accident_id,datetime,annee,mois,jour,heure,minute,departement,commune_insee,adresse,latitude,longitude,luminosite,agglomeration,intersection,meteo,collision,nb_vehicules,nb_usagers,nb_indemnes,nb_tues,nb_blesses_hosp,nb_blesses_legers,age_cond_1,age_cond_2,veh_type_cond_1,veh_type_cond_2,lum_code,agg_code,int_code,atm_code,col_code
200800000410,0008-01-24 14:15:00,8,1,24,14,15,670,333,,48.851,7.46,Plein jour,Hors agglomération,Hors intersection,Normale,Deux véhicules - côté,,,,,,,,,,,1,1,1,1,3
200800000411,0008-01-24 18:45:00,8,1,24,18,45,670,372,,48.843,7.588,Nuit sans éclairage public,Hors agglomération,Hors intersection,Normale,Autre collision,,,,,,,,,,,3,1,1,1,6
200800000412,0008-01-26 14:30:00,8,1,26,14,30,670,222,,,,Plein jour,En agglomération,Hors intersection,Normale,Deux véhicules - frontale,,,,,,,,,,,1,2,1,1,1
200800000413,0008-01-09 19:30:00,8,1,9,19,30,670,437,Rue du Kochersberg,,,Nuit avec éclairage allumé,En agglomération,Hors intersection,Pluie légère,Autre collision,,,,,,,,,,,5,2,1,2,6
200800000414,0008-01-27 15:00:00,8,1,27,15,0,670,302,,,,Nuit sans éclairage public,Hors agglomération,Hors intersection,Normale,Deux véhicules - côté,,,,,,,,,,,3,1,1,1,3
200800000415,0008-01-04 16:00:00,8,1,4,16,0,670,413,,,,Plein jour,Hors agglomération,Hors intersection,Normale,Sans collision,,,,,,,,,,,1,1,1,1,7
200800000416,0008-01-17 07:15:00,8,1,17,7,15,670,201,,48.838,7.112,Crépuscule ou aube,Hors agglomération,Hors intersection,Pluie légère,Sans collision,,,,,,,,,,,2,1,1,2,7
200800000417,0008-01-10 08:00:00,8,1,10,8,0,670,67,rue HOERDTERWERG,48.722,7.713,Plein jour,En agglomération,Hors intersection,Normale,Deux véhicules - frontale,,,,,,,,,,,1,2,1,1,1
200800000418,0008-01-13 06:00:00,8,1,13,6,0,670,439,,48.746,7.565,Nuit sans éclairage public,Hors agglomération,Hors intersection,Normale,Autre collision,,,,,,,,,,,3,1,1,1,6
200800000419,0008-01-11 11:45:00,8,1,11,11,45,670,270,,48.799,7.547,Plein jour,Hors agglomération,Hors intersection,Normale,Sans collision,,,,,,,,,,,1,1,1,1,7
200800000420,0008-01-23 19:45:00,8,1,23,19,45,670,485,,,,Nuit sans éclairage public,Hors agglomération,Hors intersection,Normale,Trois véhicules et plus - collisions multiples,,,,,,,,,,,3,1,1,1,5
200800000421,0008-01-10 15:45:00,8,1,10,15,45,670,205,,48.696,7.794,Plein jour,Hors agglomération,Hors intersection,Normale,Autre collision,,,,,,,,,,,1,1,1,1,6
200800000422,0008-01-02 12:15:00,8,1,2,12,15,670,1,route de STRASBOURG,,,Plein jour,En agglomération,Intersection en X,Normale,Deux véhicules - côté,,,,,,,,,,,1,2,2,1,3
200800000423,0008-01-15 08:45:00,8,1,15,8,45,670,445,,48.28,7.436,Plein jour,Hors agglomération,Hors intersection,Normale,Deux véhicules - frontale,,,,,,,,,,,1,1,1,1,1
200800000424,0008-01-25 19:30:00,8,1,25,19,30,670,422,,48.238,7.612,Nuit sans éclairage public,Hors agglomération,Hors intersection,Normale,Deux véhicules - frontale,,,,,,,,,,,3,1,1,1,1
200800000425,0008-01-19 07:45:00,8,1,19,7,45,670,351,,48.995,7.983,Nuit sans éclairage public,Hors agglomération,Hors intersection,Normale,Deux véhicules - frontale,,,,,,,,,,,3,1,1,1,1
200800000426,0008-01-24 08:00:00,8,1,24,8,0,670,451,Face 175 rue Principale,48.995,8.04,Crépuscule ou aube,En agglomération,Hors intersection,Normale,Deux véhicules - frontale,,,,,,,,,,,2,2,1,1,1
200800000427,0008-01-06 05:30:00,8,1,6,5,30,680,249,Rue charles de GAULLE,,,Nuit avec éclairage allumé,En agglomération,Hors intersection,Normale,Sans collision,,,,,,,,,,,5,2,1,1,7
200800000428,0008-01-11 20:00:00,8,1,11,20,0,680,175,,,,Nuit avec éclairage allumé,Hors agglomération,Hors intersection,Temps couvert,Deux véhicules - côté,,,,,,,,,,,5,1,1,8,3
200800000429,0008-01-01 05:15:00,8,1,1,5,15,680,110,,48.158,7.496,Nuit sans éclairage public,Hors agglomération,Hors intersection,Normale,Deux véhicules - frontale,,,,,,,,,,,3,1,1,1,1
200800000430,0008-01-12 23:00:00,8,1,12,23,0,680,4,rue du Roggenberg,,,Nuit avec éclairage allumé,En agglomération,Hors intersection,Pluie légère,Autre collision,,,,,,,,,,,5,2,1,2,6
200800000431,0008-01-17 11:00:00,8,1,17,11,0,680,18,15 RUE DU 27 NOVEMBRE,47.671,7.168,Plein jour,En agglomération,Hors intersection,Normale,Deux véhicules - frontale,,,,,,,,,,,1,2,1,1,1
200800000432,0008-01-15 17:45:00,8,1,15,17,45,680,315,route de BOLLWILLER,,,Nuit avec éclairage allumé,En agglomération,Hors intersection,Normale,Deux véhicules - frontale,,,,,,,,,,,5,2,1,1,1
200800000433,0008-01-26 13:45:00,8,1,26,13,45,680,318,,47.96,7.198,Plein jour,Hors agglomération,Hors intersection,Normale,Autre collision,,,,,,,,,,,1,1,1,1,6
200800000434,0008-01-03 18:45:00,8,1,3,18,45,680,154,CD201,,,Nuit avec éclairage allumé,En agglomération,Hors intersection,Normale,Deux véhicules - arrière,,,,,,,,,,,5,2,1,1,2
200800000435,0008-01-07 07:45:00,8,1,7,7,45,680,154,R-p Gal De Gaulle-CD38,,,Crépuscule ou aube,En agglomération,Giratoire,Pluie légère,Deux véhicules - arrière,,,,,,,,,,,2,2,6,2,2
200800000436,0008-01-18 13:45:00,8,1,18,13,45,680,300,RUE DE L ILE NAPOLEON,,,Plein jour,En agglomération,Hors intersection,Normale,Autre collision,,,,,,,,,,,1,2,1,1,6
200800000437,0008-01-22 17:00:00,8,1,22,17,0,680,154,RUE HOFFET,,,Plein jour,En agglomération,Hors intersection,Normale,Deux véhicules - arrière,,,,,,,,,,,1,2,1,1,2
200800000438,0008-01-28 07:00:00,8,1,28,7,0,680,300,RUE JEAN JACQUES HENNER,47.78,7.37,Crépuscule ou aube,En agglomération,Hors intersection,Normale,Autre collision,,,,,,,,,,,2,2,1,1,6
200800000439,0008-01-15 19:45:00,8,1,15,19,45,680,262,,47.888,7.01,Nuit avec éclairage allumé,En agglomération,Passage à niveau,Normale,Autre collision,,,,,,,,,,,5,2,8,1,6
200800000440,0008-01-26 00:01:00,8,1,26,0,1,510,18,,49.02,4.112,Nuit sans éclairage public,Hors agglomération,Hors intersection,Brouillard / fumée,Autre collision,,,,,,,,,,,3,1,1,5,6
200800000441,0008-01-29 07:30:00,8,1,29,7,30,510,78,,49.09,4.34,Nuit sans éclairage public,Hors agglomération,Hors intersection,Normale,Sans collision,,,,,,,,,,,3,1,1,1,7
200800000442,0008-01-08 14:30:00,8,1,8,14,30,510,346,av Doumer Hameau Port a,49.085,3.76,Plein jour,En agglomération,Hors intersection,Normale,Autre collision,,,,,,,,,,,1,2,1,1,6
200800000443,0008-01-29 12:15:00,8,1,29,12,15,510,217,,49.068,3.649,Plein jour,Hors agglomération,Hors intersection,Normale,Deux véhicules - frontale,,,,,,,,,,,1,1,1,1,1
200800000444,0008-01-27 15:45:00,8,1,27,15,45,510,90,Rue St Apolinaire,,,Plein jour,En agglomération,Hors intersection,Normale,Deux véhicules - côté,,,,,,,,,,,1,2,1,1,3
200800000445,0008-01-11 04:30:00,8,1,11,4,30,510,380,4 Avenue de la Rochefouc,48.875,3.54,Nuit avec éclairage allumé,En agglomération,Hors intersection,Pluie légère,Autre collision,,,,,,,,,,,5,2,1,2,6
200800000446,0008-01-03 15:00:00,8,1,3,15,0,510,36,,48.645,3.694,Plein jour,Hors agglomération,Hors intersection,Normale,Deux véhicules - frontale,,,,,,,,,,,1,1,1,1,1
200800000447,0008-01-19 15:45:00,8,1,19,15,45,510,492,,48.553,3.772,Plein jour,Hors agglomération,Hors intersection,Normale,Trois véhicules et plus - en chaîne,,,,,,,,,,,1,1,1,1,4
200800000448,0008-01-07 15:45:00,8,1,7,15,45,510,391,,,,Nuit sans éclairage public,Hors agglomération,Hors intersection,Pluie forte,Autre collision,,,,,,,,,,,3,1,1,3,6
200800000449,0008-01-04 18:45:00,8,1,4,18,45,510,204,,49.074,3.897,Nuit sans éclairage public,Hors agglomération,Hors intersection,Temps couvert,Deux véhicules - frontale,,,,,,,,,,,3,1,1,8,1
200800000450,0008-01-14 12:15:00,8,1,14,12,15,510,445,,49.165,3.91,Plein jour,Hors agglomération,Hors intersection,Normale,Autre collision,,,,,,,,,,,1,1,1,1,6
200800000451,0008-01-09 17:45:00,8,1,9,17,45,510,232,,,,Nuit sans éclairage public,Hors agglomération,Hors intersection,Temps couvert,Deux véhicules - frontale,,,,,,,,,,,3,1,1,8,1
200800000452,0008-01-12 20:45:00,8,1,12,20,45,510,54,RD 980 PK 59+600,,,Nuit avec éclairage allumé,En agglomération,Hors intersection,Normale,Sans collision,,,,,,,,,,,5,2,1,1,7
200800000453,0008-01-25 08:00:00,8,1,25,8,0,510,46,,,,Plein jour,Hors agglomération,Hors intersection,Autre,Sans collision,,,,,,,,,,,1,1,1,9,7
200800000454,0008-01-02 09:00:00,8,1,2,9,0,510,352,,48.731,4.625,Plein jour,Hors agglomération,Hors intersection,Normale,Sans collision,,,,,,,,,,,1,1,1,1,7
200800000455,0008-01-10 18:15:00,8,1,10,18,15,510,352,,48.723,4.633,Crépuscule ou aube,Hors agglomération,Hors intersection,Normale,Deux véhicules - côté,,,,,,,,,,,2,1,1,1,3
200800000456,0008-01-16 12:15:00,8,1,16,12,15,510,262,,48.689,4.612,Plein jour,Hors agglomération,Hors intersection,Normale,Deux véhicules - arrière,,,,,,,,,,,1,1,1,1,2
200800000457,0008-01-26 10:30:00,8,1,26,10,30,510,352,avenue Alsace Lorraine,48.72,4.62,Plein jour,En agglomération,Hors intersection,Brouillard / fumée,Autre collision,,,,,,,,,,,1,2,1,5,6
200800000458,0008-01-07 10:30:00,8,1,7,10,30,510,104,,49.237,4.766,Plein jour,Hors agglomération,Hors intersection,Normale,Sans collision,,,,,,,,,,,1,1,1,1,7
200800000459,0008-01-25 21:30:00,8,1,25,21,30,510,139,,49.088,4.852,Nuit sans éclairage public,Hors agglomération,Hors intersection,Brouillard / fumée,Deux véhicules - arrière,,,,,,,,,,,3,1,1,5,2
200800000460,0008-01-18 12:30:00,8,1,18,12,30,80,328,rue fuzelier,49.82,4.741,Plein jour,En agglomération,Hors intersection,Pluie légère,Deux véhicules - arrière,,,,,,,,,,,1,2,1,2,2
200800000461,0008-01-19 18:30:00,8,1,19,18,30,80,217,,49.853,4.808,Nuit sans éclairage public,Hors agglomération,Hors intersection,Pluie légère,Autre collision,,,,,,,,,,,3,1,1,2,6
200800000462,0008-01-12 12:15:00,8,1,12,12,15,80,230,,49.83,4.698,Plein jour,Hors agglomération,Hors intersection,Temps éblouissant,Trois véhicules et plus - collisions multiples,,,,,,,,,,,1,1,1,7,5
200800000463,0008-01-27 12:15:00,8,1,27,12,15,80,294,Place du Monument,49.691,4.989,Plein jour,En agglomération,Intersection en X,Normale,Deux véhicules - côté,,,,,,,,,,,1,2,2,1,3
200800000464,0008-01-31 16:30:00,8,1,31,16,30,80,90,,49.645,5.161,Plein jour,En agglomération,Intersection en T,Temps couvert,Deux véhicules - côté,,,,,,,,,,,1,2,3,8,3
200800000465,0008-01-03 07:45:00,8,1,3,7,45,80,142,,49.741,4.892,Nuit sans éclairage public,Hors agglomération,Hors intersection,Normale,Deux véhicules - arrière,,,,,,,,,,,3,1,1,1,2
200800000466,0008-01-09 15:30:00,8,1,9,15,30,80,164,,49.393,4.727,Plein jour,Hors agglomération,Hors intersection,Normale,Autre collision,,,,,,,,,,,1,1,1,1,6
200800000467,0008-01-17 17:00:00,8,1,17,17,0,80,490,,49.404,4.704,Crépuscule ou aube,En agglomération,Hors intersection,Normale,Autre collision,,,,,,,,,,,2,2,1,1,6
200800000468,0008-01-03 16:30:00,8,1,3,16,30,740,188,,46.214,6.642,Nuit sans éclairage public,Hors agglomération,Hors intersection,Normale,Autre collision,,,,,,,,,,,3,1,1,1,6
200800000469,0008-01-07 12:00:00,8,1,7,12,0,740,238,,46.219,6.671,Plein jour,Hors agglomération,Hors intersection,Pluie légère,Deux véhicules - frontale,,,,,,,,,,,1,1,1,2,1
200800000470,0008-01-04 00:15:00,8,1,4,0,15,630,47,Av DELATTRE DE TASIGNY,45.594,2.753,Nuit avec éclairage allumé,En agglomération,Hors intersection,Pluie légère,Sans collision,,,,,,,,,,,5,2,1,2,7
200800000471,0008-01-04 09:45:00,8,1,4,9,45,630,370,,45.656,2.702,Plein jour,Hors agglomération,Hors intersection,Temps couvert,Sans collision,,,,,,,,,,,1,1,1,8,7
200800000472,0008-01-07 16:00:00,8,1,7,16,0,630,204,,,,Plein jour,Hors agglomération,Hors intersection,Normale,Sans collision,,,,,,,,,,,1,1,1,1,7
200800000473,0008-01-20 13:30:00,8,1,20,13,30,630,284,avenue de lyon,,,Plein jour,En agglomération,Intersection en Y,Normale,Deux véhicules - côté,,,,,,,,,,,1,2,4,1,3
200800000474,0008-01-24 16:30:00,8,1,24,16,30,630,312,,,,Plein jour,Hors agglomération,Hors intersection,Normale,Autre collision,,,,,,,,,,,1,1,1,1,6
200800000475,0008-01-15 08:30:00,8,1,15,8,30,630,448,,,,Plein jour,Hors agglomération,Hors intersection,Autre,Autre collision,,,,,,,,,,,1,1,1,9,6
200800000476,0008-01-26 17:00:00,8,1,26,17,0,630,35,Rue des Caves,45.965,3.114,Plein jour,En agglomération,Hors intersection,Normale,Autre collision,,,,,,,,,,,1,2,1,1,6
200800000477,0008-01-13 05:30:00,8,1,13,5,30,630,12,,46.019,3.124,Nuit sans éclairage public,Hors agglomération,Hors intersection,Normale,Autre collision,,,,,,,,,,,3,1,1,1,6
200800000478,0008-01-21 06:15:00,8,1,21,6,15,630,295,,46.011,3.358,Nuit sans éclairage public,Hors agglomération,Hors intersection,Normale,Sans collision,,,,,,,,,,,3,1,1,1,7
200800000479,0008-01-25 17:00:00,8,1,25,17,0,630,362,,45.929,3.272,Plein jour,Hors agglomération,Hors intersection,Normale,Deux véhicules - frontale,,,,,,,,,,,1,1,1,1,1
200800000480,0008-01-27 05:30:00,8,1,27,5,30,630,295,CD 1093 Avenue de Vichy,46.024,3.355,Nuit avec éclairage allumé,En agglomération,Hors intersection,Autre,Autre collision,,,,,,,,,,,5,2,1,9,6
200800000481,0008-01-26 15:30:00,8,1,26,15,30,630,4,Rue de la Liberté,45.928,2.813,Plein jour,En agglomération,Hors intersection,Normale,Autre collision,,,,,,,,,,,1,2,1,1,6
200800000482,0008-01-13 10:30:00,8,1,13,10,30,630,171,,46.084,2.787,Plein jour,Hors agglomération,Hors intersection,Normale,Autre collision,,,,,,,,,,,1,1,1,1,6
200800000483,0008-01-05 10:45:00,8,1,5,10,45,630,195,Rue des Augustins,45.833,3.38,Plein jour,En agglomération,Hors intersection,Pluie légère,Autre collision,,,,,,,,,,,1,2,1,2,6
200800000484,0008-01-08 18:30:00,8,1,8,18,30,630,125,D 906,45.77,3.539,Nuit avec éclairage allumé,En agglomération,Hors intersection,Normale,Deux véhicules - côté,,,,,,,,,,,5,2,1,1,3
200800000485,0008-01-10 16:00:00,8,1,10,16,0,630,195,,45.836,3.402,Plein jour,Hors agglomération,Hors intersection,Normale,Deux véhicules - arrière,,,,,,,,,,,1,1,1,1,2
200800000486,0008-01-27 19:30:00,8,1,27,19,30,630,210,,45.929,3.34,Nuit sans éclairage public,Hors agglomération,Hors intersection,Normale,Deux véhicules - côté,,,,,,,,,,,3,1,1,1,3
200800000487,0008-01-05 01:30:00,8,1,5,1,30,30,25,29 rue charles louis Phi,46.447,3.362,Nuit avec éclairage allumé,En agglomération,Autre intersection,Normale,Autre collision,,,,,,,,,,,5,2,9,1,6
200800000488,0008-01-12 19:45:00,8,1,12,19,45,30,53,,46.248,3.173,Nuit sans éclairage public,Hors agglomération,Hors intersection,Normale,Autre collision,,,,,,,,,,,3,1,1,1,6
200800000489,0008-01-31 19:30:00,8,1,31,19,30,30,65,,46.44,3.318,Nuit sans éclairage public,Hors agglomération,Hors intersection,Normale,Autre collision,,,,,,,,,,,3,1,1,1,6
200800000490,0008-01-24 15:15:00,8,1,24,15,15,30,217,,,,Plein jour,Hors agglomération,Hors intersection,Normale,Deux véhicules - arrière,,,,,,,,,,,1,1,1,1,2
200800000491,0008-01-04 14:45:00,8,1,4,14,45,30,269,,46.449,2.817,Plein jour,Hors agglomération,Hors intersection,Normale,Deux véhicules - arrière,,,,,,,,,,,1,1,1,1,2
200800000492,0008-01-19 19:15:00,8,1,19,19,15,30,93,,46.188,3.485,Nuit sans éclairage public,Hors agglomération,Intersection en T,Normale,Deux véhicules - côté,,,,,,,,,,,3,1,3,1,3
200800000493,0008-01-15 08:15:00,8,1,15,8,15,30,118,,,,Plein jour,En agglomération,Hors intersection,Autre,Deux véhicules - côté,,,,,,,,,,,1,2,1,9,3
200800000494,0008-01-18 18:45:00,8,1,18,18,45,150,185,,45.328,2.591,Nuit sans éclairage public,Hors agglomération,Hors intersection,Temps couvert,Deux véhicules - arrière,,,,,,,,,,,3,1,1,8,2
200800000495,0008-01-09 08:45:00,8,1,9,8,45,150,25,,45.109,2.875,Plein jour,Hors agglomération,Hors intersection,Autre,Deux véhicules - frontale,,,,,,,,,,,1,1,1,9,1
200800000496,0008-01-06 16:45:00,8,1,6,16,45,150,142,,44.942,3.002,Plein jour,Hors agglomération,Hors intersection,Pluie légère,Deux véhicules - frontale,,,,,,,,,,,1,1,1,2,1
200800000497,0008-01-14 17:45:00,8,1,14,17,45,430,45,,45.016,3.816,Crépuscule ou aube,Hors agglomération,Hors intersection,Normale,Deux véhicules - frontale,,,,,,,,,,,2,1,1,1,1
200800000498,0008-01-30 08:00:00,8,1,30,8,0,430,165,Avenue de la Gare,45.138,3.99,Crépuscule ou aube,En agglomération,Place,Normale,Autre collision,,,,,,,,,,,2,2,7,1,6
200800000499,0008-01-04 14:15:00,8,1,4,14,15,430,152,,45.066,3.817,Plein jour,Hors agglomération,Hors intersection,Normale,Deux véhicules - frontale,,,,,,,,,,,1,1,1,1,1
200800000500,0008-01-10 03:30:00,8,1,10,3,30,430,95,,,,Nuit sans éclairage public,Hors agglomération,Hors intersection,Autre,Autre collision,,,,,,,,,,,3,1,1,9,6
200800000501,0008-01-17 08:15:00,8,1,17,8,15,430,43,,45.168,3.724,Plein jour,Hors agglomération,Hors intersection,Normale,Autre collision,,,,,,,,,,,1,1,1,1,6
200800000502,0008-01-02 15:45:00,8,1,2,15,45,430,93,,45.276,3.768,Plein jour,Hors agglomération,Hors intersection,Normale,Autre collision,,,,,,,,,,,1,1,1,1,6
200800000503,0008-01-05 18:00:00,8,1,5,18,0,430,237,LE BOURG,45.279,3.688,Crépuscule ou aube,En agglomération,Hors intersection,Pluie légère,Autre collision,,,,,,,,,,,2,2,1,2,6
200800000504,0008-01-10 12:00:00,8,1,10,12,0,430,112,Av de Lattre de Tassigny,45.106,3.495,Plein jour,En agglomération,Hors intersection,Normale,Autre collision,,,,,,,,,,,1,2,1,1,6
200800000505,0008-01-21 17:00:00,8,1,21,17,0,430,132,,45.141,3.496,Plein jour,Hors agglomération,Hors intersection,Normale,Autre collision,,,,,,,,,,,1,1,1,1,6
200800000506,0008-01-25 08:15:00,8,1,25,8,15,430,137,5 Avenue de la libératio,45.297,4.174,Crépuscule ou aube,En agglomération,Hors intersection,Normale,Deux véhicules - côté,,,,,,,,,,,2,2,1,1,3
200800000507,0008-01-18 18:30:00,8,1,18,18,30,430,58,,45.325,4.235,Nuit sans éclairage public,Hors agglomération,Hors intersection,Normale,Autre collision,,,,,,,,,,,3,1,1,1,6
200800000508,0008-01-20 11:45:00,8,1,20,11,45,430,177,,45.298,4.264,Plein jour,Hors agglomération,Hors intersection,Normale,Trois véhicules et plus - collisions multiples,,,,,,,,,,,1,1,1,1,5
200800000509,0008-01-07 14:45:00,8,1,7,14,45,570,17,rue de metz,49.17,6.043,Nuit avec éclairage allumé,En agglomération,Hors intersection,Normale,Deux véhicules - frontale,,,,,,,,,,,5,2,1,1,1
200800000510,0008-01-26 07:45:00,8,1,26,7,45,570,134,,49.138,6.075,Crépuscule ou aube,Hors agglomération,Hors intersection,Autre,Sans collision,,,,,,,,,,,2,1,1,9,7
200800000511,0008-01-06 10:30:00,8,1,6,10,30,570,443,rue St François,49.233,6.139,Plein jour,En agglomération,Hors intersection,Temps couvert,Deux véhicules - côté,,,,,,,,,,,1,2,1,8,3
200800000512,0008-01-15 13:15:00,8,1,15,13,15,570,111,,,,Plein jour,Hors agglomération,Hors intersection,Autre,Sans collision,,,,,,,,,,,1,1,1,9,7
200800000513,0008-01-18 19:15:00,8,1,18,19,15,570,443,rue de l'Abani,,,Nuit avec éclairage allumé,En agglomération,Hors intersection,Pluie légère,Autre collision,,,,,,,,,,,5,2,1,2,6
200800000514,0008-01-03 12:45:00,8,1,3,12,45,570,231,,,,Plein jour,Hors agglomération,Hors intersection,Pluie forte,Deux véhicules - frontale,,,,,,,,,,,1,1,1,3,1
200800000515,0008-01-23 18:00:00,8,1,23,18,0,570,413,,49.123,6.646,Nuit avec éclairage allumé,Hors agglomération,Hors intersection,Normale,Autre collision,,,,,,,,,,,5,1,1,1,6
200800000516,0008-01-21 17:45:00,8,1,21,17,45,570,222,,,,Crépuscule ou aube,Hors agglomération,Hors intersection,Normale,Deux véhicules - arrière,,,,,,,,,,,2,1,1,1,2
200800000517,0008-01-16 04:15:00,8,1,16,4,15,570,765,,49.175,6.718,Nuit sans éclairage public,Hors agglomération,Hors intersection,Pluie légère,Deux véhicules - frontale,,,,,,,,,,,3,1,1,2,1
200800000518,0008-01-22 08:00:00,8,1,22,8,0,570,224,01 RUE PRINCIPALE,49.074,6.687,Plein jour,En agglomération,Hors intersection,Normale,Autre collision,,,,,,,,,,,1,2,1,1,6
200800000519,0008-01-26 22:30:00,8,1,26,22,30,570,264,,,,Nuit sans éclairage public,Hors agglomération,Hors intersection,Normale,Sans collision,,,,,,,,,,,3,1,1,1,7
200800000520,0008-01-12 18:15:00,8,1,12,18,15,570,377,,48.677,6.947,Nuit sans éclairage public,Hors agglomération,Hors intersection,Normale,Deux véhicules - frontale,,,,,,,,,,,3,1,1,1,1
200800000521,0008-01-16 21:15:00,8,1,16,21,15,570,469,,,,Nuit avec éclairage non allumé,Hors agglomération,Hors intersection,Pluie légère,Autre collision,,,,,,,,,,,4,1,1,2,6
200800000522,0008-01-30 09:30:00,8,1,30,9,30,570,339,,,,Plein jour,Hors agglomération,Hors intersection,Normale,Autre collision,,,,,,,,,,,1,1,1,1,6
200800000523,0008-01-12 15:45:00,8,1,12,15,45,540,6,,,,Plein jour,Hors agglomération,Hors intersection,Normale,Sans collision,,,,,,,,,,,1,1,1,1,7
200800000524,0008-01-27 06:00:00,8,1,27,6,0,540,558,,,,Nuit sans éclairage public,Hors agglomération,Hors intersection,Normale,Autre collision,,,,,,,,,,,3,1,1,1,6
200800000525,0008-01-29 18:00:00,8,1,29,18,0,540,188,,,,Nuit sans éclairage public,Hors agglomération,Hors intersection,Normale,Trois véhicules et plus - collisions multiples,,,,,,,,,,,3,1,1,1,5
200800000526,0008-01-19 02:15:00,8,1,19,2,15,540,150,,48.808,6.159,Nuit sans éclairage public,Hors agglomération,Hors intersection,Temps couvert,Autre collision,,,,,,,,,,,3,1,1,8,6
200800000527,0008-01-27 02:45:00,8,1,27,2,45,540,430,rue du Général de Gaulle,,,Nuit avec éclairage allumé,En agglomération,Hors intersection,Normale,Deux véhicules - côté,,,,,,,,,,,5,2,1,1,3
200800000528,0008-01-30 11:45:00,8,1,30,11,45,540,366,allée des Nautoniers,,,Nuit sans éclairage public,En agglomération,Hors intersection,Pluie légère,Autre collision,,,,,,,,,,,3,2,1,2,6
200800000529,0008-01-13 04:30:00,8,1,13,4,30,540,109,,48.551,6.199,Nuit sans éclairage public,Hors agglomération,Hors intersection,Normale,Autre collision,,,,,,,,,,,3,1,1,1,6
200800000530,0008-01-12 15:15:00,8,1,12,15,15,540,249,,,,Nuit sans éclairage public,Hors agglomération,Hors intersection,Autre,Autre collision,,,,,,,,,,,3,1,1,9,6
200800000531,0008-01-08 14:30:00,8,1,8,14,30,540,138,RUE DU BEARN,,,Plein jour,En agglomération,Hors intersection,Temps couvert,Deux véhicules - frontale,,,,,,,,,,,1,2,1,8,1
200800000532,0008-01-25 05:30:00,8,1,25,5,30,540,29,,49.362,5.909,Nuit sans éclairage public,Hors agglomération,Hors intersection,Autre,Autre collision,,,,,,,,,,,3,1,1,9,6
200800000533,0008-01-07 19:00:00,8,1,7,19,0,540,331,30 Grande rue,,,Nuit avec éclairage allumé,En agglomération,Hors intersection,Pluie légère,Autre collision,,,,,,,,,,,5,2,1,2,6
200800000534,0008-01-15 21:15:00,8,1,15,21,15,540,406,,48.559,6.703,Nuit sans éclairage public,Hors agglomération,Hors intersection,Vent fort / tempête,Autre collision,,,,,,,,,,,3,1,1,6,6
200800000535,0008-01-29 07:00:00,8,1,29,7,0,540,77,17 Rue Foch,,,Crépuscule ou aube,En agglomération,Hors intersection,Normale,Deux véhicules - frontale,,,,,,,,,,,2,2,1,1,1
200800000536,0008-01-28 18:45:00,8,1,28,18,45,540,377,,,,Nuit avec éclairage allumé,Hors agglomération,Hors intersection,Normale,Trois véhicules et plus - collisions multiples,,,,,,,,,,,5,1,1,1,5
200800000537,0008-01-14 22:00:00,8,1,14,22,0,540,86,,,,Nuit sans éclairage public,Hors agglomération,Hors intersection,Temps couvert,Autre collision,,,,,,,,,,,3,1,1,8,6
200800000538,0008-01-21 13:30:00,8,1,21,13,30,550,427,RUE DU DEPOT,48.828,4.982,Plein jour,En agglomération,Hors intersection,Normale,Deux véhicules - côté,,,,,,,,,,,1,2,1,1,3
200800000539,0008-01-04 08:30:00,8,1,4,8,30,550,326,,48.663,5.243,Plein jour,Hors agglomération,Hors intersection,Temps couvert,Deux véhicules - côté,,,,,,,,,,,1,1,1,8,3
200800000540,0008-01-03 10:45:00,8,1,3,10,45,550,472,,,,Plein jour,Hors agglomération,Hors intersection,Autre,Autre collision,,,,,,,,,,,1,1,1,9,6
200800000541,0008-01-04 19:00:00,8,1,4,19,0,550,171,,49.174,5.457,Nuit sans éclairage public,Hors agglomération,Hors intersection,Temps couvert,Deux véhicules - côté,,,,,,,,,,,3,1,1,8,3
200800000542,0008-01-06 16:45:00,8,1,6,16,45,800,545,,49.791,2.579,Plein jour,Hors agglomération,Hors intersection,Autre,Sans collision,,,,,,,,,,,1,1,1,9,7
200800000543,0008-01-16 09:00:00,8,1,16,9,0,800,652,,,,Plein jour,Hors agglomération,Hors intersection,Normale,Deux véhicules - côté,,,,,,,,,,,1,1,1,1,3
200800000544,0008-01-13 13:30:00,8,1,13,13,30,60,95,,,,Plein jour,Hors agglomération,Hors intersection,Normale,Trois véhicules et plus - collisions multiples,,,,,,,,,,,1,1,1,1,5