accident_id,datetime,annee,mois,jour,heure,minute,departement,commune_insee,adresse,latitude,longitude,luminosite,agglomeration,intersection,meteo,collision,nb_vehicules,nb_usagers,nb_indemnes,nb_tues,nb_blesses_hosp,nb_blesses_legers,age_cond_1,age_cond_2,veh_type_cond_1,veh_type_cond_2,lum_code,agg_code,int_code,atm_code,col_code
200800000680,0008-01-12 13:00:00,8,1,12,13,0,760,625,,,,Plein jour,Hors agglomération,Hors intersection,Normale,Trois véhicules et plus - en chaîne,,,,,,,,,,,1,1,1,1,4
200800000681,0008-01-12 11:45:00,8,1,12,11,45,760,742,,49.523,0.686,Plein jour,Hors agglomération,Hors intersection,Normale,Deux véhicules - frontale,,,,,,,,,,,1,1,1,1,1
200800000682,0008-01-23 08:00:00,8,1,23,8,0,760,750,,,,Crépuscule ou aube,Hors agglomération,Hors intersection,Normale,Deux véhicules - frontale,,,,,,,,,,,2,1,1,1,1
200800000683,0008-01-28 07:15:00,8,1,28,7,15,760,659,,49.531,0.753,Nuit avec éclairage non allumé,Hors agglomération,Hors intersection,Normale,Deux véhicules - frontale,,,,,,,,,,,4,1,1,1,1
200800000684,0008-01-25 17:30:00,8,1,25,17,30,760,141,,49.619,0.408,Plein jour,Hors agglomération,Hors intersection,Normale,Deux véhicules - côté,,,,,,,,,,,1,1,1,1,3
200800000685,0008-01-01 09:30:00,8,1,1,9,30,760,305,,49.499,0.241,Plein jour,Hors agglomération,Hors intersection,Normale,Autre collision,,,,,,,,,,,1,1,1,1,6
200800000686,0008-01-16 13:45:00,8,1,16,13,45,760,592,,49.511,0.499,Plein jour,Hors agglomération,Hors intersection,Normale,Deux véhicules - frontale,,,,,,,,,,,1,1,1,1,1
200800000687,0008-01-20 05:15:00,8,1,20,5,15,760,279,ROUTE DE LA GARE,49.619,0.593,Nuit sans éclairage public,En agglomération,Intersection en T,Normale,Deux véhicules - frontale,,,,,,,,,,,3,2,3,1,1
200800000688,0008-01-18 09:30:00,8,1,18,9,30,760,90,,49.593,0.411,Plein jour,Hors agglomération,Hors intersection,Pluie forte,Deux véhicules - frontale,,,,,,,,,,,1,1,1,3,1
200800000689,0008-01-04 08:15:00,8,1,4,8,15,760,516,,,,Nuit sans éclairage public,Hors agglomération,Hors intersection,Normale,Autre collision,,,,,,,,,,,3,1,1,1,6
200800000690,0008-01-06 16:15:00,8,1,6,16,15,760,462,Rue Gustave Eiffel,,,Plein jour,En agglomération,Intersection en X,Normale,Deux véhicules - côté,,,,,,,,,,,1,2,2,1,3
200800000691,0008-01-12 17:15:00,8,1,12,17,15,760,244,,,,Crépuscule ou aube,Hors agglomération,Intersection à plus de 4 branches,Temps couvert,Deux véhicules - côté,,,,,,,,,,,2,1,5,8,3
200800000692,0008-01-18 16:30:00,8,1,18,16,30,760,739,Bouafles PK35+500,,,Plein jour,En agglomération,Hors intersection,Pluie légère,Autre collision,,,,,,,,,,,1,2,1,2,6
200800000693,0008-01-12 12:00:00,8,1,12,12,0,760,495,rue Aristide Briand,49.571,0.953,Plein jour,En agglomération,Hors intersection,Normale,Deux véhicules - côté,,,,,,,,,,,1,2,1,1,3
200800000694,0008-01-20 11:00:00,8,1,20,11,0,760,686,,49.782,0.541,Plein jour,Hors agglomération,Hors intersection,Normale,Deux véhicules - frontale,,,,,,,,,,,1,1,1,1,1
200800000695,0008-01-13 19:00:00,8,1,13,19,0,270,306,,48.994,1.186,Nuit sans éclairage public,Hors agglomération,Intersection en T,Temps couvert,Deux véhicules - côté,,,,,,,,,,,3,1,3,8,3
200800000696,0008-01-23 07:00:00,8,1,23,7,0,270,507,,48.913,1.294,Nuit sans éclairage public,Hors agglomération,Hors intersection,Temps couvert,Deux véhicules - frontale,,,,,,,,,,,3,1,1,8,1
200800000697,0008-01-18 22:45:00,8,1,18,22,45,270,278,RUE MARIE CURIE,48.914,1.443,Nuit avec éclairage allumé,En agglomération,Hors intersection,Normale,Autre collision,,,,,,,,,,,5,2,1,1,6
200800000698,0008-01-05 01:00:00,8,1,5,1,0,270,679,,,,Nuit sans éclairage public,Hors agglomération,Hors intersection,Pluie forte,Deux véhicules - frontale,,,,,,,,,,,3,1,1,3,1
200800000699,0008-01-11 10:15:00,8,1,11,10,15,270,112,RUE CLOLOGE,,,Plein jour,En agglomération,Intersection en T,Normale,Deux véhicules - côté,,,,,,,,,,,1,2,3,1,3
200800000700,0008-01-19 20:30:00,8,1,19,20,30,270,643,grande rue,48.761,1.057,Nuit avec éclairage allumé,En agglomération,Hors intersection,Normale,Autre collision,,,,,,,,,,,5,2,1,1,6
200800000701,0008-01-30 14:30:00,8,1,30,14,30,270,679,,,,Plein jour,Hors agglomération,Hors intersection,Temps éblouissant,Deux véhicules - arrière,,,,,,,,,,,1,1,1,7,2
200800000702,0008-01-10 07:15:00,8,1,10,7,15,270,337,,,,Nuit sans éclairage public,Hors agglomération,Hors intersection,Normale,Deux véhicules - frontale,,,,,,,,,,,3,1,1,1,1
200800000703,0008-01-03 06:45:00,8,1,3,6,45,270,122,,49.211,1.59,Nuit sans éclairage public,Hors agglomération,Hors intersection,Autre,Deux véhicules - côté,,,,,,,,,,,3,1,1,9,3
200800000704,0008-01-30 17:00:00,8,1,30,17,0,270,487,rue de la libération,,,Plein jour,En agglomération,Hors intersection,Temps éblouissant,Autre collision,,,,,,,,,,,1,2,1,7,6
200800000705,0008-01-01 18:30:00,8,1,1,18,30,270,633,RD 6014,49.238,1.613,Nuit avec éclairage allumé,En agglomération,Hors intersection,Normale,Autre collision,,,,,,,,,,,5,2,1,1,6
200800000706,0008-01-05 15:00:00,8,1,5,15,0,270,398,,49.103,0.635,Plein jour,Hors agglomération,Hors intersection,Normale,Deux véhicules - frontale,,,,,,,,,,,1,1,1,1,1
200800000707,0008-01-30 13:45:00,8,1,30,13,45,270,56,,49.075,0.607,Plein jour,Hors agglomération,Hors intersection,Normale,Sans collision,,,,,,,,,,,1,1,1,1,7
200800000708,0008-01-03 04:30:00,8,1,3,4,30,270,210,,,,Nuit sans éclairage public,Hors agglomération,Hors intersection,Autre,Sans collision,,,,,,,,,,,3,1,1,9,7
200800000709,0008-01-20 19:15:00,8,1,20,19,15,270,311,,,,Nuit sans éclairage public,Hors agglomération,Hors intersection,Normale,Sans collision,,,,,,,,,,,3,1,1,1,7
200800000710,0008-01-27 12:00:00,8,1,27,12,0,270,362,,,,Plein jour,En agglomération,Hors intersection,Normale,Deux véhicules - côté,,,,,,,,,,,1,2,1,1,3
200800000711,0008-01-04 13:45:00,8,1,4,13,45,270,599,CD6015,49.153,1.387,Plein jour,En agglomération,Hors intersection,Normale,Deux véhicules - arrière,,,,,,,,,,,1,2,1,1,2
200800000712,0008-01-06 20:45:00,8,1,6,20,45,270,25,,49.111,1.294,Nuit sans éclairage public,Hors agglomération,Hors intersection,Pluie forte,Deux véhicules - côté,,,,,,,,,,,3,1,1,3,3
200800000713,0008-01-14 20:30:00,8,1,14,20,30,270,275,,49.161,1.334,Nuit sans éclairage public,Hors agglomération,Hors intersection,Normale,Deux véhicules - frontale,,,,,,,,,,,3,1,1,1,1
200800000714,0008-01-18 17:30:00,8,1,18,17,30,270,192,,49.161,0.918,Crépuscule ou aube,Hors agglomération,Hors intersection,Pluie forte,Trois véhicules et plus - collisions multiples,,,,,,,,,,,2,1,1,3,5
200800000715,0008-01-09 19:45:00,8,1,9,19,45,270,656,le bourg,49.369,0.463,Nuit avec éclairage allumé,En agglomération,Hors intersection,Normale,Deux véhicules - frontale,,,,,,,,,,,5,2,1,1,1
200800000716,0008-01-22 12:30:00,8,1,22,12,30,270,169,,,,Plein jour,Hors agglomération,Hors intersection,Normale,Autre collision,,,,,,,,,,,1,1,1,1,6
200800000717,0008-01-05 11:00:00,8,1,5,11,0,350,120,,48.241,-1.788,Plein jour,Hors agglomération,Intersection en X,Normale,Deux véhicules - frontale,,,,,,,,,,,1,1,2,1,1
200800000718,0008-01-25 20:45:00,8,1,25,20,45,350,23,,,,Nuit sans éclairage public,Hors agglomération,Hors intersection,Normale,Autre collision,,,,,,,,,,,3,1,1,1,6
200800000719,0008-01-11 07:45:00,8,1,11,7,45,350,76,rue de la croix verte,,,Nuit sans éclairage public,En agglomération,Hors intersection,Pluie forte,Autre collision,,,,,,,,,,,3,2,1,3,6
200800000720,0008-01-28 11:45:00,8,1,28,11,45,350,137,,,,Plein jour,Hors agglomération,Hors intersection,Temps éblouissant,Trois véhicules et plus - collisions multiples,,,,,,,,,,,1,1,1,7,5
200800000721,0008-01-18 22:00:00,8,1,18,22,0,350,230,,,,Nuit sans éclairage public,Hors agglomération,Hors intersection,Autre,Autre collision,,,,,,,,,,,3,1,1,9,6
200800000722,0008-01-04 18:30:00,8,1,4,18,30,350,175,,47.905,-1.951,Nuit sans éclairage public,Hors agglomération,Hors intersection,Pluie légère,Deux véhicules - frontale,,,,,,,,,,,3,1,1,2,1
200800000723,0008-01-08 22:45:00,8,1,8,22,45,350,129,,,,Nuit sans éclairage public,Hors agglomération,Hors intersection,Pluie légère,Autre collision,,,,,,,,,,,3,1,1,2,6
200800000724,0008-01-14 18:45:00,8,1,14,18,45,350,168,,,,Nuit sans éclairage public,Hors agglomération,Hors intersection,Normale,Deux véhicules - frontale,,,,,,,,,,,3,1,1,1,1
200800000725,0008-01-15 16:30:00,8,1,15,16,30,350,123,,48.026,-1.827,Plein jour,Hors agglomération,Hors intersection,Normale,Autre collision,,,,,,,,,,,1,1,1,1,6
200800000726,0008-01-13 05:45:00,8,1,13,5,45,350,337,,,,Nuit sans éclairage public,Hors agglomération,Hors intersection,Normale,Deux véhicules - côté,,,,,,,,,,,3,1,1,1,3
200800000727,0008-01-14 21:00:00,8,1,14,21,0,350,259,,,,Nuit sans éclairage public,Hors agglomération,Hors intersection,Normale,Sans collision,,,,,,,,,,,3,1,1,1,7
200800000728,0008-01-16 19:45:00,8,1,16,19,45,350,95,RUE DES TENDIERES,48.554,-1.752,Nuit avec éclairage non allumé,En agglomération,Intersection en X,Pluie forte,Deux véhicules - frontale,,,,,,,,,,,4,2,2,3,1
200800000729,0008-01-08 11:30:00,8,1,8,11,30,350,360,RUE DU COLLEGE,,,Plein jour,En agglomération,Hors intersection,Normale,Autre collision,,,,,,,,,,,1,2,1,1,6
200800000730,0008-01-13 11:45:00,8,1,13,11,45,350,87,,48.083,-1.3,Plein jour,Hors agglomération,Hors intersection,Normale,Deux véhicules - frontale,,,,,,,,,,,1,1,1,1,1
200800000731,0008-01-27 01:00:00,8,1,27,1,0,350,68,70 RUE DE PARIS,,,Nuit avec éclairage allumé,En agglomération,Hors intersection,Normale,Deux véhicules - arrière,,,,,,,,,,,5,2,1,1,2
200800000732,0008-01-09 14:00:00,8,1,9,14,0,350,136,rue Jean Mariue Gaultier,,,Plein jour,En agglomération,Giratoire,Normale,Autre collision,,,,,,,,,,,1,2,6,1,6
200800000733,0008-01-24 19:00:00,8,1,24,19,0,220,117,,48.605,-2.871,Nuit avec éclairage allumé,Hors agglomération,Hors intersection,Normale,Deux véhicules - côté,,,,,,,,,,,5,1,1,1,3
200800000734,0008-01-18 12:45:00,8,1,18,12,45,220,93,LIEU DIT KER LANN,,,Plein jour,En agglomération,Hors intersection,Normale,Deux véhicules - côté,,,,,,,,,,,1,2,1,1,3
200800000735,0008-01-27 12:15:00,8,1,27,12,15,220,93,place du champs de foire,,,Plein jour,En agglomération,Hors intersection,Normale,Deux véhicules - arrière,,,,,,,,,,,1,2,1,1,2
200800000736,0008-01-04 19:30:00,8,1,4,19,30,220,376,,48.224,-2.809,Nuit sans éclairage public,Hors agglomération,Hors intersection,Pluie légère,Deux véhicules - frontale,,,,,,,,,,,3,1,1,2,1
200800000737,0008-01-17 14:00:00,8,1,17,14,0,220,162,av du général de gaulle,48.783,-3.044,Plein jour,En agglomération,Hors intersection,Normale,Deux véhicules - frontale,,,,,,,,,,,1,2,1,1,1
200800000738,0008-01-01 05:00:00,8,1,1,5,0,220,242,12 rue du Lac,,,Nuit avec éclairage non allumé,En agglomération,Hors intersection,Normale,Autre collision,,,,,,,,,,,4,2,1,1,6
200800000739,0008-01-12 10:15:00,8,1,12,10,15,220,176,,,,Plein jour,Hors agglomération,Hors intersection,Normale,Deux véhicules - côté,,,,,,,,,,,1,1,1,1,3
200800000740,0008-01-26 19:00:00,8,1,26,19,0,220,259,"lieu dit ""Les Brets""",,,Nuit avec éclairage allumé,En agglomération,Hors intersection,Normale,Autre collision,,,,,,,,,,,5,2,1,1,6
200800000741,0008-01-06 03:00:00,8,1,6,3,0,220,323,,,,Nuit sans éclairage public,Hors agglomération,Hors intersection,Normale,Deux véhicules - frontale,,,,,,,,,,,3,1,1,1,1
200800000742,0008-01-31 08:00:00,8,1,31,8,0,220,183,rue de rennes,48.181,-2.591,Crépuscule ou aube,En agglomération,Hors intersection,Normale,Deux véhicules - côté,,,,,,,,,,,2,2,1,1,3
200800000743,0008-01-31 07:15:00,8,1,31,7,15,220,250,,,,Nuit avec éclairage allumé,En agglomération,Hors intersection,Normale,Deux véhicules - frontale,,,,,,,,,,,5,2,1,1,1
200800000744,0008-01-01 20:15:00,8,1,1,20,15,220,199,,48.791,-3.148,Nuit sans éclairage public,Hors agglomération,Hors intersection,Normale,Deux véhicules - côté,,,,,,,,,,,3,1,1,1,3
200800000745,0008-01-01 17:15:00,8,1,1,17,15,220,152,,48.771,-3.278,Plein jour,Hors agglomération,Hors intersection,Normale,Deux véhicules - côté,,,,,,,,,,,1,1,1,1,3
200800000746,0008-01-19 00:30:00,8,1,19,0,30,220,195,,48.846,-3.139,Nuit sans éclairage public,Hors agglomération,Hors intersection,Normale,Autre collision,,,,,,,,,,,3,1,1,1,6
200800000747,0008-01-09 12:30:00,8,1,9,12,30,290,52,,,,Plein jour,Hors agglomération,Hors intersection,Normale,Sans collision,,,,,,,,,,,1,1,1,1,7
200800000748,0008-01-12 10:30:00,8,1,12,10,30,290,3,place de la liberté,48.027,-4.538,Plein jour,En agglomération,Hors intersection,Temps couvert,Autre collision,,,,,,,,,,,1,2,1,8,6
200800000749,0008-01-16 18:30:00,8,1,16,18,30,290,161,CD 45 PK 3 600,47.91,-4.044,Nuit avec éclairage allumé,En agglomération,Hors intersection,Normale,Autre collision,,,,,,,,,,,5,2,1,1,6
200800000750,0008-01-20 10:00:00,8,1,20,10,0,290,32,,47.908,-4.07,Plein jour,Hors agglomération,Hors intersection,Normale,Sans collision,,,,,,,,,,,1,1,1,1,7
200800000751,0008-01-25 15:00:00,8,1,25,15,0,290,161,C2 route de clohars,47.91,-4.045,Plein jour,En agglomération,Hors intersection,Normale,Autre collision,,,,,,,,,,,1,2,1,1,6
200800000752,0008-01-26 06:15:00,8,1,26,6,15,290,116,,48.499,-4.205,Nuit sans éclairage public,Hors agglomération,Hors intersection,Normale,Deux véhicules - frontale,,,,,,,,,,,3,1,1,1,1
200800000753,0008-01-25 18:15:00,8,1,25,18,15,290,203,,48.648,-4.347,Crépuscule ou aube,Hors agglomération,Hors intersection,Temps éblouissant,Deux véhicules - arrière,,,,,,,,,,,2,1,1,7,2
200800000754,0008-01-14 19:00:00,8,1,14,19,0,290,117,,48.582,-4.549,Nuit sans éclairage public,Hors agglomération,Hors intersection,Temps couvert,Deux véhicules - frontale,,,,,,,,,,,3,1,1,8,1
200800000755,0008-01-25 07:30:00,8,1,25,7,30,290,160,,48.491,-4.411,Nuit sans éclairage public,Hors agglomération,Hors intersection,Normale,Deux véhicules - côté,,,,,,,,,,,3,1,1,1,3
200800000756,0008-01-14 11:30:00,8,1,14,11,30,290,177,,48.44,-4.669,Plein jour,Hors agglomération,Hors intersection,Normale,Deux véhicules - côté,,,,,,,,,,,1,1,1,1,3
200800000757,0008-01-11 07:45:00,8,1,11,7,45,290,44,,48.197,-4.13,Crépuscule ou aube,Hors agglomération,Hors intersection,Pluie forte,Sans collision,,,,,,,,,,,2,1,1,3,7
200800000758,0008-01-01 10:15:00,8,1,1,10,15,290,81,,,,Plein jour,Hors agglomération,Hors intersection,Normale,Sans collision,,,,,,,,,,,1,1,1,1,7
200800000759,0008-01-28 21:00:00,8,1,28,21,0,290,7,,,,Nuit sans éclairage public,Hors agglomération,Hors intersection,Normale,Sans collision,,,,,,,,,,,3,1,1,1,7
200800000760,0008-01-25 16:45:00,8,1,25,16,45,290,20,,,,Plein jour,Hors agglomération,Hors intersection,Normale,Deux véhicules - côté,,,,,,,,,,,1,1,1,1,3
200800000761,0008-01-31 19:00:00,8,1,31,19,0,290,27,,48.318,-3.957,Nuit sans éclairage public,Hors agglomération,Hors intersection,Pluie légère,Trois véhicules et plus - collisions multiples,,,,,,,,,,,3,1,1,2,5
200800000762,0008-01-27 16:00:00,8,1,27,16,0,290,42,,48.252,-4.393,Plein jour,Hors agglomération,Hors intersection,Normale,Deux véhicules - frontale,,,,,,,,,,,1,1,1,1,1
200800000763,0008-01-15 08:15:00,8,1,15,8,15,290,206,,48.651,-4.197,Nuit sans éclairage public,Hors agglomération,Hors intersection,Pluie forte,Autre collision,,,,,,,,,,,3,1,1,3,6
200800000764,0008-01-17 18:15:00,8,1,17,18,15,290,259,,,,Nuit sans éclairage public,Hors agglomération,Hors intersection,Temps couvert,Deux véhicules - arrière,,,,,,,,,,,3,1,1,8,2
200800000765,0008-01-21 07:45:00,8,1,21,7,45,290,259,,,,Nuit avec éclairage non allumé,Hors agglomération,Hors intersection,Normale,Deux véhicules - côté,,,,,,,,,,,4,1,1,1,3
200800000766,0008-01-15 08:15:00,8,1,15,8,15,560,206,,,,Crépuscule ou aube,Hors agglomération,Hors intersection,Vent fort / tempête,Deux véhicules - frontale,,,,,,,,,,,2,1,1,6,1
200800000767,0008-01-18 20:00:00,8,1,18,20,0,560,67,,,,Nuit sans éclairage public,Hors agglomération,Hors intersection,Pluie légère,Deux véhicules - frontale,,,,,,,,,,,3,1,1,2,1
200800000768,0008-01-01 18:00:00,8,1,1,18,0,560,232,RUE D'ALLAIRE,,,Nuit sans éclairage public,En agglomération,Hors intersection,Brouillard / fumée,Autre collision,,,,,,,,,,,3,2,1,5,6
200800000769,0008-01-04 21:00:00,8,1,4,21,0,560,153,,47.603,-2.382,Nuit sans éclairage public,Hors agglomération,Hors intersection,Normale,Sans collision,,,,,,,,,,,3,1,1,1,7
200800000770,0008-01-18 18:15:00,8,1,18,18,15,560,149,,,,Nuit sans éclairage public,Hors agglomération,Hors intersection,Normale,Deux véhicules - frontale,,,,,,,,,,,3,1,1,1,1
200800000771,0008-01-30 20:00:00,8,1,30,20,0,560,153,,47.582,-2.362,Nuit sans éclairage public,Hors agglomération,Hors intersection,Normale,Autre collision,,,,,,,,,,,3,1,1,1,6
200800000772,0008-01-08 12:15:00,8,1,8,12,15,560,23,,47.751,-3.035,Plein jour,Hors agglomération,Passage à niveau,Normale,Deux véhicules - côté,,,,,,,,,,,1,1,8,1,3
200800000773,0008-01-10 23:45:00,8,1,10,23,45,560,167,,47.67,-2.909,Nuit sans éclairage public,Hors agglomération,Hors intersection,Pluie forte,Autre collision,,,,,,,,,,,3,1,1,3,6
200800000774,0008-01-17 14:45:00,8,1,17,14,45,560,23,,47.696,-3.005,Plein jour,Hors agglomération,Hors intersection,Temps couvert,Trois véhicules et plus - collisions multiples,,,,,,,,,,,1,1,1,8,5
200800000775,0008-01-02 11:00:00,8,1,2,11,0,560,168,,47.601,-3.109,Plein jour,Hors agglomération,Hors intersection,Normale,Deux véhicules - arrière,,,,,,,,,,,1,1,1,1,2
200800000776,0008-01-06 16:15:00,8,1,6,16,15,560,166,,,,Plein jour,Hors agglomération,Hors intersection,Pluie forte,Trois véhicules et plus - collisions multiples,,,,,,,,,,,1,1,1,3,5
200800000777,0008-01-15 11:00:00,8,1,15,11,0,560,220,ROUTE DE MERLEVENEZ,47.723,-3.229,Plein jour,En agglomération,Autre intersection,Vent fort / tempête,Autre collision,,,,,,,,,,,1,2,9,6,6
200800000778,0008-01-16 15:00:00,8,1,16,15,0,560,119,route de locoal,47.713,-3.109,Plein jour,En agglomération,Hors intersection,Pluie forte,Autre collision,,,,,,,,,,,1,2,1,3,6
200800000779,0008-01-26 12:15:00,8,1,26,12,15,560,124,rue du murtet,47.815,-2.388,Plein jour,En agglomération,Hors intersection,Normale,Autre collision,,,,,,,,,,,1,2,1,1,6
200800000780,0008-01-12 03:30:00,8,1,12,3,30,560,10,,47.885,-3.11,Nuit sans éclairage public,Hors agglomération,Hors intersection,Pluie légère,Autre collision,,,,,,,,,,,3,1,1,2,6
200800000781,0008-01-29 13:30:00,8,1,29,13,30,560,173,,47.91,-2.912,Plein jour,Hors agglomération,Intersection en X,Normale,Deux véhicules - côté,,,,,,,,,,,1,1,2,1,3
200800000782,0008-01-19 17:00:00,8,1,19,17,0,140,123,cd 22,49.239,-0.448,Plein jour,En agglomération,Hors intersection,Normale,Deux véhicules - frontale,,,,,,,,,,,1,2,1,1,1
200800000783,0008-01-22 17:45:00,8,1,22,17,45,140,34,,49.105,-0.458,Plein jour,En agglomération,Hors intersection,Normale,Deux véhicules - frontale,,,,,,,,,,,1,2,1,1,1
200800000784,0008-01-14 20:15:00,8,1,14,20,15,140,556,,,,Nuit sans éclairage public,Hors agglomération,Hors intersection,Normale,Sans collision,,,,,,,,,,,3,1,1,1,7
200800000785,0008-01-18 17:00:00,8,1,18,17,0,140,516,rue louis bouillard,48.976,-0.24,Crépuscule ou aube,En agglomération,Hors intersection,Temps couvert,Deux véhicules - côté,,,,,,,,,,,2,2,1,8,3
200800000786,0008-01-04 13:00:00,8,1,4,13,0,140,488,Guillaumes le conquérant,,,Plein jour,En agglomération,Hors intersection,Normale,Deux véhicules - frontale,,,,,,,,,,,1,2,1,1,1
200800000787,0008-01-16 18:00:00,8,1,16,18,0,140,143,Route de mitrecamp,49.097,-0.801,Nuit avec éclairage allumé,En agglomération,Hors intersection,Normale,Autre collision,,,,,,,,,,,5,2,1,1,6
200800000788,0008-01-25 08:00:00,8,1,25,8,0,140,47,,49.268,-0.71,Nuit sans éclairage public,Hors agglomération,Hors intersection,Pluie légère,Deux véhicules - côté,,,,,,,,,,,3,1,1,2,3
200800000789,0008-01-14 11:30:00,8,1,14,11,30,140,207,,48.996,-0.463,Plein jour,Hors agglomération,Hors intersection,Normale,Deux véhicules - frontale,,,,,,,,,,,1,1,1,1,1
200800000790,0008-01-03 20:00:00,8,1,3,20,0,140,697,,48.999,-0.02,Nuit sans éclairage public,Hors agglomération,Hors intersection,Pluie légère,Deux véhicules - côté,,,,,,,,,,,3,1,1,2,3
200800000791,0008-01-31 09:45:00,8,1,31,9,45,140,422,,,,Plein jour,Hors agglomération,Hors intersection,Normale,Deux véhicules - arrière,,,,,,,,,,,1,1,1,1,2
200800000792,0008-01-30 18:45:00,8,1,30,18,45,140,81,,49.024,0.032,Nuit sans éclairage public,Hors agglomération,Hors intersection,Normale,Sans collision,,,,,,,,,,,3,1,1,1,7
200800000793,0008-01-23 18:30:00,8,1,23,18,30,140,371,Rue Marcel Gambier,49.009,0.148,Nuit sans éclairage public,En agglomération,Hors intersection,Normale,Deux véhicules - côté,,,,,,,,,,,3,2,1,1,3
200800000794,0008-01-03 18:30:00,8,1,3,18,30,140,500,,49.26,0.208,Nuit sans éclairage public,Hors agglomération,Hors intersection,Normale,Deux véhicules - frontale,,,,,,,,,,,3,1,1,1,1
200800000795,0008-01-14 18:15:00,8,1,14,18,15,140,762,rue du 11 novembre,48.843,-0.874,Nuit avec éclairage allumé,En agglomération,Hors intersection,Pluie légère,Autre collision,,,,,,,,,,,5,2,1,2,6
200800000796,0008-01-10 16:00:00,8,1,10,16,0,500,110,,49.202,-0.94,Plein jour,Hors agglomération,Hors intersection,Normale,Autre collision,,,,,,,,,,,1,1,1,1,6
200800000797,0008-01-27 06:15:00,8,1,27,6,15,500,302,,49.103,-1.203,Nuit sans éclairage public,Hors agglomération,Hors intersection,Normale,Sans collision,,,,,,,,,,,3,1,1,1,7
200800000798,0008-01-14 21:45:00,8,1,14,21,45,500,556,,,,Nuit sans éclairage public,Hors agglomération,Hors intersection,Normale,Deux véhicules - côté,,,,,,,,,,,3,1,1,1,3
200800000799,0008-01-27 17:15:00,8,1,27,17,15,500,139,,,,Plein jour,Hors agglomération,Hors intersection,Temps éblouissant,Sans collision,,,,,,,,,,,1,1,1,7,7
200800000800,0008-01-16 18:15:00,8,1,16,18,15,500,25,rue jean mermoz,48.684,-1.351,Nuit avec éclairage allumé,En agglomération,Hors intersection,Neige / grêle,Autre collision,,,,,,,,,,,5,2,1,4,6
200800000801,0008-01-17 17:45:00,8,1,17,17,45,500,516,RUE DE LA DIVISION LECLE,48.687,-1.352,Nuit avec éclairage allumé,En agglomération,Hors intersection,Pluie légère,Deux véhicules - côté,,,,,,,,,,,5,2,1,2,3
200800000802,0008-01-08 17:00:00,8,1,8,17,0,500,355,,,,Plein jour,Hors agglomération,Intersection en X,Pluie légère,Deux véhicules - côté,,,,,,,,,,,1,1,2,2,3
200800000803,0008-01-01 04:30:00,8,1,1,4,30,500,589,,,,Nuit sans éclairage public,Hors agglomération,Hors intersection,Normale,Autre collision,,,,,,,,,,,3,1,1,1,6
200800000804,0008-01-12 08:30:00,8,1,12,8,30,500,74,Rue du Val de Sée,48.72,-1.16,Crépuscule ou aube,En agglomération,Autre intersection,Normale,Autre collision,,,,,,,,,,,2,2,9,1,6
200800000805,0008-01-10 12:30:00,8,1,10,12,30,500,519,,,,Plein jour,Hors agglomération,Hors intersection,Normale,Sans collision,,,,,,,,,,,1,1,1,1,7
200800000806,0008-01-16 19:30:00,8,1,16,19,30,500,599,,,,Nuit sans éclairage public,Hors agglomération,Intersection en X,Normale,Deux véhicules - frontale,,,,,,,,,,,3,1,2,1,1
200800000807,0008-01-26 16:45:00,8,1,26,16,45,500,49,,,,Plein jour,Hors agglomération,Hors intersection,Normale,Autre collision,,,,,,,,,,,1,1,1,1,6
200800000808,0008-01-12 11:30:00,8,1,12,11,30,500,30,,49.675,-1.258,Plein jour,Hors agglomération,Hors intersection,Normale,Autre collision,,,,,,,,,,,1,1,1,1,6
200800000809,0008-01-28 12:30:00,8,1,28,12,30,500,595,,49.602,-1.484,Plein jour,Hors agglomération,Hors intersection,Normale,Deux véhicules - frontale,,,,,,,,,,,1,1,1,1,1
200800000810,0008-01-31 08:00:00,8,1,31,8,0,500,622,,,,Nuit sans éclairage public,Hors agglomération,Hors intersection,Normale,Deux véhicules - arrière,,,,,,,,,,,3,1,1,1,2
200800000811,0008-01-19 07:00:00,8,1,19,7,0,500,328,,49.205,-1.461,Nuit sans éclairage public,Hors agglomération,Hors intersection,Normale,Autre collision,,,,,,,,,,,3,1,1,1,6
200800000812,0008-01-28 12:30:00,8,1,28,12,30,500,394,CD 900,,,Plein jour,En agglomération,Hors intersection,Normale,Deux véhicules - arrière,,,,,,,,,,,1,2,1,1,2
200800000813,0008-01-02 13:15:00,8,1,2,13,15,500,200,,,,Plein jour,Hors agglomération,Intersection en X,Temps couvert,Trois véhicules et plus - en chaîne,,,,,,,,,,,1,1,2,8,4