accident_id,datetime,annee,mois,jour,heure,minute,departement,commune_insee,adresse,latitude,longitude,luminosite,agglomeration,intersection,meteo,collision,nb_vehicules,nb_usagers,nb_indemnes,nb_tues,nb_blesses_hosp,nb_blesses_legers,age_cond_1,age_cond_2,veh_type_cond_1,veh_type_cond_2,lum_code,agg_code,int_code,atm_code,col_code
200800001085,0008-01-27 16:00:00,8,1,27,16,0,830,32,,,,Plein jour,Hors agglomération,Hors intersection,Normale,Sans collision,,,,,,,,,,,1,1,1,1,7
200800001086,0008-01-05 07:00:00,8,1,5,7,0,830,96,,43.474,5.752,Nuit sans éclairage public,Hors agglomération,Hors intersection,Pluie légère,Deux véhicules - côté,,,,,,,,,,,3,1,1,2,3
200800001087,0008-01-26 16:15:00,8,1,26,16,15,830,140,,,,Plein jour,Hors agglomération,Intersection en T,Normale,Deux véhicules - côté,,,,,,,,,,,1,1,3,1,3
200800001088,0008-01-25 12:00:00,8,1,25,12,0,830,48,,,,Plein jour,Hors agglomération,Intersection en T,Normale,Deux véhicules - côté,,,,,,,,,,,1,1,3,1,3
200800001089,0008-01-08 09:15:00,8,1,8,9,15,830,68,,,,Plein jour,Hors agglomération,Hors intersection,Normale,Autre collision,,,,,,,,,,,1,1,1,1,6
200800001090,0008-01-13 15:15:00,8,1,13,15,15,830,79,,,,Plein jour,Hors agglomération,Hors intersection,Normale,Deux véhicules - côté,,,,,,,,,,,1,1,1,1,3
200800001091,0008-01-26 19:15:00,8,1,26,19,15,830,68,,,,Nuit avec éclairage allumé,Hors agglomération,Hors intersection,Normale,Sans collision,,,,,,,,,,,5,1,1,1,7
200800001092,0008-01-06 15:30:00,8,1,6,15,30,830,115,,,,Plein jour,Hors agglomération,Hors intersection,Normale,Deux véhicules - côté,,,,,,,,,,,1,1,1,1,3
200800001093,0008-01-01 02:00:00,8,1,1,2,0,830,65,,43.245,6.574,Nuit sans éclairage public,Hors agglomération,Hors intersection,Normale,Sans collision,,,,,,,,,,,3,1,1,1,7
200800001094,0008-01-09 20:00:00,8,1,9,20,0,830,16,,,,Nuit sans éclairage public,Hors agglomération,Hors intersection,Brouillard / fumée,Autre collision,,,,,,,,,,,3,1,1,5,6
200800001095,0008-01-05 15:15:00,8,1,5,15,15,830,33,,,,Plein jour,Hors agglomération,Hors intersection,Temps couvert,Autre collision,,,,,,,,,,,1,1,1,8,6
200800001096,0008-01-24 19:30:00,8,1,24,19,30,830,49,,,,Nuit sans éclairage public,Hors agglomération,Hors intersection,Normale,Trois véhicules et plus - collisions multiples,,,,,,,,,,,3,1,1,1,5
200800001097,0008-01-26 12:45:00,8,1,26,12,45,840,132,,,,Plein jour,Hors agglomération,Hors intersection,Normale,Autre collision,,,,,,,,,,,1,1,1,1,6
200800001098,0008-01-21 20:45:00,8,1,21,20,45,840,99,,,,Nuit sans éclairage public,Hors agglomération,Hors intersection,Normale,Deux véhicules - frontale,,,,,,,,,,,3,1,1,1,1
200800001099,0008-01-30 14:45:00,8,1,30,14,45,840,71,,,,Plein jour,En agglomération,Hors intersection,Normale,Autre collision,,,,,,,,,,,1,2,1,1,6
200800001100,0008-01-25 01:45:00,8,1,25,1,45,840,141,,,,Nuit sans éclairage public,Hors agglomération,Hors intersection,Normale,Autre collision,,,,,,,,,,,3,1,1,1,6
200800001101,0008-01-12 06:30:00,8,1,12,6,30,840,129,,44.008,4.87,Nuit avec éclairage non allumé,Hors agglomération,Hors intersection,Normale,Autre collision,,,,,,,,,,,4,1,1,1,6
200800001102,0008-01-05 10:00:00,8,1,5,10,0,840,112,,43.856,5.481,Plein jour,Hors agglomération,Hors intersection,Pluie légère,Trois véhicules et plus - en chaîne,,,,,,,,,,,1,1,1,2,4
200800001103,0008-01-10 17:15:00,8,1,10,17,15,840,112,,43.857,5.479,Nuit sans éclairage public,Hors agglomération,Hors intersection,Pluie légère,Deux véhicules - frontale,,,,,,,,,,,3,1,1,2,1
200800001104,0008-01-11 18:00:00,8,1,11,18,0,840,65,avenue Joseph GARNIER,,,Nuit avec éclairage allumé,En agglomération,Hors intersection,Pluie légère,Deux véhicules - frontale,,,,,,,,,,,5,2,1,2,1
200800001105,0008-01-20 18:45:00,8,1,20,18,45,840,102,,43.918,5.25,Nuit sans éclairage public,Hors agglomération,Hors intersection,Normale,Autre collision,,,,,,,,,,,3,1,1,1,6
200800001106,0008-01-06 16:15:00,8,1,6,16,15,840,84,,,,Plein jour,Hors agglomération,Hors intersection,Normale,Autre collision,,,,,,,,,,,1,1,1,1,6
200800001107,0008-01-16 18:45:00,8,1,16,18,45,840,76,CD973 / rue des aires,43.71,5.653,Nuit avec éclairage allumé,En agglomération,Intersection en T,Normale,Deux véhicules - frontale,,,,,,,,,,,5,2,3,1,1
200800001108,0008-01-02 18:45:00,8,1,2,18,45,840,122,,,,Nuit sans éclairage public,Hors agglomération,Hors intersection,Normale,Deux véhicules - frontale,,,,,,,,,,,3,1,1,1,1
200800001109,0008-01-20 13:30:00,8,1,20,13,30,840,12,,,,Plein jour,Hors agglomération,Hors intersection,Normale,Deux véhicules - côté,,,,,,,,,,,1,1,1,1,3
200800001110,0008-01-28 16:15:00,8,1,28,16,15,840,43,,,,Plein jour,Hors agglomération,Place,Normale,Autre collision,,,,,,,,,,,1,1,7,1,6
200800001111,0008-01-22 14:00:00,8,1,22,14,0,840,88,,44.014,5.026,Plein jour,Hors agglomération,Hors intersection,Normale,Deux véhicules - côté,,,,,,,,,,,1,1,1,1,3
200800001112,0008-01-28 16:00:00,8,1,28,16,0,840,142,,43.952,5.041,Plein jour,Hors agglomération,Hors intersection,Normale,Autre collision,,,,,,,,,,,1,1,1,1,6
200800001113,0008-01-05 12:45:00,8,1,5,12,45,840,39,,,,Plein jour,Hors agglomération,Hors intersection,Temps couvert,Deux véhicules - frontale,,,,,,,,,,,1,1,1,8,1
200800001114,0008-01-28 21:00:00,8,1,28,21,0,840,78,,44.266,4.705,Nuit sans éclairage public,Hors agglomération,Hors intersection,Normale,Autre collision,,,,,,,,,,,3,1,1,1,6
200800001115,0008-01-28 12:15:00,8,1,28,12,15,840,137,,,,Plein jour,Hors agglomération,Hors intersection,Normale,Autre collision,,,,,,,,,,,1,1,1,1,6
200800001116,0008-01-30 08:30:00,8,1,30,8,30,840,127,,,,Plein jour,Hors agglomération,Hors intersection,Normale,Sans collision,,,,,,,,,,,1,1,1,1,7
200800001117,0008-01-11 12:15:00,8,1,11,12,15,340,57,"chemin du sablassou,",43.641,3.918,Plein jour,En agglomération,Hors intersection,Autre,Deux véhicules - frontale,,,,,,,,,,,1,2,1,9,1
200800001118,0008-01-17 15:30:00,8,1,17,15,30,340,57,avenue du mas de rochet,43.635,3.899,Plein jour,En agglomération,Hors intersection,Normale,Deux véhicules - frontale,,,,,,,,,,,1,2,1,1,1
200800001119,0008-01-16 15:15:00,8,1,16,15,15,340,27,,43.736,4.01,Plein jour,Hors agglomération,Intersection en X,Normale,Deux véhicules - côté,,,,,,,,,,,1,1,2,1,3
200800001120,0008-01-13 14:00:00,8,1,13,14,0,340,307,27 route de Montpellier,43.717,4.005,Plein jour,En agglomération,Hors intersection,Normale,Sans collision,,,,,,,,,,,1,2,1,1,7
200800001121,0008-01-21 08:30:00,8,1,21,8,30,340,22,,,,Plein jour,En agglomération,Autre intersection,Normale,Deux véhicules - côté,,,,,,,,,,,1,2,9,1,3
200800001122,0008-01-05 16:45:00,8,1,5,16,45,340,151,,,,Plein jour,Hors agglomération,Hors intersection,Normale,Trois véhicules et plus - collisions multiples,,,,,,,,,,,1,1,1,1,5
200800001123,0008-01-17 07:15:00,8,1,17,7,15,340,33,,,,Nuit sans éclairage public,Hors agglomération,Hors intersection,Normale,Deux véhicules - frontale,,,,,,,,,,,3,1,1,1,1
200800001124,0008-01-04 05:00:00,8,1,4,5,0,340,276,,43.742,3.959,Crépuscule ou aube,Hors agglomération,Hors intersection,Pluie légère,Autre collision,,,,,,,,,,,2,1,1,2,6
200800001125,0008-01-28 22:45:00,8,1,28,22,45,340,276,,43.782,3.897,Nuit sans éclairage public,Hors agglomération,Hors intersection,Normale,Sans collision,,,,,,,,,,,3,1,1,1,7
200800001126,0008-01-03 22:30:00,8,1,3,22,30,340,38,Avenue Lyon Caen,43.701,3.166,Nuit avec éclairage allumé,En agglomération,Hors intersection,Pluie forte,Autre collision,,,,,,,,,,,5,2,1,3,6
200800001127,0008-01-10 10:45:00,8,1,10,10,45,340,144,,,,Plein jour,Hors agglomération,Hors intersection,Pluie forte,Deux véhicules - frontale,,,,,,,,,,,1,1,1,3,1
200800001128,0008-01-06 06:00:00,8,1,6,6,0,340,183,,43.282,3.092,Nuit sans éclairage public,Hors agglomération,Hors intersection,Normale,Autre collision,,,,,,,,,,,3,1,1,1,6
200800001129,0008-01-16 14:30:00,8,1,16,14,30,340,183,,43.287,3.104,Plein jour,Hors agglomération,Hors intersection,Normale,Deux véhicules - frontale,,,,,,,,,,,1,1,1,1,1
200800001130,0008-01-27 19:15:00,8,1,27,19,15,340,81,,43.314,3.171,Nuit sans éclairage public,Hors agglomération,Hors intersection,Normale,Sans collision,,,,,,,,,,,3,1,1,1,7
200800001131,0008-01-12 08:00:00,8,1,12,8,0,340,223,,43.433,3.224,Crépuscule ou aube,Hors agglomération,Hors intersection,Normale,Trois véhicules et plus - collisions multiples,,,,,,,,,,,2,1,1,1,5
200800001132,0008-01-20 02:30:00,8,1,20,2,30,340,98,,,,Nuit sans éclairage public,Hors agglomération,Hors intersection,Normale,Autre collision,,,,,,,,,,,3,1,1,1,6
200800001133,0008-01-18 15:00:00,8,1,18,15,0,340,199,,,,Plein jour,Hors agglomération,Hors intersection,Normale,Deux véhicules - arrière,,,,,,,,,,,1,1,1,1,2
200800001134,0008-01-27 12:00:00,8,1,27,12,0,340,284,,43.485,2.788,Plein jour,Hors agglomération,Hors intersection,Normale,Autre collision,,,,,,,,,,,1,1,1,1,6
200800001135,0008-01-07 17:00:00,8,1,7,17,0,340,299,,43.255,3.274,Plein jour,Hors agglomération,Hors intersection,Normale,Sans collision,,,,,,,,,,,1,1,1,1,7
200800001136,0008-01-26 16:30:00,8,1,26,16,30,340,209,Avenue jean moulin,43.31,3.335,Plein jour,En agglomération,Intersection en X,Normale,Deux véhicules - côté,,,,,,,,,,,1,2,2,1,3
200800001137,0008-01-30 11:15:00,8,1,30,11,15,340,281,,43.532,3.551,Plein jour,Hors agglomération,Hors intersection,Normale,Autre collision,,,,,,,,,,,1,1,1,1,6
200800001138,0008-01-17 20:30:00,8,1,17,20,30,340,239,,,,Crépuscule ou aube,Hors agglomération,Hors intersection,Pluie légère,Autre collision,,,,,,,,,,,2,1,1,2,6
200800001139,0008-01-01 10:00:00,8,1,1,10,0,340,150,rue du canal,,,Plein jour,En agglomération,Hors intersection,Normale,Deux véhicules - frontale,,,,,,,,,,,1,2,1,1,1
200800001140,0008-01-10 19:15:00,8,1,10,19,15,340,207,,,,Nuit sans éclairage public,Hors agglomération,Hors intersection,Pluie légère,Autre collision,,,,,,,,,,,3,1,1,2,6
200800001141,0008-01-13 00:15:00,8,1,13,0,15,340,31,,,,Nuit sans éclairage public,Hors agglomération,Hors intersection,Normale,Deux véhicules - côté,,,,,,,,,,,3,1,1,1,3
200800001142,0008-01-16 09:00:00,8,1,16,9,0,340,207,,,,Plein jour,Hors agglomération,Hors intersection,Normale,Autre collision,,,,,,,,,,,1,1,1,1,6
200800001143,0008-01-16 09:45:00,8,1,16,9,45,340,88,,,,Plein jour,Hors agglomération,Hors intersection,Normale,Deux véhicules - côté,,,,,,,,,,,1,1,1,1,3
200800001144,0008-01-08 09:00:00,8,1,8,9,0,340,157,avenue de Pezenas,43.433,3.605,Plein jour,En agglomération,Hors intersection,Normale,Autre collision,,,,,,,,,,,1,2,1,1,6
200800001145,0008-01-15 17:15:00,8,1,15,17,15,340,213,,,,Plein jour,Hors agglomération,Hors intersection,Normale,Deux véhicules - frontale,,,,,,,,,,,1,1,1,1,1
200800001146,0008-01-18 08:45:00,8,1,18,8,45,340,157,ROUTE DE VILLEVEYRAC,43.45,3.6,Plein jour,En agglomération,Hors intersection,Normale,Deux véhicules - côté,,,,,,,,,,,1,2,1,1,3
200800001147,0008-01-08 17:45:00,8,1,8,17,45,110,367,,43.391,2.137,Crépuscule ou aube,Hors agglomération,Hors intersection,Normale,Autre collision,,,,,,,,,,,2,1,1,1,6
200800001148,0008-01-13 14:30:00,8,1,13,14,30,110,84,,,,Plein jour,Hors agglomération,Hors intersection,Vent fort / tempête,Trois véhicules et plus - collisions multiples,,,,,,,,,,,1,1,1,6,5
200800001149,0008-01-14 10:45:00,8,1,14,10,45,110,378,,43.111,2.528,Plein jour,Hors agglomération,Hors intersection,Normale,Deux véhicules - frontale,,,,,,,,,,,1,1,1,1,1
200800001150,0008-01-13 22:00:00,8,1,13,22,0,110,49,,,,Nuit sans éclairage public,Hors agglomération,Hors intersection,Normale,Autre collision,,,,,,,,,,,3,1,1,1,6
200800001151,0008-01-20 07:45:00,8,1,20,7,45,110,206,CD118 rte de carcassonne,43.067,2.217,Crépuscule ou aube,En agglomération,Hors intersection,Normale,Deux véhicules - côté,,,,,,,,,,,2,2,1,1,3
200800001152,0008-01-22 15:30:00,8,1,22,15,30,110,264,,43.212,2.881,Plein jour,Hors agglomération,Hors intersection,Normale,Deux véhicules - arrière,,,,,,,,,,,1,1,1,1,2
200800001153,0008-01-12 14:45:00,8,1,12,14,45,110,14,,43.197,3.079,Plein jour,Hors agglomération,Hors intersection,Normale,Deux véhicules - frontale,,,,,,,,,,,1,1,1,1,1
200800001154,0008-01-15 12:30:00,8,1,15,12,30,110,441,,,,Plein jour,Hors agglomération,Hors intersection,Normale,Sans collision,,,,,,,,,,,1,1,1,1,7
200800001155,0008-01-14 18:45:00,8,1,14,18,45,110,164,,,,Nuit sans éclairage public,Hors agglomération,Hors intersection,Normale,Deux véhicules - côté,,,,,,,,,,,3,1,1,1,3
200800001156,0008-01-21 13:30:00,8,1,21,13,30,300,133,rue du pic st loup,43.549,4.13,Plein jour,En agglomération,Hors intersection,Normale,Deux véhicules - frontale,,,,,,,,,,,1,2,1,1,1
200800001157,0008-01-24 16:15:00,8,1,24,16,15,300,3,,43.564,4.152,Plein jour,Hors agglomération,Hors intersection,Normale,Autre collision,,,,,,,,,,,1,1,1,1,6
200800001158,0008-01-29 13:15:00,8,1,29,13,15,300,156,allée Jacques Cartier,,,Plein jour,En agglomération,Hors intersection,Normale,Autre collision,,,,,,,,,,,1,2,1,1,6
200800001159,0008-01-13 19:45:00,8,1,13,19,45,300,83,,43.734,4.216,Nuit sans éclairage public,Hors agglomération,Hors intersection,Normale,Autre collision,,,,,,,,,,,3,1,1,1,6
200800001160,0008-01-25 20:30:00,8,1,25,20,30,300,27,,44.074,4.046,Nuit avec éclairage allumé,En agglomération,Intersection en X,Normale,Deux véhicules - côté,,,,,,,,,,,5,2,2,1,3
200800001161,0008-01-25 14:00:00,8,1,25,14,0,300,173,,44.139,4.172,Plein jour,Hors agglomération,Hors intersection,Normale,Trois véhicules et plus - en chaîne,,,,,,,,,,,1,1,1,1,4
200800001162,0008-01-31 19:45:00,8,1,31,19,45,300,227,Rue de la République,,,Nuit avec éclairage allumé,En agglomération,Hors intersection,Normale,Deux véhicules - arrière,,,,,,,,,,,5,2,1,1,2
200800001163,0008-01-09 19:45:00,8,1,9,19,45,300,334,,,,Nuit sans éclairage public,Hors agglomération,Hors intersection,Temps couvert,Autre collision,,,,,,,,,,,3,1,1,8,6
200800001164,0008-01-28 11:15:00,8,1,28,11,15,300,334,Avenue Maxime Pascal,,,Plein jour,En agglomération,Hors intersection,Normale,Autre collision,,,,,,,,,,,1,2,1,1,6
200800001165,0008-01-30 19:45:00,8,1,30,19,45,300,241,,,,Nuit sans éclairage public,Hors agglomération,Hors intersection,Normale,Sans collision,,,,,,,,,,,3,1,1,1,7
200800001166,0008-01-04 08:30:00,8,1,4,8,30,480,16,,44.46,3.466,Plein jour,Hors agglomération,Hors intersection,Pluie légère,Autre collision,,,,,,,,,,,1,1,1,2,6
200800001167,0008-01-26 17:45:00,8,1,26,17,45,480,16,,44.493,3.458,Plein jour,Hors agglomération,Hors intersection,Normale,Deux véhicules - côté,,,,,,,,,,,1,1,1,1,3
200800001168,0008-01-04 14:15:00,8,1,4,14,15,480,163,,44.256,3.97,Plein jour,Hors agglomération,Hors intersection,Pluie forte,Autre collision,,,,,,,,,,,1,1,1,3,6
200800001169,0008-01-27 02:15:00,8,1,27,2,15,660,37,,,,Nuit sans éclairage public,Hors agglomération,Hors intersection,Normale,Sans collision,,,,,,,,,,,3,1,1,1,7
200800001170,0008-01-17 18:45:00,8,1,17,18,45,660,93,,,,Nuit sans éclairage public,Hors agglomération,Hors intersection,Pluie légère,Trois véhicules et plus - collisions multiples,,,,,,,,,,,3,1,1,2,5
200800001171,0008-01-20 16:00:00,8,1,20,16,0,660,137,,,,Plein jour,Hors agglomération,Hors intersection,Normale,Deux véhicules - côté,,,,,,,,,,,1,1,1,1,3
200800001172,0008-01-29 14:30:00,8,1,29,14,30,660,24,,,,Plein jour,Hors agglomération,Hors intersection,Normale,Deux véhicules - arrière,,,,,,,,,,,1,1,1,1,2
200800001173,0008-01-13 17:45:00,8,1,13,17,45,660,147,,,,Nuit sans éclairage public,Hors agglomération,Hors intersection,Normale,Deux véhicules - frontale,,,,,,,,,,,3,1,1,1,1
200800001174,0008-01-28 20:30:00,8,1,28,20,30,660,146,,,,Nuit sans éclairage public,Hors agglomération,Hors intersection,Normale,Deux véhicules - frontale,,,,,,,,,,,3,1,1,1,1
200800001175,0008-01-06 04:00:00,8,1,6,4,0,660,5,,42.497,1.978,Nuit sans éclairage public,Hors agglomération,Hors intersection,Pluie légère,Autre collision,,,,,,,,,,,3,1,1,2,6
200800001176,0008-01-24 18:30:00,8,1,24,18,30,660,230,,42.653,2.532,Nuit sans éclairage public,Hors agglomération,Hors intersection,Normale,Deux véhicules - arrière,,,,,,,,,,,3,1,1,1,2
200800001177,0008-01-13 00:01:00,8,1,13,0,1,201,130,marina viva,,,Nuit avec éclairage allumé,En agglomération,Hors intersection,Pluie forte,Deux véhicules - côté,,,,,,,,,,,5,2,1,3,3
200800001178,0008-01-13 11:15:00,8,1,13,11,15,201,271,,42.042,8.831,Plein jour,Hors agglomération,Hors intersection,Normale,Autre collision,,,,,,,,,,,1,1,1,1,6
200800001179,0008-01-21 11:45:00,8,1,21,11,45,201,41,Rte de PIANTARELLA,41.391,9.172,Plein jour,En agglomération,Hors intersection,Normale,Deux véhicules - frontale,,,,,,,,,,,1,2,1,1,1
200800001180,0008-01-22 11:00:00,8,1,22,11,0,201,91,,41.834,8.882,Plein jour,Hors agglomération,Hors intersection,Normale,Deux véhicules - côté,,,,,,,,,,,1,1,1,1,3
200800001181,0008-01-13 16:00:00,8,1,13,16,0,202,50,route de pietramaggiore,,,Plein jour,En agglomération,Hors intersection,Normale,Sans collision,,,,,,,,,,,1,2,1,1,7
200800001182,0008-01-02 11:30:00,8,1,2,11,30,202,96,,42.327,9.161,Plein jour,Hors agglomération,Hors intersection,Normale,Deux véhicules - frontale,,,,,,,,,,,1,1,1,1,1
200800001183,0008-01-06 14:15:00,8,1,6,14,15,202,123,,,,Plein jour,Hors agglomération,Hors intersection,Normale,Autre collision,,,,,,,,,,,1,1,1,1,6
200800001184,0008-01-20 12:30:00,8,1,20,12,30,202,242,,42.416,9.532,Plein jour,Hors agglomération,Hors intersection,Normale,Deux véhicules - frontale,,,,,,,,,,,1,1,1,1,1
200800001185,0008-01-13 20:15:00,8,1,13,20,15,780,68,,49.052,1.485,Nuit sans éclairage public,Hors agglomération,Hors intersection,Temps couvert,Autre collision,,,,,,,,,,,3,1,1,8,6
200800001186,0008-01-15 17:30:00,8,1,15,17,30,780,503,,49.059,1.527,Plein jour,Hors agglomération,Hors intersection,Temps couvert,Deux véhicules - frontale,,,,,,,,,,,1,1,1,8,1
200800001187,0008-01-18 12:15:00,8,1,18,12,15,780,113,,49.029,1.816,Plein jour,Hors agglomération,Hors intersection,Pluie légère,Autre collision,,,,,,,,,,,1,1,1,2,6
200800001188,0008-01-12 07:30:00,8,1,12,7,30,780,291,,48.967,1.761,Nuit sans éclairage public,Hors agglomération,Hors intersection,Normale,Autre collision,,,,,,,,,,,3,1,1,1,6
200800001189,0008-01-29 16:00:00,8,1,29,16,0,780,3,1 rue des Bas Prés,48.521,1.835,Plein jour,En agglomération,Giratoire,Temps couvert,Deux véhicules - arrière,,,,,,,,,,,1,2,6,8,2
200800001190,0008-01-17 06:15:00,8,1,17,6,15,780,160,rue dampierre,,,Nuit avec éclairage allumé,En agglomération,Hors intersection,Normale,Deux véhicules - côté,,,,,,,,,,,5,2,1,1,3
200800001191,0008-01-02 05:00:00,8,1,2,5,0,780,321,43 route des mousseaux,48.794,1.901,Nuit sans éclairage public,En agglomération,Hors intersection,Normale,Autre collision,,,,,,,,,,,3,2,1,1,6
200800001192,0008-01-22 18:45:00,8,1,22,18,45,910,340,,48.584,2.416,Nuit sans éclairage public,Hors agglomération,Hors intersection,Normale,Deux véhicules - frontale,,,,,,,,,,,3,1,1,1,1
200800001193,0008-01-15 19:00:00,8,1,15,19,0,910,386,RN 191,48.56,2.419,Nuit avec éclairage allumé,En agglomération,Autre intersection,Pluie forte,Autre collision,,,,,,,,,,,5,2,9,3,6
200800001194,0008-01-18 08:00:00,8,1,18,8,0,910,204,,48.575,2.403,Crépuscule ou aube,Hors agglomération,Hors intersection,Temps couvert,Deux véhicules - côté,,,,,,,,,,,2,1,1,8,3
200800001195,0008-01-29 13:15:00,8,1,29,13,15,910,468,Rue des Roissy Hauts,48.574,2.458,Plein jour,En agglomération,Hors intersection,Normale,Deux véhicules - frontale,,,,,,,,,,,1,2,1,1,1
200800001196,0008-01-14 10:15:00,8,1,14,10,15,910,547,,48.418,1.967,Plein jour,Hors agglomération,Hors intersection,Normale,Deux véhicules - côté,,,,,,,,,,,1,1,1,1,3
200800001197,0008-01-23 18:30:00,8,1,23,18,30,910,284,,48.498,2.035,Nuit sans éclairage public,Hors agglomération,Hors intersection,Normale,Autre collision,,,,,,,,,,,3,1,1,1,6
200800001198,0008-01-12 00:01:00,8,1,12,0,1,910,226,grande rue ETRECHY,48.497,2.191,Nuit avec éclairage allumé,En agglomération,Hors intersection,Normale,Autre collision,,,,,,,,,,,5,2,1,1,6
200800001199,0008-01-29 19:45:00,8,1,29,19,45,910,330,,48.525,2.269,Nuit avec éclairage allumé,Hors agglomération,Hors intersection,Normale,Deux véhicules - côté,,,,,,,,,,,5,1,1,1,3
200800001200,0008-01-18 19:45:00,8,1,18,19,45,910,533,"CD 49, PK 07+400",,,Nuit sans éclairage public,En agglomération,Hors intersection,Normale,Deux véhicules - frontale,,,,,,,,,,,3,2,1,1,1
200800001201,0008-01-25 18:15:00,8,1,25,18,15,910,482,,48.653,2.038,Nuit sans éclairage public,Hors agglomération,Hors intersection,Normale,Autre collision,,,,,,,,,,,3,1,1,1,6
200800001202,0008-01-29 18:00:00,8,1,29,18,0,910,44,RN 20 PK 8,,,Nuit avec éclairage allumé,En agglomération,Hors intersection,Normale,Autre collision,,,,,,,,,,,5,2,1,1,6
200800001203,0008-01-30 17:30:00,8,1,30,17,30,910,363,46 rue Alfred Dubois,,,Plein jour,En agglomération,Hors intersection,Normale,Deux véhicules - frontale,,,,,,,,,,,1,2,1,1,1
200800001204,0008-01-25 09:00:00,8,1,25,9,0,910,272,route de Châteaufort,,,Plein jour,En agglomération,Hors intersection,Normale,Autre collision,,,,,,,,,,,1,2,1,1,6
200800001205,0008-01-11 06:15:00,8,1,11,6,15,950,8,,,,Nuit sans éclairage public,Hors agglomération,Intersection en Y,Normale,Deux véhicules - côté,,,,,,,,,,,3,1,4,1,3
200800001206,0008-01-19 04:00:00,8,1,19,4,0,950,213,,49.126,2.05,Nuit sans éclairage public,Hors agglomération,Hors intersection,Normale,Autre collision,,,,,,,,,,,3,1,1,1,6
200800001207,0008-01-03 07:30:00,8,1,3,7,30,950,2,,49.075,1.966,Nuit sans éclairage public,Hors agglomération,Hors intersection,Autre,Trois véhicules et plus - collisions multiples,,,,,,,,,,,3,1,1,9,5
200800001208,0008-01-07 21:45:00,8,1,7,21,45,770,217,,,,Nuit sans éclairage public,Hors agglomération,Hors intersection,Temps couvert,Autre collision,,,,,,,,,,,3,1,1,8,6
200800001209,0008-01-15 15:15:00,8,1,15,15,15,770,217,,48.695,2.695,Plein jour,Hors agglomération,Hors intersection,Pluie forte,Deux véhicules - frontale,,,,,,,,,,,1,1,1,3,1
200800001210,0008-01-30 11:45:00,8,1,30,11,45,770,493,,,,Plein jour,Hors agglomération,Hors intersection,Pluie légère,Deux véhicules - côté,,,,,,,,,,,1,1,1,2,3
200800001211,0008-01-09 08:15:00,8,1,9,8,15,770,211,,48.586,2.965,Crépuscule ou aube,Hors agglomération,Hors intersection,Normale,Trois véhicules et plus - collisions multiples,,,,,,,,,,,2,1,1,1,5
200800001212,0008-01-12 13:00:00,8,1,12,13,0,770,428,Rue CHANTE MERLE,,,Plein jour,En agglomération,Hors intersection,Normale,Deux véhicules - frontale,,,,,,,,,,,1,2,1,1,1
200800001213,0008-01-07 15:45:00,8,1,7,15,45,770,470,,48.744,2.764,Plein jour,En agglomération,Hors intersection,Temps éblouissant,Autre collision,,,,,,,,,,,1,2,1,7,6
200800001214,0008-01-16 17:15:00,8,1,16,17,15,770,177,,48.784,2.776,Nuit sans éclairage public,Hors agglomération,Hors intersection,Pluie légère,Deux véhicules - frontale,,,,,,,,,,,3,1,1,2,1
200800001215,0008-01-15 19:30:00,8,1,15,19,30,770,529,,48.849,2.867,Nuit sans éclairage public,Hors agglomération,Hors intersection,Pluie forte,Deux véhicules - côté,,,,,,,,,,,3,1,1,3,3
200800001216,0008-01-24 17:30:00,8,1,24,17,30,770,206,,48.858,3.043,Crépuscule ou aube,Hors agglomération,Hors intersection,Normale,Deux véhicules - côté,,,,,,,,,,,2,1,1,1,3
200800001217,0008-01-18 21:00:00,8,1,18,21,0,770,240,,48.79,3.264,Nuit sans éclairage public,Hors agglomération,Hors intersection,Normale,Trois véhicules et plus - en chaîne,,,,,,,,,,,3,1,1,1,4
200800001218,0008-01-22 07:30:00,8,1,22,7,30,770,402,,48.826,3.393,Crépuscule ou aube,Hors agglomération,Hors intersection,Normale,Deux véhicules - frontale,,,,,,,,,,,2,1,1,1,1
200800001219,0008-01-25 08:30:00,8,1,25,8,30,770,278,,48.789,3.146,Plein jour,Hors agglomération,Hors intersection,Autre,Sans collision,,,,,,,,,,,1,1,1,9,7
200800001220,0008-01-25 09:15:00,8,1,25,9,15,770,423,,48.801,3.331,Crépuscule ou aube,Hors agglomération,Hors intersection,Brouillard / fumée,Deux véhicules - frontale,,,,,,,,,,,2,1,1,5,1
200800001221,0008-01-17 16:45:00,8,1,17,16,45,770,415,avenue du général foch,48.957,3.02,Plein jour,En agglomération,Hors intersection,Normale,Autre collision,,,,,,,,,,,1,2,1,1,6