accident_id,datetime,annee,mois,jour,heure,minute,departement,commune_insee,adresse,latitude,longitude,luminosite,agglomeration,intersection,meteo,collision,nb_vehicules,nb_usagers,nb_indemnes,nb_tues,nb_blesses_hosp,nb_blesses_legers,age_cond_1,age_cond_2,veh_type_cond_1,veh_type_cond_2,lum_code,agg_code,int_code,atm_code,col_code
200800001357,0008-01-16 13:00:00,8,1,16,13,0,60,150,,,,Nuit avec éclairage allumé,Hors agglomération,Hors intersection,Normale,Deux véhicules - frontale,,,,,,,,,,,5,1,1,1,1
200800001358,0008-01-06 09:00:00,8,1,6,9,0,900,11,,,,Plein jour,Hors agglomération,Hors intersection,Pluie forte,Sans collision,,,,,,,,,,,1,1,1,3,7
200800001359,0008-01-17 22:15:00,8,1,17,22,15,900,62,,,,Nuit sans éclairage public,Hors agglomération,Hors intersection,Normale,Deux véhicules - frontale,,,,,,,,,,,3,1,1,1,1
200800001360,0008-01-14 07:00:00,8,1,14,7,0,670,506,,,,Crépuscule ou aube,Hors agglomération,Hors intersection,Temps couvert,Trois véhicules et plus - en chaîne,,,,,,,,,,,2,1,1,8,4
200800001361,0008-01-23 08:15:00,8,1,23,8,15,950,450,,,,Nuit sans éclairage public,Hors agglomération,Autre intersection,Normale,Autre collision,,,,,,,,,,,3,1,9,1,6
200800001362,0008-01-30 18:30:00,8,1,30,18,30,380,511,,45.35,5.96,Nuit sans éclairage public,Hors agglomération,Hors intersection,Temps couvert,Deux véhicules - arrière,,,,,,,,,,,3,1,1,8,2
200800001363,0008-01-11 15:30:00,8,1,11,15,30,860,66,,46.811,0.513,Plein jour,Hors agglomération,Hors intersection,Temps couvert,Deux véhicules - côté,,,,,,,,,,,1,1,1,8,3
200800001364,0008-01-22 11:30:00,8,1,22,11,30,250,97,,,,Plein jour,Hors agglomération,Hors intersection,Pluie légère,Deux véhicules - arrière,,,,,,,,,,,1,1,1,2,2
200800001365,0008-01-18 14:00:00,8,1,18,14,0,130,109,,,,Plein jour,Hors agglomération,Hors intersection,Normale,Autre collision,,,,,,,,,,,1,1,1,1,6
200800001366,0008-01-31 10:00:00,8,1,31,10,0,60,29,,43.551,6.943,Plein jour,Hors agglomération,Hors intersection,Normale,Trois véhicules et plus - en chaîne,,,,,,,,,,,1,1,1,1,4
200800001367,0008-01-01 01:15:00,8,1,1,1,15,590,432,grande rue,50.152,3.257,Nuit avec éclairage allumé,En agglomération,Hors intersection,Pluie légère,Autre collision,,,,,,,,,,,5,2,1,2,6
200800001368,0008-01-01 05:30:00,8,1,1,5,30,590,567,,,,Nuit sans éclairage public,Hors agglomération,Hors intersection,Brouillard / fumée,Sans collision,,,,,,,,,,,3,1,1,5,7
200800001369,0008-01-19 16:15:00,8,1,19,16,15,590,547,,50.196,3.443,Plein jour,Hors agglomération,Hors intersection,Normale,Deux véhicules - frontale,,,,,,,,,,,1,1,1,1,1
200800001370,0008-01-26 19:30:00,8,1,26,19,30,470,253,,44.432,0.146,Nuit sans éclairage public,Hors agglomération,Hors intersection,Normale,Sans collision,,,,,,,,,,,3,1,1,1,7
200800001371,0008-01-10 07:15:00,8,1,10,7,15,910,577,RD443 - Rte de Morsang -,48.606,2.497,Nuit sans éclairage public,En agglomération,Hors intersection,Autre,Deux véhicules - frontale,,,,,,,,,,,3,2,1,9,1
200800001372,0008-01-18 20:30:00,8,1,18,20,30,680,300,,47.781,7.394,Nuit avec éclairage allumé,Hors agglomération,Hors intersection,Normale,Deux véhicules - arrière,,,,,,,,,,,5,1,1,1,2
200800001373,0008-01-21 11:45:00,8,1,21,11,45,530,228,,48.051,-0.396,Plein jour,Hors agglomération,Hors intersection,Normale,Autre collision,,,,,,,,,,,1,1,1,1,6
200800001374,0008-01-30 15:45:00,8,1,30,15,45,440,213,,47.423,-1.009,Plein jour,Hors agglomération,Hors intersection,Normale,Sans collision,,,,,,,,,,,1,1,1,1,7
200800001375,0008-01-08 14:30:00,8,1,8,14,30,390,30,,,,Plein jour,Hors agglomération,Hors intersection,Normale,Autre collision,,,,,,,,,,,1,1,1,1,6
200800001376,0008-01-12 08:30:00,8,1,12,8,30,390,405,,,,Plein jour,Hors agglomération,Hors intersection,Normale,Deux véhicules - arrière,,,,,,,,,,,1,1,1,1,2
200800001377,0008-01-07 08:30:00,8,1,7,8,30,380,126,Avenue de L'eygala,45.216,5.758,Crépuscule ou aube,En agglomération,Hors intersection,Pluie forte,Autre collision,,,,,,,,,,,2,2,1,3,6
200800001378,0008-01-10 07:45:00,8,1,10,7,45,380,229,VERCORS VERDUN,45.209,5.781,Crépuscule ou aube,En agglomération,Hors intersection,Brouillard / fumée,Autre collision,,,,,,,,,,,2,2,1,5,6
200800001379,0008-01-22 12:15:00,8,1,22,12,15,380,229,Rue Champ rochas,45.211,5.761,Plein jour,En agglomération,Hors intersection,Pluie légère,Deux véhicules - côté,,,,,,,,,,,1,2,1,2,3
200800001380,0008-01-26 14:30:00,8,1,26,14,30,60,85,AVENUE MARECHAL JUIN,,,Plein jour,En agglomération,Hors intersection,Normale,Sans collision,,,,,,,,,,,1,2,1,1,7
200800001381,0008-01-11 13:15:00,8,1,11,13,15,670,239,,,,Plein jour,Hors agglomération,Hors intersection,Normale,Autre collision,,,,,,,,,,,1,1,1,1,6
200800001382,0008-01-06 21:15:00,8,1,6,21,15,790,3,,,,Nuit sans éclairage public,Hors agglomération,Hors intersection,Pluie légère,Trois véhicules et plus - en chaîne,,,,,,,,,,,3,1,1,2,4
200800001383,0008-01-06 15:15:00,8,1,6,15,15,170,102,,,,Plein jour,Hors agglomération,Hors intersection,Temps couvert,Deux véhicules - arrière,,,,,,,,,,,1,1,1,8,2
200800001384,0008-01-16 15:15:00,8,1,16,15,15,330,351,,45.258,-0.55,Plein jour,Hors agglomération,Autre intersection,Normale,Sans collision,,,,,,,,,,,1,1,9,1,7
200800001385,0008-01-09 16:45:00,8,1,9,16,45,740,77,,46.068,5.903,Plein jour,Hors agglomération,Hors intersection,Normale,Autre collision,,,,,,,,,,,1,1,1,1,6
200800001386,0008-01-21 17:45:00,8,1,21,17,45,220,187,,48.532,-2.752,Crépuscule ou aube,Hors agglomération,Hors intersection,Normale,Deux véhicules - côté,,,,,,,,,,,2,1,1,1,3
200800001387,0008-01-26 17:30:00,8,1,26,17,30,220,187,Rue de la ville Houart,48.541,-2.735,Plein jour,En agglomération,Hors intersection,Temps éblouissant,Autre collision,,,,,,,,,,,1,2,1,7,6
200800001388,0008-01-09 20:00:00,8,1,9,20,0,740,268,CHAUX,,,Nuit avec éclairage allumé,En agglomération,Hors intersection,Normale,Autre collision,,,,,,,,,,,5,2,1,1,6
200800001389,0008-01-18 19:30:00,8,1,18,19,30,740,26,,,,Nuit avec éclairage allumé,Hors agglomération,Hors intersection,Normale,Deux véhicules - côté,,,,,,,,,,,5,1,1,1,3
200800001390,0008-01-20 14:30:00,8,1,20,14,30,10,49,,45.844,5.044,Plein jour,Hors agglomération,Hors intersection,Normale,Autre collision,,,,,,,,,,,1,1,1,1,6
200800001391,0008-01-30 23:15:00,8,1,30,23,15,10,142,,45.854,5.087,Nuit sans éclairage public,Hors agglomération,Hors intersection,Normale,Deux véhicules - arrière,,,,,,,,,,,3,1,1,1,2
200800001392,0008-01-27 13:00:00,8,1,27,13,0,420,279,rond point charles de ga,45.508,4.262,Plein jour,En agglomération,Giratoire,Normale,Sans collision,,,,,,,,,,,1,2,6,1,7
200800001393,0008-01-31 08:00:00,8,1,31,8,0,910,244,,48.554,2.414,Crépuscule ou aube,Hors agglomération,Hors intersection,Autre,Deux véhicules - frontale,,,,,,,,,,,2,1,1,9,1
200800001394,0008-01-23 08:30:00,8,1,23,8,30,520,147,,47.847,5.232,Plein jour,Hors agglomération,Hors intersection,Normale,Autre collision,,,,,,,,,,,1,1,1,1,6
200800001395,0008-01-12 14:45:00,8,1,12,14,45,60,18,Carrefour 4 chemins,,,Plein jour,En agglomération,Intersection en X,Pluie légère,Deux véhicules - côté,,,,,,,,,,,1,2,2,2,3
200800001396,0008-01-16 17:00:00,8,1,16,17,0,60,152,AVENUE GAMBETTA,,,Plein jour,En agglomération,Hors intersection,Normale,Deux véhicules - côté,,,,,,,,,,,1,2,1,1,3
200800001397,0008-01-12 06:15:00,8,1,12,6,15,690,63,,,,Nuit avec éclairage allumé,En agglomération,Hors intersection,Pluie légère,Deux véhicules - côté,,,,,,,,,,,5,2,1,2,3
200800001398,0008-01-09 16:15:00,8,1,9,16,15,690,127,,,,Plein jour,Hors agglomération,Hors intersection,Pluie légère,Deux véhicules - frontale,,,,,,,,,,,1,1,1,2,1
200800001399,0008-01-19 14:45:00,8,1,19,14,45,690,244,21 avenue Foch,,,Plein jour,En agglomération,Hors intersection,Normale,Deux véhicules - frontale,,,,,,,,,,,1,2,1,1,1
200800001400,0008-01-30 14:00:00,8,1,30,14,0,690,244,Rue Joliot Curie,,,Plein jour,En agglomération,Hors intersection,Normale,Deux véhicules - frontale,,,,,,,,,,,1,2,1,1,1
200800001401,0008-01-25 16:00:00,8,1,25,16,0,740,62,,,,Plein jour,Hors agglomération,Hors intersection,Normale,Deux véhicules - frontale,,,,,,,,,,,1,1,1,1,1
200800001402,0008-01-31 09:15:00,8,1,31,9,15,340,82,route de Grabels,,,Plein jour,En agglomération,Hors intersection,Normale,Deux véhicules - arrière,,,,,,,,,,,1,2,1,1,2
200800001403,0008-01-07 18:00:00,8,1,7,18,0,780,571,AVENUE DES PLATANES,48.862,2.021,Nuit avec éclairage allumé,En agglomération,Hors intersection,Normale,Autre collision,,,,,,,,,,,5,2,1,1,6
200800001404,0008-01-11 07:45:00,8,1,11,7,45,780,43,,48.846,2.087,Nuit sans éclairage public,Hors agglomération,Hors intersection,Normale,Deux véhicules - frontale,,,,,,,,,,,3,1,1,1,1
200800001405,0008-01-18 19:00:00,8,1,18,19,0,950,430,,49.076,2.323,Nuit sans éclairage public,Hors agglomération,Hors intersection,Pluie légère,Deux véhicules - arrière,,,,,,,,,,,3,1,1,2,2
200800001406,0008-01-07 10:00:00,8,1,7,10,0,350,131,,48.124,-1.823,Plein jour,Hors agglomération,Hors intersection,Normale,Deux véhicules - frontale,,,,,,,,,,,1,1,1,1,1
200800001407,0008-01-04 16:45:00,8,1,4,16,45,560,240,Chemin Toul Pichon,47.531,-2.77,Plein jour,En agglomération,Hors intersection,Normale,Deux véhicules - côté,,,,,,,,,,,1,2,1,1,3
200800001408,0008-01-14 17:00:00,8,1,14,17,0,560,243,Rond-point de Donégal,47.626,-2.733,Plein jour,En agglomération,Giratoire,Temps couvert,Deux véhicules - côté,,,,,,,,,,,1,2,6,8,3
200800001409,0008-01-30 19:00:00,8,1,30,19,0,380,553,bD VILLEFONTAINE,45.618,5.151,Nuit avec éclairage allumé,En agglomération,Hors intersection,Normale,Deux véhicules - côté,,,,,,,,,,,5,2,1,1,3
200800001410,0008-01-16 14:00:00,8,1,16,14,0,130,59,,,,Plein jour,Hors agglomération,Hors intersection,Normale,Autre collision,,,,,,,,,,,1,1,1,1,6
200800001411,0008-01-10 12:15:00,8,1,10,12,15,340,337,,43.549,3.822,Plein jour,Hors agglomération,Intersection en T,Temps couvert,Deux véhicules - côté,,,,,,,,,,,1,1,3,8,3
200800001412,0008-01-31 13:00:00,8,1,31,13,0,340,159,,,,Plein jour,Hors agglomération,Hors intersection,Normale,Autre collision,,,,,,,,,,,1,1,1,1,6
200800001413,0008-01-26 22:30:00,8,1,26,22,30,720,237,,,,Nuit sans éclairage public,Hors agglomération,Hors intersection,Normale,Trois véhicules et plus - collisions multiples,,,,,,,,,,,3,1,1,1,5
200800001414,0008-01-02 07:15:00,8,1,2,7,15,400,75,,,,Nuit avec éclairage allumé,Hors agglomération,Hors intersection,Normale,Sans collision,,,,,,,,,,,5,1,1,1,7
200800001415,0008-01-11 22:15:00,8,1,11,22,15,400,261,,,,Nuit sans éclairage public,Hors agglomération,Hors intersection,Neige / grêle,Autre collision,,,,,,,,,,,3,1,1,4,6
200800001416,0008-01-22 17:45:00,8,1,22,17,45,670,389,,48.653,7.759,Crépuscule ou aube,Hors agglomération,Hors intersection,Normale,Deux véhicules - côté,,,,,,,,,,,2,1,1,1,3
200800001417,0008-01-08 19:00:00,8,1,8,19,0,380,193,,45.61,5.225,Nuit avec éclairage allumé,Hors agglomération,Hors intersection,Normale,Autre collision,,,,,,,,,,,5,1,1,1,6
200800001418,0008-01-14 08:45:00,8,1,14,8,45,180,93,,46.653,2.485,Plein jour,Hors agglomération,Hors intersection,Normale,Deux véhicules - arrière,,,,,,,,,,,1,1,1,1,2
200800001419,0008-01-19 15:30:00,8,1,19,15,30,40,34,,,,Plein jour,Hors agglomération,Hors intersection,Normale,Autre collision,,,,,,,,,,,1,1,1,1,6
200800001420,0008-01-24 15:30:00,8,1,24,15,30,50,103,,,,Plein jour,Hors agglomération,Hors intersection,Normale,Autre collision,,,,,,,,,,,1,1,1,1,6
200800001421,0008-01-08 01:00:00,8,1,8,1,0,100,130,,48.615,4.23,Nuit sans éclairage public,Hors agglomération,Hors intersection,Normale,Deux véhicules - frontale,,,,,,,,,,,3,1,1,1,1
200800001422,0008-01-24 15:45:00,8,1,24,15,45,100,363,,,,Plein jour,Hors agglomération,Autre intersection,Normale,Autre collision,,,,,,,,,,,1,1,9,1,6
200800001423,0008-01-29 12:45:00,8,1,29,12,45,100,92,,48.192,4.281,Plein jour,Hors agglomération,Hors intersection,Normale,Deux véhicules - arrière,,,,,,,,,,,1,1,1,1,2
200800001424,0008-01-13 11:15:00,8,1,13,11,15,730,7,,,,Plein jour,Hors agglomération,Hors intersection,Normale,Autre collision,,,,,,,,,,,1,1,1,1,6
200800001425,0008-01-09 17:45:00,8,1,9,17,45,670,463,,,,Nuit sans éclairage public,Hors agglomération,Hors intersection,Pluie légère,Sans collision,,,,,,,,,,,3,1,1,2,7
200800001426,0008-01-12 00:15:00,8,1,12,0,15,670,465,,,,Nuit sans éclairage public,Hors agglomération,Autre intersection,Normale,Deux véhicules - côté,,,,,,,,,,,3,1,9,1,3
200800001427,0008-01-09 14:30:00,8,1,9,14,30,310,212,,,,Plein jour,Hors agglomération,Hors intersection,Normale,Deux véhicules - arrière,,,,,,,,,,,1,1,1,1,2
200800001428,0008-01-15 22:45:00,8,1,15,22,45,310,91,,,,Nuit sans éclairage public,Hors agglomération,Hors intersection,Normale,Deux véhicules - arrière,,,,,,,,,,,3,1,1,1,2
200800001429,0008-01-01 13:00:00,8,1,1,13,0,770,295,,,,Plein jour,Hors agglomération,Hors intersection,Normale,Autre collision,,,,,,,,,,,1,1,1,1,6
200800001430,0008-01-04 11:15:00,8,1,4,11,15,770,194,,48.423,2.942,Plein jour,Hors agglomération,Hors intersection,Temps couvert,Sans collision,,,,,,,,,,,1,1,1,8,7
200800001431,0008-01-11 11:45:00,8,1,11,11,45,600,299,,,,Plein jour,Hors agglomération,Hors intersection,Pluie légère,Autre collision,,,,,,,,,,,1,1,1,2,6
200800001432,0008-01-29 17:30:00,8,1,29,17,30,600,10,,,,Plein jour,Hors agglomération,Hors intersection,Temps couvert,Autre collision,,,,,,,,,,,1,1,1,8,6
200800001433,0008-01-19 08:45:00,8,1,19,8,45,890,342,,,,Plein jour,Hors agglomération,Hors intersection,Normale,Autre collision,,,,,,,,,,,1,1,1,1,6
200800001434,0008-01-28 08:15:00,8,1,28,8,15,310,334,,43.384,1.28,Plein jour,Hors agglomération,Hors intersection,Normale,Deux véhicules - côté,,,,,,,,,,,1,1,1,1,3
200800001435,0008-01-21 07:45:00,8,1,21,7,45,800,793,,,,Nuit sans éclairage public,Hors agglomération,Hors intersection,Normale,Trois véhicules et plus - collisions multiples,,,,,,,,,,,3,1,1,1,5
200800001436,0008-01-22 09:30:00,8,1,22,9,30,800,417,,,,Plein jour,Hors agglomération,Hors intersection,Normale,Deux véhicules - arrière,,,,,,,,,,,1,1,1,1,2
200800001437,0008-01-11 20:15:00,8,1,11,20,15,800,806,,,,Nuit sans éclairage public,Hors agglomération,Hors intersection,Pluie légère,Sans collision,,,,,,,,,,,3,1,1,2,7
200800001438,0008-01-15 20:30:00,8,1,15,20,30,190,250,,,,Nuit sans éclairage public,Hors agglomération,Hors intersection,Pluie forte,Sans collision,,,,,,,,,,,3,1,1,3,7
200800001439,0008-01-13 06:45:00,8,1,13,6,45,340,114,,,,Nuit sans éclairage public,Hors agglomération,Hors intersection,Normale,Autre collision,,,,,,,,,,,3,1,1,1,6
200800001440,0008-01-25 08:45:00,8,1,25,8,45,340,259,,,,Plein jour,Hors agglomération,Hors intersection,Normale,Autre collision,,,,,,,,,,,1,1,1,1,6
200800001441,0008-01-12 11:45:00,8,1,12,11,45,720,218,,48.085,-0.199,Plein jour,Hors agglomération,Hors intersection,Normale,Deux véhicules - arrière,,,,,,,,,,,1,1,1,1,2
200800001442,0008-01-21 17:45:00,8,1,21,17,45,720,320,,,,Nuit avec éclairage allumé,Hors agglomération,Giratoire,Normale,Autre collision,,,,,,,,,,,5,1,6,1,6
200800001443,0008-01-25 21:00:00,8,1,25,21,0,680,375,RD19,47.802,7.233,Nuit avec éclairage allumé,En agglomération,Hors intersection,Normale,Autre collision,,,,,,,,,,,5,2,1,1,6
200800001444,0008-01-06 07:00:00,8,1,6,7,0,190,176,,,,Nuit sans éclairage public,Hors agglomération,Hors intersection,Pluie légère,Deux véhicules - frontale,,,,,,,,,,,3,1,1,2,1
200800001445,0008-01-06 08:15:00,8,1,6,8,15,670,324,,48.952,7.635,Plein jour,Hors agglomération,Hors intersection,Normale,Deux véhicules - côté,,,,,,,,,,,1,1,1,1,3
200800001446,0008-01-03 08:00:00,8,1,3,8,0,80,111,,49.429,4.271,Plein jour,Hors agglomération,Hors intersection,Neige / grêle,Trois véhicules et plus - en chaîne,,,,,,,,,,,1,1,1,4,4
200800001447,0008-01-03 11:15:00,8,1,3,11,15,80,352,,49.64,4.624,Plein jour,Hors agglomération,Hors intersection,Autre,Sans collision,,,,,,,,,,,1,1,1,9,7
200800001448,0008-01-19 12:00:00,8,1,19,12,0,130,36,,43.823,4.837,Plein jour,Hors agglomération,Hors intersection,Normale,Deux véhicules - arrière,,,,,,,,,,,1,1,1,1,2
200800001449,0008-01-12 19:30:00,8,1,12,19,30,760,192,,,,Nuit sans éclairage public,Hors agglomération,Hors intersection,Normale,Deux véhicules - côté,,,,,,,,,,,3,1,1,1,3
200800001450,0008-01-30 12:30:00,8,1,30,12,30,760,255,,50.07,1.44,Plein jour,Hors agglomération,Hors intersection,Pluie légère,Deux véhicules - côté,,,,,,,,,,,1,1,1,2,3
200800001451,0008-01-18 10:30:00,8,1,18,10,30,640,410,"cd 281, ave C. Moureu",43.382,-0.621,Plein jour,En agglomération,Giratoire,Pluie forte,Deux véhicules - côté,,,,,,,,,,,1,2,6,3,3
200800001452,0008-01-28 09:45:00,8,1,28,9,45,710,520,,46.748,4.853,Nuit sans éclairage public,Hors agglomération,Hors intersection,Normale,Sans collision,,,,,,,,,,,3,1,1,1,7
200800001453,0008-01-26 09:30:00,8,1,26,9,30,410,211,,,,Plein jour,Hors agglomération,Hors intersection,Normale,Autre collision,,,,,,,,,,,1,1,1,1,6
200800001454,0008-01-18 11:45:00,8,1,18,11,45,310,150,,43.679,1.354,Plein jour,Hors agglomération,Hors intersection,Pluie légère,Deux véhicules - frontale,,,,,,,,,,,1,1,1,2,1
200800001455,0008-01-17 19:15:00,8,1,17,19,15,250,101,,,,Nuit sans éclairage public,Hors agglomération,Hors intersection,Normale,Deux véhicules - côté,,,,,,,,,,,3,1,1,1,3
200800001456,0008-01-19 17:15:00,8,1,19,17,15,340,120,avenue de vendargues,,,Plein jour,En agglomération,Giratoire,Temps éblouissant,Autre collision,,,,,,,,,,,1,2,6,7,6
200800001457,0008-01-02 19:30:00,8,1,2,19,30,770,359,,48.484,2.559,Nuit sans éclairage public,Hors agglomération,Hors intersection,Temps couvert,Deux véhicules - frontale,,,,,,,,,,,3,1,1,8,1
200800001458,0008-01-23 07:15:00,8,1,23,7,15,690,260,,45.65,4.817,Crépuscule ou aube,Hors agglomération,Hors intersection,Normale,Deux véhicules - arrière,,,,,,,,,,,2,1,1,1,2
200800001459,0008-01-04 15:45:00,8,1,4,15,45,340,270,,43.56,3.849,Plein jour,Hors agglomération,Hors intersection,Pluie légère,Deux véhicules - frontale,,,,,,,,,,,1,1,1,2,1
200800001460,0008-01-17 12:30:00,8,1,17,12,30,300,141,route d'orsan,,,Plein jour,En agglomération,Hors intersection,Normale,Deux véhicules - côté,,,,,,,,,,,1,2,1,1,3
200800001461,0008-01-22 11:45:00,8,1,22,11,45,300,331,,44.141,4.614,Plein jour,Hors agglomération,Hors intersection,Normale,Autre collision,,,,,,,,,,,1,1,1,1,6
200800001462,0008-01-15 09:15:00,8,1,15,9,15,370,226,,,,Plein jour,Hors agglomération,Hors intersection,Pluie légère,Deux véhicules - arrière,,,,,,,,,,,1,1,1,2,2
200800001463,0008-01-24 09:45:00,8,1,24,9,45,350,12,,,,Plein jour,Hors agglomération,Hors intersection,Normale,Autre collision,,,,,,,,,,,1,1,1,1,6
200800001464,0008-01-19 11:00:00,8,1,19,11,0,830,130,CD554.,,,Plein jour,En agglomération,Hors intersection,Normale,Deux véhicules - frontale,,,,,,,,,,,1,2,1,1,1
200800001465,0008-01-26 17:30:00,8,1,26,17,30,500,615,,49.524,-1.498,Plein jour,Hors agglomération,Hors intersection,Normale,Autre collision,,,,,,,,,,,1,1,1,1,6
200800001466,0008-01-11 09:00:00,8,1,11,9,0,190,274,,,,Plein jour,Hors agglomération,Hors intersection,Normale,Deux véhicules - arrière,,,,,,,,,,,1,1,1,1,2
200800001467,0008-01-23 20:30:00,8,1,23,20,30,800,349,,49.717,2.247,Nuit sans éclairage public,Hors agglomération,Hors intersection,Normale,Deux véhicules - côté,,,,,,,,,,,3,1,1,1,3
200800001468,0008-01-25 19:45:00,8,1,25,19,45,270,253,,49.155,0.707,Nuit sans éclairage public,Hors agglomération,Hors intersection,Normale,Trois véhicules et plus - collisions multiples,,,,,,,,,,,3,1,1,1,5
200800001469,0008-01-13 18:45:00,8,1,13,18,45,290,99,,48.543,-4.643,Nuit sans éclairage public,Hors agglomération,Hors intersection,Normale,Deux véhicules - côté,,,,,,,,,,,3,1,1,1,3
200800001470,0008-01-20 05:15:00,8,1,20,5,15,240,225,,,,Nuit sans éclairage public,Hors agglomération,Hors intersection,Brouillard / fumée,Trois véhicules et plus - collisions multiples,,,,,,,,,,,3,1,1,5,5
200800001471,0008-01-14 07:45:00,8,1,14,7,45,820,92,,44.215,1.585,Nuit sans éclairage public,Hors agglomération,Hors intersection,Normale,Deux véhicules - frontale,,,,,,,,,,,3,1,1,1,1
200800001472,0008-01-11 04:00:00,8,1,11,4,0,570,160,Rue de la gare,,,Nuit avec éclairage allumé,En agglomération,Hors intersection,Normale,Deux véhicules - côté,,,,,,,,,,,5,2,1,1,3
200800001473,0008-01-18 20:15:00,8,1,18,20,15,670,46,Route de Marienthal,,,Nuit avec éclairage allumé,En agglomération,Hors intersection,Normale,Deux véhicules - frontale,,,,,,,,,,,5,2,1,1,1
200800001474,0008-01-26 04:00:00,8,1,26,4,0,390,348,,46.657,5.575,Nuit sans éclairage public,Hors agglomération,Hors intersection,Normale,Trois véhicules et plus - collisions multiples,,,,,,,,,,,3,1,1,1,5
200800001475,0008-01-18 01:45:00,8,1,18,1,45,340,101,,,,Nuit sans éclairage public,Hors agglomération,Hors intersection,Brouillard / fumée,Deux véhicules - arrière,,,,,,,,,,,3,1,1,5,2
200800001476,0008-01-08 07:50:00,8,1,8,7,50,60,123,"440, GARE ROUTE DE LA",,,Crépuscule ou aube,En agglomération,Hors intersection,Normale,Autre collision,,,,,,,,,,,2,2,1,1,6
200800001477,0008-01-08 15:30:00,8,1,8,15,30,60,123,DELATTRE DE TASSIGNY BD,,,Plein jour,En agglomération,Intersection en T,Normale,Autre collision,,,,,,,,,,,1,2,3,1,6
200800001478,0008-01-01 10:30:00,8,1,1,10,30,940,58,ALSACE LORRAINE (BD D),,,Plein jour,En agglomération,Hors intersection,Normale,Autre collision,,,,,,,,,,,1,2,1,1,6
200800001479,0008-01-19 18:20:00,8,1,19,18,20,940,58,LEDRU ROLLIN (AV),,,Nuit avec éclairage allumé,En agglomération,Hors intersection,Normale,Deux véhicules - côté,,,,,,,,,,,5,2,1,1,3
200800001480,0008-01-29 19:45:00,8,1,29,19,45,940,52,JACQUES KABLE (R),,,Nuit avec éclairage allumé,En agglomération,Intersection en X,Normale,Deux véhicules - côté,,,,,,,,,,,5,2,2,1,3
200800001481,0008-01-16 09:30:00,8,1,16,9,30,940,42,CHARLES FLOQUET (R),,,Plein jour,En agglomération,Intersection en T,Normale,Autre collision,,,,,,,,,,,1,2,3,1,6
200800001482,0008-01-20 19:00:00,8,1,20,19,0,940,52,STRASBOURG - PL DU GENER,,,Nuit avec éclairage allumé,En agglomération,Hors intersection,Normale,Deux véhicules - côté,,,,,,,,,,,5,2,1,1,3
200800001483,0008-01-09 07:55:00,8,1,9,7,55,10,53,"05, VALERY ( BD PAUL ) I",,,Crépuscule ou aube,En agglomération,Hors intersection,Pluie légère,Deux véhicules - côté,,,,,,,,,,,2,2,1,2,3
200800001484,0008-01-12 17:43:00,8,1,12,17,43,10,53,"SNR, HERRIOT ( BOULEVARD",,,Nuit avec éclairage allumé,En agglomération,Intersection en X,Normale,Deux véhicules - côté,,,,,,,,,,,5,2,2,1,3
200800001485,0008-01-19 20:15:00,8,1,19,20,15,10,289,"snr, ROCADE (LA) COTE OU",,,Nuit avec éclairage allumé,Hors agglomération,Intersection en X,Normale,Deux véhicules - côté,,,,,,,,,,,5,1,2,1,3
200800001486,0008-01-20 15:05:00,8,1,20,15,5,10,289,POCHES (CHEMIN DES),,,Plein jour,Hors agglomération,Intersection en X,Normale,Deux véhicules - côté,,,,,,,,,,,1,1,2,1,3
200800001487,0008-01-30 07:50:00,8,1,30,7,50,10,53,"134, BROU ( BD N°68 A 18",,,Crépuscule ou aube,En agglomération,Hors intersection,Normale,Autre collision,,,,,,,,,,,2,2,1,1,6
200800001488,0008-01-30 19:05:00,8,1,30,19,5,10,53,CURTAFRAY ( CHEMIN DE),,,Nuit avec éclairage allumé,En agglomération,Intersection en T,Normale,Trois véhicules et plus - collisions multiples,,,,,,,,,,,5,2,3,1,5
200800001489,0008-01-09 16:40:00,8,1,9,16,40,20,28,RD1044,,,Plein jour,Hors agglomération,Hors intersection,Normale,Trois véhicules et plus - collisions multiples,,,,,,,,,,,1,1,1,1,5
200800001490,0008-01-10 18:10:00,8,1,10,18,10,20,408,"46, 13 OCTOBRE (RUE DU)",,,Nuit avec éclairage allumé,En agglomération,Hors intersection,Normale,Deux véhicules - arrière,,,,,,,,,,,5,2,1,1,2
200800001491,0008-01-05 21:05:00,8,1,5,21,5,20,691,", VERMAND (RUE DE)",,,Nuit avec éclairage allumé,En agglomération,Hors intersection,Pluie forte,Deux véhicules - frontale,,,,,,,,,,,5,2,1,3,1
200800001492,0008-01-15 22:50:00,8,1,15,22,50,20,691,"., GUERIN (BD DOCTEUR CA",,,Nuit avec éclairage allumé,En agglomération,Hors intersection,Vent fort / tempête,Autre collision,,,,,,,,,,,5,2,1,6,6
200800001493,0008-01-05 15:40:00,8,1,5,15,40,20,691,"74, KENNEDY (RUE DU PST",,,Crépuscule ou aube,En agglomération,Hors intersection,Pluie légère,Autre collision,,,,,,,,,,,2,2,1,2,6