accident_id,datetime,annee,mois,jour,heure,minute,departement,commune_insee,adresse,latitude,longitude,luminosite,agglomeration,intersection,meteo,collision,nb_vehicules,nb_usagers,nb_indemnes,nb_tues,nb_blesses_hosp,nb_blesses_legers,age_cond_1,age_cond_2,veh_type_cond_1,veh_type_cond_2,lum_code,agg_code,int_code,atm_code,col_code
200800001494,0008-01-16 08:20:00,8,1,16,8,20,20,691,"34, GUISE (RUE DE)",,,Crépuscule ou aube,En agglomération,Hors intersection,Temps couvert,Autre collision,,,,,,,,,,,2,2,1,8,6
200800001495,0008-01-17 09:00:00,8,1,17,9,0,20,691,"49, CHAUSSEE-ROMAINE (RU",,,Plein jour,En agglomération,Hors intersection,Normale,Autre collision,,,,,,,,,,,1,2,1,1,6
200800001496,0008-01-18 07:50:00,8,1,18,7,50,20,691,"40, PONTOILE (RUE DE)",,,Nuit avec éclairage allumé,En agglomération,Hors intersection,Pluie légère,Autre collision,,,,,,,,,,,5,2,1,2,6
200800001497,0008-01-05 18:40:00,8,1,5,18,40,20,722,"sans, GLE ET DE LA DIVIS",,,Nuit avec éclairage allumé,En agglomération,Hors intersection,Pluie légère,Autre collision,,,,,,,,,,,5,2,1,2,6
200800001498,0008-01-08 18:04:00,8,1,8,18,4,20,722,"sans, VICTOIRE (RUE DE L",,,Nuit avec éclairage allumé,En agglomération,Hors intersection,Pluie légère,Autre collision,,,,,,,,,,,5,2,1,2,6
200800001499,0008-01-24 19:50:00,8,1,24,19,50,20,722,"SANS, PIERRE CURIE ( RUE",,,Nuit avec éclairage allumé,En agglomération,Intersection en Y,Normale,Autre collision,,,,,,,,,,,5,2,4,1,6
200800001500,0008-01-26 20:50:00,8,1,26,20,50,20,64,"19, CHATEAU-THIERRY ( RO",,,Nuit avec éclairage allumé,Hors agglomération,Hors intersection,Normale,Sans collision,,,,,,,,,,,5,1,1,1,7
200800001501,0008-01-05 11:20:00,8,1,5,11,20,20,258,"82, GAMBETTA (BOULEVARD)",,,Plein jour,En agglomération,Hors intersection,Normale,Deux véhicules - arrière,,,,,,,,,,,1,2,1,1,2
200800001502,0008-01-12 19:50:00,8,1,12,19,50,30,262,RD 2144,,,Crépuscule ou aube,En agglomération,Intersection en T,Normale,Deux véhicules - côté,,,,,,,,,,,2,2,3,1,3
200800001503,0008-01-15 07:40:00,8,1,15,7,40,30,98,REPUBLIQUE ( RUE DE LA ),,,Nuit avec éclairage allumé,En agglomération,Hors intersection,Normale,Autre collision,,,,,,,,,,,5,2,1,1,6
200800001504,0008-01-18 09:55:00,8,1,18,9,55,30,185,VILLARS  ( RUE DE ),,,Plein jour,En agglomération,Hors intersection,Normale,Autre collision,,,,,,,,,,,1,2,1,1,6
200800001505,0008-01-23 09:05:00,8,1,23,9,5,30,13,"57, PARIS (ROUTE DE)",,,Plein jour,En agglomération,Giratoire,Normale,Autre collision,,,,,,,,,,,1,2,6,1,6
200800001506,0008-01-29 07:20:00,8,1,29,7,20,30,190,"10, GAULLE (AV. DU GAL.",,,Crépuscule ou aube,En agglomération,Intersection en T,Normale,Autre collision,,,,,,,,,,,2,2,3,1,6
200800001507,0008-01-03 12:00:00,8,1,3,12,0,30,95,"0, DE GAULLE (BOULEVARD",,,Plein jour,En agglomération,Intersection en T,Normale,Deux véhicules - côté,,,,,,,,,,,1,2,3,1,3
200800001508,0008-01-03 16:45:00,8,1,3,16,45,30,310,"34, BLANC (RUE LOUIS)",,,Plein jour,En agglomération,Intersection en X,Normale,Trois véhicules et plus - collisions multiples,,,,,,,,,,,1,2,2,1,5
200800001509,0008-01-08 10:00:00,8,1,8,10,0,30,310,"90, HOPITAL (BOULEVARD D",,,Plein jour,En agglomération,Hors intersection,Normale,Autre collision,,,,,,,,,,,1,2,1,1,6
200800001510,0008-01-08 11:45:00,8,1,8,11,45,30,95,"1, LA FAYETTE (COURS)",,,Plein jour,En agglomération,Hors intersection,Normale,Autre collision,,,,,,,,,,,1,2,1,1,6
200800001511,0008-01-09 13:45:00,8,1,9,13,45,30,95,"0, MIZON (RUE ANTOINETTE",,,Plein jour,En agglomération,Giratoire,Normale,Deux véhicules - côté,,,,,,,,,,,1,2,6,1,3
200800001512,0008-01-14 07:30:00,8,1,14,7,30,30,310,"0, VERNET (RUE DU)",,,Nuit avec éclairage allumé,En agglomération,Hors intersection,Pluie légère,Autre collision,,,,,,,,,,,5,2,1,2,6
200800001513,0008-01-17 07:40:00,8,1,17,7,40,30,95,PARIS (ROUTE DE),,,Nuit avec éclairage allumé,En agglomération,Hors intersection,Temps couvert,Autre collision,,,,,,,,,,,5,2,1,8,6
200800001514,0008-01-21 08:45:00,8,1,21,8,45,30,95,"21, ROMAINVILLE (RUE DE)",,,Plein jour,En agglomération,Hors intersection,Temps éblouissant,Autre collision,,,,,,,,,,,1,2,1,7,6
200800001515,0008-01-22 08:00:00,8,1,22,8,0,30,310,"0, SEVIGNE (RUE)",,,Nuit avec éclairage allumé,En agglomération,Intersection en X,Pluie légère,Deux véhicules - côté,,,,,,,,,,,5,2,2,2,3
200800001516,0008-01-23 15:30:00,8,1,23,15,30,30,95,"55, GRAVES (boulevard de",,,Plein jour,En agglomération,Intersection en X,Normale,Deux véhicules - côté,,,,,,,,,,,1,2,2,1,3
200800001517,0008-01-25 18:55:00,8,1,25,18,55,30,95,"59, DARCINS (RUE DES)",,,Nuit avec éclairage allumé,En agglomération,Hors intersection,Normale,Sans collision,,,,,,,,,,,5,2,1,1,7
200800001518,0008-01-28 08:50:00,8,1,28,8,50,30,95,CUREYRAS (RUE HENRI),,,Plein jour,En agglomération,Intersection en Y,Normale,Deux véhicules - côté,,,,,,,,,,,1,2,4,1,3
200800001519,0008-01-28 21:05:00,8,1,28,21,5,30,310,GRAMONT (AVENUE DE),,,Nuit avec éclairage allumé,En agglomération,Intersection en T,Normale,Deux véhicules - côté,,,,,,,,,,,5,2,3,1,3
200800001520,0008-01-31 17:40:00,8,1,31,17,40,30,95,RD 906B,,,Crépuscule ou aube,Hors agglomération,Hors intersection,Normale,Sans collision,,,,,,,,,,,2,1,1,1,7
200800001521,0008-01-01 15:10:00,8,1,1,15,10,40,70,FRUCHIER (AV. CH.),,,Plein jour,En agglomération,Hors intersection,Normale,Autre collision,,,,,,,,,,,1,2,1,1,6
200800001522,0008-01-07 10:30:00,8,1,7,10,30,40,70,CD 900 A,,,Plein jour,En agglomération,Autre intersection,Autre,Deux véhicules - frontale,,,,,,,,,,,1,2,9,9,1
200800001523,0008-01-03 19:40:00,8,1,3,19,40,40,112,MISTRAL (AVENUE F.),,,Nuit avec éclairage allumé,En agglomération,Autre intersection,Normale,Deux véhicules - côté,,,,,,,,,,,5,2,9,1,3
200800001524,0008-01-10 11:55:00,8,1,10,11,55,40,112,MANENC (MTE DE),,,Plein jour,Hors agglomération,Intersection en T,Pluie légère,Deux véhicules - côté,,,,,,,,,,,1,1,3,2,3
200800001525,0008-01-19 18:12:00,8,1,19,18,12,40,112,"0, HAUTE PROVENCE (BD. D",,,Nuit avec éclairage allumé,En agglomération,Hors intersection,Normale,Autre collision,,,,,,,,,,,5,2,1,1,6
200800001526,0008-01-28 18:00:00,8,1,28,18,0,40,112,DAUDET (ALL. A.),,,Nuit avec éclairage allumé,En agglomération,Hors intersection,Normale,Autre collision,,,,,,,,,,,5,2,1,1,6
200800001527,0008-01-07 12:18:00,8,1,7,12,18,50,61,SILOS ( RUE DES ),,,Plein jour,En agglomération,Hors intersection,Normale,Deux véhicules - frontale,,,,,,,,,,,1,2,1,1,1
200800001528,0008-01-12 18:30:00,8,1,12,18,30,50,61,LUYE ( ROUTE DE LA ),,,Crépuscule ou aube,En agglomération,Hors intersection,Temps couvert,Deux véhicules - frontale,,,,,,,,,,,2,2,1,8,1
200800001529,0008-01-20 14:05:00,8,1,20,14,5,50,61,"90, GEORGES POMPIDOU ( B",,,Plein jour,En agglomération,Hors intersection,Normale,Deux véhicules - arrière,,,,,,,,,,,1,2,1,1,2
200800001530,0008-01-24 18:55:00,8,1,24,18,55,50,61,MARECHAL FOCH ( AVENUE D,,,Nuit avec éclairage allumé,En agglomération,Hors intersection,Normale,Trois véhicules et plus - en chaîne,,,,,,,,,,,5,2,1,1,4
200800001531,0008-01-24 19:10:00,8,1,24,19,10,50,61,RN 85,,,Nuit sans éclairage public,Hors agglomération,Hors intersection,Normale,Deux véhicules - frontale,,,,,,,,,,,3,1,1,1,1
200800001532,0008-01-04 19:10:00,8,1,4,19,10,60,4,"29, WILSON BD",,,Nuit avec éclairage allumé,En agglomération,Hors intersection,Pluie forte,Autre collision,,,,,,,,,,,5,2,1,3,6
200800001533,0008-01-05 13:00:00,8,1,5,13,0,60,4,WYLLIE AV.JAMES,,,Plein jour,En agglomération,Intersection en T,Normale,Deux véhicules - frontale,,,,,,,,,,,1,2,3,1,1
200800001534,0008-01-06 11:30:00,8,1,6,11,30,60,4,GALLICE AV.ET PASSAGE,,,Plein jour,En agglomération,Hors intersection,Normale,Autre collision,,,,,,,,,,,1,2,1,1,6
200800001535,0008-01-07 11:45:00,8,1,7,11,45,60,4,NICE(RN.7) AV.ET RTE DE,,,Plein jour,En agglomération,Hors intersection,Normale,Deux véhicules - frontale,,,,,,,,,,,1,2,1,1,1
200800001536,0008-01-09 07:00:00,8,1,9,7,0,60,155,"67 BIS, CLEMENCEAU AV.GE",,,Nuit avec éclairage allumé,En agglomération,Hors intersection,Normale,Deux véhicules - arrière,,,,,,,,,,,5,2,1,1,2
200800001537,0008-01-09 09:20:00,8,1,9,9,20,60,4,"72, NICE(RN.7) AV.ET RTE",,,Plein jour,En agglomération,Hors intersection,Normale,Deux véhicules - côté,,,,,,,,,,,1,2,1,1,3
200800001538,0008-01-10 14:35:00,8,1,10,14,35,60,4,THIERS AV.,,,Plein jour,En agglomération,Intersection en X,Pluie légère,Deux véhicules - côté,,,,,,,,,,,1,2,2,2,3
200800001539,0008-01-11 14:51:00,8,1,11,14,51,60,4,NICE(RN.7) AV.ET RTE DE,,,Plein jour,En agglomération,Intersection en T,Pluie forte,Deux véhicules - côté,,,,,,,,,,,1,2,3,3,3
200800001540,0008-01-13 10:00:00,8,1,13,10,0,60,4,POINCARE BD RAYMOND,,,Plein jour,En agglomération,Intersection en T,Normale,Deux véhicules - côté,,,,,,,,,,,1,2,3,1,3
200800001541,0008-01-14 04:20:00,8,1,14,4,20,60,4,"1474, NICE(RN.7) AV.ET R",,,Nuit avec éclairage allumé,En agglomération,Giratoire,Normale,Autre collision,,,,,,,,,,,5,2,6,1,6
200800001542,0008-01-17 07:50:00,8,1,17,7,50,60,4,SAINT JEAN RTE ET CH.DE,,,Plein jour,En agglomération,Intersection en T,Normale,Deux véhicules - côté,,,,,,,,,,,1,2,3,1,3
200800001543,0008-01-18 15:30:00,8,1,18,15,30,60,4,CANNES(RN.7) AV.DE,,,Plein jour,Hors agglomération,Intersection en T,Normale,Deux véhicules - côté,,,,,,,,,,,1,1,3,1,3
200800001544,0008-01-19 00:50:00,8,1,19,0,50,60,4,EUCALYPTUS AV.ET CH.DES,,,Nuit avec éclairage allumé,En agglomération,Giratoire,Normale,Sans collision,,,,,,,,,,,5,2,6,1,7
200800001545,0008-01-19 09:25:00,8,1,19,9,25,60,4,SAINT CLAUDE CH.DE,,,Plein jour,Hors agglomération,Intersection en X,Normale,Deux véhicules - côté,,,,,,,,,,,1,1,2,1,3
200800001546,0008-01-20 20:21:00,8,1,20,20,21,60,4,"740, GREC AV.JULES",,,Nuit avec éclairage allumé,En agglomération,Autre intersection,Normale,Deux véhicules - côté,,,,,,,,,,,5,2,9,1,3
200800001547,0008-01-21 16:45:00,8,1,21,16,45,60,4,ROCHAT AV.PHILIPPE,,,Plein jour,En agglomération,Autre intersection,Normale,Trois véhicules et plus - collisions multiples,,,,,,,,,,,1,2,9,1,5
200800001548,0008-01-23 13:25:00,8,1,23,13,25,60,4,CLAUDE CH.DE ST,,,Plein jour,En agglomération,Intersection en T,Normale,Deux véhicules - côté,,,,,,,,,,,1,2,3,1,3
200800001549,0008-01-26 14:15:00,8,1,26,14,15,60,155,"230, LIBERTE AV.DE LA",,,Plein jour,En agglomération,Hors intersection,Normale,Deux véhicules - côté,,,,,,,,,,,1,2,1,1,3
200800001550,0008-01-26 18:25:00,8,1,26,18,25,60,4,"2673, SAINT CLAUDE CH.DE",,,Nuit avec éclairage non allumé,En agglomération,Hors intersection,Normale,Autre collision,,,,,,,,,,,4,2,1,1,6
200800001551,0008-01-28 15:20:00,8,1,28,15,20,60,4,"10, WILSON BD",,,Plein jour,En agglomération,Hors intersection,Normale,Autre collision,,,,,,,,,,,1,2,1,1,6
200800001552,0008-01-07 09:30:00,8,1,7,9,30,60,27,"129, NICE AVENUE DE (RN7",,,Plein jour,En agglomération,Hors intersection,Normale,Autre collision,,,,,,,,,,,1,2,1,1,6
200800001553,0008-01-08 07:45:00,8,1,8,7,45,60,27,JUIN BOULEVARD MARECHAL,,,Crépuscule ou aube,En agglomération,Intersection en X,Normale,Deux véhicules - côté,,,,,,,,,,,2,2,2,1,3
200800001554,0008-01-01 05:30:00,8,1,1,5,30,130,55,"155, VISTE (AVENUE DE LA",,,Nuit avec éclairage allumé,En agglomération,Hors intersection,Normale,Autre collision,,,,,,,,,,,5,2,1,1,6
200800001555,0008-01-02 19:30:00,8,1,2,19,30,130,55,"55, PRADO (AVENUE DU)",,,Nuit avec éclairage allumé,En agglomération,Hors intersection,Normale,Sans collision,,,,,,,,,,,5,2,1,1,7
200800001556,0008-01-06 06:10:00,8,1,6,6,10,130,55,MARÉCHAL JUIN (BOULEVARD,,,Nuit avec éclairage allumé,En agglomération,Hors intersection,Temps couvert,Sans collision,,,,,,,,,,,5,2,1,8,7
200800001557,0008-01-05 04:45:00,8,1,5,4,45,130,55,"6, PRADO (AVENUE DU)",,,Nuit avec éclairage allumé,En agglomération,Hors intersection,Temps couvert,Autre collision,,,,,,,,,,,5,2,1,8,6
200800001558,0008-01-05 12:00:00,8,1,5,12,0,130,55,"233, LIBERATION (BOULEVA",,,Plein jour,En agglomération,Hors intersection,Pluie légère,Trois véhicules et plus - collisions multiples,,,,,,,,,,,1,2,1,2,5
200800001559,0008-01-05 17:50:00,8,1,5,17,50,130,55,"550, PARADIS (RUE)",,,Nuit avec éclairage allumé,En agglomération,Hors intersection,Pluie légère,Deux véhicules - côté,,,,,,,,,,,5,2,1,2,3
200800001560,0008-01-10 18:50:00,8,1,10,18,50,130,55,"108, LIEUTAUD (COURS)",,,Nuit avec éclairage allumé,En agglomération,Hors intersection,Pluie légère,Deux véhicules - côté,,,,,,,,,,,5,2,1,2,3
200800001561,0008-01-01 18:40:00,8,1,1,18,40,130,55,"67, SAINT JEAN (RUE)",,,Nuit avec éclairage allumé,En agglomération,Hors intersection,Normale,Trois véhicules et plus - en chaîne,,,,,,,,,,,5,2,1,1,4
200800001562,0008-01-02 17:30:00,8,1,2,17,30,130,55,"177, SAINT ANTOINE (CHEM",,,Crépuscule ou aube,En agglomération,Hors intersection,Normale,Autre collision,,,,,,,,,,,2,2,1,1,6
200800001563,0008-01-01 04:30:00,8,1,1,4,30,130,55,"31, PRADO (AVENUE DU)",,,Nuit avec éclairage allumé,En agglomération,Hors intersection,Normale,Deux véhicules - frontale,,,,,,,,,,,5,2,1,1,1
200800001564,0008-01-01 07:05:00,8,1,1,7,5,130,55,BRETEUIL (RUE)  1 A 17,,,Crépuscule ou aube,En agglomération,Intersection en X,Normale,Autre collision,,,,,,,,,,,2,2,2,1,6
200800001565,0008-01-08 07:30:00,8,1,8,7,30,130,55,"307, ROMAIN ROLLAND (BOU",,,Plein jour,En agglomération,Hors intersection,Normale,Deux véhicules - côté,,,,,,,,,,,1,2,1,1,3
200800001566,0008-01-08 10:15:00,8,1,8,10,15,130,55,POMPIDOU (PROMENADE),,,Plein jour,En agglomération,Hors intersection,Normale,Autre collision,,,,,,,,,,,1,2,1,1,6
200800001567,0008-01-08 20:20:00,8,1,8,20,20,130,55,ALBENIZ (ALLEE),,,Nuit avec éclairage allumé,En agglomération,Intersection en T,Normale,Autre collision,,,,,,,,,,,5,2,3,1,6
200800001568,0008-01-08 21:30:00,8,1,8,21,30,130,55,"15, FELIBRIGE (BOULEVARD",,,Nuit avec éclairage allumé,En agglomération,Hors intersection,Normale,Deux véhicules - frontale,,,,,,,,,,,5,2,1,1,1
200800001569,0008-01-08 16:00:00,8,1,8,16,0,130,2,"0, ETIENNE CUCCA-CD908 (",,,Plein jour,En agglomération,Hors intersection,Normale,Autre collision,,,,,,,,,,,1,2,1,1,6
200800001570,0008-01-04 10:30:00,8,1,4,10,30,130,55,"57, ROMAIN ROLLAND (BOUL",,,Plein jour,En agglomération,Hors intersection,Normale,Autre collision,,,,,,,,,,,1,2,1,1,6
200800001571,0008-01-06 02:30:00,8,1,6,2,30,130,55,"20, VISTE (AVENUE DE LA)",,,Nuit avec éclairage allumé,En agglomération,Hors intersection,Pluie forte,Autre collision,,,,,,,,,,,5,2,1,3,6
200800001572,0008-01-10 08:00:00,8,1,10,8,0,130,55,"241, PRADO (AVENUE)",,,Crépuscule ou aube,En agglomération,Hors intersection,Pluie légère,Autre collision,,,,,,,,,,,2,2,1,2,6
200800001573,0008-01-09 15:00:00,8,1,9,15,0,130,55,", SAINT MARCEL (BOULEVAR",,,Plein jour,En agglomération,Autre intersection,Pluie légère,Autre collision,,,,,,,,,,,1,2,9,2,6
200800001574,0008-01-12 18:30:00,8,1,12,18,30,130,2,QUATRE SAISONS (ROUTE DE,,,Nuit avec éclairage allumé,En agglomération,Hors intersection,Normale,Deux véhicules - côté,,,,,,,,,,,5,2,1,1,3
200800001575,0008-01-12 14:30:00,8,1,12,14,30,130,55,"46, CARTONNERIE (BOULEVA",,,Plein jour,En agglomération,Hors intersection,Normale,Deux véhicules - côté,,,,,,,,,,,1,2,1,1,3
200800001576,0008-01-07 18:35:00,8,1,7,18,35,130,55,JEAN QUEILLAU (RUE),,,Nuit avec éclairage allumé,En agglomération,Hors intersection,Normale,Deux véhicules - côté,,,,,,,,,,,5,2,1,1,3
200800001577,0008-01-07 17:15:00,8,1,7,17,15,130,55,ROSE (AVENUE DE LA),,,Plein jour,En agglomération,Intersection en T,Temps couvert,Deux véhicules - côté,,,,,,,,,,,1,2,3,8,3
200800001578,0008-01-07 10:10:00,8,1,7,10,10,130,55,QUATRE SEPT (PLACE DU),,,Plein jour,En agglomération,Intersection en X,Normale,Deux véhicules - côté,,,,,,,,,,,1,2,2,1,3
200800001579,0008-01-08 09:05:00,8,1,8,9,5,130,55,FRAIS VALLON (AVENUE),,,Plein jour,En agglomération,Hors intersection,Normale,Deux véhicules - arrière,,,,,,,,,,,1,2,1,1,2
200800001580,0008-01-04 15:45:00,8,1,4,15,45,130,55,"26, FLAMMARION (BOULEVAR",,,Plein jour,En agglomération,Hors intersection,Pluie légère,Deux véhicules - côté,,,,,,,,,,,1,2,1,2,3
200800001581,0008-01-07 11:00:00,8,1,7,11,0,130,55,"15, JOLIETTE (QUAI DE LA",,,Plein jour,En agglomération,Hors intersection,Normale,Deux véhicules - côté,,,,,,,,,,,1,2,1,1,3
200800001582,0008-01-09 12:00:00,8,1,9,12,0,130,55,HENRI BARNIER (BOULEVARD,,,Plein jour,En agglomération,Hors intersection,Pluie légère,Deux véhicules - côté,,,,,,,,,,,1,2,1,2,3
200800001583,0008-01-07 08:00:00,8,1,7,8,0,130,55,FRANÇOISE DUPARC (BOULEV,,,Plein jour,En agglomération,Hors intersection,Normale,Trois véhicules et plus - collisions multiples,,,,,,,,,,,1,2,1,1,5
200800001584,0008-01-02 20:15:00,8,1,2,20,15,130,55,FRANCOISE DUPARC (BOULEV,,,Nuit avec éclairage allumé,En agglomération,Hors intersection,Normale,Deux véhicules - côté,,,,,,,,,,,5,2,1,1,3
200800001585,0008-01-05 12:25:00,8,1,5,12,25,130,55,SALVADOR ALLENDE (RUE),,,Plein jour,En agglomération,Hors intersection,Normale,Deux véhicules - arrière,,,,,,,,,,,1,2,1,1,2
200800001586,0008-01-10 16:45:00,8,1,10,16,45,130,55,"56, PLOMBIERES (BOULEVAR",,,Plein jour,En agglomération,Hors intersection,Pluie légère,Autre collision,,,,,,,,,,,1,2,1,2,6
200800001587,0008-01-11 07:50:00,8,1,11,7,50,130,55,CREDENCE (RUE),,,Plein jour,En agglomération,Intersection en T,Pluie légère,Deux véhicules - côté,,,,,,,,,,,1,2,3,2,3
200800001588,0008-01-08 18:20:00,8,1,8,18,20,130,55,SAINT LOUP (BOULEVARD DE,,,Nuit avec éclairage allumé,En agglomération,Intersection en T,Normale,Deux véhicules - frontale,,,,,,,,,,,5,2,3,1,1
200800001589,0008-01-09 19:45:00,8,1,9,19,45,130,2,ETIENNE CUCCA-CD908 (AVE,,,Nuit sans éclairage public,Hors agglomération,Hors intersection,Pluie légère,Autre collision,,,,,,,,,,,3,1,1,2,6
200800001590,0008-01-09 07:55:00,8,1,9,7,55,130,2,"272, CLEMENT, JULES BART",,,Crépuscule ou aube,En agglomération,Hors intersection,Normale,Deux véhicules - côté,,,,,,,,,,,2,2,1,1,3
200800001591,0008-01-10 00:40:00,8,1,10,0,40,130,55,ROGER BRUN (RUE),,,Nuit avec éclairage allumé,En agglomération,Intersection en X,Temps couvert,Autre collision,,,,,,,,,,,5,2,2,8,6
200800001592,0008-01-04 12:15:00,8,1,4,12,15,130,55,"7, JEANNE DE CHANTAL (RU",,,Plein jour,En agglomération,Hors intersection,Normale,Deux véhicules - arrière,,,,,,,,,,,1,2,1,1,2
200800001593,0008-01-11 14:10:00,8,1,11,14,10,130,55,"173, ROMAIN ROLLAND (BOU",,,Plein jour,En agglomération,Hors intersection,Temps couvert,Deux véhicules - arrière,,,,,,,,,,,1,2,1,8,2
200800001594,0008-01-08 07:50:00,8,1,8,7,50,130,55,"73, VISTE (AVENUE DE LA)",,,Plein jour,En agglomération,Intersection en T,Normale,Deux véhicules - arrière,,,,,,,,,,,1,2,3,1,2
200800001595,0008-01-09 13:30:00,8,1,9,13,30,130,55,"144, CHATEAU GOMBERT (AV",,,Plein jour,En agglomération,Hors intersection,Pluie légère,Autre collision,,,,,,,,,,,1,2,1,2,6
200800001596,0008-01-10 16:30:00,8,1,10,16,30,130,55,"84/86, BOUYALA D'ARNAUD",,,Plein jour,En agglomération,Hors intersection,Pluie légère,Deux véhicules - côté,,,,,,,,,,,1,2,1,2,3
200800001597,0008-01-11 08:25:00,8,1,11,8,25,130,55,"66, ROME (RUE DE)",,,Plein jour,En agglomération,Intersection en X,Pluie légère,Sans collision,,,,,,,,,,,1,2,2,2,7
200800001598,0008-01-15 15:30:00,8,1,15,15,30,130,55,"30, SAINT JEAN (AVENUE)",,,Plein jour,En agglomération,Hors intersection,Normale,Autre collision,,,,,,,,,,,1,2,1,1,6
200800001599,0008-01-16 07:40:00,8,1,16,7,40,130,55,"48, PONT DE VIVAUX (BOUL",,,Crépuscule ou aube,En agglomération,Hors intersection,Pluie légère,Deux véhicules - frontale,,,,,,,,,,,2,2,1,2,1
200800001600,0008-01-11 13:15:00,8,1,11,13,15,130,55,PRADO (AVENUE DU),,,Plein jour,En agglomération,Hors intersection,Normale,Autre collision,,,,,,,,,,,1,2,1,1,6
200800001601,0008-01-16 19:45:00,8,1,16,19,45,130,55,SALVADOR ALLENDE (RUE),,,Crépuscule ou aube,En agglomération,Hors intersection,Normale,Trois véhicules et plus - en chaîne,,,,,,,,,,,2,2,1,1,4
200800001602,0008-01-17 10:30:00,8,1,17,10,30,130,55,LÉON LACHAMP (ROUTE),,,Plein jour,En agglomération,Hors intersection,Normale,Trois véhicules et plus - collisions multiples,,,,,,,,,,,1,2,1,1,5
200800001603,0008-01-15 18:45:00,8,1,15,18,45,130,55,"61, MONTREDON (AVENUE DE",,,Nuit avec éclairage non allumé,En agglomération,Hors intersection,Normale,Deux véhicules - côté,,,,,,,,,,,4,2,1,1,3
200800001604,0008-01-08 08:30:00,8,1,8,8,30,130,55,AMPERE (BOULEVARD),,,Plein jour,En agglomération,Hors intersection,Normale,Deux véhicules - arrière,,,,,,,,,,,1,2,1,1,2
200800001605,0008-01-05 17:35:00,8,1,5,17,35,130,55,BUZINE (CHEMIN DE LA),,,Nuit sans éclairage public,En agglomération,Intersection en T,Normale,Deux véhicules - arrière,,,,,,,,,,,3,2,3,1,2
200800001606,0008-01-18 00:01:00,8,1,18,0,1,130,55,", JEAN MERMOZ (RUE)",,,Nuit avec éclairage allumé,En agglomération,Intersection en T,Normale,Autre collision,,,,,,,,,,,5,2,3,1,6
200800001607,0008-01-16 15:20:00,8,1,16,15,20,130,55,PIERRE DOIZE  (RUE),,,Plein jour,En agglomération,Hors intersection,Normale,Deux véhicules - côté,,,,,,,,,,,1,2,1,1,3
200800001608,0008-01-14 20:40:00,8,1,14,20,40,130,55,SAINT PIERRE (RUE),,,Nuit avec éclairage allumé,En agglomération,Hors intersection,Pluie légère,Autre collision,,,,,,,,,,,5,2,1,2,6
200800001609,0008-01-13 12:30:00,8,1,13,12,30,130,55,VALENTINE (ROUTE DE LA),,,Plein jour,En agglomération,Intersection en X,Normale,Sans collision,,,,,,,,,,,1,2,2,1,7
200800001610,0008-01-08 13:30:00,8,1,8,13,30,130,55,"106, GIBBES (CHEMIN DE)",,,Plein jour,En agglomération,Intersection en T,Normale,Deux véhicules - arrière,,,,,,,,,,,1,2,3,1,2
200800001611,0008-01-07 08:45:00,8,1,7,8,45,130,55,FRAIS VALLON (AVENUE),,,Plein jour,Hors agglomération,Hors intersection,Normale,Deux véhicules - côté,,,,,,,,,,,1,1,1,1,3
200800001612,0008-01-14 14:00:00,8,1,14,14,0,130,55,"17, SAINT JEAN (RUE)",,,Plein jour,En agglomération,Hors intersection,Normale,Deux véhicules - arrière,,,,,,,,,,,1,2,1,1,2
200800001613,0008-01-15 18:55:00,8,1,15,18,55,130,55,SCHLOESING (BOULEVARD),,,Nuit avec éclairage allumé,En agglomération,Hors intersection,Normale,Sans collision,,,,,,,,,,,5,2,1,1,7
200800001614,0008-01-14 15:00:00,8,1,14,15,0,130,55,FRAIS VALLON (AVENUE),,,Plein jour,En agglomération,Hors intersection,Normale,Autre collision,,,,,,,,,,,1,2,1,1,6
200800001615,0008-01-08 17:15:00,8,1,8,17,15,130,55,"69, COMMANDERIE (CHEMIN)",,,Crépuscule ou aube,En agglomération,Hors intersection,Normale,Autre collision,,,,,,,,,,,2,2,1,1,6
200800001616,0008-01-18 11:50:00,8,1,18,11,50,130,55,"457, SAINT PIERRE (RUE)",,,Plein jour,En agglomération,Hors intersection,Normale,Deux véhicules - arrière,,,,,,,,,,,1,2,1,1,2
200800001617,0008-01-20 16:15:00,8,1,20,16,15,130,55,FRAIS VALLON (AVENUE),,,Plein jour,En agglomération,Hors intersection,Normale,Deux véhicules - arrière,,,,,,,,,,,1,2,1,1,2
200800001618,0008-01-18 17:15:00,8,1,18,17,15,130,55,CHAVE (BOULEVARD),,,Plein jour,En agglomération,Intersection en X,Normale,Deux véhicules - frontale,,,,,,,,,,,1,2,2,1,1
200800001619,0008-01-18 17:16:00,8,1,18,17,16,130,55,FORTUNÉ CHAILLAN (RUE),,,Plein jour,En agglomération,Hors intersection,Normale,Deux véhicules - côté,,,,,,,,,,,1,2,1,1,3
200800001620,0008-01-20 08:40:00,8,1,20,8,40,130,55,"576, LITTORAL (CHEMIN DU",,,Plein jour,En agglomération,Hors intersection,Normale,Autre collision,,,,,,,,,,,1,2,1,1,6
200800001621,0008-01-19 12:25:00,8,1,19,12,25,130,55,BOURRELY (CHEMIN DES),,,Plein jour,En agglomération,Hors intersection,Normale,Trois véhicules et plus - collisions multiples,,,,,,,,,,,1,2,1,1,5
200800001622,0008-01-15 21:25:00,8,1,15,21,25,130,55,SAINTE MARGUERITE (BOULE,,,Nuit avec éclairage allumé,En agglomération,Intersection en X,Pluie légère,Deux véhicules - côté,,,,,,,,,,,5,2,2,2,3
200800001623,0008-01-13 22:35:00,8,1,13,22,35,130,55,", RABATAU (BOULEVARD)",,,Nuit avec éclairage allumé,En agglomération,Giratoire,Normale,Autre collision,,,,,,,,,,,5,2,6,1,6