accident_id,datetime,annee,mois,jour,heure,minute,departement,commune_insee,adresse,latitude,longitude,luminosite,agglomeration,intersection,meteo,collision,nb_vehicules,nb_usagers,nb_indemnes,nb_tues,nb_blesses_hosp,nb_blesses_legers,age_cond_1,age_cond_2,veh_type_cond_1,veh_type_cond_2,lum_code,agg_code,int_code,atm_code,col_code
200800001754,0008-01-24 08:25:00,8,1,24,8,25,130,55,"199, NATIONAL (BOULEVARD",,,Plein jour,En agglomération,Hors intersection,Normale,Autre collision,,,,,,,,,,,1,2,1,1,6
200800001755,0008-01-31 18:25:00,8,1,31,18,25,130,55,MAROC (TRAVERSE DU),,,Nuit avec éclairage allumé,En agglomération,Hors intersection,Normale,Deux véhicules - côté,,,,,,,,,,,5,2,1,1,3
200800001756,0008-01-31 20:20:00,8,1,31,20,20,130,55,MAURIAC (RUE),,,Nuit avec éclairage allumé,En agglomération,Hors intersection,Normale,Deux véhicules - arrière,,,,,,,,,,,5,2,1,1,2
200800001757,0008-01-31 10:16:00,8,1,31,10,16,130,55,"22, COLGATE (TRAVERSE)",,,Plein jour,En agglomération,Autre intersection,Normale,Autre collision,,,,,,,,,,,1,2,9,1,6
200800001758,0008-01-30 16:40:00,8,1,30,16,40,130,55,SAINTE MARGUERITE (BOULE,,,Plein jour,En agglomération,Hors intersection,Normale,Autre collision,,,,,,,,,,,1,2,1,1,6
200800001759,0008-01-07 09:15:00,8,1,7,9,15,130,55,MIREILLE LAUZE (BOULEVAR,,,Plein jour,En agglomération,Giratoire,Normale,Deux véhicules - côté,,,,,,,,,,,1,2,6,1,3
200800001760,0008-01-25 15:30:00,8,1,25,15,30,130,55,VITON (AVENUE),,,Plein jour,En agglomération,Hors intersection,Normale,Deux véhicules - arrière,,,,,,,,,,,1,2,1,1,2
200800001761,0008-01-08 09:50:00,8,1,8,9,50,130,55,MARIE MADELEINE FOURCADE,,,Plein jour,En agglomération,Hors intersection,Normale,Autre collision,,,,,,,,,,,1,2,1,1,6
200800001762,0008-01-26 11:20:00,8,1,26,11,20,130,55,"221, ENDOUME (RUE D')",,,Plein jour,En agglomération,Hors intersection,Normale,Autre collision,,,,,,,,,,,1,2,1,1,6
200800001763,0008-01-25 12:30:00,8,1,25,12,30,130,55,"99, CAMOINS (AVENUE DES)",,,Plein jour,En agglomération,Hors intersection,Normale,Deux véhicules - côté,,,,,,,,,,,1,2,1,1,3
200800001764,0008-01-30 22:00:00,8,1,30,22,0,130,55,COMTESSE (BOULEVARD DE L,,,Nuit avec éclairage allumé,En agglomération,Intersection en Y,Normale,Deux véhicules - côté,,,,,,,,,,,5,2,4,1,3
200800001765,0008-01-21 11:50:00,8,1,21,11,50,130,55,PIERRE DOIZE  (RUE),,,Plein jour,En agglomération,Hors intersection,Normale,Deux véhicules - côté,,,,,,,,,,,1,2,1,1,3
200800001766,0008-01-31 21:30:00,8,1,31,21,30,130,55,"01, GRAND RUE (RUE)",,,Nuit avec éclairage allumé,En agglomération,Hors intersection,Normale,Deux véhicules - frontale,,,,,,,,,,,5,2,1,1,1
200800001767,0008-01-29 17:40:00,8,1,29,17,40,130,55,SAUVEUR TOBELEM (RUE),,,Crépuscule ou aube,En agglomération,Hors intersection,Normale,Deux véhicules - côté,,,,,,,,,,,2,2,1,1,3
200800001768,0008-01-30 18:45:00,8,1,30,18,45,130,55,"39, LIEUTAUD (COURS)",,,Nuit avec éclairage allumé,En agglomération,Hors intersection,Normale,Deux véhicules - frontale,,,,,,,,,,,5,2,1,1,1
200800001769,0008-01-25 12:50:00,8,1,25,12,50,130,55,FRANKLIN ROOSEVELT (COUR,,,Plein jour,En agglomération,Intersection en Y,Normale,Deux véhicules - côté,,,,,,,,,,,1,2,4,1,3
200800001770,0008-01-22 14:00:00,8,1,22,14,0,130,55,"345, SAINT PIERRE (RUE)",,,Plein jour,En agglomération,Hors intersection,Normale,Deux véhicules - frontale,,,,,,,,,,,1,2,1,1,1
200800001771,0008-01-23 13:20:00,8,1,23,13,20,130,55,"464, MIREILLE LAUZE (BOU",,,Plein jour,En agglomération,Hors intersection,Normale,Sans collision,,,,,,,,,,,1,2,1,1,7
200800001772,0008-01-22 12:00:00,8,1,22,12,0,130,55,"56, STRASBOURG (BOULEVAR",,,Plein jour,En agglomération,Intersection en T,Normale,Autre collision,,,,,,,,,,,1,2,3,1,6
200800001773,0008-01-13 15:55:00,8,1,13,15,55,130,55,"221, DANIEL CASANOVA (BO",,,Plein jour,En agglomération,Hors intersection,Normale,Autre collision,,,,,,,,,,,1,2,1,1,6
200800001774,0008-01-29 18:30:00,8,1,29,18,30,130,55,SABLIERE (ROUTE DE LA),,,Nuit avec éclairage allumé,En agglomération,Hors intersection,Normale,Deux véhicules - côté,,,,,,,,,,,5,2,1,1,3
200800001775,0008-01-20 01:45:00,8,1,20,1,45,130,55,OLIVES (AVENUE DES),,,Nuit avec éclairage allumé,Hors agglomération,Hors intersection,Normale,Deux véhicules - frontale,,,,,,,,,,,5,1,1,1,1
200800001776,0008-01-24 18:30:00,8,1,24,18,30,130,55,BONNEFOY (RUE),,,Crépuscule ou aube,En agglomération,Hors intersection,Normale,Deux véhicules - côté,,,,,,,,,,,2,2,1,1,3
200800001777,0008-01-14 08:01:00,8,1,14,8,1,130,55,MENDES FRANCE (AVENUE),,,Plein jour,En agglomération,Hors intersection,Temps couvert,Sans collision,,,,,,,,,,,1,2,1,8,7
200800001778,0008-01-12 18:15:00,8,1,12,18,15,130,55,SAINTE MARGUERITE (BOULE,,,Nuit avec éclairage allumé,En agglomération,Hors intersection,Normale,Sans collision,,,,,,,,,,,5,2,1,1,7
200800001779,0008-01-30 19:30:00,8,1,30,19,30,130,55,"12, CANEBIERE    2 A 26",,,Nuit avec éclairage allumé,En agglomération,Hors intersection,Normale,Deux véhicules - arrière,,,,,,,,,,,5,2,1,1,2
200800001780,0008-01-24 19:15:00,8,1,24,19,15,130,55,JEAN JAURES (PLACE),,,Nuit avec éclairage non allumé,En agglomération,Hors intersection,Normale,Autre collision,,,,,,,,,,,4,2,1,1,6
200800001781,0008-01-30 10:00:00,8,1,30,10,0,130,55,RABATAU (BOULEVARD),,,Plein jour,En agglomération,Intersection en Y,Normale,Sans collision,,,,,,,,,,,1,2,4,1,7
200800001782,0008-01-22 07:16:00,8,1,22,7,16,130,55,POMME (BOULEVARD DE LA ),,,Crépuscule ou aube,En agglomération,Hors intersection,Normale,Deux véhicules - arrière,,,,,,,,,,,2,2,1,1,2
200800001783,0008-01-23 17:50:00,8,1,23,17,50,130,55,"08, BELSUNCE (COURS)",,,Plein jour,En agglomération,Hors intersection,Normale,Autre collision,,,,,,,,,,,1,2,1,1,6
200800001784,0008-01-28 07:45:00,8,1,28,7,45,130,55,LA PUGETTE (BOULEVARD),,,Plein jour,En agglomération,Intersection en X,Normale,Autre collision,,,,,,,,,,,1,2,2,1,6
200800001785,0008-01-27 17:10:00,8,1,27,17,10,130,55,"34, VALBARELLE (CHEMIN D",,,Plein jour,En agglomération,Intersection en T,Temps éblouissant,Autre collision,,,,,,,,,,,1,2,3,7,6
200800001786,0008-01-06 15:10:00,8,1,6,15,10,130,56,SAUSSET,,,Plein jour,Hors agglomération,Hors intersection,Normale,Autre collision,,,,,,,,,,,1,1,1,1,6
200800001787,0008-01-15 16:35:00,8,1,15,16,35,130,56,FOURNIER BOULEVARD HELEN,,,Plein jour,En agglomération,Hors intersection,Normale,Autre collision,,,,,,,,,,,1,2,1,1,6
200800001788,0008-01-23 14:15:00,8,1,23,14,15,130,77,D 50,,,Plein jour,Hors agglomération,Hors intersection,Normale,Deux véhicules - frontale,,,,,,,,,,,1,1,1,1,1
200800001789,0008-01-23 17:04:00,8,1,23,17,4,130,56,ROUSSEAU JEAN JACQUES,,,Plein jour,En agglomération,Hors intersection,Normale,Autre collision,,,,,,,,,,,1,2,1,1,6
200800001790,0008-01-29 13:00:00,8,1,29,13,0,130,39,RN 568,,,Plein jour,En agglomération,Hors intersection,Normale,Trois véhicules et plus - collisions multiples,,,,,,,,,,,1,2,1,1,5
200800001791,0008-01-25 17:20:00,8,1,25,17,20,130,39,RN 544,,,Plein jour,Hors agglomération,Intersection en T,Normale,Deux véhicules - côté,,,,,,,,,,,1,1,3,1,3
200800001792,0008-01-21 17:35:00,8,1,21,17,35,130,56,MICHEL BOULEVARD LOUISE,,,Plein jour,En agglomération,Hors intersection,Normale,Deux véhicules - frontale,,,,,,,,,,,1,2,1,1,1
200800001793,0008-01-04 09:20:00,8,1,4,9,20,130,78,DORMOY MARX (AVENUE),,,Plein jour,En agglomération,Giratoire,Pluie forte,Deux véhicules - arrière,,,,,,,,,,,1,2,6,3,2
200800001794,0008-01-09 12:00:00,8,1,9,12,0,130,103,AVENUE DE LA PATROUILLE,,,Plein jour,En agglomération,Hors intersection,Temps couvert,Deux véhicules - frontale,,,,,,,,,,,1,2,1,8,1
200800001795,0008-01-26 18:50:00,8,1,26,18,50,130,103,RTE D' EYGUIERES-RD 17,,,Nuit sans éclairage public,En agglomération,Hors intersection,Normale,Sans collision,,,,,,,,,,,3,2,1,1,7
200800001796,0008-01-23 10:15:00,8,1,23,10,15,130,108,RD 570 ROUTE D'AVIGNON,,,Plein jour,En agglomération,Hors intersection,Normale,Deux véhicules - arrière,,,,,,,,,,,1,2,1,1,2
200800001797,0008-01-28 07:45:00,8,1,28,7,45,130,108,"385, RD 99 ROUTE DE SAIN",,,Plein jour,En agglomération,Hors intersection,Normale,Deux véhicules - côté,,,,,,,,,,,1,2,1,1,3
200800001798,0008-01-01 02:50:00,8,1,1,2,50,130,71,ROUTE NATIONALE 113 - MO,,,Nuit avec éclairage allumé,Hors agglomération,Hors intersection,Normale,Deux véhicules - frontale,,,,,,,,,,,5,1,1,1,1
200800001799,0008-01-12 18:30:00,8,1,12,18,30,130,71,VELAUX (CHEMIN),,,Nuit sans éclairage public,Hors agglomération,Hors intersection,Normale,Deux véhicules - frontale,,,,,,,,,,,3,1,1,1,1
200800001800,0008-01-22 15:35:00,8,1,22,15,35,130,71,AGRICOL PERDIGUIER (RUE),,,Plein jour,En agglomération,Hors intersection,Normale,Deux véhicules - côté,,,,,,,,,,,1,2,1,1,3
200800001801,0008-01-27 12:30:00,8,1,27,12,30,130,71,PLAN DE CAMPAGNE,,,Plein jour,En agglomération,Hors intersection,Normale,Deux véhicules - côté,,,,,,,,,,,1,2,1,1,3
200800001802,0008-01-28 18:40:00,8,1,28,18,40,130,117,8 MAI 1945 (AVENUE),,,Nuit avec éclairage allumé,En agglomération,Hors intersection,Normale,Autre collision,,,,,,,,,,,5,2,1,1,6
200800001803,0008-01-29 13:30:00,8,1,29,13,30,130,117,", ARVE (AVENUE STEPHEN D",,,Plein jour,En agglomération,Giratoire,Normale,Deux véhicules - côté,,,,,,,,,,,1,2,6,1,3
200800001804,0008-01-31 20:00:00,8,1,31,20,0,130,71,ROUTE NATIONALE 113 - RE,,,Nuit sans éclairage public,En agglomération,Hors intersection,Normale,Deux véhicules - côté,,,,,,,,,,,3,2,1,1,3
200800001805,0008-01-04 23:05:00,8,1,4,23,5,140,101,"0, RN 814",,,Nuit avec éclairage allumé,Hors agglomération,Hors intersection,Pluie forte,Autre collision,,,,,,,,,,,5,1,1,3,6
200800001806,0008-01-08 15:30:00,8,1,8,15,30,140,118,"0, COTE DE NACRE(AVENUE)",,,Plein jour,En agglomération,Hors intersection,Normale,Autre collision,,,,,,,,,,,1,2,1,1,6
200800001807,0008-01-15 18:15:00,8,1,15,18,15,140,118,"0, DETOLLE (BOULEVARD AN",,,Nuit avec éclairage allumé,En agglomération,Hors intersection,Pluie légère,Autre collision,,,,,,,,,,,5,2,1,2,6
200800001808,0008-01-21 17:15:00,8,1,21,17,15,140,327,"0, GRANDE CAVEE (AVENUE",,,Crépuscule ou aube,En agglomération,Hors intersection,Temps couvert,Autre collision,,,,,,,,,,,2,2,1,8,6
200800001809,0008-01-23 14:15:00,8,1,23,14,15,140,118,ROUTE NATIONALE 814,,,Plein jour,En agglomération,Hors intersection,Normale,Trois véhicules et plus - collisions multiples,,,,,,,,,,,1,2,1,1,5
200800001810,0008-01-21 22:35:00,8,1,21,22,35,140,101,"58, BRETAGNE (ROUTE DE )",,,Nuit avec éclairage allumé,En agglomération,Intersection en X,Pluie forte,Trois véhicules et plus - collisions multiples,,,,,,,,,,,5,2,2,3,5
200800001811,0008-01-22 14:30:00,8,1,22,14,30,140,118,"0, COTE DE NACRE(AVENUE)",,,Plein jour,Hors agglomération,Hors intersection,Normale,Autre collision,,,,,,,,,,,1,1,1,1,6
200800001812,0008-01-21 23:15:00,8,1,21,23,15,140,118,"0, FOCH (PLACE MARECHAL)",,,Nuit sans éclairage public,En agglomération,Hors intersection,Normale,Autre collision,,,,,,,,,,,3,2,1,1,6
200800001813,0008-01-26 01:10:00,8,1,26,1,10,140,301,"0, LOUIS PASTEUR (RUE )",,,Nuit avec éclairage allumé,En agglomération,Intersection en X,Normale,Deux véhicules - côté,,,,,,,,,,,5,2,2,1,3
200800001814,0008-01-30 16:10:00,8,1,30,16,10,140,118,"0, MUETS (RUE DES)",,,Plein jour,En agglomération,Intersection en X,Normale,Deux véhicules - côté,,,,,,,,,,,1,2,2,1,3
200800001815,0008-01-30 08:00:00,8,1,30,8,0,140,566,"0, ARROMANCHES (RUE D')",,,Nuit sans éclairage public,En agglomération,Hors intersection,Normale,Autre collision,,,,,,,,,,,3,2,1,1,6
200800001816,0008-01-31 17:15:00,8,1,31,17,15,140,118,"101, CHEMIN VERT (RUE DU",,,Plein jour,En agglomération,Hors intersection,Pluie légère,Autre collision,,,,,,,,,,,1,2,1,2,6
200800001817,0008-01-04 15:14:00,8,1,4,15,14,140,243,CD 579,,,Plein jour,Hors agglomération,Hors intersection,Normale,Trois véhicules et plus - collisions multiples,,,,,,,,,,,1,1,1,1,5
200800001818,0008-01-12 22:55:00,8,1,12,22,55,140,333,"0, JEAN DE VIENNE (COURS",,,Nuit avec éclairage allumé,En agglomération,Hors intersection,Pluie légère,Deux véhicules - arrière,,,,,,,,,,,5,2,1,2,2
200800001819,0008-01-05 03:30:00,8,1,5,3,30,140,574,DIVES (D.45 route de),,,Nuit sans éclairage public,Hors agglomération,Intersection en X,Pluie légère,Deux véhicules - côté,,,,,,,,,,,3,1,2,2,3
200800001820,0008-01-09 13:45:00,8,1,9,13,45,140,366,"21, HENRY CHERON (RUE)",,,Plein jour,En agglomération,Intersection en X,Normale,Autre collision,,,,,,,,,,,1,2,2,1,6
200800001821,0008-01-16 16:40:00,8,1,16,16,40,140,366,D.613 ( LISIEUX),,,Plein jour,Hors agglomération,Hors intersection,Normale,Deux véhicules - arrière,,,,,,,,,,,1,1,1,1,2
200800001822,0008-01-18 18:00:00,8,1,18,18,0,140,366,"0, PARIS (ROUTE DE)",,,Crépuscule ou aube,En agglomération,Hors intersection,Temps couvert,Deux véhicules - frontale,,,,,,,,,,,2,2,1,8,1
200800001823,0008-01-28 05:15:00,8,1,28,5,15,140,220,BRIQUETTERIE (CHEMIN DE,,,Nuit avec éclairage allumé,En agglomération,Hors intersection,Normale,Autre collision,,,,,,,,,,,5,2,1,1,6
200800001824,0008-01-10 17:55:00,8,1,10,17,55,140,220,LOUIS-ARMAND (PLACE),,,Nuit avec éclairage allumé,En agglomération,Autre intersection,Normale,Autre collision,,,,,,,,,,,5,2,9,1,6
200800001825,0008-01-18 19:45:00,8,1,18,19,45,150,14,"27, TIVOLI (AVENUE DE)",,,Nuit avec éclairage allumé,En agglomération,Intersection en X,Normale,Deux véhicules - côté,,,,,,,,,,,5,2,2,1,3
200800001826,0008-01-12 22:15:00,8,1,12,22,15,160,15,BORDEAUX (RUE DE N° 110,,,Nuit avec éclairage allumé,En agglomération,Hors intersection,Normale,Autre collision,,,,,,,,,,,5,2,1,1,6
200800001827,0008-01-18 05:20:00,8,1,18,5,20,160,15,BELLE ALLEE (RUE DE LA),,,Nuit sans éclairage public,En agglomération,Hors intersection,Pluie légère,Autre collision,,,,,,,,,,,3,2,1,2,6
200800001828,0008-01-24 18:15:00,8,1,24,18,15,160,166,DESFARGES (RUE PAUL),,,Nuit avec éclairage allumé,Hors agglomération,Hors intersection,Normale,Autre collision,,,,,,,,,,,5,1,1,1,6
200800001829,0008-01-12 17:40:00,8,1,12,17,40,160,102,PLANAT (BOULEVARD OSCAR),,,Crépuscule ou aube,En agglomération,Hors intersection,Normale,Deux véhicules - arrière,,,,,,,,,,,2,2,1,1,2
200800001830,0008-01-05 18:15:00,8,1,5,18,15,170,299,"172990068, BUISSON BOULE",,,Nuit avec éclairage allumé,En agglomération,Giratoire,Temps couvert,Deux véhicules - côté,,,,,,,,,,,5,2,6,8,3
200800001831,0008-01-09 17:10:00,8,1,9,17,10,170,449,"174490034, R.D. 137 (TON",,,Plein jour,Hors agglomération,Intersection en T,Normale,Sans collision,,,,,,,,,,,1,1,3,1,7
200800001832,0008-01-11 17:55:00,8,1,11,17,55,170,299,"172990282, PELTIER RUE D",,,Nuit avec éclairage allumé,En agglomération,Intersection en T,Pluie légère,Deux véhicules - côté,,,,,,,,,,,5,2,3,2,3
200800001833,0008-01-14 17:50:00,8,1,14,17,50,170,299,"172990166, GAMBETTA RUE",,,Crépuscule ou aube,En agglomération,Hors intersection,Normale,Sans collision,,,,,,,,,,,2,2,1,1,7
200800001834,0008-01-14 18:35:00,8,1,14,18,35,170,299,"172990018, AUDRY DE PUYR",,,Nuit avec éclairage allumé,En agglomération,Intersection en X,Normale,Deux véhicules - côté,,,,,,,,,,,5,2,2,1,3
200800001835,0008-01-19 12:20:00,8,1,19,12,20,170,449,"174490005, AUNIS AVENUE",,,Plein jour,En agglomération,Hors intersection,Normale,Deux véhicules - côté,,,,,,,,,,,1,2,1,1,3
200800001836,0008-01-23 16:45:00,8,1,23,16,45,170,299,"172990166, GAMBETTA RUE",,,Plein jour,En agglomération,Hors intersection,Normale,Sans collision,,,,,,,,,,,1,2,1,1,7
200800001837,0008-01-25 08:00:00,8,1,25,8,0,170,299,"172990204, LA FAYETTE RU",,,Nuit avec éclairage allumé,En agglomération,Intersection en X,Normale,Sans collision,,,,,,,,,,,5,2,2,1,7
200800001838,0008-01-27 11:00:00,8,1,27,11,0,170,299,"172990282, PELTIER RUE D",,,Plein jour,En agglomération,Intersection en X,Normale,Deux véhicules - côté,,,,,,,,,,,1,2,2,1,3
200800001839,0008-01-28 09:50:00,8,1,28,9,50,170,449,"174490111, GRENOUILLERE",,,Plein jour,En agglomération,Hors intersection,Brouillard / fumée,Sans collision,,,,,,,,,,,1,2,1,5,7
200800001840,0008-01-03 11:30:00,8,1,3,11,30,170,300,LECLERC   AVENUE DU GENE,,,Plein jour,En agglomération,Hors intersection,Normale,Deux véhicules - arrière,,,,,,,,,,,1,2,1,1,2
200800001841,0008-01-03 19:50:00,8,1,3,19,50,170,291,BEAULIEU   RUE DE,,,Nuit avec éclairage allumé,En agglomération,Hors intersection,Pluie légère,Deux véhicules - frontale,,,,,,,,,,,5,2,1,2,1
200800001842,0008-01-04 08:00:00,8,1,4,8,0,170,300,"38, MAIL   ALLEE DU",,,Crépuscule ou aube,En agglomération,Hors intersection,Normale,Autre collision,,,,,,,,,,,2,2,1,1,6
200800001843,0008-01-07 07:50:00,8,1,7,7,50,170,28,D 939,,,Crépuscule ou aube,En agglomération,Intersection en T,Normale,Deux véhicules - côté,,,,,,,,,,,2,2,3,1,3
200800001844,0008-01-10 18:30:00,8,1,10,18,30,170,300,FETILLY   AVENUE DE,,,Nuit avec éclairage allumé,En agglomération,Autre intersection,Normale,Autre collision,,,,,,,,,,,5,2,9,1,6
200800001845,0008-01-12 18:05:00,8,1,12,18,5,170,300,SAUTEL  BOULEVARD ANDRE,,,Nuit avec éclairage allumé,En agglomération,Hors intersection,Normale,Autre collision,,,,,,,,,,,5,2,1,1,6
200800001846,0008-01-15 09:20:00,8,1,15,9,20,170,300,"56, LACROIX   RUE MARIUS",,,Plein jour,En agglomération,Intersection en X,Pluie forte,Deux véhicules - côté,,,,,,,,,,,1,2,2,3,3
200800001847,0008-01-19 06:15:00,8,1,19,6,15,170,291,01 PK RN237 MOULIN JUSTI,,,Nuit sans éclairage public,Hors agglomération,Hors intersection,Normale,Autre collision,,,,,,,,,,,3,1,1,1,6
200800001848,0008-01-19 12:40:00,8,1,19,12,40,170,300,COLIGNY   AVENUE,,,Plein jour,En agglomération,Intersection en X,Normale,Deux véhicules - côté,,,,,,,,,,,1,2,2,1,3
200800001849,0008-01-19 16:40:00,8,1,19,16,40,170,300,"1, NIGER   RUE DU",,,Plein jour,En agglomération,Intersection en T,Normale,Deux véhicules - côté,,,,,,,,,,,1,2,3,1,3
200800001850,0008-01-21 08:00:00,8,1,21,8,0,170,300,REPUBLIQUE   BOULEVARD D,,,Nuit avec éclairage allumé,En agglomération,Hors intersection,Normale,Autre collision,,,,,,,,,,,5,2,1,1,6
200800001851,0008-01-23 16:45:00,8,1,23,16,45,170,300,112 PK RN137 JUSTICE ROC,,,Plein jour,Hors agglomération,Hors intersection,Normale,Autre collision,,,,,,,,,,,1,1,1,1,6
200800001852,0008-01-24 20:00:00,8,1,24,20,0,170,300,"39, MASSE   RUE CLAUDE",,,Nuit sans éclairage public,En agglomération,Intersection en X,Normale,Deux véhicules - côté,,,,,,,,,,,3,2,2,1,3
200800001853,0008-01-25 14:20:00,8,1,25,14,20,170,300,"001, QUEBEC   RUE DE (>1",,,Plein jour,En agglomération,Intersection en T,Normale,Deux véhicules - côté,,,,,,,,,,,1,2,3,1,3
200800001854,0008-01-25 14:55:00,8,1,25,14,55,170,300,"15, CREPEAU   AVENUE MIC",,,Plein jour,En agglomération,Intersection en X,Normale,Deux véhicules - côté,,,,,,,,,,,1,2,2,1,3
200800001855,0008-01-26 16:00:00,8,1,26,16,0,170,300,"147, SAUTEL  BOULEVARD A",,,Plein jour,En agglomération,Hors intersection,Normale,Deux véhicules - côté,,,,,,,,,,,1,2,1,1,3
200800001856,0008-01-28 07:40:00,8,1,28,7,40,170,200,04 PK RN237 RE MOULIN JU,,,Nuit sans éclairage public,Hors agglomération,Hors intersection,Temps couvert,Autre collision,,,,,,,,,,,3,1,1,8,6
200800001857,0008-01-28 07:58:00,8,1,28,7,58,170,200,HUIT MAI 1945   AVENUE D,,,Crépuscule ou aube,En agglomération,Hors intersection,Normale,Sans collision,,,,,,,,,,,2,2,1,1,7
200800001858,0008-01-28 15:15:00,8,1,28,15,15,170,300,MAUBEC   QUAI,,,Plein jour,En agglomération,Hors intersection,Normale,Autre collision,,,,,,,,,,,1,2,1,1,6
200800001859,0008-01-30 16:40:00,8,1,30,16,40,170,300,"7, GAULLE   AVENUE DU GE",,,Plein jour,En agglomération,Hors intersection,Normale,Deux véhicules - arrière,,,,,,,,,,,1,2,1,1,2
200800001860,0008-01-05 01:40:00,8,1,5,1,40,170,461,"0, COTE DE BEAUTE (BOULE",,,Nuit avec éclairage allumé,En agglomération,Hors intersection,Normale,Deux véhicules - arrière,,,,,,,,,,,5,2,1,1,2
200800001861,0008-01-07 16:15:00,8,1,7,16,15,170,306,"24, MAINE ARNAUD (DU) (A",,,Plein jour,En agglomération,Hors intersection,Normale,Autre collision,,,,,,,,,,,1,2,1,1,6
200800001862,0008-01-13 03:15:00,8,1,13,3,15,170,306,"0, REGAZZONI (AVENUE CHA",,,Nuit avec éclairage allumé,En agglomération,Hors intersection,Normale,Sans collision,,,,,,,,,,,5,2,1,1,7
200800001863,0008-01-15 19:18:00,8,1,15,19,18,170,306,"0, EXPRESS (VOIE)",,,Crépuscule ou aube,En agglomération,Hors intersection,Normale,Sans collision,,,,,,,,,,,2,2,1,1,7
200800001864,0008-01-21 13:20:00,8,1,21,13,20,170,306,"0, HEDDE (AVENUE DANIEL)",,,Plein jour,En agglomération,Hors intersection,Normale,Deux véhicules - arrière,,,,,,,,,,,1,2,1,1,2
200800001865,0008-01-04 14:45:00,8,1,4,14,45,170,415,"4, SIMON COURS PIERRE HE",,,Plein jour,En agglomération,Hors intersection,Pluie légère,Autre collision,,,,,,,,,,,1,2,1,2,6
200800001866,0008-01-06 18:40:00,8,1,6,18,40,170,415,SAINTONGE BLANCHARD A RO,,,Plein jour,En agglomération,Hors intersection,Pluie légère,Sans collision,,,,,,,,,,,1,2,1,2,7
200800001867,0008-01-07 09:15:00,8,1,7,9,15,170,415,GEMOZAC AVENUE DE,,,Plein jour,En agglomération,Hors intersection,Pluie légère,Trois véhicules et plus - en chaîne,,,,,,,,,,,1,2,1,2,4
200800001868,0008-01-09 08:45:00,8,1,9,8,45,170,415,"2, REVERSEAUX 2 A 46 ET",,,Plein jour,En agglomération,Hors intersection,Normale,Autre collision,,,,,,,,,,,1,2,1,1,6
200800001869,0008-01-09 15:30:00,8,1,9,15,30,170,415,GAMBETTA 2 A 72 ET 5 A 8,,,Plein jour,En agglomération,Hors intersection,Normale,Deux véhicules - côté,,,,,,,,,,,1,2,1,1,3
200800001870,0008-01-09 16:30:00,8,1,9,16,30,170,415,Départementale  137,,,Plein jour,Hors agglomération,Hors intersection,Normale,Trois véhicules et plus - collisions multiples,,,,,,,,,,,1,1,1,1,5
200800001871,0008-01-15 16:45:00,8,1,15,16,45,170,415,SAINTONGE BLANCHARD A RO,,,Plein jour,En agglomération,Hors intersection,Pluie légère,Sans collision,,,,,,,,,,,1,2,1,2,7
200800001872,0008-01-16 08:05:00,8,1,16,8,5,170,415,JEAN RUE DU DOCTEUR,,,Nuit avec éclairage allumé,En agglomération,Intersection en X,Normale,Deux véhicules - côté,,,,,,,,,,,5,2,2,1,3
200800001873,0008-01-18 20:05:00,8,1,18,20,5,170,415,SYNODE PLACE DU,,,Nuit avec éclairage allumé,En agglomération,Intersection en X,Normale,Autre collision,,,,,,,,,,,5,2,2,1,6
200800001874,0008-01-22 05:50:00,8,1,22,5,50,170,415,SAINTONGE A10 A ROCADE O,,,Nuit sans éclairage public,En agglomération,Hors intersection,Normale,Sans collision,,,,,,,,,,,3,2,1,1,7
200800001875,0008-01-23 16:30:00,8,1,23,16,30,170,415,"44, NATIONAL 1 A 67 ET 2",,,Plein jour,En agglomération,Hors intersection,Normale,Autre collision,,,,,,,,,,,1,2,1,1,6
200800001876,0008-01-28 15:35:00,8,1,28,15,35,170,415,BOUVARD COURS GEORGES,,,Plein jour,En agglomération,Intersection en X,Normale,Deux véhicules - côté,,,,,,,,,,,1,2,2,1,3
200800001877,0008-01-29 06:45:00,8,1,29,6,45,170,415,"1, GAMBETTA 2 A 72 ET 5",,,Nuit avec éclairage allumé,En agglomération,Intersection en X,Normale,Autre collision,,,,,,,,,,,5,2,2,1,6
200800001878,0008-01-08 12:28:00,8,1,8,12,28,180,33,"SANS, BAFFIER (RUE JEAN)",,,Plein jour,En agglomération,Hors intersection,Normale,Deux véhicules - arrière,,,,,,,,,,,1,2,1,1,2
200800001879,0008-01-12 03:10:00,8,1,12,3,10,180,33,"306, SAINT-MICHEL (ROUTE",,,Nuit avec éclairage allumé,En agglomération,Hors intersection,Temps couvert,Autre collision,,,,,,,,,,,5,2,1,8,6
200800001880,0008-01-17 14:05:00,8,1,17,14,5,180,33,"SANS, AVENIR (BOULEVARD",,,Plein jour,En agglomération,Hors intersection,Pluie légère,Deux véhicules - arrière,,,,,,,,,,,1,2,1,2,2
200800001881,0008-01-18 14:05:00,8,1,18,14,5,180,33,"50, DE GAULLE (AV DU GEN",,,Plein jour,En agglomération,Hors intersection,Normale,Deux véhicules - côté,,,,,,,,,,,1,2,1,1,3
200800001882,0008-01-19 18:00:00,8,1,19,18,0,180,33,DE GAULLE (AV DU GENERAL,,,Nuit avec éclairage allumé,En agglomération,Intersection en X,Normale,Deux véhicules - côté,,,,,,,,,,,5,2,2,1,3
200800001883,0008-01-23 16:45:00,8,1,23,16,45,180,255,"SANS, CESAR (CHAUSSEE DE",,,Plein jour,En agglomération,Hors intersection,Normale,Deux véhicules - côté,,,,,,,,,,,1,2,1,1,3