accident_id,datetime,annee,mois,jour,heure,minute,departement,commune_insee,adresse,latitude,longitude,luminosite,agglomeration,intersection,meteo,collision,nb_vehicules,nb_usagers,nb_indemnes,nb_tues,nb_blesses_hosp,nb_blesses_legers,age_cond_1,age_cond_2,veh_type_cond_1,veh_type_cond_2,lum_code,agg_code,int_code,atm_code,col_code
200800001884,0008-01-23 18:10:00,8,1,23,18,10,180,33,"SANS, PROSPECTIVE (AVENU",,,Nuit avec éclairage allumé,En agglomération,Intersection en T,Normale,Deux véhicules - côté,,,,,,,,,,,5,2,3,1,3
200800001885,0008-01-24 18:00:00,8,1,24,18,0,180,205,"36, PRES LE ROI (AVENUE",,,Nuit avec éclairage allumé,En agglomération,Hors intersection,Normale,Autre collision,,,,,,,,,,,5,2,1,1,6
200800001886,0008-01-24 20:55:00,8,1,24,20,55,180,33,"56, JAURES (AVENUE JEAN)",,,Nuit avec éclairage allumé,En agglomération,Hors intersection,Pluie légère,Autre collision,,,,,,,,,,,5,2,1,2,6
200800001887,0008-01-26 16:23:00,8,1,26,16,23,180,33,"SANS, GIONNE (AVENUE DE)",,,Plein jour,En agglomération,Intersection en X,Normale,Deux véhicules - côté,,,,,,,,,,,1,2,2,1,3
200800001888,0008-01-31 12:00:00,8,1,31,12,0,180,33,"21, FOCH (BD DU MARECHAL",,,Plein jour,En agglomération,Hors intersection,Normale,Autre collision,,,,,,,,,,,1,2,1,1,6
200800001889,0008-01-10 08:55:00,8,1,10,8,55,180,279,BOURGES (ROUTE DE),,,Plein jour,Hors agglomération,Hors intersection,Pluie légère,Deux véhicules - côté,,,,,,,,,,,1,1,1,2,3
200800001890,0008-01-22 17:04:00,8,1,22,17,4,180,279,"144, MARCEL (RUE ETIENNE",,,Plein jour,En agglomération,Hors intersection,Normale,Autre collision,,,,,,,,,,,1,2,1,1,6
200800001891,0008-01-24 08:55:00,8,1,24,8,55,180,279,"44, VAILLANT (AVENUE EDO",,,Plein jour,En agglomération,Hors intersection,Normale,Trois véhicules et plus - collisions multiples,,,,,,,,,,,1,2,1,1,5
200800001892,0008-01-04 19:25:00,8,1,4,19,25,190,31,POMPIDOU (AVENUE GEORGES,45.1582,4.55926,Nuit avec éclairage allumé,En agglomération,Intersection en T,Normale,Deux véhicules - côté,,,,,,,,,,,5,2,3,1,3
200800001893,0008-01-05 13:40:00,8,1,5,13,40,190,31,MONTEIL (ROND-POINT ANDR,45.14819,4.48957,Plein jour,En agglomération,Giratoire,Pluie légère,Deux véhicules - côté,,,,,,,,,,,1,2,6,2,3
200800001894,0008-01-07 14:05:00,8,1,7,14,5,190,31,"77, RIBOT (AVENUE)",45.16454,4.51255,Plein jour,En agglomération,Hors intersection,Normale,Autre collision,,,,,,,,,,,1,2,1,1,6
200800001895,0008-01-08 07:55:00,8,1,8,7,55,190,31,"55, BRUNE (BOULEVARD)",45.15417,4.53808,Plein jour,En agglomération,Hors intersection,Normale,Deux véhicules - arrière,,,,,,,,,,,1,2,1,1,2
200800001896,0008-01-10 17:00:00,8,1,10,17,0,190,31,SALLES (RUE),45.15963,4.53621,Plein jour,En agglomération,Intersection en X,Normale,Autre collision,,,,,,,,,,,1,2,2,1,6
200800001897,0008-01-11 17:30:00,8,1,11,17,30,190,31,"16, BARDON (RUE DOCTEUR)",45.16737,4.5294,Nuit avec éclairage non allumé,En agglomération,Hors intersection,Pluie forte,Autre collision,,,,,,,,,,,4,2,1,3,6
200800001898,0008-01-11 18:25:00,8,1,11,18,25,190,31,"25, SALAN (BOULEVARD DU)",45.15949,4.53586,Nuit avec éclairage allumé,En agglomération,Hors intersection,Pluie légère,Autre collision,,,,,,,,,,,5,2,1,2,6
200800001899,0008-01-11 19:00:00,8,1,11,19,0,190,31,"86, KENNEDY (AVENUE JOHN",45.16597,4.54251,Nuit avec éclairage allumé,En agglomération,Hors intersection,Pluie légère,Autre collision,,,,,,,,,,,5,2,1,2,6
200800001900,0008-01-13 16:05:00,8,1,13,16,5,190,31,PASTEUR (AVENUE),45.16766,4.53151,Plein jour,En agglomération,Intersection en X,Normale,Autre collision,,,,,,,,,,,1,2,2,1,6
200800001901,0008-01-14 18:40:00,8,1,14,18,40,190,31,", RUPIN (RUE ERNEST)",45.16197,4.52666,Nuit avec éclairage allumé,En agglomération,Hors intersection,Normale,Autre collision,,,,,,,,,,,5,2,1,1,6
200800001902,0008-01-15 17:40:00,8,1,15,17,40,190,31,VERNINAC (RUE SEGERAL),45.15965,4.52754,Crépuscule ou aube,En agglomération,Intersection en X,Normale,Deux véhicules - côté,,,,,,,,,,,2,2,2,1,3
200800001903,0008-01-17 20:15:00,8,1,17,20,15,190,31,BRAQUE (RUE GEORGES),,,Nuit avec éclairage allumé,En agglomération,Intersection en X,Pluie légère,Deux véhicules - côté,,,,,,,,,,,5,2,2,2,3
200800001904,0008-01-20 19:00:00,8,1,20,19,0,190,31,MENDES FRANCE (AVENUE PI,,,Nuit avec éclairage allumé,Hors agglomération,Autre intersection,Normale,Deux véhicules - côté,,,,,,,,,,,5,1,9,1,3
200800001905,0008-01-23 12:30:00,8,1,23,12,30,190,31,"11, MIRABEAU (BOULEVARD)",,,Plein jour,En agglomération,Hors intersection,Normale,Trois véhicules et plus - collisions multiples,,,,,,,,,,,1,2,1,1,5
200800001906,0008-01-23 15:40:00,8,1,23,15,40,190,31,GUYNEMER (AVENUE),,,Plein jour,En agglomération,Hors intersection,Normale,Autre collision,,,,,,,,,,,1,2,1,1,6
200800001907,0008-01-23 16:30:00,8,1,23,16,30,190,31,LAGRANGE (AVENUE LEO),,,Plein jour,En agglomération,Hors intersection,Normale,Autre collision,,,,,,,,,,,1,2,1,1,6
200800001908,0008-01-26 13:40:00,8,1,26,13,40,190,31,GAMBETTA (RUE),,,Plein jour,En agglomération,Place,Normale,Deux véhicules - côté,,,,,,,,,,,1,2,7,1,3
200800001909,0008-01-29 18:15:00,8,1,29,18,15,190,31,MELITOPOL (AVENUE DE),,,Nuit avec éclairage allumé,En agglomération,Intersection en T,Normale,Deux véhicules - côté,,,,,,,,,,,5,2,3,1,3
200800001910,0008-01-30 17:25:00,8,1,30,17,25,190,31,"75, PARIS (AVENUE DE)",,,Crépuscule ou aube,En agglomération,Hors intersection,Pluie légère,Autre collision,,,,,,,,,,,2,2,1,2,6
200800001911,0008-01-02 23:20:00,8,1,2,23,20,210,231,DAUBENTON (RUE),,,Nuit avec éclairage allumé,En agglomération,Intersection en X,Normale,Deux véhicules - côté,,,,,,,,,,,5,2,2,1,3
200800001912,0008-01-05 23:15:00,8,1,5,23,15,210,166,MARSANNAY (DE) (RUE),,,Nuit avec éclairage allumé,En agglomération,Intersection en X,Pluie forte,Deux véhicules - frontale,,,,,,,,,,,5,2,2,3,1
200800001913,0008-01-08 11:40:00,8,1,8,11,40,210,231,"72, RAYMOND POINCARE (AV",,,Plein jour,En agglomération,Hors intersection,Normale,Autre collision,,,,,,,,,,,1,2,1,1,6
200800001914,0008-01-08 19:20:00,8,1,8,19,20,210,231,"31, ILE (DE L') (RUE)",,,Nuit avec éclairage non allumé,En agglomération,Hors intersection,Brouillard / fumée,Autre collision,,,,,,,,,,,4,2,1,5,6
200800001915,0008-01-10 08:00:00,8,1,10,8,0,210,231,MIRANDE (DE) (RUE),,,Crépuscule ou aube,En agglomération,Intersection en X,Brouillard / fumée,Deux véhicules - arrière,,,,,,,,,,,2,2,2,5,2
200800001916,0008-01-11 12:15:00,8,1,11,12,15,210,231,LANGRES (DE) (AVENUE),,,Plein jour,En agglomération,Hors intersection,Vent fort / tempête,Trois véhicules et plus - en chaîne,,,,,,,,,,,1,2,1,6,4
200800001917,0008-01-12 00:10:00,8,1,12,0,10,210,231,SEVIGNE (DE) (BOULEVARD),,,Nuit avec éclairage allumé,En agglomération,Hors intersection,Pluie légère,Autre collision,,,,,,,,,,,5,2,1,2,6
200800001918,0008-01-12 15:00:00,8,1,12,15,0,210,166,"138, ROLAND CARRAZ (AVEN",,,Plein jour,En agglomération,Intersection en X,Temps éblouissant,Trois véhicules et plus - en chaîne,,,,,,,,,,,1,2,2,7,4
200800001919,0008-01-15 16:00:00,8,1,15,16,0,210,231,"74, GENERAL FAUCONNET (D",,,Plein jour,En agglomération,Hors intersection,Pluie légère,Deux véhicules - côté,,,,,,,,,,,1,2,1,2,3
200800001920,0008-01-16 08:00:00,8,1,16,8,0,210,355,GEORGES POMPIDOU (VOIE),,,Plein jour,Hors agglomération,Hors intersection,Normale,Trois véhicules et plus - en chaîne,,,,,,,,,,,1,1,1,1,4
200800001921,0008-01-17 07:55:00,8,1,17,7,55,210,231,"25, MARECHAL FOCH (AVENU",,,Crépuscule ou aube,En agglomération,Intersection en X,Temps couvert,Autre collision,,,,,,,,,,,2,2,2,8,6
200800001922,0008-01-17 08:05:00,8,1,17,8,5,210,231,NATION (DE LA) (ROND POI,,,Crépuscule ou aube,En agglomération,Giratoire,Pluie légère,Autre collision,,,,,,,,,,,2,2,6,2,6
200800001923,0008-01-18 18:35:00,8,1,18,18,35,210,231,PETIT CITEAUX (DU) (RUE),,,Nuit avec éclairage allumé,En agglomération,Hors intersection,Normale,Autre collision,,,,,,,,,,,5,2,1,1,6
200800001924,0008-01-18 15:06:00,8,1,18,15,6,210,231,"13 bis, GENERAL FAUCONNE",,,Plein jour,En agglomération,Hors intersection,Normale,Deux véhicules - arrière,,,,,,,,,,,1,2,1,1,2
200800001925,0008-01-18 18:25:00,8,1,18,18,25,210,355,DIJON (DE) (ROUTE),,,Nuit avec éclairage allumé,En agglomération,Intersection en Y,Normale,Deux véhicules - frontale,,,,,,,,,,,5,2,4,1,1
200800001926,0008-01-21 09:00:00,8,1,21,9,0,210,231,"1, ILE (DE L') (RUE)",,,Plein jour,En agglomération,Intersection en X,Normale,Deux véhicules - côté,,,,,,,,,,,1,2,2,1,3
200800001927,0008-01-21 13:14:00,8,1,21,13,14,210,231,"19, MARECHAL FOCH (AVENU",,,Plein jour,En agglomération,Hors intersection,Normale,Deux véhicules - arrière,,,,,,,,,,,1,2,1,1,2
200800001928,0008-01-22 09:21:00,8,1,22,9,21,210,231,"49, MARECHAL JOFFRE (BOU",,,Plein jour,En agglomération,Hors intersection,Pluie légère,Deux véhicules - arrière,,,,,,,,,,,1,2,1,2,2
200800001929,0008-01-24 12:11:00,8,1,24,12,11,210,231,"57, CHARLES POISOT (RUE)",,,Plein jour,En agglomération,Intersection en X,Normale,Deux véhicules - côté,,,,,,,,,,,1,2,2,1,3
200800001930,0008-01-24 17:24:00,8,1,24,17,24,210,231,GALLIOT (FRANCOIS) (QUAI,,,Crépuscule ou aube,En agglomération,Hors intersection,Normale,Deux véhicules - frontale,,,,,,,,,,,2,2,1,1,1
200800001931,0008-01-25 15:26:00,8,1,25,15,26,210,166,MARSANNAY (DE) (RUE),,,Plein jour,En agglomération,Intersection en T,Normale,Autre collision,,,,,,,,,,,1,2,3,1,6
200800001932,0008-01-27 02:27:00,8,1,27,2,27,210,231,"114, BOURROCHES (DES) (B",,,Nuit avec éclairage allumé,En agglomération,Intersection en T,Normale,Deux véhicules - frontale,,,,,,,,,,,5,2,3,1,1
200800001933,0008-01-28 14:50:00,8,1,28,14,50,210,231,TRANSVAAL (DU) (RUE),,,Plein jour,En agglomération,Intersection en X,Normale,Deux véhicules - côté,,,,,,,,,,,1,2,2,1,3
200800001934,0008-01-29 08:58:00,8,1,29,8,58,210,231,"25, THIERS (BOULEVARD)",,,Crépuscule ou aube,En agglomération,Hors intersection,Normale,Autre collision,,,,,,,,,,,2,2,1,1,6
200800001935,0008-01-31 15:20:00,8,1,31,15,20,210,231,MAURICE DESLANDRES (RUE),,,Plein jour,En agglomération,Intersection en T,Normale,Autre collision,,,,,,,,,,,1,2,3,1,6
200800001936,0008-01-03 07:40:00,8,1,3,7,40,220,50,"02, GEISTDOERFER",,,Nuit avec éclairage allumé,En agglomération,Intersection à plus de 4 branches,Temps couvert,Deux véhicules - côté,,,,,,,,,,,5,2,5,8,3
200800001937,0008-01-07 12:10:00,8,1,7,12,10,220,50,"1, ARISTIDE BRIAND (RUE)",,,Plein jour,En agglomération,Intersection en X,Normale,Autre collision,,,,,,,,,,,1,2,2,1,6
200800001938,0008-01-16 18:00:00,8,1,16,18,0,220,113,RESISTANCE (AVENUE DE LA,,,Nuit avec éclairage allumé,En agglomération,Intersection en T,Normale,Deux véhicules - côté,,,,,,,,,,,5,2,3,1,3
200800001939,0008-01-17 15:50:00,8,1,17,15,50,220,113,TREGUIER (ROUTE DE),,,Plein jour,En agglomération,Hors intersection,Pluie légère,Sans collision,,,,,,,,,,,1,2,1,2,7
200800001940,0008-01-07 09:55:00,8,1,7,9,55,220,278,"0, RIBOT (THEODULE)",,,Plein jour,En agglomération,Hors intersection,Normale,Trois véhicules et plus - en chaîne,,,,,,,,,,,1,2,1,1,4
200800001941,0008-01-09 17:13:00,8,1,9,17,13,220,278,"0, FRANCE (ANATOLE)",,,Crépuscule ou aube,En agglomération,Hors intersection,Normale,Autre collision,,,,,,,,,,,2,2,1,1,6
200800001942,0008-01-08 17:10:00,8,1,8,17,10,220,278,REPUBLIQUE (DE LA),,,Plein jour,En agglomération,Intersection en T,Normale,Deux véhicules - arrière,,,,,,,,,,,1,2,3,1,2
200800001943,0008-01-09 08:15:00,8,1,9,8,15,60,27,PLAGE BOULEVARD DE LA,,,Crépuscule ou aube,En agglomération,Hors intersection,Normale,Deux véhicules - arrière,,,,,,,,,,,2,2,1,1,2
200800001944,0008-01-11 00:15:00,8,1,11,0,15,60,27,GIONO RUE JEAN,,,Nuit avec éclairage allumé,En agglomération,Intersection en X,Normale,Deux véhicules - côté,,,,,,,,,,,5,2,2,1,3
200800001945,0008-01-11 09:45:00,8,1,11,9,45,60,27,"94, BESSET AVENUE CYRILL",,,Plein jour,En agglomération,Hors intersection,Normale,Deux véhicules - côté,,,,,,,,,,,1,2,1,1,3
200800001946,0008-01-13 11:00:00,8,1,13,11,0,60,27,"72, PLAGE BOULEVARD DE L",,,Plein jour,En agglomération,Hors intersection,Normale,Deux véhicules - arrière,,,,,,,,,,,1,2,1,1,2
200800001947,0008-01-10 09:00:00,8,1,10,9,0,60,123,CURIE PIERRE ET MARIE AV,,,Plein jour,En agglomération,Intersection en T,Normale,Deux véhicules - côté,,,,,,,,,,,1,2,3,1,3
200800001948,0008-01-18 07:50:00,8,1,18,7,50,60,27,GAUDE AVENUE DE LA,,,Crépuscule ou aube,Hors agglomération,Hors intersection,Normale,Deux véhicules - frontale,,,,,,,,,,,2,1,1,1,1
200800001949,0008-01-23 11:40:00,8,1,23,11,40,60,27,"32, BREGUIERES AVENUE DE",,,Plein jour,En agglomération,Hors intersection,Normale,Deux véhicules - côté,,,,,,,,,,,1,2,1,1,3
200800001950,0008-01-30 09:25:00,8,1,30,9,25,60,27,PLAGE BOULEVARD DE LA,,,Plein jour,En agglomération,Hors intersection,Normale,Deux véhicules - côté,,,,,,,,,,,1,2,1,1,3
200800001951,0008-01-30 18:30:00,8,1,30,18,30,60,123,GARE ROUTE DE LA,,,Nuit avec éclairage allumé,En agglomération,Intersection en X,Normale,Deux véhicules - côté,,,,,,,,,,,5,2,2,1,3
200800001952,0008-01-03 10:05:00,8,1,3,10,5,60,29,JOURDAN (AVENUE MICHEL),,,Plein jour,En agglomération,Hors intersection,Pluie légère,Trois véhicules et plus - en chaîne,,,,,,,,,,,1,2,1,2,4
200800001953,0008-01-04 18:15:00,8,1,4,18,15,60,30,"2, DUNKERQUE (RUE DE)",,,Nuit avec éclairage allumé,En agglomération,Intersection en X,Pluie forte,Deux véhicules - frontale,,,,,,,,,,,5,2,2,3,1
200800001954,0008-01-05 21:12:00,8,1,5,21,12,60,29,CARNOT (BOULEVARD),,,Nuit avec éclairage allumé,En agglomération,Hors intersection,Normale,Deux véhicules - côté,,,,,,,,,,,5,2,1,1,3
200800001955,0008-01-07 08:10:00,8,1,7,8,10,60,29,BROUSSAILLES (AVENUE DES,,,Plein jour,En agglomération,Hors intersection,Normale,Deux véhicules - côté,,,,,,,,,,,1,2,1,1,3
200800001956,0008-01-07 09:45:00,8,1,7,9,45,60,29,"39, TONNER (AVENUE FRANC",,,Plein jour,En agglomération,Hors intersection,Normale,Autre collision,,,,,,,,,,,1,2,1,1,6
200800001957,0008-01-07 19:26:00,8,1,7,19,26,60,29,HIBERT (BOULEVARD JEAN),,,Nuit avec éclairage allumé,En agglomération,Hors intersection,Normale,Deux véhicules - arrière,,,,,,,,,,,5,2,1,1,2
200800001958,0008-01-08 07:50:00,8,1,8,7,50,60,29,MIDI (BOULEVARD DU),,,Crépuscule ou aube,En agglomération,Hors intersection,Normale,Deux véhicules - côté,,,,,,,,,,,2,2,1,1,3
200800001959,0008-01-08 12:10:00,8,1,8,12,10,60,29,PICAUD (AVENUE DR) BOCCA,,,Plein jour,En agglomération,Hors intersection,Normale,Deux véhicules - côté,,,,,,,,,,,1,2,1,1,3
200800001960,0008-01-08 15:55:00,8,1,8,15,55,60,29,"4, PASTEUR (RUE)",,,Plein jour,En agglomération,Hors intersection,Normale,Autre collision,,,,,,,,,,,1,2,1,1,6
200800001961,0008-01-10 11:05:00,8,1,10,11,5,60,29,"20, ALSACE ( BOULEVARD D",,,Plein jour,En agglomération,Hors intersection,Pluie légère,Autre collision,,,,,,,,,,,1,2,1,2,6
200800001962,0008-01-13 02:00:00,8,1,13,2,0,60,29,"8, BORNIOL (RUE)",,,Nuit avec éclairage allumé,En agglomération,Hors intersection,Normale,Autre collision,,,,,,,,,,,5,2,1,1,6
200800001963,0008-01-07 10:52:00,8,1,7,10,52,60,29,TONNER (AVENUE FRANCIS),,,Plein jour,En agglomération,Hors intersection,Normale,Autre collision,,,,,,,,,,,1,2,1,1,6
200800001964,0008-01-14 09:05:00,8,1,14,9,5,60,29,ALEXANDRE III (BOULEVARD,,,Plein jour,En agglomération,Hors intersection,Normale,Deux véhicules - côté,,,,,,,,,,,1,2,1,1,3
200800001965,0008-01-12 11:18:00,8,1,12,11,18,60,29,CARNOT (BOULEVARD),,,Plein jour,En agglomération,Hors intersection,Pluie légère,Autre collision,,,,,,,,,,,1,2,1,2,6
200800001966,0008-01-14 19:15:00,8,1,14,19,15,60,29,COUVERTURE VOIE FERREE,,,Nuit avec éclairage allumé,En agglomération,Hors intersection,Pluie forte,Deux véhicules - arrière,,,,,,,,,,,5,2,1,3,2
200800001967,0008-01-15 19:33:00,8,1,15,19,33,60,30,"64, SADI CARNOT (BOULEVA",,,Nuit avec éclairage allumé,En agglomération,Hors intersection,Normale,Trois véhicules et plus - collisions multiples,,,,,,,,,,,5,2,1,1,5
200800001968,0008-01-10 10:08:00,8,1,10,10,8,60,29,PASTEUR (RUE),,,Plein jour,En agglomération,Intersection en X,Pluie légère,Deux véhicules - côté,,,,,,,,,,,1,2,2,2,3
200800001969,0008-01-15 11:00:00,8,1,15,11,0,60,29,JOURDAN (AVENUE MICHEL),,,Plein jour,En agglomération,Hors intersection,Normale,Deux véhicules - arrière,,,,,,,,,,,1,2,1,1,2
200800001970,0008-01-20 08:10:00,8,1,20,8,10,60,30,TIGNES (CHEMIN DES),,,Plein jour,En agglomération,Intersection en T,Normale,Deux véhicules - côté,,,,,,,,,,,1,2,3,1,3
200800001971,0008-01-20 12:00:00,8,1,20,12,0,60,29,"51, JOURDAN (AVENUE MICH",,,Plein jour,En agglomération,Hors intersection,Normale,Trois véhicules et plus - collisions multiples,,,,,,,,,,,1,2,1,1,5
200800001972,0008-01-18 18:50:00,8,1,18,18,50,60,29,GRASSE (AVENUE DE),,,Nuit avec éclairage allumé,En agglomération,Hors intersection,Normale,Deux véhicules - côté,,,,,,,,,,,5,2,1,1,3
200800001973,0008-01-18 17:10:00,8,1,18,17,10,60,30,MOULIN (BOULEVARD JEAN),,,Plein jour,En agglomération,Hors intersection,Normale,Autre collision,,,,,,,,,,,1,2,1,1,6
200800001974,0008-01-23 12:00:00,8,1,23,12,0,60,30,MONOD (RUE JEAN),,,Plein jour,En agglomération,Hors intersection,Normale,Deux véhicules - côté,,,,,,,,,,,1,2,1,1,3
200800001975,0008-01-28 07:48:00,8,1,28,7,48,60,29,ANCIENS COMBATTANTS D'AF,,,Plein jour,En agglomération,Hors intersection,Normale,Deux véhicules - côté,,,,,,,,,,,1,2,1,1,3
200800001976,0008-01-28 18:42:00,8,1,28,18,42,60,30,CARNOT (BOULEVARD),,,Crépuscule ou aube,En agglomération,Hors intersection,Normale,Deux véhicules - côté,,,,,,,,,,,2,2,1,1,3
200800001977,0008-01-31 17:38:00,8,1,31,17,38,60,30,"119 bis, CARNOT (BOULEVA",,,Plein jour,En agglomération,Hors intersection,Normale,Deux véhicules - côté,,,,,,,,,,,1,2,1,1,3
200800001978,0008-01-31 09:36:00,8,1,31,9,36,60,29,MIDI (BOULEVARD DU),,,Plein jour,En agglomération,Hors intersection,Normale,Deux véhicules - côté,,,,,,,,,,,1,2,1,1,3
200800001979,0008-01-31 09:05:00,8,1,31,9,5,60,29,JOURDAN (AVENUE MICHEL),,,Plein jour,En agglomération,Hors intersection,Normale,Deux véhicules - côté,,,,,,,,,,,1,2,1,1,3
200800001980,0008-01-24 17:10:00,8,1,24,17,10,60,29,VALLAURIS (AVENUE DE),,,Plein jour,En agglomération,Hors intersection,Normale,Deux véhicules - côté,,,,,,,,,,,1,2,1,1,3
200800001981,0008-01-02 16:30:00,8,1,2,16,30,60,69,"76, ORME (CHEMIN DE L')",,,Plein jour,En agglomération,Hors intersection,Normale,Deux véhicules - arrière,,,,,,,,,,,1,2,1,1,2
200800001982,0008-01-05 13:50:00,8,1,5,13,50,60,69,"191, SAINT MATHIEU (ROUT",,,Plein jour,En agglomération,Hors intersection,Pluie légère,Deux véhicules - frontale,,,,,,,,,,,1,2,1,2,1
200800001983,0008-01-08 09:15:00,8,1,8,9,15,60,69,"x, DRAGUIGNAN (ROUTE DE)",,,Plein jour,Hors agglomération,Giratoire,Normale,Deux véhicules - côté,,,,,,,,,,,1,1,6,1,3
200800001984,0008-01-08 19:35:00,8,1,8,19,35,60,69,"x, FOUX (PLACE DE LA)",,,Nuit avec éclairage allumé,En agglomération,Giratoire,Normale,Deux véhicules - côté,,,,,,,,,,,5,2,6,1,3
200800001985,0008-01-10 10:00:00,8,1,10,10,0,60,69,"x, SEMARD - LA GARE (AVE",,,Plein jour,En agglomération,Hors intersection,Pluie légère,Deux véhicules - arrière,,,,,,,,,,,1,2,1,2,2
200800001986,0008-01-11 08:10:00,8,1,11,8,10,60,69,"x, THIERS (AVENUE)",,,Crépuscule ou aube,En agglomération,Hors intersection,Pluie légère,Autre collision,,,,,,,,,,,2,2,1,2,6
200800001987,0008-01-11 18:15:00,8,1,11,18,15,60,69,"24, MISTRAL (AVENUE ET P",,,Nuit avec éclairage allumé,En agglomération,Hors intersection,Pluie légère,Autre collision,,,,,,,,,,,5,2,1,2,6
200800001988,0008-01-14 14:45:00,8,1,14,14,45,60,69,"105, DRAGUIGNAN (ROUTE D",,,Plein jour,En agglomération,Hors intersection,Pluie légère,Deux véhicules - frontale,,,,,,,,,,,1,2,1,2,1
200800001989,0008-01-14 15:10:00,8,1,14,15,10,60,69,"2, CRESP (COURS HONORE)",,,Plein jour,En agglomération,Giratoire,Pluie légère,Deux véhicules - arrière,,,,,,,,,,,1,2,6,2,2
200800001990,0008-01-14 17:40:00,8,1,14,17,40,60,69,"8, PAOUTE (ROUTE ET TRAV",,,Nuit avec éclairage allumé,En agglomération,Hors intersection,Pluie légère,Sans collision,,,,,,,,,,,5,2,1,2,7
200800001991,0008-01-15 08:05:00,8,1,15,8,5,60,69,"x, DRAGUIGNAN (ROUTE DE)",,,Plein jour,En agglomération,Intersection en T,Pluie légère,Deux véhicules - côté,,,,,,,,,,,1,2,3,2,3
200800001992,0008-01-16 09:20:00,8,1,16,9,20,60,69,"x, DUVAL (AVENUE MATHIAS",,,Plein jour,En agglomération,Hors intersection,Pluie forte,Autre collision,,,,,,,,,,,1,2,1,3,6
200800001993,0008-01-18 07:55:00,8,1,18,7,55,60,69,"86, MISTRAL (AVENUE ET P",,,Plein jour,En agglomération,Hors intersection,Normale,Deux véhicules - arrière,,,,,,,,,,,1,2,1,1,2
200800001994,0008-01-19 16:10:00,8,1,19,16,10,60,69,"33, GOBY (RUE PAUL)",,,Plein jour,En agglomération,Intersection en T,Normale,Autre collision,,,,,,,,,,,1,2,3,1,6
200800001995,0008-01-23 08:25:00,8,1,23,8,25,60,69,"5, LECLERC (BOULEVARD DU",,,Plein jour,En agglomération,Hors intersection,Normale,Autre collision,,,,,,,,,,,1,2,1,1,6
200800001996,0008-01-23 10:15:00,8,1,23,10,15,60,69,"X, SAINT FRANCOIS (PLACE",,,Plein jour,Hors agglomération,Hors intersection,Normale,Deux véhicules - arrière,,,,,,,,,,,1,1,1,1,2
200800001997,0008-01-24 15:30:00,8,1,24,15,30,60,69,"56, ORME (CHEMIN DE L')",,,Plein jour,En agglomération,Hors intersection,Normale,Autre collision,,,,,,,,,,,1,2,1,1,6
200800001998,0008-01-25 11:20:00,8,1,25,11,20,60,69,"x, FOUQUES (AVENUE)",,,Plein jour,En agglomération,Hors intersection,Normale,Sans collision,,,,,,,,,,,1,2,1,1,7
200800001999,0008-01-26 18:05:00,8,1,26,18,5,60,69,"53, LIBERATION (AVENUE D",,,Crépuscule ou aube,En agglomération,Hors intersection,Normale,Deux véhicules - côté,,,,,,,,,,,2,2,1,1,3
200800002000,0008-01-28 08:25:00,8,1,28,8,25,60,69,"106, PAOUTE (ROUTE ET TR",,,Plein jour,En agglomération,Hors intersection,Normale,Deux véhicules - côté,,,,,,,,,,,1,2,1,1,3
200800002001,0008-01-29 07:45:00,8,1,29,7,45,60,69,"45, MISTRAL (AVENUE ET P",,,Crépuscule ou aube,En agglomération,Hors intersection,Normale,Deux véhicules - côté,,,,,,,,,,,2,2,1,1,3
200800002002,0008-01-01 04:30:00,8,1,1,4,30,60,83,CARNOT (AVENUE),,,Nuit avec éclairage allumé,En agglomération,Intersection en T,Normale,Deux véhicules - côté,,,,,,,,,,,5,2,3,1,3
200800002003,0008-01-01 17:30:00,8,1,1,17,30,60,104,CORNICHE (MOYENNE),,,Plein jour,En agglomération,Intersection en Y,Normale,Deux véhicules - côté,,,,,,,,,,,1,2,4,1,3
200800002004,0008-01-07 15:30:00,8,1,7,15,30,60,83,ASTRID (PROMENADE REINE),,,Plein jour,En agglomération,Hors intersection,Normale,Deux véhicules - côté,,,,,,,,,,,1,2,1,1,3
200800002005,0008-01-13 17:40:00,8,1,13,17,40,60,104,KENNEDY (AVENUE PRESIDEN,,,Nuit avec éclairage allumé,En agglomération,Hors intersection,Normale,Deux véhicules - côté,,,,,,,,,,,5,2,1,1,3
200800002006,0008-01-26 17:30:00,8,1,26,17,30,60,12,AFN (BOULEVARD DES ANCIE,,,Crépuscule ou aube,En agglomération,Hors intersection,Normale,Autre collision,,,,,,,,,,,2,2,1,1,6
200800002007,0008-01-31 15:25:00,8,1,31,15,25,60,12,"6, HUGO (RUE VICTOR)",,,Plein jour,En agglomération,Hors intersection,Normale,Trois véhicules et plus - collisions multiples,,,,,,,,,,,1,2,1,1,5
200800002008,0008-01-18 16:35:00,8,1,18,16,35,60,12,"2193, CORNICHE (MOYENNE,",,,Plein jour,En agglomération,Hors intersection,Normale,Autre collision,,,,,,,,,,,1,2,1,1,6
200800002009,0008-01-26 19:20:00,8,1,26,19,20,60,104,"114, AZUR (AVENUE DE LA",,,Nuit avec éclairage allumé,En agglomération,Hors intersection,Normale,Sans collision,,,,,,,,,,,5,2,1,1,7
200800002010,0008-01-01 04:30:00,8,1,1,4,30,60,88,"6, RAY (AV. DU)",,,Nuit avec éclairage allumé,Hors agglomération,Hors intersection,Normale,Autre collision,,,,,,,,,,,5,1,1,1,6
200800002011,0008-01-01 07:40:00,8,1,1,7,40,60,88,"0, REINE-JEANNE (R.)",,,Nuit avec éclairage non allumé,En agglomération,Intersection en X,Normale,Deux véhicules - côté,,,,,,,,,,,4,2,2,1,3
200800002012,0008-01-01 20:55:00,8,1,1,20,55,60,88,"140, CALIFORNIE (AV.) (D",,,Nuit avec éclairage non allumé,En agglomération,Hors intersection,Normale,Deux véhicules - côté,,,,,,,,,,,4,2,1,1,3
200800002013,0008-01-02 15:30:00,8,1,2,15,30,60,88,"0, CASSIN (BD RENE)",,,Plein jour,En agglomération,Hors intersection,Normale,Autre collision,,,,,,,,,,,1,2,1,1,6