accident_id,datetime,annee,mois,jour,heure,minute,departement,commune_insee,adresse,latitude,longitude,luminosite,agglomeration,intersection,meteo,collision,nb_vehicules,nb_usagers,nb_indemnes,nb_tues,nb_blesses_hosp,nb_blesses_legers,age_cond_1,age_cond_2,veh_type_cond_1,veh_type_cond_2,lum_code,agg_code,int_code,atm_code,col_code
200800002014,0008-01-03 15:00:00,8,1,3,15,0,60,88,"6, FLIREY (AV. DE)",,,Plein jour,En agglomération,Hors intersection,Pluie légère,Sans collision,,,,,,,,,,,1,2,1,2,7
200800002015,0008-01-03 17:40:00,8,1,3,17,40,60,88,"117, ANGLAIS (DU N° 114",,,Plein jour,En agglomération,Hors intersection,Pluie légère,Deux véhicules - arrière,,,,,,,,,,,1,2,1,2,2
200800002016,0008-01-03 17:50:00,8,1,3,17,50,60,88,"0, JOFFRE (R. MARECHAL)",,,Plein jour,En agglomération,Intersection en X,Normale,Deux véhicules - côté,,,,,,,,,,,1,2,2,1,3
200800002017,0008-01-03 21:30:00,8,1,3,21,30,60,88,"17, DANTE (RUE)",,,Nuit avec éclairage allumé,En agglomération,Hors intersection,Pluie légère,Autre collision,,,,,,,,,,,5,2,1,2,6
200800002018,0008-01-04 10:55:00,8,1,4,10,55,60,88,ANGLAIS (DU N° 265 AU N°,,,Plein jour,Hors agglomération,Hors intersection,Normale,Deux véhicules - arrière,,,,,,,,,,,1,1,1,1,2
200800002019,0008-01-04 12:30:00,8,1,4,12,30,60,88,"51, DUNANT (AV. HENRI)",,,Plein jour,En agglomération,Hors intersection,Pluie légère,Deux véhicules - côté,,,,,,,,,,,1,2,1,2,3
200800002020,0008-01-04 19:15:00,8,1,4,19,15,60,88,"8, FAURE (AV. FELIX)",,,Nuit avec éclairage allumé,En agglomération,Hors intersection,Pluie légère,Autre collision,,,,,,,,,,,5,2,1,2,6
200800002021,0008-01-05 08:00:00,8,1,5,8,0,60,88,"80, CALIFORNIE (AV.) (DU",,,Plein jour,En agglomération,Hors intersection,Normale,Deux véhicules - côté,,,,,,,,,,,1,2,1,1,3
200800002022,0008-01-05 10:05:00,8,1,5,10,5,60,88,"137, COSTIERE (CH. DE LA",,,Plein jour,En agglomération,Hors intersection,Normale,Deux véhicules - côté,,,,,,,,,,,1,2,1,1,3
200800002023,0008-01-06 04:05:00,8,1,6,4,5,60,88,"221, ANGLAIS (DU N° 114",,,Nuit avec éclairage allumé,En agglomération,Hors intersection,Pluie légère,Deux véhicules - arrière,,,,,,,,,,,5,2,1,2,2
200800002024,0008-01-06 13:10:00,8,1,6,13,10,60,88,"0, GRENOBLE (ROUTE DE)",,,Plein jour,En agglomération,Intersection en T,Normale,Deux véhicules - côté,,,,,,,,,,,1,2,3,1,3
200800002025,0008-01-06 18:30:00,8,1,6,18,30,60,88,"296, TURIN (RTE DE)",,,Nuit avec éclairage allumé,En agglomération,Hors intersection,Pluie légère,Deux véhicules - arrière,,,,,,,,,,,5,2,1,2,2
200800002026,0008-01-07 13:45:00,8,1,7,13,45,60,88,"162, CESSOLE (BD DE) (A",,,Plein jour,En agglomération,Hors intersection,Normale,Autre collision,,,,,,,,,,,1,2,1,1,6
200800002027,0008-01-07 17:10:00,8,1,7,17,10,60,88,"2, GUITRY (R. SACHA)",,,Crépuscule ou aube,En agglomération,Hors intersection,Normale,Autre collision,,,,,,,,,,,2,2,1,1,6
200800002028,0008-01-07 17:15:00,8,1,7,17,15,60,88,"1, ANGLAIS (DU N° 1 AU N",,,Plein jour,Hors agglomération,Hors intersection,Normale,Autre collision,,,,,,,,,,,1,1,1,1,6
200800002029,0008-01-07 20:45:00,8,1,7,20,45,60,88,"0, ROMAINE (AV. DE LA VO",,,Nuit avec éclairage allumé,En agglomération,Hors intersection,Normale,Deux véhicules - côté,,,,,,,,,,,5,2,1,1,3
200800002030,0008-01-07 22:30:00,8,1,7,22,30,60,88,"0, GARIBALDI (PL.)",,,Nuit avec éclairage allumé,En agglomération,Place,Normale,Deux véhicules - côté,,,,,,,,,,,5,2,7,1,3
200800002031,0008-01-08 13:35:00,8,1,8,13,35,60,88,"207, SAINT-PIERRE DE FER",,,Plein jour,En agglomération,Hors intersection,Normale,Deux véhicules - arrière,,,,,,,,,,,1,2,1,1,2
200800002032,0008-01-08 16:25:00,8,1,8,16,25,60,88,"23, GORBELLA (BD DE)",,,Plein jour,En agglomération,Hors intersection,Normale,Autre collision,,,,,,,,,,,1,2,1,1,6
200800002033,0008-01-09 13:27:00,8,1,9,13,27,60,88,"2, DESAMBROIS (AV.)",,,Plein jour,En agglomération,Hors intersection,Normale,Deux véhicules - côté,,,,,,,,,,,1,2,1,1,3
200800002034,0008-01-09 13:50:00,8,1,9,13,50,60,88,"0, GRENOBLE (ROUTE DE)",,,Plein jour,En agglomération,Hors intersection,Normale,Deux véhicules - côté,,,,,,,,,,,1,2,1,1,3
200800002035,0008-01-09 21:10:00,8,1,9,21,10,60,88,"65, MADELEINE (BD DE LA)",,,Nuit avec éclairage allumé,En agglomération,Hors intersection,Normale,Autre collision,,,,,,,,,,,5,2,1,1,6
200800002036,0008-01-10 07:37:00,8,1,10,7,37,60,88,"0, STE MARGUERITE (AV.)",,,Nuit avec éclairage non allumé,En agglomération,Hors intersection,Normale,Autre collision,,,,,,,,,,,4,2,1,1,6
200800002037,0008-01-10 11:10:00,8,1,10,11,10,60,88,GALLIENI (AV.),,,Plein jour,En agglomération,Place,Pluie légère,Deux véhicules - arrière,,,,,,,,,,,1,2,7,2,2
200800002038,0008-01-11 12:00:00,8,1,11,12,0,60,88,"0, VOIE RAPIDE",,,Plein jour,En agglomération,Hors intersection,Pluie forte,Deux véhicules - arrière,,,,,,,,,,,1,2,1,3,2
200800002039,0008-01-11 13:30:00,8,1,11,13,30,60,88,"0, BESSET (AV.) (A PARTI",,,Plein jour,En agglomération,Intersection en T,Pluie forte,Deux véhicules - côté,,,,,,,,,,,1,2,3,3,3
200800002040,0008-01-11 18:00:00,8,1,11,18,0,60,88,"0, SAINT-ROCH (BD DE)",,,Nuit avec éclairage allumé,En agglomération,Hors intersection,Temps couvert,Deux véhicules - frontale,,,,,,,,,,,5,2,1,8,1
200800002041,0008-01-12 13:50:00,8,1,12,13,50,60,88,"32, DIABLES BLEUS (AV. D",,,Plein jour,En agglomération,Hors intersection,Pluie forte,Deux véhicules - arrière,,,,,,,,,,,1,2,1,3,2
200800002042,0008-01-13 10:40:00,8,1,13,10,40,60,88,"32, PASTEUR (BD)",,,Plein jour,En agglomération,Hors intersection,Normale,Deux véhicules - arrière,,,,,,,,,,,1,2,1,1,2
200800002043,0008-01-13 22:30:00,8,1,13,22,30,60,88,"111, CESSOLE (BD DE) (A",,,Nuit avec éclairage allumé,En agglomération,Hors intersection,Normale,Deux véhicules - côté,,,,,,,,,,,5,2,1,1,3
200800002044,0008-01-14 17:45:00,8,1,14,17,45,60,88,"59, RAY (AV. DU)",,,Nuit avec éclairage allumé,En agglomération,Hors intersection,Pluie forte,Autre collision,,,,,,,,,,,5,2,1,3,6
200800002045,0008-01-14 19:50:00,8,1,14,19,50,60,88,"48, PASTEUR (BD)",,,Nuit avec éclairage allumé,En agglomération,Intersection en T,Pluie forte,Deux véhicules - côté,,,,,,,,,,,5,2,3,3,3
200800002046,0008-01-15 11:00:00,8,1,15,11,0,60,88,"42, SAINT-AUGUSTIN (AV.",,,Plein jour,En agglomération,Hors intersection,Normale,Deux véhicules - côté,,,,,,,,,,,1,2,1,1,3
200800002047,0008-01-15 18:15:00,8,1,15,18,15,60,88,"18, CIMIEZ (BD) A PARTIR",,,Nuit avec éclairage allumé,En agglomération,Hors intersection,Normale,Deux véhicules - arrière,,,,,,,,,,,5,2,1,1,2
200800002048,0008-01-16 07:45:00,8,1,16,7,45,60,88,"203, MADELEINE (BD DE LA",,,Crépuscule ou aube,En agglomération,Hors intersection,Pluie légère,Deux véhicules - côté,,,,,,,,,,,2,2,1,2,3
200800002049,0008-01-16 12:55:00,8,1,16,12,55,60,88,"0, QUAI DES ETATS UNIS",,,Plein jour,En agglomération,Intersection en T,Temps couvert,Deux véhicules - côté,,,,,,,,,,,1,2,3,8,3
200800002050,0008-01-16 20:20:00,8,1,16,20,20,60,88,"0, VERNIER (R.)",,,Nuit avec éclairage allumé,En agglomération,Intersection en X,Normale,Deux véhicules - côté,,,,,,,,,,,5,2,2,1,3
200800002051,0008-01-17 01:15:00,8,1,17,1,15,60,88,"22, QUAI LUNEL",,,Nuit avec éclairage non allumé,En agglomération,Hors intersection,Normale,Deux véhicules - côté,,,,,,,,,,,4,2,1,1,3
200800002052,0008-01-17 20:09:00,8,1,17,20,9,60,88,"0, FONTAINE DU TEMPLE (P",,,Nuit avec éclairage allumé,En agglomération,Intersection à plus de 4 branches,Normale,Deux véhicules - côté,,,,,,,,,,,5,2,5,1,3
200800002053,0008-01-17 20:30:00,8,1,17,20,30,60,88,"44 bis, CORNICHE FLEURIE",,,Nuit avec éclairage allumé,En agglomération,Hors intersection,Normale,Autre collision,,,,,,,,,,,5,2,1,1,6
200800002054,0008-01-18 09:55:00,8,1,18,9,55,60,88,"0, ITALIE (R. D')",,,Plein jour,En agglomération,Hors intersection,Normale,Autre collision,,,,,,,,,,,1,2,1,1,6
200800002055,0008-01-18 16:00:00,8,1,18,16,0,60,88,"65, ANGLAIS (DU N° 45 AU",,,Plein jour,En agglomération,Hors intersection,Normale,Trois véhicules et plus - collisions multiples,,,,,,,,,,,1,2,1,1,5
200800002056,0008-01-18 17:45:00,8,1,18,17,45,60,88,"0, VILLERMONT (AV.)",,,Plein jour,En agglomération,Intersection en X,Normale,Autre collision,,,,,,,,,,,1,2,2,1,6
200800002057,0008-01-19 02:20:00,8,1,19,2,20,60,159,"0, NAPOLEON III (BOULEVA",,,Nuit avec éclairage allumé,En agglomération,Hors intersection,Normale,Deux véhicules - frontale,,,,,,,,,,,5,2,1,1,1
200800002058,0008-01-19 13:45:00,8,1,19,13,45,60,88,"0, LEPANTE (R. DE)",,,Plein jour,En agglomération,Intersection en X,Normale,Deux véhicules - côté,,,,,,,,,,,1,2,2,1,3
200800002059,0008-01-19 14:30:00,8,1,19,14,30,60,88,"0, DANTE (RUE)",,,Plein jour,En agglomération,Intersection en X,Normale,Deux véhicules - côté,,,,,,,,,,,1,2,2,1,3
200800002060,0008-01-19 17:30:00,8,1,19,17,30,60,88,"0, DIDEROT (RUE)",,,Nuit avec éclairage allumé,En agglomération,Hors intersection,Normale,Deux véhicules - arrière,,,,,,,,,,,5,2,1,1,2
200800002061,0008-01-19 18:15:00,8,1,19,18,15,60,88,"3, VILLE (R. GEORGES)",,,Nuit avec éclairage allumé,En agglomération,Hors intersection,Normale,Autre collision,,,,,,,,,,,5,2,1,1,6
200800002062,0008-01-19 19:00:00,8,1,19,19,0,60,88,"0, GALLIENI (AV.)",,,Nuit avec éclairage allumé,En agglomération,Hors intersection,Normale,Autre collision,,,,,,,,,,,5,2,1,1,6
200800002063,0008-01-20 08:30:00,8,1,20,8,30,60,88,"1, DE GAULLE (PLACE GENE",,,Plein jour,En agglomération,Hors intersection,Normale,Deux véhicules - côté,,,,,,,,,,,1,2,1,1,3
200800002064,0008-01-21 10:33:00,8,1,21,10,33,60,88,"139, RD 6202",,,Plein jour,En agglomération,Hors intersection,Normale,Autre collision,,,,,,,,,,,1,2,1,1,6
200800002065,0008-01-21 15:00:00,8,1,21,15,0,60,88,"5, ANGLAIS (DU N° 1 AU N",,,Plein jour,En agglomération,Hors intersection,Normale,Deux véhicules - côté,,,,,,,,,,,1,2,1,1,3
200800002066,0008-01-21 15:50:00,8,1,21,15,50,60,88,"0, SASSERNO (PL.)",,,Plein jour,En agglomération,Hors intersection,Normale,Deux véhicules - côté,,,,,,,,,,,1,2,1,1,3
200800002067,0008-01-21 17:45:00,8,1,21,17,45,60,88,"8, CARLONE (BD)",,,Nuit avec éclairage allumé,En agglomération,Hors intersection,Normale,Autre collision,,,,,,,,,,,5,2,1,1,6
200800002068,0008-01-22 07:30:00,8,1,22,7,30,60,88,"0, COSTIERE (CH. DE LA)",,,Nuit avec éclairage non allumé,Hors agglomération,Intersection en T,Normale,Deux véhicules - côté,,,,,,,,,,,4,1,3,1,3
200800002069,0008-01-22 08:45:00,8,1,22,8,45,60,88,"0, VOIE RAPIDE",,,Plein jour,Hors agglomération,Hors intersection,Normale,Deux véhicules - côté,,,,,,,,,,,1,1,1,1,3
200800002070,0008-01-22 10:30:00,8,1,22,10,30,60,88,"0, RAIBERTI (R.)",,,Plein jour,En agglomération,Hors intersection,Normale,Autre collision,,,,,,,,,,,1,2,1,1,6
200800002071,0008-01-22 15:00:00,8,1,22,15,0,60,88,"43, MAHONIAS (R. DES)",,,Plein jour,En agglomération,Hors intersection,Normale,Sans collision,,,,,,,,,,,1,2,1,1,7
200800002072,0008-01-22 15:10:00,8,1,22,15,10,60,88,"16, VERANY (BD J.B.)",,,Plein jour,En agglomération,Hors intersection,Normale,Autre collision,,,,,,,,,,,1,2,1,1,6
200800002073,0008-01-22 17:30:00,8,1,22,17,30,60,88,"55 bis, CESSOLE (BD DE)",,,Nuit avec éclairage allumé,En agglomération,Hors intersection,Normale,Autre collision,,,,,,,,,,,5,2,1,1,6
200800002074,0008-01-22 19:15:00,8,1,22,19,15,60,88,"47, PEGURIER (R. AUGUSTE",,,Nuit avec éclairage allumé,En agglomération,Hors intersection,Normale,Deux véhicules - côté,,,,,,,,,,,5,2,1,1,3
200800002075,0008-01-23 08:45:00,8,1,23,8,45,60,88,"10, VILLENEUVE (R. DE)",,,Plein jour,En agglomération,Hors intersection,Normale,Autre collision,,,,,,,,,,,1,2,1,1,6
200800002076,0008-01-23 12:05:00,8,1,23,12,5,60,88,"121, MADELEINE (BD DE LA",,,Plein jour,En agglomération,Hors intersection,Normale,Sans collision,,,,,,,,,,,1,2,1,1,7
200800002077,0008-01-23 16:30:00,8,1,23,16,30,60,88,"23, ANGLAIS PLAGE (N°1 A",,,Plein jour,En agglomération,Hors intersection,Normale,Autre collision,,,,,,,,,,,1,2,1,1,6
200800002078,0008-01-23 17:00:00,8,1,23,17,0,60,88,"280, MADELEINE (BD DE LA",,,Nuit avec éclairage allumé,En agglomération,Hors intersection,Normale,Autre collision,,,,,,,,,,,5,2,1,1,6
200800002079,0008-01-24 18:45:00,8,1,24,18,45,60,88,"0, CORNIGLION MOLINIER (",,,Nuit avec éclairage non allumé,En agglomération,Hors intersection,Normale,Deux véhicules - côté,,,,,,,,,,,4,2,1,1,3
200800002080,0008-01-23 21:40:00,8,1,23,21,40,60,88,"0, HUGO (BD VICTOR)",,,Nuit avec éclairage allumé,En agglomération,Intersection en X,Normale,Deux véhicules - côté,,,,,,,,,,,5,2,2,1,3
200800002081,0008-01-24 08:00:00,8,1,24,8,0,60,88,"0, ESTIENNE -D'ORVES (AV",,,Plein jour,En agglomération,Hors intersection,Normale,Autre collision,,,,,,,,,,,1,2,1,1,6
200800002082,0008-01-24 17:00:00,8,1,24,17,0,60,88,"10, PASTEUR (BD)",,,Plein jour,En agglomération,Hors intersection,Normale,Deux véhicules - côté,,,,,,,,,,,1,2,1,1,3
200800002083,0008-01-24 17:20:00,8,1,24,17,20,60,88,"1, ANGLAIS (DU N° 45 AU",,,Plein jour,En agglomération,Hors intersection,Normale,Deux véhicules - arrière,,,,,,,,,,,1,2,1,1,2
200800002084,0008-01-25 04:50:00,8,1,25,4,50,60,88,"0, BAREL (PLACE MAX)",,,Nuit avec éclairage allumé,En agglomération,Place,Normale,Autre collision,,,,,,,,,,,5,2,7,1,6
200800002085,0008-01-25 08:40:00,8,1,25,8,40,60,88,"0, VOIE RAPIDE",,,Plein jour,Hors agglomération,Hors intersection,Normale,Deux véhicules - côté,,,,,,,,,,,1,1,1,1,3
200800002086,0008-01-25 12:30:00,8,1,25,12,30,60,88,"0, LYAUTEY (AV. DU MAL)",,,Plein jour,En agglomération,Hors intersection,Normale,Trois véhicules et plus - collisions multiples,,,,,,,,,,,1,2,1,1,5
200800002087,0008-01-26 08:10:00,8,1,26,8,10,60,88,"0, FIGHIERA (R. DU DOCTE",,,Plein jour,En agglomération,Intersection en X,Normale,Deux véhicules - côté,,,,,,,,,,,1,2,2,1,3
200800002088,0008-01-26 13:20:00,8,1,26,13,20,60,88,"1, DEFLY (RUE)",,,Plein jour,En agglomération,Intersection en X,Normale,Autre collision,,,,,,,,,,,1,2,2,1,6
200800002089,0008-01-26 14:30:00,8,1,26,14,30,60,88,"0, ITALIE (R. D')",,,Plein jour,En agglomération,Intersection en X,Normale,Autre collision,,,,,,,,,,,1,2,2,1,6
200800002090,0008-01-26 22:30:00,8,1,26,22,30,60,88,"344, TURIN (RTE DE)",,,Nuit avec éclairage allumé,En agglomération,Hors intersection,Normale,Deux véhicules - côté,,,,,,,,,,,5,2,1,1,3
200800002091,0008-01-27 05:15:00,8,1,27,5,15,60,88,"0, ANGLAIS (DU N° 114 AU",,,Nuit avec éclairage allumé,En agglomération,Hors intersection,Normale,Deux véhicules - arrière,,,,,,,,,,,5,2,1,1,2
200800002092,0008-01-27 11:00:00,8,1,27,11,0,60,88,"18, MAETERLINCK (BD M.)",,,Plein jour,En agglomération,Hors intersection,Normale,Deux véhicules - côté,,,,,,,,,,,1,2,1,1,3
200800002093,0008-01-27 17:10:00,8,1,27,17,10,60,88,"105, ETATS UNIS (QUAI DE",,,Crépuscule ou aube,En agglomération,Hors intersection,Normale,Autre collision,,,,,,,,,,,2,2,1,1,6
200800002094,0008-01-27 18:30:00,8,1,27,18,30,60,88,"76, GROSSO (JUSQU'AU N°",,,Nuit avec éclairage allumé,En agglomération,Hors intersection,Normale,Autre collision,,,,,,,,,,,5,2,1,1,6
200800002095,0008-01-27 21:30:00,8,1,27,21,30,60,88,"0, GUBERNATIS (R.)",,,Nuit avec éclairage allumé,En agglomération,Intersection en X,Normale,Deux véhicules - côté,,,,,,,,,,,5,2,2,1,3
200800002096,0008-01-28 10:30:00,8,1,28,10,30,60,88,"0, ANGLAIS (A PARTIR DU",,,Plein jour,Hors agglomération,Hors intersection,Normale,Autre collision,,,,,,,,,,,1,1,1,1,6
200800002097,0008-01-28 12:50:00,8,1,28,12,50,60,88,"0, VOIE RAPIDE",,,Plein jour,En agglomération,Hors intersection,Normale,Autre collision,,,,,,,,,,,1,2,1,1,6
200800002098,0008-01-28 20:45:00,8,1,28,20,45,60,88,"0, FRANCE (R. DE) A PART",,,Nuit avec éclairage allumé,En agglomération,Hors intersection,Normale,Deux véhicules - côté,,,,,,,,,,,5,2,1,1,3
200800002099,0008-01-28 21:39:00,8,1,28,21,39,60,88,"214, FABRON (AV. DE) (A",,,Nuit avec éclairage allumé,En agglomération,Hors intersection,Normale,Autre collision,,,,,,,,,,,5,2,1,1,6
200800002100,0008-01-29 08:45:00,8,1,29,8,45,60,88,"0, VAUBAN (R. MARECHAL)",,,Plein jour,En agglomération,Hors intersection,Normale,Deux véhicules - côté,,,,,,,,,,,1,2,1,1,3
200800002101,0008-01-29 11:05:00,8,1,29,11,5,60,88,"143, CALIFORNIE (AV.) (D",,,Plein jour,En agglomération,Hors intersection,Temps couvert,Deux véhicules - côté,,,,,,,,,,,1,2,1,8,3
200800002102,0008-01-29 15:00:00,8,1,29,15,0,60,88,SAINT-PIERRE DE FERIC (R,,,Plein jour,En agglomération,Giratoire,Normale,Deux véhicules - côté,,,,,,,,,,,1,2,6,1,3
200800002103,0008-01-29 15:40:00,8,1,29,15,40,60,88,"0, DUBOUCHAGE (BD)",,,Plein jour,En agglomération,Intersection en X,Normale,Deux véhicules - côté,,,,,,,,,,,1,2,2,1,3
200800002104,0008-01-29 16:45:00,8,1,29,16,45,60,88,"9, VOIE ROMAINE (AV. DE",,,Plein jour,En agglomération,Hors intersection,Normale,Trois véhicules et plus - collisions multiples,,,,,,,,,,,1,2,1,1,5
200800002105,0008-01-29 17:20:00,8,1,29,17,20,60,88,"0, MOLIERE (R.)",,,Plein jour,En agglomération,Intersection en X,Normale,Deux véhicules - côté,,,,,,,,,,,1,2,2,1,3
200800002106,0008-01-29 19:45:00,8,1,29,19,45,60,88,"0, CROS DE CAPEU (RUE)",,,Nuit avec éclairage non allumé,En agglomération,Hors intersection,Normale,Autre collision,,,,,,,,,,,4,2,1,1,6
200800002107,0008-01-30 08:45:00,8,1,30,8,45,60,88,"0, SAQUI (AV. JOSEPH)",,,Plein jour,En agglomération,Intersection en T,Normale,Deux véhicules - côté,,,,,,,,,,,1,2,3,1,3
200800002108,0008-01-30 18:15:00,8,1,30,18,15,60,88,"0, PELLOS (R. FRANCOIS)",,,Nuit avec éclairage allumé,En agglomération,Hors intersection,Normale,Autre collision,,,,,,,,,,,5,2,1,1,6
200800002109,0008-01-31 07:40:00,8,1,31,7,40,60,88,"0, VOIE RAPIDE",,,Plein jour,En agglomération,Hors intersection,Normale,Deux véhicules - côté,,,,,,,,,,,1,2,1,1,3
200800002110,0008-01-31 09:45:00,8,1,31,9,45,60,88,"63, MADELEINE (BD DE LA)",,,Plein jour,En agglomération,Hors intersection,Normale,Autre collision,,,,,,,,,,,1,2,1,1,6
200800002111,0008-01-31 10:00:00,8,1,31,10,0,60,88,"37, CARABACEL (BD)",,,Plein jour,En agglomération,Hors intersection,Normale,Deux véhicules - côté,,,,,,,,,,,1,2,1,1,3
200800002112,0008-01-31 13:35:00,8,1,31,13,35,60,88,"0, CASSIN (BD RENE)",,,Plein jour,En agglomération,Hors intersection,Normale,Sans collision,,,,,,,,,,,1,2,1,1,7
200800002113,0008-01-31 15:25:00,8,1,31,15,25,60,88,"3, CHAMPAGNE (AV. DE)",,,Plein jour,En agglomération,Hors intersection,Normale,Deux véhicules - frontale,,,,,,,,,,,1,2,1,1,1
200800002114,0008-01-31 17:45:00,8,1,31,17,45,60,88,"105, GAMBETTA (A PARTIR",,,Nuit avec éclairage allumé,En agglomération,Hors intersection,Normale,Deux véhicules - côté,,,,,,,,,,,5,2,1,1,3
200800002115,0008-01-31 15:40:00,8,1,31,15,40,70,281,"39, GROSS-UMSTADT (AVENU",,,Plein jour,Hors agglomération,Hors intersection,Normale,Deux véhicules - côté,,,,,,,,,,,1,1,1,1,3
200800002116,0008-01-29 08:10:00,8,1,29,8,10,70,186,CD2 ROUTE DE MONTELIMAR,,,Plein jour,Hors agglomération,Hors intersection,Normale,Sans collision,,,,,,,,,,,1,1,1,1,7
200800002117,0008-01-17 19:50:00,8,1,17,19,50,80,105,POULAIN A.,,,Nuit avec éclairage allumé,En agglomération,Hors intersection,Normale,Autre collision,,,,,,,,,,,5,2,1,1,6
200800002118,0008-01-27 23:00:00,8,1,27,23,0,80,105,LAFRANCHEVILLE ROUTE,,,Nuit avec éclairage allumé,En agglomération,Intersection en X,Normale,Deux véhicules - côté,,,,,,,,,,,5,2,2,1,3
200800002119,0008-01-22 18:10:00,8,1,22,18,10,80,409,"3, VERDUN (AVENUE DE)",,,Nuit avec éclairage allumé,En agglomération,Hors intersection,Normale,Autre collision,,,,,,,,,,,5,2,1,1,6
200800002120,0008-01-22 16:30:00,8,1,22,16,30,80,409,KENNEDY (AVENUE),,,Plein jour,En agglomération,Hors intersection,Normale,Autre collision,,,,,,,,,,,1,2,1,1,6
200800002121,0008-01-31 16:50:00,8,1,31,16,50,80,409,"15, ADAM (RUE LELCERC)",,,Crépuscule ou aube,En agglomération,Hors intersection,Pluie forte,Deux véhicules - côté,,,,,,,,,,,2,2,1,3,3
200800002122,0008-01-21 12:36:00,8,1,21,12,36,90,122,"18, BOUYCHERES (COURS)",,,Plein jour,En agglomération,Hors intersection,Normale,Deux véhicules - côté,,,,,,,,,,,1,2,1,1,3
200800002123,0008-01-02 20:30:00,8,1,2,20,30,90,225,ROUTE NATIONALE 20 (VOIE,,,Nuit sans éclairage public,Hors agglomération,Autre intersection,Normale,Sans collision,,,,,,,,,,,3,1,9,1,7
200800002124,0008-01-07 07:55:00,8,1,7,7,55,90,225,FOIX AVENUE DE,,,Plein jour,En agglomération,Hors intersection,Normale,Deux véhicules - frontale,,,,,,,,,,,1,2,1,1,1
200800002125,0008-01-09 13:12:00,8,1,9,13,12,90,225,CAPITAINE TOURNISSA AVEN,,,Plein jour,En agglomération,Intersection en X,Temps couvert,Deux véhicules - côté,,,,,,,,,,,1,2,2,8,3
200800002126,0008-01-19 20:25:00,8,1,19,20,25,90,225,"00, RIJOLE AVENUE DE LA",,,Nuit avec éclairage allumé,En agglomération,Intersection en X,Normale,Deux véhicules - côté,,,,,,,,,,,5,2,2,1,3
200800002127,0008-01-21 11:20:00,8,1,21,11,20,90,225,"2, ROBERT SANNAC RUE",,,Plein jour,En agglomération,Hors intersection,Normale,Deux véhicules - frontale,,,,,,,,,,,1,2,1,1,1
200800002128,0008-01-28 01:00:00,8,1,28,1,0,90,225,ROUTE NATIONALE 20 (VOIE,,,Nuit sans éclairage public,Hors agglomération,Hors intersection,Normale,Autre collision,,,,,,,,,,,3,1,1,1,6
200800002129,0008-01-07 18:45:00,8,1,7,18,45,100,387,"223, FAUBOURG CRONCELS (",,,Nuit avec éclairage allumé,En agglomération,Hors intersection,Normale,Deux véhicules - côté,,,,,,,,,,,5,2,1,1,3
200800002130,0008-01-11 21:20:00,8,1,11,21,20,100,387,"38, VOLTAIRE (RUE)",,,Nuit avec éclairage allumé,En agglomération,Hors intersection,Normale,Deux véhicules - côté,,,,,,,,,,,5,2,1,1,3
200800002131,0008-01-13 14:30:00,8,1,13,14,30,100,297,"000, DANTON (RUE)",,,Plein jour,En agglomération,Hors intersection,Normale,Autre collision,,,,,,,,,,,1,2,1,1,6
200800002132,0008-01-13 16:35:00,8,1,13,16,35,100,387,"32, CHARMILLES (MAIL DES",,,Plein jour,En agglomération,Hors intersection,Normale,Autre collision,,,,,,,,,,,1,2,1,1,6
200800002133,0008-01-19 14:30:00,8,1,19,14,30,100,343,CHATEAU DES COURS (RUE D,,,Plein jour,En agglomération,Hors intersection,Normale,Deux véhicules - côté,,,,,,,,,,,1,2,1,1,3
200800002134,0008-01-21 11:55:00,8,1,21,11,55,100,387,"113, ETIENNE PEDRON (RUE",,,Plein jour,En agglomération,Hors intersection,Normale,Autre collision,,,,,,,,,,,1,2,1,1,6
200800002135,0008-01-28 07:05:00,8,1,28,7,5,100,387,"000, ANDRE MALRAUX (RUE)",,,Nuit avec éclairage allumé,En agglomération,Hors intersection,Normale,Deux véhicules - côté,,,,,,,,,,,5,2,1,1,3
200800002136,0008-01-02 13:38:00,8,1,2,13,38,110,262,HUBERT MOULY (AVENUE),,,Plein jour,En agglomération,Hors intersection,Normale,Sans collision,,,,,,,,,,,1,2,1,1,7
200800002137,0008-01-14 10:40:00,8,1,14,10,40,120,305,GRANGE ADAM (AVENUE),,,Plein jour,En agglomération,Hors intersection,Pluie légère,Trois véhicules et plus - collisions multiples,,,,,,,,,,,1,2,1,2,5
200800002138,0008-01-19 08:30:00,8,1,19,8,30,120,145,GUYENNE (AVENUE DE),,,Plein jour,En agglomération,Giratoire,Normale,Deux véhicules - côté,,,,,,,,,,,1,2,6,1,3
200800002139,0008-01-25 21:15:00,8,1,25,21,15,120,145,"461, BROCUEJOULS (BOULEV",,,Nuit avec éclairage allumé,En agglomération,Hors intersection,Normale,Deux véhicules - côté,,,,,,,,,,,5,2,1,1,3
200800002140,0008-01-24 07:50:00,8,1,24,7,50,120,145,"17 Bis, AYROLLE (BOULEVA",,,Plein jour,En agglomération,Hors intersection,Normale,Sans collision,,,,,,,,,,,1,2,1,1,7
200800002141,0008-01-10 14:40:00,8,1,10,14,40,120,202,FLAUGERGUES (BOULEVARD),,,Plein jour,En agglomération,Intersection en T,Temps éblouissant,Autre collision,,,,,,,,,,,1,2,3,7,6
200800002142,0008-01-18 16:30:00,8,1,18,16,30,120,202,CHATEAU (ROUTE DU) -RD56,,,Plein jour,Hors agglomération,Hors intersection,Pluie légère,Deux véhicules - frontale,,,,,,,,,,,1,1,1,2,1
200800002143,0008-01-20 14:40:00,8,1,20,14,40,120,176,DOUZES (route des),44.38242,,Plein jour,Hors agglomération,Hors intersection,Normale,Sans collision,,,,,,,,,,,1,1,1,1,7
200800002144,0008-01-03 10:20:00,8,1,3,10,20,130,1,"122, RN 296",,,Plein jour,Hors agglomération,Hors intersection,Normale,Deux véhicules - arrière,,,,,,,,,,,1,1,1,1,2