accident_id,datetime,annee,mois,jour,heure,minute,departement,commune_insee,adresse,latitude,longitude,luminosite,agglomeration,intersection,meteo,collision,nb_vehicules,nb_usagers,nb_indemnes,nb_tues,nb_blesses_hosp,nb_blesses_legers,age_cond_1,age_cond_2,veh_type_cond_1,veh_type_cond_2,lum_code,agg_code,int_code,atm_code,col_code
200800002276,0008-01-15 13:25:00,8,1,15,13,25,540,578,"1, SAINT BERNARD (BOULEV",,,Plein jour,En agglomération,Intersection en T,Normale,Autre collision,,,,,,,,,,,1,2,3,1,6
200800002277,0008-01-15 17:25:00,8,1,15,17,25,540,304,"1, RESISTANCE (AV. DE LA",,,Nuit avec éclairage allumé,En agglomération,Hors intersection,Normale,Deux véhicules - arrière,,,,,,,,,,,5,2,1,1,2
200800002278,0008-01-16 07:55:00,8,1,16,7,55,540,300,"1, AULNOIS (RUE DES)",,,Crépuscule ou aube,En agglomération,Intersection en T,Normale,Autre collision,,,,,,,,,,,2,2,3,1,6
200800002279,0008-01-18 14:40:00,8,1,18,14,40,540,304,MAREVILLE (CHEMIN ET RUE,,,Plein jour,En agglomération,Intersection en X,Pluie légère,Deux véhicules - côté,,,,,,,,,,,1,2,2,2,3
200800002280,0008-01-18 19:05:00,8,1,18,19,5,540,395,"1, AMERVAL  (RUE D')",,,Nuit avec éclairage allumé,En agglomération,Intersection en X,Pluie légère,Deux véhicules - frontale,,,,,,,,,,,5,2,2,2,1
200800002281,0008-01-18 18:00:00,8,1,18,18,0,540,395,"1, MILLENAIRE (PONT DU)",,,Nuit avec éclairage allumé,Hors agglomération,Hors intersection,Pluie légère,Autre collision,,,,,,,,,,,5,1,1,2,6
200800002282,0008-01-19 11:05:00,8,1,19,11,5,540,578,"1, AIGUILLETTES  (BD 1 A",,,Plein jour,Hors agglomération,Hors intersection,Normale,Autre collision,,,,,,,,,,,1,1,1,1,6
200800002283,0008-01-19 15:10:00,8,1,19,15,10,540,339,"51, DRIANT (RUE DU COLON",,,Plein jour,En agglomération,Hors intersection,Normale,Autre collision,,,,,,,,,,,1,2,1,1,6
200800002284,0008-01-19 18:37:00,8,1,19,18,37,540,547,"1, HUITIEME REGIMENT D'A",,,Nuit sans éclairage public,En agglomération,Hors intersection,Normale,Autre collision,,,,,,,,,,,3,2,1,1,6
200800002285,0008-01-20 02:15:00,8,1,20,2,15,540,304,"1, RESISTANCE (AV. DE LA",,,Nuit avec éclairage allumé,En agglomération,Intersection en T,Normale,Autre collision,,,,,,,,,,,5,2,3,1,6
200800002286,0008-01-20 13:00:00,8,1,20,13,0,540,300,"1, LECLERC (RUE DU GENER",,,Plein jour,En agglomération,Hors intersection,Temps couvert,Autre collision,,,,,,,,,,,1,2,1,8,6
200800002287,0008-01-21 10:05:00,8,1,21,10,5,540,526,AVENIR (BD DE L'),,,Nuit avec éclairage allumé,Hors agglomération,Hors intersection,Normale,Deux véhicules - arrière,,,,,,,,,,,5,1,1,1,2
200800002288,0008-01-21 15:45:00,8,1,21,15,45,540,395,"42, SCARPONE (BD DE)",,,Plein jour,En agglomération,Intersection en T,Normale,Trois véhicules et plus - en chaîne,,,,,,,,,,,1,2,3,1,4
200800002289,0008-01-22 09:05:00,8,1,22,9,5,540,547,"6, LUXEMBOURG (RUE DU)",,,Plein jour,En agglomération,Hors intersection,Temps couvert,Autre collision,,,,,,,,,,,1,2,1,8,6
200800002290,0008-01-22 09:40:00,8,1,22,9,40,540,328,"1, FLEVILLE (ROUTE DE)",,,Plein jour,En agglomération,Intersection en X,Pluie légère,Deux véhicules - côté,,,,,,,,,,,1,2,2,2,3
200800002291,0008-01-23 08:00:00,8,1,23,8,0,540,482,CARNOT (AVENUE),,,Crépuscule ou aube,En agglomération,Hors intersection,Pluie forte,Autre collision,,,,,,,,,,,2,2,1,3,6
200800002292,0008-01-23 11:40:00,8,1,23,11,40,540,395,"3, CROIX SAINT-CLAUDE (R",,,Plein jour,En agglomération,Hors intersection,Normale,Deux véhicules - côté,,,,,,,,,,,1,2,1,1,3
200800002293,0008-01-23 16:05:00,8,1,23,16,5,540,395,JOFFRE (BOULEVARD),,,Plein jour,En agglomération,Hors intersection,Normale,Autre collision,,,,,,,,,,,1,2,1,1,6
200800002294,0008-01-23 17:35:00,8,1,23,17,35,540,304,"1, MOSELLE (RUE DE LA)",,,Nuit avec éclairage allumé,En agglomération,Hors intersection,Normale,Autre collision,,,,,,,,,,,5,2,1,1,6
200800002295,0008-01-24 12:05:00,8,1,24,12,5,540,395,"1, POINCARE (RUE RAYMOND",,,Plein jour,En agglomération,Intersection en T,Normale,Autre collision,,,,,,,,,,,1,2,3,1,6
200800002296,0008-01-25 19:00:00,8,1,25,19,0,540,395,MIRECOURT (ROUTE DE),,,Nuit avec éclairage allumé,Hors agglomération,Hors intersection,Pluie légère,Deux véhicules - arrière,,,,,,,,,,,5,1,1,2,2
200800002297,0008-01-26 08:55:00,8,1,26,8,55,540,547,"1, BELGIQUE (RUE DE)",,,Plein jour,En agglomération,Intersection en T,Temps éblouissant,Autre collision,,,,,,,,,,,1,2,3,7,6
200800002298,0008-01-27 13:00:00,8,1,27,13,0,540,526,"14, ALLENDE  (RUE SALVAD",,,Plein jour,En agglomération,Hors intersection,Normale,Deux véhicules - côté,,,,,,,,,,,1,2,1,1,3
200800002299,0008-01-30 19:25:00,8,1,30,19,25,540,547,"1, BELGIQUE (RUE DE)",,,Nuit avec éclairage allumé,En agglomération,Intersection en T,Pluie légère,Autre collision,,,,,,,,,,,5,2,3,2,6
200800002300,0008-01-31 07:35:00,8,1,31,7,35,540,395,"70, METZ (RUE DE)",,,Crépuscule ou aube,En agglomération,Intersection en T,Pluie légère,Autre collision,,,,,,,,,,,2,2,3,2,6
200800002301,0008-01-31 08:25:00,8,1,31,8,25,540,578,"1, ALBERT 1ER  (RUE)",,,Plein jour,En agglomération,Intersection en T,Normale,Autre collision,,,,,,,,,,,1,2,3,1,6
200800002302,0008-01-31 11:15:00,8,1,31,11,15,540,300,"95, GALTIER (RUE LUCIEN)",,,Plein jour,En agglomération,Hors intersection,Normale,Trois véhicules et plus - en chaîne,,,,,,,,,,,1,2,1,1,4
200800002303,0008-01-31 22:30:00,8,1,31,22,30,540,339,"42 bis, DRIANT (RUE DU C",,,Nuit avec éclairage allumé,En agglomération,Intersection en Y,Neige / grêle,Autre collision,,,,,,,,,,,5,2,4,4,6
200800002304,0008-01-13 12:35:00,8,1,13,12,35,540,431,HENRI DUNANT (AVENUE),,,Plein jour,En agglomération,Giratoire,Normale,Deux véhicules - côté,,,,,,,,,,,1,2,6,1,3
200800002305,0008-01-02 09:20:00,8,1,2,9,20,540,528,COLONEL GRANDVAL (AVENUE,,,Plein jour,En agglomération,Hors intersection,Normale,Autre collision,,,,,,,,,,,1,2,1,1,6
200800002306,0008-01-13 15:50:00,8,1,13,15,50,540,174,CITE LAMARCHE,,,Plein jour,En agglomération,Hors intersection,Normale,Autre collision,,,,,,,,,,,1,2,1,1,6
200800002307,0008-01-23 04:00:00,8,1,23,4,0,540,174,"573, ROUTE DE PARIS",,,Nuit avec éclairage allumé,En agglomération,Hors intersection,Normale,Autre collision,,,,,,,,,,,5,2,1,1,6
200800002308,0008-01-22 08:05:00,8,1,22,8,5,540,528,"1540, GENERAL BIGEARD (A",,,Plein jour,En agglomération,Hors intersection,Pluie légère,Deux véhicules - côté,,,,,,,,,,,1,2,1,2,3
200800002309,0008-01-14 10:15:00,8,1,14,10,15,540,149,NATIONALE 52 (ROUTE),,,Plein jour,Hors agglomération,Hors intersection,Pluie légère,Deux véhicules - arrière,,,,,,,,,,,1,1,1,2,2
200800002310,0008-01-17 08:30:00,8,1,17,8,30,550,29,"50, SEBASTOPOL ( RUE DE",,,Plein jour,En agglomération,Hors intersection,Normale,Autre collision,,,,,,,,,,,1,2,1,1,6
200800002311,0008-01-19 11:10:00,8,1,19,11,10,550,29,"15, CHAMPAGNE ( RUE DE )",,,Plein jour,En agglomération,Hors intersection,Normale,Deux véhicules - côté,,,,,,,,,,,1,2,1,1,3
200800002312,0008-01-21 07:45:00,8,1,21,7,45,550,29,"58, DUCS DE BAR ( RUE DE",,,Plein jour,En agglomération,Hors intersection,Normale,Deux véhicules - arrière,,,,,,,,,,,1,2,1,1,2
200800002313,0008-01-27 20:30:00,8,1,27,20,30,550,29,"1, ARGONNE ( BOULEVARD D",,,Nuit avec éclairage allumé,En agglomération,Intersection en T,Normale,Deux véhicules - côté,,,,,,,,,,,5,2,3,1,3
200800002314,0008-01-13 09:50:00,8,1,13,9,50,550,545,"11, HOPITAL (AVENUE DE L",,,Plein jour,En agglomération,Hors intersection,Autre,Sans collision,,,,,,,,,,,1,2,1,9,7
200800002315,0008-01-01 04:30:00,8,1,1,4,30,560,107,"., ROUTE DEPARTEMENTALE",,,Nuit avec éclairage allumé,En agglomération,Hors intersection,Normale,Deux véhicules - arrière,,,,,,,,,,,5,2,1,1,2
200800002316,0008-01-03 11:20:00,8,1,3,11,20,560,83,"35, LIBERATION ( AV. DE",,,Plein jour,En agglomération,Intersection en T,Normale,Deux véhicules - côté,,,,,,,,,,,1,2,3,1,3
200800002317,0008-01-07 13:30:00,8,1,7,13,30,560,162,"., SOYE",,,Plein jour,Hors agglomération,Hors intersection,Normale,Deux véhicules - frontale,,,,,,,,,,,1,1,1,1,1
200800002318,0008-01-08 08:00:00,8,1,8,8,0,560,121,"., BLUM ( BD LEON )",,,Nuit avec éclairage allumé,En agglomération,Hors intersection,Normale,Autre collision,,,,,,,,,,,5,2,1,1,6
200800002319,0008-01-08 08:25:00,8,1,8,8,25,560,98,"., PERI (RUE GABRIEL)",,,Nuit avec éclairage allumé,En agglomération,Hors intersection,Normale,Sans collision,,,,,,,,,,,5,2,1,1,7
200800002320,0008-01-08 11:27:00,8,1,8,11,27,560,121,"80, BLUM ( BD LEON )",,,Plein jour,En agglomération,Intersection en X,Normale,Autre collision,,,,,,,,,,,1,2,2,1,6
200800002321,0008-01-08 14:36:00,8,1,8,14,36,560,121,"., QUEHELLIO ( ET IMP DE",,,Plein jour,En agglomération,Intersection en X,Normale,Deux véhicules - côté,,,,,,,,,,,1,2,2,1,3
200800002322,0008-01-09 14:45:00,8,1,9,14,45,560,121,"08, FERRY ( PL. JULES )",,,Plein jour,En agglomération,Hors intersection,Normale,Deux véhicules - côté,,,,,,,,,,,1,2,1,1,3
200800002323,0008-01-09 18:50:00,8,1,9,18,50,560,98,RN 165 (PATINOIRE),,,Nuit avec éclairage allumé,Hors agglomération,Hors intersection,Normale,Deux véhicules - arrière,,,,,,,,,,,5,1,1,1,2
200800002324,0008-01-10 21:00:00,8,1,10,21,0,560,121,"20, GUILLEMOT (RUE  ARMA",,,Nuit avec éclairage allumé,En agglomération,Hors intersection,Pluie forte,Autre collision,,,,,,,,,,,5,2,1,3,6
200800002325,0008-01-10 18:30:00,8,1,10,18,30,560,83,"., GRIMAU (RUE  JULIAN )",,,Nuit avec éclairage allumé,En agglomération,Intersection en T,Pluie forte,Deux véhicules - côté,,,,,,,,,,,5,2,3,3,3
200800002326,0008-01-11 12:45:00,8,1,11,12,45,560,121,"., BRIAND ( PL ARISTIDE",,,Plein jour,En agglomération,Hors intersection,Normale,Autre collision,,,,,,,,,,,1,2,1,1,6
200800002327,0008-01-11 22:11:00,8,1,11,22,11,560,83,"30, RESISTANCE (AVENUE",,,Nuit avec éclairage allumé,En agglomération,Intersection en T,Pluie légère,Deux véhicules - côté,,,,,,,,,,,5,2,3,2,3
200800002328,0008-01-12 10:00:00,8,1,12,10,0,560,121,"., VERDUN (RUE  DE )",,,Plein jour,En agglomération,Giratoire,Normale,Deux véhicules - côté,,,,,,,,,,,1,2,6,1,3
200800002329,0008-01-12 18:06:00,8,1,12,18,6,560,121,"., VERDUN (RUE  DE )",,,Nuit avec éclairage allumé,En agglomération,Giratoire,Pluie forte,Deux véhicules - côté,,,,,,,,,,,5,2,6,3,3
200800002330,0008-01-17 08:03:00,8,1,17,8,3,560,121,"., DREYFUS (RUE  ALFRED",,,Nuit avec éclairage allumé,En agglomération,Giratoire,Pluie forte,Autre collision,,,,,,,,,,,5,2,6,3,6
200800002331,0008-01-17 10:37:00,8,1,17,10,37,560,121,"., RN 465 (DESSERTE PORT",,,Plein jour,En agglomération,Hors intersection,Pluie forte,Deux véhicules - frontale,,,,,,,,,,,1,2,1,3,1
200800002332,0008-01-20 10:09:00,8,1,20,10,9,560,121,"., PRIMEL (RUE  LOUIS )",,,Plein jour,En agglomération,Intersection en X,Normale,Deux véhicules - côté,,,,,,,,,,,1,2,2,1,3
200800002333,0008-01-22 14:52:00,8,1,22,14,52,560,121,"., NORMANDIE ( BD ET IMP",,,Plein jour,En agglomération,Hors intersection,Normale,Deux véhicules - arrière,,,,,,,,,,,1,2,1,1,2
200800002334,0008-01-23 17:40:00,8,1,23,17,40,560,98,"., NERUDA (AVENUE  PABLO",,,Plein jour,En agglomération,Hors intersection,Normale,Deux véhicules - arrière,,,,,,,,,,,1,2,1,1,2
200800002335,0008-01-26 17:12:00,8,1,26,17,12,560,121,"., SAINT-MARCEL (RUE)",,,Plein jour,En agglomération,Hors intersection,Normale,Sans collision,,,,,,,,,,,1,2,1,1,7
200800002336,0008-01-29 19:36:00,8,1,29,19,36,560,162,DEPARTEMENTALE 152 ( ROU,,,Nuit avec éclairage allumé,Hors agglomération,Hors intersection,Normale,Sans collision,,,,,,,,,,,5,1,1,1,7
200800002337,0008-01-30 10:20:00,8,1,30,10,20,560,121,"81, COSMAO-DUMANOIR ( BD",,,Plein jour,En agglomération,Hors intersection,Normale,Deux véhicules - côté,,,,,,,,,,,1,2,1,1,3
200800002338,0008-01-06 13:25:00,8,1,6,13,25,560,260,"36, BERNUS(RUE DE)",,,Plein jour,En agglomération,Intersection en X,Pluie légère,Sans collision,,,,,,,,,,,1,2,2,2,7
200800002339,0008-01-12 13:30:00,8,1,12,13,30,560,260,"11, THIERS(RUE)",,,Nuit avec éclairage allumé,En agglomération,Hors intersection,Pluie légère,Autre collision,,,,,,,,,,,5,2,1,2,6
200800002340,0008-01-08 20:35:00,8,1,8,20,35,560,260,"21, SAINT-SYMPHORIEN(AVE",,,Nuit avec éclairage allumé,En agglomération,Hors intersection,Pluie légère,Sans collision,,,,,,,,,,,5,2,1,2,7
200800002341,0008-01-15 08:25:00,8,1,15,8,25,560,260,"., MARCHAIS(PLACE MAURIC",,,Crépuscule ou aube,En agglomération,Hors intersection,Pluie forte,Autre collision,,,,,,,,,,,2,2,1,3,6
200800002342,0008-01-15 17:35:00,8,1,15,17,35,560,260,"28, JUIN 1940(RUE DU 18)",,,Nuit avec éclairage allumé,En agglomération,Hors intersection,Pluie forte,Autre collision,,,,,,,,,,,5,2,1,3,6
200800002343,0008-01-28 08:05:00,8,1,28,8,5,560,260,"., JUIN(AVENUE DU MARECH",,,Nuit avec éclairage allumé,En agglomération,Hors intersection,Normale,Autre collision,,,,,,,,,,,5,2,1,1,6
200800002344,0008-01-06 04:10:00,8,1,6,4,10,560,260,"., POMPIDOU(GIRATOIRE)",,,Nuit avec éclairage allumé,En agglomération,Giratoire,Normale,Sans collision,,,,,,,,,,,5,2,6,1,7
200800002345,0008-01-13 17:55:00,8,1,13,17,55,560,260,"., LE DRESSAY(RUE FERDIN",,,Crépuscule ou aube,En agglomération,Hors intersection,Pluie forte,Autre collision,,,,,,,,,,,2,2,1,3,6
200800002346,0008-01-14 18:15:00,8,1,14,18,15,560,260,"., EVECHE(RUE DE L')",,,Nuit avec éclairage allumé,En agglomération,Hors intersection,Normale,Autre collision,,,,,,,,,,,5,2,1,1,6
200800002347,0008-01-15 10:00:00,8,1,15,10,0,560,260,"., REMY(BOULEVARD DU COL",,,Plein jour,En agglomération,Hors intersection,Pluie forte,Autre collision,,,,,,,,,,,1,2,1,3,6
200800002348,0008-01-20 15:55:00,8,1,20,15,55,560,260,"35, MARTIN(RUE JEAN)",,,Plein jour,En agglomération,Hors intersection,Temps couvert,Deux véhicules - arrière,,,,,,,,,,,1,2,1,8,2
200800002349,0008-01-25 08:40:00,8,1,25,8,40,560,260,"., DELESTRAINT(AVENUE DU",,,Plein jour,En agglomération,Hors intersection,Normale,Deux véhicules - côté,,,,,,,,,,,1,2,1,1,3
200800002350,0008-01-18 18:00:00,8,1,18,18,0,570,227,NATIONALE (RUE)DU C. SCH,,,Nuit avec éclairage allumé,En agglomération,Intersection en Y,Normale,Autre collision,,,,,,,,,,,5,2,4,1,6
200800002351,0008-01-23 05:20:00,8,1,23,5,20,570,660,NATIONALE(RUE)LIMITE FOR,,,Nuit avec éclairage allumé,En agglomération,Hors intersection,Normale,Deux véhicules - frontale,,,,,,,,,,,5,2,1,1,1
200800002352,0008-01-02 12:50:00,8,1,2,12,50,570,591,CD181,,,Plein jour,Hors agglomération,Hors intersection,Normale,Sans collision,,,,,,,,,,,1,1,1,1,7
200800002353,0008-01-25 20:45:00,8,1,25,20,45,570,19,"53, ROMAINS (RUE DES)",,,Nuit avec éclairage allumé,En agglomération,Hors intersection,Brouillard / fumée,Autre collision,,,,,,,,,,,5,2,1,5,6
200800002354,0008-01-04 12:15:00,8,1,4,12,15,570,463,"106, STRASBOURG (AVENUE",,,Plein jour,En agglomération,Intersection en T,Normale,Deux véhicules - côté,,,,,,,,,,,1,2,3,1,3
200800002355,0008-01-04 21:00:00,8,1,4,21,0,570,463,"00, MAZELLE (PLACE )",,,Nuit avec éclairage allumé,En agglomération,Hors intersection,Normale,Autre collision,,,,,,,,,,,5,2,1,1,6
200800002356,0008-01-08 17:10:00,8,1,8,17,10,570,463,"00, CASTELNAU (RUE )",,,Nuit avec éclairage allumé,En agglomération,Intersection en X,Normale,Deux véhicules - côté,,,,,,,,,,,5,2,2,1,3
200800002357,0008-01-10 19:45:00,8,1,10,19,45,570,463,"00, POUILLY (RUE DE )",,,Nuit sans éclairage public,En agglomération,Hors intersection,Normale,Sans collision,,,,,,,,,,,3,2,1,1,7
200800002358,0008-01-10 19:46:00,8,1,10,19,46,570,463,"00, POUILLY (RUE DE )",,,Nuit sans éclairage public,En agglomération,Hors intersection,Normale,Deux véhicules - arrière,,,,,,,,,,,3,2,1,1,2
200800002359,0008-01-13 06:40:00,8,1,13,6,40,570,447,"00, METZ (RUE DE)",,,Nuit avec éclairage allumé,En agglomération,Hors intersection,Autre,Autre collision,,,,,,,,,,,5,2,1,9,6
200800002360,0008-01-15 17:15:00,8,1,15,17,15,570,480,"00, GENERAL FRANIATTE (R",,,Nuit avec éclairage allumé,En agglomération,Hors intersection,Pluie légère,Deux véhicules - côté,,,,,,,,,,,5,2,1,2,3
200800002361,0008-01-16 12:50:00,8,1,16,12,50,570,463,"00, LORRY (ROUTE DE )",,,Plein jour,En agglomération,Intersection en T,Normale,Deux véhicules - côté,,,,,,,,,,,1,2,3,1,3
200800002362,0008-01-18 20:30:00,8,1,18,20,30,570,463,"25, LOTHAIRE (RUE )",,,Nuit avec éclairage allumé,En agglomération,Hors intersection,Normale,Autre collision,,,,,,,,,,,5,2,1,1,6
200800002363,0008-01-21 20:40:00,8,1,21,20,40,570,463,"33, SAINT PIERRE (RUE )",,,Nuit avec éclairage allumé,En agglomération,Hors intersection,Pluie légère,Autre collision,,,,,,,,,,,5,2,1,2,6
200800002364,0008-01-22 10:20:00,8,1,22,10,20,570,463,"36, HAUTE SEILLE (RUE )",,,Plein jour,En agglomération,Hors intersection,Temps éblouissant,Sans collision,,,,,,,,,,,1,2,1,7,7
200800002365,0008-01-28 15:50:00,8,1,28,15,50,570,463,"00, VAUBAN (RUE )",,,Plein jour,En agglomération,Hors intersection,Normale,Autre collision,,,,,,,,,,,1,2,1,1,6
200800002366,0008-01-30 17:55:00,8,1,30,17,55,570,463,"8 Bis, TIVOLI (RUE DE )",,,Nuit avec éclairage allumé,En agglomération,Hors intersection,Pluie légère,Autre collision,,,,,,,,,,,5,2,1,2,6
200800002367,0008-01-05 05:00:00,8,1,5,5,0,570,221,ROMAINS (RUE DES),,,Crépuscule ou aube,En agglomération,Intersection en X,Normale,Trois véhicules et plus - en chaîne,,,,,,,,,,,2,2,2,1,4
200800002368,0008-01-09 17:05:00,8,1,9,17,5,570,672,"56, ALBERT 1ER (AVENUE)",,,Nuit avec éclairage allumé,En agglomération,Intersection en X,Pluie légère,Deux véhicules - côté,,,,,,,,,,,5,2,2,2,3
200800002369,0008-01-10 21:25:00,8,1,10,21,25,570,672,ANGEVILLERS (ROUTE D'),,,Nuit avec éclairage allumé,En agglomération,Intersection en T,Normale,Deux véhicules - côté,,,,,,,,,,,5,2,3,1,3
200800002370,0008-01-11 17:50:00,8,1,11,17,50,570,672,REPUBLIQUE (PLACE DE LA),,,Nuit avec éclairage allumé,En agglomération,Giratoire,Normale,Deux véhicules - côté,,,,,,,,,,,5,2,6,1,3
200800002371,0008-01-11 15:05:00,8,1,11,15,5,570,672,"0, SAINTIGNON (RUE DE)",,,Plein jour,En agglomération,Intersection en Y,Normale,Deux véhicules - côté,,,,,,,,,,,1,2,4,1,3
200800002372,0008-01-14 17:30:00,8,1,14,17,30,570,672,"46, LIBERATION (ALLEE DE",,,Nuit avec éclairage allumé,En agglomération,Hors intersection,Normale,Autre collision,,,,,,,,,,,5,2,1,1,6
200800002373,0008-01-18 16:15:00,8,1,18,16,15,570,672,"1, AFRIQUE (CHAUSSEE D')",,,Plein jour,En agglomération,Hors intersection,Pluie légère,Deux véhicules - arrière,,,,,,,,,,,1,2,1,2,2
200800002374,0008-01-22 12:14:00,8,1,22,12,14,570,672,FOCH (BOULEVARD),,,Plein jour,En agglomération,Intersection en X,Normale,Deux véhicules - arrière,,,,,,,,,,,1,2,2,1,2
200800002375,0008-01-11 11:30:00,8,1,11,11,30,570,306,"2, SAINT-JEAN (AVENUE)",,,Plein jour,En agglomération,Hors intersection,Normale,Autre collision,,,,,,,,,,,1,2,1,1,6
200800002376,0008-01-17 20:10:00,8,1,17,20,10,570,306,MENDES FRANCE (RUE PIERR,,,Nuit avec éclairage allumé,En agglomération,Hors intersection,Pluie forte,Autre collision,,,,,,,,,,,5,2,1,3,6
200800002377,0008-01-26 18:10:00,8,1,26,18,10,570,306,"138, VERDUN (RUE DE)",,,Nuit avec éclairage allumé,En agglomération,Intersection en T,Normale,Deux véhicules - frontale,,,,,,,,,,,5,2,3,1,1
200800002378,0008-01-31 14:12:00,8,1,31,14,12,570,306,"35, GAULLE (RUE DE)",,,Plein jour,En agglomération,Hors intersection,Normale,Deux véhicules - arrière,,,,,,,,,,,1,2,1,1,2
200800002379,0008-01-27 14:40:00,8,1,27,14,40,580,194,"sans, PONT DE LOIRE",,,Plein jour,En agglomération,Hors intersection,Normale,Sans collision,,,,,,,,,,,1,2,1,1,7
200800002380,0008-01-11 17:20:00,8,1,11,17,20,580,194,"sans, GAUTRON DU COUDRAY",,,Nuit avec éclairage allumé,En agglomération,Hors intersection,Pluie forte,Deux véhicules - côté,,,,,,,,,,,5,2,1,3,3
200800002381,0008-01-05 17:55:00,8,1,5,17,55,580,194,"SANS, CROIX JOYEUSE (CAR",,,Nuit avec éclairage allumé,En agglomération,Hors intersection,Pluie légère,Autre collision,,,,,,,,,,,5,2,1,2,6
200800002382,0008-01-11 17:10:00,8,1,11,17,10,580,194,"47, COLBERT",,,Crépuscule ou aube,En agglomération,Hors intersection,Pluie légère,Trois véhicules et plus - en chaîne,,,,,,,,,,,2,2,1,2,4
200800002383,0008-01-11 18:32:00,8,1,11,18,32,580,194,"sans, RAVELIN",,,Nuit avec éclairage allumé,En agglomération,Hors intersection,Normale,Autre collision,,,,,,,,,,,5,2,1,1,6
200800002384,0008-01-12 15:30:00,8,1,12,15,30,580,194,"SANS, HENRI BOUQUILLARD",,,Plein jour,En agglomération,Hors intersection,Normale,Trois véhicules et plus - en chaîne,,,,,,,,,,,1,2,1,1,4
200800002385,0008-01-12 11:10:00,8,1,12,11,10,580,194,"SANS, GRANDS JARDINS",,,Plein jour,En agglomération,Intersection en X,Normale,Deux véhicules - côté,,,,,,,,,,,1,2,2,1,3
200800002386,0008-01-17 20:20:00,8,1,17,20,20,580,194,"sans, QUATORZE JUILLET",,,Nuit avec éclairage allumé,En agglomération,Hors intersection,Pluie légère,Autre collision,,,,,,,,,,,5,2,1,2,6
200800002387,0008-01-18 19:00:00,8,1,18,19,0,580,194,"sans, MADEMOISELLE BOURG",,,Nuit avec éclairage allumé,En agglomération,Intersection en X,Normale,Deux véhicules - côté,,,,,,,,,,,5,2,2,1,3
200800002388,0008-01-25 19:40:00,8,1,25,19,40,580,194,"1, PIERRE DE COUBERTIN",,,Nuit avec éclairage allumé,En agglomération,Hors intersection,Normale,Autre collision,,,,,,,,,,,5,2,1,1,6
200800002389,0008-01-26 13:55:00,8,1,26,13,55,580,194,"SANS, PONT DE LOIRE",,,Plein jour,En agglomération,Hors intersection,Normale,Deux véhicules - arrière,,,,,,,,,,,1,2,1,1,2
200800002390,0008-01-29 17:35:00,8,1,29,17,35,580,194,BARATTE (FAUBOURG),,,Plein jour,En agglomération,Hors intersection,Normale,Deux véhicules - frontale,,,,,,,,,,,1,2,1,1,1
200800002391,0008-01-29 08:45:00,8,1,29,8,45,580,194,"21, GUSTAVE MATHIEU",,,Plein jour,En agglomération,Intersection en X,Normale,Deux véhicules - côté,,,,,,,,,,,1,2,2,1,3
200800002392,0008-01-24 11:50:00,8,1,24,11,50,580,194,"sans, PAUL VAILLANT COUT",,,Plein jour,En agglomération,Hors intersection,Normale,Autre collision,,,,,,,,,,,1,2,1,1,6
200800002393,0008-01-31 14:05:00,8,1,31,14,5,580,194,"Sans, EDME LABORDE",,,Plein jour,En agglomération,Intersection en T,Normale,Deux véhicules - côté,,,,,,,,,,,1,2,3,1,3
200800002394,0008-01-22 10:40:00,8,1,22,10,40,590,24,"63 bis, DOUAI--(RUE DE)",,,Plein jour,En agglomération,Intersection en X,Normale,Deux véhicules - côté,,,,,,,,,,,1,2,2,1,3
200800002395,0008-01-01 20:55:00,8,1,1,20,55,590,17,GENERAL DE GAULLE (PLACE,,,Nuit avec éclairage non allumé,En agglomération,Place,Normale,Deux véhicules - côté,,,,,,,,,,,4,2,7,1,3
200800002396,0008-01-14 00:20:00,8,1,14,0,20,590,431,"258, ARMENTIERES  (RUE D",,,Nuit avec éclairage allumé,En agglomération,Hors intersection,Normale,Sans collision,,,,,,,,,,,5,2,1,1,7
200800002397,0008-01-12 17:55:00,8,1,12,17,55,590,17,BRIAND (RUE ARISTIDE ),,,Nuit avec éclairage allumé,En agglomération,Hors intersection,Normale,Autre collision,,,,,,,,,,,5,2,1,1,6
200800002398,0008-01-28 07:20:00,8,1,28,7,20,590,431,HOUCKE (AVENUE JULES),,,Nuit sans éclairage public,Hors agglomération,Intersection en X,Normale,Deux véhicules - frontale,,,,,,,,,,,3,1,2,1,1
200800002399,0008-01-09 07:50:00,8,1,9,7,50,590,33,"21, MIRABEAU (RUE)",,,Nuit avec éclairage allumé,En agglomération,Intersection en T,Pluie légère,Deux véhicules - côté,,,,,,,,,,,5,2,3,2,3
200800002400,0008-01-04 16:20:00,8,1,4,16,20,590,43,"112, GEORGES BRASSENS (A",,,Crépuscule ou aube,En agglomération,Hors intersection,Autre,Autre collision,,,,,,,,,,,2,2,1,9,6
200800002401,0008-01-15 05:40:00,8,1,15,5,40,590,43,LOCRE (ROUTE DE),,,Nuit sans éclairage public,Hors agglomération,Hors intersection,Pluie légère,Autre collision,,,,,,,,,,,3,1,1,2,6
200800002402,0008-01-30 09:10:00,8,1,30,9,10,590,122,"61, MICHELET (AVENUE)",,,Plein jour,En agglomération,Hors intersection,Pluie légère,Autre collision,,,,,,,,,,,1,2,1,2,6
200800002403,0008-01-08 11:10:00,8,1,8,11,10,590,616,"56, HUGO (RUE VICTOR )",,,Plein jour,En agglomération,Hors intersection,Normale,Deux véhicules - arrière,,,,,,,,,,,1,2,1,1,2
200800002404,0008-01-15 18:00:00,8,1,15,18,0,590,253,"44, ZOLA (RUE EMILE )",,,Nuit avec éclairage allumé,En agglomération,Hors intersection,Vent fort / tempête,Sans collision,,,,,,,,,,,5,2,1,6,7