accident_id,datetime,annee,mois,jour,heure,minute,departement,commune_insee,adresse,latitude,longitude,luminosite,agglomeration,intersection,meteo,collision,nb_vehicules,nb_usagers,nb_indemnes,nb_tues,nb_blesses_hosp,nb_blesses_legers,age_cond_1,age_cond_2,veh_type_cond_1,veh_type_cond_2,lum_code,agg_code,int_code,atm_code,col_code
200800002794,0008-01-09 11:45:00,8,1,9,11,45,310,555,"37, BD MATABIAU",,,Plein jour,En agglomération,Hors intersection,Pluie légère,Deux véhicules - arrière,,,,,,,,,,,1,2,1,2,2
200800002795,0008-01-09 12:40:00,8,1,9,12,40,310,555,"999, RUE DE LALANDE",,,Plein jour,En agglomération,Hors intersection,Normale,Deux véhicules - côté,,,,,,,,,,,1,2,1,1,3
200800002796,0008-01-09 18:10:00,8,1,9,18,10,310,555,VA008482 A624,,,Nuit avec éclairage allumé,Hors agglomération,Hors intersection,Normale,Trois véhicules et plus - en chaîne,,,,,,,,,,,5,1,1,1,4
200800002797,0008-01-09 18:45:00,8,1,9,18,45,310,555,"999, CHE DE GABARDIE",,,Nuit avec éclairage allumé,En agglomération,Hors intersection,Normale,Autre collision,,,,,,,,,,,5,2,1,1,6
200800002798,0008-01-06 13:30:00,8,1,6,13,30,310,555,VA007456 SESQUIERES A620,,,Plein jour,Hors agglomération,Hors intersection,Normale,Autre collision,,,,,,,,,,,1,1,1,1,6
200800002799,0008-01-10 08:00:00,8,1,10,8,0,310,555,VA007306 A64,,,Crépuscule ou aube,Hors agglomération,Hors intersection,Normale,Deux véhicules - côté,,,,,,,,,,,2,1,1,1,3
200800002800,0008-01-10 08:26:00,8,1,10,8,26,310,555,"2, ALL DU VIVARAIS",,,Plein jour,En agglomération,Hors intersection,Normale,Deux véhicules - côté,,,,,,,,,,,1,2,1,1,3
200800002801,0008-01-10 08:45:00,8,1,10,8,45,310,149,ECHANGEUR ST MARTIN (A62,,,Plein jour,Hors agglomération,Hors intersection,Normale,Autre collision,,,,,,,,,,,1,1,1,1,6
200800002802,0008-01-10 12:30:00,8,1,10,12,30,310,555,"40, PL ETIENNE ESQUIROL",,,Plein jour,En agglomération,Hors intersection,Normale,Autre collision,,,,,,,,,,,1,2,1,1,6
200800002803,0008-01-10 17:15:00,8,1,10,17,15,310,555,VA008482 A624,,,Crépuscule ou aube,Hors agglomération,Hors intersection,Temps couvert,Trois véhicules et plus - collisions multiples,,,,,,,,,,,2,1,1,8,5
200800002804,0008-01-11 17:45:00,8,1,11,17,45,310,555,"8 Bis, BD DE BONREPOS",,,Nuit avec éclairage allumé,En agglomération,Hors intersection,Pluie légère,Trois véhicules et plus - en chaîne,,,,,,,,,,,5,2,1,2,4
200800002805,0008-01-11 20:27:00,8,1,11,20,27,310,555,VA007539 LA ROSERAIE A61,,,Nuit avec éclairage allumé,Hors agglomération,Hors intersection,Pluie légère,Trois véhicules et plus - en chaîne,,,,,,,,,,,5,1,1,2,4
200800002806,0008-01-12 03:45:00,8,1,12,3,45,310,555,VA007518 A68,,,Nuit avec éclairage allumé,Hors agglomération,Hors intersection,Pluie légère,Autre collision,,,,,,,,,,,5,1,1,2,6
200800002807,0008-01-12 12:10:00,8,1,12,12,10,310,555,"54, AV DE LARDENNE",,,Plein jour,En agglomération,Hors intersection,Normale,Autre collision,,,,,,,,,,,1,2,1,1,6
200800002808,0008-01-13 05:00:00,8,1,13,5,0,310,555,"999, RUE DES CHEMINOTS",,,Nuit avec éclairage allumé,En agglomération,Hors intersection,Normale,Autre collision,,,,,,,,,,,5,2,1,1,6
200800002809,0008-01-14 08:10:00,8,1,14,8,10,310,555,VA007379 BAYLAC  A624 So,,,Plein jour,Hors agglomération,Hors intersection,Normale,Autre collision,,,,,,,,,,,1,1,1,1,6
200800002810,0008-01-14 17:34:00,8,1,14,17,34,310,555,"27, RUE DU LANGUEDOC",,,Crépuscule ou aube,En agglomération,Hors intersection,Normale,Autre collision,,,,,,,,,,,2,2,1,1,6
200800002811,0008-01-14 17:30:00,8,1,14,17,30,310,555,"999, AV DES MINIMES",,,Plein jour,En agglomération,Intersection en T,Normale,Deux véhicules - côté,,,,,,,,,,,1,2,3,1,3
200800002812,0008-01-15 07:35:00,8,1,15,7,35,310,555,"37, RUE DU FAUBOURG BONN",,,Nuit avec éclairage allumé,En agglomération,Hors intersection,Normale,Autre collision,,,,,,,,,,,5,2,1,1,6
200800002813,0008-01-15 08:25:00,8,1,15,8,25,310,555,"27, RTE D ALBI",,,Crépuscule ou aube,En agglomération,Hors intersection,Normale,Autre collision,,,,,,,,,,,2,2,1,1,6
200800002814,0008-01-15 08:30:00,8,1,15,8,30,310,555,VA007493 LES IZARDS A62,,,Crépuscule ou aube,Hors agglomération,Hors intersection,Normale,Deux véhicules - côté,,,,,,,,,,,2,1,1,1,3
200800002815,0008-01-15 18:20:00,8,1,15,18,20,310,555,"26, AV HONORE SERRES",,,Nuit avec éclairage allumé,En agglomération,Hors intersection,Normale,Autre collision,,,,,,,,,,,5,2,1,1,6
200800002816,0008-01-16 17:15:00,8,1,16,17,15,310,555,"999, BD DEODAT DE SEVERA",,,Crépuscule ou aube,En agglomération,Hors intersection,Pluie légère,Deux véhicules - côté,,,,,,,,,,,2,2,1,2,3
200800002817,0008-01-17 07:44:00,8,1,17,7,44,310,555,VA007323 BORDELONGUE A64,,,Crépuscule ou aube,Hors agglomération,Hors intersection,Pluie légère,Deux véhicules - côté,,,,,,,,,,,2,1,1,2,3
200800002818,0008-01-17 15:10:00,8,1,17,15,10,310,555,"239 BIS, AV DE CASTRES",,,Plein jour,En agglomération,Hors intersection,Pluie forte,Autre collision,,,,,,,,,,,1,2,1,3,6
200800002819,0008-01-17 16:50:00,8,1,17,16,50,310,555,"23, BD DE MARENGO",,,Plein jour,En agglomération,Hors intersection,Pluie légère,Autre collision,,,,,,,,,,,1,2,1,2,6
200800002820,0008-01-17 17:30:00,8,1,17,17,30,310,555,"105, AV DES MINIMES",,,Crépuscule ou aube,En agglomération,Hors intersection,Pluie forte,Deux véhicules - côté,,,,,,,,,,,2,2,1,3,3
200800002821,0008-01-20 15:10:00,8,1,20,15,10,310,555,"999, RTE DE SEYSSES",,,Plein jour,En agglomération,Intersection en X,Normale,Deux véhicules - frontale,,,,,,,,,,,1,2,2,1,1
200800002822,0008-01-18 09:15:00,8,1,18,9,15,310,555,"999, AV DU GENERAL DE CR",,,Plein jour,En agglomération,Intersection en T,Temps couvert,Deux véhicules - côté,,,,,,,,,,,1,2,3,8,3
200800002823,0008-01-18 13:35:00,8,1,18,13,35,310,555,"999, AV DE LARRIEU",,,Plein jour,En agglomération,Hors intersection,Normale,Autre collision,,,,,,,,,,,1,2,1,1,6
200800002824,0008-01-20 15:55:00,8,1,20,15,55,310,555,"999, RTE D ALBI",,,Plein jour,En agglomération,Intersection en T,Normale,Deux véhicules - côté,,,,,,,,,,,1,2,3,1,3
200800002825,0008-01-20 17:47:00,8,1,20,17,47,310,555,"999, AV DU GENERAL EISEN",,,Nuit avec éclairage allumé,En agglomération,Hors intersection,Normale,Deux véhicules - arrière,,,,,,,,,,,5,2,1,1,2
200800002826,0008-01-20 22:55:00,8,1,20,22,55,310,555,VA007553 A61,,,Nuit avec éclairage allumé,Hors agglomération,Hors intersection,Normale,Autre collision,,,,,,,,,,,5,1,1,1,6
200800002827,0008-01-20 18:10:00,8,1,20,18,10,310,555,"203, AV DE MURET",,,Crépuscule ou aube,En agglomération,Hors intersection,Normale,Deux véhicules - côté,,,,,,,,,,,2,2,1,1,3
200800002828,0008-01-21 19:00:00,8,1,21,19,0,310,555,"138, AV DE FRONTON",,,Nuit avec éclairage allumé,En agglomération,Hors intersection,Normale,Deux véhicules - côté,,,,,,,,,,,5,2,1,1,3
200800002829,0008-01-21 19:25:00,8,1,21,19,25,310,555,"18, AV DE LYON",,,Nuit avec éclairage allumé,En agglomération,Hors intersection,Normale,Deux véhicules - côté,,,,,,,,,,,5,2,1,1,3
200800002830,0008-01-20 22:40:00,8,1,20,22,40,310,555,"999, R-PT CHARLES FABRE",,,Nuit avec éclairage allumé,En agglomération,Hors intersection,Normale,Autre collision,,,,,,,,,,,5,2,1,1,6
200800002831,0008-01-22 15:30:00,8,1,22,15,30,310,555,"999, RUE ANDRE VASSEUR",,,Plein jour,En agglomération,Hors intersection,Normale,Deux véhicules - côté,,,,,,,,,,,1,2,1,1,3
200800002832,0008-01-22 16:10:00,8,1,22,16,10,310,555,"29, ALL DE BRIENNE",,,Plein jour,En agglomération,Hors intersection,Normale,Autre collision,,,,,,,,,,,1,2,1,1,6
200800002833,0008-01-22 22:35:00,8,1,22,22,35,310,555,VA007473 A62,,,Nuit avec éclairage allumé,Hors agglomération,Hors intersection,Normale,Deux véhicules - côté,,,,,,,,,,,5,1,1,1,3
200800002834,0008-01-23 09:50:00,8,1,23,9,50,310,555,"11, RUE DES TROIS RENARD",,,Plein jour,En agglomération,Hors intersection,Normale,Autre collision,,,,,,,,,,,1,2,1,1,6
200800002835,0008-01-23 13:45:00,8,1,23,13,45,310,555,"153, AV DE LARDENNE",,,Plein jour,En agglomération,Hors intersection,Normale,Deux véhicules - côté,,,,,,,,,,,1,2,1,1,3
200800002836,0008-01-24 16:00:00,8,1,24,16,0,310,555,"27, CHE DE GARRIC",,,Plein jour,En agglomération,Hors intersection,Normale,Autre collision,,,,,,,,,,,1,2,1,1,6
200800002837,0008-01-25 08:50:00,8,1,25,8,50,310,555,VA007333 LA FAOURETTE A6,,,Plein jour,Hors agglomération,Hors intersection,Normale,Autre collision,,,,,,,,,,,1,1,1,1,6
200800002838,0008-01-25 11:00:00,8,1,25,11,0,310,555,"999, BD DE LA GARE",,,Plein jour,En agglomération,Hors intersection,Normale,Autre collision,,,,,,,,,,,1,2,1,1,6
200800002839,0008-01-25 11:20:00,8,1,25,11,20,310,555,"137, CHE DES IZARDS",,,Plein jour,En agglomération,Hors intersection,Normale,Autre collision,,,,,,,,,,,1,2,1,1,6
200800002840,0008-01-25 12:00:00,8,1,25,12,0,310,555,"999, AV DE LATTRE DE TAS",,,Plein jour,En agglomération,Hors intersection,Normale,Deux véhicules - côté,,,,,,,,,,,1,2,1,1,3
200800002841,0008-01-25 19:50:00,8,1,25,19,50,310,555,"7, AV JEAN RIEUX",,,Nuit avec éclairage allumé,En agglomération,Hors intersection,Normale,Autre collision,,,,,,,,,,,5,2,1,1,6
200800002842,0008-01-25 21:10:00,8,1,25,21,10,310,555,"29, BD MATABIAU",,,Nuit avec éclairage allumé,En agglomération,Hors intersection,Normale,Deux véhicules - arrière,,,,,,,,,,,5,2,1,1,2
200800002843,0008-01-26 13:30:00,8,1,26,13,30,310,555,"15, BD LASCROSSES",,,Plein jour,En agglomération,Hors intersection,Normale,Deux véhicules - côté,,,,,,,,,,,1,2,1,1,3
200800002844,0008-01-26 15:10:00,8,1,26,15,10,310,555,"17, RUE DE METZ",,,Plein jour,En agglomération,Hors intersection,Normale,Deux véhicules - côté,,,,,,,,,,,1,2,1,1,3
200800002845,0008-01-26 18:40:00,8,1,26,18,40,310,555,"88, ALL JEAN JAURES",,,Crépuscule ou aube,En agglomération,Hors intersection,Normale,Deux véhicules - côté,,,,,,,,,,,2,2,1,1,3
200800002846,0008-01-27 15:15:00,8,1,27,15,15,310,555,"999, BOULINGRIN",,,Plein jour,En agglomération,Hors intersection,Normale,Autre collision,,,,,,,,,,,1,2,1,1,6
200800002847,0008-01-28 14:45:00,8,1,28,14,45,310,555,"12, ALL FREDERIC MISTRAL",,,Plein jour,En agglomération,Hors intersection,Normale,Deux véhicules - côté,,,,,,,,,,,1,2,1,1,3
200800002848,0008-01-29 07:45:00,8,1,29,7,45,310,555,"999, AV D ATLANTA",,,Nuit avec éclairage allumé,En agglomération,Hors intersection,Brouillard / fumée,Deux véhicules - côté,,,,,,,,,,,5,2,1,5,3
200800002849,0008-01-29 20:30:00,8,1,29,20,30,310,555,"23, chevreuil (rue)",,,Nuit avec éclairage allumé,En agglomération,Hors intersection,Normale,Autre collision,,,,,,,,,,,5,2,1,1,6
200800002850,0008-01-30 08:40:00,8,1,30,8,40,310,555,VA007456 SESQUIERES A620,,,Plein jour,Hors agglomération,Hors intersection,Normale,Deux véhicules - arrière,,,,,,,,,,,1,1,1,1,2
200800002851,0008-01-30 12:40:00,8,1,30,12,40,310,555,"42, AV CAMILLE PUJOL",,,Plein jour,En agglomération,Hors intersection,Normale,Deux véhicules - côté,,,,,,,,,,,1,2,1,1,3
200800002852,0008-01-30 18:15:00,8,1,30,18,15,310,555,"7, RTE DE SAINT SIMON",,,Crépuscule ou aube,En agglomération,Hors intersection,Normale,Deux véhicules - côté,,,,,,,,,,,2,2,1,1,3
200800002853,0008-01-30 20:55:00,8,1,30,20,55,310,555,"24, AV DU CIMETIERE",,,Nuit avec éclairage allumé,En agglomération,Hors intersection,Normale,Deux véhicules - arrière,,,,,,,,,,,5,2,1,1,2
200800002854,0008-01-31 07:00:00,8,1,31,7,0,310,555,"28, AV DES MINIMES",,,Crépuscule ou aube,En agglomération,Hors intersection,Pluie légère,Autre collision,,,,,,,,,,,2,2,1,2,6
200800002855,0008-01-31 12:50:00,8,1,31,12,50,310,555,VA007553 A61,,,Plein jour,Hors agglomération,Hors intersection,Normale,Deux véhicules - côté,,,,,,,,,,,1,1,1,1,3
200800002856,0008-01-31 13:05:00,8,1,31,13,5,310,555,"999, AV DU GENERAL EISEN",,,Plein jour,En agglomération,Intersection en X,Normale,Deux véhicules - côté,,,,,,,,,,,1,2,2,1,3
200800002857,0008-01-31 19:00:00,8,1,31,19,0,310,555,VA001490 A621,,,Nuit avec éclairage allumé,Hors agglomération,Hors intersection,Normale,Deux véhicules - arrière,,,,,,,,,,,5,1,1,1,2
200800002858,0008-01-31 20:20:00,8,1,31,20,20,310,555,"999, BD RICHARD WAGNER",,,Nuit avec éclairage allumé,En agglomération,Intersection en T,Normale,Deux véhicules - côté,,,,,,,,,,,5,2,3,1,3
200800002859,0008-01-09 18:00:00,8,1,9,18,0,310,557,MITTERRAND (Bd François),,,Crépuscule ou aube,En agglomération,Giratoire,Normale,Deux véhicules - côté,,,,,,,,,,,2,2,6,1,3
200800002860,0008-01-11 07:50:00,8,1,11,7,50,310,557,"0, JAURES (AV JEAN)",,,Crépuscule ou aube,En agglomération,Giratoire,Normale,Deux véhicules - côté,,,,,,,,,,,2,2,6,1,3
200800002861,0008-01-14 09:00:00,8,1,14,9,0,310,557,"0, TARBES (ROUTE DE)",,,Plein jour,En agglomération,Intersection en Y,Normale,Deux véhicules - côté,,,,,,,,,,,1,2,4,1,3
200800002862,0008-01-04 18:30:00,8,1,4,18,30,320,13,AGEN (ROUTE D'),,,Nuit avec éclairage allumé,En agglomération,Intersection en T,Normale,Deux véhicules - arrière,,,,,,,,,,,5,2,3,1,2
200800002863,0008-01-09 08:00:00,8,1,9,8,0,320,13,"55, TOULOUSE (ROUTE DE)",,,Plein jour,En agglomération,Intersection en T,Pluie légère,Deux véhicules - côté,,,,,,,,,,,1,2,3,2,3
200800002864,0008-01-10 18:40:00,8,1,10,18,40,320,13,"1, PRIEURE (PONT DU)",,,Crépuscule ou aube,En agglomération,Hors intersection,Temps couvert,Autre collision,,,,,,,,,,,2,2,1,8,6
200800002865,0008-01-23 14:40:00,8,1,23,14,40,320,13,"15, VICTOR HUGO (RUE)",,,Plein jour,En agglomération,Hors intersection,Normale,Autre collision,,,,,,,,,,,1,2,1,1,6
200800002866,0008-01-27 15:10:00,8,1,27,15,10,330,529,"78, LAGRUA (CH.)",,,Plein jour,En agglomération,Hors intersection,Normale,Deux véhicules - côté,,,,,,,,,,,1,2,1,1,3
200800002867,0008-01-17 14:30:00,8,1,17,14,30,330,529,"., COUTOUM (RUE DU)",,,Plein jour,En agglomération,Autre intersection,Temps couvert,Deux véhicules - côté,,,,,,,,,,,1,2,9,8,3
200800002868,0008-01-02 20:20:00,8,1,2,20,20,330,529,"., DE GAULLE ( AVE CHARL",,,Nuit avec éclairage allumé,En agglomération,Hors intersection,Normale,Autre collision,,,,,,,,,,,5,2,1,1,6
200800002869,0008-01-18 21:00:00,8,1,18,21,0,330,529,"., LAGRUA (CH.)",,,Nuit avec éclairage allumé,Hors agglomération,Hors intersection,Temps couvert,Deux véhicules - côté,,,,,,,,,,,5,1,1,8,3
200800002870,0008-01-01 15:42:00,8,1,1,15,42,330,192,"169, CRS DU GENERAL DE G",,,Plein jour,En agglomération,Hors intersection,Normale,Autre collision,,,,,,,,,,,1,2,1,1,6
200800002871,0008-01-05 00:15:00,8,1,5,0,15,330,63,RUE JUDAIQUE,,,Nuit avec éclairage allumé,En agglomération,Intersection en X,Temps couvert,Deux véhicules - côté,,,,,,,,,,,5,2,2,8,3
200800002872,0008-01-05 11:50:00,8,1,5,11,50,330,63,CRS DE LA LIBERATION,,,Plein jour,En agglomération,Intersection à plus de 4 branches,Pluie légère,Deux véhicules - côté,,,,,,,,,,,1,2,5,2,3
200800002873,0008-01-04 12:40:00,8,1,4,12,40,330,63,BD DU PRESIDENT WILSON,,,Plein jour,En agglomération,Intersection en X,Normale,Deux véhicules - côté,,,,,,,,,,,1,2,2,1,3
200800002874,0008-01-07 20:55:00,8,1,7,20,55,330,63,"37, PCE PEY BERLAND",,,Nuit avec éclairage allumé,En agglomération,Hors intersection,Normale,Autre collision,,,,,,,,,,,5,2,1,1,6
200800002875,0008-01-07 14:15:00,8,1,7,14,15,330,63,"39, CRS LOUIS FARGUE",,,Plein jour,En agglomération,Hors intersection,Normale,Deux véhicules - côté,,,,,,,,,,,1,2,1,1,3
200800002876,0008-01-07 14:16:00,8,1,7,14,16,330,63,RUE AUGUSTE BRUTAILS,,,Plein jour,En agglomération,Intersection en X,Normale,Deux véhicules - côté,,,,,,,,,,,1,2,2,1,3
200800002877,0008-01-07 08:20:00,8,1,7,8,20,330,63,PCE PEY BERLAND,,,Plein jour,En agglomération,Hors intersection,Normale,Autre collision,,,,,,,,,,,1,2,1,1,6
200800002878,0008-01-08 07:45:00,8,1,8,7,45,330,39,"306, RTE DE TOULOUSE",,,Nuit avec éclairage allumé,En agglomération,Hors intersection,Pluie légère,Autre collision,,,,,,,,,,,5,2,1,2,6
200800002879,0008-01-08 18:58:00,8,1,8,18,58,330,63,ALL SERR,,,Plein jour,En agglomération,Intersection en X,Normale,Deux véhicules - côté,,,,,,,,,,,1,2,2,1,3
200800002880,0008-01-08 13:45:00,8,1,8,13,45,330,63,"173, AVE LOUIS BARTHOU C",,,Plein jour,En agglomération,Hors intersection,Normale,Deux véhicules - arrière,,,,,,,,,,,1,2,1,1,2
200800002881,0008-01-08 16:00:00,8,1,8,16,0,330,63,"47, CRS D'ALBRET",,,Plein jour,En agglomération,Intersection en X,Normale,Autre collision,,,,,,,,,,,1,2,2,1,6
200800002882,0008-01-08 16:30:00,8,1,8,16,30,330,63,RUE AUGUSTE POIRSON,,,Plein jour,En agglomération,Intersection en X,Normale,Deux véhicules - côté,,,,,,,,,,,1,2,2,1,3
200800002883,0008-01-08 19:15:00,8,1,8,19,15,330,63,RUE DE PESSAC,,,Nuit avec éclairage allumé,En agglomération,Intersection en X,Normale,Deux véhicules - côté,,,,,,,,,,,5,2,2,1,3
200800002884,0008-01-02 19:45:00,8,1,2,19,45,330,550,CHEM DE LEYSOTTE,,,Nuit avec éclairage allumé,En agglomération,Hors intersection,Normale,Deux véhicules - arrière,,,,,,,,,,,5,2,1,1,2
200800002885,0008-01-03 07:40:00,8,1,3,7,40,330,318,AVE DU GENERAL LECLERC,,,Crépuscule ou aube,En agglomération,Hors intersection,Normale,Autre collision,,,,,,,,,,,2,2,1,1,6
200800002886,0008-01-07 18:58:00,8,1,7,18,58,330,249,"22, AVE DE LA LIBERATION",,,Nuit avec éclairage allumé,En agglomération,Hors intersection,Normale,Deux véhicules - côté,,,,,,,,,,,5,2,1,1,3
200800002887,0008-01-04 07:15:00,8,1,4,7,15,330,63,RUE DES PINS FRANCS CAUD,,,Nuit avec éclairage allumé,En agglomération,Intersection en T,Normale,Autre collision,,,,,,,,,,,5,2,3,1,6
200800002888,0008-01-09 06:05:00,8,1,9,6,5,330,63,BD ALIENOR D'AQUITAINE,,,Nuit sans éclairage public,En agglomération,Hors intersection,Pluie légère,Deux véhicules - côté,,,,,,,,,,,3,2,1,2,3
200800002889,0008-01-10 04:50:00,8,1,10,4,50,330,63,QUAI DE PALUDATE,,,Nuit avec éclairage allumé,En agglomération,Intersection en X,Brouillard / fumée,Deux véhicules - côté,,,,,,,,,,,5,2,2,5,3
200800002890,0008-01-10 07:40:00,8,1,10,7,40,330,63,CRS VICTOR HUGO,,,Crépuscule ou aube,En agglomération,Intersection en T,Normale,Deux véhicules - côté,,,,,,,,,,,2,2,3,1,3
200800002891,0008-01-10 09:15:00,8,1,10,9,15,330,63,AVE ALSACE LORRAINE CAUD,,,Plein jour,En agglomération,Intersection en X,Normale,Sans collision,,,,,,,,,,,1,2,2,1,7
200800002892,0008-01-04 15:25:00,8,1,4,15,25,330,119,RUE FRANCOIS DE CHATEAUB,,,Plein jour,En agglomération,Hors intersection,Pluie légère,Autre collision,,,,,,,,,,,1,2,1,2,6
200800002893,0008-01-09 13:05:00,8,1,9,13,5,330,119,RUE CHARLES PEGUY,,,Plein jour,En agglomération,Intersection en T,Normale,Deux véhicules - côté,,,,,,,,,,,1,2,3,1,3
200800002894,0008-01-12 09:00:00,8,1,12,9,0,330,63,RUE DE BEGLES,,,Plein jour,En agglomération,Intersection en X,Normale,Deux véhicules - frontale,,,,,,,,,,,1,2,2,1,1
200800002895,0008-01-13 16:00:00,8,1,13,16,0,330,63,"17, QUAI DES SALINIERES",,,Plein jour,En agglomération,Hors intersection,Normale,Deux véhicules - côté,,,,,,,,,,,1,2,1,1,3
200800002896,0008-01-12 02:05:00,8,1,12,2,5,330,63,RUE CHARLES MARIONNEAU,,,Nuit avec éclairage allumé,En agglomération,Intersection en X,Pluie légère,Deux véhicules - arrière,,,,,,,,,,,5,2,2,2,2
200800002897,0008-01-12 01:10:00,8,1,12,1,10,330,63,AVE THIERS,,,Nuit avec éclairage allumé,En agglomération,Intersection en T,Temps couvert,Autre collision,,,,,,,,,,,5,2,3,8,6
200800002898,0008-01-05 18:10:00,8,1,5,18,10,330,550,RUE DE LA PAIX,,,Nuit avec éclairage allumé,En agglomération,Giratoire,Pluie légère,Deux véhicules - côté,,,,,,,,,,,5,2,6,2,3
200800002899,0008-01-11 17:55:00,8,1,11,17,55,330,63,"102, BD ALBERT 1ER",,,Nuit avec éclairage allumé,En agglomération,Intersection en X,Pluie légère,Autre collision,,,,,,,,,,,5,2,2,2,6
200800002900,0008-01-11 14:50:00,8,1,11,14,50,330,63,BD ALFRED DANEY,,,Plein jour,En agglomération,Intersection en X,Pluie légère,Deux véhicules - côté,,,,,,,,,,,1,2,2,2,3
200800002901,0008-01-11 14:10:00,8,1,11,14,10,330,63,"51, RUE DE LA BENAUGE",,,Plein jour,En agglomération,Hors intersection,Normale,Autre collision,,,,,,,,,,,1,2,1,1,6
200800002902,0008-01-11 10:25:00,8,1,11,10,25,330,63,CRS DE LUZE,,,Plein jour,En agglomération,Intersection en T,Normale,Deux véhicules - côté,,,,,,,,,,,1,2,3,1,3
200800002903,0008-01-07 18:50:00,8,1,7,18,50,330,75,RUE JEAN CLAUDEVILLE,,,Nuit avec éclairage allumé,En agglomération,Intersection en X,Normale,Deux véhicules - côté,,,,,,,,,,,5,2,2,1,3
200800002904,0008-01-14 08:00:00,8,1,14,8,0,330,522,AVE DE THOUARS,,,Nuit avec éclairage allumé,En agglomération,Intersection en X,Normale,Deux véhicules - arrière,,,,,,,,,,,5,2,2,1,2
200800002905,0008-01-14 09:25:00,8,1,14,9,25,330,39,AVE LUCIEN LEROUSSEAU,,,Plein jour,En agglomération,Intersection en X,Normale,Autre collision,,,,,,,,,,,1,2,2,1,6
200800002906,0008-01-14 12:40:00,8,1,14,12,40,330,63,BD PIERRE 1ER,,,Plein jour,En agglomération,Intersection en X,Normale,Deux véhicules - côté,,,,,,,,,,,1,2,2,1,3
200800002907,0008-01-13 20:30:00,8,1,13,20,30,330,249,AVE DES ACACIAS,,,Nuit avec éclairage allumé,En agglomération,Intersection en X,Normale,Deux véhicules - côté,,,,,,,,,,,5,2,2,1,3
200800002908,0008-01-15 07:30:00,8,1,15,7,30,330,63,"57, CRS VICTOR HUGO",,,Nuit avec éclairage allumé,En agglomération,Hors intersection,Normale,Autre collision,,,,,,,,,,,5,2,1,1,6
200800002909,0008-01-09 18:25:00,8,1,9,18,25,330,281,RUE DE GARIES,,,Nuit avec éclairage allumé,En agglomération,Intersection en X,Normale,Deux véhicules - côté,,,,,,,,,,,5,2,2,1,3
200800002910,0008-01-01 15:50:00,8,1,1,15,50,330,69,"266, AVE DE TIVOLI",,,Plein jour,En agglomération,Hors intersection,Normale,Deux véhicules - côté,,,,,,,,,,,1,2,1,1,3
200800002911,0008-01-10 15:00:00,8,1,10,15,0,330,167,AVE GASTON CABANNES,,,Plein jour,En agglomération,Intersection en T,Normale,Deux véhicules - côté,,,,,,,,,,,1,2,3,1,3
200800002912,0008-01-09 18:00:00,8,1,9,18,0,330,69,"313, AVE DE LA LIBERATIO",,,Crépuscule ou aube,En agglomération,Hors intersection,Normale,Deux véhicules - côté,,,,,,,,,,,2,2,1,1,3
200800002913,0008-01-10 07:50:00,8,1,10,7,50,330,550,"66, AVE DES PYRENEES",,,Nuit avec éclairage allumé,En agglomération,Hors intersection,Brouillard / fumée,Autre collision,,,,,,,,,,,5,2,1,5,6
200800002914,0008-01-13 18:50:00,8,1,13,18,50,330,281,"315, AVE ARISTIDE BRIAND",,,Nuit avec éclairage allumé,En agglomération,Hors intersection,Normale,Sans collision,,,,,,,,,,,5,2,1,1,7
200800002915,0008-01-13 20:35:00,8,1,13,20,35,330,281,AVE MATOSINHOS,,,Nuit avec éclairage allumé,En agglomération,Hors intersection,Normale,Autre collision,,,,,,,,,,,5,2,1,1,6
200800002916,0008-01-16 19:40:00,8,1,16,19,40,330,63,CRS ARISTIDE BRIAND,,,Crépuscule ou aube,En agglomération,Intersection en X,Pluie légère,Autre collision,,,,,,,,,,,2,2,2,2,6
200800002917,0008-01-13 19:50:00,8,1,13,19,50,330,39,RUE LEON GAMBETTA,,,Nuit avec éclairage allumé,En agglomération,Intersection en X,Normale,Deux véhicules - frontale,,,,,,,,,,,5,2,2,1,1
200800002918,0008-01-10 20:50:00,8,1,10,20,50,330,522,RUE FRANCOIS RABELAIS,,,Nuit avec éclairage allumé,En agglomération,Hors intersection,Normale,Deux véhicules - côté,,,,,,,,,,,5,2,1,1,3
200800002919,0008-01-13 13:45:00,8,1,13,13,45,330,39,"468, RTE DE TOULOUSE",,,Plein jour,En agglomération,Hors intersection,Normale,Trois véhicules et plus - en chaîne,,,,,,,,,,,1,2,1,1,4
200800002920,0008-01-11 09:00:00,8,1,11,9,0,330,281,CHEM BON AIR,,,Plein jour,En agglomération,Intersection en T,Normale,Deux véhicules - côté,,,,,,,,,,,1,2,3,1,3
200800002921,0008-01-20 14:30:00,8,1,20,14,30,330,63,BD PIERRE 1ER,,,Plein jour,En agglomération,Intersection en X,Normale,Trois véhicules et plus - collisions multiples,,,,,,,,,,,1,2,2,1,5
200800002922,0008-01-19 20:04:00,8,1,19,20,4,330,281,AVE DE LA FORET,,,Nuit avec éclairage allumé,En agglomération,Intersection en X,Normale,Deux véhicules - côté,,,,,,,,,,,5,2,2,1,3
200800002923,0008-01-18 17:00:00,8,1,18,17,0,330,63,CRS VICTOR HUGO,,,Plein jour,En agglomération,Hors intersection,Normale,Trois véhicules et plus - en chaîne,,,,,,,,,,,1,2,1,1,4
200800002924,0008-01-19 12:00:00,8,1,19,12,0,330,63,"9, RUE CLARE",,,Plein jour,En agglomération,Hors intersection,Normale,Autre collision,,,,,,,,,,,1,2,1,1,6