accident_id,datetime,annee,mois,jour,heure,minute,departement,commune_insee,adresse,latitude,longitude,luminosite,agglomeration,intersection,meteo,collision,nb_vehicules,nb_usagers,nb_indemnes,nb_tues,nb_blesses_hosp,nb_blesses_legers,age_cond_1,age_cond_2,veh_type_cond_1,veh_type_cond_2,lum_code,agg_code,int_code,atm_code,col_code
200800002925,0008-01-19 05:00:00,8,1,19,5,0,330,63,RUE DE SON TAY,,,Nuit avec éclairage allumé,En agglomération,Intersection en T,Normale,Deux véhicules - frontale,,,,,,,,,,,5,2,3,1,1
200800002926,0008-01-12 11:30:00,8,1,12,11,30,330,550,RUE JEAN ROSTAND,,,Plein jour,En agglomération,Intersection en X,Normale,Deux véhicules - côté,,,,,,,,,,,1,2,2,1,3
200800002927,0008-01-18 08:45:00,8,1,18,8,45,330,63,"46, RUE DU BOCAGE CAUD",,,Plein jour,En agglomération,Hors intersection,Pluie légère,Trois véhicules et plus - en chaîne,,,,,,,,,,,1,2,1,2,4
200800002928,0008-01-18 12:25:00,8,1,18,12,25,330,63,"20, CRS DE VERDUN",,,Plein jour,En agglomération,Hors intersection,Pluie légère,Deux véhicules - côté,,,,,,,,,,,1,2,1,2,3
200800002929,0008-01-15 19:50:00,8,1,15,19,50,330,75,RTE DU MEDOC,,,Nuit avec éclairage allumé,Hors agglomération,Intersection en X,Pluie forte,Autre collision,,,,,,,,,,,5,1,2,3,6
200800002930,0008-01-21 11:50:00,8,1,21,11,50,330,63,AVE CHARLES DE GAULLE CA,,,Plein jour,En agglomération,Intersection en T,Normale,Autre collision,,,,,,,,,,,1,2,3,1,6
200800002931,0008-01-22 14:05:00,8,1,22,14,5,330,119,"26, RUE CAMILLE PELLETAN",,,Plein jour,En agglomération,Hors intersection,Normale,Autre collision,,,,,,,,,,,1,2,1,1,6
200800002932,0008-01-14 09:05:00,8,1,14,9,5,330,281,AVE FRANOIS MITTERRAND,,,Plein jour,En agglomération,Hors intersection,Normale,Autre collision,,,,,,,,,,,1,2,1,1,6
200800002933,0008-01-22 11:20:00,8,1,22,11,20,330,63,RUE ANTOINE BOURDELLE,,,Plein jour,En agglomération,Hors intersection,Temps couvert,Deux véhicules - côté,,,,,,,,,,,1,2,1,8,3
200800002934,0008-01-21 11:36:00,8,1,21,11,36,330,281,PCE DU GENERAL GOURAUD,,,Plein jour,En agglomération,Giratoire,Normale,Autre collision,,,,,,,,,,,1,2,6,1,6
200800002935,0008-01-21 10:30:00,8,1,21,10,30,330,162,AVE DE SAINT-MEDARD,,,Plein jour,En agglomération,Intersection en X,Normale,Deux véhicules - côté,,,,,,,,,,,1,2,2,1,3
200800002936,0008-01-23 16:15:00,8,1,23,16,15,330,167,RUE ALFRED GIRET,,,Plein jour,En agglomération,Hors intersection,Normale,Deux véhicules - frontale,,,,,,,,,,,1,2,1,1,1
200800002937,0008-01-10 14:00:00,8,1,10,14,0,330,119,AVE CARNOT,,,Plein jour,En agglomération,Hors intersection,Normale,Deux véhicules - arrière,,,,,,,,,,,1,2,1,1,2
200800002938,0008-01-20 18:25:00,8,1,20,18,25,330,318,"39, AVE JEAN JAURES",,,Crépuscule ou aube,En agglomération,Hors intersection,Normale,Deux véhicules - côté,,,,,,,,,,,2,2,1,1,3
200800002939,0008-01-18 16:00:00,8,1,18,16,0,330,318,AVE DU HAUT LEVEQUE,,,Plein jour,En agglomération,Giratoire,Temps couvert,Deux véhicules - côté,,,,,,,,,,,1,2,6,8,3
200800002940,0008-01-24 21:45:00,8,1,24,21,45,330,63,RUE PIERRE BROSSOLETTE C,,,Nuit avec éclairage allumé,En agglomération,Intersection en T,Pluie légère,Autre collision,,,,,,,,,,,5,2,3,2,6
200800002941,0008-01-19 20:00:00,8,1,19,20,0,330,281,AVE HENRI VIGNEAU,,,Nuit avec éclairage allumé,En agglomération,Intersection en X,Normale,Deux véhicules - côté,,,,,,,,,,,5,2,2,1,3
200800002942,0008-01-23 12:55:00,8,1,23,12,55,330,318,AVE DE CANEJAN,,,Plein jour,En agglomération,Giratoire,Normale,Deux véhicules - côté,,,,,,,,,,,1,2,6,1,3
200800002943,0008-01-23 14:05:00,8,1,23,14,5,330,318,"43, AVE PASTEUR",,,Plein jour,En agglomération,Hors intersection,Normale,Trois véhicules et plus - en chaîne,,,,,,,,,,,1,2,1,1,4
200800002944,0008-01-24 18:40:00,8,1,24,18,40,330,63,"34, AVE DU GENERAL LECLE",,,Nuit avec éclairage allumé,En agglomération,Intersection en Y,Normale,Deux véhicules - arrière,,,,,,,,,,,5,2,4,1,2
200800002945,0008-01-25 07:50:00,8,1,25,7,50,330,63,BD JOLIOT-CURIE,,,Crépuscule ou aube,En agglomération,Hors intersection,Normale,Deux véhicules - arrière,,,,,,,,,,,2,2,1,1,2
200800002946,0008-01-26 19:00:00,8,1,26,19,0,330,63,"299, AVE D'ARES CAUD",,,Nuit avec éclairage allumé,En agglomération,Hors intersection,Normale,Deux véhicules - côté,,,,,,,,,,,5,2,1,1,3
200800002947,0008-01-26 17:30:00,8,1,26,17,30,330,63,RUE BREMONTIER,,,Plein jour,En agglomération,Intersection en X,Normale,Deux véhicules - côté,,,,,,,,,,,1,2,2,1,3
200800002948,0008-01-25 15:30:00,8,1,25,15,30,330,63,"20, CRS PORTAL",,,Plein jour,En agglomération,Intersection en T,Normale,Deux véhicules - côté,,,,,,,,,,,1,2,3,1,3
200800002949,0008-01-24 07:20:00,8,1,24,7,20,330,281,AVE LEON BLUM,,,Nuit avec éclairage allumé,En agglomération,Intersection en T,Brouillard / fumée,Autre collision,,,,,,,,,,,5,2,3,5,6
200800002950,0008-01-29 16:00:00,8,1,29,16,0,330,63,"0000, BD DU PDT FRANKLIN",,,Plein jour,En agglomération,Intersection en X,Normale,Deux véhicules - côté,,,,,,,,,,,1,2,2,1,3
200800002951,0008-01-24 14:15:00,8,1,24,14,15,330,281,AVE DE LA LIBERATION,,,Plein jour,En agglomération,Intersection à plus de 4 branches,Normale,Deux véhicules - côté,,,,,,,,,,,1,2,5,1,3
200800002952,0008-01-28 13:20:00,8,1,28,13,20,330,318,AVE DE BEUTRE,,,Plein jour,En agglomération,Intersection en T,Normale,Deux véhicules - côté,,,,,,,,,,,1,2,3,1,3
200800002953,0008-01-30 18:05:00,8,1,30,18,5,330,63,CRS SAINT LOUIS,,,Nuit avec éclairage allumé,En agglomération,Intersection en X,Pluie légère,Autre collision,,,,,,,,,,,5,2,2,2,6
200800002954,0008-01-31 09:50:00,8,1,31,9,50,330,63,PRK AUCHAN,,,Plein jour,En agglomération,Intersection en T,Normale,Deux véhicules - côté,,,,,,,,,,,1,2,3,1,3
200800002955,0008-01-31 08:00:00,8,1,31,8,0,330,63,RUE DE CARROS,,,Plein jour,En agglomération,Intersection en X,Normale,Deux véhicules - côté,,,,,,,,,,,1,2,2,1,3
200800002956,0008-01-29 11:10:00,8,1,29,11,10,330,281,AVE FRANOIS MITTERRAND,,,Plein jour,En agglomération,Giratoire,Normale,Sans collision,,,,,,,,,,,1,2,6,1,7
200800002957,0008-01-26 11:40:00,8,1,26,11,40,330,69,"380, RTE DU MEDOC",,,Plein jour,En agglomération,Hors intersection,Normale,Deux véhicules - arrière,,,,,,,,,,,1,2,1,1,2
200800002958,0008-01-26 19:30:00,8,1,26,19,30,330,192,RUE DU MOULINEAU,,,Nuit avec éclairage allumé,En agglomération,Intersection en T,Normale,Autre collision,,,,,,,,,,,5,2,3,1,6
200800002959,0008-01-21 09:15:00,8,1,21,9,15,330,192,RTE DE PESSAC,,,Plein jour,En agglomération,Hors intersection,Normale,Deux véhicules - côté,,,,,,,,,,,1,2,1,1,3
200800002960,0008-01-22 15:20:00,8,1,22,15,20,330,522,PCH D'ARS,,,Plein jour,En agglomération,Intersection en Y,Normale,Deux véhicules - côté,,,,,,,,,,,1,2,4,1,3
200800002961,0008-01-30 16:15:00,8,1,30,16,15,330,318,AVE MOZART,,,Plein jour,En agglomération,Intersection en X,Pluie légère,Autre collision,,,,,,,,,,,1,2,2,2,6
200800002962,0008-01-13 12:35:00,8,1,13,12,35,330,63,"60, RUE CROIX DE SEGUEY",,,Plein jour,En agglomération,Hors intersection,Normale,Deux véhicules - arrière,,,,,,,,,,,1,2,1,1,2
200800002963,0008-01-19 00:10:00,8,1,19,0,10,330,281,AVE DE LA SOMME,,,Nuit avec éclairage non allumé,En agglomération,Hors intersection,Normale,Autre collision,,,,,,,,,,,4,2,1,1,6
200800002964,0008-01-30 16:10:00,8,1,30,16,10,330,522,RUE FREDERIC SEVENE,,,Plein jour,En agglomération,Intersection à plus de 4 branches,Pluie légère,Deux véhicules - côté,,,,,,,,,,,1,2,5,2,3
200800002965,0008-01-26 10:55:00,8,1,26,10,55,330,69,RUE MARIUS MARCHANDOU,,,Plein jour,En agglomération,Intersection en X,Normale,Deux véhicules - côté,,,,,,,,,,,1,2,2,1,3
200800002966,0008-01-30 12:40:00,8,1,30,12,40,330,522,RUE JEAN RACINE,,,Plein jour,En agglomération,Hors intersection,Normale,Autre collision,,,,,,,,,,,1,2,1,1,6
200800002967,0008-01-31 09:25:00,8,1,31,9,25,330,119,AVE GEORGES CLEMENCEAU,,,Plein jour,En agglomération,Hors intersection,Normale,Autre collision,,,,,,,,,,,1,2,1,1,6
200800002968,0008-01-12 19:10:00,8,1,12,19,10,330,243,"102, GAULLE(AVENUE DU GE",,,Nuit avec éclairage allumé,En agglomération,Autre intersection,Temps couvert,Autre collision,,,,,,,,,,,5,2,9,8,6
200800002969,0008-01-08 21:45:00,8,1,8,21,45,340,3,RD612,43.30855,3.49015,Nuit avec éclairage allumé,Hors agglomération,Hors intersection,Normale,Deux véhicules - frontale,,,,,,,,,,,5,1,1,1,1
200800002970,0008-01-08 15:05:00,8,1,8,15,5,340,3,D 51 MARSEILLAN (ROUTE D,,,Plein jour,Hors agglomération,Intersection en T,Normale,Deux véhicules - côté,,,,,,,,,,,1,1,3,1,3
200800002971,0008-01-19 10:00:00,8,1,19,10,0,340,3,PAUL OLIVASSI (Rond Poin,,,Plein jour,En agglomération,Giratoire,Normale,Deux véhicules - côté,,,,,,,,,,,1,2,6,1,3
200800002972,0008-01-04 15:07:00,8,1,4,15,7,340,32,RD.64,43.33,3.45699,Plein jour,Hors agglomération,Intersection en X,Normale,Deux véhicules - arrière,,,,,,,,,,,1,1,2,1,2
200800002973,0008-01-04 09:54:00,8,1,4,9,54,340,32,ROUTE DEPARTEMENTALE 612,43.3462,3.45699,Plein jour,Hors agglomération,Intersection en X,Pluie légère,Deux véhicules - arrière,,,,,,,,,,,1,1,2,2,2
200800002974,0008-01-04 18:15:00,8,1,4,18,15,340,32,GALINIER HENRI (AV),,,Nuit avec éclairage allumé,Hors agglomération,Hors intersection,Pluie forte,Deux véhicules - frontale,,,,,,,,,,,5,1,1,3,1
200800002975,0008-01-07 13:25:00,8,1,7,13,25,340,32,"49, MOULIN JEAN (AV)",43.34752,3.45699,Plein jour,En agglomération,Intersection en X,Normale,Deux véhicules - côté,,,,,,,,,,,1,2,2,1,3
200800002976,0008-01-07 17:40:00,8,1,7,17,40,340,32,PASQUET LIEUTENANT DU (R,,,Plein jour,En agglomération,Giratoire,Normale,Sans collision,,,,,,,,,,,1,2,6,1,7
200800002977,0008-01-11 08:00:00,8,1,11,8,0,340,32,"NR, KENNEDY PRESIDENT (B",,,Plein jour,En agglomération,Intersection en X,Normale,Deux véhicules - arrière,,,,,,,,,,,1,2,2,1,2
200800002978,0008-01-11 17:00:00,8,1,11,17,0,340,32,COUBERTIN PIERRE (AV),,,Plein jour,En agglomération,Intersection en T,Normale,Deux véhicules - côté,,,,,,,,,,,1,2,3,1,3
200800002979,0008-01-12 17:45:00,8,1,12,17,45,340,32,"1, MOULIN JEAN (AV)",43.346,3.45699,Plein jour,En agglomération,Intersection en Y,Normale,Sans collision,,,,,,,,,,,1,2,4,1,7
200800002980,0008-01-12 18:45:00,8,1,12,18,45,340,32,ROUTE DEPARTEMENTALE NR.,,,Nuit sans éclairage public,Hors agglomération,Intersection en T,Normale,Trois véhicules et plus - collisions multiples,,,,,,,,,,,3,1,3,1,5
200800002981,0008-01-12 20:44:00,8,1,12,20,44,340,32,RN.113 - 9 (BEZIERS-PEZE,,,Nuit sans éclairage public,Hors agglomération,Hors intersection,Normale,Sans collision,,,,,,,,,,,3,1,1,1,7
200800002982,0008-01-13 14:53:00,8,1,13,14,53,340,32,VERDUN (BD DE),,,Plein jour,En agglomération,Hors intersection,Normale,Deux véhicules - arrière,,,,,,,,,,,1,2,1,1,2
200800002983,0008-01-13 13:35:00,8,1,13,13,35,340,32,PLATANES (RUE DES),,,Plein jour,En agglomération,Hors intersection,Normale,Sans collision,,,,,,,,,,,1,2,1,1,7
200800002984,0008-01-17 09:05:00,8,1,17,9,5,340,32,ROUTE DE NARBONNE (RN 11,,,Plein jour,Hors agglomération,Hors intersection,Pluie légère,Deux véhicules - arrière,,,,,,,,,,,1,1,1,2,2
200800002985,0008-01-18 13:50:00,8,1,18,13,50,340,32,ROUTE DEPARTEMENTALE  61,,,Plein jour,Hors agglomération,Hors intersection,Normale,Deux véhicules - côté,,,,,,,,,,,1,1,1,1,3
200800002986,0008-01-19 16:38:00,8,1,19,16,38,340,32,ROUTE DE NARBONNE (RN 11,,,Plein jour,Hors agglomération,Hors intersection,Temps éblouissant,Sans collision,,,,,,,,,,,1,1,1,7,7
200800002987,0008-01-19 20:08:00,8,1,19,20,8,340,336,GARE (AVENUE DE LA),,,Nuit avec éclairage allumé,Hors agglomération,Intersection en Y,Normale,Deux véhicules - côté,,,,,,,,,,,5,1,4,1,3
200800002988,0008-01-19 21:30:00,8,1,19,21,30,340,32,"26, FOCH MARECHAL FERDIN",,,Nuit avec éclairage allumé,En agglomération,Intersection en Y,Normale,Sans collision,,,,,,,,,,,5,2,4,1,7
200800002989,0008-01-20 11:30:00,8,1,20,11,30,340,32,ROUTE DE BEDARIEUX (RD.9,,,Plein jour,Hors agglomération,Hors intersection,Normale,Sans collision,,,,,,,,,,,1,1,1,1,7
200800002990,0008-01-20 15:50:00,8,1,20,15,50,340,32,ROUTE DEPARTEMENTALE  61,,,Plein jour,Hors agglomération,Hors intersection,Normale,Sans collision,,,,,,,,,,,1,1,1,1,7
200800002991,0008-01-26 00:30:00,8,1,26,0,30,340,32,ROUTE DEPARTEMENTALE 612,,,Nuit sans éclairage public,Hors agglomération,Hors intersection,Normale,Deux véhicules - arrière,,,,,,,,,,,3,1,1,1,2
200800002992,0008-01-30 10:50:00,8,1,30,10,50,340,32,ROUTE DE VILLENEUVE (RD6,,,Plein jour,Hors agglomération,Hors intersection,Autre,Deux véhicules - arrière,,,,,,,,,,,1,1,1,9,2
200800002993,0008-01-23 12:15:00,8,1,23,12,15,340,32,SAINTE APHRODISE (PLACE),,,Plein jour,En agglomération,Hors intersection,Normale,Sans collision,,,,,,,,,,,1,2,1,1,7
200800002994,0008-01-23 13:50:00,8,1,23,13,50,340,32,"N.R, CABARETOU (RUE DU)",,,Plein jour,En agglomération,Hors intersection,Normale,Deux véhicules - frontale,,,,,,,,,,,1,2,1,1,1
200800002995,0008-01-25 10:53:00,8,1,25,10,53,340,32,COUBERTIN PIERRE (AV),,,Plein jour,En agglomération,Intersection en Y,Normale,Deux véhicules - arrière,,,,,,,,,,,1,2,4,1,2
200800002996,0008-01-25 17:50:00,8,1,25,17,50,340,32,"18, GALINIER HENRI (AV)",,,Crépuscule ou aube,En agglomération,Hors intersection,Normale,Autre collision,,,,,,,,,,,2,2,1,1,6
200800002997,0008-01-25 19:00:00,8,1,25,19,0,340,32,ROUTE DEPARTEMENTALE 612,,,Nuit sans éclairage public,Hors agglomération,Hors intersection,Normale,Sans collision,,,,,,,,,,,3,1,1,1,7
200800002998,0008-01-26 09:30:00,8,1,26,9,30,340,32,ROUTE DE CORNEILHAN (RD.,,,Plein jour,En agglomération,Hors intersection,Normale,Sans collision,,,,,,,,,,,1,2,1,1,7
200800002999,0008-01-28 23:45:00,8,1,28,23,45,340,32,AGDE (ROUTE D'),,,Nuit avec éclairage allumé,En agglomération,Hors intersection,Normale,Sans collision,,,,,,,,,,,5,2,1,1,7
200800003000,0008-01-02 17:45:00,8,1,2,17,45,340,129,"sans, EUROPE (AVENUE DE",,,Nuit avec éclairage allumé,En agglomération,Hors intersection,Pluie légère,Trois véhicules et plus - en chaîne,,,,,,,,,,,5,2,1,2,4
200800003001,0008-01-02 10:15:00,8,1,2,10,15,340,172,"0, BLAYAC (RUE DU PROFES",43.62312,3.83342,Plein jour,En agglomération,Hors intersection,Pluie légère,Deux véhicules - côté,,,,,,,,,,,1,2,1,2,3
200800003002,0008-01-05 08:00:00,8,1,5,8,0,340,172,"1235, TOULOUSE (AVENUE D",,,Crépuscule ou aube,En agglomération,Hors intersection,Pluie légère,Deux véhicules - côté,,,,,,,,,,,2,2,1,2,3
200800003003,0008-01-04 20:15:00,8,1,4,20,15,340,129,PALAVAS D986 (ROUTE DE),43.33475,3.53385,Nuit sans éclairage public,Hors agglomération,Intersection en Y,Pluie légère,Deux véhicules - arrière,,,,,,,,,,,3,1,4,2,2
200800003004,0008-01-05 12:05:00,8,1,5,12,5,340,172,TOULOUSE (AVENUE DE,,,Plein jour,En agglomération,Hors intersection,Pluie légère,Deux véhicules - frontale,,,,,,,,,,,1,2,1,2,1
200800003005,0008-01-02 12:45:00,8,1,2,12,45,340,172,"sans, GIRAUD (AVENUE DU",,,Plein jour,En agglomération,Hors intersection,Pluie légère,Deux véhicules - arrière,,,,,,,,,,,1,2,1,2,2
200800003006,0008-01-04 19:20:00,8,1,4,19,20,340,129,PALAVAS D986 (ROUTE DE),,,Nuit sans éclairage public,Hors agglomération,Autre intersection,Pluie légère,Sans collision,,,,,,,,,,,3,1,9,2,7
200800003007,0008-01-06 12:00:00,8,1,6,12,0,340,172,VAUBAN (PLACE),,,Plein jour,En agglomération,Hors intersection,Normale,Autre collision,,,,,,,,,,,1,2,1,1,6
200800003008,0008-01-08 08:23:00,8,1,8,8,23,340,172,"sans, FLANDRES-DUNKERQUE",,,Plein jour,En agglomération,Hors intersection,Normale,Deux véhicules - côté,,,,,,,,,,,1,2,1,1,3
200800003009,0008-01-07 16:05:00,8,1,7,16,5,340,172,"509, RIMBAUD (RUE PAUL)",43.61826,3.84418,Plein jour,En agglomération,Hors intersection,Normale,Sans collision,,,,,,,,,,,1,2,1,1,7
200800003010,0008-01-06 19:45:00,8,1,6,19,45,340,172,"sans, EUROPE (AVENUE DE",43.63803,3.82252,Nuit avec éclairage allumé,En agglomération,Intersection en X,Temps couvert,Deux véhicules - frontale,,,,,,,,,,,5,2,2,8,1
200800003011,0008-01-08 12:35:00,8,1,8,12,35,340,172,"sans, SAINT CLEOPHAS (RU",43.59652,3.87312,Plein jour,En agglomération,Intersection en T,Normale,Deux véhicules - côté,,,,,,,,,,,1,2,3,1,3
200800003012,0008-01-10 12:20:00,8,1,10,12,20,340,172,ALGER (RUE D'),,,Plein jour,En agglomération,Intersection en X,Normale,Autre collision,,,,,,,,,,,1,2,2,1,6
200800003013,0008-01-11 08:15:00,8,1,11,8,15,340,172,"sans, VILLENEUVE-ANGOULE",43.59084,3.86602,Plein jour,En agglomération,Hors intersection,Normale,Deux véhicules - arrière,,,,,,,,,,,1,2,1,1,2
200800003014,0008-01-11 16:30:00,8,1,11,16,30,340,172,PIREE (AVENUE DU),43.60462,3.88988,Plein jour,En agglomération,Hors intersection,Normale,Deux véhicules - arrière,,,,,,,,,,,1,2,1,1,2
200800003015,0008-01-11 21:55:00,8,1,11,21,55,340,172,"234, DUBOUT (AVENUE ALBE",,,Nuit avec éclairage allumé,En agglomération,Intersection en T,Pluie légère,Autre collision,,,,,,,,,,,5,2,3,2,6
200800003016,0008-01-12 20:40:00,8,1,12,20,40,340,172,"78, FIGUEROLLES FAUBOURG",,,Nuit sans éclairage public,En agglomération,Intersection en T,Normale,Deux véhicules - côté,,,,,,,,,,,3,2,3,1,3
200800003017,0008-01-12 19:26:00,8,1,12,19,26,340,129,"0, CARNON (ROUTE DE  D21",43.57931,3.93221,Nuit sans éclairage public,Hors agglomération,Intersection en X,Normale,Deux véhicules - côté,,,,,,,,,,,3,1,2,1,3
200800003018,0008-01-13 18:48:00,8,1,13,18,48,340,172,"1577, MAURIN (AVENUE DE",,,Nuit avec éclairage allumé,En agglomération,Hors intersection,Normale,Trois véhicules et plus - collisions multiples,,,,,,,,,,,5,2,1,1,5
200800003019,0008-01-14 07:01:00,8,1,14,7,1,340,172,"sans, PAVELET (AVENUE DU",,,Nuit avec éclairage allumé,En agglomération,Intersection en X,Pluie légère,Deux véhicules - côté,,,,,,,,,,,5,2,2,2,3
200800003020,0008-01-14 19:35:00,8,1,14,19,35,340,172,"19, ORANGE (AVENUE RAIMB",,,Nuit avec éclairage allumé,En agglomération,Intersection en Y,Pluie légère,Deux véhicules - frontale,,,,,,,,,,,5,2,4,2,1
200800003021,0008-01-16 10:40:00,8,1,16,10,40,340,172,"330, CHATEAU D'O (AVENUE",,,Plein jour,En agglomération,Hors intersection,Normale,Deux véhicules - côté,,,,,,,,,,,1,2,1,1,3
200800003022,0008-01-18 11:05:00,8,1,18,11,5,340,172,"23, MICHEL (RUE ERNEST)",43.60171,3.87396,Plein jour,En agglomération,Intersection en T,Normale,Deux véhicules - côté,,,,,,,,,,,1,2,3,1,3
200800003023,0008-01-18 15:45:00,8,1,18,15,45,340,172,"sans, ZENITH (ROND POINT",,,Plein jour,Hors agglomération,Hors intersection,Normale,Sans collision,,,,,,,,,,,1,1,1,1,7
200800003024,0008-01-18 16:45:00,8,1,18,16,45,340,129,"sans, CARNON (ROUTE DE",,,Plein jour,Hors agglomération,Hors intersection,Normale,Sans collision,,,,,,,,,,,1,1,1,1,7
200800003025,0008-01-18 16:57:00,8,1,18,16,57,340,172,"1472, RIMBAUD (RUE PAUL)",,,Plein jour,En agglomération,Hors intersection,Normale,Deux véhicules - côté,,,,,,,,,,,1,2,1,1,3
200800003026,0008-01-21 08:20:00,8,1,21,8,20,340,172,"SANS, ALCO (ROND POINT D",,,Plein jour,En agglomération,Hors intersection,Normale,Deux véhicules - côté,,,,,,,,,,,1,2,1,1,3
200800003027,0008-01-22 11:30:00,8,1,22,11,30,340,172,"sans, GRANIER (ROND POIN",,,Plein jour,En agglomération,Giratoire,Normale,Deux véhicules - arrière,,,,,,,,,,,1,2,6,1,2
200800003028,0008-01-23 09:00:00,8,1,23,9,0,340,172,"1, OBSERVATOIRE (BOULEVA",,,Plein jour,En agglomération,Hors intersection,Normale,Autre collision,,,,,,,,,,,1,2,1,1,6
200800003029,0008-01-25 07:55:00,8,1,25,7,55,340,172,FIGUEROLLES CROIX DE,,,Plein jour,En agglomération,Hors intersection,Normale,Autre collision,,,,,,,,,,,1,2,1,1,6
200800003030,0008-01-25 11:25:00,8,1,25,11,25,340,172,MER (AVENUE DE LA),,,Plein jour,En agglomération,Hors intersection,Normale,Trois véhicules et plus - collisions multiples,,,,,,,,,,,1,2,1,1,5
200800003031,0008-01-24 20:40:00,8,1,24,20,40,340,172,"sans, GAULLE (ESPLANADE",,,Nuit avec éclairage allumé,En agglomération,Hors intersection,Normale,Sans collision,,,,,,,,,,,5,2,1,1,7
200800003032,0008-01-26 11:34:00,8,1,26,11,34,340,172,"1130, MERMOZ (AVENUE JEA",43.60953,3.89384,Plein jour,En agglomération,Hors intersection,Normale,Deux véhicules - arrière,,,,,,,,,,,1,2,1,1,2
200800003033,0008-01-28 08:00:00,8,1,28,8,0,340,172,"30, LODEVE (AVENUE DE",,,Plein jour,En agglomération,Intersection en T,Normale,Deux véhicules - côté,,,,,,,,,,,1,2,3,1,3
200800003034,0008-01-28 09:00:00,8,1,28,9,0,340,172,"sans, GAMBETTA (COURS)",,,Plein jour,En agglomération,Hors intersection,Normale,Deux véhicules - côté,,,,,,,,,,,1,2,1,1,3
200800003035,0008-01-29 09:00:00,8,1,29,9,0,340,172,"488, SOULAS (AVENUE DU P",,,Plein jour,En agglomération,Hors intersection,Temps couvert,Sans collision,,,,,,,,,,,1,2,1,8,7
200800003036,0008-01-29 08:30:00,8,1,29,8,30,340,172,"41, FAUBOURG SAINT JAUME",,,Plein jour,En agglomération,Hors intersection,Temps couvert,Deux véhicules - arrière,,,,,,,,,,,1,2,1,8,2
200800003037,0008-01-28 18:20:00,8,1,28,18,20,340,172,ALCO (RUE D',43.64119,3.84672,Nuit avec éclairage allumé,En agglomération,Intersection en X,Normale,Autre collision,,,,,,,,,,,5,2,2,1,6
200800003038,0008-01-29 21:25:00,8,1,29,21,25,340,172,"sans, SABATIER D'ESPEYRA",,,Nuit avec éclairage allumé,En agglomération,Intersection en Y,Normale,Deux véhicules - frontale,,,,,,,,,,,5,2,4,1,1
200800003039,0008-01-30 07:55:00,8,1,30,7,55,340,172,"81, CARRIEU (RUE MARIUS)",,,Crépuscule ou aube,En agglomération,Hors intersection,Normale,Deux véhicules - côté,,,,,,,,,,,2,2,1,1,3
200800003040,0008-01-30 18:20:00,8,1,30,18,20,340,172,"sans, MENDES FRANCE (AVE",,,Nuit avec éclairage allumé,Hors agglomération,Hors intersection,Normale,Deux véhicules - arrière,,,,,,,,,,,5,1,1,1,2
200800003041,0008-01-31 11:45:00,8,1,31,11,45,340,172,CHATEAU D'O (ROND-POINT,,,Plein jour,En agglomération,Giratoire,Normale,Autre collision,,,,,,,,,,,1,2,6,1,6
200800003042,0008-01-31 13:45:00,8,1,31,13,45,340,172,"sans, ONZE NOVEMBRE (PLA",,,Plein jour,En agglomération,Hors intersection,Normale,Sans collision,,,,,,,,,,,1,2,1,1,7
200800003043,0008-01-31 15:15:00,8,1,31,15,15,340,172,"SANS, VIALA (AVENUE PROF",,,Plein jour,En agglomération,Intersection en X,Normale,Deux véhicules - côté,,,,,,,,,,,1,2,2,1,3
200800003044,0008-01-31 17:10:00,8,1,31,17,10,340,172,"66, BALE (RUE DE)",,,Plein jour,En agglomération,Hors intersection,Normale,Sans collision,,,,,,,,,,,1,2,1,1,7
200800003045,0008-01-31 18:20:00,8,1,31,18,20,340,172,"SANS, LODEVE (AVENUE DE",,,Plein jour,En agglomération,Hors intersection,Normale,Deux véhicules - côté,,,,,,,,,,,1,2,1,1,3
200800003046,0008-01-31 19:09:00,8,1,31,19,9,340,172,"205, CHENAIE (RUE DE LA)",,,Crépuscule ou aube,En agglomération,Hors intersection,Normale,Deux véhicules - côté,,,,,,,,,,,2,2,1,1,3
200800003047,0008-01-31 12:15:00,8,1,31,12,15,340,172,ZEUS (PLACE),,,Plein jour,En agglomération,Hors intersection,Normale,Autre collision,,,,,,,,,,,1,2,1,1,6
200800003048,0008-01-24 21:50:00,8,1,24,21,50,350,115,"128, ROUSSIN (BOULEVARD",,,Nuit avec éclairage allumé,En agglomération,Hors intersection,Normale,Deux véhicules - côté,,,,,,,,,,,5,2,1,1,3
200800003049,0008-01-26 17:40:00,8,1,26,17,40,350,115,FORAIRIE (AVENUE DE LA),,,Nuit sans éclairage public,Hors agglomération,Hors intersection,Normale,Deux véhicules - frontale,,,,,,,,,,,3,1,1,1,1
200800003050,0008-01-03 08:35:00,8,1,3,8,35,350,238,"00, SAINT-HELIER",,,Plein jour,En agglomération,Intersection en X,Temps couvert,Autre collision,,,,,,,,,,,1,2,2,8,6
200800003051,0008-01-04 18:05:00,8,1,4,18,5,350,238,"00, MALAKOFF",,,Nuit avec éclairage allumé,En agglomération,Intersection en X,Pluie légère,Deux véhicules - frontale,,,,,,,,,,,5,2,2,2,1
200800003052,0008-01-05 11:00:00,8,1,5,11,0,350,238,"00, ROCHESTER (AVENUE DE",,,Plein jour,En agglomération,Hors intersection,Normale,Autre collision,,,,,,,,,,,1,2,1,1,6
200800003053,0008-01-09 11:45:00,8,1,9,11,45,350,238,"00, YOUGOSLAVIE (BD DE)",,,Plein jour,En agglomération,Intersection en X,Normale,Deux véhicules - côté,,,,,,,,,,,1,2,2,1,3
200800003054,0008-01-10 06:50:00,8,1,10,6,50,350,238,PORTE DE ST MALO,,,Nuit sans éclairage public,Hors agglomération,Hors intersection,Pluie légère,Deux véhicules - frontale,,,,,,,,,,,3,1,1,2,1