accident_id,datetime,annee,mois,jour,heure,minute,departement,commune_insee,adresse,latitude,longitude,luminosite,agglomeration,intersection,meteo,collision,nb_vehicules,nb_usagers,nb_indemnes,nb_tues,nb_blesses_hosp,nb_blesses_legers,age_cond_1,age_cond_2,veh_type_cond_1,veh_type_cond_2,lum_code,agg_code,int_code,atm_code,col_code
200800003055,0008-01-10 07:45:00,8,1,10,7,45,350,238,"00, PORTE DU BLOSNE",,,Nuit sans éclairage public,Hors agglomération,Hors intersection,Pluie légère,Deux véhicules - arrière,,,,,,,,,,,3,1,1,2,2
200800003056,0008-01-10 18:15:00,8,1,10,18,15,350,238,"00, MITTERAND (MAIL FRAN",,,Nuit avec éclairage allumé,En agglomération,Hors intersection,Temps couvert,Deux véhicules - côté,,,,,,,,,,,5,2,1,8,3
200800003057,0008-01-11 01:58:00,8,1,11,1,58,350,238,"00, SOLFERINO (BD)",,,Nuit avec éclairage allumé,En agglomération,Intersection en X,Pluie légère,Sans collision,,,,,,,,,,,5,2,2,2,7
200800003058,0008-01-11 08:00:00,8,1,11,8,0,350,281,"150, DODIN (AVENUE ROGER",,,Nuit avec éclairage non allumé,En agglomération,Giratoire,Pluie forte,Autre collision,,,,,,,,,,,4,2,6,3,6
200800003059,0008-01-11 18:20:00,8,1,11,18,20,350,238,"00, NANTES (DE)",,,Nuit avec éclairage allumé,En agglomération,Intersection en T,Pluie forte,Autre collision,,,,,,,,,,,5,2,3,3,6
200800003060,0008-01-12 01:20:00,8,1,12,1,20,350,238,"8 bis, CHATEAUGIRON (DE)",,,Nuit avec éclairage allumé,En agglomération,Hors intersection,Pluie légère,Autre collision,,,,,,,,,,,5,2,1,2,6
200800003061,0008-01-12 04:00:00,8,1,12,4,0,350,238,"00, SAINT-BRIEUC (DE)",,,Nuit avec éclairage allumé,En agglomération,Giratoire,Normale,Sans collision,,,,,,,,,,,5,2,6,1,7
200800003062,0008-01-12 21:45:00,8,1,12,21,45,350,281,"00, RD 177",,,Nuit avec éclairage allumé,En agglomération,Intersection en T,Pluie forte,Deux véhicules - arrière,,,,,,,,,,,5,2,3,3,2
200800003063,0008-01-14 07:50:00,8,1,14,7,50,350,238,"00, SERGENT MAGINOT (PAS",,,Nuit avec éclairage allumé,En agglomération,Hors intersection,Normale,Autre collision,,,,,,,,,,,5,2,1,1,6
200800003064,0008-01-14 09:20:00,8,1,14,9,20,350,238,ROCADE 6-7,,,Plein jour,Hors agglomération,Hors intersection,Pluie légère,Trois véhicules et plus - en chaîne,,,,,,,,,,,1,1,1,2,4
200800003065,0008-01-13 20:45:00,8,1,13,20,45,350,238,"00, PORTUGAL (BD DU)",,,Nuit avec éclairage allumé,En agglomération,Intersection en X,Normale,Deux véhicules - côté,,,,,,,,,,,5,2,2,1,3
200800003066,0008-01-16 12:25:00,8,1,16,12,25,350,238,"00, PORTE DE BREQUIGNY",,,Plein jour,En agglomération,Hors intersection,Normale,Sans collision,,,,,,,,,,,1,2,1,1,7
200800003067,0008-01-16 13:30:00,8,1,16,13,30,350,238,"00, VILLEBOIS MAREUIL (B",,,Plein jour,En agglomération,Giratoire,Temps éblouissant,Deux véhicules - côté,,,,,,,,,,,1,2,6,7,3
200800003068,0008-01-17 16:45:00,8,1,17,16,45,350,238,ROCADE 10-11,,,Plein jour,Hors agglomération,Hors intersection,Pluie légère,Deux véhicules - arrière,,,,,,,,,,,1,1,1,2,2
200800003069,0008-01-17 18:20:00,8,1,17,18,20,350,238,"50, MANOIR DE SERVIGNE (",,,Nuit avec éclairage allumé,En agglomération,Hors intersection,Normale,Deux véhicules - frontale,,,,,,,,,,,5,2,1,1,1
200800003070,0008-01-18 03:40:00,8,1,18,3,40,350,238,"237, LECLERC (AVENUE DU",,,Nuit avec éclairage allumé,En agglomération,Hors intersection,Normale,Sans collision,,,,,,,,,,,5,2,1,1,7
200800003071,0008-01-18 09:15:00,8,1,18,9,15,350,238,"20, CHALOTAIS (DE LA )",,,Plein jour,En agglomération,Hors intersection,Temps couvert,Autre collision,,,,,,,,,,,1,2,1,8,6
200800003072,0008-01-19 13:30:00,8,1,19,13,30,350,238,"00, ALMA (DE L')",,,Plein jour,En agglomération,Intersection en X,Normale,Deux véhicules - côté,,,,,,,,,,,1,2,2,1,3
200800003073,0008-01-19 20:25:00,8,1,19,20,25,350,238,"00, FREVILLE (AVENUE HEN",,,Nuit avec éclairage allumé,En agglomération,Intersection en X,Normale,Deux véhicules - côté,,,,,,,,,,,5,2,2,1,3
200800003074,0008-01-21 08:30:00,8,1,21,8,30,350,238,"00, PORTE DE BREQUIGNY",,,Plein jour,Hors agglomération,Hors intersection,Normale,Deux véhicules - arrière,,,,,,,,,,,1,1,1,1,2
200800003075,0008-01-21 12:25:00,8,1,21,12,25,350,238,"00, TREGAIN (DE)",,,Plein jour,En agglomération,Hors intersection,Normale,Deux véhicules - côté,,,,,,,,,,,1,2,1,1,3
200800003076,0008-01-22 08:30:00,8,1,22,8,30,350,278,"00, RN 137",,,Plein jour,Hors agglomération,Hors intersection,Normale,Trois véhicules et plus - en chaîne,,,,,,,,,,,1,1,1,1,4
200800003077,0008-01-23 05:45:00,8,1,23,5,45,350,55,"00, BONNIN ANDRE (AVENUE",,,Nuit sans éclairage public,En agglomération,Hors intersection,Normale,Sans collision,,,,,,,,,,,3,2,1,1,7
200800003078,0008-01-25 10:00:00,8,1,25,10,0,350,238,"00, TRONJOLLY",,,Plein jour,En agglomération,Hors intersection,Normale,Autre collision,,,,,,,,,,,1,2,1,1,6
200800003079,0008-01-25 14:25:00,8,1,25,14,25,350,238,"00, VERN (DE)",,,Plein jour,En agglomération,Giratoire,Normale,Deux véhicules - côté,,,,,,,,,,,1,2,6,1,3
200800003080,0008-01-25 20:15:00,8,1,25,20,15,350,238,"00, VERN (DE)",,,Nuit avec éclairage allumé,En agglomération,Intersection en T,Normale,Deux véhicules - côté,,,,,,,,,,,5,2,3,1,3
200800003081,0008-01-26 08:30:00,8,1,26,8,30,350,238,"00, LEGRAVEREND",,,Plein jour,En agglomération,Intersection en X,Normale,Deux véhicules - côté,,,,,,,,,,,1,2,2,1,3
200800003082,0008-01-26 09:00:00,8,1,26,9,0,350,238,"254, NANTES (DE)",,,Plein jour,En agglomération,Hors intersection,Normale,Autre collision,,,,,,,,,,,1,2,1,1,6
200800003083,0008-01-28 07:45:00,8,1,28,7,45,350,238,"00, CLEMENCEAU (BD GEORG",,,Nuit avec éclairage allumé,En agglomération,Intersection en X,Temps couvert,Autre collision,,,,,,,,,,,5,2,2,8,6
200800003084,0008-01-28 08:10:00,8,1,28,8,10,350,238,"00, FOUGERES (ROUTE DE)",,,Plein jour,En agglomération,Intersection en T,Brouillard / fumée,Deux véhicules - côté,,,,,,,,,,,1,2,3,5,3
200800003085,0008-01-28 09:05:00,8,1,28,9,5,350,238,"00, CEVENNES (ALLEE DES)",,,Plein jour,En agglomération,Hors intersection,Brouillard / fumée,Sans collision,,,,,,,,,,,1,2,1,5,7
200800003086,0008-01-28 10:25:00,8,1,28,10,25,350,238,"00, PORTE DE BREQUIGNY",,,Plein jour,Hors agglomération,Hors intersection,Brouillard / fumée,Autre collision,,,,,,,,,,,1,1,1,5,6
200800003087,0008-01-28 13:40:00,8,1,28,13,40,350,281,"00, RD 837",,,Plein jour,Hors agglomération,Intersection en X,Normale,Deux véhicules - arrière,,,,,,,,,,,1,1,2,1,2
200800003088,0008-01-28 16:55:00,8,1,28,16,55,350,238,"9, FELIX EBOUE (GOUVERNE",,,Plein jour,En agglomération,Hors intersection,Normale,Autre collision,,,,,,,,,,,1,2,1,1,6
200800003089,0008-01-29 07:45:00,8,1,29,7,45,350,238,"00, DE GAULLE (ESPLANADE",,,Nuit avec éclairage allumé,En agglomération,Hors intersection,Brouillard / fumée,Deux véhicules - frontale,,,,,,,,,,,5,2,1,5,1
200800003090,0008-01-29 13:20:00,8,1,29,13,20,350,238,"00, SAINT-BRIEUC (DE)",,,Plein jour,En agglomération,Giratoire,Normale,Deux véhicules - côté,,,,,,,,,,,1,2,6,1,3
200800003091,0008-01-29 18:00:00,8,1,29,18,0,350,238,"00, CHATEAUGIRON (DE)",,,Plein jour,En agglomération,Intersection en T,Normale,Deux véhicules - côté,,,,,,,,,,,1,2,3,1,3
200800003092,0008-01-29 19:40:00,8,1,29,19,40,350,238,"00, JOFFRE ( DU MARECHAL",,,Nuit avec éclairage allumé,En agglomération,Intersection en X,Normale,Sans collision,,,,,,,,,,,5,2,2,1,7
200800003093,0008-01-30 08:35:00,8,1,30,8,35,350,281,"30, HAIE-DES-COGNETS (BO",,,Plein jour,En agglomération,Hors intersection,Pluie légère,Deux véhicules - côté,,,,,,,,,,,1,2,1,2,3
200800003094,0008-01-30 09:00:00,8,1,30,9,0,350,238,"8, LAENNEC (BD RENE)",,,Plein jour,En agglomération,Hors intersection,Pluie légère,Deux véhicules - côté,,,,,,,,,,,1,2,1,2,3
200800003095,0008-01-30 12:40:00,8,1,30,12,40,350,238,"28, LICES (PLACE DES)",,,Plein jour,En agglomération,Intersection en T,Pluie légère,Sans collision,,,,,,,,,,,1,2,3,2,7
200800003096,0008-01-30 16:30:00,8,1,30,16,30,350,238,"06, ROBIQUETTE ( BOULEVA",,,Plein jour,En agglomération,Intersection en T,Normale,Deux véhicules - côté,,,,,,,,,,,1,2,3,1,3
200800003097,0008-01-30 20:05:00,8,1,30,20,5,350,238,"54, LORIENT (DE)",,,Nuit sans éclairage public,En agglomération,Hors intersection,Normale,Deux véhicules - côté,,,,,,,,,,,3,2,1,1,3
200800003098,0008-01-08 19:25:00,8,1,8,19,25,350,288,GREVES DE CHASLES (CARRE,,,Nuit avec éclairage allumé,En agglomération,Giratoire,Normale,Deux véhicules - arrière,,,,,,,,,,,5,2,6,1,2
200800003099,0008-01-12 12:40:00,8,1,12,12,40,350,288,FLAUBERT GUSTAVE (RUE),,,Plein jour,En agglomération,Hors intersection,Normale,Autre collision,,,,,,,,,,,1,2,1,1,6
200800003100,0008-01-12 16:40:00,8,1,12,16,40,350,288,"000, BALUE (RUE DE LA)",,,Plein jour,En agglomération,Intersection en T,Pluie légère,Autre collision,,,,,,,,,,,1,2,3,2,6
200800003101,0008-01-10 10:30:00,8,1,10,10,30,350,288,SCHUMANN (DU PRESIDENT R,,,Plein jour,En agglomération,Hors intersection,Pluie légère,Deux véhicules - arrière,,,,,,,,,,,1,2,1,2,2
200800003102,0008-01-15 16:55:00,8,1,15,16,55,350,288,BALUE (RUE DE LA),,,Plein jour,En agglomération,Hors intersection,Pluie légère,Autre collision,,,,,,,,,,,1,2,1,2,6
200800003103,0008-01-20 16:30:00,8,1,20,16,30,350,288,COMPTOIRS (AVENUE DES ),,,Plein jour,En agglomération,Hors intersection,Normale,Deux véhicules - côté,,,,,,,,,,,1,2,1,1,3
200800003104,0008-01-21 18:40:00,8,1,21,18,40,350,288,"30B, MARNE (RUE DE LA)",,,Crépuscule ou aube,En agglomération,Hors intersection,Normale,Autre collision,,,,,,,,,,,2,2,1,1,6
200800003105,0008-01-26 23:35:00,8,1,26,23,35,350,288,"000, TABARLY ERIC  (CHAU",,,Nuit avec éclairage allumé,En agglomération,Hors intersection,Autre,Sans collision,,,,,,,,,,,5,2,1,9,7
200800003106,0008-01-30 19:00:00,8,1,30,19,0,350,288,VERCEL (ROGER) RUE,,,Nuit avec éclairage allumé,En agglomération,Intersection en T,Normale,Deux véhicules - côté,,,,,,,,,,,5,2,3,1,3
200800003107,0008-01-02 18:25:00,8,1,2,18,25,360,44,"134, DE GAULLE (AVENUE D",,,Crépuscule ou aube,En agglomération,Hors intersection,Normale,Sans collision,,,,,,,,,,,2,2,1,1,7
200800003108,0008-01-03 10:45:00,8,1,3,10,45,360,44,"23, LUC (ST)",,,Plein jour,En agglomération,Hors intersection,Normale,Deux véhicules - côté,,,,,,,,,,,1,2,1,1,3
200800003109,0008-01-07 10:46:00,8,1,7,10,46,360,44,BOURGOGNE (DE),,,Plein jour,En agglomération,Intersection en T,Pluie légère,Sans collision,,,,,,,,,,,1,2,3,2,7
200800003110,0008-01-04 12:30:00,8,1,4,12,30,360,44,"0, MARINS (AV DES)",,,Plein jour,En agglomération,Intersection en X,Normale,Deux véhicules - côté,,,,,,,,,,,1,2,2,1,3
200800003111,0008-01-05 17:14:00,8,1,5,17,14,360,44,"28, ECOLE NORMALE (BOULE",,,Plein jour,En agglomération,Hors intersection,Normale,Autre collision,,,,,,,,,,,1,2,1,1,6
200800003112,0008-01-08 13:50:00,8,1,8,13,50,360,44,ARGENTON (AV D'),,,Plein jour,En agglomération,Hors intersection,Pluie légère,Sans collision,,,,,,,,,,,1,2,1,2,7
200800003113,0008-01-06 13:50:00,8,1,6,13,50,360,44,ARGENTON (AV D'),,,Plein jour,En agglomération,Hors intersection,Pluie légère,Autre collision,,,,,,,,,,,1,2,1,2,6
200800003114,0008-01-26 12:50:00,8,1,26,12,50,360,44,"182, LEMOINE (AV MARCEL)",,,Plein jour,En agglomération,Hors intersection,Normale,Deux véhicules - côté,,,,,,,,,,,1,2,1,1,3
200800003115,0008-01-30 17:15:00,8,1,30,17,15,360,44,ALGERIE (ROND POINT DU 1,,,Plein jour,En agglomération,Giratoire,Pluie légère,Sans collision,,,,,,,,,,,1,2,6,2,7
200800003116,0008-01-11 10:35:00,8,1,11,10,35,360,44,"33, POSTE (DE LA)",,,Plein jour,En agglomération,Hors intersection,Normale,Autre collision,,,,,,,,,,,1,2,1,1,6
200800003117,0008-01-14 12:20:00,8,1,14,12,20,360,63,"109, VILLERS (RTE DE)",,,Plein jour,Hors agglomération,Hors intersection,Normale,Deux véhicules - arrière,,,,,,,,,,,1,1,1,1,2
200800003118,0008-01-18 16:20:00,8,1,18,16,20,360,44,"17, LEMOINE (AV MARCEL)",,,Plein jour,En agglomération,Hors intersection,Pluie légère,Deux véhicules - arrière,,,,,,,,,,,1,2,1,2,2
200800003119,0008-01-19 21:20:00,8,1,19,21,20,360,44,"1, FIACRE (ST)",,,Nuit sans éclairage public,En agglomération,Intersection en T,Normale,Deux véhicules - côté,,,,,,,,,,,3,2,3,1,3
200800003120,0008-01-21 19:30:00,8,1,21,19,30,360,44,LEMOINE (AV MARCEL) DU 5,,,Nuit avec éclairage allumé,En agglomération,Hors intersection,Normale,Deux véhicules - côté,,,,,,,,,,,5,2,1,1,3
200800003121,0008-01-25 11:22:00,8,1,25,11,22,360,44,TOLIERE (ALL DE),,,Plein jour,En agglomération,Hors intersection,Normale,Deux véhicules - côté,,,,,,,,,,,1,2,1,1,3
200800003122,0008-01-28 19:15:00,8,1,28,19,15,360,44,"1, TOURS (AV DE)",,,Nuit avec éclairage allumé,En agglomération,Hors intersection,Normale,Deux véhicules - arrière,,,,,,,,,,,5,2,1,1,2
200800003123,0008-01-30 11:15:00,8,1,30,11,15,360,159,"1, CHARBONNIERE (RUE)",,,Plein jour,En agglomération,Intersection en T,Normale,Sans collision,,,,,,,,,,,1,2,3,1,7
200800003124,0008-01-31 10:16:00,8,1,31,10,16,360,44,MARINS (BD DES),,,Plein jour,En agglomération,Intersection en T,Normale,Trois véhicules et plus - collisions multiples,,,,,,,,,,,1,2,3,1,5
200800003125,0008-01-09 08:20:00,8,1,9,8,20,370,233,FARGES (AVENUE YVES),,,Plein jour,En agglomération,Hors intersection,Normale,Deux véhicules - arrière,,,,,,,,,,,1,2,1,1,2
200800003126,0008-01-09 15:15:00,8,1,9,15,15,370,122,"35, DOUZILLIERE (RUE DE",,,Plein jour,En agglomération,Intersection en T,Normale,Autre collision,,,,,,,,,,,1,2,3,1,6
200800003127,0008-01-13 14:30:00,8,1,13,14,30,370,233,PERI (RUE GABRIEL),,,Plein jour,En agglomération,Hors intersection,Normale,Deux véhicules - frontale,,,,,,,,,,,1,2,1,1,1
200800003128,0008-01-09 15:40:00,8,1,9,15,40,370,261,BREGUET (RUE LOUIS),,,Plein jour,En agglomération,Intersection en X,Normale,Deux véhicules - côté,,,,,,,,,,,1,2,2,1,3
200800003129,0008-01-10 16:35:00,8,1,10,16,35,370,261,MAINE (RUE DU),,,Plein jour,En agglomération,Intersection en X,Normale,Deux véhicules - côté,,,,,,,,,,,1,2,2,1,3
200800003130,0008-01-16 19:45:00,8,1,16,19,45,370,261,GRANDIERE (RUE DE LA),,,Nuit avec éclairage allumé,En agglomération,Intersection en X,Pluie légère,Deux véhicules - côté,,,,,,,,,,,5,2,2,2,3
200800003131,0008-01-25 08:10:00,8,1,25,8,10,370,122,CERCELE (RUE),,,Crépuscule ou aube,En agglomération,Intersection en T,Brouillard / fumée,Deux véhicules - côté,,,,,,,,,,,2,2,3,5,3
200800003132,0008-01-23 16:55:00,8,1,23,16,55,370,261,HEURTELOUP (BOULEVARD),,,Plein jour,En agglomération,Hors intersection,Normale,Deux véhicules - arrière,,,,,,,,,,,1,2,1,1,2
200800003133,0008-01-30 12:10:00,8,1,30,12,10,370,261,"66, HEURTELOUP (BOULEVAR",,,Plein jour,En agglomération,Intersection en X,Autre,Autre collision,,,,,,,,,,,1,2,2,9,6
200800003134,0008-01-14 17:15:00,8,1,14,17,15,370,261,BERGEONNERIE (RUE DE LA),,,Crépuscule ou aube,En agglomération,Intersection en X,Normale,Autre collision,,,,,,,,,,,2,2,2,1,6
200800003135,0008-01-30 04:35:00,8,1,30,4,35,370,261,GRAMMONT (AVENUE DE),,,Nuit avec éclairage allumé,En agglomération,Hors intersection,Normale,Sans collision,,,,,,,,,,,5,2,1,1,7
200800003136,0008-01-02 08:10:00,8,1,2,8,10,380,185,"00, JEAN PERROT (AVENUE)",,,Crépuscule ou aube,En agglomération,Hors intersection,Normale,Autre collision,,,,,,,,,,,2,2,1,1,6
200800003137,0008-01-03 17:00:00,8,1,3,17,0,380,421,"111, PERI (AVENUE G.)",,,Nuit avec éclairage non allumé,En agglomération,Hors intersection,Normale,Deux véhicules - côté,,,,,,,,,,,4,2,1,1,3
200800003138,0008-01-03 19:10:00,8,1,3,19,10,380,185,"00, CATANE (PONT DE)",,,Nuit avec éclairage allumé,En agglomération,Hors intersection,Normale,Deux véhicules - côté,,,,,,,,,,,5,2,1,1,3
200800003139,0008-01-04 14:15:00,8,1,4,14,15,380,185,"22, AVENUE DE VALMY",,,Plein jour,En agglomération,Hors intersection,Normale,Autre collision,,,,,,,,,,,1,2,1,1,6
200800003140,0008-01-05 21:40:00,8,1,5,21,40,380,169,"36, AVENUE DU VERCORS",,,Nuit avec éclairage allumé,En agglomération,Hors intersection,Pluie légère,Autre collision,,,,,,,,,,,5,2,1,2,6
200800003141,0008-01-06 23:00:00,8,1,6,23,0,380,185,"31, ROUTE DE LYON",,,Nuit avec éclairage allumé,En agglomération,Hors intersection,Normale,Deux véhicules - arrière,,,,,,,,,,,5,2,1,1,2
200800003142,0008-01-08 16:50:00,8,1,8,16,50,380,185,"00, RUE DE STALINGRAD",,,Plein jour,En agglomération,Hors intersection,Normale,Deux véhicules - côté,,,,,,,,,,,1,2,1,1,3
200800003143,0008-01-09 16:00:00,8,1,9,16,0,380,185,"121, COURS DE LA LIBÉRAT",,,Plein jour,En agglomération,Hors intersection,Pluie légère,Deux véhicules - arrière,,,,,,,,,,,1,2,1,2,2
200800003144,0008-01-09 18:15:00,8,1,9,18,15,380,185,"00, AVENUE PAUL VERLAINE",,,Nuit avec éclairage allumé,En agglomération,Hors intersection,Pluie légère,Deux véhicules - côté,,,,,,,,,,,5,2,1,2,3
200800003145,0008-01-10 10:50:00,8,1,10,10,50,380,516,"00, CARREFOUR DE L'EUROP",,,Plein jour,Hors agglomération,Autre intersection,Pluie légère,Deux véhicules - côté,,,,,,,,,,,1,1,9,2,3
200800003146,0008-01-12 19:30:00,8,1,12,19,30,380,151,"00, AVENUE DU 8 MAI 1945",,,Nuit avec éclairage allumé,En agglomération,Hors intersection,Normale,Autre collision,,,,,,,,,,,5,2,1,1,6
200800003147,0008-01-15 11:15:00,8,1,15,11,15,380,185,"1, PLACE DOCTEUR LEON MA",,,Plein jour,En agglomération,Hors intersection,Normale,Autre collision,,,,,,,,,,,1,2,1,1,6
200800003148,0008-01-15 15:10:00,8,1,15,15,10,380,169,"0, RUE CHARLES MICHELS",,,Plein jour,En agglomération,Intersection en X,Normale,Autre collision,,,,,,,,,,,1,2,2,1,6
200800003149,0008-01-16 12:11:00,8,1,16,12,11,380,421,"., AVENUE DU BATAILLON C",,,Plein jour,En agglomération,Intersection en X,Normale,Deux véhicules - frontale,,,,,,,,,,,1,2,2,1,1
200800003150,0008-01-17 15:20:00,8,1,17,15,20,380,185,"0, AVENUE D'INNSBRUCK",,,Plein jour,En agglomération,Hors intersection,Normale,Autre collision,,,,,,,,,,,1,2,1,1,6
200800003151,0008-01-19 06:45:00,8,1,19,6,45,380,382,99 VOIE NON IDENTIFIEE,,,Nuit sans éclairage public,Hors agglomération,Hors intersection,Normale,Deux véhicules - arrière,,,,,,,,,,,3,1,1,1,2
200800003152,0008-01-19 20:20:00,8,1,19,20,20,380,185,PONT DE CATANE,,,Nuit sans éclairage public,Hors agglomération,Hors intersection,Normale,Autre collision,,,,,,,,,,,3,1,1,1,6
200800003153,0008-01-22 12:05:00,8,1,22,12,5,380,185,"9, BOULEVARD CLEMENCEAU",,,Plein jour,En agglomération,Hors intersection,Normale,Deux véhicules - côté,,,,,,,,,,,1,2,1,1,3
200800003154,0008-01-22 08:20:00,8,1,22,8,20,380,421,AVENUE DE LA MOGNE,,,Plein jour,En agglomération,Hors intersection,Pluie légère,Deux véhicules - frontale,,,,,,,,,,,1,2,1,2,1
200800003155,0008-01-23 15:45:00,8,1,23,15,45,380,151,"00, AVENUE DE GRUGLIASCO",,,Plein jour,En agglomération,Hors intersection,Normale,Autre collision,,,,,,,,,,,1,2,1,1,6
200800003156,0008-01-25 07:30:00,8,1,25,7,30,380,169,"00, AVENUE AMBROISE CROI",,,Plein jour,En agglomération,Hors intersection,Normale,Autre collision,,,,,,,,,,,1,2,1,1,6
200800003157,0008-01-28 12:10:00,8,1,28,12,10,380,185,"00, COURS BERRIAT",,,Plein jour,En agglomération,Hors intersection,Normale,Deux véhicules - côté,,,,,,,,,,,1,2,1,1,3
200800003158,0008-01-25 16:30:00,8,1,25,16,30,380,185,"00, AVENUE RHIN ET DANUB",,,Plein jour,En agglomération,Hors intersection,Normale,Deux véhicules - côté,,,,,,,,,,,1,2,1,1,3
200800003159,0008-01-26 11:40:00,8,1,26,11,40,380,185,"00, RUE COMMANDANT L'HER",,,Plein jour,En agglomération,Hors intersection,Normale,Deux véhicules - côté,,,,,,,,,,,1,2,1,1,3
200800003160,0008-01-27 21:45:00,8,1,27,21,45,380,185,"00, AVENUE JEAN PERROT",,,Nuit avec éclairage allumé,En agglomération,Hors intersection,Normale,Deux véhicules - côté,,,,,,,,,,,5,2,1,1,3
200800003161,0008-01-29 15:30:00,8,1,29,15,30,380,421,AVENUE JACQUES PRÉVERT,,,Plein jour,En agglomération,Giratoire,Normale,Deux véhicules - côté,,,,,,,,,,,1,2,6,1,3
200800003162,0008-01-31 18:20:00,8,1,31,18,20,380,423,"00, RUE CONRAD KILLIAN",,,Plein jour,En agglomération,Hors intersection,Normale,Deux véhicules - côté,,,,,,,,,,,1,2,1,1,3
200800003163,0008-01-10 14:07:00,8,1,10,14,7,380,544,"44/46, CHARLEMAGNE(MONTE",,,Plein jour,En agglomération,Hors intersection,Normale,Deux véhicules - arrière,,,,,,,,,,,1,2,1,1,2
200800003164,0008-01-21 08:25:00,8,1,21,8,25,380,563,"12, BECQUART-CASTELBON (",,,Plein jour,En agglomération,Hors intersection,Normale,Sans collision,,,,,,,,,,,1,2,1,1,7
200800003165,0008-01-25 21:20:00,8,1,25,21,20,380,563,rocade ouest,,,Nuit sans éclairage public,Hors agglomération,Hors intersection,Normale,Deux véhicules - frontale,,,,,,,,,,,3,1,1,1,1
200800003166,0008-01-30 07:00:00,8,1,30,7,0,380,563,"2, SEMARD (PLACE P.)",,,Nuit sans éclairage public,En agglomération,Hors intersection,Pluie légère,Autre collision,,,,,,,,,,,3,2,1,2,6
200800003167,0008-01-25 16:25:00,8,1,25,16,25,390,198,DUHAMEL (AVENUE JACQUES),,,Plein jour,En agglomération,Hors intersection,Temps éblouissant,Autre collision,,,,,,,,,,,1,2,1,7,6
200800003168,0008-01-24 18:15:00,8,1,24,18,15,390,411,"316, CONLIEGE (ROUTE DE)",,,Nuit avec éclairage allumé,En agglomération,Hors intersection,Normale,Autre collision,,,,,,,,,,,5,2,1,1,6
200800003169,0008-01-27 05:45:00,8,1,27,5,45,390,362,"40, PASTEUR (AVENUE) N°",,,Nuit avec éclairage allumé,En agglomération,Hors intersection,Normale,Autre collision,,,,,,,,,,,5,2,1,1,6
200800003170,0008-01-25 18:00:00,8,1,25,18,0,390,300,SALINES (RUE DES),,,Nuit avec éclairage allumé,En agglomération,Hors intersection,Normale,Deux véhicules - côté,,,,,,,,,,,5,2,1,1,3
200800003171,0008-01-07 16:25:00,8,1,7,16,25,400,88,ASPREMONT (RUE D') (PONT,,,Plein jour,En agglomération,Hors intersection,Temps couvert,Deux véhicules - côté,,,,,,,,,,,1,2,1,8,3
200800003172,0008-01-10 07:50:00,8,1,10,7,50,400,88,CHAULET (RUE GEORGES),,,Nuit avec éclairage allumé,En agglomération,Hors intersection,Brouillard / fumée,Autre collision,,,,,,,,,,,5,2,1,5,6
200800003173,0008-01-26 02:20:00,8,1,26,2,20,400,88,CAZADE (RUE),,,Nuit avec éclairage allumé,En agglomération,Intersection en X,Normale,Deux véhicules - côté,,,,,,,,,,,5,2,2,1,3
200800003174,0008-01-31 13:55:00,8,1,31,13,55,400,88,EPARGNE (RUE DE L'),,,Plein jour,En agglomération,Hors intersection,Normale,Deux véhicules - côté,,,,,,,,,,,1,2,1,1,3
200800003175,0008-01-03 07:40:00,8,1,3,7,40,400,281,ROCADE OUEST (RN 134),,,Nuit sans éclairage public,En agglomération,Hors intersection,Pluie légère,Trois véhicules et plus - collisions multiples,,,,,,,,,,,3,2,1,2,5
200800003176,0008-01-13 07:25:00,8,1,13,7,25,400,281,ROCADE SUD (RN 124 E),,,Nuit sans éclairage public,Hors agglomération,Hors intersection,Normale,Deux véhicules - frontale,,,,,,,,,,,3,1,1,1,1
200800003177,0008-01-21 07:45:00,8,1,21,7,45,400,192,ARAMIS (RUE),,,Crépuscule ou aube,En agglomération,Intersection en T,Normale,Deux véhicules - côté,,,,,,,,,,,2,2,3,1,3
200800003178,0008-01-07 14:00:00,8,1,7,14,0,410,18,PONT DU GAST (RUE DU),,,Plein jour,En agglomération,Hors intersection,Normale,Autre collision,,,,,,,,,,,1,2,1,1,6
200800003179,0008-01-07 17:10:00,8,1,7,17,10,410,18,"0.00, NAU (RUE ROBERT)",,,Crépuscule ou aube,Hors agglomération,Intersection en X,Normale,Deux véhicules - côté,,,,,,,,,,,2,1,2,1,3
200800003180,0008-01-12 15:15:00,8,1,12,15,15,410,18,PAPIN (RUE DENIS),,,Plein jour,En agglomération,Intersection en X,Normale,Trois véhicules et plus - collisions multiples,,,,,,,,,,,1,2,2,1,5
200800003181,0008-01-14 17:50:00,8,1,14,17,50,410,18,BESNARD (QUAI ULYSSE),,,Nuit avec éclairage allumé,En agglomération,Hors intersection,Normale,Deux véhicules - côté,,,,,,,,,,,5,2,1,1,3
200800003182,0008-01-21 08:35:00,8,1,21,8,35,410,212,D 956,,,Plein jour,En agglomération,Hors intersection,Normale,Deux véhicules - côté,,,,,,,,,,,1,2,1,1,3
200800003183,0008-01-28 12:20:00,8,1,28,12,20,410,18,CITES UNIES (BOULEVARD D,,,Plein jour,En agglomération,Hors intersection,Normale,Deux véhicules - côté,,,,,,,,,,,1,2,1,1,3
200800003184,0008-01-31 19:00:00,8,1,31,19,0,410,18,AZIN (RUE DE L'),,,Nuit avec éclairage allumé,En agglomération,Hors intersection,Pluie légère,Autre collision,,,,,,,,,,,5,2,1,2,6