accident_id,datetime,annee,mois,jour,heure,minute,departement,commune_insee,adresse,latitude,longitude,luminosite,agglomeration,intersection,meteo,collision,nb_vehicules,nb_usagers,nb_indemnes,nb_tues,nb_blesses_hosp,nb_blesses_legers,age_cond_1,age_cond_2,veh_type_cond_1,veh_type_cond_2,lum_code,agg_code,int_code,atm_code,col_code
200800003445,0008-01-11 19:50:00,8,1,11,19,50,920,40,PAIX (AVENUE DE LA),,,Nuit avec éclairage allumé,En agglomération,Intersection en X,Temps couvert,Deux véhicules - côté,,,,,,,,,,,5,2,2,8,3
200800003446,0008-01-12 17:10:00,8,1,12,17,10,920,40,"4, VICTOR CRESSON (AVENU",,,Crépuscule ou aube,En agglomération,Hors intersection,Normale,Autre collision,,,,,,,,,,,2,2,1,1,6
200800003447,0008-01-15 08:00:00,8,1,15,8,0,920,40,"72, GALLIENI (BOULEVARD)",,,Nuit avec éclairage allumé,En agglomération,Hors intersection,Vent fort / tempête,Sans collision,,,,,,,,,,,5,2,1,6,7
200800003448,0008-01-23 12:17:00,8,1,23,12,17,920,40,"4, GARIBALDI (BOULEVARD)",,,Plein jour,En agglomération,Hors intersection,Normale,Deux véhicules - côté,,,,,,,,,,,1,2,1,1,3
200800003449,0008-01-25 12:30:00,8,1,25,12,30,920,40,"130, GENERAL DE GAULLE (",,,Plein jour,En agglomération,Intersection en X,Normale,Autre collision,,,,,,,,,,,1,2,2,1,6
200800003450,0008-01-03 09:50:00,8,1,3,9,50,920,44,"14 Bis, ANTONIN RAYNAUD(",,,Plein jour,En agglomération,Hors intersection,Pluie légère,Deux véhicules - frontale,,,,,,,,,,,1,2,1,2,1
200800003451,0008-01-08 18:10:00,8,1,8,18,10,920,44,"84, VILLIERS(RUE DE)  54",,,Nuit avec éclairage allumé,En agglomération,Hors intersection,Pluie légère,Deux véhicules - arrière,,,,,,,,,,,5,2,1,2,2
200800003452,0008-01-10 16:30:00,8,1,10,16,30,920,44,ARISTIDE BRIAND(RUE)85 +,,,Plein jour,En agglomération,Intersection en T,Normale,Deux véhicules - côté,,,,,,,,,,,1,2,3,1,3
200800003453,0008-01-17 16:10:00,8,1,17,16,10,920,44,LOUIS ROUQUIER (RUE)113+,,,Plein jour,En agglomération,Hors intersection,Temps couvert,Autre collision,,,,,,,,,,,1,2,1,8,6
200800003454,0008-01-04 12:15:00,8,1,4,12,15,920,44,MARJOLIN (RUE)15A45 ET 2,,,Plein jour,En agglomération,Intersection en X,Normale,Deux véhicules - côté,,,,,,,,,,,1,2,2,1,3
200800003455,0008-01-19 12:15:00,8,1,19,12,15,920,44,P.V.COUTURIER(RUE)65A79,,,Plein jour,En agglomération,Intersection en X,Normale,Deux véhicules - arrière,,,,,,,,,,,1,2,2,1,2
200800003456,0008-01-20 12:10:00,8,1,20,12,10,920,44,"114, J. GUESDE(RUE)71A10",,,Plein jour,En agglomération,Hors intersection,Normale,Deux véhicules - côté,,,,,,,,,,,1,2,1,1,3
200800003457,0008-01-22 14:06:00,8,1,22,14,6,920,44,VIC. HUGO(RUE)115A149 ET,,,Plein jour,En agglomération,Hors intersection,Normale,Autre collision,,,,,,,,,,,1,2,1,1,6
200800003458,0008-01-28 16:30:00,8,1,28,16,30,920,44,ANA.FRANCE(RUE)77A139 ET,,,Plein jour,En agglomération,Intersection en X,Normale,Autre collision,,,,,,,,,,,1,2,2,1,6
200800003459,0008-01-08 06:50:00,8,1,8,6,50,920,48,"., JEAN JAURES (PLACE)",,,Crépuscule ou aube,En agglomération,Intersection en X,Normale,Autre collision,,,,,,,,,,,2,2,2,1,6
200800003460,0008-01-13 15:50:00,8,1,13,15,50,920,48,"34, ALLAINS (SENTIER DES",,,Plein jour,Hors agglomération,Hors intersection,Normale,Autre collision,,,,,,,,,,,1,1,1,1,6
200800003461,0008-01-18 09:00:00,8,1,18,9,0,920,48,"84, ALEXANDRE GUILMANT (",,,Plein jour,En agglomération,Hors intersection,Normale,Autre collision,,,,,,,,,,,1,2,1,1,6
200800003462,0008-01-17 19:20:00,8,1,17,19,20,920,48,"29, VIGNES (IMPASSE ET R",,,Nuit avec éclairage allumé,En agglomération,Intersection en T,Pluie légère,Autre collision,,,,,,,,,,,5,2,3,2,6
200800003463,0008-01-21 17:30:00,8,1,21,17,30,920,48,"., GARDES (ROUTE DES) N°",,,Crépuscule ou aube,En agglomération,Intersection en X,Normale,Deux véhicules - côté,,,,,,,,,,,2,2,2,1,3
200800003464,0008-01-02 10:35:00,8,1,2,10,35,920,20,"49, BROSSOLETTE RUE PIER",,,Plein jour,En agglomération,Hors intersection,Normale,Sans collision,,,,,,,,,,,1,2,1,1,7
200800003465,0008-01-04 07:35:00,8,1,4,7,35,920,20,PARIS AVENUE DE N° IMPAI,,,Nuit avec éclairage allumé,En agglomération,Intersection en X,Pluie légère,Deux véhicules - côté,,,,,,,,,,,5,2,2,2,3
200800003466,0008-01-06 12:15:00,8,1,6,12,15,920,49,FERRY PLACE JULES,,,Plein jour,En agglomération,Intersection en X,Normale,Deux véhicules - côté,,,,,,,,,,,1,2,2,1,3
200800003467,0008-01-07 17:50:00,8,1,7,17,50,920,49,PERI RUE GABRIEL N°1 A 3,,,Nuit avec éclairage allumé,En agglomération,Intersection en X,Normale,Autre collision,,,,,,,,,,,5,2,2,1,6
200800003468,0008-01-08 20:00:00,8,1,8,20,0,920,49,"63, BROSSOLETTE AVENUE P",,,Nuit avec éclairage allumé,En agglomération,Hors intersection,Pluie légère,Autre collision,,,,,,,,,,,5,2,1,2,6
200800003469,0008-01-10 01:00:00,8,1,10,1,0,920,20,"17, BERTHELOT AVENUE MAR",,,Nuit avec éclairage allumé,En agglomération,Hors intersection,Normale,Deux véhicules - côté,,,,,,,,,,,5,2,1,1,3
200800003470,0008-01-12 11:30:00,8,1,12,11,30,920,20,"15/17, VERDUN AVENUE DE",,,Plein jour,En agglomération,Hors intersection,Normale,Autre collision,,,,,,,,,,,1,2,1,1,6
200800003471,0008-01-11 12:40:00,8,1,11,12,40,920,49,"74, JAURES AVENUE JEAN N",,,Plein jour,En agglomération,Hors intersection,Normale,Deux véhicules - côté,,,,,,,,,,,1,2,1,1,3
200800003472,0008-01-14 08:35:00,8,1,14,8,35,920,49,"139, BROSSOLETTE AVENUE",,,Crépuscule ou aube,En agglomération,Hors intersection,Normale,Deux véhicules - côté,,,,,,,,,,,2,2,1,1,3
200800003473,0008-01-17 15:15:00,8,1,17,15,15,920,20,VANVES BOULEVARD DE N° P,,,Plein jour,En agglomération,Hors intersection,Normale,Deux véhicules - côté,,,,,,,,,,,1,2,1,1,3
200800003474,0008-01-18 08:20:00,8,1,18,8,20,920,20,"28, PIERRELAIS RUE DES",,,Crépuscule ou aube,En agglomération,Hors intersection,Normale,Deux véhicules - côté,,,,,,,,,,,2,2,1,1,3
200800003475,0008-01-22 21:00:00,8,1,22,21,0,920,49,MOLIERE RUE AUTRES N¨°,,,Nuit avec éclairage allumé,En agglomération,Hors intersection,Normale,Autre collision,,,,,,,,,,,5,2,1,1,6
200800003476,0008-01-24 13:15:00,8,1,24,13,15,920,20,"11, PARIS AVENUE DE N° I",,,Plein jour,En agglomération,Intersection en T,Normale,Autre collision,,,,,,,,,,,1,2,3,1,6
200800003477,0008-01-30 05:00:00,8,1,30,5,0,920,20,"6, VERDUN AVENUE DE AUTR",,,Nuit avec éclairage allumé,En agglomération,Hors intersection,Autre,Autre collision,,,,,,,,,,,5,2,1,9,6
200800003478,0008-01-02 06:15:00,8,1,2,6,15,920,51,"123/127, CHARLES DE GAUL",,,Nuit avec éclairage allumé,En agglomération,Hors intersection,Normale,Deux véhicules - côté,,,,,,,,,,,5,2,1,1,3
200800003479,0008-01-10 17:25:00,8,1,10,17,25,920,51,"28, CHARLES DE GAULLE (A",,,Crépuscule ou aube,En agglomération,Hors intersection,Normale,Deux véhicules - côté,,,,,,,,,,,2,2,1,1,3
200800003480,0008-01-04 12:50:00,8,1,4,12,50,920,51,"5, HOTEL DE VILLE (RUE D",,,Plein jour,En agglomération,Hors intersection,Normale,Autre collision,,,,,,,,,,,1,2,1,1,6
200800003481,0008-01-18 12:05:00,8,1,18,12,5,920,51,"ROULE (AVENUE DU, N° 29",,,Plein jour,En agglomération,Hors intersection,Normale,Deux véhicules - frontale,,,,,,,,,,,1,2,1,1,1
200800003482,0008-01-28 23:50:00,8,1,28,23,50,920,51,"167, CHARLES DE GAULLE (",,,Nuit avec éclairage allumé,En agglomération,Hors intersection,Normale,Deux véhicules - côté,,,,,,,,,,,5,2,1,1,3
200800003483,0008-01-24 09:25:00,8,1,24,9,25,920,51,"07, MADRID (AVENUE DE)",,,Plein jour,En agglomération,Hors intersection,Temps couvert,Deux véhicules - côté,,,,,,,,,,,1,2,1,8,3
200800003484,0008-01-23 08:25:00,8,1,23,8,25,920,51,"204, BINEAU (BOULEVARD,",,,Plein jour,En agglomération,Hors intersection,Normale,Deux véhicules - côté,,,,,,,,,,,1,2,1,1,3
200800003485,0008-01-29 09:45:00,8,1,29,9,45,920,51,"90, CHARLES DE GAULLE (A",,,Plein jour,En agglomération,Hors intersection,Normale,Deux véhicules - arrière,,,,,,,,,,,1,2,1,1,2
200800003486,0008-01-30 18:55:00,8,1,30,18,55,920,51,"159, CHARLES DE GAULLE (",,,Nuit avec éclairage allumé,En agglomération,Hors intersection,Temps couvert,Deux véhicules - arrière,,,,,,,,,,,5,2,1,8,2
200800003487,0008-01-04 21:50:00,8,1,4,21,50,920,62,"00, WALLACE (BD RICHARD)",,,Nuit avec éclairage allumé,En agglomération,Intersection en X,Normale,Deux véhicules - côté,,,,,,,,,,,5,2,2,1,3
200800003488,0008-01-10 08:30:00,8,1,10,8,30,920,62,"86, GENERAL DE GAULLE (A",,,Plein jour,En agglomération,Hors intersection,Normale,Autre collision,,,,,,,,,,,1,2,1,1,6
200800003489,0008-01-23 08:55:00,8,1,23,8,55,920,62,"34, DE DION BOUTON (QUAI",,,Plein jour,En agglomération,Hors intersection,Normale,Autre collision,,,,,,,,,,,1,2,1,1,6
200800003490,0008-01-23 13:50:00,8,1,23,13,50,920,62,"00, PUTEAUX (PONT DE)",,,Plein jour,En agglomération,Intersection en X,Normale,Deux véhicules - côté,,,,,,,,,,,1,2,2,1,3
200800003491,0008-01-24 09:15:00,8,1,24,9,15,920,62,"00, KUPKA (RUE FRANCK) T",,,Plein jour,En agglomération,Intersection en Y,Normale,Autre collision,,,,,,,,,,,1,2,4,1,6
200800003492,0008-01-25 18:15:00,8,1,25,18,15,920,62,"00, PARMENTIER (RUE)",,,Nuit avec éclairage allumé,En agglomération,Intersection en X,Normale,Deux véhicules - côté,,,,,,,,,,,5,2,2,1,3
200800003493,0008-01-26 00:30:00,8,1,26,0,30,920,62,"00, GENERAL DE GAULLE (A",,,Nuit avec éclairage allumé,En agglomération,Intersection en T,Normale,Deux véhicules - côté,,,,,,,,,,,5,2,3,1,3
200800003494,0008-01-29 08:50:00,8,1,29,8,50,920,62,"69, CONTRE ALLEE GENERAL",,,Plein jour,En agglomération,Hors intersection,Normale,Autre collision,,,,,,,,,,,1,2,1,1,6
200800003495,0008-01-05 18:05:00,8,1,5,18,5,920,63,"103, DOUMER (AVENUE PAUL",,,Crépuscule ou aube,En agglomération,Hors intersection,Normale,Autre collision,,,,,,,,,,,2,2,1,1,6
200800003496,0008-01-08 19:25:00,8,1,8,19,25,920,63,"53, GALLIENI (RUE)",,,Crépuscule ou aube,En agglomération,Hors intersection,Normale,Deux véhicules - côté,,,,,,,,,,,2,2,1,1,3
200800003497,0008-01-16 18:10:00,8,1,16,18,10,920,63,"69, BONS RAISINS (RUE DE",,,Crépuscule ou aube,En agglomération,Hors intersection,Normale,Autre collision,,,,,,,,,,,2,2,1,1,6
200800003498,0008-01-18 16:30:00,8,1,18,16,30,920,63,"Néant, CALMETTE (RUE DU",,,Plein jour,En agglomération,Intersection en T,Normale,Deux véhicules - côté,,,,,,,,,,,1,2,3,1,3
200800003499,0008-01-21 18:15:00,8,1,21,18,15,920,63,"25/26, HOPITAL STELL (BO",,,Crépuscule ou aube,En agglomération,Hors intersection,Normale,Deux véhicules - arrière,,,,,,,,,,,2,2,1,1,2
200800003500,0008-01-24 17:22:00,8,1,24,17,22,920,63,"4, HUGO (AVENUE VICTOR)",,,Crépuscule ou aube,En agglomération,Hors intersection,Pluie légère,Autre collision,,,,,,,,,,,2,2,1,2,6
200800003501,0008-01-28 07:55:00,8,1,28,7,55,920,63,VOLTAIRE (RUE),,,Crépuscule ou aube,En agglomération,Hors intersection,Normale,Deux véhicules - côté,,,,,,,,,,,2,2,1,1,3
200800003502,0008-01-30 18:20:00,8,1,30,18,20,920,63,JUIN (AVENUE DU MARECHAL,,,Crépuscule ou aube,En agglomération,Intersection en X,Normale,Autre collision,,,,,,,,,,,2,2,2,1,6
200800003503,0008-01-31 14:35:00,8,1,31,14,35,920,63,"20, JOFFRE (BOULEVARD DU",,,Plein jour,En agglomération,Hors intersection,Normale,Autre collision,,,,,,,,,,,1,2,1,1,6
200800003504,0008-01-08 18:00:00,8,1,8,18,0,920,64,"112, REPUBLIQUE",,,Nuit avec éclairage allumé,En agglomération,Hors intersection,Pluie légère,Autre collision,,,,,,,,,,,5,2,1,2,6
200800003505,0008-01-10 14:35:00,8,1,10,14,35,920,64,MAGENTA,,,Plein jour,En agglomération,Hors intersection,Pluie légère,Sans collision,,,,,,,,,,,1,2,1,2,7
200800003506,0008-01-15 14:20:00,8,1,15,14,20,920,33,"161, PORTE JAUNE",,,Plein jour,En agglomération,Intersection en X,Pluie légère,Autre collision,,,,,,,,,,,1,2,2,2,6
200800003507,0008-01-18 08:00:00,8,1,18,8,0,920,76,"105, REPUBLIQUE",,,Crépuscule ou aube,En agglomération,Hors intersection,Normale,Autre collision,,,,,,,,,,,2,2,1,1,6
200800003508,0008-01-23 17:50:00,8,1,23,17,50,920,33,"17, PORTE JAUNE",,,Nuit avec éclairage allumé,En agglomération,Hors intersection,Normale,Autre collision,,,,,,,,,,,5,2,1,1,6
200800003509,0008-01-29 19:05:00,8,1,29,19,5,920,33,"3, SUISSES",,,Nuit avec éclairage allumé,En agglomération,Hors intersection,Normale,Autre collision,,,,,,,,,,,5,2,1,1,6
200800003510,0008-01-13 21:57:00,8,1,13,21,57,920,72,"., SAINT CLOUD (RUE DE)",,,Nuit avec éclairage allumé,En agglomération,Hors intersection,Normale,Autre collision,,,,,,,,,,,5,2,1,1,6
200800003511,0008-01-12 20:00:00,8,1,12,20,0,920,77,"57, RONCE (RUE DE LA)",,,Nuit avec éclairage allumé,En agglomération,Hors intersection,Normale,Deux véhicules - frontale,,,,,,,,,,,5,2,1,1,1
200800003512,0008-01-16 08:15:00,8,1,16,8,15,920,77,"., SEVRES (RUE DE)",,,Crépuscule ou aube,En agglomération,Intersection en T,Normale,Autre collision,,,,,,,,,,,2,2,3,1,6
200800003513,0008-01-16 09:20:00,8,1,16,9,20,920,72,"., SAINT CLOUD (RUE DE)",,,Plein jour,En agglomération,Hors intersection,Normale,Trois véhicules et plus - collisions multiples,,,,,,,,,,,1,2,1,1,5
200800003514,0008-01-17 20:05:00,8,1,17,20,5,920,72,"26, TROYON (RUE)",,,Nuit avec éclairage allumé,En agglomération,Hors intersection,Pluie légère,Autre collision,,,,,,,,,,,5,2,1,2,6
200800003515,0008-01-18 15:50:00,8,1,18,15,50,920,72,"48, TROYON (RUE)",,,Plein jour,En agglomération,Hors intersection,Pluie légère,Deux véhicules - arrière,,,,,,,,,,,1,2,1,2,2
200800003516,0008-01-25 16:00:00,8,1,25,16,0,920,22,"39, RESISTANCE (AVENUE D",,,Plein jour,En agglomération,Hors intersection,Normale,Autre collision,,,,,,,,,,,1,2,1,1,6
200800003517,0008-01-25 18:20:00,8,1,25,18,20,920,77,"26, ST CLOUD (RUE DE)",,,Crépuscule ou aube,En agglomération,Hors intersection,Normale,Autre collision,,,,,,,,,,,2,2,1,1,6
200800003518,0008-01-31 17:45:00,8,1,31,17,45,920,77,"46, SEVRES (RUE DE)",,,Nuit avec éclairage non allumé,En agglomération,Hors intersection,Normale,Autre collision,,,,,,,,,,,4,2,1,1,6
200800003519,0008-01-12 20:00:00,8,1,12,20,0,920,73,"22, MONT VALERIEN (RUE D",,,Nuit avec éclairage allumé,En agglomération,Hors intersection,Normale,Autre collision,,,,,,,,,,,5,2,1,1,6
200800003520,0008-01-15 20:20:00,8,1,15,20,20,920,73,"124, SELLIER (BOULEVARD",,,Nuit avec éclairage allumé,En agglomération,Hors intersection,Pluie légère,Trois véhicules et plus - collisions multiples,,,,,,,,,,,5,2,1,2,5
200800003521,0008-01-16 08:35:00,8,1,16,8,35,920,73,"190, WASHINGTON (BOULEVA",,,Plein jour,En agglomération,Hors intersection,Normale,Sans collision,,,,,,,,,,,1,2,1,1,7
200800003522,0008-01-16 10:00:00,8,1,16,10,0,920,73,"50, FUSILLES DE LA RESIS",,,Plein jour,En agglomération,Hors intersection,Normale,Sans collision,,,,,,,,,,,1,2,1,1,7
200800003523,0008-01-17 17:20:00,8,1,17,17,20,920,73,"22, RATRAIT (RUE DU)",,,Plein jour,En agglomération,Intersection en T,Normale,Autre collision,,,,,,,,,,,1,2,3,1,6
200800003524,0008-01-19 16:00:00,8,1,19,16,0,920,73,"53, SELLIER (BOULEVARD H",,,Plein jour,En agglomération,Intersection en X,Normale,Deux véhicules - côté,,,,,,,,,,,1,2,2,1,3
200800003525,0008-01-25 16:00:00,8,1,25,16,0,920,73,"27, SELLIER (BOULEVARD H",,,Plein jour,En agglomération,Intersection en T,Normale,Deux véhicules - arrière,,,,,,,,,,,1,2,3,1,2
200800003526,0008-01-31 07:45:00,8,1,31,7,45,920,73,"190, WASHINGTON (BOULEVA",,,Plein jour,En agglomération,Hors intersection,Normale,Deux véhicules - côté,,,,,,,,,,,1,2,1,1,3
200800003527,0008-01-03 18:15:00,8,1,3,18,15,920,46,"6/12, PIERRE BROSSOLETTE",,,Nuit avec éclairage allumé,En agglomération,Hors intersection,Normale,Autre collision,,,,,,,,,,,5,2,1,1,6
200800003528,0008-01-04 09:10:00,8,1,4,9,10,920,46,CAMELINAT,,,Plein jour,En agglomération,Intersection en X,Pluie légère,Deux véhicules - arrière,,,,,,,,,,,1,2,2,2,2
200800003529,0008-01-09 18:00:00,8,1,9,18,0,920,46,"29, RUE Galliéni",,,Nuit avec éclairage allumé,En agglomération,Hors intersection,Normale,Autre collision,,,,,,,,,,,5,2,1,1,6
200800003530,0008-01-09 19:20:00,8,1,9,19,20,920,75,"1bis, JEAN BAPTISTE POTI",,,Nuit avec éclairage allumé,En agglomération,Hors intersection,Normale,Sans collision,,,,,,,,,,,5,2,1,1,7
200800003531,0008-01-10 16:45:00,8,1,10,16,45,920,46,CAMELINAT,,,Plein jour,En agglomération,Intersection en X,Normale,Autre collision,,,,,,,,,,,1,2,2,1,6
200800003532,0008-01-14 13:05:00,8,1,14,13,5,920,75,PAIX (AVENUE DE LA),,,Plein jour,En agglomération,Intersection en X,Normale,Sans collision,,,,,,,,,,,1,2,2,1,7
200800003533,0008-01-25 09:20:00,8,1,25,9,20,920,46,"-, Paul vaillant couturi",,,Plein jour,En agglomération,Intersection en T,Normale,Autre collision,,,,,,,,,,,1,2,3,1,6
200800003534,0008-01-26 19:50:00,8,1,26,19,50,920,75,PAIX (AVENUE DE LA),,,Nuit avec éclairage allumé,En agglomération,Intersection en X,Normale,Deux véhicules - frontale,,,,,,,,,,,5,2,2,1,1
200800003535,0008-01-24 09:15:00,8,1,24,9,15,920,75,"3, PAIX (AVENUE DE LA)",,,Plein jour,Hors agglomération,Intersection en T,Normale,Deux véhicules - arrière,,,,,,,,,,,1,1,3,1,2
200800003536,0008-01-30 17:05:00,8,1,30,17,5,920,46,", Charles de gaulle",,,Crépuscule ou aube,Hors agglomération,Hors intersection,Temps couvert,Deux véhicules - arrière,,,,,,,,,,,2,1,1,8,2
200800003537,0008-01-08 21:30:00,8,1,8,21,30,920,78,"0, VIEUX CHEMIN DE ST DE",,,Nuit avec éclairage allumé,En agglomération,Intersection en T,Pluie légère,Deux véhicules - côté,,,,,,,,,,,5,2,3,2,3
200800003538,0008-01-21 16:20:00,8,1,21,16,20,920,78,PAUL HERBE (AVENUE) (PAI,,,Plein jour,En agglomération,Hors intersection,Normale,Autre collision,,,,,,,,,,,1,2,1,1,6
200800003539,0008-01-14 09:00:00,8,1,14,9,0,920,62,"13, GENERAL LECLERC (AVE",,,Plein jour,En agglomération,Hors intersection,Normale,Deux véhicules - côté,,,,,,,,,,,1,2,1,1,3
200800003540,0008-01-17 21:40:00,8,1,17,21,40,920,62,"1, BOULEVARD PIERRE GAUD",,,Nuit avec éclairage allumé,En agglomération,Hors intersection,Normale,Sans collision,,,,,,,,,,,5,2,1,1,7
200800003541,0008-01-19 14:00:00,8,1,19,14,0,920,26,"1, ANDRE PROTHIN (AVENUE",,,Plein jour,En agglomération,Intersection en T,Normale,Deux véhicules - côté,,,,,,,,,,,1,2,3,1,3
200800003542,0008-01-30 08:50:00,8,1,30,8,50,920,26,"20, ANDRE PROTHIN (AVENU",,,Plein jour,En agglomération,Intersection en Y,Normale,Sans collision,,,,,,,,,,,1,2,4,1,7
200800003543,0008-01-07 11:30:00,8,1,7,11,30,930,1,"106, HAIE COQ (RUE DE LA",,,Plein jour,En agglomération,Hors intersection,Normale,Deux véhicules - côté,,,,,,,,,,,1,2,1,1,3
200800003544,0008-01-07 12:15:00,8,1,7,12,15,930,1,"08, GARDINOUX (RUE DES)",,,Plein jour,En agglomération,Hors intersection,Normale,Autre collision,,,,,,,,,,,1,2,1,1,6
200800003545,0008-01-10 16:55:00,8,1,10,16,55,930,1,SAINT-DENIS (RUE DE),,,Plein jour,En agglomération,Hors intersection,Normale,Deux véhicules - côté,,,,,,,,,,,1,2,1,1,3
200800003546,0008-01-11 07:00:00,8,1,11,7,0,930,1,"124, VICTOR HUGO (AVE)",,,Nuit avec éclairage allumé,En agglomération,Hors intersection,Normale,Autre collision,,,,,,,,,,,5,2,1,1,6
200800003547,0008-01-12 00:01:00,8,1,12,0,1,930,1,FELIX FAURE (BLD) =>174,,,Nuit avec éclairage allumé,En agglomération,Intersection en X,Temps couvert,Deux véhicules - côté,,,,,,,,,,,5,2,2,8,3
200800003548,0008-01-15 13:00:00,8,1,15,13,0,930,1,"01, BORDIER (IMPASSE)",,,Plein jour,En agglomération,Hors intersection,Pluie légère,Autre collision,,,,,,,,,,,1,2,1,2,6
200800003549,0008-01-16 21:06:00,8,1,16,21,6,930,1,HELENE COCHENNEC (RUE),,,Nuit sans éclairage public,En agglomération,Intersection en X,Normale,Deux véhicules - côté,,,,,,,,,,,3,2,2,1,3
200800003550,0008-01-20 10:00:00,8,1,20,10,0,930,1,REPUBLIQUE (AVE DE LA ),,,Plein jour,En agglomération,Intersection en T,Normale,Deux véhicules - côté,,,,,,,,,,,1,2,3,1,3
200800003551,0008-01-28 23:35:00,8,1,28,23,35,930,1,GOULET (RUE DU)  => 24/3,,,Nuit avec éclairage allumé,En agglomération,Intersection en X,Normale,Deux véhicules - côté,,,,,,,,,,,5,2,2,1,3
200800003552,0008-01-29 18:18:00,8,1,29,18,18,930,1,PONT BLANC.CHARLES TILLO,,,Crépuscule ou aube,En agglomération,Giratoire,Temps couvert,Autre collision,,,,,,,,,,,2,2,6,8,6
200800003553,0008-01-31 19:10:00,8,1,31,19,10,930,1,JEAN JAURES (AVE)  => 53,,,Nuit avec éclairage allumé,En agglomération,Intersection en X,Normale,Deux véhicules - côté,,,,,,,,,,,5,2,2,1,3
200800003554,0008-01-08 12:15:00,8,1,8,12,15,930,5,"28, JULES PRINCET [CD115",,,Plein jour,En agglomération,Intersection en T,Normale,Deux véhicules - arrière,,,,,,,,,,,1,2,3,1,2
200800003555,0008-01-05 13:30:00,8,1,5,13,30,930,5,HAMEAU (RUE DU),,,Plein jour,En agglomération,Hors intersection,Autre,Trois véhicules et plus - en chaîne,,,,,,,,,,,1,2,1,9,4
200800003556,0008-01-08 06:45:00,8,1,8,6,45,930,5,"103, JACQUES DUCLOS [CD4",,,Nuit avec éclairage allumé,En agglomération,Intersection en X,Temps couvert,Deux véhicules - côté,,,,,,,,,,,5,2,2,8,3
200800003557,0008-01-08 09:35:00,8,1,8,9,35,930,5,", SEVRAN (CD44) (RUE DE)",,,Plein jour,En agglomération,Hors intersection,Normale,Autre collision,,,,,,,,,,,1,2,1,1,6
200800003558,0008-01-14 06:55:00,8,1,14,6,55,930,5,RAOUL DUFY (AVENUE),,,Nuit avec éclairage allumé,En agglomération,Intersection en X,Pluie légère,Deux véhicules - côté,,,,,,,,,,,5,2,2,2,3
200800003559,0008-01-14 21:25:00,8,1,14,21,25,930,5,"15bis, JULES PRINCET [CD",,,Nuit avec éclairage allumé,En agglomération,Hors intersection,Normale,Autre collision,,,,,,,,,,,5,2,1,1,6
200800003560,0008-01-17 17:30:00,8,1,17,17,30,930,5,", GOYA (RUE)",,,Crépuscule ou aube,En agglomération,Hors intersection,Pluie légère,Autre collision,,,,,,,,,,,2,2,1,2,6
200800003561,0008-01-18 17:10:00,8,1,18,17,10,930,5,ANATOLE FRANCE (AVENUE),,,Plein jour,En agglomération,Hors intersection,Normale,Autre collision,,,,,,,,,,,1,2,1,1,6
200800003562,0008-01-18 21:50:00,8,1,18,21,50,930,5,DAUPHINE (RUE DU),,,Nuit avec éclairage allumé,En agglomération,Intersection en T,Autre,Autre collision,,,,,,,,,,,5,2,3,9,6
200800003563,0008-01-20 17:50:00,8,1,20,17,50,930,5,RAINCY (AVENUE DU),,,Nuit avec éclairage allumé,En agglomération,Intersection en T,Normale,Autre collision,,,,,,,,,,,5,2,3,1,6
200800003564,0008-01-22 20:40:00,8,1,22,20,40,930,5,"24, CHANZY (RUE DE)",,,Nuit avec éclairage allumé,En agglomération,Hors intersection,Normale,Deux véhicules - côté,,,,,,,,,,,5,2,1,1,3
200800003565,0008-01-25 07:45:00,8,1,25,7,45,930,5,"1, FERNAND HERBAUD (RUE)",,,Nuit avec éclairage allumé,En agglomération,Hors intersection,Normale,Autre collision,,,,,,,,,,,5,2,1,1,6
200800003566,0008-01-28 08:15:00,8,1,28,8,15,930,5,EDGAR DEGAS (RUE),,,Crépuscule ou aube,En agglomération,Hors intersection,Normale,Autre collision,,,,,,,,,,,2,2,1,1,6
200800003567,0008-01-30 19:16:00,8,1,30,19,16,930,5,"8, SAPINS (RUE DES)",,,Nuit avec éclairage allumé,En agglomération,Intersection en T,Pluie légère,Autre collision,,,,,,,,,,,5,2,3,2,6
200800003568,0008-01-31 06:30:00,8,1,31,6,30,930,5,"néant, PAUL CEZANNE (RUE",,,Nuit sans éclairage public,Hors agglomération,Hors intersection,Autre,Autre collision,,,,,,,,,,,3,1,1,9,6
200800003569,0008-01-31 16:00:00,8,1,31,16,0,930,5,AUGUSTE RENOIR (RUE),,,Plein jour,En agglomération,Hors intersection,Normale,Autre collision,,,,,,,,,,,1,2,1,1,6
200800003570,0008-01-03 08:30:00,8,1,3,8,30,930,7,CHARLES FLOQUET (AVENUE),,,Crépuscule ou aube,En agglomération,Intersection en T,Pluie légère,Deux véhicules - côté,,,,,,,,,,,2,2,3,2,3
200800003571,0008-01-11 08:40:00,8,1,11,8,40,930,7,GALILEE (RUE),,,Plein jour,En agglomération,Intersection en T,Normale,Deux véhicules - côté,,,,,,,,,,,1,2,3,1,3
200800003572,0008-01-11 14:50:00,8,1,11,14,50,930,7,CHARLES GOUNOD (RUE),,,Plein jour,En agglomération,Intersection en T,Pluie légère,Autre collision,,,,,,,,,,,1,2,3,2,6
200800003573,0008-01-11 16:30:00,8,1,11,16,30,930,7,"236, 8 MAI 45 (AVENUE DU",,,Plein jour,En agglomération,Hors intersection,Normale,Autre collision,,,,,,,,,,,1,2,1,1,6
200800003574,0008-01-14 00:30:00,8,1,14,0,30,930,7,"99, ""HENRI BARBUSSE (AVE",,,Nuit avec éclairage allumé,En agglomération,Intersection en X,Normale,Autre collision,,,,,,,,,,,5,2,2,1,6
200800003575,0008-01-17 08:30:00,8,1,17,8,30,930,7,GAMBETTA (AVENUE),,,Plein jour,En agglomération,Intersection en X,Normale,Autre collision,,,,,,,,,,,1,2,2,1,6