accident_id,datetime,annee,mois,jour,heure,minute,departement,commune_insee,adresse,latitude,longitude,luminosite,agglomeration,intersection,meteo,collision,nb_vehicules,nb_usagers,nb_indemnes,nb_tues,nb_blesses_hosp,nb_blesses_legers,age_cond_1,age_cond_2,veh_type_cond_1,veh_type_cond_2,lum_code,agg_code,int_code,atm_code,col_code
200800003576,0008-01-19 13:40:00,8,1,19,13,40,930,7,"22, JEAN-JACQUES ROUSSEA",,,Plein jour,En agglomération,Hors intersection,Normale,Trois véhicules et plus - collisions multiples,,,,,,,,,,,1,2,1,1,5
200800003577,0008-01-25 07:00:00,8,1,25,7,0,930,7,"10, ALTRINCHAM (RUE)",,,Nuit avec éclairage allumé,En agglomération,Intersection en T,Normale,Autre collision,,,,,,,,,,,5,2,3,1,6
200800003578,0008-01-04 17:48:00,8,1,4,17,48,930,8,VAILLANT (AVENUE EDOUARD,,,Nuit avec éclairage allumé,En agglomération,Autre intersection,Pluie légère,Autre collision,,,,,,,,,,,5,2,9,2,6
200800003579,0008-01-11 14:20:00,8,1,11,14,20,930,8,DIVISION LECLERC (AVENUE,,,Plein jour,En agglomération,Intersection en T,Pluie légère,Trois véhicules et plus - en chaîne,,,,,,,,,,,1,2,3,2,4
200800003580,0008-01-20 10:00:00,8,1,20,10,0,930,8,"121, FRACHON (RUE BENOIT",,,Plein jour,En agglomération,Hors intersection,Normale,Sans collision,,,,,,,,,,,1,2,1,1,7
200800003581,0008-01-24 10:00:00,8,1,24,10,0,930,8,PARIS (RUE DE),,,Plein jour,En agglomération,Hors intersection,Normale,Deux véhicules - côté,,,,,,,,,,,1,2,1,1,3
200800003582,0008-01-28 12:30:00,8,1,28,12,30,930,8,PARIS (RUE DE),,,Plein jour,En agglomération,Autre intersection,Normale,Autre collision,,,,,,,,,,,1,2,9,1,6
200800003583,0008-01-30 18:10:00,8,1,30,18,10,930,8,REPUBLIQUE (RUE DE LA),,,Nuit avec éclairage allumé,En agglomération,Hors intersection,Normale,Autre collision,,,,,,,,,,,5,2,1,1,6
200800003584,0008-01-31 08:10:00,8,1,31,8,10,930,8,VAILLANT COUTURIER (AVEN,,,Plein jour,En agglomération,Giratoire,Normale,Autre collision,,,,,,,,,,,1,2,6,1,6
200800003585,0008-01-09 22:45:00,8,1,9,22,45,930,57,"ignore, PASTEUR (BD) 141",,,Nuit avec éclairage allumé,En agglomération,Intersection en X,Normale,Deux véhicules - côté,,,,,,,,,,,5,2,2,1,3
200800003586,0008-01-11 11:50:00,8,1,11,11,50,930,10,"ignore, DORMOY (AV. MARX",,,Plein jour,En agglomération,Hors intersection,Pluie légère,Deux véhicules - frontale,,,,,,,,,,,1,2,1,2,1
200800003587,0008-01-17 09:25:00,8,1,17,9,25,930,10,"28, VILLEMOMBLE (RTE DE)",,,Plein jour,En agglomération,Intersection en T,Normale,Deux véhicules - côté,,,,,,,,,,,1,2,3,1,3
200800003588,0008-01-21 17:10:00,8,1,21,17,10,930,10,"154, VILLEMOMBLE (RTE DE",,,Plein jour,En agglomération,Hors intersection,Normale,Autre collision,,,,,,,,,,,1,2,1,1,6
200800003589,0008-01-29 08:45:00,8,1,29,8,45,930,10,"IGNORE, SAINT-LOUIS (RUE",,,Plein jour,En agglomération,Intersection en T,Normale,Deux véhicules - côté,,,,,,,,,,,1,2,3,1,3
200800003590,0008-01-31 20:50:00,8,1,31,20,50,930,57,"IGNORE, ROY (BD)",,,Nuit sans éclairage public,En agglomération,Hors intersection,Pluie légère,Autre collision,,,,,,,,,,,3,2,1,2,6
200800003591,0008-01-04 12:00:00,8,1,4,12,0,930,27,SAINT-DENIS (RUE DE),,,Plein jour,En agglomération,Intersection en T,Temps couvert,Deux véhicules - côté,,,,,,,,,,,1,2,3,8,3
200800003592,0008-01-06 05:25:00,8,1,6,5,25,930,27,SAINT-DENIS (RUE DE),,,Nuit avec éclairage allumé,En agglomération,Hors intersection,Normale,Sans collision,,,,,,,,,,,5,2,1,1,7
200800003593,0008-01-08 20:00:00,8,1,8,20,0,930,30,"90, HUIT-MAI-1945 (AVENU",,,Nuit avec éclairage allumé,En agglomération,Hors intersection,Autre,Trois véhicules et plus - en chaîne,,,,,,,,,,,5,2,1,9,4
200800003594,0008-01-11 10:20:00,8,1,11,10,20,930,13,"00, LECLERC (AVENU DE LA",,,Plein jour,En agglomération,Passage à niveau,Normale,Autre collision,,,,,,,,,,,1,2,8,1,6
200800003595,0008-01-16 15:45:00,8,1,16,15,45,930,13,"112, LECLERC (AVENU DE L",,,Plein jour,En agglomération,Giratoire,Pluie légère,Deux véhicules - côté,,,,,,,,,,,1,2,6,2,3
200800003596,0008-01-16 18:10:00,8,1,16,18,10,930,13,JAURES (AVENUE JEAN) DE,,,Nuit avec éclairage allumé,En agglomération,Hors intersection,Pluie légère,Autre collision,,,,,,,,,,,5,2,1,2,6
200800003597,0008-01-19 14:05:00,8,1,19,14,5,930,27,VAILLANT-COUTURIER (AVEN,,,Plein jour,En agglomération,Hors intersection,Normale,Deux véhicules - arrière,,,,,,,,,,,1,2,1,1,2
200800003598,0008-01-23 12:15:00,8,1,23,12,15,930,27,VAILLANT-COUTURIER (AVEN,,,Plein jour,En agglomération,Hors intersection,Normale,Autre collision,,,,,,,,,,,1,2,1,1,6
200800003599,0008-01-30 16:00:00,8,1,30,16,0,930,27,MASSON (RUE SUZANNE),,,Plein jour,En agglomération,Hors intersection,Pluie légère,Deux véhicules - frontale,,,,,,,,,,,1,2,1,2,1
200800003600,0008-01-24 17:45:00,8,1,24,17,45,930,27,PASTEUR (BOULEVARD) DE 1,,,Nuit avec éclairage allumé,En agglomération,Intersection en T,Pluie légère,Autre collision,,,,,,,,,,,5,2,3,2,6
200800003601,0008-01-28 22:30:00,8,1,28,22,30,930,27,RATEAU (RUE),,,Nuit avec éclairage allumé,En agglomération,Intersection en Y,Temps couvert,Deux véhicules - côté,,,,,,,,,,,5,2,4,8,3
200800003602,0008-01-29 17:30:00,8,1,29,17,30,930,30,LECLERC DE HAUTECLOQUE (,,,Plein jour,En agglomération,Hors intersection,Normale,Trois véhicules et plus - en chaîne,,,,,,,,,,,1,2,1,1,4
200800003603,0008-01-08 12:30:00,8,1,8,12,30,930,31,"26, JEAN JAURES (AVENUE)",,,Plein jour,En agglomération,Hors intersection,Temps couvert,Deux véhicules - côté,,,,,,,,,,,1,2,1,8,3
200800003604,0008-01-11 13:40:00,8,1,11,13,40,930,31,"0, JEAN JAURES (AVENUE)",,,Plein jour,En agglomération,Hors intersection,Normale,Autre collision,,,,,,,,,,,1,2,1,1,6
200800003605,0008-01-13 20:50:00,8,1,13,20,50,930,31,"0, JEAN JAURES (AVENUE)",,,Nuit avec éclairage allumé,En agglomération,Intersection en Y,Normale,Deux véhicules - côté,,,,,,,,,,,5,2,4,1,3
200800003606,0008-01-14 02:00:00,8,1,14,2,0,930,79,"0, DIVISION LECLERC (AV)",,,Nuit avec éclairage allumé,En agglomération,Giratoire,Normale,Autre collision,,,,,,,,,,,5,2,6,1,6
200800003607,0008-01-17 18:50:00,8,1,17,18,50,930,31,"0, REPUBLIQUE (AVENUE)",,,Nuit avec éclairage allumé,En agglomération,Hors intersection,Pluie légère,Autre collision,,,,,,,,,,,5,2,1,2,6
200800003608,0008-01-17 19:30:00,8,1,17,19,30,930,31,"6, DE LATTRE DE TASSIGNY",,,Nuit avec éclairage allumé,En agglomération,Hors intersection,Pluie légère,Autre collision,,,,,,,,,,,5,2,1,2,6
200800003609,0008-01-17 21:30:00,8,1,17,21,30,930,31,"26-28, REPUBLIQUE (AVENU",,,Nuit avec éclairage allumé,En agglomération,Hors intersection,Pluie légère,Deux véhicules - arrière,,,,,,,,,,,5,2,1,2,2
200800003610,0008-01-17 22:35:00,8,1,17,22,35,930,31,"25, CARRIERES (DES)",,,Nuit avec éclairage allumé,En agglomération,Hors intersection,Pluie légère,Sans collision,,,,,,,,,,,5,2,1,2,7
200800003611,0008-01-22 17:00:00,8,1,22,17,0,930,79,"85, MAURICE GRANDCOING",,,Plein jour,En agglomération,Hors intersection,Normale,Deux véhicules - frontale,,,,,,,,,,,1,2,1,1,1
200800003612,0008-01-24 09:30:00,8,1,24,9,30,930,79,"77, EDOUARD VAILLANT",,,Plein jour,En agglomération,Hors intersection,Normale,Deux véhicules - côté,,,,,,,,,,,1,2,1,1,3
200800003613,0008-01-30 07:40:00,8,1,30,7,40,930,79,"0, SAINT LEU (ROUTE)",,,Crépuscule ou aube,En agglomération,Giratoire,Pluie légère,Deux véhicules - côté,,,,,,,,,,,2,2,6,2,3
200800003614,0008-01-01 20:05:00,8,1,1,20,5,930,32,"02, EMILE  COSSONNEAU  (",,,Nuit avec éclairage allumé,En agglomération,Hors intersection,Normale,Autre collision,,,,,,,,,,,5,2,1,1,6
200800003615,0008-01-03 08:30:00,8,1,3,8,30,930,32,"28, VERSAILLES (AVENUE D",,,Crépuscule ou aube,En agglomération,Hors intersection,Autre,Deux véhicules - frontale,,,,,,,,,,,2,2,1,9,1
200800003616,0008-01-03 11:55:00,8,1,3,11,55,930,47,CLICHY (AVENUE DE),,,Plein jour,En agglomération,Intersection en Y,Temps couvert,Deux véhicules - côté,,,,,,,,,,,1,2,4,8,3
200800003617,0008-01-09 13:30:00,8,1,9,13,30,930,47,CLICHY (AVENUE DE),,,Plein jour,En agglomération,Hors intersection,Normale,Autre collision,,,,,,,,,,,1,2,1,1,6
200800003618,0008-01-09 23:30:00,8,1,9,23,30,930,32,PARIS  (RUE DE),,,Nuit avec éclairage allumé,En agglomération,Intersection en T,Normale,Deux véhicules - arrière,,,,,,,,,,,5,2,3,1,2
200800003619,0008-01-18 19:00:00,8,1,18,19,0,930,47,PAUL BERT  (RUE),,,Nuit avec éclairage allumé,En agglomération,Intersection en X,Pluie légère,Deux véhicules - côté,,,,,,,,,,,5,2,2,2,3
200800003620,0008-01-19 18:30:00,8,1,19,18,30,930,47,JEAN JAURES (AVENUE),,,Nuit avec éclairage allumé,En agglomération,Intersection en X,Temps couvert,Autre collision,,,,,,,,,,,5,2,2,8,6
200800003621,0008-01-24 17:40:00,8,1,24,17,40,930,32,MARRONNIERS   (AVENUE DE,,,Nuit avec éclairage allumé,En agglomération,Intersection en T,Pluie légère,Deux véhicules - côté,,,,,,,,,,,5,2,3,2,3
200800003622,0008-01-30 09:00:00,8,1,30,9,0,930,32,MONTGUICHET  (CHEMIN DE),,,Plein jour,En agglomération,Intersection en T,Pluie légère,Sans collision,,,,,,,,,,,1,2,3,2,7
200800003623,0008-01-01 07:10:00,8,1,1,7,10,930,63,"170, NOISY ROUTE DE",,,Nuit avec éclairage allumé,En agglomération,Hors intersection,Normale,Deux véhicules - côté,,,,,,,,,,,5,2,1,1,3
200800003624,0008-01-02 14:30:00,8,1,2,14,30,930,45,"19, GARDE CHASSE RUE DU",,,Plein jour,En agglomération,Hors intersection,Normale,Autre collision,,,,,,,,,,,1,2,1,1,6
200800003625,0008-01-03 17:15:00,8,1,3,17,15,930,6,"neant, GAL DE GAULLE AV.",,,Nuit avec éclairage allumé,En agglomération,Hors intersection,Normale,Autre collision,,,,,,,,,,,5,2,1,1,6
200800003626,0008-01-11 14:00:00,8,1,11,14,0,930,63,"64, BERLIOZ AVENUE",,,Plein jour,En agglomération,Hors intersection,Pluie légère,Deux véhicules - côté,,,,,,,,,,,1,2,1,2,3
200800003627,0008-01-11 19:15:00,8,1,11,19,15,930,6,"3, GIRARDOT RUE",,,Nuit avec éclairage allumé,En agglomération,Hors intersection,Pluie légère,Autre collision,,,,,,,,,,,5,2,1,2,6
200800003628,0008-01-11 18:35:00,8,1,11,18,35,930,61,"20, ESTIENNE D'ORVES RUE",,,Nuit avec éclairage allumé,En agglomération,Hors intersection,Normale,Autre collision,,,,,,,,,,,5,2,1,1,6
200800003629,0008-01-17 13:40:00,8,1,17,13,40,930,63,"25, PARIS RUE DE",,,Plein jour,En agglomération,Hors intersection,Pluie légère,Autre collision,,,,,,,,,,,1,2,1,2,6
200800003630,0008-01-18 19:30:00,8,1,18,19,30,930,6,MARCEL ETIENNE RUE,,,Nuit avec éclairage allumé,En agglomération,Intersection en X,Pluie légère,Autre collision,,,,,,,,,,,5,2,2,2,6
200800003631,0008-01-28 08:20:00,8,1,28,8,20,930,6,"8, FLOREAL RUE",,,Plein jour,En agglomération,Hors intersection,Normale,Autre collision,,,,,,,,,,,1,2,1,1,6
200800003632,0008-01-03 18:20:00,8,1,3,18,20,930,15,BOIS DE BERNOUILLE ROUTE,,,Nuit sans éclairage public,En agglomération,Hors intersection,Normale,Deux véhicules - frontale,,,,,,,,,,,3,2,1,1,1
200800003633,0008-01-04 20:00:00,8,1,4,20,0,930,46,JEAN JAURES BOULEVARD,,,Nuit avec éclairage allumé,En agglomération,Intersection en Y,Pluie légère,Deux véhicules - côté,,,,,,,,,,,5,2,4,2,3
200800003634,0008-01-09 00:35:00,8,1,9,0,35,930,74,COURTRY RUE DE,,,Nuit avec éclairage allumé,En agglomération,Hors intersection,Normale,Deux véhicules - frontale,,,,,,,,,,,5,2,1,1,1
200800003635,0008-01-19 15:00:00,8,1,19,15,0,930,74,"371, MEAUX RUE DE",,,Plein jour,En agglomération,Intersection en T,Normale,Deux véhicules - côté,,,,,,,,,,,1,2,3,1,3
200800003636,0008-01-21 19:05:00,8,1,21,19,5,930,74,BOUCHER RUE ALEXANDRE,,,Nuit avec éclairage allumé,En agglomération,Intersection en X,Normale,Trois véhicules et plus - collisions multiples,,,,,,,,,,,5,2,2,1,5
200800003637,0008-01-23 17:35:00,8,1,23,17,35,930,46,VOLTAIRE AVENUE,,,Crépuscule ou aube,En agglomération,Hors intersection,Normale,Deux véhicules - côté,,,,,,,,,,,2,2,1,1,3
200800003638,0008-01-26 15:25:00,8,1,26,15,25,930,46,EST ALLEE DE L',,,Plein jour,En agglomération,Hors intersection,Normale,Autre collision,,,,,,,,,,,1,2,1,1,6
200800003639,0008-01-28 08:00:00,8,1,28,8,0,930,46,ALBERT THOMAS AVENUE,,,Plein jour,En agglomération,Intersection en T,Normale,Deux véhicules - frontale,,,,,,,,,,,1,2,3,1,1
200800003640,0008-01-28 19:30:00,8,1,28,19,30,930,46,ROGER SALENGRO BOULEVARD,,,Nuit avec éclairage allumé,En agglomération,Intersection en X,Normale,Sans collision,,,,,,,,,,,5,2,2,1,7
200800003641,0008-01-06 20:35:00,8,1,6,20,35,930,48,"233, PARIS (RUE DE)",,,Nuit avec éclairage allumé,En agglomération,Hors intersection,Pluie légère,Autre collision,,,,,,,,,,,5,2,1,2,6
200800003642,0008-01-11 07:50:00,8,1,11,7,50,930,48,", RUFFINS (RUE DES)",,,Crépuscule ou aube,En agglomération,Giratoire,Normale,Deux véhicules - côté,,,,,,,,,,,2,2,6,1,3
200800003643,0008-01-18 15:00:00,8,1,18,15,0,930,48,"118, HENRI BARBUSSE (BOU",,,Plein jour,En agglomération,Hors intersection,Pluie légère,Autre collision,,,,,,,,,,,1,2,1,2,6
200800003644,0008-01-21 00:20:00,8,1,21,0,20,930,48,"86, PARIS (RUE DE)",,,Nuit sans éclairage public,En agglomération,Hors intersection,Normale,Autre collision,,,,,,,,,,,3,2,1,1,6
200800003645,0008-01-21 12:45:00,8,1,21,12,45,930,48,REPUBLIQUE (RUE DE LA),,,Plein jour,En agglomération,Hors intersection,Pluie légère,Autre collision,,,,,,,,,,,1,2,1,2,6
200800003646,0008-01-31 16:50:00,8,1,31,16,50,930,48,"162, ARISTIDE BRIAND (BO",,,Plein jour,En agglomération,Hors intersection,Normale,Autre collision,,,,,,,,,,,1,2,1,1,6
200800003647,0008-01-01 07:00:00,8,1,1,7,0,930,50,"15, LOUIS ARMAND (RUE)",,,Nuit avec éclairage allumé,En agglomération,Hors intersection,Normale,Autre collision,,,,,,,,,,,5,2,1,1,6
200800003648,0008-01-06 13:00:00,8,1,6,13,0,930,50,GENERAL DE GAULLE (AVENU,,,Plein jour,En agglomération,Intersection en X,Normale,Deux véhicules - côté,,,,,,,,,,,1,2,2,1,3
200800003649,0008-01-11 18:05:00,8,1,11,18,5,930,50,"xxx, HIPPOLYTE PINA (RUE",,,Nuit avec éclairage allumé,En agglomération,Hors intersection,Pluie légère,Deux véhicules - arrière,,,,,,,,,,,5,2,1,2,2
200800003650,0008-01-16 07:20:00,8,1,16,7,20,930,50,PAUL ET CAMILLE THOMOUX,,,Crépuscule ou aube,En agglomération,Intersection en T,Normale,Deux véhicules - frontale,,,,,,,,,,,2,2,3,1,1
200800003651,0008-01-18 17:25:00,8,1,18,17,25,930,50,JEAN STEPHAN (RUE),,,Crépuscule ou aube,En agglomération,Intersection en T,Pluie légère,Autre collision,,,,,,,,,,,2,2,3,2,6
200800003652,0008-01-24 17:20:00,8,1,24,17,20,930,50,LOUIS ARMAND (RUE),,,Crépuscule ou aube,En agglomération,Intersection en X,Normale,Autre collision,,,,,,,,,,,2,2,2,1,6
200800003653,0008-01-31 09:15:00,8,1,31,9,15,930,50,WINSTON CHURCHILL (AVENU,,,Plein jour,En agglomération,Hors intersection,Neige / grêle,Deux véhicules - côté,,,,,,,,,,,1,2,1,4,3
200800003654,0008-01-01 20:20:00,8,1,1,20,20,930,51,"82, ORMES",,,Nuit avec éclairage allumé,En agglomération,Intersection en X,Normale,Deux véhicules - côté,,,,,,,,,,,5,2,2,1,3
200800003655,0008-01-15 13:25:00,8,1,15,13,25,930,51,DOCTEUR SUREAU,,,Plein jour,En agglomération,Intersection en T,Pluie légère,Autre collision,,,,,,,,,,,1,2,3,2,6
200800003656,0008-01-18 19:45:00,8,1,18,19,45,930,51,"12, MONT D'EST (BD)",,,Nuit avec éclairage allumé,En agglomération,Giratoire,Pluie légère,Autre collision,,,,,,,,,,,5,2,6,2,6
200800003657,0008-01-22 22:10:00,8,1,22,22,10,930,51,RU DE NESLE (BOULEVARD),,,Nuit avec éclairage allumé,En agglomération,Hors intersection,Normale,Autre collision,,,,,,,,,,,5,2,1,1,6
200800003658,0008-01-24 11:55:00,8,1,24,11,55,930,51,REPUBLIQUE,,,Plein jour,En agglomération,Intersection en T,Normale,Autre collision,,,,,,,,,,,1,2,3,1,6
200800003659,0008-01-24 18:25:00,8,1,24,18,25,930,51,ARISTIDE BRIAND (AVENUE),,,Nuit avec éclairage allumé,En agglomération,Intersection en X,Pluie légère,Autre collision,,,,,,,,,,,5,2,2,2,6
200800003660,0008-01-26 12:05:00,8,1,26,12,5,930,51,VICTOR BASCH (AVENUE),,,Plein jour,En agglomération,Giratoire,Normale,Deux véhicules - côté,,,,,,,,,,,1,2,6,1,3
200800003661,0008-01-30 16:50:00,8,1,30,16,50,930,51,"12, JEAN MERMOZ",,,Plein jour,En agglomération,Hors intersection,Pluie légère,Deux véhicules - côté,,,,,,,,,,,1,2,1,2,3
200800003662,0008-01-10 10:30:00,8,1,10,10,30,930,53,PARC (RUE DU),,,Plein jour,En agglomération,Intersection en X,Pluie légère,Deux véhicules - côté,,,,,,,,,,,1,2,2,2,3
200800003663,0008-01-14 22:35:00,8,1,14,22,35,930,53,"66, PARIS (RUE DE)",,,Nuit sans éclairage public,En agglomération,Hors intersection,Normale,Autre collision,,,,,,,,,,,3,2,1,1,6
200800003664,0008-01-24 17:45:00,8,1,24,17,45,930,53,"117, JEAN JAURES (RUE)",,,Crépuscule ou aube,En agglomération,Place,Pluie légère,Autre collision,,,,,,,,,,,2,2,7,2,6
200800003665,0008-01-24 13:10:00,8,1,24,13,10,930,53,"63, PIERRE SEMARD (RUE)",,,Plein jour,En agglomération,Hors intersection,Normale,Deux véhicules - côté,,,,,,,,,,,1,2,1,1,3
200800003666,0008-01-25 16:15:00,8,1,25,16,15,930,53,"54, GALLIENI (AVENUE)",,,Plein jour,En agglomération,Hors intersection,Normale,Autre collision,,,,,,,,,,,1,2,1,1,6
200800003667,0008-01-29 13:45:00,8,1,29,13,45,930,53,"9999999999, PARIS (RUE D",,,Plein jour,En agglomération,Hors intersection,Normale,Autre collision,,,,,,,,,,,1,2,1,1,6
200800003668,0008-01-31 15:00:00,8,1,31,15,0,930,53,MICHELET (BLD) N° 82 A 1,,,Plein jour,En agglomération,Hors intersection,Normale,Autre collision,,,,,,,,,,,1,2,1,1,6
200800003669,0008-01-02 19:00:00,8,1,2,19,0,930,55,"87, EDOUARD VAILLANT DU",,,Nuit avec éclairage allumé,En agglomération,Hors intersection,Normale,Autre collision,,,,,,,,,,,5,2,1,1,6
200800003670,0008-01-07 06:35:00,8,1,7,6,35,930,55,PRE ST GERVAIS (DU) (29/,,,Nuit avec éclairage allumé,En agglomération,Intersection en X,Pluie légère,Deux véhicules - côté,,,,,,,,,,,5,2,2,2,3
200800003671,0008-01-15 20:50:00,8,1,15,20,50,930,55,"45, JEAN LOLIVE (AVENUE)",,,Nuit avec éclairage allumé,En agglomération,Hors intersection,Normale,Deux véhicules - côté,,,,,,,,,,,5,2,1,1,3
200800003672,0008-01-18 14:00:00,8,1,18,14,0,930,55,"113, JEAN LOLIVE (AVENUE",,,Plein jour,En agglomération,Hors intersection,Pluie légère,Trois véhicules et plus - collisions multiples,,,,,,,,,,,1,2,1,2,5
200800003673,0008-01-20 06:35:00,8,1,20,6,35,930,55,"41, DELIZY (DU 23 A FIN",,,Nuit avec éclairage allumé,En agglomération,Hors intersection,Normale,Autre collision,,,,,,,,,,,5,2,1,1,6
200800003674,0008-01-21 01:00:00,8,1,21,1,0,930,55,"172, JEAN JAURES (AVENUE",,,Nuit avec éclairage allumé,En agglomération,Intersection en X,Normale,Deux véhicules - côté,,,,,,,,,,,5,2,2,1,3
200800003675,0008-01-02 12:50:00,8,1,2,12,50,930,62,"103, RESISTANCE (AVENUE",,,Plein jour,En agglomération,Autre intersection,Normale,Sans collision,,,,,,,,,,,1,2,9,1,7
200800003676,0008-01-12 16:55:00,8,1,12,16,55,930,14,JEAN MOULIN (AVENUE),,,Crépuscule ou aube,En agglomération,Hors intersection,Normale,Deux véhicules - côté,,,,,,,,,,,2,2,1,1,3
200800003677,0008-01-17 08:15:00,8,1,17,8,15,930,62,"01, HETRES (ALLE DES)",,,Plein jour,En agglomération,Hors intersection,Temps couvert,Autre collision,,,,,,,,,,,1,2,1,8,6
200800003678,0008-01-22 09:25:00,8,1,22,9,25,930,62,AULNAY (BOULEVARD D'),,,Plein jour,En agglomération,Intersection en T,Normale,Deux véhicules - côté,,,,,,,,,,,1,2,3,1,3
200800003679,0008-01-22 18:40:00,8,1,22,18,40,930,62,"52, RESISTANCE (AVENUE D",,,Nuit avec éclairage allumé,En agglomération,Hors intersection,Normale,Sans collision,,,,,,,,,,,5,2,1,1,7
200800003680,0008-01-24 08:30:00,8,1,24,8,30,930,62,LIVRY (AVENUE DE),,,Plein jour,En agglomération,Hors intersection,Normale,Deux véhicules - côté,,,,,,,,,,,1,2,1,1,3
200800003681,0008-01-29 17:40:00,8,1,29,17,40,930,62,"51, RESISTANCE (AVENUE D",,,Plein jour,En agglomération,Hors intersection,Normale,Autre collision,,,,,,,,,,,1,2,1,1,6
200800003682,0008-01-01 03:00:00,8,1,1,3,0,930,64,"00, KENNEDY (AVENUE DU P",,,Nuit avec éclairage allumé,En agglomération,Intersection en T,Normale,Deux véhicules - côté,,,,,,,,,,,5,2,3,1,3
200800003683,0008-01-10 17:45:00,8,1,10,17,45,930,64,"43, CAVARE (RUE PAUL)",,,Nuit avec éclairage allumé,En agglomération,Hors intersection,Normale,Sans collision,,,,,,,,,,,5,2,1,1,7
200800003684,0008-01-16 07:20:00,8,1,16,7,20,930,64,"00, BOISSIERE (BOULEVARD",,,Crépuscule ou aube,En agglomération,Intersection en T,Pluie légère,Deux véhicules - frontale,,,,,,,,,,,2,2,3,2,1
200800003685,0008-01-17 06:50:00,8,1,17,6,50,930,77,"00, GRANDE RUE  18 / FIN",,,Nuit avec éclairage allumé,En agglomération,Intersection en Y,Normale,Deux véhicules - côté,,,,,,,,,,,5,2,4,1,3
200800003686,0008-01-25 21:45:00,8,1,25,21,45,930,77,"00, NEUILLY (RUE DE)",,,Nuit avec éclairage allumé,En agglomération,Intersection en T,Normale,Deux véhicules - côté,,,,,,,,,,,5,2,3,1,3
200800003687,0008-01-08 12:50:00,8,1,8,12,50,930,66,"64, ""SEMBAT MARCEL (BD),",,,Plein jour,En agglomération,Hors intersection,Normale,Deux véhicules - arrière,,,,,,,,,,,1,2,1,1,2
200800003688,0008-01-08 18:00:00,8,1,8,18,0,930,66,"4, GUYNEMER",,,Nuit avec éclairage non allumé,En agglomération,Hors intersection,Pluie légère,Autre collision,,,,,,,,,,,4,2,1,2,6
200800003689,0008-01-08 18:50:00,8,1,8,18,50,930,66,PORT,,,Nuit avec éclairage allumé,En agglomération,Intersection en X,Pluie légère,Autre collision,,,,,,,,,,,5,2,2,2,6
200800003690,0008-01-10 19:00:00,8,1,10,19,0,930,66,"38, COLONEL FABIEN (AVEN",,,Nuit avec éclairage allumé,En agglomération,Hors intersection,Normale,Sans collision,,,,,,,,,,,5,2,1,1,7
200800003691,0008-01-13 10:30:00,8,1,13,10,30,930,66,"17, CASANOVA DANIELLE NR",,,Plein jour,En agglomération,Hors intersection,Normale,Autre collision,,,,,,,,,,,1,2,1,1,6
200800003692,0008-01-13 15:20:00,8,1,13,15,20,930,66,"28, PORT",,,Plein jour,En agglomération,Hors intersection,Normale,Deux véhicules - arrière,,,,,,,,,,,1,2,1,1,2
200800003693,0008-01-14 09:45:00,8,1,14,9,45,930,66,"30, ""STALINGRAND (AV), N",,,Plein jour,En agglomération,Hors intersection,Normale,Deux véhicules - arrière,,,,,,,,,,,1,2,1,1,2
200800003694,0008-01-25 11:45:00,8,1,25,11,45,930,66,SAINT JUST (ALLEE),,,Plein jour,En agglomération,Autre intersection,Autre,Deux véhicules - arrière,,,,,,,,,,,1,2,9,9,2
200800003695,0008-01-04 01:10:00,8,1,4,1,10,930,66,GENERAL DE GAULLE,,,Nuit avec éclairage allumé,En agglomération,Hors intersection,Pluie légère,Autre collision,,,,,,,,,,,5,2,1,2,6
200800003696,0008-01-08 13:25:00,8,1,8,13,25,930,66,"77, WILSON (AVENUE DU PR",,,Plein jour,En agglomération,Hors intersection,Normale,Sans collision,,,,,,,,,,,1,2,1,1,7
200800003697,0008-01-15 12:40:00,8,1,15,12,40,930,66,"""STRASBOURG, NR 1 A 71 E",,,Plein jour,En agglomération,Giratoire,Pluie légère,Deux véhicules - arrière,,,,,,,,,,,1,2,6,2,2
200800003698,0008-01-07 20:10:00,8,1,7,20,10,930,71,"neant, AULNAY (RUE D')",,,Nuit avec éclairage allumé,En agglomération,Intersection en X,Normale,Deux véhicules - côté,,,,,,,,,,,5,2,2,1,3
200800003699,0008-01-12 13:30:00,8,1,12,13,30,930,71,BEAUSEVRAN (CCIAL ET PAR,,,Plein jour,En agglomération,Hors intersection,Normale,Autre collision,,,,,,,,,,,1,2,1,1,6
200800003700,0008-01-16 08:50:00,8,1,16,8,50,930,71,"0, VILLENAUT (ALLEE DE)",,,Plein jour,En agglomération,Intersection en Y,Temps couvert,Deux véhicules - frontale,,,,,,,,,,,1,2,4,8,1
200800003701,0008-01-21 10:25:00,8,1,21,10,25,930,71,SALVADOR ALLENDE (AVENUE,,,Plein jour,Hors agglomération,Intersection en X,Pluie légère,Deux véhicules - côté,,,,,,,,,,,1,1,2,2,3
200800003702,0008-01-26 14:30:00,8,1,26,14,30,930,71,MARTIN LUTHER KING (AVEN,,,Plein jour,En agglomération,Hors intersection,Normale,Sans collision,,,,,,,,,,,1,2,1,1,7
200800003703,0008-01-30 08:13:00,8,1,30,8,13,930,71,JOHN F. KENNEDY (AVENUE),,,Crépuscule ou aube,En agglomération,Hors intersection,Pluie légère,Deux véhicules - côté,,,,,,,,,,,2,2,1,2,3
200800003704,0008-01-03 08:10:00,8,1,3,8,10,930,59,"75, PARMENTIER (RUE) COT",,,Nuit avec éclairage allumé,En agglomération,Hors intersection,Pluie légère,Autre collision,,,,,,,,,,,5,2,1,2,6
200800003705,0008-01-04 18:20:00,8,1,4,18,20,930,59,"178, LENINE (AVENUE) N°3",,,Nuit avec éclairage allumé,En agglomération,Hors intersection,Normale,Trois véhicules et plus - en chaîne,,,,,,,,,,,5,2,1,1,4