accident_id,datetime,annee,mois,jour,heure,minute,departement,commune_insee,adresse,latitude,longitude,luminosite,agglomeration,intersection,meteo,collision,nb_vehicules,nb_usagers,nb_indemnes,nb_tues,nb_blesses_hosp,nb_blesses_legers,age_cond_1,age_cond_2,veh_type_cond_1,veh_type_cond_2,lum_code,agg_code,int_code,atm_code,col_code
200800003706,0008-01-29 19:30:00,8,1,29,19,30,930,72,CHARLES PEGUY (RUE),,,Nuit avec éclairage allumé,En agglomération,Intersection en T,Normale,Autre collision,,,,,,,,,,,5,2,3,1,6
200800003707,0008-01-23 11:55:00,8,1,23,11,55,930,59,"195, ELYSEE RECLUS (AVEN",,,Plein jour,En agglomération,Hors intersection,Normale,Deux véhicules - côté,,,,,,,,,,,1,2,1,1,3
200800003708,0008-01-02 18:20:00,8,1,2,18,20,930,59,JEAN MERMOZ (BOULEVARD),,,Nuit avec éclairage allumé,En agglomération,Hors intersection,Normale,Deux véhicules - côté,,,,,,,,,,,5,2,1,1,3
200800003709,0008-01-31 17:30:00,8,1,31,17,30,930,72,"49, MAXIME GORKI (BOULEV",,,Plein jour,En agglomération,Hors intersection,Normale,Autre collision,,,,,,,,,,,1,2,1,1,6
200800003710,0008-01-06 01:20:00,8,1,6,1,20,930,59,"0, JEAN MERMOZ (BOULEVAR",,,Nuit avec éclairage allumé,En agglomération,Hors intersection,Pluie légère,Autre collision,,,,,,,,,,,5,2,1,2,6
200800003711,0008-01-07 22:55:00,8,1,7,22,55,930,72,"45, MAXIME GORKI (BOULEV",,,Nuit avec éclairage allumé,En agglomération,Hors intersection,Normale,Autre collision,,,,,,,,,,,5,2,1,1,6
200800003712,0008-01-11 17:45:00,8,1,11,17,45,930,59,"0, GENERAL GALLIENI (AVE",,,Nuit avec éclairage allumé,En agglomération,Intersection en X,Pluie légère,Deux véhicules - arrière,,,,,,,,,,,5,2,2,2,2
200800003713,0008-01-16 19:15:00,8,1,16,19,15,930,72,"0, MARCEL CACHIN (AVENUE",,,Nuit avec éclairage allumé,En agglomération,Intersection en X,Normale,Deux véhicules - côté,,,,,,,,,,,5,2,2,1,3
200800003714,0008-01-19 18:25:00,8,1,19,18,25,930,59,DELAMARE (IMPASSE),,,Nuit avec éclairage allumé,En agglomération,Intersection en T,Normale,Deux véhicules - côté,,,,,,,,,,,5,2,3,1,3
200800003715,0008-01-28 10:10:00,8,1,28,10,10,930,59,DOCTEUR MENARD (RUE DU),,,Plein jour,En agglomération,Intersection en Y,Normale,Deux véhicules - côté,,,,,,,,,,,1,2,4,1,3
200800003716,0008-01-01 02:25:00,8,1,1,2,25,930,73,LAFONTAINE (AVENUE),,,Nuit avec éclairage allumé,En agglomération,Intersection en T,Pluie légère,Deux véhicules - côté,,,,,,,,,,,5,2,3,2,3
200800003717,0008-01-02 16:40:00,8,1,2,16,40,930,78,"47, LOUP (CHEMIN DU)",,,Crépuscule ou aube,En agglomération,Intersection en T,Normale,Deux véhicules - frontale,,,,,,,,,,,2,2,3,1,1
200800003718,0008-01-16 18:48:00,8,1,16,18,48,930,78,"07, EGLISE (RUE DE L')",,,Nuit avec éclairage allumé,En agglomération,Hors intersection,Pluie légère,Autre collision,,,,,,,,,,,5,2,1,2,6
200800003719,0008-01-22 15:15:00,8,1,22,15,15,930,78,VAUBAN (AVENUE),,,Plein jour,En agglomération,Hors intersection,Normale,Trois véhicules et plus - en chaîne,,,,,,,,,,,1,2,1,1,4
200800003720,0008-01-22 17:40:00,8,1,22,17,40,930,73,"0.000, ORME BENOIT (RUE",,,Plein jour,Hors agglomération,Intersection en T,Normale,Autre collision,,,,,,,,,,,1,1,3,1,6
200800003721,0008-01-31 19:30:00,8,1,31,19,30,930,78,DAMBEL (AVENUE EMILE),,,Nuit avec éclairage allumé,En agglomération,Intersection en T,Temps couvert,Autre collision,,,,,,,,,,,5,2,3,8,6
200800003722,0008-01-21 11:40:00,8,1,21,11,40,940,2,"16, GENERAL MALLERET JOI",,,Plein jour,En agglomération,Hors intersection,Normale,Sans collision,,,,,,,,,,,1,2,1,1,7
200800003723,0008-01-17 17:30:00,8,1,17,17,30,940,2,"34, CAMELIAS (R DES)",,,Nuit avec éclairage allumé,En agglomération,Intersection en X,Pluie légère,Sans collision,,,,,,,,,,,5,2,2,2,7
200800003724,0008-01-01 18:30:00,8,1,1,18,30,940,71,MAURICE BERTEAUX (R),,,Crépuscule ou aube,En agglomération,Intersection en T,Normale,Sans collision,,,,,,,,,,,2,2,3,1,7
200800003725,0008-01-09 08:15:00,8,1,9,8,15,940,4,"0, GENERAL LECLERC (AV D",,,Crépuscule ou aube,Hors agglomération,Hors intersection,Pluie légère,Trois véhicules et plus - en chaîne,,,,,,,,,,,2,1,1,2,4
200800003726,0008-01-14 14:20:00,8,1,14,14,20,940,70,LIBERATION (R DE LA),,,Plein jour,En agglomération,Intersection en X,Pluie légère,Deux véhicules - côté,,,,,,,,,,,1,2,2,2,3
200800003727,0008-01-14 17:35:00,8,1,14,17,35,940,71,QUEUE EN BRIE (RTE DE LA,,,Nuit avec éclairage allumé,En agglomération,Giratoire,Pluie légère,Deux véhicules - arrière,,,,,,,,,,,5,2,6,2,2
200800003728,0008-01-22 12:15:00,8,1,22,12,15,940,71,"00, WINSTON CHURCHILL (R",,,Plein jour,En agglomération,Intersection en X,Normale,Sans collision,,,,,,,,,,,1,2,2,1,7
200800003729,0008-01-22 16:40:00,8,1,22,16,40,940,4,CHARLES DE GAULLE (AV),,,Plein jour,En agglomération,Hors intersection,Normale,Autre collision,,,,,,,,,,,1,2,1,1,6
200800003730,0008-01-27 11:05:00,8,1,27,11,5,940,71,"06, CHAMPIGNY (R DE)",,,Plein jour,Hors agglomération,Hors intersection,Normale,Autre collision,,,,,,,,,,,1,1,1,1,6
200800003731,0008-01-25 12:45:00,8,1,25,12,45,940,4,"0, SUCY (R DE)",,,Plein jour,En agglomération,Intersection en T,Normale,Deux véhicules - côté,,,,,,,,,,,1,2,3,1,3
200800003732,0008-01-29 21:00:00,8,1,29,21,0,940,71,"0, GRAND VAL (R DU)",,,Nuit avec éclairage allumé,En agglomération,Hors intersection,Normale,Deux véhicules - côté,,,,,,,,,,,5,2,1,1,3
200800003733,0008-01-30 16:55:00,8,1,30,16,55,940,44,"0, SABLIERE (AV DE LA)",,,Plein jour,En agglomération,Intersection en X,Normale,Deux véhicules - côté,,,,,,,,,,,1,2,2,1,3
200800003734,0008-01-04 17:30:00,8,1,4,17,30,940,17,DESTOUCHES (R),,,Nuit avec éclairage allumé,En agglomération,Intersection en T,Pluie légère,Deux véhicules - côté,,,,,,,,,,,5,2,3,2,3
200800003735,0008-01-08 07:10:00,8,1,8,7,10,940,17,JOSEPHINE DE BEAUHARNAIS,,,Plein jour,En agglomération,Hors intersection,Normale,Autre collision,,,,,,,,,,,1,2,1,1,6
200800003736,0008-01-09 18:30:00,8,1,9,18,30,940,17,"38, STALINGRAD (BD DE)",,,Nuit avec éclairage allumé,En agglomération,Hors intersection,Autre,Deux véhicules - frontale,,,,,,,,,,,5,2,1,9,1
200800003737,0008-01-15 15:45:00,8,1,15,15,45,940,17,STALINGRAD (BD DE),,,Plein jour,En agglomération,Hors intersection,Pluie légère,Autre collision,,,,,,,,,,,1,2,1,2,6
200800003738,0008-01-17 08:40:00,8,1,17,8,40,940,17,HUIT MAI 1945 (AV DU),,,Plein jour,En agglomération,Intersection en T,Temps couvert,Deux véhicules - côté,,,,,,,,,,,1,2,3,8,3
200800003739,0008-01-24 08:15:00,8,1,24,8,15,940,17,ROGER SALENGRO (AV),,,Plein jour,En agglomération,Intersection en T,Normale,Deux véhicules - côté,,,,,,,,,,,1,2,3,1,3
200800003740,0008-01-15 10:10:00,8,1,15,10,10,620,160,"0, FAIDHERBE (Rue)",,,Plein jour,En agglomération,Hors intersection,Pluie forte,Sans collision,,,,,,,,,,,1,2,1,3,7
200800003741,0008-01-23 11:25:00,8,1,23,11,25,620,160,"153, DE GAULLE (Ave Char",,,Plein jour,En agglomération,Hors intersection,Normale,Sans collision,,,,,,,,,,,1,2,1,1,7
200800003742,0008-01-01 06:30:00,8,1,1,6,30,620,178,DAMES (CHEMIN DES),,,Nuit avec éclairage allumé,En agglomération,Hors intersection,Normale,Autre collision,,,,,,,,,,,5,2,1,1,6
200800003743,0008-01-02 18:55:00,8,1,2,18,55,620,270,CD 301,,,Nuit avec éclairage allumé,Hors agglomération,Hors intersection,Normale,Autre collision,,,,,,,,,,,5,1,1,1,6
200800003744,0008-01-09 22:14:00,8,1,9,22,14,620,193,ROCADE EST,,,Nuit sans éclairage public,Hors agglomération,Hors intersection,Normale,Autre collision,,,,,,,,,,,3,1,1,1,6
200800003745,0008-01-21 17:35:00,8,1,21,17,35,620,193,TOUL (RUE DE),,,Nuit avec éclairage allumé,En agglomération,Intersection en X,Autre,Autre collision,,,,,,,,,,,5,2,2,9,6
200800003746,0008-01-22 13:30:00,8,1,22,13,30,620,193,CASTRES (CHEMIN),,,Plein jour,En agglomération,Hors intersection,Normale,Deux véhicules - arrière,,,,,,,,,,,1,2,1,1,2
200800003747,0008-01-27 15:00:00,8,1,27,15,0,620,193,HENRY HENON (PONT),,,Plein jour,En agglomération,Hors intersection,Normale,Deux véhicules - côté,,,,,,,,,,,1,2,1,1,3
200800003748,0008-01-03 14:15:00,8,1,3,14,15,620,215,"sans, RD917",,,Plein jour,En agglomération,Intersection en X,Pluie légère,Deux véhicules - côté,,,,,,,,,,,1,2,2,2,3
200800003749,0008-01-12 01:50:00,8,1,12,1,50,620,215,"sans, RN 17",,,Nuit avec éclairage allumé,Hors agglomération,Intersection en T,Pluie légère,Autre collision,,,,,,,,,,,5,1,3,2,6
200800003750,0008-01-24 23:20:00,8,1,24,23,20,620,637,"100, JOUHAUX (R LEO)",,,Nuit avec éclairage allumé,En agglomération,Hors intersection,Normale,Autre collision,,,,,,,,,,,5,2,1,1,6
200800003751,0008-01-26 10:10:00,8,1,26,10,10,620,907,"sans, DARCHICOURT (AV FE",,,Plein jour,En agglomération,Hors intersection,Pluie légère,Deux véhicules - côté,,,,,,,,,,,1,2,1,2,3
200800003752,0008-01-28 07:40:00,8,1,28,7,40,620,250,"SANS, OIGNIES (RTE D')",,,Crépuscule ou aube,En agglomération,Hors intersection,Pluie légère,Autre collision,,,,,,,,,,,2,2,1,2,6
200800003753,0008-01-18 17:45:00,8,1,18,17,45,620,413,"49, BARBUSSE (AV.)",,,Nuit avec éclairage non allumé,En agglomération,Intersection en T,Pluie légère,Sans collision,,,,,,,,,,,4,2,3,2,7
200800003754,0008-01-09 14:35:00,8,1,9,14,35,620,274,"0, OIGNIES (CHE. D')",,,Plein jour,En agglomération,Hors intersection,Pluie légère,Trois véhicules et plus - en chaîne,,,,,,,,,,,1,2,1,2,4
200800003755,0008-01-07 16:40:00,8,1,7,16,40,620,587,"10, SALENGRO (R ROGER)",,,Plein jour,En agglomération,Hors intersection,Pluie légère,Autre collision,,,,,,,,,,,1,2,1,2,6
200800003756,0008-01-07 17:22:00,8,1,7,17,22,620,427,"46, ALLENDE (BD DU PRESI",,,Crépuscule ou aube,En agglomération,Hors intersection,Pluie légère,Autre collision,,,,,,,,,,,2,2,1,2,6
200800003757,0008-01-18 16:20:00,8,1,18,16,20,620,427,"0, MOULIN (BD JEAN)",,,Plein jour,En agglomération,Hors intersection,Pluie légère,Deux véhicules - côté,,,,,,,,,,,1,2,1,2,3
200800003758,0008-01-15 22:35:00,8,1,15,22,35,620,427,"0, BORD DES EAUX (CHE. D",,,Nuit avec éclairage allumé,Hors agglomération,Hors intersection,Vent fort / tempête,Deux véhicules - frontale,,,,,,,,,,,5,1,1,6,1
200800003759,0008-01-05 02:10:00,8,1,5,2,10,620,771,"sans, D252 (DEP)",,,Nuit sans éclairage public,Hors agglomération,Hors intersection,Pluie forte,Autre collision,,,,,,,,,,,3,1,1,3,6
200800003760,0008-01-14 17:15:00,8,1,14,17,15,620,498,"sans, EPERNAY (R D')",,,Crépuscule ou aube,En agglomération,Intersection en X,Pluie légère,Deux véhicules - côté,,,,,,,,,,,2,2,2,2,3
200800003761,0008-01-23 15:50:00,8,1,23,15,50,620,573,"14, GARE (CITE DE LA)",,,Plein jour,En agglomération,Hors intersection,Temps éblouissant,Autre collision,,,,,,,,,,,1,2,1,7,6
200800003762,0008-01-12 20:10:00,8,1,12,20,10,620,498,"sans, GARE (R DE LA)",,,Nuit avec éclairage allumé,En agglomération,Hors intersection,Normale,Autre collision,,,,,,,,,,,5,2,1,1,6
200800003763,0008-01-18 16:40:00,8,1,18,16,40,620,498,"253 bis, MAES (AV. ALFRE",,,Plein jour,En agglomération,Intersection en T,Normale,Trois véhicules et plus - collisions multiples,,,,,,,,,,,1,2,3,1,5
200800003764,0008-01-04 18:30:00,8,1,4,18,30,620,617,"2, DROUVIN (RUE DE)",,,Nuit avec éclairage allumé,En agglomération,Hors intersection,Normale,Autre collision,,,,,,,,,,,5,2,1,1,6
200800003765,0008-01-23 18:15:00,8,1,23,18,15,620,765,"05, COMMERCE (QUAI DU...",,,Nuit avec éclairage allumé,En agglomération,Hors intersection,Normale,Autre collision,,,,,,,,,,,5,2,1,1,6
200800003766,0008-01-02 12:30:00,8,1,2,12,30,630,113,"1, POCHET LAGAYE (BD PAU",,,Plein jour,En agglomération,Hors intersection,Normale,Deux véhicules - côté,,,,,,,,,,,1,2,1,1,3
200800003767,0008-01-02 13:50:00,8,1,2,13,50,630,113,"1, BEAULIEU (CHEMIN DE)",,,Plein jour,En agglomération,Hors intersection,Normale,Autre collision,,,,,,,,,,,1,2,1,1,6
200800003768,0008-01-03 12:55:00,8,1,3,12,55,630,113,"1, VERNE (RUE JULES)",,,Plein jour,En agglomération,Intersection en T,Normale,Trois véhicules et plus - collisions multiples,,,,,,,,,,,1,2,3,1,5
200800003769,0008-01-05 18:24:00,8,1,5,18,24,630,113,"28, BLUM (AVENUE LEON)",,,Nuit avec éclairage allumé,En agglomération,Hors intersection,Normale,Deux véhicules - côté,,,,,,,,,,,5,2,1,1,3
200800003770,0008-01-05 19:40:00,8,1,5,19,40,630,14,"1, ROMAGNAT (RUE DE)",,,Nuit avec éclairage allumé,Hors agglomération,Hors intersection,Normale,Deux véhicules - arrière,,,,,,,,,,,5,1,1,1,2
200800003771,0008-01-07 08:55:00,8,1,7,8,55,630,113,"1, BLUM (AVENUE LEON)",,,Plein jour,En agglomération,Hors intersection,Normale,Autre collision,,,,,,,,,,,1,2,1,1,6
200800003772,0008-01-08 08:30:00,8,1,8,8,30,630,14,"11, MONT MOUCHET (AVENUE",,,Plein jour,En agglomération,Hors intersection,Normale,Autre collision,,,,,,,,,,,1,2,1,1,6
200800003773,0008-01-08 08:45:00,8,1,8,8,45,630,113,"117, LIMOUSIN (AVENUE DU",,,Plein jour,En agglomération,Hors intersection,Normale,Autre collision,,,,,,,,,,,1,2,1,1,6
200800003774,0008-01-08 11:30:00,8,1,8,11,30,630,113,"1, DESAIX (BD)",,,Plein jour,En agglomération,Hors intersection,Normale,Deux véhicules - côté,,,,,,,,,,,1,2,1,1,3
200800003775,0008-01-10 12:30:00,8,1,10,12,30,630,113,"., BLERIOT (AVENUE LOUIS",,,Plein jour,Hors agglomération,Autre intersection,Normale,Autre collision,,,,,,,,,,,1,1,9,1,6
200800003776,0008-01-09 13:40:00,8,1,9,13,40,630,113,"-, HERMITAGE (RUE DE L')",,,Plein jour,En agglomération,Hors intersection,Normale,Autre collision,,,,,,,,,,,1,2,1,1,6
200800003777,0008-01-09 16:10:00,8,1,9,16,10,630,113,"1, POMPIDOU (BD GEORGES)",,,Plein jour,En agglomération,Hors intersection,Temps éblouissant,Deux véhicules - côté,,,,,,,,,,,1,2,1,7,3
200800003778,0008-01-10 07:30:00,8,1,10,7,30,630,113,FOREST (AVENUE FERNAND),,,Plein jour,En agglomération,Hors intersection,Pluie légère,Autre collision,,,,,,,,,,,1,2,1,2,6
200800003779,0008-01-10 07:31:00,8,1,10,7,31,630,113,"-, BREZET (AVENUE)",,,Crépuscule ou aube,En agglomération,Hors intersection,Normale,Autre collision,,,,,,,,,,,2,2,1,1,6
200800003780,0008-01-10 16:45:00,8,1,10,16,45,630,113,"1, BLANZAT (RUE DE)",,,Plein jour,En agglomération,Hors intersection,Normale,Autre collision,,,,,,,,,,,1,2,1,1,6
200800003781,0008-01-10 18:00:00,8,1,10,18,0,630,113,"61, UNION SOVIETIQUE (AV",,,Nuit avec éclairage allumé,En agglomération,Hors intersection,Normale,Autre collision,,,,,,,,,,,5,2,1,1,6
200800003782,0008-01-13 09:25:00,8,1,13,9,25,630,75,"8, ROYAT (AVENUE DE)",,,Plein jour,En agglomération,Autre intersection,Normale,Autre collision,,,,,,,,,,,1,2,9,1,6
200800003783,0008-01-13 18:30:00,8,1,13,18,30,630,113,"1, POURCHON (BD MAURICE)",,,Nuit avec éclairage allumé,En agglomération,Hors intersection,Normale,Deux véhicules - côté,,,,,,,,,,,5,2,1,1,3
200800003784,0008-01-14 15:15:00,8,1,14,15,15,630,113,"., BONNEFONS (RUE JEAN)",,,Plein jour,En agglomération,Hors intersection,Normale,Autre collision,,,,,,,,,,,1,2,1,1,6
200800003785,0008-01-16 07:35:00,8,1,16,7,35,630,113,"11, CHARTIER (RUE ALAIN)",,,Crépuscule ou aube,En agglomération,Hors intersection,Normale,Autre collision,,,,,,,,,,,2,2,1,1,6
200800003786,0008-01-16 08:30:00,8,1,16,8,30,630,113,"1, BLERIOT (AVENUE LOUIS",,,Plein jour,Hors agglomération,Hors intersection,Normale,Autre collision,,,,,,,,,,,1,1,1,1,6
200800003787,0008-01-17 12:40:00,8,1,17,12,40,630,113,"., MONTJUZET (RUE DE)",,,Plein jour,En agglomération,Autre intersection,Normale,Autre collision,,,,,,,,,,,1,2,9,1,6
200800003788,0008-01-18 10:40:00,8,1,18,10,40,630,113,"-, REPUBLIQUE (AVENUE DE",,,Plein jour,En agglomération,Hors intersection,Normale,Autre collision,,,,,,,,,,,1,2,1,1,6
200800003789,0008-01-18 17:30:00,8,1,18,17,30,630,113,"1, REPUBLIQUE (AVENUE DE",,,Plein jour,En agglomération,Hors intersection,Normale,Deux véhicules - côté,,,,,,,,,,,1,2,1,1,3
200800003790,0008-01-19 22:25:00,8,1,19,22,25,630,14,PASTEUR (RUE),,,Nuit avec éclairage allumé,En agglomération,Hors intersection,Normale,Autre collision,,,,,,,,,,,5,2,1,1,6
200800003791,0008-01-21 09:35:00,8,1,21,9,35,630,113,"-, VERLAINE (RUE)",,,Plein jour,En agglomération,Intersection en X,Normale,Autre collision,,,,,,,,,,,1,2,2,1,6
200800003792,0008-01-21 21:30:00,8,1,21,21,30,630,113,"1, CHANTEMERLE (RUE)",,,Nuit avec éclairage allumé,Hors agglomération,Hors intersection,Normale,Deux véhicules - côté,,,,,,,,,,,5,1,1,1,3
200800003793,0008-01-22 08:10:00,8,1,22,8,10,630,113,"33, DUCLAUX (BD)",,,Plein jour,En agglomération,Hors intersection,Pluie légère,Autre collision,,,,,,,,,,,1,2,1,2,6
200800003794,0008-01-24 10:20:00,8,1,24,10,20,630,113,POURCHON (BD MAURICE),,,Plein jour,En agglomération,Hors intersection,Normale,Autre collision,,,,,,,,,,,1,2,1,1,6
200800003795,0008-01-24 20:00:00,8,1,24,20,0,630,113,"1, COTE BLATIN (BD)",,,Nuit avec éclairage allumé,En agglomération,Hors intersection,Normale,Deux véhicules - côté,,,,,,,,,,,5,2,1,1,3
200800003796,0008-01-28 20:10:00,8,1,28,20,10,630,113,"., REPUBLIQUE (AVENUE DE",,,Nuit avec éclairage allumé,En agglomération,Intersection en X,Normale,Autre collision,,,,,,,,,,,5,2,2,1,6
200800003797,0008-01-28 08:30:00,8,1,28,8,30,630,14,"-, SAUZES (RUE DES)",,,Plein jour,En agglomération,Intersection en X,Normale,Autre collision,,,,,,,,,,,1,2,2,1,6
200800003798,0008-01-28 09:35:00,8,1,28,9,35,630,113,"1, DUMAS (BD J.BAPTISTE)",,,Plein jour,En agglomération,Hors intersection,Normale,Deux véhicules - côté,,,,,,,,,,,1,2,1,1,3
200800003799,0008-01-28 20:00:00,8,1,28,20,0,630,113,"10, POCHET LAGAYE (BD PA",,,Nuit avec éclairage allumé,En agglomération,Autre intersection,Normale,Autre collision,,,,,,,,,,,5,2,9,1,6
200800003800,0008-01-29 11:40:00,8,1,29,11,40,630,113,"49, COTE BLATIN (BD)",,,Plein jour,En agglomération,Autre intersection,Normale,Autre collision,,,,,,,,,,,1,2,9,1,6
200800003801,0008-01-29 16:40:00,8,1,29,16,40,630,113,"352, BREZET (AVENUE)",,,Plein jour,En agglomération,Hors intersection,Normale,Autre collision,,,,,,,,,,,1,2,1,1,6
200800003802,0008-01-29 23:50:00,8,1,29,23,50,630,75,"33, THERMES (AVENUE DES)",,,Nuit avec éclairage allumé,En agglomération,Hors intersection,Normale,Autre collision,,,,,,,,,,,5,2,1,1,6
200800003803,0008-01-30 19:00:00,8,1,30,19,0,630,113,"57, SAINT JEAN (BD)",,,Nuit avec éclairage allumé,En agglomération,Hors intersection,Normale,Autre collision,,,,,,,,,,,5,2,1,1,6
200800003804,0008-01-30 19:20:00,8,1,30,19,20,630,113,"-, BARBUSSE (RUE HENRI)",,,Nuit avec éclairage allumé,En agglomération,Hors intersection,Pluie légère,Autre collision,,,,,,,,,,,5,2,1,2,6
200800003805,0008-01-31 13:45:00,8,1,31,13,45,630,113,BINGEN (BD JACQUES),,,Plein jour,Hors agglomération,Hors intersection,Normale,Deux véhicules - côté,,,,,,,,,,,1,1,1,1,3
200800003806,0008-01-26 08:55:00,8,1,26,8,55,630,124,"6, DOMES (AVENUE DES)",,,Plein jour,En agglomération,Intersection en T,Normale,Autre collision,,,,,,,,,,,1,2,3,1,6
200800003807,0008-01-29 08:30:00,8,1,29,8,30,630,19,"19, LIBERTE (COURS DE LA",,,Plein jour,En agglomération,Hors intersection,Normale,Deux véhicules - côté,,,,,,,,,,,1,2,1,1,3
200800003808,0008-01-04 21:05:00,8,1,4,21,5,640,102,"., MAUBEC (RUE)",,,Nuit avec éclairage allumé,En agglomération,Intersection en X,Normale,Deux véhicules - côté,,,,,,,,,,,5,2,2,1,3
200800003809,0008-01-09 18:30:00,8,1,9,18,30,640,24,"., LAPORTE (AVENUE JEAN",,,Nuit avec éclairage allumé,En agglomération,Hors intersection,Normale,Autre collision,,,,,,,,,,,5,2,1,1,6
200800003810,0008-01-10 19:10:00,8,1,10,19,10,640,140,"., GAULLE (AV CHARLES DE",,,Nuit avec éclairage allumé,En agglomération,Intersection en X,Normale,Deux véhicules - frontale,,,,,,,,,,,5,2,2,1,1
200800003811,0008-01-22 18:45:00,8,1,22,18,45,640,102,"59, MARINES (AVENUE DES",,,Nuit avec éclairage allumé,En agglomération,Autre intersection,Pluie légère,Autre collision,,,,,,,,,,,5,2,9,2,6
200800003812,0008-01-23 16:00:00,8,1,23,16,0,640,24,BAYONNE (AVENUE DE),,,Plein jour,En agglomération,Hors intersection,Normale,Autre collision,,,,,,,,,,,1,2,1,1,6
200800003813,0008-01-28 19:20:00,8,1,28,19,20,640,102,BARTHES (CHEMIN DES),,,Nuit avec éclairage allumé,En agglomération,Hors intersection,Normale,Autre collision,,,,,,,,,,,5,2,1,1,6
200800003814,0008-01-01 20:55:00,8,1,1,20,55,640,122,"., MOURA (ALLEE DU)",,,Nuit avec éclairage allumé,En agglomération,Hors intersection,Pluie légère,Autre collision,,,,,,,,,,,5,2,1,2,6
200800003815,0008-01-02 11:00:00,8,1,2,11,0,640,122,"7, REINE NATHALIE (AVENU",,,Plein jour,En agglomération,Hors intersection,Normale,Sans collision,,,,,,,,,,,1,2,1,1,7
200800003816,0008-01-03 08:17:00,8,1,3,8,17,640,122,"6, PELLOT (RUE)",,,Crépuscule ou aube,En agglomération,Hors intersection,Pluie légère,Sans collision,,,,,,,,,,,2,2,1,2,7
200800003817,0008-01-12 01:55:00,8,1,12,1,55,640,125,"660, ESPAGNE (AVENUE D')",,,Nuit avec éclairage allumé,En agglomération,Hors intersection,Pluie légère,Autre collision,,,,,,,,,,,5,2,1,2,6
200800003818,0008-01-12 17:25:00,8,1,12,17,25,640,122,"21, PASTEUR (AVENUE)",,,Plein jour,En agglomération,Intersection en T,Normale,Deux véhicules - côté,,,,,,,,,,,1,2,3,1,3
200800003819,0008-01-18 02:20:00,8,1,18,2,20,640,122,"., AUGUSTA (BD D')",,,Nuit avec éclairage allumé,En agglomération,Hors intersection,Pluie légère,Autre collision,,,,,,,,,,,5,2,1,2,6
200800003820,0008-01-19 09:45:00,8,1,19,9,45,640,125,ESPAGNE (AVENUE D'),,,Plein jour,En agglomération,Intersection en T,Normale,Autre collision,,,,,,,,,,,1,2,3,1,6
200800003821,0008-01-22 09:55:00,8,1,22,9,55,640,122,"., LAROCHEFOUCAULD (AVEN",,,Plein jour,En agglomération,Intersection en X,Normale,Deux véhicules - côté,,,,,,,,,,,1,2,2,1,3
200800003822,0008-01-24 17:40:00,8,1,24,17,40,640,122,"24, PEYRELOUBILH (RUE)",,,Crépuscule ou aube,En agglomération,Hors intersection,Normale,Autre collision,,,,,,,,,,,2,2,1,1,6
200800003823,0008-01-25 17:03:00,8,1,25,17,3,640,122,"10, LAROCHEFOUCAULD (AVE",,,Plein jour,En agglomération,Hors intersection,Temps couvert,Autre collision,,,,,,,,,,,1,2,1,8,6
200800003824,0008-01-27 13:10:00,8,1,27,13,10,640,125,"., URDELARUN (RUE)",,,Plein jour,En agglomération,Hors intersection,Normale,Deux véhicules - côté,,,,,,,,,,,1,2,1,1,3
200800003825,0008-01-30 15:05:00,8,1,30,15,5,640,122,"., VERDUN (AVENUE DE)",,,Plein jour,En agglomération,Hors intersection,Pluie légère,Deux véhicules - côté,,,,,,,,,,,1,2,1,2,3
200800003826,0008-01-30 16:00:00,8,1,30,16,0,640,122,BAB(BOULEVARD),,,Plein jour,En agglomération,Hors intersection,Pluie légère,Trois véhicules et plus - collisions multiples,,,,,,,,,,,1,2,1,2,5
200800003827,0008-01-03 11:25:00,8,1,3,11,25,640,445,"., MONTARDON DE",,,Plein jour,En agglomération,Intersection en X,Normale,Autre collision,,,,,,,,,,,1,2,2,1,6
200800003828,0008-01-03 23:40:00,8,1,3,23,40,640,445,"0, ARISTIDE BRIAND",,,Nuit avec éclairage allumé,En agglomération,Intersection en X,Pluie légère,Deux véhicules - côté,,,,,,,,,,,5,2,2,2,3
200800003829,0008-01-05 08:50:00,8,1,5,8,50,640,445,CONDORCET,,,Plein jour,En agglomération,Intersection en X,Normale,Autre collision,,,,,,,,,,,1,2,2,1,6
200800003830,0008-01-07 12:30:00,8,1,7,12,30,640,445,MARECHAL LECLERC DU,,,Plein jour,En agglomération,Hors intersection,Normale,Deux véhicules - arrière,,,,,,,,,,,1,2,1,1,2
200800003831,0008-01-07 17:35:00,8,1,7,17,35,640,445,"1, ALFRED NOBEL",,,Plein jour,En agglomération,Hors intersection,Normale,Deux véhicules - côté,,,,,,,,,,,1,2,1,1,3
200800003832,0008-01-07 20:00:00,8,1,7,20,0,640,335,"., AVIATION DE L'",,,Nuit avec éclairage allumé,En agglomération,Hors intersection,Pluie légère,Deux véhicules - côté,,,,,,,,,,,5,2,1,2,3
200800003833,0008-01-09 16:10:00,8,1,9,16,10,640,348,"., ERCKMAN CHATRIAN",,,Plein jour,En agglomération,Hors intersection,Temps couvert,Deux véhicules - arrière,,,,,,,,,,,1,2,1,8,2
200800003834,0008-01-09 20:05:00,8,1,9,20,5,640,445,"0, CASTETNAU",,,Nuit avec éclairage allumé,En agglomération,Intersection en T,Normale,Deux véhicules - côté,,,,,,,,,,,5,2,3,1,3
200800003835,0008-01-10 17:10:00,8,1,10,17,10,640,335,"0, TARBES DE",,,Plein jour,En agglomération,Hors intersection,Normale,Deux véhicules - côté,,,,,,,,,,,1,2,1,1,3