accident_id,datetime,annee,mois,jour,heure,minute,departement,commune_insee,adresse,latitude,longitude,luminosite,agglomeration,intersection,meteo,collision,nb_vehicules,nb_usagers,nb_indemnes,nb_tues,nb_blesses_hosp,nb_blesses_legers,age_cond_1,age_cond_2,veh_type_cond_1,veh_type_cond_2,lum_code,agg_code,int_code,atm_code,col_code
200800003836,0008-01-10 19:45:00,8,1,10,19,45,640,445,"1, MOHEDAN DU",,,Nuit avec éclairage allumé,En agglomération,Intersection en T,Normale,Deux véhicules - côté,,,,,,,,,,,5,2,3,1,3
200800003837,0008-01-12 10:40:00,8,1,12,10,40,640,445,"0, ALSACE LORRAINE D'",,,Plein jour,En agglomération,Intersection en X,Normale,Sans collision,,,,,,,,,,,1,2,2,1,7
200800003838,0008-01-12 18:15:00,8,1,12,18,15,640,335,"., ANDRE MARIE AMPERE",,,Nuit avec éclairage allumé,En agglomération,Hors intersection,Normale,Deux véhicules - côté,,,,,,,,,,,5,2,1,1,3
200800003839,0008-01-18 17:30:00,8,1,18,17,30,640,129,"25, LONS DE",,,Nuit avec éclairage allumé,En agglomération,Hors intersection,Pluie légère,Deux véhicules - arrière,,,,,,,,,,,5,2,1,2,2
200800003840,0008-01-20 09:30:00,8,1,20,9,30,640,445,"16, FRERES CAMORS DES",,,Plein jour,En agglomération,Hors intersection,Normale,Autre collision,,,,,,,,,,,1,2,1,1,6
200800003841,0008-01-22 18:52:00,8,1,22,18,52,640,335,"0, BAYONNE DE",,,Nuit avec éclairage allumé,En agglomération,Hors intersection,Normale,Deux véhicules - côté,,,,,,,,,,,5,2,1,1,3
200800003842,0008-01-25 22:55:00,8,1,25,22,55,640,445,"0, GRAMONT",,,Nuit avec éclairage allumé,En agglomération,Autre intersection,Normale,Sans collision,,,,,,,,,,,5,2,9,1,7
200800003843,0008-01-25 18:40:00,8,1,25,18,40,640,445,"1, BEARN DE",,,Nuit avec éclairage allumé,En agglomération,Intersection en X,Normale,Trois véhicules et plus - collisions multiples,,,,,,,,,,,5,2,2,1,5
200800003844,0008-01-26 19:38:00,8,1,26,19,38,640,445,"50, JEAN MERMOZ",,,Nuit avec éclairage allumé,En agglomération,Hors intersection,Normale,Trois véhicules et plus - collisions multiples,,,,,,,,,,,5,2,1,1,5
200800003845,0008-01-26 12:40:00,8,1,26,12,40,640,284,"16, VALLEES DES",,,Plein jour,En agglomération,Intersection en T,Normale,Deux véhicules - côté,,,,,,,,,,,1,2,3,1,3
200800003846,0008-01-28 17:35:00,8,1,28,17,35,640,445,"0, EUROPE DE L'",,,Plein jour,En agglomération,Intersection en T,Normale,Deux véhicules - côté,,,,,,,,,,,1,2,3,1,3
200800003847,0008-01-31 19:15:00,8,1,31,19,15,640,445,"64, PAIX",,,Nuit avec éclairage allumé,En agglomération,Intersection en T,Normale,Deux véhicules - frontale,,,,,,,,,,,5,2,3,1,1
200800003848,0008-01-31 17:25:00,8,1,31,17,25,640,445,"1, JEAN MERMOZ",,,Plein jour,En agglomération,Giratoire,Normale,Deux véhicules - côté,,,,,,,,,,,1,2,6,1,3
200800003849,0008-01-31 12:10:00,8,1,31,12,10,640,445,"198, JEAN MERMOZ",,,Plein jour,En agglomération,Hors intersection,Normale,Autre collision,,,,,,,,,,,1,2,1,1,6
200800003850,0008-01-31 20:20:00,8,1,31,20,20,640,445,"1, ALFRED DE MUSSET",,,Nuit avec éclairage allumé,En agglomération,Hors intersection,Normale,Deux véhicules - arrière,,,,,,,,,,,5,2,1,1,2
200800003851,0008-01-20 16:55:00,8,1,20,16,55,640,260,RN 111,,,Plein jour,En agglomération,Hors intersection,Normale,Deux véhicules - arrière,,,,,,,,,,,1,2,1,1,2
200800003852,0008-01-03 09:25:00,8,1,3,9,25,640,483,RN10,,,Plein jour,En agglomération,Hors intersection,Pluie légère,Deux véhicules - arrière,,,,,,,,,,,1,2,1,2,2
200800003853,0008-01-26 16:45:00,8,1,26,16,45,640,260,"33, BEHOBIE (ROUTE DE)",,,Plein jour,En agglomération,Hors intersection,Normale,Deux véhicules - côté,,,,,,,,,,,1,2,1,1,3
200800003854,0008-01-01 05:05:00,8,1,1,5,5,640,483,RN10,,,Nuit sans éclairage public,Hors agglomération,Hors intersection,Normale,Autre collision,,,,,,,,,,,3,1,1,1,6
200800003855,0008-01-08 20:00:00,8,1,8,20,0,640,189,PICHERIT FRANCIS  (AVENU,,,Plein jour,En agglomération,Hors intersection,Normale,Sans collision,,,,,,,,,,,1,2,1,1,7
200800003856,0008-01-11 14:00:00,8,1,11,14,0,640,483,RN10,,,Plein jour,Hors agglomération,Hors intersection,Normale,Deux véhicules - côté,,,,,,,,,,,1,1,1,1,3
200800003857,0008-01-30 15:10:00,8,1,30,15,10,640,189,RN10,,,Plein jour,En agglomération,Hors intersection,Normale,Deux véhicules - arrière,,,,,,,,,,,1,2,1,1,2
200800003858,0008-01-08 15:35:00,8,1,8,15,35,640,545,RN10,,,Plein jour,En agglomération,Hors intersection,Normale,Deux véhicules - côté,,,,,,,,,,,1,2,1,1,3
200800003859,0008-01-19 16:25:00,8,1,19,16,25,640,189,RN10,,,Plein jour,En agglomération,Hors intersection,Temps éblouissant,Autre collision,,,,,,,,,,,1,2,1,7,6
200800003860,0008-01-24 19:10:00,8,1,24,19,10,640,483,"18, HUGO VICTOR (BOULEVA",,,Nuit avec éclairage allumé,En agglomération,Intersection en T,Normale,Deux véhicules - côté,,,,,,,,,,,5,2,3,1,3
200800003861,0008-01-17 08:30:00,8,1,17,8,30,650,286,"11, CHAMP COMMUN (PLACE)",,,Plein jour,En agglomération,Intersection en X,Normale,Autre collision,,,,,,,,,,,1,2,2,1,6
200800003862,0008-01-17 18:50:00,8,1,17,18,50,650,286,"1, PAU (RUE DE)",,,Nuit avec éclairage allumé,En agglomération,Hors intersection,Pluie forte,Autre collision,,,,,,,,,,,5,2,1,3,6
200800003863,0008-01-20 10:50:00,8,1,20,10,50,650,286,ESPAGNE (BOULEVARD D'),,,Plein jour,En agglomération,Intersection en Y,Normale,Deux véhicules - frontale,,,,,,,,,,,1,2,4,1,1
200800003864,0008-01-23 15:35:00,8,1,23,15,35,650,286,BAGNERES (RUE DE),,,Plein jour,En agglomération,Intersection en X,Normale,Deux véhicules - frontale,,,,,,,,,,,1,2,2,1,1
200800003865,0008-01-25 17:25:00,8,1,25,17,25,650,286,ESPAGNE (BOULEVARD D'),,,Plein jour,En agglomération,Hors intersection,Normale,Deux véhicules - frontale,,,,,,,,,,,1,2,1,1,1
200800003866,0008-01-01 00:30:00,8,1,1,0,30,650,440,"., MARQUES (RUE FRANCOIS",,,Nuit avec éclairage allumé,En agglomération,Intersection en T,Normale,Deux véhicules - côté,,,,,,,,,,,5,2,3,1,3
200800003867,0008-01-05 12:15:00,8,1,5,12,15,650,417,"., REPUBLIQUE (RUE DE LA",,,Plein jour,En agglomération,Intersection en T,Normale,Deux véhicules - arrière,,,,,,,,,,,1,2,3,1,2
200800003868,0008-01-07 19:45:00,8,1,7,19,45,650,440,"., DEBUSSY (BOULEVARD CL",,,Nuit avec éclairage allumé,En agglomération,Hors intersection,Pluie légère,Deux véhicules - arrière,,,,,,,,,,,5,2,1,2,2
200800003869,0008-01-10 08:55:00,8,1,10,8,55,650,417,"1, BRIAND (PLACE ARISTID",,,Plein jour,En agglomération,Hors intersection,Normale,Autre collision,,,,,,,,,,,1,2,1,1,6
200800003870,0008-01-10 18:45:00,8,1,10,18,45,650,47,"15, NOVEMBRE (RUE DU XI)",,,Nuit avec éclairage allumé,En agglomération,Hors intersection,Normale,Trois véhicules et plus - collisions multiples,,,,,,,,,,,5,2,1,1,5
200800003871,0008-01-11 14:25:00,8,1,11,14,25,650,440,"., EMBARQUEMENT (QUAI D'",,,Plein jour,En agglomération,Intersection en T,Pluie forte,Deux véhicules - côté,,,,,,,,,,,1,2,3,3,3
200800003872,0008-01-11 16:15:00,8,1,11,16,15,650,440,"., EVADES DE FRANCE (RUE",,,Plein jour,En agglomération,Intersection en T,Pluie forte,Deux véhicules - côté,,,,,,,,,,,1,2,3,3,3
200800003873,0008-01-11 16:35:00,8,1,11,16,35,650,433,"9, LAMAZE (RUE FERNAND)",,,Plein jour,En agglomération,Hors intersection,Pluie forte,Deux véhicules - côté,,,,,,,,,,,1,2,1,3,3
200800003874,0008-01-11 18:15:00,8,1,11,18,15,650,331,"., TARBES (AVENUE DE)",,,Crépuscule ou aube,En agglomération,Hors intersection,Pluie forte,Deux véhicules - frontale,,,,,,,,,,,2,2,1,3,1
200800003875,0008-01-17 13:55:00,8,1,17,13,55,650,251,PYRENEES (RUE DES),,,Plein jour,En agglomération,Hors intersection,Pluie forte,Trois véhicules et plus - en chaîne,,,,,,,,,,,1,2,1,3,4
200800003876,0008-01-17 17:20:00,8,1,17,17,20,650,440,"14, LATTRE DE TASSIGNY(B",,,Nuit avec éclairage allumé,En agglomération,Hors intersection,Pluie forte,Autre collision,,,,,,,,,,,5,2,1,3,6
200800003877,0008-01-17 18:25:00,8,1,17,18,25,650,440,"., REFFYE (COURS)",,,Nuit avec éclairage allumé,En agglomération,Intersection en X,Pluie forte,Deux véhicules - côté,,,,,,,,,,,5,2,2,3,3
200800003878,0008-01-23 04:05:00,8,1,23,4,5,650,226,PAU (ROUTE DE),,,Nuit sans éclairage public,Hors agglomération,Hors intersection,Brouillard / fumée,Autre collision,,,,,,,,,,,3,1,1,5,6
200800003879,0008-01-23 07:40:00,8,1,23,7,40,650,440,"., LAFORGUE (AVENUE JULE",,,Nuit avec éclairage allumé,En agglomération,Intersection en X,Normale,Deux véhicules - frontale,,,,,,,,,,,5,2,2,1,1
200800003880,0008-01-26 10:42:00,8,1,26,10,42,650,440,"., DAUDET (RUE APHONSE)",,,Plein jour,En agglomération,Intersection en T,Normale,Deux véhicules - côté,,,,,,,,,,,1,2,3,1,3
200800003881,0008-01-26 21:00:00,8,1,26,21,0,650,440,"., DREYT (RUE GASTON)",,,Nuit avec éclairage allumé,En agglomération,Intersection à plus de 4 branches,Normale,Deux véhicules - côté,,,,,,,,,,,5,2,5,1,3
200800003882,0008-01-28 07:50:00,8,1,28,7,50,650,440,"., CARNOT (RUE)",,,Crépuscule ou aube,En agglomération,Intersection en X,Normale,Deux véhicules - frontale,,,,,,,,,,,2,2,2,1,1
200800003883,0008-01-28 09:00:00,8,1,28,9,0,650,251,"., MARECHAL FOCH (RUE DU",,,Plein jour,En agglomération,Intersection en T,Normale,Deux véhicules - arrière,,,,,,,,,,,1,2,3,1,2
200800003884,0008-01-31 07:20:00,8,1,31,7,20,650,440,"4, ALSACE LORRAINE (AVEN",,,Nuit avec éclairage allumé,En agglomération,Hors intersection,Normale,Deux véhicules - côté,,,,,,,,,,,5,2,1,1,3
200800003885,0008-01-10 07:35:00,8,1,10,7,35,660,136,"17, BOURRAT BOULEVARD JE",,,Nuit avec éclairage allumé,En agglomération,Hors intersection,Normale,Autre collision,,,,,,,,,,,5,2,1,1,6
200800003886,0008-01-11 22:35:00,8,1,11,22,35,660,136,ROUTE NATIONALE 9,,,Nuit avec éclairage allumé,Hors agglomération,Hors intersection,Pluie légère,Autre collision,,,,,,,,,,,5,1,1,2,6
200800003887,0008-01-15 15:30:00,8,1,15,15,30,660,136,D 616,,,Plein jour,Hors agglomération,Hors intersection,Normale,Deux véhicules - côté,,,,,,,,,,,1,1,1,1,3
200800003888,0008-01-15 20:45:00,8,1,15,20,45,660,136,DESNOYE (BOULEVARD DR. J,,,Nuit avec éclairage allumé,En agglomération,Intersection en X,Normale,Deux véhicules - côté,,,,,,,,,,,5,2,2,1,3
200800003889,0008-01-19 19:12:00,8,1,19,19,12,660,136,GAUGUIN (AVENUE PAUL),,,Nuit avec éclairage non allumé,En agglomération,Hors intersection,Normale,Deux véhicules - côté,,,,,,,,,,,4,2,1,1,3
200800003890,0008-01-21 10:30:00,8,1,21,10,30,660,136,VAUBAN (QUAI SEBASTIEN),,,Plein jour,En agglomération,Hors intersection,Normale,Autre collision,,,,,,,,,,,1,2,1,1,6
200800003891,0008-01-22 13:15:00,8,1,22,13,15,660,136,PENETRANTE NORD,,,Plein jour,Hors agglomération,Intersection en X,Normale,Sans collision,,,,,,,,,,,1,1,2,1,7
200800003892,0008-01-28 11:05:00,8,1,28,11,5,660,136,ABBADIE HENRI,,,Plein jour,Hors agglomération,Hors intersection,Normale,Autre collision,,,,,,,,,,,1,1,1,1,6
200800003893,0008-01-28 16:30:00,8,1,28,16,30,670,180,PAYSANS (CHEMIN DES),,,Plein jour,Hors agglomération,Hors intersection,Normale,Autre collision,,,,,,,,,,,1,1,1,1,6
200800003894,0008-01-11 16:20:00,8,1,11,16,20,670,462,SAINT DIE (RUE DE),,,Plein jour,En agglomération,Hors intersection,Normale,Deux véhicules - frontale,,,,,,,,,,,1,2,1,1,1
200800003895,0008-01-15 15:05:00,8,1,15,15,5,670,462,"3, SAINTE BARBE (RUE)",,,Plein jour,En agglomération,Hors intersection,Normale,Deux véhicules - arrière,,,,,,,,,,,1,2,1,1,2
200800003896,0008-01-28 13:58:00,8,1,28,13,58,670,462,"11, HAUT-KOENIGSBOURG (R",,,Plein jour,En agglomération,Hors intersection,Normale,Deux véhicules - côté,,,,,,,,,,,1,2,1,1,3
200800003897,0008-01-01 03:25:00,8,1,1,3,25,670,482,"0, BATELIERS (QUAI DES)",,,Nuit avec éclairage non allumé,En agglomération,Hors intersection,Pluie légère,Autre collision,,,,,,,,,,,4,2,1,2,6
200800003898,0008-01-03 12:00:00,8,1,3,12,0,670,482,HUMANN (RUE),,,Plein jour,En agglomération,Intersection en X,Normale,Deux véhicules - côté,,,,,,,,,,,1,2,2,1,3
200800003899,0008-01-04 08:40:00,8,1,4,8,40,670,482,"0, INDRE (RUE DE L )",,,Plein jour,En agglomération,Autre intersection,Normale,Deux véhicules - côté,,,,,,,,,,,1,2,9,1,3
200800003900,0008-01-04 09:25:00,8,1,4,9,25,670,267,"0, ECKBOLSHEIM (RUE D )",,,Plein jour,En agglomération,Hors intersection,Normale,Deux véhicules - côté,,,,,,,,,,,1,2,1,1,3
200800003901,0008-01-06 18:30:00,8,1,6,18,30,670,482,"0, JEAN MONNET (RUE)",,,Nuit avec éclairage allumé,En agglomération,Hors intersection,Temps couvert,Autre collision,,,,,,,,,,,5,2,1,8,6
200800003902,0008-01-07 12:40:00,8,1,7,12,40,670,482,"0, FAUBOURG DE PIERRE (R",,,Plein jour,En agglomération,Intersection en X,Normale,Deux véhicules - côté,,,,,,,,,,,1,2,2,1,3
200800003903,0008-01-09 07:35:00,8,1,9,7,35,670,482,ALPES (QUAI DES),,,Nuit avec éclairage allumé,En agglomération,Intersection en T,Normale,Deux véhicules - côté,,,,,,,,,,,5,2,3,1,3
200800003904,0008-01-09 18:00:00,8,1,9,18,0,670,218,"16, ANDRE MALRAUX (AVENU",,,Nuit avec éclairage allumé,En agglomération,Hors intersection,Pluie légère,Autre collision,,,,,,,,,,,5,2,1,2,6
200800003905,0008-01-09 21:30:00,8,1,9,21,30,670,482,"00, VIEUX MARCHE AUX POI",,,Nuit avec éclairage allumé,En agglomération,Hors intersection,Pluie légère,Deux véhicules - côté,,,,,,,,,,,5,2,1,2,3
200800003906,0008-01-10 11:30:00,8,1,10,11,30,670,482,"0, MARAIS VERT (RUE DU)",,,Plein jour,En agglomération,Hors intersection,Normale,Deux véhicules - côté,,,,,,,,,,,1,2,1,1,3
200800003907,0008-01-10 17:30:00,8,1,10,17,30,670,482,GENERAL DE GAULLE (AVENU,,,Crépuscule ou aube,En agglomération,Hors intersection,Normale,Deux véhicules - côté,,,,,,,,,,,2,2,1,1,3
200800003908,0008-01-11 16:25:00,8,1,11,16,25,670,482,"00, DOUANE (RUE DE LA)",,,Plein jour,En agglomération,Intersection en T,Normale,Deux véhicules - côté,,,,,,,,,,,1,2,3,1,3
200800003909,0008-01-11 22:30:00,8,1,11,22,30,670,482,"30, SALLUSTE (RUE)",,,Nuit avec éclairage allumé,En agglomération,Hors intersection,Normale,Deux véhicules - frontale,,,,,,,,,,,5,2,1,1,1
200800003910,0008-01-12 08:05:00,8,1,12,8,5,670,482,ZIEGELAU (RUE DE LA),,,Plein jour,En agglomération,Intersection en T,Pluie légère,Deux véhicules - côté,,,,,,,,,,,1,2,3,2,3
200800003911,0008-01-12 09:00:00,8,1,12,9,0,670,482,WANTZENAU (RTE DE LA),,,Plein jour,En agglomération,Hors intersection,Normale,Deux véhicules - frontale,,,,,,,,,,,1,2,1,1,1
200800003912,0008-01-13 20:15:00,8,1,13,20,15,670,218,"0, LYON (RTE DE)",,,Nuit avec éclairage allumé,En agglomération,Intersection en T,Normale,Deux véhicules - côté,,,,,,,,,,,5,2,3,1,3
200800003913,0008-01-14 17:15:00,8,1,14,17,15,670,447,"0, BISCHWILLER (ROUTE DE",,,Plein jour,En agglomération,Intersection en X,Pluie légère,Autre collision,,,,,,,,,,,1,2,2,2,6
200800003914,0008-01-16 20:45:00,8,1,16,20,45,670,482,"0, HOCHFELDEN (RUE DE)",,,Nuit avec éclairage allumé,En agglomération,Intersection en T,Pluie légère,Deux véhicules - côté,,,,,,,,,,,5,2,3,2,3
200800003915,0008-01-17 16:00:00,8,1,17,16,0,670,482,"27, FAUBOURG DE PIERRE (",,,Plein jour,En agglomération,Hors intersection,Normale,Autre collision,,,,,,,,,,,1,2,1,1,6
200800003916,0008-01-17 17:05:00,8,1,17,17,5,670,218,"00, 23 NOVEMBRE (RUE DU)",,,Nuit avec éclairage allumé,En agglomération,Giratoire,Normale,Deux véhicules - côté,,,,,,,,,,,5,2,6,1,3
200800003917,0008-01-17 22:30:00,8,1,17,22,30,670,482,VICTOIRE (BOULEVARD DE L,,,Nuit avec éclairage allumé,En agglomération,Hors intersection,Normale,Sans collision,,,,,,,,,,,5,2,1,1,7
200800003918,0008-01-18 08:00:00,8,1,18,8,0,670,482,"47, JACQUES KABLE (RUE)",,,Plein jour,En agglomération,Hors intersection,Normale,Autre collision,,,,,,,,,,,1,2,1,1,6
200800003919,0008-01-21 08:25:00,8,1,21,8,25,670,482,"00, GEORGES WODLI (RUE)",,,Plein jour,En agglomération,Intersection en T,Normale,Autre collision,,,,,,,,,,,1,2,3,1,6
200800003920,0008-01-21 13:45:00,8,1,21,13,45,670,482,"7, LANDSBERG (RUE DU)",,,Plein jour,En agglomération,Intersection en T,Normale,Autre collision,,,,,,,,,,,1,2,3,1,6
200800003921,0008-01-22 07:40:00,8,1,22,7,40,670,482,"0, JEAN MENTELIN (RUE)",,,Crépuscule ou aube,En agglomération,Hors intersection,Normale,Deux véhicules - côté,,,,,,,,,,,2,2,1,1,3
200800003922,0008-01-22 08:25:00,8,1,22,8,25,670,204,"0, ROBERTSAU (RUE DE LA)",,,Crépuscule ou aube,En agglomération,Intersection en X,Normale,Deux véhicules - côté,,,,,,,,,,,2,2,2,1,3
200800003923,0008-01-22 15:30:00,8,1,22,15,30,670,482,"0, FORET NOIRE (AVENUE D",,,Plein jour,En agglomération,Intersection en X,Normale,Deux véhicules - côté,,,,,,,,,,,1,2,2,1,3
200800003924,0008-01-22 16:10:00,8,1,22,16,10,670,482,"00, KEPLER (RUE)",,,Plein jour,En agglomération,Intersection en X,Normale,Deux véhicules - côté,,,,,,,,,,,1,2,2,1,3
200800003925,0008-01-22 16:45:00,8,1,22,16,45,670,482,"0, HALLES (PLACE DES)",,,Plein jour,En agglomération,Hors intersection,Normale,Autre collision,,,,,,,,,,,1,2,1,1,6
200800003926,0008-01-23 19:25:00,8,1,23,19,25,670,482,"0, ILL (RUE DE L )",,,Nuit avec éclairage allumé,En agglomération,Intersection en X,Normale,Deux véhicules - côté,,,,,,,,,,,5,2,2,1,3
200800003927,0008-01-24 12:10:00,8,1,24,12,10,670,482,"9, LA FAYETTE (RUE)",,,Plein jour,En agglomération,Hors intersection,Normale,Deux véhicules - côté,,,,,,,,,,,1,2,1,1,3
200800003928,0008-01-24 13:40:00,8,1,24,13,40,670,482,"0, ROBERTSAU (ALLEE DE L",,,Plein jour,En agglomération,Intersection en X,Normale,Deux véhicules - côté,,,,,,,,,,,1,2,2,1,3
200800003929,0008-01-24 20:20:00,8,1,24,20,20,670,482,"0, WINSTON CHURCHILL (PO",,,Nuit avec éclairage allumé,En agglomération,Hors intersection,Normale,Autre collision,,,,,,,,,,,5,2,1,1,6
200800003930,0008-01-25 05:25:00,8,1,25,5,25,670,482,"0, ALPES (QUAI DES)",,,Nuit avec éclairage allumé,En agglomération,Intersection en X,Normale,Deux véhicules - côté,,,,,,,,,,,5,2,2,1,3
200800003931,0008-01-25 07:45:00,8,1,25,7,45,670,482,"0, MONTAGNE VERTE (RUE D",,,Plein jour,En agglomération,Intersection en X,Normale,Trois véhicules et plus - collisions multiples,,,,,,,,,,,1,2,2,1,5
200800003932,0008-01-25 10:30:00,8,1,25,10,30,670,447,23 NOVEMBRE (AVENUE DU),,,Plein jour,En agglomération,Intersection en T,Normale,Autre collision,,,,,,,,,,,1,2,3,1,6
200800003933,0008-01-25 16:30:00,8,1,25,16,30,670,482,ROMAINS (ROUTE DES),,,Plein jour,En agglomération,Intersection en X,Normale,Deux véhicules - côté,,,,,,,,,,,1,2,2,1,3
200800003934,0008-01-28 15:40:00,8,1,28,15,40,670,218,"0, VIEUX MOULIN (RUE DU)",,,Plein jour,En agglomération,Hors intersection,Normale,Deux véhicules - côté,,,,,,,,,,,1,2,1,1,3
200800003935,0008-01-30 17:00:00,8,1,30,17,0,670,482,"151, LA WANTZENAU (ROUTE",,,Crépuscule ou aube,En agglomération,Hors intersection,Normale,Autre collision,,,,,,,,,,,2,2,1,1,6
200800003936,0008-01-31 04:30:00,8,1,31,4,30,670,482,TOUR (RUE DE LA),,,Nuit avec éclairage allumé,En agglomération,Intersection en T,Pluie légère,Deux véhicules - côté,,,,,,,,,,,5,2,3,2,3
200800003937,0008-01-08 07:20:00,8,1,8,7,20,680,66,"13, SCHUMANN (RUE)",,,Nuit avec éclairage allumé,En agglomération,Intersection en T,Normale,Deux véhicules - côté,,,,,,,,,,,5,2,3,1,3
200800003938,0008-01-09 20:55:00,8,1,9,20,55,680,66,ALSACE (RUE D'),,,Nuit avec éclairage allumé,En agglomération,Intersection à plus de 4 branches,Normale,Deux véhicules - côté,,,,,,,,,,,5,2,5,1,3
200800003939,0008-01-11 10:12:00,8,1,11,10,12,680,66,C.D.13,,,Plein jour,Hors agglomération,Hors intersection,Normale,Autre collision,,,,,,,,,,,1,1,1,1,6
200800003940,0008-01-11 13:57:00,8,1,11,13,57,680,66,CD4,,,Plein jour,Hors agglomération,Hors intersection,Normale,Sans collision,,,,,,,,,,,1,1,1,1,7
200800003941,0008-01-18 10:01:00,8,1,18,10,1,680,66,"5a, ECOLES (RUE DES)",,,Plein jour,En agglomération,Hors intersection,Normale,Deux véhicules - côté,,,,,,,,,,,1,2,1,1,3
200800003942,0008-01-23 08:30:00,8,1,23,8,30,680,66,"27, SCHWEITZER (RUE DU D",,,Plein jour,En agglomération,Intersection en T,Normale,Sans collision,,,,,,,,,,,1,2,3,1,7
200800003943,0008-01-24 13:18:00,8,1,24,13,18,680,66,"61, ROUFFACH (ROUTE DE)",,,Plein jour,En agglomération,Intersection en X,Normale,Deux véhicules - arrière,,,,,,,,,,,1,2,2,1,2
200800003944,0008-01-26 13:22:00,8,1,26,13,22,680,66,"46A, SEMM (RUE DE LA)",,,Crépuscule ou aube,En agglomération,Hors intersection,Normale,Deux véhicules - côté,,,,,,,,,,,2,2,1,1,3
200800003945,0008-01-28 10:50:00,8,1,28,10,50,680,66,"5, CHAMP DE MARS (BLD DU",,,Plein jour,En agglomération,Intersection en Y,Normale,Autre collision,,,,,,,,,,,1,2,4,1,6
200800003946,0008-01-23 12:15:00,8,1,23,12,15,680,112,"1, REPUBLIQUE (RUE DE LA",,,Plein jour,En agglomération,Intersection en T,Normale,Deux véhicules - côté,,,,,,,,,,,1,2,3,1,3
200800003947,0008-01-28 17:55:00,8,1,28,17,55,680,112,"20, ISSENHEIM (ROUTE D')",,,Nuit sans éclairage public,En agglomération,Hors intersection,Normale,Autre collision,,,,,,,,,,,3,2,1,1,6
200800003948,0008-01-01 07:10:00,8,1,1,7,10,680,224,VOIE RAPIDE NORD SUD,,,Nuit avec éclairage allumé,Hors agglomération,Hors intersection,Brouillard / fumée,Autre collision,,,,,,,,,,,5,1,1,5,6
200800003949,0008-01-05 19:00:00,8,1,5,19,0,680,224,"20, SCHUTZENBERGER (RUE",,,Nuit avec éclairage allumé,En agglomération,Hors intersection,Pluie légère,Autre collision,,,,,,,,,,,5,2,1,2,6
200800003950,0008-01-06 00:15:00,8,1,6,0,15,680,224,AUTOROUTE A 36,,,Nuit avec éclairage non allumé,Hors agglomération,Intersection en X,Pluie forte,Deux véhicules - côté,,,,,,,,,,,4,1,2,3,3
200800003951,0008-01-06 16:50:00,8,1,6,16,50,680,224,VOIE RAPIDE NORD SUD,,,Plein jour,En agglomération,Intersection en X,Normale,Deux véhicules - côté,,,,,,,,,,,1,2,2,1,3
200800003952,0008-01-07 14:20:00,8,1,7,14,20,680,224,PORTE DE BALE,,,Plein jour,En agglomération,Intersection en Y,Normale,Deux véhicules - côté,,,,,,,,,,,1,2,4,1,3
200800003953,0008-01-07 18:00:00,8,1,7,18,0,680,224,AUTOROUTE A 36,,,Nuit avec éclairage allumé,Hors agglomération,Hors intersection,Normale,Autre collision,,,,,,,,,,,5,1,1,1,6
200800003954,0008-01-11 04:50:00,8,1,11,4,50,680,256,COLLEGE (RUE DU),,,Nuit avec éclairage allumé,En agglomération,Autre intersection,Temps couvert,Deux véhicules - côté,,,,,,,,,,,5,2,9,8,3
200800003955,0008-01-08 12:10:00,8,1,8,12,10,680,224,"28, KENNEDY (AVENUE DU P",,,Plein jour,En agglomération,Hors intersection,Normale,Deux véhicules - arrière,,,,,,,,,,,1,2,1,1,2
200800003956,0008-01-11 17:45:00,8,1,11,17,45,680,224,"42, SCHOEN (RUE ANNA)",,,Nuit avec éclairage allumé,En agglomération,Autre intersection,Normale,Trois véhicules et plus - en chaîne,,,,,,,,,,,5,2,9,1,4
200800003957,0008-01-26 09:05:00,8,1,26,9,5,680,224,BOURTZWILLER (PONT DE),,,Plein jour,En agglomération,Intersection en T,Brouillard / fumée,Autre collision,,,,,,,,,,,1,2,3,5,6
200800003958,0008-01-31 13:43:00,8,1,31,13,43,680,224,", WALLACH (BOULEVARD ALF",,,Plein jour,En agglomération,Hors intersection,Normale,Autre collision,,,,,,,,,,,1,2,1,1,6
200800003959,0008-01-09 07:50:00,8,1,9,7,50,690,29,"1, AVENUE CAMILLE ROUSSE",,,Nuit avec éclairage allumé,En agglomération,Hors intersection,Pluie légère,Deux véhicules - arrière,,,,,,,,,,,5,2,1,2,2
200800003960,0008-01-03 16:00:00,8,1,3,16,0,690,34,AVENUE GENERAL DE GAULLE,,,Plein jour,En agglomération,Hors intersection,Normale,Autre collision,,,,,,,,,,,1,2,1,1,6
200800003961,0008-01-04 13:50:00,8,1,4,13,50,690,34,"40, RUE COSTE",,,Plein jour,En agglomération,Hors intersection,Temps couvert,Autre collision,,,,,,,,,,,1,2,1,8,6
200800003962,0008-01-15 12:30:00,8,1,15,12,30,690,91,SEMARD (PIERRE) ( R ),,,Plein jour,En agglomération,Hors intersection,Normale,Autre collision,,,,,,,,,,,1,2,1,1,6
200800003963,0008-01-30 14:05:00,8,1,30,14,5,690,91,ECHALAS (D'),,,Plein jour,En agglomération,Intersection en X,Normale,Deux véhicules - côté,,,,,,,,,,,1,2,2,1,3
200800003964,0008-01-18 09:15:00,8,1,18,9,15,690,149,EMILE ZOLA,,,Plein jour,En agglomération,Hors intersection,Normale,Autre collision,,,,,,,,,,,1,2,1,1,6
200800003965,0008-01-07 17:30:00,8,1,7,17,30,690,256,"22, GEORGES DIMITROV",,,Crépuscule ou aube,En agglomération,Hors intersection,Normale,Autre collision,,,,,,,,,,,2,2,1,1,6
200800003966,0008-01-05 16:10:00,8,1,5,16,10,690,259,"52, RUE ROGER SALENGRO",,,Crépuscule ou aube,En agglomération,Hors intersection,Pluie légère,Deux véhicules - côté,,,,,,,,,,,2,2,1,2,3