accident_id,datetime,annee,mois,jour,heure,minute,departement,commune_insee,adresse,latitude,longitude,luminosite,agglomeration,intersection,meteo,collision,nb_vehicules,nb_usagers,nb_indemnes,nb_tues,nb_blesses_hosp,nb_blesses_legers,age_cond_1,age_cond_2,veh_type_cond_1,veh_type_cond_2,lum_code,agg_code,int_code,atm_code,col_code
200800003967,0008-01-11 14:25:00,8,1,11,14,25,690,259,AVENUE MARCEL HOUEL,,,Plein jour,En agglomération,Intersection en T,Temps couvert,Deux véhicules - côté,,,,,,,,,,,1,2,3,8,3
200800003968,0008-01-13 13:40:00,8,1,13,13,40,690,199,"0, BOULEVARD YVES FARGE",,,Plein jour,En agglomération,Intersection en T,Normale,Deux véhicules - côté,,,,,,,,,,,1,2,3,1,3
200800003969,0008-01-14 13:00:00,8,1,14,13,0,690,259,"90, BOULEVARD IRENE JOLI",,,Plein jour,En agglomération,Intersection en T,Pluie légère,Deux véhicules - arrière,,,,,,,,,,,1,2,3,2,2
200800003970,0008-01-12 08:50:00,8,1,12,8,50,690,199,"44, CARNOT",,,Plein jour,En agglomération,Hors intersection,Pluie légère,Autre collision,,,,,,,,,,,1,2,1,2,6
200800003971,0008-01-15 10:15:00,8,1,15,10,15,690,259,"402, AVENUE CHARLES DE G",,,Plein jour,En agglomération,Hors intersection,Normale,Deux véhicules - arrière,,,,,,,,,,,1,2,1,1,2
200800003972,0008-01-14 12:15:00,8,1,14,12,15,690,199,RUE CARNOT,,,Plein jour,En agglomération,Intersection en T,Normale,Deux véhicules - côté,,,,,,,,,,,1,2,3,1,3
200800003973,0008-01-17 21:00:00,8,1,17,21,0,690,259,AVENUE JACQUES DUCLOS,,,Nuit avec éclairage allumé,En agglomération,Hors intersection,Pluie légère,Sans collision,,,,,,,,,,,5,2,1,2,7
200800003974,0008-01-19 15:15:00,8,1,19,15,15,690,199,RUE EMILE ZOLA,,,Plein jour,En agglomération,Intersection en T,Normale,Deux véhicules - côté,,,,,,,,,,,1,2,3,1,3
200800003975,0008-01-25 08:30:00,8,1,25,8,30,690,259,"273, BOULEVARD PINEL",,,Crépuscule ou aube,En agglomération,Hors intersection,Normale,Deux véhicules - côté,,,,,,,,,,,2,2,1,1,3
200800003976,0008-01-28 12:45:00,8,1,28,12,45,690,199,"55, AVENUE DES FRERES PE",,,Plein jour,En agglomération,Hors intersection,Normale,Deux véhicules - frontale,,,,,,,,,,,1,2,1,1,1
200800003977,0008-01-28 16:05:00,8,1,28,16,5,690,199,RUE DU MIDI,,,Plein jour,En agglomération,Intersection en X,Normale,Deux véhicules - frontale,,,,,,,,,,,1,2,2,1,1
200800003978,0008-01-29 14:30:00,8,1,29,14,30,690,199,", AVENUE JEAN JAURES",,,Plein jour,En agglomération,Intersection en T,Normale,Deux véhicules - côté,,,,,,,,,,,1,2,3,1,3
200800003979,0008-01-18 07:20:00,8,1,18,7,20,690,264,"678, ANSE D'   R",,,Nuit avec éclairage allumé,En agglomération,Hors intersection,Normale,Deux véhicules - côté,,,,,,,,,,,5,2,1,1,3
200800003980,0008-01-23 17:45:00,8,1,23,17,45,690,264,", BELLEVILLE  DE  R",,,Crépuscule ou aube,En agglomération,Intersection en X,Normale,Trois véhicules et plus - en chaîne,,,,,,,,,,,2,2,2,1,4
200800003981,0008-01-23 17:15:00,8,1,23,17,15,690,264,"1113, HERRIOT EDOUARD  A",,,Plein jour,En agglomération,Hors intersection,Normale,Deux véhicules - côté,,,,,,,,,,,1,2,1,1,3
200800003982,0008-01-16 08:40:00,8,1,16,8,40,690,264,"155, SABLES CH DES",,,Plein jour,En agglomération,Hors intersection,Pluie légère,Deux véhicules - côté,,,,,,,,,,,1,2,1,2,3
200800003983,0008-01-08 17:50:00,8,1,8,17,50,690,266,PLACE JULES GRANDCLEMENT,,,Nuit avec éclairage allumé,En agglomération,Hors intersection,Temps couvert,Autre collision,,,,,,,,,,,5,2,1,8,6
200800003984,0008-01-08 17:20:00,8,1,8,17,20,690,266,"1, RUE LAFONTAINE",,,Nuit avec éclairage allumé,En agglomération,Intersection en X,Normale,Deux véhicules - côté,,,,,,,,,,,5,2,2,1,3
200800003985,0008-01-10 08:25:00,8,1,10,8,25,690,266,"1, RUE BOURGCHANIN",,,Plein jour,En agglomération,Intersection en X,Normale,Autre collision,,,,,,,,,,,1,2,2,1,6
200800003986,0008-01-16 07:10:00,8,1,16,7,10,690,266,autre,,,Nuit avec éclairage allumé,En agglomération,Intersection en X,Normale,Autre collision,,,,,,,,,,,5,2,2,1,6
200800003987,0008-01-16 13:55:00,8,1,16,13,55,690,266,"17-21, BOULEVARD DU 11 N",,,Plein jour,En agglomération,Hors intersection,Normale,Autre collision,,,,,,,,,,,1,2,1,1,6
200800003988,0008-01-16 18:40:00,8,1,16,18,40,690,266,"130, RUE LEON BLUM",,,Nuit avec éclairage allumé,En agglomération,Hors intersection,Pluie légère,Deux véhicules - arrière,,,,,,,,,,,5,2,1,2,2
200800003989,0008-01-16 21:05:00,8,1,16,21,5,690,266,"1, AVENUE GENERAL LECLER",,,Nuit avec éclairage allumé,En agglomération,Intersection en X,Normale,Autre collision,,,,,,,,,,,5,2,2,1,6
200800003990,0008-01-21 06:30:00,8,1,21,6,30,690,266,"235, RUE DU 4 AOUT 1789",,,Nuit avec éclairage allumé,En agglomération,Intersection en X,Normale,Trois véhicules et plus - collisions multiples,,,,,,,,,,,5,2,2,1,5
200800003991,0008-01-13 20:00:00,8,1,13,20,0,690,266,"1, PONT DE CROIX LUIZET",,,Nuit avec éclairage allumé,En agglomération,Hors intersection,Normale,Deux véhicules - frontale,,,,,,,,,,,5,2,1,1,1
200800003992,0008-01-14 10:40:00,8,1,14,10,40,690,266,"119, COURS EMILE ZOLA",,,Plein jour,En agglomération,Hors intersection,Normale,Autre collision,,,,,,,,,,,1,2,1,1,6
200800003993,0008-01-15 07:15:00,8,1,15,7,15,690,266,"212, AVENUE ROGER SALENG",,,Nuit avec éclairage allumé,En agglomération,Hors intersection,Normale,Sans collision,,,,,,,,,,,5,2,1,1,7
200800003994,0008-01-16 13:10:00,8,1,16,13,10,690,266,"96, autre",,,Plein jour,En agglomération,Hors intersection,Normale,Autre collision,,,,,,,,,,,1,2,1,1,6
200800003995,0008-01-24 15:00:00,8,1,24,15,0,690,266,"2, RUE RACINE",,,Plein jour,En agglomération,Hors intersection,Normale,Autre collision,,,,,,,,,,,1,2,1,1,6
200800003996,0008-01-20 13:00:00,8,1,20,13,0,690,266,"1, RUE DES BLUETS",,,Plein jour,En agglomération,Intersection en T,Normale,Autre collision,,,,,,,,,,,1,2,3,1,6
200800003997,0008-01-23 11:30:00,8,1,23,11,30,690,266,"11, autre",,,Plein jour,En agglomération,Hors intersection,Normale,Trois véhicules et plus - collisions multiples,,,,,,,,,,,1,2,1,1,5
200800003998,0008-01-31 07:05:00,8,1,31,7,5,690,266,"1, RUE JEAN JAURES",,,Nuit avec éclairage allumé,En agglomération,Intersection en Y,Normale,Autre collision,,,,,,,,,,,5,2,4,1,6
200800003999,0008-01-10 09:15:00,8,1,10,9,15,690,275,RUE EMILE ZOLA,,,Plein jour,En agglomération,Intersection en T,Normale,Deux véhicules - côté,,,,,,,,,,,1,2,3,1,3
200800004000,0008-01-07 07:55:00,8,1,7,7,55,690,290,"2, RUE DU PROGRES",,,Crépuscule ou aube,En agglomération,Intersection en T,Pluie légère,Deux véhicules - frontale,,,,,,,,,,,2,2,3,2,1
200800004001,0008-01-11 05:30:00,8,1,11,5,30,690,290,"0, RUE DU LYONNAIS",,,Nuit avec éclairage allumé,En agglomération,Intersection en Y,Normale,Deux véhicules - frontale,,,,,,,,,,,5,2,4,1,1
200800004002,0008-01-11 07:50:00,8,1,11,7,50,690,290,"0, RUE DE L AVIATION",,,Crépuscule ou aube,En agglomération,Intersection en T,Normale,Deux véhicules - frontale,,,,,,,,,,,2,2,3,1,1
200800004003,0008-01-12 10:00:00,8,1,12,10,0,690,290,"0, BOULEVARD EDOUARD HER",,,Plein jour,En agglomération,Intersection en X,Pluie légère,Deux véhicules - côté,,,,,,,,,,,1,2,2,2,3
200800004004,0008-01-28 13:20:00,8,1,28,13,20,700,285,"15, DOCTEUR GAULIER (RUE",,,Plein jour,En agglomération,Hors intersection,Normale,Autre collision,,,,,,,,,,,1,2,1,1,6
200800004005,0008-01-09 13:55:00,8,1,9,13,55,700,261,RN19,,,Plein jour,Hors agglomération,Hors intersection,Pluie légère,Deux véhicules - côté,,,,,,,,,,,1,1,1,2,3
200800004006,0008-01-03 12:15:00,8,1,3,12,15,710,153,"., ABATTOIRS (boulevard",,,Plein jour,En agglomération,Intersection en T,Normale,Trois véhicules et plus - collisions multiples,,,,,,,,,,,1,2,3,1,5
200800004007,0008-01-11 18:35:00,8,1,11,18,35,710,153,"18, HAVRE (RUE DU)",,,Nuit avec éclairage allumé,En agglomération,Intersection en X,Temps couvert,Deux véhicules - côté,,,,,,,,,,,5,2,2,8,3
200800004008,0008-01-15 07:50:00,8,1,15,7,50,710,59,"., C.D. 984",,,Nuit avec éclairage allumé,En agglomération,Intersection en T,Normale,Deux véhicules - arrière,,,,,,,,,,,5,2,3,1,2
200800004009,0008-01-20 08:40:00,8,1,20,8,40,710,153,"30, HUGO (RUE VICTOR)",,,Plein jour,En agglomération,Hors intersection,Normale,Autre collision,,,,,,,,,,,1,2,1,1,6
200800004010,0008-01-25 06:00:00,8,1,25,6,0,710,153,"14, YOUGOSLAVIE (RUE DE)",,,Nuit avec éclairage allumé,En agglomération,Hors intersection,Normale,Deux véhicules - frontale,,,,,,,,,,,5,2,1,1,1
200800004011,0008-01-28 09:50:00,8,1,28,9,50,710,59,"28, C.D. 61",,,Plein jour,Hors agglomération,Hors intersection,Normale,Autre collision,,,,,,,,,,,1,1,1,1,6
200800004012,0008-01-30 18:15:00,8,1,30,18,15,710,153,CAVELL (RUE EDITH),,,Nuit avec éclairage allumé,En agglomération,Intersection en X,Neige / grêle,Deux véhicules - côté,,,,,,,,,,,5,2,2,4,3
200800004013,0008-01-05 00:25:00,8,1,5,0,25,710,270,"24, PILLET (RUE CHARLES)",,,Nuit avec éclairage allumé,En agglomération,Hors intersection,Normale,Autre collision,,,,,,,,,,,5,2,1,1,6
200800004014,0008-01-05 11:15:00,8,1,5,11,15,710,270,"1, CHEMIN DES GRANDS SIL",,,Plein jour,Hors agglomération,Intersection en T,Normale,Deux véhicules - côté,,,,,,,,,,,1,1,3,1,3
200800004015,0008-01-07 17:30:00,8,1,7,17,30,710,270,LYON (ROUTE DE),,,Nuit avec éclairage allumé,En agglomération,Hors intersection,Normale,Deux véhicules - côté,,,,,,,,,,,5,2,1,1,3
200800004016,0008-01-11 11:40:00,8,1,11,11,40,710,270,HERITAN (RUE DE L'),,,Plein jour,En agglomération,Hors intersection,Normale,Trois véhicules et plus - collisions multiples,,,,,,,,,,,1,2,1,1,5
200800004017,0008-01-10 16:45:00,8,1,10,16,45,710,270,"1, NEUF CLES (BOULEVARD",,,Plein jour,En agglomération,Hors intersection,Normale,Autre collision,,,,,,,,,,,1,2,1,1,6
200800004018,0008-01-12 18:30:00,8,1,12,18,30,710,270,"1, JUIN (RUE DU MARECHAL",,,Plein jour,En agglomération,Hors intersection,Normale,Autre collision,,,,,,,,,,,1,2,1,1,6
200800004019,0008-01-21 12:25:00,8,1,21,12,25,710,270,"1, COLOMBIER (CHEMIN DU)",,,Plein jour,Hors agglomération,Hors intersection,Normale,Deux véhicules - côté,,,,,,,,,,,1,1,1,1,3
200800004020,0008-01-23 14:00:00,8,1,23,14,0,710,270,"1, MOULINS (CHEMIN DES)",,,Plein jour,En agglomération,Intersection en X,Normale,Deux véhicules - côté,,,,,,,,,,,1,2,2,1,3
200800004021,0008-01-05 20:50:00,8,1,5,20,50,710,306,"45, CHAROLLES (RUE DE)",,,Nuit avec éclairage allumé,En agglomération,Hors intersection,Pluie forte,Autre collision,,,,,,,,,,,5,2,1,3,6
200800004022,0008-01-06 00:25:00,8,1,6,0,25,710,306,CLUNY (RUE DE),,,Nuit avec éclairage allumé,En agglomération,Intersection en X,Pluie forte,Deux véhicules - frontale,,,,,,,,,,,5,2,2,3,1
200800004023,0008-01-04 17:55:00,8,1,4,17,55,710,306,"29, ALOUETTES (AVENUE DE",,,Nuit avec éclairage allumé,En agglomération,Intersection en X,Normale,Deux véhicules - côté,,,,,,,,,,,5,2,2,1,3
200800004024,0008-01-07 07:25:00,8,1,7,7,25,710,306,SENTIER (RUE),,,Nuit avec éclairage allumé,En agglomération,Intersection en X,Pluie légère,Deux véhicules - côté,,,,,,,,,,,5,2,2,2,3
200800004025,0008-01-07 17:00:00,8,1,7,17,0,710,306,"29, TAGNIERE (RUE DE LA)",,,Plein jour,En agglomération,Hors intersection,Normale,Deux véhicules - arrière,,,,,,,,,,,1,2,1,1,2
200800004026,0008-01-10 17:10:00,8,1,10,17,10,710,306,"2 BIS, ANDRE JARROT",,,Plein jour,En agglomération,Hors intersection,Normale,Sans collision,,,,,,,,,,,1,2,1,1,7
200800004027,0008-01-10 17:55:00,8,1,10,17,55,710,306,DE LATTRE DE TASSIGNY (B,,,Nuit avec éclairage allumé,En agglomération,Hors intersection,Normale,Sans collision,,,,,,,,,,,5,2,1,1,7
200800004028,0008-01-11 16:35:00,8,1,11,16,35,710,486,CHARLES TERRENOIRE (RUE),,,Crépuscule ou aube,Hors agglomération,Intersection en T,Normale,Deux véhicules - côté,,,,,,,,,,,2,1,3,1,3
200800004029,0008-01-17 17:05:00,8,1,17,17,5,710,40,MACON (ROUTE DE),,,Nuit avec éclairage allumé,En agglomération,Hors intersection,Normale,Sans collision,,,,,,,,,,,5,2,1,1,7
200800004030,0008-01-23 07:00:00,8,1,23,7,0,710,306,"13, CHAMP DU MOULIN (RUE",,,Nuit avec éclairage allumé,En agglomération,Intersection en X,Normale,Sans collision,,,,,,,,,,,5,2,2,1,7
200800004031,0008-01-23 07:40:00,8,1,23,7,40,710,306,"29, 8 MAI 1945 (RUE DU)",,,Crépuscule ou aube,En agglomération,Intersection en X,Brouillard / fumée,Sans collision,,,,,,,,,,,2,2,2,5,7
200800004032,0008-01-23 07:45:00,8,1,23,7,45,710,486,"32, ROBESPIERRE (RUE)",,,Crépuscule ou aube,En agglomération,Intersection en X,Normale,Deux véhicules - côté,,,,,,,,,,,2,2,2,1,3
200800004033,0008-01-26 09:15:00,8,1,26,9,15,710,499,FOUTHIAUX (RUE DES),,,Plein jour,Hors agglomération,Hors intersection,Neige / grêle,Deux véhicules - arrière,,,,,,,,,,,1,1,1,4,2
200800004034,0008-01-28 15:50:00,8,1,28,15,50,710,306,"64, MARECHAL LECLERC (AV",,,Plein jour,En agglomération,Hors intersection,Normale,Deux véhicules - arrière,,,,,,,,,,,1,2,1,1,2
200800004035,0008-01-03 12:50:00,8,1,3,12,50,720,181,"38, PREMARTINE (RUE) N°",,,Plein jour,En agglomération,Hors intersection,Pluie légère,Deux véhicules - frontale,,,,,,,,,,,1,2,1,2,1
200800004036,0008-01-03 18:12:00,8,1,3,18,12,720,181,PREMIERE DIVISION FRANCA,,,Nuit avec éclairage allumé,En agglomération,Autre intersection,Pluie légère,Trois véhicules et plus - collisions multiples,,,,,,,,,,,5,2,9,2,5
200800004037,0008-01-04 17:10:00,8,1,4,17,10,720,181,TORCE (RUE DE),,,Nuit avec éclairage allumé,En agglomération,Intersection en X,Normale,Deux véhicules - côté,,,,,,,,,,,5,2,2,1,3
200800004038,0008-01-05 19:00:00,8,1,5,19,0,720,181,VOLTAIRE (RUE) N° IMP 1,,,Nuit avec éclairage allumé,En agglomération,Hors intersection,Pluie légère,Autre collision,,,,,,,,,,,5,2,1,2,6
200800004039,0008-01-07 07:30:00,8,1,7,7,30,720,3,SUZE (RTE DE LA),,,Plein jour,Hors agglomération,Hors intersection,Normale,Autre collision,,,,,,,,,,,1,1,1,1,6
200800004040,0008-01-07 14:15:00,8,1,7,14,15,720,181,GLONNIERES (BD) N° IMP,,,Plein jour,En agglomération,Hors intersection,Normale,Deux véhicules - côté,,,,,,,,,,,1,2,1,1,3
200800004041,0008-01-08 00:55:00,8,1,8,0,55,720,181,ANGERS (RTE D'),,,Nuit avec éclairage allumé,Hors agglomération,Hors intersection,Normale,Autre collision,,,,,,,,,,,5,1,1,1,6
200800004042,0008-01-08 07:40:00,8,1,8,7,40,720,181,JAURES JEAN (AV) N° IMP,,,Plein jour,En agglomération,Hors intersection,Pluie légère,Autre collision,,,,,,,,,,,1,2,1,2,6
200800004043,0008-01-08 11:05:00,8,1,8,11,5,720,181,"218, GAMBETTA IMP 149 ET",,,Plein jour,En agglomération,Hors intersection,Normale,Autre collision,,,,,,,,,,,1,2,1,1,6
200800004044,0008-01-10 17:27:00,8,1,10,17,27,720,181,LYAUTEY MARECHAL (AV) N°,,,Nuit avec éclairage allumé,En agglomération,Hors intersection,Normale,Autre collision,,,,,,,,,,,5,2,1,1,6
200800004045,0008-01-13 21:30:00,8,1,13,21,30,720,181,JAURES CHURCHILL (ECHANG,,,Nuit avec éclairage allumé,En agglomération,Hors intersection,Normale,Deux véhicules - frontale,,,,,,,,,,,5,2,1,1,1
200800004046,0008-01-15 12:10:00,8,1,15,12,10,720,181,GENESLAY FELIX (AV) N° I,,,Plein jour,En agglomération,Hors intersection,Vent fort / tempête,Autre collision,,,,,,,,,,,1,2,1,6,6
200800004047,0008-01-16 18:15:00,8,1,16,18,15,720,181,NATIONALE (RUE),,,Nuit avec éclairage allumé,En agglomération,Hors intersection,Normale,Autre collision,,,,,,,,,,,5,2,1,1,6
200800004048,0008-01-16 19:35:00,8,1,16,19,35,720,3,SUZE (RTE DE LA),,,Nuit avec éclairage allumé,En agglomération,Hors intersection,Pluie légère,Autre collision,,,,,,,,,,,5,2,1,2,6
200800004049,0008-01-18 14:45:00,8,1,18,14,45,720,181,BUGATTI ETTORE (RUE),,,Plein jour,Hors agglomération,Hors intersection,Pluie légère,Deux véhicules - arrière,,,,,,,,,,,1,1,1,2,2
200800004050,0008-01-19 13:00:00,8,1,19,13,0,720,181,GUILLOT-AMI (RUE),,,Plein jour,En agglomération,Intersection en X,Normale,Deux véhicules - côté,,,,,,,,,,,1,2,2,1,3
200800004051,0008-01-21 15:00:00,8,1,21,15,0,720,181,"41, BARTHOLDI FRED AUGUS",,,Plein jour,En agglomération,Hors intersection,Normale,Deux véhicules - côté,,,,,,,,,,,1,2,1,1,3
200800004052,0008-01-21 18:00:00,8,1,21,18,0,720,181,"45, DURAND GEORGES (AV)",,,Nuit avec éclairage allumé,En agglomération,Hors intersection,Normale,Deux véhicules - côté,,,,,,,,,,,5,2,1,1,3
200800004053,0008-01-25 19:00:00,8,1,25,19,0,720,181,"33, BONNETABLE (RTE) N°",,,Nuit avec éclairage allumé,En agglomération,Hors intersection,Normale,Deux véhicules - frontale,,,,,,,,,,,5,2,1,1,1
200800004054,0008-01-27 04:20:00,8,1,27,4,20,720,181,PADERBORN (AV) N° IMP 5,,,Nuit avec éclairage allumé,En agglomération,Hors intersection,Normale,Autre collision,,,,,,,,,,,5,2,1,1,6
200800004055,0008-01-10 07:36:00,8,1,10,7,36,730,65,VOIE RAPIDE URBAINE,,,Crépuscule ou aube,En agglomération,Hors intersection,Autre,Autre collision,,,,,,,,,,,2,2,1,9,6
200800004056,0008-01-25 08:47:00,8,1,25,8,47,730,87,CORINTHE (AVENUE DE),,,Plein jour,En agglomération,Hors intersection,Normale,Autre collision,,,,,,,,,,,1,2,1,1,6
200800004057,0008-01-24 14:23:00,8,1,24,14,23,730,65,CALVAIRE (CHEMIN DU),,,Plein jour,En agglomération,Hors intersection,Normale,Autre collision,,,,,,,,,,,1,2,1,1,6
200800004058,0008-01-05 00:30:00,8,1,5,0,30,740,10,"33, PLAINE (AVENUE DE LA",,,Nuit avec éclairage allumé,Hors agglomération,Hors intersection,Normale,Autre collision,,,,,,,,,,,5,1,1,1,6
200800004059,0008-01-05 21:20:00,8,1,5,21,20,740,10,"., LYCEE (BOULEVARD DU)(",,,Nuit avec éclairage allumé,En agglomération,Intersection en X,Pluie légère,Autre collision,,,,,,,,,,,5,2,2,2,6
200800004060,0008-01-06 20:55:00,8,1,6,20,55,740,10,"30, BEL AIR",,,Nuit avec éclairage allumé,En agglomération,Hors intersection,Normale,Autre collision,,,,,,,,,,,5,2,1,1,6
200800004061,0008-01-09 07:00:00,8,1,9,7,0,740,10,"1, TRESUM (AVENUE DE)",,,Nuit avec éclairage allumé,En agglomération,Hors intersection,Normale,Autre collision,,,,,,,,,,,5,2,1,1,6
200800004062,0008-01-12 18:30:00,8,1,12,18,30,740,93,CREUSES (ROUTE DES),,,Nuit sans éclairage public,En agglomération,Hors intersection,Normale,Autre collision,,,,,,,,,,,3,2,1,1,6
200800004063,0008-01-14 10:20:00,8,1,14,10,20,740,93,"3, PRELEVET (AVENUE DE)",,,Plein jour,En agglomération,Hors intersection,Temps couvert,Trois véhicules et plus - en chaîne,,,,,,,,,,,1,2,1,8,4
200800004064,0008-01-24 19:30:00,8,1,24,19,30,740,12,GENEVE (RUE DE),,,Crépuscule ou aube,En agglomération,Hors intersection,Normale,Autre collision,,,,,,,,,,,2,2,1,1,6
200800004065,0008-01-18 10:05:00,8,1,18,10,5,740,12,FERRY (AVENUE JULES),,,Plein jour,En agglomération,Hors intersection,Normale,Autre collision,,,,,,,,,,,1,2,1,1,6
200800004066,0008-01-23 18:00:00,8,1,23,18,0,740,118,"41, SAINT-JULIEN (ROUTE",,,Plein jour,En agglomération,Hors intersection,Normale,Deux véhicules - côté,,,,,,,,,,,1,2,1,1,3
200800004067,0008-01-02 06:24:00,8,1,2,6,24,740,281,RONDE (CHEMIN DE),,,Crépuscule ou aube,En agglomération,Intersection en X,Normale,Autre collision,,,,,,,,,,,2,2,2,1,6
200800004068,0008-01-02 14:25:00,8,1,2,14,25,740,281,"89, CORNICHE (BD DE LA)",,,Plein jour,En agglomération,Hors intersection,Normale,Deux véhicules - frontale,,,,,,,,,,,1,2,1,1,1
200800004069,0008-01-18 17:50:00,8,1,18,17,50,740,281,FERRY (AV JULES) APRES N,,,Nuit avec éclairage non allumé,En agglomération,Intersection en T,Normale,Autre collision,,,,,,,,,,,4,2,3,1,6
200800004070,0008-01-22 20:05:00,8,1,22,20,5,740,119,"281, NOAILLES (AVENUE AN",,,Nuit avec éclairage allumé,En agglomération,Hors intersection,Normale,Autre collision,,,,,,,,,,,5,2,1,1,6
200800004071,0008-01-29 12:45:00,8,1,29,12,45,740,281,FORCHAT (AVENUE DU),,,Plein jour,En agglomération,Intersection en X,Normale,Autre collision,,,,,,,,,,,1,2,2,1,6
200800004072,0008-01-05 09:40:00,8,1,5,9,40,760,476,RD 81,,,Plein jour,Hors agglomération,Hors intersection,Temps couvert,Deux véhicules - frontale,,,,,,,,,,,1,1,1,8,1
200800004073,0008-01-22 11:43:00,8,1,22,11,43,760,114,"25, JACQUES FAUQUET (RUE",,,Plein jour,En agglomération,Hors intersection,Pluie légère,Autre collision,,,,,,,,,,,1,2,1,2,6
200800004074,0008-01-01 01:55:00,8,1,1,1,55,760,217,RD925 ( bolevard  de Gau,,,Nuit avec éclairage allumé,En agglomération,Hors intersection,Normale,Deux véhicules - côté,,,,,,,,,,,5,2,1,1,3
200800004075,0008-01-04 17:55:00,8,1,4,17,55,760,217,RD 925,,,Crépuscule ou aube,En agglomération,Hors intersection,Normale,Autre collision,,,,,,,,,,,2,2,1,1,6
200800004076,0008-01-07 08:40:00,8,1,7,8,40,760,217,"12, COURLIS (DES)",,,Plein jour,En agglomération,Intersection en T,Normale,Deux véhicules - côté,,,,,,,,,,,1,2,3,1,3
200800004077,0008-01-08 12:23:00,8,1,8,12,23,760,545,BREAUTE (AVENUE),,,Plein jour,En agglomération,Hors intersection,Normale,Deux véhicules - côté,,,,,,,,,,,1,2,1,1,3
200800004078,0008-01-10 16:45:00,8,1,10,16,45,760,217,RD 925,,,Plein jour,En agglomération,Hors intersection,Normale,Autre collision,,,,,,,,,,,1,2,1,1,6
200800004079,0008-01-15 08:00:00,8,1,15,8,0,760,349,CD 75,,,Plein jour,Hors agglomération,Hors intersection,Normale,Sans collision,,,,,,,,,,,1,1,1,1,7
200800004080,0008-01-21 08:54:00,8,1,21,8,54,760,565,RN 27,,,Plein jour,Hors agglomération,Hors intersection,Normale,Sans collision,,,,,,,,,,,1,1,1,1,7
200800004081,0008-01-31 14:50:00,8,1,31,14,50,760,707,RD 915,,,Plein jour,Hors agglomération,Intersection en X,Normale,Deux véhicules - côté,,,,,,,,,,,1,1,2,1,3
200800004082,0008-01-15 21:25:00,8,1,15,21,25,760,486,"1, RD 938 (VERS GRAND CO",,,Nuit avec éclairage allumé,En agglomération,Hors intersection,Temps couvert,Deux véhicules - frontale,,,,,,,,,,,5,2,1,8,1
200800004083,0008-01-21 18:35:00,8,1,21,18,35,760,640,"1, PUITS MEROT. RUE DU",,,Nuit avec éclairage allumé,En agglomération,Hors intersection,Pluie légère,Autre collision,,,,,,,,,,,5,2,1,2,6
200800004084,0008-01-22 12:00:00,8,1,22,12,0,760,165,"109, POTTIER. RUE EUGENE",,,Plein jour,En agglomération,Hors intersection,Normale,Autre collision,,,,,,,,,,,1,2,1,1,6
200800004085,0008-01-23 14:50:00,8,1,23,14,50,760,231,"1, HENRI. RUE",,,Plein jour,En agglomération,Hors intersection,Normale,Autre collision,,,,,,,,,,,1,2,1,1,6
200800004086,0008-01-09 16:30:00,8,1,9,16,30,760,600,"888, ETRETAT ( ROUTE D')",,,Plein jour,En agglomération,Hors intersection,Normale,Deux véhicules - frontale,,,,,,,,,,,1,2,1,1,1
200800004087,0008-01-03 15:50:00,8,1,3,15,50,760,351,"Néant, MICHELET",,,Plein jour,En agglomération,Intersection en X,Normale,Autre collision,,,,,,,,,,,1,2,2,1,6
200800004088,0008-01-05 18:25:00,8,1,5,18,25,760,351,"0, LOUIS LUMIERE",,,Nuit sans éclairage public,Hors agglomération,Hors intersection,Pluie légère,Autre collision,,,,,,,,,,,3,1,1,2,6
200800004089,0008-01-06 07:55:00,8,1,6,7,55,760,351,"Néant, JENNER (PLACE)",,,Nuit avec éclairage allumé,En agglomération,Hors intersection,Normale,Autre collision,,,,,,,,,,,5,2,1,1,6
200800004090,0008-01-07 08:30:00,8,1,7,8,30,760,447,"1, NORDHORN",,,Crépuscule ou aube,En agglomération,Hors intersection,Normale,Autre collision,,,,,,,,,,,2,2,1,1,6
200800004091,0008-01-08 17:30:00,8,1,8,17,30,760,351,"1, DESRAME",,,Crépuscule ou aube,En agglomération,Intersection en T,Normale,Deux véhicules - côté,,,,,,,,,,,2,2,3,1,3
200800004092,0008-01-10 03:10:00,8,1,10,3,10,760,447,"Néant, Route Département",,,Nuit sans éclairage public,Hors agglomération,Hors intersection,Normale,Deux véhicules - arrière,,,,,,,,,,,3,1,1,1,2
200800004093,0008-01-11 17:55:00,8,1,11,17,55,760,552,"Néant, ALBERT DUBOSC",,,Nuit avec éclairage allumé,En agglomération,Intersection en T,Pluie légère,Deux véhicules - côté,,,,,,,,,,,5,2,3,2,3
200800004094,0008-01-12 16:00:00,8,1,12,16,0,760,351,"Néant, DOCTEUR VIGNE",,,Plein jour,En agglomération,Hors intersection,Normale,Autre collision,,,,,,,,,,,1,2,1,1,6
200800004095,0008-01-12 15:15:00,8,1,12,15,15,760,351,"79, BOIS DE BLEVILLE (AV",,,Plein jour,En agglomération,Hors intersection,Normale,Autre collision,,,,,,,,,,,1,2,1,1,6
200800004096,0008-01-16 18:10:00,8,1,16,18,10,760,351,"57, MARECHAL JOFFRE (RUE",,,Nuit avec éclairage allumé,En agglomération,Intersection en T,Pluie forte,Autre collision,,,,,,,,,,,5,2,3,3,6