accident_id,datetime,annee,mois,jour,heure,minute,departement,commune_insee,adresse,latitude,longitude,luminosite,agglomeration,intersection,meteo,collision,nb_vehicules,nb_usagers,nb_indemnes,nb_tues,nb_blesses_hosp,nb_blesses_legers,age_cond_1,age_cond_2,veh_type_cond_1,veh_type_cond_2,lum_code,agg_code,int_code,atm_code,col_code
200800004097,0008-01-18 23:10:00,8,1,18,23,10,760,351,"2, EUGENE MOPIN",,,Nuit avec éclairage allumé,En agglomération,Hors intersection,Normale,Autre collision,,,,,,,,,,,5,2,1,1,6
200800004098,0008-01-28 07:15:00,8,1,28,7,15,760,351,"173, JEAN JAURES (AVENUE",,,Nuit avec éclairage allumé,En agglomération,Hors intersection,Normale,Deux véhicules - côté,,,,,,,,,,,5,2,1,1,3
200800004099,0008-01-28 18:25:00,8,1,28,18,25,760,351,"0, HOTEL DE VILLE (PLACE",,,Nuit avec éclairage allumé,En agglomération,Hors intersection,Normale,Autre collision,,,,,,,,,,,5,2,1,1,6
200800004100,0008-01-29 17:30:00,8,1,29,17,30,760,351,"142, GUSTAVE BRINDEAU",,,Crépuscule ou aube,En agglomération,Hors intersection,Normale,Autre collision,,,,,,,,,,,2,2,1,1,6
200800004101,0008-01-29 20:25:00,8,1,29,20,25,760,447,"Néant, Route Département",,,Nuit sans éclairage public,Hors agglomération,Hors intersection,Normale,Autre collision,,,,,,,,,,,3,1,1,1,6
200800004102,0008-01-01 18:45:00,8,1,1,18,45,760,212,"1, CHAMPLAIN. ALLEE",,,Nuit avec éclairage allumé,En agglomération,Hors intersection,Normale,Deux véhicules - côté,,,,,,,,,,,5,2,1,1,3
200800004103,0008-01-02 07:30:00,8,1,2,7,30,760,540,RONDEAUX. AVENUE JEAN,,,Nuit avec éclairage allumé,En agglomération,Hors intersection,Normale,Deux véhicules - frontale,,,,,,,,,,,5,2,1,1,1
200800004104,0008-01-03 08:00:00,8,1,3,8,0,760,540,"1, CHASTELLAIN. AVENUE J",,,Nuit avec éclairage allumé,En agglomération,Hors intersection,Pluie légère,Autre collision,,,,,,,,,,,5,2,1,2,6
200800004105,0008-01-06 01:15:00,8,1,6,1,15,760,540,"1, MARNE. BOULEVARD DE L",,,Nuit avec éclairage allumé,En agglomération,Hors intersection,Normale,Deux véhicules - côté,,,,,,,,,,,5,2,1,1,3
200800004106,0008-01-04 15:35:00,8,1,4,15,35,760,319,JAURES. AVENUE JEAN,,,Plein jour,En agglomération,Hors intersection,Normale,Deux véhicules - côté,,,,,,,,,,,1,2,1,1,3
200800004107,0008-01-06 19:00:00,8,1,6,19,0,760,497,VOIE RAPIDE SUD 3 (RN 33,,,Nuit sans éclairage public,Hors agglomération,Hors intersection,Pluie légère,Sans collision,,,,,,,,,,,3,1,1,2,7
200800004108,0008-01-08 07:35:00,8,1,8,7,35,760,319,"1, RN 138",,,Nuit sans éclairage public,Hors agglomération,Hors intersection,Pluie légère,Deux véhicules - côté,,,,,,,,,,,3,1,1,2,3
200800004109,0008-01-08 09:00:00,8,1,8,9,0,760,212,LOMBARDIE. ROUTE DE LA,,,Plein jour,Hors agglomération,Hors intersection,Temps couvert,Sans collision,,,,,,,,,,,1,1,1,8,7
200800004110,0008-01-09 06:45:00,8,1,9,6,45,760,681,"1, ELUARD. RUE PAUL",,,Nuit avec éclairage allumé,En agglomération,Hors intersection,Pluie légère,Sans collision,,,,,,,,,,,5,2,1,2,7
200800004111,0008-01-10 14:30:00,8,1,10,14,30,760,681,"1, KAHN. RUE EMILE",,,Plein jour,En agglomération,Hors intersection,Normale,Deux véhicules - côté,,,,,,,,,,,1,2,1,1,3
200800004112,0008-01-14 20:15:00,8,1,14,20,15,760,319,RN 138,,,Nuit sans éclairage public,Hors agglomération,Hors intersection,Normale,Sans collision,,,,,,,,,,,3,1,1,1,7
200800004113,0008-01-13 04:15:00,8,1,13,4,15,760,103,"55, REPUBLIQUE. RUE DE L",,,Nuit avec éclairage allumé,En agglomération,Hors intersection,Normale,Sans collision,,,,,,,,,,,5,2,1,1,7
200800004114,0008-01-11 13:05:00,8,1,11,13,5,760,498,"1, JAURES. AVENUE JEAN",,,Plein jour,En agglomération,Hors intersection,Normale,Sans collision,,,,,,,,,,,1,2,1,1,7
200800004115,0008-01-12 19:00:00,8,1,12,19,0,760,322,DOCKS. BOULEVARD DES,,,Nuit avec éclairage allumé,Hors agglomération,Hors intersection,Normale,Autre collision,,,,,,,,,,,5,1,1,1,6
200800004116,0008-01-12 21:05:00,8,1,12,21,5,760,540,"1, REPUBLIQUE. RUE DE LA",,,Nuit avec éclairage allumé,En agglomération,Hors intersection,Normale,Sans collision,,,,,,,,,,,5,2,1,1,7
200800004117,0008-01-12 12:30:00,8,1,12,12,30,760,498,"1, MACE. RUE JEAN",,,Plein jour,En agglomération,Hors intersection,Normale,Deux véhicules - arrière,,,,,,,,,,,1,2,1,1,2
200800004118,0008-01-12 09:35:00,8,1,12,9,35,760,322,"1, ROOSEVELT. AVENUE FRA",,,Plein jour,En agglomération,Hors intersection,Normale,Sans collision,,,,,,,,,,,1,2,1,1,7
200800004119,0008-01-13 04:20:00,8,1,13,4,20,760,410,A 15,,,Nuit sans éclairage public,Hors agglomération,Hors intersection,Normale,Autre collision,,,,,,,,,,,3,1,1,1,6
200800004120,0008-01-14 16:10:00,8,1,14,16,10,760,410,"1, CD 43 (AVENUE DU VAL",,,Plein jour,En agglomération,Hors intersection,Normale,Deux véhicules - côté,,,,,,,,,,,1,2,1,1,3
200800004121,0008-01-14 17:45:00,8,1,14,17,45,760,540,"14 Bis, LECANUET. RUE JE",,,Nuit avec éclairage allumé,En agglomération,Hors intersection,Pluie légère,Deux véhicules - côté,,,,,,,,,,,5,2,1,2,3
200800004122,0008-01-15 07:40:00,8,1,15,7,40,760,498,"1, BOURBAKI. RUE",,,Nuit avec éclairage allumé,En agglomération,Hors intersection,Pluie légère,Deux véhicules - frontale,,,,,,,,,,,5,2,1,2,1
200800004123,0008-01-17 10:30:00,8,1,17,10,30,760,540,CHAMPLAIN. AVENUE,,,Plein jour,En agglomération,Hors intersection,Normale,Deux véhicules - côté,,,,,,,,,,,1,2,1,1,3
200800004124,0008-01-17 11:05:00,8,1,17,11,5,760,540,RN 28,,,Plein jour,En agglomération,Hors intersection,Normale,Deux véhicules - côté,,,,,,,,,,,1,2,1,1,3
200800004125,0008-01-17 17:45:00,8,1,17,17,45,760,157,"1, ALLENDE. AVENUE DU PR",,,Nuit avec éclairage allumé,En agglomération,Hors intersection,Normale,Sans collision,,,,,,,,,,,5,2,1,1,7
200800004126,0008-01-18 11:20:00,8,1,18,11,20,760,410,CD 43 (AVENUE DU VAL AUX,,,Plein jour,En agglomération,Intersection en T,Pluie légère,Deux véhicules - côté,,,,,,,,,,,1,2,3,2,3
200800004127,0008-01-18 20:40:00,8,1,18,20,40,760,540,"1, PORTE DES CHAMPS. AVE",,,Nuit avec éclairage allumé,En agglomération,Hors intersection,Normale,Sans collision,,,,,,,,,,,5,2,1,1,7
200800004128,0008-01-18 18:50:00,8,1,18,18,50,760,108,NEUFCHATEL. ROUTE DE (RN,,,Nuit avec éclairage allumé,En agglomération,Intersection en T,Pluie légère,Sans collision,,,,,,,,,,,5,2,3,2,7
200800004129,0008-01-19 19:00:00,8,1,19,19,0,760,322,MAURICE RAVEL - QUARTIER,,,Nuit avec éclairage allumé,En agglomération,Intersection en X,Normale,Deux véhicules - côté,,,,,,,,,,,5,2,2,1,3
200800004130,0008-01-23 16:35:00,8,1,23,16,35,760,540,"1, CROISSET. CHEMIN DE",,,Plein jour,En agglomération,Intersection en X,Temps couvert,Sans collision,,,,,,,,,,,1,2,2,8,7
200800004131,0008-01-23 21:25:00,8,1,23,21,25,760,322,"1, GAY LUSSAC. RUE",,,Nuit avec éclairage allumé,En agglomération,Hors intersection,Normale,Sans collision,,,,,,,,,,,5,2,1,1,7
200800004132,0008-01-24 14:50:00,8,1,24,14,50,760,540,METAYER. AVENUE GEORGES,,,Plein jour,En agglomération,Intersection en T,Pluie légère,Autre collision,,,,,,,,,,,1,2,3,2,6
200800004133,0008-01-24 21:15:00,8,1,24,21,15,760,484,"2630, ROCHES. ROUTE DES",,,Nuit avec éclairage allumé,En agglomération,Hors intersection,Normale,Deux véhicules - frontale,,,,,,,,,,,5,2,1,1,1
200800004134,0008-01-25 23:10:00,8,1,25,23,10,760,540,"1, BEAUVOISINE. PLACE",,,Nuit sans éclairage public,En agglomération,Hors intersection,Normale,Deux véhicules - côté,,,,,,,,,,,3,2,1,1,3
200800004135,0008-01-27 05:30:00,8,1,27,5,30,760,322,RN 338 (VOIE RAPIDE SUD,,,Nuit avec éclairage allumé,Hors agglomération,Hors intersection,Brouillard / fumée,Sans collision,,,,,,,,,,,5,1,1,5,7
200800004136,0008-01-25 08:44:00,8,1,25,8,44,760,322,ROOSEVELT. AVENUE FRANKL,,,Plein jour,En agglomération,Giratoire,Normale,Deux véhicules - côté,,,,,,,,,,,1,2,6,1,3
200800004137,0008-01-25 15:55:00,8,1,25,15,55,760,216,ARCHEVEQUE. BOIS DE L',,,Plein jour,En agglomération,Hors intersection,Autre,Sans collision,,,,,,,,,,,1,2,1,9,7
200800004138,0008-01-26 14:30:00,8,1,26,14,30,760,108,BRETEQUE. CHEMIN DE LA,,,Plein jour,En agglomération,Hors intersection,Normale,Deux véhicules - côté,,,,,,,,,,,1,2,1,1,3
200800004139,0008-01-26 09:00:00,8,1,26,9,0,760,497,RN 138,,,Plein jour,Hors agglomération,Hors intersection,Brouillard / fumée,Autre collision,,,,,,,,,,,1,1,1,5,6
200800004140,0008-01-26 17:35:00,8,1,26,17,35,760,575,"91, MADRILLET. RUE DU",,,Plein jour,En agglomération,Hors intersection,Normale,Autre collision,,,,,,,,,,,1,2,1,1,6
200800004141,0008-01-27 05:20:00,8,1,27,5,20,760,451,BOIS DES DAMES. AVENUE D,,,Nuit sans éclairage public,En agglomération,Hors intersection,Normale,Autre collision,,,,,,,,,,,3,2,1,1,6
200800004142,0008-01-28 13:40:00,8,1,28,13,40,760,681,"1, 4 MARES. GRANDE RUE D",,,Crépuscule ou aube,En agglomération,Hors intersection,Normale,Trois véhicules et plus - en chaîne,,,,,,,,,,,2,2,1,1,4
200800004143,0008-01-30 14:25:00,8,1,30,14,25,760,498,"1, JAURES. AVENUE JEAN",,,Plein jour,En agglomération,Hors intersection,Temps éblouissant,Autre collision,,,,,,,,,,,1,2,1,7,6
200800004144,0008-01-31 08:20:00,8,1,31,8,20,760,540,"1, PASCAL. RUE BLAISE",,,Plein jour,En agglomération,Hors intersection,Normale,Deux véhicules - côté,,,,,,,,,,,1,2,1,1,3
200800004145,0008-01-31 16:10:00,8,1,31,16,10,760,540,"1, REPUBLIQUE. RUE DE LA",,,Plein jour,En agglomération,Intersection en T,Temps couvert,Deux véhicules - côté,,,,,,,,,,,1,2,3,8,3
200800004146,0008-01-03 22:15:00,8,1,3,22,15,770,108,", CURIE (AVENUE PIERRE )",,,Nuit avec éclairage allumé,En agglomération,Intersection en X,Temps couvert,Autre collision,,,,,,,,,,,5,2,2,8,6
200800004147,0008-01-08 13:30:00,8,1,8,13,30,770,108,"12, SALOMON DE CAUS (AVE",,,Plein jour,En agglomération,Hors intersection,Pluie légère,Autre collision,,,,,,,,,,,1,2,1,2,6
200800004148,0008-01-07 08:50:00,8,1,7,8,50,770,108,"04, LAUSSEDAT (AVENUE)",,,Plein jour,En agglomération,Hors intersection,Normale,Autre collision,,,,,,,,,,,1,2,1,1,6
200800004149,0008-01-02 13:35:00,8,1,2,13,35,770,18,"6, ARTISANS ( BOULEVARD",,,Plein jour,En agglomération,Hors intersection,Temps couvert,Deux véhicules - frontale,,,,,,,,,,,1,2,1,8,1
200800004150,0008-01-10 08:10:00,8,1,10,8,10,770,111,"2, CHALIFERT ( ROUTE DE",,,Crépuscule ou aube,En agglomération,Hors intersection,Temps couvert,Sans collision,,,,,,,,,,,2,2,1,8,7
200800004151,0008-01-19 14:50:00,8,1,19,14,50,770,268,PRE DE BRAY ( RUE DU ),,,Plein jour,En agglomération,Intersection en T,Temps couvert,Trois véhicules et plus - en chaîne,,,,,,,,,,,1,2,3,8,4
200800004152,0008-01-13 14:10:00,8,1,13,14,10,770,378,FONTAINEBLEAU(AVENUE DE),,,Plein jour,En agglomération,Hors intersection,Normale,Deux véhicules - côté,,,,,,,,,,,1,2,1,1,3
200800004153,0008-01-31 17:30:00,8,1,31,17,30,770,389,ROUSSEAU THEODORE(AVENUE,,,Nuit avec éclairage allumé,En agglomération,Intersection en T,Pluie légère,Deux véhicules - côté,,,,,,,,,,,5,2,3,2,3
200800004154,0008-01-24 16:40:00,8,1,24,16,40,770,186,RD 142 Glandée au grand,,,Plein jour,Hors agglomération,Hors intersection,Normale,Trois véhicules et plus - collisions multiples,,,,,,,,,,,1,1,1,1,5
200800004155,0008-01-17 06:15:00,8,1,17,6,15,770,464,CLAYE  (RUE DE  ),,,Nuit sans éclairage public,En agglomération,Hors intersection,Normale,Deux véhicules - frontale,,,,,,,,,,,3,2,1,1,1
200800004156,0008-01-08 07:05:00,8,1,8,7,5,770,284,"52, SAINT-FIACRE (RUE)",,,Nuit avec éclairage allumé,En agglomération,Hors intersection,Temps couvert,Autre collision,,,,,,,,,,,5,2,1,8,6
200800004157,0008-01-12 08:40:00,8,1,12,8,40,770,284,VICTOIRE (AV.DE LA),,,Plein jour,En agglomération,Hors intersection,Temps couvert,Trois véhicules et plus - en chaîne,,,,,,,,,,,1,2,1,8,4
200800004158,0008-01-12 14:12:00,8,1,12,14,12,770,475,"7, AVELINE (RUE)",,,Plein jour,En agglomération,Hors intersection,Temps couvert,Deux véhicules - arrière,,,,,,,,,,,1,2,1,8,2
200800004159,0008-01-29 11:55:00,8,1,29,11,55,770,284,"1, BEAUVAL (PLACE DE)",,,Plein jour,En agglomération,Hors intersection,Normale,Autre collision,,,,,,,,,,,1,2,1,1,6
200800004160,0008-01-31 21:08:00,8,1,31,21,8,770,513,CD N°5 (CHEMIN DEPARTEME,,,Nuit sans éclairage public,Hors agglomération,Hors intersection,Temps couvert,Deux véhicules - arrière,,,,,,,,,,,3,1,1,8,2
200800004161,0008-01-07 07:45:00,8,1,7,7,45,770,285,"167, LIBERATION (AVENUE",,,Nuit avec éclairage allumé,En agglomération,Hors intersection,Normale,Autre collision,,,,,,,,,,,5,2,1,1,6
200800004162,0008-01-19 16:10:00,8,1,19,16,10,770,67,"SANS N°, LILAS (ALLEE DE",,,Plein jour,En agglomération,Intersection en T,Normale,Deux véhicules - côté,,,,,,,,,,,1,2,3,1,3
200800004163,0008-01-22 12:20:00,8,1,22,12,20,770,288,"1, EDOUARD BRANLY (RUE)",,,Plein jour,En agglomération,Hors intersection,Normale,Autre collision,,,,,,,,,,,1,2,1,1,6
200800004164,0008-01-03 13:15:00,8,1,3,13,15,770,53,RD 319,,,Plein jour,Hors agglomération,Hors intersection,Pluie légère,Deux véhicules - arrière,,,,,,,,,,,1,1,1,2,2
200800004165,0008-01-07 18:35:00,8,1,7,18,35,770,53,COQ GAULOIS (RUE DU),,,Nuit avec éclairage allumé,En agglomération,Intersection en X,Normale,Deux véhicules - côté,,,,,,,,,,,5,2,2,1,3
200800004166,0008-01-09 21:30:00,8,1,9,21,30,770,450,"23, REPUBLIQUE (RUE DE L",,,Nuit avec éclairage allumé,En agglomération,Hors intersection,Normale,Autre collision,,,,,,,,,,,5,2,1,1,6
200800004167,0008-01-10 11:50:00,8,1,10,11,50,770,296,"154, JEAN JAURES (AVENUE",,,Plein jour,En agglomération,Hors intersection,Normale,Autre collision,,,,,,,,,,,1,2,1,1,6
200800004168,0008-01-23 07:55:00,8,1,23,7,55,770,114,D216,,,Nuit sans éclairage public,Hors agglomération,Hors intersection,Normale,Autre collision,,,,,,,,,,,3,1,1,1,6
200800004169,0008-01-31 07:00:00,8,1,31,7,0,770,122,D48,,,Nuit sans éclairage public,En agglomération,Hors intersection,Brouillard / fumée,Deux véhicules - frontale,,,,,,,,,,,3,2,1,5,1
200800004170,0008-01-30 07:55:00,8,1,30,7,55,770,305,CLOMARTS (RUE DES),,,Nuit sans éclairage public,Hors agglomération,Hors intersection,Pluie forte,Autre collision,,,,,,,,,,,3,1,1,3,6
200800004171,0008-01-07 16:00:00,8,1,7,16,0,770,468,"20, ARCHE GUEDON (COURS",,,Plein jour,En agglomération,Hors intersection,Normale,Autre collision,,,,,,,,,,,1,2,1,1,6
200800004172,0008-01-18 08:30:00,8,1,18,8,30,770,468,LOUIS ARAGON (AVENUE),,,Plein jour,En agglomération,Passage à niveau,Pluie légère,Deux véhicules - côté,,,,,,,,,,,1,2,8,2,3
200800004173,0008-01-18 20:00:00,8,1,18,20,0,770,258,"02, FREDERIC CHOPIN (BOU",,,Nuit avec éclairage allumé,En agglomération,Giratoire,Normale,Deux véhicules - côté,,,,,,,,,,,5,2,6,1,3
200800004174,0008-01-04 10:00:00,8,1,4,10,0,770,514,ENTREPRENEURS (RUE DES),,,Plein jour,En agglomération,Hors intersection,Normale,Deux véhicules - côté,,,,,,,,,,,1,2,1,1,3
200800004175,0008-01-15 09:55:00,8,1,15,9,55,770,118,8 MAI 1945 (RUE DU),,,Plein jour,En agglomération,Giratoire,Pluie forte,Autre collision,,,,,,,,,,,1,2,6,3,6
200800004176,0008-01-22 10:00:00,8,1,22,10,0,770,118,DEPARTEMENTAL 84 (CHEMIN,,,Plein jour,Hors agglomération,Hors intersection,Pluie légère,Sans collision,,,,,,,,,,,1,1,1,2,7
200800004177,0008-01-30 13:25:00,8,1,30,13,25,770,118,ROUTE NATIONALE 3,,,Plein jour,Hors agglomération,Hors intersection,Pluie légère,Sans collision,,,,,,,,,,,1,1,1,2,7
200800004178,0008-01-30 13:26:00,8,1,30,13,26,770,118,ROUTE NATIONALE 3,,,Plein jour,Hors agglomération,Hors intersection,Pluie légère,Deux véhicules - arrière,,,,,,,,,,,1,1,1,2,2
200800004179,0008-01-17 10:40:00,8,1,17,10,40,780,168,NATIONALE 10 (ROUTE),,,Plein jour,En agglomération,Hors intersection,Normale,Deux véhicules - côté,,,,,,,,,,,1,2,1,1,3
200800004180,0008-01-07 13:10:00,8,1,7,13,10,780,297,CENTRE (AVENUE DU),,,Plein jour,En agglomération,Intersection en T,Normale,Sans collision,,,,,,,,,,,1,2,3,1,7
200800004181,0008-01-16 11:40:00,8,1,16,11,40,780,423,"IGNORE, LECLERC (AVENUE",,,Plein jour,En agglomération,Hors intersection,Pluie légère,Sans collision,,,,,,,,,,,1,2,1,2,7
200800004182,0008-01-17 14:05:00,8,1,17,14,5,780,423,CENTRE (AVENUE DU),,,Plein jour,En agglomération,Intersection en X,Pluie légère,Trois véhicules et plus - collisions multiples,,,,,,,,,,,1,2,2,2,5
200800004183,0008-01-21 08:55:00,8,1,21,8,55,780,423,"ignoré, TIMBAUD (RUE JEA",,,Plein jour,En agglomération,Giratoire,Normale,Deux véhicules - arrière,,,,,,,,,,,1,2,6,1,2
200800004184,0008-01-17 18:35:00,8,1,17,18,35,780,297,"., CD 91",,,Crépuscule ou aube,En agglomération,Giratoire,Pluie légère,Trois véhicules et plus - en chaîne,,,,,,,,,,,2,2,6,2,4
200800004185,0008-01-27 21:45:00,8,1,27,21,45,780,124,"00, CHARLES DE GAULLE (Q",,,Nuit avec éclairage allumé,En agglomération,Hors intersection,Normale,Autre collision,,,,,,,,,,,5,2,1,1,6
200800004186,0008-01-25 08:40:00,8,1,25,8,40,780,311,"01, MAURICE BERTEAUX (RU",,,Plein jour,En agglomération,Intersection en T,Normale,Autre collision,,,,,,,,,,,1,2,3,1,6
200800004187,0008-01-01 17:35:00,8,1,1,17,35,780,358,"51 bis, MARECHAL FOCH (R",,,Nuit avec éclairage allumé,En agglomération,Intersection en X,Normale,Deux véhicules - côté,,,,,,,,,,,5,2,2,1,3
200800004188,0008-01-01 17:30:00,8,1,1,17,30,780,361,"217, RUE DE GASSICOURT",,,Crépuscule ou aube,En agglomération,Hors intersection,Normale,Sans collision,,,,,,,,,,,2,2,1,1,7
200800004189,0008-01-30 07:10:00,8,1,30,7,10,780,327,"1, RUE BERTHE MORISOT",,,Crépuscule ou aube,En agglomération,Hors intersection,Pluie légère,Autre collision,,,,,,,,,,,2,2,1,2,6
200800004190,0008-01-12 10:00:00,8,1,12,10,0,780,217,"36, RUE RENARD BENOIT",,,Plein jour,En agglomération,Hors intersection,Normale,Autre collision,,,,,,,,,,,1,2,1,1,6
200800004191,0008-01-30 17:15:00,8,1,30,17,15,780,354,AVENUE DE L EUROPE,,,Crépuscule ou aube,En agglomération,Intersection en T,Normale,Deux véhicules - côté,,,,,,,,,,,2,2,3,1,3
200800004192,0008-01-16 10:05:00,8,1,16,10,5,780,361,Boulevard Maréchal Juin,,,Plein jour,En agglomération,Intersection en X,Normale,Deux véhicules - frontale,,,,,,,,,,,1,2,2,1,1
200800004193,0008-01-17 13:45:00,8,1,17,13,45,780,267,PONT DE RANGIPORT,,,Plein jour,En agglomération,Hors intersection,Temps couvert,Deux véhicules - arrière,,,,,,,,,,,1,2,1,8,2
200800004194,0008-01-21 19:15:00,8,1,21,19,15,780,354,AVENUE DE L EUROPE,,,Nuit avec éclairage non allumé,En agglomération,Giratoire,Pluie légère,Deux véhicules - côté,,,,,,,,,,,4,2,6,2,3
200800004195,0008-01-27 15:40:00,8,1,27,15,40,780,361,"9, RUE MARIE LAURENCIN",,,Plein jour,En agglomération,Intersection en X,Normale,Deux véhicules - côté,,,,,,,,,,,1,2,2,1,3
200800004196,0008-01-24 12:30:00,8,1,24,12,30,780,267,RD 130,,,Plein jour,En agglomération,Hors intersection,Normale,Sans collision,,,,,,,,,,,1,2,1,1,7
200800004197,0008-01-23 20:24:00,8,1,23,20,24,780,361,RUE JEAN BAPTISTE CHARCO,,,Nuit avec éclairage allumé,En agglomération,Intersection en T,Normale,Deux véhicules - côté,,,,,,,,,,,5,2,3,1,3
200800004198,0008-01-26 15:20:00,8,1,26,15,20,780,327,"86, AVENUE DE PARIS",,,Plein jour,En agglomération,Hors intersection,Normale,Deux véhicules - arrière,,,,,,,,,,,1,2,1,1,2
200800004199,0008-01-29 12:30:00,8,1,29,12,30,780,335,EDOUARD FOSSE,,,Plein jour,En agglomération,Hors intersection,Normale,Sans collision,,,,,,,,,,,1,2,1,1,7
200800004200,0008-01-29 17:20:00,8,1,29,17,20,780,267,PONT DE RANGIPORT,,,Crépuscule ou aube,En agglomération,Intersection en X,Normale,Deux véhicules - arrière,,,,,,,,,,,2,2,2,1,2
200800004201,0008-01-17 04:40:00,8,1,17,4,40,780,502,VERSAILLES (ROUTE DE),,,Nuit avec éclairage allumé,En agglomération,Hors intersection,Pluie légère,Deux véhicules - arrière,,,,,,,,,,,5,2,1,2,2
200800004202,0008-01-08 06:40:00,8,1,8,6,40,780,490,PASTEUR (RUE),,,Nuit avec éclairage allumé,En agglomération,Hors intersection,Pluie légère,Sans collision,,,,,,,,,,,5,2,1,2,7
200800004203,0008-01-10 20:10:00,8,1,10,20,10,780,674,PARIS  CD 12 E (COTE DE),,,Nuit sans éclairage public,Hors agglomération,Hors intersection,Normale,Autre collision,,,,,,,,,,,3,1,1,1,6
200800004204,0008-01-15 08:50:00,8,1,15,8,50,780,165,VERSAILLES (AVENUE DE),,,Plein jour,En agglomération,Intersection en T,Pluie légère,Deux véhicules - côté,,,,,,,,,,,1,2,3,2,3
200800004205,0008-01-21 18:55:00,8,1,21,18,55,780,490,DE GAULLE (AVENUE DU GEN,,,Nuit avec éclairage allumé,En agglomération,Hors intersection,Normale,Sans collision,,,,,,,,,,,5,2,1,1,7
200800004206,0008-01-28 07:05:00,8,1,28,7,5,780,165,VIGNES (CHEMIN DES),,,Nuit avec éclairage allumé,En agglomération,Intersection en X,Normale,Deux véhicules - arrière,,,,,,,,,,,5,2,2,1,2
200800004207,0008-01-08 10:05:00,8,1,8,10,5,780,498,CEP AVENUE DU,,,Crépuscule ou aube,En agglomération,Hors intersection,Normale,Autre collision,,,,,,,,,,,2,2,1,1,6
200800004208,0008-01-10 10:45:00,8,1,10,10,45,780,498,"101, GAULLE RUE CH DE",,,Plein jour,En agglomération,Hors intersection,Normale,Autre collision,,,,,,,,,,,1,2,1,1,6
200800004209,0008-01-14 22:20:00,8,1,14,22,20,780,498,QUARANTE SOUS ROUTE DE,,,Nuit avec éclairage allumé,En agglomération,Intersection en X,Normale,Deux véhicules - côté,,,,,,,,,,,5,2,2,1,3
200800004210,0008-01-16 08:40:00,8,1,16,8,40,780,624,CHANTELOUP RUE DE,,,Plein jour,En agglomération,Intersection en T,Normale,Deux véhicules - côté,,,,,,,,,,,1,2,3,1,3
200800004211,0008-01-16 08:10:00,8,1,16,8,10,780,642,"39, MALRAUX BD ANDRE",,,Crépuscule ou aube,En agglomération,Intersection en X,Normale,Autre collision,,,,,,,,,,,2,2,2,1,6
200800004212,0008-01-11 11:45:00,8,1,11,11,45,780,498,CASTILLE AV BLANCHE DE,,,Plein jour,En agglomération,Intersection en X,Pluie légère,Deux véhicules - côté,,,,,,,,,,,1,2,2,2,3
200800004213,0008-01-30 07:55:00,8,1,30,7,55,780,624,CHANTELOUP RUE DE,,,Crépuscule ou aube,Hors agglomération,Autre intersection,Pluie légère,Deux véhicules - côté,,,,,,,,,,,2,1,9,2,3
200800004214,0008-01-01 00:05:00,8,1,1,0,5,780,624,FRERES LEIRIS RUE DES,,,Nuit avec éclairage allumé,En agglomération,Intersection en X,Pluie légère,Autre collision,,,,,,,,,,,5,2,2,2,6
200800004215,0008-01-06 22:50:00,8,1,6,22,50,780,624,POISSY AVENUE DE,,,Nuit avec éclairage allumé,En agglomération,Hors intersection,Pluie légère,Autre collision,,,,,,,,,,,5,2,1,2,6
200800004216,0008-01-07 17:50:00,8,1,7,17,50,780,517,"28, LECLERC (AV DU MAREC",,,Nuit avec éclairage allumé,En agglomération,Hors intersection,Normale,Deux véhicules - côté,,,,,,,,,,,5,2,1,1,3
200800004217,0008-01-09 11:50:00,8,1,9,11,50,780,269,D 906,,,Plein jour,Hors agglomération,Intersection en T,Normale,Deux véhicules - côté,,,,,,,,,,,1,1,3,1,3
200800004218,0008-01-12 16:40:00,8,1,12,16,40,780,517,"10, CLAIREFONTAINE (RUE",,,Plein jour,En agglomération,Hors intersection,Normale,Deux véhicules - côté,,,,,,,,,,,1,2,1,1,3
200800004219,0008-01-15 09:30:00,8,1,15,9,30,780,517,D 150,,,Plein jour,Hors agglomération,Hors intersection,Normale,Deux véhicules - arrière,,,,,,,,,,,1,1,1,1,2
200800004220,0008-01-23 09:45:00,8,1,23,9,45,780,220,RD 34,,,Plein jour,Hors agglomération,Hors intersection,Normale,Deux véhicules - côté,,,,,,,,,,,1,1,1,1,3
200800004221,0008-01-31 18:25:00,8,1,31,18,25,780,220,"21, 11 NOVEMBRE 1918 (RU",,,Nuit avec éclairage allumé,En agglomération,Hors intersection,Pluie légère,Sans collision,,,,,,,,,,,5,2,1,2,7
200800004222,0008-01-05 19:20:00,8,1,5,19,20,780,551,ROYALE (PLACE),,,Nuit avec éclairage allumé,En agglomération,Hors intersection,Normale,Autre collision,,,,,,,,,,,5,2,1,1,6
200800004223,0008-01-06 19:30:00,8,1,6,19,30,780,481,"ignoré, CROISSY (ROUTE D",,,Nuit avec éclairage allumé,En agglomération,Hors intersection,Normale,Deux véhicules - arrière,,,,,,,,,,,5,2,1,1,2
200800004224,0008-01-25 17:20:00,8,1,25,17,20,780,133,RN.13,,,Plein jour,Hors agglomération,Hors intersection,Normale,Deux véhicules - côté,,,,,,,,,,,1,1,1,1,3
200800004225,0008-01-19 00:30:00,8,1,19,0,30,780,551,RN 184,,,Nuit sans éclairage public,Hors agglomération,Hors intersection,Normale,Deux véhicules - frontale,,,,,,,,,,,3,1,1,1,1
200800004226,0008-01-04 18:20:00,8,1,4,18,20,780,586,JAURES (AVENUE JEAN) N°,,,Nuit avec éclairage allumé,En agglomération,Intersection en X,Pluie légère,Deux véhicules - côté,,,,,,,,,,,5,2,2,2,3