accident_id,datetime,annee,mois,jour,heure,minute,departement,commune_insee,adresse,latitude,longitude,luminosite,agglomeration,intersection,meteo,collision,nb_vehicules,nb_usagers,nb_indemnes,nb_tues,nb_blesses_hosp,nb_blesses_legers,age_cond_1,age_cond_2,veh_type_cond_1,veh_type_cond_2,lum_code,agg_code,int_code,atm_code,col_code
200800004487,0008-01-05 11:40:00,8,1,5,11,40,910,521,"., MENNECY (ROUTE DE)",,,Plein jour,En agglomération,Hors intersection,Pluie légère,Deux véhicules - frontale,,,,,,,,,,,1,2,1,2,1
200800004488,0008-01-10 12:25:00,8,1,10,12,25,910,228,"., ECORNE BOEUF (RUE DE",,,Plein jour,En agglomération,Hors intersection,Pluie légère,Autre collision,,,,,,,,,,,1,2,1,2,6
200800004489,0008-01-10 16:10:00,8,1,10,16,10,910,228,"., MIROIRS (PLACE DES)",,,Crépuscule ou aube,En agglomération,Hors intersection,Temps couvert,Autre collision,,,,,,,,,,,2,2,1,8,6
200800004490,0008-01-14 17:15:00,8,1,14,17,15,910,228,"., CHAMPS ELYSEES (BD) N",,,Crépuscule ou aube,En agglomération,Intersection en T,Pluie légère,Deux véhicules - côté,,,,,,,,,,,2,2,3,2,3
200800004491,0008-01-30 17:20:00,8,1,30,17,20,910,228,"., MONTESPAN (RUE)",,,Crépuscule ou aube,En agglomération,Hors intersection,Pluie légère,Deux véhicules - côté,,,,,,,,,,,2,2,1,2,3
200800004492,0008-01-11 18:25:00,8,1,11,18,25,910,161,"69, CHARLES DE GAULLE (A",,,Nuit avec éclairage allumé,En agglomération,Hors intersection,Normale,Deux véhicules - côté,,,,,,,,,,,5,2,1,1,3
200800004493,0008-01-01 16:50:00,8,1,1,16,50,910,421,"00, JEAN JAURES (AVENUE)",,,Plein jour,En agglomération,Intersection en X,Normale,Deux véhicules - côté,,,,,,,,,,,1,2,2,1,3
200800004494,0008-01-04 12:40:00,8,1,4,12,40,910,421,NATIONALE 6 (PARTIE FORE,,,Plein jour,Hors agglomération,Hors intersection,Normale,Deux véhicules - arrière,,,,,,,,,,,1,1,1,1,2
200800004495,0008-01-04 16:15:00,8,1,4,16,15,910,421,NATIONALE 6 (PARTIE FORE,,,Plein jour,Hors agglomération,Hors intersection,Normale,Deux véhicules - arrière,,,,,,,,,,,1,1,1,1,2
200800004496,0008-01-15 18:20:00,8,1,15,18,20,910,191,"0, PLAINE HAUTE (AVENUE",,,Nuit avec éclairage allumé,En agglomération,Hors intersection,Pluie légère,Sans collision,,,,,,,,,,,5,2,1,2,7
200800004497,0008-01-25 10:00:00,8,1,25,10,0,910,691,"0, GUILLAUME BUDE(RUE)",,,Plein jour,En agglomération,Intersection en X,Normale,Deux véhicules - côté,,,,,,,,,,,1,2,2,1,3
200800004498,0008-01-09 16:43:00,8,1,9,16,43,910,477,"22, PARIS (RUE DE)",,,Plein jour,En agglomération,Hors intersection,Normale,Autre collision,,,,,,,,,,,1,2,1,1,6
200800004499,0008-01-10 08:45:00,8,1,10,8,45,910,692,"3, ANDES (AVENUE DES)",,,Crépuscule ou aube,En agglomération,Hors intersection,Normale,Sans collision,,,,,,,,,,,2,2,1,1,7
200800004500,0008-01-10 15:15:00,8,1,10,15,15,910,471,CD 128,,,Plein jour,Hors agglomération,Hors intersection,Pluie légère,Deux véhicules - arrière,,,,,,,,,,,1,1,1,2,2
200800004501,0008-01-11 11:40:00,8,1,11,11,40,910,692,Bretelle d'accès CD 35,,,Plein jour,Hors agglomération,Intersection en Y,Pluie légère,Deux véhicules - côté,,,,,,,,,,,1,1,4,2,3
200800004502,0008-01-16 15:20:00,8,1,16,15,20,910,692,OCEANIE (AVENUE DE L'),,,Plein jour,Hors agglomération,Giratoire,Pluie légère,Deux véhicules - arrière,,,,,,,,,,,1,1,6,2,2
200800004503,0008-01-19 09:35:00,8,1,19,9,35,910,692,R.N 446,,,Plein jour,Hors agglomération,Giratoire,Normale,Deux véhicules - côté,,,,,,,,,,,1,1,6,1,3
200800004504,0008-01-23 22:30:00,8,1,23,22,30,910,692,"0, SAINTONGE(AVENUE DE)",,,Nuit avec éclairage allumé,En agglomération,Hors intersection,Normale,Autre collision,,,,,,,,,,,5,2,1,1,6
200800004505,0008-01-29 13:30:00,8,1,29,13,30,910,645,GEORGES POMPIDOU (AVENUE,,,Plein jour,En agglomération,Intersection en X,Normale,Deux véhicules - arrière,,,,,,,,,,,1,2,2,1,2
200800004506,0008-01-30 08:00:00,8,1,30,8,0,910,645,"6, COTEAUX (RUE DES)",,,Crépuscule ou aube,En agglomération,Hors intersection,Pluie légère,Deux véhicules - frontale,,,,,,,,,,,2,2,1,2,1
200800004507,0008-01-30 23:25:00,8,1,30,23,25,910,477,", HOCHE (RUE LAZARE)",,,Nuit avec éclairage allumé,En agglomération,Intersection en T,Normale,Autre collision,,,,,,,,,,,5,2,3,1,6
200800004508,0008-01-31 19:55:00,8,1,31,19,55,910,645,GEORGES POMPIDOU (AVENUE,,,Nuit avec éclairage allumé,En agglomération,Hors intersection,Pluie légère,Autre collision,,,,,,,,,,,5,2,1,2,6
200800004509,0008-01-03 20:05:00,8,1,3,20,5,910,216,"1, MONTLHERY (RUE)",,,Nuit avec éclairage non allumé,En agglomération,Hors intersection,Normale,Sans collision,,,,,,,,,,,4,2,1,1,7
200800004510,0008-01-25 11:00:00,8,1,25,11,0,910,549,"1, PARKING CARREFOUR",,,Plein jour,En agglomération,Hors intersection,Normale,Sans collision,,,,,,,,,,,1,2,1,1,7
200800004511,0008-01-09 11:20:00,8,1,9,11,20,910,589,GARIGLIANO (AVENUE DE),,,Plein jour,En agglomération,Hors intersection,Normale,Deux véhicules - côté,,,,,,,,,,,1,2,1,1,3
200800004512,0008-01-09 17:00:00,8,1,9,17,0,910,589,"21, CHATEAUBRIAND (RUE)",,,Nuit sans éclairage public,En agglomération,Hors intersection,Normale,Autre collision,,,,,,,,,,,3,2,1,1,6
200800004513,0008-01-16 19:45:00,8,1,16,19,45,910,589,BRIAND (BOULEVARD ARISTI,,,Nuit avec éclairage allumé,En agglomération,Intersection en T,Normale,Deux véhicules - côté,,,,,,,,,,,5,2,3,1,3
200800004514,0008-01-07 09:15:00,8,1,7,9,15,920,2,"02, FONDOUZE (RUE)",,,Plein jour,En agglomération,Hors intersection,Normale,Autre collision,,,,,,,,,,,1,2,1,1,6
200800004515,0008-01-09 10:35:00,8,1,9,10,35,920,2,"136, DIVISION LECLERC (5",,,Plein jour,En agglomération,Hors intersection,Pluie légère,Autre collision,,,,,,,,,,,1,2,1,2,6
200800004516,0008-01-13 11:10:00,8,1,13,11,10,920,14,"03, LE BOUVIER (RUE)",,,Plein jour,En agglomération,Hors intersection,Normale,Autre collision,,,,,,,,,,,1,2,1,1,6
200800004517,0008-01-18 07:55:00,8,1,18,7,55,920,14,CARNOT (BOULEVARD),,,Nuit avec éclairage allumé,En agglomération,Intersection en X,Normale,Deux véhicules - côté,,,,,,,,,,,5,2,2,1,3
200800004518,0008-01-24 17:50:00,8,1,24,17,50,920,14,"., MARECHAL JOFFRE (BD D",,,Nuit avec éclairage allumé,En agglomération,Intersection en X,Pluie légère,Autre collision,,,,,,,,,,,5,2,2,2,6
200800004519,0008-01-30 09:00:00,8,1,30,9,0,920,14,GENERAL LECLERC (AV.) (1,,,Plein jour,En agglomération,Intersection en T,Pluie légère,Deux véhicules - arrière,,,,,,,,,,,1,2,3,2,2
200800004520,0008-01-03 23:35:00,8,1,3,23,35,920,4,"NR, MENIL",,,Nuit avec éclairage allumé,En agglomération,Intersection en T,Normale,Deux véhicules - côté,,,,,,,,,,,5,2,3,1,3
200800004521,0008-01-05 01:55:00,8,1,5,1,55,920,4,PONT DE CLICHY,,,Nuit avec éclairage allumé,En agglomération,Hors intersection,Pluie légère,Deux véhicules - frontale,,,,,,,,,,,5,2,1,2,1
200800004522,0008-01-15 08:20:00,8,1,15,8,20,920,4,"NR, DOCTEUR DERVAUX  ( Q",,,Plein jour,En agglomération,Hors intersection,Pluie légère,Deux véhicules - arrière,,,,,,,,,,,1,2,1,2,2
200800004523,0008-01-18 18:50:00,8,1,18,18,50,920,9,"19, CHARLES-DE-GAULLE (",,,Nuit avec éclairage allumé,En agglomération,Hors intersection,Normale,Deux véhicules - côté,,,,,,,,,,,5,2,1,1,3
200800004524,0008-01-22 16:12:00,8,1,22,16,12,920,4,GABRIEL PERI (AVE ),,,Plein jour,En agglomération,Hors intersection,Normale,Autre collision,,,,,,,,,,,1,2,1,1,6
200800004525,0008-01-17 17:20:00,8,1,17,17,20,750,112,"69, AVENUE DES TERROIRS",,,Crépuscule ou aube,En agglomération,Intersection en T,Pluie légère,Autre collision,,,,,,,,,,,2,2,3,2,6
200800004526,0008-01-17 20:10:00,8,1,17,20,10,750,112,ROUTE DE LA PYRAMIDE,,,Nuit sans éclairage public,En agglomération,Hors intersection,Normale,Deux véhicules - arrière,,,,,,,,,,,3,2,1,1,2
200800004527,0008-01-17 19:20:00,8,1,17,19,20,750,114,"109, RUE D ALESIA",,,Nuit avec éclairage allumé,En agglomération,Hors intersection,Pluie légère,Deux véhicules - côté,,,,,,,,,,,5,2,1,2,3
200800004528,0008-01-17 23:10:00,8,1,17,23,10,750,115,"0, RUE DES CEVENNES",,,Nuit avec éclairage allumé,En agglomération,Intersection en X,Pluie légère,Deux véhicules - côté,,,,,,,,,,,5,2,2,2,3
200800004529,0008-01-17 19:40:00,8,1,17,19,40,750,116,AVENUE FOCH,,,Nuit avec éclairage allumé,En agglomération,Intersection en X,Pluie légère,Autre collision,,,,,,,,,,,5,2,2,2,6
200800004530,0008-01-17 23:30:00,8,1,17,23,30,750,116,PLACE CHARLES DE GAULLE,,,Nuit avec éclairage allumé,En agglomération,Intersection à plus de 4 branches,Pluie légère,Deux véhicules - côté,,,,,,,,,,,5,2,5,2,3
200800004531,0008-01-17 09:10:00,8,1,17,9,10,750,117,"20, RUE DES BATIGNOLLES",,,Plein jour,En agglomération,Hors intersection,Normale,Autre collision,,,,,,,,,,,1,2,1,1,6
200800004532,0008-01-18 15:15:00,8,1,18,15,15,750,101,"2 ter, QUAI DE LA MEGISS",,,Plein jour,En agglomération,Hors intersection,Pluie légère,Autre collision,,,,,,,,,,,1,2,1,2,6
200800004533,0008-01-18 16:35:00,8,1,18,16,35,750,103,"63, RUE DES ARCHIVES",,,Plein jour,En agglomération,Hors intersection,Normale,Autre collision,,,,,,,,,,,1,2,1,1,6
200800004534,0008-01-19 02:20:00,8,1,19,2,20,750,103,RUE DES ARCHIVES,,,Nuit avec éclairage allumé,En agglomération,Hors intersection,Normale,Autre collision,,,,,,,,,,,5,2,1,1,6
200800004535,0008-01-19 13:00:00,8,1,19,13,0,750,113,AVENUE DES GOBELINS,,,Plein jour,En agglomération,Intersection en X,Normale,Deux véhicules - côté,,,,,,,,,,,1,2,2,1,3
200800004536,0008-01-19 14:15:00,8,1,19,14,15,750,105,BOULEVARD SAINT MICHEL,,,Plein jour,En agglomération,Hors intersection,Normale,Deux véhicules - arrière,,,,,,,,,,,1,2,1,1,2
200800004537,0008-01-18 20:45:00,8,1,18,20,45,750,106,"149, BOULEVARD SAINT GER",,,Nuit avec éclairage allumé,En agglomération,Hors intersection,Temps couvert,Deux véhicules - côté,,,,,,,,,,,5,2,1,8,3
200800004538,0008-01-19 12:10:00,8,1,19,12,10,750,106,BOULEVARD SAINT MICHEL,,,Plein jour,En agglomération,Hors intersection,Normale,Autre collision,,,,,,,,,,,1,2,1,1,6
200800004539,0008-01-19 17:10:00,8,1,19,17,10,750,106,"103, RUE DE RENNES",,,Plein jour,En agglomération,Intersection en X,Normale,Autre collision,,,,,,,,,,,1,2,2,1,6
200800004540,0008-01-18 10:15:00,8,1,18,10,15,750,108,"28, RUE DE LA PEPINIERE",,,Plein jour,En agglomération,Hors intersection,Pluie légère,Autre collision,,,,,,,,,,,1,2,1,2,6
200800004541,0008-01-18 11:30:00,8,1,18,11,30,750,108,"21, AVENUE DE FRIEDLAND",,,Plein jour,En agglomération,Hors intersection,Pluie légère,Trois véhicules et plus - en chaîne,,,,,,,,,,,1,2,1,2,4
200800004542,0008-01-18 17:10:00,8,1,18,17,10,750,108,PLACE DE LA CONCORDE,,,Crépuscule ou aube,En agglomération,Intersection à plus de 4 branches,Normale,Deux véhicules - côté,,,,,,,,,,,2,2,5,1,3
200800004543,0008-01-19 20:30:00,8,1,19,20,30,750,108,"108, RUE DU FAUBOURG SAI",,,Nuit avec éclairage non allumé,En agglomération,Hors intersection,Normale,Autre collision,,,,,,,,,,,4,2,1,1,6
200800004544,0008-01-19 08:30:00,8,1,19,8,30,750,110,"95, RUE DE MAUBEUGE",,,Plein jour,En agglomération,Hors intersection,Normale,Autre collision,,,,,,,,,,,1,2,1,1,6
200800004545,0008-01-19 13:15:00,8,1,19,13,15,750,111,"39, RUE FAIDHERBE",,,Plein jour,En agglomération,Hors intersection,Normale,Autre collision,,,,,,,,,,,1,2,1,1,6
200800004546,0008-01-19 19:00:00,8,1,19,19,0,750,111,"34, AVENUE DE LA REPUBLI",,,Nuit avec éclairage allumé,En agglomération,Intersection en Y,Normale,Deux véhicules - arrière,,,,,,,,,,,5,2,4,1,2
200800004547,0008-01-18 17:50:00,8,1,18,17,50,750,112,PONT D AUSTERLITZ,,,Nuit avec éclairage allumé,En agglomération,Hors intersection,Normale,Autre collision,,,,,,,,,,,5,2,1,1,6
200800004548,0008-01-19 21:45:00,8,1,19,21,45,750,112,"70, COURS DE VINCENNES",,,Nuit avec éclairage allumé,En agglomération,Hors intersection,Normale,Deux véhicules - arrière,,,,,,,,,,,5,2,1,1,2
200800004549,0008-01-18 15:50:00,8,1,18,15,50,750,113,"2, BOULEVARD KELLERMANN",,,Plein jour,En agglomération,Intersection en X,Pluie légère,Deux véhicules - côté,,,,,,,,,,,1,2,2,2,3
200800004550,0008-01-19 12:45:00,8,1,19,12,45,750,113,"110, BOULEVARD VINCENT A",,,Plein jour,En agglomération,Intersection en X,Normale,Deux véhicules - côté,,,,,,,,,,,1,2,2,1,3
200800004551,0008-01-19 16:05:00,8,1,19,16,5,750,114,"12, RUE NANSOUTY",,,Plein jour,En agglomération,Intersection en T,Normale,Deux véhicules - côté,,,,,,,,,,,1,2,3,1,3
200800004552,0008-01-18 10:15:00,8,1,18,10,15,750,115,"3, BOULEVARD VICTOR",,,Plein jour,En agglomération,Hors intersection,Pluie légère,Deux véhicules - côté,,,,,,,,,,,1,2,1,2,3
200800004553,0008-01-18 09:10:00,8,1,18,9,10,750,116,"51, BOULEVARD SUCHET",,,Plein jour,En agglomération,Hors intersection,Normale,Autre collision,,,,,,,,,,,1,2,1,1,6
200800004554,0008-01-18 18:35:00,8,1,18,18,35,750,116,ROUTE DU CHAMP D ENTRAIN,,,Nuit sans éclairage public,En agglomération,Hors intersection,Normale,Autre collision,,,,,,,,,,,3,2,1,1,6
200800004555,0008-01-18 19:30:00,8,1,18,19,30,750,116,ALLEE DU BORD DE L EAU,,,Nuit avec éclairage allumé,En agglomération,Hors intersection,Normale,Autre collision,,,,,,,,,,,5,2,1,1,6
200800004556,0008-01-19 21:30:00,8,1,19,21,30,750,116,BOULEVARD MURAT,,,Nuit avec éclairage allumé,En agglomération,Hors intersection,Normale,Autre collision,,,,,,,,,,,5,2,1,1,6
200800004557,0008-01-18 07:50:00,8,1,18,7,50,750,117,"4, AVENUE MAC MAHON",,,Crépuscule ou aube,En agglomération,Intersection en X,Temps couvert,Autre collision,,,,,,,,,,,2,2,2,8,6
200800004558,0008-01-18 17:30:00,8,1,18,17,30,750,117,AVENUE DE LA PORTE DE CL,,,Nuit avec éclairage allumé,En agglomération,Hors intersection,Temps couvert,Deux véhicules - côté,,,,,,,,,,,5,2,1,8,3
200800004559,0008-01-19 13:45:00,8,1,19,13,45,750,117,"96, AVENUE DE CLICHY",,,Plein jour,En agglomération,Hors intersection,Normale,Deux véhicules - côté,,,,,,,,,,,1,2,1,1,3
200800004560,0008-01-19 21:40:00,8,1,19,21,40,750,117,"37, BOULEVARD BESSIERES",,,Nuit avec éclairage allumé,En agglomération,Intersection à plus de 4 branches,Normale,Deux véhicules - côté,,,,,,,,,,,5,2,5,1,3
200800004561,0008-01-19 19:15:00,8,1,19,19,15,750,118,"101, BOULEVARD NEY",,,Nuit avec éclairage allumé,En agglomération,Hors intersection,Normale,Autre collision,,,,,,,,,,,5,2,1,1,6
200800004562,0008-01-18 02:35:00,8,1,18,2,35,750,119,"43 bis, AVENUE SIMON BOL",,,Nuit avec éclairage allumé,En agglomération,Hors intersection,Pluie légère,Autre collision,,,,,,,,,,,5,2,1,2,6
200800004563,0008-01-18 08:40:00,8,1,18,8,40,750,119,"151, AVENUE JEAN JAURES",,,Plein jour,En agglomération,Hors intersection,Normale,Deux véhicules - frontale,,,,,,,,,,,1,2,1,1,1
200800004564,0008-01-19 12:30:00,8,1,19,12,30,750,120,"6, RUE SAINT FARGEAU",,,Plein jour,En agglomération,Hors intersection,Normale,Autre collision,,,,,,,,,,,1,2,1,1,6
200800004565,0008-01-18 15:45:00,8,1,18,15,45,750,113,"116, RUE DU CHEVALERET",,,Plein jour,En agglomération,Hors intersection,Temps couvert,Deux véhicules - côté,,,,,,,,,,,1,2,1,8,3
200800004566,0008-01-19 20:00:00,8,1,19,20,0,750,120,RUE LOUIS LUMIERE,,,Nuit avec éclairage non allumé,En agglomération,Intersection en X,Normale,Autre collision,,,,,,,,,,,4,2,2,1,6
200800004567,0008-01-18 07:50:00,8,1,18,7,50,750,115,PORTE BRANCION,,,Crépuscule ou aube,En agglomération,Hors intersection,Normale,Autre collision,,,,,,,,,,,2,2,1,1,6
200800004568,0008-01-19 10:40:00,8,1,19,10,40,750,115,PORTE D ISSY,,,Plein jour,En agglomération,Hors intersection,Normale,Deux véhicules - côté,,,,,,,,,,,1,2,1,1,3
200800004569,0008-01-20 01:35:00,8,1,20,1,35,750,109,"10, RUE AUBER",,,Nuit avec éclairage allumé,En agglomération,Hors intersection,Normale,Deux véhicules - côté,,,,,,,,,,,5,2,1,1,3
200800004570,0008-01-20 15:25:00,8,1,20,15,25,750,109,"56, RUE DE CLICHY",,,Plein jour,En agglomération,Hors intersection,Normale,Autre collision,,,,,,,,,,,1,2,1,1,6
200800004571,0008-01-20 08:45:00,8,1,20,8,45,750,110,"32, BOULEVARD DE MAGENTA",,,Plein jour,En agglomération,Hors intersection,Normale,Autre collision,,,,,,,,,,,1,2,1,1,6
200800004572,0008-01-20 20:50:00,8,1,20,20,50,750,113,"21, AVENUE D IVRY",,,Nuit avec éclairage allumé,En agglomération,Intersection en X,Normale,Deux véhicules - côté,,,,,,,,,,,5,2,2,1,3
200800004573,0008-01-20 13:10:00,8,1,20,13,10,750,114,"121, AVENUE DU GENERAL L",,,Plein jour,En agglomération,Hors intersection,Normale,Sans collision,,,,,,,,,,,1,2,1,1,7
200800004574,0008-01-20 14:07:00,8,1,20,14,7,750,117,"81, RUE DE COURCELLES",,,Plein jour,En agglomération,Hors intersection,Normale,Deux véhicules - arrière,,,,,,,,,,,1,2,1,1,2
200800004575,0008-01-20 13:05:00,8,1,20,13,5,750,118,"120, BOULEVARD NEY",,,Plein jour,En agglomération,Hors intersection,Normale,Autre collision,,,,,,,,,,,1,2,1,1,6
200800004576,0008-01-20 19:05:00,8,1,20,19,5,750,120,ECHANGEUR BAGNOLET,,,Nuit avec éclairage allumé,En agglomération,Intersection en T,Normale,Autre collision,,,,,,,,,,,5,2,3,1,6
200800004577,0008-01-20 12:20:00,8,1,20,12,20,750,101,"8, RUE DE L AMIRAL DE CO",,,Plein jour,En agglomération,Hors intersection,Normale,Autre collision,,,,,,,,,,,1,2,1,1,6
200800004578,0008-01-20 14:50:00,8,1,20,14,50,750,113,AVENUE DE LA PORTE D ITA,,,Plein jour,En agglomération,Intersection en X,Normale,Autre collision,,,,,,,,,,,1,2,2,1,6
200800004579,0008-01-20 16:00:00,8,1,20,16,0,750,113,PORTE D ITALIE,,,Plein jour,En agglomération,Hors intersection,Normale,Sans collision,,,,,,,,,,,1,2,1,1,7
200800004580,0008-01-20 19:00:00,8,1,20,19,0,750,119,PORTE DE PANTIN,,,Nuit avec éclairage allumé,En agglomération,Hors intersection,Normale,Trois véhicules et plus - en chaîne,,,,,,,,,,,5,2,1,1,4
200800004581,0008-01-21 10:35:00,8,1,21,10,35,750,101,"17, BOULEVARD DE LA MADE",,,Plein jour,En agglomération,Hors intersection,Normale,Autre collision,,,,,,,,,,,1,2,1,1,6
200800004582,0008-01-21 12:00:00,8,1,21,12,0,750,101,"42, RUE CROIX DES PETITS",,,Plein jour,En agglomération,Hors intersection,Normale,Autre collision,,,,,,,,,,,1,2,1,1,6
200800004583,0008-01-21 20:35:00,8,1,21,20,35,750,102,"4, PLACE DE L OPERA",,,Nuit avec éclairage allumé,En agglomération,Intersection à plus de 4 branches,Normale,Deux véhicules - côté,,,,,,,,,,,5,2,5,1,3
200800004584,0008-01-21 14:35:00,8,1,21,14,35,750,103,"90, BOULEVARD DE SEBASTO",,,Plein jour,En agglomération,Intersection en X,Normale,Autre collision,,,,,,,,,,,1,2,2,1,6
200800004585,0008-01-21 15:45:00,8,1,21,15,45,750,105,"23, RUE LINNE",,,Crépuscule ou aube,En agglomération,Hors intersection,Normale,Autre collision,,,,,,,,,,,2,2,1,1,6
200800004586,0008-01-21 18:20:00,8,1,21,18,20,750,107,"57, QUAI BRANLY",,,Nuit avec éclairage allumé,En agglomération,Hors intersection,Normale,Autre collision,,,,,,,,,,,5,2,1,1,6
200800004587,0008-01-21 07:50:00,8,1,21,7,50,750,109,"48, RUE DE CHATEAUDUN",,,Nuit avec éclairage allumé,En agglomération,Hors intersection,Normale,Autre collision,,,,,,,,,,,5,2,1,1,6
200800004588,0008-01-21 00:01:00,8,1,21,0,1,750,110,"7, RUE DU HUIT MAI 1945",,,Nuit avec éclairage allumé,En agglomération,Intersection en T,Normale,Sans collision,,,,,,,,,,,5,2,3,1,7
200800004589,0008-01-21 11:00:00,8,1,21,11,0,750,110,BOULEVARD SAINT DENIS,,,Plein jour,En agglomération,Intersection en X,Normale,Deux véhicules - côté,,,,,,,,,,,1,2,2,1,3
200800004590,0008-01-21 21:35:00,8,1,21,21,35,750,110,"113, BOULEVARD DE MAGENT",,,Nuit avec éclairage allumé,En agglomération,Hors intersection,Normale,Deux véhicules - arrière,,,,,,,,,,,5,2,1,1,2
200800004591,0008-01-21 20:30:00,8,1,21,20,30,750,113,"111, BOULEVARD MASSENA",,,Nuit avec éclairage allumé,En agglomération,Hors intersection,Pluie légère,Deux véhicules - côté,,,,,,,,,,,5,2,1,2,3
200800004592,0008-01-21 18:50:00,8,1,21,18,50,750,114,"5, RUE JACQUIER",,,Nuit sans éclairage public,En agglomération,Hors intersection,Normale,Deux véhicules - côté,,,,,,,,,,,3,2,1,1,3
200800004593,0008-01-21 22:00:00,8,1,21,22,0,750,114,"13, RUE HALLE",,,Nuit avec éclairage allumé,En agglomération,Intersection en T,Pluie légère,Sans collision,,,,,,,,,,,5,2,3,2,7
200800004594,0008-01-21 13:00:00,8,1,21,13,0,750,115,"2, RUE THEODORE DECK",,,Plein jour,En agglomération,Intersection en T,Normale,Autre collision,,,,,,,,,,,1,2,3,1,6
200800004595,0008-01-21 12:40:00,8,1,21,12,40,750,116,ROUTE DE LA PTE DES SABL,,,Plein jour,En agglomération,Hors intersection,Normale,Deux véhicules - côté,,,,,,,,,,,1,2,1,1,3
200800004596,0008-01-21 19:40:00,8,1,21,19,40,750,116,"52, RUE DE BOULAINVILLIE",,,Nuit avec éclairage allumé,En agglomération,Intersection en X,Pluie légère,Deux véhicules - côté,,,,,,,,,,,5,2,2,2,3
200800004597,0008-01-21 20:30:00,8,1,21,20,30,750,116,"42, AVENUE DU PRESIDENT",,,Nuit avec éclairage allumé,En agglomération,Hors intersection,Pluie légère,Sans collision,,,,,,,,,,,5,2,1,2,7
200800004598,0008-01-21 19:55:00,8,1,21,19,55,750,116,"29, AVENUE DE VERSAILLES",,,Nuit avec éclairage allumé,En agglomération,Hors intersection,Pluie légère,Autre collision,,,,,,,,,,,5,2,1,2,6
200800004599,0008-01-21 06:30:00,8,1,21,6,30,750,117,"81, BOULEVARD GOUVION SA",,,Nuit avec éclairage allumé,En agglomération,Hors intersection,Normale,Autre collision,,,,,,,,,,,5,2,1,1,6
200800004600,0008-01-21 18:55:00,8,1,21,18,55,750,119,"14, AVENUE DE LA PORTE C",,,Nuit avec éclairage allumé,En agglomération,Intersection à plus de 4 branches,Temps couvert,Deux véhicules - côté,,,,,,,,,,,5,2,5,8,3
200800004601,0008-01-21 20:00:00,8,1,21,20,0,750,120,RUE BELGRAND,,,Nuit avec éclairage allumé,En agglomération,Hors intersection,Pluie légère,Deux véhicules - côté,,,,,,,,,,,5,2,1,2,3
200800004602,0008-01-21 21:18:00,8,1,21,21,18,750,120,"68, RUE DE MENILMONTANT",,,Nuit avec éclairage allumé,En agglomération,Hors intersection,Normale,Deux véhicules - frontale,,,,,,,,,,,5,2,1,1,1
200800004603,0008-01-22 11:34:00,8,1,22,11,34,750,101,SOUTERRAIN TRANSIT HALLE,,,Plein jour,En agglomération,Hors intersection,Normale,Sans collision,,,,,,,,,,,1,2,1,1,7
200800004604,0008-01-22 13:15:00,8,1,22,13,15,750,101,"39, RUE CROIX DES PETITS",,,Plein jour,En agglomération,Hors intersection,Normale,Deux véhicules - côté,,,,,,,,,,,1,2,1,1,3
200800004605,0008-01-22 17:00:00,8,1,22,17,0,750,104,"20, RUE BEAUBOURG",,,Plein jour,En agglomération,Intersection en T,Normale,Deux véhicules - côté,,,,,,,,,,,1,2,3,1,3
200800004606,0008-01-22 10:01:00,8,1,22,10,1,750,105,"23, QUAI SAINT BERNARD",,,Plein jour,En agglomération,Hors intersection,Pluie légère,Deux véhicules - côté,,,,,,,,,,,1,2,1,2,3
200800004607,0008-01-22 11:10:00,8,1,22,11,10,750,105,QUAI SAINT BERNARD,,,Plein jour,En agglomération,Hors intersection,Normale,Autre collision,,,,,,,,,,,1,2,1,1,6
200800004608,0008-01-22 14:15:00,8,1,22,14,15,750,112,BOULEVARD DE PICPUS,,,Plein jour,En agglomération,Intersection en T,Normale,Sans collision,,,,,,,,,,,1,2,3,1,7
200800004609,0008-01-22 15:50:00,8,1,22,15,50,750,113,AVENUE DE LA PORTE D ITA,,,Plein jour,En agglomération,Intersection en X,Normale,Deux véhicules - côté,,,,,,,,,,,1,2,2,1,3
200800004610,0008-01-22 19:30:00,8,1,22,19,30,750,113,"15, BOULEVARD MASSENA",,,Nuit avec éclairage allumé,En agglomération,Hors intersection,Normale,Trois véhicules et plus - en chaîne,,,,,,,,,,,5,2,1,1,4
200800004611,0008-01-22 18:50:00,8,1,22,18,50,750,114,"69, AVENUE DU GENERAL LE",,,Nuit avec éclairage allumé,En agglomération,Hors intersection,Normale,Deux véhicules - côté,,,,,,,,,,,5,2,1,1,3
200800004612,0008-01-22 18:45:00,8,1,22,18,45,750,115,QUAI ANDRE CITROEN,,,Nuit avec éclairage allumé,En agglomération,Hors intersection,Normale,Trois véhicules et plus - en chaîne,,,,,,,,,,,5,2,1,1,4
200800004613,0008-01-22 07:50:00,8,1,22,7,50,750,117,BOULEVARD GOUVION SAINT,,,Nuit avec éclairage allumé,En agglomération,Hors intersection,Normale,Autre collision,,,,,,,,,,,5,2,1,1,6
200800004614,0008-01-22 14:15:00,8,1,22,14,15,750,117,"149, BOULEVARD MALESHERB",,,Plein jour,En agglomération,Hors intersection,Normale,Trois véhicules et plus - collisions multiples,,,,,,,,,,,1,2,1,1,5
200800004615,0008-01-22 18:15:00,8,1,22,18,15,750,117,"24, PLACE CHARLES FILLIO",,,Nuit avec éclairage allumé,En agglomération,Hors intersection,Normale,Autre collision,,,,,,,,,,,5,2,1,1,6