accident_id,datetime,annee,mois,jour,heure,minute,departement,commune_insee,adresse,latitude,longitude,luminosite,agglomeration,intersection,meteo,collision,nb_vehicules,nb_usagers,nb_indemnes,nb_tues,nb_blesses_hosp,nb_blesses_legers,age_cond_1,age_cond_2,veh_type_cond_1,veh_type_cond_2,lum_code,agg_code,int_code,atm_code,col_code
200800004616,0008-01-22 21:40:00,8,1,22,21,40,750,117,"281, BOULEVARD PEREIRE",,,Nuit avec éclairage allumé,En agglomération,Hors intersection,Normale,Autre collision,,,,,,,,,,,5,2,1,1,6
200800004617,0008-01-22 01:30:00,8,1,22,1,30,750,118,"68, BOULEVARD BARBES",,,Nuit avec éclairage allumé,En agglomération,Hors intersection,Pluie légère,Autre collision,,,,,,,,,,,5,2,1,2,6
200800004618,0008-01-22 00:25:00,8,1,22,0,25,750,119,"61, RUE DE BELLEVILLE",,,Nuit avec éclairage allumé,En agglomération,Hors intersection,Pluie légère,Sans collision,,,,,,,,,,,5,2,1,2,7
200800004619,0008-01-22 23:20:00,8,1,22,23,20,750,119,"1, PLACE DE LA BATAILLE",,,Nuit avec éclairage allumé,En agglomération,Intersection à plus de 4 branches,Normale,Deux véhicules - arrière,,,,,,,,,,,5,2,5,1,2
200800004620,0008-01-22 06:15:00,8,1,22,6,15,750,120,"6, RUE BELGRAND",,,Nuit avec éclairage allumé,En agglomération,Hors intersection,Normale,Autre collision,,,,,,,,,,,5,2,1,1,6
200800004621,0008-01-22 13:55:00,8,1,22,13,55,750,120,"134, RUE PELLEPORT",,,Plein jour,En agglomération,Hors intersection,Normale,Autre collision,,,,,,,,,,,1,2,1,1,6
200800004622,0008-01-22 13:00:00,8,1,22,13,0,750,116,ALLEE DE LONGCHAMP,,,Plein jour,En agglomération,Intersection en X,Normale,Deux véhicules - côté,,,,,,,,,,,1,2,2,1,3
200800004623,0008-01-22 12:50:00,8,1,22,12,50,750,106,"08, BOULEVARD SAINT MICH",,,Plein jour,En agglomération,Hors intersection,Normale,Autre collision,,,,,,,,,,,1,2,1,1,6
200800004624,0008-01-22 20:30:00,8,1,22,20,30,750,114,"54, AVENUE DU GENERAL LE",,,Nuit avec éclairage allumé,En agglomération,Hors intersection,Normale,Autre collision,,,,,,,,,,,5,2,1,1,6
200800004625,0008-01-22 07:00:00,8,1,22,7,0,750,117,PORTE DE SAINT OUEN,,,Crépuscule ou aube,En agglomération,Hors intersection,Normale,Deux véhicules - côté,,,,,,,,,,,2,2,1,1,3
200800004626,0008-01-22 17:45:00,8,1,22,17,45,750,120,PORTE DE MONTREUIL,,,Nuit avec éclairage allumé,En agglomération,Hors intersection,Normale,Trois véhicules et plus - en chaîne,,,,,,,,,,,5,2,1,1,4
200800004627,0008-01-22 17:24:00,8,1,22,17,24,750,120,PORTE DE MONTREUIL,,,Plein jour,En agglomération,Hors intersection,Normale,Deux véhicules - côté,,,,,,,,,,,1,2,1,1,3
200800004628,0008-01-23 17:48:00,8,1,23,17,48,750,102,"3, BOULEVARD DES CAPUCIN",,,Nuit avec éclairage allumé,En agglomération,Place,Normale,Deux véhicules - côté,,,,,,,,,,,5,2,7,1,3
200800004629,0008-01-23 16:15:00,8,1,23,16,15,750,107,"35, AVENUE DE LA MOTTE P",,,Plein jour,En agglomération,Hors intersection,Normale,Sans collision,,,,,,,,,,,1,2,1,1,7
200800004630,0008-01-23 19:30:00,8,1,23,19,30,750,116,AVENUE MARCEAU,,,Nuit avec éclairage allumé,En agglomération,Intersection à plus de 4 branches,Normale,Sans collision,,,,,,,,,,,5,2,5,1,7
200800004631,0008-01-23 15:30:00,8,1,23,15,30,750,108,"2, PLACE DE LA CONCORDE",,,Plein jour,En agglomération,Hors intersection,Normale,Deux véhicules - côté,,,,,,,,,,,1,2,1,1,3
200800004632,0008-01-23 07:35:00,8,1,23,7,35,750,109,"79, BOULEVARD DE CLICHY",,,Nuit avec éclairage allumé,En agglomération,Intersection en T,Normale,Deux véhicules - côté,,,,,,,,,,,5,2,3,1,3
200800004633,0008-01-23 12:49:00,8,1,23,12,49,750,109,"29, BOULEVARD HAUSSMANN",,,Plein jour,En agglomération,Hors intersection,Normale,Autre collision,,,,,,,,,,,1,2,1,1,6
200800004634,0008-01-23 17:30:00,8,1,23,17,30,750,109,"31, BOULEVARD DE CLICHY",,,Plein jour,En agglomération,Hors intersection,Normale,Autre collision,,,,,,,,,,,1,2,1,1,6
200800004635,0008-01-23 16:20:00,8,1,23,16,20,750,110,"01, RUE DU CHATEAU LANDO",,,Plein jour,En agglomération,Hors intersection,Normale,Autre collision,,,,,,,,,,,1,2,1,1,6
200800004636,0008-01-23 17:35:00,8,1,23,17,35,750,110,"1, PLACE DE LA BATAILLE",,,Nuit avec éclairage allumé,En agglomération,Hors intersection,Normale,Autre collision,,,,,,,,,,,5,2,1,1,6
200800004637,0008-01-23 09:15:00,8,1,23,9,15,750,113,RUE BOBILLOT,,,Plein jour,En agglomération,Hors intersection,Normale,Autre collision,,,,,,,,,,,1,2,1,1,6
200800004638,0008-01-23 09:00:00,8,1,23,9,0,750,113,"86, RUE REGNAULT",,,Plein jour,En agglomération,Hors intersection,Normale,Autre collision,,,,,,,,,,,1,2,1,1,6
200800004639,0008-01-23 21:25:00,8,1,23,21,25,750,115,BOULEVARD DE GRENELLE,,,Nuit avec éclairage allumé,En agglomération,Hors intersection,Normale,Autre collision,,,,,,,,,,,5,2,1,1,6
200800004640,0008-01-23 00:01:00,8,1,23,0,1,750,116,PLACE DE LA PORTE DE PAS,,,Nuit avec éclairage allumé,En agglomération,Intersection en X,Normale,Autre collision,,,,,,,,,,,5,2,2,1,6
200800004641,0008-01-23 06:49:00,8,1,23,6,49,750,116,"34, AVENUE RAYMOND POINC",,,Crépuscule ou aube,En agglomération,Intersection en T,Normale,Deux véhicules - côté,,,,,,,,,,,2,2,3,1,3
200800004642,0008-01-23 18:00:00,8,1,23,18,0,750,116,AVENUE DU MAHATMA GANDHI,,,Nuit avec éclairage allumé,En agglomération,Hors intersection,Normale,Deux véhicules - côté,,,,,,,,,,,5,2,1,1,3
200800004643,0008-01-23 18:50:00,8,1,23,18,50,750,117,AVENUE DE LA PORTE DE CL,,,Nuit avec éclairage allumé,En agglomération,Hors intersection,Normale,Deux véhicules - arrière,,,,,,,,,,,5,2,1,1,2
200800004644,0008-01-23 12:20:00,8,1,23,12,20,750,118,PORTE DE LA CHAPELLE,,,Plein jour,En agglomération,Hors intersection,Normale,Deux véhicules - arrière,,,,,,,,,,,1,2,1,1,2
200800004645,0008-01-23 16:10:00,8,1,23,16,10,750,118,"169, RUE MARCADET",,,Plein jour,En agglomération,Hors intersection,Normale,Autre collision,,,,,,,,,,,1,2,1,1,6
200800004646,0008-01-23 14:50:00,8,1,23,14,50,750,119,RUE DE L OURCQ,,,Plein jour,En agglomération,Hors intersection,Normale,Deux véhicules - arrière,,,,,,,,,,,1,2,1,1,2
200800004647,0008-01-23 18:00:00,8,1,23,18,0,750,119,"37, AVENUE SIMON BOLIVAR",,,Nuit avec éclairage allumé,En agglomération,Hors intersection,Normale,Deux véhicules - côté,,,,,,,,,,,5,2,1,1,3
200800004648,0008-01-23 18:01:00,8,1,23,18,1,750,119,"216, AVENUE JEAN JAURES",,,Crépuscule ou aube,En agglomération,Intersection en T,Temps couvert,Deux véhicules - côté,,,,,,,,,,,2,2,3,8,3
200800004649,0008-01-23 16:00:00,8,1,23,16,0,750,120,RUE DES AMANDIERS,,,Plein jour,En agglomération,Hors intersection,Normale,Autre collision,,,,,,,,,,,1,2,1,1,6
200800004650,0008-01-23 23:30:00,8,1,23,23,30,750,120,"108, BOULEVARD DAVOUT",,,Nuit avec éclairage allumé,En agglomération,Hors intersection,Normale,Deux véhicules - arrière,,,,,,,,,,,5,2,1,1,2
200800004651,0008-01-23 18:05:00,8,1,23,18,5,750,116,ALLEE DU BORD DE L EAU,,,Nuit avec éclairage allumé,En agglomération,Hors intersection,Normale,Deux véhicules - arrière,,,,,,,,,,,5,2,1,1,2
200800004652,0008-01-23 19:25:00,8,1,23,19,25,750,108,"36, AVENUE DE FRIEDLAND",,,Nuit avec éclairage non allumé,En agglomération,Hors intersection,Normale,Deux véhicules - côté,,,,,,,,,,,4,2,1,1,3
200800004653,0008-01-23 07:00:00,8,1,23,7,0,750,112,PORTE DE CHARENTON,,,Nuit avec éclairage allumé,En agglomération,Hors intersection,Normale,Sans collision,,,,,,,,,,,5,2,1,1,7
200800004654,0008-01-23 12:35:00,8,1,23,12,35,750,114,PORTE BRANCION,,,Plein jour,En agglomération,Hors intersection,Normale,Deux véhicules - arrière,,,,,,,,,,,1,2,1,1,2
200800004655,0008-01-23 20:15:00,8,1,23,20,15,750,120,ECHANGEUR BAGNOLET,,,Nuit avec éclairage allumé,En agglomération,Hors intersection,Normale,Deux véhicules - arrière,,,,,,,,,,,5,2,1,1,2
200800004656,0008-01-24 18:25:00,8,1,24,18,25,750,101,QUAI DE L HORLOGE,,,Nuit avec éclairage allumé,En agglomération,Intersection en X,Pluie légère,Deux véhicules - côté,,,,,,,,,,,5,2,2,2,3
200800004657,0008-01-24 09:35:00,8,1,24,9,35,750,105,"9, RUE LE GOFF",,,Plein jour,En agglomération,Hors intersection,Normale,Autre collision,,,,,,,,,,,1,2,1,1,6
200800004658,0008-01-24 19:50:00,8,1,24,19,50,750,105,BOULEVARD SAINT GERMAIN,,,Nuit avec éclairage allumé,En agglomération,Hors intersection,Pluie légère,Sans collision,,,,,,,,,,,5,2,1,2,7
200800004659,0008-01-24 08:50:00,8,1,24,8,50,750,107,"01, AVENUE DUQUESNE",,,Plein jour,En agglomération,Hors intersection,Normale,Deux véhicules - côté,,,,,,,,,,,1,2,1,1,3
200800004660,0008-01-24 16:30:00,8,1,24,16,30,750,107,"15, AVENUE DE TOURVILLE",,,Plein jour,En agglomération,Hors intersection,Pluie légère,Sans collision,,,,,,,,,,,1,2,1,2,7
200800004661,0008-01-24 10:10:00,8,1,24,10,10,750,109,"20, BOULEVARD DES ITALIE",,,Plein jour,En agglomération,Hors intersection,Normale,Trois véhicules et plus - collisions multiples,,,,,,,,,,,1,2,1,1,5
200800004662,0008-01-24 08:05:00,8,1,24,8,5,750,110,RUE DU CHATEAU LANDON,,,Plein jour,En agglomération,Intersection en X,Normale,Sans collision,,,,,,,,,,,1,2,2,1,7
200800004663,0008-01-24 13:55:00,8,1,24,13,55,750,110,BOULEVARD DE BONNE NOUVE,,,Plein jour,En agglomération,Hors intersection,Normale,Deux véhicules - côté,,,,,,,,,,,1,2,1,1,3
200800004664,0008-01-24 16:20:00,8,1,24,16,20,750,111,"61, BOULEVARD RICHARD LE",,,Plein jour,En agglomération,Hors intersection,Normale,Deux véhicules - arrière,,,,,,,,,,,1,2,1,1,2
200800004665,0008-01-24 09:20:00,8,1,24,9,20,750,112,PONT D AUSTERLITZ,,,Plein jour,En agglomération,Hors intersection,Normale,Autre collision,,,,,,,,,,,1,2,1,1,6
200800004666,0008-01-24 10:01:00,8,1,24,10,1,750,112,"22, BOULEVARD SOULT",,,Plein jour,En agglomération,Hors intersection,Normale,Autre collision,,,,,,,,,,,1,2,1,1,6
200800004667,0008-01-24 18:05:00,8,1,24,18,5,750,113,"66, AVENUE D IVRY",,,Nuit avec éclairage allumé,En agglomération,Hors intersection,Pluie légère,Autre collision,,,,,,,,,,,5,2,1,2,6
200800004668,0008-01-24 12:05:00,8,1,24,12,5,750,114,BOULEVARD ADOLPHE PINARD,,,Plein jour,En agglomération,Hors intersection,Normale,Sans collision,,,,,,,,,,,1,2,1,1,7
200800004669,0008-01-24 20:05:00,8,1,24,20,5,750,114,"18, RUE FRIANT",,,Nuit avec éclairage allumé,En agglomération,Hors intersection,Pluie légère,Sans collision,,,,,,,,,,,5,2,1,2,7
200800004670,0008-01-24 08:20:00,8,1,24,8,20,750,115,"56, RUE DU COMMERCE",,,Crépuscule ou aube,En agglomération,Hors intersection,Normale,Autre collision,,,,,,,,,,,2,2,1,1,6
200800004671,0008-01-24 00:40:00,8,1,24,0,40,750,116,AVENUE KLEBER,,,Nuit avec éclairage allumé,En agglomération,Intersection en T,Normale,Deux véhicules - côté,,,,,,,,,,,5,2,3,1,3
200800004672,0008-01-24 09:15:00,8,1,24,9,15,750,116,PORTE MAILLOT,,,Plein jour,En agglomération,Hors intersection,Normale,Sans collision,,,,,,,,,,,1,2,1,1,7
200800004673,0008-01-24 19:15:00,8,1,24,19,15,750,116,"57, RUE JEAN DE LA FONTA",,,Nuit avec éclairage allumé,En agglomération,Hors intersection,Pluie légère,Sans collision,,,,,,,,,,,5,2,1,2,7
200800004674,0008-01-24 19:40:00,8,1,24,19,40,750,116,RUE DE LA POMPE,,,Nuit avec éclairage allumé,En agglomération,Intersection en X,Pluie légère,Autre collision,,,,,,,,,,,5,2,2,2,6
200800004675,0008-01-24 20:30:00,8,1,24,20,30,750,116,"88, RUE CHARDON LAGACHE",,,Nuit avec éclairage allumé,En agglomération,Intersection en T,Normale,Deux véhicules - côté,,,,,,,,,,,5,2,3,1,3
200800004676,0008-01-24 15:40:00,8,1,24,15,40,750,117,"11, AVENUE DE LA PORTE D",,,Plein jour,En agglomération,Hors intersection,Normale,Trois véhicules et plus - en chaîne,,,,,,,,,,,1,2,1,1,4
200800004677,0008-01-24 18:45:00,8,1,24,18,45,750,117,"59, AVENUE DES TERNES",,,Nuit avec éclairage allumé,En agglomération,Hors intersection,Temps couvert,Deux véhicules - arrière,,,,,,,,,,,5,2,1,8,2
200800004678,0008-01-24 09:20:00,8,1,24,9,20,750,118,"22, RUE PAJOL",,,Plein jour,En agglomération,Intersection en X,Normale,Autre collision,,,,,,,,,,,1,2,2,1,6
200800004679,0008-01-24 15:30:00,8,1,24,15,30,750,119,"35, RUE MANIN",,,Plein jour,En agglomération,Hors intersection,Normale,Autre collision,,,,,,,,,,,1,2,1,1,6
200800004680,0008-01-24 19:45:00,8,1,24,19,45,750,119,"151, RUE DE BELLEVILLE",,,Nuit avec éclairage allumé,En agglomération,Hors intersection,Pluie légère,Sans collision,,,,,,,,,,,5,2,1,2,7
200800004681,0008-01-24 08:57:00,8,1,24,8,57,750,120,"241, AVENUE GAMBETTA",,,Plein jour,En agglomération,Hors intersection,Normale,Autre collision,,,,,,,,,,,1,2,1,1,6
200800004682,0008-01-24 14:00:00,8,1,24,14,0,750,120,"7, AVENUE DE LA PORTE DE",,,Plein jour,En agglomération,Hors intersection,Normale,Sans collision,,,,,,,,,,,1,2,1,1,7
200800004683,0008-01-24 19:45:00,8,1,24,19,45,750,120,"84, BOULEVARD DAVOUT",,,Nuit avec éclairage allumé,En agglomération,Hors intersection,Pluie légère,Deux véhicules - côté,,,,,,,,,,,5,2,1,2,3
200800004684,0008-01-24 06:15:00,8,1,24,6,15,750,108,"100, AVENUE DES CHAMPS E",,,Nuit avec éclairage allumé,En agglomération,Intersection en X,Normale,Deux véhicules - côté,,,,,,,,,,,5,2,2,1,3
200800004685,0008-01-24 19:50:00,8,1,24,19,50,750,114,"40, AVENUE DU GENERAL LE",,,Nuit avec éclairage allumé,En agglomération,Hors intersection,Normale,Autre collision,,,,,,,,,,,5,2,1,1,6
200800004686,0008-01-24 21:45:00,8,1,24,21,45,750,114,RUE D ALESIA,,,Nuit avec éclairage allumé,En agglomération,Intersection en X,Normale,Deux véhicules - côté,,,,,,,,,,,5,2,2,1,3
200800004687,0008-01-24 00:30:00,8,1,24,0,30,750,111,"106, AVENUE PARMENTIER",,,Nuit avec éclairage allumé,En agglomération,Hors intersection,Normale,Trois véhicules et plus - collisions multiples,,,,,,,,,,,5,2,1,1,5
200800004688,0008-01-24 21:10:00,8,1,24,21,10,750,113,PORTE DE GENTILLY,,,Nuit avec éclairage allumé,En agglomération,Hors intersection,Normale,Deux véhicules - arrière,,,,,,,,,,,5,2,1,1,2
200800004689,0008-01-25 19:45:00,8,1,25,19,45,750,103,"75, RUE DE TURBIGO",,,Nuit avec éclairage allumé,En agglomération,Hors intersection,Normale,Autre collision,,,,,,,,,,,5,2,1,1,6
200800004690,0008-01-25 17:20:00,8,1,25,17,20,750,103,"64, RUE NOTRE DAME DE NA",,,Plein jour,En agglomération,Hors intersection,Normale,Sans collision,,,,,,,,,,,1,2,1,1,7
200800004691,0008-01-25 18:40:00,8,1,25,18,40,750,104,"23, RUE RAMBUTEAU",,,Nuit avec éclairage allumé,En agglomération,Hors intersection,Normale,Autre collision,,,,,,,,,,,5,2,1,1,6
200800004692,0008-01-25 16:45:00,8,1,25,16,45,750,107,"39, AVENUE DE SUFFREN",,,Plein jour,En agglomération,Hors intersection,Normale,Deux véhicules - côté,,,,,,,,,,,1,2,1,1,3
200800004693,0008-01-25 13:45:00,8,1,25,13,45,750,108,"33, BOULEVARD DES BATIGN",,,Plein jour,En agglomération,Hors intersection,Normale,Autre collision,,,,,,,,,,,1,2,1,1,6
200800004694,0008-01-25 13:05:00,8,1,25,13,5,750,109,"64, RUE DE LA CHAUSSEE D",,,Plein jour,En agglomération,Intersection en X,Normale,Sans collision,,,,,,,,,,,1,2,2,1,7
200800004695,0008-01-25 02:49:00,8,1,25,2,49,750,110,"6, RUE DE PARADIS",,,Nuit avec éclairage allumé,En agglomération,Hors intersection,Normale,Autre collision,,,,,,,,,,,5,2,1,1,6
200800004696,0008-01-25 18:50:00,8,1,25,18,50,750,110,"8, RUE DE DUNKERQUE",,,Nuit avec éclairage allumé,En agglomération,Hors intersection,Normale,Autre collision,,,,,,,,,,,5,2,1,1,6
200800004697,0008-01-25 11:30:00,8,1,25,11,30,750,112,AVENUE DE SAINT MAURICE,,,Plein jour,En agglomération,Hors intersection,Normale,Trois véhicules et plus - en chaîne,,,,,,,,,,,1,2,1,1,4
200800004698,0008-01-25 17:10:00,8,1,25,17,10,750,112,AVENUE DE NOGENT,,,Crépuscule ou aube,En agglomération,Hors intersection,Normale,Sans collision,,,,,,,,,,,2,2,1,1,7
200800004699,0008-01-25 15:30:00,8,1,25,15,30,750,113,"63, AVENUE DES GOBELINS",,,Plein jour,En agglomération,Hors intersection,Normale,Autre collision,,,,,,,,,,,1,2,1,1,6
200800004700,0008-01-25 19:35:00,8,1,25,19,35,750,114,"93, RUE RAYMOND LOSSERAN",,,Nuit avec éclairage non allumé,En agglomération,Intersection en T,Normale,Autre collision,,,,,,,,,,,4,2,3,1,6
200800004701,0008-01-25 03:10:00,8,1,25,3,10,750,115,"1, AVENUE DU MAINE",,,Nuit avec éclairage allumé,En agglomération,Hors intersection,Normale,Autre collision,,,,,,,,,,,5,2,1,1,6
200800004702,0008-01-25 12:12:00,8,1,25,12,12,750,115,"35, BOULEVARD PASTEUR",,,Plein jour,En agglomération,Intersection en T,Normale,Sans collision,,,,,,,,,,,1,2,3,1,7
200800004703,0008-01-25 22:30:00,8,1,25,22,30,750,115,RUE DE LA CONVENTION,,,Nuit avec éclairage allumé,En agglomération,Intersection en X,Normale,Deux véhicules - côté,,,,,,,,,,,5,2,2,1,3
200800004704,0008-01-25 04:00:00,8,1,25,4,0,750,116,"7, BOULEVARD EMILE AUGIE",,,Nuit avec éclairage allumé,En agglomération,Hors intersection,Normale,Autre collision,,,,,,,,,,,5,2,1,1,6
200800004705,0008-01-25 17:40:00,8,1,25,17,40,750,116,BOULEVARD PERIPHERIQUE E,,,Nuit avec éclairage allumé,En agglomération,Hors intersection,Normale,Deux véhicules - arrière,,,,,,,,,,,5,2,1,1,2
200800004706,0008-01-25 22:25:00,8,1,25,22,25,750,116,"21, RUE DES PERCHAMPS",,,Nuit avec éclairage allumé,En agglomération,Intersection en Y,Normale,Sans collision,,,,,,,,,,,5,2,4,1,7
200800004707,0008-01-25 11:50:00,8,1,25,11,50,750,117,"18, AVENUE NIEL",,,Plein jour,En agglomération,Hors intersection,Normale,Autre collision,,,,,,,,,,,1,2,1,1,6
200800004708,0008-01-25 17:10:00,8,1,25,17,10,750,119,RUE BOTZARIS,,,Plein jour,En agglomération,Intersection en X,Normale,Autre collision,,,,,,,,,,,1,2,2,1,6
200800004709,0008-01-25 08:50:00,8,1,25,8,50,750,120,"132, RUE D AVRON",,,Plein jour,En agglomération,Hors intersection,Normale,Autre collision,,,,,,,,,,,1,2,1,1,6
200800004710,0008-01-25 09:50:00,8,1,25,9,50,750,120,BOULEVARD DE MENILMONTAN,,,Plein jour,En agglomération,Hors intersection,Normale,Deux véhicules - arrière,,,,,,,,,,,1,2,1,1,2
200800004711,0008-01-25 16:30:00,8,1,25,16,30,750,120,"332, RUE DES PYRENEES",,,Plein jour,En agglomération,Hors intersection,Normale,Autre collision,,,,,,,,,,,1,2,1,1,6
200800004712,0008-01-25 12:40:00,8,1,25,12,40,750,110,"157, BOULEVARD DE MAGENT",,,Plein jour,En agglomération,Hors intersection,Normale,Deux véhicules - arrière,,,,,,,,,,,1,2,1,1,2
200800004713,0008-01-25 16:45:00,8,1,25,16,45,750,113,PORTE DE GENTILLY,,,Plein jour,En agglomération,Hors intersection,Normale,Deux véhicules - côté,,,,,,,,,,,1,2,1,1,3
200800004714,0008-01-25 16:45:00,8,1,25,16,45,750,112,ECHANGEUR BERCY,,,Plein jour,En agglomération,Hors intersection,Normale,Deux véhicules - côté,,,,,,,,,,,1,2,1,1,3
200800004715,0008-01-25 19:15:00,8,1,25,19,15,750,116,PORTE MAILLOT,,,Nuit avec éclairage allumé,En agglomération,Hors intersection,Normale,Sans collision,,,,,,,,,,,5,2,1,1,7
200800004716,0008-01-26 06:15:00,8,1,26,6,15,750,103,"15, PLACE DE LA REPUBLIQ",,,Nuit avec éclairage allumé,En agglomération,Intersection en T,Normale,Autre collision,,,,,,,,,,,5,2,3,1,6
200800004717,0008-01-26 06:00:00,8,1,26,6,0,750,105,BOULEVARD DE L HOPITAL,,,Nuit avec éclairage allumé,En agglomération,Hors intersection,Normale,Sans collision,,,,,,,,,,,5,2,1,1,7
200800004718,0008-01-26 21:05:00,8,1,26,21,5,750,108,"27, AVENUE HOCHE",,,Nuit avec éclairage allumé,En agglomération,Hors intersection,Normale,Autre collision,,,,,,,,,,,5,2,1,1,6
200800004719,0008-01-26 05:10:00,8,1,26,5,10,750,109,"02, RUE DE CLICHY",,,Nuit avec éclairage allumé,En agglomération,Hors intersection,Normale,Sans collision,,,,,,,,,,,5,2,1,1,7
200800004720,0008-01-26 20:40:00,8,1,26,20,40,750,110,"123, RUE DU FAUBOURG SAI",,,Nuit avec éclairage allumé,En agglomération,Intersection en X,Normale,Deux véhicules - côté,,,,,,,,,,,5,2,2,1,3
200800004721,0008-01-26 17:25:00,8,1,26,17,25,750,111,"133, AVENUE PARMENTIER",,,Plein jour,En agglomération,Intersection en X,Normale,Deux véhicules - côté,,,,,,,,,,,1,2,2,1,3
200800004722,0008-01-26 16:10:00,8,1,26,16,10,750,113,RUE DU DOCTEUR BOURNEVIL,,,Plein jour,En agglomération,Hors intersection,Normale,Autre collision,,,,,,,,,,,1,2,1,1,6
200800004723,0008-01-26 15:35:00,8,1,26,15,35,750,113,"24, RUE NEUVE TOLBIAC",,,Plein jour,En agglomération,Hors intersection,Normale,Deux véhicules - côté,,,,,,,,,,,1,2,1,1,3
200800004724,0008-01-26 02:40:00,8,1,26,2,40,750,115,"20, BOULEVARD DE VAUGIRA",,,Nuit avec éclairage allumé,En agglomération,Hors intersection,Normale,Autre collision,,,,,,,,,,,5,2,1,1,6
200800004725,0008-01-26 20:35:00,8,1,26,20,35,750,115,"58, RUE DE LA CONVENTION",,,Nuit avec éclairage allumé,En agglomération,Intersection en X,Normale,Deux véhicules - côté,,,,,,,,,,,5,2,2,1,3
200800004726,0008-01-26 21:15:00,8,1,26,21,15,750,116,"9633, QUAI SAINT EXUPERY",,,Nuit avec éclairage allumé,En agglomération,Hors intersection,Normale,Deux véhicules - arrière,,,,,,,,,,,5,2,1,1,2
200800004727,0008-01-26 00:35:00,8,1,26,0,35,750,116,AVENUE DE NEW YORK,,,Nuit avec éclairage allumé,En agglomération,Hors intersection,Normale,Deux véhicules - frontale,,,,,,,,,,,5,2,1,1,1
200800004728,0008-01-26 12:15:00,8,1,26,12,15,750,114,"180, RUE D ALESIA",,,Plein jour,En agglomération,Hors intersection,Normale,Autre collision,,,,,,,,,,,1,2,1,1,6
200800004729,0008-01-26 12:50:00,8,1,26,12,50,750,120,PORTE DE BAGNOLET,,,Plein jour,En agglomération,Hors intersection,Normale,Deux véhicules - côté,,,,,,,,,,,1,2,1,1,3
200800004730,0008-01-26 22:10:00,8,1,26,22,10,750,117,PORTE DE CHAMPERRET,,,Nuit sans éclairage public,En agglomération,Hors intersection,Normale,Trois véhicules et plus - collisions multiples,,,,,,,,,,,3,2,1,1,5
200800004731,0008-01-27 18:30:00,8,1,27,18,30,750,104,QUAI DE L HOTEL DE VILLE,,,Nuit avec éclairage allumé,En agglomération,Intersection en T,Normale,Autre collision,,,,,,,,,,,5,2,3,1,6
200800004732,0008-01-27 02:50:00,8,1,27,2,50,750,113,BOULEVARD SAINT MARCEL,,,Nuit avec éclairage allumé,En agglomération,Hors intersection,Normale,Autre collision,,,,,,,,,,,5,2,1,1,6
200800004733,0008-01-27 17:40:00,8,1,27,17,40,750,105,"01, PLACE DU PANTHEON",,,Crépuscule ou aube,En agglomération,Intersection en X,Normale,Autre collision,,,,,,,,,,,2,2,2,1,6
200800004734,0008-01-27 04:30:00,8,1,27,4,30,750,107,"01, QUAI ANATOLE FRANCE",,,Nuit avec éclairage allumé,En agglomération,Hors intersection,Normale,Deux véhicules - arrière,,,,,,,,,,,5,2,1,1,2
200800004735,0008-01-27 20:05:00,8,1,27,20,5,750,108,PLACE DE LA CONCORDE,,,Crépuscule ou aube,En agglomération,Hors intersection,Normale,Deux véhicules - côté,,,,,,,,,,,2,2,1,1,3
200800004736,0008-01-27 03:58:00,8,1,27,3,58,750,110,"17, BOULEVARD DE LA CHAP",,,Nuit avec éclairage allumé,En agglomération,Hors intersection,Normale,Autre collision,,,,,,,,,,,5,2,1,1,6
200800004737,0008-01-27 11:43:00,8,1,27,11,43,750,112,"118, RUE DE BERCY",,,Plein jour,En agglomération,Intersection en X,Normale,Deux véhicules - côté,,,,,,,,,,,1,2,2,1,3
200800004738,0008-01-27 00:50:00,8,1,27,0,50,750,113,"1, BOULEVARD DE L HOPITA",,,Nuit avec éclairage allumé,En agglomération,Hors intersection,Normale,Deux véhicules - côté,,,,,,,,,,,5,2,1,1,3
200800004739,0008-01-27 05:55:00,8,1,27,5,55,750,116,"87, AVENUE RAYMOND POINC",,,Nuit avec éclairage allumé,En agglomération,Hors intersection,Normale,Sans collision,,,,,,,,,,,5,2,1,1,7
200800004740,0008-01-27 20:30:00,8,1,27,20,30,750,117,"36, AVENUE DE LA GRANDE",,,Nuit avec éclairage allumé,En agglomération,Hors intersection,Normale,Autre collision,,,,,,,,,,,5,2,1,1,6
200800004741,0008-01-27 09:55:00,8,1,27,9,55,750,118,"23, RUE POULET",,,Plein jour,En agglomération,Hors intersection,Normale,Autre collision,,,,,,,,,,,1,2,1,1,6
200800004742,0008-01-27 14:50:00,8,1,27,14,50,750,118,"2, BOULEVARD DE ROCHECHO",,,Plein jour,En agglomération,Hors intersection,Normale,Deux véhicules - côté,,,,,,,,,,,1,2,1,1,3
200800004743,0008-01-27 21:00:00,8,1,27,21,0,750,119,AVENUE SIMON BOLIVAR,,,Nuit avec éclairage allumé,En agglomération,Hors intersection,Normale,Deux véhicules - côté,,,,,,,,,,,5,2,1,1,3
200800004744,0008-01-27 14:30:00,8,1,27,14,30,750,105,"48, RUE GAY LUSSAC",,,Plein jour,En agglomération,Hors intersection,Normale,Autre collision,,,,,,,,,,,1,2,1,1,6
200800004745,0008-01-27 10:45:00,8,1,27,10,45,750,116,PORTE MAILLOT,,,Plein jour,En agglomération,Hors intersection,Normale,Deux véhicules - arrière,,,,,,,,,,,1,2,1,1,2