accident_id,datetime,annee,mois,jour,heure,minute,departement,commune_insee,adresse,latitude,longitude,luminosite,agglomeration,intersection,meteo,collision,nb_vehicules,nb_usagers,nb_indemnes,nb_tues,nb_blesses_hosp,nb_blesses_legers,age_cond_1,age_cond_2,veh_type_cond_1,veh_type_cond_2,lum_code,agg_code,int_code,atm_code,col_code
200800004746,0008-01-27 14:20:00,8,1,27,14,20,750,112,BOULEVARD DE BERCY,,,Plein jour,En agglomération,Hors intersection,Normale,Deux véhicules - arrière,,,,,,,,,,,1,2,1,1,2
200800004747,0008-01-28 12:00:00,8,1,28,12,0,750,101,QUAI DES TUILERIES,,,Plein jour,En agglomération,Hors intersection,Normale,Deux véhicules - côté,,,,,,,,,,,1,2,1,1,3
200800004748,0008-01-28 09:30:00,8,1,28,9,30,750,111,"151, BOULEVARD DE CHARON",,,Plein jour,En agglomération,Intersection en X,Normale,Sans collision,,,,,,,,,,,1,2,2,1,7
200800004749,0008-01-28 13:20:00,8,1,28,13,20,750,111,"155, RUE DE LA ROQUETTE",,,Plein jour,En agglomération,Hors intersection,Normale,Autre collision,,,,,,,,,,,1,2,1,1,6
200800004750,0008-01-28 07:45:00,8,1,28,7,45,750,113,QUAI FRANCOIS MAURIAC,,,Plein jour,En agglomération,Intersection en X,Normale,Autre collision,,,,,,,,,,,1,2,2,1,6
200800004751,0008-01-28 13:35:00,8,1,28,13,35,750,113,RUE FAGON,,,Plein jour,En agglomération,Intersection en X,Normale,Autre collision,,,,,,,,,,,1,2,2,1,6
200800004752,0008-01-28 17:05:00,8,1,28,17,5,750,114,"232, BOULEVARD RASPAIL",,,Plein jour,En agglomération,Hors intersection,Temps couvert,Sans collision,,,,,,,,,,,1,2,1,8,7
200800004753,0008-01-28 23:25:00,8,1,28,23,25,750,114,AVENUE DE LA PORTE D ORL,,,Nuit avec éclairage allumé,En agglomération,Hors intersection,Normale,Sans collision,,,,,,,,,,,5,2,1,1,7
200800004754,0008-01-28 15:35:00,8,1,28,15,35,750,115,"250, RUE DE VAUGIRARD",,,Plein jour,En agglomération,Intersection en T,Normale,Autre collision,,,,,,,,,,,1,2,3,1,6
200800004755,0008-01-28 17:30:00,8,1,28,17,30,750,115,"116, RUE DE LA CONVENTIO",,,Crépuscule ou aube,En agglomération,Intersection en T,Normale,Deux véhicules - côté,,,,,,,,,,,2,2,3,1,3
200800004756,0008-01-28 19:10:00,8,1,28,19,10,750,118,"44, BOULEVARD ORNANO",,,Nuit avec éclairage allumé,En agglomération,Hors intersection,Normale,Deux véhicules - côté,,,,,,,,,,,5,2,1,1,3
200800004757,0008-01-28 13:50:00,8,1,28,13,50,750,119,"97, RUE MANIN",,,Plein jour,En agglomération,Hors intersection,Normale,Deux véhicules - côté,,,,,,,,,,,1,2,1,1,3
200800004758,0008-01-28 14:25:00,8,1,28,14,25,750,104,QUAI DE LA CORSE,,,Plein jour,En agglomération,Intersection en T,Normale,Deux véhicules - côté,,,,,,,,,,,1,2,3,1,3
200800004759,0008-01-28 10:00:00,8,1,28,10,0,750,116,CHAUSSEE LA MUETTE,,,Plein jour,En agglomération,Hors intersection,Normale,Deux véhicules - côté,,,,,,,,,,,1,2,1,1,3
200800004760,0008-01-29 02:35:00,8,1,29,2,35,750,106,"98, RUE DE RENNES",,,Nuit avec éclairage allumé,En agglomération,Hors intersection,Normale,Autre collision,,,,,,,,,,,5,2,1,1,6
200800004761,0008-01-29 09:40:00,8,1,29,9,40,750,107,RUE DE BABYLONE,,,Plein jour,En agglomération,Hors intersection,Normale,Autre collision,,,,,,,,,,,1,2,1,1,6
200800004762,0008-01-29 00:07:00,8,1,29,0,7,750,108,RUE D ARTOIS,,,Nuit avec éclairage allumé,En agglomération,Intersection en X,Normale,Deux véhicules - côté,,,,,,,,,,,5,2,2,1,3
200800004763,0008-01-29 18:15:00,8,1,29,18,15,750,108,"34, AVENUE DES CHAMPS EL",,,Nuit avec éclairage allumé,En agglomération,Hors intersection,Temps couvert,Deux véhicules - arrière,,,,,,,,,,,5,2,1,8,2
200800004764,0008-01-29 13:20:00,8,1,29,13,20,750,109,"0, BOULEVARD HAUSSMANN",,,Plein jour,En agglomération,Intersection en T,Normale,Sans collision,,,,,,,,,,,1,2,3,1,7
200800004765,0008-01-29 16:00:00,8,1,29,16,0,750,109,BOULEVARD POISSONNIERE,,,Plein jour,En agglomération,Intersection en T,Normale,Deux véhicules - côté,,,,,,,,,,,1,2,3,1,3
200800004766,0008-01-29 13:40:00,8,1,29,13,40,750,110,BOULEVARD DE MAGENTA,,,Plein jour,En agglomération,Intersection en X,Normale,Deux véhicules - côté,,,,,,,,,,,1,2,2,1,3
200800004767,0008-01-29 16:55:00,8,1,29,16,55,750,112,"37, RUE TAINE",,,Plein jour,En agglomération,Hors intersection,Temps couvert,Sans collision,,,,,,,,,,,1,2,1,8,7
200800004768,0008-01-29 22:00:00,8,1,29,22,0,750,114,"53, AVENUE DU MAINE",,,Nuit avec éclairage allumé,En agglomération,Intersection en T,Normale,Deux véhicules - côté,,,,,,,,,,,5,2,3,1,3
200800004769,0008-01-29 12:05:00,8,1,29,12,5,750,115,"24, RUE DURANTON",,,Plein jour,En agglomération,Hors intersection,Normale,Autre collision,,,,,,,,,,,1,2,1,1,6
200800004770,0008-01-29 18:50:00,8,1,29,18,50,750,115,"43, RUE DESNOUETTES",,,Nuit avec éclairage allumé,En agglomération,Intersection en Y,Normale,Sans collision,,,,,,,,,,,5,2,4,1,7
200800004771,0008-01-29 07:25:00,8,1,29,7,25,750,116,AVENUE FOCH,,,Crépuscule ou aube,En agglomération,Intersection en X,Normale,Deux véhicules - côté,,,,,,,,,,,2,2,2,1,3
200800004772,0008-01-29 20:25:00,8,1,29,20,25,750,119,"0, RUE DE BELLEVILLE",,,Nuit avec éclairage allumé,En agglomération,Intersection en T,Normale,Deux véhicules - côté,,,,,,,,,,,5,2,3,1,3
200800004773,0008-01-29 15:15:00,8,1,29,15,15,750,120,"17, AVENUE GAMBETTA",,,Plein jour,En agglomération,Hors intersection,Temps couvert,Autre collision,,,,,,,,,,,1,2,1,8,6
200800004774,0008-01-29 00:01:00,8,1,29,0,1,750,102,"34, RUE FEYDEAU",,,Nuit avec éclairage allumé,En agglomération,Hors intersection,Normale,Sans collision,,,,,,,,,,,5,2,1,1,7
200800004775,0008-01-29 02:00:00,8,1,29,2,0,750,119,BOULEVARD PERIPHERIQUE E,,,Nuit avec éclairage allumé,En agglomération,Hors intersection,Normale,Autre collision,,,,,,,,,,,5,2,1,1,6
200800004776,0008-01-29 19:35:00,8,1,29,19,35,750,116,ECHANGEUR MUETTE,,,Nuit avec éclairage allumé,En agglomération,Hors intersection,Normale,Deux véhicules - côté,,,,,,,,,,,5,2,1,1,3
200800004777,0008-01-31 10:20:00,8,1,31,10,20,750,101,"09, AVENUE DE L OPERA",,,Plein jour,En agglomération,Hors intersection,Normale,Deux véhicules - côté,,,,,,,,,,,1,2,1,1,3
200800004778,0008-01-31 20:10:00,8,1,31,20,10,750,101,"99, RUE DE RIVOLI",,,Nuit avec éclairage allumé,En agglomération,Intersection en T,Pluie légère,Deux véhicules - côté,,,,,,,,,,,5,2,3,2,3
200800004779,0008-01-30 12:30:00,8,1,30,12,30,750,102,"04, PLACE DE L OPERA",,,Plein jour,En agglomération,Intersection en X,Pluie légère,Deux véhicules - côté,,,,,,,,,,,1,2,2,2,3
200800004780,0008-01-30 11:25:00,8,1,30,11,25,750,102,"1, RUE DE LA MICHODIERE",,,Plein jour,En agglomération,Intersection en X,Pluie légère,Deux véhicules - côté,,,,,,,,,,,1,2,2,2,3
200800004781,0008-01-30 16:45:00,8,1,30,16,45,750,105,"23, RUE LINNE",,,Plein jour,En agglomération,Intersection en T,Pluie légère,Deux véhicules - côté,,,,,,,,,,,1,2,3,2,3
200800004782,0008-01-30 08:50:00,8,1,30,8,50,750,108,AVENUE DE FRIEDLAND,,,Plein jour,En agglomération,Hors intersection,Temps couvert,Deux véhicules - arrière,,,,,,,,,,,1,2,1,8,2
200800004783,0008-01-30 09:15:00,8,1,30,9,15,750,108,AVENUE DES CHAMPS ELYSEE,,,Plein jour,En agglomération,Hors intersection,Pluie légère,Autre collision,,,,,,,,,,,1,2,1,2,6
200800004784,0008-01-30 15:07:00,8,1,30,15,7,750,108,"35, AVENUE HOCHE",,,Plein jour,En agglomération,Hors intersection,Pluie légère,Deux véhicules - côté,,,,,,,,,,,1,2,1,2,3
200800004785,0008-01-30 18:55:00,8,1,30,18,55,750,108,PLACE DU CANADA,,,Nuit avec éclairage allumé,En agglomération,Intersection à plus de 4 branches,Temps couvert,Deux véhicules - côté,,,,,,,,,,,5,2,5,8,3
200800004786,0008-01-30 20:45:00,8,1,30,20,45,750,108,AVENUE DE MESSINE,,,Nuit avec éclairage allumé,En agglomération,Hors intersection,Normale,Autre collision,,,,,,,,,,,5,2,1,1,6
200800004787,0008-01-31 12:25:00,8,1,31,12,25,750,109,"14, RUE AUBER",,,Plein jour,En agglomération,Intersection en X,Normale,Sans collision,,,,,,,,,,,1,2,2,1,7
200800004788,0008-01-30 14:51:00,8,1,30,14,51,750,110,"168, RUE LA FAYETTE",,,Plein jour,En agglomération,Hors intersection,Pluie légère,Autre collision,,,,,,,,,,,1,2,1,2,6
200800004789,0008-01-30 22:15:00,8,1,30,22,15,750,110,"12, PLACE DE LA REPUBLIQ",,,Nuit avec éclairage allumé,En agglomération,Intersection à plus de 4 branches,Normale,Deux véhicules - côté,,,,,,,,,,,5,2,5,1,3
200800004790,0008-01-31 16:45:00,8,1,31,16,45,750,110,"243, RUE LA FAYETTE",,,Plein jour,En agglomération,Hors intersection,Temps couvert,Autre collision,,,,,,,,,,,1,2,1,8,6
200800004791,0008-01-30 19:20:00,8,1,30,19,20,750,111,"02, RUE DU FAUBOURG DU T",,,Nuit sans éclairage public,En agglomération,Hors intersection,Normale,Autre collision,,,,,,,,,,,3,2,1,1,6
200800004792,0008-01-31 09:20:00,8,1,31,9,20,750,111,"12, PLACE DE LA BASTILLE",,,Plein jour,En agglomération,Giratoire,Normale,Deux véhicules - côté,,,,,,,,,,,1,2,6,1,3
200800004793,0008-01-31 22:30:00,8,1,31,22,30,750,111,"95, AVENUE PHILIPPE AUGU",,,Nuit avec éclairage allumé,En agglomération,Intersection en X,Pluie légère,Autre collision,,,,,,,,,,,5,2,2,2,6
200800004794,0008-01-31 16:35:00,8,1,31,16,35,750,112,PORTE DE VINCENNES,,,Plein jour,En agglomération,Place,Normale,Deux véhicules - côté,,,,,,,,,,,1,2,7,1,3
200800004795,0008-01-30 14:50:00,8,1,30,14,50,750,113,"213, RUE DE TOLBIAC",,,Plein jour,En agglomération,Intersection en X,Pluie légère,Deux véhicules - côté,,,,,,,,,,,1,2,2,2,3
200800004796,0008-01-30 18:10:00,8,1,30,18,10,750,113,"152, RUE DE TOLBIAC",,,Nuit avec éclairage allumé,En agglomération,Hors intersection,Normale,Autre collision,,,,,,,,,,,5,2,1,1,6
200800004797,0008-01-31 08:15:00,8,1,31,8,15,750,113,"160, AVENUE DE FRANCE",,,Plein jour,En agglomération,Hors intersection,Normale,Sans collision,,,,,,,,,,,1,2,1,1,7
200800004798,0008-01-31 11:40:00,8,1,31,11,40,750,113,RUE NATIONALE,,,Plein jour,En agglomération,Hors intersection,Normale,Deux véhicules - arrière,,,,,,,,,,,1,2,1,1,2
200800004799,0008-01-31 10:15:00,8,1,31,10,15,750,113,PLACE PINEL,,,Plein jour,En agglomération,Giratoire,Normale,Autre collision,,,,,,,,,,,1,2,6,1,6
200800004800,0008-01-31 19:45:00,8,1,31,19,45,750,113,"109, BOULEVARD MASSENA",,,Nuit avec éclairage allumé,En agglomération,Intersection en T,Normale,Deux véhicules - côté,,,,,,,,,,,5,2,3,1,3
200800004801,0008-01-30 17:30:00,8,1,30,17,30,750,114,"5, PLACE DU VINGT CINQ A",,,Plein jour,En agglomération,Intersection en T,Normale,Autre collision,,,,,,,,,,,1,2,3,1,6
200800004802,0008-01-30 20:55:00,8,1,30,20,55,750,114,"104, BOULEVARD BRUNE",,,Nuit avec éclairage allumé,En agglomération,Intersection en X,Temps couvert,Deux véhicules - côté,,,,,,,,,,,5,2,2,8,3
200800004803,0008-01-31 10:10:00,8,1,31,10,10,750,107,"231, BOULEVARD SAINT GER",,,Plein jour,En agglomération,Hors intersection,Normale,Sans collision,,,,,,,,,,,1,2,1,1,7
200800004804,0008-01-30 09:20:00,8,1,30,9,20,750,116,AVENUE GEORGES MANDEL,,,Plein jour,En agglomération,Hors intersection,Pluie légère,Autre collision,,,,,,,,,,,1,2,1,2,6
200800004805,0008-01-30 10:30:00,8,1,30,10,30,750,116,"1, RUE GEORGE SAND",,,Plein jour,En agglomération,Intersection en X,Pluie légère,Deux véhicules - côté,,,,,,,,,,,1,2,2,2,3
200800004806,0008-01-30 17:00:00,8,1,30,17,0,750,116,SOUTERRAIN EXELMANS,,,Plein jour,En agglomération,Hors intersection,Temps couvert,Sans collision,,,,,,,,,,,1,2,1,8,7
200800004807,0008-01-30 20:05:00,8,1,30,20,5,750,116,"0, RUE DE LA MISSION MAR",,,Nuit avec éclairage allumé,En agglomération,Intersection en X,Normale,Autre collision,,,,,,,,,,,5,2,2,1,6
200800004808,0008-01-31 19:45:00,8,1,31,19,45,750,116,"19, AVENUE DE LA GRANDE",,,Nuit avec éclairage allumé,En agglomération,Hors intersection,Normale,Autre collision,,,,,,,,,,,5,2,1,1,6
200800004809,0008-01-30 11:50:00,8,1,30,11,50,750,117,"98, BOULEVARD PEREIRE",,,Plein jour,En agglomération,Hors intersection,Pluie légère,Sans collision,,,,,,,,,,,1,2,1,2,7
200800004810,0008-01-31 13:00:00,8,1,31,13,0,750,118,"22/24, AVENUE DE SAINT O",,,Plein jour,En agglomération,Intersection en T,Normale,Deux véhicules - frontale,,,,,,,,,,,1,2,3,1,1
200800004811,0008-01-31 17:10:00,8,1,31,17,10,750,118,RUE STEPHENSON,,,Nuit avec éclairage allumé,En agglomération,Hors intersection,Normale,Autre collision,,,,,,,,,,,5,2,1,1,6
200800004812,0008-01-31 15:50:00,8,1,31,15,50,750,119,"20, BOULEVARD D ALGERIE",,,Plein jour,En agglomération,Hors intersection,Normale,Deux véhicules - frontale,,,,,,,,,,,1,2,1,1,1
200800004813,0008-01-30 12:10:00,8,1,30,12,10,750,120,"54, RUE BELGRAND",,,Plein jour,En agglomération,Hors intersection,Pluie légère,Autre collision,,,,,,,,,,,1,2,1,2,6
200800004814,0008-01-31 13:25:00,8,1,31,13,25,750,113,"51, RUE CLISSON",,,Plein jour,En agglomération,Intersection en X,Normale,Autre collision,,,,,,,,,,,1,2,2,1,6
200800004815,0008-01-30 08:15:00,8,1,30,8,15,750,113,PORTE D ITALIE,,,Plein jour,En agglomération,Hors intersection,Pluie légère,Deux véhicules - arrière,,,,,,,,,,,1,2,1,2,2
200800004816,0008-01-30 19:00:00,8,1,30,19,0,750,113,PORTE D ITALIE,,,Nuit avec éclairage allumé,En agglomération,Hors intersection,Normale,Autre collision,,,,,,,,,,,5,2,1,1,6
200800004817,0008-01-30 20:00:00,8,1,30,20,0,750,112,BOULEVARD PERIPHERIQUE E,,,Nuit avec éclairage allumé,En agglomération,Hors intersection,Normale,Deux véhicules - côté,,,,,,,,,,,5,2,1,1,3
200800004818,0008-01-31 08:15:00,8,1,31,8,15,750,116,ZAC PORTE MAILLOT,,,Plein jour,En agglomération,Hors intersection,Normale,Trois véhicules et plus - collisions multiples,,,,,,,,,,,1,2,1,1,5
200800004819,0008-01-17 07:15:00,8,1,17,7,15,750,120,"19, RUE DE LA PY",,,Nuit avec éclairage allumé,En agglomération,Hors intersection,Normale,Deux véhicules - côté,,,,,,,,,,,5,2,1,1,3
200800004820,0008-01-03 00:01:00,8,1,3,0,1,770,121,A104,,,Nuit sans éclairage public,Hors agglomération,Hors intersection,Normale,Sans collision,,,,,,,,,,,3,1,1,1,7
200800004821,0008-01-03 03:56:00,8,1,3,3,56,770,169,A4.Y,,,Nuit sans éclairage public,Hors agglomération,Hors intersection,Normale,Deux véhicules - arrière,,,,,,,,,,,3,1,1,1,2
200800004822,0008-01-03 04:40:00,8,1,3,4,40,770,249,RN104,,,Nuit sans éclairage public,Hors agglomération,Hors intersection,Pluie légère,Sans collision,,,,,,,,,,,3,1,1,2,7
200800004823,0008-01-03 07:00:00,8,1,3,7,0,770,237,A4,,,Nuit avec éclairage non allumé,Hors agglomération,Hors intersection,Pluie légère,Autre collision,,,,,,,,,,,4,1,1,2,6
200800004824,0008-01-04 08:15:00,8,1,4,8,15,770,373,RN104,,,Crépuscule ou aube,Hors agglomération,Hors intersection,Pluie légère,Trois véhicules et plus - en chaîne,,,,,,,,,,,2,1,1,2,4
200800004825,0008-01-05 15:10:00,8,1,5,15,10,770,468,A104,,,Plein jour,Hors agglomération,Hors intersection,Temps couvert,Trois véhicules et plus - collisions multiples,,,,,,,,,,,1,1,1,8,5
200800004826,0008-01-06 06:50:00,8,1,6,6,50,770,175,A5.B,,,Nuit sans éclairage public,Hors agglomération,Hors intersection,Temps couvert,Autre collision,,,,,,,,,,,3,1,1,8,6
200800004827,0008-01-06 20:50:00,8,1,6,20,50,940,42,A4,,,Nuit avec éclairage non allumé,Hors agglomération,Hors intersection,Normale,Trois véhicules et plus - en chaîne,,,,,,,,,,,4,1,1,1,4
200800004828,0008-01-07 12:45:00,8,1,7,12,45,770,450,RN104,,,Plein jour,Hors agglomération,Hors intersection,Normale,Sans collision,,,,,,,,,,,1,1,1,1,7
200800004829,0008-01-08 09:25:00,8,1,8,9,25,770,294,A104,,,Plein jour,Hors agglomération,Autre intersection,Normale,Trois véhicules et plus - collisions multiples,,,,,,,,,,,1,1,9,1,5
200800004830,0008-01-07 11:10:00,8,1,7,11,10,940,22,A86,,,Plein jour,Hors agglomération,Hors intersection,Normale,Autre collision,,,,,,,,,,,1,1,1,1,6
200800004831,0008-01-13 20:00:00,8,1,13,20,0,940,79,A4,,,Nuit sans éclairage public,Hors agglomération,Hors intersection,Normale,Sans collision,,,,,,,,,,,3,1,1,1,7
200800004832,0008-01-09 08:35:00,8,1,9,8,35,770,348,A104,,,Plein jour,Hors agglomération,Hors intersection,Normale,Autre collision,,,,,,,,,,,1,1,1,1,6
200800004833,0008-01-10 09:30:00,8,1,10,9,30,940,73,A86,,,Plein jour,Hors agglomération,Hors intersection,Normale,Sans collision,,,,,,,,,,,1,1,1,1,7
200800004834,0008-01-10 17:30:00,8,1,10,17,30,770,175,A5.B,,,Crépuscule ou aube,Hors agglomération,Hors intersection,Temps couvert,Trois véhicules et plus - collisions multiples,,,,,,,,,,,2,1,1,8,5
200800004835,0008-01-11 12:45:00,8,1,11,12,45,940,33,A86.INT,,,Plein jour,Hors agglomération,Hors intersection,Normale,Deux véhicules - arrière,,,,,,,,,,,1,1,1,1,2
200800004836,0008-01-13 17:20:00,8,1,13,17,20,940,17,A4,,,Plein jour,Hors agglomération,Hors intersection,Normale,Trois véhicules et plus - en chaîne,,,,,,,,,,,1,1,1,1,4
200800004837,0008-01-14 08:35:00,8,1,14,8,35,940,17,A4,,,Plein jour,Hors agglomération,Hors intersection,Normale,Deux véhicules - côté,,,,,,,,,,,1,1,1,1,3
200800004838,0008-01-14 10:10:00,8,1,14,10,10,770,450,RN104,,,Plein jour,Hors agglomération,Hors intersection,Normale,Autre collision,,,,,,,,,,,1,1,1,1,6
200800004839,0008-01-14 16:00:00,8,1,14,16,0,770,384,A5.B,,,Plein jour,Hors agglomération,Autre intersection,Pluie légère,Deux véhicules - côté,,,,,,,,,,,1,1,9,2,3
200800004840,0008-01-15 08:57:00,8,1,15,8,57,940,17,A86.INT,,,Plein jour,Hors agglomération,Autre intersection,Normale,Deux véhicules - côté,,,,,,,,,,,1,1,9,1,3
200800004841,0008-01-15 15:45:00,8,1,15,15,45,940,73,A86,,,Plein jour,Hors agglomération,Hors intersection,Pluie légère,Autre collision,,,,,,,,,,,1,1,1,2,6
200800004842,0008-01-16 17:05:00,8,1,16,17,5,930,51,A4,,,Crépuscule ou aube,Hors agglomération,Hors intersection,Pluie légère,Trois véhicules et plus - en chaîne,,,,,,,,,,,2,1,1,2,4
200800004843,0008-01-15 19:15:00,8,1,15,19,15,770,249,RN104,,,Nuit sans éclairage public,Hors agglomération,Hors intersection,Vent fort / tempête,Deux véhicules - côté,,,,,,,,,,,3,1,1,6,3
200800004844,0008-01-15 20:00:00,8,1,15,20,0,770,348,A104,,,Nuit sans éclairage public,Hors agglomération,Hors intersection,Pluie légère,Deux véhicules - côté,,,,,,,,,,,3,1,1,2,3
200800004845,0008-01-15 20:45:00,8,1,15,20,45,770,348,A104,,,Nuit sans éclairage public,Hors agglomération,Hors intersection,Normale,Deux véhicules - arrière,,,,,,,,,,,3,1,1,1,2
200800004846,0008-01-16 09:00:00,8,1,16,9,0,940,44,RN406.W,,,Plein jour,Hors agglomération,Hors intersection,Normale,Autre collision,,,,,,,,,,,1,1,1,1,6
200800004847,0008-01-16 19:10:00,8,1,16,19,10,940,17,A4,,,Nuit avec éclairage allumé,Hors agglomération,Hors intersection,Pluie légère,Deux véhicules - côté,,,,,,,,,,,5,1,1,2,3
200800004848,0008-01-16 20:45:00,8,1,16,20,45,940,17,A86.EXT,,,Nuit avec éclairage allumé,Hors agglomération,Hors intersection,Normale,Trois véhicules et plus - collisions multiples,,,,,,,,,,,5,1,1,1,5
200800004849,0008-01-17 14:00:00,8,1,17,14,0,940,74,RN406.W,,,Plein jour,Hors agglomération,Hors intersection,Normale,Autre collision,,,,,,,,,,,1,1,1,1,6
200800004850,0008-01-18 11:25:00,8,1,18,11,25,940,46,A86,,,Plein jour,Hors agglomération,Hors intersection,Pluie légère,Sans collision,,,,,,,,,,,1,1,1,2,7
200800004851,0008-01-18 12:15:00,8,1,18,12,15,770,514,A104,,,Plein jour,Hors agglomération,Hors intersection,Pluie forte,Deux véhicules - arrière,,,,,,,,,,,1,1,1,3,2
200800004852,0008-01-18 12:40:00,8,1,18,12,40,770,169,RN104,,,Plein jour,Hors agglomération,Hors intersection,Normale,Deux véhicules - côté,,,,,,,,,,,1,1,1,1,3
200800004853,0008-01-18 18:45:00,8,1,18,18,45,940,33,A86.INT,,,Nuit avec éclairage allumé,Hors agglomération,Hors intersection,Normale,Deux véhicules - côté,,,,,,,,,,,5,1,1,1,3
200800004854,0008-01-20 15:50:00,8,1,20,15,50,770,348,A104,,,Plein jour,Hors agglomération,Hors intersection,Normale,Deux véhicules - arrière,,,,,,,,,,,1,1,1,1,2
200800004855,0008-01-22 07:35:00,8,1,22,7,35,940,18,A4,,,Nuit avec éclairage allumé,Hors agglomération,Hors intersection,Normale,Deux véhicules - arrière,,,,,,,,,,,5,1,1,1,2
200800004856,0008-01-22 08:15:00,8,1,22,8,15,750,112,A4,,,Crépuscule ou aube,Hors agglomération,Hors intersection,Normale,Deux véhicules - arrière,,,,,,,,,,,2,1,1,1,2
200800004857,0008-01-22 10:45:00,8,1,22,10,45,770,251,RN104,,,Plein jour,Hors agglomération,Hors intersection,Normale,Deux véhicules - arrière,,,,,,,,,,,1,1,1,1,2
200800004858,0008-01-23 09:00:00,8,1,23,9,0,940,28,A86,,,Plein jour,Hors agglomération,Hors intersection,Normale,Deux véhicules - côté,,,,,,,,,,,1,1,1,1,3
200800004859,0008-01-25 08:50:00,8,1,25,8,50,770,181,A4,,,Plein jour,Hors agglomération,Autre intersection,Normale,Trois véhicules et plus - en chaîne,,,,,,,,,,,1,1,9,1,4
200800004860,0008-01-25 18:50:00,8,1,25,18,50,940,11,RN406.Y,,,Nuit sans éclairage public,Hors agglomération,Hors intersection,Normale,Deux véhicules - côté,,,,,,,,,,,3,1,1,1,3
200800004861,0008-01-26 18:45:00,8,1,26,18,45,770,450,RN104,,,Nuit sans éclairage public,Hors agglomération,Hors intersection,Normale,Deux véhicules - arrière,,,,,,,,,,,3,1,1,1,2
200800004862,0008-01-27 15:15:00,8,1,27,15,15,770,294,A104,,,Plein jour,Hors agglomération,Hors intersection,Normale,Deux véhicules - arrière,,,,,,,,,,,1,1,1,1,2
200800004863,0008-01-28 07:45:00,8,1,28,7,45,930,51,A4,,,Crépuscule ou aube,Hors agglomération,Hors intersection,Normale,Trois véhicules et plus - en chaîne,,,,,,,,,,,2,1,1,1,4
200800004864,0008-01-30 08:00:00,8,1,30,8,0,770,517,A104,,,Crépuscule ou aube,Hors agglomération,Hors intersection,Normale,Sans collision,,,,,,,,,,,2,1,1,1,7
200800004865,0008-01-30 09:40:00,8,1,30,9,40,940,22,A86,,,Plein jour,Hors agglomération,Hors intersection,Pluie légère,Deux véhicules - côté,,,,,,,,,,,1,1,1,2,3
200800004866,0008-01-30 16:10:00,8,1,30,16,10,940,22,A86,,,Plein jour,Hors agglomération,Hors intersection,Pluie légère,Trois véhicules et plus - en chaîne,,,,,,,,,,,1,1,1,2,4
200800004867,0008-01-30 17:00:00,8,1,30,17,0,940,33,A86.INT,,,Plein jour,Hors agglomération,Hors intersection,Normale,Trois véhicules et plus - collisions multiples,,,,,,,,,,,1,1,1,1,5
200800004868,0008-01-31 05:50:00,8,1,31,5,50,770,175,A5.B,,,Nuit sans éclairage public,Hors agglomération,Hors intersection,Normale,Autre collision,,,,,,,,,,,3,1,1,1,6
200800004869,0008-01-31 06:20:00,8,1,31,6,20,770,175,A5.B,,,Nuit sans éclairage public,Hors agglomération,Hors intersection,Temps couvert,Deux véhicules - arrière,,,,,,,,,,,3,1,1,8,2
200800004870,0008-01-31 10:00:00,8,1,31,10,0,940,17,A4,,,Plein jour,Hors agglomération,Hors intersection,Normale,Sans collision,,,,,,,,,,,1,1,1,1,7
200800004871,0008-01-01 10:15:00,8,1,1,10,15,930,66,AUTOROUTE A3,,,Plein jour,Hors agglomération,Hors intersection,Pluie légère,Sans collision,,,,,,,,,,,1,1,1,2,7
200800004872,0008-01-01 14:40:00,8,1,1,14,40,950,18,AUTOROUTE A15,,,Plein jour,Hors agglomération,Hors intersection,Pluie légère,Sans collision,,,,,,,,,,,1,1,1,2,7
200800004873,0008-01-02 16:40:00,8,1,2,16,40,950,678,ROUTE NATIONALE 184,,,Plein jour,Hors agglomération,Hors intersection,Normale,Sans collision,,,,,,,,,,,1,1,1,1,7
200800004874,0008-01-02 14:40:00,8,1,2,14,40,950,252,AUTOROUTE A115,,,Plein jour,Hors agglomération,Hors intersection,Normale,Trois véhicules et plus - en chaîne,,,,,,,,,,,1,1,1,1,4
200800004875,0008-01-03 06:50:00,8,1,3,6,50,950,42,RN 104,,,Crépuscule ou aube,Hors agglomération,Hors intersection,Neige / grêle,Autre collision,,,,,,,,,,,2,1,1,4,6
200800004876,0008-01-03 07:36:00,8,1,3,7,36,950,365,RN 104,,,Plein jour,Hors agglomération,Hors intersection,Neige / grêle,Autre collision,,,,,,,,,,,1,1,1,4,6
200800004877,0008-01-03 05:25:00,8,1,3,5,25,950,256,ROUTE NATIONALE 184,,,Nuit sans éclairage public,Hors agglomération,Hors intersection,Normale,Sans collision,,,,,,,,,,,3,1,1,1,7
200800004878,0008-01-03 07:00:00,8,1,3,7,0,930,8,AUTOROUTE A86,,,Crépuscule ou aube,Hors agglomération,Hors intersection,Pluie légère,Trois véhicules et plus - en chaîne,,,,,,,,,,,2,1,1,2,4
200800004879,0008-01-03 07:55:00,8,1,3,7,55,950,256,ROUTE NATIONALE 184,,,Crépuscule ou aube,Hors agglomération,Hors intersection,Normale,Sans collision,,,,,,,,,,,2,1,1,1,7
200800004880,0008-01-03 08:35:00,8,1,3,8,35,950,394,ROUTE NATIONALE 184,,,Plein jour,Hors agglomération,Hors intersection,Pluie légère,Deux véhicules - arrière,,,,,,,,,,,1,1,1,2,2