accident_id,datetime,annee,mois,jour,heure,minute,departement,commune_insee,adresse,latitude,longitude,luminosite,agglomeration,intersection,meteo,collision,nb_vehicules,nb_usagers,nb_indemnes,nb_tues,nb_blesses_hosp,nb_blesses_legers,age_cond_1,age_cond_2,veh_type_cond_1,veh_type_cond_2,lum_code,agg_code,int_code,atm_code,col_code
200800004881,0008-01-03 21:10:00,8,1,3,21,10,930,32,AUTOROUTE A3,,,Nuit avec éclairage non allumé,Hors agglomération,Hors intersection,Pluie légère,Deux véhicules - côté,,,,,,,,,,,4,1,1,2,3
200800004882,0008-01-04 06:30:00,8,1,4,6,30,930,8,AUTOROUTE A86,,,Nuit avec éclairage allumé,Hors agglomération,Hors intersection,Pluie légère,Sans collision,,,,,,,,,,,5,1,1,2,7
200800004883,0008-01-14 14:00:00,8,1,14,14,0,950,42,RN 104,,,Plein jour,Hors agglomération,Hors intersection,Pluie légère,Deux véhicules - arrière,,,,,,,,,,,1,1,1,2,2
200800004884,0008-01-05 01:50:00,8,1,5,1,50,950,277,RD 170,,,Nuit avec éclairage allumé,Hors agglomération,Hors intersection,Pluie forte,Sans collision,,,,,,,,,,,5,1,1,3,7
200800004885,0008-01-05 15:00:00,8,1,5,15,0,930,27,AUTOROUTE A1,,,Plein jour,Hors agglomération,Hors intersection,Pluie légère,Autre collision,,,,,,,,,,,1,1,1,2,6
200800004886,0008-01-05 09:00:00,8,1,5,9,0,930,27,AUTOROUTE A1,,,Plein jour,Hors agglomération,Hors intersection,Pluie légère,Sans collision,,,,,,,,,,,1,1,1,2,7
200800004887,0008-01-05 17:20:00,8,1,5,17,20,950,572,AUTOROUTE A15,,,Nuit sans éclairage public,Hors agglomération,Hors intersection,Pluie légère,Trois véhicules et plus - en chaîne,,,,,,,,,,,3,1,1,2,4
200800004888,0008-01-05 21:45:00,8,1,5,21,45,950,488,AUTOROUTE A15,,,Nuit sans éclairage public,Hors agglomération,Hors intersection,Pluie légère,Deux véhicules - arrière,,,,,,,,,,,3,1,1,2,2
200800004889,0008-01-05 23:45:00,8,1,5,23,45,930,27,AUTOROUTE A86,,,Nuit avec éclairage allumé,Hors agglomération,Hors intersection,Pluie légère,Deux véhicules - côté,,,,,,,,,,,5,1,1,2,3
200800004890,0008-01-06 09:40:00,8,1,6,9,40,920,36,AUTOROUTE A15,,,Plein jour,Hors agglomération,Hors intersection,Normale,Sans collision,,,,,,,,,,,1,1,1,1,7
200800004891,0008-01-06 11:45:00,8,1,6,11,45,930,27,AUTOROUTE A86,,,Plein jour,Hors agglomération,Hors intersection,Normale,Autre collision,,,,,,,,,,,1,1,1,1,6
200800004892,0008-01-06 12:00:00,8,1,6,12,0,920,36,AUTOROUTE A15,,,Plein jour,Hors agglomération,Hors intersection,Normale,Autre collision,,,,,,,,,,,1,1,1,1,6
200800004893,0008-01-06 16:00:00,8,1,6,16,0,930,8,AUTOROUTE A86,,,Plein jour,Hors agglomération,Hors intersection,Normale,Trois véhicules et plus - collisions multiples,,,,,,,,,,,1,1,1,1,5
200800004894,0008-01-07 02:50:00,8,1,7,2,50,930,27,AUTOROUTE A86,,,Nuit avec éclairage allumé,Hors agglomération,Hors intersection,Pluie légère,Sans collision,,,,,,,,,,,5,1,1,2,7
200800004895,0008-01-07 08:00:00,8,1,7,8,0,950,252,AUTOROUTE A15,,,Crépuscule ou aube,Hors agglomération,Hors intersection,Pluie légère,Deux véhicules - arrière,,,,,,,,,,,2,1,1,2,2
200800004896,0008-01-08 08:20:00,8,1,8,8,20,950,582,AUTOROUTE A15,,,Plein jour,Hors agglomération,Hors intersection,Normale,Trois véhicules et plus - collisions multiples,,,,,,,,,,,1,1,1,1,5
200800004897,0008-01-09 09:00:00,8,1,9,9,0,950,572,ROUTE NATIONALE 184,,,Plein jour,Hors agglomération,Hors intersection,Pluie légère,Deux véhicules - arrière,,,,,,,,,,,1,1,1,2,2
200800004898,0008-01-09 09:00:00,8,1,9,9,0,950,394,ROUTE NATIONALE 184,,,Plein jour,Hors agglomération,Hors intersection,Pluie légère,Trois véhicules et plus - en chaîne,,,,,,,,,,,1,1,1,2,4
200800004899,0008-01-09 10:15:00,8,1,9,10,15,930,27,AUTOROUTE A86,,,Plein jour,Hors agglomération,Hors intersection,Pluie légère,Deux véhicules - côté,,,,,,,,,,,1,1,1,2,3
200800004900,0008-01-09 13:05:00,8,1,9,13,5,930,32,AUTOROUTE A104,,,Plein jour,Hors agglomération,Hors intersection,Pluie légère,Sans collision,,,,,,,,,,,1,1,1,2,7
200800004901,0008-01-09 18:00:00,8,1,9,18,0,950,572,ROUTE NATIONALE 184,,,Crépuscule ou aube,Hors agglomération,Hors intersection,Normale,Deux véhicules - arrière,,,,,,,,,,,2,1,1,1,2
200800004902,0008-01-10 12:40:00,8,1,10,12,40,930,32,AUTOROUTE A3,,,Plein jour,Hors agglomération,Hors intersection,Normale,Sans collision,,,,,,,,,,,1,1,1,1,7
200800004903,0008-01-11 20:00:00,8,1,11,20,0,930,48,AUTOROUTE A1086,,,Nuit sans éclairage public,Hors agglomération,Hors intersection,Pluie légère,Deux véhicules - arrière,,,,,,,,,,,3,1,1,2,2
200800004904,0008-01-12 01:30:00,8,1,12,1,30,950,604,AUTOROUTE A1,,,Plein jour,Hors agglomération,Hors intersection,Pluie légère,Autre collision,,,,,,,,,,,1,1,1,2,6
200800004905,0008-01-12 15:00:00,8,1,12,15,0,930,78,AUTOROUTE A104,,,Plein jour,Hors agglomération,Hors intersection,Normale,Autre collision,,,,,,,,,,,1,1,1,1,6
200800004906,0008-01-12 20:00:00,8,1,12,20,0,930,13,AUTOROUTE A1,,,Nuit avec éclairage allumé,Hors agglomération,Hors intersection,Normale,Trois véhicules et plus - en chaîne,,,,,,,,,,,5,1,1,1,4
200800004907,0008-01-12 19:15:00,8,1,12,19,15,930,39,AUTOROUTE A86,,,Nuit sans éclairage public,Hors agglomération,Hors intersection,Normale,Deux véhicules - arrière,,,,,,,,,,,3,1,1,1,2
200800004908,0008-01-13 00:55:00,8,1,13,0,55,920,36,AUTOROUTE A15,,,Nuit sans éclairage public,Hors agglomération,Hors intersection,Normale,Trois véhicules et plus - collisions multiples,,,,,,,,,,,3,1,1,1,5
200800004909,0008-01-13 12:00:00,8,1,13,12,0,930,32,AUTOROUTE A104,,,Plein jour,Hors agglomération,Hors intersection,Pluie légère,Autre collision,,,,,,,,,,,1,1,1,2,6
200800004910,0008-01-14 06:00:00,8,1,14,6,0,930,27,AUTOROUTE A86,,,Nuit avec éclairage allumé,Hors agglomération,Hors intersection,Pluie légère,Sans collision,,,,,,,,,,,5,1,1,2,7
200800004911,0008-01-14 08:10:00,8,1,14,8,10,950,18,AUTOROUTE A15,,,Crépuscule ou aube,Hors agglomération,Hors intersection,Pluie légère,Deux véhicules - côté,,,,,,,,,,,2,1,1,2,3
200800004912,0008-01-14 06:30:00,8,1,14,6,30,950,641,AUTOROUTE A1,,,Nuit avec éclairage allumé,Hors agglomération,Hors intersection,Pluie légère,Autre collision,,,,,,,,,,,5,1,1,2,6
200800004913,0008-01-15 03:20:00,8,1,15,3,20,950,18,AUTOROUTE A15,,,Nuit sans éclairage public,Hors agglomération,Hors intersection,Normale,Autre collision,,,,,,,,,,,3,1,1,1,6
200800004914,0008-01-15 05:55:00,8,1,15,5,55,930,53,AUTOROUTE A103,,,Nuit avec éclairage allumé,Hors agglomération,Hors intersection,Normale,Autre collision,,,,,,,,,,,5,1,1,1,6
200800004915,0008-01-15 16:30:00,8,1,15,16,30,930,27,AUTOROUTE A86,,,Plein jour,Hors agglomération,Hors intersection,Pluie légère,Autre collision,,,,,,,,,,,1,1,1,2,6
200800004916,0008-01-15 14:50:00,8,1,15,14,50,920,36,AUTOROUTE A86,,,Plein jour,Hors agglomération,Hors intersection,Pluie légère,Deux véhicules - arrière,,,,,,,,,,,1,1,1,2,2
200800004917,0008-01-15 15:30:00,8,1,15,15,30,920,36,AUTOROUTE A15,,,Plein jour,Hors agglomération,Hors intersection,Temps couvert,Autre collision,,,,,,,,,,,1,1,1,8,6
200800004918,0008-01-15 21:15:00,8,1,15,21,15,930,66,AUTOROUTE A86,,,Nuit avec éclairage non allumé,Hors agglomération,Hors intersection,Pluie légère,Sans collision,,,,,,,,,,,4,1,1,2,7
200800004919,0008-01-16 09:15:00,8,1,16,9,15,930,32,AUTOROUTE A3,,,Plein jour,Hors agglomération,Hors intersection,Pluie légère,Deux véhicules - arrière,,,,,,,,,,,1,1,1,2,2
200800004920,0008-01-16 09:30:00,8,1,16,9,30,920,36,AUTOROUTE A86,,,Plein jour,Hors agglomération,Hors intersection,Temps couvert,Autre collision,,,,,,,,,,,1,1,1,8,6
200800004921,0008-01-16 10:00:00,8,1,16,10,0,920,36,AUTOROUTE A15,,,Plein jour,Hors agglomération,Hors intersection,Normale,Deux véhicules - côté,,,,,,,,,,,1,1,1,1,3
200800004922,0008-01-16 10:10:00,8,1,16,10,10,950,582,AUTOROUTE A115,,,Plein jour,Hors agglomération,Hors intersection,Normale,Deux véhicules - côté,,,,,,,,,,,1,1,1,1,3
200800004923,0008-01-16 13:00:00,8,1,16,13,0,930,39,AUTOROUTE A86,,,Plein jour,Hors agglomération,Hors intersection,Normale,Sans collision,,,,,,,,,,,1,1,1,1,7
200800004924,0008-01-16 17:30:00,8,1,16,17,30,950,527,AUTOROUTE A1,,,Nuit avec éclairage allumé,Hors agglomération,Hors intersection,Pluie légère,Sans collision,,,,,,,,,,,5,1,1,2,7
200800004925,0008-01-16 18:05:00,8,1,16,18,5,920,36,AUTOROUTE A86,,,Crépuscule ou aube,Hors agglomération,Hors intersection,Pluie légère,Sans collision,,,,,,,,,,,2,1,1,2,7
200800004926,0008-01-17 08:15:00,8,1,17,8,15,930,66,AUTOROUTE A1,,,Plein jour,Hors agglomération,Hors intersection,Normale,Deux véhicules - arrière,,,,,,,,,,,1,1,1,1,2
200800004927,0008-01-17 20:55:00,8,1,17,20,55,930,27,AUTOROUTE A86,,,Nuit avec éclairage allumé,Hors agglomération,Hors intersection,Pluie légère,Deux véhicules - côté,,,,,,,,,,,5,1,1,2,3
200800004928,0008-01-26 17:30:00,8,1,26,17,30,940,17,STANISLAS LIEDET (AV),,,Plein jour,En agglomération,Intersection en T,Normale,Deux véhicules - côté,,,,,,,,,,,1,2,3,1,3
200800004929,0008-01-27 18:00:00,8,1,27,18,0,940,17,"1, LOUIS TALAMONI (R)",,,Nuit avec éclairage allumé,En agglomération,Intersection en X,Normale,Trois véhicules et plus - collisions multiples,,,,,,,,,,,5,2,2,1,5
200800004930,0008-01-31 06:15:00,8,1,31,6,15,940,17,TUNNEL (R DU),,,Nuit avec éclairage allumé,En agglomération,Autre intersection,Normale,Deux véhicules - frontale,,,,,,,,,,,5,2,9,1,1
200800004931,0008-01-03 17:20:00,8,1,3,17,20,940,69,MARECHAL LECLERC (R DU),,,Nuit avec éclairage allumé,En agglomération,Intersection en Y,Normale,Autre collision,,,,,,,,,,,5,2,4,1,6
200800004932,0008-01-02 14:15:00,8,1,2,14,15,940,69,REPUBLIQUE (QU DE LA),,,Plein jour,En agglomération,Hors intersection,Normale,Autre collision,,,,,,,,,,,1,2,1,1,6
200800004933,0008-01-03 19:48:00,8,1,3,19,48,940,69,"38, MARECHAL LECLERC (R",,,Nuit avec éclairage allumé,En agglomération,Intersection en T,Pluie légère,Deux véhicules - côté,,,,,,,,,,,5,2,3,2,3
200800004934,0008-01-07 19:40:00,8,1,7,19,40,940,18,WINSTON CHURCHILL (AV),,,Nuit avec éclairage allumé,En agglomération,Intersection en T,Normale,Autre collision,,,,,,,,,,,5,2,3,1,6
200800004935,0008-01-18 18:50:00,8,1,18,18,50,940,18,"77, HERAULT (R DE L)",,,Nuit avec éclairage allumé,En agglomération,Hors intersection,Normale,Autre collision,,,,,,,,,,,5,2,1,1,6
200800004936,0008-01-23 16:24:00,8,1,23,16,24,940,69,"3, REPUBLIQUE (QU DE LA)",,,Plein jour,En agglomération,Hors intersection,Normale,Deux véhicules - frontale,,,,,,,,,,,1,2,1,1,1
200800004937,0008-01-24 08:05:00,8,1,24,8,5,940,18,LIBERTE (AV DE LA),,,Plein jour,En agglomération,Hors intersection,Normale,Autre collision,,,,,,,,,,,1,2,1,1,6
200800004938,0008-01-08 14:00:00,8,1,8,14,0,940,69,CANADIENS (AV DES),,,Plein jour,En agglomération,Intersection à plus de 4 branches,Normale,Deux véhicules - côté,,,,,,,,,,,1,2,5,1,3
200800004939,0008-01-10 13:55:00,8,1,10,13,55,940,18,MARECHAL DE LATTRE DE TA,,,Plein jour,En agglomération,Intersection en X,Normale,Deux véhicules - côté,,,,,,,,,,,1,2,2,1,3
200800004940,0008-01-04 16:30:00,8,1,4,16,30,940,19,"0, MARECHAL LECLERC (AV",,,Plein jour,En agglomération,Hors intersection,Normale,Autre collision,,,,,,,,,,,1,2,1,1,6
200800004941,0008-01-04 14:40:00,8,1,4,14,40,940,79,"00, BOIELDIEU (AV)",,,Plein jour,En agglomération,Hors intersection,Normale,Sans collision,,,,,,,,,,,1,2,1,1,7
200800004942,0008-01-10 17:20:00,8,1,10,17,20,940,53,"0, LEON BRESSET (R)",,,Plein jour,En agglomération,Hors intersection,Normale,Autre collision,,,,,,,,,,,1,2,1,1,6
200800004943,0008-01-11 07:35:00,8,1,11,7,35,940,79,"44, GENERAL LECLERC (R D",,,Nuit avec éclairage allumé,Hors agglomération,Hors intersection,Normale,Sans collision,,,,,,,,,,,5,1,1,1,7
200800004944,0008-01-14 11:55:00,8,1,14,11,55,940,55,"37, SEVIGNE (R DE)",,,Plein jour,En agglomération,Hors intersection,Normale,Autre collision,,,,,,,,,,,1,2,1,1,6
200800004945,0008-01-16 15:15:00,8,1,16,15,15,940,79,"00, GEORGES DEMESY (R)",,,Plein jour,En agglomération,Intersection en T,Normale,Sans collision,,,,,,,,,,,1,2,3,1,7
200800004946,0008-01-16 17:10:00,8,1,16,17,10,940,19,"2, CONDORCET (R)",,,Crépuscule ou aube,En agglomération,Hors intersection,Temps couvert,Autre collision,,,,,,,,,,,2,2,1,8,6
200800004947,0008-01-16 19:45:00,8,1,16,19,45,940,79,"00, JEAN MONNET (BD)",,,Nuit avec éclairage allumé,En agglomération,Intersection en X,Normale,Deux véhicules - côté,,,,,,,,,,,5,2,2,1,3
200800004948,0008-01-19 11:15:00,8,1,19,11,15,940,59,"0, Andre Rouy (AV)",,,Plein jour,En agglomération,Hors intersection,Normale,Deux véhicules - arrière,,,,,,,,,,,1,2,1,1,2
200800004949,0008-01-19 12:25:00,8,1,19,12,25,940,19,"00, ARISTIDE BRIAND (R)",,,Plein jour,En agglomération,Intersection en X,Normale,Deux véhicules - côté,,,,,,,,,,,1,2,2,1,3
200800004950,0008-01-26 16:40:00,8,1,26,16,40,940,19,CHENNEVIERES (PONT DE),,,Plein jour,En agglomération,Hors intersection,Normale,Deux véhicules - côté,,,,,,,,,,,1,2,1,1,3
200800004951,0008-01-27 17:00:00,8,1,27,17,0,940,79,"00, GENERAL LECLERC (R D",,,Plein jour,En agglomération,Hors intersection,Normale,Sans collision,,,,,,,,,,,1,2,1,1,7
200800004952,0008-01-28 07:50:00,8,1,28,7,50,940,60,"26, GENERAL DE GAULLE (R",,,Plein jour,En agglomération,Hors intersection,Normale,Deux véhicules - arrière,,,,,,,,,,,1,2,1,1,2
200800004953,0008-01-30 12:00:00,8,1,30,12,0,940,79,"35, JEAN JAURES (R)",,,Plein jour,Hors agglomération,Hors intersection,Normale,Autre collision,,,,,,,,,,,1,1,1,1,6
200800004954,0008-01-30 23:20:00,8,1,30,23,20,940,19,MUSSELBURGH (R DE),,,Nuit sans éclairage public,Hors agglomération,Hors intersection,Temps couvert,Autre collision,,,,,,,,,,,3,1,1,8,6
200800004955,0008-01-12 12:00:00,8,1,12,12,0,940,22,ROLLIN REGNIER (R),,,Plein jour,En agglomération,Intersection en T,Normale,Autre collision,,,,,,,,,,,1,2,3,1,6
200800004956,0008-01-15 11:30:00,8,1,15,11,30,940,22,"43, EMILE ZOLA (R)",,,Plein jour,En agglomération,Hors intersection,Pluie légère,Sans collision,,,,,,,,,,,1,2,1,2,7
200800004957,0008-01-15 10:28:00,8,1,15,10,28,940,22,"03, PABLO PICASSO (AV)",,,Plein jour,En agglomération,Hors intersection,Pluie légère,Deux véhicules - côté,,,,,,,,,,,1,2,1,2,3
200800004958,0008-01-18 10:12:00,8,1,18,10,12,940,22,WALDECK ROUSSEAU (R),,,Plein jour,En agglomération,Hors intersection,Normale,Autre collision,,,,,,,,,,,1,2,1,1,6
200800004959,0008-01-22 16:50:00,8,1,22,16,50,940,54,DUFOUR (R),,,Plein jour,En agglomération,Intersection en X,Normale,Deux véhicules - côté,,,,,,,,,,,1,2,2,1,3
200800004960,0008-01-24 13:45:00,8,1,24,13,45,940,54,"36, MARTYRS DE CHATEAUBR",,,Plein jour,En agglomération,Hors intersection,Normale,Trois véhicules et plus - en chaîne,,,,,,,,,,,1,2,1,1,4
200800004961,0008-01-31 16:30:00,8,1,31,16,30,940,22,"32, FUSILLES (R DES)",,,Plein jour,En agglomération,Hors intersection,Normale,Autre collision,,,,,,,,,,,1,2,1,1,6
200800004962,0008-01-01 18:40:00,8,1,1,18,40,940,28,GAULLE(AVENUE DU GENERAL,,,Nuit avec éclairage allumé,En agglomération,Intersection en X,Normale,Deux véhicules - côté,,,,,,,,,,,5,2,2,1,3
200800004963,0008-01-01 17:25:00,8,1,1,17,25,940,28,GAULLE(AVENUE DU GENERAL,,,Crépuscule ou aube,En agglomération,Hors intersection,Normale,Deux véhicules - côté,,,,,,,,,,,2,2,1,1,3
200800004964,0008-01-02 14:00:00,8,1,2,14,0,940,28,"0, HALPERN.(AVENUE BERNA",,,Plein jour,Hors agglomération,Hors intersection,Normale,Deux véhicules - arrière,,,,,,,,,,,1,1,1,1,2
200800004965,0008-01-06 15:20:00,8,1,6,15,20,940,28,"44, SAUSSURE(RUE HORACE",,,Plein jour,En agglomération,Hors intersection,Normale,Sans collision,,,,,,,,,,,1,2,1,1,7
200800004966,0008-01-04 12:00:00,8,1,4,12,0,940,28,"0, CHOISY(ROUTE DE)",,,Plein jour,En agglomération,Hors intersection,Normale,Deux véhicules - arrière,,,,,,,,,,,1,2,1,1,2
200800004967,0008-01-07 08:05:00,8,1,7,8,5,940,11,"0, RN 406",,,Nuit avec éclairage allumé,En agglomération,Hors intersection,Normale,Trois véhicules et plus - en chaîne,,,,,,,,,,,5,2,1,1,4
200800004968,0008-01-07 20:35:00,8,1,7,20,35,940,28,"0, ARCOS.(RUE RENE)",,,Nuit avec éclairage allumé,En agglomération,Hors intersection,Normale,Sans collision,,,,,,,,,,,5,2,1,1,7
200800004969,0008-01-08 14:15:00,8,1,8,14,15,940,28,"0, DOUCET.(RUE HENRI)",,,Plein jour,En agglomération,Hors intersection,Normale,Autre collision,,,,,,,,,,,1,2,1,1,6
200800004970,0008-01-09 10:00:00,8,1,9,10,0,940,28,"0, CHAMPEVAL(AVE JEAN-BA",,,Plein jour,En agglomération,Hors intersection,Normale,Autre collision,,,,,,,,,,,1,2,1,1,6
200800004971,0008-01-09 19:45:00,8,1,9,19,45,940,28,"5, METIVET(RUE DOCTEUR)",,,Crépuscule ou aube,En agglomération,Hors intersection,Pluie légère,Autre collision,,,,,,,,,,,2,2,1,2,6
200800004972,0008-01-10 08:03:00,8,1,10,8,3,940,11,"0, ALLENDE(MAIL SALVADOR",,,Crépuscule ou aube,En agglomération,Hors intersection,Normale,Autre collision,,,,,,,,,,,2,2,1,1,6
200800004973,0008-01-14 19:10:00,8,1,14,19,10,940,28,KENNEDY.(BOULEVARD JOHN),,,Nuit avec éclairage allumé,En agglomération,Hors intersection,Normale,Autre collision,,,,,,,,,,,5,2,1,1,6
200800004974,0008-01-14 16:25:00,8,1,14,16,25,940,28,FOCH(AVENUE DU MARECHAL),,,Plein jour,En agglomération,Hors intersection,Normale,Sans collision,,,,,,,,,,,1,2,1,1,7
200800004975,0008-01-15 12:50:00,8,1,15,12,50,940,28,LECLERC.(RUE DU GENERAL),,,Plein jour,En agglomération,Hors intersection,Pluie légère,Sans collision,,,,,,,,,,,1,2,1,2,7
200800004976,0008-01-17 14:00:00,8,1,17,14,0,940,28,ELUARD.(SQUARE PAUL),,,Plein jour,En agglomération,Hors intersection,Normale,Sans collision,,,,,,,,,,,1,2,1,1,7
200800004977,0008-01-19 20:55:00,8,1,19,20,55,940,28,"47, BROSSOLETTE(AVENUE P",,,Nuit avec éclairage allumé,En agglomération,Hors intersection,Normale,Trois véhicules et plus - en chaîne,,,,,,,,,,,5,2,1,1,4
200800004978,0008-01-18 15:30:00,8,1,18,15,30,940,28,"85/87, GAULLE(AVENUE DU",,,Plein jour,En agglomération,Hors intersection,Normale,Autre collision,,,,,,,,,,,1,2,1,1,6
200800004979,0008-01-22 08:15:00,8,1,22,8,15,940,28,"7, JOLY(RUE DE)",,,Crépuscule ou aube,En agglomération,Hors intersection,Normale,Deux véhicules - côté,,,,,,,,,,,2,2,1,1,3
200800004980,0008-01-22 16:00:00,8,1,22,16,0,940,28,CHOISY(ROUTE DE),,,Plein jour,En agglomération,Hors intersection,Normale,Sans collision,,,,,,,,,,,1,2,1,1,7
200800004981,0008-01-22 08:25:00,8,1,22,8,25,940,28,"79, TASSIGNY(AVE DU MARE",,,Plein jour,En agglomération,Hors intersection,Normale,Deux véhicules - côté,,,,,,,,,,,1,2,1,1,3
200800004982,0008-01-23 19:30:00,8,1,23,19,30,940,11,RHIN ET DANUBE(RUE DU),,,Nuit avec éclairage allumé,En agglomération,Hors intersection,Temps couvert,Deux véhicules - arrière,,,,,,,,,,,5,2,1,8,2
200800004983,0008-01-24 18:00:00,8,1,24,18,0,940,11,"0, LECLERC.(AVENUE DU MA",,,Plein jour,En agglomération,Hors intersection,Normale,Deux véhicules - arrière,,,,,,,,,,,1,2,1,1,2
200800004984,0008-01-25 19:45:00,8,1,25,19,45,940,28,"08, CLOS DE VOUGEOT.(RUE",,,Plein jour,En agglomération,Hors intersection,Normale,Autre collision,,,,,,,,,,,1,2,1,1,6
200800004985,0008-01-28 13:45:00,8,1,28,13,45,940,28,COMPAGNONS DE LA LIBERAT,,,Plein jour,En agglomération,Hors intersection,Normale,Autre collision,,,,,,,,,,,1,2,1,1,6
200800004986,0008-01-29 12:45:00,8,1,29,12,45,940,28,"0, CHOISY(ROUTE DE)",,,Plein jour,En agglomération,Hors intersection,Normale,Autre collision,,,,,,,,,,,1,2,1,1,6
200800004987,0008-01-31 11:30:00,8,1,31,11,30,940,28,"0, EGLISE.(PLACE DE L')",,,Plein jour,En agglomération,Hors intersection,Normale,Autre collision,,,,,,,,,,,1,2,1,1,6
200800004988,0008-01-15 08:45:00,8,1,15,8,45,940,33,MARECHAL DE LATTRE DE TA,,,Plein jour,En agglomération,Intersection en X,Pluie légère,Deux véhicules - arrière,,,,,,,,,,,1,2,2,2,2
200800004989,0008-01-18 10:05:00,8,1,18,10,5,940,33,CHARMES (AV DES),,,Plein jour,En agglomération,Intersection en X,Normale,Deux véhicules - côté,,,,,,,,,,,1,2,2,1,3
200800004990,0008-01-30 16:15:00,8,1,30,16,15,940,33,NEUILLY (AV DE),,,Plein jour,En agglomération,Intersection en X,Normale,Autre collision,,,,,,,,,,,1,2,2,1,6
200800004991,0008-01-04 13:00:00,8,1,4,13,0,940,3,"64, VLADIMIR ILLITCH LEN",,,Plein jour,En agglomération,Intersection en X,Normale,Autre collision,,,,,,,,,,,1,2,2,1,6
200800004992,0008-01-04 20:10:00,8,1,4,20,10,940,76,"10, REPUBLIQUE (AV DE LA",,,Nuit avec éclairage allumé,En agglomération,Hors intersection,Pluie légère,Deux véhicules - arrière,,,,,,,,,,,5,2,1,2,2
200800004993,0008-01-06 14:15:00,8,1,6,14,15,940,3,"face 54, AVENUE (TROISIE",,,Plein jour,En agglomération,Hors intersection,Normale,Sans collision,,,,,,,,,,,1,2,1,1,7
200800004994,0008-01-10 08:15:00,8,1,10,8,15,940,16,LOUIS GEORGEON (AV),,,Plein jour,En agglomération,Autre intersection,Temps couvert,Deux véhicules - côté,,,,,,,,,,,1,2,9,8,3
200800004995,0008-01-12 14:05:00,8,1,12,14,5,940,76,"1, PAUL VAILLANT COUTURI",,,Plein jour,En agglomération,Intersection en X,Normale,Sans collision,,,,,,,,,,,1,2,2,1,7
200800004996,0008-01-16 18:30:00,8,1,16,18,30,940,76,"21, JEAN BAPTISTE CLEMEN",,,Crépuscule ou aube,En agglomération,Intersection en X,Normale,Sans collision,,,,,,,,,,,2,2,2,1,7
200800004997,0008-01-18 17:35:00,8,1,18,17,35,940,76,"1, MAXIME GORKI (BD)",,,Nuit avec éclairage allumé,En agglomération,Intersection en X,Pluie légère,Sans collision,,,,,,,,,,,5,2,2,2,7
200800004998,0008-01-18 19:50:00,8,1,18,19,50,940,43,GABRIEL PERI (R),,,Nuit avec éclairage allumé,En agglomération,Intersection en T,Normale,Deux véhicules - côté,,,,,,,,,,,5,2,3,1,3
200800004999,0008-01-22 21:05:00,8,1,22,21,5,940,76,"1, CHEVILLY (R DE)",,,Nuit avec éclairage allumé,En agglomération,Hors intersection,Normale,Deux véhicules - frontale,,,,,,,,,,,5,2,1,1,1
200800005000,0008-01-23 10:00:00,8,1,23,10,0,940,76,"6, AMBROISE CROIZAT (R)",,,Plein jour,En agglomération,Hors intersection,Normale,Deux véhicules - arrière,,,,,,,,,,,1,2,1,1,2
200800005001,0008-01-25 11:15:00,8,1,25,11,15,940,43,"54, CHARLES GIDE (AV)",,,Plein jour,En agglomération,Hors intersection,Normale,Deux véhicules - arrière,,,,,,,,,,,1,2,1,1,2
200800005002,0008-01-26 13:35:00,8,1,26,13,35,940,76,LOUIS ARAGON (AV),,,Plein jour,En agglomération,Hors intersection,Temps éblouissant,Sans collision,,,,,,,,,,,1,2,1,7,7
200800005003,0008-01-27 02:30:00,8,1,27,2,30,940,76,"33, JULES VERNE (R)",,,Nuit avec éclairage allumé,En agglomération,Hors intersection,Normale,Autre collision,,,,,,,,,,,5,2,1,1,6
200800005004,0008-01-26 22:20:00,8,1,26,22,20,940,76,"1, MAXIME GORKI (BD)",,,Nuit avec éclairage allumé,En agglomération,Intersection en X,Normale,Autre collision,,,,,,,,,,,5,2,2,1,6
200800005005,0008-01-28 17:20:00,8,1,28,17,20,940,76,"116, AMBROISE CROIZAT (R",,,Plein jour,En agglomération,Hors intersection,Normale,Sans collision,,,,,,,,,,,1,2,1,1,7
200800005006,0008-01-29 06:40:00,8,1,29,6,40,940,76,"1, VERDUN (R DE)",,,Nuit avec éclairage allumé,En agglomération,Hors intersection,Normale,Sans collision,,,,,,,,,,,5,2,1,1,7
200800005007,0008-01-29 12:40:00,8,1,29,12,40,940,3,"FACE 09, PAUL DOUMER (AV",,,Plein jour,En agglomération,Hors intersection,Normale,Autre collision,,,,,,,,,,,1,2,1,1,6
200800005008,0008-01-28 18:35:00,8,1,28,18,35,940,76,"01, PARIS (AV DE)",,,Crépuscule ou aube,En agglomération,Intersection en X,Normale,Deux véhicules - frontale,,,,,,,,,,,2,2,2,1,1
200800005009,0008-01-31 14:55:00,8,1,31,14,55,940,76,MAXIME GORKI (BD),,,Plein jour,En agglomération,Hors intersection,Normale,Autre collision,,,,,,,,,,,1,2,1,1,6
200800005010,0008-01-01 02:10:00,8,1,1,2,10,940,73,VERSAILLES (AV DE),,,Nuit avec éclairage allumé,En agglomération,Hors intersection,Pluie légère,Deux véhicules - arrière,,,,,,,,,,,5,2,1,2,2
200800005011,0008-01-02 03:45:00,8,1,2,3,45,940,38,"157, BICETRE (R DE)",,,Nuit avec éclairage allumé,En agglomération,Hors intersection,Normale,Autre collision,,,,,,,,,,,5,2,1,1,6
200800005012,0008-01-03 07:50:00,8,1,3,7,50,940,21,CITE (AV DE LA),,,Nuit avec éclairage allumé,En agglomération,Intersection en T,Pluie légère,Deux véhicules - côté,,,,,,,,,,,5,2,3,2,3