accident_id,datetime,annee,mois,jour,heure,minute,departement,commune_insee,adresse,latitude,longitude,luminosite,agglomeration,intersection,meteo,collision,nb_vehicules,nb_usagers,nb_indemnes,nb_tues,nb_blesses_hosp,nb_blesses_legers,age_cond_1,age_cond_2,veh_type_cond_1,veh_type_cond_2,lum_code,agg_code,int_code,atm_code,col_code
200800005013,0008-01-02 12:15:00,8,1,2,12,15,940,73,VERSAILLES (AV DE),,,Plein jour,En agglomération,Hors intersection,Normale,Deux véhicules - arrière,,,,,,,,,,,1,2,1,1,2
200800005014,0008-01-04 12:00:00,8,1,4,12,0,940,73,ALOUETTES (R DES),,,Plein jour,En agglomération,Intersection en T,Normale,Deux véhicules - côté,,,,,,,,,,,1,2,3,1,3
200800005015,0008-01-06 07:15:00,8,1,6,7,15,940,65,RN 186,,,Nuit sans éclairage public,En agglomération,Hors intersection,Pluie légère,Autre collision,,,,,,,,,,,3,2,1,2,6
200800005016,0008-01-07 00:30:00,8,1,7,0,30,940,73,RN 186,,,Nuit avec éclairage allumé,En agglomération,Hors intersection,Pluie légère,Autre collision,,,,,,,,,,,5,2,1,2,6
200800005017,0008-01-07 23:55:00,8,1,7,23,55,940,73,RN 186,,,Nuit avec éclairage allumé,Hors agglomération,Hors intersection,Normale,Autre collision,,,,,,,,,,,5,1,1,1,6
200800005018,0008-01-09 15:50:00,8,1,9,15,50,940,38,HENRI THIRARD (R),,,Plein jour,En agglomération,Intersection en T,Normale,Trois véhicules et plus - en chaîne,,,,,,,,,,,1,2,3,1,4
200800005019,0008-01-10 14:15:00,8,1,10,14,15,940,38,GENERAL DE GAULLE (AV DU,,,Plein jour,En agglomération,Hors intersection,Temps couvert,Deux véhicules - côté,,,,,,,,,,,1,2,1,8,3
200800005020,0008-01-11 13:05:00,8,1,11,13,5,940,73,VERSAILLES (AV DE),,,Plein jour,En agglomération,Intersection en X,Pluie forte,Deux véhicules - côté,,,,,,,,,,,1,2,2,3,3
200800005021,0008-01-13 14:55:00,8,1,13,14,55,940,38,"103, PAUL HOCHART (R)",,,Plein jour,En agglomération,Hors intersection,Normale,Autre collision,,,,,,,,,,,1,2,1,1,6
200800005022,0008-01-15 11:30:00,8,1,15,11,30,940,38,PAUL VAILLANT COUTURIER,,,Plein jour,En agglomération,Intersection en X,Pluie légère,Deux véhicules - arrière,,,,,,,,,,,1,2,2,2,2
200800005023,0008-01-16 09:55:00,8,1,16,9,55,940,65,CHARLES LINDBERGH (AV),,,Plein jour,En agglomération,Hors intersection,Normale,Deux véhicules - côté,,,,,,,,,,,1,2,1,1,3
200800005024,0008-01-16 14:40:00,8,1,16,14,40,940,34,"20, STALINGRAD (AV DE)",,,Plein jour,En agglomération,Hors intersection,Normale,Deux véhicules - côté,,,,,,,,,,,1,2,1,1,3
200800005025,0008-01-17 06:15:00,8,1,17,6,15,940,65,FONTAINEBLEAU (AV DE),,,Crépuscule ou aube,En agglomération,Hors intersection,Normale,Deux véhicules - arrière,,,,,,,,,,,2,2,1,1,2
200800005026,0008-01-18 15:30:00,8,1,18,15,30,940,21,BRETAGNE (R DE),,,Plein jour,En agglomération,Intersection à plus de 4 branches,Pluie légère,Deux véhicules - côté,,,,,,,,,,,1,2,5,2,3
200800005027,0008-01-18 19:20:00,8,1,18,19,20,940,73,Boulevard du Nord,,,Nuit avec éclairage allumé,En agglomération,Autre intersection,Pluie légère,Deux véhicules - côté,,,,,,,,,,,5,2,9,2,3
200800005028,0008-01-22 12:45:00,8,1,22,12,45,940,38,"1, TOURNELLES (R DES)",,,Plein jour,En agglomération,Hors intersection,Normale,Autre collision,,,,,,,,,,,1,2,1,1,6
200800005029,0008-01-24 10:20:00,8,1,24,10,20,940,38,HENRI THIRARD (R),,,Plein jour,En agglomération,Intersection en T,Normale,Autre collision,,,,,,,,,,,1,2,3,1,6
200800005030,0008-01-27 12:50:00,8,1,27,12,50,940,73,VILLEJUIF (R DE),,,Plein jour,En agglomération,Giratoire,Normale,Deux véhicules - frontale,,,,,,,,,,,1,2,6,1,1
200800005031,0008-01-29 10:45:00,8,1,29,10,45,940,38,HENRI THIRARD (R),,,Plein jour,En agglomération,Intersection en X,Normale,Deux véhicules - côté,,,,,,,,,,,1,2,2,1,3
200800005032,0008-01-28 17:45:00,8,1,28,17,45,940,21,"1, GENERAL LECLERC (R DU",,,Crépuscule ou aube,En agglomération,Hors intersection,Normale,Autre collision,,,,,,,,,,,2,2,1,1,6
200800005033,0008-01-24 19:42:00,8,1,24,19,42,940,73,"111, VERSAILLES (AV DE)",,,Nuit avec éclairage allumé,En agglomération,Intersection en X,Normale,Deux véhicules - côté,,,,,,,,,,,5,2,2,1,3
200800005034,0008-01-29 15:10:00,8,1,29,15,10,940,34,PAUL VAILLANT COUTURIER,,,Plein jour,En agglomération,Hors intersection,Normale,Deux véhicules - arrière,,,,,,,,,,,1,2,1,1,2
200800005035,0008-01-29 12:10:00,8,1,29,12,10,940,73,PAUL LANGEVIN (R),,,Plein jour,En agglomération,Hors intersection,Normale,Deux véhicules - arrière,,,,,,,,,,,1,2,1,1,2
200800005036,0008-01-09 15:00:00,8,1,9,15,0,940,41,GAGNEE (R),,,Plein jour,En agglomération,Intersection en X,Pluie légère,Deux véhicules - côté,,,,,,,,,,,1,2,2,2,3
200800005037,0008-01-15 08:20:00,8,1,15,8,20,940,41,JEAN JAURES (AV),,,Plein jour,En agglomération,Intersection en X,Pluie légère,Deux véhicules - côté,,,,,,,,,,,1,2,2,2,3
200800005038,0008-01-15 18:30:00,8,1,15,18,30,940,41,"69, DANIELLE CASANOVA (A",,,Crépuscule ou aube,En agglomération,Hors intersection,Vent fort / tempête,Deux véhicules - côté,,,,,,,,,,,2,2,1,6,3
200800005039,0008-01-17 08:20:00,8,1,17,8,20,940,41,VERDUN (AV DE),,,Plein jour,En agglomération,Hors intersection,Pluie légère,Sans collision,,,,,,,,,,,1,2,1,2,7
200800005040,0008-01-19 15:30:00,8,1,19,15,30,940,41,"77, DANIELLE CASANOVA (A",,,Plein jour,En agglomération,Hors intersection,Normale,Sans collision,,,,,,,,,,,1,2,1,1,7
200800005041,0008-01-12 06:30:00,8,1,12,6,30,940,41,LEON GAMBETTA (PL),,,Crépuscule ou aube,Hors agglomération,Intersection en X,Pluie légère,Autre collision,,,,,,,,,,,2,1,2,2,6
200800005042,0008-01-25 17:10:00,8,1,25,17,10,940,41,"49, MIRABEAU (R)",,,Crépuscule ou aube,En agglomération,Hors intersection,Pluie légère,Autre collision,,,,,,,,,,,2,2,1,2,6
200800005043,0008-01-01 00:40:00,8,1,1,0,40,940,46,"180, REPUBLIQUE (AV DE L",,,Nuit avec éclairage allumé,En agglomération,Intersection en X,Normale,Autre collision,,,,,,,,,,,5,2,2,1,6
200800005044,0008-01-06 05:55:00,8,1,6,5,55,940,46,"00, GENERAL LECLERC (AV",,,Nuit avec éclairage allumé,En agglomération,Intersection en X,Normale,Deux véhicules - frontale,,,,,,,,,,,5,2,2,1,1
200800005045,0008-01-10 18:35:00,8,1,10,18,35,940,46,"25bis, GENERAL DE GAULLE",,,Nuit avec éclairage allumé,En agglomération,Hors intersection,Normale,Deux véhicules - côté,,,,,,,,,,,5,2,1,1,3
200800005046,0008-01-16 12:30:00,8,1,16,12,30,940,46,"57/59, VICTOR HUGO (R)",,,Plein jour,En agglomération,Hors intersection,Pluie légère,Autre collision,,,,,,,,,,,1,2,1,2,6
200800005047,0008-01-23 14:25:00,8,1,23,14,25,940,46,"233, REPUBLIQUE (AV DE L",,,Plein jour,En agglomération,Hors intersection,Normale,Deux véhicules - frontale,,,,,,,,,,,1,2,1,1,1
200800005048,0008-01-24 08:15:00,8,1,24,8,15,940,46,"13, EUGENE RENAULT (R)",,,Plein jour,En agglomération,Hors intersection,Normale,Autre collision,,,,,,,,,,,1,2,1,1,6
200800005049,0008-01-24 08:45:00,8,1,24,8,45,940,46,"135, GAMBETTA (AV)",,,Plein jour,En agglomération,Intersection en X,Normale,Deux véhicules - côté,,,,,,,,,,,1,2,2,1,3
200800005050,0008-01-24 11:55:00,8,1,24,11,55,940,46,"44, CONDORCET (R)",,,Plein jour,En agglomération,Hors intersection,Normale,Autre collision,,,,,,,,,,,1,2,1,1,6
200800005051,0008-01-24 19:00:00,8,1,24,19,0,940,46,"., EUGENE RENAULT (R)",,,Nuit avec éclairage allumé,En agglomération,Intersection en X,Normale,Deux véhicules - côté,,,,,,,,,,,5,2,2,1,3
200800005052,0008-01-25 12:15:00,8,1,25,12,15,940,46,"09, REPUBLIQUE (AV DE LA",,,Plein jour,En agglomération,Hors intersection,Normale,Deux véhicules - frontale,,,,,,,,,,,1,2,1,1,1
200800005053,0008-01-25 15:50:00,8,1,25,15,50,940,46,"00, CONDORCET (R)",,,Plein jour,En agglomération,Hors intersection,Normale,Autre collision,,,,,,,,,,,1,2,1,1,6
200800005054,0008-01-26 14:30:00,8,1,26,14,30,940,46,"155, GENERAL LECLERC (AV",,,Plein jour,En agglomération,Hors intersection,Normale,Autre collision,,,,,,,,,,,1,2,1,1,6
200800005055,0008-01-31 14:35:00,8,1,31,14,35,940,46,"249, REPUBLIQUE (AV DE L",,,Plein jour,En agglomération,Intersection en X,Normale,Deux véhicules - côté,,,,,,,,,,,1,2,2,1,3
200800005056,0008-01-07 22:25:00,8,1,7,22,25,940,68,SAINT HILAIRE (R),,,Nuit avec éclairage allumé,En agglomération,Intersection en X,Normale,Deux véhicules - côté,,,,,,,,,,,5,2,2,1,3
200800005057,0008-01-10 12:30:00,8,1,10,12,30,940,68,"29, RASPAIL (AV)",,,Plein jour,En agglomération,Hors intersection,Normale,Autre collision,,,,,,,,,,,1,2,1,1,6
200800005058,0008-01-14 07:55:00,8,1,14,7,55,940,68,"26, SAINT HILAIRE (R)",,,Plein jour,En agglomération,Hors intersection,Normale,Autre collision,,,,,,,,,,,1,2,1,1,6
200800005059,0008-01-16 19:02:00,8,1,16,19,2,940,68,PONT DE CRETEIL (R DU),,,Nuit avec éclairage allumé,En agglomération,Hors intersection,Normale,Autre collision,,,,,,,,,,,5,2,1,1,6
200800005060,0008-01-22 17:45:00,8,1,22,17,45,940,68,CHAMPIGNY (BD DE),,,Nuit avec éclairage non allumé,En agglomération,Hors intersection,Normale,Deux véhicules - côté,,,,,,,,,,,4,2,1,1,3
200800005061,0008-01-25 16:10:00,8,1,25,16,10,940,68,ELIAS HOWES (R),,,Plein jour,En agglomération,Intersection en X,Normale,Deux véhicules - côté,,,,,,,,,,,1,2,2,1,3
200800005062,0008-01-12 18:20:00,8,1,12,18,20,940,68,"76, BAC (AV DU)",,,Nuit sans éclairage public,En agglomération,Hors intersection,Normale,Deux véhicules - côté,,,,,,,,,,,3,2,1,1,3
200800005063,0008-01-05 07:40:00,8,1,5,7,40,940,78,PARIS (R DE),,,Nuit avec éclairage allumé,En agglomération,Intersection en T,Pluie légère,Autre collision,,,,,,,,,,,5,2,3,2,6
200800005064,0008-01-14 05:50:00,8,1,14,5,50,940,78,"0, CURIE (R)",,,Nuit avec éclairage allumé,Hors agglomération,Hors intersection,Pluie légère,Autre collision,,,,,,,,,,,5,1,1,2,6
200800005065,0008-01-09 12:50:00,8,1,9,12,50,940,78,"22, PARIS (R DE)",,,Plein jour,En agglomération,Intersection en Y,Normale,Autre collision,,,,,,,,,,,1,2,4,1,6
200800005066,0008-01-21 13:15:00,8,1,21,13,15,940,74,"5, RU DE GIRONDE (AV DU)",,,Plein jour,En agglomération,Intersection en X,Normale,Autre collision,,,,,,,,,,,1,2,2,1,6
200800005067,0008-01-18 20:45:00,8,1,18,20,45,940,78,"0, REPUBLIQUE (AV DE LA)",,,Nuit avec éclairage allumé,En agglomération,Hors intersection,Pluie légère,Autre collision,,,,,,,,,,,5,2,1,2,6
200800005068,0008-01-23 08:15:00,8,1,23,8,15,940,74,HENRI BARBUSSE (AV),,,Plein jour,En agglomération,Hors intersection,Normale,Autre collision,,,,,,,,,,,1,2,1,1,6
200800005069,0008-01-25 10:55:00,8,1,25,10,55,940,77,LE FOLL (AV),,,Plein jour,En agglomération,Hors intersection,Normale,Sans collision,,,,,,,,,,,1,2,1,1,7
200800005070,0008-01-27 04:25:00,8,1,27,4,25,940,78,"1, CHEMIN MUZEY (R DU)",,,Nuit sans éclairage public,En agglomération,Hors intersection,Normale,Sans collision,,,,,,,,,,,3,2,1,1,7
200800005071,0008-01-07 13:55:00,8,1,7,13,55,940,78,"1, REPUBLIQUE (AV DE LA)",,,Plein jour,En agglomération,Hors intersection,Normale,Trois véhicules et plus - collisions multiples,,,,,,,,,,,1,2,1,1,5
200800005072,0008-01-22 09:00:00,8,1,22,9,0,940,77,"131, PAUL DOUMER (AV)",,,Plein jour,En agglomération,Hors intersection,Normale,Deux véhicules - arrière,,,,,,,,,,,1,2,1,1,2
200800005073,0008-01-05 17:30:00,8,1,5,17,30,940,80,PARIS (AV DE),,,Nuit avec éclairage allumé,En agglomération,Hors intersection,Normale,Autre collision,,,,,,,,,,,5,2,1,1,6
200800005074,0008-01-10 10:15:00,8,1,10,10,15,940,80,"180, FONTENAY (R DE)",,,Plein jour,En agglomération,Intersection en X,Pluie légère,Deux véhicules - frontale,,,,,,,,,,,1,2,2,2,1
200800005075,0008-01-16 07:30:00,8,1,16,7,30,940,80,"51, PARIS (AV DE)",,,Plein jour,En agglomération,Intersection en T,Pluie légère,Autre collision,,,,,,,,,,,1,2,3,2,6
200800005076,0008-01-16 07:50:00,8,1,16,7,50,940,67,"52, GENERAL DE GAULLE (A",,,Crépuscule ou aube,En agglomération,Hors intersection,Pluie légère,Autre collision,,,,,,,,,,,2,2,1,2,6
200800005077,0008-01-17 14:50:00,8,1,17,14,50,940,80,"47, FOCH (AV)",,,Plein jour,En agglomération,Hors intersection,Pluie légère,Autre collision,,,,,,,,,,,1,2,1,2,6
200800005078,0008-01-19 22:00:00,8,1,19,22,0,940,80,"27, PARIS (AV DE)",,,Nuit avec éclairage allumé,En agglomération,Intersection en X,Normale,Deux véhicules - côté,,,,,,,,,,,5,2,2,1,3
200800005079,0008-01-21 21:10:00,8,1,21,21,10,940,80,"., PARIS (AV DE)",,,Nuit avec éclairage allumé,En agglomération,Intersection en X,Pluie légère,Deux véhicules - frontale,,,,,,,,,,,5,2,2,2,1
200800005080,0008-01-25 15:20:00,8,1,25,15,20,940,80,"128, FONTENAY (R DE)",,,Plein jour,En agglomération,Hors intersection,Normale,Deux véhicules - côté,,,,,,,,,,,1,2,1,1,3
200800005081,0008-01-28 19:40:00,8,1,28,19,40,940,80,", PARIS (AV DE)",,,Nuit avec éclairage allumé,En agglomération,Intersection en X,Normale,Deux véhicules - frontale,,,,,,,,,,,5,2,2,1,1
200800005082,0008-01-30 13:35:00,8,1,30,13,35,940,80,"160, PARIS (AV DE)",,,Plein jour,En agglomération,Hors intersection,Pluie légère,Trois véhicules et plus - en chaîne,,,,,,,,,,,1,2,1,2,4
200800005083,0008-01-06 00:45:00,8,1,6,0,45,940,81,"05, DIX HUITJUIN 1940 (R",,,Nuit avec éclairage allumé,En agglomération,Hors intersection,Pluie légère,Autre collision,,,,,,,,,,,5,2,1,2,6
200800005084,0008-01-07 16:55:00,8,1,7,16,55,940,81,"95, ROUGET DE L ISLE (AV",,,Crépuscule ou aube,En agglomération,Hors intersection,Normale,Trois véhicules et plus - collisions multiples,,,,,,,,,,,2,2,1,1,5
200800005085,0008-01-10 12:10:00,8,1,10,12,10,940,81,GRETILLAT (R),,,Plein jour,En agglomération,Giratoire,Pluie légère,Deux véhicules - côté,,,,,,,,,,,1,2,6,2,3
200800005086,0008-01-18 14:45:00,8,1,18,14,45,940,81,"57-61, SEINE (R DE)",,,Plein jour,En agglomération,Hors intersection,Normale,Deux véhicules - arrière,,,,,,,,,,,1,2,1,1,2
200800005087,0008-01-21 07:40:00,8,1,21,7,40,940,81,ROUGET DE L ISLE (AV),,,Nuit avec éclairage non allumé,En agglomération,Intersection en X,Normale,Autre collision,,,,,,,,,,,4,2,2,1,6
200800005088,0008-01-25 09:50:00,8,1,25,9,50,940,81,", DESCARTES (R)",,,Plein jour,En agglomération,Autre intersection,Normale,Autre collision,,,,,,,,,,,1,2,9,1,6
200800005089,0008-01-31 13:30:00,8,1,31,13,30,940,81,"angle, EUGENE HENAFF (R)",,,Plein jour,En agglomération,Intersection en X,Normale,Deux véhicules - côté,,,,,,,,,,,1,2,2,1,3
200800005090,0008-01-02 14:00:00,8,1,2,14,0,950,18,"165, ALLEMANE (BOULEVARD",,,Plein jour,En agglomération,Hors intersection,Temps éblouissant,Deux véhicules - arrière,,,,,,,,,,,1,2,1,7,2
200800005091,0008-01-02 18:00:00,8,1,2,18,0,950,18,"198, PONTOISE (ROUTE DE)",,,Nuit sans éclairage public,En agglomération,Hors intersection,Normale,Deux véhicules - frontale,,,,,,,,,,,3,2,1,1,1
200800005092,0008-01-05 18:50:00,8,1,5,18,50,950,18,AVENUE M. UTRILLO,,,Nuit avec éclairage allumé,En agglomération,Giratoire,Normale,Trois véhicules et plus - en chaîne,,,,,,,,,,,5,2,6,1,4
200800005093,0008-01-05 14:15:00,8,1,5,14,15,950,18,BARBUSSE (RUE HENRI),,,Plein jour,En agglomération,Intersection en X,Pluie légère,Deux véhicules - côté,,,,,,,,,,,1,2,2,2,3
200800005094,0008-01-09 12:55:00,8,1,9,12,55,950,18,"20, LIBERTE (RUE DE LA)",,,Plein jour,En agglomération,Hors intersection,Normale,Autre collision,,,,,,,,,,,1,2,1,1,6
200800005095,0008-01-09 19:56:00,8,1,9,19,56,950,582,"31, CHARLES DE GAULLE (B",,,Nuit avec éclairage allumé,En agglomération,Intersection en X,Normale,Deux véhicules - côté,,,,,,,,,,,5,2,2,1,3
200800005096,0008-01-10 19:05:00,8,1,10,19,5,950,18,RD 311,,,Nuit avec éclairage allumé,En agglomération,Intersection en T,Normale,Deux véhicules - arrière,,,,,,,,,,,5,2,3,1,2
200800005097,0008-01-10 18:50:00,8,1,10,18,50,950,18,ENGHIEN (ROUTE D' ),,,Nuit avec éclairage allumé,En agglomération,Intersection en T,Normale,Deux véhicules - côté,,,,,,,,,,,5,2,3,1,3
200800005098,0008-01-11 07:23:00,8,1,11,7,23,950,18,GALLIENI (BOULEVARD),,,Nuit avec éclairage allumé,En agglomération,Intersection en X,Normale,Autre collision,,,,,,,,,,,5,2,2,1,6
200800005099,0008-01-15 06:35:00,8,1,15,6,35,950,18,RD 311,,,Nuit avec éclairage allumé,En agglomération,Intersection en T,Normale,Trois véhicules et plus - collisions multiples,,,,,,,,,,,5,2,3,1,5
200800005100,0008-01-15 11:45:00,8,1,15,11,45,950,18,VAILLANT COUTURIER (RUE,,,Plein jour,En agglomération,Intersection en T,Pluie légère,Sans collision,,,,,,,,,,,1,2,3,2,7
200800005101,0008-01-16 18:00:00,8,1,16,18,0,950,18,GRANDE CEINTURE (RUE DE,,,Nuit avec éclairage allumé,En agglomération,Intersection en T,Pluie légère,Deux véhicules - frontale,,,,,,,,,,,5,2,3,2,1
200800005102,0008-01-17 20:37:00,8,1,17,20,37,950,176,FOCH (AVENUE),,,Nuit avec éclairage non allumé,En agglomération,Intersection en T,Pluie légère,Autre collision,,,,,,,,,,,4,2,3,2,6
200800005103,0008-01-16 08:40:00,8,1,16,8,40,950,582,"4, BELLEVUE (RUE DE)",,,Plein jour,En agglomération,Intersection en X,Pluie légère,Sans collision,,,,,,,,,,,1,2,2,2,7
200800005104,0008-01-24 11:30:00,8,1,24,11,30,950,176,JOFFRE (BOULEVARD),,,Plein jour,En agglomération,Intersection en T,Normale,Deux véhicules - côté,,,,,,,,,,,1,2,3,1,3
200800005105,0008-01-25 10:40:00,8,1,25,10,40,950,176,CLEMENCEAU (BOULEVARD GE,,,Plein jour,En agglomération,Intersection en X,Normale,Trois véhicules et plus - en chaîne,,,,,,,,,,,1,2,2,1,4
200800005106,0008-01-25 11:15:00,8,1,25,11,15,950,18,"45, VERDUN (AVENUE DE)",,,Plein jour,En agglomération,Intersection en T,Normale,Deux véhicules - côté,,,,,,,,,,,1,2,3,1,3
200800005107,0008-01-02 16:40:00,8,1,2,16,40,950,63,BEZONS (PONT),,,Plein jour,Hors agglomération,Hors intersection,Normale,Trois véhicules et plus - en chaîne,,,,,,,,,,,1,1,1,1,4
200800005108,0008-01-16 13:30:00,8,1,16,13,30,950,476,"0, JULES CESAR (CHAUSSEE",,,Plein jour,En agglomération,Hors intersection,Normale,Sans collision,,,,,,,,,,,1,2,1,1,7
200800005109,0008-01-12 13:45:00,8,1,12,13,45,950,427,"95, JULES FERRY (RUE) DE",,,Plein jour,En agglomération,Hors intersection,Normale,Deux véhicules - frontale,,,,,,,,,,,1,2,1,1,1
200800005110,0008-01-19 19:45:00,8,1,19,19,45,950,427,JEAN MERMOZ (RUE),,,Plein jour,En agglomération,Intersection en T,Normale,Deux véhicules - côté,,,,,,,,,,,1,2,3,1,3
200800005111,0008-01-31 21:45:00,8,1,31,21,45,950,197,"05, SAINT DENIS (ROUTE D",,,Crépuscule ou aube,En agglomération,Intersection en X,Pluie légère,Autre collision,,,,,,,,,,,2,2,2,2,6
200800005112,0008-01-05 12:10:00,8,1,5,12,10,950,598,GENERAL  DE GAULLE  AVEN,,,Plein jour,En agglomération,Hors intersection,Temps couvert,Autre collision,,,,,,,,,,,1,2,1,8,6
200800005113,0008-01-02 18:30:00,8,1,2,18,30,950,219,CERNAY (BOULEVARD DE),,,Nuit avec éclairage allumé,En agglomération,Hors intersection,Normale,Autre collision,,,,,,,,,,,5,2,1,1,6
200800005114,0008-01-07 10:50:00,8,1,7,10,50,950,203,"40, PARIS (AVENUE DE)",,,Plein jour,En agglomération,Hors intersection,Normale,Autre collision,,,,,,,,,,,1,2,1,1,6
200800005115,0008-01-08 19:00:00,8,1,8,19,0,950,219,SAINT LEU (ROUTE DE),,,Nuit avec éclairage allumé,En agglomération,Hors intersection,Normale,Deux véhicules - frontale,,,,,,,,,,,5,2,1,1,1
200800005116,0008-01-12 11:45:00,8,1,12,11,45,950,252,"78, POMMIERS SAULNIERS (",,,Plein jour,En agglomération,Hors intersection,Normale,Deux véhicules - arrière,,,,,,,,,,,1,2,1,1,2
200800005117,0008-01-12 16:20:00,8,1,12,16,20,950,252,"250, GENERAL LECLERC (RU",,,Plein jour,En agglomération,Hors intersection,Normale,Autre collision,,,,,,,,,,,1,2,1,1,6
200800005118,0008-01-05 17:50:00,8,1,5,17,50,950,203,"101, SAINT LEU (ROUTE DE",,,Nuit avec éclairage allumé,En agglomération,Hors intersection,Normale,Autre collision,,,,,,,,,,,5,2,1,1,6
200800005119,0008-01-19 19:25:00,8,1,19,19,25,950,219,GRAND GRIL (RUE DU),,,Plein jour,En agglomération,Hors intersection,Normale,Autre collision,,,,,,,,,,,1,2,1,1,6
200800005120,0008-01-21 11:35:00,8,1,21,11,35,950,491,"4, BROSSOLETTE (RUE PIER",,,Plein jour,En agglomération,Hors intersection,Normale,Autre collision,,,,,,,,,,,1,2,1,1,6
200800005121,0008-01-21 12:30:00,8,1,21,12,30,950,219,STAND (RUE DU),,,Plein jour,En agglomération,Hors intersection,Normale,Autre collision,,,,,,,,,,,1,2,1,1,6
200800005122,0008-01-21 16:37:00,8,1,21,16,37,950,203,PARIS (AVENUE DE),,,Plein jour,En agglomération,Hors intersection,Normale,Autre collision,,,,,,,,,,,1,2,1,1,6
200800005123,0008-01-25 09:05:00,8,1,25,9,5,950,252,BEL-AIR (BOULEVARD DU),,,Plein jour,En agglomération,Hors intersection,Normale,Trois véhicules et plus - en chaîne,,,,,,,,,,,1,2,1,1,4
200800005124,0008-01-29 08:47:00,8,1,29,8,47,950,219,SAINT LEU (ROUTE DE),,,Plein jour,En agglomération,Giratoire,Normale,Deux véhicules - côté,,,,,,,,,,,1,2,6,1,3
200800005125,0008-01-07 12:22:00,8,1,7,12,22,950,268,"0, STALINGRAD (AVENUE DE",,,Plein jour,En agglomération,Hors intersection,Normale,Deux véhicules - côté,,,,,,,,,,,1,2,1,1,3
200800005126,0008-01-12 10:15:00,8,1,12,10,15,950,268,"38, VAILLANT COUTURIER (",,,Plein jour,En agglomération,Hors intersection,Normale,Autre collision,,,,,,,,,,,1,2,1,1,6
200800005127,0008-01-21 12:50:00,8,1,21,12,50,950,268,"10, DE GAULLE (CARREFOUR",,,Plein jour,En agglomération,Hors intersection,Normale,Deux véhicules - arrière,,,,,,,,,,,1,2,1,1,2
200800005128,0008-01-09 14:15:00,8,1,9,14,15,950,277,DE THEILLEY PIERRE (RUE),,,Plein jour,En agglomération,Hors intersection,Normale,Autre collision,,,,,,,,,,,1,2,1,1,6
200800005129,0008-01-10 18:25:00,8,1,10,18,25,950,277,POMPIDOU GEORGES (AVENUE,,,Crépuscule ou aube,En agglomération,Giratoire,Normale,Autre collision,,,,,,,,,,,2,2,6,1,6
200800005130,0008-01-13 14:55:00,8,1,13,14,55,950,280,"68, SARRAUT ALBERT (AVEN",,,Plein jour,En agglomération,Intersection en T,Normale,Deux véhicules - arrière,,,,,,,,,,,1,2,3,1,2
200800005131,0008-01-21 15:50:00,8,1,21,15,50,950,277,CLARET (RUE),,,Plein jour,En agglomération,Intersection en X,Normale,Deux véhicules - côté,,,,,,,,,,,1,2,2,1,3
200800005132,0008-01-24 21:10:00,8,1,24,21,10,950,277,ROUTE DEPARTEMENTALE 317,,,Nuit sans éclairage public,Hors agglomération,Hors intersection,Normale,Deux véhicules - arrière,,,,,,,,,,,3,1,1,1,2
200800005133,0008-01-11 09:35:00,8,1,11,9,35,950,277,MADELEINE (C.C DE LA),,,Plein jour,En agglomération,Intersection en X,Normale,Deux véhicules - frontale,,,,,,,,,,,1,2,2,1,1
200800005134,0008-01-02 12:50:00,8,1,2,12,50,950,424,LUCIEN BOXTAEL (RUE),,,Plein jour,En agglomération,Intersection en X,Normale,Deux véhicules - côté,,,,,,,,,,,1,2,2,1,3
200800005135,0008-01-03 08:45:00,8,1,3,8,45,950,424,VICTOR BORDIER (BOULEVAR,,,Crépuscule ou aube,En agglomération,Hors intersection,Autre,Autre collision,,,,,,,,,,,2,2,1,9,6
200800005136,0008-01-06 10:25:00,8,1,6,10,25,950,306,"89, SAINTE HONORINE (RUE",,,Plein jour,En agglomération,Intersection en X,Normale,Deux véhicules - côté,,,,,,,,,,,1,2,2,1,3
200800005137,0008-01-07 08:25:00,8,1,7,8,25,950,306,11EME AVENUE,,,Plein jour,En agglomération,Intersection en T,Normale,Deux véhicules - côté,,,,,,,,,,,1,2,3,1,3
200800005138,0008-01-08 18:30:00,8,1,8,18,30,950,257,"115, PONTOISE (BOULEVARD",,,Nuit avec éclairage allumé,En agglomération,Hors intersection,Normale,Deux véhicules - arrière,,,,,,,,,,,5,2,1,1,2
200800005139,0008-01-15 08:45:00,8,1,15,8,45,950,424,"77, PONTOISE (BOULEVARD",,,Plein jour,En agglomération,Hors intersection,Pluie légère,Sans collision,,,,,,,,,,,1,2,1,2,7
200800005140,0008-01-16 20:20:00,8,1,16,20,20,950,306,"0, PONTOISE (RUE DE)",,,Nuit avec éclairage allumé,En agglomération,Giratoire,Normale,Sans collision,,,,,,,,,,,5,2,6,1,7
200800005141,0008-01-18 17:05:00,8,1,18,17,5,950,424,ANATOLE FRANCE (RUE),,,Crépuscule ou aube,En agglomération,Intersection en T,Normale,Deux véhicules - côté,,,,,,,,,,,2,2,3,1,3
200800005142,0008-01-29 17:00:00,8,1,29,17,0,950,306,"88, SAINTE HONORINE (RUE",,,Plein jour,En agglomération,Hors intersection,Normale,Autre collision,,,,,,,,,,,1,2,1,1,6
200800005143,0008-01-24 06:00:00,8,1,24,6,0,950,52,SAINT ROCH,,,Nuit avec éclairage allumé,En agglomération,Hors intersection,Normale,Autre collision,,,,,,,,,,,5,2,1,1,6
200800005144,0008-01-15 12:00:00,8,1,15,12,0,950,585,GIRAUDON (RUE DE),,,Plein jour,En agglomération,Hors intersection,Pluie légère,Autre collision,,,,,,,,,,,1,2,1,2,6