accident_id,datetime,annee,mois,jour,heure,minute,departement,commune_insee,adresse,latitude,longitude,luminosite,agglomeration,intersection,meteo,collision,nb_vehicules,nb_usagers,nb_indemnes,nb_tues,nb_blesses_hosp,nb_blesses_legers,age_cond_1,age_cond_2,veh_type_cond_1,veh_type_cond_2,lum_code,agg_code,int_code,atm_code,col_code
200800005797,0008-01-22 23:25:00,8,1,22,23,25,130,106,A7-Sens Lyon vers Marsei,,,Nuit sans éclairage public,Hors agglomération,Hors intersection,Normale,Autre collision,,,,,,,,,,,3,1,1,1,6
200800005798,0008-01-23 08:00:00,8,1,23,8,0,130,88,A55-Sens Marseille vers,,,Crépuscule ou aube,Hors agglomération,Hors intersection,Normale,Sans collision,,,,,,,,,,,2,1,1,1,7
200800005799,0008-01-24 08:15:00,8,1,24,8,15,130,202,A55-Sens Marseille vers,,,Nuit avec éclairage allumé,Hors agglomération,Hors intersection,Normale,Trois véhicules et plus - en chaîne,,,,,,,,,,,5,1,1,1,4
200800005800,0008-01-25 22:51:00,8,1,25,22,51,130,71,A7-Sens Marseille vers L,,,Nuit sans éclairage public,Hors agglomération,Intersection en X,Normale,Trois véhicules et plus - en chaîne,,,,,,,,,,,3,1,2,1,4
200800005801,0008-01-26 12:00:00,8,1,26,12,0,130,1,A51-Sens Aix en Provence,,,Plein jour,Hors agglomération,Hors intersection,Normale,Deux véhicules - côté,,,,,,,,,,,1,1,1,1,3
200800005802,0008-01-26 19:35:00,8,1,26,19,35,130,106,A7-Sens Lyon vers Marsei,,,Nuit avec éclairage allumé,Hors agglomération,Hors intersection,Normale,Deux véhicules - arrière,,,,,,,,,,,5,1,1,1,2
200800005803,0008-01-26 20:20:00,8,1,26,20,20,130,5,A52-Sens Pont de l'Etoil,,,Nuit avec éclairage allumé,Hors agglomération,Hors intersection,Normale,Trois véhicules et plus - en chaîne,,,,,,,,,,,5,1,1,1,4
200800005804,0008-01-22 11:05:00,8,1,22,11,5,130,5,A50-Sens Aubagne vers Ma,,,Plein jour,Hors agglomération,Hors intersection,Normale,Deux véhicules - côté,,,,,,,,,,,1,1,1,1,3
200800005805,0008-01-27 12:10:00,8,1,27,12,10,130,5,A50-Sens Aubagne vers Ma,,,Plein jour,Hors agglomération,Hors intersection,Normale,Trois véhicules et plus - en chaîne,,,,,,,,,,,1,1,1,1,4
200800005806,0008-01-29 08:55:00,8,1,29,8,55,130,1,A51-Sens Aix en Provence,,,Plein jour,Hors agglomération,Hors intersection,Normale,Deux véhicules - arrière,,,,,,,,,,,1,1,1,1,2
200800005807,0008-01-29 21:05:00,8,1,29,21,5,130,215,A7-Sens Lyon vers Marsei,,,Nuit sans éclairage public,Hors agglomération,Hors intersection,Normale,Deux véhicules - côté,,,,,,,,,,,3,1,1,1,3
200800005808,0008-01-30 14:02:00,8,1,30,14,2,130,203,A557-Liaison A7 Marseill,,,Plein jour,Hors agglomération,Hors intersection,Normale,Trois véhicules et plus - en chaîne,,,,,,,,,,,1,1,1,1,4
200800005809,0008-01-30 16:53:00,8,1,30,16,53,130,71,A7-Sens Lyon vers Marsei,,,Plein jour,Hors agglomération,Hors intersection,Normale,Autre collision,,,,,,,,,,,1,1,1,1,6
200800005810,0008-01-30 18:20:00,8,1,30,18,20,130,215,A7-Sens Lyon vers Marsei,,,Nuit sans éclairage public,Hors agglomération,Hors intersection,Normale,Trois véhicules et plus - en chaîne,,,,,,,,,,,3,1,1,1,4
200800005811,0008-01-31 02:20:00,8,1,31,2,20,130,203,A7-Sens Marseille vers L,,,Nuit avec éclairage allumé,Hors agglomération,Hors intersection,Normale,Autre collision,,,,,,,,,,,5,1,1,1,6
200800005812,0008-01-31 05:28:00,8,1,31,5,28,130,1,A51-Sens Marseille vers,,,Nuit sans éclairage public,Hors agglomération,Hors intersection,Normale,Sans collision,,,,,,,,,,,3,1,1,1,7
200800005813,0008-01-31 07:15:00,8,1,31,7,15,130,88,A55-Sens Martigues vers,,,Plein jour,Hors agglomération,Hors intersection,Normale,Deux véhicules - arrière,,,,,,,,,,,1,1,1,1,2
200800005814,0008-01-31 14:08:00,8,1,31,14,8,130,214,A7-Sens Lyon vers Marsei,,,Plein jour,Hors agglomération,Hors intersection,Normale,Sans collision,,,,,,,,,,,1,1,1,1,7
200800005815,0008-01-31 19:30:00,8,1,31,19,30,130,5,A50-Sens Marseille vers,,,Plein jour,Hors agglomération,Hors intersection,Normale,Sans collision,,,,,,,,,,,1,1,1,1,7
200800005816,0008-01-08 08:25:00,8,1,8,8,25,780,498,A13,,,Crépuscule ou aube,Hors agglomération,Hors intersection,Normale,Sans collision,,,,,,,,,,,2,1,1,1,7
200800005817,0008-01-12 21:35:00,8,1,12,21,35,920,64,A13,,,Nuit sans éclairage public,Hors agglomération,Hors intersection,Temps couvert,Trois véhicules et plus - collisions multiples,,,,,,,,,,,3,1,1,8,5
200800005818,0008-01-18 08:50:00,8,1,18,8,50,920,76,A13,,,Plein jour,Hors agglomération,Hors intersection,Normale,Autre collision,,,,,,,,,,,1,1,1,1,6
200800005819,0008-01-10 01:47:00,8,1,10,1,47,780,238,A13,,,Nuit sans éclairage public,Hors agglomération,Hors intersection,Normale,Deux véhicules - arrière,,,,,,,,,,,3,1,1,1,2
200800005820,0008-01-29 19:45:00,8,1,29,19,45,780,117,RN12 Y,,,Nuit avec éclairage allumé,Hors agglomération,Hors intersection,Normale,Deux véhicules - côté,,,,,,,,,,,5,1,1,1,3
200800005821,0008-01-02 01:44:00,8,1,2,1,44,570,221,Autoroute A31,,,Nuit sans éclairage public,Hors agglomération,Hors intersection,Normale,Autre collision,,,,,,,,,,,3,1,1,1,6
200800005822,0008-01-09 19:10:00,8,1,9,19,10,570,672,Autoroute A31,,,Nuit sans éclairage public,Hors agglomération,Hors intersection,Normale,Deux véhicules - arrière,,,,,,,,,,,3,1,1,1,2
200800005823,0008-01-20 04:50:00,8,1,20,4,50,570,221,Autoroute A31,,,Nuit avec éclairage allumé,Hors agglomération,Hors intersection,Normale,Autre collision,,,,,,,,,,,5,1,1,1,6
200800005824,0008-01-24 22:50:00,8,1,24,22,50,570,39,RN 431,,,Nuit sans éclairage public,Hors agglomération,Hors intersection,Pluie légère,Autre collision,,,,,,,,,,,3,1,1,2,6
200800005825,0008-01-04 14:15:00,8,1,4,14,15,830,137,A57,,,Plein jour,Hors agglomération,Hors intersection,Pluie légère,Deux véhicules - arrière,,,,,,,,,,,1,1,1,2,2
200800005826,0008-01-04 21:45:00,8,1,4,21,45,830,47,A570,,,Nuit sans éclairage public,Hors agglomération,Hors intersection,Temps couvert,Autre collision,,,,,,,,,,,3,1,1,8,6
200800005827,0008-01-08 08:55:00,8,1,8,8,55,830,90,A50,,,Plein jour,Hors agglomération,Hors intersection,Normale,Autre collision,,,,,,,,,,,1,1,1,1,6
200800005828,0008-01-09 08:57:00,8,1,9,8,57,830,137,A57,,,Plein jour,Hors agglomération,Hors intersection,Temps couvert,Deux véhicules - arrière,,,,,,,,,,,1,1,1,8,2
200800005829,0008-01-09 13:35:00,8,1,9,13,35,830,112,A50,,,Plein jour,Hors agglomération,Hors intersection,Pluie légère,Autre collision,,,,,,,,,,,1,1,1,2,6
200800005830,0008-01-09 15:10:00,8,1,9,15,10,830,137,A57,,,Plein jour,Hors agglomération,Hors intersection,Pluie légère,Deux véhicules - côté,,,,,,,,,,,1,1,1,2,3
200800005831,0008-01-10 02:00:00,8,1,10,2,0,830,126,A50,,,Nuit sans éclairage public,Hors agglomération,Hors intersection,Pluie légère,Sans collision,,,,,,,,,,,3,1,1,2,7
200800005832,0008-01-12 14:15:00,8,1,12,14,15,830,137,A50,,,Plein jour,Hors agglomération,Hors intersection,Normale,Deux véhicules - côté,,,,,,,,,,,1,1,1,1,3
200800005833,0008-01-12 14:40:00,8,1,12,14,40,830,137,A57,,,Plein jour,Hors agglomération,Hors intersection,Normale,Deux véhicules - arrière,,,,,,,,,,,1,1,1,1,2
200800005834,0008-01-14 20:30:00,8,1,14,20,30,830,123,A50,,,Nuit sans éclairage public,Hors agglomération,Hors intersection,Pluie légère,Autre collision,,,,,,,,,,,3,1,1,2,6
200800005835,0008-01-19 10:50:00,8,1,19,10,50,830,144,A57,,,Plein jour,Hors agglomération,Intersection en T,Normale,Deux véhicules - côté,,,,,,,,,,,1,1,3,1,3
200800005836,0008-01-21 16:55:00,8,1,21,16,55,830,112,A50,,,Plein jour,Hors agglomération,Hors intersection,Normale,Sans collision,,,,,,,,,,,1,1,1,1,7
200800005837,0008-01-22 08:53:00,8,1,22,8,53,830,137,A57,,,Plein jour,Hors agglomération,Hors intersection,Normale,Trois véhicules et plus - en chaîne,,,,,,,,,,,1,1,1,1,4
200800005838,0008-01-22 16:00:00,8,1,22,16,0,830,137,A50,,,Plein jour,Hors agglomération,Hors intersection,Normale,Deux véhicules - arrière,,,,,,,,,,,1,1,1,1,2
200800005839,0008-01-29 08:00:00,8,1,29,8,0,60,18,route des colles,,,Plein jour,En agglomération,Hors intersection,Normale,Deux véhicules - frontale,,,,,,,,,,,1,2,1,1,1
200800005840,0008-02-11 19:30:00,8,2,11,19,30,590,257,RUE DU VERT TOUQUET,,,Nuit sans éclairage public,En agglomération,Hors intersection,Normale,Sans collision,,,,,,,,,,,3,2,1,1,7
200800005841,0008-02-26 19:45:00,8,2,26,19,45,590,51,Rue de la Marne,50.541,2.802,Nuit avec éclairage allumé,En agglomération,Hors intersection,Normale,Autre collision,,,,,,,,,,,5,2,1,1,6
200800005842,0008-02-23 15:15:00,8,2,23,15,15,590,586,Rue de Roubaix,50.532,3.173,Plein jour,En agglomération,Hors intersection,Normale,Autre collision,,,,,,,,,,,1,2,1,1,6
200800005843,0008-02-14 11:15:00,8,2,14,11,15,590,592,rue Salengro,,,Plein jour,En agglomération,Hors intersection,Normale,Deux véhicules - frontale,,,,,,,,,,,1,2,1,1,1
200800005844,0008-02-25 11:30:00,8,2,25,11,30,590,630,rue jules ferry,,,Plein jour,En agglomération,Hors intersection,Normale,Autre collision,,,,,,,,,,,1,2,1,1,6
200800005845,0008-02-17 04:00:00,8,2,17,4,0,590,663,,50.871,2.472,Nuit sans éclairage public,Hors agglomération,Hors intersection,Normale,Sans collision,,,,,,,,,,,3,1,1,1,7
200800005846,0008-02-25 08:15:00,8,2,25,8,15,590,212,rue du SEQUENTEAU,,,Plein jour,En agglomération,Autre intersection,Normale,Autre collision,,,,,,,,,,,1,2,9,1,6
200800005847,0008-02-04 16:00:00,8,2,4,16,0,590,400,,,,Plein jour,Hors agglomération,Hors intersection,Normale,Trois véhicules et plus - collisions multiples,,,,,,,,,,,1,1,1,1,5
200800005848,0008-02-08 19:15:00,8,2,8,19,15,590,293,,50.663,2.528,Nuit sans éclairage public,Hors agglomération,Hors intersection,Normale,Deux véhicules - frontale,,,,,,,,,,,3,1,1,1,1
200800005849,0008-02-21 09:45:00,8,2,21,9,45,590,301,Rue de Peruwelz,50.499,3.551,Plein jour,En agglomération,Hors intersection,Normale,Deux véhicules - frontale,,,,,,,,,,,1,2,1,1,1
200800005850,0008-02-10 06:00:00,8,2,10,6,0,590,331,AVENUE LEGION D HONNEUR,,,Crépuscule ou aube,En agglomération,Hors intersection,Normale,Autre collision,,,,,,,,,,,2,2,1,1,6
200800005851,0008-02-08 16:45:00,8,2,8,16,45,590,214,5 rue d'Arleux a ESTREES,50.305,3.069,Plein jour,En agglomération,Hors intersection,Normale,Trois véhicules et plus - collisions multiples,,,,,,,,,,,1,2,1,1,5
200800005852,0008-02-13 20:00:00,8,2,13,20,0,590,65,,50.324,3.769,Nuit sans éclairage public,Hors agglomération,Hors intersection,Brouillard / fumée,Deux véhicules - arrière,,,,,,,,,,,3,1,1,5,2
200800005853,0008-02-07 17:15:00,8,2,7,17,15,590,175,,,,Crépuscule ou aube,Hors agglomération,Intersection en X,Temps éblouissant,Deux véhicules - frontale,,,,,,,,,,,2,1,2,7,1
200800005854,0008-02-09 10:30:00,8,2,9,10,30,620,341,,50.151,2.63,Plein jour,Hors agglomération,Hors intersection,Normale,Deux véhicules - côté,,,,,,,,,,,1,1,1,1,3
200800005855,0008-02-23 04:30:00,8,2,23,4,30,620,733,,50.136,2.612,Crépuscule ou aube,Hors agglomération,Hors intersection,Normale,Sans collision,,,,,,,,,,,2,1,1,1,7
200800005856,0008-02-02 16:00:00,8,2,2,16,0,620,358,,50.374,2.888,Plein jour,Hors agglomération,Hors intersection,Normale,Deux véhicules - frontale,,,,,,,,,,,1,1,1,1,1
200800005857,0008-02-16 18:45:00,8,2,16,18,45,620,369,,,,Nuit sans éclairage public,Hors agglomération,Intersection en X,Normale,Deux véhicules - côté,,,,,,,,,,,3,1,2,1,3
200800005858,0008-02-08 19:45:00,8,2,8,19,45,620,865,,50.347,2.966,Nuit sans éclairage public,Hors agglomération,Hors intersection,Brouillard / fumée,Deux véhicules - frontale,,,,,,,,,,,3,1,1,5,1
200800005859,0008-02-04 11:00:00,8,2,4,11,0,620,28,,50.54,2.402,Plein jour,Hors agglomération,Hors intersection,Pluie légère,Autre collision,,,,,,,,,,,1,1,1,2,6
200800005860,0008-02-29 06:45:00,8,2,29,6,45,620,313,cd 341,,,Nuit avec éclairage allumé,En agglomération,Hors intersection,Normale,Deux véhicules - frontale,,,,,,,,,,,5,2,1,1,1
200800005861,0008-02-10 08:45:00,8,2,10,8,45,620,566,,50.671,1.849,Plein jour,Hors agglomération,Hors intersection,Normale,Autre collision,,,,,,,,,,,1,1,1,1,6
200800005862,0008-02-02 14:00:00,8,2,2,14,0,620,604,,,,Plein jour,Hors agglomération,Hors intersection,Normale,Sans collision,,,,,,,,,,,1,1,1,1,7
200800005863,0008-02-08 17:30:00,8,2,8,17,30,620,746,Rue Haffreingue,,,Plein jour,En agglomération,Hors intersection,Normale,Autre collision,,,,,,,,,,,1,2,1,1,6
200800005864,0008-02-05 08:45:00,8,2,5,8,45,620,443,Rue Victor Hugo,50.454,2.642,Plein jour,En agglomération,Intersection en T,Pluie légère,Deux véhicules - côté,,,,,,,,,,,1,2,3,2,3
200800005865,0008-02-28 18:15:00,8,2,28,18,15,620,312,,,,Plein jour,Hors agglomération,Hors intersection,Pluie forte,Autre collision,,,,,,,,,,,1,1,1,3,6
200800005866,0008-02-01 19:30:00,8,2,1,19,30,620,849,,,,Nuit sans éclairage public,Hors agglomération,Hors intersection,Normale,Autre collision,,,,,,,,,,,3,1,1,1,6
200800005867,0008-02-25 07:45:00,8,2,25,7,45,620,571,rue joseph daubrege,,,Plein jour,En agglomération,Hors intersection,Normale,Deux véhicules - côté,,,,,,,,,,,1,2,1,1,3
200800005868,0008-02-17 09:30:00,8,2,17,9,30,620,38,PK 92 RD 943,,,Plein jour,En agglomération,Hors intersection,Normale,Deux véhicules - frontale,,,,,,,,,,,1,2,1,1,1
200800005869,0008-02-21 10:00:00,8,2,21,10,0,620,38,,,,Plein jour,Hors agglomération,Hors intersection,Normale,Deux véhicules - frontale,,,,,,,,,,,1,1,1,1,1
200800005870,0008-02-13 19:30:00,8,2,13,19,30,620,308,,50.728,1.922,Nuit sans éclairage public,Hors agglomération,Hors intersection,Brouillard / fumée,Deux véhicules - frontale,,,,,,,,,,,3,1,1,5,1
200800005871,0008-02-02 17:45:00,8,2,2,17,45,620,180,rue principale,,,Plein jour,En agglomération,Hors intersection,Temps éblouissant,Deux véhicules - arrière,,,,,,,,,,,1,2,1,7,2
200800005872,0008-02-24 11:30:00,8,2,24,11,30,620,686,,,,Plein jour,Hors agglomération,Hors intersection,Normale,Sans collision,,,,,,,,,,,1,1,1,1,7
200800005873,0008-02-10 21:15:00,8,2,10,21,15,620,60,,50.239,2.137,Nuit sans éclairage public,Hors agglomération,Hors intersection,Normale,Autre collision,,,,,,,,,,,3,1,1,1,6
200800005874,0008-02-17 18:45:00,8,2,17,18,45,800,212,rue Jean Masse,,,Plein jour,En agglomération,Hors intersection,Normale,Deux véhicules - côté,,,,,,,,,,,1,2,1,1,3
200800005875,0008-02-03 15:00:00,8,2,3,15,0,800,443,rue du commandant Eard,49.85,1.855,Plein jour,En agglomération,Hors intersection,Normale,Trois véhicules et plus - en chaîne,,,,,,,,,,,1,2,1,1,4
200800005876,0008-02-09 21:30:00,8,2,9,21,30,800,317,,49.743,2.126,Nuit sans éclairage public,Hors agglomération,Hors intersection,Normale,Autre collision,,,,,,,,,,,3,1,1,1,6
200800005877,0008-02-17 04:45:00,8,2,17,4,45,800,643,,49.828,2.179,Nuit sans éclairage public,Hors agglomération,Hors intersection,Normale,Autre collision,,,,,,,,,,,3,1,1,1,6
200800005878,0008-02-17 18:00:00,8,2,17,18,0,800,163,,50.106,1.762,Plein jour,Hors agglomération,Hors intersection,Temps éblouissant,Deux véhicules - frontale,,,,,,,,,,,1,1,1,7,1
200800005879,0008-02-24 14:15:00,8,2,24,14,15,800,388,,,,Plein jour,Hors agglomération,Hors intersection,Normale,Autre collision,,,,,,,,,,,1,1,1,1,6
200800005880,0008-02-23 04:30:00,8,2,23,4,30,800,714,rue du bas,50.075,1.453,Nuit sans éclairage public,En agglomération,Hors intersection,Pluie légère,Autre collision,,,,,,,,,,,3,2,1,2,6
200800005881,0008-02-07 17:30:00,8,2,7,17,30,800,422,,50.168,1.816,Plein jour,Hors agglomération,Hors intersection,Normale,Deux véhicules - frontale,,,,,,,,,,,1,1,1,1,1
200800005882,0008-02-29 06:45:00,8,2,29,6,45,800,598,,50.228,1.776,Crépuscule ou aube,Hors agglomération,Hors intersection,Temps couvert,Autre collision,,,,,,,,,,,2,1,1,8,6
200800005883,0008-02-18 06:15:00,8,2,18,6,15,800,645,,50.062,2.422,Nuit avec éclairage non allumé,Hors agglomération,Hors intersection,Normale,Autre collision,,,,,,,,,,,4,1,1,1,6
200800005884,0008-02-27 12:30:00,8,2,27,12,30,800,86,,,,Plein jour,Hors agglomération,Hors intersection,Normale,Deux véhicules - côté,,,,,,,,,,,1,1,1,1,3
200800005885,0008-02-28 15:15:00,8,2,28,15,15,800,296,Jules Verne,50.027,2.039,Plein jour,En agglomération,Hors intersection,Pluie légère,Deux véhicules - frontale,,,,,,,,,,,1,2,1,2,1
200800005886,0008-02-01 04:45:00,8,2,1,4,45,800,467,,,,Nuit sans éclairage public,Hors agglomération,Hors intersection,Pluie légère,Deux véhicules - côté,,,,,,,,,,,3,1,1,2,3
200800005887,0008-02-01 10:45:00,8,2,1,10,45,800,467,,,,Plein jour,Hors agglomération,Hors intersection,Pluie légère,Deux véhicules - côté,,,,,,,,,,,1,1,1,2,3
200800005888,0008-02-22 19:30:00,8,2,22,19,30,800,322,route nationale,,,Nuit sans éclairage public,En agglomération,Hors intersection,Normale,Deux véhicules - côté,,,,,,,,,,,3,2,1,1,3
200800005889,0008-02-01 16:15:00,8,2,1,16,15,800,758,,49.73,2.418,Plein jour,Hors agglomération,Hors intersection,Normale,Deux véhicules - côté,,,,,,,,,,,1,1,1,1,3
200800005890,0008-02-11 07:30:00,8,2,11,7,30,800,193,,49.715,2.389,Plein jour,Hors agglomération,Hors intersection,Autre,Sans collision,,,,,,,,,,,1,1,1,9,7
200800005891,0008-02-14 15:30:00,8,2,14,15,30,800,10,,49.761,2.365,Plein jour,En agglomération,Hors intersection,Autre,Sans collision,,,,,,,,,,,1,2,1,9,7
200800005892,0008-02-19 14:00:00,8,2,19,14,0,800,545,,49.798,2.561,Plein jour,Hors agglomération,Hors intersection,Normale,Autre collision,,,,,,,,,,,1,1,1,1,6
200800005893,0008-02-12 14:45:00,8,2,12,14,45,800,620,boulevard POILU,,,Plein jour,En agglomération,Hors intersection,Normale,Deux véhicules - côté,,,,,,,,,,,1,2,1,1,3
200800005894,0008-02-15 07:45:00,8,2,15,7,45,800,620,,,,Plein jour,Hors agglomération,Hors intersection,Normale,Autre collision,,,,,,,,,,,1,1,1,1,6
200800005895,0008-02-20 04:45:00,8,2,20,4,45,800,240,,,,Nuit sans éclairage public,Hors agglomération,Hors intersection,Normale,Autre collision,,,,,,,,,,,3,1,1,1,6
200800005896,0008-02-13 09:30:00,8,2,13,9,30,800,347,rue d' Hattencourt,49.77,2.769,Plein jour,En agglomération,Hors intersection,Autre,Autre collision,,,,,,,,,,,1,2,1,9,6
200800005897,0008-02-28 09:00:00,8,2,28,9,0,800,192,,,,Plein jour,Hors agglomération,Hors intersection,Pluie légère,Deux véhicules - frontale,,,,,,,,,,,1,1,1,2,1
200800005898,0008-02-23 21:45:00,8,2,23,21,45,800,267,,,,Nuit sans éclairage public,Hors agglomération,Hors intersection,Normale,Sans collision,,,,,,,,,,,3,1,1,1,7
200800005899,0008-02-14 22:00:00,8,2,14,22,0,20,48,,49.669,3.697,Nuit sans éclairage public,Hors agglomération,Hors intersection,Normale,Autre collision,,,,,,,,,,,3,1,1,1,6
200800005900,0008-02-14 19:15:00,8,2,14,19,15,20,353,,49.634,3.74,Nuit sans éclairage public,Hors agglomération,Hors intersection,Normale,Sans collision,,,,,,,,,,,3,1,1,1,7
200800005901,0008-02-19 17:30:00,8,2,19,17,30,20,96,,,,Plein jour,Hors agglomération,Hors intersection,Normale,Deux véhicules - côté,,,,,,,,,,,1,1,1,1,3
200800005902,0008-02-26 18:45:00,8,2,26,18,45,20,787,,49.654,3.689,Nuit sans éclairage public,Hors agglomération,Hors intersection,Temps couvert,Deux véhicules - frontale,,,,,,,,,,,3,1,1,8,1
200800005903,0008-02-02 08:30:00,8,2,2,8,30,20,262,,,,Plein jour,Hors agglomération,Hors intersection,Normale,Autre collision,,,,,,,,,,,1,1,1,1,6
200800005904,0008-02-08 08:00:00,8,2,8,8,0,20,820,CD 338,,,Plein jour,En agglomération,Hors intersection,Normale,Deux véhicules - frontale,,,,,,,,,,,1,2,1,1,1
200800005905,0008-02-28 11:30:00,8,2,28,11,30,20,820,,,,Plein jour,Hors agglomération,Hors intersection,Pluie forte,Deux véhicules - côté,,,,,,,,,,,1,1,1,3,3
200800005906,0008-02-07 19:00:00,8,2,7,19,0,20,786,,,,Crépuscule ou aube,Hors agglomération,Intersection en T,Normale,Deux véhicules - côté,,,,,,,,,,,2,1,3,1,3
200800005907,0008-02-19 11:55:00,8,2,19,11,55,20,217,avenue de framlingham,,,Plein jour,En agglomération,Hors intersection,Normale,Deux véhicules - côté,,,,,,,,,,,1,2,1,1,3
200800005908,0008-02-13 15:00:00,8,2,13,15,0,20,215,12 route de Reims,49.466,3.823,Plein jour,En agglomération,Hors intersection,Normale,Trois véhicules et plus - collisions multiples,,,,,,,,,,,1,2,1,1,5
200800005909,0008-02-14 08:00:00,8,2,14,8,0,20,475,,,,Plein jour,Hors agglomération,Hors intersection,Brouillard / fumée,Deux véhicules - arrière,,,,,,,,,,,1,1,1,5,2
200800005910,0008-02-02 23:00:00,8,2,2,23,0,20,676,,49.544,3.869,Nuit sans éclairage public,Hors agglomération,Hors intersection,Normale,Sans collision,,,,,,,,,,,3,1,1,1,7
200800005911,0008-02-20 01:15:00,8,2,20,1,15,20,292,Ave Ernest COUVRECEL,49.042,3.417,Nuit avec éclairage allumé,En agglomération,Giratoire,Normale,Autre collision,,,,,,,,,,,5,2,6,1,6
200800005912,0008-02-19 16:15:00,8,2,19,16,15,20,163,,48.969,3.284,Plein jour,Hors agglomération,Hors intersection,Normale,Autre collision,,,,,,,,,,,1,1,1,1,6
200800005913,0008-02-01 17:30:00,8,2,1,17,30,20,710,rue du Moulin,,,Plein jour,En agglomération,Hors intersection,Normale,Autre collision,,,,,,,,,,,1,2,1,1,6
200800005914,0008-02-03 14:00:00,8,2,3,14,0,20,614,Hameau de la Raperie,,,Plein jour,En agglomération,Hors intersection,Normale,Autre collision,,,,,,,,,,,1,2,1,1,6
200800005915,0008-02-14 18:30:00,8,2,14,18,30,20,65,,49.925,3.254,Nuit sans éclairage public,Hors agglomération,Hors intersection,Temps couvert,Deux véhicules - frontale,,,,,,,,,,,3,1,1,8,1
200800005916,0008-02-07 09:30:00,8,2,7,9,30,20,575,,49.827,3.538,Plein jour,Hors agglomération,Hors intersection,Brouillard / fumée,Deux véhicules - frontale,,,,,,,,,,,1,1,1,5,1
200800005917,0008-02-16 05:15:00,8,2,16,5,15,20,639,,49.723,3.277,Nuit sans éclairage public,Hors agglomération,Hors intersection,Normale,Sans collision,,,,,,,,,,,3,1,1,1,7
200800005918,0008-02-01 07:45:00,8,2,1,7,45,20,131,,49.387,3.416,Crépuscule ou aube,Hors agglomération,Hors intersection,Normale,Deux véhicules - arrière,,,,,,,,,,,2,1,1,1,2
200800005919,0008-02-07 09:00:00,8,2,7,9,0,20,780,,49.371,3.373,Plein jour,Hors agglomération,Hors intersection,Brouillard / fumée,Trois véhicules et plus - en chaîne,,,,,,,,,,,1,1,1,5,4
200800005920,0008-02-10 17:45:00,8,2,10,17,45,20,226,911 rue gambetta,49.349,3.312,Plein jour,En agglomération,Hors intersection,Normale,Autre collision,,,,,,,,,,,1,2,1,1,6
200800005921,0008-02-09 15:45:00,8,2,9,15,45,20,131,,49.4,3.369,Plein jour,Hors agglomération,Hors intersection,Normale,Autre collision,,,,,,,,,,,1,1,1,1,6
200800005922,0008-02-16 15:15:00,8,2,16,15,15,20,758,carrefour bd  Carra St C,49.41,3.51,Plein jour,En agglomération,Intersection à plus de 4 branches,Normale,Deux véhicules - frontale,,,,,,,,,,,1,2,5,1,1
200800005923,0008-02-16 00:10:00,8,2,16,0,10,20,810,,,,Nuit sans éclairage public,Hors agglomération,Hors intersection,Normale,Autre collision,,,,,,,,,,,3,1,1,1,6
200800005924,0008-02-19 18:15:00,8,2,19,18,15,20,514,,,,Nuit sans éclairage public,Hors agglomération,Hors intersection,Pluie légère,Deux véhicules - frontale,,,,,,,,,,,3,1,1,2,1
200800005925,0008-02-13 18:15:00,8,2,13,18,15,20,433,rue du Chateau,,,Nuit avec éclairage allumé,En agglomération,Hors intersection,Normale,Deux véhicules - frontale,,,,,,,,,,,5,2,1,1,1
200800005926,0008-02-06 16:00:00,8,2,6,16,0,20,558,,50.022,3.783,Plein jour,En agglomération,Hors intersection,Normale,Autre collision,,,,,,,,,,,1,2,1,1,6
200800005927,0008-02-09 10:00:00,8,2,9,10,0,20,141,90 rue du Gel de Gaulle,49.981,3.918,Plein jour,En agglomération,Hors intersection,Normale,Autre collision,,,,,,,,,,,1,2,1,1,6
200800005928,0008-02-10 16:30:00,8,2,10,16,30,20,681,,,,Plein jour,Hors agglomération,Hors intersection,Temps éblouissant,Sans collision,,,,,,,,,,,1,1,1,7,7
200800005929,0008-02-07 23:30:00,8,2,7,23,30,600,461,,,,Nuit sans éclairage public,Hors agglomération,Hors intersection,Temps couvert,Sans collision,,,,,,,,,,,3,1,1,8,7
200800005930,0008-02-16 18:30:00,8,2,16,18,30,600,628,,,,Nuit sans éclairage public,Hors agglomération,Hors intersection,Normale,Sans collision,,,,,,,,,,,3,1,1,1,7
200800005931,0008-02-19 08:00:00,8,2,19,8,0,600,703,,,,Crépuscule ou aube,Hors agglomération,Hors intersection,Autre,Trois véhicules et plus - collisions multiples,,,,,,,,,,,2,1,1,9,5
200800005932,0008-02-07 18:00:00,8,2,7,18,0,600,344,lieu dit Trou Jumelle,,,Plein jour,En agglomération,Hors intersection,Normale,Deux véhicules - frontale,,,,,,,,,,,1,2,1,1,1