accident_id,datetime,annee,mois,jour,heure,minute,departement,commune_insee,adresse,latitude,longitude,luminosite,agglomeration,intersection,meteo,collision,nb_vehicules,nb_usagers,nb_indemnes,nb_tues,nb_blesses_hosp,nb_blesses_legers,age_cond_1,age_cond_2,veh_type_cond_1,veh_type_cond_2,lum_code,agg_code,int_code,atm_code,col_code
200800005933,0008-02-10 16:30:00,8,2,10,16,30,600,616,RUE PIERRE EUGENE BOYER,,,Nuit avec éclairage allumé,En agglomération,Hors intersection,Normale,Autre collision,,,,,,,,,,,5,2,1,1,6
200800005934,0008-02-20 18:00:00,8,2,20,18,0,600,649,,49.388,1.966,Nuit sans éclairage public,Hors agglomération,Hors intersection,Normale,Autre collision,,,,,,,,,,,3,1,1,1,6
200800005935,0008-02-26 23:15:00,8,2,26,23,15,600,577,,49.427,1.801,Nuit sans éclairage public,Hors agglomération,Hors intersection,Normale,Sans collision,,,,,,,,,,,3,1,1,1,7
200800005936,0008-02-29 17:00:00,8,2,29,17,0,600,333,RUE D'HODENC,49.45,1.9,Nuit avec éclairage allumé,En agglomération,Hors intersection,Normale,Deux véhicules - frontale,,,,,,,,,,,5,2,1,1,1
200800005937,0008-02-02 20:15:00,8,2,2,20,15,600,363,,,,Nuit sans éclairage public,Hors agglomération,Hors intersection,Normale,Deux véhicules - frontale,,,,,,,,,,,3,1,1,1,1
200800005938,0008-02-04 19:00:00,8,2,4,19,0,600,363,,,,Nuit sans éclairage public,Hors agglomération,Giratoire,Normale,Deux véhicules - côté,,,,,,,,,,,3,1,6,1,3
200800005939,0008-02-19 07:30:00,8,2,19,7,30,600,90,,,,Plein jour,Hors agglomération,Hors intersection,Normale,Deux véhicules - côté,,,,,,,,,,,1,1,1,1,3
200800005940,0008-02-21 16:00:00,8,2,21,16,0,600,143,,,,Plein jour,Hors agglomération,Hors intersection,Normale,Deux véhicules - côté,,,,,,,,,,,1,1,1,1,3
200800005941,0008-02-03 14:30:00,8,2,3,14,30,600,286,Rue St Fuscien,,,Plein jour,En agglomération,Hors intersection,Normale,Deux véhicules - arrière,,,,,,,,,,,1,2,1,1,2
200800005942,0008-02-09 12:15:00,8,2,9,12,15,600,623,place du franc marche,,,Plein jour,En agglomération,Place,Normale,Autre collision,,,,,,,,,,,1,2,7,1,6
200800005943,0008-02-22 11:30:00,8,2,22,11,30,600,444,,,,Plein jour,Hors agglomération,Hors intersection,Normale,Autre collision,,,,,,,,,,,1,1,1,1,6
200800005944,0008-02-24 17:00:00,8,2,24,17,0,600,1,,,,Plein jour,Hors agglomération,Hors intersection,Normale,Autre collision,,,,,,,,,,,1,1,1,1,6
200800005945,0008-02-28 17:45:00,8,2,28,17,45,600,604,,,,Crépuscule ou aube,Hors agglomération,Hors intersection,Normale,Deux véhicules - côté,,,,,,,,,,,2,1,1,1,3
200800005946,0008-02-06 09:30:00,8,2,6,9,30,600,395,rue Aristide briand,,,Plein jour,En agglomération,Hors intersection,Normale,Trois véhicules et plus - en chaîne,,,,,,,,,,,1,2,1,1,4
200800005947,0008-02-07 16:30:00,8,2,7,16,30,600,246,Rue des Hauts de FOSSEUS,,,Plein jour,En agglomération,Hors intersection,Normale,Autre collision,,,,,,,,,,,1,2,1,1,6
200800005948,0008-02-21 12:30:00,8,2,21,12,30,600,395,,,,Plein jour,Hors agglomération,Hors intersection,Normale,Deux véhicules - frontale,,,,,,,,,,,1,1,1,1,1
200800005949,0008-02-15 12:00:00,8,2,15,12,0,600,106,,,,Plein jour,Hors agglomération,Hors intersection,Temps couvert,Trois véhicules et plus - collisions multiples,,,,,,,,,,,1,1,1,8,5
200800005950,0008-02-28 18:00:00,8,2,28,18,0,600,562,,,,Crépuscule ou aube,Hors agglomération,Hors intersection,Pluie légère,Deux véhicules - frontale,,,,,,,,,,,2,1,1,2,1
200800005951,0008-02-01 08:15:00,8,2,1,8,15,600,439,,49.313,2.328,Crépuscule ou aube,Hors agglomération,Intersection en X,Normale,Deux véhicules - côté,,,,,,,,,,,2,1,2,1,3
200800005952,0008-02-23 16:15:00,8,2,23,16,15,600,439,04 Rue Jean Jaures,,,Plein jour,En agglomération,Hors intersection,Normale,Autre collision,,,,,,,,,,,1,2,1,1,6
200800005953,0008-02-11 15:00:00,8,2,11,15,0,600,151,Carrefour D130 et D81,49.442,2.879,Plein jour,En agglomération,Intersection en X,Normale,Deux véhicules - côté,,,,,,,,,,,1,2,2,1,3
200800005954,0008-02-19 10:15:00,8,2,19,10,15,600,423,,49.489,2.906,Plein jour,Hors agglomération,Hors intersection,Normale,Sans collision,,,,,,,,,,,1,1,1,1,7
200800005955,0008-02-21 12:15:00,8,2,21,12,15,600,64,,49.416,2.971,Plein jour,Hors agglomération,Hors intersection,Temps couvert,Deux véhicules - côté,,,,,,,,,,,1,1,1,8,3
200800005956,0008-02-07 16:15:00,8,2,7,16,15,600,166,,,,Plein jour,Hors agglomération,Hors intersection,Normale,Deux véhicules - frontale,,,,,,,,,,,1,1,1,1,1
200800005957,0008-02-07 14:45:00,8,2,7,14,45,600,533,,,,Plein jour,Hors agglomération,Hors intersection,Normale,Autre collision,,,,,,,,,,,1,1,1,1,6
200800005958,0008-02-13 21:30:00,8,2,13,21,30,600,278,,,,Nuit sans éclairage public,Hors agglomération,Hors intersection,Normale,Deux véhicules - frontale,,,,,,,,,,,3,1,1,1,1
200800005959,0008-02-08 18:15:00,8,2,8,18,15,600,139,route de Beaumont,,,Nuit avec éclairage allumé,En agglomération,Hors intersection,Normale,Deux véhicules - côté,,,,,,,,,,,5,2,1,1,3
200800005960,0008-02-11 07:00:00,8,2,11,7,0,600,141,avenue du General Lecle,,,Crépuscule ou aube,En agglomération,Hors intersection,Autre,Deux véhicules - frontale,,,,,,,,,,,2,2,1,9,1
200800005961,0008-02-07 15:30:00,8,2,7,15,30,600,589,,49.232,2.457,Plein jour,Hors agglomération,Hors intersection,Normale,Deux véhicules - frontale,,,,,,,,,,,1,1,1,1,1
200800005962,0008-02-02 10:45:00,8,2,2,10,45,600,272,,,,Plein jour,Hors agglomération,Hors intersection,Autre,Deux véhicules - frontale,,,,,,,,,,,1,1,1,9,1
200800005963,0008-02-29 08:30:00,8,2,29,8,30,760,367,RUE DU PLEIN BOSC,,,Plein jour,En agglomération,Hors intersection,Normale,Deux véhicules - côté,,,,,,,,,,,1,2,1,1,3
200800005964,0008-02-09 15:15:00,8,2,9,15,15,760,443,,,,Plein jour,Hors agglomération,Hors intersection,Normale,Sans collision,,,,,,,,,,,1,1,1,1,7
200800005965,0008-02-26 14:00:00,8,2,26,14,0,760,39,,49.335,1.122,Nuit sans éclairage public,Hors agglomération,Hors intersection,Pluie légère,Sans collision,,,,,,,,,,,3,1,1,2,7
200800005966,0008-02-16 09:45:00,8,2,16,9,45,760,401,rue de la republique,49.486,0.774,Plein jour,En agglomération,Hors intersection,Normale,Deux véhicules - côté,,,,,,,,,,,1,2,1,1,3
200800005967,0008-02-18 09:30:00,8,2,18,9,30,760,222,,49.527,0.714,Plein jour,Hors agglomération,Hors intersection,Normale,Deux véhicules - arrière,,,,,,,,,,,1,1,1,1,2
200800005968,0008-02-27 18:00:00,8,2,27,18,0,760,401,,49.442,0.675,Plein jour,Hors agglomération,Hors intersection,Normale,Sans collision,,,,,,,,,,,1,1,1,1,7
200800005969,0008-02-28 14:00:00,8,2,28,14,0,760,636,route du paulu,49.507,0.932,Plein jour,En agglomération,Hors intersection,Normale,Autre collision,,,,,,,,,,,1,2,1,1,6
200800005970,0008-02-05 19:00:00,8,2,5,19,0,760,258,,49.655,0.576,Nuit sans éclairage public,Hors agglomération,Hors intersection,Temps couvert,Deux véhicules - arrière,,,,,,,,,,,3,1,1,8,2
200800005971,0008-02-26 07:30:00,8,2,26,7,30,760,751,Route Fauville en Caux,,,Crépuscule ou aube,En agglomération,Hors intersection,Pluie légère,Autre collision,,,,,,,,,,,2,2,1,2,6
200800005972,0008-02-12 14:30:00,8,2,12,14,30,760,239,,49.525,0.306,Plein jour,Hors agglomération,Hors intersection,Temps éblouissant,Autre collision,,,,,,,,,,,1,1,1,7,6
200800005973,0008-02-22 16:15:00,8,2,22,16,15,760,462,rue Pierre CORNEILLE,,,Plein jour,En agglomération,Hors intersection,Normale,Deux véhicules - frontale,,,,,,,,,,,1,2,1,1,1
200800005974,0008-02-03 13:00:00,8,2,3,13,0,760,500,36 RUE DE LA FORET,49.896,1.626,Plein jour,En agglomération,Hors intersection,Normale,Autre collision,,,,,,,,,,,1,2,1,1,6
200800005975,0008-02-15 16:00:00,8,2,15,16,0,760,344,route de la scierie,49.749,1.734,Plein jour,En agglomération,Hors intersection,Normale,Deux véhicules - frontale,,,,,,,,,,,1,2,1,1,1
200800005976,0008-02-25 15:30:00,8,2,25,15,30,760,672,route de Neufchatel,49.629,1.539,Plein jour,En agglomération,Intersection en T,Temps couvert,Deux véhicules - arrière,,,,,,,,,,,1,2,3,8,2
200800005977,0008-02-12 15:00:00,8,2,12,15,0,760,57,rue Jean JAURES,,,Plein jour,En agglomération,Hors intersection,Normale,Deux véhicules - frontale,,,,,,,,,,,1,2,1,1,1
200800005978,0008-02-07 07:30:00,8,2,7,7,30,760,480,,49.799,0.663,Crépuscule ou aube,Hors agglomération,Intersection en X,Normale,Deux véhicules - frontale,,,,,,,,,,,2,1,2,1,1
200800005979,0008-02-13 15:15:00,8,2,13,15,15,760,13,,49.782,0.502,Plein jour,Hors agglomération,Hors intersection,Normale,Deux véhicules - arrière,,,,,,,,,,,1,1,1,1,2
200800005980,0008-02-06 18:45:00,8,2,6,18,45,270,165,,,,Nuit sans éclairage public,Hors agglomération,Hors intersection,Normale,Deux véhicules - côté,,,,,,,,,,,3,1,1,1,3
200800005981,0008-02-08 17:45:00,8,2,8,17,45,270,242,,,,Plein jour,Hors agglomération,Intersection en X,Normale,Deux véhicules - côté,,,,,,,,,,,1,1,2,1,3
200800005982,0008-02-20 16:45:00,8,2,20,16,45,270,166,,,,Plein jour,Hors agglomération,Hors intersection,Normale,Deux véhicules - frontale,,,,,,,,,,,1,1,1,1,1
200800005983,0008-02-28 11:15:00,8,2,28,11,15,270,104,,,,Plein jour,Hors agglomération,Hors intersection,Pluie légère,Autre collision,,,,,,,,,,,1,1,1,2,6
200800005984,0008-02-01 09:15:00,8,2,1,9,15,270,284,RUE DE LA TROESNE,49.289,1.776,Plein jour,En agglomération,Hors intersection,Normale,Autre collision,,,,,,,,,,,1,2,1,1,6
200800005985,0008-02-05 17:00:00,8,2,5,17,0,270,284,RD 15,,,Plein jour,En agglomération,Hors intersection,Normale,Deux véhicules - frontale,,,,,,,,,,,1,2,1,1,1
200800005986,0008-02-05 15:30:00,8,2,5,15,30,270,56,,,,Plein jour,Hors agglomération,Hors intersection,Temps couvert,Sans collision,,,,,,,,,,,1,1,1,8,7
200800005987,0008-02-13 13:00:00,8,2,13,13,0,270,46,,,,Plein jour,Hors agglomération,Hors intersection,Normale,Autre collision,,,,,,,,,,,1,1,1,1,6
200800005988,0008-02-29 23:45:00,8,2,29,23,45,270,117,,48.994,0.522,Nuit sans éclairage public,Hors agglomération,Hors intersection,Pluie légère,Sans collision,,,,,,,,,,,3,1,1,2,7
200800005989,0008-02-24 13:30:00,8,2,24,13,30,270,116,CD 588,,,Plein jour,En agglomération,Hors intersection,Normale,Sans collision,,,,,,,,,,,1,2,1,1,7
200800005990,0008-02-26 19:00:00,8,2,26,19,0,270,109,,49.118,0.85,Nuit sans éclairage public,Hors agglomération,Hors intersection,Normale,Trois véhicules et plus - collisions multiples,,,,,,,,,,,3,1,1,1,5
200800005991,0008-02-28 15:45:00,8,2,28,15,45,270,95,,,,Plein jour,Hors agglomération,Hors intersection,Pluie légère,Deux véhicules - frontale,,,,,,,,,,,1,1,1,2,1
200800005992,0008-02-16 15:15:00,8,2,16,15,15,270,188,,49.298,1.119,Plein jour,Hors agglomération,Hors intersection,Normale,Sans collision,,,,,,,,,,,1,1,1,1,7
200800005993,0008-02-11 19:00:00,8,2,11,19,0,270,192,,,,Nuit sans éclairage public,Hors agglomération,Hors intersection,Normale,Deux véhicules - côté,,,,,,,,,,,3,1,1,1,3
200800005994,0008-02-09 09:15:00,8,2,9,9,15,270,90,rue de la galissoniere,,,Plein jour,En agglomération,Hors intersection,Normale,Deux véhicules - côté,,,,,,,,,,,1,2,1,1,3
200800005995,0008-02-08 21:15:00,8,2,8,21,15,270,133,,,,Nuit avec éclairage allumé,Hors agglomération,Hors intersection,Normale,Autre collision,,,,,,,,,,,5,1,1,1,6
200800005996,0008-02-15 17:15:00,8,2,15,17,15,270,92,,,,Plein jour,Hors agglomération,Hors intersection,Temps couvert,Trois véhicules et plus - collisions multiples,,,,,,,,,,,1,1,1,8,5
200800005997,0008-02-25 11:45:00,8,2,25,11,45,270,413,Rue St Pierre,49.305,0.657,Plein jour,En agglomération,Hors intersection,Normale,Deux véhicules - côté,,,,,,,,,,,1,2,1,1,3
200800005998,0008-02-14 11:15:00,8,2,14,11,15,350,47,,,,Plein jour,Hors agglomération,Hors intersection,Normale,Deux véhicules - frontale,,,,,,,,,,,1,1,1,1,1
200800005999,0008-02-18 17:15:00,8,2,18,17,15,350,37,41 rue de Montfort,,,Plein jour,En agglomération,Hors intersection,Normale,Deux véhicules - côté,,,,,,,,,,,1,2,1,1,3
200800006000,0008-02-28 08:00:00,8,2,28,8,0,350,240,,,,Plein jour,Hors agglomération,Hors intersection,Pluie légère,Deux véhicules - arrière,,,,,,,,,,,1,1,1,2,2
200800006001,0008-02-09 10:15:00,8,2,9,10,15,350,236,rue Joseph Desmars,,,Plein jour,En agglomération,Giratoire,Autre,Autre collision,,,,,,,,,,,1,2,6,9,6
200800006002,0008-02-06 14:30:00,8,2,6,14,30,350,236,RUE JACQUES CARTIER,47.648,-2.094,Plein jour,En agglomération,Hors intersection,Normale,Deux véhicules - côté,,,,,,,,,,,1,2,1,1,3
200800006003,0008-02-14 14:15:00,8,2,14,14,15,350,236,,,,Plein jour,Hors agglomération,Hors intersection,Normale,Deux véhicules - arrière,,,,,,,,,,,1,1,1,1,2
200800006004,0008-02-09 16:45:00,8,2,9,16,45,350,89,,,,Plein jour,Hors agglomération,Hors intersection,Normale,Deux véhicules - arrière,,,,,,,,,,,1,1,1,1,2
200800006005,0008-02-09 17:30:00,8,2,9,17,30,350,219,,47.828,-1.885,Plein jour,Hors agglomération,Hors intersection,Normale,Autre collision,,,,,,,,,,,1,1,1,1,6
200800006006,0008-02-12 07:45:00,8,2,12,7,45,350,126,,47.95,-1.828,Crépuscule ou aube,Hors agglomération,Hors intersection,Normale,Trois véhicules et plus - collisions multiples,,,,,,,,,,,2,1,1,1,5
200800006007,0008-02-23 06:30:00,8,2,23,6,30,350,149,,,,Plein jour,Hors agglomération,Hors intersection,Normale,Deux véhicules - frontale,,,,,,,,,,,1,1,1,1,1
200800006008,0008-02-26 18:30:00,8,2,26,18,30,350,139,,,,Plein jour,En agglomération,Hors intersection,Normale,Autre collision,,,,,,,,,,,1,2,1,1,6
200800006009,0008-02-02 09:00:00,8,2,2,9,0,350,179,,,,Plein jour,Hors agglomération,Hors intersection,Normale,Sans collision,,,,,,,,,,,1,1,1,1,7
200800006010,0008-02-23 15:45:00,8,2,23,15,45,350,284,,,,Plein jour,Hors agglomération,Hors intersection,Normale,Deux véhicules - côté,,,,,,,,,,,1,1,1,1,3
200800006011,0008-02-28 20:00:00,8,2,28,20,0,350,224,,,,Nuit sans éclairage public,Hors agglomération,Hors intersection,Normale,Deux véhicules - frontale,,,,,,,,,,,3,1,1,1,1
200800006012,0008-02-29 18:15:00,8,2,29,18,15,350,116,,,,Plein jour,Hors agglomération,Hors intersection,Normale,Deux véhicules - côté,,,,,,,,,,,1,1,1,1,3
200800006013,0008-02-06 16:45:00,8,2,6,16,45,350,95,,48.553,-1.755,Plein jour,Hors agglomération,Hors intersection,Temps éblouissant,Deux véhicules - côté,,,,,,,,,,,1,1,1,7,3
200800006014,0008-02-21 10:15:00,8,2,21,10,15,350,95,BOULEVARD DE NORMANDIE,48.554,-1.75,Plein jour,En agglomération,Hors intersection,Temps couvert,Deux véhicules - frontale,,,,,,,,,,,1,2,1,8,1
200800006015,0008-02-04 18:30:00,8,2,4,18,30,350,327,,,,Crépuscule ou aube,Hors agglomération,Hors intersection,Normale,Deux véhicules - frontale,,,,,,,,,,,2,1,1,1,1
200800006016,0008-02-25 08:00:00,8,2,25,8,0,350,88,,47.991,-1.578,Crépuscule ou aube,Hors agglomération,Hors intersection,Pluie légère,Deux véhicules - frontale,,,,,,,,,,,2,1,1,2,1
200800006017,0008-02-26 09:15:00,8,2,26,9,15,350,108,,,,Plein jour,Hors agglomération,Hors intersection,Normale,Deux véhicules - frontale,,,,,,,,,,,1,1,1,1,1
200800006018,0008-02-03 07:30:00,8,2,3,7,30,220,55,,,,Nuit sans éclairage public,Hors agglomération,Hors intersection,Normale,Autre collision,,,,,,,,,,,3,1,1,1,6
200800006019,0008-02-27 11:00:00,8,2,27,11,0,220,121,Rue de la gare,,,Plein jour,En agglomération,Hors intersection,Pluie légère,Deux véhicules - arrière,,,,,,,,,,,1,2,1,2,2
200800006020,0008-02-13 14:30:00,8,2,13,14,30,220,93,rue Marechal Foch,48.476,-2.502,Plein jour,En agglomération,Hors intersection,Autre,Deux véhicules - côté,,,,,,,,,,,1,2,1,9,3
200800006021,0008-02-14 19:15:00,8,2,14,19,15,220,93,AVENUE G. CLEMENCEAU,,,Nuit avec éclairage allumé,En agglomération,Hors intersection,Normale,Deux véhicules - côté,,,,,,,,,,,5,2,1,1,3
200800006022,0008-02-27 09:30:00,8,2,27,9,30,220,136,,48.275,-2.79,Plein jour,Hors agglomération,Hors intersection,Pluie forte,Sans collision,,,,,,,,,,,1,1,1,3,7
200800006023,0008-02-24 14:00:00,8,2,24,14,0,220,84,,48.402,-2.334,Plein jour,Hors agglomération,Hors intersection,Normale,Deux véhicules - côté,,,,,,,,,,,1,1,1,1,3
200800006024,0008-02-13 16:00:00,8,2,13,16,0,220,200,,48.488,-2.335,Plein jour,Hors agglomération,Hors intersection,Temps éblouissant,Deux véhicules - côté,,,,,,,,,,,1,1,1,7,3
200800006025,0008-02-23 05:15:00,8,2,23,5,15,220,172,08 Rue du Pont,,,Nuit avec éclairage allumé,En agglomération,Hors intersection,Normale,Sans collision,,,,,,,,,,,5,2,1,1,7
200800006026,0008-02-24 22:30:00,8,2,24,22,30,220,209,,,,Nuit sans éclairage public,Hors agglomération,Hors intersection,Normale,Autre collision,,,,,,,,,,,3,1,1,1,6
200800006027,0008-02-14 15:45:00,8,2,14,15,45,220,102,,,,Plein jour,Hors agglomération,Hors intersection,Normale,Deux véhicules - côté,,,,,,,,,,,1,1,1,1,3
200800006028,0008-02-20 12:15:00,8,2,20,12,15,220,183,,48.175,-2.585,Plein jour,Hors agglomération,Hors intersection,Normale,Trois véhicules et plus - collisions multiples,,,,,,,,,,,1,1,1,1,5
200800006029,0008-02-21 08:45:00,8,2,21,8,45,220,223,,,,Plein jour,Hors agglomération,Hors intersection,Normale,Deux véhicules - frontale,,,,,,,,,,,1,1,1,1,1
200800006030,0008-02-07 17:45:00,8,2,7,17,45,220,248,,,,Plein jour,Hors agglomération,Hors intersection,Temps éblouissant,Deux véhicules - frontale,,,,,,,,,,,1,1,1,7,1
200800006031,0008-02-01 07:45:00,8,2,1,7,45,220,113,,48.758,-3.515,Nuit sans éclairage public,Hors agglomération,Hors intersection,Pluie légère,Deux véhicules - frontale,,,,,,,,,,,3,1,1,2,1
200800006032,0008-02-09 11:00:00,8,2,9,11,0,220,152,,,,Plein jour,Hors agglomération,Hors intersection,Normale,Deux véhicules - côté,,,,,,,,,,,1,1,1,1,3
200800006033,0008-02-16 18:00:00,8,2,16,18,0,220,247,,,,Plein jour,Hors agglomération,Hors intersection,Temps éblouissant,Deux véhicules - côté,,,,,,,,,,,1,1,1,7,3
200800006034,0008-02-28 17:00:00,8,2,28,17,0,220,141,,48.712,-3.301,Plein jour,Hors agglomération,Hors intersection,Temps couvert,Deux véhicules - côté,,,,,,,,,,,1,1,1,8,3
200800006035,0008-02-16 15:15:00,8,2,16,15,15,290,108,,,,Plein jour,Hors agglomération,Intersection en T,Normale,Trois véhicules et plus - collisions multiples,,,,,,,,,,,1,1,3,1,5
200800006036,0008-02-13 09:30:00,8,2,13,9,30,290,46,RUE LAENNEC,48.093,-4.324,Plein jour,En agglomération,Hors intersection,Autre,Autre collision,,,,,,,,,,,1,2,1,9,6
200800006037,0008-02-13 16:15:00,8,2,13,16,15,290,247,,47.939,-3.994,Plein jour,Hors agglomération,Hors intersection,Normale,Deux véhicules - côté,,,,,,,,,,,1,1,1,1,3
200800006038,0008-02-26 10:30:00,8,2,26,10,30,290,58,Rue de Kergoadig,47.902,-4.013,Plein jour,En agglomération,Hors intersection,Normale,Autre collision,,,,,,,,,,,1,2,1,1,6
200800006039,0008-02-10 15:00:00,8,2,10,15,0,290,171,Allee de Bremillec,,,Plein jour,En agglomération,Hors intersection,Normale,Deux véhicules - frontale,,,,,,,,,,,1,2,1,1,1
200800006040,0008-02-18 15:00:00,8,2,18,15,0,290,220,,,,Plein jour,Hors agglomération,Hors intersection,Normale,Autre collision,,,,,,,,,,,1,1,1,1,6
200800006041,0008-02-22 05:30:00,8,2,22,5,30,290,37,,,,Nuit sans éclairage public,Hors agglomération,Hors intersection,Normale,Deux véhicules - frontale,,,,,,,,,,,3,1,1,1,1
200800006042,0008-02-13 17:30:00,8,2,13,17,30,290,103,Tour d'Auvergne,48.459,-4.242,Plein jour,En agglomération,Hors intersection,Normale,Deux véhicules - arrière,,,,,,,,,,,1,2,1,1,2
200800006043,0008-02-22 17:00:00,8,2,22,17,0,290,93,,48.579,-4.392,Plein jour,Hors agglomération,Hors intersection,Normale,Deux véhicules - côté,,,,,,,,,,,1,1,1,1,3
200800006044,0008-02-29 18:15:00,8,2,29,18,15,290,208,,48.485,-4.661,Crépuscule ou aube,Hors agglomération,Hors intersection,Normale,Deux véhicules - côté,,,,,,,,,,,2,1,1,1,3
200800006045,0008-02-29 18:00:00,8,2,29,18,0,290,26,,48.23,-4.077,Crépuscule ou aube,Hors agglomération,Hors intersection,Pluie légère,Deux véhicules - frontale,,,,,,,,,,,2,1,1,2,1
200800006046,0008-02-16 17:45:00,8,2,16,17,45,290,162,,48.241,-4.103,Plein jour,Hors agglomération,Hors intersection,Normale,Autre collision,,,,,,,,,,,1,1,1,1,6
200800006047,0008-02-02 12:00:00,8,2,2,12,0,290,120,,48.282,-4.486,Plein jour,Hors agglomération,Hors intersection,Normale,Autre collision,,,,,,,,,,,1,1,1,1,6
200800006048,0008-02-09 19:00:00,8,2,9,19,0,290,22,,48.276,-4.588,Plein jour,Hors agglomération,Giratoire,Normale,Deux véhicules - côté,,,,,,,,,,,1,1,6,1,3
200800006049,0008-02-02 15:30:00,8,2,2,15,30,290,277,Rue de Cornouaille,,,Plein jour,En agglomération,Hors intersection,Normale,Autre collision,,,,,,,,,,,1,2,1,1,6
200800006050,0008-02-11 07:30:00,8,2,11,7,30,290,10,,48.514,-4.103,Crépuscule ou aube,Hors agglomération,Autre intersection,Normale,Deux véhicules - arrière,,,,,,,,,,,2,1,9,1,2
200800006051,0008-02-24 22:30:00,8,2,24,22,30,290,74,,48.008,-4.0,Nuit sans éclairage public,Hors agglomération,Hors intersection,Normale,Sans collision,,,,,,,,,,,3,1,1,1,7
200800006052,0008-02-25 18:45:00,8,2,25,18,45,290,105,,48.559,-4.059,Crépuscule ou aube,Hors agglomération,Intersection en T,Normale,Deux véhicules - côté,,,,,,,,,,,2,1,3,1,3
200800006053,0008-02-22 07:30:00,8,2,22,7,30,290,30,,48.651,-4.112,Crépuscule ou aube,Hors agglomération,Hors intersection,Normale,Deux véhicules - côté,,,,,,,,,,,2,1,1,1,3
200800006054,0008-02-27 20:30:00,8,2,27,20,30,290,30,rue de l'armorique,48.669,-4.102,Nuit avec éclairage allumé,En agglomération,Intersection en T,Normale,Deux véhicules - frontale,,,,,,,,,,,5,2,3,1,1
200800006055,0008-02-19 17:45:00,8,2,19,17,45,560,206,,47.69,-2.749,Plein jour,Hors agglomération,Hors intersection,Pluie légère,Deux véhicules - arrière,,,,,,,,,,,1,1,1,2,2
200800006056,0008-02-09 02:30:00,8,2,9,2,30,560,149,,,,Nuit sans éclairage public,Hors agglomération,Hors intersection,Normale,Autre collision,,,,,,,,,,,3,1,1,1,6
200800006057,0008-02-06 07:45:00,8,2,6,7,45,560,36,,47.833,-3.339,Crépuscule ou aube,Hors agglomération,Hors intersection,Normale,Deux véhicules - frontale,,,,,,,,,,,2,1,1,1,1
200800006058,0008-02-19 17:45:00,8,2,19,17,45,560,176,,47.682,-2.947,Plein jour,Hors agglomération,Hors intersection,Normale,Deux véhicules - frontale,,,,,,,,,,,1,1,1,1,1
200800006059,0008-02-22 19:30:00,8,2,22,19,30,560,234,CD 768 avenue saint malo,,,Nuit avec éclairage allumé,En agglomération,Hors intersection,Normale,Trois véhicules et plus - en chaîne,,,,,,,,,,,5,2,1,1,4
200800006060,0008-02-01 17:15:00,8,2,1,17,15,560,78,5 RUE JULES VERNES,47.793,-3.487,Plein jour,En agglomération,Hors intersection,Normale,Autre collision,,,,,,,,,,,1,2,1,1,6
200800006061,0008-02-06 16:45:00,8,2,6,16,45,560,193,route de port louis,47.71,-3.33,Plein jour,En agglomération,Hors intersection,Temps éblouissant,Autre collision,,,,,,,,,,,1,2,1,7,6
200800006062,0008-02-27 19:45:00,8,2,27,19,45,560,193,,47.71,-3.29,Nuit avec éclairage allumé,Hors agglomération,Hors intersection,Pluie légère,Autre collision,,,,,,,,,,,5,1,1,2,6
200800006063,0008-02-15 16:15:00,8,2,15,16,15,560,127,,,,Plein jour,Hors agglomération,Hors intersection,Normale,Deux véhicules - côté,,,,,,,,,,,1,1,1,1,3
200800006064,0008-02-02 21:45:00,8,2,2,21,45,560,244,,47.81,-2.465,Nuit sans éclairage public,Hors agglomération,Hors intersection,Normale,Autre collision,,,,,,,,,,,3,1,1,1,6
200800006065,0008-02-15 22:15:00,8,2,15,22,15,560,163,,48.102,-3.314,Nuit sans éclairage public,Hors agglomération,Hors intersection,Normale,Autre collision,,,,,,,,,,,3,1,1,1,6
200800006066,0008-02-24 15:15:00,8,2,24,15,15,560,10,,47.939,-2.847,Plein jour,Hors agglomération,Hors intersection,Normale,Autre collision,,,,,,,,,,,1,1,1,1,6
200800006067,0008-02-22 10:00:00,8,2,22,10,0,560,57,,48.043,-3.483,Plein jour,Hors agglomération,Hors intersection,Normale,Deux véhicules - frontale,,,,,,,,,,,1,1,1,1,1
200800006068,0008-02-03 02:30:00,8,2,3,2,30,140,456,,49.121,-0.171,Nuit sans éclairage public,Hors agglomération,Hors intersection,Normale,Sans collision,,,,,,,,,,,3,1,1,1,7
200800006069,0008-02-23 20:15:00,8,2,23,20,15,140,57,Rue de Paris,49.129,-0.205,Nuit avec éclairage allumé,En agglomération,Hors intersection,Normale,Deux véhicules - côté,,,,,,,,,,,5,2,1,1,3
200800006070,0008-02-27 07:30:00,8,2,27,7,30,140,373,"lieu dit ""la cornardiere",49.107,-0.542,Crépuscule ou aube,En agglomération,Hors intersection,Normale,Deux véhicules - frontale,,,,,,,,,,,2,2,1,1,1