accident_id,datetime,annee,mois,jour,heure,minute,departement,commune_insee,adresse,latitude,longitude,luminosite,agglomeration,intersection,meteo,collision,nb_vehicules,nb_usagers,nb_indemnes,nb_tues,nb_blesses_hosp,nb_blesses_legers,age_cond_1,age_cond_2,veh_type_cond_1,veh_type_cond_2,lum_code,agg_code,int_code,atm_code,col_code
200800006208,0008-02-20 03:15:00,8,2,20,3,15,330,355,,44.67,-0.35,Nuit sans éclairage public,Hors agglomération,Hors intersection,Normale,Sans collision,,,,,,,,,,,3,1,1,1,7
200800006209,0008-02-26 14:45:00,8,2,26,14,45,330,140,Rue Parmentier,44.778,-0.346,Plein jour,En agglomération,Intersection en X,Pluie légère,Deux véhicules - côté,,,,,,,,,,,1,2,2,2,3
200800006210,0008-02-11 15:00:00,8,2,11,15,0,330,77,route des resiniers CD21,,,Plein jour,En agglomération,Hors intersection,Normale,Deux véhicules - frontale,,,,,,,,,,,1,2,1,1,1
200800006211,0008-02-14 16:00:00,8,2,14,16,0,330,501,,,,Plein jour,Hors agglomération,Hors intersection,Normale,Trois véhicules et plus - en chaîne,,,,,,,,,,,1,1,1,1,4
200800006212,0008-02-27 14:45:00,8,2,27,14,45,330,501,,,,Plein jour,Hors agglomération,Hors intersection,Normale,Deux véhicules - frontale,,,,,,,,,,,1,1,1,1,1
200800006213,0008-02-08 12:00:00,8,2,8,12,0,330,366,,45.007,-0.437,Plein jour,Hors agglomération,Hors intersection,Normale,Deux véhicules - frontale,,,,,,,,,,,1,1,1,1,1
200800006214,0008-02-01 15:30:00,8,2,1,15,30,330,227,cours gambetta,44.555,-0.249,Plein jour,En agglomération,Hors intersection,Normale,Sans collision,,,,,,,,,,,1,2,1,1,7
200800006215,0008-02-10 06:15:00,8,2,10,6,15,330,244,,44.443,-0.285,Nuit sans éclairage public,Hors agglomération,Hors intersection,Autre,Autre collision,,,,,,,,,,,3,1,1,9,6
200800006216,0008-02-21 13:15:00,8,2,21,13,15,330,95,,,,Plein jour,Hors agglomération,Hors intersection,Normale,Autre collision,,,,,,,,,,,1,1,1,1,6
200800006217,0008-02-09 18:00:00,8,2,9,18,0,330,379,16 le Bourg Nord,44.702,-0.15,Crépuscule ou aube,En agglomération,Hors intersection,Normale,Deux véhicules - frontale,,,,,,,,,,,2,2,1,1,1
200800006218,0008-02-21 12:30:00,8,2,21,12,30,330,38,,45.358,-0.912,Plein jour,Hors agglomération,Hors intersection,Normale,Deux véhicules - frontale,,,,,,,,,,,1,1,1,1,1
200800006219,0008-02-04 17:00:00,8,2,4,17,0,330,104,Ave Georges Mandel - D1-,,,Plein jour,En agglomération,Intersection en T,Normale,Deux véhicules - côté,,,,,,,,,,,1,2,3,1,3
200800006220,0008-02-01 18:30:00,8,2,1,18,30,330,322,,,,Nuit sans éclairage public,Hors agglomération,Hors intersection,Pluie forte,Deux véhicules - arrière,,,,,,,,,,,3,1,1,3,2
200800006221,0008-02-09 19:30:00,8,2,9,19,30,330,514,"RD101, Lillan",,,Nuit sans éclairage public,En agglomération,Hors intersection,Normale,Autre collision,,,,,,,,,,,3,2,1,1,6
200800006222,0008-02-13 16:15:00,8,2,13,16,15,330,540,,45.362,-1.056,Plein jour,Hors agglomération,Hors intersection,Normale,Deux véhicules - frontale,,,,,,,,,,,1,1,1,1,1
200800006223,0008-02-03 06:15:00,8,2,3,6,15,330,394,,,,Nuit avec éclairage allumé,Hors agglomération,Hors intersection,Normale,Autre collision,,,,,,,,,,,5,1,1,1,6
200800006224,0008-02-01 05:45:00,8,2,1,5,45,330,138,,45.038,-0.083,Nuit sans éclairage public,Hors agglomération,Hors intersection,Normale,Autre collision,,,,,,,,,,,3,1,1,1,6
200800006225,0008-02-17 18:45:00,8,2,17,18,45,330,362,,,,Crépuscule ou aube,Hors agglomération,Hors intersection,Normale,Deux véhicules - frontale,,,,,,,,,,,2,1,1,1,1
200800006226,0008-02-10 02:15:00,8,2,10,2,15,330,365,,,,Nuit sans éclairage public,Hors agglomération,Hors intersection,Temps couvert,Autre collision,,,,,,,,,,,3,1,1,8,6
200800006227,0008-02-28 19:15:00,8,2,28,19,15,330,179,,,,Nuit sans éclairage public,Hors agglomération,Hors intersection,Normale,Deux véhicules - côté,,,,,,,,,,,3,1,1,1,3
200800006228,0008-02-29 16:15:00,8,2,29,16,15,240,2,,,,Plein jour,Hors agglomération,Hors intersection,Normale,Autre collision,,,,,,,,,,,1,1,1,1,6
200800006229,0008-02-03 14:30:00,8,2,3,14,30,240,350,,,,Plein jour,Hors agglomération,Autre intersection,Normale,Autre collision,,,,,,,,,,,1,1,9,1,6
200800006230,0008-02-14 14:30:00,8,2,14,14,30,240,372,,,,Plein jour,Hors agglomération,Hors intersection,Normale,Autre collision,,,,,,,,,,,1,1,1,1,6
200800006231,0008-02-14 19:15:00,8,2,14,19,15,240,103,le bourg,45.2,0.894,Nuit avec éclairage allumé,En agglomération,Hors intersection,Normale,Autre collision,,,,,,,,,,,5,2,1,1,6
200800006232,0008-02-23 18:00:00,8,2,23,18,0,240,202,,45.203,1.14,Plein jour,Hors agglomération,Hors intersection,Normale,Deux véhicules - arrière,,,,,,,,,,,1,1,1,1,2
200800006233,0008-02-19 12:30:00,8,2,19,12,30,240,77,,,,Plein jour,Hors agglomération,Hors intersection,Normale,Autre collision,,,,,,,,,,,1,1,1,1,6
200800006234,0008-02-16 21:00:00,8,2,16,21,0,240,498,,45.55,0.851,Nuit sans éclairage public,Hors agglomération,Hors intersection,Normale,Autre collision,,,,,,,,,,,3,1,1,1,6
200800006235,0008-02-03 11:45:00,8,2,3,11,45,240,526,,,,Plein jour,Hors agglomération,Hors intersection,Normale,Sans collision,,,,,,,,,,,1,1,1,1,7
200800006236,0008-02-01 16:45:00,8,2,1,16,45,240,35,,,,Plein jour,Hors agglomération,Hors intersection,Pluie légère,Autre collision,,,,,,,,,,,1,1,1,2,6
200800006237,0008-02-07 16:30:00,8,2,7,16,30,240,293,,44.804,1.004,Plein jour,Hors agglomération,Hors intersection,Normale,Autre collision,,,,,,,,,,,1,1,1,1,6
200800006238,0008-02-04 15:45:00,8,2,4,15,45,240,552,le bourg,45.028,1.121,Plein jour,En agglomération,Hors intersection,Normale,Deux véhicules - côté,,,,,,,,,,,1,2,1,1,3
200800006239,0008-02-01 19:00:00,8,2,1,19,0,400,283,Route de Guirlet,43.753,-1.001,Nuit avec éclairage allumé,En agglomération,Intersection en X,Temps couvert,Deux véhicules - côté,,,,,,,,,,,5,2,2,8,3
200800006240,0008-02-01 18:45:00,8,2,1,18,45,400,228,,43.627,-0.844,Nuit sans éclairage public,Hors agglomération,Hors intersection,Normale,Trois véhicules et plus - collisions multiples,,,,,,,,,,,3,1,1,1,5
200800006241,0008-02-17 18:15:00,8,2,17,18,15,400,34,,43.597,-1.132,Plein jour,Hors agglomération,Hors intersection,Normale,Deux véhicules - frontale,,,,,,,,,,,1,1,1,1,1
200800006242,0008-02-26 07:15:00,8,2,26,7,15,400,132,CD817 RTE DE PEYREHORADE,43.555,-0.989,Crépuscule ou aube,En agglomération,Hors intersection,Normale,Deux véhicules - frontale,,,,,,,,,,,2,2,1,1,1
200800006243,0008-02-29 16:00:00,8,2,29,16,0,400,213,,,,Plein jour,Hors agglomération,Hors intersection,Normale,Autre collision,,,,,,,,,,,1,1,1,1,6
200800006244,0008-02-01 16:30:00,8,2,1,16,30,400,217,route du lac,,,Plein jour,En agglomération,Hors intersection,Normale,Sans collision,,,,,,,,,,,1,2,1,1,7
200800006245,0008-02-15 19:00:00,8,2,15,19,0,400,46,Av.du marechal Lyaute,,,Nuit avec éclairage allumé,En agglomération,Autre intersection,Normale,Autre collision,,,,,,,,,,,5,2,9,1,6
200800006246,0008-02-04 13:00:00,8,2,4,13,0,400,94,,,,Plein jour,Hors agglomération,Hors intersection,Normale,Deux véhicules - frontale,,,,,,,,,,,1,1,1,1,1
200800006247,0008-02-09 15:30:00,8,2,9,15,30,400,333,,43.969,-0.719,Plein jour,Hors agglomération,Hors intersection,Normale,Deux véhicules - côté,,,,,,,,,,,1,1,1,1,3
200800006248,0008-02-12 18:45:00,8,2,12,18,45,400,19,,44.221,-1.168,Crépuscule ou aube,Hors agglomération,Hors intersection,Normale,Autre collision,,,,,,,,,,,2,1,1,1,6
200800006249,0008-02-16 22:15:00,8,2,16,22,15,400,178,,43.88,-0.447,Nuit sans éclairage public,Hors agglomération,Hors intersection,Normale,Autre collision,,,,,,,,,,,3,1,1,1,6
200800006250,0008-02-10 16:30:00,8,2,10,16,30,470,15,Rue Andre Routier,44.069,0.652,Plein jour,En agglomération,Hors intersection,Normale,Deux véhicules - côté,,,,,,,,,,,1,2,1,1,3
200800006251,0008-02-16 16:30:00,8,2,16,16,30,470,25,,,,Plein jour,Hors agglomération,Hors intersection,Normale,Deux véhicules - arrière,,,,,,,,,,,1,1,1,1,2
200800006252,0008-02-21 08:30:00,8,2,21,8,30,470,157,rue de la liberte,,,Plein jour,En agglomération,Intersection en X,Normale,Deux véhicules - côté,,,,,,,,,,,1,2,2,1,3
200800006253,0008-02-04 12:45:00,8,2,4,12,45,470,301,,44.547,0.301,Plein jour,Hors agglomération,Hors intersection,Normale,Deux véhicules - côté,,,,,,,,,,,1,1,1,1,3
200800006254,0008-02-26 17:30:00,8,2,26,17,30,470,271,,44.645,0.226,Plein jour,Hors agglomération,Hors intersection,Normale,Deux véhicules - côté,,,,,,,,,,,1,1,1,1,3
200800006255,0008-02-14 15:30:00,8,2,14,15,30,470,310,RUE JOFFRE,,,Plein jour,En agglomération,Hors intersection,Normale,Autre collision,,,,,,,,,,,1,2,1,1,6
200800006256,0008-02-21 17:30:00,8,2,21,17,30,470,310,,,,Plein jour,Hors agglomération,Hors intersection,Normale,Autre collision,,,,,,,,,,,1,1,1,1,6
200800006257,0008-02-05 19:45:00,8,2,5,19,45,470,119,,,,Nuit sans éclairage public,Hors agglomération,Hors intersection,Normale,Autre collision,,,,,,,,,,,3,1,1,1,6
200800006258,0008-02-02 14:00:00,8,2,2,14,0,470,203,Avenue de la liberation,,,Plein jour,En agglomération,Hors intersection,Normale,Deux véhicules - arrière,,,,,,,,,,,1,2,1,1,2
200800006259,0008-02-16 20:00:00,8,2,16,20,0,470,146,,,,Nuit sans éclairage public,Hors agglomération,Hors intersection,Normale,Deux véhicules - côté,,,,,,,,,,,3,1,1,1,3
200800006260,0008-02-17 17:00:00,8,2,17,17,0,470,105,,,,Plein jour,Hors agglomération,Hors intersection,Normale,Sans collision,,,,,,,,,,,1,1,1,1,7
200800006261,0008-02-06 20:00:00,8,2,6,20,0,470,36,,,,Nuit sans éclairage public,Hors agglomération,Hors intersection,Brouillard / fumée,Sans collision,,,,,,,,,,,3,1,1,5,7
200800006262,0008-02-23 18:30:00,8,2,23,18,30,470,185,avenue de fumel,,,Plein jour,En agglomération,Hors intersection,Normale,Deux véhicules - côté,,,,,,,,,,,1,2,1,1,3
200800006263,0008-02-24 19:30:00,8,2,24,19,30,470,49,Allees des Cramats,44.448,0.623,Nuit sans éclairage public,En agglomération,Hors intersection,Normale,Deux véhicules - côté,,,,,,,,,,,3,2,1,1,3
200800006264,0008-02-17 19:45:00,8,2,17,19,45,640,67,8 route du pont 64 ASSAT,,,Nuit avec éclairage allumé,En agglomération,Hors intersection,Normale,Autre collision,,,,,,,,,,,5,2,1,1,6
200800006265,0008-02-22 22:15:00,8,2,22,22,15,640,230,avenue  henri IV,43.234,-0.387,Nuit avec éclairage allumé,En agglomération,Hors intersection,Normale,Deux véhicules - côté,,,,,,,,,,,5,2,1,1,3
200800006266,0008-02-04 04:15:00,8,2,4,4,15,640,519,RD 834 -,43.362,-0.38,Nuit avec éclairage allumé,En agglomération,Giratoire,Normale,Autre collision,,,,,,,,,,,5,2,6,1,6
200800006267,0008-02-25 17:45:00,8,2,25,17,45,640,519,Chemin Castet,,,Plein jour,En agglomération,Hors intersection,Normale,Autre collision,,,,,,,,,,,1,2,1,1,6
200800006268,0008-02-22 23:45:00,8,2,22,23,45,640,59,,43.284,-0.235,Nuit sans éclairage public,Hors agglomération,Hors intersection,Normale,Autre collision,,,,,,,,,,,3,1,1,1,6
200800006269,0008-02-11 13:15:00,8,2,11,13,15,640,304,,,,Plein jour,Hors agglomération,Hors intersection,Normale,Sans collision,,,,,,,,,,,1,1,1,1,7
200800006270,0008-02-25 10:45:00,8,2,25,10,45,640,495,CD 918,,,Plein jour,En agglomération,Hors intersection,Normale,Deux véhicules - côté,,,,,,,,,,,1,2,1,1,3
200800006271,0008-02-19 17:30:00,8,2,19,17,30,640,509,,43.148,-0.885,Plein jour,Hors agglomération,Hors intersection,Normale,Deux véhicules - côté,,,,,,,,,,,1,1,1,1,3
200800006272,0008-02-10 06:45:00,8,2,10,6,45,640,104,Croix d'Orcun,,,Nuit sans éclairage public,En agglomération,Hors intersection,Normale,Autre collision,,,,,,,,,,,3,2,1,1,6
200800006273,0008-02-18 23:45:00,8,2,18,23,45,640,320,avenue de la gare,,,Nuit avec éclairage allumé,En agglomération,Hors intersection,Normale,Autre collision,,,,,,,,,,,5,2,1,1,6
200800006274,0008-02-16 09:30:00,8,2,16,9,30,640,253,,43.293,-0.758,Plein jour,Hors agglomération,Hors intersection,Normale,Deux véhicules - frontale,,,,,,,,,,,1,1,1,1,1
200800006275,0008-02-18 09:30:00,8,2,18,9,30,640,201,,43.285,-0.743,Plein jour,Hors agglomération,Hors intersection,Normale,Autre collision,,,,,,,,,,,1,1,1,1,6
200800006276,0008-02-14 14:00:00,8,2,14,14,0,640,430,rue des capucins,43.493,-0.772,Plein jour,En agglomération,Hors intersection,Normale,Autre collision,,,,,,,,,,,1,2,1,1,6
200800006277,0008-02-17 12:45:00,8,2,17,12,45,640,430,,43.519,-0.776,Plein jour,Hors agglomération,Hors intersection,Temps éblouissant,Deux véhicules - frontale,,,,,,,,,,,1,1,1,7,1
200800006278,0008-02-02 09:45:00,8,2,2,9,45,860,226,6 route de CHAUVIGNY,,,Plein jour,En agglomération,Hors intersection,Normale,Autre collision,,,,,,,,,,,1,2,1,1,6
200800006279,0008-02-13 08:15:00,8,2,13,8,15,860,62,Rue du Commerce,,,Plein jour,En agglomération,Hors intersection,Normale,Autre collision,,,,,,,,,,,1,2,1,1,6
200800006280,0008-02-09 18:45:00,8,2,9,18,45,860,213,,,,Crépuscule ou aube,Hors agglomération,Hors intersection,Normale,Deux véhicules - arrière,,,,,,,,,,,2,1,1,1,2
200800006281,0008-02-23 06:15:00,8,2,23,6,15,860,80,,,,Crépuscule ou aube,Hors agglomération,Hors intersection,Brouillard / fumée,Deux véhicules - arrière,,,,,,,,,,,2,1,1,5,2
200800006282,0008-02-15 17:00:00,8,2,15,17,0,860,204,"6, rue des Carrieres",,,Crépuscule ou aube,En agglomération,Hors intersection,Normale,Autre collision,,,,,,,,,,,2,2,1,1,6
200800006283,0008-02-17 11:45:00,8,2,17,11,45,860,73,,46.699,0.047,Plein jour,Hors agglomération,Hors intersection,Normale,Deux véhicules - côté,,,,,,,,,,,1,1,1,1,3
200800006284,0008-02-22 21:30:00,8,2,22,21,30,860,144,,46.727,0.073,Nuit sans éclairage public,Hors agglomération,Hors intersection,Normale,Sans collision,,,,,,,,,,,3,1,1,1,7
200800006285,0008-02-23 19:15:00,8,2,23,19,15,860,300,,46.674,0.197,Nuit sans éclairage public,Hors agglomération,Hors intersection,Normale,Sans collision,,,,,,,,,,,3,1,1,1,7
200800006286,0008-02-24 10:15:00,8,2,24,10,15,860,281,,46.715,0.3,Plein jour,Hors agglomération,Hors intersection,Normale,Deux véhicules - arrière,,,,,,,,,,,1,1,1,1,2
200800006287,0008-02-21 07:00:00,8,2,21,7,0,860,248,,46.34,0.465,Crépuscule ou aube,Hors agglomération,Hors intersection,Brouillard / fumée,Deux véhicules - frontale,,,,,,,,,,,2,1,1,5,1
200800006288,0008-02-21 14:45:00,8,2,21,14,45,860,92,,46.926,0.612,Plein jour,Hors agglomération,Hors intersection,Normale,Deux véhicules - frontale,,,,,,,,,,,1,1,1,1,1
200800006289,0008-02-28 08:15:00,8,2,28,8,15,860,258,,,,Plein jour,Hors agglomération,Hors intersection,Temps couvert,Deux véhicules - frontale,,,,,,,,,,,1,1,1,8,1
200800006290,0008-02-14 11:00:00,8,2,14,11,0,860,233,,46.493,0.653,Plein jour,En agglomération,Hors intersection,Normale,Deux véhicules - côté,,,,,,,,,,,1,2,1,1,3
200800006291,0008-02-22 10:45:00,8,2,22,10,45,860,153,,46.414,0.691,Plein jour,Hors agglomération,Hors intersection,Normale,Deux véhicules - côté,,,,,,,,,,,1,1,1,1,3
200800006292,0008-02-23 02:00:00,8,2,23,2,0,860,236,,46.668,0.798,Nuit sans éclairage public,Hors agglomération,Hors intersection,Brouillard / fumée,Autre collision,,,,,,,,,,,3,1,1,5,6
200800006293,0008-02-16 17:15:00,8,2,16,17,15,160,28,,45.49,-0.138,Plein jour,Hors agglomération,Intersection en X,Normale,Deux véhicules - côté,,,,,,,,,,,1,1,2,1,3
200800006294,0008-02-14 18:15:00,8,2,14,18,15,160,98,,,,Crépuscule ou aube,Hors agglomération,Hors intersection,Normale,Deux véhicules - frontale,,,,,,,,,,,2,1,1,1,1
200800006295,0008-02-09 20:15:00,8,2,9,20,15,160,163,,,,Nuit sans éclairage public,Hors agglomération,Intersection en X,Normale,Trois véhicules et plus - en chaîne,,,,,,,,,,,3,1,2,1,4
200800006296,0008-02-28 22:45:00,8,2,28,22,45,160,348,,,,Nuit sans éclairage public,Hors agglomération,Hors intersection,Normale,Autre collision,,,,,,,,,,,3,1,1,1,6
200800006297,0008-02-02 08:30:00,8,2,2,8,30,160,140,,,,Plein jour,Hors agglomération,Hors intersection,Brouillard / fumée,Deux véhicules - arrière,,,,,,,,,,,1,1,1,5,2
200800006298,0008-02-13 17:30:00,8,2,13,17,30,160,282,,,,Plein jour,Hors agglomération,Intersection en X,Temps éblouissant,Deux véhicules - côté,,,,,,,,,,,1,1,2,7,3
200800006299,0008-02-12 10:45:00,8,2,12,10,45,160,27,,,,Plein jour,Hors agglomération,Intersection en X,Normale,Trois véhicules et plus - collisions multiples,,,,,,,,,,,1,1,2,1,5
200800006300,0008-02-18 20:30:00,8,2,18,20,30,170,193,,,,Nuit sans éclairage public,Hors agglomération,Hors intersection,Normale,Deux véhicules - arrière,,,,,,,,,,,3,1,1,1,2
200800006301,0008-02-20 03:00:00,8,2,20,3,0,170,10,,,,Nuit sans éclairage public,Hors agglomération,Hors intersection,Normale,Autre collision,,,,,,,,,,,3,1,1,1,6
200800006302,0008-02-19 12:15:00,8,2,19,12,15,170,349,CD114-Rue de ST JEAN,46.26,-0.87,Plein jour,En agglomération,Intersection en X,Normale,Deux véhicules - côté,,,,,,,,,,,1,2,2,1,3
200800006303,0008-02-22 14:00:00,8,2,22,14,0,170,116,,,,Plein jour,Hors agglomération,Hors intersection,Normale,Autre collision,,,,,,,,,,,1,1,1,1,6
200800006304,0008-02-14 17:15:00,8,2,14,17,15,170,55,,45.191,-0.076,Plein jour,Hors agglomération,Hors intersection,Normale,Sans collision,,,,,,,,,,,1,1,1,1,7
200800006305,0008-02-27 17:30:00,8,2,27,17,30,170,58,,,,Plein jour,Hors agglomération,Hors intersection,Pluie légère,Trois véhicules et plus - collisions multiples,,,,,,,,,,,1,1,1,2,5
200800006306,0008-02-21 19:00:00,8,2,21,19,0,170,93,,,,Crépuscule ou aube,En agglomération,Hors intersection,Normale,Autre collision,,,,,,,,,,,2,2,1,1,6
200800006307,0008-02-28 11:00:00,8,2,28,11,0,170,140,,45.921,-1.275,Plein jour,Hors agglomération,Hors intersection,Normale,Deux véhicules - frontale,,,,,,,,,,,1,1,1,1,1
200800006308,0008-02-10 17:30:00,8,2,10,17,30,170,155,rue gare et av C. Herve,,,Plein jour,En agglomération,Hors intersection,Normale,Deux véhicules - côté,,,,,,,,,,,1,2,1,1,3
200800006309,0008-02-01 18:15:00,8,2,1,18,15,170,434,avenue francois MITERAND,,,Crépuscule ou aube,En agglomération,Hors intersection,Pluie légère,Deux véhicules - côté,,,,,,,,,,,2,2,1,2,3
200800006310,0008-02-11 11:00:00,8,2,11,11,0,170,359,,,,Plein jour,Hors agglomération,Hors intersection,Normale,Autre collision,,,,,,,,,,,1,1,1,1,6
200800006311,0008-02-18 09:15:00,8,2,18,9,15,170,3,4 rue de la Planterie,46.11,-0.92,Plein jour,En agglomération,Hors intersection,Temps éblouissant,Deux véhicules - côté,,,,,,,,,,,1,2,1,7,3
200800006312,0008-02-06 14:00:00,8,2,6,14,0,170,164,,,,Plein jour,Hors agglomération,Hors intersection,Normale,Autre collision,,,,,,,,,,,1,1,1,1,6
200800006313,0008-02-08 18:00:00,8,2,8,18,0,170,72,,,,Crépuscule ou aube,Hors agglomération,Hors intersection,Normale,Sans collision,,,,,,,,,,,2,1,1,1,7
200800006314,0008-02-02 13:30:00,8,2,2,13,30,170,152,,45.549,-0.781,Plein jour,Hors agglomération,Hors intersection,Normale,Autre collision,,,,,,,,,,,1,1,1,1,6
200800006315,0008-02-10 07:30:00,8,2,10,7,30,170,97,,,,Nuit sans éclairage public,Hors agglomération,Hors intersection,Normale,Autre collision,,,,,,,,,,,3,1,1,1,6
200800006316,0008-02-27 11:30:00,8,2,27,11,30,170,347,rue geoges texier,,,Plein jour,En agglomération,Hors intersection,Normale,Deux véhicules - côté,,,,,,,,,,,1,2,1,1,3
200800006317,0008-02-11 15:30:00,8,2,11,15,30,790,216,rue du Pont Picard,46.266,-0.346,Plein jour,En agglomération,Hors intersection,Normale,Deux véhicules - côté,,,,,,,,,,,1,2,1,1,3
200800006318,0008-02-11 18:00:00,8,2,11,18,0,790,304,Grand'Rue,46.278,-0.584,Plein jour,En agglomération,Hors intersection,Normale,Sans collision,,,,,,,,,,,1,2,1,1,7
200800006319,0008-02-22 17:45:00,8,2,22,17,45,790,334,,46.192,-0.581,Plein jour,Hors agglomération,Hors intersection,Normale,Autre collision,,,,,,,,,,,1,1,1,1,6
200800006320,0008-02-14 13:45:00,8,2,14,13,45,790,198,,,,Plein jour,Hors agglomération,Hors intersection,Normale,Autre collision,,,,,,,,,,,1,1,1,1,6
200800006321,0008-02-20 13:00:00,8,2,20,13,0,790,175,,46.132,-0.004,Plein jour,Hors agglomération,Hors intersection,Temps couvert,Autre collision,,,,,,,,,,,1,1,1,8,6
200800006322,0008-02-24 17:15:00,8,2,24,17,15,790,202,BOULEVARD GEORGES CLEMEN,,,Plein jour,En agglomération,Giratoire,Normale,Deux véhicules - côté,,,,,,,,,,,1,2,6,1,3
200800006323,0008-02-14 19:00:00,8,2,14,19,0,790,16,,46.82,-0.087,Nuit sans éclairage public,Hors agglomération,Hors intersection,Normale,Deux véhicules - côté,,,,,,,,,,,3,1,1,1,3
200800006324,0008-02-26 23:30:00,8,2,26,23,30,870,161,,45.845,1.467,Nuit sans éclairage public,Hors agglomération,Hors intersection,Pluie forte,Sans collision,,,,,,,,,,,3,1,1,3,7
200800006325,0008-02-12 12:00:00,8,2,12,12,0,870,187,,,,Plein jour,En agglomération,Hors intersection,Normale,Autre collision,,,,,,,,,,,1,2,1,1,6
200800006326,0008-02-12 19:30:00,8,2,12,19,30,870,47,,46.022,1.295,Nuit sans éclairage public,Hors agglomération,Hors intersection,Normale,Deux véhicules - frontale,,,,,,,,,,,3,1,1,1,1
200800006327,0008-02-13 14:30:00,8,2,13,14,30,870,160,,46.255,1.259,Plein jour,Hors agglomération,Hors intersection,Normale,Deux véhicules - frontale,,,,,,,,,,,1,1,1,1,1
200800006328,0008-02-07 13:45:00,8,2,7,13,45,190,48,"Lieu-dit ""Chapoux""",45.178,1.731,Plein jour,En agglomération,Hors intersection,Normale,Sans collision,,,,,,,,,,,1,2,1,1,7
200800006329,0008-02-27 15:30:00,8,2,27,15,30,190,82,,45.276,1.665,Plein jour,Hors agglomération,Hors intersection,Normale,Deux véhicules - arrière,,,,,,,,,,,1,1,1,1,2
200800006330,0008-02-04 12:00:00,8,2,4,12,0,190,10,,45.115,1.954,Plein jour,Hors agglomération,Hors intersection,Pluie légère,Deux véhicules - frontale,,,,,,,,,,,1,1,1,2,1
200800006331,0008-02-07 08:30:00,8,2,7,8,30,190,208,,45.349,2.102,Crépuscule ou aube,Hors agglomération,Hors intersection,Autre,Autre collision,,,,,,,,,,,2,1,1,9,6
200800006332,0008-02-10 15:00:00,8,2,10,15,0,190,276,Place Alexis Boyer,45.427,1.564,Plein jour,En agglomération,Hors intersection,Normale,Deux véhicules - frontale,,,,,,,,,,,1,2,1,1,1
200800006333,0008-02-13 17:45:00,8,2,13,17,45,190,269,,45.552,1.794,Plein jour,Hors agglomération,Hors intersection,Normale,Deux véhicules - frontale,,,,,,,,,,,1,1,1,1,1
200800006334,0008-02-19 12:00:00,8,2,19,12,0,190,100,,45.379,1.666,Plein jour,Hors agglomération,Hors intersection,Normale,Deux véhicules - côté,,,,,,,,,,,1,1,1,1,3
200800006335,0008-02-06 18:30:00,8,2,6,18,30,190,68,,45.168,1.658,Nuit sans éclairage public,Hors agglomération,Hors intersection,Normale,Deux véhicules - frontale,,,,,,,,,,,3,1,1,1,1
200800006336,0008-02-13 15:00:00,8,2,13,15,0,190,123,avenue de la liberation,45.178,1.572,Plein jour,En agglomération,Hors intersection,Normale,Deux véhicules - côté,,,,,,,,,,,1,2,1,1,3
200800006337,0008-02-14 13:45:00,8,2,14,13,45,190,229,,45.137,1.431,Plein jour,Hors agglomération,Hors intersection,Normale,Autre collision,,,,,,,,,,,1,1,1,1,6
200800006338,0008-02-20 16:00:00,8,2,20,16,0,190,123,rue de l'industrie,45.174,1.576,Plein jour,En agglomération,Intersection en T,Normale,Deux véhicules - côté,,,,,,,,,,,1,2,3,1,3
200800006339,0008-02-16 19:30:00,8,2,16,19,30,190,35,,45.31,1.342,Nuit sans éclairage public,Hors agglomération,Hors intersection,Normale,Sans collision,,,,,,,,,,,3,1,1,1,7
200800006340,0008-02-10 14:45:00,8,2,10,14,45,190,283,"lieu-dit  ""LE PAREL""",45.489,2.396,Plein jour,En agglomération,Hors intersection,Normale,Autre collision,,,,,,,,,,,1,2,1,1,6
200800006341,0008-02-06 11:45:00,8,2,6,11,45,230,206,,46.172,1.96,Plein jour,Hors agglomération,Hors intersection,Normale,Deux véhicules - frontale,,,,,,,,,,,1,1,1,1,1
200800006342,0008-02-09 14:00:00,8,2,9,14,0,230,206,,,,Plein jour,Hors agglomération,Hors intersection,Normale,Sans collision,,,,,,,,,,,1,1,1,1,7
200800006343,0008-02-08 16:15:00,8,2,8,16,15,230,101,,46.26,1.91,Plein jour,Hors agglomération,Hors intersection,Normale,Sans collision,,,,,,,,,,,1,1,1,1,7
200800006344,0008-02-02 13:15:00,8,2,2,13,15,230,162,,46.31,1.975,Plein jour,Hors agglomération,Hors intersection,Normale,Autre collision,,,,,,,,,,,1,1,1,1,6
200800006345,0008-02-12 08:45:00,8,2,12,8,45,230,62,,46.335,1.849,Plein jour,Hors agglomération,Hors intersection,Normale,Deux véhicules - frontale,,,,,,,,,,,1,1,1,1,1
200800006346,0008-02-18 15:00:00,8,2,18,15,0,230,245,,46.175,1.814,Plein jour,Hors agglomération,Hors intersection,Normale,Deux véhicules - frontale,,,,,,,,,,,1,1,1,1,1