accident_id,datetime,annee,mois,jour,heure,minute,departement,commune_insee,adresse,latitude,longitude,luminosite,agglomeration,intersection,meteo,collision,nb_vehicules,nb_usagers,nb_indemnes,nb_tues,nb_blesses_hosp,nb_blesses_legers,age_cond_1,age_cond_2,veh_type_cond_1,veh_type_cond_2,lum_code,agg_code,int_code,atm_code,col_code
200800006347,0008-02-13 16:15:00,8,2,13,16,15,230,70,les granges,46.397,1.616,Plein jour,En agglomération,Hors intersection,Normale,Autre collision,,,,,,,,,,,1,2,1,1,6
200800006348,0008-02-01 18:00:00,8,2,1,18,0,310,44,100 ROUTE DE MONS,43.613,1.517,Nuit avec éclairage allumé,En agglomération,Hors intersection,Normale,Deux véhicules - frontale,,,,,,,,,,,5,2,1,1,1
200800006349,0008-02-26 10:45:00,8,2,26,10,45,310,44,rue Saint Jean,,,Plein jour,En agglomération,Hors intersection,Normale,Deux véhicules - côté,,,,,,,,,,,1,2,1,1,3
200800006350,0008-02-05 17:00:00,8,2,5,17,0,310,202,"1, avenue saint exupery",,,Plein jour,En agglomération,Hors intersection,Normale,Deux véhicules - côté,,,,,,,,,,,1,2,1,1,3
200800006351,0008-02-24 01:45:00,8,2,24,1,45,310,49,,,,Nuit sans éclairage public,Hors agglomération,Hors intersection,Normale,Sans collision,,,,,,,,,,,3,1,1,1,7
200800006352,0008-02-27 16:45:00,8,2,27,16,45,310,356,,43.69,1.24,Plein jour,Hors agglomération,Hors intersection,Normale,Trois véhicules et plus - en chaîne,,,,,,,,,,,1,1,1,1,4
200800006353,0008-02-11 09:30:00,8,2,11,9,30,310,417,Ch Parc / rue Freres,43.62,1.293,Plein jour,En agglomération,Hors intersection,Temps éblouissant,Deux véhicules - côté,,,,,,,,,,,1,2,1,7,3
200800006354,0008-02-28 00:01:00,8,2,28,0,1,310,424,,,,Nuit sans éclairage public,Hors agglomération,Hors intersection,Normale,Deux véhicules - arrière,,,,,,,,,,,3,1,1,1,2
200800006355,0008-02-10 10:45:00,8,2,10,10,45,310,460,RUE CL. ADER ET LACANAL,43.5,1.374,Plein jour,En agglomération,Hors intersection,Normale,Deux véhicules - frontale,,,,,,,,,,,1,2,1,1,1
200800006356,0008-02-26 12:30:00,8,2,26,12,30,310,91,,,,Plein jour,Hors agglomération,Hors intersection,Normale,Autre collision,,,,,,,,,,,1,1,1,1,6
200800006357,0008-02-27 18:15:00,8,2,27,18,15,310,490,,43.744,1.355,Plein jour,Hors agglomération,Hors intersection,Normale,Deux véhicules - frontale,,,,,,,,,,,1,1,1,1,1
200800006358,0008-02-13 14:45:00,8,2,13,14,45,310,561,,,,Plein jour,En agglomération,Hors intersection,Normale,Deux véhicules - côté,,,,,,,,,,,1,2,1,1,3
200800006359,0008-02-29 12:30:00,8,2,29,12,30,310,561,35 route de Bessieres,,,Plein jour,En agglomération,Hors intersection,Normale,Deux véhicules - côté,,,,,,,,,,,1,2,1,1,3
200800006360,0008-02-11 18:30:00,8,2,11,18,30,310,248,,43.457,1.404,Nuit sans éclairage public,Hors agglomération,Hors intersection,Normale,Deux véhicules - arrière,,,,,,,,,,,3,1,1,1,2
200800006361,0008-02-23 17:00:00,8,2,23,17,0,310,33,Stade M. Soulas/R. Zola,43.35,1.47,Plein jour,En agglomération,Hors intersection,Normale,Deux véhicules - arrière,,,,,,,,,,,1,2,1,1,2
200800006362,0008-02-24 10:00:00,8,2,24,10,0,310,530,,43.227,1.0,Plein jour,Hors agglomération,Hors intersection,Normale,Deux véhicules - côté,,,,,,,,,,,1,1,1,1,3
200800006363,0008-02-03 05:30:00,8,2,3,5,30,310,51,,43.466,1.088,Nuit sans éclairage public,Hors agglomération,Hors intersection,Normale,Autre collision,,,,,,,,,,,3,1,1,1,6
200800006364,0008-02-19 08:30:00,8,2,19,8,30,310,499,,43.525,1.174,Plein jour,Hors agglomération,Hors intersection,Normale,Deux véhicules - côté,,,,,,,,,,,1,1,1,1,3
200800006365,0008-02-04 00:30:00,8,2,4,0,30,310,271,,43.543,1.652,Nuit sans éclairage public,Hors agglomération,Hors intersection,Normale,Autre collision,,,,,,,,,,,3,1,1,1,6
200800006366,0008-02-23 01:00:00,8,2,23,1,0,310,106,,43.53,1.748,Nuit sans éclairage public,Hors agglomération,Hors intersection,Normale,Sans collision,,,,,,,,,,,3,1,1,1,7
200800006367,0008-02-05 16:45:00,8,2,5,16,45,310,4,,,,Plein jour,Hors agglomération,Hors intersection,Normale,Sans collision,,,,,,,,,,,1,1,1,1,7
200800006368,0008-02-13 14:30:00,8,2,13,14,30,310,451,Avenue de Castres,,,Plein jour,En agglomération,Hors intersection,Normale,Trois véhicules et plus - collisions multiples,,,,,,,,,,,1,2,1,1,5
200800006369,0008-02-12 15:45:00,8,2,12,15,45,90,99,,,,Plein jour,Hors agglomération,Hors intersection,Normale,Deux véhicules - frontale,,,,,,,,,,,1,1,1,1,1
200800006370,0008-02-14 20:30:00,8,2,14,20,30,90,264,RD 624 AV DES HAMEAUX,,,Nuit sans éclairage public,En agglomération,Hors intersection,Normale,Deux véhicules - côté,,,,,,,,,,,3,2,1,1,3
200800006371,0008-02-08 19:00:00,8,2,8,19,0,90,331,,,,Nuit sans éclairage public,Hors agglomération,Hors intersection,Normale,Deux véhicules - côté,,,,,,,,,,,3,1,1,1,3
200800006372,0008-02-17 03:00:00,8,2,17,3,0,90,65,,,,Nuit sans éclairage public,Hors agglomération,Hors intersection,Normale,Autre collision,,,,,,,,,,,3,1,1,1,6
200800006373,0008-02-21 18:30:00,8,2,21,18,30,90,120,,43.195,1.162,Crépuscule ou aube,Hors agglomération,Hors intersection,Normale,Autre collision,,,,,,,,,,,2,1,1,1,6
200800006374,0008-02-22 17:30:00,8,2,22,17,30,120,241,,44.372,2.64,Plein jour,Hors agglomération,Hors intersection,Normale,Sans collision,,,,,,,,,,,1,1,1,1,7
200800006375,0008-02-28 11:15:00,8,2,28,11,15,120,137,,44.272,2.461,Plein jour,Hors agglomération,Hors intersection,Normale,Deux véhicules - frontale,,,,,,,,,,,1,1,1,1,1
200800006376,0008-02-21 17:45:00,8,2,21,17,45,120,33,,,,Plein jour,Hors agglomération,Hors intersection,Normale,Autre collision,,,,,,,,,,,1,1,1,1,6
200800006377,0008-02-23 00:15:00,8,2,23,0,15,120,33,,,,Nuit sans éclairage public,Hors agglomération,Hors intersection,Normale,Autre collision,,,,,,,,,,,3,1,1,1,6
200800006378,0008-02-28 06:30:00,8,2,28,6,30,120,26,,,,Nuit avec éclairage allumé,En agglomération,Hors intersection,Normale,Autre collision,,,,,,,,,,,5,2,1,1,6
200800006379,0008-02-10 19:45:00,8,2,10,19,45,120,276,Saint Martial,44.16,2.337,Nuit sans éclairage public,En agglomération,Hors intersection,Normale,Autre collision,,,,,,,,,,,3,2,1,1,6
200800006380,0008-02-16 14:30:00,8,2,16,14,30,120,43,,44.275,2.558,Plein jour,Hors agglomération,Hors intersection,Normale,Trois véhicules et plus - collisions multiples,,,,,,,,,,,1,1,1,1,5
200800006381,0008-02-02 17:15:00,8,2,2,17,15,120,294,,44.263,2.922,Plein jour,Hors agglomération,Hors intersection,Normale,Sans collision,,,,,,,,,,,1,1,1,1,7
200800006382,0008-02-05 16:15:00,8,2,5,16,15,120,300,22 bd Charles de Gaulle,44.356,2.034,Plein jour,En agglomération,Hors intersection,Normale,Deux véhicules - arrière,,,,,,,,,,,1,2,1,1,2
200800006383,0008-02-13 18:00:00,8,2,13,18,0,120,263,,44.35,1.957,Crépuscule ou aube,Hors agglomération,Hors intersection,Normale,Deux véhicules - frontale,,,,,,,,,,,2,1,1,1,1
200800006384,0008-02-05 07:15:00,8,2,5,7,15,320,331,,,,Nuit sans éclairage public,Hors agglomération,Hors intersection,Normale,Deux véhicules - frontale,,,,,,,,,,,3,1,1,1,1
200800006385,0008-02-04 18:30:00,8,2,4,18,30,320,173,,,,Nuit sans éclairage public,Hors agglomération,Hors intersection,Normale,Deux véhicules - frontale,,,,,,,,,,,3,1,1,1,1
200800006386,0008-02-08 17:45:00,8,2,8,17,45,320,160,boulevard Carnot,43.618,1.086,Plein jour,En agglomération,Hors intersection,Normale,Deux véhicules - côté,,,,,,,,,,,1,2,1,1,3
200800006387,0008-02-28 20:45:00,8,2,28,20,45,320,51,,43.56,0.872,Nuit sans éclairage public,Hors agglomération,Hors intersection,Normale,Sans collision,,,,,,,,,,,3,1,1,1,7
200800006388,0008-02-08 17:45:00,8,2,8,17,45,320,97,,43.668,0.241,Crépuscule ou aube,Hors agglomération,Hors intersection,Normale,Autre collision,,,,,,,,,,,2,1,1,1,6
200800006389,0008-02-17 11:00:00,8,2,17,11,0,320,212,,44.054,0.504,Plein jour,Hors agglomération,Hors intersection,Normale,Deux véhicules - côté,,,,,,,,,,,1,1,1,1,3
200800006390,0008-02-04 18:00:00,8,2,4,18,0,320,296,Avenue de l'Autodrome,43.764,-0.033,Plein jour,En agglomération,Intersection en T,Normale,Deux véhicules - frontale,,,,,,,,,,,1,2,3,1,1
200800006391,0008-02-22 17:15:00,8,2,22,17,15,320,296,87 rue Nationale - CD931,43.761,-0.036,Plein jour,En agglomération,Hors intersection,Temps éblouissant,Autre collision,,,,,,,,,,,1,2,1,7,6
200800006392,0008-02-27 10:30:00,8,2,27,10,30,320,119,,43.857,0.125,Plein jour,Hors agglomération,Hors intersection,Pluie légère,Autre collision,,,,,,,,,,,1,1,1,2,6
200800006393,0008-02-18 09:15:00,8,2,18,9,15,320,41,,43.424,0.616,Plein jour,Hors agglomération,Hors intersection,Normale,Deux véhicules - frontale,,,,,,,,,,,1,1,1,1,1
200800006394,0008-02-21 14:30:00,8,2,21,14,30,320,242,,43.433,0.579,Plein jour,En agglomération,Hors intersection,Normale,Deux véhicules - arrière,,,,,,,,,,,1,2,1,1,2
200800006395,0008-02-07 15:00:00,8,2,7,15,0,460,137,,44.392,1.368,Plein jour,Hors agglomération,Intersection en T,Normale,Deux véhicules - côté,,,,,,,,,,,1,1,3,1,3
200800006396,0008-02-13 17:15:00,8,2,13,17,15,460,137,,,,Plein jour,Hors agglomération,Hors intersection,Normale,Deux véhicules - côté,,,,,,,,,,,1,1,1,1,3
200800006397,0008-02-14 17:00:00,8,2,14,17,0,460,171,,44.585,1.228,Plein jour,Hors agglomération,Hors intersection,Normale,Sans collision,,,,,,,,,,,1,1,1,1,7
200800006398,0008-02-21 00:15:00,8,2,21,0,15,460,197,,,,Nuit sans éclairage public,Hors agglomération,Hors intersection,Normale,Sans collision,,,,,,,,,,,3,1,1,1,7
200800006399,0008-02-18 16:15:00,8,2,18,16,15,460,296,,,,Plein jour,En agglomération,Hors intersection,Normale,Autre collision,,,,,,,,,,,1,2,1,1,6
200800006400,0008-02-08 22:30:00,8,2,8,22,30,460,279,,,,Nuit sans éclairage public,Hors agglomération,Hors intersection,Normale,Autre collision,,,,,,,,,,,3,1,1,1,6
200800006401,0008-02-23 18:30:00,8,2,23,18,30,460,334,,44.73,1.488,Crépuscule ou aube,Hors agglomération,Hors intersection,Normale,Sans collision,,,,,,,,,,,2,1,1,1,7
200800006402,0008-02-13 18:45:00,8,2,13,18,45,460,145,,44.919,1.468,Crépuscule ou aube,Hors agglomération,Hors intersection,Normale,Deux véhicules - frontale,,,,,,,,,,,2,1,1,1,1
200800006403,0008-02-04 21:00:00,8,2,4,21,0,650,257,,,,Nuit sans éclairage public,Hors agglomération,Hors intersection,Normale,Autre collision,,,,,,,,,,,3,1,1,1,6
200800006404,0008-02-11 10:30:00,8,2,11,10,30,650,235,,43.204,0.008,Plein jour,Hors agglomération,Hors intersection,Normale,Deux véhicules - frontale,,,,,,,,,,,1,1,1,1,1
200800006405,0008-02-11 00:30:00,8,2,11,0,30,650,452,,,,Nuit sans éclairage public,Hors agglomération,Hors intersection,Normale,Autre collision,,,,,,,,,,,3,1,1,1,6
200800006406,0008-02-17 14:15:00,8,2,17,14,15,650,156,,,,Plein jour,Hors agglomération,Hors intersection,Normale,Deux véhicules - côté,,,,,,,,,,,1,1,1,1,3
200800006407,0008-02-22 07:30:00,8,2,22,7,30,650,101,,,,Plein jour,Hors agglomération,Hors intersection,Normale,Deux véhicules - frontale,,,,,,,,,,,1,1,1,1,1
200800006408,0008-02-08 18:30:00,8,2,8,18,30,650,262,,43.43,0.01,Plein jour,Hors agglomération,Hors intersection,Normale,Sans collision,,,,,,,,,,,1,1,1,1,7
200800006409,0008-02-09 05:00:00,8,2,9,5,0,650,460,,43.388,0.093,Nuit sans éclairage public,Hors agglomération,Hors intersection,Normale,Autre collision,,,,,,,,,,,3,1,1,1,6
200800006410,0008-02-09 17:30:00,8,2,9,17,30,650,460,route de Pau,,,Plein jour,En agglomération,Intersection en X,Normale,Deux véhicules - côté,,,,,,,,,,,1,2,2,1,3
200800006411,0008-02-09 16:30:00,8,2,9,16,30,650,7,place de la liberte,43.323,0.066,Plein jour,En agglomération,Hors intersection,Normale,Deux véhicules - frontale,,,,,,,,,,,1,2,1,1,1
200800006412,0008-02-17 12:30:00,8,2,17,12,30,650,49,,43.512,0.081,Plein jour,Hors agglomération,Hors intersection,Normale,Deux véhicules - frontale,,,,,,,,,,,1,1,1,1,1
200800006413,0008-02-26 13:15:00,8,2,26,13,15,650,460,,43.396,0.053,Plein jour,Hors agglomération,Hors intersection,Normale,Deux véhicules - côté,,,,,,,,,,,1,1,1,1,3
200800006414,0008-02-10 18:00:00,8,2,10,18,0,650,295,,,,Plein jour,Hors agglomération,Hors intersection,Normale,Autre collision,,,,,,,,,,,1,1,1,1,6
200800006415,0008-02-23 12:00:00,8,2,23,12,0,650,210,,,,Plein jour,Hors agglomération,Hors intersection,Normale,Sans collision,,,,,,,,,,,1,1,1,1,7
200800006416,0008-02-26 15:30:00,8,2,26,15,30,650,145,,,,Plein jour,Hors agglomération,Hors intersection,Normale,Autre collision,,,,,,,,,,,1,1,1,1,6
200800006417,0008-02-09 13:15:00,8,2,9,13,15,650,6,,,,Plein jour,Hors agglomération,Hors intersection,Normale,Autre collision,,,,,,,,,,,1,1,1,1,6
200800006418,0008-02-11 18:00:00,8,2,11,18,0,650,258,rue Alsace-Lorraine,,,Plein jour,En agglomération,Hors intersection,Normale,Deux véhicules - frontale,,,,,,,,,,,1,2,1,1,1
200800006419,0008-02-23 16:00:00,8,2,23,16,0,810,13,,,,Plein jour,Hors agglomération,Hors intersection,Normale,Autre collision,,,,,,,,,,,1,1,1,1,6
200800006420,0008-02-10 21:45:00,8,2,10,21,45,810,11,,,,Nuit sans éclairage public,Hors agglomération,Hors intersection,Normale,Autre collision,,,,,,,,,,,3,1,1,1,6
200800006421,0008-02-13 18:30:00,8,2,13,18,30,810,182,route de St.Pierre,,,Crépuscule ou aube,En agglomération,Hors intersection,Normale,Deux véhicules - frontale,,,,,,,,,,,2,2,1,1,1
200800006422,0008-02-27 16:00:00,8,2,27,16,0,810,38,,43.882,1.941,Plein jour,Hors agglomération,Hors intersection,Normale,Deux véhicules - côté,,,,,,,,,,,1,1,1,1,3
200800006423,0008-02-13 17:15:00,8,2,13,17,15,690,69,11/11/1918,45.739,4.713,Plein jour,En agglomération,Hors intersection,Normale,Trois véhicules et plus - collisions multiples,,,,,,,,,,,1,2,1,1,5
200800006424,0008-02-03 07:15:00,8,2,3,7,15,810,120,Avenue du General de GAU,,,Crépuscule ou aube,En agglomération,Hors intersection,Normale,Autre collision,,,,,,,,,,,2,2,1,1,6
200800006425,0008-02-11 17:30:00,8,2,11,17,30,820,179,avenue Marcel LACASSAGNE,44.181,1.622,Plein jour,En agglomération,Hors intersection,Normale,Autre collision,,,,,,,,,,,1,2,1,1,6
200800006426,0008-02-17 18:00:00,8,2,17,18,0,820,149,,44.14,1.507,Plein jour,Hors agglomération,Hors intersection,Normale,Deux véhicules - côté,,,,,,,,,,,1,1,1,1,3
200800006427,0008-02-17 19:15:00,8,2,17,19,15,820,37,,44.172,1.526,Nuit sans éclairage public,Hors agglomération,Hors intersection,Normale,Deux véhicules - frontale,,,,,,,,,,,3,1,1,1,1
200800006428,0008-02-26 06:30:00,8,2,26,6,30,820,17,,,,Nuit sans éclairage public,Hors agglomération,Hors intersection,Normale,Deux véhicules - frontale,,,,,,,,,,,3,1,1,1,1
200800006429,0008-02-01 17:45:00,8,2,1,17,45,820,94,,44.254,1.138,Crépuscule ou aube,Hors agglomération,Autre intersection,Normale,Deux véhicules - côté,,,,,,,,,,,2,1,9,1,3
200800006430,0008-02-20 21:00:00,8,2,20,21,0,820,117,,44.351,0.968,Nuit sans éclairage public,Hors agglomération,Hors intersection,Normale,Autre collision,,,,,,,,,,,3,1,1,1,6
200800006431,0008-02-21 13:30:00,8,2,21,13,30,820,112,Chemin de Calas,,,Plein jour,En agglomération,Hors intersection,Normale,Deux véhicules - côté,,,,,,,,,,,1,2,1,1,3
200800006432,0008-02-22 17:30:00,8,2,22,17,30,820,112,,,,Plein jour,Hors agglomération,Hors intersection,Normale,Deux véhicules - frontale,,,,,,,,,,,1,1,1,1,1
200800006433,0008-02-08 18:45:00,8,2,8,18,45,820,25,"1274, Ch.de Cauty, Brial",43.939,1.309,Nuit avec éclairage allumé,En agglomération,Hors intersection,Normale,Autre collision,,,,,,,,,,,5,2,1,1,6
200800006434,0008-02-14 19:00:00,8,2,14,19,0,690,277,RUE DE LA REPUBLIQUE,,,Nuit avec éclairage allumé,En agglomération,Hors intersection,Normale,Deux véhicules - frontale,,,,,,,,,,,5,2,1,1,1
200800006435,0008-02-03 05:45:00,8,2,3,5,45,690,289,,,,Nuit avec éclairage allumé,Hors agglomération,Giratoire,Normale,Sans collision,,,,,,,,,,,5,1,6,1,7
200800006436,0008-02-05 16:45:00,8,2,5,16,45,690,287,rue des freres lumieres,,,Plein jour,En agglomération,Hors intersection,Normale,Deux véhicules - frontale,,,,,,,,,,,1,2,1,1,1
200800006437,0008-02-21 14:30:00,8,2,21,14,30,690,299,,,,Plein jour,Hors agglomération,Intersection en X,Normale,Deux véhicules - côté,,,,,,,,,,,1,1,2,1,3
200800006438,0008-02-27 11:45:00,8,2,27,11,45,690,289,,,,Plein jour,Hors agglomération,Hors intersection,Normale,Sans collision,,,,,,,,,,,1,1,1,1,7
200800006439,0008-02-17 08:30:00,8,2,17,8,30,690,10,rn7/montee de st germain,,,Plein jour,En agglomération,Hors intersection,Normale,Deux véhicules - frontale,,,,,,,,,,,1,2,1,1,1
200800006440,0008-02-23 19:00:00,8,2,23,19,0,690,112,,,,Crépuscule ou aube,Hors agglomération,Hors intersection,Normale,Deux véhicules - frontale,,,,,,,,,,,2,1,1,1,1
200800006441,0008-02-27 12:45:00,8,2,27,12,45,690,175,,,,Plein jour,Hors agglomération,Hors intersection,Temps couvert,Trois véhicules et plus - collisions multiples,,,,,,,,,,,1,1,1,8,5
200800006442,0008-02-27 17:45:00,8,2,27,17,45,690,57,,,,Plein jour,Hors agglomération,Hors intersection,Pluie légère,Sans collision,,,,,,,,,,,1,1,1,2,7
200800006443,0008-02-17 21:00:00,8,2,17,21,0,690,238,Route de Saint Etienne,,,Nuit avec éclairage allumé,En agglomération,Hors intersection,Normale,Autre collision,,,,,,,,,,,5,2,1,1,6
200800006444,0008-02-26 21:30:00,8,2,26,21,30,690,255,CD489 - maison blanche,,,Nuit avec éclairage allumé,En agglomération,Hors intersection,Pluie légère,Autre collision,,,,,,,,,,,5,2,1,2,6
200800006445,0008-02-27 14:30:00,8,2,27,14,30,690,176,,,,Plein jour,Hors agglomération,Hors intersection,Normale,Deux véhicules - côté,,,,,,,,,,,1,1,1,1,3
200800006446,0008-02-29 18:30:00,8,2,29,18,30,690,151,BOULEVARD TACHON PAQUET,46.067,4.601,Crépuscule ou aube,En agglomération,Hors intersection,Normale,Deux véhicules - frontale,,,,,,,,,,,2,2,1,1,1
200800006447,0008-02-27 12:45:00,8,2,27,12,45,690,106,,,,Plein jour,Hors agglomération,Hors intersection,Pluie légère,Deux véhicules - côté,,,,,,,,,,,1,1,1,2,3
200800006448,0008-02-06 18:30:00,8,2,6,18,30,690,197,,,,Nuit sans éclairage public,Hors agglomération,Hors intersection,Normale,Autre collision,,,,,,,,,,,3,1,1,1,6
200800006449,0008-02-07 17:15:00,8,2,7,17,15,690,242,,,,Plein jour,Hors agglomération,Hors intersection,Normale,Deux véhicules - côté,,,,,,,,,,,1,1,1,1,3
200800006450,0008-02-19 06:45:00,8,2,19,6,45,690,19,,,,Nuit sans éclairage public,Hors agglomération,Hors intersection,Temps couvert,Deux véhicules - frontale,,,,,,,,,,,3,1,1,8,1
200800006451,0008-02-16 16:15:00,8,2,16,16,15,690,157,lieu dit LE GIRERD,,,Nuit sans éclairage public,En agglomération,Hors intersection,Normale,Sans collision,,,,,,,,,,,3,2,1,1,7
200800006452,0008-02-09 22:00:00,8,2,9,22,0,10,336,,,,Nuit sans éclairage public,Hors agglomération,Hors intersection,Normale,Autre collision,,,,,,,,,,,3,1,1,1,6
200800006453,0008-02-26 02:15:00,8,2,26,2,15,10,405,,,,Nuit sans éclairage public,Hors agglomération,Hors intersection,Normale,Autre collision,,,,,,,,,,,3,1,1,1,6
200800006454,0008-02-07 09:30:00,8,2,7,9,30,10,445,,,,Plein jour,Hors agglomération,Intersection en X,Normale,Deux véhicules - côté,,,,,,,,,,,1,1,2,1,3
200800006455,0008-02-08 07:15:00,8,2,8,7,15,10,367,,,,Crépuscule ou aube,Hors agglomération,Hors intersection,Brouillard / fumée,Trois véhicules et plus - collisions multiples,,,,,,,,,,,2,1,1,5,5
200800006456,0008-02-11 10:00:00,8,2,11,10,0,10,304,RD 1075 PK 19+900,,,Plein jour,En agglomération,Hors intersection,Normale,Deux véhicules - arrière,,,,,,,,,,,1,2,1,1,2
200800006457,0008-02-16 14:30:00,8,2,16,14,30,10,422,RD 52,,,Plein jour,En agglomération,Hors intersection,Normale,Deux véhicules - côté,,,,,,,,,,,1,2,1,1,3
200800006458,0008-02-29 18:30:00,8,2,29,18,30,10,454,,,,Plein jour,Hors agglomération,Hors intersection,Normale,Deux véhicules - frontale,,,,,,,,,,,1,1,1,1,1
200800006459,0008-02-20 07:00:00,8,2,20,7,0,10,208,,,,Crépuscule ou aube,Hors agglomération,Hors intersection,Normale,Trois véhicules et plus - collisions multiples,,,,,,,,,,,2,1,1,1,5
200800006460,0008-02-24 17:00:00,8,2,24,17,0,10,292,,,,Plein jour,Hors agglomération,Hors intersection,Normale,Deux véhicules - côté,,,,,,,,,,,1,1,1,1,3
200800006461,0008-02-22 15:30:00,8,2,22,15,30,10,4,,,,Plein jour,Hors agglomération,Hors intersection,Normale,Deux véhicules - frontale,,,,,,,,,,,1,1,1,1,1
200800006462,0008-02-25 18:15:00,8,2,25,18,15,10,279,,,,Plein jour,Hors agglomération,Hors intersection,Normale,Deux véhicules - frontale,,,,,,,,,,,1,1,1,1,1
200800006463,0008-02-04 07:00:00,8,2,4,7,0,10,210,,46.291,5.929,Crépuscule ou aube,Hors agglomération,Hors intersection,Neige / grêle,Autre collision,,,,,,,,,,,2,1,1,4,6
200800006464,0008-02-03 16:15:00,8,2,3,16,15,10,109,,46.15,5.928,Plein jour,Hors agglomération,Hors intersection,Normale,Sans collision,,,,,,,,,,,1,1,1,1,7
200800006465,0008-02-18 10:45:00,8,2,18,10,45,10,260,,45.941,5.057,Plein jour,Hors agglomération,Hors intersection,Normale,Sans collision,,,,,,,,,,,1,1,1,1,7
200800006466,0008-02-16 15:00:00,8,2,16,15,0,10,142,Intersection D22 - D 61,,,Plein jour,En agglomération,Intersection en X,Normale,Deux véhicules - côté,,,,,,,,,,,1,2,2,1,3
200800006467,0008-02-27 13:45:00,8,2,27,13,45,10,362,,,,Plein jour,Hors agglomération,Intersection en X,Normale,Deux véhicules - côté,,,,,,,,,,,1,1,2,1,3
200800006468,0008-02-28 16:00:00,8,2,28,16,0,10,446,,,,Plein jour,Hors agglomération,Hors intersection,Normale,Deux véhicules - frontale,,,,,,,,,,,1,1,1,1,1
200800006469,0008-02-14 14:30:00,8,2,14,14,30,70,319,,,,Plein jour,Hors agglomération,Hors intersection,Normale,Autre collision,,,,,,,,,,,1,1,1,1,6
200800006470,0008-02-10 18:00:00,8,2,10,18,0,70,55,AVENUE DE PROVENCE,,,Crépuscule ou aube,En agglomération,Hors intersection,Normale,Deux véhicules - arrière,,,,,,,,,,,2,2,1,1,2
200800006471,0008-02-23 18:00:00,8,2,23,18,0,70,87,,,,Plein jour,Hors agglomération,Hors intersection,Normale,Autre collision,,,,,,,,,,,1,1,1,1,6
200800006472,0008-02-09 15:45:00,8,2,9,15,45,70,217,,45.05,4.76,Plein jour,Hors agglomération,Hors intersection,Normale,Deux véhicules - frontale,,,,,,,,,,,1,1,1,1,1
200800006473,0008-02-21 17:30:00,8,2,21,17,30,70,215,Lieu-dit Burianne,44.895,4.471,Plein jour,En agglomération,Hors intersection,Normale,Sans collision,,,,,,,,,,,1,2,1,1,7
200800006474,0008-02-12 18:00:00,8,2,12,18,0,70,188,,,,Plein jour,Hors agglomération,Hors intersection,Normale,Deux véhicules - frontale,,,,,,,,,,,1,1,1,1,1
200800006475,0008-02-01 16:00:00,8,2,1,16,0,260,108,quartier MAZOREL,,,Plein jour,En agglomération,Hors intersection,Normale,Deux véhicules - frontale,,,,,,,,,,,1,2,1,1,1
200800006476,0008-02-07 11:45:00,8,2,7,11,45,260,165,,,,Plein jour,En agglomération,Hors intersection,Normale,Deux véhicules - frontale,,,,,,,,,,,1,2,1,1,1
200800006477,0008-02-22 16:30:00,8,2,22,16,30,260,166,AVENUE DE LA REPUBLIQUE,,,Plein jour,En agglomération,Hors intersection,Normale,Autre collision,,,,,,,,,,,1,2,1,1,6
200800006478,0008-02-04 10:00:00,8,2,4,10,0,260,315,,45.014,5.443,Plein jour,Hors agglomération,Hors intersection,Neige / grêle,Deux véhicules - frontale,,,,,,,,,,,1,1,1,4,1
200800006479,0008-02-23 14:15:00,8,2,23,14,15,260,339,,44.604,4.753,Plein jour,Hors agglomération,Hors intersection,Normale,Autre collision,,,,,,,,,,,1,1,1,1,6
200800006480,0008-02-02 15:00:00,8,2,2,15,0,260,264,,44.449,5.372,Plein jour,Hors agglomération,Hors intersection,Normale,Sans collision,,,,,,,,,,,1,1,1,1,7
200800006481,0008-02-07 19:45:00,8,2,7,19,45,260,84,,,,Nuit sans éclairage public,Hors agglomération,Hors intersection,Normale,Autre collision,,,,,,,,,,,3,1,1,1,6
200800006482,0008-02-12 07:45:00,8,2,12,7,45,260,307,,45.025,5.295,Crépuscule ou aube,Hors agglomération,Hors intersection,Normale,Autre collision,,,,,,,,,,,2,1,1,1,6
200800006483,0008-02-21 15:45:00,8,2,21,15,45,260,347,avenue jean jaures,45.077,4.836,Plein jour,En agglomération,Hors intersection,Normale,Deux véhicules - côté,,,,,,,,,,,1,2,1,1,3
200800006484,0008-02-17 06:00:00,8,2,17,6,0,380,175,,45.274,5.912,Nuit sans éclairage public,Hors agglomération,Hors intersection,Normale,Deux véhicules - frontale,,,,,,,,,,,3,1,1,1,1
200800006485,0008-02-22 23:00:00,8,2,22,23,0,380,317,,,,Nuit sans éclairage public,Hors agglomération,Hors intersection,Normale,Deux véhicules - frontale,,,,,,,,,,,3,1,1,1,1
200800006486,0008-02-23 17:00:00,8,2,23,17,0,380,317,rue Benoit Jay,,,Plein jour,En agglomération,Hors intersection,Normale,Deux véhicules - frontale,,,,,,,,,,,1,2,1,1,1