accident_id,datetime,annee,mois,jour,heure,minute,departement,commune_insee,adresse,latitude,longitude,luminosite,agglomeration,intersection,meteo,collision,nb_vehicules,nb_usagers,nb_indemnes,nb_tues,nb_blesses_hosp,nb_blesses_legers,age_cond_1,age_cond_2,veh_type_cond_1,veh_type_cond_2,lum_code,agg_code,int_code,atm_code,col_code
200800007036,0008-02-11 16:30:00,8,2,11,16,30,280,227,,48.598,1.589,Plein jour,Hors agglomération,Hors intersection,Normale,Autre collision,,,,,,,,,,,1,1,1,1,6
200800007037,0008-02-12 16:00:00,8,2,12,16,0,280,74,,48.429,1.806,Plein jour,Hors agglomération,Intersection en X,Normale,Deux véhicules - côté,,,,,,,,,,,1,1,2,1,3
200800007038,0008-02-09 16:00:00,8,2,9,16,0,280,371,RD116,48.857,1.407,Plein jour,En agglomération,Hors intersection,Normale,Deux véhicules - frontale,,,,,,,,,,,1,2,1,1,1
200800007039,0008-02-10 13:30:00,8,2,10,13,30,280,293,RUE DE LA CORDELLE,48.873,1.468,Plein jour,En agglomération,Intersection en X,Normale,Trois véhicules et plus - collisions multiples,,,,,,,,,,,1,2,2,1,5
200800007040,0008-02-22 23:00:00,8,2,22,23,0,280,59,Route de verneuil,48.695,1.072,Nuit avec éclairage allumé,En agglomération,Hors intersection,Normale,Autre collision,,,,,,,,,,,5,2,1,1,6
200800007041,0008-02-26 10:00:00,8,2,26,10,0,360,135,,,,Plein jour,Hors agglomération,Hors intersection,Normale,Deux véhicules - frontale,,,,,,,,,,,1,1,1,1,1
200800007042,0008-02-23 14:30:00,8,2,23,14,30,360,94,,,,Plein jour,Hors agglomération,Hors intersection,Normale,Autre collision,,,,,,,,,,,1,1,1,1,6
200800007043,0008-02-04 19:45:00,8,2,4,19,45,360,118,,46.747,1.412,Nuit sans éclairage public,Hors agglomération,Hors intersection,Normale,Autre collision,,,,,,,,,,,3,1,1,1,6
200800007044,0008-02-13 07:00:00,8,2,13,7,0,360,69,village des champs,47.085,1.342,Crépuscule ou aube,En agglomération,Hors intersection,Normale,Autre collision,,,,,,,,,,,2,2,1,1,6
200800007045,0008-02-21 20:15:00,8,2,21,20,15,360,82,,47.057,1.482,Nuit sans éclairage public,Hors agglomération,Hors intersection,Normale,Deux véhicules - frontale,,,,,,,,,,,3,1,1,1,1
200800007046,0008-02-02 16:00:00,8,2,2,16,0,360,34,,,,Plein jour,Hors agglomération,Hors intersection,Normale,Trois véhicules et plus - collisions multiples,,,,,,,,,,,1,1,1,1,5
200800007047,0008-02-27 20:15:00,8,2,27,20,15,360,34,,,,Nuit sans éclairage public,Hors agglomération,Hors intersection,Pluie légère,Deux véhicules - frontale,,,,,,,,,,,3,1,1,2,1
200800007048,0008-02-09 11:45:00,8,2,9,11,45,360,180,,,,Plein jour,Hors agglomération,Hors intersection,Normale,Deux véhicules - arrière,,,,,,,,,,,1,1,1,1,2
200800007049,0008-02-09 17:15:00,8,2,9,17,15,360,46,avenue Gambetta,,,Plein jour,En agglomération,Hors intersection,Temps éblouissant,Autre collision,,,,,,,,,,,1,2,1,7,6
200800007050,0008-02-09 05:45:00,8,2,9,5,45,360,141,,46.595,1.818,Nuit sans éclairage public,Hors agglomération,Hors intersection,Autre,Deux véhicules - frontale,,,,,,,,,,,3,1,1,9,1
200800007051,0008-02-04 17:15:00,8,2,4,17,15,370,3,quai du general de gaull,47.417,0.982,Plein jour,En agglomération,Hors intersection,Normale,Autre collision,,,,,,,,,,,1,2,1,1,6
200800007052,0008-02-22 12:00:00,8,2,22,12,0,370,3,Pont general LECLERC,47.42,0.984,Plein jour,En agglomération,Hors intersection,Normale,Autre collision,,,,,,,,,,,1,2,1,1,6
200800007053,0008-02-09 16:30:00,8,2,9,16,30,370,139,rue paul louis courrier,47.387,0.556,Plein jour,En agglomération,Hors intersection,Normale,Deux véhicules - côté,,,,,,,,,,,1,2,1,1,3
200800007054,0008-02-10 10:30:00,8,2,10,10,30,370,21,,,,Plein jour,Hors agglomération,Giratoire,Normale,Autre collision,,,,,,,,,,,1,1,6,1,6
200800007055,0008-02-09 09:15:00,8,2,9,9,15,370,30,,47.587,0.861,Plein jour,Hors agglomération,Intersection en X,Normale,Deux véhicules - côté,,,,,,,,,,,1,1,2,1,3
200800007056,0008-02-17 13:45:00,8,2,17,13,45,370,63,avenue andre bertrand CD,47.591,0.905,Plein jour,En agglomération,Hors intersection,Normale,Deux véhicules - frontale,,,,,,,,,,,1,2,1,1,1
200800007057,0008-02-08 14:00:00,8,2,8,14,0,370,72,,,,Plein jour,Hors agglomération,Hors intersection,Normale,Autre collision,,,,,,,,,,,1,1,1,1,6
200800007058,0008-02-21 14:30:00,8,2,21,14,30,370,72,route des loges,47.173,0.286,Plein jour,En agglomération,Hors intersection,Normale,Sans collision,,,,,,,,,,,1,2,1,1,7
200800007059,0008-02-24 03:30:00,8,2,24,3,30,370,34,19 Rue Principale,,,Nuit sans éclairage public,En agglomération,Hors intersection,Normale,Autre collision,,,,,,,,,,,3,2,1,1,6
200800007060,0008-02-06 15:15:00,8,2,6,15,15,370,132,,47.141,0.974,Plein jour,Hors agglomération,Hors intersection,Normale,Deux véhicules - frontale,,,,,,,,,,,1,1,1,1,1
200800007061,0008-02-10 21:45:00,8,2,10,21,45,370,49,,,,Nuit sans éclairage public,Hors agglomération,Intersection en X,Normale,Deux véhicules - côté,,,,,,,,,,,3,1,2,1,3
200800007062,0008-02-02 06:15:00,8,2,2,6,15,370,162,,47.093,0.876,Nuit sans éclairage public,Hors agglomération,Hors intersection,Autre,Sans collision,,,,,,,,,,,3,1,1,9,7
200800007063,0008-02-10 17:15:00,8,2,10,17,15,370,85,,,,Plein jour,Hors agglomération,Hors intersection,Normale,Autre collision,,,,,,,,,,,1,1,1,1,6
200800007064,0008-02-24 18:30:00,8,2,24,18,30,370,104,,,,Crépuscule ou aube,Hors agglomération,Hors intersection,Normale,Deux véhicules - arrière,,,,,,,,,,,2,1,1,1,2
200800007065,0008-02-27 13:45:00,8,2,27,13,45,370,104,,,,Plein jour,Hors agglomération,Hors intersection,Normale,Deux véhicules - frontale,,,,,,,,,,,1,1,1,1,1
200800007066,0008-02-08 16:15:00,8,2,8,16,15,410,19,,47.777,1.32,Plein jour,Hors agglomération,Hors intersection,Normale,Deux véhicules - frontale,,,,,,,,,,,1,1,1,1,1
200800007067,0008-02-22 19:00:00,8,2,22,19,0,410,183,,47.941,1.519,Nuit sans éclairage public,Hors agglomération,Hors intersection,Normale,Sans collision,,,,,,,,,,,3,1,1,1,7
200800007068,0008-02-29 09:00:00,8,2,29,9,0,410,65,,47.774,1.15,Plein jour,Hors agglomération,Hors intersection,Pluie légère,Deux véhicules - côté,,,,,,,,,,,1,1,1,2,3
200800007069,0008-02-03 13:45:00,8,2,3,13,45,410,156,13 route de Blois -,,,Plein jour,En agglomération,Hors intersection,Normale,Autre collision,,,,,,,,,,,1,2,1,1,6
200800007070,0008-02-02 12:15:00,8,2,2,12,15,410,296,,,,Plein jour,Hors agglomération,Hors intersection,Brouillard / fumée,Deux véhicules - côté,,,,,,,,,,,1,1,1,5,3
200800007071,0008-02-11 17:00:00,8,2,11,17,0,410,256,,47.316,2.059,Plein jour,Hors agglomération,Hors intersection,Normale,Deux véhicules - côté,,,,,,,,,,,1,1,1,1,3
200800007072,0008-02-25 09:00:00,8,2,25,9,0,410,241,,47.341,1.933,Plein jour,Hors agglomération,Intersection en X,Normale,Deux véhicules - côté,,,,,,,,,,,1,1,2,1,3
200800007073,0008-02-24 14:00:00,8,2,24,14,0,410,140,,,,Plein jour,Hors agglomération,Hors intersection,Normale,Autre collision,,,,,,,,,,,1,1,1,1,6
200800007074,0008-02-10 15:30:00,8,2,10,15,30,410,131,,,,Plein jour,Hors agglomération,Hors intersection,Normale,Deux véhicules - côté,,,,,,,,,,,1,1,1,1,3
200800007075,0008-02-03 12:15:00,8,2,3,12,15,410,275,,,,Plein jour,Hors agglomération,Hors intersection,Normale,Deux véhicules - côté,,,,,,,,,,,1,1,1,1,3
200800007076,0008-02-23 01:45:00,8,2,23,1,45,330,70,,45.047,-0.91,Nuit sans éclairage public,Hors agglomération,Hors intersection,Brouillard / fumée,Sans collision,,,,,,,,,,,3,1,1,5,7
200800007077,0008-02-22 18:30:00,8,2,22,18,30,290,233,Rue du Bourg Neuf,47.875,-3.545,Plein jour,En agglomération,Hors intersection,Normale,Autre collision,,,,,,,,,,,1,2,1,1,6
200800007078,0008-02-29 16:30:00,8,2,29,16,30,290,241,rond point Jerome Jeanne,47.969,-3.84,Plein jour,En agglomération,Giratoire,Normale,Deux véhicules - côté,,,,,,,,,,,1,2,6,1,3
200800007079,0008-02-05 05:30:00,8,2,5,5,30,950,56,,,,Nuit avec éclairage allumé,Hors agglomération,Giratoire,Pluie forte,Autre collision,,,,,,,,,,,5,1,6,3,6
200800007080,0008-02-22 09:45:00,8,2,22,9,45,950,352,,,,Crépuscule ou aube,Hors agglomération,Hors intersection,Normale,Deux véhicules - côté,,,,,,,,,,,2,1,1,1,3
200800007081,0008-02-08 14:00:00,8,2,8,14,0,950,58,,49.156,2.296,Plein jour,Hors agglomération,Hors intersection,Normale,Deux véhicules - côté,,,,,,,,,,,1,1,1,1,3
200800007082,0008-02-23 06:30:00,8,2,23,6,30,330,199,,,,Nuit sans éclairage public,Hors agglomération,Hors intersection,Normale,Autre collision,,,,,,,,,,,3,1,1,1,6
200800007083,0008-02-15 10:00:00,8,2,15,10,0,330,65,route de Latresne,44.825,-0.512,Plein jour,En agglomération,Hors intersection,Temps éblouissant,Deux véhicules - frontale,,,,,,,,,,,1,2,1,7,1
200800007084,0008-02-07 14:00:00,8,2,7,14,0,130,87,av louis allard,43.484,5.625,Plein jour,En agglomération,Hors intersection,Normale,Deux véhicules - côté,,,,,,,,,,,1,2,1,1,3
200800007085,0008-02-13 08:30:00,8,2,13,8,30,130,87,,43.476,5.618,Plein jour,Hors agglomération,Hors intersection,Normale,Trois véhicules et plus - en chaîne,,,,,,,,,,,1,1,1,1,4
200800007086,0008-02-04 18:15:00,8,2,4,18,15,470,133,,44.087,0.529,Crépuscule ou aube,Hors agglomération,Hors intersection,Temps couvert,Deux véhicules - côté,,,,,,,,,,,2,1,1,8,3
200800007087,0008-02-06 19:30:00,8,2,6,19,30,470,98,,44.112,0.447,Nuit sans éclairage public,Hors agglomération,Hors intersection,Normale,Autre collision,,,,,,,,,,,3,1,1,1,6
200800007088,0008-02-02 10:15:00,8,2,2,10,15,110,144,,,,Plein jour,Hors agglomération,Hors intersection,Normale,Deux véhicules - côté,,,,,,,,,,,1,1,1,1,3
200800007089,0008-02-02 15:15:00,8,2,2,15,15,570,96,,,,Plein jour,Hors agglomération,Hors intersection,Normale,Deux véhicules - côté,,,,,,,,,,,1,1,1,1,3
200800007090,0008-02-16 22:00:00,8,2,16,22,0,340,202,,43.588,3.779,Nuit sans éclairage public,Hors agglomération,Hors intersection,Normale,Sans collision,,,,,,,,,,,3,1,1,1,7
200800007091,0008-02-09 14:45:00,8,2,9,14,45,350,51,,,,Plein jour,Hors agglomération,Hors intersection,Normale,Autre collision,,,,,,,,,,,1,1,1,1,6
200800007092,0008-02-16 14:00:00,8,2,16,14,0,350,51,RUE DE RENNES,,,Plein jour,En agglomération,Hors intersection,Normale,Autre collision,,,,,,,,,,,1,2,1,1,6
200800007093,0008-02-17 14:30:00,8,2,17,14,30,350,51,30 avenue de caradeuc,48.121,-1.598,Plein jour,En agglomération,Hors intersection,Normale,Autre collision,,,,,,,,,,,1,2,1,1,6
200800007094,0008-02-11 23:45:00,8,2,11,23,45,910,249,,,,Nuit sans éclairage public,Hors agglomération,Hors intersection,Normale,Autre collision,,,,,,,,,,,3,1,1,1,6
200800007095,0008-02-26 16:30:00,8,2,26,16,30,910,200,,,,Plein jour,Hors agglomération,Hors intersection,Pluie légère,Sans collision,,,,,,,,,,,1,1,1,2,7
200800007096,0008-02-08 07:45:00,8,2,8,7,45,510,662,,49.278,4.086,Plein jour,Hors agglomération,Intersection en T,Normale,Deux véhicules - côté,,,,,,,,,,,1,1,3,1,3
200800007097,0008-02-12 21:00:00,8,2,12,21,0,510,105,,,,Nuit sans éclairage public,Hors agglomération,Hors intersection,Normale,Trois véhicules et plus - en chaîne,,,,,,,,,,,3,1,1,1,4
200800007098,0008-02-24 18:15:00,8,2,24,18,15,510,329,,,,Plein jour,Hors agglomération,Intersection en X,Normale,Deux véhicules - côté,,,,,,,,,,,1,1,2,1,3
200800007099,0008-02-24 16:30:00,8,2,24,16,30,370,50,cd 910,,,Plein jour,En agglomération,Hors intersection,Normale,Autre collision,,,,,,,,,,,1,2,1,1,6
200800007100,0008-02-09 01:15:00,8,2,9,1,15,770,185,,48.44,2.53,Nuit sans éclairage public,Hors agglomération,Hors intersection,Normale,Sans collision,,,,,,,,,,,3,1,1,1,7
200800007101,0008-02-09 04:15:00,8,2,9,4,15,800,307,,,,Nuit sans éclairage public,Hors agglomération,Hors intersection,Normale,Deux véhicules - arrière,,,,,,,,,,,3,1,1,1,2
200800007102,0008-02-09 18:45:00,8,2,9,18,45,800,521,,,,Nuit sans éclairage public,Hors agglomération,Hors intersection,Normale,Deux véhicules - côté,,,,,,,,,,,3,1,1,1,3
200800007103,0008-02-10 01:45:00,8,2,10,1,45,800,521,,,,Nuit sans éclairage public,Hors agglomération,Hors intersection,Normale,Autre collision,,,,,,,,,,,3,1,1,1,6
200800007104,0008-02-28 21:30:00,8,2,28,21,30,800,204,,,,Nuit sans éclairage public,Hors agglomération,Hors intersection,Pluie légère,Sans collision,,,,,,,,,,,3,1,1,2,7
200800007105,0008-02-09 02:00:00,8,2,9,2,0,710,520,,,,Nuit sans éclairage public,Hors agglomération,Hors intersection,Normale,Deux véhicules - arrière,,,,,,,,,,,3,1,1,1,2
200800007106,0008-02-28 16:00:00,8,2,28,16,0,710,475,,,,Plein jour,Hors agglomération,Hors intersection,Normale,Deux véhicules - côté,,,,,,,,,,,1,1,1,1,3
200800007107,0008-02-03 00:30:00,8,2,3,0,30,710,105,,46.311,4.795,Nuit sans éclairage public,Hors agglomération,Hors intersection,Normale,Sans collision,,,,,,,,,,,3,1,1,1,7
200800007108,0008-02-04 12:45:00,8,2,4,12,45,710,576,,,,Plein jour,Hors agglomération,Hors intersection,Normale,Sans collision,,,,,,,,,,,1,1,1,1,7
200800007109,0008-02-19 17:15:00,8,2,19,17,15,710,270,,46.345,4.846,Plein jour,Hors agglomération,Hors intersection,Normale,Sans collision,,,,,,,,,,,1,1,1,1,7
200800007110,0008-02-23 06:30:00,8,2,23,6,30,890,167,,,,Nuit sans éclairage public,Hors agglomération,Hors intersection,Normale,Deux véhicules - frontale,,,,,,,,,,,3,1,1,1,1
200800007111,0008-02-06 00:15:00,8,2,6,0,15,130,51,,,,Nuit avec éclairage allumé,Hors agglomération,Hors intersection,Normale,Deux véhicules - arrière,,,,,,,,,,,5,1,1,1,2
200800007112,0008-02-29 16:30:00,8,2,29,16,30,300,221,,,,Plein jour,Hors agglomération,Hors intersection,Normale,Deux véhicules - côté,,,,,,,,,,,1,1,1,1,3
200800007113,0008-02-01 19:30:00,8,2,1,19,30,600,513,,,,Nuit sans éclairage public,Hors agglomération,Hors intersection,Temps couvert,Deux véhicules - côté,,,,,,,,,,,3,1,1,8,3
200800007114,0008-02-13 21:30:00,8,2,13,21,30,600,155,,,,Nuit sans éclairage public,Hors agglomération,Hors intersection,Normale,Deux véhicules - frontale,,,,,,,,,,,3,1,1,1,1
200800007115,0008-02-24 20:00:00,8,2,24,20,0,270,91,,49.369,0.845,Nuit sans éclairage public,Hors agglomération,Hors intersection,Pluie légère,Deux véhicules - côté,,,,,,,,,,,3,1,1,2,3
200800007116,0008-02-28 09:30:00,8,2,28,9,30,760,457,,,,Plein jour,Hors agglomération,Hors intersection,Pluie légère,Sans collision,,,,,,,,,,,1,1,1,2,7
200800007117,0008-02-21 06:15:00,8,2,21,6,15,270,188,,49.304,1.121,Nuit sans éclairage public,Hors agglomération,Hors intersection,Normale,Deux véhicules - arrière,,,,,,,,,,,3,1,1,1,2
200800007118,0008-02-01 13:30:00,8,2,1,13,30,600,71,,49.588,2.748,Plein jour,Hors agglomération,Hors intersection,Normale,Autre collision,,,,,,,,,,,1,1,1,1,6
200800007119,0008-02-18 22:15:00,8,2,18,22,15,600,138,,,,Nuit sans éclairage public,Hors agglomération,Hors intersection,Normale,Trois véhicules et plus - collisions multiples,,,,,,,,,,,3,1,1,1,5
200800007120,0008-02-18 07:30:00,8,2,18,7,30,380,357,,45.544,5.53,Crépuscule ou aube,Hors agglomération,Hors intersection,Normale,Deux véhicules - arrière,,,,,,,,,,,2,1,1,1,2
200800007121,0008-02-25 08:15:00,8,2,25,8,15,380,357,,45.569,5.523,Plein jour,Hors agglomération,Hors intersection,Normale,Deux véhicules - arrière,,,,,,,,,,,1,1,1,1,2
200800007122,0008-02-05 12:00:00,8,2,5,12,0,680,278,23 grand rue,,,Plein jour,En agglomération,Hors intersection,Normale,Autre collision,,,,,,,,,,,1,2,1,1,6
200800007123,0008-02-20 13:30:00,8,2,20,13,30,680,118,RD56bis,,,Plein jour,En agglomération,Hors intersection,Pluie légère,Deux véhicules - côté,,,,,,,,,,,1,2,1,2,3
200800007124,0008-02-13 18:45:00,8,2,13,18,45,530,39,place du vieux marche,48.167,-0.969,Nuit avec éclairage allumé,En agglomération,Hors intersection,Normale,Deux véhicules - côté,,,,,,,,,,,5,2,1,1,3
200800007125,0008-02-03 19:30:00,8,2,3,19,30,950,580,,,,Nuit sans éclairage public,Hors agglomération,Hors intersection,Normale,Deux véhicules - côté,,,,,,,,,,,3,1,1,1,3
200800007126,0008-02-05 09:00:00,8,2,5,9,0,950,371,,49.089,2.53,Plein jour,Hors agglomération,Hors intersection,Normale,Deux véhicules - frontale,,,,,,,,,,,1,1,1,1,1
200800007127,0008-02-12 16:15:00,8,2,12,16,15,950,604,,,,Plein jour,Hors agglomération,Hors intersection,Normale,Deux véhicules - frontale,,,,,,,,,,,1,1,1,1,1
200800007128,0008-02-15 15:30:00,8,2,15,15,30,950,250,Avenue Henri Barbusses,,,Plein jour,En agglomération,Hors intersection,Normale,Autre collision,,,,,,,,,,,1,2,1,1,6
200800007129,0008-02-14 16:45:00,8,2,14,16,45,310,22,30 chemin MERIC,,,Plein jour,En agglomération,Hors intersection,Normale,Deux véhicules - côté,,,,,,,,,,,1,2,1,1,3
200800007130,0008-02-26 09:30:00,8,2,26,9,30,830,140,,,,Plein jour,Hors agglomération,Hors intersection,Normale,Trois véhicules et plus - collisions multiples,,,,,,,,,,,1,1,1,1,5
200800007131,0008-02-25 22:30:00,8,2,25,22,30,830,140,,,,Nuit sans éclairage public,Hors agglomération,Hors intersection,Normale,Sans collision,,,,,,,,,,,3,1,1,1,7
200800007132,0008-02-02 22:15:00,8,2,2,22,15,410,206,,,,Nuit sans éclairage public,Hors agglomération,Hors intersection,Normale,Deux véhicules - frontale,,,,,,,,,,,3,1,1,1,1
200800007133,0008-02-29 21:00:00,8,2,29,21,0,340,294,,,,Nuit sans éclairage public,Hors agglomération,Autre intersection,Normale,Autre collision,,,,,,,,,,,3,1,9,1,6
200800007134,0008-02-13 10:00:00,8,2,13,10,0,280,29,,,,Plein jour,Hors agglomération,Hors intersection,Normale,Sans collision,,,,,,,,,,,1,1,1,1,7
200800007135,0008-02-22 04:00:00,8,2,22,4,0,730,304,,,,Nuit avec éclairage allumé,En agglomération,Hors intersection,Normale,Autre collision,,,,,,,,,,,5,2,1,1,6
200800007136,0008-02-19 19:15:00,8,2,19,19,15,210,54,,,,Nuit avec éclairage allumé,Hors agglomération,Hors intersection,Normale,Deux véhicules - arrière,,,,,,,,,,,5,1,1,1,2
200800007137,0008-02-26 15:15:00,8,2,26,15,15,380,508,,45.522,5.409,Plein jour,Hors agglomération,Hors intersection,Normale,Autre collision,,,,,,,,,,,1,1,1,1,6
200800007138,0008-02-06 12:45:00,8,2,6,12,45,130,11,,43.754,4.834,Plein jour,Hors agglomération,Hors intersection,Normale,Autre collision,,,,,,,,,,,1,1,1,1,6
200800007139,0008-02-16 08:45:00,8,2,16,8,45,410,50,,,,Plein jour,Hors agglomération,Hors intersection,Normale,Autre collision,,,,,,,,,,,1,1,1,1,6
200800007140,0008-02-25 08:00:00,8,2,25,8,0,410,59,,,,Plein jour,Hors agglomération,Hors intersection,Pluie légère,Sans collision,,,,,,,,,,,1,1,1,2,7
200800007141,0008-02-08 18:00:00,8,2,8,18,0,290,130,,48.386,-4.624,Crépuscule ou aube,Hors agglomération,Hors intersection,Temps éblouissant,Deux véhicules - côté,,,,,,,,,,,2,1,1,7,3
200800007142,0008-02-19 08:45:00,8,2,19,8,45,340,213,,43.484,3.677,Plein jour,Hors agglomération,Hors intersection,Normale,Trois véhicules et plus - en chaîne,,,,,,,,,,,1,1,1,1,4
200800007143,0008-02-05 01:15:00,8,2,5,1,15,330,331,,,,Nuit sans éclairage public,Hors agglomération,Hors intersection,Normale,Autre collision,,,,,,,,,,,3,1,1,1,6
200800007144,0008-02-09 15:30:00,8,2,9,15,30,630,241,,,,Plein jour,Hors agglomération,Hors intersection,Temps éblouissant,Autre collision,,,,,,,,,,,1,1,1,7,6
200800007145,0008-02-09 04:30:00,8,2,9,4,30,510,599,,49.101,4.256,Nuit sans éclairage public,Hors agglomération,Hors intersection,Normale,Sans collision,,,,,,,,,,,3,1,1,1,7
200800007146,0008-02-25 11:15:00,8,2,25,11,15,510,657,,49.246,3.915,Plein jour,Hors agglomération,Hors intersection,Normale,Sans collision,,,,,,,,,,,1,1,1,1,7
200800007147,0008-02-03 13:15:00,8,2,3,13,15,380,433,,,,Plein jour,Hors agglomération,Hors intersection,Neige / grêle,Deux véhicules - frontale,,,,,,,,,,,1,1,1,4,1
200800007148,0008-02-27 20:15:00,8,2,27,20,15,380,5,,45.121,6.015,Nuit avec éclairage allumé,Hors agglomération,Hors intersection,Normale,Trois véhicules et plus - collisions multiples,,,,,,,,,,,5,1,1,1,5
200800007149,0008-02-07 17:00:00,8,2,7,17,0,570,606,,,,Crépuscule ou aube,Hors agglomération,Hors intersection,Brouillard / fumée,Deux véhicules - arrière,,,,,,,,,,,2,1,1,5,2
200800007150,0008-02-10 16:30:00,8,2,10,16,30,660,190,,42.865,2.966,Plein jour,Hors agglomération,Hors intersection,Normale,Deux véhicules - arrière,,,,,,,,,,,1,1,1,1,2
200800007151,0008-02-16 09:45:00,8,2,16,9,45,380,431,,,,Nuit sans éclairage public,Hors agglomération,Hors intersection,Normale,Deux véhicules - arrière,,,,,,,,,,,3,1,1,1,2
200800007152,0008-02-22 17:45:00,8,2,22,17,45,380,249,,45.22,5.81,Plein jour,Hors agglomération,Hors intersection,Normale,Sans collision,,,,,,,,,,,1,1,1,1,7
200800007153,0008-02-04 17:30:00,8,2,4,17,30,860,174,,,,Plein jour,Hors agglomération,Hors intersection,Normale,Autre collision,,,,,,,,,,,1,1,1,1,6
200800007154,0008-02-20 12:00:00,8,2,20,12,0,860,66,,,,Plein jour,Hors agglomération,Hors intersection,Temps couvert,Trois véhicules et plus - en chaîne,,,,,,,,,,,1,1,1,8,4
200800007155,0008-02-27 19:30:00,8,2,27,19,30,860,174,,,,Nuit sans éclairage public,Hors agglomération,Hors intersection,Pluie légère,Autre collision,,,,,,,,,,,3,1,1,2,6
200800007156,0008-02-01 09:00:00,8,2,1,9,0,130,7,,43.359,5.622,Plein jour,Hors agglomération,Hors intersection,Normale,Deux véhicules - arrière,,,,,,,,,,,1,1,1,1,2
200800007157,0008-02-04 07:45:00,8,2,4,7,45,130,1,,43.518,5.475,Crépuscule ou aube,Hors agglomération,Autre intersection,Pluie légère,Trois véhicules et plus - collisions multiples,,,,,,,,,,,2,1,9,2,5
200800007158,0008-02-07 08:00:00,8,2,7,8,0,130,1,,,,Plein jour,Hors agglomération,Hors intersection,Normale,Deux véhicules - côté,,,,,,,,,,,1,1,1,1,3
200800007159,0008-02-01 23:45:00,8,2,1,23,45,590,37,rue karl Marx,50.206,3.379,Nuit avec éclairage allumé,En agglomération,Hors intersection,Normale,Sans collision,,,,,,,,,,,5,2,1,1,7
200800007160,0008-02-25 20:00:00,8,2,25,20,0,720,386,,,,Nuit sans éclairage public,Hors agglomération,Autre intersection,Normale,Deux véhicules - arrière,,,,,,,,,,,3,1,9,1,2
200800007161,0008-02-10 18:30:00,8,2,10,18,30,910,573,,48.611,2.504,Nuit sans éclairage public,Hors agglomération,Hors intersection,Normale,Deux véhicules - côté,,,,,,,,,,,3,1,1,1,3
200800007162,0008-02-12 18:15:00,8,2,12,18,15,330,284,,44.66,-0.83,Plein jour,Hors agglomération,Hors intersection,Normale,Autre collision,,,,,,,,,,,1,1,1,1,6
200800007163,0008-02-10 19:30:00,8,2,10,19,30,820,25,,43.96,1.327,Nuit sans éclairage public,Hors agglomération,Hors intersection,Normale,Trois véhicules et plus - collisions multiples,,,,,,,,,,,3,1,1,1,5
200800007164,0008-02-28 04:15:00,8,2,28,4,15,390,233,,,,Nuit sans éclairage public,Hors agglomération,Hors intersection,Normale,Deux véhicules - arrière,,,,,,,,,,,3,1,1,1,2
200800007165,0008-02-08 14:30:00,8,2,8,14,30,780,466,CD 113,,,Plein jour,En agglomération,Hors intersection,Normale,Deux véhicules - côté,,,,,,,,,,,1,2,1,1,3
200800007166,0008-02-25 07:00:00,8,2,25,7,0,780,10,,48.919,1.903,Crépuscule ou aube,Hors agglomération,Hors intersection,Normale,Sans collision,,,,,,,,,,,2,1,1,1,7
200800007167,0008-02-19 17:15:00,8,2,19,17,15,330,122,,,,Plein jour,Hors agglomération,Hors intersection,Normale,Deux véhicules - frontale,,,,,,,,,,,1,1,1,1,1
200800007168,0008-02-03 04:30:00,8,2,3,4,30,170,465,,45.963,-0.549,Nuit sans éclairage public,Hors agglomération,Hors intersection,Normale,Deux véhicules - arrière,,,,,,,,,,,3,1,1,1,2
200800007169,0008-02-05 08:45:00,8,2,5,8,45,740,309,,46.124,6.011,Plein jour,Hors agglomération,Autre intersection,Normale,Deux véhicules - côté,,,,,,,,,,,1,1,9,1,3
200800007170,0008-02-06 19:45:00,8,2,6,19,45,220,251,37 rue de st brieuc,48.572,-2.815,Nuit avec éclairage allumé,En agglomération,Hors intersection,Normale,Autre collision,,,,,,,,,,,5,2,1,1,6
200800007171,0008-02-21 19:30:00,8,2,21,19,30,220,144,,48.496,-2.846,Nuit sans éclairage public,Hors agglomération,Hors intersection,Normale,Deux véhicules - frontale,,,,,,,,,,,3,1,1,1,1
200800007172,0008-02-10 14:00:00,8,2,10,14,0,740,76,lieu dit Rossy,,,Plein jour,En agglomération,Hors intersection,Normale,Deux véhicules - côté,,,,,,,,,,,1,2,1,1,3
200800007173,0008-02-16 14:15:00,8,2,16,14,15,740,268,,,,Plein jour,Hors agglomération,Hors intersection,Normale,Deux véhicules - arrière,,,,,,,,,,,1,1,1,1,2
200800007174,0008-02-19 15:15:00,8,2,19,15,15,740,213,route d'Annecy,,,Plein jour,En agglomération,Hors intersection,Normale,Deux véhicules - côté,,,,,,,,,,,1,2,1,1,3