accident_id,datetime,annee,mois,jour,heure,minute,departement,commune_insee,adresse,latitude,longitude,luminosite,agglomeration,intersection,meteo,collision,nb_vehicules,nb_usagers,nb_indemnes,nb_tues,nb_blesses_hosp,nb_blesses_legers,age_cond_1,age_cond_2,veh_type_cond_1,veh_type_cond_2,lum_code,agg_code,int_code,atm_code,col_code
200800007175,0008-02-20 15:45:00,8,2,20,15,45,740,268,champ de la taillee,,,Plein jour,En agglomération,Hors intersection,Normale,Autre collision,,,,,,,,,,,1,2,1,1,6
200800007176,0008-02-08 12:30:00,8,2,8,12,30,10,43,,45.824,4.991,Plein jour,Hors agglomération,Hors intersection,Normale,Sans collision,,,,,,,,,,,1,1,1,1,7
200800007177,0008-02-09 05:30:00,8,2,9,5,30,420,256,Boulevard Chazrles JANIN,45.497,4.161,Nuit avec éclairage allumé,En agglomération,Hors intersection,Normale,Autre collision,,,,,,,,,,,5,2,1,1,6
200800007178,0008-02-13 17:15:00,8,2,13,17,15,910,244,,,,Plein jour,Hors agglomération,Hors intersection,Temps éblouissant,Deux véhicules - côté,,,,,,,,,,,1,1,1,7,3
200800007179,0008-02-19 04:00:00,8,2,19,4,0,510,571,,49.207,4.25,Nuit sans éclairage public,Hors agglomération,Hors intersection,Normale,Autre collision,,,,,,,,,,,3,1,1,1,6
200800007180,0008-02-27 16:00:00,8,2,27,16,0,510,79,ROUTE D AMBONNAY,49.084,4.152,Plein jour,En agglomération,Intersection en T,Normale,Deux véhicules - côté,,,,,,,,,,,1,2,3,1,3
200800007181,0008-02-02 17:30:00,8,2,2,17,30,620,543,,50.628,2.303,Plein jour,Hors agglomération,Hors intersection,Normale,Deux véhicules - arrière,,,,,,,,,,,1,1,1,1,2
200800007182,0008-02-04 19:15:00,8,2,4,19,15,620,645,,50.99,2.111,Nuit sans éclairage public,Hors agglomération,Hors intersection,Pluie forte,Deux véhicules - frontale,,,,,,,,,,,3,1,1,3,1
200800007183,0008-02-16 17:30:00,8,2,16,17,30,60,18,,,,Plein jour,Hors agglomération,Giratoire,Normale,Autre collision,,,,,,,,,,,1,1,6,1,6
200800007184,0008-02-27 13:00:00,8,2,27,13,0,690,63,RUE DE GELIVES,,,Plein jour,En agglomération,Hors intersection,Normale,Deux véhicules - côté,,,,,,,,,,,1,2,1,1,3
200800007185,0008-02-14 07:45:00,8,2,14,7,45,740,11,,,,Plein jour,En agglomération,Intersection en T,Normale,Deux véhicules - côté,,,,,,,,,,,1,2,3,1,3
200800007186,0008-02-17 17:45:00,8,2,17,17,45,740,282,,,,Crépuscule ou aube,Hors agglomération,Hors intersection,Autre,Deux véhicules - frontale,,,,,,,,,,,2,1,1,9,1
200800007187,0008-02-14 18:45:00,8,2,14,18,45,740,299,Rue de la Tournette,45.889,6.177,Nuit avec éclairage allumé,En agglomération,Hors intersection,Normale,Autre collision,,,,,,,,,,,5,2,1,1,6
200800007188,0008-02-23 13:00:00,8,2,23,13,0,740,299,,45.888,6.178,Plein jour,En agglomération,Hors intersection,Normale,Deux véhicules - arrière,,,,,,,,,,,1,2,1,1,2
200800007189,0008-02-29 04:45:00,8,2,29,4,45,740,299,,45.898,6.169,Nuit sans éclairage public,Hors agglomération,Hors intersection,Normale,Autre collision,,,,,,,,,,,3,1,1,1,6
200800007190,0008-02-11 07:45:00,8,2,11,7,45,340,116,rues Portail/Gerbe/Ecole,,,Crépuscule ou aube,En agglomération,Hors intersection,Normale,Deux véhicules - frontale,,,,,,,,,,,2,2,1,1,1
200800007191,0008-02-25 07:45:00,8,2,25,7,45,340,116,route de Montpellier,,,Plein jour,En agglomération,Hors intersection,Temps couvert,Deux véhicules - côté,,,,,,,,,,,1,2,1,8,3
200800007192,0008-02-06 15:45:00,8,2,6,15,45,350,210,La planche fagline,48.153,-1.756,Plein jour,En agglomération,Giratoire,Normale,Deux véhicules - côté,,,,,,,,,,,1,2,6,1,3
200800007193,0008-02-04 17:00:00,8,2,4,17,0,560,243,rue GEISPOLSHEIM,47.656,-2.719,Plein jour,En agglomération,Giratoire,Normale,Deux véhicules - côté,,,,,,,,,,,1,2,6,1,3
200800007194,0008-02-06 12:45:00,8,2,6,12,45,560,214,,,,Plein jour,Hors agglomération,Hors intersection,Normale,Deux véhicules - frontale,,,,,,,,,,,1,1,1,1,1
200800007195,0008-02-07 21:45:00,8,2,7,21,45,560,240,rue Adrien Regent,47.532,-2.77,Nuit avec éclairage allumé,En agglomération,Hors intersection,Normale,Deux véhicules - côté,,,,,,,,,,,5,2,1,1,3
200800007196,0008-02-29 13:45:00,8,2,29,13,45,880,22,,,,Plein jour,Hors agglomération,Hors intersection,Pluie légère,Deux véhicules - frontale,,,,,,,,,,,1,1,1,2,1
200800007197,0008-02-20 08:15:00,8,2,20,8,15,130,48,,,,Plein jour,Hors agglomération,Hors intersection,Normale,Sans collision,,,,,,,,,,,1,1,1,1,7
200800007198,0008-02-15 17:00:00,8,2,15,17,0,140,400,,49.291,-0.598,Plein jour,Hors agglomération,Hors intersection,Normale,Sans collision,,,,,,,,,,,1,1,1,1,7
200800007199,0008-02-02 08:45:00,8,2,2,8,45,130,44,,,,Plein jour,Hors agglomération,Hors intersection,Normale,Autre collision,,,,,,,,,,,1,1,1,1,6
200800007200,0008-02-20 08:15:00,8,2,20,8,15,130,51,,,,Plein jour,Hors agglomération,Hors intersection,Normale,Autre collision,,,,,,,,,,,1,1,1,1,6
200800007201,0008-02-25 05:15:00,8,2,25,5,15,630,311,,,,Nuit sans éclairage public,Hors agglomération,Hors intersection,Normale,Deux véhicules - arrière,,,,,,,,,,,3,1,1,1,2
200800007202,0008-02-08 07:00:00,8,2,8,7,0,60,90,,,,Crépuscule ou aube,Hors agglomération,Hors intersection,Normale,Deux véhicules - frontale,,,,,,,,,,,2,1,1,1,1
200800007203,0008-02-09 20:45:00,8,2,9,20,45,490,127,,,,Nuit sans éclairage public,Hors agglomération,Hors intersection,Normale,Deux véhicules - frontale,,,,,,,,,,,3,1,1,1,1
200800007204,0008-02-02 07:45:00,8,2,2,7,45,400,75,,,,Crépuscule ou aube,Hors agglomération,Hors intersection,Normale,Sans collision,,,,,,,,,,,2,1,1,1,7
200800007205,0008-02-07 18:45:00,8,2,7,18,45,670,152,,48.523,7.696,Nuit sans éclairage public,Hors agglomération,Hors intersection,Normale,Deux véhicules - côté,,,,,,,,,,,3,1,1,1,3
200800007206,0008-02-10 12:30:00,8,2,10,12,30,60,89,,43.673,6.986,Plein jour,Hors agglomération,Hors intersection,Normale,Deux véhicules - frontale,,,,,,,,,,,1,1,1,1,1
200800007207,0008-02-15 15:00:00,8,2,15,15,0,40,242,,,,Plein jour,Hors agglomération,Hors intersection,Normale,Autre collision,,,,,,,,,,,1,1,1,1,6
200800007208,0008-02-13 13:45:00,8,2,13,13,45,380,239,,45.303,5.577,Plein jour,Hors agglomération,Hors intersection,Normale,Autre collision,,,,,,,,,,,1,1,1,1,6
200800007209,0008-02-29 07:00:00,8,2,29,7,0,640,94,,43.505,-1.236,Nuit sans éclairage public,Hors agglomération,Hors intersection,Autre,Deux véhicules - arrière,,,,,,,,,,,3,1,1,9,2
200800007210,0008-02-17 13:45:00,8,2,17,13,45,620,654,,,,Plein jour,Hors agglomération,Hors intersection,Normale,Deux véhicules - frontale,,,,,,,,,,,1,1,1,1,1
200800007211,0008-02-07 02:45:00,8,2,7,2,45,310,216,,,,Nuit sans éclairage public,Hors agglomération,Hors intersection,Brouillard / fumée,Deux véhicules - arrière,,,,,,,,,,,3,1,1,5,2
200800007212,0008-02-22 15:30:00,8,2,22,15,30,770,453,,48.546,2.792,Plein jour,Hors agglomération,Hors intersection,Normale,Sans collision,,,,,,,,,,,1,1,1,1,7
200800007213,0008-02-01 19:45:00,8,2,1,19,45,600,480,,,,Nuit sans éclairage public,Hors agglomération,Hors intersection,Neige / grêle,Trois véhicules et plus - collisions multiples,,,,,,,,,,,3,1,1,4,5
200800007214,0008-02-21 09:30:00,8,2,21,9,30,130,50,,43.642,5.278,Plein jour,Hors agglomération,Hors intersection,Normale,Deux véhicules - côté,,,,,,,,,,,1,1,1,1,3
200800007215,0008-02-06 05:45:00,8,2,6,5,45,850,223,,46.58,-1.117,Nuit sans éclairage public,Hors agglomération,Hors intersection,Normale,Deux véhicules - frontale,,,,,,,,,,,3,1,1,1,1
200800007216,0008-02-06 22:15:00,8,2,6,22,15,310,458,,,,Nuit sans éclairage public,Hors agglomération,Hors intersection,Normale,Autre collision,,,,,,,,,,,3,1,1,1,6
200800007217,0008-02-12 19:30:00,8,2,12,19,30,740,312,,46.07,6.513,Nuit avec éclairage allumé,Hors agglomération,Intersection en X,Normale,Deux véhicules - côté,,,,,,,,,,,5,1,2,1,3
200800007218,0008-02-15 17:30:00,8,2,15,17,30,740,174,RD 26 PK 27 + 500M,,,Plein jour,En agglomération,Hors intersection,Normale,Sans collision,,,,,,,,,,,1,2,1,1,7
200800007219,0008-02-19 09:45:00,8,2,19,9,45,800,717,,,,Plein jour,Hors agglomération,Hors intersection,Normale,Sans collision,,,,,,,,,,,1,1,1,1,7
200800007220,0008-02-21 10:00:00,8,2,21,10,0,710,157,,,,Plein jour,Hors agglomération,Hors intersection,Temps couvert,Trois véhicules et plus - collisions multiples,,,,,,,,,,,1,1,1,8,5
200800007221,0008-02-20 07:30:00,8,2,20,7,30,440,98,,47.81,-2.35,Crépuscule ou aube,Hors agglomération,Hors intersection,Normale,Deux véhicules - arrière,,,,,,,,,,,2,1,1,1,2
200800007222,0008-02-01 07:45:00,8,2,1,7,45,190,72,,45.222,1.513,Crépuscule ou aube,Hors agglomération,Hors intersection,Pluie légère,Deux véhicules - arrière,,,,,,,,,,,2,1,1,2,2
200800007223,0008-02-12 10:00:00,8,2,12,10,0,340,114,,,,Plein jour,Hors agglomération,Hors intersection,Normale,Deux véhicules - frontale,,,,,,,,,,,1,1,1,1,1
200800007224,0008-02-19 07:00:00,8,2,19,7,0,340,36,,,,Crépuscule ou aube,Hors agglomération,Hors intersection,Pluie légère,Autre collision,,,,,,,,,,,2,1,1,2,6
200800007225,0008-02-27 19:45:00,8,2,27,19,45,340,282,,,,Nuit sans éclairage public,Hors agglomération,Hors intersection,Normale,Autre collision,,,,,,,,,,,3,1,1,1,6
200800007226,0008-02-09 17:45:00,8,2,9,17,45,780,561,,48.744,2.022,Plein jour,Hors agglomération,Hors intersection,Normale,Deux véhicules - côté,,,,,,,,,,,1,1,1,1,3
200800007227,0008-02-14 22:45:00,8,2,14,22,45,780,356,,48.746,2.021,Nuit sans éclairage public,Hors agglomération,Hors intersection,Normale,Deux véhicules - frontale,,,,,,,,,,,3,1,1,1,1
200800007228,0008-02-16 16:45:00,8,2,16,16,45,780,356,15 Chemin de la Chapelle,48.747,2.055,Plein jour,En agglomération,Hors intersection,Temps éblouissant,Autre collision,,,,,,,,,,,1,2,1,7,6
200800007229,0008-02-16 19:15:00,8,2,16,19,15,720,198,,48.079,0.129,Nuit sans éclairage public,Hors agglomération,Hors intersection,Normale,Autre collision,,,,,,,,,,,3,1,1,1,6
200800007230,0008-02-25 01:45:00,8,2,25,1,45,460,204,,44.826,1.476,Nuit sans éclairage public,Hors agglomération,Hors intersection,Normale,Autre collision,,,,,,,,,,,3,1,1,1,6
200800007231,0008-02-09 17:00:00,8,2,9,17,0,490,355,,,,Plein jour,Hors agglomération,Hors intersection,Normale,Autre collision,,,,,,,,,,,1,1,1,1,6
200800007232,0008-02-05 18:30:00,8,2,5,18,30,670,498,,,,Plein jour,Hors agglomération,Hors intersection,Pluie légère,Trois véhicules et plus - collisions multiples,,,,,,,,,,,1,1,1,2,5
200800007233,0008-02-10 12:30:00,8,2,10,12,30,670,358,18 RUE DE LA LIBERATION,,,Plein jour,En agglomération,Hors intersection,Normale,Deux véhicules - côté,,,,,,,,,,,1,2,1,1,3
200800007234,0008-02-03 09:15:00,8,2,3,9,15,310,547,,,,Plein jour,Hors agglomération,Intersection en X,Normale,Deux véhicules - côté,,,,,,,,,,,1,1,2,1,3
200800007235,0008-02-02 01:45:00,8,2,2,1,45,300,47,,43.817,4.417,Nuit sans éclairage public,Hors agglomération,Giratoire,Pluie légère,Sans collision,,,,,,,,,,,3,1,6,2,7
200800007236,0008-02-16 04:00:00,8,2,16,4,0,300,34,,43.735,4.465,Nuit sans éclairage public,Hors agglomération,Hors intersection,Normale,Autre collision,,,,,,,,,,,3,1,1,1,6
200800007237,0008-02-23 17:30:00,8,2,23,17,30,300,34,,43.779,4.467,Plein jour,Hors agglomération,Hors intersection,Normale,Deux véhicules - côté,,,,,,,,,,,1,1,1,1,3
200800007238,0008-02-27 18:45:00,8,2,27,18,45,300,135,32 bis rue de nimes,,,Nuit avec éclairage allumé,En agglomération,Hors intersection,Normale,Deux véhicules - frontale,,,,,,,,,,,5,2,1,1,1
200800007239,0008-02-17 07:15:00,8,2,17,7,15,340,192,Avenue Etang du Grec,,,Plein jour,En agglomération,Hors intersection,Normale,Autre collision,,,,,,,,,,,1,2,1,1,6
200800007240,0008-02-10 14:00:00,8,2,10,14,0,760,255,,50.06,1.41,Plein jour,Hors agglomération,Hors intersection,Temps éblouissant,Deux véhicules - frontale,,,,,,,,,,,1,1,1,7,1
200800007241,0008-02-11 18:30:00,8,2,11,18,30,760,442,,49.994,1.439,Crépuscule ou aube,Hors agglomération,Hors intersection,Normale,Deux véhicules - arrière,,,,,,,,,,,2,1,1,1,2
200800007242,0008-02-03 13:15:00,8,2,3,13,15,600,539,,,,Plein jour,Hors agglomération,Hors intersection,Normale,Deux véhicules - frontale,,,,,,,,,,,1,1,1,1,1
200800007243,0008-02-14 06:15:00,8,2,14,6,15,310,541,ROUTE DE GRENADE,43.694,1.359,Nuit sans éclairage public,En agglomération,Hors intersection,Normale,Autre collision,,,,,,,,,,,3,2,1,1,6
200800007244,0008-02-17 23:30:00,8,2,17,23,30,950,510,,,,Nuit sans éclairage public,Hors agglomération,Hors intersection,Normale,Sans collision,,,,,,,,,,,3,1,1,1,7
200800007245,0008-02-24 00:45:00,8,2,24,0,45,950,388,Cote du parc,,,Nuit sans éclairage public,En agglomération,Hors intersection,Normale,Deux véhicules - frontale,,,,,,,,,,,3,2,1,1,1
200800007246,0008-02-25 09:15:00,8,2,25,9,15,950,480,02 rue du president wils,49.105,2.204,Plein jour,En agglomération,Hors intersection,Normale,Deux véhicules - arrière,,,,,,,,,,,1,2,1,1,2
200800007247,0008-02-18 05:30:00,8,2,18,5,30,560,94,Giratoire de Kergo,47.766,-3.284,Nuit avec éclairage allumé,En agglomération,Giratoire,Normale,Sans collision,,,,,,,,,,,5,2,6,1,7
200800007248,0008-02-23 09:30:00,8,2,23,9,30,560,148,,47.777,-3.18,Nuit sans éclairage public,Hors agglomération,Hors intersection,Normale,Autre collision,,,,,,,,,,,3,1,1,1,6
200800007249,0008-02-24 15:00:00,8,2,24,15,0,560,177,rue de St Michel,,,Plein jour,En agglomération,Hors intersection,Normale,Autre collision,,,,,,,,,,,1,2,1,1,6
200800007250,0008-02-24 19:45:00,8,2,24,19,45,560,175,,47.728,-2.958,Nuit sans éclairage public,Hors agglomération,Hors intersection,Temps couvert,Sans collision,,,,,,,,,,,3,1,1,8,7
200800007251,0008-02-29 18:00:00,8,2,29,18,0,560,90,,,,Crépuscule ou aube,Hors agglomération,Hors intersection,Pluie légère,Trois véhicules et plus - collisions multiples,,,,,,,,,,,2,1,1,2,5
200800007252,0008-02-16 03:30:00,8,2,16,3,30,440,9,RTE DES LANDES DE LA PLE,47.209,-1.467,Nuit avec éclairage non allumé,En agglomération,Hors intersection,Normale,Autre collision,,,,,,,,,,,4,2,1,1,6
200800007253,0008-02-15 07:45:00,8,2,15,7,45,690,100,29 rue du lac,,,Plein jour,En agglomération,Hors intersection,Normale,Autre collision,,,,,,,,,,,1,2,1,1,6
200800007254,0008-02-18 18:00:00,8,2,18,18,0,690,46,ROUTE DE FRONTIGNY,45.652,4.791,Plein jour,En agglomération,Hors intersection,Normale,Autre collision,,,,,,,,,,,1,2,1,1,6
200800007255,0008-02-04 15:30:00,8,2,4,15,30,610,385,,,,Plein jour,Hors agglomération,Hors intersection,Neige / grêle,Sans collision,,,,,,,,,,,1,1,1,4,7
200800007256,0008-02-26 12:30:00,8,2,26,12,30,370,226,,,,Plein jour,Hors agglomération,Hors intersection,Temps couvert,Sans collision,,,,,,,,,,,1,1,1,8,7
200800007257,0008-02-10 13:00:00,8,2,10,13,0,360,97,,47.026,1.787,Plein jour,Hors agglomération,Hors intersection,Normale,Autre collision,,,,,,,,,,,1,1,1,1,6
200800007258,0008-02-13 12:15:00,8,2,13,12,15,80,403,,49.506,4.353,Plein jour,Hors agglomération,Hors intersection,Normale,Deux véhicules - arrière,,,,,,,,,,,1,1,1,1,2
200800007259,0008-02-01 17:10:00,8,2,1,17,10,10,53,SEMARD ( AVENUE PIERRE),,,Plein jour,En agglomération,Intersection en X,Pluie légère,Deux véhicules - côté,,,,,,,,,,,1,2,2,2,3
200800007260,0008-02-04 19:05:00,8,2,4,19,5,10,53,"23, BOURGMAYER ( RUE)",,,Nuit avec éclairage allumé,En agglomération,Intersection en T,Pluie légère,Autre collision,,,,,,,,,,,5,2,3,2,6
200800007261,0008-02-07 16:25:00,8,2,7,16,25,10,451,"1072, CHAMPAGNE ( CHEMIN",,,Plein jour,En agglomération,Hors intersection,Normale,Deux véhicules - frontale,,,,,,,,,,,1,2,1,1,1
200800007262,0008-02-07 17:15:00,8,2,7,17,15,10,53,JAURES (AVENUE JEAN - CO,,,Plein jour,En agglomération,Intersection en T,Normale,Deux véhicules - côté,,,,,,,,,,,1,2,3,1,3
200800007263,0008-02-08 18:45:00,8,2,8,18,45,10,289,"snr, LYON ( AVE DE) A PA",,,Crépuscule ou aube,En agglomération,Intersection en X,Normale,Deux véhicules - côté,,,,,,,,,,,2,2,2,1,3
200800007264,0008-02-14 21:00:00,8,2,14,21,0,10,53,MERCIER (AVENUE AMEDEE D,,,Nuit sans éclairage public,En agglomération,Intersection en T,Normale,Deux véhicules - côté,,,,,,,,,,,3,2,3,1,3
200800007265,0008-02-19 12:15:00,8,2,19,12,15,10,289,LENT ( ROUTE DE ),,,Plein jour,Hors agglomération,Intersection en X,Normale,Trois véhicules et plus - collisions multiples,,,,,,,,,,,1,1,2,1,5
200800007266,0008-02-16 18:30:00,8,2,16,18,30,10,283,"02, BERTHELOT",,,Nuit avec éclairage allumé,En agglomération,Hors intersection,Normale,Autre collision,,,,,,,,,,,5,2,1,1,6
200800007267,0008-02-18 19:00:00,8,2,18,19,0,10,283,"29, DORTAN (ROUTE DE)",,,Nuit avec éclairage allumé,En agglomération,Intersection en X,Normale,Deux véhicules - côté,,,,,,,,,,,5,2,2,1,3
200800007268,0008-02-06 08:30:00,8,2,6,8,30,20,408,"1, LEJEUNE (RUE)",,,Plein jour,En agglomération,Intersection en X,Pluie légère,Deux véhicules - côté,,,,,,,,,,,1,2,2,2,3
200800007269,0008-02-23 23:20:00,8,2,23,23,20,20,408,"91, DE GAULLE (AVENUE CH",,,Nuit avec éclairage allumé,En agglomération,Hors intersection,Normale,Sans collision,,,,,,,,,,,5,2,1,1,7
200800007270,0008-02-02 11:55:00,8,2,2,11,55,20,691,"13, FRANCE (RUE ANATOLE)",,,Plein jour,En agglomération,Hors intersection,Normale,Autre collision,,,,,,,,,,,1,2,1,1,6
200800007271,0008-02-02 16:25:00,8,2,2,16,25,20,691,"., BOHAIN (ROUTE DE)",,,Plein jour,En agglomération,Hors intersection,Normale,Deux véhicules - côté,,,,,,,,,,,1,2,1,1,3
200800007272,0008-02-04 18:00:00,8,2,4,18,0,20,691,":, LECLERC (RUE DU GL)",,,Crépuscule ou aube,En agglomération,Hors intersection,Normale,Autre collision,,,,,,,,,,,2,2,1,1,6
200800007273,0008-02-05 13:55:00,8,2,5,13,55,20,549,":, ROUTE DE LA FERE",,,Plein jour,En agglomération,Intersection en T,Normale,Deux véhicules - côté,,,,,,,,,,,1,2,3,1,3
200800007274,0008-02-04 07:40:00,8,2,4,7,40,20,691,":, JOFFRE (RUE DU MARECH",,,Crépuscule ou aube,En agglomération,Intersection en T,Pluie légère,Deux véhicules - côté,,,,,,,,,,,2,2,3,2,3
200800007275,0008-02-19 18:35:00,8,2,19,18,35,20,691,"58, RIBOT (RUE ALEXANDRE",,,Nuit avec éclairage allumé,En agglomération,Hors intersection,Normale,Deux véhicules - côté,,,,,,,,,,,5,2,1,1,3
200800007276,0008-02-21 15:45:00,8,2,21,15,45,20,691,"4, CHAUSSEE-ROMAINE (RUE",,,Plein jour,En agglomération,Hors intersection,Normale,Deux véhicules - côté,,,,,,,,,,,1,2,1,1,3
200800007277,0008-02-28 18:00:00,8,2,28,18,0,20,691,"74, SCHUMAN (AV. ROBERT)",,,Crépuscule ou aube,En agglomération,Hors intersection,Pluie légère,Autre collision,,,,,,,,,,,2,2,1,2,6
200800007278,0008-02-29 10:55:00,8,2,29,10,55,20,691,"20, GUISE (RUE DE)",,,Plein jour,En agglomération,Hors intersection,Normale,Deux véhicules - arrière,,,,,,,,,,,1,2,1,1,2
200800007279,0008-02-02 12:30:00,8,2,2,12,30,20,805,"sans, ROUTE NATIONALE 2",,,Plein jour,Hors agglomération,Hors intersection,Pluie légère,Trois véhicules et plus - collisions multiples,,,,,,,,,,,1,1,1,2,5
200800007280,0008-02-07 23:25:00,8,2,7,23,25,20,258,"2, FRANKLIN",,,Nuit avec éclairage allumé,En agglomération,Intersection en X,Normale,Autre collision,,,,,,,,,,,5,2,2,1,6
200800007281,0008-02-16 17:00:00,8,2,16,17,0,20,258,"45, GUSTAVE GREGOIRE (BO",,,Crépuscule ou aube,En agglomération,Hors intersection,Temps éblouissant,Autre collision,,,,,,,,,,,2,2,1,7,6
200800007282,0008-02-02 02:20:00,8,2,2,2,20,30,262,"59, RD 2144",,,Nuit avec éclairage allumé,En agglomération,Hors intersection,Pluie légère,Autre collision,,,,,,,,,,,5,2,1,2,6
200800007283,0008-02-03 22:50:00,8,2,3,22,50,30,185,"18, BOUVREUILS ( RUE DES",,,Nuit avec éclairage allumé,En agglomération,Hors intersection,Normale,Autre collision,,,,,,,,,,,5,2,1,1,6
200800007284,0008-02-19 17:05:00,8,2,19,17,5,30,101,CD 916,,,Plein jour,Hors agglomération,Hors intersection,Normale,Deux véhicules - frontale,,,,,,,,,,,1,1,1,1,1
200800007285,0008-02-24 10:45:00,8,2,24,10,45,30,185,"SANS, FONTBOUILLANT ( AV",,,Plein jour,En agglomération,Hors intersection,Normale,Autre collision,,,,,,,,,,,1,2,1,1,6
200800007286,0008-02-28 21:55:00,8,2,28,21,55,30,185,COURTAIS   (DE  BOULEVAR,,,Nuit avec éclairage allumé,En agglomération,Intersection en X,Normale,Autre collision,,,,,,,,,,,5,2,2,1,6
200800007287,0008-02-03 15:10:00,8,2,3,15,10,30,190,"5, LYON (ROUTE DE)",,,Plein jour,En agglomération,Hors intersection,Temps couvert,Deux véhicules - arrière,,,,,,,,,,,1,2,1,8,2
200800007288,0008-02-06 20:40:00,8,2,6,20,40,30,321,ROUTE DE DORNES D29D,,,Nuit sans éclairage public,Hors agglomération,Intersection en Y,Normale,Deux véhicules - côté,,,,,,,,,,,3,1,4,1,3
200800007289,0008-02-16 16:30:00,8,2,16,16,30,30,190,REFEMBRE (RUE DE),,,Nuit avec éclairage allumé,En agglomération,Intersection en X,Normale,Deux véhicules - côté,,,,,,,,,,,5,2,2,1,3
200800007290,0008-02-15 03:55:00,8,2,15,3,55,30,13,EPINE (L'),,,Nuit sans éclairage public,Hors agglomération,Hors intersection,Normale,Autre collision,,,,,,,,,,,3,1,1,1,6
200800007291,0008-02-20 14:55:00,8,2,20,14,55,30,190,CARREFOUR,,,Plein jour,En agglomération,Hors intersection,Normale,Autre collision,,,,,,,,,,,1,2,1,1,6
200800007292,0008-02-01 10:30:00,8,2,1,10,30,30,95,"0, CLEMENCEAU (RUE GEORG",,,Plein jour,En agglomération,Hors intersection,Normale,Autre collision,,,,,,,,,,,1,2,1,1,6
200800007293,0008-02-02 18:50:00,8,2,2,18,50,30,310,"59, JAURES (RUE JEAN)",,,Nuit avec éclairage allumé,En agglomération,Hors intersection,Normale,Autre collision,,,,,,,,,,,5,2,1,1,6
200800007294,0008-02-04 17:05:00,8,2,4,17,5,30,310,"0, VICTORIA (AVENUE)",,,Plein jour,En agglomération,Intersection en X,Normale,Deux véhicules - côté,,,,,,,,,,,1,2,2,1,3
200800007295,0008-02-08 13:25:00,8,2,8,13,25,30,310,HUGO (PLACE VICTOR),,,Plein jour,En agglomération,Intersection à plus de 4 branches,Normale,Deux véhicules - côté,,,,,,,,,,,1,2,5,1,3
200800007296,0008-02-09 15:20:00,8,2,9,15,20,30,95,"0, CHAMP VINCELET (RUE D",,,Plein jour,En agglomération,Hors intersection,Normale,Autre collision,,,,,,,,,,,1,2,1,1,6
200800007297,0008-02-09 15:45:00,8,2,9,15,45,30,23,PONT DE BELLERIVE,,,Plein jour,En agglomération,Hors intersection,Normale,Deux véhicules - arrière,,,,,,,,,,,1,2,1,1,2
200800007298,0008-02-13 13:50:00,8,2,13,13,50,30,310,"0, LATTRE DE TASSIGNY (B",,,Plein jour,En agglomération,Intersection en T,Normale,Deux véhicules - côté,,,,,,,,,,,1,2,3,1,3
200800007299,0008-02-15 16:55:00,8,2,15,16,55,30,310,"32, BULOT (AVENUE JEAN-B",,,Plein jour,Hors agglomération,Intersection en X,Normale,Deux véhicules - côté,,,,,,,,,,,1,1,2,1,3
200800007300,0008-02-02 13:30:00,8,2,2,13,30,40,112,"824, ROUTE NATIONALE 96",,,Plein jour,En agglomération,Autre intersection,Normale,Deux véhicules - frontale,,,,,,,,,,,1,2,9,1,1
200800007301,0008-02-02 14:50:00,8,2,2,14,50,40,112,ROUTE NATIONALE 96,,,Plein jour,Hors agglomération,Hors intersection,Normale,Deux véhicules - côté,,,,,,,,,,,1,1,1,1,3
200800007302,0008-02-16 05:35:00,8,2,16,5,35,50,61,GUILLAUME FAREL ( AVENUE,,,Nuit avec éclairage allumé,En agglomération,Hors intersection,Normale,Sans collision,,,,,,,,,,,5,2,1,1,7
200800007303,0008-02-18 14:40:00,8,2,18,14,40,50,61,JEAN JAURES ( AVENUE ),,,Plein jour,En agglomération,Hors intersection,Normale,Deux véhicules - côté,,,,,,,,,,,1,2,1,1,3
200800007304,0008-02-18 16:50:00,8,2,18,16,50,50,61,CHATEAUVIEUX (CHEMIN DE,,,Plein jour,En agglomération,Intersection en T,Normale,Deux véhicules - côté,,,,,,,,,,,1,2,3,1,3
200800007305,0008-02-19 16:26:00,8,2,19,16,26,50,61,RN 85,,,Plein jour,Hors agglomération,Hors intersection,Normale,Trois véhicules et plus - collisions multiples,,,,,,,,,,,1,1,1,1,5
200800007306,0008-02-20 18:30:00,8,2,20,18,30,50,61,COMMANDANT DUMONT ( AVEN,,,Plein jour,En agglomération,Intersection en X,Normale,Deux véhicules - côté,,,,,,,,,,,1,2,2,1,3
200800007307,0008-02-24 02:44:00,8,2,24,2,44,50,61,ST JEAN ( ROUTE DE ),,,Nuit avec éclairage allumé,Hors agglomération,Hors intersection,Normale,Autre collision,,,,,,,,,,,5,1,1,1,6
200800007308,0008-02-24 16:30:00,8,2,24,16,30,50,61,GUILLAUME FAREL ( AVENUE,,,Plein jour,En agglomération,Hors intersection,Temps éblouissant,Autre collision,,,,,,,,,,,1,2,1,7,6
200800007309,0008-02-02 17:18:00,8,2,2,17,18,60,4,TERRIERS ALLEE- CH.ET PE,,,Plein jour,En agglomération,Hors intersection,Normale,Deux véhicules - côté,,,,,,,,,,,1,2,1,1,3