accident_id,datetime,annee,mois,jour,heure,minute,departement,commune_insee,adresse,latitude,longitude,luminosite,agglomeration,intersection,meteo,collision,nb_vehicules,nb_usagers,nb_indemnes,nb_tues,nb_blesses_hosp,nb_blesses_legers,age_cond_1,age_cond_2,veh_type_cond_1,veh_type_cond_2,lum_code,agg_code,int_code,atm_code,col_code
200800007442,0008-02-14 15:25:00,8,2,14,15,25,60,88,"0, GRENOBLE (ROUTE DE)",,,Plein jour,En agglomération,Intersection en T,Normale,Deux véhicules - arrière,,,,,,,,,,,1,2,3,1,2
200800007443,0008-02-14 17:10:00,8,2,14,17,10,60,88,"0, SOLA (BD PIERRE)",,,Plein jour,En agglomération,Hors intersection,Normale,Deux véhicules - frontale,,,,,,,,,,,1,2,1,1,1
200800007444,0008-02-14 17:20:00,8,2,14,17,20,60,88,VOIE RAPIDE,,,Plein jour,En agglomération,Hors intersection,Normale,Sans collision,,,,,,,,,,,1,2,1,1,7
200800007445,0008-02-14 19:15:00,8,2,14,19,15,60,88,"131, ANGLAIS (DU N° 114",,,Nuit avec éclairage allumé,En agglomération,Hors intersection,Normale,Autre collision,,,,,,,,,,,5,2,1,1,6
200800007446,0008-02-15 08:15:00,8,2,15,8,15,60,88,"0, GIMELLE (R. CLAUDE)",,,Plein jour,En agglomération,Intersection en X,Normale,Autre collision,,,,,,,,,,,1,2,2,1,6
200800007447,0008-02-15 13:30:00,8,2,15,13,30,60,88,"0, JAURES (BD JEAN)",,,Plein jour,En agglomération,Hors intersection,Normale,Deux véhicules - arrière,,,,,,,,,,,1,2,1,1,2
200800007448,0008-02-15 14:45:00,8,2,15,14,45,60,88,"71, ANGLAIS PLAGE(DU 45",,,Plein jour,En agglomération,Hors intersection,Normale,Deux véhicules - arrière,,,,,,,,,,,1,2,1,1,2
200800007449,0008-02-15 15:20:00,8,2,15,15,20,60,88,"77, GAMBETTA (A PARTIR D",,,Plein jour,En agglomération,Hors intersection,Normale,Deux véhicules - frontale,,,,,,,,,,,1,2,1,1,1
200800007450,0008-02-15 16:40:00,8,2,15,16,40,60,88,"0, RD 6202",,,Plein jour,Hors agglomération,Hors intersection,Normale,Deux véhicules - côté,,,,,,,,,,,1,1,1,1,3
200800007451,0008-02-16 20:40:00,8,2,16,20,40,60,88,"0, GUIGLIA (R.)",,,Nuit avec éclairage allumé,En agglomération,Intersection en X,Normale,Deux véhicules - côté,,,,,,,,,,,5,2,2,1,3
200800007452,0008-02-17 15:45:00,8,2,17,15,45,60,88,"0, COMBOUL (AV. RAYMOND)",,,Plein jour,En agglomération,Hors intersection,Normale,Deux véhicules - côté,,,,,,,,,,,1,2,1,1,3
200800007453,0008-02-17 15:50:00,8,2,17,15,50,60,88,"14, THIERS (AV.)",,,Plein jour,En agglomération,Hors intersection,Normale,Autre collision,,,,,,,,,,,1,2,1,1,6
200800007454,0008-02-17 17:00:00,8,2,17,17,0,60,88,"37, CARLONE (BD)",,,Plein jour,En agglomération,Hors intersection,Normale,Deux véhicules - côté,,,,,,,,,,,1,2,1,1,3
200800007455,0008-02-18 09:00:00,8,2,18,9,0,60,88,"0, SAINT-AUGUSTIN (QUART",,,Plein jour,Hors agglomération,Hors intersection,Normale,Deux véhicules - arrière,,,,,,,,,,,1,1,1,1,2
200800007456,0008-02-18 10:30:00,8,2,18,10,30,60,88,"153, CESSOLE (BD DE) (A",,,Plein jour,En agglomération,Hors intersection,Normale,Autre collision,,,,,,,,,,,1,2,1,1,6
200800007457,0008-02-18 13:00:00,8,2,18,13,0,60,88,"0, CIMIEZ (BD) A PARTIR",,,Plein jour,En agglomération,Hors intersection,Normale,Deux véhicules - côté,,,,,,,,,,,1,2,1,1,3
200800007458,0008-02-18 14:00:00,8,2,18,14,0,60,88,"0, JOFFRE (R. MARECHAL)",,,Plein jour,En agglomération,Intersection en X,Normale,Deux véhicules - côté,,,,,,,,,,,1,2,2,1,3
200800007459,0008-02-19 08:45:00,8,2,19,8,45,60,159,"1, SADI CARNOT (AVENUE)",,,Plein jour,En agglomération,Hors intersection,Normale,Autre collision,,,,,,,,,,,1,2,1,1,6
200800007460,0008-02-19 14:50:00,8,2,19,14,50,60,88,"0, DUFOURMANTEL (AV.)",,,Plein jour,En agglomération,Hors intersection,Normale,Deux véhicules - frontale,,,,,,,,,,,1,2,1,1,1
200800007461,0008-02-19 18:00:00,8,2,19,18,0,60,88,"200, BELLET (RTE DE)",,,Plein jour,En agglomération,Hors intersection,Normale,Autre collision,,,,,,,,,,,1,2,1,1,6
200800007462,0008-02-19 20:55:00,8,2,19,20,55,60,88,"0, JOFFRE (R. MARECHAL)",,,Nuit avec éclairage allumé,En agglomération,Intersection en X,Normale,Deux véhicules - côté,,,,,,,,,,,5,2,2,1,3
200800007463,0008-02-19 12:10:00,8,2,19,12,10,60,88,"0, JOLY (CORNICHE ANDRE",,,Plein jour,En agglomération,Hors intersection,Normale,Autre collision,,,,,,,,,,,1,2,1,1,6
200800007464,0008-02-20 08:17:00,8,2,20,8,17,60,88,"12, GIACOBI (AV.)",,,Plein jour,En agglomération,Hors intersection,Normale,Deux véhicules - côté,,,,,,,,,,,1,2,1,1,3
200800007465,0008-02-20 14:00:00,8,2,20,14,0,60,88,"7, THIERS (AV.)",,,Plein jour,En agglomération,Hors intersection,Normale,Deux véhicules - côté,,,,,,,,,,,1,2,1,1,3
200800007466,0008-02-21 16:45:00,8,2,21,16,45,60,88,"0, OLIVIERS (CORNICHE DE",,,Plein jour,En agglomération,Intersection en X,Normale,Autre collision,,,,,,,,,,,1,2,2,1,6
200800007467,0008-02-20 23:30:00,8,2,20,23,30,60,88,"0, ROSSINI (R.)",,,Nuit avec éclairage allumé,En agglomération,Hors intersection,Normale,Deux véhicules - côté,,,,,,,,,,,5,2,1,1,3
200800007468,0008-02-21 08:45:00,8,2,21,8,45,60,88,LYAUTEY (AV. DU MAL),,,Plein jour,En agglomération,Hors intersection,Normale,Deux véhicules - côté,,,,,,,,,,,1,2,1,1,3
200800007469,0008-02-21 12:00:00,8,2,21,12,0,60,88,"234, GINESTIERE (CH. DE",,,Plein jour,Hors agglomération,Hors intersection,Normale,Deux véhicules - frontale,,,,,,,,,,,1,1,1,1,1
200800007470,0008-02-21 12:15:00,8,2,21,12,15,60,88,"0, ESTIENNE -D'ORVES (AV",,,Plein jour,En agglomération,Place,Normale,Deux véhicules - côté,,,,,,,,,,,1,2,7,1,3
200800007471,0008-02-21 15:00:00,8,2,21,15,0,60,88,"61, BAREL (BD VIRGILE)",,,Plein jour,En agglomération,Hors intersection,Normale,Autre collision,,,,,,,,,,,1,2,1,1,6
200800007472,0008-02-21 17:30:00,8,2,21,17,30,60,88,RD 6202,,,Plein jour,Hors agglomération,Hors intersection,Normale,Trois véhicules et plus - en chaîne,,,,,,,,,,,1,1,1,1,4
200800007473,0008-02-21 19:20:00,8,2,21,19,20,60,88,"0, ROUGET-DE-LISLE (R.)",,,Nuit avec éclairage allumé,En agglomération,Hors intersection,Normale,Sans collision,,,,,,,,,,,5,2,1,1,7
200800007474,0008-02-22 11:30:00,8,2,22,11,30,60,88,"14, RISSO (BD)",,,Plein jour,En agglomération,Hors intersection,Normale,Deux véhicules - côté,,,,,,,,,,,1,2,1,1,3
200800007475,0008-02-22 14:45:00,8,2,22,14,45,60,88,"39 TER, CIMIEZ (BD) A PA",,,Plein jour,En agglomération,Intersection en Y,Normale,Autre collision,,,,,,,,,,,1,2,4,1,6
200800007476,0008-02-22 17:00:00,8,2,22,17,0,60,88,"56, RAYNAUD (BD AUGUSTE)",,,Plein jour,En agglomération,Hors intersection,Normale,Autre collision,,,,,,,,,,,1,2,1,1,6
200800007477,0008-02-23 04:10:00,8,2,23,4,10,60,88,"220, CALIFORNIE (AV.) (A",,,Nuit avec éclairage allumé,En agglomération,Hors intersection,Normale,Autre collision,,,,,,,,,,,5,2,1,1,6
200800007478,0008-02-23 11:45:00,8,2,23,11,45,60,88,"95, CESSOLE (BD DE) (JUS",,,Plein jour,En agglomération,Hors intersection,Normale,Sans collision,,,,,,,,,,,1,2,1,1,7
200800007479,0008-02-23 19:40:00,8,2,23,19,40,60,88,"0, LAMARTINE (R.)",,,Nuit avec éclairage allumé,En agglomération,Intersection en X,Normale,Deux véhicules - côté,,,,,,,,,,,5,2,2,1,3
200800007480,0008-02-24 01:00:00,8,2,24,1,0,60,88,"255, ANGLAIS (DU N° 265",,,Nuit avec éclairage allumé,En agglomération,Hors intersection,Normale,Autre collision,,,,,,,,,,,5,2,1,1,6
200800007481,0008-02-24 21:35:00,8,2,24,21,35,60,88,"0, CARNOT (BD)",,,Nuit avec éclairage allumé,Hors agglomération,Intersection en T,Normale,Deux véhicules - côté,,,,,,,,,,,5,1,3,1,3
200800007482,0008-02-25 11:30:00,8,2,25,11,30,60,88,"0, KESSEL (JARDIN J.)",,,Plein jour,En agglomération,Hors intersection,Normale,Deux véhicules - côté,,,,,,,,,,,1,2,1,1,3
200800007483,0008-02-25 15:15:00,8,2,25,15,15,60,88,"17, MAHONIAS (R. DES)",,,Plein jour,En agglomération,Hors intersection,Normale,Autre collision,,,,,,,,,,,1,2,1,1,6
200800007484,0008-02-26 06:55:00,8,2,26,6,55,60,88,"1, LYAUTEY (AV. DU MAL)",,,Plein jour,En agglomération,Hors intersection,Normale,Deux véhicules - côté,,,,,,,,,,,1,2,1,1,3
200800007485,0008-02-26 08:20:00,8,2,26,8,20,60,88,"0, VOIE RAPIDE",,,Plein jour,En agglomération,Hors intersection,Normale,Sans collision,,,,,,,,,,,1,2,1,1,7
200800007486,0008-02-26 12:00:00,8,2,26,12,0,60,88,"0, BERLIOZ (RUE)",,,Plein jour,En agglomération,Intersection en X,Normale,Autre collision,,,,,,,,,,,1,2,2,1,6
200800007487,0008-02-26 15:20:00,8,2,26,15,20,60,88,ANGLAIS (DU N° 114 AU N°,,,Plein jour,En agglomération,Hors intersection,Normale,Autre collision,,,,,,,,,,,1,2,1,1,6
200800007488,0008-02-26 21:45:00,8,2,26,21,45,60,159,"0, NAPOLEON III (BOULEVA",,,Nuit avec éclairage allumé,En agglomération,Hors intersection,Normale,Deux véhicules - côté,,,,,,,,,,,5,2,1,1,3
200800007489,0008-02-27 07:50:00,8,2,27,7,50,60,88,"37, MATISSE (AV. HENRI)",,,Plein jour,En agglomération,Hors intersection,Normale,Autre collision,,,,,,,,,,,1,2,1,1,6
200800007490,0008-02-27 08:10:00,8,2,27,8,10,60,88,"80, GAMBETTA (A PARTIR D",,,Plein jour,En agglomération,Hors intersection,Normale,Autre collision,,,,,,,,,,,1,2,1,1,6
200800007491,0008-02-27 08:11:00,8,2,27,8,11,60,88,"61, CIMIEZ (BD) A PARTIR",,,Plein jour,En agglomération,Intersection en T,Normale,Trois véhicules et plus - en chaîne,,,,,,,,,,,1,2,3,1,4
200800007492,0008-02-27 13:20:00,8,2,27,13,20,60,88,"16, GARNIER (BD JOSEPH)",,,Plein jour,En agglomération,Hors intersection,Normale,Deux véhicules - frontale,,,,,,,,,,,1,2,1,1,1
200800007493,0008-02-27 19:45:00,8,2,27,19,45,60,88,"228, TURIN (RTE DE)",,,Nuit avec éclairage allumé,En agglomération,Hors intersection,Normale,Deux véhicules - arrière,,,,,,,,,,,5,2,1,1,2
200800007494,0008-02-28 22:20:00,8,2,28,22,20,60,88,"0, CANTA GALET (RTE DE)",,,Nuit avec éclairage allumé,Hors agglomération,Hors intersection,Normale,Deux véhicules - frontale,,,,,,,,,,,5,1,1,1,1
200800007495,0008-02-29 00:45:00,8,2,29,0,45,60,88,"0, FAURE (AV. FELIX)",,,Nuit avec éclairage allumé,En agglomération,Intersection en X,Normale,Deux véhicules - côté,,,,,,,,,,,5,2,2,1,3
200800007496,0008-02-29 08:45:00,8,2,29,8,45,60,88,"33, CIMIEZ (BD) A PARTIR",,,Plein jour,En agglomération,Hors intersection,Normale,Deux véhicules - arrière,,,,,,,,,,,1,2,1,1,2
200800007497,0008-02-29 08:50:00,8,2,29,8,50,60,88,"8, QUAI PAPACINO",,,Plein jour,En agglomération,Hors intersection,Normale,Deux véhicules - côté,,,,,,,,,,,1,2,1,1,3
200800007498,0008-02-29 19:45:00,8,2,29,19,45,60,88,"0, MAETERLINCK (BD M.)",,,Nuit sans éclairage public,En agglomération,Hors intersection,Normale,Autre collision,,,,,,,,,,,3,2,1,1,6
200800007499,0008-02-29 18:00:00,8,2,29,18,0,60,88,"99, STE-MARGUERITE (AV.)",,,Nuit avec éclairage allumé,En agglomération,Hors intersection,Normale,Trois véhicules et plus - collisions multiples,,,,,,,,,,,5,2,1,1,5
200800007500,0008-02-29 20:50:00,8,2,29,20,50,60,88,"0, SAINT-JEAN BAPTISTE (",,,Nuit sans éclairage public,En agglomération,Hors intersection,Normale,Deux véhicules - côté,,,,,,,,,,,3,2,1,1,3
200800007501,0008-02-02 04:00:00,8,2,2,4,0,70,19,RN 102,,,Nuit sans éclairage public,Hors agglomération,Hors intersection,Pluie légère,Deux véhicules - frontale,,,,,,,,,,,3,1,1,2,1
200800007502,0008-02-23 14:15:00,8,2,23,14,15,70,281,C.D.533,,,Plein jour,Hors agglomération,Hors intersection,Normale,Deux véhicules - côté,,,,,,,,,,,1,1,1,1,3
200800007503,0008-02-24 21:35:00,8,2,24,21,35,70,102,Chemin des MULETS,,,Nuit sans éclairage public,Hors agglomération,Hors intersection,Normale,Sans collision,,,,,,,,,,,3,1,1,1,7
200800007504,0008-02-08 17:35:00,8,2,8,17,35,70,186,", PLACE DU JEU DE MAIL",,,Crépuscule ou aube,En agglomération,Intersection en X,Normale,Deux véhicules - côté,,,,,,,,,,,2,2,2,1,3
200800007505,0008-02-17 16:30:00,8,2,17,16,30,70,186,BOURRET (RUE DU DOCTEUR),,,Plein jour,En agglomération,Hors intersection,Normale,Deux véhicules - arrière,,,,,,,,,,,1,2,1,1,2
200800007506,0008-02-27 07:40:00,8,2,27,7,40,70,340,VAUMALE,,,Plein jour,Hors agglomération,Hors intersection,Temps couvert,Deux véhicules - côté,,,,,,,,,,,1,1,1,8,3
200800007507,0008-02-04 07:37:00,8,2,4,7,37,80,105,"1, CHAMPAGNE (RUE DE)",,,Crépuscule ou aube,En agglomération,Intersection en X,Pluie forte,Deux véhicules - côté,,,,,,,,,,,2,2,2,3,3
200800007508,0008-02-28 16:35:00,8,2,28,16,35,80,105,"1, GAMBETTA BOULEVARD",,,Plein jour,En agglomération,Hors intersection,Pluie légère,Autre collision,,,,,,,,,,,1,2,1,2,6
200800007509,0008-02-06 04:40:00,8,2,6,4,40,80,409,"26, MARNE (AVENUE DE LA)",,,Nuit avec éclairage allumé,En agglomération,Hors intersection,Normale,Autre collision,,,,,,,,,,,5,2,1,1,6
200800007510,0008-02-21 18:00:00,8,2,21,18,0,90,122,"1, BOUYCHERES (COURS)",,,Plein jour,En agglomération,Intersection en T,Normale,Deux véhicules - côté,,,,,,,,,,,1,2,3,1,3
200800007511,0008-02-06 22:30:00,8,2,6,22,30,90,225,VERNIOLLE ROUTE DE,,,Nuit sans éclairage public,Hors agglomération,Hors intersection,Normale,Sans collision,,,,,,,,,,,3,1,1,1,7
200800007512,0008-02-17 03:15:00,8,2,17,3,15,90,225,IRENEE CROS AVENUE,,,Nuit avec éclairage allumé,En agglomération,Intersection en Y,Normale,Deux véhicules - arrière,,,,,,,,,,,5,2,4,1,2
200800007513,0008-02-05 09:05:00,8,2,5,9,5,100,387,"000, CHAIM SOUTINE (RUE)",,,Plein jour,En agglomération,Intersection en T,Normale,Deux véhicules - côté,,,,,,,,,,,1,2,3,1,3
200800007514,0008-02-06 17:40:00,8,2,6,17,40,100,387,"000, REPUBLIQUE (RUE DE",,,Crépuscule ou aube,En agglomération,Autre intersection,Normale,Autre collision,,,,,,,,,,,2,2,9,1,6
200800007515,0008-02-08 11:42:00,8,2,8,11,42,100,81,"000, JEAN MOULIN (RUE)",,,Plein jour,En agglomération,Intersection en X,Normale,Deux véhicules - côté,,,,,,,,,,,1,2,2,1,3
200800007516,0008-02-08 18:50:00,8,2,8,18,50,100,297,"000, JULES GUESDE (BDL)",,,Crépuscule ou aube,En agglomération,Giratoire,Normale,Sans collision,,,,,,,,,,,2,2,6,1,7
200800007517,0008-02-05 08:20:00,8,2,5,8,20,100,387,"13, JACQUIN (RUE)",,,Plein jour,En agglomération,Intersection en T,Pluie légère,Trois véhicules et plus - collisions multiples,,,,,,,,,,,1,2,3,2,5
200800007518,0008-02-11 17:35:00,8,2,11,17,35,100,387,"000, ANATOLE FRANCE (RUE",,,Plein jour,En agglomération,Intersection en X,Normale,Autre collision,,,,,,,,,,,1,2,2,1,6
200800007519,0008-02-15 13:45:00,8,2,15,13,45,100,387,"136, DIJON (BDL)",,,Plein jour,En agglomération,Hors intersection,Normale,Autre collision,,,,,,,,,,,1,2,1,1,6
200800007520,0008-02-21 13:10:00,8,2,21,13,10,100,333,", ADOLPHE THIERS (RUE)",,,Plein jour,En agglomération,Intersection en X,Normale,Autre collision,,,,,,,,,,,1,2,2,1,6
200800007521,0008-02-23 12:05:00,8,2,23,12,5,100,387,"03, ABBE DE L'EPEE (RUE)",,,Plein jour,En agglomération,Hors intersection,Normale,Deux véhicules - frontale,,,,,,,,,,,1,2,1,1,1
200800007522,0008-02-02 20:20:00,8,2,2,20,20,110,76,"0, PYRENEES (AVENUE DES)",,,Nuit avec éclairage non allumé,Hors agglomération,Hors intersection,Normale,Deux véhicules - côté,,,,,,,,,,,4,1,1,1,3
200800007523,0008-02-21 03:10:00,8,2,21,3,10,110,76,"11, ADER (RUE CLEMENT)",,,Nuit avec éclairage allumé,En agglomération,Hors intersection,Normale,Sans collision,,,,,,,,,,,5,2,1,1,7
200800007524,0008-02-29 16:50:00,8,2,29,16,50,110,76,LANGLE (AVENUE MONSEIGNE,,,Plein jour,En agglomération,Intersection en T,Normale,Deux véhicules - côté,,,,,,,,,,,1,2,3,1,3
200800007525,0008-02-15 20:20:00,8,2,15,20,20,110,262,"1, 1848 (BOULEVARD)",,,Nuit avec éclairage allumé,En agglomération,Intersection en T,Normale,Deux véhicules - côté,,,,,,,,,,,5,2,3,1,3
200800007526,0008-02-22 09:05:00,8,2,22,9,5,110,262,RN 009 NARBONNE / BEZIER,,,Plein jour,Hors agglomération,Hors intersection,Normale,Deux véhicules - côté,,,,,,,,,,,1,1,1,1,3
200800007527,0008-02-29 15:00:00,8,2,29,15,0,110,262,"1 Bis, PYRENEES (PLACE E",,,Plein jour,En agglomération,Hors intersection,Normale,Autre collision,,,,,,,,,,,1,2,1,1,6
200800007528,0008-02-28 20:00:00,8,2,28,20,0,110,262,"19, BORDEAUX (AVENUE DE)",,,Nuit avec éclairage allumé,En agglomération,Hors intersection,Normale,Deux véhicules - côté,,,,,,,,,,,5,2,1,1,3
200800007529,0008-02-12 17:40:00,8,2,12,17,40,120,89,"2, CABROL (AVENUE)",,,Plein jour,En agglomération,Intersection en X,Normale,Deux véhicules - côté,,,,,,,,,,,1,2,2,1,3
200800007530,0008-02-17 18:25:00,8,2,17,18,25,120,305,"8, GRANGE ADAM (AVENUE)",,,Plein jour,En agglomération,Hors intersection,Normale,Sans collision,,,,,,,,,,,1,2,1,1,7
200800007531,0008-02-22 18:00:00,8,2,22,18,0,120,100,RD 840 (AXE BRIVE MEDITE,,,Plein jour,Hors agglomération,Intersection en X,Normale,Deux véhicules - côté,,,,,,,,,,,1,1,2,1,3
200800007532,0008-02-12 14:50:00,8,2,12,14,50,120,145,"10, REPUBLIQUE (AVENUE D",,,Plein jour,En agglomération,Hors intersection,Normale,Autre collision,,,,,,,,,,,1,2,1,1,6
200800007533,0008-02-28 11:25:00,8,2,28,11,25,120,145,"02 BIS, CAPELLE (BOULEVA",,,Plein jour,En agglomération,Place,Normale,Autre collision,,,,,,,,,,,1,2,7,1,6
200800007534,0008-02-11 06:00:00,8,2,11,6,0,120,176,"224, SEVERAC LE CHATEAU",,,Nuit avec éclairage allumé,Hors agglomération,Hors intersection,Normale,Autre collision,,,,,,,,,,,5,1,1,1,6
200800007535,0008-02-12 15:10:00,8,2,12,15,10,120,202,CONQUES (ROUTE DE) -RD90,,,Plein jour,Hors agglomération,Intersection en X,Normale,Deux véhicules - côté,,,,,,,,,,,1,1,2,1,3
200800007536,0008-02-21 07:55:00,8,2,21,7,55,120,202,MARECHAL JOFFRE (AVENUE,,,Plein jour,En agglomération,Hors intersection,Normale,Sans collision,,,,,,,,,,,1,2,1,1,7
200800007537,0008-02-02 19:00:00,8,2,2,19,0,130,1,"21, GALICE (RTE DE)",,,Crépuscule ou aube,En agglomération,Hors intersection,Normale,Deux véhicules - arrière,,,,,,,,,,,2,2,1,1,2
200800007538,0008-02-05 17:45:00,8,2,5,17,45,130,1,MARSEILLE (ROUTE DE ),,,Crépuscule ou aube,Hors agglomération,Hors intersection,Normale,Deux véhicules - arrière,,,,,,,,,,,2,1,1,1,2
200800007539,0008-02-04 08:00:00,8,2,4,8,0,130,1,"12, BROSSOLETTE PIERRE (",,,Plein jour,En agglomération,Hors intersection,Normale,Deux véhicules - arrière,,,,,,,,,,,1,2,1,1,2
200800007540,0008-02-17 21:52:00,8,2,17,21,52,130,1,"220, GALICE (RTE DE)",,,Nuit avec éclairage allumé,En agglomération,Hors intersection,Normale,Deux véhicules - côté,,,,,,,,,,,5,2,1,1,3
200800007541,0008-02-17 13:00:00,8,2,17,13,0,130,1,CLUB HIPPIQUE (AV),,,Plein jour,En agglomération,Intersection en T,Normale,Sans collision,,,,,,,,,,,1,2,3,1,7
200800007542,0008-02-16 11:05:00,8,2,16,11,5,130,1,RIEU CHARLOUN (RUE),,,Plein jour,En agglomération,Hors intersection,Normale,Deux véhicules - arrière,,,,,,,,,,,1,2,1,1,2
200800007543,0008-02-23 16:55:00,8,2,23,16,55,130,1,FERRINI FORTUNE (AV),,,Plein jour,Hors agglomération,Autre intersection,Normale,Deux véhicules - côté,,,,,,,,,,,1,1,9,1,3
200800007544,0008-02-01 08:55:00,8,2,1,8,55,130,4,"12, CLEMENCEAU BLD GEORG",,,Plein jour,En agglomération,Hors intersection,Normale,Autre collision,,,,,,,,,,,1,2,1,1,6
200800007545,0008-02-09 17:00:00,8,2,9,17,0,130,4,"95, ROQUETTE QUAI DE LA",,,Plein jour,En agglomération,Hors intersection,Normale,Autre collision,,,,,,,,,,,1,2,1,1,6
200800007546,0008-02-12 22:00:00,8,2,12,22,0,130,4,"0, CRAU ROUTE DE LA",,,Nuit avec éclairage allumé,En agglomération,Hors intersection,Normale,Autre collision,,,,,,,,,,,5,2,1,1,6
200800007547,0008-02-21 15:25:00,8,2,21,15,25,130,4,"0, STALINGRAD AVENUE DE",,,Plein jour,En agglomération,Hors intersection,Normale,Deux véhicules - arrière,,,,,,,,,,,1,2,1,1,2
200800007548,0008-02-27 12:15:00,8,2,27,12,15,130,4,"28, NICOLAS COPERNIC RUE",,,Plein jour,En agglomération,Hors intersection,Normale,Deux véhicules - côté,,,,,,,,,,,1,2,1,1,3
200800007549,0008-02-16 18:10:00,8,2,16,18,10,130,5,RD 43 C,,,Crépuscule ou aube,Hors agglomération,Intersection en T,Normale,Trois véhicules et plus - collisions multiples,,,,,,,,,,,2,1,3,1,5
200800007550,0008-02-27 16:30:00,8,2,27,16,30,130,5,", VERDUN (AVENUE DE)",,,Plein jour,En agglomération,Hors intersection,Normale,Autre collision,,,,,,,,,,,1,2,1,1,6
200800007551,0008-02-27 13:20:00,8,2,27,13,20,130,5,SALENGRO (AVENUE ROGER),,,Plein jour,En agglomération,Intersection en T,Normale,Deux véhicules - côté,,,,,,,,,,,1,2,3,1,3
200800007552,0008-02-29 18:40:00,8,2,29,18,40,130,70,VOLTAIRE (BOULEVARD),,,Crépuscule ou aube,En agglomération,Hors intersection,Normale,Deux véhicules - frontale,,,,,,,,,,,2,2,1,1,1
200800007553,0008-02-27 16:30:00,8,2,27,16,30,130,28,HOMME ROUGE (CHEMIN DE L,,,Plein jour,En agglomération,Hors intersection,Normale,Deux véhicules - côté,,,,,,,,,,,1,2,1,1,3
200800007554,0008-02-28 08:20:00,8,2,28,8,20,130,28,GASSION (AVENUE FERNAND,,,Plein jour,En agglomération,Hors intersection,Normale,Autre collision,,,,,,,,,,,1,2,1,1,6
200800007555,0008-02-05 09:00:00,8,2,5,9,0,130,28,"545, ROMAGOUA (CHEMIN DE",,,Plein jour,En agglomération,Hors intersection,Normale,Deux véhicules - côté,,,,,,,,,,,1,2,1,1,3
200800007556,0008-02-01 06:50:00,8,2,1,6,50,130,47,", FOS ROUTE DE",,,Nuit sans éclairage public,Hors agglomération,Passage à niveau,Normale,Deux véhicules - frontale,,,,,,,,,,,3,1,8,1,1
200800007557,0008-02-01 07:25:00,8,2,1,7,25,130,63,ARISTIDE BRIAND BOULEVAR,,,Crépuscule ou aube,En agglomération,Autre intersection,Normale,Sans collision,,,,,,,,,,,2,2,9,1,7
200800007558,0008-02-20 17:09:00,8,2,20,17,9,130,47,ARC ALLEE DE L',,,Plein jour,Hors agglomération,Hors intersection,Normale,Deux véhicules - côté,,,,,,,,,,,1,1,1,1,3
200800007559,0008-02-26 11:25:00,8,2,26,11,25,130,47,"4A, FELIX GOUIN AVENUE",,,Plein jour,En agglomération,Hors intersection,Normale,Autre collision,,,,,,,,,,,1,2,1,1,6
200800007560,0008-02-27 08:35:00,8,2,27,8,35,130,47,D.5,,,Plein jour,Hors agglomération,Hors intersection,Normale,Deux véhicules - arrière,,,,,,,,,,,1,1,1,1,2
200800007561,0008-02-02 21:40:00,8,2,2,21,40,130,43,RN 368,,,Nuit sans éclairage public,Hors agglomération,Intersection en T,Normale,Deux véhicules - côté,,,,,,,,,,,3,1,3,1,3
200800007562,0008-02-04 07:40:00,8,2,4,7,40,130,54,LIBERATION  AVE DE LA,,,Crépuscule ou aube,En agglomération,Hors intersection,Pluie forte,Autre collision,,,,,,,,,,,2,2,1,3,6
200800007563,0008-02-09 16:00:00,8,2,9,16,0,130,102,GEANT CASINO,,,Plein jour,En agglomération,Hors intersection,Normale,Deux véhicules - arrière,,,,,,,,,,,1,2,1,1,2
200800007564,0008-02-15 20:35:00,8,2,15,20,35,130,54,"26, MERMOZ  RUE JEAN",,,Nuit avec éclairage allumé,En agglomération,Hors intersection,Normale,Autre collision,,,,,,,,,,,5,2,1,1,6
200800007565,0008-02-16 16:25:00,8,2,16,16,25,130,43,RN 368,,,Plein jour,Hors agglomération,Hors intersection,Normale,Deux véhicules - côté,,,,,,,,,,,1,1,1,1,3
200800007566,0008-02-18 17:40:00,8,2,18,17,40,130,43,POMPIDOU  AVENUE,,,Plein jour,En agglomération,Giratoire,Temps couvert,Deux véhicules - côté,,,,,,,,,,,1,2,6,8,3
200800007567,0008-02-25 18:00:00,8,2,25,18,0,130,43,ROVE  AVENUE DU,,,Crépuscule ou aube,En agglomération,Hors intersection,Temps couvert,Deux véhicules - arrière,,,,,,,,,,,2,2,1,8,2
200800007568,0008-02-01 10:20:00,8,2,1,10,20,130,55,"171, MICHELET (BOULEVARD",,,Plein jour,En agglomération,Hors intersection,Normale,Autre collision,,,,,,,,,,,1,2,1,1,6
200800007569,0008-02-02 18:45:00,8,2,2,18,45,130,55,"0, PASSET (CHEMIN DU)",,,Crépuscule ou aube,En agglomération,Intersection en T,Normale,Deux véhicules - côté,,,,,,,,,,,2,2,3,1,3
200800007570,0008-02-04 21:05:00,8,2,4,21,5,130,55,", BAILLE (BOULEVARD)",,,Nuit avec éclairage allumé,En agglomération,Intersection en X,Normale,Deux véhicules - côté,,,,,,,,,,,5,2,2,1,3
200800007571,0008-02-05 18:00:00,8,2,5,18,0,130,55,"402, PARADIS (RUE)",,,Crépuscule ou aube,En agglomération,Hors intersection,Normale,Deux véhicules - côté,,,,,,,,,,,2,2,1,1,3
200800007572,0008-02-01 15:10:00,8,2,1,15,10,130,2,GEORGES RISLER (AVENUE),,,Plein jour,En agglomération,Hors intersection,Normale,Autre collision,,,,,,,,,,,1,2,1,1,6
200800007573,0008-02-04 07:30:00,8,2,4,7,30,130,55,ENJOLRAS (AVENUE),,,Crépuscule ou aube,En agglomération,Intersection en T,Pluie forte,Deux véhicules - côté,,,,,,,,,,,2,2,3,3,3
200800007574,0008-02-05 16:40:00,8,2,5,16,40,130,55,TOULON (AVENUE DE),,,Plein jour,En agglomération,Hors intersection,Normale,Deux véhicules - arrière,,,,,,,,,,,1,2,1,1,2