accident_id,datetime,annee,mois,jour,heure,minute,departement,commune_insee,adresse,latitude,longitude,luminosite,agglomeration,intersection,meteo,collision,nb_vehicules,nb_usagers,nb_indemnes,nb_tues,nb_blesses_hosp,nb_blesses_legers,age_cond_1,age_cond_2,veh_type_cond_1,veh_type_cond_2,lum_code,agg_code,int_code,atm_code,col_code
200800007575,0008-02-06 10:50:00,8,2,6,10,50,130,55,JEAN PAUL SARTRE (AVENUE,,,Plein jour,En agglomération,Hors intersection,Normale,Autre collision,,,,,,,,,,,1,2,1,1,6
200800007576,0008-02-05 16:20:00,8,2,5,16,20,130,55,"71, TOULON (AVENUE DE)",,,Plein jour,En agglomération,Intersection en T,Normale,Autre collision,,,,,,,,,,,1,2,3,1,6
200800007577,0008-02-07 16:25:00,8,2,7,16,25,130,55,"36, LANCIER (CHEMIN DU)",,,Plein jour,En agglomération,Hors intersection,Normale,Autre collision,,,,,,,,,,,1,2,1,1,6
200800007578,0008-02-07 12:15:00,8,2,7,12,15,130,55,"97, AUGUSTIN AUBERT (RUE",,,Plein jour,En agglomération,Hors intersection,Normale,Autre collision,,,,,,,,,,,1,2,1,1,6
200800007579,0008-02-07 23:50:00,8,2,7,23,50,130,55,"193, SAINT MARCEL (BOULE",,,Nuit avec éclairage allumé,En agglomération,Hors intersection,Normale,Trois véhicules et plus - en chaîne,,,,,,,,,,,5,2,1,1,4
200800007580,0008-02-02 12:10:00,8,2,2,12,10,130,55,"185, LYON (RUE DE)",,,Plein jour,En agglomération,Hors intersection,Normale,Deux véhicules - arrière,,,,,,,,,,,1,2,1,1,2
200800007581,0008-02-04 18:00:00,8,2,4,18,0,130,55,PAUL CLAUDEL (BOULEVARD),,,Nuit avec éclairage allumé,En agglomération,Hors intersection,Normale,Deux véhicules - côté,,,,,,,,,,,5,2,1,1,3
200800007582,0008-02-01 19:45:00,8,2,1,19,45,130,55,FERNAND PAURIOL (RUE),,,Nuit avec éclairage allumé,En agglomération,Intersection en X,Normale,Deux véhicules - côté,,,,,,,,,,,5,2,2,1,3
200800007583,0008-02-02 05:50:00,8,2,2,5,50,130,55,JEAN MOULIN (BOULEVARD),,,Nuit avec éclairage allumé,En agglomération,Hors intersection,Pluie légère,Deux véhicules - arrière,,,,,,,,,,,5,2,1,2,2
200800007584,0008-02-08 21:20:00,8,2,8,21,20,130,55,ROMAIN ROLLAND (BOULEVAR,,,Nuit avec éclairage allumé,En agglomération,Hors intersection,Normale,Autre collision,,,,,,,,,,,5,2,1,1,6
200800007585,0008-02-05 08:45:00,8,2,5,8,45,130,55,"401, MICHELET (BOULEVARD",,,Plein jour,En agglomération,Hors intersection,Normale,Deux véhicules - côté,,,,,,,,,,,1,2,1,1,3
200800007586,0008-02-02 13:55:00,8,2,2,13,55,130,55,"37, PASTEUR (AVENUE)",,,Plein jour,En agglomération,Intersection en T,Normale,Deux véhicules - côté,,,,,,,,,,,1,2,3,1,3
200800007587,0008-02-01 11:30:00,8,2,1,11,30,130,55,"08, BELSUNCE (COURS)",,,Plein jour,En agglomération,Hors intersection,Normale,Autre collision,,,,,,,,,,,1,2,1,1,6
200800007588,0008-02-06 09:45:00,8,2,6,9,45,130,55,"388, MONTOLIVET (AVENUE",,,Plein jour,En agglomération,Hors intersection,Normale,Sans collision,,,,,,,,,,,1,2,1,1,7
200800007589,0008-02-07 20:35:00,8,2,7,20,35,130,2,ETIENNE CUCCA-CD908 (AVE,,,Nuit sans éclairage public,Hors agglomération,Hors intersection,Normale,Autre collision,,,,,,,,,,,3,1,1,1,6
200800007590,0008-02-05 16:30:00,8,2,5,16,30,130,55,ALBERT EINSTEIN (RUE),,,Plein jour,En agglomération,Hors intersection,Normale,Deux véhicules - frontale,,,,,,,,,,,1,2,1,1,1
200800007591,0008-02-06 08:10:00,8,2,6,8,10,130,55,SAINT JUST (AVENUE DE),,,Plein jour,En agglomération,Hors intersection,Normale,Deux véhicules - côté,,,,,,,,,,,1,2,1,1,3
200800007592,0008-02-11 18:45:00,8,2,11,18,45,130,55,LAURIER (IMPASSE DU),,,Nuit avec éclairage allumé,En agglomération,Hors intersection,Normale,Deux véhicules - frontale,,,,,,,,,,,5,2,1,1,1
200800007593,0008-02-09 16:45:00,8,2,9,16,45,130,2,TAGARET (CHEMIN DE),,,Plein jour,En agglomération,Hors intersection,Normale,Sans collision,,,,,,,,,,,1,2,1,1,7
200800007594,0008-02-10 03:10:00,8,2,10,3,10,130,55,SAINTE MARGUERITE (BOULE,,,Nuit avec éclairage allumé,En agglomération,Intersection en X,Normale,Deux véhicules - côté,,,,,,,,,,,5,2,2,1,3
200800007595,0008-02-05 17:45:00,8,2,5,17,45,130,55,"1, GARIBALDI (BOULEVARD)",,,Plein jour,En agglomération,Hors intersection,Normale,Autre collision,,,,,,,,,,,1,2,1,1,6
200800007596,0008-02-03 02:05:00,8,2,3,2,5,130,55,"100, FRANÇOISE DUPARC (B",,,Nuit avec éclairage allumé,En agglomération,Hors intersection,Normale,Trois véhicules et plus - collisions multiples,,,,,,,,,,,5,2,1,1,5
200800007597,0008-02-04 07:55:00,8,2,4,7,55,130,55,"2, BAILLE (BOULEVARD)",,,Crépuscule ou aube,En agglomération,Passage à niveau,Pluie forte,Autre collision,,,,,,,,,,,2,2,8,3,6
200800007598,0008-02-04 17:45:00,8,2,4,17,45,130,55,"150, LOUBON (RUE)",,,Crépuscule ou aube,En agglomération,Hors intersection,Normale,Autre collision,,,,,,,,,,,2,2,1,1,6
200800007599,0008-02-06 09:05:00,8,2,6,9,5,130,55,TOUSSAINT D' ORCINO (RON,,,Plein jour,En agglomération,Giratoire,Normale,Deux véhicules - côté,,,,,,,,,,,1,2,6,1,3
200800007600,0008-02-04 14:35:00,8,2,4,14,35,130,55,VISTE (AVENUE DE LA),,,Plein jour,En agglomération,Hors intersection,Normale,Deux véhicules - frontale,,,,,,,,,,,1,2,1,1,1
200800007601,0008-02-06 17:25:00,8,2,6,17,25,130,55,"179, SAINT MARCEL (BOULE",,,Plein jour,En agglomération,Hors intersection,Normale,Deux véhicules - côté,,,,,,,,,,,1,2,1,1,3
200800007602,0008-02-06 18:10:00,8,2,6,18,10,130,55,BOISERAIE (RUE),,,Crépuscule ou aube,En agglomération,Hors intersection,Normale,Deux véhicules - côté,,,,,,,,,,,2,2,1,1,3
200800007603,0008-02-07 18:30:00,8,2,7,18,30,130,55,CAILLOLS (AVENUE DES),,,Nuit avec éclairage allumé,En agglomération,Intersection en X,Normale,Deux véhicules - côté,,,,,,,,,,,5,2,2,1,3
200800007604,0008-02-11 15:35:00,8,2,11,15,35,130,55,ROMAIN ROLLAND (BOULEVAR,,,Plein jour,En agglomération,Intersection en X,Normale,Deux véhicules - côté,,,,,,,,,,,1,2,2,1,3
200800007605,0008-02-03 09:15:00,8,2,3,9,15,130,55,SAINT PIERRE (RUE),,,Plein jour,En agglomération,Hors intersection,Temps couvert,Deux véhicules - frontale,,,,,,,,,,,1,2,1,8,1
200800007606,0008-02-07 08:00:00,8,2,7,8,0,130,55,"24, LACEPEDE (RUE)",,,Plein jour,En agglomération,Hors intersection,Normale,Deux véhicules - côté,,,,,,,,,,,1,2,1,1,3
200800007607,0008-02-07 17:30:00,8,2,7,17,30,130,55,"9, VITON (AVENUE)",,,Plein jour,En agglomération,Hors intersection,Normale,Deux véhicules - côté,,,,,,,,,,,1,2,1,1,3
200800007608,0008-02-06 10:20:00,8,2,6,10,20,130,55,"15, JOSEPH VIDAL (AVENUE",,,Plein jour,En agglomération,Autre intersection,Normale,Autre collision,,,,,,,,,,,1,2,9,1,6
200800007609,0008-02-01 10:30:00,8,2,1,10,30,130,55,", PAUL CLAUDEL (BOULEVAR",,,Plein jour,En agglomération,Hors intersection,Normale,Deux véhicules - arrière,,,,,,,,,,,1,2,1,1,2
200800007610,0008-02-05 07:30:00,8,2,5,7,30,130,55,"32, MILLIERE (BOULEVARD",,,Plein jour,En agglomération,Hors intersection,Normale,Deux véhicules - frontale,,,,,,,,,,,1,2,1,1,1
200800007611,0008-02-08 13:30:00,8,2,8,13,30,130,55,QUATRE CHEMINS (RUE),,,Plein jour,En agglomération,Intersection en T,Normale,Deux véhicules - côté,,,,,,,,,,,1,2,3,1,3
200800007612,0008-02-08 18:10:00,8,2,8,18,10,130,55,"32, VALBARELLE (BOULEVAR",,,Crépuscule ou aube,En agglomération,Hors intersection,Normale,Deux véhicules - côté,,,,,,,,,,,2,2,1,1,3
200800007613,0008-02-15 07:25:00,8,2,15,7,25,130,55,"18, PRADO (AVENUE DU)",,,Plein jour,En agglomération,Intersection en T,Normale,Autre collision,,,,,,,,,,,1,2,3,1,6
200800007614,0008-02-05 11:00:00,8,2,5,11,0,130,55,"23, FORT NOTRE (RUE)",,,Plein jour,En agglomération,Hors intersection,Normale,Autre collision,,,,,,,,,,,1,2,1,1,6
200800007615,0008-02-01 20:30:00,8,2,1,20,30,130,55,"452, SAINT PIERRE (RUE)",,,Nuit avec éclairage allumé,En agglomération,Hors intersection,Pluie légère,Deux véhicules - côté,,,,,,,,,,,5,2,1,2,3
200800007616,0008-02-07 11:20:00,8,2,7,11,20,130,55,PARTY (CHEMIN DE),,,Plein jour,En agglomération,Hors intersection,Normale,Deux véhicules - frontale,,,,,,,,,,,1,2,1,1,1
200800007617,0008-02-05 16:10:00,8,2,5,16,10,130,55,"71, AUGUSTIN AUBERT (RUE",,,Plein jour,En agglomération,Hors intersection,Normale,Autre collision,,,,,,,,,,,1,2,1,1,6
200800007618,0008-02-06 18:20:00,8,2,6,18,20,130,55,LANCIER (CHEMIN DU),,,Nuit avec éclairage allumé,En agglomération,Hors intersection,Normale,Deux véhicules - arrière,,,,,,,,,,,5,2,1,1,2
200800007619,0008-02-06 11:25:00,8,2,6,11,25,130,55,GAROUTTE (BOULEVARD),,,Plein jour,En agglomération,Intersection en T,Normale,Autre collision,,,,,,,,,,,1,2,3,1,6
200800007620,0008-02-03 00:45:00,8,2,3,0,45,130,55,"174, PORT (QUAI DU)",,,Nuit avec éclairage allumé,En agglomération,Hors intersection,Normale,Autre collision,,,,,,,,,,,5,2,1,1,6
200800007621,0008-02-15 17:10:00,8,2,15,17,10,130,55,MILLIERE (BOULEVARD DE L,,,Plein jour,En agglomération,Hors intersection,Normale,Deux véhicules - arrière,,,,,,,,,,,1,2,1,1,2
200800007622,0008-02-17 17:30:00,8,2,17,17,30,130,55,"191, CAILLOLS (AVENUE DE",,,Crépuscule ou aube,En agglomération,Hors intersection,Normale,Sans collision,,,,,,,,,,,2,2,1,1,7
200800007623,0008-02-15 15:00:00,8,2,15,15,0,130,55,RABELAIS (RUE),,,Plein jour,En agglomération,Hors intersection,Normale,Sans collision,,,,,,,,,,,1,2,1,1,7
200800007624,0008-02-16 01:30:00,8,2,16,1,30,130,55,"142, ESTAQUE PLAGE",,,Nuit avec éclairage allumé,En agglomération,Hors intersection,Normale,Autre collision,,,,,,,,,,,5,2,1,1,6
200800007625,0008-02-05 08:35:00,8,2,5,8,35,130,55,BOISERAIE (RUE),,,Plein jour,En agglomération,Hors intersection,Normale,Deux véhicules - côté,,,,,,,,,,,1,2,1,1,3
200800007626,0008-02-09 14:30:00,8,2,9,14,30,130,55,HAITI (BOULEVARD D'),,,Plein jour,En agglomération,Hors intersection,Normale,Deux véhicules - côté,,,,,,,,,,,1,2,1,1,3
200800007627,0008-02-05 12:00:00,8,2,5,12,0,130,55,"36, SAINT BARNABE (AVENU",,,Plein jour,En agglomération,Hors intersection,Normale,Deux véhicules - arrière,,,,,,,,,,,1,2,1,1,2
200800007628,0008-02-07 19:00:00,8,2,7,19,0,130,55,"24, SCHLOESING (BOULEVAR",,,Nuit avec éclairage allumé,En agglomération,Hors intersection,Normale,Trois véhicules et plus - collisions multiples,,,,,,,,,,,5,2,1,1,5
200800007629,0008-02-07 17:50:00,8,2,7,17,50,130,55,"106, LYON (RUE DE)",,,Crépuscule ou aube,En agglomération,Hors intersection,Normale,Autre collision,,,,,,,,,,,2,2,1,1,6
200800007630,0008-02-07 19:45:00,8,2,7,19,45,130,55,PRADO (AVENUE),,,Nuit avec éclairage allumé,En agglomération,Hors intersection,Normale,Deux véhicules - côté,,,,,,,,,,,5,2,1,1,3
200800007631,0008-02-12 17:15:00,8,2,12,17,15,130,55,"149, PRADO (AVENUE)",,,Plein jour,En agglomération,Hors intersection,Normale,Deux véhicules - côté,,,,,,,,,,,1,2,1,1,3
200800007632,0008-02-18 10:50:00,8,2,18,10,50,130,55,COROT (AVENUE),,,Plein jour,En agglomération,Intersection en X,Normale,Deux véhicules - côté,,,,,,,,,,,1,2,2,1,3
200800007633,0008-02-08 10:55:00,8,2,8,10,55,130,55,"1, GARLABAN (AVENUE DE)",,,Plein jour,En agglomération,Hors intersection,Normale,Autre collision,,,,,,,,,,,1,2,1,1,6
200800007634,0008-02-07 08:10:00,8,2,7,8,10,130,55,GAYE (PLACE DE LA),,,Plein jour,En agglomération,Hors intersection,Normale,Autre collision,,,,,,,,,,,1,2,1,1,6
200800007635,0008-02-19 04:45:00,8,2,19,4,45,130,55,LUMINY (AVENUE DE),,,Nuit sans éclairage public,Hors agglomération,Hors intersection,Temps couvert,Autre collision,,,,,,,,,,,3,1,1,8,6
200800007636,0008-02-15 09:20:00,8,2,15,9,20,130,55,", POILUS (AVENUE DES)",,,Plein jour,En agglomération,Hors intersection,Normale,Deux véhicules - côté,,,,,,,,,,,1,2,1,1,3
200800007637,0008-02-12 20:40:00,8,2,12,20,40,130,55,SAINT MARCEL (BOULEVARD,,,Nuit avec éclairage allumé,En agglomération,Hors intersection,Normale,Deux véhicules - arrière,,,,,,,,,,,5,2,1,1,2
200800007638,0008-02-07 12:55:00,8,2,7,12,55,130,55,TRIOULET (TRAVERSE DU),,,Plein jour,En agglomération,Intersection en T,Normale,Deux véhicules - arrière,,,,,,,,,,,1,2,3,1,2
200800007639,0008-02-19 10:00:00,8,2,19,10,0,130,55,"110, HAMBOURG (BOULEVARD",,,Plein jour,En agglomération,Autre intersection,Normale,Trois véhicules et plus - en chaîne,,,,,,,,,,,1,2,9,1,4
200800007640,0008-02-15 17:30:00,8,2,15,17,30,130,55,POILUS (AVENUE DES),,,Plein jour,En agglomération,Hors intersection,Normale,Deux véhicules - côté,,,,,,,,,,,1,2,1,1,3
200800007641,0008-02-15 17:20:00,8,2,15,17,20,130,55,LIBERATEURS (BOULEVARD D,,,Plein jour,En agglomération,Intersection en Y,Normale,Deux véhicules - côté,,,,,,,,,,,1,2,4,1,3
200800007642,0008-02-13 15:40:00,8,2,13,15,40,130,55,HENRI BARBUSSE (RUE),,,Plein jour,En agglomération,Intersection en X,Normale,Autre collision,,,,,,,,,,,1,2,2,1,6
200800007643,0008-02-12 14:30:00,8,2,12,14,30,130,55,"78A, CHUTES LAVIE (AVENU",,,Plein jour,En agglomération,Hors intersection,Normale,Autre collision,,,,,,,,,,,1,2,1,1,6
200800007644,0008-02-04 13:00:00,8,2,4,13,0,130,55,PIERRE PUGET (COURS),,,Plein jour,En agglomération,Intersection en T,Normale,Deux véhicules - côté,,,,,,,,,,,1,2,3,1,3
200800007645,0008-02-16 17:30:00,8,2,16,17,30,130,55,LOCARNO (RUE DE),,,Plein jour,En agglomération,Intersection en X,Normale,Autre collision,,,,,,,,,,,1,2,2,1,6
200800007646,0008-02-05 14:50:00,8,2,5,14,50,130,55,PARADIS (RUE),,,Plein jour,En agglomération,Intersection en X,Normale,Deux véhicules - frontale,,,,,,,,,,,1,2,2,1,1
200800007647,0008-02-18 00:20:00,8,2,18,0,20,130,55,PIERRE ROCHE (RUE),,,Nuit avec éclairage allumé,En agglomération,Intersection en X,Normale,Deux véhicules - côté,,,,,,,,,,,5,2,2,1,3
200800007648,0008-02-20 21:05:00,8,2,20,21,5,130,55,"38, RIVE NEUVE (QUAI)",,,Nuit avec éclairage allumé,En agglomération,Hors intersection,Normale,Deux véhicules - côté,,,,,,,,,,,5,2,1,1,3
200800007649,0008-02-07 08:25:00,8,2,7,8,25,130,55,"25, VALENTINE (ROUTE DE",,,Plein jour,En agglomération,Hors intersection,Normale,Deux véhicules - arrière,,,,,,,,,,,1,2,1,1,2
200800007650,0008-02-06 19:15:00,8,2,6,19,15,130,55,", CHATEAU GOMBERT (AVENU",,,Nuit avec éclairage allumé,En agglomération,Hors intersection,Normale,Autre collision,,,,,,,,,,,5,2,1,1,6
200800007651,0008-02-14 15:00:00,8,2,14,15,0,130,55,"13, FORTUNÉ JOURDAN (RUE",,,Plein jour,En agglomération,Hors intersection,Normale,Deux véhicules - côté,,,,,,,,,,,1,2,1,1,3
200800007652,0008-02-20 20:15:00,8,2,20,20,15,130,55,SAINTE MARGUERITE (BOULE,,,Nuit avec éclairage allumé,Hors agglomération,Intersection en X,Normale,Deux véhicules - côté,,,,,,,,,,,5,1,2,1,3
200800007653,0008-02-15 11:00:00,8,2,15,11,0,130,55,"63, RAYMOND TEISSERE (RU",,,Plein jour,En agglomération,Hors intersection,Normale,Deux véhicules - côté,,,,,,,,,,,1,2,1,1,3
200800007654,0008-02-14 12:55:00,8,2,14,12,55,130,55,"162, TIMONE (AVENUE DE L",,,Plein jour,En agglomération,Hors intersection,Normale,Sans collision,,,,,,,,,,,1,2,1,1,7
200800007655,0008-02-01 21:17:00,8,2,1,21,17,130,55,", MENARD (PIERRE) (BOULE",,,Nuit avec éclairage allumé,En agglomération,Hors intersection,Pluie forte,Autre collision,,,,,,,,,,,5,2,1,3,6
200800007656,0008-02-15 21:35:00,8,2,15,21,35,130,55,BUREL (BOULEVARD),,,Nuit avec éclairage allumé,En agglomération,Hors intersection,Normale,Deux véhicules - côté,,,,,,,,,,,5,2,1,1,3
200800007657,0008-02-14 15:30:00,8,2,14,15,30,130,55,"211, ROMAIN ROLLAND (BOU",,,Plein jour,En agglomération,Hors intersection,Normale,Autre collision,,,,,,,,,,,1,2,1,1,6
200800007658,0008-02-14 19:00:00,8,2,14,19,0,130,55,PEINTRES ROUX (AVENUE DE,,,Nuit avec éclairage allumé,En agglomération,Hors intersection,Normale,Autre collision,,,,,,,,,,,5,2,1,1,6
200800007659,0008-02-01 06:55:00,8,2,1,6,55,130,55,METRO (BOULEVARD DU),,,Crépuscule ou aube,En agglomération,Hors intersection,Normale,Deux véhicules - côté,,,,,,,,,,,2,2,1,1,3
200800007660,0008-02-11 11:05:00,8,2,11,11,5,130,55,"109, SAINTE MARTHE (CHEM",,,Plein jour,En agglomération,Hors intersection,Normale,Deux véhicules - côté,,,,,,,,,,,1,2,1,1,3
200800007661,0008-02-08 09:20:00,8,2,8,9,20,130,55,"69, DANIEL CASANOVA (BOU",,,Plein jour,En agglomération,Hors intersection,Normale,Deux véhicules - frontale,,,,,,,,,,,1,2,1,1,1
200800007662,0008-02-01 11:31:00,8,2,1,11,31,130,55,LA PELOUQUE (CHEMIN),,,Plein jour,En agglomération,Hors intersection,Normale,Deux véhicules - frontale,,,,,,,,,,,1,2,1,1,1
200800007663,0008-02-10 05:15:00,8,2,10,5,15,130,55,BOSPHORE (BOULEVARD DU),,,Nuit avec éclairage allumé,En agglomération,Hors intersection,Normale,Deux véhicules - arrière,,,,,,,,,,,5,2,1,1,2
200800007664,0008-02-10 17:10:00,8,2,10,17,10,130,55,BERNARD (RUE),,,Plein jour,En agglomération,Intersection en X,Normale,Autre collision,,,,,,,,,,,1,2,2,1,6
200800007665,0008-02-13 16:00:00,8,2,13,16,0,130,55,VISTE (AVENUE DE LA),,,Plein jour,En agglomération,Hors intersection,Normale,Deux véhicules - frontale,,,,,,,,,,,1,2,1,1,1
200800007666,0008-02-14 15:45:00,8,2,14,15,45,130,55,"face 401, SAINT ANTOINE",,,Plein jour,En agglomération,Hors intersection,Normale,Autre collision,,,,,,,,,,,1,2,1,1,6
200800007667,0008-02-21 09:00:00,8,2,21,9,0,130,55,PASSET (CHEMIN DU),,,Plein jour,En agglomération,Intersection en T,Normale,Deux véhicules - côté,,,,,,,,,,,1,2,3,1,3
200800007668,0008-02-19 17:55:00,8,2,19,17,55,130,2,JEAN GIONO (AVENUE),,,Crépuscule ou aube,En agglomération,Hors intersection,Normale,Autre collision,,,,,,,,,,,2,2,1,1,6
200800007669,0008-02-08 09:40:00,8,2,8,9,40,130,55,"130, L ARMEE D AFRIQUE (",,,Plein jour,En agglomération,Hors intersection,Normale,Autre collision,,,,,,,,,,,1,2,1,1,6
200800007670,0008-02-07 17:15:00,8,2,7,17,15,130,55,"23, ESPERANDIEU (RUE)",,,Plein jour,En agglomération,Intersection en X,Normale,Deux véhicules - côté,,,,,,,,,,,1,2,2,1,3
200800007671,0008-02-18 07:50:00,8,2,18,7,50,130,55,"20, JULIEN (COURS)",,,Plein jour,En agglomération,Hors intersection,Normale,Sans collision,,,,,,,,,,,1,2,1,1,7
200800007672,0008-02-18 12:50:00,8,2,18,12,50,130,55,MARCHE D'IN (AVENUE),,,Plein jour,En agglomération,Hors intersection,Normale,Trois véhicules et plus - en chaîne,,,,,,,,,,,1,2,1,1,4
200800007673,0008-02-22 17:20:00,8,2,22,17,20,130,55,LA MARTINE (CHEMIN DU),,,Plein jour,En agglomération,Intersection en T,Normale,Deux véhicules - côté,,,,,,,,,,,1,2,3,1,3
200800007674,0008-02-15 16:45:00,8,2,15,16,45,130,55,"78, SAINT LOUP (BOULEVAR",,,Plein jour,En agglomération,Hors intersection,Normale,Trois véhicules et plus - en chaîne,,,,,,,,,,,1,2,1,1,4
200800007675,0008-02-05 13:15:00,8,2,5,13,15,130,55,BENJAMIN DELESSERT (RUE),,,Plein jour,En agglomération,Intersection en T,Normale,Deux véhicules - côté,,,,,,,,,,,1,2,3,1,3
200800007676,0008-02-07 08:45:00,8,2,7,8,45,130,55,SAINT LOUP (BOULEVARD DE,,,Plein jour,En agglomération,Hors intersection,Normale,Autre collision,,,,,,,,,,,1,2,1,1,6
200800007677,0008-02-19 09:15:00,8,2,19,9,15,130,55,MERLAUD PON (RUE),,,Plein jour,En agglomération,Hors intersection,Normale,Autre collision,,,,,,,,,,,1,2,1,1,6
200800007678,0008-02-15 10:45:00,8,2,15,10,45,130,55,"66, TREILLE (ROUTE DE LA",,,Plein jour,En agglomération,Hors intersection,Normale,Deux véhicules - côté,,,,,,,,,,,1,2,1,1,3
200800007679,0008-02-27 08:30:00,8,2,27,8,30,130,55,"164, COMMANDANT ROLLAND",,,Plein jour,En agglomération,Hors intersection,Normale,Autre collision,,,,,,,,,,,1,2,1,1,6
200800007680,0008-02-27 14:50:00,8,2,27,14,50,130,55,"0, GAFFAREL (RUE)",,,Plein jour,En agglomération,Hors intersection,Normale,Deux véhicules - côté,,,,,,,,,,,1,2,1,1,3
200800007681,0008-02-28 00:40:00,8,2,28,0,40,130,55,RAYMOND TEISSERE (RUE),,,Nuit avec éclairage allumé,En agglomération,Intersection en X,Normale,Autre collision,,,,,,,,,,,5,2,2,1,6
200800007682,0008-02-22 17:30:00,8,2,22,17,30,130,55,MIRABEAU (BOULEVARD),,,Plein jour,En agglomération,Intersection en X,Normale,Autre collision,,,,,,,,,,,1,2,2,1,6
200800007683,0008-02-19 12:30:00,8,2,19,12,30,130,55,"196, SAINTE MARTHE (CHEM",,,Plein jour,En agglomération,Hors intersection,Normale,Autre collision,,,,,,,,,,,1,2,1,1,6
200800007684,0008-02-07 08:01:00,8,2,7,8,1,130,55,"45, LODI (RUE DE)",,,Plein jour,En agglomération,Hors intersection,Normale,Autre collision,,,,,,,,,,,1,2,1,1,6
200800007685,0008-02-15 08:00:00,8,2,15,8,0,130,55,"15, SAINT BARNABE (AVENU",,,Plein jour,En agglomération,Intersection en T,Normale,Deux véhicules - côté,,,,,,,,,,,1,2,3,1,3
200800007686,0008-02-06 09:40:00,8,2,6,9,40,130,55,"42, PORT (QUAI DU)",,,Plein jour,En agglomération,Hors intersection,Normale,Deux véhicules - frontale,,,,,,,,,,,1,2,1,1,1
200800007687,0008-02-20 14:50:00,8,2,20,14,50,130,55,"0, JUNOT (RUE)",,,Plein jour,En agglomération,Hors intersection,Normale,Autre collision,,,,,,,,,,,1,2,1,1,6
200800007688,0008-02-16 14:00:00,8,2,16,14,0,130,55,OLIVES (AVENUE DES),,,Plein jour,En agglomération,Hors intersection,Normale,Deux véhicules - côté,,,,,,,,,,,1,2,1,1,3
200800007689,0008-02-24 00:30:00,8,2,24,0,30,130,55,CAT (IMPASSE),,,Nuit avec éclairage allumé,En agglomération,Hors intersection,Normale,Sans collision,,,,,,,,,,,5,2,1,1,7
200800007690,0008-02-25 17:00:00,8,2,25,17,0,130,55,"34, DESAUTEL (AVENUE)",,,Plein jour,En agglomération,Hors intersection,Normale,Autre collision,,,,,,,,,,,1,2,1,1,6
200800007691,0008-02-20 12:00:00,8,2,20,12,0,130,55,"148, BONNEFOY (RUE)",,,Plein jour,En agglomération,Hors intersection,Normale,Deux véhicules - frontale,,,,,,,,,,,1,2,1,1,1
200800007692,0008-02-25 17:10:00,8,2,25,17,10,130,55,"240, SAINT LOUP (BOULEVA",,,Plein jour,En agglomération,Hors intersection,Normale,Deux véhicules - arrière,,,,,,,,,,,1,2,1,1,2
200800007693,0008-02-24 16:00:00,8,2,24,16,0,130,2,ETIENNE CUCCA-CD908 (AVE,,,Plein jour,Hors agglomération,Hors intersection,Normale,Autre collision,,,,,,,,,,,1,1,1,1,6
200800007694,0008-02-26 09:30:00,8,2,26,9,30,130,55,"11, ENJOLRAS (AVENUE)",,,Plein jour,En agglomération,Hors intersection,Normale,Deux véhicules - côté,,,,,,,,,,,1,2,1,1,3
200800007695,0008-02-19 16:10:00,8,2,19,16,10,130,55,ALEX ANSALDI (RUE),,,Plein jour,En agglomération,Hors intersection,Normale,Deux véhicules - arrière,,,,,,,,,,,1,2,1,1,2
200800007696,0008-02-22 20:45:00,8,2,22,20,45,130,55,LITTORAL (CHEMIN DU),,,Nuit avec éclairage allumé,En agglomération,Giratoire,Normale,Autre collision,,,,,,,,,,,5,2,6,1,6
200800007697,0008-02-18 19:00:00,8,2,18,19,0,130,55,"295, LITTORAL (CHEMIN DU",,,Nuit sans éclairage public,En agglomération,Hors intersection,Normale,Sans collision,,,,,,,,,,,3,2,1,1,7
200800007698,0008-02-22 14:45:00,8,2,22,14,45,130,55,"296, SAINT ANTOINE (AVEN",,,Plein jour,En agglomération,Hors intersection,Normale,Autre collision,,,,,,,,,,,1,2,1,1,6
200800007699,0008-02-19 21:00:00,8,2,19,21,0,130,55,SALVADOR ALLENDE (RUE),,,Nuit avec éclairage allumé,En agglomération,Hors intersection,Normale,Deux véhicules - arrière,,,,,,,,,,,5,2,1,1,2
200800007700,0008-02-25 23:00:00,8,2,25,23,0,130,55,"02, BREMOND (RUE)",,,Nuit avec éclairage allumé,En agglomération,Intersection en X,Normale,Deux véhicules - côté,,,,,,,,,,,5,2,2,1,3
200800007701,0008-02-16 18:00:00,8,2,16,18,0,130,55,PERIER (BOULEVARD),,,Crépuscule ou aube,En agglomération,Intersection en X,Normale,Deux véhicules - côté,,,,,,,,,,,2,2,2,1,3
200800007702,0008-02-29 14:30:00,8,2,29,14,30,130,55,ANDRÉ ROUSSIN (AVENUE),,,Plein jour,En agglomération,Giratoire,Normale,Autre collision,,,,,,,,,,,1,2,6,1,6
200800007703,0008-02-19 21:40:00,8,2,19,21,40,130,55,"73, MORGIOU (CHEMIN DE)",,,Nuit avec éclairage allumé,En agglomération,Autre intersection,Normale,Sans collision,,,,,,,,,,,5,2,9,1,7
200800007704,0008-02-07 20:00:00,8,2,7,20,0,130,55,"150, PONT DE VIVAUX (BOU",,,Nuit avec éclairage allumé,En agglomération,Hors intersection,Normale,Deux véhicules - arrière,,,,,,,,,,,5,2,1,1,2
200800007705,0008-02-19 18:00:00,8,2,19,18,0,130,55,"81, REDON (BOULEVARD DU)",,,Plein jour,En agglomération,Autre intersection,Normale,Deux véhicules - côté,,,,,,,,,,,1,2,9,1,3
200800007706,0008-02-26 17:15:00,8,2,26,17,15,130,55,"384, MICHELET (BOULEVARD",,,Plein jour,En agglomération,Autre intersection,Pluie légère,Deux véhicules - côté,,,,,,,,,,,1,2,9,2,3
200800007707,0008-02-27 18:00:00,8,2,27,18,0,130,55,AGELASTO (BOULEVARD),,,Plein jour,En agglomération,Intersection en T,Normale,Deux véhicules - côté,,,,,,,,,,,1,2,3,1,3