accident_id,datetime,annee,mois,jour,heure,minute,departement,commune_insee,adresse,latitude,longitude,luminosite,agglomeration,intersection,meteo,collision,nb_vehicules,nb_usagers,nb_indemnes,nb_tues,nb_blesses_hosp,nb_blesses_legers,age_cond_1,age_cond_2,veh_type_cond_1,veh_type_cond_2,lum_code,agg_code,int_code,atm_code,col_code
200800007708,0008-02-12 08:30:00,8,2,12,8,30,130,55,FRAISSINET (BOULEVARD),,,Plein jour,En agglomération,Hors intersection,Normale,Deux véhicules - frontale,,,,,,,,,,,1,2,1,1,1
200800007709,0008-02-09 16:20:00,8,2,9,16,20,130,55,"134, MICHELET (BOULEVARD",,,Plein jour,En agglomération,Hors intersection,Normale,Deux véhicules - arrière,,,,,,,,,,,1,2,1,1,2
200800007710,0008-02-19 11:30:00,8,2,19,11,30,130,55,"98, JULIEN (AVENUE)",,,Plein jour,En agglomération,Hors intersection,Normale,Deux véhicules - côté,,,,,,,,,,,1,2,1,1,3
200800007711,0008-02-01 14:45:00,8,2,1,14,45,130,55,"39, CONCORDE (BOULEVARD",,,Plein jour,En agglomération,Hors intersection,Temps couvert,Trois véhicules et plus - en chaîne,,,,,,,,,,,1,2,1,8,4
200800007712,0008-02-15 15:30:00,8,2,15,15,30,130,55,"36, FRANCOISE DUPARC (BO",,,Plein jour,En agglomération,Hors intersection,Normale,Deux véhicules - arrière,,,,,,,,,,,1,2,1,1,2
200800007713,0008-02-15 12:45:00,8,2,15,12,45,130,55,PRADO (AVENUE DU),,,Plein jour,En agglomération,Hors intersection,Normale,Autre collision,,,,,,,,,,,1,2,1,1,6
200800007714,0008-02-12 13:30:00,8,2,12,13,30,130,55,PASTEUR (AVENUE),,,Plein jour,En agglomération,Intersection en T,Normale,Deux véhicules - côté,,,,,,,,,,,1,2,3,1,3
200800007715,0008-02-26 08:30:00,8,2,26,8,30,130,55,"30, RIVE NEUVE (QUAI)",,,Plein jour,En agglomération,Hors intersection,Normale,Sans collision,,,,,,,,,,,1,2,1,1,7
200800007716,0008-02-13 16:30:00,8,2,13,16,30,130,55,"7, LIEUTAUD (COURS)",,,Plein jour,En agglomération,Hors intersection,Normale,Deux véhicules - arrière,,,,,,,,,,,1,2,1,1,2
200800007717,0008-02-18 15:05:00,8,2,18,15,5,130,55,PRADO (ROND-POINT),,,Plein jour,En agglomération,Hors intersection,Normale,Deux véhicules - côté,,,,,,,,,,,1,2,1,1,3
200800007718,0008-02-21 09:55:00,8,2,21,9,55,130,55,PLOMBIERES (BOULEVARD DE,,,Plein jour,En agglomération,Intersection en T,Normale,Deux véhicules - côté,,,,,,,,,,,1,2,3,1,3
200800007719,0008-02-26 14:00:00,8,2,26,14,0,130,55,"191, POILUS (AVENUE DES)",,,Plein jour,En agglomération,Hors intersection,Normale,Trois véhicules et plus - en chaîne,,,,,,,,,,,1,2,1,1,4
200800007720,0008-02-20 23:40:00,8,2,20,23,40,130,55,SAINT JEROME (AVENUE DE),,,Nuit avec éclairage allumé,En agglomération,Intersection en T,Normale,Autre collision,,,,,,,,,,,5,2,3,1,6
200800007721,0008-02-18 07:00:00,8,2,18,7,0,130,55,PARIS (BOULEVARD DE),,,Plein jour,En agglomération,Hors intersection,Normale,Deux véhicules - côté,,,,,,,,,,,1,2,1,1,3
200800007722,0008-02-20 17:20:00,8,2,20,17,20,130,55,"6, JULES CANTINI (AVENUE",,,Plein jour,En agglomération,Intersection en X,Normale,Deux véhicules - frontale,,,,,,,,,,,1,2,2,1,1
200800007723,0008-02-24 21:25:00,8,2,24,21,25,130,55,"5, ROME (RUE DE)",,,Nuit avec éclairage allumé,En agglomération,Hors intersection,Normale,Autre collision,,,,,,,,,,,5,2,1,1,6
200800007724,0008-02-22 22:30:00,8,2,22,22,30,130,55,SAINT ANTOINE (AVENUE DE,,,Nuit avec éclairage allumé,En agglomération,Hors intersection,Normale,Deux véhicules - arrière,,,,,,,,,,,5,2,1,1,2
200800007725,0008-02-27 15:55:00,8,2,27,15,55,130,55,", MERLAN (AVENUE)",,,Plein jour,En agglomération,Hors intersection,Normale,Autre collision,,,,,,,,,,,1,2,1,1,6
200800007726,0008-02-22 12:50:00,8,2,22,12,50,130,55,DAMES (BOULEVARD DES),,,Plein jour,En agglomération,Autre intersection,Normale,Sans collision,,,,,,,,,,,1,2,9,1,7
200800007727,0008-02-08 18:00:00,8,2,8,18,0,130,55,"32, MONTOLIEU (RUE)",,,Nuit sans éclairage public,En agglomération,Hors intersection,Normale,Autre collision,,,,,,,,,,,3,2,1,1,6
200800007728,0008-02-26 14:01:00,8,2,26,14,1,130,55,LESSEPS (RUE DE),,,Plein jour,En agglomération,Hors intersection,Normale,Deux véhicules - arrière,,,,,,,,,,,1,2,1,1,2
200800007729,0008-02-26 14:40:00,8,2,26,14,40,130,55,PLOMBIERES (BOULEVARD DE,,,Plein jour,En agglomération,Hors intersection,Normale,Deux véhicules - côté,,,,,,,,,,,1,2,1,1,3
200800007730,0008-02-14 12:15:00,8,2,14,12,15,130,55,GRIVES (CHEMIN DES),,,Plein jour,En agglomération,Intersection en T,Normale,Deux véhicules - côté,,,,,,,,,,,1,2,3,1,3
200800007731,0008-02-21 10:00:00,8,2,21,10,0,130,55,JEAN CHAPE (IMPASSE),,,Plein jour,En agglomération,Hors intersection,Normale,Autre collision,,,,,,,,,,,1,2,1,1,6
200800007732,0008-02-20 16:15:00,8,2,20,16,15,130,55,"21, ALEX. FLEMING (BOULE",,,Plein jour,En agglomération,Hors intersection,Normale,Autre collision,,,,,,,,,,,1,2,1,1,6
200800007733,0008-02-12 16:20:00,8,2,12,16,20,130,55,"218, MADRAGUE VILLE (RUE",,,Plein jour,En agglomération,Hors intersection,Normale,Trois véhicules et plus - en chaîne,,,,,,,,,,,1,2,1,1,4
200800007734,0008-02-23 05:40:00,8,2,23,5,40,130,55,BRETEUIL (RUE),,,Nuit sans éclairage public,En agglomération,Hors intersection,Normale,Autre collision,,,,,,,,,,,3,2,1,1,6
200800007735,0008-02-29 09:20:00,8,2,29,9,20,130,55,"273, CAPELETTE (AVENUE D",,,Plein jour,En agglomération,Hors intersection,Normale,Deux véhicules - côté,,,,,,,,,,,1,2,1,1,3
200800007736,0008-02-12 16:00:00,8,2,12,16,0,130,55,"3, GUSTAVES DESPLACES (B",,,Plein jour,En agglomération,Hors intersection,Normale,Deux véhicules - arrière,,,,,,,,,,,1,2,1,1,2
200800007737,0008-02-28 09:00:00,8,2,28,9,0,130,2,7EME TIRAILLEURS ALGERIE,,,Plein jour,En agglomération,Hors intersection,Normale,Deux véhicules - côté,,,,,,,,,,,1,2,1,1,3
200800007738,0008-02-16 17:31:00,8,2,16,17,31,130,55,SAINT ANTOINE (AVENUE DE,,,Plein jour,En agglomération,Intersection en T,Normale,Deux véhicules - frontale,,,,,,,,,,,1,2,3,1,1
200800007739,0008-02-22 12:10:00,8,2,22,12,10,130,2,PASTEUR ( BOULEVARD),,,Plein jour,En agglomération,Intersection en T,Normale,Deux véhicules - côté,,,,,,,,,,,1,2,3,1,3
200800007740,0008-02-26 16:30:00,8,2,26,16,30,130,55,"88, SAINT MARCEL (BOULEV",,,Plein jour,En agglomération,Hors intersection,Normale,Deux véhicules - côté,,,,,,,,,,,1,2,1,1,3
200800007741,0008-02-29 13:40:00,8,2,29,13,40,130,55,ROGER SALENGRO (AVENUE),,,Plein jour,En agglomération,Intersection en X,Normale,Autre collision,,,,,,,,,,,1,2,2,1,6
200800007742,0008-02-11 17:10:00,8,2,11,17,10,130,55,LESSEPS (RUE DE),,,Plein jour,En agglomération,Hors intersection,Normale,Deux véhicules - côté,,,,,,,,,,,1,2,1,1,3
200800007743,0008-02-29 09:00:00,8,2,29,9,0,130,55,"18, BACHAS (RUE DU)",,,Plein jour,En agglomération,Hors intersection,Normale,Deux véhicules - frontale,,,,,,,,,,,1,2,1,1,1
200800007744,0008-02-04 18:18:00,8,2,4,18,18,130,55,"194, CHATEAU GOMBERT (AV",,,Nuit avec éclairage allumé,En agglomération,Hors intersection,Normale,Autre collision,,,,,,,,,,,5,2,1,1,6
200800007745,0008-02-25 10:10:00,8,2,25,10,10,130,55,LITTORAL (CHEMIN DU),,,Plein jour,En agglomération,Hors intersection,Normale,Deux véhicules - arrière,,,,,,,,,,,1,2,1,1,2
200800007746,0008-02-20 11:25:00,8,2,20,11,25,130,55,VOLTAIRE    IMPAIRS (BOU,,,Plein jour,En agglomération,Hors intersection,Normale,Sans collision,,,,,,,,,,,1,2,1,1,7
200800007747,0008-02-06 17:30:00,8,2,6,17,30,130,55,"7, GOUFFE (COURS)",,,Crépuscule ou aube,En agglomération,Intersection en X,Normale,Deux véhicules - arrière,,,,,,,,,,,2,2,2,1,2
200800007748,0008-02-07 22:15:00,8,2,7,22,15,130,55,BRETEUIL (RUE),,,Nuit avec éclairage non allumé,En agglomération,Intersection en T,Normale,Deux véhicules - côté,,,,,,,,,,,4,2,3,1,3
200800007749,0008-02-01 12:50:00,8,2,1,12,50,130,55,"60, ROME (RUE DE)",,,Plein jour,En agglomération,Intersection en X,Normale,Deux véhicules - côté,,,,,,,,,,,1,2,2,1,3
200800007750,0008-02-01 14:10:00,8,2,1,14,10,130,55,"55, AIX (RUE D')",,,Plein jour,En agglomération,Hors intersection,Normale,Autre collision,,,,,,,,,,,1,2,1,1,6
200800007751,0008-02-04 09:50:00,8,2,4,9,50,130,55,"134, CORNICHE KENNEDY",,,Plein jour,En agglomération,Hors intersection,Normale,Autre collision,,,,,,,,,,,1,2,1,1,6
200800007752,0008-02-25 08:10:00,8,2,25,8,10,130,55,SAINT MENET (AVENUE DE),,,Plein jour,En agglomération,Hors intersection,Normale,Deux véhicules - arrière,,,,,,,,,,,1,2,1,1,2
200800007753,0008-02-23 15:40:00,8,2,23,15,40,130,55,FRANCOIS CHARNIGNY (AVEN,,,Plein jour,En agglomération,Hors intersection,Normale,Sans collision,,,,,,,,,,,1,2,1,1,7
200800007754,0008-02-28 14:15:00,8,2,28,14,15,130,2,"20, JEAN ROQUES (AVENUE)",,,Plein jour,En agglomération,Hors intersection,Normale,Autre collision,,,,,,,,,,,1,2,1,1,6
200800007755,0008-02-29 19:15:00,8,2,29,19,15,130,55,ALEX. FLEMING (BOULEVARD,,,Nuit avec éclairage allumé,En agglomération,Hors intersection,Normale,Trois véhicules et plus - en chaîne,,,,,,,,,,,5,2,1,1,4
200800007756,0008-02-25 13:20:00,8,2,25,13,20,130,55,SAKAKINI (BOULEVARD),,,Plein jour,En agglomération,Intersection en X,Normale,Deux véhicules - côté,,,,,,,,,,,1,2,2,1,3
200800007757,0008-02-14 20:00:00,8,2,14,20,0,130,55,"5, FRANCOISE DUPARC (BOU",,,Nuit avec éclairage allumé,En agglomération,Hors intersection,Normale,Deux véhicules - arrière,,,,,,,,,,,5,2,1,1,2
200800007758,0008-02-26 08:50:00,8,2,26,8,50,130,55,"15, RIVE NEUVE (QUAI)",,,Plein jour,En agglomération,Hors intersection,Normale,Deux véhicules - côté,,,,,,,,,,,1,2,1,1,3
200800007759,0008-02-25 18:30:00,8,2,25,18,30,130,55,STANISLAS TORRENTS (RUE),,,Crépuscule ou aube,En agglomération,Intersection en X,Normale,Deux véhicules - côté,,,,,,,,,,,2,2,2,1,3
200800007760,0008-02-12 13:50:00,8,2,12,13,50,130,55,STALINGRAD (SQUARE),,,Plein jour,En agglomération,Hors intersection,Normale,Autre collision,,,,,,,,,,,1,2,1,1,6
200800007761,0008-02-27 15:30:00,8,2,27,15,30,130,55,"122, MAZARGUES (AVENUE D",,,Plein jour,En agglomération,Hors intersection,Normale,Autre collision,,,,,,,,,,,1,2,1,1,6
200800007762,0008-02-29 16:00:00,8,2,29,16,0,130,55,DE ROUX (BD ET IMPASSE),,,Plein jour,En agglomération,Hors intersection,Normale,Deux véhicules - frontale,,,,,,,,,,,1,2,1,1,1
200800007763,0008-02-15 10:30:00,8,2,15,10,30,130,55,"53, CAMILLE PELLETAN (AV",,,Plein jour,En agglomération,Hors intersection,Normale,Autre collision,,,,,,,,,,,1,2,1,1,6
200800007764,0008-02-26 16:00:00,8,2,26,16,0,130,55,"269, CORNICHE KENNEDY",,,Plein jour,En agglomération,Hors intersection,Normale,Autre collision,,,,,,,,,,,1,2,1,1,6
200800007765,0008-02-25 12:50:00,8,2,25,12,50,130,55,"47, FRANCOISE DUPARC (BO",,,Plein jour,En agglomération,Hors intersection,Normale,Trois véhicules et plus - collisions multiples,,,,,,,,,,,1,2,1,1,5
200800007766,0008-02-06 10:30:00,8,2,6,10,30,130,55,"36, SAINT JUST (AVENUE D",,,Plein jour,En agglomération,Hors intersection,Normale,Deux véhicules - arrière,,,,,,,,,,,1,2,1,1,2
200800007767,0008-02-28 15:45:00,8,2,28,15,45,130,55,LAFAYETTE (RUE),,,Plein jour,En agglomération,Intersection en X,Normale,Deux véhicules - côté,,,,,,,,,,,1,2,2,1,3
200800007768,0008-02-18 08:10:00,8,2,18,8,10,130,55,BAILLE (BOULEVARD),,,Plein jour,En agglomération,Hors intersection,Normale,Deux véhicules - côté,,,,,,,,,,,1,2,1,1,3
200800007769,0008-02-28 17:30:00,8,2,28,17,30,130,55,FENELON (RUE),,,Plein jour,En agglomération,Hors intersection,Normale,Autre collision,,,,,,,,,,,1,2,1,1,6
200800007770,0008-02-22 14:46:00,8,2,22,14,46,130,55,"05, GARIBALDI (BOULEVARD",,,Plein jour,En agglomération,Hors intersection,Normale,Autre collision,,,,,,,,,,,1,2,1,1,6
200800007771,0008-02-29 21:00:00,8,2,29,21,0,130,55,"39, BOURRELY (CHEMIN DES",,,Nuit avec éclairage allumé,En agglomération,Hors intersection,Normale,Autre collision,,,,,,,,,,,5,2,1,1,6
200800007772,0008-02-21 19:15:00,8,2,21,19,15,130,55,"74, PLOMBIERES (BOULEVAR",,,Nuit avec éclairage allumé,En agglomération,Hors intersection,Normale,Sans collision,,,,,,,,,,,5,2,1,1,7
200800007773,0008-02-15 17:00:00,8,2,15,17,0,130,55,"4, LOGE (RUE DE LA)",,,Plein jour,En agglomération,Hors intersection,Normale,Autre collision,,,,,,,,,,,1,2,1,1,6
200800007774,0008-02-22 07:05:00,8,2,22,7,5,130,55,CABOT (BOULEVARD),,,Crépuscule ou aube,En agglomération,Intersection en T,Normale,Deux véhicules - côté,,,,,,,,,,,2,2,3,1,3
200800007775,0008-02-29 16:55:00,8,2,29,16,55,130,55,GIBBES (CHEMIN DE),,,Plein jour,En agglomération,Hors intersection,Normale,Deux véhicules - côté,,,,,,,,,,,1,2,1,1,3
200800007776,0008-02-28 12:00:00,8,2,28,12,0,130,2,ALLAUCH A PICHAURIS (CHE,,,Plein jour,Hors agglomération,Hors intersection,Normale,Sans collision,,,,,,,,,,,1,1,1,1,7
200800007777,0008-02-27 18:15:00,8,2,27,18,15,130,55,GARIBALDI (BOULEVARD) N°,,,Crépuscule ou aube,En agglomération,Autre intersection,Normale,Deux véhicules - côté,,,,,,,,,,,2,2,9,1,3
200800007778,0008-02-27 20:00:00,8,2,27,20,0,130,55,"36, LIEUTAUD (COURS)",,,Nuit avec éclairage allumé,En agglomération,Hors intersection,Normale,Autre collision,,,,,,,,,,,5,2,1,1,6
200800007779,0008-02-21 17:30:00,8,2,21,17,30,130,55,"131, LIEUTAUD (COURS)",,,Crépuscule ou aube,En agglomération,Hors intersection,Normale,Deux véhicules - côté,,,,,,,,,,,2,2,1,1,3
200800007780,0008-02-26 15:50:00,8,2,26,15,50,130,55,RABUTIN CHA (RUE),,,Plein jour,En agglomération,Hors intersection,Normale,Deux véhicules - frontale,,,,,,,,,,,1,2,1,1,1
200800007781,0008-02-29 13:15:00,8,2,29,13,15,130,55,MICHELET (BOULEVARD),,,Plein jour,En agglomération,Hors intersection,Normale,Sans collision,,,,,,,,,,,1,2,1,1,7
200800007782,0008-02-05 12:10:00,8,2,5,12,10,130,55,"110, PONT DE VIVAUX (BOU",,,Plein jour,En agglomération,Hors intersection,Normale,Autre collision,,,,,,,,,,,1,2,1,1,6
200800007783,0008-02-01 14:30:00,8,2,1,14,30,130,26,RN 568,,,Plein jour,Hors agglomération,Hors intersection,Normale,Deux véhicules - côté,,,,,,,,,,,1,1,1,1,3
200800007784,0008-02-02 20:40:00,8,2,2,20,40,130,56,AUGUETTE ROUTE D',,,Nuit avec éclairage allumé,Hors agglomération,Autre intersection,Normale,Deux véhicules - côté,,,,,,,,,,,5,1,9,1,3
200800007785,0008-02-04 07:49:00,8,2,4,7,49,130,56,"0, PAUL BOULEVARD MARCEL",,,Crépuscule ou aube,En agglomération,Hors intersection,Pluie forte,Sans collision,,,,,,,,,,,2,2,1,3,7
200800007786,0008-02-07 20:10:00,8,2,7,20,10,130,26,RN 568,,,Nuit sans éclairage public,En agglomération,Hors intersection,Normale,Deux véhicules - côté,,,,,,,,,,,3,2,1,1,3
200800007787,0008-02-09 19:05:00,8,2,9,19,5,130,77,CROIZAT AMBROISE (avenue,,,Nuit avec éclairage allumé,En agglomération,Intersection en T,Normale,Deux véhicules - côté,,,,,,,,,,,5,2,3,1,3
200800007788,0008-02-09 21:10:00,8,2,9,21,10,130,39,ROUTE NATIONALE 569,,,Nuit sans éclairage public,En agglomération,Hors intersection,Normale,Deux véhicules - côté,,,,,,,,,,,3,2,1,1,3
200800007789,0008-02-11 09:20:00,8,2,11,9,20,130,56,TURCAN FRANCIS,,,Plein jour,En agglomération,Hors intersection,Normale,Deux véhicules - côté,,,,,,,,,,,1,2,1,1,3
200800007790,0008-02-23 21:40:00,8,2,23,21,40,130,39,FENOUILLIERE (Rond-point,,,Nuit avec éclairage allumé,Hors agglomération,Hors intersection,Normale,Autre collision,,,,,,,,,,,5,1,1,1,6
200800007791,0008-02-18 14:20:00,8,2,18,14,20,130,103,AVENUE DU 22 AOUT 1944,,,Plein jour,Hors agglomération,Intersection en X,Normale,Deux véhicules - côté,,,,,,,,,,,1,1,2,1,3
200800007792,0008-02-29 08:30:00,8,2,29,8,30,130,103,"2, AVENUE DE LATTRE DE T",,,Plein jour,En agglomération,Intersection à plus de 4 branches,Normale,Autre collision,,,,,,,,,,,1,2,5,1,6
200800007793,0008-02-02 06:30:00,8,2,2,6,30,130,117,STADIUM (CD9),,,Nuit sans éclairage public,Hors agglomération,Hors intersection,Pluie légère,Sans collision,,,,,,,,,,,3,1,1,2,7
200800007794,0008-02-03 16:25:00,8,2,3,16,25,130,71,MONNET (AVENUE JEAN),,,Plein jour,En agglomération,Giratoire,Normale,Autre collision,,,,,,,,,,,1,2,6,1,6
200800007795,0008-02-05 17:45:00,8,2,5,17,45,130,71,CHEMIN DEPARTEMENTAL 6 (,,,Crépuscule ou aube,Hors agglomération,Hors intersection,Normale,Deux véhicules - côté,,,,,,,,,,,2,1,1,1,3
200800007796,0008-02-07 13:09:00,8,2,7,13,9,130,71,VIEILLE ROUTE DE LA GAVO,,,Plein jour,En agglomération,Intersection en X,Normale,Deux véhicules - arrière,,,,,,,,,,,1,2,2,1,2
200800007797,0008-02-09 11:50:00,8,2,9,11,50,130,71,ROUTE NATIONALE 113 - RE,,,Plein jour,En agglomération,Hors intersection,Normale,Deux véhicules - côté,,,,,,,,,,,1,2,1,1,3
200800007798,0008-02-12 16:10:00,8,2,12,16,10,130,117,PADOVANI ( AVE ),,,Plein jour,En agglomération,Hors intersection,Normale,Sans collision,,,,,,,,,,,1,2,1,1,7
200800007799,0008-02-13 06:50:00,8,2,13,6,50,130,117,CHEMIN DEPARTEMENTAL CD,,,Nuit sans éclairage public,En agglomération,Hors intersection,Normale,Deux véhicules - arrière,,,,,,,,,,,3,2,1,1,2
200800007800,0008-02-18 12:45:00,8,2,18,12,45,130,71,DE LATTRE DE TASSIGNY (,,,Plein jour,En agglomération,Hors intersection,Normale,Deux véhicules - côté,,,,,,,,,,,1,2,1,1,3
200800007801,0008-02-20 17:30:00,8,2,20,17,30,130,117,LECLERC ( RUE  GAL MAREC,,,Plein jour,En agglomération,Hors intersection,Normale,Autre collision,,,,,,,,,,,1,2,1,1,6
200800007802,0008-02-29 13:25:00,8,2,29,13,25,130,117,SEDS ( ROUTE DE LA ),,,Plein jour,En agglomération,Intersection en X,Normale,Deux véhicules - côté,,,,,,,,,,,1,2,2,1,3
200800007803,0008-02-04 19:02:00,8,2,4,19,2,140,118,"93, CHEMIN VERT (RUE DU",,,Nuit avec éclairage allumé,En agglomération,Autre intersection,Temps couvert,Sans collision,,,,,,,,,,,5,2,9,8,7
200800007804,0008-02-06 10:10:00,8,2,6,10,10,140,118,"3, HIPPODROME (AVENUE DE",,,Plein jour,En agglomération,Hors intersection,Normale,Autre collision,,,,,,,,,,,1,2,1,1,6
200800007805,0008-02-10 21:30:00,8,2,10,21,30,140,327,"0, GRANDE DELLE (BOULEVA",,,Nuit avec éclairage allumé,En agglomération,Autre intersection,Normale,Deux véhicules - côté,,,,,,,,,,,5,2,9,1,3
200800007806,0008-02-11 13:45:00,8,2,11,13,45,140,118,"26, ORESME (RUE NOCOLAAS",,,Plein jour,En agglomération,Hors intersection,Normale,Autre collision,,,,,,,,,,,1,2,1,1,6
200800007807,0008-02-13 11:00:00,8,2,13,11,0,140,566,"32, ARROMANCHES (RUE D')",,,Plein jour,En agglomération,Intersection en X,Normale,Autre collision,,,,,,,,,,,1,2,2,1,6
200800007808,0008-02-13 13:50:00,8,2,13,13,50,140,437,PERIPHERIQUE SUD (BOULEV,,,Plein jour,Hors agglomération,Hors intersection,Normale,Deux véhicules - côté,,,,,,,,,,,1,1,1,1,3
200800007809,0008-02-18 09:25:00,8,2,18,9,25,140,118,"0, LESOMPTIER (RUE RENE)",,,Plein jour,En agglomération,Intersection en T,Temps couvert,Autre collision,,,,,,,,,,,1,2,3,8,6
200800007810,0008-02-12 18:30:00,8,2,12,18,30,140,118,"0, ROUSSELOT (AVENUE DU",,,Plein jour,En agglomération,Hors intersection,Normale,Deux véhicules - arrière,,,,,,,,,,,1,2,1,1,2
200800007811,0008-02-22 05:00:00,8,2,22,5,0,140,118,"0, FALAISE (RUE DE  <=90",,,Nuit avec éclairage allumé,En agglomération,Intersection en T,Normale,Deux véhicules - côté,,,,,,,,,,,5,2,3,1,3
200800007812,0008-02-23 11:15:00,8,2,23,11,15,140,118,"1, JUSTICE (PLACE DE LA)",,,Plein jour,En agglomération,Hors intersection,Normale,Autre collision,,,,,,,,,,,1,2,1,1,6
200800007813,0008-02-25 08:50:00,8,2,25,8,50,140,125,"0, RD N° 79  (DE CAEN A",,,Plein jour,Hors agglomération,Hors intersection,Normale,Deux véhicules - côté,,,,,,,,,,,1,1,1,1,3
200800007814,0008-02-23 22:13:00,8,2,23,22,13,140,437,"0, RN N° 13",,,Nuit sans éclairage public,En agglomération,Hors intersection,Normale,Sans collision,,,,,,,,,,,3,2,1,1,7
200800007815,0008-02-24 14:20:00,8,2,24,14,20,140,118,"0, CALIX (VIADUC DE ) PA",,,Plein jour,Hors agglomération,Hors intersection,Normale,Trois véhicules et plus - collisions multiples,,,,,,,,,,,1,1,1,1,5
200800007816,0008-02-15 19:15:00,8,2,15,19,15,140,437,"0, PARIS (ROUTE DE)",,,Nuit avec éclairage allumé,En agglomération,Hors intersection,Normale,Deux véhicules - arrière,,,,,,,,,,,5,2,1,1,2
200800007817,0008-02-04 21:40:00,8,2,4,21,40,140,574,D.613 ( SAINT DESIR),,,Nuit sans éclairage public,Hors agglomération,Hors intersection,Normale,Sans collision,,,,,,,,,,,3,1,1,1,7
200800007818,0008-02-07 12:05:00,8,2,7,12,5,140,366,"33, SIX JUIN (AVENUE DU)",,,Plein jour,En agglomération,Hors intersection,Normale,Autre collision,,,,,,,,,,,1,2,1,1,6
200800007819,0008-02-11 09:15:00,8,2,11,9,15,140,366,"77, HENRY CHERON (RUE)",,,Plein jour,En agglomération,Intersection en X,Normale,Autre collision,,,,,,,,,,,1,2,2,1,6
200800007820,0008-02-19 01:23:00,8,2,19,1,23,140,366,"93, ORBEC (ROUTE D')",,,Nuit avec éclairage non allumé,En agglomération,Hors intersection,Normale,Autre collision,,,,,,,,,,,4,2,1,1,6
200800007821,0008-02-25 19:00:00,8,2,25,19,0,140,715,FERNAND MOUREAUX (BOULEV,,,Nuit avec éclairage allumé,En agglomération,Hors intersection,Normale,Autre collision,,,,,,,,,,,5,2,1,1,6
200800007822,0008-02-10 10:15:00,8,2,10,10,15,160,15,BIGORRE (BOULEVARD DE),,,Plein jour,En agglomération,Hors intersection,Normale,Deux véhicules - frontale,,,,,,,,,,,1,2,1,1,1
200800007823,0008-02-13 16:40:00,8,2,13,16,40,160,358,"350, SAINT-JEAN-D'ANGELY",,,Plein jour,En agglomération,Hors intersection,Normale,Trois véhicules et plus - collisions multiples,,,,,,,,,,,1,2,1,1,5
200800007824,0008-02-20 15:45:00,8,2,20,15,45,160,358,"0, EPINEUIL (RUE DE L')",,,Plein jour,En agglomération,Intersection en X,Normale,Deux véhicules - côté,,,,,,,,,,,1,2,2,1,3
200800007825,0008-02-04 18:50:00,8,2,4,18,50,160,113,"0, GARE (RUE DE LA)",,,Nuit avec éclairage allumé,En agglomération,Intersection en X,Normale,Deux véhicules - côté,,,,,,,,,,,5,2,2,1,3
200800007826,0008-02-04 20:10:00,8,2,4,20,10,160,15,SAINT ROCH (RUE N°136 A,,,Nuit avec éclairage allumé,En agglomération,Hors intersection,Normale,Deux véhicules - côté,,,,,,,,,,,5,2,1,1,3
200800007827,0008-02-26 12:10:00,8,2,26,12,10,160,15,"0, DUROSELLE (RUE DU DOC",,,Plein jour,En agglomération,Intersection en X,Normale,Deux véhicules - côté,,,,,,,,,,,1,2,2,1,3
200800007828,0008-02-02 20:10:00,8,2,2,20,10,160,15,DURAND (RUE LEON),,,Nuit avec éclairage allumé,En agglomération,Hors intersection,Normale,Autre collision,,,,,,,,,,,5,2,1,1,6
200800007829,0008-02-24 01:00:00,8,2,24,1,0,160,102,"1, ROYAN (AVENUE DE)",,,Nuit avec éclairage allumé,En agglomération,Hors intersection,Normale,Deux véhicules - frontale,,,,,,,,,,,5,2,1,1,1
200800007830,0008-02-06 12:05:00,8,2,6,12,5,170,299,"172990197, JAURES RUE JE",,,Plein jour,En agglomération,Intersection en T,Normale,Sans collision,,,,,,,,,,,1,2,3,1,7
200800007831,0008-02-08 22:45:00,8,2,8,22,45,170,299,"172990197, JAURES RUE JE",,,Nuit avec éclairage allumé,En agglomération,Intersection en X,Normale,Deux véhicules - côté,,,,,,,,,,,5,2,2,1,3
200800007832,0008-02-19 11:30:00,8,2,19,11,30,170,299,"172990064, BREUIL RUE DU",,,Plein jour,En agglomération,Hors intersection,Normale,Deux véhicules - côté,,,,,,,,,,,1,2,1,1,3
200800007833,0008-02-19 19:25:00,8,2,19,19,25,170,299,"172990299, PONTY AVENUE",,,Nuit avec éclairage allumé,En agglomération,Hors intersection,Pluie légère,Deux véhicules - arrière,,,,,,,,,,,5,2,1,2,2
200800007834,0008-02-15 14:00:00,8,2,15,14,0,170,299,"172990332, SAINT EXUPERY",,,Plein jour,En agglomération,Hors intersection,Normale,Deux véhicules - frontale,,,,,,,,,,,1,2,1,1,1
200800007835,0008-02-01 09:46:00,8,2,1,9,46,170,300,KENNEDY   AVENUE DU PRES,,,Plein jour,En agglomération,Intersection en T,Normale,Deux véhicules - côté,,,,,,,,,,,1,2,3,1,3
200800007836,0008-02-01 19:55:00,8,2,1,19,55,170,300,JOFFRE   BOULEVARD (27/7,,,Nuit sans éclairage public,En agglomération,Hors intersection,Normale,Deux véhicules - côté,,,,,,,,,,,3,2,1,1,3
200800007837,0008-02-01 21:05:00,8,2,1,21,5,170,200,D 105,,,Nuit sans éclairage public,Hors agglomération,Hors intersection,Normale,Sans collision,,,,,,,,,,,3,1,1,1,7
200800007838,0008-02-02 18:20:00,8,2,2,18,20,170,300,"168, DENFERT-ROCHEREAU",,,Plein jour,En agglomération,Intersection en X,Normale,Deux véhicules - côté,,,,,,,,,,,1,2,2,1,3
200800007839,0008-02-07 08:20:00,8,2,7,8,20,170,300,34 PK RN11 NANTES ROCADE,,,Plein jour,Hors agglomération,Hors intersection,Normale,Trois véhicules et plus - en chaîne,,,,,,,,,,,1,1,1,1,4