accident_id,datetime,annee,mois,jour,heure,minute,departement,commune_insee,adresse,latitude,longitude,luminosite,agglomeration,intersection,meteo,collision,nb_vehicules,nb_usagers,nb_indemnes,nb_tues,nb_blesses_hosp,nb_blesses_legers,age_cond_1,age_cond_2,veh_type_cond_1,veh_type_cond_2,lum_code,agg_code,int_code,atm_code,col_code
200800007971,0008-02-05 11:24:00,8,2,5,11,24,250,56,SIFFERT  AVENUE CHARLES,,,Plein jour,En agglomération,Hors intersection,Normale,Autre collision,,,,,,,,,,,1,2,1,1,6
200800007972,0008-02-07 12:09:00,8,2,7,12,9,250,56,"19 bis, MONTRAPON AVENUE",,,Plein jour,En agglomération,Hors intersection,Temps éblouissant,Autre collision,,,,,,,,,,,1,2,1,7,6
200800007973,0008-02-08 15:40:00,8,2,8,15,40,250,56,"06, VERNOIS CHEMIN DU",,,Plein jour,En agglomération,Hors intersection,Normale,Deux véhicules - frontale,,,,,,,,,,,1,2,1,1,1
200800007974,0008-02-09 02:25:00,8,2,9,2,25,250,56,CHARDONNET AV. DE,,,Nuit avec éclairage allumé,En agglomération,Hors intersection,Normale,Autre collision,,,,,,,,,,,5,2,1,1,6
200800007975,0008-02-11 18:45:00,8,2,11,18,45,250,56,"24-26, FONTENOTTES RUE D",,,Nuit avec éclairage allumé,En agglomération,Hors intersection,Normale,Deux véhicules - frontale,,,,,,,,,,,5,2,1,1,1
200800007976,0008-02-13 11:55:00,8,2,13,11,55,250,56,"01, VESOUL RUE DE < 52",,,Plein jour,En agglomération,Hors intersection,Temps éblouissant,Sans collision,,,,,,,,,,,1,2,1,7,7
200800007977,0008-02-13 17:21:00,8,2,13,17,21,250,56,"01, FRANCHE COMTE RUE DE",,,Plein jour,En agglomération,Hors intersection,Normale,Autre collision,,,,,,,,,,,1,2,1,1,6
200800007978,0008-02-15 13:56:00,8,2,15,13,56,250,56,"1, PLANCON RUE GABRIEL",,,Plein jour,En agglomération,Hors intersection,Normale,Autre collision,,,,,,,,,,,1,2,1,1,6
200800007979,0008-02-16 23:45:00,8,2,16,23,45,250,56,"Sans, DROZ   AVENUE EDOU",,,Nuit avec éclairage allumé,En agglomération,Intersection en X,Normale,Deux véhicules - côté,,,,,,,,,,,5,2,2,1,3
200800007980,0008-02-18 12:56:00,8,2,18,12,56,250,56,"SANS, DOLE RUE DE >200",,,Plein jour,En agglomération,Hors intersection,Normale,Autre collision,,,,,,,,,,,1,2,1,1,6
200800007981,0008-02-18 18:40:00,8,2,18,18,40,250,56,"SANS, DOLE RUE DE >200",,,Nuit avec éclairage allumé,En agglomération,Hors intersection,Normale,Autre collision,,,,,,,,,,,5,2,1,1,6
200800007982,0008-02-19 16:02:00,8,2,19,16,2,250,56,"SANS, KENNEDY  BOULEVARD",,,Plein jour,En agglomération,Hors intersection,Normale,Deux véhicules - côté,,,,,,,,,,,1,2,1,1,3
200800007983,0008-02-20 17:35:00,8,2,20,17,35,250,56,"sans, BELFORT RUE DE <14",,,Plein jour,En agglomération,Hors intersection,Pluie légère,Autre collision,,,,,,,,,,,1,2,1,2,6
200800007984,0008-02-21 13:35:00,8,2,21,13,35,250,56,"11, GAULARD AVENUE < 14",,,Plein jour,En agglomération,Hors intersection,Pluie légère,Autre collision,,,,,,,,,,,1,2,1,2,6
200800007985,0008-02-22 19:05:00,8,2,22,19,5,250,56,BLUM BOULEVARD LEON >51,,,Nuit avec éclairage allumé,En agglomération,Intersection en X,Normale,Deux véhicules - côté,,,,,,,,,,,5,2,2,1,3
200800007986,0008-02-23 21:28:00,8,2,23,21,28,250,56,"Sans, CASSIN PLACE RENE",,,Nuit avec éclairage allumé,En agglomération,Hors intersection,Normale,Deux véhicules - côté,,,,,,,,,,,5,2,1,1,3
200800007987,0008-02-25 18:48:00,8,2,25,18,48,250,56,"SANS, RIVOTTE RUE",,,Nuit avec éclairage allumé,En agglomération,Intersection en T,Normale,Deux véhicules - côté,,,,,,,,,,,5,2,3,1,3
200800007988,0008-02-27 08:08:00,8,2,27,8,8,250,56,"7, POLYGONE RUE DU",,,Plein jour,En agglomération,Hors intersection,Temps couvert,Deux véhicules - côté,,,,,,,,,,,1,2,1,8,3
200800007989,0008-02-27 15:10:00,8,2,27,15,10,250,388,LUDWIGSBURG (AVENUE DE),,,Plein jour,En agglomération,Hors intersection,Normale,Deux véhicules - côté,,,,,,,,,,,1,2,1,1,3
200800007990,0008-02-08 16:10:00,8,2,8,16,10,250,462,"face au 29, SAINT PIERRE",,,Plein jour,En agglomération,Hors intersection,Normale,Sans collision,,,,,,,,,,,1,2,1,1,7
200800007991,0008-02-04 18:20:00,8,2,4,18,20,260,281,SAINT DONAT (AVENUE DE),,,Nuit avec éclairage allumé,En agglomération,Intersection en X,Normale,Autre collision,,,,,,,,,,,5,2,2,1,6
200800007992,0008-02-06 13:40:00,8,2,6,13,40,260,281,FIGUET ADOLPHE (AVENUE),,,Plein jour,En agglomération,Hors intersection,Normale,Autre collision,,,,,,,,,,,1,2,1,1,6
200800007993,0008-02-07 15:50:00,8,2,7,15,50,260,281,CARNOT (PLACE),,,Plein jour,En agglomération,Hors intersection,Normale,Autre collision,,,,,,,,,,,1,2,1,1,6
200800007994,0008-02-22 17:50:00,8,2,22,17,50,260,281,MAQUIS (AVENUE DU),,,Plein jour,En agglomération,Hors intersection,Normale,Autre collision,,,,,,,,,,,1,2,1,1,6
200800007995,0008-02-01 12:15:00,8,2,1,12,15,260,362,"116, LIBERATION AV. DE L",,,Plein jour,En agglomération,Hors intersection,Normale,Deux véhicules - arrière,,,,,,,,,,,1,2,1,1,2
200800007996,0008-02-01 21:25:00,8,2,1,21,25,260,362,"SANS N, TRICASTIN AVENUE",,,Nuit avec éclairage allumé,En agglomération,Hors intersection,Pluie légère,Autre collision,,,,,,,,,,,5,2,1,2,6
200800007997,0008-02-09 15:20:00,8,2,9,15,20,260,362,"N44, ROBINSON CHEMIN DE",,,Plein jour,En agglomération,Hors intersection,Normale,Deux véhicules - côté,,,,,,,,,,,1,2,1,1,3
200800007998,0008-02-10 20:35:00,8,2,10,20,35,260,252,"N1080, ALLENDE AVENUE SA",,,Nuit avec éclairage allumé,En agglomération,Hors intersection,Normale,Deux véhicules - côté,,,,,,,,,,,5,2,1,1,3
200800007999,0008-02-11 09:40:00,8,2,11,9,40,260,362,"sans n, MATHIEU DE LA DR",,,Plein jour,En agglomération,Intersection en T,Normale,Deux véhicules - côté,,,,,,,,,,,1,2,3,1,3
200800008000,0008-02-09 08:00:00,8,2,9,8,0,260,252,"sans n°, RN7 DEVIATION D",,,Plein jour,Hors agglomération,Hors intersection,Normale,Autre collision,,,,,,,,,,,1,1,1,1,6
200800008001,0008-02-05 20:15:00,8,2,5,20,15,260,58,"sans n, MORLIETTES ROUTE",,,Nuit avec éclairage non allumé,En agglomération,Giratoire,Normale,Deux véhicules - côté,,,,,,,,,,,4,2,6,1,3
200800008002,0008-02-18 16:05:00,8,2,18,16,5,260,362,"sans n°, MAUBOULE RUE DE",,,Plein jour,Hors agglomération,Hors intersection,Normale,Autre collision,,,,,,,,,,,1,1,1,1,6
200800008003,0008-02-22 15:20:00,8,2,22,15,20,260,58,L.A.C.R.A RN7 (BLV),,,Plein jour,Hors agglomération,Hors intersection,Normale,Autre collision,,,,,,,,,,,1,1,1,1,6
200800008004,0008-02-28 15:50:00,8,2,28,15,50,260,362,"SANS N, FAVENTINES RUE",,,Plein jour,En agglomération,Intersection en X,Normale,Deux véhicules - côté,,,,,,,,,,,1,2,2,1,3
200800008005,0008-02-04 19:55:00,8,2,4,19,55,260,58,"sans n, JAURES AVENUE JE",,,Nuit avec éclairage allumé,En agglomération,Hors intersection,Normale,Deux véhicules - côté,,,,,,,,,,,5,2,1,1,3
200800008006,0008-02-01 21:10:00,8,2,1,21,10,270,229,COCHEREL (RUE DE),,,Nuit avec éclairage allumé,En agglomération,Giratoire,Pluie légère,Deux véhicules - côté,,,,,,,,,,,5,2,6,2,3
200800008007,0008-02-09 14:40:00,8,2,9,14,40,270,229,"37, QUATORZE JUILLET (BO",,,Plein jour,En agglomération,Hors intersection,Normale,Deux véhicules - côté,,,,,,,,,,,1,2,1,1,3
200800008008,0008-02-11 18:05:00,8,2,11,18,5,270,229,"1, BRIAND (AVENUE ARISTI",,,Nuit avec éclairage allumé,En agglomération,Intersection en X,Normale,Trois véhicules et plus - collisions multiples,,,,,,,,,,,5,2,2,1,5
200800008009,0008-02-13 17:55:00,8,2,13,17,55,270,701,LACS (ROUTE DES) ROUGETT,,,Plein jour,En agglomération,Hors intersection,Normale,Autre collision,,,,,,,,,,,1,2,1,1,6
200800008010,0008-02-20 18:45:00,8,2,20,18,45,270,375,RD133,,,Nuit avec éclairage allumé,Hors agglomération,Intersection en T,Normale,Deux véhicules - arrière,,,,,,,,,,,5,1,3,1,2
200800008011,0008-02-05 12:40:00,8,2,5,12,40,270,681,ROUEN (AVENUE DE),,,Plein jour,En agglomération,Intersection en T,Pluie légère,Deux véhicules - côté,,,,,,,,,,,1,2,3,2,3
200800008012,0008-02-06 07:20:00,8,2,6,7,20,270,562,ROUEN (ROUTE DE ),,,Plein jour,En agglomération,Hors intersection,Normale,Autre collision,,,,,,,,,,,1,2,1,1,6
200800008013,0008-02-07 07:10:00,8,2,7,7,10,270,681,FOCH (AVENUE DU MARECHAL,,,Crépuscule ou aube,En agglomération,Hors intersection,Autre,Sans collision,,,,,,,,,,,2,2,1,9,7
200800008014,0008-02-08 20:20:00,8,2,8,20,20,270,681,"85, ALBUFERA (RUE D')",,,Nuit avec éclairage allumé,En agglomération,Hors intersection,Normale,Autre collision,,,,,,,,,,,5,2,1,1,6
200800008015,0008-02-09 17:40:00,8,2,9,17,40,270,562,DE GAULLE (BOULEVARD),,,Plein jour,En agglomération,Hors intersection,Normale,Autre collision,,,,,,,,,,,1,2,1,1,6
200800008016,0008-02-09 18:55:00,8,2,9,18,55,270,681,ISAMBARD (BOULEVARD),,,Nuit avec éclairage allumé,En agglomération,Hors intersection,Normale,Autre collision,,,,,,,,,,,5,2,1,1,6
200800008017,0008-02-16 16:35:00,8,2,16,16,35,270,681,CHAMBRAY (ROUTE DE),,,Plein jour,En agglomération,Hors intersection,Normale,Autre collision,,,,,,,,,,,1,2,1,1,6
200800008018,0008-02-26 20:20:00,8,2,26,20,20,270,681,"24, CHAMBRAY (ROUTE DE)",,,Nuit avec éclairage allumé,En agglomération,Hors intersection,Normale,Autre collision,,,,,,,,,,,5,2,1,1,6
200800008019,0008-02-02 09:20:00,8,2,2,9,20,270,562,BARRIERE (RUE DE),,,Plein jour,En agglomération,Autre intersection,Autre,Sans collision,,,,,,,,,,,1,2,9,9,7
200800008020,0008-02-01 16:30:00,8,2,1,16,30,280,85,"25, BRETIGNY (RUE DE)",,,Plein jour,En agglomération,Hors intersection,Temps couvert,Deux véhicules - côté,,,,,,,,,,,1,2,1,8,3
200800008021,0008-02-03 01:20:00,8,2,3,1,20,280,85,"sans, SAINT BRICE (RUE)",,,Nuit avec éclairage allumé,En agglomération,Place,Normale,Autre collision,,,,,,,,,,,5,2,7,1,6
200800008022,0008-02-07 07:50:00,8,2,7,7,50,280,110,"SANS, RN 123 (ROCADE)",,,Crépuscule ou aube,Hors agglomération,Giratoire,Normale,Autre collision,,,,,,,,,,,2,1,6,1,6
200800008023,0008-02-07 17:50:00,8,2,7,17,50,280,85,"sans, JAURES (BOULEVARD",,,Plein jour,En agglomération,Intersection en T,Normale,Autre collision,,,,,,,,,,,1,2,3,1,6
200800008024,0008-02-21 08:15:00,8,2,21,8,15,280,218,"sans, FOREAU (RUE FRANCO",,,Plein jour,En agglomération,Intersection en X,Normale,Deux véhicules - côté,,,,,,,,,,,1,2,2,1,3
200800008025,0008-02-21 18:24:00,8,2,21,18,24,280,218,"sans, BEAUCE (RUE DE)",,,Nuit avec éclairage allumé,En agglomération,Intersection en X,Normale,Deux véhicules - côté,,,,,,,,,,,5,2,2,1,3
200800008026,0008-02-23 14:30:00,8,2,23,14,30,280,229,"sans, CHATEAU D'EAU (RUE",,,Plein jour,En agglomération,Hors intersection,Normale,Deux véhicules - côté,,,,,,,,,,,1,2,1,1,3
200800008027,0008-02-26 18:00:00,8,2,26,18,0,280,85,"sans, COURTILLE (BOULEVA",,,Crépuscule ou aube,En agglomération,Hors intersection,Normale,Deux véhicules - côté,,,,,,,,,,,2,2,1,1,3
200800008028,0008-02-29 14:15:00,8,2,29,14,15,280,85,"60, MAUNOURY (RUE DU DOC",,,Plein jour,En agglomération,Hors intersection,Pluie légère,Deux véhicules - côté,,,,,,,,,,,1,2,1,2,3
200800008029,0008-02-02 08:40:00,8,2,2,8,40,280,134,"3, DUBOIS (BOULEVARD)",,,Plein jour,En agglomération,Hors intersection,Autre,Autre collision,,,,,,,,,,,1,2,1,9,6
200800008030,0008-02-08 11:30:00,8,2,8,11,30,280,134,ROND POINT DU GENERAL LE,,,Nuit sans éclairage public,En agglomération,Giratoire,Normale,Sans collision,,,,,,,,,,,3,2,6,1,7
200800008031,0008-02-10 23:55:00,8,2,10,23,55,280,134,RN 12 (ZONE COMMERCIALE),,,Nuit sans éclairage public,Hors agglomération,Intersection en T,Normale,Deux véhicules - côté,,,,,,,,,,,3,1,3,1,3
200800008032,0008-02-11 18:15:00,8,2,11,18,15,280,134,NUISEMENT (RUE DE),,,Crépuscule ou aube,En agglomération,Intersection en X,Normale,Deux véhicules - côté,,,,,,,,,,,2,2,2,1,3
200800008033,0008-02-01 07:30:00,8,2,1,7,30,290,19,"., GLASGOW (DE 1 A 9 ET",,,Nuit avec éclairage non allumé,En agglomération,Intersection en T,Pluie légère,Deux véhicules - côté,,,,,,,,,,,4,2,3,2,3
200800008034,0008-02-04 15:50:00,8,2,4,15,50,290,19,"44, SEBASTOPOL",,,Plein jour,En agglomération,Intersection en T,Normale,Trois véhicules et plus - collisions multiples,,,,,,,,,,,1,2,3,1,5
200800008035,0008-02-05 07:55:00,8,2,5,7,55,290,19,"37, RICHELIEU",,,Crépuscule ou aube,En agglomération,Hors intersection,Normale,Deux véhicules - côté,,,,,,,,,,,2,2,1,1,3
200800008036,0008-02-05 08:20:00,8,2,5,8,20,290,19,"., FRANCE ANATOLE (DE 55",,,Crépuscule ou aube,En agglomération,Intersection en X,Pluie légère,Deux véhicules - côté,,,,,,,,,,,2,2,2,2,3
200800008037,0008-02-05 20:57:00,8,2,5,20,57,290,19,"., NAPOLEON III (PLACE)",,,Nuit avec éclairage allumé,En agglomération,Autre intersection,Pluie légère,Autre collision,,,,,,,,,,,5,2,9,2,6
200800008038,0008-02-05 17:25:00,8,2,5,17,25,290,19,"., MALAKOFF",,,Plein jour,En agglomération,Intersection en X,Normale,Autre collision,,,,,,,,,,,1,2,2,1,6
200800008039,0008-02-06 17:20:00,8,2,6,17,20,290,19,"., JAURES JEAN (DE 239 E",,,Plein jour,En agglomération,Hors intersection,Normale,Deux véhicules - arrière,,,,,,,,,,,1,2,1,1,2
200800008040,0008-02-08 07:15:00,8,2,8,7,15,290,19,"., LE GORGEU (N°ENTRE TA",,,Crépuscule ou aube,En agglomération,Giratoire,Normale,Autre collision,,,,,,,,,,,2,2,6,1,6
200800008041,0008-02-08 10:50:00,8,2,8,10,50,290,19,"., MACE JEAN (DE 1 A 39",,,Plein jour,En agglomération,Intersection en X,Normale,Autre collision,,,,,,,,,,,1,2,2,1,6
200800008042,0008-02-09 05:00:00,8,2,9,5,0,290,19,"14, GAMBETTA (DE 2 A 64",,,Nuit avec éclairage allumé,En agglomération,Hors intersection,Normale,Autre collision,,,,,,,,,,,5,2,1,1,6
200800008043,0008-02-10 16:15:00,8,2,10,16,15,290,19,"., SAINT EXUPERY (DE 17",,,Plein jour,En agglomération,Intersection en X,Normale,Autre collision,,,,,,,,,,,1,2,2,1,6
200800008044,0008-02-13 10:00:00,8,2,13,10,0,290,19,"., LE GORGEU (N°29 (TOTA",,,Plein jour,En agglomération,Hors intersection,Temps éblouissant,Autre collision,,,,,,,,,,,1,2,1,7,6
200800008045,0008-02-15 08:50:00,8,2,15,8,50,290,19,"., KERGOAT",,,Plein jour,En agglomération,Hors intersection,Normale,Deux véhicules - côté,,,,,,,,,,,1,2,1,1,3
200800008046,0008-02-15 14:20:00,8,2,15,14,20,290,19,"17, CLEMENCEAU GEORGES (",,,Plein jour,En agglomération,Hors intersection,Normale,Autre collision,,,,,,,,,,,1,2,1,1,6
200800008047,0008-02-18 12:20:00,8,2,18,12,20,290,19,"., BELIN EDOUARD",,,Plein jour,En agglomération,Intersection en T,Normale,Deux véhicules - côté,,,,,,,,,,,1,2,3,1,3
200800008048,0008-02-19 07:35:00,8,2,19,7,35,290,19,"., COLLIOU GENERAL",,,Nuit avec éclairage allumé,En agglomération,Intersection à plus de 4 branches,Normale,Deux véhicules - arrière,,,,,,,,,,,5,2,5,1,2
200800008049,0008-02-26 20:00:00,8,2,26,20,0,290,19,"., RN 12 (PEN AR CH'LEUZ",,,Nuit avec éclairage allumé,En agglomération,Intersection en X,Normale,Deux véhicules - arrière,,,,,,,,,,,5,2,2,1,2
200800008050,0008-02-28 11:25:00,8,2,28,11,25,290,19,"., EUROPE (DE 13 A 15)",,,Plein jour,En agglomération,Intersection en X,Normale,Autre collision,,,,,,,,,,,1,2,2,1,6
200800008051,0008-02-29 18:00:00,8,2,29,18,0,290,19,"9, RODIN AUGUSTE",,,Crépuscule ou aube,En agglomération,Hors intersection,Normale,Autre collision,,,,,,,,,,,2,2,1,1,6
200800008052,0008-02-13 16:35:00,8,2,13,16,35,290,39,RD 783,,,Plein jour,Hors agglomération,Hors intersection,Normale,Deux véhicules - côté,,,,,,,,,,,1,1,1,1,3
200800008053,0008-02-21 14:01:00,8,2,21,14,1,290,39,"00, AIGUILLON (QUAI DE L",,,Plein jour,En agglomération,Hors intersection,Normale,Deux véhicules - côté,,,,,,,,,,,1,2,1,1,3
200800008054,0008-02-24 01:25:00,8,2,24,1,25,290,39,NEUVE ( RUE),,,Nuit avec éclairage allumé,En agglomération,Hors intersection,Normale,Autre collision,,,,,,,,,,,5,2,1,1,6
200800008055,0008-02-13 18:00:00,8,2,13,18,0,290,151,PARIS (RUE DE),,,Plein jour,En agglomération,Hors intersection,Normale,Sans collision,,,,,,,,,,,1,2,1,1,7
200800008056,0008-02-15 09:00:00,8,2,15,9,0,290,151,ACCES AU PORT (VOIE D'),,,Plein jour,En agglomération,Hors intersection,Normale,Deux véhicules - frontale,,,,,,,,,,,1,2,1,1,1
200800008057,0008-02-28 22:15:00,8,2,28,22,15,290,151,LEON (QUAI DE),,,Nuit sans éclairage public,En agglomération,Hors intersection,Normale,Sans collision,,,,,,,,,,,3,2,1,1,7
200800008058,0008-02-16 02:25:00,8,2,16,2,25,290,232,"78, FRUGY RUE DU",,,Nuit avec éclairage allumé,En agglomération,Hors intersection,Normale,Deux véhicules - frontale,,,,,,,,,,,5,2,1,1,1
200800008059,0008-02-18 10:05:00,8,2,18,10,5,290,232,"105, OISEAUX AVENUE DES",,,Plein jour,Hors agglomération,Hors intersection,Normale,Autre collision,,,,,,,,,,,1,1,1,1,6
200800008060,0008-02-28 08:10:00,8,2,28,8,10,290,232,"0, POULGUINAN PONT DE",,,Crépuscule ou aube,Hors agglomération,Hors intersection,Normale,Autre collision,,,,,,,,,,,2,1,1,1,6
200800008061,0008-02-29 17:15:00,8,2,29,17,15,290,232,"42, LIBERATION AVENUE DE",,,Plein jour,En agglomération,Hors intersection,Normale,Autre collision,,,,,,,,,,,1,2,1,1,6
200800008062,0008-02-02 08:50:00,8,2,2,8,50,300,7,"375, BILINA (QUAI)",,,Plein jour,En agglomération,Hors intersection,Normale,Deux véhicules - côté,,,,,,,,,,,1,2,1,1,3
200800008063,0008-02-27 14:00:00,8,2,27,14,0,300,7,"42, FAUBOURG D'AUVERGNE",,,Plein jour,En agglomération,Hors intersection,Normale,Trois véhicules et plus - en chaîne,,,,,,,,,,,1,2,1,1,4
200800008064,0008-02-24 14:00:00,8,2,24,14,0,300,28,ORSAN (ROUTE D'),,,Plein jour,Hors agglomération,Hors intersection,Normale,Autre collision,,,,,,,,,,,1,1,1,1,6
200800008065,0008-02-28 14:00:00,8,2,28,14,0,300,28,", GENERAL DE GAULE (AVEN",,,Plein jour,En agglomération,Hors intersection,Normale,Autre collision,,,,,,,,,,,1,2,1,1,6
200800008066,0008-02-27 16:20:00,8,2,27,16,20,300,32,FARCIENNES (AV. DE),,,Plein jour,En agglomération,Hors intersection,Normale,Autre collision,,,,,,,,,,,1,2,1,1,6
200800008067,0008-02-29 15:55:00,8,2,29,15,55,300,32,ROCADE (DPT90),,,Plein jour,Hors agglomération,Intersection en X,Normale,Deux véhicules - côté,,,,,,,,,,,1,1,2,1,3
200800008068,0008-02-01 11:03:00,8,2,1,11,3,300,189,"., MONTPELLIER (ROUTE DE",,,Plein jour,En agglomération,Intersection en X,Normale,Deux véhicules - côté,,,,,,,,,,,1,2,2,1,3
200800008069,0008-02-01 17:44:00,8,2,1,17,44,300,189,"., FRANCAIS LIBRES (BD)",43.8305,4.32338,Plein jour,En agglomération,Hors intersection,Normale,Deux véhicules - arrière,,,,,,,,,,,1,2,1,1,2
200800008070,0008-02-02 17:10:00,8,2,2,17,10,300,189,", BEAUCAIRE (ROUTE)",43.83697,4.38742,Plein jour,En agglomération,Hors intersection,Normale,Autre collision,,,,,,,,,,,1,2,1,1,6
200800008071,0008-02-04 07:30:00,8,2,4,7,30,300,189,"., ROND POINT DES NATION",,,Crépuscule ou aube,En agglomération,Hors intersection,Pluie légère,Autre collision,,,,,,,,,,,2,2,1,2,6
200800008072,0008-02-04 16:50:00,8,2,4,16,50,300,189,"., COURBET AMIRAL (BOULE",,,Plein jour,En agglomération,Hors intersection,Normale,Autre collision,,,,,,,,,,,1,2,1,1,6
200800008073,0008-02-05 17:23:00,8,2,5,17,23,300,189,"., BEAUCAIRE (ROUTE)",43.8363,4.36266,Crépuscule ou aube,En agglomération,Hors intersection,Normale,Autre collision,,,,,,,,,,,2,2,1,1,6
200800008074,0008-02-08 20:10:00,8,2,8,20,10,300,189,"., CANAUX (CHEMIN)",43.78336,4.35494,Nuit sans éclairage public,En agglomération,Hors intersection,Normale,Sans collision,,,,,,,,,,,3,2,1,1,7
200800008075,0008-02-08 21:07:00,8,2,8,21,7,300,189,SAUVE (ROUTE),43.0,4.33701,Nuit avec éclairage allumé,En agglomération,Intersection en T,Normale,Deux véhicules - frontale,,,,,,,,,,,5,2,3,1,1
200800008076,0008-02-08 22:30:00,8,2,8,22,30,300,189,"., AVIGNON (ROUTE)",43.85348,4.40124,Nuit avec éclairage allumé,En agglomération,Hors intersection,Normale,Sans collision,,,,,,,,,,,5,2,1,1,7
200800008077,0008-02-09 12:44:00,8,2,9,12,44,300,189,"218, AVIGNON (ANCIENNE R",43.84562,4.38447,Plein jour,En agglomération,Hors intersection,Normale,Autre collision,,,,,,,,,,,1,2,1,1,6
200800008078,0008-02-09 23:02:00,8,2,9,23,2,300,189,"., BEAUCAIRE (ROUTE)",,,Nuit avec éclairage allumé,En agglomération,Intersection en X,Normale,Autre collision,,,,,,,,,,,5,2,2,1,6
200800008079,0008-02-03 17:40:00,8,2,3,17,40,300,189,"., AGAU (RUE), EX RUE NA",,,Crépuscule ou aube,En agglomération,Intersection en X,Normale,Autre collision,,,,,,,,,,,2,2,2,1,6
200800008080,0008-02-12 14:15:00,8,2,12,14,15,300,189,TRIAIRE SERGENT (BOULEVA,,,Plein jour,En agglomération,Hors intersection,Normale,Deux véhicules - arrière,,,,,,,,,,,1,2,1,1,2
200800008081,0008-02-13 14:13:00,8,2,13,14,13,300,189,"62, TRIAIRE SERGENT (BOU",43.8269,4.36114,Plein jour,En agglomération,Hors intersection,Normale,Deux véhicules - arrière,,,,,,,,,,,1,2,1,1,2
200800008082,0008-02-14 05:37:00,8,2,14,5,37,300,189,"., COURBESSAC (ROUTE)",43.84746,4.38984,Nuit avec éclairage allumé,En agglomération,Hors intersection,Normale,Sans collision,,,,,,,,,,,5,2,1,1,7
200800008083,0008-02-14 12:17:00,8,2,14,12,17,300,189,"., SAUVE (RUE)",43.83999,4.31951,Plein jour,En agglomération,Autre intersection,Normale,Deux véhicules - frontale,,,,,,,,,,,1,2,9,1,1
200800008084,0008-02-15 22:26:00,8,2,15,22,26,300,189,"., MENDES FRANCE PIERRE",,,Nuit avec éclairage allumé,En agglomération,Hors intersection,Normale,Trois véhicules et plus - collisions multiples,,,,,,,,,,,5,2,1,1,5
200800008085,0008-02-16 01:18:00,8,2,16,1,18,300,189,"., AVIGNON (ANCIENNE ROU",43.85857,4.41693,Nuit avec éclairage allumé,Hors agglomération,Hors intersection,Normale,Sans collision,,,,,,,,,,,5,1,1,1,7
200800008086,0008-02-16 02:08:00,8,2,16,2,8,300,189,"., KENNEDY (AVENUE)",,,Nuit avec éclairage allumé,En agglomération,Hors intersection,Normale,Sans collision,,,,,,,,,,,5,2,1,1,7
200800008087,0008-02-16 14:19:00,8,2,16,14,19,300,189,"00000, BOEGNER PASTEUR M",43.82029,4.33542,Plein jour,En agglomération,Hors intersection,Normale,Deux véhicules - arrière,,,,,,,,,,,1,2,1,1,2
200800008088,0008-02-18 15:40:00,8,2,18,15,40,300,189,"8, BOISSIER GASTON (RUE)",43.83894,4.35286,Plein jour,En agglomération,Hors intersection,Normale,Autre collision,,,,,,,,,,,1,2,1,1,6
200800008089,0008-02-20 14:10:00,8,2,20,14,10,300,189,"., SEGUIER (RUE)",43.83753,4.36728,Plein jour,En agglomération,Intersection à plus de 4 branches,Normale,Deux véhicules - côté,,,,,,,,,,,1,2,5,1,3
200800008090,0008-02-21 08:02:00,8,2,21,8,2,300,189,"., ALLENDE SALVADOR (RUE",43.81961,4.35836,Plein jour,En agglomération,Hors intersection,Normale,Deux véhicules - côté,,,,,,,,,,,1,2,1,1,3
200800008091,0008-02-21 13:59:00,8,2,21,13,59,300,189,MARECHAL JUIN (BOULEVARD,,,Plein jour,En agglomération,Hors intersection,Normale,Deux véhicules - côté,,,,,,,,,,,1,2,1,1,3
200800008092,0008-02-21 23:48:00,8,2,21,23,48,300,189,"292, AVIGNON (ANCIENNE R",43.8477,4.39223,Nuit avec éclairage allumé,En agglomération,Hors intersection,Normale,Deux véhicules - frontale,,,,,,,,,,,5,2,1,1,1
200800008093,0008-02-22 10:55:00,8,2,22,10,55,300,189,ALLENDE SALVADOR (RUE),,,Plein jour,En agglomération,Hors intersection,Normale,Autre collision,,,,,,,,,,,1,2,1,1,6
200800008094,0008-02-22 13:19:00,8,2,22,13,19,300,189,"14, FAITA VINCENT (RUE)",43.81746,4.34667,Plein jour,En agglomération,Intersection en T,Normale,Autre collision,,,,,,,,,,,1,2,3,1,6
200800008095,0008-02-22 17:56:00,8,2,22,17,56,300,189,"., BRUGUIER GEORGES  (RU",43.81746,4.34667,Plein jour,En agglomération,Hors intersection,Normale,Sans collision,,,,,,,,,,,1,2,1,1,7
200800008096,0008-02-22 19:30:00,8,2,22,19,30,300,189,"14, VINCENT ELOY (RUE)",,,Nuit avec éclairage allumé,En agglomération,Hors intersection,Normale,Deux véhicules - côté,,,,,,,,,,,5,2,1,1,3
200800008097,0008-02-22 22:23:00,8,2,22,22,23,300,189,"., HUGO VICTOR (BOULEVAR",43.8362,4.35731,Nuit avec éclairage allumé,En agglomération,Hors intersection,Normale,Trois véhicules et plus - en chaîne,,,,,,,,,,,5,2,1,1,4
200800008098,0008-02-23 01:20:00,8,2,23,1,20,300,189,"414, MARJOLAINE (CHEMIN)",,,Nuit avec éclairage allumé,En agglomération,Hors intersection,Normale,Sans collision,,,,,,,,,,,5,2,1,1,7
200800008099,0008-02-26 23:00:00,8,2,26,23,0,300,189,"0000, UZES (ROUTE D')",,,Nuit sans éclairage public,Hors agglomération,Hors intersection,Autre,Deux véhicules - arrière,,,,,,,,,,,3,1,1,9,2
200800008100,0008-02-27 13:10:00,8,2,27,13,10,300,189,"., DAYAN GEORGES (AVENUE",43.87184,4.31872,Plein jour,En agglomération,Hors intersection,Normale,Deux véhicules - arrière,,,,,,,,,,,1,2,1,1,2