accident_id,datetime,annee,mois,jour,heure,minute,departement,commune_insee,adresse,latitude,longitude,luminosite,agglomeration,intersection,meteo,collision,nb_vehicules,nb_usagers,nb_indemnes,nb_tues,nb_blesses_hosp,nb_blesses_legers,age_cond_1,age_cond_2,veh_type_cond_1,veh_type_cond_2,lum_code,agg_code,int_code,atm_code,col_code
200800008363,0008-02-14 17:15:00,8,2,14,17,15,340,172,"SANS, MOULINS (AVENUE DE",43.62101,3.83395,Crépuscule ou aube,En agglomération,Hors intersection,Normale,Deux véhicules - côté,,,,,,,,,,,2,2,1,1,3
200800008364,0008-02-14 18:53:00,8,2,14,18,53,340,172,"642, JUSTICE DE CASTELNA",,,Crépuscule ou aube,En agglomération,Hors intersection,Normale,Sans collision,,,,,,,,,,,2,2,1,1,7
200800008365,0008-02-15 08:10:00,8,2,15,8,10,340,172,"sans, ONZE NOVEMBRE (PLA",,,Plein jour,En agglomération,Hors intersection,Normale,Autre collision,,,,,,,,,,,1,2,1,1,6
200800008366,0008-02-15 17:15:00,8,2,15,17,15,340,172,MENDES FRANCE (AVENUE PR,,,Plein jour,En agglomération,Intersection en Y,Normale,Deux véhicules - côté,,,,,,,,,,,1,2,4,1,3
200800008367,0008-02-14 10:25:00,8,2,14,10,25,340,172,"1, MILLENAIRE (PLACE DU)",,,Plein jour,En agglomération,Hors intersection,Normale,Sans collision,,,,,,,,,,,1,2,1,1,7
200800008368,0008-02-14 12:35:00,8,2,14,12,35,340,172,"1130, MERMOZ (AVENUE JEA",,,Plein jour,En agglomération,Hors intersection,Normale,Deux véhicules - côté,,,,,,,,,,,1,2,1,1,3
200800008369,0008-02-19 01:50:00,8,2,19,1,50,340,172,"863, DEZEUZE (RUE FRANCO",,,Nuit avec éclairage allumé,En agglomération,Hors intersection,Normale,Deux véhicules - côté,,,,,,,,,,,5,2,1,1,3
200800008370,0008-02-19 03:15:00,8,2,19,3,15,340,172,"6, FOCH (RUE)",,,Nuit avec éclairage allumé,En agglomération,Hors intersection,Normale,Autre collision,,,,,,,,,,,5,2,1,1,6
200800008371,0008-02-19 09:15:00,8,2,19,9,15,340,198,"SANS, FOIRE (ROUTE DE LA",43.57084,3.95448,Plein jour,Hors agglomération,Hors intersection,Normale,Sans collision,,,,,,,,,,,1,1,1,1,7
200800008372,0008-02-21 11:20:00,8,2,21,11,20,340,172,"sans, CARTIER (AVENUE JA",,,Plein jour,En agglomération,Hors intersection,Normale,Deux véhicules - côté,,,,,,,,,,,1,2,1,1,3
200800008373,0008-02-22 16:40:00,8,2,22,16,40,340,172,JOUHAUX (AVENUE LEON),,,Plein jour,En agglomération,Hors intersection,Normale,Deux véhicules - côté,,,,,,,,,,,1,2,1,1,3
200800008374,0008-02-26 08:41:00,8,2,26,8,41,340,172,"548, PUECH VILLA (RUE DE",,,Plein jour,En agglomération,Hors intersection,Pluie légère,Autre collision,,,,,,,,,,,1,2,1,2,6
200800008375,0008-02-26 21:00:00,8,2,26,21,0,340,129,D116,43.57007,3.87254,Nuit sans éclairage public,Hors agglomération,Hors intersection,Brouillard / fumée,Autre collision,,,,,,,,,,,3,1,1,5,6
200800008376,0008-02-27 08:55:00,8,2,27,8,55,340,172,"sans, NOUVEAU MONDE (ALL",,,Plein jour,En agglomération,Hors intersection,Normale,Sans collision,,,,,,,,,,,1,2,1,1,7
200800008377,0008-02-27 21:20:00,8,2,27,21,20,340,172,VOIE DOMITIENNE (PLACE D,,,Nuit avec éclairage allumé,En agglomération,Hors intersection,Normale,Autre collision,,,,,,,,,,,5,2,1,1,6
200800008378,0008-02-27 11:58:00,8,2,27,11,58,340,172,"SANS, ASSAS (AVENUE D')",43.61286,3.86737,Plein jour,En agglomération,Intersection en X,Normale,Deux véhicules - côté,,,,,,,,,,,1,2,2,1,3
200800008379,0008-02-28 15:30:00,8,2,28,15,30,340,129,PALAVAS D986 (ROUTE DE),,,Plein jour,Hors agglomération,Hors intersection,Normale,Deux véhicules - arrière,,,,,,,,,,,1,1,1,1,2
200800008380,0008-02-29 07:20:00,8,2,29,7,20,340,129,PALAVAS D986 (ROUTE DE),,,Plein jour,Hors agglomération,Hors intersection,Normale,Autre collision,,,,,,,,,,,1,1,1,1,6
200800008381,0008-02-29 09:20:00,8,2,29,9,20,340,172,"937, CASTELLE (RUE DE LA",,,Plein jour,En agglomération,Hors intersection,Normale,Deux véhicules - frontale,,,,,,,,,,,1,2,1,1,1
200800008382,0008-02-29 16:35:00,8,2,29,16,35,340,172,"06, PITOT (RUE)",43.61204,3.8711,Plein jour,En agglomération,Intersection en T,Normale,Deux véhicules - côté,,,,,,,,,,,1,2,3,1,3
200800008383,0008-02-28 10:55:00,8,2,28,10,55,340,172,"395, BRINGUIER (AVENUE P",,,Plein jour,En agglomération,Hors intersection,Normale,Deux véhicules - côté,,,,,,,,,,,1,2,1,1,3
200800008384,0008-02-28 12:00:00,8,2,28,12,0,340,172,"sans, VILLENEUVE-ANGOULE",,,Plein jour,En agglomération,Hors intersection,Normale,Deux véhicules - côté,,,,,,,,,,,1,2,1,1,3
200800008385,0008-02-04 14:30:00,8,2,4,14,30,340,301,"aucun, SOURCE (AVENUE DE",,,Plein jour,En agglomération,Hors intersection,Normale,Autre collision,,,,,,,,,,,1,2,1,1,6
200800008386,0008-02-08 20:50:00,8,2,8,20,50,340,108,"AUCUN, ROND POINT SALVAD",,,Nuit sans éclairage public,En agglomération,Giratoire,Normale,Deux véhicules - côté,,,,,,,,,,,3,2,6,1,3
200800008387,0008-02-15 14:30:00,8,2,15,14,30,340,301,"26, CLERVILLE CHEVALIER",,,Plein jour,En agglomération,Hors intersection,Normale,Deux véhicules - arrière,,,,,,,,,,,1,2,1,1,2
200800008388,0008-02-16 18:40:00,8,2,16,18,40,340,108,"aucun, BOURDELLE (IMPASS",,,Nuit avec éclairage allumé,En agglomération,Intersection en T,Normale,Deux véhicules - côté,,,,,,,,,,,5,2,3,1,3
200800008389,0008-02-04 17:15:00,8,2,4,17,15,350,115,"62, NANTES (RUE DE A PAR",,,Plein jour,En agglomération,Hors intersection,Normale,Autre collision,,,,,,,,,,,1,2,1,1,6
200800008390,0008-02-21 21:15:00,8,2,21,21,15,350,115,"0, FERRY (RUE JULES)",,,Nuit avec éclairage allumé,En agglomération,Giratoire,Normale,Deux véhicules - côté,,,,,,,,,,,5,2,6,1,3
200800008391,0008-02-01 00:20:00,8,2,1,0,20,350,238,"00, TOUR D'AUVERGNE (BD",,,Nuit avec éclairage allumé,En agglomération,Intersection en Y,Pluie légère,Autre collision,,,,,,,,,,,5,2,4,2,6
200800008392,0008-02-01 04:50:00,8,2,1,4,50,350,238,ROCADE 10-11,,,Nuit sans éclairage public,Hors agglomération,Hors intersection,Pluie légère,Deux véhicules - frontale,,,,,,,,,,,3,1,1,2,1
200800008393,0008-02-02 03:20:00,8,2,2,3,20,350,238,"40, PARIS (RUE DE)",,,Nuit avec éclairage allumé,En agglomération,Intersection en X,Normale,Deux véhicules - côté,,,,,,,,,,,5,2,2,1,3
200800008394,0008-02-02 05:20:00,8,2,2,5,20,350,238,"00, TOUR D'AUVERGNE (BD",,,Nuit avec éclairage allumé,En agglomération,Intersection en X,Normale,Deux véhicules - côté,,,,,,,,,,,5,2,2,1,3
200800008395,0008-02-02 09:20:00,8,2,2,9,20,350,238,"00, GARE (PLACE DE LA)",,,Plein jour,En agglomération,Hors intersection,Normale,Autre collision,,,,,,,,,,,1,2,1,1,6
200800008396,0008-02-07 17:30:00,8,2,7,17,30,350,238,"12, HAUTES-OURMES (BD DE",,,Plein jour,En agglomération,Hors intersection,Normale,Autre collision,,,,,,,,,,,1,2,1,1,6
200800008397,0008-02-08 10:15:00,8,2,8,10,15,350,238,"88, PAINLEVE (BD PAUL)",,,Plein jour,En agglomération,Hors intersection,Normale,Deux véhicules - arrière,,,,,,,,,,,1,2,1,1,2
200800008398,0008-02-08 13:25:00,8,2,8,13,25,350,238,"63, SAINT-BRIEUC (DE)",,,Plein jour,Hors agglomération,Hors intersection,Normale,Trois véhicules et plus - en chaîne,,,,,,,,,,,1,1,1,1,4
200800008399,0008-02-08 17:45:00,8,2,8,17,45,350,238,"00, FREVILLE (AVENUE HEN",,,Plein jour,En agglomération,Intersection en X,Normale,Deux véhicules - côté,,,,,,,,,,,1,2,2,1,3
200800008400,0008-02-08 18:00:00,8,2,8,18,0,350,238,VILLEBOIS MAREUIL (BD) D,,,Plein jour,En agglomération,Intersection en X,Normale,Sans collision,,,,,,,,,,,1,2,2,1,7
200800008401,0008-02-13 10:10:00,8,2,13,10,10,350,238,"00, NANTES (DE)",,,Plein jour,En agglomération,Intersection en T,Normale,Autre collision,,,,,,,,,,,1,2,3,1,6
200800008402,0008-02-13 18:50:00,8,2,13,18,50,350,238,"29, CHATEAUGIRON (DE)",,,Nuit avec éclairage allumé,En agglomération,Intersection en X,Normale,Deux véhicules - côté,,,,,,,,,,,5,2,2,1,3
200800008403,0008-02-14 09:10:00,8,2,14,9,10,350,238,"02, COMBES (BD EMILE)",,,Plein jour,En agglomération,Intersection en X,Normale,Deux véhicules - côté,,,,,,,,,,,1,2,2,1,3
200800008404,0008-02-14 14:20:00,8,2,14,14,20,350,238,"45, TOUR D'AUVERGNE (BD",,,Plein jour,En agglomération,Intersection en T,Normale,Deux véhicules - côté,,,,,,,,,,,1,2,3,1,3
200800008405,0008-02-14 19:40:00,8,2,14,19,40,350,281,"371, NANTES (RUE DE)",,,Nuit avec éclairage allumé,En agglomération,Hors intersection,Normale,Deux véhicules - côté,,,,,,,,,,,5,2,1,1,3
200800008406,0008-02-15 02:40:00,8,2,15,2,40,350,238,"00, VEZIN (ROUTE DE)",,,Nuit avec éclairage allumé,En agglomération,Hors intersection,Normale,Sans collision,,,,,,,,,,,5,2,1,1,7
200800008407,0008-02-16 14:30:00,8,2,16,14,30,350,238,ROCADE 5-6,,,Plein jour,Hors agglomération,Hors intersection,Normale,Sans collision,,,,,,,,,,,1,1,1,1,7
200800008408,0008-02-20 04:10:00,8,2,20,4,10,350,238,ROCADE 10-11,,,Nuit sans éclairage public,Hors agglomération,Autre intersection,Normale,Deux véhicules - arrière,,,,,,,,,,,3,1,9,1,2
200800008409,0008-02-20 12:40:00,8,2,20,12,40,350,238,"23, CHURCHILL (AVENUE SI",,,Plein jour,En agglomération,Hors intersection,Normale,Deux véhicules - côté,,,,,,,,,,,1,2,1,1,3
200800008410,0008-02-20 16:00:00,8,2,20,16,0,350,238,"00, MARGUERITTE (GAL)",,,Plein jour,En agglomération,Intersection en X,Normale,Autre collision,,,,,,,,,,,1,2,2,1,6
200800008411,0008-02-21 14:05:00,8,2,21,14,5,350,238,"5, LAMENNAIS (QUAI)",,,Plein jour,En agglomération,Intersection en X,Normale,Autre collision,,,,,,,,,,,1,2,2,1,6
200800008412,0008-02-21 15:30:00,8,2,21,15,30,350,238,"00, GRIMAULT (BD LEON)",,,Plein jour,En agglomération,Intersection en X,Normale,Deux véhicules - arrière,,,,,,,,,,,1,2,2,1,2
200800008413,0008-02-21 19:10:00,8,2,21,19,10,350,238,"55, CHATEAUGIRON (DE)",,,Nuit avec éclairage non allumé,En agglomération,Intersection en T,Normale,Autre collision,,,,,,,,,,,4,2,3,1,6
200800008414,0008-02-22 10:50:00,8,2,22,10,50,350,238,"11, MARTENOT",,,Plein jour,En agglomération,Hors intersection,Normale,Sans collision,,,,,,,,,,,1,2,1,1,7
200800008415,0008-02-22 20:00:00,8,2,22,20,0,350,238,"00, NANTES (DE)",,,Nuit avec éclairage allumé,En agglomération,Intersection en T,Normale,Deux véhicules - côté,,,,,,,,,,,5,2,3,1,3
200800008416,0008-02-23 13:10:00,8,2,23,13,10,350,238,"00, ANJOU (D')",,,Plein jour,En agglomération,Intersection en T,Normale,Autre collision,,,,,,,,,,,1,2,3,1,6
200800008417,0008-02-23 14:00:00,8,2,23,14,0,350,238,"00, ALLEE DE BEAULIEU",,,Plein jour,En agglomération,Intersection en T,Normale,Deux véhicules - côté,,,,,,,,,,,1,2,3,1,3
200800008418,0008-02-24 04:30:00,8,2,24,4,30,350,238,"00, INKERMANN (D')",,,Nuit avec éclairage allumé,En agglomération,Intersection en T,Normale,Deux véhicules - frontale,,,,,,,,,,,5,2,3,1,1
200800008419,0008-02-29 20:25:00,8,2,29,20,25,350,278,"00, RN 137",,,Nuit sans éclairage public,Hors agglomération,Hors intersection,Normale,Sans collision,,,,,,,,,,,3,1,1,1,7
200800008420,0008-02-01 15:30:00,8,2,1,15,30,350,288,MOKA (AVENUE DE),,,Plein jour,En agglomération,Hors intersection,Pluie légère,Deux véhicules - arrière,,,,,,,,,,,1,2,1,2,2
200800008421,0008-02-07 17:40:00,8,2,7,17,40,350,288,"000, DEPORTES (BOULEVARD",,,Plein jour,En agglomération,Intersection en X,Temps éblouissant,Deux véhicules - côté,,,,,,,,,,,1,2,2,7,3
200800008422,0008-02-08 09:50:00,8,2,8,9,50,350,288,"000, MOKA (AVENUE DE)",,,Plein jour,En agglomération,Intersection en X,Temps éblouissant,Deux véhicules - arrière,,,,,,,,,,,1,2,2,7,2
200800008423,0008-02-08 09:52:00,8,2,8,9,52,350,288,MOKA (AVENUE DE),,,Plein jour,En agglomération,Hors intersection,Normale,Deux véhicules - arrière,,,,,,,,,,,1,2,1,1,2
200800008424,0008-02-13 12:55:00,8,2,13,12,55,350,288,"000, LECOUFLE (RUE)",,,Plein jour,En agglomération,Intersection en X,Temps éblouissant,Deux véhicules - côté,,,,,,,,,,,1,2,2,7,3
200800008425,0008-02-13 15:40:00,8,2,13,15,40,350,288,VILLE PEPIN (RUE),,,Plein jour,En agglomération,Intersection en T,Normale,Autre collision,,,,,,,,,,,1,2,3,1,6
200800008426,0008-02-14 12:10:00,8,2,14,12,10,350,288,MARNE (RUE DE LA),,,Plein jour,En agglomération,Hors intersection,Normale,Deux véhicules - côté,,,,,,,,,,,1,2,1,1,3
200800008427,0008-02-15 20:00:00,8,2,15,20,0,350,288,MOUCHOIR VERT (ROND POIN,,,Nuit avec éclairage allumé,En agglomération,Hors intersection,Normale,Autre collision,,,,,,,,,,,5,2,1,1,6
200800008428,0008-02-16 23:50:00,8,2,16,23,50,350,288,DE GAULLE GENERAL (AVENU,,,Nuit avec éclairage allumé,En agglomération,Hors intersection,Normale,Deux véhicules - côté,,,,,,,,,,,5,2,1,1,3
200800008429,0008-02-20 08:45:00,8,2,20,8,45,350,288,CLEMENCEAU (RUE GEORGES),,,Plein jour,En agglomération,Hors intersection,Normale,Deux véhicules - arrière,,,,,,,,,,,1,2,1,1,2
200800008430,0008-02-22 20:30:00,8,2,22,20,30,350,288,SAINT LOUIS (PORTE),,,Nuit avec éclairage allumé,En agglomération,Hors intersection,Normale,Autre collision,,,,,,,,,,,5,2,1,1,6
200800008431,0008-02-22 08:00:00,8,2,22,8,0,350,288,MOKA (AVENUE DE),,,Plein jour,En agglomération,Hors intersection,Normale,Deux véhicules - côté,,,,,,,,,,,1,2,1,1,3
200800008432,0008-02-25 18:50:00,8,2,25,18,50,350,288,CLOS DE MATIGNON (RUE DU,,,Nuit sans éclairage public,En agglomération,Intersection en T,Normale,Deux véhicules - côté,,,,,,,,,,,3,2,3,1,3
200800008433,0008-02-26 11:45:00,8,2,26,11,45,350,288,LEMPEREUR LEON (RUE ),,,Plein jour,En agglomération,Intersection en T,Normale,Deux véhicules - côté,,,,,,,,,,,1,2,3,1,3
200800008434,0008-02-22 00:35:00,8,2,22,0,35,360,202,"1, ROUTE DEPARTEMENTALE",,,Nuit sans éclairage public,Hors agglomération,Intersection en T,Normale,Sans collision,,,,,,,,,,,3,1,3,1,7
200800008435,0008-02-27 18:50:00,8,2,27,18,50,360,44,"36, LIMAY (RATOUIS DE)",,,Crépuscule ou aube,En agglomération,Hors intersection,Temps couvert,Deux véhicules - côté,,,,,,,,,,,2,2,1,8,3
200800008436,0008-02-03 13:47:00,8,2,3,13,47,360,44,"7, LOUIS (DE LA VALLEE S",,,Plein jour,En agglomération,Hors intersection,Normale,Autre collision,,,,,,,,,,,1,2,1,1,6
200800008437,0008-02-04 17:30:00,8,2,4,17,30,360,202,"0, ROUTE DE GIREUGNE",,,Plein jour,Hors agglomération,Hors intersection,Normale,Deux véhicules - arrière,,,,,,,,,,,1,1,1,1,2
200800008438,0008-02-04 21:25:00,8,2,4,21,25,360,202,"211, TOURS (ANCIENNE ROU",,,Nuit avec éclairage allumé,En agglomération,Hors intersection,Normale,Deux véhicules - arrière,,,,,,,,,,,5,2,1,1,2
200800008439,0008-02-06 15:16:00,8,2,6,15,16,360,44,ROUTE DEPARTEMENTALE 920,,,Plein jour,En agglomération,Intersection en X,Normale,Deux véhicules - côté,,,,,,,,,,,1,2,2,1,3
200800008440,0008-02-08 07:00:00,8,2,8,7,0,360,44,ROUTE DEPARTEMENTALE 925,,,Nuit avec éclairage non allumé,En agglomération,Intersection en T,Normale,Deux véhicules - frontale,,,,,,,,,,,4,2,3,1,1
200800008441,0008-02-11 07:19:00,8,2,11,7,19,360,44,"96, MARINS (AV DES)",,,Crépuscule ou aube,En agglomération,Hors intersection,Normale,Deux véhicules - côté,,,,,,,,,,,2,2,1,1,3
200800008442,0008-02-12 07:55:00,8,2,12,7,55,360,63,RD PT GRAND VERGER,,,Crépuscule ou aube,En agglomération,Giratoire,Normale,Deux véhicules - côté,,,,,,,,,,,2,2,6,1,3
200800008443,0008-02-14 15:30:00,8,2,14,15,30,360,44,BRYAS (BD DE),,,Plein jour,En agglomération,Intersection en T,Normale,Deux véhicules - côté,,,,,,,,,,,1,2,3,1,3
200800008444,0008-02-19 13:25:00,8,2,19,13,25,360,44,"0, PHILIPE (AV GERARD)",,,Plein jour,En agglomération,Intersection en T,Normale,Trois véhicules et plus - collisions multiples,,,,,,,,,,,1,2,3,1,5
200800008445,0008-02-19 19:02:00,8,2,19,19,2,360,44,LUC (ST),,,Crépuscule ou aube,En agglomération,Hors intersection,Pluie légère,Deux véhicules - arrière,,,,,,,,,,,2,2,1,2,2
200800008446,0008-02-21 16:21:00,8,2,21,16,21,360,44,HUGO (VICTOR),,,Plein jour,En agglomération,Hors intersection,Normale,Sans collision,,,,,,,,,,,1,2,1,1,7
200800008447,0008-02-25 15:40:00,8,2,25,15,40,360,159,"0, MONTLUCON (ROUTE) R.D",,,Plein jour,Hors agglomération,Hors intersection,Normale,Deux véhicules - côté,,,,,,,,,,,1,1,1,1,3
200800008448,0008-02-28 12:01:00,8,2,28,12,1,370,261,PROUDHON (AVENUE),,,Plein jour,En agglomération,Intersection en T,Pluie légère,Deux véhicules - côté,,,,,,,,,,,1,2,3,2,3
200800008449,0008-02-07 17:15:00,8,2,7,17,15,370,233,MORINERIE (CHEMIN DE LA),,,Plein jour,En agglomération,Hors intersection,Normale,Autre collision,,,,,,,,,,,1,2,1,1,6
200800008450,0008-02-12 09:55:00,8,2,12,9,55,370,261,GRAMMONT (AVENUE DE),,,Plein jour,En agglomération,Intersection en X,Normale,Autre collision,,,,,,,,,,,1,2,2,1,6
200800008451,0008-02-09 15:30:00,8,2,9,15,30,370,261,BORDIERS (RUE DES),,,Plein jour,En agglomération,Hors intersection,Normale,Deux véhicules - côté,,,,,,,,,,,1,2,1,1,3
200800008452,0008-02-15 14:17:00,8,2,15,14,17,370,195,MINIMES (CHEMIN DES),,,Plein jour,En agglomération,Intersection en T,Normale,Deux véhicules - côté,,,,,,,,,,,1,2,3,1,3
200800008453,0008-02-16 21:30:00,8,2,16,21,30,370,122,JAURES (BOULEVARD JEAN),,,Nuit avec éclairage non allumé,En agglomération,Intersection en X,Normale,Deux véhicules - frontale,,,,,,,,,,,4,2,2,1,1
200800008454,0008-02-17 01:25:00,8,2,17,1,25,370,233,LOIRE (LEVEE DE LA),,,Nuit sans éclairage public,En agglomération,Intersection en T,Normale,Deux véhicules - côté,,,,,,,,,,,3,2,3,1,3
200800008455,0008-02-21 23:15:00,8,2,21,23,15,370,261,LECLERC (PLACE DU MARECH,,,Nuit avec éclairage allumé,En agglomération,Intersection en X,Normale,Deux véhicules - côté,,,,,,,,,,,5,2,2,1,3
200800008456,0008-02-22 16:40:00,8,2,22,16,40,370,122,"164, JAURES (BOULEVARD J",,,Plein jour,En agglomération,Hors intersection,Normale,Trois véhicules et plus - collisions multiples,,,,,,,,,,,1,2,1,1,5
200800008457,0008-02-28 20:10:00,8,2,28,20,10,370,233,DUCLOS (AVENUE JACQUES),,,Nuit avec éclairage allumé,En agglomération,Intersection en T,Normale,Deux véhicules - côté,,,,,,,,,,,5,2,3,1,3
200800008458,0008-02-29 09:07:00,8,2,29,9,7,370,233,BALZAC (RUE HONORE DE),,,Plein jour,En agglomération,Intersection en X,Normale,Deux véhicules - côté,,,,,,,,,,,1,2,2,1,3
200800008459,0008-02-17 05:55:00,8,2,17,5,55,380,53,"32, LYON (ROUTE DE LYON",,,Nuit avec éclairage allumé,En agglomération,Hors intersection,Normale,Autre collision,,,,,,,,,,,5,2,1,1,6
200800008460,0008-02-18 17:20:00,8,2,18,17,20,380,53,"5, ROUSSEAU (BLD JEAN JA",,,Plein jour,En agglomération,Hors intersection,Normale,Autre collision,,,,,,,,,,,1,2,1,1,6
200800008461,0008-02-01 13:40:00,8,2,1,13,40,380,185,"1, BOULEVARD MARÉCHAL FO",,,Plein jour,En agglomération,Hors intersection,Normale,Deux véhicules - côté,,,,,,,,,,,1,2,1,1,3
200800008462,0008-02-01 16:20:00,8,2,1,16,20,380,185,"00, AVENUE MARCELIN BERT",,,Plein jour,En agglomération,Hors intersection,Normale,Deux véhicules - frontale,,,,,,,,,,,1,2,1,1,1
200800008463,0008-02-04 13:50:00,8,2,4,13,50,380,185,"00, ÉCHANGEUR DU RONDEAU",,,Plein jour,Hors agglomération,Hors intersection,Pluie légère,Deux véhicules - arrière,,,,,,,,,,,1,1,1,2,2
200800008464,0008-02-04 18:20:00,8,2,4,18,20,380,185,"1, PLACE GUSTAVE RIVET",,,Plein jour,En agglomération,Hors intersection,Pluie légère,Autre collision,,,,,,,,,,,1,2,1,2,6
200800008465,0008-02-05 11:20:00,8,2,5,11,20,380,421,"00, ROND-POINT NELSON MA",,,Plein jour,En agglomération,Hors intersection,Normale,Autre collision,,,,,,,,,,,1,2,1,1,6
200800008466,0008-02-07 20:45:00,8,2,7,20,45,380,185,PONT DE CATANE,,,Nuit avec éclairage allumé,Hors agglomération,Hors intersection,Normale,Deux véhicules - côté,,,,,,,,,,,5,1,1,1,3
200800008467,0008-02-07 21:05:00,8,2,7,21,5,380,185,"35, RUE ANATOLE FRANCE",,,Nuit avec éclairage allumé,En agglomération,Hors intersection,Normale,Autre collision,,,,,,,,,,,5,2,1,1,6
200800008468,0008-02-09 01:25:00,8,2,9,1,25,380,421,"77, AVENUE JULES VALLÈS",,,Nuit avec éclairage allumé,En agglomération,Hors intersection,Normale,Deux véhicules - côté,,,,,,,,,,,5,2,1,1,3
200800008469,0008-02-09 11:35:00,8,2,9,11,35,380,421,"00, BOULEVARD DULCIE SEP",,,Plein jour,En agglomération,Hors intersection,Normale,Deux véhicules - arrière,,,,,,,,,,,1,2,1,1,2
200800008470,0008-02-14 06:45:00,8,2,14,6,45,380,185,"00, PONT DU VERCORS",,,Nuit avec éclairage allumé,En agglomération,Hors intersection,Normale,Deux véhicules - côté,,,,,,,,,,,5,2,1,1,3
200800008471,0008-02-14 08:25:00,8,2,14,8,25,380,421,"143, AVENUE AMBROISE CRO",,,Plein jour,En agglomération,Hors intersection,Normale,Autre collision,,,,,,,,,,,1,2,1,1,6
200800008472,0008-02-15 09:20:00,8,2,15,9,20,380,229,99 VOIE NON IDENTIFIEE,,,Plein jour,Hors agglomération,Hors intersection,Normale,Deux véhicules - arrière,,,,,,,,,,,1,1,1,1,2
200800008473,0008-02-15 10:10:00,8,2,15,10,10,380,185,"38, RUE DE TURENNE",,,Plein jour,En agglomération,Hors intersection,Normale,Deux véhicules - arrière,,,,,,,,,,,1,2,1,1,2
200800008474,0008-02-16 18:15:00,8,2,16,18,15,380,185,"7, AVENUE ALBERT 1ER DE",,,Nuit avec éclairage allumé,En agglomération,Hors intersection,Normale,Autre collision,,,,,,,,,,,5,2,1,1,6
200800008475,0008-02-16 19:15:00,8,2,16,19,15,380,423,"6, RUE CONRAD KILLIAN",,,Nuit avec éclairage allumé,En agglomération,Hors intersection,Normale,Autre collision,,,,,,,,,,,5,2,1,1,6
200800008476,0008-02-19 16:05:00,8,2,19,16,5,380,185,"00, RUE PAUL CLAUDEL",,,Plein jour,En agglomération,Hors intersection,Normale,Deux véhicules - côté,,,,,,,,,,,1,2,1,1,3
200800008477,0008-02-20 20:25:00,8,2,20,20,25,380,185,PONT DE LA PORTE DE FRAN,,,Nuit avec éclairage allumé,En agglomération,Hors intersection,Normale,Deux véhicules - arrière,,,,,,,,,,,5,2,1,1,2
200800008478,0008-02-22 08:50:00,8,2,22,8,50,380,185,"68, COURS BERRIAT",,,Plein jour,En agglomération,Hors intersection,Normale,Autre collision,,,,,,,,,,,1,2,1,1,6
200800008479,0008-02-22 12:00:00,8,2,22,12,0,380,185,"62, COURS BERRIAT",,,Plein jour,En agglomération,Intersection en X,Normale,Autre collision,,,,,,,,,,,1,2,2,1,6
200800008480,0008-02-23 01:50:00,8,2,23,1,50,380,179,"00, AVENUE D'URIAGE",,,Nuit sans éclairage public,Hors agglomération,Hors intersection,Normale,Deux véhicules - côté,,,,,,,,,,,3,1,1,1,3
200800008481,0008-02-23 21:10:00,8,2,23,21,10,380,185,"00, RUE MALAKOFF",,,Nuit avec éclairage allumé,En agglomération,Hors intersection,Normale,Deux véhicules - côté,,,,,,,,,,,5,2,1,1,3
200800008482,0008-02-26 19:10:00,8,2,26,19,10,380,185,"00, AVENUE MARCELIN BERT",,,Nuit avec éclairage allumé,En agglomération,Hors intersection,Normale,Deux véhicules - côté,,,,,,,,,,,5,2,1,1,3
200800008483,0008-02-28 13:35:00,8,2,28,13,35,380,185,"103, RUE DE STALINGRAD",,,Plein jour,En agglomération,Hors intersection,Normale,Deux véhicules - côté,,,,,,,,,,,1,2,1,1,3
200800008484,0008-02-28 15:20:00,8,2,28,15,20,380,185,PONT DE LA PORTE DE FRAN,,,Plein jour,Hors agglomération,Hors intersection,Normale,Deux véhicules - arrière,,,,,,,,,,,1,1,1,1,2
200800008485,0008-02-29 15:20:00,8,2,29,15,20,380,185,"00, BOULEVARD DE L'ESPLA",,,Plein jour,En agglomération,Hors intersection,Normale,Autre collision,,,,,,,,,,,1,2,1,1,6
200800008486,0008-02-23 11:22:00,8,2,23,11,22,380,544,"00, CLAUDE BERNARD(QUAI)",,,Plein jour,En agglomération,Hors intersection,Normale,Autre collision,,,,,,,,,,,1,2,1,1,6
200800008487,0008-02-26 01:20:00,8,2,26,1,20,380,563,"11 BIS, BOURG DE PEAGE (",,,Nuit avec éclairage non allumé,En agglomération,Hors intersection,Normale,Autre collision,,,,,,,,,,,4,2,1,1,6
200800008488,0008-02-23 15:25:00,8,2,23,15,25,380,563,"0000000, BRUNERIE (AVENU",,,Plein jour,En agglomération,Intersection en T,Normale,Deux véhicules - côté,,,,,,,,,,,1,2,3,1,3
200800008489,0008-02-09 20:45:00,8,2,9,20,45,390,198,"18, CHAMPVANS (ROUTE DE)",,,Nuit sans éclairage public,Hors agglomération,Hors intersection,Normale,Sans collision,,,,,,,,,,,3,1,1,1,7
200800008490,0008-02-02 14:50:00,8,2,2,14,50,390,300,"0, SULLY (COURS)",,,Plein jour,En agglomération,Place,Normale,Deux véhicules - côté,,,,,,,,,,,1,2,7,1,3
200800008491,0008-02-05 21:30:00,8,2,5,21,30,390,362,"1, MAILLOT (AVENUE) N° I",,,Nuit avec éclairage allumé,En agglomération,Intersection en X,Normale,Deux véhicules - côté,,,,,,,,,,,5,2,2,1,3
200800008492,0008-02-14 18:45:00,8,2,14,18,45,390,411,"316, CONLIEGE (ROUTE DE)",,,Nuit avec éclairage allumé,En agglomération,Hors intersection,Normale,Deux véhicules - côté,,,,,,,,,,,5,2,1,1,3
200800008493,0008-02-25 15:35:00,8,2,25,15,35,390,300,"0, LORAIN (RUE VICTOR)",,,Plein jour,En agglomération,Hors intersection,Normale,Autre collision,,,,,,,,,,,1,2,1,1,6