accident_id,datetime,annee,mois,jour,heure,minute,departement,commune_insee,adresse,latitude,longitude,luminosite,agglomeration,intersection,meteo,collision,nb_vehicules,nb_usagers,nb_indemnes,nb_tues,nb_blesses_hosp,nb_blesses_legers,age_cond_1,age_cond_2,veh_type_cond_1,veh_type_cond_2,lum_code,agg_code,int_code,atm_code,col_code
200800008494,0008-02-05 12:00:00,8,2,5,12,0,400,88,MANOIR (BOULEVARD YVES D,,,Plein jour,En agglomération,Hors intersection,Normale,Autre collision,,,,,,,,,,,1,2,1,1,6
200800008495,0008-02-07 22:45:00,8,2,7,22,45,400,88,CAP DOU PON (RUE DU),,,Nuit avec éclairage allumé,En agglomération,Intersection en X,Normale,Deux véhicules - côté,,,,,,,,,,,5,2,2,1,3
200800008496,0008-02-08 18:29:00,8,2,8,18,29,400,88,CLEMENCEAU (RUE GEORGES),,,Crépuscule ou aube,En agglomération,Intersection en T,Normale,Deux véhicules - côté,,,,,,,,,,,2,2,3,1,3
200800008497,0008-02-07 12:24:00,8,2,7,12,24,400,192,HOUGA (AV DU),,,Plein jour,Hors agglomération,Intersection en X,Normale,Deux véhicules - côté,,,,,,,,,,,1,1,2,1,3
200800008498,0008-02-17 19:49:00,8,2,17,19,49,400,192,"1, GOBERT (RUE DU DOCTEU",,,Nuit avec éclairage allumé,En agglomération,Intersection en T,Normale,Deux véhicules - côté,,,,,,,,,,,5,2,3,1,3
200800008499,0008-02-01 07:15:00,8,2,1,7,15,410,18,EUROPE (AVENUE DE L') N°,,,Crépuscule ou aube,En agglomération,Hors intersection,Pluie légère,Deux véhicules - côté,,,,,,,,,,,2,2,1,2,3
200800008500,0008-02-04 13:25:00,8,2,4,13,25,410,18,MARE (RUE DE LA),,,Plein jour,En agglomération,Intersection en X,Normale,Deux véhicules - côté,,,,,,,,,,,1,2,2,1,3
200800008501,0008-02-07 12:15:00,8,2,7,12,15,410,18,VENDOME (AVENUE DE),,,Plein jour,En agglomération,Hors intersection,Normale,Deux véhicules - arrière,,,,,,,,,,,1,2,1,1,2
200800008502,0008-02-12 17:20:00,8,2,12,17,20,410,18,"24, VILLEBOIS-MAREUIL (Q",,,Plein jour,En agglomération,Hors intersection,Normale,Autre collision,,,,,,,,,,,1,2,1,1,6
200800008503,0008-02-13 10:50:00,8,2,13,10,50,410,18,VENDOME (AVENUE DE),,,Plein jour,En agglomération,Hors intersection,Normale,Deux véhicules - frontale,,,,,,,,,,,1,2,1,1,1
200800008504,0008-02-14 10:25:00,8,2,14,10,25,410,18,ANGLETERRE (RUE D'),,,Plein jour,En agglomération,Hors intersection,Neige / grêle,Autre collision,,,,,,,,,,,1,2,1,4,6
200800008505,0008-02-16 20:40:00,8,2,16,20,40,410,18,LATTRE DE TASSIGNY (QUAI,,,Nuit avec éclairage allumé,En agglomération,Intersection en T,Normale,Deux véhicules - côté,,,,,,,,,,,5,2,3,1,3
200800008506,0008-02-19 10:54:00,8,2,19,10,54,410,18,ROBERTET (RUE FLORIMOND),,,Plein jour,En agglomération,Hors intersection,Normale,Autre collision,,,,,,,,,,,1,2,1,1,6
200800008507,0008-02-19 11:15:00,8,2,19,11,15,410,18,D174,,,Plein jour,Hors agglomération,Hors intersection,Normale,Sans collision,,,,,,,,,,,1,1,1,1,7
200800008508,0008-02-19 22:30:00,8,2,19,22,30,410,18,"57, CHATEAUDUN (AVENUE D",,,Nuit avec éclairage allumé,En agglomération,Hors intersection,Normale,Autre collision,,,,,,,,,,,5,2,1,1,6
200800008509,0008-02-10 09:30:00,8,2,10,9,30,420,44,"1, PATOUILLARD (RUE FRAN",45.23776,4.19852,Plein jour,En agglomération,Hors intersection,Normale,Autre collision,,,,,,,,,,,1,2,1,1,6
200800008510,0008-02-10 16:20:00,8,2,10,16,20,420,31,CD 3,45.24344,4.14414,Plein jour,En agglomération,Hors intersection,Normale,Autre collision,,,,,,,,,,,1,2,1,1,6
200800008511,0008-02-18 14:45:00,8,2,18,14,45,420,95,"6, GRILLET (CHEMIN DU)",,,Plein jour,En agglomération,Hors intersection,Normale,Deux véhicules - arrière,,,,,,,,,,,1,2,1,1,2
200800008512,0008-02-21 17:35:00,8,2,21,17,35,420,316,CD 25,45.23776,4.19852,Plein jour,En agglomération,Hors intersection,Normale,Autre collision,,,,,,,,,,,1,2,1,1,6
200800008513,0008-02-23 04:20:00,8,2,23,4,20,420,316,"1, BRIAND (RUE ARISTIDE)",45.24677,4.1592,Nuit avec éclairage allumé,En agglomération,Hors intersection,Normale,Autre collision,,,,,,,,,,,5,2,1,1,6
200800008514,0008-02-26 14:05:00,8,2,26,14,5,420,316,"41, PASTEUR (RUE)",45.2396,4.15755,Plein jour,En agglomération,Hors intersection,Normale,Autre collision,,,,,,,,,,,1,2,1,1,6
200800008515,0008-02-28 14:47:00,8,2,28,14,47,420,44,"7, GUESDE (RUE JULES)",45.2379,4.19551,Plein jour,En agglomération,Hors intersection,Normale,Autre collision,,,,,,,,,,,1,2,1,1,6
200800008516,0008-02-01 20:23:00,8,2,1,20,23,420,147,"45, CURTIEUX (RUE DE)",,,Nuit avec éclairage allumé,En agglomération,Intersection en X,Normale,Deux véhicules - côté,,,,,,,,,,,5,2,2,1,3
200800008517,0008-02-09 19:50:00,8,2,9,19,50,420,147,"05, LACHEZE (BOULEVARD)",,,Nuit avec éclairage allumé,En agglomération,Intersection en X,Normale,Sans collision,,,,,,,,,,,5,2,2,1,7
200800008518,0008-02-21 18:35:00,8,2,21,18,35,420,103,"5, TOURTON PETRUS",,,Nuit avec éclairage allumé,En agglomération,Intersection en T,Normale,Autre collision,,,,,,,,,,,5,2,3,1,6
200800008519,0008-02-02 17:25:00,8,2,2,17,25,420,187,"19, AUGE (RUE JOANNY)",,,Plein jour,En agglomération,Hors intersection,Normale,Deux véhicules - arrière,,,,,,,,,,,1,2,1,1,2
200800008520,0008-02-03 18:15:00,8,2,3,18,15,420,187,"1, DORMOY (RUE MARX)",,,Nuit avec éclairage allumé,En agglomération,Intersection en X,Normale,Deux véhicules - côté,,,,,,,,,,,5,2,2,1,3
200800008521,0008-02-04 10:30:00,8,2,4,10,30,420,187,LYON (AVENUE DE),,,Plein jour,En agglomération,Hors intersection,Normale,Deux véhicules - arrière,,,,,,,,,,,1,2,1,1,2
200800008522,0008-02-05 12:10:00,8,2,5,12,10,420,127,MUSSET  RD 207 (RUE ALFR,,,Plein jour,En agglomération,Giratoire,Normale,Deux véhicules - côté,,,,,,,,,,,1,2,6,1,3
200800008523,0008-02-14 17:10:00,8,2,14,17,10,420,187,BRIENNON (ROUTE DE ),,,Plein jour,En agglomération,Intersection en T,Normale,Deux véhicules - côté,,,,,,,,,,,1,2,3,1,3
200800008524,0008-02-22 17:15:00,8,2,22,17,15,420,71,LIBERATION (AVENUE DE LA,,,Plein jour,En agglomération,Intersection en X,Normale,Deux véhicules - côté,,,,,,,,,,,1,2,2,1,3
200800008525,0008-02-04 07:45:00,8,2,4,7,45,420,189,Rond point de Dourdel,,,Nuit avec éclairage allumé,Hors agglomération,Hors intersection,Pluie légère,Deux véhicules - arrière,,,,,,,,,,,5,1,1,2,2
200800008526,0008-02-04 08:15:00,8,2,4,8,15,420,218,"27, CROZET BOUSSINGAULT",,,Plein jour,En agglomération,Hors intersection,Pluie forte,Sans collision,,,,,,,,,,,1,2,1,3,7
200800008527,0008-02-04 14:25:00,8,2,4,14,25,420,218,"17, MARTEL EDOUARD JUSQU",45.2506,4.22795,Plein jour,En agglomération,Hors intersection,Normale,Deux véhicules - côté,,,,,,,,,,,1,2,1,1,3
200800008528,0008-02-04 16:20:00,8,2,4,16,20,420,218,CHAVASSIEUX JUSQU'AUX N°,,,Plein jour,En agglomération,Intersection en X,Normale,Trois véhicules et plus - collisions multiples,,,,,,,,,,,1,2,2,1,5
200800008529,0008-02-05 17:00:00,8,2,5,17,0,420,218,PALLUAT DE BESSET JUSQU',,,Plein jour,En agglomération,Intersection en T,Normale,Deux véhicules - côté,,,,,,,,,,,1,2,3,1,3
200800008530,0008-02-08 13:30:00,8,2,8,13,30,420,218,PERI GABRIEL JUSQU'AUX N,,,Plein jour,En agglomération,Intersection en T,Normale,Deux véhicules - côté,,,,,,,,,,,1,2,3,1,3
200800008531,0008-02-08 17:10:00,8,2,8,17,10,420,218,"1, CUGNOT",,,Plein jour,En agglomération,Intersection en X,Normale,Autre collision,,,,,,,,,,,1,2,2,1,6
200800008532,0008-02-08 23:00:00,8,2,8,23,0,420,218,"103, NORMANDIE NIEMEN A",,,Nuit avec éclairage allumé,En agglomération,Hors intersection,Normale,Autre collision,,,,,,,,,,,5,2,1,1,6
200800008533,0008-02-09 10:25:00,8,2,9,10,25,420,218,"20, GAUTHIER DUMONT JUSQ",,,Plein jour,En agglomération,Hors intersection,Normale,Autre collision,,,,,,,,,,,1,2,1,1,6
200800008534,0008-02-09 22:30:00,8,2,9,22,30,420,218,MENDES FRANCE PIERRE (BO,,,Nuit avec éclairage allumé,En agglomération,Intersection en T,Normale,Trois véhicules et plus - collisions multiples,,,,,,,,,,,5,2,3,1,5
200800008535,0008-02-10 11:40:00,8,2,10,11,40,420,218,DEVERCHERE CLAUDE,,,Plein jour,En agglomération,Intersection en T,Normale,Autre collision,,,,,,,,,,,1,2,3,1,6
200800008536,0008-02-13 10:40:00,8,2,13,10,40,420,218,CHAVANON LOUIS,,,Plein jour,En agglomération,Intersection en T,Normale,Autre collision,,,,,,,,,,,1,2,3,1,6
200800008537,0008-02-15 07:38:00,8,2,15,7,38,420,218,FRAISSINETTE ALEXANDRE (,,,Plein jour,En agglomération,Intersection en T,Normale,Autre collision,,,,,,,,,,,1,2,3,1,6
200800008538,0008-02-15 19:04:00,8,2,15,19,4,420,218,"sans, C.C. MONTHIEU",,,Nuit avec éclairage allumé,En agglomération,Hors intersection,Brouillard / fumée,Deux véhicules - côté,,,,,,,,,,,5,2,1,5,3
200800008539,0008-02-19 17:05:00,8,2,19,17,5,420,218,"102, MONTAT (DE LA) A PA",,,Plein jour,En agglomération,Hors intersection,Normale,Deux véhicules - côté,,,,,,,,,,,1,2,1,1,3
200800008540,0008-02-19 11:13:00,8,2,19,11,13,420,218,"14, BERNARD MARTIN",,,Plein jour,En agglomération,Intersection en X,Normale,Autre collision,,,,,,,,,,,1,2,2,1,6
200800008541,0008-02-20 08:19:00,8,2,20,8,19,420,218,"108, PERI GABRIEL A PART",,,Plein jour,En agglomération,Hors intersection,Temps couvert,Autre collision,,,,,,,,,,,1,2,1,8,6
200800008542,0008-02-21 16:00:00,8,2,21,16,0,420,218,VIAL JEAN HIPPOLYTE (PLA,45.26171,4.26228,Plein jour,En agglomération,Place,Normale,Autre collision,,,,,,,,,,,1,2,7,1,6
200800008543,0008-02-21 18:35:00,8,2,21,18,35,420,218,C.C. MONTHIEU,,,Nuit avec éclairage allumé,En agglomération,Hors intersection,Normale,Sans collision,,,,,,,,,,,5,2,1,1,7
200800008544,0008-02-22 18:45:00,8,2,22,18,45,420,218,FRAISSINETTE ALEXANDRE (,,,Nuit avec éclairage allumé,En agglomération,Intersection en T,Normale,Deux véhicules - côté,,,,,,,,,,,5,2,3,1,3
200800008545,0008-02-23 09:42:00,8,2,23,9,42,420,305,ROSTAND JEAN (BOULEVARD),45.28466,4.26535,Plein jour,En agglomération,Intersection en T,Normale,Deux véhicules - côté,,,,,,,,,,,1,2,3,1,3
200800008546,0008-02-26 19:10:00,8,2,26,19,10,420,218,ACIERIES (DES),,,Nuit avec éclairage allumé,En agglomération,Intersection en T,Pluie légère,Deux véhicules - côté,,,,,,,,,,,5,2,3,2,3
200800008547,0008-02-26 20:15:00,8,2,26,20,15,420,237,"1, PIERRE PLANTEE",,,Nuit avec éclairage allumé,En agglomération,Intersection en T,Pluie légère,Deux véhicules - côté,,,,,,,,,,,5,2,3,2,3
200800008548,0008-02-28 12:55:00,8,2,28,12,55,420,218,"29, CROZET BOUSSINGAULT",45.4224,4.40026,Plein jour,En agglomération,Hors intersection,Temps éblouissant,Deux véhicules - frontale,,,,,,,,,,,1,2,1,7,1
200800008549,0008-02-21 07:15:00,8,2,21,7,15,430,157,88 (ROUTE NATIONALE),,,Crépuscule ou aube,En agglomération,Hors intersection,Normale,Trois véhicules et plus - collisions multiples,,,,,,,,,,,2,2,1,1,5
200800008550,0008-02-26 13:40:00,8,2,26,13,40,430,157,88 (ROUTE NATIONALE),,,Plein jour,En agglomération,Intersection en T,Normale,Deux véhicules - côté,,,,,,,,,,,1,2,3,1,3
200800008551,0008-02-17 17:40:00,8,2,17,17,40,440,55,"2, SERBIE ( AVENUE PIERR",,,Crépuscule ou aube,En agglomération,Hors intersection,Normale,Autre collision,,,,,,,,,,,2,2,1,1,6
200800008552,0008-02-24 20:50:00,8,2,24,20,50,440,55,"29, CLEMENCEAU ( AVENUE",,,Nuit avec éclairage allumé,En agglomération,Intersection en X,Pluie légère,Deux véhicules - côté,,,,,,,,,,,5,2,2,2,3
200800008553,0008-02-01 18:10:00,8,2,1,18,10,440,109,RUE GEORGES MELIES,,,Crépuscule ou aube,En agglomération,Hors intersection,Normale,Sans collision,,,,,,,,,,,2,2,1,1,7
200800008554,0008-02-02 05:45:00,8,2,2,5,45,440,109,"00, BOULEVARD VINCENT GA",,,Nuit avec éclairage allumé,En agglomération,Hors intersection,Autre,Autre collision,,,,,,,,,,,5,2,1,9,6
200800008555,0008-02-02 10:40:00,8,2,2,10,40,440,162,RUE HENRI RADIGOIS,,,Plein jour,En agglomération,Hors intersection,Normale,Deux véhicules - côté,,,,,,,,,,,1,2,1,1,3
200800008556,0008-02-08 07:45:00,8,2,8,7,45,440,109,"., AVENUE DE TAHITI",,,Crépuscule ou aube,En agglomération,Hors intersection,Normale,Autre collision,,,,,,,,,,,2,2,1,1,6
200800008557,0008-02-08 21:00:00,8,2,8,21,0,440,109,"1, BOULEVARD DE L'EGALIT",,,Nuit avec éclairage allumé,En agglomération,Hors intersection,Normale,Deux véhicules - côté,,,,,,,,,,,5,2,1,1,3
200800008558,0008-02-09 16:20:00,8,2,9,16,20,440,109,Périphérique,,,Plein jour,Hors agglomération,Hors intersection,Normale,Deux véhicules - arrière,,,,,,,,,,,1,1,1,1,2
200800008559,0008-02-10 15:10:00,8,2,10,15,10,440,109,RUE HECTOR BERLIOZ,,,Plein jour,En agglomération,Giratoire,Normale,Deux véhicules - côté,,,,,,,,,,,1,2,6,1,3
200800008560,0008-02-12 08:50:00,8,2,12,8,50,440,190,"8, RUE DU DOUET",,,Plein jour,En agglomération,Hors intersection,Normale,Autre collision,,,,,,,,,,,1,2,1,1,6
200800008561,0008-02-12 12:10:00,8,2,12,12,10,440,109,", QUAI DE LA FOSSE",,,Plein jour,En agglomération,Hors intersection,Normale,Autre collision,,,,,,,,,,,1,2,1,1,6
200800008562,0008-02-11 15:20:00,8,2,11,15,20,440,114,"-, ROUTE DE RENNES",,,Plein jour,En agglomération,Hors intersection,Normale,Autre collision,,,,,,,,,,,1,2,1,1,6
200800008563,0008-02-12 14:00:00,8,2,12,14,0,440,143,"34, RUE JEAN JAURES",,,Plein jour,En agglomération,Intersection en T,Normale,Autre collision,,,,,,,,,,,1,2,3,1,6
200800008564,0008-02-13 08:00:00,8,2,13,8,0,440,109,"18, RUE FRANKLIN",,,Crépuscule ou aube,En agglomération,Hors intersection,Normale,Autre collision,,,,,,,,,,,2,2,1,1,6
200800008565,0008-02-12 20:30:00,8,2,12,20,30,440,109,BD MARTYRS N. DE LA RESI,,,Nuit avec éclairage allumé,En agglomération,Intersection en X,Normale,Deux véhicules - côté,,,,,,,,,,,5,2,2,1,3
200800008566,0008-02-13 19:30:00,8,2,13,19,30,440,109,"., BOULEVARD GUY MOLLET",,,Nuit avec éclairage allumé,En agglomération,Giratoire,Normale,Sans collision,,,,,,,,,,,5,2,6,1,7
200800008567,0008-02-13 12:15:00,8,2,13,12,15,440,162,"-, RUE DE LA CHICOTIERE",,,Plein jour,En agglomération,Hors intersection,Normale,Autre collision,,,,,,,,,,,1,2,1,1,6
200800008568,0008-02-16 21:05:00,8,2,16,21,5,440,109,"57, BOULEVARD PIERRE DE",,,Nuit avec éclairage allumé,En agglomération,Hors intersection,Normale,Autre collision,,,,,,,,,,,5,2,1,1,6
200800008569,0008-02-16 19:30:00,8,2,16,19,30,440,109,"0, BOULEVARD DE LONGCHAM",,,Nuit avec éclairage allumé,En agglomération,Intersection en X,Normale,Deux véhicules - côté,,,,,,,,,,,5,2,2,1,3
200800008570,0008-02-16 22:35:00,8,2,16,22,35,440,162,"12, RUE AMBROISE PARE",,,Nuit avec éclairage allumé,En agglomération,Hors intersection,Normale,Autre collision,,,,,,,,,,,5,2,1,1,6
200800008571,0008-02-13 13:30:00,8,2,13,13,30,440,114,RD 26,,,Plein jour,Hors agglomération,Hors intersection,Normale,Autre collision,,,,,,,,,,,1,1,1,1,6
200800008572,0008-02-18 20:05:00,8,2,18,20,5,440,143,RUE MAURICE JOUAUD,,,Nuit avec éclairage allumé,En agglomération,Intersection en T,Normale,Autre collision,,,,,,,,,,,5,2,3,1,6
200800008573,0008-02-19 15:45:00,8,2,19,15,45,440,109,RUE DES 3 CROISSANTS,,,Plein jour,En agglomération,Intersection en X,Normale,Autre collision,,,,,,,,,,,1,2,2,1,6
200800008574,0008-02-20 10:20:00,8,2,20,10,20,440,109,"1, RUE DU LANDREAU",,,Plein jour,En agglomération,Hors intersection,Normale,Deux véhicules - frontale,,,,,,,,,,,1,2,1,1,1
200800008575,0008-02-16 16:55:00,8,2,16,16,55,440,114,"281, ROUTE DE VANNES",,,Plein jour,En agglomération,Hors intersection,Normale,Deux véhicules - côté,,,,,,,,,,,1,2,1,1,3
200800008576,0008-02-22 13:15:00,8,2,22,13,15,440,109,"215, BOULEVARD JULES VER",,,Plein jour,En agglomération,Hors intersection,Normale,Autre collision,,,,,,,,,,,1,2,1,1,6
200800008577,0008-02-24 19:40:00,8,2,24,19,40,440,143,"., PERIPHERIQUE",,,Nuit avec éclairage allumé,Hors agglomération,Hors intersection,Pluie légère,Deux véhicules - arrière,,,,,,,,,,,5,1,1,2,2
200800008578,0008-02-24 17:05:00,8,2,24,17,5,440,109,"15, RUE LEON BLUM",,,Plein jour,En agglomération,Hors intersection,Normale,Deux véhicules - arrière,,,,,,,,,,,1,2,1,1,2
200800008579,0008-02-20 06:25:00,8,2,20,6,25,440,109,PERIPHERIQUE,,,Nuit sans éclairage public,Hors agglomération,Hors intersection,Normale,Deux véhicules - arrière,,,,,,,,,,,3,1,1,1,2
200800008580,0008-02-26 08:15:00,8,2,26,8,15,440,109,"196, ROUTE DE SAINT JOSE",,,Crépuscule ou aube,En agglomération,Hors intersection,Pluie forte,Autre collision,,,,,,,,,,,2,2,1,3,6
200800008581,0008-02-19 15:40:00,8,2,19,15,40,440,190,RUE MARIE CURIE,,,Plein jour,En agglomération,Hors intersection,Normale,Autre collision,,,,,,,,,,,1,2,1,1,6
200800008582,0008-02-21 07:25:00,8,2,21,7,25,440,114,"-, CHEMIN DU PLESSIS BUR",,,Nuit sans éclairage public,Hors agglomération,Hors intersection,Normale,Autre collision,,,,,,,,,,,3,1,1,1,6
200800008583,0008-02-29 21:45:00,8,2,29,21,45,440,143,"26, AVENUE DE LA LIBERAT",,,Nuit avec éclairage allumé,En agglomération,Hors intersection,Pluie légère,Autre collision,,,,,,,,,,,5,2,1,2,6
200800008584,0008-02-29 19:45:00,8,2,29,19,45,440,162,PERIPHERIQUE INTERIEUR,,,Nuit avec éclairage allumé,Hors agglomération,Hors intersection,Normale,Deux véhicules - arrière,,,,,,,,,,,5,1,1,1,2
200800008585,0008-02-01 11:50:00,8,2,1,11,50,440,184,UNIVERSITÉ (BOULEVARD DE,,,Plein jour,En agglomération,Intersection en X,Pluie légère,Deux véhicules - côté,,,,,,,,,,,1,2,2,2,3
200800008586,0008-02-01 18:47:00,8,2,1,18,47,440,184,MAUDES (RUE DE),,,Nuit avec éclairage allumé,En agglomération,Hors intersection,Normale,Autre collision,,,,,,,,,,,5,2,1,1,6
200800008587,0008-02-02 13:55:00,8,2,2,13,55,440,184,PAIX ET DES ARTS (RUE DE,,,Plein jour,En agglomération,Intersection en X,Normale,Deux véhicules - côté,,,,,,,,,,,1,2,2,1,3
200800008588,0008-02-06 12:00:00,8,2,6,12,0,440,184,POINT DU JOUR (ROUTE DU),,,Plein jour,Hors agglomération,Intersection en X,Normale,Trois véhicules et plus - collisions multiples,,,,,,,,,,,1,1,2,1,5
200800008589,0008-02-08 19:10:00,8,2,8,19,10,440,184,"02, MAUPERTUIS (BD DE) D",,,Nuit avec éclairage allumé,En agglomération,Hors intersection,Normale,Deux véhicules - côté,,,,,,,,,,,5,2,1,1,3
200800008590,0008-02-18 23:45:00,8,2,18,23,45,440,184,"90, GAUTIER (RUE HENRI)",,,Nuit avec éclairage allumé,En agglomération,Hors intersection,Normale,Autre collision,,,,,,,,,,,5,2,1,1,6
200800008591,0008-02-20 10:40:00,8,2,20,10,40,440,184,FAURÉ (RUE GABRIEL),,,Plein jour,En agglomération,Intersection en T,Normale,Deux véhicules - côté,,,,,,,,,,,1,2,3,1,3
200800008592,0008-02-02 11:00:00,8,2,2,11,0,450,234,"24-26, DAUPHINE (AVENUE)",,,Plein jour,En agglomération,Hors intersection,Normale,Deux véhicules - côté,,,,,,,,,,,1,2,1,1,3
200800008593,0008-02-04 10:50:00,8,2,4,10,50,450,147,"521, BANNIER (RUE DU FAU",,,Plein jour,En agglomération,Giratoire,Pluie légère,Autre collision,,,,,,,,,,,1,2,6,2,6
200800008594,0008-02-04 22:00:00,8,2,4,22,0,450,234,CHATEAUDUN (BOULEVARD DE,,,Nuit avec éclairage allumé,En agglomération,Intersection en T,Normale,Autre collision,,,,,,,,,,,5,2,3,1,6
200800008595,0008-02-05 07:30:00,8,2,5,7,30,450,234,"2, BELMONDO (RUE PAUL)",,,Nuit avec éclairage allumé,En agglomération,Hors intersection,Pluie légère,Autre collision,,,,,,,,,,,5,2,1,2,6
200800008596,0008-02-07 15:00:00,8,2,7,15,0,450,234,"21bis, JAURES (BOULEVARD",,,Plein jour,En agglomération,Hors intersection,Normale,Autre collision,,,,,,,,,,,1,2,1,1,6
200800008597,0008-02-09 12:35:00,8,2,9,12,35,450,302,"783, BOIS JOLY (RUE DU)",,,Plein jour,En agglomération,Hors intersection,Normale,Deux véhicules - côté,,,,,,,,,,,1,2,1,1,3
200800008598,0008-02-08 21:56:00,8,2,8,21,56,450,147,"113bis, VERDUN (RUE DE V",,,Nuit avec éclairage allumé,En agglomération,Hors intersection,Normale,Deux véhicules - côté,,,,,,,,,,,5,2,1,1,3
200800008599,0008-02-08 21:05:00,8,2,8,21,5,450,235,PASSEE A BALANCE (RUE),,,Nuit avec éclairage allumé,En agglomération,Hors intersection,Normale,Deux véhicules - côté,,,,,,,,,,,5,2,1,1,3
200800008600,0008-02-08 18:00:00,8,2,8,18,0,450,234,PRESIDENT KENNEDY (AVENU,,,Nuit avec éclairage allumé,En agglomération,Intersection en X,Normale,Deux véhicules - côté,,,,,,,,,,,5,2,2,1,3
200800008601,0008-02-12 16:25:00,8,2,12,16,25,450,232,R.N. 271,,,Plein jour,En agglomération,Intersection en X,Normale,Deux véhicules - côté,,,,,,,,,,,1,2,2,1,3
200800008602,0008-02-13 07:20:00,8,2,13,7,20,450,302,CHEVALLIER (RUE LOUIS),,,Crépuscule ou aube,En agglomération,Hors intersection,Normale,Autre collision,,,,,,,,,,,2,2,1,1,6
200800008603,0008-02-12 14:30:00,8,2,12,14,30,450,234,"27, LIBERATION (AVENUE D",,,Plein jour,En agglomération,Hors intersection,Normale,Trois véhicules et plus - en chaîne,,,,,,,,,,,1,2,1,1,4
200800008604,0008-02-13 17:25:00,8,2,13,17,25,450,75,ORLEANS (ROUTE D'ORLEANS,,,Plein jour,En agglomération,Hors intersection,Normale,Trois véhicules et plus - en chaîne,,,,,,,,,,,1,2,1,1,4
200800008605,0008-02-15 13:25:00,8,2,15,13,25,450,147,"47 bis, BERTHELOT (RUE M",,,Plein jour,En agglomération,Intersection en X,Normale,Trois véhicules et plus - collisions multiples,,,,,,,,,,,1,2,2,1,5
200800008606,0008-02-19 19:25:00,8,2,19,19,25,450,285,RN 60,,,Nuit avec éclairage allumé,Hors agglomération,Hors intersection,Normale,Deux véhicules - arrière,,,,,,,,,,,5,1,1,1,2
200800008607,0008-02-20 19:40:00,8,2,20,19,40,450,285,CIRERIE (RUE DE LA),,,Nuit avec éclairage allumé,En agglomération,Intersection en X,Pluie légère,Deux véhicules - côté,,,,,,,,,,,5,2,2,2,3
200800008608,0008-02-22 19:30:00,8,2,22,19,30,450,169,CHAPELLE (RUE DE LA),,,Nuit avec éclairage allumé,En agglomération,Hors intersection,Normale,Deux véhicules - frontale,,,,,,,,,,,5,2,1,1,1
200800008609,0008-02-23 00:55:00,8,2,23,0,55,450,286,GALLOUX (AVENUE GASTON),,,Plein jour,En agglomération,Hors intersection,Normale,Deux véhicules - frontale,,,,,,,,,,,1,2,1,1,1
200800008610,0008-02-25 14:40:00,8,2,25,14,40,450,147,LAMARTINE (RUE),,,Plein jour,En agglomération,Intersection en T,Normale,Deux véhicules - côté,,,,,,,,,,,1,2,3,1,3
200800008611,0008-02-27 12:00:00,8,2,27,12,0,450,284,"23, ROSTAND (BOULEVARD J",,,Plein jour,En agglomération,Giratoire,Normale,Deux véhicules - côté,,,,,,,,,,,1,2,6,1,3
200800008612,0008-02-29 10:30:00,8,2,29,10,30,450,302,ROUTE NATIONALE 20,,,Plein jour,En agglomération,Intersection en X,Pluie légère,Trois véhicules et plus - collisions multiples,,,,,,,,,,,1,2,2,2,5
200800008613,0008-02-04 07:50:00,8,2,4,7,50,460,42,CHAMPOLLION (QUAI),,,Crépuscule ou aube,En agglomération,Hors intersection,Pluie légère,Autre collision,,,,,,,,,,,2,2,1,2,6
200800008614,0008-02-08 17:30:00,8,2,8,17,30,460,42,Parking Carrefour,,,Plein jour,En agglomération,Hors intersection,Normale,Deux véhicules - côté,,,,,,,,,,,1,2,1,1,3
200800008615,0008-02-14 08:10:00,8,2,14,8,10,460,42,"294, CAVAIGNAC (QUAI EUG",,,Plein jour,En agglomération,Hors intersection,Normale,Deux véhicules - côté,,,,,,,,,,,1,2,1,1,3
200800008616,0008-02-16 11:30:00,8,2,16,11,30,460,42,"1, MENDES-FRANCE (RUEPIE",,,Plein jour,En agglomération,Hors intersection,Normale,Deux véhicules - côté,,,,,,,,,,,1,2,1,1,3
200800008617,0008-02-17 22:17:00,8,2,17,22,17,460,42,Départementale 911,,,Nuit sans éclairage public,Hors agglomération,Hors intersection,Normale,Sans collision,,,,,,,,,,,3,1,1,1,7
200800008618,0008-02-21 08:15:00,8,2,21,8,15,460,42,SAINT GERY,,,Plein jour,En agglomération,Hors intersection,Normale,Deux véhicules - côté,,,,,,,,,,,1,2,1,1,3
200800008619,0008-02-21 12:05:00,8,2,21,12,5,460,42,"213, BASTIE (AVENUE MARY",,,Plein jour,En agglomération,Hors intersection,Normale,Deux véhicules - côté,,,,,,,,,,,1,2,1,1,3
200800008620,0008-02-24 16:30:00,8,2,24,16,30,460,42,départementale 653 (caho,,,Plein jour,Hors agglomération,Hors intersection,Normale,Autre collision,,,,,,,,,,,1,1,1,1,6
200800008621,0008-02-11 18:30:00,8,2,11,18,30,460,42,"29, GAMBETTA (BOULEVARD",,,Crépuscule ou aube,En agglomération,Hors intersection,Normale,Deux véhicules - côté,,,,,,,,,,,2,2,1,1,3
200800008622,0008-02-29 07:45:00,8,2,29,7,45,460,42,Départementale 811,,,Crépuscule ou aube,Hors agglomération,Hors intersection,Normale,Trois véhicules et plus - collisions multiples,,,,,,,,,,,2,1,1,1,5
200800008623,0008-02-04 08:25:00,8,2,4,8,25,470,323,ROMAS,,,Nuit sans éclairage public,En agglomération,Hors intersection,Pluie légère,Autre collision,,,,,,,,,,,3,2,1,2,6