accident_id,datetime,annee,mois,jour,heure,minute,departement,commune_insee,adresse,latitude,longitude,luminosite,agglomeration,intersection,meteo,collision,nb_vehicules,nb_usagers,nb_indemnes,nb_tues,nb_blesses_hosp,nb_blesses_legers,age_cond_1,age_cond_2,veh_type_cond_1,veh_type_cond_2,lum_code,agg_code,int_code,atm_code,col_code
200800008887,0008-02-07 14:15:00,8,2,7,14,15,590,328,"00, PONT ROYAL RUE",,,Plein jour,Hors agglomération,Hors intersection,Normale,Autre collision,,,,,,,,,,,1,1,1,1,6
200800008888,0008-02-08 18:01:00,8,2,8,18,1,590,368,"00, SCHUMAN ROBERT BOULE",,,Plein jour,En agglomération,Intersection en Y,Normale,Autre collision,,,,,,,,,,,1,2,4,1,6
200800008889,0008-02-08 18:00:00,8,2,8,18,0,590,507,CLEMENCEAU RUE,,,Nuit avec éclairage allumé,En agglomération,Hors intersection,Normale,Autre collision,,,,,,,,,,,5,2,1,1,6
200800008890,0008-02-08 19:00:00,8,2,8,19,0,590,350,MERCIER ALPHONSE RUE,,,Nuit avec éclairage non allumé,En agglomération,Intersection en T,Normale,Deux véhicules - côté,,,,,,,,,,,4,2,3,1,3
200800008891,0008-02-09 02:10:00,8,2,9,2,10,590,9,"00, FLANDRE AVENUEE DE",,,Nuit avec éclairage allumé,En agglomération,Hors intersection,Normale,Autre collision,,,,,,,,,,,5,2,1,1,6
200800008892,0008-02-09 12:00:00,8,2,9,12,0,590,350,MOLINEL RUE DU,,,Plein jour,En agglomération,Hors intersection,Normale,Autre collision,,,,,,,,,,,1,2,1,1,6
200800008893,0008-02-10 19:30:00,8,2,10,19,30,590,648,JAURES JEAN RUE,,,Nuit avec éclairage allumé,En agglomération,Intersection en X,Normale,Deux véhicules - côté,,,,,,,,,,,5,2,2,1,3
200800008894,0008-02-11 22:25:00,8,2,11,22,25,590,350,"35, SALENGRO ROGER RUE",,,Nuit avec éclairage allumé,En agglomération,Hors intersection,Normale,Autre collision,,,,,,,,,,,5,2,1,1,6
200800008895,0008-02-11 15:45:00,8,2,11,15,45,590,9,JAURES JEAN RUE AVANT LE,,,Plein jour,En agglomération,Intersection en T,Normale,Deux véhicules - côté,,,,,,,,,,,1,2,3,1,3
200800008896,0008-02-12 15:00:00,8,2,12,15,0,590,350,GANDHI RUE,,,Plein jour,En agglomération,Intersection en X,Normale,Trois véhicules et plus - collisions multiples,,,,,,,,,,,1,2,2,1,5
200800008897,0008-02-12 18:10:00,8,2,12,18,10,590,350,"01, REPUBLIQUE AVENUE DE",,,Crépuscule ou aube,En agglomération,Hors intersection,Normale,Autre collision,,,,,,,,,,,2,2,1,1,6
200800008898,0008-02-05 17:45:00,8,2,5,17,45,590,350,POSTES RUE N° RESTE,,,Nuit avec éclairage allumé,En agglomération,Intersection en X,Normale,Deux véhicules - côté,,,,,,,,,,,5,2,2,1,3
200800008899,0008-02-13 08:50:00,8,2,13,8,50,590,527,"5, GAMBETTA LEON RUE",,,Plein jour,En agglomération,Hors intersection,Normale,Autre collision,,,,,,,,,,,1,2,1,1,6
200800008900,0008-02-14 09:10:00,8,2,14,9,10,590,350,CORMONTAIGNE PLACE,,,Plein jour,Hors agglomération,Hors intersection,Normale,Deux véhicules - arrière,,,,,,,,,,,1,1,1,1,2
200800008901,0008-02-14 21:25:00,8,2,14,21,25,590,9,TOURNAI BOULEVARD DE,,,Nuit avec éclairage allumé,En agglomération,Hors intersection,Normale,Autre collision,,,,,,,,,,,5,2,1,1,6
200800008902,0008-02-15 16:20:00,8,2,15,16,20,590,350,REPUBLIQUE PLACE DE LA,,,Plein jour,En agglomération,Intersection en X,Normale,Autre collision,,,,,,,,,,,1,2,2,1,6
200800008903,0008-02-16 09:10:00,8,2,16,9,10,590,560,BOUVRY ROGER RUE,,,Plein jour,En agglomération,Intersection en X,Normale,Autre collision,,,,,,,,,,,1,2,2,1,6
200800008904,0008-02-16 11:40:00,8,2,16,11,40,590,9,FUSILLES RUE DES DU N° 2,,,Plein jour,En agglomération,Intersection en X,Normale,Deux véhicules - côté,,,,,,,,,,,1,2,2,1,3
200800008905,0008-02-16 18:00:00,8,2,16,18,0,590,9,"11, HEM RUE D",,,Nuit avec éclairage allumé,En agglomération,Hors intersection,Normale,Autre collision,,,,,,,,,,,5,2,1,1,6
200800008906,0008-02-17 16:30:00,8,2,17,16,30,590,350,KUHLMANN RUE,,,Plein jour,En agglomération,Hors intersection,Normale,Deux véhicules - arrière,,,,,,,,,,,1,2,1,1,2
200800008907,0008-02-18 07:40:00,8,2,18,7,40,590,378,NATIONALE RUE,,,Plein jour,En agglomération,Hors intersection,Normale,Autre collision,,,,,,,,,,,1,2,1,1,6
200800008908,0008-02-19 10:30:00,8,2,19,10,30,590,196,"FUSILLES , rue des",,,Plein jour,En agglomération,Hors intersection,Normale,Sans collision,,,,,,,,,,,1,2,1,1,7
200800008909,0008-02-18 19:00:00,8,2,18,19,0,590,507,"001, LESQUIN RUE DE",,,Crépuscule ou aube,En agglomération,Intersection en X,Normale,Deux véhicules - côté,,,,,,,,,,,2,2,2,1,3
200800008910,0008-02-19 15:15:00,8,2,19,15,15,590,507,"3, CARNOT SADI RUE",,,Plein jour,En agglomération,Hors intersection,Normale,Deux véhicules - côté,,,,,,,,,,,1,2,1,1,3
200800008911,0008-02-20 10:45:00,8,2,20,10,45,590,378,"001, BAILLY ALBERT RUE",,,Plein jour,En agglomération,Hors intersection,Normale,Autre collision,,,,,,,,,,,1,2,1,1,6
200800008912,0008-02-20 18:10:00,8,2,20,18,10,590,507,"00, JAURES JEAN RUE",,,Nuit avec éclairage non allumé,En agglomération,Intersection en X,Normale,Autre collision,,,,,,,,,,,4,2,2,1,6
200800008913,0008-02-21 13:30:00,8,2,21,13,30,590,378,"468 Ter, BAILLY ALBERT R",,,Plein jour,En agglomération,Hors intersection,Normale,Autre collision,,,,,,,,,,,1,2,1,1,6
200800008914,0008-02-21 13:55:00,8,2,21,13,55,590,350,"00, CORBUSIER AVENUE LE",,,Plein jour,En agglomération,Intersection en X,Temps couvert,Autre collision,,,,,,,,,,,1,2,2,8,6
200800008915,0008-02-22 13:10:00,8,2,22,13,10,590,378,"55, FLANDRE AVENUE DE",,,Plein jour,En agglomération,Hors intersection,Normale,Autre collision,,,,,,,,,,,1,2,1,1,6
200800008916,0008-02-17 16:40:00,8,2,17,16,40,590,286,"44, CANTERAINE RUE DE LA",,,Plein jour,En agglomération,Hors intersection,Normale,Autre collision,,,,,,,,,,,1,2,1,1,6
200800008917,0008-02-22 08:55:00,8,2,22,8,55,590,350,"130, POSTES RUE N° RESTE",,,Plein jour,En agglomération,Hors intersection,Normale,Deux véhicules - arrière,,,,,,,,,,,1,2,1,1,2
200800008918,0008-02-25 07:40:00,8,2,25,7,40,590,350,"247, POT RUE LONG",,,Plein jour,En agglomération,Hors intersection,Normale,Autre collision,,,,,,,,,,,1,2,1,1,6
200800008919,0008-02-25 13:15:00,8,2,25,13,15,590,360,FOCH RUE DU MARECHAL,,,Plein jour,En agglomération,Intersection en T,Normale,Autre collision,,,,,,,,,,,1,2,3,1,6
200800008920,0008-02-26 07:10:00,8,2,26,7,10,590,9,"120, OUEST BOULEVARD DE",,,Crépuscule ou aube,En agglomération,Hors intersection,Pluie légère,Deux véhicules - arrière,,,,,,,,,,,2,2,1,2,2
200800008921,0008-02-26 12:25:00,8,2,26,12,25,590,9,DE VALMY BOULEVARD,,,Plein jour,Hors agglomération,Hors intersection,Pluie légère,Autre collision,,,,,,,,,,,1,1,1,2,6
200800008922,0008-02-26 07:30:00,8,2,26,7,30,590,350,LEZENNES BOULEVARD DE,,,Plein jour,En agglomération,Hors intersection,Pluie légère,Autre collision,,,,,,,,,,,1,2,1,2,6
200800008923,0008-02-26 14:20:00,8,2,26,14,20,590,360,REPUBLIQUE BOULEVARD DE,,,Plein jour,En agglomération,Intersection en X,Normale,Deux véhicules - côté,,,,,,,,,,,1,2,2,1,3
200800008924,0008-02-26 16:45:00,8,2,26,16,45,590,328,CARNOY RUE DE LA N°2 AU,,,Plein jour,En agglomération,Hors intersection,Normale,Deux véhicules - arrière,,,,,,,,,,,1,2,1,1,2
200800008925,0008-02-26 16:50:00,8,2,26,16,50,590,350,"254, SALENGRO ROGER AVEN",,,Plein jour,En agglomération,Intersection en Y,Normale,Autre collision,,,,,,,,,,,1,2,4,1,6
200800008926,0008-02-15 16:30:00,8,2,15,16,30,590,328,"73, SAINTE CECILE AVENUE",,,Plein jour,En agglomération,Hors intersection,Normale,Deux véhicules - frontale,,,,,,,,,,,1,2,1,1,1
200800008927,0008-02-27 09:45:00,8,2,27,9,45,590,9,"001, REPUBLIQUE PLACE DE",,,Plein jour,En agglomération,Hors intersection,Normale,Autre collision,,,,,,,,,,,1,2,1,1,6
200800008928,0008-02-27 16:10:00,8,2,27,16,10,590,350,"237, NATIONALE RUE N°RES",,,Plein jour,En agglomération,Intersection en T,Normale,Autre collision,,,,,,,,,,,1,2,3,1,6
200800008929,0008-02-28 09:50:00,8,2,28,9,50,590,9,"001, LABROUSSE RUE DES E",,,Plein jour,En agglomération,Hors intersection,Normale,Autre collision,,,,,,,,,,,1,2,1,1,6
200800008930,0008-02-28 13:15:00,8,2,28,13,15,590,350,"001, FAUBOURG DE ROUBAIX",,,Plein jour,En agglomération,Hors intersection,Normale,Deux véhicules - côté,,,,,,,,,,,1,2,1,1,3
200800008931,0008-02-28 16:40:00,8,2,28,16,40,590,350,"38, FAUBOURG DES POSTES",,,Plein jour,En agglomération,Hors intersection,Pluie légère,Autre collision,,,,,,,,,,,1,2,1,2,6
200800008932,0008-02-29 17:35:00,8,2,29,17,35,590,378,"944, REPUBLIQUE AV DE LA",,,Plein jour,En agglomération,Hors intersection,Normale,Autre collision,,,,,,,,,,,1,2,1,1,6
200800008933,0008-02-15 08:30:00,8,2,15,8,30,590,648,"001, CLEMENCEAU RUE",,,Crépuscule ou aube,En agglomération,Intersection en X,Normale,Deux véhicules - côté,,,,,,,,,,,2,2,2,1,3
200800008934,0008-02-29 07:30:00,8,2,29,7,30,590,350,VAUBAN BOULEVARD N° REST,,,Plein jour,En agglomération,Intersection en X,Normale,Deux véhicules - côté,,,,,,,,,,,1,2,2,1,3
200800008935,0008-02-17 17:45:00,8,2,17,17,45,590,21,"22, MARECHAL DELATTRE (A",,,Plein jour,En agglomération,Intersection en T,Normale,Deux véhicules - côté,,,,,,,,,,,1,2,3,1,3
200800008936,0008-02-19 17:20:00,8,2,19,17,20,590,291,"15, ZAMENHOF (RUE)",,,Plein jour,En agglomération,Intersection en T,Normale,Deux véhicules - côté,,,,,,,,,,,1,2,3,1,3
200800008937,0008-02-28 20:55:00,8,2,28,20,55,590,291,"13, LANDRECIES (ROUTE DE",,,Nuit avec éclairage allumé,En agglomération,Hors intersection,Pluie forte,Autre collision,,,,,,,,,,,5,2,1,3,6
200800008938,0008-02-01 07:35:00,8,2,1,7,35,590,392,"150, FEIGNIES (ROUTE DE)",,,Crépuscule ou aube,En agglomération,Hors intersection,Pluie légère,Sans collision,,,,,,,,,,,2,2,1,2,7
200800008939,0008-02-07 20:20:00,8,2,7,20,20,590,543,GERMAIN HUFTIER (RUE),,,Plein jour,En agglomération,Hors intersection,Normale,Trois véhicules et plus - collisions multiples,,,,,,,,,,,1,2,1,1,5
200800008940,0008-02-01 19:50:00,8,2,1,19,50,590,646,MARNE (AVENUE DE LA),,,Nuit avec éclairage allumé,Hors agglomération,Hors intersection,Normale,Autre collision,,,,,,,,,,,5,1,1,1,6
200800008941,0008-02-05 12:05:00,8,2,5,12,5,590,512,BAVAI (RUE DE),,,Plein jour,En agglomération,Intersection en X,Pluie forte,Deux véhicules - côté,,,,,,,,,,,1,2,2,3,3
200800008942,0008-02-02 12:00:00,8,2,2,12,0,590,512,TOURCOING (RUE DE),,,Plein jour,Hors agglomération,Intersection en T,Normale,Trois véhicules et plus - en chaîne,,,,,,,,,,,1,1,3,1,4
200800008943,0008-02-01 08:39:00,8,2,1,8,39,590,512,GUESDE (RUE JULES),,,Plein jour,En agglomération,Intersection en X,Normale,Autre collision,,,,,,,,,,,1,2,2,1,6
200800008944,0008-02-01 07:55:00,8,2,1,7,55,590,646,JAURES (RUE JEAN),,,Nuit avec éclairage allumé,Hors agglomération,Intersection en X,Temps couvert,Autre collision,,,,,,,,,,,5,1,2,8,6
200800008945,0008-02-11 12:18:00,8,2,11,12,18,590,650,ARTS (RUE DES),,,Plein jour,Hors agglomération,Intersection en X,Normale,Deux véhicules - côté,,,,,,,,,,,1,1,2,1,3
200800008946,0008-02-09 21:30:00,8,2,9,21,30,590,512,NATIONS UNIES (AVENUE DE,,,Nuit avec éclairage allumé,Hors agglomération,Intersection en X,Normale,Deux véhicules - arrière,,,,,,,,,,,5,1,2,1,2
200800008947,0008-02-11 18:35:00,8,2,11,18,35,590,512,LORRAINE (RUE DE),,,Plein jour,Hors agglomération,Intersection en T,Normale,Trois véhicules et plus - collisions multiples,,,,,,,,,,,1,1,3,1,5
200800008948,0008-02-11 13:10:00,8,2,11,13,10,590,650,MARTINOIRE (RUE DE LA),,,Plein jour,Hors agglomération,Hors intersection,Normale,Autre collision,,,,,,,,,,,1,1,1,1,6
200800008949,0008-02-13 09:00:00,8,2,13,9,0,590,299,LECLERC (RUE DU GENERAL),,,Plein jour,En agglomération,Intersection en T,Normale,Deux véhicules - côté,,,,,,,,,,,1,2,3,1,3
200800008950,0008-02-15 16:30:00,8,2,15,16,30,590,512,LANNOY (RUE DE ),,,Plein jour,En agglomération,Intersection en T,Normale,Autre collision,,,,,,,,,,,1,2,3,1,6
200800008951,0008-02-17 16:45:00,8,2,17,16,45,590,650,MONT A LEUX (RUE DU),,,Plein jour,Hors agglomération,Intersection en X,Normale,Autre collision,,,,,,,,,,,1,1,2,1,6
200800008952,0008-02-19 07:05:00,8,2,19,7,5,590,299,GARROS (RUE ROLAND),,,Nuit avec éclairage allumé,Hors agglomération,Intersection en T,Normale,Deux véhicules - côté,,,,,,,,,,,5,1,3,1,3
200800008953,0008-02-23 13:15:00,8,2,23,13,15,590,646,MENDES FRANCE (PLACE),,,Plein jour,En agglomération,Intersection en X,Normale,Autre collision,,,,,,,,,,,1,2,2,1,6
200800008954,0008-02-22 01:00:00,8,2,22,1,0,590,650,HUIT MAI (RUE DU),,,Nuit avec éclairage allumé,Hors agglomération,Intersection en X,Normale,Autre collision,,,,,,,,,,,5,1,2,1,6
200800008955,0008-02-22 21:25:00,8,2,22,21,25,590,512,CARNOT (PLACE),,,Nuit avec éclairage allumé,Hors agglomération,Intersection en X,Normale,Deux véhicules - côté,,,,,,,,,,,5,1,2,1,3
200800008956,0008-02-22 17:40:00,8,2,22,17,40,590,299,TROIS FERMES (RUE DES),,,Plein jour,Hors agglomération,Hors intersection,Normale,Deux véhicules - côté,,,,,,,,,,,1,1,1,1,3
200800008957,0008-02-23 15:25:00,8,2,23,15,25,590,512,MOTTE (AVENUE ALFRED),,,Plein jour,Hors agglomération,Hors intersection,Normale,Autre collision,,,,,,,,,,,1,1,1,1,6
200800008958,0008-02-07 14:30:00,8,2,7,14,30,590,512,GRAND PLACE,,,Plein jour,En agglomération,Hors intersection,Normale,Autre collision,,,,,,,,,,,1,2,1,1,6
200800008959,0008-02-28 19:35:00,8,2,28,19,35,590,512,FOSSE AUX CHENES  (AVENU,,,Nuit avec éclairage allumé,Hors agglomération,Hors intersection,Normale,Deux véhicules - côté,,,,,,,,,,,5,1,1,1,3
200800008960,0008-02-26 17:00:00,8,2,26,17,0,590,512,TOURCOING (RUE DE),,,Plein jour,Hors agglomération,Hors intersection,Normale,Deux véhicules - côté,,,,,,,,,,,1,1,1,1,3
200800008961,0008-02-28 20:40:00,8,2,28,20,40,590,512,BLANCHEMAILLE (RUE DE),,,Nuit avec éclairage allumé,Hors agglomération,Hors intersection,Pluie légère,Autre collision,,,,,,,,,,,5,1,1,2,6
200800008962,0008-02-29 19:50:00,8,2,29,19,50,590,650,BASANOS (RUE DES),,,Nuit avec éclairage allumé,Hors agglomération,Intersection en X,Pluie forte,Deux véhicules - côté,,,,,,,,,,,5,1,2,3,3
200800008963,0008-02-04 12:25:00,8,2,4,12,25,590,574,"30, GAMBETTA (RUE)",,,Plein jour,En agglomération,Intersection en X,Normale,Deux véhicules - côté,,,,,,,,,,,1,2,2,1,3
200800008964,0008-02-23 01:25:00,8,2,23,1,25,590,501,"01, RENE CABY (RUE)",,,Nuit avec éclairage allumé,En agglomération,Intersection en T,Normale,Autre collision,,,,,,,,,,,5,2,3,1,6
200800008965,0008-02-01 13:25:00,8,2,1,13,25,590,599,TURENNE (RUE DE),,,Plein jour,En agglomération,Hors intersection,Normale,Deux véhicules - côté,,,,,,,,,,,1,2,1,1,3
200800008966,0008-02-03 13:50:00,8,2,3,13,50,590,508,LINSELLES (RUE DE),,,Plein jour,En agglomération,Hors intersection,Normale,Deux véhicules - frontale,,,,,,,,,,,1,2,1,1,1
200800008967,0008-02-05 07:45:00,8,2,5,7,45,590,599,"118, GAND (RUE DE)",,,Crépuscule ou aube,En agglomération,Intersection en T,Pluie légère,Deux véhicules - frontale,,,,,,,,,,,2,2,3,2,1
200800008968,0008-02-10 14:50:00,8,2,10,14,50,590,599,"140, GRAMME (CHAUSSEE)",,,Plein jour,En agglomération,Hors intersection,Normale,Deux véhicules - arrière,,,,,,,,,,,1,2,1,1,2
200800008969,0008-02-16 10:30:00,8,2,16,10,30,590,421,POILUS (RUE DES),,,Plein jour,En agglomération,Hors intersection,Normale,Autre collision,,,,,,,,,,,1,2,1,1,6
200800008970,0008-02-17 17:55:00,8,2,17,17,55,590,599,"166, TESTELIN (RUE ACHIL",,,Crépuscule ou aube,En agglomération,Hors intersection,Temps éblouissant,Deux véhicules - frontale,,,,,,,,,,,2,2,1,7,1
200800008971,0008-02-25 18:30:00,8,2,25,18,30,590,599,"10, BAVAI (RUE DE)",,,Plein jour,En agglomération,Hors intersection,Normale,Autre collision,,,,,,,,,,,1,2,1,1,6
200800008972,0008-02-27 12:15:00,8,2,27,12,15,590,599,LEGLEYE (RUE NOEL),,,Plein jour,En agglomération,Hors intersection,Normale,Autre collision,,,,,,,,,,,1,2,1,1,6
200800008973,0008-02-27 19:00:00,8,2,27,19,0,590,352,"92, VISCOURT (RUE)",,,Nuit avec éclairage allumé,En agglomération,Hors intersection,Normale,Deux véhicules - arrière,,,,,,,,,,,5,2,1,1,2
200800008974,0008-02-28 16:20:00,8,2,28,16,20,590,599,WATTINE (RUE CHARLES),,,Plein jour,En agglomération,Intersection en X,Pluie légère,Deux véhicules - côté,,,,,,,,,,,1,2,2,2,3
200800008975,0008-02-01 23:10:00,8,2,1,23,10,590,112,EUROPE (RUE DE L'),,,Nuit avec éclairage allumé,En agglomération,Hors intersection,Normale,Autre collision,,,,,,,,,,,5,2,1,1,6
200800008976,0008-02-05 21:20:00,8,2,5,21,20,590,459,"00, GALOIS (rue Evatice)",,,Nuit avec éclairage allumé,En agglomération,Hors intersection,Vent fort / tempête,Deux véhicules - côté,,,,,,,,,,,5,2,1,6,3
200800008977,0008-02-10 04:45:00,8,2,10,4,45,590,544,ROLEUR (RUE DU),,,Nuit sans éclairage public,Hors agglomération,Hors intersection,Normale,Autre collision,,,,,,,,,,,3,1,1,1,6
200800008978,0008-02-11 15:35:00,8,2,11,15,35,590,112,"557, JAURES (RUE JEAN)",,,Plein jour,En agglomération,Hors intersection,Normale,Trois véhicules et plus - en chaîne,,,,,,,,,,,1,2,1,1,4
200800008979,0008-02-13 07:20:00,8,2,13,7,20,590,564,JAURES (AVENUE JEAN),,,Crépuscule ou aube,En agglomération,Hors intersection,Normale,Autre collision,,,,,,,,,,,2,2,1,1,6
200800008980,0008-02-05 08:00:00,8,2,5,8,0,590,14,MATHIEU (RUE PIERRE),,,Plein jour,En agglomération,Intersection en T,Pluie légère,Deux véhicules - côté,,,,,,,,,,,1,2,3,2,3
200800008981,0008-02-26 14:00:00,8,2,26,14,0,590,544,"225N, JAURES (RUE JEAN)",,,Plein jour,En agglomération,Intersection en T,Pluie forte,Autre collision,,,,,,,,,,,1,2,3,3,6
200800008982,0008-02-01 15:55:00,8,2,1,15,55,590,447,RD 935 N,,,Plein jour,Hors agglomération,Hors intersection,Normale,Deux véhicules - arrière,,,,,,,,,,,1,1,1,1,2
200800008983,0008-02-23 21:00:00,8,2,23,21,0,590,606,DAMPIERRE (AVENUE),,,Nuit avec éclairage allumé,En agglomération,Intersection en X,Normale,Deux véhicules - arrière,,,,,,,,,,,5,2,2,1,2
200800008984,0008-02-18 15:25:00,8,2,18,15,25,590,606,QUESNOY (RUE DU),,,Plein jour,En agglomération,Hors intersection,Normale,Autre collision,,,,,,,,,,,1,2,1,1,6
200800008985,0008-02-06 11:40:00,8,2,6,11,40,590,14,"219, FRANCE (AVENUE ANAT",,,Plein jour,En agglomération,Hors intersection,Normale,Deux véhicules - côté,,,,,,,,,,,1,2,1,1,3
200800008986,0008-02-10 17:10:00,8,2,10,17,10,600,57,"21, GUI PATIN (RUE)",,,Plein jour,En agglomération,Hors intersection,Normale,Autre collision,,,,,,,,,,,1,2,1,1,6
200800008987,0008-02-09 16:10:00,8,2,9,16,10,600,57,"24, CALAIS (RUE DE)",,,Plein jour,En agglomération,Hors intersection,Normale,Autre collision,,,,,,,,,,,1,2,1,1,6
200800008988,0008-02-13 08:50:00,8,2,13,8,50,600,57,"16, RONCIERES (RUE)",,,Plein jour,En agglomération,Hors intersection,Normale,Autre collision,,,,,,,,,,,1,2,1,1,6
200800008989,0008-02-15 23:15:00,8,2,15,23,15,600,57,"8, JEAN DE LIGNIERES (RU",,,Nuit avec éclairage non allumé,En agglomération,Hors intersection,Normale,Autre collision,,,,,,,,,,,4,2,1,1,6
200800008990,0008-02-16 09:50:00,8,2,16,9,50,600,57,CLEMENCEAU (PLACE),,,Plein jour,En agglomération,Hors intersection,Normale,Autre collision,,,,,,,,,,,1,2,1,1,6
200800008991,0008-02-24 17:00:00,8,2,24,17,0,600,57,8 MAI 1945 (AVENUE DU),,,Plein jour,En agglomération,Intersection en X,Normale,Deux véhicules - côté,,,,,,,,,,,1,2,2,1,3
200800008992,0008-02-16 20:00:00,8,2,16,20,0,600,57,SALVADOR ALLENDE (AVENUE,,,Nuit sans éclairage public,En agglomération,Hors intersection,Normale,Deux véhicules - arrière,,,,,,,,,,,3,2,1,1,2
200800008993,0008-02-16 09:45:00,8,2,16,9,45,600,159,HOPITAL (PL. DE L'),,,Plein jour,En agglomération,Hors intersection,Normale,Autre collision,,,,,,,,,,,1,2,1,1,6
200800008994,0008-02-01 09:00:00,8,2,1,9,0,610,1,"62, LANCREL",,,Plein jour,Hors agglomération,Intersection en T,Normale,Deux véhicules - côté,,,,,,,,,,,1,1,3,1,3
200800008995,0008-02-07 15:40:00,8,2,7,15,40,610,497,MENIL HATTON  (LIEUDIT L,,,Plein jour,Hors agglomération,Hors intersection,Normale,Autre collision,,,,,,,,,,,1,1,1,1,6
200800008996,0008-02-10 21:00:00,8,2,10,21,0,610,397,LA SUIFERIE (RUE DE),,,Nuit avec éclairage allumé,En agglomération,Hors intersection,Normale,Autre collision,,,,,,,,,,,5,2,1,1,6
200800008997,0008-02-10 09:15:00,8,2,10,9,15,610,1,"33, LOUIS BLERIOT (RUE )",,,Plein jour,Hors agglomération,Hors intersection,Normale,Autre collision,,,,,,,,,,,1,1,1,1,6
200800008998,0008-02-27 09:20:00,8,2,27,9,20,610,397,Rue du Clos des noisetie,,,Plein jour,Hors agglomération,Hors intersection,Pluie légère,Autre collision,,,,,,,,,,,1,1,1,2,6
200800008999,0008-02-09 17:50:00,8,2,9,17,50,610,169,"83, PARIS (RUE DE)",,,Plein jour,En agglomération,Hors intersection,Normale,Sans collision,,,,,,,,,,,1,2,1,1,7
200800009000,0008-02-09 20:20:00,8,2,9,20,20,620,99,"21, JAURES ( JEAN )",,,Nuit avec éclairage allumé,En agglomération,Hors intersection,Normale,Autre collision,,,,,,,,,,,5,2,1,1,6
200800009001,0008-02-16 11:10:00,8,2,16,11,10,620,41,"0, D' ARROMANCHES",,,Plein jour,En agglomération,Intersection en X,Normale,Deux véhicules - côté,,,,,,,,,,,1,2,2,1,3
200800009002,0008-02-19 11:10:00,8,2,19,11,10,620,48,"1, CURIE (PIERRE)",,,Plein jour,En agglomération,Intersection en T,Normale,Deux véhicules - frontale,,,,,,,,,,,1,2,3,1,1
200800009003,0008-02-07 16:00:00,8,2,7,16,0,620,570,ALLENDE (BD SALVADOR),,,Plein jour,En agglomération,Hors intersection,Normale,Sans collision,,,,,,,,,,,1,2,1,1,7
200800009004,0008-02-14 14:20:00,8,2,14,14,20,620,65,RN 17,,,Plein jour,Hors agglomération,Hors intersection,Normale,Deux véhicules - côté,,,,,,,,,,,1,1,1,1,3
200800009005,0008-02-28 16:55:00,8,2,28,16,55,620,570,D 262,,,Plein jour,Hors agglomération,Hors intersection,Pluie forte,Deux véhicules - arrière,,,,,,,,,,,1,1,1,3,2
200800009006,0008-02-06 20:00:00,8,2,6,20,0,620,108,PARIS,,,Nuit avec éclairage allumé,En agglomération,Intersection en X,Normale,Autre collision,,,,,,,,,,,5,2,2,1,6
200800009007,0008-02-12 09:40:00,8,2,12,9,40,620,688,"1156, MERLIMONT (ROUTE D",,,Plein jour,En agglomération,Hors intersection,Normale,Deux véhicules - côté,,,,,,,,,,,1,2,1,1,3
200800009008,0008-02-09 06:05:00,8,2,9,6,5,620,119,JUIN ( RUE DU MARECHAL ),,,Nuit avec éclairage allumé,En agglomération,Intersection en X,Normale,Autre collision,,,,,,,,,,,5,2,2,1,6
200800009009,0008-02-11 13:50:00,8,2,11,13,50,620,119,JUIN ( RUE DU MARECHAL ),,,Plein jour,En agglomération,Intersection en X,Normale,Deux véhicules - côté,,,,,,,,,,,1,2,2,1,3
200800009010,0008-02-09 11:00:00,8,2,9,11,0,620,160,"0, GAMBETTA (Bld Léon)",,,Plein jour,En agglomération,Hors intersection,Temps éblouissant,Sans collision,,,,,,,,,,,1,2,1,7,7
200800009011,0008-02-12 16:00:00,8,2,12,16,0,620,758,"0, AUCHAN ( Parking  Cen",,,Plein jour,Hors agglomération,Hors intersection,Temps éblouissant,Deux véhicules - côté,,,,,,,,,,,1,1,1,7,3
200800009012,0008-02-19 23:50:00,8,2,19,23,50,620,755,"47, CROQUELOIS ( Av. du",,,Nuit avec éclairage allumé,En agglomération,Hors intersection,Normale,Autre collision,,,,,,,,,,,5,2,1,1,6
200800009013,0008-02-08 19:25:00,8,2,8,19,25,620,758,DESVRES ( Rue de ),,,Nuit avec éclairage allumé,En agglomération,Intersection en T,Normale,Deux véhicules - côté,,,,,,,,,,,5,2,3,1,3
200800009014,0008-02-28 12:15:00,8,2,28,12,15,620,160,CHANZY (Quai),,,Plein jour,En agglomération,Hors intersection,Normale,Trois véhicules et plus - collisions multiples,,,,,,,,,,,1,2,1,1,5
200800009015,0008-02-09 02:40:00,8,2,9,2,40,620,178,CAP BLANC ( DU ),,,Nuit avec éclairage allumé,En agglomération,Intersection en X,Normale,Autre collision,,,,,,,,,,,5,2,2,1,6
200800009016,0008-02-23 00:20:00,8,2,23,0,20,620,457,LECLERC (RUE DU MARECHAL,,,Nuit avec éclairage allumé,En agglomération,Hors intersection,Normale,Autre collision,,,,,,,,,,,5,2,1,1,6
200800009017,0008-02-26 16:30:00,8,2,26,16,30,620,193,GENERAL MARGUERITE (RUE,,,Plein jour,En agglomération,Hors intersection,Normale,Autre collision,,,,,,,,,,,1,2,1,1,6
200800009018,0008-02-09 08:25:00,8,2,9,8,25,620,907,"sans, D917",,,Crépuscule ou aube,Hors agglomération,Intersection en T,Normale,Deux véhicules - côté,,,,,,,,,,,2,1,3,1,3
200800009019,0008-02-24 04:45:00,8,2,24,4,45,620,637,"11, JOUHAUX (R LEON)",,,Nuit avec éclairage allumé,En agglomération,Hors intersection,Normale,Autre collision,,,,,,,,,,,5,2,1,1,6