accident_id,datetime,annee,mois,jour,heure,minute,departement,commune_insee,adresse,latitude,longitude,luminosite,agglomeration,intersection,meteo,collision,nb_vehicules,nb_usagers,nb_indemnes,nb_tues,nb_blesses_hosp,nb_blesses_legers,age_cond_1,age_cond_2,veh_type_cond_1,veh_type_cond_2,lum_code,agg_code,int_code,atm_code,col_code
200800009152,0008-02-02 09:40:00,8,2,2,9,40,670,482,"00, BAILLIS (RUE DES)",,,Plein jour,En agglomération,Intersection en X,Normale,Deux véhicules - côté,,,,,,,,,,,1,2,2,1,3
200800009153,0008-02-05 09:15:00,8,2,5,9,15,670,447,"0, GENERAL DE GAULLE (RO",,,Plein jour,En agglomération,Hors intersection,Normale,Trois véhicules et plus - en chaîne,,,,,,,,,,,1,2,1,1,4
200800009154,0008-02-05 19:00:00,8,2,5,19,0,670,267,"0, HIRONDELLES (RUE DES)",,,Nuit avec éclairage allumé,En agglomération,Hors intersection,Pluie légère,Deux véhicules - frontale,,,,,,,,,,,5,2,1,2,1
200800009155,0008-02-06 08:45:00,8,2,6,8,45,670,482,"00, BEULENWOERTH (CHEMIN",,,Plein jour,En agglomération,Intersection en X,Pluie légère,Deux véhicules - arrière,,,,,,,,,,,1,2,2,2,2
200800009156,0008-02-06 19:38:00,8,2,6,19,38,670,482,ORANGERIE (BOULEVARD DE,,,Nuit avec éclairage allumé,En agglomération,Hors intersection,Normale,Deux véhicules - côté,,,,,,,,,,,5,2,1,1,3
200800009157,0008-02-08 12:15:00,8,2,8,12,15,670,482,"0, PIERRE CORNEILLE (AVE",,,Plein jour,En agglomération,Intersection en Y,Normale,Deux véhicules - côté,,,,,,,,,,,1,2,4,1,3
200800009158,0008-02-08 13:20:00,8,2,8,13,20,670,482,"0, OBERHAUSBERGEN (ROUTE",,,Plein jour,En agglomération,Intersection en X,Normale,Deux véhicules - côté,,,,,,,,,,,1,2,2,1,3
200800009159,0008-02-08 15:00:00,8,2,8,15,0,670,482,"0, HAVRE (RUE DU)",,,Plein jour,En agglomération,Hors intersection,Normale,Deux véhicules - arrière,,,,,,,,,,,1,2,1,1,2
200800009160,0008-02-08 17:40:00,8,2,8,17,40,670,482,WACKEN (RUE DU),,,Plein jour,En agglomération,Hors intersection,Normale,Deux véhicules - côté,,,,,,,,,,,1,2,1,1,3
200800009161,0008-02-09 13:15:00,8,2,9,13,15,670,482,RIETH (RUE DU),,,Plein jour,En agglomération,Hors intersection,Normale,Deux véhicules - frontale,,,,,,,,,,,1,2,1,1,1
200800009162,0008-02-09 18:35:00,8,2,9,18,35,670,482,"0, NEUHOF (ROUTE)",,,Nuit avec éclairage allumé,En agglomération,Hors intersection,Normale,Autre collision,,,,,,,,,,,5,2,1,1,6
200800009163,0008-02-10 03:40:00,8,2,10,3,40,670,482,"0, DOUBS (RUE DU)",,,Nuit avec éclairage allumé,En agglomération,Hors intersection,Normale,Deux véhicules - arrière,,,,,,,,,,,5,2,1,1,2
200800009164,0008-02-11 08:45:00,8,2,11,8,45,670,482,"0, ATHENES (PLACE D )",,,Plein jour,En agglomération,Hors intersection,Normale,Autre collision,,,,,,,,,,,1,2,1,1,6
200800009165,0008-02-12 13:42:00,8,2,12,13,42,670,482,"309, LA WANTZENAU (ROUTE",,,Plein jour,En agglomération,Hors intersection,Normale,Autre collision,,,,,,,,,,,1,2,1,1,6
200800009166,0008-02-12 14:32:00,8,2,12,14,32,670,218,VIGNES (RUE DES),,,Plein jour,En agglomération,Intersection en X,Normale,Deux véhicules - côté,,,,,,,,,,,1,2,2,1,3
200800009167,0008-02-12 15:00:00,8,2,12,15,0,670,482,NEUFELD (RUE DU),,,Plein jour,En agglomération,Intersection en X,Normale,Deux véhicules - côté,,,,,,,,,,,1,2,2,1,3
200800009168,0008-02-14 15:30:00,8,2,14,15,30,670,447,MITTELFELD (RUE DU),,,Plein jour,En agglomération,Hors intersection,Normale,Deux véhicules - arrière,,,,,,,,,,,1,2,1,1,2
200800009169,0008-02-15 21:55:00,8,2,15,21,55,670,482,BERNE (RUE DE),,,Nuit avec éclairage allumé,En agglomération,Intersection en X,Normale,Autre collision,,,,,,,,,,,5,2,2,1,6
200800009170,0008-02-16 02:50:00,8,2,16,2,50,670,482,RHIN (ROUTE DU),,,Nuit avec éclairage allumé,En agglomération,Hors intersection,Normale,Autre collision,,,,,,,,,,,5,2,1,1,6
200800009171,0008-02-16 06:05:00,8,2,16,6,5,670,482,HAVRE (RUE DU),,,Nuit sans éclairage public,En agglomération,Hors intersection,Normale,Autre collision,,,,,,,,,,,3,2,1,1,6
200800009172,0008-02-18 12:50:00,8,2,18,12,50,670,267,OSTWALD (RUE D ),,,Plein jour,En agglomération,Hors intersection,Normale,Deux véhicules - frontale,,,,,,,,,,,1,2,1,1,1
200800009173,0008-02-19 14:20:00,8,2,19,14,20,670,482,PIERRE MENDES FRANCE (RO,,,Plein jour,En agglomération,Hors intersection,Normale,Deux véhicules - côté,,,,,,,,,,,1,2,1,1,3
200800009174,0008-02-19 16:34:00,8,2,19,16,34,670,482,GIRAUDOUX (RUE JEAN),,,Plein jour,En agglomération,Intersection en T,Normale,Autre collision,,,,,,,,,,,1,2,3,1,6
200800009175,0008-02-20 12:00:00,8,2,20,12,0,670,218,"291, LYON (RTE DE)",,,Plein jour,En agglomération,Hors intersection,Pluie légère,Deux véhicules - arrière,,,,,,,,,,,1,2,1,2,2
200800009176,0008-02-20 18:40:00,8,2,20,18,40,670,482,"00, PIERRE CORNEILLE (AV",,,Nuit avec éclairage allumé,En agglomération,Hors intersection,Normale,Autre collision,,,,,,,,,,,5,2,1,1,6
200800009177,0008-02-21 13:40:00,8,2,21,13,40,670,482,"0, JEAN MENTELIN (RUE)",,,Plein jour,En agglomération,Intersection en X,Normale,Deux véhicules - côté,,,,,,,,,,,1,2,2,1,3
200800009178,0008-02-22 18:35:00,8,2,22,18,35,670,482,CYGNE (RUE DU),,,Nuit avec éclairage allumé,En agglomération,Intersection en T,Normale,Autre collision,,,,,,,,,,,5,2,3,1,6
200800009179,0008-02-22 22:00:00,8,2,22,22,0,670,482,"Face au 26, ILL (RUE DE",,,Nuit avec éclairage allumé,En agglomération,Hors intersection,Normale,Deux véhicules - frontale,,,,,,,,,,,5,2,1,1,1
200800009180,0008-02-23 22:25:00,8,2,23,22,25,670,365,"00, MULHOUSE (RUE DE)",,,Nuit avec éclairage allumé,En agglomération,Intersection en X,Normale,Deux véhicules - côté,,,,,,,,,,,5,2,2,1,3
200800009181,0008-02-24 14:40:00,8,2,24,14,40,670,365,"00, LINGOLSHEIM (RUE DE)",,,Plein jour,En agglomération,Hors intersection,Normale,Autre collision,,,,,,,,,,,1,2,1,1,6
200800009182,0008-02-27 09:40:00,8,2,27,9,40,670,482,"00, JACQUES KABLE (RUE)",,,Plein jour,En agglomération,Hors intersection,Normale,Autre collision,,,,,,,,,,,1,2,1,1,6
200800009183,0008-02-29 08:35:00,8,2,29,8,35,670,482,"15, ALPES (QUAI DES)",,,Plein jour,En agglomération,Hors intersection,Normale,Autre collision,,,,,,,,,,,1,2,1,1,6
200800009184,0008-02-29 16:00:00,8,2,29,16,0,670,482,"00, COLMAR (AVENUE DE)",,,Plein jour,En agglomération,Intersection en X,Normale,Deux véhicules - côté,,,,,,,,,,,1,2,2,1,3
200800009185,0008-02-02 15:06:00,8,2,2,15,6,680,66,"13, BAINS ( RUE DES)",,,Plein jour,En agglomération,Intersection en X,Normale,Autre collision,,,,,,,,,,,1,2,2,1,6
200800009186,0008-02-08 14:28:00,8,2,8,14,28,680,66,"59, ROUFFACH (ROUTE DE)",,,Plein jour,En agglomération,Hors intersection,Normale,Deux véhicules - côté,,,,,,,,,,,1,2,1,1,3
200800009187,0008-02-16 14:47:00,8,2,16,14,47,680,66,STRASBOURG (ROUTE DE),,,Plein jour,Hors agglomération,Hors intersection,Normale,Trois véhicules et plus - en chaîne,,,,,,,,,,,1,1,1,1,4
200800009188,0008-02-24 13:50:00,8,2,24,13,50,680,66,ALSACE (RUE D'),,,Plein jour,En agglomération,Intersection en X,Normale,Deux véhicules - côté,,,,,,,,,,,1,2,2,1,3
200800009189,0008-02-25 07:46:00,8,2,25,7,46,680,66,LORRAINE (AVENUE DE),,,Plein jour,En agglomération,Giratoire,Normale,Deux véhicules - arrière,,,,,,,,,,,1,2,6,1,2
200800009190,0008-02-29 22:50:00,8,2,29,22,50,680,66,INGERSHEIM (ROUTE D'),,,Nuit avec éclairage allumé,En agglomération,Intersection en X,Normale,Trois véhicules et plus - collisions multiples,,,,,,,,,,,5,2,2,1,5
200800009191,0008-02-27 12:15:00,8,2,27,12,15,680,66,CD45,,,Plein jour,Hors agglomération,Intersection en X,Normale,Deux véhicules - côté,,,,,,,,,,,1,1,2,1,3
200800009192,0008-02-02 18:20:00,8,2,2,18,20,680,112,"06, COLMAR (ROUTE DE)",,,Nuit avec éclairage allumé,En agglomération,Hors intersection,Normale,Autre collision,,,,,,,,,,,5,2,1,1,6
200800009193,0008-02-04 14:00:00,8,2,4,14,0,680,224,"11, HUNINGUE (RUE DE)",,,Plein jour,En agglomération,Hors intersection,Normale,Autre collision,,,,,,,,,,,1,2,1,1,6
200800009194,0008-02-10 05:17:00,8,2,10,5,17,680,224,AUTOROUTE A 36,,,Nuit avec éclairage non allumé,Hors agglomération,Hors intersection,Normale,Deux véhicules - côté,,,,,,,,,,,4,1,1,1,3
200800009195,0008-02-06 18:10:00,8,2,6,18,10,680,271,"4, ALSACE (RUE D')",,,Nuit avec éclairage allumé,En agglomération,Hors intersection,Pluie légère,Deux véhicules - côté,,,,,,,,,,,5,2,1,2,3
200800009196,0008-02-10 15:15:00,8,2,10,15,15,680,224,VOIE RAPIDE NORD SUD,,,Plein jour,En agglomération,Hors intersection,Normale,Deux véhicules - arrière,,,,,,,,,,,1,2,1,1,2
200800009197,0008-02-21 19:20:00,8,2,21,19,20,680,224,"09, LEFEBVRE (RUE)",,,Nuit avec éclairage non allumé,En agglomération,Hors intersection,Normale,Autre collision,,,,,,,,,,,4,2,1,1,6
200800009198,0008-02-28 17:30:00,8,2,28,17,30,680,224,AUTOROUTE A 36,,,Plein jour,Hors agglomération,Hors intersection,Normale,Trois véhicules et plus - collisions multiples,,,,,,,,,,,1,1,1,1,5
200800009199,0008-02-25 09:25:00,8,2,25,9,25,680,224,"2, PASTEUR (RUE LOUIS)",,,Plein jour,En agglomération,Hors intersection,Normale,Autre collision,,,,,,,,,,,1,2,1,1,6
200800009200,0008-02-26 14:15:00,8,2,26,14,15,680,224,"11, DIX-SEPT NOVEMBRE (R",,,Plein jour,En agglomération,Hors intersection,Normale,Autre collision,,,,,,,,,,,1,2,1,1,6
200800009201,0008-02-26 10:03:00,8,2,26,10,3,680,224,"55, HIRSINGUE (RUE DE)",,,Plein jour,En agglomération,Giratoire,Normale,Deux véhicules - côté,,,,,,,,,,,1,2,6,1,3
200800009202,0008-02-15 11:00:00,8,2,15,11,0,680,224,STOESSEL (BOULEVARD CHAR,,,Plein jour,En agglomération,Intersection en X,Normale,Autre collision,,,,,,,,,,,1,2,2,1,6
200800009203,0008-02-02 02:25:00,8,2,2,2,25,690,29,ROUTE DE GENAS,,,Nuit avec éclairage allumé,En agglomération,Intersection en T,Normale,Deux véhicules - frontale,,,,,,,,,,,5,2,3,1,1
200800009204,0008-02-12 12:15:00,8,2,12,12,15,690,29,"1, AVENUE PIERRE ALLARD",,,Plein jour,En agglomération,Intersection en X,Normale,Deux véhicules - côté,,,,,,,,,,,1,2,2,1,3
200800009205,0008-02-26 10:30:00,8,2,26,10,30,690,29,"1, AVENUE DOYEN JEAN LEP",,,Plein jour,En agglomération,Hors intersection,Normale,Autre collision,,,,,,,,,,,1,2,1,1,6
200800009206,0008-02-15 15:35:00,8,2,15,15,35,690,34,"04, QUAI CHARLES SENARD",,,Plein jour,En agglomération,Hors intersection,Normale,Autre collision,,,,,,,,,,,1,2,1,1,6
200800009207,0008-02-28 16:05:00,8,2,28,16,5,690,34,AVENUE GENERAL LECLERC,,,Plein jour,En agglomération,Intersection en T,Normale,Autre collision,,,,,,,,,,,1,2,3,1,6
200800009208,0008-02-28 22:30:00,8,2,28,22,30,690,34,CHEMIN DE CREPIEUX,,,Nuit avec éclairage allumé,En agglomération,Intersection en X,Normale,Autre collision,,,,,,,,,,,5,2,2,1,6
200800009209,0008-02-14 11:40:00,8,2,14,11,40,690,142,"66, STEPHANE DECHANT",,,Plein jour,En agglomération,Hors intersection,Normale,Autre collision,,,,,,,,,,,1,2,1,1,6
200800009210,0008-02-15 08:42:00,8,2,15,8,42,690,202,", LIMBURG (DE)",,,Crépuscule ou aube,En agglomération,Hors intersection,Normale,Autre collision,,,,,,,,,,,2,2,1,1,6
200800009211,0008-02-10 12:00:00,8,2,10,12,0,690,256,"163, GABRIEL PERI",,,Plein jour,En agglomération,Hors intersection,Normale,Deux véhicules - arrière,,,,,,,,,,,1,2,1,1,2
200800009212,0008-02-23 12:00:00,8,2,23,12,0,690,256,"5, MAURICE THOREZ",,,Plein jour,En agglomération,Hors intersection,Normale,Autre collision,,,,,,,,,,,1,2,1,1,6
200800009213,0008-02-08 13:25:00,8,2,8,13,25,690,199,"5, AVENUE ANTOINE GRAVAL",,,Plein jour,En agglomération,Autre intersection,Normale,Autre collision,,,,,,,,,,,1,2,9,1,6
200800009214,0008-02-08 10:50:00,8,2,8,10,50,690,259,"30, BOULEVARD DU DOCTEUR",,,Plein jour,En agglomération,Hors intersection,Normale,Deux véhicules - arrière,,,,,,,,,,,1,2,1,1,2
200800009215,0008-02-12 09:50:00,8,2,12,9,50,690,199,"0, AVENUE ARISTIDE BRIAN",,,Plein jour,En agglomération,Intersection en T,Normale,Autre collision,,,,,,,,,,,1,2,3,1,6
200800009216,0008-02-13 07:30:00,8,2,13,7,30,690,259,"53, ROUTE DE CORBAS",,,Crépuscule ou aube,En agglomération,Hors intersection,Brouillard / fumée,Deux véhicules - côté,,,,,,,,,,,2,2,1,5,3
200800009217,0008-02-18 21:50:00,8,2,18,21,50,690,259,"380, AVENUE CHARLES DE G",,,Nuit avec éclairage allumé,En agglomération,Intersection en X,Normale,Deux véhicules - côté,,,,,,,,,,,5,2,2,1,3
200800009218,0008-02-22 16:10:00,8,2,22,16,10,690,259,"0, AVENUE PIERRE COT",,,Plein jour,En agglomération,Giratoire,Normale,Deux véhicules - côté,,,,,,,,,,,1,2,6,1,3
200800009219,0008-02-21 07:25:00,8,2,21,7,25,690,199,"0, RUE CHARLES MARTIN",,,Crépuscule ou aube,En agglomération,Intersection en T,Pluie légère,Deux véhicules - côté,,,,,,,,,,,2,2,3,2,3
200800009220,0008-02-25 16:35:00,8,2,25,16,35,690,259,"0, RUE JULES FERRY",,,Plein jour,En agglomération,Intersection en X,Normale,Deux véhicules - côté,,,,,,,,,,,1,2,2,1,3
200800009221,0008-02-29 16:15:00,8,2,29,16,15,690,259,"94, BOULEVARD IRENE JOLI",,,Plein jour,En agglomération,Hors intersection,Normale,Deux véhicules - arrière,,,,,,,,,,,1,2,1,1,2
200800009222,0008-02-15 18:40:00,8,2,15,18,40,690,264,"102, QUARANTAINE  RUE DE",,,Nuit avec éclairage allumé,En agglomération,Hors intersection,Normale,Trois véhicules et plus - en chaîne,,,,,,,,,,,5,2,1,1,4
200800009223,0008-02-25 12:11:00,8,2,25,12,11,690,264,"225, REPUBLIQUE   RUE DE",,,Plein jour,En agglomération,Hors intersection,Normale,Autre collision,,,,,,,,,,,1,2,1,1,6
200800009224,0008-02-03 19:30:00,8,2,3,19,30,690,266,"11, PLACE DES MAISONS NE",,,Nuit avec éclairage allumé,En agglomération,Hors intersection,Normale,Autre collision,,,,,,,,,,,5,2,1,1,6
200800009225,0008-02-08 14:20:00,8,2,8,14,20,690,266,"1, RUE EMILE DECORPS",,,Plein jour,En agglomération,Intersection en X,Normale,Autre collision,,,,,,,,,,,1,2,2,1,6
200800009226,0008-02-03 09:25:00,8,2,3,9,25,690,266,"1, PONT DE CUSSET",,,Plein jour,En agglomération,Hors intersection,Normale,Autre collision,,,,,,,,,,,1,2,1,1,6
200800009227,0008-02-06 13:05:00,8,2,6,13,5,690,266,"1, RUE LOUIS DUCROIZE",,,Plein jour,En agglomération,Intersection en T,Normale,Deux véhicules - côté,,,,,,,,,,,1,2,3,1,3
200800009228,0008-02-08 16:40:00,8,2,8,16,40,690,266,", autre",,,Plein jour,En agglomération,Hors intersection,Normale,Autre collision,,,,,,,,,,,1,2,1,1,6
200800009229,0008-02-11 07:25:00,8,2,11,7,25,690,266,"1, RUE DE LA LIGNE DE L",,,Plein jour,En agglomération,Intersection en X,Normale,Autre collision,,,,,,,,,,,1,2,2,1,6
200800009230,0008-02-11 15:30:00,8,2,11,15,30,690,266,"57, AVENUE ANTOINE DE SA",,,Plein jour,En agglomération,Hors intersection,Normale,Autre collision,,,,,,,,,,,1,2,1,1,6
200800009231,0008-02-09 17:40:00,8,2,9,17,40,690,266,"1, RUE BAUDIN",,,Plein jour,En agglomération,Intersection en T,Normale,Autre collision,,,,,,,,,,,1,2,3,1,6
200800009232,0008-02-06 17:30:00,8,2,6,17,30,690,266,"1, RUE DU 14 JUILLET 178",,,Plein jour,En agglomération,Intersection en X,Normale,Deux véhicules - côté,,,,,,,,,,,1,2,2,1,3
200800009233,0008-02-13 14:00:00,8,2,13,14,0,690,266,"., RUE PAUL VERLAINE",,,Plein jour,En agglomération,Intersection en X,Normale,Autre collision,,,,,,,,,,,1,2,2,1,6
200800009234,0008-02-14 12:05:00,8,2,14,12,5,690,266,"1, ROUTE DE GENAS",,,Plein jour,En agglomération,Intersection en X,Normale,Deux véhicules - arrière,,,,,,,,,,,1,2,2,1,2
200800009235,0008-02-20 20:20:00,8,2,20,20,20,690,266,"161, RUE DU 4 AOUT 1789",,,Nuit sans éclairage public,En agglomération,Hors intersection,Normale,Autre collision,,,,,,,,,,,3,2,1,1,6
200800009236,0008-02-14 19:50:00,8,2,14,19,50,690,266,"221, AVENUE ROGER SALENG",,,Nuit avec éclairage allumé,En agglomération,Hors intersection,Normale,Autre collision,,,,,,,,,,,5,2,1,1,6
200800009237,0008-02-22 09:45:00,8,2,22,9,45,690,266,"143, COURS EMILE ZOLA",,,Plein jour,En agglomération,Hors intersection,Normale,Deux véhicules - arrière,,,,,,,,,,,1,2,1,1,2
200800009238,0008-02-28 10:15:00,8,2,28,10,15,690,266,"24, RUE LEON CHOMEL",,,Plein jour,En agglomération,Hors intersection,Normale,Deux véhicules - arrière,,,,,,,,,,,1,2,1,1,2
200800009239,0008-02-27 10:35:00,8,2,27,10,35,690,266,"1, autre",,,Plein jour,En agglomération,Giratoire,Normale,Deux véhicules - arrière,,,,,,,,,,,1,2,6,1,2
200800009240,0008-02-10 19:20:00,8,2,10,19,20,690,275,"28, RUE SULLY",,,Nuit avec éclairage allumé,En agglomération,Hors intersection,Normale,Deux véhicules - côté,,,,,,,,,,,5,2,1,1,3
200800009241,0008-02-14 16:50:00,8,2,14,16,50,690,290,RUE DE L EGALITE,,,Plein jour,En agglomération,Intersection en T,Normale,Autre collision,,,,,,,,,,,1,2,3,1,6
200800009242,0008-02-23 17:05:00,8,2,23,17,5,700,550,"36, GAULLE (BLD CHARLES",,,Plein jour,En agglomération,Hors intersection,Normale,Autre collision,,,,,,,,,,,1,2,1,1,6
200800009243,0008-02-09 15:20:00,8,2,9,15,20,710,76,"50, PARIS (AVENUE DE)",,,Plein jour,En agglomération,Hors intersection,Normale,Autre collision,,,,,,,,,,,1,2,1,1,6
200800009244,0008-02-11 16:25:00,8,2,11,16,25,710,76,"121, PARIS (AVENUE DE)",,,Plein jour,En agglomération,Autre intersection,Normale,Deux véhicules - côté,,,,,,,,,,,1,2,9,1,3
200800009245,0008-02-20 11:45:00,8,2,20,11,45,710,76,SAINT HELENS (RUE DE ),,,Plein jour,En agglomération,Hors intersection,Normale,Autre collision,,,,,,,,,,,1,2,1,1,6
200800009246,0008-02-28 16:30:00,8,2,28,16,30,710,76,DRILLIEN (RUE CAPITAINE),,,Plein jour,En agglomération,Hors intersection,Normale,Sans collision,,,,,,,,,,,1,2,1,1,7
200800009247,0008-02-02 10:40:00,8,2,2,10,40,710,540,R.N. 80,,,Plein jour,Hors agglomération,Intersection en X,Normale,Deux véhicules - arrière,,,,,,,,,,,1,1,2,1,2
200800009248,0008-02-23 14:45:00,8,2,23,14,45,710,153,"., HARFLEUR (CITE)",,,Plein jour,En agglomération,Hors intersection,Normale,Autre collision,,,,,,,,,,,1,2,1,1,6
200800009249,0008-02-25 11:50:00,8,2,25,11,50,710,153,DE GAULLE (PLACE CHARLES,,,Plein jour,En agglomération,Giratoire,Normale,Deux véhicules - côté,,,,,,,,,,,1,2,6,1,3
200800009250,0008-02-02 17:40:00,8,2,2,17,40,710,270,LAMARTINE (QUAI),,,Plein jour,En agglomération,Hors intersection,Normale,Deux véhicules - arrière,,,,,,,,,,,1,2,1,1,2
200800009251,0008-02-01 21:40:00,8,2,1,21,40,710,270,"1, BARRE (RUE DE LA)",,,Nuit avec éclairage allumé,En agglomération,Hors intersection,Pluie légère,Autre collision,,,,,,,,,,,5,2,1,2,6
200800009252,0008-02-08 15:35:00,8,2,8,15,35,710,270,HERRIOT (AVENUE EDOUARD),,,Plein jour,En agglomération,Hors intersection,Normale,Deux véhicules - arrière,,,,,,,,,,,1,2,1,1,2
200800009253,0008-02-09 04:45:00,8,2,9,4,45,710,270,"4, CASSIN (AVENUE RENE)",,,Plein jour,En agglomération,Hors intersection,Normale,Autre collision,,,,,,,,,,,1,2,1,1,6
200800009254,0008-02-15 08:05:00,8,2,15,8,5,710,497,"1, SENNECE (ROUTE DE)",,,Plein jour,En agglomération,Intersection en T,Normale,Deux véhicules - côté,,,,,,,,,,,1,2,3,1,3
200800009255,0008-02-14 09:45:00,8,2,14,9,45,710,270,"64, LIBERTE (RUE DE LA)",,,Plein jour,En agglomération,Autre intersection,Normale,Autre collision,,,,,,,,,,,1,2,9,1,6
200800009256,0008-02-14 00:01:00,8,2,14,0,1,710,270,"1, PERRIERES ET DU 5EME",,,Nuit avec éclairage allumé,En agglomération,Hors intersection,Normale,Sans collision,,,,,,,,,,,5,2,1,1,7
200800009257,0008-02-22 16:30:00,8,2,22,16,30,710,270,LYON (ROUTE DE),,,Plein jour,En agglomération,Hors intersection,Normale,Deux véhicules - côté,,,,,,,,,,,1,2,1,1,3
200800009258,0008-02-23 02:50:00,8,2,23,2,50,710,270,JAURES (QUAI),,,Nuit avec éclairage allumé,En agglomération,Hors intersection,Normale,Autre collision,,,,,,,,,,,5,2,1,1,6
200800009259,0008-02-29 08:55:00,8,2,29,8,55,710,105,"1, CHAPELLE (RUE DE LA)",,,Plein jour,En agglomération,Hors intersection,Temps couvert,Trois véhicules et plus - en chaîne,,,,,,,,,,,1,2,1,8,4
200800009260,0008-02-29 07:20:00,8,2,29,7,20,710,270,HERITAN (RUE DE L'),,,Plein jour,En agglomération,Hors intersection,Normale,Autre collision,,,,,,,,,,,1,2,1,1,6
200800009261,0008-02-28 20:40:00,8,2,28,20,40,710,270,JAURES (QUAI),,,Nuit avec éclairage allumé,En agglomération,Hors intersection,Normale,Autre collision,,,,,,,,,,,5,2,1,1,6
200800009262,0008-02-18 14:30:00,8,2,18,14,30,710,306,"35, ALOUETTES (AVENUE DE",,,Plein jour,En agglomération,Intersection en X,Normale,Deux véhicules - côté,,,,,,,,,,,1,2,2,1,3
200800009263,0008-02-18 16:00:00,8,2,18,16,0,710,306,"11, 11 NOVEMBRE 1918 (RU",,,Plein jour,En agglomération,Intersection en X,Normale,Sans collision,,,,,,,,,,,1,2,2,1,7
200800009264,0008-02-01 04:10:00,8,2,1,4,10,720,181,LEFAUCHEUX PIERRE (BD),,,Nuit avec éclairage allumé,En agglomération,Hors intersection,Pluie légère,Autre collision,,,,,,,,,,,5,2,1,2,6
200800009265,0008-02-01 11:00:00,8,2,1,11,0,720,181,BOLLEE (AV) N° IMP 1 A 6,,,Plein jour,En agglomération,Hors intersection,Pluie forte,Deux véhicules - côté,,,,,,,,,,,1,2,1,3,3
200800009266,0008-02-01 12:10:00,8,2,1,12,10,720,181,DEMORIEUX (BD) ENTRE HUI,,,Plein jour,En agglomération,Hors intersection,Pluie forte,Deux véhicules - côté,,,,,,,,,,,1,2,1,3,3
200800009267,0008-02-04 13:40:00,8,2,4,13,40,720,181,"263, LIBERATION (AV DE L",,,Plein jour,En agglomération,Hors intersection,Normale,Deux véhicules - arrière,,,,,,,,,,,1,2,1,1,2
200800009268,0008-02-04 17:30:00,8,2,4,17,30,720,181,MESSIAEN OLIVIER (AV) IM,,,Plein jour,En agglomération,Hors intersection,Normale,Autre collision,,,,,,,,,,,1,2,1,1,6
200800009269,0008-02-07 14:00:00,8,2,7,14,0,720,181,PIFFAULT PIERRE (AV) ROC,,,Plein jour,En agglomération,Hors intersection,Normale,Deux véhicules - arrière,,,,,,,,,,,1,2,1,1,2
200800009270,0008-02-08 12:10:00,8,2,8,12,10,720,181,LOUIS BLANC (QUAI),,,Plein jour,En agglomération,Hors intersection,Normale,Autre collision,,,,,,,,,,,1,2,1,1,6
200800009271,0008-02-10 22:30:00,8,2,10,22,30,720,181,CLEMENCEAU GEORGES ( BD),,,Nuit avec éclairage allumé,En agglomération,Hors intersection,Normale,Autre collision,,,,,,,,,,,5,2,1,1,6
200800009272,0008-02-11 08:27:00,8,2,11,8,27,720,181,PLATANES (AV DES),,,Plein jour,En agglomération,Intersection en T,Normale,Deux véhicules - côté,,,,,,,,,,,1,2,3,1,3
200800009273,0008-02-11 14:15:00,8,2,11,14,15,720,181,FOUCAUDIERE (RUE),,,Plein jour,En agglomération,Hors intersection,Normale,Deux véhicules - côté,,,,,,,,,,,1,2,1,1,3
200800009274,0008-02-11 14:10:00,8,2,11,14,10,720,181,BOUVET ROGER (RUE) N° IM,,,Plein jour,En agglomération,Intersection en X,Normale,Deux véhicules - côté,,,,,,,,,,,1,2,2,1,3
200800009275,0008-02-13 17:21:00,8,2,13,17,21,720,181,TOURS (RTE) LIGNE DROITE,,,Plein jour,En agglomération,Hors intersection,Normale,Deux véhicules - arrière,,,,,,,,,,,1,2,1,1,2
200800009276,0008-02-16 10:52:00,8,2,16,10,52,720,181,GERBAULT ALAIN (RUE),,,Plein jour,En agglomération,Hors intersection,Normale,Autre collision,,,,,,,,,,,1,2,1,1,6
200800009277,0008-02-19 14:15:00,8,2,19,14,15,720,181,MESSIAEN OLIVIER (AV) IM,,,Plein jour,En agglomération,Hors intersection,Normale,Deux véhicules - arrière,,,,,,,,,,,1,2,1,1,2
200800009278,0008-02-19 15:50:00,8,2,19,15,50,720,181,MOLIERE - ENTRE ROCADE E,,,Plein jour,En agglomération,Intersection en T,Normale,Deux véhicules - côté,,,,,,,,,,,1,2,3,1,3
200800009279,0008-02-19 20:20:00,8,2,19,20,20,720,181,DEMORIEUX (BD) ENTRE HUI,,,Plein jour,En agglomération,Intersection en X,Pluie légère,Autre collision,,,,,,,,,,,1,2,2,2,6
200800009280,0008-02-21 17:45:00,8,2,21,17,45,720,181,ANGERS (RTE D'),,,Plein jour,Hors agglomération,Hors intersection,Normale,Autre collision,,,,,,,,,,,1,1,1,1,6
200800009281,0008-02-25 19:45:00,8,2,25,19,45,720,181,LAIGNE RUE DE N° IMP 1 A,,,Crépuscule ou aube,En agglomération,Intersection en X,Normale,Deux véhicules - côté,,,,,,,,,,,2,2,2,1,3
200800009282,0008-02-26 15:30:00,8,2,26,15,30,720,181,RUAUDIN (RUE) N° PAIRS 7,,,Plein jour,En agglomération,Intersection en T,Pluie légère,Deux véhicules - côté,,,,,,,,,,,1,2,3,2,3
200800009283,0008-02-02 23:29:00,8,2,2,23,29,730,8,"142, SIMOND ST AVENUE",,,Nuit avec éclairage non allumé,En agglomération,Intersection en T,Normale,Deux véhicules - frontale,,,,,,,,,,,4,2,3,1,1
200800009284,0008-02-13 14:00:00,8,2,13,14,0,730,8,"950, LEPIC BOULEVARD",,,Plein jour,En agglomération,Hors intersection,Normale,Autre collision,,,,,,,,,,,1,2,1,1,6