accident_id,datetime,annee,mois,jour,heure,minute,departement,commune_insee,adresse,latitude,longitude,luminosite,agglomeration,intersection,meteo,collision,nb_vehicules,nb_usagers,nb_indemnes,nb_tues,nb_blesses_hosp,nb_blesses_legers,age_cond_1,age_cond_2,veh_type_cond_1,veh_type_cond_2,lum_code,agg_code,int_code,atm_code,col_code
200800009418,0008-02-29 22:45:00,8,2,29,22,45,780,481,"ignoré, ALEXANDRE DUMAS",,,Nuit avec éclairage allumé,En agglomération,Hors intersection,Normale,Deux véhicules - frontale,,,,,,,,,,,5,2,1,1,1
200800009419,0008-02-10 08:55:00,8,2,10,8,55,780,586,"44 bis, LAMARTINE",,,Plein jour,En agglomération,Hors intersection,Normale,Deux véhicules - arrière,,,,,,,,,,,1,2,1,1,2
200800009420,0008-02-18 09:15:00,8,2,18,9,15,780,586,"88, VOLTAIRE",,,Plein jour,En agglomération,Hors intersection,Normale,Autre collision,,,,,,,,,,,1,2,1,1,6
200800009421,0008-02-23 17:10:00,8,2,23,17,10,780,586,MERMOZ (JEAN),,,Plein jour,En agglomération,Intersection en X,Normale,Deux véhicules - côté,,,,,,,,,,,1,2,2,1,3
200800009422,0008-02-26 15:10:00,8,2,26,15,10,780,586,NICOLLE (JEAN),,,Plein jour,En agglomération,Intersection en T,Pluie légère,Autre collision,,,,,,,,,,,1,2,3,2,6
200800009423,0008-02-02 17:35:00,8,2,2,17,35,780,621,NATIONALE 10   (ROUTE),,,Nuit avec éclairage allumé,Hors agglomération,Hors intersection,Normale,Deux véhicules - côté,,,,,,,,,,,5,1,1,1,3
200800009424,0008-02-05 17:55:00,8,2,5,17,55,780,621,RAVEL (RUE MAURICE),,,Nuit avec éclairage allumé,En agglomération,Intersection en T,Pluie légère,Autre collision,,,,,,,,,,,5,2,3,2,6
200800009425,0008-02-26 18:25:00,8,2,26,18,25,780,621,LANGEVIN (RUE PAUL),,,Nuit avec éclairage allumé,En agglomération,Intersection en T,Normale,Autre collision,,,,,,,,,,,5,2,3,1,6
200800009426,0008-02-01 09:55:00,8,2,1,9,55,780,640,"4, PROVENCE (AVENUE DE)",,,Plein jour,En agglomération,Hors intersection,Pluie légère,Deux véhicules - arrière,,,,,,,,,,,1,2,1,2,2
200800009427,0008-02-06 11:05:00,8,2,6,11,5,780,640,"12, ROBERT WAGNER (AVENU",,,Plein jour,En agglomération,Hors intersection,Vent fort / tempête,Autre collision,,,,,,,,,,,1,2,1,6,6
200800009428,0008-02-12 12:10:00,8,2,12,12,10,780,640,MORANE-SAULNIER (AVENUE),,,Plein jour,En agglomération,Giratoire,Normale,Deux véhicules - arrière,,,,,,,,,,,1,2,6,1,2
200800009429,0008-02-14 11:00:00,8,2,14,11,0,780,640,"14, EUROPE (AVENUE DE L'",,,Plein jour,En agglomération,Hors intersection,Normale,Autre collision,,,,,,,,,,,1,2,1,1,6
200800009430,0008-02-22 21:10:00,8,2,22,21,10,780,640,HARLOW (AVENUE DE),,,Nuit avec éclairage allumé,En agglomération,Hors intersection,Normale,Autre collision,,,,,,,,,,,5,2,1,1,6
200800009431,0008-02-02 10:00:00,8,2,2,10,0,780,158,"0, POTTIER (RUE)",,,Plein jour,En agglomération,Giratoire,Normale,Autre collision,,,,,,,,,,,1,2,6,1,6
200800009432,0008-02-04 12:25:00,8,2,4,12,25,780,646,"NEANT, MARECHAL FOCH (RU",,,Plein jour,En agglomération,Intersection en X,Pluie légère,Deux véhicules - côté,,,,,,,,,,,1,2,2,2,3
200800009433,0008-02-04 13:20:00,8,2,4,13,20,780,646,"06, EDOUARD LABOULAYE (P",,,Plein jour,En agglomération,Intersection en T,Normale,Deux véhicules - côté,,,,,,,,,,,1,2,3,1,3
200800009434,0008-02-04 16:10:00,8,2,4,16,10,780,646,REINE (BOULEVARD DE LA),,,Crépuscule ou aube,En agglomération,Hors intersection,Normale,Autre collision,,,,,,,,,,,2,2,1,1,6
200800009435,0008-02-04 16:50:00,8,2,4,16,50,780,646,"0, PAROISSE (RUE DE LA)",,,Plein jour,En agglomération,Intersection en T,Normale,Autre collision,,,,,,,,,,,1,2,3,1,6
200800009436,0008-02-05 11:35:00,8,2,5,11,35,780,646,"45, PARC DE CLAGNY (RUE",,,Plein jour,En agglomération,Intersection en T,Pluie légère,Deux véhicules - côté,,,,,,,,,,,1,2,3,2,3
200800009437,0008-02-05 15:15:00,8,2,5,15,15,780,158,VERSAILLES (RUE DE),,,Plein jour,En agglomération,Hors intersection,Normale,Autre collision,,,,,,,,,,,1,2,1,1,6
200800009438,0008-02-07 14:00:00,8,2,7,14,0,780,646,"35, SCEAUX (AVENUE DE)",,,Plein jour,En agglomération,Hors intersection,Normale,Deux véhicules - arrière,,,,,,,,,,,1,2,1,1,2
200800009439,0008-02-17 18:40:00,8,2,17,18,40,780,524,RN 307,,,Nuit avec éclairage allumé,Hors agglomération,Hors intersection,Normale,Autre collision,,,,,,,,,,,5,1,1,1,6
200800009440,0008-02-13 15:10:00,8,2,13,15,10,780,646,"0, ROI (BOULEVARD DU)",,,Plein jour,En agglomération,Intersection en X,Normale,Trois véhicules et plus - en chaîne,,,,,,,,,,,1,2,2,1,4
200800009441,0008-02-28 15:30:00,8,2,28,15,30,780,158,"Néant, CHARLES DE GAULLE",,,Plein jour,En agglomération,Hors intersection,Pluie légère,Autre collision,,,,,,,,,,,1,2,1,2,6
200800009442,0008-02-02 15:20:00,8,2,2,15,20,780,190,GENERAL DE GAULLE (AVENU,,,Plein jour,En agglomération,Hors intersection,Normale,Autre collision,,,,,,,,,,,1,2,1,1,6
200800009443,0008-02-06 11:45:00,8,2,6,11,45,780,146,PONT DE CHATOU,,,Plein jour,En agglomération,Hors intersection,Normale,Deux véhicules - arrière,,,,,,,,,,,1,2,1,1,2
200800009444,0008-02-06 17:50:00,8,2,6,17,50,780,650,"137, CARNOT (BOULEVARD)",,,Nuit avec éclairage allumé,En agglomération,Hors intersection,Normale,Autre collision,,,,,,,,,,,5,2,1,1,6
200800009445,0008-02-16 15:40:00,8,2,16,15,40,780,146,"41, MARECHAL JOFFRE (AVE",,,Plein jour,En agglomération,Hors intersection,Normale,Deux véhicules - frontale,,,,,,,,,,,1,2,1,1,1
200800009446,0008-02-11 19:05:00,8,2,11,19,5,790,191,MENDES-FRANCE P.(BD) LIM,,,Nuit sans éclairage public,Hors agglomération,Hors intersection,Normale,Deux véhicules - arrière,,,,,,,,,,,3,1,1,1,2
200800009447,0008-02-15 13:55:00,8,2,15,13,55,790,191,COULONGES (ROUTE),,,Plein jour,En agglomération,Intersection en X,Normale,Deux véhicules - côté,,,,,,,,,,,1,2,2,1,3
200800009448,0008-02-11 17:05:00,8,2,11,17,5,790,329,CAMILLE GUERIN (RUE),,,Plein jour,Hors agglomération,Intersection en X,Normale,Deux véhicules - frontale,,,,,,,,,,,1,1,2,1,1
200800009449,0008-02-12 13:47:00,8,2,12,13,47,790,329,GRAND ROSÉ (RUE DU),,,Plein jour,Hors agglomération,Intersection en X,Normale,Deux véhicules - côté,,,,,,,,,,,1,1,2,1,3
200800009450,0008-02-26 17:25:00,8,2,26,17,25,790,329,"88, RABELAIS (RUE)",,,Plein jour,En agglomération,Hors intersection,Normale,Sans collision,,,,,,,,,,,1,2,1,1,7
200800009451,0008-02-29 16:55:00,8,2,29,16,55,790,329,PUYRAVEAU (ROUTE DE),,,Plein jour,En agglomération,Intersection en T,Temps couvert,Deux véhicules - côté,,,,,,,,,,,1,2,3,8,3
200800009452,0008-02-29 23:30:00,8,2,29,23,30,790,329,CHEVALIER DE LA BARRE (P,,,Nuit avec éclairage allumé,En agglomération,Giratoire,Normale,Sans collision,,,,,,,,,,,5,2,6,1,7
200800009453,0008-02-04 07:58:00,8,2,4,7,58,800,21,"0, JULES FERRY (CHAUSSEE",,,Crépuscule ou aube,En agglomération,Hors intersection,Temps couvert,Deux véhicules - côté,,,,,,,,,,,2,2,1,8,3
200800009454,0008-02-02 10:05:00,8,2,2,10,5,800,21,"0, PAUL CLAUDEL (AVENUE)",,,Plein jour,En agglomération,Intersection en X,Temps éblouissant,Deux véhicules - côté,,,,,,,,,,,1,2,2,7,3
200800009455,0008-02-04 10:25:00,8,2,4,10,25,800,164,"0, CROISETTES (RUE DES )",,,Plein jour,En agglomération,Intersection en X,Normale,Deux véhicules - côté,,,,,,,,,,,1,2,2,1,3
200800009456,0008-02-05 21:20:00,8,2,5,21,20,800,21,"0, ROUBAIX (BOULEVARD DE",,,Nuit avec éclairage allumé,En agglomération,Hors intersection,Normale,Deux véhicules - arrière,,,,,,,,,,,5,2,1,1,2
200800009457,0008-02-05 13:40:00,8,2,5,13,40,800,21,"0, JEAN FROISSART  (RUE)",,,Plein jour,En agglomération,Intersection en T,Normale,Deux véhicules - côté,,,,,,,,,,,1,2,3,1,3
200800009458,0008-02-06 18:30:00,8,2,6,18,30,800,21,"0, ALBERT 1ER (MAIL)",,,Nuit avec éclairage allumé,En agglomération,Hors intersection,Normale,Trois véhicules et plus - en chaîne,,,,,,,,,,,5,2,1,1,4
200800009459,0008-02-06 18:50:00,8,2,6,18,50,800,21,"0, ALFRED CATEL (RUE)",,,Nuit avec éclairage allumé,En agglomération,Hors intersection,Normale,Sans collision,,,,,,,,,,,5,2,1,1,7
200800009460,0008-02-07 16:10:00,8,2,7,16,10,800,21,"0, UTRILLO (RUE)",,,Plein jour,En agglomération,Hors intersection,Normale,Autre collision,,,,,,,,,,,1,2,1,1,6
200800009461,0008-02-08 14:50:00,8,2,8,14,50,800,21,"0, JULES FERRY (CHAUSSEE",,,Plein jour,En agglomération,Hors intersection,Normale,Deux véhicules - arrière,,,,,,,,,,,1,2,1,1,2
200800009462,0008-02-12 20:55:00,8,2,12,20,55,800,21,"0, ROYAL TANKS (CARREFOU",,,Nuit avec éclairage allumé,En agglomération,Hors intersection,Normale,Deux véhicules - côté,,,,,,,,,,,5,2,1,1,3
200800009463,0008-02-14 23:30:00,8,2,14,23,30,800,21,"8, HENRI BARBUSSE (RUE)",,,Nuit avec éclairage allumé,En agglomération,Hors intersection,Normale,Autre collision,,,,,,,,,,,5,2,1,1,6
200800009464,0008-02-13 08:40:00,8,2,13,8,40,800,21,"0, EUROPE (AVENUE DE L')",,,Plein jour,En agglomération,Hors intersection,Normale,Deux véhicules - côté,,,,,,,,,,,1,2,1,1,3
200800009465,0008-02-16 13:00:00,8,2,16,13,0,800,21,"427, COLBERT (RUE )",,,Plein jour,En agglomération,Hors intersection,Normale,Autre collision,,,,,,,,,,,1,2,1,1,6
200800009466,0008-02-18 18:25:00,8,2,18,18,25,800,21,"0, PAIX (AVENUE DE LA)",,,Crépuscule ou aube,En agglomération,Hors intersection,Normale,Deux véhicules - arrière,,,,,,,,,,,2,2,1,1,2
200800009467,0008-02-16 18:05:00,8,2,16,18,5,800,21,"0, PIERRE ROLLIN (ALLEE)",,,Crépuscule ou aube,En agglomération,Hors intersection,Normale,Deux véhicules - côté,,,,,,,,,,,2,2,1,1,3
200800009468,0008-02-19 08:15:00,8,2,19,8,15,800,21,"33, VOGEL (PLACE)",,,Plein jour,En agglomération,Hors intersection,Normale,Autre collision,,,,,,,,,,,1,2,1,1,6
200800009469,0008-02-19 12:10:00,8,2,19,12,10,800,21,"0, VERDUN (RUE DE )",,,Plein jour,En agglomération,Intersection en X,Normale,Deux véhicules - côté,,,,,,,,,,,1,2,2,1,3
200800009470,0008-02-20 13:25:00,8,2,20,13,25,800,21,"75, ALBERT 1ER (MAIL)",,,Plein jour,En agglomération,Hors intersection,Normale,Deux véhicules - arrière,,,,,,,,,,,1,2,1,1,2
200800009471,0008-02-20 12:10:00,8,2,20,12,10,800,21,ROUBAIX (BOULEVARD DE ),,,Plein jour,En agglomération,Hors intersection,Normale,Sans collision,,,,,,,,,,,1,2,1,1,7
200800009472,0008-02-26 18:05:00,8,2,26,18,5,800,489,"0, CAMON (RUE DE )",,,Plein jour,En agglomération,Hors intersection,Normale,Deux véhicules - arrière,,,,,,,,,,,1,2,1,1,2
200800009473,0008-02-25 12:05:00,8,2,25,12,5,800,21,"2, LEO LAGRANGE (RUE)",,,Plein jour,En agglomération,Hors intersection,Normale,Autre collision,,,,,,,,,,,1,2,1,1,6
200800009474,0008-02-25 13:20:00,8,2,25,13,20,800,21,"0, SAINT QUENTIN (BOULEV",,,Plein jour,En agglomération,Hors intersection,Normale,Deux véhicules - côté,,,,,,,,,,,1,2,1,1,3
200800009475,0008-02-22 20:05:00,8,2,22,20,5,800,21,"77, ALBERT 1ER (MAIL)",,,Nuit avec éclairage allumé,En agglomération,Hors intersection,Normale,Trois véhicules et plus - en chaîne,,,,,,,,,,,5,2,1,1,4
200800009476,0008-02-29 19:50:00,8,2,29,19,50,800,21,"625, ABBEVILLE (RUE D')",,,Nuit avec éclairage allumé,En agglomération,Hors intersection,Normale,Deux véhicules - côté,,,,,,,,,,,5,2,1,1,3
200800009477,0008-02-28 16:30:00,8,2,28,16,30,800,21,"0, ETANG SAINT PIERRE (R",,,Plein jour,En agglomération,Intersection en T,Normale,Deux véhicules - côté,,,,,,,,,,,1,2,3,1,3
200800009478,0008-02-08 13:20:00,8,2,8,13,20,810,65,"168, RENOIR (RUE AUGUSTE",,,Plein jour,En agglomération,Intersection en T,Normale,Deux véhicules - côté,,,,,,,,,,,1,2,3,1,3
200800009479,0008-02-27 22:50:00,8,2,27,22,50,810,65,DE GAULLE RD 612 (AV. CH,,,Nuit avec éclairage allumé,En agglomération,Hors intersection,Normale,Sans collision,,,,,,,,,,,5,2,1,1,7
200800009480,0008-02-18 17:50:00,8,2,18,17,50,810,105,NESTAR,,,Plein jour,Hors agglomération,Hors intersection,Normale,Sans collision,,,,,,,,,,,1,1,1,1,7
200800009481,0008-02-10 17:00:00,8,2,10,17,0,820,33,LIBERATION (de la),,,Plein jour,En agglomération,Hors intersection,Normale,Deux véhicules - arrière,,,,,,,,,,,1,2,1,1,2
200800009482,0008-02-22 20:55:00,8,2,22,20,55,820,121,"0, HERRIOT (BOULEVARD ED",,,Nuit avec éclairage allumé,En agglomération,Intersection en X,Normale,Deux véhicules - côté,,,,,,,,,,,5,2,2,1,3
200800009483,0008-02-09 14:15:00,8,2,9,14,15,820,121,"0, JAURES (AVENUE JEAN)",,,Plein jour,En agglomération,Hors intersection,Normale,Autre collision,,,,,,,,,,,1,2,1,1,6
200800009484,0008-02-13 10:00:00,8,2,13,10,0,820,121,"0, MOUSTIER (FAUBOURG DE",,,Plein jour,En agglomération,Hors intersection,Normale,Autre collision,,,,,,,,,,,1,2,1,1,6
200800009485,0008-02-15 14:25:00,8,2,15,14,25,820,121,"1045, LAFON (RUE DU PAST",,,Plein jour,En agglomération,Hors intersection,Normale,Deux véhicules - arrière,,,,,,,,,,,1,2,1,1,2
200800009486,0008-02-16 06:40:00,8,2,16,6,40,820,121,"0, SAINT-MARTIAL (ROUTE",,,Nuit sans éclairage public,Hors agglomération,Hors intersection,Normale,Autre collision,,,,,,,,,,,3,1,1,1,6
200800009487,0008-02-16 15:15:00,8,2,16,15,15,820,121,"0, CHANTILLY (BOULEVARD",,,Plein jour,En agglomération,Giratoire,Normale,Deux véhicules - côté,,,,,,,,,,,1,2,6,1,3
200800009488,0008-02-24 17:40:00,8,2,24,17,40,820,121,"0, PREVOST (RUE B.)",,,Plein jour,En agglomération,Intersection en X,Normale,Deux véhicules - côté,,,,,,,,,,,1,2,2,1,3
200800009489,0008-02-01 13:22:00,8,2,1,13,22,830,50,"1, VIGNERONS(AVENUE DES)",,,Plein jour,En agglomération,Intersection en Y,Normale,Deux véhicules - côté,,,,,,,,,,,1,2,4,1,3
200800009490,0008-02-06 19:25:00,8,2,6,19,25,830,50,"823, GRASSE(ROUTE VIEILL",,,Nuit avec éclairage allumé,En agglomération,Hors intersection,Normale,Deux véhicules - côté,,,,,,,,,,,5,2,1,1,3
200800009491,0008-02-07 14:50:00,8,2,7,14,50,830,50,", LAGRANGE(BOULEVARD LEO",,,Plein jour,En agglomération,Hors intersection,Normale,Autre collision,,,,,,,,,,,1,2,1,1,6
200800009492,0008-02-07 19:56:00,8,2,7,19,56,830,50,"181, TUTTLINGEN(AVENUE D",,,Nuit sans éclairage public,En agglomération,Hors intersection,Normale,Deux véhicules - frontale,,,,,,,,,,,3,2,1,1,1
200800009493,0008-02-08 11:10:00,8,2,8,11,10,830,50,"27, VERDUN( AVENUE DE)",,,Plein jour,En agglomération,Hors intersection,Normale,Deux véhicules - arrière,,,,,,,,,,,1,2,1,1,2
200800009494,0008-02-08 17:00:00,8,2,8,17,0,830,50,"292, SAINT HERMENTAIRE(A",,,Plein jour,En agglomération,Hors intersection,Normale,Deux véhicules - côté,,,,,,,,,,,1,2,1,1,3
200800009495,0008-02-08 21:15:00,8,2,8,21,15,830,50,"52, GRASSE(ROUTE VIEILLE",,,Nuit avec éclairage allumé,En agglomération,Hors intersection,Normale,Deux véhicules - frontale,,,,,,,,,,,5,2,1,1,1
200800009496,0008-02-09 09:20:00,8,2,9,9,20,830,50,CLEMENCEAU(BOULEVARD GEO,,,Plein jour,En agglomération,Hors intersection,Normale,Sans collision,,,,,,,,,,,1,2,1,1,7
200800009497,0008-02-12 16:05:00,8,2,12,16,5,830,50,MURAIRE(BOULEVARD COMTE),,,Plein jour,En agglomération,Intersection en T,Normale,Deux véhicules - côté,,,,,,,,,,,1,2,3,1,3
200800009498,0008-02-14 18:50:00,8,2,14,18,50,830,50,", DIX HUIT JUIN 1940(AVE",,,Nuit avec éclairage allumé,En agglomération,Hors intersection,Normale,Deux véhicules - côté,,,,,,,,,,,5,2,1,1,3
200800009499,0008-02-15 19:15:00,8,2,15,19,15,830,50,"43, CARNOT(AVENUE LAZARE",,,Nuit avec éclairage allumé,En agglomération,Hors intersection,Normale,Autre collision,,,,,,,,,,,5,2,1,1,6
200800009500,0008-02-16 19:05:00,8,2,16,19,5,830,50,"68, CARNOT(AVENUE LAZARE",,,Nuit avec éclairage allumé,En agglomération,Intersection en T,Normale,Deux véhicules - côté,,,,,,,,,,,5,2,3,1,3
200800009501,0008-02-22 07:12:00,8,2,22,7,12,830,50,BOUALAM(ROND POINT BACHA,,,Crépuscule ou aube,En agglomération,Hors intersection,Normale,Deux véhicules - côté,,,,,,,,,,,2,2,1,1,3
200800009502,0008-02-26 08:05:00,8,2,26,8,5,830,50,"1, SAINT JAUME(CHEMIN)",,,Plein jour,En agglomération,Intersection en T,Normale,Deux véhicules - côté,,,,,,,,,,,1,2,3,1,3
200800009503,0008-02-26 13:20:00,8,2,26,13,20,830,50,CARNOT(AVENUE LAZARE),,,Plein jour,En agglomération,Hors intersection,Normale,Deux véhicules - côté,,,,,,,,,,,1,2,1,1,3
200800009504,0008-02-28 09:45:00,8,2,28,9,45,830,50,FREINET(PLACE CELESTIN),,,Plein jour,En agglomération,Giratoire,Normale,Deux véhicules - côté,,,,,,,,,,,1,2,6,1,3
200800009505,0008-02-29 11:50:00,8,2,29,11,50,830,50,MERMOZ(BOULEVARD JEAN),,,Plein jour,En agglomération,Intersection en T,Normale,Deux véhicules - côté,,,,,,,,,,,1,2,3,1,3
200800009506,0008-02-29 17:25:00,8,2,29,17,25,830,50,", JOFFRE(BOULEVARD DU MA",,,Plein jour,En agglomération,Hors intersection,Normale,Autre collision,,,,,,,,,,,1,2,1,1,6
200800009507,0008-02-09 23:05:00,8,2,9,23,5,830,118,ROUTE DE LA CORNICHE,,,Nuit avec éclairage allumé,En agglomération,Intersection en T,Normale,Deux véhicules - arrière,,,,,,,,,,,5,2,3,1,2
200800009508,0008-02-11 15:18:00,8,2,11,15,18,830,61,"0, D37",,,Plein jour,En agglomération,Hors intersection,Normale,Deux véhicules - côté,,,,,,,,,,,1,2,1,1,3
200800009509,0008-02-11 21:00:00,8,2,11,21,0,830,61,"0, CD8",,,Nuit sans éclairage public,Hors agglomération,Hors intersection,Normale,Deux véhicules - côté,,,,,,,,,,,3,1,1,1,3
200800009510,0008-02-14 09:15:00,8,2,14,9,15,830,118,"157, AVENUE EUGÈNE FÉLIX",,,Plein jour,En agglomération,Hors intersection,Normale,Trois véhicules et plus - collisions multiples,,,,,,,,,,,1,2,1,1,5
200800009511,0008-02-20 21:00:00,8,2,20,21,0,830,118,"0, RUE DU STADE",,,Nuit avec éclairage allumé,En agglomération,Hors intersection,Normale,Deux véhicules - frontale,,,,,,,,,,,5,2,1,1,1
200800009512,0008-02-03 16:50:00,8,2,3,16,50,830,69,OLBIA  (VOIE),,,Plein jour,Hors agglomération,Hors intersection,Normale,Deux véhicules - arrière,,,,,,,,,,,1,1,1,1,2
200800009513,0008-02-02 11:40:00,8,2,2,11,40,830,69,MARAIS (ROUTE DES),,,Plein jour,Hors agglomération,Hors intersection,Normale,Deux véhicules - côté,,,,,,,,,,,1,1,1,1,3
200800009514,0008-02-21 09:30:00,8,2,21,9,30,830,69,"NS, OLBIA  (VOIE)",,,Plein jour,En agglomération,Intersection en X,Normale,Deux véhicules - côté,,,,,,,,,,,1,2,2,1,3
200800009515,0008-02-01 21:00:00,8,2,1,21,0,830,126,"0, RIMBAUD (RUE ARTHUR)",,,Nuit avec éclairage allumé,En agglomération,Hors intersection,Normale,Deux véhicules - arrière,,,,,,,,,,,5,2,1,1,2
200800009516,0008-02-06 07:20:00,8,2,6,7,20,830,126,"0, ARMEE FRANCAISE (AV D",,,Crépuscule ou aube,En agglomération,Hors intersection,Normale,Deux véhicules - côté,,,,,,,,,,,2,2,1,1,3
200800009517,0008-02-17 12:35:00,8,2,17,12,35,830,126,"0, RABIN(ROND POINT YITZ",,,Plein jour,En agglomération,Hors intersection,Normale,Deux véhicules - frontale,,,,,,,,,,,1,2,1,1,1
200800009518,0008-02-19 08:00:00,8,2,19,8,0,830,126,"86, IVALDI (AV JEAN BAPT",,,Plein jour,En agglomération,Hors intersection,Normale,Deux véhicules - côté,,,,,,,,,,,1,2,1,1,3
200800009519,0008-02-15 20:00:00,8,2,15,20,0,830,126,"0, ORVES (AV ESTIENNE D'",,,Nuit avec éclairage allumé,En agglomération,Intersection en T,Normale,Deux véhicules - côté,,,,,,,,,,,5,2,3,1,3
200800009520,0008-02-21 16:30:00,8,2,21,16,30,830,126,"0, Pablo Neruda",,,Plein jour,En agglomération,Hors intersection,Normale,Deux véhicules - côté,,,,,,,,,,,1,2,1,1,3
200800009521,0008-02-29 19:16:00,8,2,29,19,16,830,126,"0, LA SEYNE A SIX FOURS",,,Nuit sans éclairage public,En agglomération,Hors intersection,Normale,Autre collision,,,,,,,,,,,3,2,1,1,6
200800009522,0008-02-04 06:45:00,8,2,4,6,45,830,137,MICHELETC (BD JULES),,,Nuit avec éclairage allumé,En agglomération,Hors intersection,Pluie légère,Autre collision,,,,,,,,,,,5,2,1,2,6
200800009523,0008-02-03 20:20:00,8,2,3,20,20,830,137,"316, SIBLAS (AVE DE BAS",,,Nuit avec éclairage allumé,En agglomération,Intersection en T,Normale,Deux véhicules - frontale,,,,,,,,,,,5,2,3,1,1
200800009524,0008-02-04 11:30:00,8,2,4,11,30,830,137,"201, FONTAN (AVE DU DOCT",,,Plein jour,En agglomération,Intersection en Y,Pluie forte,Autre collision,,,,,,,,,,,1,2,4,3,6
200800009525,0008-02-02 20:40:00,8,2,2,20,40,830,98,BROSSET (AVENUE DU GENER,,,Nuit avec éclairage allumé,En agglomération,Hors intersection,Normale,Trois véhicules et plus - en chaîne,,,,,,,,,,,5,2,1,1,4
200800009526,0008-02-06 16:40:00,8,2,6,16,40,830,137,15EME CORPS (AVE DU),,,Plein jour,En agglomération,Intersection en T,Normale,Deux véhicules - côté,,,,,,,,,,,1,2,3,1,3
200800009527,0008-02-07 17:21:00,8,2,7,17,21,830,137,"875, MISTRAL (ALLEE / LI",,,Plein jour,En agglomération,Hors intersection,Normale,Deux véhicules - frontale,,,,,,,,,,,1,2,1,1,1
200800009528,0008-02-02 14:30:00,8,2,2,14,30,830,90,NATIONALE 8 (ROUTE),,,Plein jour,En agglomération,Hors intersection,Normale,Deux véhicules - côté,,,,,,,,,,,1,2,1,1,3
200800009529,0008-02-09 19:45:00,8,2,9,19,45,830,137,"422, FOCH (AVE DU MARECH",,,Nuit avec éclairage allumé,En agglomération,Hors intersection,Normale,Trois véhicules et plus - collisions multiples,,,,,,,,,,,5,2,1,1,5
200800009530,0008-02-07 17:45:00,8,2,7,17,45,830,62,"0, Parking ""clos Meunier",,,Nuit avec éclairage allumé,En agglomération,Hors intersection,Normale,Autre collision,,,,,,,,,,,5,2,1,1,6
200800009531,0008-02-11 13:50:00,8,2,11,13,50,830,137,"185, INFANTERIE DE MARIN",,,Plein jour,En agglomération,Hors intersection,Normale,Deux véhicules - arrière,,,,,,,,,,,1,2,1,1,2
200800009532,0008-02-04 16:00:00,8,2,4,16,0,830,137,"20, BLACHE (PLACE NOEL)",,,Plein jour,En agglomération,Place,Normale,Autre collision,,,,,,,,,,,1,2,7,1,6
200800009533,0008-02-08 17:40:00,8,2,8,17,40,830,137,POMETS (ROUTE DES),,,Plein jour,Hors agglomération,Hors intersection,Normale,Deux véhicules - frontale,,,,,,,,,,,1,1,1,1,1
200800009534,0008-02-05 12:10:00,8,2,5,12,10,830,62,DRAGUIGNAN (AVENUE DE),,,Plein jour,En agglomération,Hors intersection,Normale,Trois véhicules et plus - collisions multiples,,,,,,,,,,,1,2,1,1,5
200800009535,0008-02-01 15:00:00,8,2,1,15,0,830,137,"22, 15EME CORPS (AVE DU)",,,Plein jour,En agglomération,Hors intersection,Normale,Autre collision,,,,,,,,,,,1,2,1,1,6
200800009536,0008-02-06 19:20:00,8,2,6,19,20,830,137,GASQUET (AVE JOSEPH DE 1,,,Nuit avec éclairage allumé,En agglomération,Hors intersection,Normale,Deux véhicules - côté,,,,,,,,,,,5,2,1,1,3
200800009537,0008-02-10 03:10:00,8,2,10,3,10,830,144,BLANC (BD DR EUGENE),,,Nuit avec éclairage allumé,Hors agglomération,Hors intersection,Normale,Sans collision,,,,,,,,,,,5,1,1,1,7
200800009538,0008-02-15 20:20:00,8,2,15,20,20,830,137,15EME CORPS (AVE DU),,,Nuit avec éclairage allumé,En agglomération,Intersection en T,Normale,Deux véhicules - côté,,,,,,,,,,,5,2,3,1,3
200800009539,0008-02-14 01:20:00,8,2,14,1,20,830,137,MISTRAL (ALLEE / LITTORA,,,Nuit avec éclairage allumé,En agglomération,Intersection en Y,Normale,Autre collision,,,,,,,,,,,5,2,4,1,6
200800009540,0008-02-21 17:45:00,8,2,21,17,45,830,137,JONQUET (ROUTE DU),,,Plein jour,En agglomération,Giratoire,Normale,Deux véhicules - frontale,,,,,,,,,,,1,2,6,1,1
200800009541,0008-02-22 11:00:00,8,2,22,11,0,830,90,"332, MISTRAL (AVE FREDER",,,Plein jour,En agglomération,Hors intersection,Normale,Deux véhicules - côté,,,,,,,,,,,1,2,1,1,3
200800009542,0008-02-22 13:00:00,8,2,22,13,0,830,137,REINE JEANNE (RUE DE LA),,,Plein jour,En agglomération,Intersection en X,Normale,Deux véhicules - côté,,,,,,,,,,,1,2,2,1,3
200800009543,0008-02-21 18:45:00,8,2,21,18,45,830,137,"355, CLARET (AVE DE SAUF",,,Nuit avec éclairage allumé,En agglomération,Intersection en X,Normale,Deux véhicules - côté,,,,,,,,,,,5,2,2,1,3
200800009544,0008-02-16 18:45:00,8,2,16,18,45,830,137,"0, SAINTE CLAIRE DEVILLE",,,Nuit avec éclairage allumé,En agglomération,Hors intersection,Normale,Deux véhicules - côté,,,,,,,,,,,5,2,1,1,3
200800009545,0008-02-25 17:00:00,8,2,25,17,0,830,90,"0, DEPARTEMENTALE 11 (RO",,,Plein jour,Hors agglomération,Hors intersection,Normale,Deux véhicules - côté,,,,,,,,,,,1,1,1,1,3
200800009546,0008-02-20 14:45:00,8,2,20,14,45,830,137,"155, LYAUTEY (AVE MARECH",,,Plein jour,En agglomération,Hors intersection,Normale,Sans collision,,,,,,,,,,,1,2,1,1,7
200800009547,0008-02-27 13:45:00,8,2,27,13,45,830,137,"250, MARSEILLE (ROUTE DE",,,Plein jour,En agglomération,Hors intersection,Normale,Deux véhicules - arrière,,,,,,,,,,,1,2,1,1,2
200800009548,0008-02-28 13:30:00,8,2,28,13,30,830,98,BROSSET (AVENUE DU GENER,,,Plein jour,Hors agglomération,Intersection en T,Temps couvert,Deux véhicules - côté,,,,,,,,,,,1,1,3,8,3