accident_id,datetime,annee,mois,jour,heure,minute,departement,commune_insee,adresse,latitude,longitude,luminosite,agglomeration,intersection,meteo,collision,nb_vehicules,nb_usagers,nb_indemnes,nb_tues,nb_blesses_hosp,nb_blesses_legers,age_cond_1,age_cond_2,veh_type_cond_1,veh_type_cond_2,lum_code,agg_code,int_code,atm_code,col_code
200800009549,0008-02-14 09:00:00,8,2,14,9,0,830,137,RESISTANCE (AVE / IMP DE,,,Plein jour,En agglomération,Hors intersection,Normale,Deux véhicules - côté,,,,,,,,,,,1,2,1,1,3
200800009550,0008-02-15 11:00:00,8,2,15,11,0,830,137,ROOSEVELT (AVE FRANKLIN),,,Plein jour,En agglomération,Hors intersection,Normale,Autre collision,,,,,,,,,,,1,2,1,1,6
200800009551,0008-02-26 11:45:00,8,2,26,11,45,830,137,"0, NICE (ROUTE DE)",,,Plein jour,En agglomération,Hors intersection,Normale,Deux véhicules - côté,,,,,,,,,,,1,2,1,1,3
200800009552,0008-02-28 08:25:00,8,2,28,8,25,830,144,AUTOROUTE EST (ECHANG LA,,,Plein jour,En agglomération,Giratoire,Normale,Deux véhicules - côté,,,,,,,,,,,1,2,6,1,3
200800009553,0008-02-29 20:45:00,8,2,29,20,45,830,62,", LURCAT (AVENUE ANDRE)",,,Nuit avec éclairage allumé,En agglomération,Intersection en T,Normale,Autre collision,,,,,,,,,,,5,2,3,1,6
200800009554,0008-02-27 10:10:00,8,2,27,10,10,830,137,"5, PONT DE BOIS (CHEMIN",,,Plein jour,En agglomération,Hors intersection,Normale,Autre collision,,,,,,,,,,,1,2,1,1,6
200800009555,0008-02-20 01:25:00,8,2,20,1,25,830,62,GANCE (AVENUE ABEL),,,Nuit avec éclairage allumé,En agglomération,Hors intersection,Normale,Autre collision,,,,,,,,,,,5,2,1,1,6
200800009556,0008-02-27 13:50:00,8,2,27,13,50,830,144,D.L.F. (AVE DE LA 1ERE),,,Plein jour,Hors agglomération,Hors intersection,Normale,Deux véhicules - arrière,,,,,,,,,,,1,1,1,1,2
200800009557,0008-02-23 18:00:00,8,2,23,18,0,830,137,PEROT (IMP),,,Crépuscule ou aube,En agglomération,Hors intersection,Autre,Autre collision,,,,,,,,,,,2,2,1,9,6
200800009558,0008-02-22 19:15:00,8,2,22,19,15,830,137,ROUTES (AVE DES),,,Nuit sans éclairage public,En agglomération,Giratoire,Normale,Deux véhicules - côté,,,,,,,,,,,3,2,6,1,3
200800009559,0008-02-03 18:10:00,8,2,3,18,10,840,7,TRILLADE (avenue de la ),,,Nuit avec éclairage allumé,En agglomération,Hors intersection,Normale,Deux véhicules - côté,,,,,,,,,,,5,2,1,1,3
200800009560,0008-02-04 07:45:00,8,2,4,7,45,840,7,"6, BONAVENTURE (CHEMIN D",,,Crépuscule ou aube,En agglomération,Hors intersection,Pluie forte,Autre collision,,,,,,,,,,,2,2,1,3,6
200800009561,0008-02-06 18:10:00,8,2,6,18,10,840,7,D'ORVES (rue Etienne),,,Crépuscule ou aube,En agglomération,Hors intersection,Normale,Deux véhicules - côté,,,,,,,,,,,2,2,1,1,3
200800009562,0008-02-08 10:30:00,8,2,8,10,30,840,7,SOURCES (Avenue des),,,Plein jour,En agglomération,Giratoire,Normale,Deux véhicules - côté,,,,,,,,,,,1,2,6,1,3
200800009563,0008-02-11 10:45:00,8,2,11,10,45,840,7,"310, PIERRE SEMARD (aven",,,Plein jour,En agglomération,Hors intersection,Normale,Deux véhicules - arrière,,,,,,,,,,,1,2,1,1,2
200800009564,0008-02-12 09:30:00,8,2,12,9,30,840,7,REALPANIER (Rond point d,,,Plein jour,En agglomération,Giratoire,Normale,Deux véhicules - arrière,,,,,,,,,,,1,2,6,1,2
200800009565,0008-02-13 19:40:00,8,2,13,19,40,840,7,MONCLAR (Avenue),,,Nuit avec éclairage allumé,En agglomération,Intersection en T,Normale,Deux véhicules - côté,,,,,,,,,,,5,2,3,1,3
200800009566,0008-02-15 14:00:00,8,2,15,14,0,840,7,ROUTE NATIONALE 7,,,Plein jour,Hors agglomération,Giratoire,Normale,Autre collision,,,,,,,,,,,1,1,6,1,6
200800009567,0008-02-16 18:20:00,8,2,16,18,20,840,7,C.De GAULLE (Rocade),,,Plein jour,En agglomération,Hors intersection,Normale,Deux véhicules - côté,,,,,,,,,,,1,2,1,1,3
200800009568,0008-02-18 17:00:00,8,2,18,17,0,840,7,MARSEILLE (Route de ),,,Plein jour,En agglomération,Hors intersection,Normale,Deux véhicules - arrière,,,,,,,,,,,1,2,1,1,2
200800009569,0008-02-19 17:45:00,8,2,19,17,45,840,7,AEROPORT (Rond point de,,,Plein jour,En agglomération,Hors intersection,Normale,Deux véhicules - côté,,,,,,,,,,,1,2,1,1,3
200800009570,0008-02-23 07:00:00,8,2,23,7,0,840,7,LIMBERT (Boulevard),,,Crépuscule ou aube,En agglomération,Intersection en X,Normale,Deux véhicules - côté,,,,,,,,,,,2,2,2,1,3
200800009571,0008-02-27 17:35:00,8,2,27,17,35,840,7,TARASCON ( Avenue de),,,Plein jour,En agglomération,Intersection en X,Normale,Deux véhicules - côté,,,,,,,,,,,1,2,2,1,3
200800009572,0008-02-28 07:25:00,8,2,28,7,25,840,7,GARANCE (rue de la),,,Crépuscule ou aube,En agglomération,Hors intersection,Normale,Deux véhicules - côté,,,,,,,,,,,2,2,1,1,3
200800009573,0008-02-28 08:00:00,8,2,28,8,0,840,7,C.De GAULLE (Rocade),,,Plein jour,En agglomération,Hors intersection,Normale,Autre collision,,,,,,,,,,,1,2,1,1,6
200800009574,0008-02-28 18:10:00,8,2,28,18,10,840,7,MONTFAVET (Route),,,Plein jour,En agglomération,Hors intersection,Normale,Deux véhicules - frontale,,,,,,,,,,,1,2,1,1,1
200800009575,0008-02-29 10:34:00,8,2,29,10,34,840,7,VALENTE (Avenue Charles),,,Plein jour,En agglomération,Hors intersection,Normale,Deux véhicules - côté,,,,,,,,,,,1,2,1,1,3
200800009576,0008-02-06 06:55:00,8,2,6,6,55,840,35,RD.973,,,Crépuscule ou aube,Hors agglomération,Intersection en T,Normale,Trois véhicules et plus - collisions multiples,,,,,,,,,,,2,1,3,1,5
200800009577,0008-02-18 18:35:00,8,2,18,18,35,840,35,"126, PERTUIS (ROUTE DE)",,,Crépuscule ou aube,En agglomération,Hors intersection,Normale,Deux véhicules - côté,,,,,,,,,,,2,2,1,1,3
200800009578,0008-02-08 20:50:00,8,2,8,20,50,840,87,MOULIN (RUE JEAN),,,Nuit sans éclairage public,En agglomération,Intersection en T,Normale,Deux véhicules - côté,,,,,,,,,,,3,2,3,1,3
200800009579,0008-02-24 16:25:00,8,2,24,16,25,840,87,LYON (ROUTE DE),,,Plein jour,En agglomération,Hors intersection,Normale,Deux véhicules - côté,,,,,,,,,,,1,2,1,1,3
200800009580,0008-02-18 15:25:00,8,2,18,15,25,850,191,DEPARTEMENTALE 160,,,Plein jour,Hors agglomération,Hors intersection,Normale,Deux véhicules - frontale,,,,,,,,,,,1,1,1,1,1
200800009581,0008-02-19 17:46:00,8,2,19,17,46,850,191,"125, SALENGRO RUE ROGER",,,Plein jour,En agglomération,Hors intersection,Normale,Autre collision,,,,,,,,,,,1,2,1,1,6
200800009582,0008-02-27 12:11:00,8,2,27,12,11,850,191,NOIRON CHEMIN DE,,,Plein jour,Hors agglomération,Hors intersection,Pluie légère,Deux véhicules - arrière,,,,,,,,,,,1,1,1,2,2
200800009583,0008-02-28 13:15:00,8,2,28,13,15,850,191,"53, AUBIGNY RUE D'",,,Plein jour,En agglomération,Intersection en T,Normale,Deux véhicules - côté,,,,,,,,,,,1,2,3,1,3
200800009584,0008-02-13 12:10:00,8,2,13,12,10,850,191,"0, RAMON RUE GASTON",,,Plein jour,En agglomération,Hors intersection,Normale,Autre collision,,,,,,,,,,,1,2,1,1,6
200800009585,0008-02-06 18:10:00,8,2,6,18,10,850,194,MITTERAND (AVENUE FRANCO,,,Crépuscule ou aube,En agglomération,Intersection en X,Normale,Deux véhicules - côté,,,,,,,,,,,2,2,2,1,3
200800009586,0008-02-07 11:35:00,8,2,7,11,35,850,194,AQUITAINE (AVENUE D'),,,Plein jour,En agglomération,Giratoire,Normale,Deux véhicules - côté,,,,,,,,,,,1,2,6,1,3
200800009587,0008-02-13 08:48:00,8,2,13,8,48,860,66,RD 910,,,Plein jour,En agglomération,Intersection en X,Normale,Deux véhicules - arrière,,,,,,,,,,,1,2,2,1,2
200800009588,0008-02-01 10:45:00,8,2,1,10,45,860,194,"14, SALVADOR ALLENDE (RU",,,Plein jour,En agglomération,Hors intersection,Pluie légère,Sans collision,,,,,,,,,,,1,2,1,2,7
200800009589,0008-02-01 18:50:00,8,2,1,18,50,860,194,"., NANTES (AVENUE DE)",,,Nuit avec éclairage allumé,En agglomération,Intersection en X,Pluie légère,Deux véhicules - frontale,,,,,,,,,,,5,2,2,2,1
200800009590,0008-02-05 21:45:00,8,2,5,21,45,860,194,"6, PILARDIERE (RUE DE LA",,,Nuit avec éclairage allumé,En agglomération,Hors intersection,Pluie légère,Deux véhicules - frontale,,,,,,,,,,,5,2,1,2,1
200800009591,0008-02-11 17:30:00,8,2,11,17,30,860,194,JOHN KENNEDY (AVENUE),,,Plein jour,En agglomération,Intersection en X,Normale,Deux véhicules - côté,,,,,,,,,,,1,2,2,1,3
200800009592,0008-02-12 13:20:00,8,2,12,13,20,860,194,ROCADE OUEST (RN10),,,Plein jour,En agglomération,Intersection en X,Normale,Deux véhicules - côté,,,,,,,,,,,1,2,2,1,3
200800009593,0008-02-12 16:05:00,8,2,12,16,5,860,194,"109, FAUBOURG PONT NEUF",,,Plein jour,En agglomération,Hors intersection,Normale,Sans collision,,,,,,,,,,,1,2,1,1,7
200800009594,0008-02-12 16:40:00,8,2,12,16,40,860,194,TOURNIQUET (RUE DU),,,Plein jour,En agglomération,Intersection en T,Normale,Deux véhicules - côté,,,,,,,,,,,1,2,3,1,3
200800009595,0008-02-12 17:30:00,8,2,12,17,30,860,194,RENE AMAND (RUE),,,Plein jour,En agglomération,Intersection en X,Normale,Sans collision,,,,,,,,,,,1,2,2,1,7
200800009596,0008-02-12 19:15:00,8,2,12,19,15,860,194,"198, FAUBOURG PONT NEUF",,,Nuit avec éclairage allumé,En agglomération,Hors intersection,Normale,Autre collision,,,,,,,,,,,5,2,1,1,6
200800009597,0008-02-14 12:10:00,8,2,14,12,10,860,158,"., SAINT NICOLAS (ROUTE",,,Plein jour,En agglomération,Hors intersection,Normale,Deux véhicules - arrière,,,,,,,,,,,1,2,1,1,2
200800009598,0008-02-15 10:25:00,8,2,15,10,25,860,194,JOHN KENNEDY (AVENUE),,,Plein jour,En agglomération,Intersection en T,Brouillard / fumée,Deux véhicules - côté,,,,,,,,,,,1,2,3,5,3
200800009599,0008-02-16 12:10:00,8,2,16,12,10,860,194,"., JEAN MERMOZ  (RUE)",,,Plein jour,En agglomération,Intersection en X,Normale,Deux véhicules - côté,,,,,,,,,,,1,2,2,1,3
200800009600,0008-02-19 07:00:00,8,2,19,7,0,860,194,"Face au 22, MAILLOCHON (",,,Nuit avec éclairage allumé,En agglomération,Hors intersection,Normale,Autre collision,,,,,,,,,,,5,2,1,1,6
200800009601,0008-02-19 23:20:00,8,2,19,23,20,860,194,RN 147,,,Nuit sans éclairage public,Hors agglomération,Hors intersection,Pluie légère,Deux véhicules - côté,,,,,,,,,,,3,1,1,2,3
200800009602,0008-02-20 18:20:00,8,2,20,18,20,860,194,"28, VICTOR HUGO (RUE)",,,Crépuscule ou aube,En agglomération,Hors intersection,Normale,Autre collision,,,,,,,,,,,2,2,1,1,6
200800009603,0008-02-21 19:05:00,8,2,21,19,5,860,41,PLANTY (RUE DU),,,Nuit avec éclairage allumé,En agglomération,Intersection en X,Temps couvert,Deux véhicules - côté,,,,,,,,,,,5,2,2,8,3
200800009604,0008-02-20 23:30:00,8,2,20,23,30,860,194,"208, PARIS (AVENUE DE)",,,Nuit avec éclairage non allumé,En agglomération,Hors intersection,Normale,Autre collision,,,,,,,,,,,4,2,1,1,6
200800009605,0008-02-21 11:45:00,8,2,21,11,45,860,194,"25, BONNEUIL MATOURS (RO",,,Plein jour,En agglomération,Hors intersection,Normale,Deux véhicules - arrière,,,,,,,,,,,1,2,1,1,2
200800009606,0008-02-22 20:40:00,8,2,22,20,40,860,194,JOHN KENNEDY (AVENUE),,,Nuit avec éclairage allumé,En agglomération,Intersection en X,Normale,Deux véhicules - côté,,,,,,,,,,,5,2,2,1,3
200800009607,0008-02-22 20:45:00,8,2,22,20,45,860,194,MARNE (RUE DE LA MARNE),,,Nuit avec éclairage allumé,En agglomération,Intersection en T,Normale,Deux véhicules - côté,,,,,,,,,,,5,2,3,1,3
200800009608,0008-02-25 10:45:00,8,2,25,10,45,860,194,ROCADE EST (RD 162),,,Plein jour,En agglomération,Hors intersection,Normale,Sans collision,,,,,,,,,,,1,2,1,1,7
200800009609,0008-02-25 17:20:00,8,2,25,17,20,860,194,"167, MONTBERNAGE (RUE DE",,,Plein jour,En agglomération,Intersection en T,Normale,Deux véhicules - côté,,,,,,,,,,,1,2,3,1,3
200800009610,0008-02-25 23:30:00,8,2,25,23,30,860,194,ROCADE OUEST (RN10),,,Nuit avec éclairage allumé,En agglomération,Intersection en X,Normale,Deux véhicules - côté,,,,,,,,,,,5,2,2,1,3
200800009611,0008-02-26 14:00:00,8,2,26,14,0,860,194,DOLMEN (RUE DU),,,Plein jour,En agglomération,Intersection en X,Pluie légère,Deux véhicules - arrière,,,,,,,,,,,1,2,2,2,2
200800009612,0008-02-01 12:23:00,8,2,1,12,23,870,85,"58, BABYLONE (RUE DE)",,,Plein jour,En agglomération,Hors intersection,Normale,Deux véhicules - arrière,,,,,,,,,,,1,2,1,1,2
200800009613,0008-02-01 17:14:00,8,2,1,17,14,870,85,AUTOROUTE A20,,,Plein jour,Hors agglomération,Hors intersection,Pluie légère,Deux véhicules - arrière,,,,,,,,,,,1,1,1,2,2
200800009614,0008-02-01 17:07:00,8,2,1,17,7,870,85,"1, MIDI (AVENUE DU)",,,Plein jour,En agglomération,Intersection en X,Normale,Deux véhicules - côté,,,,,,,,,,,1,2,2,1,3
200800009615,0008-02-04 15:31:00,8,2,4,15,31,870,85,"5, GAMBETTA (BOULEVARD)",,,Plein jour,En agglomération,Intersection en X,Normale,Autre collision,,,,,,,,,,,1,2,2,1,6
200800009616,0008-02-05 11:02:00,8,2,5,11,2,870,114,"6, BETOULLE (AVENUE LEON",,,Plein jour,En agglomération,Hors intersection,Normale,Autre collision,,,,,,,,,,,1,2,1,1,6
200800009617,0008-02-07 14:01:00,8,2,7,14,1,870,85,"22, BLANC LOUIS (BOULEVA",,,Plein jour,En agglomération,Hors intersection,Normale,Autre collision,,,,,,,,,,,1,2,1,1,6
200800009618,0008-02-07 15:15:00,8,2,7,15,15,870,85,"282, PERRIN (RUE FRANCOI",,,Plein jour,En agglomération,Hors intersection,Normale,Autre collision,,,,,,,,,,,1,2,1,1,6
200800009619,0008-02-08 08:35:00,8,2,8,8,35,870,85,AUTOROUTE A20,,,Plein jour,Hors agglomération,Hors intersection,Normale,Autre collision,,,,,,,,,,,1,1,1,1,6
200800009620,0008-02-09 00:07:00,8,2,9,0,7,870,50,"91, ARTHUGERAS ( rue)",,,Nuit avec éclairage allumé,En agglomération,Hors intersection,Normale,Autre collision,,,,,,,,,,,5,2,1,1,6
200800009621,0008-02-09 09:49:00,8,2,9,9,49,870,85,"90, REVOLUTION (AVENUE D",,,Plein jour,En agglomération,Intersection en X,Normale,Deux véhicules - côté,,,,,,,,,,,1,2,2,1,3
200800009622,0008-02-11 17:59:00,8,2,11,17,59,870,85,"269, TOULOUSE (RUE DE)",,,Plein jour,En agglomération,Hors intersection,Normale,Deux véhicules - arrière,,,,,,,,,,,1,2,1,1,2
200800009623,0008-02-11 19:11:00,8,2,11,19,11,870,85,"90, GARIBALDI (AVENUE)",,,Nuit avec éclairage allumé,En agglomération,Hors intersection,Normale,Autre collision,,,,,,,,,,,5,2,1,1,6
200800009624,0008-02-12 12:00:00,8,2,12,12,0,870,85,"15, CRUCIFIX (RUE DU)",,,Plein jour,En agglomération,Intersection en X,Normale,Deux véhicules - côté,,,,,,,,,,,1,2,2,1,3
200800009625,0008-02-12 21:23:00,8,2,12,21,23,870,85,"17, ISLY (RUE D')",,,Nuit avec éclairage allumé,En agglomération,Intersection en X,Normale,Deux véhicules - côté,,,,,,,,,,,5,2,2,1,3
200800009626,0008-02-13 01:18:00,8,2,13,1,18,870,85,AUTOROUTE A20,,,Nuit avec éclairage non allumé,Hors agglomération,Hors intersection,Normale,Deux véhicules - arrière,,,,,,,,,,,4,1,1,1,2
200800009627,0008-02-15 04:31:00,8,2,15,4,31,870,85,MONNET (RUE JEAN),,,Nuit avec éclairage allumé,En agglomération,Hors intersection,Normale,Deux véhicules - arrière,,,,,,,,,,,5,2,1,1,2
200800009628,0008-02-16 11:27:00,8,2,16,11,27,870,85,"25, NADAUD (RUE GUSTAVE)",,,Plein jour,En agglomération,Hors intersection,Normale,Autre collision,,,,,,,,,,,1,2,1,1,6
200800009629,0008-02-16 15:36:00,8,2,16,15,36,870,85,"215, LANDOUGE (AVENUE DE",,,Plein jour,En agglomération,Hors intersection,Normale,Deux véhicules - côté,,,,,,,,,,,1,2,1,1,3
200800009630,0008-02-17 07:05:00,8,2,17,7,5,870,65,PONTEIX (AVENUE DU),,,Nuit avec éclairage allumé,En agglomération,Hors intersection,Normale,Autre collision,,,,,,,,,,,5,2,1,1,6
200800009631,0008-02-17 16:26:00,8,2,17,16,26,870,85,"7, MARCONI (AVENUE)",,,Plein jour,En agglomération,Hors intersection,Normale,Autre collision,,,,,,,,,,,1,2,1,1,6
200800009632,0008-02-17 21:54:00,8,2,17,21,54,870,85,"3, LAGRANGE (RUE HENRI)",,,Nuit avec éclairage allumé,En agglomération,Hors intersection,Normale,Autre collision,,,,,,,,,,,5,2,1,1,6
200800009633,0008-02-18 07:55:00,8,2,18,7,55,870,85,AUTOROUTE A20,,,Plein jour,Hors agglomération,Hors intersection,Normale,Autre collision,,,,,,,,,,,1,1,1,1,6
200800009634,0008-02-19 18:02:00,8,2,19,18,2,870,113,"12/14, JAURES (RUE JEAN)",,,Plein jour,En agglomération,Hors intersection,Normale,Deux véhicules - arrière,,,,,,,,,,,1,2,1,1,2
200800009635,0008-02-18 18:40:00,8,2,18,18,40,870,85,"0, STALINGRAD (PLACE)",,,Nuit avec éclairage allumé,En agglomération,Hors intersection,Normale,Autre collision,,,,,,,,,,,5,2,1,1,6
200800009636,0008-02-20 18:16:00,8,2,20,18,16,870,85,"45, FOCH (RUE DU MARECHA",,,Nuit avec éclairage allumé,En agglomération,Giratoire,Pluie légère,Deux véhicules - arrière,,,,,,,,,,,5,2,6,2,2
200800009637,0008-02-21 14:52:00,8,2,21,14,52,870,85,"1, GOUJAUD (QUAI LOUIS)",,,Plein jour,En agglomération,Hors intersection,Normale,Deux véhicules - arrière,,,,,,,,,,,1,2,1,1,2
200800009638,0008-02-22 17:26:00,8,2,22,17,26,870,85,ROUSSILLON (AVENUE DU),,,Plein jour,En agglomération,Intersection en T,Normale,Deux véhicules - côté,,,,,,,,,,,1,2,3,1,3
200800009639,0008-02-23 21:19:00,8,2,23,21,19,870,65,V.C.66,,,Nuit sans éclairage public,Hors agglomération,Hors intersection,Normale,Autre collision,,,,,,,,,,,3,1,1,1,6
200800009640,0008-02-24 05:35:00,8,2,24,5,35,870,85,"2, CHARENTES (PLACE DES)",,,Nuit avec éclairage allumé,En agglomération,Intersection en X,Normale,Deux véhicules - côté,,,,,,,,,,,5,2,2,1,3
200800009641,0008-02-26 15:06:00,8,2,26,15,6,870,85,"84, MAS-BOUYOL  (CITE ET",,,Plein jour,En agglomération,Hors intersection,Pluie légère,Deux véhicules - arrière,,,,,,,,,,,1,2,1,2,2
200800009642,0008-02-26 16:30:00,8,2,26,16,30,870,85,"6, RHIN ET DANUBE (RUE)",,,Plein jour,En agglomération,Hors intersection,Pluie légère,Autre collision,,,,,,,,,,,1,2,1,2,6
200800009643,0008-02-27 18:41:00,8,2,27,18,41,870,85,"24, CLOS LONDEIX (RUE DU",,,Nuit avec éclairage allumé,En agglomération,Hors intersection,Normale,Deux véhicules - côté,,,,,,,,,,,5,2,1,1,3
200800009644,0008-02-28 16:20:00,8,2,28,16,20,870,85,"1, AGUESSEAU (RUE D')",,,Plein jour,En agglomération,Hors intersection,Normale,Autre collision,,,,,,,,,,,1,2,1,1,6
200800009645,0008-02-28 17:31:00,8,2,28,17,31,870,85,"62, AIGUEPERSE (RUE D')",,,Plein jour,En agglomération,Hors intersection,Normale,Autre collision,,,,,,,,,,,1,2,1,1,6
200800009646,0008-02-29 08:50:00,8,2,29,8,50,870,85,"266, LATTRE-DE-TASSIGNY",,,Plein jour,En agglomération,Hors intersection,Normale,Deux véhicules - arrière,,,,,,,,,,,1,2,1,1,2
200800009647,0008-02-06 10:10:00,8,2,6,10,10,880,160,"59, REMIREMONT (RUE DE)",,,Plein jour,En agglomération,Hors intersection,Pluie légère,Autre collision,,,,,,,,,,,1,2,1,2,6
200800009648,0008-02-07 07:10:00,8,2,7,7,10,880,209,"00, EPINAL (RUE D')",,,Crépuscule ou aube,En agglomération,Intersection en X,Brouillard / fumée,Autre collision,,,,,,,,,,,2,2,2,5,6
200800009649,0008-02-19 15:25:00,8,2,19,15,25,880,160,"00, NOTRE-DAME-DE LORETT",,,Plein jour,En agglomération,Hors intersection,Normale,Deux véhicules - côté,,,,,,,,,,,1,2,1,1,3
200800009650,0008-02-21 20:15:00,8,2,21,20,15,880,209,LORRAINE (RUE DE),48.21356,6.43956,Nuit avec éclairage allumé,En agglomération,Intersection en T,Normale,Deux véhicules - côté,,,,,,,,,,,5,2,3,1,3
200800009651,0008-02-08 09:20:00,8,2,8,9,20,880,160,"00, 170EME RI (RUE ET PT",,,Plein jour,En agglomération,Hors intersection,Normale,Autre collision,,,,,,,,,,,1,2,1,1,6
200800009652,0008-02-09 11:10:00,8,2,9,11,10,880,160,"00, CHIPOTTE (RUE DE LA)",,,Plein jour,En agglomération,Intersection en X,Normale,Autre collision,,,,,,,,,,,1,2,2,1,6
200800009653,0008-02-08 11:50:00,8,2,8,11,50,880,413,"14, RUE DE LA CRENEE",,,Plein jour,En agglomération,Hors intersection,Normale,Deux véhicules - frontale,,,,,,,,,,,1,2,1,1,1
200800009654,0008-02-20 17:35:00,8,2,20,17,35,880,413,Rue Emile DURCKHEIM,,,Crépuscule ou aube,En agglomération,Hors intersection,Normale,Autre collision,,,,,,,,,,,2,2,1,1,6
200800009655,0008-02-04 23:20:00,8,2,4,23,20,890,24,PIERRE DE COURTENAY (AVE,,,Nuit sans éclairage public,En agglomération,Hors intersection,Normale,Autre collision,,,,,,,,,,,3,2,1,1,6
200800009656,0008-02-21 19:30:00,8,2,21,19,30,890,24,"00, DAVOUT (BOULEVARD) N",,,Nuit avec éclairage allumé,En agglomération,Intersection en X,Normale,Autre collision,,,,,,,,,,,5,2,2,1,6
200800009657,0008-02-03 15:43:00,8,2,3,15,43,890,387,"0, ROUTE NATIONALE 6",,,Plein jour,En agglomération,Hors intersection,Normale,Deux véhicules - frontale,,,,,,,,,,,1,2,1,1,1
200800009658,0008-02-11 07:45:00,8,2,11,7,45,890,387,"0, ALSACE LORRAINE (RUE)",,,Nuit avec éclairage allumé,En agglomération,Hors intersection,Normale,Autre collision,,,,,,,,,,,5,2,1,1,6
200800009659,0008-02-02 15:00:00,8,2,2,15,0,900,75,COMMANDOS D'AFRIQUE (RUE,,,Plein jour,En agglomération,Hors intersection,Normale,Sans collision,,,,,,,,,,,1,2,1,1,7
200800009660,0008-02-05 16:08:00,8,2,5,16,8,900,10,"1, ALTKIRCH (AVENUE)",,,Plein jour,En agglomération,Hors intersection,Normale,Autre collision,,,,,,,,,,,1,2,1,1,6
200800009661,0008-02-09 15:30:00,8,2,9,15,30,900,10,"1, DE GAULLE (AVENUE DU",,,Plein jour,En agglomération,Hors intersection,Normale,Autre collision,,,,,,,,,,,1,2,1,1,6
200800009662,0008-02-09 18:40:00,8,2,9,18,40,900,10,"2, DE GAULLE (AVENUE DU",,,Nuit avec éclairage allumé,En agglomération,Hors intersection,Normale,Deux véhicules - côté,,,,,,,,,,,5,2,1,1,3
200800009663,0008-02-11 10:20:00,8,2,11,10,20,900,1,"12, MONTBELIARD (ROUTE D",,,Plein jour,Hors agglomération,Hors intersection,Normale,Autre collision,,,,,,,,,,,1,1,1,1,6
200800009664,0008-02-12 10:30:00,8,2,12,10,30,900,29,COMMANDOS D'AFRIQUE (RUE,,,Plein jour,En agglomération,Intersection en X,Normale,Autre collision,,,,,,,,,,,1,2,2,1,6
200800009665,0008-02-12 21:05:00,8,2,12,21,5,900,10,MENDES FRANCE (RUE),,,Nuit sans éclairage public,Hors agglomération,Hors intersection,Normale,Sans collision,,,,,,,,,,,3,1,1,1,7
200800009666,0008-02-13 09:40:00,8,2,13,9,40,900,10,MICHELET (RUE),,,Plein jour,En agglomération,Hors intersection,Normale,Deux véhicules - côté,,,,,,,,,,,1,2,1,1,3
200800009667,0008-02-15 08:55:00,8,2,15,8,55,900,10,"15, MULHOUSE (RUE DE)",,,Plein jour,En agglomération,Hors intersection,Normale,Deux véhicules - côté,,,,,,,,,,,1,2,1,1,3
200800009668,0008-02-24 10:50:00,8,2,24,10,50,900,32,R.D.23,,,Plein jour,Hors agglomération,Hors intersection,Normale,Autre collision,,,,,,,,,,,1,1,1,1,6
200800009669,0008-02-26 10:00:00,8,2,26,10,0,900,10,"21, DUNANT (BOULEVARD HE",,,Plein jour,En agglomération,Hors intersection,Normale,Deux véhicules - côté,,,,,,,,,,,1,2,1,1,3
200800009670,0008-02-28 10:35:00,8,2,28,10,35,900,10,VOLTAIRE (RUE ),,,Plein jour,En agglomération,Intersection en X,Normale,Trois véhicules et plus - collisions multiples,,,,,,,,,,,1,2,2,1,5
200800009671,0008-02-04 20:30:00,8,2,4,20,30,910,347,"88, DIVISION LECLERC (AV",,,Nuit avec éclairage allumé,Hors agglomération,Hors intersection,Pluie légère,Deux véhicules - arrière,,,,,,,,,,,5,1,1,2,2
200800009672,0008-02-24 01:15:00,8,2,24,1,15,910,103,CD 19,,,Nuit sans éclairage public,Hors agglomération,Hors intersection,Brouillard / fumée,Autre collision,,,,,,,,,,,3,1,1,5,6
200800009673,0008-02-24 06:15:00,8,2,24,6,15,910,347,"88, RN 20",,,Nuit avec éclairage allumé,Hors agglomération,Hors intersection,Brouillard / fumée,Deux véhicules - arrière,,,,,,,,,,,5,1,1,5,2
200800009674,0008-02-29 19:12:00,8,2,29,19,12,910,103,"03, BASTIE MARYSE (AVENU",,,Nuit avec éclairage allumé,En agglomération,Passage à niveau,Normale,Deux véhicules - côté,,,,,,,,,,,5,2,8,1,3
200800009675,0008-02-26 21:00:00,8,2,26,21,0,910,457,"15, GARENNE (CHEMIN DE L",,,Nuit avec éclairage allumé,En agglomération,Hors intersection,Normale,Deux véhicules - arrière,,,,,,,,,,,5,2,1,1,2
200800009676,0008-02-14 08:30:00,8,2,14,8,30,910,27,CAMELINAT (AVENUE),,,Plein jour,En agglomération,Intersection en X,Normale,Autre collision,,,,,,,,,,,1,2,2,1,6
200800009677,0008-02-19 14:15:00,8,2,19,14,15,910,479,"0, FONTAINEBLEAU (BOULEV",,,Plein jour,Hors agglomération,Hors intersection,Normale,Sans collision,,,,,,,,,,,1,1,1,1,7
200800009678,0008-02-03 12:15:00,8,2,3,12,15,910,97,CHARLES DE GAULLE(EPINAY,,,Plein jour,En agglomération,Hors intersection,Normale,Deux véhicules - côté,,,,,,,,,,,1,2,1,1,3
200800009679,0008-02-06 18:20:00,8,2,6,18,20,910,114,JOFFRE (AVENUE),,,Crépuscule ou aube,En agglomération,Hors intersection,Normale,Deux véhicules - côté,,,,,,,,,,,2,2,1,1,3
200800009680,0008-02-04 18:30:00,8,2,4,18,30,910,114,JOFFRE (AVENUE),,,Crépuscule ou aube,En agglomération,Hors intersection,Temps couvert,Deux véhicules - côté,,,,,,,,,,,2,2,1,8,3