accident_id,datetime,annee,mois,jour,heure,minute,departement,commune_insee,adresse,latitude,longitude,luminosite,agglomeration,intersection,meteo,collision,nb_vehicules,nb_usagers,nb_indemnes,nb_tues,nb_blesses_hosp,nb_blesses_legers,age_cond_1,age_cond_2,veh_type_cond_1,veh_type_cond_2,lum_code,agg_code,int_code,atm_code,col_code
200800009813,0008-02-20 06:05:00,8,2,20,6,5,920,36,"10, PRINCIPALE DU PORT (",,,Nuit avec éclairage allumé,En agglomération,Hors intersection,Pluie légère,Deux véhicules - frontale,,,,,,,,,,,5,2,1,2,1
200800009814,0008-02-21 09:20:00,8,2,21,9,20,920,36,"90, GENERAL DE GAULLE (A",,,Plein jour,En agglomération,Hors intersection,Normale,Trois véhicules et plus - en chaîne,,,,,,,,,,,1,2,1,1,4
200800009815,0008-02-21 10:30:00,8,2,21,10,30,920,36,"0, FELICIE (RUE)",,,Plein jour,En agglomération,Intersection en T,Normale,Deux véhicules - côté,,,,,,,,,,,1,2,3,1,3
200800009816,0008-02-21 17:40:00,8,2,21,17,40,920,36,"0, ROGER POINTARD (RUE)",,,Crépuscule ou aube,En agglomération,Hors intersection,Normale,Autre collision,,,,,,,,,,,2,2,1,1,6
200800009817,0008-02-26 10:05:00,8,2,26,10,5,920,36,"0, FOSSE BLANC (RUE DU)",,,Plein jour,En agglomération,Intersection en X,Pluie légère,Deux véhicules - côté,,,,,,,,,,,1,2,2,2,3
200800009818,0008-02-27 17:50:00,8,2,27,17,50,920,36,"0, PETITS MARAIS (CHEMIN",,,Plein jour,En agglomération,Autre intersection,Normale,Deux véhicules - côté,,,,,,,,,,,1,2,9,1,3
200800009819,0008-02-29 06:45:00,8,2,29,6,45,920,36,"0, PRINCIPALE DU PORT (R",,,Plein jour,En agglomération,Intersection en T,Normale,Deux véhicules - côté,,,,,,,,,,,1,2,3,1,3
200800009820,0008-02-01 19:48:00,8,2,1,19,48,920,40,GALLIENI (BOULEVARD),,,Nuit avec éclairage allumé,En agglomération,Hors intersection,Normale,Trois véhicules et plus - en chaîne,,,,,,,,,,,5,2,1,1,4
200800009821,0008-02-05 13:50:00,8,2,5,13,50,920,40,"6/8/10, GEORGES MARIE",,,Plein jour,En agglomération,Hors intersection,Pluie légère,Autre collision,,,,,,,,,,,1,2,1,2,6
200800009822,0008-02-05 17:50:00,8,2,5,17,50,920,40,"52 BIS, HOCHE",,,Nuit avec éclairage allumé,En agglomération,Hors intersection,Pluie légère,Autre collision,,,,,,,,,,,5,2,1,2,6
200800009823,0008-02-12 17:45:00,8,2,12,17,45,920,40,"32, GALLIENI (BOULEVARD)",,,Plein jour,En agglomération,Hors intersection,Normale,Deux véhicules - côté,,,,,,,,,,,1,2,1,1,3
200800009824,0008-02-19 18:30:00,8,2,19,18,30,920,40,GENERAL DE GAULLE (AVE D,,,Nuit avec éclairage allumé,En agglomération,Intersection en T,Normale,Sans collision,,,,,,,,,,,5,2,3,1,7
200800009825,0008-02-20 10:02:00,8,2,20,10,2,920,40,"51, GUYNEMER",,,Plein jour,En agglomération,Hors intersection,Temps couvert,Autre collision,,,,,,,,,,,1,2,1,8,6
200800009826,0008-02-22 13:30:00,8,2,22,13,30,920,40,"11, GABRIEL PERI",,,Plein jour,En agglomération,Hors intersection,Temps couvert,Autre collision,,,,,,,,,,,1,2,1,8,6
200800009827,0008-02-29 17:30:00,8,2,29,17,30,920,40,GOUVERNEUR GAL EBOUE DU,,,Plein jour,En agglomération,Hors intersection,Normale,Deux véhicules - frontale,,,,,,,,,,,1,2,1,1,1
200800009828,0008-02-01 11:30:00,8,2,1,11,30,920,44,"66, JEAN JAURES(RUE) 57A",,,Plein jour,En agglomération,Hors intersection,Pluie légère,Sans collision,,,,,,,,,,,1,2,1,2,7
200800009829,0008-02-01 06:50:00,8,2,1,6,50,920,44,ANA.FRANCE(RUE) 141+ ET,,,Nuit avec éclairage allumé,En agglomération,Hors intersection,Temps couvert,Autre collision,,,,,,,,,,,5,2,1,8,6
200800009830,0008-02-04 18:40:00,8,2,4,18,40,920,44,P.V.COUTURIER(RUE)41A63,,,Nuit avec éclairage allumé,En agglomération,Intersection en T,Normale,Deux véhicules - côté,,,,,,,,,,,5,2,3,1,3
200800009831,0008-02-04 22:10:00,8,2,4,22,10,920,44,LOUIS ROUQUIER(RUE) 1A45,,,Nuit avec éclairage allumé,En agglomération,Intersection en T,Normale,Deux véhicules - côté,,,,,,,,,,,5,2,3,1,3
200800009832,0008-02-07 16:30:00,8,2,7,16,30,920,44,PARC (RUE DU) 2A16 ET 1A,,,Plein jour,En agglomération,Hors intersection,Normale,Deux véhicules - côté,,,,,,,,,,,1,2,1,1,3
200800009833,0008-02-09 12:33:00,8,2,9,12,33,920,44,MARIUS AUFAN(RUE) 1A67 E,,,Plein jour,En agglomération,Intersection en X,Normale,Deux véhicules - côté,,,,,,,,,,,1,2,2,1,3
200800009834,0008-02-10 19:25:00,8,2,10,19,25,920,44,VILLIERS(RUE DE)  54A86,,,Nuit avec éclairage allumé,En agglomération,Intersection en T,Normale,Deux véhicules - côté,,,,,,,,,,,5,2,3,1,3
200800009835,0008-02-11 11:10:00,8,2,11,11,10,920,44,"NR, ANTONIN RAYNAUD(RUE)",,,Plein jour,En agglomération,Intersection en T,Normale,Autre collision,,,,,,,,,,,1,2,3,1,6
200800009836,0008-02-12 16:55:00,8,2,12,16,55,920,44,VIC. HUGO(RUE)001A067 ET,,,Plein jour,En agglomération,Hors intersection,Normale,Autre collision,,,,,,,,,,,1,2,1,1,6
200800009837,0008-02-15 12:05:00,8,2,15,12,5,920,44,KLEBER (RUE),,,Plein jour,En agglomération,Hors intersection,Normale,Deux véhicules - arrière,,,,,,,,,,,1,2,1,1,2
200800009838,0008-02-17 11:30:00,8,2,17,11,30,920,44,"NR, GABRIEL PERI(RUE) 1A",,,Plein jour,En agglomération,Intersection en T,Normale,Autre collision,,,,,,,,,,,1,2,3,1,6
200800009839,0008-02-17 13:05:00,8,2,17,13,5,920,44,VIC. HUGO(RUE)091A113 ET,,,Plein jour,En agglomération,Intersection en T,Normale,Deux véhicules - côté,,,,,,,,,,,1,2,3,1,3
200800009840,0008-02-22 18:10:00,8,2,22,18,10,920,44,"NR, ERNEST COGNACQ(RUE)",,,Nuit avec éclairage allumé,En agglomération,Hors intersection,Normale,Autre collision,,,,,,,,,,,5,2,1,1,6
200800009841,0008-02-24 01:45:00,8,2,24,1,45,920,44,LOUIS ROUQUIER(RUE)47A11,,,Nuit avec éclairage allumé,En agglomération,Intersection en X,Normale,Deux véhicules - côté,,,,,,,,,,,5,2,2,1,3
200800009842,0008-02-06 19:50:00,8,2,6,19,50,920,48,"., BELGIQUE (RUE DE LA)",,,Nuit avec éclairage allumé,En agglomération,Intersection en X,Normale,Deux véhicules - côté,,,,,,,,,,,5,2,2,1,3
200800009843,0008-02-12 16:40:00,8,2,12,16,40,920,48,"., JEAN JAURES (AVENUE)",,,Plein jour,En agglomération,Intersection en T,Normale,Autre collision,,,,,,,,,,,1,2,3,1,6
200800009844,0008-02-04 14:00:00,8,2,4,14,0,920,49,DORMOY AVENUE MARX N°2 A,,,Plein jour,En agglomération,Hors intersection,Normale,Autre collision,,,,,,,,,,,1,2,1,1,6
200800009845,0008-02-09 13:15:00,8,2,9,13,15,920,20,8 MAI 45 CARREFOUR DU,,,Plein jour,En agglomération,Hors intersection,Normale,Deux véhicules - côté,,,,,,,,,,,1,2,1,1,3
200800009846,0008-02-09 14:20:00,8,2,9,14,20,920,49,"202 bis, DORMOY AVENUE M",,,Plein jour,En agglomération,Hors intersection,Normale,Autre collision,,,,,,,,,,,1,2,1,1,6
200800009847,0008-02-15 13:50:00,8,2,15,13,50,920,20,"70, DIVISION LECLERC AVE",,,Plein jour,En agglomération,Intersection en X,Normale,Deux véhicules - côté,,,,,,,,,,,1,2,2,1,3
200800009848,0008-02-23 15:45:00,8,2,23,15,45,920,49,"101, VERDIER AVENUE AUTR",,,Plein jour,En agglomération,Hors intersection,Normale,Autre collision,,,,,,,,,,,1,2,1,1,6
200800009849,0008-02-06 16:55:00,8,2,6,16,55,920,62,"65, GENERAL DE GAULLE (A",,,Plein jour,En agglomération,Hors intersection,Normale,Deux véhicules - côté,,,,,,,,,,,1,2,1,1,3
200800009850,0008-02-21 20:25:00,8,2,21,20,25,920,62,"34, JACOTOT (RUE MARIUS)",,,Nuit avec éclairage allumé,En agglomération,Hors intersection,Normale,Autre collision,,,,,,,,,,,5,2,1,1,6
200800009851,0008-02-24 09:00:00,8,2,24,9,0,920,62,"00, DE DION BOUTON (QUAI",,,Plein jour,En agglomération,Intersection en Y,Normale,Deux véhicules - côté,,,,,,,,,,,1,2,4,1,3
200800009852,0008-02-25 20:40:00,8,2,25,20,40,920,62,"00, DE DION BOUTON (QUAI",,,Nuit sans éclairage public,En agglomération,Intersection en X,Normale,Deux véhicules - côté,,,,,,,,,,,3,2,2,1,3
200800009853,0008-02-02 14:00:00,8,2,2,14,0,920,63,"73, DIX-HUIT JUIN 1940 (",,,Plein jour,En agglomération,Hors intersection,Normale,Autre collision,,,,,,,,,,,1,2,1,1,6
200800009854,0008-02-05 20:50:00,8,2,5,20,50,920,63,HOPITAL STELL (BOULEVARD,,,Crépuscule ou aube,En agglomération,Hors intersection,Pluie légère,Autre collision,,,,,,,,,,,2,2,1,2,6
200800009855,0008-02-20 09:45:00,8,2,20,9,45,920,63,COLMAR (AVENUE DE),,,Plein jour,En agglomération,Hors intersection,Temps couvert,Trois véhicules et plus - collisions multiples,,,,,,,,,,,1,2,1,8,5
200800009856,0008-02-22 07:51:00,8,2,22,7,51,920,63,HERVET (RUE),,,Plein jour,En agglomération,Intersection en T,Normale,Autre collision,,,,,,,,,,,1,2,3,1,6
200800009857,0008-02-22 17:30:00,8,2,22,17,30,920,63,", HUGO (AVENUE VICTOR)",,,Plein jour,En agglomération,Hors intersection,Normale,Autre collision,,,,,,,,,,,1,2,1,1,6
200800009858,0008-02-22 17:25:00,8,2,22,17,25,920,63,"31, GERANIUMS (RUE DES)",,,Plein jour,En agglomération,Hors intersection,Normale,Deux véhicules - côté,,,,,,,,,,,1,2,1,1,3
200800009859,0008-02-01 13:20:00,8,2,1,13,20,920,64,"11, PASTEUR",,,Plein jour,En agglomération,Hors intersection,Pluie forte,Trois véhicules et plus - en chaîne,,,,,,,,,,,1,2,1,3,4
200800009860,0008-02-04 06:55:00,8,2,4,6,55,920,64,"78, MARCEL DASSAULT",,,Nuit avec éclairage allumé,En agglomération,Hors intersection,Pluie légère,Trois véhicules et plus - collisions multiples,,,,,,,,,,,5,2,1,2,5
200800009861,0008-02-07 09:10:00,8,2,7,9,10,920,64,"48, MARCEL DASSAULT",,,Plein jour,En agglomération,Hors intersection,Normale,Autre collision,,,,,,,,,,,1,2,1,1,6
200800009862,0008-02-09 11:45:00,8,2,9,11,45,920,76,NAPOLEON III,,,Plein jour,En agglomération,Intersection en T,Normale,Deux véhicules - côté,,,,,,,,,,,1,2,3,1,3
200800009863,0008-02-12 08:40:00,8,2,12,8,40,920,64,"180, REPUBLIQUE",,,Plein jour,En agglomération,Hors intersection,Normale,Autre collision,,,,,,,,,,,1,2,1,1,6
200800009864,0008-02-22 12:30:00,8,2,22,12,30,920,64,"7, CHARLES DE GAULLE",,,Plein jour,En agglomération,Hors intersection,Normale,Autre collision,,,,,,,,,,,1,2,1,1,6
200800009865,0008-02-22 20:20:00,8,2,22,20,20,920,64,"36, MONT VALERIEN",,,Nuit avec éclairage allumé,En agglomération,Intersection en T,Normale,Deux véhicules - côté,,,,,,,,,,,5,2,3,1,3
200800009866,0008-02-26 14:00:00,8,2,26,14,0,920,64,"14, SENARD",,,Plein jour,En agglomération,Hors intersection,Pluie légère,Autre collision,,,,,,,,,,,1,2,1,2,6
200800009867,0008-02-04 10:00:00,8,2,4,10,0,920,72,"160, GRANDE RUE",,,Plein jour,En agglomération,Hors intersection,Temps couvert,Deux véhicules - côté,,,,,,,,,,,1,2,1,8,3
200800009868,0008-02-01 08:45:00,8,2,1,8,45,920,72,"., Bretelle de sortie N",,,Plein jour,En agglomération,Hors intersection,Pluie légère,Sans collision,,,,,,,,,,,1,2,1,2,7
200800009869,0008-02-04 09:30:00,8,2,4,9,30,920,77,"01, ST CLOUD (RUE DE)",,,Plein jour,En agglomération,Hors intersection,Normale,Autre collision,,,,,,,,,,,1,2,1,1,6
200800009870,0008-02-11 20:35:00,8,2,11,20,35,920,72,SEVRES (PONT DE),,,Nuit avec éclairage allumé,En agglomération,Hors intersection,Normale,Autre collision,,,,,,,,,,,5,2,1,1,6
200800009871,0008-02-12 09:30:00,8,2,12,9,30,920,22,BOISSIER (AVENUE GASTON),,,Plein jour,En agglomération,Intersection en X,Normale,Deux véhicules - côté,,,,,,,,,,,1,2,2,1,3
200800009872,0008-02-11 18:00:00,8,2,11,18,0,920,77,"., GRANGE-FONTENELLE (RU",,,Crépuscule ou aube,En agglomération,Hors intersection,Normale,Sans collision,,,,,,,,,,,2,2,1,1,7
200800009873,0008-02-17 21:05:00,8,2,17,21,5,920,22,"27, DAUPHINE (PORTE)",,,Nuit avec éclairage allumé,En agglomération,Hors intersection,Normale,Sans collision,,,,,,,,,,,5,2,1,1,7
200800009874,0008-02-18 17:30:00,8,2,18,17,30,920,72,"., SEVRES (PONT DE)",,,Plein jour,En agglomération,Hors intersection,Normale,Deux véhicules - côté,,,,,,,,,,,1,2,1,1,3
200800009875,0008-02-24 19:25:00,8,2,24,19,25,920,72,"174, GRANDE RUE",,,Nuit avec éclairage allumé,En agglomération,Hors intersection,Normale,Deux véhicules - côté,,,,,,,,,,,5,2,1,1,3
200800009876,0008-02-05 09:30:00,8,2,5,9,30,920,73,"17, CHEVREUL (RUE)",,,Plein jour,En agglomération,Intersection en T,Pluie légère,Autre collision,,,,,,,,,,,1,2,3,2,6
200800009877,0008-02-08 17:25:00,8,2,8,17,25,920,73,"19, SELLIER (BOULEVARD H",,,Crépuscule ou aube,En agglomération,Intersection en X,Normale,Deux véhicules - arrière,,,,,,,,,,,2,2,2,1,2
200800009878,0008-02-14 15:50:00,8,2,14,15,50,920,73,"40, ROOSVELT (AVENUE FRA",,,Plein jour,En agglomération,Intersection en X,Normale,Sans collision,,,,,,,,,,,1,2,2,1,7
200800009879,0008-02-19 23:15:00,8,2,19,23,15,920,73,"80, FOUILLEUSE (AVENUE D",,,Nuit avec éclairage allumé,En agglomération,Hors intersection,Normale,Autre collision,,,,,,,,,,,5,2,1,1,6
200800009880,0008-02-25 22:15:00,8,2,25,22,15,920,73,"132, SELLIER (BOULEVARD",,,Nuit avec éclairage allumé,En agglomération,Intersection en X,Normale,Deux véhicules - arrière,,,,,,,,,,,5,2,2,1,2
200800009881,0008-02-28 17:00:00,8,2,28,17,0,920,73,"01, DASSAULT (QUAI MARCE",,,Plein jour,En agglomération,Intersection en X,Normale,Deux véhicules - côté,,,,,,,,,,,1,2,2,1,3
200800009882,0008-02-01 18:20:00,8,2,1,18,20,920,75,"16, JACQUES JEZEQUEL (AV",,,Nuit avec éclairage allumé,En agglomération,Hors intersection,Temps couvert,Autre collision,,,,,,,,,,,5,2,1,8,6
200800009883,0008-02-05 22:55:00,8,2,5,22,55,920,46,Charles de gaulle,,,Nuit avec éclairage allumé,En agglomération,Hors intersection,Pluie légère,Sans collision,,,,,,,,,,,5,2,1,2,7
200800009884,0008-02-11 09:45:00,8,2,11,9,45,920,46,rue guy moquet,,,Plein jour,En agglomération,Intersection en X,Normale,Deux véhicules - côté,,,,,,,,,,,1,2,2,1,3
200800009885,0008-02-14 19:30:00,8,2,14,19,30,920,46,GABRIEL PERI,,,Nuit avec éclairage allumé,En agglomération,Intersection en T,Normale,Deux véhicules - côté,,,,,,,,,,,5,2,3,1,3
200800009886,0008-02-15 21:45:00,8,2,15,21,45,920,75,DE GAULLE (AVENUE DU GEN,,,Nuit avec éclairage allumé,En agglomération,Intersection en X,Normale,Deux véhicules - arrière,,,,,,,,,,,5,2,2,1,2
200800009887,0008-02-16 11:20:00,8,2,16,11,20,920,75,JEAN JAURES (RUE),,,Plein jour,En agglomération,Intersection en T,Normale,Autre collision,,,,,,,,,,,1,2,3,1,6
200800009888,0008-02-14 20:20:00,8,2,14,20,20,920,75,"12, LARMEROUX (RUE)",,,Nuit avec éclairage allumé,En agglomération,Hors intersection,Normale,Deux véhicules - arrière,,,,,,,,,,,5,2,1,1,2
200800009889,0008-02-20 09:10:00,8,2,20,9,10,920,46,"23, FRERES VIGOUROUX (RU",,,Plein jour,En agglomération,Hors intersection,Pluie légère,Deux véhicules - arrière,,,,,,,,,,,1,2,1,2,2
200800009890,0008-02-24 19:40:00,8,2,24,19,40,920,75,ALBERT LEGRIS (CARREFOUR,,,Nuit avec éclairage allumé,En agglomération,Giratoire,Normale,Autre collision,,,,,,,,,,,5,2,6,1,6
200800009891,0008-02-19 08:10:00,8,2,19,8,10,920,78,"270, CHARLES DE GAULLE (",,,Plein jour,En agglomération,Hors intersection,Normale,Autre collision,,,,,,,,,,,1,2,1,1,6
200800009892,0008-02-23 03:10:00,8,2,23,3,10,920,62,BOULEVARD CIRCULAIRE,,,Nuit sans éclairage public,En agglomération,Hors intersection,Normale,Sans collision,,,,,,,,,,,3,2,1,1,7
200800009893,0008-02-29 22:10:00,8,2,29,22,10,920,62,"1, GENERAL DE GAULLE (AV",,,Nuit avec éclairage allumé,En agglomération,Hors intersection,Pluie légère,Sans collision,,,,,,,,,,,5,2,1,2,7
200800009894,0008-02-03 06:50:00,8,2,3,6,50,930,1,LANDY (RUE DU) => 16/23,,,Nuit avec éclairage allumé,En agglomération,Intersection en X,Normale,Deux véhicules - côté,,,,,,,,,,,5,2,2,1,3
200800009895,0008-02-06 20:50:00,8,2,6,20,50,930,1,"17, REPUBLIQUE (AVE DE L",,,Nuit avec éclairage allumé,En agglomération,Hors intersection,Normale,Deux véhicules - côté,,,,,,,,,,,5,2,1,1,3
200800009896,0008-02-07 20:35:00,8,2,7,20,35,930,1,"111, VICTOR HUGO (AVE)",,,Nuit avec éclairage allumé,En agglomération,Hors intersection,Normale,Deux véhicules - côté,,,,,,,,,,,5,2,1,1,3
200800009897,0008-02-08 08:55:00,8,2,8,8,55,930,1,"161, VICTOR HUGO (AVE)",,,Plein jour,En agglomération,Hors intersection,Normale,Deux véhicules - côté,,,,,,,,,,,1,2,1,1,3
200800009898,0008-02-12 14:10:00,8,2,12,14,10,930,1,"39, LUCIEN LEFRANC (QUAI",,,Plein jour,En agglomération,Hors intersection,Normale,Trois véhicules et plus - collisions multiples,,,,,,,,,,,1,2,1,1,5
200800009899,0008-02-13 13:43:00,8,2,13,13,43,930,1,"94, HAIE COQ (RUE DE LA",,,Plein jour,En agglomération,Hors intersection,Normale,Deux véhicules - arrière,,,,,,,,,,,1,2,1,1,2
200800009900,0008-02-16 09:05:00,8,2,16,9,5,930,1,"141, JEAN JAURES (AVE)",,,Plein jour,En agglomération,Hors intersection,Normale,Deux véhicules - arrière,,,,,,,,,,,1,2,1,1,2
200800009901,0008-02-19 16:20:00,8,2,19,16,20,930,1,"23, LANDY (RUE DU) => 16",,,Plein jour,En agglomération,Hors intersection,Normale,Autre collision,,,,,,,,,,,1,2,1,1,6
200800009902,0008-02-19 21:20:00,8,2,19,21,20,930,1,"22, ARTHUR RIMBAUD (RUE)",,,Nuit avec éclairage allumé,En agglomération,Hors intersection,Normale,Autre collision,,,,,,,,,,,5,2,1,1,6
200800009903,0008-02-22 17:05:00,8,2,22,17,5,930,1,"86, VICTOR HUGO (AVE)  =",,,Plein jour,En agglomération,Hors intersection,Normale,Deux véhicules - côté,,,,,,,,,,,1,2,1,1,3
200800009904,0008-02-23 23:40:00,8,2,23,23,40,930,1,"82, HENRI BARBUSSE (RUE)",,,Nuit avec éclairage allumé,En agglomération,Hors intersection,Normale,Deux véhicules - arrière,,,,,,,,,,,5,2,1,1,2
200800009905,0008-02-23 13:50:00,8,2,23,13,50,930,1,"193, VICTOR HUGO (AVE)",,,Plein jour,En agglomération,Intersection en X,Normale,Autre collision,,,,,,,,,,,1,2,2,1,6
200800009906,0008-02-23 13:40:00,8,2,23,13,40,930,1,"30, COMMUNE DE PARIS (RU",,,Plein jour,En agglomération,Hors intersection,Normale,Deux véhicules - arrière,,,,,,,,,,,1,2,1,1,2
200800009907,0008-02-26 13:50:00,8,2,26,13,50,930,1,"16, ANATOLE FRANCE (BLD)",,,Plein jour,En agglomération,Hors intersection,Pluie légère,Deux véhicules - arrière,,,,,,,,,,,1,2,1,2,2
200800009908,0008-02-03 01:55:00,8,2,3,1,55,930,5,"155, JACQUES DUCLOS [CD4",,,Nuit avec éclairage allumé,En agglomération,Intersection en X,Normale,Deux véhicules - arrière,,,,,,,,,,,5,2,2,1,2
200800009909,0008-02-03 14:30:00,8,2,3,14,30,930,5,"07, NONNEVILLE (AVENUE D",,,Plein jour,En agglomération,Hors intersection,Normale,Deux véhicules - côté,,,,,,,,,,,1,2,1,1,3
200800009910,0008-02-05 14:55:00,8,2,5,14,55,930,5,RAOUL DUFY (AVENUE),,,Plein jour,En agglomération,Intersection en T,Normale,Deux véhicules - côté,,,,,,,,,,,1,2,3,1,3
200800009911,0008-02-08 06:50:00,8,2,8,6,50,930,5,"NEANT, ROBERT SCHUMAN (C",,,Nuit avec éclairage allumé,En agglomération,Hors intersection,Normale,Autre collision,,,,,,,,,,,5,2,1,1,6
200800009912,0008-02-08 18:30:00,8,2,8,18,30,930,5,"0.00, HUIT MAI (RUE DU)",,,Nuit avec éclairage allumé,En agglomération,Intersection en T,Normale,Deux véhicules - côté,,,,,,,,,,,5,2,3,1,3
200800009913,0008-02-11 14:40:00,8,2,11,14,40,930,5,"34, MAXIMILIEN ROBESPIER",,,Plein jour,En agglomération,Hors intersection,Normale,Deux véhicules - côté,,,,,,,,,,,1,2,1,1,3
200800009914,0008-02-12 14:00:00,8,2,12,14,0,930,5,"94, MITRY [CD115] (RUE D",,,Plein jour,En agglomération,Hors intersection,Normale,Autre collision,,,,,,,,,,,1,2,1,1,6
200800009915,0008-02-14 19:25:00,8,2,14,19,25,930,5,"57, PIERRE JOUHET (AVENU",,,Nuit avec éclairage allumé,En agglomération,Intersection en X,Normale,Deux véhicules - côté,,,,,,,,,,,5,2,2,1,3
200800009916,0008-02-16 17:10:00,8,2,16,17,10,930,5,PAUL CEZANNE (RUE),,,Plein jour,En agglomération,Intersection en X,Normale,Autre collision,,,,,,,,,,,1,2,2,1,6
200800009917,0008-02-19 13:45:00,8,2,19,13,45,930,5,"SANS, MARECHAL JUIN (AVE",,,Plein jour,En agglomération,Hors intersection,Normale,Autre collision,,,,,,,,,,,1,2,1,1,6
200800009918,0008-02-19 19:20:00,8,2,19,19,20,930,5,CHANTELOUP,,,Nuit avec éclairage allumé,En agglomération,Hors intersection,Normale,Autre collision,,,,,,,,,,,5,2,1,1,6
200800009919,0008-02-22 12:15:00,8,2,22,12,15,930,5,"26, JACQUES DUCLOS [CD44",,,Plein jour,En agglomération,Hors intersection,Normale,Autre collision,,,,,,,,,,,1,2,1,1,6
200800009920,0008-02-01 11:15:00,8,2,1,11,15,930,7,"102, ARISTIDE BRIAND (AV",,,Plein jour,En agglomération,Intersection en T,Pluie forte,Deux véhicules - côté,,,,,,,,,,,1,2,3,3,3
200800009921,0008-02-09 16:00:00,8,2,9,16,0,930,7,"216, 8 MAI 45 (AVENUE DU",,,Plein jour,En agglomération,Hors intersection,Normale,Deux véhicules - arrière,,,,,,,,,,,1,2,1,1,2
200800009922,0008-02-10 10:20:00,8,2,10,10,20,930,7,"""REPUBLIQUE (AVENUE DE L",,,Plein jour,En agglomération,Hors intersection,Normale,Autre collision,,,,,,,,,,,1,2,1,1,6
200800009923,0008-02-27 09:40:00,8,2,27,9,40,930,7,"108, ""PAUL VAILLANT COUT",,,Plein jour,En agglomération,Hors intersection,Normale,Deux véhicules - arrière,,,,,,,,,,,1,2,1,1,2
200800009924,0008-02-27 23:12:00,8,2,27,23,12,930,7,JEAN-BATISTE BUSNEL (AVE,,,Nuit avec éclairage allumé,En agglomération,Intersection en X,Normale,Autre collision,,,,,,,,,,,5,2,2,1,6
200800009925,0008-02-05 12:08:00,8,2,5,12,8,930,8,BARBUSSE (AVENUE HENRI),,,Plein jour,En agglomération,Passage à niveau,Pluie légère,Autre collision,,,,,,,,,,,1,2,8,2,6
200800009926,0008-02-07 06:30:00,8,2,7,6,30,930,8,BARBUSSE (AVENUE HENRI),,,Crépuscule ou aube,En agglomération,Autre intersection,Normale,Autre collision,,,,,,,,,,,2,2,9,1,6
200800009927,0008-02-08 15:10:00,8,2,8,15,10,930,8,"36, MARX (AVENUE KARL)",,,Plein jour,En agglomération,Hors intersection,Normale,Autre collision,,,,,,,,,,,1,2,1,1,6
200800009928,0008-02-11 07:20:00,8,2,11,7,20,930,8,DIVISION LECLERC (AVENUE,,,Crépuscule ou aube,En agglomération,Hors intersection,Normale,Trois véhicules et plus - collisions multiples,,,,,,,,,,,2,2,1,1,5
200800009929,0008-02-14 10:00:00,8,2,14,10,0,930,8,"17, RACINE (RUE)",,,Plein jour,En agglomération,Hors intersection,Normale,Autre collision,,,,,,,,,,,1,2,1,1,6
200800009930,0008-02-15 16:50:00,8,2,15,16,50,930,8,"123, SEMARD (RUE PIERRE)",,,Plein jour,En agglomération,Intersection en T,Normale,Deux véhicules - côté,,,,,,,,,,,1,2,3,1,3
200800009931,0008-02-16 12:40:00,8,2,16,12,40,930,8,"44, CACHIN (RUE MARCEL)",,,Nuit avec éclairage allumé,En agglomération,Hors intersection,Normale,Autre collision,,,,,,,,,,,5,2,1,1,6
200800009932,0008-02-22 20:57:00,8,2,22,20,57,930,8,", VAILLANT COUTURIER (AV",,,Nuit avec éclairage allumé,En agglomération,Hors intersection,Normale,Deux véhicules - arrière,,,,,,,,,,,5,2,1,1,2
200800009933,0008-02-28 13:00:00,8,2,28,13,0,930,8,VAILLANT COUTURIER (AVEN,,,Plein jour,En agglomération,Hors intersection,Pluie légère,Sans collision,,,,,,,,,,,1,2,1,2,7
200800009934,0008-02-04 16:45:00,8,2,4,16,45,930,10,", AULNAY (ROUTE) C",,,Plein jour,En agglomération,Hors intersection,Pluie légère,Autre collision,,,,,,,,,,,1,2,1,2,6
200800009935,0008-02-10 13:20:00,8,2,10,13,20,930,57,", BRIAND ( AV. ARI",,,Plein jour,En agglomération,Hors intersection,Normale,Deux véhicules - côté,,,,,,,,,,,1,2,1,1,3
200800009936,0008-02-14 16:55:00,8,2,14,16,55,930,10,"21, MOULIN (AV. JEAN) CO",,,Plein jour,En agglomération,Hors intersection,Normale,Autre collision,,,,,,,,,,,1,2,1,1,6
200800009937,0008-02-15 23:35:00,8,2,15,23,35,930,10,", GROSLAY (CHEM. D",,,Nuit avec éclairage allumé,En agglomération,Hors intersection,Normale,Autre collision,,,,,,,,,,,5,2,1,1,6
200800009938,0008-02-16 06:10:00,8,2,16,6,10,930,10,", GALLIENI (AV.) C",,,Nuit avec éclairage allumé,En agglomération,Hors intersection,Autre,Trois véhicules et plus - collisions multiples,,,,,,,,,,,5,2,1,9,5
200800009939,0008-02-19 16:30:00,8,2,19,16,30,930,57,", BRIAND ( AV. ARI",,,Plein jour,En agglomération,Intersection en X,Temps couvert,Autre collision,,,,,,,,,,,1,2,2,8,6
200800009940,0008-02-25 19:00:00,8,2,25,19,0,930,10,", VILLEMOMBLE (RTE",,,Nuit avec éclairage allumé,En agglomération,Hors intersection,Temps couvert,Autre collision,,,,,,,,,,,5,2,1,8,6
200800009941,0008-02-25 19:25:00,8,2,25,19,25,930,10,", GALLIENI (AV.) D",,,Nuit avec éclairage allumé,En agglomération,Hors intersection,Temps couvert,Deux véhicules - côté,,,,,,,,,,,5,2,1,8,3
200800009942,0008-02-27 17:50:00,8,2,27,17,50,930,10,", LATTRE DE TASSIG",,,Plein jour,En agglomération,Hors intersection,Normale,Autre collision,,,,,,,,,,,1,2,1,1,6
200800009943,0008-02-28 18:05:00,8,2,28,18,5,930,10,", QUATORZE-JUILLET",,,Crépuscule ou aube,En agglomération,Hors intersection,Pluie légère,Autre collision,,,,,,,,,,,2,2,1,2,6