accident_id,datetime,annee,mois,jour,heure,minute,departement,commune_insee,adresse,latitude,longitude,luminosite,agglomeration,intersection,meteo,collision,nb_vehicules,nb_usagers,nb_indemnes,nb_tues,nb_blesses_hosp,nb_blesses_legers,age_cond_1,age_cond_2,veh_type_cond_1,veh_type_cond_2,lum_code,agg_code,int_code,atm_code,col_code
200800010208,0008-02-01 18:20:00,8,2,1,18,20,940,46,"00, GENERAL LECLERC (AV",,,Nuit avec éclairage allumé,En agglomération,Hors intersection,Normale,Deux véhicules - côté,,,,,,,,,,,5,2,1,1,3
200800010209,0008-02-06 21:20:00,8,2,6,21,20,940,46,"00, VICTOR HUGO (R)",,,Nuit avec éclairage allumé,En agglomération,Hors intersection,Normale,Deux véhicules - côté,,,,,,,,,,,5,2,1,1,3
200800010210,0008-02-22 17:35:00,8,2,22,17,35,940,46,"07, EUGENE RENAULT (R)",,,Plein jour,En agglomération,Hors intersection,Normale,Autre collision,,,,,,,,,,,1,2,1,1,6
200800010211,0008-02-28 23:52:00,8,2,28,23,52,940,46,"00, REPUBLIQUE (AV DE LA",,,Nuit avec éclairage allumé,En agglomération,Intersection en X,Normale,Deux véhicules - côté,,,,,,,,,,,5,2,2,1,3
200800010212,0008-02-11 17:45:00,8,2,11,17,45,940,52,"nc, MANESSIER (R)",,,Crépuscule ou aube,En agglomération,Intersection en X,Normale,Deux véhicules - frontale,,,,,,,,,,,2,2,2,1,1
200800010213,0008-02-07 10:45:00,8,2,7,10,45,940,58,"NC, GENERAL DE GAULLE (A",,,Plein jour,En agglomération,Hors intersection,Normale,Trois véhicules et plus - en chaîne,,,,,,,,,,,1,2,1,1,4
200800010214,0008-02-11 15:20:00,8,2,11,15,20,940,58,"158, HUIT MAI 1945 (AV D",,,Plein jour,En agglomération,Intersection en T,Normale,Autre collision,,,,,,,,,,,1,2,3,1,6
200800010215,0008-02-13 16:45:00,8,2,13,16,45,940,52,"NC, JOINVILLE (AV DE)",,,Plein jour,En agglomération,Hors intersection,Normale,Deux véhicules - côté,,,,,,,,,,,1,2,1,1,3
200800010216,0008-02-10 19:30:00,8,2,10,19,30,940,68,CORNEILLES (BD DES),,,Nuit avec éclairage allumé,En agglomération,Intersection en X,Normale,Deux véhicules - côté,,,,,,,,,,,5,2,2,1,3
200800010217,0008-02-09 11:00:00,8,2,9,11,0,940,68,PONT DE CRETEIL (R DU),,,Plein jour,En agglomération,Hors intersection,Normale,Deux véhicules - côté,,,,,,,,,,,1,2,1,1,3
200800010218,0008-02-11 15:25:00,8,2,11,15,25,940,68,"48, GARIBALDI (R)",,,Plein jour,En agglomération,Hors intersection,Normale,Autre collision,,,,,,,,,,,1,2,1,1,6
200800010219,0008-02-13 08:30:00,8,2,13,8,30,940,68,DAUPHINE (R DU),,,Plein jour,En agglomération,Autre intersection,Normale,Autre collision,,,,,,,,,,,1,2,9,1,6
200800010220,0008-02-15 23:30:00,8,2,15,23,30,940,68,LEON BOCQUET (R),,,Nuit avec éclairage allumé,En agglomération,Intersection en X,Normale,Deux véhicules - côté,,,,,,,,,,,5,2,2,1,3
200800010221,0008-02-18 21:00:00,8,2,18,21,0,940,68,FOCH (AV),,,Nuit avec éclairage allumé,En agglomération,Hors intersection,Normale,Deux véhicules - frontale,,,,,,,,,,,5,2,1,1,1
200800010222,0008-02-20 14:20:00,8,2,20,14,20,940,68,"73, RABELAIS (BD)",,,Plein jour,En agglomération,Hors intersection,Normale,Deux véhicules - côté,,,,,,,,,,,1,2,1,1,3
200800010223,0008-02-21 10:50:00,8,2,21,10,50,940,68,REPUBLIQUE (AV DE LA),,,Plein jour,Hors agglomération,Intersection en X,Normale,Deux véhicules - côté,,,,,,,,,,,1,1,2,1,3
200800010224,0008-02-23 09:20:00,8,2,23,9,20,940,68,VOLTAIRE (BD),,,Plein jour,En agglomération,Intersection en T,Normale,Autre collision,,,,,,,,,,,1,2,3,1,6
200800010225,0008-02-25 14:20:00,8,2,25,14,20,940,68,"03, RABELAIS (BD)",,,Plein jour,En agglomération,Hors intersection,Normale,Deux véhicules - côté,,,,,,,,,,,1,2,1,1,3
200800010226,0008-02-03 14:15:00,8,2,3,14,15,940,78,PARIS (R DE),,,Plein jour,En agglomération,Intersection en T,Normale,Deux véhicules - côté,,,,,,,,,,,1,2,3,1,3
200800010227,0008-02-06 09:50:00,8,2,6,9,50,940,78,PARIS (rue de ),,,Plein jour,En agglomération,Hors intersection,Normale,Deux véhicules - arrière,,,,,,,,,,,1,2,1,1,2
200800010228,0008-02-09 13:30:00,8,2,9,13,30,940,78,"111, GAMBETTA (R)",,,Plein jour,En agglomération,Hors intersection,Normale,Sans collision,,,,,,,,,,,1,2,1,1,7
200800010229,0008-02-07 19:00:00,8,2,7,19,0,940,78,PARIS (R DE),,,Nuit avec éclairage allumé,En agglomération,Hors intersection,Normale,Autre collision,,,,,,,,,,,5,2,1,1,6
200800010230,0008-02-12 16:20:00,8,2,12,16,20,940,78,"1, SACCO ET VANZETTI (R)",,,Plein jour,En agglomération,Hors intersection,Normale,Deux véhicules - frontale,,,,,,,,,,,1,2,1,1,1
200800010231,0008-02-07 07:00:00,8,2,7,7,0,940,74,RU DE GIRONDE (AV DU),,,Nuit avec éclairage allumé,En agglomération,Hors intersection,Normale,Sans collision,,,,,,,,,,,5,2,1,1,7
200800010232,0008-02-13 13:45:00,8,2,13,13,45,940,77,"19, SAINT-MARTIN (R)",,,Plein jour,En agglomération,Hors intersection,Normale,Autre collision,,,,,,,,,,,1,2,1,1,6
200800010233,0008-02-05 13:25:00,8,2,5,13,25,940,78,CARNOT (AV),,,Plein jour,En agglomération,Intersection en X,Pluie légère,Autre collision,,,,,,,,,,,1,2,2,2,6
200800010234,0008-02-16 12:15:00,8,2,16,12,15,940,77,LE FOLL (AV),,,Plein jour,En agglomération,Hors intersection,Normale,Autre collision,,,,,,,,,,,1,2,1,1,6
200800010235,0008-02-26 20:50:00,8,2,26,20,50,940,78,MELUN (AV DE),,,Nuit avec éclairage allumé,En agglomération,Hors intersection,Pluie légère,Deux véhicules - arrière,,,,,,,,,,,5,2,1,2,2
200800010236,0008-02-16 05:00:00,8,2,16,5,0,940,78,MELUN (AV DE),,,Nuit avec éclairage allumé,En agglomération,Hors intersection,Normale,Autre collision,,,,,,,,,,,5,2,1,1,6
200800010237,0008-02-09 14:30:00,8,2,9,14,30,940,78,"4, BERLIOZ (place)",,,Plein jour,En agglomération,Hors intersection,Normale,Autre collision,,,,,,,,,,,1,2,1,1,6
200800010238,0008-02-11 10:00:00,8,2,11,10,0,940,78,L'APPEL DU DIX-HUIT JUIN,,,Plein jour,En agglomération,Hors intersection,Normale,Autre collision,,,,,,,,,,,1,2,1,1,6
200800010239,0008-02-27 08:30:00,8,2,27,8,30,940,1,"3, rue du General de Gau",,,Plein jour,En agglomération,Hors intersection,Normale,Autre collision,,,,,,,,,,,1,2,1,1,6
200800010240,0008-02-03 06:30:00,8,2,3,6,30,940,74,"1, CHAMP SAINT-JULIEN (A",,,Nuit avec éclairage allumé,En agglomération,Hors intersection,Normale,Autre collision,,,,,,,,,,,5,2,1,1,6
200800010241,0008-02-09 12:15:00,8,2,9,12,15,940,78,"1, PIERRE SEMARD (PL)",,,Plein jour,En agglomération,Hors intersection,Normale,Autre collision,,,,,,,,,,,1,2,1,1,6
200800010242,0008-02-01 06:35:00,8,2,1,6,35,940,80,"35, CHATEAU (AV DU)",,,Nuit avec éclairage allumé,En agglomération,Intersection en X,Pluie légère,Deux véhicules - frontale,,,,,,,,,,,5,2,2,2,1
200800010243,0008-02-07 19:20:00,8,2,7,19,20,940,80,"., MONTREUIL (R DE)",,,Nuit avec éclairage non allumé,En agglomération,Intersection en T,Normale,Deux véhicules - côté,,,,,,,,,,,4,2,3,1,3
200800010244,0008-02-13 18:05:00,8,2,13,18,5,940,67,"02, PASTEUR (AV)",,,Nuit avec éclairage allumé,En agglomération,Hors intersection,Normale,Autre collision,,,,,,,,,,,5,2,1,1,6
200800010245,0008-02-18 16:50:00,8,2,18,16,50,940,80,"163, FONTENAY (R DE)",,,Plein jour,En agglomération,Intersection en T,Normale,Deux véhicules - côté,,,,,,,,,,,1,2,3,1,3
200800010246,0008-02-29 15:05:00,8,2,29,15,5,940,80,"., CHARLES SILVESTRI (R)",,,Plein jour,En agglomération,Intersection en X,Normale,Deux véhicules - côté,,,,,,,,,,,1,2,2,1,3
200800010247,0008-02-10 13:00:00,8,2,10,13,0,940,81,"Face P.T.T, ABBE ROGER D",,,Plein jour,En agglomération,Hors intersection,Normale,Autre collision,,,,,,,,,,,1,2,1,1,6
200800010248,0008-02-14 19:45:00,8,2,14,19,45,940,81,"Angle, GABRIEL PERI (R)",,,Nuit avec éclairage allumé,En agglomération,Intersection en T,Normale,Autre collision,,,,,,,,,,,5,2,3,1,6
200800010249,0008-02-16 11:50:00,8,2,16,11,50,940,81,"Angle, STALINGRAD (BD DE",,,Plein jour,En agglomération,Intersection en T,Normale,Autre collision,,,,,,,,,,,1,2,3,1,6
200800010250,0008-02-20 08:15:00,8,2,20,8,15,940,81,"Angle, PAUL VAILLANT COU",,,Crépuscule ou aube,En agglomération,Intersection en T,Pluie légère,Autre collision,,,,,,,,,,,2,2,3,2,6
200800010251,0008-02-25 16:30:00,8,2,25,16,30,940,81,"Face, YOURI GAGARINE (AV",,,Plein jour,En agglomération,Hors intersection,Normale,Autre collision,,,,,,,,,,,1,2,1,1,6
200800010252,0008-02-02 09:00:00,8,2,2,9,0,950,582,"100, GAMBETTA (BOULEVARD",,,Plein jour,En agglomération,Hors intersection,Normale,Sans collision,,,,,,,,,,,1,2,1,1,7
200800010253,0008-02-03 11:30:00,8,2,3,11,30,950,176,CLEMENCEAU (BOULEVARD GE,,,Plein jour,En agglomération,Intersection en X,Normale,Deux véhicules - arrière,,,,,,,,,,,1,2,2,1,2
200800010254,0008-02-04 17:40:00,8,2,4,17,40,950,18,DE GAULLE (AVENUE DU GEN,,,Crépuscule ou aube,En agglomération,Giratoire,Normale,Deux véhicules - côté,,,,,,,,,,,2,2,6,1,3
200800010255,0008-02-05 15:30:00,8,2,5,15,30,950,18,"42, GALLIENI (BOULEVARD)",,,Plein jour,En agglomération,Hors intersection,Pluie légère,Autre collision,,,,,,,,,,,1,2,1,2,6
200800010256,0008-02-05 14:30:00,8,2,5,14,30,950,18,"15, MARX (BOULEVARD)",,,Plein jour,En agglomération,Hors intersection,Pluie légère,Deux véhicules - côté,,,,,,,,,,,1,2,1,2,3
200800010257,0008-02-05 13:48:00,8,2,5,13,48,950,18,BOURGUIGNONS (RUE DES),,,Plein jour,En agglomération,Intersection en X,Normale,Deux véhicules - côté,,,,,,,,,,,1,2,2,1,3
200800010258,0008-02-07 08:15:00,8,2,7,8,15,950,18,RD 311,,,Plein jour,En agglomération,Hors intersection,Normale,Autre collision,,,,,,,,,,,1,2,1,1,6
200800010259,0008-02-11 16:30:00,8,2,11,16,30,950,18,AVENUE M. UTRILLO,,,Plein jour,En agglomération,Hors intersection,Normale,Autre collision,,,,,,,,,,,1,2,1,1,6
200800010260,0008-02-09 08:10:00,8,2,9,8,10,950,176,RD 121,,,Plein jour,Hors agglomération,Intersection en T,Normale,Deux véhicules - côté,,,,,,,,,,,1,1,3,1,3
200800010261,0008-02-15 07:45:00,8,2,15,7,45,950,18,BARBUSSE (RUE HENRI),,,Plein jour,En agglomération,Intersection en T,Normale,Deux véhicules - arrière,,,,,,,,,,,1,2,3,1,2
200800010262,0008-02-11 09:00:00,8,2,11,9,0,950,582,ERMITAGE (RUE DE L'),,,Plein jour,En agglomération,Giratoire,Normale,Deux véhicules - côté,,,,,,,,,,,1,2,6,1,3
200800010263,0008-02-17 00:10:00,8,2,17,0,10,950,18,RD 311,,,Nuit avec éclairage allumé,Hors agglomération,Hors intersection,Normale,Autre collision,,,,,,,,,,,5,1,1,1,6
200800010264,0008-02-15 21:40:00,8,2,15,21,40,950,18,COUDRAY (RUE DU),,,Nuit avec éclairage allumé,En agglomération,Giratoire,Normale,Autre collision,,,,,,,,,,,5,2,6,1,6
200800010265,0008-02-19 15:35:00,8,2,19,15,35,950,582,DAMIETTE (AVENUE),,,Plein jour,En agglomération,Intersection en T,Normale,Autre collision,,,,,,,,,,,1,2,3,1,6
200800010266,0008-02-19 18:42:00,8,2,19,18,42,950,18,"61, PONTOISE (ROUTE DE)",,,Nuit avec éclairage allumé,En agglomération,Hors intersection,Normale,Sans collision,,,,,,,,,,,5,2,1,1,7
200800010267,0008-02-19 17:50:00,8,2,19,17,50,950,18,BARBUSSE (RUE HENRI),,,Plein jour,En agglomération,Hors intersection,Normale,Sans collision,,,,,,,,,,,1,2,1,1,7
200800010268,0008-02-18 08:40:00,8,2,18,8,40,950,18,"119, JAURES (AVENUE JEAN",,,Plein jour,En agglomération,Hors intersection,Normale,Sans collision,,,,,,,,,,,1,2,1,1,7
200800010269,0008-02-22 12:55:00,8,2,22,12,55,950,18,COURLIS (RUE DES),,,Plein jour,En agglomération,Intersection en X,Normale,Deux véhicules - arrière,,,,,,,,,,,1,2,2,1,2
200800010270,0008-02-26 11:00:00,8,2,26,11,0,950,582,MAURICE BERTEAUX (BOULEV,,,Plein jour,En agglomération,Intersection en T,Pluie légère,Deux véhicules - côté,,,,,,,,,,,1,2,3,2,3
200800010271,0008-02-17 14:50:00,8,2,17,14,50,950,63,FRERES BONNEFF (RUE DES-,,,Plein jour,Hors agglomération,Hors intersection,Normale,Trois véhicules et plus - collisions multiples,,,,,,,,,,,1,1,1,1,5
200800010272,0008-02-17 17:30:00,8,2,17,17,30,950,63,"31, GABRIEL PERI (AVENUE",,,Plein jour,Hors agglomération,Hors intersection,Normale,Deux véhicules - côté,,,,,,,,,,,1,1,1,1,3
200800010273,0008-02-02 12:15:00,8,2,2,12,15,950,127,"0, BASTIDE (RUE ET COUR",,,Plein jour,En agglomération,Hors intersection,Normale,Sans collision,,,,,,,,,,,1,2,1,1,7
200800010274,0008-02-12 07:10:00,8,2,12,7,10,950,127,"0, Golf  (boulevard du)",,,Nuit avec éclairage allumé,En agglomération,Hors intersection,Normale,Sans collision,,,,,,,,,,,5,2,1,1,7
200800010275,0008-02-11 19:25:00,8,2,11,19,25,950,127,"0, PORT (BOULEVARD DU)",,,Nuit avec éclairage allumé,En agglomération,Hors intersection,Normale,Deux véhicules - côté,,,,,,,,,,,5,2,1,1,3
200800010276,0008-02-18 16:30:00,8,2,18,16,30,950,127,"0, PARC (AVENUE DU)",,,Plein jour,En agglomération,Intersection en X,Normale,Trois véhicules et plus - collisions multiples,,,,,,,,,,,1,2,2,1,5
200800010277,0008-02-24 03:30:00,8,2,24,3,30,950,127,"0, VIOSNE (BOULEVARD DE",,,Nuit avec éclairage allumé,En agglomération,Hors intersection,Normale,Trois véhicules et plus - en chaîne,,,,,,,,,,,5,2,1,1,4
200800010278,0008-02-06 16:45:00,8,2,6,16,45,950,555,"2, PASTEUR (BOULEVARD)",,,Plein jour,En agglomération,Hors intersection,Normale,Autre collision,,,,,,,,,,,1,2,1,1,6
200800010279,0008-02-04 19:35:00,8,2,4,19,35,950,252,MAURICE BERTEAUX (BOULEV,,,Nuit avec éclairage allumé,En agglomération,Hors intersection,Normale,Autre collision,,,,,,,,,,,5,2,1,1,6
200800010280,0008-02-05 16:35:00,8,2,5,16,35,950,219,SAINT LEU (ROUTE DE),,,Plein jour,En agglomération,Intersection en Y,Pluie légère,Autre collision,,,,,,,,,,,1,2,4,2,6
200800010281,0008-02-05 18:40:00,8,2,5,18,40,950,252,"12, MAURICE BERTEAUX (BO",,,Nuit avec éclairage allumé,En agglomération,Hors intersection,Pluie légère,Autre collision,,,,,,,,,,,5,2,1,2,6
200800010282,0008-02-06 18:45:00,8,2,6,18,45,950,574,ROBERT THOMAS (RUE),,,Nuit avec éclairage allumé,En agglomération,Intersection en T,Pluie légère,Deux véhicules - côté,,,,,,,,,,,5,2,3,2,3
200800010283,0008-02-08 07:50:00,8,2,8,7,50,950,252,BEL-AIR (BOULEVARD DU),,,Crépuscule ou aube,En agglomération,Intersection en T,Normale,Autre collision,,,,,,,,,,,2,2,3,1,6
200800010284,0008-02-11 07:20:00,8,2,11,7,20,950,203,LECLERC (RUE DU GENERAL),,,Crépuscule ou aube,En agglomération,Intersection en T,Normale,Deux véhicules - côté,,,,,,,,,,,2,2,3,1,3
200800010285,0008-02-12 14:15:00,8,2,12,14,15,950,219,CERNAY (BOULEVARD DE),,,Plein jour,En agglomération,Hors intersection,Normale,Trois véhicules et plus - en chaîne,,,,,,,,,,,1,2,1,1,4
200800010286,0008-02-13 15:50:00,8,2,13,15,50,950,203,MONTLIGNON (ROUTE DE),,,Plein jour,En agglomération,Hors intersection,Normale,Deux véhicules - arrière,,,,,,,,,,,1,2,1,1,2
200800010287,0008-02-14 22:35:00,8,2,14,22,35,950,252,"3, ACACIAS (RUE DES)",,,Nuit avec éclairage allumé,En agglomération,Hors intersection,Normale,Autre collision,,,,,,,,,,,5,2,1,1,6
200800010288,0008-02-19 09:10:00,8,2,19,9,10,950,203,"170, LECLERC (RUE DU GEN",,,Crépuscule ou aube,En agglomération,Hors intersection,Normale,Autre collision,,,,,,,,,,,2,2,1,1,6
200800010289,0008-02-22 11:15:00,8,2,22,11,15,950,203,PREMIERE ARMEE RHIN DANU,,,Plein jour,En agglomération,Hors intersection,Normale,Autre collision,,,,,,,,,,,1,2,1,1,6
200800010290,0008-02-23 14:55:00,8,2,23,14,55,950,203,LECLERC (RUE DU GENERAL),,,Plein jour,En agglomération,Intersection en T,Normale,Deux véhicules - côté,,,,,,,,,,,1,2,3,1,3
200800010291,0008-02-23 20:50:00,8,2,23,20,50,950,203,CESAR (CHAUSSEE JULES),,,Nuit avec éclairage allumé,En agglomération,Intersection en X,Normale,Autre collision,,,,,,,,,,,5,2,2,1,6
200800010292,0008-02-26 15:50:00,8,2,26,15,50,950,426,"52, ROSIERS (RUE DES )",,,Plein jour,En agglomération,Hors intersection,Pluie légère,Deux véhicules - frontale,,,,,,,,,,,1,2,1,2,1
200800010293,0008-02-27 16:10:00,8,2,27,16,10,950,252,MARAIS (AVENUE DES),,,Plein jour,En agglomération,Autre intersection,Normale,Autre collision,,,,,,,,,,,1,2,9,1,6
200800010294,0008-02-18 19:10:00,8,2,18,19,10,950,268,"30, TIERS POT (RUE DU)",,,Crépuscule ou aube,En agglomération,Hors intersection,Normale,Autre collision,,,,,,,,,,,2,2,1,1,6
200800010295,0008-02-02 17:25:00,8,2,2,17,25,950,280,"36, VAILLANT EDOUARD",,,Plein jour,En agglomération,Hors intersection,Normale,Sans collision,,,,,,,,,,,1,2,1,1,7
200800010296,0008-02-22 12:35:00,8,2,22,12,35,950,277,Z.A.C PARIS NORD 2,,,Plein jour,Hors agglomération,Hors intersection,Normale,Autre collision,,,,,,,,,,,1,1,1,1,6
200800010297,0008-02-03 09:40:00,8,2,3,9,40,950,424,VICTOR BORDIER (BOULEVAR,,,Plein jour,En agglomération,Intersection en T,Normale,Deux véhicules - côté,,,,,,,,,,,1,2,3,1,3
200800010298,0008-02-12 08:20:00,8,2,12,8,20,950,306,AMBASSADEURS (BOULEVARD,,,Plein jour,En agglomération,Hors intersection,Normale,Deux véhicules - arrière,,,,,,,,,,,1,2,1,1,2
200800010299,0008-02-22 20:45:00,8,2,22,20,45,950,306,LIBERATION (AVENUE DE LA,,,Nuit avec éclairage allumé,En agglomération,Hors intersection,Normale,Deux véhicules - côté,,,,,,,,,,,5,2,1,1,3
200800010300,0008-02-08 09:20:00,8,2,8,9,20,950,487,JEAN CATELAS,,,Plein jour,En agglomération,Hors intersection,Normale,Autre collision,,,,,,,,,,,1,2,1,1,6
200800010301,0008-02-13 10:50:00,8,2,13,10,50,950,487,GASTON VERMEIRE (AVENUE),,,Plein jour,En agglomération,Intersection en X,Normale,Deux véhicules - côté,,,,,,,,,,,1,2,2,1,3
200800010302,0008-02-12 16:40:00,8,2,12,16,40,950,313,CD.922,,,Plein jour,En agglomération,Giratoire,Normale,Trois véhicules et plus - collisions multiples,,,,,,,,,,,1,2,6,1,5
200800010303,0008-02-09 20:50:00,8,2,9,20,50,950,487,LUCIEN ROYER,,,Nuit avec éclairage allumé,En agglomération,Hors intersection,Normale,Deux véhicules - côté,,,,,,,,,,,5,2,1,1,3
200800010304,0008-02-26 10:50:00,8,2,26,10,50,950,52,NATIONALE,,,Plein jour,En agglomération,Intersection en X,Pluie légère,Autre collision,,,,,,,,,,,1,2,2,2,6
200800010305,0008-02-27 14:10:00,8,2,27,14,10,950,487,GASTON VERMEIRE (AVENUE),,,Plein jour,En agglomération,Intersection en T,Normale,Deux véhicules - côté,,,,,,,,,,,1,2,3,1,3
200800010306,0008-02-08 12:24:00,8,2,8,12,24,950,680,HUIT MAI 1945 (AVENUE DU,,,Plein jour,En agglomération,Hors intersection,Normale,Deux véhicules - frontale,,,,,,,,,,,1,2,1,1,1
200800010307,0008-02-22 16:10:00,8,2,22,16,10,950,585,FRANCK (AVENUE CESAR),,,Plein jour,En agglomération,Intersection en T,Normale,Deux véhicules - frontale,,,,,,,,,,,1,2,3,1,1
200800010308,0008-02-26 09:30:00,8,2,26,9,30,950,585,REFUZNICKS (ROUTE DES),,,Plein jour,En agglomération,Hors intersection,Pluie légère,Sans collision,,,,,,,,,,,1,2,1,2,7
200800010309,0008-02-20 08:15:00,8,2,20,8,15,950,585,ZOLA (RUE EMILE),,,Plein jour,En agglomération,Intersection en T,Normale,Deux véhicules - côté,,,,,,,,,,,1,2,3,1,3
200800010310,0008-02-02 16:25:00,8,2,2,16,25,950,607,"00, TEMPS DES CERISES (B",,,Plein jour,En agglomération,Hors intersection,Normale,Deux véhicules - arrière,,,,,,,,,,,1,2,1,1,2
200800010311,0008-02-11 16:55:00,8,2,11,16,55,950,607,"7, FRANCOIS BROUSSAIS (R",,,Plein jour,En agglomération,Hors intersection,Normale,Autre collision,,,,,,,,,,,1,2,1,1,6
200800010312,0008-02-20 07:10:00,8,2,20,7,10,950,51,"1, GARE (PLACE DE)",,,Nuit avec éclairage allumé,En agglomération,Hors intersection,Normale,Autre collision,,,,,,,,,,,5,2,1,1,6
200800010313,0008-02-21 12:25:00,8,2,21,12,25,950,607,"00, HERBLAY (RUE)",,,Plein jour,En agglomération,Intersection en T,Normale,Autre collision,,,,,,,,,,,1,2,3,1,6
200800010314,0008-02-21 17:15:00,8,2,21,17,15,950,563,"00, ERMONT (RUE D')",,,Plein jour,En agglomération,Intersection en X,Normale,Deux véhicules - côté,,,,,,,,,,,1,2,2,1,3
200800010315,0008-02-25 18:45:00,8,2,25,18,45,950,607,"00, LADY ASHBURTON (RUE)",,,Nuit avec éclairage allumé,En agglomération,Intersection en T,Normale,Deux véhicules - côté,,,,,,,,,,,5,2,3,1,3
200800010316,0008-02-02 01:15:00,8,2,2,1,15,201,4,ILES SANGUINAIRES ROUTE,,,Nuit avec éclairage allumé,En agglomération,Intersection en T,Normale,Deux véhicules - côté,,,,,,,,,,,5,2,3,1,3
200800010317,0008-02-05 10:25:00,8,2,5,10,25,201,4,CALVI  ROUTE,,,Plein jour,En agglomération,Hors intersection,Normale,Deux véhicules - côté,,,,,,,,,,,1,2,1,1,3
200800010318,0008-02-07 07:05:00,8,2,7,7,5,201,4,"105, NAPOLEON COURS AVAN",,,Plein jour,En agglomération,Hors intersection,Normale,Deux véhicules - côté,,,,,,,,,,,1,2,1,1,3
200800010319,0008-02-08 09:00:00,8,2,8,9,0,201,4,HERMINIER GARE MARITIME,,,Plein jour,En agglomération,Hors intersection,Normale,Autre collision,,,,,,,,,,,1,2,1,1,6
200800010320,0008-02-09 14:15:00,8,2,9,14,15,201,4,STILETTO LOT RTE MEZZAVI,,,Plein jour,En agglomération,Hors intersection,Normale,Deux véhicules - côté,,,,,,,,,,,1,2,1,1,3
200800010321,0008-02-10 18:30:00,8,2,10,18,30,201,4,NATIONALE 194,,,Nuit avec éclairage allumé,En agglomération,Hors intersection,Normale,Deux véhicules - côté,,,,,,,,,,,5,2,1,1,3
200800010322,0008-02-11 13:40:00,8,2,11,13,40,201,4,PRINCE IMPERIAL COURS,,,Plein jour,En agglomération,Hors intersection,Normale,Deux véhicules - arrière,,,,,,,,,,,1,2,1,1,2
200800010323,0008-02-14 17:25:00,8,2,14,17,25,201,4,"SANS, NAPOLEON COURS APR",,,Plein jour,En agglomération,Hors intersection,Normale,Autre collision,,,,,,,,,,,1,2,1,1,6
200800010324,0008-02-17 18:05:00,8,2,17,18,5,201,4,NATIONALE 194,,,Crépuscule ou aube,En agglomération,Intersection en T,Normale,Deux véhicules - côté,,,,,,,,,,,2,2,3,1,3
200800010325,0008-02-21 14:25:00,8,2,21,14,25,201,4,JARDINS DE L'EMPEREUR RU,,,Plein jour,En agglomération,Hors intersection,Normale,Deux véhicules - arrière,,,,,,,,,,,1,2,1,1,2
200800010326,0008-02-22 08:45:00,8,2,22,8,45,201,4,"SANS, ALATA ROUTE",,,Plein jour,Hors agglomération,Hors intersection,Normale,Trois véhicules et plus - en chaîne,,,,,,,,,,,1,1,1,1,4
200800010327,0008-02-24 08:13:00,8,2,24,8,13,201,4,"SANS, CYPRES CHEMIN",,,Plein jour,En agglomération,Hors intersection,Normale,Autre collision,,,,,,,,,,,1,2,1,1,6
200800010328,0008-02-28 12:50:00,8,2,28,12,50,201,4,"SANS, AVENUE DES LACS",,,Plein jour,En agglomération,Intersection en Y,Normale,Deux véhicules - côté,,,,,,,,,,,1,2,4,1,3
200800010329,0008-02-10 14:30:00,8,2,10,14,30,690,381,PONT DE LATTRE DE TASSIG,,,Plein jour,En agglomération,Hors intersection,Normale,Autre collision,,,,,,,,,,,1,2,1,1,6
200800010330,0008-02-22 19:45:00,8,2,22,19,45,690,381,"26, RUE DE LA MARTINIERE",,,Nuit avec éclairage allumé,En agglomération,Hors intersection,Normale,Autre collision,,,,,,,,,,,5,2,1,1,6
200800010331,0008-02-01 07:50:00,8,2,1,7,50,940,18,A4,,,Crépuscule ou aube,Hors agglomération,Hors intersection,Pluie légère,Trois véhicules et plus - collisions multiples,,,,,,,,,,,2,1,1,2,5
200800010332,0008-02-01 07:45:00,8,2,1,7,45,940,18,A4,,,Crépuscule ou aube,Hors agglomération,Hors intersection,Normale,Sans collision,,,,,,,,,,,2,1,1,1,7
200800010333,0008-02-02 01:50:00,8,2,2,1,50,940,18,A4,,,Nuit avec éclairage allumé,Hors agglomération,Hors intersection,Normale,Deux véhicules - arrière,,,,,,,,,,,5,1,1,1,2
200800010334,0008-02-02 19:40:00,8,2,2,19,40,930,51,A4,,,Nuit sans éclairage public,Hors agglomération,Hors intersection,Normale,Trois véhicules et plus - en chaîne,,,,,,,,,,,3,1,1,1,4
200800010335,0008-02-03 04:50:00,8,2,3,4,50,770,372,A104,,,Nuit sans éclairage public,Hors agglomération,Hors intersection,Normale,Sans collision,,,,,,,,,,,3,1,1,1,7
200800010336,0008-02-04 08:45:00,8,2,4,8,45,770,83,A4.W,,,Plein jour,Hors agglomération,Hors intersection,Normale,Trois véhicules et plus - collisions multiples,,,,,,,,,,,1,1,1,1,5
200800010337,0008-02-04 18:45:00,8,2,4,18,45,940,69,A86,,,Nuit avec éclairage allumé,Hors agglomération,Hors intersection,Normale,Deux véhicules - côté,,,,,,,,,,,5,1,1,1,3
200800010338,0008-02-04 22:10:00,8,2,4,22,10,940,28,A86,,,Nuit avec éclairage allumé,Hors agglomération,Hors intersection,Normale,Sans collision,,,,,,,,,,,5,1,1,1,7
200800010339,0008-02-05 22:40:00,8,2,5,22,40,940,22,A86,,,Nuit avec éclairage allumé,Hors agglomération,Hors intersection,Pluie légère,Autre collision,,,,,,,,,,,5,1,1,2,6
200800010340,0008-02-09 20:00:00,8,2,9,20,0,940,33,A86.EXT,,,Nuit avec éclairage allumé,Hors agglomération,Hors intersection,Normale,Deux véhicules - côté,,,,,,,,,,,5,1,1,1,3
200800010341,0008-02-11 18:50:00,8,2,11,18,50,940,18,A4,,,Nuit avec éclairage allumé,Hors agglomération,Hors intersection,Normale,Deux véhicules - côté,,,,,,,,,,,5,1,1,1,3