accident_id,datetime,annee,mois,jour,heure,minute,departement,commune_insee,adresse,latitude,longitude,luminosite,agglomeration,intersection,meteo,collision,nb_vehicules,nb_usagers,nb_indemnes,nb_tues,nb_blesses_hosp,nb_blesses_legers,age_cond_1,age_cond_2,veh_type_cond_1,veh_type_cond_2,lum_code,agg_code,int_code,atm_code,col_code
200800010612,0008-02-03 19:20:00,8,2,3,19,20,690,266,RD383   3.750 A 7.640,,,Nuit avec éclairage allumé,Hors agglomération,Hors intersection,Normale,Deux véhicules - côté,,,,,,,,,,,5,1,1,1,3
200800010613,0008-02-09 05:40:00,8,2,9,5,40,690,9,A6   428.880 A 431.800,,,Crépuscule ou aube,Hors agglomération,Hors intersection,Normale,Autre collision,,,,,,,,,,,2,1,1,1,6
200800010614,0008-02-12 20:15:00,8,2,12,20,15,380,544,N407   0.000 A 2.331,,,Nuit avec éclairage allumé,Hors agglomération,Hors intersection,Normale,Deux véhicules - côté,,,,,,,,,,,5,1,1,1,3
200800010615,0008-02-14 20:25:00,8,2,14,20,25,690,149,A7   3.690 A 4.270,,,Nuit avec éclairage allumé,Hors agglomération,Hors intersection,Normale,Autre collision,,,,,,,,,,,5,1,1,1,6
200800010616,0008-02-17 16:50:00,8,2,17,16,50,690,297,A47,,,Plein jour,Hors agglomération,Hors intersection,Normale,Autre collision,,,,,,,,,,,1,1,1,1,6
200800010617,0008-02-18 16:05:00,8,2,18,16,5,690,290,A43   3.865 A 9.894,,,Plein jour,Hors agglomération,Hors intersection,Normale,Sans collision,,,,,,,,,,,1,1,1,1,7
200800010618,0008-02-19 07:00:00,8,2,19,7,0,690,259,RD383   11.0044 A 11.460,,,Crépuscule ou aube,Hors agglomération,Hors intersection,Normale,Deux véhicules - côté,,,,,,,,,,,2,1,1,1,3
200800010619,0008-02-21 17:30:00,8,2,21,17,30,690,290,A46S   40.883 A 43.680,,,Plein jour,Hors agglomération,Hors intersection,Normale,Deux véhicules - côté,,,,,,,,,,,1,1,1,1,3
200800010620,0008-02-23 17:25:00,8,2,23,17,25,690,388,RD383   11.460 A 11.750,,,Plein jour,Hors agglomération,Hors intersection,Normale,Trois véhicules et plus - collisions multiples,,,,,,,,,,,1,1,1,1,5
200800010621,0008-02-24 14:17:00,8,2,24,14,17,380,544,N407   0.000 A 2.331,,,Plein jour,Hors agglomération,Hors intersection,Normale,Trois véhicules et plus - en chaîne,,,,,,,,,,,1,1,1,1,4
200800010622,0008-02-08 14:10:00,8,2,8,14,10,690,389,"0, RUE DE LA CORDERIE",,,Plein jour,En agglomération,Hors intersection,Normale,Autre collision,,,,,,,,,,,1,2,1,1,6
200800010623,0008-02-07 12:00:00,8,2,7,12,0,690,389,"65, RUE DE SAINT CYR",,,Plein jour,En agglomération,Hors intersection,Normale,Autre collision,,,,,,,,,,,1,2,1,1,6
200800010624,0008-02-07 14:00:00,8,2,7,14,0,690,389,"474, AVENUE DE LA SAUVEG",,,Plein jour,En agglomération,Hors intersection,Normale,Autre collision,,,,,,,,,,,1,2,1,1,6
200800010625,0008-02-12 22:00:00,8,2,12,22,0,690,389,"107, RUE DE SAINT CYR",,,Nuit avec éclairage allumé,En agglomération,Hors intersection,Normale,Autre collision,,,,,,,,,,,5,2,1,1,6
200800010626,0008-02-13 18:05:00,8,2,13,18,5,690,389,"24, RUE MOUILLARD",,,Nuit avec éclairage allumé,En agglomération,Hors intersection,Normale,Deux véhicules - côté,,,,,,,,,,,5,2,1,1,3
200800010627,0008-02-18 13:55:00,8,2,18,13,55,690,389,"19, RUE DU MONT D OR",,,Plein jour,En agglomération,Hors intersection,Normale,Autre collision,,,,,,,,,,,1,2,1,1,6
200800010628,0008-02-20 15:05:00,8,2,20,15,5,690,389,"36, RUE MARIETTON",,,Plein jour,En agglomération,Hors intersection,Normale,Autre collision,,,,,,,,,,,1,2,1,1,6
200800010629,0008-02-15 17:10:00,8,2,15,17,10,690,389,"57, RUE DE SAINT CYR",,,Plein jour,En agglomération,Intersection en X,Normale,Deux véhicules - côté,,,,,,,,,,,1,2,2,1,3
200800010630,0008-02-28 07:20:00,8,2,28,7,20,690,389,"26, RUE PIERRE AUDRY",,,Plein jour,En agglomération,Hors intersection,Normale,Autre collision,,,,,,,,,,,1,2,1,1,6
200800010631,0008-02-26 20:00:00,8,2,26,20,0,690,389,"12, QUAI DU COMMERCE",,,Nuit sans éclairage public,En agglomération,Hors intersection,Pluie légère,Autre collision,,,,,,,,,,,3,2,1,2,6
200800010632,0008-02-02 00:15:00,8,2,2,0,15,830,144,A57,,,Nuit avec éclairage allumé,Hors agglomération,Hors intersection,Pluie légère,Autre collision,,,,,,,,,,,5,1,1,2,6
200800010633,0008-02-10 18:20:00,8,2,10,18,20,130,28,A50,,,Nuit sans éclairage public,Hors agglomération,Hors intersection,Normale,Autre collision,,,,,,,,,,,3,1,1,1,6
200800010634,0008-02-04 07:20:00,8,2,4,7,20,830,144,A57,,,Crépuscule ou aube,Hors agglomération,Hors intersection,Pluie légère,Deux véhicules - arrière,,,,,,,,,,,2,1,1,2,2
200800010635,0008-02-08 19:30:00,8,2,8,19,30,830,137,A57,,,Nuit avec éclairage allumé,Hors agglomération,Hors intersection,Normale,Trois véhicules et plus - en chaîne,,,,,,,,,,,5,1,1,1,4
200800010636,0008-02-09 11:50:00,8,2,9,11,50,830,137,A50,,,Plein jour,Hors agglomération,Hors intersection,Normale,Sans collision,,,,,,,,,,,1,1,1,1,7
200800010637,0008-02-11 07:33:00,8,2,11,7,33,830,144,A57,,,Plein jour,Hors agglomération,Hors intersection,Normale,Deux véhicules - côté,,,,,,,,,,,1,1,1,1,3
200800010638,0008-02-24 05:10:00,8,2,24,5,10,830,137,A50 TUNNEL,,,Nuit avec éclairage allumé,Hors agglomération,Hors intersection,Normale,Sans collision,,,,,,,,,,,5,1,1,1,7
200800010639,0008-02-26 14:01:00,8,2,26,14,1,830,137,A50,,,Plein jour,Hors agglomération,Hors intersection,Pluie légère,Trois véhicules et plus - en chaîne,,,,,,,,,,,1,1,1,2,4
200800010640,0008-02-26 15:25:00,8,2,26,15,25,830,112,A50,,,Plein jour,Hors agglomération,Autre intersection,Pluie légère,Deux véhicules - côté,,,,,,,,,,,1,1,9,2,3
200800010641,0008-02-27 07:15:00,8,2,27,7,15,830,69,A570,,,Plein jour,Hors agglomération,Hors intersection,Normale,Sans collision,,,,,,,,,,,1,1,1,1,7
200800010642,0008-02-22 12:20:00,8,2,22,12,20,130,28,A50,,,Plein jour,Hors agglomération,Hors intersection,Normale,Deux véhicules - arrière,,,,,,,,,,,1,1,1,1,2
200800010643,0008-02-02 04:20:00,8,2,2,4,20,130,216,A55-Sens Marseille vers,,,Nuit avec éclairage allumé,Hors agglomération,Hors intersection,Pluie légère,Autre collision,,,,,,,,,,,5,1,1,2,6
200800010644,0008-02-02 15:00:00,8,2,2,15,0,130,1,A51-Sens Aix en Provence,,,Plein jour,Hors agglomération,Hors intersection,Normale,Trois véhicules et plus - collisions multiples,,,,,,,,,,,1,1,1,1,5
200800010645,0008-02-03 06:20:00,8,2,3,6,20,130,81,A7-Sens Marseille vers L,,,Nuit sans éclairage public,Hors agglomération,Hors intersection,Normale,Deux véhicules - arrière,,,,,,,,,,,3,1,1,1,2
200800010646,0008-02-04 09:00:00,8,2,4,9,0,130,56,A55-Sens Marseille vers,,,Plein jour,Hors agglomération,Hors intersection,Pluie légère,Sans collision,,,,,,,,,,,1,1,1,2,7
200800010647,0008-02-05 19:05:00,8,2,5,19,5,130,1,A51-Sens Marseille vers,,,Nuit sans éclairage public,Hors agglomération,Hors intersection,Normale,Trois véhicules et plus - en chaîne,,,,,,,,,,,3,1,1,1,4
200800010648,0008-02-06 11:25:00,8,2,6,11,25,130,1,A51-Sens Aix en Provence,,,Plein jour,Hors agglomération,Hors intersection,Normale,Deux véhicules - arrière,,,,,,,,,,,1,1,1,1,2
200800010649,0008-02-08 15:50:00,8,2,8,15,50,130,215,A7-Sens Marseille vers L,,,Plein jour,Hors agglomération,Hors intersection,Normale,Deux véhicules - arrière,,,,,,,,,,,1,1,1,1,2
200800010650,0008-02-08 17:30:00,8,2,8,17,30,130,211,A50-Sens Marseille vers,,,Plein jour,Hors agglomération,Hors intersection,Normale,Deux véhicules - arrière,,,,,,,,,,,1,1,1,1,2
200800010651,0008-02-10 00:25:00,8,2,10,0,25,130,215,A7-Sens Lyon vers Marsei,,,Nuit sans éclairage public,Hors agglomération,Hors intersection,Normale,Autre collision,,,,,,,,,,,3,1,1,1,6
200800010652,0008-02-11 18:00:00,8,2,11,18,0,130,55,A557-Liaison A7 Marseill,,,Crépuscule ou aube,Hors agglomération,Hors intersection,Normale,Deux véhicules - arrière,,,,,,,,,,,2,1,1,1,2
200800010653,0008-02-12 07:28:00,8,2,12,7,28,130,215,A7-Sens Marseille vers L,,,Crépuscule ou aube,Hors agglomération,Hors intersection,Normale,Deux véhicules - côté,,,,,,,,,,,2,1,1,1,3
200800010654,0008-02-12 07:58:00,8,2,12,7,58,130,202,TVPCM-Sens Saint Victor,,,Nuit avec éclairage allumé,Hors agglomération,Hors intersection,Normale,Trois véhicules et plus - en chaîne,,,,,,,,,,,5,1,1,1,4
200800010655,0008-02-12 08:40:00,8,2,12,8,40,130,71,A7-Sens Lyon vers Marsei,,,Plein jour,Hors agglomération,Hors intersection,Normale,Sans collision,,,,,,,,,,,1,1,1,1,7
200800010656,0008-02-14 12:20:00,8,2,14,12,20,130,26,A55-Sens Marseille vers,,,Plein jour,Hors agglomération,Hors intersection,Normale,Autre collision,,,,,,,,,,,1,1,1,1,6
200800010657,0008-02-14 13:30:00,8,2,14,13,30,130,19,A51-Sens Marseille vers,43.99142,5.32674,Plein jour,Hors agglomération,Hors intersection,Normale,Deux véhicules - arrière,,,,,,,,,,,1,1,1,1,2
200800010658,0008-02-15 07:50:00,8,2,15,7,50,130,56,A55-Sens Martigues vers,,,Plein jour,Hors agglomération,Hors intersection,Normale,Autre collision,,,,,,,,,,,1,1,1,1,6
200800010659,0008-02-15 08:20:00,8,2,15,8,20,130,56,A55-Sens Martigues vers,,,Plein jour,Hors agglomération,Hors intersection,Normale,Deux véhicules - arrière,,,,,,,,,,,1,1,1,1,2
200800010660,0008-02-15 09:00:00,8,2,15,9,0,130,215,A7-Sens Marseille vers L,,,Plein jour,Hors agglomération,Hors intersection,Normale,Deux véhicules - arrière,,,,,,,,,,,1,1,1,1,2
200800010661,0008-02-15 17:40:00,8,2,15,17,40,130,215,A7-Sens Lyon vers Marsei,,,Plein jour,Hors agglomération,Hors intersection,Normale,Deux véhicules - arrière,,,,,,,,,,,1,1,1,1,2
200800010662,0008-02-16 07:05:00,8,2,16,7,5,130,5,A50-Sens Marseille vers,,,Nuit sans éclairage public,Hors agglomération,Hors intersection,Normale,Trois véhicules et plus - en chaîne,,,,,,,,,,,3,1,1,1,4
200800010663,0008-02-17 23:30:00,8,2,17,23,30,130,211,A50-Sens Marseille vers,,,Nuit avec éclairage allumé,Hors agglomération,Hors intersection,Normale,Deux véhicules - arrière,,,,,,,,,,,5,1,1,1,2
200800010664,0008-02-18 12:25:00,8,2,18,12,25,130,70,A50-Sens Marseille vers,,,Plein jour,Hors agglomération,Hors intersection,Normale,Deux véhicules - arrière,,,,,,,,,,,1,1,1,1,2
200800010665,0008-02-19 10:56:00,8,2,19,10,56,130,215,A7-Sens Lyon vers Marsei,,,Plein jour,Hors agglomération,Hors intersection,Normale,Deux véhicules - côté,,,,,,,,,,,1,1,1,1,3
200800010666,0008-02-19 20:45:00,8,2,19,20,45,130,71,A7-Sens Lyon vers Marsei,,,Nuit sans éclairage public,Hors agglomération,Hors intersection,Normale,Deux véhicules - côté,,,,,,,,,,,3,1,1,1,3
200800010667,0008-02-20 02:18:00,8,2,20,2,18,130,71,A51-Sens Aix en Provence,,,Nuit sans éclairage public,Hors agglomération,Hors intersection,Normale,Deux véhicules - arrière,,,,,,,,,,,3,1,1,1,2
200800010668,0008-02-21 04:55:00,8,2,21,4,55,130,1,A51-Sens Aix en Provence,,,Nuit sans éclairage public,Hors agglomération,Hors intersection,Normale,Autre collision,,,,,,,,,,,3,1,1,1,6
200800010669,0008-02-21 08:17:00,8,2,21,8,17,130,71,A7-Sens Lyon vers Marsei,,,Plein jour,Hors agglomération,Hors intersection,Normale,Autre collision,,,,,,,,,,,1,1,1,1,6
200800010670,0008-02-21 18:05:00,8,2,21,18,5,130,214,A7-Sens Lyon vers Marsei,,,Plein jour,Hors agglomération,Hors intersection,Normale,Trois véhicules et plus - en chaîne,,,,,,,,,,,1,1,1,1,4
200800010671,0008-02-22 12:10:00,8,2,22,12,10,130,5,A50-Sens Aubagne vers Ma,,,Plein jour,Hors agglomération,Hors intersection,Normale,Deux véhicules - côté,,,,,,,,,,,1,1,1,1,3
200800010672,0008-02-22 16:58:00,8,2,22,16,58,130,214,A7-Sens Lyon vers Marsei,,,Plein jour,Hors agglomération,Hors intersection,Normale,Deux véhicules - arrière,,,,,,,,,,,1,1,1,1,2
200800010673,0008-02-24 01:00:00,8,2,24,1,0,130,211,A50-Sens Aubagne vers Ma,,,Nuit avec éclairage non allumé,Hors agglomération,Hors intersection,Normale,Deux véhicules - arrière,,,,,,,,,,,4,1,1,1,2
200800010674,0008-02-24 06:50:00,8,2,24,6,50,130,215,A7-Sens Lyon vers Marsei,,,Crépuscule ou aube,Hors agglomération,Hors intersection,Normale,Trois véhicules et plus - collisions multiples,,,,,,,,,,,2,1,1,1,5
200800010675,0008-02-25 07:25:00,8,2,25,7,25,130,202,A55-Sens Martigues vers,,,Crépuscule ou aube,Hors agglomération,Hors intersection,Normale,Deux véhicules - côté,,,,,,,,,,,2,1,1,1,3
200800010676,0008-02-26 07:50:00,8,2,26,7,50,130,70,A50-Sens Aubagne vers Ma,,,Plein jour,Hors agglomération,Hors intersection,Normale,Deux véhicules - arrière,,,,,,,,,,,1,1,1,1,2
200800010677,0008-02-28 09:10:00,8,2,28,9,10,130,202,A55-Sens Martigues vers,,,Plein jour,Hors agglomération,Hors intersection,Normale,Autre collision,,,,,,,,,,,1,1,1,1,6
200800010678,0008-02-28 22:40:00,8,2,28,22,40,130,215,A7-Sens Marseille vers L,,,Nuit avec éclairage allumé,Hors agglomération,Hors intersection,Normale,Sans collision,,,,,,,,,,,5,1,1,1,7
200800010679,0008-02-29 11:30:00,8,2,29,11,30,130,33,A55-Sens Marseille vers,,,Plein jour,Hors agglomération,Hors intersection,Normale,Autre collision,,,,,,,,,,,1,1,1,1,6
200800010680,0008-02-29 23:14:00,8,2,29,23,14,130,71,A51-Sens Marseille vers,,,Nuit sans éclairage public,Hors agglomération,Hors intersection,Normale,Sans collision,,,,,,,,,,,3,1,1,1,7
200800010681,0008-02-04 09:25:00,8,2,4,9,25,750,101,QUAI DES TUILERIES,,,Plein jour,En agglomération,Hors intersection,Normale,Sans collision,,,,,,,,,,,1,2,1,1,7
200800010682,0008-02-04 15:05:00,8,2,4,15,5,750,101,RUE DE RIVOLI,,,Plein jour,En agglomération,Intersection en T,Normale,Deux véhicules - côté,,,,,,,,,,,1,2,3,1,3
200800010683,0008-02-05 16:00:00,8,2,5,16,0,750,101,"16, RUE DES HALLES",,,Plein jour,En agglomération,Hors intersection,Pluie légère,Autre collision,,,,,,,,,,,1,2,1,2,6
200800010684,0008-02-07 15:40:00,8,2,7,15,40,750,101,"31, RUE DE RICHELIEU",,,Plein jour,En agglomération,Hors intersection,Normale,Deux véhicules - côté,,,,,,,,,,,1,2,1,1,3
200800010685,0008-02-09 13:00:00,8,2,9,13,0,750,101,"23, AVENUE VICTORIA",,,Plein jour,En agglomération,Hors intersection,Normale,Autre collision,,,,,,,,,,,1,2,1,1,6
200800010686,0008-02-09 19:35:00,8,2,9,19,35,750,101,"234, RUE DE RIVOLI",,,Nuit avec éclairage allumé,En agglomération,Hors intersection,Normale,Deux véhicules - arrière,,,,,,,,,,,5,2,1,1,2
200800010687,0008-02-11 12:20:00,8,2,11,12,20,750,101,PASSAGE SAINT ROCH,,,Plein jour,En agglomération,Hors intersection,Normale,Autre collision,,,,,,,,,,,1,2,1,1,6
200800010688,0008-02-11 16:40:00,8,2,11,16,40,750,101,PLACE DES PYRAMIDES,,,Plein jour,En agglomération,Intersection en X,Normale,Deux véhicules - côté,,,,,,,,,,,1,2,2,1,3
200800010689,0008-02-11 17:30:00,8,2,11,17,30,750,101,"172, RUE DE RIVOLI",,,Plein jour,En agglomération,Hors intersection,Normale,Autre collision,,,,,,,,,,,1,2,1,1,6
200800010690,0008-02-14 12:55:00,8,2,14,12,55,750,101,"1, BOULEVARD DE LA MADEL",,,Plein jour,En agglomération,Hors intersection,Normale,Autre collision,,,,,,,,,,,1,2,1,1,6
200800010691,0008-02-15 19:00:00,8,2,15,19,0,750,101,"41, RUE DE RIVOLI",,,Nuit avec éclairage allumé,En agglomération,Hors intersection,Normale,Autre collision,,,,,,,,,,,5,2,1,1,6
200800010692,0008-02-23 03:30:00,8,2,23,3,30,750,101,PONT DU CARROUSEL,,,Nuit avec éclairage allumé,En agglomération,Hors intersection,Normale,Autre collision,,,,,,,,,,,5,2,1,1,6
200800010693,0008-02-23 16:45:00,8,2,23,16,45,750,101,RUE DU LOUVRE,,,Plein jour,En agglomération,Hors intersection,Normale,Sans collision,,,,,,,,,,,1,2,1,1,7
200800010694,0008-02-25 17:35:00,8,2,25,17,35,750,101,"122, RUE DE RIVOLI",,,Plein jour,En agglomération,Hors intersection,Normale,Autre collision,,,,,,,,,,,1,2,1,1,6
200800010695,0008-02-26 08:00:00,8,2,26,8,0,750,101,RUE DE RIVOLI,,,Plein jour,En agglomération,Intersection en T,Normale,Deux véhicules - côté,,,,,,,,,,,1,2,3,1,3
200800010696,0008-02-06 10:50:00,8,2,6,10,50,750,102,"22, RUE SAINT JOSEPH",,,Plein jour,En agglomération,Hors intersection,Normale,Autre collision,,,,,,,,,,,1,2,1,1,6
200800010697,0008-02-15 19:25:00,8,2,15,19,25,750,101,"21, BOULEVARD DE SEBASTO",,,Nuit avec éclairage allumé,En agglomération,Intersection en T,Normale,Autre collision,,,,,,,,,,,5,2,3,1,6
200800010698,0008-02-21 21:20:00,8,2,21,21,20,750,102,"43, BOULEVARD DES CAPUCI",,,Nuit avec éclairage allumé,En agglomération,Intersection en X,Normale,Autre collision,,,,,,,,,,,5,2,2,1,6
200800010699,0008-02-28 12:18:00,8,2,28,12,18,750,102,"51, RUE DU CAIRE",,,Plein jour,En agglomération,Hors intersection,Pluie légère,Autre collision,,,,,,,,,,,1,2,1,2,6
200800010700,0008-02-07 12:30:00,8,2,7,12,30,750,103,"3, BOULEVARD SAINT MARTI",,,Plein jour,En agglomération,Hors intersection,Normale,Autre collision,,,,,,,,,,,1,2,1,1,6
200800010701,0008-02-08 17:20:00,8,2,8,17,20,750,103,"132, RUE VIEILLE DU TEMP",,,Plein jour,En agglomération,Intersection à plus de 4 branches,Normale,Sans collision,,,,,,,,,,,1,2,5,1,7
200800010702,0008-02-08 18:15:00,8,2,8,18,15,750,103,"11, BOULEVARD DU TEMPLE",,,Nuit avec éclairage allumé,En agglomération,Hors intersection,Normale,Autre collision,,,,,,,,,,,5,2,1,1,6
200800010703,0008-02-13 16:35:00,8,2,13,16,35,750,103,"30, RUE DU VERTBOIS",,,Plein jour,En agglomération,Intersection en X,Normale,Sans collision,,,,,,,,,,,1,2,2,1,7
200800010704,0008-02-15 20:35:00,8,2,15,20,35,750,103,"13, RUE VOLTA",,,Nuit avec éclairage allumé,En agglomération,Intersection en T,Normale,Autre collision,,,,,,,,,,,5,2,3,1,6
200800010705,0008-02-19 08:10:00,8,2,19,8,10,750,103,"36, RUE DE TURBIGO",,,Plein jour,En agglomération,Intersection en X,Normale,Trois véhicules et plus - collisions multiples,,,,,,,,,,,1,2,2,1,5
200800010706,0008-02-20 15:15:00,8,2,20,15,15,750,103,BOULEVARD SAINT MARTIN,,,Plein jour,En agglomération,Hors intersection,Pluie légère,Deux véhicules - arrière,,,,,,,,,,,1,2,1,2,2
200800010707,0008-02-21 19:15:00,8,2,21,19,15,750,103,"78, BOULEVARD DE SEBASTO",,,Nuit avec éclairage allumé,En agglomération,Hors intersection,Normale,Deux véhicules - côté,,,,,,,,,,,5,2,1,1,3
200800010708,0008-02-23 16:20:00,8,2,23,16,20,750,103,"359, RUE SAINT MARTIN",,,Plein jour,En agglomération,Intersection en T,Normale,Autre collision,,,,,,,,,,,1,2,3,1,6
200800010709,0008-02-28 08:30:00,8,2,28,8,30,750,103,"70, BOULEVARD DE SEBASTO",,,Plein jour,En agglomération,Hors intersection,Pluie légère,Sans collision,,,,,,,,,,,1,2,1,2,7
200800010710,0008-02-28 12:45:00,8,2,28,12,45,750,103,"9, BOULEVARD SAINT DENIS",,,Plein jour,En agglomération,Hors intersection,Pluie légère,Deux véhicules - arrière,,,,,,,,,,,1,2,1,2,2
200800010711,0008-02-01 15:40:00,8,2,1,15,40,750,104,PONT DE SULLY,,,Plein jour,En agglomération,Hors intersection,Temps couvert,Sans collision,,,,,,,,,,,1,2,1,8,7
200800010712,0008-02-03 14:25:00,8,2,3,14,25,750,104,"31, RUE DE RIVOLI",,,Plein jour,En agglomération,Intersection en T,Normale,Deux véhicules - côté,,,,,,,,,,,1,2,3,1,3
200800010713,0008-02-04 14:50:00,8,2,4,14,50,750,104,"2, QUAI DE GESVRES",,,Plein jour,En agglomération,Hors intersection,Normale,Sans collision,,,,,,,,,,,1,2,1,1,7
200800010714,0008-02-07 13:15:00,8,2,7,13,15,750,104,"20, QUAI DES CELESTINS",,,Plein jour,En agglomération,Hors intersection,Normale,Autre collision,,,,,,,,,,,1,2,1,1,6
200800010715,0008-02-09 18:20:00,8,2,9,18,20,750,104,"01, PONT PETIT PONT",,,Nuit avec éclairage allumé,En agglomération,Hors intersection,Normale,Autre collision,,,,,,,,,,,5,2,1,1,6
200800010716,0008-02-10 14:30:00,8,2,10,14,30,750,104,"90, QUAI DE L HOTEL DE V",,,Plein jour,En agglomération,Intersection en T,Normale,Deux véhicules - côté,,,,,,,,,,,1,2,3,1,3
200800010717,0008-02-14 09:42:00,8,2,14,9,42,750,104,PONT AU CHANGE,,,Plein jour,En agglomération,Hors intersection,Normale,Deux véhicules - arrière,,,,,,,,,,,1,2,1,1,2
200800010718,0008-02-17 23:25:00,8,2,17,23,25,750,104,"6, RUE DU RENARD",,,Nuit avec éclairage allumé,En agglomération,Hors intersection,Normale,Sans collision,,,,,,,,,,,5,2,1,1,7
200800010719,0008-02-19 15:40:00,8,2,19,15,40,750,104,QUAI DE L HOTEL DE VILLE,,,Plein jour,En agglomération,Hors intersection,Normale,Deux véhicules - arrière,,,,,,,,,,,1,2,1,1,2
200800010720,0008-02-22 20:05:00,8,2,22,20,5,750,105,"24, BOULEVARD SAINT GERM",,,Nuit avec éclairage allumé,En agglomération,Hors intersection,Normale,Deux véhicules - arrière,,,,,,,,,,,5,2,1,1,2
200800010721,0008-02-01 10:00:00,8,2,1,10,0,750,105,QUAI SAINT MICHEL,,,Plein jour,En agglomération,Hors intersection,Pluie légère,Autre collision,,,,,,,,,,,1,2,1,2,6
200800010722,0008-02-01 18:25:00,8,2,1,18,25,750,105,RUE MONGE,,,Nuit avec éclairage allumé,En agglomération,Intersection en X,Pluie légère,Autre collision,,,,,,,,,,,5,2,2,2,6
200800010723,0008-02-04 15:30:00,8,2,4,15,30,750,105,RUE DES ECOLES,,,Plein jour,En agglomération,Intersection en X,Temps couvert,Autre collision,,,,,,,,,,,1,2,2,8,6
200800010724,0008-02-05 18:25:00,8,2,5,18,25,750,105,RUE DES BERNARDINS,,,Nuit avec éclairage allumé,En agglomération,Hors intersection,Pluie légère,Autre collision,,,,,,,,,,,5,2,1,2,6
200800010725,0008-02-06 22:20:00,8,2,6,22,20,750,105,RUE SAINT JACQUES,,,Nuit avec éclairage allumé,En agglomération,Hors intersection,Normale,Autre collision,,,,,,,,,,,5,2,1,1,6
200800010726,0008-02-07 09:20:00,8,2,7,9,20,750,105,BOULEVARD SAINT GERMAIN,,,Plein jour,En agglomération,Intersection en X,Normale,Deux véhicules - côté,,,,,,,,,,,1,2,2,1,3
200800010727,0008-02-08 10:15:00,8,2,8,10,15,750,105,BOULEVARD SAINT MARCEL,,,Plein jour,En agglomération,Hors intersection,Normale,Autre collision,,,,,,,,,,,1,2,1,1,6
200800010728,0008-02-08 13:40:00,8,2,8,13,40,750,105,"45, RUE LINNE",,,Plein jour,En agglomération,Hors intersection,Normale,Deux véhicules - côté,,,,,,,,,,,1,2,1,1,3
200800010729,0008-02-08 16:25:00,8,2,8,16,25,750,105,"101, RUE MONGE",,,Plein jour,En agglomération,Intersection en X,Normale,Autre collision,,,,,,,,,,,1,2,2,1,6
200800010730,0008-02-08 19:37:00,8,2,8,19,37,750,105,QUAI DE LA TOURNELLE,,,Nuit avec éclairage allumé,En agglomération,Hors intersection,Normale,Deux véhicules - côté,,,,,,,,,,,5,2,1,1,3
200800010731,0008-02-09 00:30:00,8,2,9,0,30,750,105,RUE SAINT JACQUES,,,Nuit avec éclairage allumé,En agglomération,Intersection en X,Normale,Deux véhicules - arrière,,,,,,,,,,,5,2,2,1,2
200800010732,0008-02-10 18:55:00,8,2,10,18,55,750,105,"11, RUE MONGE",,,Nuit avec éclairage allumé,En agglomération,Intersection en X,Normale,Autre collision,,,,,,,,,,,5,2,2,1,6
200800010733,0008-02-11 12:45:00,8,2,11,12,45,750,105,"25, BOULEVARD SAINT GERM",,,Plein jour,En agglomération,Hors intersection,Normale,Deux véhicules - côté,,,,,,,,,,,1,2,1,1,3
200800010734,0008-02-11 18:40:00,8,2,11,18,40,750,105,"38, BOULEVARD SAINT MARC",,,Nuit avec éclairage allumé,En agglomération,Hors intersection,Normale,Trois véhicules et plus - en chaîne,,,,,,,,,,,5,2,1,1,4
200800010735,0008-02-13 08:50:00,8,2,13,8,50,750,105,RUE TOURNEFORT,,,Plein jour,En agglomération,Intersection en X,Normale,Sans collision,,,,,,,,,,,1,2,2,1,7
200800010736,0008-02-14 09:20:00,8,2,14,9,20,750,105,"86, BOULEVARD SAINT MARC",,,Plein jour,En agglomération,Hors intersection,Normale,Deux véhicules - arrière,,,,,,,,,,,1,2,1,1,2
200800010737,0008-02-14 10:00:00,8,2,14,10,0,750,105,RUE DES ECOLES,,,Plein jour,En agglomération,Hors intersection,Normale,Sans collision,,,,,,,,,,,1,2,1,1,7
200800010738,0008-02-17 14:35:00,8,2,17,14,35,750,105,RUE DU CARDINAL LEMOINE,,,Plein jour,En agglomération,Intersection en X,Normale,Deux véhicules - côté,,,,,,,,,,,1,2,2,1,3
200800010739,0008-02-19 15:00:00,8,2,19,15,0,750,105,BOULEVARD SAINT MICHEL,,,Plein jour,En agglomération,Hors intersection,Normale,Deux véhicules - arrière,,,,,,,,,,,1,2,1,1,2
200800010740,0008-02-20 18:05:00,8,2,20,18,5,750,105,"163, RUE SAINT JACQUES",,,Nuit avec éclairage allumé,En agglomération,Intersection en X,Normale,Trois véhicules et plus - en chaîne,,,,,,,,,,,5,2,2,1,4
200800010741,0008-02-20 21:10:00,8,2,20,21,10,750,105,"8, RUE D ULM",,,Nuit avec éclairage allumé,En agglomération,Hors intersection,Normale,Deux véhicules - arrière,,,,,,,,,,,5,2,1,1,2
200800010742,0008-02-22 13:27:00,8,2,22,13,27,750,105,BOULEVARD SAINT GERMAIN,,,Plein jour,En agglomération,Hors intersection,Normale,Autre collision,,,,,,,,,,,1,2,1,1,6
200800010743,0008-02-23 13:20:00,8,2,23,13,20,750,105,AVENUE DES GOBELINS,,,Plein jour,En agglomération,Hors intersection,Normale,Sans collision,,,,,,,,,,,1,2,1,1,7