accident_id,datetime,annee,mois,jour,heure,minute,departement,commune_insee,adresse,latitude,longitude,luminosite,agglomeration,intersection,meteo,collision,nb_vehicules,nb_usagers,nb_indemnes,nb_tues,nb_blesses_hosp,nb_blesses_legers,age_cond_1,age_cond_2,veh_type_cond_1,veh_type_cond_2,lum_code,agg_code,int_code,atm_code,col_code
200800010744,0008-02-28 01:00:00,8,2,28,1,0,750,105,RUE CLAUDE BERNARD,,,Nuit avec éclairage allumé,En agglomération,Intersection en X,Normale,Deux véhicules - côté,,,,,,,,,,,5,2,2,1,3
200800010745,0008-02-28 10:45:00,8,2,28,10,45,750,105,"0, BOULEVARD SAINT GERMA",,,Plein jour,En agglomération,Intersection en X,Pluie légère,Deux véhicules - côté,,,,,,,,,,,1,2,2,2,3
200800010746,0008-02-29 07:10:00,8,2,29,7,10,750,105,"4, BOULEVARD SAINT MARCE",,,Nuit avec éclairage allumé,En agglomération,Hors intersection,Pluie légère,Autre collision,,,,,,,,,,,5,2,1,2,6
200800010747,0008-02-01 12:20:00,8,2,1,12,20,750,106,"171, BOULEVARD DU MONTPA",,,Plein jour,En agglomération,Hors intersection,Pluie forte,Autre collision,,,,,,,,,,,1,2,1,3,6
200800010748,0008-02-01 22:55:00,8,2,1,22,55,750,106,"97, RUE DE SEINE",,,Nuit avec éclairage allumé,En agglomération,Intersection en X,Pluie légère,Deux véhicules - côté,,,,,,,,,,,5,2,2,2,3
200800010749,0008-02-04 11:40:00,8,2,4,11,40,750,106,"17, RUE AUGUSTE COMTE",,,Plein jour,En agglomération,Hors intersection,Pluie légère,Deux véhicules - côté,,,,,,,,,,,1,2,1,2,3
200800010750,0008-02-04 13:20:00,8,2,4,13,20,750,106,"63, RUE DE VAUGIRARD",,,Plein jour,En agglomération,Hors intersection,Pluie légère,Autre collision,,,,,,,,,,,1,2,1,2,6
200800010751,0008-02-06 09:00:00,8,2,6,9,0,750,106,QUAI DES GRANDS AUGUSTIN,,,Plein jour,En agglomération,Intersection en T,Normale,Deux véhicules - côté,,,,,,,,,,,1,2,3,1,3
200800010752,0008-02-07 15:10:00,8,2,7,15,10,750,106,"78, RUE D ASSAS",,,Plein jour,En agglomération,Hors intersection,Normale,Autre collision,,,,,,,,,,,1,2,1,1,6
200800010753,0008-02-08 12:55:00,8,2,8,12,55,750,106,"26, BOULEVARD SAINT MICH",,,Plein jour,En agglomération,Intersection en X,Normale,Deux véhicules - côté,,,,,,,,,,,1,2,2,1,3
200800010754,0008-02-09 17:55:00,8,2,9,17,55,750,106,"02, RUE SAINT PLACIDE",,,Nuit avec éclairage allumé,En agglomération,Hors intersection,Normale,Autre collision,,,,,,,,,,,5,2,1,1,6
200800010755,0008-02-09 17:40:00,8,2,9,17,40,750,106,"19 bis, RUE DE VAUGIRARD",,,Plein jour,En agglomération,Hors intersection,Normale,Autre collision,,,,,,,,,,,1,2,1,1,6
200800010756,0008-02-19 09:35:00,8,2,19,9,35,750,106,"15, RUE DE VAUGIRARD",,,Plein jour,En agglomération,Intersection en T,Normale,Deux véhicules - côté,,,,,,,,,,,1,2,3,1,3
200800010757,0008-02-20 21:05:00,8,2,20,21,5,750,106,"03, PLACE DU DIX HUIT JU",,,Nuit avec éclairage allumé,En agglomération,Intersection en X,Normale,Deux véhicules - côté,,,,,,,,,,,5,2,2,1,3
200800010758,0008-02-21 18:20:00,8,2,21,18,20,750,106,"104, BOULEVARD SAINT GER",,,Nuit avec éclairage allumé,En agglomération,Hors intersection,Normale,Deux véhicules - arrière,,,,,,,,,,,5,2,1,1,2
200800010759,0008-02-28 00:40:00,8,2,28,0,40,750,106,BOULEVARD SAINT MICHEL,,,Nuit avec éclairage allumé,En agglomération,Intersection en T,Normale,Autre collision,,,,,,,,,,,5,2,3,1,6
200800010760,0008-02-28 09:30:00,8,2,28,9,30,750,106,"33, RUE DU FOUR",,,Plein jour,En agglomération,Intersection en X,Pluie légère,Autre collision,,,,,,,,,,,1,2,2,2,6
200800010761,0008-02-28 10:30:00,8,2,28,10,30,750,106,"92, BOULEVARD SAINT GERM",,,Plein jour,En agglomération,Hors intersection,Pluie légère,Sans collision,,,,,,,,,,,1,2,1,2,7
200800010762,0008-02-29 22:25:00,8,2,29,22,25,750,106,BOULEVARD RASPAIL,,,Nuit avec éclairage allumé,En agglomération,Hors intersection,Pluie légère,Autre collision,,,,,,,,,,,5,2,1,2,6
200800010763,0008-02-01 15:07:00,8,2,1,15,7,750,107,"128, RUE DE L UNIVERSITE",,,Plein jour,En agglomération,Hors intersection,Temps couvert,Sans collision,,,,,,,,,,,1,2,1,8,7
200800010764,0008-02-01 22:30:00,8,2,1,22,30,750,107,"37, QUAI D ORSAY",,,Nuit avec éclairage allumé,En agglomération,Hors intersection,Temps couvert,Deux véhicules - côté,,,,,,,,,,,5,2,1,8,3
200800010765,0008-02-12 16:35:00,8,2,12,16,35,750,107,"63, BOULEVARD DES INVALI",,,Plein jour,En agglomération,Hors intersection,Normale,Trois véhicules et plus - en chaîne,,,,,,,,,,,1,2,1,1,4
200800010766,0008-02-14 18:45:00,8,2,14,18,45,750,107,"236, BOULEVARD SAINT GER",,,Nuit avec éclairage allumé,En agglomération,Hors intersection,Normale,Autre collision,,,,,,,,,,,5,2,1,1,6
200800010767,0008-02-17 14:30:00,8,2,17,14,30,750,107,AVENUE DU MARECHAL GALLI,,,Plein jour,En agglomération,Intersection en X,Normale,Deux véhicules - côté,,,,,,,,,,,1,2,2,1,3
200800010768,0008-02-18 22:57:00,8,2,18,22,57,750,107,"27, QUAI VOLTAIRE",,,Nuit avec éclairage allumé,En agglomération,Hors intersection,Normale,Deux véhicules - arrière,,,,,,,,,,,5,2,1,1,2
200800010769,0008-02-19 12:15:00,8,2,19,12,15,750,107,"11, AVENUE DE LA BOURDON",,,Plein jour,En agglomération,Intersection en X,Normale,Autre collision,,,,,,,,,,,1,2,2,1,6
200800010770,0008-02-19 23:25:00,8,2,19,23,25,750,107,"3, QUAI VOLTAIRE",,,Nuit avec éclairage allumé,En agglomération,Hors intersection,Normale,Sans collision,,,,,,,,,,,5,2,1,1,7
200800010771,0008-02-20 01:57:00,8,2,20,1,57,750,115,PLACE CHARLES VALLIN,,,Nuit avec éclairage allumé,En agglomération,Hors intersection,Pluie légère,Autre collision,,,,,,,,,,,5,2,1,2,6
200800010772,0008-02-20 12:10:00,8,2,20,12,10,750,107,"60, RUE DE SEVRES",,,Plein jour,En agglomération,Hors intersection,Pluie légère,Sans collision,,,,,,,,,,,1,2,1,2,7
200800010773,0008-02-21 15:05:00,8,2,21,15,5,750,107,"09, BOULEVARD RASPAIL",,,Plein jour,En agglomération,Hors intersection,Normale,Deux véhicules - côté,,,,,,,,,,,1,2,1,1,3
200800010774,0008-02-22 13:00:00,8,2,22,13,0,750,107,ROND POINT DU BLEUET DE,,,Plein jour,En agglomération,Hors intersection,Normale,Autre collision,,,,,,,,,,,1,2,1,1,6
200800010775,0008-02-23 17:10:00,8,2,23,17,10,750,107,"04, BOULEVARD DE LA TOUR",,,Plein jour,En agglomération,Intersection en X,Normale,Deux véhicules - côté,,,,,,,,,,,1,2,2,1,3
200800010776,0008-02-24 16:50:00,8,2,24,16,50,750,107,RUE DE GRENELLE,,,Plein jour,En agglomération,Intersection en X,Normale,Deux véhicules - côté,,,,,,,,,,,1,2,2,1,3
200800010777,0008-02-25 12:53:00,8,2,25,12,53,750,107,QUAI D ORSAY,,,Plein jour,En agglomération,Intersection en X,Normale,Deux véhicules - côté,,,,,,,,,,,1,2,2,1,3
200800010778,0008-02-25 20:30:00,8,2,25,20,30,750,107,"13, AVENUE DE SUFFREN",,,Nuit avec éclairage allumé,En agglomération,Hors intersection,Normale,Autre collision,,,,,,,,,,,5,2,1,1,6
200800010779,0008-02-26 15:25:00,8,2,26,15,25,750,107,"206, RUE DE GRENELLE",,,Plein jour,En agglomération,Hors intersection,Pluie légère,Sans collision,,,,,,,,,,,1,2,1,2,7
200800010780,0008-02-29 16:50:00,8,2,29,16,50,750,107,"04, PLACE DU PALAIS BOUR",,,Plein jour,En agglomération,Place,Normale,Autre collision,,,,,,,,,,,1,2,7,1,6
200800010781,0008-02-29 21:50:00,8,2,29,21,50,750,107,AVENUE DU MARECHAL GALLI,,,Nuit avec éclairage allumé,En agglomération,Intersection en X,Normale,Autre collision,,,,,,,,,,,5,2,2,1,6
200800010782,0008-02-11 22:25:00,8,2,11,22,25,750,108,PLACE DE LA CONCORDE,,,Nuit avec éclairage allumé,En agglomération,Hors intersection,Normale,Deux véhicules - côté,,,,,,,,,,,5,2,1,1,3
200800010783,0008-02-18 21:15:00,8,2,18,21,15,750,108,ROND POINT CHAMPS ELYSEE,,,Nuit avec éclairage allumé,En agglomération,Intersection à plus de 4 branches,Normale,Deux véhicules - côté,,,,,,,,,,,5,2,5,1,3
200800010784,0008-02-01 07:40:00,8,2,1,7,40,750,108,AVENUE DES CHAMPS ELYSEE,,,Nuit avec éclairage allumé,En agglomération,Hors intersection,Pluie légère,Sans collision,,,,,,,,,,,5,2,1,2,7
200800010785,0008-02-01 09:00:00,8,2,1,9,0,750,108,AVENUE DE WAGRAM,,,Plein jour,En agglomération,Hors intersection,Pluie légère,Deux véhicules - côté,,,,,,,,,,,1,2,1,2,3
200800010786,0008-02-01 09:15:00,8,2,1,9,15,750,108,BOULEVARD HAUSSMANN,,,Plein jour,En agglomération,Hors intersection,Pluie légère,Sans collision,,,,,,,,,,,1,2,1,2,7
200800010787,0008-02-01 16:20:00,8,2,1,16,20,750,108,PLACE DU GENERAL BROCARD,,,Plein jour,En agglomération,Intersection à plus de 4 branches,Temps couvert,Deux véhicules - côté,,,,,,,,,,,1,2,5,8,3
200800010788,0008-02-01 16:50:00,8,2,1,16,50,750,108,AVENUE DES CHAMPS ELYSEE,,,Plein jour,En agglomération,Hors intersection,Pluie légère,Sans collision,,,,,,,,,,,1,2,1,2,7
200800010789,0008-02-04 09:15:00,8,2,4,9,15,750,108,PLACE DE LA CONCORDE,,,Plein jour,En agglomération,Hors intersection,Pluie légère,Sans collision,,,,,,,,,,,1,2,1,2,7
200800010790,0008-02-04 14:45:00,8,2,4,14,45,750,108,"73, AVENUE DES CHAMPS EL",,,Plein jour,En agglomération,Hors intersection,Normale,Autre collision,,,,,,,,,,,1,2,1,1,6
200800010791,0008-02-06 09:00:00,8,2,6,9,0,750,108,VOIE GEORGES POMPIDOU,,,Plein jour,En agglomération,Hors intersection,Normale,Sans collision,,,,,,,,,,,1,2,1,1,7
200800010792,0008-02-06 13:15:00,8,2,6,13,15,750,108,RUE PASQUIER,,,Plein jour,En agglomération,Intersection en X,Normale,Autre collision,,,,,,,,,,,1,2,2,1,6
200800010793,0008-02-09 16:40:00,8,2,9,16,40,750,108,RUE TRONCHET,,,Plein jour,En agglomération,Hors intersection,Normale,Autre collision,,,,,,,,,,,1,2,1,1,6
200800010794,0008-02-11 12:10:00,8,2,11,12,10,750,108,AVENUE HOCHE,,,Plein jour,En agglomération,Hors intersection,Normale,Deux véhicules - côté,,,,,,,,,,,1,2,1,1,3
200800010795,0008-02-14 18:45:00,8,2,14,18,45,750,108,"42, RUE DE ROME",,,Nuit avec éclairage allumé,En agglomération,Hors intersection,Normale,Deux véhicules - côté,,,,,,,,,,,5,2,1,1,3
200800010796,0008-02-15 18:40:00,8,2,15,18,40,750,108,ROND POINT CHAMPS ELYSEE,,,Nuit avec éclairage allumé,En agglomération,Hors intersection,Normale,Deux véhicules - côté,,,,,,,,,,,5,2,1,1,3
200800010797,0008-02-16 21:30:00,8,2,16,21,30,750,108,PLACE DE LA CONCORDE,,,Nuit avec éclairage allumé,En agglomération,Hors intersection,Normale,Autre collision,,,,,,,,,,,5,2,1,1,6
200800010798,0008-02-19 10:40:00,8,2,19,10,40,750,116,"71, AVENUE MARCEAU",,,Plein jour,En agglomération,Hors intersection,Normale,Autre collision,,,,,,,,,,,1,2,1,1,6
200800010799,0008-02-20 13:50:00,8,2,20,13,50,750,108,BOULEVARD MALESHERBES,,,Plein jour,En agglomération,Intersection en X,Pluie légère,Sans collision,,,,,,,,,,,1,2,2,2,7
200800010800,0008-02-22 15:05:00,8,2,22,15,5,750,108,"266, RUE DU FAUBOURG SAI",,,Plein jour,En agglomération,Hors intersection,Normale,Deux véhicules - côté,,,,,,,,,,,1,2,1,1,3
200800010801,0008-02-23 13:45:00,8,2,23,13,45,750,108,"9, PLACE SAINT AUGUSTIN",,,Plein jour,En agglomération,Intersection à plus de 4 branches,Normale,Deux véhicules - côté,,,,,,,,,,,1,2,5,1,3
200800010802,0008-02-25 19:10:00,8,2,25,19,10,750,108,AVENUE DES CHAMPS ELYSEE,,,Nuit avec éclairage allumé,En agglomération,Hors intersection,Normale,Autre collision,,,,,,,,,,,5,2,1,1,6
200800010803,0008-02-26 09:00:00,8,2,26,9,0,750,108,"26, RUE D AMSTERDAM",,,Plein jour,En agglomération,Hors intersection,Pluie légère,Autre collision,,,,,,,,,,,1,2,1,2,6
200800010804,0008-02-26 09:10:00,8,2,26,9,10,750,108,"42, AVENUE DE WAGRAM",,,Plein jour,En agglomération,Hors intersection,Pluie légère,Deux véhicules - arrière,,,,,,,,,,,1,2,1,2,2
200800010805,0008-02-26 13:25:00,8,2,26,13,25,750,108,RUE SAINT LAZARE,,,Plein jour,En agglomération,Intersection en T,Pluie légère,Autre collision,,,,,,,,,,,1,2,3,2,6
200800010806,0008-02-26 14:30:00,8,2,26,14,30,750,108,"52, RUE FRANCOIS 1ER",,,Plein jour,En agglomération,Hors intersection,Pluie légère,Deux véhicules - arrière,,,,,,,,,,,1,2,1,2,2
200800010807,0008-02-26 18:15:00,8,2,26,18,15,750,108,"46, AVENUE MONTAIGNE",,,Plein jour,En agglomération,Hors intersection,Pluie légère,Sans collision,,,,,,,,,,,1,2,1,2,7
200800010808,0008-02-27 08:15:00,8,2,27,8,15,750,108,AVENUE DES CHAMPS ELYSEE,,,Plein jour,En agglomération,Hors intersection,Normale,Autre collision,,,,,,,,,,,1,2,1,1,6
200800010809,0008-02-27 09:00:00,8,2,27,9,0,750,108,"50, RUE DE ROME",,,Plein jour,En agglomération,Hors intersection,Normale,Autre collision,,,,,,,,,,,1,2,1,1,6
200800010810,0008-02-28 14:05:00,8,2,28,14,5,750,108,"228, RUE DU FAUBOURG SAI",,,Plein jour,En agglomération,Hors intersection,Pluie légère,Deux véhicules - frontale,,,,,,,,,,,1,2,1,2,1
200800010811,0008-02-29 00:23:00,8,2,29,0,23,750,108,RUE DE ROME,,,Nuit avec éclairage allumé,En agglomération,Hors intersection,Temps couvert,Autre collision,,,,,,,,,,,5,2,1,8,6
200800010812,0008-02-29 09:54:00,8,2,29,9,54,750,108,RUE DU COLISEE,,,Plein jour,En agglomération,Intersection en T,Normale,Autre collision,,,,,,,,,,,1,2,3,1,6
200800010813,0008-02-29 09:50:00,8,2,29,9,50,750,108,PLACE DE LA CONCORDE,,,Plein jour,En agglomération,Hors intersection,Normale,Deux véhicules - côté,,,,,,,,,,,1,2,1,1,3
200800010814,0008-02-02 06:05:00,8,2,2,6,5,750,109,"17BIS, BOULEVARD DE ROCH",,,Nuit sans éclairage public,En agglomération,Intersection en X,Temps couvert,Autre collision,,,,,,,,,,,3,2,2,8,6
200800010815,0008-02-06 09:45:00,8,2,6,9,45,750,109,"33, BOULEVARD HAUSSMANN",,,Plein jour,En agglomération,Hors intersection,Temps couvert,Autre collision,,,,,,,,,,,1,2,1,8,6
200800010816,0008-02-07 16:20:00,8,2,7,16,20,750,109,"6, RUE DU HAVRE",,,Plein jour,En agglomération,Hors intersection,Normale,Autre collision,,,,,,,,,,,1,2,1,1,6
200800010817,0008-02-07 19:20:00,8,2,7,19,20,750,109,"4, RUE DE LA CHAUSSEE D",,,Nuit avec éclairage allumé,En agglomération,Hors intersection,Normale,Deux véhicules - côté,,,,,,,,,,,5,2,1,1,3
200800010818,0008-02-09 10:45:00,8,2,9,10,45,750,109,RUE AUBER,,,Plein jour,En agglomération,Intersection en X,Normale,Autre collision,,,,,,,,,,,1,2,2,1,6
200800010819,0008-02-13 07:00:00,8,2,13,7,0,750,109,"01, AVENUE TRUDAINE",,,Nuit avec éclairage allumé,En agglomération,Intersection en X,Normale,Autre collision,,,,,,,,,,,5,2,2,1,6
200800010820,0008-02-15 08:55:00,8,2,15,8,55,750,109,"34, RUE BLANCHE",,,Plein jour,En agglomération,Hors intersection,Temps couvert,Autre collision,,,,,,,,,,,1,2,1,8,6
200800010821,0008-02-15 18:00:00,8,2,15,18,0,750,109,"29, BOULEVARD HAUSSMANN",,,Crépuscule ou aube,En agglomération,Hors intersection,Temps couvert,Autre collision,,,,,,,,,,,2,2,1,8,6
200800010822,0008-02-16 08:40:00,8,2,16,8,40,750,109,PLACE DE CLICHY,,,Plein jour,En agglomération,Hors intersection,Normale,Autre collision,,,,,,,,,,,1,2,1,1,6
200800010823,0008-02-17 14:00:00,8,2,17,14,0,750,109,"01, BOULEVARD HAUSSMANN",,,Plein jour,En agglomération,Intersection à plus de 4 branches,Normale,Deux véhicules - côté,,,,,,,,,,,1,2,5,1,3
200800010824,0008-02-20 13:15:00,8,2,20,13,15,750,109,RUE HALEVY,,,Plein jour,En agglomération,Intersection en X,Pluie légère,Deux véhicules - côté,,,,,,,,,,,1,2,2,2,3
200800010825,0008-02-21 13:15:00,8,2,21,13,15,750,117,"3, RUE CARDINET",,,Plein jour,En agglomération,Hors intersection,Normale,Deux véhicules - arrière,,,,,,,,,,,1,2,1,1,2
200800010826,0008-02-28 10:55:00,8,2,28,10,55,750,109,"16, BOULEVARD MONTMARTRE",,,Plein jour,En agglomération,Hors intersection,Pluie légère,Sans collision,,,,,,,,,,,1,2,1,2,7
200800010827,0008-02-02 05:15:00,8,2,2,5,15,750,110,"138, BOULEVARD DE MAGENT",,,Nuit avec éclairage allumé,En agglomération,Hors intersection,Normale,Autre collision,,,,,,,,,,,5,2,1,1,6
200800010828,0008-02-02 12:30:00,8,2,2,12,30,750,110,RUE LA FAYETTE,,,Plein jour,En agglomération,Hors intersection,Normale,Autre collision,,,,,,,,,,,1,2,1,1,6
200800010829,0008-02-05 20:00:00,8,2,5,20,0,750,110,"66, BOULEVARD DE MAGENTA",,,Nuit avec éclairage allumé,En agglomération,Hors intersection,Pluie légère,Autre collision,,,,,,,,,,,5,2,1,2,6
200800010830,0008-02-05 20:20:00,8,2,5,20,20,750,110,"21, BOULEVARD DE STRASBO",,,Nuit avec éclairage allumé,En agglomération,Hors intersection,Pluie légère,Deux véhicules - côté,,,,,,,,,,,5,2,1,2,3
200800010831,0008-02-07 12:00:00,8,2,7,12,0,750,110,"11, RUE BEAUREPAIRE",,,Plein jour,En agglomération,Hors intersection,Normale,Autre collision,,,,,,,,,,,1,2,1,1,6
200800010832,0008-02-08 22:55:00,8,2,8,22,55,750,110,"6, RUE DE SAINT QUENTIN",,,Nuit avec éclairage allumé,En agglomération,Hors intersection,Normale,Autre collision,,,,,,,,,,,5,2,1,1,6
200800010833,0008-02-09 06:40:00,8,2,9,6,40,750,110,"70, RUE DU FAUBOURG SAIN",,,Nuit avec éclairage allumé,En agglomération,Intersection en X,Normale,Deux véhicules - côté,,,,,,,,,,,5,2,2,1,3
200800010834,0008-02-14 14:40:00,8,2,14,14,40,750,110,"210, RUE DU FAUBOURG SAI",,,Plein jour,En agglomération,Hors intersection,Normale,Autre collision,,,,,,,,,,,1,2,1,1,6
200800010835,0008-02-15 17:15:00,8,2,15,17,15,750,110,"52, RUE RENE BOULANGER",,,Plein jour,En agglomération,Hors intersection,Normale,Autre collision,,,,,,,,,,,1,2,1,1,6
200800010836,0008-02-19 03:25:00,8,2,19,3,25,750,110,"27, RUE DU FAUBOURG SAIN",,,Nuit avec éclairage allumé,En agglomération,Hors intersection,Normale,Autre collision,,,,,,,,,,,5,2,1,1,6
200800010837,0008-02-19 15:00:00,8,2,19,15,0,750,110,"154, BOULEVARD DE MAGENT",,,Plein jour,En agglomération,Hors intersection,Normale,Autre collision,,,,,,,,,,,1,2,1,1,6
200800010838,0008-02-20 10:50:00,8,2,20,10,50,750,110,"4, RUE ALIBERT",,,Plein jour,En agglomération,Hors intersection,Pluie légère,Autre collision,,,,,,,,,,,1,2,1,2,6
200800010839,0008-02-20 18:20:00,8,2,20,18,20,750,110,"145, AVENUE PARMENTIER",,,Crépuscule ou aube,En agglomération,Hors intersection,Normale,Autre collision,,,,,,,,,,,2,2,1,1,6
200800010840,0008-02-21 21:00:00,8,2,21,21,0,750,110,"125, BOULEVARD DE MAGENT",,,Nuit avec éclairage allumé,En agglomération,Intersection à plus de 4 branches,Normale,Deux véhicules - côté,,,,,,,,,,,5,2,5,1,3
200800010841,0008-02-23 16:00:00,8,2,23,16,0,750,110,BOULEVARD DE MAGENTA,,,Plein jour,En agglomération,Intersection en T,Normale,Deux véhicules - côté,,,,,,,,,,,1,2,3,1,3
200800010842,0008-02-24 22:40:00,8,2,24,22,40,750,110,"70, BOULEVARD DE MAGENTA",,,Nuit avec éclairage allumé,En agglomération,Hors intersection,Normale,Autre collision,,,,,,,,,,,5,2,1,1,6
200800010843,0008-02-28 10:00:00,8,2,28,10,0,750,110,"08, BOULEVARD SAINT DENI",,,Plein jour,En agglomération,Intersection en X,Pluie légère,Sans collision,,,,,,,,,,,1,2,2,2,7
200800010844,0008-02-09 13:30:00,8,2,9,13,30,750,111,"68, RUE DE MALTE",,,Plein jour,En agglomération,Intersection en X,Normale,Deux véhicules - côté,,,,,,,,,,,1,2,2,1,3
200800010845,0008-02-01 19:00:00,8,2,1,19,0,750,111,"118, RUE DE MONTREUIL",,,Nuit avec éclairage allumé,En agglomération,Intersection en X,Pluie légère,Autre collision,,,,,,,,,,,5,2,2,2,6
200800010846,0008-02-02 16:30:00,8,2,2,16,30,750,111,"5, PLACE DE LA NATION",,,Plein jour,En agglomération,Intersection à plus de 4 branches,Normale,Deux véhicules - côté,,,,,,,,,,,1,2,5,1,3
200800010847,0008-02-02 22:30:00,8,2,2,22,30,750,111,"185, RUE DU FAUBOURG SAI",,,Nuit avec éclairage allumé,En agglomération,Hors intersection,Normale,Deux véhicules - côté,,,,,,,,,,,5,2,1,1,3
200800010848,0008-02-05 10:12:00,8,2,5,10,12,750,111,"196, BOULEVARD VOLTAIRE",,,Plein jour,En agglomération,Hors intersection,Temps couvert,Deux véhicules - côté,,,,,,,,,,,1,2,1,8,3
200800010849,0008-02-05 16:05:00,8,2,5,16,5,750,111,"241, BOULEVARD VOLTAIRE",,,Plein jour,En agglomération,Hors intersection,Pluie légère,Deux véhicules - côté,,,,,,,,,,,1,2,1,2,3
200800010850,0008-02-07 06:35:00,8,2,7,6,35,750,111,"45, BOULEVARD VOLTAIRE",,,Crépuscule ou aube,En agglomération,Intersection en X,Normale,Deux véhicules - arrière,,,,,,,,,,,2,2,2,1,2
200800010851,0008-02-07 15:15:00,8,2,7,15,15,750,111,"107, RUE DE MONTREUIL",,,Plein jour,En agglomération,Intersection en X,Normale,Deux véhicules - côté,,,,,,,,,,,1,2,2,1,3
200800010852,0008-02-07 22:50:00,8,2,7,22,50,750,111,"20, AVENUE PHILIPPE AUGU",,,Nuit avec éclairage allumé,En agglomération,Intersection en X,Normale,Deux véhicules - arrière,,,,,,,,,,,5,2,2,1,2
200800010853,0008-02-08 15:40:00,8,2,8,15,40,750,111,"66, BOULEVARD VOLTAIRE",,,Plein jour,En agglomération,Hors intersection,Normale,Deux véhicules - côté,,,,,,,,,,,1,2,1,1,3
200800010854,0008-02-08 21:50:00,8,2,8,21,50,750,111,PLACE LEON BLUM,,,Nuit avec éclairage allumé,En agglomération,Intersection à plus de 4 branches,Normale,Deux véhicules - côté,,,,,,,,,,,5,2,5,1,3
200800010855,0008-02-09 11:12:00,8,2,9,11,12,750,111,"223, BOULEVARD VOLTAIRE",,,Plein jour,En agglomération,Intersection en T,Normale,Deux véhicules - côté,,,,,,,,,,,1,2,3,1,3
200800010856,0008-02-09 15:45:00,8,2,9,15,45,750,111,"107, AVENUE DE LA REPUBL",,,Plein jour,En agglomération,Hors intersection,Normale,Deux véhicules - côté,,,,,,,,,,,1,2,1,1,3
200800010857,0008-02-10 07:05:00,8,2,10,7,5,750,111,"113, AVENUE LEDRU ROLLIN",,,Crépuscule ou aube,En agglomération,Intersection en X,Normale,Deux véhicules - côté,,,,,,,,,,,2,2,2,1,3
200800010858,0008-02-11 11:15:00,8,2,11,11,15,750,111,"17, RUE GODEFROY CAVAIGN",,,Plein jour,En agglomération,Hors intersection,Normale,Autre collision,,,,,,,,,,,1,2,1,1,6
200800010859,0008-02-12 11:20:00,8,2,12,11,20,750,111,"107, BOULEVARD VOLTAIRE",,,Plein jour,En agglomération,Hors intersection,Normale,Autre collision,,,,,,,,,,,1,2,1,1,6
200800010860,0008-02-13 14:20:00,8,2,13,14,20,750,111,"43, BOULEVARD VOLTAIRE",,,Plein jour,En agglomération,Hors intersection,Normale,Autre collision,,,,,,,,,,,1,2,1,1,6
200800010861,0008-02-14 15:40:00,8,2,14,15,40,750,111,"16, RUE DU FAUBOURG DU T",,,Plein jour,En agglomération,Intersection en X,Normale,Autre collision,,,,,,,,,,,1,2,2,1,6
200800010862,0008-02-14 23:00:00,8,2,14,23,0,750,120,"16, BOULEVARD DE BELLEVI",,,Nuit avec éclairage allumé,En agglomération,Intersection en Y,Normale,Autre collision,,,,,,,,,,,5,2,4,1,6
200800010863,0008-02-16 17:00:00,8,2,16,17,0,750,111,"1, RUE DE MONTREUIL",,,Plein jour,En agglomération,Hors intersection,Normale,Autre collision,,,,,,,,,,,1,2,1,1,6
200800010864,0008-02-16 18:30:00,8,2,16,18,30,750,111,"117, AVENUE LEDRU ROLLIN",,,Nuit avec éclairage allumé,En agglomération,Hors intersection,Normale,Trois véhicules et plus - en chaîne,,,,,,,,,,,5,2,1,1,4
200800010865,0008-02-16 21:15:00,8,2,16,21,15,750,111,"108, BOULEVARD DES FILLE",,,Nuit avec éclairage allumé,En agglomération,Hors intersection,Normale,Sans collision,,,,,,,,,,,5,2,1,1,7
200800010866,0008-02-18 12:58:00,8,2,18,12,58,750,111,"8, PLACE LEON BLUM",,,Plein jour,En agglomération,Intersection en X,Normale,Deux véhicules - côté,,,,,,,,,,,1,2,2,1,3
200800010867,0008-02-19 14:00:00,8,2,19,14,0,750,111,"115, BOULEVARD DE MENILM",,,Plein jour,En agglomération,Intersection en T,Normale,Autre collision,,,,,,,,,,,1,2,3,1,6
200800010868,0008-02-19 19:10:00,8,2,19,19,10,750,111,"01, BOULEVARD JULES FERR",,,Nuit avec éclairage allumé,En agglomération,Hors intersection,Normale,Autre collision,,,,,,,,,,,5,2,1,1,6
200800010869,0008-02-21 09:10:00,8,2,21,9,10,750,111,"215 bis, BOULEVARD VOLTA",,,Plein jour,En agglomération,Hors intersection,Normale,Autre collision,,,,,,,,,,,1,2,1,1,6
200800010870,0008-02-22 15:05:00,8,2,22,15,5,750,111,"16, RUE DE LA FONTAINE A",,,Plein jour,En agglomération,Hors intersection,Normale,Deux véhicules - côté,,,,,,,,,,,1,2,1,1,3
200800010871,0008-02-22 16:45:00,8,2,22,16,45,750,111,"105, AVENUE DE LA REPUBL",,,Plein jour,En agglomération,Hors intersection,Normale,Deux véhicules - côté,,,,,,,,,,,1,2,1,1,3
200800010872,0008-02-23 17:20:00,8,2,23,17,20,750,111,"12, RUE SAINT MAUR",,,Plein jour,En agglomération,Intersection en T,Normale,Autre collision,,,,,,,,,,,1,2,3,1,6
200800010873,0008-02-24 13:05:00,8,2,24,13,5,750,111,"26, BOULEVARD BEAUMARCHA",,,Plein jour,En agglomération,Hors intersection,Normale,Sans collision,,,,,,,,,,,1,2,1,1,7
200800010874,0008-02-24 16:05:00,8,2,24,16,5,750,111,"22, AVENUE PHILIPPE AUGU",,,Plein jour,En agglomération,Intersection en X,Normale,Deux véhicules - côté,,,,,,,,,,,1,2,2,1,3