accident_id,datetime,annee,mois,jour,heure,minute,departement,commune_insee,adresse,latitude,longitude,luminosite,agglomeration,intersection,meteo,collision,nb_vehicules,nb_usagers,nb_indemnes,nb_tues,nb_blesses_hosp,nb_blesses_legers,age_cond_1,age_cond_2,veh_type_cond_1,veh_type_cond_2,lum_code,agg_code,int_code,atm_code,col_code
200800010875,0008-02-25 06:40:00,8,2,25,6,40,750,111,"23, AVENUE DE LA REPUBLI",,,Nuit avec éclairage allumé,En agglomération,Intersection en Y,Normale,Deux véhicules - côté,,,,,,,,,,,5,2,4,1,3
200800010876,0008-02-26 16:00:00,8,2,26,16,0,750,111,"76, AVENUE PARMENTIER",,,Plein jour,En agglomération,Intersection en T,Pluie légère,Autre collision,,,,,,,,,,,1,2,3,2,6
200800010877,0008-02-27 14:20:00,8,2,27,14,20,750,111,"98, AVENUE DE LA REPUBLI",,,Plein jour,En agglomération,Intersection en T,Normale,Deux véhicules - côté,,,,,,,,,,,1,2,3,1,3
200800010878,0008-02-28 10:30:00,8,2,28,10,30,750,111,"9, BOULEVARD RICHARD LEN",,,Plein jour,En agglomération,Hors intersection,Pluie légère,Autre collision,,,,,,,,,,,1,2,1,2,6
200800010879,0008-02-28 17:10:00,8,2,28,17,10,750,111,"55, AVENUE DE LA REPUBLI",,,Plein jour,En agglomération,Hors intersection,Pluie légère,Sans collision,,,,,,,,,,,1,2,1,2,7
200800010880,0008-02-29 14:45:00,8,2,29,14,45,750,111,"55, AVENUE PHILIPPE AUGU",,,Plein jour,En agglomération,Intersection en T,Temps couvert,Sans collision,,,,,,,,,,,1,2,3,8,7
200800010881,0008-02-29 19:55:00,8,2,29,19,55,750,111,BOULEVARD DE CHARONNE,,,Nuit avec éclairage allumé,En agglomération,Hors intersection,Pluie légère,Autre collision,,,,,,,,,,,5,2,1,2,6
200800010882,0008-02-02 19:05:00,8,2,2,19,5,750,112,"111, AVENUE DAUMESNIL",,,Nuit avec éclairage allumé,En agglomération,Hors intersection,Normale,Deux véhicules - côté,,,,,,,,,,,5,2,1,1,3
200800010883,0008-02-04 06:40:00,8,2,4,6,40,750,112,QUAI DE BERCY,,,Crépuscule ou aube,En agglomération,Hors intersection,Pluie légère,Deux véhicules - côté,,,,,,,,,,,2,2,1,2,3
200800010884,0008-02-05 11:10:00,8,2,5,11,10,750,112,RUE ROBERT ETLIN,,,Plein jour,En agglomération,Hors intersection,Pluie légère,Deux véhicules - arrière,,,,,,,,,,,1,2,1,2,2
200800010885,0008-02-05 13:13:00,8,2,5,13,13,750,112,"120, RUE DE LYON",,,Plein jour,En agglomération,Intersection en T,Pluie légère,Deux véhicules - côté,,,,,,,,,,,1,2,3,2,3
200800010886,0008-02-07 12:55:00,8,2,7,12,55,750,112,"27, RUE DU SERGENT BAUCH",,,Plein jour,En agglomération,Hors intersection,Normale,Autre collision,,,,,,,,,,,1,2,1,1,6
200800010887,0008-02-07 12:45:00,8,2,7,12,45,750,112,"30, RUE DE LYON",,,Plein jour,En agglomération,Intersection en T,Normale,Sans collision,,,,,,,,,,,1,2,3,1,7
200800010888,0008-02-09 12:15:00,8,2,9,12,15,750,112,"129, BOULEVARD DIDEROT",,,Plein jour,En agglomération,Intersection en X,Normale,Deux véhicules - côté,,,,,,,,,,,1,2,2,1,3
200800010889,0008-02-09 19:30:00,8,2,9,19,30,750,112,"48-50, BOULEVARD DIDEROT",,,Nuit avec éclairage allumé,En agglomération,Hors intersection,Normale,Deux véhicules - côté,,,,,,,,,,,5,2,1,1,3
200800010890,0008-02-10 09:10:00,8,2,10,9,10,750,112,AVENUE DAUMESNIL,,,Plein jour,En agglomération,Intersection en X,Normale,Deux véhicules - côté,,,,,,,,,,,1,2,2,1,3
200800010891,0008-02-10 18:45:00,8,2,10,18,45,750,112,ROUTE DE LA PYRAMIDE,,,Nuit avec éclairage allumé,En agglomération,Intersection à plus de 4 branches,Normale,Autre collision,,,,,,,,,,,5,2,5,1,6
200800010892,0008-02-11 09:50:00,8,2,11,9,50,750,112,QUAI DE BERCY,,,Plein jour,En agglomération,Hors intersection,Normale,Trois véhicules et plus - en chaîne,,,,,,,,,,,1,2,1,1,4
200800010893,0008-02-11 14:15:00,8,2,11,14,15,750,112,AVENUE DE NOGENT   VINCE,,,Plein jour,En agglomération,Intersection en T,Normale,Autre collision,,,,,,,,,,,1,2,3,1,6
200800010894,0008-02-11 14:35:00,8,2,11,14,35,750,112,QUAI DE BERCY,,,Plein jour,En agglomération,Hors intersection,Normale,Trois véhicules et plus - en chaîne,,,,,,,,,,,1,2,1,1,4
200800010895,0008-02-12 10:40:00,8,2,12,10,40,750,112,"52, AVENUE DAUMESNIL",,,Plein jour,En agglomération,Hors intersection,Normale,Deux véhicules - côté,,,,,,,,,,,1,2,1,1,3
200800010896,0008-02-12 12:15:00,8,2,12,12,15,750,112,"5 bis, AVENUE DE SAINT M",,,Plein jour,En agglomération,Hors intersection,Normale,Deux véhicules - côté,,,,,,,,,,,1,2,1,1,3
200800010897,0008-02-12 19:30:00,8,2,12,19,30,750,112,"13, RUE ANTOINE JULIEN H",,,Nuit avec éclairage allumé,En agglomération,Intersection en T,Normale,Autre collision,,,,,,,,,,,5,2,3,1,6
200800010898,0008-02-13 15:10:00,8,2,13,15,10,750,112,QUAI DE LA RAPEE,,,Plein jour,En agglomération,Hors intersection,Normale,Trois véhicules et plus - en chaîne,,,,,,,,,,,1,2,1,1,4
200800010899,0008-02-14 16:30:00,8,2,14,16,30,750,112,ECHANGEUR BERCY,,,Plein jour,En agglomération,Hors intersection,Normale,Deux véhicules - côté,,,,,,,,,,,1,2,1,1,3
200800010900,0008-02-15 15:20:00,8,2,15,15,20,750,112,"168, RUE DE PICPUS",,,Plein jour,En agglomération,Intersection en X,Normale,Deux véhicules - côté,,,,,,,,,,,1,2,2,1,3
200800010901,0008-02-16 13:30:00,8,2,16,13,30,750,112,BOULEVARD DE BERCY,,,Plein jour,En agglomération,Intersection en T,Normale,Deux véhicules - côté,,,,,,,,,,,1,2,3,1,3
200800010902,0008-02-16 22:10:00,8,2,16,22,10,750,112,"35, RUE DE REUILLY",,,Nuit avec éclairage allumé,En agglomération,Intersection en T,Normale,Deux véhicules - arrière,,,,,,,,,,,5,2,3,1,2
200800010903,0008-02-17 09:15:00,8,2,17,9,15,750,112,"0, ESPLANADE SAINT LOUIS",,,Plein jour,En agglomération,Intersection en T,Temps éblouissant,Deux véhicules - côté,,,,,,,,,,,1,2,3,7,3
200800010904,0008-02-17 14:05:00,8,2,17,14,5,750,112,BOULEVARD DE BERCY,,,Plein jour,En agglomération,Hors intersection,Normale,Sans collision,,,,,,,,,,,1,2,1,1,7
200800010905,0008-02-17 16:04:00,8,2,17,16,4,750,112,"66, AVENUE DU GENERAL MI",,,Plein jour,En agglomération,Hors intersection,Normale,Autre collision,,,,,,,,,,,1,2,1,1,6
200800010906,0008-02-17 16:35:00,8,2,17,16,35,750,112,AVENUE DAUMESNIL,,,Plein jour,En agglomération,Hors intersection,Normale,Deux véhicules - côté,,,,,,,,,,,1,2,1,1,3
200800010907,0008-02-18 08:30:00,8,2,18,8,30,750,112,RUE DE REUILLY,,,Plein jour,En agglomération,Intersection en T,Normale,Deux véhicules - frontale,,,,,,,,,,,1,2,3,1,1
200800010908,0008-02-18 09:50:00,8,2,18,9,50,750,112,BOULEVARD DE BERCY,,,Plein jour,En agglomération,Intersection en X,Normale,Deux véhicules - côté,,,,,,,,,,,1,2,2,1,3
200800010909,0008-02-19 09:30:00,8,2,19,9,30,750,112,BOULEVARD DE LA BASTILLE,,,Plein jour,En agglomération,Intersection en X,Normale,Deux véhicules - côté,,,,,,,,,,,1,2,2,1,3
200800010910,0008-02-19 13:00:00,8,2,19,13,0,750,112,"4, PLACE DE LA NATION",,,Plein jour,En agglomération,Hors intersection,Normale,Autre collision,,,,,,,,,,,1,2,1,1,6
200800010911,0008-02-20 11:45:00,8,2,20,11,45,750,112,BOULEVARD PERIPHERIQUE,,,Plein jour,En agglomération,Hors intersection,Normale,Trois véhicules et plus - en chaîne,,,,,,,,,,,1,2,1,1,4
200800010912,0008-02-20 13:22:00,8,2,20,13,22,750,112,RUE DE BERCY,,,Plein jour,En agglomération,Intersection en X,Temps couvert,Autre collision,,,,,,,,,,,1,2,2,8,6
200800010913,0008-02-21 07:30:00,8,2,21,7,30,750,112,AVENUE DE SAINT MAURICE,,,Crépuscule ou aube,En agglomération,Intersection en X,Temps couvert,Deux véhicules - côté,,,,,,,,,,,2,2,2,8,3
200800010914,0008-02-23 20:10:00,8,2,23,20,10,750,112,AVENUE DU TREMBLAY,,,Nuit avec éclairage allumé,En agglomération,Hors intersection,Normale,Autre collision,,,,,,,,,,,5,2,1,1,6
200800010915,0008-02-24 20:37:00,8,2,24,20,37,750,112,PLACE DE LA NATION,,,Nuit avec éclairage allumé,En agglomération,Intersection à plus de 4 branches,Normale,Deux véhicules - arrière,,,,,,,,,,,5,2,5,1,2
200800010916,0008-02-25 09:30:00,8,2,25,9,30,750,112,ROUTE DE CEINTURE DU LAC,,,Plein jour,En agglomération,Hors intersection,Temps couvert,Sans collision,,,,,,,,,,,1,2,1,8,7
200800010917,0008-02-27 16:00:00,8,2,27,16,0,750,112,"80, RUE DU FAUBOURG SAIN",,,Plein jour,En agglomération,Intersection en T,Temps couvert,Autre collision,,,,,,,,,,,1,2,3,8,6
200800010918,0008-02-28 16:45:00,8,2,28,16,45,750,112,RUE DU FAUBOURG SAINT AN,,,Plein jour,En agglomération,Intersection en X,Normale,Autre collision,,,,,,,,,,,1,2,2,1,6
200800010919,0008-02-29 18:10:00,8,2,29,18,10,750,112,BOULEVARD SOULT,,,Plein jour,En agglomération,Intersection en X,Normale,Deux véhicules - côté,,,,,,,,,,,1,2,2,1,3
200800010920,0008-02-01 11:25:00,8,2,1,11,25,750,113,"91, RUE DE TOLBIAC",,,Plein jour,En agglomération,Hors intersection,Pluie forte,Autre collision,,,,,,,,,,,1,2,1,3,6
200800010921,0008-02-01 17:50:00,8,2,1,17,50,750,113,BOULEVARD MASSENA,,,Nuit avec éclairage allumé,En agglomération,Hors intersection,Temps couvert,Deux véhicules - arrière,,,,,,,,,,,5,2,1,8,2
200800010922,0008-02-02 17:41:00,8,2,2,17,41,750,113,"141, AVENUE D ITALIE",,,Nuit avec éclairage allumé,En agglomération,Hors intersection,Normale,Autre collision,,,,,,,,,,,5,2,1,1,6
200800010923,0008-02-04 15:50:00,8,2,4,15,50,750,113,"1, RUE BOBILLOT",,,Plein jour,En agglomération,Hors intersection,Temps couvert,Autre collision,,,,,,,,,,,1,2,1,8,6
200800010924,0008-02-05 12:10:00,8,2,5,12,10,750,113,"25, RUE DES PEUPLIERS",,,Plein jour,En agglomération,Hors intersection,Pluie légère,Autre collision,,,,,,,,,,,1,2,1,2,6
200800010925,0008-02-06 00:25:00,8,2,6,0,25,750,113,"138, RUE DE TOLBIAC",,,Nuit avec éclairage allumé,En agglomération,Hors intersection,Pluie légère,Trois véhicules et plus - en chaîne,,,,,,,,,,,5,2,1,2,4
200800010926,0008-02-06 10:09:00,8,2,6,10,9,750,113,BOULEVARD PERIPHERIQUE I,,,Plein jour,En agglomération,Hors intersection,Normale,Autre collision,,,,,,,,,,,1,2,1,1,6
200800010927,0008-02-06 14:45:00,8,2,6,14,45,750,113,"103, RUE DE TOLBIAC",,,Plein jour,En agglomération,Intersection en T,Normale,Deux véhicules - côté,,,,,,,,,,,1,2,3,1,3
200800010928,0008-02-07 19:25:00,8,2,7,19,25,750,113,"11, BOULEVARD DE L HOPIT",,,Nuit avec éclairage allumé,En agglomération,Hors intersection,Normale,Autre collision,,,,,,,,,,,5,2,1,1,6
200800010929,0008-02-08 09:30:00,8,2,8,9,30,750,113,"53, AVENUE DE LA PORTE D",,,Plein jour,En agglomération,Hors intersection,Normale,Autre collision,,,,,,,,,,,1,2,1,1,6
200800010930,0008-02-08 12:15:00,8,2,8,12,15,750,113,"224, RUE DE TOLBIAC",,,Plein jour,En agglomération,Intersection en X,Normale,Autre collision,,,,,,,,,,,1,2,2,1,6
200800010931,0008-02-08 17:05:00,8,2,8,17,5,750,113,"183, AVENUE DE CHOISY",,,Plein jour,En agglomération,Hors intersection,Normale,Deux véhicules - côté,,,,,,,,,,,1,2,1,1,3
200800010932,0008-02-08 19:25:00,8,2,8,19,25,750,113,"11, QUAI FRANCOIS MAURIA",,,Nuit avec éclairage allumé,En agglomération,Hors intersection,Normale,Sans collision,,,,,,,,,,,5,2,1,1,7
200800010933,0008-02-10 15:05:00,8,2,10,15,5,750,113,RUE RAYMOND ARON,,,Plein jour,En agglomération,Hors intersection,Normale,Autre collision,,,,,,,,,,,1,2,1,1,6
200800010934,0008-02-12 18:25:00,8,2,12,18,25,750,113,RUE JEAN BAPTISTE BERLIE,,,Nuit avec éclairage allumé,En agglomération,Hors intersection,Normale,Deux véhicules - côté,,,,,,,,,,,5,2,1,1,3
200800010935,0008-02-13 17:00:00,8,2,13,17,0,750,113,"27, AVENUE D ITALIE",,,Plein jour,En agglomération,Hors intersection,Normale,Sans collision,,,,,,,,,,,1,2,1,1,7
200800010936,0008-02-15 08:25:00,8,2,15,8,25,750,113,"25-27, BOULEVARD ARAGO",,,Plein jour,En agglomération,Hors intersection,Normale,Autre collision,,,,,,,,,,,1,2,1,1,6
200800010937,0008-02-16 14:15:00,8,2,16,14,15,750,113,"101/103, RUE JEANNE D AR",,,Plein jour,En agglomération,Intersection en X,Normale,Autre collision,,,,,,,,,,,1,2,2,1,6
200800010938,0008-02-16 19:25:00,8,2,16,19,25,750,113,"181, AVENUE DE CHOISY",,,Nuit avec éclairage allumé,En agglomération,Hors intersection,Normale,Deux véhicules - côté,,,,,,,,,,,5,2,1,1,3
200800010939,0008-02-16 20:15:00,8,2,16,20,15,750,112,PONT DE TOLBIAC,,,Nuit avec éclairage allumé,En agglomération,Hors intersection,Normale,Trois véhicules et plus - en chaîne,,,,,,,,,,,5,2,1,1,4
200800010940,0008-02-17 15:05:00,8,2,17,15,5,750,113,AVENUE DES GOBELINS,,,Plein jour,En agglomération,Hors intersection,Normale,Autre collision,,,,,,,,,,,1,2,1,1,6
200800010941,0008-02-18 15:30:00,8,2,18,15,30,750,113,"83, BOULEVARD DE L HOPIT",,,Plein jour,En agglomération,Hors intersection,Normale,Deux véhicules - côté,,,,,,,,,,,1,2,1,1,3
200800010942,0008-02-19 10:35:00,8,2,19,10,35,750,113,"17, RUE DE TOLBIAC",,,Plein jour,En agglomération,Intersection en T,Normale,Deux véhicules - côté,,,,,,,,,,,1,2,3,1,3
200800010943,0008-02-20 13:05:00,8,2,20,13,5,750,113,"55, RUE VERGNIAUD",,,Plein jour,En agglomération,Hors intersection,Pluie légère,Deux véhicules - côté,,,,,,,,,,,1,2,1,2,3
200800010944,0008-02-21 11:45:00,8,2,21,11,45,750,113,"37, BOULEVARD SAINT MARC",,,Plein jour,En agglomération,Hors intersection,Normale,Autre collision,,,,,,,,,,,1,2,1,1,6
200800010945,0008-02-22 07:40:00,8,2,22,7,40,750,113,"174, AVENUE D ITALIE",,,Plein jour,En agglomération,Hors intersection,Normale,Trois véhicules et plus - en chaîne,,,,,,,,,,,1,2,1,1,4
200800010946,0008-02-22 23:10:00,8,2,22,23,10,750,113,"67, AVENUE D ITALIE",,,Nuit avec éclairage allumé,En agglomération,Hors intersection,Normale,Deux véhicules - arrière,,,,,,,,,,,5,2,1,1,2
200800010947,0008-02-25 17:00:00,8,2,25,17,0,750,113,"46, RUE DE TOLBIAC",,,Plein jour,En agglomération,Intersection en X,Normale,Deux véhicules - côté,,,,,,,,,,,1,2,2,1,3
200800010948,0008-02-27 18:20:00,8,2,27,18,20,750,113,"98, RUE REGNAULT",,,Crépuscule ou aube,En agglomération,Hors intersection,Normale,Autre collision,,,,,,,,,,,2,2,1,1,6
200800010949,0008-02-27 19:45:00,8,2,27,19,45,750,113,BOULEVARD KELLERMANN,,,Nuit avec éclairage allumé,En agglomération,Hors intersection,Normale,Autre collision,,,,,,,,,,,5,2,1,1,6
200800010950,0008-02-28 10:00:00,8,2,28,10,0,750,113,"160, AVENUE DE FRANCE",,,Plein jour,En agglomération,Hors intersection,Pluie légère,Sans collision,,,,,,,,,,,1,2,1,2,7
200800010951,0008-02-01 16:40:00,8,2,1,16,40,750,114,"193, AVENUE DU MAINE",,,Plein jour,En agglomération,Hors intersection,Temps couvert,Autre collision,,,,,,,,,,,1,2,1,8,6
200800010952,0008-02-05 07:25:00,8,2,5,7,25,750,114,"45, AVENUE DU MAINE",,,Nuit avec éclairage allumé,En agglomération,Intersection en T,Pluie légère,Deux véhicules - côté,,,,,,,,,,,5,2,3,2,3
200800010953,0008-02-05 16:40:00,8,2,5,16,40,750,114,"52, RUE D ALESIA",,,Plein jour,En agglomération,Hors intersection,Pluie légère,Autre collision,,,,,,,,,,,1,2,1,2,6
200800010954,0008-02-08 14:10:00,8,2,8,14,10,750,114,RUE MECHAIN,,,Plein jour,En agglomération,Intersection en T,Normale,Autre collision,,,,,,,,,,,1,2,3,1,6
200800010955,0008-02-09 03:30:00,8,2,9,3,30,750,114,BOULEVARD ROMAIN ROLLAND,,,Nuit avec éclairage allumé,En agglomération,Intersection en X,Normale,Deux véhicules - arrière,,,,,,,,,,,5,2,2,1,2
200800010956,0008-02-09 16:35:00,8,2,9,16,35,750,114,"51, AVENUE DE L OBSERVAT",,,Plein jour,En agglomération,Hors intersection,Normale,Autre collision,,,,,,,,,,,1,2,1,1,6
200800010957,0008-02-10 14:40:00,8,2,10,14,40,750,114,RUE JULIA BARTET,,,Plein jour,En agglomération,Intersection en X,Normale,Deux véhicules - côté,,,,,,,,,,,1,2,2,1,3
200800010958,0008-02-12 15:55:00,8,2,12,15,55,750,114,"128, AVENUE DU GENERAL L",,,Plein jour,En agglomération,Hors intersection,Normale,Deux véhicules - côté,,,,,,,,,,,1,2,1,1,3
200800010959,0008-02-13 00:20:00,8,2,13,0,20,750,114,BOULEVARD ROMAIN ROLLAND,,,Nuit avec éclairage allumé,En agglomération,Intersection en X,Normale,Deux véhicules - côté,,,,,,,,,,,5,2,2,1,3
200800010960,0008-02-13 17:35:00,8,2,13,17,35,750,114,"178, AVENUE DU MAINE",,,Plein jour,En agglomération,Hors intersection,Normale,Trois véhicules et plus - en chaîne,,,,,,,,,,,1,2,1,1,4
200800010961,0008-02-13 17:25:00,8,2,13,17,25,750,114,"5, AVENUE DU GENERAL LEC",,,Plein jour,En agglomération,Hors intersection,Normale,Autre collision,,,,,,,,,,,1,2,1,1,6
200800010962,0008-02-14 16:55:00,8,2,14,16,55,750,114,PLACE SAINT JACQUES,,,Plein jour,En agglomération,Intersection en X,Normale,Autre collision,,,,,,,,,,,1,2,2,1,6
200800010963,0008-02-14 20:50:00,8,2,14,20,50,750,114,"143, BOULEVARD ROMAIN RO",,,Nuit avec éclairage allumé,En agglomération,Intersection en X,Normale,Deux véhicules - côté,,,,,,,,,,,5,2,2,1,3
200800010964,0008-02-16 08:25:00,8,2,16,8,25,750,114,"5, AVENUE MAURICE D OCAG",,,Plein jour,En agglomération,Hors intersection,Normale,Deux véhicules - côté,,,,,,,,,,,1,2,1,1,3
200800010965,0008-02-16 15:35:00,8,2,16,15,35,750,114,"3, PLACE DE LA PORTE DE",,,Plein jour,En agglomération,Hors intersection,Normale,Autre collision,,,,,,,,,,,1,2,1,1,6
200800010966,0008-02-17 20:10:00,8,2,17,20,10,750,114,"33, AVENUE REILLE",,,Nuit sans éclairage public,En agglomération,Hors intersection,Normale,Sans collision,,,,,,,,,,,3,2,1,1,7
200800010967,0008-02-22 10:20:00,8,2,22,10,20,750,114,"7, AVENUE MAURICE D OCAG",,,Plein jour,En agglomération,Hors intersection,Normale,Autre collision,,,,,,,,,,,1,2,1,1,6
200800010968,0008-02-22 15:00:00,8,2,22,15,0,750,114,"9, RUE DU MOULIN VERT",,,Plein jour,En agglomération,Hors intersection,Normale,Autre collision,,,,,,,,,,,1,2,1,1,6
200800010969,0008-02-24 17:15:00,8,2,24,17,15,750,114,"19, RUE DE LA GAITE",,,Plein jour,En agglomération,Hors intersection,Normale,Deux véhicules - côté,,,,,,,,,,,1,2,1,1,3
200800010970,0008-02-26 21:15:00,8,2,26,21,15,750,114,"106, AVENUE DU GENERAL L",,,Nuit avec éclairage allumé,En agglomération,Hors intersection,Normale,Autre collision,,,,,,,,,,,5,2,1,1,6
200800010971,0008-02-28 09:00:00,8,2,28,9,0,750,114,"79, AVENUE DU GENERAL LE",,,Plein jour,En agglomération,Intersection à plus de 4 branches,Pluie légère,Deux véhicules - arrière,,,,,,,,,,,1,2,5,2,2
200800010972,0008-02-28 11:30:00,8,2,28,11,30,750,114,"134, AVENUE DU GENERAL L",,,Plein jour,En agglomération,Hors intersection,Pluie légère,Autre collision,,,,,,,,,,,1,2,1,2,6
200800010973,0008-02-29 06:50:00,8,2,29,6,50,750,114,"30, RUE D ALESIA",,,Nuit avec éclairage allumé,En agglomération,Intersection en T,Temps couvert,Deux véhicules - côté,,,,,,,,,,,5,2,3,8,3
200800010974,0008-02-29 20:10:00,8,2,29,20,10,750,114,"164, RUE D ALESIA",,,Nuit avec éclairage allumé,En agglomération,Hors intersection,Pluie légère,Autre collision,,,,,,,,,,,5,2,1,2,6
200800010975,0008-02-01 22:15:00,8,2,1,22,15,750,115,"0, RUE LINOIS",,,Nuit avec éclairage allumé,En agglomération,Intersection en X,Normale,Autre collision,,,,,,,,,,,5,2,2,1,6
200800010976,0008-02-02 13:00:00,8,2,2,13,0,750,115,"94, BOULEVARD LEFEBVRE",,,Plein jour,En agglomération,Hors intersection,Normale,Deux véhicules - côté,,,,,,,,,,,1,2,1,1,3
200800010977,0008-02-04 16:00:00,8,2,4,16,0,750,115,"33, AVENUE DE LOWENDAL",,,Plein jour,En agglomération,Hors intersection,Normale,Deux véhicules - côté,,,,,,,,,,,1,2,1,1,3
200800010978,0008-02-04 19:55:00,8,2,4,19,55,750,115,"355, RUE DE VAUGIRARD",,,Nuit avec éclairage allumé,En agglomération,Hors intersection,Normale,Autre collision,,,,,,,,,,,5,2,1,1,6
200800010979,0008-02-05 17:55:00,8,2,5,17,55,750,115,"3, RUE DE L ARRIVEE",,,Nuit avec éclairage allumé,En agglomération,Hors intersection,Pluie légère,Trois véhicules et plus - en chaîne,,,,,,,,,,,5,2,1,2,4
200800010980,0008-02-06 11:20:00,8,2,6,11,20,750,115,"11, BOULEVARD PASTEUR",,,Plein jour,En agglomération,Hors intersection,Normale,Autre collision,,,,,,,,,,,1,2,1,1,6
200800010981,0008-02-06 12:05:00,8,2,6,12,5,750,115,"207, RUE SAINT CHARLES",,,Plein jour,En agglomération,Hors intersection,Normale,Autre collision,,,,,,,,,,,1,2,1,1,6
200800010982,0008-02-06 19:30:00,8,2,6,19,30,750,115,"0, QUAI ANDRE CITROEN",,,Nuit sans éclairage public,En agglomération,Hors intersection,Normale,Sans collision,,,,,,,,,,,3,2,1,1,7
200800010983,0008-02-07 10:35:00,8,2,7,10,35,750,115,"13, PLACE DE BRAZZAVILLE",,,Plein jour,En agglomération,Hors intersection,Normale,Autre collision,,,,,,,,,,,1,2,1,1,6
200800010984,0008-02-07 14:45:00,8,2,7,14,45,750,115,BOULEVARD PERIPHERIQUE,,,Plein jour,En agglomération,Hors intersection,Normale,Deux véhicules - arrière,,,,,,,,,,,1,2,1,1,2
200800010985,0008-02-10 14:57:00,8,2,10,14,57,750,115,"10, RUE SEBASTIEN MERCIE",,,Plein jour,En agglomération,Intersection en X,Normale,Deux véhicules - côté,,,,,,,,,,,1,2,2,1,3
200800010986,0008-02-10 10:15:00,8,2,10,10,15,750,115,"27, RUE SAINT AMAND",,,Nuit avec éclairage allumé,En agglomération,Hors intersection,Normale,Deux véhicules - côté,,,,,,,,,,,5,2,1,1,3
200800010987,0008-02-11 10:45:00,8,2,11,10,45,750,115,"208, RUE DE JAVEL",,,Plein jour,En agglomération,Intersection en X,Temps éblouissant,Autre collision,,,,,,,,,,,1,2,2,7,6
200800010988,0008-02-12 10:55:00,8,2,12,10,55,750,115,"40, BOULEVARD DU MONTPAR",,,Plein jour,En agglomération,Intersection en X,Normale,Deux véhicules - côté,,,,,,,,,,,1,2,2,1,3
200800010989,0008-02-12 15:10:00,8,2,12,15,10,750,115,"1, PLACE JACQUES MARETTE",,,Plein jour,En agglomération,Intersection en T,Normale,Autre collision,,,,,,,,,,,1,2,3,1,6
200800010990,0008-02-13 08:10:00,8,2,13,8,10,750,115,"13bis, RUE DE LA PROCESS",,,Plein jour,En agglomération,Intersection en X,Normale,Autre collision,,,,,,,,,,,1,2,2,1,6
200800010991,0008-02-13 14:20:00,8,2,13,14,20,750,115,"251, RUE LECOURBE",,,Plein jour,En agglomération,Hors intersection,Normale,Autre collision,,,,,,,,,,,1,2,1,1,6
200800010992,0008-02-14 16:00:00,8,2,14,16,0,750,115,"3 bis, RUE GEORGE BERNAR",,,Plein jour,En agglomération,Hors intersection,Normale,Autre collision,,,,,,,,,,,1,2,1,1,6
200800010993,0008-02-14 19:40:00,8,2,14,19,40,750,115,"00, AVENUE ERNEST RENAN",,,Nuit avec éclairage allumé,En agglomération,Hors intersection,Normale,Deux véhicules - côté,,,,,,,,,,,5,2,1,1,3
200800010994,0008-02-14 23:35:00,8,2,14,23,35,750,115,"26-28, AVENUE DU MAINE",,,Nuit avec éclairage allumé,En agglomération,Hors intersection,Normale,Deux véhicules - côté,,,,,,,,,,,5,2,1,1,3
200800010995,0008-02-15 19:05:00,8,2,15,19,5,750,115,BOULEVARD LEFEBVRE,,,Nuit avec éclairage allumé,En agglomération,Intersection en X,Normale,Autre collision,,,,,,,,,,,5,2,2,1,6
200800010996,0008-02-16 07:15:00,8,2,16,7,15,750,115,"51, BOULEVARD LEFEBVRE",,,Crépuscule ou aube,En agglomération,Hors intersection,Normale,Deux véhicules - arrière,,,,,,,,,,,2,2,1,1,2
200800010997,0008-02-18 07:05:00,8,2,18,7,5,750,115,"7, PLACE DES CINQ MARTYR",,,Plein jour,En agglomération,Hors intersection,Normale,Autre collision,,,,,,,,,,,1,2,1,1,6
200800010998,0008-02-18 10:05:00,8,2,18,10,5,750,115,"45, AVENUE FELIX FAURE",,,Plein jour,En agglomération,Hors intersection,Normale,Autre collision,,,,,,,,,,,1,2,1,1,6
200800010999,0008-02-18 15:00:00,8,2,18,15,0,750,115,"4, AVENUE EMILE ZOLA",,,Plein jour,En agglomération,Intersection en X,Normale,Autre collision,,,,,,,,,,,1,2,2,1,6
200800011000,0008-02-18 17:50:00,8,2,18,17,50,750,115,"52, RUE D ORADOUR SUR GL",,,Crépuscule ou aube,En agglomération,Intersection en T,Normale,Deux véhicules - côté,,,,,,,,,,,2,2,3,1,3
200800011001,0008-02-19 16:40:00,8,2,19,16,40,750,115,"54, RUE LECOURBE",,,Plein jour,En agglomération,Intersection en X,Normale,Deux véhicules - côté,,,,,,,,,,,1,2,2,1,3
200800011002,0008-02-21 16:50:00,8,2,21,16,50,750,115,"167, RUE DE LA CONVENTIO",,,Plein jour,En agglomération,Intersection en T,Temps couvert,Deux véhicules - côté,,,,,,,,,,,1,2,3,8,3
200800011003,0008-02-22 17:45:00,8,2,22,17,45,750,115,"65, RUE DE LA CROIX NIVE",,,Plein jour,En agglomération,Hors intersection,Normale,Autre collision,,,,,,,,,,,1,2,1,1,6
200800011004,0008-02-23 01:20:00,8,2,23,1,20,750,115,"2, RUE DE L ARRIVEE",,,Nuit avec éclairage allumé,En agglomération,Hors intersection,Normale,Autre collision,,,,,,,,,,,5,2,1,1,6
200800011005,0008-02-24 06:30:00,8,2,24,6,30,750,115,"05, BOULEVARD LEFEBVRE",,,Nuit avec éclairage allumé,En agglomération,Hors intersection,Normale,Autre collision,,,,,,,,,,,5,2,1,1,6