accident_id,datetime,annee,mois,jour,heure,minute,departement,commune_insee,adresse,latitude,longitude,luminosite,agglomeration,intersection,meteo,collision,nb_vehicules,nb_usagers,nb_indemnes,nb_tues,nb_blesses_hosp,nb_blesses_legers,age_cond_1,age_cond_2,veh_type_cond_1,veh_type_cond_2,lum_code,agg_code,int_code,atm_code,col_code
200800011533,0008-03-25 17:46:00,8,3,25,17,46,60,88,"57, RAY (AV. DU)",,,Plein jour,En agglomération,Hors intersection,Normale,Deux véhicules - arrière,,,,,,,,,,,1,2,1,1,2
200800011534,0008-03-25 18:15:00,8,3,25,18,15,60,88,"22, CARABACEL (BD)",,,Plein jour,En agglomération,Hors intersection,Normale,Autre collision,,,,,,,,,,,1,2,1,1,6
200800011535,0008-03-25 18:00:00,8,3,25,18,0,60,88,"21/23, DIABLES BLEUS (AV",,,Plein jour,En agglomération,Hors intersection,Normale,Deux véhicules - côté,,,,,,,,,,,1,2,1,1,3
200800011536,0008-03-26 11:00:00,8,3,26,11,0,60,88,"100, FRANCE (R. DE) A PA",,,Plein jour,En agglomération,Hors intersection,Normale,Autre collision,,,,,,,,,,,1,2,1,1,6
200800011537,0008-03-26 11:20:00,8,3,26,11,20,60,88,"0, VOIE RAPIDE",,,Plein jour,En agglomération,Hors intersection,Normale,Deux véhicules - arrière,,,,,,,,,,,1,2,1,1,2
200800011538,0008-03-26 17:50:00,8,3,26,17,50,60,88,"0, CARREFOUR LINGOSTIERE",,,Plein jour,En agglomération,Hors intersection,Normale,Autre collision,,,,,,,,,,,1,2,1,1,6
200800011539,0008-03-26 22:00:00,8,3,26,22,0,60,88,"38, BIECKERT (AV. EMILE)",,,Nuit avec éclairage allumé,En agglomération,Hors intersection,Normale,Deux véhicules - frontale,,,,,,,,,,,5,2,1,1,1
200800011540,0008-03-27 13:15:00,8,3,27,13,15,60,88,"225, TURIN (RTE DE)",,,Plein jour,En agglomération,Hors intersection,Normale,Autre collision,,,,,,,,,,,1,2,1,1,6
200800011541,0008-03-27 14:45:00,8,3,27,14,45,60,88,"139, GAMBETTA (A PARTIR",,,Plein jour,En agglomération,Hors intersection,Normale,Deux véhicules - arrière,,,,,,,,,,,1,2,1,1,2
200800011542,0008-03-27 19:00:00,8,3,27,19,0,60,88,"119, DUNANT (AV. HENRI)",,,Crépuscule ou aube,En agglomération,Hors intersection,Normale,Deux véhicules - côté,,,,,,,,,,,2,2,1,1,3
200800011543,0008-03-27 19:45:00,8,3,27,19,45,60,88,"0, CANTA GALET (RTE DE)",,,Plein jour,En agglomération,Hors intersection,Normale,Deux véhicules - frontale,,,,,,,,,,,1,2,1,1,1
200800011544,0008-03-27 19:15:00,8,3,27,19,15,60,88,"0, ANGLAIS (DU N° 45 AU",,,Crépuscule ou aube,En agglomération,Intersection en X,Normale,Autre collision,,,,,,,,,,,2,2,2,1,6
200800011545,0008-03-29 05:20:00,8,3,29,5,20,60,88,"0, GAMBETTA (A PARTIR DU",,,Nuit avec éclairage allumé,En agglomération,Intersection en X,Normale,Deux véhicules - côté,,,,,,,,,,,5,2,2,1,3
200800011546,0008-03-29 09:26:00,8,3,29,9,26,60,88,"44, CORNICHE FLEURIE (AV",,,Plein jour,En agglomération,Hors intersection,Normale,Deux véhicules - frontale,,,,,,,,,,,1,2,1,1,1
200800011547,0008-03-29 16:30:00,8,3,29,16,30,60,88,"0, RAIMBALDI (BD)",,,Plein jour,En agglomération,Intersection en X,Normale,Deux véhicules - côté,,,,,,,,,,,1,2,2,1,3
200800011548,0008-03-29 19:45:00,8,3,29,19,45,60,88,"0, DIDEROT (RUE)",,,Nuit avec éclairage allumé,En agglomération,Hors intersection,Normale,Deux véhicules - côté,,,,,,,,,,,5,2,1,1,3
200800011549,0008-03-30 05:40:00,8,3,30,5,40,60,88,"1, ANGLAIS (DU N° 1 AU N",,,Nuit avec éclairage allumé,En agglomération,Hors intersection,Normale,Autre collision,,,,,,,,,,,5,2,1,1,6
200800011550,0008-03-30 17:40:00,8,3,30,17,40,60,88,"0, CHENES (AV. DES) LAS",,,Plein jour,En agglomération,Hors intersection,Normale,Autre collision,,,,,,,,,,,1,2,1,1,6
200800011551,0008-03-07 15:24:00,8,3,7,15,24,70,331,ARLIX (ROUTE D'),,,Plein jour,Hors agglomération,Hors intersection,Normale,Deux véhicules - frontale,,,,,,,,,,,1,1,1,1,1
200800011552,0008-03-26 17:40:00,8,3,26,17,40,70,19,"15, DOCTEUR PARGOIRE (RU",,,Plein jour,En agglomération,Hors intersection,Normale,Deux véhicules - frontale,,,,,,,,,,,1,2,1,1,1
200800011553,0008-03-02 17:50:00,8,3,2,17,50,70,72,RN 304/MOULIN D'ONCLAIRE,,,Plein jour,Hors agglomération,Hors intersection,Normale,Trois véhicules et plus - collisions multiples,,,,,,,,,,,1,1,1,1,5
200800011554,0008-03-13 08:05:00,8,3,13,8,5,70,186,"2 BIS, RECLUSE (RUE DE L",,,Plein jour,En agglomération,Intersection en T,Normale,Autre collision,,,,,,,,,,,1,2,3,1,6
200800011555,0008-03-22 19:25:00,8,3,22,19,25,80,105,CARNOT AVENUE,,,Plein jour,En agglomération,Hors intersection,Normale,Autre collision,,,,,,,,,,,1,2,1,1,6
200800011556,0008-03-28 19:40:00,8,3,28,19,40,80,497,THIS ROUTE,,,Nuit sans éclairage public,Hors agglomération,Hors intersection,Pluie forte,Deux véhicules - frontale,,,,,,,,,,,3,1,1,3,1
200800011557,0008-03-09 09:50:00,8,3,9,9,50,80,409,MARNE (AVENUE DE LA),,,Plein jour,En agglomération,Giratoire,Pluie légère,Autre collision,,,,,,,,,,,1,2,6,2,6
200800011558,0008-03-20 19:25:00,8,3,20,19,25,90,207,"3, PARIS (AV DE)",,,Nuit avec éclairage allumé,En agglomération,Hors intersection,Normale,Sans collision,,,,,,,,,,,5,2,1,1,7
200800011559,0008-03-19 02:15:00,8,3,19,2,15,90,225,VILLENEUVE ROUTE DE,,,Nuit sans éclairage public,Hors agglomération,Hors intersection,Temps couvert,Sans collision,,,,,,,,,,,3,1,1,8,7
200800011560,0008-03-04 17:25:00,8,3,4,17,25,100,81,JULES FERRY (RUE),,,Plein jour,En agglomération,Intersection en X,Normale,Deux véhicules - frontale,,,,,,,,,,,1,2,2,1,1
200800011561,0008-03-03 07:55:00,8,3,3,7,55,100,387,"127, PIERRE BROSSOLETTE",,,Plein jour,En agglomération,Hors intersection,Normale,Deux véhicules - côté,,,,,,,,,,,1,2,1,1,3
200800011562,0008-03-16 21:10:00,8,3,16,21,10,100,387,"000, LIEUTENANT PIERRE M",,,Nuit avec éclairage allumé,En agglomération,Intersection en X,Normale,Deux véhicules - côté,,,,,,,,,,,5,2,2,1,3
200800011563,0008-03-12 07:40:00,8,3,12,7,40,100,297,TIRVERTS (RUE),,,Plein jour,En agglomération,Intersection en T,Normale,Deux véhicules - côté,,,,,,,,,,,1,2,3,1,3
200800011564,0008-03-08 12:30:00,8,3,8,12,30,100,333,"182, AUXERRE (ROUTE)",,,Plein jour,En agglomération,Hors intersection,Normale,Trois véhicules et plus - en chaîne,,,,,,,,,,,1,2,1,1,4
200800011565,0008-03-07 16:15:00,8,3,7,16,15,100,343,GAMBETTA (RUE),,,Plein jour,En agglomération,Giratoire,Normale,Deux véhicules - côté,,,,,,,,,,,1,2,6,1,3
200800011566,0008-03-21 12:40:00,8,3,21,12,40,100,387,"000, SENARDES (RUE DES)",,,Plein jour,En agglomération,Intersection en T,Normale,Deux véhicules - côté,,,,,,,,,,,1,2,3,1,3
200800011567,0008-03-17 13:40:00,8,3,17,13,40,100,333,"94, AUXERRE (ROUTE)",,,Plein jour,En agglomération,Hors intersection,Normale,Deux véhicules - arrière,,,,,,,,,,,1,2,1,1,2
200800011568,0008-03-20 19:55:00,8,3,20,19,55,100,387,"000, CHOMEDEY DE MAISONN",,,Nuit avec éclairage allumé,En agglomération,Hors intersection,Pluie légère,Autre collision,,,,,,,,,,,5,2,1,2,6
200800011569,0008-03-31 23:20:00,8,3,31,23,20,100,362,"000, GENERAL GALLIENI (R",,,Nuit avec éclairage allumé,En agglomération,Giratoire,Normale,Sans collision,,,,,,,,,,,5,2,6,1,7
200800011570,0008-03-31 19:55:00,8,3,31,19,55,100,387,"000, ROBERT SCHUMANN (RU",,,Crépuscule ou aube,En agglomération,Hors intersection,Normale,Deux véhicules - arrière,,,,,,,,,,,2,2,1,1,2
200800011571,0008-03-03 12:40:00,8,3,3,12,40,110,262,"1, ELYSIQUES (VOIES DES)",,,Plein jour,En agglomération,Intersection en X,Normale,Trois véhicules et plus - collisions multiples,,,,,,,,,,,1,2,2,1,5
200800011572,0008-03-02 19:05:00,8,3,2,19,5,120,176,BALQUIERES (BLD DES) -CO,,,Crépuscule ou aube,En agglomération,Intersection en Y,Normale,Trois véhicules et plus - collisions multiples,,,,,,,,,,,2,2,4,1,5
200800011573,0008-03-05 20:50:00,8,3,5,20,50,120,176,VABRE (AVENUE DE),,,Nuit sans éclairage public,Hors agglomération,Intersection en X,Normale,Deux véhicules - côté,,,,,,,,,,,3,1,2,1,3
200800011574,0008-03-12 17:40:00,8,3,12,17,40,120,202,EUROPE (AVENUE DE L'),,,Plein jour,En agglomération,Hors intersection,Pluie légère,Autre collision,,,,,,,,,,,1,2,1,2,6
200800011575,0008-03-22 10:35:00,8,3,22,10,35,120,202,"17, FLAUGERGUES (BOULEVA",,,Plein jour,En agglomération,Hors intersection,Temps couvert,Autre collision,,,,,,,,,,,1,2,1,8,6
200800011576,0008-03-24 13:40:00,8,3,24,13,40,120,202,DOCTEUR LOUIS BONNEFOUS,,,Plein jour,En agglomération,Hors intersection,Pluie légère,Sans collision,,,,,,,,,,,1,2,1,2,7
200800011577,0008-03-25 14:35:00,8,3,25,14,35,120,202,DECAZEVILLE (AVENUE DE),,,Plein jour,Hors agglomération,Hors intersection,Normale,Trois véhicules et plus - collisions multiples,,,,,,,,,,,1,1,1,1,5
200800011578,0008-03-03 07:40:00,8,3,3,7,40,130,1,"100, GAMBETTA (COURS)",,,Plein jour,En agglomération,Giratoire,Normale,Trois véhicules et plus - collisions multiples,,,,,,,,,,,1,2,6,1,5
200800011579,0008-03-09 20:03:00,8,3,9,20,3,130,1,GALICE (RTE DE),,,Nuit avec éclairage allumé,En agglomération,Hors intersection,Normale,Deux véhicules - arrière,,,,,,,,,,,5,2,1,1,2
200800011580,0008-03-02 16:55:00,8,3,2,16,55,130,1,"195, CRUYES (CH DE)",,,Plein jour,Hors agglomération,Hors intersection,Normale,Deux véhicules - côté,,,,,,,,,,,1,1,1,1,3
200800011581,0008-03-19 04:12:00,8,3,19,4,12,130,1,"18, JAURES JEAN (BD)",,,Nuit avec éclairage allumé,En agglomération,Hors intersection,Normale,Autre collision,,,,,,,,,,,5,2,1,1,6
200800011582,0008-03-22 21:20:00,8,3,22,21,20,130,1,DEUX ORMES (AV DES),,,Nuit avec éclairage allumé,En agglomération,Hors intersection,Normale,Deux véhicules - arrière,,,,,,,,,,,5,2,1,1,2
200800011583,0008-03-26 16:20:00,8,3,26,16,20,130,1,R.N 7,,,Plein jour,Hors agglomération,Hors intersection,Normale,Trois véhicules et plus - collisions multiples,,,,,,,,,,,1,1,1,1,5
200800011584,0008-03-27 13:30:00,8,3,27,13,30,130,1,RD9,,,Plein jour,Hors agglomération,Hors intersection,Normale,Autre collision,,,,,,,,,,,1,1,1,1,6
200800011585,0008-03-27 17:43:00,8,3,27,17,43,130,1,RD9,,,Plein jour,Hors agglomération,Hors intersection,Normale,Deux véhicules - arrière,,,,,,,,,,,1,1,1,1,2
200800011586,0008-03-29 17:02:00,8,3,29,17,2,130,1,"275, ANCIENNE ROUTE DES",,,Plein jour,En agglomération,Hors intersection,Normale,Sans collision,,,,,,,,,,,1,2,1,1,7
200800011587,0008-03-20 13:40:00,8,3,20,13,40,130,1,"550, CLUB HIPPIQUE (AV)",,,Plein jour,En agglomération,Hors intersection,Normale,Deux véhicules - côté,,,,,,,,,,,1,2,1,1,3
200800011588,0008-03-03 13:55:00,8,3,3,13,55,130,4,HONGRIE AVENUE DE,,,Plein jour,Hors agglomération,Intersection en T,Normale,Deux véhicules - côté,,,,,,,,,,,1,1,3,1,3
200800011589,0008-03-04 10:00:00,8,3,4,10,0,130,4,STALINGRAD AVENUE DE,,,Plein jour,En agglomération,Hors intersection,Normale,Sans collision,,,,,,,,,,,1,2,1,1,7
200800011590,0008-03-04 12:10:00,8,3,4,12,10,130,4,BIGOT CHEMIN DE,,,Plein jour,En agglomération,Intersection en T,Normale,Trois véhicules et plus - collisions multiples,,,,,,,,,,,1,2,3,1,5
200800011591,0008-03-06 18:15:00,8,3,6,18,15,130,4,R.N.113,,,Plein jour,En agglomération,Hors intersection,Normale,Deux véhicules - arrière,,,,,,,,,,,1,2,1,1,2
200800011592,0008-03-09 19:15:00,8,3,9,19,15,130,4,"0, RD 453",,,Nuit sans éclairage public,Hors agglomération,Hors intersection,Pluie forte,Autre collision,,,,,,,,,,,3,1,1,3,6
200800011593,0008-03-17 12:20:00,8,3,17,12,20,130,4,LICES BOULEVARD DES,,,Plein jour,En agglomération,Hors intersection,Normale,Deux véhicules - côté,,,,,,,,,,,1,2,1,1,3
200800011594,0008-03-20 07:40:00,8,3,20,7,40,130,4,R.N.572 DU VITTIER VERS,,,Crépuscule ou aube,Hors agglomération,Hors intersection,Normale,Autre collision,,,,,,,,,,,2,1,1,1,6
200800011595,0008-03-25 21:55:00,8,3,25,21,55,130,4,RN 570,,,Nuit sans éclairage public,Hors agglomération,Hors intersection,Normale,Autre collision,,,,,,,,,,,3,1,1,1,6
200800011596,0008-03-22 18:15:00,8,3,22,18,15,130,4,PRESIDENT SALVADOR ALLEN,,,Plein jour,En agglomération,Hors intersection,Vent fort / tempête,Autre collision,,,,,,,,,,,1,2,1,6,6
200800011597,0008-03-26 17:26:00,8,3,26,17,26,130,4,EMILE COMBES BOULEVARD,,,Plein jour,En agglomération,Hors intersection,Normale,Trois véhicules et plus - collisions multiples,,,,,,,,,,,1,2,1,1,5
200800011598,0008-03-27 17:25:00,8,3,27,17,25,130,4,"0, EMILE COMBES BOULEVAR",,,Plein jour,En agglomération,Hors intersection,Normale,Autre collision,,,,,,,,,,,1,2,1,1,6
200800011599,0008-03-20 07:00:00,8,3,20,7,0,130,5,RD 43 C,,,Plein jour,Hors agglomération,Hors intersection,Normale,Sans collision,,,,,,,,,,,1,1,1,1,7
200800011600,0008-03-28 11:10:00,8,3,28,11,10,130,5,SALENGRO (AVENUE ROGER),,,Plein jour,En agglomération,Hors intersection,Normale,Trois véhicules et plus - collisions multiples,,,,,,,,,,,1,2,1,1,5
200800011601,0008-03-03 17:00:00,8,3,3,17,0,130,28,ROVARCH (AVENUE PIERRE),,,Plein jour,En agglomération,Hors intersection,Normale,Deux véhicules - arrière,,,,,,,,,,,1,2,1,1,2
200800011602,0008-03-14 14:20:00,8,3,14,14,20,130,28,Parking de Saint-Jean,,,Plein jour,En agglomération,Hors intersection,Normale,Autre collision,,,,,,,,,,,1,2,1,1,6
200800011603,0008-03-31 15:05:00,8,3,31,15,5,130,28,DE GAULLE (QUAI GENERAL,,,Plein jour,En agglomération,Hors intersection,Pluie légère,Autre collision,,,,,,,,,,,1,2,1,2,6
200800011604,0008-03-12 07:35:00,8,3,12,7,35,130,47,"68, SAINT EXUPERY AVENUE",,,Plein jour,En agglomération,Hors intersection,Normale,Autre collision,,,,,,,,,,,1,2,1,1,6
200800011605,0008-03-19 12:00:00,8,3,19,12,0,130,47,"1, VAURANNE BOULEVARD DE",,,Plein jour,Hors agglomération,Hors intersection,Normale,Sans collision,,,,,,,,,,,1,1,1,1,7
200800011606,0008-03-21 10:05:00,8,3,21,10,5,130,98,D.5,,,Plein jour,Hors agglomération,Hors intersection,Temps couvert,Autre collision,,,,,,,,,,,1,1,1,8,6
200800011607,0008-03-03 21:10:00,8,3,3,21,10,130,102,DUNANT  AVENUE HENRI,,,Nuit avec éclairage allumé,En agglomération,Intersection en T,Normale,Deux véhicules - côté,,,,,,,,,,,5,2,3,1,3
200800011608,0008-03-05 20:00:00,8,3,5,20,0,130,102,HUIT MAI 45  AVENUE DU,,,Nuit avec éclairage allumé,En agglomération,Hors intersection,Normale,Deux véhicules - frontale,,,,,,,,,,,5,2,1,1,1
200800011609,0008-03-10 17:45:00,8,3,10,17,45,130,54,SALAN  AVE GENERAL,,,Plein jour,Hors agglomération,Hors intersection,Pluie forte,Deux véhicules - frontale,,,,,,,,,,,1,1,1,3,1
200800011610,0008-03-10 19:25:00,8,3,10,19,25,130,54,SIGNORE  BD DE LA,,,Nuit avec éclairage allumé,En agglomération,Hors intersection,Pluie légère,Deux véhicules - frontale,,,,,,,,,,,5,2,1,2,1
200800011611,0008-03-11 10:40:00,8,3,11,10,40,130,43,POMPIDOU  AVENUE,,,Plein jour,En agglomération,Intersection en T,Normale,Deux véhicules - côté,,,,,,,,,,,1,2,3,1,3
200800011612,0008-03-25 17:00:00,8,3,25,17,0,130,54,ARMEE FRANCAISE (AVENUE,,,Plein jour,En agglomération,Hors intersection,Normale,Autre collision,,,,,,,,,,,1,2,1,1,6
200800011613,0008-03-31 07:00:00,8,3,31,7,0,130,43,MEDITERRANEE  AVENUE DE,,,Plein jour,Hors agglomération,Hors intersection,Pluie légère,Deux véhicules - côté,,,,,,,,,,,1,1,1,2,3
200800011614,0008-03-04 06:00:00,8,3,4,6,0,130,2,"0, MISTRAL (AVENUE)",,,Nuit avec éclairage allumé,En agglomération,Hors intersection,Normale,Autre collision,,,,,,,,,,,5,2,1,1,6
200800011615,0008-03-04 11:40:00,8,3,4,11,40,130,55,"61, F ET R GUIDICELLI",,,Plein jour,En agglomération,Hors intersection,Normale,Autre collision,,,,,,,,,,,1,2,1,1,6
200800011616,0008-03-04 14:15:00,8,3,4,14,15,130,55,ABBÉ FERAUD (RUE),,,Plein jour,En agglomération,Hors intersection,Normale,Autre collision,,,,,,,,,,,1,2,1,1,6
200800011617,0008-03-02 04:20:00,8,3,2,4,20,130,55,"71, CLAUDE BERNARD (IMPA",,,Nuit avec éclairage allumé,En agglomération,Hors intersection,Normale,Sans collision,,,,,,,,,,,5,2,1,1,7
200800011618,0008-03-04 16:15:00,8,3,4,16,15,130,55,"08, DAMES (BOULEVARD DES",,,Plein jour,En agglomération,Hors intersection,Normale,Deux véhicules - côté,,,,,,,,,,,1,2,1,1,3
200800011619,0008-03-01 16:20:00,8,3,1,16,20,130,55,"149, CLOT BEY (AVENUE)",,,Plein jour,Hors agglomération,Hors intersection,Normale,Autre collision,,,,,,,,,,,1,1,1,1,6
200800011620,0008-03-01 01:20:00,8,3,1,1,20,130,55,"156, VALBARELLE (BOULEVA",,,Nuit avec éclairage allumé,En agglomération,Hors intersection,Normale,Autre collision,,,,,,,,,,,5,2,1,1,6
200800011621,0008-03-05 13:30:00,8,3,5,13,30,130,55,FRÉDÉRIC MISTRAL (AVENUE,,,Plein jour,En agglomération,Intersection en T,Normale,Deux véhicules - côté,,,,,,,,,,,1,2,3,1,3
200800011622,0008-03-14 17:40:00,8,3,14,17,40,130,55,"16, MICHELET (BOULEVARD)",,,Crépuscule ou aube,En agglomération,Hors intersection,Normale,Sans collision,,,,,,,,,,,2,2,1,1,7
200800011623,0008-03-03 17:35:00,8,3,3,17,35,130,55,"104, CAPELETTE (AVENUE D",,,Plein jour,En agglomération,Hors intersection,Normale,Deux véhicules - côté,,,,,,,,,,,1,2,1,1,3
200800011624,0008-03-07 05:25:00,8,3,7,5,25,130,55,"23, DOCTEUR HECKEL (RUE",,,Nuit avec éclairage allumé,En agglomération,Autre intersection,Normale,Deux véhicules - frontale,,,,,,,,,,,5,2,9,1,1
200800011625,0008-03-06 18:00:00,8,3,6,18,0,130,55,CANEBIERE     1 A 79,,,Plein jour,En agglomération,Hors intersection,Normale,Autre collision,,,,,,,,,,,1,2,1,1,6
200800011626,0008-03-08 18:30:00,8,3,8,18,30,130,55,"1, PALESTRO (RUE DE)",,,Crépuscule ou aube,En agglomération,Hors intersection,Normale,Autre collision,,,,,,,,,,,2,2,1,1,6
200800011627,0008-03-09 05:30:00,8,3,9,5,30,130,55,24 AVRIL 15 (AVENUE DU),,,Nuit avec éclairage allumé,En agglomération,Hors intersection,Normale,Autre collision,,,,,,,,,,,5,2,1,1,6
200800011628,0008-03-03 14:45:00,8,3,3,14,45,130,55,CAMOINS ((RUE LES),,,Plein jour,En agglomération,Autre intersection,Normale,Deux véhicules - côté,,,,,,,,,,,1,2,9,1,3
200800011629,0008-03-03 22:30:00,8,3,3,22,30,130,55,"344, SAINT ANTOINE (AVEN",,,Nuit avec éclairage allumé,En agglomération,Intersection en T,Normale,Deux véhicules - frontale,,,,,,,,,,,5,2,3,1,1
200800011630,0008-03-06 20:50:00,8,3,6,20,50,130,55,"05, JEAN DUSSERT (RUE)",,,Nuit avec éclairage allumé,En agglomération,Hors intersection,Normale,Deux véhicules - côté,,,,,,,,,,,5,2,1,1,3
200800011631,0008-03-06 19:00:00,8,3,6,19,0,130,55,"88, SAINT JEROME (AVENUE",,,Nuit avec éclairage allumé,En agglomération,Hors intersection,Normale,Sans collision,,,,,,,,,,,5,2,1,1,7
200800011632,0008-03-01 16:40:00,8,3,1,16,40,130,55,SAKAKINI (BOULEVARD),,,Plein jour,En agglomération,Hors intersection,Normale,Deux véhicules - arrière,,,,,,,,,,,1,2,1,1,2
200800011633,0008-03-06 15:40:00,8,3,6,15,40,130,2,PROVENCE (AVENUE DE),,,Plein jour,En agglomération,Hors intersection,Normale,Autre collision,,,,,,,,,,,1,2,1,1,6
200800011634,0008-03-03 09:40:00,8,3,3,9,40,130,55,FELIX EBOUE (RUE),,,Plein jour,En agglomération,Hors intersection,Normale,Sans collision,,,,,,,,,,,1,2,1,1,7
200800011635,0008-03-06 10:30:00,8,3,6,10,30,130,55,"16, SAINTE BARBE (RUE)",,,Plein jour,En agglomération,Hors intersection,Normale,Deux véhicules - côté,,,,,,,,,,,1,2,1,1,3
200800011636,0008-03-06 18:50:00,8,3,6,18,50,130,55,"5, FIFI TURIN (RUE)",,,Crépuscule ou aube,En agglomération,Hors intersection,Normale,Deux véhicules - côté,,,,,,,,,,,2,2,1,1,3
200800011637,0008-03-01 18:40:00,8,3,1,18,40,130,55,LANCIER (CHEMIN DU),,,Nuit avec éclairage allumé,En agglomération,Hors intersection,Normale,Deux véhicules - arrière,,,,,,,,,,,5,2,1,1,2
200800011638,0008-03-07 14:10:00,8,3,7,14,10,130,55,"63, CAMOINS (AVENUE DES)",,,Plein jour,En agglomération,Autre intersection,Normale,Deux véhicules - côté,,,,,,,,,,,1,2,9,1,3
200800011639,0008-03-07 18:40:00,8,3,7,18,40,130,55,"117, ROUGUIERE (ALLÉE DE",,,Nuit avec éclairage allumé,En agglomération,Hors intersection,Normale,Autre collision,,,,,,,,,,,5,2,1,1,6
200800011640,0008-03-07 11:30:00,8,3,7,11,30,130,55,"111, LIEUTENANT FINE (AV",,,Plein jour,En agglomération,Hors intersection,Normale,Autre collision,,,,,,,,,,,1,2,1,1,6
200800011641,0008-03-04 22:05:00,8,3,4,22,5,130,55,"120, ROSE (AVENUE DE LA)",,,Nuit avec éclairage allumé,En agglomération,Hors intersection,Normale,Autre collision,,,,,,,,,,,5,2,1,1,6
200800011642,0008-03-06 16:45:00,8,3,6,16,45,130,55,"02, MAURELLE (TRAVERSE)",,,Plein jour,En agglomération,Hors intersection,Normale,Deux véhicules - arrière,,,,,,,,,,,1,2,1,1,2
200800011643,0008-03-08 00:20:00,8,3,8,0,20,130,55,LITTORAL (CHEMIN DU),,,Nuit avec éclairage allumé,En agglomération,Hors intersection,Normale,Autre collision,,,,,,,,,,,5,2,1,1,6
200800011644,0008-03-04 17:30:00,8,3,4,17,30,130,55,PRADO (ROND-POINT),,,Crépuscule ou aube,En agglomération,Autre intersection,Normale,Deux véhicules - côté,,,,,,,,,,,2,2,9,1,3
200800011645,0008-03-05 18:00:00,8,3,5,18,0,130,55,RABATAU (BOULEVARD),,,Plein jour,En agglomération,Hors intersection,Normale,Deux véhicules - arrière,,,,,,,,,,,1,2,1,1,2
200800011646,0008-03-06 08:45:00,8,3,6,8,45,130,55,"150, MONTREDON (AVENUE D",,,Plein jour,En agglomération,Hors intersection,Normale,Deux véhicules - arrière,,,,,,,,,,,1,2,1,1,2
200800011647,0008-03-03 16:15:00,8,3,3,16,15,130,55,"82, MIREILLE LAUZE (BOUL",,,Plein jour,En agglomération,Intersection en T,Normale,Deux véhicules - côté,,,,,,,,,,,1,2,3,1,3
200800011648,0008-03-04 09:00:00,8,3,4,9,0,130,55,"76, JEAN LOMBARD (AVENUE",,,Plein jour,En agglomération,Hors intersection,Normale,Deux véhicules - arrière,,,,,,,,,,,1,2,1,1,2
200800011649,0008-03-05 15:45:00,8,3,5,15,45,130,55,CANEBIERE    81 A FIN,,,Plein jour,En agglomération,Intersection en X,Normale,Sans collision,,,,,,,,,,,1,2,2,1,7
200800011650,0008-03-04 08:10:00,8,3,4,8,10,130,55,VALBARELLE (BOULEVARD DE,,,Plein jour,En agglomération,Intersection en T,Normale,Deux véhicules - côté,,,,,,,,,,,1,2,3,1,3
200800011651,0008-03-06 13:00:00,8,3,6,13,0,130,55,"35, SIBIE (RUE)",,,Plein jour,En agglomération,Hors intersection,Normale,Autre collision,,,,,,,,,,,1,2,1,1,6
200800011652,0008-03-03 21:30:00,8,3,3,21,30,130,55,MARÉCHAL DE LATTRE (AVEN,,,Nuit avec éclairage allumé,En agglomération,Hors intersection,Normale,Autre collision,,,,,,,,,,,5,2,1,1,6
200800011653,0008-03-10 19:30:00,8,3,10,19,30,130,55,"0, FRAIS VALLON (AVENUE)",,,Nuit avec éclairage allumé,En agglomération,Hors intersection,Pluie légère,Sans collision,,,,,,,,,,,5,2,1,2,7
200800011654,0008-03-11 09:50:00,8,3,11,9,50,130,55,ROLAND DORGELES (BOULEVA,,,Plein jour,En agglomération,Hors intersection,Normale,Autre collision,,,,,,,,,,,1,2,1,1,6
200800011655,0008-03-05 20:40:00,8,3,5,20,40,130,55,CORDERIE (BOULEVARD DE L,,,Nuit avec éclairage non allumé,En agglomération,Hors intersection,Normale,Deux véhicules - côté,,,,,,,,,,,4,2,1,1,3
200800011656,0008-03-08 11:00:00,8,3,8,11,0,130,55,"62, CANEBIERE    30 A 68",,,Plein jour,En agglomération,Hors intersection,Normale,Autre collision,,,,,,,,,,,1,2,1,1,6
200800011657,0008-03-11 15:30:00,8,3,11,15,30,130,55,JEAN BALLARD (COURS),,,Plein jour,En agglomération,Hors intersection,Normale,Autre collision,,,,,,,,,,,1,2,1,1,6
200800011658,0008-03-08 10:30:00,8,3,8,10,30,130,55,"face 80, FRANCOISE DUPAR",,,Plein jour,En agglomération,Intersection en T,Normale,Deux véhicules - arrière,,,,,,,,,,,1,2,3,1,2
200800011659,0008-03-11 11:30:00,8,3,11,11,30,130,55,SAINT LOUIS (AVENUE DE),,,Plein jour,En agglomération,Hors intersection,Normale,Autre collision,,,,,,,,,,,1,2,1,1,6
200800011660,0008-03-10 15:55:00,8,3,10,15,55,130,55,"315, NATIONAL (BOULEVARD",,,Plein jour,En agglomération,Hors intersection,Pluie légère,Deux véhicules - côté,,,,,,,,,,,1,2,1,2,3
200800011661,0008-03-16 12:25:00,8,3,16,12,25,130,55,CAILLOLS (AVENUE DES),,,Plein jour,En agglomération,Autre intersection,Normale,Deux véhicules - côté,,,,,,,,,,,1,2,9,1,3
200800011662,0008-03-14 22:00:00,8,3,14,22,0,130,55,"10, JEAN DUSSERT (RUE)",,,Nuit avec éclairage allumé,En agglomération,Hors intersection,Normale,Autre collision,,,,,,,,,,,5,2,1,1,6
200800011663,0008-03-11 19:15:00,8,3,11,19,15,130,55,"153, WILLIAM BOOTH (AVEN",,,Crépuscule ou aube,En agglomération,Hors intersection,Normale,Deux véhicules - côté,,,,,,,,,,,2,2,1,1,3
200800011664,0008-03-05 19:10:00,8,3,5,19,10,130,55,"430, MARÉCHAL DE LATTRE",,,Nuit avec éclairage allumé,En agglomération,Hors intersection,Normale,Trois véhicules et plus - en chaîne,,,,,,,,,,,5,2,1,1,4