accident_id,datetime,annee,mois,jour,heure,minute,departement,commune_insee,adresse,latitude,longitude,luminosite,agglomeration,intersection,meteo,collision,nb_vehicules,nb_usagers,nb_indemnes,nb_tues,nb_blesses_hosp,nb_blesses_legers,age_cond_1,age_cond_2,veh_type_cond_1,veh_type_cond_2,lum_code,agg_code,int_code,atm_code,col_code
200800012060,0008-03-05 19:39:00,8,3,5,19,39,290,19,"., PLYMOUTH (DE 89 A 135",,,Nuit avec éclairage allumé,En agglomération,Intersection en X,Normale,Deux véhicules - côté,,,,,,,,,,,5,2,2,1,3
200800012061,0008-03-09 03:20:00,8,3,9,3,20,290,19,"., HARTELOIRE (PONT)",,,Nuit avec éclairage allumé,En agglomération,Hors intersection,Temps couvert,Trois véhicules et plus - collisions multiples,,,,,,,,,,,5,2,1,8,5
200800012062,0008-03-06 17:40:00,8,3,6,17,40,290,19,"., PLYMOUTH (ENTRE POINT",,,Plein jour,En agglomération,Hors intersection,Normale,Autre collision,,,,,,,,,,,1,2,1,1,6
200800012063,0008-03-12 17:20:00,8,3,12,17,20,290,19,"., GOUESNOU (DE 221 ET 2",,,Plein jour,En agglomération,Intersection en X,Normale,Deux véhicules - côté,,,,,,,,,,,1,2,2,1,3
200800012064,0008-03-13 17:20:00,8,3,13,17,20,290,19,"45, PORTE (DE 1 A 75 ET",,,Plein jour,En agglomération,Hors intersection,Normale,Autre collision,,,,,,,,,,,1,2,1,1,6
200800012065,0008-03-13 16:15:00,8,3,13,16,15,290,19,"., MONTAIGNE (DE 39 A 11",,,Plein jour,En agglomération,Intersection en T,Pluie légère,Autre collision,,,,,,,,,,,1,2,3,2,6
200800012066,0008-03-15 15:00:00,8,3,15,15,0,290,19,"., GALLIENI GENERAL (DE",,,Plein jour,En agglomération,Hors intersection,Normale,Deux véhicules - côté,,,,,,,,,,,1,2,1,1,3
200800012067,0008-03-16 20:15:00,8,3,16,20,15,290,19,"., RN 12 (PEN AR CH'LEUZ",,,Nuit avec éclairage allumé,En agglomération,Hors intersection,Normale,Deux véhicules - arrière,,,,,,,,,,,5,2,1,1,2
200800012068,0008-03-16 20:25:00,8,3,16,20,25,290,19,"., ROBESPIERRE (DE 1 A 3",,,Crépuscule ou aube,En agglomération,Intersection en X,Normale,Deux véhicules - frontale,,,,,,,,,,,2,2,2,1,1
200800012069,0008-03-18 09:00:00,8,3,18,9,0,290,19,"16, COMMANDANT DROGOU (",,,Plein jour,En agglomération,Hors intersection,Normale,Autre collision,,,,,,,,,,,1,2,1,1,6
200800012070,0008-03-18 18:15:00,8,3,18,18,15,290,19,"., DUVAL MARCELLIN (DE 2",,,Plein jour,En agglomération,Intersection en X,Normale,Deux véhicules - côté,,,,,,,,,,,1,2,2,1,3
200800012071,0008-03-20 09:00:00,8,3,20,9,0,290,19,"25, NIEPCE NICEPHORE",,,Plein jour,En agglomération,Hors intersection,Pluie légère,Autre collision,,,,,,,,,,,1,2,1,2,6
200800012072,0008-03-21 08:00:00,8,3,21,8,0,290,19,"., ROBESPIERRE (DE 1 A 3",,,Plein jour,En agglomération,Intersection en T,Pluie légère,Deux véhicules - côté,,,,,,,,,,,1,2,3,2,3
200800012073,0008-03-21 08:40:00,8,3,21,8,40,290,19,VARLIN EUGENE,,,Plein jour,En agglomération,Intersection en T,Temps couvert,Autre collision,,,,,,,,,,,1,2,3,8,6
200800012074,0008-03-21 09:45:00,8,3,21,9,45,290,19,"., HUIT MAI 1945 (DE 46",,,Plein jour,Hors agglomération,Intersection en X,Normale,Autre collision,,,,,,,,,,,1,1,2,1,6
200800012075,0008-03-21 13:15:00,8,3,21,13,15,290,19,"., SAINT VINCENT DE PAUL",,,Plein jour,En agglomération,Hors intersection,Normale,Trois véhicules et plus - collisions multiples,,,,,,,,,,,1,2,1,1,5
200800012076,0008-03-21 22:00:00,8,3,21,22,0,290,19,"16, ARMORIQUE (DE 1 A 51",,,Nuit avec éclairage allumé,En agglomération,Hors intersection,Pluie légère,Autre collision,,,,,,,,,,,5,2,1,2,6
200800012077,0008-03-26 21:00:00,8,3,26,21,0,290,19,"., BOURGELAT CLAUDE",,,Nuit avec éclairage allumé,En agglomération,Intersection en X,Normale,Autre collision,,,,,,,,,,,5,2,2,1,6
200800012078,0008-03-27 08:30:00,8,3,27,8,30,290,19,"., TREPOS PIERRE",,,Plein jour,En agglomération,Hors intersection,Normale,Autre collision,,,,,,,,,,,1,2,1,1,6
200800012079,0008-03-28 13:45:00,8,3,28,13,45,290,19,DUPUY DE LOME (DE 34 ET,,,Plein jour,En agglomération,Hors intersection,Normale,Trois véhicules et plus - collisions multiples,,,,,,,,,,,1,2,1,1,5
200800012080,0008-03-28 15:15:00,8,3,28,15,15,290,19,"., MELOU GEORGES (DE 1 A",,,Plein jour,En agglomération,Hors intersection,Normale,Deux véhicules - frontale,,,,,,,,,,,1,2,1,1,1
200800012081,0008-03-29 14:45:00,8,3,29,14,45,290,19,"., GOUESNOU (DE 1 A 29 E",,,Plein jour,En agglomération,Hors intersection,Normale,Deux véhicules - frontale,,,,,,,,,,,1,2,1,1,1
200800012082,0008-03-31 20:50:00,8,3,31,20,50,290,19,"., BRUAT (DE 1 A 23 ET 2",,,Crépuscule ou aube,En agglomération,Intersection en X,Normale,Deux véhicules - côté,,,,,,,,,,,2,2,2,1,3
200800012083,0008-03-05 17:30:00,8,3,5,17,30,290,151,BEAUMONT (COURS),,,Plein jour,En agglomération,Intersection en Y,Normale,Deux véhicules - côté,,,,,,,,,,,1,2,4,1,3
200800012084,0008-03-11 09:00:00,8,3,11,9,0,290,254,SAINTE SEVE (ROUTE DE ),,,Plein jour,En agglomération,Hors intersection,Pluie légère,Deux véhicules - côté,,,,,,,,,,,1,2,1,2,3
200800012085,0008-03-23 09:50:00,8,3,23,9,50,290,254,ROUTE NATIONALE 12,,,Plein jour,Hors agglomération,Hors intersection,Neige / grêle,Sans collision,,,,,,,,,,,1,1,1,4,7
200800012086,0008-03-28 07:40:00,8,3,28,7,40,290,151,EXPRESS RN 12 (VOIE),,,Plein jour,Hors agglomération,Hors intersection,Pluie légère,Sans collision,,,,,,,,,,,1,1,1,2,7
200800012087,0008-03-11 01:35:00,8,3,11,1,35,290,151,"., COSQUER",,,Nuit sans éclairage public,En agglomération,Hors intersection,Pluie forte,Autre collision,,,,,,,,,,,3,2,1,3,6
200800012088,0008-03-01 19:00:00,8,3,1,19,0,290,51,"0, CORAY ROUTE DE",,,Crépuscule ou aube,Hors agglomération,Hors intersection,Normale,Autre collision,,,,,,,,,,,2,1,1,1,6
200800012089,0008-03-02 15:40:00,8,3,2,15,40,290,232,"4, DOUVES RUE DES",,,Plein jour,En agglomération,Hors intersection,Normale,Autre collision,,,,,,,,,,,1,2,1,1,6
200800012090,0008-03-03 18:00:00,8,3,3,18,0,290,232,TOURBIE PLACE DE LA,,,Plein jour,En agglomération,Hors intersection,Normale,Autre collision,,,,,,,,,,,1,2,1,1,6
200800012091,0008-03-05 09:40:00,8,3,5,9,40,290,232,"23, BRIAND  ARISTIDE RUE",,,Plein jour,En agglomération,Hors intersection,Normale,Autre collision,,,,,,,,,,,1,2,1,1,6
200800012092,0008-03-10 09:30:00,8,3,10,9,30,290,232,"., FRANCE LIBRE  AVENUE",,,Plein jour,En agglomération,Hors intersection,Normale,Autre collision,,,,,,,,,,,1,2,1,1,6
200800012093,0008-03-05 16:00:00,8,3,5,16,0,300,28,"1, LACOMBE (BOULEVARD TH",,,Plein jour,En agglomération,Hors intersection,Normale,Autre collision,,,,,,,,,,,1,2,1,1,6
200800012094,0008-03-17 17:45:00,8,3,17,17,45,300,28,"6086, ROUTE DE PONT SAIN",,,Plein jour,En agglomération,Hors intersection,Normale,Deux véhicules - côté,,,,,,,,,,,1,2,1,1,3
200800012095,0008-03-02 15:40:00,8,3,2,15,40,300,32,ROUTE DE BELLEGARDE (C.D,,,Plein jour,Hors agglomération,Hors intersection,Normale,Sans collision,,,,,,,,,,,1,1,1,1,7
200800012096,0008-03-12 18:55:00,8,3,12,18,55,300,32,GENESTET (Lieu-Dit),,,Nuit avec éclairage allumé,En agglomération,Autre intersection,Normale,Deux véhicules - côté,,,,,,,,,,,5,2,9,1,3
200800012097,0008-03-13 15:15:00,8,3,13,15,15,300,32,MOLIERE,,,Plein jour,En agglomération,Intersection en X,Normale,Deux véhicules - côté,,,,,,,,,,,1,2,2,1,3
200800012098,0008-03-16 19:30:00,8,3,16,19,30,300,32,LEDRU ROLLIN,,,Crépuscule ou aube,En agglomération,Hors intersection,Normale,Autre collision,,,,,,,,,,,2,2,1,1,6
200800012099,0008-03-22 19:15:00,8,3,22,19,15,300,32,ROUTE DE FOURQUES,,,Nuit sans éclairage public,Hors agglomération,Hors intersection,Normale,Sans collision,,,,,,,,,,,3,1,1,1,7
200800012100,0008-03-23 21:30:00,8,3,23,21,30,300,32,HENRIOT,,,Nuit avec éclairage allumé,En agglomération,Hors intersection,Normale,Autre collision,,,,,,,,,,,5,2,1,1,6
200800012101,0008-03-01 19:10:00,8,3,1,19,10,300,189,"., POMPIDOU GEORGES (AVE",43.83473,4.34791,Nuit avec éclairage allumé,En agglomération,Intersection en T,Normale,Deux véhicules - côté,,,,,,,,,,,5,2,3,1,3
200800012102,0008-03-02 11:25:00,8,3,2,11,25,300,189,"58, JAURES JEAN (BOULEVA",43.8329,4.35136,Plein jour,En agglomération,Intersection en X,Normale,Sans collision,,,,,,,,,,,1,2,2,1,7
200800012103,0008-03-03 12:44:00,8,3,3,12,44,300,189,"0000, LALO (RUE)",43.84671,4.38698,Plein jour,En agglomération,Intersection en T,Normale,Sans collision,,,,,,,,,,,1,2,3,1,7
200800012104,0008-03-03 15:45:00,8,3,3,15,45,300,189,"11, SANGNIER MARC (RUE)",43.82336,4.34685,Plein jour,En agglomération,Hors intersection,Normale,Sans collision,,,,,,,,,,,1,2,1,1,7
200800012105,0008-03-04 10:56:00,8,3,4,10,56,300,189,"0000, ALLENDE SALVADOR (",,,Plein jour,En agglomération,Hors intersection,Normale,Deux véhicules - côté,,,,,,,,,,,1,2,1,1,3
200800012106,0008-03-04 10:58:00,8,3,4,10,58,300,189,"108, UZES (ROUTE D')",,,Plein jour,En agglomération,Hors intersection,Normale,Deux véhicules - arrière,,,,,,,,,,,1,2,1,1,2
200800012107,0008-03-04 10:59:00,8,3,4,10,59,300,189,"., DAYAN GEORGES (AVENUE",,,Plein jour,En agglomération,Intersection en X,Normale,Deux véhicules - arrière,,,,,,,,,,,1,2,2,1,2
200800012108,0008-03-04 13:10:00,8,3,4,13,10,300,189,"106, FRANCAIS LIBRES (BD",43.82331,4.34668,Plein jour,En agglomération,Hors intersection,Normale,Sans collision,,,,,,,,,,,1,2,1,1,7
200800012109,0008-03-04 16:20:00,8,3,4,16,20,300,189,PRAGUE (BOULEVARD),43.83453,4.36308,Plein jour,En agglomération,Intersection en X,Normale,Deux véhicules - arrière,,,,,,,,,,,1,2,2,1,2
200800012110,0008-03-05 08:24:00,8,3,5,8,24,300,189,"., PONT DES ILES (CHEMIN",,,Plein jour,En agglomération,Hors intersection,Vent fort / tempête,Autre collision,,,,,,,,,,,1,2,1,6,6
200800012111,0008-03-05 20:41:00,8,3,5,20,41,300,189,"0000, PAINLEVE PAUL (RUE",43.8362,4.3734,Nuit avec éclairage allumé,En agglomération,Intersection en T,Vent fort / tempête,Deux véhicules - côté,,,,,,,,,,,5,2,3,6,3
200800012112,0008-03-06 11:00:00,8,3,6,11,0,300,189,"., GUIZOT (RUE)",43.83978,4.35772,Plein jour,En agglomération,Hors intersection,Normale,Sans collision,,,,,,,,,,,1,2,1,1,7
200800012113,0008-03-06 12:06:00,8,3,6,12,6,300,189,"., GUILLEMETTE (RUE)",43.83973,4.35764,Plein jour,En agglomération,Intersection en T,Normale,Deux véhicules - côté,,,,,,,,,,,1,2,3,1,3
200800012114,0008-03-07 17:00:00,8,3,7,17,0,300,189,"., 1* DIVISION FRANCAISE",43.82373,4.32754,Plein jour,En agglomération,Giratoire,Normale,Sans collision,,,,,,,,,,,1,2,6,1,7
200800012115,0008-03-09 05:50:00,8,3,9,5,50,300,189,"., PERRIER GENERAL (RUE)",,,Crépuscule ou aube,En agglomération,Intersection en T,Normale,Deux véhicules - côté,,,,,,,,,,,2,2,3,1,3
200800012116,0008-03-09 19:55:00,8,3,9,19,55,300,189,"., ANCIENNE GARE (ROUTE)",43.82524,4.35406,Nuit avec éclairage allumé,En agglomération,Intersection en X,Pluie légère,Deux véhicules - côté,,,,,,,,,,,5,2,2,2,3
200800012117,0008-03-09 22:18:00,8,3,9,22,18,300,189,"., ALES (ROUTE)",43.90337,4.39451,Nuit sans éclairage public,En agglomération,Hors intersection,Autre,Autre collision,,,,,,,,,,,3,2,1,9,6
200800012118,0008-03-10 13:20:00,8,3,10,13,20,300,189,"., SOUFFLOT (RUE)",43.8357,4.41718,Plein jour,En agglomération,Intersection en T,Normale,Sans collision,,,,,,,,,,,1,2,3,1,7
200800012119,0008-03-11 15:57:00,8,3,11,15,57,300,189,"., JEAN YVES COUSTEAU RO",43.82443,4.37003,Plein jour,En agglomération,Giratoire,Normale,Trois véhicules et plus - en chaîne,,,,,,,,,,,1,2,6,1,4
200800012120,0008-03-12 07:44:00,8,3,12,7,44,300,189,"., MAS DE CHEYLON",43.80517,4.33662,Plein jour,En agglomération,Intersection en X,Normale,Deux véhicules - côté,,,,,,,,,,,1,2,2,1,3
200800012121,0008-03-12 09:24:00,8,3,12,9,24,300,189,BOUVINE (AVENUE),43.8272,4.3608,Plein jour,En agglomération,Hors intersection,Normale,Deux véhicules - arrière,,,,,,,,,,,1,2,1,1,2
200800012122,0008-03-12 20:23:00,8,3,12,20,23,300,189,"0000, KENNEDY (AVENUE)",43.83205,4.34711,Nuit avec éclairage allumé,En agglomération,Hors intersection,Normale,Autre collision,,,,,,,,,,,5,2,1,1,6
200800012123,0008-03-13 08:10:00,8,3,13,8,10,300,189,"482, PAVLOV (AVENUE)",43.81408,4.31537,Plein jour,En agglomération,Hors intersection,Normale,Autre collision,,,,,,,,,,,1,2,1,1,6
200800012124,0008-03-13 18:23:00,8,3,13,18,23,300,189,"0000, KENNEDY (AVENUE)",43.82057,4.3227,Plein jour,En agglomération,Hors intersection,Normale,Deux véhicules - arrière,,,,,,,,,,,1,2,1,1,2
200800012125,0008-03-14 01:10:00,8,3,14,1,10,300,189,"20, ALES (ROUTE)",43.83869,4.34272,Nuit avec éclairage allumé,En agglomération,Hors intersection,Normale,Sans collision,,,,,,,,,,,5,2,1,1,7
200800012126,0008-03-15 03:25:00,8,3,15,3,25,300,189,ARENES (BOULEVARD),43.83425,4.35937,Nuit avec éclairage allumé,En agglomération,Hors intersection,Autre,Sans collision,,,,,,,,,,,5,2,1,9,7
200800012127,0008-03-15 17:00:00,8,3,15,17,0,300,189,"49, LECLERC GENERAL (AVE",43.82674,4.36126,Plein jour,En agglomération,Hors intersection,Normale,Deux véhicules - arrière,,,,,,,,,,,1,2,1,1,2
200800012128,0008-03-16 05:05:00,8,3,16,5,5,300,189,"0000, SCHUMAN ROBERT (RU",48.81093,4.36365,Nuit avec éclairage allumé,Hors agglomération,Giratoire,Normale,Autre collision,,,,,,,,,,,5,1,6,1,6
200800012129,0008-03-19 12:00:00,8,3,19,12,0,300,189,"13, VERONE (RUE)",43.82712,4.36284,Plein jour,En agglomération,Hors intersection,Normale,Deux véhicules - côté,,,,,,,,,,,1,2,1,1,3
200800012130,0008-03-20 17:28:00,8,3,20,17,28,300,189,"., KENNEDY (AVENUE)",,,Plein jour,En agglomération,Hors intersection,Normale,Deux véhicules - côté,,,,,,,,,,,1,2,1,1,3
200800012131,0008-03-21 14:53:00,8,3,21,14,53,300,189,LIBERTE (AVENUE),43.82072,4.35732,Plein jour,En agglomération,Hors intersection,Normale,Trois véhicules et plus - en chaîne,,,,,,,,,,,1,2,1,1,4
200800012132,0008-03-25 21:30:00,8,3,25,21,30,300,189,AVIGNON (ROUTE),43.85904,4.41591,Nuit sans éclairage public,En agglomération,Hors intersection,Normale,Sans collision,,,,,,,,,,,3,2,1,1,7
200800012133,0008-03-27 08:45:00,8,3,27,8,45,300,189,"67, REPUBLIQUE (RUE)",43.82928,4.35599,Plein jour,En agglomération,Hors intersection,Normale,Autre collision,,,,,,,,,,,1,2,1,1,6
200800012134,0008-03-27 16:14:00,8,3,27,16,14,300,189,MARECHAL JUIN (BOULEVARD,43.82159,4.34871,Plein jour,En agglomération,Autre intersection,Normale,Deux véhicules - côté,,,,,,,,,,,1,2,9,1,3
200800012135,0008-03-28 16:00:00,8,3,28,16,0,300,189,"00000, FOREZ (RUE)",,,Plein jour,En agglomération,Intersection en X,Normale,Deux véhicules - côté,,,,,,,,,,,1,2,2,1,3
200800012136,0008-03-31 06:30:00,8,3,31,6,30,300,189,"., BRICONNET (RUE)",43.83449,4.35122,Nuit avec éclairage allumé,En agglomération,Intersection en X,Pluie légère,Deux véhicules - côté,,,,,,,,,,,5,2,2,2,3
200800012137,0008-03-31 09:25:00,8,3,31,9,25,300,189,RUSSAN (CHEMIN OU ROUTE),43.85375,4.36085,Plein jour,En agglomération,Intersection en Y,Pluie légère,Deux véhicules - frontale,,,,,,,,,,,1,2,4,2,1
200800012138,0008-03-08 01:20:00,8,3,8,1,20,300,351,"5, JOFFRE RUE",,,Nuit avec éclairage allumé,En agglomération,Hors intersection,Vent fort / tempête,Autre collision,,,,,,,,,,,5,2,1,6,6
200800012139,0008-03-09 09:30:00,8,3,9,9,30,300,11,"1135, MIDI BOULEVARD DU",,,Plein jour,Hors agglomération,Hors intersection,Normale,Deux véhicules - frontale,,,,,,,,,,,1,1,1,1,1
200800012140,0008-03-11 11:30:00,8,3,11,11,30,300,11,CD2,,,Plein jour,Hors agglomération,Hors intersection,Pluie légère,Trois véhicules et plus - collisions multiples,,,,,,,,,,,1,1,1,2,5
200800012141,0008-03-11 11:15:00,8,3,11,11,15,310,69,"36, CORNEBARRIEU (AV DE)",,,Plein jour,En agglomération,Intersection en X,Pluie légère,Deux véhicules - côté,,,,,,,,,,,1,2,2,2,3
200800012142,0008-03-10 13:45:00,8,3,10,13,45,310,69,route departementale 902,,,Plein jour,Hors agglomération,Hors intersection,Pluie légère,Deux véhicules - arrière,,,,,,,,,,,1,1,1,2,2
200800012143,0008-03-31 14:10:00,8,3,31,14,10,310,69,"6 BIS, PLAN DU PORT (LE)",,,Plein jour,En agglomération,Giratoire,Normale,Deux véhicules - côté,,,,,,,,,,,1,2,6,1,3
200800012144,0008-03-06 18:40:00,8,3,6,18,40,310,149,"999, HUGO (BOULEVARD VIC",,,Crépuscule ou aube,En agglomération,Hors intersection,Normale,Autre collision,,,,,,,,,,,2,2,1,1,6
200800012145,0008-03-18 14:20:00,8,3,18,14,20,310,149,"999, PIBRAC (ROUTE DE)",,,Plein jour,En agglomération,Intersection en X,Normale,Autre collision,,,,,,,,,,,1,2,2,1,6
200800012146,0008-03-01 17:25:00,8,3,1,17,25,310,483,MONTAGUT HENRI (AVENUE),,,Plein jour,En agglomération,Hors intersection,Normale,Sans collision,,,,,,,,,,,1,2,1,1,7
200800012147,0008-03-12 08:45:00,8,3,12,8,45,310,483,ARRIEU ANSELME (AVENUE),,,Plein jour,En agglomération,Intersection en X,Normale,Deux véhicules - côté,,,,,,,,,,,1,2,2,1,3
200800012148,0008-03-22 10:35:00,8,3,22,10,35,310,483,D 5,,,Plein jour,Hors agglomération,Hors intersection,Pluie légère,Sans collision,,,,,,,,,,,1,1,1,2,7
200800012149,0008-03-01 17:50:00,8,3,1,17,50,310,555,"999, BD DE BONREPOS",,,Plein jour,En agglomération,Hors intersection,Normale,Autre collision,,,,,,,,,,,1,2,1,1,6
200800012150,0008-03-01 21:40:00,8,3,1,21,40,310,555,"226, AV DE MURET",,,Nuit avec éclairage allumé,En agglomération,Hors intersection,Normale,Autre collision,,,,,,,,,,,5,2,1,1,6
200800012151,0008-03-02 15:30:00,8,3,2,15,30,310,555,VA007566 MONTAUDRAN A61,,,Plein jour,Hors agglomération,Hors intersection,Normale,Deux véhicules - côté,,,,,,,,,,,1,1,1,1,3
200800012152,0008-03-03 08:00:00,8,3,3,8,0,310,555,"999, RUE DE NEGRENEYS",,,Plein jour,En agglomération,Hors intersection,Temps couvert,Trois véhicules et plus - en chaîne,,,,,,,,,,,1,2,1,8,4
200800012153,0008-03-03 10:30:00,8,3,3,10,30,310,555,"999, CHE DE GABARDIE",,,Plein jour,En agglomération,Hors intersection,Temps couvert,Autre collision,,,,,,,,,,,1,2,1,8,6
200800012154,0008-03-03 07:40:00,8,3,3,7,40,310,555,"38, RUE DE CUGNAUX",,,Plein jour,En agglomération,Hors intersection,Normale,Deux véhicules - côté,,,,,,,,,,,1,2,1,1,3
200800012155,0008-03-03 12:40:00,8,3,3,12,40,310,555,VA007313 LE CHAPITRE A64,,,Plein jour,Hors agglomération,Hors intersection,Normale,Deux véhicules - côté,,,,,,,,,,,1,1,1,1,3
200800012156,0008-03-04 10:50:00,8,3,4,10,50,310,555,VA007323 BORDELONGUE A64,,,Plein jour,Hors agglomération,Hors intersection,Normale,Autre collision,,,,,,,,,,,1,1,1,1,6
200800012157,0008-03-04 12:05:00,8,3,4,12,5,310,555,"2, RUE DE METZ",,,Plein jour,En agglomération,Hors intersection,Pluie légère,Autre collision,,,,,,,,,,,1,2,1,2,6
200800012158,0008-03-04 17:00:00,8,3,4,17,0,310,555,VA007418 PONT JUMEAUX A6,,,Plein jour,Hors agglomération,Hors intersection,Normale,Deux véhicules - arrière,,,,,,,,,,,1,1,1,1,2
200800012159,0008-03-06 08:10:00,8,3,6,8,10,310,555,"23, AV JEAN RIEUX",,,Plein jour,En agglomération,Hors intersection,Normale,Deux véhicules - côté,,,,,,,,,,,1,2,1,1,3
200800012160,0008-03-07 18:10:00,8,3,7,18,10,310,555,"999, RTE DE SAINT SIMON",,,Plein jour,En agglomération,Hors intersection,Temps couvert,Deux véhicules - côté,,,,,,,,,,,1,2,1,8,3
200800012161,0008-03-08 14:40:00,8,3,8,14,40,310,555,"96, RUE SAINT ROCH",,,Plein jour,En agglomération,Intersection en T,Normale,Deux véhicules - côté,,,,,,,,,,,1,2,3,1,3
200800012162,0008-03-08 12:05:00,8,3,8,12,5,310,555,"338, RTE DE SEYSSES",,,Plein jour,En agglomération,Hors intersection,Normale,Autre collision,,,,,,,,,,,1,2,1,1,6
200800012163,0008-03-10 06:20:00,8,3,10,6,20,310,555,VA007493 LES IZARDS A62,,,Nuit avec éclairage allumé,Hors agglomération,Hors intersection,Normale,Deux véhicules - arrière,,,,,,,,,,,5,1,1,1,2
200800012164,0008-03-10 07:25:00,8,3,10,7,25,310,555,"999, RUE DU POLE",,,Plein jour,En agglomération,Hors intersection,Normale,Deux véhicules - côté,,,,,,,,,,,1,2,1,1,3
200800012165,0008-03-10 09:05:00,8,3,10,9,5,310,555,"999, R-PT DU DR MAURICE",,,Plein jour,En agglomération,Giratoire,Normale,Deux véhicules - côté,,,,,,,,,,,1,2,6,1,3
200800012166,0008-03-11 07:04:00,8,3,11,7,4,310,555,"999, AV JEAN ZAY",,,Crépuscule ou aube,En agglomération,Hors intersection,Pluie légère,Deux véhicules - arrière,,,,,,,,,,,2,2,1,2,2
200800012167,0008-03-11 08:30:00,8,3,11,8,30,310,555,"13, CHE DES ETROITS",,,Plein jour,En agglomération,Hors intersection,Pluie légère,Trois véhicules et plus - en chaîne,,,,,,,,,,,1,2,1,2,4
200800012168,0008-03-11 09:05:00,8,3,11,9,5,310,149,ECHANGEUR ST MARTIN (A62,,,Plein jour,Hors agglomération,Hors intersection,Pluie légère,Deux véhicules - arrière,,,,,,,,,,,1,1,1,2,2
200800012169,0008-03-11 09:35:00,8,3,11,9,35,310,555,"28, AV ETIENNE BILLIERES",,,Plein jour,En agglomération,Hors intersection,Pluie légère,Deux véhicules - arrière,,,,,,,,,,,1,2,1,2,2
200800012170,0008-03-11 14:00:00,8,3,11,14,0,310,555,"8, RUE DU POIDS DE L HUI",,,Plein jour,En agglomération,Hors intersection,Pluie légère,Autre collision,,,,,,,,,,,1,2,1,2,6
200800012171,0008-03-12 06:00:00,8,3,12,6,0,310,555,"999, VOIE DU TOEC",,,Nuit avec éclairage allumé,En agglomération,Intersection en T,Normale,Deux véhicules - côté,,,,,,,,,,,5,2,3,1,3
200800012172,0008-03-12 08:40:00,8,3,12,8,40,310,555,VA007306 A64,,,Plein jour,Hors agglomération,Hors intersection,Normale,Deux véhicules - arrière,,,,,,,,,,,1,1,1,1,2
200800012173,0008-03-12 17:40:00,8,3,12,17,40,310,555,"999, BD D ARCOLE",,,Plein jour,En agglomération,Hors intersection,Normale,Deux véhicules - côté,,,,,,,,,,,1,2,1,1,3
200800012174,0008-03-12 18:33:00,8,3,12,18,33,310,555,"999, ALL CHARLES DE FITT",,,Crépuscule ou aube,En agglomération,Hors intersection,Normale,Trois véhicules et plus - en chaîne,,,,,,,,,,,2,2,1,1,4
200800012175,0008-03-13 13:04:00,8,3,13,13,4,310,555,VA007554 LASBORDES A61 S,,,Plein jour,Hors agglomération,Hors intersection,Normale,Deux véhicules - côté,,,,,,,,,,,1,1,1,1,3
200800012176,0008-03-13 13:40:00,8,3,13,13,40,310,555,"89, ALL CHARLES DE FITTE",,,Plein jour,En agglomération,Hors intersection,Normale,Deux véhicules - côté,,,,,,,,,,,1,2,1,1,3
200800012177,0008-03-13 23:18:00,8,3,13,23,18,310,555,"999, RPT DU 21 SEPTEMBRE",,,Nuit avec éclairage allumé,En agglomération,Intersection en X,Normale,Deux véhicules - côté,,,,,,,,,,,5,2,2,1,3
200800012178,0008-03-14 04:06:00,8,3,14,4,6,310,555,"42, PORT SAINT ETIENNE",,,Nuit avec éclairage allumé,En agglomération,Hors intersection,Normale,Autre collision,,,,,,,,,,,5,2,1,1,6
200800012179,0008-03-14 03:40:00,8,3,14,3,40,310,555,VA007554 LASBORDES A61 S,,,Nuit avec éclairage allumé,Hors agglomération,Hors intersection,Normale,Autre collision,,,,,,,,,,,5,1,1,1,6
200800012180,0008-03-15 06:40:00,8,3,15,6,40,310,555,"999, RUE PIERRE CAZENEUV",,,Crépuscule ou aube,En agglomération,Intersection en T,Normale,Deux véhicules - arrière,,,,,,,,,,,2,2,3,1,2
200800012181,0008-03-16 05:15:00,8,3,16,5,15,310,555,"999, PONT DE LA CROIX DE",,,Nuit avec éclairage allumé,En agglomération,Hors intersection,Temps couvert,Autre collision,,,,,,,,,,,5,2,1,8,6
200800012182,0008-03-14 08:05:00,8,3,14,8,5,310,555,VA007598 LESPINET A620 S,,,Plein jour,Hors agglomération,Hors intersection,Normale,Trois véhicules et plus - en chaîne,,,,,,,,,,,1,1,1,1,4
200800012183,0008-03-14 17:20:00,8,3,14,17,20,310,555,VA007342 LA CEPIERE  A62,,,Plein jour,Hors agglomération,Hors intersection,Normale,Deux véhicules - côté,,,,,,,,,,,1,1,1,1,3
200800012184,0008-03-17 12:05:00,8,3,17,12,5,310,555,"999, BD D ARCOLE",,,Plein jour,En agglomération,Hors intersection,Normale,Deux véhicules - côté,,,,,,,,,,,1,2,1,1,3
200800012185,0008-03-17 17:20:00,8,3,17,17,20,310,555,"999, RUE SAINTE MARIE",,,Plein jour,En agglomération,Intersection en T,Normale,Deux véhicules - côté,,,,,,,,,,,1,2,3,1,3
200800012186,0008-03-17 23:45:00,8,3,17,23,45,310,69,"999, GRAND NOBLE (PORTE",,,Nuit avec éclairage allumé,En agglomération,Hors intersection,Normale,Autre collision,,,,,,,,,,,5,2,1,1,6
200800012187,0008-03-18 14:00:00,8,3,18,14,0,310,555,"64, RUE BENJAMIN BAILLAU",,,Plein jour,En agglomération,Hors intersection,Normale,Autre collision,,,,,,,,,,,1,2,1,1,6
200800012188,0008-03-18 14:20:00,8,3,18,14,20,310,555,"999, AV LOUIS BAZERQUE",,,Plein jour,En agglomération,Hors intersection,Normale,Autre collision,,,,,,,,,,,1,2,1,1,6