accident_id,datetime,annee,mois,jour,heure,minute,departement,commune_insee,adresse,latitude,longitude,luminosite,agglomeration,intersection,meteo,collision,nb_vehicules,nb_usagers,nb_indemnes,nb_tues,nb_blesses_hosp,nb_blesses_legers,age_cond_1,age_cond_2,veh_type_cond_1,veh_type_cond_2,lum_code,agg_code,int_code,atm_code,col_code
200800012452,0008-03-20 18:45:00,8,3,20,18,45,360,44,"238, CHATELLERAULT (DE)",,,Plein jour,En agglomération,Hors intersection,Normale,Deux véhicules - côté,,,,,,,,,,,1,2,1,1,3
200800012453,0008-03-24 15:12:00,8,3,24,15,12,360,159,CHENAIE (ROUTE) R.D. N°,,,Plein jour,Hors agglomération,Intersection en X,Temps couvert,Deux véhicules - côté,,,,,,,,,,,1,1,2,8,3
200800012454,0008-03-06 16:34:00,8,3,6,16,34,360,44,"150 bis, DENIS (BD ST)",,,Plein jour,En agglomération,Hors intersection,Normale,Autre collision,,,,,,,,,,,1,2,1,1,6
200800012455,0008-03-14 17:00:00,8,3,14,17,0,360,44,CAZALA (ROGER),,,Plein jour,En agglomération,Intersection en T,Normale,Autre collision,,,,,,,,,,,1,2,3,1,6
200800012456,0008-03-15 12:30:00,8,3,15,12,30,360,202,ROUTE DEPARTEMENTALE 143,,,Plein jour,Hors agglomération,Hors intersection,Normale,Autre collision,,,,,,,,,,,1,1,1,1,6
200800012457,0008-03-15 12:25:00,8,3,15,12,25,360,44,DAUPHINE,,,Plein jour,En agglomération,Intersection en T,Normale,Deux véhicules - côté,,,,,,,,,,,1,2,3,1,3
200800012458,0008-03-15 16:25:00,8,3,15,16,25,360,44,"180, CHATELLERAULT (DE)",,,Plein jour,En agglomération,Hors intersection,Normale,Deux véhicules - côté,,,,,,,,,,,1,2,1,1,3
200800012459,0008-03-17 20:00:00,8,3,17,20,0,360,44,CHATRE (AV DE LA) DU 324,,,Nuit avec éclairage allumé,En agglomération,Intersection en T,Pluie légère,Deux véhicules - côté,,,,,,,,,,,5,2,3,2,3
200800012460,0008-03-20 18:15:00,8,3,20,18,15,360,44,COLOMBIER (DU),,,Plein jour,En agglomération,Intersection en T,Normale,Deux véhicules - côté,,,,,,,,,,,1,2,3,1,3
200800012461,0008-03-31 19:30:00,8,3,31,19,30,360,44,"13, DENIS (BD ST)",,,Plein jour,En agglomération,Intersection en T,Normale,Deux véhicules - côté,,,,,,,,,,,1,2,3,1,3
200800012462,0008-03-01 17:35:00,8,3,1,17,35,370,195,MAIRIE (RUE DE LA),,,Plein jour,En agglomération,Intersection en T,Normale,Autre collision,,,,,,,,,,,1,2,3,1,6
200800012463,0008-03-04 17:25:00,8,3,4,17,25,370,122,PONT VOLANT (RUE DU),,,Plein jour,En agglomération,Intersection en T,Normale,Deux véhicules - côté,,,,,,,,,,,1,2,3,1,3
200800012464,0008-03-03 14:20:00,8,3,3,14,20,370,261,PLAT D'ETAIN (RUE DU),,,Plein jour,En agglomération,Intersection en X,Normale,Deux véhicules - frontale,,,,,,,,,,,1,2,2,1,1
200800012465,0008-03-05 07:10:00,8,3,5,7,10,370,261,MARNE (CARREFOUR DE LA),,,Plein jour,En agglomération,Intersection en X,Normale,Deux véhicules - arrière,,,,,,,,,,,1,2,2,1,2
200800012466,0008-03-05 20:20:00,8,3,5,20,20,370,261,EUROPE (AVENUE DE L'),,,Nuit avec éclairage allumé,En agglomération,Hors intersection,Normale,Deux véhicules - côté,,,,,,,,,,,5,2,1,1,3
200800012467,0008-03-11 21:00:00,8,3,11,21,0,370,261,BOYER (RUE LEON),,,Nuit avec éclairage allumé,En agglomération,Intersection en X,Pluie légère,Deux véhicules - côté,,,,,,,,,,,5,2,2,2,3
200800012468,0008-03-16 00:50:00,8,3,16,0,50,370,261,WAGNER (BOULEVARD RICHAR,,,Nuit avec éclairage non allumé,En agglomération,Hors intersection,Pluie légère,Autre collision,,,,,,,,,,,4,2,1,2,6
200800012469,0008-03-10 14:40:00,8,3,10,14,40,370,261,", VAILLANT (RUE EDOUARD)",,,Plein jour,En agglomération,Intersection en T,Normale,Deux véhicules - côté,,,,,,,,,,,1,2,3,1,3
200800012470,0008-03-12 19:55:00,8,3,12,19,55,370,261,PREUILLY (BOULEVARD),,,Nuit avec éclairage allumé,En agglomération,Intersection en T,Normale,Autre collision,,,,,,,,,,,5,2,3,1,6
200800012471,0008-03-14 17:55:00,8,3,14,17,55,370,261,EIFFEL (AVENUE GUSTAVE),,,Plein jour,Hors agglomération,Hors intersection,Normale,Sans collision,,,,,,,,,,,1,1,1,1,7
200800012472,0008-03-25 21:20:00,8,3,25,21,20,370,261,TRANCHEE (AVENUE DE LA),,,Nuit avec éclairage allumé,En agglomération,Intersection en X,Normale,Deux véhicules - côté,,,,,,,,,,,5,2,2,1,3
200800012473,0008-03-26 17:10:00,8,3,26,17,10,370,214,VOISIN (BOULEVARD ANDRE-,,,Plein jour,En agglomération,Giratoire,Pluie forte,Deux véhicules - arrière,,,,,,,,,,,1,2,6,3,2
200800012474,0008-03-21 12:10:00,8,3,21,12,10,370,261,"96, BEAUJARDIN (RUE DE)",,,Plein jour,En agglomération,Hors intersection,Normale,Autre collision,,,,,,,,,,,1,2,1,1,6
200800012475,0008-03-27 16:30:00,8,3,27,16,30,370,261,"3, HEURTELOUP (BOULEVARD",,,Plein jour,En agglomération,Hors intersection,Normale,Autre collision,,,,,,,,,,,1,2,1,1,6
200800012476,0008-03-27 17:25:00,8,3,27,17,25,370,261,"4, CHURCHILL (BOULEVARD",,,Plein jour,En agglomération,Hors intersection,Normale,Deux véhicules - côté,,,,,,,,,,,1,2,1,1,3
200800012477,0008-03-29 10:30:00,8,3,29,10,30,370,122,"16, CHINON (BOULEVARD DE",,,Plein jour,En agglomération,Hors intersection,Normale,Autre collision,,,,,,,,,,,1,2,1,1,6
200800012478,0008-03-17 12:25:00,8,3,17,12,25,370,195,CHER (LEVEE DU),,,Plein jour,Hors agglomération,Hors intersection,Normale,Deux véhicules - côté,,,,,,,,,,,1,1,1,1,3
200800012479,0008-03-31 01:45:00,8,3,31,1,45,370,261,PREUILLY (BOULEVARD),,,Nuit avec éclairage allumé,En agglomération,Intersection en X,Normale,Deux véhicules - côté,,,,,,,,,,,5,2,2,1,3
200800012480,0008-03-19 19:15:00,8,3,19,19,15,380,53,"35, SAINT MICHEL (BLD)",,,Nuit avec éclairage allumé,En agglomération,Hors intersection,Normale,Deux véhicules - côté,,,,,,,,,,,5,2,1,1,3
200800012481,0008-03-23 18:40:00,8,3,23,18,40,380,53,GRENOBLE (ROUTE DE),,,Plein jour,En agglomération,Intersection en T,Normale,Trois véhicules et plus - collisions multiples,,,,,,,,,,,1,2,3,1,5
200800012482,0008-03-05 16:10:00,8,3,5,16,10,380,185,"10, RUE ARISTIDE BERGÈS",,,Plein jour,En agglomération,Hors intersection,Normale,Autre collision,,,,,,,,,,,1,2,1,1,6
200800012483,0008-03-05 18:50:00,8,3,5,18,50,380,185,"00, AVENUE EDMOND ESMONI",,,Nuit avec éclairage allumé,En agglomération,Hors intersection,Normale,Deux véhicules - arrière,,,,,,,,,,,5,2,1,1,2
200800012484,0008-03-06 17:35:00,8,3,6,17,35,380,421,"00, RUE HENRI WALLON",,,Plein jour,En agglomération,Intersection en X,Normale,Deux véhicules - côté,,,,,,,,,,,1,2,2,1,3
200800012485,0008-03-07 08:45:00,8,3,7,8,45,380,185,"00, RUE GUY DE MAUPASSAN",,,Plein jour,En agglomération,Intersection en T,Normale,Deux véhicules - côté,,,,,,,,,,,1,2,3,1,3
200800012486,0008-03-08 15:45:00,8,3,8,15,45,380,185,"15, ROUTE DE LYON",,,Plein jour,En agglomération,Hors intersection,Normale,Deux véhicules - côté,,,,,,,,,,,1,2,1,1,3
200800012487,0008-03-08 17:50:00,8,3,8,17,50,380,185,"0, RUE MALLIFAUD",,,Plein jour,En agglomération,Hors intersection,Normale,Deux véhicules - côté,,,,,,,,,,,1,2,1,1,3
200800012488,0008-03-10 08:35:00,8,3,10,8,35,380,185,"54, AVENUE FÉLIX VIALLET",,,Plein jour,En agglomération,Hors intersection,Normale,Autre collision,,,,,,,,,,,1,2,1,1,6
200800012489,0008-03-11 09:50:00,8,3,11,9,50,380,185,99 VOIE NON IDENTIFIEE,,,Plein jour,Hors agglomération,Hors intersection,Pluie légère,Trois véhicules et plus - en chaîne,,,,,,,,,,,1,1,1,2,4
200800012490,0008-03-11 14:20:00,8,3,11,14,20,380,185,"00, BOULEVARD GAMBETTA",,,Plein jour,En agglomération,Intersection en X,Normale,Deux véhicules - côté,,,,,,,,,,,1,2,2,1,3
200800012491,0008-03-11 16:50:00,8,3,11,16,50,380,421,"20, RUE HONORÉ DE BALZAC",,,Plein jour,En agglomération,Hors intersection,Normale,Autre collision,,,,,,,,,,,1,2,1,1,6
200800012492,0008-03-12 00:05:00,8,3,12,0,5,380,185,"00, RUE ALPHAND",,,Nuit avec éclairage allumé,En agglomération,Hors intersection,Normale,Deux véhicules - frontale,,,,,,,,,,,5,2,1,1,1
200800012493,0008-03-13 03:37:00,8,3,13,3,37,380,382,99 VOIE NON IDENTIFIEE,,,Nuit sans éclairage public,Hors agglomération,Hors intersection,Normale,Autre collision,,,,,,,,,,,3,1,1,1,6
200800012494,0008-03-14 13:45:00,8,3,14,13,45,380,169,"00, BOULEVARD JOLIOT-CUR",,,Plein jour,En agglomération,Hors intersection,Normale,Autre collision,,,,,,,,,,,1,2,1,1,6
200800012495,0008-03-14 13:50:00,8,3,14,13,50,380,423,"00, AVENUE GÉNÉRAL LECLE",,,Plein jour,Hors agglomération,Autre intersection,Normale,Deux véhicules - côté,,,,,,,,,,,1,1,9,1,3
200800012496,0008-03-15 12:45:00,8,3,15,12,45,380,179,"00, AVENUE D'URIAGE",,,Plein jour,Hors agglomération,Hors intersection,Normale,Deux véhicules - frontale,,,,,,,,,,,1,1,1,1,1
200800012497,0008-03-16 00:30:00,8,3,16,0,30,380,185,"00, COURS JEAN JAURÈS",,,Nuit avec éclairage allumé,En agglomération,Hors intersection,Pluie forte,Autre collision,,,,,,,,,,,5,2,1,3,6
200800012498,0008-03-16 21:10:00,8,3,16,21,10,380,185,"00, AVENUE DES JEUX OLYM",,,Nuit avec éclairage allumé,En agglomération,Hors intersection,Pluie légère,Deux véhicules - côté,,,,,,,,,,,5,2,1,2,3
200800012499,0008-03-17 07:24:00,8,3,17,7,24,380,179,"7, RUE DE LA LIBÉRATION",,,Plein jour,En agglomération,Intersection en X,Pluie légère,Deux véhicules - côté,,,,,,,,,,,1,2,2,2,3
200800012500,0008-03-17 12:40:00,8,3,17,12,40,380,151,"00, RUE DE BRETAGNE",,,Plein jour,En agglomération,Hors intersection,Pluie légère,Autre collision,,,,,,,,,,,1,2,1,2,6
200800012501,0008-03-18 18:00:00,8,3,18,18,0,380,421,"00, RUE DU PRÉ RUFFIER",,,Plein jour,En agglomération,Hors intersection,Normale,Deux véhicules - côté,,,,,,,,,,,1,2,1,1,3
200800012502,0008-03-19 12:50:00,8,3,19,12,50,380,185,"00, AVENUE PAUL COCAT",,,Plein jour,En agglomération,Intersection en X,Normale,Deux véhicules - côté,,,,,,,,,,,1,2,2,1,3
200800012503,0008-03-19 14:25:00,8,3,19,14,25,380,185,"64, RUE DE STALINGRAD",,,Plein jour,En agglomération,Hors intersection,Normale,Deux véhicules - arrière,,,,,,,,,,,1,2,1,1,2
200800012504,0008-03-20 17:35:00,8,3,20,17,35,380,185,"00, BOULEVARD AGUTTE SEM",,,Plein jour,En agglomération,Hors intersection,Normale,Autre collision,,,,,,,,,,,1,2,1,1,6
200800012505,0008-03-22 15:45:00,8,3,22,15,45,380,151,"00, ROND-POINT PIERRE ET",,,Plein jour,En agglomération,Hors intersection,Pluie légère,Deux véhicules - arrière,,,,,,,,,,,1,2,1,2,2
200800012506,0008-03-25 11:30:00,8,3,25,11,30,380,185,"00, RUE LACHMANN",,,Plein jour,En agglomération,Hors intersection,Normale,Autre collision,,,,,,,,,,,1,2,1,1,6
200800012507,0008-03-27 11:20:00,8,3,27,11,20,380,185,"00, COURS DE LA LIBÉRATI",,,Plein jour,En agglomération,Hors intersection,Normale,Autre collision,,,,,,,,,,,1,2,1,1,6
200800012508,0008-03-28 14:15:00,8,3,28,14,15,380,421,"00, RUE MARÉCHAL JOFFRE",,,Plein jour,En agglomération,Intersection en X,Normale,Deux véhicules - côté,,,,,,,,,,,1,2,2,1,3
200800012509,0008-03-27 18:50:00,8,3,27,18,50,380,544,"69, ST MARCEL(MONTEE)",,,Nuit avec éclairage allumé,En agglomération,Hors intersection,Normale,Deux véhicules - frontale,,,,,,,,,,,5,2,1,1,1
200800012510,0008-03-23 20:15:00,8,3,23,20,15,380,563,"213, VERDIN (MONTEE DU)",,,Nuit avec éclairage allumé,Hors agglomération,Hors intersection,Pluie légère,Deux véhicules - côté,,,,,,,,,,,5,1,1,2,3
200800012511,0008-03-07 16:45:00,8,3,7,16,45,400,88,LAURENS (RUE JOSEPH DE),,,Plein jour,En agglomération,Hors intersection,Normale,Autre collision,,,,,,,,,,,1,2,1,1,6
200800012512,0008-03-08 04:55:00,8,3,8,4,55,400,88,SAINT-VINCENT DE PAUL (A,,,Nuit avec éclairage non allumé,En agglomération,Hors intersection,Temps couvert,Deux véhicules - côté,,,,,,,,,,,4,2,1,8,3
200800012513,0008-03-09 17:00:00,8,3,9,17,0,400,88,MANOIR (BOULEVARD YVES D,,,Plein jour,En agglomération,Hors intersection,Temps couvert,Deux véhicules - côté,,,,,,,,,,,1,2,1,8,3
200800012514,0008-03-09 05:05:00,8,3,9,5,5,400,192,JUIN (V DU MARECHAL),,,Nuit avec éclairage allumé,En agglomération,Hors intersection,Normale,Sans collision,,,,,,,,,,,5,2,1,1,7
200800012515,0008-03-30 23:40:00,8,3,30,23,40,400,281,"1219, SAINT-SEVER (AV DE",,,Plein jour,En agglomération,Hors intersection,Normale,Sans collision,,,,,,,,,,,1,2,1,1,7
200800012516,0008-03-04 18:20:00,8,3,4,18,20,410,18,SAUSSAYE (QUAI DE LA),,,Plein jour,Hors agglomération,Hors intersection,Normale,Deux véhicules - côté,,,,,,,,,,,1,1,1,1,3
200800012517,0008-03-05 18:05:00,8,3,5,18,5,410,18,INDUSTRIE (BOULEVARD DE,,,Plein jour,En agglomération,Hors intersection,Normale,Trois véhicules et plus - en chaîne,,,,,,,,,,,1,2,1,1,4
200800012518,0008-03-05 22:30:00,8,3,5,22,30,410,18,D174,,,Nuit sans éclairage public,En agglomération,Hors intersection,Normale,Autre collision,,,,,,,,,,,3,2,1,1,6
200800012519,0008-03-09 17:00:00,8,3,9,17,0,410,18,D174,,,Plein jour,Hors agglomération,Hors intersection,Normale,Deux véhicules - frontale,,,,,,,,,,,1,1,1,1,1
200800012520,0008-03-07 13:26:00,8,3,7,13,26,410,18,RIFFAULT (RUE EUGENE),,,Plein jour,En agglomération,Hors intersection,Normale,Autre collision,,,,,,,,,,,1,2,1,1,6
200800012521,0008-03-11 11:50:00,8,3,11,11,50,410,18,GENTIL (BOULEVARD RENE),,,Plein jour,En agglomération,Intersection en T,Normale,Deux véhicules - côté,,,,,,,,,,,1,2,3,1,3
200800012522,0008-03-11 09:50:00,8,3,11,9,50,410,18,CROIX-ROUGE (RUE DE LA),,,Plein jour,En agglomération,Hors intersection,Pluie légère,Deux véhicules - arrière,,,,,,,,,,,1,2,1,2,2
200800012523,0008-03-10 08:58:00,8,3,10,8,58,410,212,NATIONALE (ROUTE),,,Plein jour,En agglomération,Hors intersection,Pluie forte,Trois véhicules et plus - en chaîne,,,,,,,,,,,1,2,1,3,4
200800012524,0008-03-18 17:30:00,8,3,18,17,30,410,212,NATIONALE (ROUTE),,,Plein jour,En agglomération,Intersection en X,Normale,Deux véhicules - côté,,,,,,,,,,,1,2,2,1,3
200800012525,0008-03-19 17:45:00,8,3,19,17,45,410,18,MAUNOURY (AVENUE DU MARE,,,Plein jour,En agglomération,Hors intersection,Normale,Autre collision,,,,,,,,,,,1,2,1,1,6
200800012526,0008-03-22 01:25:00,8,3,22,1,25,410,18,SAINT-JEAN (QUAI),,,Nuit avec éclairage allumé,En agglomération,Hors intersection,Normale,Deux véhicules - côté,,,,,,,,,,,5,2,1,1,3
200800012527,0008-03-20 16:50:00,8,3,20,16,50,410,18,VILLEBOIS-MAREUIL (QUAI),,,Plein jour,En agglomération,Hors intersection,Normale,Autre collision,,,,,,,,,,,1,2,1,1,6
200800012528,0008-03-23 11:40:00,8,3,23,11,40,410,18,EUROPE (AVENUE DE L')  N,,,Plein jour,En agglomération,Hors intersection,Normale,Autre collision,,,,,,,,,,,1,2,1,1,6
200800012529,0008-03-25 16:50:00,8,3,25,16,50,410,18,MEDICIS (AVENUE),,,Plein jour,En agglomération,Hors intersection,Normale,Deux véhicules - côté,,,,,,,,,,,1,2,1,1,3
200800012530,0008-03-26 16:37:00,8,3,26,16,37,410,18,VENDOME (AVENUE DE),,,Plein jour,En agglomération,Hors intersection,Pluie légère,Deux véhicules - arrière,,,,,,,,,,,1,2,1,2,2
200800012531,0008-03-28 17:15:00,8,3,28,17,15,410,18,PINCONNIERE (AVENUE DE L,,,Plein jour,En agglomération,Hors intersection,Temps couvert,Deux véhicules - arrière,,,,,,,,,,,1,2,1,8,2
200800012532,0008-03-31 18:05:00,8,3,31,18,5,410,212,D 956,,,Plein jour,En agglomération,Hors intersection,Normale,Trois véhicules et plus - en chaîne,,,,,,,,,,,1,2,1,1,4
200800012533,0008-03-02 15:20:00,8,3,2,15,20,420,183,"39 BIS, PONS (RUE JEAN-M",45.2395,4.22585,Plein jour,En agglomération,Hors intersection,Normale,Autre collision,,,,,,,,,,,1,2,1,1,6
200800012534,0008-03-03 13:35:00,8,3,3,13,35,420,95,CD 3,45.23819,4.17386,Plein jour,En agglomération,Hors intersection,Normale,Autre collision,,,,,,,,,,,1,2,1,1,6
200800012535,0008-03-18 17:40:00,8,3,18,17,40,420,95,CD 3,45.23952,4.17437,Plein jour,En agglomération,Hors intersection,Normale,Autre collision,,,,,,,,,,,1,2,1,1,6
200800012536,0008-03-01 15:20:00,8,3,1,15,20,420,127,CORNEILLE PIERRE (RUE),,,Plein jour,En agglomération,Hors intersection,Normale,Autre collision,,,,,,,,,,,1,2,1,1,6
200800012537,0008-03-06 20:50:00,8,3,6,20,50,420,71,"137, LIBERATION (AVENUE",46.02412,4.08718,Nuit avec éclairage allumé,En agglomération,Intersection en T,Normale,Deux véhicules - côté,,,,,,,,,,,5,2,3,1,3
200800012538,0008-03-07 09:50:00,8,3,7,9,50,420,184,SAINT-ALBAN (RUE DE),,,Plein jour,En agglomération,Intersection en T,Normale,Deux véhicules - frontale,,,,,,,,,,,1,2,3,1,1
200800012539,0008-03-07 16:40:00,8,3,7,16,40,420,184,"22, IFFLANDER  ALBRECHT",,,Plein jour,En agglomération,Intersection en T,Normale,Deux véhicules - arrière,,,,,,,,,,,1,2,3,1,2
200800012540,0008-03-11 17:10:00,8,3,11,17,10,420,187,ARRAS (BOULEVARD D'),,,Plein jour,En agglomération,Intersection en T,Pluie légère,Trois véhicules et plus - collisions multiples,,,,,,,,,,,1,2,3,2,5
200800012541,0008-03-12 17:15:00,8,3,12,17,15,420,184,"20, ADER CLEMENT (RUE)",,,Plein jour,En agglomération,Hors intersection,Pluie légère,Deux véhicules - côté,,,,,,,,,,,1,2,1,2,3
200800012542,0008-03-12 17:40:00,8,3,12,17,40,420,187,"20, REPUBLIQUE (COUR DE",,,Plein jour,En agglomération,Hors intersection,Normale,Deux véhicules - arrière,,,,,,,,,,,1,2,1,1,2
200800012543,0008-03-13 19:45:00,8,3,13,19,45,420,187,"1 TER, MULSANT (RUE)",,,Crépuscule ou aube,En agglomération,Hors intersection,Normale,Autre collision,,,,,,,,,,,2,2,1,1,6
200800012544,0008-03-14 20:40:00,8,3,14,20,40,420,187,"20, ROUSSEAU (RUE JEAN J",,,Nuit avec éclairage allumé,En agglomération,Place,Normale,Deux véhicules - côté,,,,,,,,,,,5,2,7,1,3
200800012545,0008-03-16 21:07:00,8,3,16,21,7,420,184,"1, GALLIENI JOSEPH (AVEN",,,Nuit avec éclairage allumé,En agglomération,Hors intersection,Normale,Autre collision,,,,,,,,,,,5,2,1,1,6
200800012546,0008-03-17 07:15:00,8,3,17,7,15,420,170,"1, L'EQUARISSAGE (LIEU D",,,Plein jour,Hors agglomération,Hors intersection,Normale,Deux véhicules - côté,,,,,,,,,,,1,1,1,1,3
200800012547,0008-03-17 12:10:00,8,3,17,12,10,420,187,"1, MOULIN ( RUE JEAN)",,,Plein jour,En agglomération,Intersection en X,Normale,Deux véhicules - côté,,,,,,,,,,,1,2,2,1,3
200800012548,0008-03-24 11:02:00,8,3,24,11,2,420,187,CHARLIEU (RUE DE ),,,Plein jour,En agglomération,Hors intersection,Neige / grêle,Deux véhicules - côté,,,,,,,,,,,1,2,1,4,3
200800012549,0008-03-25 19:30:00,8,3,25,19,30,420,187,PARIS (AVENUE DE),,,Nuit avec éclairage non allumé,En agglomération,Intersection en X,Normale,Deux véhicules - côté,,,,,,,,,,,4,2,2,1,3
200800012550,0008-03-26 15:55:00,8,3,26,15,55,420,187,"5, NOELAS (Rue)",,,Plein jour,En agglomération,Hors intersection,Normale,Autre collision,,,,,,,,,,,1,2,1,1,6
200800012551,0008-03-06 13:30:00,8,3,6,13,30,420,207,"16, PILAT RUE DU",,,Plein jour,En agglomération,Hors intersection,Normale,Autre collision,,,,,,,,,,,1,2,1,1,6
200800012552,0008-03-07 17:15:00,8,3,7,17,15,420,207,"15, FERRY JULES AVENUE",,,Plein jour,En agglomération,Hors intersection,Normale,Deux véhicules - côté,,,,,,,,,,,1,2,1,1,3
200800012553,0008-03-14 17:15:00,8,3,14,17,15,420,207,"83, PETIN GAUDET RUE",,,Plein jour,En agglomération,Hors intersection,Normale,Deux véhicules - côté,,,,,,,,,,,1,2,1,1,3
200800012554,0008-03-11 13:30:00,8,3,11,13,30,420,207,LANGONNAND  ROUTE DE,,,Plein jour,En agglomération,Hors intersection,Pluie légère,Deux véhicules - côté,,,,,,,,,,,1,2,1,2,3
200800012555,0008-03-01 10:00:00,8,3,1,10,0,420,218,"22 bis, THIERRY AUGUSTIN",,,Plein jour,En agglomération,Hors intersection,Pluie légère,Autre collision,,,,,,,,,,,1,2,1,2,6
200800012556,0008-03-03 11:14:00,8,3,3,11,14,420,218,MENDES FRANCE PIERRE (BO,,,Plein jour,En agglomération,Intersection en X,Temps couvert,Deux véhicules - côté,,,,,,,,,,,1,2,2,8,3
200800012557,0008-03-04 12:02:00,8,3,4,12,2,420,218,"10, HOTEL DE VILLE (PLAC",,,Plein jour,En agglomération,Hors intersection,Normale,Autre collision,,,,,,,,,,,1,2,1,1,6
200800012558,0008-03-05 10:06:00,8,3,5,10,6,420,218,"34, FRAISSINETTE ALEXAND",,,Plein jour,En agglomération,Intersection en X,Normale,Deux véhicules - côté,,,,,,,,,,,1,2,2,1,3
200800012559,0008-03-09 10:15:00,8,3,9,10,15,420,218,JANIN JULES (BD) JUSQU'A,,,Plein jour,En agglomération,Intersection en T,Normale,Trois véhicules et plus - collisions multiples,,,,,,,,,,,1,2,3,1,5
200800012560,0008-03-07 19:55:00,8,3,7,19,55,420,218,"10 A, LASSAIGNE FAURIEL",,,Nuit sans éclairage public,En agglomération,Hors intersection,Pluie légère,Deux véhicules - côté,,,,,,,,,,,3,2,1,2,3
200800012561,0008-03-08 08:50:00,8,3,8,8,50,420,218,"face 89, DESTRE DOCTEUR",45.2641,4.25692,Plein jour,En agglomération,Intersection à plus de 4 branches,Temps couvert,Autre collision,,,,,,,,,,,1,2,5,8,6
200800012562,0008-03-09 17:40:00,8,3,9,17,40,420,275,TROIS GLORIEUSES,,,Plein jour,En agglomération,Intersection en T,Normale,Deux véhicules - côté,,,,,,,,,,,1,2,3,1,3
200800012563,0008-03-10 14:15:00,8,3,10,14,15,420,218,EVRARD FLORENT A PARTIR,45.25133,4.22554,Plein jour,En agglomération,Intersection en Y,Pluie légère,Deux véhicules - côté,,,,,,,,,,,1,2,4,2,3
200800012564,0008-03-08 15:00:00,8,3,8,15,0,420,223,ROCADE OUEST,,,Plein jour,Hors agglomération,Hors intersection,Temps couvert,Deux véhicules - arrière,,,,,,,,,,,1,1,1,8,2
200800012565,0008-03-12 16:20:00,8,3,12,16,20,420,218,"11, GOUTTEBARGE JO",,,Plein jour,En agglomération,Hors intersection,Normale,Autre collision,,,,,,,,,,,1,2,1,1,6
200800012566,0008-03-15 12:15:00,8,3,15,12,15,420,218,"57, JANIN JULES (BD) A P",,,Plein jour,En agglomération,Hors intersection,Normale,Autre collision,,,,,,,,,,,1,2,1,1,6
200800012567,0008-03-14 14:13:00,8,3,14,14,13,420,218,"17, MARTEL EDOUARD JUSQU",,,Plein jour,En agglomération,Hors intersection,Normale,Deux véhicules - arrière,,,,,,,,,,,1,2,1,1,2
200800012568,0008-03-15 10:15:00,8,3,15,10,15,420,218,TROIS MEULES (DES),,,Plein jour,En agglomération,Hors intersection,Normale,Autre collision,,,,,,,,,,,1,2,1,1,6
200800012569,0008-03-15 20:35:00,8,3,15,20,35,420,218,"IGNORE, BLANQUI",,,Nuit avec éclairage allumé,En agglomération,Intersection en X,Pluie forte,Autre collision,,,,,,,,,,,5,2,2,3,6
200800012570,0008-03-17 04:40:00,8,3,17,4,40,420,330,"2, COTE (CHEMIN)",,,Nuit avec éclairage allumé,En agglomération,Hors intersection,Normale,Deux véhicules - frontale,,,,,,,,,,,5,2,1,1,1
200800012571,0008-03-21 13:30:00,8,3,21,13,30,420,218,"44, MIMARD ETIENNE A PAR",,,Plein jour,En agglomération,Intersection en X,Autre,Autre collision,,,,,,,,,,,1,2,2,9,6
200800012572,0008-03-22 08:25:00,8,3,22,8,25,420,330,ARTISANAT,,,Plein jour,En agglomération,Intersection en T,Temps couvert,Deux véhicules - côté,,,,,,,,,,,1,2,3,8,3
200800012573,0008-03-25 15:08:00,8,3,25,15,8,420,218,"10, HUIT MAI 1945 (BOULE",,,Plein jour,En agglomération,Intersection en T,Normale,Deux véhicules - côté,,,,,,,,,,,1,2,3,1,3
200800012574,0008-03-22 12:05:00,8,3,22,12,5,420,218,"23, ECHAUGUETTE (ALLEE D",,,Plein jour,En agglomération,Intersection en T,Neige / grêle,Sans collision,,,,,,,,,,,1,2,3,4,7
200800012575,0008-03-28 18:14:00,8,3,28,18,14,420,218,"4, GRANGE DE L'OEUVRE",,,Plein jour,En agglomération,Hors intersection,Temps couvert,Deux véhicules - côté,,,,,,,,,,,1,2,1,8,3
200800012576,0008-03-29 17:35:00,8,3,29,17,35,420,218,ROOSEVELT FRANKLIN (SQUA,,,Plein jour,En agglomération,Giratoire,Normale,Sans collision,,,,,,,,,,,1,2,6,1,7
200800012577,0008-03-09 05:45:00,8,3,9,5,45,430,89,ERMITAGE (AVENUE DE L'),,,Nuit avec éclairage allumé,En agglomération,Hors intersection,Normale,Autre collision,,,,,,,,,,,5,2,1,1,6
200800012578,0008-03-15 05:00:00,8,3,15,5,0,430,251,MASSOT (RUE CHARLES),,,Nuit avec éclairage allumé,En agglomération,Hors intersection,Normale,Autre collision,,,,,,,,,,,5,2,1,1,6
200800012579,0008-03-05 09:16:00,8,3,5,9,16,440,132,GAULLE (AVENUE DU GÉNÉRA,,,Plein jour,En agglomération,Intersection en X,Normale,Deux véhicules - côté,,,,,,,,,,,1,2,2,1,3
200800012580,0008-03-18 08:00:00,8,3,18,8,0,440,132,SAINT SEBASTIEN (AVENUE,,,Plein jour,En agglomération,Intersection en X,Normale,Trois véhicules et plus - collisions multiples,,,,,,,,,,,1,2,2,1,5
200800012581,0008-03-19 16:10:00,8,3,19,16,10,440,132,"8, JEANNE D'ARC (AVENUE)",,,Plein jour,En agglomération,Hors intersection,Normale,Deux véhicules - côté,,,,,,,,,,,1,2,1,1,3
200800012582,0008-03-21 04:45:00,8,3,21,4,45,440,55,"137, LATTRE DE TASSIGNY",,,Nuit avec éclairage allumé,En agglomération,Hors intersection,Normale,Autre collision,,,,,,,,,,,5,2,1,1,6