accident_id,datetime,annee,mois,jour,heure,minute,departement,commune_insee,adresse,latitude,longitude,luminosite,agglomeration,intersection,meteo,collision,nb_vehicules,nb_usagers,nb_indemnes,nb_tues,nb_blesses_hosp,nb_blesses_legers,age_cond_1,age_cond_2,veh_type_cond_1,veh_type_cond_2,lum_code,agg_code,int_code,atm_code,col_code
200800012716,0008-03-01 14:16:00,8,3,1,14,16,500,129,"00, RESIDENCE LES FIQUET",,,Plein jour,En agglomération,Autre intersection,Normale,Deux véhicules - côté,,,,,,,,,,,1,2,9,1,3
200800012717,0008-03-01 15:20:00,8,3,1,15,20,500,602,"0, REPUBLIQUE (RUE DE LA",,,Plein jour,En agglomération,Intersection en T,Normale,Autre collision,,,,,,,,,,,1,2,3,1,6
200800012718,0008-03-02 22:40:00,8,3,2,22,40,500,129,"00, CARNOT (RUE SADI)",,,Nuit avec éclairage allumé,En agglomération,Hors intersection,Pluie légère,Sans collision,,,,,,,,,,,5,2,1,2,7
200800012719,0008-03-03 20:20:00,8,3,3,20,20,500,602,"0, BREQUECAL (RUE DE)",,,Nuit sans éclairage public,Hors agglomération,Hors intersection,Pluie légère,Trois véhicules et plus - collisions multiples,,,,,,,,,,,3,1,1,2,5
200800012720,0008-03-04 07:00:00,8,3,4,7,0,500,416,"00, D 901",,,Plein jour,Hors agglomération,Hors intersection,Normale,Sans collision,,,,,,,,,,,1,1,1,1,7
200800012721,0008-03-06 08:25:00,8,3,6,8,25,500,129,"0, PARIS (AVENUE DE)",,,Plein jour,En agglomération,Hors intersection,Normale,Trois véhicules et plus - en chaîne,,,,,,,,,,,1,2,1,1,4
200800012722,0008-03-06 14:00:00,8,3,6,14,0,500,129,"00, CALIGNY (QUAI DE)",,,Plein jour,En agglomération,Intersection en T,Normale,Sans collision,,,,,,,,,,,1,2,3,1,7
200800012723,0008-03-07 07:25:00,8,3,7,7,25,500,129,"0, BARBUSSE (RUE HENRI)",,,Nuit avec éclairage allumé,En agglomération,Hors intersection,Pluie légère,Deux véhicules - côté,,,,,,,,,,,5,2,1,2,3
200800012724,0008-03-08 12:00:00,8,3,8,12,0,500,173,"00, SURCOUF (RUE)",,,Plein jour,En agglomération,Intersection en T,Pluie légère,Deux véhicules - frontale,,,,,,,,,,,1,2,3,2,1
200800012725,0008-03-10 16:30:00,8,3,10,16,30,500,203,"0, Les Rouges Terres",,,Plein jour,En agglomération,Hors intersection,Pluie forte,Autre collision,,,,,,,,,,,1,2,1,3,6
200800012726,0008-03-12 20:00:00,8,3,12,20,0,500,129,"00, FOUACE (RUE GUILLAUM",,,Nuit avec éclairage allumé,En agglomération,Hors intersection,Pluie légère,Sans collision,,,,,,,,,,,5,2,1,2,7
200800012727,0008-03-14 15:40:00,8,3,14,15,40,500,129,ATLANTIQUE (BOULEVARD DE,,,Plein jour,En agglomération,Hors intersection,Normale,Autre collision,,,,,,,,,,,1,2,1,1,6
200800012728,0008-03-24 23:30:00,8,3,24,23,30,500,129,"00, SCHUMAN (BOULEVARD R",,,Nuit avec éclairage allumé,En agglomération,Intersection en X,Normale,Deux véhicules - côté,,,,,,,,,,,5,2,2,1,3
200800012729,0008-03-24 18:00:00,8,3,24,18,0,500,203,"0, MALRAUX (ROND POINT A",,,Plein jour,Hors agglomération,Hors intersection,Temps couvert,Deux véhicules - arrière,,,,,,,,,,,1,1,1,8,2
200800012730,0008-03-28 13:45:00,8,3,28,13,45,500,129,"00, LEMONNIER (AVENUE AM",,,Plein jour,En agglomération,Hors intersection,Pluie légère,Trois véhicules et plus - en chaîne,,,,,,,,,,,1,2,1,2,4
200800012731,0008-03-28 16:40:00,8,3,28,16,40,500,129,"0, POINCARE (AVENUE HENR",,,Plein jour,En agglomération,Hors intersection,Normale,Trois véhicules et plus - collisions multiples,,,,,,,,,,,1,2,1,1,5
200800012732,0008-03-30 09:45:00,8,3,30,9,45,500,129,"123, PARIS (AVENUE DE)",,,Plein jour,En agglomération,Hors intersection,Normale,Sans collision,,,,,,,,,,,1,2,1,1,7
200800012733,0008-03-28 13:50:00,8,3,28,13,50,500,147,D'ILKLEY,,,Plein jour,En agglomération,Hors intersection,Pluie légère,Deux véhicules - côté,,,,,,,,,,,1,2,1,2,3
200800012734,0008-03-01 18:30:00,8,3,1,18,30,500,218,"391, ECOLES (RUE DES)",,,Plein jour,En agglomération,Hors intersection,Normale,Deux véhicules - côté,,,,,,,,,,,1,2,1,1,3
200800012735,0008-03-13 23:06:00,8,3,13,23,6,500,218,"596, ECOLES (RUE DES)",,,Nuit avec éclairage allumé,En agglomération,Hors intersection,Normale,Autre collision,,,,,,,,,,,5,2,1,1,6
200800012736,0008-03-23 22:20:00,8,3,23,22,20,500,218,"10, MARECHAL LECLERC (AV",,,Nuit avec éclairage allumé,En agglomération,Giratoire,Pluie légère,Deux véhicules - côté,,,,,,,,,,,5,2,6,2,3
200800012737,0008-03-14 19:10:00,8,3,14,19,10,510,242,CD 5 (route de Fère Cham,,,Nuit sans éclairage public,Hors agglomération,Hors intersection,Pluie légère,Autre collision,,,,,,,,,,,3,1,1,2,6
200800012738,0008-03-19 16:10:00,8,3,19,16,10,510,108,"113, PARIS (AVE DE)",,,Plein jour,En agglomération,Hors intersection,Temps couvert,Sans collision,,,,,,,,,,,1,2,1,8,7
200800012739,0008-03-25 02:50:00,8,3,25,2,50,510,108,RN 44,,,Nuit avec éclairage allumé,Hors agglomération,Hors intersection,Neige / grêle,Autre collision,,,,,,,,,,,5,1,1,4,6
200800012740,0008-03-03 14:30:00,8,3,3,14,30,510,454,DE GAULLE (AVENUE DE GEN,,,Plein jour,En agglomération,Intersection en X,Normale,Autre collision,,,,,,,,,,,1,2,2,1,6
200800012741,0008-03-17 19:30:00,8,3,17,19,30,510,454,FOCH (BOULEVARD),,,Nuit avec éclairage allumé,En agglomération,Hors intersection,Normale,Autre collision,,,,,,,,,,,5,2,1,1,6
200800012742,0008-03-29 13:35:00,8,3,29,13,35,510,454,BOULINGRIN (PLACE DU),,,Plein jour,En agglomération,Hors intersection,Normale,Autre collision,,,,,,,,,,,1,2,1,1,6
200800012743,0008-03-06 11:00:00,8,3,6,11,0,520,121,"0, PATRONAGE LAIQUE (RUE",,,Plein jour,En agglomération,Intersection en T,Normale,Deux véhicules - côté,,,,,,,,,,,1,2,3,1,3
200800012744,0008-03-07 12:15:00,8,3,7,12,15,520,121,"40 bis, LECLERC (AVENUE",,,Plein jour,En agglomération,Hors intersection,Normale,Autre collision,,,,,,,,,,,1,2,1,1,6
200800012745,0008-03-10 10:21:00,8,3,10,10,21,520,121,"0, NEUILLY (ROUTE DE) R.",,,Plein jour,En agglomération,Hors intersection,Normale,Deux véhicules - frontale,,,,,,,,,,,1,2,1,1,1
200800012746,0008-03-18 08:32:00,8,3,18,8,32,520,121,"7, REPUBLIQUE (AVENUE)",,,Plein jour,En agglomération,Hors intersection,Normale,Trois véhicules et plus - en chaîne,,,,,,,,,,,1,2,1,1,4
200800012747,0008-03-22 10:10:00,8,3,22,10,10,520,121,R.D. 65,,,Plein jour,Hors agglomération,Hors intersection,Normale,Deux véhicules - frontale,,,,,,,,,,,1,1,1,1,1
200800012748,0008-03-24 19:00:00,8,3,24,19,0,520,121,RD 619,,,Nuit sans éclairage public,Hors agglomération,Hors intersection,Neige / grêle,Autre collision,,,,,,,,,,,3,1,1,4,6
200800012749,0008-03-26 16:12:00,8,3,26,16,12,520,121,GAMBETTA (BOULEVARD),,,Plein jour,En agglomération,Intersection en X,Temps couvert,Autre collision,,,,,,,,,,,1,2,2,8,6
200800012750,0008-03-01 05:15:00,8,3,1,5,15,520,121,R.D. 161,,,Nuit sans éclairage public,Hors agglomération,Hors intersection,Pluie légère,Sans collision,,,,,,,,,,,3,1,1,2,7
200800012751,0008-03-11 14:50:00,8,3,11,14,50,520,121,RD 674,,,Plein jour,En agglomération,Hors intersection,Pluie forte,Deux véhicules - frontale,,,,,,,,,,,1,2,1,3,1
200800012752,0008-03-12 19:10:00,8,3,12,19,10,520,121,"8, ALPHANDERY (RUE) PAIR",,,Nuit avec éclairage allumé,En agglomération,Hors intersection,Normale,Autre collision,,,,,,,,,,,5,2,1,1,6
200800012753,0008-03-09 18:40:00,8,3,9,18,40,520,448,REPUBLIQUE (AVE DE LA) N,,,Crépuscule ou aube,En agglomération,Hors intersection,Pluie forte,Autre collision,,,,,,,,,,,2,2,1,3,6
200800012754,0008-03-18 13:35:00,8,3,18,13,35,520,448,"19, MICHELET (RUE)",,,Plein jour,En agglomération,Hors intersection,Normale,Autre collision,,,,,,,,,,,1,2,1,1,6
200800012755,0008-03-25 11:50:00,8,3,25,11,50,520,448,"1, MAUGUET (RUE EMILE)",,,Plein jour,En agglomération,Hors intersection,Neige / grêle,Sans collision,,,,,,,,,,,1,2,1,4,7
200800012756,0008-03-13 19:30:00,8,3,13,19,30,530,54,RD 561 VERS LOUVERNE,,,Nuit avec éclairage allumé,Hors agglomération,Hors intersection,Normale,Deux véhicules - côté,,,,,,,,,,,5,1,1,1,3
200800012757,0008-03-28 20:35:00,8,3,28,20,35,530,54,FABRE-D'EGLANTINE ( RUE,,,Nuit avec éclairage allumé,En agglomération,Giratoire,Normale,Deux véhicules - côté,,,,,,,,,,,5,2,6,1,3
200800012758,0008-03-30 21:25:00,8,3,30,21,25,530,130,DU GUESCLIN ( BOULEVARD,,,Nuit avec éclairage allumé,En agglomération,Giratoire,Normale,Autre collision,,,,,,,,,,,5,2,6,1,6
200800012759,0008-03-20 18:30:00,8,3,20,18,30,540,36,139 (RD),,,Crépuscule ou aube,En agglomération,Intersection en T,Pluie légère,Deux véhicules - côté,,,,,,,,,,,2,2,3,2,3
200800012760,0008-03-06 13:15:00,8,3,6,13,15,540,273,"25, REPUBLIQUE (AVENUE D",,,Plein jour,En agglomération,Hors intersection,Normale,Autre collision,,,,,,,,,,,1,2,1,1,6
200800012761,0008-03-14 19:00:00,8,3,14,19,0,540,371,DEPARTEMENTALE 136,,,Crépuscule ou aube,Hors agglomération,Hors intersection,Normale,Deux véhicules - arrière,,,,,,,,,,,2,1,1,1,2
200800012762,0008-03-18 23:30:00,8,3,18,23,30,540,542,DEPARTEMENTALE 613,,,Nuit sans éclairage public,Hors agglomération,Intersection en X,Normale,Deux véhicules - côté,,,,,,,,,,,3,1,2,1,3
200800012763,0008-03-29 15:55:00,8,3,29,15,55,540,136,VERDUN (RUE DE),,,Plein jour,En agglomération,Intersection en T,Normale,Deux véhicules - côté,,,,,,,,,,,1,2,3,1,3
200800012764,0008-03-05 00:10:00,8,3,5,0,10,540,382,HUIT MAI 1945 (BOULEVARD,,,Nuit avec éclairage allumé,En agglomération,Intersection en X,Normale,Deux véhicules - côté,,,,,,,,,,,5,2,2,1,3
200800012765,0008-03-25 16:20:00,8,3,25,16,20,540,329,"3, BLD. GEORGES POMPIDOU",,,Plein jour,En agglomération,Intersection en X,Normale,Deux véhicules - côté,,,,,,,,,,,1,2,2,1,3
200800012766,0008-03-04 11:30:00,8,3,4,11,30,540,395,"14, POINCARE (RUE RAYMON",,,Plein jour,En agglomération,Intersection en T,Normale,Trois véhicules et plus - en chaîne,,,,,,,,,,,1,2,3,1,4
200800012767,0008-03-07 14:50:00,8,3,7,14,50,540,395,"1, PONTS (RUE DES 2 A 36",,,Plein jour,En agglomération,Intersection en X,Temps couvert,Autre collision,,,,,,,,,,,1,2,2,8,6
200800012768,0008-03-07 22:45:00,8,3,7,22,45,540,357,"1, SEILLE (RUE DE LA)",,,Nuit avec éclairage allumé,En agglomération,Hors intersection,Normale,Autre collision,,,,,,,,,,,5,2,1,1,6
200800012769,0008-03-08 15:20:00,8,3,8,15,20,540,304,"1, LUXEMBOURG (RUE DU)",,,Plein jour,En agglomération,Intersection en X,Normale,Deux véhicules - arrière,,,,,,,,,,,1,2,2,1,2
200800012770,0008-03-08 17:10:00,8,3,8,17,10,540,395,"1, MAZAGRAN (RUE)",,,Plein jour,En agglomération,Hors intersection,Normale,Sans collision,,,,,,,,,,,1,2,1,1,7
200800012771,0008-03-08 21:05:00,8,3,8,21,5,540,578,"1, BRABOIS (AVENUE DE)",,,Nuit avec éclairage allumé,En agglomération,Intersection en X,Normale,Deux véhicules - frontale,,,,,,,,,,,5,2,2,1,1
200800012772,0008-03-09 13:00:00,8,3,9,13,0,540,498,"1, VORINCOURT (ROUTE DE)",,,Plein jour,Hors agglomération,Hors intersection,Normale,Deux véhicules - frontale,,,,,,,,,,,1,1,1,1,1
200800012773,0008-03-09 14:15:00,8,3,9,14,15,540,395,"55, ARMEE PATTON (RUE DE",,,Plein jour,En agglomération,Intersection en X,Normale,Autre collision,,,,,,,,,,,1,2,2,1,6
200800012774,0008-03-10 07:40:00,8,3,10,7,40,540,547,"9, FORET DE HAYE (RUE DE",,,Plein jour,En agglomération,Hors intersection,Normale,Deux véhicules - côté,,,,,,,,,,,1,2,1,1,3
200800012775,0008-03-11 10:00:00,8,3,11,10,0,540,395,ARC (RUE JEANNE D' N°53,,,Plein jour,En agglomération,Intersection en X,Normale,Autre collision,,,,,,,,,,,1,2,2,1,6
200800012776,0008-03-12 12:10:00,8,3,12,12,10,540,547,"1, FORET DE HAYE (RUE DE",,,Plein jour,En agglomération,Intersection en X,Normale,Autre collision,,,,,,,,,,,1,2,2,1,6
200800012777,0008-03-13 11:40:00,8,3,13,11,40,540,395,"1, NABECOR (RUE DE)",,,Plein jour,En agglomération,Intersection en T,Normale,Deux véhicules - arrière,,,,,,,,,,,1,2,3,1,2
200800012778,0008-03-14 19:20:00,8,3,14,19,20,540,526,MILLENAIRE (BOULEVARD DU,,,Nuit avec éclairage allumé,En agglomération,Intersection en X,Pluie légère,Trois véhicules et plus - collisions multiples,,,,,,,,,,,5,2,2,2,5
200800012779,0008-03-17 19:27:00,8,3,17,19,27,540,274,"1, FAURE (RUE GABRIEL)",,,Nuit avec éclairage allumé,En agglomération,Intersection en Y,Normale,Deux véhicules - frontale,,,,,,,,,,,5,2,4,1,1
200800012780,0008-03-14 19:30:00,8,3,14,19,30,540,526,MILLENAIRE (BOULEVARD DU,,,Plein jour,Hors agglomération,Hors intersection,Normale,Deux véhicules - arrière,,,,,,,,,,,1,1,1,1,2
200800012781,0008-03-18 11:25:00,8,3,18,11,25,540,395,"13, CROSNE (RUE DU)",,,Plein jour,En agglomération,Hors intersection,Normale,Sans collision,,,,,,,,,,,1,2,1,1,7
200800012782,0008-03-19 18:00:00,8,3,19,18,0,540,395,PINCHARD (AVENUE OMBELLE,,,Plein jour,En agglomération,Intersection en T,Autre,Deux véhicules - côté,,,,,,,,,,,1,2,3,9,3
200800012783,0008-03-19 19:45:00,8,3,19,19,45,540,482,"17, FOCH (RUE DU MARECHA",,,Nuit avec éclairage allumé,En agglomération,Hors intersection,Normale,Deux véhicules - côté,,,,,,,,,,,5,2,1,1,3
200800012784,0008-03-30 18:30:00,8,3,30,18,30,540,395,"73, METZ (RUE DE)",,,Plein jour,En agglomération,Hors intersection,Normale,Deux véhicules - arrière,,,,,,,,,,,1,2,1,1,2
200800012785,0008-03-28 17:20:00,8,3,28,17,20,540,482,"55, CARNOT (AVENUE)",,,Plein jour,En agglomération,Hors intersection,Normale,Autre collision,,,,,,,,,,,1,2,1,1,6
200800012786,0008-03-18 19:40:00,8,3,18,19,40,540,431,ETATS-UNIS (AVENUE DES),,,Nuit avec éclairage allumé,En agglomération,Hors intersection,Normale,Deux véhicules - côté,,,,,,,,,,,5,2,1,1,3
200800012787,0008-03-29 10:40:00,8,3,29,10,40,540,167,RD400,,,Plein jour,Hors agglomération,Giratoire,Normale,Deux véhicules - côté,,,,,,,,,,,1,1,6,1,3
200800012788,0008-03-27 05:00:00,8,3,27,5,0,540,575,DEPARTEMENTAL 17 (CHEMIN,,,Nuit sans éclairage public,Hors agglomération,Hors intersection,Pluie légère,Autre collision,,,,,,,,,,,3,1,1,2,6
200800012789,0008-03-25 08:00:00,8,3,25,8,0,550,302,RN135,,,Plein jour,Hors agglomération,Hors intersection,Normale,Deux véhicules - arrière,,,,,,,,,,,1,1,1,1,2
200800012790,0008-03-26 18:05:00,8,3,26,18,5,550,302,"35, GRANDE RUE ( LA )",,,Plein jour,En agglomération,Hors intersection,Pluie légère,Deux véhicules - arrière,,,,,,,,,,,1,2,1,2,2
200800012791,0008-03-13 19:35:00,8,3,13,19,35,550,43,COLONEL DRIANT ( DU ),,,Nuit avec éclairage allumé,En agglomération,Giratoire,Pluie légère,Sans collision,,,,,,,,,,,5,2,6,2,7
200800012792,0008-03-01 00:50:00,8,3,1,0,50,560,121,GUIEYSSE (RUE  PAUL ),,,Nuit avec éclairage allumé,En agglomération,Intersection en X,Normale,Deux véhicules - côté,,,,,,,,,,,5,2,2,1,3
200800012793,0008-03-02 14:45:00,8,3,2,14,45,560,121,"25, KERGUESTENEN (RUE  D",,,Plein jour,En agglomération,Hors intersection,Pluie légère,Sans collision,,,,,,,,,,,1,2,1,2,7
200800012794,0008-03-04 15:12:00,8,3,4,15,12,560,83,"08, ALLENDE ( AV. PRES.",,,Plein jour,En agglomération,Hors intersection,Normale,Deux véhicules - côté,,,,,,,,,,,1,2,1,1,3
200800012795,0008-03-09 02:25:00,8,3,9,2,25,560,121,"., NORMANDIE ( BD ET IMP",,,Nuit avec éclairage allumé,En agglomération,Hors intersection,Normale,Sans collision,,,,,,,,,,,5,2,1,1,7
200800012796,0008-03-10 17:21:00,8,3,10,17,21,560,121,"., SCORFF ( BD DU )",,,Plein jour,En agglomération,Hors intersection,Vent fort / tempête,Autre collision,,,,,,,,,,,1,2,1,6,6
200800012797,0008-03-12 14:21:00,8,3,12,14,21,560,83,"., ZOLA ( IMP. ET RUE EM",,,Plein jour,En agglomération,Intersection en X,Normale,Deux véhicules - côté,,,,,,,,,,,1,2,2,1,3
200800012798,0008-03-13 16:41:00,8,3,13,16,41,560,121,"10, JOLIOT-CURIE (RUE  I",,,Crépuscule ou aube,En agglomération,Hors intersection,Normale,Autre collision,,,,,,,,,,,2,2,1,1,6
200800012799,0008-03-14 17:55:00,8,3,14,17,55,560,121,"45, BOUE-DE-LAPEYRERE (",,,Plein jour,En agglomération,Hors intersection,Normale,Deux véhicules - côté,,,,,,,,,,,1,2,1,1,3
200800012800,0008-03-21 10:19:00,8,3,21,10,19,560,121,"., FOCH (RUE  MARECHAL )",,,Plein jour,En agglomération,Hors intersection,Normale,Autre collision,,,,,,,,,,,1,2,1,1,6
200800012801,0008-03-21 11:04:00,8,3,21,11,4,560,162,"., DEPARTEMENTALE 162",,,Plein jour,Hors agglomération,Hors intersection,Normale,Sans collision,,,,,,,,,,,1,1,1,1,7
200800012802,0008-03-23 11:42:00,8,3,23,11,42,560,121,"., TOULLEC (RUE  FRANCOI",,,Plein jour,En agglomération,Hors intersection,Normale,Trois véhicules et plus - collisions multiples,,,,,,,,,,,1,2,1,1,5
200800012803,0008-03-26 13:10:00,8,3,26,13,10,560,121,"., ROUTE DEPARTEMENTALE",,,Plein jour,En agglomération,Hors intersection,Pluie légère,Sans collision,,,,,,,,,,,1,2,1,2,7
200800012804,0008-03-26 23:07:00,8,3,26,23,7,560,121,"49, KERGUILLETTE (RUE  D",,,Nuit avec éclairage allumé,En agglomération,Intersection en T,Pluie légère,Deux véhicules - côté,,,,,,,,,,,5,2,3,2,3
200800012805,0008-03-27 08:55:00,8,3,27,8,55,560,162,"., LARMOR (ROUTE DE)",,,Plein jour,Hors agglomération,Intersection en T,Pluie légère,Trois véhicules et plus - en chaîne,,,,,,,,,,,1,1,3,2,4
200800012806,0008-03-28 16:56:00,8,3,28,16,56,560,162,"., SAINTE  ANNE (RUE)",,,Plein jour,En agglomération,Hors intersection,Normale,Sans collision,,,,,,,,,,,1,2,1,1,7
200800012807,0008-03-28 19:36:00,8,3,28,19,36,560,121,"115, CARNOT (RUE  LAZARE",,,Crépuscule ou aube,En agglomération,Intersection en X,Normale,Deux véhicules - côté,,,,,,,,,,,2,2,2,1,3
200800012808,0008-03-29 12:58:00,8,3,29,12,58,560,121,ALGUES (RUE  DES ),,,Plein jour,En agglomération,Intersection en T,Normale,Deux véhicules - côté,,,,,,,,,,,1,2,3,1,3
200800012809,0008-03-30 23:20:00,8,3,30,23,20,560,121,"., ROUTE DEPARTEMENTALE",,,Nuit avec éclairage allumé,En agglomération,Hors intersection,Pluie légère,Trois véhicules et plus - en chaîne,,,,,,,,,,,5,2,1,2,4
200800012810,0008-03-30 23:35:00,8,3,30,23,35,560,121,"., ROUTE DEPARTEMENTALE",,,Nuit avec éclairage allumé,En agglomération,Hors intersection,Pluie forte,Deux véhicules - arrière,,,,,,,,,,,5,2,1,3,2
200800012811,0008-03-03 10:35:00,8,3,3,10,35,560,260,"., REPUBLIQUE(PLACE DE L",,,Plein jour,En agglomération,Hors intersection,Normale,Sans collision,,,,,,,,,,,1,2,1,1,7
200800012812,0008-03-13 07:35:00,8,3,13,7,35,560,260,"12, ARRADON(RUE JEROME D",,,Plein jour,En agglomération,Hors intersection,Temps couvert,Deux véhicules - arrière,,,,,,,,,,,1,2,1,8,2
200800012813,0008-03-13 12:15:00,8,3,13,12,15,560,260,"., BERTHELOT(RUE MARCELI",,,Plein jour,En agglomération,Hors intersection,Normale,Deux véhicules - arrière,,,,,,,,,,,1,2,1,1,2
200800012814,0008-03-15 14:50:00,8,3,15,14,50,560,260,RN 165 -SENS NANTES / LO,,,Plein jour,Hors agglomération,Hors intersection,Normale,Autre collision,,,,,,,,,,,1,1,1,1,6
200800012815,0008-03-14 11:40:00,8,3,14,11,40,560,260,GARE(GIRATOIRE DE LA),,,Plein jour,En agglomération,Giratoire,Normale,Deux véhicules - côté,,,,,,,,,,,1,2,6,1,3
200800012816,0008-03-16 20:20:00,8,3,16,20,20,560,260,"., TREHIOU(RUE MONSEIGNE",,,Nuit avec éclairage allumé,En agglomération,Intersection en X,Normale,Deux véhicules - côté,,,,,,,,,,,5,2,2,1,3
200800012817,0008-03-18 17:20:00,8,3,18,17,20,560,260,"., MARE(ALLEE DE LA)",,,Plein jour,En agglomération,Hors intersection,Normale,Deux véhicules - côté,,,,,,,,,,,1,2,1,1,3
200800012818,0008-03-31 17:25:00,8,3,31,17,25,560,260,"., CADORET(ALLEE DES FRE",,,Plein jour,En agglomération,Hors intersection,Normale,Autre collision,,,,,,,,,,,1,2,1,1,6
200800012819,0008-03-03 18:10:00,8,3,3,18,10,560,260,"., MARNE(AVENUE DE LA) M",,,Plein jour,En agglomération,Hors intersection,Normale,Autre collision,,,,,,,,,,,1,2,1,1,6
200800012820,0008-03-04 08:00:00,8,3,4,8,0,560,260,"20, CHURCHILL(RUE WINSTO",,,Plein jour,En agglomération,Hors intersection,Pluie légère,Deux véhicules - arrière,,,,,,,,,,,1,2,1,2,2
200800012821,0008-03-06 07:45:00,8,3,6,7,45,560,260,"., ROHAN(RUE DE)",,,Plein jour,En agglomération,Intersection en T,Normale,Deux véhicules - côté,,,,,,,,,,,1,2,3,1,3
200800012822,0008-03-08 17:30:00,8,3,8,17,30,560,260,"., CHATEAUBRIAND(RUE FRA",,,Plein jour,En agglomération,Intersection en X,Temps couvert,Autre collision,,,,,,,,,,,1,2,2,8,6
200800012823,0008-03-12 08:25:00,8,3,12,8,25,560,260,"., LIZIEC(GIRATOIRE DU)",,,Plein jour,En agglomération,Hors intersection,Normale,Autre collision,,,,,,,,,,,1,2,1,1,6
200800012824,0008-03-12 10:30:00,8,3,12,10,30,560,260,"., PAIX(BLD DE LA) 1 A 3",,,Plein jour,En agglomération,Intersection en X,Normale,Autre collision,,,,,,,,,,,1,2,2,1,6
200800012825,0008-03-12 15:30:00,8,3,12,15,30,560,260,"., RESISTANCE(BLD DE LA)",,,Plein jour,En agglomération,Hors intersection,Normale,Deux véhicules - arrière,,,,,,,,,,,1,2,1,1,2
200800012826,0008-03-14 16:40:00,8,3,14,16,40,560,260,"., MONSABERT(BOULEVARD D",,,Plein jour,En agglomération,Hors intersection,Normale,Trois véhicules et plus - en chaîne,,,,,,,,,,,1,2,1,1,4
200800012827,0008-03-18 13:25:00,8,3,18,13,25,560,260,"78, METZ(RUE DE)",,,Plein jour,En agglomération,Intersection en T,Normale,Deux véhicules - arrière,,,,,,,,,,,1,2,3,1,2
200800012828,0008-03-21 17:50:00,8,3,21,17,50,560,260,"., CLISCOUET(GIRATOIRE)",,,Plein jour,En agglomération,Giratoire,Temps éblouissant,Deux véhicules - côté,,,,,,,,,,,1,2,6,7,3
200800012829,0008-03-05 09:35:00,8,3,5,9,35,570,227,"98, NATIONALE(RUE) R.DLA",,,Plein jour,En agglomération,Intersection en T,Normale,Autre collision,,,,,,,,,,,1,2,3,1,6
200800012830,0008-03-28 12:13:00,8,3,28,12,13,570,227,ST REMY(AV.)R.DE LA CHAP,,,Plein jour,En agglomération,Hors intersection,Normale,Deux véhicules - arrière,,,,,,,,,,,1,2,1,1,2
200800012831,0008-03-08 21:00:00,8,3,8,21,0,570,240,CD 26,,,Nuit sans éclairage public,Hors agglomération,Hors intersection,Normale,Deux véhicules - frontale,,,,,,,,,,,3,1,1,1,1
200800012832,0008-03-04 14:50:00,8,3,4,14,50,570,591,RN 52,,,Plein jour,Hors agglomération,Hors intersection,Normale,Deux véhicules - frontale,,,,,,,,,,,1,1,1,1,1
200800012833,0008-03-16 19:25:00,8,3,16,19,25,570,597,CD9,,,Nuit sans éclairage public,Hors agglomération,Hors intersection,Pluie légère,Deux véhicules - frontale,,,,,,,,,,,3,1,1,2,1
200800012834,0008-03-22 20:00:00,8,3,22,20,0,570,491,"10, JOEUF (ROUTE DE)",,,Nuit avec éclairage allumé,En agglomération,Hors intersection,Pluie légère,Deux véhicules - frontale,,,,,,,,,,,5,2,1,2,1
200800012835,0008-03-13 17:00:00,8,3,13,17,0,570,591,POINCARE (RUE RAYMOND),,,Plein jour,En agglomération,Hors intersection,Pluie forte,Sans collision,,,,,,,,,,,1,2,1,3,7
200800012836,0008-03-03 06:05:00,8,3,3,6,5,570,463,"41, JULES LAGNEAU (RUE )",,,Plein jour,En agglomération,Intersection en X,Normale,Autre collision,,,,,,,,,,,1,2,2,1,6
200800012837,0008-03-05 14:25:00,8,3,5,14,25,570,751,"4, GENERAL MORLOT (RUE D",,,Plein jour,En agglomération,Hors intersection,Normale,Autre collision,,,,,,,,,,,1,2,1,1,6
200800012838,0008-03-09 12:20:00,8,3,9,12,20,570,447,"68, GANDHI (RUE)",,,Plein jour,En agglomération,Hors intersection,Normale,Sans collision,,,,,,,,,,,1,2,1,1,7
200800012839,0008-03-10 18:30:00,8,3,10,18,30,570,463,"00, ANDRE MALRAUX (AVENU",,,Crépuscule ou aube,En agglomération,Intersection en T,Autre,Sans collision,,,,,,,,,,,2,2,3,9,7
200800012840,0008-03-14 10:55:00,8,3,14,10,55,570,480,"75, PONT A MOUSSON (RUE",,,Plein jour,En agglomération,Intersection en T,Pluie légère,Deux véhicules - côté,,,,,,,,,,,1,2,3,2,3
200800012841,0008-03-22 09:30:00,8,3,22,9,30,570,751,"00, SAINT REMY",,,Plein jour,Hors agglomération,Hors intersection,Normale,Autre collision,,,,,,,,,,,1,1,1,1,6
200800012842,0008-03-29 16:10:00,8,3,29,16,10,570,751,377 EME REGIMENT U.S. (B,,,Plein jour,Hors agglomération,Hors intersection,Normale,Autre collision,,,,,,,,,,,1,1,1,1,6
200800012843,0008-03-30 14:45:00,8,3,30,14,45,570,631,"0, FAIENCERIES (BOULEVAR",,,Plein jour,En agglomération,Hors intersection,Normale,Deux véhicules - côté,,,,,,,,,,,1,2,1,1,3
200800012844,0008-03-01 18:30:00,8,3,1,18,30,570,672,MERLIN (ROND POINT),,,Crépuscule ou aube,En agglomération,Hors intersection,Vent fort / tempête,Deux véhicules - côté,,,,,,,,,,,2,2,1,6,3
200800012845,0008-03-02 06:00:00,8,3,2,6,0,570,672,VOLKRANGE (ROUTE DE),,,Nuit sans éclairage public,En agglomération,Hors intersection,Vent fort / tempête,Autre collision,,,,,,,,,,,3,2,1,6,6