accident_id,datetime,annee,mois,jour,heure,minute,departement,commune_insee,adresse,latitude,longitude,luminosite,agglomeration,intersection,meteo,collision,nb_vehicules,nb_usagers,nb_indemnes,nb_tues,nb_blesses_hosp,nb_blesses_legers,age_cond_1,age_cond_2,veh_type_cond_1,veh_type_cond_2,lum_code,agg_code,int_code,atm_code,col_code
200800013112,0008-03-17 16:40:00,8,3,17,16,40,630,164,CEBAZAT (ROUTE DE),,,Plein jour,Hors agglomération,Intersection en Y,Normale,Deux véhicules - arrière,,,,,,,,,,,1,1,4,1,2
200800013113,0008-03-19 19:40:00,8,3,19,19,40,630,164,"1, FRANCE (RUE ANATOLE)",,,Nuit avec éclairage allumé,En agglomération,Intersection en T,Neige / grêle,Deux véhicules - côté,,,,,,,,,,,5,2,3,4,3
200800013114,0008-03-01 17:25:00,8,3,1,17,25,630,300,"79, CLEMENTEL ETIENNE (B",,,Plein jour,En agglomération,Hors intersection,Normale,Autre collision,,,,,,,,,,,1,2,1,1,6
200800013115,0008-03-20 23:25:00,8,3,20,23,25,630,300,RD 83,,,Nuit sans éclairage public,Hors agglomération,Hors intersection,Pluie légère,Autre collision,,,,,,,,,,,3,1,1,2,6
200800013116,0008-03-02 14:38:00,8,3,2,14,38,640,102,COTE DU MOULIN,,,Plein jour,En agglomération,Hors intersection,Normale,Deux véhicules - arrière,,,,,,,,,,,1,2,1,1,2
200800013117,0008-03-04 18:40:00,8,3,4,18,40,640,24,"11, BAYONNE (AVENUE DE)",,,Crépuscule ou aube,En agglomération,Hors intersection,Neige / grêle,Deux véhicules - arrière,,,,,,,,,,,2,2,1,4,2
200800013118,0008-03-06 19:36:00,8,3,6,19,36,640,102,"., SOULT (AVENUE MARECHA",,,Nuit avec éclairage non allumé,En agglomération,Hors intersection,Normale,Sans collision,,,,,,,,,,,4,2,1,1,7
200800013119,0008-03-06 11:45:00,8,3,6,11,45,640,24,DOUANE (ROND POINT DE LA,,,Plein jour,En agglomération,Giratoire,Normale,Deux véhicules - côté,,,,,,,,,,,1,2,6,1,3
200800013120,0008-03-07 14:24:00,8,3,7,14,24,640,102,"., SAINT LEON (ROND POIN",,,Plein jour,En agglomération,Giratoire,Normale,Deux véhicules - côté,,,,,,,,,,,1,2,6,1,3
200800013121,0008-03-16 06:50:00,8,3,16,6,50,640,102,"., ARITXAGUE (BD D')",,,Nuit avec éclairage non allumé,En agglomération,Hors intersection,Pluie légère,Sans collision,,,,,,,,,,,4,2,1,2,7
200800013122,0008-03-17 10:00:00,8,3,17,10,0,640,102,"15, ALLEES MARINES (AVEN",,,Plein jour,En agglomération,Hors intersection,Normale,Deux véhicules - arrière,,,,,,,,,,,1,2,1,1,2
200800013123,0008-03-18 08:00:00,8,3,18,8,0,640,102,"., SOULT (AVENUE MARECHA",,,Plein jour,En agglomération,Hors intersection,Pluie forte,Trois véhicules et plus - collisions multiples,,,,,,,,,,,1,2,1,3,5
200800013124,0008-03-18 07:25:00,8,3,18,7,25,640,102,"., SOULT (AVENUE MARECHA",,,Plein jour,En agglomération,Intersection en T,Normale,Deux véhicules - côté,,,,,,,,,,,1,2,3,1,3
200800013125,0008-03-20 07:50:00,8,3,20,7,50,640,24,LAPORTE (AVENUE JEAN LEO,,,Plein jour,En agglomération,Giratoire,Normale,Sans collision,,,,,,,,,,,1,2,6,1,7
200800013126,0008-03-22 20:15:00,8,3,22,20,15,640,102,"58, ALSACE LORRAINE (BOU",,,Nuit avec éclairage non allumé,En agglomération,Hors intersection,Pluie forte,Autre collision,,,,,,,,,,,4,2,1,3,6
200800013127,0008-03-26 07:30:00,8,3,26,7,30,640,24,"16, PITOYS (ROUTE DE)",,,Plein jour,En agglomération,Hors intersection,Pluie légère,Deux véhicules - frontale,,,,,,,,,,,1,2,1,2,1
200800013128,0008-03-04 12:15:00,8,3,4,12,15,640,125,BAYONNE (AVENUE DE),,,Plein jour,En agglomération,Hors intersection,Pluie légère,Trois véhicules et plus - en chaîne,,,,,,,,,,,1,2,1,2,4
200800013129,0008-03-05 13:30:00,8,3,5,13,30,640,122,ALAN SEEGER (AVENUE),,,Plein jour,En agglomération,Hors intersection,Normale,Deux véhicules - côté,,,,,,,,,,,1,2,1,1,3
200800013130,0008-03-07 23:55:00,8,3,7,23,55,640,122,"""FOCH (AV, DU MARECHAL)""",,,Nuit avec éclairage allumé,En agglomération,Hors intersection,Pluie légère,Sans collision,,,,,,,,,,,5,2,1,2,7
200800013131,0008-03-07 19:20:00,8,3,7,19,20,640,122,"64, ""KENNEDY (AVENUE DU",,,Crépuscule ou aube,En agglomération,Hors intersection,Normale,Sans collision,,,,,,,,,,,2,2,1,1,7
200800013132,0008-03-12 07:30:00,8,3,12,7,30,640,122,"39, COULAOUN (AVENUE)",,,Plein jour,En agglomération,Hors intersection,Normale,Autre collision,,,,,,,,,,,1,2,1,1,6
200800013133,0008-03-12 09:28:00,8,3,12,9,28,640,122,"55, VERDUN (AVENUE DE)",,,Plein jour,En agglomération,Hors intersection,Normale,Autre collision,,,,,,,,,,,1,2,1,1,6
200800013134,0008-03-13 15:55:00,8,3,13,15,55,640,122,"., MOUSSE (ROND POINT DU",,,Plein jour,En agglomération,Hors intersection,Normale,Deux véhicules - arrière,,,,,,,,,,,1,2,1,1,2
200800013135,0008-03-13 18:35:00,8,3,13,18,35,640,122,"14, SEGURE ( IMPASSE -AV",,,Crépuscule ou aube,En agglomération,Hors intersection,Normale,Deux véhicules - côté,,,,,,,,,,,2,2,1,1,3
200800013136,0008-03-19 07:45:00,8,3,19,7,45,640,122,"., LUIS MARIANO (AVENUE-",,,Crépuscule ou aube,En agglomération,Hors intersection,Normale,Deux véhicules - côté,,,,,,,,,,,2,2,1,1,3
200800013137,0008-03-30 19:40:00,8,3,30,19,40,640,122,"., LARRALDE (RUE)",,,Plein jour,En agglomération,Intersection en X,Temps couvert,Deux véhicules - côté,,,,,,,,,,,1,2,2,8,3
200800013138,0008-03-01 07:15:00,8,3,1,7,15,640,335,"0, D509",,,Crépuscule ou aube,Hors agglomération,Hors intersection,Normale,Autre collision,,,,,,,,,,,2,1,1,1,6
200800013139,0008-03-02 18:55:00,8,3,2,18,55,640,445,"88, JEAN MERMOZ",,,Crépuscule ou aube,En agglomération,Hors intersection,Normale,Autre collision,,,,,,,,,,,2,2,1,1,6
200800013140,0008-03-04 10:50:00,8,3,4,10,50,640,445,"113, JEAN MERMOZ",,,Plein jour,En agglomération,Hors intersection,Vent fort / tempête,Autre collision,,,,,,,,,,,1,2,1,6,6
200800013141,0008-03-04 10:25:00,8,3,4,10,25,640,348,"0, LONS DE",,,Plein jour,En agglomération,Autre intersection,Pluie forte,Autre collision,,,,,,,,,,,1,2,9,3,6
200800013142,0008-03-06 18:20:00,8,3,6,18,20,640,335,"0, ROND POINT DU BILAA",,,Plein jour,Hors agglomération,Hors intersection,Normale,Autre collision,,,,,,,,,,,1,1,1,1,6
200800013143,0008-03-07 02:20:00,8,3,7,2,20,640,129,"21 bis, JEANNE LASANSAA",,,Nuit avec éclairage allumé,En agglomération,Hors intersection,Pluie légère,Autre collision,,,,,,,,,,,5,2,1,2,6
200800013144,0008-03-12 13:45:00,8,3,12,13,45,640,445,BAREGES DE,,,Plein jour,En agglomération,Hors intersection,Normale,Autre collision,,,,,,,,,,,1,2,1,1,6
200800013145,0008-03-13 15:10:00,8,3,13,15,10,640,445,"1, ERIC TABARLY",,,Plein jour,En agglomération,Giratoire,Normale,Deux véhicules - côté,,,,,,,,,,,1,2,6,1,3
200800013146,0008-03-15 05:45:00,8,3,15,5,45,640,445,"0, MARECHAL JOFFRE",,,Nuit avec éclairage allumé,En agglomération,Intersection en X,Normale,Deux véhicules - côté,,,,,,,,,,,5,2,2,1,3
200800013147,0008-03-14 14:10:00,8,3,14,14,10,640,445,"1, ETIGNY D'",,,Plein jour,En agglomération,Intersection en X,Normale,Deux véhicules - côté,,,,,,,,,,,1,2,2,1,3
200800013148,0008-03-15 11:50:00,8,3,15,11,50,640,445,"1, LIEGE DE",,,Plein jour,En agglomération,Intersection en X,Normale,Deux véhicules - côté,,,,,,,,,,,1,2,2,1,3
200800013149,0008-03-16 09:35:00,8,3,16,9,35,640,348,"1, PERLIC DU",,,Plein jour,En agglomération,Hors intersection,Normale,Deux véhicules - côté,,,,,,,,,,,1,2,1,1,3
200800013150,0008-03-17 10:40:00,8,3,17,10,40,640,445,"75, ALSACE LORRAINE D'",,,Plein jour,En agglomération,Intersection en X,Normale,Autre collision,,,,,,,,,,,1,2,2,1,6
200800013151,0008-03-17 12:20:00,8,3,17,12,20,640,348,"56, TONKIN DU",,,Plein jour,En agglomération,Hors intersection,Normale,Deux véhicules - arrière,,,,,,,,,,,1,2,1,1,2
200800013152,0008-03-20 17:00:00,8,3,20,17,0,640,445,"46, CHAMPETIER DE RIBES",,,Plein jour,En agglomération,Hors intersection,Normale,Deux véhicules - côté,,,,,,,,,,,1,2,1,1,3
200800013153,0008-03-20 22:02:00,8,3,20,22,2,640,445,"0, MULOT",,,Nuit avec éclairage allumé,En agglomération,Hors intersection,Normale,Sans collision,,,,,,,,,,,5,2,1,1,7
200800013154,0008-03-21 06:40:00,8,3,21,6,40,640,445,JEAN MERMOZ,,,Plein jour,En agglomération,Autre intersection,Normale,Deux véhicules - côté,,,,,,,,,,,1,2,9,1,3
200800013155,0008-03-22 17:50:00,8,3,22,17,50,640,335,"180, EUROPE DE L'",,,Plein jour,En agglomération,Autre intersection,Pluie légère,Deux véhicules - côté,,,,,,,,,,,1,2,9,2,3
200800013156,0008-03-25 08:55:00,8,3,25,8,55,640,445,"/, ERIC TABARLY",,,Plein jour,En agglomération,Giratoire,Pluie légère,Deux véhicules - côté,,,,,,,,,,,1,2,6,2,3
200800013157,0008-03-28 12:10:00,8,3,28,12,10,640,445,"00, LYAUTEY",,,Plein jour,En agglomération,Intersection en X,Pluie légère,Deux véhicules - côté,,,,,,,,,,,1,2,2,2,3
200800013158,0008-03-28 16:10:00,8,3,28,16,10,640,445,"57, PEBOUE",,,Plein jour,En agglomération,Intersection en X,Normale,Sans collision,,,,,,,,,,,1,2,2,1,7
200800013159,0008-03-30 17:30:00,8,3,30,17,30,640,348,"0, FRERES MONTGOLFIER DE",,,Plein jour,En agglomération,Hors intersection,Pluie légère,Deux véhicules - frontale,,,,,,,,,,,1,2,1,2,1
200800013160,0008-03-31 07:50:00,8,3,31,7,50,640,445,"24, ETIGNY D'",,,Crépuscule ou aube,En agglomération,Intersection en X,Pluie forte,Autre collision,,,,,,,,,,,2,2,2,3,6
200800013161,0008-03-02 02:55:00,8,3,2,2,55,640,260,"1, THEATRE (RUE DU)",,,Nuit avec éclairage allumé,Hors agglomération,Intersection en T,Normale,Deux véhicules - côté,,,,,,,,,,,5,1,3,1,3
200800013162,0008-03-04 09:20:00,8,3,4,9,20,640,260,CD 912,,,Plein jour,Hors agglomération,Hors intersection,Neige / grêle,Autre collision,,,,,,,,,,,1,1,1,4,6
200800013163,0008-03-18 08:50:00,8,3,18,8,50,640,545,"1, ORIO (ROUTE D')",,,Plein jour,Hors agglomération,Hors intersection,Pluie légère,Deux véhicules - frontale,,,,,,,,,,,1,1,1,2,1
200800013164,0008-03-14 15:05:00,8,3,14,15,5,640,483,CHANTACO (AVENUE DE ),,,Plein jour,En agglomération,Hors intersection,Normale,Deux véhicules - arrière,,,,,,,,,,,1,2,1,1,2
200800013165,0008-03-16 19:15:00,8,3,16,19,15,640,483,"26, SAINT PEE (VIEILLE R",,,Plein jour,En agglomération,Hors intersection,Normale,Sans collision,,,,,,,,,,,1,2,1,1,7
200800013166,0008-03-19 12:05:00,8,3,19,12,5,640,483,GAULLE (PONT CHARLES DE),,,Plein jour,En agglomération,Hors intersection,Normale,Deux véhicules - frontale,,,,,,,,,,,1,2,1,1,1
200800013167,0008-03-21 02:20:00,8,3,21,2,20,640,545,CIBOURE A OLHETTE (ROUTE,,,Nuit sans éclairage public,Hors agglomération,Hors intersection,Normale,Autre collision,,,,,,,,,,,3,1,1,1,6
200800013168,0008-03-21 17:15:00,8,3,21,17,15,640,483,"14, HABAS MATHIEU OU PER",,,Plein jour,En agglomération,Hors intersection,Pluie forte,Deux véhicules - côté,,,,,,,,,,,1,2,1,3,3
200800013169,0008-03-22 15:05:00,8,3,22,15,5,640,545,RD810,,,Plein jour,En agglomération,Hors intersection,Normale,Deux véhicules - côté,,,,,,,,,,,1,2,1,1,3
200800013170,0008-03-29 17:00:00,8,3,29,17,0,640,545,RD810,,,Plein jour,En agglomération,Hors intersection,Normale,Deux véhicules - côté,,,,,,,,,,,1,2,1,1,3
200800013171,0008-03-15 19:35:00,8,3,15,19,35,640,260,"83, GAULLE CHARLES (RUE",,,Nuit avec éclairage allumé,En agglomération,Hors intersection,Pluie légère,Deux véhicules - frontale,,,,,,,,,,,5,2,1,2,1
200800013172,0008-03-20 01:15:00,8,3,20,1,15,640,483,"16, LARREGUY MICHEL (AVE",,,Nuit avec éclairage allumé,En agglomération,Hors intersection,Normale,Autre collision,,,,,,,,,,,5,2,1,1,6
200800013173,0008-03-15 11:15:00,8,3,15,11,15,640,260,"25, EMPEREUR (BOULEVARD",,,Plein jour,En agglomération,Intersection en T,Normale,Deux véhicules - côté,,,,,,,,,,,1,2,3,1,3
200800013174,0008-03-14 15:25:00,8,3,14,15,25,640,545,"7, EGLISE DE BEHOBIE (RU",,,Plein jour,En agglomération,Hors intersection,Normale,Autre collision,,,,,,,,,,,1,2,1,1,6
200800013175,0008-03-14 16:40:00,8,3,14,16,40,650,286,"1, LACADE (RUE ANSELME)",,,Plein jour,En agglomération,Hors intersection,Normale,Autre collision,,,,,,,,,,,1,2,1,1,6
200800013176,0008-03-01 00:45:00,8,3,1,0,45,650,100,BORDEAUX (ROUTE DE) CD 9,,,Nuit avec éclairage allumé,Hors agglomération,Giratoire,Normale,Autre collision,,,,,,,,,,,5,1,6,1,6
200800013177,0008-03-04 07:30:00,8,3,4,7,30,650,440,"., LATTRE DE TASSIGNY(BO",,,Crépuscule ou aube,En agglomération,Intersection en T,Pluie forte,Trois véhicules et plus - collisions multiples,,,,,,,,,,,2,2,3,3,5
200800013178,0008-03-05 10:10:00,8,3,5,10,10,650,440,"., COURBET (RUE AMIRAL)",,,Plein jour,En agglomération,Intersection en T,Normale,Deux véhicules - côté,,,,,,,,,,,1,2,3,1,3
200800013179,0008-03-06 15:56:00,8,3,6,15,56,650,440,"8, GAUTIER (RUE THEOPHIL",,,Plein jour,En agglomération,Hors intersection,Normale,Autre collision,,,,,,,,,,,1,2,1,1,6
200800013180,0008-03-14 12:10:00,8,3,14,12,10,650,440,BASTILLAC (ROND POINT),,,Plein jour,En agglomération,Giratoire,Normale,Deux véhicules - côté,,,,,,,,,,,1,2,6,1,3
200800013181,0008-03-15 12:18:00,8,3,15,12,18,650,440,"36, PRADEAU (PROMENADE D",,,Plein jour,En agglomération,Hors intersection,Normale,Autre collision,,,,,,,,,,,1,2,1,1,6
200800013182,0008-03-15 21:00:00,8,3,15,21,0,650,417,"., GAUTIER (RUE TEOPHILE",,,Nuit avec éclairage allumé,En agglomération,Intersection en X,Normale,Deux véhicules - côté,,,,,,,,,,,5,2,2,1,3
200800013183,0008-03-19 11:45:00,8,3,19,11,45,650,440,"47,  BARERE (AVENUE BERT",,,Plein jour,En agglomération,Hors intersection,Normale,Deux véhicules - côté,,,,,,,,,,,1,2,1,1,3
200800013184,0008-03-27 17:30:00,8,3,27,17,30,650,440,"1bis, ALSACE LORRAINE (A",,,Plein jour,En agglomération,Hors intersection,Pluie forte,Autre collision,,,,,,,,,,,1,2,1,3,6
200800013185,0008-03-28 09:20:00,8,3,28,9,20,650,440,"., VERDUN (PLACE DE)",,,Plein jour,En agglomération,Intersection en Y,Pluie légère,Deux véhicules - arrière,,,,,,,,,,,1,2,4,2,2
200800013186,0008-03-29 16:10:00,8,3,29,16,10,650,47,"., SPORTS (AVE DES)",,,Plein jour,En agglomération,Intersection en X,Normale,Deux véhicules - arrière,,,,,,,,,,,1,2,2,1,2
200800013187,0008-03-29 16:40:00,8,3,29,16,40,650,440,"., ROY (CHEMIN DU)",,,Plein jour,En agglomération,Intersection en X,Normale,Deux véhicules - côté,,,,,,,,,,,1,2,2,1,3
200800013188,0008-03-29 18:00:00,8,3,29,18,0,650,440,LOURDES (ROND-POINT ROUT,,,Plein jour,En agglomération,Giratoire,Normale,Deux véhicules - côté,,,,,,,,,,,1,2,6,1,3
200800013189,0008-03-30 19:15:00,8,3,30,19,15,650,226,PAU (ROUTE DE),,,Crépuscule ou aube,Hors agglomération,Hors intersection,Pluie légère,Deux véhicules - côté,,,,,,,,,,,2,1,1,2,3
200800013190,0008-03-03 09:55:00,8,3,3,9,55,660,136,"665, JULIEN PANCHOT (AVE",,,Plein jour,En agglomération,Hors intersection,Normale,Deux véhicules - arrière,,,,,,,,,,,1,2,1,1,2
200800013191,0008-03-08 12:50:00,8,3,8,12,50,660,136,"45, BERNARD CLAUDE",,,Plein jour,En agglomération,Hors intersection,Normale,Autre collision,,,,,,,,,,,1,2,1,1,6
200800013192,0008-03-08 00:40:00,8,3,8,0,40,660,136,"45, JOFFRE (AVENUE DU MA",,,Nuit avec éclairage allumé,En agglomération,Hors intersection,Normale,Sans collision,,,,,,,,,,,5,2,1,1,7
200800013193,0008-03-10 19:05:00,8,3,10,19,5,660,136,SHAKESPEARE (WILLIAM),,,Nuit avec éclairage allumé,En agglomération,Hors intersection,Pluie légère,Autre collision,,,,,,,,,,,5,2,1,2,6
200800013194,0008-03-12 16:05:00,8,3,12,16,5,660,136,"150, JOFFRE (AVENUE DU M",,,Plein jour,En agglomération,Hors intersection,Normale,Autre collision,,,,,,,,,,,1,2,1,1,6
200800013195,0008-03-15 19:55:00,8,3,15,19,55,660,136,POUDRIERE (CHEMIN DE LA),,,Nuit avec éclairage allumé,En agglomération,Hors intersection,Normale,Deux véhicules - côté,,,,,,,,,,,5,2,1,1,3
200800013196,0008-03-13 08:55:00,8,3,13,8,55,660,136,CAMUS AVENUE ALBERT,,,Plein jour,En agglomération,Hors intersection,Normale,Deux véhicules - côté,,,,,,,,,,,1,2,1,1,3
200800013197,0008-03-19 08:48:00,8,3,19,8,48,660,136,LANGUEDOC (AVENUE DU CD,,,Plein jour,En agglomération,Hors intersection,Normale,Sans collision,,,,,,,,,,,1,2,1,1,7
200800013198,0008-03-25 14:28:00,8,3,25,14,28,660,136,BLANC AVENUE ROSETTE,,,Plein jour,Hors agglomération,Hors intersection,Normale,Sans collision,,,,,,,,,,,1,1,1,1,7
200800013199,0008-03-30 15:58:00,8,3,30,15,58,660,136,WILSON (BOULEVARD THOMAS,,,Plein jour,En agglomération,Hors intersection,Normale,Deux véhicules - frontale,,,,,,,,,,,1,2,1,1,1
200800013200,0008-03-29 11:25:00,8,3,29,11,25,660,136,INDUSTRIE (AVENUE DE L'),,,Plein jour,En agglomération,Intersection en T,Normale,Deux véhicules - côté,,,,,,,,,,,1,2,3,1,3
200800013201,0008-03-28 18:50:00,8,3,28,18,50,660,136,MASSANE (AVENUE DE LA),,,Plein jour,En agglomération,Hors intersection,Normale,Autre collision,,,,,,,,,,,1,2,1,1,6
200800013202,0008-03-03 13:50:00,8,3,3,13,50,670,482,"00, EUROPE (AVENUE DE L",,,Plein jour,En agglomération,Hors intersection,Pluie légère,Deux véhicules - côté,,,,,,,,,,,1,2,1,2,3
200800013203,0008-03-03 20:15:00,8,3,3,20,15,670,482,"44, ZURICH (RUE DE)",,,Nuit avec éclairage allumé,En agglomération,Hors intersection,Normale,Deux véhicules - côté,,,,,,,,,,,5,2,1,1,3
200800013204,0008-03-04 12:10:00,8,3,4,12,10,670,482,"35, VICTOIRE (BOULEVARD",,,Crépuscule ou aube,En agglomération,Hors intersection,Pluie légère,Deux véhicules - côté,,,,,,,,,,,2,2,1,2,3
200800013205,0008-03-05 08:48:00,8,3,5,8,48,670,447,GENERAL DE GAULLE (ROUTE,,,Plein jour,En agglomération,Hors intersection,Normale,Deux véhicules - côté,,,,,,,,,,,1,2,1,1,3
200800013206,0008-03-05 17:10:00,8,3,5,17,10,670,267,"28 A, MARECHAL FOCH (RUE",,,Plein jour,En agglomération,Hors intersection,Normale,Autre collision,,,,,,,,,,,1,2,1,1,6
200800013207,0008-03-06 09:20:00,8,3,6,9,20,670,482,"00, VOSGES (AVENUE DES)",,,Plein jour,En agglomération,Intersection en X,Normale,Deux véhicules - côté,,,,,,,,,,,1,2,2,1,3
200800013208,0008-03-07 09:00:00,8,3,7,9,0,670,482,"00, SCHIRMECK (ROUTE DE)",,,Plein jour,En agglomération,Intersection en X,Normale,Deux véhicules - côté,,,,,,,,,,,1,2,2,1,3
200800013209,0008-03-07 17:45:00,8,3,7,17,45,670,482,"00, LYON (BOULEVARD DE)",,,Crépuscule ou aube,En agglomération,Intersection en X,Normale,Deux véhicules - côté,,,,,,,,,,,2,2,2,1,3
200800013210,0008-03-08 15:00:00,8,3,8,15,0,670,218,"00, ESCHAU (ROUTE D )",,,Plein jour,En agglomération,Hors intersection,Normale,Sans collision,,,,,,,,,,,1,2,1,1,7
200800013211,0008-03-08 15:38:00,8,3,8,15,38,670,482,"00, ZELLENBERG (RUE DE)",,,Plein jour,En agglomération,Intersection en T,Normale,Autre collision,,,,,,,,,,,1,2,3,1,6
200800013212,0008-03-08 19:30:00,8,3,8,19,30,670,482,"0, SAINT URBAIN (RUE)",,,Nuit avec éclairage allumé,En agglomération,Intersection en T,Normale,Deux véhicules - côté,,,,,,,,,,,5,2,3,1,3
200800013213,0008-03-09 10:05:00,8,3,9,10,5,670,482,"0, ARTHUR RIMBAUD (RUE)",,,Plein jour,En agglomération,Intersection en Y,Normale,Deux véhicules - côté,,,,,,,,,,,1,2,4,1,3
200800013214,0008-03-10 17:50:00,8,3,10,17,50,670,482,SAINT PIERRE LE JEUNE (P,,,Plein jour,En agglomération,Intersection en T,Normale,Autre collision,,,,,,,,,,,1,2,3,1,6
200800013215,0008-03-11 11:00:00,8,3,11,11,0,670,482,"0, PAUL JANET (RUE)",,,Plein jour,En agglomération,Hors intersection,Normale,Deux véhicules - frontale,,,,,,,,,,,1,2,1,1,1
200800013216,0008-03-11 17:45:00,8,3,11,17,45,670,218,FORT UHRICH (ROUTE DU),,,Crépuscule ou aube,En agglomération,Intersection en X,Normale,Deux véhicules - côté,,,,,,,,,,,2,2,2,1,3
200800013217,0008-03-13 08:07:00,8,3,13,8,7,670,482,"0, RAPE (RUE DE LA)",,,Plein jour,En agglomération,Intersection en T,Normale,Autre collision,,,,,,,,,,,1,2,3,1,6
200800013218,0008-03-13 16:08:00,8,3,13,16,8,670,482,"09, PERIGUEUX (RUE DE)",,,Plein jour,En agglomération,Hors intersection,Normale,Autre collision,,,,,,,,,,,1,2,1,1,6
200800013219,0008-03-14 07:35:00,8,3,14,7,35,670,447,"159, GENERAL DE GAULLE (",,,Plein jour,En agglomération,Intersection en T,Pluie légère,Deux véhicules - arrière,,,,,,,,,,,1,2,3,2,2
200800013220,0008-03-14 17:00:00,8,3,14,17,0,670,482,"0, POLYGONE (ROUTE DU)",,,Plein jour,En agglomération,Intersection en X,Pluie légère,Deux véhicules - côté,,,,,,,,,,,1,2,2,2,3
200800013221,0008-03-14 17:15:00,8,3,14,17,15,670,43,"17, GENERAL LECLERC (RUE",,,Plein jour,En agglomération,Hors intersection,Pluie légère,Deux véhicules - côté,,,,,,,,,,,1,2,1,2,3
200800013222,0008-03-14 19:15:00,8,3,14,19,15,670,482,"0, PERIGUEUX (RUE DE)",,,Nuit avec éclairage allumé,En agglomération,Intersection en T,Pluie légère,Deux véhicules - frontale,,,,,,,,,,,5,2,3,2,1
200800013223,0008-03-15 08:15:00,8,3,15,8,15,670,482,RHIN NAPOLEON (RUE DU),,,Plein jour,En agglomération,Hors intersection,Normale,Autre collision,,,,,,,,,,,1,2,1,1,6
200800013224,0008-03-16 17:50:00,8,3,16,17,50,670,482,"22, GENERAL DE GAULLE (A",,,Plein jour,En agglomération,Hors intersection,Normale,Autre collision,,,,,,,,,,,1,2,1,1,6
200800013225,0008-03-17 17:45:00,8,3,17,17,45,670,482,"236, COLMAR (AVENUE DE)",,,Plein jour,En agglomération,Hors intersection,Normale,Deux véhicules - arrière,,,,,,,,,,,1,2,1,1,2
200800013226,0008-03-17 21:05:00,8,3,17,21,5,670,43,SAINT LAURENT (RUE),,,Nuit avec éclairage allumé,En agglomération,Intersection en T,Normale,Deux véhicules - côté,,,,,,,,,,,5,2,3,1,3
200800013227,0008-03-18 09:30:00,8,3,18,9,30,670,482,"36, JEAN JAURES (AVENUE)",,,Plein jour,En agglomération,Hors intersection,Normale,Autre collision,,,,,,,,,,,1,2,1,1,6
200800013228,0008-03-18 13:10:00,8,3,18,13,10,670,218,"0, GONTHIER D ANDERNACH",,,Plein jour,En agglomération,Hors intersection,Normale,Sans collision,,,,,,,,,,,1,2,1,1,7
200800013229,0008-03-18 14:30:00,8,3,18,14,30,670,482,"0, SCHACH (RUE)",,,Plein jour,En agglomération,Intersection en X,Normale,Autre collision,,,,,,,,,,,1,2,2,1,6
200800013230,0008-03-19 13:00:00,8,3,19,13,0,670,482,"29, NUEE BLEUE (RUE DE L",,,Plein jour,En agglomération,Hors intersection,Normale,Deux véhicules - côté,,,,,,,,,,,1,2,1,1,3
200800013231,0008-03-19 08:57:00,8,3,19,8,57,670,482,"00, GENERAL UHRICH (RUE",,,Plein jour,En agglomération,Intersection en T,Normale,Deux véhicules - arrière,,,,,,,,,,,1,2,3,1,2
200800013232,0008-03-19 18:17:00,8,3,19,18,17,670,447,"00, GENERAL DE GAULLE (R",,,Plein jour,En agglomération,Hors intersection,Normale,Deux véhicules - côté,,,,,,,,,,,1,2,1,1,3
200800013233,0008-03-20 12:05:00,8,3,20,12,5,670,482,"22, COLETTE (RUE)",,,Plein jour,En agglomération,Hors intersection,Normale,Autre collision,,,,,,,,,,,1,2,1,1,6
200800013234,0008-03-20 12:15:00,8,3,20,12,15,670,482,"11, CURIE (RUE)",,,Plein jour,En agglomération,Autre intersection,Normale,Autre collision,,,,,,,,,,,1,2,9,1,6
200800013235,0008-03-20 16:35:00,8,3,20,16,35,670,482,"47, JESUITES (RUE DES)",,,Plein jour,En agglomération,Hors intersection,Normale,Autre collision,,,,,,,,,,,1,2,1,1,6
200800013236,0008-03-20 19:10:00,8,3,20,19,10,670,267,"00, ALFRED KASTLER (RUE)",,,Nuit avec éclairage non allumé,En agglomération,Intersection en X,Normale,Deux véhicules - côté,,,,,,,,,,,4,2,2,1,3
200800013237,0008-03-21 23:00:00,8,3,21,23,0,670,482,"00, MOLIERE (AVENUE)",,,Nuit avec éclairage allumé,En agglomération,Hors intersection,Temps couvert,Autre collision,,,,,,,,,,,5,2,1,8,6
200800013238,0008-03-21 23:30:00,8,3,21,23,30,670,482,"00, COLMAR (AVENUE DE)",,,Nuit avec éclairage allumé,En agglomération,Hors intersection,Normale,Autre collision,,,,,,,,,,,5,2,1,1,6
200800013239,0008-03-23 01:30:00,8,3,23,1,30,670,482,"0, JACQUES KABLE (RUE)",,,Nuit avec éclairage allumé,En agglomération,Intersection en T,Pluie légère,Deux véhicules - côté,,,,,,,,,,,5,2,3,2,3
200800013240,0008-03-24 03:15:00,8,3,24,3,15,670,482,"0, EUROPE (PONT DE L )",,,Nuit avec éclairage allumé,En agglomération,Hors intersection,Autre,Autre collision,,,,,,,,,,,5,2,1,9,6
200800013241,0008-03-24 13:40:00,8,3,24,13,40,670,447,"125, GENERAL DE GAULLE (",,,Plein jour,En agglomération,Hors intersection,Neige / grêle,Deux véhicules - côté,,,,,,,,,,,1,2,1,4,3
200800013242,0008-03-20 19:40:00,8,3,20,19,40,670,482,"00, BALAYEURS (RUE DES)",,,Nuit avec éclairage allumé,En agglomération,Hors intersection,Normale,Sans collision,,,,,,,,,,,5,2,1,1,7
200800013243,0008-03-26 10:00:00,8,3,26,10,0,670,482,"17, JACQUES KABLE (RUE)",,,Plein jour,En agglomération,Autre intersection,Normale,Deux véhicules - côté,,,,,,,,,,,1,2,9,1,3