accident_id,datetime,annee,mois,jour,heure,minute,departement,commune_insee,adresse,latitude,longitude,luminosite,agglomeration,intersection,meteo,collision,nb_vehicules,nb_usagers,nb_indemnes,nb_tues,nb_blesses_hosp,nb_blesses_legers,age_cond_1,age_cond_2,veh_type_cond_1,veh_type_cond_2,lum_code,agg_code,int_code,atm_code,col_code
200800013509,0008-03-07 23:15:00,8,3,7,23,15,780,172,"0, AMBASSADEUR (RUE DE L",,,Nuit avec éclairage allumé,En agglomération,Intersection en X,Normale,Deux véhicules - côté,,,,,,,,,,,5,2,2,1,3
200800013510,0008-03-18 14:20:00,8,3,18,14,20,780,5,SEINE (RUE DE),,,Plein jour,En agglomération,Intersection en T,Normale,Deux véhicules - côté,,,,,,,,,,,1,2,3,1,3
200800013511,0008-03-28 12:50:00,8,3,28,12,50,780,5,"0, RD 30",,,Plein jour,En agglomération,Intersection en X,Normale,Deux véhicules - côté,,,,,,,,,,,1,2,2,1,3
200800013512,0008-03-23 17:00:00,8,3,23,17,0,780,168,"INDETER, MALMEDONNE (RUE",,,Plein jour,En agglomération,Hors intersection,Pluie légère,Deux véhicules - côté,,,,,,,,,,,1,2,1,2,3
200800013513,0008-03-27 23:50:00,8,3,27,23,50,780,168,NATIONALE 10 (ROUTE),,,Nuit avec éclairage allumé,En agglomération,Hors intersection,Normale,Sans collision,,,,,,,,,,,5,2,1,1,7
200800013514,0008-03-01 21:30:00,8,3,1,21,30,780,423,"., QUATRE PAVES DU ROY (",,,Nuit avec éclairage allumé,En agglomération,Hors intersection,Normale,Deux véhicules - frontale,,,,,,,,,,,5,2,1,1,1
200800013515,0008-03-07 20:40:00,8,3,7,20,40,780,423,TILLEULS (MAIL DES),,,Nuit avec éclairage allumé,En agglomération,Hors intersection,Normale,Sans collision,,,,,,,,,,,5,2,1,1,7
200800013516,0008-03-13 19:15:00,8,3,13,19,15,780,423,"., LECLERC (AVENUE DU  G",,,Nuit avec éclairage allumé,En agglomération,Intersection en X,Pluie légère,Sans collision,,,,,,,,,,,5,2,2,2,7
200800013517,0008-03-28 07:50:00,8,3,28,7,50,780,423,PRES (AVENUE DES),,,Plein jour,En agglomération,Hors intersection,Normale,Deux véhicules - côté,,,,,,,,,,,1,2,1,1,3
200800013518,0008-03-09 10:10:00,8,3,9,10,10,780,311,"57, CHANZY (RUE DE)",,,Plein jour,En agglomération,Hors intersection,Normale,Autre collision,,,,,,,,,,,1,2,1,1,6
200800013519,0008-03-08 16:25:00,8,3,8,16,25,780,358,EGLE (AVENUE),,,Plein jour,En agglomération,Hors intersection,Normale,Autre collision,,,,,,,,,,,1,2,1,1,6
200800013520,0008-03-13 20:05:00,8,3,13,20,5,780,358,MARECHAL DE LATTRE DE TA,,,Nuit avec éclairage allumé,En agglomération,Hors intersection,Pluie légère,Autre collision,,,,,,,,,,,5,2,1,2,6
200800013521,0008-03-01 15:45:00,8,3,1,15,45,780,354,AVENUE DE L EUROPE,,,Plein jour,En agglomération,Intersection en X,Normale,Trois véhicules et plus - collisions multiples,,,,,,,,,,,1,2,2,1,5
200800013522,0008-03-07 06:45:00,8,3,7,6,45,780,217,PROFESSEUR E.SERGENT,,,Crépuscule ou aube,En agglomération,Intersection en X,Normale,Deux véhicules - côté,,,,,,,,,,,2,2,2,1,3
200800013523,0008-03-09 12:45:00,8,3,9,12,45,780,361,"38, RUE PAUL GAUGUIN",,,Plein jour,En agglomération,Intersection en T,Temps couvert,Deux véhicules - côté,,,,,,,,,,,1,2,3,8,3
200800013524,0008-03-12 15:45:00,8,3,12,15,45,780,335,"29, rue du docteur vinav",,,Plein jour,En agglomération,Hors intersection,Normale,Autre collision,,,,,,,,,,,1,2,1,1,6
200800013525,0008-03-14 18:10:00,8,3,14,18,10,780,361,"02, RUE CHARLES GOUNOD",,,Plein jour,En agglomération,Hors intersection,Normale,Deux véhicules - arrière,,,,,,,,,,,1,2,1,1,2
200800013526,0008-03-15 22:05:00,8,3,15,22,5,780,335,"03, Boulevard aristide b",,,Nuit avec éclairage allumé,En agglomération,Intersection en T,Pluie légère,Deux véhicules - arrière,,,,,,,,,,,5,2,3,2,2
200800013527,0008-03-17 07:05:00,8,3,17,7,5,780,402,C.D  113,,,Plein jour,Hors agglomération,Hors intersection,Temps couvert,Deux véhicules - arrière,,,,,,,,,,,1,1,1,8,2
200800013528,0008-03-17 13:45:00,8,3,17,13,45,780,354,AVENUE DE L EUROPE,,,Plein jour,En agglomération,Intersection en T,Temps couvert,Deux véhicules - côté,,,,,,,,,,,1,2,3,8,3
200800013529,0008-03-19 12:35:00,8,3,19,12,35,780,362,R.D 983,,,Plein jour,En agglomération,Hors intersection,Normale,Deux véhicules - arrière,,,,,,,,,,,1,2,1,1,2
200800013530,0008-03-21 15:30:00,8,3,21,15,30,780,361,BOULEVARD  CARNOT,,,Plein jour,En agglomération,Hors intersection,Normale,Deux véhicules - arrière,,,,,,,,,,,1,2,1,1,2
200800013531,0008-03-21 16:00:00,8,3,21,16,0,780,361,"28, AVENUE DE LA REPUBLI",,,Plein jour,En agglomération,Hors intersection,Normale,Autre collision,,,,,,,,,,,1,2,1,1,6
200800013532,0008-03-24 20:35:00,8,3,24,20,35,780,361,"08, RUE GUTEMBERG",,,Nuit sans éclairage public,En agglomération,Hors intersection,Pluie légère,Autre collision,,,,,,,,,,,3,2,1,2,6
200800013533,0008-03-17 06:15:00,8,3,17,6,15,780,372,SAINT CYR (ROUTE DE),,,Nuit sans éclairage public,Hors agglomération,Hors intersection,Pluie légère,Deux véhicules - côté,,,,,,,,,,,3,1,1,2,3
200800013534,0008-03-02 09:55:00,8,3,2,9,55,780,490,SAINT GERMAIN (AVENUE DE,,,Plein jour,En agglomération,Intersection en X,Normale,Deux véhicules - côté,,,,,,,,,,,1,2,2,1,3
200800013535,0008-03-06 07:55:00,8,3,6,7,55,780,165,"29, VIGNES (CHEMIN DES)",,,Plein jour,En agglomération,Hors intersection,Normale,Sans collision,,,,,,,,,,,1,2,1,1,7
200800013536,0008-03-09 15:10:00,8,3,9,15,10,780,674,CD 11,,,Plein jour,En agglomération,Hors intersection,Pluie légère,Deux véhicules - arrière,,,,,,,,,,,1,2,1,2,2
200800013537,0008-03-14 09:10:00,8,3,14,9,10,780,490,DEUX PLATEAUX (ROUTE DES,,,Plein jour,En agglomération,Hors intersection,Normale,Deux véhicules - arrière,,,,,,,,,,,1,2,1,1,2
200800013538,0008-03-23 20:00:00,8,3,23,20,0,780,165,VIGNES (CHEMIN DES),,,Nuit avec éclairage allumé,En agglomération,Intersection en X,Pluie légère,Deux véhicules - frontale,,,,,,,,,,,5,2,2,2,1
200800013539,0008-03-27 13:15:00,8,3,27,13,15,780,490,"665, BOISSIERE (RUE DE L",,,Plein jour,En agglomération,Hors intersection,Normale,Deux véhicules - côté,,,,,,,,,,,1,2,1,1,3
200800013540,0008-03-29 22:30:00,8,3,29,22,30,780,674,CORSE (AVENUE DE),,,Nuit avec éclairage allumé,En agglomération,Intersection en T,Normale,Deux véhicules - côté,,,,,,,,,,,5,2,3,1,3
200800013541,0008-03-06 06:45:00,8,3,6,6,45,780,643,TRIEL AVENUE DE,,,Crépuscule ou aube,En agglomération,Intersection en T,Pluie légère,Deux véhicules - côté,,,,,,,,,,,2,2,3,2,3
200800013542,0008-03-06 05:30:00,8,3,6,5,30,780,498,SAINT SEBASTIEN RUE,,,Nuit avec éclairage allumé,En agglomération,Intersection en Y,Pluie légère,Autre collision,,,,,,,,,,,5,2,4,2,6
200800013543,0008-03-06 20:15:00,8,3,6,20,15,780,672,DE VOISINS AVENUE DU PRE,,,Nuit avec éclairage allumé,En agglomération,Intersection en T,Normale,Deux véhicules - côté,,,,,,,,,,,5,2,3,1,3
200800013544,0008-03-08 19:05:00,8,3,8,19,5,780,624,MEDAN CHEMIN DE,,,Crépuscule ou aube,Hors agglomération,Intersection en T,Normale,Deux véhicules - côté,,,,,,,,,,,2,1,3,1,3
200800013545,0008-03-09 01:15:00,8,3,9,1,15,780,624,"33, CRENEAUX RUE DES",,,Nuit avec éclairage allumé,En agglomération,Intersection en T,Pluie légère,Deux véhicules - côté,,,,,,,,,,,5,2,3,2,3
200800013546,0008-03-12 18:25:00,8,3,12,18,25,780,123,EUROPE (RN 190) AVENUE D,,,Plein jour,En agglomération,Intersection en X,Normale,Deux véhicules - côté,,,,,,,,,,,1,2,2,1,3
200800013547,0008-03-13 18:45:00,8,3,13,18,45,780,498,LEFEBVRE AV FERNAND,,,Crépuscule ou aube,En agglomération,Intersection en T,Pluie légère,Deux véhicules - côté,,,,,,,,,,,2,2,3,2,3
200800013548,0008-03-14 23:25:00,8,3,14,23,25,780,643,BOUVREUILS ALLEE DES,,,Nuit avec éclairage allumé,En agglomération,Hors intersection,Normale,Autre collision,,,,,,,,,,,5,2,1,1,6
200800013549,0008-03-27 18:15:00,8,3,27,18,15,780,643,EUROPE BD DE L',,,Plein jour,En agglomération,Autre intersection,Normale,Deux véhicules - côté,,,,,,,,,,,1,2,9,1,3
200800013550,0008-03-09 18:15:00,8,3,9,18,15,780,517,D 936,,,Plein jour,En agglomération,Intersection en Y,Temps couvert,Deux véhicules - côté,,,,,,,,,,,1,2,4,8,3
200800013551,0008-03-17 16:25:00,8,3,17,16,25,780,517,LENOTRE (RUE G.),,,Plein jour,En agglomération,Intersection en T,Normale,Deux véhicules - côté,,,,,,,,,,,1,2,3,1,3
200800013552,0008-03-25 14:15:00,8,3,25,14,15,780,551,RD 308,,,Plein jour,Hors agglomération,Hors intersection,Normale,Deux véhicules - arrière,,,,,,,,,,,1,1,1,1,2
200800013553,0008-03-11 12:40:00,8,3,11,12,40,780,551,RN 184,,,Plein jour,Hors agglomération,Hors intersection,Normale,Autre collision,,,,,,,,,,,1,1,1,1,6
200800013554,0008-03-30 12:00:00,8,3,30,12,0,780,481,"ignoré, MARECHAL DE LATT",,,Plein jour,En agglomération,Intersection en T,Temps couvert,Autre collision,,,,,,,,,,,1,2,3,8,6
200800013555,0008-03-07 08:40:00,8,3,7,8,40,780,586,TURGOT N° IMPAIR,,,Plein jour,En agglomération,Giratoire,Normale,Deux véhicules - côté,,,,,,,,,,,1,2,6,1,3
200800013556,0008-03-06 23:00:00,8,3,6,23,0,780,586,VILLOING (ROBERT) N°1 A,,,Nuit avec éclairage allumé,En agglomération,Intersection en X,Normale,Deux véhicules - côté,,,,,,,,,,,5,2,2,1,3
200800013557,0008-03-12 17:30:00,8,3,12,17,30,780,586,SAINT-EXUPERY N°1 A 52,,,Plein jour,En agglomération,Giratoire,Normale,Deux véhicules - côté,,,,,,,,,,,1,2,6,1,3
200800013558,0008-03-15 13:30:00,8,3,15,13,30,780,586,PEGUY (CHARLES),,,Plein jour,En agglomération,Hors intersection,Normale,Autre collision,,,,,,,,,,,1,2,1,1,6
200800013559,0008-03-20 11:35:00,8,3,20,11,35,780,586,STRASBOURG,,,Plein jour,En agglomération,Intersection en X,Normale,Deux véhicules - côté,,,,,,,,,,,1,2,2,1,3
200800013560,0008-03-21 17:35:00,8,3,21,17,35,780,586,FERRY (JULES),,,Plein jour,En agglomération,Hors intersection,Normale,Autre collision,,,,,,,,,,,1,2,1,1,6
200800013561,0008-03-19 17:20:00,8,3,19,17,20,780,621,NATIONALE 10   (ROUTE),,,Plein jour,Hors agglomération,Hors intersection,Pluie légère,Trois véhicules et plus - collisions multiples,,,,,,,,,,,1,1,1,2,5
200800013562,0008-03-23 15:20:00,8,3,23,15,20,780,621,NATIONALE 10   (ROUTE),,,Plein jour,En agglomération,Hors intersection,Pluie légère,Trois véhicules et plus - collisions multiples,,,,,,,,,,,1,2,1,2,5
200800013563,0008-03-27 07:35:00,8,3,27,7,35,780,621,DEPARTEMENTALE 912 (ROUT,,,Plein jour,Hors agglomération,Hors intersection,Pluie légère,Deux véhicules - côté,,,,,,,,,,,1,1,1,2,3
200800013564,0008-03-27 09:10:00,8,3,27,9,10,780,621,HENNEQUIN (AVENUE ROGER),,,Plein jour,En agglomération,Intersection en X,Pluie légère,Deux véhicules - côté,,,,,,,,,,,1,2,2,2,3
200800013565,0008-03-29 08:40:00,8,3,29,8,40,780,621,VAILLANT COUTURIER (AVEN,,,Plein jour,En agglomération,Intersection en X,Normale,Deux véhicules - côté,,,,,,,,,,,1,2,2,1,3
200800013566,0008-03-04 19:50:00,8,3,4,19,50,780,640,"41 bis, EUROPE (AVENUE D",,,Nuit avec éclairage allumé,En agglomération,Hors intersection,Normale,Autre collision,,,,,,,,,,,5,2,1,1,6
200800013567,0008-03-05 14:20:00,8,3,5,14,20,780,640,"2, EUROPE (AVENUE DE L')",,,Plein jour,En agglomération,Hors intersection,Normale,Autre collision,,,,,,,,,,,1,2,1,1,6
200800013568,0008-03-07 10:00:00,8,3,7,10,0,780,686,JOUY (RUE DE),,,Plein jour,En agglomération,Hors intersection,Temps couvert,Autre collision,,,,,,,,,,,1,2,1,8,6
200800013569,0008-03-08 16:10:00,8,3,8,16,10,780,640,SADI LECOINTE (AVENUE),,,Plein jour,En agglomération,Hors intersection,Temps couvert,Autre collision,,,,,,,,,,,1,2,1,8,6
200800013570,0008-03-11 17:45:00,8,3,11,17,45,780,640,GENERAL DE GAULLE (AVENU,,,Plein jour,En agglomération,Hors intersection,Pluie légère,Sans collision,,,,,,,,,,,1,2,1,2,7
200800013571,0008-03-18 12:15:00,8,3,18,12,15,780,640,LOUIS BREGUET (AVENUE),,,Plein jour,En agglomération,Autre intersection,Temps couvert,Autre collision,,,,,,,,,,,1,2,9,8,6
200800013572,0008-03-20 08:00:00,8,3,20,8,0,780,640,"7, MARCEL SEMBAT (RUE)",,,Plein jour,En agglomération,Intersection en T,Temps couvert,Autre collision,,,,,,,,,,,1,2,3,8,6
200800013573,0008-03-04 14:20:00,8,3,4,14,20,780,646,"0, ETATS GENERAUX (RUE D",,,Plein jour,En agglomération,Hors intersection,Autre,Deux véhicules - arrière,,,,,,,,,,,1,2,1,9,2
200800013574,0008-03-08 16:20:00,8,3,8,16,20,780,646,"2 bis, M. DE LATTRE DE T",,,Plein jour,En agglomération,Hors intersection,Normale,Autre collision,,,,,,,,,,,1,2,1,1,6
200800013575,0008-03-11 17:50:00,8,3,11,17,50,780,646,"71, CHANTIERS (RUE DES)",,,Plein jour,En agglomération,Hors intersection,Pluie légère,Deux véhicules - côté,,,,,,,,,,,1,2,1,2,3
200800013576,0008-03-14 21:35:00,8,3,14,21,35,780,646,GENERAL LECLERC (RUE DU),,,Nuit avec éclairage allumé,En agglomération,Intersection en X,Normale,Autre collision,,,,,,,,,,,5,2,2,1,6
200800013577,0008-03-15 17:50:00,8,3,15,17,50,780,646,"0, REINE (BOULEVARD DE L",,,Plein jour,En agglomération,Intersection en T,Pluie légère,Deux véhicules - côté,,,,,,,,,,,1,2,3,2,3
200800013578,0008-03-18 18:15:00,8,3,18,18,15,780,158,"Néant, DIX HUIT JUIN (PL",,,Plein jour,En agglomération,Giratoire,Normale,Deux véhicules - côté,,,,,,,,,,,1,2,6,1,3
200800013579,0008-03-25 07:40:00,8,3,25,7,40,780,646,"Néant, FAUSSES REPOSES (",,,Plein jour,En agglomération,Intersection en T,Normale,Autre collision,,,,,,,,,,,1,2,3,1,6
200800013580,0008-03-28 12:10:00,8,3,28,12,10,780,646,"Néant, PARC DE CLAGNY (R",,,Plein jour,En agglomération,Hors intersection,Normale,Autre collision,,,,,,,,,,,1,2,1,1,6
200800013581,0008-03-29 11:40:00,8,3,29,11,40,780,646,"12, SATORY (RUE DE)",,,Plein jour,En agglomération,Hors intersection,Normale,Autre collision,,,,,,,,,,,1,2,1,1,6
200800013582,0008-03-13 19:40:00,8,3,13,19,40,780,418,"21, ARISTIDE BRIAND (AVE",,,Nuit avec éclairage allumé,En agglomération,Intersection en T,Pluie légère,Deux véhicules - côté,,,,,,,,,,,5,2,3,2,3
200800013583,0008-03-14 21:05:00,8,3,14,21,5,780,650,"20, CARNOT (BOULEVARD)",,,Nuit avec éclairage allumé,En agglomération,Hors intersection,Normale,Autre collision,,,,,,,,,,,5,2,1,1,6
200800013584,0008-03-11 15:31:00,8,3,11,15,31,790,329,MAISON SECHE (RUE),,,Plein jour,Hors agglomération,Intersection en X,Pluie légère,Deux véhicules - côté,,,,,,,,,,,1,1,2,2,3
200800013585,0008-03-02 12:23:00,8,3,2,12,23,800,21,"0, FAIDHERBE (BOULEVARD)",,,Plein jour,En agglomération,Intersection en T,Normale,Deux véhicules - côté,,,,,,,,,,,1,2,3,1,3
200800013586,0008-03-03 14:15:00,8,3,3,14,15,800,21,"0, AUSTRALIE (RUE D')",,,Plein jour,En agglomération,Hors intersection,Normale,Deux véhicules - côté,,,,,,,,,,,1,2,1,1,3
200800013587,0008-03-05 08:05:00,8,3,5,8,5,800,21,"56, VIVIER (RUE DU)",,,Plein jour,En agglomération,Hors intersection,Normale,Deux véhicules - côté,,,,,,,,,,,1,2,1,1,3
200800013588,0008-03-06 07:40:00,8,3,6,7,40,800,21,ROCADE NORD EST RN 25,,,Plein jour,Hors agglomération,Hors intersection,Normale,Sans collision,,,,,,,,,,,1,1,1,1,7
200800013589,0008-03-07 15:00:00,8,3,7,15,0,800,21,"0, MARECHAL DE LATTRE DE",,,Plein jour,En agglomération,Hors intersection,Normale,Deux véhicules - côté,,,,,,,,,,,1,2,1,1,3
200800013590,0008-03-12 08:25:00,8,3,12,8,25,800,21,"0, GASTON MOUTARDIER (RU",,,Plein jour,En agglomération,Intersection en X,Normale,Deux véhicules - côté,,,,,,,,,,,1,2,2,1,3
200800013591,0008-03-12 11:45:00,8,3,12,11,45,800,21,"32, BELFORT (BOULEVARD D",,,Plein jour,En agglomération,Hors intersection,Normale,Deux véhicules - arrière,,,,,,,,,,,1,2,1,1,2
200800013592,0008-03-13 20:00:00,8,3,13,20,0,800,21,ROCADE NORD EST RN 25,,,Nuit avec éclairage allumé,Hors agglomération,Hors intersection,Pluie forte,Autre collision,,,,,,,,,,,5,1,1,3,6
200800013593,0008-03-13 14:50:00,8,3,13,14,50,800,21,"0, DURY (BOULEVARD DE)",,,Plein jour,En agglomération,Intersection en X,Normale,Deux véhicules - côté,,,,,,,,,,,1,2,2,1,3
200800013594,0008-03-13 18:00:00,8,3,13,18,0,800,21,"67, VERDUN (RUE DE )",,,Crépuscule ou aube,En agglomération,Hors intersection,Pluie légère,Trois véhicules et plus - en chaîne,,,,,,,,,,,2,2,1,2,4
200800013595,0008-03-13 18:40:00,8,3,13,18,40,800,21,DEFENSE PASSIVE (AVENUE,,,Nuit avec éclairage allumé,En agglomération,Hors intersection,Pluie légère,Deux véhicules - côté,,,,,,,,,,,5,2,1,2,3
200800013596,0008-03-13 19:15:00,8,3,13,19,15,800,21,"0, PAUL CLAUDEL (AVENUE)",,,Nuit avec éclairage allumé,En agglomération,Intersection en X,Pluie légère,Deux véhicules - côté,,,,,,,,,,,5,2,2,2,3
200800013597,0008-03-15 08:50:00,8,3,15,8,50,800,21,"0, PIERRE MENDES FRANCE",,,Plein jour,En agglomération,Giratoire,Normale,Sans collision,,,,,,,,,,,1,2,6,1,7
200800013598,0008-03-15 13:10:00,8,3,15,13,10,800,21,"0, QUATORZE JUILLET 1789",,,Plein jour,En agglomération,Hors intersection,Normale,Deux véhicules - arrière,,,,,,,,,,,1,2,1,1,2
200800013599,0008-03-15 16:15:00,8,3,15,16,15,800,21,"0, ELBEUF (RUE D')",,,Plein jour,En agglomération,Giratoire,Normale,Deux véhicules - côté,,,,,,,,,,,1,2,6,1,3
200800013600,0008-03-15 21:30:00,8,3,15,21,30,800,21,"0, PAUL CLAUDEL (AVENUE)",,,Nuit avec éclairage allumé,En agglomération,Hors intersection,Normale,Deux véhicules - côté,,,,,,,,,,,5,2,1,1,3
200800013601,0008-03-18 20:15:00,8,3,18,20,15,800,21,"0, FEDERES (BOULEVARD DE",,,Nuit avec éclairage allumé,En agglomération,Intersection en X,Pluie légère,Deux véhicules - côté,,,,,,,,,,,5,2,2,2,3
200800013602,0008-03-19 12:10:00,8,3,19,12,10,800,21,"202, CAGNY (RUE DE)",,,Plein jour,En agglomération,Hors intersection,Pluie légère,Deux véhicules - arrière,,,,,,,,,,,1,2,1,2,2
200800013603,0008-03-19 16:10:00,8,3,19,16,10,800,21,"265, JEAN MOULIN (RUE)",,,Plein jour,En agglomération,Hors intersection,Normale,Deux véhicules - côté,,,,,,,,,,,1,2,1,1,3
200800013604,0008-03-19 14:40:00,8,3,19,14,40,800,21,"146, SAINT QUENTIN (BOUL",,,Plein jour,En agglomération,Hors intersection,Normale,Deux véhicules - arrière,,,,,,,,,,,1,2,1,1,2
200800013605,0008-03-17 09:30:00,8,3,17,9,30,800,261,"0, AMIENS (ROUTE D')",,,Plein jour,En agglomération,Hors intersection,Temps couvert,Deux véhicules - arrière,,,,,,,,,,,1,2,1,8,2
200800013606,0008-03-17 09:30:00,8,3,17,9,30,800,131,"48, ALPHONSE TELLIER (RU",,,Plein jour,En agglomération,Hors intersection,Normale,Deux véhicules - côté,,,,,,,,,,,1,2,1,1,3
200800013607,0008-03-20 17:50:00,8,3,20,17,50,800,21,"0, FRANCS MURIERS (RUE D",,,Crépuscule ou aube,En agglomération,Hors intersection,Pluie forte,Autre collision,,,,,,,,,,,2,2,1,3,6
200800013608,0008-03-21 19:55:00,8,3,21,19,55,800,725,NORMANDIE (ROUTE DE) RD,,,Nuit sans éclairage public,Hors agglomération,Hors intersection,Pluie légère,Sans collision,,,,,,,,,,,3,1,1,2,7
200800013609,0008-03-22 12:55:00,8,3,22,12,55,800,21,"0, PAUL SAUTAI (RUE)",,,Plein jour,En agglomération,Intersection en X,Pluie légère,Deux véhicules - côté,,,,,,,,,,,1,2,2,2,3
200800013610,0008-03-24 14:00:00,8,3,24,14,0,800,21,"46, PIERRE ET MAURICE GA",,,Plein jour,En agglomération,Hors intersection,Normale,Deux véhicules - côté,,,,,,,,,,,1,2,1,1,3
200800013611,0008-03-21 09:50:00,8,3,21,9,50,800,21,"0, QUEBEC (RUE DE)",,,Plein jour,En agglomération,Intersection en T,Pluie légère,Deux véhicules - côté,,,,,,,,,,,1,2,3,2,3
200800013612,0008-03-27 12:25:00,8,3,27,12,25,800,21,"127, FRANKLIN ROOSEVELT",,,Plein jour,En agglomération,Hors intersection,Normale,Trois véhicules et plus - en chaîne,,,,,,,,,,,1,2,1,1,4
200800013613,0008-03-27 16:35:00,8,3,27,16,35,800,21,"34, JEAN MARC LAURENT (R",,,Plein jour,En agglomération,Hors intersection,Normale,Autre collision,,,,,,,,,,,1,2,1,1,6
200800013614,0008-03-25 11:00:00,8,3,25,11,0,800,21,"0, SAINT QUENTIN (BOULEV",,,Plein jour,En agglomération,Hors intersection,Normale,Deux véhicules - arrière,,,,,,,,,,,1,2,1,1,2
200800013615,0008-03-25 14:00:00,8,3,25,14,0,800,21,"03, SERGENTS (RUE DES)",,,Plein jour,En agglomération,Hors intersection,Normale,Autre collision,,,,,,,,,,,1,2,1,1,6
200800013616,0008-03-26 14:00:00,8,3,26,14,0,800,21,"0, JEAN CATELAS (RUE)",,,Plein jour,En agglomération,Intersection en T,Normale,Deux véhicules - côté,,,,,,,,,,,1,2,3,1,3
200800013617,0008-03-26 13:25:00,8,3,26,13,25,800,21,"0, MARC SANGNIER (RUE)",,,Plein jour,En agglomération,Hors intersection,Pluie légère,Autre collision,,,,,,,,,,,1,2,1,2,6
200800013618,0008-03-31 18:00:00,8,3,31,18,0,800,21,"04, CARNOT (BOULEVARD)",,,Plein jour,En agglomération,Hors intersection,Normale,Deux véhicules - côté,,,,,,,,,,,1,2,1,1,3
200800013619,0008-03-29 12:05:00,8,3,29,12,5,800,21,"0, CAGNY (RUE DE)",,,Plein jour,En agglomération,Intersection en T,Normale,Deux véhicules - côté,,,,,,,,,,,1,2,3,1,3
200800013620,0008-03-30 14:00:00,8,3,30,14,0,800,21,"120, PONT DE METZ (RUE D",,,Plein jour,En agglomération,Hors intersection,Normale,Autre collision,,,,,,,,,,,1,2,1,1,6
200800013621,0008-03-26 17:50:00,8,3,26,17,50,810,4,POMPIDOU (LICES GEORGES),,,Plein jour,En agglomération,Hors intersection,Normale,Autre collision,,,,,,,,,,,1,2,1,1,6
200800013622,0008-03-09 15:20:00,8,3,9,15,20,810,65,MIREDAMES (BD.),,,Plein jour,En agglomération,Hors intersection,Pluie légère,Deux véhicules - arrière,,,,,,,,,,,1,2,1,2,2
200800013623,0008-03-13 08:30:00,8,3,13,8,30,810,65,"191, ALBERT 1° (AV)",,,Plein jour,En agglomération,Hors intersection,Pluie légère,Deux véhicules - frontale,,,,,,,,,,,1,2,1,2,1
200800013624,0008-03-21 13:35:00,8,3,21,13,35,810,65,RD 622,,,Plein jour,Hors agglomération,Intersection en T,Temps couvert,Deux véhicules - côté,,,,,,,,,,,1,1,3,8,3
200800013625,0008-03-28 14:34:00,8,3,28,14,34,810,65,RD 622,,,Plein jour,En agglomération,Hors intersection,Normale,Autre collision,,,,,,,,,,,1,2,1,1,6
200800013626,0008-03-29 20:25:00,8,3,29,20,25,810,65,MITTERRAND (AV. FRANCOIS,,,Nuit avec éclairage allumé,En agglomération,Hors intersection,Normale,Sans collision,,,,,,,,,,,5,2,1,1,7
200800013627,0008-03-30 23:15:00,8,3,30,23,15,810,65,"04, LATTRE DE TASSIGNY(B",,,Nuit avec éclairage allumé,En agglomération,Hors intersection,Pluie légère,Autre collision,,,,,,,,,,,5,2,1,2,6
200800013628,0008-03-19 15:40:00,8,3,19,15,40,810,105,SAINT PAUL (ROUTE DE),,,Plein jour,En agglomération,Hors intersection,Normale,Autre collision,,,,,,,,,,,1,2,1,1,6
200800013629,0008-03-26 17:20:00,8,3,26,17,20,810,105,GRAUFUZIE,,,Plein jour,Hors agglomération,Intersection en T,Pluie légère,Deux véhicules - côté,,,,,,,,,,,1,1,3,2,3
200800013630,0008-03-13 18:20:00,8,3,13,18,20,810,21,LANGUEDOC,,,Plein jour,En agglomération,Intersection en X,Normale,Deux véhicules - côté,,,,,,,,,,,1,2,2,1,3
200800013631,0008-03-06 15:40:00,8,3,6,15,40,820,121,"0, SAINT-ANTONIN D 958 (",,,Plein jour,Hors agglomération,Intersection en X,Normale,Deux véhicules - côté,,,,,,,,,,,1,1,2,1,3
200800013632,0008-03-11 19:30:00,8,3,11,19,30,820,121,"0, MANDOUNE (RUE DE LA)",,,Nuit avec éclairage allumé,En agglomération,Hors intersection,Normale,Autre collision,,,,,,,,,,,5,2,1,1,6
200800013633,0008-03-13 07:35:00,8,3,13,7,35,820,121,"0, AUCH (ROUTE D')",,,Plein jour,Hors agglomération,Hors intersection,Normale,Deux véhicules - arrière,,,,,,,,,,,1,1,1,1,2
200800013634,0008-03-31 13:40:00,8,3,31,13,40,820,121,"0, MOLIERES (ROUTE DE)",,,Plein jour,Hors agglomération,Intersection en T,Normale,Deux véhicules - côté,,,,,,,,,,,1,1,3,1,3
200800013635,0008-03-14 18:15:00,8,3,14,18,15,820,121,"0, ROUTE DE BORDEAUX",,,Plein jour,Hors agglomération,Hors intersection,Normale,Deux véhicules - frontale,,,,,,,,,,,1,1,1,1,1
200800013636,0008-03-18 16:30:00,8,3,18,16,30,820,121,"0, MIDI-PYRENEES (BOULEV",,,Plein jour,En agglomération,Hors intersection,Normale,Autre collision,,,,,,,,,,,1,2,1,1,6
200800013637,0008-03-29 05:10:00,8,3,29,5,10,820,121,"0, ROUTE DE BORDEAUX",,,Nuit sans éclairage public,Hors agglomération,Hors intersection,Normale,Autre collision,,,,,,,,,,,3,1,1,1,6
200800013638,0008-03-29 15:10:00,8,3,29,15,10,820,121,"901, COS (AVENUE DE)",,,Plein jour,En agglomération,Intersection en X,Normale,Deux véhicules - côté,,,,,,,,,,,1,2,2,1,3
200800013639,0008-03-15 00:05:00,8,3,15,0,5,820,121,"0, VOLTAIRE (RUE)",,,Nuit avec éclairage allumé,En agglomération,Intersection en T,Normale,Deux véhicules - arrière,,,,,,,,,,,5,2,3,1,2
200800013640,0008-03-02 17:13:00,8,3,2,17,13,830,50,JUIN( AVENUE DU MARECHAL,,,Plein jour,En agglomération,Intersection en T,Normale,Trois véhicules et plus - en chaîne,,,,,,,,,,,1,2,3,1,4