accident_id,datetime,annee,mois,jour,heure,minute,departement,commune_insee,adresse,latitude,longitude,luminosite,agglomeration,intersection,meteo,collision,nb_vehicules,nb_usagers,nb_indemnes,nb_tues,nb_blesses_hosp,nb_blesses_legers,age_cond_1,age_cond_2,veh_type_cond_1,veh_type_cond_2,lum_code,agg_code,int_code,atm_code,col_code
200800013641,0008-03-03 19:00:00,8,3,3,19,0,830,141,ARCS(ROUTE DES),,,Nuit sans éclairage public,Hors agglomération,Hors intersection,Normale,Autre collision,,,,,,,,,,,3,1,1,1,6
200800013642,0008-03-06 10:20:00,8,3,6,10,20,830,50,"17, PERI(BOULEVARD GABRI",,,Plein jour,En agglomération,Intersection en X,Normale,Autre collision,,,,,,,,,,,1,2,2,1,6
200800013643,0008-03-14 11:30:00,8,3,14,11,30,830,50,MENDES FRANCE(BOULEVARD,,,Plein jour,En agglomération,Hors intersection,Normale,Deux véhicules - arrière,,,,,,,,,,,1,2,1,1,2
200800013644,0008-03-15 12:30:00,8,3,15,12,30,830,141,ARCS(ROUTE DES),,,Plein jour,Hors agglomération,Hors intersection,Normale,Deux véhicules - côté,,,,,,,,,,,1,1,1,1,3
200800013645,0008-03-14 22:20:00,8,3,14,22,20,830,50,AUBANEL(BOULEVARD THEODO,,,Nuit avec éclairage allumé,En agglomération,Hors intersection,Normale,Sans collision,,,,,,,,,,,5,2,1,1,7
200800013646,0008-03-17 13:20:00,8,3,17,13,20,830,141,MASSA PNEU(MAGASIN RN 55,,,Plein jour,En agglomération,Hors intersection,Normale,Deux véhicules - côté,,,,,,,,,,,1,2,1,1,3
200800013647,0008-03-18 08:40:00,8,3,18,8,40,830,50,", KENNEDY(BOULEVARD JOHN",,,Plein jour,En agglomération,Intersection en T,Normale,Autre collision,,,,,,,,,,,1,2,3,1,6
200800013648,0008-03-23 18:35:00,8,3,23,18,35,830,50,SCAMARONI(AVENUE FRED),,,Plein jour,Hors agglomération,Hors intersection,Normale,Deux véhicules - côté,,,,,,,,,,,1,1,1,1,3
200800013649,0008-03-30 18:50:00,8,3,30,18,50,830,50,"128, PREMIERE ARMEE(AVEN",,,Plein jour,En agglomération,Hors intersection,Normale,Deux véhicules - côté,,,,,,,,,,,1,2,1,1,3
200800013650,0008-03-05 11:34:00,8,3,5,11,34,830,118,"0, BOULEVARD DES MYRTES",,,Plein jour,En agglomération,Intersection à plus de 4 branches,Temps couvert,Deux véhicules - côté,,,,,,,,,,,1,2,5,8,3
200800013651,0008-03-23 05:10:00,8,3,23,5,10,830,61,"0, AVENUE DE L'AGACHON",,,Nuit avec éclairage allumé,En agglomération,Intersection en T,Normale,Deux véhicules - côté,,,,,,,,,,,5,2,3,1,3
200800013652,0008-03-20 17:15:00,8,3,20,17,15,830,61,"0, AVENUE DE LATTRE DE T",,,Plein jour,En agglomération,Hors intersection,Normale,Autre collision,,,,,,,,,,,1,2,1,1,6
200800013653,0008-03-04 16:20:00,8,3,4,16,20,830,129,"000, KENNEDY (AVENUE J.)",,,Plein jour,En agglomération,Intersection en T,Normale,Deux véhicules - côté,,,,,,,,,,,1,2,3,1,3
200800013654,0008-03-14 07:30:00,8,3,14,7,30,830,129,"495, MER (AVENUE DE LA)",,,Plein jour,En agglomération,Autre intersection,Normale,Deux véhicules - côté,,,,,,,,,,,1,2,9,1,3
200800013655,0008-03-20 14:55:00,8,3,20,14,55,830,129,"411, GUILLEMARD (AV ROBE",,,Plein jour,En agglomération,Intersection en T,Normale,Deux véhicules - côté,,,,,,,,,,,1,2,3,1,3
200800013656,0008-03-26 11:15:00,8,3,26,11,15,830,123,"000, GIBOIN (RUE)",,,Plein jour,En agglomération,Hors intersection,Normale,Autre collision,,,,,,,,,,,1,2,1,1,6
200800013657,0008-03-27 18:55:00,8,3,27,18,55,830,129,"129, AUDIBERT (RUE ET CH",,,Crépuscule ou aube,En agglomération,Hors intersection,Normale,Autre collision,,,,,,,,,,,2,2,1,1,6
200800013658,0008-03-28 16:50:00,8,3,28,16,50,830,9,"1262, MARSEILLE (BD DE)",,,Plein jour,En agglomération,Hors intersection,Normale,Deux véhicules - côté,,,,,,,,,,,1,2,1,1,3
200800013659,0008-03-30 13:30:00,8,3,30,13,30,830,129,"000, DE GAULLE (PROMENAD",,,Plein jour,En agglomération,Hors intersection,Normale,Autre collision,,,,,,,,,,,1,2,1,1,6
200800013660,0008-03-02 17:35:00,8,3,2,17,35,830,126,"0, IVALDI (AV JEAN BAPTI",,,Plein jour,En agglomération,Intersection en T,Normale,Deux véhicules - côté,,,,,,,,,,,1,2,3,1,3
200800013661,0008-03-03 13:29:00,8,3,3,13,29,830,126,"0, JUIN (AV MARECHAL)",,,Plein jour,En agglomération,Hors intersection,Normale,Deux véhicules - arrière,,,,,,,,,,,1,2,1,1,2
200800013662,0008-03-14 08:05:00,8,3,14,8,5,830,126,"0, BRUN (AV ROBERT)",,,Plein jour,Hors agglomération,Intersection en T,Normale,Deux véhicules - côté,,,,,,,,,,,1,1,3,1,3
200800013663,0008-03-15 08:50:00,8,3,15,8,50,830,126,"0, ESPLAGEAOLLES (PLACE",,,Plein jour,En agglomération,Hors intersection,Normale,Autre collision,,,,,,,,,,,1,2,1,1,6
200800013664,0008-03-16 19:10:00,8,3,16,19,10,830,126,"606, EVESCAT (CHEMIN DE",,,Nuit avec éclairage allumé,En agglomération,Autre intersection,Normale,Deux véhicules - côté,,,,,,,,,,,5,2,9,1,3
200800013665,0008-03-19 08:25:00,8,3,19,8,25,830,126,"0, ROND POINT GAUDEMARD",,,Plein jour,En agglomération,Giratoire,Normale,Deux véhicules - côté,,,,,,,,,,,1,2,6,1,3
200800013666,0008-03-24 06:35:00,8,3,24,6,35,830,126,"31, ARMANDO (AV. ESPRIT)",,,Crépuscule ou aube,En agglomération,Hors intersection,Normale,Autre collision,,,,,,,,,,,2,2,1,1,6
200800013667,0008-03-27 17:25:00,8,3,27,17,25,830,126,"21, MAZEN (AV DU DOCTEUR",,,Plein jour,En agglomération,Hors intersection,Normale,Trois véhicules et plus - collisions multiples,,,,,,,,,,,1,2,1,1,5
200800013668,0008-03-27 19:05:00,8,3,27,19,5,830,126,"2179, LA SEYNE A BASTIAN",,,Crépuscule ou aube,Hors agglomération,Hors intersection,Normale,Deux véhicules - frontale,,,,,,,,,,,2,1,1,1,1
200800013669,0008-03-28 07:45:00,8,3,28,7,45,830,126,"1, ORVES (AV ESTIENNE D'",,,Crépuscule ou aube,En agglomération,Hors intersection,Normale,Deux véhicules - côté,,,,,,,,,,,2,2,1,1,3
200800013670,0008-03-31 15:00:00,8,3,31,15,0,830,126,"157, ROME (ALLEE DE)",,,Plein jour,En agglomération,Intersection en T,Pluie forte,Deux véhicules - côté,,,,,,,,,,,1,2,3,3,3
200800013671,0008-03-02 18:15:00,8,3,2,18,15,830,137,"172, ROMAIN (IMP)",,,Plein jour,En agglomération,Hors intersection,Normale,Autre collision,,,,,,,,,,,1,2,1,1,6
200800013672,0008-03-04 01:20:00,8,3,4,1,20,830,137,FOCH (AVE DU MARECHAL),,,Nuit avec éclairage allumé,En agglomération,Intersection en X,Normale,Deux véhicules - côté,,,,,,,,,,,5,2,2,1,3
200800013673,0008-03-04 07:55:00,8,3,4,7,55,830,137,"344, JOFFRE (BD MARECHAL",,,Plein jour,En agglomération,Hors intersection,Normale,Autre collision,,,,,,,,,,,1,2,1,1,6
200800013674,0008-03-04 13:30:00,8,3,4,13,30,830,137,LIBERTE (PLACE DE LA),,,Plein jour,En agglomération,Hors intersection,Normale,Autre collision,,,,,,,,,,,1,2,1,1,6
200800013675,0008-03-04 19:15:00,8,3,4,19,15,830,144,VALGORA,,,Nuit avec éclairage allumé,En agglomération,Hors intersection,Normale,Deux véhicules - frontale,,,,,,,,,,,5,2,1,1,1
200800013676,0008-03-05 09:50:00,8,3,5,9,50,830,90,MONNET (AVE JEAN),,,Plein jour,Hors agglomération,Giratoire,Normale,Deux véhicules - arrière,,,,,,,,,,,1,1,6,1,2
200800013677,0008-03-06 07:30:00,8,3,6,7,30,830,90,NATIONALE 8 (ROUTE),,,Plein jour,En agglomération,Intersection en T,Normale,Deux véhicules - frontale,,,,,,,,,,,1,2,3,1,1
200800013678,0008-03-08 16:50:00,8,3,8,16,50,830,137,MAYOL (STADE),,,Plein jour,En agglomération,Hors intersection,Pluie légère,Deux véhicules - côté,,,,,,,,,,,1,2,1,2,3
200800013679,0008-03-09 16:30:00,8,3,9,16,30,830,90,"1002, GARE (ROUTE DE LA)",,,Plein jour,En agglomération,Intersection en X,Normale,Deux véhicules - côté,,,,,,,,,,,1,2,2,1,3
200800013680,0008-03-11 14:35:00,8,3,11,14,35,830,137,"00, ROOSEVELT (AVE FRANK",,,Plein jour,En agglomération,Hors intersection,Normale,Deux véhicules - arrière,,,,,,,,,,,1,2,1,1,2
200800013681,0008-03-01 11:00:00,8,3,1,11,0,830,137,"98, BRIAND (AVE ARISTIDE",,,Plein jour,En agglomération,Hors intersection,Normale,Autre collision,,,,,,,,,,,1,2,1,1,6
200800013682,0008-03-07 11:38:00,8,3,7,11,38,830,137,"0, CAMUS (AVE ALBERT)",,,Plein jour,En agglomération,Hors intersection,Pluie légère,Deux véhicules - arrière,,,,,,,,,,,1,2,1,2,2
200800013683,0008-03-07 09:22:00,8,3,7,9,22,830,144,LIBERATION (AVE DE LA),,,Plein jour,En agglomération,Intersection en Y,Pluie légère,Deux véhicules - côté,,,,,,,,,,,1,2,4,2,3
200800013684,0008-03-08 14:55:00,8,3,8,14,55,830,137,BLONDEL (RUE ANDRE),,,Plein jour,En agglomération,Hors intersection,Normale,Autre collision,,,,,,,,,,,1,2,1,1,6
200800013685,0008-03-15 11:50:00,8,3,15,11,50,830,137,"343, VICTOIRE DU 8 MAI 1",,,Plein jour,En agglomération,Hors intersection,Normale,Deux véhicules - frontale,,,,,,,,,,,1,2,1,1,1
200800013686,0008-03-18 14:25:00,8,3,18,14,25,830,137,VILLEVIEILLE (ROND POINT,,,Plein jour,En agglomération,Intersection en X,Normale,Sans collision,,,,,,,,,,,1,2,2,1,7
200800013687,0008-03-12 12:05:00,8,3,12,12,5,830,62,"795, DRAGUIGNAN (AVENUE",,,Plein jour,En agglomération,Hors intersection,Normale,Deux véhicules - frontale,,,,,,,,,,,1,2,1,1,1
200800013688,0008-03-07 15:20:00,8,3,7,15,20,830,137,CAMUS (AVE ALBERT),,,Plein jour,En agglomération,Intersection en T,Normale,Autre collision,,,,,,,,,,,1,2,3,1,6
200800013689,0008-03-21 16:50:00,8,3,21,16,50,830,137,BRIAND (AVE ARISTIDE DE,,,Plein jour,En agglomération,Intersection en Y,Pluie forte,Deux véhicules - arrière,,,,,,,,,,,1,2,4,3,2
200800013690,0008-03-23 16:50:00,8,3,23,16,50,830,98,BROSSET (AVENUE DU GENER,,,Plein jour,En agglomération,Hors intersection,Normale,Trois véhicules et plus - en chaîne,,,,,,,,,,,1,2,1,1,4
200800013691,0008-03-24 01:45:00,8,3,24,1,45,830,98,DE LATTRE (BD DE TASSIGN,,,Nuit sans éclairage public,Hors agglomération,Hors intersection,Normale,Autre collision,,,,,,,,,,,3,1,1,1,6
200800013692,0008-03-18 09:40:00,8,3,18,9,40,830,62,PLANTADES (CHEMIN DES),,,Plein jour,En agglomération,Hors intersection,Normale,Deux véhicules - côté,,,,,,,,,,,1,2,1,1,3
200800013693,0008-03-25 18:10:00,8,3,25,18,10,830,137,MALON (AVE BENOIT),,,Plein jour,En agglomération,Hors intersection,Normale,Deux véhicules - côté,,,,,,,,,,,1,2,1,1,3
200800013694,0008-03-21 11:55:00,8,3,21,11,55,830,144,IKEA (GRANDE SURFACE),,,Plein jour,En agglomération,Intersection en T,Normale,Deux véhicules - arrière,,,,,,,,,,,1,2,3,1,2
200800013695,0008-03-28 12:00:00,8,3,28,12,0,830,137,BRIAND (AVE ARISTIDE DE,,,Plein jour,Hors agglomération,Hors intersection,Normale,Deux véhicules - arrière,,,,,,,,,,,1,1,1,1,2
200800013696,0008-03-31 17:20:00,8,3,31,17,20,830,144,LAVOISIER (AVE / IMP),,,Plein jour,Hors agglomération,Hors intersection,Pluie légère,Autre collision,,,,,,,,,,,1,1,1,2,6
200800013697,0008-03-27 16:50:00,8,3,27,16,50,830,137,LEFORT (ROND POINT GENER,,,Plein jour,En agglomération,Autre intersection,Normale,Autre collision,,,,,,,,,,,1,2,9,1,6
200800013698,0008-03-23 11:20:00,8,3,23,11,20,830,137,COURDOUAN (RUE VINCENT),,,Plein jour,En agglomération,Hors intersection,Normale,Sans collision,,,,,,,,,,,1,2,1,1,7
200800013699,0008-03-21 11:25:00,8,3,21,11,25,830,90,SEYNE (ROUTE DE LA),,,Plein jour,Hors agglomération,Hors intersection,Normale,Deux véhicules - arrière,,,,,,,,,,,1,1,1,1,2
200800013700,0008-03-19 11:05:00,8,3,19,11,5,830,137,"38, STRASBOURG (BD DE )",,,Plein jour,En agglomération,Hors intersection,Normale,Sans collision,,,,,,,,,,,1,2,1,1,7
200800013701,0008-03-28 15:05:00,8,3,28,15,5,830,90,MONNET (AVE JEAN),,,Plein jour,Hors agglomération,Hors intersection,Normale,Deux véhicules - côté,,,,,,,,,,,1,1,1,1,3
200800013702,0008-03-29 18:33:00,8,3,29,18,33,830,62,"191, DIGNE (AVENUE DE )",,,Plein jour,Hors agglomération,Hors intersection,Normale,Deux véhicules - côté,,,,,,,,,,,1,1,1,1,3
200800013703,0008-03-13 21:30:00,8,3,13,21,30,830,137,MALON (AVE BENOIT),,,Nuit avec éclairage allumé,En agglomération,Intersection en X,Normale,Deux véhicules - côté,,,,,,,,,,,5,2,2,1,3
200800013704,0008-03-29 18:30:00,8,3,29,18,30,830,137,"0, MON PARADIS (CHEMIN)",,,Nuit avec éclairage allumé,En agglomération,Intersection en X,Normale,Deux véhicules - côté,,,,,,,,,,,5,2,2,1,3
200800013705,0008-03-03 19:25:00,8,3,3,19,25,840,7,MONTFAVET (Route),,,Nuit avec éclairage allumé,En agglomération,Hors intersection,Normale,Deux véhicules - côté,,,,,,,,,,,5,2,1,1,3
200800013706,0008-03-09 11:40:00,8,3,9,11,40,840,7,FOLIE (Avenue de la),,,Plein jour,En agglomération,Intersection en T,Normale,Deux véhicules - côté,,,,,,,,,,,1,2,3,1,3
200800013707,0008-03-09 17:10:00,8,3,9,17,10,840,7,SAINTE CATHERINE,,,Plein jour,En agglomération,Hors intersection,Normale,Deux véhicules - côté,,,,,,,,,,,1,2,1,1,3
200800013708,0008-03-13 07:55:00,8,3,13,7,55,840,7,"250, AMANDIER (Avenue de",,,Plein jour,En agglomération,Hors intersection,Normale,Deux véhicules - arrière,,,,,,,,,,,1,2,1,1,2
200800013709,0008-03-14 08:05:00,8,3,14,8,5,840,7,SAINT ROCH (Boulevard),,,Plein jour,En agglomération,Hors intersection,Normale,Autre collision,,,,,,,,,,,1,2,1,1,6
200800013710,0008-03-15 14:15:00,8,3,15,14,15,840,7,AMANDIER (Avenue de l'),,,Plein jour,En agglomération,Giratoire,Normale,Deux véhicules - côté,,,,,,,,,,,1,2,6,1,3
200800013711,0008-03-18 15:10:00,8,3,18,15,10,840,7,SOUSPIROUS (Avenue des ),,,Plein jour,En agglomération,Hors intersection,Normale,Deux véhicules - côté,,,,,,,,,,,1,2,1,1,3
200800013712,0008-03-18 20:30:00,8,3,18,20,30,840,7,PIERRE SEMARD (avenue),,,Nuit avec éclairage allumé,En agglomération,Hors intersection,Vent fort / tempête,Deux véhicules - côté,,,,,,,,,,,5,2,1,6,3
200800013713,0008-03-18 18:30:00,8,3,18,18,30,840,7,PIERRE SEMARD (avenue),,,Plein jour,En agglomération,Hors intersection,Normale,Deux véhicules - côté,,,,,,,,,,,1,2,1,1,3
200800013714,0008-03-19 16:30:00,8,3,19,16,30,840,7,LIMBERT (Boulevard),,,Plein jour,En agglomération,Hors intersection,Normale,Deux véhicules - arrière,,,,,,,,,,,1,2,1,1,2
200800013715,0008-03-19 23:00:00,8,3,19,23,0,840,7,FONTCOUVERTE(Avenue de),,,Nuit avec éclairage allumé,En agglomération,Giratoire,Normale,Deux véhicules - arrière,,,,,,,,,,,5,2,6,1,2
200800013716,0008-03-21 07:50:00,8,3,21,7,50,840,7,VERTES RIVES (Avenue des,,,Plein jour,En agglomération,Intersection en X,Normale,Deux véhicules - côté,,,,,,,,,,,1,2,2,1,3
200800013717,0008-03-26 10:50:00,8,3,26,10,50,840,7,PIERRE SEMARD (avenue),,,Plein jour,En agglomération,Hors intersection,Normale,Trois véhicules et plus - collisions multiples,,,,,,,,,,,1,2,1,1,5
200800013718,0008-03-26 16:00:00,8,3,26,16,0,840,7,SAINT MICHEL (Boulevard),,,Plein jour,En agglomération,Hors intersection,Normale,Deux véhicules - côté,,,,,,,,,,,1,2,1,1,3
200800013719,0008-03-28 14:45:00,8,3,28,14,45,840,7,"72, MONCLAR (Avenue)",,,Plein jour,En agglomération,Intersection en X,Normale,Deux véhicules - côté,,,,,,,,,,,1,2,2,1,3
200800013720,0008-03-22 07:05:00,8,3,22,7,5,840,80,"865, PLAINE CHEMIN DE LA",,,Crépuscule ou aube,Hors agglomération,Hors intersection,Autre,Autre collision,,,,,,,,,,,2,1,1,9,6
200800013721,0008-03-06 16:10:00,8,3,6,16,10,840,35,RD.22,,,Plein jour,Hors agglomération,Intersection en X,Normale,Trois véhicules et plus - collisions multiples,,,,,,,,,,,1,1,2,1,5
200800013722,0008-03-13 17:20:00,8,3,13,17,20,840,35,"1, EUROPE (BOULEVARD DE",,,Plein jour,En agglomération,Hors intersection,Normale,Autre collision,,,,,,,,,,,1,2,1,1,6
200800013723,0008-03-27 07:50:00,8,3,27,7,50,840,35,RD.973,,,Plein jour,Hors agglomération,Hors intersection,Normale,Trois véhicules et plus - en chaîne,,,,,,,,,,,1,1,1,1,4
200800013724,0008-03-02 19:15:00,8,3,2,19,15,840,87,"289, FOCH (AVENUE MARECH",,,Nuit avec éclairage allumé,En agglomération,Intersection en T,Normale,Deux véhicules - côté,,,,,,,,,,,5,2,3,1,3
200800013725,0008-03-16 00:25:00,8,3,16,0,25,840,87,ANCIENNE ROUTE D'ORANGE,,,Nuit sans éclairage public,Hors agglomération,Hors intersection,Pluie légère,Autre collision,,,,,,,,,,,3,1,1,2,6
200800013726,0008-03-17 19:35:00,8,3,17,19,35,840,87,LYON (ROUTE DE),,,Nuit sans éclairage public,En agglomération,Intersection en T,Normale,Deux véhicules - côté,,,,,,,,,,,3,2,3,1,3
200800013727,0008-03-21 04:38:00,8,3,21,4,38,840,87,"180, GAULLE (AVENUE CHAR",,,Nuit avec éclairage allumé,En agglomération,Hors intersection,Normale,Deux véhicules - arrière,,,,,,,,,,,5,2,1,1,2
200800013728,0008-03-23 03:15:00,8,3,23,3,15,850,191,"133, LECLERC BOULEVARD D",,,Nuit avec éclairage allumé,En agglomération,Hors intersection,Normale,Autre collision,,,,,,,,,,,5,2,1,1,6
200800013729,0008-03-31 16:30:00,8,3,31,16,30,850,191,GLUARD RUE LEONCE,,,Plein jour,En agglomération,Hors intersection,Normale,Autre collision,,,,,,,,,,,1,2,1,1,6
200800013730,0008-03-26 08:10:00,8,3,26,8,10,850,191,"12, BROSSOLETTE RUE PIER",,,Plein jour,En agglomération,Intersection en T,Brouillard / fumée,Deux véhicules - côté,,,,,,,,,,,1,2,3,5,3
200800013731,0008-03-14 20:25:00,8,3,14,20,25,850,194,VENDEE GLOBE (BOULEVARD,,,Nuit sans éclairage public,En agglomération,Hors intersection,Normale,Sans collision,,,,,,,,,,,3,2,1,1,7
200800013732,0008-03-19 21:00:00,8,3,19,21,0,850,194,"0, GAULLE (RUE CHARLES D",,,Nuit avec éclairage allumé,En agglomération,Hors intersection,Normale,Sans collision,,,,,,,,,,,5,2,1,1,7
200800013733,0008-03-20 23:50:00,8,3,20,23,50,850,194,"44, PASTEUR (BOULEVARD)",,,Nuit avec éclairage allumé,En agglomération,Hors intersection,Normale,Autre collision,,,,,,,,,,,5,2,1,1,6
200800013734,0008-03-21 11:45:00,8,3,21,11,45,850,194,COLLINEAU (PLACE DU GENE,,,Plein jour,En agglomération,Intersection en X,Pluie légère,Deux véhicules - côté,,,,,,,,,,,1,2,2,2,3
200800013735,0008-03-05 15:07:00,8,3,5,15,7,860,66,"., BARBUSSE (RUE HENRI)",,,Plein jour,En agglomération,Hors intersection,Normale,Sans collision,,,,,,,,,,,1,2,1,1,7
200800013736,0008-03-05 20:00:00,8,3,5,20,0,860,66,CD 1,,,Nuit avec éclairage allumé,En agglomération,Hors intersection,Normale,Deux véhicules - côté,,,,,,,,,,,5,2,1,1,3
200800013737,0008-03-14 22:30:00,8,3,14,22,30,860,66,RD 725 - ROUTE DE LENCLO,,,Nuit avec éclairage allumé,En agglomération,Intersection en T,Normale,Deux véhicules - côté,,,,,,,,,,,5,2,3,1,3
200800013738,0008-03-01 17:30:00,8,3,1,17,30,860,194,11 NOVEMBRE (AVENUE DU),,,Plein jour,En agglomération,Hors intersection,Normale,Deux véhicules - arrière,,,,,,,,,,,1,2,1,1,2
200800013739,0008-03-02 00:10:00,8,3,2,0,10,860,194,"28, FRANCOIS ALBERT (BOU",,,Nuit avec éclairage allumé,En agglomération,Hors intersection,Normale,Sans collision,,,,,,,,,,,5,2,1,1,7
200800013740,0008-03-04 15:50:00,8,3,4,15,50,860,194,ROCADE OUEST (RN10),,,Plein jour,En agglomération,Hors intersection,Pluie légère,Trois véhicules et plus - en chaîne,,,,,,,,,,,1,2,1,2,4
200800013741,0008-03-07 01:40:00,8,3,7,1,40,860,194,"102, FAUBOURG SAINT CYPR",,,Nuit avec éclairage allumé,En agglomération,Hors intersection,Normale,Autre collision,,,,,,,,,,,5,2,1,1,6
200800013742,0008-03-10 21:05:00,8,3,10,21,5,860,194,SOLFERINO (BOULEVARD),,,Nuit avec éclairage allumé,En agglomération,Giratoire,Normale,Autre collision,,,,,,,,,,,5,2,6,1,6
200800013743,0008-03-11 14:05:00,8,3,11,14,5,860,194,ROCADE EST (RD 162),,,Plein jour,En agglomération,Hors intersection,Pluie légère,Autre collision,,,,,,,,,,,1,2,1,2,6
200800013744,0008-03-11 23:10:00,8,3,11,23,10,860,194,"., ANDRE MALRAUX (VOIE)",,,Nuit avec éclairage allumé,En agglomération,Hors intersection,Pluie légère,Autre collision,,,,,,,,,,,5,2,1,2,6
200800013745,0008-03-16 02:35:00,8,3,16,2,35,860,194,"24, FRANCOIS ALBERT (BOU",,,Nuit avec éclairage allumé,En agglomération,Hors intersection,Pluie légère,Autre collision,,,,,,,,,,,5,2,1,2,6
200800013746,0008-03-19 17:45:00,8,3,19,17,45,860,194,"., BUGELLERIE (RUE DE LA",,,Plein jour,En agglomération,Intersection en X,Normale,Deux véhicules - côté,,,,,,,,,,,1,2,2,1,3
200800013747,0008-03-20 18:10:00,8,3,20,18,10,860,194,"76, JACQUES COEUR (AVENU",,,Plein jour,En agglomération,Hors intersection,Normale,Deux véhicules - côté,,,,,,,,,,,1,2,1,1,3
200800013748,0008-03-21 06:50:00,8,3,21,6,50,860,194,BUGELLERIE (RUE DE LA),,,Crépuscule ou aube,En agglomération,Intersection en X,Pluie légère,Deux véhicules - côté,,,,,,,,,,,2,2,2,2,3
200800013749,0008-03-23 05:50:00,8,3,23,5,50,860,194,"135, VINCENDERIE ( RUE D",,,Nuit avec éclairage allumé,En agglomération,Hors intersection,Normale,Sans collision,,,,,,,,,,,5,2,1,1,7
200800013750,0008-03-23 19:25:00,8,3,23,19,25,860,194,"17 TER, MAINE (RUE DU)",,,Plein jour,En agglomération,Hors intersection,Pluie légère,Autre collision,,,,,,,,,,,1,2,1,2,6
200800013751,0008-03-26 12:45:00,8,3,26,12,45,860,194,"109, FAUBOURG PONT NEUF",,,Plein jour,En agglomération,Intersection en T,Normale,Deux véhicules - côté,,,,,,,,,,,1,2,3,1,3
200800013752,0008-03-26 16:10:00,8,3,26,16,10,860,194,PAUL GUILLON (RUE),,,Plein jour,En agglomération,Hors intersection,Pluie légère,Autre collision,,,,,,,,,,,1,2,1,2,6
200800013753,0008-03-26 16:35:00,8,3,26,16,35,860,194,"38, LIBERATION (AVENUE D",,,Plein jour,En agglomération,Hors intersection,Pluie légère,Deux véhicules - arrière,,,,,,,,,,,1,2,1,2,2
200800013754,0008-03-26 20:40:00,8,3,26,20,40,860,194,RECTEUR PINEAU (AVENUE D,,,Nuit avec éclairage allumé,En agglomération,Intersection en X,Normale,Deux véhicules - côté,,,,,,,,,,,5,2,2,1,3
200800013755,0008-03-28 08:20:00,8,3,28,8,20,860,157,"954, VALLEE DES TOUCHES",,,Plein jour,En agglomération,Hors intersection,Normale,Deux véhicules - frontale,,,,,,,,,,,1,2,1,1,1
200800013756,0008-03-31 18:55:00,8,3,31,18,55,860,194,"154, FAUBOURG PONT NEUF",,,Plein jour,En agglomération,Hors intersection,Pluie légère,Deux véhicules - arrière,,,,,,,,,,,1,2,1,2,2
200800013757,0008-03-01 13:10:00,8,3,1,13,10,870,65,RD979,,,Plein jour,En agglomération,Autre intersection,Pluie légère,Autre collision,,,,,,,,,,,1,2,9,2,6
200800013758,0008-03-02 17:29:00,8,3,2,17,29,870,85,RD941,,,Plein jour,En agglomération,Hors intersection,Normale,Autre collision,,,,,,,,,,,1,2,1,1,6
200800013759,0008-03-03 19:25:00,8,3,3,19,25,870,85,"12, CHIGOT (RUE FRANCIS)",,,Nuit avec éclairage allumé,En agglomération,Hors intersection,Normale,Autre collision,,,,,,,,,,,5,2,1,1,6
200800013760,0008-03-04 07:40:00,8,3,4,7,40,870,85,"19, BROUILLEBAS (RUE DE)",,,Plein jour,En agglomération,Intersection en T,Pluie légère,Deux véhicules - côté,,,,,,,,,,,1,2,3,2,3
200800013761,0008-03-04 11:22:00,8,3,4,11,22,870,85,"25, JOURDAN (PLACE)",,,Plein jour,En agglomération,Hors intersection,Pluie légère,Autre collision,,,,,,,,,,,1,2,1,2,6
200800013762,0008-03-04 16:35:00,8,3,4,16,35,870,85,AUTOROUTE A20,,,Plein jour,Hors agglomération,Hors intersection,Neige / grêle,Autre collision,,,,,,,,,,,1,1,1,4,6
200800013763,0008-03-04 22:17:00,8,3,4,22,17,870,50,LIMOGES (AVENUE DE),,,Nuit avec éclairage allumé,En agglomération,Hors intersection,Pluie légère,Autre collision,,,,,,,,,,,5,2,1,2,6
200800013764,0008-03-07 01:36:00,8,3,7,1,36,870,85,"125, SAINTE CLAIRE (RUE)",,,Nuit avec éclairage allumé,En agglomération,Intersection en T,Normale,Autre collision,,,,,,,,,,,5,2,3,1,6
200800013765,0008-03-07 06:14:00,8,3,7,6,14,870,85,"173, THOMAS (AVENUE ALBE",,,Nuit avec éclairage allumé,En agglomération,Hors intersection,Pluie légère,Autre collision,,,,,,,,,,,5,2,1,2,6
200800013766,0008-03-09 07:42:00,8,3,9,7,42,870,85,"27 BIS, CHAMBE (AVENUE D",,,Plein jour,En agglomération,Hors intersection,Normale,Autre collision,,,,,,,,,,,1,2,1,1,6
200800013767,0008-03-09 14:27:00,8,3,9,14,27,870,85,AUTOROUTE A20,,,Plein jour,Hors agglomération,Hors intersection,Normale,Autre collision,,,,,,,,,,,1,1,1,1,6
200800013768,0008-03-11 11:14:00,8,3,11,11,14,870,85,"0, BAUDIN (AVENUE)",,,Plein jour,En agglomération,Hors intersection,Pluie légère,Autre collision,,,,,,,,,,,1,2,1,2,6
200800013769,0008-03-11 17:56:00,8,3,11,17,56,870,85,RN520,,,Plein jour,En agglomération,Hors intersection,Pluie légère,Deux véhicules - côté,,,,,,,,,,,1,2,1,2,3
200800013770,0008-03-12 07:15:00,8,3,12,7,15,870,85,"2, BRIAND (RUE ARISTIDE)",,,Nuit avec éclairage allumé,En agglomération,Hors intersection,Pluie légère,Autre collision,,,,,,,,,,,5,2,1,2,6
200800013771,0008-03-12 07:33:00,8,3,12,7,33,870,85,"3, RESISTANCE LIMOUSINE",,,Nuit avec éclairage allumé,En agglomération,Giratoire,Pluie légère,Deux véhicules - côté,,,,,,,,,,,5,2,6,2,3