accident_id,datetime,annee,mois,jour,heure,minute,departement,commune_insee,adresse,latitude,longitude,luminosite,agglomeration,intersection,meteo,collision,nb_vehicules,nb_usagers,nb_indemnes,nb_tues,nb_blesses_hosp,nb_blesses_legers,age_cond_1,age_cond_2,veh_type_cond_1,veh_type_cond_2,lum_code,agg_code,int_code,atm_code,col_code
200800013772,0008-03-12 07:15:00,8,3,12,7,15,870,50,D35,,,Plein jour,Hors agglomération,Hors intersection,Pluie forte,Autre collision,,,,,,,,,,,1,1,1,3,6
200800013773,0008-03-13 13:55:00,8,3,13,13,55,870,85,RD941,,,Plein jour,Hors agglomération,Hors intersection,Normale,Autre collision,,,,,,,,,,,1,1,1,1,6
200800013774,0008-03-15 21:09:00,8,3,15,21,9,870,113,JAURES (RUE JEAN),,,Nuit avec éclairage allumé,En agglomération,Intersection en T,Pluie légère,Deux véhicules - côté,,,,,,,,,,,5,2,3,2,3
200800013775,0008-03-16 15:03:00,8,3,16,15,3,870,85,"57, PERRIN (RUE FRANCOIS",,,Plein jour,En agglomération,Hors intersection,Pluie légère,Autre collision,,,,,,,,,,,1,2,1,2,6
200800013776,0008-03-17 19:58:00,8,3,17,19,58,870,85,"133, DUTREIX (RUE ARMAND",,,Nuit avec éclairage allumé,En agglomération,Intersection en T,Normale,Deux véhicules - côté,,,,,,,,,,,5,2,3,1,3
200800013777,0008-03-18 09:52:00,8,3,18,9,52,870,65,"0, GUINGOUIN ( rond poin",,,Plein jour,En agglomération,Hors intersection,Normale,Deux véhicules - arrière,,,,,,,,,,,1,2,1,1,2
200800013778,0008-03-19 10:29:00,8,3,19,10,29,870,85,"225, PERRIN (RUE FRANCOI",,,Plein jour,En agglomération,Hors intersection,Normale,Autre collision,,,,,,,,,,,1,2,1,1,6
200800013779,0008-03-19 18:00:00,8,3,19,18,0,870,85,"119, SAINTE CLAIRE (RUE)",,,Plein jour,En agglomération,Intersection en X,Normale,Deux véhicules - côté,,,,,,,,,,,1,2,2,1,3
200800013780,0008-03-20 07:29:00,8,3,20,7,29,870,65,"1, LIBERATION (AVENUE DE",,,Plein jour,En agglomération,Hors intersection,Normale,Deux véhicules - arrière,,,,,,,,,,,1,2,1,1,2
200800013781,0008-03-20 11:31:00,8,3,20,11,31,870,85,"0, BETOULLE (PLACE LEON)",,,Plein jour,En agglomération,Hors intersection,Normale,Autre collision,,,,,,,,,,,1,2,1,1,6
200800013782,0008-03-20 12:59:00,8,3,20,12,59,870,85,"17, FOURCADE (RUE ANDRE)",,,Plein jour,En agglomération,Intersection en T,Normale,Deux véhicules - côté,,,,,,,,,,,1,2,3,1,3
200800013783,0008-03-20 16:45:00,8,3,20,16,45,870,85,"8, LARREY (AVENUE DOMINI",,,Plein jour,En agglomération,Hors intersection,Normale,Deux véhicules - arrière,,,,,,,,,,,1,2,1,1,2
200800013784,0008-03-21 02:58:00,8,3,21,2,58,870,85,"167, PERRIN (RUE FRANCOI",,,Nuit avec éclairage allumé,En agglomération,Hors intersection,Pluie forte,Autre collision,,,,,,,,,,,5,2,1,3,6
200800013785,0008-03-21 07:30:00,8,3,21,7,30,870,85,"75, KENNEDY (AVENUE DU P",,,Plein jour,En agglomération,Hors intersection,Pluie forte,Trois véhicules et plus - collisions multiples,,,,,,,,,,,1,2,1,3,5
200800013786,0008-03-21 12:19:00,8,3,21,12,19,870,85,AUTOROUTE A20,,,Plein jour,Hors agglomération,Hors intersection,Pluie forte,Trois véhicules et plus - en chaîne,,,,,,,,,,,1,1,1,3,4
200800013787,0008-03-21 18:08:00,8,3,21,18,8,870,85,"201, PERRIN (RUE FRANCOI",,,Plein jour,En agglomération,Hors intersection,Normale,Deux véhicules - arrière,,,,,,,,,,,1,2,1,1,2
200800013788,0008-03-21 16:26:00,8,3,21,16,26,870,65,AUTOROUTE A20,,,Plein jour,Hors agglomération,Hors intersection,Pluie légère,Autre collision,,,,,,,,,,,1,1,1,2,6
200800013789,0008-03-22 17:46:00,8,3,22,17,46,870,85,"13, FERRER (RUE FRANCISC",,,Crépuscule ou aube,En agglomération,Hors intersection,Normale,Autre collision,,,,,,,,,,,2,2,1,1,6
200800013790,0008-03-22 19:17:00,8,3,22,19,17,870,85,"30, CRUVEILHER (RUE)",,,Nuit avec éclairage allumé,En agglomération,Intersection en T,Normale,Deux véhicules - côté,,,,,,,,,,,5,2,3,1,3
200800013791,0008-03-24 18:33:00,8,3,24,18,33,870,85,"15, BUGEAUD (COURS)",,,Crépuscule ou aube,En agglomération,Intersection en T,Pluie légère,Deux véhicules - côté,,,,,,,,,,,2,2,3,2,3
200800013792,0008-03-27 16:58:00,8,3,27,16,58,870,113,JAURES (RUE JEAN),,,Plein jour,En agglomération,Hors intersection,Pluie légère,Deux véhicules - arrière,,,,,,,,,,,1,2,1,2,2
200800013793,0008-03-27 17:18:00,8,3,27,17,18,870,85,"336, PERRIN (RUE FRANCOI",,,Plein jour,En agglomération,Hors intersection,Pluie légère,Autre collision,,,,,,,,,,,1,2,1,2,6
200800013794,0008-03-28 21:49:00,8,3,28,21,49,870,85,RN520,,,Plein jour,En agglomération,Hors intersection,Normale,Autre collision,,,,,,,,,,,1,2,1,1,6
200800013795,0008-03-29 17:43:00,8,3,29,17,43,870,85,"345, TOULOUSE (RUE DE)",,,Plein jour,En agglomération,Hors intersection,Normale,Deux véhicules - arrière,,,,,,,,,,,1,2,1,1,2
200800013796,0008-03-30 17:24:00,8,3,30,17,24,870,85,AUTOROUTE A20,,,Plein jour,Hors agglomération,Hors intersection,Pluie forte,Autre collision,,,,,,,,,,,1,1,1,3,6
200800013797,0008-03-30 19:52:00,8,3,30,19,52,870,65,VALIN (AVENUE MARTIAL),,,Plein jour,En agglomération,Hors intersection,Pluie légère,Autre collision,,,,,,,,,,,1,2,1,2,6
200800013798,0008-03-30 23:12:00,8,3,30,23,12,870,85,RN520,,,Nuit sans éclairage public,Hors agglomération,Hors intersection,Normale,Autre collision,,,,,,,,,,,3,1,1,1,6
200800013799,0008-03-02 17:05:00,8,3,2,17,5,880,160,"00, FORTS (RUE DES)",48.15664,6.46391,Plein jour,Hors agglomération,Hors intersection,Pluie légère,Autre collision,,,,,,,,,,,1,1,1,2,6
200800013800,0008-03-04 11:00:00,8,3,4,11,0,880,160,"22, SEROT (Q. COLONEL-)",48.1787,6.44983,Plein jour,En agglomération,Hors intersection,Normale,Autre collision,,,,,,,,,,,1,2,1,1,6
200800013801,0008-03-17 14:40:00,8,3,17,14,40,880,160,"127, VITU (RUE ANDRE-)",48.1763,6.48211,Plein jour,En agglomération,Hors intersection,Temps couvert,Deux véhicules - côté,,,,,,,,,,,1,2,1,8,3
200800013802,0008-03-27 17:10:00,8,3,27,17,10,880,209,"00, FORGES (RTE. DES)",48.18817,6.41979,Plein jour,En agglomération,Intersection en X,Temps couvert,Deux véhicules - côté,,,,,,,,,,,1,2,2,8,3
200800013803,0008-03-18 20:10:00,8,3,18,20,10,880,209,"00, JEAN-CHARLES PELLERI",48.2136,6.42073,Nuit sans éclairage public,Hors agglomération,Hors intersection,Normale,Sans collision,,,,,,,,,,,3,1,1,1,7
200800013804,0008-03-29 21:35:00,8,3,29,21,35,880,383,"Face 10Bis, faubourg d'a",,,Nuit avec éclairage allumé,En agglomération,Hors intersection,Normale,Deux véhicules - côté,,,,,,,,,,,5,2,1,1,3
200800013805,0008-03-06 17:45:00,8,3,6,17,45,880,413,"9, Rue Jean GAZIN",48.29744,6.946,Plein jour,En agglomération,Hors intersection,Normale,Autre collision,,,,,,,,,,,1,2,1,1,6
200800013806,0008-03-28 06:40:00,8,3,28,6,40,880,413,RN 59,48.27586,6.94374,Plein jour,Hors agglomération,Hors intersection,Normale,Autre collision,,,,,,,,,,,1,1,1,1,6
200800013807,0008-03-12 07:55:00,8,3,12,7,55,890,24,"01, MARNE (BOULEVARD DE",,,Plein jour,En agglomération,Hors intersection,Normale,Autre collision,,,,,,,,,,,1,2,1,1,6
200800013808,0008-03-26 16:40:00,8,3,26,16,40,890,24,VAUBAN (BOULEVARD) N° IM,,,Plein jour,En agglomération,Hors intersection,Pluie légère,Autre collision,,,,,,,,,,,1,2,1,2,6
200800013809,0008-03-29 15:35:00,8,3,29,15,35,890,24,VOIE ROMAINE,,,Plein jour,Hors agglomération,Intersection en T,Normale,Deux véhicules - côté,,,,,,,,,,,1,1,3,1,3
200800013810,0008-03-07 12:15:00,8,3,7,12,15,890,387,"4, GENERAL DE GAULLE (RU",,,Plein jour,En agglomération,Intersection en X,Normale,Sans collision,,,,,,,,,,,1,2,2,1,7
200800013811,0008-03-27 15:30:00,8,3,27,15,30,890,387,"26, ROUTE NATIONALE 6",,,Plein jour,En agglomération,Hors intersection,Normale,Autre collision,,,,,,,,,,,1,2,1,1,6
200800013812,0008-03-01 16:25:00,8,3,1,16,25,900,10,"71, ALTKIRCH (AVENUE)",,,Plein jour,En agglomération,Hors intersection,Normale,Deux véhicules - côté,,,,,,,,,,,1,2,1,1,3
200800013813,0008-03-04 14:04:00,8,3,4,14,4,900,10,"1, BLUM (RUE LEON)",,,Plein jour,En agglomération,Autre intersection,Pluie légère,Sans collision,,,,,,,,,,,1,2,9,2,7
200800013814,0008-03-05 09:53:00,8,3,5,9,53,900,39,"54, DE GAULLE (RUE DU GE",,,Plein jour,En agglomération,Intersection en T,Normale,Autre collision,,,,,,,,,,,1,2,3,1,6
200800013815,0008-03-05 17:15:00,8,3,5,17,15,900,10,"211, JAURES (AVENUE JEAN",,,Plein jour,En agglomération,Hors intersection,Normale,Trois véhicules et plus - en chaîne,,,,,,,,,,,1,2,1,1,4
200800013816,0008-03-16 18:10:00,8,3,16,18,10,900,10,JOFFRE (BOULEVARD MARECH,,,Plein jour,En agglomération,Hors intersection,Pluie légère,Autre collision,,,,,,,,,,,1,2,1,2,6
200800013817,0008-03-17 21:06:00,8,3,17,21,6,900,10,ANCETRES (FAUBOURG DES),,,Nuit avec éclairage allumé,En agglomération,Intersection en X,Pluie légère,Deux véhicules - côté,,,,,,,,,,,5,2,2,2,3
200800013818,0008-03-20 13:12:00,8,3,20,13,12,900,10,FRANCE BOULEVARD ANATOLE,,,Plein jour,En agglomération,Hors intersection,Normale,Autre collision,,,,,,,,,,,1,2,1,1,6
200800013819,0008-03-20 14:20:00,8,3,20,14,20,900,8,"04, BELFORT (RUE DE)",,,Plein jour,En agglomération,Hors intersection,Normale,Deux véhicules - côté,,,,,,,,,,,1,2,1,1,3
200800013820,0008-03-20 16:51:00,8,3,20,16,51,900,10,"25, REPUBLIQUE (PLACE DE",,,Plein jour,En agglomération,Hors intersection,Temps couvert,Autre collision,,,,,,,,,,,1,2,1,8,6
200800013821,0008-03-22 12:17:00,8,3,22,12,17,900,10,"86, MONTBELIARD (FAUBOUR",,,Plein jour,En agglomération,Hors intersection,Neige / grêle,Trois véhicules et plus - en chaîne,,,,,,,,,,,1,2,1,4,4
200800013822,0008-03-22 17:00:00,8,3,22,17,0,900,10,LAURENCIE (AVENUE CAPITA,,,Plein jour,En agglomération,Intersection en X,Normale,Sans collision,,,,,,,,,,,1,2,2,1,7
200800013823,0008-03-30 01:55:00,8,3,30,1,55,900,39,R.D.16,,,Nuit sans éclairage public,Hors agglomération,Hors intersection,Normale,Sans collision,,,,,,,,,,,3,1,1,1,7
200800013824,0008-03-30 03:50:00,8,3,30,3,50,900,10,JAURES (AVENUE JEAN) A 1,,,Nuit avec éclairage allumé,En agglomération,Intersection en T,Normale,Deux véhicules - côté,,,,,,,,,,,5,2,3,1,3
200800013825,0008-03-30 05:30:00,8,3,30,5,30,900,10,"5, CROIX DU TILLEUL (RUE",,,Nuit avec éclairage allumé,En agglomération,Hors intersection,Normale,Autre collision,,,,,,,,,,,5,2,1,1,6
200800013826,0008-03-01 13:45:00,8,3,1,13,45,910,425,TEMPLIERS (ROUTE DES),,,Plein jour,En agglomération,Intersection en X,Normale,Deux véhicules - côté,,,,,,,,,,,1,2,2,1,3
200800013827,0008-03-12 15:58:00,8,3,12,15,58,910,457,FERTE ALAIS (ROUTE DE LA,,,Plein jour,Hors agglomération,Hors intersection,Normale,Deux véhicules - frontale,,,,,,,,,,,1,1,1,1,1
200800013828,0008-03-14 08:20:00,8,3,14,8,20,910,347,HEBERT JULIEN (RUE),,,Plein jour,En agglomération,Intersection en X,Normale,Deux véhicules - côté,,,,,,,,,,,1,2,2,1,3
200800013829,0008-03-19 17:25:00,8,3,19,17,25,910,457,CD 19,,,Plein jour,Hors agglomération,Intersection en X,Normale,Deux véhicules - côté,,,,,,,,,,,1,1,2,1,3
200800013830,0008-03-29 12:48:00,8,3,29,12,48,910,21,"06, CORNATON ABEL (RUE)",,,Plein jour,En agglomération,Intersection en X,Normale,Deux véhicules - côté,,,,,,,,,,,1,2,2,1,3
200800013831,0008-03-29 14:30:00,8,3,29,14,30,910,103,COMMUNE DE PARIS (RUE DE,,,Plein jour,En agglomération,Intersection en X,Normale,Deux véhicules - côté,,,,,,,,,,,1,2,2,1,3
200800013832,0008-03-29 21:10:00,8,3,29,21,10,910,425,"52, NATIONALE 20 (ROUTE)",,,Nuit avec éclairage allumé,Hors agglomération,Autre intersection,Normale,Autre collision,,,,,,,,,,,5,1,9,1,6
200800013833,0008-03-09 22:30:00,8,3,9,22,30,910,479,"0, FONTAINEBLEAU (BOULEV",,,Nuit avec éclairage allumé,Hors agglomération,Hors intersection,Normale,Autre collision,,,,,,,,,,,5,1,1,1,6
200800013834,0008-03-20 18:20:00,8,3,20,18,20,910,479,FONTAINEBLEAU (BOULEVARD,,,Crépuscule ou aube,Hors agglomération,Hors intersection,Normale,Autre collision,,,,,,,,,,,2,1,1,1,6
200800013835,0008-03-03 08:10:00,8,3,3,8,10,910,114,ROUTE NATIONALE 6,,,Plein jour,En agglomération,Hors intersection,Normale,Deux véhicules - arrière,,,,,,,,,,,1,2,1,1,2
200800013836,0008-03-08 12:40:00,8,3,8,12,40,910,215,"2,00, WEBER (RUE)",,,Plein jour,En agglomération,Hors intersection,Normale,Autre collision,,,,,,,,,,,1,2,1,1,6
200800013837,0008-03-12 10:10:00,8,3,12,10,10,910,114,"95, GENERAL LECLERC (AVE",,,Plein jour,En agglomération,Intersection en X,Pluie légère,Deux véhicules - côté,,,,,,,,,,,1,2,2,2,3
200800013838,0008-03-13 17:15:00,8,3,13,17,15,910,114,WITTLICH (ROND POINT),,,Plein jour,En agglomération,Giratoire,Normale,Deux véhicules - côté,,,,,,,,,,,1,2,6,1,3
200800013839,0008-03-15 18:35:00,8,3,15,18,35,910,114,ROSIERS (AVENUE DES),,,Nuit avec éclairage allumé,En agglomération,Intersection en X,Pluie légère,Deux véhicules - côté,,,,,,,,,,,5,2,2,2,3
200800013840,0008-03-20 17:05:00,8,3,20,17,5,910,514,JARCY (RUE DE),,,Plein jour,En agglomération,Hors intersection,Normale,Deux véhicules - côté,,,,,,,,,,,1,2,1,1,3
200800013841,0008-03-26 15:00:00,8,3,26,15,0,910,97,CHARLES DE GAULLE(EPINAY,,,Plein jour,En agglomération,Hors intersection,Normale,Deux véhicules - arrière,,,,,,,,,,,1,2,1,1,2
200800013842,0008-03-29 11:05:00,8,3,29,11,5,910,514,BRUNOY (RUE DE),,,Plein jour,En agglomération,Hors intersection,Normale,Sans collision,,,,,,,,,,,1,2,1,1,7
200800013843,0008-03-25 18:40:00,8,3,25,18,40,910,114,PIERRE PROST (AVENUE),,,Crépuscule ou aube,En agglomération,Hors intersection,Normale,Deux véhicules - arrière,,,,,,,,,,,2,2,1,1,2
200800013844,0008-03-29 06:45:00,8,3,29,6,45,910,114,ROUTE NATIONALE 6,,,Nuit avec éclairage allumé,En agglomération,Hors intersection,Normale,Deux véhicules - arrière,,,,,,,,,,,5,2,1,1,2
200800013845,0008-03-11 10:35:00,8,3,11,10,35,910,657,MAINVILLE (RUE DE),,,Plein jour,En agglomération,Hors intersection,Normale,Deux véhicules - côté,,,,,,,,,,,1,2,1,1,3
200800013846,0008-03-11 15:05:00,8,3,11,15,5,910,657,HENRI BARBUSSE (AVENUE),,,Plein jour,En agglomération,Intersection en X,Normale,Deux véhicules - côté,,,,,,,,,,,1,2,2,1,3
200800013847,0008-03-13 23:30:00,8,3,13,23,30,910,201,HENRI BARBUSSE(BOULEVARD,,,Nuit avec éclairage allumé,En agglomération,Intersection en X,Normale,Sans collision,,,,,,,,,,,5,2,2,1,7
200800013848,0008-03-21 17:45:00,8,3,21,17,45,910,657,RAPP (RUE),,,Plein jour,En agglomération,Hors intersection,Normale,Autre collision,,,,,,,,,,,1,2,1,1,6
200800013849,0008-03-15 09:50:00,8,3,15,9,50,910,201,PREMIERE ARMEE FRANCAISE,,,Plein jour,En agglomération,Giratoire,Normale,Deux véhicules - frontale,,,,,,,,,,,1,2,6,1,1
200800013850,0008-03-15 15:15:00,8,3,15,15,15,910,657,PIERRE BROSSOLETTE (RUE),,,Plein jour,En agglomération,Intersection en X,Normale,Deux véhicules - côté,,,,,,,,,,,1,2,2,1,3
200800013851,0008-03-01 13:20:00,8,3,1,13,20,910,469,D721,,,Plein jour,Hors agglomération,Intersection en X,Normale,Deux véhicules - côté,,,,,,,,,,,1,1,2,1,3
200800013852,0008-03-12 13:10:00,8,3,12,13,10,910,433,CD 837,,,Plein jour,Hors agglomération,Intersection en X,Normale,Deux véhicules - côté,,,,,,,,,,,1,1,2,1,3
200800013853,0008-03-22 07:59:00,8,3,22,7,59,910,223,RN 191,,,Plein jour,Hors agglomération,Hors intersection,Pluie légère,Sans collision,,,,,,,,,,,1,1,1,2,7
200800013854,0008-03-23 00:40:00,8,3,23,0,40,910,223,RN 191,,,Nuit sans éclairage public,Hors agglomération,Hors intersection,Normale,Sans collision,,,,,,,,,,,3,1,1,1,7
200800013855,0008-03-01 17:15:00,8,3,1,17,15,910,182,"., PARLEMENT EUROPEEN (R",,,Plein jour,En agglomération,Giratoire,Normale,Deux véhicules - arrière,,,,,,,,,,,1,2,6,1,2
200800013856,0008-03-02 13:35:00,8,3,2,13,35,910,521,"., BORDE (QUAI DE LA)",,,Plein jour,En agglomération,Hors intersection,Normale,Autre collision,,,,,,,,,,,1,2,1,1,6
200800013857,0008-03-09 15:45:00,8,3,9,15,45,910,521,"., TROUSSEAU (CHEMIN DU)",,,Plein jour,En agglomération,Hors intersection,Normale,Autre collision,,,,,,,,,,,1,2,1,1,6
200800013858,0008-03-10 17:00:00,8,3,10,17,0,910,228,"., LIBERTE (AVENUE DE LA",,,Plein jour,En agglomération,Hors intersection,Normale,Autre collision,,,,,,,,,,,1,2,1,1,6
200800013859,0008-03-12 12:40:00,8,3,12,12,40,910,182,"., DELOUVRIER (AVENUE PA",,,Plein jour,En agglomération,Hors intersection,Pluie légère,Deux véhicules - arrière,,,,,,,,,,,1,2,1,2,2
200800013860,0008-03-17 08:20:00,8,3,17,8,20,910,228,"., LIBERTE (AVENUE DE LA",,,Plein jour,En agglomération,Hors intersection,Pluie légère,Autre collision,,,,,,,,,,,1,2,1,2,6
200800013861,0008-03-18 17:30:00,8,3,18,17,30,910,228,"6, MONTESPAN (RUE)",,,Plein jour,En agglomération,Hors intersection,Normale,Autre collision,,,,,,,,,,,1,2,1,1,6
200800013862,0008-03-21 19:40:00,8,3,21,19,40,910,228,"., MONTESPAN (RUE)",,,Nuit avec éclairage allumé,En agglomération,Intersection en X,Normale,Autre collision,,,,,,,,,,,5,2,2,1,6
200800013863,0008-03-15 17:45:00,8,3,15,17,45,910,161,"7, PIERRE BROSSOLETTE (A",,,Plein jour,En agglomération,Hors intersection,Normale,Deux véhicules - arrière,,,,,,,,,,,1,2,1,1,2
200800013864,0008-03-21 16:10:00,8,3,21,16,10,910,161,"2, PIERRE BROSSOLETTE (A",,,Plein jour,En agglomération,Hors intersection,Normale,Deux véhicules - côté,,,,,,,,,,,1,2,1,1,3
200800013865,0008-03-03 23:25:00,8,3,3,23,25,910,421,NATIONALE 6 (PARTIE FORE,,,Nuit avec éclairage allumé,Hors agglomération,Hors intersection,Normale,Autre collision,,,,,,,,,,,5,1,1,1,6
200800013866,0008-03-04 08:45:00,8,3,4,8,45,910,691,PARC,,,Plein jour,En agglomération,Intersection en Y,Normale,Deux véhicules - frontale,,,,,,,,,,,1,2,4,1,1
200800013867,0008-03-05 15:45:00,8,3,5,15,45,910,421,CORBEIL (ROUTE DE),,,Plein jour,En agglomération,Hors intersection,Normale,Deux véhicules - frontale,,,,,,,,,,,1,2,1,1,1
200800013868,0008-03-07 08:30:00,8,3,7,8,30,910,421,CHARLES DE GAULLE (AVENU,,,Plein jour,En agglomération,Hors intersection,Normale,Deux véhicules - arrière,,,,,,,,,,,1,2,1,1,2
200800013869,0008-03-10 21:10:00,8,3,10,21,10,910,421,NATIONALE 6 (GLACIERE),,,Nuit sans éclairage public,Hors agglomération,Hors intersection,Normale,Deux véhicules - arrière,,,,,,,,,,,3,1,1,1,2
200800013870,0008-03-08 08:40:00,8,3,8,8,40,910,421,"0, CHARLES DE GAULLE (AV",,,Plein jour,En agglomération,Hors intersection,Normale,Sans collision,,,,,,,,,,,1,2,1,1,7
200800013871,0008-03-14 18:30:00,8,3,14,18,30,910,421,"2, LOUIS ARMAND (RUE)",,,Plein jour,En agglomération,Hors intersection,Normale,Trois véhicules et plus - collisions multiples,,,,,,,,,,,1,2,1,1,5
200800013872,0008-03-15 13:00:00,8,3,15,13,0,910,191,"2bis, PLATANES (RUE DES)",,,Plein jour,En agglomération,Hors intersection,Normale,Deux véhicules - côté,,,,,,,,,,,1,2,1,1,3
200800013873,0008-03-21 20:15:00,8,3,21,20,15,910,421,REPUBLIQUE (AVENUE DE LA,,,Nuit avec éclairage allumé,En agglomération,Hors intersection,Normale,Trois véhicules et plus - en chaîne,,,,,,,,,,,5,2,1,1,4
200800013874,0008-03-29 17:45:00,8,3,29,17,45,910,421,"149, REPUBLIQUE (AVENUE",,,Plein jour,En agglomération,Hors intersection,Normale,Sans collision,,,,,,,,,,,1,2,1,1,7
200800013875,0008-03-01 07:30:00,8,3,1,7,30,910,692,R.N 446,,,Nuit avec éclairage allumé,Hors agglomération,Hors intersection,Normale,Sans collision,,,,,,,,,,,5,1,1,1,7
200800013876,0008-03-03 10:40:00,8,3,3,10,40,910,122,CD 988 (ROUTE DE CHARTRE,,,Plein jour,Hors agglomération,Intersection en T,Normale,Deux véhicules - côté,,,,,,,,,,,1,1,3,1,3
200800013877,0008-03-07 16:25:00,8,3,7,16,25,910,692,"0, CEVENNES (RUE DES)",,,Plein jour,En agglomération,Hors intersection,Normale,Deux véhicules - frontale,,,,,,,,,,,1,2,1,1,1
200800013878,0008-03-10 12:15:00,8,3,10,12,15,910,64,CD 117 (ROUTE DE JOUY),,,Plein jour,Hors agglomération,Intersection en T,Normale,Deux véhicules - côté,,,,,,,,,,,1,1,3,1,3
200800013879,0008-03-12 15:20:00,8,3,12,15,20,910,477,CD 128,,,Plein jour,Hors agglomération,Giratoire,Normale,Deux véhicules - côté,,,,,,,,,,,1,1,6,1,3
200800013880,0008-03-14 08:15:00,8,3,14,8,15,910,477,"34, MAURICE BERTEAUX (RU",,,Crépuscule ou aube,En agglomération,Hors intersection,Normale,Autre collision,,,,,,,,,,,2,2,1,1,6
200800013881,0008-03-15 02:25:00,8,3,15,2,25,910,645,"0, GEORGES POMPIDOU (AVE",,,Nuit avec éclairage allumé,En agglomération,Hors intersection,Normale,Autre collision,,,,,,,,,,,5,2,1,1,6
200800013882,0008-03-16 07:45:00,8,3,16,7,45,910,692,CD35,,,Crépuscule ou aube,Hors agglomération,Hors intersection,Normale,Sans collision,,,,,,,,,,,2,1,1,1,7
200800013883,0008-03-19 18:10:00,8,3,19,18,10,910,477,"56, MOULIN (RUE DU)",,,Plein jour,En agglomération,Hors intersection,Normale,Autre collision,,,,,,,,,,,1,2,1,1,6
200800013884,0008-03-20 19:25:00,8,3,20,19,25,910,477,"80, BERTEAUX (RUE MAURIC",,,Nuit avec éclairage allumé,En agglomération,Hors intersection,Normale,Sans collision,,,,,,,,,,,5,2,1,1,7
200800013885,0008-03-20 20:05:00,8,3,20,20,5,910,312,"0, JOLIOT CURIE (AVENUE)",,,Nuit avec éclairage allumé,En agglomération,Giratoire,Normale,Deux véhicules - côté,,,,,,,,,,,5,2,6,1,3
200800013886,0008-03-25 12:45:00,8,3,25,12,45,910,645,"0, MARECHAL FOCH (BOULEV",,,Plein jour,En agglomération,Intersection en X,Normale,Deux véhicules - côté,,,,,,,,,,,1,2,2,1,3
200800013887,0008-03-11 16:50:00,8,3,11,16,50,910,216,"1, MEDERIC (RUE PIERRE)",,,Plein jour,En agglomération,Hors intersection,Vent fort / tempête,Deux véhicules - frontale,,,,,,,,,,,1,2,1,6,1
200800013888,0008-03-21 01:15:00,8,3,21,1,15,910,667,", LOUVIERE (PLACE)",,,Nuit avec éclairage allumé,En agglomération,Hors intersection,Pluie légère,Autre collision,,,,,,,,,,,5,2,1,2,6
200800013889,0008-03-21 16:00:00,8,3,21,16,0,910,216,GRANDE RUE,,,Plein jour,En agglomération,Intersection en X,Normale,Deux véhicules - côté,,,,,,,,,,,1,2,2,1,3
200800013890,0008-03-24 12:30:00,8,3,24,12,30,910,549,"1, CORBEIL (ROUTE DE)",,,Plein jour,En agglomération,Intersection en T,Pluie légère,Deux véhicules - côté,,,,,,,,,,,1,2,3,2,3
200800013891,0008-03-03 17:15:00,8,3,3,17,15,910,589,"48, DE GAULLE (AVENUE CH",,,Plein jour,En agglomération,Intersection en X,Normale,Autre collision,,,,,,,,,,,1,2,2,1,6
200800013892,0008-03-21 16:50:00,8,3,21,16,50,910,432,BROSSOLETTE (PLACE PIERR,,,Plein jour,En agglomération,Intersection en Y,Normale,Sans collision,,,,,,,,,,,1,2,4,1,7
200800013893,0008-03-29 10:12:00,8,3,29,10,12,910,589,LEUTHREAU  (AVENUE R) N0,,,Plein jour,En agglomération,Intersection en X,Normale,Deux véhicules - côté,,,,,,,,,,,1,2,2,1,3
200800013894,0008-03-03 09:40:00,8,3,3,9,40,920,2,PONT NORD,,,Plein jour,En agglomération,Intersection en T,Pluie légère,Autre collision,,,,,,,,,,,1,2,3,2,6
200800013895,0008-03-21 13:15:00,8,3,21,13,15,920,2,BACONNETS (RUE DES),,,Plein jour,En agglomération,Intersection en T,Pluie légère,Deux véhicules - côté,,,,,,,,,,,1,2,3,2,3
200800013896,0008-03-25 09:00:00,8,3,25,9,0,920,2,"26, RAYMON ARON (AVENUE)",,,Plein jour,En agglomération,Giratoire,Normale,Deux véhicules - côté,,,,,,,,,,,1,2,6,1,3
200800013897,0008-03-25 10:30:00,8,3,25,10,30,920,2,"13, AUGUSTE MOUNIE (RUE)",,,Plein jour,En agglomération,Intersection en T,Temps couvert,Autre collision,,,,,,,,,,,1,2,3,8,6
200800013898,0008-03-28 19:45:00,8,3,28,19,45,920,2,FONTAINE MOUTON (AVENUE,,,Nuit avec éclairage allumé,En agglomération,Intersection en T,Pluie légère,Deux véhicules - côté,,,,,,,,,,,5,2,3,2,3
200800013899,0008-03-29 22:20:00,8,3,29,22,20,920,2,"2, ROBERT SCHERRER (RUE)",,,Nuit avec éclairage allumé,En agglomération,Hors intersection,Normale,Autre collision,,,,,,,,,,,5,2,1,1,6
200800013900,0008-03-31 20:00:00,8,3,31,20,0,920,2,"., ADOLPHE PAJEAUD (RUE)",,,Crépuscule ou aube,En agglomération,Hors intersection,Normale,Autre collision,,,,,,,,,,,2,2,1,1,6
200800013901,0008-03-04 18:10:00,8,3,4,18,10,920,9,"35, HENRI LITOLFF ( RUE",,,Crépuscule ou aube,En agglomération,Intersection en X,Pluie légère,Autre collision,,,,,,,,,,,2,2,2,2,6
200800013902,0008-03-05 19:20:00,8,3,5,19,20,920,9,"NR, ESTIENNE D'ORVES ( R",,,Nuit avec éclairage allumé,En agglomération,Intersection en T,Normale,Autre collision,,,,,,,,,,,5,2,3,1,6
200800013903,0008-03-08 11:00:00,8,3,8,11,0,920,4,"NR, BAS ( RUE DES )",,,Plein jour,En agglomération,Hors intersection,Normale,Deux véhicules - arrière,,,,,,,,,,,1,2,1,1,2
200800013904,0008-03-11 10:15:00,8,3,11,10,15,920,9,"3, QUATORZE JUILLET ( RU",,,Plein jour,En agglomération,Hors intersection,Normale,Autre collision,,,,,,,,,,,1,2,1,1,6