accident_id,datetime,annee,mois,jour,heure,minute,departement,commune_insee,adresse,latitude,longitude,luminosite,agglomeration,intersection,meteo,collision,nb_vehicules,nb_usagers,nb_indemnes,nb_tues,nb_blesses_hosp,nb_blesses_legers,age_cond_1,age_cond_2,veh_type_cond_1,veh_type_cond_2,lum_code,agg_code,int_code,atm_code,col_code
200800013905,0008-03-11 22:20:00,8,3,11,22,20,920,4,"49, ARGENTEUIL AV D'",,,Nuit avec éclairage allumé,En agglomération,Intersection en X,Normale,Deux véhicules - côté,,,,,,,,,,,5,2,2,1,3
200800013906,0008-03-16 14:30:00,8,3,16,14,30,920,4,"NR, GRANDE RUE CHARLES D",,,Plein jour,En agglomération,Intersection en X,Normale,Deux véhicules - côté,,,,,,,,,,,1,2,2,1,3
200800013907,0008-03-18 18:30:00,8,3,18,18,30,920,4,"NR, PIERRE DE COUBERTIN",,,Plein jour,En agglomération,Intersection en T,Normale,Deux véhicules - côté,,,,,,,,,,,1,2,3,1,3
200800013908,0008-03-22 23:15:00,8,3,22,23,15,920,4,"NR, PONT DE CLICHY",,,Nuit avec éclairage allumé,En agglomération,Intersection en X,Pluie légère,Deux véhicules - côté,,,,,,,,,,,5,2,2,2,3
200800013909,0008-03-25 09:25:00,8,3,25,9,25,920,4,"nr, DUCHESNAY ( RUE DU )",,,Plein jour,En agglomération,Intersection en X,Normale,Autre collision,,,,,,,,,,,1,2,2,1,6
200800013910,0008-03-27 09:25:00,8,3,27,9,25,920,4,"31, CHATEAU ( RUE DU )",,,Plein jour,En agglomération,Intersection en X,Pluie légère,Autre collision,,,,,,,,,,,1,2,2,2,6
200800013911,0008-03-27 23:26:00,8,3,27,23,26,920,4,RPC GILBERT,,,Nuit avec éclairage allumé,En agglomération,Intersection en X,Normale,Deux véhicules - côté,,,,,,,,,,,5,2,2,1,3
200800013912,0008-03-28 08:00:00,8,3,28,8,0,920,4,"216, ARGENTEUIL N° 176 A",,,Plein jour,En agglomération,Intersection en T,Normale,Autre collision,,,,,,,,,,,1,2,3,1,6
200800013913,0008-03-28 14:00:00,8,3,28,14,0,920,4,"135, DOCTEUR DERVAUX  (",,,Plein jour,En agglomération,Hors intersection,Normale,Sans collision,,,,,,,,,,,1,2,1,1,7
200800013914,0008-03-30 10:10:00,8,3,30,10,10,920,9,CHARLES-DE-GAULLE ( AVEN,,,Plein jour,En agglomération,Intersection en T,Normale,Deux véhicules - côté,,,,,,,,,,,1,2,3,1,3
200800013915,0008-03-11 08:30:00,8,3,11,8,30,920,7,"88, RAVERA (AVENUE HENRI",,,Plein jour,En agglomération,Intersection en T,Normale,Autre collision,,,,,,,,,,,1,2,3,1,6
200800013916,0008-03-12 13:15:00,8,3,12,13,15,920,7,"44, BRIAND (AVENUE ARIST",,,Plein jour,En agglomération,Hors intersection,Normale,Trois véhicules et plus - en chaîne,,,,,,,,,,,1,2,1,1,4
200800013917,0008-03-04 21:00:00,8,3,4,21,0,920,19,"315, DIVISION LECLERC (A",,,Nuit avec éclairage allumé,En agglomération,Hors intersection,Pluie légère,Autre collision,,,,,,,,,,,5,2,1,2,6
200800013918,0008-03-05 17:30:00,8,3,5,17,30,920,71,"144, GENERAL LECLERC (AV",,,Plein jour,En agglomération,Hors intersection,Normale,Deux véhicules - arrière,,,,,,,,,,,1,2,1,1,2
200800013919,0008-03-09 19:00:00,8,3,9,19,0,920,19,"440, DIVISION LECLERC (A",,,Nuit avec éclairage allumé,En agglomération,Intersection en X,Pluie forte,Deux véhicules - côté,,,,,,,,,,,5,2,2,3,3
200800013920,0008-03-20 18:00:00,8,3,20,18,0,920,19,"7, DIVISION LECLERC (AVE",,,Plein jour,En agglomération,Hors intersection,Pluie légère,Deux véhicules - côté,,,,,,,,,,,1,2,1,2,3
200800013921,0008-03-26 19:00:00,8,3,26,19,0,920,32,BLANCHARD (RUE),,,Crépuscule ou aube,En agglomération,Intersection en X,Temps couvert,Deux véhicules - frontale,,,,,,,,,,,2,2,2,8,1
200800013922,0008-03-31 18:15:00,8,3,31,18,15,920,71,COLBERT (BOULEVARD),,,Plein jour,En agglomération,Intersection en T,Normale,Deux véhicules - arrière,,,,,,,,,,,1,2,3,1,2
200800013923,0008-03-11 09:05:00,8,3,11,9,5,920,60,PAUL LANGEVIN (AVENUE) (,,,Plein jour,En agglomération,Giratoire,Normale,Deux véhicules - côté,,,,,,,,,,,1,2,6,1,3
200800013924,0008-03-11 14:05:00,8,3,11,14,5,920,23,MONTS (RUE DES),,,Plein jour,En agglomération,Intersection en X,Pluie légère,Deux véhicules - côté,,,,,,,,,,,1,2,2,2,3
200800013925,0008-03-13 11:55:00,8,3,13,11,55,920,60,MOULIN DE LA TOUR (BOULE,,,Plein jour,En agglomération,Intersection en T,Normale,Deux véhicules - frontale,,,,,,,,,,,1,2,3,1,1
200800013926,0008-03-27 19:50:00,8,3,27,19,50,920,23,"03, VILLACOUBLAY (AVENUE",,,Crépuscule ou aube,En agglomération,Hors intersection,Autre,Autre collision,,,,,,,,,,,2,2,1,9,6
200800013927,0008-03-31 08:40:00,8,3,31,8,40,920,60,PAUL LANGEVIN (AVENUE) (,,,Plein jour,En agglomération,Intersection en X,Normale,Deux véhicules - côté,,,,,,,,,,,1,2,2,1,3
200800013928,0008-03-06 17:50:00,8,3,6,17,50,920,24,"38, MADAME DE SANZILLON",,,Plein jour,En agglomération,Intersection en X,Pluie légère,Deux véhicules - côté,,,,,,,,,,,1,2,2,2,3
200800013929,0008-03-07 09:15:00,8,3,7,9,15,920,24,"202, CLICHY (QUAI DE) DE",,,Plein jour,En agglomération,Intersection en T,Normale,Deux véhicules - frontale,,,,,,,,,,,1,2,3,1,1
200800013930,0008-03-03 19:40:00,8,3,3,19,40,920,24,"9, JEAN WALTER (RUE)",,,Plein jour,En agglomération,Intersection en T,Normale,Autre collision,,,,,,,,,,,1,2,3,1,6
200800013931,0008-03-02 06:45:00,8,3,2,6,45,920,24,"102, MARTRE (RUE) DE (59",,,Crépuscule ou aube,En agglomération,Intersection en X,Normale,Deux véhicules - côté,,,,,,,,,,,2,2,2,1,3
200800013932,0008-03-16 13:30:00,8,3,16,13,30,920,24,"13, LANDY (RUE DU) DE (1",,,Plein jour,En agglomération,Hors intersection,Normale,Autre collision,,,,,,,,,,,1,2,1,1,6
200800013933,0008-03-02 19:10:00,8,3,2,19,10,920,25,PDT S.ALLENDE<>90 A 276,,,Nuit avec éclairage allumé,En agglomération,Intersection en X,Normale,Deux véhicules - côté,,,,,,,,,,,5,2,2,1,3
200800013934,0008-03-07 19:20:00,8,3,7,19,20,920,25,MARCEAU (BD),,,Nuit avec éclairage allumé,En agglomération,Intersection en X,Pluie légère,Deux véhicules - côté,,,,,,,,,,,5,2,2,2,3
200800013935,0008-03-12 22:25:00,8,3,12,22,25,920,25,EUROPE (AV DE L'),,,Nuit avec éclairage allumé,En agglomération,Hors intersection,Normale,Deux véhicules - côté,,,,,,,,,,,5,2,1,1,3
200800013936,0008-03-14 16:50:00,8,3,14,16,50,920,25,"146, VALMY (BD DE)",,,Plein jour,En agglomération,Hors intersection,Normale,Autre collision,,,,,,,,,,,1,2,1,1,6
200800013937,0008-03-14 17:15:00,8,3,14,17,15,920,25,CHARLES DE GAULLE (BD),,,Plein jour,En agglomération,Intersection en X,Normale,Autre collision,,,,,,,,,,,1,2,2,1,6
200800013938,0008-03-16 20:05:00,8,3,16,20,5,920,25,MENELOTTE <> 2A 50 (AV),,,Nuit avec éclairage allumé,En agglomération,Intersection en T,Pluie légère,Autre collision,,,,,,,,,,,5,2,3,2,6
200800013939,0008-03-27 11:10:00,8,3,27,11,10,920,25,CHARLES DE GAULLE (BD),,,Plein jour,En agglomération,Intersection en X,Normale,Deux véhicules - côté,,,,,,,,,,,1,2,2,1,3
200800013940,0008-03-31 17:45:00,8,3,31,17,45,920,25,"454 bis, GABRIEL PERI (R",,,Plein jour,En agglomération,Hors intersection,Pluie légère,Deux véhicules - arrière,,,,,,,,,,,1,2,1,2,2
200800013941,0008-03-28 18:20:00,8,3,28,18,20,920,25,"154, CHARLES DE GAULLE (",,,Plein jour,En agglomération,Hors intersection,Pluie légère,Trois véhicules et plus - collisions multiples,,,,,,,,,,,1,2,1,2,5
200800013942,0008-03-31 18:20:00,8,3,31,18,20,920,25,"127/129, JULES FERRY > 7",,,Plein jour,En agglomération,Hors intersection,Normale,Autre collision,,,,,,,,,,,1,2,1,1,6
200800013943,0008-03-03 23:35:00,8,3,3,23,35,920,26,"12, LEONARD DE VINCI",,,Nuit avec éclairage allumé,En agglomération,Intersection en T,Pluie légère,Autre collision,,,,,,,,,,,5,2,3,2,6
200800013944,0008-03-03 09:10:00,8,3,3,9,10,920,26,"19, PAUL DOUMER",,,Plein jour,En agglomération,Hors intersection,Temps couvert,Deux véhicules - arrière,,,,,,,,,,,1,2,1,8,2
200800013945,0008-03-04 20:00:00,8,3,4,20,0,920,26,LEONARD DE VINCI,,,Nuit avec éclairage non allumé,En agglomération,Intersection en T,Normale,Autre collision,,,,,,,,,,,4,2,3,1,6
200800013946,0008-03-10 22:00:00,8,3,10,22,0,920,26,PRÉSIDENT PAUL DOUMER (Q,,,Nuit avec éclairage allumé,Hors agglomération,Intersection en T,Pluie légère,Deux véhicules - frontale,,,,,,,,,,,5,1,3,2,1
200800013947,0008-03-09 01:50:00,8,3,9,1,50,920,26,AJOUX,,,Nuit avec éclairage allumé,En agglomération,Intersection en X,Normale,Deux véhicules - côté,,,,,,,,,,,5,2,2,1,3
200800013948,0008-03-10 12:15:00,8,3,10,12,15,920,26,"-----, VERDUN (DE 62 A F",,,Plein jour,En agglomération,Intersection en X,Pluie légère,Autre collision,,,,,,,,,,,1,2,2,2,6
200800013949,0008-03-12 07:45:00,8,3,12,7,45,920,26,VERDUN (DE 01 A 61),,,Plein jour,En agglomération,Intersection en X,Normale,Deux véhicules - côté,,,,,,,,,,,1,2,2,1,3
200800013950,0008-03-13 16:00:00,8,3,13,16,0,920,26,VERDUN (DE 01 A 61),,,Plein jour,En agglomération,Intersection en T,Temps couvert,Deux véhicules - côté,,,,,,,,,,,1,2,3,8,3
200800013951,0008-03-14 15:30:00,8,3,14,15,30,920,26,MARECHAL JOFFRE (QUAI DU,,,Plein jour,En agglomération,Hors intersection,Normale,Deux véhicules - arrière,,,,,,,,,,,1,2,1,1,2
200800013952,0008-03-18 17:20:00,8,3,18,17,20,920,26,"01, ARISTIDE BRIAND",,,Plein jour,En agglomération,Intersection en T,Normale,Deux véhicules - côté,,,,,,,,,,,1,2,3,1,3
200800013953,0008-03-21 02:25:00,8,3,21,2,25,920,26,"127, VERDUN (DE 62 A FIN",,,Nuit avec éclairage allumé,En agglomération,Hors intersection,Pluie légère,Autre collision,,,,,,,,,,,5,2,1,2,6
200800013954,0008-03-22 19:15:00,8,3,22,19,15,920,26,VERDUN (DE 01 A 61),,,Nuit avec éclairage allumé,En agglomération,Intersection en T,Pluie légère,Deux véhicules - côté,,,,,,,,,,,5,2,3,2,3
200800013955,0008-03-27 15:50:00,8,3,27,15,50,920,26,SAINT-DENIS BD DE (01 A,,,Plein jour,En agglomération,Intersection en T,Pluie légère,Autre collision,,,,,,,,,,,1,2,3,2,6
200800013956,0008-03-25 06:00:00,8,3,25,6,0,920,26,BEZONS (DE 23 A FIN),,,Crépuscule ou aube,En agglomération,Intersection en X,Temps couvert,Deux véhicules - côté,,,,,,,,,,,2,2,2,8,3
200800013957,0008-03-25 21:40:00,8,3,25,21,40,920,26,"2, ONZE NOVEMBRE",,,Nuit avec éclairage allumé,En agglomération,Hors intersection,Normale,Deux véhicules - côté,,,,,,,,,,,5,2,1,1,3
200800013958,0008-03-28 13:10:00,8,3,28,13,10,920,26,COLOMBES,,,Plein jour,En agglomération,Intersection en T,Temps couvert,Autre collision,,,,,,,,,,,1,2,3,8,6
200800013959,0008-03-30 14:50:00,8,3,30,14,50,920,26,BELGIQUE ( PLACE DE ),,,Plein jour,En agglomération,Giratoire,Pluie légère,Deux véhicules - côté,,,,,,,,,,,1,2,6,2,3
200800013960,0008-03-31 08:50:00,8,3,31,8,50,920,26,ABREUVOIR,,,Plein jour,En agglomération,Intersection en T,Normale,Deux véhicules - côté,,,,,,,,,,,1,2,3,1,3
200800013961,0008-03-11 08:00:00,8,3,11,8,0,920,35,"90, Europe ( avenue de l",,,Plein jour,En agglomération,Hors intersection,Pluie légère,Autre collision,,,,,,,,,,,1,2,1,2,6
200800013962,0008-03-17 08:50:00,8,3,17,8,50,920,35,"1, République ( boulevar",,,Plein jour,En agglomération,Giratoire,Normale,Autre collision,,,,,,,,,,,1,2,6,1,6
200800013963,0008-03-03 14:40:00,8,3,3,14,40,920,36,"0, VICTOR HUGO (RUE) (1)",,,Plein jour,En agglomération,Autre intersection,Normale,Autre collision,,,,,,,,,,,1,2,9,1,6
200800013964,0008-03-05 16:15:00,8,3,5,16,15,920,36,"0, LUTH (AVENUE DU) (1)",,,Plein jour,En agglomération,Autre intersection,Normale,Autre collision,,,,,,,,,,,1,2,9,1,6
200800013965,0008-03-15 20:45:00,8,3,15,20,45,920,36,"0, PIERRE TIMBAUD (RUE)",,,Nuit avec éclairage allumé,En agglomération,Autre intersection,Pluie forte,Deux véhicules - arrière,,,,,,,,,,,5,2,9,3,2
200800013966,0008-03-24 11:25:00,8,3,24,11,25,920,36,"0, PRINCIPALE DU PORT (R",,,Plein jour,En agglomération,Giratoire,Normale,Autre collision,,,,,,,,,,,1,2,6,1,6
200800013967,0008-03-01 15:50:00,8,3,1,15,50,920,40,"31 bis, JEAN-PIERRE TIMB",,,Plein jour,En agglomération,Hors intersection,Normale,Autre collision,,,,,,,,,,,1,2,1,1,6
200800013968,0008-03-04 19:15:00,8,3,4,19,15,920,40,"98 bis, GALLIENI (BOULEV",,,Nuit avec éclairage allumé,En agglomération,Intersection en T,Pluie légère,Sans collision,,,,,,,,,,,5,2,3,2,7
200800013969,0008-03-07 16:20:00,8,3,7,16,20,920,40,"01, STALINGRAD (QUAI DE)",,,Plein jour,En agglomération,Intersection à plus de 4 branches,Temps couvert,Sans collision,,,,,,,,,,,1,2,5,8,7
200800013970,0008-03-11 12:40:00,8,3,11,12,40,920,40,"99, PDT ROOSEVELT (QUAI",,,Plein jour,En agglomération,Hors intersection,Pluie légère,Deux véhicules - arrière,,,,,,,,,,,1,2,1,2,2
200800013971,0008-03-12 15:10:00,8,3,12,15,10,920,40,"36, ERNEST RENAN",,,Plein jour,En agglomération,Hors intersection,Vent fort / tempête,Autre collision,,,,,,,,,,,1,2,1,6,6
200800013972,0008-03-15 09:20:00,8,3,15,9,20,920,40,"194, STALINGRAD (QUAI DE",,,Plein jour,En agglomération,Hors intersection,Normale,Deux véhicules - arrière,,,,,,,,,,,1,2,1,1,2
200800013973,0008-03-26 21:15:00,8,3,26,21,15,920,40,"54, RODIN (BOULEVARD)",,,Nuit avec éclairage allumé,En agglomération,Hors intersection,Normale,Autre collision,,,,,,,,,,,5,2,1,1,6
200800013974,0008-03-27 16:20:00,8,3,27,16,20,920,40,"54, RODIN (BOULEVARD)",,,Plein jour,En agglomération,Hors intersection,Normale,Deux véhicules - arrière,,,,,,,,,,,1,2,1,1,2
200800013975,0008-03-16 21:15:00,8,3,16,21,15,920,44,P.V.COUTURIER(RUE)1A39 E,,,Nuit avec éclairage allumé,En agglomération,Intersection en X,Pluie légère,Deux véhicules - côté,,,,,,,,,,,5,2,2,2,3
200800013976,0008-03-17 16:45:00,8,3,17,16,45,920,44,MICHELET(QUAI) 2 A 30,,,Plein jour,En agglomération,Hors intersection,Temps couvert,Autre collision,,,,,,,,,,,1,2,1,8,6
200800013977,0008-03-17 16:46:00,8,3,17,16,46,920,44,DANTON(RUE)75A123 ET 90A,,,Plein jour,En agglomération,Hors intersection,Normale,Deux véhicules - arrière,,,,,,,,,,,1,2,1,1,2
200800013978,0008-03-17 20:00:00,8,3,17,20,0,920,44,KLEBER (RUE),,,Nuit avec éclairage allumé,En agglomération,Intersection en X,Normale,Autre collision,,,,,,,,,,,5,2,2,1,6
200800013979,0008-03-18 15:15:00,8,3,18,15,15,920,44,J. GUESDE(RUE)71A101ET80,,,Plein jour,En agglomération,Intersection en X,Normale,Autre collision,,,,,,,,,,,1,2,2,1,6
200800013980,0008-03-08 02:20:00,8,3,8,2,20,920,48,"58, JEAN JAURES (AVENUE)",,,Nuit avec éclairage allumé,En agglomération,Intersection en T,Normale,Deux véhicules - côté,,,,,,,,,,,5,2,3,1,3
200800013981,0008-03-12 13:15:00,8,3,12,13,15,920,48,"., VILLACOUBLAY (AVENUE",,,Plein jour,En agglomération,Intersection en X,Normale,Deux véhicules - frontale,,,,,,,,,,,1,2,2,1,1
200800013982,0008-03-01 22:00:00,8,3,1,22,0,920,49,"43, BRIAND AVENUE ARISTI",,,Nuit avec éclairage allumé,En agglomération,Hors intersection,Normale,Deux véhicules - arrière,,,,,,,,,,,5,2,1,1,2
200800013983,0008-03-02 01:20:00,8,3,2,1,20,920,20,"2, CORDIER RUE ESTHER",,,Nuit avec éclairage allumé,En agglomération,Hors intersection,Pluie légère,Deux véhicules - côté,,,,,,,,,,,5,2,1,2,3
200800013984,0008-03-10 09:45:00,8,3,10,9,45,920,20,"57, LIBERTE BOULEVARD DE",,,Plein jour,En agglomération,Hors intersection,Vent fort / tempête,Sans collision,,,,,,,,,,,1,2,1,6,7
200800013985,0008-03-11 12:45:00,8,3,11,12,45,920,20,"188, PARIS AVENUE DE N°8",,,Plein jour,En agglomération,Hors intersection,Normale,Deux véhicules - arrière,,,,,,,,,,,1,2,1,1,2
200800013986,0008-03-11 17:30:00,8,3,11,17,30,920,20,"33, PARIS AVENUE DE N° I",,,Plein jour,En agglomération,Hors intersection,Normale,Deux véhicules - arrière,,,,,,,,,,,1,2,1,1,2
200800013987,0008-03-13 13:15:00,8,3,13,13,15,920,20,DE GAULLE CARREFOUR CHAR,,,Plein jour,En agglomération,Hors intersection,Pluie légère,Deux véhicules - côté,,,,,,,,,,,1,2,1,2,3
200800013988,0008-03-13 15:35:00,8,3,13,15,35,920,49,"183, BROSSOLETTE AVENUE",,,Plein jour,En agglomération,Hors intersection,Normale,Deux véhicules - côté,,,,,,,,,,,1,2,1,1,3
200800013989,0008-03-30 19:45:00,8,3,30,19,45,920,49,"56, PERI RUE GABRIEL N°3",,,Plein jour,En agglomération,Hors intersection,Normale,Deux véhicules - arrière,,,,,,,,,,,1,2,1,1,2
200800013990,0008-03-03 22:20:00,8,3,3,22,20,920,62,"00, DE DION BOUTON (QUAI",,,Nuit avec éclairage allumé,En agglomération,Intersection en X,Pluie forte,Deux véhicules - côté,,,,,,,,,,,5,2,2,3,3
200800013991,0008-03-12 19:25:00,8,3,12,19,25,920,62,"131, REPUBLIQUE (RUE DE",,,Plein jour,En agglomération,Hors intersection,Normale,Autre collision,,,,,,,,,,,1,2,1,1,6
200800013992,0008-03-14 06:40:00,8,3,14,6,40,920,62,"00, REPUBLIQUE (RUE DE L",,,Crépuscule ou aube,En agglomération,Intersection en T,Normale,Deux véhicules - côté,,,,,,,,,,,2,2,3,1,3
200800013993,0008-03-16 13:20:00,8,3,16,13,20,920,62,"00, EICHENBERGER (RUE)",,,Plein jour,En agglomération,Intersection en T,Normale,Autre collision,,,,,,,,,,,1,2,3,1,6
200800013994,0008-03-18 09:00:00,8,3,18,9,0,920,62,"51, DE DION BOUTON (QUAI",,,Plein jour,En agglomération,Hors intersection,Normale,Trois véhicules et plus - en chaîne,,,,,,,,,,,1,2,1,1,4
200800013995,0008-03-20 12:40:00,8,3,20,12,40,920,62,", LAFARGUES (RUE PAUL)",,,Plein jour,En agglomération,Hors intersection,Normale,Autre collision,,,,,,,,,,,1,2,1,1,6
200800013996,0008-03-20 19:20:00,8,3,20,19,20,920,62,"62, JAURES (RUE JEAN) DU",,,Plein jour,En agglomération,Hors intersection,Normale,Deux véhicules - côté,,,,,,,,,,,1,2,1,1,3
200800013997,0008-03-31 10:50:00,8,3,31,10,50,920,62,"115, REPUBLIQUE (RUE DE",,,Plein jour,En agglomération,Intersection en T,Normale,Deux véhicules - arrière,,,,,,,,,,,1,2,3,1,2
200800013998,0008-03-11 17:50:00,8,3,11,17,50,920,63,"99, FOUILLEUSE (AVENUE D",,,Plein jour,En agglomération,Hors intersection,Normale,Deux véhicules - arrière,,,,,,,,,,,1,2,1,1,2
200800013999,0008-03-13 08:00:00,8,3,13,8,0,920,63,"282, BONAPARTE (AVENUE N",,,Plein jour,En agglomération,Hors intersection,Normale,Trois véhicules et plus - en chaîne,,,,,,,,,,,1,2,1,1,4
200800014000,0008-03-17 12:25:00,8,3,17,12,25,920,63,COLMAR (AVENUE DE),,,Plein jour,En agglomération,Hors intersection,Normale,Deux véhicules - arrière,,,,,,,,,,,1,2,1,1,2
200800014001,0008-03-17 13:40:00,8,3,17,13,40,920,63,"neant, LECLERC DE HAUTEC",,,Plein jour,En agglomération,Hors intersection,Normale,Deux véhicules - côté,,,,,,,,,,,1,2,1,1,3
200800014002,0008-03-18 07:45:00,8,3,18,7,45,920,63,"45, POMPIDOU (AVENUE DU",,,Plein jour,En agglomération,Intersection en T,Normale,Autre collision,,,,,,,,,,,1,2,3,1,6
200800014003,0008-03-05 14:50:00,8,3,5,14,50,920,64,"5, DAILLY",,,Plein jour,En agglomération,Hors intersection,Temps couvert,Autre collision,,,,,,,,,,,1,2,1,8,6
200800014004,0008-03-12 08:38:00,8,3,12,8,38,920,64,"45, REPUBLIQUE",,,Plein jour,En agglomération,Hors intersection,Pluie légère,Autre collision,,,,,,,,,,,1,2,1,2,6
200800014005,0008-03-13 08:00:00,8,3,13,8,0,920,64,REPUBLIQUE,,,Plein jour,En agglomération,Hors intersection,Normale,Trois véhicules et plus - en chaîne,,,,,,,,,,,1,2,1,1,4
200800014006,0008-03-21 11:35:00,8,3,21,11,35,920,64,"62, MARCEL DASSAULT",,,Plein jour,En agglomération,Hors intersection,Pluie légère,Trois véhicules et plus - en chaîne,,,,,,,,,,,1,2,1,2,4
200800014007,0008-03-26 17:55:00,8,3,26,17,55,920,76,"1, GARE",,,Plein jour,En agglomération,Hors intersection,Normale,Autre collision,,,,,,,,,,,1,2,1,1,6
200800014008,0008-03-27 09:00:00,8,3,27,9,0,920,64,"190, REPUBLIQUE",,,Plein jour,En agglomération,Hors intersection,Temps couvert,Autre collision,,,,,,,,,,,1,2,1,8,6
200800014009,0008-03-29 09:22:00,8,3,29,9,22,920,64,"25, MICHEL SALLES",,,Plein jour,En agglomération,Hors intersection,Normale,Autre collision,,,,,,,,,,,1,2,1,1,6
200800014010,0008-03-29 17:00:00,8,3,29,17,0,920,64,"16, DAILLY",,,Plein jour,En agglomération,Hors intersection,Normale,Deux véhicules - côté,,,,,,,,,,,1,2,1,1,3
200800014011,0008-03-06 08:35:00,8,3,6,8,35,920,22,"113, SALENGRO (AVENUE RO",,,Plein jour,En agglomération,Hors intersection,Normale,Trois véhicules et plus - collisions multiples,,,,,,,,,,,1,2,1,1,5
200800014012,0008-03-04 18:50:00,8,3,4,18,50,920,22,"855, SALENGRO (AVENUE RO",,,Plein jour,En agglomération,Hors intersection,Normale,Autre collision,,,,,,,,,,,1,2,1,1,6
200800014013,0008-03-06 14:30:00,8,3,6,14,30,920,22,"1383, SALENGRO (AVENUE R",,,Plein jour,En agglomération,Hors intersection,Normale,Deux véhicules - côté,,,,,,,,,,,1,2,1,1,3
200800014014,0008-03-11 09:10:00,8,3,11,9,10,920,72,"., LECLERC (AVENUE DE LA",,,Plein jour,En agglomération,Intersection en Y,Normale,Deux véhicules - côté,,,,,,,,,,,1,2,4,1,3
200800014015,0008-03-08 12:20:00,8,3,8,12,20,920,77,"04, SEVRES (RUE DE)",,,Plein jour,En agglomération,Hors intersection,Normale,Deux véhicules - côté,,,,,,,,,,,1,2,1,1,3
200800014016,0008-03-20 14:55:00,8,3,20,14,55,920,22,"., CARNOT (RUE)",,,Plein jour,En agglomération,Hors intersection,Normale,Autre collision,,,,,,,,,,,1,2,1,1,6
200800014017,0008-03-28 20:35:00,8,3,28,20,35,920,72,"74, GRANDE RUE",,,Nuit avec éclairage allumé,En agglomération,Hors intersection,Pluie légère,Deux véhicules - côté,,,,,,,,,,,5,2,1,2,3
200800014018,0008-03-30 19:25:00,8,3,30,19,25,920,22,"21, JOUY (RUE DE)",,,Crépuscule ou aube,En agglomération,Hors intersection,Pluie légère,Deux véhicules - arrière,,,,,,,,,,,2,2,1,2,2
200800014019,0008-03-07 08:05:00,8,3,7,8,5,920,73,"1, SELLIER (BOULEVARD HE",,,Plein jour,En agglomération,Hors intersection,Normale,Trois véhicules et plus - en chaîne,,,,,,,,,,,1,2,1,1,4
200800014020,0008-03-25 08:30:00,8,3,25,8,30,920,73,"28, JAURES (AVENUE JEAN)",,,Plein jour,En agglomération,Intersection en T,Normale,Autre collision,,,,,,,,,,,1,2,3,1,6
200800014021,0008-03-26 15:40:00,8,3,26,15,40,920,73,"23, ROOSVELT (AVENUE FRA",,,Plein jour,En agglomération,Intersection en X,Pluie légère,Trois véhicules et plus - en chaîne,,,,,,,,,,,1,2,2,2,4
200800014022,0008-03-15 01:20:00,8,3,15,1,20,920,46,PIERRE BROSSOLETTE,,,Nuit avec éclairage allumé,En agglomération,Intersection en X,Normale,Deux véhicules - arrière,,,,,,,,,,,5,2,2,1,2
200800014023,0008-03-16 18:30:00,8,3,16,18,30,920,46,PIERRE LAROUSSE (AVENUE),,,Crépuscule ou aube,En agglomération,Intersection en X,Normale,Autre collision,,,,,,,,,,,2,2,2,1,6
200800014024,0008-03-18 09:40:00,8,3,18,9,40,920,46,"79, PIERRE LAROUSSE (AVE",,,Plein jour,En agglomération,Hors intersection,Normale,Deux véhicules - côté,,,,,,,,,,,1,2,1,1,3
200800014025,0008-03-19 16:05:00,8,3,19,16,5,920,75,VIEILLE FORGE (RUE),,,Plein jour,En agglomération,Intersection en X,Normale,Autre collision,,,,,,,,,,,1,2,2,1,6
200800014026,0008-03-31 22:20:00,8,3,31,22,20,920,46,"43, FRERES VIGOUROUX (RU",,,Nuit avec éclairage allumé,En agglomération,Hors intersection,Normale,Autre collision,,,,,,,,,,,5,2,1,1,6
200800014027,0008-03-31 17:45:00,8,3,31,17,45,920,46,Paul vaillant couturier,,,Plein jour,En agglomération,Intersection en X,Normale,Deux véhicules - côté,,,,,,,,,,,1,2,2,1,3
200800014028,0008-03-22 18:50:00,8,3,22,18,50,920,78,"15, ASNIERES (QUAI)",,,Crépuscule ou aube,En agglomération,Hors intersection,Normale,Deux véhicules - frontale,,,,,,,,,,,2,2,1,1,1
200800014029,0008-03-14 18:30:00,8,3,14,18,30,920,78,"10, MARC SANGNIER (AVENU",,,Plein jour,En agglomération,Hors intersection,Normale,Deux véhicules - arrière,,,,,,,,,,,1,2,1,1,2
200800014030,0008-03-01 06:15:00,8,3,1,6,15,920,62,BOULEVARD CIRCULAIRE,,,Crépuscule ou aube,En agglomération,Hors intersection,Normale,Sans collision,,,,,,,,,,,2,2,1,1,7
200800014031,0008-03-24 11:00:00,8,3,24,11,0,920,26,BOULEVARD CIRCULAIRE,,,Plein jour,En agglomération,Intersection en X,Normale,Deux véhicules - côté,,,,,,,,,,,1,2,2,1,3
200800014032,0008-03-01 17:03:00,8,3,1,17,3,930,1,"100, VICTOR HUGO (AVE)",,,Plein jour,En agglomération,Hors intersection,Normale,Sans collision,,,,,,,,,,,1,2,1,1,7
200800014033,0008-03-02 11:15:00,8,3,2,11,15,930,1,"11, PRESIDENT ROOSEVELT",,,Plein jour,En agglomération,Hors intersection,Normale,Autre collision,,,,,,,,,,,1,2,1,1,6
200800014034,0008-03-02 20:10:00,8,3,2,20,10,930,1,REPUBLIQUE (AVE DE LA ),,,Nuit avec éclairage allumé,En agglomération,Hors intersection,Normale,Deux véhicules - frontale,,,,,,,,,,,5,2,1,1,1
200800014035,0008-03-10 11:40:00,8,3,10,11,40,930,1,"01, REPUBLIQUE (AVE DE L",,,Plein jour,En agglomération,Hors intersection,Pluie forte,Autre collision,,,,,,,,,,,1,2,1,3,6