accident_id,datetime,annee,mois,jour,heure,minute,departement,commune_insee,adresse,latitude,longitude,luminosite,agglomeration,intersection,meteo,collision,nb_vehicules,nb_usagers,nb_indemnes,nb_tues,nb_blesses_hosp,nb_blesses_legers,age_cond_1,age_cond_2,veh_type_cond_1,veh_type_cond_2,lum_code,agg_code,int_code,atm_code,col_code
200800014166,0008-03-12 11:10:00,8,3,12,11,10,930,71,"neant, JEAN MOULIN (AVEN",,,Plein jour,En agglomération,Intersection en T,Normale,Deux véhicules - frontale,,,,,,,,,,,1,2,3,1,1
200800014167,0008-03-06 20:40:00,8,3,6,20,40,930,73,PETITS PONTS (ROUTE DES),,,Nuit avec éclairage allumé,En agglomération,Intersection en X,Normale,Deux véhicules - frontale,,,,,,,,,,,5,2,2,1,1
200800014168,0008-03-10 10:45:00,8,3,10,10,45,930,73,"143, VAILLANT (BOULEVARD",,,Plein jour,En agglomération,Hors intersection,Vent fort / tempête,Autre collision,,,,,,,,,,,1,2,1,6,6
200800014169,0008-03-10 16:50:00,8,3,10,16,50,930,73,RESISTANCE (RUE DE LA),,,Plein jour,En agglomération,Hors intersection,Pluie légère,Deux véhicules - arrière,,,,,,,,,,,1,2,1,2,2
200800014170,0008-03-12 20:00:00,8,3,12,20,0,930,78,BALLANGER (BD ROBERT),,,Nuit avec éclairage allumé,En agglomération,Intersection en X,Normale,Deux véhicules - frontale,,,,,,,,,,,5,2,2,1,1
200800014171,0008-03-13 08:15:00,8,3,13,8,15,930,78,CLEMENCEAU (AVENUE GEORG,,,Plein jour,En agglomération,Intersection en X,Normale,Deux véhicules - arrière,,,,,,,,,,,1,2,2,1,2
200800014172,0008-03-18 12:10:00,8,3,18,12,10,930,73,VACHES (CHEMIN DES),,,Plein jour,En agglomération,Hors intersection,Normale,Sans collision,,,,,,,,,,,1,2,1,1,7
200800014173,0008-03-20 13:40:00,8,3,20,13,40,930,78,SACHET (AVENUE GEORGES),,,Plein jour,En agglomération,Intersection en X,Normale,Deux véhicules - côté,,,,,,,,,,,1,2,2,1,3
200800014174,0008-03-21 08:10:00,8,3,21,8,10,930,78,EGLISE (RUE DE L'),,,Plein jour,En agglomération,Giratoire,Pluie forte,Autre collision,,,,,,,,,,,1,2,6,3,6
200800014175,0008-03-21 16:45:00,8,3,21,16,45,930,78,BALLANGER (BD ROBERT),,,Plein jour,En agglomération,Intersection en T,Normale,Deux véhicules - arrière,,,,,,,,,,,1,2,3,1,2
200800014176,0008-03-26 19:20:00,8,3,26,19,20,930,73,"88, RONSARD (RUE PIERRE)",,,Nuit avec éclairage allumé,En agglomération,Hors intersection,Pluie légère,Autre collision,,,,,,,,,,,5,2,1,2,6
200800014177,0008-03-27 13:15:00,8,3,27,13,15,930,78,TREMBLAY (ROUTE DE),,,Plein jour,En agglomération,Intersection en T,Normale,Deux véhicules - arrière,,,,,,,,,,,1,2,3,1,2
200800014178,0008-03-29 10:00:00,8,3,29,10,0,930,73,BERGER (RUE GILBERT),,,Plein jour,En agglomération,Intersection en T,Normale,Deux véhicules - côté,,,,,,,,,,,1,2,3,1,3
200800014179,0008-03-08 15:35:00,8,3,8,15,35,940,2,"0, ROME (R DE)",,,Plein jour,En agglomération,Hors intersection,Normale,Deux véhicules - frontale,,,,,,,,,,,1,2,1,1,1
200800014180,0008-03-17 09:25:00,8,3,17,9,25,940,2,", EMILE ZOLA (R)",,,Plein jour,En agglomération,Intersection en T,Normale,Deux véhicules - côté,,,,,,,,,,,1,2,3,1,3
200800014181,0008-03-24 10:15:00,8,3,24,10,15,940,2,ETIENNE DOLET (R),,,Plein jour,En agglomération,Intersection en T,Normale,Deux véhicules - côté,,,,,,,,,,,1,2,3,1,3
200800014182,0008-03-30 21:05:00,8,3,30,21,5,940,2,EMILE ZOLA (R),,,Nuit avec éclairage allumé,Hors agglomération,Intersection en T,Normale,Deux véhicules - côté,,,,,,,,,,,5,1,3,1,3
200800014183,0008-03-12 14:40:00,8,3,12,14,40,940,4,GENERAL LECLERC (AV DU),,,Plein jour,En agglomération,Hors intersection,Normale,Deux véhicules - arrière,,,,,,,,,,,1,2,1,1,2
200800014184,0008-03-13 07:20:00,8,3,13,7,20,940,71,LESIGNY (RTE DE),,,Plein jour,En agglomération,Giratoire,Temps couvert,Deux véhicules - côté,,,,,,,,,,,1,2,6,8,3
200800014185,0008-03-13 13:15:00,8,3,13,13,15,940,44,"0, HENRI BARBUSSE (R)",,,Plein jour,En agglomération,Hors intersection,Temps couvert,Autre collision,,,,,,,,,,,1,2,1,8,6
200800014186,0008-03-21 08:35:00,8,3,21,8,35,940,44,DESCARTES (AV),,,Crépuscule ou aube,En agglomération,Hors intersection,Pluie forte,Deux véhicules - côté,,,,,,,,,,,2,2,1,3,3
200800014187,0008-03-30 18:15:00,8,3,30,18,15,940,71,"05, MARAIS (CHE DES)",,,Plein jour,Hors agglomération,Hors intersection,Temps couvert,Autre collision,,,,,,,,,,,1,1,1,8,6
200800014188,0008-03-03 19:15:00,8,3,3,19,15,940,4,"00, GENERAL LECLERC (AV",,,Nuit avec éclairage allumé,En agglomération,Autre intersection,Normale,Autre collision,,,,,,,,,,,5,2,9,1,6
200800014189,0008-03-06 12:00:00,8,3,6,12,0,940,17,BOILEAU (AV),,,Plein jour,En agglomération,Hors intersection,Normale,Autre collision,,,,,,,,,,,1,2,1,1,6
200800014190,0008-03-06 20:50:00,8,3,6,20,50,940,17,REPUBLIQUE (AV DE LA),,,Nuit sans éclairage public,En agglomération,Intersection en Y,Temps couvert,Autre collision,,,,,,,,,,,3,2,4,8,6
200800014191,0008-03-13 21:40:00,8,3,13,21,40,940,17,GENERAL DE GAULLE (AV DU,,,Nuit sans éclairage public,En agglomération,Intersection en T,Pluie légère,Deux véhicules - côté,,,,,,,,,,,3,2,3,2,3
200800014192,0008-03-20 08:30:00,8,3,20,8,30,940,17,ALBERT THOMAS (R),,,Plein jour,En agglomération,Intersection en X,Normale,Autre collision,,,,,,,,,,,1,2,2,1,6
200800014193,0008-03-22 20:50:00,8,3,22,20,50,940,17,HUIT MAI 1945 (AV DU),,,Nuit avec éclairage allumé,En agglomération,Hors intersection,Normale,Autre collision,,,,,,,,,,,5,2,1,1,6
200800014194,0008-03-25 08:50:00,8,3,25,8,50,940,17,STALINGRAD (BD DE),,,Plein jour,En agglomération,Intersection en X,Normale,Autre collision,,,,,,,,,,,1,2,2,1,6
200800014195,0008-03-25 21:25:00,8,3,25,21,25,940,17,LOUIS TALAMONI (R),,,Nuit avec éclairage allumé,En agglomération,Intersection en X,Normale,Deux véhicules - côté,,,,,,,,,,,5,2,2,1,3
200800014196,0008-03-29 00:10:00,8,3,29,0,10,940,17,REPUBLIQUE (AV DE LA),,,Nuit avec éclairage non allumé,En agglomération,Intersection en X,Normale,Deux véhicules - côté,,,,,,,,,,,4,2,2,1,3
200800014197,0008-03-31 08:30:00,8,3,31,8,30,940,17,DOCTEUR ROUX (R DU),,,Plein jour,En agglomération,Hors intersection,Normale,Autre collision,,,,,,,,,,,1,2,1,1,6
200800014198,0008-03-05 06:55:00,8,3,5,6,55,940,18,BERCY (QU DE),,,Nuit avec éclairage allumé,En agglomération,Intersection en T,Normale,Deux véhicules - côté,,,,,,,,,,,5,2,3,1,3
200800014199,0008-03-17 15:10:00,8,3,17,15,10,940,18,"55, GRAVELLE (AV DE)",,,Plein jour,En agglomération,Hors intersection,Normale,Autre collision,,,,,,,,,,,1,2,1,1,6
200800014200,0008-03-15 14:30:00,8,3,15,14,30,940,18,"36, VICTOR HUGO (R)",,,Plein jour,En agglomération,Hors intersection,Normale,Autre collision,,,,,,,,,,,1,2,1,1,6
200800014201,0008-03-28 09:05:00,8,3,28,9,5,940,18,CARRIERES (QU DES),,,Plein jour,En agglomération,Autre intersection,Pluie légère,Deux véhicules - côté,,,,,,,,,,,1,2,9,2,3
200800014202,0008-03-30 09:10:00,8,3,30,9,10,940,69,"04, VILLA D ANTONY (AV D",,,Plein jour,En agglomération,Hors intersection,Normale,Autre collision,,,,,,,,,,,1,2,1,1,6
200800014203,0008-03-06 06:50:00,8,3,6,6,50,940,79,Rue du General Gallieni,,,Nuit avec éclairage allumé,En agglomération,Hors intersection,Normale,Sans collision,,,,,,,,,,,5,2,1,1,7
200800014204,0008-03-06 17:50:00,8,3,6,17,50,940,19,"00, CLAUDE BERNARD (R)",,,Plein jour,En agglomération,Hors intersection,Normale,Autre collision,,,,,,,,,,,1,2,1,1,6
200800014205,0008-03-16 21:05:00,8,3,16,21,5,940,59,"0, DAME BLANCHE (AV DE L",,,Nuit avec éclairage allumé,En agglomération,Hors intersection,Pluie légère,Deux véhicules - côté,,,,,,,,,,,5,2,1,2,3
200800014206,0008-03-30 10:50:00,8,3,30,10,50,940,60,"00, LIBERATION (R DE LA)",,,Plein jour,En agglomération,Hors intersection,Normale,Autre collision,,,,,,,,,,,1,2,1,1,6
200800014207,0008-03-26 19:00:00,8,3,26,19,0,940,22,"0, VICTOR HUGO (AV)",,,Crépuscule ou aube,En agglomération,Intersection en X,Normale,Deux véhicules - côté,,,,,,,,,,,2,2,2,1,3
200800014208,0008-03-05 09:50:00,8,3,5,9,50,940,22,"0, MARECHAL DE LATTRE DE",,,Plein jour,En agglomération,Hors intersection,Normale,Deux véhicules - arrière,,,,,,,,,,,1,2,1,1,2
200800014209,0008-03-07 10:45:00,8,3,7,10,45,940,54,"8, MARTYRS DE CHATEAUBRI",,,Plein jour,En agglomération,Autre intersection,Normale,Deux véhicules - côté,,,,,,,,,,,1,2,9,1,3
200800014210,0008-03-10 08:30:00,8,3,10,8,30,940,54,"0, ADRIEN RAYNAL (AV)",,,Plein jour,En agglomération,Intersection en X,Pluie légère,Deux véhicules - arrière,,,,,,,,,,,1,2,2,2,2
200800014211,0008-03-17 10:15:00,8,3,17,10,15,940,22,ALLIES (BD DES),,,Plein jour,En agglomération,Intersection en T,Normale,Autre collision,,,,,,,,,,,1,2,3,1,6
200800014212,0008-03-20 19:56:00,8,3,20,19,56,940,22,"7, GENERAL LECLERC (AV)",,,Nuit avec éclairage allumé,En agglomération,Hors intersection,Normale,Autre collision,,,,,,,,,,,5,2,1,1,6
200800014213,0008-03-24 17:35:00,8,3,24,17,35,940,54,"0, HUIT MAI 1945 (PL DU)",,,Plein jour,En agglomération,Giratoire,Pluie légère,Autre collision,,,,,,,,,,,1,2,6,2,6
200800014214,0008-03-28 15:15:00,8,3,28,15,15,940,22,GENERAL LECLERC (AV),,,Plein jour,En agglomération,Intersection en X,Pluie légère,Deux véhicules - côté,,,,,,,,,,,1,2,2,2,3
200800014215,0008-03-03 08:30:00,8,3,3,8,30,940,11,GROSS(RUE AUGUSTE),,,Plein jour,En agglomération,Hors intersection,Normale,Deux véhicules - frontale,,,,,,,,,,,1,2,1,1,1
200800014216,0008-03-01 04:40:00,8,3,1,4,40,940,28,"24, PERI.(RUE GABRIEL)",,,Nuit avec éclairage allumé,En agglomération,Hors intersection,Normale,Autre collision,,,,,,,,,,,5,2,1,1,6
200800014217,0008-03-04 10:30:00,8,3,4,10,30,940,11,"0, ROSTAND.(RUE JEAN)",,,Plein jour,En agglomération,Hors intersection,Normale,Deux véhicules - arrière,,,,,,,,,,,1,2,1,1,2
200800014218,0008-03-05 09:55:00,8,3,5,9,55,940,11,"0, LECLERC.(AVENUE DU MA",,,Crépuscule ou aube,En agglomération,Hors intersection,Normale,Deux véhicules - arrière,,,,,,,,,,,2,2,1,1,2
200800014219,0008-03-05 17:30:00,8,3,5,17,30,940,28,"0, OUDRY.(BOULVARD JEAN",,,Plein jour,En agglomération,Hors intersection,Normale,Deux véhicules - côté,,,,,,,,,,,1,2,1,1,3
200800014220,0008-03-06 08:50:00,8,3,6,8,50,940,28,"x, St SIMON (rue)",,,Plein jour,En agglomération,Hors intersection,Normale,Deux véhicules - arrière,,,,,,,,,,,1,2,1,1,2
200800014221,0008-03-12 20:06:00,8,3,12,20,6,940,11,"0, LECLERC.(AVENUE DU MA",,,Nuit avec éclairage allumé,En agglomération,Hors intersection,Normale,Sans collision,,,,,,,,,,,5,2,1,1,7
200800014222,0008-03-13 20:55:00,8,3,13,20,55,940,28,"195, LECLERC.(RUE DU GEN",,,Nuit avec éclairage allumé,En agglomération,Hors intersection,Pluie légère,Deux véhicules - côté,,,,,,,,,,,5,2,1,2,3
200800014223,0008-03-15 16:50:00,8,3,15,16,50,940,28,"52, MITTERAND (Rue Franç",,,Plein jour,En agglomération,Hors intersection,Normale,Deux véhicules - arrière,,,,,,,,,,,1,2,1,1,2
200800014224,0008-03-15 17:20:00,8,3,15,17,20,940,28,"0, CHOISY(ROUTE DE)",,,Crépuscule ou aube,En agglomération,Hors intersection,Normale,Deux véhicules - arrière,,,,,,,,,,,2,2,1,1,2
200800014225,0008-03-18 20:20:00,8,3,18,20,20,940,28,JEU DE PAUME(RUE DU),,,Nuit avec éclairage allumé,En agglomération,Hors intersection,Normale,Deux véhicules - côté,,,,,,,,,,,5,2,1,1,3
200800014226,0008-03-20 16:10:00,8,3,20,16,10,940,28,"80, GAULLE(AVENUE DU GEN",,,Plein jour,En agglomération,Hors intersection,Normale,Sans collision,,,,,,,,,,,1,2,1,1,7
200800014227,0008-03-27 12:50:00,8,3,27,12,50,940,28,"05, GABIN.(RUE JEAN)",,,Plein jour,En agglomération,Hors intersection,Normale,Deux véhicules - arrière,,,,,,,,,,,1,2,1,1,2
200800014228,0008-03-29 19:50:00,8,3,29,19,50,940,28,"0, PARIS.(RUE DE)",,,Plein jour,En agglomération,Hors intersection,Normale,Autre collision,,,,,,,,,,,1,2,1,1,6
200800014229,0008-03-29 22:00:00,8,3,29,22,0,940,28,VERDUN.(AVENUE DE),,,Nuit avec éclairage allumé,En agglomération,Hors intersection,Normale,Autre collision,,,,,,,,,,,5,2,1,1,6
200800014230,0008-03-29 22:40:00,8,3,29,22,40,940,28,"0, CHOISY(ROUTE DE)",,,Nuit avec éclairage allumé,En agglomération,Hors intersection,Normale,Autre collision,,,,,,,,,,,5,2,1,1,6
200800014231,0008-03-31 19:57:00,8,3,31,19,57,940,28,"0, DOYEN.(RUE ALBERT)",,,Plein jour,En agglomération,Hors intersection,Normale,Autre collision,,,,,,,,,,,1,2,1,1,6
200800014232,0008-03-05 18:40:00,8,3,5,18,40,940,33,VICTOR HUGO (AV),,,Plein jour,En agglomération,Hors intersection,Normale,Deux véhicules - côté,,,,,,,,,,,1,2,1,1,3
200800014233,0008-03-11 20:45:00,8,3,11,20,45,940,33,HENRI RUEL (BD),,,Nuit avec éclairage allumé,En agglomération,Hors intersection,Normale,Deux véhicules - côté,,,,,,,,,,,5,2,1,1,3
200800014234,0008-03-16 04:00:00,8,3,16,4,0,940,33,PARMENTIER (AV),,,Nuit avec éclairage allumé,En agglomération,Hors intersection,Normale,Deux véhicules - frontale,,,,,,,,,,,5,2,1,1,1
200800014235,0008-03-29 12:50:00,8,3,29,12,50,940,33,CHARLES GARCIA (AV),,,Plein jour,En agglomération,Hors intersection,Normale,Autre collision,,,,,,,,,,,1,2,1,1,6
200800014236,0008-03-04 19:20:00,8,3,4,19,20,940,16,"189, ARISTIDE BRIAND (AV",,,Nuit avec éclairage allumé,En agglomération,Hors intersection,Normale,Deux véhicules - côté,,,,,,,,,,,5,2,1,1,3
200800014237,0008-03-05 02:45:00,8,3,5,2,45,940,3,"face au 24, VACHE NOIRE",,,Nuit avec éclairage allumé,En agglomération,Hors intersection,Normale,Autre collision,,,,,,,,,,,5,2,1,1,6
200800014238,0008-03-05 09:30:00,8,3,5,9,30,940,3,"01, GABRIEL PERI (AV)",,,Plein jour,En agglomération,Intersection en X,Normale,Deux véhicules - côté,,,,,,,,,,,1,2,2,1,3
200800014239,0008-03-06 16:35:00,8,3,6,16,35,940,76,"6, YOURI GAGARINE (R)",,,Plein jour,En agglomération,Hors intersection,Pluie légère,Autre collision,,,,,,,,,,,1,2,1,2,6
200800014240,0008-03-12 09:45:00,8,3,12,9,45,940,3,"47, ARISTIDE BRIAND (AV)",,,Plein jour,En agglomération,Hors intersection,Temps couvert,Deux véhicules - côté,,,,,,,,,,,1,2,1,8,3
200800014241,0008-03-12 09:30:00,8,3,12,9,30,940,76,"113, STALINGRAD (AV DE)",,,Plein jour,En agglomération,Hors intersection,Normale,Deux véhicules - côté,,,,,,,,,,,1,2,1,1,3
200800014242,0008-03-12 17:20:00,8,3,12,17,20,940,3,"42, EMILE RASPAIL (R)",,,Plein jour,En agglomération,Hors intersection,Normale,Deux véhicules - côté,,,,,,,,,,,1,2,1,1,3
200800014243,0008-03-14 10:10:00,8,3,14,10,10,940,3,"1, ARISTIDE BRIAND (AV)",,,Plein jour,En agglomération,Hors intersection,Normale,Deux véhicules - côté,,,,,,,,,,,1,2,1,1,3
200800014244,0008-03-13 16:55:00,8,3,13,16,55,940,16,"65, ARISTIDE BRIAND (AV)",,,Plein jour,En agglomération,Hors intersection,Pluie légère,Deux véhicules - côté,,,,,,,,,,,1,2,1,2,3
200800014245,0008-03-17 08:00:00,8,3,17,8,0,940,16,"1, PASTEUR (AV)",,,Plein jour,En agglomération,Intersection en T,Normale,Deux véhicules - côté,,,,,,,,,,,1,2,3,1,3
200800014246,0008-03-17 16:25:00,8,3,17,16,25,940,43,"1, FONTAINEBLEAU (AV DE)",,,Plein jour,En agglomération,Intersection en X,Normale,Deux véhicules - arrière,,,,,,,,,,,1,2,2,1,2
200800014247,0008-03-18 08:10:00,8,3,18,8,10,940,3,"1, PAUL VAILLANT COUTURI",,,Plein jour,En agglomération,Intersection en X,Normale,Deux véhicules - côté,,,,,,,,,,,1,2,2,1,3
200800014248,0008-03-19 11:15:00,8,3,19,11,15,940,76,"46, LOUIS ARAGON (AV)",,,Plein jour,En agglomération,Hors intersection,Normale,Sans collision,,,,,,,,,,,1,2,1,1,7
200800014249,0008-03-19 18:45:00,8,3,19,18,45,940,76,"154, MAXIME GORKI (BD)",,,Crépuscule ou aube,En agglomération,Hors intersection,Temps couvert,Deux véhicules - arrière,,,,,,,,,,,2,2,1,8,2
200800014250,0008-03-21 08:30:00,8,3,21,8,30,940,3,"61, CAMILLE DESMOULINS (",,,Plein jour,En agglomération,Hors intersection,Pluie forte,Autre collision,,,,,,,,,,,1,2,1,3,6
200800014251,0008-03-28 13:25:00,8,3,28,13,25,940,3,"03, CONVENTION (AV DE LA",,,Plein jour,En agglomération,Autre intersection,Temps couvert,Deux véhicules - côté,,,,,,,,,,,1,2,9,8,3
200800014252,0008-03-29 20:50:00,8,3,29,20,50,940,3,PRESIDENT SALVADOR ALLEN,,,Nuit avec éclairage allumé,En agglomération,Hors intersection,Normale,Autre collision,,,,,,,,,,,5,2,1,1,6
200800014253,0008-03-29 21:05:00,8,3,29,21,5,940,76,"46, KARL MARX (AV)",,,Nuit avec éclairage allumé,En agglomération,Hors intersection,Normale,Autre collision,,,,,,,,,,,5,2,1,1,6
200800014254,0008-03-01 15:45:00,8,3,1,15,45,940,65,CHARLES LINDBERGH (AV),,,Plein jour,Hors agglomération,Giratoire,Normale,Deux véhicules - côté,,,,,,,,,,,1,1,6,1,3
200800014255,0008-03-03 20:00:00,8,3,3,20,0,940,34,PARC MEDICIS (AV DU),,,Nuit avec éclairage allumé,En agglomération,Hors intersection,Normale,Autre collision,,,,,,,,,,,5,2,1,1,6
200800014256,0008-03-07 18:00:00,8,3,7,18,0,940,73,LUXEMBOURG (AV DU),,,Crépuscule ou aube,En agglomération,Hors intersection,Pluie légère,Deux véhicules - côté,,,,,,,,,,,2,2,1,2,3
200800014257,0008-03-10 18:20:00,8,3,10,18,20,940,73,"., VERSAILLES (AV DE)",,,Crépuscule ou aube,En agglomération,Intersection en X,Pluie légère,Deux véhicules - côté,,,,,,,,,,,2,2,2,2,3
200800014258,0008-03-11 16:30:00,8,3,11,16,30,940,34,HENRI BARBUSSE (R),,,Plein jour,En agglomération,Intersection en T,Temps couvert,Deux véhicules - côté,,,,,,,,,,,1,2,3,8,3
200800014259,0008-03-12 08:15:00,8,3,12,8,15,940,21,"., ARMAND PETITJEAN (R)",,,Plein jour,En agglomération,Hors intersection,Pluie légère,Autre collision,,,,,,,,,,,1,2,1,2,6
200800014260,0008-03-12 13:50:00,8,3,12,13,50,940,38,GENERAL DE GAULLE (AV DU,,,Plein jour,En agglomération,Hors intersection,Normale,Deux véhicules - arrière,,,,,,,,,,,1,2,1,1,2
200800014261,0008-03-12 17:25:00,8,3,12,17,25,940,73,GRANDS CHAMPS (R DES),,,Plein jour,En agglomération,Hors intersection,Normale,Autre collision,,,,,,,,,,,1,2,1,1,6
200800014262,0008-03-13 11:14:00,8,3,13,11,14,940,65,TROIS MARCHES (AV) / MIN,,,Plein jour,En agglomération,Intersection en X,Normale,Deux véhicules - côté,,,,,,,,,,,1,2,2,1,3
200800014263,0008-03-15 15:50:00,8,3,15,15,50,940,73,ESPAGNE (RPT D),,,Plein jour,En agglomération,Hors intersection,Normale,Autre collision,,,,,,,,,,,1,2,1,1,6
200800014264,0008-03-15 18:05:00,8,3,15,18,5,940,73,PRESIDENT ROOSEVELT (AV,,,Plein jour,En agglomération,Intersection en T,Temps couvert,Deux véhicules - côté,,,,,,,,,,,1,2,3,8,3
200800014265,0008-03-18 08:00:00,8,3,18,8,0,940,73,"91, GENERAL DE GAULLE (A",,,Crépuscule ou aube,En agglomération,Hors intersection,Normale,Sans collision,,,,,,,,,,,2,2,1,1,7
200800014266,0008-03-20 20:05:00,8,3,20,20,5,940,73,LEON MARCHAND (AV),,,Nuit avec éclairage allumé,En agglomération,Intersection en T,Normale,Deux véhicules - côté,,,,,,,,,,,5,2,3,1,3
200800014267,0008-03-21 12:00:00,8,3,21,12,0,940,73,"face n 82, VERSAILLES (A",,,Plein jour,En agglomération,Hors intersection,Pluie légère,Deux véhicules - côté,,,,,,,,,,,1,2,1,2,3
200800014268,0008-03-21 12:50:00,8,3,21,12,50,940,73,VERSAILLES (AV DE),,,Plein jour,En agglomération,Intersection en X,Pluie légère,Trois véhicules et plus - collisions multiples,,,,,,,,,,,1,2,2,2,5
200800014269,0008-03-22 15:10:00,8,3,22,15,10,940,73,LUXEMBOURG (AV DU),,,Plein jour,En agglomération,Hors intersection,Pluie légère,Deux véhicules - côté,,,,,,,,,,,1,2,1,2,3
200800014270,0008-03-26 07:30:00,8,3,26,7,30,940,73,ALOUETTES (R DES),,,Plein jour,En agglomération,Intersection en T,Normale,Deux véhicules - côté,,,,,,,,,,,1,2,3,1,3
200800014271,0008-03-29 01:50:00,8,3,29,1,50,940,73,PUITS DIXMES (R DU),,,Nuit avec éclairage allumé,Hors agglomération,Hors intersection,Normale,Autre collision,,,,,,,,,,,5,1,1,1,6
200800014272,0008-03-31 07:15:00,8,3,31,7,15,940,73,"126, STALINGRAD (BD DE)",,,Crépuscule ou aube,Hors agglomération,Hors intersection,Normale,Sans collision,,,,,,,,,,,2,1,1,1,7
200800014273,0008-03-28 15:20:00,8,3,28,15,20,940,73,LUXEMBOURG (AV DU),,,Plein jour,Hors agglomération,Hors intersection,Temps couvert,Deux véhicules - côté,,,,,,,,,,,1,1,1,8,3
200800014274,0008-03-28 11:00:00,8,3,28,11,0,940,65,Route nationale 186,,,Plein jour,Hors agglomération,Intersection en T,Normale,Deux véhicules - arrière,,,,,,,,,,,1,1,3,1,2
200800014275,0008-03-18 15:50:00,8,3,18,15,50,940,41,GASTON CORNAVIN (R),,,Plein jour,En agglomération,Hors intersection,Normale,Deux véhicules - côté,,,,,,,,,,,1,2,1,1,3
200800014276,0008-03-11 17:00:00,8,3,11,17,0,940,41,JEAN COMPAGNON (QU),,,Plein jour,En agglomération,Hors intersection,Pluie légère,Deux véhicules - arrière,,,,,,,,,,,1,2,1,2,2
200800014277,0008-03-17 08:50:00,8,3,17,8,50,940,41,VERDUN (AV DE),,,Plein jour,En agglomération,Intersection en X,Normale,Deux véhicules - côté,,,,,,,,,,,1,2,2,1,3
200800014278,0008-03-22 22:00:00,8,3,22,22,0,940,41,VERDUN (AV DE),,,Nuit avec éclairage allumé,En agglomération,Intersection en X,Pluie légère,Deux véhicules - arrière,,,,,,,,,,,5,2,2,2,2
200800014279,0008-03-28 17:02:00,8,3,28,17,2,940,41,LEON GAMBETTA (PL),,,Plein jour,En agglomération,Hors intersection,Pluie légère,Deux véhicules - côté,,,,,,,,,,,1,2,1,2,3
200800014280,0008-03-03 17:05:00,8,3,3,17,5,940,46,"., GAMBETTA (AV)",,,Plein jour,En agglomération,Intersection en X,Normale,Deux véhicules - côté,,,,,,,,,,,1,2,2,1,3
200800014281,0008-03-12 19:45:00,8,3,12,19,45,940,46,"00, REPUBLIQUE (AV DE LA",,,Nuit avec éclairage allumé,En agglomération,Hors intersection,Normale,Deux véhicules - côté,,,,,,,,,,,5,2,1,1,3
200800014282,0008-03-13 14:30:00,8,3,13,14,30,940,46,ONZE NOVEMBRE 1918 (R DU,,,Plein jour,En agglomération,Hors intersection,Pluie légère,Deux véhicules - côté,,,,,,,,,,,1,2,1,2,3
200800014283,0008-03-14 00:01:00,8,3,14,0,1,940,46,"., GABRIEL PERI (R)",,,Nuit avec éclairage allumé,En agglomération,Intersection en X,Normale,Deux véhicules - côté,,,,,,,,,,,5,2,2,1,3
200800014284,0008-03-17 17:10:00,8,3,17,17,10,940,46,"12, VICTOR BASCH (R)",,,Plein jour,En agglomération,Intersection en X,Normale,Deux véhicules - côté,,,,,,,,,,,1,2,2,1,3
200800014285,0008-03-23 00:40:00,8,3,23,0,40,940,46,"00, GENERAL DE GAULLE (A",,,Nuit avec éclairage allumé,En agglomération,Hors intersection,Normale,Deux véhicules - arrière,,,,,,,,,,,5,2,1,1,2
200800014286,0008-03-25 16:10:00,8,3,25,16,10,940,46,"70, REPUBLIQUE (AV DE LA",,,Plein jour,En agglomération,Hors intersection,Normale,Deux véhicules - côté,,,,,,,,,,,1,2,1,1,3
200800014287,0008-03-26 09:50:00,8,3,26,9,50,940,58,"106, PIERRE BROSSOLETTE",,,Plein jour,En agglomération,Intersection en X,Normale,Deux véhicules - côté,,,,,,,,,,,1,2,2,1,3
200800014288,0008-03-14 18:05:00,8,3,14,18,5,940,52,"NC, CHARLES VII (R)",,,Plein jour,En agglomération,Hors intersection,Normale,Autre collision,,,,,,,,,,,1,2,1,1,6
200800014289,0008-03-14 17:35:00,8,3,14,17,35,940,52,"8, STRASBOURG - PL DU GE",,,Plein jour,En agglomération,Hors intersection,Normale,Autre collision,,,,,,,,,,,1,2,1,1,6
200800014290,0008-03-18 16:40:00,8,3,18,16,40,940,58,"23, GALLIENI (R)",,,Plein jour,En agglomération,Hors intersection,Normale,Deux véhicules - côté,,,,,,,,,,,1,2,1,1,3
200800014291,0008-03-31 14:15:00,8,3,31,14,15,940,58,"161, PIERRE BROSSOLETTE",,,Plein jour,En agglomération,Hors intersection,Normale,Autre collision,,,,,,,,,,,1,2,1,1,6
200800014292,0008-03-17 12:15:00,8,3,17,12,15,940,58,GENERAL DE GAULLE (AV DU,,,Plein jour,En agglomération,Hors intersection,Normale,Autre collision,,,,,,,,,,,1,2,1,1,6
200800014293,0008-03-28 16:30:00,8,3,28,16,30,940,54,Avenue de l'Europe et ru,,,Plein jour,Hors agglomération,Intersection en X,Normale,Deux véhicules - arrière,,,,,,,,,,,1,1,2,1,2
200800014294,0008-03-02 14:25:00,8,3,2,14,25,940,68,REPUBLIQUE (AV DE LA),,,Plein jour,En agglomération,Hors intersection,Normale,Autre collision,,,,,,,,,,,1,2,1,1,6
200800014295,0008-03-02 10:10:00,8,3,2,10,10,940,68,CHAMPIGNY (BD DE),,,Plein jour,En agglomération,Intersection en X,Normale,Deux véhicules - côté,,,,,,,,,,,1,2,2,1,3
200800014296,0008-03-06 13:55:00,8,3,6,13,55,940,68,RASPAIL (AV),,,Plein jour,En agglomération,Intersection en X,Pluie légère,Autre collision,,,,,,,,,,,1,2,2,2,6
200800014297,0008-03-13 09:10:00,8,3,13,9,10,940,68,MARNE (BD DE LA),,,Plein jour,En agglomération,Intersection en X,Normale,Autre collision,,,,,,,,,,,1,2,2,1,6
200800014298,0008-03-15 21:30:00,8,3,15,21,30,940,68,LOUIS BLANC (AV),,,Crépuscule ou aube,En agglomération,Intersection en X,Pluie forte,Deux véhicules - frontale,,,,,,,,,,,2,2,2,3,1