accident_id,datetime,annee,mois,jour,heure,minute,departement,commune_insee,adresse,latitude,longitude,luminosite,agglomeration,intersection,meteo,collision,nb_vehicules,nb_usagers,nb_indemnes,nb_tues,nb_blesses_hosp,nb_blesses_legers,age_cond_1,age_cond_2,veh_type_cond_1,veh_type_cond_2,lum_code,agg_code,int_code,atm_code,col_code
200800014299,0008-03-17 09:00:00,8,3,17,9,0,940,68,"17, PONT DE CRETEIL (R D",,,Plein jour,En agglomération,Hors intersection,Normale,Deux véhicules - arrière,,,,,,,,,,,1,2,1,1,2
200800014300,0008-03-20 02:00:00,8,3,20,2,0,940,68,ALMA (AV DE L),,,Nuit avec éclairage allumé,En agglomération,Intersection en X,Normale,Deux véhicules - côté,,,,,,,,,,,5,2,2,1,3
200800014301,0008-03-19 06:35:00,8,3,19,6,35,940,68,CHAMPIGNY (BD DE),,,Crépuscule ou aube,En agglomération,Hors intersection,Normale,Deux véhicules - côté,,,,,,,,,,,2,2,1,1,3
200800014302,0008-03-22 14:05:00,8,3,22,14,5,940,68,BAC (AV DU),,,Plein jour,En agglomération,Autre intersection,Normale,Deux véhicules - côté,,,,,,,,,,,1,2,9,1,3
200800014303,0008-03-26 13:40:00,8,3,26,13,40,940,68,ALMA (AV DE L),,,Plein jour,En agglomération,Hors intersection,Normale,Autre collision,,,,,,,,,,,1,2,1,1,6
200800014304,0008-03-26 18:30:00,8,3,26,18,30,940,68,CHAMPIGNY (BD DE),,,Plein jour,En agglomération,Intersection en X,Normale,Deux véhicules - côté,,,,,,,,,,,1,2,2,1,3
200800014305,0008-03-17 13:20:00,8,3,17,13,20,940,68,"12, LIBERATION (AV DE LA",,,Plein jour,En agglomération,Hors intersection,Normale,Deux véhicules - arrière,,,,,,,,,,,1,2,1,1,2
200800014306,0008-03-30 09:20:00,8,3,30,9,20,940,68,"05, JEAN JAURES (AV)",,,Plein jour,En agglomération,Hors intersection,Normale,Autre collision,,,,,,,,,,,1,2,1,1,6
200800014307,0008-03-28 15:25:00,8,3,28,15,25,940,68,FOCH (AV),,,Plein jour,En agglomération,Intersection en X,Temps couvert,Deux véhicules - côté,,,,,,,,,,,1,2,2,8,3
200800014308,0008-03-03 11:40:00,8,3,3,11,40,940,68,REMISES (R DES),,,Plein jour,En agglomération,Hors intersection,Normale,Autre collision,,,,,,,,,,,1,2,1,1,6
200800014309,0008-03-03 15:45:00,8,3,3,15,45,940,74,"10, COLONEL FABIEN (R)",,,Plein jour,En agglomération,Hors intersection,Normale,Deux véhicules - côté,,,,,,,,,,,1,2,1,1,3
200800014310,0008-03-13 07:30:00,8,3,13,7,30,940,1,PASTEUR( quai),,,Plein jour,En agglomération,Hors intersection,Normale,Deux véhicules - arrière,,,,,,,,,,,1,2,1,1,2
200800014311,0008-03-12 21:35:00,8,3,12,21,35,940,78,PARIS (rue de ),,,Nuit avec éclairage allumé,En agglomération,Place,Normale,Deux véhicules - côté,,,,,,,,,,,5,2,7,1,3
200800014312,0008-03-15 18:30:00,8,3,15,18,30,940,78,"85, PRESIDENT JOHN FITZG",,,Crépuscule ou aube,En agglomération,Hors intersection,Normale,Autre collision,,,,,,,,,,,2,2,1,1,6
200800014313,0008-03-17 17:50:00,8,3,17,17,50,940,77,"0, LE FOLL (AV)",,,Crépuscule ou aube,En agglomération,Hors intersection,Pluie légère,Autre collision,,,,,,,,,,,2,2,1,2,6
200800014314,0008-03-18 08:15:00,8,3,18,8,15,940,77,"01, VICTOR HUGO (AV)",,,Plein jour,En agglomération,Intersection en X,Temps éblouissant,Autre collision,,,,,,,,,,,1,2,2,7,6
200800014315,0008-03-19 14:00:00,8,3,19,14,0,940,78,"1, ORME SAINTE MARIE (R",,,Plein jour,En agglomération,Intersection en X,Normale,Deux véhicules - côté,,,,,,,,,,,1,2,2,1,3
200800014316,0008-03-07 20:45:00,8,3,7,20,45,940,78,NON DENOMMEE (VOI),,,Nuit avec éclairage allumé,En agglomération,Hors intersection,Pluie légère,Deux véhicules - côté,,,,,,,,,,,5,2,1,2,3
200800014317,0008-03-21 16:50:00,8,3,21,16,50,940,78,PARIS (R DE),,,Plein jour,En agglomération,Hors intersection,Normale,Deux véhicules - arrière,,,,,,,,,,,1,2,1,1,2
200800014318,0008-03-24 18:55:00,8,3,24,18,55,940,78,ANATOLE FRANCE (AV),,,Crépuscule ou aube,En agglomération,Hors intersection,Normale,Autre collision,,,,,,,,,,,2,2,1,1,6
200800014319,0008-03-23 08:20:00,8,3,23,8,20,940,78,"242, PARIS (R DE)",,,Plein jour,En agglomération,Hors intersection,Normale,Autre collision,,,,,,,,,,,1,2,1,1,6
200800014320,0008-03-25 16:50:00,8,3,25,16,50,940,78,VILLENEUVE LE ROI (PONT,,,Plein jour,En agglomération,Hors intersection,Normale,Sans collision,,,,,,,,,,,1,2,1,1,7
200800014321,0008-03-25 08:35:00,8,3,25,8,35,940,78,"0, ANATOLE FRANCE (AV)",,,Plein jour,En agglomération,Intersection en T,Normale,Autre collision,,,,,,,,,,,1,2,3,1,6
200800014322,0008-03-26 08:30:00,8,3,26,8,30,940,78,"212, PARIS (R DE)",,,Plein jour,En agglomération,Hors intersection,Normale,Deux véhicules - arrière,,,,,,,,,,,1,2,1,1,2
200800014323,0008-03-27 20:00:00,8,3,27,20,0,940,78,"0, ANATOLE FRANCE (AV)",,,Nuit avec éclairage allumé,En agglomération,Hors intersection,Normale,Autre collision,,,,,,,,,,,5,2,1,1,6
200800014324,0008-03-03 09:40:00,8,3,3,9,40,940,80,"., PARIS (AV DE)",,,Plein jour,En agglomération,Intersection en T,Pluie légère,Deux véhicules - côté,,,,,,,,,,,1,2,3,2,3
200800014325,0008-03-07 07:50:00,8,3,7,7,50,940,80,"98, FONTENAY (R DE)",,,Plein jour,En agglomération,Hors intersection,Normale,Autre collision,,,,,,,,,,,1,2,1,1,6
200800014326,0008-03-07 09:44:00,8,3,7,9,44,940,67,"., GAMBETTA (AV)",,,Plein jour,En agglomération,Intersection en Y,Normale,Autre collision,,,,,,,,,,,1,2,4,1,6
200800014327,0008-03-07 15:20:00,8,3,7,15,20,940,67,"2, JOFFRE (AV)",,,Plein jour,En agglomération,Hors intersection,Normale,Autre collision,,,,,,,,,,,1,2,1,1,6
200800014328,0008-03-22 21:15:00,8,3,22,21,15,940,80,"., PARIS (AV DE)",,,Crépuscule ou aube,En agglomération,Intersection en X,Pluie légère,Deux véhicules - côté,,,,,,,,,,,2,2,2,2,3
200800014329,0008-03-03 15:55:00,8,3,3,15,55,940,81,YOURI GAGARINE (AV),,,Plein jour,En agglomération,Intersection en X,Normale,Deux véhicules - côté,,,,,,,,,,,1,2,2,1,3
200800014330,0008-03-05 08:00:00,8,3,5,8,0,940,81,"angle, EDOUARD TREMBLAY",,,Plein jour,En agglomération,Hors intersection,Normale,Autre collision,,,,,,,,,,,1,2,1,1,6
200800014331,0008-03-09 10:10:00,8,3,9,10,10,940,81,"place, GABRIEL PERI (R)",,,Plein jour,En agglomération,Hors intersection,Pluie légère,Deux véhicules - côté,,,,,,,,,,,1,2,1,2,3
200800014332,0008-03-11 14:10:00,8,3,11,14,10,940,81,"04, FONTAINEBLEAU (RTE D",,,Plein jour,En agglomération,Hors intersection,Pluie légère,Deux véhicules - arrière,,,,,,,,,,,1,2,1,2,2
200800014333,0008-03-13 17:40:00,8,3,13,17,40,940,81,"105, STALINGRAD (BD DE)",,,Plein jour,En agglomération,Hors intersection,Pluie légère,Autre collision,,,,,,,,,,,1,2,1,2,6
200800014334,0008-03-14 17:40:00,8,3,14,17,40,940,81,"36, YOURI GAGARINE (AV)",,,Plein jour,En agglomération,Hors intersection,Normale,Autre collision,,,,,,,,,,,1,2,1,1,6
200800014335,0008-03-15 22:40:00,8,3,15,22,40,940,81,PRESIDENT SALVADOR ALLEN,,,Nuit avec éclairage non allumé,En agglomération,Autre intersection,Pluie légère,Deux véhicules - arrière,,,,,,,,,,,4,2,9,2,2
200800014336,0008-03-21 20:50:00,8,3,21,20,50,940,81,TALMA (R),,,Nuit avec éclairage allumé,En agglomération,Intersection en X,Normale,Deux véhicules - côté,,,,,,,,,,,5,2,2,1,3
200800014337,0008-03-27 18:40:00,8,3,27,18,40,940,81,"34, ANSELME RONDENAY (R)",,,Plein jour,En agglomération,Hors intersection,Normale,Autre collision,,,,,,,,,,,1,2,1,1,6
200800014338,0008-03-30 16:30:00,8,3,30,16,30,940,81,"31, COMMUNE DE PARIS (AV",,,Plein jour,En agglomération,Hors intersection,Pluie légère,Autre collision,,,,,,,,,,,1,2,1,2,6
200800014339,0008-03-02 20:45:00,8,3,2,20,45,950,18,JOFFRE (AVENUE DU MARECH,,,Nuit avec éclairage allumé,En agglomération,Intersection en X,Normale,Deux véhicules - frontale,,,,,,,,,,,5,2,2,1,1
200800014340,0008-03-09 11:50:00,8,3,9,11,50,950,582,ARGENTEUIL (RUE D'),,,Plein jour,En agglomération,Giratoire,Pluie légère,Autre collision,,,,,,,,,,,1,2,6,2,6
200800014341,0008-03-13 09:30:00,8,3,13,9,30,950,18,AVENUE M. UTRILLO,,,Plein jour,En agglomération,Hors intersection,Temps couvert,Autre collision,,,,,,,,,,,1,2,1,8,6
200800014342,0008-03-15 03:50:00,8,3,15,3,50,950,18,", PRUDHON (RUE DU LT COL",,,Nuit avec éclairage allumé,En agglomération,Hors intersection,Normale,Sans collision,,,,,,,,,,,5,2,1,1,7
200800014343,0008-03-16 08:35:00,8,3,16,8,35,950,18,PRUDHON (RUE DU LT COLON,,,Plein jour,En agglomération,Intersection en X,Pluie légère,Deux véhicules - côté,,,,,,,,,,,1,2,2,2,3
200800014344,0008-03-07 14:20:00,8,3,7,14,20,950,18,"114, MONTIGNY (RUE DE)",,,Plein jour,En agglomération,Intersection en T,Normale,Autre collision,,,,,,,,,,,1,2,3,1,6
200800014345,0008-03-12 19:30:00,8,3,12,19,30,950,18,ROSIERE(RUE DE),,,Nuit avec éclairage allumé,En agglomération,Intersection en X,Normale,Deux véhicules - côté,,,,,,,,,,,5,2,2,1,3
200800014346,0008-03-17 15:25:00,8,3,17,15,25,950,18,JAURES (AVENUE JEAN),,,Plein jour,En agglomération,Intersection en X,Normale,Deux véhicules - côté,,,,,,,,,,,1,2,2,1,3
200800014347,0008-03-21 21:25:00,8,3,21,21,25,950,176,JOFFRE (BOULEVARD),,,Nuit avec éclairage allumé,En agglomération,Intersection en X,Normale,Deux véhicules - côté,,,,,,,,,,,5,2,2,1,3
200800014348,0008-03-21 10:45:00,8,3,21,10,45,950,18,VERDUN (AVENUE DE),,,Plein jour,En agglomération,Hors intersection,Pluie légère,Deux véhicules - côté,,,,,,,,,,,1,2,1,2,3
200800014349,0008-03-26 17:55:00,8,3,26,17,55,950,18,JAURES (AVENUE JEAN),,,Plein jour,En agglomération,Intersection en T,Normale,Autre collision,,,,,,,,,,,1,2,3,1,6
200800014350,0008-03-29 17:30:00,8,3,29,17,30,950,176,STRATEGIQUE (ROUTE),,,Plein jour,Hors agglomération,Hors intersection,Pluie légère,Deux véhicules - côté,,,,,,,,,,,1,1,1,2,3
200800014351,0008-03-27 18:20:00,8,3,27,18,20,950,18,AUVERGNATS (RUE DES),,,Plein jour,En agglomération,Intersection en X,Normale,Sans collision,,,,,,,,,,,1,2,2,1,7
200800014352,0008-03-31 16:40:00,8,3,31,16,40,950,18,"198, PERREUX (RUE DU)",,,Plein jour,En agglomération,Hors intersection,Normale,Autre collision,,,,,,,,,,,1,2,1,1,6
200800014353,0008-03-31 17:55:00,8,3,31,17,55,950,582,"150, bis, CHARLES DE GAU",,,Plein jour,En agglomération,Intersection à plus de 4 branches,Temps éblouissant,Deux véhicules - côté,,,,,,,,,,,1,2,5,7,3
200800014354,0008-03-18 08:30:00,8,3,18,8,30,950,63,"1, CHARLES DE GAULLE (ES",,,Plein jour,Hors agglomération,Hors intersection,Normale,Sans collision,,,,,,,,,,,1,1,1,1,7
200800014355,0008-03-05 17:25:00,8,3,5,17,25,950,500,"0, MARECHAL DE LATTRE DE",,,Plein jour,En agglomération,Hors intersection,Normale,Sans collision,,,,,,,,,,,1,2,1,1,7
200800014356,0008-03-19 14:50:00,8,3,19,14,50,950,500,"0, GISORS (RUE DE) - RD",,,Plein jour,En agglomération,Hors intersection,Normale,Deux véhicules - côté,,,,,,,,,,,1,2,1,1,3
200800014357,0008-03-29 16:25:00,8,3,29,16,25,950,572,"0, MAIL (RUE DU)",,,Plein jour,En agglomération,Intersection en T,Normale,Deux véhicules - côté,,,,,,,,,,,1,2,3,1,3
200800014358,0008-03-27 06:00:00,8,3,27,6,0,950,476,"0, JULES CESAR (CHAUSSEE",,,Nuit avec éclairage allumé,En agglomération,Hors intersection,Pluie forte,Deux véhicules - côté,,,,,,,,,,,5,2,1,3,3
200800014359,0008-03-23 20:00:00,8,3,23,20,0,950,197,"1, MONTMORENCY (BOULEVAR",,,Nuit avec éclairage allumé,En agglomération,Intersection en X,Pluie légère,Deux véhicules - côté,,,,,,,,,,,5,2,2,2,3
200800014360,0008-03-29 11:45:00,8,3,29,11,45,950,555,ROUSSEAU (AVENUE WALDECK,,,Plein jour,En agglomération,Intersection en X,Normale,Deux véhicules - côté,,,,,,,,,,,1,2,2,1,3
200800014361,0008-03-06 13:20:00,8,3,6,13,20,950,574,PASTEUR (RUE),,,Plein jour,En agglomération,Intersection en X,Normale,Deux véhicules - côté,,,,,,,,,,,1,2,2,1,3
200800014362,0008-03-12 16:30:00,8,3,12,16,30,950,252,"2, SERGENT HURTEAUX (RUE",,,Plein jour,En agglomération,Hors intersection,Normale,Deux véhicules - frontale,,,,,,,,,,,1,2,1,1,1
200800014363,0008-03-14 17:50:00,8,3,14,17,50,950,252,"7, EPINE GUYON (RUE DE L",,,Plein jour,En agglomération,Hors intersection,Normale,Autre collision,,,,,,,,,,,1,2,1,1,6
200800014364,0008-03-17 18:35:00,8,3,17,18,35,950,203,MONTLIGNON (ROUTE DE),,,Plein jour,En agglomération,Intersection en T,Normale,Deux véhicules - côté,,,,,,,,,,,1,2,3,1,3
200800014365,0008-03-18 09:50:00,8,3,18,9,50,950,252,"14, JEAN JAURES (RUE)",,,Plein jour,En agglomération,Hors intersection,Normale,Deux véhicules - frontale,,,,,,,,,,,1,2,1,1,1
200800014366,0008-03-19 13:30:00,8,3,19,13,30,950,203,SAINT GRATIEN (ROUTE DE),,,Plein jour,En agglomération,Intersection en T,Normale,Deux véhicules - côté,,,,,,,,,,,1,2,3,1,3
200800014367,0008-03-23 16:10:00,8,3,23,16,10,950,252,MOULIN (RUELLE DU),,,Plein jour,En agglomération,Hors intersection,Temps couvert,Autre collision,,,,,,,,,,,1,2,1,8,6
200800014368,0008-03-25 15:50:00,8,3,25,15,50,950,252,"3, MAURICE BERTEAUX (BOU",,,Plein jour,En agglomération,Hors intersection,Normale,Autre collision,,,,,,,,,,,1,2,1,1,6
200800014369,0008-03-26 16:15:00,8,3,26,16,15,950,491,CESAR (CHAUSSEE JULES),,,Plein jour,En agglomération,Giratoire,Normale,Deux véhicules - côté,,,,,,,,,,,1,2,6,1,3
200800014370,0008-03-28 08:15:00,8,3,28,8,15,950,203,ROUX (RUE DU DOCTEUR),,,Plein jour,En agglomération,Giratoire,Normale,Deux véhicules - côté,,,,,,,,,,,1,2,6,1,3
200800014371,0008-03-28 12:20:00,8,3,28,12,20,950,203,"58, MONTLIGNON (ROUTE DE",,,Plein jour,En agglomération,Hors intersection,Normale,Deux véhicules - arrière,,,,,,,,,,,1,2,1,1,2
200800014372,0008-03-21 17:30:00,8,3,21,17,30,950,268,"8, STALINGRAD (AVENUE DE",,,Plein jour,En agglomération,Hors intersection,Normale,Autre collision,,,,,,,,,,,1,2,1,1,6
200800014373,0008-03-11 09:27:00,8,3,11,9,27,950,280,MONTMORENCY (CHEMIN DE),,,Plein jour,En agglomération,Hors intersection,Temps couvert,Autre collision,,,,,,,,,,,1,2,1,8,6
200800014374,0008-03-18 08:25:00,8,3,18,8,25,950,277,"35, SAINT SAENS CAMILLE",,,Plein jour,En agglomération,Intersection en T,Normale,Autre collision,,,,,,,,,,,1,2,3,1,6
200800014375,0008-03-23 21:29:00,8,3,23,21,29,950,277,C.D. 47,,,Nuit sans éclairage public,En agglomération,Hors intersection,Pluie légère,Autre collision,,,,,,,,,,,3,2,1,2,6
200800014376,0008-03-01 15:00:00,8,3,1,15,0,950,424,PONTOISE (BOULEVARD DE),,,Plein jour,En agglomération,Intersection en T,Normale,Trois véhicules et plus - collisions multiples,,,,,,,,,,,1,2,3,1,5
200800014377,0008-03-05 17:55:00,8,3,5,17,55,950,306,11EME AVENUE,,,Plein jour,Hors agglomération,Hors intersection,Pluie légère,Sans collision,,,,,,,,,,,1,1,1,2,7
200800014378,0008-03-07 19:50:00,8,3,7,19,50,950,306,HAVRE (BOULEVARD DU),,,Crépuscule ou aube,En agglomération,Giratoire,Normale,Sans collision,,,,,,,,,,,2,2,6,1,7
200800014379,0008-03-13 18:10:00,8,3,13,18,10,950,424,PONTOISE (BOULEVARD DE),,,Plein jour,En agglomération,Hors intersection,Normale,Deux véhicules - côté,,,,,,,,,,,1,2,1,1,3
200800014380,0008-03-20 09:00:00,8,3,20,9,0,950,306,"39, JEAN LECLAIRE (RUE)",,,Plein jour,En agglomération,Hors intersection,Normale,Deux véhicules - arrière,,,,,,,,,,,1,2,1,1,2
200800014381,0008-03-23 20:55:00,8,3,23,20,55,950,257,"15, SEINE (QUAI DE)",,,Nuit avec éclairage allumé,En agglomération,Hors intersection,Pluie légère,Autre collision,,,,,,,,,,,5,2,1,2,6
200800014382,0008-03-30 18:00:00,8,3,30,18,0,950,424,VICTOR BORDIER (BOULEVAR,,,Plein jour,En agglomération,Hors intersection,Normale,Deux véhicules - arrière,,,,,,,,,,,1,2,1,1,2
200800014383,0008-03-02 16:50:00,8,3,2,16,50,950,487,GASTON VERMEIRE,,,Plein jour,En agglomération,Hors intersection,Normale,Autre collision,,,,,,,,,,,1,2,1,1,6
200800014384,0008-03-03 14:05:00,8,3,3,14,5,950,313,CD.922,,,Plein jour,Hors agglomération,Hors intersection,Normale,Autre collision,,,,,,,,,,,1,1,1,1,6
200800014385,0008-03-03 17:30:00,8,3,3,17,30,950,487,ETIENNE DOLET,,,Plein jour,En agglomération,Hors intersection,Normale,Autre collision,,,,,,,,,,,1,2,1,1,6
200800014386,0008-03-08 20:45:00,8,3,8,20,45,950,52,A ET L ROUSSEL,,,Nuit sans éclairage public,En agglomération,Hors intersection,Normale,Autre collision,,,,,,,,,,,3,2,1,1,6
200800014387,0008-03-21 22:15:00,8,3,21,22,15,950,487,GASTON VERMEIRE,,,Nuit avec éclairage allumé,En agglomération,Hors intersection,Normale,Autre collision,,,,,,,,,,,5,2,1,1,6
200800014388,0008-03-25 08:45:00,8,3,25,8,45,950,52,DANIELE CASANOVA,,,Plein jour,En agglomération,Intersection en T,Normale,Deux véhicules - côté,,,,,,,,,,,1,2,3,1,3
200800014389,0008-03-19 14:18:00,8,3,19,14,18,950,539,RN 1 SENS PARIS- PROVINC,,,Plein jour,Hors agglomération,Intersection en X,Normale,Deux véhicules - côté,,,,,,,,,,,1,1,2,1,3
200800014390,0008-03-19 17:20:00,8,3,19,17,20,950,539,RN 1 SENS PROVINCE-PARIS,,,Plein jour,Hors agglomération,Hors intersection,Pluie forte,Deux véhicules - frontale,,,,,,,,,,,1,1,1,3,1
200800014391,0008-03-22 19:30:00,8,3,22,19,30,950,680,PIERRE SEMARD (AVENUE),,,Plein jour,En agglomération,Hors intersection,Pluie forte,Sans collision,,,,,,,,,,,1,2,1,3,7
200800014392,0008-03-10 11:30:00,8,3,10,11,30,950,51,"00, VOLTAIRE",,,Plein jour,En agglomération,Intersection en X,Normale,Deux véhicules - côté,,,,,,,,,,,1,2,2,1,3
200800014393,0008-03-12 08:05:00,8,3,12,8,5,950,607,"00, HERBLAY (RUE)",,,Plein jour,En agglomération,Hors intersection,Pluie forte,Autre collision,,,,,,,,,,,1,2,1,3,6
200800014394,0008-03-21 08:10:00,8,3,21,8,10,950,607,HERBLAY (RUE),,,Plein jour,En agglomération,Hors intersection,Pluie forte,Autre collision,,,,,,,,,,,1,2,1,3,6
200800014395,0008-03-21 15:00:00,8,3,21,15,0,950,51,"00, SAINT PRIX (CHEMIN D",,,Plein jour,En agglomération,Hors intersection,Pluie légère,Autre collision,,,,,,,,,,,1,2,1,2,6
200800014396,0008-03-24 13:10:00,8,3,24,13,10,950,607,"00, TEMPS DES CERISES (B",,,Plein jour,En agglomération,Intersection en X,Pluie légère,Deux véhicules - frontale,,,,,,,,,,,1,2,2,2,1
200800014397,0008-03-27 12:30:00,8,3,27,12,30,950,60,"00, PARIS (AVENUE DE)",,,Plein jour,En agglomération,Intersection en X,Pluie légère,Trois véhicules et plus - collisions multiples,,,,,,,,,,,1,2,2,2,5
200800014398,0008-03-02 12:43:00,8,3,2,12,43,201,4,"SANS, JARDINS DE L'EMPER",,,Plein jour,En agglomération,Hors intersection,Normale,Deux véhicules - frontale,,,,,,,,,,,1,2,1,1,1
200800014399,0008-03-05 15:50:00,8,3,5,15,50,201,4,"2, PERI JEROME RUE",,,Plein jour,En agglomération,Hors intersection,Normale,Autre collision,,,,,,,,,,,1,2,1,1,6
200800014400,0008-03-07 13:55:00,8,3,7,13,55,201,4,"33, NAPOLEON COURS AVANT",,,Plein jour,En agglomération,Hors intersection,Normale,Autre collision,,,,,,,,,,,1,2,1,1,6
200800014401,0008-03-10 16:35:00,8,3,10,16,35,201,4,"18, ALBERT 1ER BD",,,Plein jour,En agglomération,Hors intersection,Pluie légère,Autre collision,,,,,,,,,,,1,2,1,2,6
200800014402,0008-03-14 16:05:00,8,3,14,16,5,201,4,"SANS, SEBASTIANU COSTA B",,,Plein jour,En agglomération,Hors intersection,Normale,Deux véhicules - côté,,,,,,,,,,,1,2,1,1,3
200800014403,0008-03-15 19:00:00,8,3,15,19,0,201,4,RECCO ABBE BOULEVARD,,,Nuit avec éclairage allumé,En agglomération,Hors intersection,Normale,Deux véhicules - côté,,,,,,,,,,,5,2,1,1,3
200800014404,0008-03-19 12:50:00,8,3,19,12,50,201,4,BEL HORIZONTE RCE AV DU,,,Plein jour,En agglomération,Hors intersection,Normale,Deux véhicules - arrière,,,,,,,,,,,1,2,1,1,2
200800014405,0008-03-28 16:05:00,8,3,28,16,5,201,4,BIANCARELLO CHEMIN,,,Plein jour,En agglomération,Hors intersection,Normale,Autre collision,,,,,,,,,,,1,2,1,1,6
200800014406,0008-03-23 12:25:00,8,3,23,12,25,201,4,LORETTO CHEMIN,,,Plein jour,En agglomération,Hors intersection,Normale,Deux véhicules - côté,,,,,,,,,,,1,2,1,1,3
200800014407,0008-03-23 23:55:00,8,3,23,23,55,201,4,PARIS AVENUE,,,Nuit avec éclairage allumé,En agglomération,Intersection en T,Normale,Deux véhicules - côté,,,,,,,,,,,5,2,3,1,3
200800014408,0008-03-28 17:45:00,8,3,28,17,45,201,4,"SANS, MONTEE SAINT JEAN",,,Plein jour,En agglomération,Hors intersection,Normale,Deux véhicules - côté,,,,,,,,,,,1,2,1,1,3
200800014409,0008-03-30 19:20:00,8,3,30,19,20,201,4,CONVENTIONNEL SALICETTI,,,Crépuscule ou aube,En agglomération,Intersection en Y,Normale,Deux véhicules - côté,,,,,,,,,,,2,2,4,1,3
200800014410,0008-03-31 20:30:00,8,3,31,20,30,201,4,"SANS, ROSSINI PASCAL BD",,,Nuit avec éclairage allumé,En agglomération,Hors intersection,Normale,Deux véhicules - côté,,,,,,,,,,,5,2,1,1,3
200800014411,0008-03-31 20:25:00,8,3,31,20,25,201,4,"SANS, MEZZAVIA ROUTE DE",,,Nuit avec éclairage allumé,En agglomération,Hors intersection,Temps couvert,Deux véhicules - frontale,,,,,,,,,,,5,2,1,8,1
200800014412,0008-03-18 15:25:00,8,3,18,15,25,690,381,"3, FROMAGERIE (DE LA)",,,Plein jour,En agglomération,Hors intersection,Normale,Autre collision,,,,,,,,,,,1,2,1,1,6
200800014413,0008-03-31 16:35:00,8,3,31,16,35,690,381,"20, RUE DE L ANNONCIADE",,,Plein jour,En agglomération,Hors intersection,Temps couvert,Autre collision,,,,,,,,,,,1,2,1,8,6
200800014414,0008-03-01 17:30:00,8,3,1,17,30,940,17,A4,,,Nuit avec éclairage allumé,Hors agglomération,Hors intersection,Normale,Deux véhicules - arrière,,,,,,,,,,,5,1,1,1,2
200800014415,0008-03-04 15:30:00,8,3,4,15,30,940,65,A86,,,Plein jour,Hors agglomération,Hors intersection,Normale,Deux véhicules - côté,,,,,,,,,,,1,1,1,1,3
200800014416,0008-03-05 05:45:00,8,3,5,5,45,940,42,A4,,,Nuit sans éclairage public,Hors agglomération,Hors intersection,Normale,Trois véhicules et plus - collisions multiples,,,,,,,,,,,3,1,1,1,5
200800014417,0008-03-05 18:30:00,8,3,5,18,30,770,449,A4,,,Crépuscule ou aube,Hors agglomération,Hors intersection,Temps couvert,Autre collision,,,,,,,,,,,2,1,1,8,6
200800014418,0008-03-06 17:20:00,8,3,6,17,20,940,28,RN406.W,,,Plein jour,Hors agglomération,Hors intersection,Normale,Deux véhicules - côté,,,,,,,,,,,1,1,1,1,3
200800014419,0008-03-07 18:10:00,8,3,7,18,10,940,22,A86,,,Plein jour,Hors agglomération,Hors intersection,Normale,Trois véhicules et plus - en chaîne,,,,,,,,,,,1,1,1,1,4
200800014420,0008-03-09 14:00:00,8,3,9,14,0,770,337,A4,,,Plein jour,Hors agglomération,Hors intersection,Pluie légère,Autre collision,,,,,,,,,,,1,1,1,2,6
200800014421,0008-03-10 09:00:00,8,3,10,9,0,940,69,A4,,,Plein jour,Hors agglomération,Hors intersection,Pluie légère,Deux véhicules - arrière,,,,,,,,,,,1,1,1,2,2
200800014422,0008-03-11 17:15:00,8,3,11,17,15,930,51,A4,,,Plein jour,Hors agglomération,Hors intersection,Pluie légère,Deux véhicules - côté,,,,,,,,,,,1,1,1,2,3
200800014423,0008-03-11 17:20:00,8,3,11,17,20,940,28,A86,,,Plein jour,Hors agglomération,Hors intersection,Pluie légère,Autre collision,,,,,,,,,,,1,1,1,2,6
200800014424,0008-03-12 09:30:00,8,3,12,9,30,940,18,A4,,,Plein jour,Hors agglomération,Hors intersection,Pluie légère,Sans collision,,,,,,,,,,,1,1,1,2,7
200800014425,0008-03-12 10:55:00,8,3,12,10,55,770,146,A4.Y,,,Plein jour,Hors agglomération,Hors intersection,Normale,Deux véhicules - arrière,,,,,,,,,,,1,1,1,1,2
200800014426,0008-03-12 16:00:00,8,3,12,16,0,940,17,A4,,,Plein jour,Hors agglomération,Hors intersection,Normale,Autre collision,,,,,,,,,,,1,1,1,1,6
200800014427,0008-03-12 19:35:00,8,3,12,19,35,940,15,A4,,,Nuit sans éclairage public,Hors agglomération,Hors intersection,Normale,Deux véhicules - côté,,,,,,,,,,,3,1,1,1,3
200800014428,0008-03-13 22:45:00,8,3,13,22,45,770,468,A104,,,Nuit sans éclairage public,Hors agglomération,Hors intersection,Pluie légère,Deux véhicules - côté,,,,,,,,,,,3,1,1,2,3
200800014429,0008-03-14 08:10:00,8,3,14,8,10,940,17,A4,,,Plein jour,Hors agglomération,Hors intersection,Normale,Deux véhicules - côté,,,,,,,,,,,1,1,1,1,3
200800014430,0008-03-18 08:20:00,8,3,18,8,20,940,73,A86,,,Plein jour,Hors agglomération,Hors intersection,Normale,Trois véhicules et plus - collisions multiples,,,,,,,,,,,1,1,1,1,5
200800014431,0008-03-14 18:20:00,8,3,14,18,20,940,17,A4,,,Plein jour,Hors agglomération,Hors intersection,Normale,Autre collision,,,,,,,,,,,1,1,1,1,6
200800014432,0008-03-14 20:30:00,8,3,14,20,30,940,17,A4,,,Nuit avec éclairage allumé,Hors agglomération,Hors intersection,Temps couvert,Trois véhicules et plus - en chaîne,,,,,,,,,,,5,1,1,8,4
200800014433,0008-03-15 00:30:00,8,3,15,0,30,770,169,A4.Y,,,Nuit sans éclairage public,Hors agglomération,Hors intersection,Normale,Trois véhicules et plus - collisions multiples,,,,,,,,,,,3,1,1,1,5