accident_id,datetime,annee,mois,jour,heure,minute,departement,commune_insee,adresse,latitude,longitude,luminosite,agglomeration,intersection,meteo,collision,nb_vehicules,nb_usagers,nb_indemnes,nb_tues,nb_blesses_hosp,nb_blesses_legers,age_cond_1,age_cond_2,veh_type_cond_1,veh_type_cond_2,lum_code,agg_code,int_code,atm_code,col_code
200800014570,0008-03-28 22:35:00,8,3,28,22,35,202,33,"sans, AV DE LA LIBERATIO",,,Nuit avec éclairage non allumé,En agglomération,Hors intersection,Normale,Deux véhicules - côté,,,,,,,,,,,4,2,1,1,3
200800014571,0008-03-31 07:39:00,8,3,31,7,39,202,33,"sans, GIACCOBBI - AV PAU",,,Plein jour,En agglomération,Giratoire,Normale,Sans collision,,,,,,,,,,,1,2,6,1,7
200800014572,0008-03-02 00:15:00,8,3,2,0,15,690,382,QUAI PERRACHE,,,Nuit avec éclairage allumé,En agglomération,Intersection en X,Normale,Deux véhicules - arrière,,,,,,,,,,,5,2,2,1,2
200800014573,0008-03-06 13:15:00,8,3,6,13,15,690,382,"30, COURS DE VERDUN PERR",,,Plein jour,En agglomération,Intersection en T,Normale,Deux véhicules - côté,,,,,,,,,,,1,2,3,1,3
200800014574,0008-03-07 15:45:00,8,3,7,15,45,690,382,COURS SUCHET,,,Plein jour,En agglomération,Intersection en X,Normale,Deux véhicules - côté,,,,,,,,,,,1,2,2,1,3
200800014575,0008-03-09 22:30:00,8,3,9,22,30,690,382,QUAI JULES COURMONT,,,Nuit avec éclairage allumé,En agglomération,Hors intersection,Pluie légère,Autre collision,,,,,,,,,,,5,2,1,2,6
200800014576,0008-03-22 15:30:00,8,3,22,15,30,690,382,"13Bis, QUAI JEAN MOULIN",,,Plein jour,En agglomération,Hors intersection,Normale,Trois véhicules et plus - collisions multiples,,,,,,,,,,,1,2,1,1,5
200800014577,0008-03-10 20:00:00,8,3,10,20,0,690,382,QUAI RAMBAUD,,,Nuit avec éclairage allumé,En agglomération,Hors intersection,Pluie légère,Deux véhicules - arrière,,,,,,,,,,,5,2,1,2,2
200800014578,0008-03-12 21:10:00,8,3,12,21,10,690,382,RUE BICHAT,,,Nuit avec éclairage allumé,En agglomération,Intersection en X,Normale,Deux véhicules - côté,,,,,,,,,,,5,2,2,1,3
200800014579,0008-03-22 15:31:00,8,3,22,15,31,690,382,"01, COURS SUCHET",,,Plein jour,En agglomération,Hors intersection,Normale,Deux véhicules - arrière,,,,,,,,,,,1,2,1,1,2
200800014580,0008-03-27 21:10:00,8,3,27,21,10,690,382,"49, RUE PRESIDENT EDOUAR",,,Nuit avec éclairage allumé,En agglomération,Hors intersection,Normale,Autre collision,,,,,,,,,,,5,2,1,1,6
200800014581,0008-03-03 07:00:00,8,3,3,7,0,620,274,AUTOROUTE A21,,,Nuit avec éclairage allumé,Hors agglomération,Hors intersection,Pluie légère,Autre collision,,,,,,,,,,,5,1,1,2,6
200800014582,0008-03-03 09:38:00,8,3,3,9,38,590,350,AUTOROUTE A25,,,Plein jour,Hors agglomération,Hors intersection,Normale,Deux véhicules - arrière,,,,,,,,,,,1,1,1,1,2
200800014583,0008-03-03 15:15:00,8,3,3,15,15,620,351,AUTOROUTE A21,,,Plein jour,Hors agglomération,Hors intersection,Normale,Autre collision,,,,,,,,,,,1,1,1,1,6
200800014584,0008-03-03 18:15:00,8,3,3,18,15,590,350,ROUTE NATIONALE 351,,,Plein jour,Hors agglomération,Hors intersection,Normale,Autre collision,,,,,,,,,,,1,1,1,1,6
200800014585,0008-03-04 15:15:00,8,3,4,15,15,590,560,AUTOROUTE A1,,,Plein jour,Hors agglomération,Hors intersection,Normale,Autre collision,,,,,,,,,,,1,1,1,1,6
200800014586,0008-03-05 08:15:00,8,3,5,8,15,590,585,AUTOROUTE A1,,,Plein jour,Hors agglomération,Hors intersection,Normale,Autre collision,,,,,,,,,,,1,1,1,1,6
200800014587,0008-03-05 09:15:00,8,3,5,9,15,590,196,AUTOROUTE A25,,,Plein jour,Hors agglomération,Hors intersection,Normale,Autre collision,,,,,,,,,,,1,1,1,1,6
200800014588,0008-03-05 09:50:00,8,3,5,9,50,590,556,AUTOROUTE A25,,,Plein jour,Hors agglomération,Hors intersection,Normale,Deux véhicules - arrière,,,,,,,,,,,1,1,1,1,2
200800014589,0008-03-06 03:40:00,8,3,6,3,40,590,378,AUTOROUTE A22,,,Nuit avec éclairage allumé,Hors agglomération,Hors intersection,Normale,Autre collision,,,,,,,,,,,5,1,1,1,6
200800014590,0008-03-06 15:00:00,8,3,6,15,0,590,462,AUTOROUTE A1,,,Plein jour,Hors agglomération,Hors intersection,Normale,Autre collision,,,,,,,,,,,1,1,1,1,6
200800014591,0008-03-07 00:45:00,8,3,7,0,45,590,350,AUTOROUTE A25,,,Nuit avec éclairage allumé,Hors agglomération,Hors intersection,Normale,Autre collision,,,,,,,,,,,5,1,1,1,6
200800014592,0008-03-07 13:10:00,8,3,7,13,10,590,9,AUTOROUTE A22,,,Plein jour,Hors agglomération,Hors intersection,Normale,Trois véhicules et plus - collisions multiples,,,,,,,,,,,1,1,1,1,5
200800014593,0008-03-07 23:20:00,8,3,7,23,20,620,528,AUTOROUTE A21,,,Nuit avec éclairage allumé,Hors agglomération,Hors intersection,Normale,Trois véhicules et plus - collisions multiples,,,,,,,,,,,5,1,1,1,5
200800014594,0008-03-08 13:50:00,8,3,8,13,50,590,599,ROUTE DEPARTYEMENTALE 65,,,Plein jour,Hors agglomération,Hors intersection,Normale,Autre collision,,,,,,,,,,,1,1,1,1,6
200800014595,0008-03-09 11:30:00,8,3,9,11,30,620,624,AUTOROUTE A1,,,Plein jour,Hors agglomération,Hors intersection,Pluie légère,Autre collision,,,,,,,,,,,1,1,1,2,6
200800014596,0008-03-09 14:15:00,8,3,9,14,15,620,771,AUTOROUTE A21,,,Plein jour,Hors agglomération,Hors intersection,Pluie légère,Autre collision,,,,,,,,,,,1,1,1,2,6
200800014597,0008-03-09 15:35:00,8,3,9,15,35,590,386,ROUTE DEPARTEMENTALE 652,,,Plein jour,Hors agglomération,Hors intersection,Pluie légère,Autre collision,,,,,,,,,,,1,1,1,2,6
200800014598,0008-03-10 08:45:00,8,3,10,8,45,590,350,AUTOROUTE A25,,,Plein jour,Hors agglomération,Hors intersection,Normale,Autre collision,,,,,,,,,,,1,1,1,1,6
200800014599,0008-03-10 18:15:00,8,3,10,18,15,620,274,AUTOROUTE A21,,,Plein jour,Hors agglomération,Hors intersection,Pluie légère,Autre collision,,,,,,,,,,,1,1,1,2,6
200800014600,0008-03-10 18:00:00,8,3,10,18,0,590,183,AUTOROUTE A16,,,Plein jour,Hors agglomération,Hors intersection,Pluie légère,Deux véhicules - arrière,,,,,,,,,,,1,1,1,2,2
200800014601,0008-03-11 13:20:00,8,3,11,13,20,620,193,AUTOROUTE A16,,,Plein jour,Hors agglomération,Hors intersection,Pluie légère,Deux véhicules - arrière,,,,,,,,,,,1,1,1,2,2
200800014602,0008-03-11 16:55:00,8,3,11,16,55,590,183,ROUTE NATIONALE 225,,,Plein jour,Hors agglomération,Hors intersection,Pluie légère,Autre collision,,,,,,,,,,,1,1,1,2,6
200800014603,0008-03-13 07:30:00,8,3,13,7,30,590,343,AUTOROUTE A23,,,Plein jour,Hors agglomération,Hors intersection,Normale,Autre collision,,,,,,,,,,,1,1,1,1,6
200800014604,0008-03-13 14:00:00,8,3,13,14,0,590,564,AUTOROUTE A2,,,Plein jour,Hors agglomération,Hors intersection,Normale,Autre collision,,,,,,,,,,,1,1,1,1,6
200800014605,0008-03-14 05:15:00,8,3,14,5,15,590,183,AUTOROUTE A16,,,Nuit avec éclairage allumé,Hors agglomération,Hors intersection,Normale,Autre collision,,,,,,,,,,,5,1,1,1,6
200800014606,0008-03-14 08:00:00,8,3,14,8,0,590,155,AUTOROUTE A16,,,Plein jour,Hors agglomération,Hors intersection,Normale,Trois véhicules et plus - collisions multiples,,,,,,,,,,,1,1,1,1,5
200800014607,0008-03-14 08:35:00,8,3,14,8,35,590,515,ROUTE DEPARTEMENTALE 656,,,Plein jour,Hors agglomération,Hors intersection,Pluie légère,Trois véhicules et plus - en chaîne,,,,,,,,,,,1,1,1,2,4
200800014608,0008-03-15 19:40:00,8,3,15,19,40,590,196,AUTOROUTE A25,,,Nuit avec éclairage allumé,Hors agglomération,Hors intersection,Pluie légère,Autre collision,,,,,,,,,,,5,1,1,2,6
200800014609,0008-03-16 04:05:00,8,3,16,4,5,590,462,AUTOROUTE A1,,,Nuit avec éclairage allumé,Hors agglomération,Hors intersection,Pluie légère,Autre collision,,,,,,,,,,,5,1,1,2,6
200800014610,0008-03-16 07:15:00,8,3,16,7,15,590,143,AUTOROUTE A25,,,Plein jour,Hors agglomération,Hors intersection,Pluie légère,Autre collision,,,,,,,,,,,1,1,1,2,6
200800014611,0008-03-16 15:15:00,8,3,16,15,15,590,350,AUTOROUTE A1,,,Plein jour,Hors agglomération,Hors intersection,Pluie légère,Autre collision,,,,,,,,,,,1,1,1,2,6
200800014612,0008-03-17 16:20:00,8,3,17,16,20,590,183,AUTOROUTE A16,,,Plein jour,Hors agglomération,Hors intersection,Normale,Trois véhicules et plus - collisions multiples,,,,,,,,,,,1,1,1,1,5
200800014613,0008-03-17 19:05:00,8,3,17,19,5,590,183,AUTOROUTE A16,,,Nuit avec éclairage allumé,Hors agglomération,Hors intersection,Normale,Autre collision,,,,,,,,,,,5,1,1,1,6
200800014614,0008-03-18 14:40:00,8,3,18,14,40,590,343,AUTOROUTE A1,,,Plein jour,Hors agglomération,Hors intersection,Normale,Deux véhicules - côté,,,,,,,,,,,1,1,1,1,3
200800014615,0008-03-20 05:10:00,8,3,20,5,10,590,560,AUTOROUTE A1,,,Nuit avec éclairage allumé,Hors agglomération,Hors intersection,Normale,Autre collision,,,,,,,,,,,5,1,1,1,6
200800014616,0008-03-21 12:55:00,8,3,21,12,55,620,193,AUTOROUTE A16,,,Plein jour,Hors agglomération,Hors intersection,Vent fort / tempête,Autre collision,,,,,,,,,,,1,1,1,6,6
200800014617,0008-03-22 14:20:00,8,3,22,14,20,620,239,AUTOROUTE A16,,,Plein jour,Hors agglomération,Hors intersection,Pluie légère,Autre collision,,,,,,,,,,,1,1,1,2,6
200800014618,0008-03-24 00:05:00,8,3,24,0,5,590,9,ROUTE NATIONALE 227,,,Nuit avec éclairage allumé,Hors agglomération,Hors intersection,Normale,Autre collision,,,,,,,,,,,5,1,1,1,6
200800014619,0008-03-24 18:30:00,8,3,24,18,30,590,458,AUTOROUTE A23,,,Plein jour,Hors agglomération,Hors intersection,Pluie légère,Sans collision,,,,,,,,,,,1,1,1,2,7
200800014620,0008-03-25 02:30:00,8,3,25,2,30,590,426,AUTOROUTE A22,,,Nuit avec éclairage allumé,Hors agglomération,Hors intersection,Neige / grêle,Autre collision,,,,,,,,,,,5,1,1,4,6
200800014621,0008-03-26 04:00:00,8,3,26,4,0,590,350,ROUTE NATIONALE 351,,,Nuit avec éclairage allumé,Hors agglomération,Hors intersection,Normale,Autre collision,,,,,,,,,,,5,1,1,1,6
200800014622,0008-03-26 14:10:00,8,3,26,14,10,590,378,AUTOROUTE A22,,,Plein jour,Hors agglomération,Hors intersection,Normale,Autre collision,,,,,,,,,,,1,1,1,1,6
200800014623,0008-03-27 11:30:00,8,3,27,11,30,590,581,AUTOROUTE A25,,,Plein jour,Hors agglomération,Hors intersection,Normale,Autre collision,,,,,,,,,,,1,1,1,1,6
200800014624,0008-03-28 10:20:00,8,3,28,10,20,590,508,AUTOROUTE A22,,,Plein jour,Hors agglomération,Hors intersection,Normale,Autre collision,,,,,,,,,,,1,1,1,1,6
200800014625,0008-03-29 05:10:00,8,3,29,5,10,590,350,ROUTE NATIONALE 351,,,Nuit avec éclairage allumé,Hors agglomération,Hors intersection,Normale,Autre collision,,,,,,,,,,,5,1,1,1,6
200800014626,0008-03-29 19:00:00,8,3,29,19,0,590,599,ROUTE DEPARTEMENTALE 65,,,Plein jour,Hors agglomération,Hors intersection,Normale,Autre collision,,,,,,,,,,,1,1,1,1,6
200800014627,0008-03-30 04:45:00,8,3,30,4,45,590,459,AUTOROUTE A23,,,Nuit avec éclairage allumé,Hors agglomération,Hors intersection,Normale,Autre collision,,,,,,,,,,,5,1,1,1,6
200800014628,0008-03-30 16:50:00,8,3,30,16,50,590,350,ROUTE NATIONALE 351,,,Plein jour,Hors agglomération,Hors intersection,Normale,Autre collision,,,,,,,,,,,1,1,1,1,6
200800014629,0008-03-05 08:55:00,8,3,5,8,55,690,383,"30, AVENUE GEORGES POMPI",,,Plein jour,En agglomération,Hors intersection,Normale,Deux véhicules - côté,,,,,,,,,,,1,2,1,1,3
200800014630,0008-03-06 13:48:00,8,3,6,13,48,690,386,QUAI CHARLES DE GAULLE,,,Plein jour,En agglomération,Hors intersection,Normale,Deux véhicules - arrière,,,,,,,,,,,1,2,1,1,2
200800014631,0008-03-05 13:45:00,8,3,5,13,45,690,383,RUE LOUISE,,,Plein jour,En agglomération,Intersection en X,Normale,Deux véhicules - côté,,,,,,,,,,,1,2,2,1,3
200800014632,0008-03-10 10:00:00,8,3,10,10,0,690,386,RUE MONTGOLFIER,,,Plein jour,En agglomération,Intersection en X,Normale,Deux véhicules - côté,,,,,,,,,,,1,2,2,1,3
200800014633,0008-03-10 19:15:00,8,3,10,19,15,690,386,RUE NOTRE DAME,,,Nuit avec éclairage allumé,En agglomération,Intersection en X,Pluie légère,Deux véhicules - côté,,,,,,,,,,,5,2,2,2,3
200800014634,0008-03-07 11:35:00,8,3,7,11,35,690,386,RUE NEY,,,Plein jour,En agglomération,Intersection en X,Normale,Trois véhicules et plus - collisions multiples,,,,,,,,,,,1,2,2,1,5
200800014635,0008-03-12 16:50:00,8,3,12,16,50,690,386,BOULEVARD DES BELGES,,,Plein jour,En agglomération,Intersection en X,Normale,Deux véhicules - côté,,,,,,,,,,,1,2,2,1,3
200800014636,0008-03-14 08:30:00,8,3,14,8,30,690,383,"42, RUE BONNAND",,,Plein jour,En agglomération,Hors intersection,Normale,Autre collision,,,,,,,,,,,1,2,1,1,6
200800014637,0008-03-14 16:20:00,8,3,14,16,20,690,383,"22, COURS DOCTEUR LONG",,,Plein jour,En agglomération,Hors intersection,Normale,Deux véhicules - côté,,,,,,,,,,,1,2,1,1,3
200800014638,0008-03-15 17:48:00,8,3,15,17,48,690,383,"78, AVENUE MARECHAL DE S",,,Plein jour,En agglomération,Hors intersection,Normale,Autre collision,,,,,,,,,,,1,2,1,1,6
200800014639,0008-03-15 20:05:00,8,3,15,20,5,690,386,COURS LAFAYETTE,,,Nuit sans éclairage public,En agglomération,Intersection en X,Normale,Autre collision,,,,,,,,,,,3,2,2,1,6
200800014640,0008-03-17 11:10:00,8,3,17,11,10,690,386,BOULEVARD DES BELGES,,,Plein jour,En agglomération,Intersection en X,Normale,Deux véhicules - côté,,,,,,,,,,,1,2,2,1,3
200800014641,0008-03-18 08:45:00,8,3,18,8,45,690,383,"12, RUE ROSSAN",,,Plein jour,En agglomération,Hors intersection,Normale,Autre collision,,,,,,,,,,,1,2,1,1,6
200800014642,0008-03-19 18:20:00,8,3,19,18,20,690,386,BOULEVARD DES BELGES,,,Plein jour,En agglomération,Intersection en X,Normale,Deux véhicules - côté,,,,,,,,,,,1,2,2,1,3
200800014643,0008-03-05 17:15:00,8,3,5,17,15,690,383,COURS GAMBETTA,,,Plein jour,En agglomération,Intersection en X,Normale,Sans collision,,,,,,,,,,,1,2,2,1,7
200800014644,0008-03-21 09:20:00,8,3,21,9,20,690,383,"72, AVENUE MARECHAL DE S",,,Plein jour,En agglomération,Hors intersection,Pluie légère,Deux véhicules - arrière,,,,,,,,,,,1,2,1,2,2
200800014645,0008-03-21 10:20:00,8,3,21,10,20,690,386,RUE COMMANDANT FAURAX,,,Plein jour,En agglomération,Intersection en X,Pluie légère,Deux véhicules - côté,,,,,,,,,,,1,2,2,2,3
200800014646,0008-03-25 13:00:00,8,3,25,13,0,690,383,BOULEVARD MARIUS VIVIER,,,Plein jour,En agglomération,Intersection en T,Temps couvert,Deux véhicules - côté,,,,,,,,,,,1,2,3,8,3
200800014647,0008-03-25 17:10:00,8,3,25,17,10,690,383,"22 bis, RUE TRARIEUX",,,Plein jour,En agglomération,Hors intersection,Normale,Autre collision,,,,,,,,,,,1,2,1,1,6
200800014648,0008-03-26 08:45:00,8,3,26,8,45,690,383,AVENUE LACASSAGNE,,,Plein jour,En agglomération,Intersection en X,Normale,Autre collision,,,,,,,,,,,1,2,2,1,6
200800014649,0008-03-27 08:20:00,8,3,27,8,20,690,383,RUE GANDOLIERE,,,Plein jour,En agglomération,Intersection en T,Normale,Sans collision,,,,,,,,,,,1,2,3,1,7
200800014650,0008-03-27 10:20:00,8,3,27,10,20,690,386,RUE DES CHARMETTES,,,Plein jour,En agglomération,Intersection en X,Normale,Deux véhicules - côté,,,,,,,,,,,1,2,2,1,3
200800014651,0008-03-30 21:20:00,8,3,30,21,20,690,383,RUE LOUISE,,,Nuit avec éclairage allumé,En agglomération,Intersection en X,Pluie forte,Deux véhicules - côté,,,,,,,,,,,5,2,2,3,3
200800014652,0008-03-31 13:40:00,8,3,31,13,40,690,386,"100, QUAI CHARLES DE GAU",,,Plein jour,En agglomération,Hors intersection,Normale,Deux véhicules - arrière,,,,,,,,,,,1,2,1,1,2
200800014653,0008-03-05 20:05:00,8,3,5,20,5,690,384,"62, RUE PHILIPPE DE LASS",,,Nuit avec éclairage allumé,En agglomération,Intersection en X,Normale,Autre collision,,,,,,,,,,,5,2,2,1,6
200800014654,0008-03-11 13:05:00,8,3,11,13,5,690,384,"61, MONTEE DE LA BOUCLE",,,Plein jour,En agglomération,Hors intersection,Pluie légère,Trois véhicules et plus - en chaîne,,,,,,,,,,,1,2,1,2,4
200800014655,0008-03-21 18:50:00,8,3,21,18,50,690,384,COURS D HERBOUVILLE,,,Nuit sans éclairage public,En agglomération,Hors intersection,Pluie légère,Autre collision,,,,,,,,,,,3,2,1,2,6
200800014656,0008-03-26 09:30:00,8,3,26,9,30,690,384,"19, RUE VALENTIN COUTURI",,,Plein jour,En agglomération,Hors intersection,Normale,Autre collision,,,,,,,,,,,1,2,1,1,6
200800014657,0008-03-27 19:15:00,8,3,27,19,15,690,384,"81, QUAI JOSEPH GILLET",,,Crépuscule ou aube,En agglomération,Hors intersection,Normale,Deux véhicules - côté,,,,,,,,,,,2,2,1,1,3
200800014658,0008-03-01 11:37:00,8,3,1,11,37,330,122,AUTOROUTE A 63,,,Plein jour,Hors agglomération,Hors intersection,Pluie légère,Sans collision,,,,,,,,,,,1,1,1,2,7
200800014659,0008-03-03 18:15:00,8,3,3,18,15,330,249,ROUTE NATIONALE 230,,,Plein jour,Hors agglomération,Hors intersection,Normale,Deux véhicules - côté,,,,,,,,,,,1,1,1,1,3
200800014660,0008-03-03 18:25:00,8,3,3,18,25,330,550,ROCADE A 630,,,Plein jour,Hors agglomération,Hors intersection,Normale,Sans collision,,,,,,,,,,,1,1,1,1,7
200800014661,0008-03-03 21:40:00,8,3,3,21,40,330,162,ROCADE A 630,,,Nuit avec éclairage allumé,Hors agglomération,Hors intersection,Pluie légère,Deux véhicules - arrière,,,,,,,,,,,5,1,1,2,2
200800014662,0008-03-05 16:50:00,8,3,5,16,50,330,550,ROCADE A 630,,,Crépuscule ou aube,Hors agglomération,Hors intersection,Normale,Deux véhicules - arrière,,,,,,,,,,,2,1,1,1,2
200800014663,0008-03-08 14:35:00,8,3,8,14,35,330,249,ROCADE A 630,,,Plein jour,Hors agglomération,Hors intersection,Normale,Autre collision,,,,,,,,,,,1,1,1,1,6
200800014664,0008-03-08 16:20:00,8,3,8,16,20,330,192,AUTOROUTE A 63,,,Plein jour,Hors agglomération,Hors intersection,Normale,Trois véhicules et plus - collisions multiples,,,,,,,,,,,1,1,1,1,5
200800014665,0008-03-09 16:20:00,8,3,9,16,20,330,550,ROCADE A 630,,,Plein jour,Hors agglomération,Hors intersection,Pluie légère,Autre collision,,,,,,,,,,,1,1,1,2,6
200800014666,0008-03-10 18:30:00,8,3,10,18,30,330,550,ROCADE A 630,,,Plein jour,Hors agglomération,Hors intersection,Pluie légère,Deux véhicules - arrière,,,,,,,,,,,1,1,1,2,2
200800014667,0008-03-11 12:55:00,8,3,11,12,55,330,318,AUTOROUTE A 63,,,Plein jour,Hors agglomération,Hors intersection,Pluie légère,Sans collision,,,,,,,,,,,1,1,1,2,7
200800014668,0008-03-11 15:35:00,8,3,11,15,35,330,550,ROCADE A 630,,,Plein jour,Hors agglomération,Hors intersection,Pluie légère,Deux véhicules - arrière,,,,,,,,,,,1,1,1,2,2
200800014669,0008-03-11 17:55:00,8,3,11,17,55,330,550,ROCADE A 630,,,Plein jour,Hors agglomération,Hors intersection,Normale,Deux véhicules - arrière,,,,,,,,,,,1,1,1,1,2
200800014670,0008-03-13 08:00:00,8,3,13,8,0,330,167,ROUTE NATIONALE 230,,,Plein jour,Hors agglomération,Hors intersection,Pluie légère,Deux véhicules - côté,,,,,,,,,,,1,1,1,2,3
200800014671,0008-03-13 12:30:00,8,3,13,12,30,330,281,ROCADE A 630,,,Plein jour,Hors agglomération,Hors intersection,Normale,Trois véhicules et plus - collisions multiples,,,,,,,,,,,1,1,1,1,5
200800014672,0008-03-14 12:00:00,8,3,14,12,0,330,96,AUTOROUTE A 10,,,Plein jour,Hors agglomération,Hors intersection,Normale,Autre collision,,,,,,,,,,,1,1,1,1,6
200800014673,0008-03-14 22:35:00,8,3,14,22,35,330,162,ROCADE A 630,,,Nuit avec éclairage allumé,Hors agglomération,Hors intersection,Normale,Sans collision,,,,,,,,,,,5,1,1,1,7
200800014674,0008-03-15 14:35:00,8,3,15,14,35,330,550,ROCADE A 630,,,Plein jour,Hors agglomération,Hors intersection,Pluie légère,Autre collision,,,,,,,,,,,1,1,1,2,6
200800014675,0008-03-15 22:15:00,8,3,15,22,15,330,39,ROCADE A 630,,,Nuit avec éclairage allumé,Hors agglomération,Hors intersection,Pluie légère,Autre collision,,,,,,,,,,,5,1,1,2,6
200800014676,0008-03-16 21:10:00,8,3,16,21,10,330,550,ROCADE A 630,,,Nuit avec éclairage allumé,Hors agglomération,Hors intersection,Normale,Autre collision,,,,,,,,,,,5,1,1,1,6
200800014677,0008-03-18 07:10:00,8,3,18,7,10,330,162,ROCADE A 630,,,Plein jour,Hors agglomération,Hors intersection,Normale,Deux véhicules - côté,,,,,,,,,,,1,1,1,1,3
200800014678,0008-03-22 06:20:00,8,3,22,6,20,330,487,AUTOROUTE A 10,,,Nuit avec éclairage allumé,Hors agglomération,Hors intersection,Pluie légère,Autre collision,,,,,,,,,,,5,1,1,2,6
200800014679,0008-03-22 19:25:00,8,3,22,19,25,330,550,ROCADE A 630,,,Crépuscule ou aube,Hors agglomération,Hors intersection,Pluie forte,Autre collision,,,,,,,,,,,2,1,1,3,6
200800014680,0008-03-24 05:30:00,8,3,24,5,30,330,192,ROCADE A 630,,,Nuit avec éclairage allumé,Hors agglomération,Hors intersection,Pluie légère,Autre collision,,,,,,,,,,,5,1,1,2,6
200800014681,0008-03-24 06:08:00,8,3,24,6,8,330,550,ROCADE A 630,,,Nuit avec éclairage allumé,Hors agglomération,Hors intersection,Pluie légère,Autre collision,,,,,,,,,,,5,1,1,2,6
200800014682,0008-03-24 12:05:00,8,3,24,12,5,330,249,ROUTE NATIONALE 230,,,Plein jour,Hors agglomération,Hors intersection,Pluie légère,Autre collision,,,,,,,,,,,1,1,1,2,6
200800014683,0008-03-24 20:40:00,8,3,24,20,40,330,550,ROCADE A 630,,,Nuit avec éclairage allumé,Hors agglomération,Hors intersection,Pluie légère,Autre collision,,,,,,,,,,,5,1,1,2,6
200800014684,0008-03-25 08:45:00,8,3,25,8,45,330,318,ROCADE A 630,,,Plein jour,Hors agglomération,Hors intersection,Pluie forte,Autre collision,,,,,,,,,,,1,1,1,3,6
200800014685,0008-03-25 10:25:00,8,3,25,10,25,330,318,ROCADE A 630,,,Plein jour,Hors agglomération,Hors intersection,Pluie forte,Autre collision,,,,,,,,,,,1,1,1,3,6
200800014686,0008-03-26 15:30:00,8,3,26,15,30,330,318,ROCADE A 630,,,Plein jour,Hors agglomération,Hors intersection,Pluie légère,Sans collision,,,,,,,,,,,1,1,1,2,7
200800014687,0008-03-28 04:40:00,8,3,28,4,40,330,192,ROCADE A 630,,,Nuit avec éclairage allumé,Hors agglomération,Hors intersection,Pluie légère,Deux véhicules - arrière,,,,,,,,,,,5,1,1,2,2
200800014688,0008-03-29 18:30:00,8,3,29,18,30,330,122,ROUTE NATIONALE 230,,,Plein jour,Hors agglomération,Hors intersection,Normale,Autre collision,,,,,,,,,,,1,1,1,1,6
200800014689,0008-03-30 07:30:00,8,3,30,7,30,330,550,ROCADE A 630,,,Plein jour,Hors agglomération,Hors intersection,Normale,Deux véhicules - arrière,,,,,,,,,,,1,1,1,1,2
200800014690,0008-03-30 14:42:00,8,3,30,14,42,330,433,AUTOROUTE A 10,,,Nuit avec éclairage allumé,Hors agglomération,Hors intersection,Pluie légère,Sans collision,,,,,,,,,,,5,1,1,2,7
200800014691,0008-03-31 11:15:00,8,3,31,11,15,330,318,AUTOROUTE A 63,,,Plein jour,Hors agglomération,Hors intersection,Pluie légère,Sans collision,,,,,,,,,,,1,1,1,2,7
200800014692,0008-03-01 09:00:00,8,3,1,9,0,690,385,"13, QUAI ROMAIN ROLLAND",,,Plein jour,En agglomération,Hors intersection,Normale,Deux véhicules - arrière,,,,,,,,,,,1,2,1,1,2
200800014693,0008-03-31 08:05:00,8,3,31,8,5,690,385,"23, RUE DES AQUEDUCS",,,Plein jour,En agglomération,Intersection en T,Pluie légère,Deux véhicules - côté,,,,,,,,,,,1,2,3,2,3
200800014694,0008-03-08 03:30:00,8,3,8,3,30,670,309,Autoroute A.4,,,Nuit sans éclairage public,Hors agglomération,Hors intersection,Normale,Sans collision,,,,,,,,,,,3,1,1,1,7
200800014695,0008-03-29 19:45:00,8,3,29,19,45,670,137,Route Nationale 83,,,Nuit avec éclairage allumé,Hors agglomération,Hors intersection,Normale,Trois véhicules et plus - en chaîne,,,,,,,,,,,5,1,1,1,4
200800014696,0008-03-02 14:40:00,8,3,2,14,40,540,571,Autoroute A 33,,,Plein jour,Hors agglomération,Hors intersection,Normale,Sans collision,,,,,,,,,,,1,1,1,1,7
200800014697,0008-03-08 16:52:00,8,3,8,16,52,540,357,Autoroute A 31,,,Plein jour,Hors agglomération,Hors intersection,Normale,Autre collision,,,,,,,,,,,1,1,1,1,6
200800014698,0008-03-21 12:35:00,8,3,21,12,35,540,115,Autoroute A 31,,,Plein jour,Hors agglomération,Hors intersection,Pluie forte,Trois véhicules et plus - collisions multiples,,,,,,,,,,,1,1,1,3,5
200800014699,0008-03-29 15:30:00,8,3,29,15,30,540,232,Autoroute A 31,,,Plein jour,Hors agglomération,Hors intersection,Normale,Deux véhicules - arrière,,,,,,,,,,,1,1,1,1,2
200800014700,0008-03-03 18:35:00,8,3,3,18,35,570,303,Autoroute A31,,,Crépuscule ou aube,Hors agglomération,Hors intersection,Normale,Deux véhicules - arrière,,,,,,,,,,,2,1,1,1,2
200800014701,0008-03-08 14:59:00,8,3,8,14,59,570,303,Autoroute A31,,,Plein jour,Hors agglomération,Hors intersection,Normale,Deux véhicules - arrière,,,,,,,,,,,1,1,1,1,2
200800014702,0008-03-14 01:30:00,8,3,14,1,30,570,672,Autoroute A31,,,Nuit avec éclairage non allumé,Hors agglomération,Hors intersection,Pluie légère,Autre collision,,,,,,,,,,,4,1,1,2,6
200800014703,0008-03-01 19:50:00,8,3,1,19,50,690,387,"216, GRANDE RUE DE LA GU",,,Nuit avec éclairage allumé,En agglomération,Hors intersection,Normale,Autre collision,,,,,,,,,,,5,2,1,1,6