accident_id,datetime,annee,mois,jour,heure,minute,departement,commune_insee,adresse,latitude,longitude,luminosite,agglomeration,intersection,meteo,collision,nb_vehicules,nb_usagers,nb_indemnes,nb_tues,nb_blesses_hosp,nb_blesses_legers,age_cond_1,age_cond_2,veh_type_cond_1,veh_type_cond_2,lum_code,agg_code,int_code,atm_code,col_code
200800014704,0008-03-06 01:35:00,8,3,6,1,35,690,387,RUE DE L EPARGNE,,,Nuit avec éclairage allumé,En agglomération,Hors intersection,Vent fort / tempête,Sans collision,,,,,,,,,,,5,2,1,6,7
200800014705,0008-03-05 16:35:00,8,3,5,16,35,690,387,RUE DE L UNIVERSITE,,,Plein jour,En agglomération,Intersection en X,Vent fort / tempête,Autre collision,,,,,,,,,,,1,2,2,6,6
200800014706,0008-03-07 22:30:00,8,3,7,22,30,690,387,BOULEVARD YVES FARGE,,,Nuit avec éclairage allumé,En agglomération,Hors intersection,Pluie légère,Autre collision,,,,,,,,,,,5,2,1,2,6
200800014707,0008-03-09 15:15:00,8,3,9,15,15,690,387,"2, AVENUE DEBOURG",,,Plein jour,En agglomération,Hors intersection,Normale,Deux véhicules - arrière,,,,,,,,,,,1,2,1,1,2
200800014708,0008-03-07 15:30:00,8,3,7,15,30,690,387,"37, RUE DE L UNIVERSITE",,,Plein jour,En agglomération,Hors intersection,Normale,Autre collision,,,,,,,,,,,1,2,1,1,6
200800014709,0008-03-13 15:50:00,8,3,13,15,50,690,387,"18, COURS GAMBETTA",,,Plein jour,En agglomération,Hors intersection,Normale,Autre collision,,,,,,,,,,,1,2,1,1,6
200800014710,0008-03-14 09:30:00,8,3,14,9,30,690,387,AVENUE TONY GARNIER,,,Plein jour,En agglomération,Intersection en X,Normale,Deux véhicules - côté,,,,,,,,,,,1,2,2,1,3
200800014711,0008-03-17 15:50:00,8,3,17,15,50,690,387,", COURS GAMBETTA",,,Plein jour,En agglomération,Hors intersection,Normale,Autre collision,,,,,,,,,,,1,2,1,1,6
200800014712,0008-03-29 17:00:00,8,3,29,17,0,690,387,"14, AVENUE BERTHELOT",,,Plein jour,En agglomération,Intersection en T,Normale,Deux véhicules - côté,,,,,,,,,,,1,2,3,1,3
200800014713,0008-03-31 01:40:00,8,3,31,1,40,690,387,GRANDE RUE DE LA GUILLOT,,,Nuit avec éclairage allumé,En agglomération,Autre intersection,Pluie légère,Sans collision,,,,,,,,,,,5,2,9,2,7
200800014714,0008-03-31 19:50:00,8,3,31,19,50,690,387,RUE DU BEGUIN,,,Nuit avec éclairage allumé,En agglomération,Hors intersection,Normale,Deux véhicules - arrière,,,,,,,,,,,5,2,1,1,2
200800014715,0008-03-02 16:20:00,8,3,2,16,20,690,388,PLACE AMBROISE COURTOIS,,,Plein jour,En agglomération,Intersection en X,Normale,Autre collision,,,,,,,,,,,1,2,2,1,6
200800014716,0008-03-19 01:50:00,8,3,19,1,50,690,388,"00, ROUTE DE VIENNE",,,Nuit avec éclairage allumé,En agglomération,Hors intersection,Normale,Autre collision,,,,,,,,,,,5,2,1,1,6
200800014717,0008-03-15 10:00:00,8,3,15,10,0,690,388,"00, RUE PAUL CAZENEUVE",,,Plein jour,En agglomération,Hors intersection,Normale,Autre collision,,,,,,,,,,,1,2,1,1,6
200800014718,0008-03-21 17:50:00,8,3,21,17,50,690,388,RUE PIERRE DELORE,,,Plein jour,En agglomération,Intersection en T,Pluie légère,Autre collision,,,,,,,,,,,1,2,3,2,6
200800014719,0008-03-28 14:05:00,8,3,28,14,5,690,388,"134, ROUTE DE VIENNE",,,Plein jour,En agglomération,Hors intersection,Normale,Autre collision,,,,,,,,,,,1,2,1,1,6
200800014720,0008-03-29 16:10:00,8,3,29,16,10,690,388,"00, AVENUE VIVIANI",,,Plein jour,En agglomération,Intersection en T,Normale,Autre collision,,,,,,,,,,,1,2,3,1,6
200800014721,0008-03-28 14:00:00,8,3,28,14,0,690,388,"00, RUE THEODORE LEVIGNE",,,Plein jour,En agglomération,Intersection en X,Normale,Autre collision,,,,,,,,,,,1,2,2,1,6
200800014722,0008-03-26 17:15:00,8,3,26,17,15,690,388,AVENUE JEAN MERMOZ,,,Plein jour,En agglomération,Hors intersection,Pluie légère,Autre collision,,,,,,,,,,,1,2,1,2,6
200800014723,0008-03-06 08:40:00,8,3,6,8,40,420,44,RN88,,,Plein jour,Hors agglomération,Hors intersection,Normale,Trois véhicules et plus - en chaîne,,,,,,,,,,,1,1,1,1,4
200800014724,0008-03-01 21:00:00,8,3,1,21,0,690,9,A6   428.880 A 431.800,,,Nuit avec éclairage allumé,Hors agglomération,Hors intersection,Normale,Sans collision,,,,,,,,,,,5,1,1,1,7
200800014725,0008-03-03 19:05:00,8,3,3,19,5,380,184,A43   15.971 A 18.875,,,Nuit sans éclairage public,Hors agglomération,Hors intersection,Pluie légère,Deux véhicules - arrière,,,,,,,,,,,3,1,1,2,2
200800014726,0008-03-07 18:30:00,8,3,7,18,30,690,290,A43   3.865 A 9.894,,,Nuit avec éclairage allumé,Hors agglomération,Hors intersection,Normale,Deux véhicules - arrière,,,,,,,,,,,5,1,1,1,2
200800014727,0008-03-08 02:10:00,8,3,8,2,10,690,72,A6   445.323 A 447.390,,,Nuit avec éclairage allumé,Hors agglomération,Hors intersection,Normale,Deux véhicules - arrière,,,,,,,,,,,5,1,1,1,2
200800014728,0008-03-13 15:00:00,8,3,13,15,0,690,281,A46S   49.160 A 53.980,,,Plein jour,Hors agglomération,Hors intersection,Normale,Deux véhicules - côté,,,,,,,,,,,1,1,1,1,3
200800014729,0008-03-21 16:40:00,8,3,21,16,40,690,266,RD383   3.750 A 7.640,,,Plein jour,Hors agglomération,Hors intersection,Pluie légère,Deux véhicules - arrière,,,,,,,,,,,1,1,1,2,2
200800014730,0008-03-22 08:20:00,8,3,22,8,20,690,199,RD383   14.250 A 18.000,,,Plein jour,Hors agglomération,Hors intersection,Normale,Autre collision,,,,,,,,,,,1,1,1,1,6
200800014731,0008-03-22 12:30:00,8,3,22,12,30,690,29,RD383   7.640 A 11.044,,,Plein jour,Hors agglomération,Hors intersection,Pluie légère,Sans collision,,,,,,,,,,,1,1,1,2,7
200800014732,0008-03-25 07:20:00,8,3,25,7,20,690,266,RD383   3.750 A 7.640,,,Crépuscule ou aube,Hors agglomération,Hors intersection,Pluie légère,Trois véhicules et plus - collisions multiples,,,,,,,,,,,2,1,1,2,5
200800014733,0008-03-29 02:25:00,8,3,29,2,25,690,29,RD383   7.640 A 11.044,,,Nuit avec éclairage non allumé,Hors agglomération,Hors intersection,Normale,Sans collision,,,,,,,,,,,4,1,1,1,7
200800014734,0008-03-29 13:00:00,8,3,29,13,0,690,122,A6   433.690 A 435.100,,,Plein jour,Hors agglomération,Hors intersection,Normale,Autre collision,,,,,,,,,,,1,1,1,1,6
200800014735,0008-03-31 08:40:00,8,3,31,8,40,690,270,A46S   47.880 A 49.160,,,Plein jour,Hors agglomération,Hors intersection,Temps couvert,Trois véhicules et plus - en chaîne,,,,,,,,,,,1,1,1,8,4
200800014736,0008-03-03 07:50:00,8,3,3,7,50,690,389,"43B, RUE SAINT PIERRE DE",,,Plein jour,En agglomération,Hors intersection,Normale,Autre collision,,,,,,,,,,,1,2,1,1,6
200800014737,0008-03-06 13:25:00,8,3,6,13,25,690,389,"0, RUE LOUIS LOUCHEUR",,,Plein jour,En agglomération,Intersection en T,Normale,Deux véhicules - côté,,,,,,,,,,,1,2,3,1,3
200800014738,0008-03-14 19:40:00,8,3,14,19,40,690,389,"18/21, QUAI PAUL SEDALLI",,,Nuit avec éclairage allumé,En agglomération,Hors intersection,Normale,Deux véhicules - côté,,,,,,,,,,,5,2,1,1,3
200800014739,0008-03-14 19:07:00,8,3,14,19,7,690,389,"20, RUE EMILE DUPORT",,,Nuit avec éclairage allumé,En agglomération,Hors intersection,Normale,Autre collision,,,,,,,,,,,5,2,1,1,6
200800014740,0008-03-20 08:15:00,8,3,20,8,15,690,389,RUE DU 24 MARS 1852,,,Plein jour,En agglomération,Intersection en X,Normale,Autre collision,,,,,,,,,,,1,2,2,1,6
200800014741,0008-03-03 11:25:00,8,3,3,11,25,830,137,A50,,,Plein jour,Hors agglomération,Autre intersection,Normale,Deux véhicules - arrière,,,,,,,,,,,1,1,9,1,2
200800014742,0008-03-03 14:35:00,8,3,3,14,35,830,137,A50,,,Plein jour,Hors agglomération,Hors intersection,Normale,Deux véhicules - arrière,,,,,,,,,,,1,1,1,1,2
200800014743,0008-03-04 17:10:00,8,3,4,17,10,830,90,A50,,,Plein jour,Hors agglomération,Hors intersection,Normale,Trois véhicules et plus - en chaîne,,,,,,,,,,,1,1,1,1,4
200800014744,0008-03-07 20:35:00,8,3,7,20,35,830,137,A50,,,Nuit avec éclairage allumé,Hors agglomération,Hors intersection,Normale,Trois véhicules et plus - en chaîne,,,,,,,,,,,5,1,1,1,4
200800014745,0008-03-10 18:30:00,8,3,10,18,30,830,62,A57,,,Crépuscule ou aube,Hors agglomération,Hors intersection,Pluie légère,Deux véhicules - arrière,,,,,,,,,,,2,1,1,2,2
200800014746,0008-03-25 07:11:00,8,3,25,7,11,830,62,A57,,,Plein jour,Hors agglomération,Hors intersection,Temps éblouissant,Autre collision,,,,,,,,,,,1,1,1,7,6
200800014747,0008-03-25 11:25:00,8,3,25,11,25,830,137,A57,,,Plein jour,Hors agglomération,Hors intersection,Normale,Deux véhicules - côté,,,,,,,,,,,1,1,1,1,3
200800014748,0008-03-26 20:10:00,8,3,26,20,10,830,47,A570,,,Nuit sans éclairage public,Hors agglomération,Hors intersection,Normale,Sans collision,,,,,,,,,,,3,1,1,1,7
200800014749,0008-03-29 16:17:00,8,3,29,16,17,830,137,A57,,,Plein jour,Hors agglomération,Hors intersection,Normale,Deux véhicules - arrière,,,,,,,,,,,1,1,1,1,2
200800014750,0008-03-29 19:20:00,8,3,29,19,20,830,62,A57,,,Crépuscule ou aube,Hors agglomération,Hors intersection,Normale,Autre collision,,,,,,,,,,,2,1,1,1,6
200800014751,0008-03-01 01:45:00,8,3,1,1,45,130,26,A55-Sens Martigues vers,,,Nuit sans éclairage public,Hors agglomération,Hors intersection,Normale,Autre collision,,,,,,,,,,,3,1,1,1,6
200800014752,0008-03-01 05:00:00,8,3,1,5,0,130,26,A55-Sens Marseille vers,,,Nuit sans éclairage public,Hors agglomération,Hors intersection,Normale,Deux véhicules - arrière,,,,,,,,,,,3,1,1,1,2
200800014753,0008-03-03 06:30:00,8,3,3,6,30,130,202,A55-Sens Martigues vers,,,Crépuscule ou aube,Hors agglomération,Hors intersection,Normale,Deux véhicules - arrière,,,,,,,,,,,2,1,1,1,2
200800014754,0008-03-04 06:30:00,8,3,4,6,30,130,71,A55 - Sens Marseille ver,,,Crépuscule ou aube,Hors agglomération,Hors intersection,Normale,Autre collision,,,,,,,,,,,2,1,1,1,6
200800014755,0008-03-05 05:30:00,8,3,5,5,30,130,210,A50-Sens Marseille vers,,,Nuit avec éclairage allumé,Hors agglomération,Hors intersection,Normale,Sans collision,,,,,,,,,,,5,1,1,1,7
200800014756,0008-03-05 08:50:00,8,3,5,8,50,130,202,TVPCD-Sens Les Ports ver,,,Plein jour,Hors agglomération,Hors intersection,Normale,Trois véhicules et plus - en chaîne,,,,,,,,,,,1,1,1,1,4
200800014757,0008-03-05 16:00:00,8,3,5,16,0,130,106,A51-Sens Marseille vers,,,Plein jour,Hors agglomération,Hors intersection,Normale,Sans collision,,,,,,,,,,,1,1,1,1,7
200800014758,0008-03-05 18:10:00,8,3,5,18,10,130,214,A7-Sens Lyon vers Marsei,,,Plein jour,Hors agglomération,Hors intersection,Normale,Trois véhicules et plus - en chaîne,,,,,,,,,,,1,1,1,1,4
200800014759,0008-03-08 19:50:00,8,3,8,19,50,130,215,A55-Sens Martigues vers,,,Nuit avec éclairage allumé,Hors agglomération,Hors intersection,Normale,Sans collision,,,,,,,,,,,5,1,1,1,7
200800014760,0008-03-07 10:20:00,8,3,7,10,20,130,210,A50-Sens Aubagne vers Ma,,,Plein jour,Hors agglomération,Hors intersection,Normale,Trois véhicules et plus - collisions multiples,,,,,,,,,,,1,1,1,1,5
200800014761,0008-03-07 10:50:00,8,3,7,10,50,130,106,A7-Sens Lyon vers Marsei,,,Plein jour,Hors agglomération,Hors intersection,Normale,Autre collision,,,,,,,,,,,1,1,1,1,6
200800014762,0008-03-08 03:35:00,8,3,8,3,35,130,5,A50 - Sens Aubagne vers,,,Nuit sans éclairage public,Hors agglomération,Hors intersection,Normale,Autre collision,,,,,,,,,,,3,1,1,1,6
200800014763,0008-03-08 06:08:00,8,3,8,6,8,130,1,A51-Sens Aix en Provence,,,Nuit sans éclairage public,Hors agglomération,Hors intersection,Normale,Trois véhicules et plus - collisions multiples,,,,,,,,,,,3,1,1,1,5
200800014764,0008-03-09 18:40:00,8,3,9,18,40,130,43,A55-Sens Martigues vers,,,Crépuscule ou aube,Hors agglomération,Hors intersection,Pluie légère,Deux véhicules - frontale,,,,,,,,,,,2,1,1,2,1
200800014765,0008-03-09 09:15:00,8,3,9,9,15,130,55,A557-Liaison A7 Marseill,,,Plein jour,Hors agglomération,Hors intersection,Normale,Sans collision,,,,,,,,,,,1,1,1,1,7
200800014766,0008-03-10 08:55:00,8,3,10,8,55,130,56,A55-Sens Marseille vers,,,Plein jour,Hors agglomération,Hors intersection,Normale,Deux véhicules - arrière,,,,,,,,,,,1,1,1,1,2
200800014767,0008-03-10 17:45:00,8,3,10,17,45,130,214,A7-Sens Lyon vers Marsei,,,Plein jour,Hors agglomération,Hors intersection,Pluie légère,Autre collision,,,,,,,,,,,1,1,1,2,6
200800014768,0008-03-10 18:15:00,8,3,10,18,15,130,215,A55-Sens Marseille vers,,,Plein jour,Hors agglomération,Hors intersection,Pluie légère,Autre collision,,,,,,,,,,,1,1,1,2,6
200800014769,0008-03-11 04:45:00,8,3,11,4,45,130,15,A515CD-Gardanne vers A51,,,Nuit sans éclairage public,Hors agglomération,Hors intersection,Temps couvert,Sans collision,,,,,,,,,,,3,1,1,8,7
200800014770,0008-03-12 07:25:00,8,3,12,7,25,130,5,A502-Sens Aubagne vers T,,,Plein jour,Hors agglomération,Hors intersection,Normale,Autre collision,,,,,,,,,,,1,1,1,1,6
200800014771,0008-03-14 13:30:00,8,3,14,13,30,130,1,A51-Sens Aix en Provence,,,Plein jour,Hors agglomération,Hors intersection,Normale,Trois véhicules et plus - collisions multiples,,,,,,,,,,,1,1,1,1,5
200800014772,0008-03-14 18:20:00,8,3,14,18,20,130,1,A51-Sens Marseille vers,,,Plein jour,Hors agglomération,Hors intersection,Normale,Trois véhicules et plus - en chaîne,,,,,,,,,,,1,1,1,1,4
200800014773,0008-03-14 20:25:00,8,3,14,20,25,130,215,A7-Sens Lyon vers Marsei,,,Nuit sans éclairage public,Hors agglomération,Hors intersection,Normale,Deux véhicules - arrière,,,,,,,,,,,3,1,1,1,2
200800014774,0008-03-15 00:30:00,8,3,15,0,30,130,71,A5502G-sens Martigues ve,,,Nuit sans éclairage public,Hors agglomération,Hors intersection,Brouillard / fumée,Autre collision,,,,,,,,,,,3,1,1,5,6
200800014775,0008-03-15 01:30:00,8,3,15,1,30,130,81,A7-Sens Marseille vers L,,,Nuit sans éclairage public,Hors agglomération,Hors intersection,Brouillard / fumée,Sans collision,,,,,,,,,,,3,1,1,5,7
200800014776,0008-03-15 17:30:00,8,3,15,17,30,130,1,A51-Sens Aix en Provence,,,Plein jour,Hors agglomération,Hors intersection,Normale,Autre collision,,,,,,,,,,,1,1,1,1,6
200800014777,0008-03-16 16:10:00,8,3,16,16,10,130,71,A7-Sens Marseille vers L,,,Plein jour,Hors agglomération,Hors intersection,Normale,Deux véhicules - arrière,,,,,,,,,,,1,1,1,1,2
200800014778,0008-03-17 00:10:00,8,3,17,0,10,130,5,A50-Sens Aubagne vers Ma,,,Nuit sans éclairage public,Hors agglomération,Hors intersection,Normale,Sans collision,,,,,,,,,,,3,1,1,1,7
200800014779,0008-03-17 07:40:00,8,3,17,7,40,130,215,A7-Sens Marseille vers L,,,Crépuscule ou aube,Hors agglomération,Hors intersection,Normale,Trois véhicules et plus - collisions multiples,,,,,,,,,,,2,1,1,1,5
200800014780,0008-03-17 16:45:00,8,3,17,16,45,130,202,A55-Sens Martigues vers,,,Plein jour,Hors agglomération,Hors intersection,Normale,Trois véhicules et plus - en chaîne,,,,,,,,,,,1,1,1,1,4
200800014781,0008-03-18 17:45:00,8,3,18,17,45,130,71,A7-Sens Lyon vers Marsei,,,Plein jour,Hors agglomération,Hors intersection,Normale,Autre collision,,,,,,,,,,,1,1,1,1,6
200800014782,0008-03-18 18:10:00,8,3,18,18,10,130,211,A50-Sens Marseille vers,,,Plein jour,Hors agglomération,Hors intersection,Normale,Trois véhicules et plus - en chaîne,,,,,,,,,,,1,1,1,1,4
200800014783,0008-03-19 08:00:00,8,3,19,8,0,130,207,Tunnel Prado Carénage,,,Plein jour,Hors agglomération,Hors intersection,Normale,Trois véhicules et plus - en chaîne,,,,,,,,,,,1,1,1,1,4
200800014784,0008-03-20 18:23:00,8,3,20,18,23,130,15,A51-Sens Aix en Provence,,,Plein jour,Hors agglomération,Hors intersection,Normale,Autre collision,,,,,,,,,,,1,1,1,1,6
200800014785,0008-03-21 03:30:00,8,3,21,3,30,130,88,A55-Sens Martigues vers,,,Nuit sans éclairage public,Hors agglomération,Hors intersection,Normale,Autre collision,,,,,,,,,,,3,1,1,1,6
200800014786,0008-03-22 01:50:00,8,3,22,1,50,130,71,A7-Sens Lyon vers Marsei,,,Nuit sans éclairage public,Hors agglomération,Hors intersection,Pluie légère,Trois véhicules et plus - collisions multiples,,,,,,,,,,,3,1,1,2,5
200800014787,0008-03-21 09:15:00,8,3,21,9,15,130,5,A52-Sens Pont de l'Etoil,,,Plein jour,Hors agglomération,Hors intersection,Normale,Sans collision,,,,,,,,,,,1,1,1,1,7
200800014788,0008-03-24 05:10:00,8,3,24,5,10,130,15,A51-Sens Aix en Provence,,,Nuit sans éclairage public,Hors agglomération,Hors intersection,Normale,Autre collision,,,,,,,,,,,3,1,1,1,6
200800014789,0008-03-25 05:15:00,8,3,25,5,15,130,211,A50-Sens Marseille vers,,,Nuit sans éclairage public,Hors agglomération,Hors intersection,Normale,Deux véhicules - arrière,,,,,,,,,,,3,1,1,1,2
200800014790,0008-03-25 22:10:00,8,3,25,22,10,130,71,A55 - Sens Marseille ver,,,Nuit sans éclairage public,Hors agglomération,Hors intersection,Vent fort / tempête,Trois véhicules et plus - collisions multiples,,,,,,,,,,,3,1,1,6,5
200800014791,0008-03-24 11:10:00,8,3,24,11,10,130,5,A502-Sens Aubagne vers T,,,Plein jour,Hors agglomération,Hors intersection,Normale,Sans collision,,,,,,,,,,,1,1,1,1,7
200800014792,0008-03-27 09:02:00,8,3,27,9,2,130,15,A51-Sens Aix en Provence,,,Plein jour,Hors agglomération,Hors intersection,Normale,Deux véhicules - arrière,,,,,,,,,,,1,1,1,1,2
200800014793,0008-03-27 11:45:00,8,3,27,11,45,130,202,A55-Sens Martigues vers,,,Plein jour,Hors agglomération,Hors intersection,Normale,Trois véhicules et plus - en chaîne,,,,,,,,,,,1,1,1,1,4
200800014794,0008-03-27 11:55:00,8,3,27,11,55,130,216,A55-Sens Martigues vers,,,Plein jour,Hors agglomération,Hors intersection,Normale,Autre collision,,,,,,,,,,,1,1,1,1,6
200800014795,0008-03-31 13:00:00,8,3,31,13,0,130,56,A55-Sens Martigues vers,,,Plein jour,Hors agglomération,Hors intersection,Pluie légère,Autre collision,,,,,,,,,,,1,1,1,2,6
200800014796,0008-03-31 13:58:00,8,3,31,13,58,130,106,A51-Sens Aix en Provence,,,Plein jour,Hors agglomération,Hors intersection,Normale,Sans collision,,,,,,,,,,,1,1,1,1,7
200800014797,0008-03-31 16:17:00,8,3,31,16,17,130,202,A55-Sens Martigues vers,,,Plein jour,Hors agglomération,Hors intersection,Pluie légère,Trois véhicules et plus - en chaîne,,,,,,,,,,,1,1,1,2,4
200800014798,0008-03-01 02:25:00,8,3,1,2,25,750,103,"13, BOULEVARD DU TEMPLE",,,Nuit avec éclairage allumé,En agglomération,Hors intersection,Pluie légère,Autre collision,,,,,,,,,,,5,2,1,2,6
200800014799,0008-03-01 16:50:00,8,3,1,16,50,750,101,"11, RUE DES DECHARGEURS",,,Plein jour,En agglomération,Intersection en T,Normale,Autre collision,,,,,,,,,,,1,2,3,1,6
200800014800,0008-03-05 00:15:00,8,3,5,0,15,750,101,RUE DE CASTIGLIONE,,,Nuit avec éclairage allumé,En agglomération,Intersection en X,Normale,Deux véhicules - côté,,,,,,,,,,,5,2,2,1,3
200800014801,0008-03-05 20:35:00,8,3,5,20,35,750,101,"244, RUE DE RIVOLI",,,Nuit avec éclairage allumé,En agglomération,Hors intersection,Normale,Deux véhicules - côté,,,,,,,,,,,5,2,1,1,3
200800014802,0008-03-10 12:45:00,8,3,10,12,45,750,101,"34, VOIE GEORGES POMPIDO",,,Plein jour,En agglomération,Hors intersection,Pluie forte,Trois véhicules et plus - en chaîne,,,,,,,,,,,1,2,1,3,4
200800014803,0008-03-12 18:05:00,8,3,12,18,5,750,101,"02, BOULEVARD DU PALAIS",,,Plein jour,En agglomération,Hors intersection,Normale,Sans collision,,,,,,,,,,,1,2,1,1,7
200800014804,0008-03-15 15:30:00,8,3,15,15,30,750,101,"01, RUE SAINT DENIS",,,Plein jour,En agglomération,Intersection en T,Normale,Sans collision,,,,,,,,,,,1,2,3,1,7
200800014805,0008-03-15 20:45:00,8,3,15,20,45,750,101,"37, PLACE DU MARCHE SAIN",,,Nuit avec éclairage allumé,En agglomération,Hors intersection,Pluie légère,Sans collision,,,,,,,,,,,5,2,1,2,7
200800014806,0008-03-22 20:35:00,8,3,22,20,35,750,101,"52, RUE DU LOUVRE",,,Nuit avec éclairage allumé,En agglomération,Hors intersection,Pluie légère,Deux véhicules - frontale,,,,,,,,,,,5,2,1,2,1
200800014807,0008-03-26 17:45:00,8,3,26,17,45,750,101,RUE DU PONT NEUF,,,Plein jour,En agglomération,Intersection en X,Normale,Autre collision,,,,,,,,,,,1,2,2,1,6
200800014808,0008-03-27 11:50:00,8,3,27,11,50,750,101,"05, RUE DU LOUVRE",,,Plein jour,En agglomération,Intersection en X,Temps couvert,Autre collision,,,,,,,,,,,1,2,2,8,6
200800014809,0008-03-02 16:10:00,8,3,2,16,10,750,102,"16, RUE DE TURBIGO",,,Plein jour,En agglomération,Hors intersection,Normale,Deux véhicules - côté,,,,,,,,,,,1,2,1,1,3
200800014810,0008-03-04 09:05:00,8,3,4,9,5,750,102,"112, RUE DE RICHELIEU",,,Plein jour,En agglomération,Intersection en T,Temps couvert,Autre collision,,,,,,,,,,,1,2,3,8,6
200800014811,0008-03-07 17:10:00,8,3,7,17,10,750,102,RUE NOTRE DAME DES VICTO,,,Plein jour,En agglomération,Intersection en X,Pluie légère,Deux véhicules - côté,,,,,,,,,,,1,2,2,2,3
200800014812,0008-03-10 13:05:00,8,3,10,13,5,750,102,"78, RUE MONTMARTRE",,,Plein jour,En agglomération,Intersection en X,Pluie légère,Deux véhicules - côté,,,,,,,,,,,1,2,2,2,3
200800014813,0008-03-10 15:30:00,8,3,10,15,30,750,102,"24, RUE DU MAIL",,,Plein jour,En agglomération,Hors intersection,Temps couvert,Autre collision,,,,,,,,,,,1,2,1,8,6
200800014814,0008-03-11 12:35:00,8,3,11,12,35,750,102,"32, RUE DES PETITS CHAMP",,,Plein jour,En agglomération,Hors intersection,Pluie légère,Deux véhicules - côté,,,,,,,,,,,1,2,1,2,3
200800014815,0008-03-15 05:05:00,8,3,15,5,5,750,102,"24, RUE DU QUATRE SEPTEM",,,Nuit avec éclairage allumé,En agglomération,Intersection en X,Normale,Deux véhicules - côté,,,,,,,,,,,5,2,2,1,3
200800014816,0008-03-18 15:15:00,8,3,18,15,15,750,102,"17, PLACE DE LA BOURSE",,,Plein jour,En agglomération,Intersection en X,Normale,Autre collision,,,,,,,,,,,1,2,2,1,6
200800014817,0008-03-18 17:13:00,8,3,18,17,13,750,102,"09, RUE DANIELLE CASANOV",,,Plein jour,En agglomération,Hors intersection,Normale,Autre collision,,,,,,,,,,,1,2,1,1,6
200800014818,0008-03-19 19:10:00,8,3,19,19,10,750,101,"244, RUE DE RIVOLI",,,Nuit avec éclairage allumé,En agglomération,Hors intersection,Pluie légère,Sans collision,,,,,,,,,,,5,2,1,2,7
200800014819,0008-03-21 14:30:00,8,3,21,14,30,750,102,RUE DE LA PAIX,,,Plein jour,En agglomération,Intersection en X,Temps éblouissant,Deux véhicules - côté,,,,,,,,,,,1,2,2,7,3
200800014820,0008-03-22 01:42:00,8,3,22,1,42,750,102,"1, PLACE DE LA BOURSE",,,Nuit avec éclairage allumé,En agglomération,Hors intersection,Pluie légère,Deux véhicules - arrière,,,,,,,,,,,5,2,1,2,2
200800014821,0008-03-24 14:20:00,8,3,24,14,20,750,102,"35, BOULEVARD DES CAPUCI",,,Plein jour,En agglomération,Intersection en Y,Normale,Deux véhicules - côté,,,,,,,,,,,1,2,4,1,3
200800014822,0008-03-28 19:15:00,8,3,28,19,15,750,102,"81, BOULEVARD DE SEBASTO",,,Nuit avec éclairage allumé,En agglomération,Intersection en X,Pluie légère,Deux véhicules - côté,,,,,,,,,,,5,2,2,2,3
200800014823,0008-03-30 05:45:00,8,3,30,5,45,750,102,"34, AVENUE DE L OPERA",,,Nuit avec éclairage allumé,En agglomération,Hors intersection,Normale,Deux véhicules - arrière,,,,,,,,,,,5,2,1,1,2
200800014824,0008-03-03 08:22:00,8,3,3,8,22,750,103,"58, BOULEVARD DE SEBASTO",,,Plein jour,En agglomération,Intersection en X,Pluie légère,Deux véhicules - côté,,,,,,,,,,,1,2,2,2,3
200800014825,0008-03-05 21:05:00,8,3,5,21,5,750,103,"59, RUE DE TURBIGO",,,Nuit avec éclairage allumé,En agglomération,Hors intersection,Normale,Deux véhicules - arrière,,,,,,,,,,,5,2,1,1,2
200800014826,0008-03-06 19:00:00,8,3,6,19,0,750,101,"49, BOULEVARD DE SEBASTO",,,Nuit avec éclairage allumé,En agglomération,Hors intersection,Normale,Autre collision,,,,,,,,,,,5,2,1,1,6
200800014827,0008-03-08 20:15:00,8,3,8,20,15,750,103,RUE DE TURBIGO,,,Nuit avec éclairage allumé,En agglomération,Intersection en X,Normale,Trois véhicules et plus - en chaîne,,,,,,,,,,,5,2,2,1,4
200800014828,0008-03-10 14:45:00,8,3,10,14,45,750,103,"130, RUE DU TEMPLE",,,Plein jour,En agglomération,Hors intersection,Pluie légère,Sans collision,,,,,,,,,,,1,2,1,2,7
200800014829,0008-03-15 21:30:00,8,3,15,21,30,750,103,"35, BOULEVARD DU TEMPLE",,,Nuit avec éclairage allumé,En agglomération,Hors intersection,Pluie légère,Deux véhicules - côté,,,,,,,,,,,5,2,1,2,3
200800014830,0008-03-17 08:50:00,8,3,17,8,50,750,103,"134, RUE DE TURENNE",,,Plein jour,En agglomération,Intersection à plus de 4 branches,Normale,Deux véhicules - côté,,,,,,,,,,,1,2,5,1,3
200800014831,0008-03-22 17:15:00,8,3,22,17,15,750,103,RUE DU TEMPLE,,,Plein jour,En agglomération,Hors intersection,Temps couvert,Autre collision,,,,,,,,,,,1,2,1,8,6
200800014832,0008-03-28 23:45:00,8,3,28,23,45,750,103,"69, RUE DE BRETAGNE",,,Nuit avec éclairage allumé,En agglomération,Hors intersection,Normale,Deux véhicules - frontale,,,,,,,,,,,5,2,1,1,1