accident_id,datetime,annee,mois,jour,heure,minute,departement,commune_insee,adresse,latitude,longitude,luminosite,agglomeration,intersection,meteo,collision,nb_vehicules,nb_usagers,nb_indemnes,nb_tues,nb_blesses_hosp,nb_blesses_legers,age_cond_1,age_cond_2,veh_type_cond_1,veh_type_cond_2,lum_code,agg_code,int_code,atm_code,col_code
200800014833,0008-03-01 20:30:00,8,3,1,20,30,750,104,"44, RUE DE RIVOLI",,,Nuit avec éclairage allumé,En agglomération,Hors intersection,Normale,Sans collision,,,,,,,,,,,5,2,1,1,7
200800014834,0008-03-04 13:30:00,8,3,4,13,30,750,104,BOULEVARD HENRI IV,,,Plein jour,En agglomération,Hors intersection,Autre,Autre collision,,,,,,,,,,,1,2,1,9,6
200800014835,0008-03-08 20:20:00,8,3,8,20,20,750,104,RUE DE RIVOLI,,,Nuit avec éclairage allumé,En agglomération,Intersection en Y,Normale,Deux véhicules - côté,,,,,,,,,,,5,2,4,1,3
200800014836,0008-03-10 20:15:00,8,3,10,20,15,750,104,VOIE GEORGES POMPIDOU,,,Nuit avec éclairage allumé,En agglomération,Hors intersection,Pluie légère,Deux véhicules - arrière,,,,,,,,,,,5,2,1,2,2
200800014837,0008-03-11 15:00:00,8,3,11,15,0,750,104,VOIE GEORGES POMPIDOU,,,Plein jour,En agglomération,Hors intersection,Pluie légère,Sans collision,,,,,,,,,,,1,2,1,2,7
200800014838,0008-03-13 18:01:00,8,3,13,18,1,750,104,"11, BOULEVARD HENRI IV",,,Plein jour,En agglomération,Hors intersection,Pluie légère,Autre collision,,,,,,,,,,,1,2,1,2,6
200800014839,0008-03-15 16:00:00,8,3,15,16,0,750,104,"01, RUE FRANCOIS MIRON",,,Plein jour,En agglomération,Hors intersection,Pluie légère,Deux véhicules - arrière,,,,,,,,,,,1,2,1,2,2
200800014840,0008-03-15 16:01:00,8,3,15,16,1,750,104,"96, RUE DE RIVOLI",,,Plein jour,En agglomération,Intersection en X,Pluie légère,Sans collision,,,,,,,,,,,1,2,2,2,7
200800014841,0008-03-20 19:45:00,8,3,20,19,45,750,104,"10, RUE DU RENARD",,,Nuit avec éclairage allumé,En agglomération,Hors intersection,Pluie légère,Autre collision,,,,,,,,,,,5,2,1,2,6
200800014842,0008-03-24 18:00:00,8,3,24,18,0,750,104,"10, RUE DE RIVOLI",,,Crépuscule ou aube,En agglomération,Hors intersection,Pluie légère,Sans collision,,,,,,,,,,,2,2,1,2,7
200800014843,0008-03-26 09:00:00,8,3,26,9,0,750,104,"11, AVENUE VICTORIA",,,Plein jour,En agglomération,Hors intersection,Temps couvert,Autre collision,,,,,,,,,,,1,2,1,8,6
200800014844,0008-03-29 20:30:00,8,3,29,20,30,750,104,"01, RUE DU PONT LOUIS PH",,,Nuit avec éclairage allumé,En agglomération,Intersection en X,Normale,Autre collision,,,,,,,,,,,5,2,2,1,6
200800014845,0008-03-31 17:40:00,8,3,31,17,40,750,104,RUE DE RIVOLI,,,Plein jour,En agglomération,Intersection en T,Temps couvert,Autre collision,,,,,,,,,,,1,2,3,8,6
200800014846,0008-03-05 17:50:00,8,3,5,17,50,750,105,"74, BOULEVARD SAINT GERM",,,Plein jour,En agglomération,Hors intersection,Normale,Trois véhicules et plus - en chaîne,,,,,,,,,,,1,2,1,1,4
200800014847,0008-03-01 09:55:00,8,3,1,9,55,750,105,QUAI SAINT MICHEL,,,Plein jour,En agglomération,Intersection en X,Normale,Deux véhicules - côté,,,,,,,,,,,1,2,2,1,3
200800014848,0008-03-01 19:45:00,8,3,1,19,45,750,105,PONT SAINT MICHEL,,,Nuit avec éclairage allumé,En agglomération,Hors intersection,Normale,Autre collision,,,,,,,,,,,5,2,1,1,6
200800014849,0008-03-02 16:00:00,8,3,2,16,0,750,105,PLACE DU PANTHEON,,,Plein jour,En agglomération,Intersection à plus de 4 branches,Normale,Sans collision,,,,,,,,,,,1,2,5,1,7
200800014850,0008-03-02 20:30:00,8,3,2,20,30,750,105,RUE MONGE,,,Nuit avec éclairage allumé,En agglomération,Intersection en X,Pluie légère,Deux véhicules - côté,,,,,,,,,,,5,2,2,2,3
200800014851,0008-03-03 22:25:00,8,3,3,22,25,750,105,BOULEVARD SAINT MICHEL,,,Nuit avec éclairage allumé,En agglomération,Intersection à plus de 4 branches,Pluie forte,Deux véhicules - côté,,,,,,,,,,,5,2,5,3,3
200800014852,0008-03-06 12:31:00,8,3,6,12,31,750,105,BOULEVARD SAINT MICHEL,,,Plein jour,En agglomération,Hors intersection,Pluie légère,Autre collision,,,,,,,,,,,1,2,1,2,6
200800014853,0008-03-09 10:00:00,8,3,9,10,0,750,105,"2 bis, RUE DES ECOLES",,,Plein jour,En agglomération,Hors intersection,Pluie légère,Sans collision,,,,,,,,,,,1,2,1,2,7
200800014854,0008-03-11 19:45:00,8,3,11,19,45,750,105,RUE MONGE,,,Nuit avec éclairage allumé,En agglomération,Intersection en X,Temps couvert,Deux véhicules - côté,,,,,,,,,,,5,2,2,8,3
200800014855,0008-03-12 18:05:00,8,3,12,18,5,750,105,BOULEVARD SAINT GERMAIN,,,Plein jour,En agglomération,Intersection en X,Normale,Deux véhicules - côté,,,,,,,,,,,1,2,2,1,3
200800014856,0008-03-15 12:10:00,8,3,15,12,10,750,105,"50, RUE DES ECOLES",,,Plein jour,En agglomération,Intersection en X,Normale,Deux véhicules - côté,,,,,,,,,,,1,2,2,1,3
200800014857,0008-03-16 06:30:00,8,3,16,6,30,750,105,"1, QUAI SAINT MICHEL",,,Crépuscule ou aube,En agglomération,Intersection en X,Pluie légère,Autre collision,,,,,,,,,,,2,2,2,2,6
200800014858,0008-03-17 12:45:00,8,3,17,12,45,750,105,"88, BOULEVARD SAINT MARC",,,Plein jour,En agglomération,Hors intersection,Normale,Sans collision,,,,,,,,,,,1,2,1,1,7
200800014859,0008-03-18 13:35:00,8,3,18,13,35,750,105,PLACE DU PANTHEON,,,Plein jour,En agglomération,Hors intersection,Normale,Sans collision,,,,,,,,,,,1,2,1,1,7
200800014860,0008-03-18 15:45:00,8,3,18,15,45,750,105,"16-18, BOULEVARD DE L HO",,,Plein jour,En agglomération,Intersection en T,Normale,Deux véhicules - côté,,,,,,,,,,,1,2,3,1,3
200800014861,0008-03-19 19:00:00,8,3,19,19,0,750,105,RUE DES ECOLES,,,Nuit avec éclairage allumé,En agglomération,Hors intersection,Pluie légère,Deux véhicules - côté,,,,,,,,,,,5,2,1,2,3
200800014862,0008-03-20 19:45:00,8,3,20,19,45,750,105,RUE SAINT JACQUES,,,Nuit avec éclairage allumé,En agglomération,Intersection en T,Pluie légère,Deux véhicules - côté,,,,,,,,,,,5,2,3,2,3
200800014863,0008-03-23 20:27:00,8,3,23,20,27,750,105,"105, BOULEVARD SAINT MIC",,,Nuit avec éclairage allumé,En agglomération,Hors intersection,Pluie légère,Deux véhicules - côté,,,,,,,,,,,5,2,1,2,3
200800014864,0008-03-27 11:45:00,8,3,27,11,45,750,105,QUAI SAINT BERNARD,,,Plein jour,En agglomération,Hors intersection,Normale,Trois véhicules et plus - collisions multiples,,,,,,,,,,,1,2,1,1,5
200800014865,0008-03-31 15:10:00,8,3,31,15,10,750,105,BOULEVARD SAINT GERMAIN,,,Plein jour,En agglomération,Intersection en X,Pluie légère,Sans collision,,,,,,,,,,,1,2,2,2,7
200800014866,0008-03-31 19:15:00,8,3,31,19,15,750,105,"68, BOULEVARD SAINT MARC",,,Plein jour,En agglomération,Intersection en T,Normale,Deux véhicules - côté,,,,,,,,,,,1,2,3,1,3
200800014867,0008-03-15 14:15:00,8,3,15,14,15,750,106,"53, RUE DE SEVRES",,,Plein jour,En agglomération,Intersection en X,Normale,Deux véhicules - côté,,,,,,,,,,,1,2,2,1,3
200800014868,0008-03-15 14:55:00,8,3,15,14,55,750,106,"23, RUE DU VIEUX COLOMBI",,,Plein jour,En agglomération,Hors intersection,Pluie légère,Autre collision,,,,,,,,,,,1,2,1,2,6
200800014869,0008-03-02 23:10:00,8,3,2,23,10,750,106,BOULEVARD SAINT MICHEL,,,Nuit avec éclairage allumé,En agglomération,Hors intersection,Pluie forte,Autre collision,,,,,,,,,,,5,2,1,3,6
200800014870,0008-03-03 11:20:00,8,3,3,11,20,750,106,"134-136, BOULEVARD RASPA",,,Plein jour,En agglomération,Hors intersection,Normale,Sans collision,,,,,,,,,,,1,2,1,1,7
200800014871,0008-03-07 10:00:00,8,3,7,10,0,750,106,RUE DE VAUGIRARD,,,Plein jour,En agglomération,Hors intersection,Pluie légère,Autre collision,,,,,,,,,,,1,2,1,2,6
200800014872,0008-03-07 21:15:00,8,3,7,21,15,750,106,"3, QUAI DE CONTI",,,Nuit avec éclairage allumé,En agglomération,Intersection à plus de 4 branches,Normale,Deux véhicules - côté,,,,,,,,,,,5,2,5,1,3
200800014873,0008-03-09 00:30:00,8,3,9,0,30,750,106,"60, BOULEVARD SAINT MICH",,,Nuit avec éclairage allumé,En agglomération,Hors intersection,Normale,Autre collision,,,,,,,,,,,5,2,1,1,6
200800014874,0008-03-09 14:36:00,8,3,9,14,36,750,106,"19, BOULEVARD DU MONTPAR",,,Plein jour,En agglomération,Intersection en X,Pluie légère,Autre collision,,,,,,,,,,,1,2,2,2,6
200800014875,0008-03-10 17:15:00,8,3,10,17,15,750,106,"66, BOULEVARD SAINT MICH",,,Plein jour,En agglomération,Hors intersection,Pluie légère,Autre collision,,,,,,,,,,,1,2,1,2,6
200800014876,0008-03-11 23:35:00,8,3,11,23,35,750,105,"3, BOULEVARD SAINT MICHE",,,Nuit avec éclairage non allumé,En agglomération,Hors intersection,Normale,Autre collision,,,,,,,,,,,4,2,1,1,6
200800014877,0008-03-12 16:35:00,8,3,12,16,35,750,106,BOULEVARD RASPAIL,,,Plein jour,En agglomération,Hors intersection,Normale,Autre collision,,,,,,,,,,,1,2,1,1,6
200800014878,0008-03-12 19:15:00,8,3,12,19,15,750,106,RUE D ASSAS,,,Crépuscule ou aube,En agglomération,Hors intersection,Normale,Deux véhicules - côté,,,,,,,,,,,2,2,1,1,3
200800014879,0008-03-15 20:00:00,8,3,15,20,0,750,106,"140, BOULEVARD SAINT GER",,,Nuit avec éclairage allumé,En agglomération,Hors intersection,Pluie légère,Autre collision,,,,,,,,,,,5,2,1,2,6
200800014880,0008-03-16 06:35:00,8,3,16,6,35,750,106,"/, BOULEVARD SAINT GERMA",,,Plein jour,En agglomération,Intersection en X,Pluie légère,Autre collision,,,,,,,,,,,1,2,2,2,6
200800014881,0008-03-16 12:42:00,8,3,16,12,42,750,114,"70, BOULEVARD DU MONTPAR",,,Plein jour,En agglomération,Intersection en T,Normale,Deux véhicules - côté,,,,,,,,,,,1,2,3,1,3
200800014882,0008-03-19 19:00:00,8,3,19,19,0,750,106,"29, RUE DE BUCI",,,Nuit avec éclairage allumé,En agglomération,Hors intersection,Pluie légère,Deux véhicules - côté,,,,,,,,,,,5,2,1,2,3
200800014883,0008-03-19 22:50:00,8,3,19,22,50,750,106,"0, PLACE DU DIX HUIT JUI",,,Nuit avec éclairage allumé,En agglomération,Hors intersection,Normale,Deux véhicules - côté,,,,,,,,,,,5,2,1,1,3
200800014884,0008-03-20 08:00:00,8,3,20,8,0,750,106,PLACE JUSTIN GODART,,,Plein jour,En agglomération,Hors intersection,Normale,Autre collision,,,,,,,,,,,1,2,1,1,6
200800014885,0008-03-19 10:30:00,8,3,19,10,30,750,106,BOULEVARD RASPAIL,,,Plein jour,En agglomération,Hors intersection,Normale,Deux véhicules - côté,,,,,,,,,,,1,2,1,1,3
200800014886,0008-03-23 20:15:00,8,3,23,20,15,750,106,BOULEVARD SAINT MICHEL,,,Nuit avec éclairage allumé,En agglomération,Hors intersection,Pluie forte,Deux véhicules - côté,,,,,,,,,,,5,2,1,3,3
200800014887,0008-03-26 11:52:00,8,3,26,11,52,750,106,"40, RUE GREGOIRE DE TOUR",,,Plein jour,En agglomération,Hors intersection,Normale,Autre collision,,,,,,,,,,,1,2,1,1,6
200800014888,0008-03-27 09:42:00,8,3,27,9,42,750,106,"29, RUE DE TOURNON",,,Plein jour,En agglomération,Hors intersection,Pluie légère,Deux véhicules - côté,,,,,,,,,,,1,2,1,2,3
200800014889,0008-03-30 01:45:00,8,3,30,1,45,750,106,"115, RUE DE RENNES",,,Nuit avec éclairage allumé,En agglomération,Intersection en X,Normale,Deux véhicules - côté,,,,,,,,,,,5,2,2,1,3
200800014890,0008-03-01 17:55:00,8,3,1,17,55,750,107,"288, BOULEVARD SAINT GER",,,Plein jour,En agglomération,Hors intersection,Normale,Deux véhicules - côté,,,,,,,,,,,1,2,1,1,3
200800014891,0008-03-06 11:20:00,8,3,6,11,20,750,107,"56, AVENUE BOSQUET",,,Plein jour,En agglomération,Hors intersection,Pluie légère,Deux véhicules - côté,,,,,,,,,,,1,2,1,2,3
200800014892,0008-03-15 04:00:00,8,3,15,4,0,750,107,BOULEVARD DES INVALIDES,,,Nuit avec éclairage allumé,En agglomération,Intersection en T,Normale,Autre collision,,,,,,,,,,,5,2,3,1,6
200800014893,0008-03-15 12:30:00,8,3,15,12,30,750,107,"0, QUAI D ORSAY",,,Plein jour,En agglomération,Intersection en X,Normale,Deux véhicules - côté,,,,,,,,,,,1,2,2,1,3
200800014894,0008-03-16 12:40:00,8,3,16,12,40,750,107,QUAI D ORSAY,,,Plein jour,En agglomération,Intersection en X,Pluie légère,Deux véhicules - côté,,,,,,,,,,,1,2,2,2,3
200800014895,0008-03-17 20:30:00,8,3,17,20,30,750,107,"01, RUE ROBERT ESNAULT P",,,Nuit avec éclairage allumé,En agglomération,Hors intersection,Normale,Autre collision,,,,,,,,,,,5,2,1,1,6
200800014896,0008-03-18 10:40:00,8,3,18,10,40,750,107,"244, BOULEVARD SAINT GER",,,Plein jour,En agglomération,Hors intersection,Normale,Sans collision,,,,,,,,,,,1,2,1,1,7
200800014897,0008-03-20 14:20:00,8,3,20,14,20,750,107,"1, QUAI ANATOLE FRANCE",,,Plein jour,En agglomération,Intersection en X,Normale,Deux véhicules - côté,,,,,,,,,,,1,2,2,1,3
200800014898,0008-03-20 15:50:00,8,3,20,15,50,750,107,"37, QUAI D ORSAY",,,Plein jour,En agglomération,Intersection en T,Normale,Deux véhicules - arrière,,,,,,,,,,,1,2,3,1,2
200800014899,0008-03-20 20:30:00,8,3,20,20,30,750,107,"25, BOULEVARD DE LA TOUR",,,Nuit avec éclairage allumé,En agglomération,Hors intersection,Normale,Autre collision,,,,,,,,,,,5,2,1,1,6
200800014900,0008-03-20 23:05:00,8,3,20,23,5,750,115,"8, BOULEVARD GARIBALDI",,,Nuit avec éclairage allumé,En agglomération,Intersection en T,Pluie légère,Deux véhicules - côté,,,,,,,,,,,5,2,3,2,3
200800014901,0008-03-21 07:45:00,8,3,21,7,45,750,107,QUAI D ORSAY,,,Plein jour,En agglomération,Hors intersection,Pluie forte,Deux véhicules - arrière,,,,,,,,,,,1,2,1,3,2
200800014902,0008-03-21 10:20:00,8,3,21,10,20,750,107,"36, BOULEVARD DE LA TOUR",,,Plein jour,En agglomération,Intersection en X,Temps couvert,Deux véhicules - côté,,,,,,,,,,,1,2,2,8,3
200800014903,0008-03-21 12:05:00,8,3,21,12,5,750,107,"93, QUAI D ORSAY",,,Plein jour,En agglomération,Place,Pluie légère,Autre collision,,,,,,,,,,,1,2,7,2,6
200800014904,0008-03-25 16:35:00,8,3,25,16,35,750,107,"27, AVENUE DE LA MOTTE P",,,Plein jour,En agglomération,Intersection en T,Normale,Deux véhicules - côté,,,,,,,,,,,1,2,3,1,3
200800014905,0008-03-27 16:30:00,8,3,27,16,30,750,107,BOULEVARD DES INVALIDES,,,Plein jour,En agglomération,Intersection en X,Pluie légère,Autre collision,,,,,,,,,,,1,2,2,2,6
200800014906,0008-03-28 09:15:00,8,3,28,9,15,750,107,"83, QUAI D ORSAY",,,Plein jour,En agglomération,Hors intersection,Pluie légère,Deux véhicules - côté,,,,,,,,,,,1,2,1,2,3
200800014907,0008-03-29 10:55:00,8,3,29,10,55,750,107,BOULEVARD DES INVALIDES,,,Plein jour,En agglomération,Intersection en X,Normale,Deux véhicules - côté,,,,,,,,,,,1,2,2,1,3
200800014908,0008-03-30 15:00:00,8,3,30,15,0,750,107,"46, BOULEVARD DES INVALI",,,Plein jour,En agglomération,Intersection en X,Pluie légère,Deux véhicules - côté,,,,,,,,,,,1,2,2,2,3
200800014909,0008-03-01 02:17:00,8,3,1,2,17,750,108,AVENUE MONTAIGNE,,,Nuit avec éclairage allumé,En agglomération,Hors intersection,Autre,Autre collision,,,,,,,,,,,5,2,1,9,6
200800014910,0008-03-01 13:00:00,8,3,1,13,0,750,108,AVENUE DES CHAMPS ELYSEE,,,Plein jour,En agglomération,Hors intersection,Normale,Deux véhicules - arrière,,,,,,,,,,,1,2,1,1,2
200800014911,0008-03-03 09:30:00,8,3,3,9,30,750,108,AVENUE DES CHAMPS ELYSEE,,,Plein jour,En agglomération,Hors intersection,Pluie légère,Deux véhicules - arrière,,,,,,,,,,,1,2,1,2,2
200800014912,0008-03-04 08:10:00,8,3,4,8,10,750,101,PLACE DE LA CONCORDE,,,Plein jour,En agglomération,Hors intersection,Normale,Deux véhicules - arrière,,,,,,,,,,,1,2,1,1,2
200800014913,0008-03-04 12:20:00,8,3,4,12,20,750,108,"67, RUE LA BOETIE",,,Plein jour,En agglomération,Hors intersection,Pluie légère,Autre collision,,,,,,,,,,,1,2,1,2,6
200800014914,0008-03-04 15:50:00,8,3,4,15,50,750,108,"71-73, AVENUE DES CHAMPS",,,Plein jour,En agglomération,Hors intersection,Pluie légère,Autre collision,,,,,,,,,,,1,2,1,2,6
200800014915,0008-03-05 23:20:00,8,3,5,23,20,750,108,AVENUE DES CHAMPS ELYSEE,,,Nuit avec éclairage allumé,En agglomération,Hors intersection,Normale,Autre collision,,,,,,,,,,,5,2,1,1,6
200800014916,0008-03-06 09:55:00,8,3,6,9,55,750,108,AVENUE DE FRIEDLAND,,,Plein jour,En agglomération,Hors intersection,Pluie légère,Deux véhicules - côté,,,,,,,,,,,1,2,1,2,3
200800014917,0008-03-06 10:15:00,8,3,6,10,15,750,108,BOULEVARD DES BATIGNOLLE,,,Plein jour,En agglomération,Hors intersection,Pluie légère,Deux véhicules - côté,,,,,,,,,,,1,2,1,2,3
200800014918,0008-03-06 11:40:00,8,3,6,11,40,750,108,"2, RUE DE MIROMESNIL",,,Plein jour,En agglomération,Hors intersection,Pluie légère,Trois véhicules et plus - en chaîne,,,,,,,,,,,1,2,1,2,4
200800014919,0008-03-06 18:10:00,8,3,6,18,10,750,108,"06, BOULEVARD MALESHERBE",,,Plein jour,En agglomération,Hors intersection,Normale,Deux véhicules - arrière,,,,,,,,,,,1,2,1,1,2
200800014920,0008-03-06 20:40:00,8,3,6,20,40,750,108,"18, RUE TRONCHET",,,Nuit avec éclairage allumé,En agglomération,Hors intersection,Normale,Deux véhicules - côté,,,,,,,,,,,5,2,1,1,3
200800014921,0008-03-08 21:35:00,8,3,8,21,35,750,108,AVENUE GEORGE V,,,Nuit avec éclairage allumé,En agglomération,Hors intersection,Normale,Deux véhicules - arrière,,,,,,,,,,,5,2,1,1,2
200800014922,0008-03-08 22:45:00,8,3,8,22,45,750,117,", AVENUE DE CLICHY",,,Nuit avec éclairage allumé,En agglomération,Hors intersection,Normale,Deux véhicules - côté,,,,,,,,,,,5,2,1,1,3
200800014923,0008-03-09 16:45:00,8,3,9,16,45,750,108,BOULEVARD HAUSSMANN,,,Plein jour,En agglomération,Hors intersection,Normale,Sans collision,,,,,,,,,,,1,2,1,1,7
200800014924,0008-03-09 22:35:00,8,3,9,22,35,750,108,AVENUE GEORGE V,,,Nuit avec éclairage allumé,En agglomération,Intersection en Y,Normale,Deux véhicules - côté,,,,,,,,,,,5,2,4,1,3
200800014925,0008-03-10 10:45:00,8,3,10,10,45,750,108,"14, RUE ALFRED DE VIGNY",,,Plein jour,En agglomération,Hors intersection,Pluie forte,Autre collision,,,,,,,,,,,1,2,1,3,6
200800014926,0008-03-10 17:50:00,8,3,10,17,50,750,108,"LP 0812841, PLACE DE LA",,,Plein jour,En agglomération,Hors intersection,Pluie légère,Sans collision,,,,,,,,,,,1,2,1,2,7
200800014927,0008-03-11 17:40:00,8,3,11,17,40,750,108,"7, PLACE SAINT AUGUSTIN",,,Plein jour,En agglomération,Intersection en X,Pluie légère,Deux véhicules - côté,,,,,,,,,,,1,2,2,2,3
200800014928,0008-03-11 23:30:00,8,3,11,23,30,750,108,PLACE CHARLES DE GAULLE,,,Nuit avec éclairage allumé,En agglomération,Intersection en X,Normale,Deux véhicules - côté,,,,,,,,,,,5,2,2,1,3
200800014929,0008-03-11 16:45:00,8,3,11,16,45,750,108,"23, AVENUE FRANKLIN D RO",,,Plein jour,En agglomération,Intersection en X,Normale,Sans collision,,,,,,,,,,,1,2,2,1,7
200800014930,0008-03-13 19:45:00,8,3,13,19,45,750,108,RUE DE ROME,,,Nuit avec éclairage allumé,En agglomération,Hors intersection,Pluie légère,Deux véhicules - frontale,,,,,,,,,,,5,2,1,2,1
200800014931,0008-03-13 17:35:00,8,3,13,17,35,750,108,"3, RUE DE LA TREMOILLE",,,Plein jour,En agglomération,Hors intersection,Pluie légère,Deux véhicules - côté,,,,,,,,,,,1,2,1,2,3
200800014932,0008-03-14 15:30:00,8,3,14,15,30,750,108,"1, RUE BALZAC",,,Plein jour,En agglomération,Hors intersection,Normale,Autre collision,,,,,,,,,,,1,2,1,1,6
200800014933,0008-03-17 10:40:00,8,3,17,10,40,750,108,RUE SAINT LAZARE,,,Plein jour,En agglomération,Hors intersection,Temps couvert,Deux véhicules - côté,,,,,,,,,,,1,2,1,8,3
200800014934,0008-03-18 12:05:00,8,3,18,12,5,750,108,"14, RUE FRANCOIS 1ER",,,Plein jour,En agglomération,Hors intersection,Normale,Deux véhicules - arrière,,,,,,,,,,,1,2,1,1,2
200800014935,0008-03-18 14:10:00,8,3,18,14,10,750,108,RUE JEAN MERMOZ,,,Plein jour,En agglomération,Hors intersection,Normale,Autre collision,,,,,,,,,,,1,2,1,1,6
200800014936,0008-03-18 22:00:00,8,3,18,22,0,750,108,RUE DE LONDRES,,,Nuit avec éclairage allumé,En agglomération,Hors intersection,Normale,Autre collision,,,,,,,,,,,5,2,1,1,6
200800014937,0008-03-19 13:30:00,8,3,19,13,30,750,108,"83, RUE DE MIROMESNIL",,,Plein jour,En agglomération,Hors intersection,Normale,Deux véhicules - arrière,,,,,,,,,,,1,2,1,1,2
200800014938,0008-03-19 18:20:00,8,3,19,18,20,750,108,ROND POINT CHAMPS ELYSEE,,,Nuit avec éclairage allumé,En agglomération,Intersection à plus de 4 branches,Pluie légère,Deux véhicules - côté,,,,,,,,,,,5,2,5,2,3
200800014939,0008-03-20 08:35:00,8,3,20,8,35,750,108,RUE DU GENERAL FOY,,,Plein jour,En agglomération,Intersection en X,Normale,Deux véhicules - côté,,,,,,,,,,,1,2,2,1,3
200800014940,0008-03-20 19:28:00,8,3,20,19,28,750,108,VOIE GEORGES POMPIDOU,,,Nuit avec éclairage allumé,En agglomération,Hors intersection,Pluie légère,Trois véhicules et plus - collisions multiples,,,,,,,,,,,5,2,1,2,5
200800014941,0008-03-21 01:15:00,8,3,21,1,15,750,108,RUE LA BOETIE,,,Nuit avec éclairage allumé,En agglomération,Hors intersection,Pluie légère,Autre collision,,,,,,,,,,,5,2,1,2,6
200800014942,0008-03-21 05:30:00,8,3,21,5,30,750,108,RUE ROQUEPINE,,,Crépuscule ou aube,En agglomération,Intersection en X,Pluie légère,Deux véhicules - côté,,,,,,,,,,,2,2,2,2,3
200800014943,0008-03-21 08:05:00,8,3,21,8,5,750,108,"152, AVENUE DES CHAMPS E",,,Plein jour,En agglomération,Hors intersection,Pluie forte,Trois véhicules et plus - en chaîne,,,,,,,,,,,1,2,1,3,4
200800014944,0008-03-21 17:10:00,8,3,21,17,10,750,108,"29-31, RUE DE COURCELLES",,,Plein jour,En agglomération,Hors intersection,Normale,Deux véhicules - côté,,,,,,,,,,,1,2,1,1,3
200800014945,0008-03-22 02:05:00,8,3,22,2,5,750,108,"17, RUE DE ROME",,,Nuit avec éclairage allumé,En agglomération,Hors intersection,Pluie légère,Deux véhicules - frontale,,,,,,,,,,,5,2,1,2,1
200800014946,0008-03-23 01:14:00,8,3,23,1,14,750,108,"28, AVENUE GEORGE V",,,Nuit avec éclairage allumé,En agglomération,Hors intersection,Normale,Deux véhicules - frontale,,,,,,,,,,,5,2,1,1,1
200800014947,0008-03-25 07:35:00,8,3,25,7,35,750,108,"11, RUE BERRYER",,,Plein jour,En agglomération,Hors intersection,Normale,Sans collision,,,,,,,,,,,1,2,1,1,7
200800014948,0008-03-26 23:10:00,8,3,26,23,10,750,108,PLACE DE LA CONCORDE,,,Nuit avec éclairage allumé,En agglomération,Place,Normale,Deux véhicules - côté,,,,,,,,,,,5,2,7,1,3
200800014949,0008-03-27 10:00:00,8,3,27,10,0,750,108,"6, AVENUE CESAR CAIRE",,,Plein jour,En agglomération,Hors intersection,Normale,Autre collision,,,,,,,,,,,1,2,1,1,6
200800014950,0008-03-28 20:55:00,8,3,28,20,55,750,108,AVENUE HOCHE,,,Nuit avec éclairage allumé,En agglomération,Intersection en X,Normale,Deux véhicules - côté,,,,,,,,,,,5,2,2,1,3
200800014951,0008-03-29 16:30:00,8,3,29,16,30,750,108,AVENUE DES CHAMPS ELYSEE,,,Plein jour,En agglomération,Intersection en X,Normale,Autre collision,,,,,,,,,,,1,2,2,1,6
200800014952,0008-03-30 11:30:00,8,3,30,11,30,750,108,RUE DE ROME,,,Plein jour,En agglomération,Intersection en X,Pluie légère,Deux véhicules - côté,,,,,,,,,,,1,2,2,2,3
200800014953,0008-03-31 10:00:00,8,3,31,10,0,750,108,PLACE GABRIEL PERI,,,Plein jour,En agglomération,Hors intersection,Temps couvert,Autre collision,,,,,,,,,,,1,2,1,8,6
200800014954,0008-03-31 11:05:00,8,3,31,11,5,750,108,"2, RUE PASQUIER",,,Plein jour,En agglomération,Hors intersection,Temps couvert,Deux véhicules - côté,,,,,,,,,,,1,2,1,8,3
200800014955,0008-03-03 12:20:00,8,3,3,12,20,750,109,"62, RUE DE CLICHY",,,Plein jour,En agglomération,Hors intersection,Normale,Autre collision,,,,,,,,,,,1,2,1,1,6
200800014956,0008-03-04 16:05:00,8,3,4,16,5,750,109,"53, BOULEVARD DE ROCHECH",,,Plein jour,En agglomération,Intersection en T,Normale,Deux véhicules - arrière,,,,,,,,,,,1,2,3,1,2
200800014957,0008-03-05 09:50:00,8,3,5,9,50,750,109,"115, RUE DE PROVENCE",,,Plein jour,En agglomération,Hors intersection,Normale,Autre collision,,,,,,,,,,,1,2,1,1,6
200800014958,0008-03-06 10:50:00,8,3,6,10,50,750,109,"3, RUE TAITBOUT",,,Plein jour,En agglomération,Hors intersection,Autre,Deux véhicules - côté,,,,,,,,,,,1,2,1,9,3
200800014959,0008-03-06 14:35:00,8,3,6,14,35,750,109,"33, RUE LAMARTINE",,,Plein jour,En agglomération,Hors intersection,Normale,Autre collision,,,,,,,,,,,1,2,1,1,6
200800014960,0008-03-13 00:30:00,8,3,13,0,30,750,109,"98, RUE BLANCHE",,,Nuit avec éclairage allumé,En agglomération,Hors intersection,Normale,Deux véhicules - arrière,,,,,,,,,,,5,2,1,1,2
200800014961,0008-03-13 15:00:00,8,3,13,15,0,750,109,"86, RUE D AMSTERDAM",,,Plein jour,En agglomération,Hors intersection,Pluie légère,Autre collision,,,,,,,,,,,1,2,1,2,6
200800014962,0008-03-15 16:20:00,8,3,15,16,20,750,109,PLACE CHARLES GARNIER,,,Plein jour,En agglomération,Intersection à plus de 4 branches,Normale,Autre collision,,,,,,,,,,,1,2,5,1,6
200800014963,0008-03-15 05:30:00,8,3,15,5,30,750,109,"26, PLACE SAINT GEORGES",,,Nuit avec éclairage allumé,En agglomération,Intersection à plus de 4 branches,Normale,Autre collision,,,,,,,,,,,5,2,5,1,6