accident_id,datetime,annee,mois,jour,heure,minute,departement,commune_insee,adresse,latitude,longitude,luminosite,agglomeration,intersection,meteo,collision,nb_vehicules,nb_usagers,nb_indemnes,nb_tues,nb_blesses_hosp,nb_blesses_legers,age_cond_1,age_cond_2,veh_type_cond_1,veh_type_cond_2,lum_code,agg_code,int_code,atm_code,col_code
200800014964,0008-03-18 07:10:00,8,3,18,7,10,750,109,"135, RUE DU FAUBOURG POI",,,Plein jour,En agglomération,Hors intersection,Normale,Deux véhicules - côté,,,,,,,,,,,1,2,1,1,3
200800014965,0008-03-19 08:45:00,8,3,19,8,45,750,109,"07, RUE LA FAYETTE",,,Plein jour,En agglomération,Hors intersection,Normale,Deux véhicules - côté,,,,,,,,,,,1,2,1,1,3
200800014966,0008-03-19 08:55:00,8,3,19,8,55,750,109,"20, RUE DE CHATEAUDUN",,,Plein jour,En agglomération,Intersection en T,Normale,Autre collision,,,,,,,,,,,1,2,3,1,6
200800014967,0008-03-20 09:00:00,8,3,20,9,0,750,109,"10, BOULEVARD POISSONNIE",,,Plein jour,En agglomération,Hors intersection,Normale,Deux véhicules - côté,,,,,,,,,,,1,2,1,1,3
200800014968,0008-03-20 15:00:00,8,3,20,15,0,750,109,"22, BOULEVARD POISSONNIE",,,Plein jour,En agglomération,Hors intersection,Normale,Deux véhicules - arrière,,,,,,,,,,,1,2,1,1,2
200800014969,0008-03-20 17:40:00,8,3,20,17,40,750,109,"8, RUE ROSSINI",,,Plein jour,En agglomération,Intersection en X,Temps couvert,Deux véhicules - côté,,,,,,,,,,,1,2,2,8,3
200800014970,0008-03-22 11:20:00,8,3,22,11,20,750,109,"angle, RUE DE LA CHAUSSE",,,Plein jour,En agglomération,Intersection en X,Pluie légère,Deux véhicules - côté,,,,,,,,,,,1,2,2,2,3
200800014971,0008-03-26 12:15:00,8,3,26,12,15,750,109,"13, RUE DU FAUBOURG MONT",,,Plein jour,En agglomération,Intersection en T,Normale,Autre collision,,,,,,,,,,,1,2,3,1,6
200800014972,0008-03-27 13:20:00,8,3,27,13,20,750,109,RUE DE LONDRES,,,Plein jour,En agglomération,Intersection en Y,Normale,Deux véhicules - arrière,,,,,,,,,,,1,2,4,1,2
200800014973,0008-03-28 08:55:00,8,3,28,8,55,750,109,"54, BOULEVARD HAUSSMANN",,,Plein jour,En agglomération,Intersection en T,Pluie légère,Deux véhicules - côté,,,,,,,,,,,1,2,3,2,3
200800014974,0008-03-31 15:05:00,8,3,31,15,5,750,109,"75, BOULEVARD DE CLICHY",,,Plein jour,En agglomération,Hors intersection,Pluie forte,Deux véhicules - côté,,,,,,,,,,,1,2,1,3,3
200800014975,0008-03-20 19:00:00,8,3,20,19,0,750,110,"94, BOULEVARD DE MAGENTA",,,Crépuscule ou aube,En agglomération,Hors intersection,Normale,Deux véhicules - côté,,,,,,,,,,,2,2,1,1,3
200800014976,0008-03-26 14:20:00,8,3,26,14,20,750,110,"231, RUE DU FAUBOURG SAI",,,Plein jour,En agglomération,Hors intersection,Normale,Deux véhicules - côté,,,,,,,,,,,1,2,1,1,3
200800014977,0008-03-01 21:25:00,8,3,1,21,25,750,110,"1, RUE D ENGHIEN",,,Nuit avec éclairage allumé,En agglomération,Hors intersection,Normale,Autre collision,,,,,,,,,,,5,2,1,1,6
200800014978,0008-03-01 23:25:00,8,3,1,23,25,750,110,"23, BOULEVARD DE MAGENTA",,,Nuit sans éclairage public,En agglomération,Hors intersection,Normale,Deux véhicules - arrière,,,,,,,,,,,3,2,1,1,2
200800014979,0008-03-02 00:10:00,8,3,2,0,10,750,110,"95, BOULEVARD DE MAGENTA",,,Nuit avec éclairage allumé,En agglomération,Hors intersection,Normale,Autre collision,,,,,,,,,,,5,2,1,1,6
200800014980,0008-03-06 16:40:00,8,3,6,16,40,750,110,"105, RUE LA FAYETTE",,,Plein jour,En agglomération,Hors intersection,Normale,Autre collision,,,,,,,,,,,1,2,1,1,6
200800014981,0008-03-08 05:45:00,8,3,8,5,45,750,110,"137, RUE DU FAUBOURG DU",,,Nuit avec éclairage allumé,En agglomération,Hors intersection,Normale,Autre collision,,,,,,,,,,,5,2,1,1,6
200800014982,0008-03-08 15:35:00,8,3,8,15,35,750,110,RUE DE LANCRY,,,Plein jour,En agglomération,Intersection en X,Normale,Deux véhicules - côté,,,,,,,,,,,1,2,2,1,3
200800014983,0008-03-08 21:15:00,8,3,8,21,15,750,110,"95, BOULEVARD DE MAGENTA",,,Nuit avec éclairage allumé,En agglomération,Hors intersection,Normale,Autre collision,,,,,,,,,,,5,2,1,1,6
200800014984,0008-03-12 10:15:00,8,3,12,10,15,750,110,"07, PLACE FRANZ LISZT",,,Plein jour,En agglomération,Intersection en X,Normale,Deux véhicules - côté,,,,,,,,,,,1,2,2,1,3
200800014985,0008-03-12 16:06:00,8,3,12,16,6,750,110,"67, QUAI DE VALMY",,,Plein jour,En agglomération,Hors intersection,Normale,Sans collision,,,,,,,,,,,1,2,1,1,7
200800014986,0008-03-13 16:10:00,8,3,13,16,10,750,110,"36, BOULEVARD DE STRASBO",,,Plein jour,En agglomération,Hors intersection,Pluie légère,Autre collision,,,,,,,,,,,1,2,1,2,6
200800014987,0008-03-14 22:55:00,8,3,14,22,55,750,110,BOULEVARD DE MAGENTA,,,Nuit avec éclairage allumé,En agglomération,Hors intersection,Normale,Autre collision,,,,,,,,,,,5,2,1,1,6
200800014988,0008-03-15 13:40:00,8,3,15,13,40,750,110,"52, BOULEVARD DE MAGENTA",,,Plein jour,En agglomération,Intersection en T,Normale,Autre collision,,,,,,,,,,,1,2,3,1,6
200800014989,0008-03-15 23:05:00,8,3,15,23,5,750,110,"39, RUE DU FAUBOURG DU T",,,Nuit avec éclairage allumé,En agglomération,Hors intersection,Pluie légère,Deux véhicules - côté,,,,,,,,,,,5,2,1,2,3
200800014990,0008-03-16 19:00:00,8,3,16,19,0,750,110,"20, BOULEVARD SAINT MART",,,Nuit avec éclairage allumé,En agglomération,Hors intersection,Pluie légère,Deux véhicules - côté,,,,,,,,,,,5,2,1,2,3
200800014991,0008-03-18 14:20:00,8,3,18,14,20,750,110,"1, RUE DE CHABROL",,,Plein jour,En agglomération,Intersection en T,Normale,Autre collision,,,,,,,,,,,1,2,3,1,6
200800014992,0008-03-21 17:30:00,8,3,21,17,30,750,110,"120, BOULEVARD DE MAGENT",,,Plein jour,En agglomération,Hors intersection,Normale,Autre collision,,,,,,,,,,,1,2,1,1,6
200800014993,0008-03-23 05:50:00,8,3,23,5,50,750,110,"142, BOULEVARD DE MAGENT",,,Nuit avec éclairage allumé,En agglomération,Hors intersection,Normale,Autre collision,,,,,,,,,,,5,2,1,1,6
200800014994,0008-03-24 18:15:00,8,3,24,18,15,750,110,RUE LA FAYETTE,,,Crépuscule ou aube,En agglomération,Hors intersection,Pluie légère,Deux véhicules - côté,,,,,,,,,,,2,2,1,2,3
200800014995,0008-03-25 16:50:00,8,3,25,16,50,750,110,"10, BOULEVARD DE MAGENTA",,,Plein jour,En agglomération,Hors intersection,Normale,Autre collision,,,,,,,,,,,1,2,1,1,6
200800014996,0008-03-26 12:35:00,8,3,26,12,35,750,110,"43, RUE DU FAUBOURG SAIN",,,Plein jour,En agglomération,Hors intersection,Normale,Autre collision,,,,,,,,,,,1,2,1,1,6
200800014997,0008-03-27 02:50:00,8,3,27,2,50,750,110,"1, RUE DE L AQUEDUC",,,Nuit avec éclairage allumé,En agglomération,Hors intersection,Pluie forte,Autre collision,,,,,,,,,,,5,2,1,3,6
200800014998,0008-03-28 20:55:00,8,3,28,20,55,750,110,"106, QUAI DE JEMMAPES",,,Nuit avec éclairage allumé,En agglomération,Hors intersection,Normale,Autre collision,,,,,,,,,,,5,2,1,1,6
200800014999,0008-03-30 11:25:00,8,3,30,11,25,750,110,QUAI DE VALMY,,,Plein jour,En agglomération,Intersection en X,Pluie légère,Deux véhicules - côté,,,,,,,,,,,1,2,2,2,3
200800015000,0008-03-30 21:50:00,8,3,30,21,50,750,110,"193, RUE LA FAYETTE",,,Nuit avec éclairage allumé,En agglomération,Intersection en X,Pluie légère,Deux véhicules - côté,,,,,,,,,,,5,2,2,2,3
200800015001,0008-03-01 10:15:00,8,3,1,10,15,750,111,"317, RUE DU FAUBOURG SAI",,,Plein jour,En agglomération,Hors intersection,Normale,Autre collision,,,,,,,,,,,1,2,1,1,6
200800015002,0008-03-01 12:25:00,8,3,1,12,25,750,111,"15, BOULEVARD DES FILLES",,,Plein jour,En agglomération,Intersection en X,Normale,Deux véhicules - côté,,,,,,,,,,,1,2,2,1,3
200800015003,0008-03-01 16:15:00,8,3,1,16,15,750,111,"14, RUE SAINT MAUR",,,Plein jour,En agglomération,Hors intersection,Normale,Autre collision,,,,,,,,,,,1,2,1,1,6
200800015004,0008-03-03 16:40:00,8,3,3,16,40,750,111,"166, RUE DE LA ROQUETTE",,,Plein jour,En agglomération,Intersection en T,Normale,Deux véhicules - côté,,,,,,,,,,,1,2,3,1,3
200800015005,0008-03-04 02:05:00,8,3,4,2,5,750,111,"81, AVENUE PARMENTIER",,,Nuit avec éclairage allumé,En agglomération,Hors intersection,Pluie légère,Autre collision,,,,,,,,,,,5,2,1,2,6
200800015006,0008-03-04 09:25:00,8,3,4,9,25,750,111,"03, PLACE DE LA REPUBLIQ",,,Plein jour,En agglomération,Intersection à plus de 4 branches,Normale,Sans collision,,,,,,,,,,,1,2,5,1,7
200800015007,0008-03-04 09:55:00,8,3,4,9,55,750,111,"12, PLACE DE LA BASTILLE",,,Plein jour,En agglomération,Intersection à plus de 4 branches,Temps couvert,Deux véhicules - côté,,,,,,,,,,,1,2,5,8,3
200800015008,0008-03-05 10:20:00,8,3,5,10,20,750,111,"43, AVENUE PHILIPPE AUGU",,,Plein jour,En agglomération,Hors intersection,Normale,Deux véhicules - côté,,,,,,,,,,,1,2,1,1,3
200800015009,0008-03-06 12:40:00,8,3,6,12,40,750,111,"12, PLACE DE LA BASTILLE",,,Plein jour,En agglomération,Intersection à plus de 4 branches,Pluie légère,Deux véhicules - côté,,,,,,,,,,,1,2,5,2,3
200800015010,0008-03-06 12:41:00,8,3,6,12,41,750,111,"3, BOULEVARD DE BELLEVIL",,,Plein jour,En agglomération,Hors intersection,Pluie légère,Deux véhicules - côté,,,,,,,,,,,1,2,1,2,3
200800015011,0008-03-06 13:55:00,8,3,6,13,55,750,111,"175, AVENUE LEDRU ROLLIN",,,Plein jour,En agglomération,Hors intersection,Pluie légère,Deux véhicules - côté,,,,,,,,,,,1,2,1,2,3
200800015012,0008-03-07 09:35:00,8,3,7,9,35,750,111,"50, BOULEVARD VOLTAIRE",,,Plein jour,En agglomération,Hors intersection,Normale,Autre collision,,,,,,,,,,,1,2,1,1,6
200800015013,0008-03-07 12:10:00,8,3,7,12,10,750,111,"91, AVENUE DE LA REPUBLI",,,Plein jour,En agglomération,Intersection en T,Normale,Deux véhicules - côté,,,,,,,,,,,1,2,3,1,3
200800015014,0008-03-07 18:35:00,8,3,7,18,35,750,111,PLACE LEON BLUM,,,Crépuscule ou aube,En agglomération,Hors intersection,Pluie légère,Deux véhicules - arrière,,,,,,,,,,,2,2,1,2,2
200800015015,0008-03-10 09:15:00,8,3,10,9,15,750,111,"149, RUE DE CHARONNE",,,Plein jour,En agglomération,Hors intersection,Pluie légère,Deux véhicules - côté,,,,,,,,,,,1,2,1,2,3
200800015016,0008-03-10 15:55:00,8,3,10,15,55,750,111,"75, BOULEVARD VOLTAIRE",,,Plein jour,En agglomération,Hors intersection,Pluie légère,Autre collision,,,,,,,,,,,1,2,1,2,6
200800015017,0008-03-10 15:00:00,8,3,10,15,0,750,111,"90 bis, AVENUE DE LA REP",,,Plein jour,En agglomération,Intersection en X,Pluie légère,Sans collision,,,,,,,,,,,1,2,2,2,7
200800015018,0008-03-12 18:20:00,8,3,12,18,20,750,111,"184, BOULEVARD VOLTAIRE",,,Plein jour,En agglomération,Intersection en X,Pluie légère,Autre collision,,,,,,,,,,,1,2,2,2,6
200800015019,0008-03-13 11:00:00,8,3,13,11,0,750,111,"182, BOULEVARD VOLTAIRE",,,Plein jour,En agglomération,Intersection en X,Normale,Autre collision,,,,,,,,,,,1,2,2,1,6
200800015020,0008-03-14 12:55:00,8,3,14,12,55,750,111,"123, AVENUE LEDRU ROLLIN",,,Plein jour,En agglomération,Hors intersection,Normale,Autre collision,,,,,,,,,,,1,2,1,1,6
200800015021,0008-03-15 12:05:00,8,3,15,12,5,750,111,"107, BOULEVARD VOLTAIRE",,,Plein jour,En agglomération,Intersection en X,Normale,Autre collision,,,,,,,,,,,1,2,2,1,6
200800015022,0008-03-16 17:50:00,8,3,16,17,50,750,111,BOULEVARD DE CHARONNE,,,Plein jour,En agglomération,Hors intersection,Normale,Autre collision,,,,,,,,,,,1,2,1,1,6
200800015023,0008-03-16 23:15:00,8,3,16,23,15,750,111,"1, BOULEVARD JULES FERRY",,,Nuit avec éclairage allumé,En agglomération,Intersection en X,Pluie légère,Deux véhicules - côté,,,,,,,,,,,5,2,2,2,3
200800015024,0008-03-21 17:00:00,8,3,21,17,0,750,111,"4/6, BOULEVARD DU TEMPLE",,,Plein jour,En agglomération,Intersection en T,Normale,Autre collision,,,,,,,,,,,1,2,3,1,6
200800015025,0008-03-21 16:50:00,8,3,21,16,50,750,111,"9, PLACE LEON BLUM",,,Plein jour,En agglomération,Hors intersection,Normale,Autre collision,,,,,,,,,,,1,2,1,1,6
200800015026,0008-03-28 13:15:00,8,3,28,13,15,750,111,"126, RUE DE CHARONNE",,,Plein jour,En agglomération,Intersection en X,Normale,Autre collision,,,,,,,,,,,1,2,2,1,6
200800015027,0008-03-28 15:00:00,8,3,28,15,0,750,111,"64, AVENUE DE LA REPUBLI",,,Plein jour,En agglomération,Hors intersection,Pluie légère,Deux véhicules - côté,,,,,,,,,,,1,2,1,2,3
200800015028,0008-03-28 19:05:00,8,3,28,19,5,750,111,"63, RUE DE MONTREUIL",,,Crépuscule ou aube,En agglomération,Hors intersection,Pluie légère,Autre collision,,,,,,,,,,,2,2,1,2,6
200800015029,0008-03-31 14:56:00,8,3,31,14,56,750,111,"182, BOULEVARD VOLTAIRE",,,Plein jour,En agglomération,Intersection en X,Pluie légère,Deux véhicules - côté,,,,,,,,,,,1,2,2,2,3
200800015030,0008-03-03 09:30:00,8,3,3,9,30,750,112,"170, RUE DU FAUBOURG SAI",,,Plein jour,En agglomération,Intersection en X,Pluie légère,Deux véhicules - côté,,,,,,,,,,,1,2,2,2,3
200800015031,0008-03-06 13:11:00,8,3,6,13,11,750,112,"171, AVENUE DAUMESNIL",,,Plein jour,En agglomération,Hors intersection,Pluie légère,Autre collision,,,,,,,,,,,1,2,1,2,6
200800015032,0008-03-01 16:05:00,8,3,1,16,5,750,112,AVENUE DAUMESNIL,,,Plein jour,En agglomération,Intersection en X,Normale,Deux véhicules - arrière,,,,,,,,,,,1,2,2,1,2
200800015033,0008-03-02 13:10:00,8,3,2,13,10,750,112,"15, BOULEVARD DE BERCY",,,Plein jour,En agglomération,Hors intersection,Normale,Deux véhicules - côté,,,,,,,,,,,1,2,1,1,3
200800015034,0008-03-02 15:45:00,8,3,2,15,45,750,112,"44, RUE CROZATIER",,,Plein jour,En agglomération,Intersection en X,Normale,Sans collision,,,,,,,,,,,1,2,2,1,7
200800015035,0008-03-02 17:15:00,8,3,2,17,15,750,112,"230, RUE DU FAUBOURG SAI",,,Plein jour,En agglomération,Hors intersection,Normale,Deux véhicules - côté,,,,,,,,,,,1,2,1,1,3
200800015036,0008-03-03 14:25:00,8,3,3,14,25,750,112,"130, AVENUE DAUMESNIL",,,Plein jour,En agglomération,Intersection en T,Normale,Deux véhicules - côté,,,,,,,,,,,1,2,3,1,3
200800015037,0008-03-03 17:45:00,8,3,3,17,45,750,112,"40, BOULEVARD DE LA BAST",,,Plein jour,En agglomération,Hors intersection,Normale,Autre collision,,,,,,,,,,,1,2,1,1,6
200800015038,0008-03-03 22:40:00,8,3,3,22,40,750,112,", AVENUE DAUMESNIL",,,Nuit avec éclairage allumé,En agglomération,Intersection en X,Pluie légère,Deux véhicules - côté,,,,,,,,,,,5,2,2,2,3
200800015039,0008-03-04 19:10:00,8,3,4,19,10,750,112,ROUTE DE LA FERME,,,Nuit avec éclairage allumé,En agglomération,Hors intersection,Normale,Deux véhicules - côté,,,,,,,,,,,5,2,1,1,3
200800015040,0008-03-04 23:15:00,8,3,4,23,15,750,112,QUAI DE LA RAPEE,,,Nuit avec éclairage allumé,En agglomération,Hors intersection,Normale,Sans collision,,,,,,,,,,,5,2,1,1,7
200800015041,0008-03-05 06:25:00,8,3,5,6,25,750,112,RUE DE RAMBOUILLET,,,Nuit avec éclairage allumé,En agglomération,Hors intersection,Normale,Deux véhicules - arrière,,,,,,,,,,,5,2,1,1,2
200800015042,0008-03-05 09:20:00,8,3,5,9,20,750,112,"75, AVENUE LEDRU ROLLIN",,,Plein jour,En agglomération,Hors intersection,Normale,Deux véhicules - côté,,,,,,,,,,,1,2,1,1,3
200800015043,0008-03-06 10:00:00,8,3,6,10,0,750,112,AVENUE LEDRU ROLLIN,,,Plein jour,En agglomération,Intersection en X,Temps couvert,Autre collision,,,,,,,,,,,1,2,2,8,6
200800015044,0008-03-06 12:35:00,8,3,6,12,35,750,112,BOULEVARD DE BERCY,,,Plein jour,En agglomération,Intersection en T,Pluie légère,Autre collision,,,,,,,,,,,1,2,3,2,6
200800015045,0008-03-06 22:55:00,8,3,6,22,55,750,112,AVENUE DU BEL AIR,,,Nuit avec éclairage allumé,En agglomération,Intersection en X,Normale,Deux véhicules - côté,,,,,,,,,,,5,2,2,1,3
200800015046,0008-03-09 12:25:00,8,3,9,12,25,750,112,AVENUE DE LA PORTE DE CH,,,Plein jour,En agglomération,Hors intersection,Pluie légère,Sans collision,,,,,,,,,,,1,2,1,2,7
200800015047,0008-03-10 09:35:00,8,3,10,9,35,750,112,BOULEVARD SOULT,,,Plein jour,En agglomération,Intersection en X,Pluie légère,Deux véhicules - côté,,,,,,,,,,,1,2,2,2,3
200800015048,0008-03-12 01:45:00,8,3,12,1,45,750,112,"60, AVENUE DAUMESNIL",,,Nuit avec éclairage allumé,En agglomération,Hors intersection,Pluie légère,Autre collision,,,,,,,,,,,5,2,1,2,6
200800015049,0008-03-12 09:00:00,8,3,12,9,0,750,112,"01, RUE DE LA DURANCE",,,Plein jour,En agglomération,Hors intersection,Normale,Deux véhicules - côté,,,,,,,,,,,1,2,1,1,3
200800015050,0008-03-12 20:15:00,8,3,12,20,15,750,112,BOULEVARD PONIATOWSKI,,,Nuit avec éclairage allumé,En agglomération,Hors intersection,Normale,Trois véhicules et plus - en chaîne,,,,,,,,,,,5,2,1,1,4
200800015051,0008-03-15 16:30:00,8,3,15,16,30,750,120,PORTE DE BAGNOLET,,,Plein jour,En agglomération,Hors intersection,Normale,Sans collision,,,,,,,,,,,1,2,1,1,7
200800015052,0008-03-15 20:00:00,8,3,15,20,0,750,112,RUE BRAHMS,,,Nuit avec éclairage allumé,En agglomération,Intersection en T,Pluie légère,Autre collision,,,,,,,,,,,5,2,3,2,6
200800015053,0008-03-16 13:40:00,8,3,16,13,40,750,112,"16, RUE DU FAUBOURG SAIN",,,Plein jour,En agglomération,Hors intersection,Pluie légère,Deux véhicules - côté,,,,,,,,,,,1,2,1,2,3
200800015054,0008-03-16 14:50:00,8,3,16,14,50,750,112,"77, BOULEVARD DE PICPUS",,,Plein jour,En agglomération,Hors intersection,Pluie légère,Autre collision,,,,,,,,,,,1,2,1,2,6
200800015055,0008-03-17 09:30:00,8,3,17,9,30,750,111,"125, RUE DU FAUBOURG SAI",,,Plein jour,En agglomération,Hors intersection,Normale,Deux véhicules - côté,,,,,,,,,,,1,2,1,1,3
200800015056,0008-03-18 15:45:00,8,3,18,15,45,750,112,"64, AVENUE LEDRU ROLLIN",,,Plein jour,En agglomération,Hors intersection,Normale,Deux véhicules - côté,,,,,,,,,,,1,2,1,1,3
200800015057,0008-03-18 16:30:00,8,3,18,16,30,750,112,"268, AVENUE DAUMESNIL",,,Plein jour,En agglomération,Hors intersection,Normale,Autre collision,,,,,,,,,,,1,2,1,1,6
200800015058,0008-03-19 08:55:00,8,3,19,8,55,750,112,"295, RUE DE CHARENTON",,,Plein jour,En agglomération,Hors intersection,Normale,Deux véhicules - côté,,,,,,,,,,,1,2,1,1,3
200800015059,0008-03-20 19:30:00,8,3,20,19,30,750,112,QUAI DE BERCY,,,Nuit avec éclairage allumé,En agglomération,Intersection en X,Pluie légère,Deux véhicules - arrière,,,,,,,,,,,5,2,2,2,2
200800015060,0008-03-21 06:50:00,8,3,21,6,50,750,112,RUE DE CHARENTON,,,Crépuscule ou aube,En agglomération,Intersection en X,Pluie légère,Deux véhicules - côté,,,,,,,,,,,2,2,2,2,3
200800015061,0008-03-21 10:30:00,8,3,21,10,30,750,112,"85, AVENUE LEDRU ROLLIN",,,Plein jour,En agglomération,Hors intersection,Pluie légère,Sans collision,,,,,,,,,,,1,2,1,2,7
200800015062,0008-03-21 17:35:00,8,3,21,17,35,750,112,"188, AVENUE DAUMESNIL",,,Plein jour,En agglomération,Intersection en T,Normale,Deux véhicules - côté,,,,,,,,,,,1,2,3,1,3
200800015063,0008-03-21 19:35:00,8,3,21,19,35,750,112,"84, COURS DE VINCENNES",,,Nuit avec éclairage allumé,En agglomération,Hors intersection,Normale,Deux véhicules - côté,,,,,,,,,,,5,2,1,1,3
200800015064,0008-03-25 18:30:00,8,3,25,18,30,750,112,"125, RUE DU FAUBOURG SAI",,,Crépuscule ou aube,En agglomération,Intersection en T,Normale,Deux véhicules - côté,,,,,,,,,,,2,2,3,1,3
200800015065,0008-03-27 10:34:00,8,3,27,10,34,750,111,"43, RUE DU FAUBOURG SAIN",,,Plein jour,En agglomération,Hors intersection,Normale,Autre collision,,,,,,,,,,,1,2,1,1,6
200800015066,0008-03-27 16:20:00,8,3,27,16,20,750,112,"82, RUE DU FAUBOURG SAIN",,,Plein jour,En agglomération,Hors intersection,Pluie légère,Autre collision,,,,,,,,,,,1,2,1,2,6
200800015067,0008-03-28 17:25:00,8,3,28,17,25,750,112,AVENUE DE GRAVELLE,,,Plein jour,En agglomération,Hors intersection,Pluie forte,Autre collision,,,,,,,,,,,1,2,1,3,6
200800015068,0008-03-28 19:45:00,8,3,28,19,45,750,112,RUE DE BERCY,,,Nuit avec éclairage allumé,En agglomération,Hors intersection,Normale,Deux véhicules - frontale,,,,,,,,,,,5,2,1,1,1
200800015069,0008-03-31 14:30:00,8,3,31,14,30,750,112,"24, RUE LOUIS BRAILLE",,,Plein jour,En agglomération,Hors intersection,Pluie légère,Autre collision,,,,,,,,,,,1,2,1,2,6
200800015070,0008-03-31 15:35:00,8,3,31,15,35,750,112,"65, RUE TRAVERSIERE",,,Plein jour,En agglomération,Intersection à plus de 4 branches,Normale,Autre collision,,,,,,,,,,,1,2,5,1,6
200800015071,0008-03-31 17:30:00,8,3,31,17,30,750,112,"72, RUE DU FAUBOURG SAIN",,,Plein jour,En agglomération,Hors intersection,Normale,Deux véhicules - côté,,,,,,,,,,,1,2,1,1,3
200800015072,0008-03-01 15:35:00,8,3,1,15,35,750,113,"19, BOULEVARD SAINT MARC",,,Plein jour,En agglomération,Hors intersection,Normale,Deux véhicules - arrière,,,,,,,,,,,1,2,1,1,2
200800015073,0008-03-01 16:45:00,8,3,1,16,45,750,113,"140, AVENUE D ITALIE",,,Plein jour,En agglomération,Hors intersection,Normale,Deux véhicules - côté,,,,,,,,,,,1,2,1,1,3
200800015074,0008-03-02 20:30:00,8,3,2,20,30,750,113,BOULEVARD MASSENA,,,Nuit avec éclairage allumé,En agglomération,Intersection à plus de 4 branches,Pluie légère,Deux véhicules - côté,,,,,,,,,,,5,2,5,2,3
200800015075,0008-03-03 06:40:00,8,3,3,6,40,750,113,"1, BOULEVARD DE L HOPITA",,,Nuit avec éclairage allumé,En agglomération,Intersection à plus de 4 branches,Pluie légère,Autre collision,,,,,,,,,,,5,2,5,2,6
200800015076,0008-03-03 09:00:00,8,3,3,9,0,750,113,"207, RUE DE TOLBIAC",,,Plein jour,En agglomération,Intersection en T,Pluie légère,Deux véhicules - arrière,,,,,,,,,,,1,2,3,2,2
200800015077,0008-03-04 13:55:00,8,3,4,13,55,750,113,"22, RUE NATIONALE",,,Plein jour,En agglomération,Hors intersection,Normale,Autre collision,,,,,,,,,,,1,2,1,1,6
200800015078,0008-03-09 12:30:00,8,3,9,12,30,750,113,"29, AVENUE DE LA PORTE D",,,Plein jour,En agglomération,Intersection en X,Pluie légère,Deux véhicules - côté,,,,,,,,,,,1,2,2,2,3
200800015079,0008-03-09 15:30:00,8,3,9,15,30,750,113,"6, RUE CHARLES MOUREU",,,Plein jour,En agglomération,Hors intersection,Temps couvert,Autre collision,,,,,,,,,,,1,2,1,8,6
200800015080,0008-03-09 16:00:00,8,3,9,16,0,750,113,"143, AVENUE D ITALIE",,,Plein jour,En agglomération,Hors intersection,Normale,Deux véhicules - arrière,,,,,,,,,,,1,2,1,1,2
200800015081,0008-03-10 08:40:00,8,3,10,8,40,750,113,"2bis, AVENUE PIERRE DE C",,,Plein jour,En agglomération,Hors intersection,Pluie légère,Sans collision,,,,,,,,,,,1,2,1,2,7
200800015082,0008-03-10 14:20:00,8,3,10,14,20,750,113,"153, AVENUE D ITALIE",,,Plein jour,En agglomération,Hors intersection,Pluie légère,Trois véhicules et plus - collisions multiples,,,,,,,,,,,1,2,1,2,5
200800015083,0008-03-12 20:25:00,8,3,12,20,25,750,113,"0, QUAI D IVRY",,,Nuit avec éclairage allumé,En agglomération,Hors intersection,Normale,Sans collision,,,,,,,,,,,5,2,1,1,7
200800015084,0008-03-13 05:34:00,8,3,13,5,34,750,105,QUAI DE LA TOURNELLE,,,Nuit avec éclairage allumé,En agglomération,Intersection à plus de 4 branches,Pluie légère,Sans collision,,,,,,,,,,,5,2,5,2,7
200800015085,0008-03-13 21:50:00,8,3,13,21,50,750,113,RUE JACQUES DESTREE,,,Nuit avec éclairage allumé,En agglomération,Intersection en X,Pluie légère,Deux véhicules - côté,,,,,,,,,,,5,2,2,2,3
200800015086,0008-03-14 12:35:00,8,3,14,12,35,750,113,"23, RUE CAILLAUX",,,Plein jour,En agglomération,Hors intersection,Temps couvert,Deux véhicules - côté,,,,,,,,,,,1,2,1,8,3
200800015087,0008-03-15 19:05:00,8,3,15,19,5,750,113,"80, RUE DE TOLBIAC",,,Nuit avec éclairage allumé,En agglomération,Intersection en X,Pluie légère,Autre collision,,,,,,,,,,,5,2,2,2,6
200800015088,0008-03-15 19:40:00,8,3,15,19,40,750,113,QUAI PANHARD ET LEVASSOR,,,Nuit avec éclairage allumé,En agglomération,Hors intersection,Pluie légère,Deux véhicules - côté,,,,,,,,,,,5,2,1,2,3
200800015089,0008-03-15 19:41:00,8,3,15,19,41,750,113,", RUE BOBILLOT",,,Nuit avec éclairage allumé,En agglomération,Intersection en T,Pluie légère,Deux véhicules - côté,,,,,,,,,,,5,2,3,2,3
200800015090,0008-03-16 01:50:00,8,3,16,1,50,750,113,"140, AVENUE D ITALIE",,,Nuit avec éclairage allumé,En agglomération,Hors intersection,Pluie légère,Autre collision,,,,,,,,,,,5,2,1,2,6
200800015091,0008-03-16 17:50:00,8,3,16,17,50,750,113,BOULEVARD MASSENA,,,Plein jour,En agglomération,Hors intersection,Normale,Deux véhicules - arrière,,,,,,,,,,,1,2,1,1,2
200800015092,0008-03-17 09:10:00,8,3,17,9,10,750,113,"79, QUAI FRANCOIS MAURIA",,,Plein jour,En agglomération,Hors intersection,Normale,Deux véhicules - côté,,,,,,,,,,,1,2,1,1,3
200800015093,0008-03-17 13:30:00,8,3,17,13,30,750,113,"146, BOULEVARD DE L HOPI",,,Plein jour,En agglomération,Hors intersection,Normale,Autre collision,,,,,,,,,,,1,2,1,1,6