accident_id,datetime,annee,mois,jour,heure,minute,departement,commune_insee,adresse,latitude,longitude,luminosite,agglomeration,intersection,meteo,collision,nb_vehicules,nb_usagers,nb_indemnes,nb_tues,nb_blesses_hosp,nb_blesses_legers,age_cond_1,age_cond_2,veh_type_cond_1,veh_type_cond_2,lum_code,agg_code,int_code,atm_code,col_code
200800015226,0008-03-25 15:35:00,8,3,25,15,35,750,116,"3, AVENUE DE LA GRANDE A",,,Plein jour,En agglomération,Hors intersection,Normale,Deux véhicules - arrière,,,,,,,,,,,1,2,1,1,2
200800015227,0008-03-25 12:30:00,8,3,25,12,30,750,116,ROUTE DE SEVRES A NEUILL,,,Plein jour,En agglomération,Hors intersection,Normale,Sans collision,,,,,,,,,,,1,2,1,1,7
200800015228,0008-03-26 09:05:00,8,3,26,9,5,750,116,PLACE DU MARECHAL DE LAT,,,Plein jour,En agglomération,Hors intersection,Normale,Deux véhicules - arrière,,,,,,,,,,,1,2,1,1,2
200800015229,0008-03-26 14:40:00,8,3,26,14,40,750,116,RUE DE LONGCHAMP,,,Plein jour,En agglomération,Intersection en X,Pluie légère,Deux véhicules - côté,,,,,,,,,,,1,2,2,2,3
200800015230,0008-03-26 16:35:00,8,3,26,16,35,750,116,PLACE DU TROCADERO,,,Plein jour,En agglomération,Place,Pluie légère,Autre collision,,,,,,,,,,,1,2,7,2,6
200800015231,0008-03-26 22:20:00,8,3,26,22,20,750,116,PLACE D AUTEUIL,,,Nuit avec éclairage allumé,En agglomération,Hors intersection,Normale,Deux véhicules - côté,,,,,,,,,,,5,2,1,1,3
200800015232,0008-03-27 08:15:00,8,3,27,8,15,750,116,BOULEVARD LANNES,,,Plein jour,En agglomération,Hors intersection,Pluie légère,Deux véhicules - côté,,,,,,,,,,,1,2,1,2,3
200800015233,0008-03-27 11:50:00,8,3,27,11,50,750,116,"40, RUE LAURISTON",,,Plein jour,En agglomération,Hors intersection,Normale,Deux véhicules - arrière,,,,,,,,,,,1,2,1,1,2
200800015234,0008-03-28 08:00:00,8,3,28,8,0,750,116,RUE DE LONGCHAMP,,,Plein jour,En agglomération,Intersection en X,Normale,Autre collision,,,,,,,,,,,1,2,2,1,6
200800015235,0008-03-29 13:00:00,8,3,29,13,0,750,116,"30, AVENUE DU PRESIDENT",,,Plein jour,En agglomération,Hors intersection,Normale,Trois véhicules et plus - en chaîne,,,,,,,,,,,1,2,1,1,4
200800015236,0008-03-29 18:15:00,8,3,29,18,15,750,117,"63, AVENUE DE LA GRANDE",,,Plein jour,En agglomération,Place,Normale,Deux véhicules - côté,,,,,,,,,,,1,2,7,1,3
200800015237,0008-03-30 13:05:00,8,3,30,13,5,750,116,BOULEVARD MURAT,,,Plein jour,En agglomération,Hors intersection,Pluie forte,Autre collision,,,,,,,,,,,1,2,1,3,6
200800015238,0008-03-31 13:05:00,8,3,31,13,5,750,116,PLACE DE LA PORTE MAILLO,,,Plein jour,En agglomération,Hors intersection,Normale,Autre collision,,,,,,,,,,,1,2,1,1,6
200800015239,0008-03-01 05:45:00,8,3,1,5,45,750,117,RUE DE COURCELLES,,,Nuit avec éclairage allumé,En agglomération,Intersection en X,Pluie légère,Deux véhicules - côté,,,,,,,,,,,5,2,2,2,3
200800015240,0008-03-03 09:36:00,8,3,3,9,36,750,117,"37, AVENUE DE LA PORTE D",,,Plein jour,En agglomération,Hors intersection,Pluie légère,Autre collision,,,,,,,,,,,1,2,1,2,6
200800015241,0008-03-03 13:30:00,8,3,3,13,30,750,117,"40, AVENUE DES TERNES",,,Plein jour,En agglomération,Intersection en T,Normale,Autre collision,,,,,,,,,,,1,2,3,1,6
200800015242,0008-03-04 16:00:00,8,3,4,16,0,750,117,"34, BOULEVARD DE COURCEL",,,Plein jour,En agglomération,Hors intersection,Pluie légère,Autre collision,,,,,,,,,,,1,2,1,2,6
200800015243,0008-03-04 17:53:00,8,3,4,17,53,750,117,"145, RUE DE COURCELLES",,,Crépuscule ou aube,En agglomération,Hors intersection,Pluie forte,Deux véhicules - frontale,,,,,,,,,,,2,2,1,3,1
200800015244,0008-03-04 14:05:00,8,3,4,14,5,750,117,"21, RUE D ARMAILLE",,,Plein jour,En agglomération,Hors intersection,Normale,Autre collision,,,,,,,,,,,1,2,1,1,6
200800015245,0008-03-05 09:00:00,8,3,5,9,0,750,117,"13, AVENUE DE LA PORTE D",,,Plein jour,En agglomération,Hors intersection,Normale,Autre collision,,,,,,,,,,,1,2,1,1,6
200800015246,0008-03-05 19:30:00,8,3,5,19,30,750,117,AVENUE DES TERNES,,,Nuit avec éclairage allumé,En agglomération,Intersection en X,Normale,Deux véhicules - côté,,,,,,,,,,,5,2,2,1,3
200800015247,0008-03-07 08:50:00,8,3,7,8,50,750,117,"4, BOULEVARD DE REIMS",,,Plein jour,En agglomération,Hors intersection,Normale,Deux véhicules - arrière,,,,,,,,,,,1,2,1,1,2
200800015248,0008-03-07 15:00:00,8,3,7,15,0,750,117,"133, RUE DE ROME",,,Plein jour,En agglomération,Intersection en X,Normale,Autre collision,,,,,,,,,,,1,2,2,1,6
200800015249,0008-03-09 01:10:00,8,3,9,1,10,750,117,"16, BOULEVARD DES BATIGN",,,Nuit avec éclairage allumé,En agglomération,Intersection en X,Normale,Deux véhicules - côté,,,,,,,,,,,5,2,2,1,3
200800015250,0008-03-09 02:45:00,8,3,9,2,45,750,109,"45, RUE DE LA CHAUSSEE D",,,Nuit avec éclairage allumé,En agglomération,Hors intersection,Normale,Deux véhicules - côté,,,,,,,,,,,5,2,1,1,3
200800015251,0008-03-10 04:15:00,8,3,10,4,15,750,117,PLACE PAUL LEAUTAUD,,,Nuit avec éclairage allumé,En agglomération,Giratoire,Normale,Autre collision,,,,,,,,,,,5,2,6,1,6
200800015252,0008-03-10 11:50:00,8,3,10,11,50,750,117,"190, AVENUE DE CLICHY",,,Plein jour,En agglomération,Hors intersection,Pluie forte,Sans collision,,,,,,,,,,,1,2,1,3,7
200800015253,0008-03-11 16:30:00,8,3,11,16,30,750,117,"80, AVENUE DE CLICHY",,,Plein jour,En agglomération,Intersection en T,Normale,Deux véhicules - côté,,,,,,,,,,,1,2,3,1,3
200800015254,0008-03-12 11:30:00,8,3,12,11,30,750,117,RUE ALPHONSE DE NEUVILLE,,,Plein jour,En agglomération,Intersection en X,Normale,Deux véhicules - côté,,,,,,,,,,,1,2,2,1,3
200800015255,0008-03-12 13:10:00,8,3,12,13,10,750,117,"126, BOULEVARD PEREIRE",,,Plein jour,En agglomération,Hors intersection,Normale,Deux véhicules - arrière,,,,,,,,,,,1,2,1,1,2
200800015256,0008-03-13 22:25:00,8,3,13,22,25,750,117,BOULEVARD BERTHIER,,,Nuit avec éclairage allumé,En agglomération,Intersection à plus de 4 branches,Pluie légère,Deux véhicules - côté,,,,,,,,,,,5,2,5,2,3
200800015257,0008-03-13 13:27:00,8,3,13,13,27,750,117,"5, AVENUE DE CLICHY",,,Plein jour,En agglomération,Hors intersection,Temps couvert,Autre collision,,,,,,,,,,,1,2,1,8,6
200800015258,0008-03-14 18:00:00,8,3,14,18,0,750,117,"118, BOULEVARD BESSIERES",,,Plein jour,En agglomération,Hors intersection,Temps couvert,Autre collision,,,,,,,,,,,1,2,1,8,6
200800015259,0008-03-15 12:15:00,8,3,15,12,15,750,117,"29, AVENUE PAUL ADAM",,,Plein jour,En agglomération,Hors intersection,Normale,Autre collision,,,,,,,,,,,1,2,1,1,6
200800015260,0008-03-16 02:00:00,8,3,16,2,0,750,117,"14, BOULEVARD DES BATIGN",,,Nuit avec éclairage allumé,En agglomération,Intersection en T,Pluie légère,Deux véhicules - côté,,,,,,,,,,,5,2,3,2,3
200800015261,0008-03-15 21:30:00,8,3,15,21,30,750,117,"91, AVENUE DE WAGRAM",,,Nuit avec éclairage allumé,En agglomération,Intersection en X,Pluie légère,Deux véhicules - côté,,,,,,,,,,,5,2,2,2,3
200800015262,0008-03-16 20:30:00,8,3,16,20,30,750,117,BOULEVARD DU FORT DE VAU,,,Nuit avec éclairage allumé,En agglomération,Intersection en X,Normale,Deux véhicules - côté,,,,,,,,,,,5,2,2,1,3
200800015263,0008-03-17 17:30:00,8,3,17,17,30,750,117,"13/15, PORTE D ASNIERES",,,Plein jour,En agglomération,Hors intersection,Normale,Autre collision,,,,,,,,,,,1,2,1,1,6
200800015264,0008-03-18 13:15:00,8,3,18,13,15,750,117,"27, BOULEVARD PEREIRE",,,Plein jour,En agglomération,Hors intersection,Normale,Trois véhicules et plus - en chaîne,,,,,,,,,,,1,2,1,1,4
200800015265,0008-03-18 20:10:00,8,3,18,20,10,750,117,"27, AVENUE NIEL",,,Nuit avec éclairage allumé,En agglomération,Hors intersection,Normale,Autre collision,,,,,,,,,,,5,2,1,1,6
200800015266,0008-03-19 17:10:00,8,3,19,17,10,750,117,"02, BOULEVARD DE COURCEL",,,Plein jour,En agglomération,Hors intersection,Pluie légère,Autre collision,,,,,,,,,,,1,2,1,2,6
200800015267,0008-03-22 18:21:00,8,3,22,18,21,750,117,"49, AVENUE DE SAINT OUEN",,,Plein jour,En agglomération,Hors intersection,Pluie légère,Autre collision,,,,,,,,,,,1,2,1,2,6
200800015268,0008-03-23 20:50:00,8,3,23,20,50,750,117,"15, AVENUE DE VILLIERS",,,Nuit avec éclairage allumé,En agglomération,Hors intersection,Pluie légère,Autre collision,,,,,,,,,,,5,2,1,2,6
200800015269,0008-03-25 08:30:00,8,3,25,8,30,750,117,"168, AVENUE DE CLICHY",,,Plein jour,En agglomération,Intersection en Y,Normale,Deux véhicules - côté,,,,,,,,,,,1,2,4,1,3
200800015270,0008-03-25 09:30:00,8,3,25,9,30,750,117,"34, BOULEVARD BESSIERES",,,Plein jour,En agglomération,Hors intersection,Normale,Deux véhicules - arrière,,,,,,,,,,,1,2,1,1,2
200800015271,0008-03-25 13:20:00,8,3,25,13,20,750,117,PLACE ARNAULT TZANCK,,,Plein jour,En agglomération,Giratoire,Normale,Deux véhicules - côté,,,,,,,,,,,1,2,6,1,3
200800015272,0008-03-25 15:00:00,8,3,25,15,0,750,117,"36, BOULEVARD PEREIRE",,,Plein jour,En agglomération,Intersection en X,Normale,Deux véhicules - côté,,,,,,,,,,,1,2,2,1,3
200800015273,0008-03-26 12:35:00,8,3,26,12,35,750,117,"133, AVENUE DE VILLIERS",,,Plein jour,En agglomération,Intersection en Y,Normale,Deux véhicules - côté,,,,,,,,,,,1,2,4,1,3
200800015274,0008-03-26 15:35:00,8,3,26,15,35,750,117,"1, RUE DES BATIGNOLLES",,,Plein jour,En agglomération,Hors intersection,Pluie légère,Autre collision,,,,,,,,,,,1,2,1,2,6
200800015275,0008-03-27 22:55:00,8,3,27,22,55,750,117,"38, RUE POUCHET",,,Nuit avec éclairage allumé,En agglomération,Hors intersection,Normale,Autre collision,,,,,,,,,,,5,2,1,1,6
200800015276,0008-03-30 20:15:00,8,3,30,20,15,750,117,"148, RUE DE SAUSSURE",,,Nuit avec éclairage allumé,En agglomération,Hors intersection,Pluie légère,Autre collision,,,,,,,,,,,5,2,1,2,6
200800015277,0008-03-30 21:00:00,8,3,30,21,0,750,117,"25, AVENUE DE CLICHY",,,Nuit avec éclairage allumé,En agglomération,Hors intersection,Pluie légère,Autre collision,,,,,,,,,,,5,2,1,2,6
200800015278,0008-03-31 07:26:00,8,3,31,7,26,750,117,"1, PLACE DU GENERAL KOEN",,,Crépuscule ou aube,En agglomération,Hors intersection,Normale,Deux véhicules - côté,,,,,,,,,,,2,2,1,1,3
200800015279,0008-03-13 15:55:00,8,3,13,15,55,750,118,"6,RUE HENRI BRISSON",,,Plein jour,En agglomération,Hors intersection,Pluie légère,Autre collision,,,,,,,,,,,1,2,1,2,6
200800015280,0008-03-02 07:00:00,8,3,2,7,0,750,118,"30, RUE DE LA CHAPELLE",,,Crépuscule ou aube,En agglomération,Hors intersection,Normale,Deux véhicules - arrière,,,,,,,,,,,2,2,1,1,2
200800015281,0008-03-02 11:00:00,8,3,2,11,0,750,118,"33, RUE MARX DORMOY",,,Plein jour,En agglomération,Intersection en X,Normale,Autre collision,,,,,,,,,,,1,2,2,1,6
200800015282,0008-03-02 16:00:00,8,3,2,16,0,750,118,"136, BOULEVARD NEY",,,Plein jour,En agglomération,Intersection en T,Normale,Deux véhicules - côté,,,,,,,,,,,1,2,3,1,3
200800015283,0008-03-03 21:00:00,8,3,3,21,0,750,118,"30, AVENUE DE LA PORTE D",,,Nuit avec éclairage allumé,En agglomération,Hors intersection,Pluie légère,Deux véhicules - côté,,,,,,,,,,,5,2,1,2,3
200800015284,0008-03-04 21:15:00,8,3,4,21,15,750,118,"68, RUE VAUVENARGUES",,,Nuit avec éclairage allumé,En agglomération,Intersection en X,Temps couvert,Autre collision,,,,,,,,,,,5,2,2,8,6
200800015285,0008-03-05 11:40:00,8,3,5,11,40,750,119,AVENUE DE LA PORTE D AUB,,,Plein jour,En agglomération,Intersection à plus de 4 branches,Normale,Deux véhicules - côté,,,,,,,,,,,1,2,5,1,3
200800015286,0008-03-08 14:00:00,8,3,8,14,0,750,118,"24, SQUARE DE CLIGNANCOU",,,Plein jour,En agglomération,Intersection en T,Normale,Autre collision,,,,,,,,,,,1,2,3,1,6
200800015287,0008-03-08 18:10:00,8,3,8,18,10,750,118,"36, BOULEVARD BARBES",,,Plein jour,En agglomération,Intersection en X,Normale,Deux véhicules - frontale,,,,,,,,,,,1,2,2,1,1
200800015288,0008-03-08 22:45:00,8,3,8,22,45,750,118,"51, RUE ORDENER",,,Nuit avec éclairage allumé,En agglomération,Hors intersection,Normale,Autre collision,,,,,,,,,,,5,2,1,1,6
200800015289,0008-03-09 00:05:00,8,3,9,0,5,750,118,AVENUE DE LA PORTE DE SA,,,Nuit avec éclairage allumé,En agglomération,Hors intersection,Normale,Autre collision,,,,,,,,,,,5,2,1,1,6
200800015290,0008-03-10 11:05:00,8,3,10,11,5,750,118,"28, RUE ORDENER",,,Plein jour,En agglomération,Intersection en X,Pluie légère,Deux véhicules - côté,,,,,,,,,,,1,2,2,2,3
200800015291,0008-03-11 09:00:00,8,3,11,9,0,750,118,"111, BOULEVARD NEY",,,Plein jour,En agglomération,Intersection en X,Normale,Deux véhicules - côté,,,,,,,,,,,1,2,2,1,3
200800015292,0008-03-11 19:20:00,8,3,11,19,20,750,118,"36, RUE ORDENER",,,Nuit avec éclairage allumé,En agglomération,Hors intersection,Pluie légère,Deux véhicules - frontale,,,,,,,,,,,5,2,1,2,1
200800015293,0008-03-12 13:40:00,8,3,12,13,40,750,118,PLACE CONSTANTIN PECQUEU,,,Plein jour,En agglomération,Hors intersection,Normale,Autre collision,,,,,,,,,,,1,2,1,1,6
200800015294,0008-03-13 07:25:00,8,3,13,7,25,750,118,"70, BOULEVARD NEY",,,Plein jour,En agglomération,Hors intersection,Normale,Sans collision,,,,,,,,,,,1,2,1,1,7
200800015295,0008-03-13 13:00:00,8,3,13,13,0,750,118,RUE LEIBNIZ,,,Plein jour,En agglomération,Intersection en X,Normale,Deux véhicules - côté,,,,,,,,,,,1,2,2,1,3
200800015296,0008-03-15 17:30:00,8,3,15,17,30,750,118,"63, RUE DE CLIGNANCOURT",,,Plein jour,En agglomération,Hors intersection,Normale,Deux véhicules - côté,,,,,,,,,,,1,2,1,1,3
200800015297,0008-03-16 19:25:00,8,3,16,19,25,750,118,"22, RUE CAULAINCOURT",,,Nuit avec éclairage allumé,En agglomération,Hors intersection,Pluie légère,Autre collision,,,,,,,,,,,5,2,1,2,6
200800015298,0008-03-18 11:55:00,8,3,18,11,55,750,118,"88, BOULEVARD BARBES",,,Plein jour,En agglomération,Intersection en X,Normale,Deux véhicules - côté,,,,,,,,,,,1,2,2,1,3
200800015299,0008-03-18 17:15:00,8,3,18,17,15,750,118,"58, RUE STEPHENSON",,,Plein jour,En agglomération,Intersection en X,Temps couvert,Autre collision,,,,,,,,,,,1,2,2,8,6
200800015300,0008-03-19 13:55:00,8,3,19,13,55,750,118,"132, RUE CHAMPIONNET",,,Plein jour,En agglomération,Intersection en X,Normale,Autre collision,,,,,,,,,,,1,2,2,1,6
200800015301,0008-03-19 17:00:00,8,3,19,17,0,750,118,"22, RUE LEON",,,Plein jour,En agglomération,Intersection en X,Normale,Deux véhicules - côté,,,,,,,,,,,1,2,2,1,3
200800015302,0008-03-19 16:55:00,8,3,19,16,55,750,118,"61, RUE RENE BINET",,,Plein jour,En agglomération,Hors intersection,Normale,Autre collision,,,,,,,,,,,1,2,1,1,6
200800015303,0008-03-19 17:50:00,8,3,19,17,50,750,118,"09, BOULEVARD BARBES",,,Plein jour,En agglomération,Hors intersection,Pluie légère,Autre collision,,,,,,,,,,,1,2,1,2,6
200800015304,0008-03-20 16:45:00,8,3,20,16,45,750,118,"8, RUE CHAMPIONNET",,,Plein jour,En agglomération,Hors intersection,Normale,Autre collision,,,,,,,,,,,1,2,1,1,6
200800015305,0008-03-20 18:30:00,8,3,20,18,30,750,118,"140, RUE MARCADET",,,Plein jour,En agglomération,Hors intersection,Temps couvert,Sans collision,,,,,,,,,,,1,2,1,8,7
200800015306,0008-03-21 13:00:00,8,3,21,13,0,750,118,"26, RUE DES POISSONNIERS",,,Plein jour,En agglomération,Hors intersection,Normale,Autre collision,,,,,,,,,,,1,2,1,1,6
200800015307,0008-03-21 19:00:00,8,3,21,19,0,750,118,"13, BOULEVARD BARBES",,,Crépuscule ou aube,En agglomération,Hors intersection,Temps couvert,Autre collision,,,,,,,,,,,2,2,1,8,6
200800015308,0008-03-22 10:40:00,8,3,22,10,40,750,118,"120, BOULEVARD DE CLICHY",,,Plein jour,En agglomération,Hors intersection,Pluie légère,Autre collision,,,,,,,,,,,1,2,1,2,6
200800015309,0008-03-22 16:00:00,8,3,22,16,0,750,118,"43, RUE ORDENER",,,Plein jour,En agglomération,Hors intersection,Temps couvert,Autre collision,,,,,,,,,,,1,2,1,8,6
200800015310,0008-03-23 06:15:00,8,3,23,6,15,750,118,"75, BOULEVARD BARBES",,,Nuit avec éclairage allumé,En agglomération,Hors intersection,Normale,Autre collision,,,,,,,,,,,5,2,1,1,6
200800015311,0008-03-24 11:45:00,8,3,24,11,45,750,118,"2, BOULEVARD DE ROCHECHO",,,Plein jour,En agglomération,Hors intersection,Normale,Autre collision,,,,,,,,,,,1,2,1,1,6
200800015312,0008-03-24 12:40:00,8,3,24,12,40,750,118,RUE DU CARDINAL DUBOIS,,,Plein jour,En agglomération,Hors intersection,Normale,Autre collision,,,,,,,,,,,1,2,1,1,6
200800015313,0008-03-26 19:52:00,8,3,26,19,52,750,118,"07, BOULEVARD NEY",,,Nuit avec éclairage allumé,En agglomération,Hors intersection,Normale,Sans collision,,,,,,,,,,,5,2,1,1,7
200800015314,0008-03-27 17:25:00,8,3,27,17,25,750,118,"53, RUE MYRHA",,,Plein jour,En agglomération,Hors intersection,Normale,Deux véhicules - côté,,,,,,,,,,,1,2,1,1,3
200800015315,0008-03-28 00:30:00,8,3,28,0,30,750,118,RUE DU MONT CENIS,,,Nuit avec éclairage allumé,En agglomération,Intersection en X,Normale,Deux véhicules - côté,,,,,,,,,,,5,2,2,1,3
200800015316,0008-03-29 05:00:00,8,3,29,5,0,750,118,"51, BOULEVARD BARBES",,,Nuit avec éclairage allumé,En agglomération,Autre intersection,Normale,Autre collision,,,,,,,,,,,5,2,9,1,6
200800015317,0008-03-29 15:30:00,8,3,29,15,30,750,118,"54, BOULEVARD NEY",,,Plein jour,En agglomération,Hors intersection,Normale,Deux véhicules - côté,,,,,,,,,,,1,2,1,1,3
200800015318,0008-03-30 03:25:00,8,3,30,3,25,750,118,RUE LABAT,,,Nuit avec éclairage allumé,En agglomération,Intersection en X,Normale,Deux véhicules - côté,,,,,,,,,,,5,2,2,1,3
200800015319,0008-03-30 13:25:00,8,3,30,13,25,750,118,"11, BOULEVARD ORNANO",,,Plein jour,En agglomération,Hors intersection,Pluie forte,Autre collision,,,,,,,,,,,1,2,1,3,6
200800015320,0008-03-30 21:15:00,8,3,30,21,15,750,118,"69, RUE MARX DORMOY",,,Nuit avec éclairage allumé,En agglomération,Hors intersection,Pluie légère,Deux véhicules - côté,,,,,,,,,,,5,2,1,2,3
200800015321,0008-03-31 21:20:00,8,3,31,21,20,750,118,BOULEVARD NEY,,,Nuit avec éclairage allumé,En agglomération,Hors intersection,Normale,Autre collision,,,,,,,,,,,5,2,1,1,6
200800015322,0008-03-01 15:20:00,8,3,1,15,20,750,119,AVENUE DE FLANDRE,,,Plein jour,En agglomération,Hors intersection,Normale,Autre collision,,,,,,,,,,,1,2,1,1,6
200800015323,0008-03-03 15:15:00,8,3,3,15,15,750,119,"234, RUE DE CRIMEE",,,Plein jour,En agglomération,Hors intersection,Normale,Deux véhicules - côté,,,,,,,,,,,1,2,1,1,3
200800015324,0008-03-04 15:20:00,8,3,4,15,20,750,119,"1, AVENUE SECRETAN",,,Plein jour,En agglomération,Hors intersection,Normale,Autre collision,,,,,,,,,,,1,2,1,1,6
200800015325,0008-03-08 17:45:00,8,3,8,17,45,750,119,BOULEVARD DE LA VILLETTE,,,Nuit avec éclairage allumé,En agglomération,Hors intersection,Normale,Autre collision,,,,,,,,,,,5,2,1,1,6
200800015326,0008-03-09 15:05:00,8,3,9,15,5,750,119,"52, BOULEVARD SERURIER",,,Plein jour,En agglomération,Hors intersection,Pluie légère,Sans collision,,,,,,,,,,,1,2,1,2,7
200800015327,0008-03-10 07:00:00,8,3,10,7,0,750,119,"43, BOULEVARD SERURIER",,,Crépuscule ou aube,En agglomération,Hors intersection,Pluie légère,Autre collision,,,,,,,,,,,2,2,1,2,6
200800015328,0008-03-10 12:45:00,8,3,10,12,45,750,119,AVENUE DE FLANDRE,,,Plein jour,En agglomération,Hors intersection,Pluie légère,Autre collision,,,,,,,,,,,1,2,1,2,6
200800015329,0008-03-10 15:05:00,8,3,10,15,5,750,119,"52, AVENUE DE FLANDRE",,,Plein jour,En agglomération,Hors intersection,Pluie légère,Autre collision,,,,,,,,,,,1,2,1,2,6
200800015330,0008-03-11 08:50:00,8,3,11,8,50,750,119,"114, AVENUE SIMON BOLIVA",,,Plein jour,En agglomération,Hors intersection,Normale,Deux véhicules - arrière,,,,,,,,,,,1,2,1,1,2
200800015331,0008-03-11 14:30:00,8,3,11,14,30,750,119,"11, RUE MANIN",,,Plein jour,En agglomération,Hors intersection,Pluie légère,Autre collision,,,,,,,,,,,1,2,1,2,6
200800015332,0008-03-11 16:20:00,8,3,11,16,20,750,119,"9, PLACE DES FETES",,,Plein jour,En agglomération,Hors intersection,Pluie légère,Autre collision,,,,,,,,,,,1,2,1,2,6
200800015333,0008-03-11 16:55:00,8,3,11,16,55,750,119,"15, RUE DAVID D ANGERS",,,Plein jour,En agglomération,Hors intersection,Temps couvert,Deux véhicules - arrière,,,,,,,,,,,1,2,1,8,2
200800015334,0008-03-13 11:00:00,8,3,13,11,0,750,119,"50, BOULEVARD SERURIER",,,Plein jour,En agglomération,Hors intersection,Normale,Autre collision,,,,,,,,,,,1,2,1,1,6
200800015335,0008-03-13 15:10:00,8,3,13,15,10,750,119,"140, RUE DE CRIMEE",,,Plein jour,En agglomération,Intersection en T,Pluie légère,Deux véhicules - côté,,,,,,,,,,,1,2,3,2,3
200800015336,0008-03-13 19:55:00,8,3,13,19,55,750,119,"2, PLACE ARMAND CARREL",,,Nuit sans éclairage public,En agglomération,Hors intersection,Pluie légère,Autre collision,,,,,,,,,,,3,2,1,2,6
200800015337,0008-03-09 05:20:00,8,3,9,5,20,750,119,"102, BOULEVARD DE LA VIL",,,Nuit avec éclairage allumé,En agglomération,Hors intersection,Normale,Sans collision,,,,,,,,,,,5,2,1,1,7
200800015338,0008-03-14 00:08:00,8,3,14,0,8,750,119,PLACE AUGUSTE BARON,,,Nuit avec éclairage allumé,En agglomération,Intersection à plus de 4 branches,Pluie légère,Autre collision,,,,,,,,,,,5,2,5,2,6
200800015339,0008-03-16 09:50:00,8,3,16,9,50,750,119,"69, RUE DE BELLEVILLE",,,Plein jour,En agglomération,Hors intersection,Temps couvert,Autre collision,,,,,,,,,,,1,2,1,8,6
200800015340,0008-03-17 06:30:00,8,3,17,6,30,750,119,"160, RUE DE CRIMEE",,,Crépuscule ou aube,En agglomération,Hors intersection,Normale,Deux véhicules - côté,,,,,,,,,,,2,2,1,1,3
200800015341,0008-03-17 07:40:00,8,3,17,7,40,750,119,BOULEVARD SERURIER,,,Plein jour,En agglomération,Hors intersection,Normale,Autre collision,,,,,,,,,,,1,2,1,1,6
200800015342,0008-03-17 11:20:00,8,3,17,11,20,750,119,"96, AVENUE JEAN JAURES",,,Plein jour,En agglomération,Intersection en T,Normale,Deux véhicules - côté,,,,,,,,,,,1,2,3,1,3
200800015343,0008-03-18 15:00:00,8,3,18,15,0,750,119,"51, AVENUE DE FLANDRE",,,Plein jour,En agglomération,Hors intersection,Normale,Autre collision,,,,,,,,,,,1,2,1,1,6
200800015344,0008-03-18 17:00:00,8,3,18,17,0,750,110,"135, BOULEVARD DE LA VIL",,,Plein jour,En agglomération,Intersection en X,Normale,Deux véhicules - côté,,,,,,,,,,,1,2,2,1,3
200800015345,0008-03-19 00:15:00,8,3,19,0,15,750,119,"0, BOULEVARD DE LA VILLE",,,Nuit avec éclairage allumé,En agglomération,Intersection à plus de 4 branches,Normale,Deux véhicules - côté,,,,,,,,,,,5,2,5,1,3
200800015346,0008-03-20 12:50:00,8,3,20,12,50,750,119,AVENUE DE LA PORTE DE LA,,,Plein jour,En agglomération,Intersection en X,Normale,Deux véhicules - côté,,,,,,,,,,,1,2,2,1,3
200800015347,0008-03-20 21:40:00,8,3,20,21,40,750,119,"120, BOULEVARD MACDONALD",,,Nuit avec éclairage allumé,En agglomération,Hors intersection,Normale,Deux véhicules - arrière,,,,,,,,,,,5,2,1,1,2
200800015348,0008-03-21 13:30:00,8,3,21,13,30,750,119,"50, RUE ARCHEREAU",,,Plein jour,En agglomération,Intersection en X,Temps couvert,Autre collision,,,,,,,,,,,1,2,2,8,6
200800015349,0008-03-21 18:40:00,8,3,21,18,40,750,119,"181, BOULEVARD SERURIER",,,Plein jour,En agglomération,Hors intersection,Normale,Autre collision,,,,,,,,,,,1,2,1,1,6
200800015350,0008-03-21 20:35:00,8,3,21,20,35,750,119,PORTE D AUBERVILLIERS,,,Nuit avec éclairage allumé,En agglomération,Hors intersection,Normale,Deux véhicules - arrière,,,,,,,,,,,5,2,1,1,2
200800015351,0008-03-21 23:30:00,8,3,21,23,30,750,119,"96, AVENUE DE FLANDRE",,,Nuit avec éclairage allumé,En agglomération,Hors intersection,Pluie légère,Autre collision,,,,,,,,,,,5,2,1,2,6
200800015352,0008-03-22 12:30:00,8,3,22,12,30,750,119,"105, RUE DE MEAUX",,,Plein jour,En agglomération,Hors intersection,Normale,Deux véhicules - côté,,,,,,,,,,,1,2,1,1,3
200800015353,0008-03-24 13:05:00,8,3,24,13,5,750,119,"47, RUE MANIN",,,Plein jour,En agglomération,Intersection en T,Normale,Deux véhicules - côté,,,,,,,,,,,1,2,3,1,3
200800015354,0008-03-27 05:05:00,8,3,27,5,5,750,119,RUE DU CHEMIN DE FER,,,Nuit sans éclairage public,En agglomération,Intersection en X,Pluie forte,Autre collision,,,,,,,,,,,3,2,2,3,6
200800015355,0008-03-27 18:35:00,8,3,27,18,35,750,119,"96, AVENUE DE FLANDRE",,,Plein jour,En agglomération,Hors intersection,Normale,Sans collision,,,,,,,,,,,1,2,1,1,7
200800015356,0008-03-27 19:20:00,8,3,27,19,20,750,119,"9, AVENUE DE LAUMIERE",,,Nuit avec éclairage allumé,En agglomération,Hors intersection,Normale,Autre collision,,,,,,,,,,,5,2,1,1,6