accident_id,datetime,annee,mois,jour,heure,minute,departement,commune_insee,adresse,latitude,longitude,luminosite,agglomeration,intersection,meteo,collision,nb_vehicules,nb_usagers,nb_indemnes,nb_tues,nb_blesses_hosp,nb_blesses_legers,age_cond_1,age_cond_2,veh_type_cond_1,veh_type_cond_2,lum_code,agg_code,int_code,atm_code,col_code
200800015623,0008-03-03 08:30:00,8,3,3,8,30,20,95,,49.997,3.452,Plein jour,Hors agglomération,Intersection en Y,Normale,Trois véhicules et plus - collisions multiples,,,,,,,,,,,1,1,4,1,5
200800015624,0008-03-18 20:50:00,8,3,18,20,50,20,63,,49.939,3.248,Nuit sans éclairage public,Hors agglomération,Hors intersection,Normale,Autre collision,,,,,,,,,,,3,1,1,1,6
200800015625,0008-03-26 17:15:00,8,3,26,17,15,20,756,,49.81,3.301,Plein jour,Hors agglomération,Hors intersection,Pluie légère,Sans collision,,,,,,,,,,,1,1,1,2,7
200800015626,0008-03-06 20:45:00,8,3,6,20,45,20,148,49 route de Vouziers,,,Nuit avec éclairage allumé,En agglomération,Hors intersection,Normale,Autre collision,,,,,,,,,,,5,2,1,1,6
200800015627,0008-03-17 22:40:00,8,3,17,22,40,20,771,,,,Nuit sans éclairage public,Hors agglomération,Hors intersection,Normale,Autre collision,,,,,,,,,,,3,1,1,1,6
200800015628,0008-03-22 09:00:00,8,3,22,9,0,20,810,,,,Plein jour,Hors agglomération,Hors intersection,Pluie légère,Trois véhicules et plus - en chaîne,,,,,,,,,,,1,1,1,2,4
200800015629,0008-03-25 07:30:00,8,3,25,7,30,20,438,,49.308,3.214,Plein jour,Hors agglomération,Hors intersection,Neige / grêle,Deux véhicules - arrière,,,,,,,,,,,1,1,1,4,2
200800015630,0008-03-23 06:00:00,8,3,23,6,0,20,666,,,,Crépuscule ou aube,Hors agglomération,Hors intersection,Normale,Autre collision,,,,,,,,,,,2,1,1,1,6
200800015631,0008-03-14 20:00:00,8,3,14,20,0,600,103,,,,Nuit sans éclairage public,Hors agglomération,Hors intersection,Normale,Autre collision,,,,,,,,,,,3,1,1,1,6
200800015632,0008-03-11 00:15:00,8,3,11,0,15,600,616,,49.37,1.75,Nuit sans éclairage public,Hors agglomération,Hors intersection,Vent fort / tempête,Autre collision,,,,,,,,,,,3,1,1,6,6
200800015633,0008-03-13 17:00:00,8,3,13,17,0,600,143,,,,Crépuscule ou aube,Hors agglomération,Hors intersection,Pluie légère,Sans collision,,,,,,,,,,,2,1,1,2,7
200800015634,0008-03-02 21:30:00,8,3,2,21,30,600,388,,,,Nuit sans éclairage public,Hors agglomération,Hors intersection,Normale,Deux véhicules - côté,,,,,,,,,,,3,1,1,1,3
200800015635,0008-03-06 07:45:00,8,3,6,7,45,600,136,,,,Plein jour,Hors agglomération,Hors intersection,Normale,Deux véhicules - arrière,,,,,,,,,,,1,1,1,1,2
200800015636,0008-03-27 13:15:00,8,3,27,13,15,600,590,,,,Plein jour,Hors agglomération,Hors intersection,Pluie légère,Autre collision,,,,,,,,,,,1,1,1,2,6
200800015637,0008-03-16 14:00:00,8,3,16,14,0,600,218,,,,Plein jour,Hors agglomération,Hors intersection,Pluie légère,Sans collision,,,,,,,,,,,1,1,1,2,7
200800015638,0008-03-27 08:00:00,8,3,27,8,0,600,330,,,,Plein jour,Hors agglomération,Hors intersection,Pluie légère,Trois véhicules et plus - collisions multiples,,,,,,,,,,,1,1,1,2,5
200800015639,0008-03-01 15:00:00,8,3,1,15,0,600,439,ROUTE DE NOAILLES,,,Plein jour,En agglomération,Hors intersection,Normale,Deux véhicules - frontale,,,,,,,,,,,1,2,1,1,1
200800015640,0008-03-10 21:45:00,8,3,10,21,45,600,574,CD 12,,,Nuit avec éclairage allumé,En agglomération,Hors intersection,Normale,Autre collision,,,,,,,,,,,5,2,1,1,6
200800015641,0008-03-15 22:30:00,8,3,15,22,30,600,120,,,,Nuit sans éclairage public,Hors agglomération,Hors intersection,Pluie forte,Deux véhicules - frontale,,,,,,,,,,,3,1,1,3,1
200800015642,0008-03-02 08:30:00,8,3,2,8,30,600,495,,49.524,2.445,Plein jour,Hors agglomération,Hors intersection,Normale,Deux véhicules - côté,,,,,,,,,,,1,1,1,1,3
200800015643,0008-03-04 08:15:00,8,3,4,8,15,600,537,,49.506,2.934,Plein jour,En agglomération,Hors intersection,Pluie légère,Autre collision,,,,,,,,,,,1,2,1,2,6
200800015644,0008-03-09 14:30:00,8,3,9,14,30,600,534,,,,Plein jour,Hors agglomération,Autre intersection,Temps couvert,Deux véhicules - arrière,,,,,,,,,,,1,1,9,8,2
200800015645,0008-03-15 04:15:00,8,3,15,4,15,600,582,,49.465,2.95,Nuit sans éclairage public,Hors agglomération,Hors intersection,Normale,Autre collision,,,,,,,,,,,3,1,1,1,6
200800015646,0008-03-24 13:30:00,8,3,24,13,30,600,392,rue Emerson WHITE,49.495,2.854,Plein jour,En agglomération,Hors intersection,Neige / grêle,Autre collision,,,,,,,,,,,1,2,1,4,6
200800015647,0008-03-07 18:45:00,8,3,7,18,45,600,281,,,,Nuit sans éclairage public,Hors agglomération,Hors intersection,Normale,Deux véhicules - côté,,,,,,,,,,,3,1,1,1,3
200800015648,0008-03-09 09:00:00,8,3,9,9,0,600,318,,,,Plein jour,Hors agglomération,Hors intersection,Normale,Deux véhicules - frontale,,,,,,,,,,,1,1,1,1,1
200800015649,0008-03-31 23:30:00,8,3,31,23,30,600,533,rue georges latapie,,,Nuit avec éclairage allumé,En agglomération,Hors intersection,Normale,Autre collision,,,,,,,,,,,5,2,1,1,6
200800015650,0008-03-28 20:15:00,8,3,28,20,15,600,181,,49.64,3.038,Nuit sans éclairage public,Hors agglomération,Hors intersection,Normale,Autre collision,,,,,,,,,,,3,1,1,1,6
200800015651,0008-03-09 21:30:00,8,3,9,21,30,570,194,,,,Nuit sans éclairage public,Hors agglomération,Hors intersection,Pluie forte,Autre collision,,,,,,,,,,,3,1,1,3,6
200800015652,0008-03-23 22:00:00,8,3,23,22,0,600,517,,,,Nuit sans éclairage public,Hors agglomération,Hors intersection,Neige / grêle,Sans collision,,,,,,,,,,,3,1,1,4,7
200800015653,0008-03-31 14:45:00,8,3,31,14,45,600,139,RUE DU 11 NOVEMBRE,,,Plein jour,En agglomération,Hors intersection,Normale,Sans collision,,,,,,,,,,,1,2,1,1,7
200800015654,0008-03-30 18:30:00,8,3,30,18,30,600,141,,,,Plein jour,Hors agglomération,Hors intersection,Normale,Deux véhicules - frontale,,,,,,,,,,,1,1,1,1,1
200800015655,0008-03-08 11:30:00,8,3,8,11,30,600,589,rue Olympe Degouge,,,Plein jour,En agglomération,Hors intersection,Normale,Deux véhicules - côté,,,,,,,,,,,1,2,1,1,3
200800015656,0008-03-24 00:15:00,8,3,24,0,15,600,320,,49.192,3.036,Nuit sans éclairage public,Hors agglomération,Hors intersection,Autre,Autre collision,,,,,,,,,,,3,1,1,9,6
200800015657,0008-03-28 16:15:00,8,3,28,16,15,600,46,,,,Plein jour,En agglomération,Hors intersection,Pluie forte,Deux véhicules - frontale,,,,,,,,,,,1,2,1,3,1
200800015658,0008-03-09 11:30:00,8,3,9,11,30,600,667,,,,Plein jour,Hors agglomération,Hors intersection,Pluie légère,Deux véhicules - arrière,,,,,,,,,,,1,1,1,2,2
200800015659,0008-03-08 21:45:00,8,3,8,21,45,760,367,,,,Nuit sans éclairage public,Hors agglomération,Hors intersection,Normale,Autre collision,,,,,,,,,,,3,1,1,1,6
200800015660,0008-03-29 17:15:00,8,3,29,17,15,760,614,,49.453,0.972,Plein jour,Hors agglomération,Hors intersection,Normale,Deux véhicules - frontale,,,,,,,,,,,1,1,1,1,1
200800015661,0008-03-26 16:00:00,8,3,26,16,0,760,589,,,,Plein jour,Hors agglomération,Intersection en X,Pluie légère,Deux véhicules - frontale,,,,,,,,,,,1,1,2,2,1
200800015662,0008-03-03 07:00:00,8,3,3,7,0,760,116,Route de paris,49.393,1.205,Crépuscule ou aube,En agglomération,Hors intersection,Pluie forte,Autre collision,,,,,,,,,,,2,2,1,3,6
200800015663,0008-03-02 02:00:00,8,3,2,2,0,760,636,,,,Nuit sans éclairage public,Hors agglomération,Hors intersection,Normale,Deux véhicules - frontale,,,,,,,,,,,3,1,1,1,1
200800015664,0008-03-15 13:00:00,8,3,15,13,0,760,709,rue Joffre,,,Plein jour,En agglomération,Hors intersection,Normale,Deux véhicules - frontale,,,,,,,,,,,1,2,1,1,1
200800015665,0008-03-27 21:00:00,8,3,27,21,0,760,164,,49.525,0.697,Nuit avec éclairage allumé,Hors agglomération,Hors intersection,Normale,Autre collision,,,,,,,,,,,5,1,1,1,6
200800015666,0008-03-08 11:30:00,8,3,8,11,30,760,258,CD149/CD228,,,Plein jour,En agglomération,Intersection en X,Normale,Deux véhicules - côté,,,,,,,,,,,1,2,2,1,3
200800015667,0008-03-09 10:15:00,8,3,9,10,15,760,751,,,,Plein jour,Hors agglomération,Intersection en X,Normale,Deux véhicules - côté,,,,,,,,,,,1,1,2,1,3
200800015668,0008-03-26 06:00:00,8,3,26,6,0,760,471,,,,Crépuscule ou aube,Hors agglomération,Hors intersection,Normale,Deux véhicules - arrière,,,,,,,,,,,2,1,1,1,2
200800015669,0008-03-13 11:45:00,8,3,13,11,45,760,260,route de Beauvais RN31,,,Plein jour,En agglomération,Hors intersection,Normale,Deux véhicules - côté,,,,,,,,,,,1,2,1,1,3
200800015670,0008-03-10 09:00:00,8,3,10,9,0,760,43,,49.603,0.737,Plein jour,Hors agglomération,Hors intersection,Pluie légère,Deux véhicules - frontale,,,,,,,,,,,1,1,1,2,1
200800015671,0008-03-28 17:00:00,8,3,28,17,0,760,758,rue des Victoires,,,Plein jour,En agglomération,Hors intersection,Normale,Autre collision,,,,,,,,,,,1,2,1,1,6
200800015672,0008-03-01 14:15:00,8,3,1,14,15,760,495,rue de l'hospice,,,Plein jour,En agglomération,Hors intersection,Normale,Autre collision,,,,,,,,,,,1,2,1,1,6
200800015673,0008-03-29 14:00:00,8,3,29,14,0,760,289,Carrefour CD5/CD20/CD22,,,Plein jour,En agglomération,Intersection en X,Pluie légère,Deux véhicules - côté,,,,,,,,,,,1,2,2,2,3
200800015674,0008-03-25 15:45:00,8,3,25,15,45,760,569,GRANDE RUE - CD20,,,Plein jour,En agglomération,Hors intersection,Normale,Autre collision,,,,,,,,,,,1,2,1,1,6
200800015675,0008-03-04 19:30:00,8,3,4,19,30,270,615,,,,Nuit sans éclairage public,Hors agglomération,Hors intersection,Normale,Deux véhicules - côté,,,,,,,,,,,3,1,1,1,3
200800015676,0008-03-10 09:45:00,8,3,10,9,45,270,650,,,,Plein jour,Hors agglomération,Hors intersection,Pluie forte,Deux véhicules - côté,,,,,,,,,,,1,1,1,3,3
200800015677,0008-03-13 15:00:00,8,3,13,15,0,270,165,,,,Plein jour,Hors agglomération,Intersection en X,Pluie légère,Deux véhicules - côté,,,,,,,,,,,1,1,2,2,3
200800015678,0008-03-15 17:45:00,8,3,15,17,45,270,147,,,,Plein jour,Hors agglomération,Hors intersection,Normale,Autre collision,,,,,,,,,,,1,1,1,1,6
200800015679,0008-03-20 16:00:00,8,3,20,16,0,270,451,,,,Plein jour,Hors agglomération,Hors intersection,Normale,Autre collision,,,,,,,,,,,1,1,1,1,6
200800015680,0008-03-15 22:30:00,8,3,15,22,30,270,510,,49.017,1.35,Nuit sans éclairage public,Hors agglomération,Hors intersection,Pluie légère,Autre collision,,,,,,,,,,,3,1,1,2,6
200800015681,0008-03-10 06:00:00,8,3,10,6,0,270,108,,,,Nuit sans éclairage public,Hors agglomération,Hors intersection,Vent fort / tempête,Deux véhicules - frontale,,,,,,,,,,,3,1,1,6,1
200800015682,0008-03-22 21:45:00,8,3,22,21,45,270,383,,,,Nuit sans éclairage public,Hors agglomération,Hors intersection,Normale,Deux véhicules - frontale,,,,,,,,,,,3,1,1,1,1
200800015683,0008-03-18 08:30:00,8,3,18,8,30,270,440,vc56,,,Plein jour,En agglomération,Hors intersection,Normale,Sans collision,,,,,,,,,,,1,2,1,1,7
200800015684,0008-03-23 06:00:00,8,3,23,6,0,270,70,,,,Plein jour,Hors agglomération,Hors intersection,Normale,Autre collision,,,,,,,,,,,1,1,1,1,6
200800015685,0008-03-09 17:00:00,8,3,9,17,0,270,152,Rue de la Liberation,49.211,1.668,Plein jour,En agglomération,Hors intersection,Pluie forte,Deux véhicules - frontale,,,,,,,,,,,1,2,1,3,1
200800015686,0008-03-06 08:00:00,8,3,6,8,0,270,13,,,,Plein jour,En agglomération,Hors intersection,Normale,Autre collision,,,,,,,,,,,1,2,1,1,6
200800015687,0008-03-23 10:30:00,8,3,23,10,30,270,496,,,,Plein jour,Hors agglomération,Hors intersection,Normale,Deux véhicules - côté,,,,,,,,,,,1,1,1,1,3
200800015688,0008-03-13 05:45:00,8,3,13,5,45,270,67,route de GISORS,,,Nuit avec éclairage allumé,En agglomération,Hors intersection,Normale,Autre collision,,,,,,,,,,,5,2,1,1,6
200800015689,0008-03-29 16:00:00,8,3,29,16,0,270,67,,,,Plein jour,Hors agglomération,Hors intersection,Normale,Deux véhicules - frontale,,,,,,,,,,,1,1,1,1,1
200800015690,0008-03-07 22:00:00,8,3,7,22,0,270,106,,49.117,0.509,Nuit sans éclairage public,Hors agglomération,Hors intersection,Normale,Autre collision,,,,,,,,,,,3,1,1,1,6
200800015691,0008-03-20 19:15:00,8,3,20,19,15,270,56,,,,Nuit avec éclairage allumé,Hors agglomération,Giratoire,Normale,Deux véhicules - côté,,,,,,,,,,,5,1,6,1,3
200800015692,0008-03-23 13:15:00,8,3,23,13,15,270,516,,,,Plein jour,Hors agglomération,Intersection en X,Normale,Deux véhicules - frontale,,,,,,,,,,,1,1,2,1,1
200800015693,0008-03-24 21:30:00,8,3,24,21,30,270,295,,,,Nuit sans éclairage public,Hors agglomération,Hors intersection,Normale,Autre collision,,,,,,,,,,,3,1,1,1,6
200800015694,0008-03-10 18:15:00,8,3,10,18,15,270,290,,49.142,0.782,Plein jour,Hors agglomération,Hors intersection,Vent fort / tempête,Sans collision,,,,,,,,,,,1,1,1,6,7
200800015695,0008-03-16 04:00:00,8,3,16,4,0,270,7,,,,Nuit sans éclairage public,Hors agglomération,Hors intersection,Normale,Autre collision,,,,,,,,,,,3,1,1,1,6
200800015696,0008-03-02 18:45:00,8,3,2,18,45,270,348,,49.332,1.153,Crépuscule ou aube,Hors agglomération,Hors intersection,Normale,Deux véhicules - frontale,,,,,,,,,,,2,1,1,1,1
200800015697,0008-03-29 11:15:00,8,3,29,11,15,270,348,cd6015,49.317,1.159,Plein jour,En agglomération,Hors intersection,Normale,Trois véhicules et plus - collisions multiples,,,,,,,,,,,1,2,1,1,5
200800015698,0008-03-18 21:00:00,8,3,18,21,0,270,428,Rue Pierre Corneille,49.151,0.908,Nuit sans éclairage public,En agglomération,Hors intersection,Normale,Sans collision,,,,,,,,,,,3,2,1,1,7
200800015699,0008-03-09 17:00:00,8,3,9,17,0,270,92,,,,Plein jour,Hors agglomération,Hors intersection,Temps couvert,Deux véhicules - arrière,,,,,,,,,,,1,1,1,8,2
200800015700,0008-03-02 11:00:00,8,3,2,11,0,350,326,,48.341,-1.518,Plein jour,Hors agglomération,Intersection en Y,Normale,Deux véhicules - arrière,,,,,,,,,,,1,1,4,1,2
200800015701,0008-03-24 08:15:00,8,3,24,8,15,350,79,,48.226,-1.634,Plein jour,Hors agglomération,Hors intersection,Normale,Autre collision,,,,,,,,,,,1,1,1,1,6
200800015702,0008-03-12 19:45:00,8,3,12,19,45,350,340,rue de Broceliande,,,Nuit avec éclairage allumé,En agglomération,Hors intersection,Normale,Deux véhicules - côté,,,,,,,,,,,5,2,1,1,3
200800015703,0008-03-26 15:15:00,8,3,26,15,15,350,23,,,,Plein jour,Hors agglomération,Hors intersection,Pluie légère,Deux véhicules - côté,,,,,,,,,,,1,1,1,2,3
200800015704,0008-03-01 01:30:00,8,3,1,1,30,350,196,,,,Nuit sans éclairage public,Hors agglomération,Hors intersection,Normale,Sans collision,,,,,,,,,,,3,1,1,1,7
200800015705,0008-03-16 11:30:00,8,3,16,11,30,350,196,,,,Plein jour,Hors agglomération,Hors intersection,Normale,Trois véhicules et plus - collisions multiples,,,,,,,,,,,1,1,1,1,5
200800015706,0008-03-05 16:15:00,8,3,5,16,15,350,4,,,,Plein jour,Hors agglomération,Giratoire,Normale,Sans collision,,,,,,,,,,,1,1,6,1,7
200800015707,0008-03-17 17:15:00,8,3,17,17,15,350,191,,,,Plein jour,Hors agglomération,Hors intersection,Normale,Deux véhicules - frontale,,,,,,,,,,,1,1,1,1,1
200800015708,0008-03-29 13:30:00,8,3,29,13,30,350,178,,,,Plein jour,Hors agglomération,Hors intersection,Vent fort / tempête,Sans collision,,,,,,,,,,,1,1,1,6,7
200800015709,0008-03-13 08:30:00,8,3,13,8,30,350,236,Rue Gaston Sebilleau,,,Plein jour,En agglomération,Hors intersection,Temps éblouissant,Autre collision,,,,,,,,,,,1,2,1,7,6
200800015710,0008-03-11 09:30:00,8,3,11,9,30,350,218,,,,Nuit sans éclairage public,Hors agglomération,Hors intersection,Normale,Sans collision,,,,,,,,,,,3,1,1,1,7
200800015711,0008-03-01 21:30:00,8,3,1,21,30,350,328,,,,Nuit sans éclairage public,Hors agglomération,Hors intersection,Normale,Sans collision,,,,,,,,,,,3,1,1,1,7
200800015712,0008-03-22 14:45:00,8,3,22,14,45,350,123,,48.02,-1.82,Plein jour,Hors agglomération,Hors intersection,Temps couvert,Sans collision,,,,,,,,,,,1,1,1,8,7
200800015713,0008-03-27 16:30:00,8,3,27,16,30,350,219,,,,Plein jour,Hors agglomération,Hors intersection,Normale,Deux véhicules - côté,,,,,,,,,,,1,1,1,1,3
200800015714,0008-03-07 17:30:00,8,3,7,17,30,350,127,,,,Plein jour,Hors agglomération,Hors intersection,Normale,Autre collision,,,,,,,,,,,1,1,1,1,6
200800015715,0008-03-22 05:45:00,8,3,22,5,45,350,116,,,,Nuit sans éclairage public,Hors agglomération,Hors intersection,Pluie légère,Deux véhicules - frontale,,,,,,,,,,,3,1,1,2,1
200800015716,0008-03-28 10:00:00,8,3,28,10,0,350,306,,,,Plein jour,Hors agglomération,Hors intersection,Normale,Deux véhicules - côté,,,,,,,,,,,1,1,1,1,3
200800015717,0008-03-01 12:00:00,8,3,1,12,0,350,329,,48.523,-1.51,Plein jour,Hors agglomération,Hors intersection,Normale,Autre collision,,,,,,,,,,,1,1,1,1,6
200800015718,0008-03-05 18:15:00,8,3,5,18,15,350,78,,,,Plein jour,Hors agglomération,Hors intersection,Normale,Deux véhicules - côté,,,,,,,,,,,1,1,1,1,3
200800015719,0008-03-28 09:00:00,8,3,28,9,0,350,207,,,,Plein jour,Hors agglomération,Hors intersection,Temps couvert,Trois véhicules et plus - collisions multiples,,,,,,,,,,,1,1,1,8,5
200800015720,0008-03-29 17:00:00,8,3,29,17,0,350,235,,47.91,-1.19,Plein jour,Hors agglomération,Hors intersection,Normale,Deux véhicules - frontale,,,,,,,,,,,1,1,1,1,1
200800015721,0008-03-28 15:45:00,8,3,28,15,45,220,151,,,,Plein jour,Hors agglomération,Hors intersection,Temps couvert,Deux véhicules - côté,,,,,,,,,,,1,1,1,8,3
200800015722,0008-03-30 19:00:00,8,3,30,19,0,220,2,,,,Plein jour,Hors agglomération,Hors intersection,Temps couvert,Deux véhicules - côté,,,,,,,,,,,1,1,1,8,3
200800015723,0008-03-31 17:45:00,8,3,31,17,45,220,165,,,,Plein jour,Hors agglomération,Hors intersection,Normale,Trois véhicules et plus - collisions multiples,,,,,,,,,,,1,1,1,1,5
200800015724,0008-03-02 15:00:00,8,3,2,15,0,220,203,,,,Plein jour,Hors agglomération,Hors intersection,Temps couvert,Sans collision,,,,,,,,,,,1,1,1,8,7
200800015725,0008-03-20 14:00:00,8,3,20,14,0,220,155,,48.249,-2.696,Plein jour,Hors agglomération,Hors intersection,Normale,Deux véhicules - côté,,,,,,,,,,,1,1,1,1,3
200800015726,0008-03-22 23:15:00,8,3,22,23,15,220,136,,48.17,-2.715,Nuit sans éclairage public,Hors agglomération,Hors intersection,Pluie légère,Deux véhicules - côté,,,,,,,,,,,3,1,1,2,3
200800015727,0008-03-07 17:00:00,8,3,7,17,0,220,162,,,,Plein jour,Hors agglomération,Hors intersection,Normale,Deux véhicules - côté,,,,,,,,,,,1,1,1,1,3
200800015728,0008-03-08 10:00:00,8,3,8,10,0,220,214,,,,Plein jour,Hors agglomération,Hors intersection,Normale,Deux véhicules - côté,,,,,,,,,,,1,1,1,1,3
200800015729,0008-03-15 06:30:00,8,3,15,6,30,220,162,,48.75,-3.04,Crépuscule ou aube,Hors agglomération,Hors intersection,Normale,Autre collision,,,,,,,,,,,2,1,1,1,6
200800015730,0008-03-26 14:45:00,8,3,26,14,45,220,233,,48.746,-3.068,Plein jour,Hors agglomération,Hors intersection,Pluie forte,Deux véhicules - côté,,,,,,,,,,,1,1,1,3,3
200800015731,0008-03-01 02:15:00,8,3,1,2,15,220,54,,,,Nuit sans éclairage public,Hors agglomération,Hors intersection,Pluie légère,Sans collision,,,,,,,,,,,3,1,1,2,7
200800015732,0008-03-30 19:30:00,8,3,30,19,30,220,240,,48.249,-2.225,Plein jour,Hors agglomération,Hors intersection,Pluie légère,Deux véhicules - frontale,,,,,,,,,,,1,1,1,2,1
200800015733,0008-03-22 02:30:00,8,3,22,2,30,220,77,,,,Nuit sans éclairage public,Hors agglomération,Hors intersection,Neige / grêle,Autre collision,,,,,,,,,,,3,1,1,4,6
200800015734,0008-03-27 18:45:00,8,3,27,18,45,220,255,,48.167,-2.652,Plein jour,Hors agglomération,Hors intersection,Normale,Deux véhicules - côté,,,,,,,,,,,1,1,1,1,3
200800015735,0008-03-14 16:00:00,8,3,14,16,0,220,358,,48.611,-3.178,Plein jour,Hors agglomération,Hors intersection,Normale,Deux véhicules - frontale,,,,,,,,,,,1,1,1,1,1
200800015736,0008-03-19 11:30:00,8,3,19,11,30,220,91,,48.626,-3.183,Plein jour,Hors agglomération,Hors intersection,Normale,Deux véhicules - frontale,,,,,,,,,,,1,1,1,1,1
200800015737,0008-03-11 13:45:00,8,3,11,13,45,220,87,,48.275,-3.368,Plein jour,Hors agglomération,Hors intersection,Vent fort / tempête,Deux véhicules - frontale,,,,,,,,,,,1,1,1,6,1
200800015738,0008-03-15 07:00:00,8,3,15,7,0,220,61,,48.259,-3.437,Crépuscule ou aube,Hors agglomération,Hors intersection,Normale,Sans collision,,,,,,,,,,,2,1,1,1,7
200800015739,0008-03-02 20:45:00,8,3,2,20,45,220,227,,48.582,-3.57,Nuit sans éclairage public,Hors agglomération,Hors intersection,Pluie légère,Deux véhicules - côté,,,,,,,,,,,3,1,1,2,3
200800015740,0008-03-04 20:00:00,8,3,4,20,0,220,194,,48.648,-3.626,Nuit avec éclairage allumé,Hors agglomération,Hors intersection,Normale,Deux véhicules - côté,,,,,,,,,,,5,1,1,1,3
200800015741,0008-03-15 02:15:00,8,3,15,2,15,220,131,,48.521,-3.486,Nuit sans éclairage public,Hors agglomération,Hors intersection,Vent fort / tempête,Autre collision,,,,,,,,,,,3,1,1,6,6
200800015742,0008-03-24 13:30:00,8,3,24,13,30,220,207,RUE DE L 'ARMORIQUE,48.632,-3.464,Plein jour,En agglomération,Hors intersection,Pluie légère,Deux véhicules - frontale,,,,,,,,,,,1,2,1,2,1
200800015743,0008-03-10 08:45:00,8,3,10,8,45,220,196,,48.786,-3.148,Plein jour,Hors agglomération,Hors intersection,Pluie légère,Sans collision,,,,,,,,,,,1,1,1,2,7
200800015744,0008-03-18 11:15:00,8,3,18,11,15,220,34,,48.699,-3.355,Plein jour,Hors agglomération,Hors intersection,Normale,Deux véhicules - frontale,,,,,,,,,,,1,1,1,1,1
200800015745,0008-03-22 08:15:00,8,3,22,8,15,220,28,,48.782,-3.303,Plein jour,Hors agglomération,Hors intersection,Normale,Deux véhicules - côté,,,,,,,,,,,1,1,1,1,3
200800015746,0008-03-29 15:30:00,8,3,29,15,30,220,254,,48.679,-3.308,Plein jour,Hors agglomération,Hors intersection,Normale,Autre collision,,,,,,,,,,,1,1,1,1,6
200800015747,0008-03-28 17:30:00,8,3,28,17,30,220,127,place du centre,48.789,-3.108,Plein jour,En agglomération,Place,Pluie légère,Deux véhicules - frontale,,,,,,,,,,,1,2,7,2,1
200800015748,0008-03-02 01:30:00,8,3,2,1,30,290,65,,48.039,-4.251,Nuit sans éclairage public,Hors agglomération,Hors intersection,Pluie légère,Autre collision,,,,,,,,,,,3,1,1,2,6
200800015749,0008-03-07 18:00:00,8,3,7,18,0,290,32,,47.899,-4.075,Plein jour,Hors agglomération,Hors intersection,Normale,Trois véhicules et plus - collisions multiples,,,,,,,,,,,1,1,1,1,5
200800015750,0008-03-22 14:00:00,8,3,22,14,0,290,58,descente de bellevue,47.893,-3.987,Plein jour,En agglomération,Hors intersection,Vent fort / tempête,Autre collision,,,,,,,,,,,1,2,1,6,6
200800015751,0008-03-27 21:45:00,8,3,27,21,45,290,171,Rue Louis Mehu,,,Nuit avec éclairage allumé,En agglomération,Hors intersection,Normale,Autre collision,,,,,,,,,,,5,2,1,1,6
200800015752,0008-03-01 18:00:00,8,3,1,18,0,290,56,,48.447,-4.281,Plein jour,Hors agglomération,Hors intersection,Normale,Deux véhicules - côté,,,,,,,,,,,1,1,1,1,3
200800015753,0008-03-21 15:30:00,8,3,21,15,30,290,61,,48.442,-4.448,Plein jour,Hors agglomération,Hors intersection,Vent fort / tempête,Deux véhicules - frontale,,,,,,,,,,,1,1,1,6,1
200800015754,0008-03-29 18:30:00,8,3,29,18,30,290,61,,48.442,-4.448,Plein jour,Hors agglomération,Hors intersection,Pluie légère,Deux véhicules - frontale,,,,,,,,,,,1,1,1,2,1
200800015755,0008-03-05 16:30:00,8,3,5,16,30,290,103,Quai du Leon - CD 712,48.456,-4.248,Plein jour,En agglomération,Hors intersection,Normale,Deux véhicules - arrière,,,,,,,,,,,1,2,1,1,2
200800015756,0008-03-11 13:15:00,8,3,11,13,15,290,237,,48.469,-4.202,Plein jour,Hors agglomération,Hors intersection,Pluie légère,Autre collision,,,,,,,,,,,1,1,1,2,6
200800015757,0008-03-14 20:45:00,8,3,14,20,45,290,124,,48.652,-4.372,Nuit sans éclairage public,Hors agglomération,Hors intersection,Normale,Autre collision,,,,,,,,,,,3,1,1,1,6
200800015758,0008-03-28 15:00:00,8,3,28,15,0,290,198,,48.577,-4.273,Plein jour,Hors agglomération,Intersection en X,Normale,Deux véhicules - côté,,,,,,,,,,,1,1,2,1,3
200800015759,0008-03-25 08:00:00,8,3,25,8,0,290,93,,48.577,-4.392,Plein jour,Hors agglomération,Hors intersection,Temps couvert,Deux véhicules - frontale,,,,,,,,,,,1,1,1,8,1
200800015760,0008-03-27 18:45:00,8,3,27,18,45,290,117,RUE DE VERDUN,48.574,-4.516,Plein jour,En agglomération,Hors intersection,Temps éblouissant,Autre collision,,,,,,,,,,,1,2,1,7,6
200800015761,0008-03-21 18:00:00,8,3,21,18,0,290,302,Rue Jacques Prevert,,,Plein jour,En agglomération,Hors intersection,Normale,Deux véhicules - arrière,,,,,,,,,,,1,2,1,1,2
200800015762,0008-03-28 12:00:00,8,3,28,12,0,290,89,,,,Plein jour,Hors agglomération,Hors intersection,Temps couvert,Deux véhicules - arrière,,,,,,,,,,,1,1,1,8,2