accident_id,datetime,annee,mois,jour,heure,minute,departement,commune_insee,adresse,latitude,longitude,luminosite,agglomeration,intersection,meteo,collision,nb_vehicules,nb_usagers,nb_indemnes,nb_tues,nb_blesses_hosp,nb_blesses_legers,age_cond_1,age_cond_2,veh_type_cond_1,veh_type_cond_2,lum_code,agg_code,int_code,atm_code,col_code
200800015901,0008-03-30 11:15:00,8,3,30,11,15,850,277,,46.484,-1.37,Nuit sans éclairage public,Hors agglomération,Hors intersection,Normale,Autre collision,,,,,,,,,,,3,1,1,1,6
200800015902,0008-03-19 13:45:00,8,3,19,13,45,330,29,,,,Plein jour,Hors agglomération,Hors intersection,Normale,Autre collision,,,,,,,,,,,1,1,1,1,6
200800015903,0008-03-21 08:15:00,8,3,21,8,15,330,519,Rue de la Haye,44.918,-0.678,Plein jour,En agglomération,Intersection en T,Pluie légère,Deux véhicules - côté,,,,,,,,,,,1,2,3,2,3
200800015904,0008-03-28 08:30:00,8,3,28,8,30,330,519,110 AVENUE DU STADE,,,Plein jour,En agglomération,Hors intersection,Temps couvert,Autre collision,,,,,,,,,,,1,2,1,8,6
200800015905,0008-03-07 09:00:00,8,3,7,9,0,330,449,RdPt Dupoirier,,,Plein jour,En agglomération,Giratoire,Normale,Deux véhicules - côté,,,,,,,,,,,1,2,6,1,3
200800015906,0008-03-05 16:30:00,8,3,5,16,30,330,530,,45.102,-0.543,Plein jour,Hors agglomération,Intersection en X,Normale,Deux véhicules - côté,,,,,,,,,,,1,1,2,1,3
200800015907,0008-03-27 17:00:00,8,3,27,17,0,330,151,,,,Plein jour,Hors agglomération,Hors intersection,Temps couvert,Deux véhicules - côté,,,,,,,,,,,1,1,1,8,3
200800015908,0008-03-31 12:15:00,8,3,31,12,15,330,267,,45.277,-0.526,Plein jour,Hors agglomération,Hors intersection,Normale,Deux véhicules - frontale,,,,,,,,,,,1,1,1,1,1
200800015909,0008-03-02 05:45:00,8,3,2,5,45,330,492,26 rue du college 33920,45.142,-0.416,Nuit sans éclairage public,En agglomération,Hors intersection,Normale,Autre collision,,,,,,,,,,,3,2,1,1,6
200800015910,0008-03-01 15:30:00,8,3,1,15,30,330,40,Avenue de la LIBERATION,44.64,-0.32,Plein jour,En agglomération,Hors intersection,Pluie légère,Autre collision,,,,,,,,,,,1,2,1,2,6
200800015911,0008-03-09 05:00:00,8,3,9,5,0,330,253,,44.631,-0.307,Nuit sans éclairage public,Hors agglomération,Hors intersection,Normale,Sans collision,,,,,,,,,,,3,1,1,1,7
200800015912,0008-03-10 23:30:00,8,3,10,23,30,330,176,,,,Nuit sans éclairage public,Hors agglomération,Hors intersection,Pluie légère,Autre collision,,,,,,,,,,,3,1,1,2,6
200800015913,0008-03-24 00:15:00,8,3,24,0,15,330,81,CD 230,44.64,-0.3,Nuit avec éclairage allumé,En agglomération,Hors intersection,Pluie légère,Deux véhicules - frontale,,,,,,,,,,,5,2,1,2,1
200800015914,0008-03-22 15:30:00,8,3,22,15,30,330,448,,44.714,-0.493,Plein jour,Hors agglomération,Hors intersection,Normale,Deux véhicules - frontale,,,,,,,,,,,1,1,1,1,1
200800015915,0008-03-02 07:15:00,8,3,2,7,15,330,381,CHEMIN DU PETIT MAITRE,44.751,-0.43,Nuit avec éclairage allumé,En agglomération,Hors intersection,Normale,Autre collision,,,,,,,,,,,5,2,1,1,6
200800015916,0008-03-09 08:30:00,8,3,9,8,30,330,140,,44.784,-0.337,Plein jour,Hors agglomération,Hors intersection,Normale,Autre collision,,,,,,,,,,,1,1,1,1,6
200800015917,0008-03-12 13:00:00,8,3,12,13,0,330,140,face au 44 bd de verdun,44.777,-0.346,Plein jour,En agglomération,Hors intersection,Pluie légère,Autre collision,,,,,,,,,,,1,2,1,2,6
200800015918,0008-03-20 08:15:00,8,3,20,8,15,330,363,Chemin de Farizeau,,,Plein jour,En agglomération,Hors intersection,Normale,Deux véhicules - côté,,,,,,,,,,,1,2,1,1,3
200800015919,0008-03-26 13:00:00,8,3,26,13,0,330,140,RD 671 FACE ETS PEUGEOT,,,Plein jour,En agglomération,Hors intersection,Pluie légère,Deux véhicules - côté,,,,,,,,,,,1,2,1,2,3
200800015920,0008-03-09 01:00:00,8,3,9,1,0,330,535,,,,Nuit sans éclairage public,Hors agglomération,Hors intersection,Normale,Autre collision,,,,,,,,,,,3,1,1,1,6
200800015921,0008-03-22 11:30:00,8,3,22,11,30,330,13,Avenue du perigord,,,Plein jour,En agglomération,Hors intersection,Normale,Autre collision,,,,,,,,,,,1,2,1,1,6
200800015922,0008-03-04 11:00:00,8,3,4,11,0,330,501,,44.669,-0.558,Plein jour,Hors agglomération,Hors intersection,Pluie légère,Autre collision,,,,,,,,,,,1,1,1,2,6
200800015923,0008-03-28 16:30:00,8,3,28,16,30,330,120,,44.638,-0.326,Plein jour,Hors agglomération,Hors intersection,Pluie forte,Deux véhicules - frontale,,,,,,,,,,,1,1,1,3,1
200800015924,0008-03-10 09:00:00,8,3,10,9,0,330,36,COURS Marechal Foch,44.435,-0.215,Plein jour,En agglomération,Hors intersection,Normale,Deux véhicules - arrière,,,,,,,,,,,1,2,1,1,2
200800015925,0008-03-27 18:00:00,8,3,27,18,0,330,36,,44.452,-0.235,Plein jour,Hors agglomération,Hors intersection,Autre,Autre collision,,,,,,,,,,,1,1,1,9,6
200800015926,0008-03-11 09:00:00,8,3,11,9,0,330,453,,44.582,0.044,Plein jour,Hors agglomération,Hors intersection,Pluie forte,Sans collision,,,,,,,,,,,1,1,1,3,7
200800015927,0008-03-05 21:15:00,8,3,5,21,15,330,26,,,,Nuit sans éclairage public,Hors agglomération,Hors intersection,Normale,Autre collision,,,,,,,,,,,3,1,1,1,6
200800015928,0008-03-11 08:15:00,8,3,11,8,15,330,57,rue des ecoles,44.753,-0.073,Plein jour,En agglomération,Hors intersection,Pluie forte,Autre collision,,,,,,,,,,,1,2,1,3,6
200800015929,0008-03-27 12:45:00,8,3,27,12,45,330,22,,45.04,-0.753,Plein jour,Hors agglomération,Hors intersection,Pluie légère,Deux véhicules - frontale,,,,,,,,,,,1,1,1,2,1
200800015930,0008-03-02 20:30:00,8,3,2,20,30,330,322,,44.944,-0.687,Nuit sans éclairage public,Hors agglomération,Hors intersection,Normale,Deux véhicules - frontale,,,,,,,,,,,3,1,1,1,1
200800015931,0008-03-07 14:45:00,8,3,7,14,45,330,296,,,,Plein jour,Hors agglomération,Hors intersection,Normale,Autre collision,,,,,,,,,,,1,1,1,1,6
200800015932,0008-03-13 07:45:00,8,3,13,7,45,330,394,,,,Crépuscule ou aube,Hors agglomération,Hors intersection,Pluie légère,Trois véhicules et plus - collisions multiples,,,,,,,,,,,2,1,1,2,5
200800015933,0008-03-13 12:00:00,8,3,13,12,0,330,393,RD 974,,,Plein jour,En agglomération,Hors intersection,Normale,Deux véhicules - arrière,,,,,,,,,,,1,2,1,1,2
200800015934,0008-03-24 02:15:00,8,3,24,2,15,330,14,,,,Nuit sans éclairage public,Hors agglomération,Hors intersection,Normale,Autre collision,,,,,,,,,,,3,1,1,1,6
200800015935,0008-03-13 02:45:00,8,3,13,2,45,330,179,,,,Nuit sans éclairage public,Hors agglomération,Hors intersection,Normale,Autre collision,,,,,,,,,,,3,1,1,1,6
200800015936,0008-03-20 16:45:00,8,3,20,16,45,330,542,,,,Plein jour,Hors agglomération,Hors intersection,Normale,Deux véhicules - arrière,,,,,,,,,,,1,1,1,1,2
200800015937,0008-03-16 21:00:00,8,3,16,21,0,240,208,,,,Nuit sans éclairage public,Hors agglomération,Hors intersection,Pluie légère,Deux véhicules - côté,,,,,,,,,,,3,1,1,2,3
200800015938,0008-03-19 14:30:00,8,3,19,14,30,240,484,,,,Plein jour,Hors agglomération,Hors intersection,Normale,Deux véhicules - arrière,,,,,,,,,,,1,1,1,1,2
200800015939,0008-03-05 17:30:00,8,3,5,17,30,240,475,LE BOURG,,,Crépuscule ou aube,En agglomération,Hors intersection,Normale,Autre collision,,,,,,,,,,,2,2,1,1,6
200800015940,0008-03-15 18:30:00,8,3,15,18,30,240,302,,45.217,1.136,Plein jour,Hors agglomération,Hors intersection,Temps couvert,Sans collision,,,,,,,,,,,1,1,1,8,7
200800015941,0008-03-27 07:45:00,8,3,27,7,45,240,362,,44.953,0.824,Crépuscule ou aube,Hors agglomération,Hors intersection,Pluie légère,Deux véhicules - frontale,,,,,,,,,,,2,1,1,2,1
200800015942,0008-03-07 22:00:00,8,3,7,22,0,240,126,,44.803,0.522,Nuit sans éclairage public,Hors agglomération,Hors intersection,Pluie légère,Autre collision,,,,,,,,,,,3,1,1,2,6
200800015943,0008-03-14 13:45:00,8,3,14,13,45,240,126,,,,Plein jour,Hors agglomération,Hors intersection,Normale,Deux véhicules - côté,,,,,,,,,,,1,1,1,1,3
200800015944,0008-03-22 14:30:00,8,3,22,14,30,240,271,,45.493,0.777,Plein jour,Hors agglomération,Hors intersection,Normale,Deux véhicules - frontale,,,,,,,,,,,1,1,1,1,1
200800015945,0008-03-19 08:15:00,8,3,19,8,15,240,352,3 rue du 26 mars,45.252,0.34,Nuit avec éclairage allumé,En agglomération,Hors intersection,Normale,Autre collision,,,,,,,,,,,5,2,1,1,6
200800015946,0008-03-11 01:00:00,8,3,11,1,0,240,294,RUE DU PON CALANDRE,45.018,0.161,Nuit sans éclairage public,En agglomération,Hors intersection,Pluie légère,Autre collision,,,,,,,,,,,3,2,1,2,6
200800015947,0008-03-30 05:45:00,8,3,30,5,45,240,376,,45.182,0.117,Nuit sans éclairage public,Hors agglomération,Hors intersection,Normale,Sans collision,,,,,,,,,,,3,1,1,1,7
200800015948,0008-03-30 21:45:00,8,3,30,21,45,240,178,,,,Nuit sans éclairage public,Hors agglomération,Hors intersection,Normale,Autre collision,,,,,,,,,,,3,1,1,1,6
200800015949,0008-03-08 18:30:00,8,3,8,18,30,240,520,Madrazes,,,Plein jour,En agglomération,Hors intersection,Normale,Trois véhicules et plus - collisions multiples,,,,,,,,,,,1,2,1,1,5
200800015950,0008-03-09 14:45:00,8,3,9,14,45,240,577,,,,Plein jour,Hors agglomération,Hors intersection,Normale,Autre collision,,,,,,,,,,,1,1,1,1,6
200800015951,0008-03-15 18:45:00,8,3,15,18,45,240,520,Rue Jean Racine,,,Crépuscule ou aube,En agglomération,Hors intersection,Temps couvert,Deux véhicules - arrière,,,,,,,,,,,2,2,1,8,2
200800015952,0008-03-26 13:00:00,8,3,26,13,0,240,520,,,,Plein jour,Hors agglomération,Intersection en X,Pluie légère,Deux véhicules - côté,,,,,,,,,,,1,1,2,2,3
200800015953,0008-03-09 16:30:00,8,3,9,16,30,240,229,,45.144,1.199,Plein jour,Hors agglomération,Hors intersection,Neige / grêle,Deux véhicules - côté,,,,,,,,,,,1,1,1,4,3
200800015954,0008-03-26 12:15:00,8,3,26,12,15,400,230,,,,Plein jour,Hors agglomération,Hors intersection,Pluie forte,Deux véhicules - côté,,,,,,,,,,,1,1,1,3,3
200800015955,0008-03-09 02:15:00,8,3,9,2,15,400,125,,,,Nuit sans éclairage public,Hors agglomération,Hors intersection,Normale,Autre collision,,,,,,,,,,,3,1,1,1,6
200800015956,0008-03-24 22:15:00,8,3,24,22,15,400,63,Allee de Cassiat,43.71,-0.98,Nuit avec éclairage allumé,En agglomération,Hors intersection,Pluie forte,Autre collision,,,,,,,,,,,5,2,1,3,6
200800015957,0008-03-07 14:45:00,8,3,7,14,45,400,155,,43.958,-1.173,Plein jour,Hors agglomération,Hors intersection,Normale,Deux véhicules - frontale,,,,,,,,,,,1,1,1,1,1
200800015958,0008-03-06 20:30:00,8,3,6,20,30,400,141,,,,Nuit sans éclairage public,Hors agglomération,Hors intersection,Normale,Deux véhicules - frontale,,,,,,,,,,,3,1,1,1,1
200800015959,0008-03-18 16:15:00,8,3,18,16,15,400,201,,,,Plein jour,Hors agglomération,Hors intersection,Normale,Sans collision,,,,,,,,,,,1,1,1,1,7
200800015960,0008-03-09 06:00:00,8,3,9,6,0,400,284,,,,Nuit sans éclairage public,Hors agglomération,Hors intersection,Pluie légère,Autre collision,,,,,,,,,,,3,1,1,2,6
200800015961,0008-03-23 08:45:00,8,3,23,8,45,400,44,,,,Plein jour,Hors agglomération,Hors intersection,Normale,Autre collision,,,,,,,,,,,1,1,1,1,6
200800015962,0008-03-10 14:15:00,8,3,10,14,15,400,9,,,,Plein jour,Hors agglomération,Hors intersection,Pluie forte,Autre collision,,,,,,,,,,,1,1,1,3,6
200800015963,0008-03-17 14:45:00,8,3,17,14,45,400,184,,44.162,-1.216,Plein jour,Hors agglomération,Hors intersection,Normale,Trois véhicules et plus - collisions multiples,,,,,,,,,,,1,1,1,1,5
200800015964,0008-03-13 21:45:00,8,3,13,21,45,400,1,,,,Nuit sans éclairage public,Hors agglomération,Hors intersection,Pluie légère,Deux véhicules - frontale,,,,,,,,,,,3,1,1,2,1
200800015965,0008-03-03 16:30:00,8,3,3,16,30,400,139,,43.859,-0.421,Plein jour,Hors agglomération,Hors intersection,Normale,Deux véhicules - arrière,,,,,,,,,,,1,1,1,1,2
200800015966,0008-03-23 00:15:00,8,3,23,0,15,400,259,,43.842,-0.302,Nuit sans éclairage public,Hors agglomération,Hors intersection,Normale,Deux véhicules - frontale,,,,,,,,,,,3,1,1,1,1
200800015967,0008-03-24 01:30:00,8,3,24,1,30,470,31,Rond point d'aquitaine,,,Nuit avec éclairage allumé,En agglomération,Giratoire,Pluie légère,Autre collision,,,,,,,,,,,5,2,6,2,6
200800015968,0008-03-14 17:30:00,8,3,14,17,30,470,249,avenue Georges Cruzel,,,Plein jour,En agglomération,Hors intersection,Normale,Deux véhicules - côté,,,,,,,,,,,1,2,1,1,3
200800015969,0008-03-29 03:45:00,8,3,29,3,45,470,4,10 avenue du 11 Novembre,44.298,0.339,Nuit avec éclairage allumé,En agglomération,Hors intersection,Normale,Deux véhicules - frontale,,,,,,,,,,,5,2,1,1,1
200800015970,0008-03-22 09:45:00,8,3,22,9,45,470,75,,,,Plein jour,Hors agglomération,Hors intersection,Pluie légère,Deux véhicules - côté,,,,,,,,,,,1,1,1,2,3
200800015971,0008-03-13 18:45:00,8,3,13,18,45,470,232,,,,Plein jour,Hors agglomération,Hors intersection,Normale,Deux véhicules - côté,,,,,,,,,,,1,1,1,1,3
200800015972,0008-03-30 10:45:00,8,3,30,10,45,470,114,,,,Plein jour,Hors agglomération,Hors intersection,Normale,Autre collision,,,,,,,,,,,1,1,1,1,6
200800015973,0008-03-04 02:30:00,8,3,4,2,30,470,310,2 Impasse Henri Fromont,44.397,0.316,Nuit avec éclairage allumé,En agglomération,Hors intersection,Pluie forte,Autre collision,,,,,,,,,,,5,2,1,3,6
200800015974,0008-03-07 18:45:00,8,3,7,18,45,470,280,Rue de la Republique,,,Crépuscule ou aube,En agglomération,Hors intersection,Pluie légère,Autre collision,,,,,,,,,,,2,2,1,2,6
200800015975,0008-03-27 08:00:00,8,3,27,8,0,470,223,,44.647,0.728,Crépuscule ou aube,Hors agglomération,Hors intersection,Pluie légère,Deux véhicules - frontale,,,,,,,,,,,2,1,1,2,1
200800015976,0008-03-10 18:30:00,8,3,10,18,30,470,312,,,,Plein jour,Hors agglomération,Hors intersection,Pluie légère,Deux véhicules - côté,,,,,,,,,,,1,1,1,2,3
200800015977,0008-03-19 16:45:00,8,3,19,16,45,470,185,,,,Plein jour,Hors agglomération,Intersection en X,Normale,Deux véhicules - frontale,,,,,,,,,,,1,1,2,1,1
200800015978,0008-03-29 18:00:00,8,3,29,18,0,640,138,,,,Plein jour,Hors agglomération,Hors intersection,Normale,Deux véhicules - frontale,,,,,,,,,,,1,1,1,1,1
200800015979,0008-03-06 22:00:00,8,3,6,22,0,640,233,,43.567,-0.283,Nuit sans éclairage public,Hors agglomération,Hors intersection,Normale,Deux véhicules - frontale,,,,,,,,,,,3,1,1,1,1
200800015980,0008-03-20 19:30:00,8,3,20,19,30,640,90,,,,Nuit sans éclairage public,Hors agglomération,Hors intersection,Normale,Deux véhicules - frontale,,,,,,,,,,,3,1,1,1,1
200800015981,0008-03-17 08:45:00,8,3,17,8,45,640,38,,43.416,-1.523,Plein jour,Hors agglomération,Hors intersection,Normale,Sans collision,,,,,,,,,,,1,1,1,1,7
200800015982,0008-03-19 17:00:00,8,3,19,17,0,640,209,,,,Plein jour,Hors agglomération,Hors intersection,Normale,Trois véhicules et plus - collisions multiples,,,,,,,,,,,1,1,1,1,5
200800015983,0008-03-30 15:30:00,8,3,30,15,30,640,116,,,,Plein jour,Hors agglomération,Hors intersection,Pluie forte,Sans collision,,,,,,,,,,,1,1,1,3,7
200800015984,0008-03-10 11:30:00,8,3,10,11,30,860,62,,,,Plein jour,Hors agglomération,Giratoire,Vent fort / tempête,Deux véhicules - arrière,,,,,,,,,,,1,1,6,6,2
200800015985,0008-03-25 08:15:00,8,3,25,8,15,860,147,,,,Plein jour,Hors agglomération,Hors intersection,Normale,Deux véhicules - frontale,,,,,,,,,,,1,1,1,1,1
200800015986,0008-03-27 16:30:00,8,3,27,16,30,860,145,,,,Plein jour,Hors agglomération,Hors intersection,Temps couvert,Deux véhicules - frontale,,,,,,,,,,,1,1,1,8,1
200800015987,0008-03-01 08:00:00,8,3,1,8,0,860,105,,,,Plein jour,Hors agglomération,Hors intersection,Normale,Sans collision,,,,,,,,,,,1,1,1,1,7
200800015988,0008-03-22 21:45:00,8,3,22,21,45,860,235,,46.65,0.717,Nuit sans éclairage public,Hors agglomération,Hors intersection,Normale,Autre collision,,,,,,,,,,,3,1,1,1,6
200800015989,0008-03-31 09:00:00,8,3,31,9,0,860,290,,,,Plein jour,Hors agglomération,Hors intersection,Normale,Autre collision,,,,,,,,,,,1,1,1,1,6
200800015990,0008-03-15 14:45:00,8,3,15,14,45,860,86,,,,Plein jour,Hors agglomération,Hors intersection,Normale,Deux véhicules - arrière,,,,,,,,,,,1,1,1,1,2
200800015991,0008-03-08 01:00:00,8,3,8,1,0,860,225,,,,Nuit sans éclairage public,Hors agglomération,Hors intersection,Normale,Sans collision,,,,,,,,,,,3,1,1,1,7
200800015992,0008-03-30 12:15:00,8,3,30,12,15,860,233,,46.484,0.644,Plein jour,Hors agglomération,Intersection en X,Pluie légère,Deux véhicules - côté,,,,,,,,,,,1,1,2,2,3
200800015993,0008-03-24 14:15:00,8,3,24,14,15,860,112,Avenue des chaffauds,46.241,0.695,Plein jour,En agglomération,Hors intersection,Temps couvert,Deux véhicules - côté,,,,,,,,,,,1,2,1,8,3
200800015994,0008-03-04 07:00:00,8,3,4,7,0,860,153,,,,Crépuscule ou aube,Hors agglomération,Hors intersection,Temps couvert,Deux véhicules - arrière,,,,,,,,,,,2,1,1,8,2
200800015995,0008-03-14 04:00:00,8,3,14,4,0,860,190,,46.367,0.774,Nuit sans éclairage public,Hors agglomération,Hors intersection,Normale,Sans collision,,,,,,,,,,,3,1,1,1,7
200800015996,0008-03-28 16:15:00,8,3,28,16,15,160,384,,,,Plein jour,Hors agglomération,Hors intersection,Pluie légère,Deux véhicules - frontale,,,,,,,,,,,1,1,1,2,1
200800015997,0008-03-10 13:45:00,8,3,10,13,45,160,56,Veillard,,,Plein jour,En agglomération,Hors intersection,Pluie forte,Autre collision,,,,,,,,,,,1,2,1,3,6
200800015998,0008-03-14 12:00:00,8,3,14,12,0,160,64,,45.959,0.846,Plein jour,Hors agglomération,Hors intersection,Normale,Sans collision,,,,,,,,,,,1,1,1,1,7
200800015999,0008-03-07 09:45:00,8,3,7,9,45,160,192,,,,Plein jour,Hors agglomération,Hors intersection,Temps couvert,Trois véhicules et plus - collisions multiples,,,,,,,,,,,1,1,1,8,5
200800016000,0008-03-08 05:30:00,8,3,8,5,30,160,268,LES FONDS DE VILLARS,45.973,0.251,Nuit sans éclairage public,En agglomération,Hors intersection,Brouillard / fumée,Autre collision,,,,,,,,,,,3,2,1,5,6
200800016001,0008-03-10 14:00:00,8,3,10,14,0,160,78,,,,Plein jour,Hors agglomération,Hors intersection,Pluie légère,Autre collision,,,,,,,,,,,1,1,1,2,6
200800016002,0008-03-30 18:00:00,8,3,30,18,0,160,163,,,,Plein jour,Hors agglomération,Hors intersection,Autre,Trois véhicules et plus - collisions multiples,,,,,,,,,,,1,1,1,9,5
200800016003,0008-03-27 16:15:00,8,3,27,16,15,160,241,rue des colporteurs,45.848,0.221,Plein jour,En agglomération,Hors intersection,Normale,Autre collision,,,,,,,,,,,1,2,1,1,6
200800016004,0008-03-11 07:45:00,8,3,11,7,45,160,406,,45.679,0.415,Crépuscule ou aube,Hors agglomération,Intersection en X,Pluie légère,Deux véhicules - côté,,,,,,,,,,,2,1,2,2,3
200800016005,0008-03-13 10:45:00,8,3,13,10,45,160,281,bouevard du 08 mai,45.744,0.388,Plein jour,En agglomération,Hors intersection,Normale,Sans collision,,,,,,,,,,,1,2,1,1,7
200800016006,0008-03-14 18:45:00,8,3,14,18,45,160,281,,,,Plein jour,Hors agglomération,Hors intersection,Temps éblouissant,Deux véhicules - côté,,,,,,,,,,,1,1,1,7,3
200800016007,0008-03-17 16:45:00,8,3,17,16,45,160,55,,45.626,0.326,Plein jour,Hors agglomération,Hors intersection,Normale,Sans collision,,,,,,,,,,,1,1,1,1,7
200800016008,0008-03-29 00:01:00,8,3,29,0,1,160,344,,,,Nuit sans éclairage public,Hors agglomération,Hors intersection,Normale,Deux véhicules - arrière,,,,,,,,,,,3,1,1,1,2
200800016009,0008-03-13 08:15:00,8,3,13,8,15,160,286,,,,Plein jour,Hors agglomération,Hors intersection,Normale,Deux véhicules - arrière,,,,,,,,,,,1,1,1,1,2
200800016010,0008-03-28 16:45:00,8,3,28,16,45,160,207,,,,Plein jour,Hors agglomération,Hors intersection,Temps couvert,Sans collision,,,,,,,,,,,1,1,1,8,7
200800016011,0008-03-05 15:30:00,8,3,5,15,30,170,10,AVENE DES FOURNEAUX,,,Plein jour,En agglomération,Hors intersection,Normale,Deux véhicules - côté,,,,,,,,,,,1,2,1,1,3
200800016012,0008-03-09 15:45:00,8,3,9,15,45,170,317,,,,Plein jour,Hors agglomération,Hors intersection,Normale,Deux véhicules - frontale,,,,,,,,,,,1,1,1,1,1
200800016013,0008-03-30 06:30:00,8,3,30,6,30,170,210,,,,Crépuscule ou aube,Hors agglomération,Hors intersection,Normale,Autre collision,,,,,,,,,,,2,1,1,1,6
200800016014,0008-03-21 15:15:00,8,3,21,15,15,170,240,Avenue de la Republique,,,Plein jour,En agglomération,Hors intersection,Pluie forte,Deux véhicules - frontale,,,,,,,,,,,1,2,1,3,1
200800016015,0008-03-09 17:00:00,8,3,9,17,0,170,351,,,,Plein jour,Hors agglomération,Hors intersection,Pluie légère,Autre collision,,,,,,,,,,,1,1,1,2,6
200800016016,0008-03-18 23:00:00,8,3,18,23,0,170,185,,,,Nuit sans éclairage public,Hors agglomération,Hors intersection,Pluie légère,Autre collision,,,,,,,,,,,3,1,1,2,6
200800016017,0008-03-30 09:00:00,8,3,30,9,0,170,93,,45.889,-1.227,Plein jour,Hors agglomération,Hors intersection,Temps couvert,Deux véhicules - arrière,,,,,,,,,,,1,1,1,8,2
200800016018,0008-03-09 13:45:00,8,3,9,13,45,170,80,,,,Plein jour,Hors agglomération,Hors intersection,Vent fort / tempête,Autre collision,,,,,,,,,,,1,1,1,6,6
200800016019,0008-03-15 01:15:00,8,3,15,1,15,170,221,28 grande rue,,,Nuit avec éclairage allumé,En agglomération,Hors intersection,Normale,Autre collision,,,,,,,,,,,5,2,1,1,6
200800016020,0008-03-04 19:45:00,8,3,4,19,45,170,431,,45.77,-0.78,Nuit avec éclairage allumé,Hors agglomération,Hors intersection,Normale,Deux véhicules - côté,,,,,,,,,,,5,1,1,1,3
200800016021,0008-03-27 20:45:00,8,3,27,20,45,170,98,,,,Nuit sans éclairage public,Hors agglomération,Hors intersection,Pluie légère,Autre collision,,,,,,,,,,,3,1,1,2,6
200800016022,0008-03-28 03:00:00,8,3,28,3,0,170,425,,,,Nuit sans éclairage public,Hors agglomération,Hors intersection,Normale,Sans collision,,,,,,,,,,,3,1,1,1,7
200800016023,0008-03-14 12:30:00,8,3,14,12,30,170,347,AVENUE JEAN MOULIN,,,Plein jour,En agglomération,Hors intersection,Normale,Autre collision,,,,,,,,,,,1,2,1,1,6
200800016024,0008-03-16 18:45:00,8,3,16,18,45,170,347,RN 150 - RUE BON ESPOIR,45.939,-0.527,Crépuscule ou aube,En agglomération,Hors intersection,Pluie forte,Deux véhicules - côté,,,,,,,,,,,2,2,1,3,3
200800016025,0008-03-16 13:00:00,8,3,16,13,0,170,334,,46.052,-0.414,Plein jour,Hors agglomération,Hors intersection,Vent fort / tempête,Sans collision,,,,,,,,,,,1,1,1,6,7
200800016026,0008-03-01 07:00:00,8,3,1,7,0,170,188,,,,Crépuscule ou aube,Hors agglomération,Hors intersection,Pluie légère,Autre collision,,,,,,,,,,,2,1,1,2,6
200800016027,0008-03-26 08:00:00,8,3,26,8,0,170,25,Rue des Fins Bois,,,Plein jour,En agglomération,Hors intersection,Normale,Deux véhicules - côté,,,,,,,,,,,1,2,1,1,3
200800016028,0008-03-26 12:45:00,8,3,26,12,45,170,23,Moulin du Bois,,,Plein jour,En agglomération,Hors intersection,Pluie légère,Deux véhicules - côté,,,,,,,,,,,1,2,1,2,3
200800016029,0008-03-21 15:15:00,8,3,21,15,15,790,66,,46.489,-0.355,Plein jour,Hors agglomération,Hors intersection,Normale,Trois véhicules et plus - collisions multiples,,,,,,,,,,,1,1,1,1,5
200800016030,0008-03-01 13:00:00,8,3,1,13,0,790,137,,,,Plein jour,Hors agglomération,Hors intersection,Normale,Deux véhicules - frontale,,,,,,,,,,,1,1,1,1,1
200800016031,0008-03-28 12:30:00,8,3,28,12,30,790,130,,46.247,-0.538,Plein jour,Hors agglomération,Hors intersection,Pluie légère,Deux véhicules - frontale,,,,,,,,,,,1,1,1,2,1
200800016032,0008-03-26 16:00:00,8,3,26,16,0,790,48,,,,Plein jour,Hors agglomération,Hors intersection,Normale,Trois véhicules et plus - collisions multiples,,,,,,,,,,,1,1,1,1,5
200800016033,0008-03-08 20:00:00,8,3,8,20,0,790,237,,46.987,-0.657,Nuit sans éclairage public,Hors agglomération,Intersection en X,Temps couvert,Deux véhicules - côté,,,,,,,,,,,3,1,2,8,3
200800016034,0008-03-16 05:15:00,8,3,16,5,15,790,131,,,,Nuit sans éclairage public,Hors agglomération,Hors intersection,Pluie légère,Autre collision,,,,,,,,,,,3,1,1,2,6
200800016035,0008-03-15 21:00:00,8,3,15,21,0,790,171,,,,Nuit sans éclairage public,Hors agglomération,Hors intersection,Pluie légère,Sans collision,,,,,,,,,,,3,1,1,2,7
200800016036,0008-03-21 18:45:00,8,3,21,18,45,790,194,RUE SAINT MARTIN,,,Crépuscule ou aube,En agglomération,Hors intersection,Normale,Deux véhicules - frontale,,,,,,,,,,,2,2,1,1,1
200800016037,0008-03-12 21:30:00,8,3,12,21,30,790,61,,,,Nuit sans éclairage public,Hors agglomération,Hors intersection,Normale,Deux véhicules - frontale,,,,,,,,,,,3,1,1,1,1
200800016038,0008-03-31 14:15:00,8,3,31,14,15,790,57,,46.157,-0.21,Plein jour,Hors agglomération,Hors intersection,Pluie forte,Deux véhicules - côté,,,,,,,,,,,1,1,1,3,3