accident_id,datetime,annee,mois,jour,heure,minute,departement,commune_insee,adresse,latitude,longitude,luminosite,agglomeration,intersection,meteo,collision,nb_vehicules,nb_usagers,nb_indemnes,nb_tues,nb_blesses_hosp,nb_blesses_legers,age_cond_1,age_cond_2,veh_type_cond_1,veh_type_cond_2,lum_code,agg_code,int_code,atm_code,col_code
200800016039,0008-03-22 05:00:00,8,3,22,5,0,790,148,,,,Nuit sans éclairage public,Hors agglomération,Hors intersection,Pluie légère,Autre collision,,,,,,,,,,,3,1,1,2,6
200800016040,0008-03-15 11:00:00,8,3,15,11,0,790,8,,46.752,-0.306,Plein jour,Hors agglomération,Intersection en X,Normale,Trois véhicules et plus - en chaîne,,,,,,,,,,,1,1,2,1,4
200800016041,0008-03-29 07:00:00,8,3,29,7,0,790,80,,46.69,-0.268,Nuit sans éclairage public,Hors agglomération,Hors intersection,Normale,Deux véhicules - côté,,,,,,,,,,,3,1,1,1,3
200800016042,0008-03-02 06:30:00,8,3,2,6,30,870,1,,45.778,1.117,Crépuscule ou aube,Hors agglomération,Hors intersection,Normale,Autre collision,,,,,,,,,,,2,1,1,1,6
200800016043,0008-03-05 17:15:00,8,3,5,17,15,870,117,,45.829,1.769,Plein jour,Hors agglomération,Hors intersection,Normale,Sans collision,,,,,,,,,,,1,1,1,1,7
200800016044,0008-03-26 21:30:00,8,3,26,21,30,870,105,,,,Nuit sans éclairage public,Hors agglomération,Hors intersection,Normale,Sans collision,,,,,,,,,,,3,1,1,1,7
200800016045,0008-03-25 19:00:00,8,3,25,19,0,870,187,Route de Limoges,45.526,1.209,Plein jour,En agglomération,Hors intersection,Normale,Deux véhicules - côté,,,,,,,,,,,1,2,1,1,3
200800016046,0008-03-21 04:30:00,8,3,21,4,30,870,33,,45.999,1.151,Nuit sans éclairage public,Hors agglomération,Hors intersection,Pluie légère,Trois véhicules et plus - collisions multiples,,,,,,,,,,,3,1,1,2,5
200800016047,0008-03-12 21:00:00,8,3,12,21,0,870,41,,46.123,1.265,Nuit sans éclairage public,Hors agglomération,Hors intersection,Normale,Autre collision,,,,,,,,,,,3,1,1,1,6
200800016048,0008-03-30 22:45:00,8,3,30,22,45,870,154,Zone Les Vergnes,,,Nuit sans éclairage public,En agglomération,Hors intersection,Normale,Sans collision,,,,,,,,,,,3,2,1,1,7
200800016049,0008-03-23 00:30:00,8,3,23,0,30,190,61,,45.211,1.676,Nuit sans éclairage public,Hors agglomération,Hors intersection,Pluie légère,Autre collision,,,,,,,,,,,3,1,1,2,6
200800016050,0008-03-23 22:30:00,8,3,23,22,30,190,107,gde rue Alexis Jaubert,45.12,1.41,Nuit avec éclairage allumé,En agglomération,Hors intersection,Pluie légère,Deux véhicules - frontale,,,,,,,,,,,5,2,1,2,1
200800016051,0008-03-15 19:30:00,8,3,15,19,30,190,153,AV JEAN LASCAUX,45.268,1.409,Nuit avec éclairage allumé,En agglomération,Hors intersection,Temps couvert,Autre collision,,,,,,,,,,,5,2,1,8,6
200800016052,0008-03-18 18:30:00,8,3,18,18,30,190,153,Avenue Jules Ferry,45.27,1.407,Nuit avec éclairage allumé,En agglomération,Hors intersection,Normale,Deux véhicules - frontale,,,,,,,,,,,5,2,1,1,1
200800016053,0008-03-29 21:30:00,8,3,29,21,30,190,277,,45.511,2.287,Nuit sans éclairage public,Hors agglomération,Hors intersection,Normale,Autre collision,,,,,,,,,,,3,1,1,1,6
200800016054,0008-03-30 13:15:00,8,3,30,13,15,230,193,,46.177,1.933,Plein jour,Hors agglomération,Hors intersection,Pluie légère,Autre collision,,,,,,,,,,,1,1,1,2,6
200800016055,0008-03-18 19:15:00,8,3,18,19,15,230,120,,46.335,2.187,Nuit sans éclairage public,Hors agglomération,Hors intersection,Pluie légère,Trois véhicules et plus - collisions multiples,,,,,,,,,,,3,1,1,2,5
200800016056,0008-03-16 12:15:00,8,3,16,12,15,230,64,,46.305,2.162,Plein jour,Hors agglomération,Hors intersection,Pluie légère,Deux véhicules - frontale,,,,,,,,,,,1,1,1,2,1
200800016057,0008-03-01 11:00:00,8,3,1,11,0,230,75,,46.318,1.663,Plein jour,Hors agglomération,Hors intersection,Pluie légère,Deux véhicules - côté,,,,,,,,,,,1,1,1,2,3
200800016058,0008-03-24 17:30:00,8,3,24,17,30,310,418,,43.627,1.553,Plein jour,Hors agglomération,Hors intersection,Pluie légère,Sans collision,,,,,,,,,,,1,1,1,2,7
200800016059,0008-03-13 17:15:00,8,3,13,17,15,310,232,15 AVENUE DE KENNEDY,43.768,1.291,Plein jour,En agglomération,Hors intersection,Normale,Trois véhicules et plus - en chaîne,,,,,,,,,,,1,2,1,1,4
200800016060,0008-03-23 00:30:00,8,3,23,0,30,310,403,,,,Nuit sans éclairage public,Hors agglomération,Hors intersection,Normale,Autre collision,,,,,,,,,,,3,1,1,1,6
200800016061,0008-03-13 09:30:00,8,3,13,9,30,310,424,VITARELLES /RENDU,,,Crépuscule ou aube,En agglomération,Hors intersection,Normale,Autre collision,,,,,,,,,,,2,2,1,1,6
200800016062,0008-03-02 15:30:00,8,3,2,15,30,310,91,,,,Plein jour,Hors agglomération,Hors intersection,Normale,Sans collision,,,,,,,,,,,1,1,1,1,7
200800016063,0008-03-08 14:45:00,8,3,8,14,45,310,136,,,,Plein jour,Hors agglomération,Hors intersection,Normale,Deux véhicules - côté,,,,,,,,,,,1,1,1,1,3
200800016064,0008-03-23 06:30:00,8,3,23,6,30,310,117,,43.691,1.542,Crépuscule ou aube,Hors agglomération,Hors intersection,Normale,Deux véhicules - frontale,,,,,,,,,,,2,1,1,1,1
200800016065,0008-03-02 01:45:00,8,3,2,1,45,310,574,,43.446,1.424,Nuit sans éclairage public,Hors agglomération,Hors intersection,Pluie légère,Autre collision,,,,,,,,,,,3,1,1,2,6
200800016066,0008-03-29 10:15:00,8,3,29,10,15,310,320,2 route de Carbonne,43.321,1.241,Plein jour,En agglomération,Hors intersection,Normale,Trois véhicules et plus - collisions multiples,,,,,,,,,,,1,2,1,1,5
200800016067,0008-03-18 13:00:00,8,3,18,13,0,310,427,,,,Plein jour,Hors agglomération,Hors intersection,Pluie légère,Deux véhicules - frontale,,,,,,,,,,,1,1,1,2,1
200800016068,0008-03-29 13:15:00,8,3,29,13,15,310,495,,43.414,1.58,Plein jour,Hors agglomération,Hors intersection,Normale,Deux véhicules - frontale,,,,,,,,,,,1,1,1,1,1
200800016069,0008-03-30 12:45:00,8,3,30,12,45,310,100,,43.278,1.646,Plein jour,Hors agglomération,Hors intersection,Normale,Autre collision,,,,,,,,,,,1,1,1,1,6
200800016070,0008-03-29 23:45:00,8,3,29,23,45,310,37,,43.38,1.759,Nuit sans éclairage public,Hors agglomération,Hors intersection,Normale,Deux véhicules - côté,,,,,,,,,,,3,1,1,1,3
200800016071,0008-03-16 18:45:00,8,3,16,18,45,310,480,6 avenue LOUIS PASTEUR,,,Plein jour,En agglomération,Hors intersection,Normale,Deux véhicules - côté,,,,,,,,,,,1,2,1,1,3
200800016072,0008-03-23 03:45:00,8,3,23,3,45,310,325,,43.575,1.762,Nuit avec éclairage non allumé,Hors agglomération,Hors intersection,Normale,Autre collision,,,,,,,,,,,4,1,1,1,6
200800016073,0008-03-30 15:45:00,8,3,30,15,45,310,366,,43.455,1.531,Plein jour,Hors agglomération,Hors intersection,Normale,Deux véhicules - frontale,,,,,,,,,,,1,1,1,1,1
200800016074,0008-03-13 18:00:00,8,3,13,18,0,310,451,,43.466,1.858,Plein jour,Hors agglomération,Hors intersection,Normale,Deux véhicules - frontale,,,,,,,,,,,1,1,1,1,1
200800016075,0008-03-20 20:00:00,8,3,20,20,0,90,306,,,,Plein jour,Hors agglomération,Hors intersection,Normale,Deux véhicules - frontale,,,,,,,,,,,1,1,1,1,1
200800016076,0008-03-08 17:30:00,8,3,8,17,30,90,76,,,,Plein jour,Hors agglomération,Hors intersection,Normale,Deux véhicules - côté,,,,,,,,,,,1,1,1,1,3
200800016077,0008-03-16 03:00:00,8,3,16,3,0,90,332,,,,Nuit sans éclairage public,Hors agglomération,Hors intersection,Normale,Trois véhicules et plus - collisions multiples,,,,,,,,,,,3,1,1,1,5
200800016078,0008-03-15 03:15:00,8,3,15,3,15,90,105,,,,Nuit sans éclairage public,Hors agglomération,Hors intersection,Normale,Autre collision,,,,,,,,,,,3,1,1,1,6
200800016079,0008-03-12 17:30:00,8,3,12,17,30,90,261,2 EVENUE RENE PLAISANT,,,Plein jour,En agglomération,Hors intersection,Normale,Trois véhicules et plus - collisions multiples,,,,,,,,,,,1,2,1,1,5
200800016080,0008-03-22 22:45:00,8,3,22,22,45,90,261,Place Jean Jaures,,,Nuit avec éclairage allumé,En agglomération,Intersection en X,Pluie forte,Deux véhicules - côté,,,,,,,,,,,5,2,2,3,3
200800016081,0008-03-06 12:30:00,8,3,6,12,30,90,235,"pont du ""salat""",,,Plein jour,En agglomération,Hors intersection,Normale,Autre collision,,,,,,,,,,,1,2,1,1,6
200800016082,0008-03-26 15:30:00,8,3,26,15,30,90,235,route de toulouse,,,Plein jour,En agglomération,Hors intersection,Normale,Autre collision,,,,,,,,,,,1,2,1,1,6
200800016083,0008-03-06 22:00:00,8,3,6,22,0,120,267,,44.101,2.56,Nuit sans éclairage public,Hors agglomération,Hors intersection,Normale,Autre collision,,,,,,,,,,,3,1,1,1,6
200800016084,0008-03-17 17:45:00,8,3,17,17,45,120,11,,44.21,2.703,Plein jour,Hors agglomération,Hors intersection,Normale,Deux véhicules - frontale,,,,,,,,,,,1,1,1,1,1
200800016085,0008-03-07 20:15:00,8,3,7,20,15,120,254,,44.48,2.535,Nuit sans éclairage public,Hors agglomération,Hors intersection,Normale,Autre collision,,,,,,,,,,,3,1,1,1,6
200800016086,0008-03-21 08:00:00,8,3,21,8,0,120,266,,44.249,2.836,Crépuscule ou aube,Hors agglomération,Hors intersection,Neige / grêle,Deux véhicules - côté,,,,,,,,,,,2,1,1,4,3
200800016087,0008-03-01 23:30:00,8,3,1,23,30,120,208,"Route de Millau, St Vinc",43.953,2.9,Nuit avec éclairage allumé,En agglomération,Hors intersection,Pluie légère,Deux véhicules - frontale,,,,,,,,,,,5,2,1,2,1
200800016088,0008-03-08 04:00:00,8,3,8,4,0,120,203,RD 999,43.978,2.963,Nuit avec éclairage allumé,En agglomération,Hors intersection,Autre,Deux véhicules - frontale,,,,,,,,,,,5,2,1,9,1
200800016089,0008-03-11 11:45:00,8,3,11,11,45,120,208,63 boulevard de verdun,43.962,2.884,Plein jour,En agglomération,Hors intersection,Normale,Autre collision,,,,,,,,,,,1,2,1,1,6
200800016090,0008-03-13 17:15:00,8,3,13,17,15,120,244,Avenue st ferreols,,,Plein jour,En agglomération,Hors intersection,Normale,Autre collision,,,,,,,,,,,1,2,1,1,6
200800016091,0008-03-02 05:15:00,8,3,2,5,15,120,205,,44.308,1.956,Nuit sans éclairage public,Hors agglomération,Hors intersection,Normale,Autre collision,,,,,,,,,,,3,1,1,1,6
200800016092,0008-03-25 19:15:00,8,3,25,19,15,320,165,,43.618,0.856,Crépuscule ou aube,Hors agglomération,Hors intersection,Pluie forte,Sans collision,,,,,,,,,,,2,1,1,3,7
200800016093,0008-03-06 14:45:00,8,3,6,14,45,320,121,,43.543,1.0,Plein jour,Hors agglomération,Hors intersection,Normale,Deux véhicules - frontale,,,,,,,,,,,1,1,1,1,1
200800016094,0008-03-22 20:30:00,8,3,22,20,30,320,210,,43.564,1.13,Nuit sans éclairage public,Hors agglomération,Hors intersection,Normale,Sans collision,,,,,,,,,,,3,1,1,1,7
200800016095,0008-03-08 12:15:00,8,3,8,12,15,320,462,,43.765,0.209,Plein jour,Hors agglomération,Hors intersection,Normale,Deux véhicules - côté,,,,,,,,,,,1,1,1,1,3
200800016096,0008-03-29 18:15:00,8,3,29,18,15,320,107,,43.952,0.42,Plein jour,Hors agglomération,Hors intersection,Normale,Deux véhicules - côté,,,,,,,,,,,1,1,1,1,3
200800016097,0008-03-14 14:45:00,8,3,14,14,45,320,369,,43.792,-0.002,Plein jour,Hors agglomération,Hors intersection,Normale,Sans collision,,,,,,,,,,,1,1,1,1,7
200800016098,0008-03-19 02:15:00,8,3,19,2,15,320,290,PLACE HOTEL DE VILLE,,,Nuit avec éclairage allumé,En agglomération,Place,Normale,Autre collision,,,,,,,,,,,5,2,7,1,6
200800016099,0008-03-31 18:15:00,8,3,31,18,15,320,180,,43.882,0.208,Plein jour,Hors agglomération,Hors intersection,Temps éblouissant,Trois véhicules et plus - en chaîne,,,,,,,,,,,1,1,1,7,4
200800016100,0008-03-05 18:00:00,8,3,5,18,0,320,103,,43.364,0.548,Plein jour,Hors agglomération,Hors intersection,Normale,Autre collision,,,,,,,,,,,1,1,1,1,6
200800016101,0008-03-20 10:15:00,8,3,20,10,15,320,254,,,,Plein jour,Hors agglomération,Hors intersection,Normale,Deux véhicules - frontale,,,,,,,,,,,1,1,1,1,1
200800016102,0008-03-20 09:30:00,8,3,20,9,30,320,344,,,,Plein jour,Hors agglomération,Hors intersection,Normale,Deux véhicules - frontale,,,,,,,,,,,1,1,1,1,1
200800016103,0008-03-27 12:30:00,8,3,27,12,30,460,70,,,,Plein jour,Hors agglomération,Hors intersection,Normale,Autre collision,,,,,,,,,,,1,1,1,1,6
200800016104,0008-03-27 22:15:00,8,3,27,22,15,460,69,,,,Nuit sans éclairage public,Hors agglomération,Hors intersection,Normale,Trois véhicules et plus - collisions multiples,,,,,,,,,,,3,1,1,1,5
200800016105,0008-03-30 07:00:00,8,3,30,7,0,460,103,,44.294,1.386,Crépuscule ou aube,Hors agglomération,Hors intersection,Normale,Autre collision,,,,,,,,,,,2,1,1,1,6
200800016106,0008-03-29 12:15:00,8,3,29,12,15,460,197,,44.399,1.453,Plein jour,Hors agglomération,Hors intersection,Normale,Sans collision,,,,,,,,,,,1,1,1,1,7
200800016107,0008-03-29 17:15:00,8,3,29,17,15,460,109,PLACE DE LA MAIRIE,,,Plein jour,En agglomération,Hors intersection,Normale,Autre collision,,,,,,,,,,,1,2,1,1,6
200800016108,0008-03-30 07:00:00,8,3,30,7,0,460,123,,44.924,1.808,Crépuscule ou aube,Hors agglomération,Hors intersection,Normale,Autre collision,,,,,,,,,,,2,1,1,1,6
200800016109,0008-03-04 07:45:00,8,3,4,7,45,460,334,,,,Plein jour,Hors agglomération,Hors intersection,Pluie légère,Deux véhicules - côté,,,,,,,,,,,1,1,1,2,3
200800016110,0008-03-07 07:00:00,8,3,7,7,0,460,113,,44.665,1.481,Crépuscule ou aube,Hors agglomération,Hors intersection,Normale,Deux véhicules - côté,,,,,,,,,,,2,1,1,1,3
200800016111,0008-03-07 17:15:00,8,3,7,17,15,460,113,,44.678,1.478,Plein jour,Hors agglomération,Hors intersection,Normale,Deux véhicules - côté,,,,,,,,,,,1,1,1,1,3
200800016112,0008-03-09 17:30:00,8,3,9,17,30,460,121,,44.726,1.513,Plein jour,Hors agglomération,Hors intersection,Pluie légère,Autre collision,,,,,,,,,,,1,1,1,2,6
200800016113,0008-03-13 10:45:00,8,3,13,10,45,460,334,,,,Plein jour,Hors agglomération,Hors intersection,Temps couvert,Autre collision,,,,,,,,,,,1,1,1,8,6
200800016114,0008-03-28 16:30:00,8,3,28,16,30,460,127,22 boulevard Dr CABANES,44.74,1.385,Plein jour,En agglomération,Autre intersection,Pluie légère,Autre collision,,,,,,,,,,,1,2,9,2,6
200800016115,0008-03-10 13:45:00,8,3,10,13,45,460,298,,45.019,1.615,Plein jour,Hors agglomération,Hors intersection,Pluie légère,Deux véhicules - frontale,,,,,,,,,,,1,1,1,2,1
200800016116,0008-03-16 06:30:00,8,3,16,6,30,650,395,,43.109,-0.174,Crépuscule ou aube,Hors agglomération,Hors intersection,Normale,Deux véhicules - frontale,,,,,,,,,,,2,1,1,1,1
200800016117,0008-03-11 07:00:00,8,3,11,7,0,650,218,RD 929,43.028,0.372,Crépuscule ou aube,En agglomération,Hors intersection,Normale,Sans collision,,,,,,,,,,,2,2,1,1,7
200800016118,0008-03-31 17:00:00,8,3,31,17,0,650,258,,43.161,0.395,Plein jour,Hors agglomération,Hors intersection,Neige / grêle,Autre collision,,,,,,,,,,,1,1,1,4,6
200800016119,0008-03-18 20:45:00,8,3,18,20,45,810,79,,,,Nuit sans éclairage public,Hors agglomération,Hors intersection,Normale,Deux véhicules - frontale,,,,,,,,,,,3,1,1,1,1
200800016120,0008-03-11 18:15:00,8,3,11,18,15,810,248,,43.765,1.862,Plein jour,Hors agglomération,Hors intersection,Pluie légère,Autre collision,,,,,,,,,,,1,1,1,2,6
200800016121,0008-03-25 15:30:00,8,3,25,15,30,810,298,,,,Plein jour,Hors agglomération,Hors intersection,Normale,Deux véhicules - frontale,,,,,,,,,,,1,1,1,1,1
200800016122,0008-03-21 14:15:00,8,3,21,14,15,810,219,,43.603,1.97,Plein jour,Hors agglomération,Hors intersection,Normale,Sans collision,,,,,,,,,,,1,1,1,1,7
200800016123,0008-03-19 06:00:00,8,3,19,6,0,820,134,,,,Crépuscule ou aube,Hors agglomération,Hors intersection,Normale,Autre collision,,,,,,,,,,,2,1,1,1,6
200800016124,0008-03-16 09:00:00,8,3,16,9,0,820,88,,44.163,1.953,Plein jour,Hors agglomération,Hors intersection,Normale,Autre collision,,,,,,,,,,,1,1,1,1,6
200800016125,0008-03-16 16:45:00,8,3,16,16,45,820,93,,43.931,1.077,Plein jour,Hors agglomération,Hors intersection,Normale,Autre collision,,,,,,,,,,,1,1,1,1,6
200800016126,0008-03-17 19:15:00,8,3,17,19,15,820,112,Rue Cayla,,,Crépuscule ou aube,En agglomération,Hors intersection,Normale,Deux véhicules - côté,,,,,,,,,,,2,2,1,1,3
200800016127,0008-03-14 20:45:00,8,3,14,20,45,820,25,,43.944,1.33,Nuit sans éclairage public,Hors agglomération,Hors intersection,Normale,Autre collision,,,,,,,,,,,3,1,1,1,6
200800016128,0008-03-16 00:01:00,8,3,16,0,1,820,62,RD 813,43.915,1.225,Nuit sans éclairage public,En agglomération,Hors intersection,Normale,Autre collision,,,,,,,,,,,3,2,1,1,6
200800016129,0008-03-03 01:00:00,8,3,3,1,0,820,8,,,,Nuit sans éclairage public,Hors agglomération,Hors intersection,Normale,Autre collision,,,,,,,,,,,3,1,1,1,6
200800016130,0008-03-11 12:15:00,8,3,11,12,15,820,32,,,,Plein jour,Hors agglomération,Hors intersection,Pluie légère,Deux véhicules - côté,,,,,,,,,,,1,1,1,2,3
200800016131,0008-03-11 13:00:00,8,3,11,13,0,690,72,Chemin de gargantua,45.807,4.765,Plein jour,En agglomération,Hors intersection,Normale,Autre collision,,,,,,,,,,,1,2,1,1,6
200800016132,0008-03-13 17:30:00,8,3,13,17,30,690,279,54 ROUTE NATIONALE,,,Plein jour,En agglomération,Hors intersection,Normale,Deux véhicules - frontale,,,,,,,,,,,1,2,1,1,1
200800016133,0008-03-21 18:30:00,8,3,21,18,30,690,116,RD306 FACE ETS BOULANGER,,,Plein jour,En agglomération,Hors intersection,Temps couvert,Deux véhicules - côté,,,,,,,,,,,1,2,1,8,3
200800016134,0008-03-17 15:00:00,8,3,17,15,0,690,286,58 avenue de l'Europe,,,Plein jour,En agglomération,Hors intersection,Normale,Autre collision,,,,,,,,,,,1,2,1,1,6
200800016135,0008-03-28 18:45:00,8,3,28,18,45,690,289,,,,Crépuscule ou aube,Hors agglomération,Hors intersection,Pluie légère,Deux véhicules - arrière,,,,,,,,,,,2,1,1,2,2
200800016136,0008-03-25 07:00:00,8,3,25,7,0,690,273,av de l'industrie,,,Plein jour,En agglomération,Hors intersection,Temps couvert,Deux véhicules - côté,,,,,,,,,,,1,2,1,8,3
200800016137,0008-03-28 17:45:00,8,3,28,17,45,690,236,RD 488,,,Plein jour,En agglomération,Hors intersection,Normale,Deux véhicules - arrière,,,,,,,,,,,1,2,1,1,2
200800016138,0008-03-26 07:15:00,8,3,26,7,15,690,177,,,,Plein jour,Hors agglomération,Hors intersection,Normale,Trois véhicules et plus - collisions multiples,,,,,,,,,,,1,1,1,1,5
200800016139,0008-03-15 14:30:00,8,3,15,14,30,690,249,,,,Plein jour,Hors agglomération,Hors intersection,Normale,Sans collision,,,,,,,,,,,1,1,1,1,7
200800016140,0008-03-29 12:00:00,8,3,29,12,0,690,294,chemin de la blancherie,,,Plein jour,En agglomération,Hors intersection,Normale,Autre collision,,,,,,,,,,,1,2,1,1,6
200800016141,0008-03-14 15:45:00,8,3,14,15,45,690,219,,,,Plein jour,Hors agglomération,Hors intersection,Normale,Deux véhicules - côté,,,,,,,,,,,1,1,1,1,3
200800016142,0008-03-12 05:30:00,8,3,12,5,30,690,151,LE TREVE,46.067,4.593,Nuit avec éclairage allumé,En agglomération,Hors intersection,Normale,Deux véhicules - côté,,,,,,,,,,,5,2,1,1,3
200800016143,0008-03-08 17:15:00,8,3,8,17,15,690,9,14 Place Freres Giraudet,45.94,4.72,Plein jour,En agglomération,Hors intersection,Normale,Deux véhicules - arrière,,,,,,,,,,,1,2,1,1,2
200800016144,0008-03-17 12:15:00,8,3,17,12,15,690,211,,,,Plein jour,Hors agglomération,Giratoire,Pluie légère,Deux véhicules - côté,,,,,,,,,,,1,1,6,2,3
200800016145,0008-03-20 07:30:00,8,3,20,7,30,690,211,,,,Crépuscule ou aube,Hors agglomération,Hors intersection,Normale,Trois véhicules et plus - collisions multiples,,,,,,,,,,,2,1,1,1,5
200800016146,0008-03-15 14:30:00,8,3,15,14,30,690,222,,,,Plein jour,Hors agglomération,Hors intersection,Normale,Deux véhicules - frontale,,,,,,,,,,,1,1,1,1,1
200800016147,0008-03-25 10:30:00,8,3,25,10,30,690,239,,,,Plein jour,Hors agglomération,Hors intersection,Normale,Autre collision,,,,,,,,,,,1,1,1,1,6
200800016148,0008-03-12 08:30:00,8,3,12,8,30,10,211,,,,Plein jour,Hors agglomération,Hors intersection,Normale,Trois véhicules et plus - en chaîne,,,,,,,,,,,1,1,1,1,4
200800016149,0008-03-28 21:45:00,8,3,28,21,45,10,336,chemin du stade,,,Nuit avec éclairage allumé,En agglomération,Hors intersection,Pluie légère,Deux véhicules - frontale,,,,,,,,,,,5,2,1,2,1
200800016150,0008-03-06 17:00:00,8,3,6,17,0,10,323,,,,Plein jour,Hors agglomération,Hors intersection,Normale,Trois véhicules et plus - collisions multiples,,,,,,,,,,,1,1,1,1,5
200800016151,0008-03-14 07:00:00,8,3,14,7,0,10,130,,,,Crépuscule ou aube,Hors agglomération,Hors intersection,Temps couvert,Trois véhicules et plus - collisions multiples,,,,,,,,,,,2,1,1,8,5
200800016152,0008-03-16 18:45:00,8,3,16,18,45,10,422,,,,Nuit sans éclairage public,Hors agglomération,Hors intersection,Pluie légère,Trois véhicules et plus - collisions multiples,,,,,,,,,,,3,1,1,2,5
200800016153,0008-03-07 09:30:00,8,3,7,9,30,10,34,,,,Plein jour,Hors agglomération,Hors intersection,Normale,Deux véhicules - frontale,,,,,,,,,,,1,1,1,1,1
200800016154,0008-03-15 19:00:00,8,3,15,19,0,10,338,,,,Nuit sans éclairage public,Hors agglomération,Hors intersection,Pluie légère,Sans collision,,,,,,,,,,,3,1,1,2,7
200800016155,0008-03-25 12:30:00,8,3,25,12,30,10,310,,,,Plein jour,Hors agglomération,Hors intersection,Pluie légère,Sans collision,,,,,,,,,,,1,1,1,2,7
200800016156,0008-03-01 09:30:00,8,3,1,9,30,10,4,avenue de la liberation,,,Plein jour,En agglomération,Hors intersection,Pluie légère,Deux véhicules - arrière,,,,,,,,,,,1,2,1,2,2
200800016157,0008-03-04 16:15:00,8,3,4,16,15,10,8,,,,Plein jour,Hors agglomération,Intersection en Y,Pluie légère,Trois véhicules et plus - collisions multiples,,,,,,,,,,,1,1,4,2,5
200800016158,0008-03-19 18:15:00,8,3,19,18,15,10,4,,,,Plein jour,En agglomération,Hors intersection,Normale,Deux véhicules - frontale,,,,,,,,,,,1,2,1,1,1
200800016159,0008-03-14 23:00:00,8,3,14,23,0,10,148,5 Route de St Calude,,,Nuit avec éclairage allumé,En agglomération,Hors intersection,Normale,Autre collision,,,,,,,,,,,5,2,1,1,6
200800016160,0008-03-15 17:30:00,8,3,15,17,30,10,240,,46.258,5.513,Nuit sans éclairage public,Hors agglomération,Hors intersection,Pluie forte,Sans collision,,,,,,,,,,,3,1,1,3,7
200800016161,0008-03-30 13:30:00,8,3,30,13,30,10,237,,46.213,5.61,Plein jour,En agglomération,Hors intersection,Normale,Deux véhicules - côté,,,,,,,,,,,1,2,1,1,3
200800016162,0008-03-03 10:30:00,8,3,3,10,30,10,427,route de Lyon,,,Plein jour,En agglomération,Hors intersection,Normale,Deux véhicules - côté,,,,,,,,,,,1,2,1,1,3
200800016163,0008-03-16 20:30:00,8,3,16,20,30,10,235,,46.054,5.072,Nuit sans éclairage public,Hors agglomération,Hors intersection,Pluie légère,Autre collision,,,,,,,,,,,3,1,1,2,6
200800016164,0008-03-02 07:45:00,8,3,2,7,45,10,96,,,,Plein jour,Hors agglomération,Hors intersection,Normale,Autre collision,,,,,,,,,,,1,1,1,1,6
200800016165,0008-03-06 18:00:00,8,3,6,18,0,10,49,RD61A,,,Plein jour,En agglomération,Hors intersection,Normale,Deux véhicules - frontale,,,,,,,,,,,1,2,1,1,1
200800016166,0008-03-26 09:45:00,8,3,26,9,45,10,443,,46.003,5.016,Plein jour,Hors agglomération,Hors intersection,Normale,Deux véhicules - côté,,,,,,,,,,,1,1,1,1,3
200800016167,0008-03-31 13:15:00,8,3,31,13,15,10,21,,,,Plein jour,Hors agglomération,Hors intersection,Normale,Deux véhicules - frontale,,,,,,,,,,,1,1,1,1,1
200800016168,0008-03-04 11:30:00,8,3,4,11,30,10,263,Avenue des vignes,46.085,4.768,Plein jour,En agglomération,Giratoire,Pluie légère,Deux véhicules - côté,,,,,,,,,,,1,2,6,2,3
200800016169,0008-03-05 07:00:00,8,3,5,7,0,70,296,,44.59,4.373,Crépuscule ou aube,Hors agglomération,Hors intersection,Vent fort / tempête,Autre collision,,,,,,,,,,,2,1,1,6,6
200800016170,0008-03-16 16:15:00,8,3,16,16,15,70,295,,44.841,4.576,Plein jour,Hors agglomération,Hors intersection,Normale,Autre collision,,,,,,,,,,,1,1,1,1,6
200800016171,0008-03-02 04:30:00,8,3,2,4,30,70,260,,44.702,4.707,Nuit sans éclairage public,Hors agglomération,Hors intersection,Normale,Autre collision,,,,,,,,,,,3,1,1,1,6
200800016172,0008-03-13 13:45:00,8,3,13,13,45,70,329,le village,44.591,4.129,Plein jour,En agglomération,Hors intersection,Normale,Autre collision,,,,,,,,,,,1,2,1,1,6
200800016173,0008-03-02 01:00:00,8,3,2,1,0,70,156,Pont De Veyrieres,,,Nuit avec éclairage allumé,En agglomération,Hors intersection,Normale,Sans collision,,,,,,,,,,,5,2,1,1,7
200800016174,0008-03-28 13:45:00,8,3,28,13,45,70,28,,,,Plein jour,Hors agglomération,Hors intersection,Normale,Deux véhicules - frontale,,,,,,,,,,,1,1,1,1,1
200800016175,0008-03-02 17:00:00,8,3,2,17,0,70,324,Route de Pierre,45.067,4.833,Plein jour,En agglomération,Hors intersection,Normale,Sans collision,,,,,,,,,,,1,2,1,1,7