accident_id,datetime,annee,mois,jour,heure,minute,departement,commune_insee,adresse,latitude,longitude,luminosite,agglomeration,intersection,meteo,collision,nb_vehicules,nb_usagers,nb_indemnes,nb_tues,nb_blesses_hosp,nb_blesses_legers,age_cond_1,age_cond_2,veh_type_cond_1,veh_type_cond_2,lum_code,agg_code,int_code,atm_code,col_code
200800016313,0008-03-29 14:15:00,8,3,29,14,15,30,107,,46.112,3.138,Plein jour,Hors agglomération,Hors intersection,Normale,Deux véhicules - arrière,,,,,,,,,,,1,1,1,1,2
200800016314,0008-03-02 07:15:00,8,3,2,7,15,150,268,,44.868,2.226,Crépuscule ou aube,Hors agglomération,Hors intersection,Normale,Sans collision,,,,,,,,,,,2,1,1,1,7
200800016315,0008-03-05 13:00:00,8,3,5,13,0,150,231,,45.112,3.061,Plein jour,Hors agglomération,Hors intersection,Neige / grêle,Autre collision,,,,,,,,,,,1,1,1,4,6
200800016316,0008-03-13 17:30:00,8,3,13,17,30,150,187,,,,Plein jour,Hors agglomération,Hors intersection,Normale,Deux véhicules - frontale,,,,,,,,,,,1,1,1,1,1
200800016317,0008-03-21 21:45:00,8,3,21,21,45,150,164,,,,Nuit sans éclairage public,Hors agglomération,Hors intersection,Neige / grêle,Deux véhicules - frontale,,,,,,,,,,,3,1,1,4,1
200800016318,0008-03-31 17:00:00,8,3,31,17,0,430,18,Route de Saugues,45.014,3.778,Plein jour,En agglomération,Hors intersection,Normale,Deux véhicules - frontale,,,,,,,,,,,1,2,1,1,1
200800016319,0008-03-10 09:30:00,8,3,10,9,30,430,78,,,,Plein jour,Hors agglomération,Hors intersection,Normale,Deux véhicules - côté,,,,,,,,,,,1,1,1,1,3
200800016320,0008-03-09 16:30:00,8,3,9,16,30,430,78,,45.03,3.93,Plein jour,Hors agglomération,Hors intersection,Normale,Sans collision,,,,,,,,,,,1,1,1,1,7
200800016321,0008-03-16 16:30:00,8,3,16,16,30,430,80,BOULEVARD DU NORD,45.336,3.847,Plein jour,En agglomération,Hors intersection,Pluie légère,Deux véhicules - frontale,,,,,,,,,,,1,2,1,2,1
200800016322,0008-03-24 10:00:00,8,3,24,10,0,430,80,,45.304,3.838,Plein jour,Hors agglomération,Hors intersection,Neige / grêle,Deux véhicules - côté,,,,,,,,,,,1,1,1,4,3
200800016323,0008-03-02 15:15:00,8,3,2,15,15,430,132,,45.13,3.49,Plein jour,Hors agglomération,Hors intersection,Normale,Sans collision,,,,,,,,,,,1,1,1,1,7
200800016324,0008-03-18 07:30:00,8,3,18,7,30,430,16,Lieu-dit CHAPPES,,,Plein jour,En agglomération,Intersection en Y,Normale,Deux véhicules - côté,,,,,,,,,,,1,2,4,1,3
200800016325,0008-03-30 16:00:00,8,3,30,16,0,430,170,,45.29,3.28,Plein jour,Hors agglomération,Hors intersection,Normale,Deux véhicules - frontale,,,,,,,,,,,1,1,1,1,1
200800016326,0008-03-04 08:15:00,8,3,4,8,15,430,211,,45.229,4.125,Plein jour,Hors agglomération,Hors intersection,Temps éblouissant,Autre collision,,,,,,,,,,,1,1,1,7,6
200800016327,0008-03-22 00:30:00,8,3,22,0,30,430,137,,,,Nuit sans éclairage public,Hors agglomération,Hors intersection,Autre,Deux véhicules - côté,,,,,,,,,,,3,1,1,9,3
200800016328,0008-03-29 18:00:00,8,3,29,18,0,430,12,,45.393,4.23,Plein jour,Hors agglomération,Hors intersection,Normale,Trois véhicules et plus - collisions multiples,,,,,,,,,,,1,1,1,1,5
200800016329,0008-03-14 05:30:00,8,3,14,5,30,430,159,,45.212,4.296,Nuit sans éclairage public,Hors agglomération,Hors intersection,Normale,Autre collision,,,,,,,,,,,3,1,1,1,6
200800016330,0008-03-07 23:15:00,8,3,7,23,15,570,17,,49.166,6.037,Nuit sans éclairage public,Hors agglomération,Hors intersection,Pluie légère,Sans collision,,,,,,,,,,,3,1,1,2,7
200800016331,0008-03-22 02:45:00,8,3,22,2,45,570,17,,49.169,6.041,Nuit sans éclairage public,Hors agglomération,Hors intersection,Pluie légère,Sans collision,,,,,,,,,,,3,1,1,2,7
200800016332,0008-03-28 08:00:00,8,3,28,8,0,570,17,,49.167,6.064,Crépuscule ou aube,Hors agglomération,Hors intersection,Brouillard / fumée,Deux véhicules - frontale,,,,,,,,,,,2,1,1,5,1
200800016333,0008-03-31 15:45:00,8,3,31,15,45,570,707,rue de Malmaison,49.151,6.003,Plein jour,En agglomération,Hors intersection,Normale,Deux véhicules - frontale,,,,,,,,,,,1,2,1,1,1
200800016334,0008-03-08 11:00:00,8,3,8,11,0,570,433,ROUTE DE HAUCONCOURT,,,Plein jour,En agglomération,Hors intersection,Normale,Deux véhicules - arrière,,,,,,,,,,,1,2,1,1,2
200800016335,0008-03-02 02:45:00,8,3,2,2,45,570,677,04 rue du Moulin,,,Nuit avec éclairage allumé,En agglomération,Hors intersection,Temps couvert,Autre collision,,,,,,,,,,,5,2,1,8,6
200800016336,0008-03-20 16:45:00,8,3,20,16,45,570,43,,,,Plein jour,Hors agglomération,Hors intersection,Pluie légère,Deux véhicules - côté,,,,,,,,,,,1,1,1,2,3
200800016337,0008-03-08 19:00:00,8,3,8,19,0,570,160,4 Boulevard des tulipes,,,Nuit avec éclairage allumé,En agglomération,Hors intersection,Normale,Deux véhicules - frontale,,,,,,,,,,,5,2,1,1,1
200800016338,0008-03-11 21:45:00,8,3,11,21,45,570,160,RUE DE LA HOUVE,,,Nuit avec éclairage allumé,En agglomération,Hors intersection,Autre,Deux véhicules - frontale,,,,,,,,,,,5,2,1,9,1
200800016339,0008-03-08 08:30:00,8,3,8,8,30,570,159,,,,Plein jour,Hors agglomération,Hors intersection,Normale,Deux véhicules - côté,,,,,,,,,,,1,1,1,1,3
200800016340,0008-03-05 17:45:00,8,3,5,17,45,570,485,,48.804,6.557,Crépuscule ou aube,Hors agglomération,Hors intersection,Normale,Sans collision,,,,,,,,,,,2,1,1,1,7
200800016341,0008-03-15 18:00:00,8,3,15,18,0,570,692,,,,Plein jour,Hors agglomération,Hors intersection,Normale,Deux véhicules - frontale,,,,,,,,,,,1,1,1,1,1
200800016342,0008-03-02 02:00:00,8,3,2,2,0,570,550,22 rue de Boucheporn,49.157,6.635,Nuit avec éclairage allumé,En agglomération,Hors intersection,Pluie légère,Autre collision,,,,,,,,,,,5,2,1,2,6
200800016343,0008-03-29 09:30:00,8,3,29,9,30,570,266,,48.782,6.704,Plein jour,Hors agglomération,Hors intersection,Normale,Autre collision,,,,,,,,,,,1,1,1,1,6
200800016344,0008-03-08 20:45:00,8,3,8,20,45,570,428,,49.116,6.751,Nuit sans éclairage public,Hors agglomération,Hors intersection,Normale,Autre collision,,,,,,,,,,,3,1,1,1,6
200800016345,0008-03-10 14:45:00,8,3,10,14,45,570,82,27 rue principale,,,Plein jour,En agglomération,Hors intersection,Vent fort / tempête,Deux véhicules - frontale,,,,,,,,,,,1,2,1,6,1
200800016346,0008-03-14 17:45:00,8,3,14,17,45,570,239,,,,Plein jour,Hors agglomération,Hors intersection,Pluie légère,Deux véhicules - frontale,,,,,,,,,,,1,1,1,2,1
200800016347,0008-03-17 09:15:00,8,3,17,9,15,570,321,,,,Plein jour,Hors agglomération,Hors intersection,Temps couvert,Deux véhicules - frontale,,,,,,,,,,,1,1,1,8,1
200800016348,0008-03-15 13:45:00,8,3,15,13,45,570,89,RUE DES VOSGES,,,Plein jour,En agglomération,Intersection en T,Normale,Deux véhicules - côté,,,,,,,,,,,1,2,3,1,3
200800016349,0008-03-07 20:00:00,8,3,7,20,0,570,388,,,,Nuit sans éclairage public,Hors agglomération,Hors intersection,Normale,Autre collision,,,,,,,,,,,3,1,1,1,6
200800016350,0008-03-09 08:30:00,8,3,9,8,30,540,333,,,,Nuit sans éclairage public,Hors agglomération,Hors intersection,Normale,Autre collision,,,,,,,,,,,3,1,1,1,6
200800016351,0008-03-18 16:45:00,8,3,18,16,45,540,150,rue du Val des Faulx,48.79,6.15,Plein jour,En agglomération,Hors intersection,Normale,Deux véhicules - arrière,,,,,,,,,,,1,2,1,1,2
200800016352,0008-03-27 05:30:00,8,3,27,5,30,540,430,"65, rue des vannes",,,Nuit avec éclairage non allumé,En agglomération,Hors intersection,Normale,Autre collision,,,,,,,,,,,4,2,1,1,6
200800016353,0008-03-12 19:45:00,8,3,12,19,45,540,266,16 grande rue - PR10,,,Nuit sans éclairage public,En agglomération,Hors intersection,Normale,Deux véhicules - frontale,,,,,,,,,,,3,2,1,1,1
200800016354,0008-03-19 15:00:00,8,3,19,15,0,540,513,,,,Plein jour,Hors agglomération,Hors intersection,Pluie légère,Deux véhicules - côté,,,,,,,,,,,1,1,1,2,3
200800016355,0008-03-22 08:45:00,8,3,22,8,45,540,322,1 ROUTE DE LONGWY,,,Plein jour,En agglomération,Hors intersection,Normale,Sans collision,,,,,,,,,,,1,2,1,1,7
200800016356,0008-03-25 20:30:00,8,3,25,20,30,540,394,,49.346,5.832,Nuit sans éclairage public,Hors agglomération,Hors intersection,Normale,Autre collision,,,,,,,,,,,3,1,1,1,6
200800016357,0008-03-21 05:30:00,8,3,21,5,30,540,562,,48.583,6.828,Nuit sans éclairage public,Hors agglomération,Hors intersection,Neige / grêle,Autre collision,,,,,,,,,,,3,1,1,4,6
200800016358,0008-03-21 17:15:00,8,3,21,17,15,540,129,,,,Plein jour,Hors agglomération,Hors intersection,Neige / grêle,Autre collision,,,,,,,,,,,1,1,1,4,6
200800016359,0008-03-01 17:00:00,8,3,1,17,0,550,366,,48.81,5.1,Plein jour,Hors agglomération,Intersection en X,Normale,Deux véhicules - côté,,,,,,,,,,,1,1,2,1,3
200800016360,0008-03-21 08:30:00,8,3,21,8,30,550,69,,48.855,4.97,Plein jour,Hors agglomération,Hors intersection,Pluie forte,Autre collision,,,,,,,,,,,1,1,1,3,6
200800016361,0008-03-09 19:30:00,8,3,9,19,30,550,521,,48.988,5.486,Nuit sans éclairage public,Hors agglomération,Hors intersection,Pluie légère,Deux véhicules - frontale,,,,,,,,,,,3,1,1,2,1
200800016362,0008-03-04 12:00:00,8,3,4,12,0,550,575,RD 966,,,Nuit sans éclairage public,En agglomération,Hors intersection,Normale,Deux véhicules - côté,,,,,,,,,,,3,2,1,1,3
200800016363,0008-03-13 05:00:00,8,3,13,5,0,550,351,,49.527,5.351,Nuit sans éclairage public,Hors agglomération,Hors intersection,Pluie légère,Autre collision,,,,,,,,,,,3,1,1,2,6
200800016364,0008-03-06 10:30:00,8,3,6,10,30,880,136,,48.204,6.47,Plein jour,Hors agglomération,Hors intersection,Normale,Sans collision,,,,,,,,,,,1,1,1,1,7
200800016365,0008-03-16 22:45:00,8,3,16,22,45,880,439,Rue des Vosges,,,Nuit avec éclairage allumé,En agglomération,Hors intersection,Normale,Deux véhicules - frontale,,,,,,,,,,,5,2,1,1,1
200800016366,0008-03-10 10:30:00,8,3,10,10,30,880,225,,,,Plein jour,Hors agglomération,Hors intersection,Normale,Sans collision,,,,,,,,,,,1,1,1,1,7
200800016367,0008-03-24 17:00:00,8,3,24,17,0,880,20,,,,Plein jour,Hors agglomération,Hors intersection,Neige / grêle,Trois véhicules et plus - collisions multiples,,,,,,,,,,,1,1,1,4,5
200800016368,0008-03-28 07:45:00,8,3,28,7,45,880,478,,,,Plein jour,Hors agglomération,Hors intersection,Autre,Sans collision,,,,,,,,,,,1,1,1,9,7
200800016369,0008-03-29 18:15:00,8,3,29,18,15,880,364,,48.332,6.108,Crépuscule ou aube,Hors agglomération,Hors intersection,Normale,Deux véhicules - frontale,,,,,,,,,,,2,1,1,1,1
200800016370,0008-03-27 11:00:00,8,3,27,11,0,880,385,,,,Plein jour,Hors agglomération,Hors intersection,Pluie forte,Deux véhicules - côté,,,,,,,,,,,1,1,1,3,3
200800016371,0008-03-01 16:00:00,8,3,1,16,0,880,426,,47.873,6.856,Nuit sans éclairage public,Hors agglomération,Hors intersection,Normale,Sans collision,,,,,,,,,,,3,1,1,1,7
200800016372,0008-03-07 08:00:00,8,3,7,8,0,880,468,02 bis rue des tilleuls,47.887,6.762,Plein jour,En agglomération,Hors intersection,Normale,Deux véhicules - côté,,,,,,,,,,,1,2,1,1,3
200800016373,0008-03-28 09:00:00,8,3,28,9,0,880,426,,47.872,6.829,Plein jour,Hors agglomération,Hors intersection,Normale,Trois véhicules et plus - collisions multiples,,,,,,,,,,,1,1,1,1,5
200800016374,0008-03-06 00:15:00,8,3,6,0,15,880,120,,48.221,7.047,Nuit sans éclairage public,Hors agglomération,Hors intersection,Temps couvert,Autre collision,,,,,,,,,,,3,1,1,8,6
200800016375,0008-03-07 19:00:00,8,3,7,19,0,880,244,,48.199,6.881,Crépuscule ou aube,Hors agglomération,Hors intersection,Pluie légère,Deux véhicules - frontale,,,,,,,,,,,2,1,1,2,1
200800016376,0008-03-05 09:00:00,8,3,5,9,0,670,28,Rue du Moulin,48.374,7.59,Plein jour,En agglomération,Hors intersection,Normale,Deux véhicules - côté,,,,,,,,,,,1,2,1,1,3
200800016377,0008-03-22 08:45:00,8,3,22,8,45,670,28,,48.361,7.62,Plein jour,Hors agglomération,Hors intersection,Pluie légère,Autre collision,,,,,,,,,,,1,1,1,2,6
200800016378,0008-03-08 15:15:00,8,3,8,15,15,670,130,Route du Rhin D426,48.418,7.66,Plein jour,En agglomération,Hors intersection,Normale,Deux véhicules - frontale,,,,,,,,,,,1,2,1,1,1
200800016379,0008-03-14 14:00:00,8,3,14,14,0,670,130,1 rue du vieux marche,48.425,7.658,Plein jour,En agglomération,Hors intersection,Normale,Autre collision,,,,,,,,,,,1,2,1,1,6
200800016380,0008-03-30 14:00:00,8,3,30,14,0,670,130,rue du Printemps,48.433,7.659,Plein jour,En agglomération,Giratoire,Normale,Deux véhicules - côté,,,,,,,,,,,1,2,6,1,3
200800016381,0008-03-04 13:00:00,8,3,4,13,0,670,458,ROUTE D'OHLUNGEN,48.822,7.725,Plein jour,En agglomération,Hors intersection,Pluie légère,Autre collision,,,,,,,,,,,1,2,1,2,6
200800016382,0008-03-14 17:45:00,8,3,14,17,45,670,345,,48.77,7.956,Plein jour,Hors agglomération,Hors intersection,Pluie légère,Deux véhicules - côté,,,,,,,,,,,1,1,1,2,3
200800016383,0008-03-29 20:30:00,8,3,29,20,30,670,520,Rue de Cosswiller,,,Nuit avec éclairage allumé,En agglomération,Hors intersection,Normale,Deux véhicules - côté,,,,,,,,,,,5,2,1,1,3
200800016384,0008-03-11 07:45:00,8,3,11,7,45,670,437,Rue de la Garenne,,,Plein jour,En agglomération,Hors intersection,Normale,Deux véhicules - côté,,,,,,,,,,,1,2,1,1,3
200800016385,0008-03-15 15:30:00,8,3,15,15,30,670,380,,,,Plein jour,Hors agglomération,Hors intersection,Normale,Deux véhicules - côté,,,,,,,,,,,1,1,1,1,3
200800016386,0008-03-06 16:15:00,8,3,6,16,15,670,434,,,,Plein jour,Hors agglomération,Hors intersection,Normale,Autre collision,,,,,,,,,,,1,1,1,1,6
200800016387,0008-03-29 13:30:00,8,3,29,13,30,670,434,Rue de l'ecole,48.94,7.07,Plein jour,En agglomération,Intersection en X,Normale,Deux véhicules - côté,,,,,,,,,,,1,2,2,1,3
200800016388,0008-03-01 00:15:00,8,3,1,0,15,670,67,,48.747,7.756,Nuit sans éclairage public,Hors agglomération,Hors intersection,Vent fort / tempête,Autre collision,,,,,,,,,,,3,1,1,6,6
200800016389,0008-03-29 11:00:00,8,3,29,11,0,670,506,rue du commerce,48.663,7.726,Plein jour,En agglomération,Hors intersection,Normale,Autre collision,,,,,,,,,,,1,2,1,1,6
200800016390,0008-03-30 18:00:00,8,3,30,18,0,670,506,,48.678,7.718,Plein jour,Hors agglomération,Hors intersection,Normale,Autre collision,,,,,,,,,,,1,1,1,1,6
200800016391,0008-03-19 13:15:00,8,3,19,13,15,670,539,,48.728,7.635,Plein jour,Hors agglomération,Autre intersection,Normale,Deux véhicules - côté,,,,,,,,,,,1,1,9,1,3
200800016392,0008-03-20 22:45:00,8,3,20,22,45,670,529,RUE DE BIETLENHEIM,48.72,7.79,Nuit sans éclairage public,En agglomération,Hors intersection,Pluie légère,Autre collision,,,,,,,,,,,3,2,1,2,6
200800016393,0008-03-16 18:30:00,8,3,16,18,30,670,350,,,,Plein jour,Hors agglomération,Hors intersection,Normale,Deux véhicules - côté,,,,,,,,,,,1,1,1,1,3
200800016394,0008-03-31 09:15:00,8,3,31,9,15,670,1,CD222 - PK5,,,Plein jour,En agglomération,Hors intersection,Normale,Autre collision,,,,,,,,,,,1,2,1,1,6
200800016395,0008-03-05 11:45:00,8,3,5,11,45,680,97,"82 B, Grand Rue",,,Plein jour,En agglomération,Hors intersection,Normale,Autre collision,,,,,,,,,,,1,2,1,1,6
200800016396,0008-03-18 09:15:00,8,3,18,9,15,680,173,,,,Plein jour,Hors agglomération,Hors intersection,Temps couvert,Autre collision,,,,,,,,,,,1,1,1,8,6
200800016397,0008-03-03 20:45:00,8,3,3,20,45,680,157,90 grand rue,48.131,7.481,Nuit avec éclairage allumé,En agglomération,Hors intersection,Normale,Autre collision,,,,,,,,,,,5,2,1,1,6
200800016398,0008-03-09 05:00:00,8,3,9,5,0,680,164,,48.138,7.286,Nuit sans éclairage public,Hors agglomération,Hors intersection,Normale,Sans collision,,,,,,,,,,,3,1,1,1,7
200800016399,0008-03-14 02:45:00,8,3,14,2,45,680,338,,48.088,7.308,Nuit sans éclairage public,Hors agglomération,Hors intersection,Pluie légère,Deux véhicules - frontale,,,,,,,,,,,3,1,1,2,1
200800016400,0008-03-12 14:30:00,8,3,12,14,30,680,62,27 rue de Fulleren,47.623,7.211,Plein jour,En agglomération,Hors intersection,Normale,Deux véhicules - côté,,,,,,,,,,,1,2,1,1,3
200800016401,0008-03-18 04:00:00,8,3,18,4,0,680,377,,,,Nuit sans éclairage public,Hors agglomération,Hors intersection,Normale,Deux véhicules - frontale,,,,,,,,,,,3,1,1,1,1
200800016402,0008-03-30 17:15:00,8,3,30,17,15,680,127,,47.671,7.23,Plein jour,Hors agglomération,Hors intersection,Normale,Deux véhicules - côté,,,,,,,,,,,1,1,1,1,3
200800016403,0008-03-01 22:45:00,8,3,1,22,45,680,347,,47.515,7.299,Nuit sans éclairage public,Hors agglomération,Intersection en Y,Normale,Deux véhicules - frontale,,,,,,,,,,,3,1,4,1,1
200800016404,0008-03-22 16:30:00,8,3,22,16,30,680,330,,47.584,7.131,Plein jour,Hors agglomération,Hors intersection,Normale,Autre collision,,,,,,,,,,,1,1,1,1,6
200800016405,0008-03-29 08:00:00,8,3,29,8,0,680,49,,47.509,7.357,Plein jour,Hors agglomération,Hors intersection,Normale,Deux véhicules - frontale,,,,,,,,,,,1,1,1,1,1
200800016406,0008-03-09 11:15:00,8,3,9,11,15,680,235,,47.997,7.379,Plein jour,Hors agglomération,Hors intersection,Normale,Deux véhicules - côté,,,,,,,,,,,1,1,1,1,3
200800016407,0008-03-07 07:30:00,8,3,7,7,30,680,203,,47.917,7.316,Plein jour,Hors agglomération,Hors intersection,Normale,Autre collision,,,,,,,,,,,1,1,1,1,6
200800016408,0008-03-23 13:15:00,8,3,23,13,15,680,15,,,,Plein jour,Hors agglomération,Hors intersection,Normale,Autre collision,,,,,,,,,,,1,1,1,1,6
200800016409,0008-03-14 13:45:00,8,3,14,13,45,680,384,123 Faubourg de Mulhouse,47.7,7.3,Plein jour,En agglomération,Hors intersection,Temps couvert,Autre collision,,,,,,,,,,,1,2,1,8,6
200800016410,0008-03-31 23:15:00,8,3,31,23,15,680,195,,47.76,7.25,Nuit sans éclairage public,Hors agglomération,Hors intersection,Normale,Sans collision,,,,,,,,,,,3,1,1,1,7
200800016411,0008-03-22 00:45:00,8,3,22,0,45,680,126,,47.576,7.545,Nuit sans éclairage public,Hors agglomération,Hors intersection,Neige / grêle,Deux véhicules - arrière,,,,,,,,,,,3,1,1,4,2
200800016412,0008-03-03 06:30:00,8,3,3,6,30,680,160,,,,Crépuscule ou aube,Hors agglomération,Hors intersection,Normale,Sans collision,,,,,,,,,,,2,1,1,1,7
200800016413,0008-03-17 16:45:00,8,3,17,16,45,680,357,,,,Plein jour,Hors agglomération,Hors intersection,Normale,Deux véhicules - côté,,,,,,,,,,,1,1,1,1,3
200800016414,0008-03-09 23:00:00,8,3,9,23,0,680,348,Carrefour Garnier,,,Nuit avec éclairage allumé,En agglomération,Hors intersection,Normale,Deux véhicules - côté,,,,,,,,,,,5,2,1,1,3
200800016415,0008-03-30 15:00:00,8,3,30,15,0,680,40,rue du Rhin,47.83,7.082,Plein jour,En agglomération,Hors intersection,Normale,Deux véhicules - côté,,,,,,,,,,,1,2,1,1,3
200800016416,0008-03-06 08:00:00,8,3,6,8,0,680,60,rue principale,47.732,7.151,Plein jour,En agglomération,Hors intersection,Normale,Deux véhicules - frontale,,,,,,,,,,,1,2,1,1,1
200800016417,0008-03-13 21:30:00,8,3,13,21,30,680,167,rue de la Vallee,47.802,6.962,Nuit avec éclairage allumé,En agglomération,Hors intersection,Pluie légère,Deux véhicules - frontale,,,,,,,,,,,5,2,1,2,1
200800016418,0008-03-18 20:30:00,8,3,18,20,30,680,11,,47.783,7.164,Nuit sans éclairage public,Hors agglomération,Hors intersection,Normale,Trois véhicules et plus - collisions multiples,,,,,,,,,,,3,1,1,1,5
200800016419,0008-03-29 09:15:00,8,3,29,9,15,680,314,,47.742,7.08,Plein jour,Hors agglomération,Hors intersection,Normale,Autre collision,,,,,,,,,,,1,1,1,1,6
200800016420,0008-03-08 06:00:00,8,3,8,6,0,510,146,,,,Nuit sans éclairage public,Hors agglomération,Hors intersection,Brouillard / fumée,Autre collision,,,,,,,,,,,3,1,1,5,6
200800016421,0008-03-22 18:00:00,8,3,22,18,0,510,389,,49.13,4.32,Plein jour,Hors agglomération,Hors intersection,Normale,Autre collision,,,,,,,,,,,1,1,1,1,6
200800016422,0008-03-17 04:45:00,8,3,17,4,45,510,413,,49.024,4.038,Nuit sans éclairage public,Hors agglomération,Hors intersection,Normale,Autre collision,,,,,,,,,,,3,1,1,1,6
200800016423,0008-03-17 10:00:00,8,3,17,10,0,510,413,,49.015,4.036,Plein jour,Hors agglomération,Hors intersection,Normale,Trois véhicules et plus - collisions multiples,,,,,,,,,,,1,1,1,1,5
200800016424,0008-03-27 18:00:00,8,3,27,18,0,510,264,,48.823,3.588,Plein jour,Hors agglomération,Hors intersection,Temps couvert,Autre collision,,,,,,,,,,,1,1,1,8,6
200800016425,0008-03-04 17:45:00,8,3,4,17,45,510,514,,48.703,3.767,Plein jour,Hors agglomération,Hors intersection,Temps éblouissant,Autre collision,,,,,,,,,,,1,1,1,7,6
200800016426,0008-03-23 01:00:00,8,3,23,1,0,510,324,,,,Nuit sans éclairage public,Hors agglomération,Hors intersection,Neige / grêle,Sans collision,,,,,,,,,,,3,1,1,4,7
200800016427,0008-03-30 23:45:00,8,3,30,23,45,510,402,,48.737,3.497,Nuit sans éclairage public,Hors agglomération,Hors intersection,Normale,Autre collision,,,,,,,,,,,3,1,1,1,6
200800016428,0008-03-01 15:00:00,8,3,1,15,0,510,111,,49.19,3.838,Plein jour,Hors agglomération,Hors intersection,Normale,Sans collision,,,,,,,,,,,1,1,1,1,7
200800016429,0008-03-23 05:00:00,8,3,23,5,0,510,425,,49.135,3.681,Nuit sans éclairage public,Hors agglomération,Hors intersection,Autre,Sans collision,,,,,,,,,,,3,1,1,9,7
200800016430,0008-03-14 05:15:00,8,3,14,5,15,510,210,,49.069,3.957,Nuit sans éclairage public,Hors agglomération,Hors intersection,Normale,Autre collision,,,,,,,,,,,3,1,1,1,6
200800016431,0008-03-25 12:45:00,8,3,25,12,45,510,232,,,,Plein jour,Hors agglomération,Hors intersection,Normale,Sans collision,,,,,,,,,,,1,1,1,1,7
200800016432,0008-03-06 14:45:00,8,3,6,14,45,510,598,,48.713,4.695,Plein jour,Hors agglomération,Hors intersection,Normale,Sans collision,,,,,,,,,,,1,1,1,1,7
200800016433,0008-03-18 11:15:00,8,3,18,11,15,510,649,rue du pont,,,Plein jour,En agglomération,Hors intersection,Normale,Autre collision,,,,,,,,,,,1,2,1,1,6
200800016434,0008-03-23 06:15:00,8,3,23,6,15,510,598,,48.71,4.663,Crépuscule ou aube,Hors agglomération,Hors intersection,Normale,Autre collision,,,,,,,,,,,2,1,1,1,6
200800016435,0008-03-15 19:00:00,8,3,15,19,0,510,197,,49.067,4.645,Nuit sans éclairage public,Hors agglomération,Hors intersection,Pluie légère,Sans collision,,,,,,,,,,,3,1,1,2,7
200800016436,0008-03-18 12:00:00,8,3,18,12,0,510,507,,49.091,4.883,Plein jour,En agglomération,Hors intersection,Normale,Deux véhicules - côté,,,,,,,,,,,1,2,1,1,3
200800016437,0008-03-06 11:30:00,8,3,6,11,30,80,328,126 rue Jean Jaures,,,Plein jour,En agglomération,Hors intersection,Normale,Autre collision,,,,,,,,,,,1,2,1,1,6
200800016438,0008-03-24 01:45:00,8,3,24,1,45,80,188,,,,Nuit sans éclairage public,Hors agglomération,Hors intersection,Temps couvert,Autre collision,,,,,,,,,,,3,1,1,8,6
200800016439,0008-03-26 16:15:00,8,3,26,16,15,80,81,21 rue de la vallee,,,Plein jour,En agglomération,Hors intersection,Normale,Deux véhicules - frontale,,,,,,,,,,,1,2,1,1,1
200800016440,0008-03-29 16:30:00,8,3,29,16,30,80,125,rue des lilas,,,Plein jour,En agglomération,Hors intersection,Normale,Trois véhicules et plus - collisions multiples,,,,,,,,,,,1,2,1,1,5
200800016441,0008-03-03 11:30:00,8,3,3,11,30,80,185,rue Jules Perlaux,49.997,4.708,Plein jour,En agglomération,Hors intersection,Normale,Deux véhicules - côté,,,,,,,,,,,1,2,1,1,3
200800016442,0008-03-29 10:30:00,8,3,29,10,30,80,367,,49.934,4.544,Plein jour,Hors agglomération,Hors intersection,Normale,Deux véhicules - frontale,,,,,,,,,,,1,1,1,1,1
200800016443,0008-03-29 01:15:00,8,3,29,1,15,100,125,,,,Nuit sans éclairage public,Hors agglomération,Hors intersection,Normale,Sans collision,,,,,,,,,,,3,1,1,1,7
200800016444,0008-03-13 11:45:00,8,3,13,11,45,100,190,,48.298,4.21,Plein jour,Hors agglomération,Hors intersection,Normale,Autre collision,,,,,,,,,,,1,1,1,1,6
200800016445,0008-03-08 16:45:00,8,3,8,16,45,100,76,,,,Plein jour,Hors agglomération,Hors intersection,Normale,Sans collision,,,,,,,,,,,1,1,1,1,7
200800016446,0008-03-20 09:45:00,8,3,20,9,45,100,64,,48.406,4.526,Plein jour,Hors agglomération,Hors intersection,Normale,Deux véhicules - frontale,,,,,,,,,,,1,1,1,1,1
200800016447,0008-03-30 03:00:00,8,3,30,3,0,100,64,,,,Nuit sans éclairage public,Hors agglomération,Hors intersection,Normale,Autre collision,,,,,,,,,,,3,1,1,1,6
200800016448,0008-03-09 17:00:00,8,3,9,17,0,100,355,,48.537,3.497,Crépuscule ou aube,Hors agglomération,Intersection en X,Normale,Deux véhicules - frontale,,,,,,,,,,,2,1,2,1,1
200800016449,0008-03-18 10:15:00,8,3,18,10,15,100,231,,48.523,3.421,Plein jour,Hors agglomération,Hors intersection,Normale,Deux véhicules - côté,,,,,,,,,,,1,1,1,1,3
200800016450,0008-03-14 20:15:00,8,3,14,20,15,100,392,rue gare/rue chevaliers,48.473,3.904,Nuit sans éclairage public,En agglomération,Intersection en X,Normale,Deux véhicules - côté,,,,,,,,,,,3,2,2,1,3