accident_id,datetime,annee,mois,jour,heure,minute,departement,commune_insee,adresse,latitude,longitude,luminosite,agglomeration,intersection,meteo,collision,nb_vehicules,nb_usagers,nb_indemnes,nb_tues,nb_blesses_hosp,nb_blesses_legers,age_cond_1,age_cond_2,veh_type_cond_1,veh_type_cond_2,lum_code,agg_code,int_code,atm_code,col_code
200800016730,0008-03-30 08:30:00,8,3,30,8,30,300,88,,43.863,4.12,Plein jour,Hors agglomération,Hors intersection,Normale,Autre collision,,,,,,,,,,,1,1,1,1,6
200800016731,0008-03-09 17:30:00,8,3,9,17,30,300,272,,,,Plein jour,Hors agglomération,Hors intersection,Pluie légère,Deux véhicules - arrière,,,,,,,,,,,1,1,1,2,2
200800016732,0008-03-08 06:00:00,8,3,8,6,0,480,94,RD 32,44.312,3.174,Nuit avec éclairage allumé,En agglomération,Hors intersection,Pluie légère,Sans collision,,,,,,,,,,,5,2,1,2,7
200800016733,0008-03-06 17:45:00,8,3,6,17,45,480,92,rue Vilette,,,Plein jour,En agglomération,Intersection en T,Normale,Deux véhicules - côté,,,,,,,,,,,1,2,3,1,3
200800016734,0008-03-28 08:15:00,8,3,28,8,15,660,26,,42.566,2.906,Plein jour,Hors agglomération,Hors intersection,Temps couvert,Deux véhicules - arrière,,,,,,,,,,,1,1,1,8,2
200800016735,0008-03-11 17:15:00,8,3,11,17,15,660,56,,,,Plein jour,Hors agglomération,Hors intersection,Normale,Autre collision,,,,,,,,,,,1,1,1,1,6
200800016736,0008-03-21 20:45:00,8,3,21,20,45,660,180,,,,Nuit sans éclairage public,Hors agglomération,Hors intersection,Vent fort / tempête,Autre collision,,,,,,,,,,,3,1,1,6,6
200800016737,0008-03-02 21:00:00,8,3,2,21,0,660,144,Rue du reart,,,Nuit avec éclairage allumé,En agglomération,Hors intersection,Normale,Sans collision,,,,,,,,,,,5,2,1,1,7
200800016738,0008-03-05 20:00:00,8,3,5,20,0,660,210,Lo Pardal,42.634,2.753,Nuit avec éclairage allumé,En agglomération,Hors intersection,Normale,Deux véhicules - côté,,,,,,,,,,,5,2,1,1,3
200800016739,0008-03-08 12:00:00,8,3,8,12,0,660,217,Avenue de la canterrane,,,Plein jour,En agglomération,Hors intersection,Normale,Autre collision,,,,,,,,,,,1,2,1,1,6
200800016740,0008-03-21 18:30:00,8,3,21,18,30,660,226,,,,Plein jour,Hors agglomération,Hors intersection,Temps couvert,Deux véhicules - arrière,,,,,,,,,,,1,1,1,8,2
200800016741,0008-03-26 17:45:00,8,3,26,17,45,660,8,,,,Plein jour,Hors agglomération,Hors intersection,Pluie forte,Deux véhicules - arrière,,,,,,,,,,,1,1,1,3,2
200800016742,0008-03-01 21:30:00,8,3,1,21,30,660,175,,,,Nuit sans éclairage public,Hors agglomération,Hors intersection,Normale,Autre collision,,,,,,,,,,,3,1,1,1,6
200800016743,0008-03-18 15:15:00,8,3,18,15,15,660,133,AVENUE DES ALBERES,,,Plein jour,En agglomération,Hors intersection,Normale,Deux véhicules - côté,,,,,,,,,,,1,2,1,1,3
200800016744,0008-03-18 12:30:00,8,3,18,12,30,660,225,,,,Plein jour,Hors agglomération,Hors intersection,Normale,Deux véhicules - côté,,,,,,,,,,,1,1,1,1,3
200800016745,0008-03-30 20:45:00,8,3,30,20,45,660,148,rd 914 face place obelis,42.525,3.108,Nuit avec éclairage allumé,En agglomération,Hors intersection,Normale,Autre collision,,,,,,,,,,,5,2,1,1,6
200800016746,0008-03-11 00:01:00,8,3,11,0,1,660,5,,,,Nuit sans éclairage public,Hors agglomération,Hors intersection,Normale,Autre collision,,,,,,,,,,,3,1,1,1,6
200800016747,0008-03-26 17:45:00,8,3,26,17,45,660,88,avenue bosc,,,Plein jour,En agglomération,Hors intersection,Normale,Deux véhicules - frontale,,,,,,,,,,,1,2,1,1,1
200800016748,0008-03-26 14:30:00,8,3,26,14,30,201,271,,,,Plein jour,Hors agglomération,Hors intersection,Normale,Deux véhicules - côté,,,,,,,,,,,1,1,1,1,3
200800016749,0008-03-20 13:45:00,8,3,20,13,45,201,41,,,,Plein jour,Hors agglomération,Hors intersection,Normale,Sans collision,,,,,,,,,,,1,1,1,1,7
200800016750,0008-03-26 20:45:00,8,3,26,20,45,201,41,,41.43,9.185,Nuit sans éclairage public,Hors agglomération,Hors intersection,Temps couvert,Autre collision,,,,,,,,,,,3,1,1,8,6
200800016751,0008-03-14 10:45:00,8,3,14,10,45,201,247,RN 198,,,Plein jour,En agglomération,Autre intersection,Normale,Deux véhicules - côté,,,,,,,,,,,1,2,9,1,3
200800016752,0008-03-23 12:45:00,8,3,23,12,45,201,247,,41.565,9.237,Plein jour,Hors agglomération,Hors intersection,Pluie légère,Deux véhicules - côté,,,,,,,,,,,1,1,1,2,3
200800016753,0008-03-10 13:15:00,8,3,10,13,15,201,272,,41.641,8.963,Plein jour,Hors agglomération,Hors intersection,Temps couvert,Autre collision,,,,,,,,,,,1,1,1,8,6
200800016754,0008-03-24 12:00:00,8,3,24,12,0,201,71,,,,Plein jour,Hors agglomération,Hors intersection,Neige / grêle,Deux véhicules - frontale,,,,,,,,,,,1,1,1,4,1
200800016755,0008-03-19 20:45:00,8,3,19,20,45,202,355,,,,Nuit sans éclairage public,Hors agglomération,Hors intersection,Pluie légère,Deux véhicules - frontale,,,,,,,,,,,3,1,1,2,1
200800016756,0008-03-05 11:00:00,8,3,5,11,0,202,224,,42.863,9.48,Plein jour,Hors agglomération,Hors intersection,Pluie forte,Autre collision,,,,,,,,,,,1,1,1,3,6
200800016757,0008-03-05 05:15:00,8,3,5,5,15,202,96,,42.292,9.201,Nuit sans éclairage public,Hors agglomération,Hors intersection,Normale,Autre collision,,,,,,,,,,,3,1,1,1,6
200800016758,0008-03-01 17:15:00,8,3,1,17,15,202,332,,,,Plein jour,Hors agglomération,Hors intersection,Normale,Deux véhicules - frontale,,,,,,,,,,,1,1,1,1,1
200800016759,0008-03-13 01:45:00,8,3,13,1,45,202,9,,42.09,9.5,Nuit sans éclairage public,Hors agglomération,Hors intersection,Normale,Deux véhicules - frontale,,,,,,,,,,,3,1,1,1,1
200800016760,0008-03-13 21:30:00,8,3,13,21,30,202,311,,42.359,9.533,Nuit avec éclairage allumé,Hors agglomération,Hors intersection,Normale,Deux véhicules - côté,,,,,,,,,,,5,1,1,1,3
200800016761,0008-03-16 18:15:00,8,3,16,18,15,202,343,,42.503,9.468,Nuit sans éclairage public,Hors agglomération,Hors intersection,Normale,Deux véhicules - côté,,,,,,,,,,,3,1,1,1,3
200800016762,0008-03-29 21:30:00,8,3,29,21,30,202,286,QUERCIOLO,42.501,9.472,Nuit avec éclairage allumé,En agglomération,Place,Normale,Deux véhicules - côté,,,,,,,,,,,5,2,7,1,3
200800016763,0008-03-27 18:00:00,8,3,27,18,0,780,89,RUE DE LA TOUR MESNIL RE,,,Plein jour,En agglomération,Hors intersection,Temps éblouissant,Deux véhicules - frontale,,,,,,,,,,,1,2,1,7,1
200800016764,0008-03-02 06:00:00,8,3,2,6,0,780,465,vallee Jean Leloup,48.84,1.704,Crépuscule ou aube,En agglomération,Hors intersection,Normale,Autre collision,,,,,,,,,,,2,2,1,1,6
200800016765,0008-03-08 07:30:00,8,3,8,7,30,780,564,,48.528,1.93,Crépuscule ou aube,Hors agglomération,Hors intersection,Normale,Sans collision,,,,,,,,,,,2,1,1,1,7
200800016766,0008-03-22 15:45:00,8,3,22,15,45,780,575,Rte de versailles- CD938,,,Plein jour,En agglomération,Hors intersection,Normale,Trois véhicules et plus - collisions multiples,,,,,,,,,,,1,2,1,1,5
200800016767,0008-03-03 21:15:00,8,3,3,21,15,780,262,,48.808,1.808,Nuit sans éclairage public,Hors agglomération,Hors intersection,Pluie légère,Autre collision,,,,,,,,,,,3,1,1,2,6
200800016768,0008-03-20 19:00:00,8,3,20,19,0,780,576,Route de St Remy,48.764,1.885,Nuit avec éclairage allumé,En agglomération,Hors intersection,Normale,Deux véhicules - côté,,,,,,,,,,,5,2,1,1,3
200800016769,0008-03-25 08:30:00,8,3,25,8,30,780,576,,48.738,1.886,Crépuscule ou aube,Hors agglomération,Hors intersection,Normale,Deux véhicules - arrière,,,,,,,,,,,2,1,1,1,2
200800016770,0008-03-22 01:30:00,8,3,22,1,30,780,616,,,,Nuit sans éclairage public,Hors agglomération,Hors intersection,Pluie légère,Autre collision,,,,,,,,,,,3,1,1,2,6
200800016771,0008-03-09 18:30:00,8,3,9,18,30,780,601,,,,Crépuscule ou aube,Hors agglomération,Hors intersection,Pluie légère,Trois véhicules et plus - en chaîne,,,,,,,,,,,2,1,1,2,4
200800016772,0008-03-17 07:45:00,8,3,17,7,45,780,349,,,,Plein jour,Hors agglomération,Hors intersection,Temps couvert,Deux véhicules - frontale,,,,,,,,,,,1,1,1,8,1
200800016773,0008-03-24 15:00:00,8,3,24,15,0,910,599,26 route de Corbeil,,,Plein jour,En agglomération,Hors intersection,Normale,Deux véhicules - frontale,,,,,,,,,,,1,2,1,1,1
200800016774,0008-03-07 19:15:00,8,3,7,19,15,910,106,,48.562,2.148,Nuit avec éclairage allumé,Hors agglomération,Hors intersection,Normale,Trois véhicules et plus - collisions multiples,,,,,,,,,,,5,1,1,1,5
200800016775,0008-03-11 17:30:00,8,3,11,17,30,910,602,,48.524,2.162,Plein jour,Hors agglomération,Hors intersection,Temps couvert,Deux véhicules - frontale,,,,,,,,,,,1,1,1,8,1
200800016776,0008-03-26 11:30:00,8,3,26,11,30,910,630,"110, rue du village",48.569,2.061,Plein jour,En agglomération,Hors intersection,Normale,Deux véhicules - frontale,,,,,,,,,,,1,2,1,1,1
200800016777,0008-03-06 11:45:00,8,3,6,11,45,910,41,,48.578,2.249,Plein jour,Hors agglomération,Hors intersection,Normale,Deux véhicules - frontale,,,,,,,,,,,1,1,1,1,1
200800016778,0008-03-11 15:30:00,8,3,11,15,30,910,115,,48.591,2.195,Plein jour,Hors agglomération,Hors intersection,Pluie légère,Deux véhicules - frontale,,,,,,,,,,,1,1,1,2,1
200800016779,0008-03-12 20:00:00,8,3,12,20,0,910,494,Route de CORBEIL,,,Nuit avec éclairage allumé,En agglomération,Hors intersection,Normale,Deux véhicules - frontale,,,,,,,,,,,5,2,1,1,1
200800016780,0008-03-23 09:00:00,8,3,23,9,0,910,274,RD988,,,Plein jour,En agglomération,Autre intersection,Normale,Deux véhicules - frontale,,,,,,,,,,,1,2,9,1,1
200800016781,0008-03-12 08:00:00,8,3,12,8,0,950,78,,,,Plein jour,Hors agglomération,Hors intersection,Vent fort / tempête,Deux véhicules - côté,,,,,,,,,,,1,1,1,6,3
200800016782,0008-03-25 17:15:00,8,3,25,17,15,950,241,,49.048,2.438,Plein jour,Hors agglomération,Hors intersection,Normale,Deux véhicules - frontale,,,,,,,,,,,1,1,1,1,1
200800016783,0008-03-28 23:45:00,8,3,28,23,45,950,241,rue Maitre  Renaud,49.052,2.451,Nuit sans éclairage public,En agglomération,Hors intersection,Normale,Deux véhicules - frontale,,,,,,,,,,,3,2,1,1,1
200800016784,0008-03-01 05:15:00,8,3,1,5,15,770,103,,,,Nuit sans éclairage public,Hors agglomération,Hors intersection,Vent fort / tempête,Autre collision,,,,,,,,,,,3,1,1,6,6
200800016785,0008-03-04 11:30:00,8,3,4,11,30,770,34,,48.582,2.781,Plein jour,Hors agglomération,Hors intersection,Normale,Deux véhicules - côté,,,,,,,,,,,1,1,1,1,3
200800016786,0008-03-20 09:15:00,8,3,20,9,15,770,295,Rue de la boucle,48.57,2.736,Plein jour,En agglomération,Giratoire,Normale,Deux véhicules - côté,,,,,,,,,,,1,2,6,1,3
200800016787,0008-03-21 20:45:00,8,3,21,20,45,770,295,,,,Nuit sans éclairage public,Hors agglomération,Hors intersection,Normale,Deux véhicules - frontale,,,,,,,,,,,3,1,1,1,1
200800016788,0008-03-07 16:15:00,8,3,7,16,15,770,47,"43, rue de montpichet",48.882,2.89,Plein jour,En agglomération,Hors intersection,Normale,Sans collision,,,,,,,,,,,1,2,1,1,7
200800016789,0008-03-09 21:15:00,8,3,9,21,15,770,130,,48.898,2.941,Nuit sans éclairage public,Hors agglomération,Hors intersection,Temps couvert,Sans collision,,,,,,,,,,,3,1,1,8,7
200800016790,0008-03-10 16:30:00,8,3,10,16,30,770,402,,48.836,3.355,Plein jour,Hors agglomération,Hors intersection,Pluie légère,Deux véhicules - frontale,,,,,,,,,,,1,1,1,2,1
200800016791,0008-03-14 17:00:00,8,3,14,17,0,770,106,,48.824,3.168,Plein jour,Hors agglomération,Hors intersection,Pluie légère,Deux véhicules - arrière,,,,,,,,,,,1,1,1,2,2
200800016792,0008-03-18 14:15:00,8,3,18,14,15,770,31,,48.695,2.918,Plein jour,Hors agglomération,Hors intersection,Temps couvert,Sans collision,,,,,,,,,,,1,1,1,8,7
200800016793,0008-03-17 20:45:00,8,3,17,20,45,770,469,,48.733,3.021,Nuit sans éclairage public,Hors agglomération,Hors intersection,Normale,Autre collision,,,,,,,,,,,3,1,1,1,6
200800016794,0008-03-06 10:00:00,8,3,6,10,0,770,339,,48.385,2.499,Plein jour,Hors agglomération,Hors intersection,Temps couvert,Trois véhicules et plus - collisions multiples,,,,,,,,,,,1,1,1,8,5
200800016795,0008-03-05 10:45:00,8,3,5,10,45,770,531,,48.265,2.97,Plein jour,Hors agglomération,Hors intersection,Normale,Autre collision,,,,,,,,,,,1,1,1,1,6
200800016796,0008-03-17 09:00:00,8,3,17,9,0,770,473,,48.281,2.769,Plein jour,Hors agglomération,Hors intersection,Autre,Deux véhicules - côté,,,,,,,,,,,1,1,1,9,3
200800016797,0008-03-30 21:45:00,8,3,30,21,45,770,420,,49.031,2.669,Nuit sans éclairage public,Hors agglomération,Hors intersection,Normale,Trois véhicules et plus - collisions multiples,,,,,,,,,,,3,1,1,1,5
200800016798,0008-03-21 12:30:00,8,3,21,12,30,770,157,,49.031,3.137,Plein jour,Hors agglomération,Hors intersection,Pluie légère,Deux véhicules - côté,,,,,,,,,,,1,1,1,2,3
200800016799,0008-03-16 22:00:00,8,3,16,22,0,770,32,route nationale 4,48.705,3.25,Nuit sans éclairage public,En agglomération,Hors intersection,Pluie légère,Deux véhicules - frontale,,,,,,,,,,,3,2,1,2,1
200800016800,0008-03-26 13:15:00,8,3,26,13,15,770,109,,48.607,3.209,Plein jour,Hors agglomération,Hors intersection,Normale,Trois véhicules et plus - collisions multiples,,,,,,,,,,,1,1,1,1,5
200800016801,0008-03-24 20:45:00,8,3,24,20,45,770,25,,,,Nuit sans éclairage public,Hors agglomération,Hors intersection,Neige / grêle,Deux véhicules - frontale,,,,,,,,,,,3,1,1,4,1
200800016802,0008-03-13 16:45:00,8,3,13,16,45,770,190,,48.534,3.011,Plein jour,Hors agglomération,Hors intersection,Pluie légère,Autre collision,,,,,,,,,,,1,1,1,2,6
200800016803,0008-03-18 14:00:00,8,3,18,14,0,770,327,RD 619 PK 38.100,48.565,3.019,Plein jour,En agglomération,Hors intersection,Normale,Deux véhicules - frontale,,,,,,,,,,,1,2,1,1,1
200800016804,0008-03-11 07:45:00,8,3,11,7,45,450,82,,,,Plein jour,Hors agglomération,Hors intersection,Temps couvert,Deux véhicules - frontale,,,,,,,,,,,1,1,1,8,1
200800016805,0008-03-08 19:00:00,8,3,8,19,0,450,272,,47.828,1.956,Nuit sans éclairage public,Hors agglomération,Hors intersection,Normale,Sans collision,,,,,,,,,,,3,1,1,1,7
200800016806,0008-03-01 12:45:00,8,3,1,12,45,450,28,,,,Plein jour,En agglomération,Hors intersection,Normale,Deux véhicules - côté,,,,,,,,,,,1,2,1,1,3
200800016807,0008-03-03 12:45:00,8,3,3,12,45,450,203,,47.852,1.727,Plein jour,Hors agglomération,Hors intersection,Normale,Deux véhicules - frontale,,,,,,,,,,,1,1,1,1,1
200800016808,0008-03-15 14:30:00,8,3,15,14,30,450,203,,47.826,1.703,Plein jour,Hors agglomération,Hors intersection,Normale,Trois véhicules et plus - collisions multiples,,,,,,,,,,,1,1,1,1,5
200800016809,0008-03-18 12:00:00,8,3,18,12,0,450,28,rue de la Maille d' Or,47.784,1.634,Plein jour,En agglomération,Hors intersection,Normale,Autre collision,,,,,,,,,,,1,2,1,1,6
200800016810,0008-03-27 07:00:00,8,3,27,7,0,450,28,,47.785,1.632,Plein jour,Hors agglomération,Hors intersection,Normale,Deux véhicules - arrière,,,,,,,,,,,1,1,1,1,2
200800016811,0008-03-15 04:15:00,8,3,15,4,15,450,155,,,,Nuit sans éclairage public,Hors agglomération,Hors intersection,Normale,Deux véhicules - arrière,,,,,,,,,,,3,1,1,1,2
200800016812,0008-03-25 18:45:00,8,3,25,18,45,450,108,,,,Plein jour,Hors agglomération,Hors intersection,Normale,Sans collision,,,,,,,,,,,1,1,1,1,7
200800016813,0008-03-21 20:15:00,8,3,21,20,15,450,108,,47.606,2.515,Nuit sans éclairage public,Hors agglomération,Hors intersection,Normale,Deux véhicules - frontale,,,,,,,,,,,3,1,1,1,1
200800016814,0008-03-29 00:15:00,8,3,29,0,15,450,60,,,,Nuit sans éclairage public,Hors agglomération,Hors intersection,Normale,Deux véhicules - frontale,,,,,,,,,,,3,1,1,1,1
200800016815,0008-03-25 08:15:00,8,3,25,8,15,450,315,,,,Plein jour,Hors agglomération,Hors intersection,Normale,Deux véhicules - côté,,,,,,,,,,,1,1,1,1,3
200800016816,0008-03-09 06:00:00,8,3,9,6,0,450,279,,47.951,2.87,Nuit sans éclairage public,Hors agglomération,Hors intersection,Normale,Deux véhicules - frontale,,,,,,,,,,,3,1,1,1,1
200800016817,0008-03-13 06:45:00,8,3,13,6,45,450,307,,48.072,2.886,Crépuscule ou aube,Hors agglomération,Hors intersection,Normale,Autre collision,,,,,,,,,,,2,1,1,1,6
200800016818,0008-03-22 05:15:00,8,3,22,5,15,450,26,,48.136,3.026,Nuit sans éclairage public,Hors agglomération,Hors intersection,Normale,Autre collision,,,,,,,,,,,3,1,1,1,6
200800016819,0008-03-30 08:30:00,8,3,30,8,30,450,119,Lieu dit Bourgneuf,48.148,2.257,Plein jour,En agglomération,Hors intersection,Normale,Autre collision,,,,,,,,,,,1,2,1,1,6
200800016820,0008-03-25 18:00:00,8,3,25,18,0,180,23,,47.089,2.722,Plein jour,Hors agglomération,Hors intersection,Normale,Deux véhicules - côté,,,,,,,,,,,1,1,1,1,3
200800016821,0008-03-26 11:15:00,8,3,26,11,15,180,53,,47.156,2.871,Plein jour,Hors agglomération,Hors intersection,Normale,Deux véhicules - frontale,,,,,,,,,,,1,1,1,1,1
200800016822,0008-03-08 16:30:00,8,3,8,16,30,180,197,Route de CHARENTON du CH,46.727,2.516,Plein jour,En agglomération,Hors intersection,Normale,Deux véhicules - arrière,,,,,,,,,,,1,2,1,1,2
200800016823,0008-03-19 17:00:00,8,3,19,17,0,180,172,,46.737,2.471,Plein jour,Hors agglomération,Hors intersection,Normale,Deux véhicules - frontale,,,,,,,,,,,1,1,1,1,1
200800016824,0008-03-27 16:00:00,8,3,27,16,0,180,195,,46.852,2.859,Plein jour,Hors agglomération,Hors intersection,Normale,Trois véhicules et plus - collisions multiples,,,,,,,,,,,1,1,1,1,5
200800016825,0008-03-02 11:15:00,8,3,2,11,15,180,30,,47.522,2.515,Plein jour,Hors agglomération,Hors intersection,Pluie légère,Deux véhicules - côté,,,,,,,,,,,1,1,1,2,3
200800016826,0008-03-09 17:45:00,8,3,9,17,45,180,149,,47.312,2.394,Plein jour,Hors agglomération,Hors intersection,Temps couvert,Deux véhicules - côté,,,,,,,,,,,1,1,1,8,3
200800016827,0008-03-21 17:15:00,8,3,21,17,15,180,138,,,,Plein jour,Hors agglomération,Hors intersection,Pluie légère,Autre collision,,,,,,,,,,,1,1,1,2,6
200800016828,0008-03-04 20:00:00,8,3,4,20,0,180,226,,,,Nuit sans éclairage public,Hors agglomération,Hors intersection,Vent fort / tempête,Sans collision,,,,,,,,,,,3,1,1,6,7
200800016829,0008-03-22 17:30:00,8,3,22,17,30,180,16,,,,Plein jour,Hors agglomération,Hors intersection,Temps couvert,Sans collision,,,,,,,,,,,1,1,1,8,7
200800016830,0008-03-28 19:15:00,8,3,28,19,15,180,179,,,,Crépuscule ou aube,Hors agglomération,Hors intersection,Pluie légère,Trois véhicules et plus - en chaîne,,,,,,,,,,,2,1,1,2,4
200800016831,0008-03-31 16:30:00,8,3,31,16,30,280,6,,48.441,1.379,Plein jour,Hors agglomération,Hors intersection,Normale,Deux véhicules - frontale,,,,,,,,,,,1,1,1,1,1
200800016832,0008-03-20 07:45:00,8,3,20,7,45,280,23,,48.526,1.647,Plein jour,Hors agglomération,Hors intersection,Normale,Deux véhicules - côté,,,,,,,,,,,1,1,1,1,3
200800016833,0008-03-09 06:15:00,8,3,9,6,15,280,391,,48.216,1.948,Nuit sans éclairage public,Hors agglomération,Hors intersection,Normale,Autre collision,,,,,,,,,,,3,1,1,1,6
200800016834,0008-03-14 15:30:00,8,3,14,15,30,280,422,Rue Paul Deschanel,48.277,1.629,Plein jour,En agglomération,Hors intersection,Normale,Deux véhicules - arrière,,,,,,,,,,,1,2,1,1,2
200800016835,0008-03-12 08:00:00,8,3,12,8,0,280,185,,48.775,1.545,Plein jour,Hors agglomération,Hors intersection,Pluie légère,Sans collision,,,,,,,,,,,1,1,1,2,7
200800016836,0008-03-01 16:00:00,8,3,1,16,0,280,386,Rue de CHARTRES,48.575,1.252,Plein jour,En agglomération,Hors intersection,Normale,Sans collision,,,,,,,,,,,1,2,1,1,7
200800016837,0008-03-03 18:45:00,8,3,3,18,45,280,280,rue du paty,48.319,0.819,Nuit avec éclairage allumé,En agglomération,Hors intersection,Pluie légère,Deux véhicules - côté,,,,,,,,,,,5,2,1,2,3
200800016838,0008-03-10 16:00:00,8,3,10,16,0,280,335,,,,Plein jour,Hors agglomération,Hors intersection,Pluie légère,Deux véhicules - côté,,,,,,,,,,,1,1,1,2,3
200800016839,0008-03-24 12:00:00,8,3,24,12,0,280,214,,,,Plein jour,Hors agglomération,Hors intersection,Pluie légère,Autre collision,,,,,,,,,,,1,1,1,2,6
200800016840,0008-03-29 19:00:00,8,3,29,19,0,280,119,,,,Crépuscule ou aube,Hors agglomération,Hors intersection,Normale,Deux véhicules - frontale,,,,,,,,,,,2,1,1,1,1
200800016841,0008-03-14 17:00:00,8,3,14,17,0,360,117,,46.56,1.569,Plein jour,Hors agglomération,Hors intersection,Normale,Deux véhicules - frontale,,,,,,,,,,,1,1,1,1,1
200800016842,0008-03-15 05:00:00,8,3,15,5,0,360,106,,,,Nuit sans éclairage public,Hors agglomération,Hors intersection,Normale,Autre collision,,,,,,,,,,,3,1,1,1,6
200800016843,0008-03-30 01:45:00,8,3,30,1,45,360,154,,46.6,1.577,Nuit sans éclairage public,Hors agglomération,Autre intersection,Pluie légère,Autre collision,,,,,,,,,,,3,1,9,2,6
200800016844,0008-03-07 08:30:00,8,3,7,8,30,360,241,,46.868,1.529,Plein jour,Hors agglomération,Hors intersection,Normale,Deux véhicules - frontale,,,,,,,,,,,1,1,1,1,1
200800016845,0008-03-19 12:15:00,8,3,19,12,15,360,82,,47.022,1.491,Plein jour,Hors agglomération,Hors intersection,Temps couvert,Deux véhicules - arrière,,,,,,,,,,,1,1,1,8,2
200800016846,0008-03-21 18:00:00,8,3,21,18,0,360,241,Rue des COMB AFN,46.849,1.539,Plein jour,En agglomération,Intersection en X,Normale,Deux véhicules - côté,,,,,,,,,,,1,2,2,1,3
200800016847,0008-03-23 09:00:00,8,3,23,9,0,360,136,,46.925,1.127,Plein jour,Hors agglomération,Hors intersection,Normale,Autre collision,,,,,,,,,,,1,1,1,1,6
200800016848,0008-03-25 23:45:00,8,3,25,23,45,360,232,,46.803,1.409,Nuit sans éclairage public,Hors agglomération,Hors intersection,Normale,Autre collision,,,,,,,,,,,3,1,1,1,6
200800016849,0008-03-01 20:00:00,8,3,1,20,0,360,1,55 rue de la Republique,46.441,1.824,Nuit avec éclairage allumé,En agglomération,Hors intersection,Temps couvert,Deux véhicules - arrière,,,,,,,,,,,5,2,1,8,2
200800016850,0008-03-04 17:45:00,8,3,4,17,45,360,179,,46.942,1.967,Plein jour,Hors agglomération,Hors intersection,Temps couvert,Deux véhicules - frontale,,,,,,,,,,,1,1,1,8,1
200800016851,0008-03-10 09:00:00,8,3,10,9,0,360,171,,47.101,2.045,Plein jour,Hors agglomération,Hors intersection,Pluie forte,Autre collision,,,,,,,,,,,1,1,1,3,6
200800016852,0008-03-15 05:30:00,8,3,15,5,30,370,3,RD952,47.424,0.986,Nuit sans éclairage public,En agglomération,Hors intersection,Normale,Sans collision,,,,,,,,,,,3,2,1,1,7
200800016853,0008-03-28 16:00:00,8,3,28,16,0,370,3,,47.399,1.002,Plein jour,Hors agglomération,Hors intersection,Pluie forte,Deux véhicules - frontale,,,,,,,,,,,1,1,1,3,1
200800016854,0008-03-28 15:30:00,8,3,28,15,30,370,171,,,,Plein jour,Hors agglomération,Hors intersection,Pluie légère,Sans collision,,,,,,,,,,,1,1,1,2,7
200800016855,0008-03-05 17:15:00,8,3,5,17,15,370,109,,47.417,0.594,Plein jour,Hors agglomération,Giratoire,Normale,Sans collision,,,,,,,,,,,1,1,6,1,7
200800016856,0008-03-14 16:45:00,8,3,14,16,45,370,139,,,,Plein jour,Hors agglomération,Hors intersection,Normale,Autre collision,,,,,,,,,,,1,1,1,1,6
200800016857,0008-03-21 15:45:00,8,3,21,15,45,370,72,La belle laveuse -,,,Plein jour,En agglomération,Hors intersection,Normale,Sans collision,,,,,,,,,,,1,2,1,1,7
200800016858,0008-03-11 10:30:00,8,3,11,10,30,370,147,,47.072,0.541,Plein jour,Hors agglomération,Hors intersection,Pluie forte,Sans collision,,,,,,,,,,,1,1,1,3,7
200800016859,0008-03-16 14:00:00,8,3,16,14,0,370,107,,46.979,0.858,Plein jour,Hors agglomération,Hors intersection,Pluie légère,Autre collision,,,,,,,,,,,1,1,1,2,6
200800016860,0008-03-09 05:00:00,8,3,9,5,0,410,296,,47.656,1.988,Nuit avec éclairage allumé,Hors agglomération,Intersection en T,Normale,Deux véhicules - côté,,,,,,,,,,,5,1,3,1,3
200800016861,0008-03-22 17:00:00,8,3,22,17,0,410,231,,,,Plein jour,Hors agglomération,Hors intersection,Pluie légère,Autre collision,,,,,,,,,,,1,1,1,2,6
200800016862,0008-03-31 13:45:00,8,3,31,13,45,410,285,,47.629,1.71,Plein jour,Hors agglomération,Hors intersection,Normale,Sans collision,,,,,,,,,,,1,1,1,1,7
200800016863,0008-03-15 19:00:00,8,3,15,19,0,410,131,,,,Crépuscule ou aube,Hors agglomération,Hors intersection,Normale,Sans collision,,,,,,,,,,,2,1,1,1,7
200800016864,0008-03-17 19:45:00,8,3,17,19,45,410,215,,,,Crépuscule ou aube,Hors agglomération,Hors intersection,Normale,Deux véhicules - côté,,,,,,,,,,,2,1,1,1,3
200800016865,0008-03-30 10:45:00,8,3,30,10,45,410,87,,47.82,0.861,Plein jour,Hors agglomération,Intersection en X,Pluie légère,Deux véhicules - côté,,,,,,,,,,,1,1,2,2,3
200800016866,0008-03-01 18:00:00,8,3,1,18,0,410,96,,,,Crépuscule ou aube,Hors agglomération,Hors intersection,Normale,Autre collision,,,,,,,,,,,2,1,1,1,6