accident_id,datetime,annee,mois,jour,heure,minute,departement,commune_insee,adresse,latitude,longitude,luminosite,agglomeration,intersection,meteo,collision,nb_vehicules,nb_usagers,nb_indemnes,nb_tues,nb_blesses_hosp,nb_blesses_legers,age_cond_1,age_cond_2,veh_type_cond_1,veh_type_cond_2,lum_code,agg_code,int_code,atm_code,col_code
200800017007,0008-03-21 09:00:00,8,3,21,9,0,60,84,,,,Plein jour,Hors agglomération,Hors intersection,Normale,Deux véhicules - arrière,,,,,,,,,,,1,1,1,1,2
200800017008,0008-03-29 18:45:00,8,3,29,18,45,60,90,Avenue Frederic Mistral,,,Plein jour,En agglomération,Hors intersection,Normale,Autre collision,,,,,,,,,,,1,2,1,1,6
200800017009,0008-03-24 18:00:00,8,3,24,18,0,490,7,,47.496,-0.537,Plein jour,Hors agglomération,Hors intersection,Pluie légère,Sans collision,,,,,,,,,,,1,1,1,2,7
200800017010,0008-03-12 09:00:00,8,3,12,9,0,670,49,,,,Plein jour,Hors agglomération,Hors intersection,Vent fort / tempête,Deux véhicules - frontale,,,,,,,,,,,1,1,1,6,1
200800017011,0008-03-15 19:00:00,8,3,15,19,0,670,152,rue de verdun,48.523,7.684,Nuit avec éclairage allumé,En agglomération,Hors intersection,Normale,Deux véhicules - côté,,,,,,,,,,,5,2,1,1,3
200800017012,0008-03-10 08:30:00,8,3,10,8,30,670,309,"4, rue Leclerc",48.647,7.723,Plein jour,En agglomération,Hors intersection,Normale,Autre collision,,,,,,,,,,,1,2,1,1,6
200800017013,0008-03-20 19:30:00,8,3,20,19,30,670,389,,,,Nuit sans éclairage public,Hors agglomération,Hors intersection,Normale,Deux véhicules - côté,,,,,,,,,,,3,1,1,1,3
200800017014,0008-03-29 05:15:00,8,3,29,5,15,670,296,2 bis rte de Strasbourg,48.619,7.692,Nuit avec éclairage non allumé,En agglomération,Hors intersection,Normale,Autre collision,,,,,,,,,,,4,2,1,1,6
200800017015,0008-03-21 18:15:00,8,3,21,18,15,60,10,avenue amiral de grasse,43.705,6.989,Nuit avec éclairage allumé,En agglomération,Hors intersection,Normale,Deux véhicules - frontale,,,,,,,,,,,5,2,1,1,1
200800017016,0008-03-10 02:45:00,8,3,10,2,45,210,638,,47.564,5.2,Nuit sans éclairage public,Hors agglomération,Hors intersection,Normale,Deux véhicules - arrière,,,,,,,,,,,3,1,1,1,2
200800017017,0008-03-25 18:30:00,8,3,25,18,30,40,149,,,,Plein jour,Hors agglomération,Hors intersection,Normale,Autre collision,,,,,,,,,,,1,1,1,1,6
200800017018,0008-03-27 18:00:00,8,3,27,18,0,50,162,,44.429,6.013,Plein jour,Hors agglomération,Hors intersection,Normale,Autre collision,,,,,,,,,,,1,1,1,1,6
200800017019,0008-03-13 07:30:00,8,3,13,7,30,130,113,,43.585,5.467,Crépuscule ou aube,Hors agglomération,Hors intersection,Pluie légère,Deux véhicules - côté,,,,,,,,,,,2,1,1,2,3
200800017020,0008-03-13 11:15:00,8,3,13,11,15,130,113,,,,Plein jour,Hors agglomération,Hors intersection,Normale,Autre collision,,,,,,,,,,,1,1,1,1,6
200800017021,0008-03-18 19:30:00,8,3,18,19,30,730,82,,,,Nuit sans éclairage public,Hors agglomération,Autre intersection,Normale,Trois véhicules et plus - collisions multiples,,,,,,,,,,,3,1,9,1,5
200800017022,0008-03-25 18:15:00,8,3,25,18,15,770,453,,,,Plein jour,Hors agglomération,Autre intersection,Normale,Sans collision,,,,,,,,,,,1,1,9,1,7
200800017023,0008-03-07 09:15:00,8,3,7,9,15,310,324,,,,Plein jour,Hors agglomération,Hors intersection,Normale,Deux véhicules - arrière,,,,,,,,,,,1,1,1,1,2
200800017024,0008-03-03 03:30:00,8,3,3,3,30,490,41,,,,Nuit sans éclairage public,Hors agglomération,Hors intersection,Pluie légère,Sans collision,,,,,,,,,,,3,1,1,2,7
200800017025,0008-03-14 09:00:00,8,3,14,9,0,490,41,,,,Plein jour,Hors agglomération,Hors intersection,Normale,Sans collision,,,,,,,,,,,1,1,1,1,7
200800017026,0008-03-04 23:00:00,8,3,4,23,0,740,278,Avenue des Vallees,,,Nuit avec éclairage allumé,En agglomération,Hors intersection,Pluie légère,Deux véhicules - arrière,,,,,,,,,,,5,2,1,2,2
200800017027,0008-03-15 05:45:00,8,3,15,5,45,440,103,,,,Nuit sans éclairage public,Hors agglomération,Hors intersection,Normale,Autre collision,,,,,,,,,,,3,1,1,1,6
200800017028,0008-03-03 13:45:00,8,3,3,13,45,190,234,,45.293,1.574,Plein jour,Hors agglomération,Hors intersection,Pluie légère,Deux véhicules - arrière,,,,,,,,,,,1,1,1,2,2
200800017029,0008-03-01 11:30:00,8,3,1,11,30,870,148,,,,Plein jour,Hors agglomération,Hors intersection,Normale,Autre collision,,,,,,,,,,,1,1,1,1,6
200800017030,0008-03-24 07:45:00,8,3,24,7,45,450,247,,,,Crépuscule ou aube,Hors agglomération,Hors intersection,Normale,Autre collision,,,,,,,,,,,2,1,1,1,6
200800017031,0008-03-10 23:30:00,8,3,10,23,30,340,123,,,,Nuit sans éclairage public,Hors agglomération,Hors intersection,Normale,Trois véhicules et plus - collisions multiples,,,,,,,,,,,3,1,1,1,5
200800017032,0008-03-13 16:30:00,8,3,13,16,30,340,196,,,,Plein jour,Hors agglomération,Hors intersection,Vent fort / tempête,Sans collision,,,,,,,,,,,1,1,1,6,7
200800017033,0008-03-22 18:30:00,8,3,22,18,30,330,393,,,,Nuit sans éclairage public,Hors agglomération,Hors intersection,Normale,Autre collision,,,,,,,,,,,3,1,1,1,6
200800017034,0008-03-29 16:00:00,8,3,29,16,0,720,320,Boulevard de Maule,48.062,0.167,Plein jour,En agglomération,Intersection en X,Normale,Deux véhicules - côté,,,,,,,,,,,1,2,2,1,3
200800017035,0008-03-19 04:00:00,8,3,19,4,0,580,298,,,,Nuit sans éclairage public,Hors agglomération,Hors intersection,Normale,Sans collision,,,,,,,,,,,3,1,1,1,7
200800017036,0008-03-10 18:45:00,8,3,10,18,45,190,176,,,,Crépuscule ou aube,Hors agglomération,Hors intersection,Neige / grêle,Autre collision,,,,,,,,,,,2,1,1,4,6
200800017037,0008-03-25 07:00:00,8,3,25,7,0,190,207,,,,Plein jour,Hors agglomération,Autre intersection,Normale,Autre collision,,,,,,,,,,,1,1,9,1,6
200800017038,0008-03-11 16:45:00,8,3,11,16,45,310,269,,43.482,1.261,Plein jour,Hors agglomération,Intersection en X,Normale,Deux véhicules - côté,,,,,,,,,,,1,1,2,1,3
200800017039,0008-03-01 17:45:00,8,3,1,17,45,300,34,,,,Plein jour,Hors agglomération,Hors intersection,Normale,Deux véhicules - frontale,,,,,,,,,,,1,1,1,1,1
200800017040,0008-03-03 13:45:00,8,3,3,13,45,300,60,,,,Plein jour,Hors agglomération,Hors intersection,Normale,Deux véhicules - côté,,,,,,,,,,,1,1,1,1,3
200800017041,0008-03-08 01:45:00,8,3,8,1,45,300,135,,43.831,4.526,Nuit sans éclairage public,Hors agglomération,Hors intersection,Normale,Trois véhicules et plus - collisions multiples,,,,,,,,,,,3,1,1,1,5
200800017042,0008-03-15 22:30:00,8,3,15,22,30,300,135,,,,Nuit sans éclairage public,Hors agglomération,Hors intersection,Pluie légère,Autre collision,,,,,,,,,,,3,1,1,2,6
200800017043,0008-03-18 22:00:00,8,3,18,22,0,300,47,,,,Nuit sans éclairage public,Hors agglomération,Giratoire,Normale,Deux véhicules - arrière,,,,,,,,,,,3,1,6,1,2
200800017044,0008-03-16 01:15:00,8,3,16,1,15,130,45,,,,Nuit sans éclairage public,Hors agglomération,Hors intersection,Temps couvert,Autre collision,,,,,,,,,,,3,1,1,8,6
200800017045,0008-03-20 09:15:00,8,3,20,9,15,340,192,RUE DES ALGUES MARINES,,,Plein jour,En agglomération,Hors intersection,Normale,Autre collision,,,,,,,,,,,1,2,1,1,6
200800017046,0008-03-21 13:45:00,8,3,21,13,45,760,192,,50.025,1.326,Plein jour,Hors agglomération,Hors intersection,Normale,Autre collision,,,,,,,,,,,1,1,1,1,6
200800017047,0008-03-11 20:00:00,8,3,11,20,0,760,255,rue de la Republique,50.053,1.428,Nuit avec éclairage allumé,En agglomération,Hors intersection,Pluie légère,Deux véhicules - côté,,,,,,,,,,,5,2,1,2,3
200800017048,0008-03-20 12:15:00,8,3,20,12,15,760,255,ROCADE DE CONTOURNEMENT,,,Plein jour,En agglomération,Hors intersection,Normale,Trois véhicules et plus - collisions multiples,,,,,,,,,,,1,2,1,1,5
200800017049,0008-03-21 13:30:00,8,3,21,13,30,760,192,,50.026,1.328,Plein jour,Hors agglomération,Hors intersection,Normale,Sans collision,,,,,,,,,,,1,1,1,1,7
200800017050,0008-03-28 17:30:00,8,3,28,17,30,760,644,CD 22,50.013,1.392,Plein jour,En agglomération,Hors intersection,Normale,Deux véhicules - arrière,,,,,,,,,,,1,2,1,1,2
200800017051,0008-03-01 07:30:00,8,3,1,7,30,760,248,,49.582,1.291,Crépuscule ou aube,Hors agglomération,Hors intersection,Vent fort / tempête,Deux véhicules - côté,,,,,,,,,,,2,1,1,6,3
200800017052,0008-03-02 05:45:00,8,3,2,5,45,760,113,,49.524,1.355,Nuit sans éclairage public,Hors agglomération,Hors intersection,Pluie légère,Autre collision,,,,,,,,,,,3,1,1,2,6
200800017053,0008-03-08 19:15:00,8,3,8,19,15,250,317,,,,Nuit sans éclairage public,Hors agglomération,Hors intersection,Normale,Deux véhicules - côté,,,,,,,,,,,3,1,1,1,3
200800017054,0008-03-23 19:15:00,8,3,23,19,15,950,183,27 BOULEVARD DES CHASSEU,,,Crépuscule ou aube,En agglomération,Hors intersection,Pluie légère,Deux véhicules - frontale,,,,,,,,,,,2,2,1,2,1
200800017055,0008-03-09 02:15:00,8,3,9,2,15,350,173,,,,Nuit sans éclairage public,Hors agglomération,Intersection en X,Normale,Deux véhicules - côté,,,,,,,,,,,3,1,2,1,3
200800017056,0008-03-30 03:30:00,8,3,30,3,30,340,169,,43.659,3.866,Nuit sans éclairage public,Hors agglomération,Hors intersection,Normale,Deux véhicules - côté,,,,,,,,,,,3,1,1,1,3
200800017057,0008-03-31 11:15:00,8,3,31,11,15,340,169,,,,Plein jour,Hors agglomération,Intersection en T,Normale,Deux véhicules - frontale,,,,,,,,,,,1,1,3,1,1
200800017058,0008-03-14 08:15:00,8,3,14,8,15,350,273,,48.374,-1.279,Plein jour,Hors agglomération,Hors intersection,Normale,Autre collision,,,,,,,,,,,1,1,1,1,6
200800017059,0008-03-27 18:30:00,8,3,27,18,30,370,166,,,,Plein jour,Hors agglomération,Hors intersection,Normale,Trois véhicules et plus - en chaîne,,,,,,,,,,,1,1,1,1,4
200800017060,0008-03-20 08:15:00,8,3,20,8,15,340,270,Avenue de Librilla,,,Plein jour,En agglomération,Hors intersection,Normale,Autre collision,,,,,,,,,,,1,2,1,1,6
200800017061,0008-03-22 18:00:00,8,3,22,18,0,340,270,,,,Crépuscule ou aube,Hors agglomération,Hors intersection,Normale,Deux véhicules - côté,,,,,,,,,,,2,1,1,1,3
200800017062,0008-03-03 22:15:00,8,3,3,22,15,300,141,,,,Nuit sans éclairage public,Hors agglomération,Hors intersection,Normale,Autre collision,,,,,,,,,,,3,1,1,1,6
200800017063,0008-03-27 16:15:00,8,3,27,16,15,370,50,,,,Plein jour,Hors agglomération,Hors intersection,Normale,Sans collision,,,,,,,,,,,1,1,1,1,7
200800017064,0008-03-15 19:00:00,8,3,15,19,0,830,131,les tourettes,,,Nuit avec éclairage allumé,En agglomération,Intersection en X,Normale,Deux véhicules - côté,,,,,,,,,,,5,2,2,1,3
200800017065,0008-03-31 08:15:00,8,3,31,8,15,500,485,,,,Plein jour,Hors agglomération,Hors intersection,Normale,Autre collision,,,,,,,,,,,1,1,1,1,6
200800017066,0008-03-21 18:30:00,8,3,21,18,30,830,19,,,,Plein jour,Hors agglomération,Hors intersection,Normale,Sans collision,,,,,,,,,,,1,1,1,1,7
200800017067,0008-03-29 20:15:00,8,3,29,20,15,680,29,,47.919,7.244,Nuit sans éclairage public,Hors agglomération,Hors intersection,Normale,Sans collision,,,,,,,,,,,3,1,1,1,7
200800017068,0008-03-13 19:30:00,8,3,13,19,30,330,236,Chemin du cassieu,,,Nuit avec éclairage allumé,En agglomération,Hors intersection,Normale,Deux véhicules - côté,,,,,,,,,,,5,2,1,1,3
200800017069,0008-02-08 11:00:00,8,2,8,11,0,330,527,,,,Plein jour,Hors agglomération,Intersection en T,Normale,Deux véhicules - côté,,,,,,,,,,,1,1,3,1,3
200800017070,0008-04-15 15:30:00,8,4,15,15,30,60,85,685 ROUTE D ANTIBES,,,Plein jour,En agglomération,Hors intersection,Normale,Autre collision,,,,,,,,,,,1,2,1,1,6
200800017071,0008-04-12 00:15:00,8,4,12,0,15,110,190,,43.244,2.657,Nuit sans éclairage public,Hors agglomération,Hors intersection,Normale,Autre collision,,,,,,,,,,,3,1,1,1,6
200800017072,0008-04-30 09:00:00,8,4,30,9,0,690,55,route nationale 6,,,Plein jour,En agglomération,Hors intersection,Pluie légère,Sans collision,,,,,,,,,,,1,2,1,2,7
200800017073,0008-04-30 15:00:00,8,4,30,15,0,740,309,241 route du saleve,,,Plein jour,En agglomération,Hors intersection,Normale,Autre collision,,,,,,,,,,,1,2,1,1,6
200800017074,0008-04-06 11:30:00,8,4,6,11,30,60,161,RD 6098,43.64,7.14,Plein jour,En agglomération,Hors intersection,Normale,Autre collision,,,,,,,,,,,1,2,1,1,6
200800017075,0008-04-22 19:00:00,8,4,22,19,0,60,161,RD 6007,,,Plein jour,En agglomération,Autre intersection,Normale,Deux véhicules - côté,,,,,,,,,,,1,2,9,1,3
200800017076,0008-04-16 12:45:00,8,4,16,12,45,180,88,,47.436,2.436,Plein jour,Hors agglomération,Hors intersection,Neige / grêle,Deux véhicules - côté,,,,,,,,,,,1,1,1,4,3
200800017077,0008-04-04 17:45:00,8,4,4,17,45,60,84,avenue de grasse,,,Plein jour,En agglomération,Hors intersection,Normale,Deux véhicules - arrière,,,,,,,,,,,1,2,1,1,2
200800017078,0008-04-01 10:30:00,8,4,1,10,30,340,259,,,,Plein jour,Hors agglomération,Hors intersection,Normale,Deux véhicules - arrière,,,,,,,,,,,1,1,1,1,2
200800017079,0008-04-06 04:45:00,8,4,6,4,45,730,213,,,,Nuit sans éclairage public,Hors agglomération,Hors intersection,Temps couvert,Sans collision,,,,,,,,,,,3,1,1,8,7
200800017080,0008-04-05 15:15:00,8,4,5,15,15,730,200,,45.506,6.081,Plein jour,Hors agglomération,Hors intersection,Normale,Sans collision,,,,,,,,,,,1,1,1,1,7
200800017081,0008-04-01 16:45:00,8,4,1,16,45,690,244,24 AVENUE DE LAUTERB,,,Plein jour,En agglomération,Hors intersection,Normale,Autre collision,,,,,,,,,,,1,2,1,1,6
200800017082,0008-04-04 05:00:00,8,4,4,5,0,340,135,,43.278,3.182,Nuit sans éclairage public,Hors agglomération,Hors intersection,Normale,Deux véhicules - arrière,,,,,,,,,,,3,1,1,1,2
200800017083,0008-04-03 14:45:00,8,4,3,14,45,340,163,,43.658,3.677,Plein jour,Hors agglomération,Hors intersection,Normale,Autre collision,,,,,,,,,,,1,1,1,1,6
200800017084,0008-04-04 18:15:00,8,4,4,18,15,340,145,242 rue roger salengro,,,Plein jour,En agglomération,Hors intersection,Normale,Autre collision,,,,,,,,,,,1,2,1,1,6
200800017085,0008-04-01 13:30:00,8,4,1,13,30,60,151,,,,Plein jour,Hors agglomération,Hors intersection,Normale,Autre collision,,,,,,,,,,,1,1,1,1,6
200800017086,0008-04-01 16:30:00,8,4,1,16,30,670,95,rue du college,48.94,7.19,Plein jour,En agglomération,Hors intersection,Normale,Autre collision,,,,,,,,,,,1,2,1,1,6
200800017087,0008-04-01 08:00:00,8,4,1,8,0,690,114,,,,Plein jour,Hors agglomération,Hors intersection,Normale,Deux véhicules - côté,,,,,,,,,,,1,1,1,1,3
200800017088,0008-04-01 09:00:00,8,4,1,9,0,330,422,,44.811,-0.794,Plein jour,Hors agglomération,Giratoire,Normale,Deux véhicules - côté,,,,,,,,,,,1,1,6,1,3
200800017089,0008-04-03 07:15:00,8,4,3,7,15,330,498,,44.591,-0.775,Crépuscule ou aube,Hors agglomération,Hors intersection,Brouillard / fumée,Trois véhicules et plus - collisions multiples,,,,,,,,,,,2,1,1,5,5
200800017090,0008-04-02 22:15:00,8,4,2,22,15,600,395,,,,Nuit sans éclairage public,Hors agglomération,Hors intersection,Normale,Autre collision,,,,,,,,,,,3,1,1,1,6
200800017091,0008-04-30 12:00:00,8,4,30,12,0,830,70,,,,Plein jour,En agglomération,Hors intersection,Temps couvert,Deux véhicules - côté,,,,,,,,,,,1,2,1,8,3
200800017092,0008-04-18 07:00:00,8,4,18,7,0,830,19,,,,Plein jour,Hors agglomération,Hors intersection,Autre,Deux véhicules - frontale,,,,,,,,,,,1,1,1,9,1
200800017093,0008-04-23 16:00:00,8,4,23,16,0,720,58,,47.965,0.26,Plein jour,Hors agglomération,Hors intersection,Normale,Deux véhicules - frontale,,,,,,,,,,,1,1,1,1,1
200800017094,0008-04-20 16:15:00,8,4,20,16,15,720,124,,47.824,0.3,Plein jour,Hors agglomération,Giratoire,Pluie légère,Sans collision,,,,,,,,,,,1,1,6,2,7
200800017095,0008-04-28 09:00:00,8,4,28,9,0,220,34,,,,Plein jour,Hors agglomération,Hors intersection,Neige / grêle,Deux véhicules - frontale,,,,,,,,,,,1,1,1,4,1
200800017096,0008-04-13 04:00:00,8,4,13,4,0,440,103,,,,Nuit sans éclairage public,Hors agglomération,Hors intersection,Normale,Autre collision,,,,,,,,,,,3,1,1,1,6
200800017097,0008-04-15 19:15:00,8,4,15,19,15,80,163,,,,Plein jour,Hors agglomération,Hors intersection,Normale,Autre collision,,,,,,,,,,,1,1,1,1,6
200800017098,0008-04-25 19:00:00,8,4,25,19,0,350,124,,47.715,-1.705,Plein jour,Hors agglomération,Hors intersection,Normale,Trois véhicules et plus - collisions multiples,,,,,,,,,,,1,1,1,1,5
200800017099,0008-04-27 19:00:00,8,4,27,19,0,340,196,,,,Plein jour,Hors agglomération,Hors intersection,Normale,Autre collision,,,,,,,,,,,1,1,1,1,6
200800017100,0008-04-23 14:00:00,8,4,23,14,0,830,54,rue de la Republique,,,Plein jour,En agglomération,Hors intersection,Normale,Deux véhicules - côté,,,,,,,,,,,1,2,1,1,3
200800017101,0008-04-06 16:00:00,8,4,6,16,0,830,131,,43.206,6.03,Plein jour,Hors agglomération,Hors intersection,Normale,Trois véhicules et plus - collisions multiples,,,,,,,,,,,1,1,1,1,5
200800017102,0008-04-27 18:15:00,8,4,27,18,15,300,331,,44.109,4.622,Plein jour,Hors agglomération,Hors intersection,Normale,Autre collision,,,,,,,,,,,1,1,1,1,6
200800017103,0008-04-22 23:30:00,8,4,22,23,30,300,191,,44.143,4.669,Nuit sans éclairage public,Hors agglomération,Autre intersection,Normale,Deux véhicules - côté,,,,,,,,,,,3,1,9,1,3
200800017104,0008-04-26 17:15:00,8,4,26,17,15,340,295,,,,Plein jour,Hors agglomération,Hors intersection,Normale,Deux véhicules - frontale,,,,,,,,,,,1,1,1,1,1
200800017105,0008-04-08 07:45:00,8,4,8,7,45,340,270,Avenue de Librilla,,,Crépuscule ou aube,En agglomération,Hors intersection,Pluie légère,Deux véhicules - côté,,,,,,,,,,,2,2,1,2,3
200800017106,0008-04-15 16:15:00,8,4,15,16,15,370,170,,,,Plein jour,Hors agglomération,Hors intersection,Normale,Deux véhicules - arrière,,,,,,,,,,,1,1,1,1,2
200800017107,0008-04-02 19:00:00,8,4,2,19,0,370,160,,,,Plein jour,Hors agglomération,Hors intersection,Normale,Deux véhicules - arrière,,,,,,,,,,,1,1,1,1,2
200800017108,0008-04-10 17:15:00,8,4,10,17,15,660,28,,42.673,2.964,Plein jour,Hors agglomération,Hors intersection,Normale,Deux véhicules - côté,,,,,,,,,,,1,1,1,1,3
200800017109,0008-04-07 20:45:00,8,4,7,20,45,770,359,,,,Crépuscule ou aube,Hors agglomération,Hors intersection,Normale,Deux véhicules - frontale,,,,,,,,,,,2,1,1,1,1
200800017110,0008-04-14 08:00:00,8,4,14,8,0,350,31,,48.201,-1.436,Plein jour,Hors agglomération,Intersection en X,Normale,Deux véhicules - côté,,,,,,,,,,,1,1,2,1,3
200800017111,0008-04-01 06:00:00,8,4,1,6,0,140,568,,49.232,-0.562,Crépuscule ou aube,Hors agglomération,Hors intersection,Normale,Deux véhicules - arrière,,,,,,,,,,,2,1,1,1,2
200800017112,0008-04-22 19:00:00,8,4,22,19,0,560,101,,47.796,-3.08,Plein jour,Hors agglomération,Hors intersection,Normale,Sans collision,,,,,,,,,,,1,1,1,1,7
200800017113,0008-04-14 14:30:00,8,4,14,14,30,560,177,route de Bieuzy Lanvaux,,,Plein jour,En agglomération,Hors intersection,Temps couvert,Deux véhicules - frontale,,,,,,,,,,,1,2,1,8,1
200800017114,0008-04-20 08:15:00,8,4,20,8,15,950,612,,,,Plein jour,Hors agglomération,Hors intersection,Normale,Deux véhicules - arrière,,,,,,,,,,,1,1,1,1,2
200800017115,0008-04-17 09:00:00,8,4,17,9,0,950,527,,,,Plein jour,Hors agglomération,Hors intersection,Temps éblouissant,Trois véhicules et plus - en chaîne,,,,,,,,,,,1,1,1,7,4
200800017116,0008-04-25 13:00:00,8,4,25,13,0,250,381,,,,Plein jour,Hors agglomération,Hors intersection,Normale,Trois véhicules et plus - collisions multiples,,,,,,,,,,,1,1,1,1,5
200800017117,0008-04-30 07:15:00,8,4,30,7,15,310,150,,43.645,1.317,Plein jour,Hors agglomération,Hors intersection,Pluie légère,Deux véhicules - frontale,,,,,,,,,,,1,1,1,2,1
200800017118,0008-04-13 01:30:00,8,4,13,1,30,310,150,,43.667,1.322,Nuit sans éclairage public,Hors agglomération,Hors intersection,Normale,Deux véhicules - frontale,,,,,,,,,,,3,1,1,1,1
200800017119,0008-04-08 20:00:00,8,4,8,20,0,310,150,route de pibrac,43.649,1.32,Crépuscule ou aube,En agglomération,Giratoire,Normale,Sans collision,,,,,,,,,,,2,2,6,1,7
200800017120,0008-04-12 02:30:00,8,4,12,2,30,600,102,,,,Nuit sans éclairage public,Hors agglomération,Hors intersection,Normale,Autre collision,,,,,,,,,,,3,1,1,1,6
200800017121,0008-04-13 06:15:00,8,4,13,6,15,830,130,Avenue General MAGNAN,,,Nuit avec éclairage allumé,En agglomération,Hors intersection,Normale,Deux véhicules - frontale,,,,,,,,,,,5,2,1,1,1
200800017122,0008-04-21 09:00:00,8,4,21,9,0,760,248,,49.591,1.328,Plein jour,Hors agglomération,Hors intersection,Normale,Trois véhicules et plus - en chaîne,,,,,,,,,,,1,1,1,1,4
200800017123,0008-04-26 19:00:00,8,4,26,19,0,760,155,,,,Plein jour,Hors agglomération,Hors intersection,Normale,Sans collision,,,,,,,,,,,1,1,1,1,7
200800017124,0008-04-18 20:15:00,8,4,18,20,15,760,374,,,,Plein jour,En agglomération,Hors intersection,Normale,Deux véhicules - côté,,,,,,,,,,,1,2,1,1,3
200800017125,0008-04-28 18:00:00,8,4,28,18,0,300,60,,43.805,4.38,Plein jour,Hors agglomération,Hors intersection,Pluie légère,Trois véhicules et plus - collisions multiples,,,,,,,,,,,1,1,1,2,5
200800017126,0008-04-19 12:45:00,8,4,19,12,45,300,125,,43.778,4.42,Plein jour,Hors agglomération,Giratoire,Normale,Autre collision,,,,,,,,,,,1,1,6,1,6
200800017127,0008-04-12 01:00:00,8,4,12,1,0,300,117,,43.696,4.604,Nuit sans éclairage public,Hors agglomération,Hors intersection,Normale,Deux véhicules - frontale,,,,,,,,,,,3,1,1,1,1
200800017128,0008-04-20 16:00:00,8,4,20,16,0,140,374,A84 sens R/C PK231,,,Plein jour,En agglomération,Hors intersection,Neige / grêle,Trois véhicules et plus - collisions multiples,,,,,,,,,,,1,2,1,4,5
200800017129,0008-04-18 18:45:00,8,4,18,18,45,720,256,,,,Plein jour,Hors agglomération,Hors intersection,Pluie légère,Deux véhicules - côté,,,,,,,,,,,1,1,1,2,3
200800017130,0008-04-04 17:15:00,8,4,4,17,15,720,334,,48.199,-0.121,Plein jour,Hors agglomération,Place,Normale,Deux véhicules - frontale,,,,,,,,,,,1,1,7,1,1
200800017131,0008-04-21 13:15:00,8,4,21,13,15,720,124,,47.86,0.274,Plein jour,Hors agglomération,Hors intersection,Pluie légère,Autre collision,,,,,,,,,,,1,1,1,2,6
200800017132,0008-04-27 14:00:00,8,4,27,14,0,190,58,,45.49,2.156,Plein jour,Hors agglomération,Hors intersection,Normale,Sans collision,,,,,,,,,,,1,1,1,1,7
200800017133,0008-04-18 13:30:00,8,4,18,13,30,390,159,,,,Plein jour,Hors agglomération,Hors intersection,Normale,Autre collision,,,,,,,,,,,1,1,1,1,6
200800017134,0008-04-06 12:00:00,8,4,6,12,0,800,21,,,,Plein jour,Hors agglomération,Hors intersection,Neige / grêle,Trois véhicules et plus - en chaîne,,,,,,,,,,,1,1,1,4,4
200800017135,0008-04-05 17:00:00,8,4,5,17,0,710,520,Rue Louis Verchere,,,Plein jour,En agglomération,Hors intersection,Normale,Autre collision,,,,,,,,,,,1,2,1,1,6
200800017136,0008-04-04 22:15:00,8,4,4,22,15,310,334,,43.393,1.285,Nuit sans éclairage public,Hors agglomération,Hors intersection,Normale,Trois véhicules et plus - en chaîne,,,,,,,,,,,3,1,1,1,4
200800017137,0008-04-27 12:15:00,8,4,27,12,15,600,265,,,,Plein jour,Hors agglomération,Hors intersection,Normale,Sans collision,,,,,,,,,,,1,1,1,1,7
200800017138,0008-04-18 15:45:00,8,4,18,15,45,950,504,,,,Plein jour,Hors agglomération,Hors intersection,Normale,Autre collision,,,,,,,,,,,1,1,1,1,6
200800017139,0008-04-15 15:00:00,8,4,15,15,0,310,118,,,,Plein jour,Hors agglomération,Hors intersection,Normale,Trois véhicules et plus - collisions multiples,,,,,,,,,,,1,1,1,1,5
200800017140,0008-04-17 00:30:00,8,4,17,0,30,670,237,,,,Nuit sans éclairage public,Hors agglomération,Hors intersection,Normale,Autre collision,,,,,,,,,,,3,1,1,1,6
200800017141,0008-04-12 05:15:00,8,4,12,5,15,670,205,,,,Crépuscule ou aube,Hors agglomération,Hors intersection,Normale,Sans collision,,,,,,,,,,,2,1,1,1,7
200800017142,0008-04-03 03:00:00,8,4,3,3,0,350,206,,,,Nuit sans éclairage public,Hors agglomération,Hors intersection,Normale,Autre collision,,,,,,,,,,,3,1,1,1,6
200800017143,0008-04-08 14:45:00,8,4,8,14,45,380,450,,45.299,5.555,Plein jour,Hors agglomération,Hors intersection,Pluie légère,Autre collision,,,,,,,,,,,1,1,1,2,6
200800017144,0008-04-10 09:30:00,8,4,10,9,30,730,240,,45.516,6.012,Plein jour,Hors agglomération,Hors intersection,Normale,Trois véhicules et plus - collisions multiples,,,,,,,,,,,1,1,1,1,5
200800017145,0008-04-16 11:15:00,8,4,16,11,15,130,80,,,,Plein jour,Hors agglomération,Hors intersection,Normale,Deux véhicules - frontale,,,,,,,,,,,1,1,1,1,1