accident_id,datetime,annee,mois,jour,heure,minute,departement,commune_insee,adresse,latitude,longitude,luminosite,agglomeration,intersection,meteo,collision,nb_vehicules,nb_usagers,nb_indemnes,nb_tues,nb_blesses_hosp,nb_blesses_legers,age_cond_1,age_cond_2,veh_type_cond_1,veh_type_cond_2,lum_code,agg_code,int_code,atm_code,col_code
200800017288,0008-04-05 14:30:00,8,4,5,14,30,370,194,,47.495,0.829,Plein jour,Hors agglomération,Hors intersection,Temps couvert,Deux véhicules - frontale,,,,,,,,,,,1,1,1,8,1
200800017289,0008-04-28 15:45:00,8,4,28,15,45,370,151,,47.451,0.605,Plein jour,Hors agglomération,Hors intersection,Normale,Sans collision,,,,,,,,,,,1,1,1,1,7
200800017290,0008-04-09 11:00:00,8,4,9,11,0,370,47,,,,Plein jour,Hors agglomération,Hors intersection,Pluie légère,Sans collision,,,,,,,,,,,1,1,1,2,7
200800017291,0008-04-04 18:30:00,8,4,4,18,30,370,109,rue eugene gouin,47.404,0.598,Plein jour,En agglomération,Hors intersection,Normale,Deux véhicules - frontale,,,,,,,,,,,1,2,1,1,1
200800017292,0008-04-04 00:01:00,8,4,4,0,1,950,56,rue Faubert,,,Nuit avec éclairage allumé,En agglomération,Place,Normale,Deux véhicules - côté,,,,,,,,,,,5,2,7,1,3
200800017293,0008-04-30 11:45:00,8,4,30,11,45,360,88,rd pt La Croix Rouge,46.959,1.994,Plein jour,En agglomération,Giratoire,Normale,Deux véhicules - côté,,,,,,,,,,,1,2,6,1,3
200800017294,0008-04-16 15:00:00,8,4,16,15,0,360,248,,46.827,1.911,Plein jour,Hors agglomération,Hors intersection,Normale,Autre collision,,,,,,,,,,,1,1,1,1,6
200800017295,0008-04-01 08:45:00,8,4,1,8,45,360,113,,,,Plein jour,Hors agglomération,Hors intersection,Normale,Sans collision,,,,,,,,,,,1,1,1,1,7
200800017296,0008-04-10 20:45:00,8,4,10,20,45,360,233,,47.266,1.559,Crépuscule ou aube,Hors agglomération,Hors intersection,Pluie légère,Sans collision,,,,,,,,,,,2,1,1,2,7
200800017297,0008-04-18 08:45:00,8,4,18,8,45,360,232,,46.802,1.405,Plein jour,Hors agglomération,Hors intersection,Normale,Sans collision,,,,,,,,,,,1,1,1,1,7
200800017298,0008-04-28 13:30:00,8,4,28,13,30,360,200,,46.613,1.505,Plein jour,Hors agglomération,Hors intersection,Normale,Deux véhicules - arrière,,,,,,,,,,,1,1,1,1,2
200800017299,0008-04-23 18:00:00,8,4,23,18,0,360,124,,,,Plein jour,Hors agglomération,Hors intersection,Normale,Autre collision,,,,,,,,,,,1,1,1,1,6
200800017300,0008-04-28 21:45:00,8,4,28,21,45,360,79,,,,Nuit sans éclairage public,Hors agglomération,Autre intersection,Normale,Sans collision,,,,,,,,,,,3,1,9,1,7
200800017301,0008-04-26 00:15:00,8,4,26,0,15,360,5,Rue Pasteur,,,Nuit sans éclairage public,En agglomération,Hors intersection,Normale,Autre collision,,,,,,,,,,,3,2,1,1,6
200800017302,0008-04-24 19:15:00,8,4,24,19,15,360,5,RD 19 PR 30 570,,,Plein jour,En agglomération,Hors intersection,Normale,Deux véhicules - frontale,,,,,,,,,,,1,2,1,1,1
200800017303,0008-04-18 18:45:00,8,4,18,18,45,360,26,,46.967,1.734,Plein jour,Hors agglomération,Hors intersection,Normale,Sans collision,,,,,,,,,,,1,1,1,1,7
200800017304,0008-04-11 12:30:00,8,4,11,12,30,360,157,,,,Plein jour,Hors agglomération,Hors intersection,Normale,Deux véhicules - côté,,,,,,,,,,,1,1,1,1,3
200800017305,0008-04-03 17:30:00,8,4,3,17,30,280,236,avenue des Pres,48.333,0.823,Plein jour,En agglomération,Autre intersection,Normale,Deux véhicules - côté,,,,,,,,,,,1,2,9,1,3
200800017306,0008-04-01 09:15:00,8,4,1,9,15,280,377,,48.826,1.413,Plein jour,Hors agglomération,Hors intersection,Normale,Deux véhicules - côté,,,,,,,,,,,1,1,1,1,3
200800017307,0008-04-15 06:15:00,8,4,15,6,15,280,136,,48.719,1.417,Crépuscule ou aube,Hors agglomération,Hors intersection,Normale,Autre collision,,,,,,,,,,,2,1,1,1,6
200800017308,0008-04-12 19:00:00,8,4,12,19,0,280,123,,,,Crépuscule ou aube,Hors agglomération,Intersection en T,Pluie légère,Deux véhicules - arrière,,,,,,,,,,,2,1,3,2,2
200800017309,0008-04-01 07:45:00,8,4,1,7,45,280,123,,,,Plein jour,Hors agglomération,Hors intersection,Normale,Deux véhicules - arrière,,,,,,,,,,,1,1,1,1,2
200800017310,0008-04-30 18:30:00,8,4,30,18,30,280,350,,48.448,1.322,Plein jour,Hors agglomération,Hors intersection,Normale,Trois véhicules et plus - collisions multiples,,,,,,,,,,,1,1,1,1,5
200800017311,0008-04-06 06:00:00,8,4,6,6,0,280,6,,48.462,1.392,Plein jour,Hors agglomération,Hors intersection,Normale,Sans collision,,,,,,,,,,,1,1,1,1,7
200800017312,0008-04-06 17:45:00,8,4,6,17,45,180,150,Les Berthes,,,Nuit sans éclairage public,En agglomération,Hors intersection,Normale,Autre collision,,,,,,,,,,,3,2,1,1,6
200800017313,0008-04-04 23:15:00,8,4,4,23,15,370,139,45 rue de Vaugareau,47.399,0.53,Nuit avec éclairage allumé,En agglomération,Hors intersection,Normale,Deux véhicules - frontale,,,,,,,,,,,5,2,1,1,1
200800017314,0008-04-15 15:30:00,8,4,15,15,30,180,149,,47.309,2.429,Plein jour,Hors agglomération,Intersection en X,Normale,Deux véhicules - côté,,,,,,,,,,,1,1,2,1,3
200800017315,0008-04-11 16:30:00,8,4,11,16,30,180,11,,,,Plein jour,Hors agglomération,Hors intersection,Normale,Deux véhicules - frontale,,,,,,,,,,,1,1,1,1,1
200800017316,0008-04-10 16:00:00,8,4,10,16,0,180,278,RD.4,46.543,2.427,Plein jour,En agglomération,Hors intersection,Pluie forte,Deux véhicules - côté,,,,,,,,,,,1,2,1,3,3
200800017317,0008-04-16 15:45:00,8,4,16,15,45,180,208,,47.385,2.821,Plein jour,Hors agglomération,Hors intersection,Normale,Autre collision,,,,,,,,,,,1,1,1,1,6
200800017318,0008-04-16 10:15:00,8,4,16,10,15,180,132,,47.194,2.826,Plein jour,Hors agglomération,Hors intersection,Normale,Trois véhicules et plus - collisions multiples,,,,,,,,,,,1,1,1,1,5
200800017319,0008-04-17 08:00:00,8,4,17,8,0,450,246,,48.304,2.14,Plein jour,Hors agglomération,Hors intersection,Normale,Deux véhicules - arrière,,,,,,,,,,,1,1,1,1,2
200800017320,0008-04-04 17:15:00,8,4,4,17,15,450,252,Rue Gabriel Lelong,48.175,2.264,Plein jour,En agglomération,Autre intersection,Normale,Deux véhicules - côté,,,,,,,,,,,1,2,9,1,3
200800017321,0008-04-04 16:45:00,8,4,4,16,45,450,256,,,,Plein jour,Hors agglomération,Hors intersection,Normale,Autre collision,,,,,,,,,,,1,1,1,1,6
200800017322,0008-04-24 07:45:00,8,4,24,7,45,450,323,,,,Plein jour,Hors agglomération,Hors intersection,Normale,Deux véhicules - côté,,,,,,,,,,,1,1,1,1,3
200800017323,0008-04-22 06:00:00,8,4,22,6,0,450,29,,,,Crépuscule ou aube,Hors agglomération,Hors intersection,Pluie légère,Deux véhicules - frontale,,,,,,,,,,,2,1,1,2,1
200800017324,0008-04-23 12:30:00,8,4,23,12,30,450,155,,47.709,2.624,Plein jour,En agglomération,Hors intersection,Normale,Deux véhicules - arrière,,,,,,,,,,,1,2,1,1,2
200800017325,0008-04-22 17:00:00,8,4,22,17,0,450,155,90 CHEMIN DE ST PIERRE,47.702,2.611,Plein jour,En agglomération,Hors intersection,Normale,Deux véhicules - arrière,,,,,,,,,,,1,2,1,1,2
200800017326,0008-04-06 22:00:00,8,4,6,22,0,450,224,route d orleans,48.074,2.044,Nuit avec éclairage allumé,En agglomération,Hors intersection,Normale,Deux véhicules - frontale,,,,,,,,,,,5,2,1,1,1
200800017327,0008-04-22 09:30:00,8,4,22,9,30,450,272,,,,Plein jour,Hors agglomération,Hors intersection,Normale,Autre collision,,,,,,,,,,,1,1,1,1,6
200800017328,0008-04-22 13:00:00,8,4,22,13,0,450,311,,,,Plein jour,Hors agglomération,Hors intersection,Normale,Deux véhicules - côté,,,,,,,,,,,1,1,1,1,3
200800017329,0008-04-17 16:45:00,8,4,17,16,45,450,173,,47.85,2.11,Plein jour,Hors agglomération,Hors intersection,Normale,Deux véhicules - côté,,,,,,,,,,,1,1,1,1,3
200800017330,0008-04-16 18:15:00,8,4,16,18,15,450,272,rue de la gare,,,Plein jour,En agglomération,Hors intersection,Normale,Autre collision,,,,,,,,,,,1,2,1,1,6
200800017331,0008-04-27 18:15:00,8,4,27,18,15,770,227,,48.501,3.389,Plein jour,Hors agglomération,Hors intersection,Normale,Deux véhicules - côté,,,,,,,,,,,1,1,1,1,3
200800017332,0008-04-02 14:45:00,8,4,2,14,45,770,227,,,,Plein jour,Hors agglomération,Hors intersection,Normale,Sans collision,,,,,,,,,,,1,1,1,1,7
200800017333,0008-04-04 16:45:00,8,4,4,16,45,180,134,Route d'Issoudun,,,Plein jour,En agglomération,Hors intersection,Normale,Deux véhicules - frontale,,,,,,,,,,,1,2,1,1,1
200800017334,0008-04-16 21:15:00,8,4,16,21,15,770,109,,48.644,3.209,Nuit sans éclairage public,Hors agglomération,Hors intersection,Normale,Autre collision,,,,,,,,,,,3,1,1,1,6
200800017335,0008-04-05 18:00:00,8,4,5,18,0,770,26,,48.611,3.377,Plein jour,Hors agglomération,Hors intersection,Pluie légère,Deux véhicules - côté,,,,,,,,,,,1,1,1,2,3
200800017336,0008-04-29 13:00:00,8,4,29,13,0,770,231,,49.003,3.016,Plein jour,Hors agglomération,Hors intersection,Pluie forte,Deux véhicules - frontale,,,,,,,,,,,1,1,1,3,1
200800017337,0008-04-24 20:30:00,8,4,24,20,30,770,257,,,,Crépuscule ou aube,Hors agglomération,Hors intersection,Normale,Sans collision,,,,,,,,,,,2,1,1,1,7
200800017338,0008-04-20 02:30:00,8,4,20,2,30,770,5,27 BIS RUE DU MONCEL,48.934,2.717,Nuit avec éclairage allumé,En agglomération,Hors intersection,Normale,Autre collision,,,,,,,,,,,5,2,1,1,6
200800017339,0008-04-27 19:00:00,8,4,27,19,0,770,349,,49.073,2.641,Plein jour,Hors agglomération,Hors intersection,Normale,Deux véhicules - frontale,,,,,,,,,,,1,1,1,1,1
200800017340,0008-04-03 07:30:00,8,4,3,7,30,770,168,,48.19,2.848,Plein jour,Hors agglomération,Hors intersection,Normale,Deux véhicules - frontale,,,,,,,,,,,1,1,1,1,1
200800017341,0008-04-26 00:15:00,8,4,26,0,15,770,486,,48.68,3.05,Nuit sans éclairage public,Hors agglomération,Hors intersection,Normale,Sans collision,,,,,,,,,,,3,1,1,1,7
200800017342,0008-04-05 06:15:00,8,4,5,6,15,770,264,,48.748,2.96,Crépuscule ou aube,Hors agglomération,Hors intersection,Normale,Sans collision,,,,,,,,,,,2,1,1,1,7
200800017343,0008-04-25 13:15:00,8,4,25,13,15,770,318,,48.77,2.91,Plein jour,Hors agglomération,Hors intersection,Normale,Sans collision,,,,,,,,,,,1,1,1,1,7
200800017344,0008-04-13 20:15:00,8,4,13,20,15,770,144,,48.752,2.897,Nuit sans éclairage public,Hors agglomération,Hors intersection,Pluie légère,Autre collision,,,,,,,,,,,3,1,1,2,6
200800017345,0008-04-15 15:00:00,8,4,15,15,0,770,176,Rue Robert Martin,48.806,2.992,Plein jour,En agglomération,Hors intersection,Normale,Autre collision,,,,,,,,,,,1,2,1,1,6
200800017346,0008-04-13 16:30:00,8,4,13,16,30,770,336,,48.77,2.86,Plein jour,Hors agglomération,Hors intersection,Normale,Trois véhicules et plus - collisions multiples,,,,,,,,,,,1,1,1,1,5
200800017347,0008-04-27 00:45:00,8,4,27,0,45,770,440,,48.952,3.091,Nuit sans éclairage public,Hors agglomération,Hors intersection,Normale,Deux véhicules - arrière,,,,,,,,,,,3,1,1,1,2
200800017348,0008-04-18 23:30:00,8,4,18,23,30,770,361,24 RUE DE LA FONTAINE,48.905,3.045,Nuit avec éclairage non allumé,En agglomération,Hors intersection,Pluie légère,Autre collision,,,,,,,,,,,4,2,1,2,6
200800017349,0008-04-03 20:45:00,8,4,3,20,45,770,182,CD 204,48.792,3.303,Plein jour,En agglomération,Hors intersection,Normale,Deux véhicules - côté,,,,,,,,,,,1,2,1,1,3
200800017350,0008-04-08 15:45:00,8,4,8,15,45,770,127,,48.679,2.684,Plein jour,Hors agglomération,Hors intersection,Temps couvert,Autre collision,,,,,,,,,,,1,1,1,8,6
200800017351,0008-04-09 18:30:00,8,4,9,18,30,950,229,GRANDE RUE,,,Plein jour,En agglomération,Hors intersection,Normale,Deux véhicules - frontale,,,,,,,,,,,1,2,1,1,1
200800017352,0008-04-06 15:00:00,8,4,6,15,0,950,303,,49.163,1.997,Plein jour,Hors agglomération,Hors intersection,Normale,Sans collision,,,,,,,,,,,1,1,1,1,7
200800017353,0008-04-25 17:30:00,8,4,25,17,30,950,523,,,,Plein jour,Hors agglomération,Hors intersection,Normale,Autre collision,,,,,,,,,,,1,1,1,1,6
200800017354,0008-04-25 20:00:00,8,4,25,20,0,770,109,,48.657,3.218,Plein jour,Hors agglomération,Hors intersection,Normale,Deux véhicules - côté,,,,,,,,,,,1,1,1,1,3
200800017355,0008-04-07 07:00:00,8,4,7,7,0,910,274,,,,Plein jour,Hors agglomération,Hors intersection,Neige / grêle,Sans collision,,,,,,,,,,,1,1,1,4,7
200800017356,0008-04-25 11:15:00,8,4,25,11,15,910,635,,48.729,2.19,Plein jour,Hors agglomération,Hors intersection,Normale,Deux véhicules - frontale,,,,,,,,,,,1,1,1,1,1
200800017357,0008-04-17 20:00:00,8,4,17,20,0,910,665,Parking CARREFOUR,48.676,2.277,Crépuscule ou aube,En agglomération,Hors intersection,Normale,Deux véhicules - frontale,,,,,,,,,,,2,2,1,1,1
200800017358,0008-04-03 11:45:00,8,4,3,11,45,910,136,30 route de Versailles,,,Plein jour,En agglomération,Hors intersection,Normale,Deux véhicules - côté,,,,,,,,,,,1,2,1,1,3
200800017359,0008-04-07 17:45:00,8,4,7,17,45,910,93,,48.672,2.038,Plein jour,Hors agglomération,Hors intersection,Temps éblouissant,Deux véhicules - frontale,,,,,,,,,,,1,1,1,7,1
200800017360,0008-04-04 10:30:00,8,4,4,10,30,910,249,,48.633,2.067,Plein jour,Hors agglomération,Hors intersection,Normale,Deux véhicules - frontale,,,,,,,,,,,1,1,1,1,1
200800017361,0008-04-02 14:00:00,8,4,2,14,0,910,494,,48.609,2.322,Plein jour,Hors agglomération,Hors intersection,Normale,Sans collision,,,,,,,,,,,1,1,1,1,7
200800017362,0008-04-28 15:30:00,8,4,28,15,30,910,156,,,,Plein jour,Hors agglomération,Hors intersection,Normale,Deux véhicules - frontale,,,,,,,,,,,1,1,1,1,1
200800017363,0008-04-16 20:00:00,8,4,16,20,0,910,156,,48.456,2.365,Plein jour,Hors agglomération,Hors intersection,Normale,Deux véhicules - côté,,,,,,,,,,,1,1,1,1,3
200800017364,0008-04-02 17:45:00,8,4,2,17,45,910,41,,48.564,2.226,Plein jour,Hors agglomération,Hors intersection,Pluie légère,Deux véhicules - côté,,,,,,,,,,,1,1,1,2,3
200800017365,0008-04-27 20:15:00,8,4,27,20,15,910,405,,,,Plein jour,Hors agglomération,Hors intersection,Normale,Deux véhicules - côté,,,,,,,,,,,1,1,1,1,3
200800017366,0008-04-30 19:30:00,8,4,30,19,30,910,659,,,,Plein jour,Hors agglomération,Hors intersection,Normale,Autre collision,,,,,,,,,,,1,1,1,1,6
200800017367,0008-04-25 17:15:00,8,4,25,17,15,910,468,rue du moulin,48.582,2.445,Plein jour,En agglomération,Hors intersection,Normale,Autre collision,,,,,,,,,,,1,2,1,1,6
200800017368,0008-04-19 18:45:00,8,4,19,18,45,780,537,rue des Paradis,,,Plein jour,En agglomération,Hors intersection,Normale,Sans collision,,,,,,,,,,,1,2,1,1,7
200800017369,0008-04-25 19:15:00,8,4,25,19,15,780,513,rue nationale,,,Plein jour,En agglomération,Hors intersection,Normale,Autre collision,,,,,,,,,,,1,2,1,1,6
200800017370,0008-04-14 11:00:00,8,4,14,11,0,780,616,,,,Plein jour,Hors agglomération,Hors intersection,Normale,Sans collision,,,,,,,,,,,1,1,1,1,7
200800017371,0008-04-08 15:00:00,8,4,8,15,0,780,62,,48.843,1.849,Plein jour,Hors agglomération,Hors intersection,Normale,Trois véhicules et plus - collisions multiples,,,,,,,,,,,1,1,1,1,5
200800017372,0008-04-18 17:45:00,8,4,18,17,45,780,576,,,,Plein jour,Hors agglomération,Hors intersection,Normale,Sans collision,,,,,,,,,,,1,1,1,1,7
200800017373,0008-04-27 16:00:00,8,4,27,16,0,780,590,,,,Plein jour,Hors agglomération,Hors intersection,Normale,Trois véhicules et plus - en chaîne,,,,,,,,,,,1,1,1,1,4
200800017374,0008-04-19 17:15:00,8,4,19,17,15,780,548,,,,Plein jour,Hors agglomération,Hors intersection,Normale,Trois véhicules et plus - collisions multiples,,,,,,,,,,,1,1,1,1,5
200800017375,0008-04-24 10:00:00,8,4,24,10,0,950,355,,49.162,1.783,Plein jour,Hors agglomération,Giratoire,Normale,Deux véhicules - côté,,,,,,,,,,,1,1,6,1,3
200800017376,0008-04-06 16:15:00,8,4,6,16,15,780,89,,,,Plein jour,Hors agglomération,Hors intersection,Pluie forte,Autre collision,,,,,,,,,,,1,1,1,3,6
200800017377,0008-04-29 10:00:00,8,4,29,10,0,202,346,ARENA,42.507,9.465,Plein jour,En agglomération,Hors intersection,Normale,Deux véhicules - frontale,,,,,,,,,,,1,2,1,1,1
200800017378,0008-04-10 16:15:00,8,4,10,16,15,202,318,,42.445,9.513,Plein jour,Hors agglomération,Hors intersection,Normale,Sans collision,,,,,,,,,,,1,1,1,1,7
200800017379,0008-04-04 17:30:00,8,4,4,17,30,202,346,,42.51,9.464,Plein jour,Hors agglomération,Hors intersection,Normale,Trois véhicules et plus - en chaîne,,,,,,,,,,,1,1,1,1,4
200800017380,0008-04-01 08:15:00,8,4,1,8,15,202,346,,42.506,9.466,Plein jour,En agglomération,Hors intersection,Normale,Deux véhicules - arrière,,,,,,,,,,,1,2,1,1,2
200800017381,0008-04-28 06:15:00,8,4,28,6,15,202,303,,42.26,9.54,Crépuscule ou aube,Hors agglomération,Hors intersection,Normale,Deux véhicules - frontale,,,,,,,,,,,2,1,1,1,1
200800017382,0008-04-19 17:15:00,8,4,19,17,15,202,251,route de la Plaine,42.002,9.385,Plein jour,En agglomération,Hors intersection,Normale,Deux véhicules - côté,,,,,,,,,,,1,2,1,1,3
200800017383,0008-04-07 20:45:00,8,4,7,20,45,202,251,MORTA,42.001,9.391,Nuit avec éclairage allumé,En agglomération,Hors intersection,Normale,Autre collision,,,,,,,,,,,5,2,1,1,6
200800017384,0008-04-07 18:30:00,8,4,7,18,30,202,135,Pietrapola,41.992,9.295,Plein jour,En agglomération,Hors intersection,Normale,Deux véhicules - frontale,,,,,,,,,,,1,2,1,1,1
200800017385,0008-04-30 12:00:00,8,4,30,12,0,202,79,,42.507,9.305,Plein jour,Hors agglomération,Hors intersection,Normale,Deux véhicules - frontale,,,,,,,,,,,1,1,1,1,1
200800017386,0008-04-30 09:45:00,8,4,30,9,45,202,96,AVENUE XAVIER LUCIANI,42.309,9.15,Plein jour,En agglomération,Hors intersection,Normale,Autre collision,,,,,,,,,,,1,2,1,1,6
200800017387,0008-04-17 09:15:00,8,4,17,9,15,202,93,,,,Plein jour,Hors agglomération,Hors intersection,Normale,Deux véhicules - côté,,,,,,,,,,,1,1,1,1,3
200800017388,0008-04-23 11:45:00,8,4,23,11,45,202,50,Bd Christophe Colomb,,,Plein jour,En agglomération,Hors intersection,Normale,Deux véhicules - côté,,,,,,,,,,,1,2,1,1,3
200800017389,0008-04-29 14:45:00,8,4,29,14,45,202,29,,42.682,9.385,Plein jour,Hors agglomération,Hors intersection,Normale,Sans collision,,,,,,,,,,,1,1,1,1,7
200800017390,0008-04-27 16:45:00,8,4,27,16,45,202,188,,42.62,9.356,Plein jour,Hors agglomération,Hors intersection,Temps éblouissant,Autre collision,,,,,,,,,,,1,1,1,7,6
200800017391,0008-04-12 16:00:00,8,4,12,16,0,202,185,,42.646,9.341,Plein jour,Hors agglomération,Hors intersection,Normale,Sans collision,,,,,,,,,,,1,1,1,1,7
200800017392,0008-04-08 15:15:00,8,4,8,15,15,202,314,,42.664,9.158,Plein jour,Hors agglomération,Hors intersection,Normale,Sans collision,,,,,,,,,,,1,1,1,1,7
200800017393,0008-04-09 14:15:00,8,4,9,14,15,202,355,,,,Plein jour,Hors agglomération,Hors intersection,Normale,Deux véhicules - frontale,,,,,,,,,,,1,1,1,1,1
200800017394,0008-04-06 10:30:00,8,4,6,10,30,202,148,,42.543,9.445,Plein jour,Hors agglomération,Hors intersection,Normale,Deux véhicules - côté,,,,,,,,,,,1,1,1,1,3
200800017395,0008-04-14 22:15:00,8,4,14,22,15,201,247,,41.652,9.295,Nuit sans éclairage public,Hors agglomération,Hors intersection,Normale,Autre collision,,,,,,,,,,,3,1,1,1,6
200800017396,0008-04-07 23:30:00,8,4,7,23,30,780,30,,,,Nuit sans éclairage public,Hors agglomération,Hors intersection,Normale,Autre collision,,,,,,,,,,,3,1,1,1,6
200800017397,0008-04-23 22:00:00,8,4,23,22,0,201,85,,41.907,8.872,Nuit sans éclairage public,Hors agglomération,Hors intersection,Normale,Autre collision,,,,,,,,,,,3,1,1,1,6
200800017398,0008-04-12 15:15:00,8,4,12,15,15,660,88,,,,Plein jour,Hors agglomération,Hors intersection,Normale,Deux véhicules - frontale,,,,,,,,,,,1,1,1,1,1
200800017399,0008-04-22 15:00:00,8,4,22,15,0,660,27,,,,Plein jour,Hors agglomération,Hors intersection,Normale,Autre collision,,,,,,,,,,,1,1,1,1,6
200800017400,0008-04-06 04:00:00,8,4,6,4,0,660,147,,,,Nuit sans éclairage public,Hors agglomération,Hors intersection,Normale,Deux véhicules - frontale,,,,,,,,,,,3,1,1,1,1
200800017401,0008-04-11 17:00:00,8,4,11,17,0,660,125,,,,Plein jour,Hors agglomération,Hors intersection,Normale,Deux véhicules - côté,,,,,,,,,,,1,1,1,1,3
200800017402,0008-04-15 11:30:00,8,4,15,11,30,660,148,,42.517,3.116,Plein jour,Hors agglomération,Hors intersection,Normale,Deux véhicules - côté,,,,,,,,,,,1,1,1,1,3
200800017403,0008-04-06 08:15:00,8,4,6,8,15,660,148,,,,Plein jour,Hors agglomération,Hors intersection,Normale,Deux véhicules - frontale,,,,,,,,,,,1,1,1,1,1
200800017404,0008-04-18 17:00:00,8,4,18,17,0,660,8,avenue du Tech,,,Plein jour,En agglomération,Hors intersection,Normale,Autre collision,,,,,,,,,,,1,2,1,1,6
200800017405,0008-04-04 08:00:00,8,4,4,8,0,660,49,avenue de la gare,,,Plein jour,En agglomération,Hors intersection,Normale,Deux véhicules - côté,,,,,,,,,,,1,2,1,1,3
200800017406,0008-04-15 22:15:00,8,4,15,22,15,660,226,,,,Nuit sans éclairage public,Hors agglomération,Hors intersection,Normale,Autre collision,,,,,,,,,,,3,1,1,1,6
200800017407,0008-04-12 18:45:00,8,4,12,18,45,660,145,,,,Plein jour,Hors agglomération,Hors intersection,Normale,Deux véhicules - côté,,,,,,,,,,,1,1,1,1,3
200800017408,0008-04-14 19:15:00,8,4,14,19,15,660,164,,,,Plein jour,En agglomération,Hors intersection,Normale,Deux véhicules - arrière,,,,,,,,,,,1,2,1,1,2
200800017409,0008-04-11 08:15:00,8,4,11,8,15,660,164,,,,Plein jour,Hors agglomération,Hors intersection,Pluie légère,Sans collision,,,,,,,,,,,1,1,1,2,7
200800017410,0008-04-05 15:45:00,8,4,5,15,45,660,69,,,,Plein jour,Hors agglomération,Hors intersection,Normale,Deux véhicules - arrière,,,,,,,,,,,1,1,1,1,2
200800017411,0008-04-26 16:00:00,8,4,26,16,0,660,37,rond point esparrou,,,Plein jour,En agglomération,Giratoire,Normale,Deux véhicules - côté,,,,,,,,,,,1,2,6,1,3
200800017412,0008-04-03 07:45:00,8,4,3,7,45,480,128,,44.749,3.341,Plein jour,Hors agglomération,Hors intersection,Pluie légère,Deux véhicules - frontale,,,,,,,,,,,1,1,1,2,1
200800017413,0008-04-26 11:15:00,8,4,26,11,15,480,88,,44.3,3.31,Plein jour,Hors agglomération,Hors intersection,Normale,Autre collision,,,,,,,,,,,1,1,1,1,6
200800017414,0008-04-08 17:30:00,8,4,8,17,30,480,146,,44.37,3.43,Plein jour,Hors agglomération,Hors intersection,Pluie légère,Deux véhicules - côté,,,,,,,,,,,1,1,1,2,3
200800017415,0008-04-02 17:30:00,8,4,2,17,30,480,45,,,,Plein jour,Hors agglomération,Hors intersection,Normale,Trois véhicules et plus - collisions multiples,,,,,,,,,,,1,1,1,1,5
200800017416,0008-04-19 18:45:00,8,4,19,18,45,300,192,,43.888,4.047,Plein jour,Hors agglomération,Hors intersection,Normale,Deux véhicules - frontale,,,,,,,,,,,1,1,1,1,1
200800017417,0008-04-28 13:45:00,8,4,28,13,45,201,31,,41.985,2.02,Plein jour,Hors agglomération,Autre intersection,Normale,Deux véhicules - frontale,,,,,,,,,,,1,1,9,1,1
200800017418,0008-04-03 17:30:00,8,4,3,17,30,300,93,,43.951,3.908,Plein jour,Hors agglomération,Hors intersection,Normale,Deux véhicules - frontale,,,,,,,,,,,1,1,1,1,1
200800017419,0008-04-18 02:00:00,8,4,18,2,0,300,184,,,,Nuit avec éclairage allumé,En agglomération,Hors intersection,Temps couvert,Autre collision,,,,,,,,,,,5,2,1,8,6
200800017420,0008-04-02 15:30:00,8,4,2,15,30,300,122,,,,Plein jour,Hors agglomération,Hors intersection,Normale,Deux véhicules - frontale,,,,,,,,,,,1,1,1,1,1
200800017421,0008-04-22 17:15:00,8,4,22,17,15,300,73,,43.976,4.576,Plein jour,Hors agglomération,Hors intersection,Normale,Autre collision,,,,,,,,,,,1,1,1,1,6
200800017422,0008-04-19 16:45:00,8,4,19,16,45,300,103,,43.956,4.667,Plein jour,Hors agglomération,Hors intersection,Normale,Deux véhicules - côté,,,,,,,,,,,1,1,1,1,3
200800017423,0008-04-18 16:45:00,8,4,18,16,45,300,336,,43.862,4.618,Plein jour,Hors agglomération,Hors intersection,Normale,Sans collision,,,,,,,,,,,1,1,1,1,7
200800017424,0008-04-15 11:45:00,8,4,15,11,45,300,340,,44.01,4.584,Plein jour,Hors agglomération,Hors intersection,Normale,Autre collision,,,,,,,,,,,1,1,1,1,6
200800017425,0008-04-13 00:15:00,8,4,13,0,15,300,212,CD6100.PK 0+900,43.943,4.579,Nuit sans éclairage public,En agglomération,Hors intersection,Normale,Deux véhicules - arrière,,,,,,,,,,,3,2,1,1,2
200800017426,0008-04-07 19:30:00,8,4,7,19,30,300,212,avenue geoffroy perret,43.941,4.559,Plein jour,En agglomération,Hors intersection,Normale,Deux véhicules - arrière,,,,,,,,,,,1,2,1,1,2
200800017427,0008-04-07 08:15:00,8,4,7,8,15,300,328,,43.904,4.624,Plein jour,Hors agglomération,Hors intersection,Normale,Deux véhicules - frontale,,,,,,,,,,,1,1,1,1,1
200800017428,0008-04-28 06:30:00,8,4,28,6,30,300,290,,,,Plein jour,Hors agglomération,Hors intersection,Normale,Autre collision,,,,,,,,,,,1,1,1,1,6