accident_id,datetime,annee,mois,jour,heure,minute,departement,commune_insee,adresse,latitude,longitude,luminosite,agglomeration,intersection,meteo,collision,nb_vehicules,nb_usagers,nb_indemnes,nb_tues,nb_blesses_hosp,nb_blesses_legers,age_cond_1,age_cond_2,veh_type_cond_1,veh_type_cond_2,lum_code,agg_code,int_code,atm_code,col_code
200800017429,0008-04-08 16:15:00,8,4,8,16,15,300,96,,44.216,4.512,Plein jour,Hors agglomération,Hors intersection,Pluie légère,Autre collision,,,,,,,,,,,1,1,1,2,6
200800017430,0008-04-04 18:15:00,8,4,4,18,15,300,277,,,,Plein jour,Hors agglomération,Hors intersection,Normale,Autre collision,,,,,,,,,,,1,1,1,1,6
200800017431,0008-04-12 22:15:00,8,4,12,22,15,300,334,,,,Nuit sans éclairage public,Hors agglomération,Hors intersection,Normale,Sans collision,,,,,,,,,,,3,1,1,1,7
200800017432,0008-04-02 14:15:00,8,4,2,14,15,300,334,"Bd Victor Hugo ""Portalet",44.015,4.422,Plein jour,En agglomération,Hors intersection,Normale,Deux véhicules - côté,,,,,,,,,,,1,2,1,1,3
200800017433,0008-04-22 13:00:00,8,4,22,13,0,300,152,quartier meilhen,,,Plein jour,En agglomération,Giratoire,Normale,Deux véhicules - côté,,,,,,,,,,,1,2,6,1,3
200800017434,0008-04-03 13:30:00,8,4,3,13,30,300,152,,,,Plein jour,Hors agglomération,Hors intersection,Normale,Deux véhicules - frontale,,,,,,,,,,,1,1,1,1,1
200800017435,0008-04-09 15:45:00,8,4,9,15,45,300,305,,44.182,4.176,Plein jour,Hors agglomération,Hors intersection,Pluie légère,Deux véhicules - côté,,,,,,,,,,,1,1,1,2,3
200800017436,0008-04-28 08:45:00,8,4,28,8,45,300,307,,,,Plein jour,Hors agglomération,Hors intersection,Pluie légère,Deux véhicules - côté,,,,,,,,,,,1,1,1,2,3
200800017437,0008-04-12 14:15:00,8,4,12,14,15,300,159,,44.259,4.076,Plein jour,Hors agglomération,Hors intersection,Normale,Autre collision,,,,,,,,,,,1,1,1,1,6
200800017438,0008-04-12 21:15:00,8,4,12,21,15,300,210,,,,Nuit sans éclairage public,Hors agglomération,Hors intersection,Normale,Autre collision,,,,,,,,,,,3,1,1,1,6
200800017439,0008-04-27 12:00:00,8,4,27,12,0,300,258,,43.675,4.443,Plein jour,Hors agglomération,Hors intersection,Normale,Deux véhicules - côté,,,,,,,,,,,1,1,1,1,3
200800017440,0008-04-08 14:00:00,8,4,8,14,0,300,258,AVENUE SUBLEYRAS,,,Plein jour,En agglomération,Hors intersection,Pluie légère,Autre collision,,,,,,,,,,,1,2,1,2,6
200800017441,0008-04-26 09:00:00,8,4,26,9,0,300,39,CD 6086,43.886,4.489,Plein jour,En agglomération,Hors intersection,Normale,Deux véhicules - côté,,,,,,,,,,,1,2,1,1,3
200800017442,0008-04-12 22:30:00,8,4,12,22,30,300,306,,,,Nuit sans éclairage public,Hors agglomération,Hors intersection,Normale,Sans collision,,,,,,,,,,,3,1,1,1,7
200800017443,0008-04-19 09:30:00,8,4,19,9,30,300,133,Port Camargue - Zone tec,,,Plein jour,En agglomération,Hors intersection,Normale,Deux véhicules - côté,,,,,,,,,,,1,2,1,1,3
200800017444,0008-04-15 15:00:00,8,4,15,15,0,300,276,,43.585,4.255,Plein jour,Hors agglomération,Hors intersection,Normale,Trois véhicules et plus - collisions multiples,,,,,,,,,,,1,1,1,1,5
200800017445,0008-04-25 23:15:00,8,4,25,23,15,110,188,,,,Plein jour,Hors agglomération,Hors intersection,Normale,Deux véhicules - frontale,,,,,,,,,,,1,1,1,1,1
200800017446,0008-04-15 14:15:00,8,4,15,14,15,110,12,,,,Plein jour,Hors agglomération,Hors intersection,Normale,Sans collision,,,,,,,,,,,1,1,1,1,7
200800017447,0008-04-26 18:00:00,8,4,26,18,0,110,170,bd de la corderie,,,Plein jour,En agglomération,Hors intersection,Normale,Deux véhicules - côté,,,,,,,,,,,1,2,1,1,3
200800017448,0008-04-19 17:30:00,8,4,19,17,30,110,145,parking front de mer,,,Plein jour,En agglomération,Autre intersection,Normale,Autre collision,,,,,,,,,,,1,2,9,1,6
200800017449,0008-04-16 20:15:00,8,4,16,20,15,110,116,,43.261,2.997,Crépuscule ou aube,Hors agglomération,Hors intersection,Normale,Deux véhicules - arrière,,,,,,,,,,,2,1,1,1,2
200800017450,0008-04-12 16:30:00,8,4,12,16,30,110,24,CD 105,,,Plein jour,En agglomération,Autre intersection,Normale,Deux véhicules - frontale,,,,,,,,,,,1,2,9,1,1
200800017451,0008-04-29 17:15:00,8,4,29,17,15,110,209,,42.961,2.262,Plein jour,Hors agglomération,Hors intersection,Normale,Sans collision,,,,,,,,,,,1,1,1,1,7
200800017452,0008-04-06 08:00:00,8,4,6,8,0,110,129,,42.932,2.222,Plein jour,Hors agglomération,Hors intersection,Normale,Autre collision,,,,,,,,,,,1,1,1,1,6
200800017453,0008-04-23 23:00:00,8,4,23,23,0,110,36,,,,Nuit sans éclairage public,Hors agglomération,Hors intersection,Normale,Autre collision,,,,,,,,,,,3,1,1,1,6
200800017454,0008-04-06 01:00:00,8,4,6,1,0,110,105,,43.022,2.253,Nuit sans éclairage public,Hors agglomération,Hors intersection,Normale,Autre collision,,,,,,,,,,,3,1,1,1,6
200800017455,0008-04-06 05:15:00,8,4,6,5,15,110,434,,43.285,2.081,Nuit sans éclairage public,Hors agglomération,Hors intersection,Normale,Autre collision,,,,,,,,,,,3,1,1,1,6
200800017456,0008-04-22 01:00:00,8,4,22,1,0,110,234,,43.3,1.962,Nuit sans éclairage public,Hors agglomération,Hors intersection,Pluie forte,Autre collision,,,,,,,,,,,3,1,1,3,6
200800017457,0008-04-29 10:00:00,8,4,29,10,0,110,99,,,,Plein jour,Hors agglomération,Hors intersection,Normale,Deux véhicules - côté,,,,,,,,,,,1,1,1,1,3
200800017458,0008-04-26 16:30:00,8,4,26,16,30,110,84,,43.242,2.246,Plein jour,Hors agglomération,Hors intersection,Normale,Deux véhicules - frontale,,,,,,,,,,,1,1,1,1,1
200800017459,0008-04-13 03:15:00,8,4,13,3,15,300,10,,44.073,3.97,Nuit sans éclairage public,Hors agglomération,Hors intersection,Normale,Autre collision,,,,,,,,,,,3,1,1,1,6
200800017460,0008-04-19 03:00:00,8,4,19,3,0,340,108,,,,Nuit avec éclairage non allumé,Hors agglomération,Hors intersection,Normale,Sans collision,,,,,,,,,,,4,1,1,1,7
200800017461,0008-04-22 16:45:00,8,4,22,16,45,340,901,,43.33,3.561,Plein jour,Hors agglomération,Hors intersection,Normale,Trois véhicules et plus - collisions multiples,,,,,,,,,,,1,1,1,1,5
200800017462,0008-04-02 19:30:00,8,4,2,19,30,340,31,,43.378,3.418,Plein jour,Hors agglomération,Hors intersection,Normale,Autre collision,,,,,,,,,,,1,1,1,1,6
200800017463,0008-04-20 15:00:00,8,4,20,15,0,340,10,,,,Plein jour,Hors agglomération,Hors intersection,Pluie légère,Autre collision,,,,,,,,,,,1,1,1,2,6
200800017464,0008-04-19 13:15:00,8,4,19,13,15,340,12,,,,Plein jour,Hors agglomération,Hors intersection,Normale,Autre collision,,,,,,,,,,,1,1,1,1,6
200800017465,0008-04-01 11:00:00,8,4,1,11,0,340,10,5 boulevard Saint Jean,43.69,3.589,Plein jour,En agglomération,Hors intersection,Normale,Sans collision,,,,,,,,,,,1,2,1,1,7
200800017466,0008-04-08 03:30:00,8,4,8,3,30,340,194,,43.523,3.449,Nuit sans éclairage public,Hors agglomération,Hors intersection,Normale,Sans collision,,,,,,,,,,,3,1,1,1,7
200800017467,0008-04-07 23:00:00,8,4,7,23,0,340,76,,43.649,3.464,Nuit sans éclairage public,Hors agglomération,Hors intersection,Normale,Sans collision,,,,,,,,,,,3,1,1,1,7
200800017468,0008-04-05 17:15:00,8,4,5,17,15,340,175,,43.61,3.37,Plein jour,Hors agglomération,Hors intersection,Normale,Sans collision,,,,,,,,,,,1,1,1,1,7
200800017469,0008-04-22 00:45:00,8,4,22,0,45,340,209,,43.302,3.345,Nuit sans éclairage public,Hors agglomération,Hors intersection,Normale,Deux véhicules - côté,,,,,,,,,,,3,1,1,1,3
200800017470,0008-04-15 09:45:00,8,4,15,9,45,340,298,,43.269,3.257,Plein jour,Hors agglomération,Hors intersection,Normale,Sans collision,,,,,,,,,,,1,1,1,1,7
200800017471,0008-04-12 17:15:00,8,4,12,17,15,340,299,,43.298,3.293,Plein jour,Hors agglomération,Hors intersection,Normale,Autre collision,,,,,,,,,,,1,1,1,1,6
200800017472,0008-04-30 16:45:00,8,4,30,16,45,340,214,,43.479,3.261,Plein jour,Hors agglomération,Hors intersection,Normale,Deux véhicules - côté,,,,,,,,,,,1,1,1,1,3
200800017473,0008-04-24 09:15:00,8,4,24,9,15,340,237,,43.513,3.303,Plein jour,Hors agglomération,Hors intersection,Normale,Deux véhicules - arrière,,,,,,,,,,,1,1,1,1,2
200800017474,0008-04-09 16:30:00,8,4,9,16,30,340,237,Avenue de Pezenas,43.51,3.311,Plein jour,En agglomération,Hors intersection,Normale,Autre collision,,,,,,,,,,,1,2,1,1,6
200800017475,0008-04-28 14:00:00,8,4,28,14,0,340,199,,43.449,3.402,Plein jour,Hors agglomération,Hors intersection,Normale,Deux véhicules - frontale,,,,,,,,,,,1,1,1,1,1
200800017476,0008-04-21 08:45:00,8,4,21,8,45,340,162,,,,Crépuscule ou aube,Hors agglomération,Hors intersection,Brouillard / fumée,Trois véhicules et plus - collisions multiples,,,,,,,,,,,2,1,1,5,5
200800017477,0008-04-14 04:00:00,8,4,14,4,0,340,162,,43.491,3.471,Nuit sans éclairage public,Hors agglomération,Hors intersection,Pluie légère,Sans collision,,,,,,,,,,,3,1,1,2,7
200800017478,0008-04-13 14:15:00,8,4,13,14,15,340,17,CHEMIN DE ST MARTIN,43.469,3.462,Plein jour,En agglomération,Hors intersection,Normale,Deux véhicules - frontale,,,,,,,,,,,1,2,1,1,1
200800017479,0008-04-19 16:00:00,8,4,19,16,0,110,367,,,,Plein jour,Hors agglomération,Hors intersection,Normale,Sans collision,,,,,,,,,,,1,1,1,1,7
200800017480,0008-04-18 19:45:00,8,4,18,19,45,340,183,,,,Plein jour,Hors agglomération,Hors intersection,Pluie légère,Deux véhicules - frontale,,,,,,,,,,,1,1,1,2,1
200800017481,0008-04-14 16:00:00,8,4,14,16,0,340,28,Rue de la Republique,,,Plein jour,En agglomération,Hors intersection,Normale,Autre collision,,,,,,,,,,,1,2,1,1,6
200800017482,0008-04-06 02:00:00,8,4,6,2,0,340,312,,43.567,3.178,Nuit sans éclairage public,Hors agglomération,Hors intersection,Normale,Deux véhicules - frontale,,,,,,,,,,,3,1,1,1,1
200800017483,0008-04-06 08:00:00,8,4,6,8,0,340,152,,43.797,3.803,Plein jour,Hors agglomération,Hors intersection,Normale,Deux véhicules - frontale,,,,,,,,,,,1,1,1,1,1
200800017484,0008-04-10 07:30:00,8,4,10,7,30,340,145,,,,Crépuscule ou aube,Hors agglomération,Hors intersection,Pluie légère,Deux véhicules - frontale,,,,,,,,,,,2,1,1,2,1
200800017485,0008-04-19 14:15:00,8,4,19,14,15,840,53,,44.382,4.921,Plein jour,Hors agglomération,Hors intersection,Normale,Sans collision,,,,,,,,,,,1,1,1,1,7
200800017486,0008-04-19 22:30:00,8,4,19,22,30,840,19,,,,Nuit sans éclairage public,Hors agglomération,Intersection en T,Normale,Deux véhicules - côté,,,,,,,,,,,3,1,3,1,3
200800017487,0008-04-03 09:30:00,8,4,3,9,30,840,29,,44.176,4.928,Plein jour,Hors agglomération,Hors intersection,Normale,Deux véhicules - côté,,,,,,,,,,,1,1,1,1,3
200800017488,0008-04-17 08:15:00,8,4,17,8,15,840,5,,44.138,5.427,Plein jour,Hors agglomération,Hors intersection,Normale,Deux véhicules - frontale,,,,,,,,,,,1,1,1,1,1
200800017489,0008-04-16 11:15:00,8,4,16,11,15,840,69,,,,Plein jour,Hors agglomération,Hors intersection,Normale,Deux véhicules - frontale,,,,,,,,,,,1,1,1,1,1
200800017490,0008-04-15 16:30:00,8,4,15,16,30,840,12,,,,Plein jour,En agglomération,Hors intersection,Normale,Deux véhicules - côté,,,,,,,,,,,1,2,1,1,3
200800017491,0008-04-14 00:15:00,8,4,14,0,15,840,67,,,,Nuit sans éclairage public,Hors agglomération,Autre intersection,Normale,Autre collision,,,,,,,,,,,3,1,9,1,6
200800017492,0008-04-24 08:45:00,8,4,24,8,45,840,102,,43.868,5.297,Plein jour,Hors agglomération,Hors intersection,Normale,Trois véhicules et plus - collisions multiples,,,,,,,,,,,1,1,1,1,5
200800017493,0008-04-15 08:00:00,8,4,15,8,0,840,68,,43.754,5.351,Plein jour,Hors agglomération,Hors intersection,Normale,Autre collision,,,,,,,,,,,1,1,1,1,6
200800017494,0008-04-14 18:00:00,8,4,14,18,0,840,26,,43.725,5.358,Plein jour,Hors agglomération,Hors intersection,Normale,Deux véhicules - frontale,,,,,,,,,,,1,1,1,1,1
200800017495,0008-04-05 17:15:00,8,4,5,17,15,840,26,,,,Plein jour,Hors agglomération,Hors intersection,Normale,Deux véhicules - frontale,,,,,,,,,,,1,1,1,1,1
200800017496,0008-04-06 10:15:00,8,4,6,10,15,840,3,,43.895,5.382,Plein jour,Hors agglomération,Hors intersection,Normale,Trois véhicules et plus - collisions multiples,,,,,,,,,,,1,1,1,1,5
200800017497,0008-04-07 19:00:00,8,4,7,19,0,840,92,,,,Plein jour,Hors agglomération,Hors intersection,Normale,Autre collision,,,,,,,,,,,1,1,1,1,6
200800017498,0008-04-17 17:30:00,8,4,17,17,30,340,223,,43.436,3.223,Plein jour,Hors agglomération,Hors intersection,Pluie légère,Deux véhicules - frontale,,,,,,,,,,,1,1,1,2,1
200800017499,0008-04-27 20:45:00,8,4,27,20,45,840,54,,,,Nuit sans éclairage public,Hors agglomération,Hors intersection,Normale,Deux véhicules - côté,,,,,,,,,,,3,1,1,1,3
200800017500,0008-04-01 02:00:00,8,4,1,2,0,840,54,avenue jean monet,,,Nuit avec éclairage allumé,En agglomération,Hors intersection,Normale,Autre collision,,,,,,,,,,,5,2,1,1,6
200800017501,0008-04-04 18:00:00,8,4,4,18,0,840,132,Loti le clos des chenes,43.932,5.001,Plein jour,En agglomération,Hors intersection,Normale,Deux véhicules - frontale,,,,,,,,,,,1,2,1,1,1
200800017502,0008-04-14 18:30:00,8,4,14,18,30,830,47,,,,Plein jour,Hors agglomération,Hors intersection,Normale,Deux véhicules - côté,,,,,,,,,,,1,1,1,1,3
200800017503,0008-04-07 04:15:00,8,4,7,4,15,830,47,,43.192,6.109,Nuit sans éclairage public,Hors agglomération,Hors intersection,Normale,Autre collision,,,,,,,,,,,3,1,1,1,6
200800017504,0008-04-13 09:15:00,8,4,13,9,15,830,100,,,,Plein jour,Hors agglomération,Hors intersection,Normale,Deux véhicules - côté,,,,,,,,,,,1,1,1,1,3
200800017505,0008-04-10 17:15:00,8,4,10,17,15,830,100,,43.292,6.144,Plein jour,Hors agglomération,Hors intersection,Normale,Sans collision,,,,,,,,,,,1,1,1,1,7
200800017506,0008-04-27 14:30:00,8,4,27,14,30,830,35,,,,Plein jour,Hors agglomération,Hors intersection,Normale,Autre collision,,,,,,,,,,,1,1,1,1,6
200800017507,0008-04-23 16:45:00,8,4,23,16,45,830,16,Ave souvenir francais,,,Plein jour,En agglomération,Hors intersection,Normale,Deux véhicules - côté,,,,,,,,,,,1,2,1,1,3
200800017508,0008-04-27 16:00:00,8,4,27,16,0,830,65,,,,Plein jour,Hors agglomération,Hors intersection,Normale,Sans collision,,,,,,,,,,,1,1,1,1,7
200800017509,0008-04-20 18:15:00,8,4,20,18,15,830,115,,,,Plein jour,Hors agglomération,Intersection en X,Pluie forte,Deux véhicules - frontale,,,,,,,,,,,1,1,2,3,1
200800017510,0008-04-12 17:30:00,8,4,12,17,30,830,115,,,,Plein jour,Hors agglomération,Hors intersection,Normale,Deux véhicules - frontale,,,,,,,,,,,1,1,1,1,1
200800017511,0008-04-24 15:00:00,8,4,24,15,0,830,85,,,,Plein jour,Hors agglomération,Hors intersection,Normale,Deux véhicules - côté,,,,,,,,,,,1,1,1,1,3
200800017512,0008-04-21 19:00:00,8,4,21,19,0,830,86,,,,Plein jour,Hors agglomération,Hors intersection,Normale,Autre collision,,,,,,,,,,,1,1,1,1,6
200800017513,0008-04-09 07:15:00,8,4,9,7,15,830,86,DN7 / CHEMIN DES PINEDES,43.475,6.565,Plein jour,En agglomération,Hors intersection,Normale,Deux véhicules - côté,,,,,,,,,,,1,2,1,1,3
200800017514,0008-04-29 11:00:00,8,4,29,11,0,830,68,,,,Plein jour,Hors agglomération,Hors intersection,Normale,Deux véhicules - côté,,,,,,,,,,,1,1,1,1,3
200800017515,0008-04-28 14:45:00,8,4,28,14,45,830,68,,,,Plein jour,Hors agglomération,Hors intersection,Normale,Autre collision,,,,,,,,,,,1,1,1,1,6
200800017516,0008-04-27 19:45:00,8,4,27,19,45,830,63,,,,Crépuscule ou aube,Hors agglomération,Hors intersection,Normale,Trois véhicules et plus - collisions multiples,,,,,,,,,,,2,1,1,1,5
200800017517,0008-04-06 17:45:00,8,4,6,17,45,830,68,,,,Plein jour,Hors agglomération,Hors intersection,Normale,Deux véhicules - côté,,,,,,,,,,,1,1,1,1,3
200800017518,0008-04-12 11:45:00,8,4,12,11,45,830,36,Rue Piuerre Rameil,,,Plein jour,En agglomération,Hors intersection,Normale,Autre collision,,,,,,,,,,,1,2,1,1,6
200800017519,0008-04-29 16:15:00,8,4,29,16,15,840,54,avenue aristide brinad,,,Plein jour,En agglomération,Hors intersection,Normale,Deux véhicules - côté,,,,,,,,,,,1,2,1,1,3
200800017520,0008-04-26 17:00:00,8,4,26,17,0,830,116,Rue Comte,,,Plein jour,En agglomération,Hors intersection,Normale,Deux véhicules - côté,,,,,,,,,,,1,2,1,1,3
200800017521,0008-04-11 21:15:00,8,4,11,21,15,830,116,place Malherbe,,,Nuit avec éclairage allumé,En agglomération,Hors intersection,Normale,Autre collision,,,,,,,,,,,5,2,1,1,6
200800017522,0008-04-29 21:00:00,8,4,29,21,0,830,106,,,,Nuit sans éclairage public,Hors agglomération,Hors intersection,Normale,Autre collision,,,,,,,,,,,3,1,1,1,6
200800017523,0008-04-15 19:45:00,8,4,15,19,45,830,77,,,,Plein jour,Hors agglomération,Hors intersection,Normale,Deux véhicules - frontale,,,,,,,,,,,1,1,1,1,1
200800017524,0008-04-21 17:30:00,8,4,21,17,30,830,6,,,,Plein jour,Hors agglomération,Hors intersection,Temps couvert,Trois véhicules et plus - collisions multiples,,,,,,,,,,,1,1,1,8,5
200800017525,0008-04-15 15:45:00,8,4,15,15,45,830,143,,,,Plein jour,Hors agglomération,Hors intersection,Vent fort / tempête,Autre collision,,,,,,,,,,,1,1,1,6,6
200800017526,0008-04-14 14:45:00,8,4,14,14,45,830,23,,,,Plein jour,Hors agglomération,Hors intersection,Normale,Autre collision,,,,,,,,,,,1,1,1,1,6
200800017527,0008-04-04 18:30:00,8,4,4,18,30,830,143,,,,Plein jour,Hors agglomération,Hors intersection,Normale,Deux véhicules - côté,,,,,,,,,,,1,1,1,1,3
200800017528,0008-04-20 00:15:00,8,4,20,0,15,830,121,,,,Nuit sans éclairage public,Hors agglomération,Hors intersection,Normale,Deux véhicules - frontale,,,,,,,,,,,3,1,1,1,1
200800017529,0008-04-15 16:15:00,8,4,15,16,15,830,149,,,,Plein jour,Hors agglomération,Hors intersection,Normale,Deux véhicules - frontale,,,,,,,,,,,1,1,1,1,1
200800017530,0008-04-26 11:30:00,8,4,26,11,30,830,73,Route de Brignoles,,,Plein jour,En agglomération,Hors intersection,Normale,Autre collision,,,,,,,,,,,1,2,1,1,6
200800017531,0008-04-11 03:15:00,8,4,11,3,15,830,73,rn7,43.398,6.311,Crépuscule ou aube,En agglomération,Hors intersection,Pluie légère,Sans collision,,,,,,,,,,,2,2,1,2,7
200800017532,0008-04-15 10:45:00,8,4,15,10,45,830,72,hameau des Salettes,43.504,6.332,Plein jour,En agglomération,Hors intersection,Normale,Deux véhicules - frontale,,,,,,,,,,,1,2,1,1,1
200800017533,0008-04-01 11:45:00,8,4,1,11,45,830,72,,,,Plein jour,Hors agglomération,Hors intersection,Normale,Deux véhicules - frontale,,,,,,,,,,,1,1,1,1,1
200800017534,0008-04-21 15:30:00,8,4,21,15,30,830,80,,,,Plein jour,Hors agglomération,Hors intersection,Normale,Autre collision,,,,,,,,,,,1,1,1,1,6
200800017535,0008-04-27 10:45:00,8,4,27,10,45,830,44,,,,Plein jour,Hors agglomération,Hors intersection,Normale,Deux véhicules - frontale,,,,,,,,,,,1,1,1,1,1
200800017536,0008-04-25 16:15:00,8,4,25,16,15,830,4,,,,Plein jour,Hors agglomération,Hors intersection,Normale,Deux véhicules - côté,,,,,,,,,,,1,1,1,1,3
200800017537,0008-04-14 18:00:00,8,4,14,18,0,830,148,RN7 QT LA CONDAMINE,,,Plein jour,En agglomération,Hors intersection,Normale,Deux véhicules - arrière,,,,,,,,,,,1,2,1,1,2
200800017538,0008-04-14 00:15:00,8,4,14,0,15,830,4,,,,Nuit sans éclairage public,Hors agglomération,Hors intersection,Normale,Deux véhicules - frontale,,,,,,,,,,,3,1,1,1,1
200800017539,0008-04-07 21:15:00,8,4,7,21,15,60,73,,,,Nuit sans éclairage public,Hors agglomération,Hors intersection,Normale,Sans collision,,,,,,,,,,,3,1,1,1,7
200800017540,0008-04-27 17:30:00,8,4,27,17,30,830,116,boulevard SAINT JEAN,,,Plein jour,En agglomération,Hors intersection,Normale,Deux véhicules - côté,,,,,,,,,,,1,2,1,1,3
200800017541,0008-04-12 11:30:00,8,4,12,11,30,60,53,,44.033,6.82,Plein jour,Hors agglomération,Hors intersection,Normale,Deux véhicules - frontale,,,,,,,,,,,1,1,1,1,1
200800017542,0008-04-22 23:00:00,8,4,22,23,0,60,59,carrefour les flots bleu,43.734,7.369,Nuit avec éclairage allumé,En agglomération,Hors intersection,Temps couvert,Deux véhicules - frontale,,,,,,,,,,,5,2,1,8,1
200800017543,0008-04-30 17:15:00,8,4,30,17,15,60,150,route de MENTON,,,Plein jour,En agglomération,Hors intersection,Pluie légère,Deux véhicules - arrière,,,,,,,,,,,1,2,1,2,2
200800017544,0008-04-04 11:00:00,8,4,4,11,0,60,23,,,,Plein jour,Hors agglomération,Hors intersection,Normale,Sans collision,,,,,,,,,,,1,1,1,1,7
200800017545,0008-04-04 16:15:00,8,4,4,16,15,60,126,Chemin de NICE,,,Plein jour,En agglomération,Hors intersection,Normale,Trois véhicules et plus - collisions multiples,,,,,,,,,,,1,2,1,1,5
200800017546,0008-04-23 16:15:00,8,4,23,16,15,60,95,avenue de BOUTIGNY,43.645,6.874,Plein jour,En agglomération,Hors intersection,Temps couvert,Deux véhicules - frontale,,,,,,,,,,,1,2,1,8,1
200800017547,0008-04-11 10:30:00,8,4,11,10,30,60,134,100 rue de la gendarmeri,,,Plein jour,En agglomération,Hors intersection,Normale,Autre collision,,,,,,,,,,,1,2,1,1,6
200800017548,0008-04-28 19:30:00,8,4,28,19,30,60,161,,,,Plein jour,Hors agglomération,Hors intersection,Pluie légère,Sans collision,,,,,,,,,,,1,1,1,2,7
200800017549,0008-04-11 19:15:00,8,4,11,19,15,60,161,RD6007,,,Plein jour,En agglomération,Hors intersection,Normale,Deux véhicules - frontale,,,,,,,,,,,1,2,1,1,1
200800017550,0008-04-28 16:15:00,8,4,28,16,15,60,151,,,,Plein jour,Hors agglomération,Hors intersection,Pluie légère,Deux véhicules - arrière,,,,,,,,,,,1,1,1,2,2
200800017551,0008-04-18 14:30:00,8,4,18,14,30,60,151,,,,Plein jour,Hors agglomération,Hors intersection,Normale,Autre collision,,,,,,,,,,,1,1,1,1,6
200800017552,0008-04-23 17:15:00,8,4,23,17,15,60,91,rte de l'escarene R.D 21,,,Plein jour,En agglomération,Intersection en T,Normale,Deux véhicules - côté,,,,,,,,,,,1,2,3,1,3
200800017553,0008-04-03 12:30:00,8,4,3,12,30,60,43,,,,Plein jour,Hors agglomération,Hors intersection,Normale,Deux véhicules - côté,,,,,,,,,,,1,1,1,1,3
200800017554,0008-04-16 17:00:00,8,4,16,17,0,50,17,,44.562,6.194,Plein jour,Hors agglomération,Hors intersection,Normale,Sans collision,,,,,,,,,,,1,1,1,1,7
200800017555,0008-04-06 11:15:00,8,4,6,11,15,50,140,,44.507,6.158,Plein jour,Hors agglomération,Hors intersection,Normale,Deux véhicules - arrière,,,,,,,,,,,1,1,1,1,2
200800017556,0008-04-24 01:30:00,8,4,24,1,30,50,151,,44.87,6.601,Nuit sans éclairage public,Hors agglomération,Hors intersection,Normale,Autre collision,,,,,,,,,,,3,1,1,1,6
200800017557,0008-04-24 16:45:00,8,4,24,16,45,50,117,,,,Plein jour,Hors agglomération,Hors intersection,Normale,Sans collision,,,,,,,,,,,1,1,1,1,7
200800017558,0008-04-09 18:30:00,8,4,9,18,30,50,171,,,,Crépuscule ou aube,Hors agglomération,Hors intersection,Pluie légère,Deux véhicules - côté,,,,,,,,,,,2,1,1,2,3
200800017559,0008-04-20 07:00:00,8,4,20,7,0,50,132,,44.77,6.01,Plein jour,Hors agglomération,Hors intersection,Normale,Sans collision,,,,,,,,,,,1,1,1,1,7
200800017560,0008-04-27 15:45:00,8,4,27,15,45,60,129,,,,Plein jour,Hors agglomération,Hors intersection,Normale,Deux véhicules - frontale,,,,,,,,,,,1,1,1,1,1
200800017561,0008-04-06 15:45:00,8,4,6,15,45,40,137,,44.273,6.005,Plein jour,Hors agglomération,Hors intersection,Normale,Deux véhicules - frontale,,,,,,,,,,,1,1,1,1,1
200800017562,0008-04-09 02:00:00,8,4,9,2,0,40,244,,44.117,6.01,Nuit avec éclairage allumé,En agglomération,Hors intersection,Pluie légère,Autre collision,,,,,,,,,,,5,2,1,2,6
200800017563,0008-04-05 19:15:00,8,4,5,19,15,40,160,,,,Plein jour,Hors agglomération,Hors intersection,Normale,Autre collision,,,,,,,,,,,1,1,1,1,6
200800017564,0008-04-05 10:15:00,8,4,5,10,15,40,104,,43.963,5.739,Plein jour,Hors agglomération,Hors intersection,Normale,Deux véhicules - côté,,,,,,,,,,,1,1,1,1,3
200800017565,0008-04-03 08:30:00,8,4,3,8,30,40,111,,,,Plein jour,Hors agglomération,Hors intersection,Normale,Autre collision,,,,,,,,,,,1,1,1,1,6
200800017566,0008-04-27 12:15:00,8,4,27,12,15,40,55,,,,Plein jour,Hors agglomération,Hors intersection,Normale,Autre collision,,,,,,,,,,,1,1,1,1,6
200800017567,0008-04-27 10:15:00,8,4,27,10,15,40,143,CH   DU BAC 04  ORAISON,,,Plein jour,En agglomération,Hors intersection,Normale,Deux véhicules - côté,,,,,,,,,,,1,2,1,1,3
200800017568,0008-04-07 15:45:00,8,4,7,15,45,40,116,CD 101,44.034,5.975,Plein jour,En agglomération,Hors intersection,Normale,Autre collision,,,,,,,,,,,1,2,1,1,6
200800017569,0008-04-19 11:45:00,8,4,19,11,45,40,36,CD 900,,,Plein jour,En agglomération,Hors intersection,Normale,Deux véhicules - frontale,,,,,,,,,,,1,2,1,1,1
200800017570,0008-04-17 14:15:00,8,4,17,14,15,130,81,AVENUE VERDUN,,,Plein jour,En agglomération,Hors intersection,Normale,Deux véhicules - frontale,,,,,,,,,,,1,2,1,1,1