accident_id,datetime,annee,mois,jour,heure,minute,departement,commune_insee,adresse,latitude,longitude,luminosite,agglomeration,intersection,meteo,collision,nb_vehicules,nb_usagers,nb_indemnes,nb_tues,nb_blesses_hosp,nb_blesses_legers,age_cond_1,age_cond_2,veh_type_cond_1,veh_type_cond_2,lum_code,agg_code,int_code,atm_code,col_code
200800017712,0008-04-07 15:15:00,8,4,7,15,15,680,374,WINTZENHEIM,48.078,7.288,Plein jour,En agglomération,Hors intersection,Normale,Deux véhicules - frontale,,,,,,,,,,,1,2,1,1,1
200800017713,0008-04-01 20:30:00,8,4,1,20,30,680,329,,48.071,7.044,Nuit sans éclairage public,Hors agglomération,Hors intersection,Normale,Autre collision,,,,,,,,,,,3,1,1,1,6
200800017714,0008-04-02 14:45:00,8,4,2,14,45,680,175,RD 415,48.153,7.19,Plein jour,En agglomération,Hors intersection,Normale,Deux véhicules - côté,,,,,,,,,,,1,2,1,1,3
200800017715,0008-04-18 22:30:00,8,4,18,22,30,680,7,,,,Nuit sans éclairage public,Hors agglomération,Giratoire,Normale,Deux véhicules - côté,,,,,,,,,,,3,1,6,1,3
200800017716,0008-04-30 15:00:00,8,4,30,15,0,670,330,RUE DE LA HAUTE VIENNE,,,Plein jour,En agglomération,Hors intersection,Pluie légère,Deux véhicules - côté,,,,,,,,,,,1,2,1,2,3
200800017717,0008-04-19 23:45:00,8,4,19,23,45,670,235,,48.883,8.06,Nuit sans éclairage public,Hors agglomération,Hors intersection,Normale,Autre collision,,,,,,,,,,,3,1,1,1,6
200800017718,0008-04-12 05:00:00,8,4,12,5,0,670,281,2 route de Elsenheim,48.164,7.535,Nuit avec éclairage allumé,En agglomération,Hors intersection,Normale,Autre collision,,,,,,,,,,,5,2,1,1,6
200800017719,0008-04-29 17:00:00,8,4,29,17,0,670,210,,48.41,7.329,Plein jour,Hors agglomération,Hors intersection,Normale,Autre collision,,,,,,,,,,,1,1,1,1,6
200800017720,0008-04-27 20:15:00,8,4,27,20,15,670,1,rue bourgend,48.585,7.632,Plein jour,En agglomération,Hors intersection,Normale,Sans collision,,,,,,,,,,,1,2,1,1,7
200800017721,0008-04-24 16:30:00,8,4,24,16,30,670,33,,48.749,7.686,Plein jour,Hors agglomération,Hors intersection,Normale,Deux véhicules - frontale,,,,,,,,,,,1,1,1,1,1
200800017722,0008-04-19 22:45:00,8,4,19,22,45,670,133,,,,Nuit sans éclairage public,Hors agglomération,Hors intersection,Normale,Autre collision,,,,,,,,,,,3,1,1,1,6
200800017723,0008-04-16 16:45:00,8,4,16,16,45,680,63,,47.797,7.172,Plein jour,Hors agglomération,Giratoire,Normale,Autre collision,,,,,,,,,,,1,1,6,1,6
200800017724,0008-04-30 17:00:00,8,4,30,17,0,670,103,,,,Plein jour,Hors agglomération,Hors intersection,Normale,Deux véhicules - frontale,,,,,,,,,,,1,1,1,1,1
200800017725,0008-04-09 13:00:00,8,4,9,13,0,670,61,rue general Bolgert,,,Plein jour,En agglomération,Autre intersection,Pluie forte,Deux véhicules - frontale,,,,,,,,,,,1,2,9,3,1
200800017726,0008-04-26 16:45:00,8,4,26,16,45,670,520,32 route de Romanswiller,48.642,7.442,Plein jour,En agglomération,Hors intersection,Normale,Deux véhicules - frontale,,,,,,,,,,,1,2,1,1,1
200800017727,0008-04-27 19:00:00,8,4,27,19,0,670,480,l'eveque lichtenberg,48.555,7.403,Plein jour,En agglomération,Autre intersection,Normale,Deux véhicules - côté,,,,,,,,,,,1,2,9,1,3
200800017728,0008-04-24 16:45:00,8,4,24,16,45,670,420,,48.501,7.252,Plein jour,Hors agglomération,Hors intersection,Normale,Autre collision,,,,,,,,,,,1,1,1,1,6
200800017729,0008-04-11 11:30:00,8,4,11,11,30,670,313,21 rue du marechal foch,48.543,7.456,Plein jour,En agglomération,Hors intersection,Normale,Autre collision,,,,,,,,,,,1,2,1,1,6
200800017730,0008-04-27 04:15:00,8,4,27,4,15,670,286,,48.452,7.556,Nuit sans éclairage public,Hors agglomération,Hors intersection,Normale,Autre collision,,,,,,,,,,,3,1,1,1,6
200800017731,0008-04-08 19:15:00,8,4,8,19,15,670,130,45 rue du printemps,48.435,7.658,Plein jour,En agglomération,Hors intersection,Normale,Autre collision,,,,,,,,,,,1,2,1,1,6
200800017732,0008-04-04 10:15:00,8,4,4,10,15,670,266,,48.466,7.658,Plein jour,Hors agglomération,Hors intersection,Normale,Sans collision,,,,,,,,,,,1,1,1,1,7
200800017733,0008-04-29 11:45:00,8,4,29,11,45,670,137,Parking route de Lyon,,,Plein jour,En agglomération,Place,Normale,Autre collision,,,,,,,,,,,1,2,7,1,6
200800017734,0008-04-05 03:30:00,8,4,5,3,30,670,28,,,,Nuit sans éclairage public,Hors agglomération,Hors intersection,Normale,Autre collision,,,,,,,,,,,3,1,1,1,6
200800017735,0008-04-28 23:15:00,8,4,28,23,15,880,319,,48.397,6.865,Nuit sans éclairage public,Hors agglomération,Hors intersection,Pluie légère,Autre collision,,,,,,,,,,,3,1,1,2,6
200800017736,0008-04-26 15:00:00,8,4,26,15,0,880,451,RUE DE LA DEPORTATION,48.403,6.984,Plein jour,En agglomération,Hors intersection,Normale,Deux véhicules - arrière,,,,,,,,,,,1,2,1,1,2
200800017737,0008-04-26 15:15:00,8,4,26,15,15,880,531,,48.088,6.933,Plein jour,Hors agglomération,Hors intersection,Temps éblouissant,Deux véhicules - côté,,,,,,,,,,,1,1,1,7,3
200800017738,0008-04-26 09:30:00,8,4,26,9,30,880,167,03 grande rue,,,Plein jour,En agglomération,Hors intersection,Normale,Deux véhicules - frontale,,,,,,,,,,,1,2,1,1,1
200800017739,0008-04-18 18:00:00,8,4,18,18,0,880,148,,48.011,6.612,Plein jour,Hors agglomération,Hors intersection,Normale,Deux véhicules - côté,,,,,,,,,,,1,1,1,1,3
200800017740,0008-04-25 20:45:00,8,4,25,20,45,880,400,392 rue de Lorraine,48.313,6.035,Crépuscule ou aube,En agglomération,Hors intersection,Normale,Deux véhicules - côté,,,,,,,,,,,2,2,1,1,3
200800017741,0008-04-26 15:30:00,8,4,26,15,30,880,481,,,,Plein jour,Hors agglomération,Hors intersection,Normale,Deux véhicules - frontale,,,,,,,,,,,1,1,1,1,1
200800017742,0008-04-18 22:30:00,8,4,18,22,30,880,395,,,,Nuit sans éclairage public,Hors agglomération,Hors intersection,Normale,Deux véhicules - côté,,,,,,,,,,,3,1,1,1,3
200800017743,0008-04-06 21:00:00,8,4,6,21,0,670,9,,,,Crépuscule ou aube,Hors agglomération,Intersection en X,Pluie légère,Deux véhicules - frontale,,,,,,,,,,,2,1,2,2,1
200800017744,0008-04-20 15:30:00,8,4,20,15,30,880,513,,,,Plein jour,Hors agglomération,Hors intersection,Normale,Sans collision,,,,,,,,,,,1,1,1,1,7
200800017745,0008-04-06 17:30:00,8,4,6,17,30,880,147,,48.141,6.257,Plein jour,Hors agglomération,Intersection en X,Pluie forte,Deux véhicules - côté,,,,,,,,,,,1,1,2,3,3
200800017746,0008-04-29 18:15:00,8,4,29,18,15,550,492,,49.127,5.477,Plein jour,Hors agglomération,Hors intersection,Temps couvert,Deux véhicules - frontale,,,,,,,,,,,1,1,1,8,1
200800017747,0008-04-30 21:45:00,8,4,30,21,45,550,490,1 route nationale,,,Nuit sans éclairage public,En agglomération,Hors intersection,Autre,Autre collision,,,,,,,,,,,3,2,1,9,6
200800017748,0008-04-25 18:45:00,8,4,25,18,45,550,544,,49.51,5.45,Plein jour,Hors agglomération,Hors intersection,Normale,Autre collision,,,,,,,,,,,1,1,1,1,6
200800017749,0008-04-05 13:30:00,8,4,5,13,30,550,351,rue de la citadelle,,,Plein jour,En agglomération,Hors intersection,Pluie forte,Autre collision,,,,,,,,,,,1,2,1,3,6
200800017750,0008-04-29 06:45:00,8,4,29,6,45,550,470,,48.7,5.058,Plein jour,Hors agglomération,Hors intersection,Normale,Deux véhicules - frontale,,,,,,,,,,,1,1,1,1,1
200800017751,0008-04-02 14:45:00,8,4,2,14,45,550,568,Route de Tremont,,,Plein jour,En agglomération,Hors intersection,Normale,Deux véhicules - frontale,,,,,,,,,,,1,2,1,1,1
200800017752,0008-04-04 23:45:00,8,4,4,23,45,550,10,,48.643,5.04,Nuit sans éclairage public,Hors agglomération,Hors intersection,Temps couvert,Autre collision,,,,,,,,,,,3,1,1,8,6
200800017753,0008-04-18 12:45:00,8,4,18,12,45,550,369,,48.813,5.205,Plein jour,Hors agglomération,Hors intersection,Normale,Sans collision,,,,,,,,,,,1,1,1,1,7
200800017754,0008-04-02 16:45:00,8,4,2,16,45,550,108,,48.931,5.252,Plein jour,Hors agglomération,Intersection en T,Normale,Deux véhicules - côté,,,,,,,,,,,1,1,3,1,3
200800017755,0008-04-08 07:45:00,8,4,8,7,45,540,86,,,,Plein jour,Hors agglomération,Hors intersection,Normale,Deux véhicules - arrière,,,,,,,,,,,1,1,1,1,2
200800017756,0008-04-07 15:30:00,8,4,7,15,30,540,540,,48.576,6.964,Plein jour,Hors agglomération,Hors intersection,Normale,Autre collision,,,,,,,,,,,1,1,1,1,6
200800017757,0008-04-18 06:30:00,8,4,18,6,30,540,394,,49.346,5.832,Crépuscule ou aube,Hors agglomération,Hors intersection,Normale,Autre collision,,,,,,,,,,,2,1,1,1,6
200800017758,0008-04-24 20:15:00,8,4,24,20,15,540,134,rue Pierre DE CHEVIGNY,,,Crépuscule ou aube,En agglomération,Hors intersection,Normale,Sans collision,,,,,,,,,,,2,2,1,1,7
200800017759,0008-04-29 09:00:00,8,4,29,9,0,540,302,,,,Plein jour,Hors agglomération,Intersection en X,Normale,Deux véhicules - côté,,,,,,,,,,,1,1,2,1,3
200800017760,0008-04-25 15:15:00,8,4,25,15,15,540,434,,,,Plein jour,Hors agglomération,Hors intersection,Normale,Trois véhicules et plus - collisions multiples,,,,,,,,,,,1,1,1,1,5
200800017761,0008-04-06 15:00:00,8,4,6,15,0,540,563,,,,Plein jour,Hors agglomération,Intersection en X,Normale,Deux véhicules - côté,,,,,,,,,,,1,1,2,1,3
200800017762,0008-04-01 10:45:00,8,4,1,10,45,540,299,,,,Plein jour,Hors agglomération,Hors intersection,Normale,Sans collision,,,,,,,,,,,1,1,1,1,7
200800017763,0008-04-15 11:45:00,8,4,15,11,45,540,196,,,,Plein jour,Hors agglomération,Hors intersection,Normale,Deux véhicules - côté,,,,,,,,,,,1,1,1,1,3
200800017764,0008-04-15 14:15:00,8,4,15,14,15,880,367,,,,Plein jour,Hors agglomération,Hors intersection,Pluie légère,Deux véhicules - côté,,,,,,,,,,,1,1,1,2,3
200800017765,0008-04-27 20:30:00,8,4,27,20,30,540,31,,,,Plein jour,Hors agglomération,Hors intersection,Normale,Autre collision,,,,,,,,,,,1,1,1,1,6
200800017766,0008-04-27 15:00:00,8,4,27,15,0,570,437,carrefour RD654 / RD855,49.413,6.308,Plein jour,En agglomération,Intersection en X,Normale,Deux véhicules - côté,,,,,,,,,,,1,2,2,1,3
200800017767,0008-04-26 13:30:00,8,4,26,13,30,570,341,,49.424,6.321,Plein jour,Hors agglomération,Hors intersection,Normale,Sans collision,,,,,,,,,,,1,1,1,1,7
200800017768,0008-04-16 13:45:00,8,4,16,13,45,570,383,,,,Plein jour,Hors agglomération,Hors intersection,Normale,Deux véhicules - frontale,,,,,,,,,,,1,1,1,1,1
200800017769,0008-04-09 06:15:00,8,4,9,6,15,570,271,,49.104,6.801,Nuit sans éclairage public,Hors agglomération,Intersection en X,Pluie forte,Deux véhicules - côté,,,,,,,,,,,3,1,2,3,3
200800017770,0008-04-27 11:15:00,8,4,27,11,15,570,702,,48.866,6.527,Plein jour,Hors agglomération,Hors intersection,Normale,Deux véhicules - arrière,,,,,,,,,,,1,1,1,1,2
200800017771,0008-04-25 13:45:00,8,4,25,13,45,570,281,,,,Plein jour,Hors agglomération,Hors intersection,Normale,Deux véhicules - frontale,,,,,,,,,,,1,1,1,1,1
200800017772,0008-04-16 19:30:00,8,4,16,19,30,570,59,,48.907,6.56,Plein jour,Hors agglomération,Hors intersection,Normale,Deux véhicules - frontale,,,,,,,,,,,1,1,1,1,1
200800017773,0008-04-14 13:00:00,8,4,14,13,0,570,413,,49.114,6.657,Plein jour,En agglomération,Intersection en T,Normale,Deux véhicules - côté,,,,,,,,,,,1,2,3,1,3
200800017774,0008-04-12 10:30:00,8,4,12,10,30,570,209,,,,Plein jour,Hors agglomération,Hors intersection,Normale,Autre collision,,,,,,,,,,,1,1,1,1,6
200800017775,0008-04-18 21:30:00,8,4,18,21,30,570,273,Rue Principale,,,Nuit avec éclairage allumé,En agglomération,Hors intersection,Normale,Trois véhicules et plus - collisions multiples,,,,,,,,,,,5,2,1,1,5
200800017776,0008-04-20 14:15:00,8,4,20,14,15,570,512,02 rue de la Falee,,,Plein jour,En agglomération,Hors intersection,Normale,Deux véhicules - frontale,,,,,,,,,,,1,2,1,1,1
200800017777,0008-04-16 15:30:00,8,4,16,15,30,570,148,RD1 - PK 8+986,,,Plein jour,En agglomération,Hors intersection,Normale,Autre collision,,,,,,,,,,,1,2,1,1,6
200800017778,0008-04-03 17:00:00,8,4,3,17,0,570,431,,,,Plein jour,Hors agglomération,Intersection en T,Normale,Deux véhicules - côté,,,,,,,,,,,1,1,3,1,3
200800017779,0008-04-13 08:45:00,8,4,13,8,45,570,218,RD 913,,,Plein jour,En agglomération,Giratoire,Normale,Deux véhicules - côté,,,,,,,,,,,1,2,6,1,3
200800017780,0008-04-26 15:15:00,8,4,26,15,15,570,511,,49.193,6.111,Plein jour,Hors agglomération,Hors intersection,Normale,Autre collision,,,,,,,,,,,1,1,1,1,6
200800017781,0008-04-09 11:45:00,8,4,9,11,45,570,645,,49.179,6.154,Plein jour,Hors agglomération,Hors intersection,Pluie légère,Sans collision,,,,,,,,,,,1,1,1,2,7
200800017782,0008-04-25 09:15:00,8,4,25,9,15,570,350,,,,Plein jour,Hors agglomération,Hors intersection,Normale,Deux véhicules - arrière,,,,,,,,,,,1,1,1,1,2
200800017783,0008-04-14 17:15:00,8,4,14,17,15,430,137,Rue Jules ROMAINS,45.295,4.165,Plein jour,En agglomération,Hors intersection,Normale,Deux véhicules - frontale,,,,,,,,,,,1,2,1,1,1
200800017784,0008-04-25 09:15:00,8,4,25,9,15,430,268,,45.17,4.177,Plein jour,Hors agglomération,Hors intersection,Normale,Autre collision,,,,,,,,,,,1,1,1,1,6
200800017785,0008-04-13 14:45:00,8,4,13,14,45,540,364,,48.605,6.147,Plein jour,Hors agglomération,Hors intersection,Normale,Sans collision,,,,,,,,,,,1,1,1,1,7
200800017786,0008-04-26 16:45:00,8,4,26,16,45,430,183,,45.142,3.617,Plein jour,Hors agglomération,Hors intersection,Normale,Autre collision,,,,,,,,,,,1,1,1,1,6
200800017787,0008-04-28 17:45:00,8,4,28,17,45,430,152,,45.086,3.85,Plein jour,Hors agglomération,Hors intersection,Pluie forte,Autre collision,,,,,,,,,,,1,1,1,3,6
200800017788,0008-04-20 12:30:00,8,4,20,12,30,150,250,,45.368,2.512,Plein jour,Hors agglomération,Intersection en X,Normale,Deux véhicules - côté,,,,,,,,,,,1,1,2,1,3
200800017789,0008-04-24 17:15:00,8,4,24,17,15,150,162,,45.287,2.671,Plein jour,Hors agglomération,Intersection en T,Normale,Deux véhicules - frontale,,,,,,,,,,,1,1,3,1,1
200800017790,0008-04-17 10:45:00,8,4,17,10,45,30,138,,46.24,3.603,Plein jour,Hors agglomération,Hors intersection,Normale,Deux véhicules - frontale,,,,,,,,,,,1,1,1,1,1
200800017791,0008-04-10 12:15:00,8,4,10,12,15,30,82,rue Denis Papin,46.292,2.748,Plein jour,En agglomération,Hors intersection,Pluie légère,Deux véhicules - côté,,,,,,,,,,,1,2,1,2,3
200800017792,0008-04-05 20:00:00,8,4,5,20,0,30,19,,,,Crépuscule ou aube,Hors agglomération,Hors intersection,Normale,Sans collision,,,,,,,,,,,2,1,1,1,7
200800017793,0008-04-27 12:30:00,8,4,27,12,30,30,15,,46.662,3.182,Plein jour,Hors agglomération,Hors intersection,Temps éblouissant,Autre collision,,,,,,,,,,,1,1,1,7,6
200800017794,0008-04-25 07:00:00,8,4,25,7,0,630,180,,45.891,3.321,Crépuscule ou aube,Hors agglomération,Hors intersection,Normale,Deux véhicules - frontale,,,,,,,,,,,2,1,1,1,1
200800017795,0008-04-09 09:00:00,8,4,9,9,0,630,196,,45.984,3.449,Plein jour,Hors agglomération,Hors intersection,Normale,Autre collision,,,,,,,,,,,1,1,1,1,6
200800017796,0008-04-26 18:15:00,8,4,26,18,15,630,194,Le bourg,45.831,3.335,Plein jour,En agglomération,Intersection en X,Normale,Deux véhicules - côté,,,,,,,,,,,1,2,2,1,3
200800017797,0008-04-07 11:15:00,8,4,7,11,15,630,125,parking d'Intermarche,45.763,3.54,Plein jour,En agglomération,Hors intersection,Normale,Deux véhicules - côté,,,,,,,,,,,1,2,1,1,3
200800017798,0008-04-21 17:45:00,8,4,21,17,45,630,195,RD2089,45.828,3.363,Plein jour,En agglomération,Hors intersection,Normale,Trois véhicules et plus - en chaîne,,,,,,,,,,,1,2,1,1,4
200800017799,0008-04-25 02:30:00,8,4,25,2,30,630,148,,45.892,3.189,Nuit sans éclairage public,Hors agglomération,Hors intersection,Normale,Autre collision,,,,,,,,,,,3,1,1,1,6
200800017800,0008-04-24 23:30:00,8,4,24,23,30,630,322,,45.865,3.205,Nuit sans éclairage public,Hors agglomération,Hors intersection,Normale,Sans collision,,,,,,,,,,,3,1,1,1,7
200800017801,0008-04-15 18:15:00,8,4,15,18,15,630,295,,46.009,3.376,Plein jour,Hors agglomération,Intersection en X,Normale,Deux véhicules - côté,,,,,,,,,,,1,1,2,1,3
200800017802,0008-04-06 04:30:00,8,4,6,4,30,630,30,,46.031,3.312,Nuit sans éclairage public,Hors agglomération,Hors intersection,Normale,Sans collision,,,,,,,,,,,3,1,1,1,7
200800017803,0008-04-07 20:45:00,8,4,7,20,45,630,135,Le bourg,45.95,3.1,Nuit avec éclairage allumé,En agglomération,Hors intersection,Normale,Deux véhicules - côté,,,,,,,,,,,5,2,1,1,3
200800017804,0008-04-04 14:00:00,8,4,4,14,0,630,313,,,,Plein jour,Hors agglomération,Hors intersection,Normale,Sans collision,,,,,,,,,,,1,1,1,1,7
200800017805,0008-04-16 17:00:00,8,4,16,17,0,630,50,RUE JEAN JAURES,45.418,3.332,Plein jour,En agglomération,Hors intersection,Normale,Deux véhicules - arrière,,,,,,,,,,,1,2,1,1,2
200800017806,0008-04-27 16:15:00,8,4,27,16,15,430,268,,,,Plein jour,Hors agglomération,Hors intersection,Normale,Sans collision,,,,,,,,,,,1,1,1,1,7
200800017807,0008-04-06 04:45:00,8,4,6,4,45,630,81,,,,Nuit sans éclairage public,Hors agglomération,Hors intersection,Normale,Autre collision,,,,,,,,,,,3,1,1,1,6
200800017808,0008-04-20 17:45:00,8,4,20,17,45,630,457,Lieu-dit LACHAUX,45.642,3.219,Plein jour,En agglomération,Hors intersection,Temps couvert,Deux véhicules - frontale,,,,,,,,,,,1,2,1,8,1
200800017809,0008-04-20 07:45:00,8,4,20,7,45,630,451,,45.658,2.866,Plein jour,Hors agglomération,Hors intersection,Temps couvert,Autre collision,,,,,,,,,,,1,1,1,8,6
200800017810,0008-04-26 23:45:00,8,4,26,23,45,630,438,CD7,,,Nuit avec éclairage allumé,En agglomération,Hors intersection,Normale,Autre collision,,,,,,,,,,,5,2,1,1,6
200800017811,0008-04-01 08:15:00,8,4,1,8,15,630,273,,45.733,3.222,Plein jour,Hors agglomération,Hors intersection,Normale,Deux véhicules - côté,,,,,,,,,,,1,1,1,1,3
200800017812,0008-04-29 08:00:00,8,4,29,8,0,630,307,Avenue Jean Jaures,,,Plein jour,En agglomération,Hors intersection,Normale,Deux véhicules - frontale,,,,,,,,,,,1,2,1,1,1
200800017813,0008-04-16 08:30:00,8,4,16,8,30,630,307,rue Fernand Forest,45.74,3.09,Plein jour,En agglomération,Hors intersection,Normale,Deux véhicules - frontale,,,,,,,,,,,1,2,1,1,1
200800017814,0008-04-30 12:45:00,8,4,30,12,45,740,295,,46.319,6.606,Plein jour,Hors agglomération,Hors intersection,Pluie forte,Deux véhicules - côté,,,,,,,,,,,1,1,1,3,3
200800017815,0008-04-30 18:30:00,8,4,30,18,30,740,308,,46.356,6.6,Plein jour,Hors agglomération,Hors intersection,Normale,Autre collision,,,,,,,,,,,1,1,1,1,6
200800017816,0008-04-14 19:45:00,8,4,14,19,45,740,146,,46.371,6.574,Plein jour,Hors agglomération,Hors intersection,Pluie légère,Autre collision,,,,,,,,,,,1,1,1,2,6
200800017817,0008-04-08 11:00:00,8,4,8,11,0,740,53,CD 35 CHEF LIEU,46.288,6.44,Plein jour,En agglomération,Hors intersection,Neige / grêle,Autre collision,,,,,,,,,,,1,2,1,4,6
200800017818,0008-04-04 22:45:00,8,4,4,22,45,740,171,CD 1005,46.322,6.333,Nuit avec éclairage allumé,En agglomération,Hors intersection,Normale,Autre collision,,,,,,,,,,,5,2,1,1,6
200800017819,0008-04-21 18:30:00,8,4,21,18,30,740,21,,46.171,6.274,Plein jour,Hors agglomération,Hors intersection,Pluie légère,Trois véhicules et plus - collisions multiples,,,,,,,,,,,1,1,1,2,5
200800017820,0008-04-04 19:00:00,8,4,4,19,0,740,94,,,,Plein jour,Hors agglomération,Hors intersection,Normale,Sans collision,,,,,,,,,,,1,1,1,1,7
200800017821,0008-04-04 04:45:00,8,4,4,4,45,740,229,,,,Nuit sans éclairage public,Hors agglomération,Hors intersection,Normale,Autre collision,,,,,,,,,,,3,1,1,1,6
200800017822,0008-04-24 12:00:00,8,4,24,12,0,740,44,,,,Plein jour,Hors agglomération,Intersection en X,Normale,Deux véhicules - côté,,,,,,,,,,,1,1,2,1,3
200800017823,0008-04-27 10:45:00,8,4,27,10,45,740,273,,,,Plein jour,Hors agglomération,Hors intersection,Normale,Sans collision,,,,,,,,,,,1,1,1,1,7
200800017824,0008-04-04 18:00:00,8,4,4,18,0,740,256,7 rue de la Republique,,,Plein jour,En agglomération,Hors intersection,Normale,Autre collision,,,,,,,,,,,1,2,1,1,6
200800017825,0008-04-13 15:45:00,8,4,13,15,45,740,110,,45.953,6.399,Plein jour,Hors agglomération,Hors intersection,Normale,Sans collision,,,,,,,,,,,1,1,1,1,7
200800017826,0008-04-03 07:15:00,8,4,3,7,15,740,104,,,,Crépuscule ou aube,Hors agglomération,Hors intersection,Pluie légère,Autre collision,,,,,,,,,,,2,1,1,2,6
200800017827,0008-04-16 17:45:00,8,4,16,17,45,630,139,,45.386,3.785,Plein jour,Hors agglomération,Hors intersection,Normale,Sans collision,,,,,,,,,,,1,1,1,1,7
200800017828,0008-04-22 17:30:00,8,4,22,17,30,730,287,,,,Plein jour,Hors agglomération,Hors intersection,Normale,Sans collision,,,,,,,,,,,1,1,1,1,7
200800017829,0008-04-20 04:45:00,8,4,20,4,45,730,7,,,,Nuit sans éclairage public,Hors agglomération,Hors intersection,Normale,Autre collision,,,,,,,,,,,3,1,1,1,6
200800017830,0008-04-12 03:30:00,8,4,12,3,30,730,173,,45.247,6.406,Nuit sans éclairage public,Hors agglomération,Hors intersection,Normale,Autre collision,,,,,,,,,,,3,1,1,1,6
200800017831,0008-04-05 18:30:00,8,4,5,18,30,730,173,,45.247,6.407,Plein jour,Hors agglomération,Hors intersection,Normale,Autre collision,,,,,,,,,,,1,1,1,1,6
200800017832,0008-04-26 12:15:00,8,4,26,12,15,730,303,,,,Plein jour,Hors agglomération,Hors intersection,Normale,Deux véhicules - côté,,,,,,,,,,,1,1,1,1,3
200800017833,0008-04-19 08:15:00,8,4,19,8,15,730,216,,,,Plein jour,Hors agglomération,Hors intersection,Normale,Deux véhicules - frontale,,,,,,,,,,,1,1,1,1,1
200800017834,0008-04-16 17:15:00,8,4,16,17,15,730,69,Villard Dizier,45.53,6.202,Plein jour,En agglomération,Hors intersection,Normale,Autre collision,,,,,,,,,,,1,2,1,1,6
200800017835,0008-04-19 15:45:00,8,4,19,15,45,730,51,,45.671,5.853,Plein jour,Hors agglomération,Hors intersection,Normale,Deux véhicules - côté,,,,,,,,,,,1,1,1,1,3
200800017836,0008-04-04 22:30:00,8,4,4,22,30,730,146,,45.697,6.084,Nuit sans éclairage public,Hors agglomération,Hors intersection,Temps couvert,Sans collision,,,,,,,,,,,3,1,1,8,7
200800017837,0008-04-19 18:30:00,8,4,19,18,30,730,328,chemin coteaux de boissy,,,Plein jour,En agglomération,Hors intersection,Normale,Sans collision,,,,,,,,,,,1,2,1,1,7
200800017838,0008-04-19 06:30:00,8,4,19,6,30,420,253,route de Renaison,46.048,3.998,Crépuscule ou aube,En agglomération,Hors intersection,Normale,Autre collision,,,,,,,,,,,2,2,1,1,6
200800017839,0008-04-26 23:30:00,8,4,26,23,30,420,48,,46.157,4.212,Nuit sans éclairage public,Hors agglomération,Hors intersection,Normale,Deux véhicules - frontale,,,,,,,,,,,3,1,1,1,1
200800017840,0008-04-03 07:00:00,8,4,3,7,0,420,267,,,,Plein jour,Hors agglomération,Hors intersection,Pluie légère,Deux véhicules - frontale,,,,,,,,,,,1,1,1,2,1
200800017841,0008-04-25 18:30:00,8,4,25,18,30,420,332,,45.993,4.008,Plein jour,Hors agglomération,Hors intersection,Normale,Deux véhicules - frontale,,,,,,,,,,,1,1,1,1,1
200800017842,0008-04-24 18:30:00,8,4,24,18,30,420,129,,45.375,4.683,Plein jour,Hors agglomération,Hors intersection,Normale,Deux véhicules - côté,,,,,,,,,,,1,1,1,1,3
200800017843,0008-04-19 18:15:00,8,4,19,18,15,420,64,,45.467,4.684,Plein jour,Hors agglomération,Hors intersection,Normale,Deux véhicules - frontale,,,,,,,,,,,1,1,1,1,1
200800017844,0008-04-05 18:00:00,8,4,5,18,0,420,323,route de ST BONNET,,,Plein jour,En agglomération,Hors intersection,Normale,Deux véhicules - côté,,,,,,,,,,,1,2,1,1,3
200800017845,0008-04-03 08:45:00,8,4,3,8,45,420,81,,45.613,4.272,Plein jour,Hors agglomération,Hors intersection,Pluie légère,Autre collision,,,,,,,,,,,1,1,1,2,6
200800017846,0008-04-18 06:00:00,8,4,18,6,0,420,219,,45.638,4.23,Nuit avec éclairage allumé,Hors agglomération,Hors intersection,Brouillard / fumée,Autre collision,,,,,,,,,,,5,1,1,5,6
200800017847,0008-04-08 15:30:00,8,4,8,15,30,420,227,,45.165,3.536,Plein jour,Hors agglomération,Hors intersection,Normale,Sans collision,,,,,,,,,,,1,1,1,1,7
200800017848,0008-04-19 16:45:00,8,4,19,16,45,740,181,,,,Plein jour,Hors agglomération,Hors intersection,Normale,Autre collision,,,,,,,,,,,1,1,1,1,6
200800017849,0008-04-17 15:30:00,8,4,17,15,30,380,449,rue Montmurier,,,Plein jour,En agglomération,Hors intersection,Normale,Deux véhicules - frontale,,,,,,,,,,,1,2,1,1,1
200800017850,0008-04-09 18:45:00,8,4,9,18,45,380,537,AVENUE DE LA GARE,,,Plein jour,En agglomération,Hors intersection,Pluie légère,Deux véhicules - côté,,,,,,,,,,,1,2,1,2,3
200800017851,0008-04-13 17:00:00,8,4,13,17,0,380,468,RUE louis SAILLANT,45.358,4.81,Plein jour,En agglomération,Hors intersection,Normale,Deux véhicules - arrière,,,,,,,,,,,1,2,1,1,2