accident_id,datetime,annee,mois,jour,heure,minute,departement,commune_insee,adresse,latitude,longitude,luminosite,agglomeration,intersection,meteo,collision,nb_vehicules,nb_usagers,nb_indemnes,nb_tues,nb_blesses_hosp,nb_blesses_legers,age_cond_1,age_cond_2,veh_type_cond_1,veh_type_cond_2,lum_code,agg_code,int_code,atm_code,col_code
200800018133,0008-04-24 18:45:00,8,4,24,18,45,640,160,Avenue des thermes,43.361,-1.395,Plein jour,En agglomération,Hors intersection,Normale,Deux véhicules - côté,,,,,,,,,,,1,2,1,1,3
200800018134,0008-04-01 07:45:00,8,4,1,7,45,640,519,route d'Uzein - CD 716,43.363,-0.382,Plein jour,En agglomération,Intersection en X,Temps couvert,Deux véhicules - côté,,,,,,,,,,,1,2,2,8,3
200800018135,0008-04-19 23:45:00,8,4,19,23,45,470,252,,,,Nuit sans éclairage public,Hors agglomération,Hors intersection,Normale,Autre collision,,,,,,,,,,,3,1,1,1,6
200800018136,0008-04-24 12:00:00,8,4,24,12,0,470,160,,,,Plein jour,Hors agglomération,Hors intersection,Normale,Deux véhicules - arrière,,,,,,,,,,,1,1,1,1,2
200800018137,0008-04-18 21:00:00,8,4,18,21,0,470,203,,,,Crépuscule ou aube,Hors agglomération,Hors intersection,Normale,Deux véhicules - côté,,,,,,,,,,,2,1,1,1,3
200800018138,0008-04-14 13:30:00,8,4,14,13,30,470,159,,,,Plein jour,Hors agglomération,Intersection en X,Normale,Deux véhicules - côté,,,,,,,,,,,1,1,2,1,3
200800018139,0008-04-26 15:00:00,8,4,26,15,0,470,68,,,,Plein jour,Hors agglomération,Hors intersection,Normale,Deux véhicules - frontale,,,,,,,,,,,1,1,1,1,1
200800018140,0008-04-18 17:30:00,8,4,18,17,30,470,191,,,,Plein jour,Hors agglomération,Intersection en X,Pluie légère,Deux véhicules - côté,,,,,,,,,,,1,1,2,2,3
200800018141,0008-04-30 23:15:00,8,4,30,23,15,860,137,11 Bld Jean PASCAULT,,,Nuit sans éclairage public,En agglomération,Hors intersection,Normale,Autre collision,,,,,,,,,,,3,2,1,1,6
200800018142,0008-04-30 16:30:00,8,4,30,16,30,470,157,Boulevard Jean Jaures,44.508,0.155,Plein jour,En agglomération,Hors intersection,Normale,Deux véhicules - côté,,,,,,,,,,,1,2,1,1,3
200800018143,0008-04-25 09:30:00,8,4,25,9,30,470,274,,,,Plein jour,Hors agglomération,Hors intersection,Normale,Deux véhicules - arrière,,,,,,,,,,,1,1,1,1,2
200800018144,0008-04-12 23:00:00,8,4,12,23,0,400,55,,,,Nuit sans éclairage public,Hors agglomération,Hors intersection,Normale,Deux véhicules - frontale,,,,,,,,,,,3,1,1,1,1
200800018145,0008-04-05 14:30:00,8,4,5,14,30,400,117,,,,Plein jour,Hors agglomération,Hors intersection,Normale,Deux véhicules - frontale,,,,,,,,,,,1,1,1,1,1
200800018146,0008-04-19 19:45:00,8,4,19,19,45,400,61,,,,Plein jour,Hors agglomération,Hors intersection,Temps couvert,Deux véhicules - arrière,,,,,,,,,,,1,1,1,8,2
200800018147,0008-04-13 12:00:00,8,4,13,12,0,400,46,,,,Plein jour,Hors agglomération,Hors intersection,Normale,Sans collision,,,,,,,,,,,1,1,1,1,7
200800018148,0008-04-17 11:30:00,8,4,17,11,30,400,248,,43.552,-1.329,Plein jour,Hors agglomération,Hors intersection,Normale,Autre collision,,,,,,,,,,,1,1,1,1,6
200800018149,0008-04-29 12:15:00,8,4,29,12,15,400,317,,,,Plein jour,Hors agglomération,Hors intersection,Normale,Deux véhicules - frontale,,,,,,,,,,,1,1,1,1,1
200800018150,0008-04-22 15:00:00,8,4,22,15,0,400,304,Avenue de la Grande Dune,,,Plein jour,En agglomération,Hors intersection,Normale,Deux véhicules - côté,,,,,,,,,,,1,2,1,1,3
200800018151,0008-04-20 07:45:00,8,4,20,7,45,400,89,511 route de mugron,,,Crépuscule ou aube,En agglomération,Hors intersection,Normale,Autre collision,,,,,,,,,,,2,2,1,1,6
200800018152,0008-04-03 09:15:00,8,4,3,9,15,400,155,,43.91,-1.225,Plein jour,Hors agglomération,Hors intersection,Normale,Deux véhicules - côté,,,,,,,,,,,1,1,1,1,3
200800018153,0008-04-02 17:45:00,8,4,2,17,45,400,313,cours ST Jacques,,,Plein jour,En agglomération,Hors intersection,Normale,Sans collision,,,,,,,,,,,1,2,1,1,7
200800018154,0008-04-01 12:15:00,8,4,1,12,15,400,309,,43.802,-0.743,Plein jour,Hors agglomération,Autre intersection,Temps couvert,Deux véhicules - arrière,,,,,,,,,,,1,1,9,8,2
200800018155,0008-04-26 07:45:00,8,4,26,7,45,400,111,,44.004,-0.611,Crépuscule ou aube,Hors agglomération,Hors intersection,Normale,Sans collision,,,,,,,,,,,2,1,1,1,7
200800018156,0008-04-03 18:00:00,8,4,3,18,0,240,547,,45.132,1.326,Plein jour,Hors agglomération,Hors intersection,Normale,Deux véhicules - côté,,,,,,,,,,,1,1,1,1,3
200800018157,0008-04-23 22:00:00,8,4,23,22,0,240,396,,,,Nuit sans éclairage public,Hors agglomération,Hors intersection,Normale,Sans collision,,,,,,,,,,,3,1,1,1,7
200800018158,0008-04-14 17:15:00,8,4,14,17,15,240,520,Rue de la Verperie,,,Plein jour,En agglomération,Hors intersection,Normale,Deux véhicules - côté,,,,,,,,,,,1,2,1,1,3
200800018159,0008-04-08 09:00:00,8,4,8,9,0,240,520,,,,Plein jour,Hors agglomération,Hors intersection,Normale,Autre collision,,,,,,,,,,,1,1,1,1,6
200800018160,0008-04-18 16:00:00,8,4,18,16,0,240,553,,45.271,0.532,Plein jour,Hors agglomération,Hors intersection,Normale,Deux véhicules - frontale,,,,,,,,,,,1,1,1,1,1
200800018161,0008-04-08 15:45:00,8,4,8,15,45,240,352,rue couleau,,,Plein jour,En agglomération,Hors intersection,Normale,Autre collision,,,,,,,,,,,1,2,1,1,6
200800018162,0008-04-22 08:45:00,8,4,22,8,45,470,301,,44.571,0.306,Plein jour,Hors agglomération,Intersection en X,Temps couvert,Deux véhicules - côté,,,,,,,,,,,1,1,2,8,3
200800018163,0008-04-28 10:30:00,8,4,28,10,30,240,101,,45.565,0.774,Plein jour,Hors agglomération,Hors intersection,Temps couvert,Sans collision,,,,,,,,,,,1,1,1,8,7
200800018164,0008-04-12 10:45:00,8,4,12,10,45,240,479,AVENUE LEON SIREYJOL,45.499,0.741,Plein jour,En agglomération,Autre intersection,Normale,Deux véhicules - côté,,,,,,,,,,,1,2,9,1,3
200800018165,0008-04-10 17:45:00,8,4,10,17,45,240,568,,44.854,0.114,Plein jour,Hors agglomération,Hors intersection,Normale,Autre collision,,,,,,,,,,,1,1,1,1,6
200800018166,0008-04-24 16:30:00,8,4,24,16,30,240,177,le buth,44.791,0.645,Plein jour,En agglomération,Hors intersection,Normale,Deux véhicules - côté,,,,,,,,,,,1,2,1,1,3
200800018167,0008-04-08 12:15:00,8,4,8,12,15,240,132,,44.8,0.561,Plein jour,Hors agglomération,Hors intersection,Temps couvert,Deux véhicules - frontale,,,,,,,,,,,1,1,1,8,1
200800018168,0008-04-04 17:00:00,8,4,4,17,0,240,181,,,,Plein jour,Hors agglomération,Hors intersection,Normale,Trois véhicules et plus - collisions multiples,,,,,,,,,,,1,1,1,1,5
200800018169,0008-04-04 08:45:00,8,4,4,8,45,240,126,,,,Plein jour,Hors agglomération,Hors intersection,Normale,Trois véhicules et plus - collisions multiples,,,,,,,,,,,1,1,1,1,5
200800018170,0008-04-17 09:15:00,8,4,17,9,15,240,68,,44.847,0.827,Plein jour,Hors agglomération,Hors intersection,Pluie légère,Deux véhicules - frontale,,,,,,,,,,,1,1,1,2,1
200800018171,0008-04-08 17:00:00,8,4,8,17,0,240,414,,44.92,0.62,Plein jour,Hors agglomération,Hors intersection,Pluie légère,Autre collision,,,,,,,,,,,1,1,1,2,6
200800018172,0008-04-19 10:15:00,8,4,19,10,15,240,11,,45.225,0.84,Plein jour,Hors agglomération,Hors intersection,Normale,Deux véhicules - frontale,,,,,,,,,,,1,1,1,1,1
200800018173,0008-04-03 00:45:00,8,4,3,0,45,240,527,,45.273,0.915,Nuit sans éclairage public,Hors agglomération,Hors intersection,Normale,Autre collision,,,,,,,,,,,3,1,1,1,6
200800018174,0008-04-18 01:15:00,8,4,18,1,15,240,372,,,,Nuit sans éclairage public,Hors agglomération,Hors intersection,Normale,Autre collision,,,,,,,,,,,3,1,1,1,6
200800018175,0008-04-27 20:00:00,8,4,27,20,0,240,235,,,,Crépuscule ou aube,Hors agglomération,Hors intersection,Pluie légère,Sans collision,,,,,,,,,,,2,1,1,2,7
200800018176,0008-04-28 17:15:00,8,4,28,17,15,330,62,8 LDT LA CHAPELLE,,,Plein jour,En agglomération,Hors intersection,Normale,Autre collision,,,,,,,,,,,1,2,1,1,6
200800018177,0008-04-23 17:00:00,8,4,23,17,0,330,393,route de paris stade,,,Plein jour,En agglomération,Hors intersection,Normale,Deux véhicules - côté,,,,,,,,,,,1,2,1,1,3
200800018178,0008-04-11 10:15:00,8,4,11,10,15,330,230,,,,Plein jour,Hors agglomération,Hors intersection,Normale,Deux véhicules - frontale,,,,,,,,,,,1,1,1,1,1
200800018179,0008-04-27 16:30:00,8,4,27,16,30,330,194,,44.807,-0.228,Plein jour,Hors agglomération,Intersection en X,Normale,Deux véhicules - côté,,,,,,,,,,,1,1,2,1,3
200800018180,0008-04-09 16:30:00,8,4,9,16,30,330,301,,,,Plein jour,Hors agglomération,Hors intersection,Normale,Deux véhicules - côté,,,,,,,,,,,1,1,1,1,3
200800018181,0008-04-26 17:30:00,8,4,26,17,30,330,52,,44.957,-0.231,Plein jour,Hors agglomération,Hors intersection,Normale,Deux véhicules - côté,,,,,,,,,,,1,1,1,1,3
200800018182,0008-04-04 01:00:00,8,4,4,1,0,240,95,,,,Nuit sans éclairage public,Hors agglomération,Hors intersection,Temps couvert,Deux véhicules - côté,,,,,,,,,,,3,1,1,8,3
200800018183,0008-04-20 15:30:00,8,4,20,15,30,330,540,,45.351,-1.066,Plein jour,Hors agglomération,Intersection en T,Normale,Deux véhicules - frontale,,,,,,,,,,,1,1,3,1,1
200800018184,0008-04-24 12:15:00,8,4,24,12,15,330,125,,45.225,-0.873,Plein jour,Hors agglomération,Hors intersection,Normale,Deux véhicules - arrière,,,,,,,,,,,1,1,1,1,2
200800018185,0008-04-09 22:00:00,8,4,9,22,0,330,395,,45.257,-0.754,Nuit sans éclairage public,Hors agglomération,Hors intersection,Pluie légère,Deux véhicules - côté,,,,,,,,,,,3,1,1,2,3
200800018186,0008-04-12 15:45:00,8,4,12,15,45,330,268,,,,Plein jour,Hors agglomération,Hors intersection,Normale,Deux véhicules - frontale,,,,,,,,,,,1,1,1,1,1
200800018187,0008-04-27 01:30:00,8,4,27,1,30,330,379,,44.711,-0.148,Nuit sans éclairage public,Hors agglomération,Hors intersection,Normale,Autre collision,,,,,,,,,,,3,1,1,1,6
200800018188,0008-04-20 22:45:00,8,4,20,22,45,330,399,lieu dit planau,44.663,-0.111,Nuit sans éclairage public,En agglomération,Hors intersection,Pluie légère,Deux véhicules - frontale,,,,,,,,,,,3,2,1,2,1
200800018189,0008-04-27 23:15:00,8,4,27,23,15,330,289,,,,Nuit sans éclairage public,Hors agglomération,Hors intersection,Pluie légère,Autre collision,,,,,,,,,,,3,1,1,2,6
200800018190,0008-04-27 19:00:00,8,4,27,19,0,330,537,,,,Plein jour,Hors agglomération,Hors intersection,Normale,Sans collision,,,,,,,,,,,1,1,1,1,7
200800018191,0008-04-30 12:45:00,8,4,30,12,45,330,238,,44.74,-0.577,Plein jour,Hors agglomération,Hors intersection,Normale,Sans collision,,,,,,,,,,,1,1,1,1,7
200800018192,0008-04-06 17:45:00,8,4,6,17,45,330,238,pireques,44.74,-0.596,Plein jour,En agglomération,Hors intersection,Normale,Deux véhicules - côté,,,,,,,,,,,1,2,1,1,3
200800018193,0008-04-30 18:15:00,8,4,30,18,15,330,145,,,,Plein jour,Hors agglomération,Hors intersection,Normale,Autre collision,,,,,,,,,,,1,1,1,1,6
200800018194,0008-04-21 13:00:00,8,4,21,13,0,330,408,,,,Plein jour,Hors agglomération,Hors intersection,Pluie forte,Sans collision,,,,,,,,,,,1,1,1,3,7
200800018195,0008-04-05 16:15:00,8,4,5,16,15,330,213,AVENUE CAPDEVILLE,44.687,-0.527,Plein jour,En agglomération,Hors intersection,Normale,Deux véhicules - frontale,,,,,,,,,,,1,2,1,1,1
200800018196,0008-04-16 10:15:00,8,4,16,10,15,330,397,,,,Plein jour,Hors agglomération,Hors intersection,Normale,Deux véhicules - côté,,,,,,,,,,,1,1,1,1,3
200800018197,0008-04-19 14:00:00,8,4,19,14,0,330,438,,,,Plein jour,Hors agglomération,Hors intersection,Normale,Deux véhicules - côté,,,,,,,,,,,1,1,1,1,3
200800018198,0008-04-19 12:45:00,8,4,19,12,45,330,151,,45.21,-0.482,Plein jour,Hors agglomération,Hors intersection,Normale,Deux véhicules - côté,,,,,,,,,,,1,1,1,1,3
200800018199,0008-04-04 14:00:00,8,4,4,14,0,330,351,,45.217,-0.491,Plein jour,Hors agglomération,Hors intersection,Normale,Deux véhicules - côté,,,,,,,,,,,1,1,1,1,3
200800018200,0008-04-15 16:30:00,8,4,15,16,30,330,73,,45.241,-0.636,Plein jour,Hors agglomération,Intersection en T,Normale,Deux véhicules - côté,,,,,,,,,,,1,1,3,1,3
200800018201,0008-04-15 22:00:00,8,4,15,22,0,330,449,CHEMIN LAFON,,,Nuit avec éclairage allumé,En agglomération,Hors intersection,Normale,Autre collision,,,,,,,,,,,5,2,1,1,6
200800018202,0008-04-02 19:00:00,8,4,2,19,0,330,539,,,,Crépuscule ou aube,Hors agglomération,Giratoire,Normale,Deux véhicules - arrière,,,,,,,,,,,2,1,6,1,2
200800018203,0008-04-19 18:30:00,8,4,19,18,30,330,11,rue des palomes,,,Plein jour,En agglomération,Hors intersection,Normale,Autre collision,,,,,,,,,,,1,2,1,1,6
200800018204,0008-04-14 08:30:00,8,4,14,8,30,330,162,239 AVENUE DE ST MEDARD,,,Plein jour,En agglomération,Hors intersection,Pluie légère,Deux véhicules - côté,,,,,,,,,,,1,2,1,2,3
200800018205,0008-04-30 14:30:00,8,4,30,14,30,330,312,Rue de L'Usine,44.957,-0.623,Plein jour,En agglomération,Hors intersection,Pluie légère,Deux véhicules - frontale,,,,,,,,,,,1,2,1,2,1
200800018206,0008-04-10 07:15:00,8,4,10,7,15,330,56,228 AV DU GAL DE GAULLE,44.935,-0.623,Plein jour,En agglomération,Hors intersection,Pluie légère,Deux véhicules - frontale,,,,,,,,,,,1,2,1,2,1
200800018207,0008-04-24 06:00:00,8,4,24,6,0,330,555,,,,Nuit sans éclairage public,Hors agglomération,Hors intersection,Brouillard / fumée,Deux véhicules - frontale,,,,,,,,,,,3,1,1,5,1
200800018208,0008-04-10 11:00:00,8,4,10,11,0,330,555,AVE DE LA COTE D ARGENT,,,Plein jour,En agglomération,Hors intersection,Normale,Deux véhicules - côté,,,,,,,,,,,1,2,1,1,3
200800018209,0008-04-24 21:15:00,8,4,24,21,15,850,179,,,,Nuit avec éclairage allumé,Hors agglomération,Hors intersection,Normale,Deux véhicules - côté,,,,,,,,,,,5,1,1,1,3
200800018210,0008-04-27 00:01:00,8,4,27,0,1,850,35,,,,Nuit sans éclairage public,Hors agglomération,Hors intersection,Normale,Autre collision,,,,,,,,,,,3,1,1,1,6
200800018211,0008-04-21 16:30:00,8,4,21,16,30,850,226,,46.743,-1.952,Plein jour,Hors agglomération,Hors intersection,Pluie forte,Deux véhicules - arrière,,,,,,,,,,,1,1,1,3,2
200800018212,0008-04-21 12:15:00,8,4,21,12,15,850,222,,,,Plein jour,En agglomération,Hors intersection,Normale,Deux véhicules - côté,,,,,,,,,,,1,2,1,1,3
200800018213,0008-04-11 18:30:00,8,4,11,18,30,850,226,,46.744,-1.925,Plein jour,Hors agglomération,Hors intersection,Normale,Deux véhicules - côté,,,,,,,,,,,1,1,1,1,3
200800018214,0008-04-08 16:45:00,8,4,8,16,45,850,226,"rue de l'yser, ecole mer",,,Plein jour,En agglomération,Autre intersection,Normale,Autre collision,,,,,,,,,,,1,2,9,1,6
200800018215,0008-04-28 16:30:00,8,4,28,16,30,850,112,rue de la vertonne,46.566,-1.779,Plein jour,En agglomération,Intersection en T,Normale,Deux véhicules - côté,,,,,,,,,,,1,2,3,1,3
200800018216,0008-04-05 15:15:00,8,4,5,15,15,850,47,,46.818,-1.813,Plein jour,Hors agglomération,Hors intersection,Normale,Deux véhicules - frontale,,,,,,,,,,,1,1,1,1,1
200800018217,0008-04-20 11:15:00,8,4,20,11,15,850,162,34 RUE DE LA VALLEE,46.438,-0.684,Plein jour,En agglomération,Hors intersection,Normale,Autre collision,,,,,,,,,,,1,2,1,1,6
200800018218,0008-04-19 22:00:00,8,4,19,22,0,850,227,,46.491,-0.662,Nuit sans éclairage public,Hors agglomération,Hors intersection,Pluie légère,Autre collision,,,,,,,,,,,3,1,1,2,6
200800018219,0008-04-18 09:15:00,8,4,18,9,15,850,216,,46.494,-1.11,Plein jour,Hors agglomération,Hors intersection,Pluie forte,Trois véhicules et plus - collisions multiples,,,,,,,,,,,1,1,1,3,5
200800018220,0008-04-12 11:15:00,8,4,12,11,15,850,216,rue nationale,,,Plein jour,En agglomération,Hors intersection,Normale,Autre collision,,,,,,,,,,,1,2,1,1,6
200800018221,0008-04-25 17:30:00,8,4,25,17,30,850,155,,46.708,-1.503,Plein jour,Hors agglomération,Hors intersection,Normale,Deux véhicules - frontale,,,,,,,,,,,1,1,1,1,1
200800018222,0008-04-24 19:00:00,8,4,24,19,0,850,3,rte des sables,,,Plein jour,En agglomération,Giratoire,Normale,Deux véhicules - frontale,,,,,,,,,,,1,2,6,1,1
200800018223,0008-04-26 10:45:00,8,4,26,10,45,330,236,cd106,,,Plein jour,En agglomération,Hors intersection,Normale,Autre collision,,,,,,,,,,,1,2,1,1,6
200800018224,0008-04-05 14:15:00,8,4,5,14,15,850,293,,,,Plein jour,Hors agglomération,Hors intersection,Normale,Trois véhicules et plus - collisions multiples,,,,,,,,,,,1,1,1,1,5
200800018225,0008-04-30 15:00:00,8,4,30,15,0,850,89,,,,Plein jour,Hors agglomération,Hors intersection,Normale,Trois véhicules et plus - collisions multiples,,,,,,,,,,,1,1,1,1,5
200800018226,0008-04-04 12:45:00,8,4,4,12,45,850,84,Petite route de Chauche,,,Plein jour,En agglomération,Hors intersection,Normale,Deux véhicules - côté,,,,,,,,,,,1,2,1,1,3
200800018227,0008-04-03 15:30:00,8,4,3,15,30,850,8,Rue du Cdt COUSTEAU,46.612,-1.446,Plein jour,En agglomération,Hors intersection,Normale,Deux véhicules - frontale,,,,,,,,,,,1,2,1,1,1
200800018228,0008-04-02 08:15:00,8,4,2,8,15,850,135,rue du puy sans tour,,,Plein jour,En agglomération,Hors intersection,Normale,Autre collision,,,,,,,,,,,1,2,1,1,6
200800018229,0008-04-30 14:00:00,8,4,30,14,0,720,167,,,,Plein jour,Hors agglomération,Hors intersection,Neige / grêle,Trois véhicules et plus - collisions multiples,,,,,,,,,,,1,1,1,4,5
200800018230,0008-04-02 17:00:00,8,4,2,17,0,720,244,,,,Plein jour,Hors agglomération,Hors intersection,Normale,Autre collision,,,,,,,,,,,1,1,1,1,6
200800018231,0008-04-17 12:00:00,8,4,17,12,0,720,50,VC7,47.983,-0.234,Plein jour,En agglomération,Hors intersection,Normale,Autre collision,,,,,,,,,,,1,2,1,1,6
200800018232,0008-04-22 21:45:00,8,4,22,21,45,720,71,parking de la gare sncf,,,Nuit avec éclairage allumé,En agglomération,Place,Normale,Autre collision,,,,,,,,,,,5,2,7,1,6
200800018233,0008-04-10 18:00:00,8,4,10,18,0,720,154,rue Rhinn et Danube,47.71,-0.092,Plein jour,En agglomération,Hors intersection,Normale,Deux véhicules - arrière,,,,,,,,,,,1,2,1,1,2
200800018234,0008-04-29 17:15:00,8,4,29,17,15,720,346,,47.898,0.047,Plein jour,Hors agglomération,Hors intersection,Pluie forte,Deux véhicules - frontale,,,,,,,,,,,1,1,1,3,1
200800018235,0008-04-25 17:00:00,8,4,25,17,0,720,339,,47.981,0.013,Plein jour,Hors agglomération,Hors intersection,Normale,Autre collision,,,,,,,,,,,1,1,1,1,6
200800018236,0008-04-07 12:00:00,8,4,7,12,0,720,346,place du marche,,,Plein jour,En agglomération,Place,Normale,Autre collision,,,,,,,,,,,1,2,7,1,6
200800018237,0008-04-24 19:00:00,8,4,24,19,0,720,23,place du champ de foire,48.181,0.236,Plein jour,En agglomération,Hors intersection,Normale,Autre collision,,,,,,,,,,,1,2,1,1,6
200800018238,0008-04-18 15:15:00,8,4,18,15,15,720,358,,48.06,0.502,Plein jour,Hors agglomération,Hors intersection,Normale,Deux véhicules - frontale,,,,,,,,,,,1,1,1,1,1
200800018239,0008-04-24 17:45:00,8,4,24,17,45,530,133,,48.537,-0.226,Plein jour,Hors agglomération,Hors intersection,Normale,Autre collision,,,,,,,,,,,1,1,1,1,6
200800018240,0008-04-21 17:00:00,8,4,21,17,0,530,208,,48.441,-0.209,Plein jour,Hors agglomération,Hors intersection,Normale,Deux véhicules - côté,,,,,,,,,,,1,1,1,1,3
200800018241,0008-04-15 07:45:00,8,4,15,7,45,530,80,,,,Crépuscule ou aube,Hors agglomération,Hors intersection,Brouillard / fumée,Trois véhicules et plus - collisions multiples,,,,,,,,,,,2,1,1,5,5
200800018242,0008-04-26 04:30:00,8,4,26,4,30,530,72,,48.246,-0.619,Nuit sans éclairage public,Hors agglomération,Autre intersection,Normale,Autre collision,,,,,,,,,,,3,1,9,1,6
200800018243,0008-04-22 06:45:00,8,4,22,6,45,530,84,,,,Crépuscule ou aube,Hors agglomération,Hors intersection,Pluie légère,Trois véhicules et plus - collisions multiples,,,,,,,,,,,2,1,1,2,5
200800018244,0008-04-23 15:15:00,8,4,23,15,15,850,19,,46.756,-1.43,Plein jour,Hors agglomération,Hors intersection,Normale,Deux véhicules - arrière,,,,,,,,,,,1,1,1,1,2
200800018245,0008-04-18 15:15:00,8,4,18,15,15,530,10,,48.154,-0.304,Plein jour,Hors agglomération,Hors intersection,Normale,Autre collision,,,,,,,,,,,1,1,1,1,6
200800018246,0008-04-11 21:45:00,8,4,11,21,45,530,1,la crossadiere,48.034,-0.91,Nuit sans éclairage public,En agglomération,Hors intersection,Normale,Autre collision,,,,,,,,,,,3,2,1,1,6
200800018247,0008-04-13 12:00:00,8,4,13,12,0,490,266,,47.458,-0.791,Plein jour,Hors agglomération,Hors intersection,Normale,Deux véhicules - frontale,,,,,,,,,,,1,1,1,1,1
200800018248,0008-04-12 18:45:00,8,4,12,18,45,490,364,12 ALLEE DE L'ANJOU,,,Plein jour,En agglomération,Hors intersection,Normale,Autre collision,,,,,,,,,,,1,2,1,1,6
200800018249,0008-04-06 03:15:00,8,4,6,3,15,490,362,,,,Nuit sans éclairage public,Hors agglomération,Hors intersection,Normale,Autre collision,,,,,,,,,,,3,1,1,1,6
200800018250,0008-04-01 10:30:00,8,4,1,10,30,490,100,,47.209,-0.202,Plein jour,Hors agglomération,Hors intersection,Pluie légère,Deux véhicules - frontale,,,,,,,,,,,1,1,1,2,1
200800018251,0008-04-28 23:00:00,8,4,28,23,0,490,2,,47.309,-0.029,Nuit sans éclairage public,Hors agglomération,Hors intersection,Normale,Autre collision,,,,,,,,,,,3,1,1,1,6
200800018252,0008-04-26 14:30:00,8,4,26,14,30,490,279,,47.355,-0.292,Plein jour,Hors agglomération,Hors intersection,Normale,Autre collision,,,,,,,,,,,1,1,1,1,6
200800018253,0008-04-22 12:30:00,8,4,22,12,30,490,261,,47.393,-0.212,Plein jour,Hors agglomération,Intersection en T,Normale,Deux véhicules - côté,,,,,,,,,,,1,1,3,1,3
200800018254,0008-04-13 08:30:00,8,4,13,8,30,490,180,,47.435,-0.123,Crépuscule ou aube,Hors agglomération,Hors intersection,Pluie légère,Autre collision,,,,,,,,,,,2,1,1,2,6
200800018255,0008-04-16 13:45:00,8,4,16,13,45,490,150,,47.551,0.068,Plein jour,Hors agglomération,Intersection en X,Normale,Deux véhicules - côté,,,,,,,,,,,1,1,2,1,3
200800018256,0008-04-14 18:30:00,8,4,14,18,30,490,175,,47.452,0.078,Plein jour,Hors agglomération,Hors intersection,Normale,Sans collision,,,,,,,,,,,1,1,1,1,7
200800018257,0008-04-14 19:00:00,8,4,14,19,0,490,31,,,,Plein jour,Hors agglomération,Hors intersection,Normale,Sans collision,,,,,,,,,,,1,1,1,1,7
200800018258,0008-04-05 20:15:00,8,4,5,20,15,490,137,,47.244,-1.059,Plein jour,Hors agglomération,Hors intersection,Normale,Sans collision,,,,,,,,,,,1,1,1,1,7
200800018259,0008-04-04 19:45:00,8,4,4,19,45,490,349,,47.146,-1.196,Crépuscule ou aube,Hors agglomération,Hors intersection,Normale,Sans collision,,,,,,,,,,,2,1,1,1,7
200800018260,0008-04-26 03:15:00,8,4,26,3,15,490,151,,47.17,-1.132,Nuit sans éclairage public,Hors agglomération,Hors intersection,Normale,Autre collision,,,,,,,,,,,3,1,1,1,6
200800018261,0008-04-23 07:15:00,8,4,23,7,15,490,239,,47.253,-0.911,Crépuscule ou aube,Hors agglomération,Hors intersection,Pluie légère,Trois véhicules et plus - collisions multiples,,,,,,,,,,,2,1,1,2,5
200800018262,0008-04-12 22:15:00,8,4,12,22,15,490,163,,,,Nuit sans éclairage public,Hors agglomération,Hors intersection,Normale,Sans collision,,,,,,,,,,,3,1,1,1,7
200800018263,0008-04-21 18:00:00,8,4,21,18,0,490,212,,47.392,-0.905,Plein jour,Hors agglomération,Intersection en X,Pluie légère,Deux véhicules - arrière,,,,,,,,,,,1,1,2,2,2
200800018264,0008-04-29 23:00:00,8,4,29,23,0,490,32,,,,Nuit sans éclairage public,Hors agglomération,Hors intersection,Pluie légère,Deux véhicules - frontale,,,,,,,,,,,3,1,1,2,1
200800018265,0008-04-02 19:00:00,8,4,2,19,0,530,88,,47.981,-1.1,Plein jour,Hors agglomération,Hors intersection,Temps éblouissant,Deux véhicules - côté,,,,,,,,,,,1,1,1,7,3
200800018266,0008-04-17 18:30:00,8,4,17,18,30,490,50,,47.285,-0.481,Plein jour,Hors agglomération,Hors intersection,Pluie forte,Sans collision,,,,,,,,,,,1,1,1,3,7
200800018267,0008-04-15 18:15:00,8,4,15,18,15,490,50,,47.338,-0.44,Plein jour,Hors agglomération,Intersection à plus de 4 branches,Normale,Deux véhicules - côté,,,,,,,,,,,1,1,5,1,3
200800018268,0008-04-04 17:30:00,8,4,4,17,30,490,134,FACE 10 COTE DES NOELS,47.294,-0.519,Plein jour,En agglomération,Hors intersection,Normale,Sans collision,,,,,,,,,,,1,2,1,1,7
200800018269,0008-04-20 19:00:00,8,4,20,19,0,490,194,,47.458,-0.276,Plein jour,Hors agglomération,Giratoire,Normale,Sans collision,,,,,,,,,,,1,1,6,1,7
200800018270,0008-04-19 15:15:00,8,4,19,15,15,440,158,,47.285,-1.764,Plein jour,Hors agglomération,Hors intersection,Normale,Deux véhicules - côté,,,,,,,,,,,1,1,1,1,3
200800018271,0008-04-13 16:00:00,8,4,13,16,0,440,68,rue de l'Isac,,,Plein jour,En agglomération,Hors intersection,Temps couvert,Deux véhicules - frontale,,,,,,,,,,,1,2,1,8,1