accident_id,datetime,annee,mois,jour,heure,minute,departement,commune_insee,adresse,latitude,longitude,luminosite,agglomeration,intersection,meteo,collision,nb_vehicules,nb_usagers,nb_indemnes,nb_tues,nb_blesses_hosp,nb_blesses_legers,age_cond_1,age_cond_2,veh_type_cond_1,veh_type_cond_2,lum_code,agg_code,int_code,atm_code,col_code
200800018684,0008-04-23 17:10:00,8,4,23,17,10,20,691,"., BLUM (BD LEON)",,,Plein jour,En agglomération,Intersection en T,Normale,Deux véhicules - côté,,,,,,,,,,,1,2,3,1,3
200800018685,0008-04-03 14:10:00,8,4,3,14,10,20,722,"sans, PORTE CROUY ( RUE",,,Plein jour,En agglomération,Intersection en X,Normale,Deux véhicules - côté,,,,,,,,,,,1,2,2,1,3
200800018686,0008-04-22 04:45:00,8,4,22,4,45,20,805,"sans, ROUTE NATIONALE 2",,,Nuit sans éclairage public,Hors agglomération,Hors intersection,Normale,Deux véhicules - côté,,,,,,,,,,,3,1,1,1,3
200800018687,0008-04-10 17:29:00,8,4,10,17,29,20,258,JEAN JAURES,,,Plein jour,En agglomération,Intersection en X,Normale,Deux véhicules - côté,,,,,,,,,,,1,2,2,1,3
200800018688,0008-04-14 14:00:00,8,4,14,14,0,20,258,BOIS DES MOINES (CHEMIN,,,Plein jour,Hors agglomération,Hors intersection,Pluie légère,Autre collision,,,,,,,,,,,1,1,1,2,6
200800018689,0008-04-11 11:20:00,8,4,11,11,20,30,140,VILLEBRET (ROUTE DE ),,,Plein jour,Hors agglomération,Hors intersection,Temps couvert,Deux véhicules - frontale,,,,,,,,,,,1,1,1,8,1
200800018690,0008-04-12 00:40:00,8,4,12,0,40,30,101,"31, PONCET ( AVENUE ALBE",,,Nuit avec éclairage allumé,En agglomération,Hors intersection,Normale,Autre collision,,,,,,,,,,,5,2,1,1,6
200800018691,0008-04-20 21:20:00,8,4,20,21,20,30,185,KENNEDY ( AVENUE JOHN ),,,Nuit avec éclairage allumé,En agglomération,Intersection en T,Pluie forte,Deux véhicules - côté,,,,,,,,,,,5,2,3,3,3
200800018692,0008-04-30 18:15:00,8,4,30,18,15,30,185,"16, COURTAIS   (DE  BOUL",,,Plein jour,En agglomération,Hors intersection,Normale,Autre collision,,,,,,,,,,,1,2,1,1,6
200800018693,0008-04-04 07:55:00,8,4,4,7,55,30,190,"25, ALSACE LORRAINE (AVE",,,Plein jour,En agglomération,Intersection en X,Normale,Deux véhicules - côté,,,,,,,,,,,1,2,2,1,3
200800018694,0008-04-27 00:10:00,8,4,27,0,10,30,190,ALLIER (QUAI D'),,,Nuit avec éclairage allumé,En agglomération,Hors intersection,Normale,Autre collision,,,,,,,,,,,5,2,1,1,6
200800018695,0008-04-05 00:20:00,8,4,5,0,20,30,95,VICHY (AVENUE DE),,,Nuit avec éclairage allumé,En agglomération,Hors intersection,Normale,Autre collision,,,,,,,,,,,5,2,1,1,6
200800018696,0008-04-07 17:40:00,8,4,7,17,40,30,23,DE GAULLE (AVENUE DU GEN,,,Plein jour,En agglomération,Intersection en Y,Normale,Deux véhicules - arrière,,,,,,,,,,,1,2,4,1,2
200800018697,0008-04-11 20:15:00,8,4,11,20,15,30,23,"0, GRANGE AUX GRAINS (RU",,,Crépuscule ou aube,En agglomération,Hors intersection,Normale,Autre collision,,,,,,,,,,,2,2,1,1,6
200800018698,0008-04-16 14:40:00,8,4,16,14,40,30,23,REPUBLIQUE (AVENUE DE LA,,,Plein jour,En agglomération,Hors intersection,Normale,Autre collision,,,,,,,,,,,1,2,1,1,6
200800018699,0008-04-18 15:15:00,8,4,18,15,15,30,310,TASSIGNY (BOULEVARD MARE,,,Plein jour,En agglomération,Hors intersection,Pluie légère,Autre collision,,,,,,,,,,,1,2,1,2,6
200800018700,0008-04-25 17:50:00,8,4,25,17,50,30,310,CELESTINS (AVENUE DES),,,Plein jour,En agglomération,Intersection en Y,Normale,Deux véhicules - côté,,,,,,,,,,,1,2,4,1,3
200800018701,0008-04-03 22:10:00,8,4,3,22,10,40,70,ONZE NOVEMBRE 1918 (RD P,,,Nuit avec éclairage allumé,En agglomération,Giratoire,Normale,Deux véhicules - côté,,,,,,,,,,,5,2,6,1,3
200800018702,0008-04-01 14:10:00,8,4,1,14,10,50,23,DAUPHINE (AVENUE DU),,,Plein jour,En agglomération,Intersection en T,Normale,Deux véhicules - côté,,,,,,,,,,,1,2,3,1,3
200800018703,0008-04-21 13:59:00,8,4,21,13,59,50,61,LIBERATION ( BD DE LA ),,,Plein jour,En agglomération,Hors intersection,Pluie légère,Autre collision,,,,,,,,,,,1,2,1,2,6
200800018704,0008-04-29 17:35:00,8,4,29,17,35,50,61,LADOUCETTE ( COURS ),,,Plein jour,En agglomération,Hors intersection,Temps éblouissant,Autre collision,,,,,,,,,,,1,2,1,7,6
200800018705,0008-04-28 14:56:00,8,4,28,14,56,50,61,COMMANDANT DUMONT ( AVEN,,,Plein jour,En agglomération,Hors intersection,Normale,Autre collision,,,,,,,,,,,1,2,1,1,6
200800018706,0008-04-25 15:37:00,8,4,25,15,37,50,61,JEAN MACE ( RUE ),,,Plein jour,En agglomération,Intersection en T,Normale,Deux véhicules - côté,,,,,,,,,,,1,2,3,1,3
200800018707,0008-04-01 08:50:00,8,4,1,8,50,60,4,"1140, GRASSE RTE DE",,,Plein jour,En agglomération,Hors intersection,Normale,Deux véhicules - arrière,,,,,,,,,,,1,2,1,1,2
200800018708,0008-04-01 13:55:00,8,4,1,13,55,60,4,LITTORAL(BDM APRES BIJOU,,,Plein jour,En agglomération,Hors intersection,Normale,Trois véhicules et plus - collisions multiples,,,,,,,,,,,1,2,1,1,5
200800018709,0008-04-05 13:55:00,8,4,5,13,55,60,4,CHATAIGNIERS AV.DU,,,Plein jour,En agglomération,Hors intersection,Normale,Deux véhicules - côté,,,,,,,,,,,1,2,1,1,3
200800018710,0008-04-03 14:15:00,8,4,3,14,15,60,155,"19, CANNES AV.DE",,,Plein jour,En agglomération,Hors intersection,Normale,Autre collision,,,,,,,,,,,1,2,1,1,6
200800018711,0008-04-05 14:10:00,8,4,5,14,10,60,4,TERRIERS ALLEE- CH.ET PE,,,Plein jour,En agglomération,Intersection en T,Normale,Deux véhicules - arrière,,,,,,,,,,,1,2,3,1,2
200800018712,0008-04-05 16:40:00,8,4,5,16,40,60,4,PONT ROMAIN,,,Plein jour,Hors agglomération,Intersection en T,Normale,Autre collision,,,,,,,,,,,1,1,3,1,6
200800018713,0008-04-11 11:10:00,8,4,11,11,10,60,4,"3030, PELISSIER AV.JEAN",,,Plein jour,En agglomération,Hors intersection,Pluie légère,Deux véhicules - côté,,,,,,,,,,,1,2,1,2,3
200800018714,0008-04-19 12:25:00,8,4,19,12,25,60,4,"97, ROCHAT AV.PHILIPPE",,,Plein jour,En agglomération,Hors intersection,Normale,Deux véhicules - frontale,,,,,,,,,,,1,2,1,1,1
200800018715,0008-04-26 14:05:00,8,4,26,14,5,60,155,LIBERTE AV.DE LA,,,Plein jour,En agglomération,Intersection en T,Normale,Deux véhicules - côté,,,,,,,,,,,1,2,3,1,3
200800018716,0008-04-26 12:10:00,8,4,26,12,10,60,155,POSTE AV.DE LA,,,Plein jour,En agglomération,Hors intersection,Normale,Autre collision,,,,,,,,,,,1,2,1,1,6
200800018717,0008-04-27 17:30:00,8,4,27,17,30,60,155,GRASSE AV.ET ROUTE,,,Plein jour,Hors agglomération,Hors intersection,Normale,Deux véhicules - arrière,,,,,,,,,,,1,1,1,1,2
200800018718,0008-04-29 17:50:00,8,4,29,17,50,60,4,NICE(RN.7) AV.ET RTE DE,,,Plein jour,En agglomération,Hors intersection,Normale,Deux véhicules - arrière,,,,,,,,,,,1,2,1,1,2
200800018719,0008-04-29 18:35:00,8,4,29,18,35,60,4,COURBET AV.AMIRAL,,,Plein jour,En agglomération,Intersection en T,Normale,Deux véhicules - côté,,,,,,,,,,,1,2,3,1,3
200800018720,0008-04-30 08:14:00,8,4,30,8,14,60,4,"806, SAINT CLAUDE CH.DE",,,Plein jour,En agglomération,Intersection en T,Normale,Deux véhicules - côté,,,,,,,,,,,1,2,3,1,3
200800018721,0008-04-24 17:05:00,8,4,24,17,5,60,4,CHATAIGNIERS AV.DU,,,Plein jour,En agglomération,Intersection en X,Normale,Deux véhicules - côté,,,,,,,,,,,1,2,2,1,3
200800018722,0008-04-01 19:10:00,8,4,1,19,10,60,27,"31, GARE AVENUE DE LA",,,Plein jour,En agglomération,Hors intersection,Normale,Deux véhicules - arrière,,,,,,,,,,,1,2,1,1,2
200800018723,0008-04-01 09:20:00,8,4,1,9,20,60,123,"702, CURIE PIERRE ET MAR",,,Plein jour,En agglomération,Hors intersection,Normale,Autre collision,,,,,,,,,,,1,2,1,1,6
200800018724,0008-04-02 09:00:00,8,4,2,9,0,60,27,"158, NICE AVENUE DE (RN7",,,Plein jour,En agglomération,Hors intersection,Normale,Autre collision,,,,,,,,,,,1,2,1,1,6
200800018725,0008-04-02 17:00:00,8,4,2,17,0,60,123,"2039, BARONNE ROUTE DE L",,,Plein jour,En agglomération,Hors intersection,Normale,Deux véhicules - arrière,,,,,,,,,,,1,2,1,1,2
200800018726,0008-04-07 08:50:00,8,4,7,8,50,60,27,PLAGE BOULEVARD DE LA,,,Plein jour,En agglomération,Intersection en T,Normale,Deux véhicules - côté,,,,,,,,,,,1,2,3,1,3
200800018727,0008-04-07 15:00:00,8,4,7,15,0,60,27,"27, GARE AVENUE DE LA",,,Plein jour,En agglomération,Intersection en T,Normale,Deux véhicules - côté,,,,,,,,,,,1,2,3,1,3
200800018728,0008-04-05 16:45:00,8,4,5,16,45,60,27,"112, PLAGE BOULEVARD DE",,,Plein jour,En agglomération,Hors intersection,Normale,Sans collision,,,,,,,,,,,1,2,1,1,7
200800018729,0008-04-09 15:30:00,8,4,9,15,30,60,27,"36, JUIN BOULEVARD MAREC",,,Plein jour,En agglomération,Hors intersection,Pluie légère,Trois véhicules et plus - en chaîne,,,,,,,,,,,1,2,1,2,4
200800018730,0008-04-11 06:30:00,8,4,11,6,30,60,27,TUILIERES AVENUE DES,,,Crépuscule ou aube,En agglomération,Intersection en X,Normale,Deux véhicules - côté,,,,,,,,,,,2,2,2,1,3
200800018731,0008-04-15 13:00:00,8,4,15,13,0,60,27,PLAGE BOULEVARD DE LA,,,Plein jour,En agglomération,Intersection en T,Normale,Deux véhicules - côté,,,,,,,,,,,1,2,3,1,3
200800018732,0008-04-14 10:50:00,8,4,14,10,50,60,123,FLOTS BLEUS PROMENADE DE,,,Plein jour,En agglomération,Hors intersection,Normale,Autre collision,,,,,,,,,,,1,2,1,1,6
200800018733,0008-04-14 13:55:00,8,4,14,13,55,60,123,POMPIDOU GEORGES BOULEVA,,,Plein jour,En agglomération,Hors intersection,Normale,Trois véhicules et plus - en chaîne,,,,,,,,,,,1,2,1,1,4
200800018734,0008-04-16 10:40:00,8,4,16,10,40,60,123,"293, LECLERC GENERAL AVE",,,Plein jour,En agglomération,Hors intersection,Normale,Deux véhicules - arrière,,,,,,,,,,,1,2,1,1,2
200800018735,0008-04-17 11:50:00,8,4,17,11,50,60,123,VESPINS ROUTE DES,,,Plein jour,En agglomération,Hors intersection,Normale,Autre collision,,,,,,,,,,,1,2,1,1,6
200800018736,0008-04-21 13:30:00,8,4,21,13,30,60,27,"83, PLAGE BOULEVARD DE L",,,Plein jour,En agglomération,Hors intersection,Normale,Deux véhicules - arrière,,,,,,,,,,,1,2,1,1,2
200800018737,0008-04-21 20:50:00,8,4,21,20,50,60,123,BENES SQUARE,,,Nuit avec éclairage non allumé,En agglomération,Hors intersection,Normale,Deux véhicules - arrière,,,,,,,,,,,4,2,1,1,2
200800018738,0008-04-22 08:15:00,8,4,22,8,15,60,27,"5, KENNEDY BOULEVARD J.F",,,Plein jour,En agglomération,Hors intersection,Normale,Deux véhicules - côté,,,,,,,,,,,1,2,1,1,3
200800018739,0008-04-22 16:10:00,8,4,22,16,10,60,27,"72, NICE AVENUE DE (RN7)",,,Plein jour,En agglomération,Hors intersection,Normale,Autre collision,,,,,,,,,,,1,2,1,1,6
200800018740,0008-04-22 20:00:00,8,4,22,20,0,60,123,VESPINS ROUTE DES,,,Crépuscule ou aube,En agglomération,Intersection en T,Normale,Deux véhicules - côté,,,,,,,,,,,2,2,3,1,3
200800018741,0008-04-25 17:20:00,8,4,25,17,20,60,123,"843, PUGETS AVENUE DES",,,Plein jour,En agglomération,Intersection en T,Normale,Deux véhicules - côté,,,,,,,,,,,1,2,3,1,3
200800018742,0008-04-25 17:50:00,8,4,25,17,50,60,27,"17, DONAT AVENUE DOCTEUR",,,Plein jour,En agglomération,Hors intersection,Normale,Autre collision,,,,,,,,,,,1,2,1,1,6
200800018743,0008-04-25 10:25:00,8,4,25,10,25,60,123,"179, RAVET LOUIS AVENUE",,,Plein jour,En agglomération,Hors intersection,Normale,Deux véhicules - arrière,,,,,,,,,,,1,2,1,1,2
200800018744,0008-04-27 02:15:00,8,4,27,2,15,60,123,ST JEANNET ROUTE DE,,,Nuit sans éclairage public,En agglomération,Intersection en T,Normale,Deux véhicules - côté,,,,,,,,,,,3,2,3,1,3
200800018745,0008-04-29 17:00:00,8,4,29,17,0,60,27,ALPES AVENUE DES,,,Plein jour,En agglomération,Hors intersection,Normale,Deux véhicules - arrière,,,,,,,,,,,1,2,1,1,2
200800018746,0008-04-29 09:10:00,8,4,29,9,10,60,27,"3, VERDUN AVENUE DE",,,Plein jour,En agglomération,Hors intersection,Normale,Autre collision,,,,,,,,,,,1,2,1,1,6
200800018747,0008-04-02 11:00:00,8,4,2,11,0,60,29,GRASSE (AVENUE DE),,,Plein jour,En agglomération,Hors intersection,Normale,Deux véhicules - côté,,,,,,,,,,,1,2,1,1,3
200800018748,0008-04-03 09:59:00,8,4,3,9,59,60,29,"91, REPUBLIQUE (BOULEVAR",,,Plein jour,En agglomération,Hors intersection,Normale,Autre collision,,,,,,,,,,,1,2,1,1,6
200800018749,0008-04-03 17:10:00,8,4,3,17,10,60,29,GAZAGNAIRE (BL EUGENE),,,Plein jour,En agglomération,Hors intersection,Normale,Deux véhicules - arrière,,,,,,,,,,,1,2,1,1,2
200800018750,0008-04-04 13:57:00,8,4,4,13,57,60,29,MONOD (RUE JEAN),,,Plein jour,En agglomération,Hors intersection,Normale,Autre collision,,,,,,,,,,,1,2,1,1,6
200800018751,0008-04-04 11:15:00,8,4,4,11,15,60,29,"80, CARNOT (BOULEVARD)",,,Plein jour,En agglomération,Hors intersection,Normale,Deux véhicules - côté,,,,,,,,,,,1,2,1,1,3
200800018752,0008-04-06 13:00:00,8,4,6,13,0,60,29,CROISETTE (BOULEVARD DE,,,Plein jour,En agglomération,Hors intersection,Normale,Autre collision,,,,,,,,,,,1,2,1,1,6
200800018753,0008-04-07 13:30:00,8,4,7,13,30,60,29,"22, TONNER (AVENUE FRANC",,,Plein jour,En agglomération,Hors intersection,Normale,Deux véhicules - côté,,,,,,,,,,,1,2,1,1,3
200800018754,0008-04-07 18:20:00,8,4,7,18,20,60,29,SEVIGNE (RUE),,,Plein jour,En agglomération,Hors intersection,Normale,Autre collision,,,,,,,,,,,1,2,1,1,6
200800018755,0008-04-08 12:55:00,8,4,8,12,55,60,29,"2, CORDOUAN (AVENUE)",,,Plein jour,En agglomération,Intersection en Y,Normale,Deux véhicules - côté,,,,,,,,,,,1,2,4,1,3
200800018756,0008-04-12 17:00:00,8,4,12,17,0,60,29,COUVERTURE VOIE FERREE,,,Plein jour,En agglomération,Hors intersection,Normale,Autre collision,,,,,,,,,,,1,2,1,1,6
200800018757,0008-04-12 13:59:00,8,4,12,13,59,60,29,"68, BROUSSAILLES (AVENUE",,,Plein jour,En agglomération,Hors intersection,Normale,Autre collision,,,,,,,,,,,1,2,1,1,6
200800018758,0008-04-12 18:30:00,8,4,12,18,30,60,29,JOURDAN (AVENUE MICHEL),,,Plein jour,En agglomération,Hors intersection,Normale,Deux véhicules - côté,,,,,,,,,,,1,2,1,1,3
200800018759,0008-04-13 16:33:00,8,4,13,16,33,60,29,"97, TONNER (AVENUE FRANC",,,Plein jour,En agglomération,Hors intersection,Normale,Sans collision,,,,,,,,,,,1,2,1,1,7
200800018760,0008-04-11 22:40:00,8,4,11,22,40,60,29,CROISETTE (BOULEVARD DE,,,Nuit avec éclairage allumé,En agglomération,Hors intersection,Normale,Autre collision,,,,,,,,,,,5,2,1,1,6
200800018761,0008-04-15 07:56:00,8,4,15,7,56,60,29,"51, PICAUD (AVENUE DU DO",,,Plein jour,En agglomération,Hors intersection,Temps éblouissant,Deux véhicules - frontale,,,,,,,,,,,1,2,1,7,1
200800018762,0008-04-18 20:00:00,8,4,18,20,0,60,29,RIOUFFE (RUE JEAN DE),,,Nuit avec éclairage allumé,En agglomération,Intersection en X,Pluie forte,Deux véhicules - côté,,,,,,,,,,,5,2,2,3,3
200800018763,0008-04-18 21:30:00,8,4,18,21,30,60,29,"2, MOULIN (BOULEVARD JEA",,,Nuit avec éclairage allumé,En agglomération,Hors intersection,Pluie forte,Deux véhicules - arrière,,,,,,,,,,,5,2,1,3,2
200800018764,0008-04-23 10:07:00,8,4,23,10,7,60,29,"20, PICAUD (AVENUE DR) B",,,Plein jour,En agglomération,Hors intersection,Normale,Deux véhicules - arrière,,,,,,,,,,,1,2,1,1,2
200800018765,0008-04-23 11:00:00,8,4,23,11,0,60,29,"28, PICAUD (AVENUE DU DO",,,Plein jour,En agglomération,Hors intersection,Normale,Deux véhicules - côté,,,,,,,,,,,1,2,1,1,3
200800018766,0008-04-23 16:40:00,8,4,23,16,40,60,29,JOURDAN (AVENUE MICHEL),,,Plein jour,En agglomération,Hors intersection,Normale,Deux véhicules - côté,,,,,,,,,,,1,2,1,1,3
200800018767,0008-04-24 17:15:00,8,4,24,17,15,60,29,"35, WESTER WEMYSS (BOCCA",,,Plein jour,En agglomération,Hors intersection,Normale,Autre collision,,,,,,,,,,,1,2,1,1,6
200800018768,0008-04-25 23:50:00,8,4,25,23,50,60,29,"12, MIDI (BOULEVARD DU)",,,Nuit avec éclairage allumé,En agglomération,Hors intersection,Normale,Deux véhicules - arrière,,,,,,,,,,,5,2,1,1,2
200800018769,0008-04-27 07:40:00,8,4,27,7,40,60,29,AUBAREDE (CHEMIN DE L'),,,Plein jour,En agglomération,Hors intersection,Normale,Sans collision,,,,,,,,,,,1,2,1,1,7
200800018770,0008-04-26 02:30:00,8,4,26,2,30,60,29,"126, JUIN (AVENUE MARECH",,,Nuit avec éclairage allumé,En agglomération,Hors intersection,Normale,Autre collision,,,,,,,,,,,5,2,1,1,6
200800018771,0008-04-27 03:45:00,8,4,27,3,45,60,29,"104, JOURDAN (AVENUE MIC",,,Nuit avec éclairage allumé,En agglomération,Hors intersection,Normale,Autre collision,,,,,,,,,,,5,2,1,1,6
200800018772,0008-04-28 08:31:00,8,4,28,8,31,60,29,"00, CARIMAI (RUE)",,,Plein jour,En agglomération,Hors intersection,Normale,Autre collision,,,,,,,,,,,1,2,1,1,6
200800018773,0008-04-28 11:50:00,8,4,28,11,50,60,29,"46, CAPRON (AVENUE ANDRE",,,Plein jour,En agglomération,Hors intersection,Normale,Sans collision,,,,,,,,,,,1,2,1,1,7
200800018774,0008-04-29 14:00:00,8,4,29,14,0,60,29,MIDI (BOULEVARD DU),,,Plein jour,En agglomération,Hors intersection,Normale,Trois véhicules et plus - collisions multiples,,,,,,,,,,,1,2,1,1,5
200800018775,0008-04-29 16:40:00,8,4,29,16,40,60,29,CARNOT (BOULEVARD),,,Plein jour,En agglomération,Hors intersection,Normale,Deux véhicules - côté,,,,,,,,,,,1,2,1,1,3
200800018776,0008-04-29 17:10:00,8,4,29,17,10,60,29,NOUVEAU (RUE LOUIS),,,Plein jour,En agglomération,Hors intersection,Normale,Deux véhicules - côté,,,,,,,,,,,1,2,1,1,3
200800018777,0008-04-29 21:30:00,8,4,29,21,30,60,29,"82, CROISETTE (BOULEVARD",,,Nuit avec éclairage allumé,En agglomération,Hors intersection,Normale,Sans collision,,,,,,,,,,,5,2,1,1,7
200800018778,0008-04-29 12:15:00,8,4,29,12,15,60,29,TONNER (AVENUE FRANCIS),,,Plein jour,En agglomération,Hors intersection,Normale,Deux véhicules - côté,,,,,,,,,,,1,2,1,1,3
200800018779,0008-04-24 17:35:00,8,4,24,17,35,60,29,"02, FAURE (RUE FELIX)",,,Plein jour,En agglomération,Hors intersection,Normale,Sans collision,,,,,,,,,,,1,2,1,1,7
200800018780,0008-04-23 13:00:00,8,4,23,13,0,60,29,JEANPIERRE (AVENUE MAURI,,,Plein jour,En agglomération,Hors intersection,Normale,Deux véhicules - côté,,,,,,,,,,,1,2,1,1,3
200800018781,0008-04-30 13:55:00,8,4,30,13,55,60,29,"93, ANTIBES (RUE D')",,,Plein jour,En agglomération,Hors intersection,Normale,Sans collision,,,,,,,,,,,1,2,1,1,7
200800018782,0008-04-30 20:40:00,8,4,30,20,40,60,29,"4, BRIEUX (RUE EUGENE)",,,Nuit avec éclairage allumé,En agglomération,Hors intersection,Normale,Autre collision,,,,,,,,,,,5,2,1,1,6
200800018783,0008-04-02 12:55:00,8,4,2,12,55,60,69,"x, PAGNOL (BOULEVARD MAR",,,Plein jour,En agglomération,Hors intersection,Normale,Deux véhicules - côté,,,,,,,,,,,1,2,1,1,3
200800018784,0008-04-01 21:00:00,8,4,1,21,0,60,69,"116, CANNES (ROUTE DE)",,,Nuit avec éclairage allumé,En agglomération,Hors intersection,Normale,Sans collision,,,,,,,,,,,5,2,1,1,7
200800018785,0008-04-02 09:20:00,8,4,2,9,20,60,69,"45, MISTRAL (AVENUE ET P",,,Plein jour,En agglomération,Hors intersection,Normale,Deux véhicules - arrière,,,,,,,,,,,1,2,1,1,2
200800018786,0008-04-02 10:05:00,8,4,2,10,5,60,69,"130, SEMARD (AVENUE PIER",,,Plein jour,Hors agglomération,Hors intersection,Normale,Deux véhicules - arrière,,,,,,,,,,,1,1,1,1,2
200800018787,0008-04-03 09:05:00,8,4,3,9,5,60,69,"x, MAUPASSANT (AVENUE GU",,,Plein jour,En agglomération,Hors intersection,Normale,Sans collision,,,,,,,,,,,1,2,1,1,7
200800018788,0008-04-03 12:20:00,8,4,3,12,20,60,69,"116, CANNES (ROUTE DE)",,,Plein jour,En agglomération,Hors intersection,Normale,Deux véhicules - côté,,,,,,,,,,,1,2,1,1,3
200800018789,0008-04-07 14:15:00,8,4,7,14,15,60,69,"8, DUVAL (AVENUE MATHIAS",,,Plein jour,En agglomération,Hors intersection,Normale,Deux véhicules - arrière,,,,,,,,,,,1,2,1,1,2
200800018790,0008-04-04 15:25:00,8,4,4,15,25,60,69,"x, SEMARD (AVENUE PIERRE",,,Plein jour,En agglomération,Hors intersection,Normale,Sans collision,,,,,,,,,,,1,2,1,1,7
200800018791,0008-04-06 10:15:00,8,4,6,10,15,60,69,"127, PLAN (ROUTE DU) -D3",,,Plein jour,En agglomération,Hors intersection,Normale,Sans collision,,,,,,,,,,,1,2,1,1,7
200800018792,0008-04-06 13:20:00,8,4,6,13,20,60,69,"x, MARCEL PAGNOL (AVENUE",,,Plein jour,En agglomération,Hors intersection,Normale,Deux véhicules - côté,,,,,,,,,,,1,2,1,1,3
200800018793,0008-04-07 13:10:00,8,4,7,13,10,60,69,"229, CANNES (ROUTE DE)",,,Plein jour,En agglomération,Hors intersection,Normale,Deux véhicules - arrière,,,,,,,,,,,1,2,1,1,2
200800018794,0008-04-08 07:20:00,8,4,8,7,20,60,69,"159, CLEMENCEAU (BOULEVA",,,Plein jour,Hors agglomération,Hors intersection,Normale,Sans collision,,,,,,,,,,,1,1,1,1,7
200800018795,0008-04-08 10:30:00,8,4,8,10,30,60,69,"5, LECLERC (BOULEVARD DU",,,Plein jour,En agglomération,Hors intersection,Pluie légère,Autre collision,,,,,,,,,,,1,2,1,2,6
200800018796,0008-04-09 15:35:00,8,4,9,15,35,60,69,"174, SAINT MATHIEU (ROUT",,,Plein jour,En agglomération,Hors intersection,Pluie forte,Sans collision,,,,,,,,,,,1,2,1,3,7
200800018797,0008-04-09 18:00:00,8,4,9,18,0,60,69,"92, KENNEDY (BOULEVARD D",,,Plein jour,En agglomération,Hors intersection,Pluie légère,Sans collision,,,,,,,,,,,1,2,1,2,7
200800018798,0008-04-09 18:40:00,8,4,9,18,40,60,69,"x, SEMARD (AVENUE PIERRE",,,Plein jour,En agglomération,Hors intersection,Pluie légère,Trois véhicules et plus - collisions multiples,,,,,,,,,,,1,2,1,2,5
200800018799,0008-04-10 11:00:00,8,4,10,11,0,60,69,"116, CANNES (ROUTE DE)",,,Plein jour,En agglomération,Hors intersection,Pluie légère,Autre collision,,,,,,,,,,,1,2,1,2,6
200800018800,0008-04-10 18:30:00,8,4,10,18,30,60,69,"41, VICTORIA (AVENUE ET",,,Plein jour,En agglomération,Hors intersection,Normale,Trois véhicules et plus - collisions multiples,,,,,,,,,,,1,2,1,1,5
200800018801,0008-04-12 15:00:00,8,4,12,15,0,60,69,"31, MISTRAL (AVENUE ET P",,,Plein jour,Hors agglomération,Hors intersection,Normale,Autre collision,,,,,,,,,,,1,1,1,1,6
200800018802,0008-04-12 19:10:00,8,4,12,19,10,60,69,"92, POMPIDOU (AVENUE GEO",,,Plein jour,En agglomération,Hors intersection,Normale,Deux véhicules - arrière,,,,,,,,,,,1,2,1,1,2
200800018803,0008-04-13 18:15:00,8,4,13,18,15,60,69,"x, LIONS (AVENUE HONORE)",,,Plein jour,Hors agglomération,Hors intersection,Normale,Sans collision,,,,,,,,,,,1,1,1,1,7
200800018804,0008-04-14 17:20:00,8,4,14,17,20,60,69,"19, DUVAL (AVENUE MATHIA",,,Plein jour,En agglomération,Hors intersection,Normale,Deux véhicules - côté,,,,,,,,,,,1,2,1,1,3
200800018805,0008-04-14 18:05:00,8,4,14,18,5,60,69,"x, PROVENCE (AVENUE DE)",,,Plein jour,En agglomération,Hors intersection,Normale,Trois véhicules et plus - collisions multiples,,,,,,,,,,,1,2,1,1,5
200800018806,0008-04-15 15:50:00,8,4,15,15,50,60,69,"x, MADELEINE",,,Plein jour,En agglomération,Hors intersection,Normale,Deux véhicules - frontale,,,,,,,,,,,1,2,1,1,1
200800018807,0008-04-16 16:35:00,8,4,16,16,35,60,69,"116, CANNES (ROUTE DE)",,,Plein jour,En agglomération,Hors intersection,Normale,Deux véhicules - côté,,,,,,,,,,,1,2,1,1,3
200800018808,0008-04-17 18:30:00,8,4,17,18,30,60,69,"8, CARNOT (BOULEVARD ET",,,Plein jour,En agglomération,Intersection en T,Normale,Deux véhicules - côté,,,,,,,,,,,1,2,3,1,3
200800018809,0008-04-19 03:45:00,8,4,19,3,45,60,69,"39, PEGOMAS (ROUTE DE)",,,Nuit avec éclairage allumé,En agglomération,Hors intersection,Pluie légère,Sans collision,,,,,,,,,,,5,2,1,2,7
200800018810,0008-04-20 18:20:00,8,4,20,18,20,60,69,"X, FRAGONARD (BOULEVARD",,,Plein jour,En agglomération,Hors intersection,Pluie légère,Sans collision,,,,,,,,,,,1,2,1,2,7
200800018811,0008-04-22 20:10:00,8,4,22,20,10,60,69,"40, DRAGUIGNAN (ROUTE DE",,,Plein jour,En agglomération,Hors intersection,Normale,Deux véhicules - arrière,,,,,,,,,,,1,2,1,1,2
200800018812,0008-04-23 11:05:00,8,4,23,11,5,60,69,"2, PASTEUR (BOULEVARD)",,,Plein jour,En agglomération,Hors intersection,Normale,Sans collision,,,,,,,,,,,1,2,1,1,7
200800018813,0008-04-23 11:30:00,8,4,23,11,30,60,69,"4, Place César Ossola",,,Plein jour,En agglomération,Hors intersection,Normale,Trois véhicules et plus - collisions multiples,,,,,,,,,,,1,2,1,1,5
200800018814,0008-04-26 13:35:00,8,4,26,13,35,60,69,"3, THIERS (AVENUE)",,,Plein jour,En agglomération,Place,Normale,Sans collision,,,,,,,,,,,1,2,7,1,7
200800018815,0008-04-26 20:15:00,8,4,26,20,15,60,69,"158, CANNES (ROUTE DE)",,,Crépuscule ou aube,En agglomération,Hors intersection,Normale,Deux véhicules - côté,,,,,,,,,,,2,2,1,1,3
200800018816,0008-04-28 07:50:00,8,4,28,7,50,60,69,"17, CARNOT (BOULEVARD ET",,,Plein jour,En agglomération,Hors intersection,Normale,Sans collision,,,,,,,,,,,1,2,1,1,7
200800018817,0008-04-28 14:10:00,8,4,28,14,10,60,69,"22, VICTOR HUGO  (BD)",,,Plein jour,Hors agglomération,Hors intersection,Normale,Sans collision,,,,,,,,,,,1,1,1,1,7