accident_id,datetime,annee,mois,jour,heure,minute,departement,commune_insee,adresse,latitude,longitude,luminosite,agglomeration,intersection,meteo,collision,nb_vehicules,nb_usagers,nb_indemnes,nb_tues,nb_blesses_hosp,nb_blesses_legers,age_cond_1,age_cond_2,veh_type_cond_1,veh_type_cond_2,lum_code,agg_code,int_code,atm_code,col_code
200800018951,0008-04-10 12:25:00,8,4,10,12,25,90,225,"22, DELCASSE BOULEVARD",,,Plein jour,En agglomération,Intersection en T,Normale,Autre collision,,,,,,,,,,,1,2,3,1,6
200800018952,0008-04-19 21:15:00,8,4,19,21,15,100,387,GENERAL PATTON (NATIONAL,,,Crépuscule ou aube,En agglomération,Giratoire,Normale,Deux véhicules - côté,,,,,,,,,,,2,2,6,1,3
200800018953,0008-04-19 18:35:00,8,4,19,18,35,100,387,"000, GENERAL DE GAULLE (",,,Plein jour,En agglomération,Intersection en T,Normale,Deux véhicules - côté,,,,,,,,,,,1,2,3,1,3
200800018954,0008-04-18 23:25:00,8,4,18,23,25,100,387,"000, CASIMIR PERIER (RUE",,,Nuit avec éclairage allumé,En agglomération,Intersection en Y,Pluie légère,Deux véhicules - côté,,,,,,,,,,,5,2,4,2,3
200800018955,0008-04-12 06:00:00,8,4,12,6,0,110,76,"14, VIDAL (RUE ARNAUD)",,,Nuit avec éclairage allumé,En agglomération,Hors intersection,Normale,Deux véhicules - côté,,,,,,,,,,,5,2,1,1,3
200800018956,0008-04-09 15:50:00,8,4,9,15,50,110,262,ARMISSAN ROUTE D'),43.1111,3.45699,Plein jour,En agglomération,Intersection en T,Normale,Deux véhicules - côté,,,,,,,,,,,1,2,3,1,3
200800018957,0008-04-14 19:05:00,8,4,14,19,5,110,262,"44, CARNOT (AVENUE)",43.1136,3.45699,Crépuscule ou aube,En agglomération,Hors intersection,Normale,Trois véhicules et plus - en chaîne,,,,,,,,,,,2,2,1,1,4
200800018958,0008-04-22 13:35:00,8,4,22,13,35,110,262,CROIX SUD (AVENUE DE),,,Plein jour,Hors agglomération,Hors intersection,Normale,Deux véhicules - arrière,,,,,,,,,,,1,1,1,1,2
200800018959,0008-04-28 18:05:00,8,4,28,18,5,110,262,BORDEAUX (AVENUE DE),,,Plein jour,En agglomération,Intersection en X,Normale,Autre collision,,,,,,,,,,,1,2,2,1,6
200800018960,0008-04-30 07:30:00,8,4,30,7,30,110,262,ELYSIQUES (VOIES DES),,,Crépuscule ou aube,En agglomération,Hors intersection,Normale,Autre collision,,,,,,,,,,,2,2,1,1,6
200800018961,0008-04-12 18:30:00,8,4,12,18,30,110,262,ELYSIQUES (VOIES DES),,,Plein jour,En agglomération,Hors intersection,Normale,Deux véhicules - côté,,,,,,,,,,,1,2,1,1,3
200800018962,0008-04-18 17:45:00,8,4,18,17,45,110,262,MALTE-BRUN (RUE),,,Plein jour,En agglomération,Intersection en X,Normale,Deux véhicules - côté,,,,,,,,,,,1,2,2,1,3
200800018963,0008-04-19 16:00:00,8,4,19,16,0,110,262,ESPAGNE (AVENUE D'),,,Plein jour,En agglomération,Hors intersection,Normale,Deux véhicules - côté,,,,,,,,,,,1,2,1,1,3
200800018964,0008-04-21 12:40:00,8,4,21,12,40,110,262,BOURGET (RUE DU),,,Plein jour,En agglomération,Intersection en X,Normale,Deux véhicules - côté,,,,,,,,,,,1,2,2,1,3
200800018965,0008-04-21 19:00:00,8,4,21,19,0,110,262,"14, GAMBETTA (BOULEVARD)",,,Plein jour,En agglomération,Hors intersection,Normale,Deux véhicules - côté,,,,,,,,,,,1,2,1,1,3
200800018966,0008-04-24 11:35:00,8,4,24,11,35,110,262,CREISSEL (BOULEVARD DE),,,Plein jour,En agglomération,Hors intersection,Normale,Sans collision,,,,,,,,,,,1,2,1,1,7
200800018967,0008-04-30 18:55:00,8,4,30,18,55,110,262,CROIX SUD (ZONE INDUSTRI,,,Plein jour,En agglomération,Hors intersection,Normale,Deux véhicules - côté,,,,,,,,,,,1,2,1,1,3
200800018968,0008-04-18 19:30:00,8,4,18,19,30,120,13,"39, LAFARGUE PAUL",,,Crépuscule ou aube,En agglomération,Hors intersection,Pluie forte,Autre collision,,,,,,,,,,,2,2,1,3,6
200800018969,0008-04-29 14:30:00,8,4,29,14,30,120,83,"7, HUGO VICTOR (AVENUE)",,,Plein jour,En agglomération,Hors intersection,Normale,Autre collision,,,,,,,,,,,1,2,1,1,6
200800018970,0008-04-06 21:00:00,8,4,6,21,0,120,145,", ALSACE LORRAINE",,,Nuit avec éclairage allumé,En agglomération,Intersection en X,Normale,Deux véhicules - côté,,,,,,,,,,,5,2,2,1,3
200800018971,0008-04-29 19:15:00,8,4,29,19,15,120,145,CROIX VIEILLE,,,Plein jour,En agglomération,Hors intersection,Normale,Deux véhicules - arrière,,,,,,,,,,,1,2,1,1,2
200800018972,0008-04-02 18:30:00,8,4,2,18,30,120,202,BORDEAUX (AVENUE DE),,,Plein jour,En agglomération,Intersection en X,Normale,Deux véhicules - côté,,,,,,,,,,,1,2,2,1,3
200800018973,0008-04-25 15:00:00,8,4,25,15,0,120,202,"22, DENYS PUECH (BOULEVA",44.34898,,Plein jour,En agglomération,Hors intersection,Normale,Autre collision,,,,,,,,,,,1,2,1,1,6
200800018974,0008-04-02 08:00:00,8,4,2,8,0,130,1,CLUB HIPPIQUE (AV),,,Plein jour,En agglomération,Hors intersection,Normale,Deux véhicules - arrière,,,,,,,,,,,1,2,1,1,2
200800018975,0008-04-12 14:00:00,8,4,12,14,0,130,1,GALICE (RTE DE),,,Plein jour,En agglomération,Hors intersection,Normale,Deux véhicules - côté,,,,,,,,,,,1,2,1,1,3
200800018976,0008-04-17 17:05:00,8,4,17,17,5,130,1,R.N 7,,,Plein jour,Hors agglomération,Hors intersection,Pluie légère,Trois véhicules et plus - collisions multiples,,,,,,,,,,,1,1,1,2,5
200800018977,0008-04-04 10:30:00,8,4,4,10,30,130,1,CHAPITRE (RUE DU),,,Plein jour,En agglomération,Hors intersection,Normale,Autre collision,,,,,,,,,,,1,2,1,1,6
200800018978,0008-04-27 06:06:00,8,4,27,6,6,130,1,R.N 296,,,Plein jour,En agglomération,Hors intersection,Normale,Deux véhicules - arrière,,,,,,,,,,,1,2,1,1,2
200800018979,0008-04-15 16:05:00,8,4,15,16,5,130,1,BROSSOLETTE PIERRE (AV),,,Plein jour,En agglomération,Autre intersection,Normale,Autre collision,,,,,,,,,,,1,2,9,1,6
200800018980,0008-04-05 10:00:00,8,4,5,10,0,130,4,RD 453,,,Plein jour,Hors agglomération,Hors intersection,Normale,Deux véhicules - frontale,,,,,,,,,,,1,1,1,1,1
200800018981,0008-04-12 00:15:00,8,4,12,0,15,130,4,R.D.83 ROUTE D'EYGUIERES,,,Nuit sans éclairage public,Hors agglomération,Intersection en T,Normale,Deux véhicules - côté,,,,,,,,,,,3,1,3,1,3
200800018982,0008-04-13 17:45:00,8,4,13,17,45,130,4,STALINGRAD AVENUE DE,,,Plein jour,En agglomération,Intersection en Y,Normale,Deux véhicules - côté,,,,,,,,,,,1,2,4,1,3
200800018983,0008-04-17 15:40:00,8,4,17,15,40,130,4,RD 453,,,Plein jour,Hors agglomération,Hors intersection,Pluie légère,Autre collision,,,,,,,,,,,1,1,1,2,6
200800018984,0008-04-18 01:30:00,8,4,18,1,30,130,4,RD 453,,,Nuit sans éclairage public,Hors agglomération,Hors intersection,Pluie forte,Autre collision,,,,,,,,,,,3,1,1,3,6
200800018985,0008-04-19 11:10:00,8,4,19,11,10,130,4,CLEMENCEAU BLD GEORGES,,,Plein jour,En agglomération,Hors intersection,Normale,Sans collision,,,,,,,,,,,1,2,1,1,7
200800018986,0008-04-24 06:40:00,8,4,24,6,40,130,4,SADI CARNOT AVENUE,,,Crépuscule ou aube,En agglomération,Hors intersection,Normale,Deux véhicules - côté,,,,,,,,,,,2,2,1,1,3
200800018987,0008-04-28 18:35:00,8,4,28,18,35,130,4,R.D 570N,,,Crépuscule ou aube,Hors agglomération,Hors intersection,Pluie forte,Trois véhicules et plus - en chaîne,,,,,,,,,,,2,1,1,3,4
200800018988,0008-04-01 17:20:00,8,4,1,17,20,130,28,"1, PETANQUE (AVENUE DE L",,,Plein jour,En agglomération,Hors intersection,Normale,Deux véhicules - côté,,,,,,,,,,,1,2,1,1,3
200800018989,0008-04-01 20:55:00,8,4,1,20,55,130,28,"35, PUITS DE BRUNET (CHE",,,Nuit avec éclairage allumé,En agglomération,Hors intersection,Normale,Deux véhicules - arrière,,,,,,,,,,,5,2,1,1,2
200800018990,0008-04-02 18:30:00,8,4,2,18,30,130,28,ALLENDE (AVENUE SALVATOR,,,Plein jour,En agglomération,Hors intersection,Normale,Deux véhicules - côté,,,,,,,,,,,1,2,1,1,3
200800018991,0008-04-16 17:40:00,8,4,16,17,40,130,28,ROVARCH (AVENUE PIERRE),,,Plein jour,En agglomération,Hors intersection,Normale,Sans collision,,,,,,,,,,,1,2,1,1,7
200800018992,0008-04-23 16:35:00,8,4,23,16,35,130,28,SUBILIA (AVENUE ERNEST ),,,Plein jour,En agglomération,Hors intersection,Normale,Deux véhicules - arrière,,,,,,,,,,,1,2,1,1,2
200800018993,0008-04-03 15:05:00,8,4,3,15,5,130,47,"1, GEORGES GUYNEMER AVEN",,,Plein jour,Hors agglomération,Autre intersection,Normale,Autre collision,,,,,,,,,,,1,1,9,1,6
200800018994,0008-04-04 12:05:00,8,4,4,12,5,130,63,"1, ROYAUME UNI BOULEVARD",,,Plein jour,Hors agglomération,Hors intersection,Normale,Deux véhicules - arrière,,,,,,,,,,,1,1,1,1,2
200800018995,0008-04-06 00:01:00,8,4,6,0,1,130,63,"2, EUGENE PELLETAN RUE",,,Nuit avec éclairage allumé,En agglomération,Intersection en X,Normale,Deux véhicules - côté,,,,,,,,,,,5,2,2,1,3
200800018996,0008-04-06 01:25:00,8,4,6,1,25,130,63,"58, ARISTIDE BRIAND BOUL",,,Nuit avec éclairage allumé,En agglomération,Hors intersection,Normale,Autre collision,,,,,,,,,,,5,2,1,1,6
200800018997,0008-04-16 15:10:00,8,4,16,15,10,130,47,RN 1569,,,Plein jour,Hors agglomération,Hors intersection,Normale,Deux véhicules - côté,,,,,,,,,,,1,1,1,1,3
200800018998,0008-04-29 00:40:00,8,4,29,0,40,130,47,FOS ROUTE DE,,,Nuit sans éclairage public,Hors agglomération,Hors intersection,Pluie légère,Autre collision,,,,,,,,,,,3,1,1,2,6
200800018999,0008-04-30 11:45:00,8,4,30,11,45,130,63,", MARECHAL DE LATTRE DE",,,Plein jour,En agglomération,Giratoire,Pluie forte,Autre collision,,,,,,,,,,,1,2,6,3,6
200800019000,0008-04-06 17:40:00,8,4,6,17,40,130,54,CD9,,,Plein jour,Hors agglomération,Hors intersection,Normale,Deux véhicules - côté,,,,,,,,,,,1,1,1,1,3
200800019001,0008-04-06 01:45:00,8,4,6,1,45,130,43,ROUTE NATIONALE 368,,,Nuit sans éclairage public,Hors agglomération,Hors intersection,Normale,Deux véhicules - côté,,,,,,,,,,,3,1,1,1,3
200800019002,0008-04-07 13:15:00,8,4,7,13,15,130,54,ROSTAND  RUE EDMOND,,,Plein jour,En agglomération,Intersection en T,Normale,Autre collision,,,,,,,,,,,1,2,3,1,6
200800019003,0008-04-22 17:00:00,8,4,22,17,0,130,54,CD9,,,Plein jour,Hors agglomération,Hors intersection,Normale,Deux véhicules - côté,,,,,,,,,,,1,1,1,1,3
200800019004,0008-04-23 00:30:00,8,4,23,0,30,130,54,FIGUERAS  RUE DE,,,Nuit avec éclairage allumé,En agglomération,Intersection en X,Normale,Deux véhicules - côté,,,,,,,,,,,5,2,2,1,3
200800019005,0008-04-23 12:10:00,8,4,23,12,10,130,54,JUIN  AVE MARECHAL,,,Plein jour,En agglomération,Hors intersection,Normale,Deux véhicules - arrière,,,,,,,,,,,1,2,1,1,2
200800019006,0008-04-24 19:15:00,8,4,24,19,15,130,54,GARROS  RUE ROLAND,,,Plein jour,En agglomération,Hors intersection,Normale,Deux véhicules - côté,,,,,,,,,,,1,2,1,1,3
200800019007,0008-04-25 12:10:00,8,4,25,12,10,130,54,"1, HUIT MAI 1945  AVE DU",,,Plein jour,En agglomération,Hors intersection,Normale,Deux véhicules - côté,,,,,,,,,,,1,2,1,1,3
200800019008,0008-04-29 15:55:00,8,4,29,15,55,130,54,JUIN  AVE MARECHAL,,,Plein jour,En agglomération,Intersection en X,Normale,Deux véhicules - côté,,,,,,,,,,,1,2,2,1,3
200800019009,0008-04-02 22:15:00,8,4,2,22,15,130,55,"5, TIBOULEN (BOULEVARD D",,,Nuit avec éclairage allumé,En agglomération,Intersection en T,Normale,Deux véhicules - côté,,,,,,,,,,,5,2,3,1,3
200800019010,0008-04-06 10:25:00,8,4,6,10,25,130,55,COLIBRIS (ROND POINT DES,,,Plein jour,En agglomération,Giratoire,Normale,Autre collision,,,,,,,,,,,1,2,6,1,6
200800019011,0008-04-01 20:35:00,8,4,1,20,35,130,55,ROMAIN ROLLAND (BOULEVAR,,,Nuit avec éclairage allumé,En agglomération,Intersection en X,Normale,Deux véhicules - côté,,,,,,,,,,,5,2,2,1,3
200800019012,0008-04-06 14:45:00,8,4,6,14,45,130,55,ANTHOINE (RUE D'),,,Plein jour,En agglomération,Intersection en X,Normale,Autre collision,,,,,,,,,,,1,2,2,1,6
200800019013,0008-04-02 13:10:00,8,4,2,13,10,130,55,"151, WILLIAM BOOTH (AVEN",,,Plein jour,En agglomération,Hors intersection,Normale,Autre collision,,,,,,,,,,,1,2,1,1,6
200800019014,0008-04-03 18:00:00,8,4,3,18,0,130,55,"234, PARADIS (RUE)",,,Plein jour,En agglomération,Hors intersection,Normale,Deux véhicules - côté,,,,,,,,,,,1,2,1,1,3
200800019015,0008-04-03 18:01:00,8,4,3,18,1,130,55,"93, MONTRE (IMPASSE DE L",,,Plein jour,En agglomération,Intersection en T,Normale,Deux véhicules - côté,,,,,,,,,,,1,2,3,1,3
200800019016,0008-04-09 03:00:00,8,4,9,3,0,130,55,PRADO (AVENUE DU),,,Nuit avec éclairage allumé,En agglomération,Intersection en X,Normale,Deux véhicules - côté,,,,,,,,,,,5,2,2,1,3
200800019017,0008-04-09 05:40:00,8,4,9,5,40,130,55,"26, CROIX ROUGE (AVENUE)",,,Nuit avec éclairage allumé,En agglomération,Hors intersection,Normale,Autre collision,,,,,,,,,,,5,2,1,1,6
200800019018,0008-04-09 14:45:00,8,4,9,14,45,130,55,RUISSEAU MI (RUE),,,Plein jour,En agglomération,Hors intersection,Temps couvert,Autre collision,,,,,,,,,,,1,2,1,8,6
200800019019,0008-04-10 04:40:00,8,4,10,4,40,130,55,"30, MICHELET (BOULEVARD)",,,Nuit avec éclairage allumé,En agglomération,Hors intersection,Normale,Deux véhicules - frontale,,,,,,,,,,,5,2,1,1,1
200800019020,0008-04-05 10:30:00,8,4,5,10,30,130,55,SAINT ANTOINE (AVENUE DE,,,Plein jour,En agglomération,Hors intersection,Normale,Autre collision,,,,,,,,,,,1,2,1,1,6
200800019021,0008-04-09 18:05:00,8,4,9,18,5,130,55,"192, ROME (RUE DE)",,,Plein jour,En agglomération,Intersection en X,Temps couvert,Autre collision,,,,,,,,,,,1,2,2,8,6
200800019022,0008-04-05 20:45:00,8,4,5,20,45,130,55,"67, GAY LUSSAC (BOULEVAR",,,Nuit avec éclairage allumé,En agglomération,Hors intersection,Normale,Sans collision,,,,,,,,,,,5,2,1,1,7
200800019023,0008-04-04 13:30:00,8,4,4,13,30,130,55,CARGO RHIN FIDELI (RUE),,,Plein jour,En agglomération,Hors intersection,Normale,Deux véhicules - arrière,,,,,,,,,,,1,2,1,1,2
200800019024,0008-04-04 22:00:00,8,4,4,22,0,130,55,AMPERE (BOULEVARD),,,Nuit avec éclairage allumé,En agglomération,Giratoire,Normale,Autre collision,,,,,,,,,,,5,2,6,1,6
200800019025,0008-04-04 08:30:00,8,4,4,8,30,130,2,LUCIEN OLIVE (CHEMIN),,,Plein jour,En agglomération,Intersection en T,Normale,Deux véhicules - côté,,,,,,,,,,,1,2,3,1,3
200800019026,0008-04-08 15:20:00,8,4,8,15,20,130,55,PONT DE VIVAUX (BOULEVAR,,,Plein jour,En agglomération,Hors intersection,Temps couvert,Deux véhicules - arrière,,,,,,,,,,,1,2,1,8,2
200800019027,0008-04-06 15:30:00,8,4,6,15,30,130,2,QUATRE SAISONS (ROUTE DE,,,Plein jour,En agglomération,Hors intersection,Normale,Deux véhicules - arrière,,,,,,,,,,,1,2,1,1,2
200800019028,0008-04-02 12:35:00,8,4,2,12,35,130,55,"197, SAINT MARCEL (BOULE",,,Plein jour,En agglomération,Autre intersection,Normale,Deux véhicules - arrière,,,,,,,,,,,1,2,9,1,2
200800019029,0008-04-02 10:00:00,8,4,2,10,0,130,55,"51, RAYMOND TEISSERE (RU",,,Plein jour,En agglomération,Hors intersection,Normale,Deux véhicules - côté,,,,,,,,,,,1,2,1,1,3
200800019030,0008-04-12 08:42:00,8,4,12,8,42,130,55,"215, PRADO (AVENUE)",,,Plein jour,En agglomération,Intersection en T,Normale,Deux véhicules - côté,,,,,,,,,,,1,2,3,1,3
200800019031,0008-04-12 03:00:00,8,4,12,3,0,130,55,"460, PRADO (AVENUE)",,,Nuit avec éclairage allumé,En agglomération,Hors intersection,Normale,Trois véhicules et plus - en chaîne,,,,,,,,,,,5,2,1,1,4
200800019032,0008-04-14 06:45:00,8,4,14,6,45,130,55,LAVOISIER (BOULEVARD),,,Plein jour,En agglomération,Hors intersection,Normale,Deux véhicules - côté,,,,,,,,,,,1,2,1,1,3
200800019033,0008-04-13 13:30:00,8,4,13,13,30,130,55,SAINT PAUL (AVENUE),,,Plein jour,En agglomération,Hors intersection,Normale,Deux véhicules - côté,,,,,,,,,,,1,2,1,1,3
200800019034,0008-04-05 15:00:00,8,4,5,15,0,130,55,SAKAKINI (BOULEVARD),,,Plein jour,En agglomération,Intersection en T,Normale,Deux véhicules - côté,,,,,,,,,,,1,2,3,1,3
200800019035,0008-04-05 16:30:00,8,4,5,16,30,130,55,"42, RIVE NEUVE (QUAI)",,,Plein jour,En agglomération,Hors intersection,Normale,Deux véhicules - côté,,,,,,,,,,,1,2,1,1,3
200800019036,0008-04-01 11:10:00,8,4,1,11,10,130,55,"1, ARMENY (RUE D')",,,Plein jour,Hors agglomération,Hors intersection,Normale,Deux véhicules - arrière,,,,,,,,,,,1,1,1,1,2
200800019037,0008-04-05 21:00:00,8,4,5,21,0,130,55,"206, ROMAIN ROLLAND (BOU",,,Nuit avec éclairage allumé,En agglomération,Hors intersection,Normale,Deux véhicules - arrière,,,,,,,,,,,5,2,1,1,2
200800019038,0008-04-12 00:55:00,8,4,12,0,55,130,55,"116, SAINT LOUP (BOULEVA",,,Nuit avec éclairage allumé,En agglomération,Hors intersection,Normale,Autre collision,,,,,,,,,,,5,2,1,1,6
200800019039,0008-04-05 09:00:00,8,4,5,9,0,130,55,"162, MIREILLE LAUZE (BOU",,,Plein jour,En agglomération,Hors intersection,Normale,Autre collision,,,,,,,,,,,1,2,1,1,6
200800019040,0008-04-15 13:00:00,8,4,15,13,0,130,55,"4BIS, DIDIER (BOULEVARD)",,,Plein jour,En agglomération,Hors intersection,Normale,Autre collision,,,,,,,,,,,1,2,1,1,6
200800019041,0008-04-13 23:30:00,8,4,13,23,30,130,55,"48, BAUDILLONS (TRAVERSE",,,Nuit avec éclairage allumé,En agglomération,Hors intersection,Normale,Deux véhicules - côté,,,,,,,,,,,5,2,1,1,3
200800019042,0008-04-04 08:00:00,8,4,4,8,0,130,55,"02, GUEIDON (BOULEVARD)",,,Plein jour,En agglomération,Intersection en T,Normale,Deux véhicules - frontale,,,,,,,,,,,1,2,3,1,1
200800019043,0008-04-02 22:20:00,8,4,2,22,20,130,55,", BOURDET (MAURICE) (BOU",,,Nuit avec éclairage allumé,En agglomération,Place,Vent fort / tempête,Autre collision,,,,,,,,,,,5,2,7,6,6
200800019044,0008-04-09 10:50:00,8,4,9,10,50,130,55,"97, OLIVES (AVENUE DES)",,,Plein jour,En agglomération,Hors intersection,Normale,Autre collision,,,,,,,,,,,1,2,1,1,6
200800019045,0008-04-03 18:15:00,8,4,3,18,15,130,55,"24, HAIFA (AVENUE)",,,Plein jour,En agglomération,Hors intersection,Normale,Deux véhicules - côté,,,,,,,,,,,1,2,1,1,3
200800019046,0008-04-03 15:45:00,8,4,3,15,45,130,55,HAMBOURG (BOULEVARD),,,Plein jour,En agglomération,Hors intersection,Normale,Autre collision,,,,,,,,,,,1,2,1,1,6
200800019047,0008-04-03 17:40:00,8,4,3,17,40,130,55,"123, MAZARGUES (AVENUE D",,,Plein jour,En agglomération,Hors intersection,Normale,Deux véhicules - côté,,,,,,,,,,,1,2,1,1,3
200800019048,0008-04-01 11:15:00,8,4,1,11,15,130,55,ROUET (RUE DU),,,Plein jour,En agglomération,Intersection en X,Normale,Autre collision,,,,,,,,,,,1,2,2,1,6
200800019049,0008-04-07 00:01:00,8,4,7,0,1,130,55,"2, TIBOULEN (BOULEVARD D",,,Nuit avec éclairage allumé,En agglomération,Hors intersection,Normale,Deux véhicules - arrière,,,,,,,,,,,5,2,1,1,2
200800019050,0008-04-16 21:50:00,8,4,16,21,50,130,55,"212, NATIONAL (BOULEVARD",,,Nuit avec éclairage allumé,En agglomération,Intersection en X,Normale,Deux véhicules - arrière,,,,,,,,,,,5,2,2,1,2
200800019051,0008-04-08 14:15:00,8,4,8,14,15,130,55,"18, TOUSSAINT (RUE)",,,Plein jour,En agglomération,Hors intersection,Normale,Autre collision,,,,,,,,,,,1,2,1,1,6
200800019052,0008-04-13 12:25:00,8,4,13,12,25,130,55,"47, JEAN JAURES (PLACE)",,,Plein jour,En agglomération,Hors intersection,Normale,Autre collision,,,,,,,,,,,1,2,1,1,6
200800019053,0008-04-14 10:50:00,8,4,14,10,50,130,55,ANTOINE SARTORIO (ROND P,,,Plein jour,En agglomération,Hors intersection,Normale,Deux véhicules - arrière,,,,,,,,,,,1,2,1,1,2
200800019054,0008-04-13 15:45:00,8,4,13,15,45,130,55,MENDES FRANCE (AVENUE),,,Plein jour,En agglomération,Hors intersection,Normale,Autre collision,,,,,,,,,,,1,2,1,1,6
200800019055,0008-04-14 08:55:00,8,4,14,8,55,130,55,"297, ROMAIN ROLLAND (BOU",,,Plein jour,En agglomération,Hors intersection,Normale,Deux véhicules - arrière,,,,,,,,,,,1,2,1,1,2
200800019056,0008-04-10 14:50:00,8,4,10,14,50,130,55,", REPUBLIQUE (RUE DE LA)",,,Plein jour,En agglomération,Hors intersection,Normale,Deux véhicules - côté,,,,,,,,,,,1,2,1,1,3
200800019057,0008-04-13 15:20:00,8,4,13,15,20,130,55,FAIENCIERS (TRAVERSE DES,,,Plein jour,En agglomération,Hors intersection,Normale,Deux véhicules - frontale,,,,,,,,,,,1,2,1,1,1
200800019058,0008-04-11 14:20:00,8,4,11,14,20,130,55,PRADO (AVENUE),,,Plein jour,En agglomération,Hors intersection,Normale,Autre collision,,,,,,,,,,,1,2,1,1,6
200800019059,0008-04-10 18:15:00,8,4,10,18,15,130,55,MAZARGUES (AVENUE DE),,,Plein jour,En agglomération,Intersection en T,Normale,Autre collision,,,,,,,,,,,1,2,3,1,6
200800019060,0008-04-09 13:30:00,8,4,9,13,30,130,55,ALAIN SAVARY (ROND-POINT,,,Plein jour,En agglomération,Giratoire,Pluie légère,Deux véhicules - côté,,,,,,,,,,,1,2,6,2,3
200800019061,0008-04-17 21:45:00,8,4,17,21,45,130,55,"104, CHARTREUX (AVENUE D",,,Nuit avec éclairage allumé,En agglomération,Intersection en T,Pluie légère,Autre collision,,,,,,,,,,,5,2,3,2,6
200800019062,0008-04-03 14:00:00,8,4,3,14,0,130,55,"30, FLAMMARION (BOULEVAR",,,Plein jour,En agglomération,Hors intersection,Normale,Deux véhicules - côté,,,,,,,,,,,1,2,1,1,3
200800019063,0008-04-03 17:00:00,8,4,3,17,0,130,55,"5, CANEBIERE     1 A 79",,,Plein jour,En agglomération,Hors intersection,Normale,Autre collision,,,,,,,,,,,1,2,1,1,6
200800019064,0008-04-09 09:45:00,8,4,9,9,45,130,55,FLEGIER (RUE),,,Plein jour,En agglomération,Intersection en X,Normale,Deux véhicules - côté,,,,,,,,,,,1,2,2,1,3
200800019065,0008-04-09 18:20:00,8,4,9,18,20,130,55,"188, BAILLE (BOULEVARD)",,,Crépuscule ou aube,En agglomération,Hors intersection,Normale,Autre collision,,,,,,,,,,,2,2,1,1,6
200800019066,0008-04-12 00:45:00,8,4,12,0,45,130,55,ROUET (RUE DU),,,Nuit avec éclairage allumé,En agglomération,Intersection en X,Normale,Deux véhicules - côté,,,,,,,,,,,5,2,2,1,3
200800019067,0008-04-06 21:00:00,8,4,6,21,0,130,55,LIBERATION (BOULEVARD),,,Nuit avec éclairage non allumé,En agglomération,Intersection à plus de 4 branches,Normale,Deux véhicules - côté,,,,,,,,,,,4,2,5,1,3
200800019068,0008-04-07 14:00:00,8,4,7,14,0,130,55,MARÉCHAL FOCH (AVENUE),,,Plein jour,En agglomération,Hors intersection,Normale,Sans collision,,,,,,,,,,,1,2,1,1,7
200800019069,0008-04-07 20:05:00,8,4,7,20,5,130,55,CASTELLANE (PLACE),,,Crépuscule ou aube,En agglomération,Hors intersection,Normale,Sans collision,,,,,,,,,,,2,2,1,1,7
200800019070,0008-04-03 02:15:00,8,4,3,2,15,130,55,"181, CORNICHE KENNEDY",,,Nuit avec éclairage allumé,En agglomération,Hors intersection,Normale,Deux véhicules - frontale,,,,,,,,,,,5,2,1,1,1
200800019071,0008-04-09 19:00:00,8,4,9,19,0,130,55,"50, SIMON BOLIVAR (BOULE",,,Plein jour,En agglomération,Hors intersection,Normale,Deux véhicules - côté,,,,,,,,,,,1,2,1,1,3
200800019072,0008-04-14 20:45:00,8,4,14,20,45,130,55,PAPETY (RUE),,,Nuit avec éclairage allumé,En agglomération,Intersection en X,Normale,Autre collision,,,,,,,,,,,5,2,2,1,6
200800019073,0008-04-03 10:40:00,8,4,3,10,40,130,55,PARADIS (RUE),,,Plein jour,En agglomération,Intersection en X,Normale,Deux véhicules - côté,,,,,,,,,,,1,2,2,1,3
200800019074,0008-04-19 21:15:00,8,4,19,21,15,130,55,FRANCOISE DUPARC (BOULEV,,,Nuit avec éclairage allumé,En agglomération,Hors intersection,Normale,Deux véhicules - arrière,,,,,,,,,,,5,2,1,1,2
200800019075,0008-04-18 17:00:00,8,4,18,17,0,130,55,MORGIOU (CHEMIN DE),,,Plein jour,En agglomération,Intersection en T,Pluie forte,Deux véhicules - frontale,,,,,,,,,,,1,2,3,3,1
200800019076,0008-04-10 15:30:00,8,4,10,15,30,130,55,OLIVES (AVENUE DES),,,Plein jour,En agglomération,Hors intersection,Normale,Deux véhicules - arrière,,,,,,,,,,,1,2,1,1,2
200800019077,0008-04-19 19:50:00,8,4,19,19,50,130,55,"235, SAINT ANTOINE (AVEN",,,Plein jour,En agglomération,Hors intersection,Normale,Deux véhicules - frontale,,,,,,,,,,,1,2,1,1,1
200800019078,0008-04-06 16:40:00,8,4,6,16,40,130,55,MICHELET (BOULEVARD),,,Plein jour,Hors agglomération,Intersection en T,Normale,Deux véhicules - côté,,,,,,,,,,,1,1,3,1,3
200800019079,0008-04-12 14:00:00,8,4,12,14,0,130,55,", AUGUSTIN AUBERT (RUE)",,,Plein jour,En agglomération,Intersection à plus de 4 branches,Normale,Deux véhicules - côté,,,,,,,,,,,1,2,5,1,3
200800019080,0008-04-08 22:00:00,8,4,8,22,0,130,55,ALBERT EINSTEIN (RUE),,,Nuit avec éclairage allumé,En agglomération,Hors intersection,Normale,Autre collision,,,,,,,,,,,5,2,1,1,6
200800019081,0008-04-08 21:45:00,8,4,8,21,45,130,55,SAINT PIERRE (RUE),,,Nuit avec éclairage allumé,En agglomération,Hors intersection,Normale,Deux véhicules - arrière,,,,,,,,,,,5,2,1,1,2
200800019082,0008-04-07 17:30:00,8,4,7,17,30,130,55,"22, JEAN MOULIN (BOULEVA",,,Plein jour,En agglomération,Hors intersection,Normale,Autre collision,,,,,,,,,,,1,2,1,1,6
200800019083,0008-04-14 13:00:00,8,4,14,13,0,130,55,HENRI BARNIER (BOULEVARD,,,Plein jour,Hors agglomération,Hors intersection,Normale,Deux véhicules - côté,,,,,,,,,,,1,1,1,1,3