accident_id,datetime,annee,mois,jour,heure,minute,departement,commune_insee,adresse,latitude,longitude,luminosite,agglomeration,intersection,meteo,collision,nb_vehicules,nb_usagers,nb_indemnes,nb_tues,nb_blesses_hosp,nb_blesses_legers,age_cond_1,age_cond_2,veh_type_cond_1,veh_type_cond_2,lum_code,agg_code,int_code,atm_code,col_code
200800019217,0008-04-26 22:40:00,8,4,26,22,40,130,56,TAMARIS,,,Nuit avec éclairage allumé,En agglomération,Hors intersection,Normale,Autre collision,,,,,,,,,,,5,2,1,1,6
200800019218,0008-04-26 14:05:00,8,4,26,14,5,130,39,ROUTE NATIONALE 568,,,Plein jour,Hors agglomération,Hors intersection,Normale,Deux véhicules - arrière,,,,,,,,,,,1,1,1,1,2
200800019219,0008-04-21 14:50:00,8,4,21,14,50,130,77,RN 568,,,Plein jour,En agglomération,Hors intersection,Normale,Trois véhicules et plus - en chaîne,,,,,,,,,,,1,2,1,1,4
200800019220,0008-04-14 09:15:00,8,4,14,9,15,130,78,"0, REPUBLIQUE (AVENUE DE",,,Plein jour,En agglomération,Intersection en X,Normale,Autre collision,,,,,,,,,,,1,2,2,1,6
200800019221,0008-04-22 18:00:00,8,4,22,18,0,130,103,RUE DE L' ETANG DE BERRE,,,Plein jour,En agglomération,Hors intersection,Normale,Autre collision,,,,,,,,,,,1,2,1,1,6
200800019222,0008-04-13 06:10:00,8,4,13,6,10,130,108,CD 35 ROUTE DE BOULBON,,,Nuit sans éclairage public,Hors agglomération,Intersection en T,Normale,Deux véhicules - côté,,,,,,,,,,,3,1,3,1,3
200800019223,0008-04-23 18:30:00,8,4,23,18,30,130,108,ARISTIDE BRIAND (COURS),,,Plein jour,En agglomération,Hors intersection,Normale,Deux véhicules - côté,,,,,,,,,,,1,2,1,1,3
200800019224,0008-04-29 17:20:00,8,4,29,17,20,130,108,"5, GAMBETTA (BOULEVARD)",,,Plein jour,En agglomération,Hors intersection,Normale,Trois véhicules et plus - en chaîne,,,,,,,,,,,1,2,1,1,4
200800019225,0008-04-03 19:20:00,8,4,3,19,20,140,327,"0, HAUT CREPON (AVENUE D",,,Plein jour,En agglomération,Hors intersection,Normale,Deux véhicules - arrière,,,,,,,,,,,1,2,1,1,2
200800019226,0008-04-09 08:00:00,8,4,9,8,0,140,137,"0, GAULLE ( AVENUE CHARL",,,Plein jour,En agglomération,Intersection en X,Temps couvert,Deux véhicules - côté,,,,,,,,,,,1,2,2,8,3
200800019227,0008-04-12 16:45:00,8,4,12,16,45,140,437,"0, Voie de desserte Cent",,,Plein jour,Hors agglomération,Hors intersection,Normale,Deux véhicules - côté,,,,,,,,,,,1,1,1,1,3
200800019228,0008-04-18 18:10:00,8,4,18,18,10,140,118,"6, ORATOIRE (RUE DE L')",,,Plein jour,En agglomération,Hors intersection,Temps couvert,Autre collision,,,,,,,,,,,1,2,1,8,6
200800019229,0008-04-18 09:10:00,8,4,18,9,10,140,118,RN814,,,Plein jour,Hors agglomération,Hors intersection,Normale,Deux véhicules - côté,,,,,,,,,,,1,1,1,1,3
200800019230,0008-04-21 00:53:00,8,4,21,0,53,140,118,ECHANGEUR N° 9 ( PORTE D,,,Nuit avec éclairage allumé,Hors agglomération,Hors intersection,Pluie légère,Autre collision,,,,,,,,,,,5,1,1,2,6
200800019231,0008-04-24 21:40:00,8,4,24,21,40,140,118,"3, PIGACIERE (RUE DE LA)",,,Crépuscule ou aube,En agglomération,Hors intersection,Normale,Autre collision,,,,,,,,,,,2,2,1,1,6
200800019232,0008-04-26 17:30:00,8,4,26,17,30,140,118,"487, FALAISE (RUE DE >=9",,,Plein jour,En agglomération,Hors intersection,Normale,Autre collision,,,,,,,,,,,1,2,1,1,6
200800019233,0008-04-07 00:50:00,8,4,7,0,50,140,366,D.613 ( LISIEUX),,,Nuit sans éclairage public,En agglomération,Hors intersection,Neige / grêle,Sans collision,,,,,,,,,,,3,2,1,4,7
200800019234,0008-04-08 12:20:00,8,4,8,12,20,150,12,BOUSQUET (LIEU-DIT LE),,,Plein jour,Hors agglomération,Hors intersection,Pluie légère,Deux véhicules - arrière,,,,,,,,,,,1,1,1,2,2
200800019235,0008-04-03 12:10:00,8,4,3,12,10,170,299,"172990159, FRERES JAMAIN",,,Plein jour,En agglomération,Intersection en T,Normale,Autre collision,,,,,,,,,,,1,2,3,1,6
200800019236,0008-04-09 18:55:00,8,4,9,18,55,170,299,"172990166, GAMBETTA RUE",,,Plein jour,En agglomération,Hors intersection,Normale,Autre collision,,,,,,,,,,,1,2,1,1,6
200800019237,0008-04-13 19:15:00,8,4,13,19,15,170,299,"172990316, REPUBLIQUE RU",,,Plein jour,En agglomération,Intersection en X,Pluie légère,Deux véhicules - côté,,,,,,,,,,,1,2,2,2,3
200800019238,0008-04-15 09:40:00,8,4,15,9,40,170,299,"172990303, POUZET BOULEV",,,Plein jour,En agglomération,Hors intersection,Normale,Sans collision,,,,,,,,,,,1,2,1,1,7
200800019239,0008-04-15 12:30:00,8,4,15,12,30,170,299,"172990379, RESISTANCE BO",,,Plein jour,En agglomération,Giratoire,Normale,Deux véhicules - côté,,,,,,,,,,,1,2,6,1,3
200800019240,0008-04-19 10:00:00,8,4,19,10,0,170,449,"174490005, AUNIS AVENUE",,,Plein jour,En agglomération,Intersection en T,Normale,Deux véhicules - arrière,,,,,,,,,,,1,2,3,1,2
200800019241,0008-04-23 18:00:00,8,4,23,18,0,170,299,"172990197, JAURES RUE JE",,,Plein jour,En agglomération,Intersection en X,Normale,Trois véhicules et plus - collisions multiples,,,,,,,,,,,1,2,2,1,5
200800019242,0008-04-24 19:00:00,8,4,24,19,0,170,299,"172990028, BARIL RUE DU",,,Plein jour,En agglomération,Intersection en T,Normale,Deux véhicules - côté,,,,,,,,,,,1,2,3,1,3
200800019243,0008-04-25 18:25:00,8,4,25,18,25,170,449,"174490126, LIBERATION QU",,,Plein jour,En agglomération,Intersection en T,Normale,Deux véhicules - côté,,,,,,,,,,,1,2,3,1,3
200800019244,0008-04-25 19:45:00,8,4,25,19,45,170,299,"172990375, ZOLA RUE EMIL",,,Plein jour,En agglomération,Hors intersection,Normale,Sans collision,,,,,,,,,,,1,2,1,1,7
200800019245,0008-04-26 10:20:00,8,4,26,10,20,170,299,"172990281, PELLETAN AVEN",,,Plein jour,En agglomération,Giratoire,Normale,Sans collision,,,,,,,,,,,1,2,6,1,7
200800019246,0008-04-29 18:25:00,8,4,29,18,25,170,299,"172990336, SALLE RUE ARM",,,Plein jour,En agglomération,Hors intersection,Normale,Deux véhicules - côté,,,,,,,,,,,1,2,1,1,3
200800019247,0008-04-02 18:10:00,8,4,2,18,10,170,300,"38, GARROS   RUE ROLAND",,,Plein jour,En agglomération,Hors intersection,Normale,Deux véhicules - côté,,,,,,,,,,,1,2,1,1,3
200800019248,0008-04-03 08:30:00,8,4,3,8,30,170,300,VILLENEUVE   RUE,,,Plein jour,En agglomération,Intersection en X,Normale,Deux véhicules - côté,,,,,,,,,,,1,2,2,1,3
200800019249,0008-04-03 21:00:00,8,4,3,21,0,170,300,"1, COGNEHORS   BOULEVARD",,,Nuit avec éclairage allumé,En agglomération,Giratoire,Normale,Deux véhicules - côté,,,,,,,,,,,5,2,6,1,3
200800019250,0008-04-05 12:00:00,8,4,5,12,0,170,274,"001, LUMIERE   AVENUE LO",,,Plein jour,En agglomération,Giratoire,Normale,Deux véhicules - frontale,,,,,,,,,,,1,2,6,1,1
200800019251,0008-04-03 18:30:00,8,4,3,18,30,170,300,QUEBEC   RUE DE (1/11 &,,,Plein jour,En agglomération,Hors intersection,Normale,Deux véhicules - côté,,,,,,,,,,,1,2,1,1,3
200800019252,0008-04-06 05:00:00,8,4,6,5,0,170,300,"15, MAIL   ALLEE DU",,,Nuit avec éclairage allumé,En agglomération,Hors intersection,Normale,Autre collision,,,,,,,,,,,5,2,1,1,6
200800019253,0008-04-06 18:50:00,8,4,6,18,50,170,300,05 PK RN237 RE MOULIN JU,,,Plein jour,Hors agglomération,Hors intersection,Normale,Autre collision,,,,,,,,,,,1,1,1,1,6
200800019254,0008-04-08 11:20:00,8,4,8,11,20,170,300,"001, MULHOUSE   AVENUE D",,,Plein jour,En agglomération,Intersection en X,Normale,Deux véhicules - frontale,,,,,,,,,,,1,2,2,1,1
200800019255,0008-04-09 11:13:00,8,4,9,11,13,170,291,0 PK RN237 MOULIN JUSTIC,,,Plein jour,Hors agglomération,Hors intersection,Normale,Sans collision,,,,,,,,,,,1,1,1,1,7
200800019256,0008-04-11 22:00:00,8,4,11,22,0,170,300,CENT-VINGT-TROISIEME REG,,,Nuit avec éclairage allumé,En agglomération,Intersection en X,Normale,Deux véhicules - côté,,,,,,,,,,,5,2,2,1,3
200800019257,0008-04-12 16:05:00,8,4,12,16,5,170,300,SARTRE   AVENUE JEAN-PAU,,,Plein jour,En agglomération,Intersection en T,Normale,Deux véhicules - côté,,,,,,,,,,,1,2,3,1,3
200800019258,0008-04-12 18:10:00,8,4,12,18,10,170,300,33 PK RN11 NANTES ROCADE,,,Plein jour,Hors agglomération,Hors intersection,Normale,Deux véhicules - arrière,,,,,,,,,,,1,1,1,1,2
200800019259,0008-04-13 01:15:00,8,4,13,1,15,170,300,MINAGE   RUE PAS DU,,,Nuit avec éclairage allumé,En agglomération,Autre intersection,Pluie forte,Deux véhicules - côté,,,,,,,,,,,5,2,9,3,3
200800019260,0008-04-13 06:30:00,8,4,13,6,30,170,200,02 PK RN237 RE MOULIN JU,,,Nuit sans éclairage public,Hors agglomération,Hors intersection,Pluie forte,Autre collision,,,,,,,,,,,3,1,1,3,6
200800019261,0008-04-16 16:25:00,8,4,16,16,25,170,300,COGNEHORS   BOULEVARD DE,,,Plein jour,En agglomération,Hors intersection,Normale,Autre collision,,,,,,,,,,,1,2,1,1,6
200800019262,0008-04-17 19:45:00,8,4,17,19,45,170,300,COUNEAU   RUE EMILE,,,Plein jour,En agglomération,Hors intersection,Normale,Deux véhicules - côté,,,,,,,,,,,1,2,1,1,3
200800019263,0008-04-18 02:10:00,8,4,18,2,10,170,300,FABRIQUE   RUE DE LA,,,Nuit avec éclairage allumé,En agglomération,Intersection en X,Normale,Deux véhicules - côté,,,,,,,,,,,5,2,2,1,3
200800019264,0008-04-18 17:35:00,8,4,18,17,35,170,291,LIBERATION   RUE DE LA,,,Plein jour,En agglomération,Intersection en T,Normale,Deux véhicules - côté,,,,,,,,,,,1,2,3,1,3
200800019265,0008-04-20 04:55:00,8,4,20,4,55,170,300,112 PK RN137 JUSTICE ROC,,,Nuit sans éclairage public,Hors agglomération,Hors intersection,Pluie légère,Sans collision,,,,,,,,,,,3,1,1,2,7
200800019266,0008-04-25 09:30:00,8,4,25,9,30,170,300,"28, MAUBEC   QUAI",,,Plein jour,En agglomération,Hors intersection,Normale,Sans collision,,,,,,,,,,,1,2,1,1,7
200800019267,0008-04-25 17:30:00,8,4,25,17,30,170,300,"3, SAINT-YON   RUE",,,Plein jour,En agglomération,Hors intersection,Normale,Autre collision,,,,,,,,,,,1,2,1,1,6
200800019268,0008-04-28 07:45:00,8,4,28,7,45,170,300,"40, GUE   RUE DU",,,Plein jour,En agglomération,Hors intersection,Normale,Autre collision,,,,,,,,,,,1,2,1,1,6
200800019269,0008-04-28 18:00:00,8,4,28,18,0,170,300,"345, GUITON   AVENUE JEA",,,Plein jour,En agglomération,Hors intersection,Normale,Deux véhicules - côté,,,,,,,,,,,1,2,1,1,3
200800019270,0008-04-29 00:10:00,8,4,29,0,10,170,28,ANVILLE   RUE D',,,Nuit sans éclairage public,En agglomération,Hors intersection,Normale,Autre collision,,,,,,,,,,,3,2,1,1,6
200800019271,0008-04-29 12:50:00,8,4,29,12,50,170,300,"12, VILLENEUVE   RUE",,,Plein jour,En agglomération,Hors intersection,Pluie légère,Autre collision,,,,,,,,,,,1,2,1,2,6
200800019272,0008-04-29 15:40:00,8,4,29,15,40,170,300,MINAGE   RUE PAS DU,,,Plein jour,En agglomération,Hors intersection,Normale,Sans collision,,,,,,,,,,,1,2,1,1,7
200800019273,0008-04-30 16:40:00,8,4,30,16,40,170,300,"5, JERICHO   RUE DE",,,Plein jour,En agglomération,Hors intersection,Normale,Autre collision,,,,,,,,,,,1,2,1,1,6
200800019274,0008-04-08 12:15:00,8,4,8,12,15,170,300,"001, LECLERC   AVENUE DU",,,Plein jour,En agglomération,Intersection en X,Normale,Trois véhicules et plus - collisions multiples,,,,,,,,,,,1,2,2,1,5
200800019275,0008-04-27 16:30:00,8,4,27,16,30,170,306,"0, PONTAILLAC (DE) (AVEN",,,Plein jour,En agglomération,Hors intersection,Normale,Deux véhicules - côté,,,,,,,,,,,1,2,1,1,3
200800019276,0008-04-27 18:25:00,8,4,27,18,25,170,461,"0, SAINT-SORDELIN-PLAGE",,,Plein jour,En agglomération,Hors intersection,Normale,Autre collision,,,,,,,,,,,1,2,1,1,6
200800019277,0008-04-30 16:26:00,8,4,30,16,26,170,333,"37, SABLES (AVENUE DES)",,,Plein jour,En agglomération,Hors intersection,Normale,Autre collision,,,,,,,,,,,1,2,1,1,6
200800019278,0008-04-02 13:08:00,8,4,2,13,8,170,415,LECLERC COURS DU MARECHA,,,Plein jour,En agglomération,Hors intersection,Normale,Autre collision,,,,,,,,,,,1,2,1,1,6
200800019279,0008-04-02 17:58:00,8,4,2,17,58,170,415,MARTEL RUE GEOFFROY,,,Plein jour,En agglomération,Hors intersection,Normale,Deux véhicules - arrière,,,,,,,,,,,1,2,1,1,2
200800019280,0008-04-05 07:00:00,8,4,5,7,0,170,415,CHAMPVERDIER RUE DU,,,Nuit sans éclairage public,Hors agglomération,Hors intersection,Normale,Autre collision,,,,,,,,,,,3,1,1,1,6
200800019281,0008-04-08 03:05:00,8,4,8,3,5,170,415,"17, YSER 1 A 35 QUAI DE",,,Nuit avec éclairage allumé,En agglomération,Hors intersection,Normale,Autre collision,,,,,,,,,,,5,2,1,1,6
200800019282,0008-04-09 07:20:00,8,4,9,7,20,170,415,DICONCHE,,,Crépuscule ou aube,Hors agglomération,Hors intersection,Pluie légère,Autre collision,,,,,,,,,,,2,1,1,2,6
200800019283,0008-04-14 16:20:00,8,4,14,16,20,170,415,"45, LECLERC COURS DU MAR",,,Crépuscule ou aube,En agglomération,Hors intersection,Normale,Deux véhicules - côté,,,,,,,,,,,2,2,1,1,3
200800019284,0008-04-14 18:45:00,8,4,14,18,45,170,415,PORT D'ENVAUX ROUTE DE,,,Plein jour,Hors agglomération,Hors intersection,Normale,Trois véhicules et plus - en chaîne,,,,,,,,,,,1,1,1,1,4
200800019285,0008-04-22 08:00:00,8,4,22,8,0,170,415,JEAN RUE DU DOCTEUR,,,Plein jour,En agglomération,Intersection en X,Pluie légère,Deux véhicules - côté,,,,,,,,,,,1,2,2,2,3
200800019286,0008-04-29 12:05:00,8,4,29,12,5,170,415,11 NOVEMBRE PLACE,,,Plein jour,En agglomération,Hors intersection,Normale,Deux véhicules - côté,,,,,,,,,,,1,2,1,1,3
200800019287,0008-04-02 16:45:00,8,4,2,16,45,180,33,"40BIS, TURLY (RUE DE)",,,Plein jour,En agglomération,Hors intersection,Normale,Deux véhicules - arrière,,,,,,,,,,,1,2,1,1,2
200800019288,0008-04-07 14:15:00,8,4,7,14,15,180,33,DE GAULLE (AV DU GENERAL,,,Plein jour,En agglomération,Hors intersection,Normale,Autre collision,,,,,,,,,,,1,2,1,1,6
200800019289,0008-04-11 18:10:00,8,4,11,18,10,180,205,MALITORNE (RUE DE),,,Plein jour,En agglomération,Intersection en X,Normale,Deux véhicules - côté,,,,,,,,,,,1,2,2,1,3
200800019290,0008-04-11 18:15:00,8,4,11,18,15,180,33,"187, SAINT-MICHEL (ROUTE",,,Plein jour,En agglomération,Hors intersection,Normale,Autre collision,,,,,,,,,,,1,2,1,1,6
200800019291,0008-04-16 17:55:00,8,4,16,17,55,180,33,", INDUSTRIE (BOULEVARD D",,,Plein jour,En agglomération,Intersection en X,Normale,Autre collision,,,,,,,,,,,1,2,2,1,6
200800019292,0008-04-17 19:15:00,8,4,17,19,15,180,33,"sans, CHARITE (ROUTE DE",,,Plein jour,En agglomération,Hors intersection,Pluie légère,Deux véhicules - arrière,,,,,,,,,,,1,2,1,2,2
200800019293,0008-04-18 01:45:00,8,4,18,1,45,180,205,ORLEANS (ROUTE D'),,,Nuit avec éclairage allumé,En agglomération,Giratoire,Normale,Sans collision,,,,,,,,,,,5,2,6,1,7
200800019294,0008-04-21 05:20:00,8,4,21,5,20,180,205,RN 76,,,Nuit sans éclairage public,Hors agglomération,Intersection en X,Pluie légère,Deux véhicules - arrière,,,,,,,,,,,3,1,2,2,2
200800019295,0008-04-24 08:45:00,8,4,24,8,45,180,33,ABREUVOIR DE PIGNOUX (CH,,,Plein jour,En agglomération,Intersection en X,Normale,Deux véhicules - côté,,,,,,,,,,,1,2,2,1,3
200800019296,0008-04-30 03:00:00,8,4,30,3,0,180,33,CARNOT (AVENUE),,,Nuit avec éclairage allumé,En agglomération,Intersection en T,Pluie forte,Sans collision,,,,,,,,,,,5,2,3,3,7
200800019297,0008-04-29 17:35:00,8,4,29,17,35,180,33,CHATEAU D'EAU (RUE DU),,,Plein jour,En agglomération,Giratoire,Pluie légère,Deux véhicules - côté,,,,,,,,,,,1,2,6,2,3
200800019298,0008-04-21 05:55:00,8,4,21,5,55,180,279,"12, LIBERTE (BOULEVARD D",,,Nuit avec éclairage allumé,En agglomération,Intersection en X,Normale,Deux véhicules - côté,,,,,,,,,,,5,2,2,1,3
200800019299,0008-04-25 17:15:00,8,4,25,17,15,180,279,"1, JUILLET (AVENUE DU 14",,,Plein jour,En agglomération,Intersection en X,Normale,Deux véhicules - frontale,,,,,,,,,,,1,2,2,1,1
200800019300,0008-04-26 10:30:00,8,4,26,10,30,180,279,RN 76 (ROUTE DE BOURGES),,,Plein jour,En agglomération,Hors intersection,Normale,Trois véhicules et plus - collisions multiples,,,,,,,,,,,1,2,1,1,5
200800019301,0008-04-28 12:55:00,8,4,28,12,55,180,279,RATEAU (ROUTE DU PETIT),,,Plein jour,En agglomération,Hors intersection,Temps couvert,Deux véhicules - arrière,,,,,,,,,,,1,2,1,8,2
200800019302,0008-04-02 12:10:00,8,4,2,12,10,190,31,DIX HUIT JUIN 1940 (AVEN,,,Plein jour,En agglomération,Giratoire,Normale,Deux véhicules - côté,,,,,,,,,,,1,2,6,1,3
200800019303,0008-04-12 14:30:00,8,4,12,14,30,190,31,"144, POMPIDOU (AVENUE GE",,,Plein jour,En agglomération,Hors intersection,Normale,Trois véhicules et plus - en chaîne,,,,,,,,,,,1,2,1,1,4
200800019304,0008-04-16 09:50:00,8,4,16,9,50,190,31,"02, DELMAS (RUE FERNAND)",45.15937,4.53057,Plein jour,En agglomération,Hors intersection,Normale,Deux véhicules - arrière,,,,,,,,,,,1,2,1,1,2
200800019305,0008-04-18 17:35:00,8,4,18,17,35,190,31,"50, ALVITRE (AVENUE ABBE",45.15313,4.50763,Plein jour,En agglomération,Hors intersection,Pluie forte,Autre collision,,,,,,,,,,,1,2,1,3,6
200800019306,0008-04-20 02:10:00,8,4,20,2,10,190,31,GAMBETTA (RUE),45.16187,4.53274,Nuit avec éclairage allumé,En agglomération,Intersection en T,Normale,Deux véhicules - côté,,,,,,,,,,,5,2,3,1,3
200800019307,0008-04-02 10:00:00,8,4,2,10,0,210,54,COLBERT (RUE),,,Plein jour,En agglomération,Intersection en X,Normale,Autre collision,,,,,,,,,,,1,2,2,1,6
200800019308,0008-04-01 08:21:00,8,4,1,8,21,210,231,"32, PASCAL (BOULEVARD)",,,Plein jour,En agglomération,Hors intersection,Normale,Autre collision,,,,,,,,,,,1,2,1,1,6
200800019309,0008-04-01 18:15:00,8,4,1,18,15,210,231,"116, PREFECTURE (DE LA)",,,Plein jour,En agglomération,Intersection en X,Normale,Autre collision,,,,,,,,,,,1,2,2,1,6
200800019310,0008-04-02 15:08:00,8,4,2,15,8,210,231,"45, RAYMOND POINCARE (AV",,,Plein jour,En agglomération,Hors intersection,Normale,Deux véhicules - arrière,,,,,,,,,,,1,2,1,1,2
200800019311,0008-04-04 10:39:00,8,4,4,10,39,210,231,ALBERT PREMIER (AVENUE),,,Plein jour,En agglomération,Intersection en T,Normale,Autre collision,,,,,,,,,,,1,2,3,1,6
200800019312,0008-04-04 21:44:00,8,4,4,21,44,210,231,ALBERT PREMIER (AVENUE),,,Nuit avec éclairage allumé,En agglomération,Hors intersection,Normale,Deux véhicules - côté,,,,,,,,,,,5,2,1,1,3
200800019313,0008-04-06 09:58:00,8,4,6,9,58,210,231,ROBERT SCHUMANN (BOULEVA,,,Plein jour,En agglomération,Intersection en X,Normale,Deux véhicules - côté,,,,,,,,,,,1,2,2,1,3
200800019314,0008-04-06 20:38:00,8,4,6,20,38,210,231,TIVOLI (RUE),,,Nuit avec éclairage allumé,En agglomération,Intersection à plus de 4 branches,Pluie légère,Deux véhicules - côté,,,,,,,,,,,5,2,5,2,3
200800019315,0008-04-07 10:29:00,8,4,7,10,29,210,231,30 OCTOBRE ET DE LA LEGI,,,Plein jour,En agglomération,Place,Normale,Deux véhicules - côté,,,,,,,,,,,1,2,7,1,3
200800019316,0008-04-07 15:39:00,8,4,7,15,39,210,231,JACQUES CELLERIER (RUE),,,Plein jour,En agglomération,Intersection en X,Normale,Deux véhicules - côté,,,,,,,,,,,1,2,2,1,3
200800019317,0008-04-10 12:47:00,8,4,10,12,47,210,231,DRAPEAU (DU) (AVENUE),,,Plein jour,En agglomération,Intersection en X,Pluie légère,Deux véhicules - côté,,,,,,,,,,,1,2,2,2,3
200800019318,0008-04-15 07:50:00,8,4,15,7,50,210,231,JEAN BAPTISTE PEINCEDE (,,,Plein jour,En agglomération,Intersection en X,Normale,Deux véhicules - frontale,,,,,,,,,,,1,2,2,1,1
200800019319,0008-04-15 21:50:00,8,4,15,21,50,210,231,"32, PARC (DU) (COURS)",,,Nuit avec éclairage allumé,En agglomération,Hors intersection,Normale,Sans collision,,,,,,,,,,,5,2,1,1,7
200800019320,0008-04-16 08:00:00,8,4,16,8,0,210,231,EUGENE BUSSIERE (RUE),,,Plein jour,En agglomération,Intersection en X,Normale,Deux véhicules - côté,,,,,,,,,,,1,2,2,1,3
200800019321,0008-04-16 17:20:00,8,4,16,17,20,210,278,ALLOBROGES (DES) (BOULEV,,,Plein jour,En agglomération,Intersection en X,Normale,Autre collision,,,,,,,,,,,1,2,2,1,6
200800019322,0008-04-16 17:55:00,8,4,16,17,55,210,231,"43B, MOULINS (DES) (RUE)",,,Plein jour,En agglomération,Hors intersection,Normale,Autre collision,,,,,,,,,,,1,2,1,1,6
200800019323,0008-04-16 22:00:00,8,4,16,22,0,210,166,MARECHAL DE LATTRE DE TA,,,Nuit avec éclairage allumé,En agglomération,Intersection en X,Normale,Deux véhicules - côté,,,,,,,,,,,5,2,2,1,3
200800019324,0008-04-17 08:05:00,8,4,17,8,5,210,231,CRACOVIE (DE) (RUE),,,Plein jour,En agglomération,Hors intersection,Normale,Deux véhicules - côté,,,,,,,,,,,1,2,1,1,3
200800019325,0008-04-20 22:20:00,8,4,20,22,20,210,231,GUSTAVE EIFFEL (AVENUE),,,Nuit avec éclairage non allumé,En agglomération,Intersection en X,Pluie légère,Deux véhicules - côté,,,,,,,,,,,4,2,2,2,3
200800019326,0008-04-21 13:57:00,8,4,21,13,57,210,231,"49, CARNOT (BOULEVARD)",,,Plein jour,En agglomération,Intersection en Y,Normale,Deux véhicules - côté,,,,,,,,,,,1,2,4,1,3
200800019327,0008-04-22 13:40:00,8,4,22,13,40,210,231,STEARINERIE (DE LA) (RUE,,,Plein jour,En agglomération,Intersection en X,Temps couvert,Deux véhicules - côté,,,,,,,,,,,1,2,2,8,3
200800019328,0008-04-22 14:15:00,8,4,22,14,15,210,231,VICTOR HUGO (AVENUE),,,Plein jour,En agglomération,Hors intersection,Normale,Autre collision,,,,,,,,,,,1,2,1,1,6
200800019329,0008-04-24 16:01:00,8,4,24,16,1,210,231,"134, VICTOR HUGO (AVENUE",,,Plein jour,En agglomération,Hors intersection,Normale,Autre collision,,,,,,,,,,,1,2,1,1,6
200800019330,0008-04-26 10:35:00,8,4,26,10,35,210,278,ALLOBROGES (DES) (BOULEV,,,Plein jour,En agglomération,Hors intersection,Normale,Autre collision,,,,,,,,,,,1,2,1,1,6
200800019331,0008-04-29 17:40:00,8,4,29,17,40,210,231,LIBERTE (DE LA) (RUE),,,Plein jour,En agglomération,Intersection en X,Normale,Autre collision,,,,,,,,,,,1,2,2,1,6
200800019332,0008-04-30 15:55:00,8,4,30,15,55,210,231,"55, JEAN JAURES (AVENUE)",,,Plein jour,En agglomération,Intersection en Y,Pluie légère,Deux véhicules - arrière,,,,,,,,,,,1,2,4,2,2
200800019333,0008-04-30 17:52:00,8,4,30,17,52,210,231,"25/29, LANGRES (DE) (AVE",,,Plein jour,En agglomération,Intersection en T,Normale,Trois véhicules et plus - en chaîne,,,,,,,,,,,1,2,3,1,4
200800019334,0008-04-11 10:15:00,8,4,11,10,15,220,50,MARCHIX (RUE),,,Plein jour,En agglomération,Hors intersection,Temps éblouissant,Autre collision,,,,,,,,,,,1,2,1,7,6
200800019335,0008-04-24 18:45:00,8,4,24,18,45,220,50,"2, BREST (RUE)",,,Plein jour,En agglomération,Hors intersection,Normale,Deux véhicules - côté,,,,,,,,,,,1,2,1,1,3
200800019336,0008-04-03 19:25:00,8,4,3,19,25,220,360,"20, REPUBLIQUE (RUE DE L",,,Nuit avec éclairage allumé,En agglomération,Hors intersection,Normale,Deux véhicules - arrière,,,,,,,,,,,5,2,1,1,2
200800019337,0008-04-03 19:55:00,8,4,3,19,55,220,278,"44, RAHUEL (DOCTEUR)",,,Nuit avec éclairage allumé,En agglomération,Intersection en T,Normale,Deux véhicules - côté,,,,,,,,,,,5,2,3,1,3
200800019338,0008-04-04 02:00:00,8,4,4,2,0,220,278,"0, SEVIGNE (BD)",,,Nuit avec éclairage allumé,En agglomération,Hors intersection,Normale,Sans collision,,,,,,,,,,,5,2,1,1,7
200800019339,0008-04-06 12:05:00,8,4,6,12,5,220,360,"0, Rond Point Brézillet",,,Plein jour,En agglomération,Hors intersection,Normale,Deux véhicules - arrière,,,,,,,,,,,1,2,1,1,2
200800019340,0008-04-06 16:55:00,8,4,6,16,55,220,278,"0, ATLANTIQUE (BD) N°58/",,,Plein jour,En agglomération,Hors intersection,Normale,Sans collision,,,,,,,,,,,1,2,1,1,7
200800019341,0008-04-10 18:05:00,8,4,10,18,5,220,215,"12, ROQUET (RUE DU)",,,Plein jour,En agglomération,Hors intersection,Normale,Autre collision,,,,,,,,,,,1,2,1,1,6
200800019342,0008-04-11 15:00:00,8,4,11,15,0,220,278,"0, HIRONDELLE (rue de L'",,,Plein jour,En agglomération,Hors intersection,Normale,Autre collision,,,,,,,,,,,1,2,1,1,6
200800019343,0008-04-12 05:50:00,8,4,12,5,50,220,106,"0, POMME D'OR (RUE DE LA",,,Nuit avec éclairage allumé,En agglomération,Intersection en T,Normale,Sans collision,,,,,,,,,,,5,2,3,1,7
200800019344,0008-04-11 15:35:00,8,4,11,15,35,220,106,RN12,,,Plein jour,Hors agglomération,Hors intersection,Normale,Sans collision,,,,,,,,,,,1,1,1,1,7
200800019345,0008-04-15 19:40:00,8,4,15,19,40,220,278,"0, CORNEILLE COTE IMPAIR",,,Plein jour,En agglomération,Intersection en T,Normale,Deux véhicules - côté,,,,,,,,,,,1,2,3,1,3
200800019346,0008-04-17 07:05:00,8,4,17,7,5,220,278,"0, CORNEILLE COTE PAIR",,,Plein jour,En agglomération,Intersection en X,Normale,Autre collision,,,,,,,,,,,1,2,2,1,6
200800019347,0008-04-16 18:40:00,8,4,16,18,40,220,360,"0, D 700",,,Plein jour,En agglomération,Giratoire,Normale,Deux véhicules - arrière,,,,,,,,,,,1,2,6,1,2
200800019348,0008-04-18 11:25:00,8,4,18,11,25,220,278,"0, ATLANTIQUE (BD) N°1 A",,,Plein jour,En agglomération,Hors intersection,Pluie légère,Sans collision,,,,,,,,,,,1,2,1,2,7