accident_id,datetime,annee,mois,jour,heure,minute,departement,commune_insee,adresse,latitude,longitude,luminosite,agglomeration,intersection,meteo,collision,nb_vehicules,nb_usagers,nb_indemnes,nb_tues,nb_blesses_hosp,nb_blesses_legers,age_cond_1,age_cond_2,veh_type_cond_1,veh_type_cond_2,lum_code,agg_code,int_code,atm_code,col_code
200800019349,0008-04-18 12:50:00,8,4,18,12,50,220,215,"102, ST-BARTHELEMY (RUE",,,Plein jour,En agglomération,Hors intersection,Pluie légère,Deux véhicules - côté,,,,,,,,,,,1,2,1,2,3
200800019350,0008-04-18 22:40:00,8,4,18,22,40,220,360,D 700,,,Nuit avec éclairage allumé,En agglomération,Giratoire,Normale,Sans collision,,,,,,,,,,,5,2,6,1,7
200800019351,0008-04-19 17:40:00,8,4,19,17,40,220,278,"0, SURCOUF (Q.)",,,Plein jour,Hors agglomération,Hors intersection,Normale,Deux véhicules - côté,,,,,,,,,,,1,1,1,1,3
200800019352,0008-04-23 17:55:00,8,4,23,17,55,220,278,"0, JOLIOT CURIE (FREDERI",,,Plein jour,En agglomération,Intersection en Y,Normale,Deux véhicules - arrière,,,,,,,,,,,1,2,4,1,2
200800019353,0008-04-26 13:00:00,8,4,26,13,0,220,360,"0, ATLANTIQUE (RUE DE L'",,,Plein jour,En agglomération,Hors intersection,Normale,Deux véhicules - arrière,,,,,,,,,,,1,2,1,1,2
200800019354,0008-04-28 16:30:00,8,4,28,16,30,220,215,"5, PROVENCE (RUE DE)",,,Plein jour,En agglomération,Hors intersection,Pluie légère,Deux véhicules - arrière,,,,,,,,,,,1,2,1,2,2
200800019355,0008-04-29 18:05:00,8,4,29,18,5,220,278,"0, LAENNEC (BD)",,,Plein jour,En agglomération,Hors intersection,Pluie légère,Sans collision,,,,,,,,,,,1,2,1,2,7
200800019356,0008-04-06 17:30:00,8,4,6,17,30,230,96,CHER DU PRAT (ROUTE DU),,,Plein jour,En agglomération,Hors intersection,Normale,Autre collision,,,,,,,,,,,1,2,1,1,6
200800019357,0008-04-24 12:40:00,8,4,24,12,40,240,37,RN 21,,,Plein jour,En agglomération,Intersection en T,Normale,Deux véhicules - arrière,,,,,,,,,,,1,2,3,1,2
200800019358,0008-04-20 15:50:00,8,4,20,15,50,240,322,LANXADE (ROND POINT PIER,,,Plein jour,En agglomération,Giratoire,Pluie légère,Deux véhicules - côté,,,,,,,,,,,1,2,6,2,3
200800019359,0008-04-21 18:55:00,8,4,21,18,55,240,322,"259, ANGOULEME (ROUTE D'",,,Plein jour,En agglomération,Intersection en T,Normale,Autre collision,,,,,,,,,,,1,2,3,1,6
200800019360,0008-04-22 22:25:00,8,4,22,22,25,240,322,"135TER, BERNARD (RUE CLA",,,Nuit avec éclairage allumé,En agglomération,Hors intersection,Normale,Deux véhicules - côté,,,,,,,,,,,5,2,1,1,3
200800019361,0008-04-01 08:34:00,8,4,1,8,34,250,56,"sans, FLUTTES AGASSES RU",,,Plein jour,En agglomération,Hors intersection,Normale,Autre collision,,,,,,,,,,,1,2,1,1,6
200800019362,0008-04-01 20:05:00,8,4,1,20,5,250,56,"sans, ILE DE FRANCE AVEN",,,Plein jour,En agglomération,Hors intersection,Normale,Deux véhicules - arrière,,,,,,,,,,,1,2,1,1,2
200800019363,0008-04-04 13:15:00,8,4,4,13,15,250,56,KENNEDY  BOULEVARD J.F.,,,Plein jour,En agglomération,Hors intersection,Normale,Deux véhicules - côté,,,,,,,,,,,1,2,1,1,3
200800019364,0008-04-08 19:10:00,8,4,8,19,10,250,56,"SANS, RN 1057 (BD CHURCH",,,Plein jour,En agglomération,Hors intersection,Normale,Sans collision,,,,,,,,,,,1,2,1,1,7
200800019365,0008-04-09 16:49:00,8,4,9,16,49,250,56,"42, LAGRANGE  AVENUE LEO",,,Plein jour,En agglomération,Hors intersection,Pluie forte,Deux véhicules - frontale,,,,,,,,,,,1,2,1,3,1
200800019366,0008-04-09 21:03:00,8,4,9,21,3,250,56,"110, CRAS RUE DES",,,Nuit avec éclairage allumé,En agglomération,Hors intersection,Normale,Autre collision,,,,,,,,,,,5,2,1,1,6
200800019367,0008-04-11 15:54:00,8,4,11,15,54,250,56,"sans, DOLE RUE DE >185 &",,,Plein jour,En agglomération,Hors intersection,Pluie forte,Deux véhicules - arrière,,,,,,,,,,,1,2,1,3,2
200800019368,0008-04-15 08:57:00,8,4,15,8,57,250,56,"50, VESOUL RUE DE < 52",,,Plein jour,En agglomération,Hors intersection,Normale,Autre collision,,,,,,,,,,,1,2,1,1,6
200800019369,0008-04-18 17:54:00,8,4,18,17,54,250,56,"8 bis, MONTS DE BREGILLE",,,Plein jour,En agglomération,Hors intersection,Pluie légère,Deux véhicules - côté,,,,,,,,,,,1,2,1,2,3
200800019370,0008-04-19 03:16:00,8,4,19,3,16,250,56,DROZ   AVENUE EDOUARD,,,Nuit avec éclairage allumé,En agglomération,Hors intersection,Pluie légère,Autre collision,,,,,,,,,,,5,2,1,2,6
200800019371,0008-04-20 05:45:00,8,4,20,5,45,250,56,"06, TARRAGNOZ FAUBOURG",,,Nuit avec éclairage allumé,En agglomération,Hors intersection,Normale,Autre collision,,,,,,,,,,,5,2,1,1,6
200800019372,0008-04-23 13:23:00,8,4,23,13,23,250,56,"sans, BRULARD  RUE GENER",,,Plein jour,En agglomération,Hors intersection,Normale,Trois véhicules et plus - en chaîne,,,,,,,,,,,1,2,1,1,4
200800019373,0008-04-23 18:24:00,8,4,23,18,24,250,56,"sans, HUIT MAI 1945 AVEN",,,Plein jour,Hors agglomération,Hors intersection,Normale,Autre collision,,,,,,,,,,,1,1,1,1,6
200800019374,0008-04-25 21:15:00,8,4,25,21,15,250,56,CHURCHILL BD WINSTON >12,,,Nuit avec éclairage allumé,En agglomération,Hors intersection,Normale,Deux véhicules - arrière,,,,,,,,,,,5,2,1,1,2
200800019375,0008-04-28 18:20:00,8,4,28,18,20,250,56,"1, SEPTIEME ARMEE AM. AV",,,Plein jour,En agglomération,Hors intersection,Pluie forte,Deux véhicules - arrière,,,,,,,,,,,1,2,1,3,2
200800019376,0008-04-29 13:36:00,8,4,29,13,36,250,56,"03, FRANCHE COMTE RUE DE",,,Plein jour,En agglomération,Hors intersection,Normale,Autre collision,,,,,,,,,,,1,2,1,1,6
200800019377,0008-04-30 22:20:00,8,4,30,22,20,250,56,"3, PASCAL RUE BLAISE",,,Nuit avec éclairage allumé,En agglomération,Hors intersection,Normale,Autre collision,,,,,,,,,,,5,2,1,1,6
200800019378,0008-04-19 14:35:00,8,4,19,14,35,250,20,STADE (RUE DU),,,Plein jour,En agglomération,Hors intersection,Normale,Sans collision,,,,,,,,,,,1,2,1,1,7
200800019379,0008-04-08 17:30:00,8,4,8,17,30,260,57,ROYANS (ALLEE),,,Plein jour,En agglomération,Intersection en X,Pluie légère,Deux véhicules - côté,,,,,,,,,,,1,2,2,2,3
200800019380,0008-04-25 14:20:00,8,4,25,14,20,260,281,"neant, CHOPIN (QUAI)",,,Plein jour,En agglomération,Intersection en T,Normale,Deux véhicules - côté,,,,,,,,,,,1,2,3,1,3
200800019381,0008-04-04 11:05:00,8,4,4,11,5,260,58,L.A.C.R.A RN7 (BLV),,,Plein jour,Hors agglomération,Hors intersection,Normale,Deux véhicules - côté,,,,,,,,,,,1,1,1,1,3
200800019382,0008-04-12 16:55:00,8,4,12,16,55,260,362,ROMANS ROUTE DE,,,Plein jour,En agglomération,Hors intersection,Normale,Trois véhicules et plus - en chaîne,,,,,,,,,,,1,2,1,1,4
200800019383,0008-04-09 17:05:00,8,4,9,17,5,260,252,"SANS N, RN7 DEVIATION DE",,,Plein jour,Hors agglomération,Hors intersection,Temps couvert,Trois véhicules et plus - collisions multiples,,,,,,,,,,,1,1,1,8,5
200800019384,0008-04-13 04:35:00,8,4,13,4,35,260,58,L.A.C.R.A RN7 (BLV),,,Nuit sans éclairage public,Hors agglomération,Hors intersection,Normale,Autre collision,,,,,,,,,,,3,1,1,1,6
200800019385,0008-04-18 07:30:00,8,4,18,7,30,260,58,"157, LYON AVENUE DE",,,Plein jour,En agglomération,Hors intersection,Normale,Deux véhicules - côté,,,,,,,,,,,1,2,1,1,3
200800019386,0008-04-21 09:00:00,8,4,21,9,0,260,362,"SANS N, SANTY AVENUE DOC",,,Plein jour,En agglomération,Hors intersection,Pluie légère,Autre collision,,,,,,,,,,,1,2,1,2,6
200800019387,0008-04-21 14:50:00,8,4,21,14,50,260,362,"sans n, ROMANS AVENUE DE",,,Plein jour,En agglomération,Intersection en X,Temps couvert,Deux véhicules - côté,,,,,,,,,,,1,2,2,8,3
200800019388,0008-04-23 18:30:00,8,4,23,18,30,260,362,"sans n, CHABEUIL AVENUE",,,Plein jour,En agglomération,Intersection en X,Normale,Deux véhicules - côté,,,,,,,,,,,1,2,2,1,3
200800019389,0008-04-28 14:47:00,8,4,28,14,47,260,362,ROMANS ROUTE DE,,,Plein jour,En agglomération,Hors intersection,Normale,Deux véhicules - arrière,,,,,,,,,,,1,2,1,1,2
200800019390,0008-04-23 08:15:00,8,4,23,8,15,260,58,"SANS N, JAURES AVENUE JE",,,Plein jour,En agglomération,Intersection en T,Normale,Deux véhicules - côté,,,,,,,,,,,1,2,3,1,3
200800019391,0008-04-30 11:20:00,8,4,30,11,20,260,362,"153, HUGO AVENUE VICTOR",,,Plein jour,En agglomération,Hors intersection,Normale,Autre collision,,,,,,,,,,,1,2,1,1,6
200800019392,0008-04-01 16:00:00,8,4,1,16,0,270,229,"1, BERNARD (RUE GEORGES)",,,Plein jour,En agglomération,Hors intersection,Normale,Autre collision,,,,,,,,,,,1,2,1,1,6
200800019393,0008-04-05 21:05:00,8,4,5,21,5,270,229,"37, GAMBETTA (BOULEVARD)",,,Nuit avec éclairage allumé,En agglomération,Hors intersection,Normale,Deux véhicules - côté,,,,,,,,,,,5,2,1,1,3
200800019394,0008-04-13 19:55:00,8,4,13,19,55,270,229,"7, BUZOT (RUE)",,,Plein jour,En agglomération,Intersection en X,Normale,Deux véhicules - côté,,,,,,,,,,,1,2,2,1,3
200800019395,0008-04-24 17:50:00,8,4,24,17,50,270,229,"18, MOULIN (RUE JEAN)",,,Plein jour,En agglomération,Hors intersection,Normale,Autre collision,,,,,,,,,,,1,2,1,1,6
200800019396,0008-04-28 19:45:00,8,4,28,19,45,270,229,"57, MOULIN (RUE JEAN)",,,Plein jour,En agglomération,Intersection en X,Normale,Deux véhicules - côté,,,,,,,,,,,1,2,2,1,3
200800019397,0008-04-06 20:50:00,8,4,6,20,50,270,701,"0, FUTUR ( VOIE )",,,Nuit sans éclairage public,En agglomération,Hors intersection,Temps couvert,Sans collision,,,,,,,,,,,3,2,1,8,7
200800019398,0008-04-08 20:50:00,8,4,8,20,50,270,351,"0, FRINGALE (RUE DE LA)",,,Crépuscule ou aube,En agglomération,Intersection en X,Normale,Deux véhicules - côté,,,,,,,,,,,2,2,2,1,3
200800019399,0008-04-20 21:25:00,8,4,20,21,25,270,375,"0, PARIS (CHAUSSEE DE)",,,Nuit sans éclairage public,Hors agglomération,Hors intersection,Normale,Deux véhicules - arrière,,,,,,,,,,,3,1,1,1,2
200800019400,0008-04-24 13:00:00,8,4,24,13,0,270,701,"0, RITTERHUDE (CHAUSSEE",,,Plein jour,En agglomération,Hors intersection,Normale,Deux véhicules - côté,,,,,,,,,,,1,2,1,1,3
200800019401,0008-04-26 08:32:00,8,4,26,8,32,270,701,PARC (CH. DU) RTE DE SEI,,,Plein jour,En agglomération,Intersection en X,Normale,Deux véhicules - côté,,,,,,,,,,,1,2,2,1,3
200800019402,0008-04-01 22:35:00,8,4,1,22,35,270,681,GISORS (ROUTE DE),,,Nuit avec éclairage allumé,En agglomération,Hors intersection,Normale,Sans collision,,,,,,,,,,,5,2,1,1,7
200800019403,0008-04-09 15:00:00,8,4,9,15,0,270,681,AZEMIA (BOULEVARD GEORGE,,,Plein jour,En agglomération,Hors intersection,Normale,Autre collision,,,,,,,,,,,1,2,1,1,6
200800019404,0008-04-14 22:30:00,8,4,14,22,30,270,554,ROUEN (AVENUE DE),,,Nuit avec éclairage allumé,En agglomération,Hors intersection,Normale,Deux véhicules - arrière,,,,,,,,,,,5,2,1,1,2
200800019405,0008-04-24 14:10:00,8,4,24,14,10,270,681,LECLERC (BOULEVARD DU MA,,,Plein jour,En agglomération,Intersection en X,Normale,Autre collision,,,,,,,,,,,1,2,2,1,6
200800019406,0008-04-25 16:15:00,8,4,25,16,15,270,681,LECLERC (BOULEVARD DU MA,,,Plein jour,En agglomération,Hors intersection,Normale,Deux véhicules - arrière,,,,,,,,,,,1,2,1,1,2
200800019407,0008-04-18 20:15:00,8,4,18,20,15,270,681,LECLERC (BOULEVARD DU MA,,,Plein jour,En agglomération,Autre intersection,Normale,Autre collision,,,,,,,,,,,1,2,9,1,6
200800019408,0008-04-21 12:20:00,8,4,21,12,20,270,562,REANVILLE (CHEMIN DE),,,Plein jour,En agglomération,Hors intersection,Pluie légère,Autre collision,,,,,,,,,,,1,2,1,2,6
200800019409,0008-04-27 12:30:00,8,4,27,12,30,270,681,SAINT LOUIS (RUE),,,Plein jour,En agglomération,Hors intersection,Normale,Autre collision,,,,,,,,,,,1,2,1,1,6
200800019410,0008-04-10 14:40:00,8,4,10,14,40,270,681,REPUBLIQUE (PLACE DE LA),,,Plein jour,En agglomération,Place,Normale,Autre collision,,,,,,,,,,,1,2,7,1,6
200800019411,0008-04-19 21:05:00,8,4,19,21,5,270,562,INDUSTRIE (RUE DE L'),,,Nuit avec éclairage allumé,En agglomération,Hors intersection,Normale,Autre collision,,,,,,,,,,,5,2,1,1,6
200800019412,0008-04-02 15:10:00,8,4,2,15,10,280,85,"SANS, FAUBOURG LA GRAPPE",,,Plein jour,En agglomération,Hors intersection,Temps couvert,Autre collision,,,,,,,,,,,1,2,1,8,6
200800019413,0008-04-03 12:50:00,8,4,3,12,50,280,229,"SANS, ANJOU (RUE D')",,,Plein jour,En agglomération,Hors intersection,Normale,Autre collision,,,,,,,,,,,1,2,1,1,6
200800019414,0008-04-03 17:32:00,8,4,3,17,32,280,229,"sans, RD 905",,,Plein jour,Hors agglomération,Hors intersection,Normale,Deux véhicules - frontale,,,,,,,,,,,1,1,1,1,1
200800019415,0008-04-11 17:50:00,8,4,11,17,50,280,110,"sans, DU GORD",,,Plein jour,En agglomération,Giratoire,Normale,Autre collision,,,,,,,,,,,1,2,6,1,6
200800019416,0008-04-13 16:15:00,8,4,13,16,15,280,229,"SANS, QUATORZE JUILLET (",,,Plein jour,En agglomération,Hors intersection,Normale,Deux véhicules - arrière,,,,,,,,,,,1,2,1,1,2
200800019417,0008-04-25 16:25:00,8,4,25,16,25,280,85,"SANS, FAUBOURG GUILLAUME",,,Plein jour,En agglomération,Hors intersection,Normale,Autre collision,,,,,,,,,,,1,2,1,1,6
200800019418,0008-04-26 17:30:00,8,4,26,17,30,280,85,"SANS, SAINT SIMON (RUE)",,,Plein jour,En agglomération,Hors intersection,Normale,Autre collision,,,,,,,,,,,1,2,1,1,6
200800019419,0008-04-26 18:00:00,8,4,26,18,0,280,229,"SANS, RENOIR (RUE AUGUST",,,Plein jour,En agglomération,Intersection en T,Normale,Deux véhicules - côté,,,,,,,,,,,1,2,3,1,3
200800019420,0008-04-22 13:50:00,8,4,22,13,50,280,85,"82, MAUNOURY (RUE DU DOC",,,Plein jour,En agglomération,Hors intersection,Normale,Autre collision,,,,,,,,,,,1,2,1,1,6
200800019421,0008-04-01 06:45:00,8,4,1,6,45,280,134,RN 12 (LA RABETTE),,,Nuit sans éclairage public,Hors agglomération,Intersection en Y,Normale,Deux véhicules - côté,,,,,,,,,,,3,1,4,1,3
200800019422,0008-04-01 19:50:00,8,4,1,19,50,280,404,FELSBERG (AVENUE DE),,,Plein jour,En agglomération,Giratoire,Normale,Deux véhicules - côté,,,,,,,,,,,1,2,6,1,3
200800019423,0008-04-11 19:00:00,8,4,11,19,0,280,404,RD 928 (ROUTE DE CHATEAU,,,Plein jour,En agglomération,Hors intersection,Normale,Sans collision,,,,,,,,,,,1,2,1,1,7
200800019424,0008-04-03 08:40:00,8,4,3,8,40,290,19,"14, GILOUX YVES (DE 13 A",,,Plein jour,En agglomération,Hors intersection,Normale,Autre collision,,,,,,,,,,,1,2,1,1,6
200800019425,0008-04-03 14:45:00,8,4,3,14,45,290,19,"59, JAURES JEAN (DE 44 A",,,Plein jour,En agglomération,Hors intersection,Normale,Autre collision,,,,,,,,,,,1,2,1,1,6
200800019426,0008-04-06 10:05:00,8,4,6,10,5,290,19,"., LE GORGEU (N°29 (TOTA",,,Plein jour,En agglomération,Intersection en X,Temps couvert,Deux véhicules - côté,,,,,,,,,,,1,2,2,8,3
200800019427,0008-04-06 17:45:00,8,4,6,17,45,290,19,"., JAURES JEAN (DE 1 A 4",,,Plein jour,Hors agglomération,Hors intersection,Normale,Autre collision,,,,,,,,,,,1,1,1,1,6
200800019428,0008-04-08 10:10:00,8,4,8,10,10,290,19,"55, CORNICHE (DE 4 A 10",,,Plein jour,En agglomération,Hors intersection,Normale,Autre collision,,,,,,,,,,,1,2,1,1,6
200800019429,0008-04-08 12:20:00,8,4,8,12,20,290,19,"., QUIMPER (DE 1 A 103 E",,,Plein jour,En agglomération,Intersection en X,Normale,Deux véhicules - côté,,,,,,,,,,,1,2,2,1,3
200800019430,0008-04-09 07:30:00,8,4,9,7,30,290,19,"., MONTAIGNE (DE 39 A 11",,,Plein jour,En agglomération,Intersection en X,Normale,Autre collision,,,,,,,,,,,1,2,2,1,6
200800019431,0008-04-09 18:00:00,8,4,9,18,0,290,19,", GOUESNOU (DE 221 ET 21",,,Plein jour,En agglomération,Hors intersection,Normale,Autre collision,,,,,,,,,,,1,2,1,1,6
200800019432,0008-04-07 06:30:00,8,4,7,6,30,290,19,"., CHATEAU (DE 1 A 35 ET",,,Crépuscule ou aube,En agglomération,Giratoire,Normale,Autre collision,,,,,,,,,,,2,2,6,1,6
200800019433,0008-04-10 07:50:00,8,4,10,7,50,290,19,"., DOURJACQ",,,Plein jour,En agglomération,Intersection en X,Normale,Deux véhicules - arrière,,,,,,,,,,,1,2,2,1,2
200800019434,0008-04-11 08:00:00,8,4,11,8,0,290,19,"., SAINT MARC (DE 64 A 1",,,Plein jour,En agglomération,Intersection en T,Normale,Deux véhicules - frontale,,,,,,,,,,,1,2,3,1,1
200800019435,0008-04-11 09:25:00,8,4,11,9,25,290,19,"., ROND POINT DE CONSTAN",,,Plein jour,En agglomération,Hors intersection,Pluie légère,Autre collision,,,,,,,,,,,1,2,1,2,6
200800019436,0008-04-11 10:25:00,8,4,11,10,25,290,19,"., MOZART",,,Plein jour,En agglomération,Hors intersection,Normale,Deux véhicules - arrière,,,,,,,,,,,1,2,1,1,2
200800019437,0008-04-16 07:25:00,8,4,16,7,25,290,19,"., PORTE (DE 1 A 75 ET 2",,,Plein jour,En agglomération,Intersection en X,Normale,Deux véhicules - côté,,,,,,,,,,,1,2,2,1,3
200800019438,0008-04-16 13:30:00,8,4,16,13,30,290,19,"., ZOLA EMILE (1 A 31 ET",,,Plein jour,En agglomération,Intersection en T,Normale,Autre collision,,,,,,,,,,,1,2,3,1,6
200800019439,0008-04-16 17:05:00,8,4,16,17,5,290,19,"., RN 12 (PEN AR CH'LEUZ",,,Plein jour,En agglomération,Giratoire,Normale,Autre collision,,,,,,,,,,,1,2,6,1,6
200800019440,0008-04-17 19:45:00,8,4,17,19,45,290,19,"15, DUPUY DE LOME (DE 1",,,Plein jour,Hors agglomération,Hors intersection,Normale,Autre collision,,,,,,,,,,,1,1,1,1,6
200800019441,0008-04-18 00:05:00,8,4,18,0,5,290,19,ROND POINT DE KERVALGUEN,,,Nuit sans éclairage public,En agglomération,Autre intersection,Pluie légère,Sans collision,,,,,,,,,,,3,2,9,2,7
200800019442,0008-04-21 14:40:00,8,4,21,14,40,290,19,"., FOCH MARECHAL",,,Plein jour,En agglomération,Hors intersection,Normale,Autre collision,,,,,,,,,,,1,2,1,1,6
200800019443,0008-04-21 17:05:00,8,4,21,17,5,290,19,"., RN 12 (PEN AR CH'LEUZ",,,Plein jour,En agglomération,Hors intersection,Pluie légère,Autre collision,,,,,,,,,,,1,2,1,2,6
200800019444,0008-04-23 13:30:00,8,4,23,13,30,290,19,"., BOURGELAT CLAUDE",,,Plein jour,En agglomération,Intersection en X,Normale,Deux véhicules - côté,,,,,,,,,,,1,2,2,1,3
200800019445,0008-04-23 14:00:00,8,4,23,14,0,290,19,"., GOUESNOU (DE 1 A 29 E",,,Plein jour,En agglomération,Intersection en X,Normale,Deux véhicules - côté,,,,,,,,,,,1,2,2,1,3
200800019446,0008-04-24 19:10:00,8,4,24,19,10,290,19,"., PRIGENT TANGUY (DE ME",,,Plein jour,En agglomération,Intersection en X,Normale,Deux véhicules - côté,,,,,,,,,,,1,2,2,1,3
200800019447,0008-04-29 13:45:00,8,4,29,13,45,290,19,"37, QUIMPER (DE 1 A 103",,,Plein jour,En agglomération,Hors intersection,Pluie légère,Autre collision,,,,,,,,,,,1,2,1,2,6
200800019448,0008-04-20 17:20:00,8,4,20,17,20,290,39,"52, SABLES BLANCS (RUE D",,,Plein jour,En agglomération,Hors intersection,Normale,Deux véhicules - arrière,,,,,,,,,,,1,2,1,1,2
200800019449,0008-04-28 12:15:00,8,4,28,12,15,290,151,LEON (QUAI DE),,,Plein jour,En agglomération,Giratoire,Pluie légère,Deux véhicules - côté,,,,,,,,,,,1,2,6,2,3
200800019450,0008-04-21 15:20:00,8,4,21,15,20,290,232,"., THEPOT YVES AVENUE",,,Plein jour,En agglomération,Intersection à plus de 4 branches,Normale,Deux véhicules - côté,,,,,,,,,,,1,2,5,1,3
200800019451,0008-04-25 16:05:00,8,4,25,16,5,290,232,LEBON PHILIPPE  ROND POI,,,Plein jour,En agglomération,Giratoire,Normale,Autre collision,,,,,,,,,,,1,2,6,1,6
200800019452,0008-04-02 21:00:00,8,4,2,21,0,300,189,DAYAN GEORGES (AVENUE),43.82031,4.34016,Nuit avec éclairage non allumé,En agglomération,Intersection en T,Normale,Deux véhicules - frontale,,,,,,,,,,,4,2,3,1,1
200800019453,0008-04-03 18:20:00,8,4,3,18,20,300,189,"0000, SAUVE (ROUTE)",43.84084,4.31802,Plein jour,En agglomération,Hors intersection,Normale,Deux véhicules - côté,,,,,,,,,,,1,2,1,1,3
200800019454,0008-04-02 18:07:00,8,4,2,18,7,300,189,"., SAINT GILLES (ROUTE)",43.82685,4.36111,Plein jour,Hors agglomération,Intersection en T,Normale,Deux véhicules - côté,,,,,,,,,,,1,1,3,1,3
200800019455,0008-04-04 18:50:00,8,4,4,18,50,300,189,LIBERTE (AVENUE),43.82021,4.35817,Plein jour,En agglomération,Giratoire,Normale,Deux véhicules - arrière,,,,,,,,,,,1,2,6,1,2
200800019456,0008-04-11 05:30:00,8,4,11,5,30,300,189,"1505, GENERAC (ROUTE)",,,Nuit sans éclairage public,En agglomération,Hors intersection,Pluie légère,Sans collision,,,,,,,,,,,3,2,1,2,7
200800019457,0008-04-11 14:50:00,8,4,11,14,50,300,189,BOUVINE (AVENUE),,,Plein jour,En agglomération,Intersection en X,Pluie légère,Sans collision,,,,,,,,,,,1,2,2,2,7
200800019458,0008-04-11 16:05:00,8,4,11,16,5,300,189,"148, AVIGNON (ROUTE)",43.84208,4.37842,Plein jour,En agglomération,Hors intersection,Pluie légère,Deux véhicules - arrière,,,,,,,,,,,1,2,1,2,2
200800019459,0008-04-13 15:50:00,8,4,13,15,50,300,189,"0000, UZES (ROUTE D')",,,Plein jour,En agglomération,Hors intersection,Normale,Sans collision,,,,,,,,,,,1,2,1,1,7
200800019460,0008-04-15 09:48:00,8,4,15,9,48,300,189,"., ALES (ROUTE)",43.90209,4.28387,Plein jour,Hors agglomération,Intersection en X,Normale,Deux véhicules - côté,,,,,,,,,,,1,1,2,1,3
200800019461,0008-04-15 17:56:00,8,4,15,17,56,300,189,"., CENTENAIRE DU ROTARY",43.80301,4.38146,Plein jour,En agglomération,Hors intersection,Normale,Deux véhicules - arrière,,,,,,,,,,,1,2,1,1,2
200800019462,0008-04-17 10:44:00,8,4,17,10,44,300,189,TRIAIRE SERGENT (BOULEVA,43.82944,4.3617,Plein jour,En agglomération,Intersection en X,Normale,Deux véhicules - côté,,,,,,,,,,,1,2,2,1,3
200800019463,0008-04-17 16:22:00,8,4,17,16,22,300,189,"25, BONFA (RUE)",43.84653,4.36229,Plein jour,En agglomération,Hors intersection,Pluie légère,Autre collision,,,,,,,,,,,1,2,1,2,6
200800019464,0008-04-18 16:50:00,8,4,18,16,50,300,189,"., TALABOT (BOULEVARD)",43.83546,4.36949,Plein jour,En agglomération,Intersection en X,Pluie forte,Deux véhicules - côté,,,,,,,,,,,1,2,2,3,3
200800019465,0008-04-18 18:45:00,8,4,18,18,45,300,189,"., BOUILLARGUES (RUE OU",43.83335,4.42557,Plein jour,En agglomération,Hors intersection,Pluie légère,Sans collision,,,,,,,,,,,1,2,1,2,7
200800019466,0008-04-18 23:20:00,8,4,18,23,20,300,189,BEAUCAIRE (ROUTE),43.83803,4.37678,Nuit avec éclairage allumé,En agglomération,Intersection en X,Pluie légère,Deux véhicules - côté,,,,,,,,,,,5,2,2,2,3
200800019467,0008-04-19 00:50:00,8,4,19,0,50,300,189,"., MAS BARON (CHEMIN)",43.84395,4.30138,Nuit avec éclairage allumé,En agglomération,Hors intersection,Pluie légère,Sans collision,,,,,,,,,,,5,2,1,2,7
200800019468,0008-04-19 16:10:00,8,4,19,16,10,300,189,JAURES JEAN (BOULEVARD),,,Plein jour,En agglomération,Intersection en X,Normale,Autre collision,,,,,,,,,,,1,2,2,1,6
200800019469,0008-04-19 20:38:00,8,4,19,20,38,300,189,"., GENERAC (ROUTE)",43.79259,4.34785,Crépuscule ou aube,En agglomération,Intersection en Y,Normale,Sans collision,,,,,,,,,,,2,2,4,1,7
200800019470,0008-04-22 12:10:00,8,4,22,12,10,300,189,"203, SAUVE (ROUTE)",,,Plein jour,En agglomération,Hors intersection,Normale,Trois véhicules et plus - collisions multiples,,,,,,,,,,,1,2,1,1,5
200800019471,0008-04-22 12:31:00,8,4,22,12,31,300,189,"., VARANDA (IMPASSE)",43.83957,4.37141,Plein jour,En agglomération,Intersection en X,Normale,Deux véhicules - côté,,,,,,,,,,,1,2,2,1,3
200800019472,0008-04-23 13:10:00,8,4,23,13,10,300,189,"17, BEAUCAIRE (RUE)",,,Plein jour,En agglomération,Hors intersection,Normale,Sans collision,,,,,,,,,,,1,2,1,1,7
200800019473,0008-04-24 07:41:00,8,4,24,7,41,300,189,CURIE PIERRE (RUE),43.83513,4.3777,Plein jour,En agglomération,Intersection en X,Normale,Deux véhicules - côté,,,,,,,,,,,1,2,2,1,3
200800019474,0008-04-24 17:43:00,8,4,24,17,43,300,189,"., TRIAIRE SERGENT (BOUL",,,Plein jour,En agglomération,Hors intersection,Normale,Deux véhicules - arrière,,,,,,,,,,,1,2,1,1,2
200800019475,0008-04-26 02:30:00,8,4,26,2,30,300,189,SCHUMAN ROBERT (RUE OU I,43.84027,4.38672,Nuit sans éclairage public,En agglomération,Intersection en X,Normale,Sans collision,,,,,,,,,,,3,2,2,1,7
200800019476,0008-04-28 10:00:00,8,4,28,10,0,300,189,"000, POMPIDOU GEORGES (A",,,Plein jour,En agglomération,Hors intersection,Normale,Autre collision,,,,,,,,,,,1,2,1,1,6
200800019477,0008-04-28 18:59:00,8,4,28,18,59,300,189,RENAN ERNEST (RUE),,,Plein jour,En agglomération,Intersection en X,Pluie légère,Autre collision,,,,,,,,,,,1,2,2,2,6
200800019478,0008-04-28 23:26:00,8,4,28,23,26,300,189,"., FRANCAIS LIBRES (BD)",43.83772,4.32037,Nuit avec éclairage allumé,Hors agglomération,Hors intersection,Pluie légère,Sans collision,,,,,,,,,,,5,1,1,2,7
200800019479,0008-04-29 08:02:00,8,4,29,8,2,300,189,"38, TRIAIRE SERGENT (BOU",43.82901,4.36083,Plein jour,En agglomération,Hors intersection,Normale,Deux véhicules - côté,,,,,,,,,,,1,2,1,1,3
200800019480,0008-04-29 16:00:00,8,4,29,16,0,300,189,"., GENERAC (RUE)",,,Plein jour,En agglomération,Hors intersection,Normale,Trois véhicules et plus - en chaîne,,,,,,,,,,,1,2,1,1,4