accident_id,datetime,annee,mois,jour,heure,minute,departement,commune_insee,adresse,latitude,longitude,luminosite,agglomeration,intersection,meteo,collision,nb_vehicules,nb_usagers,nb_indemnes,nb_tues,nb_blesses_hosp,nb_blesses_legers,age_cond_1,age_cond_2,veh_type_cond_1,veh_type_cond_2,lum_code,agg_code,int_code,atm_code,col_code
200800019481,0008-04-30 17:00:00,8,4,30,17,0,300,189,GENERAC (ROUTE),43.8184,4.35258,Plein jour,En agglomération,Hors intersection,Normale,Trois véhicules et plus - en chaîne,,,,,,,,,,,1,2,1,1,4
200800019482,0008-04-08 08:30:00,8,4,8,8,30,310,69,GRENADE (ROUTE DE),,,Plein jour,En agglomération,Autre intersection,Pluie légère,Deux véhicules - côté,,,,,,,,,,,1,2,9,2,3
200800019483,0008-04-18 12:10:00,8,4,18,12,10,310,69,"154-156, GRENADE (ROUTE",,,Plein jour,En agglomération,Intersection en X,Normale,Deux véhicules - côté,,,,,,,,,,,1,2,2,1,3
200800019484,0008-04-04 09:15:00,8,4,4,9,15,310,149,3 COLOMIERS EST (A624),,,Plein jour,Hors agglomération,Hors intersection,Normale,Trois véhicules et plus - en chaîne,,,,,,,,,,,1,1,1,1,4
200800019485,0008-04-10 15:10:00,8,4,10,15,10,310,483,"131, FRANCOIS MITTERAND",,,Plein jour,En agglomération,Hors intersection,Pluie forte,Trois véhicules et plus - en chaîne,,,,,,,,,,,1,2,1,3,4
200800019486,0008-04-01 04:40:00,8,4,1,4,40,310,555,"999, RTE DE BLAGNAC",,,Nuit avec éclairage allumé,En agglomération,Hors intersection,Normale,Deux véhicules - frontale,,,,,,,,,,,5,2,1,1,1
200800019487,0008-04-01 12:25:00,8,4,1,12,25,310,555,"23, BD DES MINIMES",,,Plein jour,En agglomération,Hors intersection,Normale,Deux véhicules - arrière,,,,,,,,,,,1,2,1,1,2
200800019488,0008-04-01 19:30:00,8,4,1,19,30,310,555,"17, RUE DU MONT DORE",,,Plein jour,En agglomération,Hors intersection,Normale,Autre collision,,,,,,,,,,,1,2,1,1,6
200800019489,0008-04-01 08:50:00,8,4,1,8,50,310,555,"15, BD DE L EMBOUCHURE",,,Plein jour,En agglomération,Hors intersection,Normale,Trois véhicules et plus - en chaîne,,,,,,,,,,,1,2,1,1,4
200800019490,0008-04-02 13:40:00,8,4,2,13,40,310,555,"999, ALL DE BELLEFONTAIN",,,Plein jour,En agglomération,Hors intersection,Normale,Deux véhicules - côté,,,,,,,,,,,1,2,1,1,3
200800019491,0008-04-02 17:35:00,8,4,2,17,35,310,555,"999, RUE DU FAUBOURG BON",,,Plein jour,En agglomération,Intersection en T,Normale,Deux véhicules - côté,,,,,,,,,,,1,2,3,1,3
200800019492,0008-04-02 13:55:00,8,4,2,13,55,310,555,"52, RUE JEAN BAPTISTE NO",,,Plein jour,En agglomération,Hors intersection,Normale,Deux véhicules - frontale,,,,,,,,,,,1,2,1,1,1
200800019493,0008-04-02 18:00:00,8,4,2,18,0,310,555,"999, ROND POINT LEON LAJ",,,Plein jour,En agglomération,Giratoire,Normale,Deux véhicules - côté,,,,,,,,,,,1,2,6,1,3
200800019494,0008-04-03 08:30:00,8,4,3,8,30,310,555,"29, AV DE CASTRES",,,Plein jour,En agglomération,Hors intersection,Normale,Autre collision,,,,,,,,,,,1,2,1,1,6
200800019495,0008-04-03 08:50:00,8,4,3,8,50,310,555,"13, RUE CLEMENT",,,Plein jour,En agglomération,Hors intersection,Normale,Sans collision,,,,,,,,,,,1,2,1,1,7
200800019496,0008-04-03 12:20:00,8,4,3,12,20,310,555,"999, RTE DE LAUNAGUET",,,Plein jour,En agglomération,Hors intersection,Normale,Deux véhicules - frontale,,,,,,,,,,,1,2,1,1,1
200800019497,0008-04-03 14:50:00,8,4,3,14,50,310,555,"7, RUE DU TAUR",,,Plein jour,En agglomération,Hors intersection,Normale,Autre collision,,,,,,,,,,,1,2,1,1,6
200800019498,0008-04-03 17:10:00,8,4,3,17,10,310,555,VA007553 A61,,,Plein jour,Hors agglomération,Hors intersection,Normale,Deux véhicules - côté,,,,,,,,,,,1,1,1,1,3
200800019499,0008-04-04 09:10:00,8,4,4,9,10,310,555,"63, AV DE LAVAUR",,,Plein jour,En agglomération,Hors intersection,Normale,Deux véhicules - arrière,,,,,,,,,,,1,2,1,1,2
200800019500,0008-04-04 14:10:00,8,4,4,14,10,310,555,"999, AV DE LESPINET",,,Plein jour,En agglomération,Hors intersection,Normale,Autre collision,,,,,,,,,,,1,2,1,1,6
200800019501,0008-04-05 18:00:00,8,4,5,18,0,310,555,"999, RTE DE LAUNAGUET",,,Plein jour,En agglomération,Hors intersection,Normale,Deux véhicules - côté,,,,,,,,,,,1,2,1,1,3
200800019502,0008-04-05 00:10:00,8,4,5,0,10,310,555,"999, BD DE STRASBOURG",,,Nuit avec éclairage allumé,En agglomération,Hors intersection,Normale,Deux véhicules - côté,,,,,,,,,,,5,2,1,1,3
200800019503,0008-04-05 15:40:00,8,4,5,15,40,310,555,"999, ALL DE BELLEFONTAIN",,,Plein jour,En agglomération,Hors intersection,Normale,Autre collision,,,,,,,,,,,1,2,1,1,6
200800019504,0008-04-07 19:05:00,8,4,7,19,5,310,555,"999, CHE DES IZARDS",,,Plein jour,En agglomération,Hors intersection,Normale,Deux véhicules - côté,,,,,,,,,,,1,2,1,1,3
200800019505,0008-04-07 21:50:00,8,4,7,21,50,310,555,"33, RUE ADONIS",,,Nuit avec éclairage allumé,En agglomération,Hors intersection,Pluie légère,Autre collision,,,,,,,,,,,5,2,1,2,6
200800019506,0008-04-07 21:55:00,8,4,7,21,55,310,555,"43, GRANDE RUE SAINT MIC",,,Nuit avec éclairage allumé,En agglomération,Hors intersection,Normale,Deux véhicules - arrière,,,,,,,,,,,5,2,1,1,2
200800019507,0008-04-09 08:10:00,8,4,9,8,10,310,555,"999, ALL PAUL FEUGA",,,Plein jour,En agglomération,Hors intersection,Normale,Deux véhicules - arrière,,,,,,,,,,,1,2,1,1,2
200800019508,0008-04-09 07:00:00,8,4,9,7,0,310,555,"20, RTE DE REVEL",,,Crépuscule ou aube,En agglomération,Hors intersection,Normale,Deux véhicules - côté,,,,,,,,,,,2,2,1,1,3
200800019509,0008-04-10 07:45:00,8,4,10,7,45,310,555,"103, CHE DU RAMELET MOUN",,,Plein jour,En agglomération,Hors intersection,Normale,Autre collision,,,,,,,,,,,1,2,1,1,6
200800019510,0008-04-10 13:15:00,8,4,10,13,15,310,555,"999, RD PT JJ LAFFONT",,,Plein jour,En agglomération,Hors intersection,Normale,Deux véhicules - côté,,,,,,,,,,,1,2,1,1,3
200800019511,0008-04-11 03:50:00,8,4,11,3,50,310,555,"999, AV LOUIS BAZERQUE",,,Nuit avec éclairage allumé,En agglomération,Hors intersection,Pluie forte,Deux véhicules - arrière,,,,,,,,,,,5,2,1,3,2
200800019512,0008-04-11 13:00:00,8,4,11,13,0,310,555,"76, BD DE STRASBOURG",,,Plein jour,En agglomération,Hors intersection,Pluie légère,Autre collision,,,,,,,,,,,1,2,1,2,6
200800019513,0008-04-11 12:10:00,8,4,11,12,10,310,555,"999, AV DE FONDEYRE",,,Plein jour,En agglomération,Hors intersection,Normale,Autre collision,,,,,,,,,,,1,2,1,1,6
200800019514,0008-04-11 16:25:00,8,4,11,16,25,310,555,VA001490 A621,,,Plein jour,Hors agglomération,Hors intersection,Pluie forte,Trois véhicules et plus - en chaîne,,,,,,,,,,,1,1,1,3,4
200800019515,0008-04-11 18:30:00,8,4,11,18,30,310,555,VA007306 A64,,,Plein jour,Hors agglomération,Hors intersection,Pluie légère,Autre collision,,,,,,,,,,,1,1,1,2,6
200800019516,0008-04-12 01:50:00,8,4,12,1,50,310,555,"999, BD DE STRASBOURG",,,Nuit avec éclairage allumé,En agglomération,Hors intersection,Normale,Autre collision,,,,,,,,,,,5,2,1,1,6
200800019517,0008-04-12 20:00:00,8,4,12,20,0,310,555,"999, RTE DE BAYONNE",,,Crépuscule ou aube,En agglomération,Hors intersection,Normale,Autre collision,,,,,,,,,,,2,2,1,1,6
200800019518,0008-04-12 07:30:00,8,4,12,7,30,310,555,"999, RUE DE LA TOURAINE",,,Plein jour,En agglomération,Intersection en T,Normale,Deux véhicules - frontale,,,,,,,,,,,1,2,3,1,1
200800019519,0008-04-13 07:30:00,8,4,13,7,30,310,555,"23, BD DES MINIMES",,,Plein jour,En agglomération,Hors intersection,Normale,Autre collision,,,,,,,,,,,1,2,1,1,6
200800019520,0008-04-13 16:00:00,8,4,13,16,0,310,555,"381, RTE DE SEYSSES",,,Plein jour,En agglomération,Hors intersection,Normale,Autre collision,,,,,,,,,,,1,2,1,1,6
200800019521,0008-04-14 13:10:00,8,4,14,13,10,310,555,"999, BD DES MINIMES",,,Plein jour,En agglomération,Hors intersection,Normale,Autre collision,,,,,,,,,,,1,2,1,1,6
200800019522,0008-04-14 13:50:00,8,4,14,13,50,310,555,"106, AV DE LOMBEZ",,,Plein jour,En agglomération,Hors intersection,Normale,Deux véhicules - côté,,,,,,,,,,,1,2,1,1,3
200800019523,0008-04-14 14:45:00,8,4,14,14,45,310,555,"2, BD LAZARE CARNOT",,,Plein jour,En agglomération,Hors intersection,Temps couvert,Autre collision,,,,,,,,,,,1,2,1,8,6
200800019524,0008-04-14 23:35:00,8,4,14,23,35,310,555,"999, RUE BELLEGARDE",,,Nuit avec éclairage allumé,En agglomération,Hors intersection,Normale,Autre collision,,,,,,,,,,,5,2,1,1,6
200800019525,0008-04-15 17:20:00,8,4,15,17,20,310,555,"19, RUE DE L UKRAINE",,,Plein jour,En agglomération,Hors intersection,Normale,Deux véhicules - arrière,,,,,,,,,,,1,2,1,1,2
200800019526,0008-04-15 10:00:00,8,4,15,10,0,310,555,"5, RUE FEDERICO GARCIA L",,,Plein jour,En agglomération,Hors intersection,Normale,Autre collision,,,,,,,,,,,1,2,1,1,6
200800019527,0008-04-15 23:30:00,8,4,15,23,30,310,555,VA007306 A64,,,Nuit avec éclairage allumé,Hors agglomération,Hors intersection,Normale,Autre collision,,,,,,,,,,,5,1,1,1,6
200800019528,0008-04-15 06:40:00,8,4,15,6,40,310,555,"999, ALL JULES GUESDE",,,Crépuscule ou aube,En agglomération,Intersection en T,Normale,Trois véhicules et plus - en chaîne,,,,,,,,,,,2,2,3,1,4
200800019529,0008-04-16 22:40:00,8,4,16,22,40,310,555,"36, RUE DE L UNION",,,Nuit avec éclairage allumé,En agglomération,Hors intersection,Normale,Autre collision,,,,,,,,,,,5,2,1,1,6
200800019530,0008-04-16 11:05:00,8,4,16,11,5,310,555,"159, RTE D ALBI",,,Plein jour,En agglomération,Hors intersection,Normale,Autre collision,,,,,,,,,,,1,2,1,1,6
200800019531,0008-04-16 16:20:00,8,4,16,16,20,310,555,"51, RUE ADOLPHE COLL",,,Plein jour,En agglomération,Hors intersection,Normale,Deux véhicules - côté,,,,,,,,,,,1,2,1,1,3
200800019532,0008-04-17 20:20:00,8,4,17,20,20,310,555,"10-12, PORT SAINT SAUVEU",,,Crépuscule ou aube,En agglomération,Hors intersection,Normale,Deux véhicules - côté,,,,,,,,,,,2,2,1,1,3
200800019533,0008-04-19 08:25:00,8,4,19,8,25,310,555,"999, BD DES MINIMES",,,Plein jour,En agglomération,Intersection en T,Normale,Deux véhicules - côté,,,,,,,,,,,1,2,3,1,3
200800019534,0008-04-18 14:30:00,8,4,18,14,30,310,555,VA008482 A624,,,Plein jour,Hors agglomération,Hors intersection,Temps couvert,Autre collision,,,,,,,,,,,1,1,1,8,6
200800019535,0008-04-18 16:10:00,8,4,18,16,10,310,555,"297, AV DE GRANDE BRETAG",,,Plein jour,En agglomération,Hors intersection,Pluie forte,Trois véhicules et plus - collisions multiples,,,,,,,,,,,1,2,1,3,5
200800019536,0008-04-18 17:15:00,8,4,18,17,15,310,555,"999, IMP EUGENE TRUTAT",,,Plein jour,En agglomération,Hors intersection,Temps couvert,Deux véhicules - côté,,,,,,,,,,,1,2,1,8,3
200800019537,0008-04-20 17:20:00,8,4,20,17,20,310,555,"8, AV DE LYON",,,Plein jour,En agglomération,Hors intersection,Pluie forte,Autre collision,,,,,,,,,,,1,2,1,3,6
200800019538,0008-04-20 21:05:00,8,4,20,21,5,310,555,"999, AV DE LA MARCAISSON",,,Nuit avec éclairage allumé,En agglomération,Hors intersection,Pluie forte,Autre collision,,,,,,,,,,,5,2,1,3,6
200800019539,0008-04-21 11:30:00,8,4,21,11,30,310,555,"999, RTE DE LAUNAGUET",,,Plein jour,En agglomération,Hors intersection,Normale,Autre collision,,,,,,,,,,,1,2,1,1,6
200800019540,0008-04-21 17:05:00,8,4,21,17,5,310,555,VA008493 LA CRABE A624 S,,,Plein jour,Hors agglomération,Hors intersection,Pluie forte,Trois véhicules et plus - en chaîne,,,,,,,,,,,1,1,1,3,4
200800019541,0008-04-21 17:45:00,8,4,21,17,45,310,555,"388, AV DES ETATS UNIS",,,Plein jour,En agglomération,Hors intersection,Pluie légère,Deux véhicules - arrière,,,,,,,,,,,1,2,1,2,2
200800019542,0008-04-22 08:20:00,8,4,22,8,20,310,555,"999, BD DE SUISSE",,,Plein jour,En agglomération,Intersection en T,Normale,Deux véhicules - côté,,,,,,,,,,,1,2,3,1,3
200800019543,0008-04-22 12:00:00,8,4,22,12,0,310,555,"170, AV DE LESPINET",,,Plein jour,En agglomération,Hors intersection,Temps couvert,Deux véhicules - côté,,,,,,,,,,,1,2,1,8,3
200800019544,0008-04-23 07:10:00,8,4,23,7,10,310,555,"999, BD DE SUISSE",,,Plein jour,En agglomération,Hors intersection,Normale,Deux véhicules - côté,,,,,,,,,,,1,2,1,1,3
200800019545,0008-04-23 10:45:00,8,4,23,10,45,310,555,"999, RUE FRANCOIS VILLON",,,Plein jour,En agglomération,Hors intersection,Normale,Deux véhicules - côté,,,,,,,,,,,1,2,1,1,3
200800019546,0008-04-23 17:05:00,8,4,23,17,5,310,555,"999, RTE DE SAINT SIMON",,,Plein jour,En agglomération,Hors intersection,Normale,Deux véhicules - arrière,,,,,,,,,,,1,2,1,1,2
200800019547,0008-04-25 17:20:00,8,4,25,17,20,310,555,"999, ALL CHARLES DE FITT",,,Plein jour,En agglomération,Intersection en T,Normale,Deux véhicules - côté,,,,,,,,,,,1,2,3,1,3
200800019548,0008-04-27 05:30:00,8,4,27,5,30,310,555,"999, CHE DES ETROITS",,,Nuit sans éclairage public,En agglomération,Hors intersection,Normale,Deux véhicules - frontale,,,,,,,,,,,3,2,1,1,1
200800019549,0008-04-27 07:40:00,8,4,27,7,40,310,555,"17 bis, BD PIERRE PAUL R",,,Plein jour,En agglomération,Hors intersection,Normale,Autre collision,,,,,,,,,,,1,2,1,1,6
200800019550,0008-04-27 14:05:00,8,4,27,14,5,310,555,"999, RUE DES FONTAINES",,,Plein jour,En agglomération,Intersection en T,Normale,Deux véhicules - arrière,,,,,,,,,,,1,2,3,1,2
200800019551,0008-04-28 16:20:00,8,4,28,16,20,310,555,"999, CHE DE LA SALADE PO",,,Plein jour,En agglomération,Hors intersection,Pluie légère,Sans collision,,,,,,,,,,,1,2,1,2,7
200800019552,0008-04-29 10:39:00,8,4,29,10,39,310,555,"999, IMP CAMILLE LANGLAD",,,Plein jour,En agglomération,Intersection en T,Normale,Deux véhicules - côté,,,,,,,,,,,1,2,3,1,3
200800019553,0008-04-30 12:15:00,8,4,30,12,15,310,555,"53, RTE DE BLAGNAC",,,Plein jour,En agglomération,Hors intersection,Normale,Autre collision,,,,,,,,,,,1,2,1,1,6
200800019554,0008-04-30 14:15:00,8,4,30,14,15,310,555,VA007418 PONT JUMEAUX A6,,,Plein jour,Hors agglomération,Hors intersection,Normale,Deux véhicules - arrière,,,,,,,,,,,1,1,1,1,2
200800019555,0008-04-30 17:05:00,8,4,30,17,5,310,555,"999, BD ANDRE NETWILLER",,,Plein jour,En agglomération,Hors intersection,Normale,Autre collision,,,,,,,,,,,1,2,1,1,6
200800019556,0008-04-30 17:20:00,8,4,30,17,20,310,555,"118, AV DES MINIMES",,,Plein jour,En agglomération,Hors intersection,Normale,Deux véhicules - côté,,,,,,,,,,,1,2,1,1,3
200800019557,0008-04-09 07:20:00,8,4,9,7,20,320,13,BARRAN (CHEMIN DE),,,Plein jour,Hors agglomération,Intersection en T,Temps couvert,Deux véhicules - côté,,,,,,,,,,,1,1,3,8,3
200800019558,0008-04-13 20:45:00,8,4,13,20,45,320,13,HUIT MAI,,,Nuit avec éclairage allumé,En agglomération,Hors intersection,Normale,Sans collision,,,,,,,,,,,5,2,1,1,7
200800019559,0008-04-14 17:40:00,8,4,14,17,40,320,13,TOULOUSE (ROUTE DE),,,Plein jour,Hors agglomération,Intersection en T,Normale,Deux véhicules - côté,,,,,,,,,,,1,1,3,1,3
200800019560,0008-04-15 14:15:00,8,4,15,14,15,320,13,"10, CHATEAUDUN",,,Plein jour,En agglomération,Hors intersection,Normale,Autre collision,,,,,,,,,,,1,2,1,1,6
200800019561,0008-04-17 08:20:00,8,4,17,8,20,320,13,"13, IRENEE DAVID",,,Plein jour,En agglomération,Hors intersection,Pluie légère,Deux véhicules - côté,,,,,,,,,,,1,2,1,2,3
200800019562,0008-04-19 21:05:00,8,4,19,21,5,320,13,BOIS D'AUCH (CHEMIN DU),,,Nuit sans éclairage public,Hors agglomération,Hors intersection,Temps couvert,Sans collision,,,,,,,,,,,3,1,1,8,7
200800019563,0008-04-28 13:55:00,8,4,28,13,55,320,13,ROQUELAURE (CHEMIN DE),,,Plein jour,Hors agglomération,Hors intersection,Pluie légère,Deux véhicules - côté,,,,,,,,,,,1,1,1,2,3
200800019564,0008-04-04 08:50:00,8,4,4,8,50,330,529,"., ICARE (RUE)",,,Plein jour,En agglomération,Intersection en X,Normale,Deux véhicules - côté,,,,,,,,,,,1,2,2,1,3
200800019565,0008-04-15 18:30:00,8,4,15,18,30,330,529,"36, CUREPIPE (BD DE) DU",,,Plein jour,En agglomération,Hors intersection,Normale,Deux véhicules - arrière,,,,,,,,,,,1,2,1,1,2
200800019566,0008-04-19 15:30:00,8,4,19,15,30,330,529,"18, PORT (RUE DU)",,,Plein jour,En agglomération,Hors intersection,Normale,Autre collision,,,,,,,,,,,1,2,1,1,6
200800019567,0008-04-21 14:55:00,8,4,21,14,55,330,529,"., GRAILLY (RUE JEAN DE)",,,Plein jour,En agglomération,Intersection en X,Normale,Deux véhicules - côté,,,,,,,,,,,1,2,2,1,3
200800019568,0008-04-01 09:25:00,8,4,1,9,25,330,529,RN 250 (CAMICAS-OUSTALET,,,Plein jour,Hors agglomération,Hors intersection,Normale,Deux véhicules - arrière,,,,,,,,,,,1,1,1,1,2
200800019569,0008-04-11 08:20:00,8,4,11,8,20,330,529,"1, CAZAUX (BD DE)",,,Plein jour,Hors agglomération,Intersection en X,Normale,Deux véhicules - côté,,,,,,,,,,,1,1,2,1,3
200800019570,0008-04-25 17:55:00,8,4,25,17,55,330,529,"7, LECLERC (AVE DU GAL)",,,Plein jour,En agglomération,Hors intersection,Normale,Autre collision,,,,,,,,,,,1,2,1,1,6
200800019571,0008-04-01 12:20:00,8,4,1,12,20,330,63,"57, CRS BALGUERIE STUTTE",,,Plein jour,En agglomération,Hors intersection,Normale,Deux véhicules - arrière,,,,,,,,,,,1,2,1,1,2
200800019572,0008-04-01 13:00:00,8,4,1,13,0,330,63,"22, CRS DE LA SOMME",,,Plein jour,En agglomération,Hors intersection,Normale,Deux véhicules - côté,,,,,,,,,,,1,2,1,1,3
200800019573,0008-04-03 19:00:00,8,4,3,19,0,330,63,AVE MAL DE LATTRE TASSIG,,,Plein jour,En agglomération,Intersection en X,Normale,Deux véhicules - côté,,,,,,,,,,,1,2,2,1,3
200800019574,0008-04-02 08:00:00,8,4,2,8,0,330,63,BD DU PRESIDENT WILSON,,,Plein jour,En agglomération,Hors intersection,Normale,Trois véhicules et plus - collisions multiples,,,,,,,,,,,1,2,1,1,5
200800019575,0008-04-03 15:45:00,8,4,3,15,45,330,63,QUAI DE PALUDATE,,,Plein jour,En agglomération,Intersection en T,Normale,Deux véhicules - côté,,,,,,,,,,,1,2,3,1,3
200800019576,0008-04-04 07:30:00,8,4,4,7,30,330,63,RUE RICHELIEU CAUD,,,Plein jour,En agglomération,Intersection en X,Normale,Autre collision,,,,,,,,,,,1,2,2,1,6
200800019577,0008-04-04 16:25:00,8,4,4,16,25,330,63,RUE NAUVILLE,,,Plein jour,En agglomération,Intersection en X,Normale,Deux véhicules - côté,,,,,,,,,,,1,2,2,1,3
200800019578,0008-04-04 18:05:00,8,4,4,18,5,330,63,RUE DOM DEVIENNE,,,Plein jour,En agglomération,Intersection en X,Normale,Deux véhicules - côté,,,,,,,,,,,1,2,2,1,3
200800019579,0008-04-06 01:25:00,8,4,6,1,25,330,63,RUE DU CHATEAU D'EAU,,,Nuit avec éclairage allumé,En agglomération,Hors intersection,Normale,Trois véhicules et plus - en chaîne,,,,,,,,,,,5,2,1,1,4
200800019580,0008-04-07 15:30:00,8,4,7,15,30,330,63,BD ALFRED DANEY,,,Plein jour,En agglomération,Hors intersection,Temps éblouissant,Autre collision,,,,,,,,,,,1,2,1,7,6
200800019581,0008-04-04 21:50:00,8,4,4,21,50,330,318,AVE DE GRADIGNAN,,,Nuit avec éclairage allumé,En agglomération,Intersection en X,Normale,Deux véhicules - côté,,,,,,,,,,,5,2,2,1,3
200800019582,0008-04-08 11:00:00,8,4,8,11,0,330,63,RUE DOM DEVIENNE,,,Plein jour,En agglomération,Intersection en X,Pluie légère,Deux véhicules - côté,,,,,,,,,,,1,2,2,2,3
200800019583,0008-04-08 12:40:00,8,4,8,12,40,330,63,RUE CLAUDE BONNIER,,,Plein jour,En agglomération,Intersection en X,Normale,Deux véhicules - arrière,,,,,,,,,,,1,2,2,1,2
200800019584,0008-04-09 19:40:00,8,4,9,19,40,330,75,BD DU PARC DES EXPOSITIO,,,Plein jour,En agglomération,Hors intersection,Normale,Deux véhicules - côté,,,,,,,,,,,1,2,1,1,3
200800019585,0008-04-04 10:17:00,8,4,4,10,17,330,281,AVE DE LA LIBERATION,,,Plein jour,En agglomération,Intersection en X,Normale,Deux véhicules - côté,,,,,,,,,,,1,2,2,1,3
200800019586,0008-04-06 10:25:00,8,4,6,10,25,330,281,AVE ARISTIDE BRIAND,,,Plein jour,En agglomération,Intersection en T,Normale,Deux véhicules - côté,,,,,,,,,,,1,2,3,1,3
200800019587,0008-04-03 18:40:00,8,4,3,18,40,330,63,"7, BD ANTOINE GAUTIER",,,Plein jour,En agglomération,Hors intersection,Normale,Deux véhicules - arrière,,,,,,,,,,,1,2,1,1,2
200800019588,0008-04-11 02:30:00,8,4,11,2,30,330,63,CRS DE L'ARGONNE,,,Nuit avec éclairage allumé,En agglomération,Hors intersection,Temps couvert,Sans collision,,,,,,,,,,,5,2,1,8,7
200800019589,0008-04-10 08:00:00,8,4,10,8,0,330,63,RUE DE NUITS,,,Plein jour,En agglomération,Hors intersection,Normale,Autre collision,,,,,,,,,,,1,2,1,1,6
200800019590,0008-04-10 12:55:00,8,4,10,12,55,330,63,"164, BD DU PRESIDENT WIL",,,Plein jour,En agglomération,Hors intersection,Pluie légère,Deux véhicules - arrière,,,,,,,,,,,1,2,1,2,2
200800019591,0008-04-07 09:00:00,8,4,7,9,0,330,39,RTE DE TOULOUSE,,,Plein jour,En agglomération,Intersection en T,Normale,Deux véhicules - côté,,,,,,,,,,,1,2,3,1,3
200800019592,0008-04-05 18:45:00,8,4,5,18,45,330,192,"2, RUE DES FONTAINES DE",,,Plein jour,En agglomération,Hors intersection,Normale,Autre collision,,,,,,,,,,,1,2,1,1,6
200800019593,0008-04-09 16:10:00,8,4,9,16,10,330,119,AVE RENE CASSAGNE,,,Plein jour,En agglomération,Giratoire,Normale,Deux véhicules - côté,,,,,,,,,,,1,2,6,1,3
200800019594,0008-04-11 17:10:00,8,4,11,17,10,330,63,CRS SAINT LOUIS,,,Plein jour,En agglomération,Intersection en X,Normale,Deux véhicules - côté,,,,,,,,,,,1,2,2,1,3
200800019595,0008-04-11 18:40:00,8,4,11,18,40,330,63,RUE DAVID JOHNSTON,,,Plein jour,En agglomération,Intersection en X,Normale,Autre collision,,,,,,,,,,,1,2,2,1,6
200800019596,0008-04-11 16:50:00,8,4,11,16,50,330,63,RUE ESPRIT-DES-LOIS,,,Plein jour,En agglomération,Intersection en X,Normale,Deux véhicules - arrière,,,,,,,,,,,1,2,2,1,2
200800019597,0008-04-06 00:15:00,8,4,6,0,15,330,522,"84, RUE HENRY DE MONTHER",,,Nuit avec éclairage allumé,En agglomération,Hors intersection,Normale,Autre collision,,,,,,,,,,,5,2,1,1,6
200800019598,0008-04-14 13:35:00,8,4,14,13,35,330,63,RUE BONNEFIN,,,Plein jour,En agglomération,Intersection en T,Normale,Deux véhicules - frontale,,,,,,,,,,,1,2,3,1,1
200800019599,0008-04-04 09:50:00,8,4,4,9,50,330,281,AVE DE L'YSER,,,Plein jour,En agglomération,Intersection en X,Normale,Autre collision,,,,,,,,,,,1,2,2,1,6
200800019600,0008-04-12 19:10:00,8,4,12,19,10,330,63,BD ALFRED DANEY,,,Plein jour,En agglomération,Hors intersection,Normale,Deux véhicules - côté,,,,,,,,,,,1,2,1,1,3
200800019601,0008-04-14 08:15:00,8,4,14,8,15,330,63,RUE CORPS FRANC POMMIES,,,Plein jour,En agglomération,Hors intersection,Normale,Deux véhicules - côté,,,,,,,,,,,1,2,1,1,3
200800019602,0008-04-14 13:30:00,8,4,14,13,30,330,63,CRS LOUIS FARGUE,,,Plein jour,En agglomération,Hors intersection,Normale,Deux véhicules - côté,,,,,,,,,,,1,2,1,1,3
200800019603,0008-04-07 11:45:00,8,4,7,11,45,330,249,AVE DE LA RESISTANCE,,,Plein jour,En agglomération,Hors intersection,Normale,Sans collision,,,,,,,,,,,1,2,1,1,7
200800019604,0008-04-10 12:35:00,8,4,10,12,35,330,281,AVE DU CHUT,,,Plein jour,En agglomération,Giratoire,Pluie légère,Sans collision,,,,,,,,,,,1,2,6,2,7
200800019605,0008-04-15 11:00:00,8,4,15,11,0,330,63,"195, RUE DE BEGLES",,,Plein jour,En agglomération,Intersection en X,Normale,Deux véhicules - côté,,,,,,,,,,,1,2,2,1,3
200800019606,0008-04-15 17:30:00,8,4,15,17,30,330,63,"103, QUAI DE LA SOUYS",,,Plein jour,En agglomération,Hors intersection,Normale,Trois véhicules et plus - en chaîne,,,,,,,,,,,1,2,1,1,4
200800019607,0008-04-16 12:15:00,8,4,16,12,15,330,63,RUE DU JARDIN PUBLIC,,,Plein jour,En agglomération,Intersection en X,Normale,Deux véhicules - frontale,,,,,,,,,,,1,2,2,1,1
200800019608,0008-04-16 08:30:00,8,4,16,8,30,330,63,CRS VICTOR HUGO,,,Plein jour,En agglomération,Intersection en X,Normale,Deux véhicules - côté,,,,,,,,,,,1,2,2,1,3
200800019609,0008-04-16 12:45:00,8,4,16,12,45,330,63,"195, AVE MAL DE LATTRE T",,,Plein jour,En agglomération,Hors intersection,Normale,Deux véhicules - arrière,,,,,,,,,,,1,2,1,1,2
200800019610,0008-04-16 18:00:00,8,4,16,18,0,330,119,RUE ARISTIDE BRIAND,,,Plein jour,En agglomération,Hors intersection,Normale,Autre collision,,,,,,,,,,,1,2,1,1,6
200800019611,0008-04-07 10:00:00,8,4,7,10,0,330,550,RUE CORNEILLE,,,Plein jour,En agglomération,Hors intersection,Normale,Deux véhicules - côté,,,,,,,,,,,1,2,1,1,3
200800019612,0008-04-15 19:40:00,8,4,15,19,40,330,318,"85, AVE JEAN JAURES",,,Plein jour,En agglomération,Hors intersection,Normale,Trois véhicules et plus - en chaîne,,,,,,,,,,,1,2,1,1,4
200800019613,0008-04-17 18:00:00,8,4,17,18,0,330,69,PCE RAVEZIES,,,Plein jour,En agglomération,Place,Normale,Deux véhicules - côté,,,,,,,,,,,1,2,7,1,3