accident_id,datetime,annee,mois,jour,heure,minute,departement,commune_insee,adresse,latitude,longitude,luminosite,agglomeration,intersection,meteo,collision,nb_vehicules,nb_usagers,nb_indemnes,nb_tues,nb_blesses_hosp,nb_blesses_legers,age_cond_1,age_cond_2,veh_type_cond_1,veh_type_cond_2,lum_code,agg_code,int_code,atm_code,col_code
200800019614,0008-04-11 19:10:00,8,4,11,19,10,330,39,ALL BOYER,,,Plein jour,En agglomération,Intersection en X,Normale,Deux véhicules - côté,,,,,,,,,,,1,2,2,1,3
200800019615,0008-04-16 16:20:00,8,4,16,16,20,330,318,AVE GUSTAVE EIFFEL,,,Plein jour,En agglomération,Hors intersection,Normale,Trois véhicules et plus - en chaîne,,,,,,,,,,,1,2,1,1,4
200800019616,0008-04-12 23:40:00,8,4,12,23,40,330,63,"02, QUAI DE LA DOUANE",,,Nuit avec éclairage allumé,En agglomération,Intersection en T,Normale,Deux véhicules - arrière,,,,,,,,,,,5,2,3,1,2
200800019617,0008-04-14 08:00:00,8,4,14,8,0,330,192,RUE DE LAHOUNEAU,,,Plein jour,En agglomération,Giratoire,Temps éblouissant,Deux véhicules - côté,,,,,,,,,,,1,2,6,7,3
200800019618,0008-04-18 13:15:00,8,4,18,13,15,330,63,"190, QUAI DE BRAZZA",,,Plein jour,En agglomération,Intersection à plus de 4 branches,Normale,Deux véhicules - frontale,,,,,,,,,,,1,2,5,1,1
200800019619,0008-04-18 18:30:00,8,4,18,18,30,330,63,CRS BALGUERIE STUTTENBER,,,Plein jour,En agglomération,Intersection en T,Normale,Deux véhicules - côté,,,,,,,,,,,1,2,3,1,3
200800019620,0008-04-18 17:15:00,8,4,18,17,15,330,63,RUE DEPE CAUD,,,Plein jour,En agglomération,Intersection en X,Temps couvert,Trois véhicules et plus - en chaîne,,,,,,,,,,,1,2,2,8,4
200800019621,0008-04-20 00:35:00,8,4,20,0,35,330,63,BD GODARD,,,Nuit avec éclairage allumé,En agglomération,Intersection en T,Normale,Deux véhicules - côté,,,,,,,,,,,5,2,3,1,3
200800019622,0008-04-18 19:20:00,8,4,18,19,20,330,63,"25 bis, RUE FRAGONARD CA",,,Crépuscule ou aube,En agglomération,Hors intersection,Pluie forte,Deux véhicules - côté,,,,,,,,,,,2,2,1,3,3
200800019623,0008-04-18 18:20:00,8,4,18,18,20,330,63,RUE MONTGOLFIER,,,Plein jour,En agglomération,Intersection en X,Pluie forte,Deux véhicules - arrière,,,,,,,,,,,1,2,2,3,2
200800019624,0008-04-12 12:25:00,8,4,12,12,25,330,281,AVE DE LA MARNE,,,Plein jour,En agglomération,Intersection en X,Pluie légère,Deux véhicules - côté,,,,,,,,,,,1,2,2,2,3
200800019625,0008-04-15 17:50:00,8,4,15,17,50,330,69,RUE DU PRESIDENT KENNEDY,,,Plein jour,En agglomération,Intersection en T,Autre,Deux véhicules - côté,,,,,,,,,,,1,2,3,9,3
200800019626,0008-04-15 07:15:00,8,4,15,7,15,330,39,"10, AVE MAL DE LATTRE DE",,,Crépuscule ou aube,En agglomération,Intersection à plus de 4 branches,Normale,Autre collision,,,,,,,,,,,2,2,5,1,6
200800019627,0008-04-15 17:40:00,8,4,15,17,40,330,75,AVE JEAN JAURES,,,Plein jour,En agglomération,Intersection en T,Normale,Deux véhicules - côté,,,,,,,,,,,1,2,3,1,3
200800019628,0008-04-08 17:40:00,8,4,8,17,40,330,522,RUE ROBESPIERRE,,,Plein jour,En agglomération,Intersection en Y,Normale,Deux véhicules - côté,,,,,,,,,,,1,2,4,1,3
200800019629,0008-04-21 11:00:00,8,4,21,11,0,330,63,BD GEORGE V,,,Plein jour,En agglomération,Hors intersection,Pluie légère,Trois véhicules et plus - en chaîne,,,,,,,,,,,1,2,1,2,4
200800019630,0008-04-21 22:00:00,8,4,21,22,0,330,39,"41, AVE LUCIEN LEROUSSEA",,,Nuit avec éclairage allumé,En agglomération,Hors intersection,Pluie légère,Autre collision,,,,,,,,,,,5,2,1,2,6
200800019631,0008-04-15 19:56:00,8,4,15,19,56,330,318,AVE DE BARDANAC,,,Plein jour,En agglomération,Intersection à plus de 4 branches,Normale,Deux véhicules - côté,,,,,,,,,,,1,2,5,1,3
200800019632,0008-04-18 12:10:00,8,4,18,12,10,330,119,BD ENTRE DEUX MERS,,,Plein jour,En agglomération,Intersection en X,Normale,Deux véhicules - côté,,,,,,,,,,,1,2,2,1,3
200800019633,0008-04-22 17:35:00,8,4,22,17,35,330,63,RUE DE LA CROIX BLANCHE,,,Plein jour,En agglomération,Intersection en T,Normale,Deux véhicules - côté,,,,,,,,,,,1,2,3,1,3
200800019634,0008-04-22 16:50:00,8,4,22,16,50,330,63,RUE DU CHATEAU D'EAU,,,Plein jour,En agglomération,Intersection en X,Normale,Deux véhicules - côté,,,,,,,,,,,1,2,2,1,3
200800019635,0008-04-18 07:44:00,8,4,18,7,44,330,281,"247, AVE DE LA MARNE",,,Plein jour,En agglomération,Hors intersection,Pluie légère,Autre collision,,,,,,,,,,,1,2,1,2,6
200800019636,0008-04-19 20:30:00,8,4,19,20,30,330,550,RDPT SEEHEIM JUGENHEIM,,,Nuit avec éclairage allumé,En agglomération,Giratoire,Pluie légère,Deux véhicules - côté,,,,,,,,,,,5,2,6,2,3
200800019637,0008-04-17 16:30:00,8,4,17,16,30,330,39,QUAI DU PRESIDENT WILSON,,,Plein jour,En agglomération,Intersection en T,Normale,Trois véhicules et plus - en chaîne,,,,,,,,,,,1,2,3,1,4
200800019638,0008-04-19 02:36:00,8,4,19,2,36,330,522,"104, CRS MARECHAL GALLIE",,,Nuit avec éclairage allumé,En agglomération,Hors intersection,Normale,Autre collision,,,,,,,,,,,5,2,1,1,6
200800019639,0008-04-18 10:20:00,8,4,18,10,20,330,318,"4, AVE DU HAUT LEVEQUE",,,Plein jour,En agglomération,Hors intersection,Pluie légère,Trois véhicules et plus - en chaîne,,,,,,,,,,,1,2,1,2,4
200800019640,0008-04-19 14:10:00,8,4,19,14,10,330,318,AVE PASTEUR,,,Plein jour,En agglomération,Intersection en X,Normale,Deux véhicules - côté,,,,,,,,,,,1,2,2,1,3
200800019641,0008-04-19 11:35:00,8,4,19,11,35,330,550,RTE DE LEOGNAN,,,Plein jour,En agglomération,Intersection en T,Normale,Deux véhicules - côté,,,,,,,,,,,1,2,3,1,3
200800019642,0008-04-20 02:05:00,8,4,20,2,5,330,39,"127, CRS VICTOR HUGO",,,Nuit avec éclairage allumé,En agglomération,Hors intersection,Normale,Autre collision,,,,,,,,,,,5,2,1,1,6
200800019643,0008-04-24 23:00:00,8,4,24,23,0,330,63,"335, CRS DE LA SOMME",,,Nuit avec éclairage allumé,En agglomération,Intersection en T,Normale,Deux véhicules - côté,,,,,,,,,,,5,2,3,1,3
200800019644,0008-04-23 13:50:00,8,4,23,13,50,330,119,AVE JEAN JAURES,,,Plein jour,En agglomération,Hors intersection,Normale,Trois véhicules et plus - en chaîne,,,,,,,,,,,1,2,1,1,4
200800019645,0008-04-21 17:47:00,8,4,21,17,47,330,39,QUAI DU PRESIDENT WILSON,,,Plein jour,En agglomération,Intersection en T,Pluie forte,Deux véhicules - côté,,,,,,,,,,,1,2,3,3,3
200800019646,0008-04-24 23:10:00,8,4,24,23,10,330,63,"81, QUAI DES CHARTRONS",,,Nuit avec éclairage allumé,En agglomération,Hors intersection,Normale,Deux véhicules - côté,,,,,,,,,,,5,2,1,1,3
200800019647,0008-04-25 15:10:00,8,4,25,15,10,330,63,"44, PCE GAMBETTA",,,Plein jour,En agglomération,Hors intersection,Normale,Autre collision,,,,,,,,,,,1,2,1,1,6
200800019648,0008-04-28 08:18:00,8,4,28,8,18,330,63,QUAI DE LA DOUANE,,,Plein jour,En agglomération,Hors intersection,Normale,Deux véhicules - côté,,,,,,,,,,,1,2,1,1,3
200800019649,0008-04-22 08:03:00,8,4,22,8,3,330,318,AVE DE BEUTRE,,,Plein jour,En agglomération,Intersection en X,Pluie légère,Deux véhicules - côté,,,,,,,,,,,1,2,2,2,3
200800019650,0008-04-22 16:20:00,8,4,22,16,20,330,550,RTE DE TOULOUSE,,,Plein jour,En agglomération,Hors intersection,Normale,Deux véhicules - côté,,,,,,,,,,,1,2,1,1,3
200800019651,0008-04-30 12:40:00,8,4,30,12,40,330,63,"119, RUE FONDAUDEGE",,,Plein jour,En agglomération,Hors intersection,Normale,Autre collision,,,,,,,,,,,1,2,1,1,6
200800019652,0008-04-28 08:00:00,8,4,28,8,0,330,119,BD ANDRE RICARD,,,Crépuscule ou aube,En agglomération,Intersection en X,Normale,Deux véhicules - côté,,,,,,,,,,,2,2,2,1,3
200800019653,0008-04-26 20:15:00,8,4,26,20,15,330,550,"265, RTE DE TOULOUSE",,,Nuit avec éclairage allumé,En agglomération,Hors intersection,Normale,Deux véhicules - arrière,,,,,,,,,,,5,2,1,1,2
200800019654,0008-04-28 15:25:00,8,4,28,15,25,330,281,AVE ROLAND GARROS,,,Plein jour,En agglomération,Intersection en X,Normale,Deux véhicules - arrière,,,,,,,,,,,1,2,2,1,2
200800019655,0008-04-29 08:50:00,8,4,29,8,50,330,69,AVE DE TIVOLI,,,Plein jour,En agglomération,Intersection en T,Pluie légère,Deux véhicules - arrière,,,,,,,,,,,1,2,3,2,2
200800019656,0008-04-28 21:00:00,8,4,28,21,0,330,75,RUE PIERRE MARTIN,,,Plein jour,En agglomération,Intersection en Y,Normale,Autre collision,,,,,,,,,,,1,2,4,1,6
200800019657,0008-04-28 14:55:00,8,4,28,14,55,330,39,AVE ALEXIS CAPELLE,,,Plein jour,En agglomération,Intersection en T,Pluie forte,Deux véhicules - côté,,,,,,,,,,,1,2,3,3,3
200800019658,0008-04-30 17:30:00,8,4,30,17,30,330,281,AVE DE LA MARNE,,,Plein jour,En agglomération,Hors intersection,Normale,Deux véhicules - côté,,,,,,,,,,,1,2,1,1,3
200800019659,0008-04-30 20:25:00,8,4,30,20,25,330,318,AVE DE NOES,,,Plein jour,En agglomération,Intersection en T,Normale,Sans collision,,,,,,,,,,,1,2,3,1,7
200800019660,0008-04-11 23:20:00,8,4,11,23,20,330,243,"18, GIRONDINS(COURS DES)",,,Nuit avec éclairage allumé,En agglomération,Hors intersection,Normale,Deux véhicules - arrière,,,,,,,,,,,5,2,1,1,2
200800019661,0008-04-19 11:15:00,8,4,19,11,15,330,243,"24, SURCHAMP(PLACE ABEL)",,,Plein jour,En agglomération,Hors intersection,Normale,Autre collision,,,,,,,,,,,1,2,1,1,6
200800019662,0008-04-25 07:35:00,8,4,25,7,35,330,243,"118, ROUDET(AVENUE DE LA",,,Crépuscule ou aube,En agglomération,Hors intersection,Brouillard / fumée,Deux véhicules - frontale,,,,,,,,,,,2,2,1,5,1
200800019663,0008-04-05 21:35:00,8,4,5,21,35,340,3,HUGO (C12 A D12,,,Nuit avec éclairage allumé,En agglomération,Hors intersection,Normale,Autre collision,,,,,,,,,,,5,2,1,1,6
200800019664,0008-04-16 15:00:00,8,4,16,15,0,340,3,RICHELIEU (D8 0 E8 ET E1,,,Plein jour,En agglomération,Hors intersection,Normale,Autre collision,,,,,,,,,,,1,2,1,1,6
200800019665,0008-04-18 13:55:00,8,4,18,13,55,340,3,PACULL (L14 ET15,,,Plein jour,En agglomération,Hors intersection,Normale,Deux véhicules - côté,,,,,,,,,,,1,2,1,1,3
200800019666,0008-04-01 09:30:00,8,4,1,9,30,340,32,ROUTE DEPARTEMENTALE  61,,,Plein jour,Hors agglomération,Hors intersection,Normale,Deux véhicules - arrière,,,,,,,,,,,1,1,1,1,2
200800019667,0008-04-01 19:15:00,8,4,1,19,15,340,32,"1, MAS ALPHONSE (AV)",,,Crépuscule ou aube,En agglomération,Hors intersection,Normale,Sans collision,,,,,,,,,,,2,2,1,1,7
200800019668,0008-04-04 14:00:00,8,4,4,14,0,340,32,ROUTE DEPARTEMENTALE NR.,,,Plein jour,Hors agglomération,Intersection en X,Normale,Trois véhicules et plus - collisions multiples,,,,,,,,,,,1,1,2,1,5
200800019669,0008-04-08 07:00:00,8,4,8,7,0,340,32,RHIN ET DANUBE (AV.),,,Plein jour,En agglomération,Intersection en X,Pluie légère,Deux véhicules - côté,,,,,,,,,,,1,2,2,2,3
200800019670,0008-04-09 11:12:00,8,4,9,11,12,340,32,"1, VOIE DOMITIENNE (AV D",,,Plein jour,En agglomération,Intersection en Y,Normale,Sans collision,,,,,,,,,,,1,2,4,1,7
200800019671,0008-04-08 21:29:00,8,4,8,21,29,340,336,R.D 612,,,Nuit avec éclairage allumé,Hors agglomération,Hors intersection,Normale,Deux véhicules - côté,,,,,,,,,,,5,1,1,1,3
200800019672,0008-04-11 15:30:00,8,4,11,15,30,340,336,"NR, BEREGOVOY (AVENUE PI",,,Plein jour,En agglomération,Giratoire,Normale,Sans collision,,,,,,,,,,,1,2,6,1,7
200800019673,0008-04-10 21:35:00,8,4,10,21,35,340,336,RD.37 (RTE.DE PORTIRAGNE,,,Nuit sans éclairage public,Hors agglomération,Hors intersection,Normale,Deux véhicules - arrière,,,,,,,,,,,3,1,1,1,2
200800019674,0008-04-12 20:00:00,8,4,12,20,0,340,32,OCCITANIE (PONT DE L'),,,Crépuscule ou aube,En agglomération,Hors intersection,Normale,Deux véhicules - arrière,,,,,,,,,,,2,2,1,1,2
200800019675,0008-04-13 13:50:00,8,4,13,13,50,340,32,"NR, PECH HENRI (AV)",,,Plein jour,Hors agglomération,Intersection en T,Normale,Deux véhicules - côté,,,,,,,,,,,1,1,3,1,3
200800019676,0008-04-16 19:30:00,8,4,16,19,30,340,32,SAINT SAENS CAMILLE (AV),,,Plein jour,En agglomération,Intersection en X,Normale,Deux véhicules - côté,,,,,,,,,,,1,2,2,1,3
200800019677,0008-04-20 14:55:00,8,4,20,14,55,340,32,"NR, CANAL (RUE DU)",43.31,3.45699,Plein jour,Hors agglomération,Hors intersection,Normale,Sans collision,,,,,,,,,,,1,1,1,1,7
200800019678,0008-04-21 17:47:00,8,4,21,17,47,340,32,ROUTE DEPARTEMENTALE  61,,,Plein jour,Hors agglomération,Giratoire,Normale,Deux véhicules - côté,,,,,,,,,,,1,1,6,1,3
200800019679,0008-04-22 18:20:00,8,4,22,18,20,340,32,"NR, MISTRAL FREDERIC (BD",43.344,3.45699,Plein jour,En agglomération,Intersection en X,Normale,Deux véhicules - côté,,,,,,,,,,,1,2,2,1,3
200800019680,0008-04-23 09:25:00,8,4,23,9,25,340,32,ROUTE DEPARTEMENTALE NR.,,,Plein jour,Hors agglomération,Intersection en X,Normale,Deux véhicules - côté,,,,,,,,,,,1,1,2,1,3
200800019681,0008-04-23 10:30:00,8,4,23,10,30,340,32,"NR, MISTRAL FREDERIC (BD",43.342,3.45699,Plein jour,En agglomération,Intersection en X,Normale,Sans collision,,,,,,,,,,,1,2,2,1,7
200800019682,0008-04-26 09:05:00,8,4,26,9,5,340,32,COMTE DE NICE (RUE DU),,,Plein jour,En agglomération,Intersection en X,Normale,Deux véhicules - côté,,,,,,,,,,,1,2,2,1,3
200800019683,0008-04-27 09:20:00,8,4,27,9,20,340,32,"NR, ERIGNAC CLAUDE (AV)",43.36402,3.45699,Plein jour,En agglomération,Hors intersection,Normale,Deux véhicules - frontale,,,,,,,,,,,1,2,1,1,1
200800019684,0008-04-30 18:45:00,8,4,30,18,45,340,32,JUIN MARECHAL (RUE DU),,,Plein jour,En agglomération,Hors intersection,Normale,Deux véhicules - arrière,,,,,,,,,,,1,2,1,1,2
200800019685,0008-04-01 10:50:00,8,4,1,10,50,340,198,"sans, RD N21",,,Plein jour,Hors agglomération,Hors intersection,Normale,Deux véhicules - côté,,,,,,,,,,,1,1,1,1,3
200800019686,0008-04-02 15:45:00,8,4,2,15,45,340,172,JUSTICE DE CASTELNAU (AV,,,Plein jour,En agglomération,Hors intersection,Normale,Trois véhicules et plus - collisions multiples,,,,,,,,,,,1,2,1,1,5
200800019687,0008-04-03 15:10:00,8,4,3,15,10,340,172,"12, UNIVERSITE (RUE DE L",,,Plein jour,En agglomération,Hors intersection,Normale,Autre collision,,,,,,,,,,,1,2,1,1,6
200800019688,0008-04-04 07:25:00,8,4,4,7,25,340,172,"155, MONTMORENCY (ALLEE",43.61013,3.88435,Plein jour,En agglomération,Hors intersection,Normale,Deux véhicules - côté,,,,,,,,,,,1,2,1,1,3
200800019689,0008-04-04 14:40:00,8,4,4,14,40,340,172,"811, MOULARES (CHEMIN DE",,,Plein jour,En agglomération,Hors intersection,Normale,Deux véhicules - arrière,,,,,,,,,,,1,2,1,1,2
200800019690,0008-04-04 18:50:00,8,4,4,18,50,340,172,ETATS DU LANGUEDOC (AVEN,,,Plein jour,En agglomération,Intersection en T,Normale,Deux véhicules - côté,,,,,,,,,,,1,2,3,1,3
200800019691,0008-04-05 13:45:00,8,4,5,13,45,340,198,"SANS, D66  VOIE RAPIDE",,,Plein jour,Hors agglomération,Hors intersection,Normale,Sans collision,,,,,,,,,,,1,1,1,1,7
200800019692,0008-04-02 11:10:00,8,4,2,11,10,340,129,"sans, D116",,,Plein jour,Hors agglomération,Hors intersection,Normale,Deux véhicules - arrière,,,,,,,,,,,1,1,1,1,2
200800019693,0008-04-05 12:25:00,8,4,5,12,25,340,172,LODEVE (AVENUE DE,,,Plein jour,En agglomération,Intersection en T,Normale,Deux véhicules - côté,,,,,,,,,,,1,2,3,1,3
200800019694,0008-04-07 16:35:00,8,4,7,16,35,340,172,"sans, ROQUETURIERE (RUE",43.63194,3.88302,Plein jour,En agglomération,Hors intersection,Normale,Deux véhicules - arrière,,,,,,,,,,,1,2,1,1,2
200800019695,0008-04-07 08:50:00,8,4,7,8,50,340,172,"980, RAVAZ (AVENUE DU PR",,,Plein jour,En agglomération,Hors intersection,Normale,Deux véhicules - côté,,,,,,,,,,,1,2,1,1,3
200800019696,0008-04-08 15:40:00,8,4,8,15,40,340,172,"15, SAINT LOUIS (RUE)",,,Plein jour,En agglomération,Intersection en T,Pluie légère,Deux véhicules - côté,,,,,,,,,,,1,2,3,2,3
200800019697,0008-04-08 14:50:00,8,4,8,14,50,340,172,GALOIS (ROND-POINT EVARI,,,Plein jour,En agglomération,Hors intersection,Pluie légère,Autre collision,,,,,,,,,,,1,2,1,2,6
200800019698,0008-04-09 12:10:00,8,4,9,12,10,340,172,"sans, GIRAUD (AVENUE DU",,,Plein jour,En agglomération,Hors intersection,Normale,Autre collision,,,,,,,,,,,1,2,1,1,6
200800019699,0008-04-10 22:16:00,8,4,10,22,16,340,172,"sans, TRUEL (RUE DU)",,,Nuit avec éclairage allumé,En agglomération,Hors intersection,Normale,Sans collision,,,,,,,,,,,5,2,1,1,7
200800019700,0008-04-11 19:15:00,8,4,11,19,15,340,172,"240, LODEVE (AVENUE DE",,,Plein jour,En agglomération,Hors intersection,Temps couvert,Deux véhicules - côté,,,,,,,,,,,1,2,1,8,3
200800019701,0008-04-12 05:15:00,8,4,12,5,15,340,172,MOULARES (CHEMIN DE,,,Nuit avec éclairage allumé,En agglomération,Intersection en T,Normale,Autre collision,,,,,,,,,,,5,2,3,1,6
200800019702,0008-04-15 17:40:00,8,4,15,17,40,340,172,PAVELET (AVENUE DU COLON,,,Plein jour,En agglomération,Intersection en X,Normale,Deux véhicules - côté,,,,,,,,,,,1,2,2,1,3
200800019703,0008-04-13 05:50:00,8,4,13,5,50,340,198,"SANS, COMTE (RUE AUGUSTE",,,Nuit avec éclairage allumé,En agglomération,Intersection en X,Normale,Deux véhicules - côté,,,,,,,,,,,5,2,2,1,3
200800019704,0008-04-12 14:50:00,8,4,12,14,50,340,129,"SANS, PALAVAS D986 (ROUT",,,Plein jour,Hors agglomération,Hors intersection,Normale,Autre collision,,,,,,,,,,,1,1,1,1,6
200800019705,0008-04-16 09:32:00,8,4,16,9,32,340,172,"SANS, RICARD (AVENUE XAV",,,Plein jour,En agglomération,Hors intersection,Normale,Deux véhicules - arrière,,,,,,,,,,,1,2,1,1,2
200800019706,0008-04-17 15:40:00,8,4,17,15,40,340,129,"sans, CARNON (ROUTE DE",,,Plein jour,Hors agglomération,Giratoire,Pluie forte,Sans collision,,,,,,,,,,,1,1,6,3,7
200800019707,0008-04-17 16:57:00,8,4,17,16,57,340,172,"sans, REPUBLIQUE (RUE DE",,,Plein jour,En agglomération,Intersection en X,Pluie légère,Sans collision,,,,,,,,,,,1,2,2,2,7
200800019708,0008-04-17 20:10:00,8,4,17,20,10,340,172,"sans, RIEUCOULON (ROND-P",43.58351,3.84867,Crépuscule ou aube,Hors agglomération,Giratoire,Pluie légère,Deux véhicules - côté,,,,,,,,,,,2,1,6,2,3
200800019709,0008-04-19 05:30:00,8,4,19,5,30,340,172,"63, PALAVAS (AVENUE DE)",43.59715,3.88881,Nuit avec éclairage allumé,En agglomération,Hors intersection,Temps couvert,Deux véhicules - côté,,,,,,,,,,,5,2,1,8,3
200800019710,0008-04-19 17:19:00,8,4,19,17,19,340,172,"., LODEVE (AVENUE DE",,,Plein jour,En agglomération,Intersection en T,Normale,Deux véhicules - côté,,,,,,,,,,,1,2,3,1,3
200800019711,0008-04-19 18:03:00,8,4,19,18,3,340,172,"20, ORIENT (BOULEVARD D'",43.60339,3.88295,Plein jour,En agglomération,Intersection en T,Normale,Deux véhicules - côté,,,,,,,,,,,1,2,3,1,3
200800019712,0008-04-21 10:40:00,8,4,21,10,40,340,172,"802, SORBES (RUE DE LAS",,,Plein jour,En agglomération,Intersection en T,Normale,Deux véhicules - côté,,,,,,,,,,,1,2,3,1,3
200800019713,0008-04-26 15:00:00,8,4,26,15,0,340,172,"486, ALCO (RUE D'",,,Plein jour,En agglomération,Hors intersection,Normale,Deux véhicules - côté,,,,,,,,,,,1,2,1,1,3
200800019714,0008-04-26 17:30:00,8,4,26,17,30,340,172,AEROPORT INTERNATIONAL (,,,Plein jour,En agglomération,Intersection en T,Normale,Deux véhicules - côté,,,,,,,,,,,1,2,3,1,3
200800019715,0008-04-26 19:00:00,8,4,26,19,0,340,172,OBSERVATOIRE (BOULEVARD,,,Plein jour,En agglomération,Intersection en X,Normale,Sans collision,,,,,,,,,,,1,2,2,1,7
200800019716,0008-04-27 05:20:00,8,4,27,5,20,340,172,"sans, EUROPE (AVENUE DE",43.63016,3.82252,Nuit avec éclairage allumé,En agglomération,Intersection en X,Normale,Deux véhicules - côté,,,,,,,,,,,5,2,2,1,3
200800019717,0008-04-26 21:49:00,8,4,26,21,49,340,172,SPAAK (CARREFOUR PAUL-HE,,,Nuit avec éclairage allumé,En agglomération,Autre intersection,Normale,Deux véhicules - frontale,,,,,,,,,,,5,2,9,1,1
200800019718,0008-04-27 21:50:00,8,4,27,21,50,340,172,ALIZES (CARREFOUR DES),,,Nuit avec éclairage allumé,En agglomération,Intersection en Y,Normale,Sans collision,,,,,,,,,,,5,2,4,1,7
200800019719,0008-04-28 01:55:00,8,4,28,1,55,340,172,"4, PAGEZY (RUE)",,,Nuit avec éclairage allumé,En agglomération,Hors intersection,Normale,Sans collision,,,,,,,,,,,5,2,1,1,7
200800019720,0008-04-28 16:30:00,8,4,28,16,30,340,172,"136, LOUISVILLE (AVENUE",,,Plein jour,En agglomération,Hors intersection,Temps couvert,Autre collision,,,,,,,,,,,1,2,1,8,6
200800019721,0008-04-28 18:25:00,8,4,28,18,25,340,172,LAVERUNE (ROUTE DE,43.60149,3.85175,Plein jour,En agglomération,Intersection en T,Pluie légère,Deux véhicules - côté,,,,,,,,,,,1,2,3,2,3
200800019722,0008-04-25 02:30:00,8,4,25,2,30,340,172,"SANS, GANGES (ROUTE DE",43.62872,3.85749,Nuit avec éclairage allumé,En agglomération,Hors intersection,Normale,Autre collision,,,,,,,,,,,5,2,1,1,6
200800019723,0008-04-28 21:55:00,8,4,28,21,55,340,198,D66  VOIE RAPIDE,,,Nuit sans éclairage public,Hors agglomération,Hors intersection,Pluie légère,Autre collision,,,,,,,,,,,3,1,1,2,6
200800019724,0008-04-29 08:40:00,8,4,29,8,40,340,172,GRABELS (ROUTE DE),43.63242,3.83754,Plein jour,En agglomération,Hors intersection,Normale,Deux véhicules - côté,,,,,,,,,,,1,2,1,1,3
200800019725,0008-04-30 16:30:00,8,4,30,16,30,340,129,"sans, SAINT-HUBERT (CHEM",,,Plein jour,En agglomération,Hors intersection,Normale,Sans collision,,,,,,,,,,,1,2,1,1,7
200800019726,0008-04-01 09:50:00,8,4,1,9,50,340,108,HUGO VICTOR (BOULEVARD),,,Plein jour,En agglomération,Hors intersection,Normale,Autre collision,,,,,,,,,,,1,2,1,1,6
200800019727,0008-04-08 07:00:00,8,4,8,7,0,340,301,"AUCUN, BALARUC (ROUTE DE",,,Nuit avec éclairage allumé,Hors agglomération,Hors intersection,Pluie légère,Deux véhicules - arrière,,,,,,,,,,,5,1,1,2,2
200800019728,0008-04-24 19:15:00,8,4,24,19,15,340,301,"AUCUN, CLEMENCEAU GEORGE",,,Plein jour,En agglomération,Hors intersection,Normale,Trois véhicules et plus - collisions multiples,,,,,,,,,,,1,2,1,1,5
200800019729,0008-04-17 08:05:00,8,4,17,8,5,350,115,"sans, DEVERIA (RUE DES F",,,Plein jour,En agglomération,Hors intersection,Normale,Autre collision,,,,,,,,,,,1,2,1,1,6
200800019730,0008-04-01 09:15:00,8,4,1,9,15,350,238,"00, VALLES (JULES)",,,Plein jour,En agglomération,Intersection en T,Pluie légère,Deux véhicules - côté,,,,,,,,,,,1,2,3,2,3
200800019731,0008-04-01 18:15:00,8,4,1,18,15,350,238,"00, SERGENT MAGINOT (AVE",,,Plein jour,En agglomération,Intersection en X,Normale,Deux véhicules - arrière,,,,,,,,,,,1,2,2,1,2
200800019732,0008-04-02 00:45:00,8,4,2,0,45,350,238,"00, ARMORIQUE (BD D')",,,Nuit avec éclairage allumé,En agglomération,Intersection en X,Normale,Deux véhicules - arrière,,,,,,,,,,,5,2,2,1,2
200800019733,0008-04-03 23:00:00,8,4,3,23,0,350,238,"00, SAINT-MARTIN",,,Nuit avec éclairage allumé,En agglomération,Intersection en X,Normale,Deux véhicules - côté,,,,,,,,,,,5,2,2,1,3
200800019734,0008-04-05 11:00:00,8,4,5,11,0,350,238,"00, HOTEL DIEU ( DE L')",,,Plein jour,En agglomération,Intersection à plus de 4 branches,Normale,Deux véhicules - arrière,,,,,,,,,,,1,2,5,1,2
200800019735,0008-04-05 22:20:00,8,4,5,22,20,350,238,"00, DREZEN (YOUENN)",,,Nuit avec éclairage allumé,En agglomération,Intersection en X,Normale,Deux véhicules - arrière,,,,,,,,,,,5,2,2,1,2
200800019736,0008-04-06 06:12:00,8,4,6,6,12,350,238,"9, BERNARD (CLAUDE)",,,Nuit avec éclairage allumé,En agglomération,Hors intersection,Normale,Sans collision,,,,,,,,,,,5,2,1,1,7
200800019737,0008-04-07 08:20:00,8,4,7,8,20,350,238,"22, ROPARTZ (GUY)",,,Plein jour,En agglomération,Intersection en X,Normale,Deux véhicules - côté,,,,,,,,,,,1,2,2,1,3
200800019738,0008-04-07 19:30:00,8,4,7,19,30,350,238,"126, LECLERC (AVENUE DU",,,Plein jour,En agglomération,Hors intersection,Normale,Deux véhicules - côté,,,,,,,,,,,1,2,1,1,3
200800019739,0008-04-08 18:43:00,8,4,8,18,43,350,238,"01, LAMENNAIS (QUAI)",,,Plein jour,En agglomération,Hors intersection,Normale,Autre collision,,,,,,,,,,,1,2,1,1,6
200800019740,0008-04-08 20:10:00,8,4,8,20,10,350,238,"25, GUILLAUDOT ( DU GENE",,,Plein jour,En agglomération,Intersection en T,Normale,Deux véhicules - côté,,,,,,,,,,,1,2,3,1,3
200800019741,0008-04-09 11:45:00,8,4,9,11,45,350,238,"72, VILLEBOIS MAREUIL (B",,,Plein jour,En agglomération,Hors intersection,Normale,Autre collision,,,,,,,,,,,1,2,1,1,6
200800019742,0008-04-09 16:20:00,8,4,9,16,20,350,238,"00, CHARDONNET (AVENUE)",,,Plein jour,En agglomération,Intersection en T,Normale,Autre collision,,,,,,,,,,,1,2,3,1,6
200800019743,0008-04-10 13:00:00,8,4,10,13,0,350,238,"00, CLEMENCEAU (BD GEORG",,,Plein jour,En agglomération,Intersection en X,Normale,Deux véhicules - côté,,,,,,,,,,,1,2,2,1,3
200800019744,0008-04-10 17:05:00,8,4,10,17,5,350,281,"00, MERMOZ (BOULEVARD JE",,,Plein jour,En agglomération,Autre intersection,Normale,Deux véhicules - arrière,,,,,,,,,,,1,2,9,1,2