accident_id,datetime,annee,mois,jour,heure,minute,departement,commune_insee,adresse,latitude,longitude,luminosite,agglomeration,intersection,meteo,collision,nb_vehicules,nb_usagers,nb_indemnes,nb_tues,nb_blesses_hosp,nb_blesses_legers,age_cond_1,age_cond_2,veh_type_cond_1,veh_type_cond_2,lum_code,agg_code,int_code,atm_code,col_code
200800019745,0008-04-11 09:30:00,8,4,11,9,30,350,278,"32, BROSSE  (LIEU DIT)",,,Plein jour,En agglomération,Hors intersection,Normale,Deux véhicules - côté,,,,,,,,,,,1,2,1,1,3
200800019746,0008-04-12 01:52:00,8,4,12,1,52,350,238,"00, POMPIDOU ( BD GEORGE",,,Nuit avec éclairage allumé,En agglomération,Hors intersection,Normale,Deux véhicules - arrière,,,,,,,,,,,5,2,1,1,2
200800019747,0008-04-12 15:15:00,8,4,12,15,15,350,238,"00, PORTE DE MAUREPAS",,,Plein jour,Hors agglomération,Hors intersection,Pluie forte,Deux véhicules - arrière,,,,,,,,,,,1,1,1,3,2
200800019748,0008-04-12 19:20:00,8,4,12,19,20,350,238,"00, BRETAGNE (PLACE DE)",,,Plein jour,En agglomération,Intersection en T,Pluie légère,Trois véhicules et plus - en chaîne,,,,,,,,,,,1,2,3,2,4
200800019749,0008-04-13 14:30:00,8,4,13,14,30,350,238,PORTE DE NANTES,,,Plein jour,Hors agglomération,Hors intersection,Temps couvert,Sans collision,,,,,,,,,,,1,1,1,8,7
200800019750,0008-04-13 20:20:00,8,4,13,20,20,350,238,"20, VILLEBOIS MAREUIL (B",,,Nuit avec éclairage allumé,En agglomération,Intersection en T,Pluie forte,Deux véhicules - côté,,,,,,,,,,,5,2,3,3,3
200800019751,0008-04-14 20:10:00,8,4,14,20,10,350,238,"36, ALMA (DE L')",,,Plein jour,En agglomération,Intersection en T,Normale,Deux véhicules - côté,,,,,,,,,,,1,2,3,1,3
200800019752,0008-04-15 09:50:00,8,4,15,9,50,350,238,ROCADE 14-15,,,Plein jour,Hors agglomération,Autre intersection,Normale,Deux véhicules - côté,,,,,,,,,,,1,1,9,1,3
200800019753,0008-04-15 12:10:00,8,4,15,12,10,350,238,"00, ISLY (RUE D')",,,Plein jour,En agglomération,Intersection en T,Normale,Deux véhicules - côté,,,,,,,,,,,1,2,3,1,3
200800019754,0008-04-15 12:10:00,8,4,15,12,10,350,55,"00, GUERLEDAN (ALLEE DE)",,,Plein jour,En agglomération,Giratoire,Normale,Deux véhicules - côté,,,,,,,,,,,1,2,6,1,3
200800019755,0008-04-16 17:00:00,8,4,16,17,0,350,238,"88, CARTIER (BD JACQUES)",,,Plein jour,En agglomération,Hors intersection,Normale,Deux véhicules - côté,,,,,,,,,,,1,2,1,1,3
200800019756,0008-04-16 16:45:00,8,4,16,16,45,350,238,PORTE DE NANTES,,,Plein jour,Hors agglomération,Autre intersection,Normale,Autre collision,,,,,,,,,,,1,1,9,1,6
200800019757,0008-04-16 16:55:00,8,4,16,16,55,350,238,"20, TRONJOLLY",,,Plein jour,En agglomération,Hors intersection,Normale,Deux véhicules - arrière,,,,,,,,,,,1,2,1,1,2
200800019758,0008-04-17 23:35:00,8,4,17,23,35,350,238,PORTE DE VILLEJEAN,,,Nuit sans éclairage public,Hors agglomération,Hors intersection,Pluie légère,Autre collision,,,,,,,,,,,3,1,1,2,6
200800019759,0008-04-17 21:20:00,8,4,17,21,20,350,238,"00, TROIS CROIX (BD DES)",,,Nuit avec éclairage allumé,En agglomération,Intersection en X,Pluie légère,Deux véhicules - côté,,,,,,,,,,,5,2,2,2,3
200800019760,0008-04-18 15:15:00,8,4,18,15,15,350,238,"05, ALLIES (COURS DES)",,,Plein jour,En agglomération,Intersection en X,Pluie légère,Autre collision,,,,,,,,,,,1,2,2,2,6
200800019761,0008-04-19 18:50:00,8,4,19,18,50,350,238,"00, PORTE DE NANTES",,,Plein jour,Hors agglomération,Autre intersection,Normale,Autre collision,,,,,,,,,,,1,1,9,1,6
200800019762,0008-04-20 09:00:00,8,4,20,9,0,350,238,"21, ROOSEVELT (BD FRANKL",,,Plein jour,En agglomération,Intersection en T,Temps couvert,Deux véhicules - côté,,,,,,,,,,,1,2,3,8,3
200800019763,0008-04-20 18:43:00,8,4,20,18,43,350,238,"22, LEROUX (BD OSCAR)",,,Plein jour,En agglomération,Hors intersection,Normale,Deux véhicules - côté,,,,,,,,,,,1,2,1,1,3
200800019764,0008-04-21 07:50:00,8,4,21,7,50,350,238,ROCADE 10-11,,,Plein jour,Hors agglomération,Hors intersection,Pluie légère,Deux véhicules - arrière,,,,,,,,,,,1,1,1,2,2
200800019765,0008-04-21 09:50:00,8,4,21,9,50,350,238,"232, NANTES (DE)",,,Plein jour,En agglomération,Hors intersection,Pluie légère,Sans collision,,,,,,,,,,,1,2,1,2,7
200800019766,0008-04-23 19:15:00,8,4,23,19,15,350,238,"13, CUCILLE (AVENUE DE)",,,Plein jour,En agglomération,Hors intersection,Normale,Sans collision,,,,,,,,,,,1,2,1,1,7
200800019767,0008-04-25 21:55:00,8,4,25,21,55,350,238,"97, VERN (DE)",,,Nuit avec éclairage allumé,En agglomération,Hors intersection,Normale,Deux véhicules - frontale,,,,,,,,,,,5,2,1,1,1
200800019768,0008-04-26 02:55:00,8,4,26,2,55,350,238,"00, PATTON (AVENUE DU GE",,,Nuit avec éclairage allumé,En agglomération,Intersection en X,Normale,Deux véhicules - côté,,,,,,,,,,,5,2,2,1,3
200800019769,0008-04-22 11:10:00,8,4,22,11,10,350,238,"77, TOUR D'AUVERGNE (BD",,,Plein jour,En agglomération,Hors intersection,Normale,Autre collision,,,,,,,,,,,1,2,1,1,6
200800019770,0008-04-29 12:45:00,8,4,29,12,45,350,238,"79, SAINT-HELIER",,,Plein jour,En agglomération,Hors intersection,Pluie légère,Deux véhicules - arrière,,,,,,,,,,,1,2,1,2,2
200800019771,0008-04-30 07:55:00,8,4,30,7,55,350,281,"00, RD 177",,,Plein jour,Hors agglomération,Hors intersection,Normale,Sans collision,,,,,,,,,,,1,1,1,1,7
200800019772,0008-04-30 09:55:00,8,4,30,9,55,350,238,ROCADE 4-5,,,Plein jour,Hors agglomération,Hors intersection,Temps couvert,Trois véhicules et plus - en chaîne,,,,,,,,,,,1,1,1,8,4
200800019773,0008-04-30 18:20:00,8,4,30,18,20,350,238,"00, CHATILLON (DE)",,,Plein jour,En agglomération,Intersection en T,Pluie légère,Deux véhicules - côté,,,,,,,,,,,1,2,3,2,3
200800019774,0008-04-30 23:45:00,8,4,30,23,45,350,238,"00, BERTRAND (DE)",,,Nuit avec éclairage allumé,En agglomération,Intersection en X,Normale,Autre collision,,,,,,,,,,,5,2,2,1,6
200800019775,0008-04-15 21:45:00,8,4,15,21,45,360,44,"25, NAUDIN (BERNARD)",,,Nuit avec éclairage allumé,En agglomération,Hors intersection,Normale,Sans collision,,,,,,,,,,,5,2,1,1,7
200800019776,0008-04-01 08:10:00,8,4,1,8,10,360,44,RN 20 AV DE VERDUN - AV,,,Plein jour,En agglomération,Hors intersection,Normale,Deux véhicules - côté,,,,,,,,,,,1,2,1,1,3
200800019777,0008-04-02 07:55:00,8,4,2,7,55,360,44,ROUTE DEPARTEMENTALE 920,,,Plein jour,Hors agglomération,Hors intersection,Normale,Deux véhicules - frontale,,,,,,,,,,,1,1,1,1,1
200800019778,0008-04-02 17:00:00,8,4,2,17,0,360,44,"154, LEMOINE (AV MARCEL)",,,Plein jour,En agglomération,Hors intersection,Normale,Deux véhicules - arrière,,,,,,,,,,,1,2,1,1,2
200800019779,0008-04-02 17:45:00,8,4,2,17,45,360,159,VELLES ( ROUTE DE ),,,Plein jour,Hors agglomération,Intersection en T,Normale,Deux véhicules - côté,,,,,,,,,,,1,1,3,1,3
200800019780,0008-04-03 15:00:00,8,4,3,15,0,360,44,CLUIS (BD DE),,,Plein jour,En agglomération,Intersection en X,Normale,Deux véhicules - côté,,,,,,,,,,,1,2,2,1,3
200800019781,0008-04-06 13:15:00,8,4,6,13,15,360,44,"65, LEMOINE (AV MARCEL)",,,Plein jour,En agglomération,Hors intersection,Normale,Deux véhicules - arrière,,,,,,,,,,,1,2,1,1,2
200800019782,0008-04-09 22:20:00,8,4,9,22,20,360,159,VARENNES (ROUTE DE),,,Nuit sans éclairage public,Hors agglomération,Hors intersection,Normale,Autre collision,,,,,,,,,,,3,1,1,1,6
200800019783,0008-04-11 15:10:00,8,4,11,15,10,360,44,"3, LOUVET (AV BERNARD)",,,Plein jour,En agglomération,Hors intersection,Normale,Autre collision,,,,,,,,,,,1,2,1,1,6
200800019784,0008-04-11 15:55:00,8,4,11,15,55,360,202,OCCITANIE (AVENUE DE ),,,Plein jour,Hors agglomération,Hors intersection,Normale,Deux véhicules - arrière,,,,,,,,,,,1,1,1,1,2
200800019785,0008-04-13 11:55:00,8,4,13,11,55,360,202,CHATEAUROUX (ROUTE DE),,,Plein jour,En agglomération,Hors intersection,Pluie forte,Deux véhicules - arrière,,,,,,,,,,,1,2,1,3,2
200800019786,0008-04-14 17:20:00,8,4,14,17,20,360,44,"1, CHATRE (AV DE LA) DU",,,Plein jour,En agglomération,Intersection en T,Normale,Deux véhicules - côté,,,,,,,,,,,1,2,3,1,3
200800019787,0008-04-18 07:52:00,8,4,18,7,52,360,44,BLOIS (AV DE),,,Plein jour,Hors agglomération,Intersection en T,Normale,Deux véhicules - côté,,,,,,,,,,,1,1,3,1,3
200800019788,0008-04-18 11:50:00,8,4,18,11,50,360,44,HUGO (VICTOR),,,Plein jour,En agglomération,Hors intersection,Normale,Autre collision,,,,,,,,,,,1,2,1,1,6
200800019789,0008-04-19 15:47:00,8,4,19,15,47,360,202,"76, OCCITANIE (AVENUE DE",,,Plein jour,Hors agglomération,Hors intersection,Normale,Sans collision,,,,,,,,,,,1,1,1,1,7
200800019790,0008-04-22 15:25:00,8,4,22,15,25,360,44,"10, TOURS (AV DE)",,,Plein jour,En agglomération,Hors intersection,Normale,Autre collision,,,,,,,,,,,1,2,1,1,6
200800019791,0008-04-24 17:50:00,8,4,24,17,50,360,63,RN20 ROND POINT MARTINER,,,Plein jour,Hors agglomération,Hors intersection,Normale,Autre collision,,,,,,,,,,,1,1,1,1,6
200800019792,0008-04-24 23:45:00,8,4,24,23,45,360,202,"0, PRE NAUDIN (ROND POIN",,,Nuit avec éclairage non allumé,Hors agglomération,Hors intersection,Normale,Sans collision,,,,,,,,,,,4,1,1,1,7
200800019793,0008-04-25 09:25:00,8,4,25,9,25,360,44,"268, CHATRE (AV DE LA) D",,,Plein jour,En agglomération,Hors intersection,Normale,Deux véhicules - côté,,,,,,,,,,,1,2,1,1,3
200800019794,0008-04-28 10:17:00,8,4,28,10,17,360,44,"36, CHATRE (AV DE LA) DU",,,Plein jour,En agglomération,Hors intersection,Normale,Trois véhicules et plus - collisions multiples,,,,,,,,,,,1,2,1,1,5
200800019795,0008-04-06 01:25:00,8,4,6,1,25,370,261,HEURTELOUP (BOULEVARD),,,Nuit avec éclairage allumé,En agglomération,Intersection en X,Temps couvert,Deux véhicules - côté,,,,,,,,,,,5,2,2,8,3
200800019796,0008-04-04 16:30:00,8,4,4,16,30,370,261,JEMMAPES (RUE),,,Plein jour,En agglomération,Intersection en X,Normale,Deux véhicules - côté,,,,,,,,,,,1,2,2,1,3
200800019797,0008-04-24 17:25:00,8,4,24,17,25,370,122,RABELAIS (RUE),,,Plein jour,En agglomération,Hors intersection,Normale,Autre collision,,,,,,,,,,,1,2,1,1,6
200800019798,0008-04-28 16:10:00,8,4,28,16,10,370,261,GRECOURT (RUE),,,Plein jour,En agglomération,Intersection en X,Normale,Deux véhicules - côté,,,,,,,,,,,1,2,2,1,3
200800019799,0008-04-29 21:50:00,8,4,29,21,50,370,261,GIRAUDEAU (RUE),,,Nuit avec éclairage allumé,En agglomération,Intersection en X,Pluie forte,Deux véhicules - côté,,,,,,,,,,,5,2,2,3,3
200800019800,0008-04-21 08:52:00,8,4,21,8,52,370,261,MAGINOT (AV. ANDRE),,,Plein jour,Hors agglomération,Hors intersection,Pluie forte,Trois véhicules et plus - collisions multiples,,,,,,,,,,,1,1,1,3,5
200800019801,0008-04-15 18:30:00,8,4,15,18,30,370,122,"74, BRETONNIERES (BOULEV",,,Plein jour,En agglomération,Hors intersection,Normale,Autre collision,,,,,,,,,,,1,2,1,1,6
200800019802,0008-04-02 15:35:00,8,4,2,15,35,380,53,"17, GAMBETTA (AVE)",,,Plein jour,En agglomération,Hors intersection,Normale,Autre collision,,,,,,,,,,,1,2,1,1,6
200800019803,0008-04-11 11:15:00,8,4,11,11,15,380,53,ZOLA (AV EMILE),,,Plein jour,En agglomération,Intersection en X,Pluie forte,Deux véhicules - côté,,,,,,,,,,,1,2,2,3,3
200800019804,0008-04-28 13:30:00,8,4,28,13,30,380,53,D208,,,Plein jour,Hors agglomération,Hors intersection,Temps couvert,Deux véhicules - frontale,,,,,,,,,,,1,1,1,8,1
200800019805,0008-04-01 16:15:00,8,4,1,16,15,380,185,"00, RUE BAYARD",,,Plein jour,En agglomération,Hors intersection,Normale,Autre collision,,,,,,,,,,,1,2,1,1,6
200800019806,0008-04-01 19:00:00,8,4,1,19,0,380,151,ROCADE SUD,,,Plein jour,Hors agglomération,Hors intersection,Normale,Deux véhicules - arrière,,,,,,,,,,,1,1,1,1,2
200800019807,0008-04-02 16:10:00,8,4,2,16,10,380,185,"30, COURS JEAN JAURÈS",,,Plein jour,En agglomération,Intersection en X,Normale,Autre collision,,,,,,,,,,,1,2,2,1,6
200800019808,0008-04-04 19:50:00,8,4,4,19,50,380,185,COURS JEAN JAURÈS,,,Plein jour,En agglomération,Intersection en X,Normale,Autre collision,,,,,,,,,,,1,2,2,1,6
200800019809,0008-04-07 15:00:00,8,4,7,15,0,380,185,"00, ROND-POINT PIERRE ET",,,Plein jour,En agglomération,Hors intersection,Normale,Deux véhicules - arrière,,,,,,,,,,,1,2,1,1,2
200800019810,0008-04-08 11:25:00,8,4,8,11,25,380,185,"34, RUE DE STALINGRAD",,,Plein jour,En agglomération,Hors intersection,Pluie légère,Autre collision,,,,,,,,,,,1,2,1,2,6
200800019811,0008-04-10 08:45:00,8,4,10,8,45,380,185,"00, CHEMIN DE HALAGE",,,Plein jour,En agglomération,Hors intersection,Pluie légère,Deux véhicules - frontale,,,,,,,,,,,1,2,1,2,1
200800019812,0008-04-10 15:30:00,8,4,10,15,30,380,151,"00, AVENUE COLONEL MANHÈ",,,Plein jour,En agglomération,Hors intersection,Normale,Autre collision,,,,,,,,,,,1,2,1,1,6
200800019813,0008-04-11 11:30:00,8,4,11,11,30,380,185,"00, RUE DE BELGRADE",,,Plein jour,En agglomération,Hors intersection,Pluie légère,Autre collision,,,,,,,,,,,1,2,1,2,6
200800019814,0008-04-12 17:15:00,8,4,12,17,15,380,185,"00, PLACE GUSTAVE RIVET",,,Plein jour,En agglomération,Hors intersection,Normale,Deux véhicules - arrière,,,,,,,,,,,1,2,1,1,2
200800019815,0008-04-12 23:50:00,8,4,12,23,50,380,421,ROCADE SUD,,,Nuit sans éclairage public,Hors agglomération,Hors intersection,Normale,Deux véhicules - arrière,,,,,,,,,,,3,1,1,1,2
200800019816,0008-04-13 19:15:00,8,4,13,19,15,380,421,"00, AVENUE AMBROISE CROI",,,Plein jour,En agglomération,Intersection en X,Normale,Deux véhicules - côté,,,,,,,,,,,1,2,2,1,3
200800019817,0008-04-16 07:10:00,8,4,16,7,10,380,185,"45, AVENUE FÉLIX VIALLET",,,Crépuscule ou aube,En agglomération,Hors intersection,Normale,Autre collision,,,,,,,,,,,2,2,1,1,6
200800019818,0008-04-16 16:30:00,8,4,16,16,30,380,169,"00, BOULEVARD JOLIOT-CUR",,,Plein jour,En agglomération,Intersection en T,Normale,Deux véhicules - côté,,,,,,,,,,,1,2,3,1,3
200800019819,0008-04-17 22:00:00,8,4,17,22,0,380,185,"24, QUAI DE FRANCE",,,Nuit avec éclairage allumé,En agglomération,Hors intersection,Pluie légère,Autre collision,,,,,,,,,,,5,2,1,2,6
200800019820,0008-04-18 21:50:00,8,4,18,21,50,380,185,"00, ANCIENNE ROUTE DE LY",,,Nuit avec éclairage allumé,En agglomération,Intersection en T,Pluie légère,Deux véhicules - côté,,,,,,,,,,,5,2,3,2,3
200800019821,0008-04-26 11:05:00,8,4,26,11,5,380,185,RUE JOSEPH REY,,,Plein jour,En agglomération,Hors intersection,Normale,Autre collision,,,,,,,,,,,1,2,1,1,6
200800019822,0008-04-26 15:20:00,8,4,26,15,20,380,185,"22, COURS DE LA LIBÉRATI",,,Plein jour,En agglomération,Hors intersection,Normale,Deux véhicules - arrière,,,,,,,,,,,1,2,1,1,2
200800019823,0008-04-27 12:35:00,8,4,27,12,35,380,151,"0, COURS JEAN JAURÈS",,,Plein jour,En agglomération,Hors intersection,Normale,Deux véhicules - côté,,,,,,,,,,,1,2,1,1,3
200800019824,0008-04-28 23:00:00,8,4,28,23,0,380,151,99 VOIE NON IDENTIFIEE,,,Nuit sans éclairage public,Hors agglomération,Hors intersection,Pluie légère,Trois véhicules et plus - collisions multiples,,,,,,,,,,,3,1,1,2,5
200800019825,0008-04-29 10:45:00,8,4,29,10,45,380,185,"0, RUE DE STALINGRAD",,,Plein jour,En agglomération,Hors intersection,Normale,Autre collision,,,,,,,,,,,1,2,1,1,6
200800019826,0008-04-29 14:30:00,8,4,29,14,30,380,185,"32, AVENUE FÉLIX VIALLET",,,Plein jour,En agglomération,Hors intersection,Normale,Deux véhicules - côté,,,,,,,,,,,1,2,1,1,3
200800019827,0008-04-09 17:19:00,8,4,9,17,19,380,544,"36, BRILLIER(COUR)",,,Plein jour,En agglomération,Hors intersection,Normale,Autre collision,,,,,,,,,,,1,2,1,1,6
200800019828,0008-04-16 18:41:00,8,4,16,18,41,380,544,"24, VERDUN(COUR DE)",,,Nuit avec éclairage allumé,En agglomération,Intersection en T,Normale,Trois véhicules et plus - collisions multiples,,,,,,,,,,,5,2,3,1,5
200800019829,0008-04-30 17:55:00,8,4,30,17,55,380,544,"70 BIS, GENERAL LECLERC(",,,Plein jour,En agglomération,Hors intersection,Normale,Autre collision,,,,,,,,,,,1,2,1,1,6
200800019830,0008-04-14 18:10:00,8,4,14,18,10,390,198,"03, LANDON (AVENUE DE) N",,,Plein jour,En agglomération,Intersection en Y,Temps couvert,Deux véhicules - côté,,,,,,,,,,,1,2,4,8,3
200800019831,0008-04-26 15:40:00,8,4,26,15,40,390,198,RD 7,,,Plein jour,Hors agglomération,Hors intersection,Normale,Deux véhicules - arrière,,,,,,,,,,,1,1,1,1,2
200800019832,0008-04-04 07:55:00,8,4,4,7,55,390,300,"0, LORAIN (RUE VICTOR)",,,Plein jour,En agglomération,Hors intersection,Normale,Autre collision,,,,,,,,,,,1,2,1,1,6
200800019833,0008-04-17 18:40:00,8,4,17,18,40,390,300,"0, SEGUIN (AVENUE PAUL)",,,Plein jour,En agglomération,Intersection en T,Pluie forte,Autre collision,,,,,,,,,,,1,2,3,3,6
200800019834,0008-04-03 21:03:00,8,4,3,21,3,400,279,MAGESCQ (ROUTE DE),,,Nuit avec éclairage allumé,En agglomération,Hors intersection,Pluie légère,Deux véhicules - côté,,,,,,,,,,,5,2,1,2,3
200800019835,0008-04-06 19:00:00,8,4,6,19,0,400,88,"115, SAINT-VINCENT DE PA",,,Plein jour,En agglomération,Hors intersection,Normale,Trois véhicules et plus - en chaîne,,,,,,,,,,,1,2,1,1,4
200800019836,0008-04-13 11:40:00,8,4,13,11,40,400,279,"1054, FOCH (AVENUE DU MA",,,Plein jour,En agglomération,Hors intersection,Normale,Deux véhicules - côté,,,,,,,,,,,1,2,1,1,3
200800019837,0008-04-25 15:12:00,8,4,25,15,12,400,88,MANOIR (BOULEVARD YVES D,,,Plein jour,En agglomération,Hors intersection,Normale,Deux véhicules - côté,,,,,,,,,,,1,2,1,1,3
200800019838,0008-04-09 22:20:00,8,4,9,22,20,400,192,", ARGENTÉ (RUE DE L')",,,Nuit avec éclairage allumé,En agglomération,Intersection en T,Pluie légère,Deux véhicules - côté,,,,,,,,,,,5,2,3,2,3
200800019839,0008-04-16 05:55:00,8,4,16,5,55,400,192,"355, FOCH (AV DU MARECHA",,,Nuit avec éclairage allumé,Hors agglomération,Intersection en T,Normale,Deux véhicules - côté,,,,,,,,,,,5,1,3,1,3
200800019840,0008-04-22 13:34:00,8,4,22,13,34,400,192,"14, VICTOR HUGO",,,Plein jour,En agglomération,Intersection en T,Pluie légère,Autre collision,,,,,,,,,,,1,2,3,2,6
200800019841,0008-04-05 15:42:00,8,4,5,15,42,410,18,FENELON (RUE),,,Plein jour,En agglomération,Intersection en T,Normale,Deux véhicules - arrière,,,,,,,,,,,1,2,3,1,2
200800019842,0008-04-04 13:00:00,8,4,4,13,0,410,18,RN 252,,,Plein jour,En agglomération,Hors intersection,Normale,Autre collision,,,,,,,,,,,1,2,1,1,6
200800019843,0008-04-08 14:35:00,8,4,8,14,35,410,47,"21, N152",,,Plein jour,En agglomération,Hors intersection,Normale,Deux véhicules - côté,,,,,,,,,,,1,2,1,1,3
200800019844,0008-04-21 18:00:00,8,4,21,18,0,410,18,"36, VERDUN (AVENUE DE)",,,Plein jour,En agglomération,Hors intersection,Pluie légère,Deux véhicules - frontale,,,,,,,,,,,1,2,1,2,1
200800019845,0008-04-23 09:57:00,8,4,23,9,57,410,18,EUROPE (AVENUE DE L')  N,,,Plein jour,En agglomération,Hors intersection,Normale,Autre collision,,,,,,,,,,,1,2,1,1,6
200800019846,0008-04-24 20:47:00,8,4,24,20,47,410,18,MAUNOURY (AVENUE DU MARE,,,Plein jour,En agglomération,Hors intersection,Normale,Deux véhicules - côté,,,,,,,,,,,1,2,1,1,3
200800019847,0008-04-25 16:45:00,8,4,25,16,45,410,18,"4, CHATEAU-RENAULT (ROUT",,,Plein jour,En agglomération,Hors intersection,Normale,Deux véhicules - arrière,,,,,,,,,,,1,2,1,1,2
200800019848,0008-04-29 10:05:00,8,4,29,10,5,410,47,N152,,,Plein jour,En agglomération,Hors intersection,Normale,Autre collision,,,,,,,,,,,1,2,1,1,6
200800019849,0008-04-29 11:40:00,8,4,29,11,40,410,18,DETROYAT (RUE MICHEL) N°,,,Plein jour,En agglomération,Hors intersection,Normale,Deux véhicules - arrière,,,,,,,,,,,1,2,1,1,2
200800019850,0008-04-03 19:55:00,8,4,3,19,55,410,194,"., HALLE (RUE DE LA)",,,Plein jour,En agglomération,Giratoire,Normale,Deux véhicules - côté,,,,,,,,,,,1,2,6,1,3
200800019851,0008-04-30 11:40:00,8,4,30,11,40,410,138,"., LA MAROTTERIE (LIEU-D",,,Plein jour,Hors agglomération,Hors intersection,Normale,Deux véhicules - côté,,,,,,,,,,,1,1,1,1,3
200800019852,0008-04-03 17:40:00,8,4,3,17,40,420,95,CD 500,,,Plein jour,En agglomération,Hors intersection,Temps couvert,Deux véhicules - côté,,,,,,,,,,,1,2,1,8,3
200800019853,0008-04-07 23:10:00,8,4,7,23,10,420,95,"121, HUGO (RUE VICTOR)",45.22849,4.16622,Nuit avec éclairage allumé,En agglomération,Hors intersection,Normale,Autre collision,,,,,,,,,,,5,2,1,1,6
200800019854,0008-04-10 17:05:00,8,4,10,17,5,420,99,CD 25,,,Plein jour,En agglomération,Hors intersection,Normale,Sans collision,,,,,,,,,,,1,2,1,1,7
200800019855,0008-04-19 14:35:00,8,4,19,14,35,420,44,RD 88-2,45.23945,4.19708,Plein jour,En agglomération,Hors intersection,Normale,Autre collision,,,,,,,,,,,1,2,1,1,6
200800019856,0008-04-21 17:05:00,8,4,21,17,5,420,95,"18, CHANZY (RUE)",45.22883,4.16928,Plein jour,En agglomération,Hors intersection,Normale,Autre collision,,,,,,,,,,,1,2,1,1,6
200800019857,0008-04-30 14:00:00,8,4,30,14,0,420,44,RD 88-2,,,Plein jour,En agglomération,Hors intersection,Normale,Autre collision,,,,,,,,,,,1,2,1,1,6
200800019858,0008-04-30 15:10:00,8,4,30,15,10,420,95,"1, VOLTAIRE (RUE)",,,Plein jour,En agglomération,Hors intersection,Normale,Deux véhicules - côté,,,,,,,,,,,1,2,1,1,3
200800019859,0008-04-24 22:15:00,8,4,24,22,15,420,95,"1, SAINT-JUST-MALMONT (R",,,Nuit avec éclairage allumé,En agglomération,Hors intersection,Normale,Autre collision,,,,,,,,,,,5,2,1,1,6
200800019860,0008-04-30 21:20:00,8,4,30,21,20,420,95,RD 88,,,Nuit avec éclairage allumé,En agglomération,Hors intersection,Normale,Deux véhicules - frontale,,,,,,,,,,,5,2,1,1,1
200800019861,0008-04-05 14:30:00,8,4,5,14,30,420,147,GARE (AVENUE DE LA),,,Plein jour,En agglomération,Intersection en X,Normale,Deux véhicules - côté,,,,,,,,,,,1,2,2,1,3
200800019862,0008-04-16 04:45:00,8,4,16,4,45,420,299,R.D.204,,,Nuit avec éclairage allumé,Hors agglomération,Hors intersection,Normale,Autre collision,,,,,,,,,,,5,1,1,1,6
200800019863,0008-04-26 21:05:00,8,4,26,21,5,420,147,SAINT-ETIENNE (AVENUE DE,,,Nuit avec éclairage allumé,En agglomération,Intersection en T,Normale,Deux véhicules - côté,,,,,,,,,,,5,2,3,1,3
200800019864,0008-04-29 16:55:00,8,4,29,16,55,420,186,"64bis, REPUBLIQUE AUTRES",,,Plein jour,En agglomération,Hors intersection,Normale,Deux véhicules - frontale,,,,,,,,,,,1,2,1,1,1
200800019865,0008-04-02 17:55:00,8,4,2,17,55,420,218,"106 C, RICHELANDIERE (DE",,,Plein jour,En agglomération,Hors intersection,Normale,Autre collision,,,,,,,,,,,1,2,1,1,6
200800019866,0008-04-03 07:40:00,8,4,3,7,40,420,218,"115, TALAUDIERE (DE LA)",,,Crépuscule ou aube,En agglomération,Hors intersection,Pluie légère,Deux véhicules - arrière,,,,,,,,,,,2,2,1,2,2
200800019867,0008-04-07 08:38:00,8,4,7,8,38,420,218,"45, FRAISSINETTE ALEXAND",,,Plein jour,En agglomération,Intersection en X,Normale,Autre collision,,,,,,,,,,,1,2,2,1,6
200800019868,0008-04-07 15:50:00,8,4,7,15,50,420,218,TALAUDIERE (DE LA) A PAR,,,Plein jour,En agglomération,Intersection en X,Normale,Deux véhicules - côté,,,,,,,,,,,1,2,2,1,3
200800019869,0008-04-07 17:45:00,8,4,7,17,45,420,330,THIERS,,,Plein jour,En agglomération,Intersection en T,Normale,Autre collision,,,,,,,,,,,1,2,3,1,6
200800019870,0008-04-08 15:33:00,8,4,8,15,33,420,218,"17, LAVOISIER",,,Plein jour,En agglomération,Intersection en T,Normale,Deux véhicules - frontale,,,,,,,,,,,1,2,3,1,1
200800019871,0008-04-10 06:58:00,8,4,10,6,58,420,218,"54, ZOLA EMILE",,,Crépuscule ou aube,En agglomération,Hors intersection,Pluie légère,Deux véhicules - côté,,,,,,,,,,,2,2,1,2,3
200800019872,0008-04-14 08:04:00,8,4,14,8,4,420,218,"32, ONZE NOVEMBRE A PART",,,Plein jour,En agglomération,Hors intersection,Temps couvert,Autre collision,,,,,,,,,,,1,2,1,8,6
200800019873,0008-04-15 19:36:00,8,4,15,19,36,420,218,TARDY (DE),,,Plein jour,En agglomération,Intersection en T,Normale,Autre collision,,,,,,,,,,,1,2,3,1,6
200800019874,0008-04-16 10:15:00,8,4,16,10,15,420,218,"1, NARVICK",45.26225,4.24846,Plein jour,En agglomération,Autre intersection,Normale,Autre collision,,,,,,,,,,,1,2,9,1,6
200800019875,0008-04-16 14:00:00,8,4,16,14,0,420,218,CHALENDARD MARIUS,,,Crépuscule ou aube,En agglomération,Intersection en T,Normale,Deux véhicules - côté,,,,,,,,,,,2,2,3,1,3
200800019876,0008-04-16 14:20:00,8,4,16,14,20,420,218,"4, RABELAIS",45.26209,4.22963,Plein jour,En agglomération,Hors intersection,Normale,Autre collision,,,,,,,,,,,1,2,1,1,6
200800019877,0008-04-13 05:16:00,8,4,13,5,16,420,218,"36, CALMETTE",,,Nuit avec éclairage allumé,En agglomération,Hors intersection,Normale,Sans collision,,,,,,,,,,,5,2,1,1,7