accident_id,datetime,annee,mois,jour,heure,minute,departement,commune_insee,adresse,latitude,longitude,luminosite,agglomeration,intersection,meteo,collision,nb_vehicules,nb_usagers,nb_indemnes,nb_tues,nb_blesses_hosp,nb_blesses_legers,age_cond_1,age_cond_2,veh_type_cond_1,veh_type_cond_2,lum_code,agg_code,int_code,atm_code,col_code
200800019878,0008-04-17 21:00:00,8,4,17,21,0,420,218,"00000001, DAGUERRE",,,Nuit avec éclairage allumé,En agglomération,Intersection en X,Normale,Deux véhicules - côté,,,,,,,,,,,5,2,2,1,3
200800019879,0008-04-19 09:40:00,8,4,19,9,40,420,218,"ignore, GOUFFRE D'ENFER",,,Plein jour,Hors agglomération,Hors intersection,Normale,Sans collision,,,,,,,,,,,1,1,1,1,7
200800019880,0008-04-19 22:40:00,8,4,19,22,40,420,218,THIERS (BOULEVARD),,,Nuit avec éclairage allumé,En agglomération,Hors intersection,Normale,Trois véhicules et plus - collisions multiples,,,,,,,,,,,5,2,1,1,5
200800019881,0008-04-21 14:30:00,8,4,21,14,30,420,218,LOUGANSK (DE),,,Plein jour,En agglomération,Giratoire,Normale,Autre collision,,,,,,,,,,,1,2,6,1,6
200800019882,0008-04-23 15:29:00,8,4,23,15,29,420,218,ODDE CLAUDE,,,Plein jour,En agglomération,Hors intersection,Normale,Trois véhicules et plus - collisions multiples,,,,,,,,,,,1,2,1,1,5
200800019883,0008-04-24 15:00:00,8,4,24,15,0,420,218,"20, MICHELET JUSQU'AUX N",,,Plein jour,En agglomération,Hors intersection,Normale,Deux véhicules - arrière,,,,,,,,,,,1,2,1,1,2
200800019884,0008-04-24 15:40:00,8,4,24,15,40,420,218,"64, MULLER DES DOCTEURS",45.27032,4.239,Plein jour,En agglomération,Intersection en T,Normale,Deux véhicules - côté,,,,,,,,,,,1,2,3,1,3
200800019885,0008-04-26 15:50:00,8,4,26,15,50,420,218,JAURES JEAN (PLACE),,,Plein jour,En agglomération,Hors intersection,Normale,Autre collision,,,,,,,,,,,1,2,1,1,6
200800019886,0008-04-26 15:50:00,8,4,26,15,50,420,237,FAY (LIEU DIT),,,Plein jour,En agglomération,Hors intersection,Normale,Autre collision,,,,,,,,,,,1,2,1,1,6
200800019887,0008-04-30 16:50:00,8,4,30,16,50,420,218,KENNEDY PRESIDENT J.F (S,45.2788,4.22759,Plein jour,En agglomération,Hors intersection,Normale,Autre collision,,,,,,,,,,,1,2,1,1,6
200800019888,0008-04-07 16:35:00,8,4,7,16,35,430,89,MAIRIE (AVENUE DE LA),,,Plein jour,En agglomération,Hors intersection,Normale,Autre collision,,,,,,,,,,,1,2,1,1,6
200800019889,0008-04-08 08:50:00,8,4,8,8,50,430,41,DUPUY (AVENUE CHARLES),,,Plein jour,En agglomération,Hors intersection,Pluie légère,Autre collision,,,,,,,,,,,1,2,1,2,6
200800019890,0008-04-26 11:45:00,8,4,26,11,45,430,46,"11, CURIE (AVENUE PIERRE",,,Plein jour,En agglomération,Hors intersection,Normale,Deux véhicules - côté,,,,,,,,,,,1,2,1,1,3
200800019891,0008-04-03 08:24:00,8,4,3,8,24,440,55,QUESQUELLO ( ROUTE DE ),,,Plein jour,Hors agglomération,Giratoire,Normale,Deux véhicules - côté,,,,,,,,,,,1,1,6,1,3
200800019892,0008-04-01 17:50:00,8,4,1,17,50,440,109,"25, RUE PAUL BELLAMY",,,Plein jour,En agglomération,Hors intersection,Normale,Deux véhicules - côté,,,,,,,,,,,1,2,1,1,3
200800019893,0008-04-03 05:30:00,8,4,3,5,30,440,109,RUE DU MOULIN DE LA GARD,,,Nuit avec éclairage allumé,En agglomération,Intersection en T,Normale,Deux véhicules - côté,,,,,,,,,,,5,2,3,1,3
200800019894,0008-04-03 08:20:00,8,4,3,8,20,440,162,"27, RUE DE LA RIVAUDIERE",,,Plein jour,En agglomération,Hors intersection,Normale,Deux véhicules - côté,,,,,,,,,,,1,2,1,1,3
200800019895,0008-04-02 07:50:00,8,4,2,7,50,440,109,ROND-POINT ABEL DURAND,,,Nuit avec éclairage non allumé,En agglomération,Hors intersection,Normale,Deux véhicules - côté,,,,,,,,,,,4,2,1,1,3
200800019896,0008-04-03 14:25:00,8,4,3,14,25,440,162,PERIPHERIQUE INTERIEUR,,,Plein jour,Hors agglomération,Hors intersection,Normale,Deux véhicules - arrière,,,,,,,,,,,1,1,1,1,2
200800019897,0008-04-04 12:50:00,8,4,4,12,50,440,109,"0, ALLEE DE L'EMBELLIE",,,Plein jour,En agglomération,Hors intersection,Normale,Autre collision,,,,,,,,,,,1,2,1,1,6
200800019898,0008-04-06 05:35:00,8,4,6,5,35,440,109,"., BOULEVARD NICEPHORE N",,,Nuit avec éclairage allumé,En agglomération,Giratoire,Normale,Deux véhicules - côté,,,,,,,,,,,5,2,6,1,3
200800019899,0008-04-08 15:50:00,8,4,8,15,50,440,114,"-, AVENUE DE LA PATOUILL",,,Plein jour,En agglomération,Hors intersection,Normale,Autre collision,,,,,,,,,,,1,2,1,1,6
200800019900,0008-04-10 13:45:00,8,4,10,13,45,440,109,"Néant, RUE ALBERT LONDRE",,,Plein jour,En agglomération,Intersection en X,Normale,Autre collision,,,,,,,,,,,1,2,2,1,6
200800019901,0008-04-12 16:55:00,8,4,12,16,55,440,162,"14, RUE DE L'AQUITAINE",,,Plein jour,En agglomération,Hors intersection,Normale,Deux véhicules - côté,,,,,,,,,,,1,2,1,1,3
200800019902,0008-04-11 16:05:00,8,4,11,16,5,440,109,"131, BOULEVARD JULES VER",,,Plein jour,En agglomération,Hors intersection,Normale,Autre collision,,,,,,,,,,,1,2,1,1,6
200800019903,0008-04-11 14:25:00,8,4,11,14,25,440,109,ALLEE DE LA MAISON ROUGE,,,Plein jour,En agglomération,Intersection en Y,Normale,Deux véhicules - arrière,,,,,,,,,,,1,2,4,1,2
200800019904,0008-04-11 15:45:00,8,4,11,15,45,440,109,LADMIRAULT (PL),,,Plein jour,En agglomération,Hors intersection,Normale,Deux véhicules - arrière,,,,,,,,,,,1,2,1,1,2
200800019905,0008-04-11 18:10:00,8,4,11,18,10,440,109,"29, BOULEVARD JEAN MOULI",,,Plein jour,En agglomération,Hors intersection,Normale,Autre collision,,,,,,,,,,,1,2,1,1,6
200800019906,0008-04-12 04:25:00,8,4,12,4,25,440,114,ROUTE DE VANNES,,,Nuit avec éclairage allumé,En agglomération,Hors intersection,Normale,Autre collision,,,,,,,,,,,5,2,1,1,6
200800019907,0008-04-13 18:05:00,8,4,13,18,5,440,109,"92, ROUTE DE SAINTE LUCE",,,Plein jour,En agglomération,Hors intersection,Normale,Autre collision,,,,,,,,,,,1,2,1,1,6
200800019908,0008-04-14 21:23:00,8,4,14,21,23,440,109,BOULEVARD EMILE ROMANET,,,Nuit avec éclairage allumé,En agglomération,Intersection en X,Pluie légère,Deux véhicules - côté,,,,,,,,,,,5,2,2,2,3
200800019909,0008-04-15 17:30:00,8,4,15,17,30,440,109,"28, RUE PITRE CHEVALIER",,,Plein jour,En agglomération,Hors intersection,Normale,Autre collision,,,,,,,,,,,1,2,1,1,6
200800019910,0008-04-15 06:30:00,8,4,15,6,30,440,109,"., BOULEVARD GABRIEL LAU",,,Nuit avec éclairage allumé,En agglomération,Giratoire,Normale,Autre collision,,,,,,,,,,,5,2,6,1,6
200800019911,0008-04-16 05:40:00,8,4,16,5,40,440,109,BOULEVARD SALVADOR ALLEN,,,Nuit avec éclairage allumé,En agglomération,Hors intersection,Normale,Autre collision,,,,,,,,,,,5,2,1,1,6
200800019912,0008-04-17 16:05:00,8,4,17,16,5,440,143,"1, PLACE SARRAIL",,,Plein jour,En agglomération,Hors intersection,Normale,Sans collision,,,,,,,,,,,1,2,1,1,7
200800019913,0008-04-17 18:10:00,8,4,17,18,10,440,109,"Néant, BOULEVARD DU MASS",,,Plein jour,En agglomération,Giratoire,Pluie forte,Deux véhicules - côté,,,,,,,,,,,1,2,6,3,3
200800019914,0008-04-18 17:40:00,8,4,18,17,40,440,109,"00, ROUTE DE PARIS",,,Plein jour,En agglomération,Giratoire,Normale,Deux véhicules - côté,,,,,,,,,,,1,2,6,1,3
200800019915,0008-04-20 17:45:00,8,4,20,17,45,440,109,"NEANT, BOULEVARD DU TERT",,,Plein jour,En agglomération,Hors intersection,Normale,Autre collision,,,,,,,,,,,1,2,1,1,6
200800019916,0008-04-20 03:30:00,8,4,20,3,30,440,9,PERIPHERIQUE SUD,,,Nuit sans éclairage public,Hors agglomération,Hors intersection,Normale,Autre collision,,,,,,,,,,,3,1,1,1,6
200800019917,0008-04-18 14:10:00,8,4,18,14,10,440,114,AVENUE FELIX VINCENT,,,Plein jour,En agglomération,Intersection en T,Pluie légère,Deux véhicules - côté,,,,,,,,,,,1,2,3,2,3
200800019918,0008-04-21 12:45:00,8,4,21,12,45,440,162,BOULEVARD CHARLES DE GAU,,,Plein jour,En agglomération,Hors intersection,Temps couvert,Deux véhicules - arrière,,,,,,,,,,,1,2,1,8,2
200800019919,0008-04-21 12:10:00,8,4,21,12,10,440,109,ROUTE PERIPH S-O,,,Plein jour,Hors agglomération,Hors intersection,Pluie forte,Deux véhicules - côté,,,,,,,,,,,1,1,1,3,3
200800019920,0008-04-22 20:55:00,8,4,22,20,55,440,109,RUE DE LA GARDE,,,Plein jour,En agglomération,Intersection en T,Normale,Deux véhicules - côté,,,,,,,,,,,1,2,3,1,3
200800019921,0008-04-24 18:20:00,8,4,24,18,20,440,114,"1, giratoire de la porte",,,Plein jour,En agglomération,Hors intersection,Normale,Sans collision,,,,,,,,,,,1,2,1,1,7
200800019922,0008-04-18 16:45:00,8,4,18,16,45,440,162,BOULEVARD DE LA BAULE,,,Plein jour,En agglomération,Hors intersection,Autre,Deux véhicules - arrière,,,,,,,,,,,1,2,1,9,2
200800019923,0008-04-22 21:00:00,8,4,22,21,0,440,162,"25, RUE DE LA VECQUERIE",,,Nuit avec éclairage allumé,En agglomération,Hors intersection,Autre,Autre collision,,,,,,,,,,,5,2,1,9,6
200800019924,0008-04-24 17:00:00,8,4,24,17,0,440,109,"71, CHEMIN DE LA GUIBLIN",,,Plein jour,En agglomération,Hors intersection,Normale,Sans collision,,,,,,,,,,,1,2,1,1,7
200800019925,0008-04-25 17:45:00,8,4,25,17,45,440,109,"4, AVENUE CARNOT",,,Plein jour,En agglomération,Hors intersection,Normale,Autre collision,,,,,,,,,,,1,2,1,1,6
200800019926,0008-04-25 17:00:00,8,4,25,17,0,440,109,"NEANT, CHEMIN DES BATELI",,,Plein jour,En agglomération,Hors intersection,Normale,Autre collision,,,,,,,,,,,1,2,1,1,6
200800019927,0008-04-27 08:45:00,8,4,27,8,45,440,109,"., RUE DU LANDREAU",,,Plein jour,En agglomération,Passage à niveau,Normale,Deux véhicules - côté,,,,,,,,,,,1,2,8,1,3
200800019928,0008-04-28 16:35:00,8,4,28,16,35,440,162,"183, ROUTE DE VANNES",,,Plein jour,En agglomération,Hors intersection,Normale,Autre collision,,,,,,,,,,,1,2,1,1,6
200800019929,0008-04-29 22:10:00,8,4,29,22,10,440,109,CHAUSSEE DE LA MADELEINE,,,Nuit avec éclairage allumé,En agglomération,Intersection en T,Pluie forte,Autre collision,,,,,,,,,,,5,2,3,3,6
200800019930,0008-04-19 14:30:00,8,4,19,14,30,440,109,"00, QUAI DE LA FOSSE",,,Plein jour,En agglomération,Hors intersection,Normale,Autre collision,,,,,,,,,,,1,2,1,1,6
200800019931,0008-04-18 21:30:00,8,4,18,21,30,440,109,AVENUE DU PARC DE PROCE,,,Nuit avec éclairage allumé,En agglomération,Hors intersection,Normale,Autre collision,,,,,,,,,,,5,2,1,1,6
200800019932,0008-04-25 14:50:00,8,4,25,14,50,440,143,"1, RUE DE LA TROCARDIERE",,,Plein jour,En agglomération,Hors intersection,Normale,Autre collision,,,,,,,,,,,1,2,1,1,6
200800019933,0008-04-16 12:50:00,8,4,16,12,50,440,114,RUE DE LA GARENNE,,,Plein jour,En agglomération,Hors intersection,Normale,Autre collision,,,,,,,,,,,1,2,1,1,6
200800019934,0008-04-03 15:15:00,8,4,3,15,15,440,184,MACÉ (RUE JEAN),,,Plein jour,En agglomération,Intersection en X,Normale,Deux véhicules - côté,,,,,,,,,,,1,2,2,1,3
200800019935,0008-04-19 14:20:00,8,4,19,14,20,440,184,MOTTE ALLEMAND (ROUTE DE,,,Plein jour,Hors agglomération,Hors intersection,Normale,Deux véhicules - arrière,,,,,,,,,,,1,1,1,1,2
200800019936,0008-04-20 19:45:00,8,4,20,19,45,440,184,"39, MATTE (RUE DE LA)",,,Plein jour,En agglomération,Hors intersection,Normale,Deux véhicules - côté,,,,,,,,,,,1,2,1,1,3
200800019937,0008-04-23 17:40:00,8,4,23,17,40,440,184,CÔTE D'AMOUR (RTE DE LA),,,Plein jour,Hors agglomération,Hors intersection,Normale,Deux véhicules - arrière,,,,,,,,,,,1,1,1,1,2
200800019938,0008-04-23 17:57:00,8,4,23,17,57,440,184,"90, RÉPUBLIQUE (AVENUE D",,,Plein jour,Hors agglomération,Hors intersection,Normale,Autre collision,,,,,,,,,,,1,1,1,1,6
200800019939,0008-04-01 08:55:00,8,4,1,8,55,450,68,LECLERC (AVENUE DU GENER,,,Plein jour,En agglomération,Giratoire,Normale,Deux véhicules - côté,,,,,,,,,,,1,2,6,1,3
200800019940,0008-04-07 15:12:00,8,4,7,15,12,450,208,"81, DOUMER (RUE PAUL)",,,Plein jour,En agglomération,Hors intersection,Normale,Autre collision,,,,,,,,,,,1,2,1,1,6
200800019941,0008-04-15 18:11:00,8,4,15,18,11,450,4,VALLEE (RUE DE LA),,,Plein jour,En agglomération,Intersection en T,Normale,Deux véhicules - côté,,,,,,,,,,,1,2,3,1,3
200800019942,0008-04-01 07:35:00,8,4,1,7,35,450,147,"113, BERTHELOT (RUE MARC",,,Plein jour,En agglomération,Hors intersection,Normale,Trois véhicules et plus - en chaîne,,,,,,,,,,,1,2,1,1,4
200800019943,0008-04-01 17:00:00,8,4,1,17,0,450,286,ROSETTE (ALLEE DE),,,Plein jour,En agglomération,Intersection en T,Normale,Deux véhicules - frontale,,,,,,,,,,,1,2,3,1,1
200800019944,0008-04-02 08:34:00,8,4,2,8,34,450,234,"14, ZOLA (EMILE)",,,Plein jour,En agglomération,Hors intersection,Normale,Deux véhicules - arrière,,,,,,,,,,,1,2,1,1,2
200800019945,0008-04-04 11:55:00,8,4,4,11,55,450,234,AUGUSTINS (QUAI DES),,,Plein jour,En agglomération,Intersection en T,Normale,Deux véhicules - côté,,,,,,,,,,,1,2,3,1,3
200800019946,0008-04-04 17:25:00,8,4,4,17,25,450,234,CHAMPILLOU (JEANNE),,,Plein jour,En agglomération,Hors intersection,Normale,Deux véhicules - côté,,,,,,,,,,,1,2,1,1,3
200800019947,0008-04-07 19:00:00,8,4,7,19,0,450,285,RN 60,,,Plein jour,Hors agglomération,Hors intersection,Normale,Deux véhicules - arrière,,,,,,,,,,,1,1,1,1,2
200800019948,0008-04-09 13:45:00,8,4,9,13,45,450,232,LOIRET (AVENUE DU),,,Plein jour,En agglomération,Intersection en T,Normale,Deux véhicules - côté,,,,,,,,,,,1,2,3,1,3
200800019949,0008-04-11 20:45:00,8,4,11,20,45,450,285,"19, BEAUHAIRE (RUE CHARL",,,Crépuscule ou aube,En agglomération,Hors intersection,Normale,Deux véhicules - arrière,,,,,,,,,,,2,2,1,1,2
200800019950,0008-04-11 12:55:00,8,4,11,12,55,450,285,MENDES FRANCE (AVENUE PI,,,Plein jour,En agglomération,Hors intersection,Normale,Autre collision,,,,,,,,,,,1,2,1,1,6
200800019951,0008-04-11 11:05:00,8,4,11,11,5,450,234,"54, CHATELET (QUAI DU)",,,Plein jour,En agglomération,Hors intersection,Normale,Autre collision,,,,,,,,,,,1,2,1,1,6
200800019952,0008-04-14 14:17:00,8,4,14,14,17,450,285,DOUMER (RUE PAUL),,,Plein jour,En agglomération,Intersection en X,Pluie forte,Deux véhicules - côté,,,,,,,,,,,1,2,2,3,3
200800019953,0008-04-21 13:00:00,8,4,21,13,0,450,302,"1695, CHARTRES (ANCIENNE",,,Plein jour,En agglomération,Intersection en T,Normale,Deux véhicules - côté,,,,,,,,,,,1,2,3,1,3
200800019954,0008-04-23 08:30:00,8,4,23,8,30,450,284,"1, LECLERC (AVENUE DU GE",,,Plein jour,En agglomération,Intersection en X,Normale,Deux véhicules - côté,,,,,,,,,,,1,2,2,1,3
200800019955,0008-04-23 10:30:00,8,4,23,10,30,450,284,"140, ZAY (RUE JEAN ZAY)",,,Plein jour,En agglomération,Hors intersection,Normale,Deux véhicules - côté,,,,,,,,,,,1,2,1,1,3
200800019956,0008-04-24 18:10:00,8,4,24,18,10,450,234,"34, FAUBOURG BANNIER (RU",,,Plein jour,En agglomération,Hors intersection,Normale,Autre collision,,,,,,,,,,,1,2,1,1,6
200800019957,0008-04-25 20:40:00,8,4,25,20,40,450,286,"22, BALLES (RUE DES)",,,Nuit avec éclairage allumé,En agglomération,Hors intersection,Normale,Autre collision,,,,,,,,,,,5,2,1,1,6
200800019958,0008-04-26 16:40:00,8,4,26,16,40,450,234,RENAN (RUE ERNEST),,,Plein jour,En agglomération,Intersection en X,Normale,Deux véhicules - côté,,,,,,,,,,,1,2,2,1,3
200800019959,0008-04-26 11:10:00,8,4,26,11,10,450,302,ROUTE NATIONALE 20,,,Plein jour,Hors agglomération,Giratoire,Normale,Trois véhicules et plus - collisions multiples,,,,,,,,,,,1,1,6,1,5
200800019960,0008-04-28 09:14:00,8,4,28,9,14,450,286,GALLOUX (AVENUE GASTON),,,Plein jour,En agglomération,Hors intersection,Pluie forte,Deux véhicules - côté,,,,,,,,,,,1,2,1,3,3
200800019961,0008-04-29 07:50:00,8,4,29,7,50,450,234,"21, ZAY (AVENUE JEAN ZAY",,,Plein jour,En agglomération,Hors intersection,Normale,Deux véhicules - arrière,,,,,,,,,,,1,2,1,1,2
200800019962,0008-04-30 15:20:00,8,4,30,15,20,450,234,RN 60,,,Plein jour,Hors agglomération,Hors intersection,Normale,Deux véhicules - côté,,,,,,,,,,,1,1,1,1,3
200800019963,0008-04-30 15:34:00,8,4,30,15,34,450,302,"1104, MONTARAN (RUE DE)",,,Plein jour,En agglomération,Hors intersection,Normale,Deux véhicules - côté,,,,,,,,,,,1,2,1,1,3
200800019964,0008-04-30 16:20:00,8,4,30,16,20,450,302,"2813, CHARTRES (ANCIENNE",,,Plein jour,En agglomération,Hors intersection,Normale,Autre collision,,,,,,,,,,,1,2,1,1,6
200800019965,0008-04-30 16:50:00,8,4,30,16,50,450,234,"6 BIS, BOLIERE (RUE DE L",,,Plein jour,En agglomération,Hors intersection,Pluie forte,Autre collision,,,,,,,,,,,1,2,1,3,6
200800019966,0008-04-30 23:00:00,8,4,30,23,0,450,285,RN 60,,,Nuit avec éclairage allumé,Hors agglomération,Hors intersection,Normale,Deux véhicules - arrière,,,,,,,,,,,5,1,1,1,2
200800019967,0008-04-01 14:30:00,8,4,1,14,30,460,42,Départementale 811 (entr,,,Plein jour,En agglomération,Autre intersection,Normale,Trois véhicules et plus - en chaîne,,,,,,,,,,,1,2,9,1,4
200800019968,0008-04-07 20:35:00,8,4,7,20,35,460,42,"34, HUGO (RUE VICTOR)",,,Plein jour,En agglomération,Intersection en X,Normale,Deux véhicules - côté,,,,,,,,,,,1,2,2,1,3
200800019969,0008-04-08 12:20:00,8,4,8,12,20,460,42,"93, GAMBETTA (BOULEVARD",,,Plein jour,En agglomération,Hors intersection,Temps couvert,Autre collision,,,,,,,,,,,1,2,1,8,6
200800019970,0008-04-26 09:50:00,8,4,26,9,50,460,191,", GRANDE RUE",,,Plein jour,En agglomération,Intersection en X,Normale,Deux véhicules - côté,,,,,,,,,,,1,2,2,1,3
200800019971,0008-04-02 07:05:00,8,4,2,7,5,470,27,VC 106,,,Crépuscule ou aube,Hors agglomération,Hors intersection,Normale,Sans collision,,,,,,,,,,,2,1,1,1,7
200800019972,0008-04-03 09:20:00,8,4,3,9,20,470,27,MIMOSAS (rue des),,,Plein jour,En agglomération,Hors intersection,Temps couvert,Deux véhicules - côté,,,,,,,,,,,1,2,1,8,3
200800019973,0008-04-14 18:20:00,8,4,14,18,20,470,323,"20, AGEN (AVENUE D')",,,Plein jour,En agglomération,Hors intersection,Normale,Trois véhicules et plus - en chaîne,,,,,,,,,,,1,2,1,1,4
200800019974,0008-04-29 12:30:00,8,4,29,12,30,470,323,"57, CASSENEUIL(ROUTE DE",,,Plein jour,En agglomération,Intersection en T,Normale,Deux véhicules - côté,,,,,,,,,,,1,2,3,1,3
200800019975,0008-04-02 12:08:00,8,4,2,12,8,480,95,"20, HUIT MAI 1945 (AVENU",44.52261,3.50118,Plein jour,En agglomération,Hors intersection,Normale,Autre collision,,,,,,,,,,,1,2,1,1,6
200800019976,0008-04-25 16:49:00,8,4,25,16,49,480,95,"2, THEOPHILE ROUSSEL (PL",44.51949,3.49711,Plein jour,En agglomération,Hors intersection,Normale,Deux véhicules - arrière,,,,,,,,,,,1,2,1,1,2
200800019977,0008-04-26 08:36:00,8,4,26,8,36,480,95,"2, BOURILLON (BOULEVARD",44.51629,3.49918,Plein jour,En agglomération,Hors intersection,Normale,Autre collision,,,,,,,,,,,1,2,1,1,6
200800019978,0008-04-01 16:44:00,8,4,1,16,44,490,7,", BRIOLLAY ROUTE",,,Plein jour,En agglomération,Intersection en X,Normale,Deux véhicules - côté,,,,,,,,,,,1,2,2,1,3
200800019979,0008-04-02 08:20:00,8,4,2,8,20,490,7,FOREST,,,Plein jour,En agglomération,Hors intersection,Normale,Deux véhicules - côté,,,,,,,,,,,1,2,1,1,3
200800019980,0008-04-02 11:42:00,8,4,2,11,42,490,7,BASSE CHAINE PONT,,,Plein jour,En agglomération,Hors intersection,Normale,Deux véhicules - arrière,,,,,,,,,,,1,2,1,1,2
200800019981,0008-04-02 17:15:00,8,4,2,17,15,490,7,COUFFON BOULEVARD SECTEU,,,Plein jour,En agglomération,Hors intersection,Normale,Deux véhicules - côté,,,,,,,,,,,1,2,1,1,3
200800019982,0008-04-02 14:50:00,8,4,2,14,50,490,7,"0, MILLOT BOULEVARD JACQ",,,Plein jour,En agglomération,Hors intersection,Normale,Autre collision,,,,,,,,,,,1,2,1,1,6
200800019983,0008-04-03 14:39:00,8,4,3,14,39,490,246,GAULLE RUE CHARLES DE,,,Plein jour,En agglomération,Hors intersection,Normale,Trois véhicules et plus - collisions multiples,,,,,,,,,,,1,2,1,1,5
200800019984,0008-04-03 17:13:00,8,4,3,17,13,490,7,DAVIERS BOULEVARD,,,Plein jour,En agglomération,Hors intersection,Normale,Deux véhicules - côté,,,,,,,,,,,1,2,1,1,3
200800019985,0008-04-04 18:10:00,8,4,4,18,10,490,7,LETANDUERE,,,Plein jour,En agglomération,Hors intersection,Normale,Sans collision,,,,,,,,,,,1,2,1,1,7
200800019986,0008-04-05 06:20:00,8,4,5,6,20,490,353,MALEMBARDIERES,,,Crépuscule ou aube,En agglomération,Hors intersection,Normale,Sans collision,,,,,,,,,,,2,2,1,1,7
200800019987,0008-04-06 13:51:00,8,4,6,13,51,490,7,LA BRUYERE,,,Plein jour,En agglomération,Hors intersection,Normale,Sans collision,,,,,,,,,,,1,2,1,1,7
200800019988,0008-04-06 21:47:00,8,4,6,21,47,490,7,ROI RENE BOULEVARD,,,Nuit avec éclairage allumé,En agglomération,Hors intersection,Normale,Deux véhicules - arrière,,,,,,,,,,,5,2,1,1,2
200800019989,0008-04-07 08:25:00,8,4,7,8,25,490,7,ANQUETIL PLACE,,,Plein jour,En agglomération,Hors intersection,Normale,Deux véhicules - côté,,,,,,,,,,,1,2,1,1,3
200800019990,0008-04-07 21:20:00,8,4,7,21,20,490,7,CHATEAUGONTIER,,,Nuit avec éclairage allumé,En agglomération,Hors intersection,Normale,Deux véhicules - côté,,,,,,,,,,,5,2,1,1,3
200800019991,0008-04-08 21:34:00,8,4,8,21,34,490,7,MUSEE,,,Nuit avec éclairage allumé,En agglomération,Hors intersection,Normale,Deux véhicules - frontale,,,,,,,,,,,5,2,1,1,1
200800019992,0008-04-09 10:09:00,8,4,9,10,9,490,7,HAUY,,,Plein jour,En agglomération,Hors intersection,Pluie légère,Deux véhicules - frontale,,,,,,,,,,,1,2,1,2,1
200800019993,0008-04-10 15:36:00,8,4,10,15,36,490,7,TARDAT,,,Plein jour,En agglomération,Hors intersection,Normale,Sans collision,,,,,,,,,,,1,2,1,1,7
200800019994,0008-04-11 07:20:00,8,4,11,7,20,490,246,HUGO VICTOR RUE,,,Crépuscule ou aube,En agglomération,Hors intersection,Normale,Deux véhicules - côté,,,,,,,,,,,2,2,1,1,3
200800019995,0008-04-11 17:15:00,8,4,11,17,15,490,7,RAMON BOULEVARD,,,Plein jour,En agglomération,Hors intersection,Normale,Sans collision,,,,,,,,,,,1,2,1,1,7
200800019996,0008-04-12 16:55:00,8,4,12,16,55,490,7,GAIN ( LOUIS),,,Plein jour,En agglomération,Hors intersection,Normale,Sans collision,,,,,,,,,,,1,2,1,1,7
200800019997,0008-04-14 07:58:00,8,4,14,7,58,490,15,POMPIDOU AVENUE GEORGES,,,Plein jour,En agglomération,Hors intersection,Normale,Sans collision,,,,,,,,,,,1,2,1,1,7
200800019998,0008-04-14 13:19:00,8,4,14,13,19,490,15,CANTENAY EPINARD ROUTE,,,Plein jour,En agglomération,Hors intersection,Pluie légère,Sans collision,,,,,,,,,,,1,2,1,2,7
200800019999,0008-04-14 18:37:00,8,4,14,18,37,490,7,TARDAT,,,Nuit avec éclairage allumé,En agglomération,Hors intersection,Normale,Deux véhicules - côté,,,,,,,,,,,5,2,1,1,3
200800020000,0008-04-14 08:26:00,8,4,14,8,26,490,267,A87N,,,Plein jour,Hors agglomération,Hors intersection,Normale,Trois véhicules et plus - en chaîne,,,,,,,,,,,1,1,1,1,4
200800020001,0008-04-15 15:38:00,8,4,15,15,38,490,7,GRAND MONTREJEAU,,,Plein jour,En agglomération,Hors intersection,Normale,Sans collision,,,,,,,,,,,1,2,1,1,7
200800020002,0008-04-16 08:36:00,8,4,16,8,36,490,7,CHURCHILL AVENUE ET SQUA,,,Plein jour,En agglomération,Hors intersection,Normale,Deux véhicules - côté,,,,,,,,,,,1,2,1,1,3
200800020003,0008-04-17 16:09:00,8,4,17,16,9,490,15,POMPIDOU AVENUE GEORGES,,,Plein jour,En agglomération,Hors intersection,Pluie légère,Deux véhicules - côté,,,,,,,,,,,1,2,1,2,3
200800020004,0008-04-17 15:19:00,8,4,17,15,19,490,353,PILARD,,,Plein jour,En agglomération,Hors intersection,Pluie légère,Deux véhicules - frontale,,,,,,,,,,,1,2,1,2,1
200800020005,0008-04-18 09:52:00,8,4,18,9,52,490,7,ACADEMIE PLACE,,,Plein jour,En agglomération,Hors intersection,Pluie légère,Sans collision,,,,,,,,,,,1,2,1,2,7
200800020006,0008-04-19 15:22:00,8,4,19,15,22,490,246,"0, GALLIENI AVENUE",,,Plein jour,En agglomération,Hors intersection,Normale,Sans collision,,,,,,,,,,,1,2,1,1,7
200800020007,0008-04-22 14:34:00,8,4,22,14,34,490,7,DEUX CROIX BOULEVARD,,,Plein jour,En agglomération,Hors intersection,Normale,Sans collision,,,,,,,,,,,1,2,1,1,7
200800020008,0008-04-25 08:10:00,8,4,25,8,10,490,7,ARBRISSEL,,,Plein jour,En agglomération,Hors intersection,Normale,Sans collision,,,,,,,,,,,1,2,1,1,7
200800020009,0008-04-25 14:00:00,8,4,25,14,0,490,7,DAGUENET,,,Plein jour,En agglomération,Hors intersection,Normale,Deux véhicules - arrière,,,,,,,,,,,1,2,1,1,2
200800020010,0008-04-25 14:20:00,8,4,25,14,20,490,7,MENDES FRANCE PLACE,,,Plein jour,En agglomération,Hors intersection,Normale,Deux véhicules - côté,,,,,,,,,,,1,2,1,1,3
200800020011,0008-04-25 19:11:00,8,4,25,19,11,490,7,LAREVELLIERE,,,Plein jour,En agglomération,Hors intersection,Normale,Sans collision,,,,,,,,,,,1,2,1,1,7
200800020012,0008-04-26 16:00:00,8,4,26,16,0,490,15,ROSES RUE DES,,,Plein jour,En agglomération,Hors intersection,Normale,Sans collision,,,,,,,,,,,1,2,1,1,7