accident_id,datetime,annee,mois,jour,heure,minute,departement,commune_insee,adresse,latitude,longitude,luminosite,agglomeration,intersection,meteo,collision,nb_vehicules,nb_usagers,nb_indemnes,nb_tues,nb_blesses_hosp,nb_blesses_legers,age_cond_1,age_cond_2,veh_type_cond_1,veh_type_cond_2,lum_code,agg_code,int_code,atm_code,col_code
200800020415,0008-04-02 18:20:00,8,4,2,18,20,640,102,VAINSOT (RUE),,,Plein jour,En agglomération,Intersection en T,Normale,Deux véhicules - côté,,,,,,,,,,,1,2,3,1,3
200800020416,0008-04-05 03:30:00,8,4,5,3,30,640,102,SOULT (AVENUE MARECHAL),,,Nuit avec éclairage allumé,En agglomération,Intersection en T,Normale,Deux véhicules - arrière,,,,,,,,,,,5,2,3,1,2
200800020417,0008-04-04 20:50:00,8,4,4,20,50,640,102,"1, SOULT (AVENUE MARECHA",,,Nuit avec éclairage allumé,En agglomération,Hors intersection,Normale,Deux véhicules - côté,,,,,,,,,,,5,2,1,1,3
200800020418,0008-04-08 14:20:00,8,4,8,14,20,640,102,"4 ter, JOUANDIN (AVENUE)",,,Plein jour,En agglomération,Hors intersection,Normale,Deux véhicules - côté,,,,,,,,,,,1,2,1,1,3
200800020419,0008-04-09 12:30:00,8,4,9,12,30,640,102,"12, D'ARROUSETS (RUE)",,,Plein jour,Hors agglomération,Hors intersection,Normale,Deux véhicules - frontale,,,,,,,,,,,1,1,1,1,1
200800020420,0008-04-11 13:10:00,8,4,11,13,10,640,102,AQUITAINE (AVENUE DE L'),,,Plein jour,En agglomération,Autre intersection,Temps couvert,Trois véhicules et plus - collisions multiples,,,,,,,,,,,1,2,9,8,5
200800020421,0008-04-11 23:28:00,8,4,11,23,28,640,24,"8, BAYONNE (AVENUE DE)",,,Nuit avec éclairage allumé,En agglomération,Hors intersection,Temps couvert,Autre collision,,,,,,,,,,,5,2,1,8,6
200800020422,0008-04-15 14:40:00,8,4,15,14,40,640,102,"21, REDOUTE (RUE DE LA)",,,Plein jour,En agglomération,Intersection en X,Normale,Autre collision,,,,,,,,,,,1,2,2,1,6
200800020423,0008-04-22 18:00:00,8,4,22,18,0,640,102,MELVILLE LYNCH (AVENUE),,,Plein jour,En agglomération,Intersection en T,Normale,Deux véhicules - côté,,,,,,,,,,,1,2,3,1,3
200800020424,0008-04-02 07:55:00,8,4,2,7,55,640,122,"., PEYRELOUBILH (RUE)",,,Plein jour,En agglomération,Intersection en X,Brouillard / fumée,Deux véhicules - côté,,,,,,,,,,,1,2,2,5,3
200800020425,0008-04-02 14:05:00,8,4,2,14,5,640,122,"., MARECHAL JOFFRE (RUE",,,Plein jour,En agglomération,Intersection en X,Normale,Deux véhicules - côté,,,,,,,,,,,1,2,2,1,3
200800020426,0008-04-07 20:50:00,8,4,7,20,50,640,122,"64, PIOCHE (AVENUE-IMPAS",,,Nuit avec éclairage allumé,En agglomération,Intersection en X,Pluie légère,Deux véhicules - côté,,,,,,,,,,,5,2,2,2,3
200800020427,0008-04-10 16:45:00,8,4,10,16,45,640,125,"840, ATHERBEA (AVENUE)",,,Plein jour,En agglomération,Hors intersection,Pluie légère,Deux véhicules - arrière,,,,,,,,,,,1,2,1,2,2
200800020428,0008-04-11 17:05:00,8,4,11,17,5,640,122,"., ""KENNEDY (AVENUE DU P",,,Plein jour,En agglomération,Hors intersection,Pluie légère,Autre collision,,,,,,,,,,,1,2,1,2,6
200800020429,0008-04-14 15:25:00,8,4,14,15,25,640,122,"22, MIGRON (AVENUE DE)",,,Plein jour,En agglomération,Hors intersection,Temps couvert,Deux véhicules - côté,,,,,,,,,,,1,2,1,8,3
200800020430,0008-04-16 09:45:00,8,4,16,9,45,640,122,"., PASTEUR (AVENUE)",,,Plein jour,En agglomération,Hors intersection,Normale,Sans collision,,,,,,,,,,,1,2,1,1,7
200800020431,0008-04-24 15:35:00,8,4,24,15,35,640,125,"., PLATEAU (AVENUE DU)",,,Plein jour,En agglomération,Hors intersection,Normale,Deux véhicules - frontale,,,,,,,,,,,1,2,1,1,1
200800020432,0008-04-28 12:10:00,8,4,28,12,10,640,122,"22, VERDUN (AVENUE DE)",,,Plein jour,En agglomération,Hors intersection,Normale,Sans collision,,,,,,,,,,,1,2,1,1,7
200800020433,0008-04-29 11:45:00,8,4,29,11,45,640,125,ESPAGNE (AVENUE D'),,,Plein jour,En agglomération,Hors intersection,Normale,Deux véhicules - côté,,,,,,,,,,,1,2,1,1,3
200800020434,0008-04-01 22:55:00,8,4,1,22,55,640,445,"1, MARCA",,,Nuit avec éclairage allumé,En agglomération,Intersection en T,Normale,Deux véhicules - côté,,,,,,,,,,,5,2,3,1,3
200800020435,0008-04-02 09:25:00,8,4,2,9,25,640,445,"150, PAIX",,,Plein jour,En agglomération,Hors intersection,Pluie légère,Deux véhicules - arrière,,,,,,,,,,,1,2,1,2,2
200800020436,0008-04-02 19:00:00,8,4,2,19,0,640,335,"00, D289",,,Crépuscule ou aube,Hors agglomération,Hors intersection,Normale,Sans collision,,,,,,,,,,,2,1,1,1,7
200800020437,0008-04-03 11:55:00,8,4,3,11,55,640,445,"0, ALSACE LORRAINE D'",,,Plein jour,En agglomération,Intersection en X,Normale,Deux véhicules - côté,,,,,,,,,,,1,2,2,1,3
200800020438,0008-04-04 07:55:00,8,4,4,7,55,640,445,"0, RICHELIEU",,,Plein jour,En agglomération,Intersection en X,Normale,Deux véhicules - côté,,,,,,,,,,,1,2,2,1,3
200800020439,0008-04-04 19:10:00,8,4,4,19,10,640,445,"1, TOURASSE",,,Plein jour,En agglomération,Intersection en X,Normale,Deux véhicules - côté,,,,,,,,,,,1,2,2,1,3
200800020440,0008-04-07 09:50:00,8,4,7,9,50,640,445,"35, HONORE BARADAT",,,Plein jour,En agglomération,Hors intersection,Normale,Trois véhicules et plus - collisions multiples,,,,,,,,,,,1,2,1,1,5
200800020441,0008-04-07 12:00:00,8,4,7,12,0,640,445,"1, COARRAZE DE",,,Plein jour,En agglomération,Intersection en X,Normale,Deux véhicules - côté,,,,,,,,,,,1,2,2,1,3
200800020442,0008-04-07 12:45:00,8,4,7,12,45,640,445,"0, TOURASSE",,,Plein jour,En agglomération,Autre intersection,Normale,Deux véhicules - côté,,,,,,,,,,,1,2,9,1,3
200800020443,0008-04-10 12:50:00,8,4,10,12,50,640,348,"0, MARCEL DASSAULT",,,Plein jour,En agglomération,Hors intersection,Normale,Deux véhicules - côté,,,,,,,,,,,1,2,1,1,3
200800020444,0008-04-10 17:20:00,8,4,10,17,20,640,445,"23, HENRI FAISANS",,,Plein jour,En agglomération,Hors intersection,Pluie légère,Autre collision,,,,,,,,,,,1,2,1,2,6
200800020445,0008-04-10 18:00:00,8,4,10,18,0,640,129,"0, ENTREPRENEURS DES",,,Plein jour,En agglomération,Hors intersection,Pluie légère,Deux véhicules - frontale,,,,,,,,,,,1,2,1,2,1
200800020446,0008-04-10 16:43:00,8,4,10,16,43,640,445,"4, EDOUARD HERRIOT",,,Plein jour,En agglomération,Hors intersection,Normale,Deux véhicules - côté,,,,,,,,,,,1,2,1,1,3
200800020447,0008-04-10 13:24:00,8,4,10,13,24,640,445,"0, LIEGE DE",,,Plein jour,En agglomération,Hors intersection,Normale,Autre collision,,,,,,,,,,,1,2,1,1,6
200800020448,0008-04-11 17:35:00,8,4,11,17,35,640,445,"1, ABBE BREMOND DE L'",,,Plein jour,En agglomération,Intersection en X,Pluie légère,Deux véhicules - côté,,,,,,,,,,,1,2,2,2,3
200800020449,0008-04-12 10:55:00,8,4,12,10,55,640,129,"1, GOLF DU",,,Plein jour,En agglomération,Intersection en T,Normale,Deux véhicules - côté,,,,,,,,,,,1,2,3,1,3
200800020450,0008-04-12 17:10:00,8,4,12,17,10,640,445,"1, CADRE NOIR DU",,,Plein jour,En agglomération,Hors intersection,Normale,Deux véhicules - côté,,,,,,,,,,,1,2,1,1,3
200800020451,0008-04-15 18:50:00,8,4,15,18,50,640,445,OLOF PALME,,,Plein jour,En agglomération,Hors intersection,Normale,Trois véhicules et plus - en chaîne,,,,,,,,,,,1,2,1,1,4
200800020452,0008-04-15 08:28:00,8,4,15,8,28,640,445,"1, BUROS DE",,,Plein jour,En agglomération,Intersection en X,Normale,Deux véhicules - arrière,,,,,,,,,,,1,2,2,1,2
200800020453,0008-04-16 16:50:00,8,4,16,16,50,640,445,"0, LYAUTEY",,,Plein jour,En agglomération,Hors intersection,Normale,Deux véhicules - côté,,,,,,,,,,,1,2,1,1,3
200800020454,0008-04-19 11:20:00,8,4,19,11,20,640,445,"03ter, ORLEANS D'",,,Plein jour,En agglomération,Hors intersection,Normale,Autre collision,,,,,,,,,,,1,2,1,1,6
200800020455,0008-04-22 08:15:00,8,4,22,8,15,640,445,"00, CHARLES BAUDELAIRE",,,Plein jour,En agglomération,Hors intersection,Pluie légère,Autre collision,,,,,,,,,,,1,2,1,2,6
200800020456,0008-04-24 05:05:00,8,4,24,5,5,640,445,"0, COMBATTANTS D' INDOCH",,,Crépuscule ou aube,En agglomération,Autre intersection,Normale,Autre collision,,,,,,,,,,,2,2,9,1,6
200800020457,0008-04-24 05:06:00,8,4,24,5,6,640,445,"0, LEON BERARD",,,Crépuscule ou aube,En agglomération,Hors intersection,Normale,Sans collision,,,,,,,,,,,2,2,1,1,7
200800020458,0008-04-26 22:50:00,8,4,26,22,50,640,129,"0, CHATEAU D'ESTE DU",,,Nuit avec éclairage allumé,En agglomération,Hors intersection,Normale,Autre collision,,,,,,,,,,,5,2,1,1,6
200800020459,0008-04-24 18:30:00,8,4,24,18,30,640,132,"0, GEORGES CLEMENCEAU",,,Plein jour,En agglomération,Hors intersection,Normale,Deux véhicules - côté,,,,,,,,,,,1,2,1,1,3
200800020460,0008-04-26 21:45:00,8,4,26,21,45,640,445,"140, JEAN MERMOZ",,,Nuit sans éclairage public,En agglomération,Hors intersection,Normale,Deux véhicules - côté,,,,,,,,,,,3,2,1,1,3
200800020461,0008-04-24 17:30:00,8,4,24,17,30,640,445,"0, LIEGE DE",,,Plein jour,En agglomération,Intersection en X,Normale,Deux véhicules - côté,,,,,,,,,,,1,2,2,1,3
200800020462,0008-04-27 19:50:00,8,4,27,19,50,640,445,"1, TOURASSE",,,Plein jour,En agglomération,Intersection en X,Normale,Deux véhicules - arrière,,,,,,,,,,,1,2,2,1,2
200800020463,0008-04-28 12:30:00,8,4,28,12,30,640,445,"0, BEZET DU",,,Plein jour,En agglomération,Hors intersection,Normale,Autre collision,,,,,,,,,,,1,2,1,1,6
200800020464,0008-04-28 16:20:00,8,4,28,16,20,640,445,"85, ALSACE LORRAINE D'",,,Plein jour,En agglomération,Hors intersection,Normale,Deux véhicules - côté,,,,,,,,,,,1,2,1,1,3
200800020465,0008-04-29 15:00:00,8,4,29,15,0,640,129,"90, BAYONNE DE",,,Plein jour,En agglomération,Hors intersection,Normale,Deux véhicules - côté,,,,,,,,,,,1,2,1,1,3
200800020466,0008-04-29 17:50:00,8,4,29,17,50,640,445,"0, UNIVERSITE DE L'",,,Plein jour,En agglomération,Hors intersection,Normale,Deux véhicules - arrière,,,,,,,,,,,1,2,1,1,2
200800020467,0008-04-30 09:40:00,8,4,30,9,40,640,129,TONKIN DU,,,Plein jour,En agglomération,Giratoire,Normale,Deux véhicules - côté,,,,,,,,,,,1,2,6,1,3
200800020468,0008-04-30 14:50:00,8,4,30,14,50,640,445,"1, CASTETNAU",,,Plein jour,En agglomération,Hors intersection,Normale,Autre collision,,,,,,,,,,,1,2,1,1,6
200800020469,0008-04-05 17:40:00,8,4,5,17,40,640,260,"1, EGLISE ESCALIER (RUE",,,Plein jour,En agglomération,Hors intersection,Normale,Autre collision,,,,,,,,,,,1,2,1,1,6
200800020470,0008-04-06 16:45:00,8,4,6,16,45,640,260,"117, MER (BOULEVARD DE L",,,Plein jour,En agglomération,Hors intersection,Normale,Autre collision,,,,,,,,,,,1,2,1,1,6
200800020471,0008-04-24 15:40:00,8,4,24,15,40,640,545,CD 810,,,Plein jour,Hors agglomération,Hors intersection,Normale,Deux véhicules - côté,,,,,,,,,,,1,1,1,1,3
200800020472,0008-04-25 13:10:00,8,4,25,13,10,640,260,"1, PELLOT (RUE)",,,Plein jour,En agglomération,Hors intersection,Normale,Deux véhicules - arrière,,,,,,,,,,,1,2,1,1,2
200800020473,0008-04-11 07:55:00,8,4,11,7,55,640,189,"51, JAURES JEAN  (AVENUE",,,Plein jour,En agglomération,Hors intersection,Normale,Deux véhicules - côté,,,,,,,,,,,1,2,1,1,3
200800020474,0008-04-11 15:30:00,8,4,11,15,30,640,545,RD810,,,Plein jour,En agglomération,Hors intersection,Normale,Sans collision,,,,,,,,,,,1,2,1,1,7
200800020475,0008-04-13 02:00:00,8,4,13,2,0,640,483,PASSICOT JEAN MARTIN (BD,,,Nuit avec éclairage allumé,En agglomération,Hors intersection,Normale,Sans collision,,,,,,,,,,,5,2,1,1,7
200800020476,0008-04-15 08:25:00,8,4,15,8,25,640,483,"13, DUPONT (ALLEE)",,,Plein jour,En agglomération,Hors intersection,Normale,Autre collision,,,,,,,,,,,1,2,1,1,6
200800020477,0008-04-15 17:55:00,8,4,15,17,55,640,545,"11, UNTXIN (RUE DE L')",,,Plein jour,En agglomération,Hors intersection,Normale,Deux véhicules - arrière,,,,,,,,,,,1,2,1,1,2
200800020478,0008-04-25 18:15:00,8,4,25,18,15,640,189,JAURES JEAN  (AVENUE),,,Plein jour,En agglomération,Hors intersection,Normale,Autre collision,,,,,,,,,,,1,2,1,1,6
200800020479,0008-04-25 18:16:00,8,4,25,18,16,640,189,RD810,,,Plein jour,En agglomération,Hors intersection,Pluie légère,Autre collision,,,,,,,,,,,1,2,1,2,6
200800020480,0008-04-26 18:55:00,8,4,26,18,55,640,545,IBARDIN (ROUTE D'),,,Plein jour,Hors agglomération,Hors intersection,Normale,Deux véhicules - côté,,,,,,,,,,,1,1,1,1,3
200800020481,0008-04-27 18:10:00,8,4,27,18,10,640,483,"83, THIERS ADOLPHE (BOUL",,,Plein jour,En agglomération,Hors intersection,Normale,Autre collision,,,,,,,,,,,1,2,1,1,6
200800020482,0008-04-28 14:50:00,8,4,28,14,50,640,483,RD810,,,Plein jour,En agglomération,Hors intersection,Pluie légère,Deux véhicules - côté,,,,,,,,,,,1,2,1,2,3
200800020483,0008-04-14 17:20:00,8,4,14,17,20,640,483,"1, LATTRE DE TASSIGNY (R",,,Plein jour,En agglomération,Hors intersection,Normale,Deux véhicules - côté,,,,,,,,,,,1,2,1,1,3
200800020484,0008-04-15 16:10:00,8,4,15,16,10,640,483,"12, INDUSTRIE (RUE DE L'",,,Plein jour,En agglomération,Intersection en X,Normale,Deux véhicules - côté,,,,,,,,,,,1,2,2,1,3
200800020485,0008-04-07 09:00:00,8,4,7,9,0,640,260,"7, EGLISE ESCALIER (RUE",,,Plein jour,En agglomération,Intersection en T,Normale,Autre collision,,,,,,,,,,,1,2,3,1,6
200800020486,0008-04-22 23:45:00,8,4,22,23,45,650,286,"1, MARANSIN (CHAUSSEE)",,,Nuit avec éclairage allumé,En agglomération,Intersection à plus de 4 branches,Normale,Deux véhicules - arrière,,,,,,,,,,,5,2,5,1,2
200800020487,0008-04-22 14:20:00,8,4,22,14,20,650,286,BAGNERES (RUE DE),,,Plein jour,En agglomération,Intersection en T,Normale,Deux véhicules - frontale,,,,,,,,,,,1,2,3,1,1
200800020488,0008-04-26 20:30:00,8,4,26,20,30,650,286,", GROTTE (RUE DE LA)",,,Plein jour,En agglomération,Hors intersection,Normale,Autre collision,,,,,,,,,,,1,2,1,1,6
200800020489,0008-04-29 08:25:00,8,4,29,8,25,650,286,"01, ALSACE LORRAINE (RUE",,,Plein jour,En agglomération,Hors intersection,Normale,Autre collision,,,,,,,,,,,1,2,1,1,6
200800020490,0008-04-02 18:30:00,8,4,2,18,30,650,100,"15, SEMARD (RUE PIERRE)",,,Plein jour,En agglomération,Hors intersection,Normale,Deux véhicules - arrière,,,,,,,,,,,1,2,1,1,2
200800020491,0008-04-04 15:15:00,8,4,4,15,15,650,440,"., BERGES (RUE ARISTIDE)",,,Plein jour,En agglomération,Intersection en T,Normale,Deux véhicules - côté,,,,,,,,,,,1,2,3,1,3
200800020492,0008-04-09 07:45:00,8,4,9,7,45,650,47,JAURES (AVE JEAN),,,Crépuscule ou aube,En agglomération,Intersection en T,Normale,Deux véhicules - côté,,,,,,,,,,,2,2,3,1,3
200800020493,0008-04-15 18:30:00,8,4,15,18,30,650,417,"., REPUBLIQUE (RUE DE LA",,,Plein jour,En agglomération,Intersection en X,Normale,Autre collision,,,,,,,,,,,1,2,2,1,6
200800020494,0008-04-16 18:45:00,8,4,16,18,45,650,47,"136, JAURES (AVE JEAN)",,,Plein jour,En agglomération,Hors intersection,Normale,Deux véhicules - côté,,,,,,,,,,,1,2,1,1,3
200800020495,0008-04-25 18:35:00,8,4,25,18,35,650,440,"., FOIRAIL (PLACE DU)",,,Plein jour,En agglomération,Intersection en T,Normale,Autre collision,,,,,,,,,,,1,2,3,1,6
200800020496,0008-04-27 16:30:00,8,4,27,16,30,650,440,"., MARCADIEU (PLACE)",,,Plein jour,En agglomération,Intersection en T,Normale,Autre collision,,,,,,,,,,,1,2,3,1,6
200800020497,0008-04-24 18:25:00,8,4,24,18,25,660,136,ARGELES SUR MER AVENUE D,,,Plein jour,En agglomération,Hors intersection,Normale,Trois véhicules et plus - collisions multiples,,,,,,,,,,,1,2,1,1,5
200800020498,0008-04-25 11:10:00,8,4,25,11,10,660,136,"01, TORCATIS (AVENUE LOU",,,Plein jour,En agglomération,Hors intersection,Normale,Autre collision,,,,,,,,,,,1,2,1,1,6
200800020499,0008-04-28 05:05:00,8,4,28,5,5,660,136,Départementale  617,,,Nuit sans éclairage public,Hors agglomération,Hors intersection,Normale,Autre collision,,,,,,,,,,,3,1,1,1,6
200800020500,0008-04-04 04:52:00,8,4,4,4,52,670,462,"75, STRASBOURG (ROUTE DE",,,Nuit avec éclairage allumé,En agglomération,Intersection en T,Temps couvert,Deux véhicules - côté,,,,,,,,,,,5,2,3,8,3
200800020501,0008-04-01 08:45:00,8,4,1,8,45,670,482,"0, IRIS (RUE DES)",,,Plein jour,En agglomération,Intersection en X,Normale,Deux véhicules - côté,,,,,,,,,,,1,2,2,1,3
200800020502,0008-04-01 18:25:00,8,4,1,18,25,670,447,"11, SEBASTIEN BRANT (RUE",,,Plein jour,En agglomération,Hors intersection,Normale,Autre collision,,,,,,,,,,,1,2,1,1,6
200800020503,0008-04-01 19:30:00,8,4,1,19,30,670,43,"20, ACACIAS (PASSAGE DES",,,Plein jour,En agglomération,Hors intersection,Normale,Autre collision,,,,,,,,,,,1,2,1,1,6
200800020504,0008-04-03 18:45:00,8,4,3,18,45,670,482,"0, MULHOUSE (RUE DE)",,,Plein jour,En agglomération,Intersection en X,Normale,Autre collision,,,,,,,,,,,1,2,2,1,6
200800020505,0008-04-04 13:30:00,8,4,4,13,30,670,482,"0, MARAIS KAGENECK (RUE",,,Plein jour,En agglomération,Hors intersection,Normale,Autre collision,,,,,,,,,,,1,2,1,1,6
200800020506,0008-04-04 14:30:00,8,4,4,14,30,670,482,"0, POLYGONE (ROUTE DU)",,,Plein jour,En agglomération,Intersection en X,Normale,Deux véhicules - côté,,,,,,,,,,,1,2,2,1,3
200800020507,0008-04-04 16:00:00,8,4,4,16,0,670,482,"0, EUROPE (PONT DE L )",,,Plein jour,En agglomération,Hors intersection,Normale,Deux véhicules - côté,,,,,,,,,,,1,2,1,1,3
200800020508,0008-04-04 21:05:00,8,4,4,21,5,670,482,"0, MICHEL ANGE (RUE)",,,Nuit sans éclairage public,En agglomération,Intersection en X,Normale,Deux véhicules - côté,,,,,,,,,,,3,2,2,1,3
200800020509,0008-04-05 12:15:00,8,4,5,12,15,670,365,GEISPOLSHEIM (RUE DE),,,Plein jour,Hors agglomération,Hors intersection,Normale,Deux véhicules - frontale,,,,,,,,,,,1,1,1,1,1
200800020510,0008-04-05 17:50:00,8,4,5,17,50,670,482,HOPITAL (ROUTE DE L ),,,Plein jour,En agglomération,Intersection en X,Normale,Deux véhicules - côté,,,,,,,,,,,1,2,2,1,3
200800020511,0008-04-08 06:20:00,8,4,8,6,20,670,482,"00, ALPES (QUAI DES)",,,Nuit avec éclairage allumé,En agglomération,Intersection en T,Normale,Deux véhicules - côté,,,,,,,,,,,5,2,3,1,3
200800020512,0008-04-08 08:30:00,8,4,8,8,30,670,482,"28, MARSEILLAISE (AVENUE",,,Plein jour,En agglomération,Hors intersection,Normale,Autre collision,,,,,,,,,,,1,2,1,1,6
200800020513,0008-04-08 17:00:00,8,4,8,17,0,670,482,"00, SEBASTIEN BRANT (PLA",,,Plein jour,En agglomération,Intersection en X,Normale,Deux véhicules - côté,,,,,,,,,,,1,2,2,1,3
200800020514,0008-04-08 19:10:00,8,4,8,19,10,670,447,"9, PROVENCE (RUE DE)",,,Plein jour,En agglomération,Hors intersection,Normale,Autre collision,,,,,,,,,,,1,2,1,1,6
200800020515,0008-04-08 22:30:00,8,4,8,22,30,670,482,"00, NOYER (RUE DU)",,,Nuit avec éclairage allumé,En agglomération,Hors intersection,Normale,Sans collision,,,,,,,,,,,5,2,1,1,7
200800020516,0008-04-09 08:15:00,8,4,9,8,15,670,204,"32, BRUMATH (ROUTE DE)",,,Plein jour,En agglomération,Hors intersection,Pluie légère,Deux véhicules - frontale,,,,,,,,,,,1,2,1,2,1
200800020517,0008-04-09 15:40:00,8,4,9,15,40,670,482,"9, FISCHART (RUE)",,,Plein jour,En agglomération,Hors intersection,Pluie légère,Autre collision,,,,,,,,,,,1,2,1,2,6
200800020518,0008-04-10 14:35:00,8,4,10,14,35,670,482,"00, OBERHAUSBERGEN (ROUT",,,Plein jour,En agglomération,Intersection en X,Pluie légère,Deux véhicules - côté,,,,,,,,,,,1,2,2,2,3
200800020519,0008-04-10 18:50:00,8,4,10,18,50,670,482,ROBERTSAU (ALLEE DE LA),,,Crépuscule ou aube,En agglomération,Intersection en T,Pluie légère,Deux véhicules - côté,,,,,,,,,,,2,2,3,2,3
200800020520,0008-04-10 19:55:00,8,4,10,19,55,670,218,"00, ALFRED KASTLER (ROUT",,,Nuit sans éclairage public,Hors agglomération,Hors intersection,Pluie légère,Trois véhicules et plus - collisions multiples,,,,,,,,,,,3,1,1,2,5
200800020521,0008-04-11 15:30:00,8,4,11,15,30,670,482,"00, TAULER (BOULEVARD)",,,Plein jour,En agglomération,Intersection en X,Pluie forte,Deux véhicules - côté,,,,,,,,,,,1,2,2,3,3
200800020522,0008-04-12 08:40:00,8,4,12,8,40,670,267,"1, ALOUETTES (RUE DES)",,,Plein jour,En agglomération,Hors intersection,Normale,Autre collision,,,,,,,,,,,1,2,1,1,6
200800020523,0008-04-12 13:45:00,8,4,12,13,45,670,447,"39, BISCHWILLER (ROUTE D",,,Plein jour,En agglomération,Hors intersection,Normale,Autre collision,,,,,,,,,,,1,2,1,1,6
200800020524,0008-04-13 01:30:00,8,4,13,1,30,670,482,"00, BALE (RUE DE)",,,Nuit avec éclairage allumé,En agglomération,Intersection en X,Normale,Deux véhicules - côté,,,,,,,,,,,5,2,2,1,3
200800020525,0008-04-13 03:10:00,8,4,13,3,10,670,482,"00, NEUHOF (ROUTE)",,,Nuit avec éclairage allumé,En agglomération,Hors intersection,Normale,Sans collision,,,,,,,,,,,5,2,1,1,7
200800020526,0008-04-14 10:50:00,8,4,14,10,50,670,482,"00, MASSENET (RUE)",,,Plein jour,En agglomération,Intersection en X,Normale,Deux véhicules - côté,,,,,,,,,,,1,2,2,1,3
200800020527,0008-04-14 17:10:00,8,4,14,17,10,670,482,"144, SCHIRMECK (ROUTE DE",,,Plein jour,En agglomération,Hors intersection,Pluie forte,Autre collision,,,,,,,,,,,1,2,1,3,6
200800020528,0008-04-15 16:55:00,8,4,15,16,55,670,482,"0, REDOUTE (RUE DE LA)",,,Plein jour,En agglomération,Hors intersection,Pluie légère,Deux véhicules - frontale,,,,,,,,,,,1,2,1,2,1
200800020529,0008-04-18 19:35:00,8,4,18,19,35,670,482,"00, PLAINE DES BOUCHERS",,,Crépuscule ou aube,En agglomération,Intersection en T,Normale,Deux véhicules - côté,,,,,,,,,,,2,2,3,1,3
200800020530,0008-04-19 04:25:00,8,4,19,4,25,670,482,"00, ERHARD (RUE SAINT)",,,Nuit avec éclairage allumé,En agglomération,Intersection en X,Normale,Autre collision,,,,,,,,,,,5,2,2,1,6
200800020531,0008-04-19 14:20:00,8,4,19,14,20,670,482,"00, ROTTERDAM (RUE DE)",,,Plein jour,En agglomération,Giratoire,Normale,Deux véhicules - côté,,,,,,,,,,,1,2,6,1,3
200800020532,0008-04-19 19:00:00,8,4,19,19,0,670,482,"0, PHALSBOURG (RUE DE)",,,Plein jour,En agglomération,Intersection en X,Normale,Deux véhicules - côté,,,,,,,,,,,1,2,2,1,3
200800020533,0008-04-21 07:30:00,8,4,21,7,30,670,482,"0, NORMANDIE (AVENUE DE)",,,Plein jour,En agglomération,Hors intersection,Normale,Deux véhicules - frontale,,,,,,,,,,,1,2,1,1,1
200800020534,0008-04-21 08:55:00,8,4,21,8,55,670,482,"0, MARTIN SCHONGAUER (RU",,,Plein jour,En agglomération,Hors intersection,Normale,Autre collision,,,,,,,,,,,1,2,1,1,6
200800020535,0008-04-21 14:16:00,8,4,21,14,16,670,482,"48, FAUBOURG DE PIERRE (",,,Plein jour,En agglomération,Hors intersection,Pluie légère,Deux véhicules - côté,,,,,,,,,,,1,2,1,2,3
200800020536,0008-04-24 08:50:00,8,4,24,8,50,670,43,ROBERTSAU (RUE DE LA),,,Plein jour,En agglomération,Intersection en T,Normale,Deux véhicules - côté,,,,,,,,,,,1,2,3,1,3
200800020537,0008-04-24 09:15:00,8,4,24,9,15,670,482,CLEMENCEAU (BOULEVARD),,,Plein jour,En agglomération,Intersection en X,Normale,Deux véhicules - côté,,,,,,,,,,,1,2,2,1,3
200800020538,0008-04-24 12:30:00,8,4,24,12,30,670,482,"17, WESTHOFFEN (RUE DE)",,,Plein jour,En agglomération,Hors intersection,Normale,Autre collision,,,,,,,,,,,1,2,1,1,6
200800020539,0008-04-24 20:05:00,8,4,24,20,5,670,43,"00, FOSSE NEUF (RUE DU)",,,Plein jour,En agglomération,Intersection en X,Normale,Autre collision,,,,,,,,,,,1,2,2,1,6
200800020540,0008-04-25 02:30:00,8,4,25,2,30,670,482,"9, CUIVRE (CHEMIN DU)",,,Nuit avec éclairage allumé,En agglomération,Hors intersection,Pluie légère,Autre collision,,,,,,,,,,,5,2,1,2,6
200800020541,0008-04-25 23:10:00,8,4,25,23,10,670,482,"00, LOUIS PASTEUR (PONT)",,,Nuit avec éclairage allumé,En agglomération,Hors intersection,Normale,Deux véhicules - côté,,,,,,,,,,,5,2,1,1,3
200800020542,0008-04-26 00:15:00,8,4,26,0,15,670,482,"00, ANVERS (PONT D )",,,Nuit avec éclairage allumé,En agglomération,Hors intersection,Normale,Deux véhicules - arrière,,,,,,,,,,,5,2,1,1,2
200800020543,0008-04-26 11:40:00,8,4,26,11,40,670,482,"00, BRUMATH (ROUTE DE)",,,Plein jour,En agglomération,Intersection en Y,Normale,Deux véhicules - côté,,,,,,,,,,,1,2,4,1,3
200800020544,0008-04-26 19:30:00,8,4,26,19,30,670,482,"0, GENERAL PICQUART (RUE",,,Crépuscule ou aube,En agglomération,Intersection en T,Normale,Deux véhicules - côté,,,,,,,,,,,2,2,3,1,3
200800020545,0008-04-28 07:15:00,8,4,28,7,15,670,482,"00, PAUL DOPF",,,Plein jour,En agglomération,Hors intersection,Normale,Deux véhicules - côté,,,,,,,,,,,1,2,1,1,3
200800020546,0008-04-28 15:15:00,8,4,28,15,15,670,482,"207, OBERHAUSBERGEN (ROU",,,Plein jour,En agglomération,Hors intersection,Normale,Autre collision,,,,,,,,,,,1,2,1,1,6
200800020547,0008-04-28 15:55:00,8,4,28,15,55,670,482,"78, BOECKLIN (RUE)",,,Plein jour,En agglomération,Hors intersection,Pluie légère,Autre collision,,,,,,,,,,,1,2,1,2,6