accident_id,datetime,annee,mois,jour,heure,minute,departement,commune_insee,adresse,latitude,longitude,luminosite,agglomeration,intersection,meteo,collision,nb_vehicules,nb_usagers,nb_indemnes,nb_tues,nb_blesses_hosp,nb_blesses_legers,age_cond_1,age_cond_2,veh_type_cond_1,veh_type_cond_2,lum_code,agg_code,int_code,atm_code,col_code
200800020681,0008-04-25 02:15:00,8,4,25,2,15,760,296,RN 15,,,Nuit sans éclairage public,En agglomération,Hors intersection,Normale,Autre collision,,,,,,,,,,,3,2,1,1,6
200800020682,0008-04-28 01:15:00,8,4,28,1,15,760,351,"18, JEAN CHARCOT",,,Nuit avec éclairage allumé,En agglomération,Hors intersection,Normale,Autre collision,,,,,,,,,,,5,2,1,1,6
200800020683,0008-04-28 08:00:00,8,4,28,8,0,760,447,PABLO NERUDA,,,Plein jour,En agglomération,Hors intersection,Normale,Autre collision,,,,,,,,,,,1,2,1,1,6
200800020684,0008-04-07 17:35:00,8,4,7,17,35,770,108,"26, CHILPERIC (BOULEVARD",,,Plein jour,En agglomération,Hors intersection,Normale,Autre collision,,,,,,,,,,,1,2,1,1,6
200800020685,0008-04-12 16:50:00,8,4,12,16,50,770,517,BROU (ROUTE DE),,,Plein jour,En agglomération,Hors intersection,Normale,Deux véhicules - côté,,,,,,,,,,,1,2,1,1,3
200800020686,0008-04-14 20:30:00,8,4,14,20,30,770,108,"39, RESISTANCE (AVENUE D",,,Crépuscule ou aube,En agglomération,Hors intersection,Normale,Autre collision,,,,,,,,,,,2,2,1,1,6
200800020687,0008-04-17 08:35:00,8,4,17,8,35,770,108,SCIENCES (AVENUE DES),,,Plein jour,En agglomération,Intersection en X,Normale,Deux véhicules - côté,,,,,,,,,,,1,2,2,1,3
200800020688,0008-04-11 14:15:00,8,4,11,14,15,770,152,"195, BOUILLANTS(RUE DES",,,Plein jour,En agglomération,Hors intersection,Normale,Autre collision,,,,,,,,,,,1,2,1,1,6
200800020689,0008-04-19 16:50:00,8,4,19,16,50,770,518,D142,,,Plein jour,Hors agglomération,Intersection en X,Normale,Trois véhicules et plus - collisions multiples,,,,,,,,,,,1,1,2,1,5
200800020690,0008-04-17 07:30:00,8,4,17,7,30,770,407,"126, GRANDE(RUE )",,,Plein jour,En agglomération,Hors intersection,Normale,Deux véhicules - côté,,,,,,,,,,,1,2,1,1,3
200800020691,0008-04-04 15:30:00,8,4,4,15,30,770,186,"207, SAINT MERRY (RUE)",,,Plein jour,En agglomération,Hors intersection,Normale,Autre collision,,,,,,,,,,,1,2,1,1,6
200800020692,0008-04-08 10:25:00,8,4,8,10,25,770,186,LIBERATION (CARREFOUR DE,,,Plein jour,En agglomération,Giratoire,Normale,Deux véhicules - côté,,,,,,,,,,,1,2,6,1,3
200800020693,0008-04-09 08:25:00,8,4,9,8,25,770,186,"172, GRANDE (RUE)",,,Plein jour,En agglomération,Hors intersection,Normale,Sans collision,,,,,,,,,,,1,2,1,1,7
200800020694,0008-04-12 16:20:00,8,4,12,16,20,770,186,RD148 carrefour DIANE à,,,Plein jour,Hors agglomération,Hors intersection,Normale,Sans collision,,,,,,,,,,,1,1,1,1,7
200800020695,0008-04-15 14:43:00,8,4,15,14,43,770,284,"17, ROSE (BD.JEAN)",,,Plein jour,En agglomération,Hors intersection,Normale,Autre collision,,,,,,,,,,,1,2,1,1,6
200800020696,0008-04-16 06:05:00,8,4,16,6,5,770,284,VARREDES (ROUTE DE),,,Nuit sans éclairage public,Hors agglomération,Hors intersection,Normale,Deux véhicules - frontale,,,,,,,,,,,3,1,1,1,1
200800020697,0008-04-16 08:45:00,8,4,16,8,45,770,284,"39, GALLIENI (AVENUE)",,,Plein jour,En agglomération,Hors intersection,Normale,Deux véhicules - arrière,,,,,,,,,,,1,2,1,1,2
200800020698,0008-04-16 13:50:00,8,4,16,13,50,770,284,"45, EPINETTE (AV.DE L')",,,Plein jour,En agglomération,Hors intersection,Normale,Deux véhicules - côté,,,,,,,,,,,1,2,1,1,3
200800020699,0008-04-28 00:20:00,8,4,28,0,20,770,284,RN N° 3 (ROUTE NATIONALE,,,Nuit avec éclairage allumé,En agglomération,Hors intersection,Normale,Deux véhicules - arrière,,,,,,,,,,,5,2,1,1,2
200800020700,0008-04-04 14:35:00,8,4,4,14,35,770,288,"32, SAINT ETIENNE (RUE)",,,Plein jour,En agglomération,Hors intersection,Temps éblouissant,Autre collision,,,,,,,,,,,1,2,1,7,6
200800020701,0008-04-11 09:10:00,8,4,11,9,10,770,288,", SAINT LIESNE (RUE)",,,Plein jour,En agglomération,Intersection en T,Normale,Deux véhicules - côté,,,,,,,,,,,1,2,3,1,3
200800020702,0008-04-15 12:05:00,8,4,15,12,5,770,288,"34 bis, SAINT BARTHELEMY",,,Plein jour,En agglomération,Intersection en X,Normale,Deux véhicules - côté,,,,,,,,,,,1,2,2,1,3
200800020703,0008-04-17 03:50:00,8,4,17,3,50,770,445,REGALLES (AVENUE DES),,,Nuit avec éclairage allumé,En agglomération,Hors intersection,Normale,Autre collision,,,,,,,,,,,5,2,1,1,6
200800020704,0008-04-23 16:10:00,8,4,23,16,10,770,445,"1, EUROPE (AVENUE DE L')",,,Plein jour,En agglomération,Hors intersection,Normale,Deux véhicules - arrière,,,,,,,,,,,1,2,1,1,2
200800020705,0008-04-15 17:20:00,8,4,15,17,20,770,122,REPUBLIQUE(AVENUE DE LA),,,Plein jour,En agglomération,Hors intersection,Normale,Autre collision,,,,,,,,,,,1,2,1,1,6
200800020706,0008-04-01 07:20:00,8,4,1,7,20,770,245,LES PETITES FONTAINES,,,Crépuscule ou aube,Hors agglomération,Intersection en T,Normale,Sans collision,,,,,,,,,,,2,1,3,1,7
200800020707,0008-04-09 12:10:00,8,4,9,12,10,770,333,PARIS (RUE DE)RD 607,,,Plein jour,En agglomération,Intersection en X,Pluie légère,Deux véhicules - côté,,,,,,,,,,,1,2,2,2,3
200800020708,0008-04-18 07:55:00,8,4,18,7,55,770,216,DEPARTEMENTALE 63,,,Crépuscule ou aube,Hors agglomération,Hors intersection,Normale,Deux véhicules - frontale,,,,,,,,,,,2,1,1,1,1
200800020709,0008-04-12 20:45:00,8,4,12,20,45,770,258,LACS (COURS DES),,,Nuit avec éclairage allumé,En agglomération,Hors intersection,Normale,Sans collision,,,,,,,,,,,5,2,1,1,7
200800020710,0008-04-20 19:30:00,8,4,20,19,30,770,121,"08, MELUN (RUE DE)",,,Plein jour,En agglomération,Hors intersection,Normale,Deux véhicules - côté,,,,,,,,,,,1,2,1,1,3
200800020711,0008-04-25 19:15:00,8,4,25,19,15,770,258,"20, NELSON MANDELA (ROND",,,Plein jour,En agglomération,Giratoire,Normale,Deux véhicules - côté,,,,,,,,,,,1,2,6,1,3
200800020712,0008-04-04 20:20:00,8,4,4,20,20,770,403,Départementale 236,,,Nuit sans éclairage public,Hors agglomération,Hors intersection,Normale,Autre collision,,,,,,,,,,,3,1,1,1,6
200800020713,0008-04-28 08:05:00,8,4,28,8,5,780,126,JONCHERE (AVENUE DE LA),,,Plein jour,En agglomération,Hors intersection,Normale,Deux véhicules - côté,,,,,,,,,,,1,2,1,1,3
200800020714,0008-04-15 17:55:00,8,4,15,17,55,780,208,"indeter, TEMPLIERS (ROND",,,Plein jour,En agglomération,Hors intersection,Normale,Sans collision,,,,,,,,,,,1,2,1,1,7
200800020715,0008-04-22 12:00:00,8,4,22,12,0,780,168,NATIONALE 10 (ROUTE),,,Plein jour,En agglomération,Hors intersection,Normale,Deux véhicules - arrière,,,,,,,,,,,1,2,1,1,2
200800020716,0008-04-03 18:20:00,8,4,3,18,20,780,423,"ignoré, PARC (AVENUE DU)",,,Plein jour,En agglomération,Intersection en X,Normale,Deux véhicules - frontale,,,,,,,,,,,1,2,2,1,1
200800020717,0008-04-08 13:45:00,8,4,8,13,45,780,688,FLEURS (RUE AUX),,,Plein jour,En agglomération,Giratoire,Normale,Deux véhicules - côté,,,,,,,,,,,1,2,6,1,3
200800020718,0008-04-09 10:20:00,8,4,9,10,20,780,423,"5, PRES (AVENUE DES)",,,Plein jour,En agglomération,Hors intersection,Normale,Deux véhicules - côté,,,,,,,,,,,1,2,1,1,3
200800020719,0008-04-26 16:00:00,8,4,26,16,0,780,297,CD 91,,,Plein jour,En agglomération,Hors intersection,Normale,Sans collision,,,,,,,,,,,1,2,1,1,7
200800020720,0008-04-01 08:05:00,8,4,1,8,5,780,311,"13, HENRI BARBUSSE (BOUL",,,Plein jour,En agglomération,Intersection en T,Normale,Deux véhicules - côté,,,,,,,,,,,1,2,3,1,3
200800020721,0008-04-12 07:35:00,8,4,12,7,35,780,311,JEAN JAURES (BOULEVARD),,,Plein jour,En agglomération,Intersection en T,Normale,Deux véhicules - côté,,,,,,,,,,,1,2,3,1,3
200800020722,0008-04-03 09:50:00,8,4,3,9,50,780,361,"57, Boulevard Maréchal J",,,Plein jour,En agglomération,Hors intersection,Normale,Autre collision,,,,,,,,,,,1,2,1,1,6
200800020723,0008-04-03 12:20:00,8,4,3,12,20,780,361,"18, RUE MAURICE BRAUNSTE",,,Plein jour,En agglomération,Hors intersection,Normale,Autre collision,,,,,,,,,,,1,2,1,1,6
200800020724,0008-04-03 18:25:00,8,4,3,18,25,780,361,"02, PLACE DE LA REPUBLIQ",,,Plein jour,En agglomération,Hors intersection,Normale,Autre collision,,,,,,,,,,,1,2,1,1,6
200800020725,0008-04-04 18:45:00,8,4,4,18,45,780,362,ROUTE DE HOUDAN,,,Plein jour,En agglomération,Intersection en T,Normale,Deux véhicules - côté,,,,,,,,,,,1,2,3,1,3
200800020726,0008-04-04 18:55:00,8,4,4,18,55,780,361,"06, PLACE DE LA REPUBLIQ",,,Plein jour,En agglomération,Hors intersection,Normale,Autre collision,,,,,,,,,,,1,2,1,1,6
200800020727,0008-04-09 12:05:00,8,4,9,12,5,780,354,AVENUE DE L EUROPE,,,Plein jour,En agglomération,Hors intersection,Normale,Deux véhicules - côté,,,,,,,,,,,1,2,1,1,3
200800020728,0008-04-10 14:25:00,8,4,10,14,25,780,354,AVENUE DE L EUROPE,,,Plein jour,En agglomération,Intersection en X,Normale,Deux véhicules - arrière,,,,,,,,,,,1,2,2,1,2
200800020729,0008-04-10 10:05:00,8,4,10,10,5,780,361,"78, RUE F ROOSEVELT",,,Plein jour,En agglomération,Hors intersection,Normale,Deux véhicules - arrière,,,,,,,,,,,1,2,1,1,2
200800020730,0008-04-11 07:50:00,8,4,11,7,50,780,361,BOULEVARD  CARNOT,,,Plein jour,En agglomération,Intersection en T,Normale,Autre collision,,,,,,,,,,,1,2,3,1,6
200800020731,0008-04-16 20:25:00,8,4,16,20,25,780,335,AVENUE J.B COROT,,,Plein jour,En agglomération,Hors intersection,Normale,Trois véhicules et plus - en chaîne,,,,,,,,,,,1,2,1,1,4
200800020732,0008-04-17 15:50:00,8,4,17,15,50,780,362,RUE DU 8 MAI 1945,,,Plein jour,En agglomération,Hors intersection,Normale,Trois véhicules et plus - en chaîne,,,,,,,,,,,1,2,1,1,4
200800020733,0008-04-17 19:25:00,8,4,17,19,25,780,217,"00, RUE E MONIN",,,Plein jour,En agglomération,Hors intersection,Normale,Sans collision,,,,,,,,,,,1,2,1,1,7
200800020734,0008-04-17 20:15:00,8,4,17,20,15,780,361,"180, Boulevard Maréchal",,,Plein jour,En agglomération,Intersection en X,Normale,Deux véhicules - côté,,,,,,,,,,,1,2,2,1,3
200800020735,0008-04-18 16:05:00,8,4,18,16,5,780,402,"6, RUE DE LA VALLEE",,,Plein jour,En agglomération,Intersection en X,Normale,Autre collision,,,,,,,,,,,1,2,2,1,6
200800020736,0008-04-20 13:40:00,8,4,20,13,40,780,361,"111, Boulevard Maréchal",,,Plein jour,En agglomération,Hors intersection,Temps couvert,Deux véhicules - arrière,,,,,,,,,,,1,2,1,8,2
200800020737,0008-04-21 14:15:00,8,4,21,14,15,780,362,BOULEVARD ROGER SALENGRO,,,Plein jour,En agglomération,Hors intersection,Temps couvert,Autre collision,,,,,,,,,,,1,2,1,8,6
200800020738,0008-04-24 08:35:00,8,4,24,8,35,780,335,"00, Boulevard aristide b",,,Plein jour,En agglomération,Hors intersection,Normale,Deux véhicules - arrière,,,,,,,,,,,1,2,1,1,2
200800020739,0008-04-27 19:40:00,8,4,27,19,40,780,361,"00, RUE CLEMENT ADER",,,Plein jour,En agglomération,Hors intersection,Normale,Autre collision,,,,,,,,,,,1,2,1,1,6
200800020740,0008-04-01 09:50:00,8,4,1,9,50,780,490,CHEVREUSE (AVENUE),,,Plein jour,Hors agglomération,Hors intersection,Normale,Deux véhicules - arrière,,,,,,,,,,,1,1,1,1,2
200800020741,0008-04-04 09:20:00,8,4,4,9,20,780,674,CD 11,,,Plein jour,Hors agglomération,Hors intersection,Normale,Trois véhicules et plus - collisions multiples,,,,,,,,,,,1,1,1,1,5
200800020742,0008-04-04 15:55:00,8,4,4,15,55,780,490,CD 30,,,Plein jour,En agglomération,Hors intersection,Normale,Sans collision,,,,,,,,,,,1,2,1,1,7
200800020743,0008-04-07 07:50:00,8,4,7,7,50,780,674,PARIS  CD 12 E (COTE DE),,,Plein jour,Hors agglomération,Hors intersection,Neige / grêle,Deux véhicules - frontale,,,,,,,,,,,1,1,1,4,1
200800020744,0008-04-16 17:30:00,8,4,16,17,30,780,165,LANGLOIS (ALLEE HENRY),,,Plein jour,En agglomération,Hors intersection,Normale,Deux véhicules - arrière,,,,,,,,,,,1,2,1,1,2
200800020745,0008-04-28 17:00:00,8,4,28,17,0,780,490,GARE (RUE DE LA),,,Plein jour,Hors agglomération,Hors intersection,Pluie légère,Sans collision,,,,,,,,,,,1,1,1,2,7
200800020746,0008-04-02 08:55:00,8,4,2,8,55,780,498,BON ROI SAINT LOUIS AVEN,,,Plein jour,En agglomération,Hors intersection,Normale,Sans collision,,,,,,,,,,,1,2,1,1,7
200800020747,0008-04-05 16:20:00,8,4,5,16,20,780,498,ROBESPIERRE BD,,,Plein jour,En agglomération,Hors intersection,Pluie légère,Trois véhicules et plus - en chaîne,,,,,,,,,,,1,2,1,2,4
200800020748,0008-04-11 17:10:00,8,4,11,17,10,780,123,"355, CARNOT RUE",,,Plein jour,En agglomération,Intersection en T,Normale,Autre collision,,,,,,,,,,,1,2,3,1,6
200800020749,0008-04-16 18:50:00,8,4,16,18,50,780,498,"3, MARY RUE JEAN CLAUDE",,,Plein jour,En agglomération,Hors intersection,Normale,Autre collision,,,,,,,,,,,1,2,1,1,6
200800020750,0008-04-10 16:45:00,8,4,10,16,45,780,642,ROUILLARD CHEMIN DU,,,Plein jour,Hors agglomération,Hors intersection,Normale,Autre collision,,,,,,,,,,,1,1,1,1,6
200800020751,0008-04-29 04:10:00,8,4,29,4,10,780,498,PIGOZZI PLACE,,,Nuit avec éclairage allumé,En agglomération,Intersection en X,Normale,Deux véhicules - côté,,,,,,,,,,,5,2,2,1,3
200800020752,0008-04-21 15:00:00,8,4,21,15,0,780,123,REINE BLANCHE RUE,,,Plein jour,En agglomération,Hors intersection,Normale,Sans collision,,,,,,,,,,,1,2,1,1,7
200800020753,0008-04-24 17:50:00,8,4,24,17,50,780,643,"60, BRETEUIL RUE DE",,,Plein jour,En agglomération,Hors intersection,Pluie légère,Autre collision,,,,,,,,,,,1,2,1,2,6
200800020754,0008-04-18 20:15:00,8,4,18,20,15,780,624,"60, DOUMER RUE PAUL",,,Plein jour,En agglomération,Hors intersection,Normale,Autre collision,,,,,,,,,,,1,2,1,1,6
200800020755,0008-04-02 17:30:00,8,4,2,17,30,780,220,RN 10,,,Plein jour,Hors agglomération,Hors intersection,Pluie légère,Trois véhicules et plus - en chaîne,,,,,,,,,,,1,1,1,2,4
200800020756,0008-04-14 18:30:00,8,4,14,18,30,780,486,"06, SAINT HUBERT (ROUTE)",,,Plein jour,En agglomération,Hors intersection,Normale,Deux véhicules - côté,,,,,,,,,,,1,2,1,1,3
200800020757,0008-04-01 23:25:00,8,4,1,23,25,780,545,DIVISION LECLERC (AVENUE,,,Nuit avec éclairage allumé,En agglomération,Hors intersection,Normale,Sans collision,,,,,,,,,,,5,2,1,1,7
200800020758,0008-04-08 13:10:00,8,4,8,13,10,780,551,"face au 73, PEREIRE",,,Plein jour,En agglomération,Hors intersection,Normale,Autre collision,,,,,,,,,,,1,2,1,1,6
200800020759,0008-04-16 12:45:00,8,4,16,12,45,780,551,RN 13,,,Plein jour,En agglomération,Hors intersection,Normale,Deux véhicules - côté,,,,,,,,,,,1,2,1,1,3
200800020760,0008-04-08 15:05:00,8,4,8,15,5,780,586,TOBROUK,,,Plein jour,En agglomération,Intersection en T,Normale,Deux véhicules - côté,,,,,,,,,,,1,2,3,1,3
200800020761,0008-04-10 07:50:00,8,4,10,7,50,780,586,PONTOISE,,,Plein jour,En agglomération,Intersection en T,Normale,Deux véhicules - côté,,,,,,,,,,,1,2,3,1,3
200800020762,0008-04-12 15:00:00,8,4,12,15,0,780,586,TOBROUK,,,Plein jour,En agglomération,Intersection en T,Normale,Deux véhicules - côté,,,,,,,,,,,1,2,3,1,3
200800020763,0008-04-19 22:50:00,8,4,19,22,50,780,586,BERTEAUX (MAURICE) N°137,,,Nuit sans éclairage public,En agglomération,Intersection en T,Normale,Deux véhicules - frontale,,,,,,,,,,,3,2,3,1,1
200800020764,0008-04-14 11:45:00,8,4,14,11,45,780,586,DE GAULLE (GENERAL) N°1,,,Plein jour,En agglomération,Hors intersection,Neige / grêle,Deux véhicules - arrière,,,,,,,,,,,1,2,1,4,2
200800020765,0008-04-22 11:20:00,8,4,22,11,20,780,586,JAURES (AVENUE JEAN) N°,,,Plein jour,En agglomération,Giratoire,Normale,Deux véhicules - côté,,,,,,,,,,,1,2,6,1,3
200800020766,0008-04-21 06:45:00,8,4,21,6,45,780,586,DE GAULLE (GENERAL) N°2,,,Plein jour,En agglomération,Hors intersection,Normale,Autre collision,,,,,,,,,,,1,2,1,1,6
200800020767,0008-04-06 15:45:00,8,4,6,15,45,780,621,NATIONALE 10   (ROUTE),,,Plein jour,Hors agglomération,Hors intersection,Neige / grêle,Deux véhicules - arrière,,,,,,,,,,,1,1,1,4,2
200800020768,0008-04-11 09:05:00,8,4,11,9,5,780,621,NATIONALE 10   (ROUTE),,,Plein jour,Hors agglomération,Hors intersection,Normale,Deux véhicules - arrière,,,,,,,,,,,1,1,1,1,2
200800020769,0008-04-26 15:35:00,8,4,26,15,35,780,621,NATIONALE 10   (ROUTE),,,Plein jour,En agglomération,Intersection en T,Normale,Trois véhicules et plus - en chaîne,,,,,,,,,,,1,2,3,1,4
200800020770,0008-04-18 08:25:00,8,4,18,8,25,780,621,POTTIER (RUE EUGENE),,,Plein jour,En agglomération,Hors intersection,Normale,Autre collision,,,,,,,,,,,1,2,1,1,6
200800020771,0008-04-09 18:15:00,8,4,9,18,15,780,640,"6, MORANE-SAULNIER (AVEN",,,Plein jour,En agglomération,Autre intersection,Temps couvert,Deux véhicules - côté,,,,,,,,,,,1,2,9,8,3
200800020772,0008-04-01 12:10:00,8,4,1,12,10,780,646,"5, CHANTIERS (RUE DES)",,,Plein jour,En agglomération,Hors intersection,Normale,Deux véhicules - côté,,,,,,,,,,,1,2,1,1,3
200800020773,0008-04-02 08:55:00,8,4,2,8,55,780,158,VERDUN (AVENUE DE),,,Plein jour,Hors agglomération,Intersection en T,Normale,Deux véhicules - arrière,,,,,,,,,,,1,1,3,1,2
200800020774,0008-04-03 15:05:00,8,4,3,15,5,780,646,"20, CHANTIERS (RUE DES)",,,Plein jour,En agglomération,Intersection en X,Normale,Autre collision,,,,,,,,,,,1,2,2,1,6
200800020775,0008-04-06 03:55:00,8,4,6,3,55,780,646,ETATS GENERAUX (RUE DES),,,Nuit avec éclairage allumé,En agglomération,Intersection en X,Pluie légère,Deux véhicules - côté,,,,,,,,,,,5,2,2,2,3
200800020776,0008-04-05 05:00:00,8,4,5,5,0,780,158,"Néant, GENERAL EXELMANS",,,Nuit avec éclairage allumé,En agglomération,Giratoire,Normale,Sans collision,,,,,,,,,,,5,2,6,1,7
200800020777,0008-04-11 16:40:00,8,4,11,16,40,780,646,"0, JOUVENCEL (RUE)",,,Plein jour,En agglomération,Intersection en T,Normale,Autre collision,,,,,,,,,,,1,2,3,1,6
200800020778,0008-04-12 17:35:00,8,4,12,17,35,780,646,"7, JOUVENCEL (RUE)",,,Plein jour,En agglomération,Hors intersection,Normale,Autre collision,,,,,,,,,,,1,2,1,1,6
200800020779,0008-04-16 13:35:00,8,4,16,13,35,780,646,EUROPE (AVENUE DE L'),,,Plein jour,En agglomération,Hors intersection,Normale,Sans collision,,,,,,,,,,,1,2,1,1,7
200800020780,0008-04-22 16:00:00,8,4,22,16,0,780,646,"0, COMMERCE (AVENUE DU)",,,Plein jour,En agglomération,Intersection en X,Normale,Deux véhicules - côté,,,,,,,,,,,1,2,2,1,3
200800020781,0008-04-27 13:55:00,8,4,27,13,55,780,646,"7, COLBERT (RUE)",,,Plein jour,En agglomération,Hors intersection,Normale,Autre collision,,,,,,,,,,,1,2,1,1,6
200800020782,0008-04-30 15:20:00,8,4,30,15,20,780,646,"00, SAINTE ADELAIDE (RUE",,,Plein jour,En agglomération,Intersection en X,Temps couvert,Deux véhicules - côté,,,,,,,,,,,1,2,2,8,3
200800020783,0008-04-09 07:50:00,8,4,9,7,50,780,146,"0, LE VAL SABLON (RUE)",,,Plein jour,En agglomération,Intersection en T,Normale,Deux véhicules - côté,,,,,,,,,,,1,2,3,1,3
200800020784,0008-04-17 08:15:00,8,4,17,8,15,780,650,"0, ETATS UNIS (BOULEVARD",,,Plein jour,En agglomération,Intersection en T,Normale,Deux véhicules - frontale,,,,,,,,,,,1,2,3,1,1
200800020785,0008-04-18 23:10:00,8,4,18,23,10,780,146,"47, VESINET (ROUTE DU)",,,Nuit avec éclairage allumé,En agglomération,Hors intersection,Pluie forte,Autre collision,,,,,,,,,,,5,2,1,3,6
200800020786,0008-04-19 11:45:00,8,4,19,11,45,780,146,"51, CARRIERES (ROUTE DE)",,,Plein jour,En agglomération,Hors intersection,Normale,Autre collision,,,,,,,,,,,1,2,1,1,6
200800020787,0008-04-22 18:45:00,8,4,22,18,45,780,190,FERNAND HOSTACHY (BOULEV,,,Plein jour,En agglomération,Intersection en T,Normale,Deux véhicules - côté,,,,,,,,,,,1,2,3,1,3
200800020788,0008-04-04 19:00:00,8,4,4,19,0,790,191,"118, PARIS (AV)  50  A",,,Plein jour,En agglomération,Hors intersection,Normale,Sans collision,,,,,,,,,,,1,2,1,1,7
200800020789,0008-04-30 17:00:00,8,4,30,17,0,790,329,"2-4, PIERRE LOTI (RUE)",,,Plein jour,En agglomération,Intersection en T,Normale,Deux véhicules - côté,,,,,,,,,,,1,2,3,1,3
200800020790,0008-04-01 17:00:00,8,4,1,17,0,800,21,SAINS (ROUTE DE),,,Plein jour,En agglomération,Hors intersection,Normale,Deux véhicules - frontale,,,,,,,,,,,1,2,1,1,1
200800020791,0008-04-03 09:25:00,8,4,3,9,25,800,21,"0, TAGAULT (RUE)",,,Plein jour,En agglomération,Intersection en X,Normale,Autre collision,,,,,,,,,,,1,2,2,1,6
200800020792,0008-04-01 17:55:00,8,4,1,17,55,800,21,"11, BARABAN (BOULEVARD)",,,Plein jour,En agglomération,Hors intersection,Normale,Deux véhicules - côté,,,,,,,,,,,1,2,1,1,3
200800020793,0008-04-05 15:50:00,8,4,5,15,50,800,21,"10, VERDUN (RUE DE )",,,Plein jour,En agglomération,Hors intersection,Normale,Deux véhicules - arrière,,,,,,,,,,,1,2,1,1,2
200800020794,0008-04-08 14:50:00,8,4,8,14,50,800,489,"0, VICTOR HUGO (AVENUE)",,,Plein jour,En agglomération,Intersection en X,Normale,Deux véhicules - côté,,,,,,,,,,,1,2,2,1,3
200800020795,0008-04-08 07:15:00,8,4,8,7,15,800,21,"31, GENERAL LECLERC (RUE",,,Plein jour,En agglomération,Hors intersection,Normale,Autre collision,,,,,,,,,,,1,2,1,1,6
200800020796,0008-04-13 12:30:00,8,4,13,12,30,800,21,"0, SAINT ACHEUL (RUE)",,,Plein jour,En agglomération,Intersection en T,Normale,Deux véhicules - côté,,,,,,,,,,,1,2,3,1,3
200800020797,0008-04-13 19:15:00,8,4,13,19,15,800,21,"90, JULES BARNI (RUE)",,,Plein jour,En agglomération,Hors intersection,Normale,Deux véhicules - côté,,,,,,,,,,,1,2,1,1,3
200800020798,0008-04-16 18:00:00,8,4,16,18,0,800,21,"2, EMILE FRANCFORT (RUE)",,,Plein jour,En agglomération,Hors intersection,Normale,Deux véhicules - côté,,,,,,,,,,,1,2,1,1,3
200800020799,0008-04-17 13:30:00,8,4,17,13,30,800,21,"0, FREDERIC MISTRAL (RUE",,,Plein jour,En agglomération,Intersection en T,Normale,Deux véhicules - côté,,,,,,,,,,,1,2,3,1,3
200800020800,0008-04-18 22:00:00,8,4,18,22,0,800,21,FRANKLIN ROOSEVELT (RUE),,,Nuit avec éclairage allumé,En agglomération,Hors intersection,Normale,Deux véhicules - arrière,,,,,,,,,,,5,2,1,1,2
200800020801,0008-04-18 13:35:00,8,4,18,13,35,800,21,"0, LEON GONTIER (PLACE)",,,Plein jour,En agglomération,Intersection en X,Normale,Deux véhicules - côté,,,,,,,,,,,1,2,2,1,3
200800020802,0008-04-20 18:20:00,8,4,20,18,20,800,674,"29, GENERAL LECLERC (AVE",,,Plein jour,En agglomération,Hors intersection,Normale,Deux véhicules - côté,,,,,,,,,,,1,2,1,1,3
200800020803,0008-04-21 18:20:00,8,4,21,18,20,800,261,"0, AMIENS (ROUTE D')",,,Plein jour,En agglomération,Hors intersection,Normale,Deux véhicules - arrière,,,,,,,,,,,1,2,1,1,2
200800020804,0008-04-21 08:10:00,8,4,21,8,10,800,21,"0, FUSILLES (BOULEVARD D",,,Plein jour,En agglomération,Hors intersection,Normale,Deux véhicules - arrière,,,,,,,,,,,1,2,1,1,2
200800020805,0008-04-21 05:05:00,8,4,21,5,5,800,21,"115, ANDRE DUROUCHEZ (RU",,,Nuit avec éclairage allumé,Hors agglomération,Hors intersection,Temps couvert,Deux véhicules - côté,,,,,,,,,,,5,1,1,8,3
200800020806,0008-04-22 18:25:00,8,4,22,18,25,800,21,"0, SAINT FUSCIEN (RUE)",,,Plein jour,Hors agglomération,Hors intersection,Normale,Deux véhicules - frontale,,,,,,,,,,,1,1,1,1,1
200800020807,0008-04-22 08:50:00,8,4,22,8,50,800,21,"0, HENRI DAUSSY (RUE)",,,Plein jour,En agglomération,Intersection en T,Normale,Deux véhicules - frontale,,,,,,,,,,,1,2,3,1,1
200800020808,0008-04-22 19:05:00,8,4,22,19,5,800,21,"10, SAINT HONORE (RUE)",,,Plein jour,En agglomération,Hors intersection,Normale,Deux véhicules - arrière,,,,,,,,,,,1,2,1,1,2
200800020809,0008-04-23 13:55:00,8,4,23,13,55,800,21,"0, PIERRE MENDES FRANCE",,,Plein jour,En agglomération,Hors intersection,Pluie légère,Trois véhicules et plus - en chaîne,,,,,,,,,,,1,2,1,2,4
200800020810,0008-04-24 08:45:00,8,4,24,8,45,800,725,"0, LAENNEC (AVENUE)",,,Plein jour,En agglomération,Hors intersection,Normale,Deux véhicules - côté,,,,,,,,,,,1,2,1,1,3
200800020811,0008-04-24 16:45:00,8,4,24,16,45,800,21,"0, SAINT PIERRE (CHAUSSE",,,Plein jour,En agglomération,Hors intersection,Pluie légère,Deux véhicules - arrière,,,,,,,,,,,1,2,1,2,2
200800020812,0008-04-25 08:10:00,8,4,25,8,10,800,21,"0, SAINT HONORE (RUE)",,,Plein jour,Hors agglomération,Hors intersection,Normale,Deux véhicules - arrière,,,,,,,,,,,1,1,1,1,2
200800020813,0008-04-25 15:00:00,8,4,25,15,0,800,21,ROCADE NORD EST RN 25,,,Plein jour,Hors agglomération,Hors intersection,Normale,Deux véhicules - arrière,,,,,,,,,,,1,1,1,1,2
200800020814,0008-04-25 21:40:00,8,4,25,21,40,800,21,"0, PARIS (RUE DE)",,,Nuit avec éclairage allumé,En agglomération,Hors intersection,Normale,Deux véhicules - frontale,,,,,,,,,,,5,2,1,1,1