accident_id,datetime,annee,mois,jour,heure,minute,departement,commune_insee,adresse,latitude,longitude,luminosite,agglomeration,intersection,meteo,collision,nb_vehicules,nb_usagers,nb_indemnes,nb_tues,nb_blesses_hosp,nb_blesses_legers,age_cond_1,age_cond_2,veh_type_cond_1,veh_type_cond_2,lum_code,agg_code,int_code,atm_code,col_code
200800020815,0008-04-25 14:15:00,8,4,25,14,15,800,21,"0, EUROPE (AVENUE DE L')",,,Plein jour,En agglomération,Intersection en X,Normale,Deux véhicules - côté,,,,,,,,,,,1,2,2,1,3
200800020816,0008-04-28 22:35:00,8,4,28,22,35,800,21,"0, GENERAL DE GAULLE (AV",,,Nuit avec éclairage allumé,En agglomération,Intersection à plus de 4 branches,Pluie légère,Deux véhicules - côté,,,,,,,,,,,5,2,5,2,3
200800020817,0008-04-29 14:35:00,8,4,29,14,35,800,21,"0, LAPOSTOLLE (RUE)",,,Plein jour,En agglomération,Intersection en T,Normale,Deux véhicules - côté,,,,,,,,,,,1,2,3,1,3
200800020818,0008-04-30 07:40:00,8,4,30,7,40,800,725,"0, ALBERT CAMUS (RUE)",,,Plein jour,En agglomération,Hors intersection,Normale,Deux véhicules - côté,,,,,,,,,,,1,2,1,1,3
200800020819,0008-04-05 18:35:00,8,4,5,18,35,810,144,LARQUIPEYRE ( ROND POINT,,,Plein jour,En agglomération,Hors intersection,Normale,Deux véhicules - arrière,,,,,,,,,,,1,2,1,1,2
200800020820,0008-04-07 17:20:00,8,4,7,17,20,810,4,AGRICULTEURS (DES),,,Plein jour,En agglomération,Intersection en T,Normale,Deux véhicules - arrière,,,,,,,,,,,1,2,3,1,2
200800020821,0008-04-04 17:40:00,8,4,4,17,40,810,65,"95, PERIE (RUE THERON)",,,Plein jour,En agglomération,Intersection en T,Normale,Deux véhicules - côté,,,,,,,,,,,1,2,3,1,3
200800020822,0008-04-05 09:50:00,8,4,5,9,50,810,65,"22, MERIGONDE (RUE)",,,Plein jour,En agglomération,Hors intersection,Normale,Deux véhicules - côté,,,,,,,,,,,1,2,1,1,3
200800020823,0008-04-12 20:35:00,8,4,12,20,35,810,65,TOULOUSE LAUTREC (RUE),,,Plein jour,En agglomération,Hors intersection,Normale,Deux véhicules - arrière,,,,,,,,,,,1,2,1,1,2
200800020824,0008-04-18 13:50:00,8,4,18,13,50,820,33,"0, CD 12",,,Plein jour,Hors agglomération,Hors intersection,Normale,Sans collision,,,,,,,,,,,1,1,1,1,7
200800020825,0008-04-21 17:30:00,8,4,21,17,30,820,121,"0, MONTRICOUX D 115 (ROU",,,Plein jour,Hors agglomération,Hors intersection,Normale,Trois véhicules et plus - en chaîne,,,,,,,,,,,1,1,1,1,4
200800020826,0008-04-29 06:55:00,8,4,29,6,55,820,121,"0, LALAQUE (PLACE)",,,Nuit sans éclairage public,En agglomération,Intersection en X,Normale,Deux véhicules - côté,,,,,,,,,,,3,2,2,1,3
200800020827,0008-04-07 22:50:00,8,4,7,22,50,820,121,"911, GASSERAS (AVENUE DE",,,Nuit sans éclairage public,Hors agglomération,Hors intersection,Pluie légère,Autre collision,,,,,,,,,,,3,1,1,2,6
200800020828,0008-04-02 12:10:00,8,4,2,12,10,820,121,"0, DUNANT (AVENUE HENRY)",,,Plein jour,En agglomération,Hors intersection,Normale,Autre collision,,,,,,,,,,,1,2,1,1,6
200800020829,0008-04-15 14:10:00,8,4,15,14,10,820,121,"1350, MOLIERES (ROUTE DE",,,Plein jour,En agglomération,Hors intersection,Normale,Autre collision,,,,,,,,,,,1,2,1,1,6
200800020830,0008-04-13 00:30:00,8,4,13,0,30,820,121,"0, QUART (CHEMIN DU)",,,Nuit sans éclairage public,Hors agglomération,Hors intersection,Normale,Autre collision,,,,,,,,,,,3,1,1,1,6
200800020831,0008-04-25 15:10:00,8,4,25,15,10,820,121,"100, MOULIN N 20 (AVENUE",,,Plein jour,En agglomération,Intersection en T,Normale,Deux véhicules - côté,,,,,,,,,,,1,2,3,1,3
200800020832,0008-04-14 17:15:00,8,4,14,17,15,820,121,TOULOUSE (AVENUE DE),,,Plein jour,En agglomération,Hors intersection,Normale,Deux véhicules - arrière,,,,,,,,,,,1,2,1,1,2
200800020833,0008-04-18 19:20:00,8,4,18,19,20,820,121,"0, POULT (QUAI ADOLPHE)",,,Plein jour,En agglomération,Intersection en X,Normale,Deux véhicules - côté,,,,,,,,,,,1,2,2,1,3
200800020834,0008-04-19 14:55:00,8,4,19,14,55,820,121,"0, MOULIN N 20 (AVENUE J",,,Crépuscule ou aube,En agglomération,Hors intersection,Normale,Deux véhicules - côté,,,,,,,,,,,2,2,1,1,3
200800020835,0008-04-26 14:40:00,8,4,26,14,40,820,121,"0, BORDEAUX (AVENUE DE)",,,Plein jour,Hors agglomération,Intersection en T,Normale,Deux véhicules - arrière,,,,,,,,,,,1,1,3,1,2
200800020836,0008-04-11 11:20:00,8,4,11,11,20,820,121,"0, CALMETTE ET GUERIN (R",,,Plein jour,En agglomération,Hors intersection,Normale,Autre collision,,,,,,,,,,,1,2,1,1,6
200800020837,0008-04-02 15:00:00,8,4,2,15,0,830,50,PAROISSE(PLACE DE LA),,,Plein jour,En agglomération,Intersection en T,Normale,Deux véhicules - frontale,,,,,,,,,,,1,2,3,1,1
200800020838,0008-04-05 18:20:00,8,4,5,18,20,830,141,RN 555(SORTIE VILLAGE VE,,,Plein jour,Hors agglomération,Hors intersection,Normale,Deux véhicules - côté,,,,,,,,,,,1,1,1,1,3
200800020839,0008-04-11 14:15:00,8,4,11,14,15,830,50,"1, BLUM(BOULEVARD LEON)",,,Plein jour,En agglomération,Hors intersection,Temps couvert,Deux véhicules - côté,,,,,,,,,,,1,2,1,8,3
200800020840,0008-04-16 20:55:00,8,4,16,20,55,830,50,"202, BLUM(BOULEVARD LEON",,,Nuit avec éclairage allumé,En agglomération,Hors intersection,Normale,Sans collision,,,,,,,,,,,5,2,1,1,7
200800020841,0008-04-18 07:25:00,8,4,18,7,25,830,50,COL DE L'ANGE(RACCOURCI,,,Plein jour,Hors agglomération,Hors intersection,Temps couvert,Deux véhicules - frontale,,,,,,,,,,,1,1,1,8,1
200800020842,0008-04-05 18:50:00,8,4,5,18,50,830,61,"205, AVENUE DE VILLENEUV",,,Plein jour,En agglomération,Hors intersection,Normale,Deux véhicules - arrière,,,,,,,,,,,1,2,1,1,2
200800020843,0008-04-04 22:55:00,8,4,4,22,55,830,61,"1723, AVENUE DE LA CORNI",,,Nuit avec éclairage allumé,En agglomération,Intersection en T,Normale,Deux véhicules - côté,,,,,,,,,,,5,2,3,1,3
200800020844,0008-04-09 00:55:00,8,4,9,0,55,830,118,"0, ROUTE DES GOLFS",,,Nuit sans éclairage public,Hors agglomération,Hors intersection,Normale,Autre collision,,,,,,,,,,,3,1,1,1,6
200800020845,0008-04-12 01:00:00,8,4,12,1,0,830,61,"0, RN98 ST AYGULF",,,Nuit avec éclairage allumé,En agglomération,Hors intersection,Normale,Deux véhicules - frontale,,,,,,,,,,,5,2,1,1,1
200800020846,0008-04-05 05:55:00,8,4,5,5,55,830,69,"NS, GEOFFROY ST HILAIRE",,,Nuit avec éclairage allumé,En agglomération,Hors intersection,Normale,Deux véhicules - arrière,,,,,,,,,,,5,2,1,1,2
200800020847,0008-04-10 18:05:00,8,4,10,18,5,830,69,"07, GODILLOT  ( AVENUE A",,,Plein jour,En agglomération,Hors intersection,Normale,Trois véhicules et plus - en chaîne,,,,,,,,,,,1,2,1,1,4
200800020848,0008-04-17 00:30:00,8,4,17,0,30,830,69,"4, AEROPORT (AVENUE DE L",,,Nuit avec éclairage allumé,En agglomération,Hors intersection,Normale,Autre collision,,,,,,,,,,,5,2,1,1,6
200800020849,0008-04-20 01:30:00,8,4,20,1,30,830,69,"2960, LOUBES (ROUTE DES)",,,Nuit sans éclairage public,Hors agglomération,Hors intersection,Normale,Deux véhicules - frontale,,,,,,,,,,,3,1,1,1,1
200800020850,0008-04-22 01:55:00,8,4,22,1,55,830,69,"NS, 8 MAI (AVENUE)",,,Nuit avec éclairage allumé,En agglomération,Hors intersection,Normale,Autre collision,,,,,,,,,,,5,2,1,1,6
200800020851,0008-04-27 17:48:00,8,4,27,17,48,830,69,"980, ALMANARRE (ROUTE DE",,,Plein jour,Hors agglomération,Hors intersection,Normale,Autre collision,,,,,,,,,,,1,1,1,1,6
200800020852,0008-04-08 09:15:00,8,4,8,9,15,830,129,"000, KENNEDY (AVENUE J.)",,,Plein jour,En agglomération,Autre intersection,Normale,Deux véhicules - côté,,,,,,,,,,,1,2,9,1,3
200800020853,0008-04-12 16:45:00,8,4,12,16,45,830,9,"39, DE GAULLE (QUAI CHAR",,,Plein jour,En agglomération,Hors intersection,Normale,Autre collision,,,,,,,,,,,1,2,1,1,6
200800020854,0008-04-17 11:00:00,8,4,17,11,0,830,129,COUDOULIERE (LA),,,Plein jour,En agglomération,Hors intersection,Normale,Trois véhicules et plus - en chaîne,,,,,,,,,,,1,2,1,1,4
200800020855,0008-04-29 16:40:00,8,4,29,16,40,830,129,"000, MOULIN (ROND POINT",,,Plein jour,En agglomération,Giratoire,Normale,Deux véhicules - côté,,,,,,,,,,,1,2,6,1,3
200800020856,0008-04-07 09:00:00,8,4,7,9,0,830,126,"0, DE BUSSY (RUE CLAUDE)",,,Plein jour,En agglomération,Intersection en T,Normale,Deux véhicules - côté,,,,,,,,,,,1,2,3,1,3
200800020857,0008-04-05 01:45:00,8,4,5,1,45,830,126,"00, LA SEYNE A OLLIOULES",,,Nuit sans éclairage public,En agglomération,Hors intersection,Normale,Deux véhicules - frontale,,,,,,,,,,,3,2,1,1,1
200800020858,0008-04-11 10:10:00,8,4,11,10,10,830,126,"00, GAGARINE (AV YOURI)",,,Plein jour,En agglomération,Hors intersection,Temps couvert,Deux véhicules - côté,,,,,,,,,,,1,2,1,8,3
200800020859,0008-04-12 00:10:00,8,4,12,0,10,830,126,"00, CARMILLE ( AV DU GEN",,,Nuit avec éclairage allumé,En agglomération,Intersection en X,Normale,Sans collision,,,,,,,,,,,5,2,2,1,7
200800020860,0008-04-22 09:05:00,8,4,22,9,5,830,126,"00, LAURENT (RUE JACQUES",,,Plein jour,En agglomération,Hors intersection,Normale,Autre collision,,,,,,,,,,,1,2,1,1,6
200800020861,0008-04-23 10:25:00,8,4,23,10,25,830,126,"422, JANAS (ROUTE DE)",,,Plein jour,En agglomération,Hors intersection,Normale,Deux véhicules - frontale,,,,,,,,,,,1,2,1,1,1
200800020862,0008-04-27 18:13:00,8,4,27,18,13,830,126,"00, RABIN(ROND POINT YIT",,,Plein jour,En agglomération,Intersection en X,Normale,Deux véhicules - côté,,,,,,,,,,,1,2,2,1,3
200800020863,0008-04-24 08:15:00,8,4,24,8,15,830,126,"0, ARMANDO (AV. ESPRIT)",,,Plein jour,En agglomération,Hors intersection,Normale,Deux véhicules - arrière,,,,,,,,,,,1,2,1,1,2
200800020864,0008-04-29 19:15:00,8,4,29,19,15,830,126,"00, ALSACE (RUE ET TRAVE",,,Plein jour,En agglomération,Intersection en T,Normale,Autre collision,,,,,,,,,,,1,2,3,1,6
200800020865,0008-04-02 07:10:00,8,4,2,7,10,830,137,BROSSET (BD GENERAL),,,Plein jour,En agglomération,Hors intersection,Normale,Deux véhicules - arrière,,,,,,,,,,,1,2,1,1,2
200800020866,0008-04-01 10:40:00,8,4,1,10,40,830,137,DE PRESSENSE (RUE FRANCI,,,Plein jour,En agglomération,Hors intersection,Normale,Autre collision,,,,,,,,,,,1,2,1,1,6
200800020867,0008-04-02 12:12:00,8,4,2,12,12,830,137,GROIGNARD (AVE),,,Plein jour,Hors agglomération,Hors intersection,Normale,Deux véhicules - arrière,,,,,,,,,,,1,1,1,1,2
200800020868,0008-04-02 13:30:00,8,4,2,13,30,830,90,MERMOZ (AVE JEAN),,,Plein jour,Hors agglomération,Intersection en T,Normale,Autre collision,,,,,,,,,,,1,1,3,1,6
200800020869,0008-04-04 10:05:00,8,4,4,10,5,830,137,"11, VILLARET DE JOYEUSE",,,Plein jour,En agglomération,Hors intersection,Normale,Autre collision,,,,,,,,,,,1,2,1,1,6
200800020870,0008-04-08 09:45:00,8,4,8,9,45,830,98,"455, PREMIERE (D.F.L)",,,Plein jour,En agglomération,Hors intersection,Normale,Sans collision,,,,,,,,,,,1,2,1,1,7
200800020871,0008-04-04 19:15:00,8,4,4,19,15,830,90,PETITE GARENNE (CHEMIN D,,,Plein jour,Hors agglomération,Hors intersection,Normale,Deux véhicules - frontale,,,,,,,,,,,1,1,1,1,1
200800020872,0008-04-10 11:20:00,8,4,10,11,20,830,137,BRIAND (AVE ARISTIDE DE,,,Plein jour,Hors agglomération,Intersection en X,Normale,Deux véhicules - côté,,,,,,,,,,,1,1,2,1,3
200800020873,0008-04-11 11:10:00,8,4,11,11,10,830,62,CURIE (AVENUE I ET F JOL,,,Plein jour,En agglomération,Intersection en Y,Normale,Deux véhicules - frontale,,,,,,,,,,,1,2,4,1,1
200800020874,0008-04-10 09:30:00,8,4,10,9,30,830,90,DEPARTEMENTALE 11 (ROUTE,,,Plein jour,Hors agglomération,Intersection en T,Normale,Deux véhicules - côté,,,,,,,,,,,1,1,3,1,3
200800020875,0008-04-13 13:10:00,8,4,13,13,10,830,137,"155, GUES (BD DE L'ENSEI",,,Plein jour,En agglomération,Hors intersection,Normale,Deux véhicules - côté,,,,,,,,,,,1,2,1,1,3
200800020876,0008-04-02 13:30:00,8,4,2,13,30,830,137,"56, STRASBOURG (BD DE )",,,Plein jour,En agglomération,Hors intersection,Normale,Autre collision,,,,,,,,,,,1,2,1,1,6
200800020877,0008-04-20 22:15:00,8,4,20,22,15,830,137,PICOT (AVE DU COLONEL),,,Nuit avec éclairage allumé,En agglomération,Intersection en Y,Pluie légère,Deux véhicules - côté,,,,,,,,,,,5,2,4,2,3
200800020878,0008-04-21 15:18:00,8,4,21,15,18,830,137,"381, JOFFRE (BD MARECHAL",,,Plein jour,En agglomération,Hors intersection,Normale,Autre collision,,,,,,,,,,,1,2,1,1,6
200800020879,0008-04-21 08:30:00,8,4,21,8,30,830,137,DEVOUCOUX (AVE ROGER),,,Plein jour,En agglomération,Intersection en X,Pluie légère,Autre collision,,,,,,,,,,,1,2,2,2,6
200800020880,0008-04-08 08:57:00,8,4,8,8,57,830,137,FONTAN (AVE DU DOCTEUR),,,Plein jour,En agglomération,Hors intersection,Normale,Deux véhicules - côté,,,,,,,,,,,1,2,1,1,3
200800020881,0008-04-23 04:45:00,8,4,23,4,45,830,137,JUIN (AVE ALPHONSE),,,Nuit avec éclairage allumé,En agglomération,Hors intersection,Normale,Sans collision,,,,,,,,,,,5,2,1,1,7
200800020882,0008-04-24 16:30:00,8,4,24,16,30,830,137,CLOQUET (RUE),,,Plein jour,En agglomération,Intersection en X,Normale,Deux véhicules - arrière,,,,,,,,,,,1,2,2,1,2
200800020883,0008-04-23 10:00:00,8,4,23,10,0,830,137,"000, VALBOURDIN (AVE DE",,,Plein jour,En agglomération,Hors intersection,Normale,Deux véhicules - arrière,,,,,,,,,,,1,2,1,1,2
200800020884,0008-04-26 17:00:00,8,4,26,17,0,830,137,"000, BIR-HAKEIM (ROND PO",,,Plein jour,En agglomération,Autre intersection,Normale,Sans collision,,,,,,,,,,,1,2,9,1,7
200800020885,0008-04-29 07:20:00,8,4,29,7,20,830,137,MIRASOULEOU (AVE / ROND,,,Plein jour,En agglomération,Giratoire,Normale,Autre collision,,,,,,,,,,,1,2,6,1,6
200800020886,0008-04-21 17:00:00,8,4,21,17,0,830,137,"107, ROUDEN (AVE JEAN EU",,,Plein jour,En agglomération,Hors intersection,Normale,Autre collision,,,,,,,,,,,1,2,1,1,6
200800020887,0008-04-28 18:50:00,8,4,28,18,50,830,90,"2266, NATIONALE 8 (ROUTE",,,Crépuscule ou aube,Hors agglomération,Hors intersection,Pluie légère,Sans collision,,,,,,,,,,,2,1,1,2,7
200800020888,0008-04-25 12:20:00,8,4,25,12,20,830,137,ROOSEVELT (AVE FRANKLIN),,,Plein jour,En agglomération,Intersection en T,Normale,Deux véhicules - côté,,,,,,,,,,,1,2,3,1,3
200800020889,0008-04-30 16:20:00,8,4,30,16,20,830,137,FOCH (AVE DU MARECHAL),,,Plein jour,En agglomération,Hors intersection,Normale,Deux véhicules - côté,,,,,,,,,,,1,2,1,1,3
200800020890,0008-04-17 13:00:00,8,4,17,13,0,830,137,"7, STRASBOURG (BD DE )",,,Plein jour,En agglomération,Hors intersection,Normale,Trois véhicules et plus - en chaîne,,,,,,,,,,,1,2,1,1,4
200800020891,0008-04-30 17:35:00,8,4,30,17,35,830,62,PLANTADES (CHEMIN DES),,,Plein jour,En agglomération,Hors intersection,Normale,Sans collision,,,,,,,,,,,1,2,1,1,7
200800020892,0008-04-25 13:35:00,8,4,25,13,35,830,137,MOULINS (AVE DES DE 18 A,,,Plein jour,En agglomération,Intersection en T,Normale,Deux véhicules - côté,,,,,,,,,,,1,2,3,1,3
200800020893,0008-04-01 18:45:00,8,4,1,18,45,840,7,COLCHESTER (Avenue de),,,Plein jour,Hors agglomération,Intersection en X,Normale,Deux véhicules - côté,,,,,,,,,,,1,1,2,1,3
200800020894,0008-04-02 18:50:00,8,4,2,18,50,840,7,27EME R.T.A. (RUE DU),,,Plein jour,En agglomération,Hors intersection,Vent fort / tempête,Deux véhicules - côté,,,,,,,,,,,1,2,1,6,3
200800020895,0008-04-04 15:00:00,8,4,4,15,0,840,7,"9, PIERRE SEMARD (avenue",,,Plein jour,En agglomération,Hors intersection,Normale,Deux véhicules - côté,,,,,,,,,,,1,2,1,1,3
200800020896,0008-04-07 18:10:00,8,4,7,18,10,840,7,"15, LIMBERT (Boulevard)",,,Plein jour,En agglomération,Hors intersection,Normale,Deux véhicules - côté,,,,,,,,,,,1,2,1,1,3
200800020897,0008-04-07 18:25:00,8,4,7,18,25,840,7,FONTCOUVERTE(Avenue de),,,Plein jour,En agglomération,Giratoire,Normale,Deux véhicules - côté,,,,,,,,,,,1,2,6,1,3
200800020898,0008-04-12 09:30:00,8,4,12,9,30,840,7,REALPANIER (Rond point d,,,Plein jour,En agglomération,Giratoire,Normale,Deux véhicules - côté,,,,,,,,,,,1,2,6,1,3
200800020899,0008-04-12 21:55:00,8,4,12,21,55,840,7,"32, MORIERES (ROUTE DE)",,,Nuit avec éclairage allumé,En agglomération,Hors intersection,Normale,Autre collision,,,,,,,,,,,5,2,1,1,6
200800020900,0008-04-17 09:00:00,8,4,17,9,0,840,7,FABRE (rue Henri),,,Plein jour,En agglomération,Intersection en X,Normale,Deux véhicules - côté,,,,,,,,,,,1,2,2,1,3
200800020901,0008-04-21 14:10:00,8,4,21,14,10,840,7,VALENTE (Avenue Charles),,,Plein jour,Hors agglomération,Hors intersection,Normale,Deux véhicules - côté,,,,,,,,,,,1,1,1,1,3
200800020902,0008-04-22 18:50:00,8,4,22,18,50,840,7,TARASCON ( Avenue de),,,Plein jour,En agglomération,Hors intersection,Normale,Deux véhicules - côté,,,,,,,,,,,1,2,1,1,3
200800020903,0008-04-23 10:40:00,8,4,23,10,40,840,7,SAINT ROCH (Boulevard),,,Plein jour,En agglomération,Hors intersection,Normale,Trois véhicules et plus - collisions multiples,,,,,,,,,,,1,2,1,1,5
200800020904,0008-04-23 17:15:00,8,4,23,17,15,840,7,MAGNANARELLES (Avenue de,,,Plein jour,En agglomération,Hors intersection,Normale,Deux véhicules - côté,,,,,,,,,,,1,2,1,1,3
200800020905,0008-04-26 13:20:00,8,4,26,13,20,840,7,CARMES (Place des),,,Plein jour,En agglomération,Hors intersection,Normale,Autre collision,,,,,,,,,,,1,2,1,1,6
200800020906,0008-04-27 10:45:00,8,4,27,10,45,840,7,C.De GAULLE (Rocade),,,Plein jour,En agglomération,Hors intersection,Normale,Autre collision,,,,,,,,,,,1,2,1,1,6
200800020907,0008-04-27 12:10:00,8,4,27,12,10,840,7,BONPAS ( Pont),,,Plein jour,Hors agglomération,Hors intersection,Normale,Autre collision,,,,,,,,,,,1,1,1,1,6
200800020908,0008-04-27 17:35:00,8,4,27,17,35,840,7,OULLE (Allées de l'),,,Plein jour,En agglomération,Hors intersection,Normale,Deux véhicules - côté,,,,,,,,,,,1,2,1,1,3
200800020909,0008-04-28 18:45:00,8,4,28,18,45,840,7,CHOPIN  (rue frédéric),,,Plein jour,En agglomération,Hors intersection,Normale,Autre collision,,,,,,,,,,,1,2,1,1,6
200800020910,0008-04-05 18:50:00,8,4,5,18,50,840,35,"1, GAMBETTA (COURS LEON)",,,Plein jour,En agglomération,Intersection en T,Normale,Trois véhicules et plus - collisions multiples,,,,,,,,,,,1,2,3,1,5
200800020911,0008-04-19 20:05:00,8,4,19,20,5,840,35,"1, BOURNISSAC (COURS)",,,Plein jour,En agglomération,Intersection en T,Normale,Deux véhicules - côté,,,,,,,,,,,1,2,3,1,3
200800020912,0008-04-04 16:55:00,8,4,4,16,55,840,35,VIGNERES-RD98 (ROUTE DES,,,Plein jour,Hors agglomération,Hors intersection,Normale,Deux véhicules - frontale,,,,,,,,,,,1,1,1,1,1
200800020913,0008-04-23 16:42:00,8,4,23,16,42,840,89,"1, VERDUN (AVENUE DE)",,,Plein jour,En agglomération,Hors intersection,Normale,Autre collision,,,,,,,,,,,1,2,1,1,6
200800020914,0008-04-02 14:30:00,8,4,2,14,30,850,191,"01, CHATEAUBRIAND RUE F.",,,Plein jour,En agglomération,Hors intersection,Normale,Deux véhicules - arrière,,,,,,,,,,,1,2,1,1,2
200800020915,0008-04-07 18:15:00,8,4,7,18,15,850,191,"0, COTE DE LUMIERE ROND-",,,Plein jour,Hors agglomération,Hors intersection,Temps éblouissant,Autre collision,,,,,,,,,,,1,1,1,7,6
200800020916,0008-04-08 15:25:00,8,4,8,15,25,850,191,VENDEE PLACE DE LA,,,Plein jour,En agglomération,Hors intersection,Normale,Autre collision,,,,,,,,,,,1,2,1,1,6
200800020917,0008-04-15 14:20:00,8,4,15,14,20,850,191,"SANS, ROND POINT TRAVOT",,,Plein jour,En agglomération,Giratoire,Normale,Autre collision,,,,,,,,,,,1,2,6,1,6
200800020918,0008-04-18 13:40:00,8,4,18,13,40,850,191,"2, DOUMER RUE PAUL",,,Plein jour,En agglomération,Hors intersection,Normale,Sans collision,,,,,,,,,,,1,2,1,1,7
200800020919,0008-04-23 23:10:00,8,4,23,23,10,850,191,"SANS, QUATRE VINGT TREIZ",,,Nuit avec éclairage allumé,En agglomération,Intersection en X,Normale,Deux véhicules - frontale,,,,,,,,,,,5,2,2,1,1
200800020920,0008-04-05 18:50:00,8,4,5,18,50,850,194,ADER (RUE CLEMENT),,,Plein jour,En agglomération,Intersection en X,Normale,Deux véhicules - côté,,,,,,,,,,,1,2,2,1,3
200800020921,0008-04-14 15:10:00,8,4,14,15,10,850,194,GRANGES (RUE DES),,,Plein jour,En agglomération,Hors intersection,Normale,Deux véhicules - côté,,,,,,,,,,,1,2,1,1,3
200800020922,0008-04-15 20:45:00,8,4,15,20,45,850,194,VANNERIE (ROND POINT),,,Crépuscule ou aube,En agglomération,Giratoire,Normale,Deux véhicules - arrière,,,,,,,,,,,2,2,6,1,2
200800020923,0008-04-18 17:20:00,8,4,18,17,20,850,194,OLONNE (RUE D'),,,Plein jour,En agglomération,Hors intersection,Normale,Sans collision,,,,,,,,,,,1,2,1,1,7
200800020924,0008-04-23 23:05:00,8,4,23,23,5,850,194,HERRIOT (PROMENADE EDOUA,,,Nuit sans éclairage public,En agglomération,Hors intersection,Normale,Sans collision,,,,,,,,,,,3,2,1,1,7
200800020925,0008-04-24 17:45:00,8,4,24,17,45,850,194,"24, COTY (AVENUE RENE)",,,Plein jour,En agglomération,Hors intersection,Normale,Autre collision,,,,,,,,,,,1,2,1,1,6
200800020926,0008-04-11 16:00:00,8,4,11,16,0,860,66,"134, CHATEAUNEUF (GRANDE",,,Plein jour,En agglomération,Hors intersection,Normale,Autre collision,,,,,,,,,,,1,2,1,1,6
200800020927,0008-04-19 13:50:00,8,4,19,13,50,860,66,"22, FLEUR DE LYS (RUE DE",,,Plein jour,En agglomération,Hors intersection,Normale,Autre collision,,,,,,,,,,,1,2,1,1,6
200800020928,0008-04-25 19:30:00,8,4,25,19,30,860,66,RD 725 - ROUTE DE LENCLO,,,Plein jour,En agglomération,Intersection en T,Normale,Deux véhicules - arrière,,,,,,,,,,,1,2,3,1,2
200800020929,0008-04-11 10:10:00,8,4,11,10,10,860,194,JOHN KENNEDY (AVENUE),,,Plein jour,En agglomération,Intersection en X,Normale,Deux véhicules - côté,,,,,,,,,,,1,2,2,1,3
200800020930,0008-04-15 08:50:00,8,4,15,8,50,860,194,NANTES (AVENUE DE),,,Plein jour,En agglomération,Intersection en X,Normale,Deux véhicules - arrière,,,,,,,,,,,1,2,2,1,2
200800020931,0008-04-16 00:05:00,8,4,16,0,5,860,27,ERMITAGE (RUE DE L'),,,Nuit avec éclairage allumé,En agglomération,Hors intersection,Normale,Autre collision,,,,,,,,,,,5,2,1,1,6
200800020932,0008-04-18 18:40:00,8,4,18,18,40,860,194,"., 8 MAI 1945 (AVENUE DU",,,Plein jour,En agglomération,Intersection en X,Normale,Deux véhicules - côté,,,,,,,,,,,1,2,2,1,3
200800020933,0008-04-20 20:25:00,8,4,20,20,25,860,194,"15, LE PELETIER (AVENUE)",,,Crépuscule ou aube,En agglomération,Hors intersection,Normale,Deux véhicules - côté,,,,,,,,,,,2,2,1,1,3
200800020934,0008-04-22 17:25:00,8,4,22,17,25,860,194,JOHN KENNEDY (AVENUE),,,Plein jour,En agglomération,Hors intersection,Normale,Autre collision,,,,,,,,,,,1,2,1,1,6
200800020935,0008-04-24 07:50:00,8,4,24,7,50,860,194,JOHN KENNEDY (AVENUE),,,Plein jour,En agglomération,Hors intersection,Normale,Autre collision,,,,,,,,,,,1,2,1,1,6
200800020936,0008-04-25 17:00:00,8,4,25,17,0,860,194,"368, NANTES (AVENUE DE)",,,Plein jour,En agglomération,Hors intersection,Normale,Deux véhicules - côté,,,,,,,,,,,1,2,1,1,3
200800020937,0008-04-26 13:05:00,8,4,26,13,5,860,194,"., DOLMEN (RUE DU)",,,Plein jour,En agglomération,Intersection en X,Normale,Deux véhicules - côté,,,,,,,,,,,1,2,2,1,3
200800020938,0008-04-28 11:05:00,8,4,28,11,5,860,194,"., ROGER TAGAULT (ALLEE)",,,Plein jour,En agglomération,Hors intersection,Normale,Autre collision,,,,,,,,,,,1,2,1,1,6
200800020939,0008-04-28 14:25:00,8,4,28,14,25,860,194,"., BUGELLERIE (RUE DE LA",,,Plein jour,En agglomération,Intersection en X,Pluie légère,Deux véhicules - côté,,,,,,,,,,,1,2,2,2,3
200800020940,0008-04-28 18:55:00,8,4,28,18,55,860,194,JOHN KENNEDY (AVENUE),,,Plein jour,En agglomération,Intersection en X,Normale,Deux véhicules - côté,,,,,,,,,,,1,2,2,1,3
200800020941,0008-04-29 10:10:00,8,4,29,10,10,860,194,"., JEAN DE BERRY (PLACE)",,,Plein jour,En agglomération,Place,Normale,Deux véhicules - frontale,,,,,,,,,,,1,2,7,1,1
200800020942,0008-04-02 17:32:00,8,4,2,17,32,870,50,FREGEFOND (LIEU DIT),,,Plein jour,Hors agglomération,Hors intersection,Normale,Trois véhicules et plus - collisions multiples,,,,,,,,,,,1,1,1,1,5
200800020943,0008-04-03 00:43:00,8,4,3,0,43,870,85,AEROPORT LIMOGES BELLEGA,,,Nuit avec éclairage allumé,Hors agglomération,Hors intersection,Normale,Autre collision,,,,,,,,,,,5,1,1,1,6
200800020944,0008-04-03 12:17:00,8,4,3,12,17,870,85,"56, GAMBETTA (BOULEVARD)",,,Plein jour,En agglomération,Hors intersection,Normale,Deux véhicules - arrière,,,,,,,,,,,1,2,1,1,2
200800020945,0008-04-04 12:58:00,8,4,4,12,58,870,85,"217, PERRIN (RUE FRANCOI",,,Plein jour,En agglomération,Hors intersection,Normale,Deux véhicules - arrière,,,,,,,,,,,1,2,1,1,2
200800020946,0008-04-04 17:08:00,8,4,4,17,8,870,85,PORT DU NAVEIX (RUE DU),,,Plein jour,Hors agglomération,Hors intersection,Normale,Trois véhicules et plus - en chaîne,,,,,,,,,,,1,1,1,1,4
200800020947,0008-04-03 08:05:00,8,4,3,8,5,870,85,"28, VIGENAL (BOULEVARD D",,,Plein jour,En agglomération,Hors intersection,Normale,Autre collision,,,,,,,,,,,1,2,1,1,6