accident_id,datetime,annee,mois,jour,heure,minute,departement,commune_insee,adresse,latitude,longitude,luminosite,agglomeration,intersection,meteo,collision,nb_vehicules,nb_usagers,nb_indemnes,nb_tues,nb_blesses_hosp,nb_blesses_legers,age_cond_1,age_cond_2,veh_type_cond_1,veh_type_cond_2,lum_code,agg_code,int_code,atm_code,col_code
200800020948,0008-04-07 09:43:00,8,4,7,9,43,870,85,"90, ALLENDE (QUAI SALVAD",,,Plein jour,En agglomération,Intersection en X,Normale,Deux véhicules - côté,,,,,,,,,,,1,2,2,1,3
200800020949,0008-04-08 14:40:00,8,4,8,14,40,870,85,"34, ARMAND (AVE Z.A.C",,,Plein jour,En agglomération,Giratoire,Normale,Deux véhicules - côté,,,,,,,,,,,1,2,6,1,3
200800020950,0008-04-09 04:18:00,8,4,9,4,18,870,85,BEAUBLANC (BOULEVARD DE),,,Nuit avec éclairage allumé,En agglomération,Hors intersection,Pluie légère,Autre collision,,,,,,,,,,,5,2,1,2,6
200800020951,0008-04-10 07:55:00,8,4,10,7,55,870,85,AUTOROUTE A20,,,Plein jour,Hors agglomération,Hors intersection,Normale,Autre collision,,,,,,,,,,,1,1,1,1,6
200800020952,0008-04-10 19:15:00,8,4,10,19,15,870,85,GOUJAUD (QUAI LOUIS),,,Plein jour,En agglomération,Hors intersection,Normale,Autre collision,,,,,,,,,,,1,2,1,1,6
200800020953,0008-04-11 09:06:00,8,4,11,9,6,870,85,"54, FOUGERAS (RUE DE)",,,Plein jour,En agglomération,Hors intersection,Normale,Deux véhicules - arrière,,,,,,,,,,,1,2,1,1,2
200800020954,0008-04-12 00:49:00,8,4,12,0,49,870,85,AUTOROUTE A20,,,Nuit avec éclairage allumé,Hors agglomération,Hors intersection,Normale,Autre collision,,,,,,,,,,,5,1,1,1,6
200800020955,0008-04-13 17:59:00,8,4,13,17,59,870,75,RD79,,,Plein jour,Hors agglomération,Intersection en X,Pluie forte,Deux véhicules - côté,,,,,,,,,,,1,1,2,3,3
200800020956,0008-04-14 13:56:00,8,4,14,13,56,870,85,PONT SAINT ANDRE (RUE DU,,,Plein jour,En agglomération,Intersection en T,Normale,Deux véhicules - côté,,,,,,,,,,,1,2,3,1,3
200800020957,0008-04-14 20:43:00,8,4,14,20,43,870,113,"33, MOULIN (AVENUE JEAN)",,,Nuit avec éclairage allumé,En agglomération,Hors intersection,Pluie légère,Autre collision,,,,,,,,,,,5,2,1,2,6
200800020958,0008-04-16 15:54:00,8,4,16,15,54,870,85,"30, SUFFREN (RUE)",,,Plein jour,En agglomération,Hors intersection,Normale,Autre collision,,,,,,,,,,,1,2,1,1,6
200800020959,0008-04-16 16:35:00,8,4,16,16,35,870,85,"5, SAINT MAURICE (BOULEV",,,Plein jour,En agglomération,Hors intersection,Normale,Sans collision,,,,,,,,,,,1,2,1,1,7
200800020960,0008-04-17 16:31:00,8,4,17,16,31,870,114,"2, BETOULLE (AVENUE LEON",,,Plein jour,En agglomération,Hors intersection,Pluie légère,Deux véhicules - arrière,,,,,,,,,,,1,2,1,2,2
200800020961,0008-04-19 17:35:00,8,4,19,17,35,870,85,"5, BLUM (RUE LEON)",,,Plein jour,En agglomération,Hors intersection,Normale,Autre collision,,,,,,,,,,,1,2,1,1,6
200800020962,0008-04-20 06:53:00,8,4,20,6,53,870,85,AUTOROUTE A20,,,Plein jour,Hors agglomération,Hors intersection,Pluie légère,Autre collision,,,,,,,,,,,1,1,1,2,6
200800020963,0008-04-24 15:12:00,8,4,24,15,12,870,85,RD947,,,Plein jour,En agglomération,Hors intersection,Normale,Deux véhicules - côté,,,,,,,,,,,1,2,1,1,3
200800020964,0008-04-24 15:57:00,8,4,24,15,57,870,85,VANTEAUX (BOULEVARD DE),,,Plein jour,En agglomération,Hors intersection,Normale,Deux véhicules - côté,,,,,,,,,,,1,2,1,1,3
200800020965,0008-04-28 09:49:00,8,4,28,9,49,870,85,"106, MONTJOVIS (AVENUE)",,,Plein jour,En agglomération,Hors intersection,Pluie légère,Autre collision,,,,,,,,,,,1,2,1,2,6
200800020966,0008-04-28 08:32:00,8,4,28,8,32,870,65,RD979,,,Plein jour,En agglomération,Hors intersection,Pluie légère,Autre collision,,,,,,,,,,,1,2,1,2,6
200800020967,0008-04-28 12:01:00,8,4,28,12,1,870,50,"9, BUXEROLLES (ROUTE DE)",,,Plein jour,En agglomération,Hors intersection,Pluie légère,Autre collision,,,,,,,,,,,1,2,1,2,6
200800020968,0008-04-28 13:12:00,8,4,28,13,12,870,85,"1, VENTADOUR (RUE BERNAR",,,Plein jour,En agglomération,Hors intersection,Normale,Autre collision,,,,,,,,,,,1,2,1,1,6
200800020969,0008-04-29 15:49:00,8,4,29,15,49,870,85,CHURCHILL WINSTON (PLACE,,,Plein jour,En agglomération,Hors intersection,Normale,Autre collision,,,,,,,,,,,1,2,1,1,6
200800020970,0008-04-29 17:25:00,8,4,29,17,25,870,85,PONT NEUF,,,Plein jour,En agglomération,Hors intersection,Pluie légère,Autre collision,,,,,,,,,,,1,2,1,2,6
200800020971,0008-04-30 10:34:00,8,4,30,10,34,870,85,"79, LECLERC (AVENUE DU G",,,Plein jour,En agglomération,Hors intersection,Normale,Deux véhicules - côté,,,,,,,,,,,1,2,1,1,3
200800020972,0008-04-22 15:50:00,8,4,22,15,50,880,160,"00, GAMBETTA (RUE)",48.17295,6.44835,Plein jour,En agglomération,Intersection en X,Normale,Deux véhicules - arrière,,,,,,,,,,,1,2,2,1,2
200800020973,0008-04-23 21:10:00,8,4,23,21,10,880,160,"7, MAROC (RUE ET RUELLE",48.1805,6.43803,Nuit avec éclairage allumé,En agglomération,Hors intersection,Normale,Autre collision,,,,,,,,,,,5,2,1,1,6
200800020974,0008-04-24 13:40:00,8,4,24,13,40,880,160,"00, JEUXEY (RTE DE)",48.19352,6.45463,Plein jour,En agglomération,Intersection en X,Normale,Deux véhicules - côté,,,,,,,,,,,1,2,2,1,3
200800020975,0008-04-25 18:10:00,8,4,25,18,10,880,160,"0, JEUXEY (RTE DE)",48.19486,6.45828,Plein jour,En agglomération,Hors intersection,Normale,Autre collision,,,,,,,,,,,1,2,1,1,6
200800020976,0008-04-29 17:00:00,8,4,29,17,0,880,160,"13, OULMONT (RUE PAUL-)",48.16353,6.45079,Plein jour,En agglomération,Hors intersection,Normale,Autre collision,,,,,,,,,,,1,2,1,1,6
200800020977,0008-04-07 16:50:00,8,4,7,16,50,880,160,"00, DAVID ET MAIGRET (RU",48.16023,6.45302,Plein jour,En agglomération,Intersection en T,Normale,Deux véhicules - côté,,,,,,,,,,,1,2,3,1,3
200800020978,0008-04-14 18:20:00,8,4,14,18,20,890,387,"0, VOULX (ROUTE DE)",,,Plein jour,En agglomération,Hors intersection,Pluie légère,Deux véhicules - côté,,,,,,,,,,,1,2,1,2,3
200800020979,0008-04-03 17:20:00,8,4,3,17,20,890,342,"0, PARIS (RUE DE)",,,Plein jour,En agglomération,Intersection en Y,Normale,Deux véhicules - côté,,,,,,,,,,,1,2,4,1,3
200800020980,0008-04-27 11:35:00,8,4,27,11,35,890,387,"0, VAUBAN (AVENUE)",,,Plein jour,En agglomération,Hors intersection,Normale,Autre collision,,,,,,,,,,,1,2,1,1,6
200800020981,0008-04-04 15:05:00,8,4,4,15,5,900,10,"7, CHATEAUDUN (RUE DE)",,,Plein jour,En agglomération,Hors intersection,Normale,Autre collision,,,,,,,,,,,1,2,1,1,6
200800020982,0008-04-05 10:35:00,8,4,5,10,35,900,10,"1, BOHN (AVENUE CHARLES)",,,Plein jour,En agglomération,Hors intersection,Normale,Autre collision,,,,,,,,,,,1,2,1,1,6
200800020983,0008-04-09 11:05:00,8,4,9,11,5,900,10,"65, MOULIN (AVENUE JEAN)",,,Plein jour,En agglomération,Hors intersection,Pluie forte,Sans collision,,,,,,,,,,,1,2,1,3,7
200800020984,0008-04-17 22:30:00,8,4,17,22,30,900,10,"1, LECLERC (AVENUE)",,,Nuit avec éclairage allumé,En agglomération,Intersection à plus de 4 branches,Pluie légère,Deux véhicules - côté,,,,,,,,,,,5,2,5,2,3
200800020985,0008-04-18 16:41:00,8,4,18,16,41,900,99,"12, LECLERC (RUE DU MARE",,,Plein jour,En agglomération,Hors intersection,Normale,Autre collision,,,,,,,,,,,1,2,1,1,6
200800020986,0008-04-21 18:00:00,8,4,21,18,0,900,10,LECLERC (AVENUE),,,Plein jour,En agglomération,Intersection en T,Pluie légère,Trois véhicules et plus - collisions multiples,,,,,,,,,,,1,2,3,2,5
200800020987,0008-04-24 15:29:00,8,4,24,15,29,900,10,"92, JAURES (AVENUE JEAN)",,,Plein jour,En agglomération,Intersection en X,Normale,Deux véhicules - arrière,,,,,,,,,,,1,2,2,1,2
200800020988,0008-04-26 18:05:00,8,4,26,18,5,900,39,"1, DE GAULLE (RUE DU GEN",,,Plein jour,En agglomération,Hors intersection,Normale,Trois véhicules et plus - collisions multiples,,,,,,,,,,,1,2,1,1,5
200800020989,0008-04-17 19:35:00,8,4,17,19,35,910,552,"08, LAGAUCHE EUGENE (RUE",,,Plein jour,En agglomération,Intersection en X,Normale,Deux véhicules - frontale,,,,,,,,,,,1,2,2,1,1
200800020990,0008-04-19 07:50:00,8,4,19,7,50,910,457,MONDONVILLE (RUE DE),,,Plein jour,En agglomération,Passage à niveau,Normale,Deux véhicules - côté,,,,,,,,,,,1,2,8,1,3
200800020991,0008-04-25 16:30:00,8,4,25,16,30,910,552,LEUVILLE (ROUTE DE),,,Plein jour,En agglomération,Hors intersection,Normale,Sans collision,,,,,,,,,,,1,2,1,1,7
200800020992,0008-04-02 17:45:00,8,4,2,17,45,910,479,"0, FONTAINEBLEAU (BOULEV",,,Plein jour,Hors agglomération,Hors intersection,Normale,Autre collision,,,,,,,,,,,1,1,1,1,6
200800020993,0008-04-03 17:00:00,8,4,3,17,0,910,479,GAULLE (AVENUE DU GENERA,,,Plein jour,En agglomération,Intersection en X,Normale,Autre collision,,,,,,,,,,,1,2,2,1,6
200800020994,0008-04-05 16:25:00,8,4,5,16,25,910,27,"0, MITTERAND (AVENUE FRA",,,Plein jour,En agglomération,Hors intersection,Pluie légère,Autre collision,,,,,,,,,,,1,2,1,2,6
200800020995,0008-04-11 19:55:00,8,4,11,19,55,910,27,"0, CONCORDE (RUE DE LA)",,,Plein jour,En agglomération,Intersection en X,Normale,Autre collision,,,,,,,,,,,1,2,2,1,6
200800020996,0008-04-15 13:45:00,8,4,15,13,45,910,27,"142, MORANGIS (AVENUE DE",,,Plein jour,En agglomération,Hors intersection,Normale,Autre collision,,,,,,,,,,,1,2,1,1,6
200800020997,0008-04-17 06:15:00,8,4,17,6,15,910,27,"34, MITTERAND (AVENUE FR",,,Nuit avec éclairage allumé,En agglomération,Hors intersection,Normale,Autre collision,,,,,,,,,,,5,2,1,1,6
200800020998,0008-04-24 18:00:00,8,4,24,18,0,910,27,"49, ORGE (QUAI DE L')",,,Plein jour,En agglomération,Hors intersection,Normale,Autre collision,,,,,,,,,,,1,2,1,1,6
200800020999,0008-04-01 11:40:00,8,4,1,11,40,910,114,CERCAY (RUE DE),,,Plein jour,En agglomération,Hors intersection,Normale,Deux véhicules - arrière,,,,,,,,,,,1,2,1,1,2
200800021000,0008-04-05 18:45:00,8,4,5,18,45,910,97,JEAN MOULIN (AVENUE),,,Plein jour,En agglomération,Giratoire,Normale,Deux véhicules - côté,,,,,,,,,,,1,2,6,1,3
200800021001,0008-04-10 18:20:00,8,4,10,18,20,910,514,CD 33,,,Plein jour,Hors agglomération,Hors intersection,Normale,Deux véhicules - côté,,,,,,,,,,,1,1,1,1,3
200800021002,0008-04-13 18:05:00,8,4,13,18,5,910,114,TALMA (RUE),,,Plein jour,En agglomération,Hors intersection,Normale,Autre collision,,,,,,,,,,,1,2,1,1,6
200800021003,0008-04-15 16:20:00,8,4,15,16,20,910,114,GLAISES (RUE DES),,,Plein jour,En agglomération,Intersection en X,Normale,Deux véhicules - côté,,,,,,,,,,,1,2,2,1,3
200800021004,0008-04-17 08:30:00,8,4,17,8,30,910,514,BOUSSY SAINT ANTOINE (RO,,,Plein jour,En agglomération,Hors intersection,Normale,Autre collision,,,,,,,,,,,1,2,1,1,6
200800021005,0008-04-26 18:55:00,8,4,26,18,55,910,114,WITTLICH (ROND POINT),,,Plein jour,En agglomération,Giratoire,Normale,Deux véhicules - côté,,,,,,,,,,,1,2,6,1,3
200800021006,0008-04-08 07:30:00,8,4,8,7,30,910,657,GASTON GRINBAUM (RUE) CO,,,Crépuscule ou aube,En agglomération,Hors intersection,Normale,Autre collision,,,,,,,,,,,2,2,1,1,6
200800021007,0008-04-08 08:20:00,8,4,8,8,20,910,201,PORT AUX DAMES(QUAI+RUE,,,Crépuscule ou aube,En agglomération,Hors intersection,Normale,Autre collision,,,,,,,,,,,2,2,1,1,6
200800021008,0008-04-10 18:00:00,8,4,10,18,0,910,201,PORT AUX DAMES(QUAI+RUE,,,Plein jour,En agglomération,Intersection en X,Normale,Deux véhicules - côté,,,,,,,,,,,1,2,2,1,3
200800021009,0008-04-15 13:55:00,8,4,15,13,55,910,657,HENRI CHARON (AVENUE),,,Plein jour,En agglomération,Hors intersection,Normale,Autre collision,,,,,,,,,,,1,2,1,1,6
200800021010,0008-04-16 13:55:00,8,4,16,13,55,910,657,BALZAC (RUE),,,Plein jour,En agglomération,Intersection en X,Normale,Deux véhicules - côté,,,,,,,,,,,1,2,2,1,3
200800021011,0008-04-17 16:15:00,8,4,17,16,15,910,657,CACTUS (RUE DES ),,,Plein jour,En agglomération,Intersection en X,Normale,Deux véhicules - côté,,,,,,,,,,,1,2,2,1,3
200800021012,0008-04-21 14:45:00,8,4,21,14,45,910,201,CHATILLON(RUE DE ),,,Plein jour,En agglomération,Hors intersection,Normale,Autre collision,,,,,,,,,,,1,2,1,1,6
200800021013,0008-04-27 21:45:00,8,4,27,21,45,910,201,HENRI BARBUSSE(BOULEVARD,,,Nuit avec éclairage allumé,En agglomération,Autre intersection,Normale,Deux véhicules - côté,,,,,,,,,,,5,2,9,1,3
200800021014,0008-04-27 14:50:00,8,4,27,14,50,910,201,EUGENE DELACROIX(AVENUE),,,Plein jour,En agglomération,Hors intersection,Normale,Deux véhicules - côté,,,,,,,,,,,1,2,1,1,3
200800021015,0008-04-29 13:00:00,8,4,29,13,0,910,201,MARCEL LINARD(AVENUE),,,Plein jour,En agglomération,Intersection en X,Pluie légère,Deux véhicules - côté,,,,,,,,,,,1,2,2,2,3
200800021016,0008-04-04 00:10:00,8,4,4,0,10,910,433,GENERAL DE GAULLE (AVENU,,,Nuit avec éclairage allumé,En agglomération,Hors intersection,Normale,Sans collision,,,,,,,,,,,5,2,1,1,7
200800021017,0008-04-04 16:10:00,8,4,4,16,10,910,433,MALADRERIE (RUE DE LA),,,Plein jour,En agglomération,Hors intersection,Normale,Sans collision,,,,,,,,,,,1,2,1,1,7
200800021018,0008-04-11 04:15:00,8,4,11,4,15,910,223,RN 191,,,Nuit sans éclairage public,Hors agglomération,Giratoire,Normale,Sans collision,,,,,,,,,,,3,1,6,1,7
200800021019,0008-04-22 13:40:00,8,4,22,13,40,910,469,D721,,,Plein jour,Hors agglomération,Hors intersection,Normale,Sans collision,,,,,,,,,,,1,1,1,1,7
200800021020,0008-04-26 15:40:00,8,4,26,15,40,910,223,ALOUETTES (RUE DES),,,Plein jour,En agglomération,Hors intersection,Normale,Deux véhicules - arrière,,,,,,,,,,,1,2,1,1,2
200800021021,0008-04-28 00:01:00,8,4,28,0,1,910,223,R.N.20,,,Plein jour,Hors agglomération,Hors intersection,Pluie légère,Sans collision,,,,,,,,,,,1,1,1,2,7
200800021022,0008-04-30 12:00:00,8,4,30,12,0,910,223,C.D. 21,,,Plein jour,Hors agglomération,Hors intersection,Pluie légère,Sans collision,,,,,,,,,,,1,1,1,2,7
200800021023,0008-04-02 16:50:00,8,4,2,16,50,910,228,"., CHAMPS ELYSEES (BD)N°",,,Plein jour,En agglomération,Hors intersection,Pluie légère,Deux véhicules - arrière,,,,,,,,,,,1,2,1,2,2
200800021024,0008-04-05 16:40:00,8,4,5,16,40,910,521,"., RESISTANCE (RUE DE LA",,,Plein jour,En agglomération,Hors intersection,Pluie forte,Deux véhicules - arrière,,,,,,,,,,,1,2,1,3,2
200800021025,0008-04-18 08:20:00,8,4,18,8,20,910,521,MENNECY (ROUTE DE),,,Plein jour,En agglomération,Hors intersection,Normale,Autre collision,,,,,,,,,,,1,2,1,1,6
200800021026,0008-04-18 18:00:00,8,4,18,18,0,910,228,"., MOUSSEAU (AVENUE DU)",,,Plein jour,En agglomération,Hors intersection,Normale,Autre collision,,,,,,,,,,,1,2,1,1,6
200800021027,0008-04-24 14:45:00,8,4,24,14,45,910,182,"., MARQUIS DE RAIES (RUE",,,Plein jour,En agglomération,Hors intersection,Normale,Autre collision,,,,,,,,,,,1,2,1,1,6
200800021028,0008-04-01 21:25:00,8,4,1,21,25,910,421,"155, REPUBLIQUE (AVENUE",,,Nuit sans éclairage public,En agglomération,Hors intersection,Normale,Deux véhicules - côté,,,,,,,,,,,3,2,1,1,3
200800021029,0008-04-02 17:35:00,8,4,2,17,35,910,691,"10, PIERRE DE COUBERTIN(",,,Plein jour,En agglomération,Hors intersection,Pluie légère,Autre collision,,,,,,,,,,,1,2,1,2,6
200800021030,0008-04-04 07:35:00,8,4,4,7,35,910,421,NATIONALE 6 (GLACIERE),,,Plein jour,Hors agglomération,Hors intersection,Normale,Sans collision,,,,,,,,,,,1,1,1,1,7
200800021031,0008-04-16 08:50:00,8,4,16,8,50,910,191,VIGNES (RUE DES),,,Plein jour,En agglomération,Intersection en T,Normale,Deux véhicules - côté,,,,,,,,,,,1,2,3,1,3
200800021032,0008-04-18 17:25:00,8,4,18,17,25,910,691,GOURGAUD(AVENUE),,,Plein jour,En agglomération,Hors intersection,Normale,Deux véhicules - arrière,,,,,,,,,,,1,2,1,1,2
200800021033,0008-04-25 18:30:00,8,4,25,18,30,910,191,BOILEAU (RUE),,,Plein jour,En agglomération,Intersection en T,Normale,Sans collision,,,,,,,,,,,1,2,3,1,7
200800021034,0008-04-28 20:50:00,8,4,28,20,50,910,421,NATIONALE 6 (GLACIERE),,,Crépuscule ou aube,En agglomération,Hors intersection,Pluie légère,Deux véhicules - arrière,,,,,,,,,,,2,2,1,2,2
200800021035,0008-04-02 19:30:00,8,4,2,19,30,910,692,TROPIQUES (AVENUE DES),,,Crépuscule ou aube,Hors agglomération,Giratoire,Normale,Deux véhicules - côté,,,,,,,,,,,2,1,6,1,3
200800021036,0008-04-03 18:00:00,8,4,3,18,0,910,692,"0, MORVAN (RUE DU)",,,Plein jour,En agglomération,Hors intersection,Normale,Autre collision,,,,,,,,,,,1,2,1,1,6
200800021037,0008-04-04 14:50:00,8,4,4,14,50,910,477,"0, HUIT MAI 1945 (AVENUE",,,Plein jour,En agglomération,Hors intersection,Normale,Autre collision,,,,,,,,,,,1,2,1,1,6
200800021038,0008-04-07 09:15:00,8,4,7,9,15,910,471,"0, REPUBLIQUE (PLACE DE",,,Plein jour,En agglomération,Giratoire,Normale,Deux véhicules - côté,,,,,,,,,,,1,2,6,1,3
200800021039,0008-04-09 08:50:00,8,4,9,8,50,910,692,TROPIQUES (AVENUE DES),,,Plein jour,Hors agglomération,Intersection en Y,Normale,Deux véhicules - arrière,,,,,,,,,,,1,1,4,1,2
200800021040,0008-04-16 20:15:00,8,4,16,20,15,910,477,"138, VAUHALLAN (CHEMIN D",,,Plein jour,En agglomération,Hors intersection,Normale,Deux véhicules - arrière,,,,,,,,,,,1,2,1,1,2
200800021041,0008-04-24 09:30:00,8,4,24,9,30,910,477,STALINGRAD (AVENUE DE),,,Plein jour,En agglomération,Intersection en T,Normale,Deux véhicules - côté,,,,,,,,,,,1,2,3,1,3
200800021042,0008-04-06 19:30:00,8,4,6,19,30,910,549,"1, HUREPOIX (AVENUE DU)",,,Plein jour,En agglomération,Autre intersection,Normale,Deux véhicules - côté,,,,,,,,,,,1,2,9,1,3
200800021043,0008-04-03 12:10:00,8,4,3,12,10,920,2,JEAN-CHARLES PERSIL (RUE,,,Plein jour,En agglomération,Hors intersection,Normale,Autre collision,,,,,,,,,,,1,2,1,1,6
200800021044,0008-04-16 08:00:00,8,4,16,8,0,920,2,"29, DIVISION LECLERC (1",,,Plein jour,En agglomération,Hors intersection,Normale,Autre collision,,,,,,,,,,,1,2,1,1,6
200800021045,0008-04-21 10:30:00,8,4,21,10,30,920,2,"., DIVISION LECLERC (53",,,Plein jour,En agglomération,Intersection en X,Normale,Trois véhicules et plus - en chaîne,,,,,,,,,,,1,2,2,1,4
200800021046,0008-04-25 11:20:00,8,4,25,11,20,920,2,"47, BACONNETS (RUE DES)",,,Plein jour,En agglomération,Intersection en T,Normale,Autre collision,,,,,,,,,,,1,2,3,1,6
200800021047,0008-04-26 14:30:00,8,4,26,14,30,920,14,"8, VICTOR HUGO (AVENUE)",,,Plein jour,En agglomération,Intersection en T,Normale,Deux véhicules - arrière,,,,,,,,,,,1,2,3,1,2
200800021048,0008-04-29 17:20:00,8,4,29,17,20,920,2,"16, GOUTTIERES (RUE DES)",,,Plein jour,En agglomération,Hors intersection,Pluie légère,Autre collision,,,,,,,,,,,1,2,1,2,6
200800021049,0008-04-02 20:25:00,8,4,2,20,25,920,4,"384, ARGENTEUIL N° 176 A",,,Nuit avec éclairage allumé,En agglomération,Hors intersection,Pluie légère,Trois véhicules et plus - collisions multiples,,,,,,,,,,,5,2,1,2,5
200800021050,0008-04-02 21:20:00,8,4,2,21,20,920,4,MONTESQUIEU,,,Nuit avec éclairage allumé,En agglomération,Intersection en X,Autre,Autre collision,,,,,,,,,,,5,2,2,9,6
200800021051,0008-04-04 04:00:00,8,4,4,4,0,920,4,"NR, BAS ( RUE DES )",,,Nuit avec éclairage allumé,En agglomération,Intersection en T,Normale,Deux véhicules - arrière,,,,,,,,,,,5,2,3,1,2
200800021052,0008-04-07 18:35:00,8,4,7,18,35,920,4,"10/12, BAS ( RUE DES )",,,Nuit avec éclairage allumé,En agglomération,Hors intersection,Normale,Autre collision,,,,,,,,,,,5,2,1,1,6
200800021053,0008-04-08 17:30:00,8,4,8,17,30,920,7,"13, PORT GALAND (RUE DU)",,,Plein jour,En agglomération,Hors intersection,Normale,Autre collision,,,,,,,,,,,1,2,1,1,6
200800021054,0008-04-12 18:45:00,8,4,12,18,45,920,7,"21-23, LISETTE (RUE DE L",,,Plein jour,En agglomération,Hors intersection,Normale,Autre collision,,,,,,,,,,,1,2,1,1,6
200800021055,0008-04-01 07:50:00,8,4,1,7,50,920,12,"12, REINE (ROUTE DE LA)",,,Plein jour,En agglomération,Hors intersection,Normale,Autre collision,,,,,,,,,,,1,2,1,1,6
200800021056,0008-04-01 08:25:00,8,4,1,8,25,920,12,"31, PIERRE GRENIER (AVEN",,,Plein jour,En agglomération,Hors intersection,Normale,Autre collision,,,,,,,,,,,1,2,1,1,6
200800021057,0008-04-01 20:30:00,8,4,1,20,30,920,12,"angle, REPUBLIQUE (BOULE",,,Crépuscule ou aube,En agglomération,Intersection en X,Normale,Autre collision,,,,,,,,,,,2,2,2,1,6
200800021058,0008-04-02 06:57:00,8,4,2,6,57,920,12,"angle, QUATRE SEPTEMBRE",,,Plein jour,En agglomération,Intersection en T,Normale,Autre collision,,,,,,,,,,,1,2,3,1,6
200800021059,0008-04-03 18:40:00,8,4,3,18,40,920,12,"86, JEAN BAPTISTE CLEMEN",,,Crépuscule ou aube,En agglomération,Hors intersection,Normale,Autre collision,,,,,,,,,,,2,2,1,1,6
200800021060,0008-04-04 18:05:00,8,4,4,18,5,920,12,"07, ROBERT SCHUMAN (AVEN",,,Plein jour,En agglomération,Intersection en X,Normale,Autre collision,,,,,,,,,,,1,2,2,1,6
200800021061,0008-04-05 11:04:00,8,4,5,11,4,920,12,"ROND POINT, DENFERT ROCH",,,Plein jour,En agglomération,Hors intersection,Normale,Deux véhicules - côté,,,,,,,,,,,1,2,1,1,3
200800021062,0008-04-07 15:00:00,8,4,7,15,0,920,12,"00, TILLEULS (RUE DES) 6",,,Plein jour,En agglomération,Hors intersection,Normale,Autre collision,,,,,,,,,,,1,2,1,1,6
200800021063,0008-04-08 12:30:00,8,4,8,12,30,920,12,"ANGLE, ANDRE MORIZET (AV",,,Plein jour,En agglomération,Intersection en X,Normale,Autre collision,,,,,,,,,,,1,2,2,1,6
200800021064,0008-04-11 18:40:00,8,4,11,18,40,920,12,"68, JEAN JAURES (BOULEVA",,,Plein jour,En agglomération,Hors intersection,Normale,Autre collision,,,,,,,,,,,1,2,1,1,6
200800021065,0008-04-19 11:20:00,8,4,19,11,20,920,12,"place, MARCEL SEMBAT (PL",,,Plein jour,En agglomération,Place,Normale,Autre collision,,,,,,,,,,,1,2,7,1,6
200800021066,0008-04-23 05:35:00,8,4,23,5,35,920,12,"angle, JEAN JAURES (BOUL",,,Crépuscule ou aube,En agglomération,Intersection en X,Normale,Autre collision,,,,,,,,,,,2,2,2,1,6
200800021067,0008-04-23 17:50:00,8,4,23,17,50,920,12,"82, THIERS (RUE) 2/82 BI",,,Plein jour,En agglomération,Hors intersection,Normale,Autre collision,,,,,,,,,,,1,2,1,1,6
200800021068,0008-04-24 11:00:00,8,4,24,11,0,920,12,PAUL BERT (RUE),,,Plein jour,En agglomération,Intersection en X,Normale,Deux véhicules - côté,,,,,,,,,,,1,2,2,1,3
200800021069,0008-04-29 22:15:00,8,4,29,22,15,920,12,REINE (ROUTE DE LA) 1/37,,,Nuit avec éclairage allumé,En agglomération,Intersection en X,Normale,Deux véhicules - côté,,,,,,,,,,,5,2,2,1,3
200800021070,0008-04-30 17:15:00,8,4,30,17,15,920,12,QUATRE CHEMINEES (RUE DE,,,Plein jour,En agglomération,Intersection en X,Normale,Autre collision,,,,,,,,,,,1,2,2,1,6
200800021071,0008-04-14 08:36:00,8,4,14,8,36,920,19,"254, DIVISION LECLERC (A",,,Plein jour,En agglomération,Hors intersection,Pluie légère,Deux véhicules - côté,,,,,,,,,,,1,2,1,2,3
200800021072,0008-04-14 08:15:00,8,4,14,8,15,920,32,FOCH MARECHAL (AVENUE DU,,,Plein jour,En agglomération,Intersection en X,Normale,Autre collision,,,,,,,,,,,1,2,2,1,6
200800021073,0008-04-15 10:05:00,8,4,15,10,5,920,19,"8, LESAVOUREUX DOCTEUR (",,,Plein jour,En agglomération,Intersection en X,Normale,Deux véhicules - frontale,,,,,,,,,,,1,2,2,1,1
200800021074,0008-04-15 09:40:00,8,4,15,9,40,920,19,"2, LECLERC DIVISION (AVE",,,Plein jour,En agglomération,Intersection en X,Normale,Autre collision,,,,,,,,,,,1,2,2,1,6
200800021075,0008-04-20 20:45:00,8,4,20,20,45,920,32,"1, LANGEVIN PAUL (AVENUE",,,Nuit avec éclairage allumé,En agglomération,Hors intersection,Normale,Autre collision,,,,,,,,,,,5,2,1,1,6
200800021076,0008-04-02 10:55:00,8,4,2,10,55,920,24,"53, HENRI BARBUSSE (RUE)",,,Plein jour,En agglomération,Intersection en X,Normale,Deux véhicules - côté,,,,,,,,,,,1,2,2,1,3
200800021077,0008-04-04 09:30:00,8,4,4,9,30,920,24,"8, NEUILLY (RUE DE) DE (",,,Plein jour,En agglomération,Intersection en T,Normale,Autre collision,,,,,,,,,,,1,2,3,1,6
200800021078,0008-04-03 09:30:00,8,4,3,9,30,920,24,"144, VICTOR HUGO (BD)",,,Plein jour,En agglomération,Hors intersection,Pluie légère,Deux véhicules - côté,,,,,,,,,,,1,2,1,2,3
200800021079,0008-04-10 19:25:00,8,4,10,19,25,920,24,"30, CHASSE (RUE DES)",,,Plein jour,En agglomération,Hors intersection,Normale,Deux véhicules - frontale,,,,,,,,,,,1,2,1,1,1
200800021080,0008-04-07 16:35:00,8,4,7,16,35,920,24,"122, VICTOR HUGO (BD)",,,Plein jour,En agglomération,Hors intersection,Normale,Deux véhicules - côté,,,,,,,,,,,1,2,1,1,3
200800021081,0008-04-08 18:50:00,8,4,8,18,50,920,24,"122, JEAN JAURES (BD) DE",,,Plein jour,En agglomération,Hors intersection,Normale,Autre collision,,,,,,,,,,,1,2,1,1,6