accident_id,datetime,annee,mois,jour,heure,minute,departement,commune_insee,adresse,latitude,longitude,luminosite,agglomeration,intersection,meteo,collision,nb_vehicules,nb_usagers,nb_indemnes,nb_tues,nb_blesses_hosp,nb_blesses_legers,age_cond_1,age_cond_2,veh_type_cond_1,veh_type_cond_2,lum_code,agg_code,int_code,atm_code,col_code
200800021082,0008-04-08 18:10:00,8,4,8,18,10,920,24,"15, GUSTAVE EIFFEL (RUE)",,,Plein jour,En agglomération,Hors intersection,Normale,Deux véhicules - frontale,,,,,,,,,,,1,2,1,1,1
200800021083,0008-04-11 11:45:00,8,4,11,11,45,920,24,"52, CHASSE (RUE DES)",,,Plein jour,En agglomération,Hors intersection,Normale,Autre collision,,,,,,,,,,,1,2,1,1,6
200800021084,0008-04-09 18:30:00,8,4,9,18,30,920,24,"140, MARTRE (RUE) DE (11",,,Plein jour,En agglomération,Hors intersection,Normale,Deux véhicules - côté,,,,,,,,,,,1,2,1,1,3
200800021085,0008-04-15 22:35:00,8,4,15,22,35,920,24,"11, NATIONS UNIES (PLACE",,,Nuit avec éclairage allumé,En agglomération,Hors intersection,Normale,Deux véhicules - côté,,,,,,,,,,,5,2,1,1,3
200800021086,0008-04-18 19:55:00,8,4,18,19,55,920,24,"43, HENRI BARBUSSE (RUE)",,,Plein jour,En agglomération,Intersection en X,Normale,Deux véhicules - côté,,,,,,,,,,,1,2,2,1,3
200800021087,0008-04-18 12:25:00,8,4,18,12,25,920,24,"118, GENERAL LECLERC (BD",,,Plein jour,En agglomération,Hors intersection,Normale,Trois véhicules et plus - en chaîne,,,,,,,,,,,1,2,1,1,4
200800021088,0008-04-24 19:25:00,8,4,24,19,25,920,24,"87, VILLENEUVE (RUE) DE",,,Plein jour,En agglomération,Hors intersection,Normale,Deux véhicules - côté,,,,,,,,,,,1,2,1,1,3
200800021089,0008-04-29 20:30:00,8,4,29,20,30,920,24,"144, MARTRE (RUE) DE (11",,,Nuit avec éclairage allumé,En agglomération,Intersection en X,Pluie légère,Deux véhicules - frontale,,,,,,,,,,,5,2,2,2,1
200800021090,0008-04-04 21:15:00,8,4,4,21,15,920,25,"267, G.PERI<>194 A 416 &",,,Nuit avec éclairage allumé,En agglomération,Hors intersection,Normale,Deux véhicules - côté,,,,,,,,,,,5,2,1,1,3
200800021091,0008-04-05 11:20:00,8,4,5,11,20,920,25,"17, GABRIEL PERI (RUE)",,,Plein jour,En agglomération,Hors intersection,Pluie légère,Autre collision,,,,,,,,,,,1,2,1,2,6
200800021092,0008-04-07 09:20:00,8,4,7,9,20,920,25,"132, STALINGRAD (AV DE)",,,Plein jour,En agglomération,Intersection en T,Temps éblouissant,Autre collision,,,,,,,,,,,1,2,3,7,6
200800021093,0008-04-18 10:00:00,8,4,18,10,0,920,25,"67, PAUL BERT (RUE)",,,Plein jour,En agglomération,Hors intersection,Normale,Deux véhicules - arrière,,,,,,,,,,,1,2,1,1,2
200800021094,0008-04-18 20:20:00,8,4,18,20,20,920,25,GABRIEL PERI (RUE),,,Nuit avec éclairage allumé,En agglomération,Intersection en X,Pluie forte,Deux véhicules - côté,,,,,,,,,,,5,2,2,3,3
200800021095,0008-04-27 14:25:00,8,4,27,14,25,920,25,"103 - 107, HENRI BARBUSS",,,Plein jour,En agglomération,Hors intersection,Normale,Deux véhicules - côté,,,,,,,,,,,1,2,1,1,3
200800021096,0008-04-30 19:30:00,8,4,30,19,30,920,25,"5, ORGEMONT (AV D')",,,Plein jour,En agglomération,Hors intersection,Normale,Deux véhicules - côté,,,,,,,,,,,1,2,1,1,3
200800021097,0008-04-30 10:30:00,8,4,30,10,30,920,25,"5, GABRIEL PERI (RUE)",,,Plein jour,En agglomération,Hors intersection,Normale,Autre collision,,,,,,,,,,,1,2,1,1,6
200800021098,0008-04-01 09:20:00,8,4,1,9,20,920,26,PRÉSIDENT PAUL DOUMER (Q,,,Plein jour,En agglomération,Intersection en T,Normale,Deux véhicules - arrière,,,,,,,,,,,1,2,3,1,2
200800021099,0008-04-03 12:30:00,8,4,3,12,30,920,26,COLOMBES,,,Plein jour,En agglomération,Intersection en X,Normale,Deux véhicules - arrière,,,,,,,,,,,1,2,2,1,2
200800021100,0008-04-07 10:00:00,8,4,7,10,0,920,26,VERDUN (DE 62 A FIN),,,Plein jour,En agglomération,Hors intersection,Normale,Deux véhicules - côté,,,,,,,,,,,1,2,1,1,3
200800021101,0008-04-09 09:00:00,8,4,9,9,0,920,26,HÔTEL DE VILLE (RUE),,,Plein jour,En agglomération,Intersection en T,Normale,Trois véhicules et plus - collisions multiples,,,,,,,,,,,1,2,3,1,5
200800021102,0008-04-13 02:15:00,8,4,13,2,15,920,26,COLOMBES,,,Nuit avec éclairage allumé,En agglomération,Intersection en X,Pluie légère,Deux véhicules - côté,,,,,,,,,,,5,2,2,2,3
200800021103,0008-04-15 12:45:00,8,4,15,12,45,920,26,"29, LEONARD DE VINCI",,,Plein jour,En agglomération,Hors intersection,Normale,Trois véhicules et plus - collisions multiples,,,,,,,,,,,1,2,1,1,5
200800021104,0008-04-17 13:40:00,8,4,17,13,40,920,26,BEZONS (DE 23 A FIN),,,Plein jour,En agglomération,Intersection en T,Normale,Autre collision,,,,,,,,,,,1,2,3,1,6
200800021105,0008-04-23 09:00:00,8,4,23,9,0,920,26,MISSION MARCHAND (COTE I,,,Plein jour,En agglomération,Intersection en T,Normale,Deux véhicules - côté,,,,,,,,,,,1,2,3,1,3
200800021106,0008-04-26 15:05:00,8,4,26,15,5,920,26,"89, EUGENE CARON",,,Plein jour,En agglomération,Hors intersection,Normale,Autre collision,,,,,,,,,,,1,2,1,1,6
200800021107,0008-04-28 15:00:00,8,4,28,15,0,920,26,GEORGES CLEMENCEAU,,,Plein jour,En agglomération,Intersection en X,Normale,Deux véhicules - côté,,,,,,,,,,,1,2,2,1,3
200800021108,0008-04-15 19:20:00,8,4,15,19,20,920,35,"47, République ( bouleva",,,Plein jour,En agglomération,Hors intersection,Normale,Deux véhicules - côté,,,,,,,,,,,1,2,1,1,3
200800021109,0008-04-09 18:25:00,8,4,9,18,25,920,35,"47, Général de Gaulle  (",,,Plein jour,En agglomération,Hors intersection,Normale,Deux véhicules - frontale,,,,,,,,,,,1,2,1,1,1
200800021110,0008-04-15 07:00:00,8,4,15,7,0,920,35,"9, National ( boulevard",,,Plein jour,En agglomération,Hors intersection,Normale,Deux véhicules - côté,,,,,,,,,,,1,2,1,1,3
200800021111,0008-04-08 17:45:00,8,4,8,17,45,920,36,"0, BAS (RUE DES) (64 AU",,,Plein jour,En agglomération,Autre intersection,Normale,Deux véhicules - arrière,,,,,,,,,,,1,2,9,1,2
200800021112,0008-04-24 07:45:00,8,4,24,7,45,920,36,"61, GABRIEL PERI (AVENUE",,,Plein jour,En agglomération,Autre intersection,Normale,Autre collision,,,,,,,,,,,1,2,9,1,6
200800021113,0008-04-28 10:50:00,8,4,28,10,50,920,36,"0, MARCEL PAUL (AVENUE)",,,Plein jour,En agglomération,Autre intersection,Normale,Deux véhicules - arrière,,,,,,,,,,,1,2,9,1,2
200800021114,0008-04-30 18:35:00,8,4,30,18,35,920,36,"0, CAMELINAT (BOULEVARD)",,,Crépuscule ou aube,En agglomération,Intersection en X,Normale,Deux véhicules - côté,,,,,,,,,,,2,2,2,1,3
200800021115,0008-04-06 11:30:00,8,4,6,11,30,920,40,"110, GALLIENI (BOULEVARD",,,Plein jour,En agglomération,Hors intersection,Normale,Sans collision,,,,,,,,,,,1,2,1,1,7
200800021116,0008-04-09 09:45:00,8,4,9,9,45,920,40,"19, GAMBETTA (BOULEVARD)",,,Plein jour,En agglomération,Autre intersection,Normale,Autre collision,,,,,,,,,,,1,2,9,1,6
200800021117,0008-04-09 13:00:00,8,4,9,13,0,920,40,"94, CAMILLE DESMOULINS",,,Plein jour,En agglomération,Hors intersection,Normale,Autre collision,,,,,,,,,,,1,2,1,1,6
200800021118,0008-04-10 10:05:00,8,4,10,10,5,920,40,"196, STALINGRAD (QUAI DE",,,Plein jour,En agglomération,Hors intersection,Normale,Autre collision,,,,,,,,,,,1,2,1,1,6
200800021119,0008-04-17 12:45:00,8,4,17,12,45,920,40,"68, RODIN (BOULEVARD)",,,Plein jour,En agglomération,Hors intersection,Normale,Autre collision,,,,,,,,,,,1,2,1,1,6
200800021120,0008-04-27 03:45:00,8,4,27,3,45,920,40,", GALLIENI (BOULEVARD)",,,Nuit avec éclairage allumé,En agglomération,Intersection à plus de 4 branches,Normale,Deux véhicules - frontale,,,,,,,,,,,5,2,5,1,1
200800021121,0008-04-29 07:45:00,8,4,29,7,45,920,40,"32, PIERRE BROSSOLETTE",,,Plein jour,En agglomération,Hors intersection,Pluie légère,Deux véhicules - arrière,,,,,,,,,,,1,2,1,2,2
200800021122,0008-04-05 15:45:00,8,4,5,15,45,920,44,GENERAL LECLERC(PLACE),,,Plein jour,En agglomération,Hors intersection,Temps couvert,Deux véhicules - côté,,,,,,,,,,,1,2,1,8,3
200800021123,0008-04-09 07:10:00,8,4,9,7,10,920,44,"138, VIC. HUGO(RUE)115A1",,,Plein jour,En agglomération,Hors intersection,Normale,Deux véhicules - arrière,,,,,,,,,,,1,2,1,1,2
200800021124,0008-04-09 13:05:00,8,4,9,13,5,920,44,MICHELET(QUAI) 2 A 30,,,Plein jour,En agglomération,Intersection en T,Normale,Deux véhicules - côté,,,,,,,,,,,1,2,3,1,3
200800021125,0008-04-10 15:15:00,8,4,10,15,15,920,44,"37, GREFFULHE (RUE)",,,Plein jour,En agglomération,Hors intersection,Normale,Deux véhicules - arrière,,,,,,,,,,,1,2,1,1,2
200800021126,0008-04-14 16:30:00,8,4,14,16,30,920,44,"11, MICHELET(QUAI) 2 A 3",,,Plein jour,En agglomération,Hors intersection,Pluie légère,Deux véhicules - arrière,,,,,,,,,,,1,2,1,2,2
200800021127,0008-04-17 12:20:00,8,4,17,12,20,920,44,"NR, JEAN ZAY (PLACE)",,,Plein jour,En agglomération,Intersection en X,Normale,Deux véhicules - arrière,,,,,,,,,,,1,2,2,1,2
200800021128,0008-04-17 23:15:00,8,4,17,23,15,920,44,"10, VIC. HUGO(RUE)001A06",,,Nuit avec éclairage allumé,En agglomération,Hors intersection,Pluie légère,Deux véhicules - côté,,,,,,,,,,,5,2,1,2,3
200800021129,0008-04-25 11:35:00,8,4,25,11,35,920,44,"174, VIC. HUGO(RUE)115A1",,,Plein jour,En agglomération,Intersection en Y,Normale,Deux véhicules - arrière,,,,,,,,,,,1,2,4,1,2
200800021130,0008-04-25 15:40:00,8,4,25,15,40,920,44,DANTON(RUE)125+ ET 134BI,,,Plein jour,En agglomération,Intersection en X,Normale,Autre collision,,,,,,,,,,,1,2,2,1,6
200800021131,0008-04-30 09:35:00,8,4,30,9,35,920,44,"16, JACQUES IBERT(RUE)14",,,Plein jour,En agglomération,Intersection en X,Normale,Autre collision,,,,,,,,,,,1,2,2,1,6
200800021132,0008-04-30 20:45:00,8,4,30,20,45,920,44,BAUDIN (RUE) 27A83 ET 36,,,Crépuscule ou aube,En agglomération,Intersection en X,Normale,Deux véhicules - côté,,,,,,,,,,,2,2,2,1,3
200800021133,0008-04-15 21:10:00,8,4,15,21,10,920,48,"., REPUBLIQUE (RUE DE LA",,,Nuit avec éclairage allumé,En agglomération,Intersection en X,Normale,Deux véhicules - côté,,,,,,,,,,,5,2,2,1,3
200800021134,0008-04-10 19:20:00,8,4,10,19,20,920,48,"., TRIVAUX (AVENUE DE) N",,,Crépuscule ou aube,En agglomération,Intersection en T,Normale,Deux véhicules - arrière,,,,,,,,,,,2,2,3,1,2
200800021135,0008-04-20 12:00:00,8,4,20,12,0,920,48,"., JEAN JAURES (AVENUE)",,,Plein jour,En agglomération,Intersection en T,Pluie légère,Autre collision,,,,,,,,,,,1,2,3,2,6
200800021136,0008-04-23 10:15:00,8,4,23,10,15,920,48,"60, GARDES (ROUTE DES) N",,,Plein jour,En agglomération,Intersection en T,Normale,Trois véhicules et plus - collisions multiples,,,,,,,,,,,1,2,3,1,5
200800021137,0008-04-04 09:10:00,8,4,4,9,10,920,49,"242, DORMOY AVENUE MARX",,,Plein jour,En agglomération,Hors intersection,Normale,Autre collision,,,,,,,,,,,1,2,1,1,6
200800021138,0008-04-07 19:50:00,8,4,7,19,50,920,49,BARBES RUE,,,Crépuscule ou aube,En agglomération,Hors intersection,Normale,Deux véhicules - côté,,,,,,,,,,,2,2,1,1,3
200800021139,0008-04-08 11:50:00,8,4,8,11,50,920,49,"63, BROSSOLETTE AVENUE P",,,Plein jour,En agglomération,Hors intersection,Normale,Sans collision,,,,,,,,,,,1,2,1,1,7
200800021140,0008-04-10 18:50:00,8,4,10,18,50,920,20,SAMPAIX RUE LUCIEN,,,Plein jour,En agglomération,Hors intersection,Normale,Deux véhicules - côté,,,,,,,,,,,1,2,1,1,3
200800021141,0008-04-11 10:35:00,8,4,11,10,35,920,49,"150, BROSSOLETTE AVENUE",,,Plein jour,En agglomération,Hors intersection,Normale,Deux véhicules - arrière,,,,,,,,,,,1,2,1,1,2
200800021142,0008-04-11 19:15:00,8,4,11,19,15,920,49,"101, REPUBLIQUE AVENUE D",,,Plein jour,En agglomération,Hors intersection,Normale,Autre collision,,,,,,,,,,,1,2,1,1,6
200800021143,0008-04-12 04:10:00,8,4,12,4,10,920,49,"84, DORMOY AVENUE MARX N",,,Nuit avec éclairage allumé,En agglomération,Hors intersection,Normale,Deux véhicules - frontale,,,,,,,,,,,5,2,1,1,1
200800021144,0008-04-23 19:30:00,8,4,23,19,30,920,20,"69, PARIS AVENUE DE N° I",,,Plein jour,En agglomération,Intersection en X,Normale,Deux véhicules - côté,,,,,,,,,,,1,2,2,1,3
200800021145,0008-04-04 14:05:00,8,4,4,14,5,920,62,"4/5, DE DION BOUTON (QUA",,,Plein jour,En agglomération,Hors intersection,Normale,Deux véhicules - arrière,,,,,,,,,,,1,2,1,1,2
200800021146,0008-04-04 17:00:00,8,4,4,17,0,920,62,"14, FRANCE (RUE  ANATOLE",,,Plein jour,En agglomération,Hors intersection,Normale,Autre collision,,,,,,,,,,,1,2,1,1,6
200800021147,0008-04-15 15:00:00,8,4,15,15,0,920,62,"00, GENERAL DE GAULLE (A",,,Plein jour,En agglomération,Intersection en X,Normale,Deux véhicules - côté,,,,,,,,,,,1,2,2,1,3
200800021148,0008-04-17 08:20:00,8,4,17,8,20,920,62,"00, FUSILLES DE LA RESIS",,,Plein jour,En agglomération,Intersection en T,Normale,Deux véhicules - côté,,,,,,,,,,,1,2,3,1,3
200800021149,0008-04-30 18:20:00,8,4,30,18,20,920,62,"04, BAS-ROGERS (RUE DES)",,,Plein jour,En agglomération,Hors intersection,Normale,Autre collision,,,,,,,,,,,1,2,1,1,6
200800021150,0008-04-01 09:15:00,8,4,1,9,15,920,63,"neant, DANTON (RUE)",,,Plein jour,En agglomération,Intersection en X,Normale,Deux véhicules - côté,,,,,,,,,,,1,2,2,1,3
200800021151,0008-04-03 16:07:00,8,4,3,16,7,920,63,"neant, JUIN (AVENUE DU M",,,Plein jour,En agglomération,Intersection en X,Normale,Deux véhicules - côté,,,,,,,,,,,1,2,2,1,3
200800021152,0008-04-07 14:10:00,8,4,7,14,10,920,63,"228, BONAPARTE (AVENUE N",,,Plein jour,En agglomération,Hors intersection,Normale,Autre collision,,,,,,,,,,,1,2,1,1,6
200800021153,0008-04-08 08:40:00,8,4,8,8,40,920,63,"NEANT, MONTBRISON (RUE D",,,Plein jour,En agglomération,Intersection en T,Normale,Autre collision,,,,,,,,,,,1,2,3,1,6
200800021154,0008-04-08 16:55:00,8,4,8,16,55,920,63,"55-57, COLMAR (AVENUE DE",,,Plein jour,En agglomération,Intersection en X,Normale,Deux véhicules - côté,,,,,,,,,,,1,2,2,1,3
200800021155,0008-04-10 09:15:00,8,4,10,9,15,920,63,"18, RICHELIEU (BOULEVARD",,,Plein jour,En agglomération,Hors intersection,Normale,Deux véhicules - côté,,,,,,,,,,,1,2,1,1,3
200800021156,0008-04-11 09:30:00,8,4,11,9,30,920,63,"99, CHATAIGNERAIE (AVENU",,,Plein jour,En agglomération,Hors intersection,Normale,Sans collision,,,,,,,,,,,1,2,1,1,7
200800021157,0008-04-12 10:30:00,8,4,12,10,30,920,63,HOPITAL STELL (BOULEVARD,,,Plein jour,En agglomération,Intersection en T,Normale,Deux véhicules - côté,,,,,,,,,,,1,2,3,1,3
200800021158,0008-04-16 19:25:00,8,4,16,19,25,920,63,"NEANT, BELLE RIVE (BOULE",,,Crépuscule ou aube,En agglomération,Hors intersection,Normale,Autre collision,,,,,,,,,,,2,2,1,1,6
200800021159,0008-04-17 09:00:00,8,4,17,9,0,920,63,"NEANT, EMPEREUR (ROUTE D",,,Plein jour,En agglomération,Hors intersection,Normale,Deux véhicules - arrière,,,,,,,,,,,1,2,1,1,2
200800021160,0008-04-17 19:20:00,8,4,17,19,20,920,63,DIX-HUIT JUIN 1940 (AVEN,,,Plein jour,En agglomération,Intersection en T,Normale,Autre collision,,,,,,,,,,,1,2,3,1,6
200800021161,0008-04-19 22:45:00,8,4,19,22,45,920,63,"neant, BONAPARTE (AVENUE",,,Nuit avec éclairage allumé,En agglomération,Hors intersection,Normale,Deux véhicules - arrière,,,,,,,,,,,5,2,1,1,2
200800021162,0008-04-27 18:25:00,8,4,27,18,25,920,63,"30, DIX-HUIT JUIN 1940 (",,,Plein jour,En agglomération,Hors intersection,Normale,Deux véhicules - côté,,,,,,,,,,,1,2,1,1,3
200800021163,0008-04-01 14:20:00,8,4,1,14,20,920,64,"11, DAILLY",,,Plein jour,En agglomération,Hors intersection,Temps couvert,Autre collision,,,,,,,,,,,1,2,1,8,6
200800021164,0008-04-01 16:00:00,8,4,1,16,0,920,64,CARNOT,,,Plein jour,En agglomération,Hors intersection,Temps couvert,Autre collision,,,,,,,,,,,1,2,1,8,6
200800021165,0008-04-01 21:20:00,8,4,1,21,20,920,76,"18, REPUBLIQUE",,,Crépuscule ou aube,En agglomération,Hors intersection,Normale,Deux véhicules - côté,,,,,,,,,,,2,2,1,1,3
200800021166,0008-04-06 10:15:00,8,4,6,10,15,920,64,"57, MARCEL DASSAULT",,,Plein jour,En agglomération,Hors intersection,Normale,Autre collision,,,,,,,,,,,1,2,1,1,6
200800021167,0008-04-10 17:50:00,8,4,10,17,50,920,47,JARDY,,,Plein jour,En agglomération,Hors intersection,Normale,Deux véhicules - arrière,,,,,,,,,,,1,2,1,1,2
200800021168,0008-04-13 13:00:00,8,4,13,13,0,920,64,"104, REPUBLIQUE",,,Plein jour,En agglomération,Hors intersection,Normale,Autre collision,,,,,,,,,,,1,2,1,1,6
200800021169,0008-04-14 09:20:00,8,4,14,9,20,920,64,POMMERAIE,,,Plein jour,En agglomération,Intersection en X,Autre,Deux véhicules - côté,,,,,,,,,,,1,2,2,9,3
200800021170,0008-04-16 07:55:00,8,4,16,7,55,920,33,", GENERAL DE GAULLE",,,Plein jour,En agglomération,Hors intersection,Normale,Autre collision,,,,,,,,,,,1,2,1,1,6
200800021171,0008-04-17 13:50:00,8,4,17,13,50,920,64,"50, GOUNOD",,,Plein jour,En agglomération,Hors intersection,Normale,Autre collision,,,,,,,,,,,1,2,1,1,6
200800021172,0008-04-18 14:50:00,8,4,18,14,50,920,64,"20, REPUBLIQUE",,,Plein jour,En agglomération,Hors intersection,Normale,Autre collision,,,,,,,,,,,1,2,1,1,6
200800021173,0008-04-19 12:35:00,8,4,19,12,35,920,64,"26, DAILLY",,,Plein jour,En agglomération,Hors intersection,Normale,Deux véhicules - côté,,,,,,,,,,,1,2,1,1,3
200800021174,0008-04-21 17:30:00,8,4,21,17,30,920,64,"1, PALAIS",,,Plein jour,En agglomération,Hors intersection,Normale,Deux véhicules - côté,,,,,,,,,,,1,2,1,1,3
200800021175,0008-04-23 18:50:00,8,4,23,18,50,920,64,"102, REPUBLIQUE",,,Plein jour,En agglomération,Hors intersection,Normale,Autre collision,,,,,,,,,,,1,2,1,1,6
200800021176,0008-04-26 00:50:00,8,4,26,0,50,920,64,CAMP CANADIEN,,,Nuit avec éclairage allumé,En agglomération,Intersection en T,Normale,Deux véhicules - côté,,,,,,,,,,,5,2,3,1,3
200800021177,0008-04-27 13:25:00,8,4,27,13,25,920,64,MARCEL DASSAULT,,,Plein jour,En agglomération,Intersection en T,Normale,Deux véhicules - côté,,,,,,,,,,,1,2,3,1,3
200800021178,0008-04-30 20:40:00,8,4,30,20,40,920,64,MARCEL DASSAULT,,,Plein jour,En agglomération,Intersection en T,Normale,Deux véhicules - côté,,,,,,,,,,,1,2,3,1,3
200800021179,0008-04-04 08:10:00,8,4,4,8,10,920,72,"140, GRANDE RUE",,,Plein jour,En agglomération,Hors intersection,Normale,Autre collision,,,,,,,,,,,1,2,1,1,6
200800021180,0008-04-07 19:55:00,8,4,7,19,55,920,72,"37, GRANDE RUE",,,Plein jour,En agglomération,Hors intersection,Normale,Deux véhicules - côté,,,,,,,,,,,1,2,1,1,3
200800021181,0008-04-13 08:20:00,8,4,13,8,20,920,22,"1781, SALENGRO (AVENUE R",,,Plein jour,En agglomération,Hors intersection,Normale,Autre collision,,,,,,,,,,,1,2,1,1,6
200800021182,0008-04-25 12:35:00,8,4,25,12,35,920,72,"128, GRANDE RUE",,,Plein jour,En agglomération,Hors intersection,Normale,Sans collision,,,,,,,,,,,1,2,1,1,7
200800021183,0008-04-04 20:40:00,8,4,4,20,40,920,73,"55, SELLIER (BOULEVARD H",,,Nuit avec éclairage allumé,En agglomération,Intersection en T,Normale,Deux véhicules - côté,,,,,,,,,,,5,2,3,1,3
200800021184,0008-04-06 17:30:00,8,4,6,17,30,920,73,"23, ROOSVELT (AVENUE FRA",,,Plein jour,En agglomération,Hors intersection,Pluie légère,Deux véhicules - côté,,,,,,,,,,,1,2,1,2,3
200800021185,0008-04-08 08:20:00,8,4,8,8,20,920,73,"8, DASSAULT (QUAI MARCEL",,,Plein jour,En agglomération,Intersection en T,Normale,Deux véhicules - côté,,,,,,,,,,,1,2,3,1,3
200800021186,0008-04-08 19:15:00,8,4,8,19,15,920,73,"2, SELLIER (BOULEVARD HE",,,Nuit avec éclairage allumé,En agglomération,Intersection en T,Normale,Deux véhicules - côté,,,,,,,,,,,5,2,3,1,3
200800021187,0008-04-16 18:10:00,8,4,16,18,10,920,73,"190, WASHINGTON (BOULEVA",,,Plein jour,En agglomération,Hors intersection,Normale,Sans collision,,,,,,,,,,,1,2,1,1,7
200800021188,0008-04-22 17:45:00,8,4,22,17,45,920,73,"136, SELLIER (BOULEVARD",,,Plein jour,En agglomération,Hors intersection,Normale,Sans collision,,,,,,,,,,,1,2,1,1,7
200800021189,0008-04-23 22:20:00,8,4,23,22,20,920,73,"138, SELLIER (BOULEVARD",,,Nuit avec éclairage allumé,En agglomération,Hors intersection,Normale,Autre collision,,,,,,,,,,,5,2,1,1,6
200800021190,0008-04-25 08:00:00,8,4,25,8,0,920,73,"39/41, ROOSVELT (AVENUE",,,Plein jour,En agglomération,Hors intersection,Normale,Sans collision,,,,,,,,,,,1,2,1,1,7
200800021191,0008-04-06 00:30:00,8,4,6,0,30,920,75,DIDEROT (RUE),,,Nuit avec éclairage allumé,En agglomération,Intersection en X,Neige / grêle,Autre collision,,,,,,,,,,,5,2,2,4,6
200800021192,0008-04-06 21:15:00,8,4,6,21,15,920,46,"-, CLOS MONTHOLON (PLACE",,,Nuit avec éclairage allumé,En agglomération,Intersection en X,Autre,Deux véhicules - côté,,,,,,,,,,,5,2,2,9,3
200800021193,0008-04-13 11:15:00,8,4,13,11,15,920,46,CAMELINAT,,,Plein jour,En agglomération,Intersection en X,Normale,Deux véhicules - côté,,,,,,,,,,,1,2,2,1,3
200800021194,0008-04-22 21:05:00,8,4,22,21,5,920,75,"44, LARMEROUX (RUE)",,,Nuit sans éclairage public,En agglomération,Intersection en T,Normale,Deux véhicules - côté,,,,,,,,,,,3,2,3,1,3
200800021195,0008-04-09 13:15:00,8,4,9,13,15,920,78,"21, MARC SANGNIER (AVENU",,,Plein jour,En agglomération,Hors intersection,Normale,Deux véhicules - côté,,,,,,,,,,,1,2,1,1,3
200800021196,0008-04-06 15:40:00,8,4,6,15,40,920,62,"1, PARVIS (LE)",,,Plein jour,Hors agglomération,Hors intersection,Normale,Sans collision,,,,,,,,,,,1,1,1,1,7
200800021197,0008-04-20 23:55:00,8,4,20,23,55,920,62,"1, JEAN MOULIN (AVENUE)",,,Nuit avec éclairage allumé,En agglomération,Intersection en Y,Pluie forte,Sans collision,,,,,,,,,,,5,2,4,3,7
200800021198,0008-04-01 20:30:00,8,4,1,20,30,930,1,"35, LOPEZ ET JULES MARTI",,,Nuit avec éclairage allumé,En agglomération,Hors intersection,Normale,Deux véhicules - frontale,,,,,,,,,,,5,2,1,1,1
200800021199,0008-04-01 20:50:00,8,4,1,20,50,930,1,GOULET (RUE DU)  => 24/3,,,Nuit avec éclairage allumé,En agglomération,Intersection en X,Normale,Autre collision,,,,,,,,,,,5,2,2,1,6
200800021200,0008-04-03 16:50:00,8,4,3,16,50,930,1,"3, ANATOLE FRANCE  (BLD)",,,Plein jour,En agglomération,Hors intersection,Normale,Autre collision,,,,,,,,,,,1,2,1,1,6
200800021201,0008-04-04 09:35:00,8,4,4,9,35,930,1,HAIE COQ (RUE DE LA ) 93,,,Plein jour,En agglomération,Hors intersection,Normale,Deux véhicules - côté,,,,,,,,,,,1,2,1,1,3
200800021202,0008-04-04 14:22:00,8,4,4,14,22,930,1,"52, LANDY (RUE DU) 34/29",,,Plein jour,En agglomération,Hors intersection,Normale,Deux véhicules - côté,,,,,,,,,,,1,2,1,1,3
200800021203,0008-04-04 18:00:00,8,4,4,18,0,930,1,"122, VICTOR HUGO (AVE)",,,Plein jour,En agglomération,Intersection en T,Normale,Deux véhicules - arrière,,,,,,,,,,,1,2,3,1,2
200800021204,0008-04-04 23:20:00,8,4,4,23,20,930,1,MOTTE (RUE DE LA),,,Nuit avec éclairage allumé,En agglomération,Hors intersection,Normale,Deux véhicules - frontale,,,,,,,,,,,5,2,1,1,1
200800021205,0008-04-10 15:40:00,8,4,10,15,40,930,1,"78, COMMUNE DE PARIS (RU",,,Plein jour,En agglomération,Hors intersection,Normale,Autre collision,,,,,,,,,,,1,2,1,1,6
200800021206,0008-04-11 17:50:00,8,4,11,17,50,930,1,LUCIEN LEFRANC (QUAI),,,Plein jour,En agglomération,Intersection en X,Pluie légère,Deux véhicules - frontale,,,,,,,,,,,1,2,2,2,1
200800021207,0008-04-14 14:45:00,8,4,14,14,45,930,1,", REPUBLIQUE (AVE DE LA",,,Plein jour,En agglomération,Intersection en X,Normale,Deux véhicules - côté,,,,,,,,,,,1,2,2,1,3
200800021208,0008-04-16 11:20:00,8,4,16,11,20,930,1,"81, REPUBLIQUE (AVE DE L",,,Plein jour,En agglomération,Hors intersection,Normale,Deux véhicules - côté,,,,,,,,,,,1,2,1,1,3
200800021209,0008-04-17 07:10:00,8,4,17,7,10,930,1,"04, JEAN JAURES (AVE)  =",,,Plein jour,En agglomération,Hors intersection,Normale,Autre collision,,,,,,,,,,,1,2,1,1,6
200800021210,0008-04-17 13:00:00,8,4,17,13,0,930,1,ADRIEN AGNES (QUAI),,,Plein jour,En agglomération,Intersection en T,Normale,Autre collision,,,,,,,,,,,1,2,3,1,6
200800021211,0008-04-19 19:00:00,8,4,19,19,0,930,1,"163, VICTOR HUGO (AVE)",,,Plein jour,En agglomération,Intersection en T,Normale,Autre collision,,,,,,,,,,,1,2,3,1,6
200800021212,0008-04-24 17:40:00,8,4,24,17,40,930,1,"129, HELENE COCHENNEC (R",,,Plein jour,En agglomération,Hors intersection,Normale,Autre collision,,,,,,,,,,,1,2,1,1,6
200800021213,0008-04-26 13:55:00,8,4,26,13,55,930,1,DANIELLE CASANOVA (RUE),,,Plein jour,En agglomération,Intersection en X,Normale,Deux véhicules - côté,,,,,,,,,,,1,2,2,1,3
200800021214,0008-04-28 18:05:00,8,4,28,18,5,930,1,ANDRE KARMAN (RUE)  => 1,,,Plein jour,En agglomération,Place,Normale,Autre collision,,,,,,,,,,,1,2,7,1,6
200800021215,0008-04-29 18:10:00,8,4,29,18,10,930,1,"28, GOULET (RUE DU) 26/3",,,Plein jour,En agglomération,Hors intersection,Pluie légère,Deux véhicules - arrière,,,,,,,,,,,1,2,1,2,2