accident_id,datetime,annee,mois,jour,heure,minute,departement,commune_insee,adresse,latitude,longitude,luminosite,agglomeration,intersection,meteo,collision,nb_vehicules,nb_usagers,nb_indemnes,nb_tues,nb_blesses_hosp,nb_blesses_legers,age_cond_1,age_cond_2,veh_type_cond_1,veh_type_cond_2,lum_code,agg_code,int_code,atm_code,col_code
200800021618,0008-04-01 20:45:00,8,4,1,20,45,690,388,AVENUE VIVIANI,,,Nuit avec éclairage allumé,En agglomération,Hors intersection,Normale,Autre collision,,,,,,,,,,,5,2,1,1,6
200800021619,0008-04-02 17:00:00,8,4,2,17,0,690,388,"82, RUE MARIUS BERLIET",,,Plein jour,En agglomération,Hors intersection,Normale,Autre collision,,,,,,,,,,,1,2,1,1,6
200800021620,0008-04-05 19:00:00,8,4,5,19,0,690,388,"160, RUE CHALLEMEL LACOU",,,Plein jour,En agglomération,Hors intersection,Normale,Autre collision,,,,,,,,,,,1,2,1,1,6
200800021621,0008-04-12 14:10:00,8,4,12,14,10,690,388,"18, RUE ANTOINE LUMIERE",,,Plein jour,En agglomération,Hors intersection,Normale,Autre collision,,,,,,,,,,,1,2,1,1,6
200800021622,0008-04-11 09:45:00,8,4,11,9,45,690,388,AVENUE DES FRERES LUMIER,,,Plein jour,En agglomération,Hors intersection,Pluie légère,Autre collision,,,,,,,,,,,1,2,1,2,6
200800021623,0008-04-21 18:45:00,8,4,21,18,45,690,388,RUE CROIX BARRET,,,Plein jour,En agglomération,Intersection en X,Normale,Autre collision,,,,,,,,,,,1,2,2,1,6
200800021624,0008-04-22 21:10:00,8,4,22,21,10,690,388,"101, ROUTE DE VIENNE",,,Nuit avec éclairage allumé,En agglomération,Hors intersection,Normale,Autre collision,,,,,,,,,,,5,2,1,1,6
200800021625,0008-04-22 07:40:00,8,4,22,7,40,690,388,"3, RUE MARIUS BERLIET",,,Plein jour,En agglomération,Hors intersection,Normale,Autre collision,,,,,,,,,,,1,2,1,1,6
200800021626,0008-04-29 14:10:00,8,4,29,14,10,690,388,"19, RUE LUDOVIC ARRACHAR",,,Plein jour,En agglomération,Hors intersection,Normale,Autre collision,,,,,,,,,,,1,2,1,1,6
200800021627,0008-04-29 09:50:00,8,4,29,9,50,690,388,"21, RUE LONGEFER",,,Plein jour,En agglomération,Hors intersection,Normale,Autre collision,,,,,,,,,,,1,2,1,1,6
200800021628,0008-04-29 18:20:00,8,4,29,18,20,690,388,"7, RUE BATAILLE",,,Plein jour,En agglomération,Hors intersection,Normale,Autre collision,,,,,,,,,,,1,2,1,1,6
200800021629,0008-04-02 16:15:00,8,4,2,16,15,690,389,"480, AVENUE BEN GOURION",,,Plein jour,En agglomération,Hors intersection,Normale,Deux véhicules - arrière,,,,,,,,,,,1,2,1,1,2
200800021630,0008-04-06 21:10:00,8,4,6,21,10,690,389,"2, PLACE DE PARIS",,,Nuit avec éclairage allumé,En agglomération,Autre intersection,Normale,Deux véhicules - frontale,,,,,,,,,,,5,2,9,1,1
200800021631,0008-04-01 08:11:00,8,4,1,8,11,690,389,"25, QUAI PAUL SEDALLIAN",,,Plein jour,En agglomération,Hors intersection,Normale,Deux véhicules - côté,,,,,,,,,,,1,2,1,1,3
200800021632,0008-04-10 13:45:00,8,4,10,13,45,690,389,"00, AVENUE BEN GOURION",,,Plein jour,En agglomération,Hors intersection,Normale,Autre collision,,,,,,,,,,,1,2,1,1,6
200800021633,0008-04-16 11:50:00,8,4,16,11,50,690,389,"19 - 21, RUE DE LA CLAIR",,,Plein jour,En agglomération,Hors intersection,Normale,Autre collision,,,,,,,,,,,1,2,1,1,6
200800021634,0008-04-22 11:07:00,8,4,22,11,7,690,389,"57, RUE SERGENT MICHEL B",,,Plein jour,En agglomération,Hors intersection,Normale,Autre collision,,,,,,,,,,,1,2,1,1,6
200800021635,0008-04-08 16:15:00,8,4,8,16,15,690,389,"18, RUE MARECHAL DE LATT",,,Plein jour,En agglomération,Hors intersection,Normale,Autre collision,,,,,,,,,,,1,2,1,1,6
200800021636,0008-04-01 13:35:00,8,4,1,13,35,750,104,RUE DU RENARD,,,Plein jour,En agglomération,Hors intersection,Normale,Autre collision,,,,,,,,,,,1,2,1,1,6
200800021637,0008-04-01 08:20:00,8,4,1,8,20,750,107,"81, AVENUE BOSQUET",,,Plein jour,En agglomération,Hors intersection,Normale,Autre collision,,,,,,,,,,,1,2,1,1,6
200800021638,0008-04-01 15:00:00,8,4,1,15,0,750,112,"92, RUE DE CHARENTON",,,Plein jour,En agglomération,Intersection en X,Normale,Deux véhicules - arrière,,,,,,,,,,,1,2,2,1,2
200800021639,0008-04-01 14:45:00,8,4,1,14,45,750,112,"27, BOULEVARD SOULT",,,Plein jour,En agglomération,Hors intersection,Normale,Autre collision,,,,,,,,,,,1,2,1,1,6
200800021640,0008-04-01 17:35:00,8,4,1,17,35,750,112,"59, RUE DE REUILLY",,,Plein jour,En agglomération,Hors intersection,Normale,Autre collision,,,,,,,,,,,1,2,1,1,6
200800021641,0008-04-01 09:35:00,8,4,1,9,35,750,113,"182, AVENUE DE FRANCE",,,Plein jour,En agglomération,Hors intersection,Normale,Deux véhicules - côté,,,,,,,,,,,1,2,1,1,3
200800021642,0008-04-01 22:00:00,8,4,1,22,0,750,113,"72, BOULEVARD AUGUSTE BL",,,Nuit avec éclairage allumé,En agglomération,Hors intersection,Normale,Deux véhicules - arrière,,,,,,,,,,,5,2,1,1,2
200800021643,0008-04-01 09:55:00,8,4,1,9,55,750,114,"11, RUE D ALESIA",,,Plein jour,En agglomération,Hors intersection,Normale,Deux véhicules - côté,,,,,,,,,,,1,2,1,1,3
200800021644,0008-04-01 10:15:00,8,4,1,10,15,750,115,"109, RUE DE LA CONVENTIO",,,Plein jour,En agglomération,Intersection en X,Temps couvert,Autre collision,,,,,,,,,,,1,2,2,8,6
200800021645,0008-04-01 17:45:00,8,4,1,17,45,750,115,"73, RUE BRANCION",,,Plein jour,En agglomération,Hors intersection,Normale,Autre collision,,,,,,,,,,,1,2,1,1,6
200800021646,0008-04-01 22:25:00,8,4,1,22,25,750,115,"84, AVENUE DE SUFFREN",,,Nuit avec éclairage allumé,En agglomération,Intersection en X,Normale,Deux véhicules - côté,,,,,,,,,,,5,2,2,1,3
200800021647,0008-04-01 18:10:00,8,4,1,18,10,750,116,"0, AVENUE DE VERSAILLES",,,Plein jour,En agglomération,Intersection en X,Normale,Deux véhicules - côté,,,,,,,,,,,1,2,2,1,3
200800021648,0008-04-01 19:15:00,8,4,1,19,15,750,116,"16, AVENUE PIERRE 1ER DE",,,Plein jour,En agglomération,Hors intersection,Normale,Deux véhicules - côté,,,,,,,,,,,1,2,1,1,3
200800021649,0008-04-01 13:45:00,8,4,1,13,45,750,117,"30, BOULEVARD DES BATIGN",,,Plein jour,En agglomération,Hors intersection,Normale,Autre collision,,,,,,,,,,,1,2,1,1,6
200800021650,0008-04-01 08:35:00,8,4,1,8,35,750,118,RUE VAUVENARGUES,,,Plein jour,En agglomération,Intersection en X,Normale,Deux véhicules - côté,,,,,,,,,,,1,2,2,1,3
200800021651,0008-04-01 18:25:00,8,4,1,18,25,750,118,"68, BOULEVARD DE ROCHECH",,,Plein jour,En agglomération,Hors intersection,Normale,Autre collision,,,,,,,,,,,1,2,1,1,6
200800021652,0008-04-01 10:00:00,8,4,1,10,0,750,119,"205, RUE DE CRIMEE",,,Plein jour,En agglomération,Hors intersection,Normale,Autre collision,,,,,,,,,,,1,2,1,1,6
200800021653,0008-04-01 11:45:00,8,4,1,11,45,750,119,"124, BOULEVARD MACDONALD",,,Plein jour,En agglomération,Hors intersection,Normale,Autre collision,,,,,,,,,,,1,2,1,1,6
200800021654,0008-04-01 20:30:00,8,4,1,20,30,750,120,"97, BOULEVARD DAVOUT",,,Nuit avec éclairage allumé,En agglomération,Intersection en X,Normale,Deux véhicules - côté,,,,,,,,,,,5,2,2,1,3
200800021655,0008-04-01 06:35:00,8,4,1,6,35,750,108,AVENUE MARCEAU,,,Crépuscule ou aube,En agglomération,Intersection en X,Normale,Deux véhicules - côté,,,,,,,,,,,2,2,2,1,3
200800021656,0008-04-01 08:15:00,8,4,1,8,15,750,111,"87, RUE AMELOT",,,Plein jour,En agglomération,Hors intersection,Temps couvert,Autre collision,,,,,,,,,,,1,2,1,8,6
200800021657,0008-04-01 14:20:00,8,4,1,14,20,750,118,PORTE DE LA CHAPELLE,,,Plein jour,En agglomération,Hors intersection,Normale,Autre collision,,,,,,,,,,,1,2,1,1,6
200800021658,0008-04-01 21:45:00,8,4,1,21,45,750,115,"42, RUE FREMICOURT",,,Nuit avec éclairage allumé,En agglomération,Hors intersection,Normale,Autre collision,,,,,,,,,,,5,2,1,1,6
200800021659,0008-04-01 00:28:00,8,4,1,0,28,750,120,PORTE DE VINCENNES,,,Nuit avec éclairage allumé,En agglomération,Hors intersection,Normale,Autre collision,,,,,,,,,,,5,2,1,1,6
200800021660,0008-04-01 18:15:00,8,4,1,18,15,750,116,PORTE D AUTEUIL,,,Nuit sans éclairage public,En agglomération,Hors intersection,Normale,Deux véhicules - arrière,,,,,,,,,,,3,2,1,1,2
200800021661,0008-04-01 19:00:00,8,4,1,19,0,750,112,PORTE DE CHARENTON,,,Plein jour,En agglomération,Hors intersection,Normale,Deux véhicules - côté,,,,,,,,,,,1,2,1,1,3
200800021662,0008-04-02 09:50:00,8,4,2,9,50,750,107,"129, RUE DE GRENELLE",,,Plein jour,En agglomération,Intersection à plus de 4 branches,Normale,Autre collision,,,,,,,,,,,1,2,5,1,6
200800021663,0008-04-02 17:50:00,8,4,2,17,50,750,107,"14, AVENUE DUQUESNE",,,Plein jour,En agglomération,Intersection en X,Pluie légère,Deux véhicules - côté,,,,,,,,,,,1,2,2,2,3
200800021664,0008-04-02 15:00:00,8,4,2,15,0,750,108,PLACE DE L EUROPE,,,Plein jour,En agglomération,Intersection à plus de 4 branches,Normale,Sans collision,,,,,,,,,,,1,2,5,1,7
200800021665,0008-04-02 15:05:00,8,4,2,15,5,750,108,AVENUE MONTAIGNE,,,Plein jour,En agglomération,Intersection en T,Pluie légère,Deux véhicules - côté,,,,,,,,,,,1,2,3,2,3
200800021666,0008-04-02 16:40:00,8,4,2,16,40,750,108,"51, AVENUE GEORGE V",,,Plein jour,En agglomération,Intersection en T,Pluie légère,Deux véhicules - côté,,,,,,,,,,,1,2,3,2,3
200800021667,0008-04-02 15:00:00,8,4,2,15,0,750,109,"57, BOULEVARD DE CLICHY",,,Plein jour,En agglomération,Hors intersection,Temps couvert,Autre collision,,,,,,,,,,,1,2,1,8,6
200800021668,0008-04-02 19:55:00,8,4,2,19,55,750,109,RUE DE LA CHAUSSEE D ANT,,,Plein jour,En agglomération,Hors intersection,Pluie légère,Autre collision,,,,,,,,,,,1,2,1,2,6
200800021669,0008-04-02 09:10:00,8,4,2,9,10,750,112,"238 bis, RUE DU FAUBOURG",,,Plein jour,En agglomération,Hors intersection,Normale,Autre collision,,,,,,,,,,,1,2,1,1,6
200800021670,0008-04-02 13:25:00,8,4,2,13,25,750,112,"01, BOULEVARD DE REUILLY",,,Plein jour,En agglomération,Intersection en X,Normale,Autre collision,,,,,,,,,,,1,2,2,1,6
200800021671,0008-04-02 16:17:00,8,4,2,16,17,750,112,"117, BOULEVARD PONIATOWS",,,Plein jour,En agglomération,Intersection en X,Pluie légère,Autre collision,,,,,,,,,,,1,2,2,2,6
200800021672,0008-04-02 09:40:00,8,4,2,9,40,750,113,"230, RUE DE TOLBIAC",,,Plein jour,En agglomération,Hors intersection,Normale,Trois véhicules et plus - en chaîne,,,,,,,,,,,1,2,1,1,4
200800021673,0008-04-02 19:40:00,8,4,2,19,40,750,113,"143, AVENUE DE CHOISY",,,Crépuscule ou aube,En agglomération,Hors intersection,Pluie légère,Deux véhicules - côté,,,,,,,,,,,2,2,1,2,3
200800021674,0008-04-02 12:15:00,8,4,2,12,15,750,114,BOULEVARD ROMAIN ROLLAND,,,Plein jour,En agglomération,Intersection en X,Normale,Deux véhicules - côté,,,,,,,,,,,1,2,2,1,3
200800021675,0008-04-02 11:24:00,8,4,2,11,24,750,114,"44, RUE D ALESIA",,,Plein jour,En agglomération,Hors intersection,Normale,Autre collision,,,,,,,,,,,1,2,1,1,6
200800021676,0008-04-02 17:00:00,8,4,2,17,0,750,114,"41, RUE DES PLANTES",,,Plein jour,En agglomération,Hors intersection,Pluie légère,Autre collision,,,,,,,,,,,1,2,1,2,6
200800021677,0008-04-02 16:00:00,8,4,2,16,0,750,114,AVENUE DE LA PORTE DE CH,,,Plein jour,En agglomération,Hors intersection,Pluie légère,Deux véhicules - arrière,,,,,,,,,,,1,2,1,2,2
200800021678,0008-04-02 09:00:00,8,4,2,9,0,750,116,RUE DE LA POMPE,,,Plein jour,En agglomération,Intersection en X,Normale,Autre collision,,,,,,,,,,,1,2,2,1,6
200800021679,0008-04-02 13:45:00,8,4,2,13,45,750,116,PLACE VICTOR HUGO,,,Plein jour,En agglomération,Intersection à plus de 4 branches,Normale,Sans collision,,,,,,,,,,,1,2,5,1,7
200800021680,0008-04-02 16:40:00,8,4,2,16,40,750,116,"25, RUE BENJAMIN FRANKLI",,,Plein jour,En agglomération,Hors intersection,Pluie légère,Autre collision,,,,,,,,,,,1,2,1,2,6
200800021681,0008-04-02 19:00:00,8,4,2,19,0,750,116,PLACE DE COLOMBIE,,,Plein jour,En agglomération,Hors intersection,Pluie légère,Sans collision,,,,,,,,,,,1,2,1,2,7
200800021682,0008-04-02 19:30:00,8,4,2,19,30,750,116,AVENUE DE LA GRANDE ARME,,,Nuit avec éclairage allumé,En agglomération,Hors intersection,Pluie légère,Sans collision,,,,,,,,,,,5,2,1,2,7
200800021683,0008-04-02 12:50:00,8,4,2,12,50,750,117,"68, BOULEVARD DE COURCEL",,,Plein jour,En agglomération,Hors intersection,Normale,Deux véhicules - côté,,,,,,,,,,,1,2,1,1,3
200800021684,0008-04-02 09:00:00,8,4,2,9,0,750,118,"235, RUE MARCADET",,,Plein jour,En agglomération,Intersection en X,Normale,Sans collision,,,,,,,,,,,1,2,2,1,7
200800021685,0008-04-02 10:50:00,8,4,2,10,50,750,118,"34, RUE MARX DORMOY",,,Plein jour,En agglomération,Hors intersection,Normale,Sans collision,,,,,,,,,,,1,2,1,1,7
200800021686,0008-04-02 14:43:00,8,4,2,14,43,750,118,"71, RUE DES MARTYRS",,,Plein jour,En agglomération,Hors intersection,Normale,Autre collision,,,,,,,,,,,1,2,1,1,6
200800021687,0008-04-02 15:11:00,8,4,2,15,11,750,118,"73, RUE CAULAINCOURT",,,Plein jour,En agglomération,Hors intersection,Normale,Deux véhicules - côté,,,,,,,,,,,1,2,1,1,3
200800021688,0008-04-02 16:45:00,8,4,2,16,45,750,120,BOULEVARD DE MENILMONTAN,,,Plein jour,En agglomération,Intersection en T,Pluie légère,Autre collision,,,,,,,,,,,1,2,3,2,6
200800021689,0008-04-02 19:15:00,8,4,2,19,15,750,120,"294, RUE DES PYRENEES",,,Plein jour,En agglomération,Hors intersection,Pluie légère,Autre collision,,,,,,,,,,,1,2,1,2,6
200800021690,0008-04-02 22:30:00,8,4,2,22,30,750,120,"111, BOULEVARD DAVOUT",,,Nuit avec éclairage allumé,En agglomération,Hors intersection,Pluie légère,Trois véhicules et plus - en chaîne,,,,,,,,,,,5,2,1,2,4
200800021691,0008-04-02 02:00:00,8,4,2,2,0,750,116,BOULEVARD PERIPHERIQUE,,,Nuit avec éclairage allumé,En agglomération,Hors intersection,Normale,Autre collision,,,,,,,,,,,5,2,1,1,6
200800021692,0008-04-02 09:35:00,8,4,2,9,35,750,105,"2, BOULEVARD DE L HOPITA",,,Plein jour,En agglomération,Hors intersection,Normale,Autre collision,,,,,,,,,,,1,2,1,1,6
200800021693,0008-04-02 13:15:00,8,4,2,13,15,750,105,"33, RUE GEOFFROY SAINT H",,,Plein jour,En agglomération,Intersection en X,Normale,Deux véhicules - côté,,,,,,,,,,,1,2,2,1,3
200800021694,0008-04-02 21:15:00,8,4,2,21,15,750,111,"138, RUE DE LA ROQUETTE",,,Nuit avec éclairage allumé,En agglomération,Hors intersection,Temps couvert,Autre collision,,,,,,,,,,,5,2,1,8,6
200800021695,0008-04-02 20:50:00,8,4,2,20,50,750,115,BOULEVARD LEFEBVRE,,,Nuit avec éclairage allumé,En agglomération,Intersection en X,Pluie légère,Deux véhicules - côté,,,,,,,,,,,5,2,2,2,3
200800021696,0008-04-02 07:20:00,8,4,2,7,20,750,113,PORTE D ITALIE,,,Plein jour,En agglomération,Hors intersection,Normale,Deux véhicules - côté,,,,,,,,,,,1,2,1,1,3
200800021697,0008-04-03 12:00:00,8,4,3,12,0,750,101,"110, RUE DE RIVOLI",,,Plein jour,En agglomération,Hors intersection,Normale,Deux véhicules - arrière,,,,,,,,,,,1,2,1,1,2
200800021698,0008-04-03 08:00:00,8,4,3,8,0,750,106,"105, RUE DE RENNES",,,Plein jour,En agglomération,Hors intersection,Pluie légère,Autre collision,,,,,,,,,,,1,2,1,2,6
200800021699,0008-04-03 14:55:00,8,4,3,14,55,750,106,RUE DE TOURNON,,,Plein jour,En agglomération,Intersection en X,Normale,Deux véhicules - côté,,,,,,,,,,,1,2,2,1,3
200800021700,0008-04-03 19:00:00,8,4,3,19,0,750,106,"175, BOULEVARD SAINT GER",,,Plein jour,En agglomération,Intersection en X,Normale,Sans collision,,,,,,,,,,,1,2,2,1,7
200800021701,0008-04-03 09:10:00,8,4,3,9,10,750,107,PLACE VAUBAN,,,Plein jour,En agglomération,Intersection à plus de 4 branches,Normale,Sans collision,,,,,,,,,,,1,2,5,1,7
200800021702,0008-04-03 15:50:00,8,4,3,15,50,750,108,PLACE DE LA MADELEINE,,,Plein jour,En agglomération,Hors intersection,Normale,Deux véhicules - côté,,,,,,,,,,,1,2,1,1,3
200800021703,0008-04-03 21:40:00,8,4,3,21,40,750,108,"14, AVENUE GEORGE V",,,Nuit avec éclairage allumé,En agglomération,Hors intersection,Normale,Deux véhicules - arrière,,,,,,,,,,,5,2,1,1,2
200800021704,0008-04-03 13:10:00,8,4,3,13,10,750,109,"18 bis, RUE DE CHATEAUDU",,,Plein jour,En agglomération,Hors intersection,Normale,Autre collision,,,,,,,,,,,1,2,1,1,6
200800021705,0008-04-03 15:40:00,8,4,3,15,40,750,109,"97, RUE SAINT LAZARE",,,Plein jour,En agglomération,Hors intersection,Normale,Autre collision,,,,,,,,,,,1,2,1,1,6
200800021706,0008-04-03 07:15:00,8,4,3,7,15,750,112,QUAI DE BERCY,,,Plein jour,En agglomération,Hors intersection,Normale,Autre collision,,,,,,,,,,,1,2,1,1,6
200800021707,0008-04-03 09:40:00,8,4,3,9,40,750,112,"05, RUE DE PICPUS",,,Plein jour,En agglomération,Intersection en T,Normale,Autre collision,,,,,,,,,,,1,2,3,1,6
200800021708,0008-04-03 06:50:00,8,4,3,6,50,750,113,"51, AVENUE DE LA PORTE D",,,Crépuscule ou aube,En agglomération,Hors intersection,Temps couvert,Deux véhicules - arrière,,,,,,,,,,,2,2,1,8,2
200800021709,0008-04-03 07:25:00,8,4,3,7,25,750,113,"14, RUE DE LA POTERNE DE",,,Plein jour,En agglomération,Intersection en X,Temps couvert,Autre collision,,,,,,,,,,,1,2,2,8,6
200800021710,0008-04-03 18:15:00,8,4,3,18,15,750,113,"140, AVENUE D ITALIE",,,Plein jour,En agglomération,Hors intersection,Normale,Deux véhicules - côté,,,,,,,,,,,1,2,1,1,3
200800021711,0008-04-03 23:50:00,8,4,3,23,50,750,113,"1, PLACE D ITALIE",,,Nuit avec éclairage allumé,En agglomération,Intersection à plus de 4 branches,Normale,Autre collision,,,,,,,,,,,5,2,5,1,6
200800021712,0008-04-03 12:45:00,8,4,3,12,45,750,114,"10, PLACE DENFERT ROCHER",,,Plein jour,En agglomération,Intersection à plus de 4 branches,Normale,Deux véhicules - côté,,,,,,,,,,,1,2,5,1,3
200800021713,0008-04-03 14:10:00,8,4,3,14,10,750,114,"148, BOULEVARD DU MONTPA",,,Plein jour,En agglomération,Hors intersection,Normale,Autre collision,,,,,,,,,,,1,2,1,1,6
200800021714,0008-04-03 11:43:00,8,4,3,11,43,750,115,PLACE DE LA PORTE DE VER,,,Plein jour,En agglomération,Hors intersection,Normale,Sans collision,,,,,,,,,,,1,2,1,1,7
200800021715,0008-04-03 14:30:00,8,4,3,14,30,750,115,"37, RUE DE LA CROIX NIVE",,,Plein jour,En agglomération,Hors intersection,Normale,Deux véhicules - côté,,,,,,,,,,,1,2,1,1,3
200800021716,0008-04-03 08:30:00,8,4,3,8,30,750,116,"2, PLACE DE PASSY",,,Plein jour,En agglomération,Hors intersection,Temps couvert,Autre collision,,,,,,,,,,,1,2,1,8,6
200800021717,0008-04-03 08:40:00,8,4,3,8,40,750,116,ROUTE DE LA PTE DAUPHINE,,,Plein jour,En agglomération,Hors intersection,Temps couvert,Deux véhicules - arrière,,,,,,,,,,,1,2,1,8,2
200800021718,0008-04-03 15:30:00,8,4,3,15,30,750,120,"4, RUE DE LA COUR DES NO",,,Plein jour,En agglomération,Intersection en T,Normale,Autre collision,,,,,,,,,,,1,2,3,1,6
200800021719,0008-04-03 18:15:00,8,4,3,18,15,750,120,RUE LIPPMANN,,,Plein jour,En agglomération,Intersection en Y,Normale,Autre collision,,,,,,,,,,,1,2,4,1,6
200800021720,0008-04-03 02:35:00,8,4,3,2,35,750,112,"/, RUE PROUDHON",,,Nuit avec éclairage allumé,En agglomération,Intersection en X,Pluie légère,Deux véhicules - côté,,,,,,,,,,,5,2,2,2,3
200800021721,0008-04-03 16:50:00,8,4,3,16,50,750,113,"125, RUE JEANNE D ARC",,,Plein jour,En agglomération,Hors intersection,Normale,Deux véhicules - côté,,,,,,,,,,,1,2,1,1,3
200800021722,0008-04-03 12:50:00,8,4,3,12,50,750,115,PORTE BRANCION,,,Plein jour,En agglomération,Hors intersection,Normale,Deux véhicules - arrière,,,,,,,,,,,1,2,1,1,2
200800021723,0008-04-03 16:20:00,8,4,3,16,20,750,116,PORTE DAUPHINE,,,Plein jour,En agglomération,Hors intersection,Normale,Deux véhicules - côté,,,,,,,,,,,1,2,1,1,3
200800021724,0008-04-04 20:55:00,8,4,4,20,55,750,101,"22, QUAI DE LA MEGISSERI",,,Nuit avec éclairage allumé,En agglomération,Hors intersection,Normale,Deux véhicules - côté,,,,,,,,,,,5,2,1,1,3
200800021725,0008-04-04 09:35:00,8,4,4,9,35,750,102,"29, BOULEVARD DES ITALIE",,,Plein jour,En agglomération,Intersection en X,Normale,Deux véhicules - côté,,,,,,,,,,,1,2,2,1,3
200800021726,0008-04-04 09:34:00,8,4,4,9,34,750,104,"10, RUE DU PLATRE",,,Plein jour,En agglomération,Hors intersection,Normale,Autre collision,,,,,,,,,,,1,2,1,1,6
200800021727,0008-04-04 10:10:00,8,4,4,10,10,750,104,"23, QUAI AUX FLEURS",,,Plein jour,En agglomération,Hors intersection,Normale,Autre collision,,,,,,,,,,,1,2,1,1,6
200800021728,0008-04-04 15:15:00,8,4,4,15,15,750,105,BOULEVARD SAINT MICHEL,,,Plein jour,En agglomération,Hors intersection,Temps éblouissant,Autre collision,,,,,,,,,,,1,2,1,7,6
200800021729,0008-04-04 07:35:00,8,4,4,7,35,750,105,"35, RUE DES ECOLES",,,Plein jour,En agglomération,Intersection en X,Normale,Deux véhicules - côté,,,,,,,,,,,1,2,2,1,3
200800021730,0008-04-04 03:15:00,8,4,4,3,15,750,108,PONT DE LA CONCORDE,,,Nuit avec éclairage allumé,En agglomération,Hors intersection,Normale,Deux véhicules - côté,,,,,,,,,,,5,2,1,1,3
200800021731,0008-04-04 16:20:00,8,4,4,16,20,750,108,RUE ROQUEPINE,,,Plein jour,En agglomération,Intersection en X,Normale,Sans collision,,,,,,,,,,,1,2,2,1,7
200800021732,0008-04-04 17:40:00,8,4,4,17,40,750,109,"15, BOULEVARD DE CLICHY",,,Plein jour,En agglomération,Hors intersection,Normale,Autre collision,,,,,,,,,,,1,2,1,1,6
200800021733,0008-04-04 13:45:00,8,4,4,13,45,750,112,AVENUE DE GRAVELLE,,,Plein jour,En agglomération,Hors intersection,Temps éblouissant,Deux véhicules - côté,,,,,,,,,,,1,2,1,7,3
200800021734,0008-04-04 16:15:00,8,4,4,16,15,750,112,BOULEVARD SOULT,,,Plein jour,En agglomération,Intersection en T,Normale,Deux véhicules - côté,,,,,,,,,,,1,2,3,1,3
200800021735,0008-04-04 17:45:00,8,4,4,17,45,750,113,"55, AVENUE D ITALIE",,,Plein jour,En agglomération,Hors intersection,Normale,Autre collision,,,,,,,,,,,1,2,1,1,6
200800021736,0008-04-04 18:40:00,8,4,4,18,40,750,115,"13, RUE TIPHAINE",,,Plein jour,En agglomération,Hors intersection,Normale,Deux véhicules - arrière,,,,,,,,,,,1,2,1,1,2
200800021737,0008-04-04 15:25:00,8,4,4,15,25,750,116,AVENUE DODE DE LA BRUNER,,,Plein jour,En agglomération,Hors intersection,Normale,Deux véhicules - arrière,,,,,,,,,,,1,2,1,1,2
200800021738,0008-04-04 20:10:00,8,4,4,20,10,750,116,BOULEVARD EMILE AUGIER,,,Crépuscule ou aube,En agglomération,Intersection en X,Normale,Sans collision,,,,,,,,,,,2,2,2,1,7
200800021739,0008-04-04 05:25:00,8,4,4,5,25,750,117,"30, BOULEVARD DES BATIGN",,,Nuit avec éclairage allumé,En agglomération,Hors intersection,Normale,Autre collision,,,,,,,,,,,5,2,1,1,6
200800021740,0008-04-04 19:45:00,8,4,4,19,45,750,118,"112 ter, RUE MARCADET",,,Crépuscule ou aube,En agglomération,Intersection en T,Normale,Autre collision,,,,,,,,,,,2,2,3,1,6
200800021741,0008-04-04 11:15:00,8,4,4,11,15,750,119,"1, AVENUE SIMON BOLIVAR",,,Plein jour,En agglomération,Intersection en X,Normale,Autre collision,,,,,,,,,,,1,2,2,1,6
200800021742,0008-04-04 19:20:00,8,4,4,19,20,750,119,"178, AVENUE JEAN JAURES",,,Plein jour,En agglomération,Hors intersection,Normale,Autre collision,,,,,,,,,,,1,2,1,1,6
200800021743,0008-04-04 15:20:00,8,4,4,15,20,750,120,"198, RUE DES PYRENEES",,,Plein jour,En agglomération,Hors intersection,Normale,Autre collision,,,,,,,,,,,1,2,1,1,6
200800021744,0008-04-04 17:00:00,8,4,4,17,0,750,120,"39-41, RUE SAINT FARGEAU",,,Plein jour,En agglomération,Hors intersection,Normale,Autre collision,,,,,,,,,,,1,2,1,1,6
200800021745,0008-04-04 19:31:00,8,4,4,19,31,750,120,AVENUE DE LA PORTE DES L,,,Plein jour,En agglomération,Intersection à plus de 4 branches,Normale,Deux véhicules - côté,,,,,,,,,,,1,2,5,1,3
200800021746,0008-04-04 19:28:00,8,4,4,19,28,750,120,"45, RUE BELGRAND",,,Plein jour,En agglomération,Hors intersection,Normale,Deux véhicules - arrière,,,,,,,,,,,1,2,1,1,2
200800021747,0008-04-04 16:40:00,8,4,4,16,40,750,118,"10, RUE CAULAINCOURT",,,Plein jour,En agglomération,Hors intersection,Normale,Deux véhicules - côté,,,,,,,,,,,1,2,1,1,3
200800021748,0008-04-04 10:25:00,8,4,4,10,25,750,120,PORTE DE MONTREUIL,,,Plein jour,En agglomération,Hors intersection,Normale,Trois véhicules et plus - en chaîne,,,,,,,,,,,1,2,1,1,4
200800021749,0008-04-04 14:30:00,8,4,4,14,30,750,113,PORTE D ITALIE,,,Plein jour,En agglomération,Hors intersection,Temps éblouissant,Deux véhicules - arrière,,,,,,,,,,,1,2,1,7,2
200800021750,0008-04-05 16:15:00,8,4,5,16,15,750,101,"38, BOULEVARD DE SEBASTO",,,Plein jour,En agglomération,Hors intersection,Pluie forte,Autre collision,,,,,,,,,,,1,2,1,3,6
200800021751,0008-04-05 15:15:00,8,4,5,15,15,750,103,"24, RUE BEAUBOURG",,,Plein jour,En agglomération,Hors intersection,Pluie légère,Autre collision,,,,,,,,,,,1,2,1,2,6