accident_id,datetime,annee,mois,jour,heure,minute,departement,commune_insee,adresse,latitude,longitude,luminosite,agglomeration,intersection,meteo,collision,nb_vehicules,nb_usagers,nb_indemnes,nb_tues,nb_blesses_hosp,nb_blesses_legers,age_cond_1,age_cond_2,veh_type_cond_1,veh_type_cond_2,lum_code,agg_code,int_code,atm_code,col_code
200800021752,0008-04-05 20:30:00,8,4,5,20,30,750,103,"13, PLACE DE LA REPUBLIQ",,,Nuit avec éclairage allumé,En agglomération,Intersection à plus de 4 branches,Normale,Deux véhicules - arrière,,,,,,,,,,,5,2,5,1,2
200800021753,0008-04-05 05:00:00,8,4,5,5,0,750,105,RUE MONGE,,,Nuit avec éclairage allumé,En agglomération,Intersection en X,Normale,Deux véhicules - côté,,,,,,,,,,,5,2,2,1,3
200800021754,0008-04-05 17:40:00,8,4,5,17,40,750,109,"39, AVENUE TRUDAINE",,,Plein jour,En agglomération,Hors intersection,Normale,Deux véhicules - côté,,,,,,,,,,,1,2,1,1,3
200800021755,0008-04-05 18:40:00,8,4,5,18,40,750,111,"130, AVENUE PARMENTIER",,,Plein jour,En agglomération,Hors intersection,Pluie légère,Autre collision,,,,,,,,,,,1,2,1,2,6
200800021756,0008-04-05 16:15:00,8,4,5,16,15,750,113,"130, AVENUE D ITALIE",,,Plein jour,En agglomération,Hors intersection,Pluie légère,Trois véhicules et plus - en chaîne,,,,,,,,,,,1,2,1,2,4
200800021757,0008-04-05 20:00:00,8,4,5,20,0,750,113,"199, AVENUE DE CHOISY",,,Nuit avec éclairage allumé,En agglomération,Hors intersection,Temps couvert,Deux véhicules - côté,,,,,,,,,,,5,2,1,8,3
200800021758,0008-04-05 23:30:00,8,4,5,23,30,750,113,"33, BOULEVARD KELLERMANN",,,Nuit avec éclairage allumé,En agglomération,Hors intersection,Normale,Autre collision,,,,,,,,,,,5,2,1,1,6
200800021759,0008-04-05 23:31:00,8,4,5,23,31,750,113,"33, BOULEVARD KELLERMANN",,,Nuit sans éclairage public,En agglomération,Hors intersection,Normale,Autre collision,,,,,,,,,,,3,2,1,1,6
200800021760,0008-04-05 01:00:00,8,4,5,1,0,750,116,AVENUE DE L HIPPODROME,,,Nuit avec éclairage allumé,En agglomération,Hors intersection,Normale,Autre collision,,,,,,,,,,,5,2,1,1,6
200800021761,0008-04-05 06:55:00,8,4,5,6,55,750,116,ALLEE DU BORD DE L EAU,,,Crépuscule ou aube,En agglomération,Hors intersection,Normale,Deux véhicules - côté,,,,,,,,,,,2,2,1,1,3
200800021762,0008-04-05 19:45:00,8,4,5,19,45,750,117,AVENUE DE NEUILLY,,,Crépuscule ou aube,En agglomération,Hors intersection,Normale,Autre collision,,,,,,,,,,,2,2,1,1,6
200800021763,0008-04-05 22:30:00,8,4,5,22,30,750,116,PLACE DU TROCADERO,,,Nuit avec éclairage allumé,En agglomération,Intersection à plus de 4 branches,Normale,Sans collision,,,,,,,,,,,5,2,5,1,7
200800021764,0008-04-05 06:46:00,8,4,5,6,46,750,117,BOULEVARD PERIPHERIQUE,,,Crépuscule ou aube,En agglomération,Hors intersection,Normale,Deux véhicules - côté,,,,,,,,,,,2,2,1,1,3
200800021765,0008-04-05 16:00:00,8,4,5,16,0,750,118,"9 bis, RUE COUSTOU",,,Plein jour,En agglomération,Intersection en T,Pluie légère,Deux véhicules - côté,,,,,,,,,,,1,2,3,2,3
200800021766,0008-04-05 08:50:00,8,4,5,8,50,750,119,"62, AVENUE DE FLANDRE",,,Plein jour,En agglomération,Intersection en X,Temps couvert,Autre collision,,,,,,,,,,,1,2,2,8,6
200800021767,0008-04-05 11:45:00,8,4,5,11,45,750,119,"199, RUE DE CRIMEE",,,Plein jour,En agglomération,Hors intersection,Temps couvert,Autre collision,,,,,,,,,,,1,2,1,8,6
200800021768,0008-04-05 23:00:00,8,4,5,23,0,750,119,"12, RUE DE CAMBRAI",,,Nuit avec éclairage allumé,En agglomération,Hors intersection,Normale,Autre collision,,,,,,,,,,,5,2,1,1,6
200800021769,0008-04-05 06:30:00,8,4,5,6,30,750,120,"140, RUE DES PYRENEES",,,Nuit avec éclairage allumé,En agglomération,Intersection en X,Normale,Deux véhicules - côté,,,,,,,,,,,5,2,2,1,3
200800021770,0008-04-05 01:01:00,8,4,5,1,1,750,116,"S-10392, AVENUE DE LA PO",,,Nuit avec éclairage allumé,En agglomération,Hors intersection,Normale,Deux véhicules - frontale,,,,,,,,,,,5,2,1,1,1
200800021771,0008-04-05 06:00:00,8,4,5,6,0,750,113,BOULEVARD PERIPHERIQUE E,,,Plein jour,En agglomération,Hors intersection,Normale,Autre collision,,,,,,,,,,,1,2,1,1,6
200800021772,0008-04-05 11:45:00,8,4,5,11,45,750,115,PORTE DE SEVRES,,,Plein jour,En agglomération,Hors intersection,Normale,Deux véhicules - côté,,,,,,,,,,,1,2,1,1,3
200800021773,0008-04-06 03:20:00,8,4,6,3,20,750,101,RUE DU PONT NEUF,,,Nuit avec éclairage allumé,En agglomération,Hors intersection,Normale,Sans collision,,,,,,,,,,,5,2,1,1,7
200800021774,0008-04-06 05:35:00,8,4,6,5,35,750,105,"90, BOULEVARD SAINT GERM",,,Nuit avec éclairage allumé,En agglomération,Hors intersection,Pluie légère,Autre collision,,,,,,,,,,,5,2,1,2,6
200800021775,0008-04-06 13:25:00,8,4,6,13,25,750,107,"23, AVENUE BOSQUET",,,Plein jour,En agglomération,Intersection en T,Normale,Sans collision,,,,,,,,,,,1,2,3,1,7
200800021776,0008-04-06 01:40:00,8,4,6,1,40,750,108,AVENUE DES CHAMPS ELYSEE,,,Nuit avec éclairage allumé,En agglomération,Intersection à plus de 4 branches,Normale,Deux véhicules - côté,,,,,,,,,,,5,2,5,1,3
200800021777,0008-04-06 04:00:00,8,4,6,4,0,750,108,AVENUE MARCEAU,,,Nuit avec éclairage allumé,En agglomération,Intersection en X,Pluie légère,Autre collision,,,,,,,,,,,5,2,2,2,6
200800021778,0008-04-06 05:35:00,8,4,6,5,35,750,108,RUE CLEMENT MAROT,,,Nuit avec éclairage allumé,En agglomération,Intersection en X,Normale,Autre collision,,,,,,,,,,,5,2,2,1,6
200800021779,0008-04-06 16:00:00,8,4,6,16,0,750,108,PLACE DE LA CONCORDE,,,Plein jour,En agglomération,Hors intersection,Pluie légère,Deux véhicules - côté,,,,,,,,,,,1,2,1,2,3
200800021780,0008-04-06 10:45:00,8,4,6,10,45,750,111,"10, RUE DU CHEMIN VERT",,,Plein jour,En agglomération,Intersection en X,Normale,Deux véhicules - côté,,,,,,,,,,,1,2,2,1,3
200800021781,0008-04-06 02:15:00,8,4,6,2,15,750,112,"57, RUE DE LYON",,,Nuit avec éclairage allumé,En agglomération,Hors intersection,Pluie légère,Autre collision,,,,,,,,,,,5,2,1,2,6
200800021782,0008-04-06 02:25:00,8,4,6,2,25,750,113,"27, PORTE D ITALIE",,,Nuit avec éclairage allumé,En agglomération,Hors intersection,Normale,Sans collision,,,,,,,,,,,5,2,1,1,7
200800021783,0008-04-06 14:00:00,8,4,6,14,0,750,113,AVENUE PIERRE DE COUBERT,,,Plein jour,En agglomération,Hors intersection,Normale,Autre collision,,,,,,,,,,,1,2,1,1,6
200800021784,0008-04-06 16:40:00,8,4,6,16,40,750,115,"2, AVENUE DE LA PORTE BR",,,Plein jour,En agglomération,Hors intersection,Normale,Deux véhicules - arrière,,,,,,,,,,,1,2,1,1,2
200800021785,0008-04-06 22:50:00,8,4,6,22,50,750,115,"263, RUE LECOURBE",,,Nuit avec éclairage allumé,En agglomération,Intersection en Y,Normale,Autre collision,,,,,,,,,,,5,2,4,1,6
200800021786,0008-04-06 04:00:00,8,4,6,4,0,750,116,"52, AVENUE FOCH",,,Nuit avec éclairage allumé,En agglomération,Intersection en X,Pluie légère,Deux véhicules - côté,,,,,,,,,,,5,2,2,2,3
200800021787,0008-04-06 02:18:00,8,4,6,2,18,750,117,"1, RUE DE TOCQUEVILLE",,,Nuit avec éclairage allumé,En agglomération,Intersection en X,Pluie légère,Deux véhicules - côté,,,,,,,,,,,5,2,2,2,3
200800021788,0008-04-06 05:45:00,8,4,6,5,45,750,117,RUE LEGENDRE,,,Nuit avec éclairage allumé,En agglomération,Intersection en X,Temps couvert,Deux véhicules - côté,,,,,,,,,,,5,2,2,8,3
200800021789,0008-04-06 19:05:00,8,4,6,19,5,750,117,"62, RUE POUCHET",,,Plein jour,En agglomération,Hors intersection,Pluie légère,Autre collision,,,,,,,,,,,1,2,1,2,6
200800021790,0008-04-06 04:45:00,8,4,6,4,45,750,111,BOULEVARD DU TEMPLE,,,Nuit avec éclairage allumé,En agglomération,Hors intersection,Pluie légère,Autre collision,,,,,,,,,,,5,2,1,2,6
200800021791,0008-04-06 18:50:00,8,4,6,18,50,750,118,PORTE DE CLIGNANCOURT,,,Crépuscule ou aube,En agglomération,Hors intersection,Pluie légère,Autre collision,,,,,,,,,,,2,2,1,2,6
200800021792,0008-04-07 13:20:00,8,4,7,13,20,750,103,"24, RUE BEAUBOURG",,,Plein jour,En agglomération,Hors intersection,Normale,Deux véhicules - côté,,,,,,,,,,,1,2,1,1,3
200800021793,0008-04-07 17:30:00,8,4,7,17,30,750,106,BOULEVARD RASPAIL,,,Plein jour,En agglomération,Hors intersection,Pluie légère,Autre collision,,,,,,,,,,,1,2,1,2,6
200800021794,0008-04-07 11:42:00,8,4,7,11,42,750,107,"5, AVENUE DE LOWENDAL",,,Plein jour,En agglomération,Hors intersection,Normale,Deux véhicules - côté,,,,,,,,,,,1,2,1,1,3
200800021795,0008-04-07 16:55:00,8,4,7,16,55,750,107,PONT DE LA CONCORDE,,,Plein jour,En agglomération,Hors intersection,Temps couvert,Deux véhicules - côté,,,,,,,,,,,1,2,1,8,3
200800021796,0008-04-07 07:40:00,8,4,7,7,40,750,108,"14, RUE ROYALE",,,Plein jour,En agglomération,Hors intersection,Pluie légère,Sans collision,,,,,,,,,,,1,2,1,2,7
200800021797,0008-04-07 08:45:00,8,4,7,8,45,750,108,BOULEVARD HAUSSMANN,,,Plein jour,En agglomération,Intersection en X,Normale,Deux véhicules - côté,,,,,,,,,,,1,2,2,1,3
200800021798,0008-04-07 11:05:00,8,4,7,11,5,750,111,"50, BOULEVARD VOLTAIRE",,,Plein jour,En agglomération,Hors intersection,Temps couvert,Autre collision,,,,,,,,,,,1,2,1,8,6
200800021799,0008-04-07 19:45:00,8,4,7,19,45,750,111,"40, AVENUE DE LA REPUBLI",,,Plein jour,En agglomération,Hors intersection,Pluie légère,Deux véhicules - côté,,,,,,,,,,,1,2,1,2,3
200800021800,0008-04-07 11:40:00,8,4,7,11,40,750,112,"0, PLACE DE LA NATION",,,Plein jour,En agglomération,Intersection en X,Normale,Deux véhicules - côté,,,,,,,,,,,1,2,2,1,3
200800021801,0008-04-07 13:50:00,8,4,7,13,50,750,112,ROUTE DE CEINTURE DU LAC,,,Plein jour,En agglomération,Intersection en T,Normale,Deux véhicules - côté,,,,,,,,,,,1,2,3,1,3
200800021802,0008-04-07 11:45:00,8,4,7,11,45,750,113,"141, BOULEVARD VINCENT A",,,Plein jour,En agglomération,Hors intersection,Normale,Autre collision,,,,,,,,,,,1,2,1,1,6
200800021803,0008-04-07 18:20:00,8,4,7,18,20,750,113,"178, RUE DE TOLBIAC",,,Plein jour,En agglomération,Hors intersection,Pluie légère,Autre collision,,,,,,,,,,,1,2,1,2,6
200800021804,0008-04-07 07:25:00,8,4,7,7,25,750,114,"99, AVENUE DU MAINE",,,Plein jour,En agglomération,Intersection en X,Temps couvert,Deux véhicules - côté,,,,,,,,,,,1,2,2,8,3
200800021805,0008-04-07 14:10:00,8,4,7,14,10,750,115,"114, RUE DE LA CONVENTIO",,,Plein jour,En agglomération,Intersection en X,Normale,Autre collision,,,,,,,,,,,1,2,2,1,6
200800021806,0008-04-07 15:15:00,8,4,7,15,15,750,115,"26, AVENUE DE LOWENDAL",,,Plein jour,En agglomération,Hors intersection,Normale,Autre collision,,,,,,,,,,,1,2,1,1,6
200800021807,0008-04-07 18:05:00,8,4,7,18,5,750,115,"92, RUE DE JAVEL",,,Plein jour,En agglomération,Intersection en T,Pluie légère,Autre collision,,,,,,,,,,,1,2,3,2,6
200800021808,0008-04-07 19:50:00,8,4,7,19,50,750,115,"158, RUE DE LA CONVENTIO",,,Crépuscule ou aube,En agglomération,Hors intersection,Temps couvert,Deux véhicules - côté,,,,,,,,,,,2,2,1,8,3
200800021809,0008-04-07 10:38:00,8,4,7,10,38,750,116,ROUTE DE LA PTE DES SABL,,,Plein jour,En agglomération,Hors intersection,Normale,Deux véhicules - côté,,,,,,,,,,,1,2,1,1,3
200800021810,0008-04-07 11:15:00,8,4,7,11,15,750,116,"94, RUE DE LONGCHAMP",,,Plein jour,En agglomération,Hors intersection,Normale,Autre collision,,,,,,,,,,,1,2,1,1,6
200800021811,0008-04-07 14:50:00,8,4,7,14,50,750,116,CHEMIN DE CEINTURE DU LA,,,Plein jour,En agglomération,Hors intersection,Normale,Deux véhicules - côté,,,,,,,,,,,1,2,1,1,3
200800021812,0008-04-07 21:20:00,8,4,7,21,20,750,117,"79, RUE DE COURCELLES",,,Nuit avec éclairage allumé,En agglomération,Hors intersection,Normale,Deux véhicules - côté,,,,,,,,,,,5,2,1,1,3
200800021813,0008-04-07 21:21:00,8,4,7,21,21,750,117,"112, BOULEVARD DE COURCE",,,Nuit avec éclairage allumé,En agglomération,Hors intersection,Normale,Deux véhicules - côté,,,,,,,,,,,5,2,1,1,3
200800021814,0008-04-07 06:45:00,8,4,7,6,45,750,119,AVENUE DE FLANDRE,,,Nuit avec éclairage allumé,En agglomération,Hors intersection,Neige / grêle,Autre collision,,,,,,,,,,,5,2,1,4,6
200800021815,0008-04-07 14:45:00,8,4,7,14,45,750,120,"360, RUE DES PYRENEES",,,Plein jour,En agglomération,Hors intersection,Normale,Deux véhicules - côté,,,,,,,,,,,1,2,1,1,3
200800021816,0008-04-07 08:45:00,8,4,7,8,45,750,112,"98, ALLEE DE BERCY",,,Plein jour,En agglomération,Hors intersection,Normale,Deux véhicules - côté,,,,,,,,,,,1,2,1,1,3
200800021817,0008-04-07 09:43:00,8,4,7,9,43,750,119,BOULEVARD PERIPHERIQUE E,,,Plein jour,En agglomération,Hors intersection,Temps couvert,Deux véhicules - côté,,,,,,,,,,,1,2,1,8,3
200800021818,0008-04-07 13:00:00,8,4,7,13,0,750,114,BOULEVARD DU MONTPARNASS,,,Plein jour,En agglomération,Hors intersection,Normale,Autre collision,,,,,,,,,,,1,2,1,1,6
200800021819,0008-04-07 17:30:00,8,4,7,17,30,750,107,"268, BOULEVARD SAINT GER",,,Plein jour,En agglomération,Hors intersection,Temps couvert,Deux véhicules - côté,,,,,,,,,,,1,2,1,8,3
200800021820,0008-04-07 10:30:00,8,4,7,10,30,750,119,PORTE DE PANTIN,,,Plein jour,En agglomération,Hors intersection,Normale,Trois véhicules et plus - en chaîne,,,,,,,,,,,1,2,1,1,4
200800021821,0008-04-07 16:05:00,8,4,7,16,5,750,118,PORTE D AUBERVILLIERS,,,Plein jour,En agglomération,Hors intersection,Normale,Trois véhicules et plus - en chaîne,,,,,,,,,,,1,2,1,1,4
200800021822,0008-04-11 14:35:00,8,4,11,14,35,750,102,"34, RUE D ANTIN",,,Plein jour,En agglomération,Intersection en Y,Normale,Deux véhicules - arrière,,,,,,,,,,,1,2,4,1,2
200800021823,0008-04-11 09:20:00,8,4,11,9,20,750,103,"13, PLACE DE LA REPUBLIQ",,,Plein jour,En agglomération,Place,Normale,Deux véhicules - arrière,,,,,,,,,,,1,2,7,1,2
200800021824,0008-04-11 18:25:00,8,4,11,18,25,750,105,"36, BOULEVARD SAINT MARC",,,Plein jour,En agglomération,Hors intersection,Normale,Autre collision,,,,,,,,,,,1,2,1,1,6
200800021825,0008-04-11 08:55:00,8,4,11,8,55,750,106,BOULEVARD SAINT MICHEL,,,Plein jour,En agglomération,Hors intersection,Normale,Autre collision,,,,,,,,,,,1,2,1,1,6
200800021826,0008-04-11 09:26:00,8,4,11,9,26,750,107,"57, BOULEVARD DES INVALI",,,Plein jour,En agglomération,Hors intersection,Normale,Autre collision,,,,,,,,,,,1,2,1,1,6
200800021827,0008-04-11 19:10:00,8,4,11,19,10,750,107,"57, AVENUE DE SUFFREN",,,Plein jour,En agglomération,Intersection en T,Normale,Deux véhicules - côté,,,,,,,,,,,1,2,3,1,3
200800021828,0008-04-11 11:50:00,8,4,11,11,50,750,108,"25, BOULEVARD DES BATIGN",,,Plein jour,En agglomération,Hors intersection,Normale,Sans collision,,,,,,,,,,,1,2,1,1,7
200800021829,0008-04-11 23:40:00,8,4,11,23,40,750,117,"61, PLACE DE LA PORTE MA",,,Nuit avec éclairage allumé,En agglomération,Hors intersection,Normale,Autre collision,,,,,,,,,,,5,2,1,1,6
200800021830,0008-04-11 00:50:00,8,4,11,0,50,750,112,"30, PLACE DE LA NATION",,,Nuit avec éclairage allumé,En agglomération,Hors intersection,Normale,Deux véhicules - arrière,,,,,,,,,,,5,2,1,1,2
200800021831,0008-04-11 11:15:00,8,4,11,11,15,750,113,"30, QUAI D AUSTERLITZ",,,Plein jour,En agglomération,Intersection en X,Normale,Autre collision,,,,,,,,,,,1,2,2,1,6
200800021832,0008-04-11 19:40:00,8,4,11,19,40,750,113,QUAI D AUSTERLITZ,,,Plein jour,En agglomération,Hors intersection,Temps couvert,Deux véhicules - arrière,,,,,,,,,,,1,2,1,8,2
200800021833,0008-04-11 12:00:00,8,4,11,12,0,750,115,"2, RUE DE VOUILLE",,,Plein jour,En agglomération,Intersection en X,Normale,Autre collision,,,,,,,,,,,1,2,2,1,6
200800021834,0008-04-11 23:45:00,8,4,11,23,45,750,115,"0, QUAI BRANLY",,,Nuit avec éclairage allumé,En agglomération,Intersection en T,Normale,Deux véhicules - côté,,,,,,,,,,,5,2,3,1,3
200800021835,0008-04-11 09:10:00,8,4,11,9,10,750,116,AVENUE DU PRESIDENT KENN,,,Plein jour,En agglomération,Hors intersection,Normale,Autre collision,,,,,,,,,,,1,2,1,1,6
200800021836,0008-04-11 08:50:00,8,4,11,8,50,750,116,ROUTE DE LA PTE DAUPHINE,,,Plein jour,En agglomération,Intersection en X,Normale,Deux véhicules - côté,,,,,,,,,,,1,2,2,1,3
200800021837,0008-04-11 09:45:00,8,4,11,9,45,750,116,QUAI SAINT EXUPERY,,,Plein jour,En agglomération,Hors intersection,Normale,Deux véhicules - arrière,,,,,,,,,,,1,2,1,1,2
200800021838,0008-04-11 17:50:00,8,4,11,17,50,750,116,"1, PLACE VICTOR HUGO",,,Plein jour,En agglomération,Intersection en X,Normale,Autre collision,,,,,,,,,,,1,2,2,1,6
200800021839,0008-04-11 10:00:00,8,4,11,10,0,750,117,BOULEVARD PERSHING,,,Plein jour,En agglomération,Hors intersection,Normale,Autre collision,,,,,,,,,,,1,2,1,1,6
200800021840,0008-04-11 18:15:00,8,4,11,18,15,750,119,"21, BOULEVARD SERURIER",,,Plein jour,En agglomération,Hors intersection,Normale,Sans collision,,,,,,,,,,,1,2,1,1,7
200800021841,0008-04-11 21:15:00,8,4,11,21,15,750,107,"21, BOULEVARD DES INVALI",,,Nuit avec éclairage non allumé,En agglomération,Hors intersection,Normale,Autre collision,,,,,,,,,,,4,2,1,1,6
200800021842,0008-04-11 09:40:00,8,4,11,9,40,750,119,PORTE DE LA VILLETTE,,,Plein jour,En agglomération,Hors intersection,Normale,Deux véhicules - côté,,,,,,,,,,,1,2,1,1,3
200800021843,0008-04-11 20:50:00,8,4,11,20,50,750,113,PORTE DE GENTILLY,,,Nuit avec éclairage allumé,En agglomération,Hors intersection,Normale,Deux véhicules - côté,,,,,,,,,,,5,2,1,1,3
200800021844,0008-04-12 00:15:00,8,4,12,0,15,750,101,"4, SOUTERRAIN BERGER EST",,,Nuit avec éclairage allumé,En agglomération,Hors intersection,Autre,Autre collision,,,,,,,,,,,5,2,1,9,6
200800021845,0008-04-12 21:40:00,8,4,12,21,40,750,103,"11, PLACE DE LA REPUBLIQ",,,Nuit avec éclairage allumé,En agglomération,Hors intersection,Normale,Deux véhicules - arrière,,,,,,,,,,,5,2,1,1,2
200800021846,0008-04-12 17:40:00,8,4,12,17,40,750,104,QUAI DU MARCHE NEUF,,,Plein jour,En agglomération,Intersection en X,Normale,Deux véhicules - côté,,,,,,,,,,,1,2,2,1,3
200800021847,0008-04-12 02:20:00,8,4,12,2,20,750,108,"84, BOULEVARD HAUSSMANN",,,Nuit avec éclairage allumé,En agglomération,Intersection en X,Normale,Deux véhicules - côté,,,,,,,,,,,5,2,2,1,3
200800021848,0008-04-12 16:00:00,8,4,12,16,0,750,109,"92, RUE SAINT LAZARE",,,Plein jour,En agglomération,Hors intersection,Normale,Trois véhicules et plus - en chaîne,,,,,,,,,,,1,2,1,1,4
200800021849,0008-04-12 23:40:00,8,4,12,23,40,750,110,RUE D HAUTEVILLE,,,Nuit avec éclairage allumé,En agglomération,Intersection en X,Normale,Deux véhicules - côté,,,,,,,,,,,5,2,2,1,3
200800021850,0008-04-12 19:35:00,8,4,12,19,35,750,111,"279, BOULEVARD VOLTAIRE",,,Plein jour,En agglomération,Hors intersection,Normale,Deux véhicules - côté,,,,,,,,,,,1,2,1,1,3
200800021851,0008-04-12 13:30:00,8,4,12,13,30,750,115,PLACE DES INSURGES DE VA,,,Plein jour,En agglomération,Hors intersection,Pluie légère,Sans collision,,,,,,,,,,,1,2,1,2,7
200800021852,0008-04-12 14:30:00,8,4,12,14,30,750,115,"0, BOULEVARD LEFEBVRE",,,Plein jour,En agglomération,Intersection en X,Pluie légère,Sans collision,,,,,,,,,,,1,2,2,2,7
200800021853,0008-04-12 17:07:00,8,4,12,17,7,750,115,"106, RUE DE LA CONVENTIO",,,Plein jour,En agglomération,Hors intersection,Normale,Autre collision,,,,,,,,,,,1,2,1,1,6
200800021854,0008-04-12 19:35:00,8,4,12,19,35,750,115,PLACE DES INSURGES DE VA,,,Plein jour,En agglomération,Intersection en X,Normale,Deux véhicules - côté,,,,,,,,,,,1,2,2,1,3
200800021855,0008-04-12 01:00:00,8,4,12,1,0,750,116,"4, RUE DONIZETTI",,,Nuit avec éclairage allumé,En agglomération,Intersection en X,Normale,Deux véhicules - côté,,,,,,,,,,,5,2,2,1,3
200800021856,0008-04-12 17:48:00,8,4,12,17,48,750,117,"35, BOULEVARD BERTHIER",,,Plein jour,En agglomération,Hors intersection,Normale,Deux véhicules - arrière,,,,,,,,,,,1,2,1,1,2
200800021857,0008-04-12 11:10:00,8,4,12,11,10,750,118,"10, RUE ORDENER",,,Plein jour,En agglomération,Hors intersection,Normale,Deux véhicules - arrière,,,,,,,,,,,1,2,1,1,2
200800021858,0008-04-12 16:20:00,8,4,12,16,20,750,119,"18, RUE D AUBERVILLIERS",,,Plein jour,En agglomération,Intersection en X,Normale,Deux véhicules - côté,,,,,,,,,,,1,2,2,1,3
200800021859,0008-04-12 01:15:00,8,4,12,1,15,750,104,"5, BOULEVARD BEAUMARCHAI",,,Nuit avec éclairage non allumé,En agglomération,Hors intersection,Normale,Autre collision,,,,,,,,,,,4,2,1,1,6
200800021860,0008-04-12 20:05:00,8,4,12,20,5,750,111,"47, RUE SEDAINE",,,Plein jour,En agglomération,Hors intersection,Normale,Autre collision,,,,,,,,,,,1,2,1,1,6
200800021861,0008-04-08 09:45:00,8,4,8,9,45,750,103,"33, RUE DE TURBIGO",,,Plein jour,En agglomération,Intersection en X,Normale,Autre collision,,,,,,,,,,,1,2,2,1,6
200800021862,0008-04-08 18:50:00,8,4,8,18,50,750,103,"87, RUE DE TURENNE",,,Plein jour,En agglomération,Hors intersection,Normale,Deux véhicules - côté,,,,,,,,,,,1,2,1,1,3
200800021863,0008-04-08 12:45:00,8,4,8,12,45,750,104,"2, RUE SAINT ANTOINE",,,Plein jour,En agglomération,Hors intersection,Normale,Autre collision,,,,,,,,,,,1,2,1,1,6
200800021864,0008-04-08 22:30:00,8,4,8,22,30,750,107,PLACE JACQUES RUEFF,,,Nuit avec éclairage allumé,En agglomération,Intersection à plus de 4 branches,Normale,Autre collision,,,,,,,,,,,5,2,5,1,6
200800021865,0008-04-08 22:20:00,8,4,8,22,20,750,109,PLACE PIGALLE,,,Nuit avec éclairage allumé,En agglomération,Hors intersection,Normale,Autre collision,,,,,,,,,,,5,2,1,1,6
200800021866,0008-04-08 11:30:00,8,4,8,11,30,750,110,"34, RUE DU FAUBOURG SAIN",,,Plein jour,En agglomération,Hors intersection,Normale,Autre collision,,,,,,,,,,,1,2,1,1,6
200800021867,0008-04-08 08:40:00,8,4,8,8,40,750,111,"158, BOULEVARD VOLTAIRE",,,Plein jour,En agglomération,Intersection en T,Normale,Deux véhicules - côté,,,,,,,,,,,1,2,3,1,3
200800021868,0008-04-08 11:10:00,8,4,8,11,10,750,111,"281, RUE DU FAUBOURG SAI",,,Plein jour,En agglomération,Hors intersection,Normale,Autre collision,,,,,,,,,,,1,2,1,1,6
200800021869,0008-04-08 16:50:00,8,4,8,16,50,750,111,"45, RUE DU FAUBOURG SAIN",,,Plein jour,En agglomération,Hors intersection,Temps couvert,Deux véhicules - côté,,,,,,,,,,,1,2,1,8,3
200800021870,0008-04-08 17:50:00,8,4,8,17,50,750,111,"12, BOULEVARD BEAUMARCHA",,,Plein jour,En agglomération,Hors intersection,Normale,Autre collision,,,,,,,,,,,1,2,1,1,6
200800021871,0008-04-08 09:05:00,8,4,8,9,5,750,112,AVENUE DE NOGENT,,,Plein jour,En agglomération,Intersection en Y,Normale,Deux véhicules - côté,,,,,,,,,,,1,2,4,1,3
200800021872,0008-04-08 16:00:00,8,4,8,16,0,750,112,"10, RUE DE REUILLY",,,Plein jour,En agglomération,Hors intersection,Normale,Autre collision,,,,,,,,,,,1,2,1,1,6
200800021873,0008-04-08 10:56:00,8,4,8,10,56,750,105,RUE GEOFFROY SAINT HILAI,,,Plein jour,En agglomération,Hors intersection,Normale,Autre collision,,,,,,,,,,,1,2,1,1,6
200800021874,0008-04-08 15:45:00,8,4,8,15,45,750,114,"50, BOULEVARD JOURDAN",,,Plein jour,En agglomération,Hors intersection,Normale,Deux véhicules - côté,,,,,,,,,,,1,2,1,1,3
200800021875,0008-04-08 22:00:00,8,4,8,22,0,750,115,QUAI D ISSY LES MOULINEA,,,Nuit avec éclairage allumé,En agglomération,Hors intersection,Normale,Autre collision,,,,,,,,,,,5,2,1,1,6
200800021876,0008-04-08 11:45:00,8,4,8,11,45,750,117,"67, AVENUE DES TERNES",,,Plein jour,En agglomération,Hors intersection,Normale,Deux véhicules - côté,,,,,,,,,,,1,2,1,1,3
200800021877,0008-04-08 18:40:00,8,4,8,18,40,750,118,"102, RUE DAMREMONT",,,Plein jour,En agglomération,Hors intersection,Normale,Autre collision,,,,,,,,,,,1,2,1,1,6
200800021878,0008-04-08 17:10:00,8,4,8,17,10,750,119,"135, AVENUE DE FLANDRE",,,Plein jour,En agglomération,Intersection en T,Temps couvert,Autre collision,,,,,,,,,,,1,2,3,8,6
200800021879,0008-04-08 21:20:00,8,4,8,21,20,750,119,"14-16, RUE BOTZARIS",,,Crépuscule ou aube,En agglomération,Hors intersection,Normale,Autre collision,,,,,,,,,,,2,2,1,1,6
200800021880,0008-04-08 21:34:00,8,4,8,21,34,750,119,"5, AVENUE CORENTIN CARIO",,,Nuit avec éclairage allumé,En agglomération,Intersection en T,Normale,Autre collision,,,,,,,,,,,5,2,3,1,6
200800021881,0008-04-08 14:45:00,8,4,8,14,45,750,115,"155, RUE PETEL",,,Plein jour,En agglomération,Intersection en X,Normale,Deux véhicules - côté,,,,,,,,,,,1,2,2,1,3
200800021882,0008-04-08 08:30:00,8,4,8,8,30,750,115,PORTE DE VANVES,,,Plein jour,En agglomération,Hors intersection,Normale,Deux véhicules - arrière,,,,,,,,,,,1,2,1,1,2
200800021883,0008-04-08 14:00:00,8,4,8,14,0,750,116,PORTE D AUTEUIL,,,Plein jour,En agglomération,Hors intersection,Normale,Trois véhicules et plus - en chaîne,,,,,,,,,,,1,2,1,1,4