accident_id,datetime,annee,mois,jour,heure,minute,departement,commune_insee,adresse,latitude,longitude,luminosite,agglomeration,intersection,meteo,collision,nb_vehicules,nb_usagers,nb_indemnes,nb_tues,nb_blesses_hosp,nb_blesses_legers,age_cond_1,age_cond_2,veh_type_cond_1,veh_type_cond_2,lum_code,agg_code,int_code,atm_code,col_code
200800022281,0008-04-28 01:10:00,8,4,28,1,10,750,119,RUE DE BELLEVILLE,,,Nuit avec éclairage allumé,En agglomération,Hors intersection,Normale,Autre collision,,,,,,,,,,,5,2,1,1,6
200800022282,0008-04-28 09:00:00,8,4,28,9,0,750,108,AVENUE WINSTON CHURCHILL,,,Plein jour,En agglomération,Hors intersection,Normale,Deux véhicules - côté,,,,,,,,,,,1,2,1,1,3
200800022283,0008-04-28 18:45:00,8,4,28,18,45,750,112,"235, RUE DE BERCY",,,Crépuscule ou aube,En agglomération,Hors intersection,Pluie légère,Autre collision,,,,,,,,,,,2,2,1,2,6
200800022284,0008-04-29 11:30:00,8,4,29,11,30,750,101,"21, AVENUE DE L OPERA",,,Plein jour,En agglomération,Intersection en X,Pluie légère,Deux véhicules - côté,,,,,,,,,,,1,2,2,2,3
200800022285,0008-04-29 13:45:00,8,4,29,13,45,750,101,"22, AVENUE DE L OPERA",,,Plein jour,En agglomération,Intersection en X,Pluie légère,Deux véhicules - arrière,,,,,,,,,,,1,2,2,2,2
200800022286,0008-04-29 13:00:00,8,4,29,13,0,750,103,PLACE DE LA REPUBLIQUE,,,Plein jour,En agglomération,Hors intersection,Pluie légère,Sans collision,,,,,,,,,,,1,2,1,2,7
200800022287,0008-04-29 14:55:00,8,4,29,14,55,750,103,"13, PLACE DE LA REPUBLIQ",,,Plein jour,En agglomération,Intersection en X,Pluie légère,Trois véhicules et plus - en chaîne,,,,,,,,,,,1,2,2,2,4
200800022288,0008-04-29 17:05:00,8,4,29,17,5,750,103,"40, RUE REAUMUR",,,Plein jour,En agglomération,Intersection en X,Pluie légère,Deux véhicules - côté,,,,,,,,,,,1,2,2,2,3
200800022289,0008-04-29 10:00:00,8,4,29,10,0,750,104,"44, RUE DE RIVOLI",,,Plein jour,En agglomération,Intersection en T,Pluie légère,Deux véhicules - côté,,,,,,,,,,,1,2,3,2,3
200800022290,0008-04-29 17:55:00,8,4,29,17,55,750,104,PONT D ARCOLE,,,Plein jour,En agglomération,Hors intersection,Pluie légère,Deux véhicules - arrière,,,,,,,,,,,1,2,1,2,2
200800022291,0008-04-29 19:25:00,8,4,29,19,25,750,106,BOULEVARD SAINT MICHEL,,,Plein jour,En agglomération,Hors intersection,Pluie légère,Sans collision,,,,,,,,,,,1,2,1,2,7
200800022292,0008-04-29 09:20:00,8,4,29,9,20,750,108,"69, BOULEVARD MALESHERBE",,,Plein jour,En agglomération,Intersection en X,Pluie légère,Deux véhicules - arrière,,,,,,,,,,,1,2,2,2,2
200800022293,0008-04-29 09:55:00,8,4,29,9,55,750,108,"32, AVENUE DE WAGRAM",,,Plein jour,En agglomération,Hors intersection,Pluie légère,Trois véhicules et plus - collisions multiples,,,,,,,,,,,1,2,1,2,5
200800022294,0008-04-29 11:10:00,8,4,29,11,10,750,108,BOULEVARD MALESHERBES,,,Plein jour,En agglomération,Intersection en T,Pluie légère,Deux véhicules - côté,,,,,,,,,,,1,2,3,2,3
200800022295,0008-04-29 19:55:00,8,4,29,19,55,750,108,AVENUE DES CHAMPS ELYSEE,,,Plein jour,En agglomération,Intersection en X,Temps couvert,Sans collision,,,,,,,,,,,1,2,2,8,7
200800022296,0008-04-29 15:00:00,8,4,29,15,0,750,109,"2, RUE D AMSTERDAM",,,Plein jour,En agglomération,Intersection en X,Pluie légère,Sans collision,,,,,,,,,,,1,2,2,2,7
200800022297,0008-04-29 14:30:00,8,4,29,14,30,750,110,"39, RUE DU FAUBOURG SAIN",,,Plein jour,En agglomération,Hors intersection,Pluie légère,Autre collision,,,,,,,,,,,1,2,1,2,6
200800022298,0008-04-29 16:00:00,8,4,29,16,0,750,112,"32, BOULEVARD DE LA BAST",,,Plein jour,En agglomération,Hors intersection,Normale,Deux véhicules - arrière,,,,,,,,,,,1,2,1,1,2
200800022299,0008-04-29 18:25:00,8,4,29,18,25,750,112,"148, BOULEVARD DIDEROT",,,Plein jour,En agglomération,Intersection en T,Pluie légère,Deux véhicules - côté,,,,,,,,,,,1,2,3,2,3
200800022300,0008-04-29 13:40:00,8,4,29,13,40,750,113,"25, RUE DU VAL DE MARNE",,,Plein jour,En agglomération,Hors intersection,Pluie légère,Deux véhicules - frontale,,,,,,,,,,,1,2,1,2,1
200800022301,0008-04-29 19:15:00,8,4,29,19,15,750,114,AVENUE DU GENERAL LECLER,,,Plein jour,En agglomération,Intersection en X,Pluie légère,Sans collision,,,,,,,,,,,1,2,2,2,7
200800022302,0008-04-29 14:00:00,8,4,29,14,0,750,115,"55, QUAI DE GRENELLE",,,Plein jour,En agglomération,Intersection en X,Pluie forte,Deux véhicules - côté,,,,,,,,,,,1,2,2,3,3
200800022303,0008-04-29 01:05:00,8,4,29,1,5,750,116,PLACE DE VARSOVIE,,,Nuit avec éclairage allumé,En agglomération,Intersection en X,Normale,Autre collision,,,,,,,,,,,5,2,2,1,6
200800022304,0008-04-29 07:30:00,8,4,29,7,30,750,116,VOIE GEORGES POMPIDOU,,,Plein jour,En agglomération,Intersection en X,Pluie légère,Sans collision,,,,,,,,,,,1,2,2,2,7
200800022305,0008-04-29 08:10:00,8,4,29,8,10,750,116,VOIE GEORGES POMPIDOU,,,Plein jour,En agglomération,Hors intersection,Pluie forte,Autre collision,,,,,,,,,,,1,2,1,3,6
200800022306,0008-04-29 11:05:00,8,4,29,11,5,750,116,ALLEE DU BORD DE L EAU,,,Plein jour,En agglomération,Hors intersection,Pluie forte,Trois véhicules et plus - collisions multiples,,,,,,,,,,,1,2,1,3,5
200800022307,0008-04-29 16:20:00,8,4,29,16,20,750,116,ALLEE DE LA REINE MARGUE,,,Plein jour,En agglomération,Hors intersection,Pluie légère,Deux véhicules - côté,,,,,,,,,,,1,2,1,2,3
200800022308,0008-04-29 00:55:00,8,4,29,0,55,750,117,"153, AVENUE DE LA PORTE",,,Nuit avec éclairage allumé,En agglomération,Intersection en X,Normale,Sans collision,,,,,,,,,,,5,2,2,1,7
200800022309,0008-04-29 12:40:00,8,4,29,12,40,750,118,"68, RUE MARCADET",,,Plein jour,En agglomération,Hors intersection,Temps couvert,Autre collision,,,,,,,,,,,1,2,1,8,6
200800022310,0008-04-29 09:10:00,8,4,29,9,10,750,119,PLACE AUGUSTE BARON,,,Plein jour,En agglomération,Place,Pluie légère,Sans collision,,,,,,,,,,,1,2,7,2,7
200800022311,0008-04-29 15:20:00,8,4,29,15,20,750,119,AVENUE RENE FONCK,,,Plein jour,En agglomération,Intersection en X,Pluie légère,Sans collision,,,,,,,,,,,1,2,2,2,7
200800022312,0008-04-29 19:20:00,8,4,29,19,20,750,119,BOULEVARD MACDONALD,,,Plein jour,En agglomération,Intersection en T,Temps couvert,Deux véhicules - côté,,,,,,,,,,,1,2,3,8,3
200800022313,0008-04-29 12:05:00,8,4,29,12,5,750,120,BOULEVARD DE BELLEVILLE,,,Plein jour,En agglomération,Intersection en X,Normale,Deux véhicules - côté,,,,,,,,,,,1,2,2,1,3
200800022314,0008-04-30 20:20:00,8,4,30,20,20,750,101,VOIE GEORGES POMPIDOU,,,Crépuscule ou aube,En agglomération,Hors intersection,Temps couvert,Deux véhicules - côté,,,,,,,,,,,2,2,1,8,3
200800022315,0008-04-30 12:03:00,8,4,30,12,3,750,102,"202, RUE SAINT DENIS",,,Plein jour,En agglomération,Intersection en X,Pluie légère,Deux véhicules - côté,,,,,,,,,,,1,2,2,2,3
200800022316,0008-04-30 18:30:00,8,4,30,18,30,750,105,PONT SAINT MICHEL,,,Plein jour,En agglomération,Hors intersection,Normale,Deux véhicules - côté,,,,,,,,,,,1,2,1,1,3
200800022317,0008-04-30 00:40:00,8,4,30,0,40,750,109,"99, RUE SAINT LAZARE",,,Nuit avec éclairage allumé,En agglomération,Intersection en T,Pluie légère,Sans collision,,,,,,,,,,,5,2,3,2,7
200800022318,0008-04-30 14:45:00,8,4,30,14,45,750,111,"43, BOULEVARD VOLTAIRE",,,Plein jour,En agglomération,Hors intersection,Pluie légère,Autre collision,,,,,,,,,,,1,2,1,2,6
200800022319,0008-04-30 21:45:00,8,4,30,21,45,750,111,"2, RUE FAIDHERBE",,,Nuit sans éclairage public,En agglomération,Intersection en T,Normale,Deux véhicules - côté,,,,,,,,,,,3,2,3,1,3
200800022320,0008-04-30 11:30:00,8,4,30,11,30,750,105,"51, BOULEVARD SAINT MARC",,,Plein jour,En agglomération,Intersection en Y,Pluie légère,Autre collision,,,,,,,,,,,1,2,4,2,6
200800022321,0008-04-30 19:20:00,8,4,30,19,20,750,113,"115, RUE DE LA SANTE",,,Plein jour,En agglomération,Intersection en T,Normale,Deux véhicules - arrière,,,,,,,,,,,1,2,3,1,2
200800022322,0008-04-30 15:45:00,8,4,30,15,45,750,114,"27, BOULEVARD EDGAR QUIN",,,Plein jour,En agglomération,Intersection en T,Pluie légère,Deux véhicules - côté,,,,,,,,,,,1,2,3,2,3
200800022323,0008-04-30 17:00:00,8,4,30,17,0,750,115,"22, AVENUE FELIX FAURE",,,Plein jour,En agglomération,Intersection en X,Normale,Deux véhicules - côté,,,,,,,,,,,1,2,2,1,3
200800022324,0008-04-30 07:05:00,8,4,30,7,5,750,116,AVENUE KLEBER,,,Plein jour,En agglomération,Intersection à plus de 4 branches,Pluie légère,Autre collision,,,,,,,,,,,1,2,5,2,6
200800022325,0008-04-30 14:40:00,8,4,30,14,40,750,117,"122, RUE DE COURCELLES",,,Plein jour,En agglomération,Hors intersection,Normale,Autre collision,,,,,,,,,,,1,2,1,1,6
200800022326,0008-04-30 22:10:00,8,4,30,22,10,750,117,"74, AVENUE DE WAGRAM",,,Nuit avec éclairage allumé,En agglomération,Intersection à plus de 4 branches,Pluie légère,Deux véhicules - côté,,,,,,,,,,,5,2,5,2,3
200800022327,0008-04-30 09:30:00,8,4,30,9,30,750,118,"79, BOULEVARD ORNANO",,,Plein jour,En agglomération,Intersection en X,Pluie légère,Autre collision,,,,,,,,,,,1,2,2,2,6
200800022328,0008-04-30 23:10:00,8,4,30,23,10,750,118,"87, BOULEVARD NEY",,,Nuit avec éclairage allumé,En agglomération,Intersection en X,Normale,Deux véhicules - côté,,,,,,,,,,,5,2,2,1,3
200800022329,0008-04-30 13:45:00,8,4,30,13,45,750,119,"41, AVENUE DE FLANDRE",,,Plein jour,En agglomération,Hors intersection,Normale,Autre collision,,,,,,,,,,,1,2,1,1,6
200800022330,0008-04-30 16:35:00,8,4,30,16,35,750,120,"58, RUE DE TERRE NEUVE",,,Plein jour,En agglomération,Hors intersection,Normale,Autre collision,,,,,,,,,,,1,2,1,1,6
200800022331,0008-04-30 19:50:00,8,4,30,19,50,750,118,PORTE D AUBERVILLIERS,,,Crépuscule ou aube,En agglomération,Hors intersection,Normale,Deux véhicules - côté,,,,,,,,,,,2,2,1,1,3
200800022332,0008-04-30 20:35:00,8,4,30,20,35,750,112,ECHANGEUR BERCY,,,Plein jour,En agglomération,Hors intersection,Normale,Autre collision,,,,,,,,,,,1,2,1,1,6
200800022333,0008-04-01 10:55:00,8,4,1,10,55,330,39,ROCADE A 630,,,Plein jour,Hors agglomération,Hors intersection,Pluie légère,Deux véhicules - côté,,,,,,,,,,,1,1,1,2,3
200800022334,0008-04-02 19:04:00,8,4,2,19,4,330,249,ROUTE NATIONALE 230,,,Plein jour,Hors agglomération,Hors intersection,Normale,Sans collision,,,,,,,,,,,1,1,1,1,7
200800022335,0008-04-04 17:20:00,8,4,4,17,20,330,281,ROCADE A 630,,,Plein jour,Hors agglomération,Hors intersection,Normale,Autre collision,,,,,,,,,,,1,1,1,1,6
200800022336,0008-04-08 08:30:00,8,4,8,8,30,330,281,ROCADE A 630,,,Plein jour,Hors agglomération,Hors intersection,Pluie légère,Deux véhicules - arrière,,,,,,,,,,,1,1,1,2,2
200800022337,0008-04-09 16:00:00,8,4,9,16,0,330,281,ROCADE A 630,,,Plein jour,Hors agglomération,Hors intersection,Normale,Autre collision,,,,,,,,,,,1,1,1,1,6
200800022338,0008-04-10 10:45:00,8,4,10,10,45,330,23,AUTOROUTE A 62,,,Plein jour,Hors agglomération,Hors intersection,Pluie légère,Trois véhicules et plus - collisions multiples,,,,,,,,,,,1,1,1,2,5
200800022339,0008-04-11 17:05:00,8,4,11,17,5,330,318,ROCADE A 630,,,Plein jour,Hors agglomération,Hors intersection,Normale,Deux véhicules - arrière,,,,,,,,,,,1,1,1,1,2
200800022340,0008-04-12 15:10:00,8,4,12,15,10,330,318,ROCADE A 630,,,Plein jour,Hors agglomération,Hors intersection,Pluie légère,Sans collision,,,,,,,,,,,1,1,1,2,7
200800022341,0008-04-13 03:10:00,8,4,13,3,10,330,122,AUTOROUTE A 63,,,Nuit sans éclairage public,Hors agglomération,Hors intersection,Pluie légère,Trois véhicules et plus - collisions multiples,,,,,,,,,,,3,1,1,2,5
200800022342,0008-04-13 04:40:00,8,4,13,4,40,330,487,AUTOROUTE A 10,,,Nuit avec éclairage allumé,Hors agglomération,Hors intersection,Pluie légère,Autre collision,,,,,,,,,,,5,1,1,2,6
200800022343,0008-04-13 23:50:00,8,4,13,23,50,330,192,AUTOROUTE A 63,,,Nuit avec éclairage allumé,Hors agglomération,Hors intersection,Pluie forte,Sans collision,,,,,,,,,,,5,1,1,3,7
200800022344,0008-04-15 19:05:00,8,4,15,19,5,330,192,ROCADE A 630,,,Plein jour,Hors agglomération,Hors intersection,Normale,Trois véhicules et plus - en chaîne,,,,,,,,,,,1,1,1,1,4
200800022345,0008-04-17 07:20:00,8,4,17,7,20,330,119,ROUTE NATIONALE 230,,,Plein jour,Hors agglomération,Hors intersection,Pluie légère,Deux véhicules - côté,,,,,,,,,,,1,1,1,2,3
200800022346,0008-04-17 10:20:00,8,4,17,10,20,330,167,ROUTE NATIONALE 230,,,Plein jour,Hors agglomération,Hors intersection,Pluie légère,Autre collision,,,,,,,,,,,1,1,1,2,6
200800022347,0008-04-18 17:50:00,8,4,18,17,50,330,167,ROUTE NATIONALE 230,,,Plein jour,Hors agglomération,Hors intersection,Pluie légère,Autre collision,,,,,,,,,,,1,1,1,2,6
200800022348,0008-04-19 14:45:00,8,4,19,14,45,330,119,ROUTE NATIONALE 230,,,Plein jour,Hors agglomération,Hors intersection,Normale,Deux véhicules - côté,,,,,,,,,,,1,1,1,1,3
200800022349,0008-04-19 19:25:00,8,4,19,19,25,330,550,ROCADE A 630,,,Plein jour,Hors agglomération,Hors intersection,Pluie légère,Sans collision,,,,,,,,,,,1,1,1,2,7
200800022350,0008-04-20 05:35:00,8,4,20,5,35,330,249,ROUTE NATIONALE 230,,,Nuit avec éclairage allumé,Hors agglomération,Hors intersection,Normale,Autre collision,,,,,,,,,,,5,1,1,1,6
200800022351,0008-04-21 07:40:00,8,4,21,7,40,330,318,ROCADE A 630,,,Plein jour,Hors agglomération,Hors intersection,Pluie légère,Autre collision,,,,,,,,,,,1,1,1,2,6
200800022352,0008-04-24 16:55:00,8,4,24,16,55,330,192,ROCADE A 630,,,Plein jour,Hors agglomération,Hors intersection,Normale,Trois véhicules et plus - collisions multiples,,,,,,,,,,,1,1,1,1,5
200800022353,0008-04-26 13:00:00,8,4,26,13,0,330,192,ROCADE A 630,,,Plein jour,Hors agglomération,Hors intersection,Normale,Trois véhicules et plus - collisions multiples,,,,,,,,,,,1,1,1,1,5
200800022354,0008-04-27 07:20:00,8,4,27,7,20,330,318,ROCADE A 630,,,Crépuscule ou aube,Hors agglomération,Hors intersection,Normale,Autre collision,,,,,,,,,,,2,1,1,1,6
200800022355,0008-04-29 08:50:00,8,4,29,8,50,330,318,AUTOROUTE A 63,,,Plein jour,Hors agglomération,Hors intersection,Pluie légère,Autre collision,,,,,,,,,,,1,1,1,2,6
200800022356,0008-04-30 16:20:00,8,4,30,16,20,330,249,ROCADE A 630,,,Plein jour,Hors agglomération,Hors intersection,Normale,Trois véhicules et plus - en chaîne,,,,,,,,,,,1,1,1,1,4
200800022357,0008-04-02 17:45:00,8,4,2,17,45,830,90,A50,,,Plein jour,Hors agglomération,Hors intersection,Normale,Trois véhicules et plus - en chaîne,,,,,,,,,,,1,1,1,1,4
200800022358,0008-04-05 16:20:00,8,4,5,16,20,830,126,A50,,,Plein jour,Hors agglomération,Hors intersection,Normale,Autre collision,,,,,,,,,,,1,1,1,1,6
200800022359,0008-04-11 11:35:00,8,4,11,11,35,830,137,A57,,,Plein jour,Hors agglomération,Hors intersection,Normale,Deux véhicules - arrière,,,,,,,,,,,1,1,1,1,2
200800022360,0008-04-12 15:30:00,8,4,12,15,30,830,137,RN1050,,,Plein jour,Hors agglomération,Hors intersection,Normale,Sans collision,,,,,,,,,,,1,1,1,1,7
200800022361,0008-04-15 15:05:00,8,4,15,15,5,830,137,A50,,,Plein jour,Hors agglomération,Hors intersection,Normale,Deux véhicules - arrière,,,,,,,,,,,1,1,1,1,2
200800022362,0008-04-16 13:10:00,8,4,16,13,10,830,137,A50,,,Plein jour,Hors agglomération,Hors intersection,Normale,Deux véhicules - arrière,,,,,,,,,,,1,1,1,1,2
200800022363,0008-04-16 18:54:00,8,4,16,18,54,830,62,A57,,,Plein jour,Hors agglomération,Hors intersection,Normale,Sans collision,,,,,,,,,,,1,1,1,1,7
200800022364,0008-04-19 17:40:00,8,4,19,17,40,830,69,A570,,,Plein jour,Hors agglomération,Hors intersection,Normale,Deux véhicules - côté,,,,,,,,,,,1,1,1,1,3
200800022365,0008-04-19 17:36:00,8,4,19,17,36,830,144,A57,,,Plein jour,Hors agglomération,Hors intersection,Normale,Deux véhicules - arrière,,,,,,,,,,,1,1,1,1,2
200800022366,0008-04-21 08:05:00,8,4,21,8,5,830,27,A50,,,Plein jour,Hors agglomération,Hors intersection,Normale,Autre collision,,,,,,,,,,,1,1,1,1,6
200800022367,0008-04-23 10:00:00,8,4,23,10,0,830,137,A50,,,Plein jour,Hors agglomération,Hors intersection,Normale,Sans collision,,,,,,,,,,,1,1,1,1,7
200800022368,0008-04-25 12:18:00,8,4,25,12,18,830,137,A57,,,Plein jour,Hors agglomération,Hors intersection,Normale,Deux véhicules - arrière,,,,,,,,,,,1,1,1,1,2
200800022369,0008-04-27 17:10:00,8,4,27,17,10,830,144,A57,,,Plein jour,Hors agglomération,Hors intersection,Normale,Sans collision,,,,,,,,,,,1,1,1,1,7
200800022370,0008-04-30 20:15:00,8,4,30,20,15,830,137,A57,,,Crépuscule ou aube,Hors agglomération,Hors intersection,Normale,Trois véhicules et plus - en chaîne,,,,,,,,,,,2,1,1,1,4
200800022371,0008-04-09 23:00:00,8,4,9,23,0,770,337,RN104,,,Nuit sans éclairage public,Hors agglomération,Hors intersection,Normale,Sans collision,,,,,,,,,,,3,1,1,1,7
200800022372,0008-04-01 08:25:00,8,4,1,8,25,940,69,A4,,,Plein jour,Hors agglomération,Hors intersection,Normale,Deux véhicules - côté,,,,,,,,,,,1,1,1,1,3
200800022373,0008-04-01 08:50:00,8,4,1,8,50,750,112,A4,,,Plein jour,Hors agglomération,Hors intersection,Normale,Deux véhicules - arrière,,,,,,,,,,,1,1,1,1,2
200800022374,0008-04-01 09:50:00,8,4,1,9,50,940,18,A4,,,Plein jour,Hors agglomération,Hors intersection,Normale,Autre collision,,,,,,,,,,,1,1,1,1,6
200800022375,0008-04-01 17:10:00,8,4,1,17,10,940,18,A4,,,Plein jour,Hors agglomération,Hors intersection,Normale,Deux véhicules - côté,,,,,,,,,,,1,1,1,1,3
200800022376,0008-04-01 18:50:00,8,4,1,18,50,940,69,A4,,,Plein jour,Hors agglomération,Hors intersection,Normale,Sans collision,,,,,,,,,,,1,1,1,1,7
200800022377,0008-04-02 07:20:00,8,4,2,7,20,940,65,A86,,,Crépuscule ou aube,Hors agglomération,Hors intersection,Normale,Deux véhicules - côté,,,,,,,,,,,2,1,1,1,3
200800022378,0008-04-02 16:20:00,8,4,2,16,20,770,514,A104,,,Plein jour,Hors agglomération,Hors intersection,Pluie légère,Trois véhicules et plus - collisions multiples,,,,,,,,,,,1,1,1,2,5
200800022379,0008-04-03 16:00:00,8,4,3,16,0,940,74,RN406.W,,,Plein jour,Hors agglomération,Hors intersection,Normale,Autre collision,,,,,,,,,,,1,1,1,1,6
200800022380,0008-04-03 19:00:00,8,4,3,19,0,770,169,A4.Y,,,Plein jour,Hors agglomération,Hors intersection,Normale,Trois véhicules et plus - en chaîne,,,,,,,,,,,1,1,1,1,4
200800022381,0008-04-04 08:05:00,8,4,4,8,5,940,46,A86,,,Plein jour,Hors agglomération,Hors intersection,Normale,Deux véhicules - arrière,,,,,,,,,,,1,1,1,1,2
200800022382,0008-04-04 09:20:00,8,4,4,9,20,940,18,A4,,,Plein jour,Hors agglomération,Hors intersection,Normale,Deux véhicules - arrière,,,,,,,,,,,1,1,1,1,2
200800022383,0008-04-04 09:30:00,8,4,4,9,30,940,42,A4,,,Plein jour,Hors agglomération,Hors intersection,Normale,Deux véhicules - arrière,,,,,,,,,,,1,1,1,1,2
200800022384,0008-04-04 12:30:00,8,4,4,12,30,940,42,A4,,,Plein jour,Hors agglomération,Hors intersection,Normale,Autre collision,,,,,,,,,,,1,1,1,1,6
200800022385,0008-04-04 17:00:00,8,4,4,17,0,940,33,A86.EXT,,,Plein jour,Hors agglomération,Hors intersection,Normale,Deux véhicules - côté,,,,,,,,,,,1,1,1,1,3
200800022386,0008-04-04 17:00:00,8,4,4,17,0,940,73,A86,,,Plein jour,Hors agglomération,Hors intersection,Normale,Deux véhicules - arrière,,,,,,,,,,,1,1,1,1,2
200800022387,0008-04-04 17:30:00,8,4,4,17,30,940,73,A86,,,Plein jour,Hors agglomération,Hors intersection,Normale,Deux véhicules - arrière,,,,,,,,,,,1,1,1,1,2
200800022388,0008-04-07 07:50:00,8,4,7,7,50,940,17,A4,,,Plein jour,Hors agglomération,Hors intersection,Normale,Deux véhicules - côté,,,,,,,,,,,1,1,1,1,3
200800022389,0008-04-07 17:50:00,8,4,7,17,50,770,294,A104,,,Plein jour,Hors agglomération,Hors intersection,Normale,Autre collision,,,,,,,,,,,1,1,1,1,6
200800022390,0008-04-07 19:09:00,8,4,7,19,9,940,69,A4,,,Plein jour,Hors agglomération,Hors intersection,Pluie légère,Trois véhicules et plus - en chaîne,,,,,,,,,,,1,1,1,2,4
200800022391,0008-04-08 15:30:00,8,4,8,15,30,770,450,RN104,,,Plein jour,Hors agglomération,Hors intersection,Normale,Deux véhicules - côté,,,,,,,,,,,1,1,1,1,3
200800022392,0008-04-08 16:25:00,8,4,8,16,25,770,146,A4.Y,,,Plein jour,Hors agglomération,Hors intersection,Normale,Trois véhicules et plus - collisions multiples,,,,,,,,,,,1,1,1,1,5
200800022393,0008-04-11 08:30:00,8,4,11,8,30,940,79,A4,,,Plein jour,Hors agglomération,Hors intersection,Normale,Deux véhicules - arrière,,,,,,,,,,,1,1,1,1,2
200800022394,0008-04-11 18:20:00,8,4,11,18,20,750,112,A4,,,Plein jour,Hors agglomération,Hors intersection,Normale,Deux véhicules - côté,,,,,,,,,,,1,1,1,1,3
200800022395,0008-04-12 07:30:00,8,4,12,7,30,940,18,A4,,,Crépuscule ou aube,Hors agglomération,Hors intersection,Normale,Autre collision,,,,,,,,,,,2,1,1,1,6
200800022396,0008-04-12 19:15:00,8,4,12,19,15,770,514,A104,,,Plein jour,Hors agglomération,Hors intersection,Normale,Trois véhicules et plus - en chaîne,,,,,,,,,,,1,1,1,1,4
200800022397,0008-04-12 19:20:00,8,4,12,19,20,770,251,RN104,,,Crépuscule ou aube,Hors agglomération,Hors intersection,Normale,Deux véhicules - arrière,,,,,,,,,,,2,1,1,1,2
200800022398,0008-04-12 23:30:00,8,4,12,23,30,770,296,RN104,,,Nuit sans éclairage public,Hors agglomération,Hors intersection,Pluie légère,Deux véhicules - arrière,,,,,,,,,,,3,1,1,2,2
200800022399,0008-04-13 02:00:00,8,4,13,2,0,940,69,A4,,,Nuit avec éclairage allumé,Hors agglomération,Hors intersection,Pluie légère,Autre collision,,,,,,,,,,,5,1,1,2,6
200800022400,0008-04-16 07:40:00,8,4,16,7,40,940,69,A4,,,Plein jour,Hors agglomération,Hors intersection,Normale,Deux véhicules - arrière,,,,,,,,,,,1,1,1,1,2
200800022401,0008-04-16 15:15:00,8,4,16,15,15,750,112,A4,,,Plein jour,Hors agglomération,Hors intersection,Normale,Trois véhicules et plus - en chaîne,,,,,,,,,,,1,1,1,1,4
200800022402,0008-04-17 17:00:00,8,4,17,17,0,770,181,A4,,,Plein jour,Hors agglomération,Hors intersection,Normale,Autre collision,,,,,,,,,,,1,1,1,1,6
200800022403,0008-04-18 07:30:00,8,4,18,7,30,770,514,A104,,,Plein jour,Hors agglomération,Hors intersection,Normale,Deux véhicules - arrière,,,,,,,,,,,1,1,1,1,2
200800022404,0008-04-19 17:40:00,8,4,19,17,40,940,17,A4,,,Plein jour,Hors agglomération,Hors intersection,Normale,Trois véhicules et plus - en chaîne,,,,,,,,,,,1,1,1,1,4
200800022405,0008-04-18 23:20:00,8,4,18,23,20,770,495,A5.B,,,Nuit sans éclairage public,Hors agglomération,Hors intersection,Pluie légère,Deux véhicules - arrière,,,,,,,,,,,3,1,1,2,2
200800022406,0008-04-20 19:00:00,8,4,20,19,0,770,495,A5.B,,,Plein jour,Hors agglomération,Hors intersection,Normale,Sans collision,,,,,,,,,,,1,1,1,1,7
200800022407,0008-04-20 22:00:00,8,4,20,22,0,770,258,A4.W,,,Nuit avec éclairage allumé,Hors agglomération,Hors intersection,Pluie forte,Autre collision,,,,,,,,,,,5,1,1,3,6
200800022408,0008-04-21 02:00:00,8,4,21,2,0,940,73,A86,,,Nuit avec éclairage allumé,Hors agglomération,Hors intersection,Pluie forte,Autre collision,,,,,,,,,,,5,1,1,3,6
200800022409,0008-04-21 14:00:00,8,4,21,14,0,940,33,A86.INT,,,Plein jour,Hors agglomération,Hors intersection,Normale,Trois véhicules et plus - collisions multiples,,,,,,,,,,,1,1,1,1,5
200800022410,0008-04-22 14:30:00,8,4,22,14,30,940,22,A86,,,Plein jour,Hors agglomération,Hors intersection,Normale,Deux véhicules - arrière,,,,,,,,,,,1,1,1,1,2
200800022411,0008-04-22 16:10:00,8,4,22,16,10,940,65,A86,,,Plein jour,Hors agglomération,Hors intersection,Normale,Deux véhicules - arrière,,,,,,,,,,,1,1,1,1,2
200800022412,0008-04-23 17:30:00,8,4,23,17,30,930,51,A4,,,Plein jour,Hors agglomération,Hors intersection,Normale,Deux véhicules - côté,,,,,,,,,,,1,1,1,1,3
200800022413,0008-04-24 23:50:00,8,4,24,23,50,940,42,A4,,,Nuit avec éclairage allumé,Hors agglomération,Hors intersection,Normale,Deux véhicules - côté,,,,,,,,,,,5,1,1,1,3
200800022414,0008-04-25 10:20:00,8,4,25,10,20,770,373,RN104,,,Plein jour,Hors agglomération,Hors intersection,Normale,Deux véhicules - arrière,,,,,,,,,,,1,1,1,1,2
200800022415,0008-04-26 13:30:00,8,4,26,13,30,770,249,RN104,,,Plein jour,Hors agglomération,Hors intersection,Normale,Autre collision,,,,,,,,,,,1,1,1,1,6
200800022416,0008-04-28 08:30:00,8,4,28,8,30,940,42,A4,,,Plein jour,Hors agglomération,Hors intersection,Normale,Autre collision,,,,,,,,,,,1,1,1,1,6
200800022417,0008-04-28 15:40:00,8,4,28,15,40,940,18,A4,,,Plein jour,Hors agglomération,Hors intersection,Normale,Deux véhicules - côté,,,,,,,,,,,1,1,1,1,3