accident_id,datetime,annee,mois,jour,heure,minute,departement,commune_insee,adresse,latitude,longitude,luminosite,agglomeration,intersection,meteo,collision,nb_vehicules,nb_usagers,nb_indemnes,nb_tues,nb_blesses_hosp,nb_blesses_legers,age_cond_1,age_cond_2,veh_type_cond_1,veh_type_cond_2,lum_code,agg_code,int_code,atm_code,col_code
200800022418,0008-04-28 20:00:00,8,4,28,20,0,940,52,A86.EXT,,,Nuit avec éclairage allumé,Hors agglomération,Hors intersection,Pluie légère,Deux véhicules - côté,,,,,,,,,,,5,1,1,2,3
200800022419,0008-04-19 19:10:00,8,4,19,19,10,770,258,A4.W,,,Plein jour,Hors agglomération,Hors intersection,Pluie légère,Trois véhicules et plus - collisions multiples,,,,,,,,,,,1,1,1,2,5
200800022420,0008-04-29 21:50:00,8,4,29,21,50,770,468,A104,,,Nuit sans éclairage public,Hors agglomération,Hors intersection,Pluie légère,Autre collision,,,,,,,,,,,3,1,1,2,6
200800022421,0008-04-30 12:50:00,8,4,30,12,50,770,372,A104,,,Plein jour,Hors agglomération,Hors intersection,Temps couvert,Autre collision,,,,,,,,,,,1,1,1,8,6
200800022422,0008-04-01 03:00:00,8,4,1,3,0,600,631,AUTOROUTE A1,,,Nuit avec éclairage allumé,Hors agglomération,Hors intersection,Normale,Sans collision,,,,,,,,,,,5,1,1,1,7
200800022423,0008-04-01 13:10:00,8,4,1,13,10,930,10,AUTOROUTE A3,,,Plein jour,Hors agglomération,Hors intersection,Normale,Trois véhicules et plus - en chaîne,,,,,,,,,,,1,1,1,1,4
200800022424,0008-04-02 18:15:00,8,4,2,18,15,950,176,AUTOROUTE A15,,,Plein jour,Hors agglomération,Hors intersection,Pluie légère,Sans collision,,,,,,,,,,,1,1,1,2,7
200800022425,0008-04-02 19:05:00,8,4,2,19,5,930,78,AUTOROUTE A104,,,Plein jour,Hors agglomération,Hors intersection,Normale,Sans collision,,,,,,,,,,,1,1,1,1,7
200800022426,0008-04-03 08:10:00,8,4,3,8,10,950,527,AUTOROUTE A1,,,Plein jour,Hors agglomération,Hors intersection,Normale,Deux véhicules - arrière,,,,,,,,,,,1,1,1,1,2
200800022427,0008-04-03 08:50:00,8,4,3,8,50,930,10,AUTOROUTE A3,,,Plein jour,Hors agglomération,Hors intersection,Normale,Deux véhicules - côté,,,,,,,,,,,1,1,1,1,3
200800022428,0008-04-03 17:48:00,8,4,3,17,48,930,66,AUTOROUTE A1,,,Plein jour,Hors agglomération,Hors intersection,Normale,Deux véhicules - arrière,,,,,,,,,,,1,1,1,1,2
200800022429,0008-04-14 16:40:00,8,4,14,16,40,930,66,AUTOROUTE A3,,,Plein jour,Hors agglomération,Hors intersection,Normale,Trois véhicules et plus - collisions multiples,,,,,,,,,,,1,1,1,1,5
200800022430,0008-04-04 19:00:00,8,4,4,19,0,920,36,AUTOROUTE A15,,,Crépuscule ou aube,Hors agglomération,Hors intersection,Normale,Deux véhicules - arrière,,,,,,,,,,,2,1,1,1,2
200800022431,0008-04-06 19:15:00,8,4,6,19,15,950,277,AUTOROUTE A104,,,Crépuscule ou aube,Hors agglomération,Hors intersection,Pluie légère,Sans collision,,,,,,,,,,,2,1,1,2,7
200800022432,0008-04-06 19:30:00,8,4,6,19,30,930,78,AUTOROUTE A104,,,Nuit sans éclairage public,Hors agglomération,Hors intersection,Neige / grêle,Trois véhicules et plus - collisions multiples,,,,,,,,,,,3,1,1,4,5
200800022433,0008-04-07 04:50:00,8,4,7,4,50,950,607,AUTOROUTE A115,,,Nuit sans éclairage public,Hors agglomération,Hors intersection,Neige / grêle,Sans collision,,,,,,,,,,,3,1,1,4,7
200800022434,0008-04-07 12:50:00,8,4,7,12,50,930,13,AUTOROUTE A1,,,Plein jour,Hors agglomération,Hors intersection,Normale,Deux véhicules - côté,,,,,,,,,,,1,1,1,1,3
200800022435,0008-04-09 08:15:00,8,4,9,8,15,930,32,AUTOROUTE A3,,,Plein jour,Hors agglomération,Hors intersection,Normale,Sans collision,,,,,,,,,,,1,1,1,1,7
200800022436,0008-04-11 10:56:00,8,4,11,10,56,930,29,AUTOROUTE A86,,,Plein jour,Hors agglomération,Hors intersection,Normale,Deux véhicules - arrière,,,,,,,,,,,1,1,1,1,2
200800022437,0008-04-14 17:50:00,8,4,14,17,50,950,527,AUTOROUTE A3,,,Plein jour,Hors agglomération,Hors intersection,Normale,Autre collision,,,,,,,,,,,1,1,1,1,6
200800022438,0008-04-14 20:15:00,8,4,14,20,15,930,64,AUTOROUTE A86,,,Plein jour,Hors agglomération,Hors intersection,Normale,Autre collision,,,,,,,,,,,1,1,1,1,6
200800022439,0008-04-15 06:30:00,8,4,15,6,30,930,66,AUTOROUTE A1,,,Nuit avec éclairage allumé,Hors agglomération,Hors intersection,Normale,Deux véhicules - côté,,,,,,,,,,,5,1,1,1,3
200800022440,0008-04-16 16:50:00,8,4,16,16,50,920,78,AUTOROUTE A86,,,Plein jour,Hors agglomération,Hors intersection,Normale,Deux véhicules - arrière,,,,,,,,,,,1,1,1,1,2
200800022441,0008-04-16 22:20:00,8,4,16,22,20,920,36,AUTOROUTE A86,,,Nuit avec éclairage allumé,Hors agglomération,Hors intersection,Normale,Deux véhicules - arrière,,,,,,,,,,,5,1,1,1,2
200800022442,0008-04-17 03:35:00,8,4,17,3,35,930,5,AUTOROUTE A1,,,Nuit sans éclairage public,Hors agglomération,Hors intersection,Normale,Sans collision,,,,,,,,,,,3,1,1,1,7
200800022443,0008-04-17 05:50:00,8,4,17,5,50,930,73,AUTOROUTE A104,,,Nuit avec éclairage allumé,Hors agglomération,Hors intersection,Normale,Deux véhicules - arrière,,,,,,,,,,,5,1,1,1,2
200800022444,0008-04-17 08:00:00,8,4,17,8,0,950,582,AUTOROUTE A15,,,Plein jour,Hors agglomération,Hors intersection,Normale,Trois véhicules et plus - collisions multiples,,,,,,,,,,,1,1,1,1,5
200800022445,0008-04-17 23:00:00,8,4,17,23,0,930,39,AUTOROUTE A86,,,Nuit avec éclairage allumé,Hors agglomération,Hors intersection,Pluie légère,Deux véhicules - arrière,,,,,,,,,,,5,1,1,2,2
200800022446,0008-04-19 00:40:00,8,4,19,0,40,950,582,AUTOROUTE A15,,,Nuit sans éclairage public,Hors agglomération,Hors intersection,Pluie forte,Sans collision,,,,,,,,,,,3,1,1,3,7
200800022447,0008-04-19 04:45:00,8,4,19,4,45,930,53,AUTOROUTE A3,,,Nuit avec éclairage allumé,Hors agglomération,Hors intersection,Pluie légère,Deux véhicules - frontale,,,,,,,,,,,5,1,1,2,1
200800022448,0008-04-19 10:00:00,8,4,19,10,0,950,678,R.D. 104,,,Plein jour,Hors agglomération,Hors intersection,Pluie légère,Autre collision,,,,,,,,,,,1,1,1,2,6
200800022449,0008-04-20 02:05:00,8,4,20,2,5,930,27,AUTOROUTE A86,,,Nuit avec éclairage allumé,Hors agglomération,Hors intersection,Normale,Sans collision,,,,,,,,,,,5,1,1,1,7
200800022450,0008-04-20 13:45:00,8,4,20,13,45,950,256,ROUTE NATIONALE 184,,,Plein jour,Hors agglomération,Hors intersection,Normale,Sans collision,,,,,,,,,,,1,1,1,1,7
200800022451,0008-04-25 05:50:00,8,4,25,5,50,930,8,AUTOROUTE A86,,,Nuit avec éclairage allumé,Hors agglomération,Hors intersection,Normale,Autre collision,,,,,,,,,,,5,1,1,1,6
200800022452,0008-04-26 10:00:00,8,4,26,10,0,930,64,AUTOROUTE A3,,,Plein jour,Hors agglomération,Hors intersection,Normale,Sans collision,,,,,,,,,,,1,1,1,1,7
200800022453,0008-04-26 16:45:00,8,4,26,16,45,930,6,AUTOROUTE A3,,,Plein jour,Hors agglomération,Hors intersection,Normale,Sans collision,,,,,,,,,,,1,1,1,1,7
200800022454,0008-04-27 06:00:00,8,4,27,6,0,950,488,AUTOROUTE A15,,,Crépuscule ou aube,Hors agglomération,Hors intersection,Normale,Sans collision,,,,,,,,,,,2,1,1,1,7
200800022455,0008-04-01 08:15:00,8,4,1,8,15,910,37,AUTOROUTE A6,,,Plein jour,Hors agglomération,Hors intersection,Normale,Sans collision,,,,,,,,,,,1,1,1,1,7
200800022456,0008-04-01 17:40:00,8,4,1,17,40,910,228,RN 104,,,Plein jour,Hors agglomération,Hors intersection,Normale,Deux véhicules - arrière,,,,,,,,,,,1,1,1,1,2
200800022457,0008-04-01 23:35:00,8,4,1,23,35,910,64,RN 118,,,Nuit sans éclairage public,Hors agglomération,Hors intersection,Normale,Autre collision,,,,,,,,,,,3,1,1,1,6
200800022458,0008-04-02 20:10:00,8,4,2,20,10,910,37,AUTOROUTE A6,,,Nuit sans éclairage public,Hors agglomération,Hors intersection,Pluie légère,Deux véhicules - arrière,,,,,,,,,,,3,1,1,2,2
200800022459,0008-04-03 02:10:00,8,4,3,2,10,910,161,AUTOROUTE A6,,,Nuit avec éclairage allumé,Hors agglomération,Hors intersection,Pluie légère,Trois véhicules et plus - en chaîne,,,,,,,,,,,5,1,1,2,4
200800022460,0008-04-03 10:15:00,8,4,3,10,15,910,521,AUTOROUTE A6,,,Plein jour,Hors agglomération,Hors intersection,Temps couvert,Deux véhicules - côté,,,,,,,,,,,1,1,1,8,3
200800022461,0008-04-03 10:16:00,8,4,3,10,16,910,521,AUTOROUTE A6,,,Plein jour,Hors agglomération,Hors intersection,Temps couvert,Deux véhicules - arrière,,,,,,,,,,,1,1,1,8,2
200800022462,0008-04-03 16:35:00,8,4,3,16,35,910,235,RN 104,,,Plein jour,Hors agglomération,Hors intersection,Normale,Deux véhicules - arrière,,,,,,,,,,,1,1,1,1,2
200800022463,0008-04-05 13:15:00,8,4,5,13,15,910,235,RN 104,,,Plein jour,Hors agglomération,Hors intersection,Normale,Deux véhicules - arrière,,,,,,,,,,,1,1,1,1,2
200800022464,0008-04-05 14:06:00,8,4,5,14,6,920,2,AUTOROUTE A10,,,Plein jour,Hors agglomération,Hors intersection,Normale,Autre collision,,,,,,,,,,,1,1,1,1,6
200800022465,0008-04-05 19:00:00,8,4,5,19,0,910,161,AUTOROUTE A6,,,Plein jour,Hors agglomération,Hors intersection,Temps couvert,Autre collision,,,,,,,,,,,1,1,1,8,6
200800022466,0008-04-06 05:09:00,8,4,6,5,9,940,37,AUTOROUTE A6B,,,Nuit sans éclairage public,Hors agglomération,Hors intersection,Pluie légère,Autre collision,,,,,,,,,,,3,1,1,2,6
200800022467,0008-04-06 08:50:00,8,4,6,8,50,920,19,RN 385,,,Plein jour,Hors agglomération,Hors intersection,Temps couvert,Sans collision,,,,,,,,,,,1,1,1,8,7
200800022468,0008-04-06 13:15:00,8,4,6,13,15,910,161,AUTOROUTE A6,,,Plein jour,Hors agglomération,Hors intersection,Normale,Autre collision,,,,,,,,,,,1,1,1,1,6
200800022469,0008-04-06 13:55:00,8,4,6,13,55,910,617,AUTOROUTE A5A,,,Plein jour,Hors agglomération,Hors intersection,Normale,Sans collision,,,,,,,,,,,1,1,1,1,7
200800022470,0008-04-06 16:45:00,8,4,6,16,45,910,377,AUTOROUTE A10,,,Plein jour,Hors agglomération,Hors intersection,Normale,Deux véhicules - côté,,,,,,,,,,,1,1,1,1,3
200800022471,0008-04-07 00:14:00,8,4,7,0,14,910,37,AUTOROUTE A6,,,Nuit sans éclairage public,Hors agglomération,Hors intersection,Pluie légère,Trois véhicules et plus - collisions multiples,,,,,,,,,,,3,1,1,2,5
200800022472,0008-04-07 08:31:00,8,4,7,8,31,940,3,AUTOROUTE A6A,,,Plein jour,Hors agglomération,Hors intersection,Normale,Trois véhicules et plus - collisions multiples,,,,,,,,,,,1,1,1,1,5
200800022473,0008-04-07 19:20:00,8,4,7,19,20,910,471,RN 118,,,Plein jour,Hors agglomération,Hors intersection,Temps couvert,Trois véhicules et plus - en chaîne,,,,,,,,,,,1,1,1,8,4
200800022474,0008-04-08 09:10:00,8,4,8,9,10,910,521,AUTOROUTE A6,,,Plein jour,Hors agglomération,Hors intersection,Temps couvert,Deux véhicules - arrière,,,,,,,,,,,1,1,1,8,2
200800022475,0008-04-08 16:10:00,8,4,8,16,10,910,228,RN 104,,,Plein jour,Hors agglomération,Hors intersection,Normale,Deux véhicules - arrière,,,,,,,,,,,1,1,1,1,2
200800022476,0008-04-10 08:50:00,8,4,10,8,50,910,286,AUTOROUTE A6,,,Plein jour,Hors agglomération,Hors intersection,Normale,Deux véhicules - arrière,,,,,,,,,,,1,1,1,1,2
200800022477,0008-04-11 18:19:00,8,4,11,18,19,910,534,RN 118,,,Plein jour,Hors agglomération,Hors intersection,Normale,Sans collision,,,,,,,,,,,1,1,1,1,7
200800022478,0008-04-12 20:15:00,8,4,12,20,15,940,76,AUTOROUTE A6A,,,Plein jour,Hors agglomération,Hors intersection,Normale,Autre collision,,,,,,,,,,,1,1,1,1,6
200800022479,0008-04-14 01:20:00,8,4,14,1,20,910,477,RN 444,,,Nuit sans éclairage public,Hors agglomération,Hors intersection,Pluie légère,Deux véhicules - frontale,,,,,,,,,,,3,1,1,2,1
200800022480,0008-04-14 17:00:00,8,4,14,17,0,910,589,AUTOROUTE A6,,,Plein jour,Hors agglomération,Hors intersection,Normale,Autre collision,,,,,,,,,,,1,1,1,1,6
200800022481,0008-04-15 08:15:00,8,4,15,8,15,940,3,AUTOROUTE A6A,,,Crépuscule ou aube,Hors agglomération,Hors intersection,Normale,Deux véhicules - côté,,,,,,,,,,,2,1,1,1,3
200800022482,0008-04-15 08:30:00,8,4,15,8,30,940,37,AUTOROUTE A6A,,,Plein jour,Hors agglomération,Hors intersection,Normale,Sans collision,,,,,,,,,,,1,1,1,1,7
200800022483,0008-04-15 20:45:00,8,4,15,20,45,910,617,RN 104 INT / A5A PROVINC,,,Nuit sans éclairage public,Hors agglomération,Hors intersection,Normale,Sans collision,,,,,,,,,,,3,1,1,1,7
200800022484,0008-04-16 09:25:00,8,4,16,9,25,940,37,AUTOROUTE A6B,,,Plein jour,Hors agglomération,Hors intersection,Normale,Deux véhicules - arrière,,,,,,,,,,,1,1,1,1,2
200800022485,0008-04-19 02:00:00,8,4,19,2,0,910,549,RN 104,,,Nuit sans éclairage public,Hors agglomération,Intersection en X,Temps couvert,Autre collision,,,,,,,,,,,3,1,2,8,6
200800022486,0008-04-19 13:11:00,8,4,19,13,11,910,689,AUTOROUTE A6A,,,Plein jour,Hors agglomération,Hors intersection,Temps couvert,Deux véhicules - arrière,,,,,,,,,,,1,1,1,8,2
200800022487,0008-04-19 15:15:00,8,4,19,15,15,910,661,RN 188 CHEVREUSE,,,Plein jour,Hors agglomération,Hors intersection,Normale,Sans collision,,,,,,,,,,,1,1,1,1,7
200800022488,0008-04-20 00:20:00,8,4,20,0,20,910,377,RN20,,,Nuit avec éclairage allumé,Hors agglomération,Hors intersection,Normale,Autre collision,,,,,,,,,,,5,1,1,1,6
200800022489,0008-04-20 13:45:00,8,4,20,13,45,910,228,RN 104,,,Plein jour,Hors agglomération,Hors intersection,Normale,Autre collision,,,,,,,,,,,1,1,1,1,6
200800022490,0008-04-21 08:20:00,8,4,21,8,20,910,617,RN 104,,,Plein jour,Hors agglomération,Hors intersection,Normale,Sans collision,,,,,,,,,,,1,1,1,1,7
200800022491,0008-04-21 11:30:00,8,4,21,11,30,940,76,AUTOROUTE A6B,,,Plein jour,Hors agglomération,Hors intersection,Normale,Autre collision,,,,,,,,,,,1,1,1,1,6
200800022492,0008-04-21 16:10:00,8,4,21,16,10,910,340,RN 104,,,Plein jour,Hors agglomération,Hors intersection,Temps couvert,Deux véhicules - côté,,,,,,,,,,,1,1,1,8,3
200800022493,0008-04-22 14:23:00,8,4,22,14,23,940,34,AUTOROUTE A6A,,,Plein jour,Hors agglomération,Hors intersection,Normale,Autre collision,,,,,,,,,,,1,1,1,1,6
200800022494,0008-04-23 08:58:00,8,4,23,8,58,910,312,RN 444,,,Plein jour,Hors agglomération,Hors intersection,Temps couvert,Autre collision,,,,,,,,,,,1,1,1,8,6
200800022495,0008-04-24 08:15:00,8,4,24,8,15,920,2,AUTOROUTE A86,,,Plein jour,Hors agglomération,Hors intersection,Normale,Deux véhicules - arrière,,,,,,,,,,,1,1,1,1,2
200800022496,0008-04-24 11:27:00,8,4,24,11,27,910,471,RN 118,,,Plein jour,Hors agglomération,Hors intersection,Normale,Autre collision,,,,,,,,,,,1,1,1,1,6
200800022497,0008-04-25 21:00:00,8,4,25,21,0,920,2,AUTOROUTE A86,,,Nuit sans éclairage public,Hors agglomération,Hors intersection,Normale,Deux véhicules - arrière,,,,,,,,,,,3,1,1,1,2
200800022498,0008-04-26 02:45:00,8,4,26,2,45,910,617,RN 104,,,Nuit sans éclairage public,Hors agglomération,Hors intersection,Normale,Autre collision,,,,,,,,,,,3,1,1,1,6
200800022499,0008-04-26 12:30:00,8,4,26,12,30,910,340,RN 104,,,Plein jour,Hors agglomération,Hors intersection,Normale,Deux véhicules - arrière,,,,,,,,,,,1,1,1,1,2
200800022500,0008-04-27 07:30:00,8,4,27,7,30,770,495,A5A PROVINCE / RN 105,,,Plein jour,Hors agglomération,Hors intersection,Normale,Autre collision,,,,,,,,,,,1,1,1,1,6
200800022501,0008-04-29 10:13:00,8,4,29,10,13,940,37,AUTOROUTE A6B,,,Plein jour,Hors agglomération,Hors intersection,Pluie légère,Deux véhicules - côté,,,,,,,,,,,1,1,1,2,3
200800022502,0008-04-29 17:38:00,8,4,29,17,38,920,19,RN 385 Extèrieure,,,Plein jour,Hors agglomération,Hors intersection,Pluie légère,Autre collision,,,,,,,,,,,1,1,1,2,6
200800022503,0008-04-30 07:26:00,8,4,30,7,26,910,434,AUTOROUTE A6,,,Plein jour,Hors agglomération,Hors intersection,Normale,Deux véhicules - arrière,,,,,,,,,,,1,1,1,1,2
200800022504,0008-04-30 13:26:00,8,4,30,13,26,910,534,RN 118,,,Nuit sans éclairage public,Hors agglomération,Hors intersection,Normale,Trois véhicules et plus - en chaîne,,,,,,,,,,,3,1,1,1,4
200800022505,0008-04-30 18:00:00,8,4,30,18,0,910,235,RN 104,,,Plein jour,Hors agglomération,Hors intersection,Normale,Trois véhicules et plus - en chaîne,,,,,,,,,,,1,1,1,1,4
200800022506,0008-04-30 19:30:00,8,4,30,19,30,910,377,RN20,,,Plein jour,Hors agglomération,Hors intersection,Normale,Autre collision,,,,,,,,,,,1,1,1,1,6
200800022507,0008-04-02 18:30:00,8,4,2,18,30,590,378,AUTOROUTE A22,,,Plein jour,Hors agglomération,Hors intersection,Normale,Autre collision,,,,,,,,,,,1,1,1,1,6
200800022508,0008-04-03 15:15:00,8,4,3,15,15,620,498,AUTOROUTE A211,,,Plein jour,Hors agglomération,Hors intersection,Normale,Autre collision,,,,,,,,,,,1,1,1,1,6
200800022509,0008-04-04 12:00:00,8,4,4,12,0,590,9,ROUTE NATIONALE 227,,,Plein jour,Hors agglomération,Hors intersection,Normale,Autre collision,,,,,,,,,,,1,1,1,1,6
200800022510,0008-04-04 14:25:00,8,4,4,14,25,590,462,AUTOROUTE A1,,,Plein jour,Hors agglomération,Hors intersection,Normale,Autre collision,,,,,,,,,,,1,1,1,1,6
200800022511,0008-04-04 14:45:00,8,4,4,14,45,590,378,AUTOROUTE A22,,,Plein jour,Hors agglomération,Hors intersection,Normale,Trois véhicules et plus - en chaîne,,,,,,,,,,,1,1,1,1,4
200800022512,0008-04-04 16:30:00,8,4,4,16,30,590,359,AUTOROUTE A16,,,Plein jour,Hors agglomération,Hors intersection,Normale,Sans collision,,,,,,,,,,,1,1,1,1,7
200800022513,0008-04-05 09:10:00,8,4,5,9,10,590,123,AUTOROUTE A1,,,Plein jour,Hors agglomération,Hors intersection,Normale,Autre collision,,,,,,,,,,,1,1,1,1,6
200800022514,0008-04-05 13:50:00,8,4,5,13,50,590,155,AUTOROUTE A16,,,Plein jour,Hors agglomération,Hors intersection,Normale,Autre collision,,,,,,,,,,,1,1,1,1,6
200800022515,0008-04-05 21:10:00,8,4,5,21,10,590,507,AUTOROUTE A1,,,Nuit avec éclairage allumé,Hors agglomération,Hors intersection,Pluie légère,Autre collision,,,,,,,,,,,5,1,1,2,6
200800022516,0008-04-06 13:00:00,8,4,6,13,0,590,564,AUTOROUTE A23,,,Plein jour,Hors agglomération,Hors intersection,Normale,Autre collision,,,,,,,,,,,1,1,1,1,6
200800022517,0008-04-06 20:30:00,8,4,6,20,30,590,9,ROUTE NATIONALE 227,,,Nuit avec éclairage allumé,Hors agglomération,Hors intersection,Neige / grêle,Sans collision,,,,,,,,,,,5,1,1,4,7
200800022518,0008-04-09 11:00:00,8,4,9,11,0,590,359,AUTOROUTE A16,,,Plein jour,Hors agglomération,Hors intersection,Normale,Deux véhicules - arrière,,,,,,,,,,,1,1,1,1,2
200800022519,0008-04-09 11:10:00,8,4,9,11,10,590,256,AUTOROUTE A23,,,Plein jour,Hors agglomération,Hors intersection,Normale,Sans collision,,,,,,,,,,,1,1,1,1,7
200800022520,0008-04-10 06:20:00,8,4,10,6,20,590,449,AUTOROUTE A23,,,Nuit sans éclairage public,Hors agglomération,Hors intersection,Normale,Trois véhicules et plus - en chaîne,,,,,,,,,,,3,1,1,1,4
200800022521,0008-04-10 09:30:00,8,4,10,9,30,590,508,AUTOROUTE A22,,,Plein jour,Hors agglomération,Hors intersection,Normale,Autre collision,,,,,,,,,,,1,1,1,1,6
200800022522,0008-04-10 16:30:00,8,4,10,16,30,590,507,AUTOROUTE A1,,,Plein jour,Hors agglomération,Hors intersection,Normale,Autre collision,,,,,,,,,,,1,1,1,1,6
200800022523,0008-04-10 22:35:00,8,4,10,22,35,590,383,AUTOROUTE A2,,,Nuit sans éclairage public,Hors agglomération,Hors intersection,Normale,Deux véhicules - arrière,,,,,,,,,,,3,1,1,1,2
200800022524,0008-04-11 19:25:00,8,4,11,19,25,620,528,AUTOROUTE A21,,,Plein jour,Hors agglomération,Hors intersection,Normale,Autre collision,,,,,,,,,,,1,1,1,1,6
200800022525,0008-04-12 13:20:00,8,4,12,13,20,590,646,ROUTE DEPARTEMENTALE 656,,,Plein jour,Hors agglomération,Hors intersection,Normale,Deux véhicules - arrière,,,,,,,,,,,1,1,1,1,2
200800022526,0008-04-12 16:00:00,8,4,12,16,0,620,498,AUTOROUTE A21,,,Plein jour,Hors agglomération,Hors intersection,Normale,Autre collision,,,,,,,,,,,1,1,1,1,6
200800022527,0008-04-13 22:30:00,8,4,13,22,30,590,195,ROUTE DEPARTEMENTALE 652,,,Nuit avec éclairage allumé,Hors agglomération,Hors intersection,Normale,Autre collision,,,,,,,,,,,5,1,1,1,6
200800022528,0008-04-14 07:30:00,8,4,14,7,30,590,636,ROUTE DEPARTEMENTALE 652,,,Plein jour,Hors agglomération,Hors intersection,Normale,Sans collision,,,,,,,,,,,1,1,1,1,7
200800022529,0008-04-16 10:00:00,8,4,16,10,0,590,256,AUTOROUTE A23,,,Plein jour,Hors agglomération,Hors intersection,Normale,Autre collision,,,,,,,,,,,1,1,1,1,6
200800022530,0008-04-16 11:00:00,8,4,16,11,0,590,560,AUTOROUTE A1,,,Plein jour,Hors agglomération,Hors intersection,Normale,Sans collision,,,,,,,,,,,1,1,1,1,7
200800022531,0008-04-16 14:45:00,8,4,16,14,45,590,90,AUTOROUTE A22,,,Plein jour,Hors agglomération,Hors intersection,Normale,Trois véhicules et plus - en chaîne,,,,,,,,,,,1,1,1,1,4
200800022532,0008-04-16 15:45:00,8,4,16,15,45,590,159,AUTOROUTE A16,,,Plein jour,Hors agglomération,Hors intersection,Normale,Trois véhicules et plus - collisions multiples,,,,,,,,,,,1,1,1,1,5
200800022533,0008-04-16 16:15:00,8,4,16,16,15,590,410,ROUTE DEPARTEMENTALE 656,,,Plein jour,Hors agglomération,Hors intersection,Normale,Autre collision,,,,,,,,,,,1,1,1,1,6
200800022534,0008-04-19 20:40:00,8,4,19,20,40,620,498,AUTOROUTE A21,,,Nuit avec éclairage allumé,Hors agglomération,Hors intersection,Pluie légère,Deux véhicules - arrière,,,,,,,,,,,5,1,1,2,2
200800022535,0008-04-19 20:41:00,8,4,19,20,41,620,498,AUTOROUTE A21,,,Nuit avec éclairage allumé,Hors agglomération,Hors intersection,Pluie légère,Deux véhicules - arrière,,,,,,,,,,,5,1,1,2,2
200800022536,0008-04-19 23:55:00,8,4,19,23,55,590,9,ROUTE NATIONALE 227,,,Nuit avec éclairage allumé,Hors agglomération,Hors intersection,Pluie légère,Autre collision,,,,,,,,,,,5,1,1,2,6
200800022537,0008-04-21 15:45:00,8,4,21,15,45,620,249,AUTOROUTE A21,,,Plein jour,Hors agglomération,Hors intersection,Normale,Deux véhicules - arrière,,,,,,,,,,,1,1,1,1,2
200800022538,0008-04-23 08:00:00,8,4,23,8,0,620,274,AUTOROUTE A21,,,Plein jour,Hors agglomération,Hors intersection,Normale,Deux véhicules - arrière,,,,,,,,,,,1,1,1,1,2
200800022539,0008-04-23 19:30:00,8,4,23,19,30,590,459,AUTOROUTE A23,,,Plein jour,Hors agglomération,Hors intersection,Normale,Autre collision,,,,,,,,,,,1,1,1,1,6
200800022540,0008-04-24 08:40:00,8,4,24,8,40,590,350,ROUTE DEPARTEMENTALE 656,,,Plein jour,Hors agglomération,Hors intersection,Normale,Trois véhicules et plus - en chaîne,,,,,,,,,,,1,1,1,1,4
200800022541,0008-04-24 17:30:00,8,4,24,17,30,620,498,AUTOROUTE A21,,,Plein jour,Hors agglomération,Hors intersection,Pluie légère,Deux véhicules - arrière,,,,,,,,,,,1,1,1,2,2
200800022542,0008-04-25 09:15:00,8,4,25,9,15,590,9,AUTOROUTE A22,,,Plein jour,Hors agglomération,Hors intersection,Normale,Autre collision,,,,,,,,,,,1,1,1,1,6
200800022543,0008-04-25 20:50:00,8,4,25,20,50,590,606,AUTOROUTE A23,,,Plein jour,Hors agglomération,Hors intersection,Normale,Deux véhicules - arrière,,,,,,,,,,,1,1,1,1,2
200800022544,0008-04-25 23:20:00,8,4,25,23,20,620,528,AUTOROUTE A21,,,Nuit avec éclairage allumé,Hors agglomération,Hors intersection,Normale,Sans collision,,,,,,,,,,,5,1,1,1,7
200800022545,0008-04-26 16:10:00,8,4,26,16,10,620,274,AUTOROUTE A1,,,Plein jour,Hors agglomération,Hors intersection,Normale,Autre collision,,,,,,,,,,,1,1,1,1,6
200800022546,0008-04-26 22:15:00,8,4,26,22,15,620,274,AUTOROUTE A1,,,Nuit avec éclairage allumé,Hors agglomération,Hors intersection,Normale,Autre collision,,,,,,,,,,,5,1,1,1,6
200800022547,0008-04-28 06:50:00,8,4,28,6,50,590,196,AUTOROUTE A25,,,Plein jour,Hors agglomération,Hors intersection,Normale,Deux véhicules - arrière,,,,,,,,,,,1,1,1,1,2
200800022548,0008-04-28 19:00:00,8,4,28,19,0,620,193,AUTOROUTE A16,,,Plein jour,Hors agglomération,Hors intersection,Normale,Deux véhicules - arrière,,,,,,,,,,,1,1,1,1,2
200800022549,0008-04-29 10:50:00,8,4,29,10,50,590,421,AUTOROUTE A22,,,Plein jour,Hors agglomération,Hors intersection,Pluie légère,Sans collision,,,,,,,,,,,1,1,1,2,7
200800022550,0008-04-30 08:30:00,8,4,30,8,30,590,94,AUTOROUTE A16,,,Plein jour,Hors agglomération,Hors intersection,Pluie légère,Deux véhicules - arrière,,,,,,,,,,,1,1,1,2,2
200800022551,0008-04-30 16:00:00,8,4,30,16,0,620,624,AUTOROUTE A1,,,Plein jour,Hors agglomération,Hors intersection,Normale,Autre collision,,,,,,,,,,,1,1,1,1,6
200800022552,0008-04-02 13:40:00,8,4,2,13,40,690,266,RD383   3.750 A 7.640,,,Plein jour,Hors agglomération,Hors intersection,Normale,Deux véhicules - côté,,,,,,,,,,,1,1,1,1,3
200800022553,0008-04-07 12:55:00,8,4,7,12,55,690,115,A6   427.300 A 428.640,,,Plein jour,Hors agglomération,Hors intersection,Normale,Trois véhicules et plus - en chaîne,,,,,,,,,,,1,1,1,1,4
200800022554,0008-04-09 05:55:00,8,4,9,5,55,690,295,A46S   53.980 A 57.400,,,Nuit sans éclairage public,Hors agglomération,Hors intersection,Normale,Sans collision,,,,,,,,,,,3,1,1,1,7