accident_id,datetime,annee,mois,jour,heure,minute,departement,commune_insee,adresse,latitude,longitude,luminosite,agglomeration,intersection,meteo,collision,nb_vehicules,nb_usagers,nb_indemnes,nb_tues,nb_blesses_hosp,nb_blesses_legers,age_cond_1,age_cond_2,veh_type_cond_1,veh_type_cond_2,lum_code,agg_code,int_code,atm_code,col_code
200800022555,0008-04-09 11:30:00,8,4,9,11,30,690,34,RD383   0.000 A 1.165,,,Plein jour,Hors agglomération,Hors intersection,Pluie légère,Deux véhicules - arrière,,,,,,,,,,,1,1,1,2,2
200800022556,0008-04-11 14:25:00,8,4,11,14,25,690,259,RD383   11.750 A 14.250,,,Plein jour,Hors agglomération,Hors intersection,Pluie légère,Trois véhicules et plus - en chaîne,,,,,,,,,,,1,1,1,2,4
200800022557,0008-04-13 13:42:00,8,4,13,13,42,690,266,RD383   3.750 A 7.640,,,Plein jour,Hors agglomération,Hors intersection,Normale,Sans collision,,,,,,,,,,,1,1,1,1,7
200800022558,0008-04-14 17:50:00,8,4,14,17,50,690,142,A7   2.278 A 3.690,,,Plein jour,Hors agglomération,Hors intersection,Normale,Sans collision,,,,,,,,,,,1,1,1,1,7
200800022559,0008-04-15 06:10:00,8,4,15,6,10,690,271,RD302   0.000 A 0.400,,,Nuit sans éclairage public,Hors agglomération,Hors intersection,Normale,Sans collision,,,,,,,,,,,3,1,1,1,7
200800022560,0008-04-18 12:00:00,8,4,18,12,0,690,259,RD383   11.0044 A 11.460,,,Plein jour,Hors agglomération,Hors intersection,Normale,Trois véhicules et plus - collisions multiples,,,,,,,,,,,1,1,1,1,5
200800022561,0008-04-19 05:15:00,8,4,19,5,15,690,256,RD383   1.893 A 2.321,,,Nuit avec éclairage allumé,Hors agglomération,Hors intersection,Pluie légère,Deux véhicules - arrière,,,,,,,,,,,5,1,1,2,2
200800022562,0008-04-21 08:30:00,8,4,21,8,30,690,382,A6   455.000 A 455.875,,,Plein jour,Hors agglomération,Hors intersection,Temps couvert,Trois véhicules et plus - en chaîne,,,,,,,,,,,1,1,1,8,4
200800022563,0008-04-23 14:30:00,8,4,23,14,30,380,544,RN7   5.180 A 10.000,,,Plein jour,Hors agglomération,Hors intersection,Normale,Deux véhicules - côté,,,,,,,,,,,1,1,1,1,3
200800022564,0008-04-24 17:32:00,8,4,24,17,32,690,9,A6   428.880 A 431.800,,,Plein jour,Hors agglomération,Hors intersection,Normale,Trois véhicules et plus - collisions multiples,,,,,,,,,,,1,1,1,1,5
200800022565,0008-04-25 11:00:00,8,4,25,11,0,690,290,A46S   40.883 A 43.680,,,Plein jour,Hors agglomération,Hors intersection,Normale,Autre collision,,,,,,,,,,,1,1,1,1,6
200800022566,0008-04-21 21:10:00,8,4,21,21,10,690,290,A43   3.865 A 9.894,,,Nuit avec éclairage allumé,Hors agglomération,Hors intersection,Normale,Deux véhicules - côté,,,,,,,,,,,5,1,1,1,3
200800022567,0008-04-01 04:00:00,8,4,1,4,0,130,215,A55-Sens Marseille vers,,,Nuit avec éclairage allumé,Hors agglomération,Hors intersection,Normale,Autre collision,,,,,,,,,,,5,1,1,1,6
200800022568,0008-04-01 22:05:00,8,4,1,22,5,130,1,A51-Sens Aix en Provence,,,Nuit sans éclairage public,Hors agglomération,Hors intersection,Normale,Autre collision,,,,,,,,,,,3,1,1,1,6
200800022569,0008-04-02 09:05:00,8,4,2,9,5,130,71,A7-Sens Lyon vers Marsei,,,Plein jour,Hors agglomération,Hors intersection,Normale,Sans collision,,,,,,,,,,,1,1,1,1,7
200800022570,0008-04-03 06:13:00,8,4,3,6,13,130,202,A55-Sens Marseille vers,,,Nuit avec éclairage allumé,Hors agglomération,Hors intersection,Normale,Deux véhicules - arrière,,,,,,,,,,,5,1,1,1,2
200800022571,0008-04-04 05:25:00,8,4,4,5,25,130,26,A55-Sens Martigues vers,,,Nuit sans éclairage public,Hors agglomération,Hors intersection,Normale,Deux véhicules - arrière,,,,,,,,,,,3,1,1,1,2
200800022572,0008-04-04 17:00:00,8,4,4,17,0,130,215,A7-Sens Marseille vers L,,,Plein jour,Hors agglomération,Hors intersection,Normale,Deux véhicules - arrière,,,,,,,,,,,1,1,1,1,2
200800022573,0008-04-04 17:24:00,8,4,4,17,24,130,202,A55-Sens Martigues vers,,,Plein jour,Hors agglomération,Hors intersection,Normale,Deux véhicules - côté,,,,,,,,,,,1,1,1,1,3
200800022574,0008-04-05 01:45:00,8,4,5,1,45,130,211,A50-Sens Aubagne vers Ma,,,Nuit avec éclairage allumé,Hors agglomération,Hors intersection,Normale,Deux véhicules - arrière,,,,,,,,,,,5,1,1,1,2
200800022575,0008-04-05 19:45:00,8,4,5,19,45,130,216,A55-Sens Marseille vers,,,Plein jour,Hors agglomération,Hors intersection,Normale,Sans collision,,,,,,,,,,,1,1,1,1,7
200800022576,0008-04-06 06:00:00,8,4,6,6,0,130,106,A7-Sens Marseille vers L,,,Nuit sans éclairage public,Hors agglomération,Hors intersection,Normale,Trois véhicules et plus - collisions multiples,,,,,,,,,,,3,1,1,1,5
200800022577,0008-04-08 08:47:00,8,4,8,8,47,130,215,A7-Sens Lyon vers Marsei,,,Plein jour,Hors agglomération,Hors intersection,Normale,Trois véhicules et plus - en chaîne,,,,,,,,,,,1,1,1,1,4
200800022578,0008-04-08 17:10:00,8,4,8,17,10,130,71,A55 - Sens Marseille ver,,,Plein jour,Hors agglomération,Hors intersection,Normale,Autre collision,,,,,,,,,,,1,1,1,1,6
200800022579,0008-04-08 17:55:00,8,4,8,17,55,130,5,A501-Sens Aubagne vers P,,,Plein jour,Hors agglomération,Hors intersection,Normale,Autre collision,,,,,,,,,,,1,1,1,1,6
200800022580,0008-04-10 00:01:00,8,4,10,0,1,130,5,A502-Sens Aubagne vers T,,,Nuit sans éclairage public,Hors agglomération,Hors intersection,Normale,Sans collision,,,,,,,,,,,3,1,1,1,7
200800022581,0008-04-10 09:40:00,8,4,10,9,40,130,71,A7-Sens Lyon vers Marsei,,,Plein jour,Hors agglomération,Hors intersection,Normale,Deux véhicules - côté,,,,,,,,,,,1,1,1,1,3
200800022582,0008-04-13 20:05:00,8,4,13,20,5,130,117,A7-Sens Marseille vers L,,,Plein jour,Hors agglomération,Hors intersection,Normale,Deux véhicules - frontale,,,,,,,,,,,1,1,1,1,1
200800022583,0008-04-11 07:00:00,8,4,11,7,0,130,88,A55-Sens Martigues vers,,,Nuit sans éclairage public,Hors agglomération,Hors intersection,Pluie légère,Autre collision,,,,,,,,,,,3,1,1,2,6
200800022584,0008-04-11 12:15:00,8,4,11,12,15,130,211,A50-Sens Marseille vers,,,Plein jour,Hors agglomération,Hors intersection,Normale,Deux véhicules - arrière,,,,,,,,,,,1,1,1,1,2
200800022585,0008-04-11 22:20:00,8,4,11,22,20,130,215,A7-Sens Marseille vers L,,,Nuit sans éclairage public,Hors agglomération,Hors intersection,Normale,Autre collision,,,,,,,,,,,3,1,1,1,6
200800022586,0008-04-13 11:54:00,8,4,13,11,54,130,26,A55-Sens Martigues vers,,,Plein jour,Hors agglomération,Hors intersection,Normale,Sans collision,,,,,,,,,,,1,1,1,1,7
200800022587,0008-04-16 08:40:00,8,4,16,8,40,130,215,A7-Sens Marseille vers L,,,Plein jour,Hors agglomération,Hors intersection,Normale,Trois véhicules et plus - en chaîne,,,,,,,,,,,1,1,1,1,4
200800022588,0008-04-16 21:50:00,8,4,16,21,50,130,43,A55-Sens Martigues vers,,,Nuit sans éclairage public,Hors agglomération,Hors intersection,Normale,Autre collision,,,,,,,,,,,3,1,1,1,6
200800022589,0008-04-17 17:40:00,8,4,17,17,40,130,215,A7-Sens Lyon vers Marsei,,,Plein jour,Hors agglomération,Hors intersection,Pluie légère,Deux véhicules - arrière,,,,,,,,,,,1,1,1,2,2
200800022590,0008-04-17 19:30:00,8,4,17,19,30,130,1,A51-Sens Aix en Provence,,,Crépuscule ou aube,Hors agglomération,Hors intersection,Pluie forte,Deux véhicules - côté,,,,,,,,,,,2,1,1,3,3
200800022591,0008-04-17 21:05:00,8,4,17,21,5,130,56,A55-Sens Marseille vers,,,Nuit sans éclairage public,Hors agglomération,Hors intersection,Pluie forte,Autre collision,,,,,,,,,,,3,1,1,3,6
200800022592,0008-04-18 11:20:00,8,4,18,11,20,130,5,A501-Sens Pont de l'Etoi,,,Plein jour,Hors agglomération,Hors intersection,Normale,Sans collision,,,,,,,,,,,1,1,1,1,7
200800022593,0008-04-19 05:30:00,8,4,19,5,30,130,71,A7-Sens Marseille vers L,,,Nuit sans éclairage public,Hors agglomération,Hors intersection,Normale,Deux véhicules - arrière,,,,,,,,,,,3,1,1,1,2
200800022594,0008-04-20 07:14:00,8,4,20,7,14,130,106,A51-Sens Aix en Provence,,,Plein jour,Hors agglomération,Hors intersection,Normale,Sans collision,,,,,,,,,,,1,1,1,1,7
200800022595,0008-04-21 07:45:00,8,4,21,7,45,130,215,A55-Sens Marseille vers,,,Plein jour,Hors agglomération,Hors intersection,Pluie légère,Sans collision,,,,,,,,,,,1,1,1,2,7
200800022596,0008-04-21 11:10:00,8,4,21,11,10,130,26,A55-Sens Martigues vers,,,Plein jour,Hors agglomération,Hors intersection,Normale,Autre collision,,,,,,,,,,,1,1,1,1,6
200800022597,0008-04-22 15:20:00,8,4,22,15,20,130,210,S10CM-Sens Marseille ver,,,Plein jour,Hors agglomération,Hors intersection,Normale,Autre collision,,,,,,,,,,,1,1,1,1,6
200800022598,0008-04-23 16:30:00,8,4,23,16,30,130,70,A50-Sens Aubagne vers Ma,,,Plein jour,Hors agglomération,Hors intersection,Normale,Trois véhicules et plus - en chaîne,,,,,,,,,,,1,1,1,1,4
200800022599,0008-04-24 16:10:00,8,4,24,16,10,130,85,A50-Sens Toulon vers Aub,,,Plein jour,Hors agglomération,Hors intersection,Normale,Deux véhicules - côté,,,,,,,,,,,1,1,1,1,3
200800022600,0008-04-25 23:52:00,8,4,25,23,52,130,56,A55-Sens Martigues vers,,,Nuit sans éclairage public,Hors agglomération,Hors intersection,Normale,Autre collision,,,,,,,,,,,3,1,1,1,6
200800022601,0008-04-26 03:55:00,8,4,26,3,55,130,22,A50-Sens Aubagne vers To,,,Nuit sans éclairage public,Hors agglomération,Hors intersection,Normale,Trois véhicules et plus - collisions multiples,,,,,,,,,,,3,1,1,1,5
200800022602,0008-04-26 11:10:00,8,4,26,11,10,130,88,A55-Sens Martigues vers,,,Plein jour,Hors agglomération,Hors intersection,Normale,Autre collision,,,,,,,,,,,1,1,1,1,6
200800022603,0008-04-26 17:10:00,8,4,26,17,10,130,70,A50-Sens Aubagne vers Ma,,,Plein jour,Hors agglomération,Hors intersection,Normale,Deux véhicules - arrière,,,,,,,,,,,1,1,1,1,2
200800022604,0008-04-28 21:00:00,8,4,28,21,0,130,202,A55-Sens Marseille vers,,,Nuit avec éclairage allumé,Hors agglomération,Hors intersection,Pluie légère,Sans collision,,,,,,,,,,,5,1,1,2,7
200800022605,0008-04-29 17:00:00,8,4,29,17,0,130,211,A50-Sens Marseille vers,,,Plein jour,Hors agglomération,Hors intersection,Normale,Deux véhicules - arrière,,,,,,,,,,,1,1,1,1,2
200800022606,0008-04-29 18:45:00,8,4,29,18,45,130,70,A50-Sens Marseille vers,,,Plein jour,Hors agglomération,Hors intersection,Normale,Deux véhicules - arrière,,,,,,,,,,,1,1,1,1,2
200800022607,0008-04-30 08:29:00,8,4,30,8,29,130,216,A55-Sens Marseille vers,,,Plein jour,Hors agglomération,Hors intersection,Pluie légère,Deux véhicules - côté,,,,,,,,,,,1,1,1,2,3
200800022608,0008-04-30 12:00:00,8,4,30,12,0,130,81,A7-Sens Marseille vers L,,,Plein jour,Hors agglomération,Hors intersection,Pluie forte,Autre collision,,,,,,,,,,,1,1,1,3,6
200800022609,0008-04-30 16:40:00,8,4,30,16,40,130,117,A7-Sens Marseille vers L,,,Plein jour,Hors agglomération,Hors intersection,Normale,Sans collision,,,,,,,,,,,1,1,1,1,7
200800022610,0008-04-04 08:45:00,8,4,4,8,45,570,463,Autoroute A31,,,Plein jour,Hors agglomération,Hors intersection,Normale,Autre collision,,,,,,,,,,,1,1,1,1,6
200800022611,0008-04-14 18:15:00,8,4,14,18,15,570,582,Autoroute A31,,,Plein jour,Hors agglomération,Hors intersection,Pluie légère,Deux véhicules - côté,,,,,,,,,,,1,1,1,2,3
200800022612,0008-04-09 11:06:00,8,4,9,11,6,540,265,Autoroute A 33,,,Plein jour,Hors agglomération,Hors intersection,Pluie légère,Deux véhicules - côté,,,,,,,,,,,1,1,1,2,3
200800022613,0008-04-01 09:15:00,8,4,1,9,15,670,152,Autoroute A.35,,,Plein jour,Hors agglomération,Hors intersection,Normale,Trois véhicules et plus - en chaîne,,,,,,,,,,,1,1,1,1,4
200800022614,0008-04-10 21:10:00,8,4,10,21,10,670,482,N.4 CONTOURNEMENT-SUD,,,Nuit avec éclairage non allumé,Hors agglomération,Hors intersection,Pluie légère,Sans collision,,,,,,,,,,,4,1,1,2,7
200800022615,0008-04-15 16:35:00,8,4,15,16,35,670,482,Autoroute A.35,,,Plein jour,Hors agglomération,Hors intersection,Pluie légère,Deux véhicules - arrière,,,,,,,,,,,1,1,1,2,2
200800022616,0008-04-28 09:50:00,8,4,28,9,50,670,482,N.4 CONTOURNEMENT-SUD,,,Plein jour,Hors agglomération,Hors intersection,Normale,Deux véhicules - côté,,,,,,,,,,,1,1,1,1,3
200800022617,0008-04-01 18:30:00,8,4,1,18,30,420,218,A72,,,Plein jour,Hors agglomération,Hors intersection,Normale,Trois véhicules et plus - en chaîne,,,,,,,,,,,1,1,1,1,4
200800022618,0008-04-07 05:30:00,8,4,7,5,30,420,97,A72,,,Nuit sans éclairage public,Hors agglomération,Hors intersection,Normale,Autre collision,,,,,,,,,,,3,1,1,1,6
200800022619,0008-04-07 18:30:00,8,4,7,18,30,420,218,A72,,,Plein jour,Hors agglomération,Hors intersection,Normale,Trois véhicules et plus - en chaîne,,,,,,,,,,,1,1,1,1,4
200800022620,0008-04-13 18:30:00,8,4,13,18,30,420,218,RN88,,,Plein jour,Hors agglomération,Hors intersection,Normale,Deux véhicules - arrière,,,,,,,,,,,1,1,1,1,2
200800022621,0008-04-02 05:45:00,8,4,2,5,45,690,266,RD383   1.165 A 1.893,,,Crépuscule ou aube,Hors agglomération,Hors intersection,Normale,Autre collision,,,,,,,,,,,2,1,1,1,6
200800022622,0008-04-05 20:15:00,8,4,5,20,15,690,199,RD383   14.250 A 18.000,,,Crépuscule ou aube,Hors agglomération,Hors intersection,Normale,Sans collision,,,,,,,,,,,2,1,1,1,7
200800022623,0008-04-04 22:40:00,8,4,4,22,40,690,91,A47,,,Nuit avec éclairage allumé,Hors agglomération,Hors intersection,Normale,Autre collision,,,,,,,,,,,5,1,1,1,6
200800022624,0008-04-14 04:30:00,8,4,14,4,30,690,382,A7   0.000 A 2.278,,,Nuit avec éclairage non allumé,Hors agglomération,Hors intersection,Pluie légère,Deux véhicules - arrière,,,,,,,,,,,4,1,1,2,2
200800022625,0008-04-16 18:50:00,8,4,16,18,50,690,199,RD383   14.250 A 18.000,,,Plein jour,Hors agglomération,Hors intersection,Normale,Trois véhicules et plus - en chaîne,,,,,,,,,,,1,1,1,1,4
200800022626,0008-04-17 14:40:00,8,4,17,14,40,690,382,A7   0.000 A 2.278,,,Plein jour,Hors agglomération,Hors intersection,Normale,Deux véhicules - côté,,,,,,,,,,,1,1,1,1,3
200800022627,0008-04-25 18:05:00,8,4,25,18,5,690,266,RD383   1.165 A 1.893,,,Plein jour,Hors agglomération,Hors intersection,Normale,Deux véhicules - arrière,,,,,,,,,,,1,1,1,1,2
200800022628,0008-04-28 16:55:00,8,4,28,16,55,690,152,A7   4.270 A 7.000,,,Plein jour,Hors agglomération,Hors intersection,Pluie légère,Deux véhicules - frontale,,,,,,,,,,,1,1,1,2,1
200800022629,0008-04-29 10:40:00,8,4,29,10,40,690,116,A6   442.500 A 445.030,,,Plein jour,Hors agglomération,Autre intersection,Normale,Deux véhicules - côté,,,,,,,,,,,1,1,9,1,3
200800022630,0008-04-30 09:25:00,8,4,30,9,25,690,235,A7   27.460 A 28.860,,,Plein jour,Hors agglomération,Hors intersection,Pluie forte,Autre collision,,,,,,,,,,,1,1,1,3,6
200800022631,0008-04-01 17:35:00,8,4,1,17,35,920,50,A86,,,Plein jour,Hors agglomération,Hors intersection,Normale,Deux véhicules - côté,,,,,,,,,,,1,1,1,1,3
200800022632,0008-04-02 11:25:00,8,4,2,11,25,780,362,A13,,,Plein jour,Hors agglomération,Hors intersection,Normale,Trois véhicules et plus - en chaîne,,,,,,,,,,,1,1,1,1,4
200800022633,0008-04-04 08:15:00,8,4,4,8,15,920,36,A86,,,Plein jour,Hors agglomération,Hors intersection,Normale,Trois véhicules et plus - collisions multiples,,,,,,,,,,,1,1,1,1,5
200800022634,0008-04-07 09:00:00,8,4,7,9,0,780,646,RN12,,,Plein jour,Hors agglomération,Hors intersection,Normale,Deux véhicules - arrière,,,,,,,,,,,1,1,1,1,2
200800022635,0008-04-09 05:45:00,8,4,9,5,45,920,25,A86,,,Nuit sans éclairage public,Hors agglomération,Hors intersection,Normale,Autre collision,,,,,,,,,,,3,1,1,1,6
200800022636,0008-04-13 16:54:00,8,4,13,16,54,920,48,N118,,,Plein jour,Hors agglomération,Hors intersection,Pluie légère,Deux véhicules - arrière,,,,,,,,,,,1,1,1,2,2
200800022637,0008-04-14 07:05:00,8,4,14,7,5,780,362,A13,,,Crépuscule ou aube,Hors agglomération,Hors intersection,Temps couvert,Trois véhicules et plus - en chaîne,,,,,,,,,,,2,1,1,8,4
200800022638,0008-04-14 15:20:00,8,4,14,15,20,780,297,RN12,,,Plein jour,Hors agglomération,Hors intersection,Pluie légère,Autre collision,,,,,,,,,,,1,1,1,2,6
200800022639,0008-04-15 08:55:00,8,4,15,8,55,780,423,RN12,,,Plein jour,Hors agglomération,Hors intersection,Normale,Autre collision,,,,,,,,,,,1,1,1,1,6
200800022640,0008-04-16 09:20:00,8,4,16,9,20,780,43,A13Y,,,Plein jour,Hors agglomération,Hors intersection,Normale,Deux véhicules - arrière,,,,,,,,,,,1,1,1,1,2
200800022641,0008-04-16 14:30:00,8,4,16,14,30,780,362,A13,,,Plein jour,Hors agglomération,Hors intersection,Normale,Deux véhicules - côté,,,,,,,,,,,1,1,1,1,3
200800022642,0008-04-16 18:00:00,8,4,16,18,0,780,545,A12 W,,,Plein jour,Hors agglomération,Hors intersection,Normale,Deux véhicules - côté,,,,,,,,,,,1,1,1,1,3
200800022643,0008-04-17 20:00:00,8,4,17,20,0,750,116,A 13 W,,,Plein jour,Hors agglomération,Hors intersection,Normale,Deux véhicules - arrière,,,,,,,,,,,1,1,1,1,2
200800022644,0008-04-18 20:46:00,8,4,18,20,46,780,90,A13,,,Nuit sans éclairage public,Hors agglomération,Hors intersection,Pluie légère,Autre collision,,,,,,,,,,,3,1,1,2,6
200800022645,0008-04-20 00:45:00,8,4,20,0,45,920,62,RN1013,,,Nuit avec éclairage allumé,Hors agglomération,Hors intersection,Normale,Autre collision,,,,,,,,,,,5,1,1,1,6
200800022646,0008-04-22 08:45:00,8,4,22,8,45,920,36,A86,,,Plein jour,Hors agglomération,Hors intersection,Normale,Deux véhicules - arrière,,,,,,,,,,,1,1,1,1,2
200800022647,0008-04-24 03:00:00,8,4,24,3,0,780,672,A13,,,Nuit avec éclairage allumé,Hors agglomération,Hors intersection,Normale,Autre collision,,,,,,,,,,,5,1,1,1,6
200800022648,0008-04-30 19:30:00,8,4,30,19,30,780,206,A13,,,Plein jour,Hors agglomération,Hors intersection,Normale,Deux véhicules - côté,,,,,,,,,,,1,1,1,1,3
200800022649,0008-04-27 10:56:00,8,4,27,10,56,780,551,A14,,,Plein jour,Hors agglomération,Hors intersection,Autre,Sans collision,,,,,,,,,,,1,1,1,9,7
200800022650,0008-04-29 12:18:00,8,4,29,12,18,920,51,RN13,,,Plein jour,Hors agglomération,Hors intersection,Temps couvert,Deux véhicules - arrière,,,,,,,,,,,1,1,1,8,2
200800022651,0008-04-30 17:30:00,8,4,30,17,30,780,640,A86 EXT,,,Plein jour,Hors agglomération,Hors intersection,Normale,Trois véhicules et plus - collisions multiples,,,,,,,,,,,1,1,1,1,5
200800022652,0008-04-13 04:00:00,8,4,13,4,0,920,64,A13,,,Nuit avec éclairage allumé,Hors agglomération,Hors intersection,Temps couvert,Autre collision,,,,,,,,,,,5,1,1,8,6
200800022653,0008-04-28 06:50:00,8,4,28,6,50,920,36,A86,,,Crépuscule ou aube,Hors agglomération,Hors intersection,Normale,Autre collision,,,,,,,,,,,2,1,1,1,6
200800022654,0008-03-01 09:45:00,8,3,1,9,45,930,5,"54, JULES PRINCET [CD115",,,Plein jour,En agglomération,Hors intersection,Normale,Deux véhicules - côté,,,,,,,,,,,1,2,1,1,3
200800022655,0008-03-03 16:50:00,8,3,3,16,50,930,5,"15, ANDRE THEURIET (RUE)",,,Plein jour,En agglomération,Hors intersection,Normale,Autre collision,,,,,,,,,,,1,2,1,1,6
200800022656,0008-03-03 19:00:00,8,3,3,19,0,930,5,JULES PRINCET [CD115] (R,,,Nuit avec éclairage allumé,En agglomération,Intersection en T,Normale,Autre collision,,,,,,,,,,,5,2,3,1,6
200800022657,0008-03-21 17:30:00,8,3,21,17,30,930,5,TOURVILLE (RUE DE),,,Plein jour,En agglomération,Intersection en X,Temps couvert,Autre collision,,,,,,,,,,,1,2,2,8,6
200800022658,0008-03-25 17:45:00,8,3,25,17,45,930,5,"16, LOUISE MICHEL (RUE)",,,Plein jour,En agglomération,Hors intersection,Normale,Deux véhicules - arrière,,,,,,,,,,,1,2,1,1,2
200800022659,0008-03-28 18:45:00,8,3,28,18,45,930,5,"NEANT, MOULIN DE LA VILL",,,Plein jour,En agglomération,Hors intersection,Pluie légère,Autre collision,,,,,,,,,,,1,2,1,2,6
200800022660,0008-03-31 14:55:00,8,3,31,14,55,930,5,HENRI MATISSE (RUE),,,Plein jour,En agglomération,Hors intersection,Normale,Autre collision,,,,,,,,,,,1,2,1,1,6
200800022661,0008-03-03 10:30:00,8,3,3,10,30,590,14,", JAURES (RUE JEAN)",,,Plein jour,En agglomération,Hors intersection,Normale,Autre collision,,,,,,,,,,,1,2,1,1,6
200800022662,0008-03-01 17:25:00,8,3,1,17,25,920,12,"268, JEAN JAURES (BOULEV",,,Plein jour,En agglomération,Hors intersection,Normale,Deux véhicules - côté,,,,,,,,,,,1,2,1,1,3
200800022663,0008-03-04 09:40:00,8,3,4,9,40,920,12,JEAN BAPTISTE CLEMENT (A,,,Plein jour,Hors agglomération,Intersection en X,Normale,Deux véhicules - arrière,,,,,,,,,,,1,1,2,1,2
200800022664,0008-03-10 15:00:00,8,3,10,15,0,920,12,"235, LE JOUR SE LEVE (AV",,,Plein jour,En agglomération,Hors intersection,Normale,Autre collision,,,,,,,,,,,1,2,1,1,6
200800022665,0008-03-10 17:05:00,8,3,10,17,5,920,12,"07, EDOUARD DETAILLE (RU",,,Plein jour,En agglomération,Hors intersection,Normale,Autre collision,,,,,,,,,,,1,2,1,1,6
200800022666,0008-03-11 08:20:00,8,3,11,8,20,920,12,"212, JEAN JAURES (BOULEV",,,Plein jour,En agglomération,Hors intersection,Normale,Deux véhicules - côté,,,,,,,,,,,1,2,1,1,3
200800022667,0008-03-11 17:55:00,8,3,11,17,55,920,12,LEMOINE (RUE),,,Plein jour,En agglomération,Hors intersection,Normale,Trois véhicules et plus - en chaîne,,,,,,,,,,,1,2,1,1,4
200800022668,0008-03-13 13:45:00,8,3,13,13,45,920,12,ANDRE MORIZET (AVENUE) -,,,Plein jour,En agglomération,Intersection en X,Normale,Autre collision,,,,,,,,,,,1,2,2,1,6
200800022669,0008-03-13 16:30:00,8,3,13,16,30,920,12,MARCEL DASSAULT (RUE) -,,,Plein jour,En agglomération,Intersection en X,Normale,Deux véhicules - côté,,,,,,,,,,,1,2,2,1,3
200800022670,0008-03-14 17:35:00,8,3,14,17,35,920,12,"95-97, JEAN JAURES (BOUL",,,Plein jour,En agglomération,Hors intersection,Normale,Autre collision,,,,,,,,,,,1,2,1,1,6
200800022671,0008-03-18 08:10:00,8,3,18,8,10,920,12,"118, SILLY (RUE DE) 89/F",,,Plein jour,En agglomération,Hors intersection,Normale,Autre collision,,,,,,,,,,,1,2,1,1,6
200800022672,0008-03-20 21:20:00,8,3,20,21,20,920,12,"1796, VIEUX PONT DE SEVR",,,Nuit avec éclairage allumé,En agglomération,Hors intersection,Normale,Autre collision,,,,,,,,,,,5,2,1,1,6
200800022673,0008-03-21 18:40:00,8,3,21,18,40,920,12,"18, PIERRE GRENIER (AVEN",,,Plein jour,En agglomération,Hors intersection,Normale,Deux véhicules - côté,,,,,,,,,,,1,2,1,1,3
200800022674,0008-03-25 17:20:00,8,3,25,17,20,920,12,"0, ANATOLE FRANCE (BOULE",,,Plein jour,En agglomération,Autre intersection,Normale,Deux véhicules - arrière,,,,,,,,,,,1,2,9,1,2
200800022675,0008-03-26 09:00:00,8,3,26,9,0,920,12,"43, JEAN JAURES (BOULEVA",,,Plein jour,Hors agglomération,Hors intersection,Normale,Deux véhicules - arrière,,,,,,,,,,,1,1,1,1,2
200800022676,0008-03-22 18:15:00,8,3,22,18,15,920,12,"250, JEAN JAURES (BOULEV",,,Plein jour,En agglomération,Hors intersection,Normale,Autre collision,,,,,,,,,,,1,2,1,1,6
200800022677,0008-03-23 21:20:00,8,3,23,21,20,920,12,MARCEL SEMBAT (PLACE),,,Nuit avec éclairage allumé,En agglomération,Giratoire,Normale,Autre collision,,,,,,,,,,,5,2,6,1,6
200800022678,0008-03-25 12:00:00,8,3,25,12,0,920,12,"208, JEAN JAURES (BOULEV",,,Plein jour,Hors agglomération,Hors intersection,Normale,Autre collision,,,,,,,,,,,1,1,1,1,6
200800022679,0008-03-30 17:15:00,8,3,30,17,15,920,12,"56 BIS, REINE (ROUTE DE",,,Plein jour,En agglomération,Hors intersection,Normale,Autre collision,,,,,,,,,,,1,2,1,1,6
200800022680,0008-02-06 19:20:00,8,2,6,19,20,920,12,"10, ROBERT SCHUMAN (AVEN",,,Crépuscule ou aube,En agglomération,Hors intersection,Normale,Autre collision,,,,,,,,,,,2,2,1,1,6
200800022681,0008-02-04 19:10:00,8,2,4,19,10,920,12,EDOUARD VAILLANT (AVENUE,,,Plein jour,En agglomération,Intersection en X,Normale,Deux véhicules - arrière,,,,,,,,,,,1,2,2,1,2
200800022682,0008-02-05 07:37:00,8,2,5,7,37,920,12,"60, SEVRES (RUE DE) 55BI",,,Plein jour,En agglomération,Hors intersection,Normale,Autre collision,,,,,,,,,,,1,2,1,1,6
200800022683,0008-02-07 13:55:00,8,2,7,13,55,920,12,"73-77, SEVRES (RUE DE) 5",,,Plein jour,En agglomération,Hors intersection,Normale,Autre collision,,,,,,,,,,,1,2,1,1,6
200800022684,0008-02-07 15:20:00,8,2,7,15,20,920,12,REPUBLIQUE (BOULEVARD DE,,,Plein jour,En agglomération,Hors intersection,Normale,Autre collision,,,,,,,,,,,1,2,1,1,6
200800022685,0008-02-05 19:50:00,8,2,5,19,50,920,12,"35, GENERAL LECLERC (AVE",,,Nuit avec éclairage allumé,En agglomération,Hors intersection,Pluie légère,Deux véhicules - côté,,,,,,,,,,,5,2,1,2,3
200800022686,0008-02-12 18:47:00,8,2,12,18,47,920,12,"1, ISSY (PONT D')",,,Nuit avec éclairage allumé,En agglomération,Hors intersection,Normale,Deux véhicules - côté,,,,,,,,,,,5,2,1,1,3
200800022687,0008-02-13 10:25:00,8,2,13,10,25,920,12,"180, JEAN JAURES (BOULEV",,,Plein jour,En agglomération,Hors intersection,Normale,Autre collision,,,,,,,,,,,1,2,1,1,6