accident_id,datetime,annee,mois,jour,heure,minute,departement,commune_insee,adresse,latitude,longitude,luminosite,agglomeration,intersection,meteo,collision,nb_vehicules,nb_usagers,nb_indemnes,nb_tues,nb_blesses_hosp,nb_blesses_legers,age_cond_1,age_cond_2,veh_type_cond_1,veh_type_cond_2,lum_code,agg_code,int_code,atm_code,col_code
200800022688,0008-02-14 11:40:00,8,2,14,11,40,920,12,"1, PONT DE BILLANCOURT (",,,Plein jour,En agglomération,Hors intersection,Normale,Trois véhicules et plus - en chaîne,,,,,,,,,,,1,2,1,1,4
200800022689,0008-02-14 22:50:00,8,2,14,22,50,920,12,ANDRE MORIZET (AVENUE) 1,,,Nuit avec éclairage allumé,En agglomération,Intersection en X,Normale,Deux véhicules - côté,,,,,,,,,,,5,2,2,1,3
200800022690,0008-02-13 13:25:00,8,2,13,13,25,920,12,"128, JEAN JAURES (BOULEV",,,Plein jour,En agglomération,Hors intersection,Normale,Autre collision,,,,,,,,,,,1,2,1,1,6
200800022691,0008-02-15 19:52:00,8,2,15,19,52,920,12,"44, SILLY (RUE DE) 1/87",,,Crépuscule ou aube,En agglomération,Hors intersection,Normale,Autre collision,,,,,,,,,,,2,2,1,1,6
200800022692,0008-02-15 19:20:00,8,2,15,19,20,920,12,"95, EDOUARD VAILLANT (AV",,,Nuit avec éclairage allumé,En agglomération,Hors intersection,Normale,Deux véhicules - arrière,,,,,,,,,,,5,2,1,1,2
200800022693,0008-02-19 10:15:00,8,2,19,10,15,920,12,"48, POINT DU JOUR (QUAI",,,Plein jour,En agglomération,Hors intersection,Normale,Deux véhicules - côté,,,,,,,,,,,1,2,1,1,3
200800022694,0008-02-21 00:10:00,8,2,21,0,10,920,12,ALPHONSE LE GALLO (QUAI),,,Nuit avec éclairage allumé,En agglomération,Hors intersection,Normale,Deux véhicules - arrière,,,,,,,,,,,5,2,1,1,2
200800022695,0008-02-21 16:25:00,8,2,21,16,25,920,12,"120, ANDRE MORIZET (AVEN",,,Plein jour,En agglomération,Hors intersection,Normale,Deux véhicules - côté,,,,,,,,,,,1,2,1,1,3
200800022696,0008-02-21 22:35:00,8,2,21,22,35,920,12,"1, QUATRE SEPTEMBRE (QUA",,,Nuit avec éclairage allumé,En agglomération,Hors intersection,Normale,Trois véhicules et plus - en chaîne,,,,,,,,,,,5,2,1,1,4
200800022697,0008-02-25 12:40:00,8,2,25,12,40,920,12,PONT DE BILLANCOURT (PLA,,,Plein jour,En agglomération,Hors intersection,Normale,Deux véhicules - côté,,,,,,,,,,,1,2,1,1,3
200800022698,0008-03-02 00:50:00,8,3,2,0,50,470,31,"12, JEAN JAURES(rue)",,,Nuit avec éclairage allumé,En agglomération,Hors intersection,Normale,Sans collision,,,,,,,,,,,5,2,1,1,7
200800022699,0008-03-02 19:09:00,8,3,2,19,9,470,1,JAURES (AV. JEAN),,,Crépuscule ou aube,En agglomération,Hors intersection,Normale,Deux véhicules - frontale,,,,,,,,,,,2,2,1,1,1
200800022700,0008-03-04 18:54:00,8,3,4,18,54,470,32,LAJUNIE (rené),,,Nuit avec éclairage allumé,En agglomération,Intersection en T,Pluie légère,Deux véhicules - côté,,,,,,,,,,,5,2,3,2,3
200800022701,0008-03-10 12:05:00,8,3,10,12,5,470,201,"12, PONT DE BARROY (ROUT",,,Plein jour,En agglomération,Hors intersection,Pluie légère,Deux véhicules - côté,,,,,,,,,,,1,2,1,2,3
200800022702,0008-03-21 13:20:00,8,3,21,13,20,470,32,ALBERT CAMUS (avenue),,,Plein jour,En agglomération,Hors intersection,Normale,Deux véhicules - arrière,,,,,,,,,,,1,2,1,1,2
200800022703,0008-03-25 07:50:00,8,3,25,7,50,470,1,SCHUMANN (AV. ROBERT),,,Plein jour,En agglomération,Hors intersection,Normale,Deux véhicules - arrière,,,,,,,,,,,1,2,1,1,2
200800022704,0008-03-25 19:22:00,8,3,25,19,22,470,1,LIBERTE (BOULEVARD DE LA,,,Plein jour,En agglomération,Hors intersection,Pluie légère,Deux véhicules - frontale,,,,,,,,,,,1,2,1,2,1
200800022705,0008-03-30 16:55:00,8,3,30,16,55,470,1,"12, COLMAR (AV. DE)",,,Plein jour,En agglomération,Intersection en X,Pluie légère,Deux véhicules - côté,,,,,,,,,,,1,2,2,2,3
200800022706,0008-03-29 18:38:00,8,3,29,18,38,470,1,LACOUR (BD EDOUARD),,,Plein jour,En agglomération,Hors intersection,Normale,Deux véhicules - côté,,,,,,,,,,,1,2,1,1,3
200800022707,0008-03-26 07:15:00,8,3,26,7,15,440,109,ROUTE PERIPH S-O,,,Crépuscule ou aube,Hors agglomération,Hors intersection,Temps couvert,Autre collision,,,,,,,,,,,2,1,1,8,6
200800022708,0008-03-04 09:05:00,8,3,4,9,5,590,249,"18, GENERAL DE  GAULLE (",,,Plein jour,En agglomération,Hors intersection,Normale,Sans collision,,,,,,,,,,,1,2,1,1,7
200800022709,0008-02-25 19:15:00,8,2,25,19,15,420,218,RN88,,,Nuit avec éclairage non allumé,Hors agglomération,Hors intersection,Normale,Trois véhicules et plus - en chaîne,,,,,,,,,,,4,1,1,1,4
200800022710,0008-01-02 07:25:00,8,1,2,7,25,690,288,A43   13.029 A 15.971,,,Nuit sans éclairage public,Hors agglomération,Hors intersection,Normale,Deux véhicules - arrière,,,,,,,,,,,3,1,1,1,2
200800022711,0008-01-03 15:10:00,8,1,3,15,10,690,256,A42     0.560 A 4.020,,,Plein jour,Hors agglomération,Hors intersection,Temps couvert,Autre collision,,,,,,,,,,,1,1,1,8,6
200800022712,0008-01-18 06:05:00,8,1,18,6,5,380,544,RN7   5.180 A 10.000,,,Nuit avec éclairage allumé,Hors agglomération,Hors intersection,Normale,Deux véhicules - côté,,,,,,,,,,,5,1,1,1,3
200800022713,0008-01-21 17:15:00,8,1,21,17,15,690,81,A6   449.510 A 451.640,,,Plein jour,Hors agglomération,Hors intersection,Normale,Sans collision,,,,,,,,,,,1,1,1,1,7
200800022714,0008-02-09 17:30:00,8,2,9,17,30,690,81,A6   449.510 A 451.640,,,Plein jour,Hors agglomération,Hors intersection,Normale,Autre collision,,,,,,,,,,,1,1,1,1,6
200800022715,0008-02-16 15:05:00,8,2,16,15,5,690,34,BPNL   37.781 A 41.124,,,Plein jour,Hors agglomération,Hors intersection,Normale,Deux véhicules - arrière,,,,,,,,,,,1,1,1,1,2
200800022716,0008-02-20 12:10:00,8,2,20,12,10,690,199,RD383   14.250 A 18.000,,,Plein jour,Hors agglomération,Intersection en X,Normale,Deux véhicules - côté,,,,,,,,,,,1,1,2,1,3
200800022717,0008-02-24 15:30:00,8,2,24,15,30,380,544,A7   25.770 A 27.460,,,Plein jour,Hors agglomération,Hors intersection,Normale,Deux véhicules - côté,,,,,,,,,,,1,1,1,1,3
200800022718,0008-02-26 13:45:00,8,2,26,13,45,690,297,A47,,,Plein jour,Hors agglomération,Hors intersection,Normale,Deux véhicules - côté,,,,,,,,,,,1,1,1,1,3
200800022719,0008-03-08 13:35:00,8,3,8,13,35,690,290,A43   3.865 A 9.894,,,Plein jour,Hors agglomération,Hors intersection,Normale,Deux véhicules - arrière,,,,,,,,,,,1,1,1,1,2
200800022720,0008-03-14 23:10:00,8,3,14,23,10,690,290,A43   3.865 A 9.894,,,Nuit avec éclairage allumé,Hors agglomération,Hors intersection,Normale,Deux véhicules - arrière,,,,,,,,,,,5,1,1,1,2
200800022721,0008-03-17 08:05:00,8,3,17,8,5,690,287,A43   9.894 A 13.029,,,Plein jour,Hors agglomération,Hors intersection,Pluie légère,Deux véhicules - arrière,,,,,,,,,,,1,1,1,2,2
200800022722,0008-03-17 10:45:00,8,3,17,10,45,690,388,RD383   11.460 A 11.750,,,Plein jour,Hors agglomération,Hors intersection,Normale,Trois véhicules et plus - collisions multiples,,,,,,,,,,,1,1,1,1,5
200800022723,0008-03-17 21:15:00,8,3,17,21,15,690,266,RD383   3.750 A 7.640,,,Nuit avec éclairage non allumé,Hors agglomération,Hors intersection,Normale,Deux véhicules - arrière,,,,,,,,,,,4,1,1,1,2
200800022724,0008-03-18 01:40:00,8,3,18,1,40,690,256,A42     0.560 A 4.020,,,Nuit avec éclairage allumé,Hors agglomération,Hors intersection,Normale,Autre collision,,,,,,,,,,,5,1,1,1,6
200800022725,0008-03-22 13:20:00,8,3,22,13,20,690,297,A47   0.000  A 1.657,,,Plein jour,Hors agglomération,Hors intersection,Normale,Sans collision,,,,,,,,,,,1,1,1,1,7
200800022726,0008-03-23 13:05:00,8,3,23,13,5,690,290,RN346   38.960 A 40.883,,,Plein jour,Hors agglomération,Hors intersection,Pluie légère,Autre collision,,,,,,,,,,,1,1,1,2,6
200800022727,0008-03-24 07:00:00,8,3,24,7,0,690,116,A6   442.500 A 445.030,,,Crépuscule ou aube,Hors agglomération,Autre intersection,Neige / grêle,Autre collision,,,,,,,,,,,2,1,9,4,6
200800022728,0008-03-23 01:55:00,8,3,23,1,55,690,259,RD383   11.750 A 14.250,,,Nuit avec éclairage allumé,Hors agglomération,Hors intersection,Pluie forte,Autre collision,,,,,,,,,,,5,1,1,3,6
200800022729,0008-03-25 17:15:00,8,3,25,17,15,690,288,A43   13.029 A 15.971,,,Plein jour,Hors agglomération,Hors intersection,Normale,Sans collision,,,,,,,,,,,1,1,1,1,7
200800022730,0008-03-29 17:30:00,8,3,29,17,30,380,544,RN7   5.180 A 10.000,,,Plein jour,Hors agglomération,Hors intersection,Normale,Trois véhicules et plus - en chaîne,,,,,,,,,,,1,1,1,1,4
200800022731,0008-03-29 23:00:00,8,3,29,23,0,690,297,A7   15.770 A 20.110,,,Nuit sans éclairage public,Hors agglomération,Hors intersection,Normale,Sans collision,,,,,,,,,,,3,1,1,1,7
200800022732,0008-03-31 13:20:00,8,3,31,13,20,690,297,A46S   61.220 A 62.000,,,Plein jour,Hors agglomération,Hors intersection,Normale,Deux véhicules - côté,,,,,,,,,,,1,1,1,1,3
200800022733,0008-01-03 06:00:00,8,1,3,6,0,780,217,A13,,,Nuit avec éclairage non allumé,Hors agglomération,Hors intersection,Pluie légère,Trois véhicules et plus - en chaîne,,,,,,,,,,,4,1,1,2,4
200800022734,0008-01-03 05:45:00,8,1,3,5,45,780,498,A14,,,Nuit avec éclairage allumé,Hors agglomération,Hors intersection,Pluie légère,Autre collision,,,,,,,,,,,5,1,1,2,6
200800022735,0008-01-03 09:05:00,8,1,3,9,5,780,423,RN12 Y,,,Plein jour,Hors agglomération,Hors intersection,Temps couvert,Sans collision,,,,,,,,,,,1,1,1,8,7
200800022736,0008-01-06 20:30:00,8,1,6,20,30,780,217,A13,,,Nuit avec éclairage allumé,Hors agglomération,Hors intersection,Pluie légère,Deux véhicules - arrière,,,,,,,,,,,5,1,1,2,2
200800022737,0008-01-07 01:10:00,8,1,7,1,10,920,36,A86,,,Nuit avec éclairage allumé,Hors agglomération,Hors intersection,Normale,Autre collision,,,,,,,,,,,5,1,1,1,6
200800022738,0008-01-08 15:35:00,8,1,8,15,35,780,545,A12 Y,,,Plein jour,Hors agglomération,Hors intersection,Normale,Deux véhicules - arrière,,,,,,,,,,,1,1,1,1,2
200800022739,0008-01-08 23:55:00,8,1,8,23,55,780,217,A13,,,Nuit sans éclairage public,Hors agglomération,Hors intersection,Normale,Sans collision,,,,,,,,,,,3,1,1,1,7
200800022740,0008-01-09 09:00:00,8,1,9,9,0,920,50,A86,,,Plein jour,Hors agglomération,Hors intersection,Pluie légère,Deux véhicules - côté,,,,,,,,,,,1,1,1,2,3
200800022741,0008-01-09 12:10:00,8,1,9,12,10,920,48,N118,,,Plein jour,Hors agglomération,Hors intersection,Normale,Trois véhicules et plus - en chaîne,,,,,,,,,,,1,1,1,1,4
200800022742,0008-01-09 12:48:00,8,1,9,12,48,920,48,N118,,,Plein jour,Hors agglomération,Hors intersection,Pluie légère,Trois véhicules et plus - en chaîne,,,,,,,,,,,1,1,1,2,4
200800022743,0008-01-09 13:50:00,8,1,9,13,50,920,72,N118,,,Plein jour,Hors agglomération,Hors intersection,Normale,Sans collision,,,,,,,,,,,1,1,1,1,7
200800022744,0008-01-08 07:40:00,8,1,8,7,40,780,640,N118,,,Nuit sans éclairage public,Hors agglomération,Hors intersection,Temps couvert,Trois véhicules et plus - en chaîne,,,,,,,,,,,3,1,1,8,4
200800022745,0008-01-29 07:30:00,8,1,29,7,30,780,423,RN12 W,,,Crépuscule ou aube,Hors agglomération,Hors intersection,Normale,Deux véhicules - arrière,,,,,,,,,,,2,1,1,1,2
200800022746,0008-01-17 02:10:00,8,1,17,2,10,920,64,A13,,,Nuit avec éclairage allumé,Hors agglomération,Hors intersection,Normale,Deux véhicules - arrière,,,,,,,,,,,5,1,1,1,2
200800022747,0008-01-20 18:10:00,8,1,20,18,10,780,133,A14,,,Nuit avec éclairage allumé,Hors agglomération,Hors intersection,Normale,Autre collision,,,,,,,,,,,5,1,1,1,6
200800022748,0008-01-19 07:30:00,8,1,19,7,30,780,90,A13,,,Crépuscule ou aube,Hors agglomération,Hors intersection,Normale,Trois véhicules et plus - collisions multiples,,,,,,,,,,,2,1,1,1,5
200800022749,0008-01-24 16:45:00,8,1,24,16,45,920,50,A86,,,Plein jour,Hors agglomération,Hors intersection,Normale,Trois véhicules et plus - en chaîne,,,,,,,,,,,1,1,1,1,4
200800022750,0008-01-26 19:25:00,8,1,26,19,25,780,490,RN12 EXT,,,Nuit avec éclairage allumé,Hors agglomération,Hors intersection,Normale,Deux véhicules - côté,,,,,,,,,,,5,1,1,1,3
200800022751,0008-01-30 14:05:00,8,1,30,14,5,780,297,RN12 W,,,Plein jour,Hors agglomération,Hors intersection,Temps couvert,Autre collision,,,,,,,,,,,1,1,1,8,6
200800022752,0008-01-17 02:31:00,8,1,17,2,31,780,73,A12 Y,,,Nuit avec éclairage allumé,Hors agglomération,Hors intersection,Temps couvert,Autre collision,,,,,,,,,,,5,1,1,8,6
200800022753,0008-02-04 08:30:00,8,2,4,8,30,920,50,A86,,,Plein jour,Hors agglomération,Hors intersection,Temps couvert,Sans collision,,,,,,,,,,,1,1,1,8,7
200800022754,0008-02-04 09:30:00,8,2,4,9,30,920,23,RN186,,,Plein jour,Hors agglomération,Hors intersection,Pluie légère,Sans collision,,,,,,,,,,,1,1,1,2,7
200800022755,0008-02-04 17:20:00,8,2,4,17,20,920,23,RN186,,,Plein jour,Hors agglomération,Hors intersection,Normale,Autre collision,,,,,,,,,,,1,1,1,1,6
200800022756,0008-02-07 18:00:00,8,2,7,18,0,920,23,RN186,,,Crépuscule ou aube,Hors agglomération,Hors intersection,Normale,Sans collision,,,,,,,,,,,2,1,1,1,7
200800022757,0008-02-08 07:45:00,8,2,8,7,45,920,25,A86,,,Nuit avec éclairage allumé,Hors agglomération,Hors intersection,Normale,Deux véhicules - côté,,,,,,,,,,,5,1,1,1,3
200800022758,0008-02-11 09:55:00,8,2,11,9,55,920,64,A13,,,Plein jour,Hors agglomération,Hors intersection,Normale,Autre collision,,,,,,,,,,,1,1,1,1,6
200800022759,0008-02-11 10:00:00,8,2,11,10,0,780,524,A13,,,Plein jour,Hors agglomération,Hors intersection,Normale,Autre collision,,,,,,,,,,,1,1,1,1,6
200800022760,0008-02-09 12:10:00,8,2,9,12,10,920,12,A13,,,Plein jour,Hors agglomération,Hors intersection,Normale,Deux véhicules - arrière,,,,,,,,,,,1,1,1,1,2
200800022761,0008-02-15 10:55:00,8,2,15,10,55,780,217,A13,,,Plein jour,Hors agglomération,Hors intersection,Normale,Deux véhicules - côté,,,,,,,,,,,1,1,1,1,3
200800022762,0008-02-16 13:45:00,8,2,16,13,45,920,62,RN1014 Y,,,Plein jour,Hors agglomération,Hors intersection,Normale,Deux véhicules - arrière,,,,,,,,,,,1,1,1,1,2
200800022763,0008-02-25 19:43:00,8,2,25,19,43,920,50,A86,,,Nuit avec éclairage allumé,Hors agglomération,Hors intersection,Normale,Deux véhicules - arrière,,,,,,,,,,,5,1,1,1,2
200800022764,0008-02-26 07:30:00,8,2,26,7,30,780,545,A12 Y,,,Plein jour,Hors agglomération,Hors intersection,Normale,Deux véhicules - côté,,,,,,,,,,,1,1,1,1,3
200800022765,0008-02-26 19:25:00,8,2,26,19,25,920,72,N118,,,Nuit avec éclairage allumé,Hors agglomération,Hors intersection,Pluie légère,Autre collision,,,,,,,,,,,5,1,1,2,6
200800022766,0008-02-27 07:10:00,8,2,27,7,10,920,47,A13,,,Plein jour,Hors agglomération,Hors intersection,Normale,Trois véhicules et plus - en chaîne,,,,,,,,,,,1,1,1,1,4
200800022767,0008-02-28 07:00:00,8,2,28,7,0,780,29,A13Y,,,Crépuscule ou aube,Hors agglomération,Hors intersection,Pluie légère,Trois véhicules et plus - collisions multiples,,,,,,,,,,,2,1,1,2,5
200800022768,0008-03-04 13:05:00,8,3,4,13,5,780,362,A13,,,Plein jour,Hors agglomération,Hors intersection,Normale,Sans collision,,,,,,,,,,,1,1,1,1,7
200800022769,0008-03-04 18:15:00,8,3,4,18,15,920,4,RN315 Y,,,Plein jour,Hors agglomération,Hors intersection,Temps couvert,Trois véhicules et plus - collisions multiples,,,,,,,,,,,1,1,1,8,5
200800022770,0008-03-05 09:20:00,8,3,5,9,20,780,545,A12 Y,,,Plein jour,Hors agglomération,Hors intersection,Normale,Trois véhicules et plus - en chaîne,,,,,,,,,,,1,1,1,1,4
200800022771,0008-03-12 08:30:00,8,3,12,8,30,920,36,RN315 W,,,Plein jour,Hors agglomération,Hors intersection,Normale,Deux véhicules - arrière,,,,,,,,,,,1,1,1,1,2
200800022772,0008-03-14 17:15:00,8,3,14,17,15,920,50,A14,,,Plein jour,Hors agglomération,Hors intersection,Normale,Deux véhicules - arrière,,,,,,,,,,,1,1,1,1,2
200800022773,0008-03-15 21:00:00,8,3,15,21,0,780,362,A13,,,Nuit sans éclairage public,Hors agglomération,Hors intersection,Pluie légère,Trois véhicules et plus - collisions multiples,,,,,,,,,,,3,1,1,2,5
200800022774,0008-03-18 08:30:00,8,3,18,8,30,780,423,RN12,,,Plein jour,Hors agglomération,Hors intersection,Normale,Deux véhicules - côté,,,,,,,,,,,1,1,1,1,3
200800022775,0008-03-19 20:30:00,8,3,19,20,30,780,640,A86 EXT,,,Nuit sans éclairage public,Hors agglomération,Hors intersection,Normale,Deux véhicules - côté,,,,,,,,,,,3,1,1,1,3
200800022776,0008-03-20 15:30:00,8,3,20,15,30,780,133,A13,,,Plein jour,Hors agglomération,Hors intersection,Normale,Trois véhicules et plus - collisions multiples,,,,,,,,,,,1,1,1,1,5
200800022777,0008-03-21 11:30:00,8,3,21,11,30,780,29,A13Y,,,Plein jour,Hors agglomération,Hors intersection,Normale,Deux véhicules - arrière,,,,,,,,,,,1,1,1,1,2
200800022778,0008-03-24 05:40:00,8,3,24,5,40,780,423,RN12 W,,,Nuit avec éclairage non allumé,Hors agglomération,Hors intersection,Temps couvert,Deux véhicules - côté,,,,,,,,,,,4,1,1,8,3
200800022779,0008-03-24 05:57:00,8,3,24,5,57,780,43,A12 Y,,,Nuit sans éclairage public,Hors agglomération,Hors intersection,Temps couvert,Trois véhicules et plus - collisions multiples,,,,,,,,,,,3,1,1,8,5
200800022780,0008-03-24 06:35:00,8,3,24,6,35,920,25,A86,,,Plein jour,Hors agglomération,Hors intersection,Normale,Deux véhicules - arrière,,,,,,,,,,,1,1,1,1,2
200800022781,0008-03-26 15:00:00,8,3,26,15,0,780,402,A13,,,Plein jour,Hors agglomération,Hors intersection,Normale,Sans collision,,,,,,,,,,,1,1,1,1,7
200800022782,0008-03-28 17:00:00,8,3,28,17,0,920,25,A86,,,Plein jour,Hors agglomération,Hors intersection,Temps couvert,Sans collision,,,,,,,,,,,1,1,1,8,7
200800022783,0008-03-13 16:45:00,8,3,13,16,45,590,384,rue du lieutenant,50.143,3.746,Plein jour,En agglomération,Hors intersection,Normale,Autre collision,,,,,,,,,,,1,2,1,1,6
200800022784,0008-04-17 08:15:00,8,4,17,8,15,60,161,RD6007,43.637,7.134,Plein jour,En agglomération,Hors intersection,Normale,Autre collision,,,,,,,,,,,1,2,1,1,6
200800022785,0008-04-25 15:15:00,8,4,25,15,15,60,161,Avenue des maurettes,43.631,7.125,Plein jour,En agglomération,Autre intersection,Normale,Deux véhicules - côté,,,,,,,,,,,1,2,9,1,3
200800022786,0008-04-15 14:00:00,8,4,15,14,0,60,85,avenue General de Gaulle,,,Plein jour,En agglomération,Hors intersection,Normale,Deux véhicules - côté,,,,,,,,,,,1,2,1,1,3
200800022787,0008-01-10 08:05:00,8,1,10,8,5,70,10,NICOD (PLACE GASTON),,,Plein jour,En agglomération,Intersection en T,Pluie légère,Deux véhicules - côté,,,,,,,,,,,1,2,3,2,3
200800022788,0008-01-11 20:50:00,8,1,11,20,50,70,10,BARLET (COTE),,,Nuit avec éclairage allumé,En agglomération,Hors intersection,Pluie forte,Deux véhicules - côté,,,,,,,,,,,5,2,1,3,3
200800022789,0008-03-04 17:40:00,8,3,4,17,40,70,10,MERCIER (AVENUE DANIEL),,,Crépuscule ou aube,En agglomération,Intersection en T,Normale,Deux véhicules - frontale,,,,,,,,,,,2,2,3,1,1
200800022790,0008-04-25 19:10:00,8,4,25,19,10,70,10,LOMBARDIERE (RUE DE LA ),,,Plein jour,En agglomération,Hors intersection,Normale,Trois véhicules et plus - collisions multiples,,,,,,,,,,,1,2,1,1,5
200800022791,0008-01-17 19:00:00,8,1,17,19,0,110,69,"70, GOUT HENRI -AVENUE N",,,Nuit sans éclairage public,En agglomération,Intersection en T,Pluie légère,Deux véhicules - frontale,,,,,,,,,,,3,2,3,2,1
200800022792,0008-01-20 03:45:00,8,1,20,3,45,110,69,RD 118,,,Nuit sans éclairage public,Hors agglomération,Hors intersection,Normale,Autre collision,,,,,,,,,,,3,1,1,1,6
200800022793,0008-01-26 20:50:00,8,1,26,20,50,110,69,ROCADE SUD RD 342,,,Nuit sans éclairage public,En agglomération,Hors intersection,Normale,Sans collision,,,,,,,,,,,3,2,1,1,7
200800022794,0008-02-10 20:52:00,8,2,10,20,52,110,69,"567, VERNE JULES -AVENUE",43.20743,3.45699,Nuit avec éclairage allumé,En agglomération,Hors intersection,Normale,Deux véhicules - côté,,,,,,,,,,,5,2,1,1,3
200800022795,0008-04-17 19:10:00,8,4,17,19,10,110,69,RD33,43.22145,3.45699,Nuit sans éclairage public,Hors agglomération,Hors intersection,Autre,Deux véhicules - frontale,,,,,,,,,,,3,1,1,9,1
200800022796,0008-03-04 11:30:00,8,3,4,11,30,130,117,"xxxx, MOULIN ( AVENUE JE",,,Plein jour,En agglomération,Giratoire,Normale,Deux véhicules - côté,,,,,,,,,,,1,2,6,1,3
200800022797,0008-03-07 21:00:00,8,3,7,21,0,130,117,"xxxx, CHEMIN DEPARTEMENT",,,Nuit avec éclairage allumé,Hors agglomération,Hors intersection,Normale,Deux véhicules - arrière,,,,,,,,,,,5,1,1,1,2
200800022798,0008-03-12 20:25:00,8,3,12,20,25,130,71,ROUTE NATIONALE 368 (PLA,,,Nuit avec éclairage non allumé,En agglomération,Hors intersection,Normale,Deux véhicules - arrière,,,,,,,,,,,4,2,1,1,2
200800022799,0008-03-13 04:10:00,8,3,13,4,10,130,117,"XXX, CD 9 ESTROUBLANS",,,Nuit sans éclairage public,En agglomération,Hors intersection,Normale,Autre collision,,,,,,,,,,,3,2,1,1,6
200800022800,0008-03-13 18:10:00,8,3,13,18,10,130,117,ROUTE NATIONALE 113 - LA,,,Plein jour,En agglomération,Intersection en T,Normale,Deux véhicules - côté,,,,,,,,,,,1,2,3,1,3
200800022801,0008-03-16 15:40:00,8,3,16,15,40,130,117,"XXXXX, FONT SEGUGNE ( AV",,,Plein jour,En agglomération,Giratoire,Normale,Deux véhicules - côté,,,,,,,,,,,1,2,6,1,3
200800022802,0008-03-19 08:55:00,8,3,19,8,55,130,71,ROSIERS ( AVNUE DES ET M,,,Plein jour,Hors agglomération,Hors intersection,Normale,Deux véhicules - arrière,,,,,,,,,,,1,1,1,1,2
200800022803,0008-03-20 16:55:00,8,3,20,16,55,130,117,"XXXXX, GELU  ( AVENUE VI",,,Plein jour,En agglomération,Hors intersection,Normale,Autre collision,,,,,,,,,,,1,2,1,1,6
200800022804,0008-03-22 18:40:00,8,3,22,18,40,130,117,", PIERRE PLANTEE (ROND P",,,Crépuscule ou aube,En agglomération,Hors intersection,Normale,Deux véhicules - arrière,,,,,,,,,,,2,2,1,1,2
200800022805,0008-03-24 20:10:00,8,3,24,20,10,130,117,CHEMIN DEPARTEMENTAL 20,,,Nuit sans éclairage public,Hors agglomération,Hors intersection,Normale,Autre collision,,,,,,,,,,,3,1,1,1,6
200800022806,0008-03-26 07:45:00,8,3,26,7,45,130,117,"xxxxx, ATHENES (RUE D')",,,Plein jour,En agglomération,Intersection en T,Normale,Deux véhicules - côté,,,,,,,,,,,1,2,3,1,3
200800022807,0008-03-26 19:28:00,8,3,26,19,28,130,71,"xxxx, ROUTE NATIONALE 11",,,Nuit avec éclairage non allumé,Hors agglomération,Hors intersection,Normale,Deux véhicules - côté,,,,,,,,,,,4,1,1,1,3
200800022808,0008-03-27 15:20:00,8,3,27,15,20,130,117,DE LATTRE DE TASSIGNY (,,,Plein jour,En agglomération,Intersection en X,Normale,Deux véhicules - côté,,,,,,,,,,,1,2,2,1,3
200800022809,0008-04-02 06:55:00,8,4,2,6,55,130,117,ROUTE NATIONALE 113 - LA,,,Plein jour,En agglomération,Intersection en T,Normale,Deux véhicules - côté,,,,,,,,,,,1,2,3,1,3
200800022810,0008-04-06 15:00:00,8,4,6,15,0,130,71,"xxxxxxx, MITTERRAND (AVE",,,Plein jour,En agglomération,Hors intersection,Normale,Autre collision,,,,,,,,,,,1,2,1,1,6
200800022811,0008-04-09 12:35:00,8,4,9,12,35,130,117,"xxx, GLACIERE ( RUE DE L",,,Plein jour,Hors agglomération,Intersection en X,Normale,Deux véhicules - côté,,,,,,,,,,,1,1,2,1,3
200800022812,0008-04-10 14:00:00,8,4,10,14,0,130,71,"xxx, ROUTE NATIONALE 113",,,Plein jour,En agglomération,Hors intersection,Normale,Deux véhicules - arrière,,,,,,,,,,,1,2,1,1,2
200800022813,0008-04-11 15:55:00,8,4,11,15,55,130,71,ROUTE NATIONALE 113 - RE,,,Plein jour,En agglomération,Hors intersection,Temps couvert,Trois véhicules et plus - collisions multiples,,,,,,,,,,,1,2,1,8,5
200800022814,0008-04-12 15:50:00,8,4,12,15,50,130,117,"xxx, PADOVANI ( AVE )",,,Plein jour,En agglomération,Hors intersection,Normale,Trois véhicules et plus - en chaîne,,,,,,,,,,,1,2,1,1,4
200800022815,0008-04-19 13:00:00,8,4,19,13,0,130,71,"xxx, ROUTE NATIONALE 368",,,Plein jour,Hors agglomération,Hors intersection,Normale,Autre collision,,,,,,,,,,,1,1,1,1,6
200800022816,0008-04-21 07:50:00,8,4,21,7,50,130,117,"xxx, ROUTE NATIONALE 113",,,Plein jour,Hors agglomération,Hors intersection,Normale,Trois véhicules et plus - en chaîne,,,,,,,,,,,1,1,1,1,4
200800022817,0008-04-21 08:35:00,8,4,21,8,35,130,71,"xxx, ROUTE NATIONALE 113",,,Plein jour,En agglomération,Hors intersection,Normale,Deux véhicules - côté,,,,,,,,,,,1,2,1,1,3
200800022818,0008-04-23 13:55:00,8,4,23,13,55,130,117,"xxxxxx, MARSEILLE ( AVEN",,,Plein jour,En agglomération,Intersection en T,Normale,Deux véhicules - côté,,,,,,,,,,,1,2,3,1,3
200800022819,0008-04-25 12:10:00,8,4,25,12,10,130,117,"xxx, CHEMIN DEPARTEMENTA",,,Plein jour,Hors agglomération,Hors intersection,Normale,Deux véhicules - côté,,,,,,,,,,,1,1,1,1,3