accident_id,datetime,annee,mois,jour,heure,minute,departement,commune_insee,adresse,latitude,longitude,luminosite,agglomeration,intersection,meteo,collision,nb_vehicules,nb_usagers,nb_indemnes,nb_tues,nb_blesses_hosp,nb_blesses_legers,age_cond_1,age_cond_2,veh_type_cond_1,veh_type_cond_2,lum_code,agg_code,int_code,atm_code,col_code
200800022953,0008-03-18 17:05:00,8,3,18,17,5,910,687,"00, HUSSON (BOULEVARD)",,,Plein jour,En agglomération,Giratoire,Normale,Deux véhicules - côté,,,,,,,,,,,1,2,6,1,3
200800022954,0008-02-23 16:10:00,8,2,23,16,10,910,326,COUR DE FRANCE (AVENUE D,,,Plein jour,En agglomération,Hors intersection,Normale,Deux véhicules - arrière,,,,,,,,,,,1,2,1,1,2
200800022955,0008-03-27 08:20:00,8,3,27,8,20,910,286,NATIONALE 7 (ROUTE),,,Plein jour,En agglomération,Autre intersection,Normale,Trois véhicules et plus - en chaîne,,,,,,,,,,,1,2,9,1,4
200800022956,0008-04-07 13:25:00,8,4,7,13,25,910,687,", LIEUTENANT COLONEL BIZ",,,Plein jour,En agglomération,Hors intersection,Normale,Autre collision,,,,,,,,,,,1,2,1,1,6
200800022957,0008-02-11 20:30:00,8,2,11,20,30,910,434,CORBEIL (ROUTE DE),,,Nuit avec éclairage allumé,En agglomération,Hors intersection,Normale,Autre collision,,,,,,,,,,,5,2,1,1,6
200800022958,0008-04-02 15:00:00,8,4,2,15,0,910,687,"1, VICTOR BASCH (RUE)",,,Plein jour,En agglomération,Hors intersection,Normale,Deux véhicules - côté,,,,,,,,,,,1,2,1,1,3
200800022959,0008-04-04 16:00:00,8,4,4,16,0,920,23,PAUL PADE (RUE),,,Plein jour,En agglomération,Intersection en T,Normale,Deux véhicules - côté,,,,,,,,,,,1,2,3,1,3
200800022960,0008-04-12 12:15:00,8,4,12,12,15,920,23,GARDE (PLACE DU) S102,,,Plein jour,En agglomération,Place,Normale,Deux véhicules - côté,,,,,,,,,,,1,2,7,1,3
200800022961,0008-04-22 20:55:00,8,4,22,20,55,920,23,CLAUDE TREBIGNAUD (AVENU,,,Nuit avec éclairage allumé,En agglomération,Hors intersection,Pluie légère,Autre collision,,,,,,,,,,,5,2,1,2,6
200800022962,0008-04-25 11:20:00,8,4,25,11,20,920,60,"153, RESISTANCE (AVENUE",,,Plein jour,En agglomération,Hors intersection,Normale,Deux véhicules - côté,,,,,,,,,,,1,2,1,1,3
200800022963,0008-01-12 17:35:00,8,1,12,17,35,920,50,MARTIN HENRI AVENUE,,,Nuit avec éclairage allumé,En agglomération,Hors intersection,Normale,Trois véhicules et plus - collisions multiples,,,,,,,,,,,5,2,1,1,5
200800022964,0008-01-31 21:55:00,8,1,31,21,55,920,50,STALINGRAD RUE DE,,,Nuit avec éclairage allumé,En agglomération,Intersection en X,Pluie légère,Autre collision,,,,,,,,,,,5,2,2,2,6
200800022965,0008-01-18 18:00:00,8,1,18,18,0,920,50,DEFENSE BOULEVARD DE LA,,,Nuit avec éclairage allumé,En agglomération,Hors intersection,Pluie légère,Deux véhicules - côté,,,,,,,,,,,5,2,1,2,3
200800022966,0008-01-17 09:25:00,8,1,17,9,25,920,50,PESARO BOULEVARD DE,,,Plein jour,En agglomération,Hors intersection,Normale,Sans collision,,,,,,,,,,,1,2,1,1,7
200800022967,0008-01-21 09:45:00,8,1,21,9,45,920,50,"5, STALINGRAD RUE DE",,,Plein jour,En agglomération,Hors intersection,Normale,Deux véhicules - côté,,,,,,,,,,,1,2,1,1,3
200800022968,0008-01-14 09:15:00,8,1,14,9,15,920,50,GARENNE RUE DE LA,,,Plein jour,En agglomération,Hors intersection,Normale,Sans collision,,,,,,,,,,,1,2,1,1,7
200800022969,0008-01-21 10:15:00,8,1,21,10,15,920,50,JOFFRE MARECHAL AVENUE D,,,Plein jour,En agglomération,Hors intersection,Normale,Autre collision,,,,,,,,,,,1,2,1,1,6
200800022970,0008-02-06 19:55:00,8,2,6,19,55,920,50,DAMADES ALLEE DES,,,Nuit avec éclairage allumé,En agglomération,Hors intersection,Normale,Autre collision,,,,,,,,,,,5,2,1,1,6
200800022971,0008-02-18 19:40:00,8,2,18,19,40,920,50,"151, PICASSO PABLO AVENU",,,Nuit avec éclairage allumé,En agglomération,Hors intersection,Normale,Deux véhicules - côté,,,,,,,,,,,5,2,1,1,3
200800022972,0008-02-21 15:50:00,8,2,21,15,50,920,50,REPUBLIQUE AVENUE DE LA,,,Plein jour,En agglomération,Intersection à plus de 4 branches,Normale,Deux véhicules - côté,,,,,,,,,,,1,2,5,1,3
200800022973,0008-02-24 18:00:00,8,2,24,18,0,920,50,"3, WATFORD RUE DE",,,Plein jour,En agglomération,Hors intersection,Normale,Autre collision,,,,,,,,,,,1,2,1,1,6
200800022974,0008-01-15 18:15:00,8,1,15,18,15,920,50,"85, FONTANOT RUE DES TRO",,,Crépuscule ou aube,En agglomération,Hors intersection,Normale,Autre collision,,,,,,,,,,,2,2,1,1,6
200800022975,0008-02-02 08:40:00,8,2,2,8,40,920,50,JOLIOT CURIE F. ET IRENE,,,Plein jour,En agglomération,Intersection en X,Normale,Autre collision,,,,,,,,,,,1,2,2,1,6
200800022976,0008-02-14 07:50:00,8,2,14,7,50,920,50,"7, SADI CARNOT RUE",,,Crépuscule ou aube,En agglomération,Hors intersection,Normale,Deux véhicules - côté,,,,,,,,,,,2,2,1,1,3
200800022977,0008-03-02 09:20:00,8,3,2,9,20,920,50,CLEMENCEAU GEORGES AVENU,,,Plein jour,En agglomération,Hors intersection,Normale,Sans collision,,,,,,,,,,,1,2,1,1,7
200800022978,0008-03-10 18:05:00,8,3,10,18,5,920,50,Route Nationale  314,,,Crépuscule ou aube,Hors agglomération,Hors intersection,Pluie légère,Deux véhicules - côté,,,,,,,,,,,2,1,1,2,3
200800022979,0008-03-14 09:15:00,8,3,14,9,15,920,50,"18, MANSARD JULES BOULEV",,,Plein jour,En agglomération,Hors intersection,Normale,Deux véhicules - côté,,,,,,,,,,,1,2,1,1,3
200800022980,0008-03-28 09:05:00,8,3,28,9,5,920,50,LIBERTE AVENUE DE LA,,,Plein jour,En agglomération,Intersection en T,Pluie légère,Deux véhicules - côté,,,,,,,,,,,1,2,3,2,3
200800022981,0008-04-03 17:30:00,8,4,3,17,30,920,50,Route Nationale  314,,,Plein jour,En agglomération,Hors intersection,Normale,Sans collision,,,,,,,,,,,1,2,1,1,7
200800022982,0008-03-25 16:25:00,8,3,25,16,25,920,50,HAVRE BOULEVARD DU,,,Plein jour,En agglomération,Hors intersection,Normale,Trois véhicules et plus - collisions multiples,,,,,,,,,,,1,2,1,1,5
200800022983,0008-04-14 15:10:00,8,4,14,15,10,920,50,PROVINCES FRANCAISES BD,,,Plein jour,En agglomération,Hors intersection,Pluie légère,Trois véhicules et plus - collisions multiples,,,,,,,,,,,1,2,1,2,5
200800022984,0008-04-10 19:25:00,8,4,10,19,25,920,50,ARAGO FRANCOIS PASSAGE,,,Plein jour,En agglomération,Intersection en Y,Normale,Autre collision,,,,,,,,,,,1,2,4,1,6
200800022985,0008-04-23 13:30:00,8,4,23,13,30,920,50,RIGAULT RUE,,,Plein jour,En agglomération,Intersection en Y,Normale,Autre collision,,,,,,,,,,,1,2,4,1,6
200800022986,0008-04-26 13:50:00,8,4,26,13,50,920,50,PICASSO PABLO AVENUE,,,Plein jour,En agglomération,Intersection en T,Normale,Sans collision,,,,,,,,,,,1,2,3,1,7
200800022987,0008-02-25 19:50:00,8,2,25,19,50,920,50,"208, ARAGO FRANCOIS AVEN",,,Crépuscule ou aube,En agglomération,Hors intersection,Normale,Autre collision,,,,,,,,,,,2,2,1,1,6
200800022988,0008-02-02 15:05:00,8,2,2,15,5,920,51,"BINEAU (BOULEVARD, N°133",,,Plein jour,En agglomération,Hors intersection,Normale,Deux véhicules - côté,,,,,,,,,,,1,2,1,1,3
200800022989,0008-02-13 13:45:00,8,2,13,13,45,920,51,"71, CHARLES DE GAULLE (A",,,Plein jour,En agglomération,Hors intersection,Normale,Deux véhicules - arrière,,,,,,,,,,,1,2,1,1,2
200800022990,0008-02-14 20:00:00,8,2,14,20,0,920,51,"209, CHARLES DE GAULLE (",,,Nuit avec éclairage allumé,En agglomération,Hors intersection,Normale,Autre collision,,,,,,,,,,,5,2,1,1,6
200800022991,0008-02-14 15:05:00,8,2,14,15,5,920,51,"54, CHARLES DE GAULLE (A",,,Plein jour,En agglomération,Autre intersection,Normale,Autre collision,,,,,,,,,,,1,2,9,1,6
200800022992,0008-02-08 14:00:00,8,2,8,14,0,920,51,"BINEAU (BOULEVARD, N°133",,,Plein jour,En agglomération,Hors intersection,Normale,Sans collision,,,,,,,,,,,1,2,1,1,7
200800022993,0008-02-04 09:45:00,8,2,4,9,45,920,51,"41, CHARLES DE GAULLE (A",,,Plein jour,En agglomération,Hors intersection,Normale,Deux véhicules - côté,,,,,,,,,,,1,2,1,1,3
200800022994,0008-02-16 15:50:00,8,2,16,15,50,920,51,HOTEL DE VILLE (RUE DE L,,,Plein jour,En agglomération,Hors intersection,Normale,Deux véhicules - frontale,,,,,,,,,,,1,2,1,1,1
200800022995,0008-02-19 15:10:00,8,2,19,15,10,920,51,"38, INKERMANN (BOULEVARD",,,Plein jour,En agglomération,Hors intersection,Normale,Deux véhicules - arrière,,,,,,,,,,,1,2,1,1,2
200800022996,0008-02-19 11:00:00,8,2,19,11,0,920,51,"113, CHARLES DE GAULLE (",,,Plein jour,En agglomération,Hors intersection,Normale,Autre collision,,,,,,,,,,,1,2,1,1,6
200800022997,0008-02-25 07:15:00,8,2,25,7,15,920,51,"54, CHARLES DE GAULLE (A",,,Plein jour,En agglomération,Hors intersection,Pluie légère,Deux véhicules - côté,,,,,,,,,,,1,2,1,2,3
200800022998,0008-02-27 09:40:00,8,2,27,9,40,920,51,"63, ROULE (AVENUE DU, N°",,,Plein jour,En agglomération,Hors intersection,Pluie légère,Autre collision,,,,,,,,,,,1,2,1,2,6
200800022999,0008-02-28 03:52:00,8,2,28,3,52,920,51,"BINEAU (BOULEVARD, N°133",,,Nuit avec éclairage allumé,En agglomération,Hors intersection,Pluie légère,Deux véhicules - côté,,,,,,,,,,,5,2,1,2,3
200800023000,0008-03-05 09:50:00,8,3,5,9,50,920,51,"26, CHARLES DE GAULLE (A",,,Plein jour,En agglomération,Hors intersection,Normale,Autre collision,,,,,,,,,,,1,2,1,1,6
200800023001,0008-03-05 09:35:00,8,3,5,9,35,920,51,"5, MADRID (AVENUE DE)",,,Plein jour,En agglomération,Hors intersection,Normale,Deux véhicules - arrière,,,,,,,,,,,1,2,1,1,2
200800023002,0008-03-17 14:55:00,8,3,17,14,55,920,51,"127, CHARLES DE GAULLE (",,,Plein jour,En agglomération,Hors intersection,Normale,Deux véhicules - côté,,,,,,,,,,,1,2,1,1,3
200800023003,0008-03-11 07:40:00,8,3,11,7,40,920,51,"32, ROULE (AVENUE DU, N°",,,Plein jour,En agglomération,Hors intersection,Normale,Deux véhicules - arrière,,,,,,,,,,,1,2,1,1,2
200800023004,0008-03-12 15:00:00,8,3,12,15,0,920,51,CHARLES DE GAULLE (AVENU,,,Plein jour,En agglomération,Hors intersection,Normale,Deux véhicules - arrière,,,,,,,,,,,1,2,1,1,2
200800023005,0008-03-23 11:50:00,8,3,23,11,50,920,51,"28, CHARLES DE GAULLE (A",,,Plein jour,En agglomération,Hors intersection,Normale,Deux véhicules - côté,,,,,,,,,,,1,2,1,1,3
200800023006,0008-03-21 15:00:00,8,3,21,15,0,920,51,"28, MADRID (AVENUE DE)",,,Plein jour,En agglomération,Hors intersection,Pluie légère,Autre collision,,,,,,,,,,,1,2,1,2,6
200800023007,0008-03-28 08:40:00,8,3,28,8,40,920,51,"141, INKERMANN (BOULEVAR",,,Plein jour,En agglomération,Hors intersection,Normale,Autre collision,,,,,,,,,,,1,2,1,1,6
200800023008,0008-03-18 13:20:00,8,3,18,13,20,920,51,"13/15, INKERMANN (BOULEV",,,Plein jour,En agglomération,Hors intersection,Normale,Autre collision,,,,,,,,,,,1,2,1,1,6
200800023009,0008-04-01 21:05:00,8,4,1,21,5,920,51,"123, CHARLES DE GAULLE (",,,Nuit avec éclairage allumé,En agglomération,Hors intersection,Normale,Deux véhicules - arrière,,,,,,,,,,,5,2,1,1,2
200800023010,0008-04-04 17:55:00,8,4,4,17,55,920,51,"50 BIS, CHARLES DE GAULL",,,Plein jour,En agglomération,Hors intersection,Normale,Deux véhicules - côté,,,,,,,,,,,1,2,1,1,3
200800023011,0008-04-04 21:14:00,8,4,4,21,14,920,51,"62 bis, CHARLES DE GAULL",,,Nuit avec éclairage allumé,En agglomération,Hors intersection,Normale,Deux véhicules - côté,,,,,,,,,,,5,2,1,1,3
200800023012,0008-04-09 08:35:00,8,4,9,8,35,920,51,"192, CHARLES DE GAULLE (",,,Plein jour,En agglomération,Hors intersection,Normale,Autre collision,,,,,,,,,,,1,2,1,1,6
200800023013,0008-04-11 09:50:00,8,4,11,9,50,920,51,"86, CHARLES DE GAULLE (A",,,Plein jour,En agglomération,Hors intersection,Normale,Deux véhicules - côté,,,,,,,,,,,1,2,1,1,3
200800023014,0008-03-29 18:00:00,8,3,29,18,0,920,51,"30, ROULE (AVENUE DU, N°",,,Plein jour,En agglomération,Hors intersection,Normale,Trois véhicules et plus - collisions multiples,,,,,,,,,,,1,2,1,1,5
200800023015,0008-03-19 12:20:00,8,3,19,12,20,920,51,YBRY (RUE),,,Plein jour,En agglomération,Intersection en X,Normale,Autre collision,,,,,,,,,,,1,2,2,1,6
200800023016,0008-04-29 12:00:00,8,4,29,12,0,920,51,"68, CHARLES DE GAULLE (A",,,Plein jour,En agglomération,Hors intersection,Normale,Deux véhicules - arrière,,,,,,,,,,,1,2,1,1,2
200800023017,0008-03-17 12:10:00,8,3,17,12,10,930,7,LECOQ (RUE),,,Plein jour,En agglomération,Passage à niveau,Normale,Autre collision,,,,,,,,,,,1,2,8,1,6
200800023018,0008-03-17 16:20:00,8,3,17,16,20,930,7,"25, ARISTIDE BRIAND (AVE",,,Plein jour,En agglomération,Hors intersection,Normale,Autre collision,,,,,,,,,,,1,2,1,1,6
200800023019,0008-03-18 08:32:00,8,3,18,8,32,930,7,"0.00, ""PAUL VAILLANT COU",,,Plein jour,En agglomération,Hors intersection,Normale,Autre collision,,,,,,,,,,,1,2,1,1,6
200800023020,0008-04-13 23:10:00,8,4,13,23,10,930,7,8 MAI 45 (AVENUE DU 184,,,Nuit avec éclairage allumé,En agglomération,Intersection en T,Pluie forte,Deux véhicules - côté,,,,,,,,,,,5,2,3,3,3
200800023021,0008-04-16 18:30:00,8,4,16,18,30,930,7,CASANOVA (AVENUE),,,Plein jour,En agglomération,Hors intersection,Normale,Autre collision,,,,,,,,,,,1,2,1,1,6
200800023022,0008-04-16 20:40:00,8,4,16,20,40,930,7,"""PAUL VAILLANT COUTURIER",,,Plein jour,En agglomération,Intersection en T,Normale,Sans collision,,,,,,,,,,,1,2,3,1,7
200800023023,0008-04-17 15:55:00,8,4,17,15,55,930,7,PASTEUR (AVENUE),,,Plein jour,En agglomération,Hors intersection,Normale,Autre collision,,,,,,,,,,,1,2,1,1,6
200800023024,0008-04-18 08:30:00,8,4,18,8,30,930,7,"33, CHARLES FLOQUET (AVE",,,Plein jour,En agglomération,Hors intersection,Pluie légère,Deux véhicules - frontale,,,,,,,,,,,1,2,1,2,1
200800023025,0008-04-22 15:50:00,8,4,22,15,50,930,7,"88, ARISTIDE BRIAND",,,Plein jour,En agglomération,Intersection en T,Normale,Deux véhicules - côté,,,,,,,,,,,1,2,3,1,3
200800023026,0008-01-07 20:20:00,8,1,7,20,20,930,29,GARIBALDI (AVENUE) N°,,,Nuit avec éclairage allumé,En agglomération,Hors intersection,Normale,Deux véhicules - arrière,,,,,,,,,,,5,2,1,1,2
200800023027,0008-01-08 10:15:00,8,1,8,10,15,930,29,"06, REPUBLIQUE (DE LA) N",,,Plein jour,En agglomération,Intersection en T,Normale,Deux véhicules - côté,,,,,,,,,,,1,2,3,1,3
200800023028,0008-01-15 06:50:00,8,1,15,6,50,930,29,"60, RIBOT",,,Nuit avec éclairage allumé,En agglomération,Intersection en T,Normale,Deux véhicules - côté,,,,,,,,,,,5,2,3,1,3
200800023029,0008-01-16 16:50:00,8,1,16,16,50,930,29,REPIQUET (ROND-POINT),,,Plein jour,En agglomération,Hors intersection,Normale,Deux véhicules - arrière,,,,,,,,,,,1,2,1,1,2
200800023030,0008-01-22 17:00:00,8,1,22,17,0,930,29,CHEMIN DES DAMES (DU),,,Plein jour,En agglomération,Intersection en T,Normale,Autre collision,,,,,,,,,,,1,2,3,1,6
200800023031,0008-01-24 11:20:00,8,1,24,11,20,930,29,"80, SAINT-STENAY",,,Plein jour,En agglomération,Hors intersection,Normale,Sans collision,,,,,,,,,,,1,2,1,1,7
200800023032,0008-01-30 12:00:00,8,1,30,12,0,930,29,"80, SAINT-STENAY",,,Plein jour,En agglomération,Hors intersection,Normale,Autre collision,,,,,,,,,,,1,2,1,1,6
200800023033,0008-02-05 13:07:00,8,2,5,13,7,930,29,"62, ROGER SALENGRO N° 02",,,Plein jour,En agglomération,Hors intersection,Normale,Autre collision,,,,,,,,,,,1,2,1,1,6
200800023034,0008-02-14 16:20:00,8,2,14,16,20,930,29,"78, JEAN JAURES (AVENUE)",,,Plein jour,En agglomération,Hors intersection,Normale,Autre collision,,,,,,,,,,,1,2,1,1,6
200800023035,0008-02-16 01:35:00,8,2,16,1,35,930,29,"22, MARCEAU (AVENUE) N°",,,Nuit avec éclairage allumé,En agglomération,Hors intersection,Normale,Deux véhicules - arrière,,,,,,,,,,,5,2,1,1,2
200800023036,0008-02-18 11:35:00,8,2,18,11,35,930,29,MOZART,,,Plein jour,En agglomération,Intersection en Y,Normale,Deux véhicules - côté,,,,,,,,,,,1,2,4,1,3
200800023037,0008-02-18 16:38:00,8,2,18,16,38,930,29,"186, JEAN JAURES (AVENUE",,,Plein jour,En agglomération,Hors intersection,Normale,Autre collision,,,,,,,,,,,1,2,1,1,6
200800023038,0008-02-24 11:29:00,8,2,24,11,29,930,29,JEAN JAURES (AVENUE),,,Plein jour,En agglomération,Intersection en T,Normale,Autre collision,,,,,,,,,,,1,2,3,1,6
200800023039,0008-02-26 11:55:00,8,2,26,11,55,930,29,ROUGET DE LISLE N° 89-FI,,,Plein jour,En agglomération,Intersection en X,Normale,Deux véhicules - côté,,,,,,,,,,,1,2,2,1,3
200800023040,0008-02-26 16:40:00,8,2,26,16,40,930,29,SADI CARNOT,,,Plein jour,En agglomération,Hors intersection,Normale,Autre collision,,,,,,,,,,,1,2,1,1,6
200800023041,0008-02-27 21:45:00,8,2,27,21,45,930,29,"121, HENRI BARBUSSE (AVE",,,Nuit avec éclairage allumé,En agglomération,Hors intersection,Normale,Deux véhicules - côté,,,,,,,,,,,5,2,1,1,3
200800023042,0008-02-29 20:20:00,8,2,29,20,20,930,29,"80, SAINT-STENAY",,,Nuit avec éclairage allumé,En agglomération,Hors intersection,Normale,Autre collision,,,,,,,,,,,5,2,1,1,6
200800023043,0008-03-08 19:45:00,8,3,8,19,45,930,29,"68, HENRI BARBUSSE (AVE)",,,Nuit avec éclairage allumé,En agglomération,Intersection en T,Normale,Deux véhicules - côté,,,,,,,,,,,5,2,3,1,3
200800023044,0008-03-10 09:15:00,8,3,10,9,15,930,29,"36, JEAN-BAPTISTE LEGEND",,,Plein jour,En agglomération,Hors intersection,Normale,Deux véhicules - arrière,,,,,,,,,,,1,2,1,1,2
200800023045,0008-03-11 18:05:00,8,3,11,18,5,930,29,"155, HENRI BARBUSSE (AVE",,,Plein jour,En agglomération,Hors intersection,Normale,Autre collision,,,,,,,,,,,1,2,1,1,6
200800023046,0008-03-14 16:30:00,8,3,14,16,30,930,29,"0, STALINGRAD (DE)",,,Plein jour,En agglomération,Intersection en T,Normale,Deux véhicules - côté,,,,,,,,,,,1,2,3,1,3
200800023047,0008-03-25 12:00:00,8,3,25,12,0,930,29,"06, ANATOLE FRANCE",,,Plein jour,En agglomération,Hors intersection,Normale,Deux véhicules - arrière,,,,,,,,,,,1,2,1,1,2
200800023048,0008-03-28 11:50:00,8,3,28,11,50,930,29,"123, HENRI BARBUSSE (AVE",,,Plein jour,En agglomération,Hors intersection,Normale,Autre collision,,,,,,,,,,,1,2,1,1,6
200800023049,0008-03-28 13:37:00,8,3,28,13,37,930,29,DIX NEUF MARS 1962 (PLAC,,,Plein jour,En agglomération,Intersection en X,Normale,Deux véhicules - arrière,,,,,,,,,,,1,2,2,1,2
200800023050,0008-04-05 22:35:00,8,4,5,22,35,930,29,"13, DIDEROT",,,Nuit avec éclairage non allumé,En agglomération,Hors intersection,Normale,Autre collision,,,,,,,,,,,4,2,1,1,6
200800023051,0008-04-20 21:10:00,8,4,20,21,10,930,29,"06, BOUVREUILS (ALLEES D",,,Nuit avec éclairage allumé,En agglomération,Hors intersection,Normale,Autre collision,,,,,,,,,,,5,2,1,1,6
200800023052,0008-04-21 12:50:00,8,4,21,12,50,930,29,"25, JEAN JAURES (AVENUE)",,,Plein jour,En agglomération,Hors intersection,Normale,Autre collision,,,,,,,,,,,1,2,1,1,6
200800023053,0008-04-23 22:10:00,8,4,23,22,10,930,29,"25, CHEVALIER DE LA BARR",,,Nuit avec éclairage allumé,En agglomération,Hors intersection,Normale,Autre collision,,,,,,,,,,,5,2,1,1,6
200800023054,0008-04-29 12:40:00,8,4,29,12,40,930,29,ANATOLE FRANCE,,,Plein jour,En agglomération,Hors intersection,Normale,Autre collision,,,,,,,,,,,1,2,1,1,6
200800023055,0008-04-01 10:20:00,8,4,1,10,20,930,53,BREMENT (RUE DE) 109 A 2,,,Plein jour,En agglomération,Intersection à plus de 4 branches,Normale,Deux véhicules - côté,,,,,,,,,,,1,2,5,1,3
200800023056,0008-04-05 00:35:00,8,4,5,0,35,930,53,"1, MANSART (ALLEE)",,,Nuit avec éclairage allumé,En agglomération,Hors intersection,Autre,Sans collision,,,,,,,,,,,5,2,1,9,7
200800023057,0008-04-10 15:55:00,8,4,10,15,55,930,53,MICHELET (BLD) N° 82 A 1,,,Plein jour,En agglomération,Intersection en T,Normale,Autre collision,,,,,,,,,,,1,2,3,1,6
200800023058,0008-04-15 08:45:00,8,4,15,8,45,930,53,"98, DHUYS (RUE DE LA)",,,Plein jour,En agglomération,Hors intersection,Normale,Deux véhicules - côté,,,,,,,,,,,1,2,1,1,3
200800023059,0008-04-16 12:30:00,8,4,16,12,30,930,53,"63, JEAN JAURES (RUE)",,,Plein jour,En agglomération,Intersection en Y,Normale,Autre collision,,,,,,,,,,,1,2,4,1,6
200800023060,0008-04-16 14:30:00,8,4,16,14,30,930,53,"140, PARIS (RUE DE)",,,Plein jour,En agglomération,Autre intersection,Normale,Deux véhicules - côté,,,,,,,,,,,1,2,9,1,3
200800023061,0008-04-24 15:35:00,8,4,24,15,35,930,53,PARIS (RUE DE),,,Plein jour,En agglomération,Hors intersection,Normale,Deux véhicules - côté,,,,,,,,,,,1,2,1,1,3
200800023062,0008-01-22 08:35:00,8,1,22,8,35,930,66,SIQUEIROS DAVID,,,Crépuscule ou aube,En agglomération,Hors intersection,Normale,Autre collision,,,,,,,,,,,2,2,1,1,6
200800023063,0008-01-23 20:00:00,8,1,23,20,0,930,66,"""SEMBAT MARCEL (BD), NR",,,Nuit avec éclairage allumé,En agglomération,Hors intersection,Normale,Autre collision,,,,,,,,,,,5,2,1,1,6
200800023064,0008-01-24 20:45:00,8,1,24,20,45,930,66,"""STALINGRAD (AVENUE), NR",,,Nuit avec éclairage allumé,En agglomération,Intersection en X,Pluie légère,Deux véhicules - côté,,,,,,,,,,,5,2,2,2,3
200800023065,0008-01-25 09:50:00,8,1,25,9,50,930,66,"""BARBUSSE HENRI, NR 2 A",,,Plein jour,En agglomération,Hors intersection,Normale,Autre collision,,,,,,,,,,,1,2,1,1,6
200800023066,0008-01-26 06:00:00,8,1,26,6,0,930,66,COURNEUVE (ROUTE),,,Crépuscule ou aube,Hors agglomération,Hors intersection,Normale,Autre collision,,,,,,,,,,,2,1,1,1,6
200800023067,0008-01-27 00:55:00,8,1,27,0,55,930,66,FRANCE ANATOLE ENTREE A8,,,Nuit avec éclairage allumé,Hors agglomération,Hors intersection,Normale,Deux véhicules - côté,,,,,,,,,,,5,1,1,1,3
200800023068,0008-01-30 17:10:00,8,1,30,17,10,930,66,"96, FRANCE ANATOLE (BOUL",,,Plein jour,Hors agglomération,Hors intersection,Normale,Deux véhicules - côté,,,,,,,,,,,1,1,1,1,3
200800023069,0008-01-03 00:30:00,8,1,3,0,30,930,70,"137, GABRIEL-PERI (AV)",,,Nuit avec éclairage allumé,En agglomération,Hors intersection,Normale,Autre collision,,,,,,,,,,,5,2,1,1,6
200800023070,0008-01-11 18:50:00,8,1,11,18,50,930,70,"38, CAPITAINE-GLARNER (A",,,Nuit avec éclairage allumé,Hors agglomération,Hors intersection,Pluie légère,Autre collision,,,,,,,,,,,5,1,1,2,6
200800023071,0008-01-11 19:50:00,8,1,11,19,50,930,70,"15, DOCTEUR BAUER(RUE DU",,,Nuit avec éclairage allumé,En agglomération,Hors intersection,Pluie légère,Deux véhicules - arrière,,,,,,,,,,,5,2,1,2,2
200800023072,0008-01-16 08:15:00,8,1,16,8,15,930,70,BIRON (RUE),,,Plein jour,En agglomération,Hors intersection,Temps couvert,Deux véhicules - frontale,,,,,,,,,,,1,2,1,8,1
200800023073,0008-01-19 19:55:00,8,1,19,19,55,930,70,SEINE (QUAI DE),,,Nuit sans éclairage public,En agglomération,Hors intersection,Normale,Autre collision,,,,,,,,,,,3,2,1,1,6
200800023074,0008-01-21 13:30:00,8,1,21,13,30,930,70,"43, CHARLES SCHMIDT(RUE)",,,Plein jour,En agglomération,Autre intersection,Normale,Autre collision,,,,,,,,,,,1,2,9,1,6
200800023075,0008-02-02 00:15:00,8,2,2,0,15,930,70,"36, SEINE (QUAI DE)",,,Nuit avec éclairage allumé,En agglomération,Hors intersection,Pluie légère,Deux véhicules - arrière,,,,,,,,,,,5,2,1,2,2
200800023076,0008-02-04 12:35:00,8,2,4,12,35,930,70,", VICTOR-HUGO (BD)",,,Plein jour,En agglomération,Hors intersection,Pluie légère,Autre collision,,,,,,,,,,,1,2,1,2,6
200800023077,0008-02-12 21:05:00,8,2,12,21,5,930,70,"92, MICHELET(AV):N°1AU 1",,,Nuit avec éclairage allumé,En agglomération,Hors intersection,Normale,Deux véhicules - arrière,,,,,,,,,,,5,2,1,1,2
200800023078,0008-02-16 19:00:00,8,2,16,19,0,930,70,"23, JEAN-JAURES (BD)",,,Nuit avec éclairage allumé,En agglomération,Intersection en T,Normale,Deux véhicules - côté,,,,,,,,,,,5,2,3,1,3
200800023079,0008-03-21 13:10:00,8,3,21,13,10,930,70,"72, MICHELET(AV):N°1AU 1",,,Plein jour,En agglomération,Hors intersection,Pluie forte,Deux véhicules - côté,,,,,,,,,,,1,2,1,3,3
200800023080,0008-03-28 21:00:00,8,3,28,21,0,930,70,ALBERT-DHALENNE (RUE),,,Nuit avec éclairage allumé,En agglomération,Hors intersection,Pluie légère,Deux véhicules - côté,,,,,,,,,,,5,2,1,2,3
200800023081,0008-04-10 16:47:00,8,4,10,16,47,930,70,"80, DOCTEUR BAUER(RUE DU",,,Plein jour,En agglomération,Hors intersection,Normale,Autre collision,,,,,,,,,,,1,2,1,1,6
200800023082,0008-04-16 11:00:00,8,4,16,11,0,930,70,"19, MICHELET(AV):N°1AU 1",,,Plein jour,En agglomération,Hors intersection,Normale,Trois véhicules et plus - collisions multiples,,,,,,,,,,,1,2,1,1,5
200800023083,0008-04-20 17:50:00,8,4,20,17,50,930,70,"136, MICHELET (AVE) : DU",,,Plein jour,En agglomération,Hors intersection,Normale,Deux véhicules - côté,,,,,,,,,,,1,2,1,1,3
200800023084,0008-04-29 19:20:00,8,4,29,19,20,930,70,"30, CAPITAINE-GLARNER (A",,,Plein jour,Hors agglomération,Hors intersection,Pluie légère,Deux véhicules - arrière,,,,,,,,,,,1,1,1,2,2