accident_id,datetime,annee,mois,jour,heure,minute,departement,commune_insee,adresse,latitude,longitude,luminosite,agglomeration,intersection,meteo,collision,nb_vehicules,nb_usagers,nb_indemnes,nb_tues,nb_blesses_hosp,nb_blesses_legers,age_cond_1,age_cond_2,veh_type_cond_1,veh_type_cond_2,lum_code,agg_code,int_code,atm_code,col_code
200800023486,0008-05-10 09:20:00,8,5,10,9,20,130,55,"164, PLOMBIERES (BOULEVA",,,Plein jour,En agglomération,Hors intersection,Normale,Deux véhicules - arrière,,,,,,,,,,,1,2,1,1,2
200800023487,0008-05-01 15:15:00,8,5,1,15,15,130,55,FRAIS VALLON (AVENUE),,,Plein jour,En agglomération,Hors intersection,Normale,Autre collision,,,,,,,,,,,1,2,1,1,6
200800023488,0008-05-09 19:30:00,8,5,9,19,30,130,55,ROSE (AVENUE DE LA),,,Crépuscule ou aube,En agglomération,Hors intersection,Normale,Deux véhicules - côté,,,,,,,,,,,2,2,1,1,3
200800023489,0008-05-04 10:35:00,8,5,4,10,35,130,55,ROVE (ROUTE DU),,,Plein jour,En agglomération,Hors intersection,Normale,Deux véhicules - frontale,,,,,,,,,,,1,2,1,1,1
200800023490,0008-05-19 21:00:00,8,5,19,21,0,130,55,"198, LIBERATION (BOULEVA",,,Nuit avec éclairage allumé,En agglomération,Intersection en T,Pluie légère,Deux véhicules - frontale,,,,,,,,,,,5,2,3,2,1
200800023491,0008-05-26 17:30:00,8,5,26,17,30,130,55,MADRAGUE VILLE (RUE),,,Plein jour,En agglomération,Hors intersection,Normale,Autre collision,,,,,,,,,,,1,2,1,1,6
200800023492,0008-05-19 13:00:00,8,5,19,13,0,130,55,"384, PRADO (AVENUE)",,,Plein jour,En agglomération,Hors intersection,Normale,Deux véhicules - arrière,,,,,,,,,,,1,2,1,1,2
200800023493,0008-05-20 19:50:00,8,5,20,19,50,130,55,"151, MONTOLIVET (AVENUE",,,Plein jour,En agglomération,Hors intersection,Normale,Deux véhicules - côté,,,,,,,,,,,1,2,1,1,3
200800023494,0008-05-20 13:40:00,8,5,20,13,40,130,55,"118, AIGUILLETTE (RUE DE",,,Plein jour,En agglomération,Hors intersection,Normale,Deux véhicules - arrière,,,,,,,,,,,1,2,1,1,2
200800023495,0008-05-21 13:15:00,8,5,21,13,15,130,55,SCHLOESING (BOULEVARD),,,Plein jour,En agglomération,Hors intersection,Normale,Deux véhicules - côté,,,,,,,,,,,1,2,1,1,3
200800023496,0008-05-09 12:50:00,8,5,9,12,50,130,55,CAMOINS ((RUE LES),,,Plein jour,En agglomération,Intersection en X,Normale,Deux véhicules - côté,,,,,,,,,,,1,2,2,1,3
200800023497,0008-05-20 09:45:00,8,5,20,9,45,130,55,"273, PIERRE DOIZE  (RUE)",,,Plein jour,En agglomération,Hors intersection,Normale,Autre collision,,,,,,,,,,,1,2,1,1,6
200800023498,0008-05-25 15:15:00,8,5,25,15,15,130,55,"397, CORNICHE KENNEDY",,,Plein jour,En agglomération,Hors intersection,Pluie légère,Deux véhicules - arrière,,,,,,,,,,,1,2,1,2,2
200800023499,0008-05-02 19:20:00,8,5,2,19,20,130,55,MENDES FRANCE (AVENUE),,,Plein jour,En agglomération,Hors intersection,Normale,Deux véhicules - côté,,,,,,,,,,,1,2,1,1,3
200800023500,0008-05-23 16:00:00,8,5,23,16,0,130,55,AYGALADES (AVENUE DES),,,Plein jour,En agglomération,Hors intersection,Normale,Deux véhicules - côté,,,,,,,,,,,1,2,1,1,3
200800023501,0008-05-24 11:40:00,8,5,24,11,40,130,55,"292, SAINT ANTOINE (AVEN",,,Plein jour,En agglomération,Hors intersection,Normale,Deux véhicules - côté,,,,,,,,,,,1,2,1,1,3
200800023502,0008-05-25 15:45:00,8,5,25,15,45,130,55,BOURRELY (CHEMIN DES),,,Plein jour,En agglomération,Hors intersection,Pluie légère,Deux véhicules - côté,,,,,,,,,,,1,2,1,2,3
200800023503,0008-05-20 21:00:00,8,5,20,21,0,130,55,SAINT JOSEPH (CHEMIN DE),,,Nuit avec éclairage allumé,En agglomération,Intersection en X,Normale,Deux véhicules - côté,,,,,,,,,,,5,2,2,1,3
200800023504,0008-05-23 17:30:00,8,5,23,17,30,130,55,"344, POILUS (AVENUE DES)",,,Plein jour,En agglomération,Hors intersection,Normale,Deux véhicules - côté,,,,,,,,,,,1,2,1,1,3
200800023505,0008-05-15 11:00:00,8,5,15,11,0,130,55,"81, OLIVES (AVENUE DES)",,,Plein jour,En agglomération,Hors intersection,Normale,Deux véhicules - côté,,,,,,,,,,,1,2,1,1,3
200800023506,0008-05-12 14:50:00,8,5,12,14,50,130,55,"40, LÉON GAMBETTA (ALLEE",,,Plein jour,En agglomération,Hors intersection,Normale,Deux véhicules - côté,,,,,,,,,,,1,2,1,1,3
200800023507,0008-05-15 11:45:00,8,5,15,11,45,130,55,CORSE (AVENUE DE LA),,,Plein jour,En agglomération,Intersection en X,Normale,Autre collision,,,,,,,,,,,1,2,2,1,6
200800023508,0008-05-08 18:50:00,8,5,8,18,50,130,55,"391, CORNICHE KENNEDY",,,Plein jour,En agglomération,Hors intersection,Normale,Deux véhicules - côté,,,,,,,,,,,1,2,1,1,3
200800023509,0008-05-05 12:40:00,8,5,5,12,40,130,55,FERRARI (RUE),,,Plein jour,En agglomération,Intersection en X,Normale,Autre collision,,,,,,,,,,,1,2,2,1,6
200800023510,0008-05-15 14:50:00,8,5,15,14,50,130,55,"3, CORSE (AVENUE DE LA)",,,Plein jour,En agglomération,Intersection en T,Normale,Autre collision,,,,,,,,,,,1,2,3,1,6
200800023511,0008-05-24 09:45:00,8,5,24,9,45,130,75,"4, CATHERINETTES (RUE DE",,,Plein jour,En agglomération,Intersection en T,Normale,Deux véhicules - frontale,,,,,,,,,,,1,2,3,1,1
200800023512,0008-05-26 22:00:00,8,5,26,22,0,130,55,LANCIER (CHEMIN DU),,,Nuit avec éclairage allumé,En agglomération,Giratoire,Normale,Deux véhicules - côté,,,,,,,,,,,5,2,6,1,3
200800023513,0008-05-02 09:46:00,8,5,2,9,46,130,55,"27, FRANCOISE DUPARC (BO",,,Plein jour,En agglomération,Hors intersection,Normale,Autre collision,,,,,,,,,,,1,2,1,1,6
200800023514,0008-05-02 07:45:00,8,5,2,7,45,130,2,RUE GERMINAL (RUE),,,Plein jour,En agglomération,Hors intersection,Normale,Deux véhicules - frontale,,,,,,,,,,,1,2,1,1,1
200800023515,0008-05-18 03:00:00,8,5,18,3,0,130,55,"1, LONGCHAMP (BOULEVARD)",,,Nuit avec éclairage allumé,En agglomération,Hors intersection,Normale,Autre collision,,,,,,,,,,,5,2,1,1,6
200800023516,0008-05-23 11:10:00,8,5,23,11,10,130,55,CAILLOLS (AVENUE DES),,,Plein jour,En agglomération,Intersection en T,Normale,Sans collision,,,,,,,,,,,1,2,3,1,7
200800023517,0008-05-23 09:15:00,8,5,23,9,15,130,55,"587, PRADO (AVENUE)",,,Plein jour,En agglomération,Hors intersection,Normale,Deux véhicules - côté,,,,,,,,,,,1,2,1,1,3
200800023518,0008-05-22 18:40:00,8,5,22,18,40,130,55,MICHELET (BOULEVARD),,,Plein jour,En agglomération,Intersection en T,Normale,Deux véhicules - côté,,,,,,,,,,,1,2,3,1,3
200800023519,0008-05-21 13:45:00,8,5,21,13,45,130,55,"71, MICHELET (BOULEVARD)",,,Plein jour,En agglomération,Hors intersection,Normale,Deux véhicules - côté,,,,,,,,,,,1,2,1,1,3
200800023520,0008-05-17 13:00:00,8,5,17,13,0,130,55,"10, VAL DES BOI (TRAVERS",,,Plein jour,En agglomération,Hors intersection,Normale,Autre collision,,,,,,,,,,,1,2,1,1,6
200800023521,0008-05-10 14:00:00,8,5,10,14,0,130,55,JEAN JAURES (PLACE),,,Plein jour,En agglomération,Place,Normale,Autre collision,,,,,,,,,,,1,2,7,1,6
200800023522,0008-05-05 18:55:00,8,5,5,18,55,130,55,GARIBALDI (BOULEVARD) N°,,,Plein jour,En agglomération,Hors intersection,Normale,Deux véhicules - côté,,,,,,,,,,,1,2,1,1,3
200800023523,0008-05-20 16:05:00,8,5,20,16,5,130,55,"60, VOLTAIRE    PAIRS (B",,,Plein jour,En agglomération,Intersection en X,Normale,Deux véhicules - frontale,,,,,,,,,,,1,2,2,1,1
200800023524,0008-05-07 18:45:00,8,5,7,18,45,130,55,"47, ROME (RUE DE)",,,Plein jour,En agglomération,Intersection en X,Normale,Deux véhicules - côté,,,,,,,,,,,1,2,2,1,3
200800023525,0008-05-22 08:15:00,8,5,22,8,15,130,55,"63, CANEBIERE     1 A 79",,,Plein jour,En agglomération,Hors intersection,Normale,Sans collision,,,,,,,,,,,1,2,1,1,7
200800023526,0008-05-21 20:15:00,8,5,21,20,15,130,55,"282, MIREILLE LAUZE (BOU",,,Plein jour,En agglomération,Hors intersection,Autre,Autre collision,,,,,,,,,,,1,2,1,9,6
200800023527,0008-05-13 08:00:00,8,5,13,8,0,130,55,"7, JEAN MARTIN (RUE)",,,Plein jour,En agglomération,Hors intersection,Pluie légère,Autre collision,,,,,,,,,,,1,2,1,2,6
200800023528,0008-05-20 14:50:00,8,5,20,14,50,130,55,"43, MORGIOU (CHEMIN DE)",,,Plein jour,En agglomération,Hors intersection,Normale,Autre collision,,,,,,,,,,,1,2,1,1,6
200800023529,0008-05-16 21:25:00,8,5,16,21,25,130,55,"112, WILLIAM BOOTH (AVEN",,,Nuit avec éclairage allumé,En agglomération,Hors intersection,Normale,Deux véhicules - côté,,,,,,,,,,,5,2,1,1,3
200800023530,0008-05-22 11:30:00,8,5,22,11,30,130,55,"439, PARADIS (RUE)",,,Plein jour,En agglomération,Hors intersection,Normale,Autre collision,,,,,,,,,,,1,2,1,1,6
200800023531,0008-05-22 19:20:00,8,5,22,19,20,130,55,LITTORAL (CHEMIN DU),,,Plein jour,En agglomération,Intersection en Y,Normale,Deux véhicules - côté,,,,,,,,,,,1,2,4,1,3
200800023532,0008-05-28 19:20:00,8,5,28,19,20,130,55,"227, PLOMBIERES (BOULEVA",,,Plein jour,En agglomération,Hors intersection,Temps couvert,Deux véhicules - côté,,,,,,,,,,,1,2,1,8,3
200800023533,0008-05-29 18:25:00,8,5,29,18,25,130,55,CRAU (RUE DE LA),,,Plein jour,En agglomération,Intersection en T,Temps couvert,Trois véhicules et plus - collisions multiples,,,,,,,,,,,1,2,3,8,5
200800023534,0008-05-26 17:40:00,8,5,26,17,40,130,55,MADRAGUE VILLE (RUE),,,Plein jour,Hors agglomération,Hors intersection,Normale,Autre collision,,,,,,,,,,,1,1,1,1,6
200800023535,0008-05-15 17:00:00,8,5,15,17,0,130,55,COROT (AVENUE),,,Plein jour,En agglomération,Hors intersection,Normale,Deux véhicules - côté,,,,,,,,,,,1,2,1,1,3
200800023536,0008-05-07 14:40:00,8,5,7,14,40,130,55,MENDES FRANCE (AVENUE),,,Plein jour,En agglomération,Hors intersection,Normale,Deux véhicules - côté,,,,,,,,,,,1,2,1,1,3
200800023537,0008-05-20 14:15:00,8,5,20,14,15,130,55,CORNICHE KENNEDY,,,Plein jour,En agglomération,Intersection en T,Normale,Deux véhicules - côté,,,,,,,,,,,1,2,3,1,3
200800023538,0008-05-24 22:05:00,8,5,24,22,5,130,55,"1, CAPUCINES (PLACE DES)",,,Nuit avec éclairage allumé,En agglomération,Hors intersection,Normale,Autre collision,,,,,,,,,,,5,2,1,1,6
200800023539,0008-05-24 22:00:00,8,5,24,22,0,130,55,"144, CANEBIERE     70 A",,,Nuit avec éclairage allumé,En agglomération,Hors intersection,Normale,Autre collision,,,,,,,,,,,5,2,1,1,6
200800023540,0008-05-14 09:30:00,8,5,14,9,30,130,55,", SAINTE JULIE (AVENUE D",,,Plein jour,En agglomération,Hors intersection,Normale,Autre collision,,,,,,,,,,,1,2,1,1,6
200800023541,0008-05-13 17:10:00,8,5,13,17,10,130,55,"243, POILUS (AVENUE DES)",,,Plein jour,En agglomération,Hors intersection,Normale,Autre collision,,,,,,,,,,,1,2,1,1,6
200800023542,0008-05-27 17:05:00,8,5,27,17,5,130,55,"56, MICHELET (BOULEVARD)",,,Plein jour,En agglomération,Hors intersection,Normale,Deux véhicules - côté,,,,,,,,,,,1,2,1,1,3
200800023543,0008-05-19 11:50:00,8,5,19,11,50,130,55,"46, CARTONNERIE (BOULEVA",,,Plein jour,En agglomération,Hors intersection,Normale,Deux véhicules - côté,,,,,,,,,,,1,2,1,1,3
200800023544,0008-05-13 07:50:00,8,5,13,7,50,130,2,PROVENCE (AVENUE DE),,,Plein jour,En agglomération,Hors intersection,Normale,Deux véhicules - côté,,,,,,,,,,,1,2,1,1,3
200800023545,0008-05-24 23:00:00,8,5,24,23,0,130,55,"409, MICHELET (BOULEVARD",,,Nuit avec éclairage allumé,En agglomération,Hors intersection,Pluie légère,Sans collision,,,,,,,,,,,5,2,1,2,7
200800023546,0008-05-27 12:00:00,8,5,27,12,0,130,55,AUGUSTIN AUBERT (RUE),,,Plein jour,En agglomération,Hors intersection,Temps couvert,Deux véhicules - arrière,,,,,,,,,,,1,2,1,8,2
200800023547,0008-05-28 09:15:00,8,5,28,9,15,130,55,JEAN LOMBARD (AVENUE),,,Plein jour,En agglomération,Intersection en T,Normale,Deux véhicules - côté,,,,,,,,,,,1,2,3,1,3
200800023548,0008-05-28 09:30:00,8,5,28,9,30,130,55,FRANÇOISE DUPARC (BOULEV,,,Plein jour,En agglomération,Autre intersection,Normale,Autre collision,,,,,,,,,,,1,2,9,1,6
200800023549,0008-05-07 18:40:00,8,5,7,18,40,130,55,SAINT LOUIS (AVENUE DE),,,Plein jour,En agglomération,Hors intersection,Normale,Deux véhicules - frontale,,,,,,,,,,,1,2,1,1,1
200800023550,0008-05-27 23:50:00,8,5,27,23,50,130,55,"55, CHATEAU GOMBERT (AVE",,,Nuit avec éclairage allumé,En agglomération,Hors intersection,Temps couvert,Deux véhicules - frontale,,,,,,,,,,,5,2,1,8,1
200800023551,0008-05-25 13:50:00,8,5,25,13,50,130,55,BACHAS (RUE DU),,,Plein jour,En agglomération,Hors intersection,Pluie légère,Autre collision,,,,,,,,,,,1,2,1,2,6
200800023552,0008-05-16 18:50:00,8,5,16,18,50,130,55,SALVADOR ALLENDE (RUE),,,Plein jour,En agglomération,Giratoire,Normale,Deux véhicules - côté,,,,,,,,,,,1,2,6,1,3
200800023553,0008-05-26 11:15:00,8,5,26,11,15,130,55,MAZARGUES (AVENUE DE),,,Plein jour,En agglomération,Autre intersection,Normale,Deux véhicules - arrière,,,,,,,,,,,1,2,9,1,2
200800023554,0008-05-10 19:00:00,8,5,10,19,0,130,55,"136, DANIEL CASANOVA (BO",,,Plein jour,En agglomération,Hors intersection,Normale,Deux véhicules - côté,,,,,,,,,,,1,2,1,1,3
200800023555,0008-05-18 08:00:00,8,5,18,8,0,130,55,LYON (RUE DE),,,Plein jour,En agglomération,Hors intersection,Normale,Sans collision,,,,,,,,,,,1,2,1,1,7
200800023556,0008-05-29 18:00:00,8,5,29,18,0,130,55,COMMANDEUR (TRAVERSE),,,Plein jour,En agglomération,Hors intersection,Temps couvert,Deux véhicules - côté,,,,,,,,,,,1,2,1,8,3
200800023557,0008-05-21 19:00:00,8,5,21,19,0,130,55,"40, DAMES (BOULEVARD DES",,,Plein jour,En agglomération,Hors intersection,Normale,Deux véhicules - arrière,,,,,,,,,,,1,2,1,1,2
200800023558,0008-05-28 21:15:00,8,5,28,21,15,130,55,"28, FUVEAU (RUE DE)",,,Nuit avec éclairage allumé,En agglomération,Intersection en T,Pluie forte,Autre collision,,,,,,,,,,,5,2,3,3,6
200800023559,0008-05-04 17:30:00,8,5,4,17,30,130,55,"04, ARENC (QUAI D')",,,Plein jour,En agglomération,Hors intersection,Normale,Deux véhicules - arrière,,,,,,,,,,,1,2,1,1,2
200800023560,0008-05-27 19:05:00,8,5,27,19,5,130,55,"48, ENCO DE BOT (ROUTE)",,,Plein jour,En agglomération,Hors intersection,Normale,Deux véhicules - côté,,,,,,,,,,,1,2,1,1,3
200800023561,0008-05-24 15:00:00,8,5,24,15,0,130,55,TIBOULEN (BOULEVARD DE),,,Plein jour,En agglomération,Hors intersection,Normale,Autre collision,,,,,,,,,,,1,2,1,1,6
200800023562,0008-05-24 04:35:00,8,5,24,4,35,130,55,AUGUSTIN AUBERT (RUE),,,Nuit avec éclairage allumé,En agglomération,Intersection à plus de 4 branches,Normale,Deux véhicules - côté,,,,,,,,,,,5,2,5,1,3
200800023563,0008-05-21 12:20:00,8,5,21,12,20,130,55,"571, MAZARGUES (AVENUE D",,,Plein jour,En agglomération,Hors intersection,Normale,Trois véhicules et plus - collisions multiples,,,,,,,,,,,1,2,1,1,5
200800023564,0008-05-27 13:30:00,8,5,27,13,30,130,55,ARENC (QUAI D'),,,Plein jour,En agglomération,Hors intersection,Normale,Deux véhicules - côté,,,,,,,,,,,1,2,1,1,3
200800023565,0008-05-27 18:30:00,8,5,27,18,30,130,55,"120, FÉLIX PYAT (RUE)",,,Plein jour,En agglomération,Hors intersection,Normale,Autre collision,,,,,,,,,,,1,2,1,1,6
200800023566,0008-05-25 14:45:00,8,5,25,14,45,130,55,DAMES (BOULEVARD DES),,,Plein jour,En agglomération,Intersection en T,Pluie légère,Deux véhicules - côté,,,,,,,,,,,1,2,3,2,3
200800023567,0008-05-15 12:40:00,8,5,15,12,40,130,55,"26, DANIEL CASANOVA (BOU",,,Plein jour,En agglomération,Hors intersection,Normale,Deux véhicules - côté,,,,,,,,,,,1,2,1,1,3
200800023568,0008-05-30 13:20:00,8,5,30,13,20,130,55,ALBERT EINSTEIN (RUE),,,Plein jour,En agglomération,Intersection en T,Normale,Deux véhicules - côté,,,,,,,,,,,1,2,3,1,3
200800023569,0008-05-20 07:30:00,8,5,20,7,30,130,55,"99, LOUBON (RUE)",,,Plein jour,En agglomération,Hors intersection,Normale,Trois véhicules et plus - collisions multiples,,,,,,,,,,,1,2,1,1,5
200800023570,0008-05-21 08:25:00,8,5,21,8,25,130,55,"153, WILLIAM BOOTH (AVEN",,,Plein jour,En agglomération,Hors intersection,Normale,Autre collision,,,,,,,,,,,1,2,1,1,6
200800023571,0008-05-30 17:10:00,8,5,30,17,10,130,55,ALEX. FLEMING (BOULEVARD,,,Plein jour,En agglomération,Hors intersection,Normale,Deux véhicules - côté,,,,,,,,,,,1,2,1,1,3
200800023572,0008-05-22 16:45:00,8,5,22,16,45,130,55,"15, PLOMBIERES (BOULEVAR",,,Plein jour,En agglomération,Hors intersection,Normale,Deux véhicules - côté,,,,,,,,,,,1,2,1,1,3
200800023573,0008-05-15 09:00:00,8,5,15,9,0,130,55,"1, SAINT MENET (AVENUE D",,,Plein jour,En agglomération,Hors intersection,Normale,Deux véhicules - frontale,,,,,,,,,,,1,2,1,1,1
200800023574,0008-05-28 09:31:00,8,5,28,9,31,130,55,MICHELET (BOULEVARD),,,Plein jour,Hors agglomération,Hors intersection,Normale,Autre collision,,,,,,,,,,,1,1,1,1,6
200800023575,0008-05-28 14:00:00,8,5,28,14,0,130,55,LOUISIANE (BOULEVARD DE),,,Plein jour,En agglomération,Intersection en Y,Normale,Deux véhicules - frontale,,,,,,,,,,,1,2,4,1,1
200800023576,0008-05-30 11:05:00,8,5,30,11,5,130,55,"103, SAINT LOUP (BOULEVA",,,Plein jour,En agglomération,Autre intersection,Normale,Sans collision,,,,,,,,,,,1,2,9,1,7
200800023577,0008-05-19 09:05:00,8,5,19,9,5,130,55,JEAN DE BERNARDY (RUE),,,Plein jour,En agglomération,Intersection en T,Normale,Autre collision,,,,,,,,,,,1,2,3,1,6
200800023578,0008-05-22 16:40:00,8,5,22,16,40,130,55,"26, COLBERT (RUE)    2 A",,,Plein jour,En agglomération,Intersection en T,Normale,Deux véhicules - côté,,,,,,,,,,,1,2,3,1,3
200800023579,0008-05-23 19:30:00,8,5,23,19,30,130,55,CONSOLAT (RUE)     47 A,,,Plein jour,En agglomération,Intersection en X,Normale,Trois véhicules et plus - collisions multiples,,,,,,,,,,,1,2,2,1,5
200800023580,0008-05-24 08:55:00,8,5,24,8,55,130,55,"263, CORNICHE KENNEDY",,,Plein jour,En agglomération,Hors intersection,Normale,Deux véhicules - arrière,,,,,,,,,,,1,2,1,1,2
200800023581,0008-05-28 18:30:00,8,5,28,18,30,130,55,"215, ROUCAS BLAN (CHEMIN",,,Nuit sans éclairage public,En agglomération,Hors intersection,Normale,Sans collision,,,,,,,,,,,3,2,1,1,7
200800023582,0008-05-16 11:30:00,8,5,16,11,30,130,55,"98, BRETEUIL (RUE)",,,Plein jour,En agglomération,Hors intersection,Pluie forte,Trois véhicules et plus - en chaîne,,,,,,,,,,,1,2,1,3,4
200800023583,0008-05-08 11:45:00,8,5,8,11,45,130,55,"33, CORSE (AVENUE DE LA)",,,Plein jour,En agglomération,Hors intersection,Normale,Autre collision,,,,,,,,,,,1,2,1,1,6
200800023584,0008-05-27 15:20:00,8,5,27,15,20,130,55,"12, CATALANS (RUE DES)",,,Plein jour,En agglomération,Intersection en T,Normale,Deux véhicules - côté,,,,,,,,,,,1,2,3,1,3
200800023585,0008-05-23 14:10:00,8,5,23,14,10,130,55,"63, MONTREDON (AVENUE DE",,,Plein jour,En agglomération,Hors intersection,Normale,Deux véhicules - côté,,,,,,,,,,,1,2,1,1,3
200800023586,0008-05-29 20:30:00,8,5,29,20,30,130,55,MENARD (PIERRE) (BOULEVA,,,Plein jour,En agglomération,Intersection en T,Normale,Deux véhicules - côté,,,,,,,,,,,1,2,3,1,3
200800023587,0008-05-28 12:35:00,8,5,28,12,35,130,55,ANTIGNANE (TRAVERSE DE L,,,Plein jour,En agglomération,Hors intersection,Normale,Deux véhicules - côté,,,,,,,,,,,1,2,1,1,3
200800023588,0008-05-23 08:05:00,8,5,23,8,5,130,55,"110, CORDERIE (BOULEVARD",,,Plein jour,En agglomération,Intersection en T,Normale,Autre collision,,,,,,,,,,,1,2,3,1,6
200800023589,0008-05-30 08:30:00,8,5,30,8,30,130,55,"07, PROGRES (RUE DU)",,,Plein jour,En agglomération,Intersection en X,Normale,Deux véhicules - côté,,,,,,,,,,,1,2,2,1,3
200800023590,0008-05-21 10:30:00,8,5,21,10,30,130,55,AYGALADES (AVENUE DES),,,Plein jour,En agglomération,Intersection en X,Normale,Deux véhicules - côté,,,,,,,,,,,1,2,2,1,3
200800023591,0008-05-13 08:20:00,8,5,13,8,20,130,55,"73, AUGUSTIN AUBERT (RUE",,,Plein jour,En agglomération,Hors intersection,Normale,Trois véhicules et plus - collisions multiples,,,,,,,,,,,1,2,1,1,5
200800023592,0008-05-18 10:50:00,8,5,18,10,50,130,55,"45, BAILLE (BOULEVARD)",,,Plein jour,En agglomération,Hors intersection,Normale,Deux véhicules - côté,,,,,,,,,,,1,2,1,1,3
200800023593,0008-05-14 13:00:00,8,5,14,13,0,130,55,FISSIAUX (IMPASSE),,,Plein jour,En agglomération,Hors intersection,Normale,Autre collision,,,,,,,,,,,1,2,1,1,6
200800023594,0008-05-20 13:30:00,8,5,20,13,30,130,55,BOISSON (BOULEVARD),,,Plein jour,En agglomération,Intersection en X,Normale,Autre collision,,,,,,,,,,,1,2,2,1,6
200800023595,0008-05-25 15:00:00,8,5,25,15,0,130,55,ALGER (RUE D'),,,Plein jour,En agglomération,Hors intersection,Normale,Deux véhicules - côté,,,,,,,,,,,1,2,1,1,3
200800023596,0008-05-23 10:55:00,8,5,23,10,55,130,55,"28, JEAN JAURES (PLACE)",,,Plein jour,En agglomération,Hors intersection,Normale,Autre collision,,,,,,,,,,,1,2,1,1,6
200800023597,0008-05-18 16:40:00,8,5,18,16,40,130,55,"07, TAPIS VERT (RUE)",,,Plein jour,En agglomération,Hors intersection,Normale,Autre collision,,,,,,,,,,,1,2,1,1,6
200800023598,0008-05-20 11:40:00,8,5,20,11,40,130,55,"89, SAINTE (RUE)",,,Plein jour,En agglomération,Hors intersection,Normale,Deux véhicules - côté,,,,,,,,,,,1,2,1,1,3
200800023599,0008-05-27 20:30:00,8,5,27,20,30,130,55,", L ARMEE D AFRIQUE (CHE",,,Nuit avec éclairage allumé,En agglomération,Hors intersection,Pluie légère,Deux véhicules - côté,,,,,,,,,,,5,2,1,2,3
200800023600,0008-05-29 21:15:00,8,5,29,21,15,130,55,SCHLOESING (BOULEVARD),,,Nuit avec éclairage allumé,En agglomération,Hors intersection,Normale,Sans collision,,,,,,,,,,,5,2,1,1,7
200800023601,0008-05-27 15:00:00,8,5,27,15,0,130,55,"16, LODI (RUE DE)",,,Plein jour,En agglomération,Hors intersection,Normale,Autre collision,,,,,,,,,,,1,2,1,1,6
200800023602,0008-05-28 19:45:00,8,5,28,19,45,130,55,MERLAN (AVENUE),,,Nuit avec éclairage allumé,En agglomération,Hors intersection,Normale,Deux véhicules - arrière,,,,,,,,,,,5,2,1,1,2
200800023603,0008-05-23 13:00:00,8,5,23,13,0,130,55,"38, PICON (RUE)",,,Plein jour,En agglomération,Hors intersection,Normale,Autre collision,,,,,,,,,,,1,2,1,1,6
200800023604,0008-05-30 14:10:00,8,5,30,14,10,130,55,"10, AMPERE (BOULEVARD)",,,Plein jour,En agglomération,Hors intersection,Normale,Deux véhicules - frontale,,,,,,,,,,,1,2,1,1,1
200800023605,0008-05-13 16:05:00,8,5,13,16,5,130,55,"182, PERIER (BOULEVARD)",,,Plein jour,En agglomération,Hors intersection,Pluie légère,Deux véhicules - arrière,,,,,,,,,,,1,2,1,2,2
200800023606,0008-05-26 09:20:00,8,5,26,9,20,130,2,ETIENNE CUCCA-CD908 (AVE,,,Plein jour,Hors agglomération,Hors intersection,Normale,Deux véhicules - frontale,,,,,,,,,,,1,1,1,1,1
200800023607,0008-05-04 19:15:00,8,5,4,19,15,130,55,SAKAKINI (BOULEVARD),,,Plein jour,En agglomération,Intersection en X,Normale,Deux véhicules - côté,,,,,,,,,,,1,2,2,1,3
200800023608,0008-05-18 22:30:00,8,5,18,22,30,130,55,"44, VALBARELLE (BOULEVAR",,,Nuit avec éclairage allumé,En agglomération,Hors intersection,Normale,Autre collision,,,,,,,,,,,5,2,1,1,6
200800023609,0008-05-16 14:00:00,8,5,16,14,0,130,55,HUVEAUNE (BOULEVARD DE),,,Plein jour,En agglomération,Intersection en T,Pluie forte,Deux véhicules - côté,,,,,,,,,,,1,2,3,3,3
200800023610,0008-05-06 11:15:00,8,5,6,11,15,130,55,"49, MAILLANE (BOULEVARD",,,Plein jour,En agglomération,Intersection en T,Pluie légère,Autre collision,,,,,,,,,,,1,2,3,2,6
200800023611,0008-05-04 19:30:00,8,5,4,19,30,130,55,ROMAIN ROLLAND (BOULEVAR,,,Plein jour,En agglomération,Hors intersection,Normale,Deux véhicules - frontale,,,,,,,,,,,1,2,1,1,1
200800023612,0008-05-03 13:55:00,8,5,3,13,55,130,55,"136, LIBERATION (BOULEVA",,,Plein jour,En agglomération,Intersection en T,Pluie légère,Deux véhicules - côté,,,,,,,,,,,1,2,3,2,3
200800023613,0008-05-30 16:20:00,8,5,30,16,20,130,55,"87, FRÉDÉRIC MISTRAL (AV",,,Plein jour,En agglomération,Hors intersection,Normale,Deux véhicules - arrière,,,,,,,,,,,1,2,1,1,2
200800023614,0008-05-20 16:30:00,8,5,20,16,30,130,55,JEAN MOULIN (BOULEVARD),,,Plein jour,En agglomération,Hors intersection,Normale,Deux véhicules - arrière,,,,,,,,,,,1,2,1,1,2
200800023615,0008-05-15 18:30:00,8,5,15,18,30,130,55,ALEX. FLEMING (BOULEVARD,,,Plein jour,En agglomération,Hors intersection,Normale,Deux véhicules - côté,,,,,,,,,,,1,2,1,1,3
200800023616,0008-05-22 21:00:00,8,5,22,21,0,130,55,ENDOUME (RUE D'),,,Crépuscule ou aube,En agglomération,Hors intersection,Normale,Autre collision,,,,,,,,,,,2,2,1,1,6
200800023617,0008-05-13 16:00:00,8,5,13,16,0,130,55,SYLVABELLE (RUE),,,Plein jour,En agglomération,Hors intersection,Normale,Autre collision,,,,,,,,,,,1,2,1,1,6
200800023618,0008-05-20 08:20:00,8,5,20,8,20,130,55,AYGALADES (AVENUE DES),,,Plein jour,En agglomération,Hors intersection,Normale,Deux véhicules - frontale,,,,,,,,,,,1,2,1,1,1