accident_id,datetime,annee,mois,jour,heure,minute,departement,commune_insee,adresse,latitude,longitude,luminosite,agglomeration,intersection,meteo,collision,nb_vehicules,nb_usagers,nb_indemnes,nb_tues,nb_blesses_hosp,nb_blesses_legers,age_cond_1,age_cond_2,veh_type_cond_1,veh_type_cond_2,lum_code,agg_code,int_code,atm_code,col_code
200800024014,0008-05-11 07:45:00,8,5,11,7,45,310,555,"999, RUE DU FAUBOURG BON",,,Plein jour,En agglomération,Intersection en X,Normale,Deux véhicules - frontale,,,,,,,,,,,1,2,2,1,1
200800024015,0008-05-12 16:30:00,8,5,12,16,30,310,555,"141, RUE EDMOND ROSTAND",,,Plein jour,En agglomération,Hors intersection,Normale,Trois véhicules et plus - collisions multiples,,,,,,,,,,,1,2,1,1,5
200800024016,0008-05-12 19:06:00,8,5,12,19,6,310,555,VA007644 EMPALOT A620 So,,,Plein jour,Hors agglomération,Hors intersection,Normale,Autre collision,,,,,,,,,,,1,1,1,1,6
200800024017,0008-05-13 16:45:00,8,5,13,16,45,310,555,"21, RUE DE REMUSAT",,,Plein jour,En agglomération,Hors intersection,Normale,Autre collision,,,,,,,,,,,1,2,1,1,6
200800024018,0008-05-13 17:05:00,8,5,13,17,5,310,555,"999, VA007323 BORDELONGU",,,Plein jour,Hors agglomération,Hors intersection,Normale,Autre collision,,,,,,,,,,,1,1,1,1,6
200800024019,0008-05-13 19:00:00,8,5,13,19,0,310,555,VA007500 CROIX DAURADE A,,,Plein jour,Hors agglomération,Hors intersection,Normale,Trois véhicules et plus - collisions multiples,,,,,,,,,,,1,1,1,1,5
200800024020,0008-05-13 23:05:00,8,5,13,23,5,310,555,"999, AV LUCIEN BAROUX",,,Nuit avec éclairage allumé,En agglomération,Hors intersection,Normale,Sans collision,,,,,,,,,,,5,2,1,1,7
200800024021,0008-05-04 23:56:00,8,5,4,23,56,310,555,"999, RTE DE SEYSSES",,,Nuit avec éclairage allumé,En agglomération,Hors intersection,Normale,Deux véhicules - côté,,,,,,,,,,,5,2,1,1,3
200800024022,0008-05-14 17:40:00,8,5,14,17,40,310,555,"344, AV DES ETATS UNIS",,,Plein jour,En agglomération,Hors intersection,Normale,Trois véhicules et plus - en chaîne,,,,,,,,,,,1,2,1,1,4
200800024023,0008-05-14 18:45:00,8,5,14,18,45,310,555,VA007386 Fil d'Ariane A6,,,Plein jour,Hors agglomération,Hors intersection,Pluie forte,Trois véhicules et plus - en chaîne,,,,,,,,,,,1,1,1,3,4
200800024024,0008-05-14 21:40:00,8,5,14,21,40,310,149,"999, ECHANGEUR ST MARTIN",,,Nuit avec éclairage allumé,Hors agglomération,Hors intersection,Pluie légère,Autre collision,,,,,,,,,,,5,1,1,2,6
200800024025,0008-05-15 05:20:00,8,5,15,5,20,310,555,"25, AV EMILE DEWOITINE",,,Nuit avec éclairage allumé,En agglomération,Intersection en X,Normale,Autre collision,,,,,,,,,,,5,2,2,1,6
200800024026,0008-05-08 05:10:00,8,5,8,5,10,310,555,"999, R-PT DU GENERAL EIS",,,Crépuscule ou aube,En agglomération,Giratoire,Normale,Sans collision,,,,,,,,,,,2,2,6,1,7
200800024027,0008-05-15 09:00:00,8,5,15,9,0,310,555,"21, AV DIDIER DAURAT",,,Plein jour,En agglomération,Hors intersection,Normale,Deux véhicules - arrière,,,,,,,,,,,1,2,1,1,2
200800024028,0008-05-15 12:12:00,8,5,15,12,12,310,555,"999, BD DEODAT DE SEVERA",,,Plein jour,En agglomération,Intersection en X,Normale,Deux véhicules - frontale,,,,,,,,,,,1,2,2,1,1
200800024029,0008-05-15 17:15:00,8,5,15,17,15,310,555,"09, PORT SAINT ETIENNE",,,Plein jour,En agglomération,Hors intersection,Normale,Deux véhicules - arrière,,,,,,,,,,,1,2,1,1,2
200800024030,0008-05-16 07:25:00,8,5,16,7,25,310,555,"999, CHE LATERAL DE RUPE",,,Crépuscule ou aube,En agglomération,Hors intersection,Normale,Deux véhicules - arrière,,,,,,,,,,,2,2,1,1,2
200800024031,0008-05-16 14:05:00,8,5,16,14,5,310,555,"999, AV LOUIS BAZERQUE",,,Plein jour,En agglomération,Hors intersection,Pluie légère,Deux véhicules - arrière,,,,,,,,,,,1,2,1,2,2
200800024032,0008-05-16 14:10:00,8,5,16,14,10,310,555,VA007323 BORDELONGUE A64,,,Plein jour,Hors agglomération,Hors intersection,Temps couvert,Autre collision,,,,,,,,,,,1,1,1,8,6
200800024033,0008-05-17 04:30:00,8,5,17,4,30,310,555,"999, RUE DU POLE",,,Nuit avec éclairage allumé,En agglomération,Hors intersection,Temps couvert,Deux véhicules - arrière,,,,,,,,,,,5,2,1,8,2
200800024034,0008-05-17 08:45:00,8,5,17,8,45,310,555,"999, CHE MAL CLABEL",,,Plein jour,En agglomération,Intersection en X,Normale,Deux véhicules - frontale,,,,,,,,,,,1,2,2,1,1
200800024035,0008-05-17 16:40:00,8,5,17,16,40,310,555,"25, CHE DE FAGES",,,Plein jour,En agglomération,Hors intersection,Normale,Autre collision,,,,,,,,,,,1,2,1,1,6
200800024036,0008-05-18 04:35:00,8,5,18,4,35,310,555,"999, RUE ROBERT CHAMPEAU",,,Nuit avec éclairage allumé,En agglomération,Hors intersection,Temps couvert,Sans collision,,,,,,,,,,,5,2,1,8,7
200800024037,0008-05-19 03:48:00,8,5,19,3,48,310,555,"152, RUE DU FAUBOURG BON",,,Nuit avec éclairage allumé,En agglomération,Hors intersection,Normale,Sans collision,,,,,,,,,,,5,2,1,1,7
200800024038,0008-05-19 07:35:00,8,5,19,7,35,310,555,"19, AV CAMILLE PUJOL",,,Plein jour,En agglomération,Hors intersection,Normale,Autre collision,,,,,,,,,,,1,2,1,1,6
200800024039,0008-05-19 23:45:00,8,5,19,23,45,310,555,"163, AV JEAN RIEUX",,,Nuit avec éclairage allumé,En agglomération,Hors intersection,Normale,Trois véhicules et plus - collisions multiples,,,,,,,,,,,5,2,1,1,5
200800024040,0008-05-20 18:15:00,8,5,20,18,15,310,555,"999, AV FREDERIC ESTEBE",,,Plein jour,En agglomération,Hors intersection,Normale,Sans collision,,,,,,,,,,,1,2,1,1,7
200800024041,0008-05-21 08:05:00,8,5,21,8,5,310,555,"999, RUE EDOUARD LARTET",,,Plein jour,En agglomération,Intersection en T,Normale,Deux véhicules - côté,,,,,,,,,,,1,2,3,1,3
200800024042,0008-05-21 18:55:00,8,5,21,18,55,310,555,VA007418 PONT JUMEAUX A6,,,Plein jour,Hors agglomération,Hors intersection,Normale,Trois véhicules et plus - en chaîne,,,,,,,,,,,1,1,1,1,4
200800024043,0008-05-22 01:00:00,8,5,22,1,0,310,555,"999, ALL JEAN JAURES",,,Nuit avec éclairage allumé,En agglomération,Intersection en T,Normale,Deux véhicules - frontale,,,,,,,,,,,5,2,3,1,1
200800024044,0008-05-22 11:05:00,8,5,22,11,5,310,555,"106, CHE DE FENOUILLET",,,Plein jour,En agglomération,Hors intersection,Normale,Deux véhicules - frontale,,,,,,,,,,,1,2,1,1,1
200800024045,0008-05-22 11:15:00,8,5,22,11,15,310,555,"58, ALL JEAN JAURES",,,Plein jour,En agglomération,Hors intersection,Normale,Deux véhicules - frontale,,,,,,,,,,,1,2,1,1,1
200800024046,0008-05-22 10:00:00,8,5,22,10,0,310,555,"999, AV DU MIRAIL",,,Plein jour,En agglomération,Hors intersection,Normale,Autre collision,,,,,,,,,,,1,2,1,1,6
200800024047,0008-05-23 08:05:00,8,5,23,8,5,310,555,"31, AV DE LARDENNE",,,Plein jour,En agglomération,Hors intersection,Normale,Deux véhicules - arrière,,,,,,,,,,,1,2,1,1,2
200800024048,0008-05-23 08:30:00,8,5,23,8,30,310,555,CHE DE TUCAUT,,,Plein jour,En agglomération,Intersection en T,Normale,Deux véhicules - côté,,,,,,,,,,,1,2,3,1,3
200800024049,0008-05-23 08:50:00,8,5,23,8,50,310,555,"999, VA007493 LES IZARDS",,,Plein jour,Hors agglomération,Hors intersection,Normale,Autre collision,,,,,,,,,,,1,1,1,1,6
200800024050,0008-05-23 09:00:00,8,5,23,9,0,310,555,AV DE LARDENNE,,,Plein jour,En agglomération,Hors intersection,Normale,Deux véhicules - côté,,,,,,,,,,,1,2,1,1,3
200800024051,0008-05-23 12:05:00,8,5,23,12,5,310,555,"999, CHE DE MOULIS",,,Plein jour,En agglomération,Intersection en T,Normale,Deux véhicules - côté,,,,,,,,,,,1,2,3,1,3
200800024052,0008-05-23 14:50:00,8,5,23,14,50,310,555,"999, RTE DE BAYONNE",,,Plein jour,En agglomération,Hors intersection,Normale,Sans collision,,,,,,,,,,,1,2,1,1,7
200800024053,0008-05-23 17:35:00,8,5,23,17,35,310,555,"62, BD DES RECOLLETS",,,Plein jour,En agglomération,Hors intersection,Normale,Deux véhicules - côté,,,,,,,,,,,1,2,1,1,3
200800024054,0008-05-23 17:50:00,8,5,23,17,50,310,555,"35, ALL CHARLES DE FITTE",,,Plein jour,En agglomération,Hors intersection,Normale,Deux véhicules - côté,,,,,,,,,,,1,2,1,1,3
200800024055,0008-05-24 04:30:00,8,5,24,4,30,310,555,"84, RUE DE FENOUILLET",,,Crépuscule ou aube,En agglomération,Hors intersection,Normale,Sans collision,,,,,,,,,,,2,2,1,1,7
200800024056,0008-05-24 16:30:00,8,5,24,16,30,310,555,"274, AV DE GRANDE BRETAG",,,Plein jour,En agglomération,Hors intersection,Normale,Autre collision,,,,,,,,,,,1,2,1,1,6
200800024057,0008-05-24 23:25:00,8,5,24,23,25,310,555,"999, BD DES CRETES",,,Nuit avec éclairage allumé,En agglomération,Hors intersection,Pluie légère,Sans collision,,,,,,,,,,,5,2,1,2,7
200800024058,0008-05-25 02:54:00,8,5,25,2,54,310,555,"999, ALL JEAN JAURES",,,Nuit avec éclairage allumé,En agglomération,Hors intersection,Pluie légère,Deux véhicules - côté,,,,,,,,,,,5,2,1,2,3
200800024059,0008-05-25 11:15:00,8,5,25,11,15,310,555,"999, ALL CHARLES DE FITT",,,Plein jour,En agglomération,Hors intersection,Pluie légère,Sans collision,,,,,,,,,,,1,2,1,2,7
200800024060,0008-05-25 15:00:00,8,5,25,15,0,310,555,"10- 12, RUE PAUL GAUGUIN",,,Plein jour,En agglomération,Hors intersection,Pluie légère,Autre collision,,,,,,,,,,,1,2,1,2,6
200800024061,0008-05-25 15:03:00,8,5,25,15,3,310,555,"999, CHE DE RISPET",,,Plein jour,En agglomération,Intersection en T,Pluie légère,Deux véhicules - côté,,,,,,,,,,,1,2,3,2,3
200800024062,0008-05-25 21:10:00,8,5,25,21,10,310,555,"999, VA007386 Fil d'Aria",,,Nuit avec éclairage allumé,Hors agglomération,Hors intersection,Pluie légère,Autre collision,,,,,,,,,,,5,1,1,2,6
200800024063,0008-05-25 23:30:00,8,5,25,23,30,310,555,VA007554 LASBORDES A61 S,,,Nuit avec éclairage allumé,Hors agglomération,Hors intersection,Normale,Autre collision,,,,,,,,,,,5,1,1,1,6
200800024064,0008-05-26 00:02:00,8,5,26,0,2,310,555,"999, BD PIERRE SEMARD",,,Nuit avec éclairage allumé,En agglomération,Hors intersection,Normale,Autre collision,,,,,,,,,,,5,2,1,1,6
200800024065,0008-05-22 14:20:00,8,5,22,14,20,310,555,"999, RD901",,,Plein jour,Hors agglomération,Hors intersection,Normale,Deux véhicules - côté,,,,,,,,,,,1,1,1,1,3
200800024066,0008-05-22 18:30:00,8,5,22,18,30,310,555,"03, BD DEODAT DE SEVERAC",,,Plein jour,En agglomération,Hors intersection,Normale,Trois véhicules et plus - en chaîne,,,,,,,,,,,1,2,1,1,4
200800024067,0008-05-25 15:30:00,8,5,25,15,30,310,555,"999, VA007644 EMPALOT A6",,,Plein jour,Hors agglomération,Hors intersection,Pluie forte,Deux véhicules - côté,,,,,,,,,,,1,1,1,3,3
200800024068,0008-05-27 14:25:00,8,5,27,14,25,310,555,"999, CHE DE GABARDIE",,,Plein jour,En agglomération,Hors intersection,Pluie forte,Deux véhicules - frontale,,,,,,,,,,,1,2,1,3,1
200800024069,0008-05-27 14:45:00,8,5,27,14,45,310,555,"77, ALL DE BRIENNE",,,Plein jour,En agglomération,Hors intersection,Pluie forte,Trois véhicules et plus - en chaîne,,,,,,,,,,,1,2,1,3,4
200800024070,0008-05-27 16:34:00,8,5,27,16,34,310,555,"999, RUE GEORGES VEDEL",,,Plein jour,En agglomération,Hors intersection,Pluie forte,Trois véhicules et plus - en chaîne,,,,,,,,,,,1,2,1,3,4
200800024071,0008-05-27 17:50:00,8,5,27,17,50,310,555,AV PIERRE G LATECOERE,,,Plein jour,Hors agglomération,Hors intersection,Pluie légère,Trois véhicules et plus - en chaîne,,,,,,,,,,,1,1,1,2,4
200800024072,0008-05-28 00:05:00,8,5,28,0,5,310,555,VA007342 LA CEPIERE  A62,,,Nuit avec éclairage allumé,Hors agglomération,Hors intersection,Pluie légère,Autre collision,,,,,,,,,,,5,1,1,2,6
200800024073,0008-05-28 00:15:00,8,5,28,0,15,310,555,"100, AV CAMILLE PUJOL",,,Nuit avec éclairage allumé,En agglomération,Hors intersection,Pluie légère,Deux véhicules - côté,,,,,,,,,,,5,2,1,2,3
200800024074,0008-05-28 01:05:00,8,5,28,1,5,310,555,PONT DES CATALANS,,,Nuit avec éclairage non allumé,En agglomération,Hors intersection,Pluie légère,Autre collision,,,,,,,,,,,4,2,1,2,6
200800024075,0008-05-28 10:15:00,8,5,28,10,15,310,555,"17, ALL FORAIN FRANCOIS",,,Plein jour,En agglomération,Hors intersection,Normale,Deux véhicules - frontale,,,,,,,,,,,1,2,1,1,1
200800024076,0008-05-28 20:50:00,8,5,28,20,50,310,555,"999, D980",,,Crépuscule ou aube,En agglomération,Hors intersection,Normale,Autre collision,,,,,,,,,,,2,2,1,1,6
200800024077,0008-05-29 00:30:00,8,5,29,0,30,310,555,"999, AV DU GENERAL EISEN",,,Nuit avec éclairage allumé,En agglomération,Hors intersection,Normale,Deux véhicules - frontale,,,,,,,,,,,5,2,1,1,1
200800024078,0008-05-30 15:15:00,8,5,30,15,15,310,555,"999, VA007333 LA FAOURET",,,Plein jour,Hors agglomération,Hors intersection,Normale,Deux véhicules - arrière,,,,,,,,,,,1,1,1,1,2
200800024079,0008-05-30 16:05:00,8,5,30,16,5,310,555,"06, BD LAZARE CARNOT",,,Plein jour,En agglomération,Hors intersection,Normale,Autre collision,,,,,,,,,,,1,2,1,1,6
200800024080,0008-05-31 05:10:00,8,5,31,5,10,310,555,"999, RUE DU FAUBOURG BON",,,Nuit avec éclairage allumé,En agglomération,Intersection en T,Normale,Deux véhicules - frontale,,,,,,,,,,,5,2,3,1,1
200800024081,0008-05-31 21:30:00,8,5,31,21,30,310,555,"92, AV DE GRANDE BRETAGN",,,Nuit avec éclairage allumé,En agglomération,Hors intersection,Normale,Deux véhicules - frontale,,,,,,,,,,,5,2,1,1,1
200800024082,0008-05-14 18:10:00,8,5,14,18,10,310,557,TOUCH (RUE DU),,,Plein jour,En agglomération,Hors intersection,Normale,Deux véhicules - frontale,,,,,,,,,,,1,2,1,1,1
200800024083,0008-05-18 18:15:00,8,5,18,18,15,310,557,"345, LARDENNE (AV DE)",,,Plein jour,En agglomération,Hors intersection,Normale,Sans collision,,,,,,,,,,,1,2,1,1,7
200800024084,0008-05-22 11:15:00,8,5,22,11,15,310,557,"0, DUNANT (RD-PT HENRI)",,,Plein jour,En agglomération,Giratoire,Normale,Trois véhicules et plus - en chaîne,,,,,,,,,,,1,2,6,1,4
200800024085,0008-05-07 11:00:00,8,5,7,11,0,320,13,ROUGET DE LISLE,,,Plein jour,En agglomération,Intersection en X,Normale,Autre collision,,,,,,,,,,,1,2,2,1,6
200800024086,0008-05-13 07:55:00,8,5,13,7,55,320,13,"51, SADI-CARNOT (BOULEVA",,,Plein jour,En agglomération,Hors intersection,Normale,Autre collision,,,,,,,,,,,1,2,1,1,6
200800024087,0008-05-01 23:20:00,8,5,1,23,20,330,529,"1, OUSTALET (CARREFOUR D",,,Nuit avec éclairage allumé,Hors agglomération,Intersection en X,Normale,Deux véhicules - côté,,,,,,,,,,,5,1,2,1,3
200800024088,0008-05-05 10:50:00,8,5,5,10,50,330,9,"86, COTE D'ARGENT (BD) D",,,Plein jour,En agglomération,Intersection en X,Pluie légère,Deux véhicules - côté,,,,,,,,,,,1,2,2,2,3
200800024089,0008-05-02 16:55:00,8,5,2,16,55,330,9,"16, ARBOUSIERS (ALL. DES",,,Plein jour,En agglomération,Hors intersection,Normale,Deux véhicules - arrière,,,,,,,,,,,1,2,1,1,2
200800024090,0008-05-03 14:20:00,8,5,3,14,20,330,529,"49 bis, SAINT-EXUPERY (A",,,Plein jour,En agglomération,Hors intersection,Normale,Autre collision,,,,,,,,,,,1,2,1,1,6
200800024091,0008-05-17 10:00:00,8,5,17,10,0,330,529,RN 250 (OUSTALET - BONNE,,,Plein jour,Hors agglomération,Hors intersection,Normale,Trois véhicules et plus - collisions multiples,,,,,,,,,,,1,1,1,1,5
200800024092,0008-05-23 20:00:00,8,5,23,20,0,330,529,"26, CUREPIPE (BD DE) DU",,,Plein jour,En agglomération,Hors intersection,Pluie légère,Autre collision,,,,,,,,,,,1,2,1,2,6
200800024093,0008-05-26 16:45:00,8,5,26,16,45,330,9,"., LECLERC (BD DU MAL) D",,,Plein jour,En agglomération,Hors intersection,Normale,Deux véhicules - arrière,,,,,,,,,,,1,2,1,1,2
200800024094,0008-05-01 18:10:00,8,5,1,18,10,330,63,QUAI DU MAROC,,,Plein jour,En agglomération,Hors intersection,Normale,Trois véhicules et plus - collisions multiples,,,,,,,,,,,1,2,1,1,5
200800024095,0008-05-01 21:40:00,8,5,1,21,40,330,63,"67, CRS GEORGES CLEMENCE",,,Nuit avec éclairage allumé,En agglomération,Hors intersection,Normale,Deux véhicules - côté,,,,,,,,,,,5,2,1,1,3
200800024096,0008-05-05 13:55:00,8,5,5,13,55,330,63,PCE BIR HAKEIM,,,Plein jour,En agglomération,Intersection en T,Normale,Deux véhicules - arrière,,,,,,,,,,,1,2,3,1,2
200800024097,0008-05-09 02:25:00,8,5,9,2,25,330,63,CRS DE LA MARNE,,,Nuit avec éclairage allumé,En agglomération,Intersection en X,Normale,Deux véhicules - arrière,,,,,,,,,,,5,2,2,1,2
200800024098,0008-05-13 15:25:00,8,5,13,15,25,330,63,BD ALFRED DANEY,,,Plein jour,En agglomération,Intersection à plus de 4 branches,Normale,Autre collision,,,,,,,,,,,1,2,5,1,6
200800024099,0008-05-07 15:35:00,8,5,7,15,35,330,63,"227, BD GODARD",,,Plein jour,En agglomération,Hors intersection,Normale,Autre collision,,,,,,,,,,,1,2,1,1,6
200800024100,0008-05-12 00:25:00,8,5,12,0,25,330,63,CRS VICTOR HUGO,,,Nuit avec éclairage allumé,En agglomération,Intersection en X,Pluie forte,Autre collision,,,,,,,,,,,5,2,2,3,6
200800024101,0008-05-03 14:45:00,8,5,3,14,45,330,281,AVE DE L'ALOUETTE,,,Plein jour,En agglomération,Hors intersection,Normale,Autre collision,,,,,,,,,,,1,2,1,1,6
200800024102,0008-05-07 20:30:00,8,5,7,20,30,330,281,AVE DE LA LIBERATION,,,Plein jour,En agglomération,Intersection à plus de 4 branches,Normale,Deux véhicules - côté,,,,,,,,,,,1,2,5,1,3
200800024103,0008-05-04 17:45:00,8,5,4,17,45,330,75,ROC ROCADE NORD,,,Plein jour,En agglomération,Intersection en T,Normale,Deux véhicules - arrière,,,,,,,,,,,1,2,3,1,2
200800024104,0008-05-03 13:00:00,8,5,3,13,0,330,281,"129, AVE DE MAGUDAS",,,Plein jour,En agglomération,Hors intersection,Normale,Sans collision,,,,,,,,,,,1,2,1,1,7
200800024105,0008-05-01 00:47:00,8,5,1,0,47,330,281,AVE DE FONCASTEL,,,Nuit avec éclairage allumé,En agglomération,Intersection en X,Normale,Sans collision,,,,,,,,,,,5,2,2,1,7
200800024106,0008-05-10 01:55:00,8,5,10,1,55,330,63,RUE DE BELFORT,,,Nuit avec éclairage allumé,En agglomération,Intersection en X,Normale,Deux véhicules - côté,,,,,,,,,,,5,2,2,1,3
200800024107,0008-05-09 19:10:00,8,5,9,19,10,330,63,"118-124, CRS VICTOR HUGO",,,Plein jour,En agglomération,Intersection en T,Normale,Deux véhicules - côté,,,,,,,,,,,1,2,3,1,3
200800024108,0008-05-12 23:20:00,8,5,12,23,20,330,63,CRS D'ALBRET,,,Nuit avec éclairage allumé,En agglomération,Intersection en X,Normale,Deux véhicules - côté,,,,,,,,,,,5,2,2,1,3
200800024109,0008-05-13 14:50:00,8,5,13,14,50,330,63,RUE ERNEST RENAN,,,Plein jour,En agglomération,Intersection à plus de 4 branches,Normale,Deux véhicules - côté,,,,,,,,,,,1,2,5,1,3
200800024110,0008-05-12 19:45:00,8,5,12,19,45,330,63,"107-109, RUE FIEFFE",,,Plein jour,En agglomération,Intersection en T,Normale,Deux véhicules - frontale,,,,,,,,,,,1,2,3,1,1
200800024111,0008-05-13 07:30:00,8,5,13,7,30,330,63,RUE DOM DEVIENNE,,,Plein jour,En agglomération,Intersection en X,Normale,Autre collision,,,,,,,,,,,1,2,2,1,6
200800024112,0008-05-13 07:45:00,8,5,13,7,45,330,63,BD LUDOVIC TRARIEUX,,,Plein jour,En agglomération,Intersection à plus de 4 branches,Normale,Deux véhicules - côté,,,,,,,,,,,1,2,5,1,3
200800024113,0008-05-14 03:05:00,8,5,14,3,5,330,63,CRS DE LA SOMME,,,Nuit avec éclairage allumé,En agglomération,Intersection en X,Normale,Deux véhicules - côté,,,,,,,,,,,5,2,2,1,3
200800024114,0008-05-07 22:00:00,8,5,7,22,0,330,281,AVE DE LA SOMME,,,Nuit avec éclairage allumé,En agglomération,Intersection en T,Normale,Deux véhicules - côté,,,,,,,,,,,5,2,3,1,3
200800024115,0008-05-07 17:40:00,8,5,7,17,40,330,75,AVE DE L EUROPE,,,Plein jour,En agglomération,Intersection en X,Normale,Deux véhicules - côté,,,,,,,,,,,1,2,2,1,3
200800024116,0008-05-06 08:00:00,8,5,6,8,0,330,281,MERIGNAC (AVENUE DE),,,Plein jour,En agglomération,Intersection en X,Normale,Deux véhicules - côté,,,,,,,,,,,1,2,2,1,3
200800024117,0008-05-15 17:20:00,8,5,15,17,20,330,63,"70, BD JULES SIMON",,,Plein jour,En agglomération,Hors intersection,Normale,Autre collision,,,,,,,,,,,1,2,1,1,6
200800024118,0008-05-13 10:10:00,8,5,13,10,10,330,281,AVE PRESIDENT J.F. KENNE,,,Plein jour,En agglomération,Giratoire,Normale,Deux véhicules - côté,,,,,,,,,,,1,2,6,1,3
200800024119,0008-05-13 07:35:00,8,5,13,7,35,330,281,AVE DES EYQUEMS,,,Plein jour,En agglomération,Intersection en T,Normale,Autre collision,,,,,,,,,,,1,2,3,1,6
200800024120,0008-05-10 12:15:00,8,5,10,12,15,330,69,"73, AVE LEON BLUM",,,Plein jour,En agglomération,Hors intersection,Normale,Autre collision,,,,,,,,,,,1,2,1,1,6
200800024121,0008-05-10 16:01:00,8,5,10,16,1,330,281,AVE MATOSINHOS,,,Plein jour,En agglomération,Hors intersection,Normale,Deux véhicules - côté,,,,,,,,,,,1,2,1,1,3
200800024122,0008-05-14 07:15:00,8,5,14,7,15,330,318,AVE GUSTAVE EIFFEL,,,Crépuscule ou aube,En agglomération,Hors intersection,Pluie forte,Deux véhicules - frontale,,,,,,,,,,,2,2,1,3,1
200800024123,0008-05-15 08:05:00,8,5,15,8,5,330,63,"26, AVE DE LA REPUBLIQUE",,,Plein jour,En agglomération,Hors intersection,Normale,Deux véhicules - arrière,,,,,,,,,,,1,2,1,1,2
200800024124,0008-05-15 20:35:00,8,5,15,20,35,330,63,CRS MARECHAL JUIN,,,Plein jour,En agglomération,Intersection en X,Normale,Deux véhicules - côté,,,,,,,,,,,1,2,2,1,3
200800024125,0008-05-12 18:50:00,8,5,12,18,50,330,249,VOIE DESSERTE CTRE CIAL,,,Plein jour,En agglomération,Hors intersection,Neige / grêle,Autre collision,,,,,,,,,,,1,2,1,4,6
200800024126,0008-05-17 16:45:00,8,5,17,16,45,330,63,"90, BD DU PRESIDENT WILS",,,Plein jour,En agglomération,Hors intersection,Normale,Trois véhicules et plus - en chaîne,,,,,,,,,,,1,2,1,1,4
200800024127,0008-05-06 16:45:00,8,5,6,16,45,330,522,"33, RUE JEAN JAURES",,,Plein jour,En agglomération,Hors intersection,Normale,Deux véhicules - arrière,,,,,,,,,,,1,2,1,1,2
200800024128,0008-05-16 20:50:00,8,5,16,20,50,330,63,"39, PCE GUSTAVE ALLAUX",,,Crépuscule ou aube,En agglomération,Hors intersection,Normale,Deux véhicules - frontale,,,,,,,,,,,2,2,1,1,1
200800024129,0008-05-16 19:20:00,8,5,16,19,20,330,63,RUE GENESTA CAUD,,,Plein jour,En agglomération,Intersection en X,Normale,Deux véhicules - arrière,,,,,,,,,,,1,2,2,1,2
200800024130,0008-05-16 15:15:00,8,5,16,15,15,330,550,CHEM DU PAS DE LA COTE,,,Plein jour,En agglomération,Intersection en T,Normale,Deux véhicules - côté,,,,,,,,,,,1,2,3,1,3
200800024131,0008-05-18 15:40:00,8,5,18,15,40,330,63,ALL SERR,,,Plein jour,En agglomération,Hors intersection,Normale,Deux véhicules - côté,,,,,,,,,,,1,2,1,1,3
200800024132,0008-05-18 13:40:00,8,5,18,13,40,330,63,"53, QUAI DES CHARTRONS",,,Plein jour,En agglomération,Hors intersection,Pluie légère,Autre collision,,,,,,,,,,,1,2,1,2,6
200800024133,0008-05-18 05:00:00,8,5,18,5,0,330,63,"94, QUAI DE PALUDATE",,,Nuit avec éclairage allumé,En agglomération,Hors intersection,Normale,Autre collision,,,,,,,,,,,5,2,1,1,6
200800024134,0008-05-16 23:35:00,8,5,16,23,35,330,63,"268, CRS DE L'ARGONNE",,,Nuit avec éclairage allumé,En agglomération,Hors intersection,Normale,Deux véhicules - côté,,,,,,,,,,,5,2,1,1,3
200800024135,0008-05-16 11:50:00,8,5,16,11,50,330,63,"19, CRS PORTAL",,,Plein jour,En agglomération,Hors intersection,Pluie légère,Autre collision,,,,,,,,,,,1,2,1,2,6
200800024136,0008-05-15 11:45:00,8,5,15,11,45,330,249,BD ANDRE RICARD,,,Plein jour,En agglomération,Hors intersection,Normale,Deux véhicules - côté,,,,,,,,,,,1,2,1,1,3
200800024137,0008-05-19 08:50:00,8,5,19,8,50,330,63,"311, AVE MAL DE LATTRE T",,,Plein jour,En agglomération,Hors intersection,Normale,Deux véhicules - côté,,,,,,,,,,,1,2,1,1,3
200800024138,0008-05-19 14:10:00,8,5,19,14,10,330,63,"98, BD GEORGES POMPIDOU",,,Plein jour,En agglomération,Hors intersection,Normale,Deux véhicules - côté,,,,,,,,,,,1,2,1,1,3
200800024139,0008-05-19 13:40:00,8,5,19,13,40,330,63,"204, CRS DU MEDOC",,,Plein jour,En agglomération,Hors intersection,Normale,Deux véhicules - côté,,,,,,,,,,,1,2,1,1,3
200800024140,0008-05-13 18:55:00,8,5,13,18,55,330,281,AVE DE BELFORT,,,Plein jour,En agglomération,Hors intersection,Normale,Deux véhicules - côté,,,,,,,,,,,1,2,1,1,3
200800024141,0008-05-13 18:10:00,8,5,13,18,10,330,75,"427, RTE DU MEDOC",,,Plein jour,En agglomération,Hors intersection,Normale,Deux véhicules - côté,,,,,,,,,,,1,2,1,1,3
200800024142,0008-05-17 11:00:00,8,5,17,11,0,330,119,RUE DU MARECHAL FOCH,,,Plein jour,En agglomération,Intersection en X,Normale,Deux véhicules - côté,,,,,,,,,,,1,2,2,1,3
200800024143,0008-05-14 08:00:00,8,5,14,8,0,330,281,"14, PCE CHARLES DE GAULL",,,Plein jour,En agglomération,Hors intersection,Normale,Deux véhicules - côté,,,,,,,,,,,1,2,1,1,3
200800024144,0008-05-14 19:20:00,8,5,14,19,20,330,318,AVE DE MAGONTY,,,Plein jour,En agglomération,Intersection en X,Normale,Deux véhicules - côté,,,,,,,,,,,1,2,2,1,3