accident_id,datetime,annee,mois,jour,heure,minute,departement,commune_insee,adresse,latitude,longitude,luminosite,agglomeration,intersection,meteo,collision,nb_vehicules,nb_usagers,nb_indemnes,nb_tues,nb_blesses_hosp,nb_blesses_legers,age_cond_1,age_cond_2,veh_type_cond_1,veh_type_cond_2,lum_code,agg_code,int_code,atm_code,col_code
200800024277,0008-05-30 18:30:00,8,5,30,18,30,340,172,CARDENAL (RUE PIERRE),,,Plein jour,En agglomération,Hors intersection,Normale,Autre collision,,,,,,,,,,,1,2,1,1,6
200800024278,0008-05-02 07:50:00,8,5,2,7,50,340,108,"AUCUN, ANDRANS (RUE)",,,Plein jour,Hors agglomération,Hors intersection,Normale,Deux véhicules - côté,,,,,,,,,,,1,1,1,1,3
200800024279,0008-05-02 08:45:00,8,5,2,8,45,340,301,"2, RD2 Route de Balaruc",,,Plein jour,En agglomération,Hors intersection,Normale,Deux véhicules - côté,,,,,,,,,,,1,2,1,1,3
200800024280,0008-05-02 21:00:00,8,5,2,21,0,340,108,MALRAUX ANDRE (AVENUE),,,Nuit sans éclairage public,Hors agglomération,Intersection en T,Normale,Deux véhicules - côté,,,,,,,,,,,3,1,3,1,3
200800024281,0008-05-14 21:20:00,8,5,14,21,20,340,301,"16, CLERVILLE CHEVALIER",,,Nuit avec éclairage allumé,En agglomération,Hors intersection,Normale,Autre collision,,,,,,,,,,,5,2,1,1,6
200800024282,0008-05-24 01:20:00,8,5,24,1,20,340,108,"aucun, MONTPELLIER (ROUT",,,Nuit avec éclairage allumé,En agglomération,Hors intersection,Normale,Deux véhicules - côté,,,,,,,,,,,5,2,1,1,3
200800024283,0008-05-27 10:00:00,8,5,27,10,0,340,108,"aucun, GAMBETTA  (ROND-P",,,Plein jour,En agglomération,Giratoire,Pluie légère,Deux véhicules - côté,,,,,,,,,,,1,2,6,2,3
200800024284,0008-05-01 15:35:00,8,5,1,15,35,350,115,ERNEE (ROUTE D'),,,Plein jour,En agglomération,Hors intersection,Normale,Autre collision,,,,,,,,,,,1,2,1,1,6
200800024285,0008-05-02 01:05:00,8,5,2,1,5,350,238,"00, UKRAINE (ALLEE D')",,,Nuit avec éclairage allumé,En agglomération,Intersection en X,Normale,Deux véhicules - côté,,,,,,,,,,,5,2,2,1,3
200800024286,0008-05-02 08:30:00,8,5,2,8,30,350,238,"00, SAINT-BRIEUC (DE)",,,Plein jour,En agglomération,Giratoire,Normale,Deux véhicules - arrière,,,,,,,,,,,1,2,6,1,2
200800024287,0008-05-03 07:30:00,8,5,3,7,30,350,238,"24, LEROUX (BD OSCAR)",,,Plein jour,En agglomération,Hors intersection,Normale,Autre collision,,,,,,,,,,,1,2,1,1,6
200800024288,0008-05-05 09:15:00,8,5,5,9,15,350,238,"00, CHATEAUGIRON (DE)",,,Plein jour,En agglomération,Autre intersection,Pluie légère,Sans collision,,,,,,,,,,,1,2,9,2,7
200800024289,0008-05-05 12:40:00,8,5,5,12,40,350,238,"00, TOUR D'AUVERGNE (BD",,,Plein jour,En agglomération,Hors intersection,Normale,Deux véhicules - arrière,,,,,,,,,,,1,2,1,1,2
200800024290,0008-05-05 13:40:00,8,5,5,13,40,350,238,"00, LORIENT (DE)",,,Plein jour,En agglomération,Intersection en T,Temps couvert,Deux véhicules - côté,,,,,,,,,,,1,2,3,8,3
200800024291,0008-05-07 07:45:00,8,5,7,7,45,350,278,"00, MELLIERS (RUE DES)",,,Plein jour,En agglomération,Intersection en X,Normale,Deux véhicules - frontale,,,,,,,,,,,1,2,2,1,1
200800024292,0008-05-08 02:24:00,8,5,8,2,24,350,238,"00, VAU SAINT-GERMAIN (D",,,Nuit avec éclairage allumé,En agglomération,Intersection en X,Normale,Deux véhicules - côté,,,,,,,,,,,5,2,2,1,3
200800024293,0008-05-08 14:35:00,8,5,8,14,35,350,55,"00, RD 163",,,Plein jour,Hors agglomération,Giratoire,Normale,Deux véhicules - côté,,,,,,,,,,,1,1,6,1,3
200800024294,0008-05-09 11:50:00,8,5,9,11,50,350,238,"00, MITTERAND (MAIL FRAN",,,Plein jour,Hors agglomération,Hors intersection,Normale,Deux véhicules - arrière,,,,,,,,,,,1,1,1,1,2
200800024295,0008-05-12 20:00:00,8,5,12,20,0,350,238,"00, BRETAGNE (PLACE DE)",,,Plein jour,En agglomération,Intersection en T,Normale,Deux véhicules - côté,,,,,,,,,,,1,2,3,1,3
200800024296,0008-05-13 07:50:00,8,5,13,7,50,350,281,"000, HAIE-DES-COGNETS (B",,,Plein jour,Hors agglomération,Intersection en T,Normale,Sans collision,,,,,,,,,,,1,1,3,1,7
200800024297,0008-05-13 12:50:00,8,5,13,12,50,350,238,"00, GUILLAUDOT ( DU GENE",,,Plein jour,En agglomération,Intersection en T,Normale,Autre collision,,,,,,,,,,,1,2,3,1,6
200800024298,0008-05-13 21:45:00,8,5,13,21,45,350,238,"00, ROOSEVELT (BD FRANKL",,,Nuit avec éclairage allumé,Hors agglomération,Intersection en X,Normale,Deux véhicules - côté,,,,,,,,,,,5,1,2,1,3
200800024299,0008-05-14 16:00:00,8,5,14,16,0,350,238,"00, BRIAND (AVENUE ARIST",,,Plein jour,En agglomération,Intersection en T,Normale,Deux véhicules - côté,,,,,,,,,,,1,2,3,1,3
200800024300,0008-05-16 04:15:00,8,5,16,4,15,350,281,"00, RD 634",,,Nuit sans éclairage public,Hors agglomération,Intersection en X,Normale,Deux véhicules - côté,,,,,,,,,,,3,1,2,1,3
200800024301,0008-05-16 09:20:00,8,5,16,9,20,350,55,"00, RD 163",,,Plein jour,Hors agglomération,Hors intersection,Normale,Deux véhicules - frontale,,,,,,,,,,,1,1,1,1,1
200800024302,0008-05-16 13:15:00,8,5,16,13,15,350,238,"00, ISLY (RUE D')",,,Plein jour,En agglomération,Autre intersection,Temps couvert,Trois véhicules et plus - en chaîne,,,,,,,,,,,1,2,9,8,4
200800024303,0008-05-16 20:50:00,8,5,16,20,50,350,238,"11, BOSPHORE (DU)",,,Plein jour,En agglomération,Autre intersection,Normale,Trois véhicules et plus - collisions multiples,,,,,,,,,,,1,2,9,1,5
200800024304,0008-05-19 07:40:00,8,5,19,7,40,350,238,"10, LORIENT (DE)",,,Plein jour,En agglomération,Intersection en X,Normale,Trois véhicules et plus - collisions multiples,,,,,,,,,,,1,2,2,1,5
200800024305,0008-05-20 08:30:00,8,5,20,8,30,350,238,"07, COTY (SQUARE RENE)",,,Plein jour,En agglomération,Hors intersection,Normale,Autre collision,,,,,,,,,,,1,2,1,1,6
200800024306,0008-05-20 09:45:00,8,5,20,9,45,350,238,"00, SAINT-JEAN BAPTISTE",,,Plein jour,En agglomération,Giratoire,Normale,Deux véhicules - côté,,,,,,,,,,,1,2,6,1,3
200800024307,0008-05-20 08:10:00,8,5,20,8,10,350,238,ROCADE 10-11,,,Plein jour,Hors agglomération,Hors intersection,Normale,Deux véhicules - côté,,,,,,,,,,,1,1,1,1,3
200800024308,0008-05-20 09:40:00,8,5,20,9,40,350,55,"27, BIGNON (RUE DU)",,,Plein jour,En agglomération,Hors intersection,Normale,Trois véhicules et plus - en chaîne,,,,,,,,,,,1,2,1,1,4
200800024309,0008-05-20 20:00:00,8,5,20,20,0,350,281,"00, MIVOIE (ROUTE DE)",,,Plein jour,Hors agglomération,Intersection en X,Normale,Deux véhicules - frontale,,,,,,,,,,,1,1,2,1,1
200800024310,0008-05-21 14:10:00,8,5,21,14,10,350,238,"00, VERN (DE)",,,Plein jour,En agglomération,Intersection en T,Normale,Autre collision,,,,,,,,,,,1,2,3,1,6
200800024311,0008-05-22 09:15:00,8,5,22,9,15,350,238,"00, ESPAGNE (D')",,,Plein jour,En agglomération,Hors intersection,Temps couvert,Autre collision,,,,,,,,,,,1,2,1,8,6
200800024312,0008-05-23 08:45:00,8,5,23,8,45,350,238,"00, LA FONTAINE",,,Plein jour,En agglomération,Giratoire,Normale,Deux véhicules - côté,,,,,,,,,,,1,2,6,1,3
200800024313,0008-05-23 14:05:00,8,5,23,14,5,350,238,"00, ABELARD (PIERRE)",,,Plein jour,En agglomération,Hors intersection,Temps couvert,Deux véhicules - arrière,,,,,,,,,,,1,2,1,8,2
200800024314,0008-05-23 14:25:00,8,5,23,14,25,350,238,"61, BRIAND (PASSAGE)",,,Plein jour,En agglomération,Hors intersection,Normale,Autre collision,,,,,,,,,,,1,2,1,1,6
200800024315,0008-05-23 15:30:00,8,5,23,15,30,350,238,"04, BERTRAND (JEAN-LOUIS",,,Plein jour,En agglomération,Hors intersection,Temps couvert,Autre collision,,,,,,,,,,,1,2,1,8,6
200800024316,0008-05-23 16:45:00,8,5,23,16,45,350,238,"00, ROCHESTER (AVENUE DE",,,Plein jour,En agglomération,Intersection en X,Normale,Deux véhicules - côté,,,,,,,,,,,1,2,2,1,3
200800024317,0008-05-24 10:30:00,8,5,24,10,30,350,238,"00, ARMAND (SQUARE LOUIS",,,Plein jour,En agglomération,Hors intersection,Pluie forte,Deux véhicules - côté,,,,,,,,,,,1,2,1,3,3
200800024318,0008-05-24 16:30:00,8,5,24,16,30,350,238,"18, DUGUAY TROUIN (QUAI)",,,Plein jour,En agglomération,Hors intersection,Temps couvert,Trois véhicules et plus - en chaîne,,,,,,,,,,,1,2,1,8,4
200800024319,0008-05-25 17:25:00,8,5,25,17,25,350,238,"00, VALLES (JULES)",,,Plein jour,En agglomération,Hors intersection,Normale,Deux véhicules - arrière,,,,,,,,,,,1,2,1,1,2
200800024320,0008-05-26 21:55:00,8,5,26,21,55,350,238,"00, ECHANGE (D')",,,Nuit avec éclairage allumé,En agglomération,Intersection en X,Normale,Sans collision,,,,,,,,,,,5,2,2,1,7
200800024321,0008-05-28 10:00:00,8,5,28,10,0,350,238,"00, ALMA (DE L')",,,Plein jour,En agglomération,Place,Normale,Sans collision,,,,,,,,,,,1,2,7,1,7
200800024322,0008-05-28 16:45:00,8,5,28,16,45,350,238,"53, LIBERTE (BD DE LA)",,,Plein jour,En agglomération,Place,Normale,Deux véhicules - côté,,,,,,,,,,,1,2,7,1,3
200800024323,0008-05-28 16:10:00,8,5,28,16,10,350,238,"00, ROUTE DE ST MALO",,,Plein jour,En agglomération,Giratoire,Normale,Deux véhicules - côté,,,,,,,,,,,1,2,6,1,3
200800024324,0008-05-30 07:40:00,8,5,30,7,40,350,238,"00, SUEDE (DE)",,,Plein jour,En agglomération,Intersection en X,Normale,Deux véhicules - côté,,,,,,,,,,,1,2,2,1,3
200800024325,0008-05-29 11:44:00,8,5,29,11,44,350,238,"00, VITRE (BLD DE)",,,Plein jour,En agglomération,Intersection en T,Normale,Autre collision,,,,,,,,,,,1,2,3,1,6
200800024326,0008-05-29 12:30:00,8,5,29,12,30,350,238,"00, ANTRAIN (D') DE 0 A",,,Plein jour,En agglomération,Intersection en X,Normale,Deux véhicules - côté,,,,,,,,,,,1,2,2,1,3
200800024327,0008-05-29 13:20:00,8,5,29,13,20,350,238,"00, BEAUMONT (BD DE)",,,Plein jour,En agglomération,Intersection en Y,Normale,Deux véhicules - côté,,,,,,,,,,,1,2,4,1,3
200800024328,0008-05-30 10:20:00,8,5,30,10,20,350,238,"00, PATTON (AVENUE DU GE",,,Plein jour,En agglomération,Intersection en X,Normale,Autre collision,,,,,,,,,,,1,2,2,1,6
200800024329,0008-05-30 18:26:00,8,5,30,18,26,350,55,"00, RD 163",,,Plein jour,Hors agglomération,Hors intersection,Pluie légère,Sans collision,,,,,,,,,,,1,1,1,2,7
200800024330,0008-05-30 22:10:00,8,5,30,22,10,350,238,"00, DINAN (DE)",,,Nuit avec éclairage allumé,En agglomération,Intersection en X,Normale,Autre collision,,,,,,,,,,,5,2,2,1,6
200800024331,0008-05-05 16:00:00,8,5,5,16,0,350,288,"000, CD168",,,Plein jour,En agglomération,Hors intersection,Normale,Autre collision,,,,,,,,,,,1,2,1,1,6
200800024332,0008-05-12 18:18:00,8,5,12,18,18,350,288,"sans, QUATRE PAVILLONS (",,,Plein jour,En agglomération,Intersection en X,Normale,Deux véhicules - côté,,,,,,,,,,,1,2,2,1,3
200800024333,0008-05-25 12:45:00,8,5,25,12,45,350,288,"000, CD355",,,Plein jour,Hors agglomération,Autre intersection,Normale,Deux véhicules - arrière,,,,,,,,,,,1,1,9,1,2
200800024334,0008-05-03 15:00:00,8,5,3,15,0,360,44,"0, ROUTE DEPARTEMENTALE",,,Plein jour,Hors agglomération,Hors intersection,Normale,Sans collision,,,,,,,,,,,1,1,1,1,7
200800024335,0008-05-06 08:05:00,8,5,6,8,5,360,44,"0, RICHEPIN (JEAN)",,,Plein jour,En agglomération,Intersection en T,Normale,Deux véhicules - côté,,,,,,,,,,,1,2,3,1,3
200800024336,0008-05-17 02:25:00,8,5,17,2,25,360,202,"209, TOURS (ANCIENNE ROU",,,Nuit avec éclairage allumé,Hors agglomération,Hors intersection,Temps couvert,Autre collision,,,,,,,,,,,5,1,1,8,6
200800024337,0008-05-17 19:58:00,8,5,17,19,58,360,44,"1, STRASBOURG (DE)",,,Plein jour,En agglomération,Intersection en T,Normale,Deux véhicules - côté,,,,,,,,,,,1,2,3,1,3
200800024338,0008-05-27 07:33:00,8,5,27,7,33,360,44,"42, LEMOINE (AV MARCEL)",,,Plein jour,En agglomération,Hors intersection,Pluie légère,Autre collision,,,,,,,,,,,1,2,1,2,6
200800024339,0008-05-04 18:07:00,8,5,4,18,7,360,44,"1, HUGO (VICTOR)",,,Plein jour,En agglomération,Hors intersection,Normale,Autre collision,,,,,,,,,,,1,2,1,1,6
200800024340,0008-05-12 14:45:00,8,5,12,14,45,360,159,"8, PETIT EPOT (ROUTE DU)",,,Plein jour,En agglomération,Hors intersection,Normale,Autre collision,,,,,,,,,,,1,2,1,1,6
200800024341,0008-05-13 18:00:00,8,5,13,18,0,360,44,"102, VERDUN (AV DE)",,,Plein jour,En agglomération,Hors intersection,Normale,Deux véhicules - arrière,,,,,,,,,,,1,2,1,1,2
200800024342,0008-05-19 12:30:00,8,5,19,12,30,360,44,"204, ARGENTON (AV D')",,,Plein jour,En agglomération,Hors intersection,Normale,Deux véhicules - arrière,,,,,,,,,,,1,2,1,1,2
200800024343,0008-05-24 15:50:00,8,5,24,15,50,360,44,VOLTAIRE (PL),,,Plein jour,En agglomération,Hors intersection,Normale,Deux véhicules - côté,,,,,,,,,,,1,2,1,1,3
200800024344,0008-05-24 16:35:00,8,5,24,16,35,360,44,MONTAIGNE (ROND POINT),,,Plein jour,En agglomération,Hors intersection,Normale,Deux véhicules - côté,,,,,,,,,,,1,2,1,1,3
200800024345,0008-05-25 08:00:00,8,5,25,8,0,360,44,KENNEDY (AV JOHN),,,Plein jour,En agglomération,Intersection en T,Normale,Deux véhicules - frontale,,,,,,,,,,,1,2,3,1,1
200800024346,0008-05-25 20:30:00,8,5,25,20,30,360,44,"45, LEMOINE (AV MARCEL)",,,Nuit avec éclairage allumé,En agglomération,Hors intersection,Temps couvert,Deux véhicules - frontale,,,,,,,,,,,5,2,1,8,1
200800024347,0008-05-26 09:05:00,8,5,26,9,5,360,44,VERDUN (AV DE),,,Plein jour,En agglomération,Intersection en T,Temps couvert,Deux véhicules - côté,,,,,,,,,,,1,2,3,8,3
200800024348,0008-05-26 15:59:00,8,5,26,15,59,360,44,AQUITAINE (D'),,,Plein jour,En agglomération,Intersection en T,Temps couvert,Deux véhicules - côté,,,,,,,,,,,1,2,3,8,3
200800024349,0008-05-29 18:30:00,8,5,29,18,30,360,44,"86, DE GAULLE (AVENUE DU",,,Plein jour,En agglomération,Hors intersection,Normale,Autre collision,,,,,,,,,,,1,2,1,1,6
200800024350,0008-05-10 00:55:00,8,5,10,0,55,370,261,"8, SIMON (RUE JULES)",,,Nuit avec éclairage allumé,En agglomération,Hors intersection,Normale,Autre collision,,,,,,,,,,,5,2,1,1,6
200800024351,0008-05-10 21:50:00,8,5,10,21,50,370,261,LAKANAL (RUE),,,Nuit avec éclairage allumé,En agglomération,Intersection en X,Normale,Deux véhicules - côté,,,,,,,,,,,5,2,2,1,3
200800024352,0008-05-11 10:47:00,8,5,11,10,47,370,261,GUILLAUMET (RUE),,,Plein jour,En agglomération,Hors intersection,Normale,Autre collision,,,,,,,,,,,1,2,1,1,6
200800024353,0008-05-25 20:30:00,8,5,25,20,30,370,195,SAINT-GENOUPH (ROUTE DE),,,Plein jour,Hors agglomération,Intersection en T,Normale,Deux véhicules - côté,,,,,,,,,,,1,1,3,1,3
200800024354,0008-05-21 19:25:00,8,5,21,19,25,370,261,GRANDIERE (RUE DE LA),,,Plein jour,En agglomération,Intersection en X,Normale,Deux véhicules - côté,,,,,,,,,,,1,2,2,1,3
200800024355,0008-05-13 19:10:00,8,5,13,19,10,370,261,RODIN (SQUARE),,,Plein jour,En agglomération,Hors intersection,Normale,Autre collision,,,,,,,,,,,1,2,1,1,6
200800024356,0008-05-22 08:55:00,8,5,22,8,55,370,122,RD 37 sortie Nord,,,Plein jour,Hors agglomération,Hors intersection,Normale,Trois véhicules et plus - en chaîne,,,,,,,,,,,1,1,1,1,4
200800024357,0008-05-28 15:45:00,8,5,28,15,45,380,53,D 1006,,,Plein jour,En agglomération,Hors intersection,Normale,Trois véhicules et plus - en chaîne,,,,,,,,,,,1,2,1,1,4
200800024358,0008-05-07 14:45:00,8,5,7,14,45,380,185,"00, BOULEVARD MARÉCHAL F",,,Plein jour,En agglomération,Hors intersection,Normale,Autre collision,,,,,,,,,,,1,2,1,1,6
200800024359,0008-05-11 22:30:00,8,5,11,22,30,380,185,"00, BOULEVARD MARÉCHAL J",,,Nuit avec éclairage allumé,En agglomération,Intersection en X,Pluie légère,Autre collision,,,,,,,,,,,5,2,2,2,6
200800024360,0008-05-13 15:40:00,8,5,13,15,40,380,179,AVENUE ESCLANGON,,,Plein jour,En agglomération,Hors intersection,Normale,Trois véhicules et plus - en chaîne,,,,,,,,,,,1,2,1,1,4
200800024361,0008-05-14 08:10:00,8,5,14,8,10,380,185,"00, RUE JULES HOROWITZ",,,Plein jour,En agglomération,Hors intersection,Normale,Deux véhicules - côté,,,,,,,,,,,1,2,1,1,3
200800024362,0008-05-14 09:57:00,8,5,14,9,57,380,382,99 VOIE NON IDENTIFIEE,,,Plein jour,Hors agglomération,Hors intersection,Normale,Autre collision,,,,,,,,,,,1,1,1,1,6
200800024363,0008-05-15 18:15:00,8,5,15,18,15,380,516,"00, BOULEVARD DE LA CHAN",,,Plein jour,En agglomération,Hors intersection,Normale,Autre collision,,,,,,,,,,,1,2,1,1,6
200800024364,0008-05-15 19:30:00,8,5,15,19,30,380,185,"00, RUE IRVOY",,,Plein jour,En agglomération,Intersection en X,Pluie légère,Deux véhicules - côté,,,,,,,,,,,1,2,2,2,3
200800024365,0008-05-15 22:05:00,8,5,15,22,5,380,185,"76, AVENUE RHIN ET DANUB",,,Nuit avec éclairage allumé,En agglomération,Hors intersection,Normale,Deux véhicules - frontale,,,,,,,,,,,5,2,1,1,1
200800024366,0008-05-17 11:25:00,8,5,17,11,25,380,185,"72, AVENUE RHIN ET DANUB",,,Plein jour,En agglomération,Hors intersection,Pluie légère,Autre collision,,,,,,,,,,,1,2,1,2,6
200800024367,0008-05-17 12:15:00,8,5,17,12,15,380,185,"00, PLACE NOTRE-DAME",,,Plein jour,En agglomération,Intersection en X,Pluie légère,Deux véhicules - côté,,,,,,,,,,,1,2,2,2,3
200800024368,0008-05-19 12:10:00,8,5,19,12,10,380,185,"00, PONT MARIUS GONTARD",,,Plein jour,En agglomération,Hors intersection,Normale,Deux véhicules - côté,,,,,,,,,,,1,2,1,1,3
200800024369,0008-05-19 22:27:00,8,5,19,22,27,380,185,"00, RUE DE PALANKA",,,Nuit avec éclairage allumé,En agglomération,Hors intersection,Normale,Autre collision,,,,,,,,,,,5,2,1,1,6
200800024370,0008-05-20 12:15:00,8,5,20,12,15,380,185,"00, RUE DES ALLIÉS",,,Plein jour,En agglomération,Intersection en X,Normale,Deux véhicules - côté,,,,,,,,,,,1,2,2,1,3
200800024371,0008-05-20 18:30:00,8,5,20,18,30,380,169,"00, RUE DE L'ABBAYE",,,Plein jour,En agglomération,Hors intersection,Normale,Deux véhicules - frontale,,,,,,,,,,,1,2,1,1,1
200800024372,0008-05-22 11:00:00,8,5,22,11,0,380,185,"21, BOULEVARD MARÉCHAL L",,,Plein jour,En agglomération,Hors intersection,Normale,Autre collision,,,,,,,,,,,1,2,1,1,6
200800024373,0008-05-22 11:40:00,8,5,22,11,40,380,185,"5, BOULEVARD AGUTTE SEMB",,,Plein jour,En agglomération,Hors intersection,Normale,Deux véhicules - côté,,,,,,,,,,,1,2,1,1,3
200800024374,0008-05-22 12:00:00,8,5,22,12,0,380,421,"00, AVENUE DE LA MOGNE",,,Plein jour,En agglomération,Hors intersection,Normale,Deux véhicules - arrière,,,,,,,,,,,1,2,1,1,2
200800024375,0008-05-23 19:05:00,8,5,23,19,5,380,421,"48, AVENUE POTIE",,,Plein jour,En agglomération,Hors intersection,Normale,Deux véhicules - côté,,,,,,,,,,,1,2,1,1,3
200800024376,0008-05-25 03:20:00,8,5,25,3,20,380,169,"00, RUE MARÉCHAL JOFFRE",,,Nuit avec éclairage allumé,En agglomération,Intersection en X,Pluie légère,Deux véhicules - côté,,,,,,,,,,,5,2,2,2,3
200800024377,0008-05-26 19:50:00,8,5,26,19,50,380,185,"72, AVENUE RHIN ET DANUB",,,Plein jour,En agglomération,Hors intersection,Pluie légère,Autre collision,,,,,,,,,,,1,2,1,2,6
200800024378,0008-05-27 08:00:00,8,5,27,8,0,380,185,"81, RUE AMPÈRE",,,Plein jour,En agglomération,Hors intersection,Pluie légère,Autre collision,,,,,,,,,,,1,2,1,2,6
200800024379,0008-05-28 09:20:00,8,5,28,9,20,380,185,RUE NESTOR CORNIER,,,Plein jour,En agglomération,Hors intersection,Normale,Autre collision,,,,,,,,,,,1,2,1,1,6
200800024380,0008-05-28 18:43:00,8,5,28,18,43,380,185,"0, RUE NICOLAS CHORIER",,,Plein jour,En agglomération,Hors intersection,Normale,Autre collision,,,,,,,,,,,1,2,1,1,6
200800024381,0008-05-28 18:15:00,8,5,28,18,15,380,185,"00, RUE EMILE KAHN",,,Plein jour,En agglomération,Hors intersection,Normale,Sans collision,,,,,,,,,,,1,2,1,1,7
200800024382,0008-05-29 13:25:00,8,5,29,13,25,380,185,AVENUE PAUL COCAT,,,Plein jour,En agglomération,Hors intersection,Normale,Autre collision,,,,,,,,,,,1,2,1,1,6
200800024383,0008-05-29 15:15:00,8,5,29,15,15,380,421,"89, AVENUE MARCEL CACHIN",,,Plein jour,En agglomération,Hors intersection,Normale,Deux véhicules - arrière,,,,,,,,,,,1,2,1,1,2
200800024384,0008-05-30 17:00:00,8,5,30,17,0,380,185,"00, RUE JULES FLANDRIN",,,Plein jour,En agglomération,Hors intersection,Normale,Deux véhicules - côté,,,,,,,,,,,1,2,1,1,3
200800024385,0008-05-30 23:33:00,8,5,30,23,33,380,185,"00, RUE DE STRASBOURG",,,Nuit avec éclairage allumé,En agglomération,Intersection en X,Pluie légère,Deux véhicules - côté,,,,,,,,,,,5,2,2,2,3
200800024386,0008-05-19 14:15:00,8,5,19,14,15,380,544,VERDUN(COUR DE),,,Plein jour,En agglomération,Intersection en X,Normale,Deux véhicules - côté,,,,,,,,,,,1,2,2,1,3
200800024387,0008-05-26 17:10:00,8,5,26,17,10,380,563,"1, MARAIS (RUE DES)",,,Plein jour,En agglomération,Hors intersection,Normale,Autre collision,,,,,,,,,,,1,2,1,1,6
200800024388,0008-05-11 01:00:00,8,5,11,1,0,390,198,"0, MALET (RUE DU GENERAL",,,Nuit avec éclairage allumé,En agglomération,Giratoire,Normale,Deux véhicules - côté,,,,,,,,,,,5,2,6,1,3
200800024389,0008-05-03 06:10:00,8,5,3,6,10,400,88,"51, HUGO (AVENUE VICTOR)",,,Nuit avec éclairage allumé,En agglomération,Hors intersection,Normale,Trois véhicules et plus - collisions multiples,,,,,,,,,,,5,2,1,1,5
200800024390,0008-05-06 09:38:00,8,5,6,9,38,400,88,TERCIS (ROUTE DE),,,Plein jour,En agglomération,Hors intersection,Normale,Autre collision,,,,,,,,,,,1,2,1,1,6
200800024391,0008-05-10 01:20:00,8,5,10,1,20,400,88,FOCH (COURS DU MARECHAL),,,Nuit avec éclairage allumé,En agglomération,Hors intersection,Normale,Deux véhicules - frontale,,,,,,,,,,,5,2,1,1,1
200800024392,0008-05-31 11:00:00,8,5,31,11,0,400,88,CLEMENCEAU (RUE GEORGES),,,Plein jour,En agglomération,Intersection en X,Pluie légère,Autre collision,,,,,,,,,,,1,2,2,2,6
200800024393,0008-05-06 15:40:00,8,5,6,15,40,400,281,ROCADE SUD (RN 124 E),,,Plein jour,Hors agglomération,Hors intersection,Normale,Deux véhicules - arrière,,,,,,,,,,,1,1,1,1,2
200800024394,0008-05-07 11:25:00,8,5,7,11,25,400,192,ALSACE-LORRAINE (RUE D'),,,Plein jour,En agglomération,Hors intersection,Normale,Autre collision,,,,,,,,,,,1,2,1,1,6
200800024395,0008-05-24 15:27:00,8,5,24,15,27,400,192,REPUBLIQUE (BD DE LA),,,Plein jour,En agglomération,Giratoire,Normale,Deux véhicules - côté,,,,,,,,,,,1,2,6,1,3
200800024396,0008-05-23 12:18:00,8,5,23,12,18,400,192,"16, CANDAU (BD FERDINANT",,,Plein jour,En agglomération,Hors intersection,Normale,Deux véhicules - côté,,,,,,,,,,,1,2,1,1,3
200800024397,0008-05-22 15:55:00,8,5,22,15,55,410,18,AUVERGNE (RUE D'),,,Plein jour,En agglomération,Hors intersection,Normale,Autre collision,,,,,,,,,,,1,2,1,1,6
200800024398,0008-05-01 23:05:00,8,5,1,23,5,410,18,ECOLES (RUE DES),,,Nuit avec éclairage non allumé,En agglomération,Intersection en T,Normale,Deux véhicules - côté,,,,,,,,,,,4,2,3,1,3
200800024399,0008-05-06 12:00:00,8,5,6,12,0,410,18,WILSON (AVENUE DU PRESID,,,Plein jour,En agglomération,Hors intersection,Normale,Deux véhicules - côté,,,,,,,,,,,1,2,1,1,3
200800024400,0008-05-08 20:20:00,8,5,8,20,20,410,18,ARGONNE (RUE DE L'),,,Plein jour,En agglomération,Intersection en T,Normale,Deux véhicules - côté,,,,,,,,,,,1,2,3,1,3
200800024401,0008-05-15 14:25:00,8,5,15,14,25,410,18,"23, SAINTES-MARIES (RUE",,,Plein jour,En agglomération,Hors intersection,Normale,Deux véhicules - côté,,,,,,,,,,,1,2,1,1,3
200800024402,0008-05-03 17:40:00,8,5,3,17,40,410,18,FENELON (RUE),,,Plein jour,En agglomération,Intersection en T,Normale,Deux véhicules - côté,,,,,,,,,,,1,2,3,1,3
200800024403,0008-05-19 15:35:00,8,5,19,15,35,410,18,CITES UNIES (BOULEVARD D,,,Plein jour,En agglomération,Hors intersection,Temps couvert,Trois véhicules et plus - collisions multiples,,,,,,,,,,,1,2,1,8,5
200800024404,0008-05-20 08:20:00,8,5,20,8,20,410,18,"34 BIS, VERDUN (AVENUE D",,,Plein jour,Hors agglomération,Hors intersection,Normale,Deux véhicules - côté,,,,,,,,,,,1,1,1,1,3
200800024405,0008-05-20 11:50:00,8,5,20,11,50,410,18,ANGLETERRE (RUE D'),,,Plein jour,En agglomération,Hors intersection,Normale,Autre collision,,,,,,,,,,,1,2,1,1,6
200800024406,0008-05-31 22:00:00,8,5,31,22,0,410,18,D174,,,Nuit avec éclairage allumé,Hors agglomération,Hors intersection,Normale,Deux véhicules - arrière,,,,,,,,,,,5,1,1,1,2
200800024407,0008-05-26 23:55:00,8,5,26,23,55,410,194,GOMBAULT (RUE DE),,,Nuit avec éclairage allumé,En agglomération,Intersection en T,Normale,Deux véhicules - côté,,,,,,,,,,,5,2,3,1,3
200800024408,0008-05-02 17:10:00,8,5,2,17,10,420,31,CD 3,45.24344,4.13623,Plein jour,Hors agglomération,Hors intersection,Normale,Deux véhicules - frontale,,,,,,,,,,,1,1,1,1,1
200800024409,0008-05-04 14:25:00,8,5,4,14,25,420,95,"32, HUGO (RUE VICTOR)",,,Plein jour,En agglomération,Hors intersection,Normale,Deux véhicules - côté,,,,,,,,,,,1,2,1,1,3