accident_id,datetime,annee,mois,jour,heure,minute,departement,commune_insee,adresse,latitude,longitude,luminosite,agglomeration,intersection,meteo,collision,nb_vehicules,nb_usagers,nb_indemnes,nb_tues,nb_blesses_hosp,nb_blesses_legers,age_cond_1,age_cond_2,veh_type_cond_1,veh_type_cond_2,lum_code,agg_code,int_code,atm_code,col_code
200800024677,0008-05-27 13:50:00,8,5,27,13,50,540,395,"1, LIONNOIS (RUE)",,,Plein jour,En agglomération,Hors intersection,Normale,Deux véhicules - frontale,,,,,,,,,,,1,2,1,1,1
200800024678,0008-05-29 11:00:00,8,5,29,11,0,540,395,"1, KELLER (RUE CHARLES)",,,Plein jour,En agglomération,Hors intersection,Normale,Sans collision,,,,,,,,,,,1,2,1,1,7
200800024679,0008-05-30 01:00:00,8,5,30,1,0,540,395,"1, CARRIERE (PLACE DE LA",,,Nuit avec éclairage allumé,En agglomération,Hors intersection,Pluie forte,Autre collision,,,,,,,,,,,5,2,1,3,6
200800024680,0008-05-31 18:28:00,8,5,31,18,28,540,395,"1, LALLEMENT (RUE LEOPOL",,,Plein jour,En agglomération,Intersection en X,Normale,Autre collision,,,,,,,,,,,1,2,2,1,6
200800024681,0008-05-02 12:15:00,8,5,2,12,15,540,431,BRIEY (ROUTE DE),,,Plein jour,En agglomération,Intersection en T,Normale,Deux véhicules - côté,,,,,,,,,,,1,2,3,1,3
200800024682,0008-05-17 12:00:00,8,5,17,12,0,540,431,MICHELET (AVENUE),,,Plein jour,En agglomération,Hors intersection,Normale,Autre collision,,,,,,,,,,,1,2,1,1,6
200800024683,0008-05-09 19:35:00,8,5,9,19,35,540,528,GENERAL BIGEARD (AVENUE),,,Plein jour,En agglomération,Intersection en Y,Normale,Deux véhicules - côté,,,,,,,,,,,1,2,4,1,3
200800024684,0008-05-10 11:00:00,8,5,10,11,0,540,528,GENERAL BIGEARD (AVENUE),,,Plein jour,En agglomération,Intersection en T,Normale,Trois véhicules et plus - collisions multiples,,,,,,,,,,,1,2,3,1,5
200800024685,0008-05-11 19:10:00,8,5,11,19,10,540,528,Route de Pont à Mousson,,,Plein jour,En agglomération,Hors intersection,Normale,Deux véhicules - côté,,,,,,,,,,,1,2,1,1,3
200800024686,0008-05-18 16:10:00,8,5,18,16,10,540,167,HOPITAL JEANNE D'ARC,,,Plein jour,Hors agglomération,Intersection en X,Normale,Deux véhicules - côté,,,,,,,,,,,1,1,2,1,3
200800024687,0008-05-25 20:45:00,8,5,25,20,45,540,528,"43, GENERAL FOY",,,Plein jour,En agglomération,Hors intersection,Normale,Autre collision,,,,,,,,,,,1,2,1,1,6
200800024688,0008-05-02 20:55:00,8,5,2,20,55,550,29,"55, FUSILLES ( VOIE DES",,,Crépuscule ou aube,En agglomération,Hors intersection,Normale,Autre collision,,,,,,,,,,,2,2,1,1,6
200800024689,0008-05-22 07:55:00,8,5,22,7,55,550,29,MARIZIER ( BOULEVARD ),,,Plein jour,En agglomération,Hors intersection,Normale,Sans collision,,,,,,,,,,,1,2,1,1,7
200800024690,0008-05-10 19:15:00,8,5,10,19,15,550,545,MORT HOMME ( AVENUE DU ),,,Plein jour,En agglomération,Hors intersection,Normale,Deux véhicules - frontale,,,,,,,,,,,1,2,1,1,1
200800024691,0008-05-01 19:20:00,8,5,1,19,20,560,83,"., DE GAULLE ( PL. DU GE",,,Plein jour,En agglomération,Intersection en T,Normale,Deux véhicules - côté,,,,,,,,,,,1,2,3,1,3
200800024692,0008-05-01 13:00:00,8,5,1,13,0,560,121,"02 A, BOURDELLE (RUE EMI",,,Plein jour,En agglomération,Hors intersection,Normale,Sans collision,,,,,,,,,,,1,2,1,1,7
200800024693,0008-05-03 15:05:00,8,5,3,15,5,560,121,"89, MONISTROL (RUE)",,,Plein jour,En agglomération,Hors intersection,Normale,Trois véhicules et plus - collisions multiples,,,,,,,,,,,1,2,1,1,5
200800024694,0008-05-03 17:00:00,8,5,3,17,0,560,121,"., CHBS (URGENCES RUE F",,,Plein jour,En agglomération,Hors intersection,Normale,Autre collision,,,,,,,,,,,1,2,1,1,6
200800024695,0008-05-03 18:00:00,8,5,3,18,0,560,121,"., COURBET (RUE  AMIRAL",,,Plein jour,En agglomération,Intersection en X,Normale,Deux véhicules - côté,,,,,,,,,,,1,2,2,1,3
200800024696,0008-05-06 09:00:00,8,5,6,9,0,560,121,"., SVOB ( BOULEVARD EMMA",,,Plein jour,En agglomération,Giratoire,Normale,Deux véhicules - côté,,,,,,,,,,,1,2,6,1,3
200800024697,0008-05-11 00:05:00,8,5,11,0,5,560,121,"., LANVEUR ( ET PL. DE )",,,Nuit avec éclairage allumé,En agglomération,Intersection en X,Normale,Deux véhicules - arrière,,,,,,,,,,,5,2,2,1,2
200800024698,0008-05-11 02:00:00,8,5,11,2,0,560,121,"., GUIEYSSE (RUE  PAUL )",,,Nuit avec éclairage allumé,En agglomération,Intersection en X,Normale,Deux véhicules - côté,,,,,,,,,,,5,2,2,1,3
200800024699,0008-05-12 10:45:00,8,5,12,10,45,560,98,"., GAULLE (AVENUE GENERA",,,Plein jour,En agglomération,Hors intersection,Normale,Autre collision,,,,,,,,,,,1,2,1,1,6
200800024700,0008-05-13 22:34:00,8,5,13,22,34,560,83,"., QUIMPERO ( ET RD-POIN",,,Nuit avec éclairage allumé,En agglomération,Hors intersection,Pluie forte,Sans collision,,,,,,,,,,,5,2,1,3,7
200800024701,0008-05-14 15:21:00,8,5,14,15,21,560,162,"., ROUTE DEPARTEMENTALE",,,Plein jour,Hors agglomération,Hors intersection,Normale,Deux véhicules - côté,,,,,,,,,,,1,1,1,1,3
200800024702,0008-05-14 18:46:00,8,5,14,18,46,560,162,"., ROUTE DEPARTEMENTALE",,,Plein jour,Hors agglomération,Hors intersection,Normale,Trois véhicules et plus - collisions multiples,,,,,,,,,,,1,1,1,1,5
200800024703,0008-05-15 10:35:00,8,5,15,10,35,560,121,"., JOFFRE ( BD MARECHAL",,,Plein jour,En agglomération,Intersection en X,Normale,Deux véhicules - côté,,,,,,,,,,,1,2,2,1,3
200800024704,0008-05-16 18:10:00,8,5,16,18,10,560,121,"183, LARMOR (RUE  DE )",,,Plein jour,En agglomération,Hors intersection,Normale,Autre collision,,,,,,,,,,,1,2,1,1,6
200800024705,0008-05-17 06:00:00,8,5,17,6,0,560,98,"., ROSTAND (RUE JEAN)",,,Crépuscule ou aube,Hors agglomération,Hors intersection,Normale,Autre collision,,,,,,,,,,,2,1,1,1,6
200800024706,0008-05-17 13:54:00,8,5,17,13,54,560,98,"162, JAURES (RUE  JEAN )",,,Plein jour,En agglomération,Hors intersection,Normale,Trois véhicules et plus - collisions multiples,,,,,,,,,,,1,2,1,1,5
200800024707,0008-05-18 18:36:00,8,5,18,18,36,560,98,"., DE PARIS (AVENUE COMM",,,Plein jour,En agglomération,Intersection en T,Normale,Deux véhicules - côté,,,,,,,,,,,1,2,3,1,3
200800024708,0008-05-19 09:04:00,8,5,19,9,4,560,83,"94, LOCHRIST ( ROUTE DE",,,Plein jour,En agglomération,Intersection en Y,Normale,Deux véhicules - côté,,,,,,,,,,,1,2,4,1,3
200800024709,0008-05-20 09:06:00,8,5,20,9,6,560,121,"9, PHILIPPE (RUE  PIERRE",,,Plein jour,En agglomération,Intersection en X,Normale,Deux véhicules - côté,,,,,,,,,,,1,2,2,1,3
200800024710,0008-05-21 19:05:00,8,5,21,19,5,560,98,ROUTE NATIONALE 165,,,Plein jour,Hors agglomération,Hors intersection,Normale,Sans collision,,,,,,,,,,,1,1,1,1,7
200800024711,0008-05-21 17:30:00,8,5,21,17,30,560,121,"., LANVEUR ( ET PL. DE )",,,Plein jour,En agglomération,Hors intersection,Normale,Autre collision,,,,,,,,,,,1,2,1,1,6
200800024712,0008-05-23 06:50:00,8,5,23,6,50,560,121,VERRIERE (RUE  INGENIEUR,,,Crépuscule ou aube,En agglomération,Intersection en Y,Normale,Deux véhicules - côté,,,,,,,,,,,2,2,4,1,3
200800024713,0008-05-23 10:06:00,8,5,23,10,6,560,162,"., SAINT MAUDE (RUE DE)",,,Plein jour,En agglomération,Giratoire,Normale,Deux véhicules - côté,,,,,,,,,,,1,2,6,1,3
200800024714,0008-05-24 11:19:00,8,5,24,11,19,560,121,"., ORADOUR SUR GLANE ( B",,,Plein jour,En agglomération,Hors intersection,Pluie forte,Sans collision,,,,,,,,,,,1,2,1,3,7
200800024715,0008-05-24 14:30:00,8,5,24,14,30,560,98,"., MOQUET ( AV. GUY )",,,Plein jour,En agglomération,Intersection en T,Normale,Deux véhicules - côté,,,,,,,,,,,1,2,3,1,3
200800024716,0008-05-25 13:45:00,8,5,25,13,45,560,162,"15, DOUET NEUF (RUE DU)",,,Plein jour,En agglomération,Hors intersection,Normale,Sans collision,,,,,,,,,,,1,2,1,1,7
200800024717,0008-05-26 12:00:00,8,5,26,12,0,560,98,"83, CROIZAT ( AVE AMBROI",,,Plein jour,En agglomération,Hors intersection,Normale,Sans collision,,,,,,,,,,,1,2,1,1,7
200800024718,0008-05-26 18:10:00,8,5,26,18,10,560,121,"167, MULLER ( DU COLONEL",,,Plein jour,En agglomération,Hors intersection,Normale,Deux véhicules - côté,,,,,,,,,,,1,2,1,1,3
200800024719,0008-05-29 02:09:00,8,5,29,2,9,560,121,"., CHAIGNEAU (RUE)",,,Nuit avec éclairage allumé,En agglomération,Intersection en T,Normale,Sans collision,,,,,,,,,,,5,2,3,1,7
200800024720,0008-05-29 09:50:00,8,5,29,9,50,560,121,"., LENINE ( AVENUE )",,,Plein jour,En agglomération,Giratoire,Normale,Sans collision,,,,,,,,,,,1,2,6,1,7
200800024721,0008-05-30 02:00:00,8,5,30,2,0,560,98,"., JAURES (RUE  JEAN )",,,Plein jour,En agglomération,Intersection en T,Normale,Deux véhicules - arrière,,,,,,,,,,,1,2,3,1,2
200800024722,0008-05-30 02:30:00,8,5,30,2,30,560,121,"., VERDUN (RUE  DE )",,,Nuit avec éclairage allumé,En agglomération,Giratoire,Normale,Sans collision,,,,,,,,,,,5,2,6,1,7
200800024723,0008-05-30 15:15:00,8,5,30,15,15,560,107,"., ROUTE DEPARTEMENTALE",,,Plein jour,Hors agglomération,Hors intersection,Normale,Deux véhicules - côté,,,,,,,,,,,1,1,1,1,3
200800024724,0008-05-31 17:03:00,8,5,31,17,3,560,98,"., PONT DU BONHOMME (AVE",,,Plein jour,Hors agglomération,Hors intersection,Normale,Sans collision,,,,,,,,,,,1,1,1,1,7
200800024725,0008-05-01 19:20:00,8,5,1,19,20,560,260,"6, PAQUERETTES(ALLEE DES",,,Plein jour,En agglomération,Hors intersection,Normale,Deux véhicules - côté,,,,,,,,,,,1,2,1,1,3
200800024726,0008-05-07 20:30:00,8,5,7,20,30,560,260,"., POMPIDOU(GIRATOIRE)",,,Plein jour,En agglomération,Giratoire,Normale,Deux véhicules - côté,,,,,,,,,,,1,2,6,1,3
200800024727,0008-05-11 18:00:00,8,5,11,18,0,560,260,"28, THIERS(RUE)",,,Plein jour,En agglomération,Hors intersection,Normale,Deux véhicules - arrière,,,,,,,,,,,1,2,1,1,2
200800024728,0008-05-14 07:50:00,8,5,14,7,50,560,260,"., VENETES(RUE DES)",,,Plein jour,En agglomération,Intersection en X,Normale,Sans collision,,,,,,,,,,,1,2,2,1,7
200800024729,0008-05-13 17:10:00,8,5,13,17,10,560,260,"., ILES(BOULEVARD DES)",,,Plein jour,En agglomération,Intersection en T,Normale,Deux véhicules - côté,,,,,,,,,,,1,2,3,1,3
200800024730,0008-05-24 15:10:00,8,5,24,15,10,560,260,"., FAVREL ET LINCY(AVENU",,,Plein jour,En agglomération,Hors intersection,Normale,Autre collision,,,,,,,,,,,1,2,1,1,6
200800024731,0008-05-22 20:40:00,8,5,22,20,40,560,260,"., MICHELIN(AVENUE EDOUA",,,Plein jour,En agglomération,Hors intersection,Normale,Deux véhicules - arrière,,,,,,,,,,,1,2,1,1,2
200800024732,0008-05-27 14:20:00,8,5,27,14,20,560,260,"., MARCHAIS(PLACE MAURIC",,,Plein jour,En agglomération,Intersection en T,Normale,Autre collision,,,,,,,,,,,1,2,3,1,6
200800024733,0008-05-23 18:30:00,8,5,23,18,30,560,260,"., MONSABERT(BOULEVARD D",,,Plein jour,En agglomération,Hors intersection,Pluie légère,Autre collision,,,,,,,,,,,1,2,1,2,6
200800024734,0008-05-31 12:19:00,8,5,31,12,19,560,260,"6, HERRIOT(AVENUE EDOUAR",,,Plein jour,En agglomération,Hors intersection,Normale,Autre collision,,,,,,,,,,,1,2,1,1,6
200800024735,0008-05-19 09:00:00,8,5,19,9,0,560,260,"., COURBET(RUE GUSTAVE)",,,Plein jour,En agglomération,Intersection en T,Normale,Autre collision,,,,,,,,,,,1,2,3,1,6
200800024736,0008-05-28 10:25:00,8,5,28,10,25,560,260,"., SAINT-SYMPHORIEN(AVEN",,,Plein jour,En agglomération,Hors intersection,Normale,Sans collision,,,,,,,,,,,1,2,1,1,7
200800024737,0008-05-07 06:48:00,8,5,7,6,48,570,227,CD32B,,,Plein jour,Hors agglomération,Intersection en X,Normale,Deux véhicules - côté,,,,,,,,,,,1,1,2,1,3
200800024738,0008-05-09 14:25:00,8,5,9,14,25,570,240,"27, ROOSEVELT (AVENUE)",,,Plein jour,En agglomération,Hors intersection,Normale,Autre collision,,,,,,,,,,,1,2,1,1,6
200800024739,0008-05-19 10:55:00,8,5,19,10,55,570,19,METZ (RUE DE),,,Plein jour,En agglomération,Hors intersection,Normale,Deux véhicules - arrière,,,,,,,,,,,1,2,1,1,2
200800024740,0008-05-22 08:20:00,8,5,22,8,20,570,19,CD 47,,,Plein jour,En agglomération,Intersection en T,Normale,Deux véhicules - côté,,,,,,,,,,,1,2,3,1,3
200800024741,0008-05-28 17:10:00,8,5,28,17,10,570,591,VILLERS (RUE DE),,,Plein jour,En agglomération,Giratoire,Normale,Deux véhicules - côté,,,,,,,,,,,1,2,6,1,3
200800024742,0008-05-30 17:20:00,8,5,30,17,20,570,253,"56, WILSON (RUE DU PRESI",,,Plein jour,En agglomération,Hors intersection,Normale,Autre collision,,,,,,,,,,,1,2,1,1,6
200800024743,0008-05-04 21:45:00,8,5,4,21,45,570,480,"00, GENERAL FRANIATTE (R",,,Nuit avec éclairage allumé,En agglomération,Intersection en T,Normale,Deux véhicules - frontale,,,,,,,,,,,5,2,3,1,1
200800024744,0008-05-06 20:00:00,8,5,6,20,0,570,480,"40, SAINT ANDRE (RUE )",,,Plein jour,En agglomération,Hors intersection,Temps éblouissant,Autre collision,,,,,,,,,,,1,2,1,7,6
200800024745,0008-05-10 23:10:00,8,5,10,23,10,570,751,"00, FORT GAMBETTA (RUE D",,,Nuit avec éclairage allumé,En agglomération,Giratoire,Normale,Deux véhicules - côté,,,,,,,,,,,5,2,6,1,3
200800024746,0008-05-11 14:35:00,8,5,11,14,35,570,463,"00, STRASBOURG (AVENUE D",,,Plein jour,En agglomération,Hors intersection,Normale,Deux véhicules - frontale,,,,,,,,,,,1,2,1,1,1
200800024747,0008-05-16 11:25:00,8,5,16,11,25,570,447,"00, COSTES ET BELLONTE (",,,Plein jour,En agglomération,Intersection en T,Normale,Autre collision,,,,,,,,,,,1,2,3,1,6
200800024748,0008-05-18 08:10:00,8,5,18,8,10,570,463,"33, FRENES (RUE DES )",,,Plein jour,Hors agglomération,Hors intersection,Temps couvert,Autre collision,,,,,,,,,,,1,1,1,8,6
200800024749,0008-05-19 08:25:00,8,5,19,8,25,570,616,"28, FRANCOIS SIMON (RUE",,,Plein jour,En agglomération,Hors intersection,Normale,Trois véhicules et plus - en chaîne,,,,,,,,,,,1,2,1,1,4
200800024750,0008-05-20 19:15:00,8,5,20,19,15,570,463,"20, PIERRE ET MARIE CURI",,,Plein jour,En agglomération,Hors intersection,Normale,Autre collision,,,,,,,,,,,1,2,1,1,6
200800024751,0008-05-22 22:45:00,8,5,22,22,45,570,463,"36, ALSACE (BOULEVARD D'",,,Nuit avec éclairage allumé,En agglomération,Hors intersection,Normale,Sans collision,,,,,,,,,,,5,2,1,1,7
200800024752,0008-05-25 17:30:00,8,5,25,17,30,570,480,"69, SAINT LADRE (RUE )",,,Plein jour,En agglomération,Hors intersection,Normale,Autre collision,,,,,,,,,,,1,2,1,1,6
200800024753,0008-05-27 15:00:00,8,5,27,15,0,570,463,"00, PLANTIERES (AVENUE D",,,Plein jour,En agglomération,Intersection en Y,Normale,Autre collision,,,,,,,,,,,1,2,4,1,6
200800024754,0008-05-29 21:55:00,8,5,29,21,55,570,642,", SAINT-NICOLAS (RUE)",,,Nuit avec éclairage allumé,En agglomération,Hors intersection,Normale,Autre collision,,,,,,,,,,,5,2,1,1,6
200800024755,0008-05-30 13:25:00,8,5,30,13,25,570,463,"125, STRASBOURG (AVENUE",,,Plein jour,En agglomération,Hors intersection,Normale,Autre collision,,,,,,,,,,,1,2,1,1,6
200800024756,0008-05-07 12:15:00,8,5,7,12,15,570,630,SARREGUEMINES,,,Plein jour,En agglomération,Hors intersection,Normale,Deux véhicules - frontale,,,,,,,,,,,1,2,1,1,1
200800024757,0008-05-16 10:30:00,8,5,16,10,30,570,631,"0, CHARRUE (RUE DE LA)",,,Plein jour,En agglomération,Intersection en T,Normale,Autre collision,,,,,,,,,,,1,2,3,1,6
200800024758,0008-05-02 16:20:00,8,5,2,16,20,570,672,"0, ESCH SUR ALZETTE (ROU",,,Plein jour,En agglomération,Hors intersection,Normale,Trois véhicules et plus - en chaîne,,,,,,,,,,,1,2,1,1,4
200800024759,0008-05-06 11:15:00,8,5,6,11,15,570,306,MENDES FRANCE (RUE PIERR,,,Plein jour,En agglomération,Intersection en T,Normale,Deux véhicules - côté,,,,,,,,,,,1,2,3,1,3
200800024760,0008-05-07 22:30:00,8,5,7,22,30,570,306,"11, FOCH (RUE )",,,Nuit avec éclairage non allumé,En agglomération,Hors intersection,Normale,Deux véhicules - côté,,,,,,,,,,,4,2,1,1,3
200800024761,0008-05-11 16:35:00,8,5,11,16,35,570,757,"0, INDUSTRIE (RUE DE L')",,,Plein jour,En agglomération,Hors intersection,Normale,Autre collision,,,,,,,,,,,1,2,1,1,6
200800024762,0008-05-05 11:30:00,8,5,5,11,30,570,666,"0, PARC (ALLEE)",,,Plein jour,En agglomération,Hors intersection,Normale,Deux véhicules - côté,,,,,,,,,,,1,2,1,1,3
200800024763,0008-05-09 09:35:00,8,5,9,9,35,570,672,"0, LAZARE HOCHE (RUE)",,,Plein jour,En agglomération,Intersection en X,Normale,Deux véhicules - côté,,,,,,,,,,,1,2,2,1,3
200800024764,0008-05-15 15:25:00,8,5,15,15,25,570,672,"15, CLEMENCEAU (AVENUE)",,,Plein jour,Hors agglomération,Hors intersection,Normale,Deux véhicules - côté,,,,,,,,,,,1,1,1,1,3
200800024765,0008-05-16 16:55:00,8,5,16,16,55,570,672,LUXEMBOURG (PLACE DU),,,Plein jour,En agglomération,Giratoire,Normale,Trois véhicules et plus - en chaîne,,,,,,,,,,,1,2,6,1,4
200800024766,0008-05-21 12:35:00,8,5,21,12,35,570,672,REPUBLIQUE (PLACE DE LA),,,Plein jour,En agglomération,Hors intersection,Normale,Autre collision,,,,,,,,,,,1,2,1,1,6
200800024767,0008-05-25 08:15:00,8,5,25,8,15,570,672,"73, LONGWY (ROUTE DE)",,,Plein jour,En agglomération,Intersection en T,Normale,Deux véhicules - côté,,,,,,,,,,,1,2,3,1,3
200800024768,0008-05-30 19:18:00,8,5,30,19,18,570,672,SAINT-MICHEL (MONTEE DU),,,Plein jour,Hors agglomération,Hors intersection,Normale,Autre collision,,,,,,,,,,,1,1,1,1,6
200800024769,0008-05-08 15:50:00,8,5,8,15,50,580,194,PREFECTURE,,,Plein jour,En agglomération,Hors intersection,Normale,Sans collision,,,,,,,,,,,1,2,1,1,7
200800024770,0008-05-03 18:55:00,8,5,3,18,55,580,194,MARECHAL LYAUTEY,,,Plein jour,En agglomération,Intersection en X,Normale,Deux véhicules - côté,,,,,,,,,,,1,2,2,1,3
200800024771,0008-05-01 18:15:00,8,5,1,18,15,580,194,SAINT DIDIER,,,Plein jour,En agglomération,Hors intersection,Pluie légère,Autre collision,,,,,,,,,,,1,2,1,2,6
200800024772,0008-05-14 05:55:00,8,5,14,5,55,580,194,MARECHAL JUIN,,,Plein jour,En agglomération,Hors intersection,Normale,Deux véhicules - côté,,,,,,,,,,,1,2,1,1,3
200800024773,0008-05-08 19:55:00,8,5,8,19,55,580,194,AMIRAL JACQUINOT,,,Plein jour,En agglomération,Hors intersection,Normale,Deux véhicules - arrière,,,,,,,,,,,1,2,1,1,2
200800024774,0008-05-09 10:55:00,8,5,9,10,55,580,194,"1, REPUBLIQUE (BOULEVARD",,,Plein jour,En agglomération,Hors intersection,Normale,Autre collision,,,,,,,,,,,1,2,1,1,6
200800024775,0008-05-10 14:40:00,8,5,10,14,40,580,194,MARINIERS (QUAI),,,Plein jour,En agglomération,Hors intersection,Normale,Deux véhicules - arrière,,,,,,,,,,,1,2,1,1,2
200800024776,0008-05-06 17:25:00,8,5,6,17,25,580,194,RAOUL FOLLEREAU,,,Plein jour,En agglomération,Intersection en X,Normale,Deux véhicules - côté,,,,,,,,,,,1,2,2,1,3
200800024777,0008-05-20 00:35:00,8,5,20,0,35,580,194,LOUISE MICHEL,,,Nuit sans éclairage public,En agglomération,Hors intersection,Normale,Autre collision,,,,,,,,,,,3,2,1,1,6
200800024778,0008-05-20 10:05:00,8,5,20,10,5,580,194,"SANS, DOCKS",,,Plein jour,Hors agglomération,Hors intersection,Normale,Deux véhicules - arrière,,,,,,,,,,,1,1,1,1,2
200800024779,0008-05-20 22:45:00,8,5,20,22,45,580,194,"59, GRAND MOUESSE (FAUBO",,,Nuit avec éclairage allumé,En agglomération,Hors intersection,Normale,Deux véhicules - côté,,,,,,,,,,,5,2,1,1,3
200800024780,0008-05-30 14:20:00,8,5,30,14,20,580,194,HOCHE,,,Plein jour,En agglomération,Hors intersection,Normale,Autre collision,,,,,,,,,,,1,2,1,1,6
200800024781,0008-05-31 17:25:00,8,5,31,17,25,580,194,PIERRE EMILE GASPARD,,,Plein jour,En agglomération,Hors intersection,Normale,Autre collision,,,,,,,,,,,1,2,1,1,6
200800024782,0008-05-12 15:30:00,8,5,12,15,30,590,17,"17, DEPORTES (RUE DES)",,,Plein jour,En agglomération,Hors intersection,Normale,Autre collision,,,,,,,,,,,1,2,1,1,6
200800024783,0008-05-21 13:55:00,8,5,21,13,55,590,43,"901, METEREN (ROUTE DE)",,,Plein jour,En agglomération,Hors intersection,Temps éblouissant,Deux véhicules - côté,,,,,,,,,,,1,2,1,7,3
200800024784,0008-05-01 22:45:00,8,5,1,22,45,590,122,ESWARS (RUE D'),,,Nuit sans éclairage public,En agglomération,Hors intersection,Pluie légère,Deux véhicules - arrière,,,,,,,,,,,3,2,1,2,2
200800024785,0008-05-15 17:05:00,8,5,15,17,5,590,206,NAVES (ROUTE DE) OU DEPA,,,Plein jour,Hors agglomération,Hors intersection,Pluie forte,Trois véhicules et plus - collisions multiples,,,,,,,,,,,1,1,1,3,5
200800024786,0008-05-13 11:28:00,8,5,13,11,28,590,2,"0, ROEULX (RTE DE)",,,Plein jour,Hors agglomération,Hors intersection,Temps éblouissant,Autre collision,,,,,,,,,,,1,1,1,7,6
200800024787,0008-05-14 14:20:00,8,5,14,14,20,590,205,"., GUESDE (R. JULES)",,,Plein jour,En agglomération,Autre intersection,Normale,Deux véhicules - frontale,,,,,,,,,,,1,2,9,1,1
200800024788,0008-05-21 13:10:00,8,5,21,13,10,590,172,"., Chemin de Valencienne",,,Plein jour,En agglomération,Hors intersection,Normale,Autre collision,,,,,,,,,,,1,2,1,1,6
200800024789,0008-05-26 18:30:00,8,5,26,18,30,590,504,"9, BRIQUET (R. RAOUL)",,,Plein jour,En agglomération,Intersection en X,Pluie forte,Autre collision,,,,,,,,,,,1,2,2,3,6
200800024790,0008-05-24 10:50:00,8,5,24,10,50,590,205,"27, GAMBETTA (PLACE)",,,Plein jour,En agglomération,Hors intersection,Normale,Autre collision,,,,,,,,,,,1,2,1,1,6
200800024791,0008-05-30 21:10:00,8,5,30,21,10,590,172,"58, TRARIEUX (R. LUDOVIC",,,Plein jour,En agglomération,Hors intersection,Normale,Autre collision,,,,,,,,,,,1,2,1,1,6
200800024792,0008-05-25 18:25:00,8,5,25,18,25,590,7,"805, MOULIN (Rue du)",,,Plein jour,Hors agglomération,Intersection en X,Normale,Deux véhicules - côté,,,,,,,,,,,1,1,2,1,3
200800024793,0008-05-30 10:35:00,8,5,30,10,35,590,276,"199, PASTEUR (BOULEVARD)",,,Plein jour,En agglomération,Hors intersection,Normale,Autre collision,,,,,,,,,,,1,2,1,1,6
200800024794,0008-05-26 09:50:00,8,5,26,9,50,590,239,"87, ALLIES (BOULEVARD DE",,,Plein jour,En agglomération,Hors intersection,Normale,Autre collision,,,,,,,,,,,1,2,1,1,6
200800024795,0008-05-21 09:50:00,8,5,21,9,50,590,165,ROBESPIERRE (RUE MAXIMIL,,,Plein jour,En agglomération,Giratoire,Normale,Autre collision,,,,,,,,,,,1,2,6,1,6
200800024796,0008-05-02 15:40:00,8,5,2,15,40,590,183,"NEANT, LOUBET - AVENUE",,,Plein jour,En agglomération,Intersection en X,Normale,Deux véhicules - côté,,,,,,,,,,,1,2,2,1,3
200800024797,0008-05-02 17:05:00,8,5,2,17,5,590,155,"190, HUGO VICTOR",,,Plein jour,En agglomération,Hors intersection,Normale,Trois véhicules et plus - collisions multiples,,,,,,,,,,,1,2,1,1,5
200800024798,0008-05-03 12:30:00,8,5,3,12,30,590,183,LITTORAL - PONT,,,Plein jour,En agglomération,Autre intersection,Normale,Deux véhicules - côté,,,,,,,,,,,1,2,9,1,3
200800024799,0008-05-15 12:15:00,8,5,15,12,15,590,183,"Néant, ROSENDAEL - AVENU",,,Plein jour,En agglomération,Intersection en Y,Normale,Deux véhicules - côté,,,,,,,,,,,1,2,4,1,3
200800024800,0008-05-19 08:00:00,8,5,19,8,0,590,588,"00000, 32EME DI",,,Plein jour,En agglomération,Hors intersection,Normale,Deux véhicules - côté,,,,,,,,,,,1,2,1,1,3
200800024801,0008-05-19 17:05:00,8,5,19,17,5,590,183,"1416, PERES ACHILLE",,,Plein jour,En agglomération,Intersection en T,Normale,Trois véhicules et plus - collisions multiples,,,,,,,,,,,1,2,3,1,5
200800024802,0008-05-24 05:25:00,8,5,24,5,25,590,540,HUGO VICTOR,,,Crépuscule ou aube,En agglomération,Intersection en X,Normale,Deux véhicules - côté,,,,,,,,,,,2,2,2,1,3
200800024803,0008-05-26 10:45:00,8,5,26,10,45,590,183,NEUTS GASPARD,,,Plein jour,En agglomération,Intersection en X,Normale,Deux véhicules - côté,,,,,,,,,,,1,2,2,1,3
200800024804,0008-05-31 07:45:00,8,5,31,7,45,590,183,"NEANT, SPORTS - AVENUE",,,Plein jour,En agglomération,Autre intersection,Normale,Deux véhicules - frontale,,,,,,,,,,,1,2,9,1,1
200800024805,0008-05-13 13:30:00,8,5,13,13,30,590,249,"43, THEOPHILE LEGRAND (R",,,Plein jour,En agglomération,Hors intersection,Normale,Sans collision,,,,,,,,,,,1,2,1,1,7
200800024806,0008-05-11 06:50:00,8,5,11,6,50,590,249,JEAN-JAURES (RUE),,,Crépuscule ou aube,En agglomération,Hors intersection,Normale,Deux véhicules - côté,,,,,,,,,,,2,2,1,1,3
200800024807,0008-05-15 14:45:00,8,5,15,14,45,590,324,RN49,,,Plein jour,En agglomération,Hors intersection,Normale,Deux véhicules - frontale,,,,,,,,,,,1,2,1,1,1
200800024808,0008-05-26 11:45:00,8,5,26,11,45,590,385,"22, VICTOR HUGO (RUE)",,,Plein jour,En agglomération,Hors intersection,Normale,Autre collision,,,,,,,,,,,1,2,1,1,6
200800024809,0008-05-10 18:15:00,8,5,10,18,15,590,324,"686, ROGER SALENGRO (RUE",,,Plein jour,En agglomération,Hors intersection,Temps éblouissant,Deux véhicules - frontale,,,,,,,,,,,1,2,1,7,1
200800024810,0008-05-01 04:20:00,8,5,1,4,20,590,350,LEZENNES BOULEVARD DE,,,Nuit avec éclairage non allumé,En agglomération,Hors intersection,Normale,Autre collision,,,,,,,,,,,4,2,1,1,6