accident_id,datetime,annee,mois,jour,heure,minute,departement,commune_insee,adresse,latitude,longitude,luminosite,agglomeration,intersection,meteo,collision,nb_vehicules,nb_usagers,nb_indemnes,nb_tues,nb_blesses_hosp,nb_blesses_legers,age_cond_1,age_cond_2,veh_type_cond_1,veh_type_cond_2,lum_code,agg_code,int_code,atm_code,col_code
200800024811,0008-05-01 16:30:00,8,5,1,16,30,590,360,"9, REPUBLIQUE BOULEVARD",,,Plein jour,En agglomération,Hors intersection,Temps couvert,Autre collision,,,,,,,,,,,1,2,1,8,6
200800024812,0008-05-02 14:35:00,8,5,2,14,35,590,350,"157, FAUBOURG DES POSTES",,,Plein jour,En agglomération,Hors intersection,Normale,Autre collision,,,,,,,,,,,1,2,1,1,6
200800024813,0008-05-02 18:35:00,8,5,2,18,35,590,378,"001, CLEMENCEAU BLVD (N°",,,Plein jour,En agglomération,Intersection en T,Normale,Deux véhicules - côté,,,,,,,,,,,1,2,3,1,3
200800024814,0008-05-03 21:35:00,8,5,3,21,35,590,648,DE LATTRE DE TASSIGNY RU,,,Nuit avec éclairage allumé,En agglomération,Intersection en X,Normale,Deux véhicules - côté,,,,,,,,,,,5,2,2,1,3
200800024815,0008-05-04 02:55:00,8,5,4,2,55,590,350,"68, POSTES RUE N° RESTE",,,Nuit avec éclairage allumé,En agglomération,Intersection en X,Normale,Autre collision,,,,,,,,,,,5,2,2,1,6
200800024816,0008-05-04 21:25:00,8,5,4,21,25,590,350,"00, FLANDRES PONT",,,Nuit avec éclairage allumé,En agglomération,Intersection en T,Normale,Autre collision,,,,,,,,,,,5,2,3,1,6
200800024817,0008-05-05 08:45:00,8,5,5,8,45,590,350,"00, MOSELLE BOULEVARD N°",,,Plein jour,En agglomération,Hors intersection,Normale,Autre collision,,,,,,,,,,,1,2,1,1,6
200800024818,0008-05-05 11:20:00,8,5,5,11,20,590,350,"57, MARQUILLIES RUE",,,Plein jour,En agglomération,Hors intersection,Normale,Deux véhicules - arrière,,,,,,,,,,,1,2,1,1,2
200800024819,0008-05-05 16:15:00,8,5,5,16,15,590,350,"289, LEGRAND PIERRE RUE",,,Plein jour,En agglomération,Intersection en T,Normale,Autre collision,,,,,,,,,,,1,2,3,1,6
200800024820,0008-05-05 17:00:00,8,5,5,17,0,590,350,"02, CABANIS RUE",,,Plein jour,En agglomération,Intersection en X,Normale,Autre collision,,,,,,,,,,,1,2,2,1,6
200800024821,0008-05-06 07:35:00,8,5,6,7,35,590,378,CHEVAL BLANC RUE DU,,,Plein jour,En agglomération,Giratoire,Normale,Autre collision,,,,,,,,,,,1,2,6,1,6
200800024822,0008-05-07 18:55:00,8,5,7,18,55,590,386,LALAU RUE,,,Plein jour,En agglomération,Giratoire,Normale,Autre collision,,,,,,,,,,,1,2,6,1,6
200800024823,0008-05-07 20:00:00,8,5,7,20,0,590,350,"55, FAUBOURG DES POSTES",,,Plein jour,En agglomération,Hors intersection,Normale,Autre collision,,,,,,,,,,,1,2,1,1,6
200800024824,0008-05-08 15:40:00,8,5,8,15,40,590,350,VAUBAN BOULEVARD N° REST,,,Plein jour,En agglomération,Hors intersection,Normale,Deux véhicules - côté,,,,,,,,,,,1,2,1,1,3
200800024825,0008-05-08 16:20:00,8,5,8,16,20,590,343,JAURES JEAN RUE,,,Plein jour,Hors agglomération,Hors intersection,Normale,Sans collision,,,,,,,,,,,1,1,1,1,7
200800024826,0008-05-08 19:45:00,8,5,8,19,45,590,560,"1, PASTEUR RUE",,,Plein jour,En agglomération,Hors intersection,Temps éblouissant,Autre collision,,,,,,,,,,,1,2,1,7,6
200800024827,0008-05-09 13:30:00,8,5,9,13,30,590,9,OUEST BOULEVARD DE L,,,Plein jour,En agglomération,Intersection en X,Normale,Deux véhicules - côté,,,,,,,,,,,1,2,2,1,3
200800024828,0008-05-09 17:25:00,8,5,9,17,25,590,410,"275, DE GAULLE RUE DU GE",,,Plein jour,En agglomération,Hors intersection,Normale,Autre collision,,,,,,,,,,,1,2,1,1,6
200800024829,0008-05-10 08:50:00,8,5,10,8,50,590,350,"00, JAURES JEAN RUE",,,Plein jour,En agglomération,Intersection en X,Normale,Autre collision,,,,,,,,,,,1,2,2,1,6
200800024830,0008-05-10 15:00:00,8,5,10,15,0,590,328,"288, LOMPRET RUE DE",,,Plein jour,En agglomération,Hors intersection,Normale,Autre collision,,,,,,,,,,,1,2,1,1,6
200800024831,0008-05-10 22:05:00,8,5,10,22,5,590,470,Route Nationale - R.D 93,,,Nuit sans éclairage public,Hors agglomération,Hors intersection,Normale,Autre collision,,,,,,,,,,,3,1,1,1,6
200800024832,0008-05-11 12:10:00,8,5,11,12,10,590,368,"12, FILATURE RUE DE LA",,,Plein jour,Hors agglomération,Hors intersection,Normale,Deux véhicules - côté,,,,,,,,,,,1,1,1,1,3
200800024833,0008-05-11 12:40:00,8,5,11,12,40,590,350,"001, SALENGRO ROGER RUE",,,Plein jour,En agglomération,Intersection en T,Normale,Deux véhicules - côté,,,,,,,,,,,1,2,3,1,3
200800024834,0008-05-11 19:30:00,8,5,11,19,30,590,368,"119, DE GAULLE RUE DU GE",,,Plein jour,En agglomération,Hors intersection,Normale,Autre collision,,,,,,,,,,,1,2,1,1,6
200800024835,0008-05-12 17:30:00,8,5,12,17,30,590,507,"436, JAURES JEAN AVENUE",,,Plein jour,En agglomération,Hors intersection,Normale,Autre collision,,,,,,,,,,,1,2,1,1,6
200800024836,0008-05-13 08:30:00,8,5,13,8,30,590,328,"5, DE LATTRE DE TASSIGNY",,,Plein jour,En agglomération,Hors intersection,Normale,Autre collision,,,,,,,,,,,1,2,1,1,6
200800024837,0008-05-14 12:10:00,8,5,14,12,10,590,410,TRAIN DE LOOS ALLEE DU,,,Plein jour,Hors agglomération,Hors intersection,Normale,Sans collision,,,,,,,,,,,1,1,1,1,7
200800024838,0008-05-14 14:30:00,8,5,14,14,30,590,368,GAMBETTA LEON RUE,,,Plein jour,En agglomération,Hors intersection,Normale,Deux véhicules - côté,,,,,,,,,,,1,2,1,1,3
200800024839,0008-05-15 08:20:00,8,5,15,8,20,590,328,"56, DELESCAUX HENRI AVEN",,,Plein jour,En agglomération,Hors intersection,Normale,Autre collision,,,,,,,,,,,1,2,1,1,6
200800024840,0008-05-15 15:00:00,8,5,15,15,0,590,350,"001, WAZEMMES RUE DE N°6",,,Plein jour,En agglomération,Intersection en X,Normale,Deux véhicules - côté,,,,,,,,,,,1,2,2,1,3
200800024841,0008-05-16 07:50:00,8,5,16,7,50,590,378,"14, MENIN RUE DE",,,Plein jour,En agglomération,Hors intersection,Pluie légère,Deux véhicules - côté,,,,,,,,,,,1,2,1,2,3
200800024842,0008-05-16 20:40:00,8,5,16,20,40,590,350,"7, FAUBOURG DE BETHUNE R",,,Nuit sans éclairage public,En agglomération,Intersection en X,Normale,Deux véhicules - arrière,,,,,,,,,,,3,2,2,1,2
200800024843,0008-05-17 07:55:00,8,5,17,7,55,590,350,"90, LIBERTE BVD N°2 A 90",,,Plein jour,En agglomération,Hors intersection,Pluie légère,Autre collision,,,,,,,,,,,1,2,1,2,6
200800024844,0008-05-17 13:55:00,8,5,17,13,55,590,368,SALENGRO ROGER RUE,,,Plein jour,Hors agglomération,Intersection en X,Normale,Deux véhicules - côté,,,,,,,,,,,1,1,2,1,3
200800024845,0008-05-17 17:00:00,8,5,17,17,0,590,648,"06, DE GAULLE RUE DU GEN",,,Plein jour,En agglomération,Hors intersection,Normale,Deux véhicules - côté,,,,,,,,,,,1,2,1,1,3
200800024846,0008-05-18 18:20:00,8,5,18,18,20,590,193,"0., D. 341",,,Plein jour,En agglomération,Intersection en X,Normale,Deux véhicules - côté,,,,,,,,,,,1,2,2,1,3
200800024847,0008-05-19 16:30:00,8,5,19,16,30,590,368,REPUBLIQUE AVENUE DE LA,,,Plein jour,En agglomération,Hors intersection,Normale,Autre collision,,,,,,,,,,,1,2,1,1,6
200800024848,0008-05-19 16:20:00,8,5,19,16,20,590,386,"001, ABBAYE RUE DU PONT",,,Plein jour,En agglomération,Intersection en X,Normale,Deux véhicules - côté,,,,,,,,,,,1,2,2,1,3
200800024849,0008-05-20 09:30:00,8,5,20,9,30,590,350,NATIONALE RUE N°2 A 178B,,,Plein jour,En agglomération,Hors intersection,Normale,Deux véhicules - côté,,,,,,,,,,,1,2,1,1,3
200800024850,0008-05-20 13:15:00,8,5,20,13,15,590,410,"001, DELEMAR ALEXANDRE R",,,Plein jour,En agglomération,Hors intersection,Normale,Deux véhicules - côté,,,,,,,,,,,1,2,1,1,3
200800024851,0008-05-20 16:00:00,8,5,20,16,0,590,9,8 MAI 1945 RUE DU A PART,,,Plein jour,En agglomération,Hors intersection,Pluie légère,Sans collision,,,,,,,,,,,1,2,1,2,7
200800024852,0008-05-21 17:14:00,8,5,21,17,14,590,360,PARE AMBROISE RUE,,,Plein jour,En agglomération,Intersection en T,Temps éblouissant,Deux véhicules - côté,,,,,,,,,,,1,2,3,7,3
200800024853,0008-05-20 20:20:00,8,5,20,20,20,590,350,FAUBOURG DES POSTES RUE,,,Plein jour,En agglomération,Intersection en X,Normale,Deux véhicules - côté,,,,,,,,,,,1,2,2,1,3
200800024854,0008-05-22 08:30:00,8,5,22,8,30,590,328,"66, DESCAMPS EUGENE RUE",,,Plein jour,En agglomération,Hors intersection,Normale,Autre collision,,,,,,,,,,,1,2,1,1,6
200800024855,0008-05-22 12:30:00,8,5,22,12,30,590,9,"158, FUSILLES RUE DES DU",,,Plein jour,En agglomération,Hors intersection,Normale,Deux véhicules - côté,,,,,,,,,,,1,2,1,1,3
200800024856,0008-05-22 17:30:00,8,5,22,17,30,590,378,MARNE AVENUE DE LA,,,Plein jour,En agglomération,Intersection en X,Normale,Deux véhicules - côté,,,,,,,,,,,1,2,2,1,3
200800024857,0008-05-22 17:50:00,8,5,22,17,50,590,560,"104, BOUVRY ROGER RUE",,,Plein jour,En agglomération,Intersection en X,Normale,Autre collision,,,,,,,,,,,1,2,2,1,6
200800024858,0008-05-22 18:20:00,8,5,22,18,20,590,410,"235, DE GAULLE RUE DU GE",,,Plein jour,En agglomération,Hors intersection,Normale,Deux véhicules - côté,,,,,,,,,,,1,2,1,1,3
200800024859,0008-05-23 09:10:00,8,5,23,9,10,590,566,"2, PONT RUE DU",,,Plein jour,En agglomération,Hors intersection,Normale,Trois véhicules et plus - en chaîne,,,,,,,,,,,1,2,1,1,4
200800024860,0008-05-23 13:52:00,8,5,23,13,52,590,368,DE GAULLE RUE DU GENERAL,,,Plein jour,En agglomération,Intersection en X,Normale,Autre collision,,,,,,,,,,,1,2,2,1,6
200800024861,0008-05-23 20:15:00,8,5,23,20,15,590,386,"190, YPRES RUE D",,,Plein jour,En agglomération,Hors intersection,Normale,Autre collision,,,,,,,,,,,1,2,1,1,6
200800024862,0008-05-23 20:15:00,8,5,23,20,15,590,350,"89, BLANCHE RUE",,,Crépuscule ou aube,En agglomération,Intersection en X,Normale,Deux véhicules - côté,,,,,,,,,,,2,2,2,1,3
200800024863,0008-05-24 11:15:00,8,5,24,11,15,590,350,"19, JACQUARD RUE",,,Plein jour,En agglomération,Hors intersection,Normale,Deux véhicules - côté,,,,,,,,,,,1,2,1,1,3
200800024864,0008-05-24 13:00:00,8,5,24,13,0,590,507,CASSIN RENE RUE,,,Plein jour,En agglomération,Intersection en T,Normale,Deux véhicules - côté,,,,,,,,,,,1,2,3,1,3
200800024865,0008-05-24 18:50:00,8,5,24,18,50,590,350,"260, DUNKERQUE AVENUE DE",,,Plein jour,En agglomération,Hors intersection,Normale,Autre collision,,,,,,,,,,,1,2,1,1,6
200800024866,0008-05-25 12:15:00,8,5,25,12,15,590,350,"40, FAUBOURG D'ARRAS RUE",,,Plein jour,En agglomération,Intersection en X,Normale,Autre collision,,,,,,,,,,,1,2,2,1,6
200800024867,0008-05-25 13:55:00,8,5,25,13,55,590,9,"00, VETERANS RUE DES",,,Plein jour,En agglomération,Hors intersection,Normale,Sans collision,,,,,,,,,,,1,2,1,1,7
200800024868,0008-05-26 17:00:00,8,5,26,17,0,590,350,HUGO VICTOR  BVD N°IMPAI,,,Plein jour,En agglomération,Hors intersection,Normale,Autre collision,,,,,,,,,,,1,2,1,1,6
200800024869,0008-05-26 19:50:00,8,5,26,19,50,590,346,R.D. 48,,,Plein jour,En agglomération,Autre intersection,Pluie forte,Sans collision,,,,,,,,,,,1,2,9,3,7
200800024870,0008-05-26 17:40:00,8,5,26,17,40,590,350,"135, FAUBOURG DE ROUBAIX",,,Plein jour,En agglomération,Hors intersection,Normale,Autre collision,,,,,,,,,,,1,2,1,1,6
200800024871,0008-05-03 18:00:00,8,5,3,18,0,590,648,"58, CLEMENCEAU RUE",,,Plein jour,En agglomération,Intersection en X,Normale,Autre collision,,,,,,,,,,,1,2,2,1,6
200800024872,0008-05-29 15:25:00,8,5,29,15,25,590,350,ALSACE BOULEVARD D,,,Plein jour,En agglomération,Intersection en X,Normale,Deux véhicules - côté,,,,,,,,,,,1,2,2,1,3
200800024873,0008-05-29 20:00:00,8,5,29,20,0,590,350,"211, DUNKERQUE AVENUE DE",,,Plein jour,En agglomération,Hors intersection,Normale,Deux véhicules - côté,,,,,,,,,,,1,2,1,1,3
200800024874,0008-05-29 18:45:00,8,5,29,18,45,590,350,"104, MONTEBELLO BD PAIRS",,,Plein jour,En agglomération,Hors intersection,Pluie légère,Autre collision,,,,,,,,,,,1,2,1,2,6
200800024875,0008-05-30 14:50:00,8,5,30,14,50,590,286,"43, EUROPE AVENUE DE L",,,Plein jour,En agglomération,Hors intersection,Normale,Autre collision,,,,,,,,,,,1,2,1,1,6
200800024876,0008-05-31 21:20:00,8,5,31,21,20,590,507,"35, JAURES JEAN RUE",,,Nuit avec éclairage allumé,En agglomération,Intersection en X,Normale,Autre collision,,,,,,,,,,,5,2,2,1,6
200800024877,0008-05-15 08:50:00,8,5,15,8,50,590,350,"001, SAINT ROCH RUE  HOP",,,Plein jour,En agglomération,Hors intersection,Normale,Autre collision,,,,,,,,,,,1,2,1,1,6
200800024878,0008-05-30 17:30:00,8,5,30,17,30,590,350,METZ BOULEVARD,,,Plein jour,En agglomération,Hors intersection,Normale,Autre collision,,,,,,,,,,,1,2,1,1,6
200800024879,0008-05-02 10:20:00,8,5,2,10,20,590,392,JEAN JAURES (AVENUE),,,Plein jour,En agglomération,Intersection en X,Normale,Autre collision,,,,,,,,,,,1,2,2,1,6
200800024880,0008-05-05 14:30:00,8,5,5,14,30,590,392,"47, JEAN MABUSE (AVENUE)",,,Plein jour,En agglomération,Hors intersection,Normale,Autre collision,,,,,,,,,,,1,2,1,1,6
200800024881,0008-05-11 00:45:00,8,5,11,0,45,590,392,"12, ALBERT 1ER (AVENUE)",,,Nuit avec éclairage allumé,En agglomération,Hors intersection,Normale,Sans collision,,,,,,,,,,,5,2,1,1,7
200800024882,0008-05-01 12:00:00,8,5,1,12,0,590,512,LANNOY (RUE DE),,,Plein jour,Hors agglomération,Intersection en X,Pluie légère,Autre collision,,,,,,,,,,,1,1,2,2,6
200800024883,0008-05-08 20:29:00,8,5,8,20,29,590,339,CD 700,,,Nuit avec éclairage non allumé,Hors agglomération,Hors intersection,Normale,Sans collision,,,,,,,,,,,4,1,1,1,7
200800024884,0008-05-12 08:30:00,8,5,12,8,30,590,512,BELFORT (BOULEVARD DE),,,Plein jour,Hors agglomération,Hors intersection,Normale,Deux véhicules - côté,,,,,,,,,,,1,1,1,1,3
200800024885,0008-05-12 19:15:00,8,5,12,19,15,590,512,ARTS  (RUE DES),,,Plein jour,Hors agglomération,Intersection en T,Normale,Deux véhicules - frontale,,,,,,,,,,,1,1,3,1,1
200800024886,0008-05-07 10:10:00,8,5,7,10,10,590,646,REPUBLIQUE (PLACE DE LA),,,Plein jour,En agglomération,Place,Normale,Autre collision,,,,,,,,,,,1,2,7,1,6
200800024887,0008-05-06 08:45:00,8,5,6,8,45,590,512,BEAUMONT (RUE DE),,,Plein jour,Hors agglomération,Place,Normale,Deux véhicules - côté,,,,,,,,,,,1,1,7,1,3
200800024888,0008-05-02 08:45:00,8,5,2,8,45,590,512,DE GAULLE (BOULEVARD DU,,,Plein jour,Hors agglomération,Intersection en X,Normale,Deux véhicules - côté,,,,,,,,,,,1,1,2,1,3
200800024889,0008-05-04 17:05:00,8,5,4,17,5,590,163,FLANDRE (RESIDENCE),,,Plein jour,Hors agglomération,Autre intersection,Normale,Deux véhicules - côté,,,,,,,,,,,1,1,9,1,3
200800024890,0008-05-11 16:55:00,8,5,11,16,55,590,512,JAURES (AVENUE JEAN),,,Plein jour,Hors agglomération,Intersection en T,Normale,Deux véhicules - côté,,,,,,,,,,,1,1,3,1,3
200800024891,0008-05-04 23:40:00,8,5,4,23,40,590,512,DE ROUBAIX (RUE PIERRE),,,Nuit avec éclairage allumé,Hors agglomération,Intersection en X,Normale,Deux véhicules - côté,,,,,,,,,,,5,1,2,1,3
200800024892,0008-05-06 08:10:00,8,5,6,8,10,590,512,GRANDE RUE,,,Plein jour,En agglomération,Hors intersection,Normale,Autre collision,,,,,,,,,,,1,2,1,1,6
200800024893,0008-05-07 15:00:00,8,5,7,15,0,590,512,JOUFFROY (RUE),,,Plein jour,Hors agglomération,Hors intersection,Normale,Deux véhicules - côté,,,,,,,,,,,1,1,1,1,3
200800024894,0008-05-10 06:00:00,8,5,10,6,0,590,646,MARNE (AVENUE DE LA),,,Crépuscule ou aube,Hors agglomération,Autre intersection,Normale,Deux véhicules - côté,,,,,,,,,,,2,1,9,1,3
200800024895,0008-05-10 19:20:00,8,5,10,19,20,590,646,FLANDRE (AVENUE DE),,,Plein jour,Hors agglomération,Autre intersection,Normale,Deux véhicules - côté,,,,,,,,,,,1,1,9,1,3
200800024896,0008-05-10 16:30:00,8,5,10,16,30,590,163,DE GAULLE (AVENUE DU GEN,,,Plein jour,Hors agglomération,Intersection en T,Normale,Deux véhicules - côté,,,,,,,,,,,1,1,3,1,3
200800024897,0008-05-12 18:55:00,8,5,12,18,55,590,512,GAMBETTA (BOULEVARD),,,Plein jour,En agglomération,Hors intersection,Normale,Autre collision,,,,,,,,,,,1,2,1,1,6
200800024898,0008-05-13 11:30:00,8,5,13,11,30,590,650,D'HALLUIN (RUE PIERRE),,,Plein jour,Hors agglomération,Hors intersection,Normale,Autre collision,,,,,,,,,,,1,1,1,1,6
200800024899,0008-05-14 21:30:00,8,5,14,21,30,590,512,STRASBOURG (BOULEVARD DE,,,Nuit avec éclairage allumé,Hors agglomération,Intersection en T,Normale,Deux véhicules - côté,,,,,,,,,,,5,1,3,1,3
200800024900,0008-05-01 15:35:00,8,5,1,15,35,590,512,MOTTE (AVENUE ALFRED),,,Plein jour,Hors agglomération,Intersection en X,Pluie légère,Deux véhicules - côté,,,,,,,,,,,1,1,2,2,3
200800024901,0008-05-15 17:25:00,8,5,15,17,25,590,299,GUESDE (RUE JULES),,,Plein jour,Hors agglomération,Hors intersection,Pluie forte,Deux véhicules - côté,,,,,,,,,,,1,1,1,3,3
200800024902,0008-05-16 22:55:00,8,5,16,22,55,590,646,JOUHAUX (RUE LEON),,,Nuit avec éclairage allumé,Hors agglomération,Hors intersection,Pluie légère,Sans collision,,,,,,,,,,,5,1,1,2,7
200800024903,0008-05-09 10:55:00,8,5,9,10,55,590,512,ARTS (RUE DES),,,Plein jour,Hors agglomération,Intersection en X,Normale,Deux véhicules - frontale,,,,,,,,,,,1,1,2,1,1
200800024904,0008-05-18 12:00:00,8,5,18,12,0,590,299,COUBRONNE (RUE DU DOCTEU,,,Plein jour,Hors agglomération,Intersection en T,Normale,Deux véhicules - côté,,,,,,,,,,,1,1,3,1,3
200800024905,0008-05-13 19:10:00,8,5,13,19,10,590,512,DE ROUBAIX (RUE PIERRE),,,Plein jour,Hors agglomération,Hors intersection,Normale,Deux véhicules - côté,,,,,,,,,,,1,1,1,1,3
200800024906,0008-05-19 08:30:00,8,5,19,8,30,590,512,PREVERT (RUE JACQUES),,,Plein jour,Hors agglomération,Intersection en T,Normale,Autre collision,,,,,,,,,,,1,1,3,1,6
200800024907,0008-05-23 19:40:00,8,5,23,19,40,590,512,CAMBRAI (BOULEVARD DE),,,Plein jour,Hors agglomération,Intersection en T,Normale,Deux véhicules - côté,,,,,,,,,,,1,1,3,1,3
200800024908,0008-05-09 11:10:00,8,5,9,11,10,590,512,DELORY  (AVENUE GUSTAVE),,,Plein jour,Hors agglomération,Intersection en X,Normale,Deux véhicules - côté,,,,,,,,,,,1,1,2,1,3
200800024909,0008-05-10 17:25:00,8,5,10,17,25,590,512,GAND (QUAI DE),,,Plein jour,Hors agglomération,Intersection en T,Normale,Autre collision,,,,,,,,,,,1,1,3,1,6
200800024910,0008-05-10 19:40:00,8,5,10,19,40,590,646,MARNE (AVENUE DE LA),,,Plein jour,Hors agglomération,Intersection en X,Normale,Deux véhicules - côté,,,,,,,,,,,1,1,2,1,3
200800024911,0008-05-22 13:40:00,8,5,22,13,40,590,163,DEVOUEMENT (RUE DU),,,Plein jour,En agglomération,Intersection en X,Normale,Deux véhicules - côté,,,,,,,,,,,1,2,2,1,3
200800024912,0008-05-22 14:55:00,8,5,22,14,55,590,512,ARMENTIERES (BOULEVARD D,,,Plein jour,Hors agglomération,Hors intersection,Normale,Autre collision,,,,,,,,,,,1,1,1,1,6
200800024913,0008-05-23 19:05:00,8,5,23,19,5,590,512,EPEULE  (RUE DE L'),,,Plein jour,Hors agglomération,Intersection en X,Normale,Autre collision,,,,,,,,,,,1,1,2,1,6
200800024914,0008-05-26 07:55:00,8,5,26,7,55,590,512,DELORY  (AVENUE GUSTAVE),,,Plein jour,En agglomération,Hors intersection,Temps couvert,Deux véhicules - côté,,,,,,,,,,,1,2,1,8,3
200800024915,0008-05-26 21:25:00,8,5,26,21,25,590,163,GARE (RUE DE LA),,,Nuit avec éclairage allumé,Hors agglomération,Intersection en X,Normale,Autre collision,,,,,,,,,,,5,1,2,1,6
200800024916,0008-05-28 14:20:00,8,5,28,14,20,590,646,GRAND COTTIGNIES (AVENUE,,,Plein jour,Hors agglomération,Autre intersection,Normale,Autre collision,,,,,,,,,,,1,1,9,1,6
200800024917,0008-05-28 17:20:00,8,5,28,17,20,590,512,BEAUREPAIRE  (RUE DE),,,Plein jour,Hors agglomération,Hors intersection,Normale,Autre collision,,,,,,,,,,,1,1,1,1,6
200800024918,0008-05-30 06:45:00,8,5,30,6,45,590,512,JAURES (AVENUE JEAN),,,Nuit avec éclairage allumé,Hors agglomération,Intersection en X,Pluie légère,Sans collision,,,,,,,,,,,5,1,2,2,7
200800024919,0008-05-31 18:15:00,8,5,31,18,15,590,646,FLANDRE (AVENUE DE),,,Plein jour,Hors agglomération,Intersection en X,Normale,Deux véhicules - côté,,,,,,,,,,,1,1,2,1,3
200800024920,0008-05-09 08:20:00,8,5,9,8,20,590,512,DELORY  (AVENUE GUSTAVE),,,Plein jour,En agglomération,Hors intersection,Normale,Deux véhicules - arrière,,,,,,,,,,,1,2,1,1,2
200800024921,0008-05-16 11:40:00,8,5,16,11,40,590,512,HOMMELET (RUE DE L'),,,Plein jour,Hors agglomération,Hors intersection,Normale,Autre collision,,,,,,,,,,,1,1,1,1,6
200800024922,0008-05-20 23:00:00,8,5,20,23,0,590,574,"263, WILSON PROLONGEE(RU",,,Nuit avec éclairage allumé,En agglomération,Intersection en T,Normale,Autre collision,,,,,,,,,,,5,2,3,1,6
200800024923,0008-05-02 08:00:00,8,5,2,8,0,590,599,SCHUMAN (RUE ROBERT),,,Plein jour,En agglomération,Intersection en T,Normale,Deux véhicules - côté,,,,,,,,,,,1,2,3,1,3
200800024924,0008-05-09 14:55:00,8,5,9,14,55,590,599,SCHUMAN (RUE ROBERT),,,Plein jour,En agglomération,Hors intersection,Normale,Trois véhicules et plus - collisions multiples,,,,,,,,,,,1,2,1,1,5
200800024925,0008-05-09 14:05:00,8,5,9,14,5,590,599,BLANCHE (RUE DE LA CROIX,,,Plein jour,En agglomération,Intersection en T,Normale,Deux véhicules - côté,,,,,,,,,,,1,2,3,1,3
200800024926,0008-05-09 17:10:00,8,5,9,17,10,590,421,TOURCOING (RUE DE),,,Plein jour,En agglomération,Intersection en T,Normale,Deux véhicules - côté,,,,,,,,,,,1,2,3,1,3
200800024927,0008-05-09 20:50:00,8,5,9,20,50,590,279,"202, PERUWELTZ (CHEMIN)",,,Crépuscule ou aube,En agglomération,Hors intersection,Normale,Sans collision,,,,,,,,,,,2,2,1,1,7
200800024928,0008-05-13 16:00:00,8,5,13,16,0,590,599,"130, GAND (RUE DE)",,,Plein jour,En agglomération,Intersection en T,Normale,Autre collision,,,,,,,,,,,1,2,3,1,6
200800024929,0008-05-16 12:50:00,8,5,16,12,50,590,599,", RENAIX (RUE)",,,Plein jour,En agglomération,Hors intersection,Normale,Autre collision,,,,,,,,,,,1,2,1,1,6
200800024930,0008-05-17 21:40:00,8,5,17,21,40,590,599,"330, YSER (RUE DE L')",,,Nuit avec éclairage allumé,En agglomération,Hors intersection,Pluie légère,Autre collision,,,,,,,,,,,5,2,1,2,6
200800024931,0008-05-23 16:25:00,8,5,23,16,25,590,599,", FLOCON (RUE DU)",,,Plein jour,En agglomération,Intersection en T,Normale,Deux véhicules - frontale,,,,,,,,,,,1,2,3,1,1
200800024932,0008-05-22 12:50:00,8,5,22,12,50,590,508,"66, TOURCOING (RUE DE)",,,Plein jour,En agglomération,Hors intersection,Normale,Deux véhicules - frontale,,,,,,,,,,,1,2,1,1,1
200800024933,0008-05-27 01:50:00,8,5,27,1,50,590,352,"41, JOFFRE (RUE DU MAREC",,,Nuit sans éclairage public,En agglomération,Hors intersection,Temps couvert,Sans collision,,,,,,,,,,,3,2,1,8,7
200800024934,0008-05-27 08:00:00,8,5,27,8,0,590,599,"83, GAND (RUE DE)",,,Plein jour,En agglomération,Hors intersection,Normale,Deux véhicules - frontale,,,,,,,,,,,1,2,1,1,1
200800024935,0008-05-03 03:40:00,8,5,3,3,40,590,383,"96, SAINT SAULVE (RUE DE",,,Nuit avec éclairage allumé,En agglomération,Hors intersection,Normale,Autre collision,,,,,,,,,,,5,2,1,1,6
200800024936,0008-05-03 16:25:00,8,5,3,16,25,590,14,"07, RAISMES (RUE DE)",,,Plein jour,En agglomération,Hors intersection,Normale,Trois véhicules et plus - collisions multiples,,,,,,,,,,,1,2,1,1,5
200800024937,0008-05-07 18:30:00,8,5,7,18,30,590,369,COUTURIER (RUE PAUL VAIL,,,Plein jour,Hors agglomération,Intersection en X,Normale,Deux véhicules - côté,,,,,,,,,,,1,1,2,1,3
200800024938,0008-05-15 21:55:00,8,5,15,21,55,590,606,DESANDROUIN (AV) - ST WA,,,Nuit avec éclairage allumé,En agglomération,Hors intersection,Normale,Autre collision,,,,,,,,,,,5,2,1,1,6
200800024939,0008-05-14 17:20:00,8,5,14,17,20,590,14,", FAURE (RUE FELIX)",,,Plein jour,En agglomération,Intersection en T,Normale,Deux véhicules - côté,,,,,,,,,,,1,2,3,1,3
200800024940,0008-05-09 12:00:00,8,5,9,12,0,590,459,ZAC AUCHAN,,,Plein jour,Hors agglomération,Hors intersection,Normale,Deux véhicules - côté,,,,,,,,,,,1,1,1,1,3
200800024941,0008-05-13 18:00:00,8,5,13,18,0,590,564,JAURES (AVENUE JEAN),,,Plein jour,En agglomération,Hors intersection,Normale,Trois véhicules et plus - en chaîne,,,,,,,,,,,1,2,1,1,4
200800024942,0008-05-14 18:30:00,8,5,14,18,30,590,606,"102, DAMPIERRE (AVENUE)",,,Plein jour,En agglomération,Intersection en X,Normale,Deux véhicules - côté,,,,,,,,,,,1,2,2,1,3
200800024943,0008-05-03 19:30:00,8,5,3,19,30,590,14,"18, VOLTAIRE (RUE)",,,Plein jour,En agglomération,Hors intersection,Normale,Autre collision,,,,,,,,,,,1,2,1,1,6
200800024944,0008-05-16 10:15:00,8,5,16,10,15,590,491,"24, DURRE (RUE HENRI)",,,Plein jour,En agglomération,Hors intersection,Normale,Deux véhicules - côté,,,,,,,,,,,1,2,1,1,3