accident_id,datetime,annee,mois,jour,heure,minute,departement,commune_insee,adresse,latitude,longitude,luminosite,agglomeration,intersection,meteo,collision,nb_vehicules,nb_usagers,nb_indemnes,nb_tues,nb_blesses_hosp,nb_blesses_legers,age_cond_1,age_cond_2,veh_type_cond_1,veh_type_cond_2,lum_code,agg_code,int_code,atm_code,col_code
200800025212,0008-05-18 17:40:00,8,5,18,17,40,670,482,"0, ABBE LEMIRE (RUE DE L",,,Plein jour,En agglomération,Hors intersection,Pluie légère,Deux véhicules - côté,,,,,,,,,,,1,2,1,2,3
200800025213,0008-05-19 12:15:00,8,5,19,12,15,670,482,PIERRE CORNEILLE (AVENUE,,,Plein jour,En agglomération,Hors intersection,Normale,Autre collision,,,,,,,,,,,1,2,1,1,6
200800025214,0008-05-19 17:30:00,8,5,19,17,30,670,482,HORACE (RUE),,,Plein jour,En agglomération,Intersection en T,Normale,Autre collision,,,,,,,,,,,1,2,3,1,6
200800025215,0008-05-20 12:15:00,8,5,20,12,15,670,482,JEAN JAURES (AVENUE),,,Plein jour,En agglomération,Intersection en X,Normale,Deux véhicules - côté,,,,,,,,,,,1,2,2,1,3
200800025216,0008-05-20 18:40:00,8,5,20,18,40,670,447,"00, RONSARD (RUE)",,,Plein jour,En agglomération,Intersection en T,Normale,Deux véhicules - côté,,,,,,,,,,,1,2,3,1,3
200800025217,0008-05-21 17:55:00,8,5,21,17,55,670,482,"0, REPUBLIQUE (PLACE DE",,,Plein jour,Hors agglomération,Intersection en T,Normale,Deux véhicules - côté,,,,,,,,,,,1,1,3,1,3
200800025218,0008-05-21 18:15:00,8,5,21,18,15,670,482,"11, BRIGADE ALSACE LORRA",,,Plein jour,En agglomération,Hors intersection,Normale,Deux véhicules - côté,,,,,,,,,,,1,2,1,1,3
200800025219,0008-05-22 08:25:00,8,5,22,8,25,670,482,"43, CARPE HAUTE (RUE DE",,,Plein jour,En agglomération,Hors intersection,Normale,Trois véhicules et plus - collisions multiples,,,,,,,,,,,1,2,1,1,5
200800025220,0008-05-22 14:25:00,8,5,22,14,25,670,482,"00, JEAN GIRAUDOUX (RUE)",,,Plein jour,En agglomération,Hors intersection,Normale,Deux véhicules - côté,,,,,,,,,,,1,2,1,1,3
200800025221,0008-05-23 09:15:00,8,5,23,9,15,670,482,"121, SCHIRMECK (ROUTE DE",,,Plein jour,En agglomération,Hors intersection,Normale,Deux véhicules - arrière,,,,,,,,,,,1,2,1,1,2
200800025222,0008-05-23 14:50:00,8,5,23,14,50,670,447,"0, PIERRE MENDES FRANCE",,,Plein jour,En agglomération,Intersection en X,Normale,Deux véhicules - côté,,,,,,,,,,,1,2,2,1,3
200800025223,0008-05-23 18:15:00,8,5,23,18,15,670,447,"00, GENERAL DE GAULLE (R",,,Plein jour,En agglomération,Intersection en X,Normale,Deux véhicules - côté,,,,,,,,,,,1,2,2,1,3
200800025224,0008-05-26 10:20:00,8,5,26,10,20,670,365,"0, SEMINAIRE (RUE DU)",,,Plein jour,En agglomération,Intersection en X,Normale,Deux véhicules - côté,,,,,,,,,,,1,2,2,1,3
200800025225,0008-05-26 13:50:00,8,5,26,13,50,670,482,"0, CLEMENCEAU (BOULEVARD",,,Plein jour,En agglomération,Hors intersection,Normale,Autre collision,,,,,,,,,,,1,2,1,1,6
200800025226,0008-05-26 17:45:00,8,5,26,17,45,670,482,"110, ROMAINS (ROUTE DES)",,,Plein jour,En agglomération,Intersection en T,Normale,Deux véhicules - côté,,,,,,,,,,,1,2,3,1,3
200800025227,0008-05-27 08:55:00,8,5,27,8,55,670,218,"00, CHASSEURS (RUE DES)",,,Plein jour,En agglomération,Intersection en T,Normale,Deux véhicules - arrière,,,,,,,,,,,1,2,3,1,2
200800025228,0008-05-27 10:35:00,8,5,27,10,35,670,482,"151, LA WANTZENAU (ROUTE",,,Plein jour,En agglomération,Hors intersection,Normale,Deux véhicules - arrière,,,,,,,,,,,1,2,1,1,2
200800025229,0008-05-27 11:50:00,8,5,27,11,50,670,482,"00, HUMANN (RUE)",,,Plein jour,En agglomération,Hors intersection,Normale,Deux véhicules - arrière,,,,,,,,,,,1,2,1,1,2
200800025230,0008-05-27 17:40:00,8,5,27,17,40,670,482,"00, HOMME DE FER (PLACE",,,Plein jour,En agglomération,Hors intersection,Normale,Autre collision,,,,,,,,,,,1,2,1,1,6
200800025231,0008-05-27 17:50:00,8,5,27,17,50,670,482,"4, INGOLD (RUE)",,,Plein jour,En agglomération,Hors intersection,Normale,Autre collision,,,,,,,,,,,1,2,1,1,6
200800025232,0008-05-27 18:35:00,8,5,27,18,35,670,482,"14, CLEMENCEAU (BOULEVAR",,,Plein jour,En agglomération,Hors intersection,Normale,Deux véhicules - côté,,,,,,,,,,,1,2,1,1,3
200800025233,0008-05-29 10:00:00,8,5,29,10,0,670,482,WANTZENAU (RTE DE LA),,,Plein jour,En agglomération,Hors intersection,Normale,Autre collision,,,,,,,,,,,1,2,1,1,6
200800025234,0008-05-29 17:12:00,8,5,29,17,12,670,482,"158, SCHIRMECK (ROUTE DE",,,Plein jour,En agglomération,Hors intersection,Normale,Autre collision,,,,,,,,,,,1,2,1,1,6
200800025235,0008-05-30 09:30:00,8,5,30,9,30,670,482,"00, FRERES (RUE DES)",,,Plein jour,En agglomération,Hors intersection,Normale,Deux véhicules - arrière,,,,,,,,,,,1,2,1,1,2
200800025236,0008-05-30 17:00:00,8,5,30,17,0,670,482,"00, DANTE (AVENUE)",,,Plein jour,En agglomération,Hors intersection,Normale,Autre collision,,,,,,,,,,,1,2,1,1,6
200800025237,0008-05-31 11:35:00,8,5,31,11,35,670,482,VIEUX MARCHE AUX POISSON,,,Plein jour,En agglomération,Intersection en T,Normale,Autre collision,,,,,,,,,,,1,2,3,1,6
200800025238,0008-05-31 13:45:00,8,5,31,13,45,670,482,"18, NORMANDIE (AVENUE DE",,,Plein jour,En agglomération,Hors intersection,Normale,Autre collision,,,,,,,,,,,1,2,1,1,6
200800025239,0008-05-31 14:45:00,8,5,31,14,45,670,482,"00, MARCHE GARE (RUE DU)",,,Plein jour,En agglomération,Hors intersection,Normale,Autre collision,,,,,,,,,,,1,2,1,1,6
200800025240,0008-05-31 18:45:00,8,5,31,18,45,670,482,"0, ALPES (QUAI DES)",,,Plein jour,En agglomération,Hors intersection,Normale,Deux véhicules - côté,,,,,,,,,,,1,2,1,1,3
200800025241,0008-05-02 16:42:00,8,5,2,16,42,680,66,"31, SCHUMANN (RUE)",,,Plein jour,En agglomération,Intersection en T,Normale,Deux véhicules - côté,,,,,,,,,,,1,2,3,1,3
200800025242,0008-05-11 19:00:00,8,5,11,19,0,680,66,"13, AMSTERDAM ( RUE D')",,,Plein jour,En agglomération,Hors intersection,Normale,Autre collision,,,,,,,,,,,1,2,1,1,6
200800025243,0008-05-09 21:00:00,8,5,9,21,0,680,66,"9, ABBE LEMIRE (RUE DE L",,,Plein jour,En agglomération,Hors intersection,Normale,Deux véhicules - côté,,,,,,,,,,,1,2,1,1,3
200800025244,0008-05-17 16:17:00,8,5,17,16,17,680,66,"142, LADHOF (RUE DU)",,,Plein jour,En agglomération,Hors intersection,Pluie légère,Autre collision,,,,,,,,,,,1,2,1,2,6
200800025245,0008-05-19 08:47:00,8,5,19,8,47,680,66,"65, TROIS CHATEAUX (RUE",,,Plein jour,En agglomération,Intersection en X,Normale,Deux véhicules - côté,,,,,,,,,,,1,2,2,1,3
200800025246,0008-05-20 13:15:00,8,5,20,13,15,680,66,"55, VAL SAINT GREGOIRE (",,,Plein jour,En agglomération,Hors intersection,Normale,Deux véhicules - côté,,,,,,,,,,,1,2,1,1,3
200800025247,0008-05-28 12:07:00,8,5,28,12,7,680,66,"31-33, LOGELBACH ( RUE D",,,Plein jour,En agglomération,Hors intersection,Normale,Deux véhicules - frontale,,,,,,,,,,,1,2,1,1,1
200800025248,0008-05-29 12:52:00,8,5,29,12,52,680,66,"25, FRERES LUMIERE (RUE",,,Plein jour,En agglomération,Giratoire,Normale,Deux véhicules - côté,,,,,,,,,,,1,2,6,1,3
200800025249,0008-05-30 12:12:00,8,5,30,12,12,680,66,"31a, BALE ( ROUTE DE)",,,Plein jour,En agglomération,Intersection en X,Normale,Deux véhicules - côté,,,,,,,,,,,1,2,2,1,3
200800025250,0008-05-04 01:45:00,8,5,4,1,45,680,112,"1, 4 FEVRIER (RUE DU)",,,Nuit avec éclairage allumé,En agglomération,Hors intersection,Normale,Sans collision,,,,,,,,,,,5,2,1,1,7
200800025251,0008-05-07 13:55:00,8,5,7,13,55,680,112,"1, CHANOINES (RUE DES)",,,Plein jour,En agglomération,Intersection en T,Normale,Deux véhicules - côté,,,,,,,,,,,1,2,3,1,3
200800025252,0008-05-19 11:05:00,8,5,19,11,5,680,112,"2, 4EME REGIMENT SPAHIS",,,Plein jour,En agglomération,Intersection en X,Normale,Deux véhicules - côté,,,,,,,,,,,1,2,2,1,3
200800025253,0008-05-02 10:45:00,8,5,2,10,45,680,224,"70, KENNEDY (AVENUE DU P",,,Plein jour,En agglomération,Hors intersection,Normale,Autre collision,,,,,,,,,,,1,2,1,1,6
200800025254,0008-05-03 14:55:00,8,5,3,14,55,680,224,KINGERSHEIM (RUE DE),,,Plein jour,En agglomération,Intersection en T,Normale,Deux véhicules - côté,,,,,,,,,,,1,2,3,1,3
200800025255,0008-05-02 17:20:00,8,5,2,17,20,680,224,"15, FRANKLIN (RUE)",,,Plein jour,En agglomération,Intersection en T,Normale,Deux véhicules - côté,,,,,,,,,,,1,2,3,1,3
200800025256,0008-05-03 09:26:00,8,5,3,9,26,680,224,"21, SIPHON (RUE DU)",,,Plein jour,En agglomération,Place,Normale,Autre collision,,,,,,,,,,,1,2,7,1,6
200800025257,0008-05-05 11:30:00,8,5,5,11,30,680,224,"5, SCHUTZENBERGER (RUE P",,,Plein jour,En agglomération,Intersection en X,Normale,Deux véhicules - côté,,,,,,,,,,,1,2,2,1,3
200800025258,0008-05-12 15:30:00,8,5,12,15,30,680,224,HUBNER (RUE),,,Plein jour,En agglomération,Intersection en X,Normale,Deux véhicules - côté,,,,,,,,,,,1,2,2,1,3
200800025259,0008-05-26 16:43:00,8,5,26,16,43,680,271,"30, GAULLE (RUE DU GENER",,,Plein jour,En agglomération,Hors intersection,Normale,Autre collision,,,,,,,,,,,1,2,1,1,6
200800025260,0008-05-16 18:35:00,8,5,16,18,35,680,224,HENNER (RUE JEAN-JACQUES,,,Plein jour,En agglomération,Autre intersection,Normale,Autre collision,,,,,,,,,,,1,2,9,1,6
200800025261,0008-05-23 14:15:00,8,5,23,14,15,680,256,REPUBLIQUE (RUE DE LA),,,Plein jour,En agglomération,Giratoire,Normale,Deux véhicules - arrière,,,,,,,,,,,1,2,6,1,2
200800025262,0008-05-22 14:10:00,8,5,22,14,10,680,224,VOIE RAPIDE OUEST,,,Plein jour,Hors agglomération,Hors intersection,Normale,Deux véhicules - côté,,,,,,,,,,,1,1,1,1,3
200800025263,0008-05-14 18:55:00,8,5,14,18,55,680,256,"155, REPUBLIQUE (RUE DE",,,Plein jour,En agglomération,Passage à niveau,Normale,Deux véhicules - côté,,,,,,,,,,,1,2,8,1,3
200800025264,0008-05-13 13:52:00,8,5,13,13,52,680,224,CLEMENCEAU (AVENUE),,,Plein jour,En agglomération,Intersection en T,Normale,Autre collision,,,,,,,,,,,1,2,3,1,6
200800025265,0008-05-23 10:30:00,8,5,23,10,30,680,224,MEYER (RUE ROBERT),,,Plein jour,En agglomération,Autre intersection,Normale,Deux véhicules - côté,,,,,,,,,,,1,2,9,1,3
200800025266,0008-05-30 15:20:00,8,5,30,15,20,680,224,"0, THENARD (RUE)",,,Plein jour,En agglomération,Intersection en X,Pluie légère,Deux véhicules - côté,,,,,,,,,,,1,2,2,2,3
200800025267,0008-05-20 07:50:00,8,5,20,7,50,680,224,"35, DAGUERRE (RUE)",,,Plein jour,En agglomération,Hors intersection,Normale,Deux véhicules - arrière,,,,,,,,,,,1,2,1,1,2
200800025268,0008-05-20 08:14:00,8,5,20,8,14,680,224,"14, MANEGE (RUE DU)",,,Plein jour,En agglomération,Hors intersection,Normale,Autre collision,,,,,,,,,,,1,2,1,1,6
200800025269,0008-05-29 17:20:00,8,5,29,17,20,680,256,"58, MAIRIE (RUE DE LA)",,,Plein jour,En agglomération,Intersection en X,Normale,Deux véhicules - côté,,,,,,,,,,,1,2,2,1,3
200800025270,0008-05-18 15:00:00,8,5,18,15,0,680,56,"241, ALTKIRCH (AVENUE D'",,,Plein jour,En agglomération,Hors intersection,Normale,Deux véhicules - côté,,,,,,,,,,,1,2,1,1,3
200800025271,0008-05-31 14:25:00,8,5,31,14,25,680,56,"178, ALTKIRCH (AVENUE D'",,,Plein jour,En agglomération,Intersection en T,Pluie légère,Deux véhicules - côté,,,,,,,,,,,1,2,3,2,3
200800025272,0008-05-09 12:00:00,8,5,9,12,0,680,297,"12, ALTKIRCH ( RUE D' )",,,Plein jour,En agglomération,Hors intersection,Normale,Deux véhicules - côté,,,,,,,,,,,1,2,1,1,3
200800025273,0008-05-10 20:00:00,8,5,10,20,0,690,34,"14, AVENUE GENERAL LECLE",,,Plein jour,En agglomération,Hors intersection,Normale,Autre collision,,,,,,,,,,,1,2,1,1,6
200800025274,0008-05-16 21:40:00,8,5,16,21,40,690,91,"18, JOSEPH FAURE ( R )",,,Nuit avec éclairage allumé,En agglomération,Hors intersection,Temps couvert,Sans collision,,,,,,,,,,,5,2,1,8,7
200800025275,0008-05-27 17:20:00,8,5,27,17,20,690,91,"19, ANATOLE FRANCE (AV)",,,Plein jour,Hors agglomération,Hors intersection,Normale,Deux véhicules - arrière,,,,,,,,,,,1,1,1,1,2
200800025276,0008-05-08 17:20:00,8,5,8,17,20,690,149,"216, GRANDE RUE",,,Plein jour,En agglomération,Intersection en T,Normale,Deux véhicules - côté,,,,,,,,,,,1,2,3,1,3
200800025277,0008-05-10 16:30:00,8,5,10,16,30,690,149,"22, GRANDE RUE",,,Plein jour,En agglomération,Hors intersection,Normale,Deux véhicules - côté,,,,,,,,,,,1,2,1,1,3
200800025278,0008-05-17 08:00:00,8,5,17,8,0,690,149,AUGUSTE BLANQUI,,,Plein jour,En agglomération,Intersection en X,Pluie légère,Deux véhicules - côté,,,,,,,,,,,1,2,2,2,3
200800025279,0008-05-12 15:12:00,8,5,12,15,12,690,202,CUZIEU (DE),,,Plein jour,En agglomération,Hors intersection,Normale,Sans collision,,,,,,,,,,,1,2,1,1,7
200800025280,0008-05-28 23:20:00,8,5,28,23,20,690,142,"66, STEPHANE DECHANT",,,Nuit avec éclairage allumé,En agglomération,Autre intersection,Normale,Autre collision,,,,,,,,,,,5,2,9,1,6
200800025281,0008-05-19 10:05:00,8,5,19,10,5,690,149,ANATOLE FRANCE,,,Plein jour,En agglomération,Hors intersection,Normale,Deux véhicules - côté,,,,,,,,,,,1,2,1,1,3
200800025282,0008-05-07 20:45:00,8,5,7,20,45,690,256,AUGUSTE BRUNEL,,,Crépuscule ou aube,En agglomération,Intersection en X,Normale,Deux véhicules - côté,,,,,,,,,,,2,2,2,1,3
200800025283,0008-05-01 11:00:00,8,5,1,11,0,690,259,"0, PROFESSEUR ROUX (DU)",,,Plein jour,En agglomération,Hors intersection,Temps éblouissant,Autre collision,,,,,,,,,,,1,2,1,7,6
200800025284,0008-05-14 12:15:00,8,5,14,12,15,690,259,AVENUE MAURICE THOREZ,,,Plein jour,En agglomération,Intersection en T,Normale,Deux véhicules - arrière,,,,,,,,,,,1,2,3,1,2
200800025285,0008-05-14 14:30:00,8,5,14,14,30,690,199,"16, CARNOT",,,Plein jour,En agglomération,Hors intersection,Normale,Autre collision,,,,,,,,,,,1,2,1,1,6
200800025286,0008-05-15 11:40:00,8,5,15,11,40,690,259,"0, RUE PROSPER ALFARIC",,,Plein jour,En agglomération,Hors intersection,Normale,Autre collision,,,,,,,,,,,1,2,1,1,6
200800025287,0008-05-15 16:15:00,8,5,15,16,15,690,199,BOULEVARD YVES FARGE,,,Plein jour,En agglomération,Hors intersection,Normale,Trois véhicules et plus - en chaîne,,,,,,,,,,,1,2,1,1,4
200800025288,0008-05-19 19:05:00,8,5,19,19,5,690,259,"0, 11 NOVEMBRE 1918 (DU)",,,Plein jour,En agglomération,Intersection en X,Normale,Deux véhicules - frontale,,,,,,,,,,,1,2,2,1,1
200800025289,0008-05-20 09:05:00,8,5,20,9,5,690,259,RUE EUGENE PELOUX,,,Plein jour,En agglomération,Intersection en X,Normale,Deux véhicules - côté,,,,,,,,,,,1,2,2,1,3
200800025290,0008-05-20 19:45:00,8,5,20,19,45,690,259,"0, RUE FRANCISQUE AYNARD",,,Plein jour,En agglomération,Intersection en T,Normale,Deux véhicules - côté,,,,,,,,,,,1,2,3,1,3
200800025291,0008-05-24 18:00:00,8,5,24,18,0,690,259,"136, BOULEVARD IRENE JOL",,,Plein jour,En agglomération,Hors intersection,Normale,Autre collision,,,,,,,,,,,1,2,1,1,6
200800025292,0008-05-26 11:35:00,8,5,26,11,35,690,259,"2, RUE GASTON MONMOUSSEA",,,Plein jour,En agglomération,Hors intersection,Normale,Autre collision,,,,,,,,,,,1,2,1,1,6
200800025293,0008-05-27 21:52:00,8,5,27,21,52,690,259,RUE PAUL BERT,,,Nuit avec éclairage allumé,En agglomération,Giratoire,Normale,Sans collision,,,,,,,,,,,5,2,6,1,7
200800025294,0008-05-29 12:35:00,8,5,29,12,35,690,259,"0, AVENUE JACQUES DUCLOS",,,Plein jour,En agglomération,Intersection en X,Normale,Deux véhicules - côté,,,,,,,,,,,1,2,2,1,3
200800025295,0008-05-05 18:15:00,8,5,5,18,15,690,264,LOYSON DE CHASTELUS  R,,,Plein jour,En agglomération,Hors intersection,Normale,Autre collision,,,,,,,,,,,1,2,1,1,6
200800025296,0008-05-15 13:10:00,8,5,15,13,10,690,264,GODART JUSTIN  R,,,Plein jour,En agglomération,Intersection en X,Pluie légère,Deux véhicules - arrière,,,,,,,,,,,1,2,2,2,2
200800025297,0008-05-11 14:30:00,8,5,11,14,30,690,92,BEAUJOLAIS (AVENUE DU),,,Plein jour,En agglomération,Intersection en T,Normale,Deux véhicules - arrière,,,,,,,,,,,1,2,3,1,2
200800025298,0008-05-27 22:32:00,8,5,27,22,32,690,264,BERNAND ETIENNE  BD,,,Nuit avec éclairage allumé,En agglomération,Intersection en X,Normale,Deux véhicules - frontale,,,,,,,,,,,5,2,2,1,1
200800025299,0008-05-20 13:55:00,8,5,20,13,55,690,264,"183, JAURES JEAN  BD",,,Plein jour,En agglomération,Hors intersection,Normale,Autre collision,,,,,,,,,,,1,2,1,1,6
200800025300,0008-05-05 13:35:00,8,5,5,13,35,690,266,"53, RUE JEAN JAURES",,,Plein jour,En agglomération,Hors intersection,Normale,Autre collision,,,,,,,,,,,1,2,1,1,6
200800025301,0008-05-09 00:40:00,8,5,9,0,40,690,266,"1, RUE DEDIEU",,,Nuit avec éclairage allumé,En agglomération,Intersection en X,Normale,Autre collision,,,,,,,,,,,5,2,2,1,6
200800025302,0008-05-19 17:15:00,8,5,19,17,15,690,266,"100, RUE DU 8 MAI 1945",,,Plein jour,En agglomération,Intersection en T,Normale,Autre collision,,,,,,,,,,,1,2,3,1,6
200800025303,0008-05-09 15:45:00,8,5,9,15,45,690,266,"263, ROUTE DE GENAS",,,Plein jour,En agglomération,Intersection en X,Normale,Deux véhicules - côté,,,,,,,,,,,1,2,2,1,3
200800025304,0008-05-09 17:35:00,8,5,9,17,35,690,266,"167, COURS TOLSTOI",,,Plein jour,En agglomération,Hors intersection,Normale,Autre collision,,,,,,,,,,,1,2,1,1,6
200800025305,0008-05-10 15:15:00,8,5,10,15,15,690,266,"4, RUE DES ALLIES",,,Plein jour,En agglomération,Hors intersection,Normale,Autre collision,,,,,,,,,,,1,2,1,1,6
200800025306,0008-05-13 19:15:00,8,5,13,19,15,690,266,"123---Il g, RUE LOUIS BE",,,Plein jour,En agglomération,Autre intersection,Normale,Autre collision,,,,,,,,,,,1,2,9,1,6
200800025307,0008-05-20 17:00:00,8,5,20,17,0,690,266,"27, RUE JEAN JAURES",,,Plein jour,En agglomération,Intersection en T,Normale,Sans collision,,,,,,,,,,,1,2,3,1,7
200800025308,0008-05-13 08:00:00,8,5,13,8,0,690,266,"1, RUE DE LA LIGNE DE L",,,Plein jour,En agglomération,Intersection en X,Normale,Autre collision,,,,,,,,,,,1,2,2,1,6
200800025309,0008-05-17 18:10:00,8,5,17,18,10,690,266,"56, RUE LEON BLUM",,,Plein jour,En agglomération,Hors intersection,Normale,Deux véhicules - arrière,,,,,,,,,,,1,2,1,1,2
200800025310,0008-05-17 21:25:00,8,5,17,21,25,690,266,"18, AVENUE CONDORCET",,,Nuit avec éclairage allumé,En agglomération,Hors intersection,Normale,Autre collision,,,,,,,,,,,5,2,1,1,6
200800025311,0008-05-20 17:05:00,8,5,20,17,5,690,266,"1, RUE DE LA FILATURE",,,Plein jour,En agglomération,Intersection en X,Normale,Autre collision,,,,,,,,,,,1,2,2,1,6
200800025312,0008-05-22 07:30:00,8,5,22,7,30,690,266,"20, COURS EMILE ZOLA",,,Plein jour,En agglomération,Hors intersection,Normale,Autre collision,,,,,,,,,,,1,2,1,1,6
200800025313,0008-05-11 12:25:00,8,5,11,12,25,690,266,"1, BOULEVARD DE LA BATAI",,,Plein jour,En agglomération,Intersection en X,Normale,Autre collision,,,,,,,,,,,1,2,2,1,6
200800025314,0008-05-22 18:25:00,8,5,22,18,25,690,266,"80, BOULEVARD EUGENE REG",,,Plein jour,En agglomération,Autre intersection,Normale,Autre collision,,,,,,,,,,,1,2,9,1,6
200800025315,0008-05-26 17:55:00,8,5,26,17,55,690,266,"148, RUE ANATOLE FRANCE",,,Plein jour,En agglomération,Hors intersection,Pluie légère,Deux véhicules - côté,,,,,,,,,,,1,2,1,2,3
200800025316,0008-05-27 19:00:00,8,5,27,19,0,690,266,"166, RUE LEON BLUM",,,Plein jour,En agglomération,Intersection en X,Normale,Autre collision,,,,,,,,,,,1,2,2,1,6
200800025317,0008-05-29 17:50:00,8,5,29,17,50,690,266,"1, RUE CHATEAU GAILLARD",,,Plein jour,En agglomération,Intersection en X,Pluie légère,Deux véhicules - côté,,,,,,,,,,,1,2,2,2,3
200800025318,0008-05-30 11:15:00,8,5,30,11,15,690,266,"1, RUE PIERRE BARATIN",,,Plein jour,En agglomération,Intersection en X,Normale,Autre collision,,,,,,,,,,,1,2,2,1,6
200800025319,0008-05-18 21:30:00,8,5,18,21,30,690,282,"56, CHEMIN DE POMMIER",,,Nuit avec éclairage allumé,En agglomération,Intersection en T,Normale,Deux véhicules - frontale,,,,,,,,,,,5,2,3,1,1
200800025320,0008-05-05 17:50:00,8,5,5,17,50,690,290,ROUTE D HEYRIEUX,,,Plein jour,En agglomération,Hors intersection,Normale,Deux véhicules - côté,,,,,,,,,,,1,2,1,1,3
200800025321,0008-05-08 11:15:00,8,5,8,11,15,690,290,"0, AVENUE JEAN JAURES",,,Plein jour,En agglomération,Intersection en X,Normale,Deux véhicules - côté,,,,,,,,,,,1,2,2,1,3
200800025322,0008-05-09 10:45:00,8,5,9,10,45,690,290,"0, RUE DE LA CORDIERE",,,Plein jour,En agglomération,Hors intersection,Normale,Autre collision,,,,,,,,,,,1,2,1,1,6
200800025323,0008-05-21 13:40:00,8,5,21,13,40,690,290,"6, MONTEE DE LA CARNIERE",,,Plein jour,En agglomération,Hors intersection,Normale,Deux véhicules - arrière,,,,,,,,,,,1,2,1,1,2
200800025324,0008-05-21 18:40:00,8,5,21,18,40,690,290,"35, RUE DU BEAUJOLAIS",,,Plein jour,En agglomération,Hors intersection,Normale,Autre collision,,,,,,,,,,,1,2,1,1,6
200800025325,0008-05-22 07:35:00,8,5,22,7,35,690,290,RUE ANATOLE FRANCE,,,Plein jour,En agglomération,Intersection en X,Normale,Deux véhicules - côté,,,,,,,,,,,1,2,2,1,3
200800025326,0008-05-23 07:50:00,8,5,23,7,50,690,290,"60, RUE DE L EGALITE",,,Plein jour,En agglomération,Hors intersection,Normale,Trois véhicules et plus - collisions multiples,,,,,,,,,,,1,2,1,1,5
200800025327,0008-05-08 03:00:00,8,5,8,3,0,700,378,"25, CURIE (RUE PIERRE MA",,,Nuit avec éclairage allumé,En agglomération,Hors intersection,Normale,Deux véhicules - côté,,,,,,,,,,,5,2,1,1,3
200800025328,0008-05-10 01:30:00,8,5,10,1,30,700,550,"40, LAC (AVENUE)",,,Nuit avec éclairage allumé,En agglomération,Hors intersection,Normale,Deux véhicules - arrière,,,,,,,,,,,5,2,1,1,2
200800025329,0008-05-07 14:40:00,8,5,7,14,40,710,445,"36, VILLENEUVE (RUE DE L",,,Plein jour,En agglomération,Intersection en X,Normale,Deux véhicules - arrière,,,,,,,,,,,1,2,2,1,2
200800025330,0008-05-13 12:20:00,8,5,13,12,20,710,76,KENNEDY (AVENUE JOHN FIT,,,Plein jour,En agglomération,Giratoire,Normale,Deux véhicules - arrière,,,,,,,,,,,1,2,6,1,2
200800025331,0008-05-28 14:00:00,8,5,28,14,0,710,76,"11, HOTEL DE VILLE (PLAC",,,Plein jour,En agglomération,Hors intersection,Normale,Deux véhicules - frontale,,,,,,,,,,,1,2,1,1,1
200800025332,0008-05-13 09:00:00,8,5,13,9,0,710,153,PRESIDENT WILSON (RUE DU,,,Plein jour,En agglomération,Intersection en X,Normale,Deux véhicules - arrière,,,,,,,,,,,1,2,2,1,2
200800025333,0008-05-10 13:10:00,8,5,10,13,10,710,540,"., MOUILLELONGUE (BOULEV",,,Plein jour,En agglomération,Intersection en T,Normale,Deux véhicules - côté,,,,,,,,,,,1,2,3,1,3
200800025334,0008-05-11 23:15:00,8,5,11,23,15,710,153,ALBERT 1ER (RUE),,,Nuit avec éclairage allumé,En agglomération,Intersection en T,Normale,Deux véhicules - côté,,,,,,,,,,,5,2,3,1,3
200800025335,0008-05-03 22:00:00,8,5,3,22,0,710,270,"1, Intersection Lacretel",,,Nuit avec éclairage allumé,En agglomération,Intersection en X,Normale,Deux véhicules - côté,,,,,,,,,,,5,2,2,1,3
200800025336,0008-05-30 15:50:00,8,5,30,15,50,710,270,"1, JUIN (RUE DU MARECHAL",,,Plein jour,En agglomération,Hors intersection,Normale,Deux véhicules - côté,,,,,,,,,,,1,2,1,1,3
200800025337,0008-05-09 22:45:00,8,5,9,22,45,710,306,"1, BLANZY (ROUTE DE )",,,Nuit sans éclairage public,En agglomération,Hors intersection,Normale,Sans collision,,,,,,,,,,,3,2,1,1,7
200800025338,0008-05-19 13:40:00,8,5,19,13,40,710,306,"18, DE LATTRE DE TASSIGN",,,Plein jour,En agglomération,Intersection en X,Normale,Sans collision,,,,,,,,,,,1,2,2,1,7
200800025339,0008-05-29 18:10:00,8,5,29,18,10,710,499,"1, JEAN PROST (RUE)",,,Plein jour,En agglomération,Giratoire,Normale,Deux véhicules - arrière,,,,,,,,,,,1,2,6,1,2
200800025340,0008-05-03 04:50:00,8,5,3,4,50,720,181,DEMORIEUX (BD) ENTRE HUI,,,Nuit avec éclairage allumé,En agglomération,Hors intersection,Normale,Autre collision,,,,,,,,,,,5,2,1,1,6
200800025341,0008-05-05 13:35:00,8,5,5,13,35,720,95,"22, LONDRES (RUE DE)",,,Plein jour,En agglomération,Hors intersection,Normale,Autre collision,,,,,,,,,,,1,2,1,1,6
200800025342,0008-05-06 19:00:00,8,5,6,19,0,720,181,"90, PETITE-VITESSE (BD D",,,Plein jour,En agglomération,Intersection en T,Normale,Autre collision,,,,,,,,,,,1,2,3,1,6
200800025343,0008-05-07 18:45:00,8,5,7,18,45,720,181,LEFAUCHEUX PIERRE (BD),,,Plein jour,En agglomération,Intersection en X,Normale,Deux véhicules - arrière,,,,,,,,,,,1,2,2,1,2
200800025344,0008-05-09 00:05:00,8,5,9,0,5,720,181,NATIONALE (RUE),,,Nuit avec éclairage allumé,En agglomération,Intersection en X,Normale,Deux véhicules - côté,,,,,,,,,,,5,2,2,1,3
200800025345,0008-05-13 14:22:00,8,5,13,14,22,720,181,ARNAGE (RUE D') N° IMP 1,,,Plein jour,En agglomération,Hors intersection,Normale,Autre collision,,,,,,,,,,,1,2,1,1,6