accident_id,datetime,annee,mois,jour,heure,minute,departement,commune_insee,adresse,latitude,longitude,luminosite,agglomeration,intersection,meteo,collision,nb_vehicules,nb_usagers,nb_indemnes,nb_tues,nb_blesses_hosp,nb_blesses_legers,age_cond_1,age_cond_2,veh_type_cond_1,veh_type_cond_2,lum_code,agg_code,int_code,atm_code,col_code
200800025616,0008-05-06 08:50:00,8,5,6,8,50,800,21,"0, ROBERT DE LUZARCHES (",,,Plein jour,En agglomération,Intersection en X,Normale,Deux véhicules - côté,,,,,,,,,,,1,2,2,1,3
200800025617,0008-05-06 12:00:00,8,5,6,12,0,800,21,"0, CHATEAUDUN (BOULEVARD",,,Plein jour,En agglomération,Hors intersection,Normale,Deux véhicules - côté,,,,,,,,,,,1,2,1,1,3
200800025618,0008-05-06 16:20:00,8,5,6,16,20,800,21,ABBEVILLE (RUE D'),,,Plein jour,En agglomération,Hors intersection,Normale,Deux véhicules - côté,,,,,,,,,,,1,2,1,1,3
200800025619,0008-05-06 15:00:00,8,5,6,15,0,800,21,"0, TERRAL (RUE)",,,Plein jour,En agglomération,Hors intersection,Normale,Deux véhicules - arrière,,,,,,,,,,,1,2,1,1,2
200800025620,0008-05-06 07:00:00,8,5,6,7,0,800,21,"0, SAINT PIERRE (CHAUSSE",,,Crépuscule ou aube,En agglomération,Intersection en X,Normale,Deux véhicules - côté,,,,,,,,,,,2,2,2,1,3
200800025621,0008-05-12 18:15:00,8,5,12,18,15,800,21,"00, MARECHAL DE LATTRE D",,,Plein jour,En agglomération,Hors intersection,Normale,Deux véhicules - côté,,,,,,,,,,,1,2,1,1,3
200800025622,0008-05-12 17:20:00,8,5,12,17,20,800,21,"0, WATTEAU (RUE)",,,Plein jour,En agglomération,Hors intersection,Normale,Autre collision,,,,,,,,,,,1,2,1,1,6
200800025623,0008-05-10 11:45:00,8,5,10,11,45,800,21,"0, PRES FORETS (RUE DES)",,,Plein jour,En agglomération,Intersection en T,Normale,Deux véhicules - côté,,,,,,,,,,,1,2,3,1,3
200800025624,0008-05-10 11:55:00,8,5,10,11,55,800,21,"19, DEFENSE PASSIVE (AVE",,,Plein jour,En agglomération,Hors intersection,Normale,Autre collision,,,,,,,,,,,1,2,1,1,6
200800025625,0008-05-12 21:55:00,8,5,12,21,55,800,674,"83, THUILLIER DELAMBRE (",,,Crépuscule ou aube,En agglomération,Hors intersection,Normale,Deux véhicules - côté,,,,,,,,,,,2,2,1,1,3
200800025626,0008-05-09 16:00:00,8,5,9,16,0,800,21,"27, DOCTEUR LOUIS FAFET",,,Plein jour,En agglomération,Intersection en X,Normale,Deux véhicules - côté,,,,,,,,,,,1,2,2,1,3
200800025627,0008-05-14 15:50:00,8,5,14,15,50,800,164,CORBIE (ROUTE),,,Plein jour,En agglomération,Intersection en X,Normale,Deux véhicules - côté,,,,,,,,,,,1,2,2,1,3
200800025628,0008-05-15 20:00:00,8,5,15,20,0,800,21,ROCADE NORD EST RN 25,,,Plein jour,Hors agglomération,Hors intersection,Normale,Sans collision,,,,,,,,,,,1,1,1,1,7
200800025629,0008-05-16 00:25:00,8,5,16,0,25,800,379,"0, RN 29 (ROUTE DE ST QU",,,Nuit avec éclairage non allumé,En agglomération,Hors intersection,Normale,Autre collision,,,,,,,,,,,4,2,1,1,6
200800025630,0008-05-15 15:30:00,8,5,15,15,30,800,21,"0, JULES FERRY (CHAUSSEE",,,Plein jour,En agglomération,Intersection en T,Pluie légère,Autre collision,,,,,,,,,,,1,2,3,2,6
200800025631,0008-05-15 14:35:00,8,5,15,14,35,800,21,ROCADE NORD RN 1,,,Plein jour,En agglomération,Hors intersection,Pluie légère,Autre collision,,,,,,,,,,,1,2,1,2,6
200800025632,0008-05-16 17:05:00,8,5,16,17,5,800,725,"0, FACULTES (AVENUE DES)",,,Plein jour,En agglomération,Hors intersection,Pluie légère,Autre collision,,,,,,,,,,,1,2,1,2,6
200800025633,0008-05-16 19:20:00,8,5,16,19,20,800,21,"27, SAINT LEU (RUE)",,,Crépuscule ou aube,En agglomération,Intersection en X,Normale,Deux véhicules - côté,,,,,,,,,,,2,2,2,1,3
200800025634,0008-05-21 08:30:00,8,5,21,8,30,800,21,ROGER DUMOULIN (AVENUE),,,Plein jour,En agglomération,Hors intersection,Normale,Deux véhicules - côté,,,,,,,,,,,1,2,1,1,3
200800025635,0008-05-20 17:35:00,8,5,20,17,35,800,21,"0, SAINT QUENTIN (BOULEV",,,Plein jour,En agglomération,Hors intersection,Normale,Deux véhicules - côté,,,,,,,,,,,1,2,1,1,3
200800025636,0008-05-22 17:30:00,8,5,22,17,30,800,21,ALPHONSE FIQUET (PLACE),,,Plein jour,En agglomération,Hors intersection,Normale,Sans collision,,,,,,,,,,,1,2,1,1,7
200800025637,0008-05-27 18:00:00,8,5,27,18,0,800,21,"275, DEJEAN (RUE)",,,Plein jour,En agglomération,Hors intersection,Pluie légère,Autre collision,,,,,,,,,,,1,2,1,2,6
200800025638,0008-05-27 18:10:00,8,5,27,18,10,800,21,"12, AUGUSTIN DUJARDIN (P",,,Plein jour,En agglomération,Hors intersection,Pluie légère,Sans collision,,,,,,,,,,,1,2,1,2,7
200800025639,0008-05-26 18:40:00,8,5,26,18,40,800,131,"82, DEPORTES RESISTANTS",,,Plein jour,En agglomération,Hors intersection,Pluie légère,Deux véhicules - côté,,,,,,,,,,,1,2,1,2,3
200800025640,0008-05-29 14:05:00,8,5,29,14,5,800,21,"0, VIGNACOURT (RUE DE)",,,Plein jour,En agglomération,Hors intersection,Pluie légère,Deux véhicules - frontale,,,,,,,,,,,1,2,1,2,1
200800025641,0008-05-29 17:05:00,8,5,29,17,5,800,21,"77, JULES BARNI (RUE)",,,Plein jour,En agglomération,Hors intersection,Normale,Sans collision,,,,,,,,,,,1,2,1,1,7
200800025642,0008-05-31 11:20:00,8,5,31,11,20,800,21,"366, SAINT FUSCIEN (RUE)",,,Plein jour,En agglomération,Hors intersection,Normale,Sans collision,,,,,,,,,,,1,2,1,1,7
200800025643,0008-05-28 10:20:00,8,5,28,10,20,800,164,AMIENS (RUE D'),,,Plein jour,En agglomération,Hors intersection,Normale,Deux véhicules - arrière,,,,,,,,,,,1,2,1,1,2
200800025644,0008-05-08 19:05:00,8,5,8,19,5,810,60,PRENDIE (RUE DE LA ),,,Plein jour,Hors agglomération,Intersection en X,Normale,Trois véhicules et plus - collisions multiples,,,,,,,,,,,1,1,2,1,5
200800025645,0008-05-10 23:45:00,8,5,10,23,45,810,65,EMPY VIEUX (LDT),,,Nuit sans éclairage public,Hors agglomération,Hors intersection,Normale,Sans collision,,,,,,,,,,,3,1,1,1,7
200800025646,0008-05-05 14:00:00,8,5,5,14,0,810,21,PREMIERE ARMEE FRANCAISE,,,Plein jour,En agglomération,Intersection en X,Normale,Deux véhicules - frontale,,,,,,,,,,,1,2,2,1,1
200800025647,0008-05-26 10:15:00,8,5,26,10,15,810,163,"93, GUYNEMER (GEORGES)",,,Plein jour,En agglomération,Hors intersection,Normale,Deux véhicules - frontale,,,,,,,,,,,1,2,1,1,1
200800025648,0008-05-28 10:10:00,8,5,28,10,10,810,21,BRADFORD,,,Plein jour,En agglomération,Intersection en X,Normale,Deux véhicules - côté,,,,,,,,,,,1,2,2,1,3
200800025649,0008-05-30 20:15:00,8,5,30,20,15,820,33,"0, CAYROU (Faustin)",,,Plein jour,En agglomération,Intersection en T,Normale,Deux véhicules - côté,,,,,,,,,,,1,2,3,1,3
200800025650,0008-05-06 10:10:00,8,5,6,10,10,820,121,"0, MOULIN N 20 (AVENUE J",,,Plein jour,En agglomération,Intersection en T,Normale,Deux véhicules - côté,,,,,,,,,,,1,2,3,1,3
200800025651,0008-05-10 14:25:00,8,5,10,14,25,820,121,"0, MANDOUNE (ROND POINT",,,Plein jour,En agglomération,Hors intersection,Normale,Autre collision,,,,,,,,,,,1,2,1,1,6
200800025652,0008-05-18 00:05:00,8,5,18,0,5,820,121,"0, FALGUIERE (AVENUE DE)",,,Nuit sans éclairage public,En agglomération,Hors intersection,Normale,Deux véhicules - frontale,,,,,,,,,,,3,2,1,1,1
200800025653,0008-05-21 18:10:00,8,5,21,18,10,820,121,"0, UNAL (AVENUE MARCEL)",,,Plein jour,En agglomération,Hors intersection,Normale,Autre collision,,,,,,,,,,,1,2,1,1,6
200800025654,0008-05-26 07:40:00,8,5,26,7,40,820,121,"0, SAINT-ANTONIN D 958 (",,,Plein jour,Hors agglomération,Intersection en T,Normale,Deux véhicules - côté,,,,,,,,,,,1,1,3,1,3
200800025655,0008-05-22 19:00:00,8,5,22,19,0,820,121,"0, FONNEUVE (AVENUE DE)",,,Plein jour,Hors agglomération,Hors intersection,Normale,Deux véhicules - frontale,,,,,,,,,,,1,1,1,1,1
200800025656,0008-05-10 09:02:00,8,5,10,9,2,820,121,"0, PARIS N 20 (AVENUE DE",,,Plein jour,En agglomération,Giratoire,Normale,Trois véhicules et plus - collisions multiples,,,,,,,,,,,1,2,6,1,5
200800025657,0008-05-23 19:35:00,8,5,23,19,35,820,121,"0, DOUMERC (BOULEVARD BL",,,Plein jour,En agglomération,Giratoire,Normale,Deux véhicules - côté,,,,,,,,,,,1,2,6,1,3
200800025658,0008-05-03 12:43:00,8,5,3,12,43,830,50,"1, GRASSE(ROUTE VIEILLE",,,Plein jour,Hors agglomération,Hors intersection,Temps éblouissant,Deux véhicules - frontale,,,,,,,,,,,1,1,1,7,1
200800025659,0008-05-08 19:10:00,8,5,8,19,10,830,50,"1, PETIT PLAN(CHEMIN DU)",,,Plein jour,En agglomération,Hors intersection,Normale,Deux véhicules - frontale,,,,,,,,,,,1,2,1,1,1
200800025660,0008-05-13 20:50:00,8,5,13,20,50,830,50,"1, BLUM(BOULEVARD LEON)",,,Nuit sans éclairage public,En agglomération,Hors intersection,Normale,Autre collision,,,,,,,,,,,3,2,1,1,6
200800025661,0008-05-14 13:40:00,8,5,14,13,40,830,50,"16, CLEMENCEAU(BOULEVARD",,,Plein jour,En agglomération,Hors intersection,Normale,Autre collision,,,,,,,,,,,1,2,1,1,6
200800025662,0008-05-17 14:10:00,8,5,17,14,10,830,50,"503, FOURNAS( AVENUE DU)",,,Plein jour,En agglomération,Hors intersection,Pluie légère,Trois véhicules et plus - collisions multiples,,,,,,,,,,,1,2,1,2,5
200800025663,0008-05-15 22:00:00,8,5,15,22,0,830,118,"0, CORNICHE ROLAND GARRO",,,Nuit avec éclairage allumé,En agglomération,Hors intersection,Normale,Autre collision,,,,,,,,,,,5,2,1,1,6
200800025664,0008-05-18 13:10:00,8,5,18,13,10,830,61,"576, RUE DES COMBATTANTS",,,Plein jour,En agglomération,Hors intersection,Normale,Deux véhicules - frontale,,,,,,,,,,,1,2,1,1,1
200800025665,0008-05-26 17:25:00,8,5,26,17,25,830,61,AVENUE DE SAINT-LAMBERT,,,Plein jour,En agglomération,Hors intersection,Normale,Deux véhicules - côté,,,,,,,,,,,1,2,1,1,3
200800025666,0008-05-21 17:40:00,8,5,21,17,40,830,61,"1586, AVENUE JEAN LACHEN",,,Plein jour,Hors agglomération,Hors intersection,Normale,Deux véhicules - arrière,,,,,,,,,,,1,1,1,1,2
200800025667,0008-05-01 10:15:00,8,5,1,10,15,830,34,"10, AVENUE VALERANE",,,Plein jour,En agglomération,Hors intersection,Normale,Autre collision,,,,,,,,,,,1,2,1,1,6
200800025668,0008-05-05 12:30:00,8,5,5,12,30,830,69,JUIN ( ROND POINT DU MAR,,,Plein jour,En agglomération,Hors intersection,Normale,Autre collision,,,,,,,,,,,1,2,1,1,6
200800025669,0008-05-24 21:10:00,8,5,24,21,10,830,69,"1800, PIERREFEU (ROUTE D",,,Nuit sans éclairage public,Hors agglomération,Hors intersection,Normale,Deux véhicules - frontale,,,,,,,,,,,3,1,1,1,1
200800025670,0008-05-04 16:25:00,8,5,4,16,25,830,129,SAINT PIERRE (QUAI),,,Plein jour,En agglomération,Hors intersection,Normale,Deux véhicules - frontale,,,,,,,,,,,1,2,1,1,1
200800025671,0008-05-06 22:45:00,8,5,6,22,45,830,123,"2001, BANDOL (ROUTE)N° I",,,Nuit avec éclairage allumé,Hors agglomération,Hors intersection,Normale,Deux véhicules - côté,,,,,,,,,,,5,1,1,1,3
200800025672,0008-05-11 17:50:00,8,5,11,17,50,830,123,"1030, GARE (ROUTE)",,,Plein jour,En agglomération,Hors intersection,Normale,Sans collision,,,,,,,,,,,1,2,1,1,7
200800025673,0008-05-13 16:48:00,8,5,13,16,48,830,129,"000, MER (AVENUE DE LA)",,,Plein jour,En agglomération,Intersection en T,Pluie légère,Deux véhicules - côté,,,,,,,,,,,1,2,3,2,3
200800025674,0008-05-07 17:50:00,8,5,7,17,50,830,129,"000, SABLETTES (ROUTE DE",,,Plein jour,En agglomération,Hors intersection,Normale,Trois véhicules et plus - collisions multiples,,,,,,,,,,,1,2,1,1,5
200800025675,0008-05-19 15:15:00,8,5,19,15,15,830,123,"466, RAOUL COLETTA (RUE",,,Plein jour,En agglomération,Hors intersection,Pluie légère,Autre collision,,,,,,,,,,,1,2,1,2,6
200800025676,0008-05-24 03:00:00,8,5,24,3,0,830,129,"000, LEGION D HONNEUR (R",,,Nuit avec éclairage allumé,En agglomération,Giratoire,Normale,Sans collision,,,,,,,,,,,5,2,6,1,7
200800025677,0008-05-23 19:00:00,8,5,23,19,0,830,129,"000, COL D'ARTAUD (RUE D",,,Plein jour,En agglomération,Intersection en T,Normale,Deux véhicules - côté,,,,,,,,,,,1,2,3,1,3
200800025678,0008-05-29 13:05:00,8,5,29,13,5,830,123,"000, GEORGES CLEMENCEAU",,,Plein jour,En agglomération,Intersection en X,Temps couvert,Autre collision,,,,,,,,,,,1,2,2,8,6
200800025679,0008-05-03 15:35:00,8,5,3,15,35,830,126,"00, CORNICHE DE TAMARIS",,,Plein jour,Hors agglomération,Intersection en T,Normale,Deux véhicules - côté,,,,,,,,,,,1,1,3,1,3
200800025680,0008-05-11 19:35:00,8,5,11,19,35,830,126,"15, CORSE RESISTANTE (BD",,,Plein jour,En agglomération,Hors intersection,Normale,Deux véhicules - côté,,,,,,,,,,,1,2,1,1,3
200800025681,0008-05-17 14:30:00,8,5,17,14,30,830,126,"707, SABLETTES (VIEUX CH",,,Plein jour,En agglomération,Hors intersection,Normale,Deux véhicules - côté,,,,,,,,,,,1,2,1,1,3
200800025682,0008-05-29 10:05:00,8,5,29,10,5,830,126,"00, GUILLAUME (AV HENRI)",,,Plein jour,En agglomération,Hors intersection,Temps couvert,Deux véhicules - côté,,,,,,,,,,,1,2,1,8,3
200800025683,0008-05-30 11:25:00,8,5,30,11,25,830,126,"00, BAREL (AV. MAX)",,,Plein jour,En agglomération,Intersection en X,Normale,Deux véhicules - frontale,,,,,,,,,,,1,2,2,1,1
200800025684,0008-05-01 20:42:00,8,5,1,20,42,830,137,"1939, GASQUET (AVE JOSEP",,,Plein jour,En agglomération,Hors intersection,Normale,Deux véhicules - côté,,,,,,,,,,,1,2,1,1,3
200800025685,0008-05-03 20:30:00,8,5,3,20,30,830,137,"693, 15EME CORPS (AVE DU",,,Nuit avec éclairage allumé,En agglomération,Hors intersection,Normale,Sans collision,,,,,,,,,,,5,2,1,1,7
200800025686,0008-05-05 12:45:00,8,5,5,12,45,830,137,ESCARTEFIGUE (CORNICHE D,,,Plein jour,En agglomération,Hors intersection,Normale,Deux véhicules - côté,,,,,,,,,,,1,2,1,1,3
200800025687,0008-05-09 22:10:00,8,5,9,22,10,830,144,MIRASOULEOU (AVE),,,Nuit avec éclairage non allumé,En agglomération,Intersection en T,Normale,Deux véhicules - côté,,,,,,,,,,,4,2,3,1,3
200800025688,0008-05-08 14:10:00,8,5,8,14,10,830,137,"00, 15EME CORPS (AVE DU)",,,Plein jour,En agglomération,Hors intersection,Normale,Deux véhicules - arrière,,,,,,,,,,,1,2,1,1,2
200800025689,0008-05-10 13:05:00,8,5,10,13,5,830,137,"00, CLEMENCEAU (BD GEORG",,,Plein jour,En agglomération,Hors intersection,Normale,Deux véhicules - arrière,,,,,,,,,,,1,2,1,1,2
200800025690,0008-05-07 19:45:00,8,5,7,19,45,830,137,MONTSERRAT (RUE / LOT DE,,,Plein jour,En agglomération,Hors intersection,Normale,Autre collision,,,,,,,,,,,1,2,1,1,6
200800025691,0008-05-13 16:45:00,8,5,13,16,45,830,137,BRIAND (AVE ARISTIDE DE,,,Plein jour,En agglomération,Intersection en T,Pluie légère,Deux véhicules - côté,,,,,,,,,,,1,2,3,2,3
200800025692,0008-05-13 15:30:00,8,5,13,15,30,830,137,CUZIN (AVE FRANCOIS),,,Plein jour,En agglomération,Hors intersection,Normale,Deux véhicules - arrière,,,,,,,,,,,1,2,1,1,2
200800025693,0008-05-14 18:00:00,8,5,14,18,0,830,137,"185, INFANTERIE DE MARIN",,,Plein jour,En agglomération,Hors intersection,Normale,Deux véhicules - côté,,,,,,,,,,,1,2,1,1,3
200800025694,0008-05-15 08:00:00,8,5,15,8,0,830,137,LORGUES (RUE DE),,,Plein jour,En agglomération,Hors intersection,Normale,Autre collision,,,,,,,,,,,1,2,1,1,6
200800025695,0008-05-07 12:05:00,8,5,7,12,5,830,90,SANARY (ROUTE DE),,,Plein jour,Hors agglomération,Hors intersection,Normale,Deux véhicules - côté,,,,,,,,,,,1,1,1,1,3
200800025696,0008-05-05 11:00:00,8,5,5,11,0,830,137,PUY (RUE DOCTEUR LOUIS),,,Plein jour,En agglomération,Hors intersection,Normale,Deux véhicules - côté,,,,,,,,,,,1,2,1,1,3
200800025697,0008-05-09 19:25:00,8,5,9,19,25,830,137,CUZIN (AVE FRANCOIS),,,Plein jour,En agglomération,Intersection en T,Normale,Deux véhicules - côté,,,,,,,,,,,1,2,3,1,3
200800025698,0008-05-19 21:15:00,8,5,19,21,15,830,137,"560, FOCH (AVE DU MARECH",,,Nuit avec éclairage allumé,En agglomération,Hors intersection,Normale,Deux véhicules - côté,,,,,,,,,,,5,2,1,1,3
200800025699,0008-05-20 08:40:00,8,5,20,8,40,830,144,TOURRIS (CHEMIN),,,Plein jour,Hors agglomération,Hors intersection,Temps couvert,Autre collision,,,,,,,,,,,1,1,1,8,6
200800025700,0008-05-21 00:35:00,8,5,21,0,35,830,137,ROOSEVELT (AVE FRANKLIN),,,Nuit avec éclairage allumé,En agglomération,Hors intersection,Normale,Autre collision,,,,,,,,,,,5,2,1,1,6
200800025701,0008-05-16 21:30:00,8,5,16,21,30,830,62,"140, BARTOLINI (RUE JEAN",,,Nuit sans éclairage public,En agglomération,Hors intersection,Normale,Autre collision,,,,,,,,,,,3,2,1,1,6
200800025702,0008-05-22 17:10:00,8,5,22,17,10,830,137,"107, CUZIN (AVE FRANCOIS",,,Plein jour,En agglomération,Hors intersection,Normale,Autre collision,,,,,,,,,,,1,2,1,1,6
200800025703,0008-05-26 15:55:00,8,5,26,15,55,830,137,"14, MOLIERE (RUE)",,,Plein jour,En agglomération,Hors intersection,Pluie légère,Autre collision,,,,,,,,,,,1,2,1,2,6
200800025704,0008-05-22 09:30:00,8,5,22,9,30,830,90,"1118, NATIONALE 8 (ROUTE",,,Plein jour,Hors agglomération,Hors intersection,Normale,Deux véhicules - arrière,,,,,,,,,,,1,1,1,1,2
200800025705,0008-05-24 15:20:00,8,5,24,15,20,830,137,"65, ROOSEVELT (AVE FRANK",,,Plein jour,En agglomération,Hors intersection,Normale,Deux véhicules - arrière,,,,,,,,,,,1,2,1,1,2
200800025706,0008-05-16 17:00:00,8,5,16,17,0,830,137,"915, TERRES ROUGES (CHEM",,,Plein jour,En agglomération,Hors intersection,Pluie légère,Deux véhicules - arrière,,,,,,,,,,,1,2,1,2,2
200800025707,0008-05-10 11:30:00,8,5,10,11,30,830,137,CD 46 (DEBUT TLN A ARTHE,,,Plein jour,En agglomération,Hors intersection,Normale,Deux véhicules - côté,,,,,,,,,,,1,2,1,1,3
200800025708,0008-05-23 17:15:00,8,5,23,17,15,830,62,BICENTAIRE (DE LA REVOLU,,,Plein jour,En agglomération,Intersection en X,Normale,Deux véhicules - côté,,,,,,,,,,,1,2,2,1,3
200800025709,0008-05-22 13:45:00,8,5,22,13,45,830,90,SANARY (ROUTE DE),,,Plein jour,Hors agglomération,Intersection en T,Normale,Trois véhicules et plus - collisions multiples,,,,,,,,,,,1,1,3,1,5
200800025710,0008-05-19 18:56:00,8,5,19,18,56,830,137,LOUVOIS (BD),,,Plein jour,En agglomération,Intersection en Y,Pluie légère,Trois véhicules et plus - en chaîne,,,,,,,,,,,1,2,4,2,4
200800025711,0008-05-17 09:30:00,8,5,17,9,30,830,137,LOTI (AVE PIERRE),,,Plein jour,En agglomération,Hors intersection,Pluie légère,Deux véhicules - côté,,,,,,,,,,,1,2,1,2,3
200800025712,0008-05-01 19:15:00,8,5,1,19,15,840,7,"3, Roi Soleil (rue)",,,Plein jour,En agglomération,Hors intersection,Normale,Autre collision,,,,,,,,,,,1,2,1,1,6
200800025713,0008-05-02 12:15:00,8,5,2,12,15,840,7,"19, PIERRE SEMARD (avenu",,,Plein jour,En agglomération,Hors intersection,Normale,Deux véhicules - arrière,,,,,,,,,,,1,2,1,1,2
200800025714,0008-05-02 12:30:00,8,5,2,12,30,840,7,DOCTEUR PONS (Route tour,,,Plein jour,En agglomération,Hors intersection,Normale,Deux véhicules - arrière,,,,,,,,,,,1,2,1,1,2
200800025715,0008-05-03 10:20:00,8,5,3,10,20,840,7,MARSEILLE (Route de ),,,Plein jour,En agglomération,Hors intersection,Normale,Autre collision,,,,,,,,,,,1,2,1,1,6
200800025716,0008-05-03 11:00:00,8,5,3,11,0,840,7,"5, MISTRAL7  (Parking C.",,,Plein jour,En agglomération,Hors intersection,Normale,Autre collision,,,,,,,,,,,1,2,1,1,6
200800025717,0008-05-03 15:00:00,8,5,3,15,0,840,7,"27, QUAI SAINT LAZARE (B",,,Plein jour,En agglomération,Intersection en T,Normale,Deux véhicules - côté,,,,,,,,,,,1,2,3,1,3
200800025718,0008-05-03 20:20:00,8,5,3,20,20,840,7,VENUS D'ARLES (Rue de la,,,Crépuscule ou aube,En agglomération,Autre intersection,Normale,Autre collision,,,,,,,,,,,2,2,9,1,6
200800025719,0008-05-02 10:25:00,8,5,2,10,25,840,7,C.De GAULLE (Rocade),,,Plein jour,En agglomération,Hors intersection,Normale,Trois véhicules et plus - en chaîne,,,,,,,,,,,1,2,1,1,4
200800025720,0008-05-05 18:45:00,8,5,5,18,45,840,7,EISENHOWER (Avenue),,,Plein jour,En agglomération,Hors intersection,Pluie forte,Autre collision,,,,,,,,,,,1,2,1,3,6
200800025721,0008-05-06 11:55:00,8,5,6,11,55,840,7,EISENHOWER (Avenue),,,Plein jour,En agglomération,Intersection en T,Normale,Deux véhicules - côté,,,,,,,,,,,1,2,3,1,3
200800025722,0008-05-06 18:15:00,8,5,6,18,15,840,7,CARDINAL BERTRAND (Cours,,,Plein jour,En agglomération,Hors intersection,Normale,Trois véhicules et plus - en chaîne,,,,,,,,,,,1,2,1,1,4
200800025723,0008-05-07 12:55:00,8,5,7,12,55,840,7,PETIT MAS (rue du),,,Plein jour,Hors agglomération,Hors intersection,Normale,Deux véhicules - côté,,,,,,,,,,,1,1,1,1,3
200800025724,0008-05-10 20:45:00,8,5,10,20,45,840,7,ROYAUME et DALADIER (Pon,,,Plein jour,En agglomération,Hors intersection,Normale,Deux véhicules - côté,,,,,,,,,,,1,2,1,1,3
200800025725,0008-05-13 11:50:00,8,5,13,11,50,840,7,PIERRE SEMARD (avenue),,,Plein jour,En agglomération,Hors intersection,Normale,Deux véhicules - côté,,,,,,,,,,,1,2,1,1,3
200800025726,0008-05-18 14:20:00,8,5,18,14,20,840,7,TARASCON ( Avenue de),,,Plein jour,En agglomération,Hors intersection,Normale,Autre collision,,,,,,,,,,,1,2,1,1,6
200800025727,0008-05-18 16:30:00,8,5,18,16,30,840,7,C.De GAULLE (Rocade),,,Plein jour,En agglomération,Hors intersection,Normale,Deux véhicules - frontale,,,,,,,,,,,1,2,1,1,1
200800025728,0008-05-21 07:40:00,8,5,21,7,40,840,7,PIERRE SEMARD (avenue),,,Plein jour,En agglomération,Hors intersection,Normale,Deux véhicules - côté,,,,,,,,,,,1,2,1,1,3
200800025729,0008-05-24 15:30:00,8,5,24,15,30,840,7,LIMBERT (Boulevard),,,Plein jour,En agglomération,Hors intersection,Normale,Autre collision,,,,,,,,,,,1,2,1,1,6
200800025730,0008-05-28 19:00:00,8,5,28,19,0,840,7,"29, MONTFAVET (Route)",,,Plein jour,En agglomération,Hors intersection,Normale,Autre collision,,,,,,,,,,,1,2,1,1,6
200800025731,0008-05-11 14:00:00,8,5,11,14,0,840,35,PONT (AVENUE DU),,,Plein jour,Hors agglomération,Hors intersection,Normale,Deux véhicules - côté,,,,,,,,,,,1,1,1,1,3
200800025732,0008-05-02 15:35:00,8,5,2,15,35,840,87,"207, SAINT-CLEMENT",,,Plein jour,En agglomération,Hors intersection,Normale,Deux véhicules - côté,,,,,,,,,,,1,2,1,1,3
200800025733,0008-05-22 16:00:00,8,5,22,16,0,840,87,", REPUBLIQUE (RUE DE LA)",,,Plein jour,En agglomération,Hors intersection,Normale,Autre collision,,,,,,,,,,,1,2,1,1,6
200800025734,0008-05-31 13:40:00,8,5,31,13,40,840,87,", FABRE (RUE HENRI)",,,Plein jour,En agglomération,Intersection en X,Pluie légère,Deux véhicules - côté,,,,,,,,,,,1,2,2,2,3
200800025735,0008-05-01 13:40:00,8,5,1,13,40,840,89,HUIT MAI (AVENUE DU),,,Plein jour,En agglomération,Intersection en X,Normale,Deux véhicules - côté,,,,,,,,,,,1,2,2,1,3
200800025736,0008-05-12 22:30:00,8,5,12,22,30,840,89,973 (CHEMIN DEPARTEMENTA,,,Nuit sans éclairage public,Hors agglomération,Hors intersection,Normale,Sans collision,,,,,,,,,,,3,1,1,1,7
200800025737,0008-05-21 13:30:00,8,5,21,13,30,840,89,"1, JARDINS (BOULEVARD DE",,,Plein jour,En agglomération,Hors intersection,Normale,Deux véhicules - côté,,,,,,,,,,,1,2,1,1,3
200800025738,0008-05-11 19:30:00,8,5,11,19,30,850,191,D 160 ROCADE NORD,,,Plein jour,Hors agglomération,Hors intersection,Normale,Deux véhicules - côté,,,,,,,,,,,1,1,1,1,3
200800025739,0008-05-10 12:18:00,8,5,10,12,18,850,191,"0, LEBON RUE PHILIPPE",,,Plein jour,En agglomération,Hors intersection,Normale,Deux véhicules - côté,,,,,,,,,,,1,2,1,1,3
200800025740,0008-05-15 18:45:00,8,5,15,18,45,850,191,CEVERT RUE FRANCOIS,,,Plein jour,En agglomération,Hors intersection,Normale,Deux véhicules - côté,,,,,,,,,,,1,2,1,1,3
200800025741,0008-05-17 08:22:00,8,5,17,8,22,850,191,"143, ST-FLORENT-DES-BOIS",,,Plein jour,Hors agglomération,Hors intersection,Normale,Autre collision,,,,,,,,,,,1,1,1,1,6
200800025742,0008-05-15 11:05:00,8,5,15,11,5,850,191,"0, BELGES BOULEVARD DES",,,Plein jour,En agglomération,Intersection en X,Normale,Deux véhicules - côté,,,,,,,,,,,1,2,2,1,3
200800025743,0008-05-15 15:27:00,8,5,15,15,27,850,191,"35, POINCARE RUE RAYMOND",,,Plein jour,En agglomération,Hors intersection,Normale,Deux véhicules - arrière,,,,,,,,,,,1,2,1,1,2
200800025744,0008-05-20 11:10:00,8,5,20,11,10,850,191,"1, NAPOLEON PLACE",,,Plein jour,En agglomération,Intersection en T,Normale,Autre collision,,,,,,,,,,,1,2,3,1,6
200800025745,0008-05-30 18:40:00,8,5,30,18,40,850,191,"sans, BRIAND BOULEVARD A",,,Plein jour,En agglomération,Hors intersection,Normale,Deux véhicules - côté,,,,,,,,,,,1,2,1,1,3
200800025746,0008-05-02 15:55:00,8,5,2,15,55,850,194,ESTIENNE D'ORVES (R-P HO,,,Plein jour,En agglomération,Giratoire,Normale,Deux véhicules - côté,,,,,,,,,,,1,2,6,1,3
200800025747,0008-05-03 17:40:00,8,5,3,17,40,850,194,CROIX BLANCHE (RUE DE LA,,,Plein jour,En agglomération,Intersection en T,Normale,Deux véhicules - côté,,,,,,,,,,,1,2,3,1,3