accident_id,datetime,annee,mois,jour,heure,minute,departement,commune_insee,adresse,latitude,longitude,luminosite,agglomeration,intersection,meteo,collision,nb_vehicules,nb_usagers,nb_indemnes,nb_tues,nb_blesses_hosp,nb_blesses_legers,age_cond_1,age_cond_2,veh_type_cond_1,veh_type_cond_2,lum_code,agg_code,int_code,atm_code,col_code
200800025748,0008-05-05 09:30:00,8,5,5,9,30,850,194,BELMONT (AVENUE DU COMMA,,,Plein jour,En agglomération,Giratoire,Normale,Autre collision,,,,,,,,,,,1,2,6,1,6
200800025749,0008-05-06 17:10:00,8,5,6,17,10,850,194,GODET (PROMENADE GEORGES,,,Plein jour,En agglomération,Hors intersection,Normale,Deux véhicules - arrière,,,,,,,,,,,1,2,1,1,2
200800025750,0008-05-10 20:00:00,8,5,10,20,0,850,194,"17, NICOT (RUE JEAN)",,,Plein jour,En agglomération,Hors intersection,Normale,Autre collision,,,,,,,,,,,1,2,1,1,6
200800025751,0008-05-14 09:05:00,8,5,14,9,5,850,194,", MARCEAU (RUE DU GENERA",,,Plein jour,En agglomération,Intersection en T,Pluie légère,Autre collision,,,,,,,,,,,1,2,3,2,6
200800025752,0008-05-14 12:45:00,8,5,14,12,45,850,194,PASTEUR (BOULEVARD),,,Plein jour,En agglomération,Intersection en X,Normale,Deux véhicules - côté,,,,,,,,,,,1,2,2,1,3
200800025753,0008-05-22 17:15:00,8,5,22,17,15,850,194,"33, CASTELNEAU (BOULEVAR",,,Plein jour,En agglomération,Hors intersection,Normale,Autre collision,,,,,,,,,,,1,2,1,1,6
200800025754,0008-05-30 17:40:00,8,5,30,17,40,850,194,BLOSSAC (COURS PAUL ESPR,,,Plein jour,En agglomération,Intersection en T,Normale,Deux véhicules - côté,,,,,,,,,,,1,2,3,1,3
200800025755,0008-05-05 17:15:00,8,5,5,17,15,860,194,"438, NANTES (AVENUE DE)",,,Plein jour,En agglomération,Hors intersection,Pluie légère,Autre collision,,,,,,,,,,,1,2,1,2,6
200800025756,0008-05-06 21:05:00,8,5,6,21,5,860,194,"42, PARIS (AVENUE DE)",,,Nuit avec éclairage allumé,En agglomération,Hors intersection,Normale,Autre collision,,,,,,,,,,,5,2,1,1,6
200800025757,0008-05-07 17:30:00,8,5,7,17,30,860,194,PASSERELLE DES ROCS,,,Plein jour,En agglomération,Hors intersection,Normale,Autre collision,,,,,,,,,,,1,2,1,1,6
200800025758,0008-05-08 12:00:00,8,5,8,12,0,860,194,LIBERATION (AVENUE DE LA,,,Plein jour,En agglomération,Intersection en T,Normale,Deux véhicules - côté,,,,,,,,,,,1,2,3,1,3
200800025759,0008-05-13 16:35:00,8,5,13,16,35,860,41,CASTORS (AVENUE DES),,,Plein jour,En agglomération,Giratoire,Normale,Deux véhicules - côté,,,,,,,,,,,1,2,6,1,3
200800025760,0008-05-13 19:10:00,8,5,13,19,10,860,194,"59, GRAND CERF (BOULEVAR",,,Plein jour,En agglomération,Hors intersection,Normale,Trois véhicules et plus - en chaîne,,,,,,,,,,,1,2,1,1,4
200800025761,0008-05-14 11:15:00,8,5,14,11,15,860,214,GENCAY (ROUTE DE),,,Plein jour,Hors agglomération,Hors intersection,Normale,Autre collision,,,,,,,,,,,1,1,1,1,6
200800025762,0008-05-15 18:20:00,8,5,15,18,20,860,157,RN 147,,,Plein jour,En agglomération,Hors intersection,Normale,Deux véhicules - côté,,,,,,,,,,,1,2,1,1,3
200800025763,0008-05-17 14:35:00,8,5,17,14,35,860,194,BAJON (BOULEVARD),,,Plein jour,En agglomération,Intersection en T,Normale,Trois véhicules et plus - en chaîne,,,,,,,,,,,1,2,3,1,4
200800025764,0008-05-18 17:25:00,8,5,18,17,25,860,194,"91, 8 MAI 1945 (AVENUE D",,,Plein jour,En agglomération,Giratoire,Temps couvert,Deux véhicules - arrière,,,,,,,,,,,1,2,6,8,2
200800025765,0008-05-27 15:45:00,8,5,27,15,45,860,194,"., BUGELLERIE (RUE DE LA",,,Plein jour,En agglomération,Intersection en X,Pluie légère,Deux véhicules - côté,,,,,,,,,,,1,2,2,2,3
200800025766,0008-05-28 16:00:00,8,5,28,16,0,860,194,"., CHATONNERIE (RUE DE L",,,Plein jour,En agglomération,Intersection en X,Normale,Deux véhicules - côté,,,,,,,,,,,1,2,2,1,3
200800025767,0008-05-29 16:45:00,8,5,29,16,45,860,194,"10, PARIS (AVENUE DE)",,,Plein jour,En agglomération,Hors intersection,Normale,Autre collision,,,,,,,,,,,1,2,1,1,6
200800025768,0008-05-01 16:32:00,8,5,1,16,32,870,85,BAUDIN (AVENUE),,,Plein jour,En agglomération,Intersection en X,Normale,Deux véhicules - côté,,,,,,,,,,,1,2,2,1,3
200800025769,0008-05-04 16:04:00,8,5,4,16,4,870,65,"0, LE BAS FAURE (LIEU DI",,,Plein jour,En agglomération,Hors intersection,Normale,Autre collision,,,,,,,,,,,1,2,1,1,6
200800025770,0008-05-04 19:17:00,8,5,4,19,17,870,85,AUTOROUTE A20,,,Plein jour,Hors agglomération,Hors intersection,Normale,Autre collision,,,,,,,,,,,1,1,1,1,6
200800025771,0008-05-06 14:31:00,8,5,6,14,31,870,65,"35, VALIN (AVENUE MARTIA",,,Plein jour,En agglomération,Hors intersection,Normale,Deux véhicules - côté,,,,,,,,,,,1,2,1,1,3
200800025772,0008-05-06 18:12:00,8,5,6,18,12,870,85,"259, DUTREIX (RUE ARMAND",,,Plein jour,En agglomération,Intersection en T,Normale,Deux véhicules - côté,,,,,,,,,,,1,2,3,1,3
200800025773,0008-05-07 16:05:00,8,5,7,16,5,870,85,"6, FERRER (RUE FRANCISCO",,,Plein jour,En agglomération,Hors intersection,Normale,Autre collision,,,,,,,,,,,1,2,1,1,6
200800025774,0008-05-08 06:34:00,8,5,8,6,34,870,85,"1, VERGNIAUD (COURS)",,,Plein jour,En agglomération,Intersection en X,Normale,Deux véhicules - côté,,,,,,,,,,,1,2,2,1,3
200800025775,0008-05-10 13:20:00,8,5,10,13,20,870,48,RD 11,,,Plein jour,Hors agglomération,Hors intersection,Normale,Autre collision,,,,,,,,,,,1,1,1,1,6
200800025776,0008-05-11 14:51:00,8,5,11,14,51,870,85,CHATRADES (rue des),,,Plein jour,Hors agglomération,Hors intersection,Normale,Deux véhicules - frontale,,,,,,,,,,,1,1,1,1,1
200800025777,0008-05-12 12:59:00,8,5,12,12,59,870,85,"43, BARBES (RUE ARMAND)",,,Plein jour,En agglomération,Hors intersection,Normale,Deux véhicules - côté,,,,,,,,,,,1,2,1,1,3
200800025778,0008-05-13 09:47:00,8,5,13,9,47,870,85,VERGNIAUD (COURS),,,Plein jour,En agglomération,Intersection en X,Normale,Deux véhicules - côté,,,,,,,,,,,1,2,2,1,3
200800025779,0008-05-15 17:33:00,8,5,15,17,33,870,85,"22, GAGNANT (AVENUE JEAN",,,Plein jour,En agglomération,Hors intersection,Normale,Autre collision,,,,,,,,,,,1,2,1,1,6
200800025780,0008-05-16 19:16:00,8,5,16,19,16,870,85,"275, DUTREIX (RUE ARMAND",,,Plein jour,En agglomération,Hors intersection,Normale,Sans collision,,,,,,,,,,,1,2,1,1,7
200800025781,0008-05-19 14:02:00,8,5,19,14,2,870,85,BAUDIN (AVENUE),,,Plein jour,Hors agglomération,Hors intersection,Normale,Autre collision,,,,,,,,,,,1,1,1,1,6
200800025782,0008-05-20 08:45:00,8,5,20,8,45,870,85,"13, DUMONT (RUE HENRI)",,,Plein jour,En agglomération,Hors intersection,Normale,Sans collision,,,,,,,,,,,1,2,1,1,7
200800025783,0008-05-20 11:28:00,8,5,20,11,28,870,85,"124, TOULOUSE (RUE DE)",,,Plein jour,En agglomération,Hors intersection,Normale,Autre collision,,,,,,,,,,,1,2,1,1,6
200800025784,0008-05-22 10:41:00,8,5,22,10,41,870,85,"78, VIGENAL (BOULEVARD D",,,Plein jour,En agglomération,Hors intersection,Normale,Autre collision,,,,,,,,,,,1,2,1,1,6
200800025785,0008-05-22 14:24:00,8,5,22,14,24,870,85,"8, CARMES (PLACE DES)",,,Plein jour,En agglomération,Intersection en X,Normale,Deux véhicules - côté,,,,,,,,,,,1,2,2,1,3
200800025786,0008-05-22 17:31:00,8,5,22,17,31,870,85,"183, TOULOUSE (RUE DE)",,,Plein jour,En agglomération,Hors intersection,Normale,Deux véhicules - frontale,,,,,,,,,,,1,2,1,1,1
200800025787,0008-05-24 13:39:00,8,5,24,13,39,870,85,SCHUMAN (BOULEVARD ROBER,,,Plein jour,En agglomération,Hors intersection,Pluie légère,Deux véhicules - arrière,,,,,,,,,,,1,2,1,2,2
200800025788,0008-05-24 21:19:00,8,5,24,21,19,870,85,"27, ANTONY (RUE  ET CHEM",,,Plein jour,En agglomération,Intersection en T,Normale,Deux véhicules - côté,,,,,,,,,,,1,2,3,1,3
200800025789,0008-05-26 16:58:00,8,5,26,16,58,870,85,KING (AVENUE MARTIN LUTH,,,Plein jour,En agglomération,Hors intersection,Normale,Autre collision,,,,,,,,,,,1,2,1,1,6
200800025790,0008-05-27 07:51:00,8,5,27,7,51,870,85,"55, REVOLUTION (AVENUE D",,,Plein jour,En agglomération,Hors intersection,Pluie forte,Trois véhicules et plus - en chaîne,,,,,,,,,,,1,2,1,3,4
200800025791,0008-05-27 17:41:00,8,5,27,17,41,870,85,"20, BEAUBLANC (BOULEVARD",,,Plein jour,En agglomération,Intersection en T,Pluie légère,Deux véhicules - côté,,,,,,,,,,,1,2,3,2,3
200800025792,0008-05-28 16:48:00,8,5,28,16,48,870,75,RN 21,,,Plein jour,Hors agglomération,Hors intersection,Normale,Autre collision,,,,,,,,,,,1,1,1,1,6
200800025793,0008-05-30 11:50:00,8,5,30,11,50,870,85,"89, RANSON (RUE LOUIS CA",,,Plein jour,En agglomération,Hors intersection,Normale,Autre collision,,,,,,,,,,,1,2,1,1,6
200800025794,0008-05-30 23:04:00,8,5,30,23,4,870,113,MITTERRAND (AVENUE FRANC,,,Nuit sans éclairage public,En agglomération,Hors intersection,Normale,Autre collision,,,,,,,,,,,3,2,1,1,6
200800025795,0008-05-03 20:42:00,8,5,3,20,42,880,160,"00, BLUM (AV. LEON)",,,Plein jour,En agglomération,Intersection en X,Normale,Deux véhicules - côté,,,,,,,,,,,1,2,2,1,3
200800025796,0008-05-20 10:38:00,8,5,20,10,38,880,209,"60, LECLERC ( RUE GENERA",48.19083,6.42506,Plein jour,En agglomération,Hors intersection,Normale,Deux véhicules - arrière,,,,,,,,,,,1,2,1,1,2
200800025797,0008-05-30 17:20:00,8,5,30,17,20,880,160,"00, DUTAC (AV.)",,,Plein jour,En agglomération,Hors intersection,Normale,Deux véhicules - arrière,,,,,,,,,,,1,2,1,1,2
200800025798,0008-05-05 13:15:00,8,5,5,13,15,880,160,"53, NEUVE-GRANGE (RUE)",48.14879,6.45925,Plein jour,En agglomération,Intersection en T,Normale,Deux véhicules - côté,,,,,,,,,,,1,2,3,1,3
200800025799,0008-05-27 13:15:00,8,5,27,13,15,890,24,"00, CHABLIS (ROUTE DE)",,,Plein jour,Hors agglomération,Hors intersection,Pluie légère,Deux véhicules - côté,,,,,,,,,,,1,1,1,2,3
200800025800,0008-05-15 17:25:00,8,5,15,17,25,890,387,"65, EMILE ZOLA (RUE)",,,Plein jour,En agglomération,Hors intersection,Pluie légère,Deux véhicules - arrière,,,,,,,,,,,1,2,1,2,2
200800025801,0008-05-16 12:20:00,8,5,16,12,20,890,387,"12, RIGAULT (RUE)",,,Plein jour,En agglomération,Hors intersection,Normale,Autre collision,,,,,,,,,,,1,2,1,1,6
200800025802,0008-05-23 11:10:00,8,5,23,11,10,890,387,"0, PONT NEUF (BOULEVARD",,,Plein jour,En agglomération,Hors intersection,Normale,Deux véhicules - arrière,,,,,,,,,,,1,2,1,1,2
200800025803,0008-05-26 15:45:00,8,5,26,15,45,890,387,"0, PONT DE SALCY",,,Plein jour,Hors agglomération,Hors intersection,Pluie forte,Deux véhicules - arrière,,,,,,,,,,,1,1,1,3,2
200800025804,0008-05-02 16:05:00,8,5,2,16,5,900,10,"1, RABIN (PLACE YITZHAK)",,,Plein jour,En agglomération,Hors intersection,Normale,Sans collision,,,,,,,,,,,1,2,1,1,7
200800025805,0008-05-02 16:15:00,8,5,2,16,15,900,75,"1, COMMANDOS D'AFRIQUE (",,,Plein jour,Hors agglomération,Hors intersection,Normale,Autre collision,,,,,,,,,,,1,1,1,1,6
200800025806,0008-05-07 17:35:00,8,5,7,17,35,900,99,"1, CARNOT (RUE)",,,Plein jour,En agglomération,Hors intersection,Normale,Sans collision,,,,,,,,,,,1,2,1,1,7
200800025807,0008-05-08 14:45:00,8,5,8,14,45,900,75,"1, COMMANDOS D'AFRIQUE (",,,Plein jour,En agglomération,Hors intersection,Normale,Sans collision,,,,,,,,,,,1,2,1,1,7
200800025808,0008-05-08 18:30:00,8,5,8,18,30,900,8,BUC (RUE DE),,,Plein jour,Hors agglomération,Hors intersection,Normale,Sans collision,,,,,,,,,,,1,1,1,1,7
200800025809,0008-05-13 16:50:00,8,5,13,16,50,900,8,GRAND'RUE,,,Plein jour,En agglomération,Hors intersection,Normale,Deux véhicules - arrière,,,,,,,,,,,1,2,1,1,2
200800025810,0008-05-14 07:49:00,8,5,14,7,49,900,10,"125, JAURES (AVENUE JEAN",,,Plein jour,En agglomération,Hors intersection,Normale,Deux véhicules - côté,,,,,,,,,,,1,2,1,1,3
200800025811,0008-05-14 12:15:00,8,5,14,12,15,900,10,"32, MARSEILLE (RUE DE)",,,Plein jour,En agglomération,Hors intersection,Normale,Deux véhicules - côté,,,,,,,,,,,1,2,1,1,3
200800025812,0008-05-21 12:35:00,8,5,21,12,35,900,10,"26, ALTKIRCH (AVENUE)",,,Plein jour,En agglomération,Autre intersection,Normale,Trois véhicules et plus - en chaîne,,,,,,,,,,,1,2,9,1,4
200800025813,0008-05-20 15:10:00,8,5,20,15,10,900,10,CLEMENCEAU (BOULEVARD),,,Plein jour,En agglomération,Intersection en X,Normale,Deux véhicules - côté,,,,,,,,,,,1,2,2,1,3
200800025814,0008-05-23 09:20:00,8,5,23,9,20,900,10,"14, ALTKIRCH (AVENUE)",,,Plein jour,En agglomération,Hors intersection,Normale,Autre collision,,,,,,,,,,,1,2,1,1,6
200800025815,0008-05-24 07:40:00,8,5,24,7,40,900,8,"1, CHARMEUSE (RUE DE LA)",,,Plein jour,En agglomération,Hors intersection,Pluie légère,Sans collision,,,,,,,,,,,1,2,1,2,7
200800025816,0008-05-25 01:30:00,8,5,25,1,30,900,10,"1, FONTAINE (RUE JEAN DE",,,Nuit avec éclairage allumé,Hors agglomération,Hors intersection,Pluie légère,Sans collision,,,,,,,,,,,5,1,1,2,7
200800025817,0008-05-25 16:26:00,8,5,25,16,26,900,99,"1, MONCEAU (RUE DU)",,,Plein jour,En agglomération,Hors intersection,Normale,Autre collision,,,,,,,,,,,1,2,1,1,6
200800025818,0008-05-30 15:19:00,8,5,30,15,19,900,10,"1, MENDES FRANCE (RUE)",,,Plein jour,Hors agglomération,Hors intersection,Normale,Deux véhicules - frontale,,,,,,,,,,,1,1,1,1,1
200800025819,0008-05-30 16:40:00,8,5,30,16,40,900,99,ZOLA (RUE EMILE),,,Plein jour,En agglomération,Hors intersection,Normale,Deux véhicules - côté,,,,,,,,,,,1,2,1,1,3
200800025820,0008-05-31 14:40:00,8,5,31,14,40,900,10,"49, VALDOIE (RUE DE)",,,Plein jour,En agglomération,Intersection en T,Pluie légère,Deux véhicules - côté,,,,,,,,,,,1,2,3,2,3
200800025821,0008-05-01 15:03:00,8,5,1,15,3,910,103,VALORGE (RUE DE),,,Plein jour,En agglomération,Intersection en X,Pluie légère,Deux véhicules - frontale,,,,,,,,,,,1,2,2,2,1
200800025822,0008-05-04 18:30:00,8,5,4,18,30,910,339,SABLONS (RUE DES),,,Plein jour,En agglomération,Intersection en X,Normale,Deux véhicules - côté,,,,,,,,,,,1,2,2,1,3
200800025823,0008-05-06 19:25:00,8,5,6,19,25,910,425,"13, RN 20",,,Plein jour,Hors agglomération,Hors intersection,Temps éblouissant,Deux véhicules - arrière,,,,,,,,,,,1,1,1,7,2
200800025824,0008-05-19 02:30:00,8,5,19,2,30,910,339,RN 20,,,Nuit avec éclairage allumé,Hors agglomération,Hors intersection,Pluie légère,Deux véhicules - frontale,,,,,,,,,,,5,1,1,2,1
200800025825,0008-05-17 15:50:00,8,5,17,15,50,910,103,"17, PAIX (RUE DE LA)",,,Plein jour,En agglomération,Hors intersection,Normale,Autre collision,,,,,,,,,,,1,2,1,1,6
200800025826,0008-05-21 07:50:00,8,5,21,7,50,910,21,ETAMPES (PORTE D'),,,Plein jour,En agglomération,Giratoire,Normale,Deux véhicules - côté,,,,,,,,,,,1,2,6,1,3
200800025827,0008-05-22 09:25:00,8,5,22,9,25,910,339,RN 20,,,Plein jour,Hors agglomération,Hors intersection,Normale,Deux véhicules - arrière,,,,,,,,,,,1,1,1,1,2
200800025828,0008-05-01 06:25:00,8,5,1,6,25,910,514,CD 33,,,Crépuscule ou aube,Hors agglomération,Hors intersection,Normale,Deux véhicules - côté,,,,,,,,,,,2,1,1,1,3
200800025829,0008-05-08 13:40:00,8,5,8,13,40,910,114,CYGNES (AVENUE DES),,,Plein jour,En agglomération,Intersection en X,Normale,Deux véhicules - arrière,,,,,,,,,,,1,2,2,1,2
200800025830,0008-05-13 09:30:00,8,5,13,9,30,910,114,"6, GENERAL LECLERC (AVEN",,,Plein jour,En agglomération,Intersection en X,Normale,Deux véhicules - côté,,,,,,,,,,,1,2,2,1,3
200800025831,0008-05-15 11:45:00,8,5,15,11,45,910,114,"34, REVEILLON (RUE DU)",,,Plein jour,En agglomération,Intersection en X,Normale,Deux véhicules - côté,,,,,,,,,,,1,2,2,1,3
200800025832,0008-05-17 20:30:00,8,5,17,20,30,910,97,TIBAUDIERES (RUE),,,Nuit avec éclairage allumé,En agglomération,Hors intersection,Normale,Autre collision,,,,,,,,,,,5,2,1,1,6
200800025833,0008-05-26 05:00:00,8,5,26,5,0,910,514,ROUTE NATIONALE 6,,,Crépuscule ou aube,En agglomération,Hors intersection,Normale,Sans collision,,,,,,,,,,,2,2,1,1,7
200800025834,0008-05-26 09:30:00,8,5,26,9,30,910,514,ROUTE NATIONALE 6,,,Plein jour,En agglomération,Hors intersection,Normale,Autre collision,,,,,,,,,,,1,2,1,1,6
200800025835,0008-05-27 14:55:00,8,5,27,14,55,910,114,POSTE (RUE DE LA),,,Plein jour,En agglomération,Hors intersection,Temps couvert,Autre collision,,,,,,,,,,,1,2,1,8,6
200800025836,0008-05-29 15:20:00,8,5,29,15,20,910,114,TALMA (RUE),,,Plein jour,En agglomération,Hors intersection,Normale,Deux véhicules - côté,,,,,,,,,,,1,2,1,1,3
200800025837,0008-05-31 11:35:00,8,5,31,11,35,910,97,CHARLES DE GAULLE (BUISS,,,Plein jour,En agglomération,Hors intersection,Normale,Deux véhicules - arrière,,,,,,,,,,,1,2,1,1,2
200800025838,0008-05-21 14:15:00,8,5,21,14,15,910,174,"00, ST SPIRE(RUE)",,,Plein jour,En agglomération,Hors intersection,Normale,Autre collision,,,,,,,,,,,1,2,1,1,6
200800025839,0008-05-15 18:58:00,8,5,15,18,58,910,174,", BLUM(AVENUE LEON)",,,Plein jour,En agglomération,Hors intersection,Normale,Autre collision,,,,,,,,,,,1,2,1,1,6
200800025840,0008-05-04 02:45:00,8,5,4,2,45,910,657,HENRI BARBUSSE (AVENUE),,,Nuit avec éclairage allumé,En agglomération,Hors intersection,Normale,Autre collision,,,,,,,,,,,5,2,1,1,6
200800025841,0008-05-27 08:55:00,8,5,27,8,55,910,657,HENRI BARBUSSE (AVENUE),,,Crépuscule ou aube,En agglomération,Hors intersection,Normale,Deux véhicules - côté,,,,,,,,,,,2,2,1,1,3
200800025842,0008-05-01 17:00:00,8,5,1,17,0,910,657,JEAN CORRINGER (RUE),,,Plein jour,En agglomération,Intersection en X,Normale,Deux véhicules - côté,,,,,,,,,,,1,2,2,1,3
200800025843,0008-05-22 18:15:00,8,5,22,18,15,910,201,HENRI BARBUSSE(BOULEVARD,,,Plein jour,En agglomération,Hors intersection,Normale,Trois véhicules et plus - en chaîne,,,,,,,,,,,1,2,1,1,4
200800025844,0008-05-24 17:45:00,8,5,24,17,45,910,201,MAINVILLE(RUE DE),,,Plein jour,En agglomération,Hors intersection,Normale,Deux véhicules - arrière,,,,,,,,,,,1,2,1,1,2
200800025845,0008-05-27 01:45:00,8,5,27,1,45,910,657,LONGUERAIE (RUE DE LA ),,,Nuit sans éclairage public,En agglomération,Hors intersection,Normale,Autre collision,,,,,,,,,,,3,2,1,1,6
200800025846,0008-05-31 17:55:00,8,5,31,17,55,910,657,PIERRE BROSSOLETTE (RUE),,,Plein jour,En agglomération,Hors intersection,Normale,Autre collision,,,,,,,,,,,1,2,1,1,6
200800025847,0008-05-03 14:40:00,8,5,3,14,40,910,433,R.N. 20,,,Plein jour,Hors agglomération,Hors intersection,Normale,Sans collision,,,,,,,,,,,1,1,1,1,7
200800025848,0008-05-08 16:15:00,8,5,8,16,15,910,469,"41, GRANDE RUE",,,Plein jour,En agglomération,Hors intersection,Normale,Deux véhicules - frontale,,,,,,,,,,,1,2,1,1,1
200800025849,0008-05-13 06:00:00,8,5,13,6,0,910,223,R.N.20,,,Crépuscule ou aube,Hors agglomération,Hors intersection,Normale,Sans collision,,,,,,,,,,,2,1,1,1,7
200800025850,0008-05-18 08:20:00,8,5,18,8,20,910,223,R.N.20,,,Plein jour,Hors agglomération,Hors intersection,Normale,Sans collision,,,,,,,,,,,1,1,1,1,7
200800025851,0008-05-23 21:25:00,8,5,23,21,25,910,223,"22, BRESSAULT (RUE DE)",,,Nuit avec éclairage allumé,En agglomération,Hors intersection,Normale,Sans collision,,,,,,,,,,,5,2,1,1,7
200800025852,0008-05-26 16:50:00,8,5,26,16,50,910,223,"2, MAI 1945 (AVENUE DU 8",,,Plein jour,En agglomération,Hors intersection,Normale,Sans collision,,,,,,,,,,,1,2,1,1,7
200800025853,0008-05-27 19:35:00,8,5,27,19,35,910,223,"5, GEROFOSSE (RUE DE)",,,Plein jour,En agglomération,Hors intersection,Normale,Sans collision,,,,,,,,,,,1,2,1,1,7
200800025854,0008-05-30 17:50:00,8,5,30,17,50,910,433,"5, MAIRIE (RUE DE LA)",,,Plein jour,En agglomération,Intersection en T,Normale,Deux véhicules - côté,,,,,,,,,,,1,2,3,1,3
200800025855,0008-05-30 21:05:00,8,5,30,21,5,910,223,RN 191,,,Crépuscule ou aube,Hors agglomération,Hors intersection,Normale,Sans collision,,,,,,,,,,,2,1,1,1,7
200800025856,0008-05-30 21:45:00,8,5,30,21,45,910,433,RN 191,,,Crépuscule ou aube,Hors agglomération,Intersection en X,Normale,Deux véhicules - côté,,,,,,,,,,,2,1,2,1,3
200800025857,0008-05-31 16:25:00,8,5,31,16,25,910,223,R.N.20,,,Plein jour,Hors agglomération,Hors intersection,Normale,Sans collision,,,,,,,,,,,1,1,1,1,7
200800025858,0008-05-05 12:29:00,8,5,5,12,29,910,228,"., VALLES (PLACE JULES)",,,Plein jour,En agglomération,Hors intersection,Normale,Autre collision,,,,,,,,,,,1,2,1,1,6
200800025859,0008-05-06 08:30:00,8,5,6,8,30,910,182,"., AMPERE (RUE ANDRE-MAR",,,Plein jour,En agglomération,Hors intersection,Temps éblouissant,Autre collision,,,,,,,,,,,1,2,1,7,6
200800025860,0008-05-08 00:01:00,8,5,8,0,1,910,521,BROSSOLETTE (RUE PIERRE),,,Nuit avec éclairage allumé,En agglomération,Intersection en T,Normale,Deux véhicules - côté,,,,,,,,,,,5,2,3,1,3
200800025861,0008-05-11 16:00:00,8,5,11,16,0,910,521,"., PASSEREAUX (RUE DES)",,,Plein jour,En agglomération,Hors intersection,Normale,Deux véhicules - côté,,,,,,,,,,,1,2,1,1,3
200800025862,0008-05-25 04:05:00,8,5,25,4,5,910,521,"., JOLIOT CURIE (AVENUE",,,Nuit avec éclairage allumé,En agglomération,Hors intersection,Normale,Autre collision,,,,,,,,,,,5,2,1,1,6
200800025863,0008-05-25 21:10:00,8,5,25,21,10,910,228,"., CHAMPS ELYSEES (BD) N",,,Crépuscule ou aube,En agglomération,Intersection en T,Pluie légère,Deux véhicules - côté,,,,,,,,,,,2,2,3,2,3
200800025864,0008-05-30 09:05:00,8,5,30,9,5,910,228,VOIE TU,,,Plein jour,En agglomération,Intersection en X,Normale,Deux véhicules - côté,,,,,,,,,,,1,2,2,1,3
200800025865,0008-05-10 10:10:00,8,5,10,10,10,910,687,GENERAL DE GAULLE (AVENU,,,Plein jour,En agglomération,Intersection en X,Normale,Deux véhicules - arrière,,,,,,,,,,,1,2,2,1,2
200800025866,0008-05-18 19:30:00,8,5,18,19,30,910,434,"22, ERABLES (AVENUE DES)",,,Plein jour,En agglomération,Hors intersection,Normale,Autre collision,,,,,,,,,,,1,2,1,1,6
200800025867,0008-05-16 08:20:00,8,5,16,8,20,910,286,"2, SABLONS (AVENUE DES)",,,Plein jour,En agglomération,Hors intersection,Normale,Autre collision,,,,,,,,,,,1,2,1,1,6
200800025868,0008-05-04 18:35:00,8,5,4,18,35,910,421,RAYMOND POMIER (RUE),,,Plein jour,En agglomération,Intersection en X,Normale,Deux véhicules - côté,,,,,,,,,,,1,2,2,1,3
200800025869,0008-05-06 07:10:00,8,5,6,7,10,910,191,CHEMIN DES,,,Plein jour,En agglomération,Hors intersection,Normale,Deux véhicules - frontale,,,,,,,,,,,1,2,1,1,1
200800025870,0008-05-19 11:20:00,8,5,19,11,20,910,421,"48, JEAN JAURES (AVENUE)",,,Plein jour,En agglomération,Hors intersection,Normale,Deux véhicules - côté,,,,,,,,,,,1,2,1,1,3
200800025871,0008-05-17 23:10:00,8,5,17,23,10,910,691,GABRIEL PERI(RUE) DU N°4,,,Nuit avec éclairage allumé,En agglomération,Intersection en T,Normale,Deux véhicules - frontale,,,,,,,,,,,5,2,3,1,1
200800025872,0008-05-18 14:55:00,8,5,18,14,55,910,421,NATIONALE 6 (GLACIERE),,,Plein jour,Hors agglomération,Hors intersection,Pluie légère,Deux véhicules - arrière,,,,,,,,,,,1,1,1,2,2
200800025873,0008-05-19 13:10:00,8,5,19,13,10,910,691,"2 bis, STADE(RUE)",,,Plein jour,En agglomération,Hors intersection,Normale,Autre collision,,,,,,,,,,,1,2,1,1,6
200800025874,0008-05-21 12:45:00,8,5,21,12,45,910,191,"30, JEAN JAURES (AVENUE)",,,Plein jour,En agglomération,Hors intersection,Normale,Autre collision,,,,,,,,,,,1,2,1,1,6
200800025875,0008-05-24 14:35:00,8,5,24,14,35,910,191,CENTRE COMMERCIAL,,,Plein jour,En agglomération,Hors intersection,Normale,Autre collision,,,,,,,,,,,1,2,1,1,6
200800025876,0008-05-27 18:30:00,8,5,27,18,30,910,691,"47, FREDERIC MISTRAL(RUE",,,Plein jour,En agglomération,Hors intersection,Normale,Autre collision,,,,,,,,,,,1,2,1,1,6
200800025877,0008-05-28 13:35:00,8,5,28,13,35,910,421,"1, REPUBLIQUE (AVENUE DE",,,Plein jour,En agglomération,Hors intersection,Normale,Autre collision,,,,,,,,,,,1,2,1,1,6
200800025878,0008-05-29 10:30:00,8,5,29,10,30,910,691,"20, DOCTEUR SCHWEITZER(R",,,Plein jour,En agglomération,Hors intersection,Normale,Autre collision,,,,,,,,,,,1,2,1,1,6
200800025879,0008-05-04 17:45:00,8,5,4,17,45,910,471,"27, CHARLES DE GAULLE (R",,,Plein jour,En agglomération,Hors intersection,Normale,Deux véhicules - côté,,,,,,,,,,,1,2,1,1,3
200800025880,0008-05-05 17:50:00,8,5,5,17,50,910,692,"25, CEVENNES (RUE DES)",,,Plein jour,En agglomération,Hors intersection,Normale,Autre collision,,,,,,,,,,,1,2,1,1,6
200800025881,0008-05-06 11:20:00,8,5,6,11,20,910,692,CD35,,,Plein jour,Hors agglomération,Hors intersection,Normale,Deux véhicules - frontale,,,,,,,,,,,1,1,1,1,1
200800025882,0008-05-06 17:05:00,8,5,6,17,5,910,477,"44, SAND (RUE GEORGES)",,,Plein jour,En agglomération,Hors intersection,Normale,Autre collision,,,,,,,,,,,1,2,1,1,6