accident_id,datetime,annee,mois,jour,heure,minute,departement,commune_insee,adresse,latitude,longitude,luminosite,agglomeration,intersection,meteo,collision,nb_vehicules,nb_usagers,nb_indemnes,nb_tues,nb_blesses_hosp,nb_blesses_legers,age_cond_1,age_cond_2,veh_type_cond_1,veh_type_cond_2,lum_code,agg_code,int_code,atm_code,col_code
200800026017,0008-05-19 08:44:00,8,5,19,8,44,920,49,BRIAND AVENUE ARISTIDE A,,,Plein jour,En agglomération,Hors intersection,Normale,Deux véhicules - côté,,,,,,,,,,,1,2,1,1,3
200800026018,0008-05-22 09:25:00,8,5,22,9,25,920,49,"33, BARBES RUE",,,Plein jour,En agglomération,Hors intersection,Normale,Deux véhicules - côté,,,,,,,,,,,1,2,1,1,3
200800026019,0008-05-24 08:45:00,8,5,24,8,45,920,49,"105, REPUBLIQUE AVENUE D",,,Crépuscule ou aube,En agglomération,Hors intersection,Pluie légère,Autre collision,,,,,,,,,,,2,2,1,2,6
200800026020,0008-05-24 20:25:00,8,5,24,20,25,920,49,"55, BROSSOLETTE AVENUE P",,,Crépuscule ou aube,En agglomération,Hors intersection,Normale,Autre collision,,,,,,,,,,,2,2,1,1,6
200800026021,0008-05-29 12:25:00,8,5,29,12,25,920,49,"92, JAURES AVENUE JEAN N",,,Plein jour,En agglomération,Hors intersection,Normale,Autre collision,,,,,,,,,,,1,2,1,1,6
200800026022,0008-05-29 15:45:00,8,5,29,15,45,920,20,VERDUN AVENUE DE N°1 A 4,,,Plein jour,En agglomération,Hors intersection,Normale,Deux véhicules - arrière,,,,,,,,,,,1,2,1,1,2
200800026023,0008-05-31 02:15:00,8,5,31,2,15,920,49,BARBES RUE,,,Nuit avec éclairage allumé,En agglomération,Intersection en X,Normale,Deux véhicules - côté,,,,,,,,,,,5,2,2,1,3
200800026024,0008-05-02 18:30:00,8,5,2,18,30,920,50,Route Nationale  314,,,Plein jour,En agglomération,Giratoire,Normale,Deux véhicules - arrière,,,,,,,,,,,1,2,6,1,2
200800026025,0008-05-21 10:10:00,8,5,21,10,10,920,50,SOUFFLOT J-GERMAIN BOULE,,,Plein jour,En agglomération,Giratoire,Normale,Autre collision,,,,,,,,,,,1,2,6,1,6
200800026026,0008-05-23 09:35:00,8,5,23,9,35,920,50,PONT DE BEZONS,,,Plein jour,En agglomération,Intersection en T,Normale,Sans collision,,,,,,,,,,,1,2,3,1,7
200800026027,0008-05-06 18:00:00,8,5,6,18,0,920,51,INKERMANN (BOULEVARD D'),,,Plein jour,En agglomération,Hors intersection,Normale,Deux véhicules - côté,,,,,,,,,,,1,2,1,1,3
200800026028,0008-05-07 12:30:00,8,5,7,12,30,920,51,"62, CHARLES DE GAULLE (A",,,Plein jour,En agglomération,Hors intersection,Normale,Autre collision,,,,,,,,,,,1,2,1,1,6
200800026029,0008-05-07 14:45:00,8,5,7,14,45,920,51,"26, CHARLES DE GAULLE (A",,,Plein jour,En agglomération,Hors intersection,Normale,Trois véhicules et plus - collisions multiples,,,,,,,,,,,1,2,1,1,5
200800026030,0008-05-07 16:50:00,8,5,7,16,50,920,51,HOTEL DE VILLE (RUE DE L,,,Plein jour,En agglomération,Hors intersection,Normale,Autre collision,,,,,,,,,,,1,2,1,1,6
200800026031,0008-05-13 08:15:00,8,5,13,8,15,920,51,"49, CHARLES DE GAULLE (A",,,Plein jour,En agglomération,Hors intersection,Normale,Deux véhicules - côté,,,,,,,,,,,1,2,1,1,3
200800026032,0008-05-22 14:20:00,8,5,22,14,20,920,51,"17, MADRID (AVENUE DE)",,,Plein jour,En agglomération,Hors intersection,Normale,Autre collision,,,,,,,,,,,1,2,1,1,6
200800026033,0008-05-23 09:45:00,8,5,23,9,45,920,51,"43, CHARLES DE GAULLE (A",,,Plein jour,En agglomération,Hors intersection,Normale,Trois véhicules et plus - collisions multiples,,,,,,,,,,,1,2,1,1,5
200800026034,0008-05-24 20:40:00,8,5,24,20,40,920,51,"17 bis, VICTOR HUGO (BOU",,,Plein jour,En agglomération,Hors intersection,Normale,Autre collision,,,,,,,,,,,1,2,1,1,6
200800026035,0008-05-14 18:00:00,8,5,14,18,0,920,51,"63, ROULE (AVENUE DU, N°",,,Plein jour,En agglomération,Hors intersection,Pluie légère,Autre collision,,,,,,,,,,,1,2,1,2,6
200800026036,0008-05-25 19:53:00,8,5,25,19,53,920,51,"1, INKERMANN (BOULEVARD",,,Plein jour,En agglomération,Hors intersection,Normale,Autre collision,,,,,,,,,,,1,2,1,1,6
200800026037,0008-05-19 08:40:00,8,5,19,8,40,920,51,"78, ROULE (AVENUE DU, N°",,,Plein jour,En agglomération,Hors intersection,Normale,Deux véhicules - côté,,,,,,,,,,,1,2,1,1,3
200800026038,0008-05-29 14:50:00,8,5,29,14,50,920,51,"111, CHARLES DE GAULLE (",,,Plein jour,En agglomération,Hors intersection,Normale,Deux véhicules - côté,,,,,,,,,,,1,2,1,1,3
200800026039,0008-05-26 18:10:00,8,5,26,18,10,920,51,"91, ROULE (AVENUE DU, N°",,,Plein jour,En agglomération,Hors intersection,Normale,Deux véhicules - côté,,,,,,,,,,,1,2,1,1,3
200800026040,0008-05-27 11:25:00,8,5,27,11,25,920,51,"45, PAULINE BORGHESE (RU",,,Plein jour,En agglomération,Hors intersection,Normale,Deux véhicules - arrière,,,,,,,,,,,1,2,1,1,2
200800026041,0008-05-30 10:06:00,8,5,30,10,6,920,51,"59, SAINTE FOY (AVENUE)",,,Plein jour,En agglomération,Hors intersection,Normale,Autre collision,,,,,,,,,,,1,2,1,1,6
200800026042,0008-05-13 11:20:00,8,5,13,11,20,920,51,EMILE BERGERAT (VILLA),,,Plein jour,En agglomération,Hors intersection,Normale,Deux véhicules - côté,,,,,,,,,,,1,2,1,1,3
200800026043,0008-05-03 19:25:00,8,5,3,19,25,920,62,"29, PAVILLONS (RUE DES)",,,Plein jour,En agglomération,Hors intersection,Normale,Autre collision,,,,,,,,,,,1,2,1,1,6
200800026044,0008-05-19 16:01:00,8,5,19,16,1,920,62,"00, JAURES (RUE JEAN) DU",,,Plein jour,En agglomération,Intersection en X,Normale,Deux véhicules - côté,,,,,,,,,,,1,2,2,1,3
200800026045,0008-05-17 13:30:00,8,5,17,13,30,920,62,"111, GENERAL DE GAULLE (",,,Plein jour,En agglomération,Hors intersection,Normale,Deux véhicules - arrière,,,,,,,,,,,1,2,1,1,2
200800026046,0008-05-19 18:10:00,8,5,19,18,10,920,62,"00, BRAZZA (RUE)",,,Plein jour,En agglomération,Intersection en T,Normale,Autre collision,,,,,,,,,,,1,2,3,1,6
200800026047,0008-05-26 16:55:00,8,5,26,16,55,920,62,"00, VOILIN (RUE LUCIEN)",,,Plein jour,En agglomération,Intersection en T,Pluie légère,Trois véhicules et plus - collisions multiples,,,,,,,,,,,1,2,3,2,5
200800026048,0008-05-30 19:25:00,8,5,30,19,25,920,62,"00, GODEFROY (RUE) DU 1",,,Plein jour,En agglomération,Intersection en T,Normale,Deux véhicules - côté,,,,,,,,,,,1,2,3,1,3
200800026049,0008-05-14 20:20:00,8,5,14,20,20,920,63,"neant, HOPITAL STELL (BO",,,Plein jour,En agglomération,Intersection en X,Pluie forte,Deux véhicules - côté,,,,,,,,,,,1,2,2,3,3
200800026050,0008-05-16 08:20:00,8,5,16,8,20,920,76,"11-11BIS, VILLEPREUX",,,Plein jour,En agglomération,Hors intersection,Normale,Deux véhicules - côté,,,,,,,,,,,1,2,1,1,3
200800026051,0008-05-16 12:40:00,8,5,16,12,40,920,64,REPUBLIQUE,,,Plein jour,En agglomération,Hors intersection,Normale,Deux véhicules - arrière,,,,,,,,,,,1,2,1,1,2
200800026052,0008-05-17 17:00:00,8,5,17,17,0,920,64,"1, PLACE CLEMENCEAU",,,Plein jour,En agglomération,Hors intersection,Pluie légère,Deux véhicules - arrière,,,,,,,,,,,1,2,1,2,2
200800026053,0008-05-18 17:10:00,8,5,18,17,10,920,64,"04, FRANCIS CHAVETON",,,Plein jour,En agglomération,Hors intersection,Normale,Deux véhicules - arrière,,,,,,,,,,,1,2,1,1,2
200800026054,0008-05-19 10:15:00,8,5,19,10,15,920,64,"7/9, DANTAN",,,Plein jour,En agglomération,Hors intersection,Normale,Autre collision,,,,,,,,,,,1,2,1,1,6
200800026055,0008-05-26 08:40:00,8,5,26,8,40,920,33,LYAUTEY,,,Plein jour,En agglomération,Intersection en T,Temps couvert,Trois véhicules et plus - collisions multiples,,,,,,,,,,,1,2,3,8,5
200800026056,0008-05-13 08:30:00,8,5,13,8,30,920,77,"179 - 1983, VERSAILLES (",,,Plein jour,En agglomération,Hors intersection,Normale,Autre collision,,,,,,,,,,,1,2,1,1,6
200800026057,0008-05-21 17:03:00,8,5,21,17,3,920,72,"108, VILLE D'AVRAY (RUE",,,Plein jour,En agglomération,Hors intersection,Normale,Deux véhicules - arrière,,,,,,,,,,,1,2,1,1,2
200800026058,0008-05-22 14:45:00,8,5,22,14,45,920,72,"4, MONESSE (RUE DE LA)",,,Plein jour,En agglomération,Hors intersection,Normale,Deux véhicules - frontale,,,,,,,,,,,1,2,1,1,1
200800026059,0008-05-23 17:10:00,8,5,23,17,10,920,72,"., BRUYERES (CARREFOUR D",,,Plein jour,En agglomération,Intersection en X,Normale,Deux véhicules - côté,,,,,,,,,,,1,2,2,1,3
200800026060,0008-05-26 08:30:00,8,5,26,8,30,920,72,"01, GRANDE RUE",,,Plein jour,En agglomération,Hors intersection,Normale,Deux véhicules - arrière,,,,,,,,,,,1,2,1,1,2
200800026061,0008-05-12 19:30:00,8,5,12,19,30,920,73,"75 bis, FUSILLES DE LA R",,,Plein jour,En agglomération,Hors intersection,Pluie légère,Sans collision,,,,,,,,,,,1,2,1,2,7
200800026062,0008-05-23 14:50:00,8,5,23,14,50,920,73,"5, DASSAULT (QUAI MARCEL",,,Plein jour,En agglomération,Hors intersection,Normale,Trois véhicules et plus - collisions multiples,,,,,,,,,,,1,2,1,1,5
200800026063,0008-05-07 10:30:00,8,5,7,10,30,920,75,"21, JEAN BLEUZEN",,,Plein jour,En agglomération,Hors intersection,Normale,Autre collision,,,,,,,,,,,1,2,1,1,6
200800026064,0008-05-14 12:40:00,8,5,14,12,40,920,75,DE GAULLE (AVENUE DU GEN,,,Plein jour,En agglomération,Intersection en X,Normale,Deux véhicules - frontale,,,,,,,,,,,1,2,2,1,1
200800026065,0008-05-15 09:15:00,8,5,15,9,15,920,75,"44, LARMEROUX (RUE)",,,Plein jour,En agglomération,Hors intersection,Normale,Autre collision,,,,,,,,,,,1,2,1,1,6
200800026066,0008-05-21 18:30:00,8,5,21,18,30,920,46,"38, CHAUVELOT (RUE)",,,Plein jour,En agglomération,Hors intersection,Normale,Autre collision,,,,,,,,,,,1,2,1,1,6
200800026067,0008-05-22 09:40:00,8,5,22,9,40,920,46,Charles de gaulle,,,Plein jour,En agglomération,Intersection en T,Normale,Deux véhicules - côté,,,,,,,,,,,1,2,3,1,3
200800026068,0008-05-30 17:55:00,8,5,30,17,55,920,75,"7, ERNEST LAVAL (RUE)",,,Plein jour,En agglomération,Hors intersection,Normale,Deux véhicules - arrière,,,,,,,,,,,1,2,1,1,2
200800026069,0008-05-20 11:15:00,8,5,20,11,15,920,78,VERDUN (AVENUE) (IMPAIRS,,,Plein jour,En agglomération,Hors intersection,Normale,Deux véhicules - côté,,,,,,,,,,,1,2,1,1,3
200800026070,0008-05-21 18:20:00,8,5,21,18,20,920,78,"101, VERDUN (AVENUE) (IM",,,Plein jour,En agglomération,Hors intersection,Normale,Deux véhicules - côté,,,,,,,,,,,1,2,1,1,3
200800026071,0008-05-13 17:30:00,8,5,13,17,30,920,62,"1, RN314",,,Plein jour,En agglomération,Intersection en T,Normale,Deux véhicules - arrière,,,,,,,,,,,1,2,3,1,2
200800026072,0008-05-16 17:55:00,8,5,16,17,55,920,26,"1, DIVISION LECLERC (AVE",,,Plein jour,En agglomération,Intersection en T,Normale,Deux véhicules - côté,,,,,,,,,,,1,2,3,1,3
200800026073,0008-05-22 10:00:00,8,5,22,10,0,920,26,BOULEVARD CIRCULAIRE,,,Plein jour,En agglomération,Intersection en T,Normale,Autre collision,,,,,,,,,,,1,2,3,1,6
200800026074,0008-05-23 18:32:00,8,5,23,18,32,920,26,"1, ALBERT GLEIZES (AVENU",,,Plein jour,En agglomération,Intersection en X,Normale,Deux véhicules - côté,,,,,,,,,,,1,2,2,1,3
200800026075,0008-05-31 15:30:00,8,5,31,15,30,920,26,"1, DIVISION LECLERC (AVE",,,Plein jour,En agglomération,Intersection en T,Normale,Deux véhicules - côté,,,,,,,,,,,1,2,3,1,3
200800026076,0008-05-03 19:40:00,8,5,3,19,40,930,1,HENRI BARBUSSE (RUE)  11,,,Plein jour,En agglomération,Intersection en T,Normale,Autre collision,,,,,,,,,,,1,2,3,1,6
200800026077,0008-05-04 20:30:00,8,5,4,20,30,930,1,"62/68, REPUBLIQUE (AVE D",,,Plein jour,En agglomération,Hors intersection,Normale,Autre collision,,,,,,,,,,,1,2,1,1,6
200800026078,0008-05-07 19:20:00,8,5,7,19,20,930,1,"152, VICTOR HUGO (AVE)",,,Plein jour,En agglomération,Intersection en X,Normale,Autre collision,,,,,,,,,,,1,2,2,1,6
200800026079,0008-05-11 13:40:00,8,5,11,13,40,930,1,ADRIEN AGNES (QUAI),,,Plein jour,En agglomération,Intersection en X,Normale,Deux véhicules - frontale,,,,,,,,,,,1,2,2,1,1
200800026080,0008-05-13 20:54:00,8,5,13,20,54,930,1,"01, REPUBLIQUE (AVE DE L",,,Plein jour,En agglomération,Hors intersection,Normale,Deux véhicules - arrière,,,,,,,,,,,1,2,1,1,2
200800026081,0008-05-16 18:15:00,8,5,16,18,15,930,1,"140, FELIX FAURE (BLD) 1",,,Plein jour,En agglomération,Hors intersection,Pluie légère,Deux véhicules - arrière,,,,,,,,,,,1,2,1,2,2
200800026082,0008-05-17 14:25:00,8,5,17,14,25,930,1,"X, JEAN JAURES (AVE)  21",,,Plein jour,En agglomération,Intersection en X,Normale,Deux véhicules - côté,,,,,,,,,,,1,2,2,1,3
200800026083,0008-05-18 19:05:00,8,5,18,19,5,930,1,"48, CREVECOEUR  (RUE)  3",,,Plein jour,En agglomération,Hors intersection,Normale,Autre collision,,,,,,,,,,,1,2,1,1,6
200800026084,0008-05-18 21:50:00,8,5,18,21,50,930,1,"X, MALADRERIE (RUE DE LA",,,Nuit avec éclairage non allumé,En agglomération,Intersection en T,Normale,Deux véhicules - côté,,,,,,,,,,,4,2,3,1,3
200800026085,0008-05-20 17:40:00,8,5,20,17,40,930,1,"156, DANIELLE CASANOVA (",,,Plein jour,En agglomération,Hors intersection,Normale,Autre collision,,,,,,,,,,,1,2,1,1,6
200800026086,0008-05-21 17:40:00,8,5,21,17,40,930,1,"70, VICTOR HUGO (AVE)  =",,,Plein jour,En agglomération,Hors intersection,Normale,Autre collision,,,,,,,,,,,1,2,1,1,6
200800026087,0008-05-22 06:10:00,8,5,22,6,10,930,1,REGINE GOSSET (RUE),,,Crépuscule ou aube,En agglomération,Intersection en X,Normale,Deux véhicules - côté,,,,,,,,,,,2,2,2,1,3
200800026088,0008-05-23 09:30:00,8,5,23,9,30,930,1,PRESIDENT ROOSEVELT (AVE,,,Plein jour,En agglomération,Intersection en X,Normale,Deux véhicules - côté,,,,,,,,,,,1,2,2,1,3
200800026089,0008-05-25 02:50:00,8,5,25,2,50,930,1,"93, REPUBLIQUE (AVE DE L",,,Nuit avec éclairage allumé,En agglomération,Hors intersection,Normale,Deux véhicules - côté,,,,,,,,,,,5,2,1,1,3
200800026090,0008-05-26 10:40:00,8,5,26,10,40,930,1,"86, SADI CARNOT (RUE)  (",,,Plein jour,En agglomération,Hors intersection,Normale,Autre collision,,,,,,,,,,,1,2,1,1,6
200800026091,0008-05-26 11:20:00,8,5,26,11,20,930,1,EDOUARD VAILLANT (BLD),,,Plein jour,En agglomération,Intersection en T,Normale,Deux véhicules - côté,,,,,,,,,,,1,2,3,1,3
200800026092,0008-05-26 12:20:00,8,5,26,12,20,930,1,"87, VICTOR HUGO (AVE)  =",,,Plein jour,En agglomération,Hors intersection,Normale,Deux véhicules - frontale,,,,,,,,,,,1,2,1,1,1
200800026093,0008-05-30 18:00:00,8,5,30,18,0,930,1,"151, JEAN JAURES (AVE)",,,Plein jour,En agglomération,Hors intersection,Normale,Deux véhicules - côté,,,,,,,,,,,1,2,1,1,3
200800026094,0008-05-03 01:45:00,8,5,3,1,45,930,5,PAUL CEZANNE (RUE),,,Nuit sans éclairage public,En agglomération,Hors intersection,Normale,Deux véhicules - côté,,,,,,,,,,,3,2,1,1,3
200800026095,0008-05-03 18:20:00,8,5,3,18,20,930,5,"15, PREFET CHALEIL (CD44",,,Plein jour,En agglomération,Hors intersection,Normale,Trois véhicules et plus - en chaîne,,,,,,,,,,,1,2,1,1,4
200800026096,0008-05-04 21:20:00,8,5,4,21,20,930,5,AUGUSTE RENOIR (RUE),,,Nuit avec éclairage allumé,En agglomération,Intersection en X,Normale,Deux véhicules - côté,,,,,,,,,,,5,2,2,1,3
200800026097,0008-05-09 07:50:00,8,5,9,7,50,930,5,"14, JULES PRINCET [CD115",,,Plein jour,En agglomération,Hors intersection,Normale,Deux véhicules - côté,,,,,,,,,,,1,2,1,1,3
200800026098,0008-05-12 16:50:00,8,5,12,16,50,930,5,ANDRE CITROEN (BOULEVARD,,,Plein jour,En agglomération,Hors intersection,Normale,Trois véhicules et plus - en chaîne,,,,,,,,,,,1,2,1,1,4
200800026099,0008-05-13 23:30:00,8,5,13,23,30,930,5,GENERAL DE GAULLE (PLACE,,,Nuit avec éclairage allumé,En agglomération,Giratoire,Normale,Autre collision,,,,,,,,,,,5,2,6,1,6
200800026100,0008-05-16 16:30:00,8,5,16,16,30,930,5,JACQUES DUCLOS [CD44] (R,,,Plein jour,En agglomération,Autre intersection,Normale,Deux véhicules - arrière,,,,,,,,,,,1,2,9,1,2
200800026101,0008-05-17 22:30:00,8,5,17,22,30,930,5,JACQUES DUCLOS [CD44] (R,,,Nuit avec éclairage allumé,En agglomération,Intersection en T,Pluie légère,Deux véhicules - arrière,,,,,,,,,,,5,2,3,2,2
200800026102,0008-05-19 14:30:00,8,5,19,14,30,930,5,"1, JEAN CHARCOT [CD115]",,,Plein jour,En agglomération,Intersection en T,Normale,Deux véhicules - frontale,,,,,,,,,,,1,2,3,1,1
200800026103,0008-05-21 03:20:00,8,5,21,3,20,930,5,MITRY [CD115] (RUE DE),,,Nuit avec éclairage allumé,En agglomération,Place,Normale,Sans collision,,,,,,,,,,,5,2,7,1,7
200800026104,0008-05-22 12:15:00,8,5,22,12,15,930,5,"154 bis, MITRY [CD115] (",,,Plein jour,En agglomération,Hors intersection,Normale,Deux véhicules - côté,,,,,,,,,,,1,2,1,1,3
200800026105,0008-05-26 19:10:00,8,5,26,19,10,930,5,"neant, AMBROISE PARE (RU",,,Plein jour,En agglomération,Hors intersection,Normale,Deux véhicules - frontale,,,,,,,,,,,1,2,1,1,1
200800026106,0008-05-27 09:45:00,8,5,27,9,45,930,5,LOUISE MICHEL (RUE),,,Plein jour,En agglomération,Hors intersection,Pluie légère,Autre collision,,,,,,,,,,,1,2,1,2,6
200800026107,0008-05-29 22:30:00,8,5,29,22,30,930,5,JEAN JAURES (AVENUE),,,Nuit avec éclairage allumé,En agglomération,Intersection en X,Normale,Deux véhicules - côté,,,,,,,,,,,5,2,2,1,3
200800026108,0008-05-30 16:50:00,8,5,30,16,50,930,5,ROGER SALENGRO (RUE),,,Plein jour,En agglomération,Intersection en T,Normale,Deux véhicules - frontale,,,,,,,,,,,1,2,3,1,1
200800026109,0008-05-31 07:05:00,8,5,31,7,5,930,5,MITRY [CD115] (ROUTE DE),,,Plein jour,En agglomération,Intersection en X,Normale,Deux véhicules - côté,,,,,,,,,,,1,2,2,1,3
200800026110,0008-05-11 02:20:00,8,5,11,2,20,930,7,"25, VICTOR HUGO (RUE)",,,Nuit avec éclairage allumé,En agglomération,Hors intersection,Normale,Deux véhicules - côté,,,,,,,,,,,5,2,1,1,3
200800026111,0008-05-12 01:05:00,8,5,12,1,5,930,7,8 MAI 45 (AVENUE DU 184,,,Nuit avec éclairage allumé,En agglomération,Hors intersection,Normale,Autre collision,,,,,,,,,,,5,2,1,1,6
200800026112,0008-05-13 09:20:00,8,5,13,9,20,930,7,"10, ""DESCARTES (AVENUE """,,,Plein jour,En agglomération,Hors intersection,Normale,Sans collision,,,,,,,,,,,1,2,1,1,7
200800026113,0008-05-15 12:45:00,8,5,15,12,45,930,7,"125, PASTEUR (AVENUE)",,,Plein jour,En agglomération,Hors intersection,Normale,Autre collision,,,,,,,,,,,1,2,1,1,6
200800026114,0008-05-17 21:45:00,8,5,17,21,45,930,7,"180, ARISTIDE BRIAND (AV",,,Nuit avec éclairage allumé,En agglomération,Intersection en X,Temps couvert,Deux véhicules - côté,,,,,,,,,,,5,2,2,8,3
200800026115,0008-05-21 20:15:00,8,5,21,20,15,930,7,DOCTEUR CALMETTE (RUE DU,,,Plein jour,En agglomération,Hors intersection,Normale,Autre collision,,,,,,,,,,,1,2,1,1,6
200800026116,0008-05-30 21:05:00,8,5,30,21,5,930,7,"241, ""PAUL VAILLANT COUT",,,Plein jour,En agglomération,Hors intersection,Normale,Deux véhicules - arrière,,,,,,,,,,,1,2,1,1,2
200800026117,0008-05-14 12:15:00,8,5,14,12,15,930,8,STALINGRAD (RUE DE) A10,,,Plein jour,En agglomération,Hors intersection,Normale,Sans collision,,,,,,,,,,,1,2,1,1,7
200800026118,0008-05-18 23:05:00,8,5,18,23,5,930,8,"144, BARBUSSE (AVENUE HE",,,Nuit avec éclairage allumé,En agglomération,Intersection en T,Normale,Trois véhicules et plus - en chaîne,,,,,,,,,,,5,2,3,1,4
200800026119,0008-05-29 10:10:00,8,5,29,10,10,930,8,PARIS (RUE DE),,,Plein jour,En agglomération,Hors intersection,Temps couvert,Deux véhicules - arrière,,,,,,,,,,,1,2,1,8,2
200800026120,0008-05-29 20:00:00,8,5,29,20,0,930,8,CONVENTION (AVENUE DE LA,,,Plein jour,En agglomération,Intersection en T,Normale,Deux véhicules - côté,,,,,,,,,,,1,2,3,1,3
200800026121,0008-05-02 02:25:00,8,5,2,2,25,930,57,"132, MONTYON (AL.) 1 A 7",,,Nuit avec éclairage allumé,En agglomération,Hors intersection,Pluie légère,Deux véhicules - côté,,,,,,,,,,,5,2,1,2,3
200800026122,0008-05-03 14:40:00,8,5,3,14,40,930,10,"face FLY, GALLIENI (AV.)",,,Plein jour,En agglomération,Hors intersection,Normale,Deux véhicules - arrière,,,,,,,,,,,1,2,1,1,2
200800026123,0008-05-04 17:15:00,8,5,4,17,15,930,10,"ignore, PASSE AUX DAIMS",,,Plein jour,En agglomération,Hors intersection,Normale,Autre collision,,,,,,,,,,,1,2,1,1,6
200800026124,0008-05-11 14:40:00,8,5,11,14,40,930,57,"ignore, BRIAND ( AV. ARI",,,Plein jour,En agglomération,Hors intersection,Normale,Deux véhicules - côté,,,,,,,,,,,1,2,1,1,3
200800026125,0008-05-13 10:05:00,8,5,13,10,5,930,10,"116, GALLIENI (AV.) DE 1",,,Plein jour,En agglomération,Hors intersection,Normale,Deux véhicules - arrière,,,,,,,,,,,1,2,1,1,2
200800026126,0008-05-14 08:30:00,8,5,14,8,30,930,10,"ignore, PASTEUR (AV.)",,,Plein jour,En agglomération,Hors intersection,Normale,Autre collision,,,,,,,,,,,1,2,1,1,6
200800026127,0008-05-24 17:50:00,8,5,24,17,50,930,10,BLANQUI (R. LOUIS-AUGUST,,,Plein jour,En agglomération,Hors intersection,Pluie légère,Deux véhicules - arrière,,,,,,,,,,,1,2,1,2,2
200800026128,0008-05-25 17:30:00,8,5,25,17,30,930,10,"86, GALLIENI (AV.) DE 2",,,Plein jour,En agglomération,Hors intersection,Normale,Autre collision,,,,,,,,,,,1,2,1,1,6
200800026129,0008-05-31 16:25:00,8,5,31,16,25,930,10,"45, LATTRE DE TASSIGNY (",,,Plein jour,En agglomération,Hors intersection,Normale,Autre collision,,,,,,,,,,,1,2,1,1,6
200800026130,0008-05-21 07:50:00,8,5,21,7,50,930,27,CONVENTION (RUE DE LA),,,Plein jour,En agglomération,Intersection en T,Normale,Autre collision,,,,,,,,,,,1,2,3,1,6
200800026131,0008-05-15 19:20:00,8,5,15,19,20,930,27,"23, LECLERC (AVENUE DU G",,,Plein jour,En agglomération,Hors intersection,Normale,Autre collision,,,,,,,,,,,1,2,1,1,6
200800026132,0008-05-01 00:35:00,8,5,1,0,35,930,27,CREVECOEUR (RUE DE),,,Nuit avec éclairage allumé,En agglomération,Intersection en X,Normale,Deux véhicules - côté,,,,,,,,,,,5,2,2,1,3
200800026133,0008-05-03 21:50:00,8,5,3,21,50,930,27,CONVENTION (RUE DE LA),,,Nuit avec éclairage allumé,En agglomération,Giratoire,Normale,Deux véhicules - côté,,,,,,,,,,,5,2,6,1,3
200800026134,0008-05-06 22:10:00,8,5,6,22,10,930,27,"50, BARBUSSE (AVENUE HEN",,,Nuit avec éclairage allumé,En agglomération,Intersection en X,Normale,Deux véhicules - côté,,,,,,,,,,,5,2,2,1,3
200800026135,0008-05-11 21:40:00,8,5,11,21,40,930,13,LECLERC (AVENU DE LA DIV,,,Nuit avec éclairage allumé,En agglomération,Intersection en X,Normale,Trois véhicules et plus - en chaîne,,,,,,,,,,,5,2,2,1,4
200800026136,0008-05-17 20:50:00,8,5,17,20,50,930,27,SALENGRO (AVENUE ROGER),,,Plein jour,En agglomération,Hors intersection,Normale,Autre collision,,,,,,,,,,,1,2,1,1,6
200800026137,0008-05-29 18:35:00,8,5,29,18,35,930,27,CONVENTION (RUE DE LA),,,Plein jour,En agglomération,Hors intersection,Normale,Deux véhicules - arrière,,,,,,,,,,,1,2,1,1,2
200800026138,0008-05-04 16:05:00,8,5,4,16,5,930,29,JEAN JAURES (AVENUE),,,Plein jour,En agglomération,Intersection en T,Normale,Autre collision,,,,,,,,,,,1,2,3,1,6
200800026139,0008-05-09 12:58:00,8,5,9,12,58,930,29,ECOLES (CARREFOUR DES),,,Plein jour,En agglomération,Hors intersection,Normale,Autre collision,,,,,,,,,,,1,2,1,1,6
200800026140,0008-05-14 19:20:00,8,5,14,19,20,930,29,JULES GUESDE,,,Plein jour,En agglomération,Hors intersection,Normale,Autre collision,,,,,,,,,,,1,2,1,1,6
200800026141,0008-05-26 16:48:00,8,5,26,16,48,930,29,"127, ROGER SALENGRO N° 0",,,Plein jour,En agglomération,Hors intersection,Normale,Autre collision,,,,,,,,,,,1,2,1,1,6
200800026142,0008-05-26 17:15:00,8,5,26,17,15,930,29,"1, NOUVELLE",,,Plein jour,En agglomération,Intersection en X,Normale,Deux véhicules - côté,,,,,,,,,,,1,2,2,1,3
200800026143,0008-05-28 13:45:00,8,5,28,13,45,930,29,"48, MARTYRS DE CHATEAUBR",,,Plein jour,En agglomération,Hors intersection,Normale,Autre collision,,,,,,,,,,,1,2,1,1,6
200800026144,0008-05-30 13:50:00,8,5,30,13,50,930,29,JANE JOYE,,,Plein jour,En agglomération,Intersection en X,Normale,Sans collision,,,,,,,,,,,1,2,2,1,7
200800026145,0008-05-30 17:05:00,8,5,30,17,5,930,29,REPUBLIQUE (DE LA) N° 1-,,,Plein jour,En agglomération,Intersection en X,Normale,Deux véhicules - côté,,,,,,,,,,,1,2,2,1,3
200800026146,0008-05-03 19:50:00,8,5,3,19,50,930,31,"49, ARGENTEUIL (ROUTE D'",,,Plein jour,En agglomération,Hors intersection,Normale,Autre collision,,,,,,,,,,,1,2,1,1,6
200800026147,0008-05-05 18:00:00,8,5,5,18,0,930,31,"0, MARNE (AVENUE DE LA)",,,Plein jour,En agglomération,Hors intersection,Normale,Deux véhicules - côté,,,,,,,,,,,1,2,1,1,3
200800026148,0008-05-10 12:40:00,8,5,10,12,40,930,79,"08, SAINT LEU (ROUTE)",,,Plein jour,Hors agglomération,Hors intersection,Normale,Autre collision,,,,,,,,,,,1,1,1,1,6
200800026149,0008-05-12 14:40:00,8,5,12,14,40,930,79,"90, MAURICE GRANDCOING",,,Plein jour,En agglomération,Hors intersection,Normale,Deux véhicules - côté,,,,,,,,,,,1,2,1,1,3