accident_id,datetime,annee,mois,jour,heure,minute,departement,commune_insee,adresse,latitude,longitude,luminosite,agglomeration,intersection,meteo,collision,nb_vehicules,nb_usagers,nb_indemnes,nb_tues,nb_blesses_hosp,nb_blesses_legers,age_cond_1,age_cond_2,veh_type_cond_1,veh_type_cond_2,lum_code,agg_code,int_code,atm_code,col_code
200800026418,0008-05-14 18:00:00,8,5,14,18,0,940,65,"02, GUILLAUME COLLETET (",,,Plein jour,En agglomération,Hors intersection,Pluie légère,Autre collision,,,,,,,,,,,1,2,1,2,6
200800026419,0008-05-15 20:30:00,8,5,15,20,30,940,73,MARECHAL DE LATTRE DE TA,,,Plein jour,En agglomération,Hors intersection,Normale,Trois véhicules et plus - collisions multiples,,,,,,,,,,,1,2,1,1,5
200800026420,0008-05-16 18:00:00,8,5,16,18,0,940,65,Rue du Séminaire,,,Plein jour,En agglomération,Hors intersection,Pluie légère,Sans collision,,,,,,,,,,,1,2,1,2,7
200800026421,0008-05-18 04:10:00,8,5,18,4,10,940,21,REPUBLIQUE (AV DE LA),,,Nuit avec éclairage allumé,En agglomération,Hors intersection,Normale,Autre collision,,,,,,,,,,,5,2,1,1,6
200800026422,0008-05-18 12:45:00,8,5,18,12,45,940,73,"., GENERAL DE GAULLE (AV",,,Plein jour,En agglomération,Intersection en X,Pluie légère,Deux véhicules - côté,,,,,,,,,,,1,2,2,2,3
200800026423,0008-05-20 06:55:00,8,5,20,6,55,940,73,"112, GENERAL DE GAULLE (",,,Plein jour,En agglomération,Hors intersection,Normale,Autre collision,,,,,,,,,,,1,2,1,1,6
200800026424,0008-05-22 19:15:00,8,5,22,19,15,940,65,CHARLES LINDBERGH (AV),,,Plein jour,En agglomération,Hors intersection,Normale,Deux véhicules - côté,,,,,,,,,,,1,2,1,1,3
200800026425,0008-05-25 13:45:00,8,5,25,13,45,940,21,"10, PARMENTIER (R)",,,Plein jour,En agglomération,Hors intersection,Normale,Sans collision,,,,,,,,,,,1,2,1,1,7
200800026426,0008-05-27 06:20:00,8,5,27,6,20,940,21,porte de Thiais,,,Crépuscule ou aube,En agglomération,Hors intersection,Pluie légère,Autre collision,,,,,,,,,,,2,2,1,2,6
200800026427,0008-05-28 15:35:00,8,5,28,15,35,940,21,"300, STALINGRAD (AV DE)",,,Plein jour,En agglomération,Hors intersection,Normale,Deux véhicules - côté,,,,,,,,,,,1,2,1,1,3
200800026428,0008-05-31 16:15:00,8,5,31,16,15,940,73,VERSAILLES (AV DE),,,Plein jour,En agglomération,Autre intersection,Normale,Deux véhicules - arrière,,,,,,,,,,,1,2,9,1,2
200800026429,0008-05-10 08:40:00,8,5,10,8,40,940,41,"100, GEORGES GOSNAT (AV)",,,Plein jour,En agglomération,Hors intersection,Normale,Autre collision,,,,,,,,,,,1,2,1,1,6
200800026430,0008-05-03 00:55:00,8,5,3,0,55,940,41,PAUL VAILLANT COUTURIER,,,Nuit avec éclairage allumé,En agglomération,Hors intersection,Pluie légère,Deux véhicules - côté,,,,,,,,,,,5,2,1,2,3
200800026431,0008-05-17 17:10:00,8,5,17,17,10,940,41,GEORGES GOSNAT (AV),,,Plein jour,En agglomération,Hors intersection,Normale,Sans collision,,,,,,,,,,,1,2,1,1,7
200800026432,0008-05-27 14:00:00,8,5,27,14,0,940,41,"29, MARCEL BOYER (QU)",,,Plein jour,En agglomération,Hors intersection,Pluie légère,Sans collision,,,,,,,,,,,1,2,1,2,7
200800026433,0008-05-30 06:35:00,8,5,30,6,35,940,41,LEON GAMBETTA (PL),,,Plein jour,En agglomération,Hors intersection,Normale,Trois véhicules et plus - collisions multiples,,,,,,,,,,,1,2,1,1,5
200800026434,0008-05-31 16:20:00,8,5,31,16,20,940,41,"66, JEAN JACQUES ROUSSEA",,,Plein jour,En agglomération,Hors intersection,Pluie légère,Sans collision,,,,,,,,,,,1,2,1,2,7
200800026435,0008-05-21 18:40:00,8,5,21,18,40,940,41,"182, STALINGRAD (BD DE)",,,Plein jour,En agglomération,Hors intersection,Normale,Sans collision,,,,,,,,,,,1,2,1,1,7
200800026436,0008-05-23 20:15:00,8,5,23,20,15,940,41,"76, GEORGES GOSNAT (AV)",,,Crépuscule ou aube,En agglomération,Hors intersection,Normale,Sans collision,,,,,,,,,,,2,2,1,1,7
200800026437,0008-05-01 16:00:00,8,5,1,16,0,940,46,"70, GENERAL LECLERC (AV",,,Plein jour,En agglomération,Hors intersection,Temps couvert,Deux véhicules - côté,,,,,,,,,,,1,2,1,8,3
200800026438,0008-05-03 16:45:00,8,5,3,16,45,940,46,"02, FOCH (AV)",,,Plein jour,En agglomération,Intersection en T,Normale,Deux véhicules - côté,,,,,,,,,,,1,2,3,1,3
200800026439,0008-05-09 19:00:00,8,5,9,19,0,940,46,"05, DIX HUIT JUIN 1940 (",,,Plein jour,En agglomération,Hors intersection,Normale,Autre collision,,,,,,,,,,,1,2,1,1,6
200800026440,0008-05-13 08:50:00,8,5,13,8,50,940,46,"176, REPUBLIQUE (AV DE L",,,Plein jour,En agglomération,Hors intersection,Normale,Autre collision,,,,,,,,,,,1,2,1,1,6
200800026441,0008-05-13 12:40:00,8,5,13,12,40,940,46,"30, EUGENE RENAULT (R)",,,Plein jour,En agglomération,Hors intersection,Normale,Trois véhicules et plus - en chaîne,,,,,,,,,,,1,2,1,1,4
200800026442,0008-05-15 17:35:00,8,5,15,17,35,940,46,"00, GABRIEL PERI (R)",,,Plein jour,En agglomération,Intersection en X,Normale,Autre collision,,,,,,,,,,,1,2,2,1,6
200800026443,0008-05-16 13:00:00,8,5,16,13,0,940,46,"2, GENERAL LECLERC (AV D",,,Plein jour,En agglomération,Hors intersection,Normale,Deux véhicules - arrière,,,,,,,,,,,1,2,1,1,2
200800026444,0008-05-20 17:45:00,8,5,20,17,45,940,46,"07 quater, GENERAL DE GA",,,Plein jour,En agglomération,Hors intersection,Normale,Trois véhicules et plus - collisions multiples,,,,,,,,,,,1,2,1,1,5
200800026445,0008-05-25 13:00:00,8,5,25,13,0,940,46,"68, GENERAL LECLERC (AV",,,Plein jour,En agglomération,Hors intersection,Normale,Autre collision,,,,,,,,,,,1,2,1,1,6
200800026446,0008-05-28 08:00:00,8,5,28,8,0,940,46,"00, GENERAL LECLERC (AV",,,Plein jour,En agglomération,Hors intersection,Normale,Deux véhicules - côté,,,,,,,,,,,1,2,1,1,3
200800026447,0008-05-28 12:30:00,8,5,28,12,30,940,46,"48, METZ (R DE)",,,Plein jour,En agglomération,Hors intersection,Normale,Deux véhicules - arrière,,,,,,,,,,,1,2,1,1,2
200800026448,0008-05-28 13:20:00,8,5,28,13,20,940,46,"02, PIERRE CURIE (R)",,,Plein jour,En agglomération,Hors intersection,Normale,Autre collision,,,,,,,,,,,1,2,1,1,6
200800026449,0008-05-05 20:00:00,8,5,5,20,0,940,52,"172, CHARLES DE GAULLE (",,,Plein jour,En agglomération,Hors intersection,Normale,Autre collision,,,,,,,,,,,1,2,1,1,6
200800026450,0008-05-14 12:20:00,8,5,14,12,20,940,58,"193, HUIT MAI 1945 (AV D",,,Plein jour,En agglomération,Hors intersection,Normale,Autre collision,,,,,,,,,,,1,2,1,1,6
200800026451,0008-05-14 20:00:00,8,5,14,20,0,940,58,"73, PIERRE BROSSOLETTE (",,,Plein jour,En agglomération,Hors intersection,Temps couvert,Deux véhicules - côté,,,,,,,,,,,1,2,1,8,3
200800026452,0008-05-19 08:20:00,8,5,19,8,20,940,42,"NC, JEAN MERMOZ (R)",,,Plein jour,En agglomération,Hors intersection,Normale,Autre collision,,,,,,,,,,,1,2,1,1,6
200800026453,0008-05-19 08:30:00,8,5,19,8,30,940,52,"18, STRASBOURG (BD DE)",,,Plein jour,En agglomération,Hors intersection,Normale,Deux véhicules - côté,,,,,,,,,,,1,2,1,1,3
200800026454,0008-05-20 15:45:00,8,5,20,15,45,940,52,"43, STRASBOURG (BD DE)",,,Plein jour,En agglomération,Intersection en T,Normale,Autre collision,,,,,,,,,,,1,2,3,1,6
200800026455,0008-05-21 12:25:00,8,5,21,12,25,940,42,"23, PARIS (R DE)",,,Plein jour,En agglomération,Hors intersection,Normale,Autre collision,,,,,,,,,,,1,2,1,1,6
200800026456,0008-05-22 17:20:00,8,5,22,17,20,940,58,ALSACE LORRAINE (BD D),,,Plein jour,En agglomération,Intersection à plus de 4 branches,Normale,Deux véhicules - côté,,,,,,,,,,,1,2,5,1,3
200800026457,0008-05-29 17:00:00,8,5,29,17,0,940,15,"34 bis, RIGNY (AV DE)",,,Plein jour,En agglomération,Hors intersection,Temps couvert,Autre collision,,,,,,,,,,,1,2,1,8,6
200800026458,0008-05-30 11:00:00,8,5,30,11,0,940,58,"81, GENERAL DE GAULLE (A",,,Plein jour,En agglomération,Hors intersection,Normale,Deux véhicules - côté,,,,,,,,,,,1,2,1,1,3
200800026459,0008-05-23 14:00:00,8,5,23,14,0,940,54,ave de l'europe angle av,,,Plein jour,Hors agglomération,Autre intersection,Normale,Deux véhicules - côté,,,,,,,,,,,1,1,9,1,3
200800026460,0008-05-10 10:40:00,8,5,10,10,40,940,68,VARENNE (R DE LA),,,Plein jour,En agglomération,Hors intersection,Normale,Autre collision,,,,,,,,,,,1,2,1,1,6
200800026461,0008-05-01 12:55:00,8,5,1,12,55,940,68,GARIBALDI (R),,,Plein jour,En agglomération,Intersection en X,Pluie légère,Deux véhicules - côté,,,,,,,,,,,1,2,2,2,3
200800026462,0008-05-07 07:30:00,8,5,7,7,30,940,68,BAGAUDES (BD DES),,,Plein jour,En agglomération,Intersection en X,Normale,Deux véhicules - côté,,,,,,,,,,,1,2,2,1,3
200800026463,0008-05-11 17:30:00,8,5,11,17,30,940,68,"72, BAC (AV DU)",,,Plein jour,En agglomération,Hors intersection,Normale,Autre collision,,,,,,,,,,,1,2,1,1,6
200800026464,0008-05-16 16:00:00,8,5,16,16,0,940,68,D'ADAMVILLE KENNEDY (PL),,,Plein jour,En agglomération,Hors intersection,Normale,Autre collision,,,,,,,,,,,1,2,1,1,6
200800026465,0008-05-16 11:20:00,8,5,16,11,20,940,68,"0, BAC (AV DU)",,,Plein jour,En agglomération,Hors intersection,Normale,Deux véhicules - côté,,,,,,,,,,,1,2,1,1,3
200800026466,0008-05-18 13:25:00,8,5,18,13,25,940,68,"0, GAMBETTA (AV)",,,Plein jour,En agglomération,Intersection en X,Pluie légère,Deux véhicules - côté,,,,,,,,,,,1,2,2,2,3
200800026467,0008-05-16 18:20:00,8,5,16,18,20,940,68,CHAMPIGNY (BD DE),,,Plein jour,En agglomération,Hors intersection,Pluie forte,Autre collision,,,,,,,,,,,1,2,1,3,6
200800026468,0008-05-23 12:30:00,8,5,23,12,30,940,68,PONT DE CRETEIL (R DU),,,Plein jour,En agglomération,Hors intersection,Normale,Deux véhicules - arrière,,,,,,,,,,,1,2,1,1,2
200800026469,0008-05-22 16:00:00,8,5,22,16,0,940,68,CHAMPIGNY (BD DE),,,Plein jour,En agglomération,Intersection en X,Normale,Deux véhicules - côté,,,,,,,,,,,1,2,2,1,3
200800026470,0008-05-13 13:50:00,8,5,13,13,50,940,68,ALBERT DE MUN (R),,,Plein jour,En agglomération,Intersection en X,Normale,Deux véhicules - côté,,,,,,,,,,,1,2,2,1,3
200800026471,0008-05-03 13:55:00,8,5,3,13,55,940,78,"1, BASSINETTE (CHE DE LA",,,Plein jour,En agglomération,Hors intersection,Normale,Deux véhicules - côté,,,,,,,,,,,1,2,1,1,3
200800026472,0008-05-08 17:40:00,8,5,8,17,40,940,77,REPUBLIQUE (AV DE LA),,,Plein jour,En agglomération,Giratoire,Normale,Autre collision,,,,,,,,,,,1,2,6,1,6
200800026473,0008-05-08 16:50:00,8,5,8,16,50,940,77,GENERAL DE GAULLE (R DU),,,Plein jour,En agglomération,Hors intersection,Normale,Autre collision,,,,,,,,,,,1,2,1,1,6
200800026474,0008-05-08 13:15:00,8,5,8,13,15,940,78,PRESIDENT JOHN FITZGERAL,,,Plein jour,En agglomération,Autre intersection,Normale,Deux véhicules - arrière,,,,,,,,,,,1,2,9,1,2
200800026475,0008-05-06 19:40:00,8,5,6,19,40,940,77,"24, LE FOLL (AV)",,,Plein jour,En agglomération,Hors intersection,Normale,Autre collision,,,,,,,,,,,1,2,1,1,6
200800026476,0008-05-16 17:30:00,8,5,16,17,30,940,78,PARIS (R DE),,,Plein jour,En agglomération,Intersection en X,Normale,Deux véhicules - côté,,,,,,,,,,,1,2,2,1,3
200800026477,0008-05-24 11:40:00,8,5,24,11,40,940,74,"181, DIVISION GENERAL LE",,,Plein jour,En agglomération,Hors intersection,Normale,Autre collision,,,,,,,,,,,1,2,1,1,6
200800026478,0008-05-24 22:10:00,8,5,24,22,10,940,77,"114, LE FOLL (AV)",,,Nuit avec éclairage allumé,En agglomération,Hors intersection,Temps couvert,Sans collision,,,,,,,,,,,5,2,1,8,7
200800026479,0008-05-23 16:25:00,8,5,23,16,25,940,78,PARIS (rue de ),,,Plein jour,En agglomération,Hors intersection,Normale,Deux véhicules - côté,,,,,,,,,,,1,2,1,1,3
200800026480,0008-05-13 08:00:00,8,5,13,8,0,940,78,", PRESIDENT JOHN FITZGER",,,Plein jour,En agglomération,Hors intersection,Normale,Autre collision,,,,,,,,,,,1,2,1,1,6
200800026481,0008-05-28 08:00:00,8,5,28,8,0,940,78,CHOISY (AV DE),,,Plein jour,En agglomération,Hors intersection,Normale,Autre collision,,,,,,,,,,,1,2,1,1,6
200800026482,0008-05-30 19:30:00,8,5,30,19,30,940,78,PARIS (R DE),,,Plein jour,En agglomération,Hors intersection,Normale,Autre collision,,,,,,,,,,,1,2,1,1,6
200800026483,0008-05-01 14:35:00,8,5,1,14,35,940,78,PARIS (rue de ),,,Plein jour,En agglomération,Autre intersection,Pluie légère,Deux véhicules - arrière,,,,,,,,,,,1,2,9,2,2
200800026484,0008-05-23 15:50:00,8,5,23,15,50,940,1,"6, DE GAULLE (rue du Gén",,,Plein jour,En agglomération,Autre intersection,Normale,Sans collision,,,,,,,,,,,1,2,9,1,7
200800026485,0008-05-10 00:15:00,8,5,10,0,15,940,80,"30, SOLIDARITE (R DE LA)",,,Nuit avec éclairage allumé,En agglomération,Hors intersection,Normale,Sans collision,,,,,,,,,,,5,2,1,1,7
200800026486,0008-05-12 16:45:00,8,5,12,16,45,940,80,"., SOLIDARITE (R DE LA)",,,Plein jour,En agglomération,Intersection en X,Normale,Deux véhicules - côté,,,,,,,,,,,1,2,2,1,3
200800026487,0008-05-20 01:35:00,8,5,20,1,35,940,80,"1, PARIS (AV DE)",,,Nuit avec éclairage allumé,En agglomération,Intersection en X,Normale,Deux véhicules - côté,,,,,,,,,,,5,2,2,1,3
200800026488,0008-05-25 19:50:00,8,5,25,19,50,940,80,"., PARIS (AV DE)",,,Plein jour,En agglomération,Intersection en X,Normale,Deux véhicules - frontale,,,,,,,,,,,1,2,2,1,1
200800026489,0008-05-27 13:45:00,8,5,27,13,45,940,80,"23, FONTENAY (R DE)",,,Plein jour,En agglomération,Intersection en T,Pluie légère,Deux véhicules - frontale,,,,,,,,,,,1,2,3,2,1
200800026490,0008-05-30 19:00:00,8,5,30,19,0,940,80,"46, PARIS (AV DE)",,,Plein jour,En agglomération,Hors intersection,Normale,Deux véhicules - côté,,,,,,,,,,,1,2,1,1,3
200800026491,0008-05-31 14:55:00,8,5,31,14,55,940,80,"42/44, AUBERT (AV)",,,Plein jour,En agglomération,Intersection en X,Normale,Sans collision,,,,,,,,,,,1,2,2,1,7
200800026492,0008-05-04 17:30:00,8,5,4,17,30,940,81,JULES GUESDE (QU),,,Plein jour,En agglomération,Intersection en T,Normale,Deux véhicules - côté,,,,,,,,,,,1,2,3,1,3
200800026493,0008-05-09 13:50:00,8,5,9,13,50,940,81,"18, JULES GUESDE (QU)",,,Plein jour,En agglomération,Hors intersection,Normale,Deux véhicules - arrière,,,,,,,,,,,1,2,1,1,2
200800026494,0008-05-09 19:10:00,8,5,9,19,10,940,81,"101, GROUPE MANOUCHIAN (",,,Plein jour,En agglomération,Hors intersection,Normale,Deux véhicules - arrière,,,,,,,,,,,1,2,1,1,2
200800026495,0008-05-12 15:30:00,8,5,12,15,30,940,81,"25, HUIT MAI 1945 (AV DU",,,Plein jour,En agglomération,Hors intersection,Normale,Deux véhicules - côté,,,,,,,,,,,1,2,1,1,3
200800026496,0008-05-14 21:00:00,8,5,14,21,0,940,81,"09, COROT (R)",,,Crépuscule ou aube,En agglomération,Hors intersection,Pluie légère,Deux véhicules - frontale,,,,,,,,,,,2,2,1,2,1
200800026497,0008-05-15 08:55:00,8,5,15,8,55,940,81,"Angle, ANATOLE FRANCE (A",,,Plein jour,En agglomération,Intersection en T,Normale,Autre collision,,,,,,,,,,,1,2,3,1,6
200800026498,0008-05-15 19:40:00,8,5,15,19,40,940,81,"Face FLY, STALINGRAD (BD",,,Plein jour,En agglomération,Hors intersection,Normale,Autre collision,,,,,,,,,,,1,2,1,1,6
200800026499,0008-05-18 01:50:00,8,5,18,1,50,940,81,EUGENE PELLETAN - CAR DE,,,Nuit avec éclairage allumé,En agglomération,Giratoire,Normale,Autre collision,,,,,,,,,,,5,2,6,1,6
200800026500,0008-05-19 08:15:00,8,5,19,8,15,940,81,"Angle, JULES GUESDE (QU)",,,Plein jour,En agglomération,Intersection en T,Normale,Autre collision,,,,,,,,,,,1,2,3,1,6
200800026501,0008-05-21 12:20:00,8,5,21,12,20,940,81,"Angle, HENRI BARBUSSE (A",,,Plein jour,En agglomération,Intersection en T,Normale,Autre collision,,,,,,,,,,,1,2,3,1,6
200800026502,0008-05-21 18:10:00,8,5,21,18,10,940,81,"88, JULIAN GRIMAU (R)",,,Plein jour,En agglomération,Hors intersection,Normale,Autre collision,,,,,,,,,,,1,2,1,1,6
200800026503,0008-05-22 23:15:00,8,5,22,23,15,940,81,ROUGET DE L ISLE (AV),,,Nuit avec éclairage allumé,En agglomération,Autre intersection,Normale,Autre collision,,,,,,,,,,,5,2,9,1,6
200800026504,0008-05-29 22:30:00,8,5,29,22,30,940,81,"8, MAXIMILIEN ROBESPIERR",,,Nuit avec éclairage allumé,En agglomération,Hors intersection,Normale,Autre collision,,,,,,,,,,,5,2,1,1,6
200800026505,0008-05-23 16:25:00,8,5,23,16,25,940,81,"ANGLE, COMMUNE DE PARIS",,,Plein jour,Hors agglomération,Hors intersection,Normale,Autre collision,,,,,,,,,,,1,1,1,1,6
200800026506,0008-05-27 10:40:00,8,5,27,10,40,940,81,"ANGLE, LEON GEFFROY (R)",,,Plein jour,En agglomération,Intersection en T,Normale,Autre collision,,,,,,,,,,,1,2,3,1,6
200800026507,0008-05-27 17:35:00,8,5,27,17,35,940,81,CONDORCET (R),,,Plein jour,En agglomération,Intersection en X,Pluie légère,Autre collision,,,,,,,,,,,1,2,2,2,6
200800026508,0008-05-29 15:00:00,8,5,29,15,0,940,81,PRESIDENT SALVADOR ALLEN,,,Plein jour,Hors agglomération,Hors intersection,Pluie légère,Deux véhicules - côté,,,,,,,,,,,1,1,1,2,3
200800026509,0008-05-01 15:20:00,8,5,1,15,20,950,176,"32, JACOBINS (RUE DES)",,,Plein jour,Hors agglomération,Hors intersection,Normale,Autre collision,,,,,,,,,,,1,1,1,1,6
200800026510,0008-05-05 00:05:00,8,5,5,0,5,950,582,"22, GAMBETTA (BOULEVARD)",,,Nuit avec éclairage allumé,En agglomération,Hors intersection,Normale,Deux véhicules - côté,,,,,,,,,,,5,2,1,1,3
200800026511,0008-05-04 12:10:00,8,5,4,12,10,950,582,"27, CHARLES DE GAULLE (B",,,Plein jour,En agglomération,Hors intersection,Normale,Autre collision,,,,,,,,,,,1,2,1,1,6
200800026512,0008-05-05 08:20:00,8,5,5,8,20,950,176,"10, CARNOT (RUE)",,,Plein jour,En agglomération,Hors intersection,Normale,Trois véhicules et plus - en chaîne,,,,,,,,,,,1,2,1,1,4
200800026513,0008-05-06 07:40:00,8,5,6,7,40,950,176,JOFFRE (BOULEVARD),,,Plein jour,En agglomération,Intersection en T,Normale,Trois véhicules et plus - collisions multiples,,,,,,,,,,,1,2,3,1,5
200800026514,0008-05-08 15:30:00,8,5,8,15,30,950,18,RESISTANCE (BOULEVARD DE,,,Plein jour,En agglomération,Intersection en T,Normale,Deux véhicules - côté,,,,,,,,,,,1,2,3,1,3
200800026515,0008-05-09 11:55:00,8,5,9,11,55,950,18,"64, STALINGRAD (AVENUE D",,,Plein jour,En agglomération,Intersection en T,Normale,Autre collision,,,,,,,,,,,1,2,3,1,6
200800026516,0008-05-10 04:05:00,8,5,10,4,5,950,18,"82, LECLERC (BLD DU GENE",,,Nuit avec éclairage allumé,En agglomération,Hors intersection,Normale,Sans collision,,,,,,,,,,,5,2,1,1,7
200800026517,0008-05-10 14:50:00,8,5,10,14,50,950,18,VALERE COLAS (RUE),,,Plein jour,En agglomération,Intersection en T,Normale,Autre collision,,,,,,,,,,,1,2,3,1,6
200800026518,0008-05-11 12:50:00,8,5,11,12,50,950,582,PIERRE EMILE LESACQ (RUE,,,Plein jour,En agglomération,Intersection en T,Normale,Deux véhicules - côté,,,,,,,,,,,1,2,3,1,3
200800026519,0008-05-13 11:05:00,8,5,13,11,5,950,18,ENGHIEN (ROUTE D' ),,,Plein jour,En agglomération,Intersection en X,Temps éblouissant,Autre collision,,,,,,,,,,,1,2,2,7,6
200800026520,0008-05-13 15:10:00,8,5,13,15,10,950,176,JOFFRE (BOULEVARD),,,Plein jour,En agglomération,Intersection en X,Normale,Deux véhicules - côté,,,,,,,,,,,1,2,2,1,3
200800026521,0008-05-17 20:15:00,8,5,17,20,15,950,582,CHARLES DE GAULLE (BOULE,,,Plein jour,En agglomération,Intersection en X,Pluie légère,Sans collision,,,,,,,,,,,1,2,2,2,7
200800026522,0008-05-18 12:25:00,8,5,18,12,25,950,18,COUDRAY (RUE DU),,,Plein jour,En agglomération,Intersection à plus de 4 branches,Normale,Deux véhicules - côté,,,,,,,,,,,1,2,5,1,3
200800026523,0008-05-17 13:55:00,8,5,17,13,55,950,18,RDPT MAZAGRAN,,,Plein jour,En agglomération,Giratoire,Normale,Deux véhicules - côté,,,,,,,,,,,1,2,6,1,3
200800026524,0008-05-16 15:35:00,8,5,16,15,35,950,18,HELOISE (BOULEVARD),,,Plein jour,En agglomération,Intersection en T,Normale,Sans collision,,,,,,,,,,,1,2,3,1,7
200800026525,0008-05-21 09:10:00,8,5,21,9,10,950,18,"66, TROUILLET (RUE DU)",,,Plein jour,En agglomération,Hors intersection,Normale,Deux véhicules - arrière,,,,,,,,,,,1,2,1,1,2
200800026526,0008-05-22 18:50:00,8,5,22,18,50,950,18,JAURES (AVENUE JEAN),,,Plein jour,En agglomération,Intersection en X,Normale,Deux véhicules - côté,,,,,,,,,,,1,2,2,1,3
200800026527,0008-05-22 15:45:00,8,5,22,15,45,950,18,ROCHEFORT (RUE DE),,,Plein jour,En agglomération,Intersection en X,Normale,Deux véhicules - côté,,,,,,,,,,,1,2,2,1,3
200800026528,0008-05-27 16:45:00,8,5,27,16,45,950,18,"5, CEPAGE MORILLON",,,Plein jour,En agglomération,Hors intersection,Normale,Autre collision,,,,,,,,,,,1,2,1,1,6
200800026529,0008-05-27 12:35:00,8,5,27,12,35,950,18,GLACIERE (AVENUE DE LA),,,Plein jour,En agglomération,Intersection en T,Pluie forte,Deux véhicules - côté,,,,,,,,,,,1,2,3,3,3
200800026530,0008-05-29 07:55:00,8,5,29,7,55,950,176,rue Louis Hayet,,,Plein jour,En agglomération,Hors intersection,Normale,Deux véhicules - frontale,,,,,,,,,,,1,2,1,1,1
200800026531,0008-05-28 17:30:00,8,5,28,17,30,950,176,"16, JOFFRE (BOULEVARD)",,,Plein jour,En agglomération,Hors intersection,Normale,Deux véhicules - côté,,,,,,,,,,,1,2,1,1,3
200800026532,0008-05-27 16:00:00,8,5,27,16,0,950,18,PRUDHON (RUE DU LT COLON,,,Plein jour,En agglomération,Intersection en X,Pluie légère,Deux véhicules - arrière,,,,,,,,,,,1,2,2,2,2
200800026533,0008-05-31 09:15:00,8,5,31,9,15,950,176,JOFFRE (BOULEVARD),,,Plein jour,En agglomération,Intersection en X,Normale,Sans collision,,,,,,,,,,,1,2,2,1,7
200800026534,0008-05-27 11:05:00,8,5,27,11,5,950,63,"140, GABRIEL PERI (AVENU",,,Plein jour,En agglomération,Hors intersection,Pluie légère,Autre collision,,,,,,,,,,,1,2,1,2,6
200800026535,0008-05-12 20:20:00,8,5,12,20,20,950,218,R.N. 184,,,Plein jour,Hors agglomération,Hors intersection,Normale,Trois véhicules et plus - collisions multiples,,,,,,,,,,,1,1,1,1,5
200800026536,0008-05-23 18:00:00,8,5,23,18,0,950,218,"0, AMBASSADEUR (RUE DE L",,,Plein jour,En agglomération,Hors intersection,Normale,Deux véhicules - frontale,,,,,,,,,,,1,2,1,1,1
200800026537,0008-05-30 22:25:00,8,5,30,22,25,950,197,"13, ABEL FAUVEAU (RUE)",,,Nuit avec éclairage allumé,En agglomération,Intersection en T,Normale,Autre collision,,,,,,,,,,,5,2,3,1,6
200800026538,0008-05-02 19:10:00,8,5,2,19,10,950,203,MONTLIGNON (ROUTE DE),,,Plein jour,En agglomération,Intersection en T,Normale,Autre collision,,,,,,,,,,,1,2,3,1,6
200800026539,0008-05-06 10:15:00,8,5,6,10,15,950,203,DETAILLE (AVENUE EDOUARD,,,Plein jour,En agglomération,Intersection en X,Normale,Autre collision,,,,,,,,,,,1,2,2,1,6
200800026540,0008-05-07 12:20:00,8,5,7,12,20,950,252,BEL-AIR (RUE DU),,,Plein jour,En agglomération,Intersection en X,Normale,Deux véhicules - côté,,,,,,,,,,,1,2,2,1,3
200800026541,0008-05-09 16:00:00,8,5,9,16,0,950,574,GENERAL LECLERC (AVENUE,,,Plein jour,En agglomération,Hors intersection,Normale,Autre collision,,,,,,,,,,,1,2,1,1,6
200800026542,0008-05-10 00:25:00,8,5,10,0,25,950,252,"250, GENERAL LECLERC (RU",,,Nuit avec éclairage allumé,En agglomération,Hors intersection,Normale,Sans collision,,,,,,,,,,,5,2,1,1,7
200800026543,0008-05-11 20:25:00,8,5,11,20,25,950,252,MARAIS (AVENUE DES),,,Plein jour,En agglomération,Intersection en Y,Normale,Sans collision,,,,,,,,,,,1,2,4,1,7
200800026544,0008-05-13 14:20:00,8,5,13,14,20,950,219,GENERAL LECLERC (RUE DU),,,Plein jour,En agglomération,Intersection en T,Normale,Deux véhicules - côté,,,,,,,,,,,1,2,3,1,3
200800026545,0008-05-16 14:10:00,8,5,16,14,10,950,203,LECLERC (RUE DU GENERAL),,,Plein jour,En agglomération,Intersection en T,Normale,Deux véhicules - côté,,,,,,,,,,,1,2,3,1,3
200800026546,0008-05-16 18:45:00,8,5,16,18,45,950,203,DUMAS (RUE ALEXANDRE),,,Plein jour,En agglomération,Intersection en X,Normale,Deux véhicules - côté,,,,,,,,,,,1,2,2,1,3
200800026547,0008-05-17 17:50:00,8,5,17,17,50,950,252,HAYETTES (RUE DES),,,Plein jour,En agglomération,Intersection en T,Normale,Autre collision,,,,,,,,,,,1,2,3,1,6
200800026548,0008-05-18 20:15:00,8,5,18,20,15,950,252,"144, POMMIERS SAULNIERS",,,Plein jour,En agglomération,Hors intersection,Normale,Autre collision,,,,,,,,,,,1,2,1,1,6
200800026549,0008-05-19 16:55:00,8,5,19,16,55,950,252,ERNEST RENAN (RUE),,,Plein jour,En agglomération,Hors intersection,Normale,Autre collision,,,,,,,,,,,1,2,1,1,6
200800026550,0008-05-21 15:00:00,8,5,21,15,0,950,203,"104, BUSSYS (RUEDES)",,,Plein jour,En agglomération,Hors intersection,Normale,Deux véhicules - arrière,,,,,,,,,,,1,2,1,1,2
200800026551,0008-05-21 16:00:00,8,5,21,16,0,950,252,MARAIS (AVENUE DES),,,Plein jour,En agglomération,Hors intersection,Normale,Autre collision,,,,,,,,,,,1,2,1,1,6
200800026552,0008-05-24 23:45:00,8,5,24,23,45,950,491,CHENE ROND (CHEMIN DU),,,Nuit avec éclairage allumé,En agglomération,Hors intersection,Normale,Autre collision,,,,,,,,,,,5,2,1,1,6