accident_id,datetime,annee,mois,jour,heure,minute,departement,commune_insee,adresse,latitude,longitude,luminosite,agglomeration,intersection,meteo,collision,nb_vehicules,nb_usagers,nb_indemnes,nb_tues,nb_blesses_hosp,nb_blesses_legers,age_cond_1,age_cond_2,veh_type_cond_1,veh_type_cond_2,lum_code,agg_code,int_code,atm_code,col_code
200800026553,0008-05-28 17:30:00,8,5,28,17,30,950,252,GUTENBERG (RUE),,,Plein jour,En agglomération,Intersection en X,Normale,Deux véhicules - côté,,,,,,,,,,,1,2,2,1,3
200800026554,0008-05-11 20:30:00,8,5,11,20,30,950,19,VAILLANT CHARLES (AVENUE,,,Plein jour,En agglomération,Intersection en X,Normale,Deux véhicules - arrière,,,,,,,,,,,1,2,2,1,2
200800026555,0008-05-19 20:10:00,8,5,19,20,10,950,280,"7, SIX JUIN 1944",,,Plein jour,En agglomération,Hors intersection,Normale,Autre collision,,,,,,,,,,,1,2,1,1,6
200800026556,0008-05-24 18:20:00,8,5,24,18,20,950,277,FRATERNITE (RUE DE LA),,,Plein jour,En agglomération,Hors intersection,Pluie légère,Trois véhicules et plus - en chaîne,,,,,,,,,,,1,2,1,2,4
200800026557,0008-05-06 23:15:00,8,5,6,23,15,950,306,SAINTE HONORINE (RUE),,,Nuit avec éclairage allumé,En agglomération,Intersection en T,Normale,Deux véhicules - côté,,,,,,,,,,,5,2,3,1,3
200800026558,0008-05-23 16:20:00,8,5,23,16,20,950,424,"91, VICTOR BORDIER (BOUL",,,Plein jour,En agglomération,Hors intersection,Normale,Autre collision,,,,,,,,,,,1,2,1,1,6
200800026559,0008-05-22 22:00:00,8,5,22,22,0,950,306,"0, ALFRED DE MUSSET",,,Nuit avec éclairage allumé,En agglomération,Intersection en T,Normale,Deux véhicules - côté,,,,,,,,,,,5,2,3,1,3
200800026560,0008-05-21 09:26:00,8,5,21,9,26,950,487,DANIEL CORNILLE,,,Plein jour,En agglomération,Intersection en T,Normale,Deux véhicules - frontale,,,,,,,,,,,1,2,3,1,1
200800026561,0008-05-27 18:45:00,8,5,27,18,45,950,487,GASTON VERMEIRE (AVENUE),,,Plein jour,En agglomération,Hors intersection,Normale,Autre collision,,,,,,,,,,,1,2,1,1,6
200800026562,0008-05-30 13:35:00,8,5,30,13,35,950,313,PARIS (AVENUE DE),,,Plein jour,En agglomération,Intersection en X,Normale,Deux véhicules - côté,,,,,,,,,,,1,2,2,1,3
200800026563,0008-05-07 15:30:00,8,5,7,15,30,950,527,LINEAIRE 2E,,,Plein jour,Hors agglomération,Hors intersection,Normale,Deux véhicules - arrière,,,,,,,,,,,1,1,1,1,2
200800026564,0008-05-15 20:25:00,8,5,15,20,25,950,585,CARCO (ALLEE),,,Plein jour,En agglomération,Hors intersection,Normale,Sans collision,,,,,,,,,,,1,2,1,1,7
200800026565,0008-05-13 14:15:00,8,5,13,14,15,950,539,RN 1 SENS PARIS- PROVINC,,,Plein jour,Hors agglomération,Hors intersection,Normale,Trois véhicules et plus - en chaîne,,,,,,,,,,,1,1,1,1,4
200800026566,0008-05-30 20:35:00,8,5,30,20,35,950,680,ROTHECHIENS (RUE DES),,,Plein jour,En agglomération,Hors intersection,Normale,Sans collision,,,,,,,,,,,1,2,1,1,7
200800026567,0008-05-16 18:45:00,8,5,16,18,45,950,607,"00, SEPT FONTAINES (PLAC",,,Plein jour,En agglomération,Intersection en X,Normale,Deux véhicules - côté,,,,,,,,,,,1,2,2,1,3
200800026568,0008-05-21 11:00:00,8,5,21,11,0,950,51,JULES CESAR (CHAUSSEE),,,Plein jour,En agglomération,Hors intersection,Normale,Autre collision,,,,,,,,,,,1,2,1,1,6
200800026569,0008-05-26 19:10:00,8,5,26,19,10,950,51,"00, JULES CESAR (CHAUSSE",,,Plein jour,En agglomération,Intersection en T,Pluie légère,Deux véhicules - frontale,,,,,,,,,,,1,2,3,2,1
200800026570,0008-05-27 13:00:00,8,5,27,13,0,950,51,"00, GENERAL LECLERC (AVE",,,Plein jour,En agglomération,Giratoire,Pluie forte,Autre collision,,,,,,,,,,,1,2,6,3,6
200800026571,0008-05-01 15:35:00,8,5,1,15,35,201,4,LECLERC GENERAL COURS IM,,,Plein jour,En agglomération,Intersection en T,Normale,Deux véhicules - frontale,,,,,,,,,,,1,2,3,1,1
200800026572,0008-05-03 16:38:00,8,5,3,16,38,201,4,"SANS, BENIELLI NONCE RUE",,,Plein jour,En agglomération,Hors intersection,Normale,Deux véhicules - frontale,,,,,,,,,,,1,2,1,1,1
200800026573,0008-05-03 19:55:00,8,5,3,19,55,201,4,"SANS, ALATA ROUTE",,,Plein jour,Hors agglomération,Hors intersection,Normale,Autre collision,,,,,,,,,,,1,1,1,1,6
200800026574,0008-05-03 11:45:00,8,5,3,11,45,201,4,"SANS, MILELLI ROUTE DES",,,Plein jour,Hors agglomération,Intersection en Y,Normale,Deux véhicules - côté,,,,,,,,,,,1,1,4,1,3
200800026575,0008-05-08 17:55:00,8,5,8,17,55,201,4,ALBERT 1ER BD,,,Plein jour,En agglomération,Hors intersection,Normale,Autre collision,,,,,,,,,,,1,2,1,1,6
200800026576,0008-05-09 15:00:00,8,5,9,15,0,201,4,"SANS, ALATA ROUTE",,,Plein jour,Hors agglomération,Hors intersection,Normale,Sans collision,,,,,,,,,,,1,1,1,1,7
200800026577,0008-05-07 17:58:00,8,5,7,17,58,201,4,NATIONALE 194,,,Plein jour,En agglomération,Hors intersection,Normale,Deux véhicules - côté,,,,,,,,,,,1,2,1,1,3
200800026578,0008-05-21 21:30:00,8,5,21,21,30,201,4,"SANS, NATIONALE 193",,,Nuit avec éclairage allumé,Hors agglomération,Giratoire,Normale,Sans collision,,,,,,,,,,,5,1,6,1,7
200800026579,0008-05-23 21:00:00,8,5,23,21,0,201,4,"13 Bis, STEPHANOPOLI NIC",,,Nuit avec éclairage allumé,En agglomération,Hors intersection,Normale,Autre collision,,,,,,,,,,,5,2,1,1,6
200800026580,0008-05-24 13:50:00,8,5,24,13,50,201,4,FRANCHINI NOEL AV DOCTEU,,,Plein jour,En agglomération,Hors intersection,Temps couvert,Autre collision,,,,,,,,,,,1,2,1,8,6
200800026581,0008-05-28 22:41:00,8,5,28,22,41,201,4,", MARECHAL JUIN AVENUE",,,Nuit avec éclairage allumé,En agglomération,Intersection en X,Normale,Deux véhicules - côté,,,,,,,,,,,5,2,2,1,3
200800026582,0008-05-30 11:40:00,8,5,30,11,40,201,4,MARECHAL JUIN AVENUE,,,Plein jour,En agglomération,Hors intersection,Pluie légère,Deux véhicules - côté,,,,,,,,,,,1,2,1,2,3
200800026583,0008-05-03 01:50:00,8,5,3,1,50,690,381,"53, QUAI SAINT VINCENT",,,Nuit avec éclairage allumé,En agglomération,Hors intersection,Normale,Autre collision,,,,,,,,,,,5,2,1,1,6
200800026584,0008-05-17 13:00:00,8,5,17,13,0,690,381,"10, QUAI JEAN MOULIN",,,Plein jour,En agglomération,Intersection en X,Normale,Autre collision,,,,,,,,,,,1,2,2,1,6
200800026585,0008-05-27 17:00:00,8,5,27,17,0,690,381,"17, PUITS GAILLOT",,,Plein jour,En agglomération,Intersection en T,Normale,Autre collision,,,,,,,,,,,1,2,3,1,6
200800026586,0008-05-30 00:30:00,8,5,30,0,30,690,381,"10, JEAN MOULIN",,,Nuit avec éclairage non allumé,En agglomération,Intersection en X,Pluie légère,Deux véhicules - côté,,,,,,,,,,,4,2,2,2,3
200800026587,0008-05-31 10:10:00,8,5,31,10,10,690,381,"144, BOULEVARD DE LA CRO",,,Plein jour,En agglomération,Hors intersection,Normale,Autre collision,,,,,,,,,,,1,2,1,1,6
200800026588,0008-05-02 23:40:00,8,5,2,23,40,770,337,A4,,,Nuit avec éclairage allumé,Hors agglomération,Hors intersection,Normale,Deux véhicules - arrière,,,,,,,,,,,5,1,1,1,2
200800026589,0008-05-05 07:25:00,8,5,5,7,25,770,373,RN104,,,Plein jour,Hors agglomération,Hors intersection,Normale,Trois véhicules et plus - en chaîne,,,,,,,,,,,1,1,1,1,4
200800026590,0008-05-05 10:25:00,8,5,5,10,25,940,18,A4,,,Plein jour,Hors agglomération,Hors intersection,Normale,Deux véhicules - arrière,,,,,,,,,,,1,1,1,1,2
200800026591,0008-05-05 13:00:00,8,5,5,13,0,940,17,A4,,,Plein jour,Hors agglomération,Hors intersection,Normale,Deux véhicules - côté,,,,,,,,,,,1,1,1,1,3
200800026592,0008-05-06 09:30:00,8,5,6,9,30,940,65,A86,,,Plein jour,Hors agglomération,Hors intersection,Normale,Deux véhicules - côté,,,,,,,,,,,1,1,1,1,3
200800026593,0008-05-06 09:45:00,8,5,6,9,45,940,17,A86.INT,,,Plein jour,Hors agglomération,Hors intersection,Normale,Deux véhicules - côté,,,,,,,,,,,1,1,1,1,3
200800026594,0008-05-07 10:25:00,8,5,7,10,25,940,17,A4,,,Plein jour,Hors agglomération,Hors intersection,Normale,Deux véhicules - côté,,,,,,,,,,,1,1,1,1,3
200800026595,0008-05-21 19:35:00,8,5,21,19,35,940,18,A4,,,Plein jour,Hors agglomération,Hors intersection,Normale,Deux véhicules - arrière,,,,,,,,,,,1,1,1,1,2
200800026596,0008-05-09 22:15:00,8,5,9,22,15,940,52,A86.EXT,,,Nuit avec éclairage allumé,Hors agglomération,Hors intersection,Normale,Autre collision,,,,,,,,,,,5,1,1,1,6
200800026597,0008-05-13 02:20:00,8,5,13,2,20,930,51,A4,,,Nuit avec éclairage allumé,Hors agglomération,Hors intersection,Normale,Deux véhicules - arrière,,,,,,,,,,,5,1,1,1,2
200800026598,0008-05-13 09:15:00,8,5,13,9,15,770,121,A4,,,Plein jour,Hors agglomération,Hors intersection,Normale,Trois véhicules et plus - en chaîne,,,,,,,,,,,1,1,1,1,4
200800026599,0008-05-13 12:30:00,8,5,13,12,30,770,181,A4,,,Plein jour,Hors agglomération,Hors intersection,Normale,Trois véhicules et plus - en chaîne,,,,,,,,,,,1,1,1,1,4
200800026600,0008-05-15 08:30:00,8,5,15,8,30,940,73,A86,,,Plein jour,Hors agglomération,Hors intersection,Normale,Deux véhicules - côté,,,,,,,,,,,1,1,1,1,3
200800026601,0008-05-15 08:35:00,8,5,15,8,35,770,249,RN104,,,Plein jour,Hors agglomération,Hors intersection,Pluie légère,Sans collision,,,,,,,,,,,1,1,1,2,7
200800026602,0008-05-15 09:30:00,8,5,15,9,30,770,517,A104.EXT,,,Plein jour,Hors agglomération,Hors intersection,Pluie légère,Deux véhicules - frontale,,,,,,,,,,,1,1,1,2,1
200800026603,0008-05-18 06:00:00,8,5,18,6,0,940,69,A4,,,Nuit avec éclairage allumé,Hors agglomération,Hors intersection,Normale,Deux véhicules - arrière,,,,,,,,,,,5,1,1,1,2
200800026604,0008-05-19 07:00:00,8,5,19,7,0,940,42,A4,,,Crépuscule ou aube,Hors agglomération,Hors intersection,Normale,Autre collision,,,,,,,,,,,2,1,1,1,6
200800026605,0008-05-19 07:20:00,8,5,19,7,20,940,73,A86,,,Plein jour,Hors agglomération,Hors intersection,Normale,Deux véhicules - côté,,,,,,,,,,,1,1,1,1,3
200800026606,0008-05-19 08:10:00,8,5,19,8,10,940,18,A4,,,Plein jour,Hors agglomération,Hors intersection,Normale,Autre collision,,,,,,,,,,,1,1,1,1,6
200800026607,0008-05-19 10:15:00,8,5,19,10,15,770,363,A104,,,Plein jour,Hors agglomération,Hors intersection,Normale,Trois véhicules et plus - en chaîne,,,,,,,,,,,1,1,1,1,4
200800026608,0008-05-19 21:04:00,8,5,19,21,4,770,175,RN104,,,Crépuscule ou aube,Hors agglomération,Hors intersection,Normale,Autre collision,,,,,,,,,,,2,1,1,1,6
200800026609,0008-05-20 08:30:00,8,5,20,8,30,940,17,A4,,,Plein jour,Hors agglomération,Hors intersection,Normale,Deux véhicules - côté,,,,,,,,,,,1,1,1,1,3
200800026610,0008-05-20 19:50:00,8,5,20,19,50,940,69,A4,,,Plein jour,Hors agglomération,Hors intersection,Normale,Sans collision,,,,,,,,,,,1,1,1,1,7
200800026611,0008-05-21 08:25:00,8,5,21,8,25,940,81,A86,,,Plein jour,Hors agglomération,Hors intersection,Normale,Deux véhicules - arrière,,,,,,,,,,,1,1,1,1,2
200800026612,0008-05-21 10:00:00,8,5,21,10,0,770,249,RN104,,,Plein jour,Hors agglomération,Hors intersection,Normale,Deux véhicules - arrière,,,,,,,,,,,1,1,1,1,2
200800026613,0008-05-22 07:15:00,8,5,22,7,15,940,79,A4,,,Plein jour,Hors agglomération,Hors intersection,Normale,Deux véhicules - arrière,,,,,,,,,,,1,1,1,1,2
200800026614,0008-05-22 08:45:00,8,5,22,8,45,940,52,A86.EXT,,,Plein jour,Hors agglomération,Hors intersection,Normale,Deux véhicules - arrière,,,,,,,,,,,1,1,1,1,2
200800026615,0008-05-23 02:50:00,8,5,23,2,50,770,121,A4,,,Nuit sans éclairage public,Hors agglomération,Hors intersection,Normale,Deux véhicules - arrière,,,,,,,,,,,3,1,1,1,2
200800026616,0008-05-23 21:15:00,8,5,23,21,15,770,237,A4,,,Plein jour,Hors agglomération,Hors intersection,Normale,Autre collision,,,,,,,,,,,1,1,1,1,6
200800026617,0008-05-25 01:30:00,8,5,25,1,30,940,65,A86,,,Nuit avec éclairage allumé,Hors agglomération,Hors intersection,Normale,Trois véhicules et plus - collisions multiples,,,,,,,,,,,5,1,1,1,5
200800026618,0008-05-25 19:00:00,8,5,25,19,0,940,46,A86,,,Plein jour,Hors agglomération,Hors intersection,Normale,Deux véhicules - arrière,,,,,,,,,,,1,1,1,1,2
200800026619,0008-05-26 17:40:00,8,5,26,17,40,940,79,A4,,,Plein jour,Hors agglomération,Hors intersection,Pluie légère,Deux véhicules - côté,,,,,,,,,,,1,1,1,2,3
200800026620,0008-05-28 22:45:00,8,5,28,22,45,770,249,RN104,,,Nuit sans éclairage public,Hors agglomération,Hors intersection,Normale,Sans collision,,,,,,,,,,,3,1,1,1,7
200800026621,0008-05-29 18:30:00,8,5,29,18,30,940,28,A86,,,Plein jour,Hors agglomération,Hors intersection,Normale,Deux véhicules - arrière,,,,,,,,,,,1,1,1,1,2
200800026622,0008-05-02 17:30:00,8,5,2,17,30,930,53,AUTOROUTE A3,,,Plein jour,Hors agglomération,Hors intersection,Normale,Deux véhicules - côté,,,,,,,,,,,1,1,1,1,3
200800026623,0008-05-03 18:45:00,8,5,3,18,45,930,53,AUTOROUTE A3,,,Plein jour,Hors agglomération,Hors intersection,Normale,Autre collision,,,,,,,,,,,1,1,1,1,6
200800026624,0008-05-04 06:06:00,8,5,4,6,6,930,66,AUTOROUTE A1,,,Nuit avec éclairage allumé,Hors agglomération,Hors intersection,Normale,Deux véhicules - côté,,,,,,,,,,,5,1,1,1,3
200800026625,0008-05-04 16:55:00,8,5,4,16,55,950,527,AUTOROUTE A3,,,Plein jour,Hors agglomération,Hors intersection,Normale,Autre collision,,,,,,,,,,,1,1,1,1,6
200800026626,0008-05-05 07:00:00,8,5,5,7,0,950,582,AUTOROUTE A15,,,Plein jour,Hors agglomération,Hors intersection,Normale,Sans collision,,,,,,,,,,,1,1,1,1,7
200800026627,0008-05-05 18:10:00,8,5,5,18,10,950,252,AUTOROUTE A86,,,Plein jour,Hors agglomération,Hors intersection,Normale,Autre collision,,,,,,,,,,,1,1,1,1,6
200800026628,0008-05-06 19:30:00,8,5,6,19,30,930,66,AUTOROUTE A1,,,Plein jour,Hors agglomération,Hors intersection,Normale,Deux véhicules - arrière,,,,,,,,,,,1,1,1,1,2
200800026629,0008-05-08 02:30:00,8,5,8,2,30,950,582,AUTOROUTE A15,,,Nuit avec éclairage allumé,Hors agglomération,Hors intersection,Normale,Autre collision,,,,,,,,,,,5,1,1,1,6
200800026630,0008-05-08 17:00:00,8,5,8,17,0,930,78,AUTOROUTE A104,,,Plein jour,Hors agglomération,Hors intersection,Normale,Sans collision,,,,,,,,,,,1,1,1,1,7
200800026631,0008-05-08 13:00:00,8,5,8,13,0,600,421,AUTOROUTE A1,,,Plein jour,Hors agglomération,Hors intersection,Normale,Sans collision,,,,,,,,,,,1,1,1,1,7
200800026632,0008-05-14 16:15:00,8,5,14,16,15,950,306,AUTOROUTE A15,,,Plein jour,Hors agglomération,Hors intersection,Normale,Autre collision,,,,,,,,,,,1,1,1,1,6
200800026633,0008-05-16 12:45:00,8,5,16,12,45,950,491,AUTOROUTE A1,,,Plein jour,Hors agglomération,Hors intersection,Normale,Deux véhicules - côté,,,,,,,,,,,1,1,1,1,3
200800026634,0008-05-17 18:10:00,8,5,17,18,10,930,66,AUTOROUTE A86,,,Plein jour,Hors agglomération,Hors intersection,Normale,Trois véhicules et plus - collisions multiples,,,,,,,,,,,1,1,1,1,5
200800026635,0008-05-18 06:50:00,8,5,18,6,50,930,78,AUTOROUTE A104,,,Plein jour,Hors agglomération,Hors intersection,Temps couvert,Sans collision,,,,,,,,,,,1,1,1,8,7
200800026636,0008-05-18 13:40:00,8,5,18,13,40,950,527,AUTOROUTE A1,,,Plein jour,Hors agglomération,Hors intersection,Neige / grêle,Trois véhicules et plus - collisions multiples,,,,,,,,,,,1,1,1,4,5
200800026637,0008-05-16 19:30:00,8,5,16,19,30,930,78,AUTOROUTE A104,,,Plein jour,Hors agglomération,Hors intersection,Pluie forte,Deux véhicules - arrière,,,,,,,,,,,1,1,1,3,2
200800026638,0008-05-20 17:50:00,8,5,20,17,50,930,32,AUTOROUTE A3,,,Plein jour,Hors agglomération,Hors intersection,Normale,Autre collision,,,,,,,,,,,1,1,1,1,6
200800026639,0008-05-21 15:50:00,8,5,21,15,50,930,66,AUTOROUTE A1,,,Plein jour,Hors agglomération,Hors intersection,Normale,Deux véhicules - arrière,,,,,,,,,,,1,1,1,1,2
200800026640,0008-05-23 10:00:00,8,5,23,10,0,930,66,AUTOROUTE A3,,,Plein jour,Hors agglomération,Hors intersection,Normale,Deux véhicules - côté,,,,,,,,,,,1,1,1,1,3
200800026641,0008-05-24 19:30:00,8,5,24,19,30,950,252,AUTOROUTE A86,,,Plein jour,Hors agglomération,Hors intersection,Pluie légère,Sans collision,,,,,,,,,,,1,1,1,2,7
200800026642,0008-05-25 22:20:00,8,5,25,22,20,930,32,AUTOROUTE A3,,,Nuit sans éclairage public,Hors agglomération,Hors intersection,Pluie légère,Sans collision,,,,,,,,,,,3,1,1,2,7
200800026643,0008-05-24 22:40:00,8,5,24,22,40,930,27,AUTOROUTE A1,,,Nuit sans éclairage public,Hors agglomération,Hors intersection,Pluie légère,Sans collision,,,,,,,,,,,3,1,1,2,7
200800026644,0008-05-27 08:30:00,8,5,27,8,30,950,306,RD 170,,,Plein jour,Hors agglomération,Hors intersection,Normale,Deux véhicules - côté,,,,,,,,,,,1,1,1,1,3
200800026645,0008-05-27 11:00:00,8,5,27,11,0,930,32,AUTOROUTE A3,,,Plein jour,Hors agglomération,Hors intersection,Pluie légère,Sans collision,,,,,,,,,,,1,1,1,2,7
200800026646,0008-05-27 11:35:00,8,5,27,11,35,950,306,AUTOROUTE A104,,,Plein jour,Hors agglomération,Hors intersection,Pluie légère,Sans collision,,,,,,,,,,,1,1,1,2,7
200800026647,0008-05-28 05:58:00,8,5,28,5,58,930,66,AUTOROUTE A86,,,Plein jour,Hors agglomération,Hors intersection,Normale,Deux véhicules - arrière,,,,,,,,,,,1,1,1,1,2
200800026648,0008-05-22 10:50:00,8,5,22,10,50,780,455,A13,,,Plein jour,Hors agglomération,Hors intersection,Normale,Sans collision,,,,,,,,,,,1,1,1,1,7
200800026649,0008-05-02 18:05:00,8,5,2,18,5,920,64,A13,,,Plein jour,Hors agglomération,Hors intersection,Normale,Trois véhicules et plus - en chaîne,,,,,,,,,,,1,1,1,1,4
200800026650,0008-05-03 01:30:00,8,5,3,1,30,920,47,A13,,,Nuit avec éclairage allumé,Hors agglomération,Hors intersection,Normale,Sans collision,,,,,,,,,,,5,1,1,1,7
200800026651,0008-05-03 19:20:00,8,5,3,19,20,920,47,A13,,,Plein jour,Hors agglomération,Hors intersection,Normale,Trois véhicules et plus - collisions multiples,,,,,,,,,,,1,1,1,1,5
200800026652,0008-05-07 18:10:00,8,5,7,18,10,780,238,A13,,,Plein jour,Hors agglomération,Hors intersection,Normale,Deux véhicules - côté,,,,,,,,,,,1,1,1,1,3
200800026653,0008-05-08 09:50:00,8,5,8,9,50,780,90,A13,,,Plein jour,Hors agglomération,Hors intersection,Normale,Deux véhicules - côté,,,,,,,,,,,1,1,1,1,3
200800026654,0008-05-09 05:47:00,8,5,9,5,47,780,126,A13,,,Nuit avec éclairage allumé,Hors agglomération,Hors intersection,Normale,Autre collision,,,,,,,,,,,5,1,1,1,6
200800026655,0008-05-09 13:00:00,8,5,9,13,0,780,43,A12 Y,,,Plein jour,Hors agglomération,Hors intersection,Normale,Deux véhicules - arrière,,,,,,,,,,,1,1,1,1,2
200800026656,0008-05-10 09:50:00,8,5,10,9,50,750,116,A 13 Y,,,Plein jour,Hors agglomération,Hors intersection,Normale,Deux véhicules - arrière,,,,,,,,,,,1,1,1,1,2
200800026657,0008-05-11 17:30:00,8,5,11,17,30,780,646,RN12 W,,,Plein jour,Hors agglomération,Hors intersection,Normale,Autre collision,,,,,,,,,,,1,1,1,1,6
200800026658,0008-05-13 10:30:00,8,5,13,10,30,920,50,A14,,,Nuit avec éclairage allumé,Hors agglomération,Hors intersection,Normale,Sans collision,,,,,,,,,,,5,1,1,1,7
200800026659,0008-05-14 08:20:00,8,5,14,8,20,920,50,A86,,,Plein jour,Hors agglomération,Hors intersection,Normale,Trois véhicules et plus - en chaîne,,,,,,,,,,,1,1,1,1,4
200800026660,0008-05-14 16:00:00,8,5,14,16,0,780,140,A13,,,Plein jour,Hors agglomération,Hors intersection,Normale,Deux véhicules - arrière,,,,,,,,,,,1,1,1,1,2
200800026661,0008-05-15 01:05:00,8,5,15,1,5,920,64,A13,,,Nuit avec éclairage allumé,Hors agglomération,Hors intersection,Normale,Autre collision,,,,,,,,,,,5,1,1,1,6
200800026662,0008-05-16 08:09:00,8,5,16,8,9,780,545,A12 Y,,,Plein jour,Hors agglomération,Hors intersection,Normale,Deux véhicules - côté,,,,,,,,,,,1,1,1,1,3
200800026663,0008-05-16 18:55:00,8,5,16,18,55,920,64,A13,,,Plein jour,Hors agglomération,Hors intersection,Temps couvert,Trois véhicules et plus - en chaîne,,,,,,,,,,,1,1,1,8,4
200800026664,0008-05-19 07:25:00,8,5,19,7,25,780,646,RN12,,,Plein jour,Hors agglomération,Hors intersection,Normale,Deux véhicules - côté,,,,,,,,,,,1,1,1,1,3
200800026665,0008-05-20 09:10:00,8,5,20,9,10,920,25,A86,,,Plein jour,Hors agglomération,Hors intersection,Normale,Deux véhicules - côté,,,,,,,,,,,1,1,1,1,3
200800026666,0008-05-20 19:20:00,8,5,20,19,20,920,50,A86,,,Plein jour,Hors agglomération,Hors intersection,Normale,Autre collision,,,,,,,,,,,1,1,1,1,6
200800026667,0008-05-08 13:20:00,8,5,8,13,20,780,242,A12 W,,,Plein jour,Hors agglomération,Hors intersection,Normale,Deux véhicules - arrière,,,,,,,,,,,1,1,1,1,2
200800026668,0008-05-21 07:40:00,8,5,21,7,40,780,217,A13,,,Plein jour,Hors agglomération,Hors intersection,Normale,Autre collision,,,,,,,,,,,1,1,1,1,6
200800026669,0008-05-21 08:45:00,8,5,21,8,45,780,524,A13,,,Plein jour,Hors agglomération,Hors intersection,Normale,Deux véhicules - arrière,,,,,,,,,,,1,1,1,1,2
200800026670,0008-05-22 10:15:00,8,5,22,10,15,920,63,A86,,,Plein jour,Hors agglomération,Hors intersection,Normale,Deux véhicules - arrière,,,,,,,,,,,1,1,1,1,2
200800026671,0008-05-22 12:00:00,8,5,22,12,0,920,50,A86,,,Plein jour,Hors agglomération,Hors intersection,Normale,Deux véhicules - arrière,,,,,,,,,,,1,1,1,1,2
200800026672,0008-05-22 19:20:00,8,5,22,19,20,920,64,A13,,,Plein jour,Hors agglomération,Hors intersection,Normale,Autre collision,,,,,,,,,,,1,1,1,1,6
200800026673,0008-05-22 20:50:00,8,5,22,20,50,920,25,A86,,,Plein jour,Hors agglomération,Hors intersection,Normale,Autre collision,,,,,,,,,,,1,1,1,1,6
200800026674,0008-05-23 21:35:00,8,5,23,21,35,780,140,A13,,,Plein jour,Hors agglomération,Hors intersection,Normale,Sans collision,,,,,,,,,,,1,1,1,1,7
200800026675,0008-05-24 22:10:00,8,5,24,22,10,780,431,A13,,,Nuit avec éclairage non allumé,Hors agglomération,Hors intersection,Normale,Deux véhicules - arrière,,,,,,,,,,,4,1,1,1,2
200800026676,0008-05-27 14:20:00,8,5,27,14,20,780,423,RN12,,,Plein jour,Hors agglomération,Hors intersection,Normale,Autre collision,,,,,,,,,,,1,1,1,1,6
200800026677,0008-05-30 18:30:00,8,5,30,18,30,750,116,A 13 Y,,,Plein jour,Hors agglomération,Hors intersection,Normale,Deux véhicules - arrière,,,,,,,,,,,1,1,1,1,2
200800026678,0008-05-17 14:35:00,8,5,17,14,35,780,362,A13,,,Plein jour,Hors agglomération,Hors intersection,Pluie légère,Autre collision,,,,,,,,,,,1,1,1,2,6
200800026679,0008-05-02 05:30:00,8,5,2,5,30,940,38,AUTOROUTE A6B,,,Crépuscule ou aube,Hors agglomération,Hors intersection,Normale,Sans collision,,,,,,,,,,,2,1,1,1,7
200800026680,0008-05-03 19:20:00,8,5,3,19,20,910,161,AUTOROUTE A126,,,Plein jour,Hors agglomération,Hors intersection,Normale,Deux véhicules - côté,,,,,,,,,,,1,1,1,1,3
200800026681,0008-05-03 00:04:00,8,5,3,0,4,940,43,AUTOROUTE A6B,,,Nuit avec éclairage allumé,Hors agglomération,Hors intersection,Normale,Deux véhicules - arrière,,,,,,,,,,,5,1,1,1,2
200800026682,0008-05-05 12:48:00,8,5,5,12,48,940,37,AUTOROUTE A6A,,,Plein jour,Hors agglomération,Hors intersection,Normale,Sans collision,,,,,,,,,,,1,1,1,1,7
200800026683,0008-05-07 01:00:00,8,5,7,1,0,910,174,A 6,,,Nuit avec éclairage non allumé,Hors agglomération,Hors intersection,Normale,Deux véhicules - arrière,,,,,,,,,,,4,1,1,1,2
200800026684,0008-05-07 14:55:00,8,5,7,14,55,910,689,AUTOROUTE A6B,,,Plein jour,Hors agglomération,Hors intersection,Normale,Trois véhicules et plus - collisions multiples,,,,,,,,,,,1,1,1,1,5
200800026685,0008-05-07 15:15:00,8,5,7,15,15,910,182,RN 104,,,Plein jour,Hors agglomération,Hors intersection,Normale,Deux véhicules - côté,,,,,,,,,,,1,1,1,1,3
200800026686,0008-05-07 19:40:00,8,5,7,19,40,910,174,RN 104,,,Plein jour,Hors agglomération,Hors intersection,Normale,Deux véhicules - arrière,,,,,,,,,,,1,1,1,1,2
200800026687,0008-05-07 19:10:00,8,5,7,19,10,940,34,AUTOROUTE A86,,,Plein jour,Hors agglomération,Hors intersection,Normale,Trois véhicules et plus - en chaîne,,,,,,,,,,,1,1,1,1,4
200800026688,0008-05-08 07:10:00,8,5,8,7,10,910,377,AUTOROUTE A10,,,Crépuscule ou aube,Hors agglomération,Hors intersection,Normale,Deux véhicules - arrière,,,,,,,,,,,2,1,1,1,2
200800026689,0008-05-08 19:00:00,8,5,8,19,0,910,179,AUTOROUTE A6,,,Crépuscule ou aube,Hors agglomération,Hors intersection,Normale,Trois véhicules et plus - collisions multiples,,,,,,,,,,,2,1,1,1,5
200800026690,0008-05-08 19:10:00,8,5,8,19,10,910,589,AUTOROUTE A6,,,Plein jour,Hors agglomération,Hors intersection,Normale,Autre collision,,,,,,,,,,,1,1,1,1,6
200800026691,0008-05-09 16:45:00,8,5,9,16,45,910,521,RN 104,,,Plein jour,Hors agglomération,Hors intersection,Normale,Deux véhicules - côté,,,,,,,,,,,1,1,1,1,3
200800026692,0008-05-09 23:41:00,8,5,9,23,41,910,377,RN 188,,,Nuit avec éclairage allumé,Hors agglomération,Hors intersection,Normale,Autre collision,,,,,,,,,,,5,1,1,1,6