accident_id,datetime,annee,mois,jour,heure,minute,departement,commune_insee,adresse,latitude,longitude,luminosite,agglomeration,intersection,meteo,collision,nb_vehicules,nb_usagers,nb_indemnes,nb_tues,nb_blesses_hosp,nb_blesses_legers,age_cond_1,age_cond_2,veh_type_cond_1,veh_type_cond_2,lum_code,agg_code,int_code,atm_code,col_code
200800026693,0008-05-11 13:40:00,8,5,11,13,40,910,570,RN 104,,,Plein jour,Hors agglomération,Hors intersection,Normale,Deux véhicules - côté,,,,,,,,,,,1,1,1,1,3
200800026694,0008-05-13 05:44:00,8,5,13,5,44,940,34,AUTOROUTE A6A,,,Crépuscule ou aube,Hors agglomération,Hors intersection,Normale,Autre collision,,,,,,,,,,,2,1,1,1,6
200800026695,0008-05-14 15:30:00,8,5,14,15,30,910,570,RN 104,,,Plein jour,Hors agglomération,Hors intersection,Normale,Sans collision,,,,,,,,,,,1,1,1,1,7
200800026696,0008-05-13 20:05:00,8,5,13,20,5,940,21,AUTOROUTE A6B,,,Plein jour,Hors agglomération,Hors intersection,Normale,Deux véhicules - côté,,,,,,,,,,,1,1,1,1,3
200800026697,0008-05-14 07:45:00,8,5,14,7,45,910,363,RN 118,,,Crépuscule ou aube,Hors agglomération,Hors intersection,Normale,Deux véhicules - côté,,,,,,,,,,,2,1,1,1,3
200800026698,0008-05-15 14:30:00,8,5,15,14,30,940,34,AUTOROUTE A86,,,Plein jour,Hors agglomération,Hors intersection,Normale,Trois véhicules et plus - collisions multiples,,,,,,,,,,,1,1,1,1,5
200800026699,0008-05-16 17:19:00,8,5,16,17,19,910,136,AUTOROUTE A10,,,Plein jour,Hors agglomération,Hors intersection,Normale,Deux véhicules - côté,,,,,,,,,,,1,1,1,1,3
200800026700,0008-05-16 17:34:00,8,5,16,17,34,910,64,RN 118,,,Plein jour,Hors agglomération,Hors intersection,Normale,Deux véhicules - arrière,,,,,,,,,,,1,1,1,1,2
200800026701,0008-05-16 17:46:00,8,5,16,17,46,910,228,AUTOROUTE A6,,,Plein jour,Hors agglomération,Hors intersection,Normale,Autre collision,,,,,,,,,,,1,1,1,1,6
200800026702,0008-05-16 19:37:00,8,5,16,19,37,910,689,AUTOROUTE A6B,,,Plein jour,Hors agglomération,Hors intersection,Normale,Deux véhicules - côté,,,,,,,,,,,1,1,1,1,3
200800026703,0008-05-17 00:05:00,8,5,17,0,5,910,174,RN 104,,,Nuit sans éclairage public,Hors agglomération,Hors intersection,Pluie légère,Deux véhicules - arrière,,,,,,,,,,,3,1,1,2,2
200800026704,0008-05-17 06:33:00,8,5,17,6,33,770,384,AUTOROUTE A5,,,Plein jour,Hors agglomération,Hors intersection,Normale,Autre collision,,,,,,,,,,,1,1,1,1,6
200800026705,0008-05-18 19:35:00,8,5,18,19,35,940,34,AUTOROUTE A86,,,Plein jour,Hors agglomération,Hors intersection,Normale,Trois véhicules et plus - en chaîne,,,,,,,,,,,1,1,1,1,4
200800026706,0008-05-18 02:45:00,8,5,18,2,45,910,339,RN 104,,,Nuit sans éclairage public,Hors agglomération,Hors intersection,Normale,Autre collision,,,,,,,,,,,3,1,1,1,6
200800026707,0008-05-18 01:15:00,8,5,18,1,15,910,64,RN 118,,,Nuit sans éclairage public,Hors agglomération,Hors intersection,Normale,Autre collision,,,,,,,,,,,3,1,1,1,6
200800026708,0008-05-19 21:37:00,8,5,19,21,37,910,340,AUTOROUTE A6,,,Crépuscule ou aube,Hors agglomération,Hors intersection,Normale,Sans collision,,,,,,,,,,,2,1,1,1,7
200800026709,0008-05-20 16:10:00,8,5,20,16,10,910,661,AUTOROUTE A10,,,Plein jour,Hors agglomération,Hors intersection,Normale,Deux véhicules - côté,,,,,,,,,,,1,1,1,1,3
200800026710,0008-05-20 17:25:00,8,5,20,17,25,910,174,RN 104,,,Plein jour,Hors agglomération,Hors intersection,Normale,Deux véhicules - côté,,,,,,,,,,,1,1,1,1,3
200800026711,0008-05-22 07:55:00,8,5,22,7,55,940,34,AUTOROUTE A6A,,,Plein jour,Hors agglomération,Hors intersection,Normale,Trois véhicules et plus - en chaîne,,,,,,,,,,,1,1,1,1,4
200800026712,0008-05-22 22:14:00,8,5,22,22,14,910,64,RN 118,,,Nuit sans éclairage public,Hors agglomération,Hors intersection,Normale,Sans collision,,,,,,,,,,,3,1,1,1,7
200800026713,0008-05-23 17:19:00,8,5,23,17,19,910,689,AUTOROUTE A6B,,,Plein jour,Hors agglomération,Hors intersection,Normale,Autre collision,,,,,,,,,,,1,1,1,1,6
200800026714,0008-05-24 01:50:00,8,5,24,1,50,910,161,AUTOROUTE A6,,,Nuit sans éclairage public,Hors agglomération,Hors intersection,Normale,Autre collision,,,,,,,,,,,3,1,1,1,6
200800026715,0008-05-24 18:14:00,8,5,24,18,14,940,38,AUTOROUTE A6A,,,Plein jour,Hors agglomération,Hors intersection,Normale,Autre collision,,,,,,,,,,,1,1,1,1,6
200800026716,0008-05-25 20:20:00,8,5,25,20,20,940,38,AUTOROUTE A6A,,,Plein jour,Hors agglomération,Hors intersection,Pluie légère,Deux véhicules - arrière,,,,,,,,,,,1,1,1,2,2
200800026717,0008-05-25 20:50:00,8,5,25,20,50,940,21,AUTOROUTE A6A,,,Nuit avec éclairage non allumé,Hors agglomération,Hors intersection,Pluie forte,Sans collision,,,,,,,,,,,4,1,1,3,7
200800026718,0008-05-26 13:51:00,8,5,26,13,51,940,34,AUTOROUTE A6B,,,Plein jour,Hors agglomération,Hors intersection,Normale,Trois véhicules et plus - collisions multiples,,,,,,,,,,,1,1,1,1,5
200800026719,0008-05-26 18:50:00,8,5,26,18,50,910,553,RN 104,,,Plein jour,Hors agglomération,Hors intersection,Pluie forte,Autre collision,,,,,,,,,,,1,1,1,3,6
200800026720,0008-05-26 22:40:00,8,5,26,22,40,910,477,AUTOROUTE A126,,,Nuit sans éclairage public,Hors agglomération,Hors intersection,Temps couvert,Deux véhicules - frontale,,,,,,,,,,,3,1,1,8,1
200800026721,0008-05-26 22:58:00,8,5,26,22,58,910,687,AUTOROUTE A6,,,Nuit sans éclairage public,Hors agglomération,Hors intersection,Temps couvert,Sans collision,,,,,,,,,,,3,1,1,8,7
200800026722,0008-05-27 19:05:00,8,5,27,19,5,910,689,AUTOROUTE A6B,,,Plein jour,Hors agglomération,Hors intersection,Pluie légère,Trois véhicules et plus - en chaîne,,,,,,,,,,,1,1,1,2,4
200800026723,0008-05-29 08:01:00,8,5,29,8,1,940,34,AUTOROUTE A6A,,,Plein jour,Hors agglomération,Hors intersection,Normale,Deux véhicules - arrière,,,,,,,,,,,1,1,1,1,2
200800026724,0008-05-29 08:47:00,8,5,29,8,47,940,21,AUTOROUTE A6B,,,Plein jour,Hors agglomération,Hors intersection,Normale,Deux véhicules - arrière,,,,,,,,,,,1,1,1,1,2
200800026725,0008-05-29 19:22:00,8,5,29,19,22,910,468,AUTOROUTE A6,,,Plein jour,Hors agglomération,Intersection en Y,Normale,Autre collision,,,,,,,,,,,1,1,4,1,6
200800026726,0008-05-30 07:45:00,8,5,30,7,45,910,692,RN 118,,,Plein jour,Hors agglomération,Hors intersection,Normale,Deux véhicules - arrière,,,,,,,,,,,1,1,1,1,2
200800026727,0008-05-30 07:55:00,8,5,30,7,55,940,34,AUTOROUTE A6B,,,Plein jour,Hors agglomération,Hors intersection,Normale,Sans collision,,,,,,,,,,,1,1,1,1,7
200800026728,0008-05-01 15:00:00,8,5,1,15,0,202,33,"48, GRAZIANI - BLD",,,Plein jour,En agglomération,Hors intersection,Normale,Deux véhicules - arrière,,,,,,,,,,,1,2,1,1,2
200800026729,0008-05-03 02:29:00,8,5,3,2,29,202,33,"sans, AV DE LA LIBERATIO",,,Nuit avec éclairage allumé,En agglomération,Hors intersection,Normale,Sans collision,,,,,,,,,,,5,2,1,1,7
200800026730,0008-05-06 18:30:00,8,5,6,18,30,202,37,"sans, TOUTES RUES",,,Plein jour,En agglomération,Hors intersection,Normale,Sans collision,,,,,,,,,,,1,2,1,1,7
200800026731,0008-05-13 13:05:00,8,5,13,13,5,202,33,"SANS, TOUTES RUES",,,Plein jour,Hors agglomération,Hors intersection,Pluie forte,Deux véhicules - frontale,,,,,,,,,,,1,1,1,3,1
200800026732,0008-05-13 16:45:00,8,5,13,16,45,202,120,"sans, TOUTES RUES",,,Plein jour,En agglomération,Hors intersection,Pluie forte,Deux véhicules - frontale,,,,,,,,,,,1,2,1,3,1
200800026733,0008-05-16 15:55:00,8,5,16,15,55,202,33,"sans, TUNNEL",,,Plein jour,En agglomération,Hors intersection,Normale,Deux véhicules - frontale,,,,,,,,,,,1,2,1,1,1
200800026734,0008-05-16 16:02:00,8,5,16,16,2,202,33,"sans, TUNNEL - PASSERELL",,,Plein jour,En agglomération,Hors intersection,Pluie légère,Trois véhicules et plus - en chaîne,,,,,,,,,,,1,2,1,2,4
200800026735,0008-05-17 19:32:00,8,5,17,19,32,202,37,"sans, TOUTES RUES",,,Nuit avec éclairage allumé,En agglomération,Hors intersection,Pluie légère,Deux véhicules - côté,,,,,,,,,,,5,2,1,2,3
200800026736,0008-05-22 12:07:00,8,5,22,12,7,202,33,"sans, CARDO - RT INFERIE",,,Plein jour,Hors agglomération,Hors intersection,Normale,Sans collision,,,,,,,,,,,1,1,1,1,7
200800026737,0008-05-22 14:53:00,8,5,22,14,53,202,33,"sans, VEZZANI - RUE CESA",,,Plein jour,En agglomération,Hors intersection,Normale,Deux véhicules - côté,,,,,,,,,,,1,2,1,1,3
200800026738,0008-05-26 15:00:00,8,5,26,15,0,202,37,"SANS, TOUTES RUES",,,Plein jour,Hors agglomération,Hors intersection,Normale,Deux véhicules - côté,,,,,,,,,,,1,1,1,1,3
200800026739,0008-05-29 22:37:00,8,5,29,22,37,202,33,"sans, MONTE PIANO -CHEMI",,,Nuit avec éclairage allumé,En agglomération,Hors intersection,Pluie légère,Sans collision,,,,,,,,,,,5,2,1,2,7
200800026740,0008-05-06 14:10:00,8,5,6,14,10,690,382,"12, QUAI PERRACHE",,,Plein jour,En agglomération,Intersection en T,Normale,Deux véhicules - côté,,,,,,,,,,,1,2,3,1,3
200800026741,0008-05-07 18:30:00,8,5,7,18,30,690,382,RUE SMITH,,,Plein jour,En agglomération,Intersection en X,Normale,Deux véhicules - côté,,,,,,,,,,,1,2,2,1,3
200800026742,0008-05-08 01:20:00,8,5,8,1,20,690,382,"9, QUAI TILSITT",,,Nuit avec éclairage allumé,En agglomération,Hors intersection,Normale,Deux véhicules - arrière,,,,,,,,,,,5,2,1,1,2
200800026743,0008-05-12 01:30:00,8,5,12,1,30,690,382,RUE BICHAT,,,Nuit avec éclairage allumé,En agglomération,Hors intersection,Normale,Autre collision,,,,,,,,,,,5,2,1,1,6
200800026744,0008-05-09 17:40:00,8,5,9,17,40,690,382,"00, QUAI PERRACHE",,,Plein jour,En agglomération,Intersection en X,Normale,Deux véhicules - côté,,,,,,,,,,,1,2,2,1,3
200800026745,0008-05-19 18:35:00,8,5,19,18,35,690,382,"7, QUAI JEAN MOULIN",,,Plein jour,En agglomération,Hors intersection,Normale,Deux véhicules - arrière,,,,,,,,,,,1,2,1,1,2
200800026746,0008-05-29 08:30:00,8,5,29,8,30,690,382,COURS DE VERDUN PERRACHE,,,Plein jour,En agglomération,Intersection en T,Pluie forte,Deux véhicules - côté,,,,,,,,,,,1,2,3,3,3
200800026747,0008-05-03 06:00:00,8,5,3,6,0,690,382,"28, RUE DE LA CHARITE",,,Crépuscule ou aube,En agglomération,Intersection en X,Normale,Deux véhicules - côté,,,,,,,,,,,2,2,2,1,3
200800026748,0008-05-30 08:50:00,8,5,30,8,50,690,382,"1, QUAI TILSITT",,,Plein jour,En agglomération,Hors intersection,Normale,Autre collision,,,,,,,,,,,1,2,1,1,6
200800026749,0008-05-01 23:40:00,8,5,1,23,40,590,636,ROUTE DEPARTEMENTALE 652,,,Nuit avec éclairage non allumé,Hors agglomération,Hors intersection,Pluie légère,Autre collision,,,,,,,,,,,4,1,1,2,6
200800026750,0008-05-02 10:45:00,8,5,2,10,45,620,351,AUTOROUTE A21,,,Plein jour,Hors agglomération,Hors intersection,Normale,Sans collision,,,,,,,,,,,1,1,1,1,7
200800026751,0008-05-02 11:00:00,8,5,2,11,0,590,271,AUTOROUTE A16,,,Plein jour,Hors agglomération,Hors intersection,Normale,Trois véhicules et plus - en chaîne,,,,,,,,,,,1,1,1,1,4
200800026752,0008-05-03 12:45:00,8,5,3,12,45,590,586,AUTOROUTE A23,,,Plein jour,Hors agglomération,Hors intersection,Normale,Sans collision,,,,,,,,,,,1,1,1,1,7
200800026753,0008-05-03 18:30:00,8,5,3,18,30,620,528,AUTOROUTE A21,,,Plein jour,Hors agglomération,Hors intersection,Normale,Trois véhicules et plus - en chaîne,,,,,,,,,,,1,1,1,1,4
200800026754,0008-05-04 13:27:00,8,5,4,13,27,590,124,AUTOROUTE A27,,,Plein jour,Hors agglomération,Hors intersection,Normale,Autre collision,,,,,,,,,,,1,1,1,1,6
200800026755,0008-05-06 01:05:00,8,5,6,1,5,590,560,AUTOROUTE A1,,,Nuit sans éclairage public,Hors agglomération,Hors intersection,Normale,Deux véhicules - arrière,,,,,,,,,,,3,1,1,1,2
200800026756,0008-05-06 07:40:00,8,5,6,7,40,590,508,AUTOROUTE A22,,,Plein jour,Hors agglomération,Hors intersection,Normale,Sans collision,,,,,,,,,,,1,1,1,1,7
200800026757,0008-05-06 09:15:00,8,5,6,9,15,590,378,AUTOROUTE A22,,,Plein jour,Hors agglomération,Hors intersection,Normale,Trois véhicules et plus - en chaîne,,,,,,,,,,,1,1,1,1,4
200800026758,0008-05-06 11:50:00,8,5,6,11,50,590,599,ROUTE DEPARTYEMENTALE 65,,,Plein jour,Hors agglomération,Hors intersection,Normale,Deux véhicules - côté,,,,,,,,,,,1,1,1,1,3
200800026759,0008-05-07 16:40:00,8,5,7,16,40,590,305,AUTOROUTE A25,,,Plein jour,Hors agglomération,Hors intersection,Normale,Sans collision,,,,,,,,,,,1,1,1,1,7
200800026760,0008-05-09 11:25:00,8,5,9,11,25,590,662,AUTOROUTE A25,,,Plein jour,Hors agglomération,Hors intersection,Normale,Trois véhicules et plus - en chaîne,,,,,,,,,,,1,1,1,1,4
200800026761,0008-05-09 11:26:00,8,5,9,11,26,590,662,AUTOROUTE A25,,,Plein jour,Hors agglomération,Hors intersection,Normale,Sans collision,,,,,,,,,,,1,1,1,1,7
200800026762,0008-05-10 09:50:00,8,5,10,9,50,590,491,AUTOROUTE A23,,,Plein jour,Hors agglomération,Hors intersection,Normale,Sans collision,,,,,,,,,,,1,1,1,1,7
200800026763,0008-05-10 16:35:00,8,5,10,16,35,620,907,AUTOROUTE A1,,,Plein jour,Hors agglomération,Hors intersection,Normale,Sans collision,,,,,,,,,,,1,1,1,1,7
200800026764,0008-05-11 13:15:00,8,5,11,13,15,590,343,AUTOROUTE A1,,,Plein jour,Hors agglomération,Hors intersection,Normale,Deux véhicules - arrière,,,,,,,,,,,1,1,1,1,2
200800026765,0008-05-12 19:25:00,8,5,12,19,25,590,43,AUTOROUTE A25,,,Plein jour,Hors agglomération,Hors intersection,Normale,Trois véhicules et plus - en chaîne,,,,,,,,,,,1,1,1,1,4
200800026766,0008-05-13 07:30:00,8,5,13,7,30,590,508,AUTOROUTE A22,,,Plein jour,Hors agglomération,Hors intersection,Normale,Autre collision,,,,,,,,,,,1,1,1,1,6
200800026767,0008-05-14 10:30:00,8,5,14,10,30,590,507,AUTOROUTE A1,,,Plein jour,Hors agglomération,Hors intersection,Normale,Autre collision,,,,,,,,,,,1,1,1,1,6
200800026768,0008-05-16 13:50:00,8,5,16,13,50,590,262,AUTOROUTE A25,,,Plein jour,Hors agglomération,Hors intersection,Normale,Sans collision,,,,,,,,,,,1,1,1,1,7
200800026769,0008-05-16 17:45:00,8,5,16,17,45,590,507,AUTOROUTE A1,,,Plein jour,Hors agglomération,Hors intersection,Normale,Deux véhicules - côté,,,,,,,,,,,1,1,1,1,3
200800026770,0008-05-17 07:45:00,8,5,17,7,45,590,350,AUTOROUTE A25,,,Plein jour,Hors agglomération,Hors intersection,Pluie légère,Autre collision,,,,,,,,,,,1,1,1,2,6
200800026771,0008-05-17 09:45:00,8,5,17,9,45,590,646,ROUTE DEPARTEMENTALE 656,,,Plein jour,Hors agglomération,Hors intersection,Pluie forte,Autre collision,,,,,,,,,,,1,1,1,3,6
200800026772,0008-05-17 09:30:00,8,5,17,9,30,590,350,AUTOROUTE A1,,,Plein jour,Hors agglomération,Hors intersection,Pluie légère,Autre collision,,,,,,,,,,,1,1,1,2,6
200800026773,0008-05-17 16:30:00,8,5,17,16,30,590,378,AUTOROUTE A22,,,Plein jour,Hors agglomération,Hors intersection,Pluie légère,Autre collision,,,,,,,,,,,1,1,1,2,6
200800026774,0008-05-18 00:30:00,8,5,18,0,30,590,196,AUTOROUTE A25,,,Nuit sans éclairage public,Hors agglomération,Hors intersection,Pluie légère,Trois véhicules et plus - collisions multiples,,,,,,,,,,,3,1,1,2,5
200800026775,0008-05-18 21:30:00,8,5,18,21,30,620,193,AUTOROUTE A16,,,Nuit sans éclairage public,Hors agglomération,Hors intersection,Normale,Trois véhicules et plus - collisions multiples,,,,,,,,,,,3,1,1,1,5
200800026776,0008-05-19 20:35:00,8,5,19,20,35,590,350,ROUTE NATIONALE 351,,,Crépuscule ou aube,Hors agglomération,Hors intersection,Normale,Sans collision,,,,,,,,,,,2,1,1,1,7
200800026777,0008-05-20 08:30:00,8,5,20,8,30,590,143,AUTOROUTE A25,,,Plein jour,Hors agglomération,Hors intersection,Normale,Sans collision,,,,,,,,,,,1,1,1,1,7
200800026778,0008-05-22 06:40:00,8,5,22,6,40,590,665,AUTOROUTE A25,,,Plein jour,Hors agglomération,Hors intersection,Normale,Autre collision,,,,,,,,,,,1,1,1,1,6
200800026779,0008-05-23 11:50:00,8,5,23,11,50,590,507,AUTOROUTE A1,,,Plein jour,Hors agglomération,Hors intersection,Normale,Sans collision,,,,,,,,,,,1,1,1,1,7
200800026780,0008-05-24 03:45:00,8,5,24,3,45,590,507,AUTOROUTE A22,,,Plein jour,Hors agglomération,Hors intersection,Normale,Autre collision,,,,,,,,,,,1,1,1,1,6
200800026781,0008-05-24 14:00:00,8,5,24,14,0,590,556,AUTOROUTE A25,,,Plein jour,Hors agglomération,Hors intersection,Normale,Autre collision,,,,,,,,,,,1,1,1,1,6
200800026782,0008-05-24 22:40:00,8,5,24,22,40,620,637,AUTOROUTE A1,,,Nuit avec éclairage allumé,Hors agglomération,Hors intersection,Pluie légère,Autre collision,,,,,,,,,,,5,1,1,2,6
200800026783,0008-05-24 23:40:00,8,5,24,23,40,590,343,AUTOROUTE A22,,,Nuit sans éclairage public,Hors agglomération,Hors intersection,Pluie légère,Autre collision,,,,,,,,,,,3,1,1,2,6
200800026784,0008-05-25 00:01:00,8,5,25,0,1,620,587,AUTOROUTE A21,,,Nuit sans éclairage public,Hors agglomération,Hors intersection,Pluie légère,Autre collision,,,,,,,,,,,3,1,1,2,6
200800026785,0008-05-27 06:15:00,8,5,27,6,15,620,186,AUTOROUTE A21,,,Plein jour,Hors agglomération,Hors intersection,Normale,Trois véhicules et plus - en chaîne,,,,,,,,,,,1,1,1,1,4
200800026786,0008-05-27 22:55:00,8,5,27,22,55,590,313,AUTOROUTE A2,,,Nuit sans éclairage public,Hors agglomération,Hors intersection,Normale,Autre collision,,,,,,,,,,,3,1,1,1,6
200800026787,0008-05-28 17:55:00,8,5,28,17,55,590,507,AUTOROUTE A1,,,Plein jour,Hors agglomération,Hors intersection,Normale,Trois véhicules et plus - collisions multiples,,,,,,,,,,,1,1,1,1,5
200800026788,0008-05-28 20:15:00,8,5,28,20,15,590,609,AUTOROUTE A1,,,Plein jour,Hors agglomération,Hors intersection,Normale,Deux véhicules - côté,,,,,,,,,,,1,1,1,1,3
200800026789,0008-05-29 17:15:00,8,5,29,17,15,590,350,ROUTE NATIONALE 351,,,Plein jour,Hors agglomération,Hors intersection,Pluie légère,Deux véhicules - arrière,,,,,,,,,,,1,1,1,2,2
200800026790,0008-05-30 16:55:00,8,5,30,16,55,590,603,AUTOROUTE A2,,,Plein jour,Hors agglomération,Hors intersection,Normale,Trois véhicules et plus - en chaîne,,,,,,,,,,,1,1,1,1,4
200800026791,0008-05-03 14:10:00,8,5,3,14,10,690,383,"75, COURS RICHARD VITTON",,,Plein jour,En agglomération,Hors intersection,Normale,Autre collision,,,,,,,,,,,1,2,1,1,6
200800026792,0008-05-10 16:40:00,8,5,10,16,40,690,386,RUE DE SEZE,,,Plein jour,En agglomération,Intersection en X,Normale,Deux véhicules - côté,,,,,,,,,,,1,2,2,1,3
200800026793,0008-05-07 15:00:00,8,5,7,15,0,690,386,"0, PONT DE LATTRE DE TAS",,,Plein jour,En agglomération,Hors intersection,Normale,Deux véhicules - côté,,,,,,,,,,,1,2,1,1,3
200800026794,0008-05-09 16:30:00,8,5,9,16,30,690,386,RUE VAUBAN,,,Plein jour,En agglomération,Intersection en X,Normale,Autre collision,,,,,,,,,,,1,2,2,1,6
200800026795,0008-05-10 20:45:00,8,5,10,20,45,690,383,"0, AVENUE LACASSAGNE",,,Plein jour,En agglomération,Intersection en X,Normale,Deux véhicules - côté,,,,,,,,,,,1,2,2,1,3
200800026796,0008-05-14 15:15:00,8,5,14,15,15,690,383,RUE DUNOIR,,,Plein jour,En agglomération,Intersection en X,Normale,Autre collision,,,,,,,,,,,1,2,2,1,6
200800026797,0008-05-15 08:50:00,8,5,15,8,50,690,383,"0, RUE SAINT VICTORIEN",,,Plein jour,En agglomération,Intersection en X,Pluie légère,Deux véhicules - côté,,,,,,,,,,,1,2,2,2,3
200800026798,0008-05-16 07:45:00,8,5,16,7,45,690,383,RUE SAINT MAXIMIN,,,Plein jour,En agglomération,Intersection en X,Normale,Deux véhicules - côté,,,,,,,,,,,1,2,2,1,3
200800026799,0008-05-01 12:15:00,8,5,1,12,15,690,383,"12, PLACE BIR HAKEIM",,,Plein jour,En agglomération,Hors intersection,Normale,Autre collision,,,,,,,,,,,1,2,1,1,6
200800026800,0008-05-19 18:10:00,8,5,19,18,10,690,386,RUE TRONCHET,,,Plein jour,Hors agglomération,Intersection en X,Normale,Deux véhicules - côté,,,,,,,,,,,1,1,2,1,3
200800026801,0008-05-16 10:10:00,8,5,16,10,10,690,383,"2 bis, RUE DU DAUPHINE",,,Plein jour,En agglomération,Hors intersection,Normale,Deux véhicules - côté,,,,,,,,,,,1,2,1,1,3
200800026802,0008-05-18 15:50:00,8,5,18,15,50,690,386,RUE FELIX JACQUIER,,,Plein jour,En agglomération,Intersection en X,Normale,Deux véhicules - arrière,,,,,,,,,,,1,2,2,1,2
200800026803,0008-05-23 12:15:00,8,5,23,12,15,690,383,"0, COURS LAFAYETTE",,,Plein jour,En agglomération,Intersection en X,Normale,Deux véhicules - côté,,,,,,,,,,,1,2,2,1,3
200800026804,0008-05-17 17:00:00,8,5,17,17,0,690,383,"26, RUE CLOS SUIPHON",,,Plein jour,En agglomération,Hors intersection,Normale,Autre collision,,,,,,,,,,,1,2,1,1,6
200800026805,0008-05-22 08:15:00,8,5,22,8,15,690,383,"74, RUE DE BONNEL",,,Plein jour,En agglomération,Hors intersection,Normale,Deux véhicules - arrière,,,,,,,,,,,1,2,1,1,2
200800026806,0008-05-22 10:02:00,8,5,22,10,2,690,383,RUE CLAUDIUS PIONCHON,,,Plein jour,En agglomération,Hors intersection,Normale,Autre collision,,,,,,,,,,,1,2,1,1,6
200800026807,0008-05-28 09:00:00,8,5,28,9,0,690,383,RUE DOCTEUR BOUCHUT,,,Plein jour,En agglomération,Intersection en X,Normale,Autre collision,,,,,,,,,,,1,2,2,1,6
200800026808,0008-05-30 16:00:00,8,5,30,16,0,690,383,"312, RUE PAUL BERT",,,Plein jour,En agglomération,Hors intersection,Pluie forte,Autre collision,,,,,,,,,,,1,2,1,3,6
200800026809,0008-05-05 11:40:00,8,5,5,11,40,690,384,"74, RUE HENON",,,Plein jour,En agglomération,Intersection en T,Normale,Deux véhicules - côté,,,,,,,,,,,1,2,3,1,3
200800026810,0008-05-23 17:45:00,8,5,23,17,45,690,384,"12, RUE PAILLERON",,,Plein jour,En agglomération,Hors intersection,Normale,Autre collision,,,,,,,,,,,1,2,1,1,6
200800026811,0008-05-04 06:05:00,8,5,4,6,5,330,192,ROCADE A 630,,,Nuit avec éclairage allumé,Hors agglomération,Hors intersection,Normale,Deux véhicules - arrière,,,,,,,,,,,5,1,1,1,2
200800026812,0008-05-05 00:10:00,8,5,5,0,10,330,249,ROCADE A 630,,,Nuit avec éclairage allumé,Hors agglomération,Hors intersection,Pluie légère,Autre collision,,,,,,,,,,,5,1,1,2,6
200800026813,0008-05-09 16:00:00,8,5,9,16,0,330,167,ROUTE NATIONALE 230,,,Plein jour,Hors agglomération,Hors intersection,Normale,Deux véhicules - côté,,,,,,,,,,,1,1,1,1,3
200800026814,0008-05-12 13:30:00,8,5,12,13,30,330,474,AUTOROUTE A 62,,,Plein jour,Hors agglomération,Hors intersection,Normale,Autre collision,,,,,,,,,,,1,1,1,1,6
200800026815,0008-05-12 17:05:00,8,5,12,17,5,330,23,AUTOROUTE A 62,,,Plein jour,Hors agglomération,Hors intersection,Normale,Autre collision,,,,,,,,,,,1,1,1,1,6
200800026816,0008-05-12 20:55:00,8,5,12,20,55,330,192,ROCADE A 630,,,Plein jour,Hors agglomération,Hors intersection,Pluie légère,Sans collision,,,,,,,,,,,1,1,1,2,7
200800026817,0008-05-14 12:30:00,8,5,14,12,30,330,550,ROCADE A 630,,,Plein jour,Hors agglomération,Hors intersection,Pluie forte,Autre collision,,,,,,,,,,,1,1,1,3,6
200800026818,0008-05-14 13:55:00,8,5,14,13,55,330,249,ROUTE NATIONALE 230,,,Plein jour,Hors agglomération,Hors intersection,Pluie légère,Autre collision,,,,,,,,,,,1,1,1,2,6
200800026819,0008-05-15 16:20:00,8,5,15,16,20,330,119,ROUTE NATIONALE 230,,,Plein jour,Hors agglomération,Hors intersection,Normale,Deux véhicules - arrière,,,,,,,,,,,1,1,1,1,2
200800026820,0008-05-16 08:35:00,8,5,16,8,35,330,318,ROCADE A 630,,,Plein jour,Hors agglomération,Hors intersection,Pluie légère,Sans collision,,,,,,,,,,,1,1,1,2,7
200800026821,0008-05-16 13:00:00,8,5,16,13,0,330,249,ROUTE NATIONALE 230,,,Plein jour,Hors agglomération,Hors intersection,Pluie légère,Sans collision,,,,,,,,,,,1,1,1,2,7
200800026822,0008-05-16 13:25:00,8,5,16,13,25,330,249,ROCADE A 630,,,Plein jour,Hors agglomération,Hors intersection,Pluie légère,Autre collision,,,,,,,,,,,1,1,1,2,6
200800026823,0008-05-16 13:55:00,8,5,16,13,55,330,39,ROCADE A 631,,,Plein jour,Hors agglomération,Hors intersection,Temps couvert,Deux véhicules - côté,,,,,,,,,,,1,1,1,8,3
200800026824,0008-05-23 08:20:00,8,5,23,8,20,330,318,AUTOROUTE A 63,,,Plein jour,Hors agglomération,Hors intersection,Pluie forte,Autre collision,,,,,,,,,,,1,1,1,3,6
200800026825,0008-05-29 05:32:00,8,5,29,5,32,330,162,ROCADE A 630,,,Nuit avec éclairage allumé,Hors agglomération,Hors intersection,Pluie légère,Autre collision,,,,,,,,,,,5,1,1,2,6
200800026826,0008-05-26 16:00:00,8,5,26,16,0,330,318,ROCADE A 630,,,Plein jour,Hors agglomération,Hors intersection,Normale,Autre collision,,,,,,,,,,,1,1,1,1,6
200800026827,0008-05-29 11:40:00,8,5,29,11,40,330,167,ROUTE NATIONALE 230,,,Plein jour,Hors agglomération,Hors intersection,Normale,Deux véhicules - côté,,,,,,,,,,,1,1,1,1,3
200800026828,0008-05-30 00:05:00,8,5,30,0,5,690,385,"04, AVENUE DEBROUSSE",,,Nuit avec éclairage allumé,En agglomération,Hors intersection,Pluie légère,Autre collision,,,,,,,,,,,5,2,1,2,6
200800026829,0008-05-30 20:45:00,8,5,30,20,45,690,389,"18, RUE CHARLES PORCHER",,,Plein jour,En agglomération,Hors intersection,Normale,Deux véhicules - côté,,,,,,,,,,,1,2,1,1,3