accident_id,datetime,annee,mois,jour,heure,minute,departement,commune_insee,adresse,latitude,longitude,luminosite,agglomeration,intersection,meteo,collision,nb_vehicules,nb_usagers,nb_indemnes,nb_tues,nb_blesses_hosp,nb_blesses_legers,age_cond_1,age_cond_2,veh_type_cond_1,veh_type_cond_2,lum_code,agg_code,int_code,atm_code,col_code
200800026830,0008-05-02 22:03:00,8,5,2,22,3,540,571,Autoroute A 33,,,Nuit sans éclairage public,Hors agglomération,Hors intersection,Normale,Trois véhicules et plus - collisions multiples,,,,,,,,,,,3,1,1,1,5
200800026831,0008-05-08 13:45:00,8,5,8,13,45,540,312,Autoroute A 31,,,Plein jour,Hors agglomération,Hors intersection,Temps éblouissant,Autre collision,,,,,,,,,,,1,1,1,7,6
200800026832,0008-05-02 17:10:00,8,5,2,17,10,540,328,Autoroute A 33,,,Plein jour,Hors agglomération,Hors intersection,Normale,Deux véhicules - côté,,,,,,,,,,,1,1,1,1,3
200800026833,0008-05-13 17:54:00,8,5,13,17,54,570,666,Autoroute A31,,,Plein jour,Hors agglomération,Hors intersection,Normale,Deux véhicules - arrière,,,,,,,,,,,1,1,1,1,2
200800026834,0008-05-09 10:20:00,8,5,9,10,20,690,387,"168, RUE MARCEL MERIEUX",,,Plein jour,En agglomération,Intersection en T,Normale,Autre collision,,,,,,,,,,,1,2,3,1,6
200800026835,0008-05-09 10:27:00,8,5,9,10,27,690,387,COURS GAMBETTA,,,Plein jour,En agglomération,Intersection en X,Normale,Trois véhicules et plus - en chaîne,,,,,,,,,,,1,2,2,1,4
200800026836,0008-05-09 11:25:00,8,5,9,11,25,690,387,AVENUE BERTHELOT,,,Plein jour,En agglomération,Hors intersection,Normale,Autre collision,,,,,,,,,,,1,2,1,1,6
200800026837,0008-05-10 22:30:00,8,5,10,22,30,690,387,"120, RUE CHALLEMEL LACOU",,,Nuit avec éclairage allumé,En agglomération,Hors intersection,Normale,Autre collision,,,,,,,,,,,5,2,1,1,6
200800026838,0008-05-10 13:40:00,8,5,10,13,40,690,387,"136, BOULEVARD YVES FARG",,,Plein jour,En agglomération,Intersection en T,Normale,Deux véhicules - côté,,,,,,,,,,,1,2,3,1,3
200800026839,0008-05-26 04:15:00,8,5,26,4,15,690,387,"18, QUAI CLAUDE BERNARD",,,Nuit avec éclairage allumé,En agglomération,Hors intersection,Normale,Deux véhicules - arrière,,,,,,,,,,,5,2,1,1,2
200800026840,0008-05-21 17:34:00,8,5,21,17,34,690,387,RUE DE LA MADELEINE,,,Plein jour,En agglomération,Intersection en X,Normale,Deux véhicules - côté,,,,,,,,,,,1,2,2,1,3
200800026841,0008-05-17 23:40:00,8,5,17,23,40,690,387,"82, AVENUE DEBOURG",,,Nuit avec éclairage allumé,En agglomération,Hors intersection,Normale,Autre collision,,,,,,,,,,,5,2,1,1,6
200800026842,0008-05-29 11:30:00,8,5,29,11,30,690,387,"50, AVENUE TONY GARNIER",,,Plein jour,En agglomération,Autre intersection,Normale,Trois véhicules et plus - collisions multiples,,,,,,,,,,,1,2,9,1,5
200800026843,0008-05-22 08:45:00,8,5,22,8,45,690,387,BOULEVARD DES TCHECOSLOV,,,Plein jour,En agglomération,Hors intersection,Normale,Sans collision,,,,,,,,,,,1,2,1,1,7
200800026844,0008-05-11 18:10:00,8,5,11,18,10,690,388,AVENUE PAUL SANTY,,,Plein jour,En agglomération,Hors intersection,Normale,Autre collision,,,,,,,,,,,1,2,1,1,6
200800026845,0008-05-10 09:40:00,8,5,10,9,40,690,388,"42, AVENUE DE PRESSENSE",,,Plein jour,En agglomération,Hors intersection,Normale,Autre collision,,,,,,,,,,,1,2,1,1,6
200800026846,0008-05-13 19:00:00,8,5,13,19,0,690,388,"00, RUE PAUL CAZENEUVE",,,Plein jour,En agglomération,Hors intersection,Normale,Autre collision,,,,,,,,,,,1,2,1,1,6
200800026847,0008-05-16 16:40:00,8,5,16,16,40,690,388,"31, BOULEVARD JEAN XXIII",,,Plein jour,En agglomération,Hors intersection,Normale,Autre collision,,,,,,,,,,,1,2,1,1,6
200800026848,0008-05-21 09:00:00,8,5,21,9,0,690,388,"9, RUE ANTOINE LUMIERE",,,Plein jour,En agglomération,Hors intersection,Normale,Sans collision,,,,,,,,,,,1,2,1,1,7
200800026849,0008-05-24 21:30:00,8,5,24,21,30,690,388,"16, RUE DU MOULIN A VENT",,,Nuit avec éclairage allumé,En agglomération,Hors intersection,Normale,Autre collision,,,,,,,,,,,5,2,1,1,6
200800026850,0008-05-30 15:10:00,8,5,30,15,10,690,388,"244, BOULEVARD PINEL",,,Plein jour,En agglomération,Hors intersection,Normale,Deux véhicules - arrière,,,,,,,,,,,1,2,1,1,2
200800026851,0008-05-31 21:35:00,8,5,31,21,35,690,388,BOULEVARD JEAN XXIII,,,Nuit avec éclairage allumé,En agglomération,Intersection en X,Pluie légère,Deux véhicules - côté,,,,,,,,,,,5,2,2,2,3
200800026852,0008-05-08 08:20:00,8,5,8,8,20,420,97,A72,,,Plein jour,Hors agglomération,Hors intersection,Normale,Sans collision,,,,,,,,,,,1,1,1,1,7
200800026853,0008-05-10 12:05:00,8,5,10,12,5,420,97,A72,,,Plein jour,Hors agglomération,Hors intersection,Normale,Deux véhicules - côté,,,,,,,,,,,1,1,1,1,3
200800026854,0008-05-20 17:38:00,8,5,20,17,38,420,183,RN88,,,Plein jour,Hors agglomération,Hors intersection,Temps éblouissant,Autre collision,,,,,,,,,,,1,1,1,7,6
200800026855,0008-05-29 19:20:00,8,5,29,19,20,420,186,A47,,,Plein jour,Hors agglomération,Hors intersection,Pluie légère,Deux véhicules - côté,,,,,,,,,,,1,1,1,2,3
200800026856,0008-05-06 13:15:00,8,5,6,13,15,690,259,RD383   11.0044 A 11.460,,,Plein jour,Hors agglomération,Hors intersection,Normale,Deux véhicules - côté,,,,,,,,,,,1,1,1,1,3
200800026857,0008-05-07 09:30:00,8,5,7,9,30,690,297,A7   15.770 A 20.110,,,Plein jour,Hors agglomération,Hors intersection,Normale,Deux véhicules - côté,,,,,,,,,,,1,1,1,1,3
200800026858,0008-05-14 08:00:00,8,5,14,8,0,690,259,BUS (RD301)  2.800 A 4.4,,,Plein jour,Hors agglomération,Hors intersection,Normale,Deux véhicules - côté,,,,,,,,,,,1,1,1,1,3
200800026859,0008-05-16 15:00:00,8,5,16,15,0,690,5,A46N   0.000 A 2.930,,,Plein jour,Hors agglomération,Hors intersection,Normale,Sans collision,,,,,,,,,,,1,1,1,1,7
200800026860,0008-05-16 17:00:00,8,5,16,17,0,690,152,A450   0.000 A 1.090,,,Plein jour,Hors agglomération,Hors intersection,Normale,Autre collision,,,,,,,,,,,1,1,1,1,6
200800026861,0008-05-17 12:30:00,8,5,17,12,30,690,290,RN346   38.960 A 40.883,,,Plein jour,Hors agglomération,Hors intersection,Pluie légère,Autre collision,,,,,,,,,,,1,1,1,2,6
200800026862,0008-05-17 12:20:00,8,5,17,12,20,690,29,RD383   7.640 A 11.044,,,Plein jour,Hors agglomération,Hors intersection,Pluie légère,Autre collision,,,,,,,,,,,1,1,1,2,6
200800026863,0008-05-17 12:50:00,8,5,17,12,50,380,449,A43   18.875 A 21.100,,,Plein jour,Hors agglomération,Hors intersection,Pluie légère,Deux véhicules - arrière,,,,,,,,,,,1,1,1,2,2
200800026864,0008-05-18 07:45:00,8,5,18,7,45,690,290,A43   3.865 A 9.894,,,Plein jour,Hors agglomération,Hors intersection,Pluie légère,Deux véhicules - arrière,,,,,,,,,,,1,1,1,2,2
200800026865,0008-05-20 19:00:00,8,5,20,19,0,690,122,A6   433.690 A 435.100,,,Plein jour,Hors agglomération,Hors intersection,Normale,Sans collision,,,,,,,,,,,1,1,1,1,7
200800026866,0008-05-21 14:45:00,8,5,21,14,45,690,235,A7   27.460 A 28.860,,,Plein jour,Hors agglomération,Hors intersection,Normale,Autre collision,,,,,,,,,,,1,1,1,1,6
200800026867,0008-05-23 13:40:00,8,5,23,13,40,380,87,A7   20.110 A 22.950,,,Plein jour,Hors agglomération,Hors intersection,Normale,Deux véhicules - arrière,,,,,,,,,,,1,1,1,1,2
200800026868,0008-05-24 16:20:00,8,5,24,16,20,10,249,A42     5.760 A 6.180,,,Plein jour,Hors agglomération,Hors intersection,Normale,Sans collision,,,,,,,,,,,1,1,1,1,7
200800026869,0008-05-24 17:00:00,8,5,24,17,0,690,81,BPNL   34.000 A 34.614,,,Nuit avec éclairage allumé,Hors agglomération,Hors intersection,Normale,Deux véhicules - côté,,,,,,,,,,,5,1,1,1,3
200800026870,0008-05-25 12:00:00,8,5,25,12,0,690,199,RD383   14.250 A 18.000,,,Plein jour,Hors agglomération,Hors intersection,Normale,Autre collision,,,,,,,,,,,1,1,1,1,6
200800026871,0008-05-27 07:40:00,8,5,27,7,40,690,288,A43   13.029 A 15.971,,,Plein jour,Hors agglomération,Hors intersection,Pluie légère,Sans collision,,,,,,,,,,,1,1,1,2,7
200800026872,0008-05-29 09:20:00,8,5,29,9,20,690,382,A7   0.000 A 2.278,,,Plein jour,Hors agglomération,Hors intersection,Pluie légère,Deux véhicules - arrière,,,,,,,,,,,1,1,1,2,2
200800026873,0008-05-30 20:25:00,8,5,30,20,25,690,29,RD383   7.640 A 11.044,,,Plein jour,Hors agglomération,Hors intersection,Pluie légère,Deux véhicules - côté,,,,,,,,,,,1,1,1,2,3
200800026874,0008-05-30 21:25:00,8,5,30,21,25,690,34,RD383   0.000 A 1.165,,,Nuit avec éclairage allumé,Hors agglomération,Hors intersection,Pluie légère,Autre collision,,,,,,,,,,,5,1,1,2,6
200800026875,0008-05-03 21:55:00,8,5,3,21,55,690,389,"0, AVENUE SIDOINE APOLLI",,,Nuit avec éclairage allumé,En agglomération,Intersection en X,Normale,Deux véhicules - côté,,,,,,,,,,,5,2,2,1,3
200800026876,0008-05-02 23:05:00,8,5,2,23,5,690,389,"0, BOULEVARD DE LA DUCHE",,,Nuit avec éclairage allumé,En agglomération,Hors intersection,Normale,Deux véhicules - arrière,,,,,,,,,,,5,2,1,1,2
200800026877,0008-05-06 12:35:00,8,5,6,12,35,690,389,"43, RUE PROFESSEUR PATEL",,,Plein jour,En agglomération,Hors intersection,Normale,Autre collision,,,,,,,,,,,1,2,1,1,6
200800026878,0008-05-12 12:55:00,8,5,12,12,55,690,389,"12, QUAI JAYR",,,Plein jour,En agglomération,Hors intersection,Normale,Deux véhicules - côté,,,,,,,,,,,1,2,1,1,3
200800026879,0008-05-15 09:35:00,8,5,15,9,35,690,389,"94, RUE PIERRE AUDRY",,,Plein jour,En agglomération,Intersection en T,Pluie légère,Deux véhicules - côté,,,,,,,,,,,1,2,3,2,3
200800026880,0008-05-20 15:30:00,8,5,20,15,30,690,389,"20, RUE DE LA FRATERNELL",,,Plein jour,En agglomération,Hors intersection,Normale,Deux véhicules - côté,,,,,,,,,,,1,2,1,1,3
200800026881,0008-05-22 18:10:00,8,5,22,18,10,690,389,"9, RUE ROQUETTE",,,Plein jour,En agglomération,Hors intersection,Normale,Deux véhicules - côté,,,,,,,,,,,1,2,1,1,3
200800026882,0008-05-22 19:35:00,8,5,22,19,35,690,389,"49, QUAI PAUL SEDALLIAN",,,Plein jour,En agglomération,Hors intersection,Normale,Deux véhicules - côté,,,,,,,,,,,1,2,1,1,3
200800026883,0008-05-30 13:40:00,8,5,30,13,40,690,389,"71, AVENUE DU 25E REGIME",,,Plein jour,En agglomération,Hors intersection,Normale,Deux véhicules - côté,,,,,,,,,,,1,2,1,1,3
200800026884,0008-05-10 01:05:00,8,5,10,1,5,830,144,A57,,,Nuit sans éclairage public,Hors agglomération,Hors intersection,Normale,Sans collision,,,,,,,,,,,3,1,1,1,7
200800026885,0008-05-02 22:15:00,8,5,2,22,15,130,5,A52-Sens Toulon vers Pon,,,Nuit sans éclairage public,Hors agglomération,Hors intersection,Normale,Sans collision,,,,,,,,,,,3,1,1,1,7
200800026886,0008-05-02 23:30:00,8,5,2,23,30,130,5,A50-Sens Marseille vers,,,Nuit sans éclairage public,Hors agglomération,Hors intersection,Normale,Deux véhicules - côté,,,,,,,,,,,3,1,1,1,3
200800026887,0008-05-03 06:50:00,8,5,3,6,50,130,88,A55-Sens Marseille vers,,,Plein jour,Hors agglomération,Hors intersection,Normale,Autre collision,,,,,,,,,,,1,1,1,1,6
200800026888,0008-05-04 09:10:00,8,5,4,9,10,130,71,A7-Sens Lyon vers Marsei,,,Plein jour,Hors agglomération,Hors intersection,Normale,Deux véhicules - arrière,,,,,,,,,,,1,1,1,1,2
200800026889,0008-05-06 08:45:00,8,5,6,8,45,130,5,A50-Sens Marseille vers,,,Plein jour,Hors agglomération,Hors intersection,Pluie légère,Autre collision,,,,,,,,,,,1,1,1,2,6
200800026890,0008-05-06 08:50:00,8,5,6,8,50,130,215,A7-Sens Marseille vers L,,,Plein jour,Hors agglomération,Hors intersection,Normale,Deux véhicules - arrière,,,,,,,,,,,1,1,1,1,2
200800026891,0008-05-06 09:10:00,8,5,6,9,10,130,215,A55-Sens Martigues vers,,,Plein jour,Hors agglomération,Hors intersection,Pluie légère,Deux véhicules - côté,,,,,,,,,,,1,1,1,2,3
200800026892,0008-05-07 17:05:00,8,5,7,17,5,130,216,A55-Sens Martigues vers,,,Plein jour,Hors agglomération,Hors intersection,Normale,Autre collision,,,,,,,,,,,1,1,1,1,6
200800026893,0008-05-07 18:20:00,8,5,7,18,20,130,215,A55-Sens Marseille vers,,,Plein jour,Hors agglomération,Hors intersection,Normale,Autre collision,,,,,,,,,,,1,1,1,1,6
200800026894,0008-05-08 06:45:00,8,5,8,6,45,130,211,A50-Sens Aubagne vers Ma,,,Plein jour,Hors agglomération,Hors intersection,Normale,Autre collision,,,,,,,,,,,1,1,1,1,6
200800026895,0008-05-08 22:38:00,8,5,8,22,38,130,56,A55-Sens Marseille vers,,,Nuit sans éclairage public,Hors agglomération,Hors intersection,Normale,Deux véhicules - arrière,,,,,,,,,,,3,1,1,1,2
200800026896,0008-05-09 07:30:00,8,5,9,7,30,130,211,A50-Sens Marseille vers,,,Plein jour,Hors agglomération,Hors intersection,Normale,Autre collision,,,,,,,,,,,1,1,1,1,6
200800026897,0008-05-13 07:10:00,8,5,13,7,10,130,207,Tunnel Prado Carénage,,,Plein jour,Hors agglomération,Hors intersection,Normale,Deux véhicules - côté,,,,,,,,,,,1,1,1,1,3
200800026898,0008-05-13 08:58:00,8,5,13,8,58,130,71,A7-Sens Lyon vers Marsei,,,Plein jour,Hors agglomération,Hors intersection,Normale,Trois véhicules et plus - collisions multiples,,,,,,,,,,,1,1,1,1,5
200800026899,0008-05-13 09:30:00,8,5,13,9,30,130,71,A51-Sens Aix en Provence,,,Plein jour,Hors agglomération,Hors intersection,Normale,Sans collision,,,,,,,,,,,1,1,1,1,7
200800026900,0008-05-13 16:51:00,8,5,13,16,51,130,214,A7-Sens Lyon vers Marsei,,,Plein jour,Hors agglomération,Hors intersection,Normale,Trois véhicules et plus - en chaîne,,,,,,,,,,,1,1,1,1,4
200800026901,0008-05-14 17:45:00,8,5,14,17,45,130,43,A55-Sens Marseille vers,,,Plein jour,Hors agglomération,Hors intersection,Normale,Autre collision,,,,,,,,,,,1,1,1,1,6
200800026902,0008-05-15 08:55:00,8,5,15,8,55,130,117,A7-Sens Lyon vers Marsei,,,Plein jour,Hors agglomération,Hors intersection,Normale,Trois véhicules et plus - en chaîne,,,,,,,,,,,1,1,1,1,4
200800026903,0008-05-16 17:20:00,8,5,16,17,20,130,56,A55-Sens Martigues vers,,,Plein jour,Hors agglomération,Hors intersection,Temps couvert,Sans collision,,,,,,,,,,,1,1,1,8,7
200800026904,0008-05-16 19:45:00,8,5,16,19,45,130,214,A7-Sens Lyon vers Marsei,,,Plein jour,Hors agglomération,Hors intersection,Normale,Trois véhicules et plus - en chaîne,,,,,,,,,,,1,1,1,1,4
200800026905,0008-05-17 19:50:00,8,5,17,19,50,130,85,A50-Sens Toulon vers Aub,,,Plein jour,Hors agglomération,Hors intersection,Normale,Deux véhicules - côté,,,,,,,,,,,1,1,1,1,3
200800026906,0008-05-17 23:45:00,8,5,17,23,45,130,15,A51-Sens Aix en Provence,,,Nuit sans éclairage public,Hors agglomération,Hors intersection,Pluie forte,Trois véhicules et plus - en chaîne,,,,,,,,,,,3,1,1,3,4
200800026907,0008-05-18 03:30:00,8,5,18,3,30,130,5,A501-Sens Aubagne vers P,,,Nuit sans éclairage public,Hors agglomération,Autre intersection,Pluie forte,Autre collision,,,,,,,,,,,3,1,9,3,6
200800026908,0008-05-18 06:07:00,8,5,18,6,7,130,1,A51-Sens Aix en Provence,,,Plein jour,Hors agglomération,Hors intersection,Brouillard / fumée,Autre collision,,,,,,,,,,,1,1,1,5,6
200800026909,0008-05-18 08:00:00,8,5,18,8,0,130,106,A51-Sens Aix en Provence,,,Plein jour,Hors agglomération,Hors intersection,Normale,Autre collision,,,,,,,,,,,1,1,1,1,6
200800026910,0008-05-29 17:15:00,8,5,29,17,15,130,202,A55-Sens Martigues vers,,,Plein jour,Hors agglomération,Hors intersection,Normale,Deux véhicules - arrière,,,,,,,,,,,1,1,1,1,2
200800026911,0008-05-20 17:15:00,8,5,20,17,15,130,202,A55-Sens Martigues vers,,,Plein jour,Hors agglomération,Hors intersection,Normale,Trois véhicules et plus - en chaîne,,,,,,,,,,,1,1,1,1,4
200800026912,0008-05-21 17:30:00,8,5,21,17,30,130,33,A55-Sens Martigues vers,,,Plein jour,Hors agglomération,Hors intersection,Normale,Sans collision,,,,,,,,,,,1,1,1,1,7
200800026913,0008-05-22 07:00:00,8,5,22,7,0,130,5,A50-Sens Marseille vers,,,Plein jour,Hors agglomération,Hors intersection,Normale,Sans collision,,,,,,,,,,,1,1,1,1,7
200800026914,0008-05-23 06:30:00,8,5,23,6,30,130,85,A50-Sens Toulon vers Aub,,,Crépuscule ou aube,Hors agglomération,Hors intersection,Normale,Autre collision,,,,,,,,,,,2,1,1,1,6
200800026915,0008-05-23 17:00:00,8,5,23,17,0,130,211,A50-Sens Aubagne vers Ma,,,Plein jour,Hors agglomération,Hors intersection,Normale,Deux véhicules - arrière,,,,,,,,,,,1,1,1,1,2
200800026916,0008-05-25 15:30:00,8,5,25,15,30,130,71,A55 - Sens Marseille ver,,,Plein jour,Hors agglomération,Hors intersection,Normale,Autre collision,,,,,,,,,,,1,1,1,1,6
200800026917,0008-05-25 12:05:00,8,5,25,12,5,130,117,A7-Sens Lyon vers Marsei,,,Plein jour,Hors agglomération,Hors intersection,Pluie légère,Autre collision,,,,,,,,,,,1,1,1,2,6
200800026918,0008-05-26 19:00:00,8,5,26,19,0,130,215,A7-Sens Marseille vers L,,,Plein jour,Hors agglomération,Hors intersection,Normale,Autre collision,,,,,,,,,,,1,1,1,1,6
200800026919,0008-05-26 05:16:00,8,5,26,5,16,130,71,A51-Sens Aix en Provence,,,Nuit sans éclairage public,Hors agglomération,Hors intersection,Pluie forte,Sans collision,,,,,,,,,,,3,1,1,3,7
200800026920,0008-05-26 06:10:00,8,5,26,6,10,130,19,A51-Sens Aix en Provence,,,Crépuscule ou aube,Hors agglomération,Hors intersection,Pluie forte,Autre collision,,,,,,,,,,,2,1,1,3,6
200800026921,0008-05-26 09:40:00,8,5,26,9,40,130,214,A7-Sens Marseille vers L,,,Plein jour,Hors agglomération,Hors intersection,Temps couvert,Trois véhicules et plus - collisions multiples,,,,,,,,,,,1,1,1,8,5
200800026922,0008-05-29 09:05:00,8,5,29,9,5,130,71,A7-Sens Marseille vers L,,,Plein jour,Hors agglomération,Hors intersection,Normale,Deux véhicules - côté,,,,,,,,,,,1,1,1,1,3
200800026923,0008-05-04 10:20:00,8,5,4,10,20,750,101,AVENUE GENERAL LEMONNIER,,,Plein jour,En agglomération,Intersection en T,Normale,Autre collision,,,,,,,,,,,1,2,3,1,6
200800026924,0008-05-06 13:40:00,8,5,6,13,40,750,101,RUE DE LA MONNAIE,,,Plein jour,En agglomération,Intersection à plus de 4 branches,Normale,Deux véhicules - arrière,,,,,,,,,,,1,2,5,1,2
200800026925,0008-05-07 15:35:00,8,5,7,15,35,750,101,"5, RUE DE CASTIGLIONE",,,Plein jour,En agglomération,Intersection en X,Normale,Deux véhicules - côté,,,,,,,,,,,1,2,2,1,3
200800026926,0008-05-09 15:25:00,8,5,9,15,25,750,101,"174, RUE DE RIVOLI",,,Plein jour,En agglomération,Hors intersection,Normale,Autre collision,,,,,,,,,,,1,2,1,1,6
200800026927,0008-05-10 15:10:00,8,5,10,15,10,750,101,RUE DE RIVOLI,,,Plein jour,En agglomération,Intersection en X,Normale,Sans collision,,,,,,,,,,,1,2,2,1,7
200800026928,0008-05-11 01:50:00,8,5,11,1,50,750,102,"35, RUE ETIENNE MARCEL",,,Nuit avec éclairage allumé,En agglomération,Intersection en X,Normale,Autre collision,,,,,,,,,,,5,2,2,1,6
200800026929,0008-05-12 05:30:00,8,5,12,5,30,750,101,"30, QUAI DU LOUVRE",,,Nuit avec éclairage allumé,En agglomération,Intersection en X,Normale,Deux véhicules - côté,,,,,,,,,,,5,2,2,1,3
200800026930,0008-05-15 18:45:00,8,5,15,18,45,750,101,"150, RUE SAINT HONORE",,,Plein jour,En agglomération,Intersection en X,Normale,Deux véhicules - côté,,,,,,,,,,,1,2,2,1,3
200800026931,0008-05-15 21:50:00,8,5,15,21,50,750,101,RUE DE L AMIRAL DE COLIG,,,Nuit sans éclairage public,En agglomération,Intersection en X,Normale,Deux véhicules - côté,,,,,,,,,,,3,2,2,1,3
200800026932,0008-05-17 18:10:00,8,5,17,18,10,750,101,SOUTERRAIN GENERAL LEMON,,,Plein jour,En agglomération,Hors intersection,Normale,Sans collision,,,,,,,,,,,1,2,1,1,7
200800026933,0008-05-19 21:00:00,8,5,19,21,0,750,101,"10, QUAI FRANCOIS MITTER",,,Crépuscule ou aube,En agglomération,Hors intersection,Normale,Deux véhicules - arrière,,,,,,,,,,,2,2,1,1,2
200800026934,0008-05-20 14:45:00,8,5,20,14,45,750,101,"138, RUE DE RIVOLI",,,Plein jour,En agglomération,Intersection en X,Normale,Deux véhicules - arrière,,,,,,,,,,,1,2,2,1,2
200800026935,0008-05-21 23:10:00,8,5,21,23,10,750,101,QUAI DES TUILERIES,,,Nuit avec éclairage allumé,En agglomération,Hors intersection,Normale,Autre collision,,,,,,,,,,,5,2,1,1,6
200800026936,0008-05-27 16:35:00,8,5,27,16,35,750,101,"7, BOULEVARD DE SEBASTOP",,,Plein jour,En agglomération,Intersection en X,Pluie légère,Deux véhicules - arrière,,,,,,,,,,,1,2,2,2,2
200800026937,0008-05-28 14:20:00,8,5,28,14,20,750,101,PLACE DU PONT NEUF,,,Plein jour,En agglomération,Intersection en Y,Normale,Deux véhicules - arrière,,,,,,,,,,,1,2,4,1,2
200800026938,0008-05-29 10:50:00,8,5,29,10,50,750,101,"170, RUE SAINT HONORE",,,Plein jour,En agglomération,Intersection en T,Temps couvert,Deux véhicules - côté,,,,,,,,,,,1,2,3,8,3
200800026939,0008-05-29 14:50:00,8,5,29,14,50,750,101,"32, RUE DES BOURDONNAIS",,,Plein jour,En agglomération,Hors intersection,Pluie légère,Autre collision,,,,,,,,,,,1,2,1,2,6
200800026940,0008-05-31 03:50:00,8,5,31,3,50,750,101,"1, QUAI DES TUILERIES",,,Nuit avec éclairage allumé,En agglomération,Hors intersection,Normale,Deux véhicules - frontale,,,,,,,,,,,5,2,1,1,1
200800026941,0008-05-04 07:00:00,8,5,4,7,0,750,103,"1, BOULEVARD SAINT MARTI",,,Plein jour,En agglomération,Hors intersection,Normale,Sans collision,,,,,,,,,,,1,2,1,1,7
200800026942,0008-05-04 10:05:00,8,5,4,10,5,750,102,BOULEVARD MONTMARTRE,,,Plein jour,En agglomération,Intersection en X,Normale,Autre collision,,,,,,,,,,,1,2,2,1,6
200800026943,0008-05-11 05:20:00,8,5,11,5,20,750,102,"104, RUE MONTMARTRE",,,Nuit avec éclairage allumé,En agglomération,Intersection en X,Normale,Autre collision,,,,,,,,,,,5,2,2,1,6
200800026944,0008-05-11 21:10:00,8,5,11,21,10,750,102,"17, BOULEVARD DE SEBASTO",,,Plein jour,En agglomération,Intersection en X,Normale,Deux véhicules - côté,,,,,,,,,,,1,2,2,1,3
200800026945,0008-05-11 23:50:00,8,5,11,23,50,750,102,"11, BOULEVARD SAINT DENI",,,Nuit avec éclairage allumé,En agglomération,Hors intersection,Normale,Autre collision,,,,,,,,,,,5,2,1,1,6
200800026946,0008-05-14 14:04:00,8,5,14,14,4,750,102,BOULEVARD DE BONNE NOUVE,,,Plein jour,En agglomération,Intersection en T,Normale,Autre collision,,,,,,,,,,,1,2,3,1,6
200800026947,0008-05-16 14:30:00,8,5,16,14,30,750,102,"86, RUE MONTMARTRE",,,Plein jour,En agglomération,Intersection en X,Normale,Deux véhicules - côté,,,,,,,,,,,1,2,2,1,3
200800026948,0008-05-30 10:50:00,8,5,30,10,50,750,101,"41, BOULEVARD DE SEBASTO",,,Plein jour,En agglomération,Hors intersection,Normale,Autre collision,,,,,,,,,,,1,2,1,1,6
200800026949,0008-05-02 23:10:00,8,5,2,23,10,750,103,"308, RUE SAINT MARTIN",,,Nuit avec éclairage allumé,En agglomération,Hors intersection,Normale,Autre collision,,,,,,,,,,,5,2,1,1,6
200800026950,0008-05-07 12:20:00,8,5,7,12,20,750,103,"67, RUE DE BRETAGNE",,,Plein jour,En agglomération,Hors intersection,Normale,Autre collision,,,,,,,,,,,1,2,1,1,6
200800026951,0008-05-07 19:00:00,8,5,7,19,0,750,103,"10, RUE COMMINES",,,Plein jour,En agglomération,Hors intersection,Normale,Deux véhicules - côté,,,,,,,,,,,1,2,1,1,3
200800026952,0008-05-08 00:01:00,8,5,8,0,1,750,103,"13, BOULEVARD DU TEMPLE",,,Nuit avec éclairage allumé,En agglomération,Hors intersection,Normale,Deux véhicules - côté,,,,,,,,,,,5,2,1,1,3
200800026953,0008-05-14 15:50:00,8,5,14,15,50,750,103,RUE PAYENNE,,,Plein jour,En agglomération,Hors intersection,Normale,Autre collision,,,,,,,,,,,1,2,1,1,6
200800026954,0008-05-16 20:05:00,8,5,16,20,5,750,103,"106, RUE VIEILLE DU TEMP",,,Plein jour,En agglomération,Intersection en X,Normale,Autre collision,,,,,,,,,,,1,2,2,1,6
200800026955,0008-05-20 10:00:00,8,5,20,10,0,750,103,"106, BOULEVARD DE SEBAST",,,Plein jour,En agglomération,Intersection en X,Normale,Sans collision,,,,,,,,,,,1,2,2,1,7
200800026956,0008-05-21 22:25:00,8,5,21,22,25,750,104,"63, RUE DU TEMPLE",,,Nuit avec éclairage allumé,En agglomération,Intersection en X,Normale,Autre collision,,,,,,,,,,,5,2,2,1,6
200800026957,0008-05-22 13:36:00,8,5,22,13,36,750,103,"20, RUE DES FRANCS BOURG",,,Plein jour,En agglomération,Hors intersection,Normale,Sans collision,,,,,,,,,,,1,2,1,1,7
200800026958,0008-05-22 13:45:00,8,5,22,13,45,750,103,"92, BOULEVARD DE SEBASTO",,,Plein jour,En agglomération,Intersection en X,Normale,Deux véhicules - arrière,,,,,,,,,,,1,2,2,1,2
200800026959,0008-05-23 07:00:00,8,5,23,7,0,750,104,PLACE DE LA BASTILLE,,,Plein jour,En agglomération,Giratoire,Normale,Deux véhicules - côté,,,,,,,,,,,1,2,6,1,3
200800026960,0008-05-23 11:00:00,8,5,23,11,0,750,103,PLACE DE LA REPUBLIQUE,,,Plein jour,En agglomération,Place,Normale,Deux véhicules - côté,,,,,,,,,,,1,2,7,1,3
200800026961,0008-05-23 17:40:00,8,5,23,17,40,750,103,"81, BOULEVARD DE SEBASTO",,,Plein jour,En agglomération,Intersection en X,Normale,Deux véhicules - côté,,,,,,,,,,,1,2,2,1,3