accident_id,datetime,annee,mois,jour,heure,minute,departement,commune_insee,adresse,latitude,longitude,luminosite,agglomeration,intersection,meteo,collision,nb_vehicules,nb_usagers,nb_indemnes,nb_tues,nb_blesses_hosp,nb_blesses_legers,age_cond_1,age_cond_2,veh_type_cond_1,veh_type_cond_2,lum_code,agg_code,int_code,atm_code,col_code
200800027095,0008-05-20 10:55:00,8,5,20,10,55,750,109,"45, RUE DE ROCHECHOUART",,,Plein jour,En agglomération,Intersection en X,Normale,Autre collision,,,,,,,,,,,1,2,2,1,6
200800027096,0008-05-21 13:20:00,8,5,21,13,20,750,109,"17, RUE DU FAUBOURG MONT",,,Plein jour,En agglomération,Intersection en T,Normale,Deux véhicules - côté,,,,,,,,,,,1,2,3,1,3
200800027097,0008-05-22 18:15:00,8,5,22,18,15,750,109,"34, RUE LE PELETIER",,,Plein jour,En agglomération,Intersection en X,Normale,Deux véhicules - arrière,,,,,,,,,,,1,2,2,1,2
200800027098,0008-05-23 09:05:00,8,5,23,9,5,750,109,"53, BOULEVARD DE ROCHECH",,,Plein jour,En agglomération,Intersection en T,Normale,Deux véhicules - côté,,,,,,,,,,,1,2,3,1,3
200800027099,0008-05-23 11:30:00,8,5,23,11,30,750,109,"02, RUE D AMSTERDAM",,,Plein jour,En agglomération,Intersection en X,Normale,Autre collision,,,,,,,,,,,1,2,2,1,6
200800027100,0008-05-25 13:45:00,8,5,25,13,45,750,109,BOULEVARD DE ROCHECHOUAR,,,Plein jour,En agglomération,Hors intersection,Normale,Deux véhicules - côté,,,,,,,,,,,1,2,1,1,3
200800027101,0008-05-27 17:40:00,8,5,27,17,40,750,109,"61, RUE LA FAYETTE",,,Plein jour,En agglomération,Hors intersection,Pluie légère,Autre collision,,,,,,,,,,,1,2,1,2,6
200800027102,0008-05-28 17:20:00,8,5,28,17,20,750,109,"05, PLACE DE L OPERA",,,Plein jour,En agglomération,Hors intersection,Normale,Autre collision,,,,,,,,,,,1,2,1,1,6
200800027103,0008-05-28 20:30:00,8,5,28,20,30,750,109,"24, RUE DE PROVENCE",,,Plein jour,En agglomération,Intersection en X,Normale,Autre collision,,,,,,,,,,,1,2,2,1,6
200800027104,0008-05-02 13:15:00,8,5,2,13,15,750,110,"10, BOULEVARD DE MAGENTA",,,Plein jour,En agglomération,Hors intersection,Normale,Deux véhicules - côté,,,,,,,,,,,1,2,1,1,3
200800027105,0008-05-02 16:00:00,8,5,2,16,0,750,110,"128, QUAI DE JEMMAPES",,,Plein jour,En agglomération,Hors intersection,Normale,Autre collision,,,,,,,,,,,1,2,1,1,6
200800027106,0008-05-03 02:45:00,8,5,3,2,45,750,110,"23, RUE DU FAUBOURG DU T",,,Nuit avec éclairage allumé,En agglomération,Hors intersection,Normale,Autre collision,,,,,,,,,,,5,2,1,1,6
200800027107,0008-05-05 13:30:00,8,5,5,13,30,750,110,"2, RUE DU HUIT MAI 1945",,,Plein jour,En agglomération,Hors intersection,Normale,Deux véhicules - côté,,,,,,,,,,,1,2,1,1,3
200800027108,0008-05-07 23:00:00,8,5,7,23,0,750,110,"57, BOULEVARD DE LA VILL",,,Nuit avec éclairage allumé,En agglomération,Hors intersection,Normale,Autre collision,,,,,,,,,,,5,2,1,1,6
200800027109,0008-05-08 13:55:00,8,5,8,13,55,750,110,"85, QUAI DE VALMY",,,Plein jour,En agglomération,Intersection en X,Normale,Deux véhicules - côté,,,,,,,,,,,1,2,2,1,3
200800027110,0008-05-09 05:50:00,8,5,9,5,50,750,110,"29, RUE DU FAUBOURG DU T",,,Plein jour,En agglomération,Intersection en X,Normale,Sans collision,,,,,,,,,,,1,2,2,1,7
200800027111,0008-05-09 05:55:00,8,5,9,5,55,750,110,"55, BOULEVARD DE MAGENTA",,,Crépuscule ou aube,En agglomération,Hors intersection,Normale,Autre collision,,,,,,,,,,,2,2,1,1,6
200800027112,0008-05-10 11:30:00,8,5,10,11,30,750,110,BOULEVARD DE LA VILLETTE,,,Plein jour,En agglomération,Intersection en X,Normale,Deux véhicules - côté,,,,,,,,,,,1,2,2,1,3
200800027113,0008-05-11 18:25:00,8,5,11,18,25,750,110,"38, RUE DU FAUBOURG SAIN",,,Plein jour,En agglomération,Hors intersection,Normale,Autre collision,,,,,,,,,,,1,2,1,1,6
200800027114,0008-05-14 10:45:00,8,5,14,10,45,750,110,RUE LA FAYETTE,,,Plein jour,En agglomération,Hors intersection,Normale,Deux véhicules - arrière,,,,,,,,,,,1,2,1,1,2
200800027115,0008-05-14 20:27:00,8,5,14,20,27,750,110,"172, RUE DU FAUBOURG SAI",,,Plein jour,En agglomération,Hors intersection,Temps couvert,Sans collision,,,,,,,,,,,1,2,1,8,7
200800027116,0008-05-15 16:45:00,8,5,15,16,45,750,110,"31, QUAI DE VALMY",,,Plein jour,En agglomération,Intersection en X,Normale,Autre collision,,,,,,,,,,,1,2,2,1,6
200800027117,0008-05-17 02:58:00,8,5,17,2,58,750,110,"67, BOULEVARD DE LA VILL",,,Nuit avec éclairage allumé,En agglomération,Hors intersection,Pluie légère,Autre collision,,,,,,,,,,,5,2,1,2,6
200800027118,0008-05-17 08:35:00,8,5,17,8,35,750,110,"144, BOULEVARD DE MAGENT",,,Plein jour,En agglomération,Hors intersection,Normale,Sans collision,,,,,,,,,,,1,2,1,1,7
200800027119,0008-05-17 11:40:00,8,5,17,11,40,750,110,"74, BOULEVARD DE MAGENTA",,,Plein jour,En agglomération,Hors intersection,Normale,Deux véhicules - côté,,,,,,,,,,,1,2,1,1,3
200800027120,0008-05-17 14:35:00,8,5,17,14,35,750,110,"20, RUE DE DUNKERQUE",,,Plein jour,En agglomération,Hors intersection,Normale,Autre collision,,,,,,,,,,,1,2,1,1,6
200800027121,0008-05-18 01:40:00,8,5,18,1,40,750,110,"41, BOULEVARD DE LA CHAP",,,Nuit avec éclairage allumé,En agglomération,Hors intersection,Normale,Autre collision,,,,,,,,,,,5,2,1,1,6
200800027122,0008-05-18 14:10:00,8,5,18,14,10,750,110,BOULEVARD DE LA CHAPELLE,,,Plein jour,En agglomération,Intersection en T,Normale,Deux véhicules - côté,,,,,,,,,,,1,2,3,1,3
200800027123,0008-05-20 16:00:00,8,5,20,16,0,750,110,RUE DU FAUBOURG POISSONN,,,Plein jour,En agglomération,Intersection en X,Normale,Autre collision,,,,,,,,,,,1,2,2,1,6
200800027124,0008-05-21 09:10:00,8,5,21,9,10,750,110,"66, RUE RENE BOULANGER",,,Plein jour,En agglomération,Hors intersection,Normale,Sans collision,,,,,,,,,,,1,2,1,1,7
200800027125,0008-05-22 10:30:00,8,5,22,10,30,750,110,"124, RUE LA FAYETTE",,,Plein jour,En agglomération,Hors intersection,Normale,Autre collision,,,,,,,,,,,1,2,1,1,6
200800027126,0008-05-24 11:20:00,8,5,24,11,20,750,110,"85, QUAI DE VALMY",,,Plein jour,En agglomération,Intersection en X,Normale,Deux véhicules - côté,,,,,,,,,,,1,2,2,1,3
200800027127,0008-05-25 22:39:00,8,5,25,22,39,750,110,"5, PLACE DE LA BATAILLE",,,Nuit avec éclairage allumé,En agglomération,Hors intersection,Temps couvert,Deux véhicules - côté,,,,,,,,,,,5,2,1,8,3
200800027128,0008-05-26 12:15:00,8,5,26,12,15,750,110,"173, BOULEVARD DE LA VIL",,,Plein jour,En agglomération,Hors intersection,Normale,Autre collision,,,,,,,,,,,1,2,1,1,6
200800027129,0008-05-26 21:20:00,8,5,26,21,20,750,110,"68, BOULEVARD DE MAGENTA",,,Crépuscule ou aube,En agglomération,Hors intersection,Normale,Deux véhicules - côté,,,,,,,,,,,2,2,1,1,3
200800027130,0008-05-27 14:15:00,8,5,27,14,15,750,110,"2, QUAI DE JEMMAPES",,,Plein jour,En agglomération,Hors intersection,Pluie légère,Deux véhicules - arrière,,,,,,,,,,,1,2,1,2,2
200800027131,0008-05-28 07:25:00,8,5,28,7,25,750,110,"149, AVENUE PARMENTIER",,,Plein jour,En agglomération,Intersection en X,Normale,Autre collision,,,,,,,,,,,1,2,2,1,6
200800027132,0008-05-29 00:45:00,8,5,29,0,45,750,110,"58, RUE DU CHATEAU LANDO",,,Nuit avec éclairage allumé,En agglomération,Hors intersection,Normale,Sans collision,,,,,,,,,,,5,2,1,1,7
200800027133,0008-05-29 11:50:00,8,5,29,11,50,750,110,"15, BOULEVARD DE MAGENTA",,,Plein jour,En agglomération,Hors intersection,Vent fort / tempête,Autre collision,,,,,,,,,,,1,2,1,6,6
200800027134,0008-05-30 18:45:00,8,5,30,18,45,750,110,"151, BOULEVARD DE MAGENT",,,Plein jour,En agglomération,Hors intersection,Normale,Autre collision,,,,,,,,,,,1,2,1,1,6
200800027135,0008-05-30 19:15:00,8,5,30,19,15,750,110,"117, RUE LA FAYETTE",,,Plein jour,En agglomération,Hors intersection,Normale,Sans collision,,,,,,,,,,,1,2,1,1,7
200800027136,0008-05-04 14:20:00,8,5,4,14,20,750,111,"1, RUE LEON FROT",,,Plein jour,En agglomération,Hors intersection,Normale,Autre collision,,,,,,,,,,,1,2,1,1,6
200800027137,0008-05-05 17:15:00,8,5,5,17,15,750,111,"65, RUE DU FAUBOURG SAIN",,,Plein jour,En agglomération,Hors intersection,Normale,Autre collision,,,,,,,,,,,1,2,1,1,6
200800027138,0008-05-05 16:10:00,8,5,5,16,10,750,111,"43, RUE SAINT MAUR",,,Plein jour,En agglomération,Intersection en T,Normale,Autre collision,,,,,,,,,,,1,2,3,1,6
200800027139,0008-05-06 11:15:00,8,5,6,11,15,750,111,"75, AVENUE PHILIPPE AUGU",,,Plein jour,En agglomération,Hors intersection,Normale,Autre collision,,,,,,,,,,,1,2,1,1,6
200800027140,0008-05-07 15:55:00,8,5,7,15,55,750,111,BOULEVARD VOLTAIRE,,,Plein jour,En agglomération,Hors intersection,Normale,Deux véhicules - côté,,,,,,,,,,,1,2,1,1,3
200800027141,0008-05-08 20:30:00,8,5,8,20,30,750,111,"119, BOULEVARD VOLTAIRE",,,Plein jour,En agglomération,Hors intersection,Normale,Autre collision,,,,,,,,,,,1,2,1,1,6
200800027142,0008-05-08 21:00:00,8,5,8,21,0,750,111,"03, RUE DE CRUSSOL",,,Crépuscule ou aube,En agglomération,Intersection en X,Normale,Deux véhicules - côté,,,,,,,,,,,2,2,2,1,3
200800027143,0008-05-09 14:50:00,8,5,9,14,50,750,111,"96, RUE DE CHARONNE",,,Plein jour,En agglomération,Hors intersection,Normale,Autre collision,,,,,,,,,,,1,2,1,1,6
200800027144,0008-05-10 02:50:00,8,5,10,2,50,750,111,"48, AVENUE DE LA REPUBLI",,,Nuit avec éclairage allumé,En agglomération,Intersection à plus de 4 branches,Normale,Deux véhicules - côté,,,,,,,,,,,5,2,5,1,3
200800027145,0008-05-10 23:05:00,8,5,10,23,5,750,111,"40, BOULEVARD VOLTAIRE",,,Nuit avec éclairage allumé,En agglomération,Intersection en X,Normale,Autre collision,,,,,,,,,,,5,2,2,1,6
200800027146,0008-05-11 19:10:00,8,5,11,19,10,750,111,"129, BOULEVARD VOLTAIRE",,,Plein jour,En agglomération,Intersection en T,Normale,Deux véhicules - côté,,,,,,,,,,,1,2,3,1,3
200800027147,0008-05-12 14:00:00,8,5,12,14,0,750,111,"106, RUE JEAN PIERRE TIM",,,Plein jour,En agglomération,Hors intersection,Normale,Autre collision,,,,,,,,,,,1,2,1,1,6
200800027148,0008-05-13 10:25:00,8,5,13,10,25,750,111,"197, BOULEVARD VOLTAIRE",,,Plein jour,En agglomération,Hors intersection,Normale,Sans collision,,,,,,,,,,,1,2,1,1,7
200800027149,0008-05-13 19:30:00,8,5,13,19,30,750,111,"83, RUE DE MONTREUIL",,,Plein jour,En agglomération,Intersection en T,Normale,Deux véhicules - côté,,,,,,,,,,,1,2,3,1,3
200800027150,0008-05-14 14:45:00,8,5,14,14,45,750,111,"17, AVENUE DE LA REPUBLI",,,Plein jour,En agglomération,Hors intersection,Normale,Trois véhicules et plus - en chaîne,,,,,,,,,,,1,2,1,1,4
200800027151,0008-05-14 15:20:00,8,5,14,15,20,750,111,"58, BOULEVARD BEAUMARCHA",,,Plein jour,En agglomération,Hors intersection,Normale,Autre collision,,,,,,,,,,,1,2,1,1,6
200800027152,0008-05-15 18:00:00,8,5,15,18,0,750,111,"4, BOULEVARD RICHARD LEN",,,Plein jour,En agglomération,Hors intersection,Normale,Autre collision,,,,,,,,,,,1,2,1,1,6
200800027153,0008-05-15 18:01:00,8,5,15,18,1,750,111,"88, BOULEVARD BEAUMARCHA",,,Plein jour,En agglomération,Intersection en T,Normale,Deux véhicules - côté,,,,,,,,,,,1,2,3,1,3
200800027154,0008-05-15 17:56:00,8,5,15,17,56,750,111,RUE DU CHEMIN VERT,,,Plein jour,En agglomération,Intersection en X,Normale,Autre collision,,,,,,,,,,,1,2,2,1,6
200800027155,0008-05-18 05:53:00,8,5,18,5,53,750,111,PLACE DE LA REPUBLIQUE,,,Crépuscule ou aube,En agglomération,Place,Normale,Autre collision,,,,,,,,,,,2,2,7,1,6
200800027156,0008-05-18 11:32:00,8,5,18,11,32,750,111,"9, RUE AMELOT",,,Plein jour,En agglomération,Hors intersection,Normale,Sans collision,,,,,,,,,,,1,2,1,1,7
200800027157,0008-05-19 12:40:00,8,5,19,12,40,750,111,BOULEVARD RICHARD LENOIR,,,Plein jour,En agglomération,Hors intersection,Normale,Sans collision,,,,,,,,,,,1,2,1,1,7
200800027158,0008-05-20 10:00:00,8,5,20,10,0,750,111,"12, PLACE DE LA BASTILLE",,,Plein jour,En agglomération,Giratoire,Normale,Deux véhicules - côté,,,,,,,,,,,1,2,6,1,3
200800027159,0008-05-20 18:15:00,8,5,20,18,15,750,111,AVENUE DE LA REPUBLIQUE,,,Plein jour,En agglomération,Intersection en X,Normale,Autre collision,,,,,,,,,,,1,2,2,1,6
200800027160,0008-05-21 19:05:00,8,5,21,19,5,750,111,"38, BOULEVARD VOLTAIRE",,,Plein jour,En agglomération,Intersection en X,Normale,Deux véhicules - côté,,,,,,,,,,,1,2,2,1,3
200800027161,0008-05-24 03:15:00,8,5,24,3,15,750,111,"36, BOULEVARD DU TEMPLE",,,Nuit avec éclairage allumé,En agglomération,Intersection en Y,Normale,Autre collision,,,,,,,,,,,5,2,4,1,6
200800027162,0008-05-24 18:25:00,8,5,24,18,25,750,111,"44, BOULEVARD RICHARD LE",,,Plein jour,En agglomération,Hors intersection,Pluie légère,Deux véhicules - côté,,,,,,,,,,,1,2,1,2,3
200800027163,0008-05-24 22:10:00,8,5,24,22,10,750,111,"59, RUE DE CHARONNE",,,Nuit avec éclairage allumé,En agglomération,Intersection en T,Normale,Autre collision,,,,,,,,,,,5,2,3,1,6
200800027164,0008-05-26 10:45:00,8,5,26,10,45,750,111,"45, BOULEVARD DE MENILMO",,,Plein jour,En agglomération,Intersection en T,Normale,Autre collision,,,,,,,,,,,1,2,3,1,6
200800027165,0008-05-27 14:30:00,8,5,27,14,30,750,111,PLACE DE LA BASTILLE,,,Plein jour,En agglomération,Intersection en X,Pluie forte,Sans collision,,,,,,,,,,,1,2,2,3,7
200800027166,0008-05-27 21:30:00,8,5,27,21,30,750,111,"24, BOULEVARD RICHARD LE",,,Nuit avec éclairage allumé,En agglomération,Intersection en X,Pluie légère,Sans collision,,,,,,,,,,,5,2,2,2,7
200800027167,0008-05-28 10:45:00,8,5,28,10,45,750,111,"65, BOULEVARD RICHARD LE",,,Plein jour,En agglomération,Intersection en T,Normale,Autre collision,,,,,,,,,,,1,2,3,1,6
200800027168,0008-05-29 14:20:00,8,5,29,14,20,750,111,BOULEVARD VOLTAIRE,,,Crépuscule ou aube,En agglomération,Hors intersection,Pluie légère,Deux véhicules - côté,,,,,,,,,,,2,2,1,2,3
200800027169,0008-05-29 16:15:00,8,5,29,16,15,750,111,RUE DU CHEMIN VERT,,,Plein jour,En agglomération,Intersection en X,Pluie légère,Deux véhicules - côté,,,,,,,,,,,1,2,2,2,3
200800027170,0008-05-29 20:30:00,8,5,29,20,30,750,111,"54, BOULEVARD DU TEMPLE",,,Plein jour,En agglomération,Hors intersection,Temps couvert,Sans collision,,,,,,,,,,,1,2,1,8,7
200800027171,0008-05-30 06:45:00,8,5,30,6,45,750,111,"2, AVENUE DE BOUVINES",,,Plein jour,En agglomération,Intersection en X,Normale,Autre collision,,,,,,,,,,,1,2,2,1,6
200800027172,0008-05-30 22:00:00,8,5,30,22,0,750,111,"59, RUE DU FAUBOURG SAIN",,,Nuit avec éclairage allumé,En agglomération,Hors intersection,Normale,Deux véhicules - côté,,,,,,,,,,,5,2,1,1,3
200800027173,0008-05-31 05:10:00,8,5,31,5,10,750,111,"1/3, RUE DU FAUBOURG SAI",,,Crépuscule ou aube,En agglomération,Hors intersection,Normale,Deux véhicules - arrière,,,,,,,,,,,2,2,1,1,2
200800027174,0008-05-31 16:05:00,8,5,31,16,5,750,111,"59, RUE SAINT MAUR",,,Plein jour,En agglomération,Intersection en T,Normale,Sans collision,,,,,,,,,,,1,2,3,1,7
200800027175,0008-05-01 15:00:00,8,5,1,15,0,750,112,"4, PLACE EDOUARD RENARD",,,Plein jour,En agglomération,Hors intersection,Pluie légère,Autre collision,,,,,,,,,,,1,2,1,2,6
200800027176,0008-05-03 05:50:00,8,5,3,5,50,750,112,QUAI DE LA RAPEE,,,Nuit avec éclairage allumé,En agglomération,Hors intersection,Normale,Autre collision,,,,,,,,,,,5,2,1,1,6
200800027177,0008-05-03 20:00:00,8,5,3,20,0,750,112,RUE DU FAUBOURG SAINT AN,,,Crépuscule ou aube,En agglomération,Intersection en T,Normale,Deux véhicules - côté,,,,,,,,,,,2,2,3,1,3
200800027178,0008-05-05 02:04:00,8,5,5,2,4,750,112,COURS DE VINCENNES,,,Nuit avec éclairage allumé,En agglomération,Hors intersection,Normale,Sans collision,,,,,,,,,,,5,2,1,1,7
200800027179,0008-05-08 03:06:00,8,5,8,3,6,750,112,"35, RUE DE PICPUS",,,Nuit avec éclairage allumé,En agglomération,Hors intersection,Normale,Deux véhicules - côté,,,,,,,,,,,5,2,1,1,3
200800027180,0008-05-09 19:48:00,8,5,9,19,48,750,112,"20 bis, BOULEVARD DIDERO",,,Plein jour,En agglomération,Hors intersection,Normale,Deux véhicules - côté,,,,,,,,,,,1,2,1,1,3
200800027181,0008-05-09 19:30:00,8,5,9,19,30,750,112,"57, RUE FRANCOIS TRUFFAU",,,Plein jour,En agglomération,Hors intersection,Normale,Autre collision,,,,,,,,,,,1,2,1,1,6
200800027182,0008-05-10 13:26:00,8,5,10,13,26,750,112,QUAI DE BERCY,,,Plein jour,En agglomération,Hors intersection,Normale,Deux véhicules - arrière,,,,,,,,,,,1,2,1,1,2
200800027183,0008-05-10 15:20:00,8,5,10,15,20,750,112,BOULEVARD DE REUILLY,,,Plein jour,En agglomération,Intersection en X,Normale,Autre collision,,,,,,,,,,,1,2,2,1,6
200800027184,0008-05-11 04:00:00,8,5,11,4,0,750,112,"75, BOULEVARD SOULT",,,Nuit avec éclairage allumé,En agglomération,Hors intersection,Normale,Sans collision,,,,,,,,,,,5,2,1,1,7
200800027185,0008-05-11 15:20:00,8,5,11,15,20,750,112,ROUTE DE LA TOURELLE,,,Plein jour,En agglomération,Intersection en Y,Normale,Autre collision,,,,,,,,,,,1,2,4,1,6
200800027186,0008-05-11 16:55:00,8,5,11,16,55,750,112,"31, BOULEVARD SOULT",,,Plein jour,En agglomération,Hors intersection,Normale,Autre collision,,,,,,,,,,,1,2,1,1,6
200800027187,0008-05-11 21:20:00,8,5,11,21,20,750,112,BOULEVARD DE BERCY,,,Nuit avec éclairage allumé,En agglomération,Intersection en X,Normale,Deux véhicules - côté,,,,,,,,,,,5,2,2,1,3
200800027188,0008-05-13 08:45:00,8,5,13,8,45,750,112,"1, AVENUE COURTELINE",,,Plein jour,En agglomération,Hors intersection,Normale,Deux véhicules - côté,,,,,,,,,,,1,2,1,1,3
200800027189,0008-05-13 09:10:00,8,5,13,9,10,750,112,ROUTE DE LA PYRAMIDE,,,Plein jour,En agglomération,Hors intersection,Normale,Deux véhicules - côté,,,,,,,,,,,1,2,1,1,3
200800027190,0008-05-13 12:10:00,8,5,13,12,10,750,112,"42, RUE DE PICPUS",,,Plein jour,En agglomération,Hors intersection,Normale,Sans collision,,,,,,,,,,,1,2,1,1,7
200800027191,0008-05-13 14:20:00,8,5,13,14,20,750,112,"120, RUE DU FAUBOURG SAI",,,Plein jour,En agglomération,Hors intersection,Normale,Autre collision,,,,,,,,,,,1,2,1,1,6
200800027192,0008-05-13 17:15:00,8,5,13,17,15,750,112,BOULEVARD SOULT,,,Plein jour,En agglomération,Intersection à plus de 4 branches,Temps éblouissant,Deux véhicules - arrière,,,,,,,,,,,1,2,5,7,2
200800027193,0008-05-14 08:15:00,8,5,14,8,15,750,112,BOULEVARD DIDEROT,,,Plein jour,En agglomération,Intersection en X,Normale,Deux véhicules - arrière,,,,,,,,,,,1,2,2,1,2
200800027194,0008-05-14 09:10:00,8,5,14,9,10,750,112,"4, PLACE DU COLONEL BOUR",,,Plein jour,En agglomération,Hors intersection,Normale,Deux véhicules - arrière,,,,,,,,,,,1,2,1,1,2
200800027195,0008-05-14 14:30:00,8,5,14,14,30,750,112,"6bis, RUE DE LYON",,,Plein jour,En agglomération,Hors intersection,Normale,Trois véhicules et plus - en chaîne,,,,,,,,,,,1,2,1,1,4
200800027196,0008-05-14 17:25:00,8,5,14,17,25,750,112,ROUTE DE CEINTURE DU LAC,,,Plein jour,En agglomération,Intersection en X,Normale,Deux véhicules - côté,,,,,,,,,,,1,2,2,1,3
200800027197,0008-05-14 17:40:00,8,5,14,17,40,750,112,"252, AVENUE DAUMESNIL",,,Plein jour,En agglomération,Intersection en Y,Pluie légère,Autre collision,,,,,,,,,,,1,2,4,2,6
200800027198,0008-05-14 21:15:00,8,5,14,21,15,750,112,PONT DE TOLBIAC,,,Crépuscule ou aube,En agglomération,Intersection en X,Temps couvert,Deux véhicules - côté,,,,,,,,,,,2,2,2,8,3
200800027199,0008-05-15 09:45:00,8,5,15,9,45,750,112,ROUTE DE LA PYRAMIDE,,,Plein jour,En agglomération,Hors intersection,Normale,Deux véhicules - côté,,,,,,,,,,,1,2,1,1,3
200800027200,0008-05-16 17:10:00,8,5,16,17,10,750,112,PLACE FELIX EBOUE,,,Plein jour,En agglomération,Intersection en T,Pluie légère,Sans collision,,,,,,,,,,,1,2,3,2,7
200800027201,0008-05-16 20:00:00,8,5,16,20,0,750,112,"53, AVENUE DES TERROIRS",,,Crépuscule ou aube,En agglomération,Hors intersection,Normale,Deux véhicules - côté,,,,,,,,,,,2,2,1,1,3
200800027202,0008-05-17 15:50:00,8,5,17,15,50,750,112,AVENUE DE LA PORTE DE CH,,,Plein jour,En agglomération,Hors intersection,Normale,Deux véhicules - arrière,,,,,,,,,,,1,2,1,1,2
200800027203,0008-05-17 19:50:00,8,5,17,19,50,750,112,BOULEVARD DE BERCY,,,Plein jour,En agglomération,Hors intersection,Normale,Deux véhicules - côté,,,,,,,,,,,1,2,1,1,3
200800027204,0008-05-18 09:05:00,8,5,18,9,5,750,112,"37, BOULEVARD SOULT",,,Plein jour,En agglomération,Hors intersection,Normale,Autre collision,,,,,,,,,,,1,2,1,1,6
200800027205,0008-05-18 13:55:00,8,5,18,13,55,750,112,"20, AVENUE LEDRU ROLLIN",,,Plein jour,En agglomération,Hors intersection,Pluie légère,Autre collision,,,,,,,,,,,1,2,1,2,6
200800027206,0008-05-19 11:20:00,8,5,19,11,20,750,112,"30, PLACE DE LA NATION",,,Plein jour,En agglomération,Hors intersection,Normale,Autre collision,,,,,,,,,,,1,2,1,1,6
200800027207,0008-05-19 20:50:00,8,5,19,20,50,750,112,"320, RUE DE CHARENTON",,,Crépuscule ou aube,En agglomération,Hors intersection,Normale,Autre collision,,,,,,,,,,,2,2,1,1,6
200800027208,0008-05-20 08:30:00,8,5,20,8,30,750,112,"273, AVENUE DAUMESNIL",,,Plein jour,En agglomération,Intersection en T,Normale,Deux véhicules - côté,,,,,,,,,,,1,2,3,1,3
200800027209,0008-05-21 11:38:00,8,5,21,11,38,750,112,"22, RUE TRAVERSIERE",,,Plein jour,En agglomération,Hors intersection,Normale,Deux véhicules - côté,,,,,,,,,,,1,2,1,1,3
200800027210,0008-05-21 13:25:00,8,5,21,13,25,750,112,"16, BOULEVARD DE REUILLY",,,Plein jour,En agglomération,Hors intersection,Normale,Autre collision,,,,,,,,,,,1,2,1,1,6
200800027211,0008-05-21 16:15:00,8,5,21,16,15,750,112,BOULEVARD SOULT,,,Plein jour,En agglomération,Intersection en X,Normale,Deux véhicules - côté,,,,,,,,,,,1,2,2,1,3
200800027212,0008-05-22 09:45:00,8,5,22,9,45,750,112,"130, RUE DE LYON",,,Plein jour,En agglomération,Hors intersection,Normale,Autre collision,,,,,,,,,,,1,2,1,1,6
200800027213,0008-05-23 10:18:00,8,5,23,10,18,750,112,BOULEVARD DE LA BASTILLE,,,Plein jour,En agglomération,Hors intersection,Normale,Trois véhicules et plus - collisions multiples,,,,,,,,,,,1,2,1,1,5
200800027214,0008-05-23 20:15:00,8,5,23,20,15,750,112,"5, RUE FERDINAND DE BEHA",,,Plein jour,En agglomération,Hors intersection,Normale,Sans collision,,,,,,,,,,,1,2,1,1,7
200800027215,0008-05-24 09:35:00,8,5,24,9,35,750,112,ROUTE SAINT HUBERT,,,Plein jour,En agglomération,Hors intersection,Normale,Deux véhicules - côté,,,,,,,,,,,1,2,1,1,3
200800027216,0008-05-24 11:00:00,8,5,24,11,0,750,112,AVENUE DAUMESNIL,,,Plein jour,En agglomération,Hors intersection,Normale,Autre collision,,,,,,,,,,,1,2,1,1,6
200800027217,0008-05-25 21:30:00,8,5,25,21,30,750,112,"245, RUE DE CHARENTON",,,Nuit avec éclairage allumé,En agglomération,Hors intersection,Normale,Deux véhicules - arrière,,,,,,,,,,,5,2,1,1,2
200800027218,0008-05-26 21:05:00,8,5,26,21,5,750,112,ROUTE DE LA PYRAMIDE,,,Plein jour,En agglomération,Hors intersection,Normale,Deux véhicules - côté,,,,,,,,,,,1,2,1,1,3
200800027219,0008-05-26 20:50:00,8,5,26,20,50,750,112,QUAI DE BERCY,,,Crépuscule ou aube,En agglomération,Hors intersection,Pluie légère,Autre collision,,,,,,,,,,,2,2,1,2,6
200800027220,0008-05-28 14:30:00,8,5,28,14,30,750,112,"54, BOULEVARD DIDEROT",,,Plein jour,En agglomération,Intersection en X,Temps couvert,Sans collision,,,,,,,,,,,1,2,2,8,7
200800027221,0008-05-30 05:05:00,8,5,30,5,5,750,112,"116, COURS DE VINCENNES",,,Nuit avec éclairage allumé,En agglomération,Hors intersection,Normale,Deux véhicules - arrière,,,,,,,,,,,5,2,1,1,2
200800027222,0008-05-30 17:15:00,8,5,30,17,15,750,112,"4, RUE CHALIGNY",,,Plein jour,En agglomération,Hors intersection,Normale,Autre collision,,,,,,,,,,,1,2,1,1,6
200800027223,0008-05-30 17:45:00,8,5,30,17,45,750,112,"45, BOULEVARD PONIATOWSK",,,Plein jour,En agglomération,Hors intersection,Normale,Deux véhicules - côté,,,,,,,,,,,1,2,1,1,3
200800027224,0008-05-30 21:00:00,8,5,30,21,0,750,112,"60, BOULEVARD DIDEROT",,,Crépuscule ou aube,En agglomération,Hors intersection,Normale,Deux véhicules - côté,,,,,,,,,,,2,2,1,1,3
200800027225,0008-05-31 16:10:00,8,5,31,16,10,750,112,BOULEVARD DE BERCY,,,Plein jour,En agglomération,Intersection en X,Normale,Sans collision,,,,,,,,,,,1,2,2,1,7
200800027226,0008-05-31 16:45:00,8,5,31,16,45,750,112,"8, RUE MONTGALLET",,,Plein jour,En agglomération,Hors intersection,Normale,Autre collision,,,,,,,,,,,1,2,1,1,6
200800027227,0008-05-12 11:12:00,8,5,12,11,12,750,113,"173, AVENUE DE CHOISY",,,Plein jour,En agglomération,Hors intersection,Normale,Deux véhicules - côté,,,,,,,,,,,1,2,1,1,3