accident_id,datetime,annee,mois,jour,heure,minute,departement,commune_insee,adresse,latitude,longitude,luminosite,agglomeration,intersection,meteo,collision,nb_vehicules,nb_usagers,nb_indemnes,nb_tues,nb_blesses_hosp,nb_blesses_legers,age_cond_1,age_cond_2,veh_type_cond_1,veh_type_cond_2,lum_code,agg_code,int_code,atm_code,col_code
200800027228,0008-05-03 14:50:00,8,5,3,14,50,750,113,"135, RUE DE TOLBIAC",,,Plein jour,En agglomération,Hors intersection,Normale,Deux véhicules - côté,,,,,,,,,,,1,2,1,1,3
200800027229,0008-05-03 21:45:00,8,5,3,21,45,750,113,"135, BOULEVARD VINCENT A",,,Nuit avec éclairage allumé,En agglomération,Hors intersection,Normale,Deux véhicules - côté,,,,,,,,,,,5,2,1,1,3
200800027230,0008-05-03 23:00:00,8,5,3,23,0,750,113,"44, RUE DE L AMIRAL MOUC",,,Nuit avec éclairage allumé,En agglomération,Hors intersection,Normale,Autre collision,,,,,,,,,,,5,2,1,1,6
200800027231,0008-05-04 18:20:00,8,5,4,18,20,750,113,"49, RUE DU DESSOUS DES B",,,Plein jour,En agglomération,Hors intersection,Normale,Autre collision,,,,,,,,,,,1,2,1,1,6
200800027232,0008-05-05 13:25:00,8,5,5,13,25,750,113,BOULEVARD MASSENA,,,Plein jour,En agglomération,Intersection en X,Normale,Deux véhicules - côté,,,,,,,,,,,1,2,2,1,3
200800027233,0008-05-05 17:00:00,8,5,5,17,0,750,113,BOULEVARD VINCENT AURIOL,,,Plein jour,En agglomération,Hors intersection,Normale,Deux véhicules - côté,,,,,,,,,,,1,2,1,1,3
200800027234,0008-05-07 09:48:00,8,5,7,9,48,750,113,"39, BOULEVARD DE PORT RO",,,Plein jour,En agglomération,Intersection en X,Normale,Deux véhicules - côté,,,,,,,,,,,1,2,2,1,3
200800027235,0008-05-07 13:40:00,8,5,7,13,40,750,113,"5-7, RUE FERNAND WIDAL",,,Plein jour,En agglomération,Hors intersection,Normale,Autre collision,,,,,,,,,,,1,2,1,1,6
200800027236,0008-05-07 18:20:00,8,5,7,18,20,750,113,"12, AVENUE DE LA PORTE D",,,Plein jour,En agglomération,Intersection à plus de 4 branches,Normale,Deux véhicules - côté,,,,,,,,,,,1,2,5,1,3
200800027237,0008-05-07 20:30:00,8,5,7,20,30,750,113,"229, RUE DE TOLBIAC",,,Plein jour,En agglomération,Hors intersection,Normale,Autre collision,,,,,,,,,,,1,2,1,1,6
200800027238,0008-05-09 11:51:00,8,5,9,11,51,750,113,"76, AVENUE D ITALIE",,,Plein jour,En agglomération,Hors intersection,Normale,Deux véhicules - arrière,,,,,,,,,,,1,2,1,1,2
200800027239,0008-05-09 23:20:00,8,5,9,23,20,750,113,"16, RUE DE TOLBIAC",,,Nuit avec éclairage allumé,En agglomération,Hors intersection,Normale,Autre collision,,,,,,,,,,,5,2,1,1,6
200800027240,0008-05-10 00:50:00,8,5,10,0,50,750,113,"178, AVENUE D ITALIE",,,Nuit avec éclairage allumé,En agglomération,Intersection en T,Normale,Deux véhicules - côté,,,,,,,,,,,5,2,3,1,3
200800027241,0008-05-11 22:20:00,8,5,11,22,20,750,113,"25, QUAI PANHARD ET LEVA",,,Nuit avec éclairage allumé,En agglomération,Hors intersection,Normale,Sans collision,,,,,,,,,,,5,2,1,1,7
200800027242,0008-05-13 12:50:00,8,5,13,12,50,750,113,"14, BOULEVARD ARAGO",,,Plein jour,En agglomération,Hors intersection,Temps éblouissant,Autre collision,,,,,,,,,,,1,2,1,7,6
200800027243,0008-05-13 18:20:00,8,5,13,18,20,750,113,"1, AVENUE D ITALIE",,,Plein jour,En agglomération,Hors intersection,Normale,Deux véhicules - arrière,,,,,,,,,,,1,2,1,1,2
200800027244,0008-05-13 23:15:00,8,5,13,23,15,750,113,BOULEVARD MASSENA,,,Nuit avec éclairage allumé,En agglomération,Intersection en T,Normale,Autre collision,,,,,,,,,,,5,2,3,1,6
200800027245,0008-05-14 05:35:00,8,5,14,5,35,750,113,"5, RUE DU PROFESSEUR LOU",,,Crépuscule ou aube,En agglomération,Hors intersection,Normale,Sans collision,,,,,,,,,,,2,2,1,1,7
200800027246,0008-05-14 15:50:00,8,5,14,15,50,750,113,"70, AVENUE EDISON",,,Plein jour,En agglomération,Intersection en T,Normale,Autre collision,,,,,,,,,,,1,2,3,1,6
200800027247,0008-05-14 17:48:00,8,5,14,17,48,750,113,"211, BOULEVARD VINCENT A",,,Plein jour,En agglomération,Hors intersection,Normale,Autre collision,,,,,,,,,,,1,2,1,1,6
200800027248,0008-05-14 19:44:00,8,5,14,19,44,750,113,AVENUE DES GOBELINS,,,Plein jour,En agglomération,Hors intersection,Pluie légère,Deux véhicules - côté,,,,,,,,,,,1,2,1,2,3
200800027249,0008-05-16 07:55:00,8,5,16,7,55,750,113,"203, BOULEVARD VINCENT A",,,Plein jour,En agglomération,Hors intersection,Normale,Autre collision,,,,,,,,,,,1,2,1,1,6
200800027250,0008-05-17 10:02:00,8,5,17,10,2,750,113,"215 bis, RUE DE TOLBIAC",,,Plein jour,En agglomération,Hors intersection,Pluie légère,Autre collision,,,,,,,,,,,1,2,1,2,6
200800027251,0008-05-17 14:55:00,8,5,17,14,55,750,113,"48, AVENUE DE LA PORTE D",,,Plein jour,En agglomération,Intersection en T,Normale,Deux véhicules - côté,,,,,,,,,,,1,2,3,1,3
200800027252,0008-05-18 14:40:00,8,5,18,14,40,750,113,"34, RUE DE PATAY",,,Plein jour,En agglomération,Intersection en X,Temps couvert,Deux véhicules - côté,,,,,,,,,,,1,2,2,8,3
200800027253,0008-05-19 13:00:00,8,5,19,13,0,750,113,"18, AVENUE D ITALIE",,,Plein jour,En agglomération,Hors intersection,Normale,Autre collision,,,,,,,,,,,1,2,1,1,6
200800027254,0008-05-19 15:45:00,8,5,19,15,45,750,113,"48, AVENUE D IVRY",,,Plein jour,En agglomération,Hors intersection,Normale,Autre collision,,,,,,,,,,,1,2,1,1,6
200800027255,0008-05-19 23:00:00,8,5,19,23,0,750,113,"03, BOULEVARD DE L HOPIT",,,Nuit avec éclairage allumé,En agglomération,Hors intersection,Normale,Autre collision,,,,,,,,,,,5,2,1,1,6
200800027256,0008-05-21 14:30:00,8,5,21,14,30,750,113,RUE DE LA GLACIERE,,,Plein jour,En agglomération,Intersection en X,Normale,Deux véhicules - arrière,,,,,,,,,,,1,2,2,1,2
200800027257,0008-05-21 17:50:00,8,5,21,17,50,750,113,"5, BOULEVARD DE L HOPITA",,,Plein jour,En agglomération,Intersection en T,Normale,Deux véhicules - côté,,,,,,,,,,,1,2,3,1,3
200800027258,0008-05-22 09:25:00,8,5,22,9,25,750,113,"187, RUE DE TOLBIAC",,,Plein jour,En agglomération,Hors intersection,Normale,Autre collision,,,,,,,,,,,1,2,1,1,6
200800027259,0008-05-22 11:35:00,8,5,22,11,35,750,113,"89, RUE DE TOLBIAC",,,Plein jour,En agglomération,Intersection en X,Normale,Sans collision,,,,,,,,,,,1,2,2,1,7
200800027260,0008-05-23 12:40:00,8,5,23,12,40,750,113,"176, AVENUE D ITALIE",,,Plein jour,En agglomération,Hors intersection,Normale,Deux véhicules - côté,,,,,,,,,,,1,2,1,1,3
200800027261,0008-05-24 17:55:00,8,5,24,17,55,750,113,"123, BOULEVARD DE L HOPI",,,Plein jour,En agglomération,Hors intersection,Pluie légère,Autre collision,,,,,,,,,,,1,2,1,2,6
200800027262,0008-05-28 15:25:00,8,5,28,15,25,750,113,QUAI D IVRY,,,Plein jour,En agglomération,Intersection en Y,Normale,Deux véhicules - côté,,,,,,,,,,,1,2,4,1,3
200800027263,0008-05-28 17:35:00,8,5,28,17,35,750,113,"164, BOULEVARD MASSENA",,,Plein jour,En agglomération,Intersection en X,Normale,Autre collision,,,,,,,,,,,1,2,2,1,6
200800027264,0008-05-29 13:15:00,8,5,29,13,15,750,113,RUE BROCA,,,Plein jour,En agglomération,Intersection en X,Normale,Deux véhicules - côté,,,,,,,,,,,1,2,2,1,3
200800027265,0008-05-29 15:45:00,8,5,29,15,45,750,113,"44, AVENUE DES GOBELINS",,,Plein jour,En agglomération,Hors intersection,Temps couvert,Trois véhicules et plus - en chaîne,,,,,,,,,,,1,2,1,8,4
200800027266,0008-05-31 23:00:00,8,5,31,23,0,750,113,"110, BOULEVARD KELLERMAN",,,Nuit avec éclairage allumé,En agglomération,Intersection en X,Normale,Deux véhicules - côté,,,,,,,,,,,5,2,2,1,3
200800027267,0008-05-31 13:20:00,8,5,31,13,20,750,113,"90, BOULEVARD MASSENA",,,Plein jour,En agglomération,Intersection en X,Normale,Deux véhicules - côté,,,,,,,,,,,1,2,2,1,3
200800027268,0008-05-11 17:20:00,8,5,11,17,20,750,114,PLACE DU VINGT CINQ AOUT,,,Plein jour,En agglomération,Intersection à plus de 4 branches,Normale,Autre collision,,,,,,,,,,,1,2,5,1,6
200800027269,0008-05-01 17:40:00,8,5,1,17,40,750,114,BOULEVARD BRUNE,,,Plein jour,En agglomération,Intersection en X,Normale,Deux véhicules - côté,,,,,,,,,,,1,2,2,1,3
200800027270,0008-05-02 01:15:00,8,5,2,1,15,750,114,"89, AVENUE DU MAINE",,,Nuit avec éclairage allumé,En agglomération,Intersection à plus de 4 branches,Pluie forte,Deux véhicules - côté,,,,,,,,,,,5,2,5,3,3
200800027271,0008-05-08 09:00:00,8,5,8,9,0,750,114,"45, BOULEVARD ROMAIN ROL",,,Plein jour,En agglomération,Intersection en X,Normale,Deux véhicules - côté,,,,,,,,,,,1,2,2,1,3
200800027272,0008-05-09 06:30:00,8,5,9,6,30,750,114,"17, RUE DECRES",,,Plein jour,En agglomération,Intersection en X,Normale,Deux véhicules - côté,,,,,,,,,,,1,2,2,1,3
200800027273,0008-05-09 08:45:00,8,5,9,8,45,750,114,"21, AVENUE DU GENERAL LE",,,Plein jour,En agglomération,Intersection en T,Normale,Autre collision,,,,,,,,,,,1,2,3,1,6
200800027274,0008-05-10 11:50:00,8,5,10,11,50,750,114,"101, BOULEVARD ARAGO",,,Plein jour,En agglomération,Intersection en X,Normale,Deux véhicules - arrière,,,,,,,,,,,1,2,2,1,2
200800027275,0008-05-12 18:15:00,8,5,12,18,15,750,114,"8/6, RUE D ALESIA",,,Plein jour,En agglomération,Intersection en X,Normale,Deux véhicules - côté,,,,,,,,,,,1,2,2,1,3
200800027276,0008-05-13 14:55:00,8,5,13,14,55,750,114,"28, AVENUE DE LA PORTE D",,,Plein jour,En agglomération,Hors intersection,Normale,Autre collision,,,,,,,,,,,1,2,1,1,6
200800027277,0008-05-13 21:10:00,8,5,13,21,10,750,114,"15-29, RUE GUILLEMINOT",,,Crépuscule ou aube,En agglomération,Hors intersection,Normale,Deux véhicules - côté,,,,,,,,,,,2,2,1,1,3
200800027278,0008-05-14 10:50:00,8,5,14,10,50,750,114,"107bis, AVENUE DU GENERA",,,Plein jour,En agglomération,Hors intersection,Normale,Autre collision,,,,,,,,,,,1,2,1,1,6
200800027279,0008-05-14 12:35:00,8,5,14,12,35,750,114,"1, RUE DELAMBRE",,,Plein jour,En agglomération,Intersection en T,Normale,Autre collision,,,,,,,,,,,1,2,3,1,6
200800027280,0008-05-16 07:30:00,8,5,16,7,30,750,114,AVENUE DE LA PORTE D ORL,,,Plein jour,En agglomération,Intersection en X,Normale,Deux véhicules - côté,,,,,,,,,,,1,2,2,1,3
200800027281,0008-05-17 20:25:00,8,5,17,20,25,750,114,"96, RUE RAYMOND LOSSERAN",,,Plein jour,En agglomération,Hors intersection,Normale,Autre collision,,,,,,,,,,,1,2,1,1,6
200800027282,0008-05-19 07:50:00,8,5,19,7,50,750,114,"51, RUE DES PLANTES",,,Plein jour,En agglomération,Hors intersection,Normale,Autre collision,,,,,,,,,,,1,2,1,1,6
200800027283,0008-05-19 11:00:00,8,5,19,11,0,750,114,"196, BOULEVARD RASPAIL",,,Plein jour,En agglomération,Intersection en Y,Normale,Deux véhicules - côté,,,,,,,,,,,1,2,4,1,3
200800027284,0008-05-19 20:35:00,8,5,19,20,35,750,114,"12, RUE JEAN ZAY",,,Plein jour,En agglomération,Hors intersection,Normale,Deux véhicules - côté,,,,,,,,,,,1,2,1,1,3
200800027285,0008-05-20 18:10:00,8,5,20,18,10,750,114,PLACE DE CATALOGNE,,,Plein jour,En agglomération,Giratoire,Normale,Deux véhicules - côté,,,,,,,,,,,1,2,6,1,3
200800027286,0008-05-21 10:00:00,8,5,21,10,0,750,114,"5, RUE GUSTAVE LE BON",,,Plein jour,En agglomération,Hors intersection,Normale,Deux véhicules - côté,,,,,,,,,,,1,2,1,1,3
200800027287,0008-05-21 16:30:00,8,5,21,16,30,750,114,"143, BOULEVARD BRUNE",,,Plein jour,En agglomération,Intersection en X,Normale,Deux véhicules - côté,,,,,,,,,,,1,2,2,1,3
200800027288,0008-05-21 22:15:00,8,5,21,22,15,750,114,AVENUE DE LA PORTE DE CH,,,Nuit avec éclairage non allumé,En agglomération,Intersection en X,Normale,Deux véhicules - côté,,,,,,,,,,,4,2,2,1,3
200800027289,0008-05-25 10:15:00,8,5,25,10,15,750,114,BOULEVARD ARAGO,,,Plein jour,En agglomération,Place,Normale,Deux véhicules - côté,,,,,,,,,,,1,2,7,1,3
200800027290,0008-05-25 15:30:00,8,5,25,15,30,750,114,"32, AVENUE REILLE",,,Plein jour,En agglomération,Hors intersection,Normale,Deux véhicules - côté,,,,,,,,,,,1,2,1,1,3
200800027291,0008-05-26 11:40:00,8,5,26,11,40,750,114,"11, AVENUE RENE COTY",,,Plein jour,En agglomération,Intersection en T,Normale,Deux véhicules - arrière,,,,,,,,,,,1,2,3,1,2
200800027292,0008-05-26 13:20:00,8,5,26,13,20,750,114,"134, AVENUE DU GENERAL L",,,Plein jour,En agglomération,Hors intersection,Normale,Autre collision,,,,,,,,,,,1,2,1,1,6
200800027293,0008-05-26 13:30:00,8,5,26,13,30,750,114,BOULEVARD BRUNE,,,Plein jour,En agglomération,Intersection en X,Temps couvert,Deux véhicules - côté,,,,,,,,,,,1,2,2,8,3
200800027294,0008-05-26 17:00:00,8,5,26,17,0,750,114,"134, RUE D ALESIA",,,Plein jour,En agglomération,Hors intersection,Pluie légère,Autre collision,,,,,,,,,,,1,2,1,2,6
200800027295,0008-05-26 19:30:00,8,5,26,19,30,750,114,"8, AVENUE RENE COTY",,,Plein jour,En agglomération,Hors intersection,Pluie légère,Deux véhicules - côté,,,,,,,,,,,1,2,1,2,3
200800027296,0008-05-27 14:55:00,8,5,27,14,55,750,114,AVENUE DU MAINE,,,Plein jour,En agglomération,Hors intersection,Pluie légère,Autre collision,,,,,,,,,,,1,2,1,2,6
200800027297,0008-05-27 17:55:00,8,5,27,17,55,750,114,"31, RUE DU FAUBOURG SAIN",,,Plein jour,En agglomération,Hors intersection,Pluie légère,Sans collision,,,,,,,,,,,1,2,1,2,7
200800027298,0008-05-01 17:50:00,8,5,1,17,50,750,115,"8, RUE JOSEPH LIOUVILLE",,,Plein jour,En agglomération,Hors intersection,Normale,Deux véhicules - côté,,,,,,,,,,,1,2,1,1,3
200800027299,0008-05-04 05:45:00,8,5,4,5,45,750,115,QUAI D ISSY LES MOULINEA,,,Nuit avec éclairage allumé,En agglomération,Hors intersection,Normale,Sans collision,,,,,,,,,,,5,2,1,1,7
200800027300,0008-05-07 00:55:00,8,5,7,0,55,750,115,"16, RUE LECOURBE",,,Nuit avec éclairage allumé,En agglomération,Hors intersection,Normale,Trois véhicules et plus - en chaîne,,,,,,,,,,,5,2,1,1,4
200800027301,0008-05-07 17:40:00,8,5,7,17,40,750,115,"94, BOULEVARD LEFEBVRE",,,Plein jour,En agglomération,Intersection en X,Normale,Deux véhicules - côté,,,,,,,,,,,1,2,2,1,3
200800027302,0008-05-11 18:40:00,8,5,11,18,40,750,115,"125, RUE LECOURBE",,,Plein jour,En agglomération,Hors intersection,Normale,Deux véhicules - côté,,,,,,,,,,,1,2,1,1,3
200800027303,0008-05-13 06:50:00,8,5,13,6,50,750,115,"121, RUE DE LA CONVENTIO",,,Plein jour,En agglomération,Intersection en T,Normale,Deux véhicules - côté,,,,,,,,,,,1,2,3,1,3
200800027304,0008-05-13 09:55:00,8,5,13,9,55,750,115,"103, QUAI BRANLY",,,Plein jour,En agglomération,Hors intersection,Normale,Sans collision,,,,,,,,,,,1,2,1,1,7
200800027305,0008-05-13 20:00:00,8,5,13,20,0,750,115,"283, RUE DE VAUGIRARD",,,Plein jour,En agglomération,Intersection en T,Normale,Deux véhicules - côté,,,,,,,,,,,1,2,3,1,3
200800027306,0008-05-14 12:55:00,8,5,14,12,55,750,115,"35, RUE BALARD",,,Plein jour,En agglomération,Hors intersection,Normale,Deux véhicules - côté,,,,,,,,,,,1,2,1,1,3
200800027307,0008-05-16 01:30:00,8,5,16,1,30,750,115,"56, RUE CAMBRONNE",,,Nuit avec éclairage allumé,En agglomération,Hors intersection,Normale,Autre collision,,,,,,,,,,,5,2,1,1,6
200800027308,0008-05-16 09:00:00,8,5,16,9,0,750,115,"60, AVENUE FELIX FAURE",,,Plein jour,En agglomération,Intersection en X,Normale,Deux véhicules - côté,,,,,,,,,,,1,2,2,1,3
200800027309,0008-05-20 09:15:00,8,5,20,9,15,750,115,PORTE BRANCION,,,Plein jour,En agglomération,Hors intersection,Normale,Deux véhicules - côté,,,,,,,,,,,1,2,1,1,3
200800027310,0008-05-21 14:50:00,8,5,21,14,50,750,115,"134, RUE DE LA CONVENTIO",,,Plein jour,En agglomération,Intersection en X,Normale,Deux véhicules - côté,,,,,,,,,,,1,2,2,1,3
200800027311,0008-05-21 18:10:00,8,5,21,18,10,750,115,"29, RUE LINOIS",,,Plein jour,En agglomération,Hors intersection,Normale,Autre collision,,,,,,,,,,,1,2,1,1,6
200800027312,0008-05-21 18:50:00,8,5,21,18,50,750,115,"50, RUE DE VOUILLE",,,Plein jour,En agglomération,Intersection à plus de 4 branches,Normale,Deux véhicules - côté,,,,,,,,,,,1,2,5,1,3
200800027313,0008-05-22 21:50:00,8,5,22,21,50,750,115,BOULEVARD PERIPHERIQUE I,,,Nuit avec éclairage allumé,En agglomération,Hors intersection,Normale,Trois véhicules et plus - collisions multiples,,,,,,,,,,,5,2,1,1,5
200800027314,0008-05-23 18:25:00,8,5,23,18,25,750,115,"129bis, RUE SAINT CHARLE",,,Plein jour,En agglomération,Hors intersection,Normale,Deux véhicules - côté,,,,,,,,,,,1,2,1,1,3
200800027315,0008-05-23 19:20:00,8,5,23,19,20,750,115,"0, RUE DE VOUILLE",,,Plein jour,En agglomération,Intersection en X,Normale,Deux véhicules - côté,,,,,,,,,,,1,2,2,1,3
200800027316,0008-05-24 18:45:00,8,5,24,18,45,750,115,"17, RUE FREMICOURT",,,Plein jour,En agglomération,Intersection en X,Pluie légère,Deux véhicules - côté,,,,,,,,,,,1,2,2,2,3
200800027317,0008-05-25 07:50:00,8,5,25,7,50,750,115,"16, BOULEVARD PASTEUR",,,Plein jour,En agglomération,Hors intersection,Normale,Sans collision,,,,,,,,,,,1,2,1,1,7
200800027318,0008-05-25 12:00:00,8,5,25,12,0,750,115,"47, RUE DE VOUILLE",,,Plein jour,En agglomération,Intersection en X,Normale,Autre collision,,,,,,,,,,,1,2,2,1,6
200800027319,0008-05-26 10:50:00,8,5,26,10,50,750,115,"195, RUE LECOURBE",,,Plein jour,En agglomération,Hors intersection,Normale,Sans collision,,,,,,,,,,,1,2,1,1,7
200800027320,0008-05-26 12:50:00,8,5,26,12,50,750,115,"62, BOULEVARD PASTEUR",,,Plein jour,En agglomération,Hors intersection,Normale,Trois véhicules et plus - en chaîne,,,,,,,,,,,1,2,1,1,4
200800027321,0008-05-26 13:25:00,8,5,26,13,25,750,115,"7, ROND POINT DU PONT MI",,,Plein jour,En agglomération,Intersection à plus de 4 branches,Normale,Autre collision,,,,,,,,,,,1,2,5,1,6
200800027322,0008-05-27 11:05:00,8,5,27,11,5,750,115,"95, BOULEVARD DE GRENELL",,,Plein jour,En agglomération,Hors intersection,Pluie légère,Autre collision,,,,,,,,,,,1,2,1,2,6
200800027323,0008-05-27 20:30:00,8,5,27,20,30,750,115,"146, RUE DE LA CONVENTIO",,,Crépuscule ou aube,En agglomération,Hors intersection,Pluie légère,Deux véhicules - côté,,,,,,,,,,,2,2,1,2,3
200800027324,0008-05-27 21:45:00,8,5,27,21,45,750,115,"65, RUE DE L AMIRAL ROUS",,,Nuit avec éclairage allumé,En agglomération,Intersection en X,Pluie légère,Deux véhicules - côté,,,,,,,,,,,5,2,2,2,3
200800027325,0008-05-29 08:55:00,8,5,29,8,55,750,115,"26 TER, BOULEVARD VICTOR",,,Plein jour,En agglomération,Hors intersection,Normale,Deux véhicules - arrière,,,,,,,,,,,1,2,1,1,2
200800027326,0008-05-01 16:10:00,8,5,1,16,10,750,116,AVENUE DE SAINT CLOUD,,,Plein jour,En agglomération,Hors intersection,Normale,Autre collision,,,,,,,,,,,1,2,1,1,6
200800027327,0008-05-01 18:00:00,8,5,1,18,0,750,116,PLACE D IENA,,,Plein jour,En agglomération,Intersection à plus de 4 branches,Normale,Deux véhicules - côté,,,,,,,,,,,1,2,5,1,3
200800027328,0008-05-01 21:30:00,8,5,1,21,30,750,116,"71, AVENUE MARCEAU",,,Nuit avec éclairage allumé,En agglomération,Intersection à plus de 4 branches,Normale,Deux véhicules - côté,,,,,,,,,,,5,2,5,1,3
200800027329,0008-05-05 18:15:00,8,5,5,18,15,750,116,AVENUE DU PRESIDENT WILS,,,Plein jour,En agglomération,Intersection en X,Normale,Sans collision,,,,,,,,,,,1,2,2,1,7
200800027330,0008-05-07 05:45:00,8,5,7,5,45,750,116,BOULEVARD LANNES,,,Crépuscule ou aube,En agglomération,Intersection en T,Normale,Deux véhicules - côté,,,,,,,,,,,2,2,3,1,3
200800027331,0008-05-06 13:00:00,8,5,6,13,0,750,116,AVENUE DE LA PORTE DE SA,,,Plein jour,En agglomération,Intersection à plus de 4 branches,Normale,Deux véhicules - côté,,,,,,,,,,,1,2,5,1,3
200800027332,0008-05-07 16:40:00,8,5,7,16,40,750,116,PLACE DU MARECHAL DE LAT,,,Plein jour,En agglomération,Intersection en T,Normale,Deux véhicules - arrière,,,,,,,,,,,1,2,3,1,2
200800027333,0008-05-07 13:55:00,8,5,7,13,55,750,116,RUE CHARDON LAGACHE,,,Plein jour,En agglomération,Intersection en X,Normale,Autre collision,,,,,,,,,,,1,2,2,1,6
200800027334,0008-05-08 16:10:00,8,5,8,16,10,750,116,AVENUE RAPHAEL,,,Plein jour,En agglomération,Hors intersection,Normale,Deux véhicules - arrière,,,,,,,,,,,1,2,1,1,2
200800027335,0008-05-10 13:50:00,8,5,10,13,50,750,116,BOULEVARD JULES SANDEAU,,,Plein jour,En agglomération,Intersection en X,Normale,Autre collision,,,,,,,,,,,1,2,2,1,6
200800027336,0008-05-11 02:05:00,8,5,11,2,5,750,116,AVENUE DU PRESIDENT WILS,,,Nuit avec éclairage allumé,En agglomération,Hors intersection,Normale,Deux véhicules - arrière,,,,,,,,,,,5,2,1,1,2
200800027337,0008-05-12 12:35:00,8,5,12,12,35,750,116,AVENUE RAYMOND POINCARE,,,Plein jour,En agglomération,Intersection en X,Normale,Deux véhicules - côté,,,,,,,,,,,1,2,2,1,3
200800027338,0008-05-13 18:45:00,8,5,13,18,45,750,116,ALLEE DE LA REINE MARGUE,,,Plein jour,En agglomération,Hors intersection,Normale,Autre collision,,,,,,,,,,,1,2,1,1,6
200800027339,0008-05-13 20:50:00,8,5,13,20,50,750,116,"60, AVENUE PAUL DOUMER",,,Crépuscule ou aube,En agglomération,Intersection à plus de 4 branches,Normale,Sans collision,,,,,,,,,,,2,2,5,1,7
200800027340,0008-05-14 07:50:00,8,5,14,7,50,750,116,"50, RUE D AUTEUIL",,,Plein jour,En agglomération,Hors intersection,Normale,Deux véhicules - arrière,,,,,,,,,,,1,2,1,1,2
200800027341,0008-05-15 00:35:00,8,5,15,0,35,750,116,AVENUE ALBERT DE MUN,,,Nuit avec éclairage allumé,En agglomération,Intersection en T,Pluie forte,Autre collision,,,,,,,,,,,5,2,3,3,6
200800027342,0008-05-18 01:45:00,8,5,18,1,45,750,116,ALLEE DE LA REINE MARGUE,,,Nuit avec éclairage allumé,En agglomération,Hors intersection,Normale,Deux véhicules - côté,,,,,,,,,,,5,2,1,1,3
200800027343,0008-05-18 19:57:00,8,5,18,19,57,750,116,"2, BOULEVARD DELESSERT",,,Plein jour,En agglomération,Intersection en T,Normale,Deux véhicules - côté,,,,,,,,,,,1,2,3,1,3
200800027344,0008-05-18 20:45:00,8,5,18,20,45,750,116,"160, RUE DE LA POMPE",,,Plein jour,En agglomération,Hors intersection,Normale,Sans collision,,,,,,,,,,,1,2,1,1,7
200800027345,0008-05-18 21:30:00,8,5,18,21,30,750,116,PLACE D IENA,,,Nuit avec éclairage allumé,En agglomération,Intersection en X,Normale,Deux véhicules - arrière,,,,,,,,,,,5,2,2,1,2
200800027346,0008-05-19 09:20:00,8,5,19,9,20,750,116,"64, RUE DES VIGNES",,,Plein jour,En agglomération,Hors intersection,Normale,Sans collision,,,,,,,,,,,1,2,1,1,7
200800027347,0008-05-20 08:25:00,8,5,20,8,25,750,116,BOULEVARD PERIPHERIQUE,,,Nuit avec éclairage allumé,En agglomération,Hors intersection,Normale,Trois véhicules et plus - en chaîne,,,,,,,,,,,5,2,1,1,4
200800027348,0008-05-20 12:25:00,8,5,20,12,25,750,116,AVENUE DE LA PORTE D AUT,,,Plein jour,En agglomération,Hors intersection,Normale,Deux véhicules - arrière,,,,,,,,,,,1,2,1,1,2
200800027349,0008-05-20 13:20:00,8,5,20,13,20,750,116,"123, BOULEVARD EXELMANS",,,Plein jour,En agglomération,Hors intersection,Normale,Autre collision,,,,,,,,,,,1,2,1,1,6
200800027350,0008-05-21 10:50:00,8,5,21,10,50,750,116,CARREFOUR DES TRIBUNES,,,Plein jour,En agglomération,Hors intersection,Normale,Autre collision,,,,,,,,,,,1,2,1,1,6
200800027351,0008-05-22 16:20:00,8,5,22,16,20,750,116,AVENUE DE LA PORTE DE SA,,,Plein jour,En agglomération,Intersection à plus de 4 branches,Normale,Deux véhicules - côté,,,,,,,,,,,1,2,5,1,3
200800027352,0008-05-22 17:25:00,8,5,22,17,25,750,116,AVENUE KLEBER,,,Plein jour,En agglomération,Intersection en X,Normale,Deux véhicules - côté,,,,,,,,,,,1,2,2,1,3
200800027353,0008-05-23 07:00:00,8,5,23,7,0,750,116,"40, BOULEVARD SUCHET",,,Plein jour,En agglomération,Intersection en X,Normale,Sans collision,,,,,,,,,,,1,2,2,1,7
200800027354,0008-05-23 11:05:00,8,5,23,11,5,750,116,AVENUE DE VERSAILLES,,,Plein jour,En agglomération,Intersection en T,Normale,Autre collision,,,,,,,,,,,1,2,3,1,6
200800027355,0008-05-23 11:00:00,8,5,23,11,0,750,116,"38, AVENUE KLEBER",,,Plein jour,En agglomération,Hors intersection,Normale,Deux véhicules - côté,,,,,,,,,,,1,2,1,1,3
200800027356,0008-05-23 12:00:00,8,5,23,12,0,750,116,AVENUE DES NATIONS UNIES,,,Plein jour,En agglomération,Intersection en X,Normale,Autre collision,,,,,,,,,,,1,2,2,1,6
200800027357,0008-05-24 05:35:00,8,5,24,5,35,750,116,PLACE D IENA,,,Crépuscule ou aube,En agglomération,Intersection à plus de 4 branches,Normale,Autre collision,,,,,,,,,,,2,2,5,1,6
200800027358,0008-05-24 14:15:00,8,5,24,14,15,750,116,RUE JEAN DE LA FONTAINE,,,Plein jour,En agglomération,Intersection à plus de 4 branches,Pluie légère,Deux véhicules - côté,,,,,,,,,,,1,2,5,2,3
200800027359,0008-05-25 05:50:00,8,5,25,5,50,750,116,AVENUE DE VERSAILLES,,,Plein jour,En agglomération,Intersection en X,Temps couvert,Deux véhicules - côté,,,,,,,,,,,1,2,2,8,3
200800027360,0008-05-25 12:45:00,8,5,25,12,45,750,116,ROUTE DE LA MUETTE A NEU,,,Plein jour,En agglomération,Hors intersection,Normale,Autre collision,,,,,,,,,,,1,2,1,1,6