accident_id,datetime,annee,mois,jour,heure,minute,departement,commune_insee,adresse,latitude,longitude,luminosite,agglomeration,intersection,meteo,collision,nb_vehicules,nb_usagers,nb_indemnes,nb_tues,nb_blesses_hosp,nb_blesses_legers,age_cond_1,age_cond_2,veh_type_cond_1,veh_type_cond_2,lum_code,agg_code,int_code,atm_code,col_code
200800027361,0008-05-26 09:20:00,8,5,26,9,20,750,116,VOIE GEORGES POMPIDOU,,,Plein jour,En agglomération,Hors intersection,Normale,Trois véhicules et plus - en chaîne,,,,,,,,,,,1,2,1,1,4
200800027362,0008-05-26 13:30:00,8,5,26,13,30,750,116,BOULEVARD PERIPHERIQUE,,,Plein jour,En agglomération,Hors intersection,Normale,Autre collision,,,,,,,,,,,1,2,1,1,6
200800027363,0008-05-26 20:30:00,8,5,26,20,30,750,116,PLACE CHARLES DE GAULLE,,,Crépuscule ou aube,En agglomération,Intersection à plus de 4 branches,Temps couvert,Autre collision,,,,,,,,,,,2,2,5,8,6
200800027364,0008-05-27 11:30:00,8,5,27,11,30,750,116,VOIE GEORGES POMPIDOU,,,Plein jour,En agglomération,Hors intersection,Pluie légère,Sans collision,,,,,,,,,,,1,2,1,2,7
200800027365,0008-05-27 14:20:00,8,5,27,14,20,750,116,AVENUE MARCEAU,,,Plein jour,En agglomération,Intersection en X,Pluie forte,Deux véhicules - arrière,,,,,,,,,,,1,2,2,3,2
200800027366,0008-05-27 15:30:00,8,5,27,15,30,750,116,ROUTE DE SURESNES,,,Plein jour,En agglomération,Intersection en X,Pluie forte,Deux véhicules - côté,,,,,,,,,,,1,2,2,3,3
200800027367,0008-05-27 22:00:00,8,5,27,22,0,750,116,QUAI LOUIS BLERIOT,,,Nuit avec éclairage allumé,En agglomération,Intersection en X,Pluie légère,Deux véhicules - côté,,,,,,,,,,,5,2,2,2,3
200800027368,0008-05-28 16:00:00,8,5,28,16,0,750,116,PLACE DU TROCADERO,,,Plein jour,En agglomération,Intersection à plus de 4 branches,Normale,Deux véhicules - arrière,,,,,,,,,,,1,2,5,1,2
200800027369,0008-05-29 15:30:00,8,5,29,15,30,750,116,"3, AVENUE DE LA PORTE D",,,Plein jour,En agglomération,Hors intersection,Pluie forte,Deux véhicules - côté,,,,,,,,,,,1,2,1,3,3
200800027370,0008-05-29 16:40:00,8,5,29,16,40,750,116,AVENUE PIERRE 1ER DE SER,,,Plein jour,En agglomération,Intersection en X,Normale,Deux véhicules - côté,,,,,,,,,,,1,2,2,1,3
200800027371,0008-05-30 09:20:00,8,5,30,9,20,750,116,"1, AVENUE DE LA GRANDE A",,,Plein jour,En agglomération,Hors intersection,Normale,Deux véhicules - arrière,,,,,,,,,,,1,2,1,1,2
200800027372,0008-05-30 13:05:00,8,5,30,13,5,750,116,"59 bis, BOULEVARD MURAT",,,Plein jour,En agglomération,Intersection en X,Normale,Sans collision,,,,,,,,,,,1,2,2,1,7
200800027373,0008-05-30 18:15:00,8,5,30,18,15,750,116,"52, AVENUE D IENA",,,Plein jour,En agglomération,Intersection en X,Normale,Autre collision,,,,,,,,,,,1,2,2,1,6
200800027374,0008-05-30 19:45:00,8,5,30,19,45,750,116,VOIE GEORGES POMPIDOU,,,Plein jour,En agglomération,Hors intersection,Normale,Deux véhicules - côté,,,,,,,,,,,1,2,1,1,3
200800027375,0008-05-31 03:30:00,8,5,31,3,30,750,116,AVENUE DU PRESIDENT WILS,,,Nuit avec éclairage allumé,En agglomération,Intersection en X,Normale,Deux véhicules - côté,,,,,,,,,,,5,2,2,1,3
200800027376,0008-05-31 08:50:00,8,5,31,8,50,750,116,"15, AVENUE DE LA PORTE D",,,Plein jour,En agglomération,Hors intersection,Normale,Autre collision,,,,,,,,,,,1,2,1,1,6
200800027377,0008-05-31 11:10:00,8,5,31,11,10,750,116,"49, AVENUE DE LA GRANDE",,,Plein jour,En agglomération,Hors intersection,Normale,Trois véhicules et plus - en chaîne,,,,,,,,,,,1,2,1,1,4
200800027378,0008-05-31 15:00:00,8,5,31,15,0,750,116,RUE RAYNOUARD,,,Plein jour,En agglomération,Intersection en T,Normale,Autre collision,,,,,,,,,,,1,2,3,1,6
200800027379,0008-05-01 16:50:00,8,5,1,16,50,750,117,"31, RUE DES BATIGNOLLES",,,Plein jour,En agglomération,Intersection en X,Normale,Deux véhicules - côté,,,,,,,,,,,1,2,2,1,3
200800027380,0008-05-01 15:45:00,8,5,1,15,45,750,117,"45, BOULEVARD BESSIERES",,,Plein jour,En agglomération,Intersection à plus de 4 branches,Normale,Deux véhicules - côté,,,,,,,,,,,1,2,5,1,3
200800027381,0008-05-05 06:00:00,8,5,5,6,0,750,117,"52, AVENUE DE CLICHY",,,Crépuscule ou aube,En agglomération,Intersection en T,Normale,Autre collision,,,,,,,,,,,2,2,3,1,6
200800027382,0008-05-05 12:25:00,8,5,5,12,25,750,117,RUE DE PRONY,,,Plein jour,En agglomération,Intersection en X,Normale,Deux véhicules - côté,,,,,,,,,,,1,2,2,1,3
200800027383,0008-05-05 16:05:00,8,5,5,16,5,750,117,"36, AVENUE DE LA GRANDE",,,Plein jour,En agglomération,Hors intersection,Temps éblouissant,Deux véhicules - arrière,,,,,,,,,,,1,2,1,7,2
200800027384,0008-05-06 15:15:00,8,5,6,15,15,750,117,"63, RUE DE PRONY",,,Plein jour,En agglomération,Intersection en X,Normale,Deux véhicules - côté,,,,,,,,,,,1,2,2,1,3
200800027385,0008-05-07 14:45:00,8,5,7,14,45,750,117,"3, BOULEVARD BERTHIER",,,Plein jour,En agglomération,Hors intersection,Normale,Deux véhicules - arrière,,,,,,,,,,,1,2,1,1,2
200800027386,0008-05-08 06:54:00,8,5,8,6,54,750,117,PLACE DE LA PORTE MAILLO,,,Plein jour,En agglomération,Hors intersection,Normale,Deux véhicules - frontale,,,,,,,,,,,1,2,1,1,1
200800027387,0008-05-08 18:50:00,8,5,8,18,50,750,117,PLACE DU GENERAL KOENIG,,,Plein jour,En agglomération,Place,Normale,Deux véhicules - arrière,,,,,,,,,,,1,2,7,1,2
200800027388,0008-05-08 21:34:00,8,5,8,21,34,750,117,"174, BOULEVARD PEREIRE",,,Nuit avec éclairage allumé,En agglomération,Intersection en X,Normale,Autre collision,,,,,,,,,,,5,2,2,1,6
200800027389,0008-05-09 07:35:00,8,5,9,7,35,750,117,"1, AVENUE DE LA PORTE D",,,Plein jour,En agglomération,Intersection en X,Normale,Deux véhicules - arrière,,,,,,,,,,,1,2,2,1,2
200800027390,0008-05-10 06:20:00,8,5,10,6,20,750,117,BOULEVARD PERSHING,,,Plein jour,En agglomération,Hors intersection,Normale,Sans collision,,,,,,,,,,,1,2,1,1,7
200800027391,0008-05-13 14:45:00,8,5,13,14,45,750,117,"190 Bis, AVENUE DE CLICH",,,Plein jour,En agglomération,Hors intersection,Normale,Deux véhicules - côté,,,,,,,,,,,1,2,1,1,3
200800027392,0008-05-13 19:05:00,8,5,13,19,5,750,117,"1, RUE RUHMKORFF",,,Crépuscule ou aube,En agglomération,Intersection en T,Normale,Autre collision,,,,,,,,,,,2,2,3,1,6
200800027393,0008-05-14 10:02:00,8,5,14,10,2,750,117,"24, AVENUE DE LA PORTE D",,,Plein jour,En agglomération,Intersection en T,Normale,Deux véhicules - côté,,,,,,,,,,,1,2,3,1,3
200800027394,0008-05-14 11:20:00,8,5,14,11,20,750,117,"148, BOULEVARD MALESHERB",,,Plein jour,En agglomération,Hors intersection,Normale,Trois véhicules et plus - en chaîne,,,,,,,,,,,1,2,1,1,4
200800027395,0008-05-14 12:10:00,8,5,14,12,10,750,117,"16, RUE JACQUES IBERT",,,Plein jour,En agglomération,Hors intersection,Normale,Deux véhicules - arrière,,,,,,,,,,,1,2,1,1,2
200800027396,0008-05-15 09:19:00,8,5,15,9,19,750,117,"22, AVENUE DE LA GRANDE",,,Plein jour,En agglomération,Intersection en X,Normale,Autre collision,,,,,,,,,,,1,2,2,1,6
200800027397,0008-05-15 13:50:00,8,5,15,13,50,750,117,"42, BOULEVARD DE DOUAUMO",,,Plein jour,En agglomération,Intersection en X,Normale,Deux véhicules - côté,,,,,,,,,,,1,2,2,1,3
200800027398,0008-05-15 18:50:00,8,5,15,18,50,750,117,RUE GUY MOQUET,,,Plein jour,En agglomération,Intersection en X,Normale,Autre collision,,,,,,,,,,,1,2,2,1,6
200800027399,0008-05-17 19:40:00,8,5,17,19,40,750,117,"29, RUE DESCOMBES",,,Plein jour,En agglomération,Hors intersection,Pluie forte,Autre collision,,,,,,,,,,,1,2,1,3,6
200800027400,0008-05-18 18:20:00,8,5,18,18,20,750,117,"108, BOULEVARD MALESHERB",,,Plein jour,En agglomération,Intersection en X,Normale,Sans collision,,,,,,,,,,,1,2,2,1,7
200800027401,0008-05-19 09:00:00,8,5,19,9,0,750,117,"21, BOULEVARD GOUVION SA",,,Plein jour,En agglomération,Hors intersection,Normale,Deux véhicules - côté,,,,,,,,,,,1,2,1,1,3
200800027402,0008-05-22 11:35:00,8,5,22,11,35,750,117,"03, AVENUE DE LA PORTE D",,,Plein jour,En agglomération,Intersection en X,Normale,Deux véhicules - arrière,,,,,,,,,,,1,2,2,1,2
200800027403,0008-05-23 14:55:00,8,5,23,14,55,750,117,"41, AVENUE DE CLICHY",,,Plein jour,En agglomération,Intersection en X,Normale,Deux véhicules - côté,,,,,,,,,,,1,2,2,1,3
200800027404,0008-05-24 19:40:00,8,5,24,19,40,750,117,"163, AVENUE DE CLICHY",,,Plein jour,En agglomération,Hors intersection,Temps couvert,Deux véhicules - arrière,,,,,,,,,,,1,2,1,8,2
200800027405,0008-05-25 09:58:00,8,5,25,9,58,750,117,PLACE DE LA PORTE DE CHA,,,Plein jour,En agglomération,Intersection en X,Normale,Deux véhicules - côté,,,,,,,,,,,1,2,2,1,3
200800027406,0008-05-26 09:40:00,8,5,26,9,40,750,117,"136, AVENUE DE CLICHY",,,Plein jour,En agglomération,Intersection en X,Normale,Deux véhicules - arrière,,,,,,,,,,,1,2,2,1,2
200800027407,0008-05-26 16:15:00,8,5,26,16,15,750,117,PLACE DE VERDUN,,,Plein jour,En agglomération,Intersection en T,Pluie forte,Sans collision,,,,,,,,,,,1,2,3,3,7
200800027408,0008-05-27 09:15:00,8,5,27,9,15,750,117,"07, AVENUE DE SAINT OUEN",,,Plein jour,En agglomération,Intersection en X,Normale,Autre collision,,,,,,,,,,,1,2,2,1,6
200800027409,0008-05-27 14:05:00,8,5,27,14,5,750,117,"103, RUE DE ROME",,,Plein jour,En agglomération,Intersection en X,Pluie légère,Deux véhicules - côté,,,,,,,,,,,1,2,2,2,3
200800027410,0008-05-27 15:25:00,8,5,27,15,25,750,117,"146, AVENUE DE CLICHY",,,Plein jour,En agglomération,Hors intersection,Pluie légère,Trois véhicules et plus - collisions multiples,,,,,,,,,,,1,2,1,2,5
200800027411,0008-05-27 19:45:00,8,5,27,19,45,750,117,"144, BOULEVARD PEREIRE",,,Plein jour,En agglomération,Hors intersection,Normale,Deux véhicules - arrière,,,,,,,,,,,1,2,1,1,2
200800027412,0008-05-27 23:50:00,8,5,27,23,50,750,117,"0, AVENUE DE CLICHY",,,Nuit avec éclairage allumé,En agglomération,Intersection en T,Pluie forte,Trois véhicules et plus - en chaîne,,,,,,,,,,,5,2,3,3,4
200800027413,0008-05-28 14:53:00,8,5,28,14,53,750,117,"07, AVENUE DE LA PORTE D",,,Plein jour,En agglomération,Hors intersection,Normale,Trois véhicules et plus - en chaîne,,,,,,,,,,,1,2,1,1,4
200800027414,0008-05-28 16:05:00,8,5,28,16,5,750,117,"41, AVENUE DE CLICHY",,,Plein jour,En agglomération,Intersection en Y,Normale,Deux véhicules - côté,,,,,,,,,,,1,2,4,1,3
200800027415,0008-05-31 14:25:00,8,5,31,14,25,750,117,BOULEVARD D AURELLE DE P,,,Plein jour,En agglomération,Intersection en X,Normale,Trois véhicules et plus - collisions multiples,,,,,,,,,,,1,2,2,1,5
200800027416,0008-05-31 15:45:00,8,5,31,15,45,750,117,"27, BOULEVARD PEREIRE",,,Plein jour,En agglomération,Hors intersection,Normale,Deux véhicules - côté,,,,,,,,,,,1,2,1,1,3
200800027417,0008-05-02 11:45:00,8,5,2,11,45,750,118,"26, BOULEVARD DE CLICHY",,,Plein jour,En agglomération,Intersection en X,Normale,Deux véhicules - côté,,,,,,,,,,,1,2,2,1,3
200800027418,0008-05-03 15:15:00,8,5,3,15,15,750,118,"9, RUE LOUIS PASTEUR VAL",,,Plein jour,En agglomération,Hors intersection,Normale,Deux véhicules - côté,,,,,,,,,,,1,2,1,1,3
200800027419,0008-05-03 22:30:00,8,5,3,22,30,750,118,"2, BOULEVARD DE CLICHY",,,Nuit avec éclairage allumé,En agglomération,Hors intersection,Normale,Sans collision,,,,,,,,,,,5,2,1,1,7
200800027420,0008-05-05 12:00:00,8,5,5,12,0,750,118,"153, RUE ORDENER",,,Plein jour,En agglomération,Intersection en X,Normale,Deux véhicules - arrière,,,,,,,,,,,1,2,2,1,2
200800027421,0008-05-06 11:20:00,8,5,6,11,20,750,118,"38, RUE CHAMPIONNET",,,Plein jour,En agglomération,Hors intersection,Normale,Autre collision,,,,,,,,,,,1,2,1,1,6
200800027422,0008-05-07 04:17:00,8,5,7,4,17,750,118,"123, RUE ORDENER",,,Nuit sans éclairage public,En agglomération,Intersection en X,Normale,Deux véhicules - côté,,,,,,,,,,,3,2,2,1,3
200800027423,0008-05-07 12:45:00,8,5,7,12,45,750,118,"48, RUE MARX DORMOY",,,Plein jour,En agglomération,Hors intersection,Normale,Autre collision,,,,,,,,,,,1,2,1,1,6
200800027424,0008-05-07 20:45:00,8,5,7,20,45,750,118,BOULEVARD NEY,,,Crépuscule ou aube,En agglomération,Hors intersection,Normale,Deux véhicules - côté,,,,,,,,,,,2,2,1,1,3
200800027425,0008-05-08 23:15:00,8,5,8,23,15,750,118,"104, BOULEVARD DE CLICHY",,,Nuit avec éclairage allumé,En agglomération,Hors intersection,Normale,Autre collision,,,,,,,,,,,5,2,1,1,6
200800027426,0008-05-09 19:10:00,8,5,9,19,10,750,118,RUE DU MONT CENIS,,,Plein jour,En agglomération,Intersection en X,Normale,Autre collision,,,,,,,,,,,1,2,2,1,6
200800027427,0008-05-13 08:50:00,8,5,13,8,50,750,118,"07, RUE CAULAINCOURT",,,Plein jour,En agglomération,Hors intersection,Normale,Autre collision,,,,,,,,,,,1,2,1,1,6
200800027428,0008-05-13 20:35:00,8,5,13,20,35,750,118,"80, BOULEVARD DE CLICHY",,,Plein jour,En agglomération,Hors intersection,Normale,Autre collision,,,,,,,,,,,1,2,1,1,6
200800027429,0008-05-15 13:30:00,8,5,15,13,30,750,118,BOULEVARD BARBES,,,Plein jour,En agglomération,Intersection en X,Normale,Deux véhicules - côté,,,,,,,,,,,1,2,2,1,3
200800027430,0008-05-16 08:39:00,8,5,16,8,39,750,118,"110, RUE CAULAINCOURT",,,Plein jour,En agglomération,Hors intersection,Normale,Autre collision,,,,,,,,,,,1,2,1,1,6
200800027431,0008-05-17 15:00:00,8,5,17,15,0,750,118,"81, RUE DE CLIGNANCOURT",,,Plein jour,En agglomération,Hors intersection,Pluie légère,Autre collision,,,,,,,,,,,1,2,1,2,6
200800027432,0008-05-18 06:20:00,8,5,18,6,20,750,118,"66, RUE ORDENER",,,Crépuscule ou aube,En agglomération,Intersection en T,Normale,Sans collision,,,,,,,,,,,2,2,3,1,7
200800027433,0008-05-19 12:30:00,8,5,19,12,30,750,118,RUE PAJOL,,,Plein jour,En agglomération,Intersection en X,Normale,Deux véhicules - côté,,,,,,,,,,,1,2,2,1,3
200800027434,0008-05-19 17:01:00,8,5,19,17,1,750,119,PLACE SKANDERBEG,,,Plein jour,En agglomération,Hors intersection,Normale,Deux véhicules - côté,,,,,,,,,,,1,2,1,1,3
200800027435,0008-05-19 19:00:00,8,5,19,19,0,750,118,BOULEVARD DE LA CHAPELLE,,,Plein jour,En agglomération,Intersection en T,Normale,Autre collision,,,,,,,,,,,1,2,3,1,6
200800027436,0008-05-21 08:45:00,8,5,21,8,45,750,118,"124, RUE CAULAINCOURT",,,Plein jour,En agglomération,Intersection en Y,Normale,Deux véhicules - côté,,,,,,,,,,,1,2,4,1,3
200800027437,0008-05-21 11:10:00,8,5,21,11,10,750,118,"81, RUE DU MONT CENIS",,,Plein jour,En agglomération,Hors intersection,Normale,Autre collision,,,,,,,,,,,1,2,1,1,6
200800027438,0008-05-21 14:05:00,8,5,21,14,5,750,118,"4, RUE GANNERON",,,Plein jour,En agglomération,Hors intersection,Normale,Autre collision,,,,,,,,,,,1,2,1,1,6
200800027439,0008-05-22 02:35:00,8,5,22,2,35,750,118,BOULEVARD DE LA CHAPELLE,,,Nuit avec éclairage allumé,En agglomération,Intersection en Y,Normale,Deux véhicules - arrière,,,,,,,,,,,5,2,4,1,2
200800027440,0008-05-23 18:35:00,8,5,23,18,35,750,118,"50, RUE ORDENER",,,Plein jour,En agglomération,Intersection en X,Normale,Autre collision,,,,,,,,,,,1,2,2,1,6
200800027441,0008-05-24 10:20:00,8,5,24,10,20,750,118,"0, RUE CAULAINCOURT",,,Plein jour,En agglomération,Intersection en X,Normale,Deux véhicules - côté,,,,,,,,,,,1,2,2,1,3
200800027442,0008-05-24 20:25:00,8,5,24,20,25,750,118,"27, RUE ORDENER",,,Plein jour,En agglomération,Hors intersection,Temps couvert,Deux véhicules - arrière,,,,,,,,,,,1,2,1,8,2
200800027443,0008-05-26 10:55:00,8,5,26,10,55,750,118,"24, BOULEVARD BARBES",,,Plein jour,En agglomération,Hors intersection,Normale,Deux véhicules - côté,,,,,,,,,,,1,2,1,1,3
200800027444,0008-05-27 15:40:00,8,5,27,15,40,750,118,"04, BOULEVARD NEY",,,Plein jour,En agglomération,Hors intersection,Pluie légère,Autre collision,,,,,,,,,,,1,2,1,2,6
200800027445,0008-05-28 10:50:00,8,5,28,10,50,750,118,"32, AVENUE DE LA PORTE D",,,Plein jour,En agglomération,Hors intersection,Normale,Deux véhicules - côté,,,,,,,,,,,1,2,1,1,3
200800027446,0008-05-21 15:44:00,8,5,21,15,44,750,118,"0, BOULEVARD DE LA CHAPE",,,Plein jour,En agglomération,Intersection en T,Normale,Deux véhicules - côté,,,,,,,,,,,1,2,3,1,3
200800027447,0008-05-28 16:25:00,8,5,28,16,25,750,118,"3, RUE POULET",,,Plein jour,En agglomération,Hors intersection,Normale,Autre collision,,,,,,,,,,,1,2,1,1,6
200800027448,0008-05-29 21:00:00,8,5,29,21,0,750,118,"10, RUE DAMREMONT",,,Plein jour,En agglomération,Hors intersection,Normale,Autre collision,,,,,,,,,,,1,2,1,1,6
200800027449,0008-05-01 17:45:00,8,5,1,17,45,750,119,"0, RUE RIQUET",,,Plein jour,En agglomération,Intersection en X,Normale,Autre collision,,,,,,,,,,,1,2,2,1,6
200800027450,0008-05-04 04:30:00,8,5,4,4,30,750,119,AVENUE SIMON BOLIVAR,,,Nuit avec éclairage allumé,En agglomération,Hors intersection,Normale,Autre collision,,,,,,,,,,,5,2,1,1,6
200800027451,0008-05-05 03:10:00,8,5,5,3,10,750,119,PLACE RHIN ET DANUBE,,,Nuit avec éclairage allumé,En agglomération,Intersection à plus de 4 branches,Normale,Autre collision,,,,,,,,,,,5,2,5,1,6
200800027452,0008-05-05 13:40:00,8,5,5,13,40,750,119,"46, QUAI DE LA LOIRE",,,Plein jour,En agglomération,Hors intersection,Normale,Sans collision,,,,,,,,,,,1,2,1,1,7
200800027453,0008-05-06 22:55:00,8,5,6,22,55,750,119,RUE CURIAL,,,Nuit avec éclairage allumé,En agglomération,Hors intersection,Normale,Autre collision,,,,,,,,,,,5,2,1,1,6
200800027454,0008-05-07 00:01:00,8,5,7,0,1,750,119,"16, AVENUE CORENTIN CARI",,,Nuit avec éclairage allumé,En agglomération,Hors intersection,Normale,Autre collision,,,,,,,,,,,5,2,1,1,6
200800027455,0008-05-07 08:30:00,8,5,7,8,30,750,119,RUE D AUBERVILLIERS,,,Plein jour,En agglomération,Hors intersection,Normale,Deux véhicules - arrière,,,,,,,,,,,1,2,1,1,2
200800027456,0008-05-08 06:05:00,8,5,8,6,5,750,119,BOULEVARD DE LA VILLETTE,,,Crépuscule ou aube,En agglomération,Intersection en X,Normale,Deux véhicules - côté,,,,,,,,,,,2,2,2,1,3
200800027457,0008-05-07 16:50:00,8,5,7,16,50,750,119,"196, BOULEVARD DE LA VIL",,,Plein jour,En agglomération,Intersection en X,Normale,Sans collision,,,,,,,,,,,1,2,2,1,7
200800027458,0008-05-08 16:15:00,8,5,8,16,15,750,119,"221, AVENUE JEAN JAURES",,,Plein jour,En agglomération,Hors intersection,Normale,Autre collision,,,,,,,,,,,1,2,1,1,6
200800027459,0008-05-09 16:20:00,8,5,9,16,20,750,119,"198, AVENUE JEAN JAURES",,,Plein jour,En agglomération,Intersection en X,Normale,Autre collision,,,,,,,,,,,1,2,2,1,6
200800027460,0008-05-09 19:10:00,8,5,9,19,10,750,119,"155, RUE DE CRIMEE",,,Plein jour,En agglomération,Hors intersection,Normale,Deux véhicules - frontale,,,,,,,,,,,1,2,1,1,1
200800027461,0008-05-10 21:30:00,8,5,10,21,30,750,119,"19, AVENUE CORENTIN CARI",,,Nuit avec éclairage allumé,En agglomération,Hors intersection,Normale,Sans collision,,,,,,,,,,,5,2,1,1,7
200800027462,0008-05-10 23:20:00,8,5,10,23,20,750,119,PLACE GENERAL COCHET,,,Nuit avec éclairage allumé,En agglomération,Giratoire,Normale,Deux véhicules - côté,,,,,,,,,,,5,2,6,1,3
200800027463,0008-05-11 20:05:00,8,5,11,20,5,750,119,BOULEVARD PERIPHERIQUE,,,Plein jour,En agglomération,Hors intersection,Normale,Deux véhicules - arrière,,,,,,,,,,,1,2,1,1,2
200800027464,0008-05-12 15:25:00,8,5,12,15,25,750,119,PORTE DES LILAS,,,Plein jour,En agglomération,Place,Normale,Deux véhicules - côté,,,,,,,,,,,1,2,7,1,3
200800027465,0008-05-13 10:50:00,8,5,13,10,50,750,119,AVENUE SIMON BOLIVAR,,,Plein jour,En agglomération,Intersection en T,Normale,Deux véhicules - côté,,,,,,,,,,,1,2,3,1,3
200800027466,0008-05-13 11:30:00,8,5,13,11,30,750,119,"1, PLACE AUGUSTE BARON",,,Plein jour,En agglomération,Intersection en X,Normale,Deux véhicules - côté,,,,,,,,,,,1,2,2,1,3
200800027467,0008-05-14 17:45:00,8,5,14,17,45,750,119,"64, AVENUE JEAN JAURES",,,Plein jour,En agglomération,Hors intersection,Normale,Autre collision,,,,,,,,,,,1,2,1,1,6
200800027468,0008-05-16 10:30:00,8,5,16,10,30,750,119,"90, RUE CURIAL",,,Plein jour,En agglomération,Hors intersection,Normale,Autre collision,,,,,,,,,,,1,2,1,1,6
200800027469,0008-05-16 13:50:00,8,5,16,13,50,750,119,"3, AVENUE SECRETAN",,,Plein jour,En agglomération,Hors intersection,Normale,Autre collision,,,,,,,,,,,1,2,1,1,6
200800027470,0008-05-16 16:04:00,8,5,16,16,4,750,119,"191, BOULEVARD MACDONALD",,,Plein jour,En agglomération,Hors intersection,Temps couvert,Deux véhicules - arrière,,,,,,,,,,,1,2,1,8,2
200800027471,0008-05-17 16:15:00,8,5,17,16,15,750,119,"27, AVENUE DE FLANDRE",,,Plein jour,En agglomération,Hors intersection,Pluie légère,Sans collision,,,,,,,,,,,1,2,1,2,7
200800027472,0008-05-17 16:00:00,8,5,17,16,0,750,119,"82, AVENUE CORENTIN CARI",,,Plein jour,En agglomération,Hors intersection,Pluie forte,Deux véhicules - arrière,,,,,,,,,,,1,2,1,3,2
200800027473,0008-05-18 11:30:00,8,5,18,11,30,750,119,AVENUE SIMON BOLIVAR,,,Plein jour,En agglomération,Intersection en X,Normale,Deux véhicules - arrière,,,,,,,,,,,1,2,2,1,2
200800027474,0008-05-19 20:35:00,8,5,19,20,35,750,119,PLACE DE LA PORTE DE PAN,,,Crépuscule ou aube,En agglomération,Hors intersection,Normale,Autre collision,,,,,,,,,,,2,2,1,1,6
200800027475,0008-05-22 10:20:00,8,5,22,10,20,750,119,"07, AVENUE JEAN JAURES",,,Plein jour,En agglomération,Hors intersection,Normale,Autre collision,,,,,,,,,,,1,2,1,1,6
200800027476,0008-05-22 19:20:00,8,5,22,19,20,750,119,"28, AVENUE DE FLANDRE",,,Plein jour,En agglomération,Intersection en X,Normale,Autre collision,,,,,,,,,,,1,2,2,1,6
200800027477,0008-05-22 22:10:00,8,5,22,22,10,750,119,"33, RUE DE ROMAINVILLE",,,Nuit sans éclairage public,En agglomération,Hors intersection,Normale,Autre collision,,,,,,,,,,,3,2,1,1,6
200800027478,0008-05-22 22:11:00,8,5,22,22,11,750,119,"125, AVENUE JEAN JAURES",,,Nuit avec éclairage allumé,En agglomération,Hors intersection,Normale,Deux véhicules - arrière,,,,,,,,,,,5,2,1,1,2
200800027479,0008-05-23 09:50:00,8,5,23,9,50,750,119,"159, RUE DE BELLEVILLE",,,Plein jour,En agglomération,Hors intersection,Normale,Deux véhicules - côté,,,,,,,,,,,1,2,1,1,3
200800027480,0008-05-23 10:20:00,8,5,23,10,20,750,119,"44, AVENUE JEAN JAURES",,,Plein jour,En agglomération,Hors intersection,Normale,Deux véhicules - côté,,,,,,,,,,,1,2,1,1,3
200800027481,0008-05-23 15:10:00,8,5,23,15,10,750,119,"22, RUE ARMAND CARREL",,,Plein jour,En agglomération,Intersection en X,Normale,Deux véhicules - arrière,,,,,,,,,,,1,2,2,1,2
200800027482,0008-05-25 15:42:00,8,5,25,15,42,750,119,AVENUE CORENTIN CARIOU,,,Plein jour,En agglomération,Intersection en X,Normale,Deux véhicules - côté,,,,,,,,,,,1,2,2,1,3
200800027483,0008-05-26 10:35:00,8,5,26,10,35,750,119,"64, AVENUE SIMON BOLIVAR",,,Plein jour,En agglomération,Intersection en T,Normale,Deux véhicules - côté,,,,,,,,,,,1,2,3,1,3
200800027484,0008-05-28 18:30:00,8,5,28,18,30,750,119,"28, AVENUE SECRETAN",,,Plein jour,En agglomération,Hors intersection,Normale,Autre collision,,,,,,,,,,,1,2,1,1,6
200800027485,0008-05-28 19:55:00,8,5,28,19,55,750,119,"30, BOULEVARD D ALGERIE",,,Plein jour,En agglomération,Hors intersection,Normale,Deux véhicules - arrière,,,,,,,,,,,1,2,1,1,2
200800027486,0008-05-29 09:00:00,8,5,29,9,0,750,119,RUE CURIAL,,,Plein jour,En agglomération,Hors intersection,Normale,Autre collision,,,,,,,,,,,1,2,1,1,6
200800027487,0008-05-30 15:25:00,8,5,30,15,25,750,119,"39, RUE ARCHEREAU",,,Plein jour,En agglomération,Hors intersection,Normale,Autre collision,,,,,,,,,,,1,2,1,1,6
200800027488,0008-05-30 16:25:00,8,5,30,16,25,750,119,"27, RUE DAVID D ANGERS",,,Plein jour,En agglomération,Hors intersection,Normale,Deux véhicules - arrière,,,,,,,,,,,1,2,1,1,2
200800027489,0008-05-01 17:20:00,8,5,1,17,20,750,120,"188 BIS, RUE DE BELLEVIL",,,Plein jour,En agglomération,Intersection en T,Normale,Autre collision,,,,,,,,,,,1,2,3,1,6
200800027490,0008-05-03 00:45:00,8,5,3,0,45,750,120,"20, RUE DE MENILMONTANT",,,Nuit avec éclairage allumé,En agglomération,Intersection en T,Normale,Autre collision,,,,,,,,,,,5,2,3,1,6
200800027491,0008-05-07 11:20:00,8,5,7,11,20,750,120,"284, RUE DE BELLEVILLE",,,Plein jour,En agglomération,Hors intersection,Normale,Deux véhicules - côté,,,,,,,,,,,1,2,1,1,3
200800027492,0008-05-07 14:05:00,8,5,7,14,5,750,120,RUE LESAGE,,,Plein jour,En agglomération,Intersection en X,Normale,Deux véhicules - côté,,,,,,,,,,,1,2,2,1,3
200800027493,0008-05-08 19:45:00,8,5,8,19,45,750,120,RUE DES COURONNES,,,Plein jour,En agglomération,Hors intersection,Normale,Autre collision,,,,,,,,,,,1,2,1,1,6