accident_id,datetime,annee,mois,jour,heure,minute,departement,commune_insee,adresse,latitude,longitude,luminosite,agglomeration,intersection,meteo,collision,nb_vehicules,nb_usagers,nb_indemnes,nb_tues,nb_blesses_hosp,nb_blesses_legers,age_cond_1,age_cond_2,veh_type_cond_1,veh_type_cond_2,lum_code,agg_code,int_code,atm_code,col_code
200800027494,0008-05-09 13:40:00,8,5,9,13,40,750,120,"65, RUE D AVRON",,,Plein jour,En agglomération,Hors intersection,Normale,Deux véhicules - côté,,,,,,,,,,,1,2,1,1,3
200800027495,0008-05-11 18:35:00,8,5,11,18,35,750,120,RUE BELGRAND,,,Plein jour,En agglomération,Intersection en X,Normale,Deux véhicules - côté,,,,,,,,,,,1,2,2,1,3
200800027496,0008-05-12 06:40:00,8,5,12,6,40,750,120,AVENUE DE LA PORTE DES L,,,Crépuscule ou aube,En agglomération,Place,Normale,Autre collision,,,,,,,,,,,2,2,7,1,6
200800027497,0008-05-13 09:35:00,8,5,13,9,35,750,120,"89, AVENUE GAMBETTA",,,Plein jour,En agglomération,Hors intersection,Normale,Autre collision,,,,,,,,,,,1,2,1,1,6
200800027498,0008-05-15 18:30:00,8,5,15,18,30,750,120,"73, BOULEVARD MORTIER",,,Plein jour,En agglomération,Intersection en X,Normale,Sans collision,,,,,,,,,,,1,2,2,1,7
200800027499,0008-05-17 16:55:00,8,5,17,16,55,750,120,"179, BOULEVARD DAVOUT",,,Plein jour,En agglomération,Hors intersection,Pluie légère,Deux véhicules - arrière,,,,,,,,,,,1,2,1,2,2
200800027500,0008-05-20 01:00:00,8,5,20,1,0,750,120,RUE DES PYRENEES,,,Nuit avec éclairage allumé,En agglomération,Hors intersection,Normale,Deux véhicules - côté,,,,,,,,,,,5,2,1,1,3
200800027501,0008-05-20 09:06:00,8,5,20,9,6,750,120,COURS DE VINCENNES,,,Plein jour,En agglomération,Intersection en X,Normale,Deux véhicules - côté,,,,,,,,,,,1,2,2,1,3
200800027502,0008-05-20 16:15:00,8,5,20,16,15,750,120,"114, RUE DE BAGNOLET",,,Plein jour,En agglomération,Hors intersection,Normale,Autre collision,,,,,,,,,,,1,2,1,1,6
200800027503,0008-05-20 18:48:00,8,5,20,18,48,750,120,"4bis, AVENUE DE LA PORTE",,,Plein jour,En agglomération,Intersection en X,Normale,Autre collision,,,,,,,,,,,1,2,2,1,6
200800027504,0008-05-21 08:42:00,8,5,21,8,42,750,120,"39, AVENUE GAMBETTA",,,Plein jour,En agglomération,Hors intersection,Normale,Deux véhicules - côté,,,,,,,,,,,1,2,1,1,3
200800027505,0008-05-21 17:40:00,8,5,21,17,40,750,120,RUE DES PYRENEES,,,Plein jour,En agglomération,Intersection en X,Normale,Deux véhicules - côté,,,,,,,,,,,1,2,2,1,3
200800027506,0008-05-24 09:10:00,8,5,24,9,10,750,120,"378, RUE DES PYRENEES",,,Plein jour,En agglomération,Hors intersection,Normale,Autre collision,,,,,,,,,,,1,2,1,1,6
200800027507,0008-05-24 11:30:00,8,5,24,11,30,750,120,"113, RUE DES PYRENEES",,,Plein jour,En agglomération,Hors intersection,Normale,Autre collision,,,,,,,,,,,1,2,1,1,6
200800027508,0008-05-25 19:32:00,8,5,25,19,32,750,120,"2, RUE EUGENE REISZ",,,Plein jour,En agglomération,Intersection en X,Temps couvert,Deux véhicules - arrière,,,,,,,,,,,1,2,2,8,2
200800027509,0008-05-26 16:30:00,8,5,26,16,30,750,120,"27, RUE BELGRAND",,,Plein jour,En agglomération,Hors intersection,Pluie forte,Deux véhicules - arrière,,,,,,,,,,,1,2,1,3,2
200800027510,0008-05-27 06:30:00,8,5,27,6,30,750,120,"17, RUE D AVRON",,,Plein jour,En agglomération,Intersection en T,Normale,Deux véhicules - côté,,,,,,,,,,,1,2,3,1,3
200800027511,0008-05-28 16:45:00,8,5,28,16,45,750,120,"5, AVENUE DE LA PORTE DE",,,Plein jour,En agglomération,Hors intersection,Normale,Autre collision,,,,,,,,,,,1,2,1,1,6
200800027512,0008-05-29 21:30:00,8,5,29,21,30,750,120,"5, RUE DU CLOS",,,Crépuscule ou aube,En agglomération,Hors intersection,Normale,Deux véhicules - côté,,,,,,,,,,,2,2,1,1,3
200800027513,0008-05-02 15:00:00,8,5,2,15,0,750,117,BOULEVARD DE COURCELLES,,,Plein jour,En agglomération,Intersection en X,Normale,Trois véhicules et plus - en chaîne,,,,,,,,,,,1,2,2,1,4
200800027514,0008-05-02 17:35:00,8,5,2,17,35,750,110,"07, PLACE FRANZ LISZT",,,Plein jour,En agglomération,Intersection à plus de 4 branches,Normale,Deux véhicules - côté,,,,,,,,,,,1,2,5,1,3
200800027515,0008-05-05 14:15:00,8,5,5,14,15,750,116,"126, AVENUE DE VERSAILLE",,,Plein jour,En agglomération,Hors intersection,Normale,Trois véhicules et plus - en chaîne,,,,,,,,,,,1,2,1,1,4
200800027516,0008-05-05 17:00:00,8,5,5,17,0,750,101,"64, RUE DE RIVOLI",,,Plein jour,En agglomération,Hors intersection,Normale,Autre collision,,,,,,,,,,,1,2,1,1,6
200800027517,0008-05-06 00:20:00,8,5,6,0,20,750,117,"/, RUE GALVANI",,,Nuit avec éclairage allumé,En agglomération,Intersection en X,Normale,Autre collision,,,,,,,,,,,5,2,2,1,6
200800027518,0008-05-07 03:20:00,8,5,7,3,20,750,108,"136, AVENUE DES CHAMPS E",,,Nuit avec éclairage allumé,En agglomération,Hors intersection,Normale,Autre collision,,,,,,,,,,,5,2,1,1,6
200800027519,0008-05-07 20:45:00,8,5,7,20,45,750,114,BOULEVARD ROMAIN ROLLAND,,,Nuit avec éclairage allumé,En agglomération,Intersection en X,Normale,Deux véhicules - côté,,,,,,,,,,,5,2,2,1,3
200800027520,0008-05-09 10:30:00,8,5,9,10,30,750,102,"18, RUE ETIENNE MARCEL",,,Plein jour,En agglomération,Hors intersection,Normale,Autre collision,,,,,,,,,,,1,2,1,1,6
200800027521,0008-05-09 23:30:00,8,5,9,23,30,750,112,"/, QUAI DE BERCY",,,Nuit avec éclairage allumé,En agglomération,Hors intersection,Normale,Sans collision,,,,,,,,,,,5,2,1,1,7
200800027522,0008-05-10 10:10:00,8,5,10,10,10,750,112,BOULEVARD PERIPHERIQUE,,,Plein jour,En agglomération,Hors intersection,Normale,Deux véhicules - côté,,,,,,,,,,,1,2,1,1,3
200800027523,0008-05-11 01:45:00,8,5,11,1,45,750,120,"94, BOULEVARD DAVOUT",,,Nuit avec éclairage allumé,En agglomération,Intersection en X,Normale,Autre collision,,,,,,,,,,,5,2,2,1,6
200800027524,0008-05-11 17:23:00,8,5,11,17,23,750,116,ALLEE DU BORD DE L EAU,,,Plein jour,En agglomération,Hors intersection,Normale,Deux véhicules - frontale,,,,,,,,,,,1,2,1,1,1
200800027525,0008-05-11 22:30:00,8,5,11,22,30,750,116,"77, RUE DES VIGNES",,,Nuit avec éclairage allumé,En agglomération,Hors intersection,Normale,Deux véhicules - arrière,,,,,,,,,,,5,2,1,1,2
200800027526,0008-05-12 12:30:00,8,5,12,12,30,750,116,ALLEE DE LA REINE MARGUE,,,Plein jour,En agglomération,Intersection en X,Normale,Deux véhicules - côté,,,,,,,,,,,1,2,2,1,3
200800027527,0008-05-12 14:10:00,8,5,12,14,10,750,117,"125, BOULEVARD MALESHERB",,,Plein jour,En agglomération,Intersection en X,Temps éblouissant,Deux véhicules - côté,,,,,,,,,,,1,2,2,7,3
200800027528,0008-05-13 07:30:00,8,5,13,7,30,750,116,BOULEVARD PERIPHERIQUE,,,Plein jour,En agglomération,Hors intersection,Normale,Trois véhicules et plus - en chaîne,,,,,,,,,,,1,2,1,1,4
200800027529,0008-05-13 14:40:00,8,5,13,14,40,750,112,"18, PLACE LACHAMBEAUDIE",,,Plein jour,En agglomération,Hors intersection,Normale,Autre collision,,,,,,,,,,,1,2,1,1,6
200800027530,0008-05-14 11:20:00,8,5,14,11,20,750,119,AVENUE DE FLANDRE,,,Plein jour,En agglomération,Hors intersection,Normale,Autre collision,,,,,,,,,,,1,2,1,1,6
200800027531,0008-05-14 11:35:00,8,5,14,11,35,750,104,"1, RUE DE LA CITE",,,Plein jour,En agglomération,Hors intersection,Normale,Autre collision,,,,,,,,,,,1,2,1,1,6
200800027532,0008-05-15 07:35:00,8,5,15,7,35,750,113,"126, RUE DE TOLBIAC",,,Plein jour,En agglomération,Hors intersection,Normale,Autre collision,,,,,,,,,,,1,2,1,1,6
200800027533,0008-05-15 09:25:00,8,5,15,9,25,750,112,QUAI DE BERCY,,,Plein jour,En agglomération,Hors intersection,Normale,Deux véhicules - arrière,,,,,,,,,,,1,2,1,1,2
200800027534,0008-05-15 11:49:00,8,5,15,11,49,750,112,BOULEVARD PERIPHERIQUE I,,,Plein jour,En agglomération,Hors intersection,Normale,Deux véhicules - côté,,,,,,,,,,,1,2,1,1,3
200800027535,0008-05-16 17:30:00,8,5,16,17,30,750,120,BOULEVARD DE BELLEVILLE,,,Plein jour,En agglomération,Intersection en T,Normale,Autre collision,,,,,,,,,,,1,2,3,1,6
200800027536,0008-05-17 23:12:00,8,5,17,23,12,750,108,BOULEVARD HAUSSMANN,,,Nuit avec éclairage allumé,En agglomération,Hors intersection,Pluie forte,Autre collision,,,,,,,,,,,5,2,1,3,6
200800027537,0008-05-17 22:20:00,8,5,17,22,20,750,117,RUE TRUFFAUT,,,Nuit avec éclairage allumé,En agglomération,Intersection en X,Normale,Deux véhicules - côté,,,,,,,,,,,5,2,2,1,3
200800027538,0008-05-17 23:00:00,8,5,17,23,0,750,117,"34, AVENUE DES TERNES",,,Nuit avec éclairage allumé,En agglomération,Hors intersection,Normale,Autre collision,,,,,,,,,,,5,2,1,1,6
200800027539,0008-05-21 07:15:00,8,5,21,7,15,750,116,BOULEVARD PERIPHERIQUE,,,Plein jour,En agglomération,Hors intersection,Normale,Autre collision,,,,,,,,,,,1,2,1,1,6
200800027540,0008-05-21 09:30:00,8,5,21,9,30,750,111,RUE DU FAUBOURG SAINT AN,,,Plein jour,En agglomération,Hors intersection,Normale,Autre collision,,,,,,,,,,,1,2,1,1,6
200800027541,0008-05-21 10:30:00,8,5,21,10,30,750,108,PLACE DE L EUROPE,,,Plein jour,En agglomération,Intersection à plus de 4 branches,Normale,Deux véhicules - côté,,,,,,,,,,,1,2,5,1,3
200800027542,0008-05-21 17:00:00,8,5,21,17,0,750,101,AVENUE GENERAL LEMONNIER,,,Plein jour,En agglomération,Intersection en T,Normale,Sans collision,,,,,,,,,,,1,2,3,1,7
200800027543,0008-05-22 18:56:00,8,5,22,18,56,750,114,"232, BOULEVARD RASPAIL",,,Plein jour,En agglomération,Hors intersection,Normale,Autre collision,,,,,,,,,,,1,2,1,1,6
200800027544,0008-05-23 05:45:00,8,5,23,5,45,750,104,RUE DE LA CERISAIE,,,Crépuscule ou aube,En agglomération,Intersection en X,Normale,Deux véhicules - côté,,,,,,,,,,,2,2,2,1,3
200800027545,0008-05-23 15:30:00,8,5,23,15,30,750,117,"6, PLACE DE LA PORTE DE",,,Plein jour,En agglomération,Intersection en T,Normale,Autre collision,,,,,,,,,,,1,2,3,1,6
200800027546,0008-05-23 17:33:00,8,5,23,17,33,750,110,"184, RUE DU FAUBOURG SAI",,,Plein jour,En agglomération,Hors intersection,Normale,Deux véhicules - côté,,,,,,,,,,,1,2,1,1,3
200800027547,0008-05-23 19:45:00,8,5,23,19,45,750,114,"23, BOULEVARD BRUNE",,,Plein jour,En agglomération,Hors intersection,Normale,Autre collision,,,,,,,,,,,1,2,1,1,6
200800027548,0008-05-24 03:20:00,8,5,24,3,20,750,105,"14, RUE CLAUDE BERNARD",,,Nuit avec éclairage allumé,En agglomération,Hors intersection,Normale,Autre collision,,,,,,,,,,,5,2,1,1,6
200800027549,0008-05-24 12:40:00,8,5,24,12,40,750,116,PLACE DE VARSOVIE,,,Plein jour,En agglomération,Hors intersection,Normale,Autre collision,,,,,,,,,,,1,2,1,1,6
200800027550,0008-05-25 15:50:00,8,5,25,15,50,750,108,PLACE DU CANADA,,,Plein jour,En agglomération,Place,Normale,Deux véhicules - côté,,,,,,,,,,,1,2,7,1,3
200800027551,0008-05-25 20:19:00,8,5,25,20,19,750,120,"12, RUE BELGRAND",,,Nuit avec éclairage allumé,En agglomération,Hors intersection,Normale,Deux véhicules - côté,,,,,,,,,,,5,2,1,1,3
200800027552,0008-05-26 08:00:00,8,5,26,8,0,750,114,BOULEVARD PERIPHERIQUE E,,,Plein jour,En agglomération,Hors intersection,Normale,Deux véhicules - arrière,,,,,,,,,,,1,2,1,1,2
200800027553,0008-05-26 10:51:00,8,5,26,10,51,750,115,RUE DE LA CONVENTION,,,Plein jour,En agglomération,Intersection en X,Normale,Autre collision,,,,,,,,,,,1,2,2,1,6
200800027554,0008-05-26 18:50:00,8,5,26,18,50,750,114,"77, BOULEVARD SAINT JACQ",,,Plein jour,En agglomération,Hors intersection,Pluie légère,Deux véhicules - côté,,,,,,,,,,,1,2,1,2,3
200800027555,0008-05-26 22:30:00,8,5,26,22,30,750,120,"145, BOULEVARD DAVOUT",,,Nuit avec éclairage allumé,En agglomération,Hors intersection,Normale,Autre collision,,,,,,,,,,,5,2,1,1,6
200800027556,0008-05-27 14:45:00,8,5,27,14,45,750,113,QUAI D AUSTERLITZ,,,Plein jour,En agglomération,Hors intersection,Pluie légère,Deux véhicules - côté,,,,,,,,,,,1,2,1,2,3
200800027557,0008-05-27 12:50:00,8,5,27,12,50,750,101,"11, BOULEVARD DU PALAIS",,,Plein jour,En agglomération,Intersection en X,Normale,Deux véhicules - côté,,,,,,,,,,,1,2,2,1,3
200800027558,0008-05-27 15:30:00,8,5,27,15,30,750,119,BOULEVARD PERIPHERIQUE E,,,Plein jour,En agglomération,Hors intersection,Normale,Autre collision,,,,,,,,,,,1,2,1,1,6
200800027559,0008-05-27 17:30:00,8,5,27,17,30,750,101,SOUTERRAIN TRANSIT HALLE,,,Plein jour,En agglomération,Hors intersection,Normale,Deux véhicules - côté,,,,,,,,,,,1,2,1,1,3
200800027560,0008-05-28 14:10:00,8,5,28,14,10,750,104,"25, BOULEVARD BEAUMARCHA",,,Plein jour,En agglomération,Hors intersection,Normale,Deux véhicules - frontale,,,,,,,,,,,1,2,1,1,1
200800027561,0008-05-28 14:15:00,8,5,28,14,15,750,106,"0, BOULEVARD RASPAIL",,,Plein jour,En agglomération,Intersection en X,Normale,Deux véhicules - côté,,,,,,,,,,,1,2,2,1,3
200800027562,0008-05-28 20:35:00,8,5,28,20,35,750,119,"98, RUE DE L OURCQ",,,Crépuscule ou aube,En agglomération,Hors intersection,Normale,Autre collision,,,,,,,,,,,2,2,1,1,6
200800027563,0008-05-29 21:45:00,8,5,29,21,45,750,112,"237, RUE DE CHARENTON",,,Nuit avec éclairage allumé,En agglomération,Hors intersection,Normale,Autre collision,,,,,,,,,,,5,2,1,1,6
200800027564,0008-05-30 09:25:00,8,5,30,9,25,750,120,"10, AVENUE DU PROFESSEUR",,,Plein jour,En agglomération,Hors intersection,Normale,Deux véhicules - côté,,,,,,,,,,,1,2,1,1,3
200800027565,0008-05-31 17:00:00,8,5,31,17,0,750,117,AVENUE BRUNETIERE,,,Plein jour,En agglomération,Hors intersection,Normale,Autre collision,,,,,,,,,,,1,2,1,1,6
200800027566,0008-05-02 16:45:00,8,5,2,16,45,750,118,PORTE D AUBERVILLIERS,,,Plein jour,En agglomération,Hors intersection,Normale,Trois véhicules et plus - en chaîne,,,,,,,,,,,1,2,1,1,4
200800027567,0008-05-04 17:00:00,8,5,4,17,0,750,114,PORTE DE CHATILLON,,,Plein jour,En agglomération,Hors intersection,Normale,Trois véhicules et plus - en chaîne,,,,,,,,,,,1,2,1,1,4
200800027568,0008-05-04 19:00:00,8,5,4,19,0,750,117,ECHANGEUR MAILLOT,,,Plein jour,En agglomération,Hors intersection,Normale,Deux véhicules - côté,,,,,,,,,,,1,2,1,1,3
200800027569,0008-05-06 09:15:00,8,5,6,9,15,750,114,PORTE DE GENTILLY,,,Plein jour,En agglomération,Hors intersection,Normale,Deux véhicules - arrière,,,,,,,,,,,1,2,1,1,2
200800027570,0008-05-06 13:25:00,8,5,6,13,25,750,113,QUAI D IVRY,,,Plein jour,En agglomération,Hors intersection,Normale,Trois véhicules et plus - en chaîne,,,,,,,,,,,1,2,1,1,4
200800027571,0008-05-06 19:30:00,8,5,6,19,30,750,119,PORTE DE LA VILLETTE,,,Plein jour,En agglomération,Hors intersection,Normale,Deux véhicules - côté,,,,,,,,,,,1,2,1,1,3
200800027572,0008-05-07 08:20:00,8,5,7,8,20,750,116,PORTE DE SAINT CLOUD,,,Plein jour,En agglomération,Hors intersection,Normale,Trois véhicules et plus - en chaîne,,,,,,,,,,,1,2,1,1,4
200800027573,0008-05-07 11:55:00,8,5,7,11,55,750,114,PORTE DE CHATILLON,,,Plein jour,En agglomération,Hors intersection,Normale,Trois véhicules et plus - en chaîne,,,,,,,,,,,1,2,1,1,4
200800027574,0008-05-07 12:30:00,8,5,7,12,30,750,119,PORTE DES LILAS,,,Plein jour,En agglomération,Hors intersection,Normale,Autre collision,,,,,,,,,,,1,2,1,1,6
200800027575,0008-05-07 16:15:00,8,5,7,16,15,750,112,PORTE DE CHARENTON,,,Plein jour,En agglomération,Hors intersection,Normale,Deux véhicules - arrière,,,,,,,,,,,1,2,1,1,2
200800027576,0008-05-07 20:20:00,8,5,7,20,20,750,116,ECHANGEUR MUETTE,,,Nuit avec éclairage allumé,En agglomération,Hors intersection,Normale,Deux véhicules - côté,,,,,,,,,,,5,2,1,1,3
200800027577,0008-05-08 10:30:00,8,5,8,10,30,750,116,PORTE DE PASSY,,,Plein jour,En agglomération,Hors intersection,Normale,Deux véhicules - arrière,,,,,,,,,,,1,2,1,1,2
200800027578,0008-05-08 20:00:00,8,5,8,20,0,750,112,ECHANGEUR BERCY,,,Plein jour,En agglomération,Intersection en Y,Normale,Autre collision,,,,,,,,,,,1,2,4,1,6
200800027579,0008-05-08 20:05:00,8,5,8,20,5,750,115,QUAI D ISSY LES MOULINEA,,,Plein jour,En agglomération,Hors intersection,Normale,Trois véhicules et plus - collisions multiples,,,,,,,,,,,1,2,1,1,5
200800027580,0008-05-09 12:40:00,8,5,9,12,40,750,118,PORTE DE LA CHAPELLE,,,Plein jour,En agglomération,Hors intersection,Normale,Deux véhicules - côté,,,,,,,,,,,1,2,1,1,3
200800027581,0008-05-09 15:40:00,8,5,9,15,40,750,118,PORTE DE CLIGNANCOURT,,,Plein jour,En agglomération,Hors intersection,Normale,Deux véhicules - côté,,,,,,,,,,,1,2,1,1,3
200800027582,0008-05-10 07:00:00,8,5,10,7,0,750,112,ECHANGEUR BERCY,,,Plein jour,En agglomération,Hors intersection,Normale,Deux véhicules - arrière,,,,,,,,,,,1,2,1,1,2
200800027583,0008-05-10 15:35:00,8,5,10,15,35,750,116,PORTE DAUPHINE,,,Plein jour,En agglomération,Intersection en Y,Normale,Deux véhicules - arrière,,,,,,,,,,,1,2,4,1,2
200800027584,0008-05-10 18:00:00,8,5,10,18,0,750,118,PORTE DE SAINT OUEN,,,Plein jour,En agglomération,Hors intersection,Normale,Deux véhicules - arrière,,,,,,,,,,,1,2,1,1,2
200800027585,0008-05-10 21:25:00,8,5,10,21,25,750,118,PORTE D AUBERVILLIERS,,,Crépuscule ou aube,En agglomération,Hors intersection,Normale,Deux véhicules - arrière,,,,,,,,,,,2,2,1,1,2
200800027586,0008-05-11 14:40:00,8,5,11,14,40,750,116,PORTE DE PASSY,,,Plein jour,En agglomération,Hors intersection,Normale,Trois véhicules et plus - en chaîne,,,,,,,,,,,1,2,1,1,4
200800027587,0008-05-12 11:38:00,8,5,12,11,38,750,116,PORTE D AUTEUIL,,,Plein jour,En agglomération,Hors intersection,Normale,Deux véhicules - arrière,,,,,,,,,,,1,2,1,1,2
200800027588,0008-05-13 00:20:00,8,5,13,0,20,750,116,BOULEVARD PERIPHERIQUE I,,,Nuit avec éclairage allumé,En agglomération,Hors intersection,Normale,Autre collision,,,,,,,,,,,5,2,1,1,6
200800027589,0008-05-13 15:30:00,8,5,13,15,30,750,115,BOULEVARD PERIPHERIQUE,,,Plein jour,En agglomération,Hors intersection,Normale,Deux véhicules - arrière,,,,,,,,,,,1,2,1,1,2
200800027590,0008-05-13 19:30:00,8,5,13,19,30,750,114,PORTE DE CHATILLON,,,Plein jour,En agglomération,Hors intersection,Normale,Trois véhicules et plus - en chaîne,,,,,,,,,,,1,2,1,1,4
200800027591,0008-05-14 12:30:00,8,5,14,12,30,750,116,PORTE D AUTEUIL,,,Plein jour,En agglomération,Hors intersection,Normale,Trois véhicules et plus - en chaîne,,,,,,,,,,,1,2,1,1,4
200800027592,0008-05-15 08:30:00,8,5,15,8,30,750,120,PORTE DE MONTREUIL,,,Plein jour,En agglomération,Hors intersection,Normale,Deux véhicules - côté,,,,,,,,,,,1,2,1,1,3
200800027593,0008-05-15 16:37:00,8,5,15,16,37,750,120,PORTE DE MONTREUIL,,,Plein jour,En agglomération,Hors intersection,Normale,Trois véhicules et plus - en chaîne,,,,,,,,,,,1,2,1,1,4
200800027594,0008-05-15 14:40:00,8,5,15,14,40,750,117,PORTE DE CHAMPERRET,,,Plein jour,En agglomération,Hors intersection,Normale,Sans collision,,,,,,,,,,,1,2,1,1,7
200800027595,0008-05-15 18:15:00,8,5,15,18,15,750,115,PORTE D ISSY,,,Plein jour,En agglomération,Hors intersection,Normale,Deux véhicules - côté,,,,,,,,,,,1,2,1,1,3
200800027596,0008-05-16 01:20:00,8,5,16,1,20,750,118,PORTE DE CLIGNANCOURT,,,Nuit avec éclairage allumé,En agglomération,Hors intersection,Normale,Trois véhicules et plus - collisions multiples,,,,,,,,,,,5,2,1,1,5
200800027597,0008-05-16 08:00:00,8,5,16,8,0,750,120,PORTE DE MONTREUIL,,,Plein jour,En agglomération,Hors intersection,Normale,Deux véhicules - côté,,,,,,,,,,,1,2,1,1,3
200800027598,0008-05-16 09:05:00,8,5,16,9,5,750,115,PORTE DE LA PLAINE,,,Plein jour,En agglomération,Hors intersection,Normale,Deux véhicules - arrière,,,,,,,,,,,1,2,1,1,2
200800027599,0008-05-16 10:00:00,8,5,16,10,0,750,116,PORTE DE SAINT CLOUD,,,Plein jour,En agglomération,Hors intersection,Normale,Deux véhicules - côté,,,,,,,,,,,1,2,1,1,3
200800027600,0008-05-16 17:50:00,8,5,16,17,50,750,119,PORTE D AUBERVILLIERS,,,Plein jour,En agglomération,Hors intersection,Pluie légère,Deux véhicules - arrière,,,,,,,,,,,1,2,1,2,2
200800027601,0008-05-16 19:00:00,8,5,16,19,0,750,116,PORTE DAUPHINE,,,Plein jour,En agglomération,Intersection en Y,Normale,Trois véhicules et plus - en chaîne,,,,,,,,,,,1,2,4,1,4
200800027602,0008-05-16 21:30:00,8,5,16,21,30,750,115,BOULEVARD PERIPHERIQUE E,,,Nuit avec éclairage allumé,En agglomération,Hors intersection,Pluie légère,Deux véhicules - arrière,,,,,,,,,,,5,2,1,2,2
200800027603,0008-05-17 20:25:00,8,5,17,20,25,750,113,PORTE D ITALIE,,,Plein jour,En agglomération,Hors intersection,Normale,Deux véhicules - côté,,,,,,,,,,,1,2,1,1,3
200800027604,0008-05-17 19:45:00,8,5,17,19,45,750,118,PORTE DE LA CHAPELLE,,,Crépuscule ou aube,En agglomération,Hors intersection,Temps couvert,Deux véhicules - côté,,,,,,,,,,,2,2,1,8,3
200800027605,0008-05-18 16:10:00,8,5,18,16,10,750,113,PORTE D ITALIE,,,Plein jour,En agglomération,Hors intersection,Normale,Deux véhicules - côté,,,,,,,,,,,1,2,1,1,3
200800027606,0008-05-18 20:40:00,8,5,18,20,40,750,118,PORTE D AUBERVILLIERS,,,Crépuscule ou aube,En agglomération,Hors intersection,Temps couvert,Trois véhicules et plus - en chaîne,,,,,,,,,,,2,2,1,8,4
200800027607,0008-05-19 10:00:00,8,5,19,10,0,750,112,ECHANGEUR BERCY,,,Plein jour,En agglomération,Intersection en Y,Normale,Deux véhicules - côté,,,,,,,,,,,1,2,4,1,3
200800027608,0008-05-19 18:25:00,8,5,19,18,25,750,117,PORTE DE CLICHY,,,Plein jour,En agglomération,Hors intersection,Normale,Autre collision,,,,,,,,,,,1,2,1,1,6
200800027609,0008-05-20 07:25:00,8,5,20,7,25,750,117,PORTE MAILLOT,,,Plein jour,En agglomération,Hors intersection,Normale,Deux véhicules - côté,,,,,,,,,,,1,2,1,1,3
200800027610,0008-05-20 12:00:00,8,5,20,12,0,750,120,PORTE DE BAGNOLET,,,Plein jour,En agglomération,Hors intersection,Normale,Trois véhicules et plus - en chaîne,,,,,,,,,,,1,2,1,1,4
200800027611,0008-05-19 19:30:00,8,5,19,19,30,750,116,PORTE DAUPHINE,,,Plein jour,En agglomération,Hors intersection,Normale,Sans collision,,,,,,,,,,,1,2,1,1,7
200800027612,0008-05-20 16:45:00,8,5,20,16,45,750,120,PORTE DES LILAS,,,Plein jour,En agglomération,Hors intersection,Normale,Trois véhicules et plus - en chaîne,,,,,,,,,,,1,2,1,1,4
200800027613,0008-05-21 14:10:00,8,5,21,14,10,750,114,PORTE D ORLEANS,,,Plein jour,En agglomération,Hors intersection,Normale,Autre collision,,,,,,,,,,,1,2,1,1,6
200800027614,0008-05-21 15:00:00,8,5,21,15,0,750,113,BOULEVARD PERIPHERIQUE,,,Plein jour,En agglomération,Hors intersection,Normale,Trois véhicules et plus - en chaîne,,,,,,,,,,,1,2,1,1,4
200800027615,0008-05-22 14:35:00,8,5,22,14,35,750,112,PORTE DE VINCENNES,,,Plein jour,En agglomération,Hors intersection,Normale,Deux véhicules - côté,,,,,,,,,,,1,2,1,1,3
200800027616,0008-05-22 18:20:00,8,5,22,18,20,750,114,PORTE DE CHATILLON,,,Plein jour,En agglomération,Hors intersection,Normale,Autre collision,,,,,,,,,,,1,2,1,1,6
200800027617,0008-05-23 09:35:00,8,5,23,9,35,750,120,PORTE DE BAGNOLET,,,Plein jour,En agglomération,Hors intersection,Normale,Deux véhicules - côté,,,,,,,,,,,1,2,1,1,3
200800027618,0008-05-23 15:20:00,8,5,23,15,20,750,116,PORTE DE SAINT CLOUD,,,Plein jour,En agglomération,Hors intersection,Normale,Trois véhicules et plus - en chaîne,,,,,,,,,,,1,2,1,1,4
200800027619,0008-05-24 15:50:00,8,5,24,15,50,750,120,PORTE DES LILAS,,,Plein jour,En agglomération,Hors intersection,Pluie légère,Deux véhicules - côté,,,,,,,,,,,1,2,1,2,3
200800027620,0008-05-27 12:20:00,8,5,27,12,20,750,120,ECHANGEUR BAGNOLET,,,Plein jour,En agglomération,Hors intersection,Pluie légère,Deux véhicules - arrière,,,,,,,,,,,1,2,1,2,2
200800027621,0008-05-27 13:45:00,8,5,27,13,45,750,112,ECHANGEUR BERCY,,,Plein jour,En agglomération,Hors intersection,Pluie légère,Deux véhicules - arrière,,,,,,,,,,,1,2,1,2,2
200800027622,0008-05-27 15:45:00,8,5,27,15,45,750,118,PORTE DE LA CHAPELLE,,,Plein jour,En agglomération,Hors intersection,Pluie légère,Trois véhicules et plus - collisions multiples,,,,,,,,,,,1,2,1,2,5
200800027623,0008-05-27 18:50:00,8,5,27,18,50,750,118,BOULEVARD PERIPHERIQUE I,,,Crépuscule ou aube,En agglomération,Intersection en Y,Temps couvert,Trois véhicules et plus - en chaîne,,,,,,,,,,,2,2,4,8,4
200800027624,0008-05-28 07:40:00,8,5,28,7,40,750,119,PORTE DE PANTIN,,,Plein jour,En agglomération,Hors intersection,Pluie légère,Sans collision,,,,,,,,,,,1,2,1,2,7
200800027625,0008-05-28 09:45:00,8,5,28,9,45,750,120,PORTE DE MONTREUIL,,,Plein jour,En agglomération,Hors intersection,Normale,Sans collision,,,,,,,,,,,1,2,1,1,7
200800027626,0008-05-28 11:30:00,8,5,28,11,30,750,114,BOULEVARD PERIPHERIQUE E,,,Plein jour,En agglomération,Intersection en Y,Normale,Autre collision,,,,,,,,,,,1,2,4,1,6