accident_id,datetime,annee,mois,jour,heure,minute,departement,commune_insee,adresse,latitude,longitude,luminosite,agglomeration,intersection,meteo,collision,nb_vehicules,nb_usagers,nb_indemnes,nb_tues,nb_blesses_hosp,nb_blesses_legers,age_cond_1,age_cond_2,veh_type_cond_1,veh_type_cond_2,lum_code,agg_code,int_code,atm_code,col_code
200800027767,0008-05-28 12:00:00,8,5,28,12,0,570,475,,,,Plein jour,Hors agglomération,Hors intersection,Normale,Deux véhicules - arrière,,,,,,,,,,,1,1,1,1,2
200800027768,0008-05-05 18:00:00,8,5,5,18,0,600,139,,,,Plein jour,Hors agglomération,Hors intersection,Normale,Sans collision,,,,,,,,,,,1,1,1,1,7
200800027769,0008-05-10 10:30:00,8,5,10,10,30,600,398,,,,Plein jour,Hors agglomération,Hors intersection,Normale,Deux véhicules - côté,,,,,,,,,,,1,1,1,1,3
200800027770,0008-05-10 20:30:00,8,5,10,20,30,600,651,,,,Crépuscule ou aube,Hors agglomération,Hors intersection,Normale,Autre collision,,,,,,,,,,,2,1,1,1,6
200800027771,0008-05-23 18:15:00,8,5,23,18,15,600,139,rue Henri Bequerelle,,,Plein jour,En agglomération,Hors intersection,Normale,Deux véhicules - frontale,,,,,,,,,,,1,2,1,1,1
200800027772,0008-05-25 20:30:00,8,5,25,20,30,600,139,rue anatole france,,,Plein jour,En agglomération,Hors intersection,Normale,Sans collision,,,,,,,,,,,1,2,1,1,7
200800027773,0008-05-29 18:30:00,8,5,29,18,30,600,450,rue Pierre Briend,,,Plein jour,En agglomération,Hors intersection,Normale,Autre collision,,,,,,,,,,,1,2,1,1,6
200800027774,0008-05-17 18:15:00,8,5,17,18,15,600,683,,,,Plein jour,Hors agglomération,Hors intersection,Normale,Deux véhicules - côté,,,,,,,,,,,1,1,1,1,3
200800027775,0008-05-11 12:15:00,8,5,11,12,15,600,446,,49.131,2.791,Plein jour,Hors agglomération,Hors intersection,Normale,Deux véhicules - frontale,,,,,,,,,,,1,1,1,1,1
200800027776,0008-05-01 23:00:00,8,5,1,23,0,600,667,,,,Nuit sans éclairage public,Hors agglomération,Hors intersection,Pluie légère,Autre collision,,,,,,,,,,,3,1,1,2,6
200800027777,0008-05-20 09:30:00,8,5,20,9,30,600,525,,,,Plein jour,Hors agglomération,Hors intersection,Normale,Deux véhicules - côté,,,,,,,,,,,1,1,1,1,3
200800027778,0008-05-26 18:45:00,8,5,26,18,45,600,509,rue pasteur,,,Plein jour,En agglomération,Hors intersection,Pluie légère,Deux véhicules - arrière,,,,,,,,,,,1,2,1,2,2
200800027779,0008-05-09 21:00:00,8,5,9,21,0,760,452,43 rue Andre Martin,49.543,1.064,Plein jour,En agglomération,Hors intersection,Normale,Autre collision,,,,,,,,,,,1,2,1,1,6
200800027780,0008-05-20 17:15:00,8,5,20,17,15,760,47,route de la mer,49.749,0.935,Plein jour,En agglomération,Hors intersection,Normale,Autre collision,,,,,,,,,,,1,2,1,1,6
200800027781,0008-05-13 09:00:00,8,5,13,9,0,760,96,intersection voie HENRI,49.723,1.057,Plein jour,En agglomération,Giratoire,Normale,Deux véhicules - côté,,,,,,,,,,,1,2,6,1,3
200800027782,0008-05-31 16:30:00,8,5,31,16,30,760,116,MONTMAIN,49.417,1.233,Plein jour,En agglomération,Hors intersection,Normale,Deux véhicules - frontale,,,,,,,,,,,1,2,1,1,1
200800027783,0008-05-28 11:00:00,8,5,28,11,0,760,608,,,,Plein jour,Hors agglomération,Hors intersection,Autre,Autre collision,,,,,,,,,,,1,1,1,9,6
200800027784,0008-05-24 01:30:00,8,5,24,1,30,760,409,RUE DES TENNIS,49.6,0.179,Nuit sans éclairage public,En agglomération,Hors intersection,Normale,Autre collision,,,,,,,,,,,3,2,1,1,6
200800027785,0008-05-18 02:30:00,8,5,18,2,30,760,388,,,,Nuit sans éclairage public,Hors agglomération,Hors intersection,Normale,Deux véhicules - frontale,,,,,,,,,,,3,1,1,1,1
200800027786,0008-05-09 13:45:00,8,5,9,13,45,760,533,,,,Plein jour,Hors agglomération,Hors intersection,Normale,Deux véhicules - frontale,,,,,,,,,,,1,1,1,1,1
200800027787,0008-05-03 14:00:00,8,5,3,14,0,760,462,rue gustave flaubert,,,Plein jour,En agglomération,Hors intersection,Normale,Autre collision,,,,,,,,,,,1,2,1,1,6
200800027788,0008-05-13 10:15:00,8,5,13,10,15,760,399,,,,Plein jour,Hors agglomération,Intersection en X,Normale,Deux véhicules - côté,,,,,,,,,,,1,1,2,1,3
200800027789,0008-05-15 07:15:00,8,5,15,7,15,760,101,avenue de la gare,49.936,1.623,Plein jour,En agglomération,Hors intersection,Normale,Deux véhicules - frontale,,,,,,,,,,,1,2,1,1,1
200800027790,0008-05-01 06:00:00,8,5,1,6,0,760,648,,49.699,1.321,Crépuscule ou aube,Hors agglomération,Hors intersection,Normale,Autre collision,,,,,,,,,,,2,1,1,1,6
200800027791,0008-05-21 19:00:00,8,5,21,19,0,760,67,,,,Plein jour,Hors agglomération,Hors intersection,Normale,Deux véhicules - frontale,,,,,,,,,,,1,1,1,1,1
200800027792,0008-05-17 17:15:00,8,5,17,17,15,760,758,,49.622,0.789,Plein jour,Hors agglomération,Hors intersection,Pluie légère,Deux véhicules - arrière,,,,,,,,,,,1,1,1,2,2
200800027793,0008-05-06 17:45:00,8,5,6,17,45,760,495,Rue noel Fauvel,,,Plein jour,En agglomération,Hors intersection,Normale,Deux véhicules - arrière,,,,,,,,,,,1,2,1,1,2
200800027794,0008-05-21 18:15:00,8,5,21,18,15,760,370,La Queue du Renard,,,Plein jour,En agglomération,Hors intersection,Normale,Autre collision,,,,,,,,,,,1,2,1,1,6
200800027795,0008-05-31 14:00:00,8,5,31,14,0,760,495,PAVILLY VALLEE,,,Plein jour,En agglomération,Hors intersection,Normale,Deux véhicules - frontale,,,,,,,,,,,1,2,1,1,1
200800027796,0008-05-20 17:00:00,8,5,20,17,0,760,13,,49.782,0.501,Plein jour,Hors agglomération,Hors intersection,Normale,Deux véhicules - côté,,,,,,,,,,,1,1,1,1,3
200800027797,0008-05-04 12:45:00,8,5,4,12,45,760,228,,49.644,0.827,Plein jour,Hors agglomération,Hors intersection,Normale,Deux véhicules - frontale,,,,,,,,,,,1,1,1,1,1
200800027798,0008-05-20 20:15:00,8,5,20,20,15,760,387,,49.715,0.925,Plein jour,Hors agglomération,Hors intersection,Normale,Deux véhicules - frontale,,,,,,,,,,,1,1,1,1,1
200800027799,0008-05-12 13:15:00,8,5,12,13,15,270,524,,,,Plein jour,Hors agglomération,Hors intersection,Normale,Deux véhicules - arrière,,,,,,,,,,,1,1,1,1,2
200800027800,0008-05-17 18:45:00,8,5,17,18,45,270,44,,,,Plein jour,Hors agglomération,Hors intersection,Normale,Deux véhicules - frontale,,,,,,,,,,,1,1,1,1,1
200800027801,0008-05-25 18:15:00,8,5,25,18,15,270,650,,49.09,0.987,Plein jour,Hors agglomération,Intersection en X,Normale,Deux véhicules - côté,,,,,,,,,,,1,1,2,1,3
200800027802,0008-05-27 17:00:00,8,5,27,17,0,270,99,,49.069,1.191,Plein jour,Hors agglomération,Hors intersection,Pluie légère,Deux véhicules - frontale,,,,,,,,,,,1,1,1,2,1
200800027803,0008-05-03 12:30:00,8,5,3,12,30,270,438,Magasin Champion,48.768,1.22,Plein jour,En agglomération,Hors intersection,Normale,Deux véhicules - frontale,,,,,,,,,,,1,2,1,1,1
200800027804,0008-05-09 11:30:00,8,5,9,11,30,270,693,,48.923,1.105,Plein jour,Hors agglomération,Hors intersection,Normale,Deux véhicules - côté,,,,,,,,,,,1,1,1,1,3
200800027805,0008-05-10 15:45:00,8,5,10,15,45,270,350,,,,Plein jour,En agglomération,Hors intersection,Normale,Autre collision,,,,,,,,,,,1,2,1,1,6
200800027806,0008-05-09 17:00:00,8,5,9,17,0,270,181,rue des fermes,48.813,1.285,Plein jour,En agglomération,Intersection en T,Temps éblouissant,Deux véhicules - côté,,,,,,,,,,,1,2,3,7,3
200800027807,0008-05-24 12:30:00,8,5,24,12,30,270,368,,48.849,1.301,Plein jour,Hors agglomération,Hors intersection,Normale,Autre collision,,,,,,,,,,,1,1,1,1,6
200800027808,0008-05-29 21:15:00,8,5,29,21,15,270,297,,48.816,1.083,Nuit sans éclairage public,Hors agglomération,Hors intersection,Normale,Deux véhicules - frontale,,,,,,,,,,,3,1,1,1,1
200800027809,0008-05-03 13:45:00,8,5,3,13,45,270,183,,,,Plein jour,Hors agglomération,Hors intersection,Normale,Trois véhicules et plus - collisions multiples,,,,,,,,,,,1,1,1,1,5
200800027810,0008-05-08 15:00:00,8,5,8,15,0,270,280,,,,Plein jour,Hors agglomération,Hors intersection,Normale,Autre collision,,,,,,,,,,,1,1,1,1,6
200800027811,0008-05-08 15:15:00,8,5,8,15,15,270,391,,,,Plein jour,Hors agglomération,Hors intersection,Normale,Autre collision,,,,,,,,,,,1,1,1,1,6
200800027812,0008-05-16 16:15:00,8,5,16,16,15,270,410,,,,Nuit sans éclairage public,Hors agglomération,Hors intersection,Pluie forte,Autre collision,,,,,,,,,,,3,1,1,3,6
200800027813,0008-05-03 10:45:00,8,5,3,10,45,270,679,,,,Plein jour,Hors agglomération,Intersection en T,Normale,Deux véhicules - côté,,,,,,,,,,,1,1,3,1,3
200800027814,0008-05-24 05:00:00,8,5,24,5,0,270,104,,,,Crépuscule ou aube,Hors agglomération,Hors intersection,Normale,Sans collision,,,,,,,,,,,2,1,1,1,7
200800027815,0008-05-11 15:45:00,8,5,11,15,45,270,617,,49.315,1.52,Plein jour,Hors agglomération,Intersection en T,Normale,Deux véhicules - côté,,,,,,,,,,,1,1,3,1,3
200800027816,0008-05-17 19:30:00,8,5,17,19,30,270,204,RUE ST AUBIN,,,Plein jour,En agglomération,Hors intersection,Normale,Deux véhicules - frontale,,,,,,,,,,,1,2,1,1,1
200800027817,0008-05-11 15:45:00,8,5,11,15,45,270,129,,49.082,0.575,Plein jour,Hors agglomération,Hors intersection,Normale,Deux véhicules - frontale,,,,,,,,,,,1,1,1,1,1
200800027818,0008-05-25 20:15:00,8,5,25,20,15,270,237,230 CD613,49.187,0.53,Crépuscule ou aube,En agglomération,Hors intersection,Normale,Deux véhicules - frontale,,,,,,,,,,,2,2,1,1,1
200800027819,0008-05-16 02:30:00,8,5,16,2,30,270,131,,,,Nuit sans éclairage public,Hors agglomération,Hors intersection,Normale,Sans collision,,,,,,,,,,,3,1,1,1,7
200800027820,0008-05-31 14:30:00,8,5,31,14,30,270,356,,,,Plein jour,Hors agglomération,Intersection en X,Normale,Deux véhicules - côté,,,,,,,,,,,1,1,2,1,3
200800027821,0008-05-25 18:30:00,8,5,25,18,30,270,275,,49.164,1.326,Plein jour,Hors agglomération,Hors intersection,Normale,Deux véhicules - côté,,,,,,,,,,,1,1,1,1,3
200800027822,0008-05-31 11:45:00,8,5,31,11,45,270,275,,,,Plein jour,Hors agglomération,Giratoire,Normale,Autre collision,,,,,,,,,,,1,1,6,1,6
200800027823,0008-05-04 12:15:00,8,5,4,12,15,270,636,16 rue delamarre,49.277,0.969,Plein jour,En agglomération,Hors intersection,Normale,Deux véhicules - côté,,,,,,,,,,,1,2,1,1,3
200800027824,0008-05-10 05:30:00,8,5,10,5,30,270,698,,49.173,0.908,Crépuscule ou aube,Hors agglomération,Autre intersection,Normale,Sans collision,,,,,,,,,,,2,1,9,1,7
200800027825,0008-05-30 16:15:00,8,5,30,16,15,270,698,,,,Plein jour,Hors agglomération,Hors intersection,Normale,Trois véhicules et plus - collisions multiples,,,,,,,,,,,1,1,1,1,5
200800027826,0008-05-02 13:30:00,8,5,2,13,30,270,169,,,,Plein jour,Hors agglomération,Hors intersection,Normale,Autre collision,,,,,,,,,,,1,1,1,1,6
200800027827,0008-05-03 11:15:00,8,5,3,11,15,270,243,RD 312,,,Plein jour,En agglomération,Hors intersection,Normale,Sans collision,,,,,,,,,,,1,2,1,1,7
200800027828,0008-05-04 04:00:00,8,5,4,4,0,270,655,,,,Nuit sans éclairage public,Hors agglomération,Hors intersection,Normale,Sans collision,,,,,,,,,,,3,1,1,1,7
200800027829,0008-05-10 19:45:00,8,5,10,19,45,270,174,,,,Plein jour,Hors agglomération,Hors intersection,Normale,Autre collision,,,,,,,,,,,1,1,1,1,6
200800027830,0008-05-24 02:45:00,8,5,24,2,45,270,467,,49.349,0.514,Nuit avec éclairage allumé,En agglomération,Hors intersection,Normale,Deux véhicules - côté,,,,,,,,,,,5,2,1,1,3
200800027831,0008-05-31 21:15:00,8,5,31,21,15,270,64,,,,Crépuscule ou aube,Hors agglomération,Hors intersection,Normale,Autre collision,,,,,,,,,,,2,1,1,1,6
200800027832,0008-05-28 19:15:00,8,5,28,19,15,270,103,,,,Plein jour,Hors agglomération,Intersection en X,Normale,Deux véhicules - côté,,,,,,,,,,,1,1,2,1,3
200800027833,0008-05-01 23:00:00,8,5,1,23,0,350,130,,48.291,-1.804,Nuit sans éclairage public,Hors agglomération,Hors intersection,Autre,Autre collision,,,,,,,,,,,3,1,1,9,6
200800027834,0008-05-16 15:00:00,8,5,16,15,0,350,216,RD 31  et RD 231,48.196,-1.831,Plein jour,En agglomération,Intersection en T,Normale,Deux véhicules - côté,,,,,,,,,,,1,2,3,1,3
200800027835,0008-05-31 16:45:00,8,5,31,16,45,350,187,,,,Plein jour,Hors agglomération,Hors intersection,Normale,Sans collision,,,,,,,,,,,1,1,1,1,7
200800027836,0008-05-06 10:30:00,8,5,6,10,30,350,240,,,,Plein jour,Hors agglomération,Hors intersection,Temps éblouissant,Deux véhicules - côté,,,,,,,,,,,1,1,1,7,3
200800027837,0008-05-11 04:45:00,8,5,11,4,45,350,240,avenue du chene vert,,,Nuit avec éclairage allumé,En agglomération,Hors intersection,Normale,Deux véhicules - côté,,,,,,,,,,,5,2,1,1,3
200800027838,0008-05-26 12:15:00,8,5,26,12,15,350,240,rue du Dr Wagner,,,Plein jour,En agglomération,Giratoire,Normale,Autre collision,,,,,,,,,,,1,2,6,1,6
200800027839,0008-05-02 04:15:00,8,5,2,4,15,350,162,,,,Nuit sans éclairage public,Hors agglomération,Hors intersection,Normale,Sans collision,,,,,,,,,,,3,1,1,1,7
200800027840,0008-05-08 09:45:00,8,5,8,9,45,350,162,,,,Nuit sans éclairage public,Hors agglomération,Hors intersection,Normale,Autre collision,,,,,,,,,,,3,1,1,1,6
200800027841,0008-05-04 17:15:00,8,5,4,17,15,350,253,,,,Plein jour,Hors agglomération,Hors intersection,Normale,Autre collision,,,,,,,,,,,1,1,1,1,6
200800027842,0008-05-06 17:30:00,8,5,6,17,30,350,267,,,,Plein jour,Hors agglomération,Intersection en X,Normale,Deux véhicules - côté,,,,,,,,,,,1,1,2,1,3
200800027843,0008-05-28 18:30:00,8,5,28,18,30,350,83,,,,Plein jour,Hors agglomération,Intersection en T,Normale,Deux véhicules - côté,,,,,,,,,,,1,1,3,1,3
200800027844,0008-05-30 12:45:00,8,5,30,12,45,350,273,,,,Plein jour,En agglomération,Hors intersection,Normale,Trois véhicules et plus - collisions multiples,,,,,,,,,,,1,2,1,1,5
200800027845,0008-05-11 16:45:00,8,5,11,16,45,350,343,,,,Plein jour,Hors agglomération,Hors intersection,Normale,Autre collision,,,,,,,,,,,1,1,1,1,6
200800027846,0008-05-06 08:00:00,8,5,6,8,0,350,127,,47.906,-1.864,Plein jour,Hors agglomération,Hors intersection,Normale,Deux véhicules - arrière,,,,,,,,,,,1,1,1,1,2
200800027847,0008-05-11 21:30:00,8,5,11,21,30,350,127,,47.904,-1.831,Crépuscule ou aube,Hors agglomération,Hors intersection,Normale,Autre collision,,,,,,,,,,,2,1,1,1,6
200800027848,0008-05-05 14:00:00,8,5,5,14,0,350,337,,,,Plein jour,Hors agglomération,Intersection en T,Normale,Deux véhicules - côté,,,,,,,,,,,1,1,3,1,3
200800027849,0008-05-23 15:45:00,8,5,23,15,45,350,179,,,,Plein jour,Hors agglomération,Hors intersection,Normale,Deux véhicules - frontale,,,,,,,,,,,1,1,1,1,1
200800027850,0008-05-03 17:00:00,8,5,3,17,0,350,95,rue des tendieres,,,Plein jour,En agglomération,Hors intersection,Normale,Deux véhicules - côté,,,,,,,,,,,1,2,1,1,3
200800027851,0008-05-15 17:30:00,8,5,15,17,30,350,108,,47.957,-1.48,Plein jour,Hors agglomération,Hors intersection,Normale,Deux véhicules - frontale,,,,,,,,,,,1,1,1,1,1
200800027852,0008-05-20 08:15:00,8,5,20,8,15,350,2,,,,Plein jour,Hors agglomération,Intersection en X,Normale,Deux véhicules - frontale,,,,,,,,,,,1,1,2,1,1
200800027853,0008-05-07 15:45:00,8,5,7,15,45,220,93,1rue Henri POINCARE,,,Plein jour,En agglomération,Autre intersection,Normale,Autre collision,,,,,,,,,,,1,2,9,1,6
200800027854,0008-05-24 02:15:00,8,5,24,2,15,220,258,,,,Nuit sans éclairage public,Hors agglomération,Hors intersection,Normale,Autre collision,,,,,,,,,,,3,1,1,1,6
200800027855,0008-05-13 14:30:00,8,5,13,14,30,220,136,,,,Plein jour,Hors agglomération,Hors intersection,Normale,Deux véhicules - frontale,,,,,,,,,,,1,1,1,1,1
200800027856,0008-05-06 15:45:00,8,5,6,15,45,220,162,Rond-point du Goelo,48.78,-3.04,Plein jour,En agglomération,Giratoire,Normale,Autre collision,,,,,,,,,,,1,2,6,1,6
200800027857,0008-05-08 14:45:00,8,5,8,14,45,220,162,,,,Plein jour,Hors agglomération,Hors intersection,Pluie légère,Deux véhicules - frontale,,,,,,,,,,,1,1,1,2,1
200800027858,0008-05-11 11:45:00,8,5,11,11,45,220,214,,48.718,-2.974,Plein jour,Hors agglomération,Hors intersection,Normale,Autre collision,,,,,,,,,,,1,1,1,1,6
200800027859,0008-05-27 18:00:00,8,5,27,18,0,220,214,,48.746,-2.993,Plein jour,Hors agglomération,Intersection en T,Normale,Deux véhicules - côté,,,,,,,,,,,1,1,3,1,3
200800027860,0008-05-06 13:15:00,8,5,6,13,15,220,197,,,,Plein jour,Hors agglomération,Hors intersection,Normale,Sans collision,,,,,,,,,,,1,1,1,1,7
200800027861,0008-05-28 15:00:00,8,5,28,15,0,220,364,,,,Plein jour,Hors agglomération,Intersection en X,Normale,Deux véhicules - côté,,,,,,,,,,,1,1,2,1,3
200800027862,0008-05-29 17:00:00,8,5,29,17,0,220,123,,,,Plein jour,Hors agglomération,Hors intersection,Normale,Deux véhicules - frontale,,,,,,,,,,,1,1,1,1,1
200800027863,0008-05-28 12:30:00,8,5,28,12,30,220,20,,,,Plein jour,Hors agglomération,Hors intersection,Normale,Trois véhicules et plus - collisions multiples,,,,,,,,,,,1,1,1,1,5
200800027864,0008-05-30 08:00:00,8,5,30,8,0,220,239,,,,Plein jour,Hors agglomération,Intersection en T,Normale,Deux véhicules - côté,,,,,,,,,,,1,1,3,1,3
200800027865,0008-05-08 22:00:00,8,5,8,22,0,220,14,,,,Nuit sans éclairage public,Hors agglomération,Hors intersection,Normale,Deux véhicules - côté,,,,,,,,,,,3,1,1,1,3
200800027866,0008-05-08 08:45:00,8,5,8,8,45,220,333,,,,Plein jour,Hors agglomération,Hors intersection,Normale,Sans collision,,,,,,,,,,,1,1,1,1,7
200800027867,0008-05-17 07:15:00,8,5,17,7,15,220,163,,,,Crépuscule ou aube,Hors agglomération,Hors intersection,Pluie légère,Sans collision,,,,,,,,,,,2,1,1,2,7
200800027868,0008-05-29 15:15:00,8,5,29,15,15,220,220,,,,Plein jour,Hors agglomération,Hors intersection,Normale,Deux véhicules - frontale,,,,,,,,,,,1,1,1,1,1
200800027869,0008-05-11 00:01:00,8,5,11,0,1,220,226,,48.689,-3.501,Nuit sans éclairage public,Hors agglomération,Hors intersection,Normale,Deux véhicules - frontale,,,,,,,,,,,3,1,1,1,1
200800027870,0008-05-24 05:00:00,8,5,24,5,0,220,194,,48.659,-3.643,Nuit sans éclairage public,Hors agglomération,Hors intersection,Pluie légère,Sans collision,,,,,,,,,,,3,1,1,2,7
200800027871,0008-05-30 22:45:00,8,5,30,22,45,220,343,32 RUE DES PLAGES,48.774,-3.567,Crépuscule ou aube,En agglomération,Hors intersection,Normale,Sans collision,,,,,,,,,,,2,2,1,1,7
200800027872,0008-05-13 17:45:00,8,5,13,17,45,220,166,rue de la poste,48.816,-3.294,Plein jour,En agglomération,Hors intersection,Pluie légère,Deux véhicules - arrière,,,,,,,,,,,1,2,1,2,2
200800027873,0008-05-04 12:15:00,8,5,4,12,15,290,197,CD784 AV GENERAL LECLERC,48.018,-4.484,Plein jour,En agglomération,Hors intersection,Normale,Deux véhicules - frontale,,,,,,,,,,,1,2,1,1,1
200800027874,0008-05-18 07:45:00,8,5,18,7,45,290,228,ROUTE DE ST THEODORE,48.031,-4.605,Plein jour,En agglomération,Hors intersection,Normale,Autre collision,,,,,,,,,,,1,2,1,1,6
200800027875,0008-05-23 14:15:00,8,5,23,14,15,290,218,,48.046,-4.505,Plein jour,Hors agglomération,Hors intersection,Normale,Deux véhicules - frontale,,,,,,,,,,,1,1,1,1,1
200800027876,0008-05-03 01:45:00,8,5,3,1,45,290,58,,47.876,-3.995,Nuit sans éclairage public,Hors agglomération,Hors intersection,Normale,Sans collision,,,,,,,,,,,3,1,1,1,7
200800027877,0008-05-03 12:00:00,8,5,3,12,0,290,58,,47.89,-4.007,Plein jour,Hors agglomération,Hors intersection,Normale,Trois véhicules et plus - collisions multiples,,,,,,,,,,,1,1,1,1,5
200800027878,0008-05-06 09:00:00,8,5,6,9,0,290,220,Rond point de Pont Guern,,,Plein jour,En agglomération,Giratoire,Normale,Deux véhicules - frontale,,,,,,,,,,,1,2,6,1,1
200800027879,0008-05-14 18:15:00,8,5,14,18,15,290,165,RUE DE L AGLISE,,,Plein jour,En agglomération,Hors intersection,Normale,Deux véhicules - côté,,,,,,,,,,,1,2,1,1,3
200800027880,0008-05-03 16:15:00,8,5,3,16,15,290,181,,48.476,-4.264,Plein jour,Hors agglomération,Hors intersection,Normale,Sans collision,,,,,,,,,,,1,1,1,1,7
200800027881,0008-05-19 12:15:00,8,5,19,12,15,290,180,,48.431,-4.122,Plein jour,Hors agglomération,Hors intersection,Normale,Autre collision,,,,,,,,,,,1,1,1,1,6
200800027882,0008-05-14 12:15:00,8,5,14,12,15,290,198,,48.623,-4.33,Plein jour,Hors agglomération,Hors intersection,Normale,Deux véhicules - frontale,,,,,,,,,,,1,1,1,1,1
200800027883,0008-05-01 05:30:00,8,5,1,5,30,290,117,,48.582,-4.572,Nuit sans éclairage public,Hors agglomération,Hors intersection,Temps couvert,Autre collision,,,,,,,,,,,3,1,1,8,6
200800027884,0008-05-15 18:00:00,8,5,15,18,0,290,178,Rue de Kergueneguan,48.561,-4.691,Plein jour,En agglomération,Hors intersection,Normale,Deux véhicules - frontale,,,,,,,,,,,1,2,1,1,1
200800027885,0008-05-16 08:15:00,8,5,16,8,15,290,149,,48.44,-4.577,Plein jour,Hors agglomération,Hors intersection,Normale,Deux véhicules - arrière,,,,,,,,,,,1,1,1,1,2
200800027886,0008-05-12 13:15:00,8,5,12,13,15,290,26,,48.208,-4.081,Plein jour,Hors agglomération,Hors intersection,Normale,Deux véhicules - côté,,,,,,,,,,,1,1,1,1,3
200800027887,0008-05-11 18:15:00,8,5,11,18,15,290,7,,,,Plein jour,Hors agglomération,Hors intersection,Normale,Autre collision,,,,,,,,,,,1,1,1,1,6
200800027888,0008-05-25 18:45:00,8,5,25,18,45,290,163,,48.507,-3.856,Plein jour,Hors agglomération,Hors intersection,Normale,Deux véhicules - frontale,,,,,,,,,,,1,1,1,1,1
200800027889,0008-05-16 20:15:00,8,5,16,20,15,290,192,,48.689,-4.056,Plein jour,Hors agglomération,Hors intersection,Normale,Deux véhicules - frontale,,,,,,,,,,,1,1,1,1,1
200800027890,0008-05-17 22:15:00,8,5,17,22,15,290,259,,,,Nuit sans éclairage public,Hors agglomération,Hors intersection,Normale,Deux véhicules - frontale,,,,,,,,,,,3,1,1,1,1
200800027891,0008-05-18 23:45:00,8,5,18,23,45,290,239,,48.716,-3.997,Nuit sans éclairage public,Hors agglomération,Hors intersection,Normale,Autre collision,,,,,,,,,,,3,1,1,1,6
200800027892,0008-05-22 16:15:00,8,5,22,16,15,290,259,,48.689,-3.982,Plein jour,En agglomération,Hors intersection,Pluie forte,Deux véhicules - côté,,,,,,,,,,,1,2,1,3,3
200800027893,0008-05-29 18:00:00,8,5,29,18,0,290,79,,48.639,-3.922,Plein jour,Hors agglomération,Hors intersection,Pluie forte,Autre collision,,,,,,,,,,,1,1,1,3,6
200800027894,0008-05-07 04:30:00,8,5,7,4,30,560,164,,47.665,-2.83,Nuit sans éclairage public,Hors agglomération,Hors intersection,Normale,Autre collision,,,,,,,,,,,3,1,1,1,6
200800027895,0008-05-29 11:00:00,8,5,29,11,0,560,8,,,,Plein jour,Hors agglomération,Hors intersection,Normale,Deux véhicules - frontale,,,,,,,,,,,1,1,1,1,1
200800027896,0008-05-02 21:30:00,8,5,2,21,30,560,147,26 rue du calvaire,,,Nuit avec éclairage allumé,En agglomération,Hors intersection,Normale,Autre collision,,,,,,,,,,,5,2,1,1,6
200800027897,0008-05-07 17:45:00,8,5,7,17,45,560,53,,,,Plein jour,Hors agglomération,Intersection en X,Normale,Deux véhicules - frontale,,,,,,,,,,,1,1,2,1,1
200800027898,0008-05-08 03:15:00,8,5,8,3,15,560,46,,,,Nuit sans éclairage public,Hors agglomération,Hors intersection,Normale,Autre collision,,,,,,,,,,,3,1,1,1,6
200800027899,0008-05-18 05:45:00,8,5,18,5,45,560,185,,47.784,-3.419,Crépuscule ou aube,Hors agglomération,Hors intersection,Normale,Deux véhicules - côté,,,,,,,,,,,2,1,1,1,3
200800027900,0008-05-04 05:00:00,8,5,4,5,0,560,169,,47.716,-3.211,Nuit sans éclairage public,Hors agglomération,Hors intersection,Normale,Autre collision,,,,,,,,,,,3,1,1,1,6
200800027901,0008-05-31 21:00:00,8,5,31,21,0,560,134,,48.077,-2.543,Plein jour,Hors agglomération,Hors intersection,Normale,Sans collision,,,,,,,,,,,1,1,1,1,7
200800027902,0008-05-02 18:45:00,8,5,2,18,45,560,180,LA BELLE ALOUETTE,47.919,-2.204,Plein jour,En agglomération,Hors intersection,Normale,Deux véhicules - côté,,,,,,,,,,,1,2,1,1,3
200800027903,0008-05-05 23:00:00,8,5,5,23,0,560,200,,47.817,-2.304,Nuit sans éclairage public,Hors agglomération,Hors intersection,Normale,Deux véhicules - frontale,,,,,,,,,,,3,1,1,1,1
200800027904,0008-05-16 07:45:00,8,5,16,7,45,560,75,,47.949,-2.148,Plein jour,Hors agglomération,Hors intersection,Brouillard / fumée,Autre collision,,,,,,,,,,,1,1,1,5,6
200800027905,0008-05-01 11:00:00,8,5,1,11,0,560,178,Stade de TOULBOUBOU,48.074,-2.969,Plein jour,En agglomération,Hors intersection,Normale,Autre collision,,,,,,,,,,,1,2,1,1,6
200800027906,0008-05-05 11:45:00,8,5,5,11,45,560,178,rue du stade,48.063,-2.972,Plein jour,En agglomération,Autre intersection,Normale,Sans collision,,,,,,,,,,,1,2,9,1,7
200800027907,0008-05-05 12:30:00,8,5,5,12,30,560,151,,,,Plein jour,Hors agglomération,Hors intersection,Normale,Sans collision,,,,,,,,,,,1,1,1,1,7