accident_id,datetime,annee,mois,jour,heure,minute,departement,commune_insee,adresse,latitude,longitude,luminosite,agglomeration,intersection,meteo,collision,nb_vehicules,nb_usagers,nb_indemnes,nb_tues,nb_blesses_hosp,nb_blesses_legers,age_cond_1,age_cond_2,veh_type_cond_1,veh_type_cond_2,lum_code,agg_code,int_code,atm_code,col_code
200800027908,0008-05-22 09:00:00,8,5,22,9,0,560,242,,48.11,-3.185,Plein jour,Hors agglomération,Hors intersection,Normale,Deux véhicules - côté,,,,,,,,,,,1,1,1,1,3
200800027909,0008-05-21 15:30:00,8,5,21,15,30,560,74,rue du Maneguen,47.912,-2.979,Plein jour,En agglomération,Hors intersection,Normale,Deux véhicules - côté,,,,,,,,,,,1,2,1,1,3
200800027910,0008-05-30 17:15:00,8,5,30,17,15,560,207,,47.927,-3.054,Plein jour,Hors agglomération,Hors intersection,Normale,Deux véhicules - arrière,,,,,,,,,,,1,1,1,1,2
200800027911,0008-05-21 22:45:00,8,5,21,22,45,560,66,,48.161,-3.594,Crépuscule ou aube,Hors agglomération,Hors intersection,Normale,Autre collision,,,,,,,,,,,2,1,1,1,6
200800027912,0008-05-24 12:00:00,8,5,24,12,0,560,57,rue Victor Robic,48.036,-3.49,Plein jour,En agglomération,Hors intersection,Pluie forte,Autre collision,,,,,,,,,,,1,2,1,3,6
200800027913,0008-05-24 14:00:00,8,5,24,14,0,140,274,,49.147,-0.449,Plein jour,Hors agglomération,Hors intersection,Normale,Deux véhicules - côté,,,,,,,,,,,1,1,1,1,3
200800027914,0008-05-11 03:45:00,8,5,11,3,45,140,408,,49.103,-0.387,Nuit sans éclairage public,Hors agglomération,Hors intersection,Normale,Sans collision,,,,,,,,,,,3,1,1,1,7
200800027915,0008-05-08 20:30:00,8,5,8,20,30,140,252,,49.02,-0.253,Plein jour,Hors agglomération,Hors intersection,Normale,Deux véhicules - frontale,,,,,,,,,,,1,1,1,1,1
200800027916,0008-05-11 20:00:00,8,5,11,20,0,140,145,,,,Plein jour,Hors agglomération,Hors intersection,Normale,Autre collision,,,,,,,,,,,1,1,1,1,6
200800027917,0008-05-04 19:15:00,8,5,4,19,15,140,640,,,,Plein jour,Hors agglomération,Hors intersection,Normale,Deux véhicules - côté,,,,,,,,,,,1,1,1,1,3
200800027918,0008-05-11 20:00:00,8,5,11,20,0,140,306,,49.269,-0.195,Plein jour,Hors agglomération,Hors intersection,Normale,Autre collision,,,,,,,,,,,1,1,1,1,6
200800027919,0008-05-04 18:15:00,8,5,4,18,15,140,224,,,,Plein jour,Hors agglomération,Hors intersection,Normale,Deux véhicules - frontale,,,,,,,,,,,1,1,1,1,1
200800027920,0008-05-10 14:30:00,8,5,10,14,30,140,714,la tuilerie,,,Plein jour,En agglomération,Hors intersection,Normale,Autre collision,,,,,,,,,,,1,2,1,1,6
200800027921,0008-05-14 19:30:00,8,5,14,19,30,140,697,,48.996,-0.045,Plein jour,Hors agglomération,Intersection en X,Normale,Deux véhicules - côté,,,,,,,,,,,1,1,2,1,3
200800027922,0008-05-29 10:45:00,8,5,29,10,45,140,419,,49.096,0.147,Plein jour,Hors agglomération,Hors intersection,Normale,Autre collision,,,,,,,,,,,1,1,1,1,6
200800027923,0008-05-18 04:15:00,8,5,18,4,15,140,105,,48.975,0.167,Nuit sans éclairage public,Hors agglomération,Hors intersection,Normale,Autre collision,,,,,,,,,,,3,1,1,1,6
200800027924,0008-05-02 13:30:00,8,5,2,13,30,140,229,rue Plessis Esmangard,49.23,-0.043,Plein jour,En agglomération,Intersection en X,Normale,Deux véhicules - frontale,,,,,,,,,,,1,2,2,1,1
200800027925,0008-05-15 19:30:00,8,5,15,19,30,140,545,,48.837,-0.866,Plein jour,Hors agglomération,Hors intersection,Normale,Deux véhicules - frontale,,,,,,,,,,,1,1,1,1,1
200800027926,0008-05-12 20:30:00,8,5,12,20,30,140,27,route d'harcourt,49.021,-0.63,Plein jour,En agglomération,Hors intersection,Normale,Sans collision,,,,,,,,,,,1,2,1,1,7
200800027927,0008-05-20 22:15:00,8,5,20,22,15,500,485,,49.308,-1.228,Nuit avec éclairage allumé,Hors agglomération,Hors intersection,Normale,Deux véhicules - arrière,,,,,,,,,,,5,1,1,1,2
200800027928,0008-05-05 09:00:00,8,5,5,9,0,500,488,,,,Plein jour,Hors agglomération,Hors intersection,Temps couvert,Deux véhicules - frontale,,,,,,,,,,,1,1,1,8,1
200800027929,0008-05-23 18:30:00,8,5,23,18,30,500,468,,,,Plein jour,Hors agglomération,Hors intersection,Normale,Deux véhicules - frontale,,,,,,,,,,,1,1,1,1,1
200800027930,0008-05-16 12:30:00,8,5,16,12,30,500,411,,,,Plein jour,En agglomération,Intersection en T,Normale,Deux véhicules - côté,,,,,,,,,,,1,2,3,1,3
200800027931,0008-05-23 18:30:00,8,5,23,18,30,500,541,,,,Plein jour,Hors agglomération,Hors intersection,Normale,Autre collision,,,,,,,,,,,1,1,1,1,6
200800027932,0008-05-11 11:15:00,8,5,11,11,15,500,412,,49.366,-1.697,Plein jour,Hors agglomération,Intersection en X,Normale,Deux véhicules - côté,,,,,,,,,,,1,1,2,1,3
200800027933,0008-05-13 12:15:00,8,5,13,12,15,500,82,,49.487,-1.617,Plein jour,Hors agglomération,Hors intersection,Normale,Deux véhicules - frontale,,,,,,,,,,,1,1,1,1,1
200800027934,0008-05-17 11:15:00,8,5,17,11,15,500,83,,,,Plein jour,Hors agglomération,Hors intersection,Temps couvert,Deux véhicules - arrière,,,,,,,,,,,1,1,1,8,2
200800027935,0008-05-17 17:45:00,8,5,17,17,45,500,402,,,,Plein jour,Hors agglomération,Hors intersection,Normale,Trois véhicules et plus - collisions multiples,,,,,,,,,,,1,1,1,1,5
200800027936,0008-05-30 11:00:00,8,5,30,11,0,500,604,,,,Plein jour,Hors agglomération,Hors intersection,Normale,Autre collision,,,,,,,,,,,1,1,1,1,6
200800027937,0008-05-11 18:45:00,8,5,11,18,45,500,268,,49.525,-1.318,Plein jour,Hors agglomération,Intersection en X,Normale,Deux véhicules - côté,,,,,,,,,,,1,1,2,1,3
200800027938,0008-05-29 18:30:00,8,5,29,18,30,500,523,,,,Plein jour,Hors agglomération,Hors intersection,Pluie forte,Deux véhicules - côté,,,,,,,,,,,1,1,1,3,3
200800027939,0008-05-28 08:15:00,8,5,28,8,15,500,209,,49.639,-1.476,Plein jour,Hors agglomération,Hors intersection,Pluie légère,Deux véhicules - côté,,,,,,,,,,,1,1,1,2,3
200800027940,0008-05-08 12:45:00,8,5,8,12,45,500,243,,,,Plein jour,Hors agglomération,Hors intersection,Normale,Deux véhicules - côté,,,,,,,,,,,1,1,1,1,3
200800027941,0008-05-18 12:30:00,8,5,18,12,30,500,7,,,,Plein jour,Hors agglomération,Hors intersection,Normale,Sans collision,,,,,,,,,,,1,1,1,1,7
200800027942,0008-05-25 12:15:00,8,5,25,12,15,500,481,,49.241,-1.586,Plein jour,Hors agglomération,Hors intersection,Normale,Autre collision,,,,,,,,,,,1,1,1,1,6
200800027943,0008-05-05 17:00:00,8,5,5,17,0,610,382,Le Bourg,48.461,-0.05,Plein jour,En agglomération,Hors intersection,Normale,Deux véhicules - côté,,,,,,,,,,,1,2,1,1,3
200800027944,0008-05-08 11:00:00,8,5,8,11,0,610,382,,48.461,-0.033,Plein jour,Hors agglomération,Hors intersection,Normale,Deux véhicules - arrière,,,,,,,,,,,1,1,1,1,2
200800027945,0008-05-13 20:00:00,8,5,13,20,0,610,382,,48.482,-0.047,Plein jour,Hors agglomération,Hors intersection,Normale,Autre collision,,,,,,,,,,,1,1,1,1,6
200800027946,0008-05-08 08:45:00,8,5,8,8,45,610,258,Rue Libcany,,,Plein jour,En agglomération,Hors intersection,Normale,Deux véhicules - frontale,,,,,,,,,,,1,2,1,1,1
200800027947,0008-05-09 22:00:00,8,5,9,22,0,610,258,RUE GRANDE/RUE M. GERARD,,,Nuit avec éclairage non allumé,En agglomération,Hors intersection,Normale,Deux véhicules - côté,,,,,,,,,,,4,2,1,1,3
200800027948,0008-05-10 10:15:00,8,5,10,10,15,610,485,,,,Plein jour,Hors agglomération,Hors intersection,Normale,Deux véhicules - frontale,,,,,,,,,,,1,1,1,1,1
200800027949,0008-05-13 14:15:00,8,5,13,14,15,610,294,,48.666,0.088,Plein jour,Hors agglomération,Hors intersection,Normale,Deux véhicules - frontale,,,,,,,,,,,1,1,1,1,1
200800027950,0008-05-10 23:15:00,8,5,10,23,15,610,181,rue de la touques,48.8,0.296,Nuit avec éclairage allumé,En agglomération,Intersection en X,Normale,Deux véhicules - côté,,,,,,,,,,,5,2,2,1,3
200800027951,0008-05-16 16:00:00,8,5,16,16,0,610,493,,48.8,0.357,Plein jour,Hors agglomération,Hors intersection,Normale,Deux véhicules - frontale,,,,,,,,,,,1,1,1,1,1
200800027952,0008-05-19 12:00:00,8,5,19,12,0,610,150,,48.749,0.371,Plein jour,Hors agglomération,Hors intersection,Normale,Sans collision,,,,,,,,,,,1,1,1,1,7
200800027953,0008-05-30 10:30:00,8,5,30,10,30,610,122,,48.765,0.309,Plein jour,Hors agglomération,Hors intersection,Normale,Deux véhicules - côté,,,,,,,,,,,1,1,1,1,3
200800027954,0008-05-21 08:00:00,8,5,21,8,0,610,387,,48.506,-0.731,Plein jour,Hors agglomération,Intersection en X,Normale,Deux véhicules - côté,,,,,,,,,,,1,1,2,1,3
200800027955,0008-05-16 11:15:00,8,5,16,11,15,610,214,bd de lattre de tasigny,,,Plein jour,En agglomération,Hors intersection,Normale,Autre collision,,,,,,,,,,,1,2,1,1,6
200800027956,0008-05-11 15:00:00,8,5,11,15,0,610,230,,,,Plein jour,Hors agglomération,Hors intersection,Normale,Deux véhicules - frontale,,,,,,,,,,,1,1,1,1,1
200800027957,0008-05-06 01:00:00,8,5,6,1,0,440,26,57 rue francois rene cha,47.304,-1.488,Nuit avec éclairage allumé,En agglomération,Giratoire,Normale,Sans collision,,,,,,,,,,,5,2,6,1,7
200800027958,0008-05-20 20:45:00,8,5,20,20,45,440,64,RUE DE LA MARGERIE,47.11,-1.304,Plein jour,En agglomération,Hors intersection,Normale,Autre collision,,,,,,,,,,,1,2,1,1,6
200800027959,0008-05-27 18:00:00,8,5,27,18,0,440,81,,,,Plein jour,Hors agglomération,Hors intersection,Normale,Trois véhicules et plus - collisions multiples,,,,,,,,,,,1,1,1,1,5
200800027960,0008-05-20 08:45:00,8,5,20,8,45,440,191,,,,Plein jour,Hors agglomération,Intersection en X,Normale,Deux véhicules - côté,,,,,,,,,,,1,1,2,1,3
200800027961,0008-05-24 10:00:00,8,5,24,10,0,440,36,rue vieille voie,47.719,-1.384,Plein jour,En agglomération,Hors intersection,Pluie légère,Deux véhicules - frontale,,,,,,,,,,,1,2,1,2,1
200800027962,0008-05-11 18:30:00,8,5,11,18,30,440,185,RD775 PLACE E.LAFONTAINE,47.649,-2.069,Plein jour,En agglomération,Giratoire,Normale,Deux véhicules - côté,,,,,,,,,,,1,2,6,1,3
200800027963,0008-05-09 00:45:00,8,5,9,0,45,440,23,,47.396,-1.88,Nuit sans éclairage public,Hors agglomération,Intersection en X,Brouillard / fumée,Trois véhicules et plus - collisions multiples,,,,,,,,,,,3,1,2,5,5
200800027964,0008-05-11 15:45:00,8,5,11,15,45,440,15,rue de la Croix Rouge,47.474,-1.767,Plein jour,En agglomération,Hors intersection,Temps éblouissant,Autre collision,,,,,,,,,,,1,2,1,7,6
200800027965,0008-05-18 01:15:00,8,5,18,1,15,440,15,Rue du 8 mai,47.482,-1.761,Nuit avec éclairage allumé,En agglomération,Hors intersection,Normale,Deux véhicules - côté,,,,,,,,,,,5,2,1,1,3
200800027966,0008-05-03 15:00:00,8,5,3,15,0,440,122,,47.414,-1.407,Plein jour,Hors agglomération,Hors intersection,Normale,Deux véhicules - côté,,,,,,,,,,,1,1,1,1,3
200800027967,0008-05-31 21:15:00,8,5,31,21,15,440,110,,47.469,-1.523,Plein jour,Hors agglomération,Hors intersection,Normale,Autre collision,,,,,,,,,,,1,1,1,1,6
200800027968,0008-05-31 20:45:00,8,5,31,20,45,440,171,,,,Plein jour,En agglomération,Hors intersection,Normale,Sans collision,,,,,,,,,,,1,2,1,1,7
200800027969,0008-05-04 13:30:00,8,5,4,13,30,440,131,,47.111,-2.064,Plein jour,Hors agglomération,Hors intersection,Normale,Deux véhicules - côté,,,,,,,,,,,1,1,1,1,3
200800027970,0008-05-08 22:00:00,8,5,8,22,0,440,154,,47.262,-2.158,Nuit sans éclairage public,Hors agglomération,Hors intersection,Normale,Deux véhicules - arrière,,,,,,,,,,,3,1,1,1,2
200800027971,0008-05-12 23:30:00,8,5,12,23,30,440,192,,47.222,-2.006,Plein jour,Hors agglomération,Hors intersection,Normale,Autre collision,,,,,,,,,,,1,1,1,1,6
200800027972,0008-05-15 12:15:00,8,5,15,12,15,440,154,Allee de la Pre de Mindi,47.264,-2.155,Plein jour,En agglomération,Intersection en T,Normale,Deux véhicules - côté,,,,,,,,,,,1,2,3,1,3
200800027973,0008-05-25 18:45:00,8,5,25,18,45,440,154,16 rue de la Vallee,47.256,-2.142,Plein jour,En agglomération,Hors intersection,Pluie légère,Deux véhicules - frontale,,,,,,,,,,,1,2,1,2,1
200800027974,0008-05-02 15:15:00,8,5,2,15,15,440,186,,,,Nuit sans éclairage public,Hors agglomération,Hors intersection,Normale,Autre collision,,,,,,,,,,,3,1,1,1,6
200800027975,0008-05-07 09:30:00,8,5,7,9,30,440,157,,,,Plein jour,Hors agglomération,Hors intersection,Normale,Deux véhicules - côté,,,,,,,,,,,1,1,1,1,3
200800027976,0008-05-10 15:15:00,8,5,10,15,15,440,6,,,,Plein jour,Hors agglomération,Intersection en T,Normale,Deux véhicules - côté,,,,,,,,,,,1,1,3,1,3
200800027977,0008-05-24 05:15:00,8,5,24,5,15,440,69,,,,Nuit sans éclairage public,Hors agglomération,Hors intersection,Temps couvert,Sans collision,,,,,,,,,,,3,1,1,8,7
200800027978,0008-05-12 12:30:00,8,5,12,12,30,440,129,,47.398,-2.116,Plein jour,Hors agglomération,Hors intersection,Normale,Deux véhicules - côté,,,,,,,,,,,1,1,1,1,3
200800027979,0008-05-19 17:15:00,8,5,19,17,15,490,20,,47.49,-0.625,Plein jour,Hors agglomération,Hors intersection,Normale,Deux véhicules - frontale,,,,,,,,,,,1,1,1,1,1
200800027980,0008-05-15 10:15:00,8,5,15,10,15,490,42,14 ROUTE D ANDARD,,,Plein jour,En agglomération,Hors intersection,Normale,Deux véhicules - côté,,,,,,,,,,,1,2,1,1,3
200800027981,0008-05-09 13:45:00,8,5,9,13,45,490,283,,47.415,-0.756,Plein jour,Hors agglomération,Hors intersection,Normale,Trois véhicules et plus - collisions multiples,,,,,,,,,,,1,1,1,1,5
200800027982,0008-05-13 20:15:00,8,5,13,20,15,490,285,,,,Plein jour,Hors agglomération,Hors intersection,Normale,Autre collision,,,,,,,,,,,1,1,1,1,6
200800027983,0008-05-18 19:15:00,8,5,18,19,15,490,332,,47.092,-0.965,Plein jour,Hors agglomération,Hors intersection,Normale,Deux véhicules - côté,,,,,,,,,,,1,1,1,1,3
200800027984,0008-05-30 14:00:00,8,5,30,14,0,490,193,,,,Plein jour,Hors agglomération,Hors intersection,Normale,Autre collision,,,,,,,,,,,1,1,1,1,6
200800027985,0008-05-30 18:15:00,8,5,30,18,15,490,179,,47.037,-1.043,Plein jour,Hors agglomération,Hors intersection,Normale,Sans collision,,,,,,,,,,,1,1,1,1,7
200800027986,0008-05-31 01:00:00,8,5,31,1,0,490,360,,,,Nuit sans éclairage public,Hors agglomération,Hors intersection,Normale,Sans collision,,,,,,,,,,,3,1,1,1,7
200800027987,0008-05-13 11:00:00,8,5,13,11,0,490,224,,47.324,-0.015,Plein jour,Hors agglomération,Intersection en X,Normale,Deux véhicules - côté,,,,,,,,,,,1,1,2,1,3
200800027988,0008-05-21 17:00:00,8,5,21,17,0,490,41,,47.297,0.052,Plein jour,Hors agglomération,Hors intersection,Normale,Deux véhicules - côté,,,,,,,,,,,1,1,1,1,3
200800027989,0008-05-12 18:00:00,8,5,12,18,0,490,140,rue des perdrielles,,,Plein jour,En agglomération,Hors intersection,Pluie légère,Deux véhicules - frontale,,,,,,,,,,,1,2,1,2,1
200800027990,0008-05-28 15:45:00,8,5,28,15,45,490,274,rue de la Crilloire,,,Plein jour,En agglomération,Hors intersection,Normale,Deux véhicules - frontale,,,,,,,,,,,1,2,1,1,1
200800027991,0008-05-08 13:45:00,8,5,8,13,45,490,331,,,,Plein jour,Hors agglomération,Hors intersection,Normale,Deux véhicules - frontale,,,,,,,,,,,1,1,1,1,1
200800027992,0008-05-22 14:00:00,8,5,22,14,0,490,331,,,,Plein jour,Hors agglomération,Hors intersection,Normale,Deux véhicules - frontale,,,,,,,,,,,1,1,1,1,1
200800027993,0008-05-04 17:00:00,8,5,4,17,0,490,183,,47.524,-0.88,Plein jour,Hors agglomération,Hors intersection,Normale,Deux véhicules - côté,,,,,,,,,,,1,1,1,1,3
200800027994,0008-05-10 21:45:00,8,5,10,21,45,490,170,,47.664,-0.507,Nuit sans éclairage public,Hors agglomération,Intersection en X,Normale,Deux véhicules - côté,,,,,,,,,,,3,1,2,1,3
200800027995,0008-05-22 07:15:00,8,5,22,7,15,530,7,,48.094,-0.667,Plein jour,Hors agglomération,Hors intersection,Temps éblouissant,Deux véhicules - côté,,,,,,,,,,,1,1,1,7,3
200800027996,0008-05-01 18:30:00,8,5,1,18,30,530,221,,48.179,-0.268,Plein jour,Hors agglomération,Hors intersection,Pluie légère,Autre collision,,,,,,,,,,,1,1,1,2,6
200800027997,0008-05-05 10:00:00,8,5,5,10,0,530,78,,,,Plein jour,Hors agglomération,Hors intersection,Normale,Deux véhicules - côté,,,,,,,,,,,1,1,1,1,3
200800027998,0008-05-04 20:15:00,8,5,4,20,15,530,188,7 RUE DE LA GARE,,,Plein jour,En agglomération,Hors intersection,Normale,Autre collision,,,,,,,,,,,1,2,1,1,6
200800027999,0008-05-21 16:15:00,8,5,21,16,15,530,135,,,,Plein jour,Hors agglomération,Hors intersection,Normale,Autre collision,,,,,,,,,,,1,1,1,1,6
200800028000,0008-05-30 20:30:00,8,5,30,20,30,530,200,,48.286,-0.629,Plein jour,Hors agglomération,Hors intersection,Pluie légère,Deux véhicules - côté,,,,,,,,,,,1,1,1,2,3
200800028001,0008-05-15 19:45:00,8,5,15,19,45,530,107,,,,Plein jour,Hors agglomération,Hors intersection,Normale,Deux véhicules - frontale,,,,,,,,,,,1,1,1,1,1
200800028002,0008-05-21 16:00:00,8,5,21,16,0,530,139,,,,Plein jour,Hors agglomération,Hors intersection,Normale,Deux véhicules - frontale,,,,,,,,,,,1,1,1,1,1
200800028003,0008-05-17 22:00:00,8,5,17,22,0,720,169,,47.948,0.043,Nuit sans éclairage public,Hors agglomération,Hors intersection,Normale,Autre collision,,,,,,,,,,,3,1,1,1,6
200800028004,0008-05-20 17:00:00,8,5,20,17,0,720,131,,47.895,-0.045,Plein jour,Hors agglomération,Hors intersection,Normale,Autre collision,,,,,,,,,,,1,1,1,1,6
200800028005,0008-05-23 12:00:00,8,5,23,12,0,720,154,,,,Plein jour,Hors agglomération,Hors intersection,Normale,Deux véhicules - côté,,,,,,,,,,,1,1,1,1,3
200800028006,0008-05-21 19:15:00,8,5,21,19,15,720,161,,47.769,0.554,Plein jour,Hors agglomération,Hors intersection,Normale,Deux véhicules - côté,,,,,,,,,,,1,1,1,1,3
200800028007,0008-05-24 18:30:00,8,5,24,18,30,720,384,,47.705,0.469,Plein jour,Hors agglomération,Hors intersection,Normale,Deux véhicules - frontale,,,,,,,,,,,1,1,1,1,1
200800028008,0008-05-25 16:15:00,8,5,25,16,15,720,134,,47.756,0.433,Plein jour,Hors agglomération,Hors intersection,Normale,Sans collision,,,,,,,,,,,1,1,1,1,7
200800028009,0008-05-21 20:00:00,8,5,21,20,0,720,51,,47.871,0.035,Plein jour,Hors agglomération,Hors intersection,Normale,Deux véhicules - côté,,,,,,,,,,,1,1,1,1,3
200800028010,0008-05-28 13:45:00,8,5,28,13,45,720,243,,47.665,0.168,Plein jour,Hors agglomération,Hors intersection,Normale,Sans collision,,,,,,,,,,,1,1,1,1,7
200800028011,0008-05-09 08:30:00,8,5,9,8,30,720,264,rue leon legludic,,,Plein jour,En agglomération,Hors intersection,Normale,Autre collision,,,,,,,,,,,1,2,1,1,6
200800028012,0008-05-11 14:30:00,8,5,11,14,30,720,16,,,,Plein jour,Hors agglomération,Hors intersection,Normale,Autre collision,,,,,,,,,,,1,1,1,1,6
200800028013,0008-05-28 07:30:00,8,5,28,7,30,720,151,,,,Crépuscule ou aube,Hors agglomération,Hors intersection,Temps couvert,Autre collision,,,,,,,,,,,2,1,1,8,6
200800028014,0008-05-04 09:30:00,8,5,4,9,30,720,220,rue de la Gare,,,Plein jour,En agglomération,Hors intersection,Normale,Autre collision,,,,,,,,,,,1,2,1,1,6
200800028015,0008-05-20 10:15:00,8,5,20,10,15,720,276,,48.283,0.439,Plein jour,Hors agglomération,Hors intersection,Normale,Deux véhicules - côté,,,,,,,,,,,1,1,1,1,3
200800028016,0008-05-01 16:45:00,8,5,1,16,45,720,80,Allee de la Galaisiere,48.177,0.658,Plein jour,En agglomération,Hors intersection,Normale,Deux véhicules - côté,,,,,,,,,,,1,2,1,1,3
200800028017,0008-05-24 09:00:00,8,5,24,9,0,720,80,,,,Plein jour,Hors agglomération,Hors intersection,Normale,Autre collision,,,,,,,,,,,1,1,1,1,6
200800028018,0008-05-30 12:45:00,8,5,30,12,45,720,296,,,,Plein jour,Hors agglomération,Hors intersection,Temps éblouissant,Deux véhicules - frontale,,,,,,,,,,,1,1,1,7,1
200800028019,0008-05-09 09:15:00,8,5,9,9,15,720,11,,48.303,0.013,Plein jour,Hors agglomération,Hors intersection,Normale,Trois véhicules et plus - en chaîne,,,,,,,,,,,1,1,1,1,4
200800028020,0008-05-11 14:30:00,8,5,11,14,30,720,294,,48.341,-0.063,Plein jour,Hors agglomération,Hors intersection,Normale,Deux véhicules - côté,,,,,,,,,,,1,1,1,1,3
200800028021,0008-05-18 16:00:00,8,5,18,16,0,720,152,,48.246,0.118,Plein jour,Hors agglomération,Hors intersection,Normale,Deux véhicules - côté,,,,,,,,,,,1,1,1,1,3
200800028022,0008-05-19 16:00:00,8,5,19,16,0,850,74,,,,Plein jour,Hors agglomération,Intersection en T,Normale,Deux véhicules - frontale,,,,,,,,,,,1,1,3,1,1
200800028023,0008-05-23 10:45:00,8,5,23,10,45,850,291,,,,Plein jour,Hors agglomération,Hors intersection,Normale,Deux véhicules - frontale,,,,,,,,,,,1,1,1,1,1
200800028024,0008-05-28 19:45:00,8,5,28,19,45,850,144,,,,Plein jour,Hors agglomération,Hors intersection,Normale,Sans collision,,,,,,,,,,,1,1,1,1,7
200800028025,0008-05-09 00:30:00,8,5,9,0,30,850,272,,,,Nuit sans éclairage public,Hors agglomération,Hors intersection,Normale,Autre collision,,,,,,,,,,,3,1,1,1,6
200800028026,0008-05-14 18:30:00,8,5,14,18,30,850,48,rue francois NICOLAS,46.92,-0.96,Plein jour,En agglomération,Hors intersection,Temps couvert,Trois véhicules et plus - collisions multiples,,,,,,,,,,,1,2,1,8,5
200800028027,0008-05-29 14:00:00,8,5,29,14,0,850,302,,,,Plein jour,Hors agglomération,Hors intersection,Normale,Deux véhicules - frontale,,,,,,,,,,,1,1,1,1,1
200800028028,0008-05-18 17:45:00,8,5,18,17,45,850,19,,46.774,-1.427,Plein jour,Hors agglomération,Hors intersection,Normale,Deux véhicules - arrière,,,,,,,,,,,1,1,1,1,2
200800028029,0008-05-31 14:00:00,8,5,31,14,0,850,92,,,,Plein jour,Hors agglomération,Hors intersection,Normale,Deux véhicules - frontale,,,,,,,,,,,1,1,1,1,1
200800028030,0008-05-17 22:30:00,8,5,17,22,30,850,133,,,,Nuit sans éclairage public,Hors agglomération,Hors intersection,Normale,Deux véhicules - frontale,,,,,,,,,,,3,1,1,1,1
200800028031,0008-05-19 08:30:00,8,5,19,8,30,850,158,,,,Plein jour,Hors agglomération,Hors intersection,Normale,Trois véhicules et plus - en chaîne,,,,,,,,,,,1,1,1,1,4
200800028032,0008-05-26 15:45:00,8,5,26,15,45,850,87,,46.552,-0.61,Crépuscule ou aube,Hors agglomération,Hors intersection,Normale,Deux véhicules - côté,,,,,,,,,,,2,1,1,1,3
200800028033,0008-05-11 14:15:00,8,5,11,14,15,850,47,,46.823,-1.823,Plein jour,Hors agglomération,Hors intersection,Normale,Deux véhicules - frontale,,,,,,,,,,,1,1,1,1,1
200800028034,0008-05-14 12:00:00,8,5,14,12,0,850,47,CHEMIN DES HALLES,,,Plein jour,En agglomération,Hors intersection,Normale,Deux véhicules - côté,,,,,,,,,,,1,2,1,1,3
200800028035,0008-05-02 13:30:00,8,5,2,13,30,850,214,,46.535,-1.712,Plein jour,Hors agglomération,Hors intersection,Normale,Deux véhicules - côté,,,,,,,,,,,1,1,1,1,3
200800028036,0008-05-13 01:00:00,8,5,13,1,0,850,112,61 rue Lattre de Tassign,46.605,-1.756,Nuit avec éclairage non allumé,En agglomération,Hors intersection,Normale,Autre collision,,,,,,,,,,,4,2,1,1,6
200800028037,0008-05-29 16:00:00,8,5,29,16,0,850,250,intersection RD160-RD87,46.569,-1.714,Plein jour,En agglomération,Hors intersection,Normale,Deux véhicules - côté,,,,,,,,,,,1,2,1,1,3
200800028038,0008-05-18 18:30:00,8,5,18,18,30,850,307,Place du docteur Pacaud,46.337,-1.321,Plein jour,En agglomération,Hors intersection,Normale,Autre collision,,,,,,,,,,,1,2,1,1,6
200800028039,0008-05-19 19:30:00,8,5,19,19,30,330,19,,,,Plein jour,Hors agglomération,Intersection en X,Pluie légère,Deux véhicules - côté,,,,,,,,,,,1,1,2,2,3
200800028040,0008-05-23 13:00:00,8,5,23,13,0,330,51,,,,Plein jour,Hors agglomération,Hors intersection,Normale,Deux véhicules - arrière,,,,,,,,,,,1,1,1,1,2
200800028041,0008-05-07 21:30:00,8,5,7,21,30,330,56,avenue du 11 novembre,,,Crépuscule ou aube,En agglomération,Hors intersection,Normale,Deux véhicules - côté,,,,,,,,,,,2,2,1,1,3
200800028042,0008-05-10 20:00:00,8,5,10,20,0,330,312,,44.982,-0.56,Plein jour,Hors agglomération,Hors intersection,Normale,Deux véhicules - arrière,,,,,,,,,,,1,1,1,1,2
200800028043,0008-05-20 07:45:00,8,5,20,7,45,330,162,,,,Plein jour,Hors agglomération,Hors intersection,Normale,Trois véhicules et plus - en chaîne,,,,,,,,,,,1,1,1,1,4
200800028044,0008-05-19 18:45:00,8,5,19,18,45,330,162,AVENUE DE ST MEDARD,,,Plein jour,En agglomération,Hors intersection,Normale,Deux véhicules - frontale,,,,,,,,,,,1,2,1,1,1
200800028045,0008-05-13 08:15:00,8,5,13,8,15,330,376,Rond point de la vierge,,,Plein jour,En agglomération,Giratoire,Normale,Deux véhicules - arrière,,,,,,,,,,,1,2,6,1,2
200800028046,0008-05-18 15:00:00,8,5,18,15,0,330,200,RUE Edmond ROSTAND,,,Plein jour,En agglomération,Hors intersection,Normale,Deux véhicules - frontale,,,,,,,,,,,1,2,1,1,1
200800028047,0008-05-15 18:30:00,8,5,15,18,30,330,267,,,,Plein jour,Hors agglomération,Hors intersection,Normale,Deux véhicules - côté,,,,,,,,,,,1,1,1,1,3