accident_id,datetime,annee,mois,jour,heure,minute,departement,commune_insee,adresse,latitude,longitude,luminosite,agglomeration,intersection,meteo,collision,nb_vehicules,nb_usagers,nb_indemnes,nb_tues,nb_blesses_hosp,nb_blesses_legers,age_cond_1,age_cond_2,veh_type_cond_1,veh_type_cond_2,lum_code,agg_code,int_code,atm_code,col_code
200800028188,0008-05-25 15:30:00,8,5,25,15,30,170,452,,45.796,-1.15,Plein jour,Hors agglomération,Hors intersection,Normale,Deux véhicules - frontale,,,,,,,,,,,1,1,1,1,1
200800028189,0008-05-09 11:00:00,8,5,9,11,0,170,65,,,,Plein jour,Hors agglomération,Hors intersection,Normale,Deux véhicules - côté,,,,,,,,,,,1,1,1,1,3
200800028190,0008-05-07 18:15:00,8,5,7,18,15,170,434,,,,Plein jour,Hors agglomération,Hors intersection,Normale,Deux véhicules - côté,,,,,,,,,,,1,1,1,1,3
200800028191,0008-05-05 00:30:00,8,5,5,0,30,170,289,,,,Nuit sans éclairage public,Hors agglomération,Hors intersection,Normale,Deux véhicules - frontale,,,,,,,,,,,3,1,1,1,1
200800028192,0008-05-10 22:45:00,8,5,10,22,45,170,453,,45.891,-0.896,Nuit sans éclairage public,Hors agglomération,Giratoire,Normale,Sans collision,,,,,,,,,,,3,1,6,1,7
200800028193,0008-05-24 01:00:00,8,5,24,1,0,170,120,,,,Nuit sans éclairage public,Hors agglomération,Hors intersection,Normale,Autre collision,,,,,,,,,,,3,1,1,1,6
200800028194,0008-05-03 01:00:00,8,5,3,1,0,170,310,,,,Nuit sans éclairage public,Hors agglomération,Hors intersection,Normale,Autre collision,,,,,,,,,,,3,1,1,1,6
200800028195,0008-05-04 14:45:00,8,5,4,14,45,170,441,,45.627,-0.655,Plein jour,Hors agglomération,Hors intersection,Normale,Sans collision,,,,,,,,,,,1,1,1,1,7
200800028196,0008-05-01 17:45:00,8,5,1,17,45,170,425,,45.611,-0.934,Plein jour,Hors agglomération,Hors intersection,Normale,Deux véhicules - frontale,,,,,,,,,,,1,1,1,1,1
200800028197,0008-05-03 20:30:00,8,5,3,20,30,170,119,,45.631,-0.84,Plein jour,Hors agglomération,Hors intersection,Normale,Sans collision,,,,,,,,,,,1,1,1,1,7
200800028198,0008-05-07 17:30:00,8,5,7,17,30,170,421,,,,Plein jour,Hors agglomération,Hors intersection,Normale,Deux véhicules - côté,,,,,,,,,,,1,1,1,1,3
200800028199,0008-05-06 14:30:00,8,5,6,14,30,170,459,,45.917,-0.438,Plein jour,Hors agglomération,Hors intersection,Normale,Autre collision,,,,,,,,,,,1,1,1,1,6
200800028200,0008-05-14 08:15:00,8,5,14,8,15,170,459,,,,Plein jour,Hors agglomération,Hors intersection,Normale,Deux véhicules - frontale,,,,,,,,,,,1,1,1,1,1
200800028201,0008-05-21 08:00:00,8,5,21,8,0,170,397,,45.868,-0.658,Plein jour,Hors agglomération,Intersection en X,Normale,Deux véhicules - côté,,,,,,,,,,,1,1,2,1,3
200800028202,0008-05-09 13:45:00,8,5,9,13,45,170,70,,,,Plein jour,Hors agglomération,Hors intersection,Normale,Autre collision,,,,,,,,,,,1,1,1,1,6
200800028203,0008-05-10 11:30:00,8,5,10,11,30,170,26,,,,Plein jour,Hors agglomération,Hors intersection,Normale,Trois véhicules et plus - en chaîne,,,,,,,,,,,1,1,1,1,4
200800028204,0008-05-07 18:00:00,8,5,7,18,0,790,3,Rond point D740  D174,46.291,-0.413,Plein jour,En agglomération,Giratoire,Normale,Autre collision,,,,,,,,,,,1,2,6,1,6
200800028205,0008-05-25 16:00:00,8,5,25,16,0,790,270,Rue chaigneau,,,Plein jour,En agglomération,Hors intersection,Normale,Deux véhicules - côté,,,,,,,,,,,1,2,1,1,3
200800028206,0008-05-16 19:30:00,8,5,16,19,30,790,193,,,,Plein jour,Hors agglomération,Hors intersection,Normale,Deux véhicules - côté,,,,,,,,,,,1,1,1,1,3
200800028207,0008-05-18 01:15:00,8,5,18,1,15,790,49,32 BOULEVARD DU GUEDEAU,,,Nuit avec éclairage allumé,En agglomération,Giratoire,Normale,Autre collision,,,,,,,,,,,5,2,6,1,6
200800028208,0008-05-20 09:30:00,8,5,20,9,30,790,49,rue Ernest Perrochon,,,Plein jour,En agglomération,Hors intersection,Normale,Autre collision,,,,,,,,,,,1,2,1,1,6
200800028209,0008-05-29 14:45:00,8,5,29,14,45,790,52,,,,Plein jour,Hors agglomération,Hors intersection,Normale,Deux véhicules - frontale,,,,,,,,,,,1,1,1,1,1
200800028210,0008-05-31 17:15:00,8,5,31,17,15,790,13,,,,Plein jour,Hors agglomération,Hors intersection,Normale,Trois véhicules et plus - collisions multiples,,,,,,,,,,,1,1,1,1,5
200800028211,0008-05-02 20:45:00,8,5,2,20,45,790,62,allee saillard du rivaul,,,Plein jour,En agglomération,Hors intersection,Normale,Deux véhicules - côté,,,,,,,,,,,1,2,1,1,3
200800028212,0008-05-03 19:00:00,8,5,3,19,0,790,172,,46.554,-0.277,Plein jour,Hors agglomération,Hors intersection,Normale,Deux véhicules - côté,,,,,,,,,,,1,1,1,1,3
200800028213,0008-05-13 11:30:00,8,5,13,11,30,790,172,PLACE DES MARONNIERS,,,Plein jour,En agglomération,Hors intersection,Normale,Autre collision,,,,,,,,,,,1,2,1,1,6
200800028214,0008-05-24 09:45:00,8,5,24,9,45,790,156,,46.805,-0.147,Plein jour,Hors agglomération,Hors intersection,Pluie forte,Deux véhicules - côté,,,,,,,,,,,1,1,1,3,3
200800028215,0008-05-19 06:30:00,8,5,19,6,30,790,94,,,,Plein jour,Hors agglomération,Hors intersection,Normale,Autre collision,,,,,,,,,,,1,1,1,1,6
200800028216,0008-05-23 16:30:00,8,5,23,16,30,790,76,Route de Clesse / RD. 19,46.741,-0.472,Plein jour,En agglomération,Hors intersection,Normale,Sans collision,,,,,,,,,,,1,2,1,1,7
200800028217,0008-05-03 16:15:00,8,5,3,16,15,870,152,,45.956,1.177,Plein jour,Hors agglomération,Hors intersection,Normale,Deux véhicules - frontale,,,,,,,,,,,1,1,1,1,1
200800028218,0008-05-16 20:15:00,8,5,16,20,15,870,202,,45.895,1.06,Crépuscule ou aube,Hors agglomération,Hors intersection,Normale,Deux véhicules - côté,,,,,,,,,,,2,1,1,1,3
200800028219,0008-05-19 16:45:00,8,5,19,16,45,870,27,,,,Plein jour,Hors agglomération,Hors intersection,Normale,Deux véhicules - côté,,,,,,,,,,,1,1,1,1,3
200800028220,0008-05-07 18:30:00,8,5,7,18,30,870,12,,46.069,1.115,Plein jour,Hors agglomération,Hors intersection,Normale,Trois véhicules et plus - collisions multiples,,,,,,,,,,,1,1,1,1,5
200800028221,0008-05-09 11:15:00,8,5,9,11,15,870,14,Avenue de Monisme,46.106,1.352,Plein jour,En agglomération,Hors intersection,Normale,Deux véhicules - arrière,,,,,,,,,,,1,2,1,1,2
200800028222,0008-05-15 13:15:00,8,5,15,13,15,870,181,,46.055,1.49,Plein jour,Hors agglomération,Hors intersection,Normale,Deux véhicules - frontale,,,,,,,,,,,1,1,1,1,1
200800028223,0008-05-15 17:00:00,8,5,15,17,0,870,61,,46.16,1.13,Plein jour,Hors agglomération,Hors intersection,Normale,Deux véhicules - frontale,,,,,,,,,,,1,1,1,1,1
200800028224,0008-05-30 17:45:00,8,5,30,17,45,190,147,,45.06,1.485,Plein jour,Hors agglomération,Hors intersection,Normale,Autre collision,,,,,,,,,,,1,1,1,1,6
200800028225,0008-05-10 14:15:00,8,5,10,14,15,190,28,avenue victor hugo,45.406,2.501,Plein jour,En agglomération,Hors intersection,Normale,Deux véhicules - frontale,,,,,,,,,,,1,2,1,1,1
200800028226,0008-05-11 19:30:00,8,5,11,19,30,190,238,,45.648,2.275,Crépuscule ou aube,Hors agglomération,Hors intersection,Neige / grêle,Deux véhicules - côté,,,,,,,,,,,2,1,1,4,3
200800028227,0008-05-20 17:30:00,8,5,20,17,30,230,100,,46.208,2.069,Plein jour,Hors agglomération,Hors intersection,Normale,Trois véhicules et plus - collisions multiples,,,,,,,,,,,1,1,1,1,5
200800028228,0008-05-24 11:30:00,8,5,24,11,30,230,137,,46.097,1.67,Plein jour,Hors agglomération,Hors intersection,Normale,Sans collision,,,,,,,,,,,1,1,1,1,7
200800028229,0008-05-27 16:00:00,8,5,27,16,0,310,53,Rte de Lavaur RD 112,43.649,1.563,Plein jour,En agglomération,Hors intersection,Pluie légère,Deux véhicules - frontale,,,,,,,,,,,1,2,1,2,1
200800028230,0008-05-04 04:15:00,8,5,4,4,15,310,232,,,,Nuit sans éclairage public,Hors agglomération,Hors intersection,Normale,Autre collision,,,,,,,,,,,3,1,1,1,6
200800028231,0008-05-16 15:00:00,8,5,16,15,0,310,232,ALLEE ALSACE LORRAINE,43.777,1.293,Plein jour,En agglomération,Hors intersection,Normale,Autre collision,,,,,,,,,,,1,2,1,1,6
200800028232,0008-05-20 13:45:00,8,5,20,13,45,310,156,,,,Plein jour,Hors agglomération,Hors intersection,Normale,Autre collision,,,,,,,,,,,1,1,1,1,6
200800028233,0008-05-11 19:30:00,8,5,11,19,30,310,297,Rue de la Republique,43.671,1.195,Plein jour,En agglomération,Hors intersection,Normale,Autre collision,,,,,,,,,,,1,2,1,1,6
200800028234,0008-05-13 17:45:00,8,5,13,17,45,310,424,Route de Pibrac,43.595,1.287,Plein jour,En agglomération,Hors intersection,Normale,Deux véhicules - côté,,,,,,,,,,,1,2,1,1,3
200800028235,0008-05-20 08:45:00,8,5,20,8,45,310,417,45 rue des freres,43.621,1.288,Plein jour,En agglomération,Hors intersection,Normale,Deux véhicules - frontale,,,,,,,,,,,1,2,1,1,1
200800028236,0008-05-25 17:15:00,8,5,25,17,15,310,291,EPI GAULOIS,,,Plein jour,En agglomération,Hors intersection,Pluie légère,Deux véhicules - frontale,,,,,,,,,,,1,2,1,2,1
200800028237,0008-05-29 19:00:00,8,5,29,19,0,310,424,,43.601,1.278,Plein jour,Hors agglomération,Hors intersection,Temps couvert,Sans collision,,,,,,,,,,,1,1,1,8,7
200800028238,0008-05-18 16:30:00,8,5,18,16,30,310,182,56 route de Paris,43.676,1.412,Plein jour,En agglomération,Hors intersection,Normale,Deux véhicules - arrière,,,,,,,,,,,1,2,1,1,2
200800028239,0008-05-22 23:15:00,8,5,22,23,15,310,516,,,,Nuit sans éclairage public,Hors agglomération,Hors intersection,Normale,Autre collision,,,,,,,,,,,3,1,1,1,6
200800028240,0008-05-25 13:15:00,8,5,25,13,15,310,136,,,,Plein jour,Hors agglomération,Hors intersection,Temps couvert,Autre collision,,,,,,,,,,,1,1,1,8,6
200800028241,0008-05-28 11:45:00,8,5,28,11,45,310,182,39 RUE JEAN JAURES,,,Plein jour,En agglomération,Intersection en T,Normale,Deux véhicules - côté,,,,,,,,,,,1,2,3,1,3
200800028242,0008-05-30 17:30:00,8,5,30,17,30,310,490,41 route de Paris,43.747,1.37,Plein jour,En agglomération,Hors intersection,Normale,Autre collision,,,,,,,,,,,1,2,1,1,6
200800028243,0008-05-24 13:30:00,8,5,24,13,30,310,117,13 route d'Albi,,,Plein jour,En agglomération,Hors intersection,Pluie forte,Autre collision,,,,,,,,,,,1,2,1,3,6
200800028244,0008-05-28 06:30:00,8,5,28,6,30,310,462,,,,Crépuscule ou aube,Hors agglomération,Hors intersection,Normale,Autre collision,,,,,,,,,,,2,1,1,1,6
200800028245,0008-05-30 06:15:00,8,5,30,6,15,310,462,Lieu-dit La Bisto,43.673,1.517,Crépuscule ou aube,En agglomération,Intersection en X,Normale,Deux véhicules - côté,,,,,,,,,,,2,2,2,1,3
200800028246,0008-05-05 16:45:00,8,5,5,16,45,310,52,,43.403,1.362,Plein jour,Hors agglomération,Hors intersection,Normale,Sans collision,,,,,,,,,,,1,1,1,1,7
200800028247,0008-05-11 12:00:00,8,5,11,12,0,310,145,748 LES BACCARETS,43.314,1.516,Plein jour,En agglomération,Hors intersection,Normale,Trois véhicules et plus - collisions multiples,,,,,,,,,,,1,2,1,1,5
200800028248,0008-05-28 15:00:00,8,5,28,15,0,310,435,CD 37 - route de Berat,,,Plein jour,En agglomération,Hors intersection,Normale,Deux véhicules - côté,,,,,,,,,,,1,2,1,1,3
200800028249,0008-05-30 15:00:00,8,5,30,15,0,310,159,,,,Plein jour,Hors agglomération,Intersection en X,Temps couvert,Deux véhicules - côté,,,,,,,,,,,1,1,2,8,3
200800028250,0008-05-25 08:00:00,8,5,25,8,0,310,80,,,,Plein jour,Hors agglomération,Hors intersection,Normale,Sans collision,,,,,,,,,,,1,1,1,1,7
200800028251,0008-05-22 16:45:00,8,5,22,16,45,310,332,,43.366,1.54,Plein jour,Hors agglomération,Hors intersection,Normale,Autre collision,,,,,,,,,,,1,1,1,1,6
200800028252,0008-05-27 23:30:00,8,5,27,23,30,310,374,,43.418,1.645,Nuit sans éclairage public,Hors agglomération,Hors intersection,Normale,Autre collision,,,,,,,,,,,3,1,1,1,6
200800028253,0008-05-30 14:15:00,8,5,30,14,15,110,243,,43.396,1.806,Plein jour,Hors agglomération,Hors intersection,Normale,Autre collision,,,,,,,,,,,1,1,1,1,6
200800028254,0008-05-07 07:00:00,8,5,7,7,0,310,82,,43.598,1.688,Crépuscule ou aube,Hors agglomération,Hors intersection,Temps éblouissant,Deux véhicules - côté,,,,,,,,,,,2,1,1,7,3
200800028255,0008-05-10 01:30:00,8,5,10,1,30,310,194,,43.586,1.752,Nuit sans éclairage public,Hors agglomération,Hors intersection,Normale,Sans collision,,,,,,,,,,,3,1,1,1,7
200800028256,0008-05-04 06:30:00,8,5,4,6,30,90,291,,,,Crépuscule ou aube,Hors agglomération,Hors intersection,Normale,Sans collision,,,,,,,,,,,2,1,1,1,7
200800028257,0008-05-23 14:15:00,8,5,23,14,15,90,231,LE VILLAGE,,,Plein jour,En agglomération,Hors intersection,Normale,Deux véhicules - côté,,,,,,,,,,,1,2,1,1,3
200800028258,0008-05-30 20:30:00,8,5,30,20,30,90,257,,,,Plein jour,Hors agglomération,Hors intersection,Normale,Autre collision,,,,,,,,,,,1,1,1,1,6
200800028259,0008-05-09 16:15:00,8,5,9,16,15,120,279,,44.733,2.871,Plein jour,Hors agglomération,Hors intersection,Normale,Deux véhicules - frontale,,,,,,,,,,,1,1,1,1,1
200800028260,0008-05-27 08:00:00,8,5,27,8,0,120,119,allee de l'amicale,44.687,2.849,Plein jour,En agglomération,Hors intersection,Pluie légère,Autre collision,,,,,,,,,,,1,2,1,2,6
200800028261,0008-05-12 14:30:00,8,5,12,14,30,120,94,,44.669,2.546,Plein jour,Hors agglomération,Hors intersection,Normale,Sans collision,,,,,,,,,,,1,1,1,1,7
200800028262,0008-05-26 15:00:00,8,5,26,15,0,120,168,,44.027,3.234,Plein jour,Hors agglomération,Hors intersection,Pluie légère,Autre collision,,,,,,,,,,,1,1,1,2,6
200800028263,0008-05-31 10:00:00,8,5,31,10,0,120,211,,44.126,3.253,Plein jour,Hors agglomération,Hors intersection,Normale,Sans collision,,,,,,,,,,,1,1,1,1,7
200800028264,0008-05-12 15:00:00,8,5,12,15,0,120,294,,44.308,2.893,Plein jour,Hors agglomération,Hors intersection,Normale,Sans collision,,,,,,,,,,,1,1,1,1,7
200800028265,0008-05-03 12:45:00,8,5,3,12,45,120,243,,44.026,2.965,Plein jour,Hors agglomération,Hors intersection,Normale,Deux véhicules - côté,,,,,,,,,,,1,1,1,1,3
200800028266,0008-05-03 19:15:00,8,5,3,19,15,120,208,boulevard carnot,43.96,2.884,Plein jour,En agglomération,Hors intersection,Normale,Deux véhicules - côté,,,,,,,,,,,1,2,1,1,3
200800028267,0008-05-02 17:30:00,8,5,2,17,30,120,208,Boulevard de Verdun,43.962,2.884,Plein jour,En agglomération,Hors intersection,Normale,Deux véhicules - côté,,,,,,,,,,,1,2,1,1,3
200800028268,0008-05-18 10:30:00,8,5,18,10,30,120,208,Avenue GENERAL DE GAULLE,43.963,2.885,Plein jour,En agglomération,Hors intersection,Normale,Deux véhicules - côté,,,,,,,,,,,1,2,1,1,3
200800028269,0008-05-28 13:30:00,8,5,28,13,30,120,203,,43.985,2.978,Plein jour,Hors agglomération,Hors intersection,Normale,Deux véhicules - frontale,,,,,,,,,,,1,1,1,1,1
200800028270,0008-05-16 18:45:00,8,5,16,18,45,120,300,,44.326,2.029,Plein jour,Hors agglomération,Hors intersection,Temps couvert,Deux véhicules - arrière,,,,,,,,,,,1,1,1,8,2
200800028271,0008-05-17 13:45:00,8,5,17,13,45,120,300,Avenue Francis Carco,44.359,2.029,Plein jour,En agglomération,Hors intersection,Normale,Autre collision,,,,,,,,,,,1,2,1,1,6
200800028272,0008-05-08 20:00:00,8,5,8,20,0,320,410,,43.5,0.92,Plein jour,Hors agglomération,Hors intersection,Normale,Sans collision,,,,,,,,,,,1,1,1,1,7
200800028273,0008-05-23 18:00:00,8,5,23,18,0,320,231,,43.785,0.301,Plein jour,Hors agglomération,Hors intersection,Normale,Deux véhicules - frontale,,,,,,,,,,,1,1,1,1,1
200800028274,0008-05-07 15:30:00,8,5,7,15,30,320,369,,43.788,-0.019,Plein jour,Hors agglomération,Hors intersection,Normale,Deux véhicules - arrière,,,,,,,,,,,1,1,1,1,2
200800028275,0008-05-12 12:00:00,8,5,12,12,0,320,208,,43.991,0.634,Plein jour,Hors agglomération,Intersection en T,Normale,Deux véhicules - côté,,,,,,,,,,,1,1,3,1,3
200800028276,0008-05-24 07:45:00,8,5,24,7,45,320,208,,43.966,0.66,Plein jour,Hors agglomération,Hors intersection,Pluie forte,Deux véhicules - côté,,,,,,,,,,,1,1,1,3,3
200800028277,0008-05-31 15:00:00,8,5,31,15,0,320,313,,43.855,0.902,Plein jour,Hors agglomération,Hors intersection,Normale,Deux véhicules - frontale,,,,,,,,,,,1,1,1,1,1
200800028278,0008-05-05 11:15:00,8,5,5,11,15,320,393,,43.483,0.338,Plein jour,Hors agglomération,Hors intersection,Pluie légère,Deux véhicules - frontale,,,,,,,,,,,1,1,1,2,1
200800028279,0008-05-13 10:00:00,8,5,13,10,0,320,242,,43.433,0.589,Plein jour,Hors agglomération,Hors intersection,Normale,Autre collision,,,,,,,,,,,1,1,1,1,6
200800028280,0008-05-06 09:00:00,8,5,6,9,0,460,263,,,,Plein jour,Hors agglomération,Hors intersection,Normale,Autre collision,,,,,,,,,,,1,1,1,1,6
200800028281,0008-05-09 14:00:00,8,5,9,14,0,460,225,RUE DU MARECHAL BESSIERE,,,Plein jour,En agglomération,Hors intersection,Normale,Autre collision,,,,,,,,,,,1,2,1,1,6
200800028282,0008-05-01 11:00:00,8,5,1,11,0,460,207,,44.625,2.203,Plein jour,Hors agglomération,Intersection en Y,Normale,Deux véhicules - côté,,,,,,,,,,,1,1,4,1,3
200800028283,0008-05-13 17:45:00,8,5,13,17,45,460,102,,44.614,2.011,Plein jour,Hors agglomération,Hors intersection,Normale,Autre collision,,,,,,,,,,,1,1,1,1,6
200800028284,0008-05-01 17:15:00,8,5,1,17,15,650,206,,,,Plein jour,Hors agglomération,Intersection en X,Normale,Deux véhicules - côté,,,,,,,,,,,1,1,2,1,3
200800028285,0008-05-31 00:15:00,8,5,31,0,15,650,460,63 bis route de Tarbes,43.387,0.056,Nuit avec éclairage allumé,En agglomération,Hors intersection,Normale,Autre collision,,,,,,,,,,,5,2,1,1,6
200800028286,0008-05-25 15:30:00,8,5,25,15,30,650,25,Route de l'AUBISQUE,43.012,-0.101,Plein jour,En agglomération,Hors intersection,Pluie forte,Autre collision,,,,,,,,,,,1,2,1,3,6
200800028287,0008-05-07 17:45:00,8,5,7,17,45,650,389,,43.099,0.495,Plein jour,Hors agglomération,Hors intersection,Normale,Trois véhicules et plus - collisions multiples,,,,,,,,,,,1,1,1,1,5
200800028288,0008-05-08 16:30:00,8,5,8,16,30,810,167,,43.871,2.557,Plein jour,Hors agglomération,Hors intersection,Normale,Autre collision,,,,,,,,,,,1,1,1,1,6
200800028289,0008-05-05 15:15:00,8,5,5,15,15,810,135,,44.108,2.044,Plein jour,Hors agglomération,Hors intersection,Pluie légère,Deux véhicules - frontale,,,,,,,,,,,1,1,1,2,1
200800028290,0008-05-16 19:15:00,8,5,16,19,15,810,195,,43.553,2.224,Crépuscule ou aube,Hors agglomération,Hors intersection,Pluie forte,Deux véhicules - arrière,,,,,,,,,,,2,1,1,3,2
200800028291,0008-05-21 21:15:00,8,5,21,21,15,810,273,N126,43.59,2.174,Nuit avec éclairage allumé,En agglomération,Hors intersection,Normale,Autre collision,,,,,,,,,,,5,2,1,1,6
200800028292,0008-05-23 11:15:00,8,5,23,11,15,810,40,,43.739,2.04,Plein jour,Hors agglomération,Hors intersection,Normale,Autre collision,,,,,,,,,,,1,1,1,1,6
200800028293,0008-05-20 16:30:00,8,5,20,16,30,810,124,Rue de l'Enreveille,43.712,2.69,Plein jour,En agglomération,Hors intersection,Normale,Autre collision,,,,,,,,,,,1,2,1,1,6
200800028294,0008-05-21 09:45:00,8,5,21,9,45,810,140,,,,Plein jour,Hors agglomération,Hors intersection,Normale,Autre collision,,,,,,,,,,,1,1,1,1,6
200800028295,0008-05-30 15:30:00,8,5,30,15,30,810,318,,,,Plein jour,Hors agglomération,Hors intersection,Normale,Deux véhicules - frontale,,,,,,,,,,,1,1,1,1,1
200800028296,0008-05-31 14:30:00,8,5,31,14,30,810,271,,43.761,1.708,Plein jour,Hors agglomération,Hors intersection,Normale,Deux véhicules - frontale,,,,,,,,,,,1,1,1,1,1
200800028297,0008-05-16 16:45:00,8,5,16,16,45,690,89,Chemin des Hermieres,45.743,4.768,Plein jour,En agglomération,Hors intersection,Normale,Trois véhicules et plus - collisions multiples,,,,,,,,,,,1,2,1,1,5
200800028298,0008-05-18 08:45:00,8,5,18,8,45,690,89,Chemin des IFS,,,Plein jour,En agglomération,Hors intersection,Normale,Deux véhicules - frontale,,,,,,,,,,,1,2,1,1,1
200800028299,0008-05-02 04:45:00,8,5,2,4,45,810,2,,,,Nuit avec éclairage allumé,Hors agglomération,Hors intersection,Normale,Autre collision,,,,,,,,,,,5,1,1,1,6
200800028300,0008-05-07 16:00:00,8,5,7,16,0,810,204,,,,Plein jour,Hors agglomération,Hors intersection,Normale,Sans collision,,,,,,,,,,,1,1,1,1,7
200800028301,0008-05-31 16:30:00,8,5,31,16,30,810,50,,43.593,1.861,Plein jour,Hors agglomération,Hors intersection,Normale,Autre collision,,,,,,,,,,,1,1,1,1,6
200800028302,0008-05-30 10:30:00,8,5,30,10,30,820,119,,44.219,1.51,Plein jour,Hors agglomération,Hors intersection,Normale,Deux véhicules - côté,,,,,,,,,,,1,1,1,1,3
200800028303,0008-05-08 11:00:00,8,5,8,11,0,820,161,,44.054,1.44,Plein jour,Hors agglomération,Hors intersection,Normale,Autre collision,,,,,,,,,,,1,1,1,1,6
200800028304,0008-05-02 10:45:00,8,5,2,10,45,820,183,,44.286,1.19,Plein jour,Hors agglomération,Hors intersection,Normale,Deux véhicules - frontale,,,,,,,,,,,1,1,1,1,1
200800028305,0008-05-04 20:45:00,8,5,4,20,45,820,5,,,,Nuit sans éclairage public,Hors agglomération,Hors intersection,Normale,Sans collision,,,,,,,,,,,3,1,1,1,7
200800028306,0008-05-07 20:45:00,8,5,7,20,45,820,125,,43.945,1.239,Plein jour,Hors agglomération,Hors intersection,Normale,Sans collision,,,,,,,,,,,1,1,1,1,7
200800028307,0008-05-16 22:45:00,8,5,16,22,45,820,190,,43.804,1.265,Nuit sans éclairage public,Hors agglomération,Hors intersection,Pluie légère,Deux véhicules - frontale,,,,,,,,,,,3,1,1,2,1
200800028308,0008-05-11 04:00:00,8,5,11,4,0,820,8,promenade des moines,,,Nuit avec éclairage allumé,En agglomération,Hors intersection,Normale,Autre collision,,,,,,,,,,,5,2,1,1,6
200800028309,0008-05-22 12:30:00,8,5,22,12,30,820,186,Avenue Jean Monnet,,,Plein jour,En agglomération,Hors intersection,Normale,Deux véhicules - côté,,,,,,,,,,,1,2,1,1,3
200800028310,0008-05-29 00:15:00,8,5,29,0,15,820,54,,,,Nuit sans éclairage public,Hors agglomération,Hors intersection,Normale,Deux véhicules - frontale,,,,,,,,,,,3,1,1,1,1
200800028311,0008-05-31 08:00:00,8,5,31,8,0,690,286,925 CH DU CHAMP DE LIERE,,,Plein jour,En agglomération,Intersection en T,Normale,Deux véhicules - frontale,,,,,,,,,,,1,2,3,1,1
200800028312,0008-05-27 08:30:00,8,5,27,8,30,690,204,Rue Auboyer,,,Plein jour,En agglomération,Hors intersection,Normale,Autre collision,,,,,,,,,,,1,2,1,1,6
200800028313,0008-05-06 17:45:00,8,5,6,17,45,690,289,impasse grandes terres,45.65,5.018,Plein jour,En agglomération,Hors intersection,Normale,Deux véhicules - frontale,,,,,,,,,,,1,2,1,1,1
200800028314,0008-05-25 15:00:00,8,5,25,15,0,690,299,,,,Plein jour,Hors agglomération,Hors intersection,Pluie légère,Autre collision,,,,,,,,,,,1,1,1,2,6
200800028315,0008-05-31 21:00:00,8,5,31,21,0,690,259,,,,Nuit sans éclairage public,Hors agglomération,Hors intersection,Normale,Autre collision,,,,,,,,,,,3,1,1,1,6
200800028316,0008-05-15 10:15:00,8,5,15,10,15,690,231,route de SAIN BEL,,,Plein jour,En agglomération,Hors intersection,Pluie forte,Autre collision,,,,,,,,,,,1,2,1,3,6
200800028317,0008-05-27 12:00:00,8,5,27,12,0,690,112,,,,Plein jour,Hors agglomération,Hors intersection,Temps couvert,Deux véhicules - frontale,,,,,,,,,,,1,1,1,8,1
200800028318,0008-05-21 19:00:00,8,5,21,19,0,690,10,RUE ANNE FRANCK,,,Plein jour,En agglomération,Hors intersection,Normale,Sans collision,,,,,,,,,,,1,2,1,1,7
200800028319,0008-05-15 17:45:00,8,5,15,17,45,690,155,,,,Plein jour,Hors agglomération,Hors intersection,Temps couvert,Deux véhicules - frontale,,,,,,,,,,,1,1,1,8,1
200800028320,0008-05-29 19:15:00,8,5,29,19,15,690,14,"Lieu-dit ""le treve""",,,Plein jour,En agglomération,Hors intersection,Normale,Deux véhicules - côté,,,,,,,,,,,1,2,1,1,3
200800028321,0008-05-01 16:30:00,8,5,1,16,30,690,28,CD 50,,,Plein jour,En agglomération,Giratoire,Normale,Deux véhicules - frontale,,,,,,,,,,,1,2,6,1,1
200800028322,0008-05-18 20:00:00,8,5,18,20,0,690,219,,45.645,4.706,Plein jour,Hors agglomération,Hors intersection,Normale,Autre collision,,,,,,,,,,,1,1,1,1,6
200800028323,0008-05-10 16:00:00,8,5,10,16,0,690,192,,46.035,4.527,Plein jour,Hors agglomération,Hors intersection,Normale,Sans collision,,,,,,,,,,,1,1,1,1,7
200800028324,0008-05-21 14:00:00,8,5,21,14,0,690,264,,,,Plein jour,Hors agglomération,Hors intersection,Normale,Deux véhicules - frontale,,,,,,,,,,,1,1,1,1,1
200800028325,0008-05-24 11:00:00,8,5,24,11,0,690,257,,46.054,4.545,Plein jour,Hors agglomération,Hors intersection,Normale,Sans collision,,,,,,,,,,,1,1,1,1,7
200800028326,0008-05-03 08:15:00,8,5,3,8,15,690,106,,45.926,4.677,Plein jour,Hors agglomération,Hors intersection,Normale,Autre collision,,,,,,,,,,,1,1,1,1,6
200800028327,0008-05-31 08:30:00,8,5,31,8,30,690,20,,,,Plein jour,Hors agglomération,Hors intersection,Normale,Autre collision,,,,,,,,,,,1,1,1,1,6
200800028328,0008-05-03 14:30:00,8,5,3,14,30,690,65,,,,Plein jour,Hors agglomération,Hors intersection,Normale,Autre collision,,,,,,,,,,,1,1,1,1,6