accident_id,datetime,annee,mois,jour,heure,minute,departement,commune_insee,adresse,latitude,longitude,luminosite,agglomeration,intersection,meteo,collision,nb_vehicules,nb_usagers,nb_indemnes,nb_tues,nb_blesses_hosp,nb_blesses_legers,age_cond_1,age_cond_2,veh_type_cond_1,veh_type_cond_2,lum_code,agg_code,int_code,atm_code,col_code
200800028329,0008-05-06 21:00:00,8,5,6,21,0,690,206,,,,Crépuscule ou aube,Hors agglomération,Hors intersection,Normale,Trois véhicules et plus - collisions multiples,,,,,,,,,,,2,1,1,1,5
200800028330,0008-05-06 20:15:00,8,5,6,20,15,690,206,,46.063,4.711,Plein jour,En agglomération,Hors intersection,Normale,Autre collision,,,,,,,,,,,1,2,1,1,6
200800028331,0008-05-31 21:00:00,8,5,31,21,0,690,211,,46.12,4.704,Crépuscule ou aube,Hors agglomération,Hors intersection,Pluie légère,Autre collision,,,,,,,,,,,2,1,1,2,6
200800028332,0008-05-13 20:00:00,8,5,13,20,0,690,222,,,,Plein jour,Hors agglomération,Hors intersection,Normale,Deux véhicules - frontale,,,,,,,,,,,1,1,1,1,1
200800028333,0008-05-31 23:00:00,8,5,31,23,0,690,24,RUE DOCTEUR BURDET,,,Nuit avec éclairage allumé,En agglomération,Autre intersection,Normale,Autre collision,,,,,,,,,,,5,2,9,1,6
200800028334,0008-05-31 17:30:00,8,5,31,17,30,690,102,,,,Plein jour,Hors agglomération,Hors intersection,Normale,Sans collision,,,,,,,,,,,1,1,1,1,7
200800028335,0008-05-03 15:15:00,8,5,3,15,15,690,107,,46.04,4.493,Plein jour,Hors agglomération,Hors intersection,Normale,Deux véhicules - côté,,,,,,,,,,,1,1,1,1,3
200800028336,0008-05-22 20:15:00,8,5,22,20,15,690,107,,,,Plein jour,Hors agglomération,Hors intersection,Normale,Deux véhicules - côté,,,,,,,,,,,1,1,1,1,3
200800028337,0008-05-28 14:00:00,8,5,28,14,0,690,169,,45.979,4.391,Plein jour,Hors agglomération,Hors intersection,Normale,Autre collision,,,,,,,,,,,1,1,1,1,6
200800028338,0008-05-28 15:00:00,8,5,28,15,0,690,248,,,,Plein jour,Hors agglomération,Hors intersection,Normale,Sans collision,,,,,,,,,,,1,1,1,1,7
200800028339,0008-05-18 03:30:00,8,5,18,3,30,10,336,,,,Nuit sans éclairage public,Hors agglomération,Hors intersection,Pluie légère,Sans collision,,,,,,,,,,,3,1,1,2,7
200800028340,0008-05-16 18:45:00,8,5,16,18,45,10,245,,46.161,5.388,Plein jour,Hors agglomération,Hors intersection,Normale,Deux véhicules - frontale,,,,,,,,,,,1,1,1,1,1
200800028341,0008-05-18 14:15:00,8,5,18,14,15,10,127,,,,Plein jour,Hors agglomération,Hors intersection,Normale,Autre collision,,,,,,,,,,,1,1,1,1,6
200800028342,0008-05-25 14:00:00,8,5,25,14,0,10,350,,46.269,5.338,Plein jour,Hors agglomération,Hors intersection,Pluie légère,Deux véhicules - côté,,,,,,,,,,,1,1,1,2,3
200800028343,0008-05-04 23:00:00,8,5,4,23,0,10,296,,,,Nuit sans éclairage public,Hors agglomération,Hors intersection,Normale,Deux véhicules - arrière,,,,,,,,,,,3,1,1,1,2
200800028344,0008-05-11 09:45:00,8,5,11,9,45,10,236,,,,Plein jour,Hors agglomération,Hors intersection,Normale,Deux véhicules - frontale,,,,,,,,,,,1,1,1,1,1
200800028345,0008-05-30 18:30:00,8,5,30,18,30,10,422,,,,Plein jour,Hors agglomération,Hors intersection,Autre,Deux véhicules - arrière,,,,,,,,,,,1,1,1,9,2
200800028346,0008-05-16 16:30:00,8,5,16,16,30,10,365,CROYAT,,,Plein jour,En agglomération,Hors intersection,Normale,Deux véhicules - côté,,,,,,,,,,,1,2,1,1,3
200800028347,0008-05-31 11:00:00,8,5,31,11,0,10,370,Rue du pre Paquier,,,Plein jour,En agglomération,Hors intersection,Temps couvert,Deux véhicules - côté,,,,,,,,,,,1,2,1,8,3
200800028348,0008-05-09 15:30:00,8,5,9,15,30,10,268,,,,Plein jour,Hors agglomération,Hors intersection,Normale,Deux véhicules - côté,,,,,,,,,,,1,1,1,1,3
200800028349,0008-05-17 09:00:00,8,5,17,9,0,10,34,,,,Plein jour,Hors agglomération,Hors intersection,Pluie légère,Deux véhicules - frontale,,,,,,,,,,,1,1,1,2,1
200800028350,0008-05-10 00:01:00,8,5,10,0,1,10,187,,,,Nuit sans éclairage public,Hors agglomération,Hors intersection,Normale,Sans collision,,,,,,,,,,,3,1,1,1,7
200800028351,0008-05-02 14:30:00,8,5,2,14,30,10,89,,45.98,5.314,Plein jour,Hors agglomération,Hors intersection,Normale,Trois véhicules et plus - collisions multiples,,,,,,,,,,,1,1,1,1,5
200800028352,0008-05-13 11:00:00,8,5,13,11,0,10,4,Avenue de VERDUN,45.964,5.348,Plein jour,En agglomération,Hors intersection,Normale,Autre collision,,,,,,,,,,,1,2,1,1,6
200800028353,0008-05-14 13:45:00,8,5,14,13,45,10,416,,,,Plein jour,En agglomération,Hors intersection,Normale,Deux véhicules - frontale,,,,,,,,,,,1,2,1,1,1
200800028354,0008-05-31 14:30:00,8,5,31,14,30,10,148,PLACE DE L HOTEL DE VILL,,,Plein jour,En agglomération,Hors intersection,Normale,Deux véhicules - frontale,,,,,,,,,,,1,2,1,1,1
200800028355,0008-05-01 11:45:00,8,5,1,11,45,10,347,,,,Plein jour,Hors agglomération,Hors intersection,Normale,Trois véhicules et plus - collisions multiples,,,,,,,,,,,1,1,1,1,5
200800028356,0008-05-23 18:00:00,8,5,23,18,0,10,427,RUE LAVOISIER,,,Plein jour,En agglomération,Hors intersection,Normale,Deux véhicules - côté,,,,,,,,,,,1,2,1,1,3
200800028357,0008-05-18 08:30:00,8,5,18,8,30,10,129,,45.981,5.212,Plein jour,Hors agglomération,Hors intersection,Pluie légère,Autre collision,,,,,,,,,,,1,1,1,2,6
200800028358,0008-05-23 15:45:00,8,5,23,15,45,10,457,,,,Plein jour,Hors agglomération,Hors intersection,Normale,Trois véhicules et plus - collisions multiples,,,,,,,,,,,1,1,1,1,5
200800028359,0008-05-25 23:45:00,8,5,25,23,45,10,93,,46.118,4.975,Nuit sans éclairage public,Hors agglomération,Hors intersection,Temps couvert,Autre collision,,,,,,,,,,,3,1,1,8,6
200800028360,0008-05-31 14:45:00,8,5,31,14,45,10,93,Avenue Desormes/Bergerat,46.124,4.958,Plein jour,En agglomération,Intersection en X,Normale,Deux véhicules - côté,,,,,,,,,,,1,2,2,1,3
200800028361,0008-05-27 11:00:00,8,5,27,11,0,10,290,,,,Plein jour,Hors agglomération,Hors intersection,Temps couvert,Trois véhicules et plus - collisions multiples,,,,,,,,,,,1,1,1,8,5
200800028362,0008-05-10 01:00:00,8,5,10,1,0,10,446,,46.025,4.9,Nuit sans éclairage public,Hors agglomération,Hors intersection,Normale,Deux véhicules - arrière,,,,,,,,,,,3,1,1,1,2
200800028363,0008-05-20 23:15:00,8,5,20,23,15,10,207,,45.992,4.991,Nuit sans éclairage public,Hors agglomération,Hors intersection,Normale,Autre collision,,,,,,,,,,,3,1,1,1,6
200800028364,0008-05-07 17:00:00,8,5,7,17,0,10,389,,46.073,4.876,Plein jour,Hors agglomération,Hors intersection,Normale,Autre collision,,,,,,,,,,,1,1,1,1,6
200800028365,0008-05-22 18:00:00,8,5,22,18,0,10,263,Rue des Peupliers,,,Plein jour,En agglomération,Hors intersection,Normale,Deux véhicules - côté,,,,,,,,,,,1,2,1,1,3
200800028366,0008-05-04 14:45:00,8,5,4,14,45,70,339,,,,Plein jour,Hors agglomération,Hors intersection,Normale,Deux véhicules - côté,,,,,,,,,,,1,1,1,1,3
200800028367,0008-05-21 07:45:00,8,5,21,7,45,70,259,QUARTIER BALADUN,,,Plein jour,En agglomération,Intersection en X,Normale,Deux véhicules - côté,,,,,,,,,,,1,2,2,1,3
200800028368,0008-05-10 17:45:00,8,5,10,17,45,70,5,,,,Plein jour,Hors agglomération,Hors intersection,Normale,Deux véhicules - frontale,,,,,,,,,,,1,1,1,1,1
200800028369,0008-05-16 07:45:00,8,5,16,7,45,70,346,,,,Plein jour,Hors agglomération,Hors intersection,Normale,Sans collision,,,,,,,,,,,1,1,1,1,7
200800028370,0008-05-26 15:00:00,8,5,26,15,0,70,319,AVENUE MATEOTI,,,Plein jour,En agglomération,Intersection en X,Temps couvert,Trois véhicules et plus - collisions multiples,,,,,,,,,,,1,2,2,8,5
200800028371,0008-05-27 19:00:00,8,5,27,19,0,70,349,,,,Plein jour,Hors agglomération,Hors intersection,Normale,Deux véhicules - côté,,,,,,,,,,,1,1,1,1,3
200800028372,0008-05-11 15:15:00,8,5,11,15,15,70,232,LIEU DIT HUEDOUR,,,Plein jour,En agglomération,Hors intersection,Normale,Deux véhicules - côté,,,,,,,,,,,1,2,1,1,3
200800028373,0008-05-24 22:15:00,8,5,24,22,15,70,17,,44.42,4.164,Nuit sans éclairage public,Hors agglomération,Hors intersection,Normale,Deux véhicules - arrière,,,,,,,,,,,3,1,1,1,2
200800028374,0008-05-05 09:30:00,8,5,5,9,30,70,317,,,,Plein jour,Hors agglomération,Hors intersection,Normale,Deux véhicules - côté,,,,,,,,,,,1,1,1,1,3
200800028375,0008-05-14 09:15:00,8,5,14,9,15,70,276,,44.913,4.459,Plein jour,Hors agglomération,Hors intersection,Normale,Deux véhicules - frontale,,,,,,,,,,,1,1,1,1,1
200800028376,0008-05-01 16:30:00,8,5,1,16,30,70,170,,45.106,4.575,Plein jour,Hors agglomération,Hors intersection,Normale,Autre collision,,,,,,,,,,,1,1,1,1,6
200800028377,0008-05-11 10:00:00,8,5,11,10,0,70,309,CD 578A,45.151,4.608,Plein jour,En agglomération,Hors intersection,Normale,Deux véhicules - côté,,,,,,,,,,,1,2,1,1,3
200800028378,0008-05-26 16:45:00,8,5,26,16,45,260,344,,,,Plein jour,Hors agglomération,Intersection en X,Temps couvert,Deux véhicules - frontale,,,,,,,,,,,1,1,2,8,1
200800028379,0008-05-09 14:00:00,8,5,9,14,0,260,166,,,,Plein jour,Hors agglomération,Giratoire,Normale,Deux véhicules - côté,,,,,,,,,,,1,1,6,1,3
200800028380,0008-05-01 15:00:00,8,5,1,15,0,260,69,,44.83,5.39,Plein jour,Hors agglomération,Hors intersection,Normale,Autre collision,,,,,,,,,,,1,1,1,1,6
200800028381,0008-05-25 17:15:00,8,5,25,17,15,260,315,,,,Plein jour,Hors agglomération,Hors intersection,Normale,Deux véhicules - frontale,,,,,,,,,,,1,1,1,1,1
200800028382,0008-05-28 15:00:00,8,5,28,15,0,260,290,,,,Plein jour,Hors agglomération,Hors intersection,Normale,Deux véhicules - côté,,,,,,,,,,,1,1,1,1,3
200800028383,0008-05-03 04:15:00,8,5,3,4,15,260,305,CD 74,,,Nuit sans éclairage public,En agglomération,Hors intersection,Normale,Sans collision,,,,,,,,,,,3,2,1,1,7
200800028384,0008-05-02 17:00:00,8,5,2,17,0,260,339,,44.583,4.792,Plein jour,Hors agglomération,Hors intersection,Normale,Autre collision,,,,,,,,,,,1,1,1,1,6
200800028385,0008-05-04 17:15:00,8,5,4,17,15,260,338,,44.616,4.809,Plein jour,Hors agglomération,Hors intersection,Normale,Autre collision,,,,,,,,,,,1,1,1,1,6
200800028386,0008-05-07 16:30:00,8,5,7,16,30,260,45,,44.569,4.939,Plein jour,Hors agglomération,Hors intersection,Normale,Deux véhicules - arrière,,,,,,,,,,,1,1,1,1,2
200800028387,0008-05-04 06:45:00,8,5,4,6,45,260,116,,,,Crépuscule ou aube,Hors agglomération,Hors intersection,Normale,Autre collision,,,,,,,,,,,2,1,1,1,6
200800028388,0008-05-11 07:45:00,8,5,11,7,45,260,85,,,,Plein jour,Hors agglomération,Hors intersection,Normale,Autre collision,,,,,,,,,,,1,1,1,1,6
200800028389,0008-05-12 22:15:00,8,5,12,22,15,260,85,,,,Nuit sans éclairage public,Hors agglomération,Hors intersection,Normale,Sans collision,,,,,,,,,,,3,1,1,1,7
200800028390,0008-05-29 16:15:00,8,5,29,16,15,260,85,,,,Plein jour,Hors agglomération,Intersection en X,Temps couvert,Deux véhicules - côté,,,,,,,,,,,1,1,2,8,3
200800028391,0008-05-05 08:30:00,8,5,5,8,30,260,235,,,,Plein jour,Hors agglomération,Hors intersection,Normale,Deux véhicules - côté,,,,,,,,,,,1,1,1,1,3
200800028392,0008-05-25 19:30:00,8,5,25,19,30,260,357,,44.29,4.94,Plein jour,Hors agglomération,Hors intersection,Pluie légère,Deux véhicules - frontale,,,,,,,,,,,1,1,1,2,1
200800028393,0008-05-08 12:30:00,8,5,8,12,30,260,16,,,,Plein jour,Hors agglomération,Hors intersection,Normale,Autre collision,,,,,,,,,,,1,1,1,1,6
200800028394,0008-05-28 16:45:00,8,5,28,16,45,260,360,,44.422,4.803,Plein jour,Hors agglomération,Hors intersection,Temps couvert,Autre collision,,,,,,,,,,,1,1,1,8,6
200800028395,0008-05-31 16:00:00,8,5,31,16,0,260,363,,44.463,5.182,Plein jour,Hors agglomération,Hors intersection,Normale,Sans collision,,,,,,,,,,,1,1,1,1,7
200800028396,0008-05-02 12:30:00,8,5,2,12,30,260,139,,45.079,5.091,Plein jour,Hors agglomération,Hors intersection,Normale,Sans collision,,,,,,,,,,,1,1,1,1,7
200800028397,0008-05-23 16:15:00,8,5,23,16,15,260,143,,,,Plein jour,Hors agglomération,Hors intersection,Normale,Deux véhicules - frontale,,,,,,,,,,,1,1,1,1,1
200800028398,0008-05-22 22:15:00,8,5,22,22,15,260,10,rue Jules FERRY,,,Nuit avec éclairage allumé,En agglomération,Hors intersection,Normale,Sans collision,,,,,,,,,,,5,2,1,1,7
200800028399,0008-05-25 19:00:00,8,5,25,19,0,260,9,,45.243,4.82,Plein jour,Hors agglomération,Hors intersection,Pluie légère,Sans collision,,,,,,,,,,,1,1,1,2,7
200800028400,0008-05-23 19:15:00,8,5,23,19,15,380,547,Bl de la liberation,45.259,5.904,Plein jour,En agglomération,Hors intersection,Normale,Autre collision,,,,,,,,,,,1,2,1,1,6
200800028401,0008-05-10 17:00:00,8,5,10,17,0,380,317,AVENUE DES ILES DE MARS,45.137,5.695,Plein jour,En agglomération,Hors intersection,Normale,Autre collision,,,,,,,,,,,1,2,1,1,6
200800028402,0008-05-03 16:00:00,8,5,3,16,0,380,314,Avenue de la gare,45.437,6.013,Plein jour,En agglomération,Hors intersection,Normale,Autre collision,,,,,,,,,,,1,2,1,1,6
200800028403,0008-05-08 20:15:00,8,5,8,20,15,380,75,,45.479,5.987,Plein jour,Hors agglomération,Hors intersection,Normale,Deux véhicules - côté,,,,,,,,,,,1,1,1,1,3
200800028404,0008-05-17 15:00:00,8,5,17,15,0,380,27,,45.455,6.0,Plein jour,Hors agglomération,Hors intersection,Pluie forte,Deux véhicules - frontale,,,,,,,,,,,1,1,1,3,1
200800028405,0008-05-29 20:45:00,8,5,29,20,45,380,382,Avenue San marino,,,Crépuscule ou aube,En agglomération,Hors intersection,Pluie légère,Deux véhicules - frontale,,,,,,,,,,,2,2,1,2,1
200800028406,0008-05-18 01:45:00,8,5,18,1,45,380,405,,,,Nuit sans éclairage public,Hors agglomération,Hors intersection,Normale,Autre collision,,,,,,,,,,,3,1,1,1,6
200800028407,0008-05-03 13:45:00,8,5,3,13,45,380,418,,,,Plein jour,Hors agglomération,Hors intersection,Normale,Deux véhicules - frontale,,,,,,,,,,,1,1,1,1,1
200800028408,0008-05-13 10:30:00,8,5,13,10,30,380,511,,,,Plein jour,Hors agglomération,Autre intersection,Normale,Deux véhicules - frontale,,,,,,,,,,,1,1,9,1,1
200800028409,0008-05-01 16:15:00,8,5,1,16,15,380,254,,44.994,5.699,Plein jour,Hors agglomération,Hors intersection,Normale,Deux véhicules - frontale,,,,,,,,,,,1,1,1,1,1
200800028410,0008-05-01 17:15:00,8,5,1,17,15,380,497,,44.919,5.805,Plein jour,Hors agglomération,Hors intersection,Normale,Autre collision,,,,,,,,,,,1,1,1,1,6
200800028411,0008-05-01 12:15:00,8,5,1,12,15,380,59,,45.132,5.778,Plein jour,Hors agglomération,Hors intersection,Normale,Deux véhicules - frontale,,,,,,,,,,,1,1,1,1,1
200800028412,0008-05-06 16:00:00,8,5,6,16,0,380,59,,45.145,5.771,Nuit sans éclairage public,Hors agglomération,Hors intersection,Normale,Deux véhicules - frontale,,,,,,,,,,,3,1,1,1,1
200800028413,0008-05-13 17:45:00,8,5,13,17,45,380,71,D529,45.081,5.726,Plein jour,En agglomération,Hors intersection,Normale,Deux véhicules - frontale,,,,,,,,,,,1,2,1,1,1
200800028414,0008-05-04 23:00:00,8,5,4,23,0,380,108,,,,Nuit sans éclairage public,Hors agglomération,Hors intersection,Normale,Autre collision,,,,,,,,,,,3,1,1,1,6
200800028415,0008-05-08 19:15:00,8,5,8,19,15,380,239,12 route de Voiron,45.332,5.556,Plein jour,En agglomération,Hors intersection,Normale,Autre collision,,,,,,,,,,,1,2,1,1,6
200800028416,0008-05-05 14:00:00,8,5,5,14,0,380,58,,45.353,5.287,Plein jour,Hors agglomération,Hors intersection,Normale,Deux véhicules - côté,,,,,,,,,,,1,1,1,1,3
200800028417,0008-05-11 12:00:00,8,5,11,12,0,380,505,route du grand serre,45.31,5.16,Plein jour,En agglomération,Intersection en X,Normale,Deux véhicules - côté,,,,,,,,,,,1,2,2,1,3
200800028418,0008-05-25 13:45:00,8,5,25,13,45,380,467,,45.672,5.334,Plein jour,Hors agglomération,Hors intersection,Pluie légère,Trois véhicules et plus - collisions multiples,,,,,,,,,,,1,1,1,2,5
200800028419,0008-05-11 18:00:00,8,5,11,18,0,380,247,,,,Plein jour,Hors agglomération,Hors intersection,Normale,Deux véhicules - frontale,,,,,,,,,,,1,1,1,1,1
200800028420,0008-05-17 11:00:00,8,5,17,11,0,380,135,Carf RD1075 et CD522,45.73,5.408,Plein jour,En agglomération,Hors intersection,Pluie légère,Autre collision,,,,,,,,,,,1,2,1,2,6
200800028421,0008-05-21 08:00:00,8,5,21,8,0,380,139,,45.769,5.446,Plein jour,Hors agglomération,Hors intersection,Normale,Deux véhicules - côté,,,,,,,,,,,1,1,1,1,3
200800028422,0008-05-25 12:15:00,8,5,25,12,15,380,139,,45.735,5.458,Plein jour,Hors agglomération,Hors intersection,Pluie légère,Sans collision,,,,,,,,,,,1,1,1,2,7
200800028423,0008-05-24 14:00:00,8,5,24,14,0,440,201,,47.358,-1.539,Plein jour,Hors agglomération,Hors intersection,Pluie forte,Sans collision,,,,,,,,,,,1,1,1,3,7
200800028424,0008-05-02 10:30:00,8,5,2,10,30,380,110,,,,Plein jour,Hors agglomération,Hors intersection,Normale,Deux véhicules - côté,,,,,,,,,,,1,1,1,1,3
200800028425,0008-05-07 11:30:00,8,5,7,11,30,380,487,,45.57,4.858,Plein jour,Hors agglomération,Intersection en X,Normale,Deux véhicules - côté,,,,,,,,,,,1,1,2,1,3
200800028426,0008-05-11 16:00:00,8,5,11,16,0,380,87,Rue Laurent Devalors,45.584,4.805,Plein jour,En agglomération,Autre intersection,Normale,Deux véhicules - frontale,,,,,,,,,,,1,2,9,1,1
200800028427,0008-05-18 08:45:00,8,5,18,8,45,380,336,,45.5,4.85,Plein jour,Hors agglomération,Hors intersection,Normale,Deux véhicules - côté,,,,,,,,,,,1,1,1,1,3
200800028428,0008-05-09 23:15:00,8,5,9,23,15,380,393,CD73,,,Nuit avec éclairage allumé,En agglomération,Hors intersection,Normale,Sans collision,,,,,,,,,,,5,2,1,1,7
200800028429,0008-05-19 06:00:00,8,5,19,6,0,380,189,,,,Crépuscule ou aube,Hors agglomération,Autre intersection,Normale,Deux véhicules - frontale,,,,,,,,,,,2,1,9,1,1
200800028430,0008-05-23 17:00:00,8,5,23,17,0,380,184,,,,Plein jour,Hors agglomération,Hors intersection,Normale,Autre collision,,,,,,,,,,,1,1,1,1,6
200800028431,0008-05-23 19:45:00,8,5,23,19,45,380,136,,,,Plein jour,En agglomération,Hors intersection,Normale,Deux véhicules - côté,,,,,,,,,,,1,2,1,1,3
200800028432,0008-05-28 06:45:00,8,5,28,6,45,380,288,,,,Plein jour,Hors agglomération,Hors intersection,Normale,Deux véhicules - frontale,,,,,,,,,,,1,1,1,1,1
200800028433,0008-05-13 20:00:00,8,5,13,20,0,380,468,RUE DE LA REBATIERE,45.354,4.824,Plein jour,En agglomération,Hors intersection,Normale,Deux véhicules - frontale,,,,,,,,,,,1,2,1,1,1
200800028434,0008-05-19 10:15:00,8,5,19,10,15,380,3,,45.352,4.868,Plein jour,Hors agglomération,Hors intersection,Normale,Sans collision,,,,,,,,,,,1,1,1,1,7
200800028435,0008-05-09 11:45:00,8,5,9,11,45,420,302,Rue de la sarraziniere,45.492,4.453,Plein jour,En agglomération,Hors intersection,Normale,Autre collision,,,,,,,,,,,1,2,1,1,6
200800028436,0008-05-15 19:00:00,8,5,15,19,0,420,208,,,,Plein jour,Hors agglomération,Autre intersection,Pluie forte,Sans collision,,,,,,,,,,,1,1,9,3,7
200800028437,0008-05-24 10:30:00,8,5,24,10,30,420,208,,45.534,4.47,Plein jour,Hors agglomération,Hors intersection,Normale,Deux véhicules - côté,,,,,,,,,,,1,1,1,1,3
200800028438,0008-05-10 16:30:00,8,5,10,16,30,420,46,,45.641,4.075,Plein jour,Hors agglomération,Hors intersection,Normale,Sans collision,,,,,,,,,,,1,1,1,1,7
200800028439,0008-05-28 18:45:00,8,5,28,18,45,420,290,,,,Plein jour,Hors agglomération,Hors intersection,Normale,Deux véhicules - arrière,,,,,,,,,,,1,1,1,1,2
200800028440,0008-05-09 14:45:00,8,5,9,14,45,420,313,Lieu dit ''Le Durantin'',,,Plein jour,En agglomération,Hors intersection,Normale,Deux véhicules - côté,,,,,,,,,,,1,2,1,1,3
200800028441,0008-05-22 18:00:00,8,5,22,18,0,420,197,,,,Plein jour,Hors agglomération,Hors intersection,Normale,Deux véhicules - frontale,,,,,,,,,,,1,1,1,1,1
200800028442,0008-05-19 10:00:00,8,5,19,10,0,420,94,rue de La Loire,45.747,4.212,Plein jour,En agglomération,Hors intersection,Normale,Deux véhicules - arrière,,,,,,,,,,,1,2,1,1,2
200800028443,0008-05-20 11:30:00,8,5,20,11,30,420,165,rue gambetta,,,Plein jour,En agglomération,Hors intersection,Normale,Deux véhicules - arrière,,,,,,,,,,,1,2,1,1,2
200800028444,0008-05-11 10:45:00,8,5,11,10,45,420,318,,45.396,3.96,Plein jour,Hors agglomération,Hors intersection,Normale,Trois véhicules et plus - collisions multiples,,,,,,,,,,,1,1,1,1,5
200800028445,0008-05-02 11:15:00,8,5,2,11,15,420,323,Av general de gaulle,,,Plein jour,En agglomération,Autre intersection,Normale,Deux véhicules - arrière,,,,,,,,,,,1,2,9,1,2
200800028446,0008-05-11 19:15:00,8,5,11,19,15,420,81,,45.629,4.272,Plein jour,Hors agglomération,Hors intersection,Pluie légère,Sans collision,,,,,,,,,,,1,1,1,2,7
200800028447,0008-05-16 17:00:00,8,5,16,17,0,420,222,,45.546,4.343,Plein jour,Hors agglomération,Hors intersection,Temps couvert,Deux véhicules - frontale,,,,,,,,,,,1,1,1,8,1
200800028448,0008-05-17 23:30:00,8,5,17,23,30,420,200,RD 1089,,,Nuit avec éclairage allumé,En agglomération,Hors intersection,Pluie légère,Deux véhicules - frontale,,,,,,,,,,,5,2,1,2,1
200800028449,0008-05-10 00:15:00,8,5,10,0,15,420,332,,,,Nuit sans éclairage public,Hors agglomération,Hors intersection,Normale,Autre collision,,,,,,,,,,,3,1,1,1,6
200800028450,0008-05-22 17:15:00,8,5,22,17,15,420,166,,,,Plein jour,Hors agglomération,Hors intersection,Normale,Deux véhicules - frontale,,,,,,,,,,,1,1,1,1,1
200800028451,0008-05-30 18:00:00,8,5,30,18,0,420,332,CHEMIN DU HALAGE,46.0,4.044,Plein jour,En agglomération,Hors intersection,Normale,Deux véhicules - côté,,,,,,,,,,,1,2,1,1,3
200800028452,0008-05-17 13:15:00,8,5,17,13,15,420,289,,,,Plein jour,Hors agglomération,Hors intersection,Normale,Deux véhicules - frontale,,,,,,,,,,,1,1,1,1,1
200800028453,0008-05-08 10:30:00,8,5,8,10,30,420,334,rue jacques vernier,45.855,4.359,Plein jour,En agglomération,Hors intersection,Normale,Deux véhicules - côté,,,,,,,,,,,1,2,1,1,3
200800028454,0008-05-13 06:45:00,8,5,13,6,45,420,33,,,,Crépuscule ou aube,Hors agglomération,Hors intersection,Normale,Deux véhicules - côté,,,,,,,,,,,2,1,1,1,3
200800028455,0008-05-30 06:30:00,8,5,30,6,30,420,82,,45.905,4.012,Crépuscule ou aube,Hors agglomération,Hors intersection,Pluie légère,Sans collision,,,,,,,,,,,2,1,1,2,7
200800028456,0008-05-10 16:30:00,8,5,10,16,30,730,85,,45.804,5.859,Plein jour,Hors agglomération,Hors intersection,Normale,Deux véhicules - côté,,,,,,,,,,,1,1,1,1,3
200800028457,0008-05-11 05:30:00,8,5,11,5,30,730,73,lieu dit praille,45.809,5.793,Nuit avec éclairage allumé,En agglomération,Hors intersection,Normale,Sans collision,,,,,,,,,,,5,2,1,1,7
200800028458,0008-05-24 20:30:00,8,5,24,20,30,730,73,Chemin communal du Poisa,45.808,5.792,Crépuscule ou aube,En agglomération,Hors intersection,Pluie légère,Deux véhicules - frontale,,,,,,,,,,,2,2,1,2,1
200800028459,0008-05-08 18:45:00,8,5,8,18,45,730,179,,45.584,5.824,Plein jour,Hors agglomération,Hors intersection,Normale,Autre collision,,,,,,,,,,,1,1,1,1,6
200800028460,0008-05-13 16:30:00,8,5,13,16,30,730,191,CD921,45.58,5.796,Plein jour,En agglomération,Hors intersection,Normale,Autre collision,,,,,,,,,,,1,2,1,1,6
200800028461,0008-05-19 14:45:00,8,5,19,14,45,730,298,ROUTE DU GRAND VILLAGE,,,Plein jour,En agglomération,Intersection en T,Normale,Deux véhicules - frontale,,,,,,,,,,,1,2,3,1,1
200800028462,0008-05-26 09:45:00,8,5,26,9,45,730,11,,45.016,6.478,Plein jour,Hors agglomération,Hors intersection,Normale,Deux véhicules - frontale,,,,,,,,,,,1,1,1,1,1
200800028463,0008-05-23 16:15:00,8,5,23,16,15,730,303,,45.795,6.483,Plein jour,Hors agglomération,Hors intersection,Normale,Trois véhicules et plus - collisions multiples,,,,,,,,,,,1,1,1,1,5
200800028464,0008-05-24 15:30:00,8,5,24,15,30,730,187,Chef lieu,45.529,6.492,Plein jour,En agglomération,Hors intersection,Normale,Deux véhicules - arrière,,,,,,,,,,,1,2,1,1,2
200800028465,0008-05-20 13:15:00,8,5,20,13,15,730,248,,45.281,6.361,Plein jour,Hors agglomération,Hors intersection,Normale,Trois véhicules et plus - collisions multiples,,,,,,,,,,,1,1,1,1,5
200800028466,0008-05-23 14:45:00,8,5,23,14,45,730,248,RD1006,45.293,6.355,Plein jour,En agglomération,Passage à niveau,Normale,Autre collision,,,,,,,,,,,1,2,8,1,6
200800028467,0008-05-24 13:45:00,8,5,24,13,45,730,2,,,,Plein jour,Hors agglomération,Hors intersection,Temps couvert,Autre collision,,,,,,,,,,,1,1,1,8,6
200800028468,0008-05-05 10:00:00,8,5,5,10,0,730,157,rue de la Republique,45.196,6.655,Plein jour,En agglomération,Hors intersection,Normale,Autre collision,,,,,,,,,,,1,2,1,1,6
200800028469,0008-05-14 11:30:00,8,5,14,11,30,730,157,rue des Barraques,45.199,6.664,Plein jour,En agglomération,Hors intersection,Normale,Sans collision,,,,,,,,,,,1,2,1,1,7