accident_id,datetime,annee,mois,jour,heure,minute,departement,commune_insee,adresse,latitude,longitude,luminosite,agglomeration,intersection,meteo,collision,nb_vehicules,nb_usagers,nb_indemnes,nb_tues,nb_blesses_hosp,nb_blesses_legers,age_cond_1,age_cond_2,veh_type_cond_1,veh_type_cond_2,lum_code,agg_code,int_code,atm_code,col_code
200800028611,0008-05-10 19:30:00,8,5,10,19,30,880,15,,,,Plein jour,Hors agglomération,Hors intersection,Normale,Sans collision,,,,,,,,,,,1,1,1,1,7
200800028612,0008-05-28 13:45:00,8,5,28,13,45,880,259,,,,Plein jour,Hors agglomération,Hors intersection,Normale,Deux véhicules - côté,,,,,,,,,,,1,1,1,1,3
200800028613,0008-05-31 19:15:00,8,5,31,19,15,880,507,,48.299,6.177,Plein jour,Hors agglomération,Hors intersection,Normale,Autre collision,,,,,,,,,,,1,1,1,1,6
200800028614,0008-05-19 17:30:00,8,5,19,17,30,880,447,,47.956,6.746,Plein jour,Hors agglomération,Hors intersection,Normale,Sans collision,,,,,,,,,,,1,1,1,1,7
200800028615,0008-05-17 01:45:00,8,5,17,1,45,880,408,,47.941,6.639,Nuit sans éclairage public,Hors agglomération,Giratoire,Normale,Autre collision,,,,,,,,,,,3,1,6,1,6
200800028616,0008-05-30 12:30:00,8,5,30,12,30,880,408,,47.916,6.685,Plein jour,Hors agglomération,Intersection en T,Normale,Deux véhicules - côté,,,,,,,,,,,1,1,3,1,3
200800028617,0008-05-02 18:30:00,8,5,2,18,30,880,32,15 rue de la cote,,,Plein jour,En agglomération,Hors intersection,Normale,Autre collision,,,,,,,,,,,1,2,1,1,6
200800028618,0008-05-12 15:30:00,8,5,12,15,30,880,9,,,,Plein jour,Hors agglomération,Hors intersection,Normale,Deux véhicules - frontale,,,,,,,,,,,1,1,1,1,1
200800028619,0008-05-02 17:00:00,8,5,2,17,0,880,218,,48.138,6.782,Plein jour,Hors agglomération,Hors intersection,Normale,Sans collision,,,,,,,,,,,1,1,1,1,7
200800028620,0008-05-10 10:30:00,8,5,10,10,30,880,531,,,,Plein jour,Hors agglomération,Intersection en Y,Normale,Deux véhicules - côté,,,,,,,,,,,1,1,4,1,3
200800028621,0008-05-15 09:45:00,8,5,15,9,45,880,196,boulevard de ST DIE,,,Plein jour,En agglomération,Hors intersection,Normale,Autre collision,,,,,,,,,,,1,2,1,1,6
200800028622,0008-05-24 06:00:00,8,5,24,6,0,880,196,chemin des Bas Rupts,48.058,6.875,Crépuscule ou aube,En agglomération,Hors intersection,Normale,Autre collision,,,,,,,,,,,2,2,1,1,6
200800028623,0008-05-11 11:45:00,8,5,11,11,45,880,319,RUE DES ENCLOS,48.383,6.904,Plein jour,En agglomération,Hors intersection,Normale,Autre collision,,,,,,,,,,,1,2,1,1,6
200800028624,0008-05-15 12:15:00,8,5,15,12,15,880,451,rue de la deportation,48.402,6.985,Plein jour,En agglomération,Hors intersection,Normale,Deux véhicules - côté,,,,,,,,,,,1,2,1,1,3
200800028625,0008-05-02 12:00:00,8,5,2,12,0,670,338,,48.364,7.674,Plein jour,Hors agglomération,Hors intersection,Normale,Deux véhicules - frontale,,,,,,,,,,,1,1,1,1,1
200800028626,0008-05-26 23:15:00,8,5,26,23,15,670,359,,,,Nuit sans éclairage public,Hors agglomération,Hors intersection,Normale,Autre collision,,,,,,,,,,,3,1,1,1,6
200800028627,0008-05-05 19:15:00,8,5,5,19,15,670,46,20 rue de Hanhoffen,48.763,7.859,Plein jour,En agglomération,Hors intersection,Normale,Deux véhicules - côté,,,,,,,,,,,1,2,1,1,3
200800028628,0008-05-31 17:30:00,8,5,31,17,30,670,101,,48.526,7.47,Plein jour,Hors agglomération,Hors intersection,Temps couvert,Trois véhicules et plus - collisions multiples,,,,,,,,,,,1,1,1,8,5
200800028629,0008-05-03 14:45:00,8,5,3,14,45,670,436,,48.395,7.146,Plein jour,Hors agglomération,Hors intersection,Normale,Deux véhicules - côté,,,,,,,,,,,1,1,1,1,3
200800028630,0008-05-09 16:15:00,8,5,9,16,15,670,26,,48.398,7.269,Plein jour,Hors agglomération,Giratoire,Normale,Sans collision,,,,,,,,,,,1,1,6,1,7
200800028631,0008-05-15 18:00:00,8,5,15,18,0,670,188,,48.532,7.377,Plein jour,Hors agglomération,Hors intersection,Normale,Deux véhicules - côté,,,,,,,,,,,1,1,1,1,3
200800028632,0008-05-16 06:45:00,8,5,16,6,45,670,500,,48.528,7.306,Plein jour,Hors agglomération,Hors intersection,Normale,Sans collision,,,,,,,,,,,1,1,1,1,7
200800028633,0008-05-23 12:30:00,8,5,23,12,30,670,513,1 MONTEE OBERLIN,48.416,7.216,Plein jour,En agglomération,Hors intersection,Normale,Deux véhicules - côté,,,,,,,,,,,1,2,1,1,3
200800028634,0008-05-17 23:15:00,8,5,17,23,15,670,282,,48.621,7.518,Nuit sans éclairage public,Hors agglomération,Hors intersection,Normale,Deux véhicules - frontale,,,,,,,,,,,3,1,1,1,1
200800028635,0008-05-02 15:00:00,8,5,2,15,0,670,322,rue de la Gare,,,Plein jour,En agglomération,Hors intersection,Normale,Deux véhicules - frontale,,,,,,,,,,,1,2,1,1,1
200800028636,0008-05-15 08:30:00,8,5,15,8,30,670,222,,,,Plein jour,Hors agglomération,Hors intersection,Normale,Deux véhicules - frontale,,,,,,,,,,,1,1,1,1,1
200800028637,0008-05-02 15:15:00,8,5,2,15,15,670,538,,,,Plein jour,Hors agglomération,Hors intersection,Normale,Sans collision,,,,,,,,,,,1,1,1,1,7
200800028638,0008-05-22 16:00:00,8,5,22,16,0,670,535,,,,Plein jour,Hors agglomération,Hors intersection,Normale,Autre collision,,,,,,,,,,,1,1,1,1,6
200800028639,0008-05-24 23:30:00,8,5,24,23,30,670,508,Rue Principale,,,Nuit avec éclairage allumé,En agglomération,Hors intersection,Pluie légère,Autre collision,,,,,,,,,,,5,2,1,2,6
200800028640,0008-05-25 10:45:00,8,5,25,10,45,670,70,,,,Plein jour,Hors agglomération,Hors intersection,Normale,Deux véhicules - frontale,,,,,,,,,,,1,1,1,1,1
200800028641,0008-05-25 20:00:00,8,5,25,20,0,670,552,,,,Plein jour,Hors agglomération,Hors intersection,Normale,Sans collision,,,,,,,,,,,1,1,1,1,7
200800028642,0008-05-26 11:45:00,8,5,26,11,45,670,355,CD 939,,,Plein jour,En agglomération,Hors intersection,Normale,Deux véhicules - frontale,,,,,,,,,,,1,2,1,1,1
200800028643,0008-05-16 16:15:00,8,5,16,16,15,670,173,Rue Marechal Leclerc,48.639,7.674,Plein jour,En agglomération,Hors intersection,Normale,Deux véhicules - frontale,,,,,,,,,,,1,2,1,1,1
200800028644,0008-05-29 19:45:00,8,5,29,19,45,670,419,,,,Plein jour,Hors agglomération,Hors intersection,Normale,Autre collision,,,,,,,,,,,1,1,1,1,6
200800028645,0008-05-12 18:00:00,8,5,12,18,0,670,151,,48.691,7.914,Plein jour,Hors agglomération,Hors intersection,Normale,Trois véhicules et plus - collisions multiples,,,,,,,,,,,1,1,1,1,5
200800028646,0008-05-29 13:00:00,8,5,29,13,0,670,239,,48.285,7.359,Plein jour,Hors agglomération,Hors intersection,Normale,Deux véhicules - frontale,,,,,,,,,,,1,1,1,1,1
200800028647,0008-05-14 18:00:00,8,5,14,18,0,670,281,Parking du SUPER U,48.172,7.555,Plein jour,En agglomération,Autre intersection,Normale,Deux véhicules - frontale,,,,,,,,,,,1,2,9,1,1
200800028648,0008-05-30 09:15:00,8,5,30,9,15,670,310,,48.22,7.5,Plein jour,Hors agglomération,Hors intersection,Normale,Autre collision,,,,,,,,,,,1,1,1,1,6
200800028649,0008-05-05 17:30:00,8,5,5,17,30,670,351,,48.987,7.99,Plein jour,Hors agglomération,Hors intersection,Normale,Sans collision,,,,,,,,,,,1,1,1,1,7
200800028650,0008-05-11 01:15:00,8,5,11,1,15,670,541,Rue Napoleon,48.938,8.105,Nuit sans éclairage public,En agglomération,Hors intersection,Normale,Autre collision,,,,,,,,,,,3,2,1,1,6
200800028651,0008-05-10 14:15:00,8,5,10,14,15,670,915,,48.927,7.832,Plein jour,Hors agglomération,Hors intersection,Normale,Autre collision,,,,,,,,,,,1,1,1,1,6
200800028652,0008-05-11 13:45:00,8,5,11,13,45,670,353,,49.057,7.629,Plein jour,Hors agglomération,Hors intersection,Normale,Deux véhicules - frontale,,,,,,,,,,,1,1,1,1,1
200800028653,0008-05-26 10:00:00,8,5,26,10,0,670,160,,48.994,7.782,Plein jour,Hors agglomération,Hors intersection,Normale,Autre collision,,,,,,,,,,,1,1,1,1,6
200800028654,0008-05-04 16:45:00,8,5,4,16,45,680,249,,48.127,7.105,Plein jour,Hors agglomération,Hors intersection,Normale,Deux véhicules - frontale,,,,,,,,,,,1,1,1,1,1
200800028655,0008-05-12 10:15:00,8,5,12,10,15,680,249,,48.122,7.145,Plein jour,Hors agglomération,Hors intersection,Normale,Deux véhicules - côté,,,,,,,,,,,1,1,1,1,3
200800028656,0008-05-03 15:30:00,8,5,3,15,30,680,317,,48.076,7.102,Plein jour,Hors agglomération,Hors intersection,Normale,Sans collision,,,,,,,,,,,1,1,1,1,7
200800028657,0008-05-07 23:30:00,8,5,7,23,30,680,193,,48.031,7.111,Nuit sans éclairage public,Hors agglomération,Hors intersection,Normale,Sans collision,,,,,,,,,,,3,1,1,1,7
200800028658,0008-05-06 09:15:00,8,5,6,9,15,680,345,RUE DU CHATEAU D'EAU,48.093,7.491,Plein jour,En agglomération,Hors intersection,Normale,Deux véhicules - frontale,,,,,,,,,,,1,2,1,1,1
200800028659,0008-05-22 08:30:00,8,5,22,8,30,680,352,Carrefour RD1 IV-RD1 III,48.019,7.554,Plein jour,En agglomération,Intersection en T,Normale,Deux véhicules - frontale,,,,,,,,,,,1,2,3,1,1
200800028660,0008-05-10 20:00:00,8,5,10,20,0,680,28,,48.213,7.346,Plein jour,Hors agglomération,Hors intersection,Normale,Deux véhicules - frontale,,,,,,,,,,,1,1,1,1,1
200800028661,0008-05-23 11:45:00,8,5,23,11,45,680,209,,48.156,7.321,Plein jour,En agglomération,Hors intersection,Normale,Autre collision,,,,,,,,,,,1,2,1,1,6
200800028662,0008-05-12 16:30:00,8,5,12,16,30,680,338,,48.099,7.241,Plein jour,Hors agglomération,Hors intersection,Normale,Deux véhicules - côté,,,,,,,,,,,1,1,1,1,3
200800028663,0008-05-11 18:15:00,8,5,11,18,15,680,4,rue du 8eme HUSSARD,,,Plein jour,En agglomération,Hors intersection,Normale,Deux véhicules - arrière,,,,,,,,,,,1,2,1,1,2
200800028664,0008-05-27 17:30:00,8,5,27,17,30,680,4,24 route de thann,47.637,7.236,Plein jour,En agglomération,Hors intersection,Normale,Deux véhicules - arrière,,,,,,,,,,,1,2,1,1,2
200800028665,0008-05-03 14:30:00,8,5,3,14,30,680,152,,47.688,7.277,Plein jour,Hors agglomération,Hors intersection,Normale,Autre collision,,,,,,,,,,,1,1,1,1,6
200800028666,0008-05-13 17:00:00,8,5,13,17,0,680,216,rue principale,47.515,7.216,Plein jour,En agglomération,Hors intersection,Normale,Deux véhicules - côté,,,,,,,,,,,1,2,1,1,3
200800028667,0008-05-15 14:45:00,8,5,15,14,45,680,347,,47.516,7.299,Plein jour,Hors agglomération,Intersection en Y,Normale,Deux véhicules - frontale,,,,,,,,,,,1,1,4,1,1
200800028668,0008-05-20 18:30:00,8,5,20,18,30,680,176,,47.56,7.185,Plein jour,Hors agglomération,Hors intersection,Normale,Autre collision,,,,,,,,,,,1,1,1,1,6
200800028669,0008-05-18 17:45:00,8,5,18,17,45,680,41,Chemin rural,,,Plein jour,En agglomération,Hors intersection,Normale,Autre collision,,,,,,,,,,,1,2,1,1,6
200800028670,0008-05-21 18:45:00,8,5,21,18,45,680,235,10 RUE D'OBERHERGHEIM,47.989,7.401,Plein jour,En agglomération,Hors intersection,Normale,Autre collision,,,,,,,,,,,1,2,1,1,6
200800028671,0008-05-24 13:45:00,8,5,24,13,45,680,82,,47.875,7.33,Plein jour,Hors agglomération,Hors intersection,Pluie légère,Deux véhicules - côté,,,,,,,,,,,1,1,1,2,3
200800028672,0008-05-03 21:30:00,8,5,3,21,30,680,343,RUE D'ENSISHEIM,47.876,7.328,Nuit avec éclairage allumé,En agglomération,Hors intersection,Normale,Autre collision,,,,,,,,,,,5,2,1,1,6
200800028673,0008-05-22 17:30:00,8,5,22,17,30,680,343,,,,Plein jour,Hors agglomération,Hors intersection,Normale,Sans collision,,,,,,,,,,,1,1,1,1,7
200800028674,0008-05-08 15:45:00,8,5,8,15,45,680,154,RUE DU STADE,,,Plein jour,En agglomération,Hors intersection,Normale,Deux véhicules - frontale,,,,,,,,,,,1,2,1,1,1
200800028675,0008-05-21 11:00:00,8,5,21,11,0,680,300,,,,Plein jour,Hors agglomération,Hors intersection,Normale,Sans collision,,,,,,,,,,,1,1,1,1,7
200800028676,0008-05-03 16:45:00,8,5,3,16,45,680,253,,47.785,7.517,Plein jour,Hors agglomération,Hors intersection,Normale,Deux véhicules - côté,,,,,,,,,,,1,1,1,1,3
200800028677,0008-05-06 15:30:00,8,5,6,15,30,680,349,piste cyclable du canal,,,Plein jour,En agglomération,Intersection en T,Normale,Deux véhicules - côté,,,,,,,,,,,1,2,3,1,3
200800028678,0008-05-22 08:00:00,8,5,22,8,0,680,297,,,,Plein jour,Hors agglomération,Hors intersection,Normale,Deux véhicules - frontale,,,,,,,,,,,1,1,1,1,1
200800028679,0008-05-04 17:45:00,8,5,4,17,45,680,31,,47.701,7.181,Plein jour,Hors agglomération,Hors intersection,Normale,Deux véhicules - frontale,,,,,,,,,,,1,1,1,1,1
200800028680,0008-05-06 14:45:00,8,5,6,14,45,680,239,,47.812,6.943,Plein jour,Hors agglomération,Hors intersection,Normale,Deux véhicules - côté,,,,,,,,,,,1,1,1,1,3
200800028681,0008-05-24 18:30:00,8,5,24,18,30,510,548,,49.008,4.586,Plein jour,Hors agglomération,Hors intersection,Normale,Autre collision,,,,,,,,,,,1,1,1,1,6
200800028682,0008-05-11 10:45:00,8,5,11,10,45,510,545,,48.717,4.201,Plein jour,Hors agglomération,Hors intersection,Normale,Deux véhicules - côté,,,,,,,,,,,1,1,1,1,3
200800028683,0008-05-12 19:00:00,8,5,12,19,0,510,248,,48.751,3.974,Plein jour,En agglomération,Hors intersection,Normale,Autre collision,,,,,,,,,,,1,2,1,1,6
200800028684,0008-05-31 20:30:00,8,5,31,20,30,510,157,,,,Plein jour,Hors agglomération,Hors intersection,Pluie légère,Sans collision,,,,,,,,,,,1,1,1,2,7
200800028685,0008-05-03 05:30:00,8,5,3,5,30,510,237,,48.723,3.548,Crépuscule ou aube,Hors agglomération,Intersection en X,Normale,Trois véhicules et plus - collisions multiples,,,,,,,,,,,2,1,2,1,5
200800028686,0008-05-04 09:15:00,8,5,4,9,15,510,514,,48.703,3.767,Plein jour,Hors agglomération,Hors intersection,Normale,Deux véhicules - côté,,,,,,,,,,,1,1,1,1,3
200800028687,0008-05-07 00:30:00,8,5,7,0,30,510,151,,48.683,3.754,Nuit sans éclairage public,Hors agglomération,Hors intersection,Normale,Sans collision,,,,,,,,,,,3,1,1,1,7
200800028688,0008-05-12 13:45:00,8,5,12,13,45,510,492,"05, Allee Henri MARTIN",48.55,3.78,Plein jour,En agglomération,Autre intersection,Normale,Deux véhicules - frontale,,,,,,,,,,,1,2,9,1,1
200800028689,0008-05-17 10:15:00,8,5,17,10,15,510,625,,48.76,3.41,Plein jour,Hors agglomération,Hors intersection,Normale,Deux véhicules - côté,,,,,,,,,,,1,1,1,1,3
200800028690,0008-05-18 04:00:00,8,5,18,4,0,510,535,,,,Nuit sans éclairage public,Hors agglomération,Hors intersection,Normale,Sans collision,,,,,,,,,,,3,1,1,1,7
200800028691,0008-05-19 17:00:00,8,5,19,17,0,510,360,,48.71,3.62,Plein jour,Hors agglomération,Hors intersection,Normale,Autre collision,,,,,,,,,,,1,1,1,1,6
200800028692,0008-05-21 17:15:00,8,5,21,17,15,510,237,,48.73,3.57,Plein jour,Hors agglomération,Hors intersection,Normale,Deux véhicules - côté,,,,,,,,,,,1,1,1,1,3
200800028693,0008-05-25 13:30:00,8,5,25,13,30,510,526,,48.68,3.71,Plein jour,Hors agglomération,Hors intersection,Normale,Deux véhicules - arrière,,,,,,,,,,,1,1,1,1,2
200800028694,0008-05-26 16:30:00,8,5,26,16,30,510,369,,48.73,3.68,Plein jour,Hors agglomération,Intersection en Y,Temps couvert,Deux véhicules - côté,,,,,,,,,,,1,1,4,8,3
200800028695,0008-05-05 09:00:00,8,5,5,9,0,510,86,,49.307,3.755,Plein jour,Hors agglomération,Hors intersection,Normale,Deux véhicules - arrière,,,,,,,,,,,1,1,1,1,2
200800028696,0008-05-19 12:45:00,8,5,19,12,45,510,310,,,,Plein jour,Hors agglomération,Hors intersection,Normale,Sans collision,,,,,,,,,,,1,1,1,1,7
200800028697,0008-05-02 13:15:00,8,5,2,13,15,510,331,,49.111,4.129,Plein jour,Hors agglomération,Hors intersection,Normale,Sans collision,,,,,,,,,,,1,1,1,1,7
200800028698,0008-05-09 18:45:00,8,5,9,18,45,510,262,,48.7,4.58,Plein jour,Hors agglomération,Hors intersection,Normale,Deux véhicules - côté,,,,,,,,,,,1,1,1,1,3
200800028699,0008-05-27 10:45:00,8,5,27,10,45,510,141,rue Colonel Caillot,48.841,4.516,Plein jour,En agglomération,Hors intersection,Pluie légère,Deux véhicules - frontale,,,,,,,,,,,1,2,1,2,1
200800028700,0008-05-09 20:15:00,8,5,9,20,15,80,3,35 RUE PASTEUR,,,Plein jour,En agglomération,Hors intersection,Normale,Deux véhicules - côté,,,,,,,,,,,1,2,1,1,3
200800028701,0008-05-18 20:15:00,8,5,18,20,15,80,76,,49.706,4.695,Plein jour,Hors agglomération,Hors intersection,Normale,Autre collision,,,,,,,,,,,1,1,1,1,6
200800028702,0008-05-31 18:45:00,8,5,31,18,45,80,478,,,,Plein jour,Hors agglomération,Hors intersection,Pluie légère,Autre collision,,,,,,,,,,,1,1,1,2,6
200800028703,0008-05-08 12:45:00,8,5,8,12,45,80,81,RUE LA PIERRE ST MARTIN,49.852,4.77,Plein jour,En agglomération,Hors intersection,Temps éblouissant,Autre collision,,,,,,,,,,,1,2,1,7,6
200800028704,0008-05-20 14:45:00,8,5,20,14,45,80,328,,,,Plein jour,En agglomération,Hors intersection,Normale,Autre collision,,,,,,,,,,,1,2,1,1,6
200800028705,0008-05-23 21:30:00,8,5,23,21,30,80,237,grand rue,,,Plein jour,En agglomération,Hors intersection,Normale,Autre collision,,,,,,,,,,,1,2,1,1,6
200800028706,0008-05-27 12:00:00,8,5,27,12,0,80,218,,,,Plein jour,Hors agglomération,Hors intersection,Pluie légère,Autre collision,,,,,,,,,,,1,1,1,2,6
200800028707,0008-05-10 03:30:00,8,5,10,3,30,80,284,,,,Nuit sans éclairage public,Hors agglomération,Hors intersection,Normale,Autre collision,,,,,,,,,,,3,1,1,1,6
200800028708,0008-05-25 17:15:00,8,5,25,17,15,80,170,,,,Plein jour,Hors agglomération,Hors intersection,Normale,Deux véhicules - côté,,,,,,,,,,,1,1,1,1,3
200800028709,0008-05-14 12:00:00,8,5,14,12,0,80,427,,,,Plein jour,Hors agglomération,Hors intersection,Temps éblouissant,Deux véhicules - frontale,,,,,,,,,,,1,1,1,7,1
200800028710,0008-05-02 18:45:00,8,5,2,18,45,100,272,,48.573,4.122,Plein jour,Hors agglomération,Hors intersection,Normale,Sans collision,,,,,,,,,,,1,1,1,1,7
200800028711,0008-05-04 19:15:00,8,5,4,19,15,100,4,RD.10,48.596,4.105,Plein jour,En agglomération,Hors intersection,Normale,Autre collision,,,,,,,,,,,1,2,1,1,6
200800028712,0008-05-23 18:00:00,8,5,23,18,0,100,415,,,,Plein jour,Hors agglomération,Hors intersection,Normale,Trois véhicules et plus - collisions multiples,,,,,,,,,,,1,1,1,1,5
200800028713,0008-05-01 00:45:00,8,5,1,0,45,100,14,,48.358,4.204,Nuit sans éclairage public,Hors agglomération,Hors intersection,Normale,Autre collision,,,,,,,,,,,3,1,1,1,6
200800028714,0008-05-24 18:00:00,8,5,24,18,0,100,287,,48.357,4.345,Plein jour,Hors agglomération,Hors intersection,Temps couvert,Sans collision,,,,,,,,,,,1,1,1,8,7
200800028715,0008-05-18 21:15:00,8,5,18,21,15,100,12,Rue rouillenvaux / RN19,,,Crépuscule ou aube,En agglomération,Hors intersection,Normale,Autre collision,,,,,,,,,,,2,2,1,1,6
200800028716,0008-05-23 17:30:00,8,5,23,17,30,100,33,,48.238,4.703,Plein jour,En agglomération,Hors intersection,Normale,Autre collision,,,,,,,,,,,1,2,1,1,6
200800028717,0008-05-06 18:15:00,8,5,6,18,15,100,382,,48.431,3.465,Plein jour,Hors agglomération,Hors intersection,Normale,Autre collision,,,,,,,,,,,1,1,1,1,6
200800028718,0008-05-13 18:45:00,8,5,13,18,45,100,351,rue de chaillouet,48.445,3.682,Plein jour,En agglomération,Hors intersection,Normale,Deux véhicules - frontale,,,,,,,,,,,1,2,1,1,1
200800028719,0008-05-24 02:15:00,8,5,24,2,15,100,320,,48.449,3.966,Nuit sans éclairage public,Hors agglomération,Hors intersection,Normale,Sans collision,,,,,,,,,,,3,1,1,1,7
200800028720,0008-05-31 15:45:00,8,5,31,15,45,520,140,,48.217,4.92,Plein jour,Hors agglomération,Hors intersection,Temps couvert,Deux véhicules - arrière,,,,,,,,,,,1,1,1,8,2
200800028721,0008-05-07 16:30:00,8,5,7,16,30,520,432,,,,Plein jour,Hors agglomération,Hors intersection,Normale,Deux véhicules - côté,,,,,,,,,,,1,1,1,1,3
200800028722,0008-05-27 13:30:00,8,5,27,13,30,520,106,,,,Plein jour,Hors agglomération,Hors intersection,Normale,Deux véhicules - frontale,,,,,,,,,,,1,1,1,1,1
200800028723,0008-05-07 16:45:00,8,5,7,16,45,520,60,,,,Plein jour,Hors agglomération,Hors intersection,Normale,Autre collision,,,,,,,,,,,1,1,1,1,6
200800028724,0008-05-10 16:45:00,8,5,10,16,45,520,60,,,,Plein jour,Hors agglomération,Hors intersection,Normale,Deux véhicules - frontale,,,,,,,,,,,1,1,1,1,1
200800028725,0008-05-25 02:30:00,8,5,25,2,30,520,919,,,,Nuit sans éclairage public,Hors agglomération,Hors intersection,Normale,Sans collision,,,,,,,,,,,3,1,1,1,7
200800028726,0008-05-04 16:30:00,8,5,4,16,30,520,431,,47.868,5.123,Plein jour,Hors agglomération,Hors intersection,Normale,Sans collision,,,,,,,,,,,1,1,1,1,7
200800028727,0008-05-04 16:30:00,8,5,4,16,30,520,364,,47.79,5.26,Plein jour,Hors agglomération,Hors intersection,Normale,Deux véhicules - côté,,,,,,,,,,,1,1,1,1,3
200800028728,0008-05-26 08:00:00,8,5,26,8,0,520,23,,47.803,5.062,Plein jour,Hors agglomération,Hors intersection,Normale,Sans collision,,,,,,,,,,,1,1,1,1,7
200800028729,0008-05-02 01:00:00,8,5,2,1,0,520,226,rue Charles burgeat,,,Nuit avec éclairage allumé,En agglomération,Hors intersection,Normale,Autre collision,,,,,,,,,,,5,2,1,1,6
200800028730,0008-05-19 07:15:00,8,5,19,7,15,520,331,rue de l'Isle,48.485,4.77,Crépuscule ou aube,En agglomération,Intersection en X,Normale,Deux véhicules - côté,,,,,,,,,,,2,2,2,1,3
200800028731,0008-05-15 16:45:00,8,5,15,16,45,210,214,,47.185,4.68,Plein jour,Hors agglomération,Hors intersection,Pluie légère,Sans collision,,,,,,,,,,,1,1,1,2,7
200800028732,0008-05-28 16:30:00,8,5,28,16,30,210,633,,,,Plein jour,Hors agglomération,Hors intersection,Normale,Deux véhicules - arrière,,,,,,,,,,,1,1,1,1,2
200800028733,0008-05-09 18:00:00,8,5,9,18,0,210,209,chemin de la prairie,,,Plein jour,En agglomération,Hors intersection,Normale,Autre collision,,,,,,,,,,,1,2,1,1,6
200800028734,0008-05-28 12:15:00,8,5,28,12,15,210,105,,,,Plein jour,Hors agglomération,Hors intersection,Normale,Deux véhicules - frontale,,,,,,,,,,,1,1,1,1,1
200800028735,0008-05-02 17:00:00,8,5,2,17,0,210,38,route de Chevigny,47.198,5.394,Plein jour,En agglomération,Hors intersection,Normale,Deux véhicules - frontale,,,,,,,,,,,1,2,1,1,1
200800028736,0008-05-03 15:45:00,8,5,3,15,45,210,319,,47.178,5.145,Plein jour,Hors agglomération,Hors intersection,Normale,Autre collision,,,,,,,,,,,1,1,1,1,6
200800028737,0008-05-09 16:00:00,8,5,9,16,0,210,292,rue general de Gaulle,47.244,5.223,Plein jour,En agglomération,Hors intersection,Normale,Deux véhicules - arrière,,,,,,,,,,,1,2,1,1,2
200800028738,0008-05-17 16:30:00,8,5,17,16,30,210,388,,47.219,5.179,Plein jour,Hors agglomération,Intersection en X,Normale,Deux véhicules - côté,,,,,,,,,,,1,1,2,1,3
200800028739,0008-05-04 16:30:00,8,5,4,16,30,210,295,Route des Grands Crus,47.277,4.99,Plein jour,En agglomération,Intersection en X,Normale,Deux véhicules - côté,,,,,,,,,,,1,2,2,1,3
200800028740,0008-05-14 17:00:00,8,5,14,17,0,210,295,,47.228,5.029,Plein jour,Hors agglomération,Intersection en T,Pluie forte,Deux véhicules - arrière,,,,,,,,,,,1,1,3,3,2
200800028741,0008-05-23 23:15:00,8,5,23,23,15,210,390,margueritte de salin,47.283,5.002,Nuit avec éclairage allumé,En agglomération,Hors intersection,Normale,Autre collision,,,,,,,,,,,5,2,1,1,6
200800028742,0008-05-31 10:15:00,8,5,31,10,15,210,263,,47.261,5.059,Plein jour,Hors agglomération,Hors intersection,Pluie légère,Autre collision,,,,,,,,,,,1,1,1,2,6
200800028743,0008-05-23 14:45:00,8,5,23,14,45,210,2,,47.305,4.763,Plein jour,Hors agglomération,Hors intersection,Normale,Deux véhicules - côté,,,,,,,,,,,1,1,1,1,3
200800028744,0008-05-26 07:45:00,8,5,26,7,45,210,318,,47.023,4.651,Plein jour,En agglomération,Hors intersection,Autre,Deux véhicules - côté,,,,,,,,,,,1,2,1,9,3
200800028745,0008-05-01 01:15:00,8,5,1,1,15,580,146,,46.691,3.469,Nuit sans éclairage public,Hors agglomération,Hors intersection,Normale,Sans collision,,,,,,,,,,,3,1,1,1,7
200800028746,0008-05-06 18:30:00,8,5,6,18,30,580,138,,46.813,3.081,Plein jour,Hors agglomération,Hors intersection,Normale,Deux véhicules - côté,,,,,,,,,,,1,1,1,1,3
200800028747,0008-05-08 16:30:00,8,5,8,16,30,580,82,,47.105,3.963,Plein jour,Hors agglomération,Hors intersection,Normale,Autre collision,,,,,,,,,,,1,1,1,1,6
200800028748,0008-05-23 16:30:00,8,5,23,16,30,580,82,,47.002,3.016,Plein jour,Hors agglomération,Hors intersection,Normale,Deux véhicules - frontale,,,,,,,,,,,1,1,1,1,1
200800028749,0008-05-10 10:30:00,8,5,10,10,30,580,3,,47.206,4.202,Plein jour,Hors agglomération,Hors intersection,Normale,Sans collision,,,,,,,,,,,1,1,1,1,7
200800028750,0008-05-26 16:30:00,8,5,26,16,30,580,8,,,,Plein jour,Hors agglomération,Hors intersection,Pluie légère,Autre collision,,,,,,,,,,,1,1,1,2,6
200800028751,0008-05-22 11:00:00,8,5,22,11,0,580,261,,,,Plein jour,En agglomération,Hors intersection,Normale,Autre collision,,,,,,,,,,,1,2,1,1,6