accident_id,datetime,annee,mois,jour,heure,minute,departement,commune_insee,adresse,latitude,longitude,luminosite,agglomeration,intersection,meteo,collision,nb_vehicules,nb_usagers,nb_indemnes,nb_tues,nb_blesses_hosp,nb_blesses_legers,age_cond_1,age_cond_2,veh_type_cond_1,veh_type_cond_2,lum_code,agg_code,int_code,atm_code,col_code
200800029036,0008-05-26 11:45:00,8,5,26,11,45,660,17,bld jean jaures,,,Plein jour,En agglomération,Hors intersection,Normale,Autre collision,,,,,,,,,,,1,2,1,1,6
200800029037,0008-05-23 09:00:00,8,5,23,9,0,660,144,,,,Plein jour,Hors agglomération,Hors intersection,Normale,Deux véhicules - côté,,,,,,,,,,,1,1,1,1,3
200800029038,0008-05-25 07:00:00,8,5,25,7,0,660,210,,42.644,2.765,Plein jour,Hors agglomération,Hors intersection,Pluie légère,Autre collision,,,,,,,,,,,1,1,1,2,6
200800029039,0008-05-28 16:30:00,8,5,28,16,30,660,148,,,,Plein jour,Hors agglomération,Hors intersection,Normale,Autre collision,,,,,,,,,,,1,1,1,1,6
200800029040,0008-05-03 11:30:00,8,5,3,11,30,660,209,,,,Plein jour,Hors agglomération,Hors intersection,Normale,Deux véhicules - frontale,,,,,,,,,,,1,1,1,1,1
200800029041,0008-05-02 19:15:00,8,5,2,19,15,660,95,,,,Plein jour,Hors agglomération,Hors intersection,Normale,Deux véhicules - frontale,,,,,,,,,,,1,1,1,1,1
200800029042,0008-05-21 18:00:00,8,5,21,18,0,660,130,,,,Plein jour,Hors agglomération,Hors intersection,Pluie légère,Deux véhicules - côté,,,,,,,,,,,1,1,1,2,3
200800029043,0008-05-25 12:45:00,8,5,25,12,45,660,146,,,,Plein jour,Hors agglomération,Hors intersection,Pluie forte,Deux véhicules - frontale,,,,,,,,,,,1,1,1,3,1
200800029044,0008-05-17 18:00:00,8,5,17,18,0,660,4,Avenue de MONT LOUIS,,,Plein jour,En agglomération,Hors intersection,Pluie légère,Autre collision,,,,,,,,,,,1,2,1,2,6
200800029045,0008-05-09 14:45:00,8,5,9,14,45,201,85,,,,Plein jour,Hors agglomération,Hors intersection,Normale,Deux véhicules - frontale,,,,,,,,,,,1,1,1,1,1
200800029046,0008-05-24 18:15:00,8,5,24,18,15,201,1,,,,Plein jour,Hors agglomération,Hors intersection,Normale,Deux véhicules - arrière,,,,,,,,,,,1,1,1,1,2
200800029047,0008-05-07 09:30:00,8,5,7,9,30,201,41,,,,Plein jour,Hors agglomération,Hors intersection,Normale,Deux véhicules - côté,,,,,,,,,,,1,1,1,1,3
200800029048,0008-05-02 16:00:00,8,5,2,16,0,201,362,,41.733,9.204,Plein jour,Hors agglomération,Hors intersection,Normale,Sans collision,,,,,,,,,,,1,1,1,1,7
200800029049,0008-05-06 18:45:00,8,5,6,18,45,201,71,,,,Plein jour,Hors agglomération,Hors intersection,Normale,Trois véhicules et plus - collisions multiples,,,,,,,,,,,1,1,1,1,5
200800029050,0008-05-08 17:00:00,8,5,8,17,0,202,148,"route imperiale,",,,Plein jour,En agglomération,Hors intersection,Normale,Deux véhicules - côté,,,,,,,,,,,1,2,1,1,3
200800029051,0008-05-16 14:00:00,8,5,16,14,0,202,355,,,,Plein jour,Hors agglomération,Hors intersection,Normale,Autre collision,,,,,,,,,,,1,1,1,1,6
200800029052,0008-05-28 00:45:00,8,5,28,0,45,202,350,,,,Nuit sans éclairage public,Hors agglomération,Hors intersection,Normale,Autre collision,,,,,,,,,,,3,1,1,1,6
200800029053,0008-05-01 09:15:00,8,5,1,9,15,202,281,,42.827,9.487,Plein jour,Hors agglomération,Hors intersection,Normale,Autre collision,,,,,,,,,,,1,1,1,1,6
200800029054,0008-05-13 16:30:00,8,5,13,16,30,202,261,,42.959,9.444,Nuit sans éclairage public,Hors agglomération,Hors intersection,Normale,Autre collision,,,,,,,,,,,3,1,1,1,6
200800029055,0008-05-04 06:00:00,8,5,4,6,0,202,50,,42.548,8.799,Crépuscule ou aube,Hors agglomération,Hors intersection,Normale,Deux véhicules - frontale,,,,,,,,,,,2,1,1,1,1
200800029056,0008-05-12 22:30:00,8,5,12,22,30,202,134,RN197,42.636,8.937,Nuit avec éclairage allumé,En agglomération,Hors intersection,Temps couvert,Deux véhicules - côté,,,,,,,,,,,5,2,1,8,3
200800029057,0008-05-28 00:15:00,8,5,28,0,15,202,316,ldt Penta Grande,42.63,8.937,Nuit sans éclairage public,En agglomération,Hors intersection,Normale,Deux véhicules - arrière,,,,,,,,,,,3,2,1,1,2
200800029058,0008-05-09 10:45:00,8,5,9,10,45,202,354,,42.116,9.115,Plein jour,Hors agglomération,Hors intersection,Normale,Deux véhicules - côté,,,,,,,,,,,1,1,1,1,3
200800029059,0008-05-28 16:30:00,8,5,28,16,30,202,223,,42.523,9.183,Plein jour,Hors agglomération,Autre intersection,Normale,Deux véhicules - côté,,,,,,,,,,,1,1,9,1,3
200800029060,0008-05-31 21:15:00,8,5,31,21,15,202,9,,42.087,9.486,Crépuscule ou aube,Hors agglomération,Hors intersection,Normale,Deux véhicules - frontale,,,,,,,,,,,2,1,1,1,1
200800029061,0008-05-07 19:45:00,8,5,7,19,45,202,88,,42.29,9.482,Plein jour,Hors agglomération,Hors intersection,Normale,Deux véhicules - frontale,,,,,,,,,,,1,1,1,1,1
200800029062,0008-05-14 16:30:00,8,5,14,16,30,202,335,,,,Plein jour,Hors agglomération,Hors intersection,Normale,Deux véhicules - frontale,,,,,,,,,,,1,1,1,1,1
200800029063,0008-05-09 18:15:00,8,5,9,18,15,202,319,,42.435,9.525,Plein jour,Hors agglomération,Hors intersection,Normale,Deux véhicules - arrière,,,,,,,,,,,1,1,1,1,2
200800029064,0008-05-13 13:45:00,8,5,13,13,45,202,207,Centre Ville RN 198,42.451,9.509,Plein jour,En agglomération,Hors intersection,Pluie légère,Deux véhicules - frontale,,,,,,,,,,,1,2,1,2,1
200800029065,0008-05-21 15:15:00,8,5,21,15,15,202,346,Lieu dit TORRA,42.51,9.458,Nuit sans éclairage public,En agglomération,Hors intersection,Normale,Sans collision,,,,,,,,,,,3,2,1,1,7
200800029066,0008-05-23 16:30:00,8,5,23,16,30,202,77,,42.47,9.48,Plein jour,Hors agglomération,Hors intersection,Normale,Deux véhicules - côté,,,,,,,,,,,1,1,1,1,3
200800029067,0008-05-13 09:30:00,8,5,13,9,30,780,276,,,,Plein jour,Hors agglomération,Hors intersection,Normale,Autre collision,,,,,,,,,,,1,1,1,1,6
200800029068,0008-05-24 11:30:00,8,5,24,11,30,780,89,avenue de la republique,,,Plein jour,En agglomération,Hors intersection,Normale,Deux véhicules - côté,,,,,,,,,,,1,2,1,1,3
200800029069,0008-05-16 08:15:00,8,5,16,8,15,780,234,,48.94,1.632,Plein jour,Hors agglomération,Autre intersection,Brouillard / fumée,Deux véhicules - côté,,,,,,,,,,,1,1,9,5,3
200800029070,0008-05-26 14:30:00,8,5,26,14,30,780,325,,,,Plein jour,Hors agglomération,Hors intersection,Normale,Deux véhicules - frontale,,,,,,,,,,,1,1,1,1,1
200800029071,0008-05-01 05:30:00,8,5,1,5,30,780,557,,,,Nuit sans éclairage public,Hors agglomération,Hors intersection,Normale,Autre collision,,,,,,,,,,,3,1,1,1,6
200800029072,0008-05-18 16:15:00,8,5,18,16,15,780,497,,,,Plein jour,Hors agglomération,Autre intersection,Normale,Autre collision,,,,,,,,,,,1,1,9,1,6
200800029073,0008-05-04 17:45:00,8,5,4,17,45,780,562,,,,Plein jour,Hors agglomération,Hors intersection,Normale,Deux véhicules - côté,,,,,,,,,,,1,1,1,1,3
200800029074,0008-05-25 02:30:00,8,5,25,2,30,780,321,,48.803,1.909,Nuit sans éclairage public,Hors agglomération,Hors intersection,Normale,Sans collision,,,,,,,,,,,3,1,1,1,7
200800029075,0008-05-07 19:45:00,8,5,7,19,45,780,265,,,,Plein jour,Hors agglomération,Hors intersection,Normale,Sans collision,,,,,,,,,,,1,1,1,1,7
200800029076,0008-05-09 15:45:00,8,5,9,15,45,780,34,,,,Plein jour,Hors agglomération,Hors intersection,Normale,Deux véhicules - côté,,,,,,,,,,,1,1,1,1,3
200800029077,0008-05-11 17:45:00,8,5,11,17,45,780,278,,,,Plein jour,Hors agglomération,Hors intersection,Normale,Deux véhicules - côté,,,,,,,,,,,1,1,1,1,3
200800029078,0008-05-30 08:30:00,8,5,30,8,30,780,36,,,,Plein jour,Hors agglomération,Hors intersection,Normale,Deux véhicules - frontale,,,,,,,,,,,1,1,1,1,1
200800029079,0008-05-20 19:00:00,8,5,20,19,0,910,235,Rd-Pt du vieux Fleury,48.638,2.36,Plein jour,En agglomération,Giratoire,Normale,Deux véhicules - côté,,,,,,,,,,,1,2,6,1,3
200800029080,0008-05-11 16:15:00,8,5,11,16,15,910,468,rue des roissys hauts -,48.573,2.458,Plein jour,En agglomération,Hors intersection,Normale,Autre collision,,,,,,,,,,,1,2,1,1,6
200800029081,0008-05-14 18:30:00,8,5,14,18,30,910,547,,48.418,1.951,Plein jour,Hors agglomération,Intersection en T,Pluie forte,Deux véhicules - côté,,,,,,,,,,,1,1,3,3,3
200800029082,0008-05-08 06:00:00,8,5,8,6,0,910,226,,48.487,2.193,Crépuscule ou aube,Hors agglomération,Hors intersection,Normale,Deux véhicules - côté,,,,,,,,,,,2,1,1,1,3
200800029083,0008-05-04 15:00:00,8,5,4,15,0,910,654,,48.481,2.425,Plein jour,Hors agglomération,Hors intersection,Normale,Deux véhicules - frontale,,,,,,,,,,,1,1,1,1,1
200800029084,0008-05-16 19:00:00,8,5,16,19,0,910,293,route de Corbeil,,,Plein jour,En agglomération,Hors intersection,Normale,Autre collision,,,,,,,,,,,1,2,1,1,6
200800029085,0008-05-24 11:30:00,8,5,24,11,30,910,654,,,,Plein jour,Hors agglomération,Intersection en T,Normale,Deux véhicules - côté,,,,,,,,,,,1,1,3,1,3
200800029086,0008-05-31 08:45:00,8,5,31,8,45,910,99,,48.432,2.405,Plein jour,Hors agglomération,Hors intersection,Normale,Trois véhicules et plus - collisions multiples,,,,,,,,,,,1,1,1,1,5
200800029087,0008-05-13 09:15:00,8,5,13,9,15,910,533,,,,Plein jour,Hors agglomération,Hors intersection,Normale,Sans collision,,,,,,,,,,,1,1,1,1,7
200800029088,0008-05-26 16:45:00,8,5,26,16,45,910,81,rue du puits,48.5,2.089,Plein jour,En agglomération,Hors intersection,Pluie légère,Autre collision,,,,,,,,,,,1,2,1,2,6
200800029089,0008-05-02 19:15:00,8,5,2,19,15,910,338,,,,Plein jour,Hors agglomération,Hors intersection,Normale,Deux véhicules - côté,,,,,,,,,,,1,1,1,1,3
200800029090,0008-05-02 23:30:00,8,5,2,23,30,910,249,rue d'adelaiau,48.631,2.098,Nuit avec éclairage allumé,En agglomération,Hors intersection,Normale,Autre collision,,,,,,,,,,,5,2,1,1,6
200800029091,0008-05-22 16:15:00,8,5,22,16,15,910,44,rue des jardins,48.664,2.276,Plein jour,En agglomération,Hors intersection,Normale,Deux véhicules - côté,,,,,,,,,,,1,2,1,1,3
200800029092,0008-05-16 12:30:00,8,5,16,12,30,910,44,Av Division Lelclerc,48.67,2.279,Plein jour,En agglomération,Hors intersection,Normale,Deux véhicules - frontale,,,,,,,,,,,1,2,1,1,1
200800029093,0008-05-20 14:45:00,8,5,20,14,45,910,534,,48.72,2.172,Plein jour,Hors agglomération,Hors intersection,Normale,Deux véhicules - frontale,,,,,,,,,,,1,1,1,1,1
200800029094,0008-05-05 10:00:00,8,5,5,10,0,910,538,,,,Plein jour,Hors agglomération,Hors intersection,Normale,Deux véhicules - côté,,,,,,,,,,,1,1,1,1,3
200800029095,0008-05-17 11:45:00,8,5,17,11,45,950,8,,,,Plein jour,Hors agglomération,Intersection en X,Normale,Deux véhicules - côté,,,,,,,,,,,1,1,2,1,3
200800029096,0008-05-14 19:30:00,8,5,14,19,30,950,54,,49.161,1.883,Crépuscule ou aube,Hors agglomération,Hors intersection,Pluie forte,Autre collision,,,,,,,,,,,2,1,1,3,6
200800029097,0008-05-08 10:15:00,8,5,8,10,15,950,39,,49.093,2.146,Plein jour,Hors agglomération,Hors intersection,Normale,Deux véhicules - arrière,,,,,,,,,,,1,1,1,1,2
200800029098,0008-05-16 15:00:00,8,5,16,15,0,950,483,,,,Plein jour,Hors agglomération,Intersection en X,Normale,Deux véhicules - côté,,,,,,,,,,,1,1,2,1,3
200800029099,0008-05-21 18:00:00,8,5,21,18,0,950,199,intersection CD909 et 44,49.041,2.313,Plein jour,En agglomération,Hors intersection,Normale,Deux véhicules - côté,,,,,,,,,,,1,2,1,1,3
200800029100,0008-05-14 11:15:00,8,5,14,11,15,950,94,,,,Plein jour,Hors agglomération,Hors intersection,Normale,Autre collision,,,,,,,,,,,1,1,1,1,6
200800029101,0008-05-15 08:00:00,8,5,15,8,0,950,205,,,,Plein jour,Hors agglomération,Hors intersection,Normale,Deux véhicules - côté,,,,,,,,,,,1,1,1,1,3
200800029102,0008-05-07 08:30:00,8,5,7,8,30,950,351,,49.046,2.511,Plein jour,Hors agglomération,Hors intersection,Normale,Deux véhicules - arrière,,,,,,,,,,,1,1,1,1,2
200800029103,0008-05-23 23:45:00,8,5,23,23,45,770,453,,48.553,2.753,Nuit sans éclairage public,Hors agglomération,Hors intersection,Normale,Deux véhicules - frontale,,,,,,,,,,,3,1,1,1,1
200800029104,0008-05-22 00:15:00,8,5,22,0,15,770,211,,48.579,2.964,Nuit sans éclairage public,Hors agglomération,Hors intersection,Normale,Sans collision,,,,,,,,,,,3,1,1,1,7
200800029105,0008-05-24 13:45:00,8,5,24,13,45,770,128,,48.871,2.877,Plein jour,Hors agglomération,Hors intersection,Normale,Deux véhicules - frontale,,,,,,,,,,,1,1,1,1,1
200800029106,0008-05-10 18:00:00,8,5,10,18,0,770,265,,48.976,3.188,Plein jour,En agglomération,Hors intersection,Normale,Deux véhicules - côté,,,,,,,,,,,1,2,1,1,3
200800029107,0008-05-25 16:30:00,8,5,25,16,30,770,176,59 rue des ormes,,,Plein jour,En agglomération,Hors intersection,Normale,Deux véhicules - côté,,,,,,,,,,,1,2,1,1,3
200800029108,0008-05-16 13:00:00,8,5,16,13,0,770,365,,48.719,3.045,Plein jour,Hors agglomération,Hors intersection,Normale,Deux véhicules - côté,,,,,,,,,,,1,1,1,1,3
200800029109,0008-05-14 11:15:00,8,5,14,11,15,770,99,,48.153,2.69,Plein jour,Hors agglomération,Intersection en X,Normale,Deux véhicules - côté,,,,,,,,,,,1,1,2,1,3
200800029110,0008-05-24 19:15:00,8,5,24,19,15,770,232,,48.919,2.815,Plein jour,Hors agglomération,Hors intersection,Normale,Deux véhicules - frontale,,,,,,,,,,,1,1,1,1,1
200800029111,0008-05-08 16:45:00,8,5,8,16,45,770,150,,49.012,2.766,Plein jour,Hors agglomération,Hors intersection,Normale,Sans collision,,,,,,,,,,,1,1,1,1,7
200800029112,0008-05-30 17:45:00,8,5,30,17,45,770,515,,48.985,2.796,Plein jour,Hors agglomération,Hors intersection,Normale,Deux véhicules - côté,,,,,,,,,,,1,1,1,1,3
200800029113,0008-05-06 21:15:00,8,5,6,21,15,770,239,,,,Plein jour,Hors agglomération,Hors intersection,Normale,Deux véhicules - frontale,,,,,,,,,,,1,1,1,1,1
200800029114,0008-05-13 18:30:00,8,5,13,18,30,770,109,,48.656,3.219,Plein jour,Hors agglomération,Intersection en X,Normale,Deux véhicules - côté,,,,,,,,,,,1,1,2,1,3
200800029115,0008-05-22 01:15:00,8,5,22,1,15,770,311,,48.46,3.083,Nuit sans éclairage public,Hors agglomération,Hors intersection,Normale,Sans collision,,,,,,,,,,,3,1,1,1,7
200800029116,0008-05-11 17:00:00,8,5,11,17,0,450,74,,48.03,1.596,Plein jour,Hors agglomération,Hors intersection,Normale,Autre collision,,,,,,,,,,,1,1,1,1,6
200800029117,0008-05-22 19:00:00,8,5,22,19,0,450,313,,48.052,1.836,Plein jour,Hors agglomération,Hors intersection,Normale,Sans collision,,,,,,,,,,,1,1,1,1,7
200800029118,0008-05-08 11:15:00,8,5,8,11,15,450,82,,47.866,2.254,Plein jour,Hors agglomération,Hors intersection,Normale,Deux véhicules - côté,,,,,,,,,,,1,1,1,1,3
200800029119,0008-05-04 18:30:00,8,5,4,18,30,450,146,,,,Plein jour,Hors agglomération,Hors intersection,Normale,Deux véhicules - frontale,,,,,,,,,,,1,1,1,1,1
200800029120,0008-05-07 16:30:00,8,5,7,16,30,450,130,,,,Plein jour,Hors agglomération,Hors intersection,Normale,Deux véhicules - côté,,,,,,,,,,,1,1,1,1,3
200800029121,0008-05-04 18:00:00,8,5,4,18,0,450,272,170 rue basse,,,Plein jour,En agglomération,Hors intersection,Normale,Deux véhicules - frontale,,,,,,,,,,,1,2,1,1,1
200800029122,0008-05-07 18:30:00,8,5,7,18,30,450,269,,47.877,1.76,Plein jour,Hors agglomération,Hors intersection,Normale,Deux véhicules - frontale,,,,,,,,,,,1,1,1,1,1
200800029123,0008-05-11 04:00:00,8,5,11,4,0,450,261,,47.987,2.046,Nuit sans éclairage public,Hors agglomération,Autre intersection,Normale,Sans collision,,,,,,,,,,,3,1,9,1,7
200800029124,0008-05-22 10:00:00,8,5,22,10,0,450,327,,47.946,2.055,Plein jour,Hors agglomération,Hors intersection,Normale,Deux véhicules - arrière,,,,,,,,,,,1,1,1,1,2
200800029125,0008-05-31 16:45:00,8,5,31,16,45,450,188,,47.984,2.059,Plein jour,Hors agglomération,Hors intersection,Normale,Deux véhicules - frontale,,,,,,,,,,,1,1,1,1,1
200800029126,0008-05-31 00:15:00,8,5,31,0,15,450,155,rue du 32 eme RI.I,47.695,2.63,Nuit avec éclairage allumé,En agglomération,Giratoire,Pluie légère,Sans collision,,,,,,,,,,,5,2,6,2,7
200800029127,0008-05-03 21:15:00,8,5,3,21,15,450,87,rue Vuidet,,,Crépuscule ou aube,En agglomération,Hors intersection,Normale,Deux véhicules - frontale,,,,,,,,,,,2,2,1,1,1
200800029128,0008-05-15 21:00:00,8,5,15,21,0,450,87,rue franche,,,Crépuscule ou aube,En agglomération,Hors intersection,Pluie légère,Autre collision,,,,,,,,,,,2,2,1,2,6
200800029129,0008-05-15 20:15:00,8,5,15,20,15,450,268,,,,Plein jour,Hors agglomération,Hors intersection,Normale,Autre collision,,,,,,,,,,,1,1,1,1,6
200800029130,0008-05-06 16:15:00,8,5,6,16,15,450,165,,47.93,2.864,Plein jour,Hors agglomération,Hors intersection,Normale,Autre collision,,,,,,,,,,,1,1,1,1,6
200800029131,0008-05-03 19:15:00,8,5,3,19,15,450,66,,,,Plein jour,Hors agglomération,Hors intersection,Normale,Deux véhicules - frontale,,,,,,,,,,,1,1,1,1,1
200800029132,0008-05-02 17:00:00,8,5,2,17,0,450,190,,48.22,2.299,Plein jour,Hors agglomération,Hors intersection,Normale,Deux véhicules - côté,,,,,,,,,,,1,1,1,1,3
200800029133,0008-05-21 18:45:00,8,5,21,18,45,450,258,,48.211,2.473,Plein jour,En agglomération,Intersection en T,Normale,Deux véhicules - frontale,,,,,,,,,,,1,2,3,1,1
200800029134,0008-05-11 19:30:00,8,5,11,19,30,180,12,RD 45,47.13,3.0,Plein jour,En agglomération,Intersection en X,Normale,Deux véhicules - côté,,,,,,,,,,,1,2,2,1,3
200800029135,0008-05-10 22:15:00,8,5,10,22,15,180,127,route de chateauroux,46.756,2.171,Nuit sans éclairage public,En agglomération,Hors intersection,Normale,Autre collision,,,,,,,,,,,3,2,1,1,6
200800029136,0008-05-30 18:00:00,8,5,30,18,0,180,289,,46.947,2.582,Plein jour,Hors agglomération,Hors intersection,Pluie légère,Deux véhicules - frontale,,,,,,,,,,,1,1,1,2,1
200800029137,0008-05-13 09:45:00,8,5,13,9,45,180,196,,46.774,2.813,Plein jour,Hors agglomération,Hors intersection,Normale,Deux véhicules - frontale,,,,,,,,,,,1,1,1,1,1
200800029138,0008-05-25 02:00:00,8,5,25,2,0,180,80,,46.924,2.861,Nuit sans éclairage public,Hors agglomération,Hors intersection,Pluie légère,Deux véhicules - frontale,,,,,,,,,,,3,1,1,2,1
200800029139,0008-05-01 15:00:00,8,5,1,15,0,180,15,,,,Plein jour,Hors agglomération,Hors intersection,Pluie légère,Deux véhicules - côté,,,,,,,,,,,1,1,1,2,3
200800029140,0008-05-04 08:45:00,8,5,4,8,45,180,67,,,,Plein jour,Hors agglomération,Hors intersection,Normale,Autre collision,,,,,,,,,,,1,1,1,1,6
200800029141,0008-05-07 05:45:00,8,5,7,5,45,180,219,,47.241,2.209,Crépuscule ou aube,Hors agglomération,Hors intersection,Normale,Autre collision,,,,,,,,,,,2,1,1,1,6
200800029142,0008-05-19 11:45:00,8,5,19,11,45,180,159,,,,Plein jour,Hors agglomération,Hors intersection,Normale,Deux véhicules - frontale,,,,,,,,,,,1,1,1,1,1
200800029143,0008-05-28 16:30:00,8,5,28,16,30,180,141,,47.151,2.219,Plein jour,En agglomération,Hors intersection,Normale,Deux véhicules - côté,,,,,,,,,,,1,2,1,1,3
200800029144,0008-05-02 16:30:00,8,5,2,16,30,280,309,,48.365,1.617,Plein jour,Hors agglomération,Intersection en X,Normale,Deux véhicules - côté,,,,,,,,,,,1,1,2,1,3
200800029145,0008-05-27 10:30:00,8,5,27,10,30,280,141,,48.356,1.405,Plein jour,Hors agglomération,Hors intersection,Pluie légère,Deux véhicules - côté,,,,,,,,,,,1,1,1,2,3
200800029146,0008-05-13 07:45:00,8,5,13,7,45,280,168,,,,Plein jour,Hors agglomération,Intersection en X,Normale,Deux véhicules - côté,,,,,,,,,,,1,1,2,1,3
200800029147,0008-05-13 09:30:00,8,5,13,9,30,280,15,route de Janville,48.461,1.774,Plein jour,En agglomération,Hors intersection,Normale,Autre collision,,,,,,,,,,,1,2,1,1,6
200800029148,0008-05-15 17:30:00,8,5,15,17,30,280,169,,,,Plein jour,Hors agglomération,Intersection en X,Normale,Deux véhicules - côté,,,,,,,,,,,1,1,2,1,3
200800029149,0008-05-28 11:00:00,8,5,28,11,0,280,88,Place du 18 octobre,48.076,1.34,Plein jour,En agglomération,Place,Normale,Autre collision,,,,,,,,,,,1,2,7,1,6
200800029150,0008-05-05 17:45:00,8,5,5,17,45,280,176,,,,Plein jour,Hors agglomération,Hors intersection,Normale,Autre collision,,,,,,,,,,,1,1,1,1,6
200800029151,0008-05-31 17:00:00,8,5,31,17,0,280,171,,48.717,1.312,Plein jour,Hors agglomération,Intersection en X,Normale,Deux véhicules - côté,,,,,,,,,,,1,1,2,1,3
200800029152,0008-05-26 07:15:00,8,5,26,7,15,280,293,LE CLOS GLEFFIEN,48.876,1.48,Plein jour,En agglomération,Hors intersection,Normale,Deux véhicules - côté,,,,,,,,,,,1,2,1,1,3
200800029153,0008-05-30 20:45:00,8,5,30,20,45,280,1,,48.775,1.429,Plein jour,Hors agglomération,Hors intersection,Normale,Deux véhicules - côté,,,,,,,,,,,1,1,1,1,3
200800029154,0008-05-04 06:45:00,8,5,4,6,45,280,89,,,,Plein jour,Hors agglomération,Hors intersection,Normale,Sans collision,,,,,,,,,,,1,1,1,1,7
200800029155,0008-05-24 05:45:00,8,5,24,5,45,280,386,,,,Crépuscule ou aube,Hors agglomération,Hors intersection,Normale,Autre collision,,,,,,,,,,,2,1,1,1,6
200800029156,0008-05-13 16:30:00,8,5,13,16,30,280,280,,48.312,0.91,Plein jour,Hors agglomération,Hors intersection,Normale,Autre collision,,,,,,,,,,,1,1,1,1,6
200800029157,0008-05-21 21:00:00,8,5,21,21,0,280,273,,48.211,1.011,Plein jour,Hors agglomération,Hors intersection,Normale,Deux véhicules - côté,,,,,,,,,,,1,1,1,1,3
200800029158,0008-05-24 10:45:00,8,5,24,10,45,280,280,rue st lazare,48.31,0.81,Plein jour,En agglomération,Hors intersection,Normale,Autre collision,,,,,,,,,,,1,2,1,1,6
200800029159,0008-05-26 08:45:00,8,5,26,8,45,280,378,,48.28,0.84,Plein jour,Hors agglomération,Hors intersection,Normale,Autre collision,,,,,,,,,,,1,1,1,1,6
200800029160,0008-05-03 18:00:00,8,5,3,18,0,280,86,,,,Plein jour,Hors agglomération,Hors intersection,Pluie légère,Sans collision,,,,,,,,,,,1,1,1,2,7
200800029161,0008-05-11 19:15:00,8,5,11,19,15,280,156,,,,Plein jour,Hors agglomération,Intersection en X,Normale,Deux véhicules - frontale,,,,,,,,,,,1,1,2,1,1
200800029162,0008-05-15 08:15:00,8,5,15,8,15,360,71,RD 943,,,Plein jour,En agglomération,Hors intersection,Normale,Deux véhicules - côté,,,,,,,,,,,1,2,1,1,3
200800029163,0008-05-04 13:15:00,8,5,4,13,15,360,241,RUE JEAN JAURES,46.85,1.53,Nuit avec éclairage allumé,En agglomération,Hors intersection,Normale,Autre collision,,,,,,,,,,,5,2,1,1,6
200800029164,0008-05-13 10:00:00,8,5,13,10,0,360,232,,,,Plein jour,Hors agglomération,Hors intersection,Normale,Sans collision,,,,,,,,,,,1,1,1,1,7
200800029165,0008-05-07 11:45:00,8,5,7,11,45,370,43,route de Chateau Renault,47.475,1.062,Plein jour,En agglomération,Hors intersection,Normale,Deux véhicules - frontale,,,,,,,,,,,1,2,1,1,1
200800029166,0008-05-22 17:15:00,8,5,22,17,15,370,131,,47.451,1.05,Plein jour,Hors agglomération,Hors intersection,Normale,Deux véhicules - frontale,,,,,,,,,,,1,1,1,1,1
200800029167,0008-05-30 12:15:00,8,5,30,12,15,370,109,rue de Chatigny,47.397,0.579,Plein jour,En agglomération,Hors intersection,Normale,Autre collision,,,,,,,,,,,1,2,1,1,6
200800029168,0008-05-31 20:15:00,8,5,31,20,15,370,117,,,,Nuit avec éclairage allumé,Hors agglomération,Hors intersection,Temps couvert,Autre collision,,,,,,,,,,,5,1,1,8,6
200800029169,0008-05-13 07:45:00,8,5,13,7,45,370,54,,,,Plein jour,Hors agglomération,Hors intersection,Normale,Deux véhicules - frontale,,,,,,,,,,,1,1,1,1,1
200800029170,0008-05-03 15:45:00,8,5,3,15,45,370,228,,,,Plein jour,Hors agglomération,Hors intersection,Normale,Deux véhicules - côté,,,,,,,,,,,1,1,1,1,3
200800029171,0008-05-27 09:45:00,8,5,27,9,45,370,24,,,,Plein jour,Hors agglomération,Hors intersection,Temps couvert,Deux véhicules - côté,,,,,,,,,,,1,1,1,8,3
200800029172,0008-05-30 18:00:00,8,5,30,18,0,370,31,rue de l ancien college,,,Plein jour,En agglomération,Hors intersection,Normale,Autre collision,,,,,,,,,,,1,2,1,1,6
200800029173,0008-05-05 11:00:00,8,5,5,11,0,370,226,CD910/rue St Michel,,,Plein jour,En agglomération,Hors intersection,Normale,Deux véhicules - côté,,,,,,,,,,,1,2,1,1,3
200800029174,0008-05-11 15:45:00,8,5,11,15,45,370,12,,,,Plein jour,Hors agglomération,Hors intersection,Normale,Deux véhicules - frontale,,,,,,,,,,,1,1,1,1,1
200800029175,0008-05-04 05:00:00,8,5,4,5,0,370,132,,47.137,0.954,Nuit sans éclairage public,Hors agglomération,Hors intersection,Normale,Autre collision,,,,,,,,,,,3,1,1,1,6
200800029176,0008-05-15 16:45:00,8,5,15,16,45,370,26,,46.99,0.914,Plein jour,Hors agglomération,Hors intersection,Normale,Sans collision,,,,,,,,,,,1,1,1,1,7
200800029177,0008-05-25 10:45:00,8,5,25,10,45,370,134,,47.188,0.774,Plein jour,Hors agglomération,Hors intersection,Normale,Deux véhicules - côté,,,,,,,,,,,1,1,1,1,3