accident_id,datetime,annee,mois,jour,heure,minute,departement,commune_insee,adresse,latitude,longitude,luminosite,agglomeration,intersection,meteo,collision,nb_vehicules,nb_usagers,nb_indemnes,nb_tues,nb_blesses_hosp,nb_blesses_legers,age_cond_1,age_cond_2,veh_type_cond_1,veh_type_cond_2,lum_code,agg_code,int_code,atm_code,col_code
200800029178,0008-05-01 15:15:00,8,5,1,15,15,410,137,13 rue de la fontaine,,,Plein jour,En agglomération,Hors intersection,Normale,Deux véhicules - frontale,,,,,,,,,,,1,2,1,1,1
200800029179,0008-05-21 22:00:00,8,5,21,22,0,410,203,,,,Nuit sans éclairage public,Hors agglomération,Hors intersection,Normale,Sans collision,,,,,,,,,,,3,1,1,1,7
200800029180,0008-05-30 08:45:00,8,5,30,8,45,410,136,,,,Plein jour,Hors agglomération,Hors intersection,Pluie légère,Autre collision,,,,,,,,,,,1,1,1,2,6
200800029181,0008-05-13 18:15:00,8,5,13,18,15,410,43,,47.283,1.468,Plein jour,Hors agglomération,Hors intersection,Normale,Deux véhicules - frontale,,,,,,,,,,,1,1,1,1,1
200800029182,0008-05-10 03:15:00,8,5,10,3,15,410,232,,47.402,2.055,Nuit sans éclairage public,Hors agglomération,Hors intersection,Normale,Trois véhicules et plus - collisions multiples,,,,,,,,,,,3,1,1,1,5
200800029183,0008-05-22 07:00:00,8,5,22,7,0,410,280,2 rue du Val de Cher,,,Plein jour,En agglomération,Hors intersection,Normale,Deux véhicules - arrière,,,,,,,,,,,1,2,1,1,2
200800029184,0008-05-11 17:15:00,8,5,11,17,15,410,73,,47.921,1.004,Plein jour,Hors agglomération,Hors intersection,Normale,Sans collision,,,,,,,,,,,1,1,1,1,7
200800029185,0008-05-14 16:15:00,8,5,14,16,15,330,333,chemin de la grele,44.879,-1.092,Plein jour,En agglomération,Hors intersection,Normale,Autre collision,,,,,,,,,,,1,2,1,1,6
200800029186,0008-05-28 08:00:00,8,5,28,8,0,290,233,,47.865,-3.575,Plein jour,Hors agglomération,Hors intersection,Pluie légère,Deux véhicules - frontale,,,,,,,,,,,1,1,1,2,1
200800029187,0008-05-24 09:45:00,8,5,24,9,45,290,150,,,,Plein jour,Hors agglomération,Hors intersection,Pluie forte,Deux véhicules - frontale,,,,,,,,,,,1,1,1,3,1
200800029188,0008-05-04 02:30:00,8,5,4,2,30,130,33,,,,Nuit sans éclairage public,Hors agglomération,Hors intersection,Normale,Deux véhicules - côté,,,,,,,,,,,3,1,1,1,3
200800029189,0008-05-14 17:00:00,8,5,14,17,0,870,192,,45.767,1.241,Plein jour,Hors agglomération,Intersection en T,Normale,Deux véhicules - côté,,,,,,,,,,,1,1,3,1,3
200800029190,0008-05-03 00:45:00,8,5,3,0,45,670,469,,,,Nuit sans éclairage public,Hors agglomération,Hors intersection,Normale,Autre collision,,,,,,,,,,,3,1,1,1,6
200800029191,0008-05-04 09:30:00,8,5,4,9,30,670,283,,,,Plein jour,Hors agglomération,Hors intersection,Normale,Deux véhicules - côté,,,,,,,,,,,1,1,1,1,3
200800029192,0008-05-08 19:00:00,8,5,8,19,0,670,283,,,,Plein jour,Hors agglomération,Hors intersection,Normale,Deux véhicules - côté,,,,,,,,,,,1,1,1,1,3
200800029193,0008-05-27 17:45:00,8,5,27,17,45,670,367,,,,Plein jour,En agglomération,Hors intersection,Normale,Deux véhicules - côté,,,,,,,,,,,1,2,1,1,3
200800029194,0008-05-10 16:45:00,8,5,10,16,45,330,234,,44.8,-0.51,Plein jour,Hors agglomération,Giratoire,Normale,Deux véhicules - côté,,,,,,,,,,,1,1,6,1,3
200800029195,0008-05-29 22:30:00,8,5,29,22,30,330,99,,44.812,-0.493,Nuit sans éclairage public,Hors agglomération,Hors intersection,Normale,Sans collision,,,,,,,,,,,3,1,1,1,7
200800029196,0008-05-30 18:45:00,8,5,30,18,45,470,172,,44.144,0.485,Plein jour,Hors agglomération,Hors intersection,Normale,Deux véhicules - côté,,,,,,,,,,,1,1,1,1,3
200800029197,0008-05-27 11:30:00,8,5,27,11,30,110,144,,42.875,2.99,Plein jour,Hors agglomération,Hors intersection,Pluie légère,Deux véhicules - frontale,,,,,,,,,,,1,1,1,2,1
200800029198,0008-05-27 20:45:00,8,5,27,20,45,570,565,,,,Plein jour,Hors agglomération,Hors intersection,Normale,Sans collision,,,,,,,,,,,1,1,1,1,7
200800029199,0008-05-13 16:30:00,8,5,13,16,30,340,123,ALLEE SAINT HUBERT,43.623,3.8,Plein jour,En agglomération,Hors intersection,Normale,Sans collision,,,,,,,,,,,1,2,1,1,7
200800029200,0008-05-03 01:15:00,8,5,3,1,15,110,146,,43.19,2.48,Nuit sans éclairage public,Hors agglomération,Hors intersection,Normale,Deux véhicules - frontale,,,,,,,,,,,3,1,1,1,1
200800029201,0008-05-13 12:30:00,8,5,13,12,30,280,92,,,,Plein jour,Hors agglomération,Hors intersection,Normale,Autre collision,,,,,,,,,,,1,1,1,1,6
200800029202,0008-05-15 16:30:00,8,5,15,16,30,780,9,,,,Plein jour,Hors agglomération,Hors intersection,Normale,Deux véhicules - côté,,,,,,,,,,,1,1,1,1,3
200800029203,0008-05-26 01:00:00,8,5,26,1,0,910,363,,,,Nuit sans éclairage public,Hors agglomération,Autre intersection,Pluie forte,Autre collision,,,,,,,,,,,3,1,9,3,6
200800029204,0008-05-13 08:15:00,8,5,13,8,15,510,662,Avenue de Reims - RD151,49.295,4.122,Plein jour,En agglomération,Hors intersection,Normale,Deux véhicules - côté,,,,,,,,,,,1,2,1,1,3
200800029205,0008-05-20 09:30:00,8,5,20,9,30,290,137,,,,Plein jour,Hors agglomération,Hors intersection,Normale,Autre collision,,,,,,,,,,,1,1,1,1,6
200800029206,0008-05-26 11:15:00,8,5,26,11,15,290,45,,48.398,-4.241,Plein jour,Hors agglomération,Hors intersection,Temps couvert,Autre collision,,,,,,,,,,,1,1,1,8,6
200800029207,0008-05-11 10:30:00,8,5,11,10,30,770,71,,48.2,2.79,Plein jour,Hors agglomération,Hors intersection,Normale,Sans collision,,,,,,,,,,,1,1,1,1,7
200800029208,0008-05-18 21:45:00,8,5,18,21,45,770,185,,,,Plein jour,Hors agglomération,Hors intersection,Normale,Trois véhicules et plus - en chaîne,,,,,,,,,,,1,1,1,1,4
200800029209,0008-05-15 13:45:00,8,5,15,13,45,800,33,,,,Plein jour,Hors agglomération,Hors intersection,Pluie légère,Autre collision,,,,,,,,,,,1,1,1,2,6
200800029210,0008-05-30 02:00:00,8,5,30,2,0,800,101,,,,Nuit sans éclairage public,Hors agglomération,Hors intersection,Temps couvert,Deux véhicules - arrière,,,,,,,,,,,3,1,1,8,2
200800029211,0008-05-01 15:15:00,8,5,1,15,15,710,118,,,,Plein jour,Hors agglomération,Hors intersection,Normale,Autre collision,,,,,,,,,,,1,1,1,1,6
200800029212,0008-05-09 14:30:00,8,5,9,14,30,710,520,,,,Plein jour,Hors agglomération,Hors intersection,Normale,Deux véhicules - arrière,,,,,,,,,,,1,1,1,1,2
200800029213,0008-05-11 13:30:00,8,5,11,13,30,710,520,,,,Plein jour,Hors agglomération,Hors intersection,Normale,Autre collision,,,,,,,,,,,1,1,1,1,6
200800029214,0008-05-20 02:30:00,8,5,20,2,30,710,512,,,,Nuit sans éclairage public,Hors agglomération,Hors intersection,Normale,Deux véhicules - arrière,,,,,,,,,,,3,1,1,1,2
200800029215,0008-05-21 15:00:00,8,5,21,15,0,710,265,,,,Plein jour,Hors agglomération,Hors intersection,Normale,Deux véhicules - arrière,,,,,,,,,,,1,1,1,1,2
200800029216,0008-05-07 06:45:00,8,5,7,6,45,710,583,,46.255,4.788,Plein jour,Hors agglomération,Hors intersection,Normale,Deux véhicules - arrière,,,,,,,,,,,1,1,1,1,2
200800029217,0008-05-07 15:15:00,8,5,7,15,15,710,270,,46.304,4.829,Plein jour,Hors agglomération,Hors intersection,Normale,Autre collision,,,,,,,,,,,1,1,1,1,6
200800029218,0008-05-15 08:00:00,8,5,15,8,0,710,195,,46.52,4.912,Plein jour,Hors agglomération,Hors intersection,Pluie légère,Deux véhicules - côté,,,,,,,,,,,1,1,1,2,3
200800029219,0008-05-16 14:15:00,8,5,16,14,15,710,270,,,,Plein jour,Hors agglomération,Hors intersection,Normale,Trois véhicules et plus - en chaîne,,,,,,,,,,,1,1,1,1,4
200800029220,0008-05-24 11:15:00,8,5,24,11,15,890,13,,,,Plein jour,Hors agglomération,Hors intersection,Normale,Autre collision,,,,,,,,,,,1,1,1,1,6
200800029221,0008-05-29 09:15:00,8,5,29,9,15,130,114,,,,Plein jour,Hors agglomération,Hors intersection,Normale,Deux véhicules - côté,,,,,,,,,,,1,1,1,1,3
200800029222,0008-05-09 20:30:00,8,5,9,20,30,840,87,,,,Plein jour,Hors agglomération,Hors intersection,Normale,Deux véhicules - côté,,,,,,,,,,,1,1,1,1,3
200800029223,0008-05-23 04:00:00,8,5,23,4,0,300,221,,,,Nuit sans éclairage public,Hors agglomération,Hors intersection,Normale,Autre collision,,,,,,,,,,,3,1,1,1,6
200800029224,0008-05-06 15:45:00,8,5,6,15,45,830,57,,,,Plein jour,Hors agglomération,Hors intersection,Normale,Autre collision,,,,,,,,,,,1,1,1,1,6
200800029225,0008-05-14 15:00:00,8,5,14,15,0,830,73,,43.405,6.31,Plein jour,Hors agglomération,Hors intersection,Normale,Sans collision,,,,,,,,,,,1,1,1,1,7
200800029226,0008-05-22 07:30:00,8,5,22,7,30,830,62,,43.145,6.006,Plein jour,Hors agglomération,Hors intersection,Normale,Trois véhicules et plus - collisions multiples,,,,,,,,,,,1,1,1,1,5
200800029227,0008-05-21 14:00:00,8,5,21,14,0,760,484,,49.343,1.073,Plein jour,Hors agglomération,Autre intersection,Normale,Deux véhicules - côté,,,,,,,,,,,1,1,9,1,3
200800029228,0008-05-27 10:30:00,8,5,27,10,30,270,497,,49.373,0.741,Plein jour,Hors agglomération,Hors intersection,Normale,Autre collision,,,,,,,,,,,1,1,1,1,6
200800029229,0008-05-28 00:15:00,8,5,28,0,15,270,581,,49.405,0.586,Nuit sans éclairage public,Hors agglomération,Hors intersection,Pluie légère,Autre collision,,,,,,,,,,,3,1,1,2,6
200800029230,0008-05-02 13:45:00,8,5,2,13,45,270,5,,,,Plein jour,Hors agglomération,Hors intersection,Normale,Sans collision,,,,,,,,,,,1,1,1,1,7
200800029231,0008-05-04 14:15:00,8,5,4,14,15,270,5,,,,Plein jour,Hors agglomération,Hors intersection,Normale,Sans collision,,,,,,,,,,,1,1,1,1,7
200800029232,0008-05-11 07:00:00,8,5,11,7,0,600,24,,,,Plein jour,Hors agglomération,Hors intersection,Normale,Autre collision,,,,,,,,,,,1,1,1,1,6
200800029233,0008-05-15 19:00:00,8,5,15,19,0,590,216,,,,Plein jour,Hors agglomération,Hors intersection,Normale,Autre collision,,,,,,,,,,,1,1,1,1,6
200800029234,0008-05-18 12:15:00,8,5,18,12,15,590,625,,,,Plein jour,Hors agglomération,Hors intersection,Normale,Autre collision,,,,,,,,,,,1,1,1,1,6
200800029235,0008-05-24 13:30:00,8,5,24,13,30,590,597,,50.208,3.222,Plein jour,Hors agglomération,Hors intersection,Normale,Autre collision,,,,,,,,,,,1,1,1,1,6
200800029236,0008-05-05 17:45:00,8,5,5,17,45,680,118,202 rue du Gal de Gaulle,,,Plein jour,En agglomération,Hors intersection,Normale,Deux véhicules - frontale,,,,,,,,,,,1,2,1,1,1
200800029237,0008-05-19 18:00:00,8,5,19,18,0,680,278,Rue Ile Napoleon,,,Plein jour,En agglomération,Hors intersection,Normale,Deux véhicules - côté,,,,,,,,,,,1,2,1,1,3
200800029238,0008-05-09 21:30:00,8,5,9,21,30,530,243,"29, rue du maine",48.142,-0.903,Crépuscule ou aube,En agglomération,Hors intersection,Normale,Autre collision,,,,,,,,,,,2,2,1,1,6
200800029239,0008-05-30 09:30:00,8,5,30,9,30,530,48,,48.239,-0.865,Plein jour,Hors agglomération,Hors intersection,Normale,Deux véhicules - côté,,,,,,,,,,,1,1,1,1,3
200800029240,0008-05-17 20:30:00,8,5,17,20,30,760,517,,49.526,1.199,Plein jour,Hors agglomération,Intersection en X,Normale,Deux véhicules - frontale,,,,,,,,,,,1,1,2,1,1
200800029241,0008-05-29 20:15:00,8,5,29,20,15,830,140,,,,Nuit sans éclairage public,Hors agglomération,Hors intersection,Pluie forte,Autre collision,,,,,,,,,,,3,1,1,3,6
200800029242,0008-05-08 05:30:00,8,5,8,5,30,410,91,,47.62,1.29,Crépuscule ou aube,Hors agglomération,Hors intersection,Normale,Deux véhicules - frontale,,,,,,,,,,,2,1,1,1,1
200800029243,0008-05-21 04:45:00,8,5,21,4,45,410,288,,,,Nuit sans éclairage public,Hors agglomération,Hors intersection,Normale,Sans collision,,,,,,,,,,,3,1,1,1,7
200800029244,0008-05-23 02:30:00,8,5,23,2,30,410,252,,,,Nuit sans éclairage public,Hors agglomération,Hors intersection,Normale,Autre collision,,,,,,,,,,,3,1,1,1,6
200800029245,0008-05-03 14:00:00,8,5,3,14,0,340,256,,,,Plein jour,Hors agglomération,Hors intersection,Normale,Autre collision,,,,,,,,,,,1,1,1,1,6
200800029246,0008-05-13 05:30:00,8,5,13,5,30,340,154,,,,Nuit sans éclairage public,Hors agglomération,Hors intersection,Normale,Deux véhicules - arrière,,,,,,,,,,,3,1,1,1,2
200800029247,0008-05-24 12:30:00,8,5,24,12,30,300,34,,,,Plein jour,Hors agglomération,Hors intersection,Normale,Sans collision,,,,,,,,,,,1,1,1,1,7
200800029248,0008-05-26 03:00:00,8,5,26,3,0,340,327,,,,Nuit sans éclairage public,Hors agglomération,Hors intersection,Pluie légère,Deux véhicules - arrière,,,,,,,,,,,3,1,1,2,2
200800029249,0008-05-29 07:30:00,8,5,29,7,30,300,34,,,,Plein jour,Hors agglomération,Hors intersection,Pluie légère,Deux véhicules - côté,,,,,,,,,,,1,1,1,2,3
200800029250,0008-05-24 09:30:00,8,5,24,9,30,110,188,,42.954,2.971,Plein jour,Hors agglomération,Hors intersection,Normale,Autre collision,,,,,,,,,,,1,1,1,1,6
200800029251,0008-05-12 14:30:00,8,5,12,14,30,450,313,,,,Plein jour,Hors agglomération,Hors intersection,Normale,Sans collision,,,,,,,,,,,1,1,1,1,7
200800029252,0008-05-24 00:30:00,8,5,24,0,30,450,298,,,,Nuit sans éclairage public,Hors agglomération,Hors intersection,Normale,Autre collision,,,,,,,,,,,3,1,1,1,6
200800029253,0008-05-06 16:00:00,8,5,6,16,0,730,8,,,,Plein jour,Hors agglomération,Hors intersection,Normale,Deux véhicules - arrière,,,,,,,,,,,1,1,1,1,2
200800029254,0008-05-05 18:15:00,8,5,5,18,15,380,382,,45.248,5.659,Plein jour,Hors agglomération,Hors intersection,Normale,Trois véhicules et plus - collisions multiples,,,,,,,,,,,1,1,1,1,5
200800029255,0008-05-11 17:15:00,8,5,11,17,15,130,68,,,,Plein jour,Hors agglomération,Hors intersection,Normale,Deux véhicules - côté,,,,,,,,,,,1,1,1,1,3
200800029256,0008-05-21 14:30:00,8,5,21,14,30,130,65,rue alphonse Daudet,,,Plein jour,En agglomération,Hors intersection,Normale,Deux véhicules - côté,,,,,,,,,,,1,2,1,1,3
200800029257,0008-05-13 01:00:00,8,5,13,1,0,280,161,,48.241,1.063,Nuit sans éclairage public,Hors agglomération,Hors intersection,Normale,Deux véhicules - côté,,,,,,,,,,,3,1,1,1,3
200800029258,0008-05-13 10:00:00,8,5,13,10,0,280,173,,,,Plein jour,Hors agglomération,Autre intersection,Normale,Deux véhicules - frontale,,,,,,,,,,,1,1,9,1,1
200800029259,0008-05-22 15:00:00,8,5,22,15,0,280,398,,,,Plein jour,Hors agglomération,Hors intersection,Normale,Autre collision,,,,,,,,,,,1,1,1,1,6
200800029260,0008-05-08 02:15:00,8,5,8,2,15,290,40,,48.362,-4.778,Nuit sans éclairage public,Hors agglomération,Hors intersection,Normale,Deux véhicules - frontale,,,,,,,,,,,3,1,1,1,1
200800029261,0008-05-29 16:00:00,8,5,29,16,0,340,101,,,,Plein jour,Hors agglomération,Hors intersection,Normale,Deux véhicules - côté,,,,,,,,,,,1,1,1,1,3
200800029262,0008-05-01 16:30:00,8,5,1,16,30,910,85,,48.546,2.211,Plein jour,Hors agglomération,Hors intersection,Pluie forte,Autre collision,,,,,,,,,,,1,1,1,3,6
200800029263,0008-05-20 21:00:00,8,5,20,21,0,910,105,,,,Plein jour,Hors agglomération,Hors intersection,Normale,Autre collision,,,,,,,,,,,1,1,1,1,6
200800029264,0008-05-13 13:45:00,8,5,13,13,45,380,177,,45.076,6.04,Plein jour,Hors agglomération,Hors intersection,Normale,Sans collision,,,,,,,,,,,1,1,1,1,7
200800029265,0008-05-05 09:30:00,8,5,5,9,30,510,588,,,,Plein jour,Hors agglomération,Hors intersection,Normale,Autre collision,,,,,,,,,,,1,1,1,1,6
200800029266,0008-05-07 19:15:00,8,5,7,19,15,570,289,,,,Plein jour,Hors agglomération,Hors intersection,Normale,Deux véhicules - arrière,,,,,,,,,,,1,1,1,1,2
200800029267,0008-05-08 01:15:00,8,5,8,1,15,20,809,,,,Nuit sans éclairage public,Hors agglomération,Hors intersection,Normale,Sans collision,,,,,,,,,,,3,1,1,1,7
200800029268,0008-05-17 14:35:00,8,5,17,14,35,20,280,,,,Plein jour,Hors agglomération,Hors intersection,Normale,Autre collision,,,,,,,,,,,1,1,1,1,6
200800029269,0008-05-19 10:30:00,8,5,19,10,30,20,655,,,,Plein jour,Hors agglomération,Hors intersection,Normale,Sans collision,,,,,,,,,,,1,1,1,1,7
200800029270,0008-05-01 20:45:00,8,5,1,20,45,60,88,,,,Crépuscule ou aube,Hors agglomération,Hors intersection,Normale,Autre collision,,,,,,,,,,,2,1,1,1,6
200800029271,0008-05-31 15:30:00,8,5,31,15,30,60,88,,,,Plein jour,Hors agglomération,Hors intersection,Normale,Deux véhicules - frontale,,,,,,,,,,,1,1,1,1,1
200800029272,0008-05-23 23:15:00,8,5,23,23,15,680,267,,47.747,7.25,Nuit sans éclairage public,Hors agglomération,Hors intersection,Normale,Trois véhicules et plus - collisions multiples,,,,,,,,,,,3,1,1,1,5
200800029273,0008-05-25 08:30:00,8,5,25,8,30,670,67,,,,Plein jour,Hors agglomération,Hors intersection,Normale,Autre collision,,,,,,,,,,,1,1,1,1,6
200800029274,0008-05-21 13:00:00,8,5,21,13,0,620,286,,50.576,2.38,Plein jour,Hors agglomération,Hors intersection,Normale,Autre collision,,,,,,,,,,,1,1,1,1,6
200800029275,0008-05-25 18:00:00,8,5,25,18,0,380,511,,45.356,5.965,Plein jour,Hors agglomération,Hors intersection,Normale,Deux véhicules - arrière,,,,,,,,,,,1,1,1,1,2
200800029276,0008-05-07 09:15:00,8,5,7,9,15,860,174,,,,Plein jour,Hors agglomération,Hors intersection,Normale,Deux véhicules - côté,,,,,,,,,,,1,1,1,1,3
200800029277,0008-05-10 20:00:00,8,5,10,20,0,860,62,,,,Plein jour,Hors agglomération,Hors intersection,Normale,Sans collision,,,,,,,,,,,1,1,1,1,7
200800029278,0008-05-20 05:45:00,8,5,20,5,45,860,115,,,,Plein jour,Hors agglomération,Hors intersection,Normale,Autre collision,,,,,,,,,,,1,1,1,1,6
200800029279,0008-05-07 13:45:00,8,5,7,13,45,130,13,,43.439,5.576,Plein jour,Hors agglomération,Hors intersection,Normale,Deux véhicules - côté,,,,,,,,,,,1,1,1,1,3
200800029280,0008-05-01 06:00:00,8,5,1,6,0,60,85,,,,Plein jour,Hors agglomération,Hors intersection,Normale,Sans collision,,,,,,,,,,,1,1,1,1,7
200800029281,0008-05-31 14:00:00,8,5,31,14,0,60,30,,,,Plein jour,Hors agglomération,Hors intersection,Normale,Sans collision,,,,,,,,,,,1,1,1,1,7
200800029282,0008-05-04 16:00:00,8,5,4,16,0,770,49,,,,Plein jour,Hors agglomération,Hors intersection,Normale,Sans collision,,,,,,,,,,,1,1,1,1,7
200800029283,0008-05-16 08:00:00,8,5,16,8,0,660,172,,,,Plein jour,Hors agglomération,Hors intersection,Normale,Deux véhicules - frontale,,,,,,,,,,,1,1,1,1,1
200800029284,0008-05-16 14:45:00,8,5,16,14,45,590,37,,,,Plein jour,Hors agglomération,Hors intersection,Normale,Deux véhicules - côté,,,,,,,,,,,1,1,1,1,3
200800029285,0008-05-20 17:45:00,8,5,20,17,45,590,502,,50.212,3.339,Plein jour,Hors agglomération,Hors intersection,Normale,Deux véhicules - arrière,,,,,,,,,,,1,1,1,1,2
200800029286,0008-05-01 11:15:00,8,5,1,11,15,280,18,,,,Plein jour,Hors agglomération,Hors intersection,Normale,Autre collision,,,,,,,,,,,1,1,1,1,6
200800029287,0008-05-16 19:45:00,8,5,16,19,45,720,386,,,,Plein jour,Hors agglomération,Hors intersection,Normale,Deux véhicules - arrière,,,,,,,,,,,1,1,1,1,2
200800029288,0008-05-11 17:30:00,8,5,11,17,30,250,448,,,,Plein jour,Hors agglomération,Hors intersection,Normale,Autre collision,,,,,,,,,,,1,1,1,1,6
200800029289,0008-05-02 19:45:00,8,5,2,19,45,910,553,Avenue General de gaulle,48.623,2.497,Plein jour,En agglomération,Autre intersection,Normale,Deux véhicules - arrière,,,,,,,,,,,1,2,9,1,2
200800029290,0008-05-10 18:30:00,8,5,10,18,30,90,185,,,,Plein jour,Hors agglomération,Hors intersection,Normale,Sans collision,,,,,,,,,,,1,1,1,1,7
200800029291,0008-05-15 01:45:00,8,5,15,1,45,310,254,,,,Nuit avec éclairage allumé,Hors agglomération,Hors intersection,Temps couvert,Sans collision,,,,,,,,,,,5,1,1,8,7
200800029292,0008-05-20 10:00:00,8,5,20,10,0,330,199,,44.621,-1.088,Plein jour,Hors agglomération,Hors intersection,Normale,Trois véhicules et plus - en chaîne,,,,,,,,,,,1,1,1,1,4
200800029293,0008-05-04 19:15:00,8,5,4,19,15,720,149,,,,Plein jour,Hors agglomération,Hors intersection,Normale,Sans collision,,,,,,,,,,,1,1,1,1,7
200800029294,0008-05-06 14:15:00,8,5,6,14,15,390,30,,,,Plein jour,Hors agglomération,Giratoire,Normale,Deux véhicules - côté,,,,,,,,,,,1,1,6,1,3
200800029295,0008-05-30 20:15:00,8,5,30,20,15,380,397,RD1090,,,Plein jour,En agglomération,Hors intersection,Normale,Deux véhicules - frontale,,,,,,,,,,,1,2,1,1,1
200800029296,0008-05-18 10:15:00,8,5,18,10,15,60,85,Avenue du Campon,,,Plein jour,En agglomération,Hors intersection,Normale,Deux véhicules - côté,,,,,,,,,,,1,2,1,1,3
200800029297,0008-05-07 01:00:00,8,5,7,1,0,780,431,rue de la crette,48.944,1.961,Nuit avec éclairage allumé,En agglomération,Hors intersection,Normale,Sans collision,,,,,,,,,,,5,2,1,1,7
200800029298,0008-05-25 04:00:00,8,5,25,4,0,330,90,"32, avenue du parc",,,Nuit avec éclairage allumé,En agglomération,Hors intersection,Normale,Deux véhicules - arrière,,,,,,,,,,,5,2,1,1,2
200800029299,0008-05-28 13:15:00,8,5,28,13,15,670,445,,,,Plein jour,Hors agglomération,Hors intersection,Normale,Autre collision,,,,,,,,,,,1,1,1,1,6
200800029300,0008-05-08 10:45:00,8,5,8,10,45,790,231,,,,Plein jour,Hors agglomération,Hors intersection,Normale,Autre collision,,,,,,,,,,,1,1,1,1,6
200800029301,0008-05-11 06:30:00,8,5,11,6,30,860,116,,,,Plein jour,Hors agglomération,Hors intersection,Normale,Sans collision,,,,,,,,,,,1,1,1,1,7
200800029302,0008-05-22 10:45:00,8,5,22,10,45,790,189,,,,Plein jour,Hors agglomération,Hors intersection,Normale,Deux véhicules - arrière,,,,,,,,,,,1,1,1,1,2
200800029303,0008-05-20 17:30:00,8,5,20,17,30,330,351,,,,Plein jour,Hors agglomération,Hors intersection,Normale,Deux véhicules - arrière,,,,,,,,,,,1,1,1,1,2
200800029304,0008-05-31 07:30:00,8,5,31,7,30,330,351,,,,Plein jour,Hors agglomération,Hors intersection,Normale,Deux véhicules - arrière,,,,,,,,,,,1,1,1,1,2
200800029305,0008-05-22 15:15:00,8,5,22,15,15,740,112,,,,Plein jour,Hors agglomération,Hors intersection,Normale,Deux véhicules - côté,,,,,,,,,,,1,1,1,1,3
200800029306,0008-05-31 13:45:00,8,5,31,13,45,740,268,,,,Plein jour,Hors agglomération,Hors intersection,Normale,Deux véhicules - côté,,,,,,,,,,,1,1,1,1,3
200800029307,0008-05-07 23:45:00,8,5,7,23,45,520,519,,,,Nuit sans éclairage public,Hors agglomération,Hors intersection,Normale,Deux véhicules - frontale,,,,,,,,,,,3,1,1,1,1
200800029308,0008-05-09 15:30:00,8,5,9,15,30,520,111,,47.953,5.36,Plein jour,Hors agglomération,Hors intersection,Normale,Autre collision,,,,,,,,,,,1,1,1,1,6
200800029309,0008-05-07 17:30:00,8,5,7,17,30,620,623,,,,Plein jour,Hors agglomération,Hors intersection,Normale,Deux véhicules - frontale,,,,,,,,,,,1,1,1,1,1
200800029310,0008-05-17 03:30:00,8,5,17,3,30,620,748,,,,Nuit sans éclairage public,Hors agglomération,Hors intersection,Pluie légère,Sans collision,,,,,,,,,,,3,1,1,2,7
200800029311,0008-05-28 17:00:00,8,5,28,17,0,620,645,,,,Plein jour,Hors agglomération,Hors intersection,Normale,Deux véhicules - côté,,,,,,,,,,,1,1,1,1,3
200800029312,0008-05-17 15:30:00,8,5,17,15,30,60,152,,,,Plein jour,Hors agglomération,Hors intersection,Pluie légère,Sans collision,,,,,,,,,,,1,1,1,2,7
200800029313,0008-05-25 10:00:00,8,5,25,10,0,690,292,Place de la Mutualite,,,Crépuscule ou aube,En agglomération,Hors intersection,Normale,Autre collision,,,,,,,,,,,2,2,1,1,6
200800029314,0008-05-26 08:00:00,8,5,26,8,0,690,63,27 RUE PIERRE,,,Plein jour,En agglomération,Hors intersection,Normale,Deux véhicules - frontale,,,,,,,,,,,1,2,1,1,1
200800029315,0008-05-08 05:15:00,8,5,8,5,15,690,244,route de Sain Bel,,,Nuit avec éclairage allumé,En agglomération,Hors intersection,Normale,Deux véhicules - côté,,,,,,,,,,,5,2,1,1,3
200800029316,0008-05-01 11:30:00,8,5,1,11,30,740,137,,,,Plein jour,Hors agglomération,Autre intersection,Normale,Deux véhicules - côté,,,,,,,,,,,1,1,9,1,3
200800029317,0008-05-23 11:15:00,8,5,23,11,15,740,282,,46.001,6.233,Plein jour,Hors agglomération,Hors intersection,Normale,Autre collision,,,,,,,,,,,1,1,1,1,6
200800029318,0008-05-27 21:00:00,8,5,27,21,0,740,11,avenue de Chavoires,,,Crépuscule ou aube,En agglomération,Hors intersection,Temps couvert,Deux véhicules - côté,,,,,,,,,,,2,2,1,8,3
200800029319,0008-05-30 17:30:00,8,5,30,17,30,340,116,,,,Plein jour,Hors agglomération,Intersection en X,Normale,Deux véhicules - côté,,,,,,,,,,,1,1,2,1,3
200800029320,0008-05-02 14:15:00,8,5,2,14,15,10,422,,,,Plein jour,Hors agglomération,Hors intersection,Normale,Deux véhicules - arrière,,,,,,,,,,,1,1,1,1,2
200800029321,0008-05-09 18:30:00,8,5,9,18,30,10,69,,46.132,5.285,Plein jour,Hors agglomération,Hors intersection,Normale,Deux véhicules - côté,,,,,,,,,,,1,1,1,1,3
200800029322,0008-05-26 03:30:00,8,5,26,3,30,10,273,,46.083,5.365,Nuit sans éclairage public,Hors agglomération,Hors intersection,Normale,Deux véhicules - arrière,,,,,,,,,,,3,1,1,1,2