accident_id,datetime,annee,mois,jour,heure,minute,departement,commune_insee,adresse,latitude,longitude,luminosite,agglomeration,intersection,meteo,collision,nb_vehicules,nb_usagers,nb_indemnes,nb_tues,nb_blesses_hosp,nb_blesses_legers,age_cond_1,age_cond_2,veh_type_cond_1,veh_type_cond_2,lum_code,agg_code,int_code,atm_code,col_code
200800029608,0008-06-11 08:45:00,8,6,11,8,45,220,300,,48.272,-2.791,Plein jour,Hors agglomération,Hors intersection,Normale,Deux véhicules - côté,,,,,,,,,,,1,1,1,1,3
200800029609,0008-06-09 16:45:00,8,6,9,16,45,220,186,rue des villes meliguens,,,Plein jour,En agglomération,Intersection en X,Normale,Deux véhicules - côté,,,,,,,,,,,1,2,2,1,3
200800029610,0008-06-18 16:15:00,8,6,18,16,15,220,54,route d'erquy,,,Plein jour,En agglomération,Hors intersection,Normale,Deux véhicules - frontale,,,,,,,,,,,1,2,1,1,1
200800029611,0008-06-26 14:15:00,8,6,26,14,15,220,176,Rue de la Vallee,48.472,-2.761,Plein jour,En agglomération,Hors intersection,Normale,Deux véhicules - côté,,,,,,,,,,,1,2,1,1,3
200800029612,0008-06-12 18:30:00,8,6,12,18,30,220,21,,,,Plein jour,Hors agglomération,Hors intersection,Normale,Deux véhicules - frontale,,,,,,,,,,,1,1,1,1,1
200800029613,0008-06-25 01:00:00,8,6,25,1,0,220,305,rue de la Boissiere,48.27,-2.15,Nuit sans éclairage public,En agglomération,Hors intersection,Normale,Autre collision,,,,,,,,,,,3,2,1,1,6
200800029614,0008-06-26 19:15:00,8,6,26,19,15,220,209,,,,Plein jour,Hors agglomération,Hors intersection,Normale,Deux véhicules - côté,,,,,,,,,,,1,1,1,1,3
200800029615,0008-06-29 11:45:00,8,6,29,11,45,220,357,,,,Plein jour,Hors agglomération,Hors intersection,Normale,Trois véhicules et plus - collisions multiples,,,,,,,,,,,1,1,1,1,5
200800029616,0008-06-06 10:45:00,8,6,6,10,45,220,67,rue chateau de Keribau,48.559,-3.172,Plein jour,En agglomération,Hors intersection,Normale,Autre collision,,,,,,,,,,,1,2,1,1,6
200800029617,0008-06-14 02:00:00,8,6,14,2,0,220,70,Boulevard Gambetta,,,Nuit avec éclairage non allumé,En agglomération,Hors intersection,Normale,Autre collision,,,,,,,,,,,4,2,1,1,6
200800029618,0008-06-21 16:45:00,8,6,21,16,45,220,13,,48.49,-3.193,Plein jour,Hors agglomération,Hors intersection,Normale,Deux véhicules - côté,,,,,,,,,,,1,1,1,1,3
200800029619,0008-06-05 18:15:00,8,6,5,18,15,220,61,,,,Plein jour,Hors agglomération,Hors intersection,Normale,Deux véhicules - côté,,,,,,,,,,,1,1,1,1,3
200800029620,0008-06-06 18:45:00,8,6,6,18,45,220,340,,48.659,-3.386,Plein jour,Hors agglomération,Hors intersection,Normale,Deux véhicules - frontale,,,,,,,,,,,1,1,1,1,1
200800029621,0008-06-07 19:30:00,8,6,7,19,30,220,343,19 rue des plages,48.778,-3.578,Plein jour,En agglomération,Hors intersection,Normale,Autre collision,,,,,,,,,,,1,2,1,1,6
200800029622,0008-06-23 16:45:00,8,6,23,16,45,220,166,place de l'eglise,48.816,-3.295,Plein jour,En agglomération,Place,Normale,Sans collision,,,,,,,,,,,1,2,7,1,7
200800029623,0008-06-08 14:00:00,8,6,8,14,0,290,52,,48.035,-4.535,Plein jour,Hors agglomération,Hors intersection,Normale,Deux véhicules - frontale,,,,,,,,,,,1,1,1,1,1
200800029624,0008-06-24 18:15:00,8,6,24,18,15,290,225,12 rue du port de penhor,,,Plein jour,En agglomération,Hors intersection,Normale,Deux véhicules - frontale,,,,,,,,,,,1,2,1,1,1
200800029625,0008-06-29 21:45:00,8,6,29,21,45,290,214,,,,Plein jour,Hors agglomération,Hors intersection,Normale,Deux véhicules - arrière,,,,,,,,,,,1,1,1,1,2
200800029626,0008-06-03 23:45:00,8,6,3,23,45,290,216,,,,Nuit sans éclairage public,Hors agglomération,Hors intersection,Normale,Autre collision,,,,,,,,,,,3,1,1,1,6
200800029627,0008-06-05 19:00:00,8,6,5,19,0,290,32,,47.89,-4.119,Plein jour,Hors agglomération,Hors intersection,Temps éblouissant,Autre collision,,,,,,,,,,,1,1,1,7,6
200800029628,0008-06-11 08:30:00,8,6,11,8,30,290,57,rue du general de Gaulle,47.914,-3.972,Plein jour,En agglomération,Hors intersection,Temps éblouissant,Autre collision,,,,,,,,,,,1,2,1,7,6
200800029629,0008-06-06 17:00:00,8,6,6,17,0,290,171,,,,Plein jour,Hors agglomération,Hors intersection,Normale,Deux véhicules - arrière,,,,,,,,,,,1,1,1,1,2
200800029630,0008-06-18 17:30:00,8,6,18,17,30,290,171,,,,Plein jour,Hors agglomération,Hors intersection,Normale,Deux véhicules - arrière,,,,,,,,,,,1,1,1,1,2
200800029631,0008-06-11 16:15:00,8,6,11,16,15,290,124,Rue des deportes,48.573,-4.323,Plein jour,En agglomération,Hors intersection,Normale,Autre collision,,,,,,,,,,,1,2,1,1,6
200800029632,0008-06-14 01:30:00,8,6,14,1,30,290,257,route de corn ar gazel,,,Nuit sans éclairage public,En agglomération,Hors intersection,Normale,Autre collision,,,,,,,,,,,3,2,1,1,6
200800029633,0008-06-13 11:45:00,8,6,13,11,45,290,178,rue francois SQUIBAN,,,Plein jour,En agglomération,Hors intersection,Normale,Autre collision,,,,,,,,,,,1,2,1,1,6
200800029634,0008-06-28 15:15:00,8,6,28,15,15,290,178,,,,Plein jour,Hors agglomération,Hors intersection,Normale,Deux véhicules - arrière,,,,,,,,,,,1,1,1,1,2
200800029635,0008-06-27 06:00:00,8,6,27,6,0,290,41,,48.056,-3.84,Crépuscule ou aube,Hors agglomération,Intersection en X,Normale,Deux véhicules - côté,,,,,,,,,,,2,1,2,1,3
200800029636,0008-06-28 19:00:00,8,6,28,19,0,290,42,,48.251,-4.407,Plein jour,Hors agglomération,Hors intersection,Normale,Autre collision,,,,,,,,,,,1,1,1,1,6
200800029637,0008-06-07 13:00:00,8,6,7,13,0,290,191,,48.47,-3.745,Plein jour,Hors agglomération,Hors intersection,Normale,Deux véhicules - frontale,,,,,,,,,,,1,1,1,1,1
200800029638,0008-06-02 13:45:00,8,6,2,13,45,290,105,,48.533,-4.065,Plein jour,Hors agglomération,Hors intersection,Normale,Deux véhicules - frontale,,,,,,,,,,,1,1,1,1,1
200800029639,0008-06-10 13:30:00,8,6,10,13,30,290,204,,48.496,-4.165,Plein jour,Hors agglomération,Intersection en T,Normale,Deux véhicules - côté,,,,,,,,,,,1,1,3,1,3
200800029640,0008-06-10 17:15:00,8,6,10,17,15,290,10,,48.518,-4.114,Plein jour,Hors agglomération,Giratoire,Normale,Deux véhicules - arrière,,,,,,,,,,,1,1,6,1,2
200800029641,0008-06-01 05:30:00,8,6,1,5,30,290,259,RUE DE LA RIVE,48.69,-3.981,Crépuscule ou aube,En agglomération,Hors intersection,Normale,Autre collision,,,,,,,,,,,2,2,1,1,6
200800029642,0008-06-09 22:00:00,8,6,9,22,0,290,210,rue charles de gaulle,48.58,-4.04,Crépuscule ou aube,En agglomération,Hors intersection,Normale,Autre collision,,,,,,,,,,,2,2,1,1,6
200800029643,0008-06-07 14:15:00,8,6,7,14,15,560,58,,47.469,-2.317,Plein jour,Hors agglomération,Hors intersection,Normale,Deux véhicules - frontale,,,,,,,,,,,1,1,1,1,1
200800029644,0008-06-27 07:45:00,8,6,27,7,45,560,149,,47.568,-2.425,Plein jour,Hors agglomération,Hors intersection,Normale,Deux véhicules - arrière,,,,,,,,,,,1,1,1,1,2
200800029645,0008-06-26 18:30:00,8,6,26,18,30,560,46,CROEZ HENT,47.628,-3.007,Plein jour,En agglomération,Hors intersection,Normale,Deux véhicules - côté,,,,,,,,,,,1,2,1,1,3
200800029646,0008-06-30 13:15:00,8,6,30,13,15,560,7,AVENUE DE GAULLE,47.676,-2.992,Plein jour,En agglomération,Hors intersection,Normale,Deux véhicules - côté,,,,,,,,,,,1,2,1,1,3
200800029647,0008-06-05 15:15:00,8,6,5,15,15,560,34,Rond point des Salines,47.58,-3.078,Plein jour,En agglomération,Giratoire,Normale,Deux véhicules - côté,,,,,,,,,,,1,2,6,1,3
200800029648,0008-06-19 14:45:00,8,6,19,14,45,560,54,,47.62,-3.163,Plein jour,Hors agglomération,Hors intersection,Normale,Deux véhicules - côté,,,,,,,,,,,1,1,1,1,3
200800029649,0008-06-30 06:15:00,8,6,30,6,15,560,118,,,,Plein jour,Hors agglomération,Hors intersection,Normale,Deux véhicules - frontale,,,,,,,,,,,1,1,1,1,1
200800029650,0008-06-11 18:00:00,8,6,11,18,0,560,165,,47.941,-2.424,Plein jour,Hors agglomération,Hors intersection,Normale,Deux véhicules - côté,,,,,,,,,,,1,1,1,1,3
200800029651,0008-06-03 00:45:00,8,6,3,0,45,560,75,,47.954,-2.141,Nuit avec éclairage non allumé,Hors agglomération,Hors intersection,Normale,Autre collision,,,,,,,,,,,4,1,1,1,6
200800029652,0008-06-03 19:15:00,8,6,3,19,15,560,75,,47.931,-2.09,Plein jour,Hors agglomération,Hors intersection,Normale,Sans collision,,,,,,,,,,,1,1,1,1,7
200800029653,0008-06-25 16:15:00,8,6,25,16,15,560,75,,,,Plein jour,Hors agglomération,Hors intersection,Normale,Deux véhicules - frontale,,,,,,,,,,,1,1,1,1,1
200800029654,0008-06-06 17:30:00,8,6,6,17,30,560,151,,48.052,-2.928,Plein jour,Hors agglomération,Autre intersection,Normale,Deux véhicules - côté,,,,,,,,,,,1,1,9,1,3
200800029655,0008-06-25 13:30:00,8,6,25,13,30,560,163,rue du parc,,,Plein jour,En agglomération,Hors intersection,Normale,Autre collision,,,,,,,,,,,1,2,1,1,6
200800029656,0008-06-27 16:15:00,8,6,27,16,15,560,178,rue Nationale,,,Plein jour,En agglomération,Hors intersection,Normale,Deux véhicules - frontale,,,,,,,,,,,1,2,1,1,1
200800029657,0008-06-30 11:00:00,8,6,30,11,0,560,242,,48.137,-3.148,Plein jour,Hors agglomération,Hors intersection,Normale,Autre collision,,,,,,,,,,,1,1,1,1,6
200800029658,0008-06-06 02:45:00,8,6,6,2,45,560,66,Parc de tronjoly,48.145,-3.61,Nuit sans éclairage public,En agglomération,Hors intersection,Normale,Autre collision,,,,,,,,,,,3,2,1,1,6
200800029659,0008-06-22 03:45:00,8,6,22,3,45,140,66,CD 514   BERNIERESMER,49.334,-0.432,Nuit sans éclairage public,En agglomération,Hors intersection,Normale,Autre collision,,,,,,,,,,,3,2,1,1,6
200800029660,0008-06-04 18:15:00,8,6,4,18,15,140,60,avenue du Cdt Kieffer,,,Plein jour,En agglomération,Hors intersection,Normale,Autre collision,,,,,,,,,,,1,2,1,1,6
200800029661,0008-06-24 19:15:00,8,6,24,19,15,140,432,CD 174 - ROUTE DE BOUGY,49.125,-0.546,Plein jour,En agglomération,Hors intersection,Normale,Deux véhicules - côté,,,,,,,,,,,1,2,1,1,3
200800029662,0008-06-07 10:45:00,8,6,7,10,45,140,668,lieu dit les vases,,,Plein jour,En agglomération,Hors intersection,Normale,Sans collision,,,,,,,,,,,1,2,1,1,7
200800029663,0008-06-19 17:00:00,8,6,19,17,0,140,342,place general de gaulle,,,Plein jour,En agglomération,Hors intersection,Normale,Deux véhicules - côté,,,,,,,,,,,1,2,1,1,3
200800029664,0008-06-15 17:00:00,8,6,15,17,0,140,144,,,,Plein jour,Hors agglomération,Hors intersection,Normale,Deux véhicules - frontale,,,,,,,,,,,1,1,1,1,1
200800029665,0008-06-17 10:45:00,8,6,17,10,45,140,735,Rue des ponts,48.979,-0.088,Plein jour,En agglomération,Intersection en T,Normale,Deux véhicules - côté,,,,,,,,,,,1,2,3,1,3
200800029666,0008-06-14 09:15:00,8,6,14,9,15,140,431,,49.066,-0.084,Plein jour,Hors agglomération,Hors intersection,Normale,Deux véhicules - arrière,,,,,,,,,,,1,1,1,1,2
200800029667,0008-06-19 15:45:00,8,6,19,15,45,140,331,,49.025,-0.013,Plein jour,Hors agglomération,Hors intersection,Normale,Deux véhicules - arrière,,,,,,,,,,,1,1,1,1,2
200800029668,0008-06-30 18:45:00,8,6,30,18,45,140,478,face au 45 rue grande,49.023,0.411,Plein jour,En agglomération,Hors intersection,Normale,Deux véhicules - côté,,,,,,,,,,,1,2,1,1,3
200800029669,0008-06-15 23:00:00,8,6,15,23,0,140,575,,49.302,0.136,Nuit sans éclairage public,Hors agglomération,Hors intersection,Normale,Autre collision,,,,,,,,,,,3,1,1,1,6
200800029670,0008-06-08 01:45:00,8,6,8,1,45,140,198,,,,Nuit sans éclairage public,Hors agglomération,Hors intersection,Normale,Autre collision,,,,,,,,,,,3,1,1,1,6
200800029671,0008-06-08 05:15:00,8,6,8,5,15,140,731,chemin departemental 281,,,Crépuscule ou aube,En agglomération,Hors intersection,Normale,Autre collision,,,,,,,,,,,2,2,1,1,6
200800029672,0008-06-06 05:45:00,8,6,6,5,45,140,618,,48.923,-0.903,Plein jour,Hors agglomération,Hors intersection,Normale,Sans collision,,,,,,,,,,,1,1,1,1,7
200800029673,0008-06-12 11:45:00,8,6,12,11,45,140,352,,,,Plein jour,Hors agglomération,Hors intersection,Normale,Deux véhicules - côté,,,,,,,,,,,1,1,1,1,3
200800029674,0008-06-30 18:15:00,8,6,30,18,15,500,393,,,,Plein jour,Hors agglomération,Intersection en X,Normale,Deux véhicules - côté,,,,,,,,,,,1,1,2,1,3
200800029675,0008-06-27 20:15:00,8,6,27,20,15,500,139,rue de saint jean,,,Plein jour,En agglomération,Intersection en T,Normale,Deux véhicules - côté,,,,,,,,,,,1,2,3,1,3
200800029676,0008-06-27 20:00:00,8,6,27,20,0,500,27,,,,Plein jour,En agglomération,Hors intersection,Normale,Deux véhicules - frontale,,,,,,,,,,,1,2,1,1,1
200800029677,0008-06-20 13:30:00,8,6,20,13,30,500,410,,48.567,-1.507,Plein jour,Hors agglomération,Hors intersection,Normale,Deux véhicules - frontale,,,,,,,,,,,1,1,1,1,1
200800029678,0008-06-25 23:15:00,8,6,25,23,15,500,74,,48.73,-1.16,Nuit sans éclairage public,Hors agglomération,Hors intersection,Normale,Deux véhicules - frontale,,,,,,,,,,,3,1,1,1,1
200800029679,0008-06-03 22:45:00,8,6,3,22,45,500,402,,49.515,-1.818,Nuit sans éclairage public,Hors agglomération,Hors intersection,Normale,Autre collision,,,,,,,,,,,3,1,1,1,6
200800029680,0008-06-16 06:15:00,8,6,16,6,15,500,332,,,,Crépuscule ou aube,Hors agglomération,Hors intersection,Normale,Deux véhicules - frontale,,,,,,,,,,,2,1,1,1,1
200800029681,0008-06-17 18:30:00,8,6,17,18,30,500,402,,,,Plein jour,Hors agglomération,Hors intersection,Normale,Deux véhicules - côté,,,,,,,,,,,1,1,1,1,3
200800029682,0008-06-22 10:15:00,8,6,22,10,15,500,412,RUE HELLOUIN,49.339,-1.696,Plein jour,En agglomération,Hors intersection,Normale,Deux véhicules - arrière,,,,,,,,,,,1,2,1,1,2
200800029683,0008-06-11 17:15:00,8,6,11,17,15,500,127,,,,Plein jour,Hors agglomération,Autre intersection,Normale,Deux véhicules - frontale,,,,,,,,,,,1,1,9,1,1
200800029684,0008-06-30 02:00:00,8,6,30,2,0,500,421,,49.85,-1.567,Nuit sans éclairage public,Hors agglomération,Hors intersection,Normale,Sans collision,,,,,,,,,,,3,1,1,1,7
200800029685,0008-06-29 14:00:00,8,6,29,14,0,500,342,Rue des Sources,49.662,-1.273,Plein jour,En agglomération,Hors intersection,Normale,Autre collision,,,,,,,,,,,1,2,1,1,6
200800029686,0008-06-14 03:00:00,8,6,14,3,0,500,273,,,,Nuit sans éclairage public,Hors agglomération,Hors intersection,Normale,Autre collision,,,,,,,,,,,3,1,1,1,6
200800029687,0008-06-26 19:45:00,8,6,26,19,45,500,456,,,,Plein jour,Hors agglomération,Intersection en T,Normale,Deux véhicules - frontale,,,,,,,,,,,1,1,3,1,1
200800029688,0008-06-06 14:15:00,8,6,6,14,15,610,433,,48.507,0.066,Plein jour,Hors agglomération,Hors intersection,Normale,Sans collision,,,,,,,,,,,1,1,1,1,7
200800029689,0008-06-18 19:15:00,8,6,18,19,15,610,412,,,,Plein jour,Hors agglomération,Hors intersection,Normale,Autre collision,,,,,,,,,,,1,1,1,1,6
200800029690,0008-06-28 19:30:00,8,6,28,19,30,610,485,,,,Plein jour,Hors agglomération,Hors intersection,Normale,Autre collision,,,,,,,,,,,1,1,1,1,6
200800029691,0008-06-29 17:00:00,8,6,29,17,0,610,139,,,,Plein jour,Hors agglomération,Hors intersection,Normale,Sans collision,,,,,,,,,,,1,1,1,1,7
200800029692,0008-06-02 17:30:00,8,6,2,17,30,610,155,,,,Plein jour,Hors agglomération,Hors intersection,Normale,Deux véhicules - frontale,,,,,,,,,,,1,1,1,1,1
200800029693,0008-06-29 22:00:00,8,6,29,22,0,610,22,rue robert cousin,,,Crépuscule ou aube,En agglomération,Giratoire,Normale,Sans collision,,,,,,,,,,,2,2,6,1,7
200800029694,0008-06-11 13:15:00,8,6,11,13,15,610,93,,,,Plein jour,Hors agglomération,Autre intersection,Normale,Deux véhicules - côté,,,,,,,,,,,1,1,9,1,3
200800029695,0008-06-29 17:45:00,8,6,29,17,45,610,486,,48.757,-0.731,Plein jour,Hors agglomération,Hors intersection,Normale,Deux véhicules - côté,,,,,,,,,,,1,1,1,1,3
200800029696,0008-06-24 06:30:00,8,6,24,6,30,610,484,,,,Plein jour,Hors agglomération,Hors intersection,Normale,Deux véhicules - frontale,,,,,,,,,,,1,1,1,1,1
200800029697,0008-06-29 20:30:00,8,6,29,20,30,610,79,,,,Plein jour,Hors agglomération,Intersection en Y,Normale,Deux véhicules - côté,,,,,,,,,,,1,1,4,1,3
200800029698,0008-06-12 05:15:00,8,6,12,5,15,610,457,,,,Crépuscule ou aube,Hors agglomération,Hors intersection,Normale,Deux véhicules - frontale,,,,,,,,,,,2,1,1,1,1
200800029699,0008-06-30 04:00:00,8,6,30,4,0,610,42,,48.422,0.765,Nuit sans éclairage public,Hors agglomération,Hors intersection,Normale,Sans collision,,,,,,,,,,,3,1,1,1,7
200800029700,0008-06-20 21:15:00,8,6,20,21,15,440,172,Rue de la Loire,,,Plein jour,En agglomération,Hors intersection,Normale,Deux véhicules - arrière,,,,,,,,,,,1,2,1,1,2
200800029701,0008-06-14 17:00:00,8,6,14,17,0,440,26,2 rue des jonquilles,,,Plein jour,En agglomération,Hors intersection,Normale,Autre collision,,,,,,,,,,,1,2,1,1,6
200800029702,0008-06-12 12:30:00,8,6,12,12,30,440,88,,47.131,-1.383,Plein jour,Hors agglomération,Hors intersection,Normale,Deux véhicules - frontale,,,,,,,,,,,1,1,1,1,1
200800029703,0008-06-12 03:30:00,8,6,12,3,30,440,64,,,,Nuit sans éclairage public,Hors agglomération,Hors intersection,Normale,Deux véhicules - frontale,,,,,,,,,,,3,1,1,1,1
200800029704,0008-06-25 17:45:00,8,6,25,17,45,440,155,,47.038,-1.538,Plein jour,Hors agglomération,Hors intersection,Normale,Autre collision,,,,,,,,,,,1,1,1,1,6
200800029705,0008-06-12 19:00:00,8,6,12,19,0,440,160,,,,Plein jour,Hors agglomération,Giratoire,Normale,Deux véhicules - côté,,,,,,,,,,,1,1,6,1,3
200800029706,0008-06-28 16:30:00,8,6,28,16,30,440,191,,,,Plein jour,Hors agglomération,Intersection en X,Normale,Deux véhicules - côté,,,,,,,,,,,1,1,2,1,3
200800029707,0008-06-28 17:00:00,8,6,28,17,0,440,219,,,,Plein jour,Hors agglomération,Hors intersection,Normale,Sans collision,,,,,,,,,,,1,1,1,1,7
200800029708,0008-06-12 07:15:00,8,6,12,7,15,440,212,route de Clisson,,,Plein jour,En agglomération,Intersection en X,Normale,Deux véhicules - côté,,,,,,,,,,,1,2,2,1,3
200800029709,0008-06-17 17:45:00,8,6,17,17,45,440,212,,,,Plein jour,Hors agglomération,Hors intersection,Normale,Deux véhicules - frontale,,,,,,,,,,,1,1,1,1,1
200800029710,0008-06-21 01:00:00,8,6,21,1,0,440,54,,,,Nuit sans éclairage public,Hors agglomération,Hors intersection,Normale,Deux véhicules - frontale,,,,,,,,,,,3,1,1,1,1
200800029711,0008-06-08 17:30:00,8,6,8,17,30,440,92,,47.669,-1.906,Plein jour,Hors agglomération,Hors intersection,Normale,Autre collision,,,,,,,,,,,1,1,1,1,6
200800029712,0008-06-09 08:15:00,8,6,9,8,15,440,914,,47.59,-1.749,Plein jour,Hors agglomération,Hors intersection,Normale,Deux véhicules - frontale,,,,,,,,,,,1,1,1,1,1
200800029713,0008-06-14 11:15:00,8,6,14,11,15,440,128,RUE PONT ST CLAIR RUE HA,47.531,-1.951,Plein jour,En agglomération,Hors intersection,Normale,Deux véhicules - côté,,,,,,,,,,,1,2,1,1,3
200800029714,0008-06-14 23:45:00,8,6,14,23,45,440,56,,47.421,-1.8,Nuit sans éclairage public,Hors agglomération,Hors intersection,Normale,Autre collision,,,,,,,,,,,3,1,1,1,6
200800029715,0008-06-28 15:00:00,8,6,28,15,0,440,67,,47.697,-1.861,Plein jour,Hors agglomération,Hors intersection,Normale,Autre collision,,,,,,,,,,,1,1,1,1,6
200800029716,0008-06-29 10:00:00,8,6,29,10,0,440,67,,47.65,-1.876,Plein jour,Hors agglomération,Hors intersection,Normale,Sans collision,,,,,,,,,,,1,1,1,1,7
200800029717,0008-06-30 10:45:00,8,6,30,10,45,440,185,,47.651,-2.081,Plein jour,En agglomération,Hors intersection,Normale,Autre collision,,,,,,,,,,,1,2,1,1,6
200800029718,0008-06-10 05:00:00,8,6,10,5,0,440,73,,47.47,-1.683,Crépuscule ou aube,Hors agglomération,Hors intersection,Normale,Autre collision,,,,,,,,,,,2,1,1,1,6
200800029719,0008-06-24 13:15:00,8,6,24,13,15,440,154,Avenue Emile Turbe,,,Plein jour,En agglomération,Hors intersection,Normale,Deux véhicules - côté,,,,,,,,,,,1,2,1,1,3
200800029720,0008-06-12 18:15:00,8,6,12,18,15,440,186,,47.116,-1.805,Plein jour,Hors agglomération,Hors intersection,Normale,Deux véhicules - frontale,,,,,,,,,,,1,1,1,1,1
200800029721,0008-06-07 00:01:00,8,6,7,0,1,440,69,,,,Nuit sans éclairage public,Hors agglomération,Hors intersection,Normale,Autre collision,,,,,,,,,,,3,1,1,1,6
200800029722,0008-06-08 16:45:00,8,6,8,16,45,440,69,,,,Plein jour,Hors agglomération,Hors intersection,Normale,Deux véhicules - côté,,,,,,,,,,,1,1,1,1,3
200800029723,0008-06-14 09:15:00,8,6,14,9,15,440,10,face au 44 rue du Golf,,,Plein jour,En agglomération,Hors intersection,Normale,Autre collision,,,,,,,,,,,1,2,1,1,6
200800029724,0008-06-08 13:00:00,8,6,8,13,0,440,152,,47.43,-2.036,Plein jour,Hors agglomération,Hors intersection,Normale,Autre collision,,,,,,,,,,,1,1,1,1,6
200800029725,0008-06-25 19:00:00,8,6,25,19,0,440,53,,,,Plein jour,Hors agglomération,Passage à niveau,Normale,Deux véhicules - côté,,,,,,,,,,,1,1,8,1,3
200800029726,0008-06-26 08:45:00,8,6,26,8,45,440,13,RUE DE LA ROCHE A BERTHE,,,Plein jour,En agglomération,Hors intersection,Normale,Autre collision,,,,,,,,,,,1,2,1,1,6
200800029727,0008-06-12 18:15:00,8,6,12,18,15,440,195,rue de ST NAZAIRE,,,Plein jour,En agglomération,Intersection en X,Normale,Deux véhicules - côté,,,,,,,,,,,1,2,2,1,3
200800029728,0008-06-17 21:00:00,8,6,17,21,0,440,68,,47.486,-1.914,Plein jour,Hors agglomération,Hors intersection,Normale,Deux véhicules - frontale,,,,,,,,,,,1,1,1,1,1
200800029729,0008-06-30 07:00:00,8,6,30,7,0,440,137,,47.384,-2.008,Plein jour,Hors agglomération,Hors intersection,Normale,Deux véhicules - côté,,,,,,,,,,,1,1,1,1,3
200800029730,0008-06-23 07:15:00,8,6,23,7,15,490,292,,,,Plein jour,Hors agglomération,Hors intersection,Pluie forte,Autre collision,,,,,,,,,,,1,1,1,3,6
200800029731,0008-06-29 11:15:00,8,6,29,11,15,490,167,grand rue,47.413,-0.482,Plein jour,En agglomération,Hors intersection,Normale,Deux véhicules - frontale,,,,,,,,,,,1,2,1,1,1
200800029732,0008-06-20 09:00:00,8,6,20,9,0,490,307,,,,Plein jour,Hors agglomération,Hors intersection,Normale,Trois véhicules et plus - collisions multiples,,,,,,,,,,,1,1,1,1,5
200800029733,0008-06-07 22:30:00,8,6,7,22,30,490,284,,47.416,-0.83,Nuit sans éclairage public,Hors agglomération,Giratoire,Normale,Autre collision,,,,,,,,,,,3,1,6,1,6
200800029734,0008-06-13 07:00:00,8,6,13,7,0,490,284,,47.402,-0.838,Plein jour,Hors agglomération,Hors intersection,Normale,Autre collision,,,,,,,,,,,1,1,1,1,6
200800029735,0008-06-15 15:15:00,8,6,15,15,15,490,199,,,,Plein jour,Hors agglomération,Hors intersection,Normale,Deux véhicules - frontale,,,,,,,,,,,1,1,1,1,1
200800029736,0008-06-24 14:00:00,8,6,24,14,0,490,239,,,,Plein jour,Hors agglomération,Hors intersection,Normale,Sans collision,,,,,,,,,,,1,1,1,1,7
200800029737,0008-06-24 18:15:00,8,6,24,18,15,490,162,,47.206,-0.843,Plein jour,Hors agglomération,Hors intersection,Autre,Deux véhicules - arrière,,,,,,,,,,,1,1,1,9,2
200800029738,0008-06-06 13:30:00,8,6,6,13,30,490,301,LA COURBIERE,,,Plein jour,En agglomération,Hors intersection,Normale,Deux véhicules - côté,,,,,,,,,,,1,2,1,1,3
200800029739,0008-06-12 07:30:00,8,6,12,7,30,490,296,,,,Plein jour,Hors agglomération,Intersection en T,Normale,Trois véhicules et plus - collisions multiples,,,,,,,,,,,1,1,3,1,5
200800029740,0008-06-14 04:30:00,8,6,14,4,30,490,320,,,,Nuit sans éclairage public,Hors agglomération,Hors intersection,Normale,Deux véhicules - frontale,,,,,,,,,,,3,1,1,1,1
200800029741,0008-06-14 20:00:00,8,6,14,20,0,490,40,,47.346,-1.121,Plein jour,Hors agglomération,Hors intersection,Normale,Deux véhicules - côté,,,,,,,,,,,1,1,1,1,3
200800029742,0008-06-21 03:15:00,8,6,21,3,15,490,75,,,,Nuit sans éclairage public,Hors agglomération,Hors intersection,Normale,Autre collision,,,,,,,,,,,3,1,1,1,6
200800029743,0008-06-24 01:00:00,8,6,24,1,0,490,297,,47.352,-0.947,Nuit sans éclairage public,Hors agglomération,Hors intersection,Normale,Autre collision,,,,,,,,,,,3,1,1,1,6
200800029744,0008-06-26 07:30:00,8,6,26,7,30,490,313,,,,Plein jour,Hors agglomération,Hors intersection,Normale,Sans collision,,,,,,,,,,,1,1,1,1,7
200800029745,0008-06-27 11:30:00,8,6,27,11,30,490,126,,,,Plein jour,Hors agglomération,Hors intersection,Normale,Autre collision,,,,,,,,,,,1,1,1,1,6
200800029746,0008-06-16 13:15:00,8,6,16,13,15,490,94,rue des Bateliers,47.312,-0.154,Plein jour,En agglomération,Hors intersection,Normale,Trois véhicules et plus - en chaîne,,,,,,,,,,,1,2,1,1,4
200800029747,0008-06-27 17:45:00,8,6,27,17,45,490,2,,47.297,0.026,Plein jour,Hors agglomération,Hors intersection,Normale,Deux véhicules - côté,,,,,,,,,,,1,1,1,1,3
200800029748,0008-06-15 15:30:00,8,6,15,15,30,490,54,,,,Plein jour,Hors agglomération,Hors intersection,Normale,Deux véhicules - frontale,,,,,,,,,,,1,1,1,1,1