accident_id,datetime,annee,mois,jour,heure,minute,departement,commune_insee,adresse,latitude,longitude,luminosite,agglomeration,intersection,meteo,collision,nb_vehicules,nb_usagers,nb_indemnes,nb_tues,nb_blesses_hosp,nb_blesses_legers,age_cond_1,age_cond_2,veh_type_cond_1,veh_type_cond_2,lum_code,agg_code,int_code,atm_code,col_code
200800030032,0008-06-25 08:45:00,8,6,25,8,45,120,203,,,,Plein jour,Hors agglomération,Hors intersection,Normale,Autre collision,,,,,,,,,,,1,1,1,1,6
200800030033,0008-06-27 16:00:00,8,6,27,16,0,120,208,BOULEVARD DE VERDUN,43.962,2.881,Plein jour,En agglomération,Hors intersection,Temps éblouissant,Autre collision,,,,,,,,,,,1,2,1,7,6
200800030034,0008-06-29 11:45:00,8,6,29,11,45,120,186,,43.823,2.599,Plein jour,Hors agglomération,Hors intersection,Normale,Trois véhicules et plus - collisions multiples,,,,,,,,,,,1,1,1,1,5
200800030035,0008-06-08 03:00:00,8,6,8,3,0,120,205,,44.293,2.006,Nuit sans éclairage public,Hors agglomération,Hors intersection,Normale,Sans collision,,,,,,,,,,,3,1,1,1,7
200800030036,0008-06-16 13:15:00,8,6,16,13,15,120,242,,44.405,2.041,Plein jour,Hors agglomération,Hors intersection,Normale,Deux véhicules - frontale,,,,,,,,,,,1,1,1,1,1
200800030037,0008-06-18 18:45:00,8,6,18,18,45,120,300,RUE ALLIBERT,,,Plein jour,En agglomération,Hors intersection,Temps éblouissant,Deux véhicules - côté,,,,,,,,,,,1,2,1,7,3
200800030038,0008-06-18 14:00:00,8,6,18,14,0,120,258,,44.229,2.199,Plein jour,Hors agglomération,Hors intersection,Normale,Sans collision,,,,,,,,,,,1,1,1,1,7
200800030039,0008-06-25 19:30:00,8,6,25,19,30,320,331,,,,Plein jour,Hors agglomération,Hors intersection,Normale,Sans collision,,,,,,,,,,,1,1,1,1,7
200800030040,0008-06-08 04:15:00,8,6,8,4,15,320,154,CARREFOUR D151/D40,43.813,0.852,Nuit avec éclairage allumé,En agglomération,Intersection en X,Normale,Deux véhicules - côté,,,,,,,,,,,5,2,2,1,3
200800030041,0008-06-11 10:00:00,8,6,11,10,0,320,269,,43.796,0.833,Plein jour,Hors agglomération,Hors intersection,Normale,Sans collision,,,,,,,,,,,1,1,1,1,7
200800030042,0008-06-13 20:00:00,8,6,13,20,0,320,433,,43.447,0.747,Plein jour,Hors agglomération,Hors intersection,Normale,Deux véhicules - frontale,,,,,,,,,,,1,1,1,1,1
200800030043,0008-06-11 16:45:00,8,6,11,16,45,320,168,,43.951,0.154,Plein jour,Hors agglomération,Hors intersection,Normale,Deux véhicules - côté,,,,,,,,,,,1,1,1,1,3
200800030044,0008-06-21 19:45:00,8,6,21,19,45,320,119,,43.848,0.062,Plein jour,Hors agglomération,Hors intersection,Normale,Sans collision,,,,,,,,,,,1,1,1,1,7
200800030045,0008-06-24 23:15:00,8,6,24,23,15,320,96,,43.93,-0.081,Nuit avec éclairage allumé,Hors agglomération,Hors intersection,Normale,Autre collision,,,,,,,,,,,5,1,1,1,6
200800030046,0008-06-09 13:30:00,8,6,9,13,30,320,208,,43.938,0.601,Plein jour,Hors agglomération,Hors intersection,Normale,Deux véhicules - côté,,,,,,,,,,,1,1,1,1,3
200800030047,0008-06-18 09:00:00,8,6,18,9,0,320,132,,,,Plein jour,Hors agglomération,Hors intersection,Normale,Trois véhicules et plus - en chaîne,,,,,,,,,,,1,1,1,1,4
200800030048,0008-06-20 07:30:00,8,6,20,7,30,320,132,av du general de GAULLE,43.848,0.662,Plein jour,En agglomération,Hors intersection,Normale,Autre collision,,,,,,,,,,,1,2,1,1,6
200800030049,0008-06-12 18:00:00,8,6,12,18,0,320,167,,43.479,0.288,Plein jour,Hors agglomération,Hors intersection,Normale,Deux véhicules - côté,,,,,,,,,,,1,1,1,1,3
200800030050,0008-06-20 15:30:00,8,6,20,15,30,320,172,,,,Plein jour,Hors agglomération,Hors intersection,Normale,Deux véhicules - frontale,,,,,,,,,,,1,1,1,1,1
200800030051,0008-06-22 06:15:00,8,6,22,6,15,320,283,,,,Plein jour,En agglomération,Hors intersection,Normale,Sans collision,,,,,,,,,,,1,2,1,1,7
200800030052,0008-06-06 07:45:00,8,6,6,7,45,460,322,,,,Plein jour,Hors agglomération,Hors intersection,Temps couvert,Deux véhicules - côté,,,,,,,,,,,1,1,1,8,3
200800030053,0008-06-15 18:30:00,8,6,15,18,30,460,10,,44.419,1.576,Plein jour,Hors agglomération,Hors intersection,Normale,Sans collision,,,,,,,,,,,1,1,1,1,7
200800030054,0008-06-11 14:15:00,8,6,11,14,15,460,8,,44.606,1.243,Plein jour,Hors agglomération,Hors intersection,Normale,Deux véhicules - côté,,,,,,,,,,,1,1,1,1,3
200800030055,0008-06-27 18:30:00,8,6,27,18,30,460,66,,44.64,1.239,Plein jour,Hors agglomération,Hors intersection,Normale,Autre collision,,,,,,,,,,,1,1,1,1,6
200800030056,0008-06-20 15:15:00,8,6,20,15,15,460,102,,44.634,2.065,Plein jour,Hors agglomération,Hors intersection,Normale,Deux véhicules - côté,,,,,,,,,,,1,1,1,1,3
200800030057,0008-06-02 08:30:00,8,6,2,8,30,460,127,bd  de la Madeleine,,,Plein jour,En agglomération,Hors intersection,Normale,Deux véhicules - frontale,,,,,,,,,,,1,2,1,1,1
200800030058,0008-06-02 10:30:00,8,6,2,10,30,460,304,,,,Plein jour,Hors agglomération,Hors intersection,Pluie forte,Deux véhicules - arrière,,,,,,,,,,,1,1,1,3,2
200800030059,0008-06-20 22:30:00,8,6,20,22,30,460,219,,44.643,1.403,Nuit sans éclairage public,Hors agglomération,Hors intersection,Normale,Sans collision,,,,,,,,,,,3,1,1,1,7
200800030060,0008-06-21 02:30:00,8,6,21,2,30,460,297,,44.686,1.288,Nuit sans éclairage public,Hors agglomération,Hors intersection,Normale,Autre collision,,,,,,,,,,,3,1,1,1,6
200800030061,0008-06-23 11:00:00,8,6,23,11,0,460,291,,44.617,1.545,Plein jour,Hors agglomération,Hors intersection,Normale,Autre collision,,,,,,,,,,,1,1,1,1,6
200800030062,0008-06-28 04:45:00,8,6,28,4,45,460,334,,44.729,1.429,Nuit sans éclairage public,Hors agglomération,Hors intersection,Normale,Autre collision,,,,,,,,,,,3,1,1,1,6
200800030063,0008-06-15 18:00:00,8,6,15,18,0,460,208,,44.873,1.628,Plein jour,Hors agglomération,Hors intersection,Pluie légère,Deux véhicules - frontale,,,,,,,,,,,1,1,1,2,1
200800030064,0008-06-11 07:30:00,8,6,11,7,30,650,235,,43.204,0.01,Plein jour,Hors agglomération,Hors intersection,Normale,Deux véhicules - frontale,,,,,,,,,,,1,1,1,1,1
200800030065,0008-06-18 16:45:00,8,6,18,16,45,650,235,9 route de Lourdes CD,43.206,0.038,Plein jour,En agglomération,Hors intersection,Normale,Deux véhicules - côté,,,,,,,,,,,1,2,1,1,3
200800030066,0008-06-20 12:00:00,8,6,20,12,0,650,235,10 rue des Pyrenees,43.204,0.03,Plein jour,En agglomération,Hors intersection,Normale,Deux véhicules - côté,,,,,,,,,,,1,2,1,1,3
200800030067,0008-06-25 10:30:00,8,6,25,10,30,650,257,,43.172,-0.007,Plein jour,Hors agglomération,Hors intersection,Normale,Trois véhicules et plus - collisions multiples,,,,,,,,,,,1,1,1,1,5
200800030068,0008-06-01 15:00:00,8,6,1,15,0,650,460,Route de Camales CD 54,43.382,0.063,Plein jour,En agglomération,Hors intersection,Normale,Deux véhicules - côté,,,,,,,,,,,1,2,1,1,3
200800030069,0008-06-01 05:00:00,8,6,1,5,0,650,267,route d'argeles,,,Nuit avec éclairage allumé,En agglomération,Hors intersection,Pluie légère,Sans collision,,,,,,,,,,,5,2,1,2,7
200800030070,0008-06-21 11:00:00,8,6,21,11,0,650,399,,,,Plein jour,Hors agglomération,Hors intersection,Normale,Deux véhicules - arrière,,,,,,,,,,,1,1,1,1,2
200800030071,0008-06-01 03:00:00,8,6,1,3,0,650,198,05 rue Philadelphe gerde,,,Nuit sans éclairage public,En agglomération,Hors intersection,Pluie légère,Autre collision,,,,,,,,,,,3,2,1,2,6
200800030072,0008-06-19 16:30:00,8,6,19,16,30,650,123,,,,Plein jour,Hors agglomération,Hors intersection,Normale,Sans collision,,,,,,,,,,,1,1,1,1,7
200800030073,0008-06-22 10:00:00,8,6,22,10,0,650,320,,,,Plein jour,Hors agglomération,Hors intersection,Normale,Deux véhicules - frontale,,,,,,,,,,,1,1,1,1,1
200800030074,0008-06-05 15:30:00,8,6,5,15,30,650,389,,,,Nuit sans éclairage public,Hors agglomération,Hors intersection,Pluie forte,Deux véhicules - côté,,,,,,,,,,,3,1,1,3,3
200800030075,0008-06-28 18:00:00,8,6,28,18,0,810,260,,,,Plein jour,Hors agglomération,Hors intersection,Normale,Deux véhicules - arrière,,,,,,,,,,,1,1,1,1,2
200800030076,0008-06-15 04:00:00,8,6,15,4,0,810,132,LALBAREDE,43.648,2.048,Nuit avec éclairage allumé,En agglomération,Hors intersection,Normale,Autre collision,,,,,,,,,,,5,2,1,1,6
200800030077,0008-06-29 07:30:00,8,6,29,7,30,810,215,,43.795,1.897,Crépuscule ou aube,Hors agglomération,Hors intersection,Normale,Autre collision,,,,,,,,,,,2,1,1,1,6
200800030078,0008-06-03 18:45:00,8,6,3,18,45,690,89,rue du 8 mai 1945,45.75,4.712,Plein jour,En agglomération,Hors intersection,Normale,Deux véhicules - frontale,,,,,,,,,,,1,2,1,1,1
200800030079,0008-06-04 18:00:00,8,6,4,18,0,690,89,62 AVENUE DU CHATER,,,Plein jour,En agglomération,Hors intersection,Normale,Sans collision,,,,,,,,,,,1,2,1,1,7
200800030080,0008-06-17 16:45:00,8,6,17,16,45,690,69,26B avenue E.Millaud,,,Plein jour,En agglomération,Autre intersection,Temps couvert,Autre collision,,,,,,,,,,,1,2,9,8,6
200800030081,0008-06-26 21:00:00,8,6,26,21,0,690,89,avenue du chater,45.751,4.746,Plein jour,En agglomération,Hors intersection,Normale,Sans collision,,,,,,,,,,,1,2,1,1,7
200800030082,0008-06-03 16:30:00,8,6,3,16,30,810,238,,43.48,2.494,Plein jour,Hors agglomération,Hors intersection,Pluie légère,Deux véhicules - frontale,,,,,,,,,,,1,1,1,2,1
200800030083,0008-06-14 12:30:00,8,6,14,12,30,810,237,,43.466,2.079,Plein jour,Hors agglomération,Hors intersection,Normale,Autre collision,,,,,,,,,,,1,1,1,1,6
200800030084,0008-06-23 17:45:00,8,6,23,17,45,810,242,,,,Plein jour,Hors agglomération,Hors intersection,Normale,Deux véhicules - frontale,,,,,,,,,,,1,1,1,1,1
200800030085,0008-06-27 10:15:00,8,6,27,10,15,810,251,,43.561,2.096,Plein jour,Hors agglomération,Hors intersection,Normale,Trois véhicules et plus - collisions multiples,,,,,,,,,,,1,1,1,1,5
200800030086,0008-06-30 18:30:00,8,6,30,18,30,810,76,,43.555,1.92,Plein jour,Hors agglomération,Hors intersection,Normale,Sans collision,,,,,,,,,,,1,1,1,1,7
200800030087,0008-06-06 17:45:00,8,6,6,17,45,820,87,,44.119,1.25,Plein jour,Hors agglomération,Hors intersection,Normale,Deux véhicules - frontale,,,,,,,,,,,1,1,1,1,1
200800030088,0008-06-09 17:00:00,8,6,9,17,0,820,37,,,,Plein jour,Hors agglomération,Hors intersection,Normale,Autre collision,,,,,,,,,,,1,1,1,1,6
200800030089,0008-06-28 09:15:00,8,6,28,9,15,820,131,,44.252,1.483,Plein jour,Hors agglomération,Hors intersection,Normale,Autre collision,,,,,,,,,,,1,1,1,1,6
200800030090,0008-06-22 21:00:00,8,6,22,21,0,820,132,D958,,,Plein jour,En agglomération,Hors intersection,Normale,Autre collision,,,,,,,,,,,1,2,1,1,6
200800030091,0008-06-21 15:00:00,8,6,21,15,0,820,129,,43.932,0.874,Plein jour,Hors agglomération,Hors intersection,Normale,Deux véhicules - frontale,,,,,,,,,,,1,1,1,1,1
200800030092,0008-06-07 10:30:00,8,6,7,10,30,820,167,,,,Plein jour,Hors agglomération,Hors intersection,Normale,Sans collision,,,,,,,,,,,1,1,1,1,7
200800030093,0008-06-15 08:00:00,8,6,15,8,0,820,142,route de fronton,,,Plein jour,En agglomération,Hors intersection,Normale,Autre collision,,,,,,,,,,,1,2,1,1,6
200800030094,0008-06-20 18:45:00,8,6,20,18,45,820,75,,,,Plein jour,Hors agglomération,Hors intersection,Temps éblouissant,Deux véhicules - côté,,,,,,,,,,,1,1,1,7,3
200800030095,0008-06-01 00:15:00,8,6,1,0,15,820,101,,44.096,0.996,Nuit sans éclairage public,Hors agglomération,Hors intersection,Pluie légère,Deux véhicules - côté,,,,,,,,,,,3,1,1,2,3
200800030096,0008-06-19 21:30:00,8,6,19,21,30,820,124,,44.007,1.299,Nuit sans éclairage public,Hors agglomération,Hors intersection,Normale,Deux véhicules - côté,,,,,,,,,,,3,1,1,1,3
200800030097,0008-06-11 20:00:00,8,6,11,20,0,690,285,RUE NATIONALE / RUE GARE,,,Plein jour,En agglomération,Hors intersection,Normale,Deux véhicules - côté,,,,,,,,,,,1,2,1,1,3
200800030098,0008-06-26 21:00:00,8,6,26,21,0,690,277,rue de la republique,,,Crépuscule ou aube,En agglomération,Hors intersection,Normale,Deux véhicules - arrière,,,,,,,,,,,2,2,1,1,2
200800030099,0008-06-27 23:15:00,8,6,27,23,15,690,285,,45.28,5.1,Nuit sans éclairage public,Hors agglomération,Hors intersection,Normale,Deux véhicules - côté,,,,,,,,,,,3,1,1,1,3
200800030100,0008-06-03 09:00:00,8,6,3,9,0,690,68,11 rue Aristide BRIAND,,,Plein jour,En agglomération,Hors intersection,Normale,Autre collision,,,,,,,,,,,1,2,1,1,6
200800030101,0008-06-24 08:45:00,8,6,24,8,45,690,288,,45.702,5.029,Plein jour,Hors agglomération,Giratoire,Normale,Deux véhicules - côté,,,,,,,,,,,1,1,6,1,3
200800030102,0008-06-30 11:30:00,8,6,30,11,30,690,287,RD306,,,Plein jour,En agglomération,Hors intersection,Normale,Deux véhicules - côté,,,,,,,,,,,1,2,1,1,3
200800030103,0008-06-03 20:30:00,8,6,3,20,30,690,231,CD610E,,,Plein jour,En agglomération,Hors intersection,Normale,Deux véhicules - frontale,,,,,,,,,,,1,2,1,1,1
200800030104,0008-06-08 16:15:00,8,6,8,16,15,690,112,,,,Plein jour,Hors agglomération,Hors intersection,Pluie légère,Deux véhicules - frontale,,,,,,,,,,,1,1,1,2,1
200800030105,0008-06-12 08:30:00,8,6,12,8,30,690,32,,,,Plein jour,Hors agglomération,Hors intersection,Normale,Deux véhicules - frontale,,,,,,,,,,,1,1,1,1,1
200800030106,0008-06-21 18:15:00,8,6,21,18,15,690,112,,,,Plein jour,Hors agglomération,Hors intersection,Normale,Deux véhicules - côté,,,,,,,,,,,1,1,1,1,3
200800030107,0008-06-30 19:30:00,8,6,30,19,30,690,177,,,,Plein jour,Hors agglomération,Hors intersection,Normale,Trois véhicules et plus - en chaîne,,,,,,,,,,,1,1,1,1,4
200800030108,0008-06-18 16:30:00,8,6,18,16,30,690,203,,,,Plein jour,Hors agglomération,Hors intersection,Normale,Deux véhicules - frontale,,,,,,,,,,,1,1,1,1,1
200800030109,0008-06-26 16:30:00,8,6,26,16,30,690,220,,45.745,4.454,Plein jour,Hors agglomération,Hors intersection,Normale,Deux véhicules - frontale,,,,,,,,,,,1,1,1,1,1
200800030110,0008-06-21 17:30:00,8,6,21,17,30,690,14,,,,Plein jour,Hors agglomération,Hors intersection,Normale,Sans collision,,,,,,,,,,,1,1,1,1,7
200800030111,0008-06-25 12:30:00,8,6,25,12,30,690,42,,45.643,4.51,Plein jour,Hors agglomération,Hors intersection,Normale,Trois véhicules et plus - collisions multiples,,,,,,,,,,,1,1,1,1,5
200800030112,0008-06-06 20:15:00,8,6,6,20,15,690,28,,,,Plein jour,Hors agglomération,Hors intersection,Pluie légère,Deux véhicules - frontale,,,,,,,,,,,1,1,1,2,1
200800030113,0008-06-12 00:15:00,8,6,12,0,15,690,255,,,,Nuit sans éclairage public,Hors agglomération,Hors intersection,Normale,Autre collision,,,,,,,,,,,3,1,1,1,6
200800030114,0008-06-21 00:15:00,8,6,21,0,15,690,154,,,,Nuit sans éclairage public,Hors agglomération,Hors intersection,Normale,Deux véhicules - frontale,,,,,,,,,,,3,1,1,1,1
200800030115,0008-06-18 18:30:00,8,6,18,18,30,690,291,,,,Plein jour,Hors agglomération,Hors intersection,Normale,Deux véhicules - côté,,,,,,,,,,,1,1,1,1,3
200800030116,0008-06-19 19:15:00,8,6,19,19,15,690,295,,45.615,4.855,Plein jour,Hors agglomération,Hors intersection,Normale,Deux véhicules - côté,,,,,,,,,,,1,1,1,1,3
200800030117,0008-06-28 13:15:00,8,6,28,13,15,690,258,,,,Plein jour,Hors agglomération,Hors intersection,Temps éblouissant,Deux véhicules - frontale,,,,,,,,,,,1,1,1,7,1
200800030118,0008-06-08 04:30:00,8,6,8,4,30,690,211,,46.132,4.714,Nuit sans éclairage public,Hors agglomération,Autre intersection,Normale,Sans collision,,,,,,,,,,,3,1,9,1,7
200800030119,0008-06-20 17:45:00,8,6,20,17,45,690,239,,,,Plein jour,Hors agglomération,Intersection en X,Normale,Deux véhicules - côté,,,,,,,,,,,1,1,2,1,3
200800030120,0008-06-16 18:30:00,8,6,16,18,30,690,243,bd garibaldi,,,Plein jour,En agglomération,Hors intersection,Normale,Autre collision,,,,,,,,,,,1,2,1,1,6
200800030121,0008-06-27 13:15:00,8,6,27,13,15,690,243,13 Boulevard Voltaire,,,Plein jour,En agglomération,Hors intersection,Normale,Autre collision,,,,,,,,,,,1,2,1,1,6
200800030122,0008-06-10 20:30:00,8,6,10,20,30,690,160,Le bourg,46.155,4.458,Plein jour,En agglomération,Intersection en X,Normale,Deux véhicules - frontale,,,,,,,,,,,1,2,2,1,1
200800030123,0008-06-03 10:00:00,8,6,3,10,0,690,169,,45.982,4.388,Plein jour,Hors agglomération,Hors intersection,Normale,Autre collision,,,,,,,,,,,1,1,1,1,6
200800030124,0008-06-20 14:00:00,8,6,20,14,0,690,6,,45.979,4.34,Plein jour,Hors agglomération,Hors intersection,Normale,Deux véhicules - arrière,,,,,,,,,,,1,1,1,1,2
200800030125,0008-06-26 18:30:00,8,6,26,18,30,690,66,rue des grandes gardes,46.1,4.32,Plein jour,En agglomération,Hors intersection,Normale,Deux véhicules - frontale,,,,,,,,,,,1,2,1,1,1
200800030126,0008-06-20 20:15:00,8,6,20,20,15,10,246,,,,Plein jour,Hors agglomération,Hors intersection,Normale,Deux véhicules - côté,,,,,,,,,,,1,1,1,1,3
200800030127,0008-06-06 18:15:00,8,6,6,18,15,10,184,,,,Plein jour,Hors agglomération,Hors intersection,Pluie légère,Trois véhicules et plus - collisions multiples,,,,,,,,,,,1,1,1,2,5
200800030128,0008-06-19 08:45:00,8,6,19,8,45,10,72,route de nantua,46.182,5.325,Plein jour,En agglomération,Hors intersection,Normale,Autre collision,,,,,,,,,,,1,2,1,1,6
200800030129,0008-06-29 15:15:00,8,6,29,15,15,10,95,,,,Plein jour,Hors agglomération,Hors intersection,Normale,Sans collision,,,,,,,,,,,1,1,1,1,7
200800030130,0008-06-16 18:45:00,8,6,16,18,45,10,40,,,,Plein jour,Hors agglomération,Hors intersection,Pluie forte,Deux véhicules - frontale,,,,,,,,,,,1,1,1,3,1
200800030131,0008-06-26 13:30:00,8,6,26,13,30,10,134,La gare,,,Plein jour,En agglomération,Hors intersection,Normale,Deux véhicules - arrière,,,,,,,,,,,1,2,1,1,2
200800030132,0008-06-02 23:30:00,8,6,2,23,30,10,58,hameau de CORDON,,,Nuit sans éclairage public,En agglomération,Hors intersection,Normale,Sans collision,,,,,,,,,,,3,2,1,1,7
200800030133,0008-06-15 20:00:00,8,6,15,20,0,10,34,,,,Plein jour,Hors agglomération,Hors intersection,Normale,Deux véhicules - côté,,,,,,,,,,,1,1,1,1,3
200800030134,0008-06-20 06:00:00,8,6,20,6,0,10,216,,,,Crépuscule ou aube,Hors agglomération,Hors intersection,Normale,Autre collision,,,,,,,,,,,2,1,1,1,6
200800030135,0008-06-23 18:00:00,8,6,23,18,0,10,10,,45.909,5.809,Plein jour,Hors agglomération,Hors intersection,Normale,Deux véhicules - frontale,,,,,,,,,,,1,1,1,1,1
200800030136,0008-06-21 12:00:00,8,6,21,12,0,10,138,AVENUE ANTONIN PONCET,45.853,5.778,Plein jour,En agglomération,Hors intersection,Normale,Deux véhicules - frontale,,,,,,,,,,,1,2,1,1,1
200800030137,0008-06-30 14:45:00,8,6,30,14,45,10,409,,45.947,5.715,Plein jour,Hors agglomération,Hors intersection,Normale,Sans collision,,,,,,,,,,,1,1,1,1,7
200800030138,0008-06-16 12:45:00,8,6,16,12,45,10,122,MELOGNE,,,Plein jour,En agglomération,Hors intersection,Pluie légère,Deux véhicules - frontale,,,,,,,,,,,1,2,1,2,1
200800030139,0008-06-04 15:15:00,8,6,4,15,15,10,345,,,,Plein jour,Hors agglomération,Hors intersection,Normale,Sans collision,,,,,,,,,,,1,1,1,1,7
200800030140,0008-06-28 17:45:00,8,6,28,17,45,10,4,,45.943,5.378,Plein jour,Hors agglomération,Hors intersection,Normale,Deux véhicules - côté,,,,,,,,,,,1,1,1,1,3
200800030141,0008-06-18 20:30:00,8,6,18,20,30,10,265,RUE DU MUSINET,,,Plein jour,En agglomération,Hors intersection,Normale,Deux véhicules - arrière,,,,,,,,,,,1,2,1,1,2
200800030142,0008-06-20 13:30:00,8,6,20,13,30,10,357,,,,Plein jour,Hors agglomération,Hors intersection,Normale,Autre collision,,,,,,,,,,,1,1,1,1,6
200800030143,0008-06-07 11:15:00,8,6,7,11,15,10,419,,,,Plein jour,Hors agglomération,Hors intersection,Normale,Deux véhicules - frontale,,,,,,,,,,,1,1,1,1,1
200800030144,0008-06-20 01:30:00,8,6,20,1,30,10,78,,,,Nuit sans éclairage public,Hors agglomération,Hors intersection,Normale,Sans collision,,,,,,,,,,,3,1,1,1,7
200800030145,0008-06-13 21:30:00,8,6,13,21,30,10,74,,46.028,5.154,Crépuscule ou aube,Hors agglomération,Hors intersection,Normale,Sans collision,,,,,,,,,,,2,1,1,1,7
200800030146,0008-06-25 06:30:00,8,6,25,6,30,10,434,,,,Plein jour,Hors agglomération,Hors intersection,Normale,Deux véhicules - frontale,,,,,,,,,,,1,1,1,1,1
200800030147,0008-06-13 17:30:00,8,6,13,17,30,10,272,,46.168,5.001,Plein jour,Hors agglomération,Hors intersection,Normale,Deux véhicules - frontale,,,,,,,,,,,1,1,1,1,1
200800030148,0008-06-17 12:00:00,8,6,17,12,0,10,412,,46.169,4.964,Plein jour,Hors agglomération,Hors intersection,Normale,Deux véhicules - frontale,,,,,,,,,,,1,1,1,1,1
200800030149,0008-06-26 07:00:00,8,6,26,7,0,10,46,,,,Plein jour,Hors agglomération,Hors intersection,Normale,Deux véhicules - frontale,,,,,,,,,,,1,1,1,1,1
200800030150,0008-06-04 11:15:00,8,6,4,11,15,10,244,23 ROUTE DE LYON,,,Plein jour,En agglomération,Autre intersection,Normale,Autre collision,,,,,,,,,,,1,2,9,1,6
200800030151,0008-06-14 14:15:00,8,6,14,14,15,10,325,Route de la platiere,,,Plein jour,En agglomération,Hors intersection,Normale,Deux véhicules - côté,,,,,,,,,,,1,2,1,1,3
200800030152,0008-06-06 10:45:00,8,6,6,10,45,10,333,D1083,45.937,4.961,Plein jour,En agglomération,Hors intersection,Normale,Deux véhicules - côté,,,,,,,,,,,1,2,1,1,3
200800030153,0008-06-17 21:15:00,8,6,17,21,15,10,157,,46.014,4.753,Crépuscule ou aube,Hors agglomération,Intersection en T,Temps couvert,Trois véhicules et plus - collisions multiples,,,,,,,,,,,2,1,3,8,5
200800030154,0008-06-19 07:00:00,8,6,19,7,0,10,348,,46.168,4.816,Plein jour,Hors agglomération,Hors intersection,Normale,Deux véhicules - frontale,,,,,,,,,,,1,1,1,1,1
200800030155,0008-06-20 20:45:00,8,6,20,20,45,10,348,CD 7a sur PK 0.720,46.185,4.811,Crépuscule ou aube,En agglomération,Hors intersection,Normale,Deux véhicules - côté,,,,,,,,,,,2,2,1,1,3
200800030156,0008-06-07 19:00:00,8,6,7,19,0,70,42,,,,Plein jour,Hors agglomération,Hors intersection,Normale,Sans collision,,,,,,,,,,,1,1,1,1,7
200800030157,0008-06-13 20:30:00,8,6,13,20,30,70,42,,,,Crépuscule ou aube,Hors agglomération,Hors intersection,Normale,Deux véhicules - frontale,,,,,,,,,,,2,1,1,1,1
200800030158,0008-06-10 16:00:00,8,6,10,16,0,70,167,,,,Plein jour,Hors agglomération,Hors intersection,Normale,Sans collision,,,,,,,,,,,1,1,1,1,7
200800030159,0008-06-02 07:30:00,8,6,2,7,30,70,346,,,,Plein jour,Hors agglomération,Hors intersection,Normale,Autre collision,,,,,,,,,,,1,1,1,1,6
200800030160,0008-06-17 20:00:00,8,6,17,20,0,70,157,,,,Plein jour,Hors agglomération,Hors intersection,Normale,Autre collision,,,,,,,,,,,1,1,1,1,6
200800030161,0008-06-07 10:00:00,8,6,7,10,0,70,341,,,,Plein jour,Hors agglomération,Hors intersection,Normale,Autre collision,,,,,,,,,,,1,1,1,1,6
200800030162,0008-06-24 10:00:00,8,6,24,10,0,70,349,AVENUE DU 11 NOVEMBRE,,,Plein jour,En agglomération,Hors intersection,Normale,Autre collision,,,,,,,,,,,1,2,1,1,6
200800030163,0008-06-06 14:15:00,8,6,6,14,15,70,182,Les Plots,,,Plein jour,En agglomération,Hors intersection,Normale,Trois véhicules et plus - collisions multiples,,,,,,,,,,,1,2,1,1,5
200800030164,0008-06-12 11:15:00,8,6,12,11,15,70,87,quartier Chareyre,,,Plein jour,En agglomération,Hors intersection,Normale,Sans collision,,,,,,,,,,,1,2,1,1,7
200800030165,0008-06-23 08:00:00,8,6,23,8,0,70,101,,,,Plein jour,Hors agglomération,Hors intersection,Normale,Trois véhicules et plus - collisions multiples,,,,,,,,,,,1,1,1,1,5
200800030166,0008-06-13 19:45:00,8,6,13,19,45,70,324,ZA CHAMPAGNE,45.059,4.839,Plein jour,En agglomération,Hors intersection,Normale,Deux véhicules - côté,,,,,,,,,,,1,2,1,1,3
200800030167,0008-06-23 11:15:00,8,6,23,11,15,70,217,,45.035,4.739,Plein jour,Hors agglomération,Hors intersection,Normale,Deux véhicules - frontale,,,,,,,,,,,1,1,1,1,1
200800030168,0008-06-24 17:00:00,8,6,24,17,0,70,324,,,,Plein jour,Hors agglomération,Hors intersection,Normale,Deux véhicules - côté,,,,,,,,,,,1,1,1,1,3
200800030169,0008-06-28 15:00:00,8,6,28,15,0,70,7,,44.946,4.736,Plein jour,Hors agglomération,Hors intersection,Normale,Deux véhicules - frontale,,,,,,,,,,,1,1,1,1,1
200800030170,0008-06-19 19:00:00,8,6,19,19,0,70,310,,,,Plein jour,Hors agglomération,Hors intersection,Normale,Deux véhicules - frontale,,,,,,,,,,,1,1,1,1,1
200800030171,0008-06-15 14:45:00,8,6,15,14,45,70,103,,44.991,4.363,Plein jour,Hors agglomération,Hors intersection,Temps couvert,Sans collision,,,,,,,,,,,1,1,1,8,7
200800030172,0008-06-21 08:30:00,8,6,21,8,30,70,267,,44.88,4.261,Plein jour,Hors agglomération,Hors intersection,Normale,Autre collision,,,,,,,,,,,1,1,1,1,6