accident_id,datetime,annee,mois,jour,heure,minute,departement,commune_insee,adresse,latitude,longitude,luminosite,agglomeration,intersection,meteo,collision,nb_vehicules,nb_usagers,nb_indemnes,nb_tues,nb_blesses_hosp,nb_blesses_legers,age_cond_1,age_cond_2,veh_type_cond_1,veh_type_cond_2,lum_code,agg_code,int_code,atm_code,col_code
200800030884,0008-06-09 14:45:00,8,6,9,14,45,910,511,,,,Plein jour,Hors agglomération,Hors intersection,Normale,Autre collision,,,,,,,,,,,1,1,1,1,6
200800030885,0008-06-02 07:15:00,8,6,2,7,15,910,534,Rond point du Christ,,,Plein jour,En agglomération,Giratoire,Normale,Deux véhicules - côté,,,,,,,,,,,1,2,6,1,3
200800030886,0008-06-27 18:15:00,8,6,27,18,15,910,666,rue de l'oceanie,,,Plein jour,En agglomération,Hors intersection,Normale,Sans collision,,,,,,,,,,,1,2,1,1,7
200800030887,0008-06-01 00:01:00,8,6,1,0,1,910,461,ROUTE D ARPAJON,48.593,2.223,Nuit avec éclairage allumé,En agglomération,Hors intersection,Normale,Autre collision,,,,,,,,,,,5,2,1,1,6
200800030888,0008-06-26 13:15:00,8,6,26,13,15,910,376,Rue de la gare,48.569,2.293,Plein jour,En agglomération,Intersection en T,Normale,Deux véhicules - côté,,,,,,,,,,,1,2,3,1,3
200800030889,0008-06-29 15:00:00,8,6,29,15,0,910,579,,48.541,2.318,Plein jour,Hors agglomération,Hors intersection,Normale,Deux véhicules - arrière,,,,,,,,,,,1,1,1,1,2
200800030890,0008-06-15 11:00:00,8,6,15,11,0,910,319,,48.648,2.171,Plein jour,Hors agglomération,Hors intersection,Temps couvert,Deux véhicules - frontale,,,,,,,,,,,1,1,1,8,1
200800030891,0008-06-25 14:30:00,8,6,25,14,30,910,338,avenue de la gare,48.648,2.076,Plein jour,En agglomération,Giratoire,Normale,Deux véhicules - frontale,,,,,,,,,,,1,2,6,1,1
200800030892,0008-06-25 00:15:00,8,6,25,0,15,910,272,,,,Nuit avec éclairage allumé,En agglomération,Hors intersection,Normale,Sans collision,,,,,,,,,,,5,2,1,1,7
200800030893,0008-06-02 00:45:00,8,6,2,0,45,910,274,,,,Nuit sans éclairage public,Hors agglomération,Hors intersection,Normale,Deux véhicules - côté,,,,,,,,,,,3,1,1,1,3
200800030894,0008-06-01 19:00:00,8,6,1,19,0,950,355,,49.152,1.793,Plein jour,Hors agglomération,Hors intersection,Normale,Deux véhicules - frontale,,,,,,,,,,,1,1,1,1,1
200800030895,0008-06-01 12:45:00,8,6,1,12,45,950,308,,,,Plein jour,Hors agglomération,Giratoire,Normale,Deux véhicules - côté,,,,,,,,,,,1,1,6,1,3
200800030896,0008-06-03 12:30:00,8,6,3,12,30,950,170,,,,Plein jour,Hors agglomération,Hors intersection,Normale,Deux véhicules - côté,,,,,,,,,,,1,1,1,1,3
200800030897,0008-06-10 16:15:00,8,6,10,16,15,950,199,avenue Jean Jaures,49.034,2.334,Plein jour,En agglomération,Hors intersection,Normale,Deux véhicules - côté,,,,,,,,,,,1,2,1,1,3
200800030898,0008-06-01 01:00:00,8,6,1,1,0,950,351,,49.034,2.502,Nuit sans éclairage public,Hors agglomération,Giratoire,Brouillard / fumée,Sans collision,,,,,,,,,,,3,1,6,5,7
200800030899,0008-06-01 02:00:00,8,6,1,2,0,950,641,,49.07,2.558,Nuit sans éclairage public,Hors agglomération,Hors intersection,Brouillard / fumée,Sans collision,,,,,,,,,,,3,1,1,5,7
200800030900,0008-06-19 07:45:00,8,6,19,7,45,770,4,,,,Plein jour,Hors agglomération,Hors intersection,Normale,Sans collision,,,,,,,,,,,1,1,1,1,7
200800030901,0008-06-20 13:45:00,8,6,20,13,45,770,107,,,,Plein jour,Hors agglomération,Hors intersection,Normale,Autre collision,,,,,,,,,,,1,1,1,1,6
200800030902,0008-06-11 21:00:00,8,6,11,21,0,770,505,,48.923,2.984,Plein jour,Hors agglomération,Hors intersection,Normale,Autre collision,,,,,,,,,,,1,1,1,1,6
200800030903,0008-06-13 07:45:00,8,6,13,7,45,770,415,,,,Plein jour,Hors agglomération,Hors intersection,Normale,Deux véhicules - arrière,,,,,,,,,,,1,1,1,1,2
200800030904,0008-06-25 12:45:00,8,6,25,12,45,770,238,1 residence bicetre,48.93,3.124,Plein jour,En agglomération,Hors intersection,Normale,Trois véhicules et plus - collisions multiples,,,,,,,,,,,1,2,1,1,5
200800030905,0008-06-12 15:15:00,8,6,12,15,15,770,31,,48.677,2.961,Plein jour,Hors agglomération,Hors intersection,Normale,Deux véhicules - côté,,,,,,,,,,,1,1,1,1,3
200800030906,0008-06-12 17:30:00,8,6,12,17,30,770,192,27 avenue Pasteur,48.708,2.869,Plein jour,En agglomération,Hors intersection,Normale,Deux véhicules - frontale,,,,,,,,,,,1,2,1,1,1
200800030907,0008-06-13 21:15:00,8,6,13,21,15,770,264,,48.749,2.959,Crépuscule ou aube,Hors agglomération,Hors intersection,Normale,Sans collision,,,,,,,,,,,2,1,1,1,7
200800030908,0008-06-13 06:30:00,8,6,13,6,30,770,112,,48.253,2.599,Plein jour,Hors agglomération,Hors intersection,Normale,Autre collision,,,,,,,,,,,1,1,1,1,6
200800030909,0008-06-08 15:15:00,8,6,8,15,15,770,370,,48.26,2.73,Plein jour,Hors agglomération,Hors intersection,Normale,Autre collision,,,,,,,,,,,1,1,1,1,6
200800030910,0008-06-29 03:30:00,8,6,29,3,30,770,392,,49.074,2.714,Nuit sans éclairage public,Hors agglomération,Hors intersection,Normale,Sans collision,,,,,,,,,,,3,1,1,1,7
200800030911,0008-06-29 14:00:00,8,6,29,14,0,770,153,rue de la justice,49.059,2.676,Plein jour,En agglomération,Hors intersection,Normale,Autre collision,,,,,,,,,,,1,2,1,1,6
200800030912,0008-06-18 09:00:00,8,6,18,9,0,770,196,,48.952,2.724,Plein jour,Hors agglomération,Hors intersection,Normale,Deux véhicules - arrière,,,,,,,,,,,1,1,1,1,2
200800030913,0008-06-22 11:00:00,8,6,22,11,0,770,308,,49.03,2.768,Plein jour,Hors agglomération,Hors intersection,Normale,Deux véhicules - côté,,,,,,,,,,,1,1,1,1,3
200800030914,0008-06-16 18:30:00,8,6,16,18,30,770,109,,48.656,3.218,Plein jour,Hors agglomération,Hors intersection,Normale,Deux véhicules - côté,,,,,,,,,,,1,1,1,1,3
200800030915,0008-06-15 11:00:00,8,6,15,11,0,770,66,,48.696,3.346,Plein jour,Hors agglomération,Hors intersection,Normale,Trois véhicules et plus - en chaîne,,,,,,,,,,,1,1,1,1,4
200800030916,0008-06-28 11:30:00,8,6,28,11,30,770,167,,48.445,3.113,Plein jour,Hors agglomération,Hors intersection,Normale,Deux véhicules - frontale,,,,,,,,,,,1,1,1,1,1
200800030917,0008-06-08 20:45:00,8,6,8,20,45,450,46,Rond-Point de la BA 123,,,Plein jour,En agglomération,Giratoire,Normale,Autre collision,,,,,,,,,,,1,2,6,1,6
200800030918,0008-06-25 11:30:00,8,6,25,11,30,450,46,,,,Plein jour,Hors agglomération,Hors intersection,Normale,Deux véhicules - frontale,,,,,,,,,,,1,1,1,1,1
200800030919,0008-06-02 18:45:00,8,6,2,18,45,450,98,,47.846,1.79,Plein jour,Hors agglomération,Hors intersection,Normale,Autre collision,,,,,,,,,,,1,1,1,1,6
200800030920,0008-06-20 09:15:00,8,6,20,9,15,450,146,,,,Plein jour,Hors agglomération,Hors intersection,Normale,Deux véhicules - frontale,,,,,,,,,,,1,1,1,1,1
200800030921,0008-06-01 16:15:00,8,6,1,16,15,450,144,,47.825,2.093,Plein jour,Hors agglomération,Hors intersection,Normale,Sans collision,,,,,,,,,,,1,1,1,1,7
200800030922,0008-06-19 18:00:00,8,6,19,18,0,450,173,+ CD951 et rue du 20/08,,,Plein jour,En agglomération,Hors intersection,Normale,Autre collision,,,,,,,,,,,1,2,1,1,6
200800030923,0008-06-21 20:15:00,8,6,21,20,15,450,173,,,,Plein jour,Hors agglomération,Hors intersection,Normale,Deux véhicules - côté,,,,,,,,,,,1,1,1,1,3
200800030924,0008-06-22 06:45:00,8,6,22,6,45,450,6,,47.819,1.877,Crépuscule ou aube,Hors agglomération,Hors intersection,Pluie forte,Autre collision,,,,,,,,,,,2,1,1,3,6
200800030925,0008-06-30 21:00:00,8,6,30,21,0,450,19,,47.858,1.617,Crépuscule ou aube,Hors agglomération,Hors intersection,Normale,Deux véhicules - frontale,,,,,,,,,,,2,1,1,1,1
200800030926,0008-06-04 10:15:00,8,6,4,10,15,450,195,,48.106,2.166,Plein jour,Hors agglomération,Hors intersection,Normale,Trois véhicules et plus - collisions multiples,,,,,,,,,,,1,1,1,1,5
200800030927,0008-06-22 22:00:00,8,6,22,22,0,450,188,367 rue du 17 juin 1940,,,Nuit avec éclairage allumé,En agglomération,Hors intersection,Normale,Deux véhicules - côté,,,,,,,,,,,5,2,1,1,3
200800030928,0008-06-24 21:00:00,8,6,24,21,0,450,254,,47.697,2.556,Plein jour,Hors agglomération,Hors intersection,Normale,Autre collision,,,,,,,,,,,1,1,1,1,6
200800030929,0008-06-19 14:00:00,8,6,19,14,0,450,53,boulevard buyser,,,Plein jour,En agglomération,Hors intersection,Normale,Deux véhicules - frontale,,,,,,,,,,,1,2,1,1,1
200800030930,0008-06-23 17:15:00,8,6,23,17,15,450,184,route de gien,,,Plein jour,En agglomération,Hors intersection,Normale,Autre collision,,,,,,,,,,,1,2,1,1,6
200800030931,0008-06-11 17:30:00,8,6,11,17,30,450,345,,,,Plein jour,Hors agglomération,Hors intersection,Normale,Deux véhicules - côté,,,,,,,,,,,1,1,1,1,3
200800030932,0008-06-13 07:30:00,8,6,13,7,30,450,306,rue du Bourg,48.01,2.89,Plein jour,En agglomération,Hors intersection,Normale,Sans collision,,,,,,,,,,,1,2,1,1,7
200800030933,0008-06-08 15:30:00,8,6,8,15,30,450,332,,47.89,2.516,Plein jour,Hors agglomération,Hors intersection,Normale,Autre collision,,,,,,,,,,,1,1,1,1,6
200800030934,0008-06-22 12:45:00,8,6,22,12,45,450,239,,,,Plein jour,Hors agglomération,Hors intersection,Normale,Autre collision,,,,,,,,,,,1,1,1,1,6
200800030935,0008-06-26 18:15:00,8,6,26,18,15,450,239,,,,Plein jour,Hors agglomération,Hors intersection,Normale,Deux véhicules - frontale,,,,,,,,,,,1,1,1,1,1
200800030936,0008-06-11 13:15:00,8,6,11,13,15,450,191,rue St Guillaume,,,Plein jour,En agglomération,Hors intersection,Normale,Sans collision,,,,,,,,,,,1,2,1,1,7
200800030937,0008-06-30 07:15:00,8,6,30,7,15,450,258,,48.192,2.466,Plein jour,Hors agglomération,Hors intersection,Normale,Deux véhicules - frontale,,,,,,,,,,,1,1,1,1,1
200800030938,0008-06-04 15:15:00,8,6,4,15,15,180,120,,47.139,2.943,Plein jour,Hors agglomération,Hors intersection,Normale,Sans collision,,,,,,,,,,,1,1,1,1,7
200800030939,0008-06-12 16:15:00,8,6,12,16,15,180,274,,,,Plein jour,Hors agglomération,Hors intersection,Pluie forte,Deux véhicules - frontale,,,,,,,,,,,1,1,1,3,1
200800030940,0008-06-27 21:15:00,8,6,27,21,15,180,258,,,,Plein jour,Hors agglomération,Hors intersection,Normale,Autre collision,,,,,,,,,,,1,1,1,1,6
200800030941,0008-06-14 15:45:00,8,6,14,15,45,180,183,,46.809,2.655,Plein jour,Hors agglomération,Hors intersection,Normale,Autre collision,,,,,,,,,,,1,1,1,1,6
200800030942,0008-06-20 16:00:00,8,6,20,16,0,180,21,,,,Plein jour,Hors agglomération,Hors intersection,Normale,Deux véhicules - frontale,,,,,,,,,,,1,1,1,1,1
200800030943,0008-06-23 20:15:00,8,6,23,20,15,180,91,,46.775,2.424,Crépuscule ou aube,Hors agglomération,Hors intersection,Normale,Autre collision,,,,,,,,,,,2,1,1,1,6
200800030944,0008-06-24 17:00:00,8,6,24,17,0,180,254,,47.053,2.45,Plein jour,Hors agglomération,Hors intersection,Normale,Sans collision,,,,,,,,,,,1,1,1,1,7
200800030945,0008-06-06 08:45:00,8,6,6,8,45,180,242,,46.848,2.912,Plein jour,Hors agglomération,Intersection en X,Pluie légère,Deux véhicules - côté,,,,,,,,,,,1,1,2,2,3
200800030946,0008-06-23 18:45:00,8,6,23,18,45,180,108,Rue Henri Barbusse,,,Plein jour,En agglomération,Hors intersection,Normale,Autre collision,,,,,,,,,,,1,2,1,1,6
200800030947,0008-06-09 15:15:00,8,6,9,15,15,180,165,route de Bourges,47.318,2.258,Plein jour,En agglomération,Passage à niveau,Normale,Autre collision,,,,,,,,,,,1,2,8,1,6
200800030948,0008-06-25 08:15:00,8,6,25,8,15,280,350,,48.459,1.277,Plein jour,Hors agglomération,Hors intersection,Normale,Deux véhicules - arrière,,,,,,,,,,,1,1,1,1,2
200800030949,0008-06-01 11:00:00,8,6,1,11,0,280,298,,48.596,1.551,Plein jour,Hors agglomération,Intersection en Y,Normale,Deux véhicules - frontale,,,,,,,,,,,1,1,4,1,1
200800030950,0008-06-17 16:30:00,8,6,17,16,30,280,391,,48.199,1.934,Plein jour,Hors agglomération,Intersection en X,Normale,Deux véhicules - côté,,,,,,,,,,,1,1,2,1,3
200800030951,0008-06-21 20:00:00,8,6,21,20,0,280,88,rue du Gue Vaslin,,,Plein jour,En agglomération,Hors intersection,Normale,Sans collision,,,,,,,,,,,1,2,1,1,7
200800030952,0008-06-14 17:15:00,8,6,14,17,15,280,98,CD 308 - Rue des Forts,48.747,1.422,Plein jour,En agglomération,Hors intersection,Normale,Deux véhicules - côté,,,,,,,,,,,1,2,1,1,3
200800030953,0008-06-30 10:45:00,8,6,30,10,45,280,308,,48.705,1.15,Plein jour,Hors agglomération,Hors intersection,Normale,Deux véhicules - frontale,,,,,,,,,,,1,1,1,1,1
200800030954,0008-06-17 16:30:00,8,6,17,16,30,280,372,14 rue de la Muette,,,Plein jour,En agglomération,Hors intersection,Normale,Deux véhicules - frontale,,,,,,,,,,,1,2,1,1,1
200800030955,0008-06-10 15:00:00,8,6,10,15,0,360,142,Route de SAINT-MAUR,,,Plein jour,En agglomération,Hors intersection,Normale,Autre collision,,,,,,,,,,,1,2,1,1,6
200800030956,0008-06-17 12:15:00,8,6,17,12,15,360,64,,,,Plein jour,Hors agglomération,Hors intersection,Normale,Deux véhicules - arrière,,,,,,,,,,,1,1,1,1,2
200800030957,0008-06-19 14:00:00,8,6,19,14,0,360,9,,46.702,1.706,Plein jour,Hors agglomération,Hors intersection,Normale,Autre collision,,,,,,,,,,,1,1,1,1,6
200800030958,0008-06-28 17:00:00,8,6,28,17,0,360,161,,,,Plein jour,Hors agglomération,Hors intersection,Normale,Deux véhicules - côté,,,,,,,,,,,1,1,1,1,3
200800030959,0008-06-27 08:00:00,8,6,27,8,0,360,194,,46.914,1.343,Plein jour,Hors agglomération,Intersection en X,Normale,Deux véhicules - côté,,,,,,,,,,,1,1,2,1,3
200800030960,0008-06-30 11:00:00,8,6,30,11,0,360,232,,46.837,1.352,Plein jour,Hors agglomération,Hors intersection,Normale,Deux véhicules - frontale,,,,,,,,,,,1,1,1,1,1
200800030961,0008-06-04 16:45:00,8,6,4,16,45,360,18,rue Pierre Mendes France,46.636,1.082,Plein jour,En agglomération,Hors intersection,Normale,Trois véhicules et plus - en chaîne,,,,,,,,,,,1,2,1,1,4
200800030962,0008-06-28 11:15:00,8,6,28,11,15,360,240,,,,Plein jour,Hors agglomération,Hors intersection,Normale,Sans collision,,,,,,,,,,,1,1,1,1,7
200800030963,0008-06-29 20:00:00,8,6,29,20,0,360,60,,46.482,1.94,Plein jour,Hors agglomération,Hors intersection,Normale,Deux véhicules - côté,,,,,,,,,,,1,1,1,1,3
200800030964,0008-06-08 14:15:00,8,6,8,14,15,360,88,rue des fosses de vilatt,,,Plein jour,En agglomération,Hors intersection,Normale,Sans collision,,,,,,,,,,,1,2,1,1,7
200800030965,0008-06-20 11:30:00,8,6,20,11,30,370,3,quai general de gaulle,47.417,0.983,Plein jour,En agglomération,Hors intersection,Normale,Deux véhicules - arrière,,,,,,,,,,,1,2,1,1,2
200800030966,0008-06-25 14:00:00,8,6,25,14,0,370,138,,47.394,0.909,Plein jour,Hors agglomération,Intersection en X,Normale,Deux véhicules - côté,,,,,,,,,,,1,1,2,1,3
200800030967,0008-06-13 12:15:00,8,6,13,12,15,370,249,,,,Plein jour,En agglomération,Autre intersection,Normale,Deux véhicules - frontale,,,,,,,,,,,1,2,9,1,1
200800030968,0008-06-11 18:15:00,8,6,11,18,15,370,169,,47.625,0.932,Plein jour,Hors agglomération,Hors intersection,Normale,Deux véhicules - arrière,,,,,,,,,,,1,1,1,1,2
200800030969,0008-06-23 19:30:00,8,6,23,19,30,370,10,,,,Plein jour,Hors agglomération,Hors intersection,Normale,Deux véhicules - côté,,,,,,,,,,,1,1,1,1,3
200800030970,0008-06-02 18:00:00,8,6,2,18,0,370,11,,,,Plein jour,Hors agglomération,Hors intersection,Temps couvert,Deux véhicules - frontale,,,,,,,,,,,1,1,1,8,1
200800030971,0008-06-11 15:45:00,8,6,11,15,45,370,82,,47.361,0.274,Plein jour,Hors agglomération,Intersection en X,Normale,Deux véhicules - côté,,,,,,,,,,,1,1,2,1,3
200800030972,0008-06-27 21:00:00,8,6,27,21,0,370,31,,47.279,0.184,Plein jour,Hors agglomération,Hors intersection,Normale,Deux véhicules - frontale,,,,,,,,,,,1,1,1,1,1
200800030973,0008-06-27 18:30:00,8,6,27,18,30,370,72,quai Jeanne d'Arc,,,Plein jour,En agglomération,Hors intersection,Normale,Autre collision,,,,,,,,,,,1,2,1,1,6
200800030974,0008-06-17 07:45:00,8,6,17,7,45,370,173,,,,Plein jour,Hors agglomération,Hors intersection,Normale,Deux véhicules - frontale,,,,,,,,,,,1,1,1,1,1
200800030975,0008-06-16 13:00:00,8,6,16,13,0,370,192,,47.231,0.918,Plein jour,En agglomération,Hors intersection,Normale,Deux véhicules - côté,,,,,,,,,,,1,2,1,1,3
200800030976,0008-06-22 20:00:00,8,6,22,20,0,370,98,,47.063,0.617,Plein jour,Hors agglomération,Hors intersection,Normale,Autre collision,,,,,,,,,,,1,1,1,1,6
200800030977,0008-06-21 07:45:00,8,6,21,7,45,410,45,,47.494,1.234,Plein jour,Hors agglomération,Hors intersection,Normale,Deux véhicules - frontale,,,,,,,,,,,1,1,1,1,1
200800030978,0008-06-26 17:30:00,8,6,26,17,30,410,128,,,,Plein jour,Hors agglomération,Hors intersection,Normale,Deux véhicules - côté,,,,,,,,,,,1,1,1,1,3
200800030979,0008-06-29 05:30:00,8,6,29,5,30,410,128,,,,Crépuscule ou aube,Hors agglomération,Hors intersection,Normale,Deux véhicules - côté,,,,,,,,,,,2,1,1,1,3
200800030980,0008-06-03 18:00:00,8,6,3,18,0,410,85,,,,Plein jour,Hors agglomération,Hors intersection,Normale,Sans collision,,,,,,,,,,,1,1,1,1,7
200800030981,0008-06-22 16:45:00,8,6,22,16,45,410,220,CD 951 AU PK 09,,,Plein jour,En agglomération,Hors intersection,Normale,Deux véhicules - frontale,,,,,,,,,,,1,2,1,1,1
200800030982,0008-06-22 02:30:00,8,6,22,2,30,410,2,,,,Nuit sans éclairage public,Hors agglomération,Hors intersection,Normale,Autre collision,,,,,,,,,,,3,1,1,1,6
200800030983,0008-06-23 20:30:00,8,6,23,20,30,410,257,,,,Plein jour,Hors agglomération,Hors intersection,Normale,Deux véhicules - frontale,,,,,,,,,,,1,1,1,1,1
200800030984,0008-06-28 20:45:00,8,6,28,20,45,410,80,rue de la Plage,,,Plein jour,En agglomération,Hors intersection,Normale,Autre collision,,,,,,,,,,,1,2,1,1,6
200800030985,0008-06-26 17:30:00,8,6,26,17,30,410,139,route de fontguenand,,,Plein jour,En agglomération,Intersection en X,Normale,Deux véhicules - côté,,,,,,,,,,,1,2,2,1,3
200800030986,0008-06-30 21:00:00,8,6,30,21,0,410,151,,47.347,1.187,Crépuscule ou aube,En agglomération,Hors intersection,Normale,Deux véhicules - côté,,,,,,,,,,,2,2,1,1,3
200800030987,0008-06-06 22:45:00,8,6,6,22,45,410,249,,47.459,2.201,Nuit sans éclairage public,Hors agglomération,Hors intersection,Normale,Sans collision,,,,,,,,,,,3,1,1,1,7
200800030988,0008-06-23 21:30:00,8,6,23,21,30,410,131,,47.82,0.957,Plein jour,Hors agglomération,Hors intersection,Normale,Autre collision,,,,,,,,,,,1,1,1,1,6
200800030989,0008-06-02 12:00:00,8,6,2,12,0,410,143,,,,Plein jour,En agglomération,Hors intersection,Normale,Deux véhicules - frontale,,,,,,,,,,,1,2,1,1,1
200800030990,0008-06-03 10:15:00,8,6,3,10,15,290,297,,,,Plein jour,Hors agglomération,Hors intersection,Normale,Deux véhicules - frontale,,,,,,,,,,,1,1,1,1,1
200800030991,0008-06-11 09:45:00,8,6,11,9,45,290,293,Rue de Concarneau,,,Plein jour,En agglomération,Hors intersection,Normale,Autre collision,,,,,,,,,,,1,2,1,1,6
200800030992,0008-06-23 09:00:00,8,6,23,9,0,290,153,,47.838,-3.8,Plein jour,Hors agglomération,Hors intersection,Normale,Deux véhicules - côté,,,,,,,,,,,1,1,1,1,3
200800030993,0008-06-13 01:30:00,8,6,13,1,30,130,33,,43.358,5.176,Nuit sans éclairage public,Hors agglomération,Hors intersection,Normale,Deux véhicules - côté,,,,,,,,,,,3,1,1,1,3
200800030994,0008-06-21 12:15:00,8,6,21,12,15,130,88,,43.368,5.268,Plein jour,Hors agglomération,Hors intersection,Normale,Deux véhicules - arrière,,,,,,,,,,,1,1,1,1,2
200800030995,0008-06-29 03:00:00,8,6,29,3,0,130,104,,,,Nuit sans éclairage public,Hors agglomération,Hors intersection,Normale,Deux véhicules - côté,,,,,,,,,,,3,1,1,1,3
200800030996,0008-06-24 15:30:00,8,6,24,15,30,130,21,route bleue,43.339,5.175,Plein jour,En agglomération,Hors intersection,Normale,Deux véhicules - frontale,,,,,,,,,,,1,2,1,1,1
200800030997,0008-06-12 20:00:00,8,6,12,20,0,950,214,RD316,,,Plein jour,En agglomération,Hors intersection,Pluie légère,Deux véhicules - frontale,,,,,,,,,,,1,2,1,2,1
200800030998,0008-06-13 08:45:00,8,6,13,8,45,330,199,,44.577,-1.062,Plein jour,Hors agglomération,Hors intersection,Normale,Deux véhicules - frontale,,,,,,,,,,,1,1,1,1,1
200800030999,0008-06-25 07:45:00,8,6,25,7,45,870,63,,,,Plein jour,Hors agglomération,Intersection en X,Normale,Trois véhicules et plus - collisions multiples,,,,,,,,,,,1,1,2,1,5
200800031000,0008-06-14 16:45:00,8,6,14,16,45,210,473,,,,Plein jour,Hors agglomération,Hors intersection,Normale,Deux véhicules - côté,,,,,,,,,,,1,1,1,1,3
200800031001,0008-06-27 01:00:00,8,6,27,1,0,130,25,,,,Nuit sans éclairage public,Hors agglomération,Autre intersection,Normale,Autre collision,,,,,,,,,,,3,1,9,1,6
200800031002,0008-06-09 18:45:00,8,6,9,18,45,470,21,,,,Plein jour,Hors agglomération,Hors intersection,Normale,Autre collision,,,,,,,,,,,1,1,1,1,6
200800031003,0008-06-10 08:00:00,8,6,10,8,0,470,102,,44.052,0.42,Crépuscule ou aube,Hors agglomération,Hors intersection,Normale,Sans collision,,,,,,,,,,,2,1,1,1,7
200800031004,0008-06-17 14:30:00,8,6,17,14,30,470,143,,44.194,0.322,Plein jour,Hors agglomération,Hors intersection,Pluie forte,Deux véhicules - frontale,,,,,,,,,,,1,1,1,3,1
200800031005,0008-06-17 01:15:00,8,6,17,1,15,470,174,,44.076,0.371,Nuit sans éclairage public,Hors agglomération,Hors intersection,Normale,Sans collision,,,,,,,,,,,3,1,1,1,7
200800031006,0008-06-19 12:45:00,8,6,19,12,45,470,195,,44.107,0.357,Plein jour,Hors agglomération,Hors intersection,Normale,Deux véhicules - frontale,,,,,,,,,,,1,1,1,1,1
200800031007,0008-06-20 19:00:00,8,6,20,19,0,340,134,rue de la prade,,,Plein jour,En agglomération,Hors intersection,Normale,Deux véhicules - frontale,,,,,,,,,,,1,2,1,1,1
200800031008,0008-06-30 09:00:00,8,6,30,9,0,340,202,,43.589,3.779,Plein jour,Hors agglomération,Intersection en T,Normale,Deux véhicules - côté,,,,,,,,,,,1,1,3,1,3
200800031009,0008-06-09 19:45:00,8,6,9,19,45,110,68,RD6113,43.192,2.559,Plein jour,En agglomération,Hors intersection,Normale,Deux véhicules - frontale,,,,,,,,,,,1,2,1,1,1
200800031010,0008-06-26 17:00:00,8,6,26,17,0,230,140,,45.943,2.193,Plein jour,Hors agglomération,Hors intersection,Normale,Deux véhicules - côté,,,,,,,,,,,1,1,1,1,3
200800031011,0008-06-16 13:30:00,8,6,16,13,30,780,349,,,,Crépuscule ou aube,Hors agglomération,Hors intersection,Normale,Autre collision,,,,,,,,,,,2,1,1,1,6
200800031012,0008-06-21 10:45:00,8,6,21,10,45,370,50,125 Avenue du Grand Sud,47.338,0.707,Plein jour,En agglomération,Hors intersection,Normale,Deux véhicules - arrière,,,,,,,,,,,1,2,1,1,2
200800031013,0008-06-27 18:30:00,8,6,27,18,30,290,140,,48.411,-4.297,Plein jour,Hors agglomération,Hors intersection,Normale,Trois véhicules et plus - collisions multiples,,,,,,,,,,,1,1,1,1,5
200800031014,0008-06-14 23:00:00,8,6,14,23,0,330,229,Allee BERTHOUD,,,Nuit avec éclairage allumé,En agglomération,Intersection en T,Normale,Deux véhicules - côté,,,,,,,,,,,5,2,3,1,3
200800031015,0008-06-15 18:00:00,8,6,15,18,0,890,208,,,,Plein jour,Hors agglomération,Hors intersection,Normale,Sans collision,,,,,,,,,,,1,1,1,1,7
200800031016,0008-06-21 03:45:00,8,6,21,3,45,620,355,,50.338,2.92,Nuit avec éclairage allumé,Hors agglomération,Hors intersection,Normale,Autre collision,,,,,,,,,,,5,1,1,1,6
200800031017,0008-06-01 18:00:00,8,6,1,18,0,800,521,,49.976,2.864,Plein jour,Hors agglomération,Hors intersection,Normale,Autre collision,,,,,,,,,,,1,1,1,1,6
200800031018,0008-06-02 23:00:00,8,6,2,23,0,800,307,,,,Nuit sans éclairage public,Hors agglomération,Hors intersection,Normale,Autre collision,,,,,,,,,,,3,1,1,1,6
200800031019,0008-06-11 12:30:00,8,6,11,12,30,800,33,,,,Plein jour,Hors agglomération,Hors intersection,Normale,Sans collision,,,,,,,,,,,1,1,1,1,7
200800031020,0008-06-07 04:00:00,8,6,7,4,0,710,550,,,,Nuit sans éclairage public,Hors agglomération,Hors intersection,Pluie légère,Deux véhicules - arrière,,,,,,,,,,,3,1,1,2,2
200800031021,0008-06-09 15:15:00,8,6,9,15,15,710,497,,,,Plein jour,Hors agglomération,Hors intersection,Normale,Sans collision,,,,,,,,,,,1,1,1,1,7
200800031022,0008-06-19 11:00:00,8,6,19,11,0,710,270,,,,Plein jour,Hors agglomération,Hors intersection,Normale,Deux véhicules - arrière,,,,,,,,,,,1,1,1,1,2
200800031023,0008-06-01 09:30:00,8,6,1,9,30,890,196,,,,Plein jour,Hors agglomération,Hors intersection,Normale,Autre collision,,,,,,,,,,,1,1,1,1,6
200800031024,0008-06-22 16:00:00,8,6,22,16,0,130,67,,,,Plein jour,Hors agglomération,Hors intersection,Normale,Autre collision,,,,,,,,,,,1,1,1,1,6
200800031025,0008-06-28 09:30:00,8,6,28,9,30,130,114,,,,Plein jour,Hors agglomération,Hors intersection,Normale,Deux véhicules - arrière,,,,,,,,,,,1,1,1,1,2