accident_id,datetime,annee,mois,jour,heure,minute,departement,commune_insee,adresse,latitude,longitude,luminosite,agglomeration,intersection,meteo,collision,nb_vehicules,nb_usagers,nb_indemnes,nb_tues,nb_blesses_hosp,nb_blesses_legers,age_cond_1,age_cond_2,veh_type_cond_1,veh_type_cond_2,lum_code,agg_code,int_code,atm_code,col_code
200800031304,0008-06-03 12:20:00,8,6,3,12,20,60,69,"x, PEGOMAS (ROUTE DE)",,,Plein jour,En agglomération,Hors intersection,Normale,Deux véhicules - frontale,,,,,,,,,,,1,2,1,1,1
200800031305,0008-06-03 21:00:00,8,6,3,21,0,60,69,"x, MERCIER (AVENUE DU CO",,,Plein jour,En agglomération,Intersection en T,Normale,Deux véhicules - côté,,,,,,,,,,,1,2,3,1,3
200800031306,0008-06-04 05:15:00,8,6,4,5,15,60,69,"x, PLASCASSIER (route de",,,Crépuscule ou aube,En agglomération,Hors intersection,Normale,Sans collision,,,,,,,,,,,2,2,1,1,7
200800031307,0008-06-05 11:15:00,8,6,5,11,15,60,69,"8, CARNOT (BOULEVARD ET",,,Plein jour,En agglomération,Hors intersection,Normale,Autre collision,,,,,,,,,,,1,2,1,1,6
200800031308,0008-06-06 14:00:00,8,6,6,14,0,60,69,"66, POMPIDOU (AVENUE GEO",,,Plein jour,En agglomération,Hors intersection,Normale,Deux véhicules - côté,,,,,,,,,,,1,2,1,1,3
200800031309,0008-06-06 17:15:00,8,6,6,17,15,60,69,"177, SAINT MATHIEU (ROUT",,,Plein jour,En agglomération,Hors intersection,Normale,Deux véhicules - frontale,,,,,,,,,,,1,2,1,1,1
200800031310,0008-06-09 22:55:00,8,6,9,22,55,60,69,"22, PLASCASSIER (route d",,,Nuit avec éclairage allumé,En agglomération,Hors intersection,Normale,Sans collision,,,,,,,,,,,5,2,1,1,7
200800031311,0008-06-10 18:15:00,8,6,10,18,15,60,69,"1bis, CARNOT (BOULEVARD",,,Plein jour,En agglomération,Hors intersection,Normale,Deux véhicules - arrière,,,,,,,,,,,1,2,1,1,2
200800031312,0008-06-11 16:30:00,8,6,11,16,30,60,69,"152, CANNES (ROUTE DE)",,,Plein jour,En agglomération,Hors intersection,Normale,Deux véhicules - arrière,,,,,,,,,,,1,2,1,1,2
200800031313,0008-06-12 08:10:00,8,6,12,8,10,60,69,"x, CHENES (CHEMIN DES)",,,Plein jour,En agglomération,Hors intersection,Normale,Sans collision,,,,,,,,,,,1,2,1,1,7
200800031314,0008-06-12 08:45:00,8,6,12,8,45,60,69,"80, ROUREE (CHEMIN DE LA",,,Plein jour,En agglomération,Hors intersection,Normale,Sans collision,,,,,,,,,,,1,2,1,1,7
200800031315,0008-06-13 15:05:00,8,6,13,15,5,60,69,"36, PLAN (ROUTE DU) -D30",,,Plein jour,En agglomération,Hors intersection,Normale,Deux véhicules - côté,,,,,,,,,,,1,2,1,1,3
200800031316,0008-06-16 17:45:00,8,6,16,17,45,60,69,"137, KENNEDY (BOULEVARD",,,Plein jour,En agglomération,Hors intersection,Normale,Sans collision,,,,,,,,,,,1,2,1,1,7
200800031317,0008-06-14 12:00:00,8,6,14,12,0,60,69,"2, LIONS (AVENUE HONORE)",,,Plein jour,En agglomération,Hors intersection,Normale,Sans collision,,,,,,,,,,,1,2,1,1,7
200800031318,0008-06-19 08:55:00,8,6,19,8,55,60,69,"67, MAUPASSANT (AVENUE G",,,Plein jour,En agglomération,Hors intersection,Normale,Sans collision,,,,,,,,,,,1,2,1,1,7
200800031319,0008-06-19 14:40:00,8,6,19,14,40,60,69,"2, CANNES (ROUTE DE)  -R",,,Plein jour,En agglomération,Hors intersection,Normale,Trois véhicules et plus - en chaîne,,,,,,,,,,,1,2,1,1,4
200800031320,0008-06-20 18:40:00,8,6,20,18,40,60,69,"x, PAGNOL (BOULEVARD MAR",,,Plein jour,En agglomération,Hors intersection,Normale,Deux véhicules - côté,,,,,,,,,,,1,2,1,1,3
200800031321,0008-06-22 03:20:00,8,6,22,3,20,60,69,"76, TASSIGNY (AVENUE DEL",,,Nuit avec éclairage allumé,En agglomération,Hors intersection,Normale,Sans collision,,,,,,,,,,,5,2,1,1,7
200800031322,0008-06-26 08:10:00,8,6,26,8,10,60,69,"44, DUNANT (AVENUE HENRI",,,Plein jour,En agglomération,Hors intersection,Normale,Deux véhicules - frontale,,,,,,,,,,,1,2,1,1,1
200800031323,0008-06-27 08:55:00,8,6,27,8,55,60,69,"x, RENOIR (AVENUE AUGUST",,,Plein jour,En agglomération,Intersection en T,Normale,Deux véhicules - côté,,,,,,,,,,,1,2,3,1,3
200800031324,0008-06-27 12:00:00,8,6,27,12,0,60,69,"113, DRAGUIGNAN (ROUTE D",,,Plein jour,En agglomération,Hors intersection,Normale,Deux véhicules - côté,,,,,,,,,,,1,2,1,1,3
200800031325,0008-06-27 17:35:00,8,6,27,17,35,60,69,"x, POMPIDOU (AVENUE GEOR",,,Plein jour,En agglomération,Intersection en X,Normale,Deux véhicules - côté,,,,,,,,,,,1,2,2,1,3
200800031326,0008-06-28 15:30:00,8,6,28,15,30,60,69,"x, SIDI BRAHIM (AVENUE)",,,Plein jour,En agglomération,Hors intersection,Normale,Deux véhicules - arrière,,,,,,,,,,,1,2,1,1,2
200800031327,0008-06-29 18:45:00,8,6,29,18,45,60,69,"x, CAUVIN (AVENUE LOUIS)",,,Plein jour,En agglomération,Hors intersection,Normale,Sans collision,,,,,,,,,,,1,2,1,1,7
200800031328,0008-06-04 22:40:00,8,6,4,22,40,60,12,"1038, CORNICHE (MOYENNE,",,,Nuit avec éclairage allumé,En agglomération,Hors intersection,Normale,Autre collision,,,,,,,,,,,5,2,1,1,6
200800031329,0008-06-06 21:00:00,8,6,6,21,0,60,12,"12, CARNIER (AVENUE DU)",,,Crépuscule ou aube,En agglomération,Hors intersection,Normale,Deux véhicules - arrière,,,,,,,,,,,2,2,1,1,2
200800031330,0008-06-08 02:35:00,8,6,8,2,35,60,104,"131, VERDUN (AVENUE DE,",,,Nuit avec éclairage allumé,En agglomération,Hors intersection,Normale,Deux véhicules - frontale,,,,,,,,,,,5,2,1,1,1
200800031331,0008-06-07 05:00:00,8,6,7,5,0,60,104,"8, DOUMER (AVENUE PAUL)",,,Nuit avec éclairage allumé,En agglomération,Hors intersection,Normale,Sans collision,,,,,,,,,,,5,2,1,1,7
200800031332,0008-06-06 11:30:00,8,6,6,11,30,60,83,"COTY (COURS RENE, SENS M",,,Plein jour,En agglomération,Hors intersection,Normale,Deux véhicules - arrière,,,,,,,,,,,1,2,1,1,2
200800031333,0008-06-14 15:00:00,8,6,14,15,0,60,104,"34, DOUMER (AVENUE PAUL)",,,Plein jour,En agglomération,Hors intersection,Normale,Deux véhicules - côté,,,,,,,,,,,1,2,1,1,3
200800031334,0008-06-16 16:40:00,8,6,16,16,40,60,83,ASTRID (PROMENADE REINE),,,Plein jour,En agglomération,Hors intersection,Normale,Sans collision,,,,,,,,,,,1,2,1,1,7
200800031335,0008-06-16 09:45:00,8,6,16,9,45,60,83,"1292, SOLEIL (PROMENADE",,,Plein jour,En agglomération,Intersection en T,Normale,Autre collision,,,,,,,,,,,1,2,3,1,6
200800031336,0008-06-17 07:40:00,8,6,17,7,40,60,83,CABROLLES (ROUTE DES),,,Plein jour,En agglomération,Intersection en T,Normale,Deux véhicules - côté,,,,,,,,,,,1,2,3,1,3
200800031337,0008-06-14 10:10:00,8,6,14,10,10,60,12,"26, REPUBLIQUE (BOULEVAR",,,Plein jour,En agglomération,Hors intersection,Normale,Autre collision,,,,,,,,,,,1,2,1,1,6
200800031338,0008-06-20 12:30:00,8,6,20,12,30,60,104,"8, HUGO (RUE VICTOR)",,,Plein jour,En agglomération,Hors intersection,Normale,Autre collision,,,,,,,,,,,1,2,1,1,6
200800031339,0008-06-21 19:55:00,8,6,21,19,55,60,104,"79, AZUR (AVENUE DE LA C",,,Plein jour,En agglomération,Hors intersection,Normale,Deux véhicules - frontale,,,,,,,,,,,1,2,1,1,1
200800031340,0008-06-22 17:45:00,8,6,22,17,45,60,104,HUGO (RUE VICTOR),,,Plein jour,En agglomération,Hors intersection,Normale,Trois véhicules et plus - collisions multiples,,,,,,,,,,,1,2,1,1,5
200800031341,0008-06-23 09:25:00,8,6,23,9,25,60,83,LECLERC (PROMENADE MAREC,,,Plein jour,En agglomération,Hors intersection,Normale,Autre collision,,,,,,,,,,,1,2,1,1,6
200800031342,0008-06-27 13:45:00,8,6,27,13,45,60,83,BRIAND (AVENUE ARSITIDE),,,Plein jour,En agglomération,Hors intersection,Normale,Deux véhicules - arrière,,,,,,,,,,,1,2,1,1,2
200800031343,0008-06-01 02:30:00,8,6,1,2,30,60,88,"28, GROSSO (JUSQU'AU N°",,,Nuit avec éclairage allumé,En agglomération,Hors intersection,Normale,Deux véhicules - frontale,,,,,,,,,,,5,2,1,1,1
200800031344,0008-06-01 05:50:00,8,6,1,5,50,60,88,CONGRES (RUE DU),,,Nuit avec éclairage non allumé,En agglomération,Hors intersection,Normale,Autre collision,,,,,,,,,,,4,2,1,1,6
200800031345,0008-06-01 12:40:00,8,6,1,12,40,60,88,"0, BARLA (RUE)",,,Plein jour,En agglomération,Intersection en X,Normale,Deux véhicules - côté,,,,,,,,,,,1,2,2,1,3
200800031346,0008-06-02 15:40:00,8,6,2,15,40,60,88,"2, PETIT-PARC (PASS. DU)",,,Plein jour,En agglomération,Hors intersection,Normale,Autre collision,,,,,,,,,,,1,2,1,1,6
200800031347,0008-06-02 12:50:00,8,6,2,12,50,60,88,"83, CESSOLE (BD DE) (JUS",,,Plein jour,En agglomération,Hors intersection,Normale,Deux véhicules - côté,,,,,,,,,,,1,2,1,1,3
200800031348,0008-06-02 14:45:00,8,6,2,14,45,60,88,"0, MATISSE (AV. HENRI)",,,Plein jour,En agglomération,Intersection en X,Normale,Deux véhicules - côté,,,,,,,,,,,1,2,2,1,3
200800031349,0008-06-02 15:41:00,8,6,2,15,41,60,88,"16, HUGO (BD VICTOR)",,,Plein jour,En agglomération,Hors intersection,Normale,Trois véhicules et plus - en chaîne,,,,,,,,,,,1,2,1,1,4
200800031350,0008-06-02 18:45:00,8,6,2,18,45,60,88,"61, TERRON (CH. DE)",,,Plein jour,En agglomération,Hors intersection,Normale,Trois véhicules et plus - collisions multiples,,,,,,,,,,,1,2,1,1,5
200800031351,0008-06-03 08:20:00,8,6,3,8,20,60,88,"0, GAMBETTA (A PARTIR DU",,,Plein jour,En agglomération,Intersection en T,Normale,Deux véhicules - côté,,,,,,,,,,,1,2,3,1,3
200800031352,0008-06-03 12:10:00,8,6,3,12,10,60,88,"0, DEBUSSY (AV. CLAUDE)",,,Plein jour,En agglomération,Hors intersection,Normale,Deux véhicules - côté,,,,,,,,,,,1,2,1,1,3
200800031353,0008-06-03 16:30:00,8,6,3,16,30,60,88,"1, GRENOBLE (ROUTE DE)",,,Plein jour,En agglomération,Hors intersection,Normale,Autre collision,,,,,,,,,,,1,2,1,1,6
200800031354,0008-06-03 17:15:00,8,6,3,17,15,60,88,"254, TURIN (RTE DE)",,,Plein jour,En agglomération,Hors intersection,Normale,Autre collision,,,,,,,,,,,1,2,1,1,6
200800031355,0008-06-04 11:20:00,8,6,4,11,20,60,88,"328, TURIN (RTE DE)",,,Plein jour,En agglomération,Intersection en T,Normale,Deux véhicules - arrière,,,,,,,,,,,1,2,3,1,2
200800031356,0008-06-04 14:00:00,8,6,4,14,0,60,88,"0, VOIE ROMAINE (AV. DE",,,Plein jour,En agglomération,Hors intersection,Normale,Deux véhicules - côté,,,,,,,,,,,1,2,1,1,3
200800031357,0008-06-04 16:00:00,8,6,4,16,0,60,88,DUBOUCHAGE (BD),,,Plein jour,En agglomération,Intersection en X,Normale,Deux véhicules - côté,,,,,,,,,,,1,2,2,1,3
200800031358,0008-06-05 08:00:00,8,6,5,8,0,60,88,"55, LYAUTEY (AV. DU MAL)",,,Plein jour,En agglomération,Hors intersection,Normale,Autre collision,,,,,,,,,,,1,2,1,1,6
200800031359,0008-06-05 10:10:00,8,6,5,10,10,60,88,BANVILLE (RUE THEODORE D,,,Plein jour,En agglomération,Hors intersection,Normale,Autre collision,,,,,,,,,,,1,2,1,1,6
200800031360,0008-06-05 15:30:00,8,6,5,15,30,60,88,"0, PELLOS (R. FRANCOIS)",,,Plein jour,En agglomération,Intersection en X,Normale,Autre collision,,,,,,,,,,,1,2,2,1,6
200800031361,0008-06-05 17:15:00,8,6,5,17,15,60,88,"6, SEYTOUR (R. MARTIN)",,,Plein jour,En agglomération,Hors intersection,Normale,Deux véhicules - arrière,,,,,,,,,,,1,2,1,1,2
200800031362,0008-06-06 10:30:00,8,6,6,10,30,60,88,"0, SEMARD (BD PIERRE)",,,Plein jour,En agglomération,Hors intersection,Normale,Autre collision,,,,,,,,,,,1,2,1,1,6
200800031363,0008-06-06 11:40:00,8,6,6,11,40,60,88,"90, GAMBETTA (A PARTIR D",,,Plein jour,En agglomération,Hors intersection,Normale,Deux véhicules - arrière,,,,,,,,,,,1,2,1,1,2
200800031364,0008-06-06 16:00:00,8,6,6,16,0,60,88,"0, BAVASTRO (RUE)",,,Plein jour,En agglomération,Intersection en X,Normale,Deux véhicules - côté,,,,,,,,,,,1,2,2,1,3
200800031365,0008-06-07 02:00:00,8,6,7,2,0,60,88,"0, GUIGLIA (R.)",,,Nuit avec éclairage allumé,En agglomération,Intersection en X,Normale,Deux véhicules - côté,,,,,,,,,,,5,2,2,1,3
200800031366,0008-06-07 03:20:00,8,6,7,3,20,60,88,"405, ANGLAIS (A PARTIR D",,,Nuit avec éclairage allumé,En agglomération,Hors intersection,Normale,Autre collision,,,,,,,,,,,5,2,1,1,6
200800031367,0008-06-07 05:50:00,8,6,7,5,50,60,88,"115, CESSOLE (BD DE) (A",,,Nuit avec éclairage non allumé,En agglomération,Hors intersection,Normale,Deux véhicules - côté,,,,,,,,,,,4,2,1,1,3
200800031368,0008-06-07 12:00:00,8,6,7,12,0,60,88,PASCHETTA (PL. DR CH.),,,Plein jour,En agglomération,Hors intersection,Normale,Autre collision,,,,,,,,,,,1,2,1,1,6
200800031369,0008-06-07 12:46:00,8,6,7,12,46,60,88,"0, ANGLAIS (DU N° 114 AU",,,Plein jour,En agglomération,Hors intersection,Normale,Trois véhicules et plus - collisions multiples,,,,,,,,,,,1,2,1,1,5
200800031370,0008-06-07 19:15:00,8,6,7,19,15,60,88,"0, HUGO (BD VICTOR)",,,Plein jour,En agglomération,Intersection en X,Normale,Deux véhicules - côté,,,,,,,,,,,1,2,2,1,3
200800031371,0008-06-08 00:15:00,8,6,8,0,15,60,88,"389, ANGLAIS PLAGE(  PAR",,,Nuit avec éclairage allumé,En agglomération,Hors intersection,Normale,Deux véhicules - côté,,,,,,,,,,,5,2,1,1,3
200800031372,0008-06-08 09:00:00,8,6,8,9,0,60,88,VILLERMONT (AV.),,,Plein jour,En agglomération,Intersection en X,Normale,Autre collision,,,,,,,,,,,1,2,2,1,6
200800031373,0008-06-08 16:50:00,8,6,8,16,50,60,88,"31, ANGLAIS (DU N° 1 AU",,,Plein jour,En agglomération,Hors intersection,Normale,Autre collision,,,,,,,,,,,1,2,1,1,6
200800031374,0008-06-09 13:55:00,8,6,9,13,55,60,88,"0, ANGLAIS (DU N° 1 AU N",,,Plein jour,En agglomération,Hors intersection,Normale,Deux véhicules - arrière,,,,,,,,,,,1,2,1,1,2
200800031375,0008-06-09 16:47:00,8,6,9,16,47,60,88,"96, GAMBETTA (A PARTIR D",,,Plein jour,En agglomération,Hors intersection,Normale,Autre collision,,,,,,,,,,,1,2,1,1,6
200800031376,0008-06-09 17:50:00,8,6,9,17,50,60,88,"0, SOLA (BD PIERRE)",,,Plein jour,En agglomération,Intersection en X,Normale,Trois véhicules et plus - collisions multiples,,,,,,,,,,,1,2,2,1,5
200800031377,0008-06-09 22:20:00,8,6,9,22,20,60,88,"0, VERDI (R.)",,,Nuit avec éclairage allumé,En agglomération,Hors intersection,Normale,Deux véhicules - côté,,,,,,,,,,,5,2,1,1,3
200800031378,0008-06-10 13:15:00,8,6,10,13,15,60,88,"19, ARENE (AV. PAUL)",,,Plein jour,En agglomération,Hors intersection,Normale,Autre collision,,,,,,,,,,,1,2,1,1,6
200800031379,0008-06-10 13:55:00,8,6,10,13,55,60,88,"89, CYRNOS (AV. ET ESC.)",,,Plein jour,En agglomération,Hors intersection,Normale,Autre collision,,,,,,,,,,,1,2,1,1,6
200800031380,0008-06-10 16:15:00,8,6,10,16,15,60,88,GOLFAN (CH. DU),,,Plein jour,En agglomération,Hors intersection,Normale,Deux véhicules - côté,,,,,,,,,,,1,2,1,1,3
200800031381,0008-06-11 13:25:00,8,6,11,13,25,60,88,"89, CESSOLE (BD DE) (JUS",,,Plein jour,En agglomération,Hors intersection,Normale,Deux véhicules - arrière,,,,,,,,,,,1,2,1,1,2
200800031382,0008-06-11 17:30:00,8,6,11,17,30,60,88,"49, GROSSO (JUSQU'AU N°",,,Plein jour,En agglomération,Hors intersection,Normale,Deux véhicules - côté,,,,,,,,,,,1,2,1,1,3
200800031383,0008-06-12 07:25:00,8,6,12,7,25,60,88,"217, ANGLAIS (DU N° 114",,,Plein jour,En agglomération,Hors intersection,Normale,Deux véhicules - côté,,,,,,,,,,,1,2,1,1,3
200800031384,0008-06-12 09:50:00,8,6,12,9,50,60,88,"38, GALLIENI (AV.)",,,Plein jour,En agglomération,Hors intersection,Normale,Deux véhicules - côté,,,,,,,,,,,1,2,1,1,3
200800031385,0008-06-12 10:50:00,8,6,12,10,50,60,88,"0, VOIE RAPIDE",,,Plein jour,En agglomération,Hors intersection,Normale,Deux véhicules - arrière,,,,,,,,,,,1,2,1,1,2
200800031386,0008-06-12 16:20:00,8,6,12,16,20,60,88,TUNNEL ET VOIE MALRAUX,,,Plein jour,En agglomération,Hors intersection,Normale,Deux véhicules - côté,,,,,,,,,,,1,2,1,1,3
200800031387,0008-06-12 17:30:00,8,6,12,17,30,60,88,"71, ANGLAIS (DU N° 45 AU",,,Plein jour,En agglomération,Hors intersection,Normale,Trois véhicules et plus - collisions multiples,,,,,,,,,,,1,2,1,1,5
200800031388,0008-06-12 19:45:00,8,6,12,19,45,60,88,VOIE ROMAINE (AV. DE LA),,,Plein jour,En agglomération,Intersection en X,Normale,Autre collision,,,,,,,,,,,1,2,2,1,6
200800031389,0008-06-13 10:50:00,8,6,13,10,50,60,88,SAINT-ROCH (BD DE),,,Plein jour,En agglomération,Intersection en X,Normale,Deux véhicules - côté,,,,,,,,,,,1,2,2,1,3
200800031390,0008-06-13 12:40:00,8,6,13,12,40,60,88,"0, ARENE (AV. PAUL)",,,Plein jour,En agglomération,Hors intersection,Normale,Autre collision,,,,,,,,,,,1,2,1,1,6
200800031391,0008-06-13 13:25:00,8,6,13,13,25,60,88,"41, DABRAY (RUE ET IMP.)",,,Plein jour,En agglomération,Hors intersection,Normale,Autre collision,,,,,,,,,,,1,2,1,1,6
200800031392,0008-06-13 16:55:00,8,6,13,16,55,60,88,"0, BESSET (AV.) (A PARTI",,,Plein jour,En agglomération,Hors intersection,Normale,Deux véhicules - côté,,,,,,,,,,,1,2,1,1,3
200800031393,0008-06-13 17:15:00,8,6,13,17,15,60,88,"12, JOLY (CORNICHE ANDRE",,,Plein jour,En agglomération,Hors intersection,Normale,Deux véhicules - côté,,,,,,,,,,,1,2,1,1,3
200800031394,0008-06-13 17:30:00,8,6,13,17,30,60,88,"98, CESSOLE (BD DE) (JUS",,,Plein jour,En agglomération,Hors intersection,Normale,Deux véhicules - côté,,,,,,,,,,,1,2,1,1,3
200800031395,0008-06-13 18:30:00,8,6,13,18,30,60,88,"193, MADELEINE (BD DE LA",,,Plein jour,En agglomération,Hors intersection,Normale,Autre collision,,,,,,,,,,,1,2,1,1,6
200800031396,0008-06-14 00:30:00,8,6,14,0,30,60,88,"0, BLANCON (RUE PIERRE)",,,Nuit avec éclairage allumé,En agglomération,Intersection en T,Normale,Deux véhicules - côté,,,,,,,,,,,5,2,3,1,3
200800031397,0008-06-14 15:55:00,8,6,14,15,55,60,88,"0, DAUPHINE (AV.)",,,Plein jour,En agglomération,Hors intersection,Normale,Autre collision,,,,,,,,,,,1,2,1,1,6
200800031398,0008-06-14 16:05:00,8,6,14,16,5,60,88,"99, ETATS UNIS (QUAI DES",,,Plein jour,En agglomération,Hors intersection,Normale,Autre collision,,,,,,,,,,,1,2,1,1,6
200800031399,0008-06-14 18:55:00,8,6,14,18,55,60,88,"0, VAUBAN (R. MARECHAL)",,,Plein jour,En agglomération,Hors intersection,Normale,Autre collision,,,,,,,,,,,1,2,1,1,6
200800031400,0008-06-15 10:30:00,8,6,15,10,30,60,88,"0, CARABACEL (BD)",,,Plein jour,En agglomération,Intersection en T,Normale,Autre collision,,,,,,,,,,,1,2,3,1,6
200800031401,0008-06-15 12:00:00,8,6,15,12,0,60,88,"0, COSTE (RUE EUGENE)",,,Plein jour,En agglomération,Intersection en X,Normale,Autre collision,,,,,,,,,,,1,2,2,1,6
200800031402,0008-06-15 20:20:00,8,6,15,20,20,60,88,"0, MAISTRE (AV. J. ET X.",,,Plein jour,En agglomération,Intersection en X,Normale,Deux véhicules - côté,,,,,,,,,,,1,2,2,1,3
200800031403,0008-06-16 08:57:00,8,6,16,8,57,60,88,"0, BOSQUETS (AV. DES)",,,Plein jour,En agglomération,Hors intersection,Normale,Deux véhicules - côté,,,,,,,,,,,1,2,1,1,3
200800031404,0008-06-16 15:10:00,8,6,16,15,10,60,88,"291, ANGLAIS PLAGE (DU 2",,,Plein jour,En agglomération,Hors intersection,Normale,Trois véhicules et plus - en chaîne,,,,,,,,,,,1,2,1,1,4
200800031405,0008-06-16 15:45:00,8,6,16,15,45,60,88,"0, KARR (R. ALPHONSE)",,,Plein jour,En agglomération,Intersection en T,Normale,Deux véhicules - côté,,,,,,,,,,,1,2,3,1,3
200800031406,0008-06-16 16:15:00,8,6,16,16,15,60,88,"0, ANGLAIS PLAGE(DU 45 A",,,Plein jour,En agglomération,Hors intersection,Normale,Autre collision,,,,,,,,,,,1,2,1,1,6
200800031407,0008-06-16 17:00:00,8,6,16,17,0,60,88,"0, SEMERIA (AV. DENIS)",,,Plein jour,En agglomération,Giratoire,Normale,Deux véhicules - côté,,,,,,,,,,,1,2,6,1,3
200800031408,0008-06-16 19:30:00,8,6,16,19,30,60,88,"0, FRANKLIN (PL.)",,,Plein jour,En agglomération,Hors intersection,Normale,Deux véhicules - côté,,,,,,,,,,,1,2,1,1,3
200800031409,0008-06-17 10:45:00,8,6,17,10,45,60,88,"212, MADELEINE (BD DE LA",,,Plein jour,En agglomération,Hors intersection,Normale,Autre collision,,,,,,,,,,,1,2,1,1,6
200800031410,0008-06-17 15:50:00,8,6,17,15,50,60,88,"0, GIOFFREDO (R.)",,,Plein jour,En agglomération,Intersection en X,Temps couvert,Deux véhicules - côté,,,,,,,,,,,1,2,2,8,3
200800031411,0008-06-18 13:30:00,8,6,18,13,30,60,88,"0, RAY (AV. DU)",,,Plein jour,En agglomération,Hors intersection,Normale,Deux véhicules - côté,,,,,,,,,,,1,2,1,1,3
200800031412,0008-06-18 15:45:00,8,6,18,15,45,60,88,"0, SCALIERO (R.)",,,Plein jour,En agglomération,Intersection en X,Normale,Autre collision,,,,,,,,,,,1,2,2,1,6
200800031413,0008-06-19 00:25:00,8,6,19,0,25,60,88,"179, ANGLAIS (DU N° 114",,,Nuit avec éclairage allumé,En agglomération,Hors intersection,Normale,Deux véhicules - arrière,,,,,,,,,,,5,2,1,1,2
200800031414,0008-06-19 07:30:00,8,6,19,7,30,60,88,PESSICART (JUSQU'AU 270/,,,Plein jour,En agglomération,Hors intersection,Normale,Autre collision,,,,,,,,,,,1,2,1,1,6
200800031415,0008-06-19 08:55:00,8,6,19,8,55,60,88,"10, DELVALLE (RUE PROF.)",,,Plein jour,En agglomération,Hors intersection,Normale,Deux véhicules - côté,,,,,,,,,,,1,2,1,1,3
200800031416,0008-06-19 13:45:00,8,6,19,13,45,60,88,"47, MEDECIN (AV. JEAN)",,,Plein jour,En agglomération,Hors intersection,Normale,Deux véhicules - côté,,,,,,,,,,,1,2,1,1,3
200800031417,0008-06-19 14:50:00,8,6,19,14,50,60,88,"174 bis, CALIFORNIE (AV.",,,Plein jour,En agglomération,Hors intersection,Normale,Deux véhicules - côté,,,,,,,,,,,1,2,1,1,3
200800031418,0008-06-19 15:00:00,8,6,19,15,0,60,88,"0, BARBERIS (RUE)",,,Plein jour,En agglomération,Intersection en X,Normale,Trois véhicules et plus - collisions multiples,,,,,,,,,,,1,2,2,1,5
200800031419,0008-06-19 16:25:00,8,6,19,16,25,60,88,"366, GRENOBLE (ROUTE DE)",,,Plein jour,En agglomération,Hors intersection,Normale,Trois véhicules et plus - en chaîne,,,,,,,,,,,1,2,1,1,4
200800031420,0008-06-19 16:35:00,8,6,19,16,35,60,88,"7, LYAUTEY (AV. DU MAL)",,,Plein jour,En agglomération,Hors intersection,Normale,Deux véhicules - arrière,,,,,,,,,,,1,2,1,1,2
200800031421,0008-06-20 13:30:00,8,6,20,13,30,60,88,"0, QUAI LUNEL",,,Plein jour,En agglomération,Hors intersection,Normale,Deux véhicules - côté,,,,,,,,,,,1,2,1,1,3
200800031422,0008-06-20 13:50:00,8,6,20,13,50,60,88,"77 bis, GAMBETTA (A PART",,,Plein jour,En agglomération,Hors intersection,Normale,Deux véhicules - frontale,,,,,,,,,,,1,2,1,1,1
200800031423,0008-06-20 17:45:00,8,6,20,17,45,60,88,"0, POMPIDOU (BD GEORGES)",,,Plein jour,En agglomération,Hors intersection,Normale,Trois véhicules et plus - collisions multiples,,,,,,,,,,,1,2,1,1,5
200800031424,0008-06-20 18:05:00,8,6,20,18,5,60,88,"4, CIMIEZ (BD) JUSQU'AU",,,Plein jour,En agglomération,Hors intersection,Normale,Deux véhicules - côté,,,,,,,,,,,1,2,1,1,3
200800031425,0008-06-20 22:35:00,8,6,20,22,35,60,88,GAMBETTA (JUSQU'AU N° 62,,,Plein jour,En agglomération,Intersection en X,Normale,Deux véhicules - côté,,,,,,,,,,,1,2,2,1,3
200800031426,0008-06-21 08:30:00,8,6,21,8,30,60,88,"0, PESSICART (DU 272/285",,,Plein jour,En agglomération,Intersection en T,Normale,Autre collision,,,,,,,,,,,1,2,3,1,6
200800031427,0008-06-21 09:40:00,8,6,21,9,40,60,88,"0, COMBOUL (AV. RAYMOND)",,,Plein jour,En agglomération,Intersection en X,Normale,Autre collision,,,,,,,,,,,1,2,2,1,6
200800031428,0008-06-21 09:30:00,8,6,21,9,30,60,88,"0, COMBATTANTS D'AFN (RU",,,Plein jour,En agglomération,Hors intersection,Normale,Deux véhicules - côté,,,,,,,,,,,1,2,1,1,3
200800031429,0008-06-21 12:00:00,8,6,21,12,0,60,88,HOTEL DES POSTES (R.),,,Plein jour,En agglomération,Intersection en X,Normale,Deux véhicules - côté,,,,,,,,,,,1,2,2,1,3
200800031430,0008-06-21 14:15:00,8,6,21,14,15,60,88,"15, PAULIANI (AV.)",,,Plein jour,En agglomération,Hors intersection,Normale,Autre collision,,,,,,,,,,,1,2,1,1,6
200800031431,0008-06-21 15:40:00,8,6,21,15,40,60,88,"30, PAULIANI (AV.)",,,Plein jour,En agglomération,Hors intersection,Normale,Autre collision,,,,,,,,,,,1,2,1,1,6
200800031432,0008-06-21 20:25:00,8,6,21,20,25,60,88,"348, TURIN (RTE DE)",,,Plein jour,En agglomération,Intersection en T,Normale,Deux véhicules - côté,,,,,,,,,,,1,2,3,1,3
200800031433,0008-06-22 04:05:00,8,6,22,4,5,60,88,"0, GREGOIRE (RUE ABBE-IM",,,Nuit avec éclairage allumé,En agglomération,Intersection en X,Normale,Deux véhicules - côté,,,,,,,,,,,5,2,2,1,3
200800031434,0008-06-22 08:20:00,8,6,22,8,20,60,88,DUBOUCHAGE (BD),,,Plein jour,En agglomération,Intersection en T,Normale,Deux véhicules - côté,,,,,,,,,,,1,2,3,1,3
200800031435,0008-06-22 09:50:00,8,6,22,9,50,60,88,"29, SAINT-AUGUSTIN (AV.",,,Plein jour,En agglomération,Hors intersection,Normale,Autre collision,,,,,,,,,,,1,2,1,1,6
200800031436,0008-06-22 11:20:00,8,6,22,11,20,60,88,"111, GAMBETTA (A PARTIR",,,Plein jour,En agglomération,Hors intersection,Normale,Autre collision,,,,,,,,,,,1,2,1,1,6