accident_id,datetime,annee,mois,jour,heure,minute,departement,commune_insee,adresse,latitude,longitude,luminosite,agglomeration,intersection,meteo,collision,nb_vehicules,nb_usagers,nb_indemnes,nb_tues,nb_blesses_hosp,nb_blesses_legers,age_cond_1,age_cond_2,veh_type_cond_1,veh_type_cond_2,lum_code,agg_code,int_code,atm_code,col_code
200800031704,0008-06-13 02:30:00,8,6,13,2,30,130,55,"105, ALEXANDRE DUMAS (RU",,,Nuit avec éclairage allumé,En agglomération,Hors intersection,Normale,Autre collision,,,,,,,,,,,5,2,1,1,6
200800031705,0008-06-30 13:35:00,8,6,30,13,35,130,55,"49, VALENTINE (ROUTE DE",,,Plein jour,En agglomération,Hors intersection,Normale,Deux véhicules - arrière,,,,,,,,,,,1,2,1,1,2
200800031706,0008-06-23 19:10:00,8,6,23,19,10,130,55,TROIS LUCS (AVENUE DES),,,Plein jour,En agglomération,Intersection en X,Normale,Deux véhicules - côté,,,,,,,,,,,1,2,2,1,3
200800031707,0008-06-30 17:40:00,8,6,30,17,40,130,2,"738, SALVATORE ALLENDE (",,,Plein jour,En agglomération,Hors intersection,Normale,Autre collision,,,,,,,,,,,1,2,1,1,6
200800031708,0008-06-30 20:45:00,8,6,30,20,45,130,55,"18, PARIS (BOULEVARD DE)",,,Plein jour,En agglomération,Intersection en X,Normale,Deux véhicules - côté,,,,,,,,,,,1,2,2,1,3
200800031709,0008-06-18 19:25:00,8,6,18,19,25,130,55,BAILLE (BOULEVARD),,,Plein jour,En agglomération,Intersection en X,Normale,Autre collision,,,,,,,,,,,1,2,2,1,6
200800031710,0008-06-18 15:00:00,8,6,18,15,0,130,55,FRANCOISE DUPARC (BOULEV,,,Plein jour,En agglomération,Intersection en T,Normale,Deux véhicules - côté,,,,,,,,,,,1,2,3,1,3
200800031711,0008-06-12 16:30:00,8,6,12,16,30,130,55,"38, PLOMBIERES (BOULEVAR",,,Plein jour,En agglomération,Hors intersection,Normale,Autre collision,,,,,,,,,,,1,2,1,1,6
200800031712,0008-06-26 09:20:00,8,6,26,9,20,130,55,MIRABEAU (BOULEVARD),,,Plein jour,En agglomération,Hors intersection,Normale,Autre collision,,,,,,,,,,,1,2,1,1,6
200800031713,0008-06-24 18:40:00,8,6,24,18,40,130,55,COLIBRIS (ROND POINT DES,,,Plein jour,En agglomération,Hors intersection,Normale,Sans collision,,,,,,,,,,,1,2,1,1,7
200800031714,0008-06-27 07:50:00,8,6,27,7,50,130,55,"11, SAINT LOUIS (AVENUE",,,Plein jour,En agglomération,Hors intersection,Normale,Trois véhicules et plus - en chaîne,,,,,,,,,,,1,2,1,1,4
200800031715,0008-06-26 23:20:00,8,6,26,23,20,130,55,POMME (BOULEVARD DE LA ),,,Nuit avec éclairage allumé,En agglomération,Hors intersection,Normale,Sans collision,,,,,,,,,,,5,2,1,1,7
200800031716,0008-06-23 10:00:00,8,6,23,10,0,130,55,SAINT ANTOINE (AVENUE DE,,,Plein jour,En agglomération,Hors intersection,Normale,Sans collision,,,,,,,,,,,1,2,1,1,7
200800031717,0008-06-29 23:30:00,8,6,29,23,30,130,55,"485, PRADO (AVENUE)",,,Nuit avec éclairage allumé,En agglomération,Intersection en Y,Normale,Autre collision,,,,,,,,,,,5,2,4,1,6
200800031718,0008-06-24 22:45:00,8,6,24,22,45,130,55,"40, MADRAGUE VILLE (RUE)",,,Nuit avec éclairage allumé,En agglomération,Hors intersection,Normale,Sans collision,,,,,,,,,,,5,2,1,1,7
200800031719,0008-06-18 07:25:00,8,6,18,7,25,130,55,ITALIE (RUE D'),,,Plein jour,En agglomération,Hors intersection,Normale,Deux véhicules - côté,,,,,,,,,,,1,2,1,1,3
200800031720,0008-06-18 07:40:00,8,6,18,7,40,130,55,"3, LAFAYETTE (RUE)",,,Plein jour,En agglomération,Hors intersection,Normale,Sans collision,,,,,,,,,,,1,2,1,1,7
200800031721,0008-06-18 07:00:00,8,6,18,7,0,130,55,"86, BAILLE (BOULEVARD)",,,Plein jour,En agglomération,Intersection en X,Normale,Deux véhicules - côté,,,,,,,,,,,1,2,2,1,3
200800031722,0008-06-18 12:00:00,8,6,18,12,0,130,55,GOUFFE (COURS),,,Plein jour,En agglomération,Intersection en X,Normale,Deux véhicules - frontale,,,,,,,,,,,1,2,2,1,1
200800031723,0008-06-23 11:15:00,8,6,23,11,15,130,55,TURCAT MERY ALLÉE (ALLEE,,,Plein jour,En agglomération,Hors intersection,Normale,Autre collision,,,,,,,,,,,1,2,1,1,6
200800031724,0008-06-14 09:00:00,8,6,14,9,0,130,55,JEANNE D'ARC (BOULEVARD),,,Plein jour,En agglomération,Intersection en X,Normale,Deux véhicules - côté,,,,,,,,,,,1,2,2,1,3
200800031725,0008-06-03 14:10:00,8,6,3,14,10,130,55,PRADO (AVENUE DU),,,Plein jour,En agglomération,Hors intersection,Normale,Deux véhicules - côté,,,,,,,,,,,1,2,1,1,3
200800031726,0008-06-11 20:01:00,8,6,11,20,1,130,55,CORDERIE (BOULEVARD DE L,,,Plein jour,En agglomération,Hors intersection,Normale,Deux véhicules - côté,,,,,,,,,,,1,2,1,1,3
200800031727,0008-06-24 16:00:00,8,6,24,16,0,130,55,DOCTEUR ESCAT (RUE),,,Plein jour,En agglomération,Hors intersection,Normale,Deux véhicules - arrière,,,,,,,,,,,1,2,1,1,2
200800031728,0008-06-03 12:10:00,8,6,3,12,10,130,55,"62, FRANCOISE DUPARC (BO",,,Plein jour,En agglomération,Hors intersection,Normale,Deux véhicules - côté,,,,,,,,,,,1,2,1,1,3
200800031729,0008-06-17 23:30:00,8,6,17,23,30,130,55,DOCTEUR ESCAT (RUE),,,Nuit avec éclairage allumé,En agglomération,Intersection en X,Normale,Deux véhicules - côté,,,,,,,,,,,5,2,2,1,3
200800031730,0008-06-11 10:15:00,8,6,11,10,15,130,55,"22, GASTON CREMIEUX (RUE",,,Plein jour,En agglomération,Hors intersection,Normale,Trois véhicules et plus - collisions multiples,,,,,,,,,,,1,2,1,1,5
200800031731,0008-06-23 10:30:00,8,6,23,10,30,130,55,MADRAGUE VILLE (RUE),,,Plein jour,En agglomération,Hors intersection,Normale,Deux véhicules - côté,,,,,,,,,,,1,2,1,1,3
200800031732,0008-06-24 12:30:00,8,6,24,12,30,130,55,PAUL TROMPETTE (RUE),,,Plein jour,En agglomération,Intersection en T,Normale,Deux véhicules - côté,,,,,,,,,,,1,2,3,1,3
200800031733,0008-06-27 18:30:00,8,6,27,18,30,130,55,NICOLAS PAQUET (RUE),,,Plein jour,En agglomération,Hors intersection,Normale,Autre collision,,,,,,,,,,,1,2,1,1,6
200800031734,0008-06-20 08:30:00,8,6,20,8,30,130,55,"11, GEMY (BOULEVARD)",,,Plein jour,En agglomération,Hors intersection,Normale,Trois véhicules et plus - en chaîne,,,,,,,,,,,1,2,1,1,4
200800031735,0008-06-28 15:30:00,8,6,28,15,30,130,55,ALVERGNE (TRAVERSE),,,Plein jour,En agglomération,Intersection en T,Normale,Deux véhicules - frontale,,,,,,,,,,,1,2,3,1,1
200800031736,0008-06-23 20:45:00,8,6,23,20,45,130,55,"12, JEAN PAUL SARTRE (AV",,,Plein jour,En agglomération,Hors intersection,Normale,Deux véhicules - arrière,,,,,,,,,,,1,2,1,1,2
200800031737,0008-06-24 18:41:00,8,6,24,18,41,130,55,"34, CAPITAINE GEZE (BOUL",,,Plein jour,En agglomération,Hors intersection,Normale,Trois véhicules et plus - collisions multiples,,,,,,,,,,,1,2,1,1,5
200800031738,0008-06-17 11:00:00,8,6,17,11,0,130,55,", PONT DE VIVAUX (BOULEV",,,Plein jour,En agglomération,Hors intersection,Normale,Sans collision,,,,,,,,,,,1,2,1,1,7
200800031739,0008-06-11 05:00:00,8,6,11,5,0,130,55,PRADO (AVENUE),,,Crépuscule ou aube,En agglomération,Hors intersection,Normale,Deux véhicules - côté,,,,,,,,,,,2,2,1,1,3
200800031740,0008-06-29 21:30:00,8,6,29,21,30,130,55,LÉON LACHAMP (ROUTE),,,Nuit sans éclairage public,Hors agglomération,Hors intersection,Normale,Deux véhicules - frontale,,,,,,,,,,,3,1,1,1,1
200800031741,0008-06-20 12:20:00,8,6,20,12,20,130,55,"97, PERIER (BOULEVARD)",,,Plein jour,En agglomération,Intersection en T,Normale,Autre collision,,,,,,,,,,,1,2,3,1,6
200800031742,0008-06-09 12:50:00,8,6,9,12,50,130,55,LANCIER (CHEMIN DU),,,Plein jour,En agglomération,Hors intersection,Temps couvert,Deux véhicules - arrière,,,,,,,,,,,1,2,1,8,2
200800031743,0008-06-05 19:45:00,8,6,5,19,45,130,55,BASTIDE BASSE (AVENUE),,,Plein jour,En agglomération,Hors intersection,Normale,Deux véhicules - côté,,,,,,,,,,,1,2,1,1,3
200800031744,0008-06-25 17:50:00,8,6,25,17,50,130,55,"573, SAINT PIERRE (RUE)",,,Plein jour,En agglomération,Hors intersection,Normale,Autre collision,,,,,,,,,,,1,2,1,1,6
200800031745,0008-06-24 15:40:00,8,6,24,15,40,130,55,REDON (BOULEVARD DU),,,Plein jour,En agglomération,Hors intersection,Normale,Deux véhicules - frontale,,,,,,,,,,,1,2,1,1,1
200800031746,0008-06-03 14:00:00,8,6,3,14,0,130,55,"73, BAILLE (BOULEVARD)",,,Plein jour,En agglomération,Hors intersection,Normale,Deux véhicules - arrière,,,,,,,,,,,1,2,1,1,2
200800031747,0008-06-18 13:40:00,8,6,18,13,40,130,55,ROME (RUE DE)        1 A,,,Plein jour,En agglomération,Intersection en T,Normale,Deux véhicules - côté,,,,,,,,,,,1,2,3,1,3
200800031748,0008-06-30 14:30:00,8,6,30,14,30,130,55,TIBOULEN (BOULEVARD DE),,,Plein jour,En agglomération,Autre intersection,Normale,Deux véhicules - arrière,,,,,,,,,,,1,2,9,1,2
200800031749,0008-06-27 15:20:00,8,6,27,15,20,130,55,"23, MONTREDON (AVENUE DE",,,Plein jour,En agglomération,Hors intersection,Normale,Trois véhicules et plus - collisions multiples,,,,,,,,,,,1,2,1,1,5
200800031750,0008-06-27 12:00:00,8,6,27,12,0,130,55,"250, MAZARGUES (AVENUE D",,,Plein jour,En agglomération,Autre intersection,Normale,Deux véhicules - côté,,,,,,,,,,,1,2,9,1,3
200800031751,0008-06-18 17:45:00,8,6,18,17,45,130,55,PRADO (ROND-POINT),,,Plein jour,En agglomération,Giratoire,Normale,Deux véhicules - côté,,,,,,,,,,,1,2,6,1,3
200800031752,0008-06-18 14:05:00,8,6,18,14,5,130,55,HAIFA (AVENUE),,,Plein jour,En agglomération,Giratoire,Normale,Deux véhicules - arrière,,,,,,,,,,,1,2,6,1,2
200800031753,0008-06-13 23:30:00,8,6,13,23,30,130,55,GRANADOS ALLÉE (ALLEE),,,Nuit avec éclairage allumé,En agglomération,Hors intersection,Normale,Sans collision,,,,,,,,,,,5,2,1,1,7
200800031754,0008-06-11 17:10:00,8,6,11,17,10,130,55,RABATAU (BOULEVARD),,,Plein jour,En agglomération,Intersection en X,Normale,Deux véhicules - côté,,,,,,,,,,,1,2,2,1,3
200800031755,0008-06-05 13:45:00,8,6,5,13,45,130,55,PARADIS (RUE),,,Plein jour,En agglomération,Hors intersection,Normale,Autre collision,,,,,,,,,,,1,2,1,1,6
200800031756,0008-06-26 17:00:00,8,6,26,17,0,130,55,"117, SAINT MARCEL (BOULE",,,Plein jour,En agglomération,Hors intersection,Normale,Deux véhicules - arrière,,,,,,,,,,,1,2,1,1,2
200800031757,0008-06-24 16:45:00,8,6,24,16,45,130,55,MAZARGUES (AVENUE DE),,,Plein jour,En agglomération,Hors intersection,Normale,Autre collision,,,,,,,,,,,1,2,1,1,6
200800031758,0008-06-03 12:30:00,8,6,3,12,30,130,55,"312, MAZARGUES (AVENUE D",,,Plein jour,En agglomération,Hors intersection,Normale,Sans collision,,,,,,,,,,,1,2,1,1,7
200800031759,0008-06-11 17:01:00,8,6,11,17,1,130,55,"215, PRADO (AVENUE)",,,Plein jour,En agglomération,Hors intersection,Normale,Deux véhicules - côté,,,,,,,,,,,1,2,1,1,3
200800031760,0008-06-30 17:30:00,8,6,30,17,30,130,55,SAINT LOUP (BOULEVARD DE,,,Plein jour,En agglomération,Autre intersection,Normale,Autre collision,,,,,,,,,,,1,2,9,1,6
200800031761,0008-06-26 17:50:00,8,6,26,17,50,130,55,"390, PARADIS (RUE)",,,Plein jour,En agglomération,Intersection en T,Normale,Autre collision,,,,,,,,,,,1,2,3,1,6
200800031762,0008-06-18 12:06:00,8,6,18,12,6,130,55,SAINT MENET (AVENUE DE),,,Plein jour,En agglomération,Hors intersection,Normale,Sans collision,,,,,,,,,,,1,2,1,1,7
200800031763,0008-06-02 14:00:00,8,6,2,14,0,130,55,CAMAS (RUE DU),,,Plein jour,En agglomération,Intersection en T,Normale,Deux véhicules - côté,,,,,,,,,,,1,2,3,1,3
200800031764,0008-06-27 19:30:00,8,6,27,19,30,130,55,"237, OLIVES (AVENUE DES)",,,Plein jour,En agglomération,Hors intersection,Normale,Trois véhicules et plus - en chaîne,,,,,,,,,,,1,2,1,1,4
200800031765,0008-06-25 21:10:00,8,6,25,21,10,130,55,SALVADOR ALLENDE (RUE),,,Nuit avec éclairage allumé,En agglomération,Hors intersection,Normale,Deux véhicules - arrière,,,,,,,,,,,5,2,1,1,2
200800031766,0008-06-04 15:10:00,8,6,4,15,10,130,55,DÉSIRÉ BIANCO (AVENUE),,,Plein jour,En agglomération,Hors intersection,Normale,Deux véhicules - côté,,,,,,,,,,,1,2,1,1,3
200800031767,0008-06-28 00:01:00,8,6,28,0,1,130,55,"133, VISTE (AVENUE DE LA",,,Nuit avec éclairage allumé,En agglomération,Hors intersection,Normale,Autre collision,,,,,,,,,,,5,2,1,1,6
200800031768,0008-06-24 17:20:00,8,6,24,17,20,130,55,PRADO (AVENUE),,,Plein jour,En agglomération,Hors intersection,Normale,Sans collision,,,,,,,,,,,1,2,1,1,7
200800031769,0008-06-26 23:30:00,8,6,26,23,30,130,55,"298, PRADO (AVENUE)",,,Nuit avec éclairage allumé,En agglomération,Hors intersection,Normale,Deux véhicules - côté,,,,,,,,,,,5,2,1,1,3
200800031770,0008-06-27 10:00:00,8,6,27,10,0,130,55,"128, POILUS (AVENUE DES)",,,Plein jour,En agglomération,Hors intersection,Normale,Deux véhicules - côté,,,,,,,,,,,1,2,1,1,3
200800031771,0008-06-04 09:10:00,8,6,4,9,10,130,55,RUFFI (RUE DE),,,Plein jour,En agglomération,Hors intersection,Normale,Autre collision,,,,,,,,,,,1,2,1,1,6
200800031772,0008-06-20 18:45:00,8,6,20,18,45,130,55,"65, CORNICHE KENNEDY",,,Plein jour,En agglomération,Hors intersection,Normale,Autre collision,,,,,,,,,,,1,2,1,1,6
200800031773,0008-06-24 08:31:00,8,6,24,8,31,130,55,"14, MALPASSE (TRAVERSE D",,,Plein jour,En agglomération,Giratoire,Normale,Deux véhicules - côté,,,,,,,,,,,1,2,6,1,3
200800031774,0008-06-22 04:50:00,8,6,22,4,50,130,55,"03, JEAN PAUL SARTRE (AV",,,Nuit avec éclairage allumé,En agglomération,Hors intersection,Normale,Deux véhicules - arrière,,,,,,,,,,,5,2,1,1,2
200800031775,0008-06-24 09:00:00,8,6,24,9,0,130,55,"11, JEAN DE BERNARDY (RU",,,Plein jour,En agglomération,Hors intersection,Normale,Autre collision,,,,,,,,,,,1,2,1,1,6
200800031776,0008-06-26 15:00:00,8,6,26,15,0,130,55,"13, ITALIE (RUE D')",,,Plein jour,En agglomération,Intersection en X,Normale,Deux véhicules - côté,,,,,,,,,,,1,2,2,1,3
200800031777,0008-06-27 13:00:00,8,6,27,13,0,130,55,"27, LIEUTAUD (COURS)",,,Plein jour,En agglomération,Hors intersection,Normale,Deux véhicules - côté,,,,,,,,,,,1,2,1,1,3
200800031778,0008-06-30 14:00:00,8,6,30,14,0,130,55,SAUVEUR TOBELEM (RUE),,,Plein jour,En agglomération,Intersection en X,Normale,Deux véhicules - côté,,,,,,,,,,,1,2,2,1,3
200800031779,0008-06-16 07:35:00,8,6,16,7,35,130,55,"02, ALBERT 1ER (RUE)",,,Plein jour,En agglomération,Hors intersection,Normale,Autre collision,,,,,,,,,,,1,2,1,1,6
200800031780,0008-06-17 19:31:00,8,6,17,19,31,130,55,"12, HENRI BARBUSSE (RUE)",,,Plein jour,En agglomération,Hors intersection,Normale,Deux véhicules - côté,,,,,,,,,,,1,2,1,1,3
200800031781,0008-06-18 06:55:00,8,6,18,6,55,130,55,"06, MIREILLE LAUZE (BOUL",,,Plein jour,En agglomération,Hors intersection,Normale,Deux véhicules - arrière,,,,,,,,,,,1,2,1,1,2
200800031782,0008-06-11 15:31:00,8,6,11,15,31,130,55,"141, DANIEL CASANOVA (BO",,,Plein jour,En agglomération,Hors intersection,Normale,Autre collision,,,,,,,,,,,1,2,1,1,6
200800031783,0008-06-09 14:05:00,8,6,9,14,5,130,55,"69, ODESSA (AVENUE)",,,Plein jour,En agglomération,Hors intersection,Normale,Autre collision,,,,,,,,,,,1,2,1,1,6
200800031784,0008-06-10 13:40:00,8,6,10,13,40,130,55,"89, CLOT BEY (AVENUE)",,,Plein jour,En agglomération,Hors intersection,Normale,Deux véhicules - arrière,,,,,,,,,,,1,2,1,1,2
200800031785,0008-06-27 09:10:00,8,6,27,9,10,130,55,"399, SAINT PIERRE (RUE)",,,Plein jour,En agglomération,Hors intersection,Normale,Deux véhicules - côté,,,,,,,,,,,1,2,1,1,3
200800031786,0008-06-20 09:30:00,8,6,20,9,30,130,55,"150, AYGALADES (AVENUE D",,,Plein jour,En agglomération,Hors intersection,Normale,Deux véhicules - côté,,,,,,,,,,,1,2,1,1,3
200800031787,0008-06-02 08:15:00,8,6,2,8,15,130,55,OLIVIER (RUE DE L'),,,Plein jour,En agglomération,Intersection en X,Normale,Deux véhicules - côté,,,,,,,,,,,1,2,2,1,3
200800031788,0008-06-02 10:01:00,8,6,2,10,1,130,55,"13, MARÉCHAL FOCH (AVENU",,,Plein jour,En agglomération,Hors intersection,Normale,Deux véhicules - côté,,,,,,,,,,,1,2,1,1,3
200800031789,0008-06-20 11:00:00,8,6,20,11,0,130,55,"141, CORNICHE KENNEDY",,,Plein jour,En agglomération,Hors intersection,Normale,Autre collision,,,,,,,,,,,1,2,1,1,6
200800031790,0008-06-30 10:00:00,8,6,30,10,0,130,55,"320, SAINT JOSEPH (CHEMI",,,Plein jour,En agglomération,Hors intersection,Normale,Deux véhicules - arrière,,,,,,,,,,,1,2,1,1,2
200800031791,0008-06-25 10:00:00,8,6,25,10,0,130,55,ARENC (QUAI D'),,,Plein jour,En agglomération,Giratoire,Normale,Deux véhicules - arrière,,,,,,,,,,,1,2,6,1,2
200800031792,0008-06-25 17:30:00,8,6,25,17,30,130,55,"33, JULES CANTINI (AVENU",,,Plein jour,En agglomération,Hors intersection,Normale,Autre collision,,,,,,,,,,,1,2,1,1,6
200800031793,0008-06-30 11:00:00,8,6,30,11,0,130,55,"20, MIREILLE LAUZE (BOUL",,,Plein jour,En agglomération,Giratoire,Normale,Deux véhicules - côté,,,,,,,,,,,1,2,6,1,3
200800031794,0008-06-29 23:10:00,8,6,29,23,10,130,55,"28, FRANCIS DE PRESSENSE",,,Nuit avec éclairage allumé,En agglomération,Hors intersection,Normale,Autre collision,,,,,,,,,,,5,2,1,1,6
200800031795,0008-06-23 20:40:00,8,6,23,20,40,130,55,"46, PORT (QUAI DU)",,,Plein jour,En agglomération,Hors intersection,Normale,Autre collision,,,,,,,,,,,1,2,1,1,6
200800031796,0008-06-28 18:00:00,8,6,28,18,0,130,55,"86, PORT (QUAI DU)",,,Plein jour,En agglomération,Autre intersection,Normale,Autre collision,,,,,,,,,,,1,2,9,1,6
200800031797,0008-06-09 13:30:00,8,6,9,13,30,130,55,PIERRE GUERRE (ROND-POIN,,,Plein jour,En agglomération,Giratoire,Normale,Deux véhicules - arrière,,,,,,,,,,,1,2,6,1,2
200800031798,0008-06-21 14:30:00,8,6,21,14,30,130,55,"72, MENDES FRANCE (AVENU",,,Plein jour,En agglomération,Hors intersection,Temps éblouissant,Trois véhicules et plus - collisions multiples,,,,,,,,,,,1,2,1,7,5
200800031799,0008-06-23 13:00:00,8,6,23,13,0,130,55,"201, ROUCAS BLAN (CHEMIN",,,Plein jour,En agglomération,Autre intersection,Normale,Sans collision,,,,,,,,,,,1,2,9,1,7
200800031800,0008-06-15 19:50:00,8,6,15,19,50,130,55,"130, ALPHONSE DAUDET (RU",,,Plein jour,En agglomération,Hors intersection,Normale,Deux véhicules - frontale,,,,,,,,,,,1,2,1,1,1
200800031801,0008-06-23 09:00:00,8,6,23,9,0,130,55,"225, NOTRE DAME (CHEMIN)",,,Plein jour,En agglomération,Hors intersection,Normale,Deux véhicules - côté,,,,,,,,,,,1,2,1,1,3
200800031802,0008-06-26 17:30:00,8,6,26,17,30,130,55,"15, SAINT MENET (AVENUE",,,Plein jour,En agglomération,Intersection en X,Normale,Sans collision,,,,,,,,,,,1,2,2,1,7
200800031803,0008-06-20 08:05:00,8,6,20,8,5,130,55,CORNICHE KENNEDY,,,Plein jour,En agglomération,Hors intersection,Normale,Deux véhicules - arrière,,,,,,,,,,,1,2,1,1,2
200800031804,0008-06-20 11:15:00,8,6,20,11,15,130,55,"25, FRANÇOIS MIGNET (AVE",,,Plein jour,En agglomération,Intersection en T,Normale,Deux véhicules - côté,,,,,,,,,,,1,2,3,1,3
200800031805,0008-06-13 15:45:00,8,6,13,15,45,130,55,"117, ITALIE (RUE D')",,,Plein jour,En agglomération,Hors intersection,Normale,Autre collision,,,,,,,,,,,1,2,1,1,6
200800031806,0008-06-30 09:40:00,8,6,30,9,40,130,55,"83, DUGOMMIER (BOULEVARD",,,Plein jour,En agglomération,Hors intersection,Normale,Deux véhicules - côté,,,,,,,,,,,1,2,1,1,3
200800031807,0008-06-18 12:30:00,8,6,18,12,30,130,55,MONTREDON (AVENUE DE),,,Plein jour,En agglomération,Hors intersection,Normale,Deux véhicules - côté,,,,,,,,,,,1,2,1,1,3
200800031808,0008-06-28 01:00:00,8,6,28,1,0,130,55,"39, SAINTE BARBE (RUE)",,,Nuit avec éclairage allumé,En agglomération,Hors intersection,Normale,Autre collision,,,,,,,,,,,5,2,1,1,6
200800031809,0008-06-24 23:15:00,8,6,24,23,15,130,55,"19, LYON (RUE DE)",,,Nuit avec éclairage allumé,En agglomération,Hors intersection,Normale,Autre collision,,,,,,,,,,,5,2,1,1,6
200800031810,0008-06-13 16:30:00,8,6,13,16,30,130,55,ESTRANGIN (PLACE),,,Plein jour,En agglomération,Intersection en T,Normale,Deux véhicules - côté,,,,,,,,,,,1,2,3,1,3
200800031811,0008-06-04 07:20:00,8,6,4,7,20,130,56,ROUTE DE SAINT PIERRE,,,Plein jour,Hors agglomération,Hors intersection,Normale,Autre collision,,,,,,,,,,,1,1,1,1,6
200800031812,0008-06-13 07:25:00,8,6,13,7,25,130,77,RN 568,,,Plein jour,En agglomération,Hors intersection,Normale,Trois véhicules et plus - en chaîne,,,,,,,,,,,1,2,1,1,4
200800031813,0008-06-14 22:42:00,8,6,14,22,42,130,26,PATAFLOUX (chemin de),,,Nuit avec éclairage allumé,Hors agglomération,Hors intersection,Normale,Deux véhicules - côté,,,,,,,,,,,5,1,1,1,3
200800031814,0008-06-16 22:35:00,8,6,16,22,35,130,39,CAMILLE PELLETAN (avenue,,,Nuit avec éclairage allumé,En agglomération,Hors intersection,Normale,Deux véhicules - côté,,,,,,,,,,,5,2,1,1,3
200800031815,0008-06-20 13:55:00,8,6,20,13,55,130,77,RN 568,,,Plein jour,En agglomération,Hors intersection,Normale,Autre collision,,,,,,,,,,,1,2,1,1,6
200800031816,0008-06-20 23:10:00,8,6,20,23,10,130,39,RN 568,,,Nuit sans éclairage public,Hors agglomération,Hors intersection,Normale,Autre collision,,,,,,,,,,,3,1,1,1,6
200800031817,0008-06-19 08:25:00,8,6,19,8,25,130,39,ROUTE NATIONALE 569,,,Plein jour,Hors agglomération,Hors intersection,Normale,Deux véhicules - frontale,,,,,,,,,,,1,1,1,1,1
200800031818,0008-06-19 20:15:00,8,6,19,20,15,130,39,ROUTE NATIONALE 568,,,Plein jour,Hors agglomération,Hors intersection,Normale,Autre collision,,,,,,,,,,,1,1,1,1,6
200800031819,0008-06-14 18:10:00,8,6,14,18,10,130,26,RN 568,,,Plein jour,En agglomération,Hors intersection,Normale,Deux véhicules - arrière,,,,,,,,,,,1,2,1,1,2
200800031820,0008-06-21 10:40:00,8,6,21,10,40,130,56,ARAGON (rue Louis),,,Plein jour,En agglomération,Intersection en T,Normale,Deux véhicules - côté,,,,,,,,,,,1,2,3,1,3
200800031821,0008-06-06 14:15:00,8,6,6,14,15,130,103,RUE LURIAN - FONTAINE DE,,,Plein jour,En agglomération,Intersection en T,Normale,Sans collision,,,,,,,,,,,1,2,3,1,7
200800031822,0008-06-10 15:10:00,8,6,10,15,10,130,103,"400,  VIEUX CHEMIN D'IST",,,Plein jour,En agglomération,Hors intersection,Normale,Autre collision,,,,,,,,,,,1,2,1,1,6
200800031823,0008-06-18 18:05:00,8,6,18,18,5,130,103,AVENUE BOUCHAGA BOUALEM-,,,Plein jour,En agglomération,Hors intersection,Normale,Deux véhicules - arrière,,,,,,,,,,,1,2,1,1,2
200800031824,0008-06-21 18:55:00,8,6,21,18,55,130,103,PLACE GAMBETTA,,,Plein jour,En agglomération,Hors intersection,Normale,Autre collision,,,,,,,,,,,1,2,1,1,6
200800031825,0008-06-27 12:50:00,8,6,27,12,50,130,103,RN 113,,,Plein jour,Hors agglomération,Autre intersection,Normale,Deux véhicules - côté,,,,,,,,,,,1,1,9,1,3
200800031826,0008-06-02 12:15:00,8,6,2,12,15,130,108,CAYADES (ROUTE DES),,,Plein jour,Hors agglomération,Intersection en X,Normale,Deux véhicules - côté,,,,,,,,,,,1,1,2,1,3
200800031827,0008-06-16 07:10:00,8,6,16,7,10,130,108,RD 570 ROUTE D'AVIGNON,,,Plein jour,Hors agglomération,Hors intersection,Normale,Deux véhicules - arrière,,,,,,,,,,,1,1,1,1,2
200800031828,0008-06-01 05:40:00,8,6,1,5,40,130,117,"xxx, STIRBOIS (ROND POIN",,,Crépuscule ou aube,En agglomération,Hors intersection,Pluie légère,Sans collision,,,,,,,,,,,2,2,1,2,7
200800031829,0008-06-03 12:15:00,8,6,3,12,15,130,117,"xxx, PTT SUD AVENUE JEAN",,,Plein jour,En agglomération,Intersection en Y,Normale,Deux véhicules - arrière,,,,,,,,,,,1,2,4,1,2
200800031830,0008-06-05 16:30:00,8,6,5,16,30,130,71,"xxx, CHEMIN DEPARTEMENTA",,,Plein jour,Hors agglomération,Hors intersection,Normale,Deux véhicules - côté,,,,,,,,,,,1,1,1,1,3
200800031831,0008-06-10 17:00:00,8,6,10,17,0,130,117,"xxx, ROUTE NATIONALE 113",,,Plein jour,En agglomération,Intersection en T,Normale,Deux véhicules - côté,,,,,,,,,,,1,2,3,1,3
200800031832,0008-06-10 18:30:00,8,6,10,18,30,130,117,"xxx, CONSTANT ( AVENUE J",,,Plein jour,En agglomération,Hors intersection,Normale,Autre collision,,,,,,,,,,,1,2,1,1,6
200800031833,0008-06-12 16:55:00,8,6,12,16,55,130,117,"xxx, ATHENES (RUE D')",,,Plein jour,En agglomération,Hors intersection,Normale,Deux véhicules - côté,,,,,,,,,,,1,2,1,1,3
200800031834,0008-06-13 14:00:00,8,6,13,14,0,130,117,"xxx, CHEMIN DEPARTEMENTA",,,Plein jour,Hors agglomération,Hors intersection,Normale,Sans collision,,,,,,,,,,,1,1,1,1,7
200800031835,0008-06-21 20:10:00,8,6,21,20,10,130,71,"159, MITTERRAND (AVENUE",,,Plein jour,En agglomération,Hors intersection,Normale,Autre collision,,,,,,,,,,,1,2,1,1,6
200800031836,0008-06-23 22:10:00,8,6,23,22,10,130,71,"0, PENNES AUX PINS ( CHE",,,Nuit avec éclairage allumé,En agglomération,Giratoire,Normale,Sans collision,,,,,,,,,,,5,2,6,1,7
200800031837,0008-06-24 08:45:00,8,6,24,8,45,130,117,"33, EUROPE ( AVENUE DE L",,,Plein jour,En agglomération,Hors intersection,Normale,Trois véhicules et plus - collisions multiples,,,,,,,,,,,1,2,1,1,5