accident_id,datetime,annee,mois,jour,heure,minute,departement,commune_insee,adresse,latitude,longitude,luminosite,agglomeration,intersection,meteo,collision,nb_vehicules,nb_usagers,nb_indemnes,nb_tues,nb_blesses_hosp,nb_blesses_legers,age_cond_1,age_cond_2,veh_type_cond_1,veh_type_cond_2,lum_code,agg_code,int_code,atm_code,col_code
200800031838,0008-06-27 11:50:00,8,6,27,11,50,130,117,"xx, ASSEDIC (DENIS PADOV",,,Plein jour,En agglomération,Intersection en T,Normale,Deux véhicules - côté,,,,,,,,,,,1,2,3,1,3
200800031839,0008-06-30 08:40:00,8,6,30,8,40,130,71,"xxx, ROUTE NATIONALE 368",,,Plein jour,Hors agglomération,Intersection en T,Normale,Deux véhicules - côté,,,,,,,,,,,1,1,3,1,3
200800031840,0008-06-04 19:50:00,8,6,4,19,50,140,118,LAUJARDIERE (ESPLANADE B,,,Plein jour,En agglomération,Hors intersection,Normale,Deux véhicules - côté,,,,,,,,,,,1,2,1,1,3
200800031841,0008-06-04 16:05:00,8,6,4,16,5,140,118,"7, PATRIOTES (RUE DES)",,,Plein jour,En agglomération,Hors intersection,Normale,Autre collision,,,,,,,,,,,1,2,1,1,6
200800031842,0008-06-05 16:00:00,8,6,5,16,0,140,327,"0, GAULLE (AVENUE DU GEN",,,Plein jour,En agglomération,Hors intersection,Normale,Deux véhicules - arrière,,,,,,,,,,,1,2,1,1,2
200800031843,0008-06-06 20:40:00,8,6,6,20,40,140,118,"43, GEOLE (RUE DE)",,,Plein jour,En agglomération,Hors intersection,Normale,Autre collision,,,,,,,,,,,1,2,1,1,6
200800031844,0008-06-10 06:15:00,8,6,10,6,15,140,118,TOURVILLE (AVENUE DE),,,Plein jour,Hors agglomération,Hors intersection,Normale,Sans collision,,,,,,,,,,,1,1,1,1,7
200800031845,0008-06-11 17:00:00,8,6,11,17,0,140,118,"06, SAINT MARTIN (PLACE)",,,Plein jour,En agglomération,Hors intersection,Normale,Autre collision,,,,,,,,,,,1,2,1,1,6
200800031846,0008-06-12 19:40:00,8,6,12,19,40,140,118,CAPONIERE (RUE <=  109 I,,,Plein jour,En agglomération,Intersection en X,Normale,Deux véhicules - côté,,,,,,,,,,,1,2,2,1,3
200800031847,0008-06-13 10:55:00,8,6,13,10,55,140,341,"0, VAL (CHEMIN DU)",,,Plein jour,En agglomération,Intersection en X,Normale,Deux véhicules - côté,,,,,,,,,,,1,2,2,1,3
200800031848,0008-06-15 19:30:00,8,6,15,19,30,140,118,"0, BOUTIQUES (RUE DES)",,,Plein jour,En agglomération,Hors intersection,Normale,Autre collision,,,,,,,,,,,1,2,1,1,6
200800031849,0008-06-13 08:55:00,8,6,13,8,55,140,118,"99, CAPONIERE (RUE <=  1",,,Plein jour,En agglomération,Hors intersection,Normale,Autre collision,,,,,,,,,,,1,2,1,1,6
200800031850,0008-06-19 10:45:00,8,6,19,10,45,140,341,"0, ADER ( BD CLEMENT )",,,Plein jour,En agglomération,Hors intersection,Temps couvert,Deux véhicules - frontale,,,,,,,,,,,1,2,1,8,1
200800031851,0008-06-21 19:42:00,8,6,21,19,42,140,137,"97, CAUMONT (ROUTE DE )",,,Plein jour,En agglomération,Intersection en T,Normale,Autre collision,,,,,,,,,,,1,2,3,1,6
200800031852,0008-06-23 09:20:00,8,6,23,9,20,140,118,"179, BASSE (RUE >= 93 IM",,,Plein jour,En agglomération,Hors intersection,Normale,Deux véhicules - frontale,,,,,,,,,,,1,2,1,1,1
200800031853,0008-06-25 14:15:00,8,6,25,14,15,140,118,"30, LYAUTEY (BOULEVARD M",,,Plein jour,En agglomération,Hors intersection,Normale,Deux véhicules - côté,,,,,,,,,,,1,2,1,1,3
200800031854,0008-06-27 08:00:00,8,6,27,8,0,140,118,"50, LEROY (BOULEVARD)",,,Plein jour,En agglomération,Intersection en T,Normale,Deux véhicules - côté,,,,,,,,,,,1,2,3,1,3
200800031855,0008-06-29 16:45:00,8,6,29,16,45,140,118,RN814,,,Plein jour,Hors agglomération,Hors intersection,Normale,Sans collision,,,,,,,,,,,1,1,1,1,7
200800031856,0008-06-30 08:55:00,8,6,30,8,55,140,101,RN 814,,,Plein jour,Hors agglomération,Hors intersection,Normale,Sans collision,,,,,,,,,,,1,1,1,1,7
200800031857,0008-06-11 18:30:00,8,6,11,18,30,140,117,GUILLAUME LE CONQUERANT,,,Plein jour,En agglomération,Intersection en X,Normale,Deux véhicules - côté,,,,,,,,,,,1,2,2,1,3
200800031858,0008-06-17 16:15:00,8,6,17,16,15,140,333,"14, MANUEL (COURS ALBERT",,,Plein jour,En agglomération,Hors intersection,Normale,Autre collision,,,,,,,,,,,1,2,1,1,6
200800031859,0008-06-27 17:00:00,8,6,27,17,0,140,536,", CD 140",,,Plein jour,En agglomération,Hors intersection,Normale,Autre collision,,,,,,,,,,,1,2,1,1,6
200800031860,0008-06-21 14:55:00,8,6,21,14,55,140,366,", ORIVAL (RUE D')",,,Plein jour,En agglomération,Intersection en X,Normale,Deux véhicules - côté,,,,,,,,,,,1,2,2,1,3
200800031861,0008-06-20 15:25:00,8,6,20,15,25,140,220,SPORTS (BOULEVARD DES),,,Plein jour,En agglomération,Hors intersection,Normale,Autre collision,,,,,,,,,,,1,2,1,1,6
200800031862,0008-06-07 15:40:00,8,6,7,15,40,150,12,SENILHES,,,Plein jour,Hors agglomération,Hors intersection,Normale,Sans collision,,,,,,,,,,,1,1,1,1,7
200800031863,0008-06-18 08:45:00,8,6,18,8,45,150,14,"28, GAMBETTA (AVENUE)",,,Plein jour,En agglomération,Place,Normale,Autre collision,,,,,,,,,,,1,2,7,1,6
200800031864,0008-06-27 18:50:00,8,6,27,18,50,150,14,VERDUN (BOULEVARD DE),,,Plein jour,En agglomération,Hors intersection,Normale,Autre collision,,,,,,,,,,,1,2,1,1,6
200800031865,0008-06-01 00:10:00,8,6,1,0,10,160,89,"1, TRACHE (RUE DE LA)",,,Nuit avec éclairage allumé,En agglomération,Intersection en Y,Normale,Deux véhicules - côté,,,,,,,,,,,5,2,4,1,3
200800031866,0008-06-01 10:30:00,8,6,1,10,30,170,449,"174490044, SAINTONGE AVE",,,Plein jour,Hors agglomération,Intersection en T,Pluie légère,Deux véhicules - côté,,,,,,,,,,,1,1,3,2,3
200800031867,0008-06-03 22:30:00,8,6,3,22,30,170,449,"174490090, DULIN AVENUE",,,Nuit avec éclairage allumé,En agglomération,Giratoire,Normale,Sans collision,,,,,,,,,,,5,2,6,1,7
200800031868,0008-06-04 12:00:00,8,6,4,12,0,170,299,"172990361, VALENCE RUE",,,Plein jour,En agglomération,Intersection en T,Normale,Deux véhicules - côté,,,,,,,,,,,1,2,3,1,3
200800031869,0008-06-06 07:55:00,8,6,6,7,55,170,299,"172990305, PUJOS RUE DU",,,Plein jour,En agglomération,Intersection en T,Normale,Deux véhicules - frontale,,,,,,,,,,,1,2,3,1,1
200800031870,0008-06-08 16:10:00,8,6,8,16,10,170,299,"172990066, BRILLOUET RUE",,,Plein jour,En agglomération,Giratoire,Normale,Sans collision,,,,,,,,,,,1,2,6,1,7
200800031871,0008-06-10 18:40:00,8,6,10,18,40,170,299,"172990296, PONT NEUF AVE",,,Plein jour,En agglomération,Hors intersection,Pluie forte,Autre collision,,,,,,,,,,,1,2,1,3,6
200800031872,0008-06-13 11:25:00,8,6,13,11,25,170,449,"174490034, R.D. 137 (TON",,,Plein jour,Hors agglomération,Hors intersection,Normale,Deux véhicules - arrière,,,,,,,,,,,1,1,1,1,2
200800031873,0008-06-13 20:25:00,8,6,13,20,25,170,299,"172990018, AUDRY DE PUYR",,,Plein jour,En agglomération,Intersection en X,Normale,Deux véhicules - côté,,,,,,,,,,,1,2,2,1,3
200800031874,0008-06-15 12:10:00,8,6,15,12,10,170,299,"172990303, POUZET BOULEV",,,Plein jour,En agglomération,Giratoire,Normale,Deux véhicules - côté,,,,,,,,,,,1,2,6,1,3
200800031875,0008-06-21 16:15:00,8,6,21,16,15,170,299,"172990087, CHANZY RUE",,,Plein jour,En agglomération,Intersection en X,Normale,Deux véhicules - côté,,,,,,,,,,,1,2,2,1,3
200800031876,0008-06-23 08:00:00,8,6,23,8,0,170,299,"172990057, BONNET RUE DU",,,Plein jour,En agglomération,Giratoire,Normale,Deux véhicules - côté,,,,,,,,,,,1,2,6,1,3
200800031877,0008-06-23 12:20:00,8,6,23,12,20,170,449,"174490005, AUNIS AVENUE",,,Plein jour,En agglomération,Hors intersection,Normale,Deux véhicules - côté,,,,,,,,,,,1,2,1,1,3
200800031878,0008-06-28 05:00:00,8,6,28,5,0,170,299,"172990350, TORRELAVEGA A",,,Nuit avec éclairage allumé,Hors agglomération,Hors intersection,Normale,Sans collision,,,,,,,,,,,5,1,1,1,7
200800031879,0008-06-28 19:30:00,8,6,28,19,30,170,299,"172990223, LIBERATION AV",,,Plein jour,En agglomération,Hors intersection,Normale,Deux véhicules - arrière,,,,,,,,,,,1,2,1,1,2
200800031880,0008-06-02 07:19:00,8,6,2,7,19,170,300,SAUTEL  BOULEVARD ANDRE,,,Plein jour,En agglomération,Hors intersection,Normale,Deux véhicules - côté,,,,,,,,,,,1,2,1,1,3
200800031881,0008-06-03 16:47:00,8,6,3,16,47,170,300,MAIL   ALLEE DU,,,Plein jour,En agglomération,Hors intersection,Normale,Sans collision,,,,,,,,,,,1,2,1,1,7
200800031882,0008-06-04 12:15:00,8,6,4,12,15,170,300,"001, MOULIN   PONT JEAN",,,Plein jour,En agglomération,Intersection en T,Normale,Deux véhicules - côté,,,,,,,,,,,1,2,3,1,3
200800031883,0008-06-04 15:30:00,8,6,4,15,30,170,300,"17, VERRERIE   RUE DE LA",,,Plein jour,En agglomération,Autre intersection,Normale,Autre collision,,,,,,,,,,,1,2,9,1,6
200800031884,0008-06-04 17:15:00,8,6,4,17,15,170,274,GRANDE RUE   RUE,,,Plein jour,En agglomération,Hors intersection,Normale,Autre collision,,,,,,,,,,,1,2,1,1,6
200800031885,0008-06-07 08:15:00,8,6,7,8,15,170,300,06 PK RN237 MOULIN JUSTI,,,Plein jour,En agglomération,Hors intersection,Normale,Autre collision,,,,,,,,,,,1,2,1,1,6
200800031886,0008-06-07 16:54:00,8,6,7,16,54,170,28,SALENGRO   AVENUE ROGER,,,Plein jour,En agglomération,Hors intersection,Normale,Deux véhicules - arrière,,,,,,,,,,,1,2,1,1,2
200800031887,0008-06-09 09:50:00,8,6,9,9,50,170,300,"271, CORSAIRES   AVENUE",,,Plein jour,En agglomération,Hors intersection,Normale,Deux véhicules - côté,,,,,,,,,,,1,2,1,1,3
200800031888,0008-06-10 17:10:00,8,6,10,17,10,170,291,GRAMMONT   RUE DE,,,Plein jour,Hors agglomération,Intersection en X,Normale,Deux véhicules - côté,,,,,,,,,,,1,1,2,1,3
200800031889,0008-06-10 17:30:00,8,6,10,17,30,170,300,CRAPAUDIERES   AVENUE DE,,,Plein jour,En agglomération,Intersection en T,Normale,Deux véhicules - côté,,,,,,,,,,,1,2,3,1,3
200800031890,0008-06-11 01:40:00,8,6,11,1,40,170,300,07 PK RN237 RE MOULIN JU,,,Nuit sans éclairage public,Hors agglomération,Hors intersection,Normale,Autre collision,,,,,,,,,,,3,1,1,1,6
200800031891,0008-06-11 03:20:00,8,6,11,3,20,170,300,"221, PERIGNY   RUE DE",,,Nuit avec éclairage allumé,En agglomération,Hors intersection,Normale,Sans collision,,,,,,,,,,,5,2,1,1,7
200800031892,0008-06-11 12:35:00,8,6,11,12,35,170,300,GARGOULLEAU   RUE,,,Plein jour,En agglomération,Hors intersection,Normale,Autre collision,,,,,,,,,,,1,2,1,1,6
200800031893,0008-06-13 08:50:00,8,6,13,8,50,170,300,"194, LACROIX   RUE MARIU",,,Plein jour,En agglomération,Hors intersection,Normale,Autre collision,,,,,,,,,,,1,2,1,1,6
200800031894,0008-06-13 14:30:00,8,6,13,14,30,170,291,LIBERATION   RUE DE LA,,,Plein jour,En agglomération,Hors intersection,Normale,Sans collision,,,,,,,,,,,1,2,1,1,7
200800031895,0008-06-15 19:05:00,8,6,15,19,5,170,28,114 PK RN137 JUSTICE ROC,,,Plein jour,Hors agglomération,Hors intersection,Normale,Autre collision,,,,,,,,,,,1,1,1,1,6
200800031896,0008-06-17 12:15:00,8,6,17,12,15,170,200,"12, MOISY   AVENUE DU RE",,,Plein jour,En agglomération,Hors intersection,Normale,Deux véhicules - arrière,,,,,,,,,,,1,2,1,1,2
200800031897,0008-06-18 19:05:00,8,6,18,19,5,170,300,"38, NORMANDIN   RUE EMIL",,,Plein jour,En agglomération,Hors intersection,Normale,Deux véhicules - arrière,,,,,,,,,,,1,2,1,1,2
200800031898,0008-06-20 15:15:00,8,6,20,15,15,170,274,LUMIERE   AVENUE LOUIS,,,Plein jour,En agglomération,Hors intersection,Normale,Deux véhicules - arrière,,,,,,,,,,,1,2,1,1,2
200800031899,0008-06-20 22:50:00,8,6,20,22,50,170,300,"22, REMPART   CHEMIN DU",,,Nuit avec éclairage allumé,En agglomération,Hors intersection,Normale,Autre collision,,,,,,,,,,,5,2,1,1,6
200800031900,0008-06-21 18:00:00,8,6,21,18,0,170,300,GUITON   AVENUE JEAN (1/,,,Plein jour,En agglomération,Hors intersection,Normale,Deux véhicules - côté,,,,,,,,,,,1,2,1,1,3
200800031901,0008-06-22 20:20:00,8,6,22,20,20,170,300,FLOURENS   RUE GUSTAVE,,,Plein jour,En agglomération,Intersection en T,Normale,Deux véhicules - côté,,,,,,,,,,,1,2,3,1,3
200800031902,0008-06-23 08:40:00,8,6,23,8,40,170,300,MONNET   AVENUE JEAN,,,Plein jour,En agglomération,Giratoire,Normale,Deux véhicules - côté,,,,,,,,,,,1,2,6,1,3
200800031903,0008-06-26 17:40:00,8,6,26,17,40,170,300,05 PK RN237 MOULIN JUSTI,,,Plein jour,Hors agglomération,Hors intersection,Normale,Autre collision,,,,,,,,,,,1,1,1,1,6
200800031904,0008-06-27 08:10:00,8,6,27,8,10,170,300,"001, GAMBETTA   AVENUE",,,Plein jour,En agglomération,Intersection en X,Normale,Deux véhicules - côté,,,,,,,,,,,1,2,2,1,3
200800031905,0008-06-30 14:55:00,8,6,30,14,55,170,300,SCHWEITZER   RUE DU DOCT,,,Plein jour,Hors agglomération,Intersection en T,Normale,Deux véhicules - côté,,,,,,,,,,,1,1,3,1,3
200800031906,0008-06-06 20:00:00,8,6,6,20,0,170,306,"72, LAMY (BD FRANCK)",,,Plein jour,En agglomération,Hors intersection,Normale,Deux véhicules - arrière,,,,,,,,,,,1,2,1,1,2
200800031907,0008-06-07 23:55:00,8,6,7,23,55,170,306,"02, CLEMENCEAU  GEORGES",,,Nuit avec éclairage allumé,En agglomération,Hors intersection,Normale,Autre collision,,,,,,,,,,,5,2,1,1,6
200800031908,0008-06-10 12:25:00,8,6,10,12,25,170,306,"0, METADIER (DOCTEUR PAU",,,Plein jour,En agglomération,Intersection en T,Normale,Deux véhicules - côté,,,,,,,,,,,1,2,3,1,3
200800031909,0008-06-12 08:40:00,8,6,12,8,40,170,380,"0, EXPRESS (VOIE)",,,Plein jour,En agglomération,Hors intersection,Normale,Sans collision,,,,,,,,,,,1,2,1,1,7
200800031910,0008-06-13 15:15:00,8,6,13,15,15,170,306,"0, SAINT FRANCOIS (AVENU",,,Plein jour,En agglomération,Intersection en T,Normale,Deux véhicules - côté,,,,,,,,,,,1,2,3,1,3
200800031911,0008-06-14 07:30:00,8,6,14,7,30,170,306,"0, AQUITAINE (ALIENOR D'",,,Crépuscule ou aube,En agglomération,Intersection en X,Normale,Deux véhicules - côté,,,,,,,,,,,2,2,2,1,3
200800031912,0008-06-15 17:35:00,8,6,15,17,35,170,380,"0, CORNUBERT (COLONEL)",,,Plein jour,En agglomération,Giratoire,Normale,Deux véhicules - côté,,,,,,,,,,,1,2,6,1,3
200800031913,0008-06-19 11:00:00,8,6,19,11,0,170,306,"0, HEDDE (AVENUE DANIEL)",,,Plein jour,En agglomération,Hors intersection,Normale,Autre collision,,,,,,,,,,,1,2,1,1,6
200800031914,0008-06-20 01:15:00,8,6,20,1,15,170,306,"0, 4E ZOUAVE (DU) (AVENU",,,Nuit sans éclairage public,En agglomération,Hors intersection,Normale,Autre collision,,,,,,,,,,,3,2,1,1,6
200800031915,0008-06-22 01:15:00,8,6,22,1,15,170,306,"0, GRANDE CONCHE (DE LA)",,,Nuit sans éclairage public,En agglomération,Hors intersection,Normale,Autre collision,,,,,,,,,,,3,2,1,1,6
200800031916,0008-06-22 11:40:00,8,6,22,11,40,170,306,HEDDE (AVENUE DANIEL),,,Plein jour,En agglomération,Hors intersection,Normale,Deux véhicules - arrière,,,,,,,,,,,1,2,1,1,2
200800031917,0008-06-24 18:50:00,8,6,24,18,50,170,461,", FLEURS (DES)",,,Plein jour,En agglomération,Intersection en T,Normale,Deux véhicules - côté,,,,,,,,,,,1,2,3,1,3
200800031918,0008-06-26 16:50:00,8,6,26,16,50,170,306,"0, COURLIS (DES)",,,Plein jour,En agglomération,Hors intersection,Normale,Deux véhicules - arrière,,,,,,,,,,,1,2,1,1,2
200800031919,0008-06-27 02:05:00,8,6,27,2,5,170,461,"122, COTE DE BEAUTE (BOU",,,Nuit sans éclairage public,En agglomération,Hors intersection,Normale,Deux véhicules - arrière,,,,,,,,,,,3,2,1,1,2
200800031920,0008-06-27 18:05:00,8,6,27,18,5,170,306,EXPRESS (VOIE),,,Plein jour,En agglomération,Hors intersection,Normale,Trois véhicules et plus - collisions multiples,,,,,,,,,,,1,2,1,1,5
200800031921,0008-06-27 23:25:00,8,6,27,23,25,170,306,BOUCHET LOUIS (AVENUE),,,Nuit avec éclairage allumé,En agglomération,Hors intersection,Normale,Deux véhicules - côté,,,,,,,,,,,5,2,1,1,3
200800031922,0008-06-06 14:00:00,8,6,6,14,0,170,415,"80, LECLERC COURS DU MAR",,,Plein jour,En agglomération,Hors intersection,Normale,Autre collision,,,,,,,,,,,1,2,1,1,6
200800031923,0008-06-11 22:40:00,8,6,11,22,40,170,415,"1, TAILLASSON MAZEL RUE",,,Nuit avec éclairage allumé,En agglomération,Hors intersection,Normale,Sans collision,,,,,,,,,,,5,2,1,1,7
200800031924,0008-06-13 13:20:00,8,6,13,13,20,170,415,PALISSY PONT,,,Plein jour,En agglomération,Hors intersection,Normale,Deux véhicules - arrière,,,,,,,,,,,1,2,1,1,2
200800031925,0008-06-14 11:40:00,8,6,14,11,40,170,415,REPUBLIQUE QUAI DE LA,,,Plein jour,En agglomération,Hors intersection,Normale,Autre collision,,,,,,,,,,,1,2,1,1,6
200800031926,0008-06-15 08:15:00,8,6,15,8,15,170,415,ROCADE OUEST,,,Plein jour,Hors agglomération,Hors intersection,Normale,Deux véhicules - frontale,,,,,,,,,,,1,1,1,1,1
200800031927,0008-06-16 18:05:00,8,6,16,18,5,170,415,route nationale 141,,,Plein jour,Hors agglomération,Hors intersection,Normale,Sans collision,,,,,,,,,,,1,1,1,1,7
200800031928,0008-06-21 00:20:00,8,6,21,0,20,170,415,"2, GAMBETTA 2 A 72 ET 5",,,Nuit avec éclairage allumé,En agglomération,Intersection en X,Normale,Deux véhicules - côté,,,,,,,,,,,5,2,2,1,3
200800031929,0008-06-25 11:35:00,8,6,25,11,35,170,415,ROCADE OUEST,,,Plein jour,Hors agglomération,Hors intersection,Normale,Deux véhicules - côté,,,,,,,,,,,1,1,1,1,3
200800031930,0008-06-02 17:04:00,8,6,2,17,4,180,33,"SANS, BASTARD (ROCADE JA",,,Plein jour,En agglomération,Hors intersection,Normale,Trois véhicules et plus - en chaîne,,,,,,,,,,,1,2,1,1,4
200800031931,0008-06-04 09:15:00,8,6,4,9,15,180,33,"SANS, CHAPPE (CHAUSSEE D",,,Plein jour,En agglomération,Hors intersection,Normale,Deux véhicules - arrière,,,,,,,,,,,1,2,1,1,2
200800031932,0008-06-06 19:48:00,8,6,6,19,48,180,33,"SANS, ROUSSEAU (RUE JEAN",,,Plein jour,En agglomération,Hors intersection,Normale,Trois véhicules et plus - collisions multiples,,,,,,,,,,,1,2,1,1,5
200800031933,0008-06-07 18:38:00,8,6,7,18,38,180,33,"SANS, CHAPPE (CHAUSSEE D",,,Plein jour,En agglomération,Hors intersection,Normale,Trois véhicules et plus - en chaîne,,,,,,,,,,,1,2,1,1,4
200800031934,0008-06-09 17:53:00,8,6,9,17,53,180,33,"27, VERLAINE (RUE PAUL)",,,Plein jour,En agglomération,Hors intersection,Normale,Autre collision,,,,,,,,,,,1,2,1,1,6
200800031935,0008-06-10 19:35:00,8,6,10,19,35,180,205,RN 76,,,Plein jour,Hors agglomération,Hors intersection,Pluie légère,Deux véhicules - arrière,,,,,,,,,,,1,1,1,2,2
200800031936,0008-06-17 08:15:00,8,6,17,8,15,180,33,"SANS, ALOUETTES (RUE DES",,,Plein jour,En agglomération,Giratoire,Normale,Deux véhicules - côté,,,,,,,,,,,1,2,6,1,3
200800031937,0008-06-18 21:00:00,8,6,18,21,0,180,205,"SANS, PONTS (RUE DES DEU",,,Plein jour,En agglomération,Hors intersection,Normale,Deux véhicules - côté,,,,,,,,,,,1,2,1,1,3
200800031938,0008-06-18 13:20:00,8,6,18,13,20,180,33,"SANS, VAL D'AURON (AV DU",,,Plein jour,En agglomération,Intersection en X,Normale,Deux véhicules - côté,,,,,,,,,,,1,2,2,1,3
200800031939,0008-06-19 17:50:00,8,6,19,17,50,180,205,"SANS, REPUBLIQUE (AVENUE",,,Plein jour,En agglomération,Hors intersection,Normale,Deux véhicules - arrière,,,,,,,,,,,1,2,1,1,2
200800031940,0008-06-25 14:40:00,8,6,25,14,40,180,33,"1, ECOLES (RUE DES)",,,Plein jour,En agglomération,Intersection en X,Normale,Deux véhicules - côté,,,,,,,,,,,1,2,2,1,3
200800031941,0008-06-27 10:45:00,8,6,27,10,45,180,213,"SANS, CHARITE (ROUTE DE",,,Plein jour,En agglomération,Intersection en X,Normale,Deux véhicules - côté,,,,,,,,,,,1,2,2,1,3
200800031942,0008-06-27 07:00:00,8,6,27,7,0,180,205,"SANS, BERRY-BOUY (ROUTE",,,Plein jour,En agglomération,Intersection en T,Temps éblouissant,Deux véhicules - côté,,,,,,,,,,,1,2,3,7,3
200800031943,0008-06-28 17:20:00,8,6,28,17,20,180,33,"SANS, JURANVILLE (BOULEV",,,Plein jour,En agglomération,Hors intersection,Normale,Deux véhicules - arrière,,,,,,,,,,,1,2,1,1,2
200800031944,0008-06-10 21:15:00,8,6,10,21,15,180,279,"43, MANHES (RUE DU COLON",,,Plein jour,En agglomération,Hors intersection,Pluie légère,Sans collision,,,,,,,,,,,1,2,1,2,7
200800031945,0008-06-11 07:20:00,8,6,11,7,20,180,279,PASTEUR ( RUE ),,,Plein jour,En agglomération,Hors intersection,Normale,Autre collision,,,,,,,,,,,1,2,1,1,6
200800031946,0008-06-20 12:20:00,8,6,20,12,20,180,279,"71, BRINAY (ROUTE DE)",,,Plein jour,En agglomération,Hors intersection,Normale,Autre collision,,,,,,,,,,,1,2,1,1,6
200800031947,0008-06-30 11:35:00,8,6,30,11,35,180,279,"60, MARCEL (RUE ETIENNE)",,,Plein jour,En agglomération,Hors intersection,Normale,Sans collision,,,,,,,,,,,1,2,1,1,7
200800031948,0008-06-02 13:45:00,8,6,2,13,45,190,31,"44, ALSACE LORRAINE (AVE",,,Plein jour,En agglomération,Intersection en T,Pluie légère,Deux véhicules - côté,,,,,,,,,,,1,2,3,2,3
200800031949,0008-06-03 18:25:00,8,6,3,18,25,190,31,MICHELET (BOULEVARD),,,Plein jour,En agglomération,Hors intersection,Normale,Trois véhicules et plus - en chaîne,,,,,,,,,,,1,2,1,1,4
200800031950,0008-06-07 13:55:00,8,6,7,13,55,190,31,ALSACE LORRAINE (AVENUE),,,Plein jour,En agglomération,Hors intersection,Normale,Deux véhicules - côté,,,,,,,,,,,1,2,1,1,3
200800031951,0008-06-07 15:30:00,8,6,7,15,30,190,31,"19, BLUM (AVENUE LEON)",,,Plein jour,En agglomération,Intersection en T,Temps éblouissant,Autre collision,,,,,,,,,,,1,2,3,7,6
200800031952,0008-06-09 11:30:00,8,6,9,11,30,190,31,"57, ALSACE LORRAINE (AVE",,,Plein jour,En agglomération,Hors intersection,Normale,Autre collision,,,,,,,,,,,1,2,1,1,6
200800031953,0008-06-14 17:50:00,8,6,14,17,50,190,31,RHIN ET DANUBE (ROND POI,,,Plein jour,En agglomération,Giratoire,Normale,Deux véhicules - côté,,,,,,,,,,,1,2,6,1,3
200800031954,0008-06-15 08:35:00,8,6,15,8,35,190,31,"2, ZOLA (AVENUE EMILE)",,,Plein jour,En agglomération,Hors intersection,Normale,Autre collision,,,,,,,,,,,1,2,1,1,6
200800031955,0008-06-15 18:40:00,8,6,15,18,40,190,31,"76, BRASSAUD (RUE INGENI",,,Plein jour,En agglomération,Hors intersection,Normale,Autre collision,,,,,,,,,,,1,2,1,1,6
200800031956,0008-06-20 12:25:00,8,6,20,12,25,190,31,RIVET (AVENUE JEAN CHARL,45.15083,4.49945,Plein jour,En agglomération,Hors intersection,Normale,Sans collision,,,,,,,,,,,1,2,1,1,7
200800031957,0008-06-24 07:24:00,8,6,24,7,24,190,31,THIBAUD (RUE JACQUES),45.15951,4.50353,Plein jour,En agglomération,Intersection en X,Normale,Deux véhicules - côté,,,,,,,,,,,1,2,2,1,3
200800031958,0008-06-25 13:55:00,8,6,25,13,55,190,31,"4, VOLTAIRE (BOULEVARD)",45.15712,4.54038,Plein jour,En agglomération,Hors intersection,Normale,Trois véhicules et plus - collisions multiples,,,,,,,,,,,1,2,1,1,5
200800031959,0008-06-25 16:10:00,8,6,25,16,10,190,31,"9, RIVET (AVENUE JEAN CH",45.1505,4.49826,Plein jour,En agglomération,Hors intersection,Normale,Trois véhicules et plus - collisions multiples,,,,,,,,,,,1,2,1,1,5
200800031960,0008-06-26 11:15:00,8,6,26,11,15,190,31,TOURNY (QUAI),45.16264,4.53505,Plein jour,En agglomération,Hors intersection,Temps éblouissant,Deux véhicules - côté,,,,,,,,,,,1,2,1,7,3
200800031961,0008-06-26 16:55:00,8,6,26,16,55,190,31,DE JOUVENEL (BOULEVARD H,45.15756,4.52398,Plein jour,En agglomération,Hors intersection,Normale,Autre collision,,,,,,,,,,,1,2,1,1,6
200800031962,0008-06-27 16:40:00,8,6,27,16,40,190,31,"17, TREILHARD (AVENUE)",45.15537,4.52929,Plein jour,En agglomération,Intersection en T,Normale,Deux véhicules - côté,,,,,,,,,,,1,2,3,1,3
200800031963,0008-06-29 10:40:00,8,6,29,10,40,190,275,"16, JAURES (AVENUE JEAN)",,,Plein jour,En agglomération,Intersection en T,Normale,Deux véhicules - côté,,,,,,,,,,,1,2,3,1,3
200800031964,0008-06-05 12:55:00,8,6,5,12,55,210,54,ROUSSEAU-DESLANDES (RUE),,,Plein jour,En agglomération,Intersection en T,Normale,Deux véhicules - côté,,,,,,,,,,,1,2,3,1,3
200800031965,0008-06-13 14:25:00,8,6,13,14,25,210,54,NAIGEONS (RUE DES),,,Plein jour,En agglomération,Intersection en T,Normale,Deux véhicules - côté,,,,,,,,,,,1,2,3,1,3
200800031966,0008-06-19 08:35:00,8,6,19,8,35,210,54,PHILIPPE LE BON (ROND PO,,,Plein jour,En agglomération,Hors intersection,Normale,Deux véhicules - arrière,,,,,,,,,,,1,2,1,1,2
200800031967,0008-06-30 16:05:00,8,6,30,16,5,210,54,CHAUVELOT (RUE SYLVESTRE,,,Plein jour,En agglomération,Intersection en T,Normale,Deux véhicules - côté,,,,,,,,,,,1,2,3,1,3
200800031968,0008-06-02 07:32:00,8,6,2,7,32,210,231,JOHN KENNEDY (BOULEVARD),,,Plein jour,En agglomération,Intersection en T,Temps couvert,Deux véhicules - côté,,,,,,,,,,,1,2,3,8,3
200800031969,0008-06-03 15:37:00,8,6,3,15,37,210,231,JEAN-BAPTISTE PEINCEDE (,,,Plein jour,En agglomération,Hors intersection,Normale,Deux véhicules - frontale,,,,,,,,,,,1,2,1,1,1
200800031970,0008-06-04 12:07:00,8,6,4,12,7,210,231,"1, CHAMPOLLION (AVENUE)",,,Plein jour,En agglomération,Intersection en X,Normale,Deux véhicules - côté,,,,,,,,,,,1,2,2,1,3