accident_id,datetime,annee,mois,jour,heure,minute,departement,commune_insee,adresse,latitude,longitude,luminosite,agglomeration,intersection,meteo,collision,nb_vehicules,nb_usagers,nb_indemnes,nb_tues,nb_blesses_hosp,nb_blesses_legers,age_cond_1,age_cond_2,veh_type_cond_1,veh_type_cond_2,lum_code,agg_code,int_code,atm_code,col_code
200800031971,0008-06-05 15:29:00,8,6,5,15,29,210,231,"55, CLEMENT JANIN (RUE)",,,Plein jour,En agglomération,Hors intersection,Normale,Deux véhicules - arrière,,,,,,,,,,,1,2,1,1,2
200800031972,0008-06-05 23:42:00,8,6,5,23,42,210,231,VOLTAIRE (BOULEVARD),,,Nuit avec éclairage allumé,En agglomération,Hors intersection,Pluie légère,Autre collision,,,,,,,,,,,5,2,1,2,6
200800031973,0008-06-06 16:50:00,8,6,6,16,50,210,231,"164 BIS, VICTOR HUGO (AV",,,Plein jour,En agglomération,Hors intersection,Pluie légère,Deux véhicules - côté,,,,,,,,,,,1,2,1,2,3
200800031974,0008-06-09 18:00:00,8,6,9,18,0,210,231,OUEST (DE L') (BOULEVARD,,,Plein jour,En agglomération,Intersection en X,Normale,Deux véhicules - côté,,,,,,,,,,,1,2,2,1,3
200800031975,0008-06-10 08:34:00,8,6,10,8,34,210,231,GEORGES POMPIDOU (VOIE),,,Plein jour,Hors agglomération,Hors intersection,Normale,Deux véhicules - côté,,,,,,,,,,,1,1,1,1,3
200800031976,0008-06-12 12:53:00,8,6,12,12,53,210,355,DIJON (DE) (ROUTE),,,Plein jour,En agglomération,Intersection en Y,Normale,Deux véhicules - arrière,,,,,,,,,,,1,2,4,1,2
200800031977,0008-06-12 17:48:00,8,6,12,17,48,210,278,AHUY (D') (ROUTE),,,Plein jour,En agglomération,Giratoire,Pluie forte,Deux véhicules - côté,,,,,,,,,,,1,2,6,3,3
200800031978,0008-06-13 13:53:00,8,6,13,13,53,210,231,"1, MARMONT (BOULEVARD)",,,Plein jour,En agglomération,Hors intersection,Normale,Deux véhicules - arrière,,,,,,,,,,,1,2,1,1,2
200800031979,0008-06-15 13:50:00,8,6,15,13,50,210,231,"12, UNIVERSITE (DE L') (",,,Plein jour,En agglomération,Intersection en T,Pluie légère,Deux véhicules - côté,,,,,,,,,,,1,2,3,2,3
200800031980,0008-06-16 15:10:00,8,6,16,15,10,210,231,PETIT CITEAUX (DU) (RUE),,,Plein jour,En agglomération,Intersection en X,Temps couvert,Autre collision,,,,,,,,,,,1,2,2,8,6
200800031981,0008-06-17 21:00:00,8,6,17,21,0,210,231,CHAMPOLLION (AVENUE),,,Plein jour,En agglomération,Intersection en T,Normale,Trois véhicules et plus - en chaîne,,,,,,,,,,,1,2,3,1,4
200800031982,0008-06-18 12:50:00,8,6,18,12,50,210,231,"14, GENERAL DE GAULLE (C",,,Plein jour,En agglomération,Intersection en X,Normale,Deux véhicules - arrière,,,,,,,,,,,1,2,2,1,2
200800031983,0008-06-18 16:05:00,8,6,18,16,5,210,231,"3 ter, ARQUEBUSE (DE L')",,,Plein jour,En agglomération,Intersection en T,Normale,Deux véhicules - côté,,,,,,,,,,,1,2,3,1,3
200800031984,0008-06-19 12:33:00,8,6,19,12,33,210,231,"5, LAMONNOYE (RUE)",,,Plein jour,En agglomération,Intersection en X,Normale,Deux véhicules - côté,,,,,,,,,,,1,2,2,1,3
200800031985,0008-06-20 17:20:00,8,6,20,17,20,210,231,"12, MONTIGNY (DE) (RUE)",,,Plein jour,En agglomération,Hors intersection,Normale,Deux véhicules - arrière,,,,,,,,,,,1,2,1,1,2
200800031986,0008-06-21 19:50:00,8,6,21,19,50,210,231,DEVOSGE (RUE),,,Plein jour,En agglomération,Intersection en X,Normale,Deux véhicules - côté,,,,,,,,,,,1,2,2,1,3
200800031987,0008-06-24 12:14:00,8,6,24,12,14,210,166,"43 bis, MARSANNAY (DE) (",,,Plein jour,En agglomération,Hors intersection,Normale,Deux véhicules - arrière,,,,,,,,,,,1,2,1,1,2
200800031988,0008-06-24 22:21:00,8,6,24,22,21,210,231,"7, AUDRA (RUE)",,,Nuit avec éclairage allumé,En agglomération,Hors intersection,Normale,Autre collision,,,,,,,,,,,5,2,1,1,6
200800031989,0008-06-25 08:53:00,8,6,25,8,53,210,231,GUSTAVE EIFFEL (AVENUE),,,Plein jour,En agglomération,Intersection en X,Normale,Deux véhicules - frontale,,,,,,,,,,,1,2,2,1,1
200800031990,0008-06-25 12:15:00,8,6,25,12,15,210,231,JEAN JAURES (AVENUE),,,Plein jour,En agglomération,Intersection en X,Normale,Deux véhicules - côté,,,,,,,,,,,1,2,2,1,3
200800031991,0008-06-25 16:26:00,8,6,25,16,26,210,231,"31, MAURICE DESLANDRES (",,,Plein jour,En agglomération,Hors intersection,Normale,Deux véhicules - arrière,,,,,,,,,,,1,2,1,1,2
200800031992,0008-06-27 00:37:00,8,6,27,0,37,210,231,"10, LAC (DU) (AVENUE)",,,Nuit avec éclairage allumé,En agglomération,Hors intersection,Normale,Deux véhicules - frontale,,,,,,,,,,,5,2,1,1,1
200800031993,0008-06-27 09:30:00,8,6,27,9,30,210,231,"30, AUXONNE (D') (RUE)",,,Plein jour,En agglomération,Hors intersection,Normale,Deux véhicules - arrière,,,,,,,,,,,1,2,1,1,2
200800031994,0008-06-27 16:00:00,8,6,27,16,0,210,231,HENRI CAMP (BOULEVARD),,,Plein jour,En agglomération,Intersection en X,Normale,Autre collision,,,,,,,,,,,1,2,2,1,6
200800031995,0008-06-27 16:32:00,8,6,27,16,32,210,231,"3, MARTYRS DE LA RESISTA",,,Plein jour,En agglomération,Hors intersection,Normale,Deux véhicules - arrière,,,,,,,,,,,1,2,1,1,2
200800031996,0008-06-27 21:25:00,8,6,27,21,25,210,355,INDUSTRIES (DES) (BOULEV,,,Plein jour,En agglomération,Hors intersection,Normale,Deux véhicules - frontale,,,,,,,,,,,1,2,1,1,1
200800031997,0008-06-28 11:32:00,8,6,28,11,32,210,231,CHEVRE MORTE (DE) (BOULE,,,Plein jour,En agglomération,Intersection en X,Normale,Autre collision,,,,,,,,,,,1,2,2,1,6
200800031998,0008-06-29 08:00:00,8,6,29,8,0,210,166,ROLAND CARRAZ (AVENUE),,,Plein jour,En agglomération,Intersection en X,Normale,Deux véhicules - côté,,,,,,,,,,,1,2,2,1,3
200800031999,0008-06-30 13:25:00,8,6,30,13,25,210,231,"15, BOUDRONNEE (DE LA) (",,,Plein jour,En agglomération,Intersection en T,Normale,Deux véhicules - arrière,,,,,,,,,,,1,2,3,1,2
200800032000,0008-06-01 19:02:00,8,6,1,19,2,220,50,GENERAL DE GAULLE (RUE),,,Plein jour,En agglomération,Intersection en X,Pluie légère,Trois véhicules et plus - collisions multiples,,,,,,,,,,,1,2,2,2,5
200800032001,0008-06-11 13:20:00,8,6,11,13,20,220,50,FONTAINE DES EAUX (PR DE,,,Plein jour,Hors agglomération,Intersection en T,Normale,Sans collision,,,,,,,,,,,1,1,3,1,7
200800032002,0008-06-26 07:40:00,8,6,26,7,40,220,50,CHATEAUBRIAND (RUE),,,Plein jour,En agglomération,Intersection en X,Normale,Deux véhicules - côté,,,,,,,,,,,1,2,2,1,3
200800032003,0008-06-03 10:34:00,8,6,3,10,34,220,278,"96, ATLANTIQUE (BD) N°58",,,Plein jour,En agglomération,Hors intersection,Normale,Autre collision,,,,,,,,,,,1,2,1,1,6
200800032004,0008-06-03 18:25:00,8,6,3,18,25,220,106,"0, LAENNEC (RUE)",,,Plein jour,Hors agglomération,Intersection en T,Normale,Deux véhicules - côté,,,,,,,,,,,1,1,3,1,3
200800032005,0008-06-04 09:20:00,8,6,4,9,20,220,278,"7, CHAMPS-DE-PIES (DES)",,,Plein jour,Hors agglomération,Hors intersection,Normale,Autre collision,,,,,,,,,,,1,1,1,1,6
200800032006,0008-06-08 00:34:00,8,6,8,0,34,220,278,"0, SAINT-GOUENO (ET COUR",,,Nuit avec éclairage allumé,En agglomération,Intersection en X,Normale,Deux véhicules - côté,,,,,,,,,,,5,2,2,1,3
200800032007,0008-06-16 11:40:00,8,6,16,11,40,220,360,RN12,,,Plein jour,Hors agglomération,Hors intersection,Normale,Deux véhicules - arrière,,,,,,,,,,,1,1,1,1,2
200800032008,0008-06-18 14:47:00,8,6,18,14,47,220,106,"0, BREST (RUE DE)",,,Plein jour,En agglomération,Intersection en T,Normale,Deux véhicules - côté,,,,,,,,,,,1,2,3,1,3
200800032009,0008-06-20 17:25:00,8,6,20,17,25,220,278,"0, VALLES (JULES)",,,Plein jour,En agglomération,Hors intersection,Normale,Deux véhicules - côté,,,,,,,,,,,1,2,1,1,3
200800032010,0008-06-20 17:35:00,8,6,20,17,35,220,215,"56, ST-BARTHELEMY (RUE D",,,Plein jour,En agglomération,Intersection en T,Normale,Deux véhicules - côté,,,,,,,,,,,1,2,3,1,3
200800032011,0008-06-22 16:45:00,8,6,22,16,45,220,278,"0, CHARNER (BD)",,,Plein jour,En agglomération,Hors intersection,Normale,Sans collision,,,,,,,,,,,1,2,1,1,7
200800032012,0008-06-19 23:30:00,8,6,19,23,30,220,278,"0, EUROPE (DE L')",,,Nuit avec éclairage allumé,En agglomération,Hors intersection,Normale,Sans collision,,,,,,,,,,,5,2,1,1,7
200800032013,0008-06-24 07:55:00,8,6,24,7,55,220,278,"8, CORDERIE (DE LA)",,,Plein jour,En agglomération,Hors intersection,Normale,Sans collision,,,,,,,,,,,1,2,1,1,7
200800032014,0008-06-25 16:45:00,8,6,25,16,45,220,360,D 700,,,Plein jour,En agglomération,Hors intersection,Normale,Deux véhicules - côté,,,,,,,,,,,1,2,1,1,3
200800032015,0008-06-02 09:45:00,8,6,2,9,45,230,96,GUILLON ( RUE ALEXANDRE),,,Plein jour,En agglomération,Hors intersection,Normale,Trois véhicules et plus - collisions multiples,,,,,,,,,,,1,2,1,1,5
200800032016,0008-06-25 10:38:00,8,6,25,10,38,230,96,GUILLON ( RUE ALEXANDRE),,,Plein jour,En agglomération,Hors intersection,Normale,Deux véhicules - arrière,,,,,,,,,,,1,2,1,1,2
200800032017,0008-06-03 21:00:00,8,6,3,21,0,240,37,"2, RD 34",,,Crépuscule ou aube,En agglomération,Intersection en T,Normale,Sans collision,,,,,,,,,,,2,2,3,1,7
200800032018,0008-06-04 08:15:00,8,6,4,8,15,240,37,RESISTANCE (RUE DE LA),,,Plein jour,En agglomération,Hors intersection,Normale,Sans collision,,,,,,,,,,,1,2,1,1,7
200800032019,0008-06-15 16:20:00,8,6,15,16,20,240,37,"44, PONT SAINT JEAN (RUE",,,Plein jour,En agglomération,Intersection en X,Normale,Deux véhicules - frontale,,,,,,,,,,,1,2,2,1,1
200800032020,0008-06-24 12:30:00,8,6,24,12,30,240,53,"0, CUMOND (AVENUE HENRI",,,Plein jour,En agglomération,Intersection en T,Normale,Deux véhicules - côté,,,,,,,,,,,1,2,3,1,3
200800032021,0008-06-20 19:40:00,8,6,20,19,40,240,138,"42, COTTON ( RUE EUGENIE",,,Plein jour,En agglomération,Hors intersection,Normale,Autre collision,,,,,,,,,,,1,2,1,1,6
200800032022,0008-06-30 13:41:00,8,6,30,13,41,240,322,"0, LANXADE (ROND POINT P",,,Plein jour,En agglomération,Giratoire,Normale,Deux véhicules - côté,,,,,,,,,,,1,2,6,1,3
200800032023,0008-06-02 08:53:00,8,6,2,8,53,250,56,"SANS, CHAR  RUE RENE",,,Plein jour,En agglomération,Autre intersection,Normale,Deux véhicules - côté,,,,,,,,,,,1,2,9,1,3
200800032024,0008-06-02 13:10:00,8,6,2,13,10,250,56,"1, CASSIN PLACE RENE",,,Plein jour,En agglomération,Autre intersection,Normale,Deux véhicules - côté,,,,,,,,,,,1,2,9,1,3
200800032025,0008-06-03 22:00:00,8,6,3,22,0,250,56,"sans, LECLERC   PLACE MA",,,Crépuscule ou aube,En agglomération,Intersection en X,Normale,Trois véhicules et plus - collisions multiples,,,,,,,,,,,2,2,2,1,5
200800032026,0008-06-05 07:58:00,8,6,5,7,58,250,56,"01, CHASNOT RUE DU",,,Plein jour,En agglomération,Hors intersection,Normale,Trois véhicules et plus - collisions multiples,,,,,,,,,,,1,2,1,1,5
200800032027,0008-06-05 08:15:00,8,6,5,8,15,250,56,BRULARD  RUE GENERAL,,,Plein jour,En agglomération,Hors intersection,Normale,Autre collision,,,,,,,,,,,1,2,1,1,6
200800032028,0008-06-06 19:16:00,8,6,6,19,16,250,56,"2, ROTONDE RUE DE LA",,,Plein jour,En agglomération,Autre intersection,Pluie légère,Autre collision,,,,,,,,,,,1,2,9,2,6
200800032029,0008-06-09 17:25:00,8,6,9,17,25,250,56,"11, GAULARD AVENUE < 14",,,Plein jour,En agglomération,Hors intersection,Normale,Autre collision,,,,,,,,,,,1,2,1,1,6
200800032030,0008-06-11 16:56:00,8,6,11,16,56,250,56,"3, ROUSSEL RUE ROMAIN",,,Plein jour,En agglomération,Hors intersection,Normale,Deux véhicules - frontale,,,,,,,,,,,1,2,1,1,1
200800032031,0008-06-12 00:15:00,8,6,12,0,15,250,56,MARCHAUX ROUTE DE,,,Nuit sans éclairage public,Hors agglomération,Hors intersection,Normale,Autre collision,,,,,,,,,,,3,1,1,1,6
200800032032,0008-06-16 16:04:00,8,6,16,16,4,250,56,"4, TARRAGNOZ FAUBOURG",,,Plein jour,En agglomération,Hors intersection,Pluie légère,Deux véhicules - côté,,,,,,,,,,,1,2,1,2,3
200800032033,0008-06-17 00:45:00,8,6,17,0,45,250,56,DOLE RUE DE >200,,,Nuit avec éclairage allumé,En agglomération,Hors intersection,Pluie légère,Autre collision,,,,,,,,,,,5,2,1,2,6
200800032034,0008-06-17 17:33:00,8,6,17,17,33,250,56,"sans, MITTERAND AVENUE F",,,Plein jour,En agglomération,Hors intersection,Normale,Deux véhicules - côté,,,,,,,,,,,1,2,1,1,3
200800032035,0008-06-21 14:00:00,8,6,21,14,0,250,56,CHAR  RUE RENE,,,Plein jour,En agglomération,Hors intersection,Normale,Sans collision,,,,,,,,,,,1,2,1,1,7
200800032036,0008-06-21 16:22:00,8,6,21,16,22,250,56,CHAR  RUE RENE,,,Plein jour,En agglomération,Hors intersection,Normale,Autre collision,,,,,,,,,,,1,2,1,1,6
200800032037,0008-06-21 20:30:00,8,6,21,20,30,250,56,"NEANT, BLUM BOULEVARD LE",,,Plein jour,En agglomération,Hors intersection,Normale,Deux véhicules - arrière,,,,,,,,,,,1,2,1,1,2
200800032038,0008-06-21 21:25:00,8,6,21,21,25,250,56,"11, GAULARD AVENUE < 14",,,Crépuscule ou aube,En agglomération,Hors intersection,Normale,Trois véhicules et plus - collisions multiples,,,,,,,,,,,2,2,1,1,5
200800032039,0008-06-23 13:20:00,8,6,23,13,20,250,56,GAULLE BOULEVARD CHARLES,,,Plein jour,En agglomération,Hors intersection,Normale,Autre collision,,,,,,,,,,,1,2,1,1,6
200800032040,0008-06-26 07:37:00,8,6,26,7,37,250,56,"SANS, HUIT MAI 1945 AVEN",,,Plein jour,En agglomération,Hors intersection,Normale,Autre collision,,,,,,,,,,,1,2,1,1,6
200800032041,0008-06-26 12:20:00,8,6,26,12,20,250,56,"06, BASILIQUE RUE DE LA",,,Plein jour,En agglomération,Hors intersection,Normale,Deux véhicules - frontale,,,,,,,,,,,1,2,1,1,1
200800032042,0008-06-27 15:40:00,8,6,27,15,40,250,56,"57, CRAS RUE DES",,,Plein jour,En agglomération,Hors intersection,Normale,Deux véhicules - arrière,,,,,,,,,,,1,2,1,1,2
200800032043,0008-06-05 15:15:00,8,6,5,15,15,250,580,MATHAY (RUE DE),,,Plein jour,En agglomération,Hors intersection,Pluie légère,Deux véhicules - côté,,,,,,,,,,,1,2,1,2,3
200800032044,0008-06-18 06:48:00,8,6,18,6,48,260,198,ROCHEMAURE (ROUTE DE),,,Crépuscule ou aube,Hors agglomération,Hors intersection,Normale,Deux véhicules - arrière,,,,,,,,,,,2,1,1,1,2
200800032045,0008-06-26 04:30:00,8,6,26,4,30,260,198,"39, LOUBET (RUE PAUL)",,,Nuit avec éclairage allumé,En agglomération,Hors intersection,Normale,Autre collision,,,,,,,,,,,5,2,1,1,6
200800032046,0008-06-25 09:40:00,8,6,25,9,40,260,198,CHARLES ANDRE (BLD),,,Plein jour,Hors agglomération,Autre intersection,Temps éblouissant,Deux véhicules - frontale,,,,,,,,,,,1,1,9,7,1
200800032047,0008-06-21 02:20:00,8,6,21,2,20,260,198,SAINT LAZARE (AVENUE),,,Nuit avec éclairage non allumé,En agglomération,Hors intersection,Normale,Deux véhicules - arrière,,,,,,,,,,,4,2,1,1,2
200800032048,0008-06-07 11:55:00,8,6,7,11,55,260,281,JAURES JEAN (PLACE),,,Plein jour,En agglomération,Hors intersection,Temps couvert,Deux véhicules - côté,,,,,,,,,,,1,2,1,8,3
200800032049,0008-06-10 02:30:00,8,6,10,2,30,260,57,VALLON ANTONIN (RUE),,,Nuit avec éclairage allumé,En agglomération,Hors intersection,Normale,Autre collision,,,,,,,,,,,5,2,1,1,6
200800032050,0008-06-14 09:30:00,8,6,14,9,30,260,281,GAMBETTA (AVENUE),,,Plein jour,En agglomération,Hors intersection,Normale,Autre collision,,,,,,,,,,,1,2,1,1,6
200800032051,0008-06-17 13:25:00,8,6,17,13,25,260,281,"Neant, CHATEAU FLEURY (A",,,Plein jour,En agglomération,Hors intersection,Normale,Deux véhicules - côté,,,,,,,,,,,1,2,1,1,3
200800032052,0008-06-26 08:50:00,8,6,26,8,50,260,281,"IGNORE, DORMOY MARX (BOU",,,Plein jour,En agglomération,Hors intersection,Normale,Autre collision,,,,,,,,,,,1,2,1,1,6
200800032053,0008-06-27 09:00:00,8,6,27,9,0,260,281,"Ignoré, HUGO VICTOR (AVE",,,Plein jour,En agglomération,Giratoire,Pluie légère,Autre collision,,,,,,,,,,,1,2,6,2,6
200800032054,0008-06-30 10:45:00,8,6,30,10,45,260,281,MAQUIS (AVENUE DU),,,Plein jour,En agglomération,Intersection en X,Normale,Deux véhicules - côté,,,,,,,,,,,1,2,2,1,3
200800032055,0008-06-02 22:35:00,8,6,2,22,35,260,362,"SANS, BONNET RUE GEORGES",,,Nuit avec éclairage allumé,En agglomération,Hors intersection,Normale,Sans collision,,,,,,,,,,,5,2,1,1,7
200800032056,0008-06-11 21:50:00,8,6,11,21,50,260,362,"sans n, ADER RUE CLEMENT",,,Crépuscule ou aube,En agglomération,Intersection en T,Temps couvert,Autre collision,,,,,,,,,,,2,2,3,8,6
200800032057,0008-06-13 15:45:00,8,6,13,15,45,260,58,"sans n°, CORSAIRES RUE D",,,Plein jour,En agglomération,Hors intersection,Normale,Deux véhicules - frontale,,,,,,,,,,,1,2,1,1,1
200800032058,0008-06-14 04:10:00,8,6,14,4,10,260,362,"sans n, PROVENCE AVENUE",,,Nuit avec éclairage allumé,En agglomération,Hors intersection,Normale,Autre collision,,,,,,,,,,,5,2,1,1,6
200800032059,0008-06-16 07:42:00,8,6,16,7,42,260,362,"SANS N°, CHABEUIL ROUTE",,,Plein jour,En agglomération,Intersection en T,Normale,Deux véhicules - côté,,,,,,,,,,,1,2,3,1,3
200800032060,0008-06-16 09:15:00,8,6,16,9,15,260,362,"115, CHATEAUVERT RUE (30",,,Plein jour,En agglomération,Hors intersection,Normale,Autre collision,,,,,,,,,,,1,2,1,1,6
200800032061,0008-06-10 16:40:00,8,6,10,16,40,260,58,CAPITAINERIE RUE DE LA,,,Plein jour,En agglomération,Intersection en X,Normale,Deux véhicules - côté,,,,,,,,,,,1,2,2,1,3
200800032062,0008-06-17 17:55:00,8,6,17,17,55,260,362,"SANS N, SIMONET AVENUE M",,,Plein jour,En agglomération,Intersection en X,Pluie légère,Deux véhicules - côté,,,,,,,,,,,1,2,2,2,3
200800032063,0008-06-22 04:20:00,8,6,22,4,20,260,362,"SANS N°, MISTRAL PONT",,,Nuit avec éclairage allumé,En agglomération,Hors intersection,Normale,Sans collision,,,,,,,,,,,5,2,1,1,7
200800032064,0008-06-23 18:35:00,8,6,23,18,35,260,58,"sans, RESISTANCE AVENUE",,,Plein jour,En agglomération,Hors intersection,Normale,Trois véhicules et plus - en chaîne,,,,,,,,,,,1,2,1,1,4
200800032065,0008-06-27 13:50:00,8,6,27,13,50,260,58,"sans n, BRASSENS AVENUE",,,Plein jour,En agglomération,Hors intersection,Normale,Autre collision,,,,,,,,,,,1,2,1,1,6
200800032066,0008-06-02 13:00:00,8,6,2,13,0,270,229,"73, SAINT LEGER (RUE DU",,,Plein jour,En agglomération,Hors intersection,Normale,Deux véhicules - côté,,,,,,,,,,,1,2,1,1,3
200800032067,0008-06-02 19:30:00,8,6,2,19,30,270,299,"1, SEMARD (RUE PIERRE)",,,Plein jour,En agglomération,Hors intersection,Normale,Deux véhicules - côté,,,,,,,,,,,1,2,1,1,3
200800032068,0008-06-06 13:00:00,8,6,6,13,0,270,229,"90, MONOD (RUE JACQUES)",,,Plein jour,En agglomération,Hors intersection,Normale,Deux véhicules - arrière,,,,,,,,,,,1,2,1,1,2
200800032069,0008-06-07 16:20:00,8,6,7,16,20,270,229,"18, RUGBY (RUE DE)",,,Plein jour,En agglomération,Hors intersection,Normale,Deux véhicules - arrière,,,,,,,,,,,1,2,1,1,2
200800032070,0008-06-13 14:05:00,8,6,13,14,5,270,229,"32, ROCHETTE (RUE DE LA)",,,Plein jour,En agglomération,Hors intersection,Normale,Deux véhicules - arrière,,,,,,,,,,,1,2,1,1,2
200800032071,0008-06-25 09:45:00,8,6,25,9,45,270,229,"97, COLBERT (RUE)",,,Plein jour,En agglomération,Hors intersection,Normale,Autre collision,,,,,,,,,,,1,2,1,1,6
200800032072,0008-06-28 16:50:00,8,6,28,16,50,270,229,"3, ROCHETTE (RUE DE LA)",,,Plein jour,En agglomération,Hors intersection,Normale,Deux véhicules - arrière,,,,,,,,,,,1,2,1,1,2
200800032073,0008-06-30 16:05:00,8,6,30,16,5,270,229,"36, FOCH (AVENUE DU MARE",,,Plein jour,En agglomération,Hors intersection,Normale,Autre collision,,,,,,,,,,,1,2,1,1,6
200800032074,0008-06-05 07:25:00,8,6,5,7,25,270,701,"0, FALAISES (ROUTE DES)",,,Plein jour,En agglomération,Hors intersection,Normale,Sans collision,,,,,,,,,,,1,2,1,1,7
200800032075,0008-06-16 21:15:00,8,6,16,21,15,270,375,"0, SAINT PIERRE (ROUTE D",,,Plein jour,Hors agglomération,Hors intersection,Normale,Autre collision,,,,,,,,,,,1,1,1,1,6
200800032076,0008-06-04 17:30:00,8,6,4,17,30,270,701,"10, LOUVIERS (ROUTE DE)",,,Plein jour,En agglomération,Intersection en X,Normale,Deux véhicules - frontale,,,,,,,,,,,1,2,2,1,1
200800032077,0008-06-22 09:50:00,8,6,22,9,50,270,375,"0, EVREUX (ROUTE D')",,,Plein jour,Hors agglomération,Hors intersection,Normale,Deux véhicules - côté,,,,,,,,,,,1,1,1,1,3
200800032078,0008-06-05 22:25:00,8,6,5,22,25,270,681,MONET (RUE CLAUDE),,,Nuit avec éclairage allumé,En agglomération,Intersection en X,Normale,Autre collision,,,,,,,,,,,5,2,2,1,6
200800032079,0008-06-06 08:05:00,8,6,6,8,5,270,562,ROUEN (ROUTE DE ),,,Plein jour,En agglomération,Hors intersection,Normale,Deux véhicules - arrière,,,,,,,,,,,1,2,1,1,2
200800032080,0008-06-11 10:45:00,8,6,11,10,45,270,562,PRES (RUE DES),,,Plein jour,En agglomération,Place,Normale,Deux véhicules - arrière,,,,,,,,,,,1,2,7,1,2
200800032081,0008-06-11 13:00:00,8,6,11,13,0,270,681,ARTISANAT (RUE DE L'),,,Plein jour,En agglomération,Hors intersection,Normale,Autre collision,,,,,,,,,,,1,2,1,1,6
200800032082,0008-06-12 16:40:00,8,6,12,16,40,270,681,CLEMENCEAU (PONT),,,Plein jour,En agglomération,Hors intersection,Normale,Autre collision,,,,,,,,,,,1,2,1,1,6
200800032083,0008-06-12 17:05:00,8,6,12,17,5,270,562,DE GAULLE (BOULEVARD),,,Plein jour,En agglomération,Hors intersection,Normale,Autre collision,,,,,,,,,,,1,2,1,1,6
200800032084,0008-06-17 12:40:00,8,6,17,12,40,270,681,PARIS (AVENUE DE),,,Plein jour,En agglomération,Intersection en T,Normale,Autre collision,,,,,,,,,,,1,2,3,1,6
200800032085,0008-06-24 20:00:00,8,6,24,20,0,270,681,FUTAIE (RUE DE LA),,,Plein jour,En agglomération,Hors intersection,Normale,Autre collision,,,,,,,,,,,1,2,1,1,6
200800032086,0008-06-25 20:20:00,8,6,25,20,20,270,681,VERDUN (RUE DE),,,Plein jour,Hors agglomération,Hors intersection,Normale,Autre collision,,,,,,,,,,,1,1,1,1,6
200800032087,0008-06-26 14:20:00,8,6,26,14,20,270,681,EVREUX (ROUTE D'),,,Plein jour,En agglomération,Hors intersection,Normale,Deux véhicules - arrière,,,,,,,,,,,1,2,1,1,2
200800032088,0008-06-11 12:05:00,8,6,11,12,5,270,681,ROUEN (AVENUE DE),,,Plein jour,En agglomération,Hors intersection,Normale,Autre collision,,,,,,,,,,,1,2,1,1,6
200800032089,0008-06-11 17:40:00,8,6,11,17,40,270,588,NATIONALE 15 (ROUTE),,,Plein jour,En agglomération,Hors intersection,Normale,Autre collision,,,,,,,,,,,1,2,1,1,6
200800032090,0008-06-02 06:40:00,8,6,2,6,40,280,85,"SANS, MERMOZ (RUE JEAN)",,,Crépuscule ou aube,En agglomération,Hors intersection,Normale,Deux véhicules - arrière,,,,,,,,,,,2,2,1,1,2
200800032091,0008-06-08 21:15:00,8,6,8,21,15,280,85,"13, ROULIERS (RUE DES)",,,Crépuscule ou aube,En agglomération,Intersection en T,Normale,Trois véhicules et plus - collisions multiples,,,,,,,,,,,2,2,3,1,5
200800032092,0008-06-05 21:15:00,8,6,5,21,15,280,110,"SANS, RN 123 (ROCADE)",,,Crépuscule ou aube,En agglomération,Autre intersection,Normale,Sans collision,,,,,,,,,,,2,2,9,1,7
200800032093,0008-06-10 14:20:00,8,6,10,14,20,280,85,"sans, CHASLES (BOULEVARD",,,Plein jour,En agglomération,Hors intersection,Normale,Autre collision,,,,,,,,,,,1,2,1,1,6
200800032094,0008-06-11 19:53:00,8,6,11,19,53,280,209,"SANS, PAIX (AVENUE DE LA",,,Plein jour,En agglomération,Hors intersection,Normale,Deux véhicules - arrière,,,,,,,,,,,1,2,1,1,2
200800032095,0008-06-11 21:07:00,8,6,11,21,7,280,85,"SANS, POILLOT (RUE EDMON",,,Crépuscule ou aube,En agglomération,Intersection en T,Normale,Deux véhicules - côté,,,,,,,,,,,2,2,3,1,3
200800032096,0008-06-13 15:00:00,8,6,13,15,0,280,85,"51, PATTON (RUE DU GENER",,,Plein jour,En agglomération,Hors intersection,Normale,Autre collision,,,,,,,,,,,1,2,1,1,6
200800032097,0008-06-14 18:20:00,8,6,14,18,20,280,218,"SANS, TOURAINE",,,Plein jour,En agglomération,Giratoire,Normale,Deux véhicules - arrière,,,,,,,,,,,1,2,6,1,2
200800032098,0008-06-17 12:45:00,8,6,17,12,45,280,110,"SANS, RN 123 (ROCADE)",,,Plein jour,En agglomération,Hors intersection,Normale,Deux véhicules - arrière,,,,,,,,,,,1,2,1,1,2
200800032099,0008-06-19 17:30:00,8,6,19,17,30,280,85,"SANS, RESERVOIRS (RUE -",,,Plein jour,En agglomération,Intersection en T,Normale,Autre collision,,,,,,,,,,,1,2,3,1,6
200800032100,0008-06-21 19:30:00,8,6,21,19,30,280,229,"SANS, RD 905",,,Plein jour,Hors agglomération,Hors intersection,Normale,Trois véhicules et plus - collisions multiples,,,,,,,,,,,1,1,1,1,5
200800032101,0008-06-23 08:50:00,8,6,23,8,50,280,218,"SANS, RN 123",,,Plein jour,Hors agglomération,Hors intersection,Normale,Sans collision,,,,,,,,,,,1,1,1,1,7
200800032102,0008-06-25 16:00:00,8,6,25,16,0,280,85,"SANS, PEGUY (BOULEVARD C",,,Plein jour,En agglomération,Hors intersection,Normale,Trois véhicules et plus - en chaîne,,,,,,,,,,,1,2,1,1,4
200800032103,0008-06-25 23:45:00,8,6,25,23,45,280,85,"SANS, FAUBOURG SAINT JEA",,,Nuit avec éclairage allumé,En agglomération,Hors intersection,Normale,Autre collision,,,,,,,,,,,5,2,1,1,6