accident_id,datetime,annee,mois,jour,heure,minute,departement,commune_insee,adresse,latitude,longitude,luminosite,agglomeration,intersection,meteo,collision,nb_vehicules,nb_usagers,nb_indemnes,nb_tues,nb_blesses_hosp,nb_blesses_legers,age_cond_1,age_cond_2,veh_type_cond_1,veh_type_cond_2,lum_code,agg_code,int_code,atm_code,col_code
200800032104,0008-06-26 07:45:00,8,6,26,7,45,280,85,"SANS, SEMARD (PLACE PIER",,,Plein jour,En agglomération,Hors intersection,Normale,Autre collision,,,,,,,,,,,1,2,1,1,6
200800032105,0008-06-27 20:50:00,8,6,27,20,50,280,209,"SANS, CHACATIERE (RUE DE",,,Plein jour,En agglomération,Hors intersection,Normale,Trois véhicules et plus - collisions multiples,,,,,,,,,,,1,2,1,1,5
200800032106,0008-06-30 18:00:00,8,6,30,18,0,280,85,"SANS, POILLOT (RUE EDMON",,,Plein jour,En agglomération,Hors intersection,Normale,Deux véhicules - côté,,,,,,,,,,,1,2,1,1,3
200800032107,0008-06-30 18:45:00,8,6,30,18,45,280,85,"SANS, CHASLES (BOULEVARD",,,Plein jour,En agglomération,Hors intersection,Normale,Autre collision,,,,,,,,,,,1,2,1,1,6
200800032108,0008-06-12 17:20:00,8,6,12,17,20,280,134,RN 12 (LES CHATELETS),,,Plein jour,Hors agglomération,Intersection en Y,Normale,Trois véhicules et plus - en chaîne,,,,,,,,,,,1,1,4,1,4
200800032109,0008-06-18 11:50:00,8,6,18,11,50,280,134,MUZY (RUE DE),,,Plein jour,Hors agglomération,Hors intersection,Normale,Autre collision,,,,,,,,,,,1,1,1,1,6
200800032110,0008-06-21 15:03:00,8,6,21,15,3,280,134,RN 12 (CARREFOUR DELISLE,,,Plein jour,En agglomération,Intersection en X,Normale,Deux véhicules - arrière,,,,,,,,,,,1,2,2,1,2
200800032111,0008-06-28 13:20:00,8,6,28,13,20,280,134,NOTRE DAME DE LA RONDE (,,,Plein jour,Hors agglomération,Hors intersection,Normale,Autre collision,,,,,,,,,,,1,1,1,1,6
200800032112,0008-06-30 17:10:00,8,6,30,17,10,280,134,SAINT THIBAULT (RUE),,,Plein jour,En agglomération,Intersection en T,Normale,Deux véhicules - côté,,,,,,,,,,,1,2,3,1,3
200800032113,0008-06-04 09:10:00,8,6,4,9,10,290,19,"., EUROPE (DE 37 A 47)",,,Plein jour,En agglomération,Hors intersection,Normale,Deux véhicules - côté,,,,,,,,,,,1,2,1,1,3
200800032114,0008-06-07 09:45:00,8,6,7,9,45,290,19,"251, FRANCE ANATOLE (DE",,,Plein jour,En agglomération,Hors intersection,Normale,Deux véhicules - arrière,,,,,,,,,,,1,2,1,1,2
200800032115,0008-06-09 15:50:00,8,6,9,15,50,290,19,"., GOUESNOU (DE 1 A 29 E",,,Plein jour,En agglomération,Hors intersection,Normale,Deux véhicules - côté,,,,,,,,,,,1,2,1,1,3
200800032116,0008-06-10 17:20:00,8,6,10,17,20,290,19,"., GUILERS (DE 1 A 37 ET",,,Plein jour,En agglomération,Intersection en T,Normale,Deux véhicules - côté,,,,,,,,,,,1,2,3,1,3
200800032117,0008-06-10 22:45:00,8,6,10,22,45,290,19,"., PORTE (PLACE DE LA)",,,Nuit avec éclairage allumé,En agglomération,Hors intersection,Normale,Deux véhicules - côté,,,,,,,,,,,5,2,1,1,3
200800032118,0008-06-11 14:35:00,8,6,11,14,35,290,19,"., MACE JEAN (DE 41 ET 4",,,Plein jour,En agglomération,Hors intersection,Normale,Autre collision,,,,,,,,,,,1,2,1,1,6
200800032119,0008-06-12 02:45:00,8,6,12,2,45,290,19,"24, MAGENTA",,,Nuit avec éclairage non allumé,En agglomération,Hors intersection,Normale,Autre collision,,,,,,,,,,,4,2,1,1,6
200800032120,0008-06-13 07:48:00,8,6,13,7,48,290,19,"., BLUM LEON",,,Plein jour,En agglomération,Intersection en X,Normale,Deux véhicules - côté,,,,,,,,,,,1,2,2,1,3
200800032121,0008-06-13 08:30:00,8,6,13,8,30,290,19,"., STRASBOURG (PLACE)",,,Plein jour,En agglomération,Hors intersection,Normale,Autre collision,,,,,,,,,,,1,2,1,1,6
200800032122,0008-06-13 15:40:00,8,6,13,15,40,290,19,"13, VERCORS",,,Plein jour,En agglomération,Intersection en X,Normale,Deux véhicules - arrière,,,,,,,,,,,1,2,2,1,2
200800032123,0008-06-17 08:50:00,8,6,17,8,50,290,19,"., MASSON PAUL (DE 91 A",,,Plein jour,En agglomération,Intersection en X,Normale,Deux véhicules - côté,,,,,,,,,,,1,2,2,1,3
200800032124,0008-06-18 15:03:00,8,6,18,15,3,290,19,"., KERVERN AUGUSTE",,,Plein jour,En agglomération,Intersection en T,Normale,Trois véhicules et plus - collisions multiples,,,,,,,,,,,1,2,3,1,5
200800032125,0008-06-19 18:50:00,8,6,19,18,50,290,19,"., GUILERS (DE 1 A 37 ET",,,Plein jour,En agglomération,Intersection en X,Normale,Deux véhicules - côté,,,,,,,,,,,1,2,2,1,3
200800032126,0008-06-23 16:15:00,8,6,23,16,15,290,19,"., DOURJACQ",,,Plein jour,En agglomération,Intersection en T,Normale,Deux véhicules - côté,,,,,,,,,,,1,2,3,1,3
200800032127,0008-06-25 12:14:00,8,6,25,12,14,290,19,"., EUROPE (DE 201 A 215)",,,Plein jour,En agglomération,Hors intersection,Normale,Sans collision,,,,,,,,,,,1,2,1,1,7
200800032128,0008-06-25 18:55:00,8,6,25,18,55,290,19,"10, HUGO VICTOR (DE 1 A",,,Plein jour,En agglomération,Hors intersection,Normale,Deux véhicules - côté,,,,,,,,,,,1,2,1,1,3
200800032129,0008-06-26 07:35:00,8,6,26,7,35,290,19,"., MACE JEAN (DE 1 A 39",,,Plein jour,En agglomération,Intersection en X,Normale,Deux véhicules - côté,,,,,,,,,,,1,2,2,1,3
200800032130,0008-06-04 20:10:00,8,6,4,20,10,290,39,"8, GARE (AVENUE DE LA)",,,Plein jour,En agglomération,Intersection en T,Normale,Deux véhicules - côté,,,,,,,,,,,1,2,3,1,3
200800032131,0008-06-13 22:25:00,8,6,13,22,25,290,39,LANRIEC ( RUE DE ),,,Plein jour,En agglomération,Hors intersection,Normale,Autre collision,,,,,,,,,,,1,2,1,1,6
200800032132,0008-06-03 17:10:00,8,6,3,17,10,290,151,"7, PARIS (ROUTE DE)",,,Plein jour,En agglomération,Hors intersection,Pluie légère,Trois véhicules et plus - en chaîne,,,,,,,,,,,1,2,1,2,4
200800032133,0008-06-17 18:35:00,8,6,17,18,35,290,151,SERUSIER (RUE PAUL),,,Plein jour,En agglomération,Autre intersection,Normale,Deux véhicules - côté,,,,,,,,,,,1,2,9,1,3
200800032134,0008-06-26 19:30:00,8,6,26,19,30,290,151,"2, BEAUMONT (COURS)",,,Plein jour,En agglomération,Intersection en X,Normale,Deux véhicules - côté,,,,,,,,,,,1,2,2,1,3
200800032135,0008-06-15 12:29:00,8,6,15,12,29,290,232,"., TY PONT KERROUE  ROND",,,Plein jour,En agglomération,Hors intersection,Normale,Deux véhicules - côté,,,,,,,,,,,1,2,1,1,3
200800032136,0008-06-20 18:00:00,8,6,20,18,0,290,51,"42, ROUILLEN",,,Plein jour,En agglomération,Hors intersection,Normale,Deux véhicules - arrière,,,,,,,,,,,1,2,1,1,2
200800032137,0008-06-20 18:15:00,8,6,20,18,15,290,232,AUTRET GUY RUE,,,Plein jour,En agglomération,Giratoire,Normale,Deux véhicules - frontale,,,,,,,,,,,1,2,6,1,1
200800032138,0008-06-30 18:15:00,8,6,30,18,15,290,51,"., ROUTE PLAZ AN DANZ",,,Plein jour,Hors agglomération,Intersection en X,Normale,Deux véhicules - arrière,,,,,,,,,,,1,1,2,1,2
200800032139,0008-06-02 15:13:00,8,6,2,15,13,300,7,"6, BOISSIER DE SAUVAGE",,,Plein jour,En agglomération,Hors intersection,Pluie forte,Autre collision,,,,,,,,,,,1,2,1,3,6
200800032140,0008-06-06 13:46:00,8,6,6,13,46,300,7,"., MOULIN (GRAND' RUE JE",,,Plein jour,En agglomération,Hors intersection,Normale,Autre collision,,,,,,,,,,,1,2,1,1,6
200800032141,0008-06-13 09:22:00,8,6,13,9,22,300,7,MONGE (AVENUE),,,Plein jour,En agglomération,Hors intersection,Normale,Sans collision,,,,,,,,,,,1,2,1,1,7
200800032142,0008-06-17 00:30:00,8,6,17,0,30,300,7,"., CARNOT (AVE)",,,Nuit avec éclairage allumé,En agglomération,Hors intersection,Normale,Sans collision,,,,,,,,,,,5,2,1,1,7
200800032143,0008-06-17 17:47:00,8,6,17,17,47,300,7,"., BAGNOLS (ROUTE DE)",,,Plein jour,En agglomération,Hors intersection,Normale,Trois véhicules et plus - en chaîne,,,,,,,,,,,1,2,1,1,4
200800032144,0008-06-25 11:28:00,8,6,25,11,28,300,7,"., LAURIERS (MONTEE DES)",,,Plein jour,En agglomération,Intersection en T,Normale,Deux véhicules - côté,,,,,,,,,,,1,2,3,1,3
200800032145,0008-06-19 08:45:00,8,6,19,8,45,300,7,"1, CARNOT (AVE)",,,Plein jour,En agglomération,Hors intersection,Normale,Autre collision,,,,,,,,,,,1,2,1,1,6
200800032146,0008-06-25 14:30:00,8,6,25,14,30,300,7,BROUZEN (PONT DE),,,Plein jour,En agglomération,Intersection en X,Normale,Deux véhicules - côté,,,,,,,,,,,1,2,2,1,3
200800032147,0008-06-26 13:35:00,8,6,26,13,35,300,7,"., MONGE (AVENUE)",,,Plein jour,En agglomération,Hors intersection,Normale,Trois véhicules et plus - en chaîne,,,,,,,,,,,1,2,1,1,4
200800032148,0008-06-26 19:40:00,8,6,26,19,40,300,243,"., MOULIN (AVENUE J.)",,,Plein jour,En agglomération,Hors intersection,Normale,Deux véhicules - côté,,,,,,,,,,,1,2,1,1,3
200800032149,0008-06-29 17:40:00,8,6,29,17,40,300,7,"., ONZE NOVEMBRE 1918 (Q",,,Plein jour,En agglomération,Hors intersection,Normale,Autre collision,,,,,,,,,,,1,2,1,1,6
200800032150,0008-06-30 09:40:00,8,6,30,9,40,300,7,"20, STALINGRAD (AVENUE D",,,Plein jour,En agglomération,Hors intersection,Normale,Deux véhicules - arrière,,,,,,,,,,,1,2,1,1,2
200800032151,0008-06-30 18:00:00,8,6,30,18,0,300,7,"., BLAVET (RUE ALCIDE )",,,Plein jour,En agglomération,Hors intersection,Normale,Autre collision,,,,,,,,,,,1,2,1,1,6
200800032152,0008-06-08 14:35:00,8,6,8,14,35,300,28,"86, ROUTE DE PONT SAINT",,,Plein jour,En agglomération,Hors intersection,Normale,Trois véhicules et plus - en chaîne,,,,,,,,,,,1,2,1,1,4
200800032153,0008-06-12 11:00:00,8,6,12,11,0,300,28,", ANCYSE (AVENUE DEL')",,,Plein jour,En agglomération,Intersection en X,Normale,Deux véhicules - côté,,,,,,,,,,,1,2,2,1,3
200800032154,0008-06-21 13:10:00,8,6,21,13,10,300,28,"17, LEON BLUM (AVENUE)",,,Plein jour,En agglomération,Hors intersection,Normale,Deux véhicules - frontale,,,,,,,,,,,1,2,1,1,1
200800032155,0008-06-06 11:15:00,8,6,6,11,15,300,32,"46, FARCIENNES (AV. DE)",,,Plein jour,En agglomération,Intersection en X,Normale,Sans collision,,,,,,,,,,,1,2,2,1,7
200800032156,0008-06-24 19:45:00,8,6,24,19,45,300,32,"6, FARCIENNES (AV. DE)",,,Plein jour,En agglomération,Giratoire,Normale,Sans collision,,,,,,,,,,,1,2,6,1,7
200800032157,0008-06-27 08:50:00,8,6,27,8,50,300,32,ROUTE DE BELLEGARDE (C.D,,,Plein jour,Hors agglomération,Hors intersection,Normale,Sans collision,,,,,,,,,,,1,1,1,1,7
200800032158,0008-06-03 12:15:00,8,6,3,12,15,300,189,CALQUIERES (RUE OU IMPAS,43.83765,4.36399,Plein jour,En agglomération,Intersection en X,Normale,Deux véhicules - côté,,,,,,,,,,,1,2,2,1,3
200800032159,0008-06-03 12:16:00,8,6,3,12,16,300,189,"14, TRIAIRE SERGENT (BOU",,,Plein jour,En agglomération,Hors intersection,Normale,Autre collision,,,,,,,,,,,1,2,1,1,6
200800032160,0008-06-03 20:28:00,8,6,3,20,28,300,189,"., MAS DE CHEYLON",43.80505,4.33659,Plein jour,Hors agglomération,Intersection en T,Normale,Deux véhicules - côté,,,,,,,,,,,1,1,3,1,3
200800032161,0008-06-05 14:25:00,8,6,5,14,25,300,189,ROUQUAIROL (ROUTE),,,Plein jour,En agglomération,Hors intersection,Normale,Sans collision,,,,,,,,,,,1,2,1,1,7
200800032162,0008-06-05 20:30:00,8,6,5,20,30,300,189,"159, AVIGNON (ROUTE)",,,Plein jour,En agglomération,Intersection en T,Normale,Deux véhicules - côté,,,,,,,,,,,1,2,3,1,3
200800032163,0008-06-06 12:23:00,8,6,6,12,23,300,189,"., ALLENDE SALVADOR (RUE",43.80511,4.33653,Plein jour,Hors agglomération,Hors intersection,Normale,Deux véhicules - arrière,,,,,,,,,,,1,1,1,1,2
200800032164,0008-06-09 07:20:00,8,6,9,7,20,300,189,MONTPELLIER (ROUTE DE),43.81114,4.3301,Plein jour,En agglomération,Intersection en X,Normale,Deux véhicules - côté,,,,,,,,,,,1,2,2,1,3
200800032165,0008-06-09 14:30:00,8,6,9,14,30,300,189,TRIAIRE SERGENT (BOULEVA,43.82958,4.36031,Plein jour,En agglomération,Intersection en X,Normale,Deux véhicules - côté,,,,,,,,,,,1,2,2,1,3
200800032166,0008-06-11 00:35:00,8,6,11,0,35,300,189,BEAUCAIRE (ROUTE),43.83481,4.34837,Nuit sans éclairage public,Hors agglomération,Hors intersection,Normale,Sans collision,,,,,,,,,,,3,1,1,1,7
200800032167,0008-06-11 09:25:00,8,6,11,9,25,300,189,"., SAUVE (ROUTE)",43.8365,4.33704,Plein jour,En agglomération,Hors intersection,Normale,Deux véhicules - frontale,,,,,,,,,,,1,2,1,1,1
200800032168,0008-06-11 13:20:00,8,6,11,13,20,300,189,"15, SAINTENAC ETIENNE (B",43.84044,4.3648,Plein jour,En agglomération,Intersection en T,Normale,Autre collision,,,,,,,,,,,1,2,3,1,6
200800032169,0008-06-12 09:22:00,8,6,12,9,22,300,189,MONNET JEAN (COURS),43.81564,4.34772,Plein jour,En agglomération,Giratoire,Normale,Deux véhicules - côté,,,,,,,,,,,1,2,6,1,3
200800032170,0008-06-12 19:50:00,8,6,12,19,50,300,189,"1414, CAMPLANIER (CHEMIN",43.84411,4.32819,Plein jour,En agglomération,Intersection en X,Normale,Deux véhicules - côté,,,,,,,,,,,1,2,2,1,3
200800032171,0008-06-13 11:28:00,8,6,13,11,28,300,189,"404, COURBESSAC (ROUTE)",43.85288,4.39796,Plein jour,En agglomération,Giratoire,Normale,Autre collision,,,,,,,,,,,1,2,6,1,6
200800032172,0008-06-13 15:40:00,8,6,13,15,40,300,189,"., PITOT (RUE)",43.84583,3.45699,Plein jour,En agglomération,Giratoire,Normale,Autre collision,,,,,,,,,,,1,2,6,1,6
200800032173,0008-06-13 17:32:00,8,6,13,17,32,300,189,"., MONTPELLIER (ROUTE DE",43.80718,4.32499,Plein jour,Hors agglomération,Hors intersection,Normale,Deux véhicules - arrière,,,,,,,,,,,1,1,1,1,2
200800032174,0008-06-14 14:45:00,8,6,14,14,45,300,189,AVIGNON (ROUTE),43.85424,4.38195,Plein jour,En agglomération,Hors intersection,Normale,Sans collision,,,,,,,,,,,1,2,1,1,7
200800032175,0008-06-15 14:00:00,8,6,15,14,0,300,189,JAURES JEAN (BOULEVARD),43.81557,4.3477,Plein jour,En agglomération,Intersection en X,Normale,Trois véhicules et plus - collisions multiples,,,,,,,,,,,1,2,2,1,5
200800032176,0008-06-16 15:07:00,8,6,16,15,7,300,189,"., ALLENDE SALVADOR (RUE",43.82644,4.37284,Plein jour,En agglomération,Hors intersection,Normale,Sans collision,,,,,,,,,,,1,2,1,1,7
200800032177,0008-06-16 12:15:00,8,6,16,12,15,300,189,"13, HORLOGE (RUE)",,,Plein jour,En agglomération,Intersection en X,Normale,Autre collision,,,,,,,,,,,1,2,2,1,6
200800032178,0008-06-16 15:08:00,8,6,16,15,8,300,189,"21, CIRQUE ROMAIN (RUE)",43.83181,4.3544,Plein jour,En agglomération,Hors intersection,Normale,Sans collision,,,,,,,,,,,1,2,1,1,7
200800032179,0008-06-18 08:36:00,8,6,18,8,36,300,189,SAUVE (RUE),,,Plein jour,En agglomération,Intersection en X,Normale,Autre collision,,,,,,,,,,,1,2,2,1,6
200800032180,0008-06-18 12:00:00,8,6,18,12,0,300,189,"119, CIGALE (CHEMIN)",43.84204,4.34028,Plein jour,En agglomération,Intersection en Y,Normale,Deux véhicules - côté,,,,,,,,,,,1,2,4,1,3
200800032181,0008-06-20 12:23:00,8,6,20,12,23,300,189,"3214, MONTPELLIER (ROUTE",43.8064,4.32326,Plein jour,Hors agglomération,Hors intersection,Normale,Sans collision,,,,,,,,,,,1,1,1,1,7
200800032182,0008-06-21 06:58:00,8,6,21,6,58,300,189,SAINT GILLES (ROUTE),43.75108,4.40715,Plein jour,Hors agglomération,Hors intersection,Normale,Sans collision,,,,,,,,,,,1,1,1,1,7
200800032183,0008-06-23 08:20:00,8,6,23,8,20,300,189,"., ALES (ROUTE)",,,Plein jour,En agglomération,Hors intersection,Normale,Autre collision,,,,,,,,,,,1,2,1,1,6
200800032184,0008-06-24 14:07:00,8,6,24,14,7,300,189,"1294, MARECHAL JUIN (BOU",43.81881,4.3422,Plein jour,En agglomération,Hors intersection,Normale,Deux véhicules - côté,,,,,,,,,,,1,2,1,1,3
200800032185,0008-06-26 08:55:00,8,6,26,8,55,300,189,"., VICTOR PAUL EMILE  (R",43.81795,4.34795,Plein jour,En agglomération,Giratoire,Normale,Autre collision,,,,,,,,,,,1,2,6,1,6
200800032186,0008-06-26 13:20:00,8,6,26,13,20,300,189,FOREZ (RUE),43.82463,4.36855,Plein jour,En agglomération,Hors intersection,Normale,Deux véhicules - côté,,,,,,,,,,,1,2,1,1,3
200800032187,0008-06-26 16:05:00,8,6,26,16,5,300,189,"5/7, CARNOT (AVENUE)",43.82715,4.36117,Plein jour,En agglomération,Intersection en Y,Normale,Autre collision,,,,,,,,,,,1,2,4,1,6
200800032188,0008-06-26 18:00:00,8,6,26,18,0,300,189,"211, BRUNSWICK  (RUE)",43.84138,4.38395,Plein jour,En agglomération,Hors intersection,Normale,Deux véhicules - côté,,,,,,,,,,,1,2,1,1,3
200800032189,0008-06-26 20:19:00,8,6,26,20,19,300,189,MAS DE CHEYLON,43.79445,4.34586,Plein jour,En agglomération,Hors intersection,Normale,Deux véhicules - arrière,,,,,,,,,,,1,2,1,1,2
200800032190,0008-06-27 10:50:00,8,6,27,10,50,300,189,"., LIBERATION (BOULEVARD",43.83582,4.36217,Plein jour,En agglomération,Hors intersection,Normale,Sans collision,,,,,,,,,,,1,2,1,1,7
200800032191,0008-06-29 20:15:00,8,6,29,20,15,300,189,FRANCAIS LIBRES (BD),43.8244,4.32716,Plein jour,En agglomération,Hors intersection,Normale,Trois véhicules et plus - collisions multiples,,,,,,,,,,,1,2,1,1,5
200800032192,0008-06-24 16:15:00,8,6,24,16,15,310,69,"50, COMPANS (AV DU GENER",,,Plein jour,En agglomération,Hors intersection,Normale,Deux véhicules - côté,,,,,,,,,,,1,2,1,1,3
200800032193,0008-06-06 14:40:00,8,6,6,14,40,310,149,"999, TOURNEFEUILLE (CHEM",,,Plein jour,En agglomération,Hors intersection,Normale,Autre collision,,,,,,,,,,,1,2,1,1,6
200800032194,0008-06-11 11:45:00,8,6,11,11,45,310,149,"999, COURNAUDIS (CHEMIN",,,Plein jour,En agglomération,Giratoire,Normale,Deux véhicules - côté,,,,,,,,,,,1,2,6,1,3
200800032195,0008-06-11 18:49:00,8,6,11,18,49,310,149,"6, VIGNEMALE (ALLEE DU)",,,Crépuscule ou aube,En agglomération,Hors intersection,Pluie légère,Autre collision,,,,,,,,,,,2,2,1,2,6
200800032196,0008-06-23 13:01:00,8,6,23,13,1,310,149,"999, TOURNEFEUILLE (AVEN",,,Plein jour,En agglomération,Giratoire,Normale,Autre collision,,,,,,,,,,,1,2,6,1,6
200800032197,0008-06-24 01:05:00,8,6,24,1,5,310,149,"999, PIBRAC (ROUTE DE)",,,Nuit avec éclairage allumé,En agglomération,Hors intersection,Normale,Sans collision,,,,,,,,,,,5,2,1,1,7
200800032198,0008-06-11 13:30:00,8,6,11,13,30,310,483,"15, LECLERC (RUE DU GENE",,,Plein jour,En agglomération,Hors intersection,Pluie légère,Autre collision,,,,,,,,,,,1,2,1,2,6
200800032199,0008-06-26 09:00:00,8,6,26,9,0,310,483,"1, JUIN (PLACE DU MARECH",,,Plein jour,En agglomération,Hors intersection,Normale,Autre collision,,,,,,,,,,,1,2,1,1,6
200800032200,0008-06-01 00:20:00,8,6,1,0,20,310,555,"296, AV DE GRANDE BRETAG",,,Nuit avec éclairage allumé,En agglomération,Hors intersection,Normale,Sans collision,,,,,,,,,,,5,2,1,1,7
200800032201,0008-06-01 00:25:00,8,6,1,0,25,310,555,"25, AV DE LYON",,,Nuit avec éclairage allumé,En agglomération,Hors intersection,Normale,Deux véhicules - côté,,,,,,,,,,,5,2,1,1,3
200800032202,0008-06-01 10:00:00,8,6,1,10,0,310,555,"999, VA007355 PURPAN A62",,,Plein jour,Hors agglomération,Hors intersection,Normale,Autre collision,,,,,,,,,,,1,1,1,1,6
200800032203,0008-06-02 17:05:00,8,6,2,17,5,310,555,"999, R-PT DU DR MAURICE",,,Plein jour,En agglomération,Giratoire,Normale,Deux véhicules - côté,,,,,,,,,,,1,2,6,1,3
200800032204,0008-06-03 17:55:00,8,6,3,17,55,310,555,"999, AV DE REYNERIE",,,Plein jour,En agglomération,Hors intersection,Normale,Autre collision,,,,,,,,,,,1,2,1,1,6
200800032205,0008-06-03 15:55:00,8,6,3,15,55,310,555,"28, BD D ARCOLE",,,Plein jour,En agglomération,Hors intersection,Normale,Autre collision,,,,,,,,,,,1,2,1,1,6
200800032206,0008-06-03 21:20:00,8,6,3,21,20,310,555,"999, RD901",,,Nuit avec éclairage allumé,Hors agglomération,Hors intersection,Pluie légère,Deux véhicules - arrière,,,,,,,,,,,5,1,1,2,2
200800032207,0008-06-04 10:40:00,8,6,4,10,40,310,555,"107, AV JULES JULIEN",,,Plein jour,En agglomération,Hors intersection,Normale,Autre collision,,,,,,,,,,,1,2,1,1,6
200800032208,0008-06-05 07:00:00,8,6,5,7,0,310,555,"173, AV DES MINIMES",,,Plein jour,En agglomération,Hors intersection,Normale,Deux véhicules - arrière,,,,,,,,,,,1,2,1,1,2
200800032209,0008-06-05 12:40:00,8,6,5,12,40,310,555,AV JEAN DAGNAUX,,,Plein jour,En agglomération,Hors intersection,Normale,Deux véhicules - côté,,,,,,,,,,,1,2,1,1,3
200800032210,0008-06-05 16:15:00,8,6,5,16,15,310,555,"999, ALL DE BELLEFONTAIN",,,Plein jour,En agglomération,Hors intersection,Normale,Deux véhicules - côté,,,,,,,,,,,1,2,1,1,3
200800032211,0008-06-05 17:15:00,8,6,5,17,15,310,555,"96, RUE DE CUGNAUX",,,Plein jour,En agglomération,Hors intersection,Normale,Autre collision,,,,,,,,,,,1,2,1,1,6
200800032212,0008-06-05 18:05:00,8,6,5,18,5,310,555,"119BIS, AV DE LARDENNE",,,Plein jour,En agglomération,Hors intersection,Normale,Deux véhicules - côté,,,,,,,,,,,1,2,1,1,3
200800032213,0008-06-05 19:00:00,8,6,5,19,0,310,555,"999, PORT DE L EMBOUCHUR",,,Plein jour,En agglomération,Hors intersection,Normale,Deux véhicules - arrière,,,,,,,,,,,1,2,1,1,2
200800032214,0008-06-06 02:50:00,8,6,6,2,50,310,555,"18, BD DE STRASBOURG",,,Nuit avec éclairage allumé,En agglomération,Hors intersection,Normale,Autre collision,,,,,,,,,,,5,2,1,1,6
200800032215,0008-06-06 15:02:00,8,6,6,15,2,310,555,"269, AV DE FRONTON",,,Plein jour,En agglomération,Hors intersection,Normale,Deux véhicules - côté,,,,,,,,,,,1,2,1,1,3
200800032216,0008-06-07 15:25:00,8,6,7,15,25,310,555,"43, CHE MAL CLABEL",,,Plein jour,En agglomération,Hors intersection,Normale,Deux véhicules - côté,,,,,,,,,,,1,2,1,1,3
200800032217,0008-06-08 01:55:00,8,6,8,1,55,310,555,"999, VA007644 EMPALOT A6",,,Nuit avec éclairage allumé,Hors agglomération,Hors intersection,Normale,Sans collision,,,,,,,,,,,5,1,1,1,7
200800032218,0008-06-08 12:40:00,8,6,8,12,40,310,555,"93, AV DES MINIMES",,,Plein jour,En agglomération,Hors intersection,Normale,Deux véhicules - arrière,,,,,,,,,,,1,2,1,1,2
200800032219,0008-06-04 19:10:00,8,6,4,19,10,310,555,"999, AV MARCEL DORET",,,Plein jour,En agglomération,Intersection en X,Normale,Deux véhicules - côté,,,,,,,,,,,1,2,2,1,3
200800032220,0008-06-09 14:10:00,8,6,9,14,10,310,555,AV DE LESPINET,,,Plein jour,En agglomération,Hors intersection,Normale,Sans collision,,,,,,,,,,,1,2,1,1,7
200800032221,0008-06-11 13:30:00,8,6,11,13,30,310,555,"999, AV DU GENERAL EISEN",,,Plein jour,En agglomération,Hors intersection,Normale,Autre collision,,,,,,,,,,,1,2,1,1,6
200800032222,0008-06-11 21:30:00,8,6,11,21,30,310,555,"999, AV DES ETATS UNIS",,,Plein jour,En agglomération,Hors intersection,Normale,Sans collision,,,,,,,,,,,1,2,1,1,7
200800032223,0008-06-12 03:30:00,8,6,12,3,30,310,555,"999, RTE D ESPAGNE",,,Nuit avec éclairage allumé,En agglomération,Hors intersection,Normale,Sans collision,,,,,,,,,,,5,2,1,1,7
200800032224,0008-06-11 17:30:00,8,6,11,17,30,310,555,"999, AV DE CASSELARDIT",,,Plein jour,En agglomération,Intersection en T,Normale,Deux véhicules - côté,,,,,,,,,,,1,2,3,1,3
200800032225,0008-06-12 13:30:00,8,6,12,13,30,310,555,VA007386 Fil d'Ariane A6,,,Plein jour,Hors agglomération,Hors intersection,Normale,Deux véhicules - côté,,,,,,,,,,,1,1,1,1,3
200800032226,0008-06-12 17:30:00,8,6,12,17,30,310,555,"999, BD DE MARENGO",,,Plein jour,En agglomération,Hors intersection,Normale,Trois véhicules et plus - en chaîne,,,,,,,,,,,1,2,1,1,4
200800032227,0008-06-14 05:10:00,8,6,14,5,10,310,555,"87, RTE DE NARBONNE",,,Nuit avec éclairage allumé,En agglomération,Hors intersection,Normale,Deux véhicules - frontale,,,,,,,,,,,5,2,1,1,1
200800032228,0008-06-15 04:45:00,8,6,15,4,45,310,555,"101, ALL CHARLES DE FITT",,,Nuit avec éclairage allumé,En agglomération,Hors intersection,Normale,Sans collision,,,,,,,,,,,5,2,1,1,7
200800032229,0008-06-13 07:50:00,8,6,13,7,50,310,555,VA007306 A64,,,Plein jour,Hors agglomération,Hors intersection,Normale,Deux véhicules - arrière,,,,,,,,,,,1,1,1,1,2
200800032230,0008-06-14 06:45:00,8,6,14,6,45,310,555,VA007539 LA ROSERAIE A61,,,Plein jour,Hors agglomération,Hors intersection,Normale,Sans collision,,,,,,,,,,,1,1,1,1,7
200800032231,0008-06-14 07:25:00,8,6,14,7,25,310,555,VA007306 A64,,,Plein jour,Hors agglomération,Hors intersection,Normale,Sans collision,,,,,,,,,,,1,1,1,1,7
200800032232,0008-06-14 16:50:00,8,6,14,16,50,310,555,"1, RTE DE REVEL",,,Plein jour,En agglomération,Hors intersection,Normale,Deux véhicules - frontale,,,,,,,,,,,1,2,1,1,1
200800032233,0008-06-15 14:35:00,8,6,15,14,35,310,555,"20, RUE DENFERT ROCHEREA",,,Plein jour,En agglomération,Hors intersection,Normale,Autre collision,,,,,,,,,,,1,2,1,1,6
200800032234,0008-06-13 18:25:00,8,6,13,18,25,310,555,"134, RTE DE REVEL",,,Plein jour,En agglomération,Hors intersection,Normale,Deux véhicules - frontale,,,,,,,,,,,1,2,1,1,1
200800032235,0008-06-16 08:40:00,8,6,16,8,40,310,555,"999, CHE DES ETROITS",,,Plein jour,En agglomération,Intersection en T,Pluie légère,Deux véhicules - côté,,,,,,,,,,,1,2,3,2,3