accident_id,datetime,annee,mois,jour,heure,minute,departement,commune_insee,adresse,latitude,longitude,luminosite,agglomeration,intersection,meteo,collision,nb_vehicules,nb_usagers,nb_indemnes,nb_tues,nb_blesses_hosp,nb_blesses_legers,age_cond_1,age_cond_2,veh_type_cond_1,veh_type_cond_2,lum_code,agg_code,int_code,atm_code,col_code
200800032236,0008-06-16 12:50:00,8,6,16,12,50,310,555,"999, RUE MONTOULIEU ST J",,,Plein jour,En agglomération,Hors intersection,Normale,Deux véhicules - arrière,,,,,,,,,,,1,2,1,1,2
200800032237,0008-06-17 00:01:00,8,6,17,0,1,310,555,"110, GRANDE RUE SAINT MI",,,Nuit avec éclairage allumé,En agglomération,Hors intersection,Normale,Deux véhicules - arrière,,,,,,,,,,,5,2,1,1,2
200800032238,0008-06-17 08:45:00,8,6,17,8,45,310,555,"75, ALL JEAN JAURES",,,Plein jour,En agglomération,Hors intersection,Normale,Autre collision,,,,,,,,,,,1,2,1,1,6
200800032239,0008-06-17 18:34:00,8,6,17,18,34,310,555,"999, AV DE GRANDE BRETAG",,,Plein jour,En agglomération,Hors intersection,Pluie légère,Deux véhicules - côté,,,,,,,,,,,1,2,1,2,3
200800032240,0008-06-18 03:30:00,8,6,18,3,30,310,555,"77, RTE DE SAINT SIMON",,,Nuit avec éclairage allumé,En agglomération,Hors intersection,Normale,Sans collision,,,,,,,,,,,5,2,1,1,7
200800032241,0008-06-18 07:45:00,8,6,18,7,45,310,555,"999, AV CAMILLE PUJOL",,,Plein jour,En agglomération,Hors intersection,Normale,Deux véhicules - côté,,,,,,,,,,,1,2,1,1,3
200800032242,0008-06-18 07:50:00,8,6,18,7,50,310,555,"96, AV DES MINIMES",,,Plein jour,En agglomération,Hors intersection,Normale,Deux véhicules - côté,,,,,,,,,,,1,2,1,1,3
200800032243,0008-06-18 08:20:00,8,6,18,8,20,310,555,"3, RUE DU MIDI",,,Plein jour,En agglomération,Hors intersection,Normale,Deux véhicules - arrière,,,,,,,,,,,1,2,1,1,2
200800032244,0008-06-18 18:00:00,8,6,18,18,0,310,555,"34, RUE DE REMUSAT",,,Plein jour,En agglomération,Hors intersection,Normale,Deux véhicules - côté,,,,,,,,,,,1,2,1,1,3
200800032245,0008-06-18 14:05:00,8,6,18,14,5,310,555,VA007500 CROIX DAURADE A,,,Plein jour,Hors agglomération,Hors intersection,Normale,Deux véhicules - côté,,,,,,,,,,,1,1,1,1,3
200800032246,0008-06-18 16:50:00,8,6,18,16,50,310,555,RTE DE BLAGNAC,,,Plein jour,En agglomération,Hors intersection,Normale,Deux véhicules - frontale,,,,,,,,,,,1,2,1,1,1
200800032247,0008-06-19 11:55:00,8,6,19,11,55,310,555,"5, RUE DE LA CHARITE",,,Plein jour,En agglomération,Hors intersection,Normale,Autre collision,,,,,,,,,,,1,2,1,1,6
200800032248,0008-06-19 17:40:00,8,6,19,17,40,310,555,"37, BD MATABIAU",,,Plein jour,En agglomération,Hors intersection,Normale,Deux véhicules - côté,,,,,,,,,,,1,2,1,1,3
200800032249,0008-06-19 18:52:00,8,6,19,18,52,310,555,"999, RUE HENRI DESBALS",,,Plein jour,En agglomération,Hors intersection,Normale,Autre collision,,,,,,,,,,,1,2,1,1,6
200800032250,0008-06-18 19:15:00,8,6,18,19,15,310,555,"24, ALL JULES GUESDE",,,Plein jour,En agglomération,Hors intersection,Normale,Deux véhicules - arrière,,,,,,,,,,,1,2,1,1,2
200800032251,0008-06-21 07:40:00,8,6,21,7,40,310,555,"76, BD DE STRASBOURG",,,Plein jour,En agglomération,Hors intersection,Normale,Deux véhicules - côté,,,,,,,,,,,1,2,1,1,3
200800032252,0008-06-20 18:27:00,8,6,20,18,27,310,555,"999, AV JEAN CHAUBET",,,Plein jour,En agglomération,Hors intersection,Normale,Deux véhicules - frontale,,,,,,,,,,,1,2,1,1,1
200800032253,0008-06-20 21:50:00,8,6,20,21,50,310,555,"22, RUE LOUIS PLANA",,,Nuit avec éclairage allumé,En agglomération,Hors intersection,Normale,Sans collision,,,,,,,,,,,5,2,1,1,7
200800032254,0008-06-21 00:50:00,8,6,21,0,50,310,555,"22, GRANDE RUE SAINT MIC",,,Nuit avec éclairage allumé,En agglomération,Hors intersection,Normale,Deux véhicules - côté,,,,,,,,,,,5,2,1,1,3
200800032255,0008-06-21 14:20:00,8,6,21,14,20,310,555,"06, AV ETIENNE BILLIERES",,,Plein jour,En agglomération,Hors intersection,Normale,Autre collision,,,,,,,,,,,1,2,1,1,6
200800032256,0008-06-22 00:25:00,8,6,22,0,25,310,555,VA007331 A620,,,Nuit avec éclairage allumé,Hors agglomération,Hors intersection,Normale,Sans collision,,,,,,,,,,,5,1,1,1,7
200800032257,0008-06-22 04:20:00,8,6,22,4,20,310,555,RTE DE SEYSSES,,,Nuit avec éclairage allumé,En agglomération,Hors intersection,Normale,Sans collision,,,,,,,,,,,5,2,1,1,7
200800032258,0008-06-22 17:30:00,8,6,22,17,30,310,555,"64, AV DE GRANDE BRETAGN",,,Plein jour,En agglomération,Hors intersection,Normale,Deux véhicules - côté,,,,,,,,,,,1,2,1,1,3
200800032259,0008-06-23 12:00:00,8,6,23,12,0,310,555,"999, RTE DE SAINT SIMON",,,Plein jour,En agglomération,Hors intersection,Normale,Sans collision,,,,,,,,,,,1,2,1,1,7
200800032260,0008-06-24 14:50:00,8,6,24,14,50,310,555,"45, AV DE LA GARONNETTE",,,Plein jour,En agglomération,Hors intersection,Normale,Deux véhicules - arrière,,,,,,,,,,,1,2,1,1,2
200800032261,0008-06-24 21:15:00,8,6,24,21,15,310,555,"999, PL DU DR JOSEPH BAY",,,Plein jour,En agglomération,Intersection en X,Normale,Trois véhicules et plus - en chaîne,,,,,,,,,,,1,2,2,1,4
200800032262,0008-06-25 10:45:00,8,6,25,10,45,310,555,"49, AV CRAMPEL",,,Plein jour,En agglomération,Hors intersection,Normale,Deux véhicules - côté,,,,,,,,,,,1,2,1,1,3
200800032263,0008-06-25 17:30:00,8,6,25,17,30,310,555,"999, RUE DES TOURNEURS",,,Plein jour,En agglomération,Hors intersection,Normale,Autre collision,,,,,,,,,,,1,2,1,1,6
200800032264,0008-06-25 17:50:00,8,6,25,17,50,310,555,VA007386 Fil d'Ariane A6,,,Plein jour,Hors agglomération,Hors intersection,Normale,Deux véhicules - arrière,,,,,,,,,,,1,1,1,1,2
200800032265,0008-06-26 00:15:00,8,6,26,0,15,310,555,"28, AV PAUL SEJOURNE",,,Nuit avec éclairage allumé,En agglomération,Hors intersection,Normale,Autre collision,,,,,,,,,,,5,2,1,1,6
200800032266,0008-06-26 08:30:00,8,6,26,8,30,310,555,"999, BD DE LA MEDITERRAN",,,Plein jour,En agglomération,Hors intersection,Normale,Deux véhicules - côté,,,,,,,,,,,1,2,1,1,3
200800032267,0008-06-26 12:45:00,8,6,26,12,45,310,555,"87, ALL CHARLES DE FITTE",,,Plein jour,En agglomération,Hors intersection,Normale,Deux véhicules - côté,,,,,,,,,,,1,2,1,1,3
200800032268,0008-06-27 14:55:00,8,6,27,14,55,310,555,"83, RUE D ALSACE LORRAIN",,,Plein jour,En agglomération,Hors intersection,Normale,Autre collision,,,,,,,,,,,1,2,1,1,6
200800032269,0008-06-27 16:30:00,8,6,27,16,30,310,555,"44, AV DES MINIMES",,,Plein jour,En agglomération,Hors intersection,Normale,Deux véhicules - frontale,,,,,,,,,,,1,2,1,1,1
200800032270,0008-06-27 21:50:00,8,6,27,21,50,310,555,"341, AV DE FRONTON",,,Crépuscule ou aube,En agglomération,Hors intersection,Normale,Sans collision,,,,,,,,,,,2,2,1,1,7
200800032271,0008-06-28 21:04:00,8,6,28,21,4,310,555,"355, AV DES ETATS UNIS",,,Plein jour,En agglomération,Hors intersection,Normale,Deux véhicules - frontale,,,,,,,,,,,1,2,1,1,1
200800032272,0008-06-29 18:50:00,8,6,29,18,50,310,555,"179, CHE DE FENOUILLET",,,Plein jour,En agglomération,Hors intersection,Normale,Sans collision,,,,,,,,,,,1,2,1,1,7
200800032273,0008-06-26 12:20:00,8,6,26,12,20,310,555,"999, BD DE LA MEDITERRAN",,,Plein jour,En agglomération,Hors intersection,Normale,Deux véhicules - frontale,,,,,,,,,,,1,2,1,1,1
200800032274,0008-06-30 16:40:00,8,6,30,16,40,310,555,"999, ALL DES DEMOISELLES",,,Plein jour,En agglomération,Hors intersection,Normale,Deux véhicules - côté,,,,,,,,,,,1,2,1,1,3
200800032275,0008-06-30 16:50:00,8,6,30,16,50,310,555,"11, BD MATABIAU",,,Plein jour,En agglomération,Hors intersection,Normale,Deux véhicules - arrière,,,,,,,,,,,1,2,1,1,2
200800032276,0008-06-30 17:15:00,8,6,30,17,15,310,555,ALL CHARLES DE FITTE,,,Plein jour,En agglomération,Hors intersection,Normale,Autre collision,,,,,,,,,,,1,2,1,1,6
200800032277,0008-06-10 07:45:00,8,6,10,7,45,310,557,TARBES (ROUTE DE),,,Plein jour,Hors agglomération,Hors intersection,Normale,Trois véhicules et plus - en chaîne,,,,,,,,,,,1,1,1,1,4
200800032278,0008-06-15 09:10:00,8,6,15,9,10,310,557,ROCADE ARC-EN-CIEL,,,Plein jour,Hors agglomération,Hors intersection,Normale,Sans collision,,,,,,,,,,,1,1,1,1,7
200800032279,0008-06-06 05:05:00,8,6,6,5,5,320,13,"15, DOCTEUR SAMALENS",,,Nuit avec éclairage allumé,En agglomération,Intersection en T,Pluie légère,Deux véhicules - côté,,,,,,,,,,,5,2,3,2,3
200800032280,0008-06-20 09:55:00,8,6,20,9,55,320,13,rond point des justes,,,Plein jour,En agglomération,Giratoire,Pluie légère,Deux véhicules - côté,,,,,,,,,,,1,2,6,2,3
200800032281,0008-06-25 12:20:00,8,6,25,12,20,320,13,"26, LORRAINE",,,Plein jour,En agglomération,Hors intersection,Normale,Sans collision,,,,,,,,,,,1,2,1,1,7
200800032282,0008-06-01 14:23:00,8,6,1,14,23,330,529,"31, JUILLET (RUE DU 14)",,,Plein jour,En agglomération,Hors intersection,Normale,Autre collision,,,,,,,,,,,1,2,1,1,6
200800032283,0008-06-14 18:00:00,8,6,14,18,0,330,529,CAZAUX (BD DE) DU 02 ET,,,Plein jour,Hors agglomération,Hors intersection,Normale,Deux véhicules - côté,,,,,,,,,,,1,1,1,1,3
200800032284,0008-06-13 22:35:00,8,6,13,22,35,330,9,"49-51, PARC (AVE DU)",,,Nuit avec éclairage non allumé,En agglomération,Hors intersection,Normale,Autre collision,,,,,,,,,,,4,2,1,1,6
200800032285,0008-06-24 19:30:00,8,6,24,19,30,330,529,"., RN 250 (OUSTALET - BO",,,Plein jour,En agglomération,Hors intersection,Normale,Deux véhicules - côté,,,,,,,,,,,1,2,1,1,3
200800032286,0008-06-03 08:40:00,8,6,3,8,40,330,9,ABATILLES (AVE),,,Plein jour,En agglomération,Intersection en X,Normale,Deux véhicules - côté,,,,,,,,,,,1,2,2,1,3
200800032287,0008-06-22 13:35:00,8,6,22,13,35,330,529,"., LECLERC (AVE DU GAL)",,,Nuit avec éclairage allumé,En agglomération,Hors intersection,Pluie légère,Autre collision,,,,,,,,,,,5,2,1,2,6
200800032288,0008-06-01 01:10:00,8,6,1,1,10,330,63,"352, AVE MAL DE LATTRE T",,,Nuit avec éclairage allumé,En agglomération,Hors intersection,Normale,Deux véhicules - côté,,,,,,,,,,,5,2,1,1,3
200800032289,0008-06-01 15:20:00,8,6,1,15,20,330,63,"128, BD GEORGE V",,,Plein jour,En agglomération,Hors intersection,Normale,Deux véhicules - côté,,,,,,,,,,,1,2,1,1,3
200800032290,0008-06-02 17:30:00,8,6,2,17,30,330,63,"7, CRS DE L'YSER",,,Plein jour,En agglomération,Hors intersection,Normale,Autre collision,,,,,,,,,,,1,2,1,1,6
200800032291,0008-06-02 10:30:00,8,6,2,10,30,330,63,"80, BD DU PRESIDENT WILS",,,Plein jour,En agglomération,Hors intersection,Normale,Trois véhicules et plus - en chaîne,,,,,,,,,,,1,2,1,1,4
200800032292,0008-06-03 08:00:00,8,6,3,8,0,330,63,CRS D'ALBRET,,,Plein jour,En agglomération,Intersection en T,Pluie légère,Deux véhicules - côté,,,,,,,,,,,1,2,3,2,3
200800032293,0008-06-03 21:00:00,8,6,3,21,0,330,63,AVE MAL DE LATTRE TASSIG,,,Crépuscule ou aube,En agglomération,Intersection en T,Temps couvert,Deux véhicules - côté,,,,,,,,,,,2,2,3,8,3
200800032294,0008-06-04 09:50:00,8,6,4,9,50,330,63,"14, CRS PORTAL",,,Plein jour,En agglomération,Hors intersection,Normale,Deux véhicules - arrière,,,,,,,,,,,1,2,1,1,2
200800032295,0008-06-01 00:15:00,8,6,1,0,15,330,192,RUE NAUDET,,,Nuit avec éclairage allumé,En agglomération,Hors intersection,Normale,Autre collision,,,,,,,,,,,5,2,1,1,6
200800032296,0008-06-07 01:00:00,8,6,7,1,0,330,63,"08, BD ALBERT 1ER",,,Nuit avec éclairage allumé,En agglomération,Hors intersection,Normale,Deux véhicules - arrière,,,,,,,,,,,5,2,1,1,2
200800032297,0008-06-06 22:45:00,8,6,6,22,45,330,119,RUE DU PROFESSEUR LANGEV,,,Nuit avec éclairage allumé,En agglomération,Hors intersection,Normale,Autre collision,,,,,,,,,,,5,2,1,1,6
200800032298,0008-06-06 11:25:00,8,6,6,11,25,330,63,CRS SAINT LOUIS,,,Plein jour,En agglomération,Intersection en X,Normale,Autre collision,,,,,,,,,,,1,2,2,1,6
200800032299,0008-06-06 22:00:00,8,6,6,22,0,330,63,"05, AVE THIERS",,,Nuit avec éclairage allumé,En agglomération,Hors intersection,Normale,Autre collision,,,,,,,,,,,5,2,1,1,6
200800032300,0008-06-06 21:00:00,8,6,6,21,0,330,63,RUE JEAN BURGUET,,,Crépuscule ou aube,En agglomération,Hors intersection,Normale,Deux véhicules - côté,,,,,,,,,,,2,2,1,1,3
200800032301,0008-06-06 17:25:00,8,6,6,17,25,330,63,CRS MARECHAL JUIN,,,Plein jour,En agglomération,Intersection en T,Normale,Deux véhicules - côté,,,,,,,,,,,1,2,3,1,3
200800032302,0008-06-04 17:15:00,8,6,4,17,15,330,318,AVE DU GENERAL LECLERC,,,Plein jour,En agglomération,Intersection en T,Normale,Deux véhicules - côté,,,,,,,,,,,1,2,3,1,3
200800032303,0008-06-09 12:30:00,8,6,9,12,30,330,63,"214, AVE D'ARES CAUD",,,Plein jour,En agglomération,Hors intersection,Normale,Deux véhicules - arrière,,,,,,,,,,,1,2,1,1,2
200800032304,0008-06-04 17:40:00,8,6,4,17,40,330,281,AVE RENE CASSIN,,,Plein jour,En agglomération,Hors intersection,Normale,Deux véhicules - arrière,,,,,,,,,,,1,2,1,1,2
200800032305,0008-06-03 20:14:00,8,6,3,20,14,330,281,AVE GAMBETTA,,,Plein jour,En agglomération,Intersection en X,Normale,Deux véhicules - côté,,,,,,,,,,,1,2,2,1,3
200800032306,0008-06-06 07:45:00,8,6,6,7,45,330,318,AVE PEY BERLAND,,,Plein jour,En agglomération,Intersection en T,Normale,Deux véhicules - frontale,,,,,,,,,,,1,2,3,1,1
200800032307,0008-06-03 13:35:00,8,6,3,13,35,330,522,AVE ROUL,,,Plein jour,En agglomération,Intersection à plus de 4 branches,Normale,Deux véhicules - arrière,,,,,,,,,,,1,2,5,1,2
200800032308,0008-06-09 22:40:00,8,6,9,22,40,330,281,AVE PRESIDENT J.F. KENNE,,,Nuit avec éclairage allumé,En agglomération,Intersection en T,Pluie légère,Deux véhicules - côté,,,,,,,,,,,5,2,3,2,3
200800032309,0008-06-10 21:20:00,8,6,10,21,20,330,63,AVE DE LA REPUBLIQUE CAU,,,Nuit avec éclairage allumé,En agglomération,Hors intersection,Normale,Autre collision,,,,,,,,,,,5,2,1,1,6
200800032310,0008-06-10 09:00:00,8,6,10,9,0,330,63,CRS DE LA SOMME,,,Plein jour,En agglomération,Intersection en T,Normale,Deux véhicules - côté,,,,,,,,,,,1,2,3,1,3
200800032311,0008-06-10 16:20:00,8,6,10,16,20,330,63,QUAI DE BRIENNE,,,Plein jour,En agglomération,Intersection en X,Normale,Deux véhicules - arrière,,,,,,,,,,,1,2,2,1,2
200800032312,0008-06-10 16:15:00,8,6,10,16,15,330,281,AVE MARCEL DASSAULT,,,Plein jour,En agglomération,Hors intersection,Normale,Deux véhicules - côté,,,,,,,,,,,1,2,1,1,3
200800032313,0008-06-04 11:10:00,8,6,4,11,10,330,281,AVE DE LA MARNE,,,Plein jour,En agglomération,Hors intersection,Normale,Autre collision,,,,,,,,,,,1,2,1,1,6
200800032314,0008-06-05 23:05:00,8,6,5,23,5,330,522,CRS DE LA LIBERATION,,,Nuit avec éclairage allumé,En agglomération,Intersection en X,Normale,Deux véhicules - côté,,,,,,,,,,,5,2,2,1,3
200800032315,0008-06-05 18:55:00,8,6,5,18,55,330,63,RUE ROCHAMBEAU,,,Plein jour,En agglomération,Intersection en X,Normale,Deux véhicules - côté,,,,,,,,,,,1,2,2,1,3
200800032316,0008-06-11 17:20:00,8,6,11,17,20,330,63,RUE CROIX DE SEGUEY,,,Plein jour,En agglomération,Intersection en T,Normale,Deux véhicules - arrière,,,,,,,,,,,1,2,3,1,2
200800032317,0008-06-12 09:30:00,8,6,12,9,30,330,63,"68, RUE DE LA CROIX BLAN",,,Plein jour,En agglomération,Hors intersection,Normale,Deux véhicules - arrière,,,,,,,,,,,1,2,1,1,2
200800032318,0008-06-12 08:15:00,8,6,12,8,15,330,63,CRS DE VERDUN,,,Plein jour,En agglomération,Intersection en T,Normale,Deux véhicules - côté,,,,,,,,,,,1,2,3,1,3
200800032319,0008-06-09 17:30:00,8,6,9,17,30,330,281,AVE DE BELFORT,,,Plein jour,En agglomération,Intersection en T,Pluie légère,Trois véhicules et plus - en chaîne,,,,,,,,,,,1,2,3,2,4
200800032320,0008-06-10 17:30:00,8,6,10,17,30,330,249,AVE DE PARIS,,,Plein jour,En agglomération,Hors intersection,Normale,Deux véhicules - arrière,,,,,,,,,,,1,2,1,1,2
200800032321,0008-06-13 02:55:00,8,6,13,2,55,330,75,"417, RTE DU MEDOC",,,Nuit avec éclairage allumé,En agglomération,Giratoire,Normale,Autre collision,,,,,,,,,,,5,2,6,1,6
200800032322,0008-06-13 12:05:00,8,6,13,12,5,330,63,CRS DE LUZE,,,Plein jour,En agglomération,Intersection en T,Normale,Deux véhicules - côté,,,,,,,,,,,1,2,3,1,3
200800032323,0008-06-15 00:50:00,8,6,15,0,50,330,63,RUE GENERAL DE LARMINAT,,,Nuit avec éclairage allumé,En agglomération,Hors intersection,Normale,Deux véhicules - arrière,,,,,,,,,,,5,2,1,1,2
200800032324,0008-06-14 10:35:00,8,6,14,10,35,330,63,AVE DE LA REPUBLIQUE CAU,,,Plein jour,En agglomération,Intersection en X,Normale,Trois véhicules et plus - en chaîne,,,,,,,,,,,1,2,2,1,4
200800032325,0008-06-14 04:58:00,8,6,14,4,58,330,281,AVE ROLAND GARROS,,,Nuit sans éclairage public,En agglomération,Hors intersection,Normale,Autre collision,,,,,,,,,,,3,2,1,1,6
200800032326,0008-06-14 15:50:00,8,6,14,15,50,330,63,QUAI LOUIS XVIII,,,Plein jour,En agglomération,Hors intersection,Normale,Deux véhicules - côté,,,,,,,,,,,1,2,1,1,3
200800032327,0008-06-13 17:00:00,8,6,13,17,0,330,63,"325-328, RUE PASTEUR CAU",,,Plein jour,En agglomération,Hors intersection,Normale,Trois véhicules et plus - en chaîne,,,,,,,,,,,1,2,1,1,4
200800032328,0008-06-09 18:30:00,8,6,9,18,30,330,522,CRS DE LA LIBERATION,,,Plein jour,En agglomération,Intersection en X,Pluie légère,Deux véhicules - frontale,,,,,,,,,,,1,2,2,2,1
200800032329,0008-06-16 16:25:00,8,6,16,16,25,330,63,"2, BD PIERRE 1ER",,,Plein jour,En agglomération,Hors intersection,Pluie légère,Autre collision,,,,,,,,,,,1,2,1,2,6
200800032330,0008-06-12 13:30:00,8,6,12,13,30,330,69,RUE BERT,,,Plein jour,En agglomération,Intersection en X,Normale,Deux véhicules - côté,,,,,,,,,,,1,2,2,1,3
200800032331,0008-06-10 19:26:00,8,6,10,19,26,330,281,AVE PYTHAGORE,,,Plein jour,En agglomération,Intersection à plus de 4 branches,Normale,Deux véhicules - arrière,,,,,,,,,,,1,2,5,1,2
200800032332,0008-06-17 23:15:00,8,6,17,23,15,330,63,"190, CRS DE L'YSER",,,Nuit avec éclairage allumé,En agglomération,Hors intersection,Normale,Deux véhicules - frontale,,,,,,,,,,,5,2,1,1,1
200800032333,0008-06-13 09:15:00,8,6,13,9,15,330,318,"23 bis, RUE DE LA MIRANT",,,Plein jour,En agglomération,Hors intersection,Normale,Trois véhicules et plus - collisions multiples,,,,,,,,,,,1,2,1,1,5
200800032334,0008-06-16 16:16:00,8,6,16,16,16,330,119,AVE CARNOT,,,Plein jour,En agglomération,Hors intersection,Pluie légère,Deux véhicules - arrière,,,,,,,,,,,1,2,1,2,2
200800032335,0008-06-16 16:15:00,8,6,16,16,15,330,249,AVE CARNOT,,,Plein jour,En agglomération,Hors intersection,Pluie légère,Autre collision,,,,,,,,,,,1,2,1,2,6
200800032336,0008-06-14 10:00:00,8,6,14,10,0,330,119,AVE RENE CASSAGNE,,,Plein jour,En agglomération,Giratoire,Normale,Deux véhicules - arrière,,,,,,,,,,,1,2,6,1,2
200800032337,0008-06-18 10:10:00,8,6,18,10,10,330,63,RUE DU GRAND MAURIAN,,,Plein jour,En agglomération,Hors intersection,Normale,Autre collision,,,,,,,,,,,1,2,1,1,6
200800032338,0008-06-17 18:00:00,8,6,17,18,0,330,63,"271, AVE MAL DE LATTRE T",,,Plein jour,En agglomération,Hors intersection,Normale,Deux véhicules - côté,,,,,,,,,,,1,2,1,1,3
200800032339,0008-06-13 13:40:00,8,6,13,13,40,330,167,RUE SALVADOR ALLENDE,,,Plein jour,En agglomération,Hors intersection,Pluie légère,Trois véhicules et plus - en chaîne,,,,,,,,,,,1,2,1,2,4
200800032340,0008-06-14 10:30:00,8,6,14,10,30,330,119,AVE RENE CASSAGNE,,,Plein jour,En agglomération,Intersection en X,Normale,Deux véhicules - côté,,,,,,,,,,,1,2,2,1,3
200800032341,0008-06-20 01:50:00,8,6,20,1,50,330,63,"116, RUE CROIX DE SEGUEY",,,Nuit avec éclairage allumé,En agglomération,Intersection en Y,Normale,Autre collision,,,,,,,,,,,5,2,4,1,6
200800032342,0008-06-19 14:00:00,8,6,19,14,0,330,63,CRS D'ALBRET,,,Plein jour,En agglomération,Intersection en X,Normale,Deux véhicules - côté,,,,,,,,,,,1,2,2,1,3
200800032343,0008-06-19 13:43:00,8,6,19,13,43,330,63,QUAI DE BRAZZA,,,Plein jour,En agglomération,Hors intersection,Normale,Deux véhicules - arrière,,,,,,,,,,,1,2,1,1,2
200800032344,0008-06-19 10:45:00,8,6,19,10,45,330,63,"2, RUE ESPRIT-DES-LOIS",,,Plein jour,En agglomération,Hors intersection,Normale,Autre collision,,,,,,,,,,,1,2,1,1,6
200800032345,0008-06-19 21:53:00,8,6,19,21,53,330,63,"165, AVE THIERS",,,Plein jour,En agglomération,Hors intersection,Normale,Autre collision,,,,,,,,,,,1,2,1,1,6
200800032346,0008-06-16 20:20:00,8,6,16,20,20,330,281,AVE HENRI BARBUSSE,,,Plein jour,En agglomération,Intersection en T,Pluie légère,Autre collision,,,,,,,,,,,1,2,3,2,6
200800032347,0008-06-20 07:40:00,8,6,20,7,40,330,63,RUE CARPENTEYRE,,,Plein jour,En agglomération,Intersection en X,Normale,Deux véhicules - côté,,,,,,,,,,,1,2,2,1,3
200800032348,0008-06-17 18:45:00,8,6,17,18,45,330,281,AVE FRANCOIS MITTERRAND,,,Plein jour,En agglomération,Intersection en X,Normale,Deux véhicules - côté,,,,,,,,,,,1,2,2,1,3
200800032349,0008-06-20 09:15:00,8,6,20,9,15,330,63,CRS DE L'ARGONNE,,,Plein jour,En agglomération,Intersection en X,Normale,Deux véhicules - côté,,,,,,,,,,,1,2,2,1,3
200800032350,0008-06-21 09:05:00,8,6,21,9,5,330,63,"350, AVE MAL DE LATTRE T",,,Plein jour,En agglomération,Hors intersection,Normale,Trois véhicules et plus - en chaîne,,,,,,,,,,,1,2,1,1,4
200800032351,0008-06-22 00:15:00,8,6,22,0,15,330,63,ALL DE BOUTAUT,,,Nuit avec éclairage allumé,Hors agglomération,Intersection en T,Normale,Deux véhicules - arrière,,,,,,,,,,,5,1,3,1,2
200800032352,0008-06-17 22:26:00,8,6,17,22,26,330,318,"20, AVE DE LA CHATAIGNER",,,Crépuscule ou aube,En agglomération,Hors intersection,Normale,Deux véhicules - côté,,,,,,,,,,,2,2,1,1,3
200800032353,0008-06-18 03:55:00,8,6,18,3,55,330,69,AVE JULES GUESDE,,,Nuit avec éclairage allumé,En agglomération,Intersection en X,Normale,Deux véhicules - côté,,,,,,,,,,,5,2,2,1,3
200800032354,0008-06-23 19:30:00,8,6,23,19,30,330,63,PCE RENE MARAN,,,Plein jour,En agglomération,Giratoire,Normale,Deux véhicules - côté,,,,,,,,,,,1,2,6,1,3
200800032355,0008-06-24 16:15:00,8,6,24,16,15,330,63,"127, CRS DE L'YSER",,,Plein jour,En agglomération,Hors intersection,Temps couvert,Deux véhicules - côté,,,,,,,,,,,1,2,1,8,3
200800032356,0008-06-19 18:20:00,8,6,19,18,20,330,281,AVE DE LA SOMME,,,Plein jour,En agglomération,Intersection en X,Normale,Deux véhicules - arrière,,,,,,,,,,,1,2,2,1,2
200800032357,0008-06-22 01:45:00,8,6,22,1,45,330,281,AVE FRANCOIS MITTERRAND,,,Nuit avec éclairage non allumé,En agglomération,Giratoire,Pluie légère,Autre collision,,,,,,,,,,,4,2,6,2,6
200800032358,0008-06-21 19:00:00,8,6,21,19,0,330,281,AVE FRANCOIS MITTERRAND,,,Plein jour,En agglomération,Intersection en X,Normale,Deux véhicules - frontale,,,,,,,,,,,1,2,2,1,1
200800032359,0008-06-20 14:30:00,8,6,20,14,30,330,281,AVE DU SOUVENIR,,,Plein jour,En agglomération,Intersection en T,Normale,Deux véhicules - frontale,,,,,,,,,,,1,2,3,1,1
200800032360,0008-06-18 08:25:00,8,6,18,8,25,330,39,"06, PCE ETIENNE DOLET",,,Plein jour,En agglomération,Hors intersection,Normale,Autre collision,,,,,,,,,,,1,2,1,1,6
200800032361,0008-06-13 23:45:00,8,6,13,23,45,330,550,"405, RTE DE TOULOUSE",,,Nuit avec éclairage allumé,En agglomération,Hors intersection,Normale,Autre collision,,,,,,,,,,,5,2,1,1,6
200800032362,0008-06-25 12:20:00,8,6,25,12,20,330,63,"74, RUE PASCAL LAFARGUE",,,Plein jour,En agglomération,Hors intersection,Normale,Autre collision,,,,,,,,,,,1,2,1,1,6
200800032363,0008-06-25 20:10:00,8,6,25,20,10,330,63,RUE LECOCQ,,,Plein jour,En agglomération,Intersection en X,Normale,Deux véhicules - côté,,,,,,,,,,,1,2,2,1,3
200800032364,0008-06-25 09:20:00,8,6,25,9,20,330,63,QUAI DU MARECHAL LYAUTEY,,,Plein jour,En agglomération,Hors intersection,Normale,Sans collision,,,,,,,,,,,1,2,1,1,7
200800032365,0008-06-15 16:20:00,8,6,15,16,20,330,39,"33, RUE LOUIS LAVERNY",,,Plein jour,En agglomération,Hors intersection,Normale,Autre collision,,,,,,,,,,,1,2,1,1,6
200800032366,0008-06-26 16:30:00,8,6,26,16,30,330,63,BD ANDRE RICARD,,,Plein jour,En agglomération,Intersection en X,Pluie légère,Deux véhicules - côté,,,,,,,,,,,1,2,2,2,3
200800032367,0008-06-23 06:55:00,8,6,23,6,55,330,281,AVE PIERRE MENDES FRANCE,,,Plein jour,En agglomération,Hors intersection,Normale,Deux véhicules - arrière,,,,,,,,,,,1,2,1,1,2
200800032368,0008-06-30 01:20:00,8,6,30,1,20,330,63,RUE DE PESSAC,,,Nuit avec éclairage allumé,En agglomération,Hors intersection,Normale,Autre collision,,,,,,,,,,,5,2,1,1,6
200800032369,0008-06-27 19:00:00,8,6,27,19,0,330,63,BD ALFRED DANEY,,,Plein jour,En agglomération,Hors intersection,Normale,Deux véhicules - côté,,,,,,,,,,,1,2,1,1,3