accident_id,datetime,annee,mois,jour,heure,minute,departement,commune_insee,adresse,latitude,longitude,luminosite,agglomeration,intersection,meteo,collision,nb_vehicules,nb_usagers,nb_indemnes,nb_tues,nb_blesses_hosp,nb_blesses_legers,age_cond_1,age_cond_2,veh_type_cond_1,veh_type_cond_2,lum_code,agg_code,int_code,atm_code,col_code
200800032370,0008-06-27 18:15:00,8,6,27,18,15,330,522,RUE PIERRE NOAILLES,,,Plein jour,En agglomération,Hors intersection,Normale,Sans collision,,,,,,,,,,,1,2,1,1,7
200800032371,0008-06-27 15:00:00,8,6,27,15,0,330,63,CRS DE LA SOMME,,,Plein jour,En agglomération,Hors intersection,Normale,Deux véhicules - côté,,,,,,,,,,,1,2,1,1,3
200800032372,0008-06-25 06:40:00,8,6,25,6,40,330,281,AVE ROLAND GARROS,,,Crépuscule ou aube,En agglomération,Intersection en X,Normale,Deux véhicules - côté,,,,,,,,,,,2,2,2,1,3
200800032373,0008-06-24 14:00:00,8,6,24,14,0,330,69,AVE DE TIVOLI,,,Plein jour,En agglomération,Intersection en X,Normale,Deux véhicules - côté,,,,,,,,,,,1,2,2,1,3
200800032374,0008-06-21 21:00:00,8,6,21,21,0,330,69,"195, AVE DE LA LIBERATIO",,,Plein jour,En agglomération,Hors intersection,Normale,Deux véhicules - côté,,,,,,,,,,,1,2,1,1,3
200800032375,0008-06-24 18:15:00,8,6,24,18,15,330,281,AVE FRANCOIS MITTERRAND,,,Plein jour,En agglomération,Hors intersection,Normale,Autre collision,,,,,,,,,,,1,2,1,1,6
200800032376,0008-06-27 08:10:00,8,6,27,8,10,330,318,"105, AVE PASTEUR",,,Plein jour,En agglomération,Hors intersection,Normale,Deux véhicules - arrière,,,,,,,,,,,1,2,1,1,2
200800032377,0008-06-30 07:25:00,8,6,30,7,25,330,63,QUAI DE BRAZZA,,,Plein jour,En agglomération,Hors intersection,Normale,Deux véhicules - arrière,,,,,,,,,,,1,2,1,1,2
200800032378,0008-06-30 13:20:00,8,6,30,13,20,330,63,QUAI DE BRIENNE,,,Plein jour,En agglomération,Hors intersection,Normale,Deux véhicules - côté,,,,,,,,,,,1,2,1,1,3
200800032379,0008-06-26 20:40:00,8,6,26,20,40,330,281,AVE FRANCOIS MITTERRAND,,,Plein jour,En agglomération,Hors intersection,Normale,Sans collision,,,,,,,,,,,1,2,1,1,7
200800032380,0008-06-30 20:45:00,8,6,30,20,45,330,318,"27, RUE DE LA FON DE MAD",,,Plein jour,En agglomération,Hors intersection,Normale,Autre collision,,,,,,,,,,,1,2,1,1,6
200800032381,0008-06-29 19:40:00,8,6,29,19,40,330,249,AVE DE LA LIBERATION,,,Plein jour,En agglomération,Hors intersection,Normale,Autre collision,,,,,,,,,,,1,2,1,1,6
200800032382,0008-06-27 12:15:00,8,6,27,12,15,330,119,BD ANDRE RICARD,,,Plein jour,En agglomération,Intersection en X,Normale,Deux véhicules - côté,,,,,,,,,,,1,2,2,1,3
200800032383,0008-06-27 17:50:00,8,6,27,17,50,330,550,"159, AVE DES PYRENEES",,,Plein jour,En agglomération,Hors intersection,Normale,Autre collision,,,,,,,,,,,1,2,1,1,6
200800032384,0008-06-28 15:43:00,8,6,28,15,43,330,318,AVE ROGER CHAUMET,,,Plein jour,En agglomération,Hors intersection,Normale,Deux véhicules - côté,,,,,,,,,,,1,2,1,1,3
200800032385,0008-06-30 05:50:00,8,6,30,5,50,330,39,AVE DU MARECHAL LECLERC,,,Plein jour,En agglomération,Intersection en X,Normale,Deux véhicules - arrière,,,,,,,,,,,1,2,2,1,2
200800032386,0008-06-28 02:04:00,8,6,28,2,4,330,522,"23 bis, CRS GAMBETTA",,,Nuit avec éclairage allumé,En agglomération,Hors intersection,Normale,Deux véhicules - arrière,,,,,,,,,,,5,2,1,1,2
200800032387,0008-06-23 07:00:00,8,6,23,7,0,330,243,"18, CARNOT(RUE DU PRESID",,,Plein jour,En agglomération,Intersection en X,Normale,Deux véhicules - côté,,,,,,,,,,,1,2,2,1,3
200800032388,0008-06-29 02:45:00,8,6,29,2,45,330,243,"130, GAULLE(AVENUE DU GE",,,Nuit avec éclairage allumé,En agglomération,Autre intersection,Normale,Autre collision,,,,,,,,,,,5,2,9,1,6
200800032389,0008-06-13 09:35:00,8,6,13,9,35,340,3,BEAULIEU (Q4 A S4,,,Plein jour,En agglomération,Intersection en X,Normale,Deux véhicules - côté,,,,,,,,,,,1,2,2,1,3
200800032390,0008-06-13 09:30:00,8,6,13,9,30,340,3,RD612,,,Plein jour,Hors agglomération,Hors intersection,Normale,Deux véhicules - côté,,,,,,,,,,,1,1,1,1,3
200800032391,0008-06-13 17:40:00,8,6,13,17,40,340,3,SOLDATS (G18 A H19,,,Plein jour,En agglomération,Hors intersection,Normale,Autre collision,,,,,,,,,,,1,2,1,1,6
200800032392,0008-06-18 17:05:00,8,6,18,17,5,340,3,FRONT DE MER (S2 A S4,,,Plein jour,En agglomération,Hors intersection,Normale,Autre collision,,,,,,,,,,,1,2,1,1,6
200800032393,0008-06-03 13:45:00,8,6,3,13,45,340,32,HEILBRONN (BD D'),,,Plein jour,En agglomération,Intersection en X,Normale,Deux véhicules - côté,,,,,,,,,,,1,2,2,1,3
200800032394,0008-06-02 14:30:00,8,6,2,14,30,340,32,RIQUET PIERRE PAUL (ALLE,,,Plein jour,En agglomération,Hors intersection,Normale,Sans collision,,,,,,,,,,,1,2,1,1,7
200800032395,0008-06-03 13:00:00,8,6,3,13,0,340,336,"NR, SAINT VICTOR (RUE) Z",,,Plein jour,En agglomération,Hors intersection,Normale,Deux véhicules - arrière,,,,,,,,,,,1,2,1,1,2
200800032396,0008-06-01 18:45:00,8,6,1,18,45,340,32,"80, CLEMENCEAU GEORGES (",43.346,3.45699,Plein jour,En agglomération,Intersection en X,Pluie forte,Deux véhicules - arrière,,,,,,,,,,,1,2,2,3,2
200800032397,0008-06-04 19:00:00,8,6,4,19,0,340,32,MOULIN JEAN (AV),,,Plein jour,En agglomération,Intersection en X,Normale,Sans collision,,,,,,,,,,,1,2,2,1,7
200800032398,0008-06-03 21:45:00,8,6,3,21,45,340,32,"53, CLEMENCEAU GEORGES (",43.347,3.45699,Nuit avec éclairage allumé,En agglomération,Intersection en X,Normale,Deux véhicules - côté,,,,,,,,,,,5,2,2,1,3
200800032399,0008-06-05 15:25:00,8,6,5,15,25,340,32,"NR, VOIE DOMITIENNE (AV",,,Plein jour,En agglomération,Giratoire,Normale,Deux véhicules - côté,,,,,,,,,,,1,2,6,1,3
200800032400,0008-06-08 13:05:00,8,6,8,13,5,340,32,MADELEINE (PLACE DE LA),,,Plein jour,En agglomération,Hors intersection,Normale,Sans collision,,,,,,,,,,,1,2,1,1,7
200800032401,0008-06-10 10:15:00,8,6,10,10,15,340,32,"NR, LECLERC MARECHAL (BD",43.338,3.45699,Plein jour,En agglomération,Intersection en X,Normale,Deux véhicules - côté,,,,,,,,,,,1,2,2,1,3
200800032402,0008-06-10 12:30:00,8,6,10,12,30,340,32,RN.113 - 9 (BEZIERS-PEZE,,,Plein jour,Hors agglomération,Hors intersection,Normale,Sans collision,,,,,,,,,,,1,1,1,1,7
200800032403,0008-06-12 13:45:00,8,6,12,13,45,340,32,"NR, LECLERC MARECHAL (BD",,,Plein jour,En agglomération,Intersection en X,Normale,Sans collision,,,,,,,,,,,1,2,2,1,7
200800032404,0008-06-12 14:35:00,8,6,12,14,35,340,32,ROUTE DE PEZENAS (RN.113,,,Plein jour,Hors agglomération,Intersection en T,Normale,Deux véhicules - côté,,,,,,,,,,,1,1,3,1,3
200800032405,0008-06-12 20:04:00,8,6,12,20,4,340,32,RN.113 - 9 (BEZIERS-PEZE,,,Plein jour,Hors agglomération,Hors intersection,Normale,Deux véhicules - arrière,,,,,,,,,,,1,1,1,1,2
200800032406,0008-06-13 23:00:00,8,6,13,23,0,340,32,"N.R, VERDIER PIERRE (AV)",,,Nuit avec éclairage allumé,En agglomération,Intersection en X,Normale,Deux véhicules - côté,,,,,,,,,,,5,2,2,1,3
200800032407,0008-06-14 11:05:00,8,6,14,11,5,340,32,"NR, OLYMPIADES (AV DES)",,,Plein jour,En agglomération,Hors intersection,Normale,Deux véhicules - arrière,,,,,,,,,,,1,2,1,1,2
200800032408,0008-06-15 16:55:00,8,6,15,16,55,340,32,MISTRAL FREDERIC (BD),,,Plein jour,En agglomération,Intersection en X,Normale,Trois véhicules et plus - collisions multiples,,,,,,,,,,,1,2,2,1,5
200800032409,0008-06-15 17:34:00,8,6,15,17,34,340,32,"nr, CHEMIN RURAL NR.53",,,Plein jour,Hors agglomération,Hors intersection,Normale,Sans collision,,,,,,,,,,,1,1,1,1,7
200800032410,0008-06-20 23:44:00,8,6,20,23,44,340,32,RD.64,,,Nuit sans éclairage public,Hors agglomération,Giratoire,Normale,Sans collision,,,,,,,,,,,3,1,6,1,7
200800032411,0008-06-22 10:10:00,8,6,22,10,10,340,336,R.D 612,,,Plein jour,Hors agglomération,Intersection en X,Normale,Deux véhicules - côté,,,,,,,,,,,1,1,2,1,3
200800032412,0008-06-22 15:00:00,8,6,22,15,0,340,32,BEDARIEUX (ANCIENNE ROUT,,,Plein jour,En agglomération,Intersection en T,Normale,Deux véhicules - frontale,,,,,,,,,,,1,2,3,1,1
200800032413,0008-06-23 12:05:00,8,6,23,12,5,340,32,CONSTANS JEAN (AV),,,Plein jour,En agglomération,Intersection en X,Normale,Deux véhicules - côté,,,,,,,,,,,1,2,2,1,3
200800032414,0008-06-23 20:05:00,8,6,23,20,5,340,32,"46, MURVIEL (ROUTE DE)",,,Plein jour,En agglomération,Hors intersection,Normale,Sans collision,,,,,,,,,,,1,2,1,1,7
200800032415,0008-06-25 10:40:00,8,6,25,10,40,340,336,R.D 612,,,Plein jour,Hors agglomération,Hors intersection,Normale,Trois véhicules et plus - en chaîne,,,,,,,,,,,1,1,1,1,4
200800032416,0008-06-25 20:15:00,8,6,25,20,15,340,32,ROUTE DE PEZENAS (RN.113,,,Plein jour,Hors agglomération,Hors intersection,Normale,Sans collision,,,,,,,,,,,1,1,1,1,7
200800032417,0008-06-26 08:20:00,8,6,26,8,20,340,32,"NR, ORNANO COLONEL D' (A",,,Plein jour,En agglomération,Hors intersection,Normale,Deux véhicules - arrière,,,,,,,,,,,1,2,1,1,2
200800032418,0008-06-26 15:45:00,8,6,26,15,45,340,32,INDUSTRIE (RUE DE L'),,,Plein jour,En agglomération,Hors intersection,Normale,Deux véhicules - côté,,,,,,,,,,,1,2,1,1,3
200800032419,0008-06-29 02:20:00,8,6,29,2,20,340,32,"NR, VERDUN (BD DE)",,,Nuit avec éclairage allumé,En agglomération,Hors intersection,Normale,Sans collision,,,,,,,,,,,5,2,1,1,7
200800032420,0008-06-29 06:15:00,8,6,29,6,15,340,32,ROUTE DEPARTEMENTALE  61,,,Crépuscule ou aube,Hors agglomération,Intersection en Y,Normale,Autre collision,,,,,,,,,,,2,1,4,1,6
200800032421,0008-06-29 12:00:00,8,6,29,12,0,340,336,MEDITERRANEE (AVENUE DE,43.331,3.45699,Plein jour,Hors agglomération,Intersection en X,Normale,Deux véhicules - côté,,,,,,,,,,,1,1,2,1,3
200800032422,0008-06-29 22:25:00,8,6,29,22,25,340,32,DEVEZE (AV DE LA),,,Nuit avec éclairage allumé,En agglomération,Hors intersection,Normale,Sans collision,,,,,,,,,,,5,2,1,1,7
200800032423,0008-06-30 12:35:00,8,6,30,12,35,340,32,RN.112 (ROUTE D'AGDE),,,Plein jour,Hors agglomération,Hors intersection,Normale,Trois véhicules et plus - en chaîne,,,,,,,,,,,1,1,1,1,4
200800032424,0008-06-02 14:10:00,8,6,2,14,10,340,129,CHAMPOLLION (ROND POINT,43.58655,3.92916,Plein jour,En agglomération,Giratoire,Normale,Deux véhicules - côté,,,,,,,,,,,1,2,6,1,3
200800032425,0008-06-03 08:24:00,8,6,3,8,24,340,172,"SANS, ANTIGONE (BOULEVAR",,,Plein jour,En agglomération,Intersection en X,Normale,Deux véhicules - côté,,,,,,,,,,,1,2,2,1,3
200800032426,0008-06-03 13:40:00,8,6,3,13,40,340,172,PARGUEL (AVENUE ABBE PAU,,,Plein jour,En agglomération,Intersection en T,Normale,Deux véhicules - frontale,,,,,,,,,,,1,2,3,1,1
200800032427,0008-06-04 20:20:00,8,6,4,20,20,340,172,HEIDELBERG (AVENUE DE),43.62176,3.81445,Plein jour,En agglomération,Hors intersection,Normale,Autre collision,,,,,,,,,,,1,2,1,1,6
200800032428,0008-06-05 15:44:00,8,6,5,15,44,340,198,"0, D21  ROUTE DE CARNON",43.57748,3.93442,Plein jour,Hors agglomération,Hors intersection,Normale,Sans collision,,,,,,,,,,,1,1,1,1,7
200800032429,0008-06-07 16:45:00,8,6,7,16,45,340,129,"43, ROBINIERS (RUE DES)",43.56174,3.87755,Plein jour,En agglomération,Hors intersection,Normale,Autre collision,,,,,,,,,,,1,2,1,1,6
200800032430,0008-06-07 18:25:00,8,6,7,18,25,340,172,"5BIS, ARCEAUX (BOULEVARD",43.61134,3.86674,Plein jour,En agglomération,Hors intersection,Normale,Autre collision,,,,,,,,,,,1,2,1,1,6
200800032431,0008-06-07 20:23:00,8,6,7,20,23,340,172,"234, LECLERC (AVENUE DU",,,Plein jour,En agglomération,Intersection en X,Normale,Autre collision,,,,,,,,,,,1,2,2,1,6
200800032432,0008-06-09 09:22:00,8,6,9,9,22,340,172,"sans, CHAR (ROND POINT R",,,Plein jour,En agglomération,Giratoire,Normale,Trois véhicules et plus - collisions multiples,,,,,,,,,,,1,2,6,1,5
200800032433,0008-06-09 12:45:00,8,6,9,12,45,340,172,"240, JEANBRAU (AVENUE DU",43.63436,3.86564,Plein jour,En agglomération,Hors intersection,Normale,Deux véhicules - arrière,,,,,,,,,,,1,2,1,1,2
200800032434,0008-06-09 19:35:00,8,6,9,19,35,340,129,MEDITERRANEE (RUE DE LA),,,Plein jour,En agglomération,Giratoire,Temps couvert,Deux véhicules - arrière,,,,,,,,,,,1,2,6,8,2
200800032435,0008-06-10 08:50:00,8,6,10,8,50,340,172,"108, JUVENAL (PONT)",,,Plein jour,En agglomération,Intersection en X,Normale,Deux véhicules - côté,,,,,,,,,,,1,2,2,1,3
200800032436,0008-06-06 08:15:00,8,6,6,8,15,340,172,"0, PARIS (ALLEE DE)",43.61098,3.83352,Plein jour,En agglomération,Intersection en X,Normale,Deux véhicules - frontale,,,,,,,,,,,1,2,2,1,1
200800032437,0008-06-07 12:25:00,8,6,7,12,25,340,172,"151, CAMBRIDGE (RUE DE)",43.62587,3.81966,Plein jour,En agglomération,Hors intersection,Normale,Sans collision,,,,,,,,,,,1,2,1,1,7
200800032438,0008-06-11 16:50:00,8,6,11,16,50,340,172,"1500, VILLENEUVE-ANGOULE",,,Plein jour,En agglomération,Hors intersection,Normale,Sans collision,,,,,,,,,,,1,2,1,1,7
200800032439,0008-06-12 14:23:00,8,6,12,14,23,340,172,"., MAURIN (AVENUE DE",43.59151,3.87363,Plein jour,En agglomération,Intersection en T,Normale,Deux véhicules - frontale,,,,,,,,,,,1,2,3,1,1
200800032440,0008-06-06 08:50:00,8,6,6,8,50,340,129,"sans, D132",43.57119,3.88453,Plein jour,Hors agglomération,Hors intersection,Normale,Deux véhicules - arrière,,,,,,,,,,,1,1,1,1,2
200800032441,0008-06-13 08:50:00,8,6,13,8,50,340,172,"sans, GAMBETTA (COURS)",,,Plein jour,En agglomération,Hors intersection,Normale,Deux véhicules - côté,,,,,,,,,,,1,2,1,1,3
200800032442,0008-06-13 19:07:00,8,6,13,19,7,340,172,"1, DUNANT (RUE HENRI)",43.6265,3.86652,Plein jour,En agglomération,Intersection en X,Pluie légère,Trois véhicules et plus - collisions multiples,,,,,,,,,,,1,2,2,2,5
200800032443,0008-06-14 11:05:00,8,6,14,11,5,340,172,"sans, MAURIN (AVENUE DE",,,Plein jour,En agglomération,Intersection en X,Normale,Deux véhicules - côté,,,,,,,,,,,1,2,2,1,3
200800032444,0008-06-14 15:20:00,8,6,14,15,20,340,172,MARIE DE MONTPELLIER,43.60071,3.89766,Plein jour,En agglomération,Hors intersection,Normale,Deux véhicules - côté,,,,,,,,,,,1,2,1,1,3
200800032445,0008-06-14 21:15:00,8,6,14,21,15,340,172,"sans, COLIGNY (RUE)",43.621,3.84639,Crépuscule ou aube,En agglomération,Hors intersection,Normale,Autre collision,,,,,,,,,,,2,2,1,1,6
200800032446,0008-06-15 00:11:00,8,6,15,0,11,340,198,"sans, ADRETS (AVENUE DES",43.56555,3.94113,Nuit avec éclairage allumé,En agglomération,Hors intersection,Normale,Sans collision,,,,,,,,,,,5,2,1,1,7
200800032447,0008-06-16 16:30:00,8,6,16,16,30,340,172,RICARD (AVENUE XAVIER DE,43.62084,3.89023,Plein jour,En agglomération,Intersection en T,Normale,Deux véhicules - côté,,,,,,,,,,,1,2,3,1,3
200800032448,0008-06-17 15:15:00,8,6,17,15,15,340,172,"0, CHAMAYOU (RUE)",,,Plein jour,En agglomération,Intersection en X,Normale,Deux véhicules - côté,,,,,,,,,,,1,2,2,1,3
200800032449,0008-06-17 21:25:00,8,6,17,21,25,340,172,FAUBOURG FIGUEROLLES (RU,43.60403,3.8677,Crépuscule ou aube,En agglomération,Intersection en T,Normale,Deux véhicules - côté,,,,,,,,,,,2,2,3,1,3
200800032450,0008-06-18 09:10:00,8,6,18,9,10,340,172,"0, GARRATS (AVENUE DES)",,,Plein jour,En agglomération,Hors intersection,Normale,Trois véhicules et plus - en chaîne,,,,,,,,,,,1,2,1,1,4
200800032451,0008-06-19 16:10:00,8,6,19,16,10,340,172,"29, FAUBOURG FIGUEROLLES",43.60725,3.86645,Plein jour,En agglomération,Intersection en T,Normale,Deux véhicules - frontale,,,,,,,,,,,1,2,3,1,1
200800032452,0008-06-20 08:20:00,8,6,20,8,20,340,172,"sans, DUNANT (RUE HENRI)",,,Plein jour,En agglomération,Hors intersection,Normale,Trois véhicules et plus - collisions multiples,,,,,,,,,,,1,2,1,1,5
200800032453,0008-06-17 10:20:00,8,6,17,10,20,340,129,EUROPE (AVENUE DE L'),,,Plein jour,En agglomération,Hors intersection,Normale,Autre collision,,,,,,,,,,,1,2,1,1,6
200800032454,0008-06-17 11:30:00,8,6,17,11,30,340,172,CASTELNAU JUSTICE DE,,,Plein jour,En agglomération,Intersection en X,Normale,Deux véhicules - côté,,,,,,,,,,,1,2,2,1,3
200800032455,0008-06-20 19:15:00,8,6,20,19,15,340,172,"51, LAVERUNE (ROUTE DE",,,Plein jour,En agglomération,Hors intersection,Normale,Deux véhicules - côté,,,,,,,,,,,1,2,1,1,3
200800032456,0008-06-21 04:10:00,8,6,21,4,10,340,129,"sans, PALAVAS D986 (ROUT",,,Nuit avec éclairage allumé,Hors agglomération,Hors intersection,Normale,Sans collision,,,,,,,,,,,5,1,1,1,7
200800032457,0008-06-19 08:50:00,8,6,19,8,50,340,172,"12, GAMBETTA (COURS)",,,Plein jour,En agglomération,Hors intersection,Normale,Sans collision,,,,,,,,,,,1,2,1,1,7
200800032458,0008-06-23 09:40:00,8,6,23,9,40,340,172,FLAHAULT (AVENUE CHARLES,,,Plein jour,En agglomération,Intersection en X,Normale,Autre collision,,,,,,,,,,,1,2,2,1,6
200800032459,0008-06-21 10:00:00,8,6,21,10,0,340,172,"2211, SOULAS (AVENUE DU",43.62811,3.84612,Plein jour,Hors agglomération,Hors intersection,Normale,Deux véhicules - côté,,,,,,,,,,,1,1,1,1,3
200800032460,0008-06-25 13:30:00,8,6,25,13,30,340,172,"17, CHASSEURS (RUE DES)",43.59941,3.86074,Plein jour,En agglomération,Hors intersection,Normale,Autre collision,,,,,,,,,,,1,2,1,1,6
200800032461,0008-06-25 14:45:00,8,6,25,14,45,340,172,"0, MAS SAINT PIERRE (RUE",43.58605,3.87368,Plein jour,En agglomération,Hors intersection,Normale,Deux véhicules - côté,,,,,,,,,,,1,2,1,1,3
200800032462,0008-06-26 03:36:00,8,6,26,3,36,340,172,"374, POSTE VIEILLE DE 2",,,Nuit avec éclairage allumé,En agglomération,Hors intersection,Normale,Sans collision,,,,,,,,,,,5,2,1,1,7
200800032463,0008-06-25 04:30:00,8,6,25,4,30,340,172,LAVERUNE (ROUTE DE,43.69865,3.84192,Nuit avec éclairage allumé,En agglomération,Hors intersection,Normale,Deux véhicules - arrière,,,,,,,,,,,5,2,1,1,2
200800032464,0008-06-26 17:30:00,8,6,26,17,30,340,198,D66  VOIE RAPIDE,43.55443,3.96698,Plein jour,En agglomération,Hors intersection,Normale,Trois véhicules et plus - collisions multiples,,,,,,,,,,,1,2,1,1,5
200800032465,0008-06-27 00:03:00,8,6,27,0,3,340,198,"SANS, D66  VOIE RAPIDE",,,Nuit sans éclairage public,Hors agglomération,Hors intersection,Normale,Autre collision,,,,,,,,,,,3,1,1,1,6
200800032466,0008-06-27 20:40:00,8,6,27,20,40,340,172,ALCO (RUE D',43.61634,3.84089,Plein jour,En agglomération,Intersection en X,Normale,Deux véhicules - frontale,,,,,,,,,,,1,2,2,1,1
200800032467,0008-06-26 13:00:00,8,6,26,13,0,340,172,SABATIER D'ESPEYRAN (AVE,,,Plein jour,En agglomération,Intersection en X,Normale,Sans collision,,,,,,,,,,,1,2,2,1,7
200800032468,0008-06-27 15:25:00,8,6,27,15,25,340,172,"663, PRE AUX CLERCS (RUE",43.62578,3.87172,Plein jour,En agglomération,Hors intersection,Normale,Deux véhicules - côté,,,,,,,,,,,1,2,1,1,3
200800032469,0008-06-27 15:44:00,8,6,27,15,44,340,172,APPEL DU 18 JUIN (ROND-P,,,Plein jour,En agglomération,Giratoire,Normale,Deux véhicules - côté,,,,,,,,,,,1,2,6,1,3
200800032470,0008-06-27 17:10:00,8,6,27,17,10,340,172,"754, MARCHE GARE (AVENUE",43.58397,3.88542,Plein jour,En agglomération,Hors intersection,Normale,Deux véhicules - côté,,,,,,,,,,,1,2,1,1,3
200800032471,0008-06-28 22:35:00,8,6,28,22,35,340,172,"132, PALAVAS (AVENUE DE)",43.5949,3.88842,Nuit avec éclairage allumé,En agglomération,Hors intersection,Normale,Deux véhicules - côté,,,,,,,,,,,5,2,1,1,3
200800032472,0008-06-28 23:40:00,8,6,28,23,40,340,172,CARRIEU (RUE MARIUS),43.61813,3.84404,Nuit avec éclairage allumé,En agglomération,Intersection en T,Normale,Deux véhicules - frontale,,,,,,,,,,,5,2,3,1,1
200800032473,0008-06-28 22:00:00,8,6,28,22,0,340,172,GRAND SAINT JEAN (RUE DU,,,Nuit avec éclairage allumé,En agglomération,Hors intersection,Normale,Deux véhicules - côté,,,,,,,,,,,5,2,1,1,3
200800032474,0008-06-29 09:40:00,8,6,29,9,40,340,172,RABELAIS (BOULEVARD),43.60185,3.88462,Plein jour,En agglomération,Intersection en X,Normale,Deux véhicules - côté,,,,,,,,,,,1,2,2,1,3
200800032475,0008-06-29 13:10:00,8,6,29,13,10,340,172,"sans, LIBERTE (AVENUE DE",43.61055,3.8329,Plein jour,En agglomération,Hors intersection,Normale,Deux véhicules - frontale,,,,,,,,,,,1,2,1,1,1
200800032476,0008-06-25 11:53:00,8,6,25,11,53,340,172,"1041, RIMBAUD (RUE PAUL)",43.61733,3.83801,Plein jour,En agglomération,Hors intersection,Normale,Sans collision,,,,,,,,,,,1,2,1,1,7
200800032477,0008-06-30 21:10:00,8,6,30,21,10,340,172,BRANDT (CARREFOUR WILLY),,,Plein jour,Hors agglomération,Hors intersection,Normale,Sans collision,,,,,,,,,,,1,1,1,1,7
200800032478,0008-06-30 22:30:00,8,6,30,22,30,340,172,"01, NIVEOLES (RUE DES)",,,Nuit avec éclairage allumé,En agglomération,Hors intersection,Normale,Autre collision,,,,,,,,,,,5,2,1,1,6
200800032479,0008-06-30 22:20:00,8,6,30,22,20,340,172,LAVERUNE (ROUTE DE,,,Nuit avec éclairage allumé,En agglomération,Intersection en T,Normale,Deux véhicules - côté,,,,,,,,,,,5,2,3,1,3
200800032480,0008-06-02 00:20:00,8,6,2,0,20,340,301,"aucun, RD 612",,,Nuit sans éclairage public,Hors agglomération,Hors intersection,Pluie forte,Deux véhicules - frontale,,,,,,,,,,,3,1,1,3,1
200800032481,0008-06-03 17:10:00,8,6,3,17,10,340,108,"AUCUN, INGRIL (AVENUE D'",,,Plein jour,En agglomération,Hors intersection,Normale,Deux véhicules - côté,,,,,,,,,,,1,2,1,1,3
200800032482,0008-06-09 13:15:00,8,6,9,13,15,340,301,"AUCUN, BALARUC (ROUTE DE",,,Plein jour,Hors agglomération,Hors intersection,Normale,Autre collision,,,,,,,,,,,1,1,1,1,6
200800032483,0008-06-05 00:05:00,8,6,5,0,5,350,115,"56, RENNES (BOULEVARD DE",,,Nuit avec éclairage allumé,En agglomération,Intersection en X,Normale,Deux véhicules - côté,,,,,,,,,,,5,2,2,1,3
200800032484,0008-06-01 07:45:00,8,6,1,7,45,350,238,"00, RN136",,,Plein jour,Hors agglomération,Hors intersection,Pluie légère,Deux véhicules - côté,,,,,,,,,,,1,1,1,2,3
200800032485,0008-06-01 17:00:00,8,6,1,17,0,350,238,"28, LAENNEC (BD RENE)",,,Plein jour,En agglomération,Hors intersection,Normale,Sans collision,,,,,,,,,,,1,2,1,1,7
200800032486,0008-06-02 03:13:00,8,6,2,3,13,350,238,"180, NANTES (DE)",,,Nuit avec éclairage allumé,En agglomération,Hors intersection,Normale,Sans collision,,,,,,,,,,,5,2,1,1,7
200800032487,0008-06-02 14:05:00,8,6,2,14,5,350,238,"00, VILLEBOIS MAREUIL (B",,,Plein jour,En agglomération,Intersection en X,Normale,Deux véhicules - côté,,,,,,,,,,,1,2,2,1,3
200800032488,0008-06-02 19:15:00,8,6,2,19,15,350,238,"33, VANEAU",,,Plein jour,En agglomération,Hors intersection,Normale,Deux véhicules - côté,,,,,,,,,,,1,2,1,1,3
200800032489,0008-06-03 01:25:00,8,6,3,1,25,350,238,"00, CHAMPS ROTIS (LIEU-D",,,Nuit avec éclairage allumé,Hors agglomération,Hors intersection,Normale,Autre collision,,,,,,,,,,,5,1,1,1,6
200800032490,0008-06-03 06:05:00,8,6,3,6,5,350,238,"00, SAINTE FOIX ( GERMAI",,,Plein jour,En agglomération,Hors intersection,Temps couvert,Sans collision,,,,,,,,,,,1,2,1,8,7
200800032491,0008-06-04 12:00:00,8,6,4,12,0,350,238,"54, SAINT-HELIER",,,Plein jour,En agglomération,Hors intersection,Normale,Deux véhicules - côté,,,,,,,,,,,1,2,1,1,3
200800032492,0008-06-06 01:30:00,8,6,6,1,30,350,238,"00, MITTERAND (MAIL FRAN",,,Nuit avec éclairage allumé,En agglomération,Intersection en X,Normale,Deux véhicules - côté,,,,,,,,,,,5,2,2,1,3
200800032493,0008-06-06 00:40:00,8,6,6,0,40,350,238,"186, SAINT-MALO (DE) DE",,,Nuit avec éclairage allumé,En agglomération,Hors intersection,Normale,Deux véhicules - arrière,,,,,,,,,,,5,2,1,1,2
200800032494,0008-06-12 08:40:00,8,6,12,8,40,350,55,"00, LA HALLERAIS (LIEU D",,,Plein jour,En agglomération,Giratoire,Normale,Sans collision,,,,,,,,,,,1,2,6,1,7
200800032495,0008-06-06 21:35:00,8,6,6,21,35,350,238,"00, SAINT-HELIER",,,Plein jour,En agglomération,Intersection en X,Normale,Deux véhicules - arrière,,,,,,,,,,,1,2,2,1,2
200800032496,0008-06-07 20:45:00,8,6,7,20,45,350,238,"00, BUFFON",,,Plein jour,En agglomération,Giratoire,Normale,Sans collision,,,,,,,,,,,1,2,6,1,7
200800032497,0008-06-09 15:35:00,8,6,9,15,35,350,238,"280, CHATEAUGIRON (DE)",,,Plein jour,En agglomération,Hors intersection,Normale,Trois véhicules et plus - en chaîne,,,,,,,,,,,1,2,1,1,4
200800032498,0008-06-10 16:55:00,8,6,10,16,55,350,238,"00, PRE BOTTE (DU)",,,Plein jour,En agglomération,Intersection en X,Normale,Autre collision,,,,,,,,,,,1,2,2,1,6
200800032499,0008-06-11 17:20:00,8,6,11,17,20,350,238,"00, VILLEBOIS MAREUIL (B",,,Plein jour,En agglomération,Intersection en X,Normale,Sans collision,,,,,,,,,,,1,2,2,1,7