accident_id,datetime,annee,mois,jour,heure,minute,departement,commune_insee,adresse,latitude,longitude,luminosite,agglomeration,intersection,meteo,collision,nb_vehicules,nb_usagers,nb_indemnes,nb_tues,nb_blesses_hosp,nb_blesses_legers,age_cond_1,age_cond_2,veh_type_cond_1,veh_type_cond_2,lum_code,agg_code,int_code,atm_code,col_code
200800032500,0008-06-11 19:35:00,8,6,11,19,35,350,238,"00, JOFFRE ( DU MARECHAL",,,Plein jour,En agglomération,Intersection en X,Normale,Deux véhicules - côté,,,,,,,,,,,1,2,2,1,3
200800032501,0008-06-13 07:35:00,8,6,13,7,35,350,238,"61, VITRE (BLD DE)",,,Plein jour,En agglomération,Intersection en X,Normale,Deux véhicules - arrière,,,,,,,,,,,1,2,2,1,2
200800032502,0008-06-13 08:45:00,8,6,13,8,45,350,238,"105, FREVILLE (AVENUE HE",,,Plein jour,En agglomération,Hors intersection,Normale,Autre collision,,,,,,,,,,,1,2,1,1,6
200800032503,0008-06-13 15:50:00,8,6,13,15,50,350,238,"20, LEROUX (BD OSCAR)",,,Plein jour,En agglomération,Intersection en X,Normale,Sans collision,,,,,,,,,,,1,2,2,1,7
200800032504,0008-06-13 19:00:00,8,6,13,19,0,350,238,"00, MONNET (JEAN)",,,Plein jour,En agglomération,Hors intersection,Normale,Autre collision,,,,,,,,,,,1,2,1,1,6
200800032505,0008-06-14 08:35:00,8,6,14,8,35,350,238,PORTE DE BREST,,,Plein jour,Hors agglomération,Autre intersection,Normale,Autre collision,,,,,,,,,,,1,1,9,1,6
200800032506,0008-06-16 17:15:00,8,6,16,17,15,350,238,"00, RN 137",,,Plein jour,Hors agglomération,Giratoire,Normale,Deux véhicules - arrière,,,,,,,,,,,1,1,6,1,2
200800032507,0008-06-17 02:50:00,8,6,17,2,50,350,281,"00, MERMOZ (BOULEVARD JE",,,Nuit avec éclairage non allumé,En agglomération,Hors intersection,Normale,Sans collision,,,,,,,,,,,4,2,1,1,7
200800032508,0008-06-17 07:55:00,8,6,17,7,55,350,238,"00, GAYEULLES (AVENUE DE",,,Plein jour,En agglomération,Intersection en X,Normale,Deux véhicules - côté,,,,,,,,,,,1,2,2,1,3
200800032509,0008-06-17 10:25:00,8,6,17,10,25,350,238,"07, LE HO (JEAN)",,,Plein jour,Hors agglomération,Hors intersection,Normale,Deux véhicules - côté,,,,,,,,,,,1,1,1,1,3
200800032510,0008-06-17 13:40:00,8,6,17,13,40,350,238,"01, BUISSON (FERDINAND)",,,Plein jour,En agglomération,Intersection en T,Normale,Autre collision,,,,,,,,,,,1,2,3,1,6
200800032511,0008-06-18 11:10:00,8,6,18,11,10,350,238,"23, ECHANGE (D')",,,Plein jour,En agglomération,Hors intersection,Normale,Autre collision,,,,,,,,,,,1,2,1,1,6
200800032512,0008-06-18 21:20:00,8,6,18,21,20,350,238,"26 bis, MANOIR DE SERVIG",,,Plein jour,Hors agglomération,Hors intersection,Normale,Autre collision,,,,,,,,,,,1,1,1,1,6
200800032513,0008-06-19 09:45:00,8,6,19,9,45,350,238,"00, MENDES FRANCE (BD PI",,,Plein jour,En agglomération,Giratoire,Pluie légère,Sans collision,,,,,,,,,,,1,2,6,2,7
200800032514,0008-06-19 13:00:00,8,6,19,13,0,350,278,"00, RN 137",,,Plein jour,Hors agglomération,Autre intersection,Pluie légère,Autre collision,,,,,,,,,,,1,1,9,2,6
200800032515,0008-06-20 01:45:00,8,6,20,1,45,350,238,"07, NICOLET (GAL)",,,Nuit sans éclairage public,En agglomération,Intersection en T,Normale,Sans collision,,,,,,,,,,,3,2,3,1,7
200800032516,0008-06-20 23:03:00,8,6,20,23,3,350,238,"06, ESPINAY (ALLEE CHARL",,,Nuit avec éclairage allumé,En agglomération,Hors intersection,Normale,Autre collision,,,,,,,,,,,5,2,1,1,6
200800032517,0008-06-22 11:05:00,8,6,22,11,5,350,238,"00, SOLFERINO (BD)",,,Plein jour,En agglomération,Intersection en X,Normale,Deux véhicules - côté,,,,,,,,,,,1,2,2,1,3
200800032518,0008-06-22 13:40:00,8,6,22,13,40,350,238,"00, BOIS LABBE (AVENUE D",,,Plein jour,En agglomération,Intersection en X,Normale,Autre collision,,,,,,,,,,,1,2,2,1,6
200800032519,0008-06-22 15:05:00,8,6,22,15,5,350,281,"00, DODIN (AVENUE ROGER)",,,Plein jour,En agglomération,Giratoire,Normale,Deux véhicules - arrière,,,,,,,,,,,1,2,6,1,2
200800032520,0008-06-22 15:10:00,8,6,22,15,10,350,238,"54, VILLEBOIS MAREUIL (B",,,Plein jour,En agglomération,Hors intersection,Normale,Autre collision,,,,,,,,,,,1,2,1,1,6
200800032521,0008-06-23 12:00:00,8,6,23,12,0,350,238,"00, BRIAND (AVENUE ARIST",,,Plein jour,En agglomération,Intersection en X,Normale,Deux véhicules - côté,,,,,,,,,,,1,2,2,1,3
200800032522,0008-06-23 11:55:00,8,6,23,11,55,350,238,"10, POLOGNE (AVENUE DE)",,,Plein jour,En agglomération,Giratoire,Normale,Deux véhicules - côté,,,,,,,,,,,1,2,6,1,3
200800032523,0008-06-23 17:25:00,8,6,23,17,25,350,281,"00, MERMOZ (BOULEVARD JE",,,Plein jour,En agglomération,Hors intersection,Normale,Sans collision,,,,,,,,,,,1,2,1,1,7
200800032524,0008-06-25 00:40:00,8,6,25,0,40,350,238,"00, CANADA (AVENUE DU)",,,Nuit avec éclairage allumé,En agglomération,Giratoire,Normale,Autre collision,,,,,,,,,,,5,2,6,1,6
200800032525,0008-06-26 09:40:00,8,6,26,9,40,350,238,"00, VERN (DE)",,,Plein jour,En agglomération,Intersection en T,Temps éblouissant,Autre collision,,,,,,,,,,,1,2,3,7,6
200800032526,0008-06-26 11:00:00,8,6,26,11,0,350,238,"00, FREVILLE (AVENUE HEN",,,Plein jour,En agglomération,Hors intersection,Normale,Sans collision,,,,,,,,,,,1,2,1,1,7
200800032527,0008-06-28 10:55:00,8,6,28,10,55,350,238,"00, LORIENT (DE)",,,Plein jour,En agglomération,Autre intersection,Normale,Sans collision,,,,,,,,,,,1,2,9,1,7
200800032528,0008-06-28 12:40:00,8,6,28,12,40,350,55,"00, La Bauchée",,,Plein jour,Hors agglomération,Hors intersection,Normale,Deux véhicules - frontale,,,,,,,,,,,1,1,1,1,1
200800032529,0008-06-29 12:50:00,8,6,29,12,50,350,238,"04, TRENTE (DES)",,,Plein jour,En agglomération,Giratoire,Normale,Deux véhicules - côté,,,,,,,,,,,1,2,6,1,3
200800032530,0008-06-30 01:10:00,8,6,30,1,10,350,238,"22, TOUR D'AUVERGNE (BD",,,Nuit avec éclairage allumé,En agglomération,Intersection en X,Normale,Deux véhicules - côté,,,,,,,,,,,5,2,2,1,3
200800032531,0008-06-30 17:50:00,8,6,30,17,50,350,238,"00, PORTE DE CLEUNAY",,,Plein jour,En agglomération,Autre intersection,Normale,Trois véhicules et plus - en chaîne,,,,,,,,,,,1,2,9,1,4
200800032532,0008-06-30 18:30:00,8,6,30,18,30,350,238,"00, CONNECTE (THOMAS)",,,Plein jour,En agglomération,Intersection en T,Normale,Deux véhicules - côté,,,,,,,,,,,1,2,3,1,3
200800032533,0008-06-30 18:00:00,8,6,30,18,0,350,238,ROCADE 14-15,,,Plein jour,Hors agglomération,Hors intersection,Normale,Trois véhicules et plus - en chaîne,,,,,,,,,,,1,1,1,1,4
200800032534,0008-06-01 06:55:00,8,6,1,6,55,350,288,"000, TABARLY ERIC  (CHAU",,,Plein jour,En agglomération,Hors intersection,Normale,Autre collision,,,,,,,,,,,1,2,1,1,6
200800032535,0008-06-08 15:30:00,8,6,8,15,30,350,288,"000, RANCE (BOULEVARD DE",,,Plein jour,En agglomération,Giratoire,Normale,Autre collision,,,,,,,,,,,1,2,6,1,6
200800032536,0008-06-24 18:30:00,8,6,24,18,30,350,288,"000, CD355",,,Plein jour,En agglomération,Intersection en X,Normale,Trois véhicules et plus - collisions multiples,,,,,,,,,,,1,2,2,1,5
200800032537,0008-06-27 22:25:00,8,6,27,22,25,350,288,"sans, ESPERANCE (BOULEVA",,,Nuit avec éclairage allumé,En agglomération,Intersection en T,Normale,Deux véhicules - côté,,,,,,,,,,,5,2,3,1,3
200800032538,0008-06-04 18:10:00,8,6,4,18,10,360,159,FORGES (RUE DES),,,Plein jour,Hors agglomération,Hors intersection,Normale,Deux véhicules - frontale,,,,,,,,,,,1,1,1,1,1
200800032539,0008-06-14 16:10:00,8,6,14,16,10,360,202,FRANC (BOULEVARD DU),,,Plein jour,Hors agglomération,Intersection en T,Normale,Deux véhicules - côté,,,,,,,,,,,1,1,3,1,3
200800032540,0008-06-15 05:35:00,8,6,15,5,35,360,159,VELLES ( ROUTE DE ),,,Nuit sans éclairage public,Hors agglomération,Hors intersection,Pluie légère,Deux véhicules - frontale,,,,,,,,,,,3,1,1,2,1
200800032541,0008-06-24 17:25:00,8,6,24,17,25,360,44,"113, LEMOINE (AV MARCEL)",,,Plein jour,En agglomération,Hors intersection,Normale,Deux véhicules - arrière,,,,,,,,,,,1,2,1,1,2
200800032542,0008-06-21 15:00:00,8,6,21,15,0,360,202,CHATELLERAULT (ROUTE DE),,,Plein jour,Hors agglomération,Hors intersection,Normale,Sans collision,,,,,,,,,,,1,1,1,1,7
200800032543,0008-06-22 18:05:00,8,6,22,18,5,360,44,"35, VILAR (JEAN)",,,Plein jour,En agglomération,Intersection en T,Normale,Sans collision,,,,,,,,,,,1,2,3,1,7
200800032544,0008-06-01 08:45:00,8,6,1,8,45,360,44,MARGUERITE (STE),,,Plein jour,En agglomération,Intersection en T,Normale,Deux véhicules - côté,,,,,,,,,,,1,2,3,1,3
200800032545,0008-06-02 01:25:00,8,6,2,1,25,360,202,"9, PONTS (RUE DES)",,,Nuit avec éclairage allumé,En agglomération,Hors intersection,Normale,Autre collision,,,,,,,,,,,5,2,1,1,6
200800032546,0008-06-05 07:45:00,8,6,5,7,45,360,44,DE GAULLE (AVENUE DU GEN,,,Plein jour,En agglomération,Hors intersection,Normale,Autre collision,,,,,,,,,,,1,2,1,1,6
200800032547,0008-06-05 19:27:00,8,6,5,19,27,360,44,KENNEDY (AV JOHN),,,Plein jour,En agglomération,Intersection en T,Normale,Deux véhicules - arrière,,,,,,,,,,,1,2,3,1,2
200800032548,0008-06-09 11:02:00,8,6,9,11,2,360,44,REPUBLIQUE (RUE DE LA),,,Plein jour,En agglomération,Intersection en T,Normale,Deux véhicules - côté,,,,,,,,,,,1,2,3,1,3
200800032549,0008-06-13 07:10:00,8,6,13,7,10,360,44,CHATELLERAULT (DE),,,Plein jour,En agglomération,Intersection en T,Normale,Deux véhicules - côté,,,,,,,,,,,1,2,3,1,3
200800032550,0008-06-26 17:12:00,8,6,26,17,12,360,44,"82, RASPAIL",,,Plein jour,En agglomération,Hors intersection,Normale,Autre collision,,,,,,,,,,,1,2,1,1,6
200800032551,0008-06-02 18:40:00,8,6,2,18,40,370,261,BOURGOIN (RUE DU COMMAND,,,Plein jour,En agglomération,Intersection en X,Normale,Deux véhicules - côté,,,,,,,,,,,1,2,2,1,3
200800032552,0008-06-05 23:40:00,8,6,5,23,40,370,261,BERT (QUAI PAUL),,,Nuit avec éclairage allumé,En agglomération,Intersection en T,Normale,Deux véhicules - frontale,,,,,,,,,,,5,2,3,1,1
200800032553,0008-06-17 12:15:00,8,6,17,12,15,370,261,BEDEL (RUE MAURICE),,,Plein jour,En agglomération,Hors intersection,Normale,Autre collision,,,,,,,,,,,1,2,1,1,6
200800032554,0008-06-26 20:45:00,8,6,26,20,45,370,261,ALCUIN (ALLEE),,,Plein jour,En agglomération,Intersection en X,Normale,Deux véhicules - côté,,,,,,,,,,,1,2,2,1,3
200800032555,0008-06-27 11:30:00,8,6,27,11,30,370,261,WATT (AVENUE JAMES),,,Plein jour,En agglomération,Intersection en X,Normale,Deux véhicules - frontale,,,,,,,,,,,1,2,2,1,1
200800032556,0008-06-19 14:53:00,8,6,19,14,53,380,53,BOURG EN BRESSE,,,Plein jour,Hors agglomération,Hors intersection,Normale,Deux véhicules - frontale,,,,,,,,,,,1,1,1,1,1
200800032557,0008-06-01 15:40:00,8,6,1,15,40,380,185,"119, COURS JEAN JAURÈS",,,Plein jour,En agglomération,Hors intersection,Normale,Autre collision,,,,,,,,,,,1,2,1,1,6
200800032558,0008-06-02 08:45:00,8,6,2,8,45,380,421,"00, AVENUE JACQUES PRÉVE",,,Plein jour,En agglomération,Hors intersection,Pluie légère,Autre collision,,,,,,,,,,,1,2,1,2,6
200800032559,0008-06-02 10:00:00,8,6,2,10,0,380,185,"00, PLACE DE VERDUN",,,Plein jour,En agglomération,Hors intersection,Pluie légère,Deux véhicules - côté,,,,,,,,,,,1,2,1,2,3
200800032560,0008-06-02 12:15:00,8,6,2,12,15,380,185,"68, BOULEVARD MARÉCHAL F",,,Plein jour,En agglomération,Hors intersection,Pluie légère,Autre collision,,,,,,,,,,,1,2,1,2,6
200800032561,0008-06-03 08:20:00,8,6,3,8,20,380,185,PONT DE LA PORTE DE FRAN,,,Plein jour,Hors agglomération,Hors intersection,Normale,Deux véhicules - côté,,,,,,,,,,,1,1,1,1,3
200800032562,0008-06-03 08:45:00,8,6,3,8,45,380,185,"00, RUE THIERS",,,Plein jour,En agglomération,Hors intersection,Normale,Deux véhicules - frontale,,,,,,,,,,,1,2,1,1,1
200800032563,0008-06-05 22:40:00,8,6,5,22,40,380,185,"00, RUE DE STALINGRAD",,,Nuit avec éclairage allumé,En agglomération,Hors intersection,Pluie légère,Deux véhicules - côté,,,,,,,,,,,5,2,1,2,3
200800032564,0008-06-06 09:00:00,8,6,6,9,0,380,421,"00, AVENUE AMBROISE CROI",,,Plein jour,En agglomération,Hors intersection,Normale,Autre collision,,,,,,,,,,,1,2,1,1,6
200800032565,0008-06-06 19:30:00,8,6,6,19,30,380,151,"0, RUE DES MONTAGNE DE L",,,Plein jour,En agglomération,Hors intersection,Normale,Deux véhicules - côté,,,,,,,,,,,1,2,1,1,3
200800032566,0008-06-09 16:40:00,8,6,9,16,40,380,151,"61, COURS JEAN JAURÈS",,,Plein jour,En agglomération,Hors intersection,Normale,Trois véhicules et plus - en chaîne,,,,,,,,,,,1,2,1,1,4
200800032567,0008-06-10 08:30:00,8,6,10,8,30,380,151,LE RONDEAU,,,Plein jour,Hors agglomération,Hors intersection,Normale,Deux véhicules - arrière,,,,,,,,,,,1,1,1,1,2
200800032568,0008-06-11 16:30:00,8,6,11,16,30,380,185,"00, RUE DES EAUX CLAIRES",,,Plein jour,En agglomération,Hors intersection,Normale,Deux véhicules - côté,,,,,,,,,,,1,2,1,1,3
200800032569,0008-06-11 17:05:00,8,6,11,17,5,380,185,"86, RUE ABBÉ GRÉGOIRE",,,Plein jour,En agglomération,Hors intersection,Pluie légère,Deux véhicules - côté,,,,,,,,,,,1,2,1,2,3
200800032570,0008-06-11 20:10:00,8,6,11,20,10,380,185,"0, RUE AMPÈRE",,,Plein jour,En agglomération,Hors intersection,Normale,Deux véhicules - côté,,,,,,,,,,,1,2,1,1,3
200800032571,0008-06-12 16:15:00,8,6,12,16,15,380,516,"0, CHEMIN DUHAMEL",,,Plein jour,En agglomération,Hors intersection,Normale,Deux véhicules - frontale,,,,,,,,,,,1,2,1,1,1
200800032572,0008-06-13 07:20:00,8,6,13,7,20,380,185,ÉCHANGEUR DU RONDEAU,,,Plein jour,Hors agglomération,Hors intersection,Normale,Trois véhicules et plus - en chaîne,,,,,,,,,,,1,1,1,1,4
200800032573,0008-06-13 10:25:00,8,6,13,10,25,380,421,"00, RUE DU PRÉ RUFFIER",,,Plein jour,En agglomération,Hors intersection,Normale,Deux véhicules - côté,,,,,,,,,,,1,2,1,1,3
200800032574,0008-06-13 17:30:00,8,6,13,17,30,380,185,"00, RUE GAY LUSSAC",,,Plein jour,En agglomération,Intersection en X,Normale,Deux véhicules - côté,,,,,,,,,,,1,2,2,1,3
200800032575,0008-06-15 10:45:00,8,6,15,10,45,380,185,"00, AVENUE FÉLIX VIALLET",,,Plein jour,En agglomération,Hors intersection,Normale,Deux véhicules - côté,,,,,,,,,,,1,2,1,1,3
200800032576,0008-06-16 13:30:00,8,6,16,13,30,380,169,"10, RUE DES ALPES",,,Plein jour,En agglomération,Hors intersection,Pluie légère,Autre collision,,,,,,,,,,,1,2,1,2,6
200800032577,0008-06-16 14:00:00,8,6,16,14,0,380,179,"7, RUE DE LA LIBÉRATION",,,Plein jour,En agglomération,Hors intersection,Pluie légère,Deux véhicules - arrière,,,,,,,,,,,1,2,1,2,2
200800032578,0008-06-17 17:00:00,8,6,17,17,0,380,421,"00, AVENUE PIERRE SÉMARD",,,Plein jour,En agglomération,Hors intersection,Pluie légère,Deux véhicules - arrière,,,,,,,,,,,1,2,1,2,2
200800032579,0008-06-19 16:30:00,8,6,19,16,30,380,185,"24 bis, AVENUE FÉLIX VIA",,,Plein jour,En agglomération,Hors intersection,Normale,Deux véhicules - côté,,,,,,,,,,,1,2,1,1,3
200800032580,0008-06-19 17:40:00,8,6,19,17,40,380,185,PONT DE CATANE,,,Plein jour,Hors agglomération,Hors intersection,Normale,Trois véhicules et plus - en chaîne,,,,,,,,,,,1,1,1,1,4
200800032581,0008-06-19 18:00:00,8,6,19,18,0,380,185,"156, COURS BERRIAT",,,Plein jour,En agglomération,Hors intersection,Normale,Autre collision,,,,,,,,,,,1,2,1,1,6
200800032582,0008-06-20 07:50:00,8,6,20,7,50,380,185,"00, BOULEVARD MARÉCHAL L",,,Plein jour,En agglomération,Hors intersection,Normale,Deux véhicules - côté,,,,,,,,,,,1,2,1,1,3
200800032583,0008-06-23 13:30:00,8,6,23,13,30,380,185,"9, RUE PIERRE SÉMARD",,,Plein jour,En agglomération,Hors intersection,Normale,Deux véhicules - arrière,,,,,,,,,,,1,2,1,1,2
200800032584,0008-06-24 16:30:00,8,6,24,16,30,380,421,"00, AVENUE JULES VALLÈS",,,Plein jour,En agglomération,Hors intersection,Normale,Deux véhicules - frontale,,,,,,,,,,,1,2,1,1,1
200800032585,0008-06-24 17:20:00,8,6,24,17,20,380,185,"00, ÉCHANGEUR DU RONDEAU",,,Plein jour,En agglomération,Hors intersection,Normale,Sans collision,,,,,,,,,,,1,2,1,1,7
200800032586,0008-06-24 10:50:00,8,6,24,10,50,380,185,"00, AVENUE JEAN PERROT",,,Plein jour,En agglomération,Hors intersection,Normale,Deux véhicules - arrière,,,,,,,,,,,1,2,1,1,2
200800032587,0008-06-26 18:00:00,8,6,26,18,0,380,151,"0, AVENUE DE KIMBERLEY",,,Plein jour,En agglomération,Hors intersection,Normale,Deux véhicules - côté,,,,,,,,,,,1,2,1,1,3
200800032588,0008-06-27 07:15:00,8,6,27,7,15,380,516,"00, CARREFOUR DE L'EUROP",,,Plein jour,En agglomération,Hors intersection,Normale,Deux véhicules - côté,,,,,,,,,,,1,2,1,1,3
200800032589,0008-06-27 17:35:00,8,6,27,17,35,380,185,"00, COURS DE LA LIBÉRATI",,,Plein jour,En agglomération,Hors intersection,Normale,Deux véhicules - arrière,,,,,,,,,,,1,2,1,1,2
200800032590,0008-06-28 23:14:00,8,6,28,23,14,380,151,99 VOIE NON IDENTIFIEE,,,Nuit avec éclairage allumé,Hors agglomération,Hors intersection,Normale,Autre collision,,,,,,,,,,,5,1,1,1,6
200800032591,0008-06-30 16:10:00,8,6,30,16,10,380,185,"00, AVENUE PAUL VERLAINE",,,Plein jour,En agglomération,Hors intersection,Normale,Autre collision,,,,,,,,,,,1,2,1,1,6
200800032592,0008-06-06 08:52:00,8,6,6,8,52,380,544,ST LOUIS(PLACE),,,Plein jour,En agglomération,Hors intersection,Normale,Autre collision,,,,,,,,,,,1,2,1,1,6
200800032593,0008-06-19 20:25:00,8,6,19,20,25,380,544,"0, VICTOR HUGO(RUE)",,,Plein jour,En agglomération,Intersection en X,Normale,Deux véhicules - côté,,,,,,,,,,,1,2,2,1,3
200800032594,0008-06-19 17:10:00,8,6,19,17,10,380,544,", MICHEL SERVET(BD)",,,Plein jour,En agglomération,Intersection en X,Normale,Autre collision,,,,,,,,,,,1,2,2,1,6
200800032595,0008-06-13 14:40:00,8,6,13,14,40,380,563,"2, RAVAT (RUE J.)",,,Plein jour,En agglomération,Hors intersection,Normale,Autre collision,,,,,,,,,,,1,2,1,1,6
200800032596,0008-06-24 18:12:00,8,6,24,18,12,380,563,"2, BECQUART-CASTELBON (C",,,Plein jour,En agglomération,Hors intersection,Normale,Deux véhicules - arrière,,,,,,,,,,,1,2,1,1,2
200800032597,0008-06-02 11:45:00,8,6,2,11,45,400,88,SAINT-VINCENT DE PAUL (A,,,Plein jour,En agglomération,Intersection en X,Pluie légère,Deux véhicules - côté,,,,,,,,,,,1,2,2,2,3
200800032598,0008-06-07 15:50:00,8,6,7,15,50,400,88,"133, SAINT-VINCENT DE PA",,,Plein jour,En agglomération,Hors intersection,Normale,Trois véhicules et plus - collisions multiples,,,,,,,,,,,1,2,1,1,5
200800032599,0008-06-05 19:20:00,8,6,5,19,20,400,192,SABRES (AV DE),,,Plein jour,En agglomération,Intersection en X,Normale,Deux véhicules - côté,,,,,,,,,,,1,2,2,1,3
200800032600,0008-06-25 15:28:00,8,6,25,15,28,400,192,PLACE FRANCIS PLANTE,,,Plein jour,En agglomération,Hors intersection,Normale,Autre collision,,,,,,,,,,,1,2,1,1,6
200800032601,0008-06-28 11:20:00,8,6,28,11,20,400,192,LACAZE (BD ANTOINE),,,Plein jour,En agglomération,Hors intersection,Normale,Trois véhicules et plus - en chaîne,,,,,,,,,,,1,2,1,1,4
200800032602,0008-06-29 13:30:00,8,6,29,13,30,400,192,"316, FOCH (AV DU MARECHA",,,Plein jour,En agglomération,Hors intersection,Normale,Autre collision,,,,,,,,,,,1,2,1,1,6
200800032603,0008-06-30 12:45:00,8,6,30,12,45,400,192,"56, FARBOS (AV HENRI)",,,Plein jour,En agglomération,Hors intersection,Normale,Deux véhicules - côté,,,,,,,,,,,1,2,1,1,3
200800032604,0008-06-02 07:25:00,8,6,2,7,25,410,212,D 956,,,Crépuscule ou aube,Hors agglomération,Hors intersection,Temps couvert,Deux véhicules - frontale,,,,,,,,,,,2,1,1,8,1
200800032605,0008-06-06 18:20:00,8,6,6,18,20,410,18,VENDOME (AVENUE DE),,,Plein jour,En agglomération,Intersection en X,Normale,Deux véhicules - côté,,,,,,,,,,,1,2,2,1,3
200800032606,0008-06-08 12:30:00,8,6,8,12,30,410,18,WALDSHUT (RUE DE),,,Plein jour,En agglomération,Intersection en T,Normale,Deux véhicules - côté,,,,,,,,,,,1,2,3,1,3
200800032607,0008-06-04 15:30:00,8,6,4,15,30,410,18,RN 152,,,Plein jour,En agglomération,Hors intersection,Normale,Trois véhicules et plus - en chaîne,,,,,,,,,,,1,2,1,1,4
200800032608,0008-06-04 18:45:00,8,6,4,18,45,410,18,CORDERIES (RUE DES),,,Plein jour,En agglomération,Intersection en X,Normale,Autre collision,,,,,,,,,,,1,2,2,1,6
200800032609,0008-06-09 10:02:00,8,6,9,10,2,410,18,"0.000, JAURES (PLACE JEA",,,Plein jour,En agglomération,Hors intersection,Normale,Autre collision,,,,,,,,,,,1,2,1,1,6
200800032610,0008-06-09 11:17:00,8,6,9,11,17,410,18,CROIX PICHON (RUE DE LA,,,Plein jour,En agglomération,Intersection en Y,Normale,Deux véhicules - côté,,,,,,,,,,,1,2,4,1,3
200800032611,0008-06-10 17:00:00,8,6,10,17,0,410,18,GUTEMBERG (RUE),,,Plein jour,En agglomération,Hors intersection,Normale,Deux véhicules - côté,,,,,,,,,,,1,2,1,1,3
200800032612,0008-06-13 17:39:00,8,6,13,17,39,410,47,"50, N152",,,Plein jour,En agglomération,Hors intersection,Normale,Deux véhicules - côté,,,,,,,,,,,1,2,1,1,3
200800032613,0008-06-17 16:30:00,8,6,17,16,30,410,18,FOURNIER (RUE LEON),,,Plein jour,En agglomération,Intersection en X,Normale,Deux véhicules - côté,,,,,,,,,,,1,2,2,1,3
200800032614,0008-06-21 19:10:00,8,6,21,19,10,410,212,D 956,,,Plein jour,En agglomération,Hors intersection,Normale,Sans collision,,,,,,,,,,,1,2,1,1,7
200800032615,0008-06-25 20:45:00,8,6,25,20,45,410,18,BRANLY (RUE EDOUARD),,,Plein jour,En agglomération,Intersection en T,Normale,Deux véhicules - côté,,,,,,,,,,,1,2,3,1,3
200800032616,0008-06-28 00:55:00,8,6,28,0,55,410,18,"29 bis, ACACIAS (LEVEE D",,,Nuit avec éclairage allumé,En agglomération,Hors intersection,Normale,Deux véhicules - côté,,,,,,,,,,,5,2,1,1,3
200800032617,0008-06-06 18:02:00,8,6,6,18,2,410,269,"16, MAILLETTES (RUE DES)",,,Plein jour,En agglomération,Hors intersection,Normale,Sans collision,,,,,,,,,,,1,2,1,1,7
200800032618,0008-06-03 15:10:00,8,6,3,15,10,420,44,RD 88,45.23755,4.19135,Plein jour,En agglomération,Intersection en X,Normale,Deux véhicules - côté,,,,,,,,,,,1,2,2,1,3
200800032619,0008-06-04 18:00:00,8,6,4,18,0,420,95,CD 500,,,Plein jour,En agglomération,Hors intersection,Normale,Deux véhicules - arrière,,,,,,,,,,,1,2,1,1,2
200800032620,0008-06-08 11:30:00,8,6,8,11,30,420,31,CD 108,45.24924,4.14419,Plein jour,Hors agglomération,Hors intersection,Pluie légère,Deux véhicules - frontale,,,,,,,,,,,1,1,1,2,1
200800032621,0008-06-12 13:35:00,8,6,12,13,35,420,95,"127, RD 88",,,Plein jour,En agglomération,Hors intersection,Normale,Sans collision,,,,,,,,,,,1,2,1,1,7
200800032622,0008-06-13 07:25:00,8,6,13,7,25,420,95,"1, BENAUD (RUE DE)",45.23243,4.1735,Plein jour,En agglomération,Hors intersection,Normale,Deux véhicules - côté,,,,,,,,,,,1,2,1,1,3
200800032623,0008-06-21 19:55:00,8,6,21,19,55,420,95,CD 3,45.23777,4.17478,Plein jour,En agglomération,Hors intersection,Normale,Deux véhicules - côté,,,,,,,,,,,1,2,1,1,3
200800032624,0008-06-22 21:00:00,8,6,22,21,0,420,31,CD 3,45.24499,4.14741,Plein jour,Hors agglomération,Intersection en T,Normale,Deux véhicules - côté,,,,,,,,,,,1,1,3,1,3
200800032625,0008-06-22 17:30:00,8,6,22,17,30,420,316,FRANCE (RUE ANATOLE),,,Plein jour,En agglomération,Hors intersection,Normale,Deux véhicules - côté,,,,,,,,,,,1,2,1,1,3
200800032626,0008-06-23 19:00:00,8,6,23,19,0,420,95,BARRAGE (CHEMIN DU,,,Plein jour,En agglomération,Hors intersection,Normale,Autre collision,,,,,,,,,,,1,2,1,1,6
200800032627,0008-06-25 16:25:00,8,6,25,16,25,420,95,CD 500,,,Plein jour,En agglomération,Hors intersection,Normale,Autre collision,,,,,,,,,,,1,2,1,1,6
200800032628,0008-06-29 12:05:00,8,6,29,12,5,420,123,"1, ASSAILLY RUE D'",,,Plein jour,En agglomération,Hors intersection,Normale,Autre collision,,,,,,,,,,,1,2,1,1,6
200800032629,0008-06-03 09:10:00,8,6,3,9,10,420,71,"20, LEDRU-ROLLIN  (RUE A",,,Plein jour,En agglomération,Intersection en X,Normale,Deux véhicules - côté,,,,,,,,,,,1,2,2,1,3
200800032630,0008-06-06 17:25:00,8,6,6,17,25,420,187,"20, PROMENADES POPULLE(P",,,Plein jour,En agglomération,Hors intersection,Pluie légère,Autre collision,,,,,,,,,,,1,2,1,2,6
200800032631,0008-06-07 23:05:00,8,6,7,23,5,420,187,"51, SEMARD (RUE PIERRE )",,,Nuit sans éclairage public,En agglomération,Hors intersection,Pluie légère,Autre collision,,,,,,,,,,,3,2,1,2,6
200800032632,0008-06-16 09:00:00,8,6,16,9,0,420,187,"12, MULSANT (RUE)",,,Plein jour,En agglomération,Hors intersection,Normale,Autre collision,,,,,,,,,,,1,2,1,1,6
200800032633,0008-06-21 15:35:00,8,6,21,15,35,420,187,"20, RAFFIN (RUE ALEXANDR",,,Plein jour,En agglomération,Hors intersection,Normale,Deux véhicules - côté,,,,,,,,,,,1,2,1,1,3
200800032634,0008-06-21 19:15:00,8,6,21,19,15,420,187,"20, MULSANT (RUE)",,,Plein jour,En agglomération,Hors intersection,Normale,Deux véhicules - frontale,,,,,,,,,,,1,2,1,1,1