accident_id,datetime,annee,mois,jour,heure,minute,departement,commune_insee,adresse,latitude,longitude,luminosite,agglomeration,intersection,meteo,collision,nb_vehicules,nb_usagers,nb_indemnes,nb_tues,nb_blesses_hosp,nb_blesses_legers,age_cond_1,age_cond_2,veh_type_cond_1,veh_type_cond_2,lum_code,agg_code,int_code,atm_code,col_code
200800032770,0008-06-18 19:04:00,8,6,18,19,4,490,267,"0, CHANTERIE",,,Plein jour,En agglomération,Hors intersection,Normale,Sans collision,,,,,,,,,,,1,2,1,1,7
200800032771,0008-06-19 13:25:00,8,6,19,13,25,490,7,"0, ROCADE EST",,,Plein jour,En agglomération,Hors intersection,Normale,Deux véhicules - frontale,,,,,,,,,,,1,2,1,1,1
200800032772,0008-06-19 09:37:00,8,6,19,9,37,490,7,"58, PASTEUR AVENUE",,,Plein jour,En agglomération,Hors intersection,Normale,Deux véhicules - côté,,,,,,,,,,,1,2,1,1,3
200800032773,0008-06-19 11:45:00,8,6,19,11,45,490,7,"0, LIBERTE BOULEVARD",,,Plein jour,En agglomération,Hors intersection,Normale,Sans collision,,,,,,,,,,,1,2,1,1,7
200800032774,0008-06-19 18:52:00,8,6,19,18,52,490,353,"0, MARAICHERE CHEMIN",,,Plein jour,En agglomération,Hors intersection,Normale,Deux véhicules - côté,,,,,,,,,,,1,2,1,1,3
200800032775,0008-06-20 14:25:00,8,6,20,14,25,490,267,"0, A87N",,,Plein jour,En agglomération,Hors intersection,Normale,Sans collision,,,,,,,,,,,1,2,1,1,7
200800032776,0008-06-20 17:12:00,8,6,20,17,12,490,7,"16, MEIGNANNE",,,Plein jour,En agglomération,Hors intersection,Normale,Sans collision,,,,,,,,,,,1,2,1,1,7
200800032777,0008-06-21 21:09:00,8,6,21,21,9,490,7,"0, LIBERTE BOULEVARD",,,Plein jour,En agglomération,Hors intersection,Pluie légère,Sans collision,,,,,,,,,,,1,2,1,2,7
200800032778,0008-06-21 11:46:00,8,6,21,11,46,490,15,"0, ALLENDE AVENUE SALVAD",,,Plein jour,En agglomération,Hors intersection,Normale,Sans collision,,,,,,,,,,,1,2,1,1,7
200800032779,0008-06-21 22:32:00,8,6,21,22,32,490,7,"0, HANIPET PASSAGE ET RU",,,Nuit avec éclairage allumé,En agglomération,Hors intersection,Normale,Sans collision,,,,,,,,,,,5,2,1,1,7
200800032780,0008-06-21 16:06:00,8,6,21,16,6,490,267,"0, BOIS DE L'HOPITAL",,,Plein jour,En agglomération,Hors intersection,Normale,Sans collision,,,,,,,,,,,1,2,1,1,7
200800032781,0008-06-20 21:13:00,8,6,20,21,13,490,267,"0, ANGERS ROUTE",,,Crépuscule ou aube,En agglomération,Hors intersection,Normale,Sans collision,,,,,,,,,,,2,2,1,1,7
200800032782,0008-06-23 17:37:00,8,6,23,17,37,490,7,"0, BLANCHOIN BOULEVARD",,,Plein jour,En agglomération,Hors intersection,Normale,Trois véhicules et plus - collisions multiples,,,,,,,,,,,1,2,1,1,5
200800032783,0008-06-23 22:28:00,8,6,23,22,28,490,7,"0, CHEF DE VILLE",,,Nuit avec éclairage allumé,En agglomération,Hors intersection,Normale,Sans collision,,,,,,,,,,,5,2,1,1,7
200800032784,0008-06-20 07:55:00,8,6,20,7,55,490,353,"0, MOULIN AVENUE",,,Plein jour,En agglomération,Hors intersection,Normale,Sans collision,,,,,,,,,,,1,2,1,1,7
200800032785,0008-06-24 06:35:00,8,6,24,6,35,490,7,"0, PYRAMIDE ROUTE",,,Crépuscule ou aube,En agglomération,Hors intersection,Normale,Deux véhicules - côté,,,,,,,,,,,2,2,1,1,3
200800032786,0008-06-24 17:29:00,8,6,24,17,29,490,7,"0, BIRGE BOULEVARD",,,Plein jour,En agglomération,Hors intersection,Normale,Deux véhicules - côté,,,,,,,,,,,1,2,1,1,3
200800032787,0008-06-25 17:43:00,8,6,25,17,43,490,353,"04, VEST",,,Plein jour,En agglomération,Hors intersection,Normale,Sans collision,,,,,,,,,,,1,2,1,1,7
200800032788,0008-06-25 19:54:00,8,6,25,19,54,490,246,"0, A87N",,,Plein jour,Hors agglomération,Hors intersection,Normale,Sans collision,,,,,,,,,,,1,1,1,1,7
200800032789,0008-06-25 14:30:00,8,6,25,14,30,490,7,"0, LAVOISIER BOULEVARD",,,Plein jour,En agglomération,Hors intersection,Normale,Sans collision,,,,,,,,,,,1,2,1,1,7
200800032790,0008-06-25 12:20:00,8,6,25,12,20,490,7,"0, GRAND LAUNAY",,,Plein jour,En agglomération,Hors intersection,Normale,Deux véhicules - côté,,,,,,,,,,,1,2,1,1,3
200800032791,0008-06-26 11:34:00,8,6,26,11,34,490,15,"0, HERSEN RUE RENE",,,Plein jour,En agglomération,Hors intersection,Normale,Deux véhicules - côté,,,,,,,,,,,1,2,1,1,3
200800032792,0008-06-26 11:49:00,8,6,26,11,49,490,15,"0, CANTENAY EPINARD ROUT",,,Plein jour,En agglomération,Hors intersection,Normale,Deux véhicules - côté,,,,,,,,,,,1,2,1,1,3
200800032793,0008-06-26 12:04:00,8,6,26,12,4,490,7,"94, PATTON AVENUE",,,Plein jour,En agglomération,Hors intersection,Normale,Sans collision,,,,,,,,,,,1,2,1,1,7
200800032794,0008-06-26 13:41:00,8,6,26,13,41,490,7,"10, GRAND LAUNAY",,,Plein jour,En agglomération,Hors intersection,Normale,Sans collision,,,,,,,,,,,1,2,1,1,7
200800032795,0008-06-27 13:03:00,8,6,27,13,3,490,353,FOUCAUDIERE,,,Plein jour,En agglomération,Hors intersection,Normale,Deux véhicules - côté,,,,,,,,,,,1,2,1,1,3
200800032796,0008-06-27 13:53:00,8,6,27,13,53,490,7,"0,  MAJOR ALLARD",,,Plein jour,En agglomération,Hors intersection,Normale,Sans collision,,,,,,,,,,,1,2,1,1,7
200800032797,0008-06-28 10:54:00,8,6,28,10,54,490,15,"32, DE GAULLE AVENUE DU",,,Plein jour,En agglomération,Hors intersection,Normale,Deux véhicules - arrière,,,,,,,,,,,1,2,1,1,2
200800032798,0008-06-28 15:21:00,8,6,28,15,21,490,7,"0, DE LATTRE DE TASSIGNY",,,Plein jour,En agglomération,Hors intersection,Normale,Sans collision,,,,,,,,,,,1,2,1,1,7
200800032799,0008-06-30 15:31:00,8,6,30,15,31,490,246,"0, DAVID D'ANGERS",,,Plein jour,En agglomération,Hors intersection,Normale,Sans collision,,,,,,,,,,,1,2,1,1,7
200800032800,0008-06-30 17:56:00,8,6,30,17,56,490,7,"0, ROI RENE BOULEVARD",,,Plein jour,En agglomération,Hors intersection,Normale,Deux véhicules - côté,,,,,,,,,,,1,2,1,1,3
200800032801,0008-06-30 19:17:00,8,6,30,19,17,490,7,"0, BLANCHOIN BOULEVARD",,,Plein jour,En agglomération,Hors intersection,Normale,Deux véhicules - côté,,,,,,,,,,,1,2,1,1,3
200800032802,0008-06-11 09:20:00,8,6,11,9,20,490,7,"0, BERANGER",,,Plein jour,En agglomération,Hors intersection,Normale,Sans collision,,,,,,,,,,,1,2,1,1,7
200800032803,0008-06-09 16:18:00,8,6,9,16,18,490,99,TOUTLEMONDE (RUE DE),,,Plein jour,En agglomération,Hors intersection,Normale,Deux véhicules - côté,,,,,,,,,,,1,2,1,1,3
200800032804,0008-06-17 20:10:00,8,6,17,20,10,490,99,MINEE(BOULEVARD DE LA),,,Plein jour,En agglomération,Hors intersection,Normale,Deux véhicules - arrière,,,,,,,,,,,1,2,1,1,2
200800032805,0008-06-20 01:00:00,8,6,20,1,0,490,99,RD 20,,,Nuit avec éclairage non allumé,En agglomération,Hors intersection,Normale,Autre collision,,,,,,,,,,,4,2,1,1,6
200800032806,0008-06-27 08:15:00,8,6,27,8,15,490,99,"62, FAIDHERBE (BOULEVARD",,,Plein jour,En agglomération,Hors intersection,Normale,Deux véhicules - arrière,,,,,,,,,,,1,2,1,1,2
200800032807,0008-06-27 15:55:00,8,6,27,15,55,490,99,"52, LORRAINE (RUE DE)",,,Plein jour,En agglomération,Hors intersection,Normale,Autre collision,,,,,,,,,,,1,2,1,1,6
200800032808,0008-06-28 14:20:00,8,6,28,14,20,490,99,"15, KENNEDY (AVENUE DU P",,,Plein jour,En agglomération,Hors intersection,Normale,Deux véhicules - arrière,,,,,,,,,,,1,2,1,1,2
200800032809,0008-06-07 09:45:00,8,6,7,9,45,490,328,"22, LECLERC (RUE DU MARE",,,Plein jour,En agglomération,Hors intersection,Normale,Deux véhicules - arrière,,,,,,,,,,,1,2,1,1,2
200800032810,0008-06-12 19:25:00,8,6,12,19,25,490,328,"SANS, MAYAUD (QUAI)",,,Plein jour,En agglomération,Intersection en T,Normale,Deux véhicules - arrière,,,,,,,,,,,1,2,3,1,2
200800032811,0008-06-16 17:00:00,8,6,16,17,0,490,328,"sans, ROUEN (RUE DE)",,,Plein jour,En agglomération,Intersection en T,Normale,Deux véhicules - côté,,,,,,,,,,,1,2,3,1,3
200800032812,0008-06-01 15:29:00,8,6,1,15,29,500,173,"0, THIVET ( avenue du )",,,Plein jour,En agglomération,Hors intersection,Normale,Sans collision,,,,,,,,,,,1,2,1,1,7
200800032813,0008-06-04 10:40:00,8,6,4,10,40,500,129,"16, NORMANDIE (AVENUE DE",,,Plein jour,En agglomération,Hors intersection,Normale,Sans collision,,,,,,,,,,,1,2,1,1,7
200800032814,0008-06-05 17:55:00,8,6,5,17,55,500,416,"0, MESSENT (RUE)",,,Plein jour,En agglomération,Intersection en X,Normale,Deux véhicules - côté,,,,,,,,,,,1,2,2,1,3
200800032815,0008-06-05 22:35:00,8,6,5,22,35,500,602,"400, GOUBERT (RUE JEAN)",,,Crépuscule ou aube,En agglomération,Intersection en T,Normale,Deux véhicules - arrière,,,,,,,,,,,2,2,3,1,2
200800032816,0008-06-06 01:25:00,8,6,6,1,25,500,203,"0, MARETTES (LES)",,,Nuit avec éclairage allumé,En agglomération,Hors intersection,Normale,Autre collision,,,,,,,,,,,5,2,1,1,6
200800032817,0008-06-06 15:00:00,8,6,6,15,0,500,129,"175, PARIS (AVENUE DE)",,,Plein jour,En agglomération,Hors intersection,Normale,Trois véhicules et plus - en chaîne,,,,,,,,,,,1,2,1,1,4
200800032818,0008-06-07 02:05:00,8,6,7,2,5,500,129,FOURCHES (ROUTE DES),,,Nuit avec éclairage allumé,En agglomération,Hors intersection,Normale,Autre collision,,,,,,,,,,,5,2,1,1,6
200800032819,0008-06-10 18:10:00,8,6,10,18,10,500,602,"00, NATIONALE 13",,,Plein jour,Hors agglomération,Intersection en Y,Normale,Deux véhicules - côté,,,,,,,,,,,1,1,4,1,3
200800032820,0008-06-10 18:25:00,8,6,10,18,25,500,129,"0, AIGUILLONS (CHEMIN DE",,,Plein jour,En agglomération,Hors intersection,Normale,Autre collision,,,,,,,,,,,1,2,1,1,6
200800032821,0008-06-11 07:35:00,8,6,11,7,35,500,602,"00, SALINE (RUE DE LA)",,,Plein jour,En agglomération,Intersection en T,Normale,Deux véhicules - côté,,,,,,,,,,,1,2,3,1,3
200800032822,0008-06-12 09:55:00,8,6,12,9,55,500,173,"0, PAIX (RUE DE LA)",,,Plein jour,En agglomération,Hors intersection,Temps éblouissant,Autre collision,,,,,,,,,,,1,2,1,7,6
200800032823,0008-06-12 18:10:00,8,6,12,18,10,500,203,"00, de la Banque à Genet",,,Plein jour,En agglomération,Hors intersection,Normale,Sans collision,,,,,,,,,,,1,2,1,1,7
200800032824,0008-06-17 11:10:00,8,6,17,11,10,500,129,"0, MILLET (AVENUE JEAN-F",,,Plein jour,En agglomération,Hors intersection,Normale,Autre collision,,,,,,,,,,,1,2,1,1,6
200800032825,0008-06-18 15:20:00,8,6,18,15,20,500,129,"56, PARIS (AVENUE DE)",,,Plein jour,En agglomération,Hors intersection,Normale,Sans collision,,,,,,,,,,,1,2,1,1,7
200800032826,0008-06-23 06:30:00,8,6,23,6,30,500,129,"0, LEMONNIER (AVENUE AMI",,,Plein jour,En agglomération,Intersection en X,Temps éblouissant,Deux véhicules - arrière,,,,,,,,,,,1,2,2,7,2
200800032827,0008-06-23 16:30:00,8,6,23,16,30,500,129,"00, PROVENCE (RUE DE)",,,Plein jour,En agglomération,Hors intersection,Normale,Sans collision,,,,,,,,,,,1,2,1,1,7
200800032828,0008-06-25 16:50:00,8,6,25,16,50,500,129,"0, SCHUMAN (BOULEVARD RO",,,Plein jour,En agglomération,Hors intersection,Normale,Autre collision,,,,,,,,,,,1,2,1,1,6
200800032829,0008-06-29 18:15:00,8,6,29,18,15,500,173,"00, TOURVILLE (AVENUE DE",,,Plein jour,En agglomération,Hors intersection,Normale,Deux véhicules - côté,,,,,,,,,,,1,2,1,1,3
200800032830,0008-06-02 07:50:00,8,6,2,7,50,500,147,"75, ALSACE LORRAINE (BOU",,,Plein jour,En agglomération,Autre intersection,Pluie légère,Deux véhicules - côté,,,,,,,,,,,1,2,9,2,3
200800032831,0008-06-09 15:20:00,8,6,9,15,20,500,532,EUROPE (RUE),,,Plein jour,En agglomération,Place,Normale,Autre collision,,,,,,,,,,,1,2,7,1,6
200800032832,0008-06-11 15:40:00,8,6,11,15,40,500,218,FOCH (PLACE),,,Plein jour,En agglomération,Hors intersection,Normale,Autre collision,,,,,,,,,,,1,2,1,1,6
200800032833,0008-06-18 17:55:00,8,6,18,17,55,500,218,"56, LIBERATION (AV DE LA",,,Plein jour,En agglomération,Hors intersection,Normale,Deux véhicules - côté,,,,,,,,,,,1,2,1,1,3
200800032834,0008-06-23 14:10:00,8,6,23,14,10,500,647,GOELETTE (RUE DE LA),,,Plein jour,Hors agglomération,Hors intersection,Normale,Deux véhicules - frontale,,,,,,,,,,,1,1,1,1,1
200800032835,0008-06-09 19:05:00,8,6,9,19,5,500,502,"522, PARIS",,,Plein jour,En agglomération,Hors intersection,Normale,Autre collision,,,,,,,,,,,1,2,1,1,6
200800032836,0008-06-26 18:50:00,8,6,26,18,50,500,502,"23, TORTERON (rue)",,,Plein jour,Hors agglomération,Hors intersection,Normale,Deux véhicules - côté,,,,,,,,,,,1,1,1,1,3
200800032837,0008-06-20 17:45:00,8,6,20,17,45,510,108,"88 BIS, SEMARD (AVE PIER",,,Plein jour,En agglomération,Hors intersection,Normale,Deux véhicules - côté,,,,,,,,,,,1,2,1,1,3
200800032838,0008-06-22 04:20:00,8,6,22,4,20,510,483,RD 3,,,Nuit sans éclairage public,Hors agglomération,Hors intersection,Normale,Deux véhicules - frontale,,,,,,,,,,,3,1,1,1,1
200800032839,0008-06-27 12:10:00,8,6,27,12,10,510,108,"86, JAURES (RUE JEAN) (S",,,Plein jour,En agglomération,Hors intersection,Normale,Autre collision,,,,,,,,,,,1,2,1,1,6
200800032840,0008-06-18 20:19:00,8,6,18,20,19,510,230,"48, FOCH (AVE MARECHAL)",,,Plein jour,En agglomération,Hors intersection,Normale,Autre collision,,,,,,,,,,,1,2,1,1,6
200800032841,0008-06-21 00:25:00,8,6,21,0,25,510,663,"39, PAUL CHANDON (AVENUE",,,Nuit avec éclairage allumé,En agglomération,Intersection en X,Normale,Deux véhicules - côté,,,,,,,,,,,5,2,2,1,3
200800032842,0008-06-23 06:45:00,8,6,23,6,45,510,230,"1, BRAHMS (RUE JOHANNES)",,,Plein jour,En agglomération,Giratoire,Normale,Deux véhicules - côté,,,,,,,,,,,1,2,6,1,3
200800032843,0008-06-03 18:05:00,8,6,3,18,5,510,454,"30, SAINT BRICE (RUE)",,,Plein jour,En agglomération,Hors intersection,Temps couvert,Autre collision,,,,,,,,,,,1,2,1,8,6
200800032844,0008-06-03 19:05:00,8,6,3,19,5,510,454,", CERNAY (RUE DE ) DU N°",,,Plein jour,En agglomération,Intersection en Y,Normale,Deux véhicules - côté,,,,,,,,,,,1,2,4,1,3
200800032845,0008-06-10 13:10:00,8,6,10,13,10,510,454,"68, COURCELLES (RUE DE)",,,Plein jour,En agglomération,Hors intersection,Normale,Autre collision,,,,,,,,,,,1,2,1,1,6
200800032846,0008-06-13 19:50:00,8,6,13,19,50,510,474,BERNEX (RUE DE),,,Plein jour,En agglomération,Hors intersection,Normale,Deux véhicules - côté,,,,,,,,,,,1,2,1,1,3
200800032847,0008-06-14 16:10:00,8,6,14,16,10,510,454,"6, ROEDERER (BOULEVARD L",,,Plein jour,En agglomération,Hors intersection,Normale,Deux véhicules - côté,,,,,,,,,,,1,2,1,1,3
200800032848,0008-06-26 17:05:00,8,6,26,17,5,510,454,"29, DAUPHINOT (BOULEVARD",,,Plein jour,En agglomération,Hors intersection,Normale,Deux véhicules - frontale,,,,,,,,,,,1,2,1,1,1
200800032849,0008-06-06 17:10:00,8,6,6,17,10,520,121,"32, ETATS UNIS (AVNUE DE",,,Plein jour,En agglomération,Intersection en T,Pluie légère,Deux véhicules - côté,,,,,,,,,,,1,2,3,2,3
200800032850,0008-06-08 22:00:00,8,6,8,22,0,520,121,RN 67,,,Nuit sans éclairage public,Hors agglomération,Hors intersection,Normale,Autre collision,,,,,,,,,,,3,1,1,1,6
200800032851,0008-06-20 10:48:00,8,6,20,10,48,520,121,"0, TREFOUSSE (RUE JULES)",,,Plein jour,En agglomération,Hors intersection,Normale,Trois véhicules et plus - en chaîne,,,,,,,,,,,1,2,1,1,4
200800032852,0008-06-21 18:50:00,8,6,21,18,50,520,121,RD 619,,,Plein jour,Hors agglomération,Intersection en X,Normale,Trois véhicules et plus - collisions multiples,,,,,,,,,,,1,1,2,1,5
200800032853,0008-06-25 14:00:00,8,6,25,14,0,520,121,RD 619,,,Plein jour,Hors agglomération,Intersection en X,Normale,Deux véhicules - côté,,,,,,,,,,,1,1,2,1,3
200800032854,0008-06-06 13:50:00,8,6,6,13,50,520,121,RD 200,,,Plein jour,Hors agglomération,Autre intersection,Pluie légère,Deux véhicules - côté,,,,,,,,,,,1,1,9,2,3
200800032855,0008-06-17 07:45:00,8,6,17,7,45,520,121,RD 65 A,,,Plein jour,Hors agglomération,Intersection en T,Normale,Deux véhicules - côté,,,,,,,,,,,1,1,3,1,3
200800032856,0008-06-11 16:50:00,8,6,11,16,50,520,448,"005, Z.A.C. CHENE SAINT",,,Plein jour,Hors agglomération,Hors intersection,Normale,Deux véhicules - côté,,,,,,,,,,,1,1,1,1,3
200800032857,0008-06-15 22:20:00,8,6,15,22,20,520,448,RN 4,,,Plein jour,Hors agglomération,Hors intersection,Normale,Sans collision,,,,,,,,,,,1,1,1,1,7
200800032858,0008-06-18 18:45:00,8,6,18,18,45,520,448,", VERDUN (RUE DE)",,,Plein jour,En agglomération,Intersection en X,Normale,Autre collision,,,,,,,,,,,1,2,2,1,6
200800032859,0008-06-21 22:20:00,8,6,21,22,20,520,448,"20, MAISTRE (RUE DU GENE",,,Plein jour,En agglomération,Autre intersection,Normale,Autre collision,,,,,,,,,,,1,2,9,1,6
200800032860,0008-06-26 15:05:00,8,6,26,15,5,520,448,"1, CHENE SAINT AMAND (Z.",,,Plein jour,En agglomération,Hors intersection,Normale,Deux véhicules - arrière,,,,,,,,,,,1,2,1,1,2
200800032861,0008-06-12 13:05:00,8,6,12,13,5,530,130,", BURON ( AVENUE ROBERT",,,Plein jour,En agglomération,Intersection en T,Normale,Autre collision,,,,,,,,,,,1,2,3,1,6
200800032862,0008-06-22 04:40:00,8,6,22,4,40,530,130,"4, FRIGUET ( IMPASSE PAU",,,Nuit sans éclairage public,En agglomération,Hors intersection,Normale,Sans collision,,,,,,,,,,,3,2,1,1,7
200800032863,0008-06-22 19:00:00,8,6,22,19,0,530,130,", JOURDAN ( BOULEVARD )",,,Plein jour,En agglomération,Hors intersection,Normale,Deux véhicules - côté,,,,,,,,,,,1,2,1,1,3
200800032864,0008-06-02 10:25:00,8,6,2,10,25,540,263,137 (RD),,,Plein jour,En agglomération,Hors intersection,Normale,Autre collision,,,,,,,,,,,1,2,1,1,6
200800032865,0008-06-12 14:00:00,8,6,12,14,0,540,227,DEPARTEMENTALE 152,,,Plein jour,Hors agglomération,Hors intersection,Normale,Autre collision,,,,,,,,,,,1,1,1,1,6
200800032866,0008-06-27 19:10:00,8,6,27,19,10,540,321,MARCELIN BERTHELOT (RUE),,,Crépuscule ou aube,En agglomération,Hors intersection,Normale,Deux véhicules - frontale,,,,,,,,,,,2,2,1,1,1
200800032867,0008-06-03 09:15:00,8,6,3,9,15,540,329,"0, RUE RIVOLET",,,Plein jour,En agglomération,Intersection en T,Normale,Deux véhicules - côté,,,,,,,,,,,1,2,3,1,3
200800032868,0008-06-22 06:20:00,8,6,22,6,20,540,116,"50, NATIONALE",,,Plein jour,En agglomération,Intersection en X,Normale,Deux véhicules - frontale,,,,,,,,,,,1,2,2,1,1
200800032869,0008-06-05 16:54:00,8,6,5,16,54,540,395,"17, LECLERC (AV. DU GENE",,,Plein jour,En agglomération,Intersection en X,Pluie légère,Deux véhicules - côté,,,,,,,,,,,1,2,2,2,3
200800032870,0008-06-05 18:15:00,8,6,5,18,15,540,328,"1, GRIGNARD (RUE VICTOR)",,,Plein jour,Hors agglomération,Hors intersection,Pluie forte,Deux véhicules - frontale,,,,,,,,,,,1,1,1,3,1
200800032871,0008-06-10 21:00:00,8,6,10,21,0,540,339,"1, VAYRINGE (PONT)",,,Nuit avec éclairage allumé,En agglomération,Hors intersection,Pluie légère,Deux véhicules - frontale,,,,,,,,,,,5,2,1,2,1
200800032872,0008-06-08 21:50:00,8,6,8,21,50,540,395,"1, MON DESERT (RUE)",,,Nuit avec éclairage allumé,En agglomération,Intersection en X,Normale,Deux véhicules - frontale,,,,,,,,,,,5,2,2,1,1
200800032873,0008-06-09 13:20:00,8,6,9,13,20,540,257,"1, SONGEUR (RUE LEON)",,,Plein jour,En agglomération,Intersection en T,Normale,Deux véhicules - côté,,,,,,,,,,,1,2,3,1,3
200800032874,0008-06-11 17:30:00,8,6,11,17,30,540,482,"1, MEURTHE (ALLEE DE LA)",,,Plein jour,Hors agglomération,Hors intersection,Normale,Deux véhicules - frontale,,,,,,,,,,,1,1,1,1,1
200800032875,0008-06-11 18:30:00,8,6,11,18,30,540,395,"14, METZ (RUE DE)",,,Plein jour,En agglomération,Hors intersection,Normale,Autre collision,,,,,,,,,,,1,2,1,1,6
200800032876,0008-06-12 00:30:00,8,6,12,0,30,540,395,"1, BLANDAN (IMPASSE ET R",,,Nuit avec éclairage allumé,En agglomération,Intersection en X,Normale,Deux véhicules - côté,,,,,,,,,,,5,2,2,1,3
200800032877,0008-06-13 15:54:00,8,6,13,15,54,540,184,"1, AGINCOURT  (ROUTE RD",,,Plein jour,Hors agglomération,Hors intersection,Normale,Deux véhicules - frontale,,,,,,,,,,,1,1,1,1,1
200800032878,0008-06-14 01:30:00,8,6,14,1,30,540,184,"77, FOCH (AVENUE)",,,Nuit avec éclairage allumé,En agglomération,Hors intersection,Normale,Autre collision,,,,,,,,,,,5,2,1,1,6
200800032879,0008-06-14 05:40:00,8,6,14,5,40,540,395,"22, BOUDONVILLE (RUE DE)",,,Plein jour,En agglomération,Hors intersection,Normale,Autre collision,,,,,,,,,,,1,2,1,1,6
200800032880,0008-06-15 11:03:00,8,6,15,11,3,540,547,"1, EUROPE (BOULEVARD DE",,,Plein jour,En agglomération,Hors intersection,Pluie forte,Trois véhicules et plus - en chaîne,,,,,,,,,,,1,2,1,3,4
200800032881,0008-06-15 11:00:00,8,6,15,11,0,540,395,"1, CARNOT (PLACE)",,,Plein jour,En agglomération,Hors intersection,Normale,Deux véhicules - arrière,,,,,,,,,,,1,2,1,1,2
200800032882,0008-06-16 20:15:00,8,6,16,20,15,540,339,"1, PIXERECOURT (ROND POI",,,Plein jour,Hors agglomération,Autre intersection,Normale,Autre collision,,,,,,,,,,,1,1,9,1,6
200800032883,0008-06-18 17:35:00,8,6,18,17,35,540,395,"40, FRANCE (AVENUE ANATO",,,Plein jour,En agglomération,Hors intersection,Normale,Autre collision,,,,,,,,,,,1,2,1,1,6
200800032884,0008-06-20 15:45:00,8,6,20,15,45,540,395,MAZAGRAN (RUE),,,Plein jour,En agglomération,Intersection en T,Normale,Deux véhicules - côté,,,,,,,,,,,1,2,3,1,3
200800032885,0008-06-21 11:45:00,8,6,21,11,45,540,274,"21, HEILLECOURT (RUE D')",,,Plein jour,En agglomération,Hors intersection,Normale,Autre collision,,,,,,,,,,,1,2,1,1,6
200800032886,0008-06-23 09:20:00,8,6,23,9,20,540,526,"6, MOULIN (RUE JEAN)",,,Plein jour,En agglomération,Hors intersection,Normale,Deux véhicules - côté,,,,,,,,,,,1,2,1,1,3
200800032887,0008-06-24 19:15:00,8,6,24,19,15,540,300,RN 4,,,Plein jour,Hors agglomération,Hors intersection,Normale,Deux véhicules - arrière,,,,,,,,,,,1,1,1,1,2
200800032888,0008-06-24 13:45:00,8,6,24,13,45,540,184,"1, BRIGACHTAL (AVENUE DE",,,Plein jour,En agglomération,Giratoire,Normale,Deux véhicules - côté,,,,,,,,,,,1,2,6,1,3
200800032889,0008-06-24 18:12:00,8,6,24,18,12,540,395,"1, ALBERT 1ER  (BD)",,,Plein jour,En agglomération,Intersection en T,Normale,Deux véhicules - arrière,,,,,,,,,,,1,2,3,1,2
200800032890,0008-06-26 15:21:00,8,6,26,15,21,540,395,LECLERC (AV. DU GENERAL),,,Plein jour,En agglomération,Intersection en Y,Normale,Deux véhicules - côté,,,,,,,,,,,1,2,4,1,3
200800032891,0008-06-30 08:35:00,8,6,30,8,35,540,395,"150, LECLERC (AV. DU GEN",,,Plein jour,En agglomération,Hors intersection,Normale,Deux véhicules - arrière,,,,,,,,,,,1,2,1,1,2
200800032892,0008-06-30 17:55:00,8,6,30,17,55,540,395,"9, MON DESERT (RUE)",,,Plein jour,En agglomération,Hors intersection,Normale,Deux véhicules - arrière,,,,,,,,,,,1,2,1,1,2
200800032893,0008-06-19 10:10:00,8,6,19,10,10,540,431,ILE D'ESCH,,,Plein jour,En agglomération,Intersection en T,Normale,Deux véhicules - côté,,,,,,,,,,,1,2,3,1,3
200800032894,0008-06-06 16:55:00,8,6,6,16,55,540,528,"48, FOCH (AVENUE)",,,Plein jour,Hors agglomération,Hors intersection,Normale,Autre collision,,,,,,,,,,,1,1,1,1,6
200800032895,0008-06-16 18:30:00,8,6,16,18,30,540,528,PEPINIERE,,,Plein jour,En agglomération,Intersection en X,Normale,Deux véhicules - côté,,,,,,,,,,,1,2,2,1,3
200800032896,0008-06-26 19:35:00,8,6,26,19,35,540,528,LIBERTE,,,Plein jour,En agglomération,Intersection en T,Normale,Autre collision,,,,,,,,,,,1,2,3,1,6
200800032897,0008-06-27 16:40:00,8,6,27,16,40,540,174,"1580, DU 15EME GENIE (AV",,,Plein jour,En agglomération,Hors intersection,Normale,Autre collision,,,,,,,,,,,1,2,1,1,6
200800032898,0008-06-06 11:15:00,8,6,6,11,15,540,575,DEPARTEMENTALE 26 (ROUTE,,,Plein jour,Hors agglomération,Hors intersection,Pluie légère,Trois véhicules et plus - collisions multiples,,,,,,,,,,,1,1,1,2,5
200800032899,0008-06-30 18:44:00,8,6,30,18,44,540,149,NATIONALE 52 (ROUTE),,,Plein jour,Hors agglomération,Hors intersection,Normale,Sans collision,,,,,,,,,,,1,1,1,1,7
200800032900,0008-06-04 14:20:00,8,6,4,14,20,550,29,RD 1916 VS,,,Plein jour,Hors agglomération,Hors intersection,Normale,Autre collision,,,,,,,,,,,1,1,1,1,6
200800032901,0008-06-08 05:40:00,8,6,8,5,40,550,186,"3, BEGARENNE ( RUE DE )",,,Crépuscule ou aube,En agglomération,Hors intersection,Normale,Sans collision,,,,,,,,,,,2,2,1,1,7
200800032902,0008-06-19 18:10:00,8,6,19,18,10,550,29,LIBERATION ( AVENUE DE L,,,Plein jour,En agglomération,Hors intersection,Normale,Trois véhicules et plus - en chaîne,,,,,,,,,,,1,2,1,1,4
200800032903,0008-06-22 13:50:00,8,6,22,13,50,550,29,"4, BRADFER ( RUE ERNEST",,,Plein jour,En agglomération,Hors intersection,Normale,Deux véhicules - côté,,,,,,,,,,,1,2,1,1,3
200800032904,0008-06-26 13:20:00,8,6,26,13,20,550,29,VERDUN ( RUE DE ),,,Plein jour,En agglomération,Hors intersection,Normale,Deux véhicules - côté,,,,,,,,,,,1,2,1,1,3