accident_id,datetime,annee,mois,jour,heure,minute,departement,commune_insee,adresse,latitude,longitude,luminosite,agglomeration,intersection,meteo,collision,nb_vehicules,nb_usagers,nb_indemnes,nb_tues,nb_blesses_hosp,nb_blesses_legers,age_cond_1,age_cond_2,veh_type_cond_1,veh_type_cond_2,lum_code,agg_code,int_code,atm_code,col_code
200800032905,0008-06-04 21:35:00,8,6,4,21,35,550,545,"23, EPARGES ( AVENUE DES",,,Crépuscule ou aube,En agglomération,Hors intersection,Normale,Sans collision,,,,,,,,,,,2,2,1,1,7
200800032906,0008-06-21 19:35:00,8,6,21,19,35,550,545,LOUIS MAURY,,,Plein jour,En agglomération,Hors intersection,Normale,Sans collision,,,,,,,,,,,1,2,1,1,7
200800032907,0008-06-01 15:53:00,8,6,1,15,53,560,162,"., LE VIEUX MOULIN DU TE",,,Plein jour,En agglomération,Hors intersection,Normale,Deux véhicules - côté,,,,,,,,,,,1,2,1,1,3
200800032908,0008-06-02 18:44:00,8,6,2,18,44,560,121,"75, LANVEUR ( ET PL. DE",,,Plein jour,En agglomération,Hors intersection,Normale,Deux véhicules - arrière,,,,,,,,,,,1,2,1,1,2
200800032909,0008-06-04 14:43:00,8,6,4,14,43,560,121,"17, GUESDE (RUE  JULES )",,,Plein jour,En agglomération,Hors intersection,Normale,Autre collision,,,,,,,,,,,1,2,1,1,6
200800032910,0008-06-04 22:25:00,8,6,4,22,25,560,83,"139, JOFFRE (RUE  DU MAR",,,Nuit avec éclairage allumé,En agglomération,Hors intersection,Normale,Deux véhicules - arrière,,,,,,,,,,,5,2,1,1,2
200800032911,0008-06-04 18:40:00,8,6,4,18,40,560,121,"., MULLER ( DU COLONEL J",,,Plein jour,En agglomération,Hors intersection,Normale,Trois véhicules et plus - en chaîne,,,,,,,,,,,1,2,1,1,4
200800032912,0008-06-05 09:15:00,8,6,5,9,15,560,121,"17, NORMANDIE ( BD ET IM",,,Plein jour,En agglomération,Intersection en X,Pluie légère,Autre collision,,,,,,,,,,,1,2,2,2,6
200800032913,0008-06-08 22:50:00,8,6,8,22,50,560,98,"14, GUILLEMOT (RUE  RAYM",,,Nuit avec éclairage allumé,En agglomération,Hors intersection,Normale,Autre collision,,,,,,,,,,,5,2,1,1,6
200800032914,0008-06-09 10:50:00,8,6,9,10,50,560,121,"., KERFICHANT (RUE)",,,Plein jour,En agglomération,Intersection en T,Normale,Deux véhicules - côté,,,,,,,,,,,1,2,3,1,3
200800032915,0008-06-10 12:09:00,8,6,10,12,9,560,83,"18, CHAMP DE FOIRE (RUE",,,Plein jour,En agglomération,Hors intersection,Normale,Sans collision,,,,,,,,,,,1,2,1,1,7
200800032916,0008-06-10 14:30:00,8,6,10,14,30,560,98,"., HO CHI MINH ( AV. )",,,Plein jour,En agglomération,Intersection en X,Normale,Deux véhicules - arrière,,,,,,,,,,,1,2,2,1,2
200800032917,0008-06-10 21:50:00,8,6,10,21,50,560,98,165  (ROUTE NATIONALE),,,Crépuscule ou aube,Hors agglomération,Hors intersection,Normale,Sans collision,,,,,,,,,,,2,1,1,1,7
200800032918,0008-06-11 17:58:00,8,6,11,17,58,560,121,"56, CHAZELLES ( COURS LO",,,Plein jour,En agglomération,Intersection en X,Normale,Autre collision,,,,,,,,,,,1,2,2,1,6
200800032919,0008-06-11 18:02:00,8,6,11,18,2,560,98,"., NORMANDIE NIEMEN ( BD",,,Plein jour,En agglomération,Hors intersection,Normale,Deux véhicules - côté,,,,,,,,,,,1,2,1,1,3
200800032920,0008-06-12 16:20:00,8,6,12,16,20,560,121,"., LENINE ( AVENUE )",,,Plein jour,En agglomération,Hors intersection,Normale,Autre collision,,,,,,,,,,,1,2,1,1,6
200800032921,0008-06-14 12:39:00,8,6,14,12,39,560,162,"., ROUTE DEPARTEMENTALE",,,Plein jour,Hors agglomération,Hors intersection,Normale,Autre collision,,,,,,,,,,,1,1,1,1,6
200800032922,0008-06-17 10:00:00,8,6,17,10,0,560,121,"., ROUTE DEPARTEMENTALE",,,Plein jour,En agglomération,Hors intersection,Normale,Sans collision,,,,,,,,,,,1,2,1,1,7
200800032923,0008-06-18 15:52:00,8,6,18,15,52,560,83,"., LOCHRIST ( ROUTE DE )",,,Plein jour,En agglomération,Hors intersection,Normale,Deux véhicules - arrière,,,,,,,,,,,1,2,1,1,2
200800032924,0008-06-19 10:44:00,8,6,19,10,44,560,121,"., HENAFF ( ET IMP. JOSE",,,Plein jour,En agglomération,Hors intersection,Normale,Sans collision,,,,,,,,,,,1,2,1,1,7
200800032925,0008-06-21 06:12:00,8,6,21,6,12,560,121,"24, CHAIGNEAU (RUE)",,,Crépuscule ou aube,En agglomération,Hors intersection,Normale,Autre collision,,,,,,,,,,,2,2,1,1,6
200800032926,0008-06-21 12:56:00,8,6,21,12,56,560,83,"04, REPUBLIQUE ( AVE DE",,,Plein jour,En agglomération,Hors intersection,Normale,Sans collision,,,,,,,,,,,1,2,1,1,7
200800032927,0008-06-21 18:03:00,8,6,21,18,3,560,121,"., BIR-HAKEIM ( RD-PT )",,,Plein jour,En agglomération,Giratoire,Normale,Deux véhicules - côté,,,,,,,,,,,1,2,6,1,3
200800032928,0008-06-21 18:58:00,8,6,21,18,58,560,162,"., LANN-ER-ROCH",,,Plein jour,Hors agglomération,Intersection en T,Normale,Deux véhicules - côté,,,,,,,,,,,1,1,3,1,3
200800032929,0008-06-22 01:15:00,8,6,22,1,15,560,162,"09, CHASSEURS (RUE DES)",,,Nuit avec éclairage allumé,En agglomération,Hors intersection,Normale,Deux véhicules - frontale,,,,,,,,,,,5,2,1,1,1
200800032930,0008-06-24 10:50:00,8,6,24,10,50,560,162,"., ATLANTIQUE (RUE D')",,,Plein jour,En agglomération,Hors intersection,Normale,Sans collision,,,,,,,,,,,1,2,1,1,7
200800032931,0008-06-25 17:45:00,8,6,25,17,45,560,121,"., SCORFF ( BD DU )",,,Plein jour,En agglomération,Hors intersection,Normale,Deux véhicules - côté,,,,,,,,,,,1,2,1,1,3
200800032932,0008-06-26 10:35:00,8,6,26,10,35,560,121,"., GARE S N C F (RUE BEA",,,Plein jour,En agglomération,Hors intersection,Normale,Sans collision,,,,,,,,,,,1,2,1,1,7
200800032933,0008-06-27 09:45:00,8,6,27,9,45,560,83,"., LOCOYARNE ( R-P DE )",,,Plein jour,Hors agglomération,Hors intersection,Normale,Sans collision,,,,,,,,,,,1,1,1,1,7
200800032934,0008-06-27 22:35:00,8,6,27,22,35,560,121,"., CESAR (RUE)",,,Nuit avec éclairage allumé,En agglomération,Intersection en X,Normale,Deux véhicules - côté,,,,,,,,,,,5,2,2,1,3
200800032935,0008-06-01 11:15:00,8,6,1,11,15,560,260,"20, MONSABERT(BOULEVARD",,,Plein jour,En agglomération,Hors intersection,Temps couvert,Deux véhicules - frontale,,,,,,,,,,,1,2,1,8,1
200800032936,0008-06-03 20:40:00,8,6,3,20,40,560,260,"., JUIN(AVENUE DU MARECH",,,Plein jour,En agglomération,Hors intersection,Normale,Autre collision,,,,,,,,,,,1,2,1,1,6
200800032937,0008-06-07 06:10:00,8,6,7,6,10,560,260,"., PAIX(BLD DE LA) 1 A 3",,,Crépuscule ou aube,En agglomération,Hors intersection,Normale,Sans collision,,,,,,,,,,,2,2,1,1,7
200800032938,0008-06-13 18:00:00,8,6,13,18,0,560,260,"., COGNAC-JAY(RUE ERNEST",,,Plein jour,En agglomération,Hors intersection,Normale,Deux véhicules - frontale,,,,,,,,,,,1,2,1,1,1
200800032939,0008-06-09 18:05:00,8,6,9,18,5,560,260,"., LECLERC(RUE DU MARECH",,,Plein jour,En agglomération,Hors intersection,Normale,Deux véhicules - arrière,,,,,,,,,,,1,2,1,1,2
200800032940,0008-06-14 23:45:00,8,6,14,23,45,560,260,RN 166 -SENS RENNES / VA,,,Nuit sans éclairage public,En agglomération,Intersection en T,Normale,Deux véhicules - côté,,,,,,,,,,,3,2,3,1,3
200800032941,0008-06-25 12:45:00,8,6,25,12,45,560,260,"., PRAT(GIRATOIRE DU)",,,Plein jour,En agglomération,Giratoire,Normale,Autre collision,,,,,,,,,,,1,2,6,1,6
200800032942,0008-06-28 02:55:00,8,6,28,2,55,560,260,", HUGO(AVENUE VICTOR) 33",,,Nuit avec éclairage allumé,En agglomération,Intersection en X,Normale,Deux véhicules - arrière,,,,,,,,,,,5,2,2,1,2
200800032943,0008-06-21 21:30:00,8,6,21,21,30,560,260,"., LIBERATION(PLACE DE L",,,Nuit avec éclairage allumé,En agglomération,Intersection en X,Normale,Autre collision,,,,,,,,,,,5,2,2,1,6
200800032944,0008-06-23 08:36:00,8,6,23,8,36,560,260,"., KERANGUEN(AVENUE DE)",,,Plein jour,En agglomération,Hors intersection,Normale,Trois véhicules et plus - en chaîne,,,,,,,,,,,1,2,1,1,4
200800032945,0008-06-05 11:40:00,8,6,5,11,40,560,260,"., JUIN(AVENUE DU MARECH",,,Plein jour,En agglomération,Intersection en T,Normale,Deux véhicules - arrière,,,,,,,,,,,1,2,3,1,2
200800032946,0008-06-30 13:35:00,8,6,30,13,35,560,260,"., CHURCHILL(RUE WINSTON",,,Plein jour,En agglomération,Hors intersection,Normale,Sans collision,,,,,,,,,,,1,2,1,1,7
200800032947,0008-06-30 16:40:00,8,6,30,16,40,560,260,POMPIDOU(GIRATOIRE),,,Plein jour,En agglomération,Giratoire,Normale,Deux véhicules - côté,,,,,,,,,,,1,2,6,1,3
200800032948,0008-06-02 13:25:00,8,6,2,13,25,570,227,ROCADE NORD,,,Plein jour,Hors agglomération,Hors intersection,Normale,Sans collision,,,,,,,,,,,1,1,1,1,7
200800032949,0008-06-03 15:10:00,8,6,3,15,10,570,227,"70, BARTH (RUE FELIX )",,,Plein jour,En agglomération,Hors intersection,Temps éblouissant,Autre collision,,,,,,,,,,,1,2,1,7,6
200800032950,0008-06-03 19:20:00,8,6,3,19,20,570,240,"4, ROSSELLE (RUE DE LA)",,,Plein jour,En agglomération,Hors intersection,Normale,Deux véhicules - côté,,,,,,,,,,,1,2,1,1,3
200800032951,0008-06-10 17:55:00,8,6,10,17,55,570,19,CD8,,,Plein jour,En agglomération,Intersection en T,Normale,Deux véhicules - côté,,,,,,,,,,,1,2,3,1,3
200800032952,0008-06-17 13:45:00,8,6,17,13,45,570,491,"1, THOREZ (AVENUE MAURIC",,,Plein jour,En agglomération,Hors intersection,Normale,Autre collision,,,,,,,,,,,1,2,1,1,6
200800032953,0008-06-28 19:20:00,8,6,28,19,20,570,19,CD 112F,,,Plein jour,Hors agglomération,Hors intersection,Temps éblouissant,Autre collision,,,,,,,,,,,1,1,1,7,6
200800032954,0008-06-21 07:50:00,8,6,21,7,50,570,19,CD 47,,,Plein jour,En agglomération,Intersection en T,Normale,Sans collision,,,,,,,,,,,1,2,3,1,7
200800032955,0008-06-13 16:35:00,8,6,13,16,35,570,19,CD 112F,,,Plein jour,Hors agglomération,Hors intersection,Normale,Sans collision,,,,,,,,,,,1,1,1,1,7
200800032956,0008-06-24 13:30:00,8,6,24,13,30,570,19,CD8,,,Plein jour,Hors agglomération,Intersection en T,Normale,Deux véhicules - côté,,,,,,,,,,,1,1,3,1,3
200800032957,0008-06-01 13:50:00,8,6,1,13,50,570,447,"00, RD5b",,,Plein jour,Hors agglomération,Hors intersection,Normale,Autre collision,,,,,,,,,,,1,1,1,1,6
200800032958,0008-06-03 18:50:00,8,6,3,18,50,570,642,"00, LIBERTE (VOIE DE LA)",,,Plein jour,En agglomération,Intersection en X,Normale,Deux véhicules - côté,,,,,,,,,,,1,2,2,1,3
200800032959,0008-06-03 21:20:00,8,6,3,21,20,570,463,"00, FOCH (AVENUE )",,,Crépuscule ou aube,En agglomération,Intersection en T,Normale,Deux véhicules - frontale,,,,,,,,,,,2,2,3,1,1
200800032960,0008-06-06 05:15:00,8,6,6,5,15,570,463,"00, RANCONVAL (PONT DE )",,,Nuit avec éclairage allumé,En agglomération,Hors intersection,Normale,Sans collision,,,,,,,,,,,5,2,1,1,7
200800032961,0008-06-12 16:10:00,8,6,12,16,10,570,463,"00, FOUR DU CLOITRE (RUE",,,Plein jour,En agglomération,Hors intersection,Pluie forte,Sans collision,,,,,,,,,,,1,2,1,3,7
200800032962,0008-06-13 16:50:00,8,6,13,16,50,570,463,"00, NEY (AVENUE )",,,Plein jour,En agglomération,Hors intersection,Normale,Deux véhicules - arrière,,,,,,,,,,,1,2,1,1,2
200800032963,0008-06-14 17:30:00,8,6,14,17,30,570,751,"00, PAQUIS (RUE DU )",,,Plein jour,En agglomération,Hors intersection,Normale,Autre collision,,,,,,,,,,,1,2,1,1,6
200800032964,0008-06-15 11:55:00,8,6,15,11,55,570,49,"00, HENRI II (AVENUE )",,,Plein jour,Hors agglomération,Intersection en X,Pluie légère,Deux véhicules - frontale,,,,,,,,,,,1,1,2,2,1
200800032965,0008-06-16 18:55:00,8,6,16,18,55,570,751,VOIE ROMAINE,,,Plein jour,Hors agglomération,Hors intersection,Normale,Deux véhicules - arrière,,,,,,,,,,,1,1,1,1,2
200800032966,0008-06-22 00:45:00,8,6,22,0,45,570,463,"00, INTENDANTS JOBA (RUE",,,Nuit avec éclairage non allumé,En agglomération,Hors intersection,Normale,Deux véhicules - frontale,,,,,,,,,,,4,2,1,1,1
200800032967,0008-06-23 16:55:00,8,6,23,16,55,570,463,"79, THIONVILLE (ROUTE DE",,,Plein jour,En agglomération,Hors intersection,Normale,Deux véhicules - arrière,,,,,,,,,,,1,2,1,1,2
200800032968,0008-06-25 17:25:00,8,6,25,17,25,570,463,"00, PONT ROUGE (RUE DU )",,,Plein jour,En agglomération,Hors intersection,Normale,Deux véhicules - côté,,,,,,,,,,,1,2,1,1,3
200800032969,0008-06-25 18:20:00,8,6,25,18,20,570,463,"40, CASTELNAU (RUE )",,,Plein jour,En agglomération,Hors intersection,Normale,Deux véhicules - frontale,,,,,,,,,,,1,2,1,1,1
200800032970,0008-06-26 18:10:00,8,6,26,18,10,570,480,"00, PHILIPPE COLSON (RUE",,,Plein jour,En agglomération,Intersection en T,Normale,Deux véhicules - côté,,,,,,,,,,,1,2,3,1,3
200800032971,0008-06-27 02:50:00,8,6,27,2,50,570,463,"8, THIONVILLE (ROUTE DE",,,Nuit avec éclairage allumé,Hors agglomération,Hors intersection,Normale,Autre collision,,,,,,,,,,,5,1,1,1,6
200800032972,0008-06-27 14:40:00,8,6,27,14,40,570,463,"21, ROBERT SCHUMAN (AVEN",,,Plein jour,En agglomération,Hors intersection,Normale,Sans collision,,,,,,,,,,,1,2,1,1,7
200800032973,0008-06-28 18:35:00,8,6,28,18,35,570,463,"05, JOSEPH HENOT (RUE )",,,Plein jour,En agglomération,Hors intersection,Normale,Autre collision,,,,,,,,,,,1,2,1,1,6
200800032974,0008-06-28 21:40:00,8,6,28,21,40,570,642,"36, LESSY (ROUTE DE)",,,Plein jour,En agglomération,Hors intersection,Normale,Sans collision,,,,,,,,,,,1,2,1,1,7
200800032975,0008-06-30 19:35:00,8,6,30,19,35,570,480,"73, GENERAL FRANIATTE (R",,,Plein jour,En agglomération,Intersection en X,Normale,Deux véhicules - côté,,,,,,,,,,,1,2,2,1,3
200800032976,0008-06-02 16:50:00,8,6,2,16,50,570,630,FRANCE (AV),,,Plein jour,En agglomération,Hors intersection,Normale,Autre collision,,,,,,,,,,,1,2,1,1,6
200800032977,0008-06-12 12:35:00,8,6,12,12,35,570,566,SARREBOURG,,,Plein jour,En agglomération,Intersection en X,Normale,Deux véhicules - côté,,,,,,,,,,,1,2,2,1,3
200800032978,0008-06-21 23:20:00,8,6,21,23,20,570,344,LA FORGE,,,Nuit sans éclairage public,Hors agglomération,Hors intersection,Normale,Deux véhicules - côté,,,,,,,,,,,3,1,1,1,3
200800032979,0008-06-19 20:00:00,8,6,19,20,0,570,631,"140, FOCH (RUE DU MARECH",,,Plein jour,En agglomération,Intersection en T,Normale,Deux véhicules - côté,,,,,,,,,,,1,2,3,1,3
200800032980,0008-06-04 16:45:00,8,6,4,16,45,570,672,MARCHAL (QUAI),,,Plein jour,En agglomération,Giratoire,Normale,Deux véhicules - arrière,,,,,,,,,,,1,2,6,1,2
200800032981,0008-06-05 19:30:00,8,6,5,19,30,570,757,"1, VIEUX-BOURG (RUE DU)",,,Crépuscule ou aube,En agglomération,Giratoire,Pluie forte,Deux véhicules - côté,,,,,,,,,,,2,2,6,3,3
200800032982,0008-06-03 12:05:00,8,6,3,12,5,570,757,"68, Nations (Avenue)",,,Plein jour,En agglomération,Hors intersection,Normale,Deux véhicules - arrière,,,,,,,,,,,1,2,1,1,2
200800032983,0008-06-09 10:30:00,8,6,9,10,30,570,672,CORMONTAIGNE (RUE),,,Plein jour,En agglomération,Giratoire,Normale,Deux véhicules - côté,,,,,,,,,,,1,2,6,1,3
200800032984,0008-06-10 08:40:00,8,6,10,8,40,570,666,"72, VERDUN (ROUTE DE)",,,Plein jour,En agglomération,Hors intersection,Normale,Deux véhicules - côté,,,,,,,,,,,1,2,1,1,3
200800032985,0008-06-13 17:33:00,8,6,13,17,33,570,672,NICOLAS CRAUSER (QUAI),,,Plein jour,En agglomération,Hors intersection,Normale,Autre collision,,,,,,,,,,,1,2,1,1,6
200800032986,0008-06-14 09:10:00,8,6,14,9,10,570,221,GRAND'RUE,,,Plein jour,En agglomération,Intersection en T,Normale,Deux véhicules - côté,,,,,,,,,,,1,2,3,1,3
200800032987,0008-06-14 16:15:00,8,6,14,16,15,570,306,"31, POINCARE (RUE RAYMON",,,Plein jour,En agglomération,Hors intersection,Normale,Deux véhicules - arrière,,,,,,,,,,,1,2,1,1,2
200800032988,0008-06-17 16:55:00,8,6,17,16,55,570,221,"17, TILLEULS (AVENUE DES",,,Plein jour,En agglomération,Intersection en T,Normale,Deux véhicules - côté,,,,,,,,,,,1,2,3,1,3
200800032989,0008-06-17 13:25:00,8,6,17,13,25,570,672,"0, ROMAINS (ROUTE DES)",,,Plein jour,En agglomération,Hors intersection,Normale,Deux véhicules - côté,,,,,,,,,,,1,2,1,1,3
200800032990,0008-06-17 10:33:00,8,6,17,10,33,570,441,GARCHE (ROUTE DE),,,Plein jour,Hors agglomération,Hors intersection,Normale,Deux véhicules - frontale,,,,,,,,,,,1,1,1,1,1
200800032991,0008-06-19 16:30:00,8,6,19,16,30,570,306,METROPOLE (AVENUE DE LA),,,Plein jour,En agglomération,Intersection en X,Normale,Deux véhicules - côté,,,,,,,,,,,1,2,2,1,3
200800032992,0008-06-18 10:05:00,8,6,18,10,5,570,672,"9, TURENNE (PLACE)",,,Plein jour,En agglomération,Hors intersection,Normale,Autre collision,,,,,,,,,,,1,2,1,1,6
200800032993,0008-06-20 23:23:00,8,6,20,23,23,570,221,"195, GRAND'RUE",,,Nuit avec éclairage allumé,En agglomération,Hors intersection,Normale,Deux véhicules - côté,,,,,,,,,,,5,2,1,1,3
200800032994,0008-06-23 18:40:00,8,6,23,18,40,570,672,"6, WELVERT (RUE)",,,Plein jour,En agglomération,Hors intersection,Normale,Deux véhicules - côté,,,,,,,,,,,1,2,1,1,3
200800032995,0008-06-21 11:10:00,8,6,21,11,10,570,757,"81, Nations (Avenue)",,,Plein jour,En agglomération,Hors intersection,Normale,Deux véhicules - côté,,,,,,,,,,,1,2,1,1,3
200800032996,0008-06-27 20:00:00,8,6,27,20,0,570,306,MENDES FRANCE (RUE PIERR,,,Plein jour,En agglomération,Hors intersection,Normale,Autre collision,,,,,,,,,,,1,2,1,1,6
200800032997,0008-06-27 07:45:00,8,6,27,7,45,580,194,CHARLEVILLE,,,Plein jour,En agglomération,Hors intersection,Normale,Sans collision,,,,,,,,,,,1,2,1,1,7
200800032998,0008-06-02 20:40:00,8,6,2,20,40,580,194,"SANS, MARECHAL LECLERC",,,Plein jour,En agglomération,Hors intersection,Normale,Sans collision,,,,,,,,,,,1,2,1,1,7
200800032999,0008-06-05 15:40:00,8,6,5,15,40,580,194,HOCHE,,,Plein jour,En agglomération,Hors intersection,Pluie légère,Autre collision,,,,,,,,,,,1,2,1,2,6
200800033000,0008-06-11 16:40:00,8,6,11,16,40,580,194,"sans, LYON (FAUBOURG)",,,Plein jour,En agglomération,Hors intersection,Normale,Deux véhicules - arrière,,,,,,,,,,,1,2,1,1,2
200800033001,0008-06-07 13:05:00,8,6,7,13,5,580,194,"8bis, CHAUVELLES",,,Plein jour,En agglomération,Hors intersection,Pluie légère,Deux véhicules - côté,,,,,,,,,,,1,2,1,2,3
200800033002,0008-06-22 11:30:00,8,6,22,11,30,580,194,SAINT EXUPERY (BOULEVARD,,,Plein jour,En agglomération,Intersection en T,Normale,Deux véhicules - côté,,,,,,,,,,,1,2,3,1,3
200800033003,0008-06-21 15:20:00,8,6,21,15,20,580,194,SAINT BENIN,,,Plein jour,En agglomération,Hors intersection,Normale,Sans collision,,,,,,,,,,,1,2,1,1,7
200800033004,0008-06-24 03:20:00,8,6,24,3,20,580,194,MADEMOISELLE BOURGEOIS,,,Nuit avec éclairage allumé,En agglomération,Hors intersection,Normale,Autre collision,,,,,,,,,,,5,2,1,1,6
200800033005,0008-06-20 15:00:00,8,6,20,15,0,580,194,"sans, PIERRE DE COUBERTI",,,Plein jour,En agglomération,Hors intersection,Normale,Autre collision,,,,,,,,,,,1,2,1,1,6
200800033006,0008-06-27 16:30:00,8,6,27,16,30,580,194,"sans, MOULIN A VENT",,,Plein jour,En agglomération,Intersection en X,Normale,Deux véhicules - côté,,,,,,,,,,,1,2,2,1,3
200800033007,0008-06-24 15:20:00,8,6,24,15,20,580,194,"19, PIERRE BEREGOVOY",,,Plein jour,En agglomération,Hors intersection,Normale,Autre collision,,,,,,,,,,,1,2,1,1,6
200800033008,0008-06-08 14:20:00,8,6,8,14,20,590,24,"24, AUXERRE (RUE D')",,,Plein jour,En agglomération,Intersection en T,Normale,Deux véhicules - frontale,,,,,,,,,,,1,2,3,1,1
200800033009,0008-06-01 00:05:00,8,6,1,0,5,590,17,BLUM  (AVENUE LEON),,,Nuit avec éclairage allumé,En agglomération,Intersection en T,Pluie légère,Deux véhicules - côté,,,,,,,,,,,5,2,3,2,3
200800033010,0008-06-15 05:50:00,8,6,15,5,50,590,17,GUESDE  (PLACE JULES),,,Plein jour,En agglomération,Place,Normale,Deux véhicules - côté,,,,,,,,,,,1,2,7,1,3
200800033011,0008-06-23 07:40:00,8,6,23,7,40,590,431,EPINETTE (RUE DE L' ),,,Plein jour,Hors agglomération,Autre intersection,Normale,Deux véhicules - arrière,,,,,,,,,,,1,1,9,1,2
200800033012,0008-06-28 21:10:00,8,6,28,21,10,590,17,GUESDE  (PLACE JULES),,,Plein jour,En agglomération,Giratoire,Normale,Deux véhicules - côté,,,,,,,,,,,1,2,6,1,3
200800033013,0008-06-22 20:50:00,8,6,22,20,50,590,143,"100, MARLE (RUE DE LA )",,,Plein jour,En agglomération,Hors intersection,Normale,Autre collision,,,,,,,,,,,1,2,1,1,6
200800033014,0008-06-24 19:00:00,8,6,24,19,0,590,143,KENNEDY (RUE DU PRESIDEN,,,Plein jour,En agglomération,Intersection en X,Normale,Deux véhicules - côté,,,,,,,,,,,1,2,2,1,3
200800033015,0008-06-08 18:30:00,8,6,8,18,30,590,206,NAVES (ROUTE DE) OU DEPA,,,Plein jour,Hors agglomération,Hors intersection,Normale,Trois véhicules et plus - collisions multiples,,,,,,,,,,,1,1,1,1,5
200800033016,0008-06-12 07:25:00,8,6,12,7,25,590,122,VALENCIENNES (AVENUE DE),,,Plein jour,En agglomération,Hors intersection,Pluie légère,Deux véhicules - arrière,,,,,,,,,,,1,2,1,2,2
200800033017,0008-06-13 09:45:00,8,6,13,9,45,590,122,"40, BRIAND (PLACE ARISTI",,,Plein jour,En agglomération,Hors intersection,Normale,Autre collision,,,,,,,,,,,1,2,1,1,6
200800033018,0008-06-20 02:05:00,8,6,20,2,5,590,122,LIBERTE (BOULEVARD DE LA,,,Nuit avec éclairage allumé,En agglomération,Hors intersection,Normale,Autre collision,,,,,,,,,,,5,2,1,1,6
200800033019,0008-06-06 14:45:00,8,6,6,14,45,590,172,"., NEVE (R. PIERRE)",,,Plein jour,En agglomération,Passage à niveau,Normale,Deux véhicules - côté,,,,,,,,,,,1,2,8,1,3
200800033020,0008-06-10 18:30:00,8,6,10,18,30,590,361,"450, GUESDES (R. JULES)",,,Plein jour,En agglomération,Hors intersection,Normale,Autre collision,,,,,,,,,,,1,2,1,1,6
200800033021,0008-06-21 19:35:00,8,6,21,19,35,590,589,"., MARS 1962 (R. DU 19)",,,Plein jour,En agglomération,Hors intersection,Normale,Autre collision,,,,,,,,,,,1,2,1,1,6
200800033022,0008-06-20 09:30:00,8,6,20,9,30,590,170,D (ALLEE - LA CROIX DE P,,,Plein jour,En agglomération,Intersection en X,Normale,Deux véhicules - côté,,,,,,,,,,,1,2,2,1,3
200800033023,0008-06-10 20:35:00,8,6,10,20,35,590,165,parking Georges Besse,,,Plein jour,Hors agglomération,Autre intersection,Temps éblouissant,Deux véhicules - côté,,,,,,,,,,,1,1,9,7,3
200800033024,0008-06-03 20:35:00,8,6,3,20,35,590,183,PETITE-SYNTHE CD 940 - A,,,Plein jour,En agglomération,Intersection en X,Normale,Deux véhicules - côté,,,,,,,,,,,1,2,2,1,3
200800033025,0008-06-02 02:50:00,8,6,2,2,50,590,540,"NEANT, BLONDE",,,Nuit avec éclairage allumé,En agglomération,Autre intersection,Normale,Autre collision,,,,,,,,,,,5,2,9,1,6
200800033026,0008-06-03 17:00:00,8,6,3,17,0,590,540,"74, REPUBLIQUE",,,Plein jour,En agglomération,Autre intersection,Normale,Deux véhicules - côté,,,,,,,,,,,1,2,9,1,3
200800033027,0008-06-15 02:40:00,8,6,15,2,40,590,155,"NEANT, REPUBLIQUE - PLAC",,,Nuit avec éclairage allumé,En agglomération,Autre intersection,Normale,Autre collision,,,,,,,,,,,5,2,9,1,6
200800033028,0008-06-17 07:40:00,8,6,17,7,40,590,271,"570, CARREL ALEXIS",,,Plein jour,En agglomération,Hors intersection,Normale,Deux véhicules - arrière,,,,,,,,,,,1,2,1,1,2
200800033029,0008-06-17 16:20:00,8,6,17,16,20,590,155,HUGO VICTOR,,,Plein jour,En agglomération,Intersection en X,Normale,Deux véhicules - côté,,,,,,,,,,,1,2,2,1,3
200800033030,0008-06-19 19:10:00,8,6,19,19,10,590,271,"0000, 1ER MAI - AVENUE",,,Plein jour,En agglomération,Intersection en X,Normale,Deux véhicules - côté,,,,,,,,,,,1,2,2,1,3
200800033031,0008-06-22 01:00:00,8,6,22,1,0,590,540,"14, REPUBLIQUE",,,Nuit avec éclairage allumé,En agglomération,Autre intersection,Normale,Deux véhicules - frontale,,,,,,,,,,,5,2,9,1,1
200800033032,0008-06-24 14:00:00,8,6,24,14,0,590,540,"., BERTEAUX - PONT",,,Plein jour,En agglomération,Intersection en X,Normale,Deux véhicules - côté,,,,,,,,,,,1,2,2,1,3
200800033033,0008-06-25 21:50:00,8,6,25,21,50,590,183,"0000, REPUBLIQUE - F MIT",,,Crépuscule ou aube,En agglomération,Autre intersection,Normale,Deux véhicules - côté,,,,,,,,,,,2,2,9,1,3
200800033034,0008-06-25 19:35:00,8,6,25,19,35,590,183,"0000, BENELUX - AVENUE",,,Plein jour,En agglomération,Hors intersection,Normale,Trois véhicules et plus - collisions multiples,,,,,,,,,,,1,2,1,1,5
200800033035,0008-06-30 13:05:00,8,6,30,13,5,590,183,"., SAINTE BARBE - BOULEV",,,Plein jour,En agglomération,Hors intersection,Normale,Autre collision,,,,,,,,,,,1,2,1,1,6
200800033036,0008-06-30 15:40:00,8,6,30,15,40,590,271,"D 940, PETITE-SYNTHE - A",,,Plein jour,En agglomération,Hors intersection,Normale,Deux véhicules - côté,,,,,,,,,,,1,2,1,1,3
200800033037,0008-06-03 17:55:00,8,6,3,17,55,590,249,"14, LAFARGUE PAUL (RUE)",,,Plein jour,En agglomération,Hors intersection,Normale,Deux véhicules - côté,,,,,,,,,,,1,2,1,1,3
200800033038,0008-06-22 02:15:00,8,6,22,2,15,590,273,"134, BROSSOLETTE (RUE PI",,,Nuit avec éclairage allumé,En agglomération,Hors intersection,Normale,Autre collision,,,,,,,,,,,5,2,1,1,6