accident_id,datetime,annee,mois,jour,heure,minute,departement,commune_insee,adresse,latitude,longitude,luminosite,agglomeration,intersection,meteo,collision,nb_vehicules,nb_usagers,nb_indemnes,nb_tues,nb_blesses_hosp,nb_blesses_legers,age_cond_1,age_cond_2,veh_type_cond_1,veh_type_cond_2,lum_code,agg_code,int_code,atm_code,col_code
200800033039,0008-06-01 06:30:00,8,6,1,6,30,590,350,"00, LEBAS JEAN BAPTISTE",,,Crépuscule ou aube,En agglomération,Intersection en T,Normale,Autre collision,,,,,,,,,,,2,2,3,1,6
200800033040,0008-06-02 19:00:00,8,6,2,19,0,590,328,"195, HIPPODROME AV DE L",,,Plein jour,En agglomération,Hors intersection,Pluie légère,Trois véhicules et plus - en chaîne,,,,,,,,,,,1,2,1,2,4
200800033041,0008-06-02 19:01:00,8,6,2,19,1,590,328,"307, HIPPODROME AV DE L",,,Plein jour,En agglomération,Intersection en X,Pluie légère,Deux véhicules - côté,,,,,,,,,,,1,2,2,2,3
200800033042,0008-06-02 19:45:00,8,6,2,19,45,590,368,SAINT MAUR AVENUE,,,Plein jour,En agglomération,Hors intersection,Normale,Autre collision,,,,,,,,,,,1,2,1,1,6
200800033043,0008-06-03 09:20:00,8,6,3,9,20,590,350,"001, CORDONNIER RUE DENI",,,Plein jour,En agglomération,Intersection en Y,Normale,Trois véhicules et plus - collisions multiples,,,,,,,,,,,1,2,4,1,5
200800033044,0008-06-04 09:00:00,8,6,4,9,0,590,350,"810, DUNKERQUE AVENUE",,,Plein jour,En agglomération,Intersection en T,Normale,Autre collision,,,,,,,,,,,1,2,3,1,6
200800033045,0008-06-04 11:20:00,8,6,4,11,20,590,350,"9, SAINT BERNARD RUE",,,Plein jour,En agglomération,Intersection en T,Normale,Deux véhicules - côté,,,,,,,,,,,1,2,3,1,3
200800033046,0008-06-05 10:45:00,8,6,5,10,45,590,9,"001, PAIX RUE DE LA",,,Plein jour,En agglomération,Intersection en T,Normale,Deux véhicules - côté,,,,,,,,,,,1,2,3,1,3
200800033047,0008-06-05 12:30:00,8,6,5,12,30,590,437,"00, MONT DE TEMPLEMARS R",,,Plein jour,En agglomération,Intersection en X,Normale,Autre collision,,,,,,,,,,,1,2,2,1,6
200800033048,0008-06-05 14:51:00,8,6,5,14,51,590,350,"148, BASSEE RUE DE LA",,,Plein jour,En agglomération,Hors intersection,Normale,Deux véhicules - frontale,,,,,,,,,,,1,2,1,1,1
200800033049,0008-06-05 20:15:00,8,6,5,20,15,590,350,"5, FAURE LOUIS RUE",,,Plein jour,En agglomération,Hors intersection,Normale,Autre collision,,,,,,,,,,,1,2,1,1,6
200800033050,0008-06-06 07:40:00,8,6,6,7,40,590,378,"001, SAINT SAENS CAMILLE",,,Plein jour,En agglomération,Intersection en X,Pluie légère,Deux véhicules - côté,,,,,,,,,,,1,2,2,2,3
200800033051,0008-06-06 10:40:00,8,6,6,10,40,590,350,FAUBOURG DES POSTES RUE,,,Plein jour,En agglomération,Intersection en X,Pluie forte,Deux véhicules - côté,,,,,,,,,,,1,2,2,3,3
200800033052,0008-06-05 19:00:00,8,6,5,19,0,590,507,"07, MARNE AVENUE DE LA",,,Plein jour,En agglomération,Hors intersection,Pluie légère,Autre collision,,,,,,,,,,,1,2,1,2,6
200800033053,0008-06-07 16:40:00,8,6,7,16,40,590,9,"00, MONS BOULEVARD DE",,,Plein jour,En agglomération,Hors intersection,Normale,Autre collision,,,,,,,,,,,1,2,1,1,6
200800033054,0008-06-07 20:50:00,8,6,7,20,50,590,350,"188, POSTES RUE N° RESTE",,,Crépuscule ou aube,En agglomération,Intersection en T,Normale,Autre collision,,,,,,,,,,,2,2,3,1,6
200800033055,0008-06-08 17:00:00,8,6,8,17,0,590,9,OUEST BOULEVARD DE L,,,Plein jour,En agglomération,Intersection en X,Normale,Autre collision,,,,,,,,,,,1,2,2,1,6
200800033056,0008-06-08 20:15:00,8,6,8,20,15,590,9,COMICES RUE DES,,,Plein jour,En agglomération,Hors intersection,Normale,Autre collision,,,,,,,,,,,1,2,1,1,6
200800033057,0008-06-09 17:10:00,8,6,9,17,10,590,9,"06, GOUNOD CHARLES RUE",,,Plein jour,En agglomération,Hors intersection,Normale,Autre collision,,,,,,,,,,,1,2,1,1,6
200800033058,0008-06-09 17:40:00,8,6,9,17,40,590,350,ARCOLE RUE D,,,Plein jour,En agglomération,Intersection en X,Normale,Autre collision,,,,,,,,,,,1,2,2,1,6
200800033059,0008-06-09 17:40:00,8,6,9,17,40,590,9,TOURNAI BOULEVARD DE,,,Plein jour,En agglomération,Intersection en X,Normale,Autre collision,,,,,,,,,,,1,2,2,1,6
200800033060,0008-06-10 13:05:00,8,6,10,13,5,590,350,"1, STRASBOURG BOULEVARD",,,Plein jour,Hors agglomération,Autre intersection,Normale,Autre collision,,,,,,,,,,,1,1,9,1,6
200800033061,0008-06-10 14:10:00,8,6,10,14,10,590,9,"116, JAURES JEAN RUE",,,Plein jour,En agglomération,Hors intersection,Normale,Deux véhicules - côté,,,,,,,,,,,1,2,1,1,3
200800033062,0008-06-10 17:35:00,8,6,10,17,35,590,378,"00, COLLEGE RUE DU",,,Plein jour,En agglomération,Intersection en X,Normale,Autre collision,,,,,,,,,,,1,2,2,1,6
200800033063,0008-06-11 08:00:00,8,6,11,8,0,590,378,"001, MARNE AVENUE DE LA",,,Plein jour,En agglomération,Hors intersection,Normale,Deux véhicules - côté,,,,,,,,,,,1,2,1,1,3
200800033064,0008-06-11 09:15:00,8,6,11,9,15,590,636,"25, OBERT RUE",,,Plein jour,En agglomération,Hors intersection,Normale,Deux véhicules - côté,,,,,,,,,,,1,2,1,1,3
200800033065,0008-06-11 16:18:00,8,6,11,16,18,590,350,FAUBOURG DE ROUBAIX RUE,,,Plein jour,En agglomération,Hors intersection,Normale,Deux véhicules - arrière,,,,,,,,,,,1,2,1,1,2
200800033066,0008-06-11 18:30:00,8,6,11,18,30,590,350,"22, HUGO VICTOR  BVD N°2",,,Plein jour,En agglomération,Intersection en T,Normale,Autre collision,,,,,,,,,,,1,2,3,1,6
200800033067,0008-06-11 18:45:00,8,6,11,18,45,590,9,"25, COUTUME RUE DE LA",,,Plein jour,En agglomération,Hors intersection,Normale,Deux véhicules - côté,,,,,,,,,,,1,2,1,1,3
200800033068,0008-06-10 12:40:00,8,6,10,12,40,590,9,BIZET GEORGES BOULEVARD,,,Plein jour,En agglomération,Intersection en X,Normale,Deux véhicules - côté,,,,,,,,,,,1,2,2,1,3
200800033069,0008-06-12 10:45:00,8,6,12,10,45,590,350,"172, FAUBOURG DE ROUBAIX",,,Plein jour,En agglomération,Hors intersection,Pluie légère,Autre collision,,,,,,,,,,,1,2,1,2,6
200800033070,0008-06-12 08:20:00,8,6,12,8,20,590,636,"001, YPRES RUE D",,,Plein jour,En agglomération,Hors intersection,Pluie forte,Autre collision,,,,,,,,,,,1,2,1,3,6
200800033071,0008-06-12 11:50:00,8,6,12,11,50,590,9,"001, BREUCQ BOULEVARD DU",,,Plein jour,En agglomération,Intersection en X,Normale,Deux véhicules - côté,,,,,,,,,,,1,2,2,1,3
200800033072,0008-06-12 14:00:00,8,6,12,14,0,590,286,"001, LOSTES RUE DES",,,Plein jour,En agglomération,Intersection en Y,Normale,Deux véhicules - côté,,,,,,,,,,,1,2,4,1,3
200800033073,0008-06-05 08:30:00,8,6,5,8,30,590,350,"291B, DUNKERQUE AVENUE",,,Plein jour,En agglomération,Hors intersection,Normale,Autre collision,,,,,,,,,,,1,2,1,1,6
200800033074,0008-06-13 08:10:00,8,6,13,8,10,590,368,SAINT MAUR AVENUE,,,Plein jour,En agglomération,Intersection en X,Normale,Deux véhicules - côté,,,,,,,,,,,1,2,2,1,3
200800033075,0008-06-13 16:00:00,8,6,13,16,0,590,350,"85, MONTEBELLO BOULEVARD",,,Plein jour,En agglomération,Intersection en T,Normale,Deux véhicules - côté,,,,,,,,,,,1,2,3,1,3
200800033076,0008-06-13 22:40:00,8,6,13,22,40,590,350,"18, MOULINS PAVE DU",,,Nuit avec éclairage non allumé,En agglomération,Hors intersection,Normale,Autre collision,,,,,,,,,,,4,2,1,1,6
200800033077,0008-06-14 19:35:00,8,6,14,19,35,590,220,"211, LECLERC RUE DU GAL",,,Plein jour,En agglomération,Hors intersection,Normale,Deux véhicules - frontale,,,,,,,,,,,1,2,1,1,1
200800033078,0008-06-15 04:15:00,8,6,15,4,15,590,350,"17, PEUPLE BELGE AVENUE",,,Nuit avec éclairage allumé,En agglomération,Hors intersection,Normale,Sans collision,,,,,,,,,,,5,2,1,1,7
200800033079,0008-06-16 11:40:00,8,6,16,11,40,590,609,"4, SECLIN RUE DE",,,Plein jour,En agglomération,Hors intersection,Normale,Autre collision,,,,,,,,,,,1,2,1,1,6
200800033080,0008-06-16 17:20:00,8,6,16,17,20,590,350,"41, FAUBOURG DE VALENCIE",,,Plein jour,En agglomération,Hors intersection,Normale,Autre collision,,,,,,,,,,,1,2,1,1,6
200800033081,0008-06-16 08:45:00,8,6,16,8,45,590,328,BOIS RUE DU,,,Plein jour,En agglomération,Hors intersection,Normale,Deux véhicules - arrière,,,,,,,,,,,1,2,1,1,2
200800033082,0008-06-17 07:30:00,8,6,17,7,30,590,636,BONDUES RUE DE,,,Plein jour,En agglomération,Hors intersection,Normale,Sans collision,,,,,,,,,,,1,2,1,1,7
200800033083,0008-06-14 06:00:00,8,6,14,6,0,590,350,CHAUDE RIVIERE RUE DE,,,Plein jour,En agglomération,Hors intersection,Normale,Deux véhicules - frontale,,,,,,,,,,,1,2,1,1,1
200800033084,0008-06-17 17:45:00,8,6,17,17,45,590,350,SANS PEUR RUE JEAN N°1A6,,,Plein jour,En agglomération,Hors intersection,Normale,Deux véhicules - côté,,,,,,,,,,,1,2,1,1,3
200800033085,0008-06-18 14:00:00,8,6,18,14,0,590,350,DE DAMPIERRE GUY PLACE,,,Plein jour,En agglomération,Hors intersection,Normale,Deux véhicules - côté,,,,,,,,,,,1,2,1,1,3
200800033086,0008-06-18 22:15:00,8,6,18,22,15,590,350,"09, TURENNE RUE",,,Nuit avec éclairage allumé,En agglomération,Hors intersection,Normale,Autre collision,,,,,,,,,,,5,2,1,1,6
200800033087,0008-06-19 16:40:00,8,6,19,16,40,590,350,"001, TURENNE RUE",,,Plein jour,En agglomération,Intersection en Y,Normale,Autre collision,,,,,,,,,,,1,2,4,1,6
200800033088,0008-06-21 22:00:00,8,6,21,22,0,590,350,"138, SOLFERINO RUE N°110",,,Nuit avec éclairage allumé,En agglomération,Hors intersection,Normale,Autre collision,,,,,,,,,,,5,2,1,1,6
200800033089,0008-06-21 18:40:00,8,6,21,18,40,590,527,"203, LECLERC RUE DU GENE",,,Plein jour,En agglomération,Intersection en Y,Normale,Deux véhicules - côté,,,,,,,,,,,1,2,4,1,3
200800033090,0008-06-20 18:15:00,8,6,20,18,15,590,360,"0, AVINEE EUGENE AVENUE",,,Plein jour,En agglomération,Intersection en T,Normale,Sans collision,,,,,,,,,,,1,2,3,1,7
200800033091,0008-06-22 11:40:00,8,6,22,11,40,590,360,BARBUSSE HENRI RUE,,,Plein jour,En agglomération,Intersection en X,Normale,Deux véhicules - côté,,,,,,,,,,,1,2,2,1,3
200800033092,0008-06-21 14:20:00,8,6,21,14,20,590,9,CIMAISE RUE DE LA,,,Plein jour,En agglomération,Hors intersection,Normale,Autre collision,,,,,,,,,,,1,2,1,1,6
200800033093,0008-06-23 21:40:00,8,6,23,21,40,590,196,"07, VALLEE RUE DE LA",,,Plein jour,En agglomération,Hors intersection,Normale,Autre collision,,,,,,,,,,,1,2,1,1,6
200800033094,0008-06-23 16:05:00,8,6,23,16,5,590,9,LA FONTAINE RUE,,,Plein jour,En agglomération,Hors intersection,Normale,Autre collision,,,,,,,,,,,1,2,1,1,6
200800033095,0008-06-23 13:45:00,8,6,23,13,45,590,378,REPUBLIQUE AV DE LA ( N°,,,Plein jour,En agglomération,Hors intersection,Normale,Trois véhicules et plus - en chaîne,,,,,,,,,,,1,2,1,1,4
200800033096,0008-06-24 11:45:00,8,6,24,11,45,590,360,"001, REPUBLIQUE BOULEVAR",,,Plein jour,En agglomération,Hors intersection,Normale,Autre collision,,,,,,,,,,,1,2,1,1,6
200800033097,0008-06-24 15:10:00,8,6,24,15,10,590,350,"47, BLANCHE RUE",,,Plein jour,En agglomération,Intersection en X,Normale,Deux véhicules - côté,,,,,,,,,,,1,2,2,1,3
200800033098,0008-06-25 22:50:00,8,6,25,22,50,590,507,FOCH RUE DU MARECHAL,,,Nuit avec éclairage allumé,En agglomération,Intersection en X,Normale,Deux véhicules - arrière,,,,,,,,,,,5,2,2,1,2
200800033099,0008-06-25 19:30:00,8,6,25,19,30,590,368,DE GAULLE RUE DU GENERAL,,,Plein jour,En agglomération,Hors intersection,Normale,Autre collision,,,,,,,,,,,1,2,1,1,6
200800033100,0008-06-26 08:50:00,8,6,26,8,50,590,378,"123, NATIONALE RUE",,,Plein jour,En agglomération,Hors intersection,Normale,Autre collision,,,,,,,,,,,1,2,1,1,6
200800033101,0008-06-26 11:30:00,8,6,26,11,30,590,527,LILLE RUE DE N°44 A 104-,,,Plein jour,En agglomération,Giratoire,Normale,Autre collision,,,,,,,,,,,1,2,6,1,6
200800033102,0008-06-27 08:20:00,8,6,27,8,20,590,368,MAILLOTTE JEANNE RUE,,,Plein jour,En agglomération,Intersection en T,Normale,Autre collision,,,,,,,,,,,1,2,3,1,6
200800033103,0008-06-27 08:45:00,8,6,27,8,45,590,360,"001, SALVADOR ALLENDE",,,Plein jour,En agglomération,Intersection en X,Pluie forte,Deux véhicules - côté,,,,,,,,,,,1,2,2,3,3
200800033104,0008-06-27 17:00:00,8,6,27,17,0,590,350,"280, LEGRAND PIERRE RUE",,,Plein jour,En agglomération,Hors intersection,Normale,Autre collision,,,,,,,,,,,1,2,1,1,6
200800033105,0008-06-27 17:40:00,8,6,27,17,40,590,378,MENIN RUE DE,,,Plein jour,En agglomération,Hors intersection,Normale,Sans collision,,,,,,,,,,,1,2,1,1,7
200800033106,0008-06-28 16:55:00,8,6,28,16,55,590,9,BOIS AVENUE DU PONT DE,,,Plein jour,En agglomération,Hors intersection,Normale,Autre collision,,,,,,,,,,,1,2,1,1,6
200800033107,0008-06-28 17:00:00,8,6,28,17,0,590,350,PAINLEVE PAUL BOULEVARD,,,Plein jour,En agglomération,Hors intersection,Normale,Deux véhicules - côté,,,,,,,,,,,1,2,1,1,3
200800033108,0008-06-28 20:35:00,8,6,28,20,35,590,350,ALSACE BOULEVARD D,,,Plein jour,En agglomération,Intersection en T,Normale,Deux véhicules - côté,,,,,,,,,,,1,2,3,1,3
200800033109,0008-06-29 15:20:00,8,6,29,15,20,590,350,"001, VERDUN BVD N°  REST",,,Plein jour,En agglomération,Hors intersection,Normale,Deux véhicules - côté,,,,,,,,,,,1,2,1,1,3
200800033110,0008-06-29 17:30:00,8,6,29,17,30,590,350,"27, JAURES JEAN RUE",,,Plein jour,Hors agglomération,Hors intersection,Normale,Autre collision,,,,,,,,,,,1,1,1,1,6
200800033111,0008-06-30 17:15:00,8,6,30,17,15,590,560,R.D. 549,,,Plein jour,En agglomération,Hors intersection,Normale,Autre collision,,,,,,,,,,,1,2,1,1,6
200800033112,0008-06-30 21:00:00,8,6,30,21,0,590,195,FUSILLES RUE DES,,,Nuit avec éclairage allumé,En agglomération,Intersection en T,Normale,Deux véhicules - côté,,,,,,,,,,,5,2,3,1,3
200800033113,0008-06-19 20:30:00,8,6,19,20,30,590,247,"35, PRINCIPALE RUE",,,Plein jour,En agglomération,Hors intersection,Normale,Sans collision,,,,,,,,,,,1,2,1,1,7
200800033114,0008-06-01 18:16:00,8,6,1,18,16,590,392,"329, HAUTMONT (RUE D')",,,Plein jour,En agglomération,Hors intersection,Normale,Sans collision,,,,,,,,,,,1,2,1,1,7
200800033115,0008-06-05 20:05:00,8,6,5,20,5,590,291,GAMBETTA (RUE),,,Plein jour,En agglomération,Intersection en T,Pluie légère,Deux véhicules - côté,,,,,,,,,,,1,2,3,2,3
200800033116,0008-06-05 22:30:00,8,6,5,22,30,590,392,"395, FEIGNIES (ROUTE DE)",,,Nuit avec éclairage allumé,Hors agglomération,Intersection en T,Pluie légère,Deux véhicules - côté,,,,,,,,,,,5,1,3,2,3
200800033117,0008-06-17 12:40:00,8,6,17,12,40,590,392,JOSEPH CUGNOT (AVENUE),,,Plein jour,En agglomération,Hors intersection,Normale,Deux véhicules - frontale,,,,,,,,,,,1,2,1,1,1
200800033118,0008-06-02 20:25:00,8,6,2,20,25,590,291,"67, MARECHAL LECLERC (AV",,,Plein jour,En agglomération,Intersection en X,Normale,Deux véhicules - côté,,,,,,,,,,,1,2,2,1,3
200800033119,0008-06-10 18:30:00,8,6,10,18,30,590,291,"261, LANDRECIES (ROUTE D",,,Plein jour,En agglomération,Hors intersection,Normale,Trois véhicules et plus - en chaîne,,,,,,,,,,,1,2,1,1,4
200800033120,0008-06-20 16:40:00,8,6,20,16,40,590,230,"18, ALPHONSE SPLINGARD (",,,Plein jour,En agglomération,Hors intersection,Normale,Sans collision,,,,,,,,,,,1,2,1,1,7
200800033121,0008-06-05 09:00:00,8,6,5,9,0,590,512,DELORY  (AVENUE GUSTAVE),,,Plein jour,En agglomération,Intersection en X,Normale,Deux véhicules - côté,,,,,,,,,,,1,2,2,1,3
200800033122,0008-06-05 11:05:00,8,6,5,11,5,590,163,FLANDRE (AVENUE DE),,,Plein jour,En agglomération,Hors intersection,Normale,Sans collision,,,,,,,,,,,1,2,1,1,7
200800033123,0008-06-03 17:15:00,8,6,3,17,15,590,163,JAURES (RUE JEAN),,,Plein jour,Hors agglomération,Hors intersection,Pluie légère,Autre collision,,,,,,,,,,,1,1,1,2,6
200800033124,0008-06-04 13:45:00,8,6,4,13,45,590,512,NATIONS UNIES (AVENUE DE,,,Plein jour,Hors agglomération,Intersection en X,Normale,Autre collision,,,,,,,,,,,1,1,2,1,6
200800033125,0008-06-05 20:05:00,8,6,5,20,5,590,512,ARTS  (RUE DES),,,Plein jour,Hors agglomération,Intersection en X,Temps couvert,Deux véhicules - côté,,,,,,,,,,,1,1,2,8,3
200800033126,0008-06-08 18:00:00,8,6,8,18,0,590,512,HUGO (RUE VICTOR),,,Plein jour,Hors agglomération,Intersection en X,Normale,Deux véhicules - côté,,,,,,,,,,,1,1,2,1,3
200800033127,0008-06-05 10:10:00,8,6,5,10,10,590,512,DELORY  (AVENUE GUSTAVE),,,Plein jour,En agglomération,Intersection en T,Normale,Deux véhicules - côté,,,,,,,,,,,1,2,3,1,3
200800033128,0008-06-09 23:50:00,8,6,9,23,50,590,512,DE ROUBAIX (RUE PIERRE),,,Nuit avec éclairage allumé,En agglomération,Hors intersection,Normale,Deux véhicules - arrière,,,,,,,,,,,5,2,1,1,2
200800033129,0008-06-11 20:45:00,8,6,11,20,45,590,512,MOULIN (RUE JEAN),,,Plein jour,Hors agglomération,Intersection en X,Normale,Deux véhicules - côté,,,,,,,,,,,1,1,2,1,3
200800033130,0008-06-18 19:45:00,8,6,18,19,45,590,512,BOULOGNE (QUAI DE),,,Plein jour,Hors agglomération,Intersection en X,Normale,Deux véhicules - côté,,,,,,,,,,,1,1,2,1,3
200800033131,0008-06-07 20:05:00,8,6,7,20,5,590,512,ARTS  (RUE DES),,,Plein jour,Hors agglomération,Intersection en X,Temps couvert,Deux véhicules - côté,,,,,,,,,,,1,1,2,8,3
200800033132,0008-06-12 19:50:00,8,6,12,19,50,590,299,DE GAULLE (AVENUE CHARLE,,,Plein jour,Hors agglomération,Intersection en X,Normale,Deux véhicules - côté,,,,,,,,,,,1,1,2,1,3
200800033133,0008-06-13 12:00:00,8,6,13,12,0,590,512,VOLTAIRE (RUE),,,Plein jour,En agglomération,Intersection en X,Normale,Trois véhicules et plus - collisions multiples,,,,,,,,,,,1,2,2,1,5
200800033134,0008-06-12 08:25:00,8,6,12,8,25,590,512,LAFAYETTE (RUE),,,Plein jour,Hors agglomération,Hors intersection,Pluie forte,Autre collision,,,,,,,,,,,1,1,1,3,6
200800033135,0008-06-13 17:30:00,8,6,13,17,30,590,650,BOUTILLERIE (RUE DE LA),,,Plein jour,Hors agglomération,Intersection en T,Normale,Deux véhicules - côté,,,,,,,,,,,1,1,3,1,3
200800033136,0008-06-13 20:00:00,8,6,13,20,0,590,598,VERDUN (RUE DE),,,Plein jour,Hors agglomération,Intersection en T,Normale,Deux véhicules - frontale,,,,,,,,,,,1,1,3,1,1
200800033137,0008-06-13 10:15:00,8,6,13,10,15,590,512,CD 6,,,Plein jour,Hors agglomération,Hors intersection,Normale,Trois véhicules et plus - en chaîne,,,,,,,,,,,1,1,1,1,4
200800033138,0008-06-15 14:10:00,8,6,15,14,10,590,163,FLANDRE (RESIDENCE),,,Plein jour,Hors agglomération,Intersection en T,Pluie forte,Deux véhicules - arrière,,,,,,,,,,,1,1,3,3,2
200800033139,0008-06-16 12:35:00,8,6,16,12,35,590,646,GRAND COTTIGNIES (AVENUE,,,Plein jour,Hors agglomération,Giratoire,Normale,Deux véhicules - arrière,,,,,,,,,,,1,1,6,1,2
200800033140,0008-06-18 16:30:00,8,6,18,16,30,590,512,BARBIEUX  (RUE DE),,,Plein jour,En agglomération,Hors intersection,Normale,Deux véhicules - arrière,,,,,,,,,,,1,2,1,1,2
200800033141,0008-06-16 18:15:00,8,6,16,18,15,590,339,CD 700,,,Plein jour,Hors agglomération,Hors intersection,Normale,Deux véhicules - arrière,,,,,,,,,,,1,1,1,1,2
200800033142,0008-06-16 09:00:00,8,6,16,9,0,590,512,SALENGRO (AVENUE ROGER),,,Plein jour,Hors agglomération,Intersection en X,Normale,Deux véhicules - côté,,,,,,,,,,,1,1,2,1,3
200800033143,0008-06-17 18:50:00,8,6,17,18,50,590,512,ALSACE (AVENUE D'),,,Plein jour,Hors agglomération,Intersection en X,Normale,Deux véhicules - côté,,,,,,,,,,,1,1,2,1,3
200800033144,0008-06-15 10:30:00,8,6,15,10,30,590,512,DELORY  (AVENUE GUSTAVE),,,Plein jour,En agglomération,Intersection en T,Normale,Sans collision,,,,,,,,,,,1,2,3,1,7
200800033145,0008-06-27 16:00:00,8,6,27,16,0,590,163,RIEZ (RUE DU),,,Plein jour,Hors agglomération,Intersection en X,Normale,Deux véhicules - côté,,,,,,,,,,,1,1,2,1,3
200800033146,0008-06-21 10:00:00,8,6,21,10,0,590,650,GUESDE (RUE JULES),,,Plein jour,Hors agglomération,Hors intersection,Temps couvert,Autre collision,,,,,,,,,,,1,1,1,8,6
200800033147,0008-06-21 18:15:00,8,6,21,18,15,590,650,BAILLERIE (RUE DE LA),,,Plein jour,Hors agglomération,Intersection en T,Normale,Deux véhicules - frontale,,,,,,,,,,,1,1,3,1,1
200800033148,0008-06-21 23:40:00,8,6,21,23,40,590,512,AVELGHEM (RUE D'),,,Nuit avec éclairage allumé,Hors agglomération,Hors intersection,Normale,Autre collision,,,,,,,,,,,5,1,1,1,6
200800033149,0008-06-23 06:55:00,8,6,23,6,55,590,512,DELORY  (AVENUE GUSTAVE),,,Plein jour,En agglomération,Intersection en Y,Normale,Deux véhicules - arrière,,,,,,,,,,,1,2,4,1,2
200800033150,0008-06-23 17:45:00,8,6,23,17,45,590,646,MARNE (AVENUE DE LA),,,Plein jour,Hors agglomération,Hors intersection,Normale,Deux véhicules - frontale,,,,,,,,,,,1,1,1,1,1
200800033151,0008-06-23 16:50:00,8,6,23,16,50,590,512,DE ROUBAIX (RUE PIERRE),,,Plein jour,En agglomération,Hors intersection,Normale,Autre collision,,,,,,,,,,,1,2,1,1,6
200800033152,0008-06-19 13:00:00,8,6,19,13,0,590,512,DAUBENTON (RUE),,,Plein jour,Hors agglomération,Intersection en X,Normale,Deux véhicules - côté,,,,,,,,,,,1,1,2,1,3
200800033153,0008-06-20 09:55:00,8,6,20,9,55,590,650,FAURE (RUE GABRIEL),,,Plein jour,Hors agglomération,Intersection en X,Normale,Autre collision,,,,,,,,,,,1,1,2,1,6
200800033154,0008-06-18 16:25:00,8,6,18,16,25,590,646,JOVENAUX (RUE HENRI),,,Plein jour,Hors agglomération,Intersection en T,Normale,Autre collision,,,,,,,,,,,1,1,3,1,6
200800033155,0008-06-18 15:00:00,8,6,18,15,0,590,512,LEBON (RUE PHILIPPE),,,Plein jour,Hors agglomération,Hors intersection,Normale,Autre collision,,,,,,,,,,,1,1,1,1,6
200800033156,0008-06-29 23:10:00,8,6,29,23,10,590,650,NUNGESSER ET COLI (RUE),,,Nuit avec éclairage allumé,Hors agglomération,Hors intersection,Normale,Deux véhicules - côté,,,,,,,,,,,5,1,1,1,3
200800033157,0008-06-26 11:00:00,8,6,26,11,0,590,646,MOLINEL (RUE DU),,,Plein jour,Hors agglomération,Hors intersection,Normale,Deux véhicules - arrière,,,,,,,,,,,1,1,1,1,2
200800033158,0008-06-27 16:15:00,8,6,27,16,15,590,512,BELFORT (BOULEVARD DE),,,Plein jour,En agglomération,Intersection en T,Normale,Autre collision,,,,,,,,,,,1,2,3,1,6
200800033159,0008-06-13 17:55:00,8,6,13,17,55,590,574,ROGER SALENGRO(RUE),,,Plein jour,En agglomération,Giratoire,Normale,Deux véhicules - côté,,,,,,,,,,,1,2,6,1,3
200800033160,0008-06-22 15:30:00,8,6,22,15,30,590,456,CHEMIN CAVALIER(LIEU DIT,,,Plein jour,En agglomération,Hors intersection,Normale,Deux véhicules - frontale,,,,,,,,,,,1,2,1,1,1
200800033161,0008-06-23 16:40:00,8,6,23,16,40,590,574,"8, JULES GUESDE(PLACE)",,,Plein jour,En agglomération,Place,Normale,Autre collision,,,,,,,,,,,1,2,7,1,6
200800033162,0008-06-27 12:40:00,8,6,27,12,40,590,314,"94, JEAN DUEZ(RUE)",,,Plein jour,En agglomération,Passage à niveau,Normale,Deux véhicules - côté,,,,,,,,,,,1,2,8,1,3
200800033163,0008-06-04 16:10:00,8,6,4,16,10,590,599,PERI (RUE GABRIEL),,,Plein jour,En agglomération,Intersection en X,Normale,Autre collision,,,,,,,,,,,1,2,2,1,6
200800033164,0008-06-04 16:40:00,8,6,4,16,40,590,152,"93, GAMBETTA (RUE)",,,Plein jour,En agglomération,Intersection en X,Normale,Deux véhicules - côté,,,,,,,,,,,1,2,2,1,3
200800033165,0008-06-06 16:50:00,8,6,6,16,50,590,421,"28, MARNE (BOULEVARD DE",,,Plein jour,En agglomération,Hors intersection,Pluie légère,Deux véhicules - arrière,,,,,,,,,,,1,2,1,2,2
200800033166,0008-06-11 12:45:00,8,6,11,12,45,590,421,MARNE (BOULEVARD DE LA),,,Plein jour,En agglomération,Intersection en T,Normale,Autre collision,,,,,,,,,,,1,2,3,1,6
200800033167,0008-06-16 22:10:00,8,6,16,22,10,590,90,GAULLE (AVENUE DU GENERA,,,Crépuscule ou aube,Hors agglomération,Hors intersection,Normale,Autre collision,,,,,,,,,,,2,1,1,1,6
200800033168,0008-06-19 11:25:00,8,6,19,11,25,590,599,WATTINE (RUE CHARLES),,,Plein jour,En agglomération,Hors intersection,Normale,Deux véhicules - côté,,,,,,,,,,,1,2,1,1,3
200800033169,0008-06-21 23:20:00,8,6,21,23,20,590,599,"132, YSER (RUE DE L')",,,Nuit avec éclairage allumé,En agglomération,Hors intersection,Normale,Deux véhicules - frontale,,,,,,,,,,,5,2,1,1,1
200800033170,0008-06-26 16:45:00,8,6,26,16,45,590,426,RACCORDEMENT (VOIE DE),,,Plein jour,Hors agglomération,Intersection en T,Normale,Deux véhicules - côté,,,,,,,,,,,1,1,3,1,3
200800033171,0008-06-28 18:55:00,8,6,28,18,55,590,599,DUNKERQUE (RUE DE),,,Plein jour,En agglomération,Intersection en X,Normale,Deux véhicules - côté,,,,,,,,,,,1,2,2,1,3
200800033172,0008-06-29 22:55:00,8,6,29,22,55,590,599,"7, SASSELANGE (RUE EDOUA",,,Nuit avec éclairage allumé,En agglomération,Autre intersection,Normale,Deux véhicules - côté,,,,,,,,,,,5,2,9,1,3
200800033173,0008-06-04 14:20:00,8,6,4,14,20,590,606,"10, CARPEAUX (BOULEVARD)",,,Plein jour,En agglomération,Intersection en T,Normale,Autre collision,,,,,,,,,,,1,2,3,1,6