accident_id,datetime,annee,mois,jour,heure,minute,departement,commune_insee,adresse,latitude,longitude,luminosite,agglomeration,intersection,meteo,collision,nb_vehicules,nb_usagers,nb_indemnes,nb_tues,nb_blesses_hosp,nb_blesses_legers,age_cond_1,age_cond_2,veh_type_cond_1,veh_type_cond_2,lum_code,agg_code,int_code,atm_code,col_code
200800033174,0008-06-11 13:50:00,8,6,11,13,50,590,491,"306, DURRE (RUE HENRI)",,,Plein jour,En agglomération,Intersection en T,Pluie légère,Deux véhicules - côté,,,,,,,,,,,1,2,3,2,3
200800033175,0008-06-07 19:30:00,8,6,7,19,30,590,479,"00, POSTES (CHEMIN DES)",,,Plein jour,En agglomération,Intersection en T,Normale,Autre collision,,,,,,,,,,,1,2,3,1,6
200800033176,0008-06-25 19:30:00,8,6,25,19,30,590,606,"08, SENATEUR GIRARD (AVE",,,Plein jour,En agglomération,Hors intersection,Normale,Deux véhicules - côté,,,,,,,,,,,1,2,1,1,3
200800033177,0008-06-24 16:50:00,8,6,24,16,50,590,475,"01, EGALITE (RUE DE L')",,,Plein jour,En agglomération,Hors intersection,Normale,Autre collision,,,,,,,,,,,1,2,1,1,6
200800033178,0008-06-20 13:10:00,8,6,20,13,10,590,447,RD 935 N,,,Plein jour,Hors agglomération,Hors intersection,Normale,Deux véhicules - arrière,,,,,,,,,,,1,1,1,1,2
200800033179,0008-06-30 16:50:00,8,6,30,16,50,590,544,RD 75,,,Plein jour,Hors agglomération,Intersection en X,Normale,Deux véhicules - arrière,,,,,,,,,,,1,1,2,1,2
200800033180,0008-06-27 08:20:00,8,6,27,8,20,590,606,"189, REIMS (AVENUE DE)",,,Plein jour,En agglomération,Hors intersection,Normale,Deux véhicules - côté,,,,,,,,,,,1,2,1,1,3
200800033181,0008-06-19 13:50:00,8,6,19,13,50,590,32,"34, BREL (VILLA JACQUES)",,,Plein jour,En agglomération,Hors intersection,Normale,Autre collision,,,,,,,,,,,1,2,1,1,6
200800033182,0008-06-18 14:20:00,8,6,18,14,20,590,606,POILUS (RUE DES),,,Plein jour,En agglomération,Hors intersection,Normale,Autre collision,,,,,,,,,,,1,2,1,1,6
200800033183,0008-06-13 15:40:00,8,6,13,15,40,590,606,DAMPIERRE (AVENUE),,,Plein jour,En agglomération,Intersection en X,Normale,Deux véhicules - côté,,,,,,,,,,,1,2,2,1,3
200800033184,0008-06-05 18:10:00,8,6,5,18,10,600,57,"7, BEARN (RUE DU )",,,Plein jour,En agglomération,Hors intersection,Normale,Autre collision,,,,,,,,,,,1,2,1,1,6
200800033185,0008-06-03 19:01:00,8,6,3,19,1,600,57,"1, DESCARTES (AVENUE)",,,Plein jour,En agglomération,Hors intersection,Normale,Autre collision,,,,,,,,,,,1,2,1,1,6
200800033186,0008-06-25 17:20:00,8,6,25,17,20,600,57,"58, PARIS (RUE DE) > AVE",,,Plein jour,En agglomération,Hors intersection,Normale,Deux véhicules - frontale,,,,,,,,,,,1,2,1,1,1
200800033187,0008-06-27 02:30:00,8,6,27,2,30,600,57,CREVECOEUR  (RUE DE),,,Nuit sans éclairage public,Hors agglomération,Hors intersection,Normale,Autre collision,,,,,,,,,,,3,1,1,1,6
200800033188,0008-06-19 11:00:00,8,6,19,11,0,600,57,"1, DESCARTES (AVENUE)",,,Plein jour,En agglomération,Hors intersection,Normale,Autre collision,,,,,,,,,,,1,2,1,1,6
200800033189,0008-06-12 13:10:00,8,6,12,13,10,600,159,"60, CARNOT",,,Plein jour,En agglomération,Intersection en T,Pluie légère,Deux véhicules - côté,,,,,,,,,,,1,2,3,2,3
200800033190,0008-06-17 09:45:00,8,6,17,9,45,600,159,FOND-PERNAND (DU),,,Plein jour,Hors agglomération,Intersection en X,Normale,Deux véhicules - côté,,,,,,,,,,,1,1,2,1,3
200800033191,0008-06-19 09:25:00,8,6,19,9,25,600,159,BAYARD (CLEMENT),,,Plein jour,En agglomération,Hors intersection,Normale,Deux véhicules - côté,,,,,,,,,,,1,2,1,1,3
200800033192,0008-06-23 05:20:00,8,6,23,5,20,600,159,CURIE (AV. PIERRE ET MAR,,,Crépuscule ou aube,En agglomération,Hors intersection,Normale,Deux véhicules - arrière,,,,,,,,,,,2,2,1,1,2
200800033193,0008-06-27 09:50:00,8,6,27,9,50,600,665,"333, MARTYRS (DES)",,,Plein jour,En agglomération,Intersection en T,Normale,Deux véhicules - côté,,,,,,,,,,,1,2,3,1,3
200800033194,0008-06-11 10:55:00,8,6,11,10,55,610,1,"1, SAINT BLAISE (RUE)",,,Plein jour,En agglomération,Intersection en X,Normale,Autre collision,,,,,,,,,,,1,2,2,1,6
200800033195,0008-06-03 09:10:00,8,6,3,9,10,610,6,"aucun, CHAMPAGNE (RUE DE",,,Plein jour,En agglomération,Intersection en T,Pluie forte,Deux véhicules - côté,,,,,,,,,,,1,2,3,3,3
200800033196,0008-06-28 11:45:00,8,6,28,11,45,610,6,CHAMPAGNE (RUE DE),,,Plein jour,En agglomération,Hors intersection,Normale,Autre collision,,,,,,,,,,,1,2,1,1,6
200800033197,0008-06-01 14:20:00,8,6,1,14,20,610,218,L'OISELLERIE (CHEMIN DE),,,Plein jour,Hors agglomération,Hors intersection,Normale,Deux véhicules - frontale,,,,,,,,,,,1,1,1,1,1
200800033198,0008-06-04 13:00:00,8,6,4,13,0,610,391,"45, ANDRE LETARD (RUE)",,,Plein jour,En agglomération,Hors intersection,Normale,Deux véhicules - côté,,,,,,,,,,,1,2,1,1,3
200800033199,0008-06-12 07:50:00,8,6,12,7,50,620,263,RN 25,,,Plein jour,Hors agglomération,Hors intersection,Pluie forte,Trois véhicules et plus - collisions multiples,,,,,,,,,,,1,1,1,3,5
200800033200,0008-06-10 10:30:00,8,6,10,10,30,620,41,"18, LIBERTE ( BD DE LA )",,,Plein jour,Hors agglomération,Hors intersection,Normale,Autre collision,,,,,,,,,,,1,1,1,1,6
200800033201,0008-06-12 09:30:00,8,6,12,9,30,620,753,"0, RUE DU GENERAL DE GAU",,,Plein jour,En agglomération,Hors intersection,Pluie légère,Deux véhicules - arrière,,,,,,,,,,,1,2,1,2,2
200800033202,0008-06-15 11:20:00,8,6,15,11,20,620,48,"1, BAPAUME (DE)",,,Plein jour,En agglomération,Autre intersection,Normale,Sans collision,,,,,,,,,,,1,2,9,1,7
200800033203,0008-06-27 21:40:00,8,6,27,21,40,620,188,ROUTE DEPARTEMENTALE 183,,,Crépuscule ou aube,Hors agglomération,Hors intersection,Normale,Sans collision,,,,,,,,,,,2,1,1,1,7
200800033204,0008-06-29 22:50:00,8,6,29,22,50,620,48,"30, SORRIAUX (URIANE)",,,Nuit avec éclairage allumé,En agglomération,Autre intersection,Normale,Autre collision,,,,,,,,,,,5,2,9,1,6
200800033205,0008-06-30 16:05:00,8,6,30,16,5,620,516,ROUTE NATIONALE 43,,,Plein jour,Hors agglomération,Hors intersection,Normale,Sans collision,,,,,,,,,,,1,1,1,1,7
200800033206,0008-06-04 16:50:00,8,6,4,16,50,620,65,"13, FERRY JULES",,,Plein jour,En agglomération,Hors intersection,Normale,Autre collision,,,,,,,,,,,1,2,1,1,6
200800033207,0008-06-09 13:15:00,8,6,9,13,15,620,570,D 262,,,Plein jour,Hors agglomération,Hors intersection,Normale,Autre collision,,,,,,,,,,,1,1,1,1,6
200800033208,0008-06-13 20:36:00,8,6,13,20,36,620,65,LANNOY (RENE),,,Plein jour,En agglomération,Hors intersection,Normale,Autre collision,,,,,,,,,,,1,2,1,1,6
200800033209,0008-06-22 10:45:00,8,6,22,10,45,620,65,PERI (GABRIEL BD),,,Plein jour,En agglomération,Intersection en X,Normale,Deux véhicules - côté,,,,,,,,,,,1,2,2,1,3
200800033210,0008-06-17 17:30:00,8,6,17,17,30,620,65,"34, HEBUTERNE",,,Plein jour,En agglomération,Hors intersection,Normale,Autre collision,,,,,,,,,,,1,2,1,1,6
200800033211,0008-06-29 19:00:00,8,6,29,19,0,620,570,"33, ROLLIN (LEDRU)",,,Plein jour,En agglomération,Hors intersection,Normale,Autre collision,,,,,,,,,,,1,2,1,1,6
200800033212,0008-06-30 16:21:00,8,6,30,16,21,620,724,DE GAULLE (DU GENERAL),,,Plein jour,En agglomération,Hors intersection,Normale,Autre collision,,,,,,,,,,,1,2,1,1,6
200800033213,0008-06-17 11:45:00,8,6,17,11,45,620,108,"1, PARIS",,,Plein jour,En agglomération,Giratoire,Normale,Deux véhicules - côté,,,,,,,,,,,1,2,6,1,3
200800033214,0008-06-01 18:35:00,8,6,1,18,35,620,349,"50, MARAIS ( RUE DU )",,,Plein jour,En agglomération,Hors intersection,Normale,Autre collision,,,,,,,,,,,1,2,1,1,6
200800033215,0008-06-10 18:30:00,8,6,10,18,30,620,160,"0, LAGRANGE (Rue Léo)",,,Plein jour,En agglomération,Intersection en X,Normale,Deux véhicules - côté,,,,,,,,,,,1,2,2,1,3
200800033216,0008-06-21 17:00:00,8,6,21,17,0,620,160,"205, CHEMIN VERT (Rue du",,,Plein jour,En agglomération,Hors intersection,Normale,Autre collision,,,,,,,,,,,1,2,1,1,6
200800033217,0008-06-28 21:05:00,8,6,28,21,5,620,758,"0, DESVRES ( Rue de )",,,Plein jour,En agglomération,Hors intersection,Normale,Autre collision,,,,,,,,,,,1,2,1,1,6
200800033218,0008-06-30 18:27:00,8,6,30,18,27,620,643,"0, MASURETTES ( Rue des",,,Plein jour,En agglomération,Hors intersection,Normale,Autre collision,,,,,,,,,,,1,2,1,1,6
200800033219,0008-06-02 14:40:00,8,6,2,14,40,620,270,"0, GUESDE (RUE JULES)",,,Plein jour,En agglomération,Hors intersection,Normale,Deux véhicules - frontale,,,,,,,,,,,1,2,1,1,1
200800033220,0008-06-08 19:45:00,8,6,8,19,45,620,270,CARON (RUE DES FRERES),,,Plein jour,En agglomération,Intersection à plus de 4 branches,Normale,Deux véhicules - frontale,,,,,,,,,,,1,2,5,1,1
200800033221,0008-06-22 21:10:00,8,6,22,21,10,620,178,"280, LEROY ( ALFRED )",,,Plein jour,En agglomération,Hors intersection,Normale,Deux véhicules - frontale,,,,,,,,,,,1,2,1,1,1
200800033222,0008-06-02 17:20:00,8,6,2,17,20,620,193,TOUL (RUE DE),,,Plein jour,En agglomération,Hors intersection,Normale,Deux véhicules - côté,,,,,,,,,,,1,2,1,1,3
200800033223,0008-06-03 12:30:00,8,6,3,12,30,620,193,GARENNES (RUE DES),,,Plein jour,Hors agglomération,Hors intersection,Normale,Deux véhicules - côté,,,,,,,,,,,1,1,1,1,3
200800033224,0008-06-04 12:00:00,8,6,4,12,0,620,193,STRASBOURG (RUE DE),,,Plein jour,En agglomération,Autre intersection,Normale,Deux véhicules - arrière,,,,,,,,,,,1,2,9,1,2
200800033225,0008-06-06 18:15:00,8,6,6,18,15,620,239,KENT (BOULEVARD DU),,,Plein jour,Hors agglomération,Hors intersection,Normale,Deux véhicules - côté,,,,,,,,,,,1,1,1,1,3
200800033226,0008-06-11 08:45:00,8,6,11,8,45,620,193,ROGER SALENGRO (AVENUE),,,Plein jour,En agglomération,Hors intersection,Normale,Autre collision,,,,,,,,,,,1,2,1,1,6
200800033227,0008-06-14 19:05:00,8,6,14,19,5,620,193,TOUMANIANTZ (AVENUE. 0 A,,,Plein jour,En agglomération,Hors intersection,Normale,Autre collision,,,,,,,,,,,1,2,1,1,6
200800033228,0008-06-23 08:55:00,8,6,23,8,55,620,193,"151, LAFAYETTE (BOULEVAR",,,Plein jour,En agglomération,Hors intersection,Normale,Autre collision,,,,,,,,,,,1,2,1,1,6
200800033229,0008-06-23 07:30:00,8,6,23,7,30,620,193,CURIE (BOULEVARD),,,Plein jour,En agglomération,Hors intersection,Normale,Autre collision,,,,,,,,,,,1,2,1,1,6
200800033230,0008-06-23 20:35:00,8,6,23,20,35,620,193,ROGER SALENGRO (AVENUE),,,Crépuscule ou aube,En agglomération,Hors intersection,Normale,Autre collision,,,,,,,,,,,2,2,1,1,6
200800033231,0008-06-10 01:25:00,8,6,10,1,25,620,215,"34, MONTESQUIEU (R CHARL",,,Nuit avec éclairage allumé,En agglomération,Hors intersection,Normale,Autre collision,,,,,,,,,,,5,2,1,1,6
200800033232,0008-06-25 08:45:00,8,6,25,8,45,620,413,"10, FOUQUIERES( Rte)",,,Plein jour,En agglomération,Intersection en T,Normale,Deux véhicules - côté,,,,,,,,,,,1,2,3,1,3
200800033233,0008-06-30 17:25:00,8,6,30,17,25,620,215,"19, CONVENTION (R DE LA)",,,Plein jour,En agglomération,Hors intersection,Normale,Deux véhicules - côté,,,,,,,,,,,1,2,1,1,3
200800033234,0008-06-26 10:25:00,8,6,26,10,25,620,907,"sans, SCHUMANN (BD )",,,Plein jour,En agglomération,Hors intersection,Normale,Autre collision,,,,,,,,,,,1,2,1,1,6
200800033235,0008-06-11 17:50:00,8,6,11,17,50,620,274,"0, HENIN BEAUMONT (RTE D",,,Plein jour,Hors agglomération,Hors intersection,Normale,Deux véhicules - côté,,,,,,,,,,,1,1,1,1,3
200800033236,0008-06-14 09:40:00,8,6,14,9,40,620,624,"0, ZOLA (R EMILE)",,,Plein jour,En agglomération,Autre intersection,Normale,Deux véhicules - côté,,,,,,,,,,,1,2,9,1,3
200800033237,0008-06-18 15:40:00,8,6,18,15,40,620,249,"0, VOIE NOIRE",,,Plein jour,Hors agglomération,Autre intersection,Normale,Deux véhicules - côté,,,,,,,,,,,1,1,9,1,3
200800033238,0008-06-16 12:15:00,8,6,16,12,15,620,427,"219, ABBAYE (R DE L' )",,,Plein jour,En agglomération,Hors intersection,Normale,Autre collision,,,,,,,,,,,1,2,1,1,6
200800033239,0008-06-01 18:40:00,8,6,1,18,40,620,218,"sans, SCHAFFNER (R DU DO",,,Plein jour,En agglomération,Giratoire,Normale,Deux véhicules - côté,,,,,,,,,,,1,2,6,1,3
200800033240,0008-06-02 12:20:00,8,6,2,12,20,620,498,"41, FOSSE 12 (AV. DE LA)",,,Plein jour,En agglomération,Hors intersection,Normale,Autre collision,,,,,,,,,,,1,2,1,1,6
200800033241,0008-06-02 07:30:00,8,6,2,7,30,620,498,ALLENDE (R SALVADOR ),,,Plein jour,En agglomération,Intersection en X,Normale,Deux véhicules - arrière,,,,,,,,,,,1,2,2,1,2
200800033242,0008-06-03 12:15:00,8,6,3,12,15,620,895,"147, BODART (R JOSEPH)",,,Plein jour,En agglomération,Hors intersection,Normale,Autre collision,,,,,,,,,,,1,2,1,1,6
200800033243,0008-06-09 11:25:00,8,6,9,11,25,620,498,"14, VAN PELT (AV. ALFRED",,,Plein jour,En agglomération,Hors intersection,Normale,Autre collision,,,,,,,,,,,1,2,1,1,6
200800033244,0008-06-02 13:25:00,8,6,2,13,25,620,498,"sans, SCHUMANN (R ROBERT",,,Plein jour,En agglomération,Hors intersection,Pluie légère,Trois véhicules et plus - en chaîne,,,,,,,,,,,1,2,1,2,4
200800033245,0008-06-09 18:10:00,8,6,9,18,10,620,498,"10, SAINT EDOUARD (R)",,,Plein jour,En agglomération,Hors intersection,Normale,Autre collision,,,,,,,,,,,1,2,1,1,6
200800033246,0008-06-12 10:30:00,8,6,12,10,30,620,498,"52, BLUM (R LEON)",,,Plein jour,En agglomération,Hors intersection,Pluie légère,Autre collision,,,,,,,,,,,1,2,1,2,6
200800033247,0008-06-19 13:20:00,8,6,19,13,20,620,498,"sans, BLUM (R LEON)",,,Plein jour,En agglomération,Hors intersection,Pluie légère,Autre collision,,,,,,,,,,,1,2,1,2,6
200800033248,0008-06-01 20:10:00,8,6,1,20,10,620,32,"., SOMME (R DE LA)",,,Plein jour,En agglomération,Hors intersection,Normale,Autre collision,,,,,,,,,,,1,2,1,1,6
200800033249,0008-06-10 12:15:00,8,6,10,12,15,620,510,"., DUTEMPLE (R )",,,Plein jour,En agglomération,Intersection en X,Normale,Deux véhicules - côté,,,,,,,,,,,1,2,2,1,3
200800033250,0008-06-24 13:05:00,8,6,24,13,5,620,32,"., SALENGRO (R ROGER)",,,Plein jour,En agglomération,Giratoire,Normale,Deux véhicules - frontale,,,,,,,,,,,1,2,6,1,1
200800033251,0008-06-24 20:20:00,8,6,24,20,20,620,186,"., CONDE (R DE)",,,Plein jour,En agglomération,Hors intersection,Normale,Deux véhicules - côté,,,,,,,,,,,1,2,1,1,3
200800033252,0008-06-27 09:25:00,8,6,27,9,25,620,291,"., CD 58",,,Plein jour,Hors agglomération,Hors intersection,Normale,Autre collision,,,,,,,,,,,1,1,1,1,6
200800033253,0008-06-04 18:30:00,8,6,4,18,30,620,479,"339, PAUL VAILLANT COUTU",,,Plein jour,En agglomération,Hors intersection,Normale,Deux véhicules - côté,,,,,,,,,,,1,2,1,1,3
200800033254,0008-06-10 17:45:00,8,6,10,17,45,620,555,LABUISSIERE (CHEMIN DE ),,,Plein jour,Hors agglomération,Hors intersection,Normale,Deux véhicules - côté,,,,,,,,,,,1,1,1,1,3
200800033255,0008-06-28 16:30:00,8,6,28,16,30,620,23,MARAIS (RUE DU ),,,Plein jour,En agglomération,Hors intersection,Normale,Sans collision,,,,,,,,,,,1,2,1,1,7
200800033256,0008-06-17 16:30:00,8,6,17,16,30,620,617,"40, SAILLY (RUE DE)",,,Plein jour,En agglomération,Hors intersection,Normale,Deux véhicules - arrière,,,,,,,,,,,1,2,1,1,2
200800033257,0008-06-24 15:35:00,8,6,24,15,35,620,737,"109, NATIONALE (ROUTE) C",,,Plein jour,En agglomération,Hors intersection,Normale,Autre collision,,,,,,,,,,,1,2,1,1,6
200800033258,0008-06-03 17:25:00,8,6,3,17,25,620,40,"08, FERRY (RUE JULES....",,,Plein jour,En agglomération,Hors intersection,Normale,Autre collision,,,,,,,,,,,1,2,1,1,6
200800033259,0008-06-22 05:35:00,8,6,22,5,35,620,826,PICARDIE (AVENUE DE),,,Plein jour,En agglomération,Giratoire,Normale,Autre collision,,,,,,,,,,,1,2,6,1,6
200800033260,0008-06-01 12:10:00,8,6,1,12,10,630,75,"129, CLAUSSAT (AVENUE JO",,,Plein jour,En agglomération,Hors intersection,Normale,Autre collision,,,,,,,,,,,1,2,1,1,6
200800033261,0008-06-03 08:00:00,8,6,3,8,0,630,113,SAINT JEAN (BD),,,Plein jour,En agglomération,Hors intersection,Normale,Autre collision,,,,,,,,,,,1,2,1,1,6
200800033262,0008-06-03 10:00:00,8,6,3,10,0,630,113,"1, GIROD (RUE JOSEPH)",,,Plein jour,En agglomération,Intersection en X,Normale,Deux véhicules - côté,,,,,,,,,,,1,2,2,1,3
200800033263,0008-06-03 21:26:00,8,6,3,21,26,630,113,"., CHANCROLE (RUE DE)",,,Nuit avec éclairage allumé,En agglomération,Hors intersection,Normale,Deux véhicules - côté,,,,,,,,,,,5,2,1,1,3
200800033264,0008-06-04 18:10:00,8,6,4,18,10,630,113,"---, CHAMPRATEL (RUE DE)",,,Plein jour,En agglomération,Intersection en X,Normale,Autre collision,,,,,,,,,,,1,2,2,1,6
200800033265,0008-06-04 20:10:00,8,6,4,20,10,630,14,"39, GRAVINS (CHEMIN DES)",,,Plein jour,En agglomération,Autre intersection,Normale,Autre collision,,,,,,,,,,,1,2,9,1,6
200800033266,0008-06-04 21:10:00,8,6,4,21,10,630,113,"-, BRUGIERE (BD AMBROISE",,,Nuit avec éclairage allumé,En agglomération,Intersection en X,Normale,Autre collision,,,,,,,,,,,5,2,2,1,6
200800033267,0008-06-05 07:30:00,8,6,5,7,30,630,113,"32, DUMAS (BD J.BAPTISTE",,,Plein jour,En agglomération,Hors intersection,Temps couvert,Deux véhicules - côté,,,,,,,,,,,1,2,1,8,3
200800033268,0008-06-05 15:25:00,8,6,5,15,25,630,113,"., FLAUBERT (BD GUSTAVE)",,,Plein jour,En agglomération,Giratoire,Pluie légère,Deux véhicules - côté,,,,,,,,,,,1,2,6,2,3
200800033269,0008-06-05 17:00:00,8,6,5,17,0,630,113,"----, FLAUBERT (BD GUSTA",,,Plein jour,En agglomération,Hors intersection,Normale,Deux véhicules - arrière,,,,,,,,,,,1,2,1,1,2
200800033270,0008-06-06 11:30:00,8,6,6,11,30,630,113,PRE LA REINE (RUE DU),,,Plein jour,En agglomération,Hors intersection,Normale,Deux véhicules - frontale,,,,,,,,,,,1,2,1,1,1
200800033271,0008-06-06 11:45:00,8,6,6,11,45,630,113,"., CARNOT (AVENUE)",,,Plein jour,En agglomération,Hors intersection,Normale,Autre collision,,,,,,,,,,,1,2,1,1,6
200800033272,0008-06-06 19:45:00,8,6,6,19,45,630,113,"-, ESTAING (RUE D')",,,Plein jour,En agglomération,Intersection en X,Normale,Autre collision,,,,,,,,,,,1,2,2,1,6
200800033273,0008-06-06 21:50:00,8,6,6,21,50,630,113,"1, LAFAYETTE (BD)",,,Nuit avec éclairage allumé,En agglomération,Hors intersection,Normale,Deux véhicules - côté,,,,,,,,,,,5,2,1,1,3
200800033274,0008-06-08 12:15:00,8,6,8,12,15,630,113,"., JOUHAUX (BD LEON)",,,Plein jour,En agglomération,Intersection en X,Normale,Autre collision,,,,,,,,,,,1,2,2,1,6
200800033275,0008-06-09 18:50:00,8,6,9,18,50,630,113,"---, CHANDIOTS (RUE DES)",,,Plein jour,En agglomération,Intersection en T,Normale,Deux véhicules - arrière,,,,,,,,,,,1,2,3,1,2
200800033276,0008-06-08 20:00:00,8,6,8,20,0,630,308,"15, BARRIEU (BOULEVARD)",,,Crépuscule ou aube,En agglomération,Hors intersection,Normale,Deux véhicules - côté,,,,,,,,,,,2,2,1,1,3
200800033277,0008-06-10 13:15:00,8,6,10,13,15,630,113,"10, SABLON (COURS)",,,Plein jour,En agglomération,Hors intersection,Normale,Autre collision,,,,,,,,,,,1,2,1,1,6
200800033278,0008-06-12 13:45:00,8,6,12,13,45,630,113,"18, DELILLE (PLACE)",,,Plein jour,En agglomération,Hors intersection,Normale,Autre collision,,,,,,,,,,,1,2,1,1,6
200800033279,0008-06-13 07:15:00,8,6,13,7,15,630,113,"1, SOUS LES VIGNES (RUE)",,,Plein jour,En agglomération,Hors intersection,Normale,Autre collision,,,,,,,,,,,1,2,1,1,6
200800033280,0008-06-13 08:50:00,8,6,13,8,50,630,113,"43/45, BLUM (AVENUE LEON",,,Plein jour,En agglomération,Hors intersection,Normale,Trois véhicules et plus - en chaîne,,,,,,,,,,,1,2,1,1,4
200800033281,0008-06-14 18:00:00,8,6,14,18,0,630,113,"--, RAMOND (RUE)",,,Plein jour,En agglomération,Intersection en T,Normale,Autre collision,,,,,,,,,,,1,2,3,1,6
200800033282,0008-06-14 19:10:00,8,6,14,19,10,630,113,"-, CHANTERANNE (RUE DE)",,,Plein jour,En agglomération,Intersection en T,Normale,Deux véhicules - côté,,,,,,,,,,,1,2,3,1,3
200800033283,0008-06-16 13:30:00,8,6,16,13,30,630,113,"., BLERIOT (AVENUE LOUIS",,,Plein jour,En agglomération,Hors intersection,Normale,Autre collision,,,,,,,,,,,1,2,1,1,6
200800033284,0008-06-16 19:25:00,8,6,16,19,25,630,113,"3 BIS, BARBUSSE (RUE HEN",,,Plein jour,En agglomération,Hors intersection,Pluie forte,Autre collision,,,,,,,,,,,1,2,1,3,6
200800033285,0008-06-16 21:40:00,8,6,16,21,40,630,113,"1, LIMOUSIN (AVENUE DU)",,,Nuit avec éclairage allumé,En agglomération,Hors intersection,Temps couvert,Deux véhicules - côté,,,,,,,,,,,5,2,1,8,3
200800033286,0008-06-16 23:00:00,8,6,16,23,0,630,113,"., FRANCE (RUE ANATOLE)",,,Nuit avec éclairage allumé,En agglomération,Hors intersection,Pluie légère,Deux véhicules - arrière,,,,,,,,,,,5,2,1,2,2
200800033287,0008-06-17 18:10:00,8,6,17,18,10,630,113,"---, CHANELLES (RUE DES)",,,Plein jour,En agglomération,Intersection en T,Pluie légère,Deux véhicules - côté,,,,,,,,,,,1,2,3,2,3
200800033288,0008-06-24 08:40:00,8,6,24,8,40,630,113,"54, QUINET (BD EDGAR)",,,Plein jour,En agglomération,Autre intersection,Normale,Deux véhicules - arrière,,,,,,,,,,,1,2,9,1,2
200800033289,0008-06-19 17:40:00,8,6,19,17,40,630,113,LIBERATION (AVENUE DE LA,,,Plein jour,En agglomération,Hors intersection,Pluie légère,Autre collision,,,,,,,,,,,1,2,1,2,6
200800033290,0008-06-20 17:50:00,8,6,20,17,50,630,113,"186, ORADOU (IMPASSE DE",,,Plein jour,En agglomération,Hors intersection,Normale,Autre collision,,,,,,,,,,,1,2,1,1,6
200800033291,0008-06-22 00:40:00,8,6,22,0,40,630,113,"1, GRANDE BRETAGNE (AVEN",,,Nuit avec éclairage allumé,En agglomération,Hors intersection,Normale,Autre collision,,,,,,,,,,,5,2,1,1,6
200800033292,0008-06-23 13:10:00,8,6,23,13,10,630,113,"., CLEMENCEAU (AVENUE GE",,,Plein jour,En agglomération,Hors intersection,Normale,Autre collision,,,,,,,,,,,1,2,1,1,6
200800033293,0008-06-23 13:30:00,8,6,23,13,30,630,113,"-----, BINGEN (BD JACQUE",,,Plein jour,En agglomération,Hors intersection,Normale,Autre collision,,,,,,,,,,,1,2,1,1,6
200800033294,0008-06-24 19:15:00,8,6,24,19,15,630,75,"-, CLAUSSAT (AVENUE JOSE",,,Plein jour,En agglomération,Intersection en X,Normale,Deux véhicules - côté,,,,,,,,,,,1,2,2,1,3
200800033295,0008-06-25 00:20:00,8,6,25,0,20,630,14,"68, ROUSSILLON (AVENUE D",,,Nuit avec éclairage allumé,En agglomération,Hors intersection,Normale,Autre collision,,,,,,,,,,,5,2,1,1,6
200800033296,0008-06-25 12:20:00,8,6,25,12,20,630,113,"-, FLEURY (BD)",,,Plein jour,En agglomération,Hors intersection,Normale,Autre collision,,,,,,,,,,,1,2,1,1,6
200800033297,0008-06-25 16:50:00,8,6,25,16,50,630,14,"1, SAINT-ANTOINE (RUE)",,,Plein jour,En agglomération,Intersection en X,Normale,Autre collision,,,,,,,,,,,1,2,2,1,6
200800033298,0008-06-25 20:30:00,8,6,25,20,30,630,113,"4, DUMAS (BD J.BAPTISTE)",,,Plein jour,En agglomération,Hors intersection,Normale,Deux véhicules - arrière,,,,,,,,,,,1,2,1,1,2
200800033299,0008-06-26 18:50:00,8,6,26,18,50,630,70,"---, WILSON (AVENUE)",,,Plein jour,En agglomération,Intersection en T,Normale,Autre collision,,,,,,,,,,,1,2,3,1,6
200800033300,0008-06-27 05:00:00,8,6,27,5,0,630,113,"10, JAUDE PLACE DE)",,,Plein jour,En agglomération,Hors intersection,Normale,Autre collision,,,,,,,,,,,1,2,1,1,6
200800033301,0008-06-28 11:30:00,8,6,28,11,30,630,113,ESTAING (RUE D'),,,Plein jour,En agglomération,Hors intersection,Normale,Autre collision,,,,,,,,,,,1,2,1,1,6
200800033302,0008-06-28 15:05:00,8,6,28,15,5,630,113,"-, DIDEROT (RUE)",,,Plein jour,En agglomération,Intersection en X,Normale,Autre collision,,,,,,,,,,,1,2,2,1,6
200800033303,0008-06-28 18:50:00,8,6,28,18,50,630,113,"1, MAYER (BD DANIEL)",,,Plein jour,En agglomération,Intersection en X,Normale,Trois véhicules et plus - collisions multiples,,,,,,,,,,,1,2,2,1,5
200800033304,0008-06-29 00:25:00,8,6,29,0,25,630,113,"10, MOINIER (RUE ANDRE)",,,Nuit avec éclairage non allumé,En agglomération,Hors intersection,Normale,Autre collision,,,,,,,,,,,4,2,1,1,6
200800033305,0008-06-30 09:00:00,8,6,30,9,0,630,113,"----, MICHELIN (AVENUE E",,,Plein jour,En agglomération,Hors intersection,Normale,Trois véhicules et plus - en chaîne,,,,,,,,,,,1,2,1,1,4
200800033306,0008-06-30 19:10:00,8,6,30,19,10,630,113,"-, LAFAYETTE (BD)",,,Plein jour,En agglomération,Intersection en X,Normale,Deux véhicules - côté,,,,,,,,,,,1,2,2,1,3
200800033307,0008-06-24 12:10:00,8,6,24,12,10,630,124,"40, FOCH (AVENUE MARECHA",,,Plein jour,En agglomération,Hors intersection,Normale,Autre collision,,,,,,,,,,,1,2,1,1,6
200800033308,0008-06-24 21:30:00,8,6,24,21,30,630,193,RD 52,,,Plein jour,Hors agglomération,Autre intersection,Normale,Sans collision,,,,,,,,,,,1,1,9,1,7