accident_id,datetime,annee,mois,jour,heure,minute,departement,commune_insee,adresse,latitude,longitude,luminosite,agglomeration,intersection,meteo,collision,nb_vehicules,nb_usagers,nb_indemnes,nb_tues,nb_blesses_hosp,nb_blesses_legers,age_cond_1,age_cond_2,veh_type_cond_1,veh_type_cond_2,lum_code,agg_code,int_code,atm_code,col_code
200800033309,0008-06-19 13:15:00,8,6,19,13,15,630,113,Rue de Bourdon,,,Plein jour,Hors agglomération,Intersection en T,Normale,Sans collision,,,,,,,,,,,1,1,3,1,7
200800033310,0008-06-24 09:35:00,8,6,24,9,35,630,63,"22, BLANZAT (RUE DE)",,,Plein jour,En agglomération,Intersection en X,Normale,Autre collision,,,,,,,,,,,1,2,2,1,6
200800033311,0008-06-10 17:15:00,8,6,10,17,15,630,212,RD 446,,,Plein jour,Hors agglomération,Hors intersection,Temps couvert,Trois véhicules et plus - collisions multiples,,,,,,,,,,,1,1,1,8,5
200800033312,0008-06-26 20:55:00,8,6,26,20,55,630,300,RD 2029,,,Crépuscule ou aube,En agglomération,Hors intersection,Normale,Deux véhicules - côté,,,,,,,,,,,2,2,1,1,3
200800033313,0008-06-04 18:20:00,8,6,4,18,20,640,102,HARGOUS (CHEMIN DE),,,Plein jour,En agglomération,Intersection en T,Normale,Deux véhicules - côté,,,,,,,,,,,1,2,3,1,3
200800033314,0008-06-04 20:45:00,8,6,4,20,45,640,140,PERSE (RUE MAURICE),,,Plein jour,En agglomération,Intersection en T,Normale,Deux véhicules - côté,,,,,,,,,,,1,2,3,1,3
200800033315,0008-06-10 08:19:00,8,6,10,8,19,640,102,"124, MAUBEC (RUE)",,,Plein jour,En agglomération,Hors intersection,Temps couvert,Sans collision,,,,,,,,,,,1,2,1,8,7
200800033316,0008-06-11 08:35:00,8,6,11,8,35,640,102,"9, RESPLANDY (AVENUE DU",,,Plein jour,En agglomération,Hors intersection,Normale,Deux véhicules - frontale,,,,,,,,,,,1,2,1,1,1
200800033317,0008-06-11 07:15:00,8,6,11,7,15,640,24,"., GUYNEMER (AVENUE)",,,Plein jour,En agglomération,Hors intersection,Normale,Autre collision,,,,,,,,,,,1,2,1,1,6
200800033318,0008-06-12 18:33:00,8,6,12,18,33,640,102,"37, BASQUES (RUE DES)",,,Plein jour,En agglomération,Hors intersection,Normale,Sans collision,,,,,,,,,,,1,2,1,1,7
200800033319,0008-06-16 23:25:00,8,6,16,23,25,640,24,"75, PLAGES (BOULEVARD DE",,,Nuit avec éclairage allumé,En agglomération,Hors intersection,Normale,Autre collision,,,,,,,,,,,5,2,1,1,6
200800033320,0008-06-20 08:58:00,8,6,20,8,58,640,24,"S/N, ADOUR (AVENUE DE L'",,,Plein jour,En agglomération,Giratoire,Normale,Deux véhicules - côté,,,,,,,,,,,1,2,6,1,3
200800033321,0008-06-20 12:40:00,8,6,20,12,40,640,102,"., LASSEGUETTE (CHEMIN D",,,Plein jour,En agglomération,Intersection en X,Normale,Deux véhicules - côté,,,,,,,,,,,1,2,2,1,3
200800033322,0008-06-20 15:10:00,8,6,20,15,10,640,24,"., BAB (BOULEVARD DU)",,,Plein jour,En agglomération,Hors intersection,Normale,Autre collision,,,,,,,,,,,1,2,1,1,6
200800033323,0008-06-21 12:40:00,8,6,21,12,40,640,24,"265, ADOUR (AVENUE DE L'",,,Plein jour,En agglomération,Hors intersection,Normale,Deux véhicules - côté,,,,,,,,,,,1,2,1,1,3
200800033324,0008-06-21 21:20:00,8,6,21,21,20,640,102,"., LABOURD (PONT DU)",,,Crépuscule ou aube,En agglomération,Hors intersection,Normale,Autre collision,,,,,,,,,,,2,2,1,1,6
200800033325,0008-06-23 12:10:00,8,6,23,12,10,640,24,"., CHASSIN (RUE DE)",,,Plein jour,En agglomération,Intersection en X,Normale,Deux véhicules - côté,,,,,,,,,,,1,2,2,1,3
200800033326,0008-06-23 19:15:00,8,6,23,19,15,640,24,LABORDE (ALLEE DE FONTAI,,,Plein jour,En agglomération,Intersection en T,Normale,Deux véhicules - côté,,,,,,,,,,,1,2,3,1,3
200800033327,0008-06-25 12:30:00,8,6,25,12,30,640,24,"12, Parking BAB2 - allée",,,Plein jour,En agglomération,Hors intersection,Normale,Deux véhicules - arrière,,,,,,,,,,,1,2,1,1,2
200800033328,0008-06-25 18:59:00,8,6,25,18,59,640,24,"., BAB (BOULEVARD DU)",,,Plein jour,En agglomération,Intersection en Y,Normale,Deux véhicules - arrière,,,,,,,,,,,1,2,4,1,2
200800033329,0008-06-26 13:00:00,8,6,26,13,0,640,24,"65, BIARRITZ (AVENUE DE)",,,Plein jour,En agglomération,Hors intersection,Normale,Autre collision,,,,,,,,,,,1,2,1,1,6
200800033330,0008-06-28 09:55:00,8,6,28,9,55,640,102,"14, FOIX (AVENUE LOUIS D",,,Plein jour,En agglomération,Hors intersection,Normale,Trois véhicules et plus - collisions multiples,,,,,,,,,,,1,2,1,1,5
200800033331,0008-06-28 21:30:00,8,6,28,21,30,640,24,MARCEL DASSAULT (AVENUE),,,Plein jour,En agglomération,Hors intersection,Normale,Deux véhicules - côté,,,,,,,,,,,1,2,1,1,3
200800033332,0008-06-28 21:35:00,8,6,28,21,35,640,102,COMPAGNET (CHEMIN DE),,,Plein jour,En agglomération,Giratoire,Normale,Deux véhicules - côté,,,,,,,,,,,1,2,6,1,3
200800033333,0008-06-30 17:19:00,8,6,30,17,19,640,24,"., AVEUGLE (RUE DU PONT",,,Plein jour,En agglomération,Hors intersection,Normale,Deux véhicules - côté,,,,,,,,,,,1,2,1,1,3
200800033334,0008-06-02 00:10:00,8,6,2,0,10,640,122,LAHOUZE (AVENUE),,,Nuit avec éclairage allumé,En agglomération,Intersection en X,Pluie légère,Autre collision,,,,,,,,,,,5,2,2,2,6
200800033335,0008-06-04 08:00:00,8,6,4,8,0,640,122,"., ROND POINT DE L EUROP",,,Plein jour,En agglomération,Giratoire,Normale,Deux véhicules - côté,,,,,,,,,,,1,2,6,1,3
200800033336,0008-06-14 20:00:00,8,6,14,20,0,640,122,"., ""KENNEDY (AVENUE DU P",,,Plein jour,En agglomération,Hors intersection,Normale,Deux véhicules - côté,,,,,,,,,,,1,2,1,1,3
200800033337,0008-06-19 17:05:00,8,6,19,17,5,640,122,"., FRANCIS JAMMES (RUE)",,,Plein jour,En agglomération,Hors intersection,Normale,Deux véhicules - arrière,,,,,,,,,,,1,2,1,1,2
200800033338,0008-06-08 18:35:00,8,6,8,18,35,640,445,"0, YITZHAK RABIN",,,Plein jour,En agglomération,Giratoire,Normale,Deux véhicules - côté,,,,,,,,,,,1,2,6,1,3
200800033339,0008-06-01 01:30:00,8,6,1,1,30,640,284,"1, BERNET DU",,,Nuit avec éclairage allumé,En agglomération,Hors intersection,Normale,Autre collision,,,,,,,,,,,5,2,1,1,6
200800033340,0008-06-01 11:15:00,8,6,1,11,15,640,335,"125, EUROPE DE L'",,,Plein jour,En agglomération,Hors intersection,Normale,Autre collision,,,,,,,,,,,1,2,1,1,6
200800033341,0008-06-03 08:00:00,8,6,3,8,0,640,445,"1, MARECHAL LECLERC DU",,,Plein jour,En agglomération,Intersection en T,Pluie forte,Deux véhicules - arrière,,,,,,,,,,,1,2,3,3,2
200800033342,0008-06-05 19:45:00,8,6,5,19,45,640,445,"2, CARNOT",,,Plein jour,En agglomération,Hors intersection,Normale,Deux véhicules - frontale,,,,,,,,,,,1,2,1,1,1
200800033343,0008-06-06 07:30:00,8,6,6,7,30,640,445,"1, LOUP DU",,,Plein jour,En agglomération,Hors intersection,Normale,Deux véhicules - arrière,,,,,,,,,,,1,2,1,1,2
200800033344,0008-06-09 00:40:00,8,6,9,0,40,640,445,"1, ALSACE LORRAINE D'",,,Nuit avec éclairage allumé,En agglomération,Intersection en X,Pluie légère,Autre collision,,,,,,,,,,,5,2,2,2,6
200800033345,0008-06-10 09:58:00,8,6,10,9,58,640,445,"10, GENERAL DE GAULLE DU",,,Plein jour,En agglomération,Hors intersection,Pluie forte,Deux véhicules - côté,,,,,,,,,,,1,2,1,3,3
200800033346,0008-06-10 18:15:00,8,6,10,18,15,640,269,"0, TARBES DE",,,Plein jour,En agglomération,Hors intersection,Pluie forte,Deux véhicules - arrière,,,,,,,,,,,1,2,1,3,2
200800033347,0008-06-11 15:10:00,8,6,11,15,10,640,335,"60, EUROPE DE L'",,,Plein jour,En agglomération,Hors intersection,Normale,Deux véhicules - côté,,,,,,,,,,,1,2,1,1,3
200800033348,0008-06-11 20:45:00,8,6,11,20,45,640,373,D100,,,Crépuscule ou aube,En agglomération,Intersection en X,Pluie forte,Autre collision,,,,,,,,,,,2,2,2,3,6
200800033349,0008-06-11 17:30:00,8,6,11,17,30,640,348,"1, MARTYRS DU PONT LONG",,,Plein jour,En agglomération,Intersection en T,Temps couvert,Deux véhicules - côté,,,,,,,,,,,1,2,3,8,3
200800033350,0008-06-12 13:15:00,8,6,12,13,15,640,445,"12, MARECHAL LECLERC DU",,,Plein jour,En agglomération,Hors intersection,Pluie légère,Deux véhicules - arrière,,,,,,,,,,,1,2,1,2,2
200800033351,0008-06-14 14:10:00,8,6,14,14,10,640,348,DIDIER DAURAT,,,Plein jour,En agglomération,Hors intersection,Normale,Autre collision,,,,,,,,,,,1,2,1,1,6
200800033352,0008-06-14 20:35:00,8,6,14,20,35,640,445,"3, VIOLETTES DES",,,Plein jour,En agglomération,Hors intersection,Normale,Sans collision,,,,,,,,,,,1,2,1,1,7
200800033353,0008-06-16 19:25:00,8,6,16,19,25,640,445,"0, RAUSKY",,,Plein jour,En agglomération,Hors intersection,Pluie légère,Sans collision,,,,,,,,,,,1,2,1,2,7
200800033354,0008-06-17 20:05:00,8,6,17,20,5,640,284,"0, GEORGES GUYNEMER",,,Plein jour,En agglomération,Hors intersection,Normale,Deux véhicules - côté,,,,,,,,,,,1,2,1,1,3
200800033355,0008-06-19 10:00:00,8,6,19,10,0,640,445,"1, PAIX",,,Plein jour,En agglomération,Intersection en X,Normale,Deux véhicules - côté,,,,,,,,,,,1,2,2,1,3
200800033356,0008-06-20 02:55:00,8,6,20,2,55,640,445,"242, PAIX",,,Nuit avec éclairage allumé,En agglomération,Hors intersection,Normale,Autre collision,,,,,,,,,,,5,2,1,1,6
200800033357,0008-06-21 18:30:00,8,6,21,18,30,640,445,"0, CASTETNAU",,,Plein jour,En agglomération,Intersection en X,Normale,Deux véhicules - côté,,,,,,,,,,,1,2,2,1,3
200800033358,0008-06-23 08:20:00,8,6,23,8,20,640,445,"0, DROITS DE L' HOMME DE",,,Plein jour,En agglomération,Giratoire,Normale,Deux véhicules - côté,,,,,,,,,,,1,2,6,1,3
200800033359,0008-06-23 12:15:00,8,6,23,12,15,640,132,"51, MARECHAL FOCH",,,Plein jour,En agglomération,Hors intersection,Normale,Autre collision,,,,,,,,,,,1,2,1,1,6
200800033360,0008-06-24 15:10:00,8,6,24,15,10,640,445,"25, CARNOT",,,Plein jour,En agglomération,Hors intersection,Normale,Deux véhicules - arrière,,,,,,,,,,,1,2,1,1,2
200800033361,0008-06-23 22:30:00,8,6,23,22,30,640,348,DIDIER DAURAT,,,Nuit avec éclairage allumé,En agglomération,Hors intersection,Normale,Sans collision,,,,,,,,,,,5,2,1,1,7
200800033362,0008-06-25 15:30:00,8,6,25,15,30,640,335,"125, EUROPE DE L'",,,Plein jour,En agglomération,Hors intersection,Normale,Deux véhicules - arrière,,,,,,,,,,,1,2,1,1,2
200800033363,0008-06-26 02:30:00,8,6,26,2,30,640,445,"0, ALSACE LORRAINE D'",,,Nuit avec éclairage allumé,En agglomération,Intersection en X,Normale,Deux véhicules - arrière,,,,,,,,,,,5,2,2,1,2
200800033364,0008-06-21 03:30:00,8,6,21,3,30,640,445,"1, COMMUNE DE LA",,,Nuit avec éclairage allumé,En agglomération,Giratoire,Normale,Deux véhicules - arrière,,,,,,,,,,,5,2,6,1,2
200800033365,0008-06-27 13:35:00,8,6,27,13,35,640,445,"0, FRANCOIS MITTERAND",,,Plein jour,En agglomération,Giratoire,Normale,Deux véhicules - côté,,,,,,,,,,,1,2,6,1,3
200800033366,0008-06-29 10:05:00,8,6,29,10,5,640,445,"36, 14 JUILLET DU",,,Plein jour,En agglomération,Hors intersection,Normale,Deux véhicules - côté,,,,,,,,,,,1,2,1,1,3
200800033367,0008-06-30 09:15:00,8,6,30,9,15,640,445,LYAUTEY,,,Plein jour,En agglomération,Intersection en T,Normale,Deux véhicules - arrière,,,,,,,,,,,1,2,3,1,2
200800033368,0008-06-30 16:35:00,8,6,30,16,35,640,132,"0, LEON HEID",,,Plein jour,En agglomération,Hors intersection,Normale,Deux véhicules - côté,,,,,,,,,,,1,2,1,1,3
200800033369,0008-06-20 20:25:00,8,6,20,20,25,640,260,"17, 19 MARS 1962 (RUE DU",,,Crépuscule ou aube,En agglomération,Intersection en T,Normale,Deux véhicules - côté,,,,,,,,,,,2,2,3,1,3
200800033370,0008-06-28 11:40:00,8,6,28,11,40,640,545,"8, FATXIPI (RUE DE)",,,Plein jour,Hors agglomération,Hors intersection,Normale,Autre collision,,,,,,,,,,,1,1,1,1,6
200800033371,0008-06-12 16:25:00,8,6,12,16,25,640,483,ITHURRALDE ANDRE (AVENUE,,,Plein jour,En agglomération,Hors intersection,Normale,Deux véhicules - arrière,,,,,,,,,,,1,2,1,1,2
200800033372,0008-06-14 02:10:00,8,6,14,2,10,640,483,"2, LARRAMENDY PIERRE (AV",,,Nuit avec éclairage allumé,En agglomération,Hors intersection,Normale,Autre collision,,,,,,,,,,,5,2,1,1,6
200800033373,0008-06-19 12:15:00,8,6,19,12,15,640,545,OLHETTE (ROUTE D'),,,Plein jour,En agglomération,Hors intersection,Normale,Deux véhicules - côté,,,,,,,,,,,1,2,1,1,3
200800033374,0008-06-20 16:40:00,8,6,20,16,40,640,483,RD810,,,Plein jour,En agglomération,Hors intersection,Normale,Trois véhicules et plus - en chaîne,,,,,,,,,,,1,2,1,1,4
200800033375,0008-06-22 03:35:00,8,6,22,3,35,640,483,RD810,,,Nuit avec éclairage allumé,En agglomération,Hors intersection,Normale,Sans collision,,,,,,,,,,,5,2,1,1,7
200800033376,0008-06-23 16:40:00,8,6,23,16,40,640,483,VERDUN (AVENUE DE),,,Plein jour,En agglomération,Hors intersection,Normale,Sans collision,,,,,,,,,,,1,2,1,1,7
200800033377,0008-06-24 16:45:00,8,6,24,16,45,640,483,RD810,,,Plein jour,En agglomération,Hors intersection,Normale,Autre collision,,,,,,,,,,,1,2,1,1,6
200800033378,0008-06-27 09:40:00,8,6,27,9,40,640,189,JAURES JEAN  (AVENUE),,,Plein jour,En agglomération,Hors intersection,Normale,Trois véhicules et plus - en chaîne,,,,,,,,,,,1,2,1,1,4
200800033379,0008-06-28 15:00:00,8,6,28,15,0,640,189,BENOIT PIERRE (BOULEVARD,,,Plein jour,En agglomération,Hors intersection,Normale,Deux véhicules - arrière,,,,,,,,,,,1,2,1,1,2
200800033380,0008-06-29 12:20:00,8,6,29,12,20,640,483,CHANTACO (AVENUE DE ),,,Plein jour,En agglomération,Hors intersection,Normale,Trois véhicules et plus - collisions multiples,,,,,,,,,,,1,2,1,1,5
200800033381,0008-06-03 12:20:00,8,6,3,12,20,640,483,LAHANCHIPIA (AVENUE),,,Plein jour,En agglomération,Hors intersection,Temps couvert,Deux véhicules - frontale,,,,,,,,,,,1,2,1,8,1
200800033382,0008-06-23 13:45:00,8,6,23,13,45,640,545,ROUTE D'IBARDIN,,,Plein jour,Hors agglomération,Hors intersection,Normale,Autre collision,,,,,,,,,,,1,1,1,1,6
200800033383,0008-06-27 09:30:00,8,6,27,9,30,640,545,CD 811,,,Plein jour,En agglomération,Hors intersection,Normale,Autre collision,,,,,,,,,,,1,2,1,1,6
200800033384,0008-06-25 16:25:00,8,6,25,16,25,650,286,"1, MOULIN (AVENUE JEAN)",,,Plein jour,En agglomération,Intersection en T,Normale,Deux véhicules - côté,,,,,,,,,,,1,2,3,1,3
200800033385,0008-06-27 18:00:00,8,6,27,18,0,650,286,"1, GROTTE (RUE DE LA)",,,Plein jour,En agglomération,Intersection en T,Normale,Autre collision,,,,,,,,,,,1,2,3,1,6
200800033386,0008-06-04 08:10:00,8,6,4,8,10,650,440,"., ARDENNES (BOULEVARD D",,,Plein jour,En agglomération,Hors intersection,Temps couvert,Deux véhicules - arrière,,,,,,,,,,,1,2,1,8,2
200800033387,0008-06-05 11:40:00,8,6,5,11,40,650,47,"82, JAURES (AVE JEAN)",,,Plein jour,En agglomération,Hors intersection,Normale,Deux véhicules - côté,,,,,,,,,,,1,2,1,1,3
200800033388,0008-06-09 17:15:00,8,6,9,17,15,650,417,"., DALLAS (RUE EDOUARD)",,,Plein jour,En agglomération,Hors intersection,Normale,Deux véhicules - arrière,,,,,,,,,,,1,2,1,1,2
200800033389,0008-06-11 09:00:00,8,6,11,9,0,650,440,"19, MARCADIEU (PLACE)",,,Plein jour,En agglomération,Hors intersection,Pluie légère,Autre collision,,,,,,,,,,,1,2,1,2,6
200800033390,0008-06-18 04:25:00,8,6,18,4,25,650,226,"., HERRAN (RUE DU)",,,Nuit avec éclairage allumé,Hors agglomération,Giratoire,Normale,Autre collision,,,,,,,,,,,5,1,6,1,6
200800033391,0008-06-19 07:45:00,8,6,19,7,45,650,440,"., LAMARTINE (RUE)",,,Plein jour,En agglomération,Intersection en T,Normale,Deux véhicules - côté,,,,,,,,,,,1,2,3,1,3
200800033392,0008-06-24 13:55:00,8,6,24,13,55,650,47,"94, JAURES (AVE JEAN)",,,Plein jour,En agglomération,Hors intersection,Normale,Deux véhicules - côté,,,,,,,,,,,1,2,1,1,3
200800033393,0008-06-27 19:30:00,8,6,27,19,30,650,226,"., NATIONALE 117 (ROUTE)",,,Plein jour,Hors agglomération,Intersection en X,Normale,Autre collision,,,,,,,,,,,1,1,2,1,6
200800033394,0008-06-30 17:40:00,8,6,30,17,40,650,440,"., SEPTEMBRE (RUE DU IV)",,,Plein jour,En agglomération,Hors intersection,Normale,Trois véhicules et plus - en chaîne,,,,,,,,,,,1,2,1,1,4
200800033395,0008-06-11 17:20:00,8,6,11,17,20,660,136,SAINT CHARLES (ROCADE),,,Plein jour,Hors agglomération,Hors intersection,Pluie forte,Deux véhicules - arrière,,,,,,,,,,,1,1,1,3,2
200800033396,0008-06-12 21:45:00,8,6,12,21,45,660,136,JOFFRE (AVENUE DU MARECH,,,Crépuscule ou aube,En agglomération,Hors intersection,Normale,Deux véhicules - côté,,,,,,,,,,,2,2,1,1,3
200800033397,0008-06-13 17:30:00,8,6,13,17,30,660,136,AICARD JEAN,,,Plein jour,En agglomération,Intersection en X,Normale,Deux véhicules - côté,,,,,,,,,,,1,2,2,1,3
200800033398,0008-06-19 18:05:00,8,6,19,18,5,660,136,ARGELES SUR MER AVENUE D,,,Plein jour,Hors agglomération,Hors intersection,Normale,Trois véhicules et plus - en chaîne,,,,,,,,,,,1,1,1,1,4
200800033399,0008-06-22 17:35:00,8,6,22,17,35,660,136,"34, Carol  (Rue de)",,,Plein jour,En agglomération,Hors intersection,Normale,Autre collision,,,,,,,,,,,1,2,1,1,6
200800033400,0008-06-25 08:10:00,8,6,25,8,10,660,136,ALDUY (Paul),,,Plein jour,En agglomération,Hors intersection,Normale,Deux véhicules - frontale,,,,,,,,,,,1,2,1,1,1
200800033401,0008-06-25 16:45:00,8,6,25,16,45,660,136,"7, WILSON (BOULEVARD THO",,,Plein jour,En agglomération,Hors intersection,Normale,Autre collision,,,,,,,,,,,1,2,1,1,6
200800033402,0008-06-26 14:45:00,8,6,26,14,45,660,136,DIAZ (NARCISSE VIRGILE),,,Plein jour,En agglomération,Intersection en X,Normale,Deux véhicules - côté,,,,,,,,,,,1,2,2,1,3
200800033403,0008-06-25 13:40:00,8,6,25,13,40,660,136,Départementale 914,,,Plein jour,Hors agglomération,Hors intersection,Normale,Deux véhicules - arrière,,,,,,,,,,,1,1,1,1,2
200800033404,0008-06-28 13:10:00,8,6,28,13,10,660,136,MERMOZ (AVENUE JEAN),,,Plein jour,En agglomération,Intersection en X,Normale,Deux véhicules - côté,,,,,,,,,,,1,2,2,1,3
200800033405,0008-06-24 23:20:00,8,6,24,23,20,670,180,QUATRE VENTS (RUE DES),,,Nuit sans éclairage public,Hors agglomération,Hors intersection,Brouillard / fumée,Autre collision,,,,,,,,,,,3,1,1,5,6
200800033406,0008-06-28 20:10:00,8,6,28,20,10,670,180,CENTRALE (RUE),,,Plein jour,En agglomération,Intersection en X,Normale,Deux véhicules - côté,,,,,,,,,,,1,2,2,1,3
200800033407,0008-06-29 02:45:00,8,6,29,2,45,670,180,BITCHE (ROUTE DE),,,Nuit sans éclairage public,Hors agglomération,Hors intersection,Normale,Sans collision,,,,,,,,,,,3,1,1,1,7
200800033408,0008-06-02 10:30:00,8,6,2,10,30,670,267,"0, TILLEULS (RUE DES)",,,Plein jour,En agglomération,Hors intersection,Normale,Deux véhicules - arrière,,,,,,,,,,,1,2,1,1,2
200800033409,0008-06-02 17:05:00,8,6,2,17,5,670,447,"42, LAUTERBOURG (RUE DE)",,,Plein jour,En agglomération,Hors intersection,Normale,Autre collision,,,,,,,,,,,1,2,1,1,6
200800033410,0008-06-03 14:15:00,8,6,3,14,15,670,482,"00, ALPES (QUAI DES)",,,Plein jour,En agglomération,Intersection en X,Normale,Deux véhicules - côté,,,,,,,,,,,1,2,2,1,3
200800033411,0008-06-03 18:50:00,8,6,3,18,50,670,218,"57, LYON (RTE DE)",,,Plein jour,En agglomération,Hors intersection,Normale,Trois véhicules et plus - en chaîne,,,,,,,,,,,1,2,1,1,4
200800033412,0008-06-03 19:24:00,8,6,3,19,24,670,482,"00, LOUIS PASTEUR (QUAI)",,,Plein jour,En agglomération,Intersection en X,Normale,Deux véhicules - côté,,,,,,,,,,,1,2,2,1,3
200800033413,0008-06-03 20:20:00,8,6,3,20,20,670,482,"33, SELESTAT (RUE DE)",,,Plein jour,En agglomération,Intersection en T,Normale,Deux véhicules - frontale,,,,,,,,,,,1,2,3,1,1
200800033414,0008-06-04 15:50:00,8,6,4,15,50,670,482,"0, FEDERATION (ROUTE DE",,,Plein jour,En agglomération,Intersection en T,Normale,Deux véhicules - côté,,,,,,,,,,,1,2,3,1,3
200800033415,0008-06-05 08:15:00,8,6,5,8,15,670,482,KIRSCHLEGER (RUE),,,Plein jour,En agglomération,Intersection en X,Pluie légère,Trois véhicules et plus - collisions multiples,,,,,,,,,,,1,2,2,2,5
200800033416,0008-06-05 14:55:00,8,6,5,14,55,670,482,"0, WANTZENAU (RTE DE LA)",,,Plein jour,En agglomération,Hors intersection,Pluie légère,Autre collision,,,,,,,,,,,1,2,1,2,6
200800033417,0008-06-06 18:10:00,8,6,6,18,10,670,204,"70, REPUBLIQUE (RUE DE L",,,Plein jour,En agglomération,Hors intersection,Normale,Autre collision,,,,,,,,,,,1,2,1,1,6
200800033418,0008-06-07 11:35:00,8,6,7,11,35,670,482,OSTWALD (RUE D ),,,Plein jour,En agglomération,Hors intersection,Normale,Trois véhicules et plus - en chaîne,,,,,,,,,,,1,2,1,1,4
200800033419,0008-06-07 18:45:00,8,6,7,18,45,670,482,PIERRE CORNEILLE (AVENUE,,,Plein jour,Hors agglomération,Intersection en T,Normale,Deux véhicules - arrière,,,,,,,,,,,1,1,3,1,2
200800033420,0008-06-08 14:55:00,8,6,8,14,55,670,482,FRANCHE COMTE (RUE DE),,,Plein jour,En agglomération,Hors intersection,Normale,Deux véhicules - côté,,,,,,,,,,,1,2,1,1,3
200800033421,0008-06-08 22:30:00,8,6,8,22,30,670,482,DOUBS (RUE DU),,,Nuit avec éclairage allumé,En agglomération,Hors intersection,Normale,Sans collision,,,,,,,,,,,5,2,1,1,7
200800033422,0008-06-09 15:30:00,8,6,9,15,30,670,482,"0, PREMIERE ARMEE (RUE D",,,Plein jour,En agglomération,Hors intersection,Normale,Autre collision,,,,,,,,,,,1,2,1,1,6
200800033423,0008-06-09 20:45:00,8,6,9,20,45,670,482,"13, BRANTOME (RUE)",,,Plein jour,En agglomération,Hors intersection,Normale,Deux véhicules - frontale,,,,,,,,,,,1,2,1,1,1
200800033424,0008-06-10 14:24:00,8,6,10,14,24,670,482,"0, POLYGONE (ROUTE DU)",,,Plein jour,En agglomération,Hors intersection,Normale,Deux véhicules - côté,,,,,,,,,,,1,2,1,1,3
200800033425,0008-06-10 18:30:00,8,6,10,18,30,670,43,"1, BRUMATH (ROUTE DE)",,,Plein jour,En agglomération,Hors intersection,Normale,Autre collision,,,,,,,,,,,1,2,1,1,6
200800033426,0008-06-11 12:40:00,8,6,11,12,40,670,482,GENERAL KOENIG (QUAI DU),,,Plein jour,En agglomération,Intersection en X,Normale,Autre collision,,,,,,,,,,,1,2,2,1,6
200800033427,0008-06-11 16:35:00,8,6,11,16,35,670,447,"0, TURENNE (RUE)",,,Plein jour,En agglomération,Hors intersection,Normale,Autre collision,,,,,,,,,,,1,2,1,1,6
200800033428,0008-06-11 20:45:00,8,6,11,20,45,670,482,"0, PRESIDENT WILSON (BOU",,,Plein jour,En agglomération,Intersection en X,Normale,Deux véhicules - côté,,,,,,,,,,,1,2,2,1,3
200800033429,0008-06-12 10:35:00,8,6,12,10,35,670,482,"0, NANCY (BOULEVARD DE)",,,Plein jour,En agglomération,Hors intersection,Normale,Deux véhicules - côté,,,,,,,,,,,1,2,1,1,3
200800033430,0008-06-12 18:35:00,8,6,12,18,35,670,447,"3, MARAIS (RUE DU)",,,Plein jour,En agglomération,Hors intersection,Temps couvert,Autre collision,,,,,,,,,,,1,2,1,8,6
200800033431,0008-06-12 22:20:00,8,6,12,22,20,670,365,"0, GENERAL LECLERC (RUE",,,Nuit avec éclairage allumé,En agglomération,Intersection en X,Pluie légère,Deux véhicules - côté,,,,,,,,,,,5,2,2,2,3
200800033432,0008-06-13 08:20:00,8,6,13,8,20,670,482,"00, CONSEIL DES QUINZE (",,,Plein jour,En agglomération,Intersection en T,Normale,Deux véhicules - côté,,,,,,,,,,,1,2,3,1,3
200800033433,0008-06-13 15:40:00,8,6,13,15,40,670,482,"00, FRERES EBERTS (RUE D",,,Plein jour,En agglomération,Intersection en T,Normale,Deux véhicules - côté,,,,,,,,,,,1,2,3,1,3
200800033434,0008-06-13 18:00:00,8,6,13,18,0,670,482,JEAN GIRAUDOUX (RUE),,,Plein jour,En agglomération,Hors intersection,Normale,Deux véhicules - frontale,,,,,,,,,,,1,2,1,1,1
200800033435,0008-06-14 19:30:00,8,6,14,19,30,670,482,BATELIERS (QUAI DES),,,Plein jour,En agglomération,Intersection en T,Normale,Autre collision,,,,,,,,,,,1,2,3,1,6
200800033436,0008-06-17 09:30:00,8,6,17,9,30,670,218,"00, ALFRED KASTLER (ROUT",,,Plein jour,En agglomération,Hors intersection,Normale,Trois véhicules et plus - en chaîne,,,,,,,,,,,1,2,1,1,4
200800033437,0008-06-18 17:00:00,8,6,18,17,0,670,218,"0, LYON (RTE DE)",,,Plein jour,En agglomération,Intersection en T,Normale,Deux véhicules - côté,,,,,,,,,,,1,2,3,1,3
200800033438,0008-06-18 17:44:00,8,6,18,17,44,670,482,EUGENE DELACROIX (RUE),,,Plein jour,En agglomération,Intersection en X,Normale,Deux véhicules - côté,,,,,,,,,,,1,2,2,1,3
200800033439,0008-06-18 19:20:00,8,6,18,19,20,670,482,"0, HEIDENBERG (RUE)",,,Plein jour,En agglomération,Intersection en T,Normale,Deux véhicules - côté,,,,,,,,,,,1,2,3,1,3
200800033440,0008-06-19 20:15:00,8,6,19,20,15,670,482,FORET NOIRE (AVENUE DE L,,,Plein jour,En agglomération,Hors intersection,Normale,Deux véhicules - arrière,,,,,,,,,,,1,2,1,1,2
200800033441,0008-06-20 07:35:00,8,6,20,7,35,670,482,GARE (PLACE DE LA),,,Plein jour,En agglomération,Hors intersection,Normale,Autre collision,,,,,,,,,,,1,2,1,1,6
200800033442,0008-06-20 16:30:00,8,6,20,16,30,670,482,POITOU (RUE DU),,,Plein jour,En agglomération,Hors intersection,Normale,Autre collision,,,,,,,,,,,1,2,1,1,6