accident_id,datetime,annee,mois,jour,heure,minute,departement,commune_insee,adresse,latitude,longitude,luminosite,agglomeration,intersection,meteo,collision,nb_vehicules,nb_usagers,nb_indemnes,nb_tues,nb_blesses_hosp,nb_blesses_legers,age_cond_1,age_cond_2,veh_type_cond_1,veh_type_cond_2,lum_code,agg_code,int_code,atm_code,col_code
200800033443,0008-06-20 18:40:00,8,6,20,18,40,670,482,FORET NOIRE (AVENUE DE L,,,Plein jour,En agglomération,Intersection en X,Normale,Deux véhicules - côté,,,,,,,,,,,1,2,2,1,3
200800033444,0008-06-20 20:25:00,8,6,20,20,25,670,482,"21, FRIEDOLSHEIM (RUE DE",,,Plein jour,En agglomération,Hors intersection,Normale,Autre collision,,,,,,,,,,,1,2,1,1,6
200800033445,0008-06-22 17:49:00,8,6,22,17,49,670,482,"0, BAGGERSEE (RUE DU)",,,Plein jour,En agglomération,Hors intersection,Normale,Autre collision,,,,,,,,,,,1,2,1,1,6
200800033446,0008-06-23 15:00:00,8,6,23,15,0,670,482,"0, VERDUN (RUE DE)",,,Plein jour,En agglomération,Intersection en X,Normale,Deux véhicules - côté,,,,,,,,,,,1,2,2,1,3
200800033447,0008-06-23 15:50:00,8,6,23,15,50,670,482,PESTALOZZI (RUE),,,Plein jour,En agglomération,Hors intersection,Normale,Autre collision,,,,,,,,,,,1,2,1,1,6
200800033448,0008-06-24 14:50:00,8,6,24,14,50,670,482,"0, VOSGES (AVENUE DES)",,,Plein jour,En agglomération,Intersection en X,Normale,Deux véhicules - côté,,,,,,,,,,,1,2,2,1,3
200800033449,0008-06-24 18:00:00,8,6,24,18,0,670,218,"0, LIEUTENANT HOMPS (RUE",,,Plein jour,En agglomération,Hors intersection,Temps couvert,Deux véhicules - frontale,,,,,,,,,,,1,2,1,8,1
200800033450,0008-06-25 09:15:00,8,6,25,9,15,670,267,"00, HOLTZHEIM (RUE DE)",,,Plein jour,En agglomération,Intersection en X,Normale,Deux véhicules - frontale,,,,,,,,,,,1,2,2,1,1
200800033451,0008-06-26 14:10:00,8,6,26,14,10,670,218,"0, MAÇONS (RUE DES)",,,Plein jour,En agglomération,Intersection en X,Normale,Deux véhicules - côté,,,,,,,,,,,1,2,2,1,3
200800033452,0008-06-26 17:15:00,8,6,26,17,15,670,482,"269B, COLMAR (AVENUE DE)",,,Plein jour,En agglomération,Hors intersection,Normale,Autre collision,,,,,,,,,,,1,2,1,1,6
200800033453,0008-06-27 07:45:00,8,6,27,7,45,670,447,PIERRE MENDES FRANCE (AV,,,Plein jour,En agglomération,Intersection en X,Normale,Autre collision,,,,,,,,,,,1,2,2,1,6
200800033454,0008-06-27 17:10:00,8,6,27,17,10,670,482,GAMBS (RUE),,,Plein jour,En agglomération,Intersection en X,Normale,Deux véhicules - côté,,,,,,,,,,,1,2,2,1,3
200800033455,0008-06-27 17:30:00,8,6,27,17,30,670,482,"7, NANCY (BOULEVARD DE)",,,Plein jour,En agglomération,Hors intersection,Normale,Deux véhicules - arrière,,,,,,,,,,,1,2,1,1,2
200800033456,0008-06-27 18:30:00,8,6,27,18,30,670,482,"00, NEUHOF (ROUTE)",,,Plein jour,En agglomération,Intersection en X,Normale,Deux véhicules - frontale,,,,,,,,,,,1,2,2,1,1
200800033457,0008-06-27 18:35:00,8,6,27,18,35,670,482,HAGUENAU (PLACE DE),,,Plein jour,En agglomération,Hors intersection,Normale,Deux véhicules - frontale,,,,,,,,,,,1,2,1,1,1
200800033458,0008-06-28 14:45:00,8,6,28,14,45,670,482,LANGEVIN (RUE),,,Plein jour,En agglomération,Intersection en T,Normale,Deux véhicules - côté,,,,,,,,,,,1,2,3,1,3
200800033459,0008-06-30 10:28:00,8,6,30,10,28,670,482,"0, SCHIRMECK (ROUTE DE)",,,Plein jour,En agglomération,Intersection en T,Normale,Deux véhicules - côté,,,,,,,,,,,1,2,3,1,3
200800033460,0008-06-30 15:10:00,8,6,30,15,10,670,482,"19, LAUCH (RUE DE LA)",,,Plein jour,En agglomération,Hors intersection,Normale,Autre collision,,,,,,,,,,,1,2,1,1,6
200800033461,0008-06-02 00:40:00,8,6,2,0,40,680,66,"7, GARE (RUE DE LA)",,,Nuit avec éclairage allumé,En agglomération,Hors intersection,Normale,Autre collision,,,,,,,,,,,5,2,1,1,6
200800033462,0008-06-02 07:42:00,8,6,2,7,42,680,66,"4, GALZ (RUE DU)",,,Plein jour,En agglomération,Hors intersection,Normale,Deux véhicules - côté,,,,,,,,,,,1,2,1,1,3
200800033463,0008-06-04 10:27:00,8,6,4,10,27,680,66,"43, KLEBER (RUE DE)",,,Plein jour,En agglomération,Intersection en T,Normale,Deux véhicules - côté,,,,,,,,,,,1,2,3,1,3
200800033464,0008-06-17 18:14:00,8,6,17,18,14,680,66,"5, GRILLENBREIT (RUE DU)",,,Plein jour,Hors agglomération,Hors intersection,Pluie légère,Deux véhicules - côté,,,,,,,,,,,1,1,1,2,3
200800033465,0008-06-18 19:55:00,8,6,18,19,55,680,66,"35, VAL SAINT GREGOIRE (",,,Plein jour,En agglomération,Intersection en T,Normale,Autre collision,,,,,,,,,,,1,2,3,1,6
200800033466,0008-06-18 15:37:00,8,6,18,15,37,680,66,ROUFFACH (ROUTE DE),,,Plein jour,En agglomération,Intersection en X,Normale,Deux véhicules - côté,,,,,,,,,,,1,2,2,1,3
200800033467,0008-06-18 12:45:00,8,6,18,12,45,680,66,"35.309, DE GAULLE (AVENU",,,Plein jour,En agglomération,Giratoire,Normale,Deux véhicules - côté,,,,,,,,,,,1,2,6,1,3
200800033468,0008-06-20 17:35:00,8,6,20,17,35,680,66,"1, RAPP (PLACE)",,,Plein jour,En agglomération,Hors intersection,Normale,Autre collision,,,,,,,,,,,1,2,1,1,6
200800033469,0008-06-25 07:05:00,8,6,25,7,5,680,66,"1, BELGES (RUE DES )",,,Plein jour,En agglomération,Intersection en X,Normale,Deux véhicules - côté,,,,,,,,,,,1,2,2,1,3
200800033470,0008-06-25 12:15:00,8,6,25,12,15,680,66,"13, SCHUMANN (RUE)",,,Plein jour,En agglomération,Intersection en X,Normale,Deux véhicules - côté,,,,,,,,,,,1,2,2,1,3
200800033471,0008-06-29 05:55:00,8,6,29,5,55,680,66,"3, RIBEAUVILLE (RUE DE)",,,Plein jour,En agglomération,Intersection en X,Normale,Autre collision,,,,,,,,,,,1,2,2,1,6
200800033472,0008-06-17 16:20:00,8,6,17,16,20,680,112,"133, DECK, Théodore (rue",,,Plein jour,En agglomération,Hors intersection,Normale,Autre collision,,,,,,,,,,,1,2,1,1,6
200800033473,0008-06-13 17:45:00,8,6,13,17,45,680,112,"108, REPUBLIQUE (RUE DE",,,Plein jour,En agglomération,Hors intersection,Normale,Autre collision,,,,,,,,,,,1,2,1,1,6
200800033474,0008-06-27 11:15:00,8,6,27,11,15,680,112,"2, GENERAL DE GAULLE (RU",,,Plein jour,En agglomération,Hors intersection,Normale,Autre collision,,,,,,,,,,,1,2,1,1,6
200800033475,0008-06-02 17:50:00,8,6,2,17,50,680,224,SCHUMAN (AVENUE ROBERT),,,Plein jour,En agglomération,Intersection en T,Normale,Deux véhicules - arrière,,,,,,,,,,,1,2,3,1,2
200800033476,0008-06-06 17:10:00,8,6,6,17,10,680,224,"98, BALE (RUE DE)",,,Plein jour,En agglomération,Hors intersection,Normale,Deux véhicules - arrière,,,,,,,,,,,1,2,1,1,2
200800033477,0008-06-12 11:24:00,8,6,12,11,24,680,224,SCHUMAN (AVENUE ROBERT),,,Plein jour,En agglomération,Hors intersection,Normale,Deux véhicules - côté,,,,,,,,,,,1,2,1,1,3
200800033478,0008-06-20 23:50:00,8,6,20,23,50,680,224,"75, FRANKLIN (RUE)",,,Nuit avec éclairage allumé,En agglomération,Hors intersection,Normale,Autre collision,,,,,,,,,,,5,2,1,1,6
200800033479,0008-06-20 16:40:00,8,6,20,16,40,680,224,"09, CERF (RUE DU)",,,Plein jour,En agglomération,Hors intersection,Normale,Autre collision,,,,,,,,,,,1,2,1,1,6
200800033480,0008-06-19 20:15:00,8,6,19,20,15,680,224,EUROPE (BOULEVARD DE L'),,,Plein jour,En agglomération,Intersection en X,Normale,Deux véhicules - côté,,,,,,,,,,,1,2,2,1,3
200800033481,0008-06-26 18:05:00,8,6,26,18,5,680,224,SOULTZ (RUE DE),,,Plein jour,En agglomération,Autre intersection,Normale,Deux véhicules - côté,,,,,,,,,,,1,2,9,1,3
200800033482,0008-06-13 19:00:00,8,6,13,19,0,680,56,"225, ALTKIRCH (AVENUE D'",,,Plein jour,En agglomération,Intersection en T,Normale,Autre collision,,,,,,,,,,,1,2,3,1,6
200800033483,0008-06-24 08:03:00,8,6,24,8,3,680,224,"21, SCHUMAN (AVENUE ROBE",,,Plein jour,En agglomération,Intersection en X,Normale,Autre collision,,,,,,,,,,,1,2,2,1,6
200800033484,0008-06-26 20:55:00,8,6,26,20,55,680,224,"88, KATZ (ALLEE NATHAN)",,,Plein jour,En agglomération,Hors intersection,Normale,Sans collision,,,,,,,,,,,1,2,1,1,7
200800033485,0008-06-07 15:30:00,8,6,7,15,30,680,56,"303, ALTKIRCH (AVENUE D'",,,Plein jour,En agglomération,Hors intersection,Normale,Autre collision,,,,,,,,,,,1,2,1,1,6
200800033486,0008-06-28 12:40:00,8,6,28,12,40,680,224,"02, SOMME (RUE DE LA)",,,Plein jour,En agglomération,Hors intersection,Normale,Autre collision,,,,,,,,,,,1,2,1,1,6
200800033487,0008-06-23 18:15:00,8,6,23,18,15,680,224,"48, HIRSINGUE (RUE DE)",,,Plein jour,En agglomération,Intersection en Y,Normale,Deux véhicules - côté,,,,,,,,,,,1,2,4,1,3
200800033488,0008-06-28 11:35:00,8,6,28,11,35,680,224,"27, NATIONS (BOULEVARD D",,,Plein jour,En agglomération,Hors intersection,Normale,Autre collision,,,,,,,,,,,1,2,1,1,6
200800033489,0008-06-28 19:25:00,8,6,28,19,25,680,224,"35, MITTERRAND (AVENUE F",,,Plein jour,En agglomération,Hors intersection,Normale,Sans collision,,,,,,,,,,,1,2,1,1,7
200800033490,0008-06-27 19:35:00,8,6,27,19,35,680,224,"28, RIEDISHEIM (AVENUE D",,,Plein jour,En agglomération,Hors intersection,Normale,Deux véhicules - côté,,,,,,,,,,,1,2,1,1,3
200800033491,0008-06-18 17:33:00,8,6,18,17,33,680,224,AUTOROUTE A 36,,,Plein jour,Hors agglomération,Hors intersection,Normale,Trois véhicules et plus - en chaîne,,,,,,,,,,,1,1,1,1,4
200800033492,0008-06-18 20:10:00,8,6,18,20,10,680,224,AUTOROUTE A 36,,,Plein jour,Hors agglomération,Autre intersection,Normale,Trois véhicules et plus - en chaîne,,,,,,,,,,,1,1,9,1,4
200800033493,0008-06-26 00:45:00,8,6,26,0,45,680,224,"156, BRIAND (AVENUE ARIS",,,Nuit avec éclairage allumé,En agglomération,Intersection en X,Normale,Deux véhicules - côté,,,,,,,,,,,5,2,2,1,3
200800033494,0008-06-22 18:55:00,8,6,22,18,55,680,166,"27, MULHOUSE (FAUBOURG D",,,Plein jour,En agglomération,Hors intersection,Normale,Deux véhicules - côté,,,,,,,,,,,1,2,1,1,3
200800033495,0008-06-01 02:45:00,8,6,1,2,45,690,34,TUNNEL DU QUAI DE BELLEV,,,Nuit avec éclairage allumé,En agglomération,Hors intersection,Pluie légère,Autre collision,,,,,,,,,,,5,2,1,2,6
200800033496,0008-06-03 17:25:00,8,6,3,17,25,690,34,QUAI CLEMENCEAU,,,Plein jour,En agglomération,Intersection en T,Normale,Autre collision,,,,,,,,,,,1,2,3,1,6
200800033497,0008-06-06 17:35:00,8,6,6,17,35,690,34,AVENUE MARC SANGNIER,,,Plein jour,En agglomération,Intersection en T,Normale,Autre collision,,,,,,,,,,,1,2,3,1,6
200800033498,0008-06-03 22:30:00,8,6,3,22,30,690,91,"20, SEMARD (PIERRE) ( R",,,Nuit avec éclairage allumé,En agglomération,Hors intersection,Normale,Deux véhicules - côté,,,,,,,,,,,5,2,1,1,3
200800033499,0008-06-14 17:15:00,8,6,14,17,15,690,91,RIVE DE GIER (DE) (RTE),,,Plein jour,Hors agglomération,Hors intersection,Normale,Sans collision,,,,,,,,,,,1,1,1,1,7
200800033500,0008-06-20 19:36:00,8,6,20,19,36,690,149,FRANCISQUE JOMARD,,,Plein jour,En agglomération,Intersection en T,Normale,Deux véhicules - côté,,,,,,,,,,,1,2,3,1,3
200800033501,0008-06-20 14:52:00,8,6,20,14,52,690,382,AUTOROUTE A7,,,Plein jour,Hors agglomération,Hors intersection,Autre,Trois véhicules et plus - en chaîne,,,,,,,,,,,1,1,1,9,4
200800033502,0008-06-25 10:50:00,8,6,25,10,50,690,152,"45, JULES GUESDE",,,Plein jour,En agglomération,Hors intersection,Normale,Deux véhicules - arrière,,,,,,,,,,,1,2,1,1,2
200800033503,0008-06-26 19:33:00,8,6,26,19,33,690,152,YVOURS (D'),,,Plein jour,En agglomération,Intersection en T,Normale,Deux véhicules - côté,,,,,,,,,,,1,2,3,1,3
200800033504,0008-06-30 12:11:00,8,6,30,12,11,690,149,"21, GRANDE RUE",,,Plein jour,En agglomération,Hors intersection,Normale,Deux véhicules - côté,,,,,,,,,,,1,2,1,1,3
200800033505,0008-06-07 09:45:00,8,6,7,9,45,690,149,"192, GRANDE RUE",,,Plein jour,En agglomération,Hors intersection,Normale,Autre collision,,,,,,,,,,,1,2,1,1,6
200800033506,0008-06-23 13:55:00,8,6,23,13,55,690,256,"21, EMILE ZOLA",,,Plein jour,En agglomération,Intersection en X,Normale,Autre collision,,,,,,,,,,,1,2,2,1,6
200800033507,0008-06-03 10:10:00,8,6,3,10,10,690,259,"0, RUE PARMENTIER",,,Plein jour,En agglomération,Intersection en T,Normale,Deux véhicules - côté,,,,,,,,,,,1,2,3,1,3
200800033508,0008-06-05 15:30:00,8,6,5,15,30,690,199,"0, CARNOT",,,Plein jour,En agglomération,Intersection en X,Normale,Deux véhicules - côté,,,,,,,,,,,1,2,2,1,3
200800033509,0008-06-12 12:17:00,8,6,12,12,17,690,259,"0, AVENUE JEAN CAGNE",,,Plein jour,En agglomération,Intersection en T,Normale,Sans collision,,,,,,,,,,,1,2,3,1,7
200800033510,0008-06-02 17:10:00,8,6,2,17,10,690,259,AVENUE JACQUES DUCLOS,,,Plein jour,En agglomération,Giratoire,Normale,Deux véhicules - arrière,,,,,,,,,,,1,2,6,1,2
200800033511,0008-06-20 08:40:00,8,6,20,8,40,690,259,"195, FRANCIS DE PRESSENS",,,Plein jour,En agglomération,Hors intersection,Normale,Deux véhicules - côté,,,,,,,,,,,1,2,1,1,3
200800033512,0008-06-13 14:00:00,8,6,13,14,0,690,259,"17, RUE ANDRE SENTUC",,,Plein jour,En agglomération,Hors intersection,Temps éblouissant,Deux véhicules - côté,,,,,,,,,,,1,2,1,7,3
200800033513,0008-06-18 09:30:00,8,6,18,9,30,690,259,", BOULEVARD AMBROISE CRO",,,Plein jour,En agglomération,Intersection en X,Normale,Deux véhicules - côté,,,,,,,,,,,1,2,2,1,3
200800033514,0008-06-21 18:20:00,8,6,21,18,20,690,259,"0, RUE DE L INDUSTRIE",,,Plein jour,En agglomération,Hors intersection,Normale,Autre collision,,,,,,,,,,,1,2,1,1,6
200800033515,0008-06-23 08:05:00,8,6,23,8,5,690,259,"14, AVENUE JACQUES DUCLO",,,Plein jour,En agglomération,Intersection en X,Normale,Autre collision,,,,,,,,,,,1,2,2,1,6
200800033516,0008-06-23 16:30:00,8,6,23,16,30,690,259,"135, AVENUE FRANCIS DE P",,,Plein jour,En agglomération,Hors intersection,Normale,Deux véhicules - côté,,,,,,,,,,,1,2,1,1,3
200800033517,0008-06-21 19:00:00,8,6,21,19,0,690,256,"0, RUE FRANCOIS RABELAIS",,,Plein jour,En agglomération,Intersection en X,Normale,Deux véhicules - côté,,,,,,,,,,,1,2,2,1,3
200800033518,0008-06-21 09:00:00,8,6,21,9,0,690,199,"0, RUE DES PLATANES",,,Plein jour,En agglomération,Intersection en T,Normale,Autre collision,,,,,,,,,,,1,2,3,1,6
200800033519,0008-06-09 19:25:00,8,6,9,19,25,690,259,"0, AVENUE FRANCIS DE PRE",,,Plein jour,En agglomération,Intersection en X,Normale,Deux véhicules - frontale,,,,,,,,,,,1,2,2,1,1
200800033520,0008-06-27 19:15:00,8,6,27,19,15,690,264,"700, BRAUN THEODORE  AV",,,Plein jour,En agglomération,Hors intersection,Normale,Autre collision,,,,,,,,,,,1,2,1,1,6
200800033521,0008-06-02 15:35:00,8,6,2,15,35,690,266,"1, RUE D ALSACE",,,Plein jour,En agglomération,Intersection en X,Normale,Autre collision,,,,,,,,,,,1,2,2,1,6
200800033522,0008-06-03 22:50:00,8,6,3,22,50,690,386,"., BOULEVARD STALINGRAD",,,Nuit avec éclairage allumé,En agglomération,Autre intersection,Normale,Deux véhicules - côté,,,,,,,,,,,5,2,9,1,3
200800033523,0008-06-07 05:40:00,8,6,7,5,40,690,266,"33, RUE DU 8 MAI 1945",,,Nuit avec éclairage allumé,En agglomération,Hors intersection,Pluie légère,Autre collision,,,,,,,,,,,5,2,1,2,6
200800033524,0008-06-07 18:30:00,8,6,7,18,30,690,266,RUE DE LA POUDRETTE,,,Plein jour,En agglomération,Intersection en T,Normale,Deux véhicules - côté,,,,,,,,,,,1,2,3,1,3
200800033525,0008-06-09 08:05:00,8,6,9,8,5,690,266,"86, COURS EMILE ZOLA",,,Plein jour,En agglomération,Hors intersection,Normale,Deux véhicules - arrière,,,,,,,,,,,1,2,1,1,2
200800033526,0008-06-16 16:05:00,8,6,16,16,5,690,266,"1, RUE GABRIEL PERI",,,Plein jour,En agglomération,Giratoire,Normale,Deux véhicules - côté,,,,,,,,,,,1,2,6,1,3
200800033527,0008-06-19 16:45:00,8,6,19,16,45,690,266,"1, RUE FRANCIS DE PRESSE",,,Plein jour,En agglomération,Intersection en T,Normale,Autre collision,,,,,,,,,,,1,2,3,1,6
200800033528,0008-06-20 20:00:00,8,6,20,20,0,690,266,"., BOULEVARD DU 11 NOVEM",,,Plein jour,Hors agglomération,Intersection en X,Normale,Autre collision,,,,,,,,,,,1,1,2,1,6
200800033529,0008-06-05 17:25:00,8,6,5,17,25,690,266,RUE DES ANTONINS,,,Plein jour,En agglomération,Intersection en X,Pluie légère,Autre collision,,,,,,,,,,,1,2,2,2,6
200800033530,0008-06-05 19:30:00,8,6,5,19,30,690,266,"186, AVENUE ROGER SALENG",,,Plein jour,En agglomération,Hors intersection,Pluie légère,Autre collision,,,,,,,,,,,1,2,1,2,6
200800033531,0008-06-11 15:55:00,8,6,11,15,55,690,266,"216, RUE LEON BLUM",,,Plein jour,En agglomération,Hors intersection,Normale,Deux véhicules - côté,,,,,,,,,,,1,2,1,1,3
200800033532,0008-06-27 16:10:00,8,6,27,16,10,690,266,"215, RUE LEON BLUM",,,Plein jour,En agglomération,Hors intersection,Normale,Autre collision,,,,,,,,,,,1,2,1,1,6
200800033533,0008-06-25 08:15:00,8,6,25,8,15,690,266,"., RUE LOUIS BRAILLE",,,Plein jour,En agglomération,Intersection en X,Normale,Deux véhicules - côté,,,,,,,,,,,1,2,2,1,3
200800033534,0008-06-03 11:45:00,8,6,3,11,45,690,290,BOULEVARD ANDRE BOULLOCH,,,Plein jour,En agglomération,Intersection en X,Temps couvert,Deux véhicules - côté,,,,,,,,,,,1,2,2,8,3
200800033535,0008-06-20 07:15:00,8,6,20,7,15,690,290,"30, BOULEVARD EDOUARD HE",,,Plein jour,En agglomération,Hors intersection,Normale,Autre collision,,,,,,,,,,,1,2,1,1,6
200800033536,0008-06-03 19:00:00,8,6,3,19,0,700,550,KENNEDY (BOULEVARD),,,Plein jour,En agglomération,Hors intersection,Normale,Autre collision,,,,,,,,,,,1,2,1,1,6
200800033537,0008-06-06 17:20:00,8,6,6,17,20,700,388,RD457,,,Plein jour,Hors agglomération,Hors intersection,Pluie forte,Deux véhicules - côté,,,,,,,,,,,1,1,1,3,3
200800033538,0008-06-20 19:10:00,8,6,20,19,10,710,76,"28, GAMBETTA (QUAI)",,,Plein jour,En agglomération,Hors intersection,Normale,Deux véhicules - côté,,,,,,,,,,,1,2,1,1,3
200800033539,0008-06-22 10:50:00,8,6,22,10,50,710,76,"0, SAINT EXUPERY (RUE)",,,Plein jour,En agglomération,Intersection en X,Normale,Deux véhicules - côté,,,,,,,,,,,1,2,2,1,3
200800033540,0008-06-27 18:40:00,8,6,27,18,40,710,475,"24, MARCEL PAGNOL (RUE)",,,Plein jour,En agglomération,Hors intersection,Normale,Deux véhicules - côté,,,,,,,,,,,1,2,1,1,3
200800033541,0008-06-10 16:00:00,8,6,10,16,0,710,59,"74, COUCHES (ROUTE DE)",,,Plein jour,En agglomération,Hors intersection,Pluie légère,Deux véhicules - côté,,,,,,,,,,,1,2,1,2,3
200800033542,0008-06-12 14:45:00,8,6,12,14,45,710,153,VERDUN (AVENUE DE),,,Plein jour,En agglomération,Intersection en X,Normale,Deux véhicules - côté,,,,,,,,,,,1,2,2,1,3
200800033543,0008-06-12 15:05:00,8,6,12,15,5,710,153,"32, MARECHAL FOCH (RUE)",,,Plein jour,En agglomération,Intersection en X,Normale,Autre collision,,,,,,,,,,,1,2,2,1,6
200800033544,0008-06-12 16:10:00,8,6,12,16,10,710,153,"., ACACIAS (RUE DES) N°1",,,Plein jour,En agglomération,Hors intersection,Normale,Autre collision,,,,,,,,,,,1,2,1,1,6
200800033545,0008-06-09 19:20:00,8,6,9,19,20,710,270,"1, AVENUE DE LA GARE",,,Plein jour,En agglomération,Hors intersection,Normale,Autre collision,,,,,,,,,,,1,2,1,1,6
200800033546,0008-06-10 08:15:00,8,6,10,8,15,710,270,LAMARTINE (QUAI),,,Plein jour,En agglomération,Hors intersection,Normale,Deux véhicules - côté,,,,,,,,,,,1,2,1,1,3
200800033547,0008-06-09 19:40:00,8,6,9,19,40,710,270,"1, LIBERTE (BOULEVARD DE",,,Plein jour,En agglomération,Hors intersection,Normale,Autre collision,,,,,,,,,,,1,2,1,1,6
200800033548,0008-06-11 12:10:00,8,6,11,12,10,710,270,LYON (ROUTE DE),,,Plein jour,En agglomération,Hors intersection,Normale,Autre collision,,,,,,,,,,,1,2,1,1,6
200800033549,0008-06-12 23:40:00,8,6,12,23,40,710,270,"1, RUE DES MOULINS",,,Nuit avec éclairage allumé,En agglomération,Intersection en X,Normale,Deux véhicules - côté,,,,,,,,,,,5,2,2,1,3
200800033550,0008-06-13 12:25:00,8,6,13,12,25,710,270,"1, VERCHERE (RUE DE LA)",,,Plein jour,En agglomération,Intersection en X,Normale,Deux véhicules - côté,,,,,,,,,,,1,2,2,1,3
200800033551,0008-06-19 12:30:00,8,6,19,12,30,710,497,"1280, VREMONTOISE (RUE)",,,Plein jour,En agglomération,Hors intersection,Normale,Autre collision,,,,,,,,,,,1,2,1,1,6
200800033552,0008-06-21 12:15:00,8,6,21,12,15,710,270,"1, ALLEMANDS (ROUTE DES)",,,Plein jour,Hors agglomération,Hors intersection,Normale,Autre collision,,,,,,,,,,,1,1,1,1,6
200800033553,0008-06-30 20:20:00,8,6,30,20,20,710,270,"1, VAL FLEURI (AVENUE DU",,,Plein jour,En agglomération,Hors intersection,Normale,Autre collision,,,,,,,,,,,1,2,1,1,6
200800033554,0008-06-04 11:40:00,8,6,4,11,40,710,306,"13, CHAMP DU MOULIN (RUE",,,Plein jour,En agglomération,Intersection en X,Normale,Deux véhicules - côté,,,,,,,,,,,1,2,2,1,3
200800033555,0008-06-09 18:15:00,8,6,9,18,15,710,486,RN 70 (ROUTE EXPRESS),,,Plein jour,Hors agglomération,Hors intersection,Normale,Sans collision,,,,,,,,,,,1,1,1,1,7
200800033556,0008-06-12 16:35:00,8,6,12,16,35,710,306,"41, BELLEVUE (RUE DE )",,,Plein jour,En agglomération,Intersection en X,Normale,Deux véhicules - côté,,,,,,,,,,,1,2,2,1,3
200800033557,0008-06-13 22:40:00,8,6,13,22,40,710,486,"105, WALDECK ROCHET (AVE",,,Nuit avec éclairage allumé,En agglomération,Hors intersection,Normale,Deux véhicules - côté,,,,,,,,,,,5,2,1,1,3
200800033558,0008-06-23 13:30:00,8,6,23,13,30,710,306,"55, ROGER SALENGRO (AVEN",,,Plein jour,En agglomération,Hors intersection,Normale,Deux véhicules - frontale,,,,,,,,,,,1,2,1,1,1
200800033559,0008-06-25 13:05:00,8,6,25,13,5,710,306,"23, 11 NOVEMBRE 1918 (RU",,,Plein jour,En agglomération,Intersection en X,Normale,Deux véhicules - côté,,,,,,,,,,,1,2,2,1,3
200800033560,0008-06-26 16:00:00,8,6,26,16,0,710,40,RN 70 (ROUTE EXPRESS),,,Plein jour,Hors agglomération,Hors intersection,Normale,Deux véhicules - frontale,,,,,,,,,,,1,1,1,1,1
200800033561,0008-06-30 22:05:00,8,6,30,22,5,710,40,11 NOVEMBRE 1918 (RUE DU,,,Nuit avec éclairage allumé,En agglomération,Hors intersection,Normale,Sans collision,,,,,,,,,,,5,2,1,1,7
200800033562,0008-06-02 06:10:00,8,6,2,6,10,720,181,TOURS (RTE) LIGNE DROITE,,,Crépuscule ou aube,Hors agglomération,Hors intersection,Normale,Autre collision,,,,,,,,,,,2,1,1,1,6
200800033563,0008-06-02 13:05:00,8,6,2,13,5,720,181,MESSIAEN OLIVIER (AV) IM,,,Plein jour,En agglomération,Hors intersection,Normale,Autre collision,,,,,,,,,,,1,2,1,1,6
200800033564,0008-06-02 18:35:00,8,6,2,18,35,720,181,RHIN ET DANUBE (AV) N° I,,,Plein jour,En agglomération,Hors intersection,Normale,Trois véhicules et plus - collisions multiples,,,,,,,,,,,1,2,1,1,5
200800033565,0008-06-04 05:35:00,8,6,4,5,35,720,181,PIFFAULT PIERRE (AV) BES,,,Nuit avec éclairage allumé,En agglomération,Intersection en T,Normale,Deux véhicules - côté,,,,,,,,,,,5,2,3,1,3
200800033566,0008-06-05 15:39:00,8,6,5,15,39,720,181,PANORAMA (RUE DU) N° IMP,,,Plein jour,En agglomération,Hors intersection,Normale,Deux véhicules - arrière,,,,,,,,,,,1,2,1,1,2
200800033567,0008-06-06 08:00:00,8,6,6,8,0,720,3,BEAU SOLEIL (RUE DE),,,Plein jour,En agglomération,Hors intersection,Normale,Deux véhicules - arrière,,,,,,,,,,,1,2,1,1,2
200800033568,0008-06-06 09:30:00,8,6,6,9,30,720,3,MERMOZ JEAN (RUE),,,Plein jour,En agglomération,Hors intersection,Normale,Autre collision,,,,,,,,,,,1,2,1,1,6
200800033569,0008-06-06 21:00:00,8,6,6,21,0,720,181,BOEUFS LE PETIT HOUX (CH,,,Plein jour,En agglomération,Hors intersection,Normale,Deux véhicules - côté,,,,,,,,,,,1,2,1,1,3
200800033570,0008-06-09 16:40:00,8,6,9,16,40,720,181,LEFAUCHEUX PIERRE (BD),,,Plein jour,En agglomération,Hors intersection,Normale,Sans collision,,,,,,,,,,,1,2,1,1,7
200800033571,0008-06-11 08:40:00,8,6,11,8,40,720,181,"188, MAC JEAN (AV) N° PA",,,Plein jour,En agglomération,Hors intersection,Normale,Deux véhicules - arrière,,,,,,,,,,,1,2,1,1,2
200800033572,0008-06-13 11:00:00,8,6,13,11,0,720,181,LAIGNE RUE DE N° IMP 115,,,Plein jour,En agglomération,Hors intersection,Normale,Sans collision,,,,,,,,,,,1,2,1,1,7
200800033573,0008-06-13 12:30:00,8,6,13,12,30,720,181,SABLE (RTE DE ),,,Plein jour,En agglomération,Hors intersection,Normale,Autre collision,,,,,,,,,,,1,2,1,1,6
200800033574,0008-06-13 22:25:00,8,6,13,22,25,720,181,DEMORIEUX (BD) ENTRE HUI,,,Nuit avec éclairage allumé,En agglomération,Intersection en X,Normale,Autre collision,,,,,,,,,,,5,2,2,1,6
200800033575,0008-06-15 19:30:00,8,6,15,19,30,720,181,"183, LEDRU ROLLIN QUAI N",,,Plein jour,En agglomération,Hors intersection,Normale,Autre collision,,,,,,,,,,,1,2,1,1,6
200800033576,0008-06-15 15:22:00,8,6,15,15,22,720,181,"234, JAURES JEAN (AV) N°",,,Plein jour,En agglomération,Hors intersection,Pluie légère,Autre collision,,,,,,,,,,,1,2,1,2,6
200800033577,0008-06-16 23:30:00,8,6,16,23,30,720,181,CUGNOT NICOLAS (BD),,,Nuit avec éclairage allumé,En agglomération,Hors intersection,Normale,Autre collision,,,,,,,,,,,5,2,1,1,6