accident_id,datetime,annee,mois,jour,heure,minute,departement,commune_insee,adresse,latitude,longitude,luminosite,agglomeration,intersection,meteo,collision,nb_vehicules,nb_usagers,nb_indemnes,nb_tues,nb_blesses_hosp,nb_blesses_legers,age_cond_1,age_cond_2,veh_type_cond_1,veh_type_cond_2,lum_code,agg_code,int_code,atm_code,col_code
200800033578,0008-06-19 14:40:00,8,6,19,14,40,720,181,"110, MAILLETS (RUE DES)",,,Plein jour,En agglomération,Intersection en T,Normale,Deux véhicules - côté,,,,,,,,,,,1,2,3,1,3
200800033579,0008-06-19 18:45:00,8,6,19,18,45,720,181,MAC JEAN (AV) N° IMP 1 A,,,Plein jour,En agglomération,Hors intersection,Normale,Deux véhicules - côté,,,,,,,,,,,1,2,1,1,3
200800033580,0008-06-21 01:07:00,8,6,21,1,7,720,181,GARE (BD DE LA),,,Nuit avec éclairage allumé,En agglomération,Hors intersection,Normale,Deux véhicules - côté,,,,,,,,,,,5,2,1,1,3
200800033581,0008-06-25 11:45:00,8,6,25,11,45,720,181,MAC JEAN (AV) N° IMP 1 A,,,Plein jour,En agglomération,Hors intersection,Normale,Deux véhicules - frontale,,,,,,,,,,,1,2,1,1,1
200800033582,0008-06-01 12:00:00,8,6,1,12,0,730,8,CHAMBERY RUE DE,,,Plein jour,En agglomération,Hors intersection,Normale,Autre collision,,,,,,,,,,,1,2,1,1,6
200800033583,0008-06-21 11:45:00,8,6,21,11,45,730,11,PIDDAT (RUE ROBERT),,,Plein jour,En agglomération,Hors intersection,Temps éblouissant,Deux véhicules - frontale,,,,,,,,,,,1,2,1,7,1
200800033584,0008-06-26 00:32:00,8,6,26,0,32,730,11,"0, SAINT SEBASTIEN (MONT",,,Nuit sans éclairage public,En agglomération,Hors intersection,Normale,Autre collision,,,,,,,,,,,3,2,1,1,6
200800033585,0008-06-30 00:01:00,8,6,30,0,1,730,11,"24, JEAN JAURES (AVENUE)",,,Nuit avec éclairage allumé,En agglomération,Intersection en X,Normale,Autre collision,,,,,,,,,,,5,2,2,1,6
200800033586,0008-06-05 16:53:00,8,6,5,16,53,730,222,MARTINIERE ( RUE DE LA ),,,Plein jour,En agglomération,Autre intersection,Normale,Deux véhicules - frontale,,,,,,,,,,,1,2,9,1,1
200800033587,0008-06-16 16:55:00,8,6,16,16,55,730,65,"206, VERDUN (QUAI DE)",,,Plein jour,En agglomération,Hors intersection,Pluie légère,Autre collision,,,,,,,,,,,1,2,1,2,6
200800033588,0008-06-17 16:40:00,8,6,17,16,40,730,65,MACHE (FAUBOURG),,,Plein jour,En agglomération,Giratoire,Normale,Autre collision,,,,,,,,,,,1,2,6,1,6
200800033589,0008-06-30 18:40:00,8,6,30,18,40,730,65,CHANTABORD (RUE DE),,,Plein jour,En agglomération,Hors intersection,Normale,Deux véhicules - frontale,,,,,,,,,,,1,2,1,1,1
200800033590,0008-06-14 01:30:00,8,6,14,1,30,740,10,"02, MARQUISATS (AVENUE D",,,Nuit avec éclairage allumé,En agglomération,Hors intersection,Normale,Autre collision,,,,,,,,,,,5,2,1,1,6
200800033591,0008-06-23 23:40:00,8,6,23,23,40,740,10,"., ALBIGNY (AVE)",,,Nuit sans éclairage public,En agglomération,Intersection en T,Normale,Deux véhicules - côté,,,,,,,,,,,3,2,3,1,3
200800033592,0008-06-22 11:15:00,8,6,22,11,15,740,10,"90, MARQUISATS (AVENUE D",,,Plein jour,En agglomération,Hors intersection,Normale,Autre collision,,,,,,,,,,,1,2,1,1,6
200800033593,0008-06-11 16:18:00,8,6,11,16,18,740,218,RIVE (AVENUE DE LA)  RN5,,,Plein jour,En agglomération,Hors intersection,Normale,Trois véhicules et plus - en chaîne,,,,,,,,,,,1,2,1,1,4
200800033594,0008-06-14 18:20:00,8,6,14,18,20,740,281,DE GAULLE (AV DU GAL) AP,,,Plein jour,En agglomération,Intersection en T,Normale,Trois véhicules et plus - en chaîne,,,,,,,,,,,1,2,3,1,4
200800033595,0008-06-18 16:20:00,8,6,18,16,20,740,281,CLOS DE CHAMPAGNE (CHEMI,,,Plein jour,En agglomération,Hors intersection,Normale,Autre collision,,,,,,,,,,,1,2,1,1,6
200800033596,0008-06-21 16:57:00,8,6,21,16,57,740,281,"4 BIS, EVIAN (AVENUE D')",,,Plein jour,En agglomération,Hors intersection,Temps éblouissant,Autre collision,,,,,,,,,,,1,2,1,7,6
200800033597,0008-06-22 17:30:00,8,6,22,17,30,740,281,LIBERATION (AVENUE DE LA,,,Plein jour,En agglomération,Intersection à plus de 4 branches,Autre,Autre collision,,,,,,,,,,,1,2,5,9,6
200800033598,0008-06-22 18:20:00,8,6,22,18,20,740,172,GRANDVIN (ROUTE DE LA),,,Plein jour,En agglomération,Hors intersection,Normale,Autre collision,,,,,,,,,,,1,2,1,1,6
200800033599,0008-06-24 11:50:00,8,6,24,11,50,740,119,LEGER (QUAI PAUL)  RN5,,,Plein jour,En agglomération,Hors intersection,Normale,Autre collision,,,,,,,,,,,1,2,1,1,6
200800033600,0008-06-26 08:30:00,8,6,26,8,30,740,281,"2, RUE HENRI BAUD",,,Plein jour,En agglomération,Hors intersection,Normale,Autre collision,,,,,,,,,,,1,2,1,1,6
200800033601,0008-06-29 16:15:00,8,6,29,16,15,760,384,RD29,,,Plein jour,En agglomération,Hors intersection,Normale,Deux véhicules - frontale,,,,,,,,,,,1,2,1,1,1
200800033602,0008-06-05 16:28:00,8,6,5,16,28,760,217,"45, DUMAS (ALEXANDRE)",,,Plein jour,En agglomération,Hors intersection,Normale,Sans collision,,,,,,,,,,,1,2,1,1,7
200800033603,0008-06-07 01:00:00,8,6,7,1,0,760,217,"52, boulevard de verdun",,,Nuit avec éclairage allumé,En agglomération,Hors intersection,Normale,Sans collision,,,,,,,,,,,5,2,1,1,7
200800033604,0008-06-12 11:12:00,8,6,12,11,12,760,26,"1, RD 56",,,Plein jour,Hors agglomération,Hors intersection,Normale,Sans collision,,,,,,,,,,,1,1,1,1,7
200800033605,0008-06-14 18:05:00,8,6,14,18,5,760,545,RD 154,,,Plein jour,Hors agglomération,Hors intersection,Normale,Deux véhicules - arrière,,,,,,,,,,,1,1,1,1,2
200800033606,0008-06-15 02:40:00,8,6,15,2,40,760,349,CD 75,,,Nuit sans éclairage public,Hors agglomération,Hors intersection,Normale,Sans collision,,,,,,,,,,,3,1,1,1,7
200800033607,0008-06-23 19:10:00,8,6,23,19,10,760,217,"34, DE GAULLE (GENERAL)",,,Plein jour,En agglomération,Hors intersection,Normale,Sans collision,,,,,,,,,,,1,2,1,1,7
200800033608,0008-06-26 15:55:00,8,6,26,15,55,760,217,"1, ARISTIDE BRIAND (RUE)",,,Plein jour,En agglomération,Hors intersection,Normale,Deux véhicules - côté,,,,,,,,,,,1,2,1,1,3
200800033609,0008-06-30 19:37:00,8,6,30,19,37,760,545,RD 154E,,,Plein jour,Hors agglomération,Hors intersection,Normale,Deux véhicules - arrière,,,,,,,,,,,1,1,1,1,2
200800033610,0008-06-30 21:43:00,8,6,30,21,43,760,217,"10, VERDUN (BOULEVARD DE",,,Plein jour,En agglomération,Hors intersection,Temps éblouissant,Autre collision,,,,,,,,,,,1,2,1,7,6
200800033611,0008-06-03 16:50:00,8,6,3,16,50,760,231,"95, REPUBLIQUE. RUE DE L",,,Plein jour,En agglomération,Hors intersection,Pluie légère,Autre collision,,,,,,,,,,,1,2,1,2,6
200800033612,0008-06-12 22:20:00,8,6,12,22,20,760,705,"1, PERI. BOULEVARD GABRI",,,Crépuscule ou aube,Hors agglomération,Hors intersection,Normale,Sans collision,,,,,,,,,,,2,1,1,1,7
200800033613,0008-06-28 20:00:00,8,6,28,20,0,760,391,"1, 138 RN",,,Plein jour,Hors agglomération,Hors intersection,Normale,Deux véhicules - côté,,,,,,,,,,,1,1,1,1,3
200800033614,0008-06-30 18:05:00,8,6,30,18,5,760,231,"86, NEUBOURG. RUE DU (RN",,,Plein jour,En agglomération,Hors intersection,Normale,Trois véhicules et plus - en chaîne,,,,,,,,,,,1,2,1,1,4
200800033615,0008-06-01 00:30:00,8,6,1,0,30,760,351,"91, SOUTHAMPTON (QUAI DE",,,Nuit avec éclairage allumé,En agglomération,Hors intersection,Normale,Deux véhicules - frontale,,,,,,,,,,,5,2,1,1,1
200800033616,0008-06-01 01:00:00,8,6,1,1,0,760,351,"225, JEAN JAURES (AVENUE",,,Nuit avec éclairage non allumé,En agglomération,Hors intersection,Normale,Autre collision,,,,,,,,,,,4,2,1,1,6
200800033617,0008-06-02 16:05:00,8,6,2,16,5,760,351,"Néant, NICOLAS II (AVENU",,,Plein jour,En agglomération,Intersection en T,Normale,Deux véhicules - frontale,,,,,,,,,,,1,2,3,1,1
200800033618,0008-06-04 11:15:00,8,6,4,11,15,760,351,"411, ARISTIDE BRIAND >31",,,Plein jour,En agglomération,Intersection en T,Normale,Deux véhicules - côté,,,,,,,,,,,1,2,3,1,3
200800033619,0008-06-04 19:35:00,8,6,4,19,35,760,351,"NEANT, ALGER",,,Plein jour,En agglomération,Intersection en T,Normale,Deux véhicules - côté,,,,,,,,,,,1,2,3,1,3
200800033620,0008-06-05 07:45:00,8,6,5,7,45,760,351,"néant, ANDRE CARETTE",,,Plein jour,En agglomération,Intersection en X,Normale,Autre collision,,,,,,,,,,,1,2,2,1,6
200800033621,0008-06-07 23:10:00,8,6,7,23,10,760,447,"30, MARECHAL FOCH",,,Nuit avec éclairage allumé,En agglomération,Hors intersection,Normale,Autre collision,,,,,,,,,,,5,2,1,1,6
200800033622,0008-06-09 15:30:00,8,6,9,15,30,760,351,"NEANT, IRENE JOLIOT CURI",,,Plein jour,En agglomération,Hors intersection,Normale,Deux véhicules - frontale,,,,,,,,,,,1,2,1,1,1
200800033623,0008-06-11 03:05:00,8,6,11,3,5,760,351,"58, ALBERT 1ER",,,Nuit avec éclairage allumé,En agglomération,Hors intersection,Normale,Sans collision,,,,,,,,,,,5,2,1,1,7
200800033624,0008-06-11 16:45:00,8,6,11,16,45,760,351,"néant, LENINGRAD (BD DE)",,,Plein jour,Hors agglomération,Hors intersection,Normale,Trois véhicules et plus - collisions multiples,,,,,,,,,,,1,1,1,1,5
200800033625,0008-06-12 17:45:00,8,6,12,17,45,760,351,"Néant, AVENIR (DE L')",,,Plein jour,En agglomération,Intersection en X,Normale,Deux véhicules - côté,,,,,,,,,,,1,2,2,1,3
200800033626,0008-06-13 11:40:00,8,6,13,11,40,760,351,"11, HENRI WALLON (ALLEE)",,,Plein jour,En agglomération,Hors intersection,Normale,Autre collision,,,,,,,,,,,1,2,1,1,6
200800033627,0008-06-14 11:45:00,8,6,14,11,45,760,351,"Néant, VERDUN",,,Plein jour,En agglomération,Intersection en Y,Normale,Deux véhicules - côté,,,,,,,,,,,1,2,4,1,3
200800033628,0008-06-15 05:30:00,8,6,15,5,30,760,351,PHILIPPE LEBON,,,Plein jour,En agglomération,Intersection en T,Normale,Deux véhicules - côté,,,,,,,,,,,1,2,3,1,3
200800033629,0008-06-15 18:50:00,8,6,15,18,50,760,351,"Néant, LUCIEN CORBEAUX (",,,Plein jour,En agglomération,Hors intersection,Normale,Sans collision,,,,,,,,,,,1,2,1,1,7
200800033630,0008-06-16 11:55:00,8,6,16,11,55,760,351,"NEANT, PARIS (DE)",,,Plein jour,En agglomération,Intersection en X,Normale,Deux véhicules - côté,,,,,,,,,,,1,2,2,1,3
200800033631,0008-06-21 22:50:00,8,6,21,22,50,760,341,"NEANT, LOUIS LEFEBVRE",,,Crépuscule ou aube,En agglomération,Hors intersection,Normale,Autre collision,,,,,,,,,,,2,2,1,1,6
200800033632,0008-06-23 13:55:00,8,6,23,13,55,760,351,"Néant, BIGNE A FOSSE (vo",,,Plein jour,En agglomération,Intersection en X,Normale,Deux véhicules - côté,,,,,,,,,,,1,2,2,1,3
200800033633,0008-06-26 13:10:00,8,6,26,13,10,760,552,"Néant, GENERAL DE GAULLE",,,Plein jour,En agglomération,Hors intersection,Normale,Autre collision,,,,,,,,,,,1,2,1,1,6
200800033634,0008-06-03 13:20:00,8,6,3,13,20,770,108,"42, GENERAL DE GAULLE (A",,,Plein jour,En agglomération,Hors intersection,Normale,Deux véhicules - frontale,,,,,,,,,,,1,2,1,1,1
200800033635,0008-06-14 09:45:00,8,6,14,9,45,770,108,MENDES FRANCE (BLD PIERR,,,Plein jour,En agglomération,Hors intersection,Normale,Deux véhicules - arrière,,,,,,,,,,,1,2,1,1,2
200800033636,0008-06-22 01:05:00,8,6,22,1,5,770,108,MONTFERMEIL (ROUTE DE),,,Nuit avec éclairage allumé,En agglomération,Hors intersection,Normale,Autre collision,,,,,,,,,,,5,2,1,1,6
200800033637,0008-06-23 07:00:00,8,6,23,7,0,770,108,MARECHAL FOCH (AVENUE DU,,,Plein jour,En agglomération,Hors intersection,Normale,Deux véhicules - côté,,,,,,,,,,,1,2,1,1,3
200800033638,0008-06-25 17:10:00,8,6,25,17,10,770,363,CROIX (CHEMIN DE LA),,,Plein jour,En agglomération,Hors intersection,Normale,Autre collision,,,,,,,,,,,1,2,1,1,6
200800033639,0008-06-26 19:30:00,8,6,26,19,30,770,108,GENDARME CASTERMANT (AVE,,,Plein jour,En agglomération,Hors intersection,Normale,Deux véhicules - arrière,,,,,,,,,,,1,2,1,1,2
200800033640,0008-06-20 21:05:00,8,6,20,21,5,770,131,"1, JEHAN DE BRIE (AVENUE",,,Plein jour,En agglomération,Hors intersection,Normale,Trois véhicules et plus - collisions multiples,,,,,,,,,,,1,2,1,1,5
200800033641,0008-06-21 18:00:00,8,6,21,18,0,770,131,D402 (DEVIATION),,,Plein jour,Hors agglomération,Hors intersection,Normale,Autre collision,,,,,,,,,,,1,1,1,1,6
200800033642,0008-06-23 16:00:00,8,6,23,16,0,770,371,D 15,,,Plein jour,Hors agglomération,Intersection en T,Normale,Deux véhicules - côté,,,,,,,,,,,1,1,3,1,3
200800033643,0008-06-21 15:50:00,8,6,21,15,50,770,152,GARE(RUE DE LA),,,Plein jour,En agglomération,Hors intersection,Normale,Deux véhicules - frontale,,,,,,,,,,,1,2,1,1,1
200800033644,0008-06-10 08:35:00,8,6,10,8,35,770,186,RD 142 Glandée au grand,,,Plein jour,Hors agglomération,Intersection en X,Normale,Deux véhicules - côté,,,,,,,,,,,1,1,2,1,3
200800033645,0008-06-17 21:55:00,8,6,17,21,55,770,186,D137. PanONF thom. carr.,,,Nuit sans éclairage public,Hors agglomération,Hors intersection,Normale,Sans collision,,,,,,,,,,,3,1,1,1,7
200800033646,0008-06-20 16:55:00,8,6,20,16,55,770,14,"61, FRANKLIN ROOSEVELT (",,,Plein jour,En agglomération,Hors intersection,Normale,Autre collision,,,,,,,,,,,1,2,1,1,6
200800033647,0008-06-21 10:40:00,8,6,21,10,40,770,186,RD148 carrefour DIANE à,,,Plein jour,Hors agglomération,Hors intersection,Normale,Deux véhicules - côté,,,,,,,,,,,1,1,1,1,3
200800033648,0008-06-24 07:15:00,8,6,24,7,15,770,186,D138. girat.valvins à cr,,,Plein jour,Hors agglomération,Hors intersection,Normale,Deux véhicules - arrière,,,,,,,,,,,1,1,1,1,2
200800033649,0008-06-24 08:20:00,8,6,24,8,20,770,186,D606 de l'obélisque à li,,,Plein jour,Hors agglomération,Hors intersection,Normale,Autre collision,,,,,,,,,,,1,1,1,1,6
200800033650,0008-06-30 17:50:00,8,6,30,17,50,770,14,"49, FRANKLIN ROOSEVELT (",,,Plein jour,En agglomération,Hors intersection,Temps éblouissant,Autre collision,,,,,,,,,,,1,2,1,7,6
200800033651,0008-06-27 18:35:00,8,6,27,18,35,770,58,"20, MARIE CURIE  (AVENUE",,,Plein jour,En agglomération,Hors intersection,Normale,Autre collision,,,,,,,,,,,1,2,1,1,6
200800033652,0008-06-02 08:15:00,8,6,2,8,15,770,284,"12, TESSAN (RUE FRANCOIS",,,Plein jour,En agglomération,Hors intersection,Pluie légère,Trois véhicules et plus - collisions multiples,,,,,,,,,,,1,2,1,2,5
200800033653,0008-06-04 12:20:00,8,6,4,12,20,770,358,RN 330,,,Plein jour,Hors agglomération,Hors intersection,Normale,Sans collision,,,,,,,,,,,1,1,1,1,7
200800033654,0008-06-01 03:05:00,8,6,1,3,5,770,384,D.306,,,Nuit sans éclairage public,En agglomération,Hors intersection,Normale,Trois véhicules et plus - en chaîne,,,,,,,,,,,3,2,1,1,4
200800033655,0008-06-01 21:43:00,8,6,1,21,43,770,96,GENERAL SALANSON  (RUE D,,,Nuit sans éclairage public,Hors agglomération,Hors intersection,Normale,Sans collision,,,,,,,,,,,3,1,1,1,7
200800033656,0008-06-02 01:30:00,8,6,2,1,30,770,487,"41, VAUX  (PROMENADE DE)",,,Nuit avec éclairage allumé,En agglomération,Hors intersection,Pluie légère,Autre collision,,,,,,,,,,,5,2,1,2,6
200800033657,0008-06-09 17:05:00,8,6,9,17,5,770,288,"5, JAURES (AVENUE JEAN)",,,Plein jour,En agglomération,Hors intersection,Normale,Autre collision,,,,,,,,,,,1,2,1,1,6
200800033658,0008-06-10 13:05:00,8,6,10,13,5,770,288,"30, THIERS   (AVENUE)",,,Plein jour,En agglomération,Hors intersection,Normale,Autre collision,,,,,,,,,,,1,2,1,1,6
200800033659,0008-06-10 16:45:00,8,6,10,16,45,770,495,D.306,,,Plein jour,Hors agglomération,Hors intersection,Normale,Deux véhicules - arrière,,,,,,,,,,,1,1,1,1,2
200800033660,0008-06-20 20:05:00,8,6,20,20,5,770,288,"7 à 9, GEORGES BERNANOS",,,Plein jour,En agglomération,Hors intersection,Normale,Autre collision,,,,,,,,,,,1,2,1,1,6
200800033661,0008-06-30 17:40:00,8,6,30,17,40,770,495,D.346,,,Plein jour,Hors agglomération,Hors intersection,Normale,Autre collision,,,,,,,,,,,1,1,1,1,6
200800033662,0008-06-19 17:25:00,8,6,19,17,25,770,294,RN 2,,,Plein jour,Hors agglomération,Hors intersection,Pluie forte,Autre collision,,,,,,,,,,,1,1,1,3,6
200800033663,0008-06-07 01:20:00,8,6,7,1,20,770,123,CD 212,,,Nuit sans éclairage public,Hors agglomération,Hors intersection,Normale,Sans collision,,,,,,,,,,,3,1,1,1,7
200800033664,0008-06-09 08:30:00,8,6,9,8,30,770,294,"36, ROGER SALLENGRO (RUE",,,Plein jour,En agglomération,Intersection en Y,Normale,Autre collision,,,,,,,,,,,1,2,4,1,6
200800033665,0008-06-17 16:10:00,8,6,17,16,10,770,294,"7, DOCTEUR INFROY (RUE D",,,Plein jour,En agglomération,Hors intersection,Normale,Autre collision,,,,,,,,,,,1,2,1,1,6
200800033666,0008-06-11 08:25:00,8,6,11,8,25,770,123,CD 212,,,Plein jour,Hors agglomération,Giratoire,Normale,Sans collision,,,,,,,,,,,1,1,6,1,7
200800033667,0008-06-25 16:35:00,8,6,25,16,35,770,294,C.D. 84,,,Plein jour,Hors agglomération,Hors intersection,Normale,Trois véhicules et plus - collisions multiples,,,,,,,,,,,1,1,1,1,5
200800033668,0008-06-18 17:40:00,8,6,18,17,40,770,305,NOUES (QUAI DES),,,Plein jour,En agglomération,Hors intersection,Normale,Trois véhicules et plus - collisions multiples,,,,,,,,,,,1,2,1,1,5
200800033669,0008-06-25 22:55:00,8,6,25,22,55,770,458,"00, LAVOIR (RUE DU)",,,Nuit avec éclairage allumé,Hors agglomération,Hors intersection,Normale,Sans collision,,,,,,,,,,,5,1,1,1,7
200800033670,0008-06-11 18:35:00,8,6,11,18,35,770,83,"02, PYRAMIDES (AVENUE DE",,,Plein jour,En agglomération,Giratoire,Normale,Deux véhicules - côté,,,,,,,,,,,1,2,6,1,3
200800033671,0008-06-10 08:40:00,8,6,10,8,40,770,83,AMPERE (AVENUE),,,Plein jour,En agglomération,Hors intersection,Normale,Sans collision,,,,,,,,,,,1,2,1,1,7
200800033672,0008-06-03 13:02:00,8,6,3,13,2,770,468,"2, GENERAL DE GAULLE (RU",,,Plein jour,En agglomération,Giratoire,Normale,Autre collision,,,,,,,,,,,1,2,6,1,6
200800033673,0008-06-13 17:40:00,8,6,13,17,40,770,337,BUISSON (COURS DU),,,Plein jour,En agglomération,Hors intersection,Normale,Autre collision,,,,,,,,,,,1,2,1,1,6
200800033674,0008-06-20 17:15:00,8,6,20,17,15,770,83,"9, GENERAL DE  GAULLE (A",,,Plein jour,En agglomération,Hors intersection,Normale,Autre collision,,,,,,,,,,,1,2,1,1,6
200800033675,0008-06-21 07:20:00,8,6,21,7,20,770,337,"10, BUISSON (COURS DU)",,,Plein jour,En agglomération,Hors intersection,Normale,Autre collision,,,,,,,,,,,1,2,1,1,6
200800033676,0008-06-27 13:00:00,8,6,27,13,0,770,121,"08, MARNE ET GONDOIRE (R",,,Plein jour,En agglomération,Hors intersection,Normale,Autre collision,,,,,,,,,,,1,2,1,1,6
200800033677,0008-06-27 19:30:00,8,6,27,19,30,770,337,"12, MARE BLANCHE (RUE DE",,,Plein jour,En agglomération,Hors intersection,Normale,Sans collision,,,,,,,,,,,1,2,1,1,7
200800033678,0008-06-27 20:56:00,8,6,27,20,56,770,468,MOGOTTE (RUE DE LA),,,Crépuscule ou aube,En agglomération,Intersection en X,Normale,Deux véhicules - arrière,,,,,,,,,,,2,2,2,1,2
200800033679,0008-06-03 16:00:00,8,6,3,16,0,770,373,"98, PRES ST MARTIN (RUE",,,Plein jour,En agglomération,Hors intersection,Normale,Deux véhicules - arrière,,,,,,,,,,,1,2,1,1,2
200800033680,0008-06-10 18:30:00,8,6,10,18,30,770,373,PARIS (RUE DE- RN 4 ),,,Plein jour,Hors agglomération,Hors intersection,Normale,Deux véhicules - côté,,,,,,,,,,,1,1,1,1,3
200800033681,0008-06-19 19:15:00,8,6,19,19,15,770,404,"68, (Libération) avenue",,,Plein jour,Hors agglomération,Hors intersection,Pluie forte,Deux véhicules - frontale,,,,,,,,,,,1,1,1,3,1
200800033682,0008-06-07 18:15:00,8,6,7,18,15,770,514,"1, JEAN MONNET (AVENUE)",,,Plein jour,En agglomération,Giratoire,Pluie légère,Deux véhicules - arrière,,,,,,,,,,,1,2,6,2,2
200800033683,0008-06-18 14:15:00,8,6,18,14,15,770,118,PASTEUR (AVENUE),,,Plein jour,Hors agglomération,Intersection en T,Normale,Deux véhicules - côté,,,,,,,,,,,1,1,3,1,3
200800033684,0008-06-24 07:10:00,8,6,24,7,10,770,118,ROUTE NATIONALE 3,,,Plein jour,Hors agglomération,Hors intersection,Normale,Autre collision,,,,,,,,,,,1,1,1,1,6
200800033685,0008-06-04 17:55:00,8,6,4,17,55,780,92,DRIONNE (AVENUE DE LA),,,Plein jour,En agglomération,Hors intersection,Normale,Autre collision,,,,,,,,,,,1,2,1,1,6
200800033686,0008-06-06 15:15:00,8,6,6,15,15,780,126,JONCHERE (AVENUE DE LA),,,Plein jour,En agglomération,Hors intersection,Normale,Deux véhicules - arrière,,,,,,,,,,,1,2,1,1,2
200800033687,0008-06-13 14:40:00,8,6,13,14,40,780,126,JONCHERE (AVENUE DE LA),,,Plein jour,En agglomération,Hors intersection,Normale,Autre collision,,,,,,,,,,,1,2,1,1,6
200800033688,0008-06-19 17:30:00,8,6,19,17,30,780,15,"3, GARE (RUE DE LA)",,,Plein jour,En agglomération,Hors intersection,Normale,Deux véhicules - côté,,,,,,,,,,,1,2,1,1,3
200800033689,0008-06-03 08:25:00,8,6,3,8,25,780,423,PRES (AVENUE DES),,,Plein jour,En agglomération,Intersection en T,Temps couvert,Sans collision,,,,,,,,,,,1,2,3,8,7
200800033690,0008-06-10 09:15:00,8,6,10,9,15,780,423,Trois Communes (Rond Poi,,,Plein jour,En agglomération,Hors intersection,Normale,Deux véhicules - arrière,,,,,,,,,,,1,2,1,1,2
200800033691,0008-06-10 16:00:00,8,6,10,16,0,780,297,BLERIOT (RUE LOUIS),,,Plein jour,En agglomération,Hors intersection,Normale,Sans collision,,,,,,,,,,,1,2,1,1,7
200800033692,0008-06-14 11:20:00,8,6,14,11,20,780,297,"ignoré, GOETHE (RUE JOHA",,,Plein jour,En agglomération,Intersection en X,Normale,Deux véhicules - côté,,,,,,,,,,,1,2,2,1,3
200800033693,0008-06-03 22:55:00,8,6,3,22,55,780,423,PRES (AVENUE DES),,,Nuit avec éclairage allumé,En agglomération,Hors intersection,Pluie légère,Deux véhicules - arrière,,,,,,,,,,,5,2,1,2,2
200800033694,0008-06-30 18:45:00,8,6,30,18,45,780,297,JOULE (RUE JAMES),,,Plein jour,En agglomération,Hors intersection,Normale,Autre collision,,,,,,,,,,,1,2,1,1,6
200800033695,0008-06-23 20:20:00,8,6,23,20,20,780,297,TROUX (ROUTE DE),,,Plein jour,En agglomération,Intersection en T,Pluie légère,Deux véhicules - arrière,,,,,,,,,,,1,2,3,2,2
200800033696,0008-06-07 19:55:00,8,6,7,19,55,780,311,"49, FERDINAND BUISSON (R",,,Plein jour,En agglomération,Intersection en T,Temps couvert,Deux véhicules - côté,,,,,,,,,,,1,2,3,8,3
200800033697,0008-06-28 13:20:00,8,6,28,13,20,780,358,EGLE (AVENUE),,,Plein jour,En agglomération,Intersection à plus de 4 branches,Normale,Deux véhicules - côté,,,,,,,,,,,1,2,5,1,3
200800033698,0008-06-03 17:25:00,8,6,3,17,25,780,335,"08, EDOUARD FOSSE",,,Plein jour,En agglomération,Hors intersection,Pluie légère,Autre collision,,,,,,,,,,,1,2,1,2,6
200800033699,0008-06-04 18:55:00,8,6,4,18,55,780,335,"14, RUE CAMILLE DESMOULI",,,Plein jour,En agglomération,Hors intersection,Normale,Deux véhicules - frontale,,,,,,,,,,,1,2,1,1,1
200800033700,0008-06-06 07:55:00,8,6,6,7,55,780,362,R.D 983,,,Plein jour,En agglomération,Hors intersection,Normale,Deux véhicules - frontale,,,,,,,,,,,1,2,1,1,1
200800033701,0008-06-11 14:20:00,8,6,11,14,20,780,362,"53, AVENUE DU MANTOIS",,,Plein jour,En agglomération,Hors intersection,Normale,Deux véhicules - côté,,,,,,,,,,,1,2,1,1,3
200800033702,0008-06-17 17:45:00,8,6,17,17,45,780,217,D191 Route de Nezel,,,Plein jour,En agglomération,Hors intersection,Normale,Deux véhicules - côté,,,,,,,,,,,1,2,1,1,3
200800033703,0008-06-17 20:20:00,8,6,17,20,20,780,217,"00, CHEMIN VERT",,,Plein jour,En agglomération,Hors intersection,Normale,Autre collision,,,,,,,,,,,1,2,1,1,6
200800033704,0008-06-25 16:30:00,8,6,25,16,30,780,362,RUE DU 8 MAI 1945,,,Plein jour,En agglomération,Intersection en T,Normale,Deux véhicules - côté,,,,,,,,,,,1,2,3,1,3
200800033705,0008-06-27 13:30:00,8,6,27,13,30,780,335,"00, RD983",,,Plein jour,En agglomération,Hors intersection,Normale,Sans collision,,,,,,,,,,,1,2,1,1,7
200800033706,0008-06-27 13:45:00,8,6,27,13,45,780,335,"00, Cd 190",,,Plein jour,En agglomération,Hors intersection,Normale,Deux véhicules - arrière,,,,,,,,,,,1,2,1,1,2
200800033707,0008-06-27 20:45:00,8,6,27,20,45,780,362,AVENUE DU BREUIL,,,Crépuscule ou aube,En agglomération,Intersection en X,Normale,Deux véhicules - côté,,,,,,,,,,,2,2,2,1,3
200800033708,0008-06-29 22:00:00,8,6,29,22,0,780,362,BOULEVARD ROGER SALENGRO,,,Nuit avec éclairage allumé,En agglomération,Intersection en X,Normale,Deux véhicules - côté,,,,,,,,,,,5,2,2,1,3
200800033709,0008-06-30 16:55:00,8,6,30,16,55,780,361,"03, RUE DU LAVOIR",,,Plein jour,En agglomération,Hors intersection,Normale,Autre collision,,,,,,,,,,,1,2,1,1,6
200800033710,0008-06-04 13:10:00,8,6,4,13,10,780,372,"15, BERANGER (AVENUE)",,,Plein jour,En agglomération,Hors intersection,Normale,Autre collision,,,,,,,,,,,1,2,1,1,6
200800033711,0008-06-02 18:20:00,8,6,2,18,20,780,299,"12, GODEURS (RUE DES)",,,Plein jour,En agglomération,Hors intersection,Normale,Autre collision,,,,,,,,,,,1,2,1,1,6