accident_id,datetime,annee,mois,jour,heure,minute,departement,commune_insee,adresse,latitude,longitude,luminosite,agglomeration,intersection,meteo,collision,nb_vehicules,nb_usagers,nb_indemnes,nb_tues,nb_blesses_hosp,nb_blesses_legers,age_cond_1,age_cond_2,veh_type_cond_1,veh_type_cond_2,lum_code,agg_code,int_code,atm_code,col_code
200800033712,0008-06-08 11:45:00,8,6,8,11,45,780,401,D 922,,,Plein jour,Hors agglomération,Hors intersection,Normale,Autre collision,,,,,,,,,,,1,1,1,1,6
200800033713,0008-06-11 17:30:00,8,6,11,17,30,780,238,RENAULT (ROUTE DE),,,Plein jour,Hors agglomération,Hors intersection,Normale,Deux véhicules - arrière,,,,,,,,,,,1,1,1,1,2
200800033714,0008-06-12 08:25:00,8,6,12,8,25,780,29,DIXMUDE (AVENUE DE),,,Plein jour,En agglomération,Intersection en X,Normale,Deux véhicules - côté,,,,,,,,,,,1,2,2,1,3
200800033715,0008-06-13 17:55:00,8,6,13,17,55,780,403,CHATEAUBRIAND (AVENUE),,,Plein jour,Hors agglomération,Hors intersection,Normale,Trois véhicules et plus - en chaîne,,,,,,,,,,,1,1,1,1,4
200800033716,0008-06-16 17:55:00,8,6,16,17,55,780,440,LOUIS BLERIOT (RUE),,,Plein jour,En agglomération,Hors intersection,Normale,Autre collision,,,,,,,,,,,1,2,1,1,6
200800033717,0008-06-15 17:50:00,8,6,15,17,50,780,440,LOUIS BLERIOT (RUE),,,Plein jour,En agglomération,Intersection en T,Normale,Autre collision,,,,,,,,,,,1,2,3,1,6
200800033718,0008-06-17 08:35:00,8,6,17,8,35,780,401,AULNES (AVENUE DES),,,Plein jour,En agglomération,Intersection en T,Normale,Deux véhicules - frontale,,,,,,,,,,,1,2,3,1,1
200800033719,0008-06-21 17:50:00,8,6,21,17,50,780,440,"150, MARECHAL FOCH (AVEN",,,Plein jour,En agglomération,Hors intersection,Normale,Trois véhicules et plus - en chaîne,,,,,,,,,,,1,2,1,1,4
200800033720,0008-06-22 16:40:00,8,6,22,16,40,780,638,PONTOISE (ROUTE DE),,,Plein jour,Hors agglomération,Hors intersection,Normale,Deux véhicules - frontale,,,,,,,,,,,1,1,1,1,1
200800033721,0008-06-24 17:30:00,8,6,24,17,30,780,29,FLEURIOTTES (RUE DES),,,Plein jour,En agglomération,Intersection en X,Normale,Deux véhicules - côté,,,,,,,,,,,1,2,2,1,3
200800033722,0008-06-25 14:00:00,8,6,25,14,0,780,638,JEAN LOUVET (RUE),,,Plein jour,En agglomération,Intersection en X,Normale,Deux véhicules - côté,,,,,,,,,,,1,2,2,1,3
200800033723,0008-06-27 07:00:00,8,6,27,7,0,780,440,MARECHAL FOCH (AVENUE DU,,,Plein jour,En agglomération,Hors intersection,Normale,Deux véhicules - frontale,,,,,,,,,,,1,2,1,1,1
200800033724,0008-06-25 14:50:00,8,6,25,14,50,780,299,CARNOT (BOULEVARD),,,Plein jour,En agglomération,Hors intersection,Normale,Deux véhicules - arrière,,,,,,,,,,,1,2,1,1,2
200800033725,0008-06-11 19:10:00,8,6,11,19,10,780,490,DE GAULLE (AVENUE DU GEN,,,Plein jour,En agglomération,Intersection en X,Normale,Deux véhicules - côté,,,,,,,,,,,1,2,2,1,3
200800033726,0008-06-14 10:20:00,8,6,14,10,20,780,165,BARBUSSE (AVENUE HENRY),,,Plein jour,En agglomération,Hors intersection,Normale,Sans collision,,,,,,,,,,,1,2,1,1,7
200800033727,0008-06-21 17:55:00,8,6,21,17,55,780,490,"5, ROBESPIERRE (AVENUE M",,,Plein jour,En agglomération,Giratoire,Normale,Sans collision,,,,,,,,,,,1,2,6,1,7
200800033728,0008-06-23 11:45:00,8,6,23,11,45,780,490,VERNE (RUE JULES),,,Plein jour,En agglomération,Hors intersection,Normale,Sans collision,,,,,,,,,,,1,2,1,1,7
200800033729,0008-06-27 08:45:00,8,6,27,8,45,780,490,PASTEUR (RUE),,,Plein jour,En agglomération,Hors intersection,Normale,Trois véhicules et plus - en chaîne,,,,,,,,,,,1,2,1,1,4
200800033730,0008-06-25 07:35:00,8,6,25,7,35,780,490,LAURENT (AVENUE MARC),,,Plein jour,En agglomération,Hors intersection,Normale,Deux véhicules - arrière,,,,,,,,,,,1,2,1,1,2
200800033731,0008-06-03 17:35:00,8,6,3,17,35,780,123,ANDRESY ROUTE,,,Plein jour,En agglomération,Hors intersection,Normale,Autre collision,,,,,,,,,,,1,2,1,1,6
200800033732,0008-06-11 23:00:00,8,6,11,23,0,780,642,SAINT MARTIN RUE,,,Nuit avec éclairage allumé,En agglomération,Intersection en T,Normale,Deux véhicules - côté,,,,,,,,,,,5,2,3,1,3
200800033733,0008-06-03 09:20:00,8,6,3,9,20,780,123,EUROPE (RN 190) AVENUE D,,,Plein jour,En agglomération,Hors intersection,Normale,Deux véhicules - arrière,,,,,,,,,,,1,2,1,1,2
200800033734,0008-06-16 18:45:00,8,6,16,18,45,780,498,CASTILLE AV BLANCHE DE,,,Plein jour,En agglomération,Intersection en X,Normale,Deux véhicules - côté,,,,,,,,,,,1,2,2,1,3
200800033735,0008-06-20 20:05:00,8,6,20,20,5,780,123,EUROPE (RN 190) AVENUE D,,,Plein jour,En agglomération,Hors intersection,Normale,Deux véhicules - arrière,,,,,,,,,,,1,2,1,1,2
200800033736,0008-06-24 09:45:00,8,6,24,9,45,780,498,CEP AVENUE DU,,,Plein jour,En agglomération,Intersection en T,Normale,Autre collision,,,,,,,,,,,1,2,3,1,6
200800033737,0008-06-25 17:20:00,8,6,25,17,20,780,123,EUROPE (RN 190) AVENUE D,,,Plein jour,En agglomération,Autre intersection,Normale,Deux véhicules - côté,,,,,,,,,,,1,2,9,1,3
200800033738,0008-06-26 07:00:00,8,6,26,7,0,780,624,RD1,,,Plein jour,Hors agglomération,Hors intersection,Normale,Autre collision,,,,,,,,,,,1,1,1,1,6
200800033739,0008-06-28 15:35:00,8,6,28,15,35,780,498,MEISSONIER AV,,,Plein jour,En agglomération,Hors intersection,Normale,Autre collision,,,,,,,,,,,1,2,1,1,6
200800033740,0008-06-27 16:35:00,8,6,27,16,35,780,498,MALADRERIE AV DE LA,,,Plein jour,En agglomération,Intersection en T,Normale,Deux véhicules - côté,,,,,,,,,,,1,2,3,1,3
200800033741,0008-06-29 14:20:00,8,6,29,14,20,780,498,QUARANTE SOUS ROUTE DE,,,Plein jour,Hors agglomération,Hors intersection,Normale,Deux véhicules - arrière,,,,,,,,,,,1,1,1,1,2
200800033742,0008-06-01 23:55:00,8,6,1,23,55,780,498,FOCH AV,,,Nuit avec éclairage allumé,En agglomération,Intersection en X,Normale,Deux véhicules - côté,,,,,,,,,,,5,2,2,1,3
200800033743,0008-06-12 20:00:00,8,6,12,20,0,780,269,BRAY (ROUTE DU),,,Plein jour,Hors agglomération,Hors intersection,Normale,Sans collision,,,,,,,,,,,1,1,1,1,7
200800033744,0008-06-14 08:30:00,8,6,14,8,30,780,517,RN 10,,,Plein jour,Hors agglomération,Hors intersection,Normale,Deux véhicules - arrière,,,,,,,,,,,1,1,1,1,2
200800033745,0008-06-20 01:35:00,8,6,20,1,35,780,486,RN 10,,,Nuit sans éclairage public,Hors agglomération,Hors intersection,Normale,Sans collision,,,,,,,,,,,3,1,1,1,7
200800033746,0008-06-23 10:30:00,8,6,23,10,30,780,517,RN 10,,,Plein jour,Hors agglomération,Hors intersection,Normale,Trois véhicules et plus - en chaîne,,,,,,,,,,,1,1,1,1,4
200800033747,0008-06-26 13:40:00,8,6,26,13,40,780,517,"55, LENOTRE (RUE G.)",,,Plein jour,En agglomération,Intersection en T,Normale,Deux véhicules - côté,,,,,,,,,,,1,2,3,1,3
200800033748,0008-06-27 07:50:00,8,6,27,7,50,780,517,"32, CLAIREFONTAINE (RUE",,,Plein jour,En agglomération,Hors intersection,Normale,Deux véhicules - côté,,,,,,,,,,,1,2,1,1,3
200800033749,0008-06-03 14:50:00,8,6,3,14,50,780,551,RN 13,,,Plein jour,Hors agglomération,Hors intersection,Normale,Deux véhicules - arrière,,,,,,,,,,,1,1,1,1,2
200800033750,0008-06-08 09:10:00,8,6,8,9,10,780,551,"ignoré, CROIX DE FER (DE",,,Plein jour,En agglomération,Hors intersection,Normale,Autre collision,,,,,,,,,,,1,2,1,1,6
200800033751,0008-06-17 18:00:00,8,6,17,18,0,780,551,RN 184,,,Plein jour,Hors agglomération,Hors intersection,Normale,Deux véhicules - frontale,,,,,,,,,,,1,1,1,1,1
200800033752,0008-06-20 15:50:00,8,6,20,15,50,780,551,"ignoré, MALRAUX (PLACE A",,,Plein jour,En agglomération,Hors intersection,Normale,Autre collision,,,,,,,,,,,1,2,1,1,6
200800033753,0008-06-28 01:30:00,8,6,28,1,30,780,551,RN 184,,,Nuit sans éclairage public,Hors agglomération,Hors intersection,Normale,Autre collision,,,,,,,,,,,3,1,1,1,6
200800033754,0008-06-05 08:45:00,8,6,5,8,45,780,586,BROSSOLETTE,,,Plein jour,En agglomération,Intersection en X,Normale,Autre collision,,,,,,,,,,,1,2,2,1,6
200800033755,0008-06-08 21:05:00,8,6,8,21,5,780,586,"3, MALRAUX (ANDRE)",,,Plein jour,En agglomération,Hors intersection,Normale,Autre collision,,,,,,,,,,,1,2,1,1,6
200800033756,0008-06-13 06:30:00,8,6,13,6,30,780,586,DIDEROT,,,Crépuscule ou aube,En agglomération,Intersection en T,Normale,Deux véhicules - côté,,,,,,,,,,,2,2,3,1,3
200800033757,0008-06-13 17:30:00,8,6,13,17,30,780,586,REPUBLIQUE (AVENUE) N° I,,,Plein jour,En agglomération,Intersection en T,Normale,Deux véhicules - arrière,,,,,,,,,,,1,2,3,1,2
200800033758,0008-06-23 09:00:00,8,6,23,9,0,780,586,SCHUMAN (ROBERT),,,Plein jour,En agglomération,Intersection en T,Normale,Deux véhicules - côté,,,,,,,,,,,1,2,3,1,3
200800033759,0008-06-20 08:35:00,8,6,20,8,35,780,586,MICHEL (LOUISE),,,Plein jour,En agglomération,Intersection en T,Normale,Autre collision,,,,,,,,,,,1,2,3,1,6
200800033760,0008-06-24 17:10:00,8,6,24,17,10,780,586,MAUPASSANT (GUY DE) N° I,,,Plein jour,En agglomération,Intersection en T,Normale,Autre collision,,,,,,,,,,,1,2,3,1,6
200800033761,0008-06-01 07:05:00,8,6,1,7,5,780,621,ALLENDE (AVE. SALV.)(NOR,,,Plein jour,Hors agglomération,Hors intersection,Normale,Deux véhicules - côté,,,,,,,,,,,1,1,1,1,3
200800033762,0008-06-10 11:00:00,8,6,10,11,0,780,621,HENNEQUIN (AVENUE ROGER),,,Plein jour,En agglomération,Intersection en T,Normale,Deux véhicules - côté,,,,,,,,,,,1,2,3,1,3
200800033763,0008-06-21 17:25:00,8,6,21,17,25,780,621,NATIONALE 10   (ROUTE),,,Plein jour,En agglomération,Hors intersection,Normale,Deux véhicules - arrière,,,,,,,,,,,1,2,1,1,2
200800033764,0008-06-21 12:10:00,8,6,21,12,10,780,621,JAURES (RUE JEAN),,,Plein jour,En agglomération,Hors intersection,Normale,Sans collision,,,,,,,,,,,1,2,1,1,7
200800033765,0008-06-30 11:45:00,8,6,30,11,45,780,621,POLITZER (AVENUE GEORGES,,,Plein jour,Hors agglomération,Intersection en T,Normale,Deux véhicules - côté,,,,,,,,,,,1,1,3,1,3
200800033766,0008-06-11 08:10:00,8,6,11,8,10,780,686,"158, GENERAL LECLERC (AV",,,Plein jour,En agglomération,Hors intersection,Normale,Autre collision,,,,,,,,,,,1,2,1,1,6
200800033767,0008-06-20 20:35:00,8,6,20,20,35,780,686,"169, GENERAL LECLERC (AV",,,Plein jour,En agglomération,Hors intersection,Normale,Autre collision,,,,,,,,,,,1,2,1,1,6
200800033768,0008-06-25 11:50:00,8,6,25,11,50,780,322,CHARLES DE GAULLE (RUE),,,Plein jour,Hors agglomération,Hors intersection,Normale,Autre collision,,,,,,,,,,,1,1,1,1,6
200800033769,0008-06-01 14:50:00,8,6,1,14,50,780,646,"6, ETATS GENERAUX (RUE D",,,Plein jour,En agglomération,Intersection en T,Normale,Deux véhicules - côté,,,,,,,,,,,1,2,3,1,3
200800033770,0008-06-03 18:55:00,8,6,3,18,55,780,646,"71/75, CHANTIERS (RUE DE",,,Plein jour,En agglomération,Hors intersection,Normale,Deux véhicules - côté,,,,,,,,,,,1,2,1,1,3
200800033771,0008-06-03 18:35:00,8,6,3,18,35,780,646,"36, CHANTIERS (RUE DES)",,,Plein jour,En agglomération,Hors intersection,Pluie légère,Deux véhicules - côté,,,,,,,,,,,1,2,1,2,3
200800033772,0008-06-04 20:20:00,8,6,4,20,20,780,646,"Néant, ETATS GENERAUX (R",,,Plein jour,En agglomération,Hors intersection,Normale,Deux véhicules - côté,,,,,,,,,,,1,2,1,1,3
200800033773,0008-06-06 22:00:00,8,6,6,22,0,780,524,"27.485, ROUTE DE VERSAIL",,,Nuit avec éclairage allumé,Hors agglomération,Intersection en T,Normale,Trois véhicules et plus - collisions multiples,,,,,,,,,,,5,1,3,1,5
200800033774,0008-06-16 07:20:00,8,6,16,7,20,780,646,"49, MARECHAL FOCH (RUE D",,,Plein jour,En agglomération,Hors intersection,Normale,Autre collision,,,,,,,,,,,1,2,1,1,6
200800033775,0008-06-17 13:40:00,8,6,17,13,40,780,646,"Néant, JACQUES BOYCEAU (",,,Plein jour,En agglomération,Intersection en X,Normale,Deux véhicules - frontale,,,,,,,,,,,1,2,2,1,1
200800033776,0008-06-17 08:45:00,8,6,17,8,45,780,646,REMILLY (RUE),,,Plein jour,En agglomération,Intersection en X,Normale,Deux véhicules - côté,,,,,,,,,,,1,2,2,1,3
200800033777,0008-06-27 07:20:00,8,6,27,7,20,780,646,"31, ETATS GENERAUX (RUE",,,Plein jour,En agglomération,Hors intersection,Normale,Deux véhicules - côté,,,,,,,,,,,1,2,1,1,3
200800033778,0008-06-21 10:15:00,8,6,21,10,15,780,646,"Néant, MADAME (RUE)",,,Plein jour,En agglomération,Intersection en T,Normale,Autre collision,,,,,,,,,,,1,2,3,1,6
200800033779,0008-06-24 18:25:00,8,6,24,18,25,780,646,ROYALE (RUE),,,Plein jour,En agglomération,Hors intersection,Normale,Autre collision,,,,,,,,,,,1,2,1,1,6
200800033780,0008-06-12 13:50:00,8,6,12,13,50,780,418,"0, ONZE NOVEMBRE 1918 (R",,,Plein jour,Hors agglomération,Intersection en T,Pluie légère,Deux véhicules - arrière,,,,,,,,,,,1,1,3,2,2
200800033781,0008-06-07 15:10:00,8,6,7,15,10,790,191,"1, LORIOTS (IMPASSE DES)",,,Plein jour,En agglomération,Hors intersection,Normale,Autre collision,,,,,,,,,,,1,2,1,1,6
200800033782,0008-06-30 04:50:00,8,6,30,4,50,790,81,PARIS (ROUTE DE)     COT,,,Nuit sans éclairage public,Hors agglomération,Hors intersection,Normale,Sans collision,,,,,,,,,,,3,1,1,1,7
200800033783,0008-06-06 16:58:00,8,6,6,16,58,790,329,"65, RABELAIS (RUE)",,,Plein jour,En agglomération,Hors intersection,Temps couvert,Deux véhicules - côté,,,,,,,,,,,1,2,1,8,3
200800033784,0008-06-05 14:30:00,8,6,5,14,30,800,1,"78, SOMME A LAVIERS (de",,,Plein jour,En agglomération,Hors intersection,Normale,Autre collision,,,,,,,,,,,1,2,1,1,6
200800033785,0008-06-14 19:10:00,8,6,14,19,10,800,1,"257, JUSTICE (de la)",,,Plein jour,En agglomération,Autre intersection,Normale,Deux véhicules - arrière,,,,,,,,,,,1,2,9,1,2
200800033786,0008-06-28 22:50:00,8,6,28,22,50,800,164,"00, CROISETTES (RUE DES",,,Plein jour,En agglomération,Hors intersection,Normale,Sans collision,,,,,,,,,,,1,2,1,1,7
200800033787,0008-06-04 14:05:00,8,6,4,14,5,800,21,"56, ALLOU (RUE)",,,Plein jour,En agglomération,Hors intersection,Normale,Sans collision,,,,,,,,,,,1,2,1,1,7
200800033788,0008-06-05 21:00:00,8,6,5,21,0,800,261,"0, PARIS (ROUTE DE)",,,Plein jour,En agglomération,Hors intersection,Normale,Deux véhicules - arrière,,,,,,,,,,,1,2,1,1,2
200800033789,0008-06-06 13:00:00,8,6,6,13,0,800,21,"00, ALSACE LORRAINE (BOU",,,Plein jour,En agglomération,Hors intersection,Pluie légère,Deux véhicules - côté,,,,,,,,,,,1,2,1,2,3
200800033790,0008-06-10 01:20:00,8,6,10,1,20,800,21,"0, POINTIN (RUE)",,,Nuit avec éclairage allumé,En agglomération,Hors intersection,Normale,Deux véhicules - arrière,,,,,,,,,,,5,2,1,1,2
200800033791,0008-06-06 23:25:00,8,6,6,23,25,800,21,"0, MAIGNAN LARIVIERE (BO",,,Nuit avec éclairage allumé,En agglomération,Hors intersection,Normale,Deux véhicules - côté,,,,,,,,,,,5,2,1,1,3
200800033792,0008-06-07 18:40:00,8,6,7,18,40,800,21,"0, GENERAL FRERE (RUE DU",,,Plein jour,En agglomération,Intersection en T,Normale,Deux véhicules - côté,,,,,,,,,,,1,2,3,1,3
200800033793,0008-06-06 08:55:00,8,6,6,8,55,800,725,"0, GOLF (AVENUE DU)",,,Plein jour,En agglomération,Hors intersection,Normale,Deux véhicules - arrière,,,,,,,,,,,1,2,1,1,2
200800033794,0008-06-09 14:08:00,8,6,9,14,8,800,21,"00, FAUBOURG DE HEM (RUE",,,Plein jour,En agglomération,Hors intersection,Normale,Autre collision,,,,,,,,,,,1,2,1,1,6
200800033795,0008-06-10 17:50:00,8,6,10,17,50,800,21,"00, AUSTRALIE (RUE D')",,,Plein jour,En agglomération,Hors intersection,Normale,Deux véhicules - arrière,,,,,,,,,,,1,2,1,1,2
200800033796,0008-06-11 20:05:00,8,6,11,20,5,800,21,"229, JEAN MOULIN (RUE)",,,Plein jour,En agglomération,Hors intersection,Normale,Deux véhicules - côté,,,,,,,,,,,1,2,1,1,3
200800033797,0008-06-12 09:50:00,8,6,12,9,50,800,160,"00, JEAN JAURES (PLACE)",,,Plein jour,En agglomération,Hors intersection,Pluie forte,Sans collision,,,,,,,,,,,1,2,1,3,7
200800033798,0008-06-12 08:30:00,8,6,12,8,30,800,21,"00, ROGER DUMOULIN (AVEN",,,Plein jour,En agglomération,Hors intersection,Pluie légère,Trois véhicules et plus - collisions multiples,,,,,,,,,,,1,2,1,2,5
200800033799,0008-06-12 10:00:00,8,6,12,10,0,800,21,ROCADE NORD RN 1,,,Plein jour,En agglomération,Intersection en Y,Pluie forte,Deux véhicules - côté,,,,,,,,,,,1,2,4,3,3
200800033800,0008-06-12 16:05:00,8,6,12,16,5,800,21,"00, MARECHAL DE LATTRE D",,,Plein jour,En agglomération,Hors intersection,Pluie légère,Deux véhicules - côté,,,,,,,,,,,1,2,1,2,3
200800033801,0008-06-12 18:25:00,8,6,12,18,25,800,21,"00, HIPPODROME (AVENUE D",,,Plein jour,En agglomération,Hors intersection,Normale,Sans collision,,,,,,,,,,,1,2,1,1,7
200800033802,0008-06-09 12:00:00,8,6,9,12,0,800,21,"141, JULES BARNI (RUE)",,,Plein jour,En agglomération,Hors intersection,Normale,Deux véhicules - arrière,,,,,,,,,,,1,2,1,1,2
200800033803,0008-06-16 12:55:00,8,6,16,12,55,800,21,ABBEVILLE (RUE D'),,,Plein jour,En agglomération,Hors intersection,Normale,Deux véhicules - côté,,,,,,,,,,,1,2,1,1,3
200800033804,0008-06-15 13:05:00,8,6,15,13,5,800,21,"00, EUROPE (AVENUE DE L'",,,Plein jour,En agglomération,Intersection en X,Normale,Deux véhicules - côté,,,,,,,,,,,1,2,2,1,3
200800033805,0008-06-15 12:20:00,8,6,15,12,20,800,21,"50, JULES FERRY (CHAUSSE",,,Plein jour,En agglomération,Hors intersection,Normale,Sans collision,,,,,,,,,,,1,2,1,1,7
200800033806,0008-06-14 12:15:00,8,6,14,12,15,800,21,"191, SAINT PIERRE (CHAUS",,,Plein jour,En agglomération,Hors intersection,Pluie légère,Deux véhicules - arrière,,,,,,,,,,,1,2,1,2,2
200800033807,0008-06-13 12:25:00,8,6,13,12,25,800,21,"00, BALZAC (RUE)",,,Plein jour,En agglomération,Intersection en T,Normale,Deux véhicules - côté,,,,,,,,,,,1,2,3,1,3
200800033808,0008-06-13 18:30:00,8,6,13,18,30,800,21,"00, LONGUEVILLE (PLACE)",,,Plein jour,En agglomération,Hors intersection,Normale,Deux véhicules - côté,,,,,,,,,,,1,2,1,1,3
200800033809,0008-06-17 19:15:00,8,6,17,19,15,800,21,"00, PAIX (AVENUE DE LA)",,,Plein jour,En agglomération,Hors intersection,Normale,Deux véhicules - côté,,,,,,,,,,,1,2,1,1,3
200800033810,0008-06-19 15:15:00,8,6,19,15,15,800,21,"00, CAGNY (RUE DE)",,,Plein jour,En agglomération,Hors intersection,Normale,Deux véhicules - arrière,,,,,,,,,,,1,2,1,1,2
200800033811,0008-06-18 15:20:00,8,6,18,15,20,800,21,"390, CAGNY (RUE DE)",,,Plein jour,En agglomération,Hors intersection,Normale,Sans collision,,,,,,,,,,,1,2,1,1,7
200800033812,0008-06-17 14:00:00,8,6,17,14,0,800,21,"00, MAIGNAN LARIVIERE (B",,,Plein jour,En agglomération,Hors intersection,Normale,Deux véhicules - côté,,,,,,,,,,,1,2,1,1,3
200800033813,0008-06-17 14:48:00,8,6,17,14,48,800,21,"00, ALSACE LORRAINE (BOU",,,Plein jour,En agglomération,Intersection en X,Normale,Deux véhicules - côté,,,,,,,,,,,1,2,2,1,3
200800033814,0008-06-25 18:40:00,8,6,25,18,40,800,21,"135, FOY (AVENUE)",,,Plein jour,En agglomération,Hors intersection,Normale,Deux véhicules - arrière,,,,,,,,,,,1,2,1,1,2
200800033815,0008-06-26 15:20:00,8,6,26,15,20,800,21,"34, JULES BARNI (RUE)",,,Plein jour,En agglomération,Hors intersection,Normale,Deux véhicules - arrière,,,,,,,,,,,1,2,1,1,2
200800033816,0008-06-24 21:05:00,8,6,24,21,5,800,21,"00, ELOI MOREL (RUE)",,,Plein jour,En agglomération,Hors intersection,Normale,Sans collision,,,,,,,,,,,1,2,1,1,7
200800033817,0008-06-24 17:20:00,8,6,24,17,20,800,21,"396, ELBEUF (RUE D')",,,Plein jour,En agglomération,Hors intersection,Normale,Deux véhicules - arrière,,,,,,,,,,,1,2,1,1,2
200800033818,0008-06-28 15:35:00,8,6,28,15,35,800,379,"00, VIGNES (RUE DES)",,,Plein jour,En agglomération,Hors intersection,Normale,Autre collision,,,,,,,,,,,1,2,1,1,6
200800033819,0008-06-28 19:35:00,8,6,28,19,35,800,21,"00, ROUBAIX (BOULEVARD D",,,Plein jour,En agglomération,Hors intersection,Normale,Sans collision,,,,,,,,,,,1,2,1,1,7
200800033820,0008-06-27 22:00:00,8,6,27,22,0,800,21,"00, JEAN JAURES (RUE)",,,Crépuscule ou aube,En agglomération,Hors intersection,Normale,Deux véhicules - arrière,,,,,,,,,,,2,2,1,1,2
200800033821,0008-06-30 19:25:00,8,6,30,19,25,800,21,"00, WINSTON CHURCHILL (R",,,Plein jour,En agglomération,Hors intersection,Normale,Deux véhicules - côté,,,,,,,,,,,1,2,1,1,3
200800033822,0008-06-15 04:15:00,8,6,15,4,15,810,4,"45, LATTRE DE TASSIGNY (",,,Nuit avec éclairage allumé,En agglomération,Hors intersection,Normale,Deux véhicules - côté,,,,,,,,,,,5,2,1,1,3
200800033823,0008-06-14 09:45:00,8,6,14,9,45,810,4,"1, JAURES (PL JEAN)",,,Plein jour,En agglomération,Hors intersection,Normale,Autre collision,,,,,,,,,,,1,2,1,1,6
200800033824,0008-06-23 12:30:00,8,6,23,12,30,810,4,"155, TEYSSIER (AV DU COL",,,Plein jour,En agglomération,Hors intersection,Normale,Deux véhicules - côté,,,,,,,,,,,1,2,1,1,3
200800033825,0008-06-07 05:10:00,8,6,7,5,10,810,65,"193, ALBERT 1° (AV)",,,Nuit avec éclairage allumé,En agglomération,Hors intersection,Normale,Autre collision,,,,,,,,,,,5,2,1,1,6
200800033826,0008-06-07 14:30:00,8,6,7,14,30,810,65,"98, CHATELIER (RUE HENRY",,,Plein jour,En agglomération,Hors intersection,Normale,Deux véhicules - côté,,,,,,,,,,,1,2,1,1,3
200800033827,0008-06-27 11:40:00,8,6,27,11,40,810,21,"05, TOULOUSE",,,Plein jour,En agglomération,Intersection en X,Normale,Trois véhicules et plus - collisions multiples,,,,,,,,,,,1,2,2,1,5
200800033828,0008-06-16 07:00:00,8,6,16,7,0,820,33,CD 45,,,Plein jour,En agglomération,Hors intersection,Pluie légère,Autre collision,,,,,,,,,,,1,2,1,2,6
200800033829,0008-06-03 12:10:00,8,6,3,12,10,820,121,"0, MOULIN N 20 (AVENUE J",,,Plein jour,En agglomération,Hors intersection,Normale,Deux véhicules - côté,,,,,,,,,,,1,2,1,1,3
200800033830,0008-06-04 21:15:00,8,6,4,21,15,820,121,"0, CHANTILLY (BOULEVARD",,,Nuit avec éclairage allumé,En agglomération,Hors intersection,Normale,Autre collision,,,,,,,,,,,5,2,1,1,6
200800033831,0008-06-12 16:35:00,8,6,12,16,35,820,121,"0, SAINT-MARTIAL (ROUTE",,,Plein jour,Hors agglomération,Intersection en X,Normale,Deux véhicules - côté,,,,,,,,,,,1,1,2,1,3
200800033832,0008-06-13 17:58:00,8,6,13,17,58,820,121,"0, ARDUS (AVENUE D')",,,Plein jour,Hors agglomération,Intersection en T,Normale,Deux véhicules - arrière,,,,,,,,,,,1,1,3,1,2
200800033833,0008-06-19 16:45:00,8,6,19,16,45,820,121,"0, MOULIN N 20 (AVENUE J",,,Plein jour,En agglomération,Hors intersection,Normale,Autre collision,,,,,,,,,,,1,2,1,1,6
200800033834,0008-06-22 19:50:00,8,6,22,19,50,820,121,"0, LACAPELLE (FAUBOURG)",,,Plein jour,En agglomération,Intersection en T,Normale,Deux véhicules - côté,,,,,,,,,,,1,2,3,1,3
200800033835,0008-06-30 17:41:00,8,6,30,17,41,820,121,"0, EUROPE (AVENUE DE L')",,,Plein jour,En agglomération,Hors intersection,Normale,Deux véhicules - frontale,,,,,,,,,,,1,2,1,1,1
200800033836,0008-06-09 13:20:00,8,6,9,13,20,830,50,"1, DE GAULLE(AVENUE CHAR",,,Plein jour,Hors agglomération,Giratoire,Normale,Deux véhicules - arrière,,,,,,,,,,,1,1,6,1,2
200800033837,0008-06-23 10:40:00,8,6,23,10,40,830,50,TEISSONNIERES(CHEMIN DES,,,Plein jour,En agglomération,Intersection en T,Temps éblouissant,Deux véhicules - côté,,,,,,,,,,,1,2,3,7,3
200800033838,0008-06-22 21:56:00,8,6,22,21,56,830,118,"6, BOULEVARD DE LA PLAGE",,,Nuit avec éclairage non allumé,En agglomération,Hors intersection,Normale,Autre collision,,,,,,,,,,,4,2,1,1,6
200800033839,0008-06-23 18:30:00,8,6,23,18,30,830,61,"0, RUE DES COMBATTANTS D",,,Plein jour,Hors agglomération,Hors intersection,Normale,Autre collision,,,,,,,,,,,1,1,1,1,6
200800033840,0008-06-26 16:00:00,8,6,26,16,0,830,118,"0, BOULEVARD DE L'ASPE",,,Plein jour,Hors agglomération,Hors intersection,Normale,Deux véhicules - côté,,,,,,,,,,,1,1,1,1,3
200800033841,0008-06-24 10:15:00,8,6,24,10,15,830,69,"10, MOULIN PREMIER (CHEM",,,Plein jour,Hors agglomération,Hors intersection,Normale,Deux véhicules - frontale,,,,,,,,,,,1,1,1,1,1
200800033842,0008-06-07 19:40:00,8,6,7,19,40,830,129,"000, DE TOULON (ROND POI",,,Plein jour,En agglomération,Giratoire,Normale,Deux véhicules - côté,,,,,,,,,,,1,2,6,1,3
200800033843,0008-06-10 17:30:00,8,6,10,17,30,830,129,"000, BASSAGUET (CHE DE)",,,Plein jour,Hors agglomération,Intersection en X,Normale,Deux véhicules - côté,,,,,,,,,,,1,1,2,1,3
200800033844,0008-06-12 17:30:00,8,6,12,17,30,830,129,"1113, LAENNEC (AVENUE DE",,,Plein jour,En agglomération,Hors intersection,Normale,Sans collision,,,,,,,,,,,1,2,1,1,7
200800033845,0008-06-16 20:30:00,8,6,16,20,30,830,129,"000, JUIN MARECHAL (AV D",,,Plein jour,En agglomération,Giratoire,Normale,Deux véhicules - côté,,,,,,,,,,,1,2,6,1,3
200800033846,0008-06-21 18:20:00,8,6,21,18,20,830,129,"1664, MER (AVENUE DE LA)",,,Plein jour,En agglomération,Hors intersection,Normale,Autre collision,,,,,,,,,,,1,2,1,1,6