accident_id,datetime,annee,mois,jour,heure,minute,departement,commune_insee,adresse,latitude,longitude,luminosite,agglomeration,intersection,meteo,collision,nb_vehicules,nb_usagers,nb_indemnes,nb_tues,nb_blesses_hosp,nb_blesses_legers,age_cond_1,age_cond_2,veh_type_cond_1,veh_type_cond_2,lum_code,agg_code,int_code,atm_code,col_code
200800033847,0008-06-26 12:10:00,8,6,26,12,10,830,129,DE LATTRE DE TASSIGNY (A,,,Plein jour,En agglomération,Hors intersection,Normale,Trois véhicules et plus - en chaîne,,,,,,,,,,,1,2,1,1,4
200800033848,0008-06-27 11:45:00,8,6,27,11,45,830,9,REGANEU (AV DEI),,,Plein jour,En agglomération,Intersection en T,Normale,Deux véhicules - côté,,,,,,,,,,,1,2,3,1,3
200800033849,0008-06-01 18:15:00,8,6,1,18,15,830,126,"00, BRUN (AV ROBERT)",,,Plein jour,En agglomération,Intersection en T,Normale,Deux véhicules - côté,,,,,,,,,,,1,2,3,1,3
200800033850,0008-06-12 17:20:00,8,6,12,17,20,830,126,PYROTECHNIE (RD POINT DE,,,Plein jour,En agglomération,Hors intersection,Normale,Deux véhicules - arrière,,,,,,,,,,,1,2,1,1,2
200800033851,0008-06-10 14:40:00,8,6,10,14,40,830,126,"00, BARTOLINI (AV JEAN)",,,Plein jour,En agglomération,Hors intersection,Normale,Deux véhicules - côté,,,,,,,,,,,1,2,1,1,3
200800033852,0008-06-25 19:35:00,8,6,25,19,35,830,153,"00, C D 18",,,Plein jour,En agglomération,Hors intersection,Normale,Autre collision,,,,,,,,,,,1,2,1,1,6
200800033853,0008-06-25 19:36:00,8,6,25,19,36,830,153,"5, JULES GUESDE (QUAI)",,,Plein jour,En agglomération,Hors intersection,Normale,Autre collision,,,,,,,,,,,1,2,1,1,6
200800033854,0008-06-29 23:05:00,8,6,29,23,5,830,126,"31, BELFORT (AV JULIEN)",,,Nuit avec éclairage allumé,En agglomération,Hors intersection,Normale,Autre collision,,,,,,,,,,,5,2,1,1,6
200800033855,0008-06-02 17:30:00,8,6,2,17,30,830,62,"1461, GANCE (AVENUE ABEL",,,Plein jour,En agglomération,Intersection en T,Normale,Deux véhicules - côté,,,,,,,,,,,1,2,3,1,3
200800033856,0008-06-11 12:20:00,8,6,11,12,20,830,90,"000, DEPARTEMENTALE 11 (",,,Plein jour,Hors agglomération,Hors intersection,Normale,Trois véhicules et plus - collisions multiples,,,,,,,,,,,1,1,1,1,5
200800033857,0008-06-11 13:40:00,8,6,11,13,40,830,137,JUIN (AVE ALPHONSE),,,Plein jour,En agglomération,Hors intersection,Normale,Autre collision,,,,,,,,,,,1,2,1,1,6
200800033858,0008-06-10 13:40:00,8,6,10,13,40,830,137,DE LATTRE DE TASSIGNY (A,,,Plein jour,En agglomération,Hors intersection,Normale,Autre collision,,,,,,,,,,,1,2,1,1,6
200800033859,0008-06-02 11:00:00,8,6,2,11,0,830,62,"0000, PLANQUETTE (CHEMIN",,,Plein jour,En agglomération,Autre intersection,Normale,Deux véhicules - arrière,,,,,,,,,,,1,2,9,1,2
200800033860,0008-06-05 16:15:00,8,6,5,16,15,830,144,GUERIN (RUE LEON),,,Plein jour,En agglomération,Hors intersection,Temps couvert,Autre collision,,,,,,,,,,,1,2,1,8,6
200800033861,0008-06-12 17:40:00,8,6,12,17,40,830,137,SANDIN (RUE PRE),,,Plein jour,En agglomération,Intersection en X,Normale,Autre collision,,,,,,,,,,,1,2,2,1,6
200800033862,0008-06-11 12:30:00,8,6,11,12,30,830,144,CEZANNE (RUE PAUL),,,Plein jour,En agglomération,Intersection en X,Normale,Deux véhicules - côté,,,,,,,,,,,1,2,2,1,3
200800033863,0008-06-12 08:35:00,8,6,12,8,35,830,137,"59, AUDEOUD (RUE GENERAL",,,Plein jour,En agglomération,Hors intersection,Normale,Autre collision,,,,,,,,,,,1,2,1,1,6
200800033864,0008-06-14 17:00:00,8,6,14,17,0,830,90,"8, CLEMENCEAU (AVE GEORG",,,Plein jour,En agglomération,Hors intersection,Normale,Autre collision,,,,,,,,,,,1,2,1,1,6
200800033865,0008-06-15 12:25:00,8,6,15,12,25,830,137,"171, HOUOT (RUE DU COMMA",,,Plein jour,En agglomération,Hors intersection,Normale,Autre collision,,,,,,,,,,,1,2,1,1,6
200800033866,0008-06-11 19:55:00,8,6,11,19,55,830,98,"1227, GANZIN (AVENUE DE)",,,Plein jour,En agglomération,Hors intersection,Normale,Deux véhicules - frontale,,,,,,,,,,,1,2,1,1,1
200800033867,0008-06-18 07:40:00,8,6,18,7,40,830,137,"162, CUZIN (AVE FRANCOIS",,,Plein jour,En agglomération,Hors intersection,Normale,Autre collision,,,,,,,,,,,1,2,1,1,6
200800033868,0008-06-18 23:50:00,8,6,18,23,50,830,137,CD D559 BIS,,,Nuit avec éclairage allumé,Hors agglomération,Hors intersection,Normale,Deux véhicules - frontale,,,,,,,,,,,5,1,1,1,1
200800033869,0008-06-06 14:15:00,8,6,6,14,15,830,137,"0, CUNEO (BD DOCTEUR)",,,Plein jour,En agglomération,Intersection en T,Pluie légère,Deux véhicules - côté,,,,,,,,,,,1,2,3,2,3
200800033870,0008-06-14 07:40:00,8,6,14,7,40,830,137,DE GAULLE (CORNICHE GENE,,,Plein jour,En agglomération,Hors intersection,Normale,Deux véhicules - arrière,,,,,,,,,,,1,2,1,1,2
200800033871,0008-06-14 15:40:00,8,6,14,15,40,830,137,CLEMENCEAU (BD GEORGES),,,Plein jour,En agglomération,Hors intersection,Normale,Deux véhicules - arrière,,,,,,,,,,,1,2,1,1,2
200800033872,0008-06-20 08:50:00,8,6,20,8,50,830,137,INFANTERIE DE MARINE (AV,,,Plein jour,En agglomération,Hors intersection,Normale,Trois véhicules et plus - en chaîne,,,,,,,,,,,1,2,1,1,4
200800033873,0008-06-18 19:30:00,8,6,18,19,30,830,137,FOCH (AVE DU MARECHAL),,,Plein jour,En agglomération,Hors intersection,Normale,Deux véhicules - côté,,,,,,,,,,,1,2,1,1,3
200800033874,0008-06-20 08:35:00,8,6,20,8,35,830,98,GANZIN (AVENUE DE),,,Plein jour,En agglomération,Intersection en T,Normale,Deux véhicules - côté,,,,,,,,,,,1,2,3,1,3
200800033875,0008-06-19 20:45:00,8,6,19,20,45,830,137,"293, JOFFRE (BD MARECHAL",,,Plein jour,En agglomération,Hors intersection,Normale,Autre collision,,,,,,,,,,,1,2,1,1,6
200800033876,0008-06-10 12:00:00,8,6,10,12,0,830,137,"000, SAINTE CLAIRE DEVIL",,,Plein jour,En agglomération,Hors intersection,Normale,Deux véhicules - côté,,,,,,,,,,,1,2,1,1,3
200800033877,0008-06-27 07:15:00,8,6,27,7,15,830,137,INFANTERIE DE MARINE (AV,,,Plein jour,En agglomération,Hors intersection,Normale,Deux véhicules - frontale,,,,,,,,,,,1,2,1,1,1
200800033878,0008-06-27 16:35:00,8,6,27,16,35,830,137,PICOT (AVE DU COLONEL),,,Plein jour,En agglomération,Hors intersection,Normale,Autre collision,,,,,,,,,,,1,2,1,1,6
200800033879,0008-06-25 09:00:00,8,6,25,9,0,830,137,"0000, VICTOIRE DU 8 MAI",,,Plein jour,En agglomération,Hors intersection,Normale,Deux véhicules - arrière,,,,,,,,,,,1,2,1,1,2
200800033880,0008-06-20 13:20:00,8,6,20,13,20,830,137,15EME CORPS (AVE DU),,,Plein jour,En agglomération,Hors intersection,Normale,Deux véhicules - côté,,,,,,,,,,,1,2,1,1,3
200800033881,0008-06-21 11:05:00,8,6,21,11,5,830,137,INFANTERIE DE MARINE (AV,,,Plein jour,En agglomération,Intersection en T,Normale,Deux véhicules - côté,,,,,,,,,,,1,2,3,1,3
200800033882,0008-06-28 12:25:00,8,6,28,12,25,830,137,ARMARIS (BD DES),,,Plein jour,En agglomération,Hors intersection,Normale,Deux véhicules - côté,,,,,,,,,,,1,2,1,1,3
200800033883,0008-06-01 07:45:00,8,6,1,7,45,840,7,PAMARD (Rue Paul),,,Plein jour,En agglomération,Hors intersection,Pluie légère,Deux véhicules - côté,,,,,,,,,,,1,2,1,2,3
200800033884,0008-06-01 22:20:00,8,6,1,22,20,840,7,MARSEILLE (Route de ),,,Nuit avec éclairage allumé,En agglomération,Hors intersection,Temps couvert,Deux véhicules - arrière,,,,,,,,,,,5,2,1,8,2
200800033885,0008-06-02 11:40:00,8,6,2,11,40,840,7,"42, SAINT MICHEL (Boulev",,,Plein jour,En agglomération,Hors intersection,Normale,Autre collision,,,,,,,,,,,1,2,1,1,6
200800033886,0008-06-03 08:10:00,8,6,3,8,10,840,7,"27, PIERRE SEMARD (avenu",,,Plein jour,En agglomération,Hors intersection,Normale,Deux véhicules - arrière,,,,,,,,,,,1,2,1,1,2
200800033887,0008-06-04 20:10:00,8,6,4,20,10,840,7,MARSEILLE (Route de ),,,Plein jour,En agglomération,Hors intersection,Normale,Sans collision,,,,,,,,,,,1,2,1,1,7
200800033888,0008-06-05 16:50:00,8,6,5,16,50,840,7,C.De GAULLE (Rocade),,,Plein jour,En agglomération,Intersection en X,Normale,Deux véhicules - côté,,,,,,,,,,,1,2,2,1,3
200800033889,0008-06-02 21:35:00,8,6,2,21,35,840,7,CROIX ROUGE( Avenue de l,,,Nuit avec éclairage allumé,En agglomération,Hors intersection,Normale,Autre collision,,,,,,,,,,,5,2,1,1,6
200800033890,0008-06-06 20:50:00,8,6,6,20,50,840,7,C.De GAULLE (Rocade),,,Plein jour,En agglomération,Hors intersection,Normale,Autre collision,,,,,,,,,,,1,2,1,1,6
200800033891,0008-06-06 21:20:00,8,6,6,21,20,840,7,C.De GAULLE (Rocade),,,Nuit avec éclairage allumé,En agglomération,Intersection en X,Normale,Deux véhicules - côté,,,,,,,,,,,5,2,2,1,3
200800033892,0008-06-07 15:50:00,8,6,7,15,50,840,7,KENNEDY (Av.du Président,,,Plein jour,En agglomération,Hors intersection,Normale,Autre collision,,,,,,,,,,,1,2,1,1,6
200800033893,0008-06-07 09:45:00,8,6,7,9,45,840,7,MORIERES (Route de ),,,Plein jour,En agglomération,Hors intersection,Normale,Autre collision,,,,,,,,,,,1,2,1,1,6
200800033894,0008-06-07 16:10:00,8,6,7,16,10,840,7,DOCTEUR PONS (Route tour,,,Plein jour,En agglomération,Hors intersection,Normale,Trois véhicules et plus - en chaîne,,,,,,,,,,,1,2,1,1,4
200800033895,0008-06-09 09:10:00,8,6,9,9,10,840,7,MORIERES (Route de ),,,Plein jour,En agglomération,Hors intersection,Normale,Deux véhicules - arrière,,,,,,,,,,,1,2,1,1,2
200800033896,0008-06-10 09:20:00,8,6,10,9,20,840,7,OULLE (Allées de l'),,,Plein jour,En agglomération,Hors intersection,Pluie légère,Deux véhicules - côté,,,,,,,,,,,1,2,1,2,3
200800033897,0008-06-11 14:10:00,8,6,11,14,10,840,7,SAINT MICHEL (Boulevard),,,Plein jour,En agglomération,Hors intersection,Normale,Autre collision,,,,,,,,,,,1,2,1,1,6
200800033898,0008-06-11 15:30:00,8,6,11,15,30,840,7,C.De GAULLE (Rocade),,,Plein jour,En agglomération,Intersection en X,Normale,Deux véhicules - côté,,,,,,,,,,,1,2,2,1,3
200800033899,0008-06-11 16:20:00,8,6,11,16,20,840,7,FONCOUVERTE (Avenue de ),,,Plein jour,En agglomération,Hors intersection,Normale,Trois véhicules et plus - en chaîne,,,,,,,,,,,1,2,1,1,4
200800033900,0008-06-13 14:20:00,8,6,13,14,20,840,7,REINE JEANNE( Avenue de,,,Plein jour,En agglomération,Hors intersection,Normale,Deux véhicules - côté,,,,,,,,,,,1,2,1,1,3
200800033901,0008-06-14 15:10:00,8,6,14,15,10,840,7,SAINT LAZARE (Boulevard),,,Plein jour,En agglomération,Intersection en T,Normale,Deux véhicules - côté,,,,,,,,,,,1,2,3,1,3
200800033902,0008-06-04 19:10:00,8,6,4,19,10,840,7,KENNEDY (Av.du Président,,,Plein jour,En agglomération,Hors intersection,Normale,Autre collision,,,,,,,,,,,1,2,1,1,6
200800033903,0008-06-14 20:55:00,8,6,14,20,55,840,7,GIRARD (avenue Joseph),,,Plein jour,En agglomération,Hors intersection,Normale,Deux véhicules - côté,,,,,,,,,,,1,2,1,1,3
200800033904,0008-06-13 15:00:00,8,6,13,15,0,840,7,KENNEDY (Av.du Président,,,Plein jour,En agglomération,Hors intersection,Normale,Autre collision,,,,,,,,,,,1,2,1,1,6
200800033905,0008-06-20 12:10:00,8,6,20,12,10,840,7,SIXTE ISNARD (Boulevard),,,Plein jour,En agglomération,Hors intersection,Normale,Deux véhicules - côté,,,,,,,,,,,1,2,1,1,3
200800033906,0008-06-21 23:45:00,8,6,21,23,45,840,7,TARASCON ( Avenue de),,,Nuit avec éclairage allumé,En agglomération,Giratoire,Normale,Deux véhicules - côté,,,,,,,,,,,5,2,6,1,3
200800033907,0008-06-27 07:10:00,8,6,27,7,10,840,7,CROIX D'OR (CHEMIN DE LA,,,Plein jour,Hors agglomération,Hors intersection,Normale,Deux véhicules - côté,,,,,,,,,,,1,1,1,1,3
200800033908,0008-06-30 20:45:00,8,6,30,20,45,840,7,EPI (CHEMIN DE),,,Plein jour,Hors agglomération,Hors intersection,Normale,Autre collision,,,,,,,,,,,1,1,1,1,6
200800033909,0008-06-11 13:45:00,8,6,11,13,45,840,35,"1, SARNETTE (AVENUE ABEL",,,Plein jour,En agglomération,Autre intersection,Normale,Autre collision,,,,,,,,,,,1,2,9,1,6
200800033910,0008-06-20 20:10:00,8,6,20,20,10,840,35,RD.973,,,Plein jour,Hors agglomération,Intersection en T,Normale,Deux véhicules - côté,,,,,,,,,,,1,1,3,1,3
200800033911,0008-06-25 19:10:00,8,6,25,19,10,840,35,RD.22,,,Plein jour,Hors agglomération,Intersection en X,Normale,Deux véhicules - côté,,,,,,,,,,,1,1,2,1,3
200800033912,0008-06-03 19:25:00,8,6,3,19,25,840,87,"2678, ROUTE DE ROQUEMAUR",,,Plein jour,Hors agglomération,Hors intersection,Normale,Deux véhicules - frontale,,,,,,,,,,,1,1,1,1,1
200800033913,0008-06-06 17:00:00,8,6,6,17,0,840,87,"215, FOCH (AVENUE MARECH",,,Plein jour,En agglomération,Hors intersection,Normale,Deux véhicules - côté,,,,,,,,,,,1,2,1,1,3
200800033914,0008-06-07 22:05:00,8,6,7,22,5,840,87,"455, GAULLE (AVENUE CHAR",,,Nuit avec éclairage allumé,En agglomération,Hors intersection,Normale,Deux véhicules - frontale,,,,,,,,,,,5,2,1,1,1
200800033915,0008-06-09 09:35:00,8,6,9,9,35,840,87,LYON (ROUTE DE),,,Plein jour,Hors agglomération,Intersection en T,Normale,Deux véhicules - côté,,,,,,,,,,,1,1,3,1,3
200800033916,0008-06-15 00:15:00,8,6,15,0,15,840,87,"71, POURTOULES (RUE)",,,Nuit avec éclairage allumé,En agglomération,Hors intersection,Normale,Deux véhicules - frontale,,,,,,,,,,,5,2,1,1,1
200800033917,0008-06-04 16:05:00,8,6,4,16,5,840,89,HUIT MAI (AVENUE DU),,,Plein jour,En agglomération,Intersection en X,Normale,Deux véhicules - côté,,,,,,,,,,,1,2,2,1,3
200800033918,0008-06-13 04:50:00,8,6,13,4,50,840,89,AIX EN PROVENCE(ROUTE D',,,Nuit sans éclairage public,Hors agglomération,Hors intersection,Normale,Deux véhicules - frontale,,,,,,,,,,,3,1,1,1,1
200800033919,0008-06-02 10:40:00,8,6,2,10,40,850,191,"16, POINCARE RUE RAYMOND",,,Plein jour,En agglomération,Autre intersection,Normale,Deux véhicules - côté,,,,,,,,,,,1,2,9,1,3
200800033920,0008-06-05 12:30:00,8,6,5,12,30,850,191,D160,,,Plein jour,Hors agglomération,Hors intersection,Normale,Deux véhicules - frontale,,,,,,,,,,,1,1,1,1,1
200800033921,0008-06-20 20:14:00,8,6,20,20,14,850,191,"0, DEFFERRE BOULEVARD GA",,,Plein jour,En agglomération,Hors intersection,Normale,Autre collision,,,,,,,,,,,1,2,1,1,6
200800033922,0008-06-20 09:55:00,8,6,20,9,55,850,191,"0, DE GAULLE RUE DU PRES",,,Plein jour,En agglomération,Intersection en X,Normale,Deux véhicules - côté,,,,,,,,,,,1,2,2,1,3
200800033923,0008-06-19 19:30:00,8,6,19,19,30,850,191,"01, SULLY BOULEVARD",,,Plein jour,En agglomération,Hors intersection,Normale,Deux véhicules - côté,,,,,,,,,,,1,2,1,1,3
200800033924,0008-06-08 18:00:00,8,6,8,18,0,850,194,JAURES (AVENUE JEAN),,,Plein jour,En agglomération,Intersection en X,Normale,Deux véhicules - côté,,,,,,,,,,,1,2,2,1,3
200800033925,0008-06-11 20:05:00,8,6,11,20,5,850,194,MITTERAND (AVENUE FRANCO,,,Plein jour,En agglomération,Intersection en X,Normale,Deux véhicules - côté,,,,,,,,,,,1,2,2,1,3
200800033926,0008-06-27 09:00:00,8,6,27,9,0,850,194,ESTIENNE D'ORVES (R-P HO,,,Plein jour,En agglomération,Giratoire,Normale,Deux véhicules - arrière,,,,,,,,,,,1,2,6,1,2
200800033927,0008-06-18 07:35:00,8,6,18,7,35,860,66,RD 749 - ROUTE DE CHAUVI,,,Plein jour,Hors agglomération,Giratoire,Normale,Sans collision,,,,,,,,,,,1,1,6,1,7
200800033928,0008-06-29 13:55:00,8,6,29,13,55,860,66,RD 161 - ROCADE EST,,,Plein jour,Hors agglomération,Giratoire,Normale,Sans collision,,,,,,,,,,,1,1,6,1,7
200800033929,0008-06-02 09:10:00,8,6,2,9,10,860,194,"304, BONNEUIL MATOURS (R",,,Plein jour,Hors agglomération,Hors intersection,Normale,Deux véhicules - arrière,,,,,,,,,,,1,1,1,1,2
200800033930,0008-06-02 20:50:00,8,6,2,20,50,860,194,"79, NANTES (AVENUE DE)",,,Plein jour,En agglomération,Hors intersection,Normale,Deux véhicules - côté,,,,,,,,,,,1,2,1,1,3
200800033931,0008-06-12 18:05:00,8,6,12,18,5,860,194,"112, LIBERATION (AVENUE",,,Plein jour,En agglomération,Intersection en T,Normale,Deux véhicules - côté,,,,,,,,,,,1,2,3,1,3
200800033932,0008-06-13 21:05:00,8,6,13,21,5,860,194,"62, ANATOLE FRANCE (BOUL",,,Plein jour,En agglomération,Hors intersection,Normale,Deux véhicules - arrière,,,,,,,,,,,1,2,1,1,2
200800033933,0008-06-16 08:25:00,8,6,16,8,25,860,194,"9, CLOUERE (RUE DE LA)",,,Plein jour,En agglomération,Hors intersection,Pluie légère,Autre collision,,,,,,,,,,,1,2,1,2,6
200800033934,0008-06-18 18:10:00,8,6,18,18,10,860,194,JOHN KENNEDY (AVENUE),,,Plein jour,En agglomération,Hors intersection,Normale,Autre collision,,,,,,,,,,,1,2,1,1,6
200800033935,0008-06-19 15:15:00,8,6,19,15,15,860,194,"248, NANTES (AVENUE DE)",,,Plein jour,En agglomération,Hors intersection,Normale,Deux véhicules - frontale,,,,,,,,,,,1,2,1,1,1
200800033936,0008-06-26 16:45:00,8,6,26,16,45,860,194,"., PIERRE DE COUBERTIN (",,,Plein jour,En agglomération,Hors intersection,Normale,Autre collision,,,,,,,,,,,1,2,1,1,6
200800033937,0008-06-27 18:50:00,8,6,27,18,50,860,133,"., POITIERS (AVENUE DE)",,,Plein jour,En agglomération,Intersection en X,Normale,Deux véhicules - côté,,,,,,,,,,,1,2,2,1,3
200800033938,0008-06-28 01:25:00,8,6,28,1,25,860,194,COLIGNY (BOULEVARD),,,Nuit avec éclairage allumé,En agglomération,Hors intersection,Normale,Autre collision,,,,,,,,,,,5,2,1,1,6
200800033939,0008-06-01 17:00:00,8,6,1,17,0,870,114,"4, WALLON (AVENUE HENRI-",,,Plein jour,En agglomération,Hors intersection,Normale,Deux véhicules - arrière,,,,,,,,,,,1,2,1,1,2
200800033940,0008-06-01 18:03:00,8,6,1,18,3,870,85,"106, TOULOUSE (RUE DE)",,,Plein jour,En agglomération,Hors intersection,Normale,Autre collision,,,,,,,,,,,1,2,1,1,6
200800033941,0008-06-01 18:29:00,8,6,1,18,29,870,85,"21, LECLERC (AVENUE DU G",,,Plein jour,En agglomération,Intersection en T,Normale,Deux véhicules - côté,,,,,,,,,,,1,2,3,1,3
200800033942,0008-06-02 18:51:00,8,6,2,18,51,870,85,"156, TUILIERES (RUE DES)",,,Plein jour,En agglomération,Hors intersection,Pluie légère,Deux véhicules - arrière,,,,,,,,,,,1,2,1,2,2
200800033943,0008-06-03 08:52:00,8,6,3,8,52,870,85,"17, PASSERELLE (RUE DE L",,,Plein jour,En agglomération,Hors intersection,Pluie légère,Sans collision,,,,,,,,,,,1,2,1,2,7
200800033944,0008-06-04 15:11:00,8,6,4,15,11,870,85,"5, LARGILLIERE (ALLEE)",,,Plein jour,En agglomération,Intersection en X,Normale,Deux véhicules - côté,,,,,,,,,,,1,2,2,1,3
200800033945,0008-06-04 20:55:00,8,6,4,20,55,870,85,"46, CROUZILLOUX (RUE DES",,,Plein jour,En agglomération,Hors intersection,Normale,Deux véhicules - côté,,,,,,,,,,,1,2,1,1,3
200800033946,0008-06-05 18:55:00,8,6,5,18,55,870,85,"21, LANSECOT (RUE)",,,Plein jour,En agglomération,Hors intersection,Normale,Autre collision,,,,,,,,,,,1,2,1,1,6
200800033947,0008-06-06 13:50:00,8,6,6,13,50,870,85,"33, MAS-BILIER (RUE DU)",,,Plein jour,En agglomération,Intersection en T,Normale,Deux véhicules - côté,,,,,,,,,,,1,2,3,1,3
200800033948,0008-06-06 19:07:00,8,6,6,19,7,870,85,"41, PERI (AVENUE GABRIEL",,,Plein jour,En agglomération,Intersection en X,Normale,Deux véhicules - côté,,,,,,,,,,,1,2,2,1,3
200800033949,0008-06-06 17:31:00,8,6,6,17,31,870,85,"66, MONTJOVIS (AVENUE)",,,Plein jour,En agglomération,Intersection en T,Normale,Deux véhicules - côté,,,,,,,,,,,1,2,3,1,3
200800033950,0008-06-07 08:24:00,8,6,7,8,24,870,75,"15, HAUTS DE VIENNE (ROU",,,Plein jour,En agglomération,Hors intersection,Normale,Autre collision,,,,,,,,,,,1,2,1,1,6
200800033951,0008-06-07 13:34:00,8,6,7,13,34,870,85,"33, CHINCHAUVAUD (RUE DU",,,Plein jour,En agglomération,Hors intersection,Normale,Deux véhicules - côté,,,,,,,,,,,1,2,1,1,3
200800033952,0008-06-07 18:27:00,8,6,7,18,27,870,85,"70, RUBEN (AVENUE ERNEST",,,Plein jour,En agglomération,Intersection en X,Normale,Autre collision,,,,,,,,,,,1,2,2,1,6
200800033953,0008-06-09 14:15:00,8,6,9,14,15,870,85,"2, KING (AVENUE MARTIN L",,,Plein jour,En agglomération,Intersection en T,Normale,Deux véhicules - côté,,,,,,,,,,,1,2,3,1,3
200800033954,0008-06-09 17:33:00,8,6,9,17,33,870,65,VIEUX CREZIN (RUE DU),,,Plein jour,En agglomération,Hors intersection,Normale,Deux véhicules - arrière,,,,,,,,,,,1,2,1,1,2
200800033955,0008-06-09 19:10:00,8,6,9,19,10,870,85,VANTEAUX (BOULEVARD DE),,,Plein jour,En agglomération,Hors intersection,Pluie légère,Autre collision,,,,,,,,,,,1,2,1,2,6
200800033956,0008-06-11 08:26:00,8,6,11,8,26,870,85,"0, HALEVY (RUE)",,,Plein jour,En agglomération,Intersection en T,Normale,Autre collision,,,,,,,,,,,1,2,3,1,6
200800033957,0008-06-11 11:23:00,8,6,11,11,23,870,114,AUTOROUTE A20,,,Plein jour,Hors agglomération,Hors intersection,Normale,Deux véhicules - arrière,,,,,,,,,,,1,1,1,1,2
200800033958,0008-06-11 15:46:00,8,6,11,15,46,870,85,"14, BRIQUET (RUE GEORGES",,,Plein jour,En agglomération,Hors intersection,Normale,Sans collision,,,,,,,,,,,1,2,1,1,7
200800033959,0008-06-13 10:15:00,8,6,13,10,15,870,85,"0, SOLIGNAC (RUE DE)",,,Plein jour,En agglomération,Hors intersection,Normale,Sans collision,,,,,,,,,,,1,2,1,1,7
200800033960,0008-06-13 14:25:00,8,6,13,14,25,870,85,"28, BEAUBLANC (BOULEVARD",,,Plein jour,En agglomération,Hors intersection,Normale,Trois véhicules et plus - en chaîne,,,,,,,,,,,1,2,1,1,4
200800033961,0008-06-13 18:00:00,8,6,13,18,0,870,85,"12, COOPERATEURS (RUE DE",,,Plein jour,En agglomération,Hors intersection,Normale,Autre collision,,,,,,,,,,,1,2,1,1,6
200800033962,0008-06-13 18:37:00,8,6,13,18,37,870,85,"0, LIAISON SUD-GAL VALIN",,,Plein jour,En agglomération,Giratoire,Normale,Sans collision,,,,,,,,,,,1,2,6,1,7
200800033963,0008-06-13 19:10:00,8,6,13,19,10,870,65,"6, 19 MARS 1962 ( SQUARE",,,Plein jour,En agglomération,Hors intersection,Normale,Autre collision,,,,,,,,,,,1,2,1,1,6
200800033964,0008-06-15 09:07:00,8,6,15,9,7,870,85,"110, BEAUBREUIL (AVENUE",,,Plein jour,En agglomération,Hors intersection,Normale,Deux véhicules - côté,,,,,,,,,,,1,2,1,1,3
200800033965,0008-06-15 13:26:00,8,6,15,13,26,870,85,"1, DUMAS (AVENUE GEORGES",,,Plein jour,En agglomération,Intersection en X,Normale,Deux véhicules - côté,,,,,,,,,,,1,2,2,1,3
200800033966,0008-06-15 19:00:00,8,6,15,19,0,870,75,"13, VERGNIAUD (RUE PIERR",,,Plein jour,En agglomération,Hors intersection,Pluie légère,Autre collision,,,,,,,,,,,1,2,1,2,6
200800033967,0008-06-16 08:53:00,8,6,16,8,53,870,65,"31, VALIN (AVENUE MARTIA",,,Plein jour,En agglomération,Hors intersection,Normale,Deux véhicules - côté,,,,,,,,,,,1,2,1,1,3
200800033968,0008-06-17 06:58:00,8,6,17,6,58,870,85,"11, PALISSY (RUE BERNARD",,,Plein jour,En agglomération,Hors intersection,Normale,Autre collision,,,,,,,,,,,1,2,1,1,6
200800033969,0008-06-17 15:02:00,8,6,17,15,2,870,85,"50, GARIBALDI (AVENUE)",,,Plein jour,En agglomération,Hors intersection,Normale,Sans collision,,,,,,,,,,,1,2,1,1,7
200800033970,0008-06-17 18:35:00,8,6,17,18,35,870,85,"149, VANTEAUX (BOULEVARD",,,Plein jour,En agglomération,Hors intersection,Normale,Autre collision,,,,,,,,,,,1,2,1,1,6
200800033971,0008-06-18 12:54:00,8,6,18,12,54,870,85,"314, PERRIN (RUE FRANCOI",,,Plein jour,En agglomération,Intersection en X,Normale,Deux véhicules - côté,,,,,,,,,,,1,2,2,1,3
200800033972,0008-06-19 09:55:00,8,6,19,9,55,870,85,"179, SCHUMAN (BOULEVARD",,,Plein jour,Hors agglomération,Autre intersection,Normale,Deux véhicules - arrière,,,,,,,,,,,1,1,9,1,2
200800033973,0008-06-19 17:50:00,8,6,19,17,50,870,85,"21, LECLERC (AVENUE DU G",,,Plein jour,En agglomération,Intersection en T,Normale,Deux véhicules - côté,,,,,,,,,,,1,2,3,1,3
200800033974,0008-06-19 18:43:00,8,6,19,18,43,870,50,"176, RN 147",,,Plein jour,En agglomération,Hors intersection,Normale,Deux véhicules - arrière,,,,,,,,,,,1,2,1,1,2
200800033975,0008-06-21 10:29:00,8,6,21,10,29,870,113,CLEMENCEAU (RUE GEORGES),,,Plein jour,Hors agglomération,Hors intersection,Normale,Autre collision,,,,,,,,,,,1,1,1,1,6
200800033976,0008-06-22 22:36:00,8,6,22,22,36,870,85,"19, DE GAULLE (AVENUE DU",,,Crépuscule ou aube,En agglomération,Hors intersection,Normale,Deux véhicules - frontale,,,,,,,,,,,2,2,1,1,1
200800033977,0008-06-23 13:08:00,8,6,23,13,8,870,85,"226, BRIAND (RUE ARISTID",,,Plein jour,En agglomération,Hors intersection,Normale,Autre collision,,,,,,,,,,,1,2,1,1,6
200800033978,0008-06-24 15:20:00,8,6,24,15,20,870,85,"60, LIBERATION (AVENUE D",,,Plein jour,En agglomération,Hors intersection,Normale,Deux véhicules - arrière,,,,,,,,,,,1,2,1,1,2
200800033979,0008-06-26 08:44:00,8,6,26,8,44,870,85,"23, BAC (RUE THEODORE)",,,Plein jour,En agglomération,Intersection en X,Normale,Deux véhicules - côté,,,,,,,,,,,1,2,2,1,3
200800033980,0008-06-26 10:21:00,8,6,26,10,21,870,85,"19, CRUCIFIX (RUE DU)",,,Plein jour,En agglomération,Intersection en X,Normale,Deux véhicules - côté,,,,,,,,,,,1,2,2,1,3