accident_id,datetime,annee,mois,jour,heure,minute,departement,commune_insee,adresse,latitude,longitude,luminosite,agglomeration,intersection,meteo,collision,nb_vehicules,nb_usagers,nb_indemnes,nb_tues,nb_blesses_hosp,nb_blesses_legers,age_cond_1,age_cond_2,veh_type_cond_1,veh_type_cond_2,lum_code,agg_code,int_code,atm_code,col_code
200800034116,0008-06-18 07:40:00,8,6,18,7,40,920,12,GALLIENI (RUE) 1/53 - 2/,,,Plein jour,En agglomération,Intersection en X,Normale,Deux véhicules - côté,,,,,,,,,,,1,2,2,1,3
200800034117,0008-06-19 10:15:00,8,6,19,10,15,920,12,"1, LE JOUR SE LEVE (AVEN",,,Plein jour,En agglomération,Hors intersection,Normale,Deux véhicules - frontale,,,,,,,,,,,1,2,1,1,1
200800034118,0008-06-19 20:10:00,8,6,19,20,10,920,12,"53, REPUBLIQUE (BOULEVAR",,,Crépuscule ou aube,En agglomération,Hors intersection,Normale,Autre collision,,,,,,,,,,,2,2,1,1,6
200800034119,0008-06-19 14:10:00,8,6,19,14,10,920,12,"127, JEAN BAPTISTE CLEME",,,Plein jour,En agglomération,Hors intersection,Normale,Autre collision,,,,,,,,,,,1,2,1,1,6
200800034120,0008-06-20 08:10:00,8,6,20,8,10,920,12,"1, JEAN BAPTISTE CLEMENT",,,Plein jour,En agglomération,Giratoire,Normale,Deux véhicules - côté,,,,,,,,,,,1,2,6,1,3
200800034121,0008-06-25 13:40:00,8,6,25,13,40,920,12,"50, VICTOR HUGO (AVENUE)",,,Plein jour,En agglomération,Hors intersection,Normale,Autre collision,,,,,,,,,,,1,2,1,1,6
200800034122,0008-06-26 05:30:00,8,6,26,5,30,920,12,"7, QUATRE SEPTEMBRE (QUA",,,Nuit avec éclairage allumé,En agglomération,Hors intersection,Normale,Autre collision,,,,,,,,,,,5,2,1,1,6
200800034123,0008-06-26 18:50:00,8,6,26,18,50,920,12,REINE (ROUTE DE LA) 82/F,,,Plein jour,En agglomération,Hors intersection,Normale,Deux véhicules - arrière,,,,,,,,,,,1,2,1,1,2
200800034124,0008-06-12 09:45:00,8,6,12,9,45,920,71,PERRAULT CLAUDE (AVENUE),,,Plein jour,En agglomération,Intersection en X,Normale,Autre collision,,,,,,,,,,,1,2,2,1,6
200800034125,0008-06-18 22:50:00,8,6,18,22,50,920,19,"243, DIVISION LECLERC (A",,,Nuit avec éclairage allumé,En agglomération,Hors intersection,Normale,Deux véhicules - côté,,,,,,,,,,,5,2,1,1,3
200800034126,0008-06-25 08:40:00,8,6,25,8,40,920,32,"37 BIS, ILE (RUE DE L')",,,Plein jour,En agglomération,Hors intersection,Normale,Deux véhicules - côté,,,,,,,,,,,1,2,1,1,3
200800034127,0008-06-25 15:00:00,8,6,25,15,0,920,19,"6, MONNET CLAUDE (RUE)",,,Plein jour,En agglomération,Hors intersection,Normale,Autre collision,,,,,,,,,,,1,2,1,1,6
200800034128,0008-06-06 12:10:00,8,6,6,12,10,920,23,"24, DUFFAUT (RUE)",,,Plein jour,En agglomération,Hors intersection,Normale,Autre collision,,,,,,,,,,,1,2,1,1,6
200800034129,0008-06-07 16:40:00,8,6,7,16,40,920,60,LEON BLUM (AVENUE) (RD 7,,,Plein jour,En agglomération,Intersection en T,Pluie légère,Deux véhicules - arrière,,,,,,,,,,,1,2,3,2,2
200800034130,0008-06-06 18:30:00,8,6,6,18,30,920,23,"175, PORTE DE TRIVAUX (R",,,Plein jour,En agglomération,Intersection en T,Normale,Deux véhicules - côté,,,,,,,,,,,1,2,3,1,3
200800034131,0008-06-06 16:15:00,8,6,6,16,15,920,23,GABRIEL PERI (RUE),,,Plein jour,En agglomération,Intersection en T,Normale,Autre collision,,,,,,,,,,,1,2,3,1,6
200800034132,0008-06-02 16:40:00,8,6,2,16,40,920,23,JEAN JAURES (AVENUE) N°5,,,Plein jour,En agglomération,Intersection en X,Pluie légère,Deux véhicules - arrière,,,,,,,,,,,1,2,2,2,2
200800034133,0008-06-29 23:05:00,8,6,29,23,5,920,23,HENRI BARBUSSE (AVENUE),,,Nuit avec éclairage non allumé,En agglomération,Intersection en X,Normale,Autre collision,,,,,,,,,,,4,2,2,1,6
200800034134,0008-06-15 08:20:00,8,6,15,8,20,920,23,"551, GENERAL DE GAULLE (",,,Crépuscule ou aube,En agglomération,Hors intersection,Normale,Deux véhicules - côté,,,,,,,,,,,2,2,1,1,3
200800034135,0008-06-17 09:25:00,8,6,17,9,25,920,60,CHARLES DE GAULLE (AVENU,,,Plein jour,En agglomération,Hors intersection,Normale,Autre collision,,,,,,,,,,,1,2,1,1,6
200800034136,0008-06-18 17:30:00,8,6,18,17,30,920,23,HENRI BARBUSSE (AVENUE),,,Plein jour,En agglomération,Intersection en T,Normale,Deux véhicules - frontale,,,,,,,,,,,1,2,3,1,1
200800034137,0008-06-21 19:05:00,8,6,21,19,5,920,60,"5, CARREAU (RUE DU)",,,Plein jour,En agglomération,Intersection en T,Normale,Deux véhicules - arrière,,,,,,,,,,,1,2,3,1,2
200800034138,0008-06-01 15:55:00,8,6,1,15,55,920,24,"46, HENRI BARBUSSE (RUE)",,,Plein jour,En agglomération,Intersection en X,Normale,Autre collision,,,,,,,,,,,1,2,2,1,6
200800034139,0008-06-05 09:00:00,8,6,5,9,0,920,24,"123, VICTOR HUGO (BD)",,,Plein jour,En agglomération,Hors intersection,Normale,Autre collision,,,,,,,,,,,1,2,1,1,6
200800034140,0008-06-06 02:00:00,8,6,6,2,0,920,24,"118, JEAN JAURES (BD) DE",,,Nuit avec éclairage allumé,En agglomération,Intersection en X,Normale,Deux véhicules - côté,,,,,,,,,,,5,2,2,1,3
200800034141,0008-06-06 12:35:00,8,6,6,12,35,920,24,"52, GENERAL ROGUET (RUE",,,Plein jour,En agglomération,Hors intersection,Normale,Trois véhicules et plus - en chaîne,,,,,,,,,,,1,2,1,1,4
200800034142,0008-06-17 14:15:00,8,6,17,14,15,920,24,"47, JEAN JAURES (BD) DE",,,Plein jour,En agglomération,Intersection en X,Normale,Deux véhicules - côté,,,,,,,,,,,1,2,2,1,3
200800034143,0008-06-26 18:10:00,8,6,26,18,10,920,24,"2, PROFESSEUR RENE LERIC",,,Plein jour,En agglomération,Intersection à plus de 4 branches,Pluie légère,Deux véhicules - côté,,,,,,,,,,,1,2,5,2,3
200800034144,0008-06-01 16:25:00,8,6,1,16,25,920,25,"204, VOIES DU BOIS (RUE",,,Plein jour,En agglomération,Hors intersection,Normale,Deux véhicules - côté,,,,,,,,,,,1,2,1,1,3
200800034145,0008-06-06 14:05:00,8,6,6,14,5,920,25,"35, GABRIEL PERI (RUE)",,,Plein jour,En agglomération,Hors intersection,Normale,Deux véhicules - côté,,,,,,,,,,,1,2,1,1,3
200800034146,0008-06-07 17:35:00,8,6,7,17,35,920,25,"173/179, STALINGRAD (AV",,,Plein jour,En agglomération,Hors intersection,Normale,Autre collision,,,,,,,,,,,1,2,1,1,6
200800034147,0008-06-09 09:00:00,8,6,9,9,0,920,25,"56, PRESIDENT SALVADOR A",,,Plein jour,En agglomération,Hors intersection,Normale,Deux véhicules - côté,,,,,,,,,,,1,2,1,1,3
200800034148,0008-06-10 20:20:00,8,6,10,20,20,920,25,"55, BOURNARD (RUE DU)",,,Plein jour,En agglomération,Hors intersection,Normale,Deux véhicules - côté,,,,,,,,,,,1,2,1,1,3
200800034149,0008-06-19 16:20:00,8,6,19,16,20,920,25,"23, EDGARD QUINET (BD)",,,Plein jour,En agglomération,Hors intersection,Normale,Deux véhicules - côté,,,,,,,,,,,1,2,1,1,3
200800034150,0008-06-24 20:55:00,8,6,24,20,55,920,25,"189, CHARLES DE GAULLE (",,,Crépuscule ou aube,En agglomération,Hors intersection,Normale,Deux véhicules - côté,,,,,,,,,,,2,2,1,1,3
200800034151,0008-06-28 18:05:00,8,6,28,18,5,920,25,CHARLES DE GAULLE (BD),,,Plein jour,En agglomération,Intersection en X,Normale,Deux véhicules - côté,,,,,,,,,,,1,2,2,1,3
200800034152,0008-06-30 22:45:00,8,6,30,22,45,920,25,"549, GABRIEL PERI (RUE)",,,Nuit avec éclairage allumé,En agglomération,Hors intersection,Normale,Autre collision,,,,,,,,,,,5,2,1,1,6
200800034153,0008-06-04 11:20:00,8,6,4,11,20,920,26,"92, BEZONS (DE 23 A FIN)",,,Plein jour,En agglomération,Hors intersection,Normale,Autre collision,,,,,,,,,,,1,2,1,1,6
200800034154,0008-06-04 17:05:00,8,6,4,17,5,920,26,VERDUN (DE 01 A 61),,,Plein jour,En agglomération,Intersection en X,Normale,Autre collision,,,,,,,,,,,1,2,2,1,6
200800034155,0008-06-10 10:00:00,8,6,10,10,0,920,26,ALMA,,,Plein jour,En agglomération,Intersection en T,Normale,Autre collision,,,,,,,,,,,1,2,3,1,6
200800034156,0008-06-11 14:45:00,8,6,11,14,45,920,26,"49, COLOMBES",,,Plein jour,En agglomération,Hors intersection,Normale,Autre collision,,,,,,,,,,,1,2,1,1,6
200800034157,0008-06-14 03:20:00,8,6,14,3,20,920,26,"281, SAINT-DENIS BD (120",,,Nuit avec éclairage allumé,En agglomération,Intersection en T,Normale,Autre collision,,,,,,,,,,,5,2,3,1,6
200800034158,0008-06-16 23:30:00,8,6,16,23,30,920,26,"88, MARCEAU",,,Nuit avec éclairage allumé,En agglomération,Intersection en T,Normale,Deux véhicules - côté,,,,,,,,,,,5,2,3,1,3
200800034159,0008-06-18 08:45:00,8,6,18,8,45,920,26,"95, COLOMBES",,,Plein jour,En agglomération,Intersection en X,Normale,Autre collision,,,,,,,,,,,1,2,2,1,6
200800034160,0008-06-17 11:40:00,8,6,17,11,40,920,26,VERDUN (DE 62 A FIN),,,Plein jour,En agglomération,Intersection en T,Normale,Deux véhicules - arrière,,,,,,,,,,,1,2,3,1,2
200800034161,0008-06-27 18:35:00,8,6,27,18,35,920,26,VERDUN (DE 01 A 61),,,Plein jour,En agglomération,Hors intersection,Normale,Deux véhicules - côté,,,,,,,,,,,1,2,1,1,3
200800034162,0008-06-28 17:40:00,8,6,28,17,40,920,26,SAINT-DENIS BD DE (01 A,,,Plein jour,En agglomération,Intersection en T,Normale,Autre collision,,,,,,,,,,,1,2,3,1,6
200800034163,0008-06-30 17:45:00,8,6,30,17,45,920,26,VERDUN (DE 01 A 61),,,Plein jour,En agglomération,Intersection en T,Normale,Deux véhicules - côté,,,,,,,,,,,1,2,3,1,3
200800034164,0008-06-27 09:40:00,8,6,27,9,40,920,26,MISSION MARCHAND (COTE I,,,Plein jour,En agglomération,Intersection en X,Normale,Deux véhicules - arrière,,,,,,,,,,,1,2,2,1,2
200800034165,0008-06-02 09:05:00,8,6,2,9,5,920,35,Belgique ( Place de ),,,Crépuscule ou aube,En agglomération,Intersection à plus de 4 branches,Pluie légère,Sans collision,,,,,,,,,,,2,2,5,2,7
200800034166,0008-06-13 12:50:00,8,6,13,12,50,920,35,"1, Etienne Marcel ( rue",,,Plein jour,En agglomération,Intersection en T,Normale,Deux véhicules - côté,,,,,,,,,,,1,2,3,1,3
200800034167,0008-06-23 17:10:00,8,6,23,17,10,920,35,"57 bis, Foch ( avenue )",,,Plein jour,En agglomération,Intersection en X,Normale,Deux véhicules - côté,,,,,,,,,,,1,2,2,1,3
200800034168,0008-06-26 16:05:00,8,6,26,16,5,920,35,Verdun 1916 ( avenue de,,,Plein jour,En agglomération,Intersection à plus de 4 branches,Normale,Deux véhicules - côté,,,,,,,,,,,1,2,5,1,3
200800034169,0008-06-06 09:10:00,8,6,6,9,10,920,36,"0, DEQUEVAUVILLIERS (BOU",,,Plein jour,En agglomération,Autre intersection,Normale,Deux véhicules - côté,,,,,,,,,,,1,2,9,1,3
200800034170,0008-06-13 10:35:00,8,6,13,10,35,920,36,"0, LOUIS ROCHE (AVENUE)",,,Plein jour,En agglomération,Intersection en T,Normale,Deux véhicules - côté,,,,,,,,,,,1,2,3,1,3
200800034171,0008-06-16 08:45:00,8,6,16,8,45,920,36,LOUISE MICHEL (PAIRS),,,Plein jour,En agglomération,Intersection en X,Normale,Deux véhicules - côté,,,,,,,,,,,1,2,2,1,3
200800034172,0008-06-16 11:25:00,8,6,16,11,25,920,36,"0, CHANDON (AVENUE) (1/6",,,Plein jour,En agglomération,Intersection en X,Normale,Deux véhicules - côté,,,,,,,,,,,1,2,2,1,3
200800034173,0008-06-16 13:25:00,8,6,16,13,25,920,36,"4, CHANDON (AVENUE) (2/6",,,Plein jour,En agglomération,Hors intersection,Normale,Autre collision,,,,,,,,,,,1,2,1,1,6
200800034174,0008-06-22 03:55:00,8,6,22,3,55,920,36,"86, PAUL VAILLANT COUTUR",,,Nuit avec éclairage allumé,En agglomération,Hors intersection,Normale,Autre collision,,,,,,,,,,,5,2,1,1,6
200800034175,0008-06-15 13:55:00,8,6,15,13,55,920,40,"39, PDT ROOSEVELT (QUAI",,,Plein jour,En agglomération,Hors intersection,Normale,Deux véhicules - côté,,,,,,,,,,,1,2,1,1,3
200800034176,0008-06-17 19:15:00,8,6,17,19,15,920,40,"95, GOUVERNEUR GAL EBOUE",,,Plein jour,En agglomération,Hors intersection,Normale,Deux véhicules - arrière,,,,,,,,,,,1,2,1,1,2
200800034177,0008-06-19 10:00:00,8,6,19,10,0,920,40,"01, GUYNEMER",,,Plein jour,En agglomération,Hors intersection,Normale,Autre collision,,,,,,,,,,,1,2,1,1,6
200800034178,0008-06-24 08:20:00,8,6,24,8,20,920,40,"2, GABRIEL PERI",,,Plein jour,En agglomération,Hors intersection,Normale,Autre collision,,,,,,,,,,,1,2,1,1,6
200800034179,0008-06-01 01:30:00,8,6,1,1,30,920,44,"nr, LOUIS ROUQUIER(RUE)",,,Nuit avec éclairage allumé,En agglomération,Intersection en X,Normale,Deux véhicules - frontale,,,,,,,,,,,5,2,2,1,1
200800034180,0008-06-01 19:40:00,8,6,1,19,40,920,44,"NR, DANTON(RUE)125+ ET 1",,,Plein jour,En agglomération,Intersection en X,Normale,Deux véhicules - côté,,,,,,,,,,,1,2,2,1,3
200800034181,0008-06-05 16:25:00,8,6,5,16,25,920,44,MARIUS AUFAN(RUE) 69+ ET,,,Plein jour,En agglomération,Intersection en X,Normale,Deux véhicules - côté,,,,,,,,,,,1,2,2,1,3
200800034182,0008-06-06 15:55:00,8,6,6,15,55,920,44,VILLIERS(RUE DE)  2A52,,,Plein jour,En agglomération,Intersection en Y,Normale,Deux véhicules - côté,,,,,,,,,,,1,2,4,1,3
200800034183,0008-06-10 16:45:00,8,6,10,16,45,920,44,"nr, GABRIEL PERI(RUE) 25",,,Plein jour,En agglomération,Intersection en X,Normale,Autre collision,,,,,,,,,,,1,2,2,1,6
200800034184,0008-06-12 20:20:00,8,6,12,20,20,920,44,", ANA.FRANCE(RUE) 141+ E",,,Plein jour,En agglomération,Hors intersection,Normale,Sans collision,,,,,,,,,,,1,2,1,1,7
200800034185,0008-06-19 15:00:00,8,6,19,15,0,920,44,"120, VIC. HUGO(RUE)091A1",,,Plein jour,En agglomération,Hors intersection,Normale,Deux véhicules - côté,,,,,,,,,,,1,2,1,1,3
200800034186,0008-06-22 10:00:00,8,6,22,10,0,920,44,"NR, LOUIS ROUQUIER(RUE)4",,,Plein jour,En agglomération,Intersection en X,Normale,Deux véhicules - côté,,,,,,,,,,,1,2,2,1,3
200800034187,0008-06-29 04:05:00,8,6,29,4,5,920,44,"98, ED.VAILLANT(RUE) 75A",,,Nuit avec éclairage allumé,En agglomération,Intersection en X,Normale,Deux véhicules - côté,,,,,,,,,,,5,2,2,1,3
200800034188,0008-06-30 09:25:00,8,6,30,9,25,920,44,"103, ANA.FRANCE(RUE)77A1",,,Plein jour,En agglomération,Intersection en X,Normale,Deux véhicules - côté,,,,,,,,,,,1,2,2,1,3
200800034189,0008-06-05 12:10:00,8,6,5,12,10,920,48,"., HNRI BROUSSE (PLACE)",,,Plein jour,Hors agglomération,Intersection en X,Normale,Deux véhicules - côté,,,,,,,,,,,1,1,2,1,3
200800034190,0008-06-12 14:50:00,8,6,12,14,50,920,48,"02, CHATEAU (AVENUE DU)",,,Plein jour,Hors agglomération,Hors intersection,Normale,Autre collision,,,,,,,,,,,1,1,1,1,6
200800034191,0008-06-14 06:35:00,8,6,14,6,35,920,48,"19, DOCTEUR ARNAUDET (RU",,,Crépuscule ou aube,En agglomération,Hors intersection,Normale,Autre collision,,,,,,,,,,,2,2,1,1,6
200800034192,0008-06-15 18:00:00,8,6,15,18,0,920,48,"01, PORTO RICHE (RUE)",,,Plein jour,En agglomération,Hors intersection,Normale,Sans collision,,,,,,,,,,,1,2,1,1,7
200800034193,0008-06-17 09:20:00,8,6,17,9,20,920,48,"39, GENERAL DE GAULLE (A",,,Plein jour,En agglomération,Intersection en T,Normale,Deux véhicules - côté,,,,,,,,,,,1,2,3,1,3
200800034194,0008-06-21 19:25:00,8,6,21,19,25,920,48,", MAL DE LATTRE DE TASSI",,,Plein jour,En agglomération,Hors intersection,Normale,Deux véhicules - côté,,,,,,,,,,,1,2,1,1,3
200800034195,0008-06-23 15:00:00,8,6,23,15,0,920,48,", MARECHAL JUIN (AVENUE",,,Plein jour,En agglomération,Hors intersection,Normale,Deux véhicules - arrière,,,,,,,,,,,1,2,1,1,2
200800034196,0008-06-24 19:55:00,8,6,24,19,55,920,48,"19, VERD DE SAINT JULIEN",,,Plein jour,En agglomération,Hors intersection,Normale,Sans collision,,,,,,,,,,,1,2,1,1,7
200800034197,0008-06-06 09:35:00,8,6,6,9,35,920,49,"85, BROSSOLETTE AVENUE P",,,Plein jour,En agglomération,Hors intersection,Normale,Autre collision,,,,,,,,,,,1,2,1,1,6
200800034198,0008-06-06 16:50:00,8,6,6,16,50,920,20,"67, PARIS AVENUE DE N° I",,,Plein jour,En agglomération,Hors intersection,Normale,Deux véhicules - côté,,,,,,,,,,,1,2,1,1,3
200800034199,0008-06-11 10:15:00,8,6,11,10,15,920,20,"13, CHARTRES RUE DE",,,Plein jour,En agglomération,Hors intersection,Normale,Deux véhicules - côté,,,,,,,,,,,1,2,1,1,3
200800034200,0008-06-16 19:10:00,8,6,16,19,10,920,20,PARIS AVENUE DE N°2 A82,,,Plein jour,En agglomération,Intersection en X,Normale,Deux véhicules - côté,,,,,,,,,,,1,2,2,1,3
200800034201,0008-06-17 10:55:00,8,6,17,10,55,920,20,VANVES BOULEVARD DE N° P,,,Plein jour,En agglomération,Intersection en X,Normale,Deux véhicules - frontale,,,,,,,,,,,1,2,2,1,1
200800034202,0008-06-23 18:30:00,8,6,23,18,30,920,20,PERI RUE GABRIEL,,,Plein jour,En agglomération,Hors intersection,Normale,Autre collision,,,,,,,,,,,1,2,1,1,6
200800034203,0008-06-02 20:15:00,8,6,2,20,15,920,50,"37 ter, LENINE VLADIMIR",,,Plein jour,En agglomération,Hors intersection,Normale,Sans collision,,,,,,,,,,,1,2,1,1,7
200800034204,0008-06-06 12:50:00,8,6,6,12,50,920,50,DEFENSE BOULEVARD DE LA,,,Plein jour,En agglomération,Intersection en T,Normale,Autre collision,,,,,,,,,,,1,2,3,1,6
200800034205,0008-06-08 19:22:00,8,6,8,19,22,920,50,"79, JOILIOT CURIE F. ET",,,Plein jour,En agglomération,Hors intersection,Normale,Sans collision,,,,,,,,,,,1,2,1,1,7
200800034206,0008-06-12 10:30:00,8,6,12,10,30,920,50,BEZONS RUE DE,,,Plein jour,En agglomération,Intersection en X,Normale,Sans collision,,,,,,,,,,,1,2,2,1,7
200800034207,0008-06-12 09:50:00,8,6,12,9,50,920,50,PREMIER MAI RUE DU,,,Plein jour,En agglomération,Intersection en X,Pluie légère,Deux véhicules - côté,,,,,,,,,,,1,2,2,2,3
200800034208,0008-06-13 17:10:00,8,6,13,17,10,920,50,SURESNES RUE DE,,,Plein jour,En agglomération,Hors intersection,Normale,Autre collision,,,,,,,,,,,1,2,1,1,6
200800034209,0008-06-19 17:50:00,8,6,19,17,50,920,50,VAILLANT COUTURIER PAUL,,,Plein jour,En agglomération,Intersection en T,Normale,Autre collision,,,,,,,,,,,1,2,3,1,6
200800034210,0008-06-20 19:40:00,8,6,20,19,40,920,50,REPUBLIQUE AVENUE DE LA,,,Plein jour,En agglomération,Hors intersection,Normale,Deux véhicules - côté,,,,,,,,,,,1,2,1,1,3
200800034211,0008-06-19 16:10:00,8,6,19,16,10,920,50,HUIT MAI 1945 RUE DU,,,Plein jour,En agglomération,Hors intersection,Pluie forte,Autre collision,,,,,,,,,,,1,2,1,3,6
200800034212,0008-06-21 17:30:00,8,6,21,17,30,920,50,PICASSO PABLO AVENUE,,,Plein jour,En agglomération,Hors intersection,Normale,Autre collision,,,,,,,,,,,1,2,1,1,6
200800034213,0008-06-07 03:40:00,8,6,7,3,40,920,51,"93, CHARLES DE GAULLE (A",,,Nuit avec éclairage allumé,En agglomération,Hors intersection,Normale,Deux véhicules - côté,,,,,,,,,,,5,2,1,1,3
200800034214,0008-06-14 23:40:00,8,6,14,23,40,920,51,"71, CHARLES DE GAULLE (A",,,Nuit avec éclairage allumé,En agglomération,Hors intersection,Normale,Autre collision,,,,,,,,,,,5,2,1,1,6
200800034215,0008-06-23 15:06:00,8,6,23,15,6,920,51,"83, VILLIERS (RUE DE, N°",,,Plein jour,En agglomération,Hors intersection,Normale,Autre collision,,,,,,,,,,,1,2,1,1,6
200800034216,0008-06-25 12:20:00,8,6,25,12,20,920,51,"166, CHARLES DE GAULLE (",,,Plein jour,En agglomération,Hors intersection,Normale,Deux véhicules - arrière,,,,,,,,,,,1,2,1,1,2
200800034217,0008-06-14 20:45:00,8,6,14,20,45,920,62,"00, WALLACE (BD RICHARD)",,,Plein jour,En agglomération,Intersection en X,Normale,Deux véhicules - côté,,,,,,,,,,,1,2,2,1,3
200800034218,0008-06-13 18:00:00,8,6,13,18,0,920,62,"31, DE DION BOUTON (QUAI",,,Plein jour,En agglomération,Hors intersection,Normale,Deux véhicules - arrière,,,,,,,,,,,1,2,1,1,2
200800034219,0008-06-15 06:05:00,8,6,15,6,5,920,62,"3/5, DE DION BOUTON (QUA",,,Plein jour,En agglomération,Hors intersection,Normale,Trois véhicules et plus - collisions multiples,,,,,,,,,,,1,2,1,1,5
200800034220,0008-06-05 09:10:00,8,6,5,9,10,920,62,"00, HUGO (RUE VICTOR)",,,Plein jour,En agglomération,Intersection en X,Normale,Autre collision,,,,,,,,,,,1,2,2,1,6
200800034221,0008-06-11 09:30:00,8,6,11,9,30,920,62,"3/5, CURIE (RUE PIERRE)",,,Plein jour,En agglomération,Hors intersection,Normale,Trois véhicules et plus - en chaîne,,,,,,,,,,,1,2,1,1,4
200800034222,0008-06-17 18:00:00,8,6,17,18,0,920,62,"20, FUSILLES DE LA RESIS",,,Plein jour,En agglomération,Hors intersection,Normale,Autre collision,,,,,,,,,,,1,2,1,1,6
200800034223,0008-06-18 16:25:00,8,6,18,16,25,920,62,"00, DE DION BOUTON (QUAI",,,Plein jour,Hors agglomération,Hors intersection,Normale,Autre collision,,,,,,,,,,,1,1,1,1,6
200800034224,0008-06-20 22:20:00,8,6,20,22,20,920,62,PUTEAUX (PONT DE),,,Nuit avec éclairage allumé,En agglomération,Intersection en X,Normale,Deux véhicules - arrière,,,,,,,,,,,5,2,2,1,2
200800034225,0008-06-21 19:55:00,8,6,21,19,55,920,62,"160, VERDUN (RUE DE) N°",,,Plein jour,En agglomération,Hors intersection,Normale,Autre collision,,,,,,,,,,,1,2,1,1,6
200800034226,0008-06-23 15:15:00,8,6,23,15,15,920,62,"140, BERGERES (RD-PT DES",,,Plein jour,En agglomération,Hors intersection,Normale,Sans collision,,,,,,,,,,,1,2,1,1,7
200800034227,0008-06-27 14:25:00,8,6,27,14,25,920,62,"162, JAURES (RUE JEAN) D",,,Plein jour,En agglomération,Hors intersection,Normale,Autre collision,,,,,,,,,,,1,2,1,1,6
200800034228,0008-06-30 14:25:00,8,6,30,14,25,920,62,WALLACE (BD RICHARD) DU,,,Plein jour,En agglomération,Intersection en T,Normale,Deux véhicules - côté,,,,,,,,,,,1,2,3,1,3
200800034229,0008-06-03 15:10:00,8,6,3,15,10,920,63,"394, BONAPARTE (AVENUE N",,,Plein jour,En agglomération,Hors intersection,Normale,Deux véhicules - côté,,,,,,,,,,,1,2,1,1,3
200800034230,0008-06-11 21:05:00,8,6,11,21,5,920,63,COLMAR (AVENUE DE),,,Crépuscule ou aube,En agglomération,Intersection en X,Normale,Deux véhicules - côté,,,,,,,,,,,2,2,2,1,3
200800034231,0008-06-16 13:50:00,8,6,16,13,50,920,63,"95/97, HUGO (AVENUE VICT",,,Plein jour,En agglomération,Hors intersection,Normale,Deux véhicules - côté,,,,,,,,,,,1,2,1,1,3
200800034232,0008-06-17 11:30:00,8,6,17,11,30,920,63,"face au 45, DOUMER (AVEN",,,Plein jour,Hors agglomération,Hors intersection,Normale,Autre collision,,,,,,,,,,,1,1,1,1,6
200800034233,0008-06-24 20:10:00,8,6,24,20,10,920,63,"néant, DIX-HUIT JUIN 194",,,Plein jour,En agglomération,Intersection en X,Normale,Deux véhicules - frontale,,,,,,,,,,,1,2,2,1,1
200800034234,0008-06-03 18:45:00,8,6,3,18,45,920,64,MARECHAL JUIN,,,Plein jour,En agglomération,Hors intersection,Normale,Deux véhicules - arrière,,,,,,,,,,,1,2,1,1,2
200800034235,0008-06-08 18:35:00,8,6,8,18,35,920,76,REPUBLIQUE,,,Plein jour,En agglomération,Hors intersection,Normale,Deux véhicules - côté,,,,,,,,,,,1,2,1,1,3
200800034236,0008-06-09 08:00:00,8,6,9,8,0,920,76,JARDY,,,Plein jour,En agglomération,Hors intersection,Normale,Deux véhicules - côté,,,,,,,,,,,1,2,1,1,3
200800034237,0008-06-11 08:30:00,8,6,11,8,30,920,64,MARECHAL JUIN,,,Plein jour,En agglomération,Autre intersection,Normale,Deux véhicules - frontale,,,,,,,,,,,1,2,9,1,1
200800034238,0008-06-13 16:55:00,8,6,13,16,55,920,64,"04, DAILLY",,,Plein jour,En agglomération,Hors intersection,Normale,Deux véhicules - côté,,,,,,,,,,,1,2,1,1,3
200800034239,0008-06-19 08:02:00,8,6,19,8,2,920,64,REPUBLIQUE,,,Plein jour,En agglomération,Hors intersection,Normale,Autre collision,,,,,,,,,,,1,2,1,1,6
200800034240,0008-06-21 13:00:00,8,6,21,13,0,920,64,"face au 24, MONT VALERIE",,,Plein jour,En agglomération,Hors intersection,Normale,Trois véhicules et plus - en chaîne,,,,,,,,,,,1,2,1,1,4
200800034241,0008-06-27 07:30:00,8,6,27,7,30,920,64,"1, MAGENTA PLACE",,,Plein jour,En agglomération,Hors intersection,Normale,Deux véhicules - côté,,,,,,,,,,,1,2,1,1,3
200800034242,0008-06-28 00:55:00,8,6,28,0,55,920,33,"FACE N°21, FOCH",,,Nuit avec éclairage allumé,En agglomération,Hors intersection,Normale,Autre collision,,,,,,,,,,,5,2,1,1,6
200800034243,0008-06-02 08:05:00,8,6,2,8,5,920,22,"13, FRANCE (RUE ANATOLE)",,,Plein jour,En agglomération,Hors intersection,Temps couvert,Sans collision,,,,,,,,,,,1,2,1,8,7
200800034244,0008-06-05 08:39:00,8,6,5,8,39,920,72,"30, TROYON (RUE)",,,Plein jour,En agglomération,Hors intersection,Normale,Deux véhicules - côté,,,,,,,,,,,1,2,1,1,3
200800034245,0008-06-07 16:00:00,8,6,7,16,0,920,22,"9, JOUY (RUE DE)",,,Plein jour,En agglomération,Hors intersection,Normale,Trois véhicules et plus - en chaîne,,,,,,,,,,,1,2,1,1,4
200800034246,0008-06-10 20:20:00,8,6,10,20,20,920,72,"36, TROYON (RUE)",,,Crépuscule ou aube,En agglomération,Hors intersection,Normale,Deux véhicules - frontale,,,,,,,,,,,2,2,1,1,1
200800034247,0008-06-10 08:50:00,8,6,10,8,50,920,22,"604, SALENGRO (AVENUE RO",,,Plein jour,En agglomération,Hors intersection,Normale,Deux véhicules - arrière,,,,,,,,,,,1,2,1,1,2
200800034248,0008-06-26 13:10:00,8,6,26,13,10,920,72,"16, VILLE D'AVRAY (RUE D",,,Plein jour,En agglomération,Hors intersection,Normale,Deux véhicules - côté,,,,,,,,,,,1,2,1,1,3
200800034249,0008-06-01 18:10:00,8,6,1,18,10,920,73,"14, VAL D'OR (RUE DU)",,,Plein jour,En agglomération,Intersection en T,Normale,Deux véhicules - côté,,,,,,,,,,,1,2,3,1,3