accident_id,datetime,annee,mois,jour,heure,minute,departement,commune_insee,adresse,latitude,longitude,luminosite,agglomeration,intersection,meteo,collision,nb_vehicules,nb_usagers,nb_indemnes,nb_tues,nb_blesses_hosp,nb_blesses_legers,age_cond_1,age_cond_2,veh_type_cond_1,veh_type_cond_2,lum_code,agg_code,int_code,atm_code,col_code
200800034250,0008-06-02 15:10:00,8,6,2,15,10,920,73,"02, SELLIER (BOULEVARD H",,,Plein jour,En agglomération,Hors intersection,Normale,Deux véhicules - côté,,,,,,,,,,,1,2,1,1,3
200800034251,0008-06-03 18:40:00,8,6,3,18,40,920,73,WASHINGTON (BOULEVARD),,,Plein jour,En agglomération,Intersection en X,Pluie légère,Sans collision,,,,,,,,,,,1,2,2,2,7
200800034252,0008-06-12 14:20:00,8,6,12,14,20,920,73,"186, WASHINGTON (BOULEVA",,,Plein jour,En agglomération,Intersection en X,Pluie forte,Sans collision,,,,,,,,,,,1,2,2,3,7
200800034253,0008-06-13 23:30:00,8,6,13,23,30,920,73,"24, GALLIENI (QUAI)",,,Nuit avec éclairage allumé,En agglomération,Hors intersection,Normale,Trois véhicules et plus - collisions multiples,,,,,,,,,,,5,2,1,1,5
200800034254,0008-06-18 09:30:00,8,6,18,9,30,920,73,"9, RIVIERE (RUE DU COMMA",,,Plein jour,En agglomération,Intersection en T,Normale,Autre collision,,,,,,,,,,,1,2,3,1,6
200800034255,0008-06-20 09:00:00,8,6,20,9,0,920,73,"8, DASSAULT (QUAI MARCEL",,,Plein jour,En agglomération,Intersection en T,Normale,Deux véhicules - arrière,,,,,,,,,,,1,2,3,1,2
200800034256,0008-06-26 13:20:00,8,6,26,13,20,920,73,"1, VAL D'OR (RUE DU)",,,Plein jour,En agglomération,Intersection en X,Normale,Deux véhicules - arrière,,,,,,,,,,,1,2,2,1,2
200800034257,0008-06-28 15:55:00,8,6,28,15,55,920,73,"164, SELLIER (BOULEVARD",,,Plein jour,En agglomération,Intersection en T,Normale,Deux véhicules - arrière,,,,,,,,,,,1,2,3,1,2
200800034258,0008-06-03 10:45:00,8,6,3,10,45,920,75,"70, JEAN BLEUZEN",,,Plein jour,En agglomération,Hors intersection,Normale,Autre collision,,,,,,,,,,,1,2,1,1,6
200800034259,0008-06-04 10:45:00,8,6,4,10,45,920,75,"66, JEAN BLEUZEN (RUE)",,,Plein jour,En agglomération,Hors intersection,Normale,Sans collision,,,,,,,,,,,1,2,1,1,7
200800034260,0008-06-06 09:45:00,8,6,6,9,45,920,46,PIERRE BROSSOLETTE,,,Plein jour,En agglomération,Intersection en X,Normale,Deux véhicules - frontale,,,,,,,,,,,1,2,2,1,1
200800034261,0008-06-05 16:50:00,8,6,5,16,50,920,75,JACQUES JEZEQUEL (AVENUE,,,Plein jour,En agglomération,Intersection en T,Normale,Trois véhicules et plus - en chaîne,,,,,,,,,,,1,2,3,1,4
200800034262,0008-06-13 18:25:00,8,6,13,18,25,920,46,"37, RUE Galliéni",,,Plein jour,En agglomération,Hors intersection,Normale,Autre collision,,,,,,,,,,,1,2,1,1,6
200800034263,0008-06-17 21:15:00,8,6,17,21,15,920,46,CAMELINAT,,,Plein jour,En agglomération,Intersection en X,Normale,Deux véhicules - côté,,,,,,,,,,,1,2,2,1,3
200800034264,0008-06-20 23:15:00,8,6,20,23,15,920,46,"126, PIERRE BROSSOLETTE",,,Nuit avec éclairage allumé,En agglomération,Hors intersection,Normale,Autre collision,,,,,,,,,,,5,2,1,1,6
200800034265,0008-06-05 16:05:00,8,6,5,16,5,920,78,MOULIN CAGE (QUAI),,,Plein jour,En agglomération,Intersection en T,Normale,Trois véhicules et plus - collisions multiples,,,,,,,,,,,1,2,3,1,5
200800034266,0008-06-23 16:50:00,8,6,23,16,50,920,78,"102, VERDUN (AVENUE) (PA",,,Plein jour,En agglomération,Hors intersection,Normale,Deux véhicules - côté,,,,,,,,,,,1,2,1,1,3
200800034267,0008-06-09 20:20:00,8,6,9,20,20,920,62,BOULEVARD CIRCULAIRE,,,Plein jour,En agglomération,Intersection en Y,Normale,Sans collision,,,,,,,,,,,1,2,4,1,7
200800034268,0008-06-17 07:30:00,8,6,17,7,30,920,26,HENRI REGNAULT (RUE),,,Plein jour,En agglomération,Hors intersection,Normale,Trois véhicules et plus - collisions multiples,,,,,,,,,,,1,2,1,1,5
200800034269,0008-06-02 09:25:00,8,6,2,9,25,930,1,", DANIELLE CASANOVA (RUE",,,Plein jour,En agglomération,Hors intersection,Pluie légère,Deux véhicules - côté,,,,,,,,,,,1,2,1,2,3
200800034270,0008-06-02 17:50:00,8,6,2,17,50,930,1,"13, LEOPOLD RECHOSSIERE",,,Plein jour,En agglomération,Hors intersection,Normale,Autre collision,,,,,,,,,,,1,2,1,1,6
200800034271,0008-06-05 23:00:00,8,6,5,23,0,930,1,"3, PRESIDENT ROOSEVELT (",,,Nuit avec éclairage allumé,En agglomération,Hors intersection,Normale,Trois véhicules et plus - collisions multiples,,,,,,,,,,,5,2,1,1,5
200800034272,0008-06-06 08:00:00,8,6,6,8,0,930,1,VICTOR HUGO (AVE)  => N°,,,Plein jour,En agglomération,Intersection en X,Pluie légère,Deux véhicules - côté,,,,,,,,,,,1,2,2,2,3
200800034273,0008-06-08 14:05:00,8,6,8,14,5,930,1,"179, DANIELLE CASANOVA (",,,Plein jour,En agglomération,Intersection en X,Normale,Autre collision,,,,,,,,,,,1,2,2,1,6
200800034274,0008-06-11 16:40:00,8,6,11,16,40,930,1,"22, LANDY (RUE DU) => 16",,,Plein jour,En agglomération,Hors intersection,Normale,Trois véhicules et plus - en chaîne,,,,,,,,,,,1,2,1,1,4
200800034275,0008-06-11 17:30:00,8,6,11,17,30,930,1,"17, PRESIDENT ROOSEVELT",,,Plein jour,En agglomération,Hors intersection,Normale,Deux véhicules - côté,,,,,,,,,,,1,2,1,1,3
200800034276,0008-06-11 20:00:00,8,6,11,20,0,930,1,"87, COMMUNE DE PARIS (RU",,,Plein jour,En agglomération,Hors intersection,Normale,Trois véhicules et plus - en chaîne,,,,,,,,,,,1,2,1,1,4
200800034277,0008-06-12 13:45:00,8,6,12,13,45,930,1,"69, VICTOR HUGO (AVE)  =",,,Plein jour,En agglomération,Hors intersection,Pluie légère,Deux véhicules - arrière,,,,,,,,,,,1,2,1,2,2
200800034278,0008-06-13 13:50:00,8,6,13,13,50,930,1,"51, JEAN JAURES (AVE)  =",,,Plein jour,En agglomération,Hors intersection,Brouillard / fumée,Autre collision,,,,,,,,,,,1,2,1,5,6
200800034279,0008-06-13 16:05:00,8,6,13,16,5,930,1,"6, NOYERS (RUE DES)  =>",,,Plein jour,En agglomération,Hors intersection,Normale,Autre collision,,,,,,,,,,,1,2,1,1,6
200800034280,0008-06-14 11:35:00,8,6,14,11,35,930,1,"X, EDOUARD VAILLANT (BLD",,,Plein jour,En agglomération,Intersection en T,Normale,Deux véhicules - côté,,,,,,,,,,,1,2,3,1,3
200800034281,0008-06-17 17:45:00,8,6,17,17,45,930,1,"57, HAIE COQ (RUE DE LA",,,Plein jour,En agglomération,Hors intersection,Normale,Autre collision,,,,,,,,,,,1,2,1,1,6
200800034282,0008-06-19 15:10:00,8,6,19,15,10,930,1,"X, PONT BLANC.CHARLES TI",,,Plein jour,En agglomération,Hors intersection,Normale,Deux véhicules - côté,,,,,,,,,,,1,2,1,1,3
200800034283,0008-06-20 15:40:00,8,6,20,15,40,930,1,"16, LILAS (ALLEE DES)",,,Plein jour,Hors agglomération,Hors intersection,Normale,Autre collision,,,,,,,,,,,1,1,1,1,6
200800034284,0008-06-23 16:55:00,8,6,23,16,55,930,1,"93, REPUBLIQUE (AVE DE L",,,Plein jour,En agglomération,Hors intersection,Normale,Deux véhicules - frontale,,,,,,,,,,,1,2,1,1,1
200800034285,0008-06-23 22:55:00,8,6,23,22,55,930,1,"X, VICTOR HUGO (AVE)  =>",,,Nuit avec éclairage allumé,En agglomération,Intersection en Y,Normale,Deux véhicules - côté,,,,,,,,,,,5,2,4,1,3
200800034286,0008-06-24 18:46:00,8,6,24,18,46,930,1,"X, ANDRE KARMAN (RUE)  =",,,Plein jour,En agglomération,Intersection en X,Normale,Autre collision,,,,,,,,,,,1,2,2,1,6
200800034287,0008-06-24 23:30:00,8,6,24,23,30,930,1,"X, PONT BLANC.CHARLES TI",,,Nuit avec éclairage allumé,En agglomération,Place,Normale,Autre collision,,,,,,,,,,,5,2,7,1,6
200800034288,0008-06-25 11:30:00,8,6,25,11,30,930,1,"X, LEOPOLD RECHOSSIERE (",,,Plein jour,En agglomération,Intersection en Y,Normale,Deux véhicules - côté,,,,,,,,,,,1,2,4,1,3
200800034289,0008-06-29 17:15:00,8,6,29,17,15,930,1,"X, COMMANDANT L'HERMINIE",,,Plein jour,En agglomération,Hors intersection,Normale,Sans collision,,,,,,,,,,,1,2,1,1,7
200800034290,0008-06-04 19:50:00,8,6,4,19,50,930,5,"7, MADRID (RUE DE)",,,Plein jour,En agglomération,Hors intersection,Normale,Autre collision,,,,,,,,,,,1,2,1,1,6
200800034291,0008-06-05 16:25:00,8,6,5,16,25,930,5,"5, MITRY [CD115] (ROUTE",,,Plein jour,En agglomération,Hors intersection,Normale,Autre collision,,,,,,,,,,,1,2,1,1,6
200800034292,0008-06-10 22:50:00,8,6,10,22,50,930,5,"37, HAVRE (RUE DU)",,,Nuit avec éclairage allumé,En agglomération,Hors intersection,Normale,Autre collision,,,,,,,,,,,5,2,1,1,6
200800034293,0008-06-06 12:10:00,8,6,6,12,10,930,5,NONNEVILLE (AVENUE DE),,,Plein jour,En agglomération,Hors intersection,Normale,Sans collision,,,,,,,,,,,1,2,1,1,7
200800034294,0008-06-13 08:00:00,8,6,13,8,0,930,5,"01, PREFET CHALEIL (CD44",,,Plein jour,En agglomération,Hors intersection,Normale,Deux véhicules - côté,,,,,,,,,,,1,2,1,1,3
200800034295,0008-06-16 11:55:00,8,6,16,11,55,930,5,LOUIS ARMAND (CARREFOUR),,,Plein jour,En agglomération,Giratoire,Normale,Deux véhicules - arrière,,,,,,,,,,,1,2,6,1,2
200800034296,0008-06-16 19:20:00,8,6,16,19,20,930,5,"21, FRANKLIN (RUE)",,,Plein jour,En agglomération,Hors intersection,Normale,Trois véhicules et plus - en chaîne,,,,,,,,,,,1,2,1,1,4
200800034297,0008-06-19 07:20:00,8,6,19,7,20,930,5,"1, SUZANNE LENGLEN (AVEN",,,Plein jour,En agglomération,Hors intersection,Normale,Deux véhicules - arrière,,,,,,,,,,,1,2,1,1,2
200800034298,0008-06-25 09:40:00,8,6,25,9,40,930,5,MITRY [CD115] (RUE DE),,,Plein jour,En agglomération,Hors intersection,Normale,Autre collision,,,,,,,,,,,1,2,1,1,6
200800034299,0008-06-25 14:25:00,8,6,25,14,25,930,5,"123, NONNEVILLE (AVENUE",,,Plein jour,En agglomération,Hors intersection,Normale,Autre collision,,,,,,,,,,,1,2,1,1,6
200800034300,0008-06-03 19:10:00,8,6,3,19,10,930,7,"""PIERRE SEMARD (RUE """"CO",,,Plein jour,En agglomération,Intersection en X,Normale,Trois véhicules et plus - collisions multiples,,,,,,,,,,,1,2,2,1,5
200800034301,0008-06-06 20:10:00,8,6,6,20,10,930,7,BEL ABBES (AVENUE DE),,,Plein jour,En agglomération,Intersection en T,Normale,Deux véhicules - côté,,,,,,,,,,,1,2,3,1,3
200800034302,0008-06-11 08:40:00,8,6,11,8,40,930,7,"56, BEL ABBES (AVENUE DE",,,Plein jour,En agglomération,Hors intersection,Normale,Autre collision,,,,,,,,,,,1,2,1,1,6
200800034303,0008-06-17 14:55:00,8,6,17,14,55,930,7,"""8 MAI 45 (AVENUE """"N° 2",,,Plein jour,En agglomération,Intersection en T,Normale,Autre collision,,,,,,,,,,,1,2,3,1,6
200800034304,0008-06-24 20:20:00,8,6,24,20,20,930,7,"116, JOSEPH DARRIET (RUE",,,Plein jour,En agglomération,Hors intersection,Normale,Autre collision,,,,,,,,,,,1,2,1,1,6
200800034305,0008-06-29 21:35:00,8,6,29,21,35,930,7,8 MAI 45 (AVENUE DU 184,,,Plein jour,En agglomération,Hors intersection,Normale,Trois véhicules et plus - en chaîne,,,,,,,,,,,1,2,1,1,4
200800034306,0008-06-02 15:05:00,8,6,2,15,5,930,8,"54, DEVIATION (RUE DE LA",,,Plein jour,En agglomération,Intersection en T,Pluie légère,Deux véhicules - frontale,,,,,,,,,,,1,2,3,2,1
200800034307,0008-06-02 23:50:00,8,6,2,23,50,930,8,SEMARD (AVENUE PIERRE),,,Nuit avec éclairage allumé,En agglomération,Giratoire,Pluie légère,Autre collision,,,,,,,,,,,5,2,6,2,6
200800034308,0008-06-04 18:05:00,8,6,4,18,5,930,8,ARAGON (AVENUE LOUIS),,,Plein jour,En agglomération,Hors intersection,Normale,Deux véhicules - arrière,,,,,,,,,,,1,2,1,1,2
200800034309,0008-06-10 17:25:00,8,6,10,17,25,930,8,STALINGRAD (IMPASSE DE),,,Plein jour,En agglomération,Passage à niveau,Normale,Deux véhicules - côté,,,,,,,,,,,1,2,8,1,3
200800034310,0008-06-11 08:25:00,8,6,11,8,25,930,8,PARIS (RUE DE),,,Plein jour,En agglomération,Hors intersection,Normale,Sans collision,,,,,,,,,,,1,2,1,1,7
200800034311,0008-06-13 20:45:00,8,6,13,20,45,930,8,CHABLIS (RUE DE),,,Plein jour,En agglomération,Intersection en T,Normale,Deux véhicules - frontale,,,,,,,,,,,1,2,3,1,1
200800034312,0008-06-21 20:30:00,8,6,21,20,30,930,8,"471, VAILLANT COUTURIER",,,Plein jour,En agglomération,Autre intersection,Normale,Trois véhicules et plus - en chaîne,,,,,,,,,,,1,2,9,1,4
200800034313,0008-06-24 13:30:00,8,6,24,13,30,930,8,REPUBLIQUE (RUE DE LA),,,Plein jour,En agglomération,Intersection en X,Normale,Deux véhicules - arrière,,,,,,,,,,,1,2,2,1,2
200800034314,0008-06-26 10:10:00,8,6,26,10,10,930,8,VAILLANT COUTURIER (AVEN,,,Plein jour,En agglomération,Hors intersection,Normale,Deux véhicules - côté,,,,,,,,,,,1,2,1,1,3
200800034315,0008-06-19 17:20:00,8,6,19,17,20,930,10,"29, MOULIN (AV. JEAN) CO",,,Plein jour,En agglomération,Hors intersection,Pluie forte,Autre collision,,,,,,,,,,,1,2,1,3,6
200800034316,0008-06-02 14:40:00,8,6,2,14,40,930,10,"ignore, GALLIENI (AV.) D",,,Plein jour,En agglomération,Intersection à plus de 4 branches,Pluie légère,Deux véhicules - côté,,,,,,,,,,,1,2,5,2,3
200800034317,0008-06-02 18:50:00,8,6,2,18,50,930,10,"48, GUESDES (RUE JULES)",,,Plein jour,En agglomération,Hors intersection,Normale,Deux véhicules - frontale,,,,,,,,,,,1,2,1,1,1
200800034318,0008-06-05 08:10:00,8,6,5,8,10,930,57,"IGNORE, OISSERY- FORFRY",,,Plein jour,En agglomération,Place,Normale,Autre collision,,,,,,,,,,,1,2,7,1,6
200800034319,0008-06-05 16:50:00,8,6,5,16,50,930,10,"ignore, CARNOT (AV.) DE",,,Plein jour,En agglomération,Intersection en X,Pluie légère,Autre collision,,,,,,,,,,,1,2,2,2,6
200800034320,0008-06-07 10:30:00,8,6,7,10,30,930,57,"ignore, HUGO (AV. VICTOR",,,Plein jour,En agglomération,Hors intersection,Normale,Deux véhicules - arrière,,,,,,,,,,,1,2,1,1,2
200800034321,0008-06-13 20:35:00,8,6,13,20,35,930,10,"ignore, AULNAY (ROUTE) C",,,Plein jour,En agglomération,Hors intersection,Normale,Autre collision,,,,,,,,,,,1,2,1,1,6
200800034322,0008-06-16 19:30:00,8,6,16,19,30,930,57,"85, JAURES (AV. JEAN) 1",,,Plein jour,En agglomération,Hors intersection,Normale,Deux véhicules - frontale,,,,,,,,,,,1,2,1,1,1
200800034323,0008-06-16 23:00:00,8,6,16,23,0,930,10,GALLIENI (AV.) DE 2 A 96,,,Nuit avec éclairage allumé,En agglomération,Intersection en X,Normale,Autre collision,,,,,,,,,,,5,2,2,1,6
200800034324,0008-06-17 08:35:00,8,6,17,8,35,930,57,"ignore, BRIAND (AV. ARIS",,,Plein jour,En agglomération,Intersection en X,Normale,Deux véhicules - côté,,,,,,,,,,,1,2,2,1,3
200800034325,0008-06-18 17:25:00,8,6,18,17,25,930,10,"12, PASTEUR (AV.)",,,Plein jour,En agglomération,Hors intersection,Normale,Autre collision,,,,,,,,,,,1,2,1,1,6
200800034326,0008-06-19 07:40:00,8,6,19,7,40,930,57,"FACE 54, BRIAND (AV. ARI",,,Plein jour,En agglomération,Hors intersection,Normale,Deux véhicules - côté,,,,,,,,,,,1,2,1,1,3
200800034327,0008-06-19 20:00:00,8,6,19,20,0,930,10,DOUILLOT (RUE HENRI)DE 2,,,Crépuscule ou aube,En agglomération,Intersection en X,Normale,Deux véhicules - côté,,,,,,,,,,,2,2,2,1,3
200800034328,0008-06-25 11:30:00,8,6,25,11,30,930,10,"ignor, GALLIENI (AV.) DE",,,Plein jour,En agglomération,Hors intersection,Normale,Autre collision,,,,,,,,,,,1,2,1,1,6
200800034329,0008-06-27 08:00:00,8,6,27,8,0,930,10,"211, GALLIENI (AV.) 211",,,Plein jour,En agglomération,Hors intersection,Normale,Autre collision,,,,,,,,,,,1,2,1,1,6
200800034330,0008-06-29 12:37:00,8,6,29,12,37,930,13,LECLERC (AVENU DE LA DIV,,,Plein jour,En agglomération,Hors intersection,Temps couvert,Deux véhicules - arrière,,,,,,,,,,,1,2,1,8,2
200800034331,0008-06-28 17:10:00,8,6,28,17,10,930,27,", QUINET (RUE EDGAR)",,,Plein jour,En agglomération,Intersection en T,Normale,Deux véhicules - côté,,,,,,,,,,,1,2,3,1,3
200800034332,0008-06-03 06:40:00,8,6,3,6,40,930,27,"70, BARBUSSE (AVENUE HEN",,,Plein jour,En agglomération,Hors intersection,Normale,Autre collision,,,,,,,,,,,1,2,1,1,6
200800034333,0008-06-09 18:30:00,8,6,9,18,30,930,13,DEPORTES (PLACE DES),,,Plein jour,En agglomération,Hors intersection,Normale,Deux véhicules - côté,,,,,,,,,,,1,2,1,1,3
200800034334,0008-06-10 19:30:00,8,6,10,19,30,930,13,VAILLANT (RUE EDOUARD),,,Plein jour,En agglomération,Hors intersection,Normale,Autre collision,,,,,,,,,,,1,2,1,1,6
200800034335,0008-06-10 20:00:00,8,6,10,20,0,930,27,HUIT-MAI-1945 (PLACE DU),,,Plein jour,En agglomération,Intersection à plus de 4 branches,Normale,Autre collision,,,,,,,,,,,1,2,5,1,6
200800034336,0008-06-11 15:45:00,8,6,11,15,45,930,27,"25, QUINET (RUE EDGAR)",,,Plein jour,En agglomération,Intersection en X,Normale,Deux véhicules - côté,,,,,,,,,,,1,2,2,1,3
200800034337,0008-06-11 22:00:00,8,6,11,22,0,930,30,"00, SEIZE-AOUT-1943 (PLA",,,Nuit avec éclairage allumé,En agglomération,Giratoire,Normale,Autre collision,,,,,,,,,,,5,2,6,1,6
200800034338,0008-06-04 16:25:00,8,6,4,16,25,930,29,DIX NEUF MARS 1962 (PLAC,,,Plein jour,En agglomération,Intersection en X,Normale,Autre collision,,,,,,,,,,,1,2,2,1,6
200800034339,0008-06-08 13:45:00,8,6,8,13,45,930,29,"15, GARIBALDI (AVENUE)",,,Plein jour,En agglomération,Hors intersection,Normale,Autre collision,,,,,,,,,,,1,2,1,1,6
200800034340,0008-06-08 19:25:00,8,6,8,19,25,930,29,GEORGES MARIE,,,Plein jour,En agglomération,Intersection en T,Normale,Deux véhicules - côté,,,,,,,,,,,1,2,3,1,3
200800034341,0008-06-09 13:53:00,8,6,9,13,53,930,29,HENRI BARBUSSE (AVE) N°1,,,Plein jour,En agglomération,Intersection en T,Normale,Deux véhicules - côté,,,,,,,,,,,1,2,3,1,3
200800034342,0008-06-12 08:37:00,8,6,12,8,37,930,29,SADI CARNOT,,,Plein jour,En agglomération,Intersection en T,Normale,Autre collision,,,,,,,,,,,1,2,3,1,6
200800034343,0008-06-17 19:30:00,8,6,17,19,30,930,29,"79, SADI CARNOT",,,Plein jour,En agglomération,Hors intersection,Normale,Autre collision,,,,,,,,,,,1,2,1,1,6
200800034344,0008-06-24 14:05:00,8,6,24,14,5,930,29,"37, TOUR D'AUVERGNE (DE",,,Plein jour,En agglomération,Hors intersection,Normale,Autre collision,,,,,,,,,,,1,2,1,1,6
200800034345,0008-06-30 18:05:00,8,6,30,18,5,930,29,"18, EMMANUEL VINSON",,,Plein jour,En agglomération,Hors intersection,Normale,Autre collision,,,,,,,,,,,1,2,1,1,6
200800034346,0008-06-03 20:10:00,8,6,3,20,10,930,31,"0, SAINT LEU (ROUTE DE)",,,Crépuscule ou aube,En agglomération,Hors intersection,Normale,Trois véhicules et plus - collisions multiples,,,,,,,,,,,2,2,1,1,5
200800034347,0008-06-04 12:15:00,8,6,4,12,15,930,31,"0, STRASBOURG (RUE DE)",,,Plein jour,En agglomération,Hors intersection,Normale,Autre collision,,,,,,,,,,,1,2,1,1,6
200800034348,0008-06-10 19:20:00,8,6,10,19,20,930,79,"147, SAINT LEU (ROUTE)",,,Plein jour,En agglomération,Hors intersection,Normale,Deux véhicules - côté,,,,,,,,,,,1,2,1,1,3
200800034349,0008-06-13 19:15:00,8,6,13,19,15,930,31,"107, ENGHIEN (AV D')",,,Crépuscule ou aube,En agglomération,Hors intersection,Normale,Trois véhicules et plus - collisions multiples,,,,,,,,,,,2,2,1,1,5
200800034350,0008-06-16 13:45:00,8,6,16,13,45,930,31,"2, ARGENTEUIL (ROUTE D')",,,Plein jour,En agglomération,Hors intersection,Normale,Autre collision,,,,,,,,,,,1,2,1,1,6
200800034351,0008-06-19 13:15:00,8,6,19,13,15,930,79,"142, DIVISION LECLERC (A",,,Plein jour,En agglomération,Intersection en X,Normale,Autre collision,,,,,,,,,,,1,2,2,1,6
200800034352,0008-06-21 10:35:00,8,6,21,10,35,930,31,"33, GALLIENI (AVENUE)",,,Plein jour,En agglomération,Hors intersection,Normale,Deux véhicules - arrière,,,,,,,,,,,1,2,1,1,2
200800034353,0008-06-27 13:30:00,8,6,27,13,30,930,79,"0, EDOUARD VAILLANT",,,Plein jour,En agglomération,Giratoire,Normale,Deux véhicules - côté,,,,,,,,,,,1,2,6,1,3
200800034354,0008-06-30 09:05:00,8,6,30,9,5,930,31,"0, FELIX MERLIN",,,Plein jour,En agglomération,Hors intersection,Normale,Deux véhicules - arrière,,,,,,,,,,,1,2,1,1,2
200800034355,0008-06-30 16:40:00,8,6,30,16,40,930,31,"0, SAINT LEU (ROUTE DE)",,,Plein jour,En agglomération,Giratoire,Normale,Autre collision,,,,,,,,,,,1,2,6,1,6
200800034356,0008-06-04 23:30:00,8,6,4,23,30,930,32,"JULES GUESDES  (RUE,A PA",,,Nuit avec éclairage allumé,En agglomération,Intersection en T,Normale,Deux véhicules - côté,,,,,,,,,,,5,2,3,1,3
200800034357,0008-06-08 17:15:00,8,6,8,17,15,930,47,SCIENCES   (AVENUE DES),,,Plein jour,En agglomération,Intersection en T,Normale,Autre collision,,,,,,,,,,,1,2,3,1,6
200800034358,0008-06-09 11:00:00,8,6,9,11,0,930,47,", HENRI BARBUSSE  (RUE)",,,Plein jour,En agglomération,Hors intersection,Normale,Autre collision,,,,,,,,,,,1,2,1,1,6
200800034359,0008-06-10 19:15:00,8,6,10,19,15,930,32,JEAN JAURES (AVENUE),,,Plein jour,En agglomération,Intersection en X,Normale,Deux véhicules - côté,,,,,,,,,,,1,2,2,1,3
200800034360,0008-06-14 17:15:00,8,6,14,17,15,930,47,"47, MYOSOTIS   (AVENUE D",,,Plein jour,En agglomération,Hors intersection,Normale,Deux véhicules - frontale,,,,,,,,,,,1,2,1,1,1
200800034361,0008-06-14 18:30:00,8,6,14,18,30,930,32,MONTFERMEIL   (ALLEE DE),,,Plein jour,En agglomération,Hors intersection,Normale,Deux véhicules - frontale,,,,,,,,,,,1,2,1,1,1
200800034362,0008-06-18 17:10:00,8,6,18,17,10,930,47,GABRIEL PERI  (AVENUE),,,Plein jour,En agglomération,Intersection en X,Normale,Deux véhicules - frontale,,,,,,,,,,,1,2,2,1,1
200800034363,0008-06-22 09:45:00,8,6,22,9,45,930,32,GAY     (ALLEE),,,Plein jour,En agglomération,Hors intersection,Normale,Autre collision,,,,,,,,,,,1,2,1,1,6
200800034364,0008-06-26 17:25:00,8,6,26,17,25,930,32,PAUL VAILLANT COUTURIER,,,Plein jour,En agglomération,Hors intersection,Normale,Deux véhicules - côté,,,,,,,,,,,1,2,1,1,3
200800034365,0008-06-30 08:15:00,8,6,30,8,15,930,47,JEAN JAURES (AVENUE),,,Plein jour,En agglomération,Intersection en X,Normale,Deux véhicules - côté,,,,,,,,,,,1,2,2,1,3
200800034366,0008-06-01 18:20:00,8,6,1,18,20,930,63,"62, BERLIOZ AVENUE",,,Plein jour,En agglomération,Hors intersection,Normale,Autre collision,,,,,,,,,,,1,2,1,1,6
200800034367,0008-06-04 18:40:00,8,6,4,18,40,930,63,"124 bis, REPUBLIQUE RUE",,,Plein jour,En agglomération,Intersection en T,Normale,Deux véhicules - arrière,,,,,,,,,,,1,2,3,1,2
200800034368,0008-06-06 17:25:00,8,6,6,17,25,930,45,PARIS RUE DE,,,Plein jour,En agglomération,Intersection en T,Normale,Autre collision,,,,,,,,,,,1,2,3,1,6
200800034369,0008-06-09 10:30:00,8,6,9,10,30,930,6,"01, JAURES JEAN RUE",,,Plein jour,En agglomération,Intersection en X,Normale,Autre collision,,,,,,,,,,,1,2,2,1,6
200800034370,0008-06-17 17:00:00,8,6,17,17,0,930,6,"08, LOLIVE JEAN RUE",,,Plein jour,En agglomération,Hors intersection,Normale,Autre collision,,,,,,,,,,,1,2,1,1,6
200800034371,0008-06-20 06:40:00,8,6,20,6,40,930,63,VERDUN AVENUE DE,,,Plein jour,En agglomération,Hors intersection,Normale,Autre collision,,,,,,,,,,,1,2,1,1,6
200800034372,0008-06-13 22:50:00,8,6,13,22,50,930,63,"neant, LENINE AVENUE",,,Nuit avec éclairage allumé,En agglomération,Hors intersection,Normale,Deux véhicules - frontale,,,,,,,,,,,5,2,1,1,1
200800034373,0008-06-11 23:00:00,8,6,11,23,0,930,63,"neant, LENINE AVENUE",,,Nuit sans éclairage public,En agglomération,Intersection en T,Normale,Deux véhicules - côté,,,,,,,,,,,3,2,3,1,3
200800034374,0008-06-11 22:40:00,8,6,11,22,40,930,61,PERI GABRIEL RUE,,,Nuit avec éclairage allumé,En agglomération,Intersection en T,Normale,Autre collision,,,,,,,,,,,5,2,3,1,6
200800034375,0008-06-20 20:45:00,8,6,20,20,45,930,6,LAHAYE ADELAIDE RUE,,,Plein jour,En agglomération,Intersection en T,Normale,Deux véhicules - côté,,,,,,,,,,,1,2,3,1,3
200800034376,0008-06-22 12:30:00,8,6,22,12,30,930,6,"3, FIORENTINO RUE DE SES",,,Plein jour,En agglomération,Hors intersection,Normale,Autre collision,,,,,,,,,,,1,2,1,1,6
200800034377,0008-06-24 19:35:00,8,6,24,19,35,930,61,"31, JOINEAU ANDRE RUE",,,Plein jour,En agglomération,Intersection en T,Normale,Sans collision,,,,,,,,,,,1,2,3,1,7
200800034378,0008-06-24 21:05:00,8,6,24,21,5,930,63,"30, KERAUTRET AVENUE PIE",,,Plein jour,En agglomération,Hors intersection,Normale,Deux véhicules - arrière,,,,,,,,,,,1,2,1,1,2
200800034379,0008-06-25 08:55:00,8,6,25,8,55,930,45,SALEZ RAYMOND RUE,,,Plein jour,En agglomération,Intersection en T,Normale,Autre collision,,,,,,,,,,,1,2,3,1,6
200800034380,0008-06-28 13:10:00,8,6,28,13,10,930,63,"61, VERDUN AVENUE DE",,,Plein jour,En agglomération,Intersection en T,Pluie légère,Sans collision,,,,,,,,,,,1,2,3,2,7
200800034381,0008-06-13 12:40:00,8,6,13,12,40,930,63,BARBUSSE HENRI BOULEVARD,,,Plein jour,En agglomération,Intersection en X,Normale,Deux véhicules - frontale,,,,,,,,,,,1,2,2,1,1
200800034382,0008-06-04 08:40:00,8,6,4,8,40,930,46,"54, MARECHAL LECLERC AVE",,,Plein jour,En agglomération,Hors intersection,Normale,Deux véhicules - arrière,,,,,,,,,,,1,2,1,1,2