accident_id,datetime,annee,mois,jour,heure,minute,departement,commune_insee,adresse,latitude,longitude,luminosite,agglomeration,intersection,meteo,collision,nb_vehicules,nb_usagers,nb_indemnes,nb_tues,nb_blesses_hosp,nb_blesses_legers,age_cond_1,age_cond_2,veh_type_cond_1,veh_type_cond_2,lum_code,agg_code,int_code,atm_code,col_code
200800034383,0008-06-08 16:45:00,8,6,8,16,45,930,74,BURLOT RUE EUGENE,,,Plein jour,En agglomération,Hors intersection,Normale,Sans collision,,,,,,,,,,,1,2,1,1,7
200800034384,0008-06-09 08:45:00,8,6,9,8,45,930,74,Route Nationale 3,,,Plein jour,Hors agglomération,Hors intersection,Normale,Deux véhicules - côté,,,,,,,,,,,1,1,1,1,3
200800034385,0008-06-10 18:50:00,8,6,10,18,50,930,46,"4, PRESSOIR RUE DU",,,Plein jour,En agglomération,Hors intersection,Normale,Autre collision,,,,,,,,,,,1,2,1,1,6
200800034386,0008-06-12 09:05:00,8,6,12,9,5,930,15,VAUJOURS RUE DE,,,Plein jour,En agglomération,Intersection en X,Pluie légère,Deux véhicules - côté,,,,,,,,,,,1,2,2,2,3
200800034387,0008-06-12 16:40:00,8,6,12,16,40,930,15,BOIS DE BERNOUILLE ROUTE,,,Plein jour,En agglomération,Hors intersection,Temps couvert,Sans collision,,,,,,,,,,,1,2,1,8,7
200800034388,0008-06-12 17:45:00,8,6,12,17,45,930,46,"NR, MARX DORMOY BOULEVAR",,,Plein jour,En agglomération,Intersection en T,Pluie légère,Deux véhicules - côté,,,,,,,,,,,1,2,3,2,3
200800034389,0008-06-21 08:20:00,8,6,21,8,20,930,46,"69, CONSUL GENERAL NORDL",,,Plein jour,En agglomération,Intersection en X,Normale,Deux véhicules - frontale,,,,,,,,,,,1,2,2,1,1
200800034390,0008-06-21 17:45:00,8,6,21,17,45,930,46,"51, CONSUL GENERAL NORDL",,,Plein jour,En agglomération,Hors intersection,Normale,Deux véhicules - arrière,,,,,,,,,,,1,2,1,1,2
200800034391,0008-06-22 20:50:00,8,6,22,20,50,930,46,AGUESSEAU ALLEE D',,,Plein jour,En agglomération,Intersection en X,Normale,Deux véhicules - côté,,,,,,,,,,,1,2,2,1,3
200800034392,0008-06-21 19:40:00,8,6,21,19,40,930,46,"18, ARISTIDE BRIAND AVEN",,,Plein jour,En agglomération,Hors intersection,Normale,Autre collision,,,,,,,,,,,1,2,1,1,6
200800034393,0008-06-27 09:30:00,8,6,27,9,30,930,46,SALVADOR ALLENDE CARREFO,,,Plein jour,En agglomération,Intersection à plus de 4 branches,Normale,Deux véhicules - côté,,,,,,,,,,,1,2,5,1,3
200800034394,0008-06-28 11:40:00,8,6,28,11,40,930,46,ROGER SALENGRO BOULEVARD,,,Plein jour,En agglomération,Intersection en T,Normale,Autre collision,,,,,,,,,,,1,2,3,1,6
200800034395,0008-06-28 13:00:00,8,6,28,13,0,930,46,CAMILLE DESMOULINS AVENU,,,Plein jour,En agglomération,Hors intersection,Normale,Trois véhicules et plus - collisions multiples,,,,,,,,,,,1,2,1,1,5
200800034396,0008-06-29 20:20:00,8,6,29,20,20,930,46,"75, POSTES CHEMIN DES",,,Plein jour,En agglomération,Hors intersection,Normale,Sans collision,,,,,,,,,,,1,2,1,1,7
200800034397,0008-06-01 22:30:00,8,6,1,22,30,930,48,ROMAINVILLE (RUE DE),,,Crépuscule ou aube,En agglomération,Intersection en X,Normale,Deux véhicules - côté,,,,,,,,,,,2,2,2,1,3
200800034398,0008-06-02 11:18:00,8,6,2,11,18,930,48,JEAN JAURES (PLACE),,,Plein jour,En agglomération,Hors intersection,Pluie légère,Deux véhicules - arrière,,,,,,,,,,,1,2,1,2,2
200800034399,0008-06-04 13:35:00,8,6,4,13,35,930,48,"38, THEOPHILE SUEUR (BOU",,,Plein jour,En agglomération,Hors intersection,Temps couvert,Trois véhicules et plus - en chaîne,,,,,,,,,,,1,2,1,8,4
200800034400,0008-06-09 18:15:00,8,6,9,18,15,930,48,ERNEST RENAN (AVENUE),,,Plein jour,En agglomération,Intersection en T,Normale,Deux véhicules - côté,,,,,,,,,,,1,2,3,1,3
200800034401,0008-06-11 14:20:00,8,6,11,14,20,930,48,"25, THEOPHILE SUEUR (BOU",,,Plein jour,En agglomération,Intersection en T,Normale,Deux véhicules - côté,,,,,,,,,,,1,2,3,1,3
200800034402,0008-06-11 18:40:00,8,6,11,18,40,930,48,"18, PORT ROYAL (ALLEE DU",,,Plein jour,En agglomération,Hors intersection,Normale,Autre collision,,,,,,,,,,,1,2,1,1,6
200800034403,0008-06-13 21:20:00,8,6,13,21,20,930,48,BOISSIERE (BOULEVARD DE,,,Crépuscule ou aube,En agglomération,Intersection en X,Normale,Deux véhicules - côté,,,,,,,,,,,2,2,2,1,3
200800034404,0008-06-20 22:20:00,8,6,20,22,20,930,48,LE NAIN DE TILLEMONT (RU,,,Nuit avec éclairage non allumé,En agglomération,Hors intersection,Normale,Autre collision,,,,,,,,,,,4,2,1,1,6
200800034405,0008-06-23 18:50:00,8,6,23,18,50,930,48,MAURICE BOUCHOR (RUE),,,Plein jour,En agglomération,Hors intersection,Normale,Autre collision,,,,,,,,,,,1,2,1,1,6
200800034406,0008-06-29 09:30:00,8,6,29,9,30,930,48,"1, GENERAL DE GAULE (PLA",,,Plein jour,En agglomération,Intersection en Y,Normale,Deux véhicules - arrière,,,,,,,,,,,1,2,4,1,2
200800034407,0008-06-30 13:50:00,8,6,30,13,50,930,48,"95, HENRI BARBUSSE (BOUL",,,Plein jour,En agglomération,Hors intersection,Normale,Deux véhicules - arrière,,,,,,,,,,,1,2,1,1,2
200800034408,0008-06-30 22:50:00,8,6,30,22,50,930,48,"101, BOISSIERE (BOULEVAR",,,Nuit avec éclairage allumé,En agglomération,Hors intersection,Normale,Autre collision,,,,,,,,,,,5,2,1,1,6
200800034409,0008-06-03 20:55:00,8,6,3,20,55,930,49,GALLIENI (BOULEVARD),,,Crépuscule ou aube,En agglomération,Hors intersection,Normale,Deux véhicules - arrière,,,,,,,,,,,2,2,1,1,2
200800034410,0008-06-10 10:25:00,8,6,10,10,25,930,49,PASTEUR (RUE),,,Plein jour,En agglomération,Intersection à plus de 4 branches,Normale,Sans collision,,,,,,,,,,,1,2,5,1,7
200800034411,0008-06-11 12:10:00,8,6,11,12,10,930,50,"54, PAUL DOUMER (RUE)",,,Plein jour,En agglomération,Hors intersection,Normale,Sans collision,,,,,,,,,,,1,2,1,1,7
200800034412,0008-06-12 18:30:00,8,6,12,18,30,930,50,PAUL ET CAMILLE THOMOUX,,,Plein jour,En agglomération,Intersection en X,Normale,Deux véhicules - côté,,,,,,,,,,,1,2,2,1,3
200800034413,0008-06-17 15:20:00,8,6,17,15,20,930,50,"34, GENERAL DE GAULLE (A",,,Plein jour,En agglomération,Hors intersection,Temps éblouissant,Deux véhicules - arrière,,,,,,,,,,,1,2,1,7,2
200800034414,0008-06-18 16:50:00,8,6,18,16,50,930,50,"39, GENERAL DE GAULLE (A",,,Plein jour,En agglomération,Hors intersection,Normale,Deux véhicules - arrière,,,,,,,,,,,1,2,1,1,2
200800034415,0008-06-18 20:45:00,8,6,18,20,45,930,50,MARX DORMOY (RUE),,,Plein jour,En agglomération,Hors intersection,Normale,Trois véhicules et plus - collisions multiples,,,,,,,,,,,1,2,1,1,5
200800034416,0008-06-20 19:30:00,8,6,20,19,30,930,50,LEON BLUM (AVENUE),,,Plein jour,En agglomération,Intersection en X,Normale,Deux véhicules - côté,,,,,,,,,,,1,2,2,1,3
200800034417,0008-06-22 12:30:00,8,6,22,12,30,930,49,MARECHAL FOCH (AVENUE) P,,,Plein jour,En agglomération,Intersection en T,Normale,Deux véhicules - frontale,,,,,,,,,,,1,2,3,1,1
200800034418,0008-06-23 13:00:00,8,6,23,13,0,930,50,FOULQUES (RUE),,,Plein jour,En agglomération,Intersection en T,Normale,Deux véhicules - côté,,,,,,,,,,,1,2,3,1,3
200800034419,0008-06-24 19:30:00,8,6,24,19,30,930,50,ROBERT SCHUMANN (AVENUE),,,Plein jour,En agglomération,Hors intersection,Normale,Sans collision,,,,,,,,,,,1,2,1,1,7
200800034420,0008-06-26 09:40:00,8,6,26,9,40,930,49,"30, FAUVETTES (AVENUE) B",,,Plein jour,En agglomération,Hors intersection,Normale,Deux véhicules - côté,,,,,,,,,,,1,2,1,1,3
200800034421,0008-06-30 07:20:00,8,6,30,7,20,930,50,"1-9, MARECHAL FOCH (AVEN",,,Plein jour,En agglomération,Hors intersection,Normale,Deux véhicules - côté,,,,,,,,,,,1,2,1,1,3
200800034422,0008-06-01 19:10:00,8,6,1,19,10,930,51,"02, NEUILLY (ROUTE)",,,Plein jour,En agglomération,Intersection en X,Normale,Autre collision,,,,,,,,,,,1,2,2,1,6
200800034423,0008-06-10 10:00:00,8,6,10,10,0,930,51,"56, PAVE NEUF (AVENUE)",,,Plein jour,En agglomération,Hors intersection,Normale,Autre collision,,,,,,,,,,,1,2,1,1,6
200800034424,0008-06-12 18:50:00,8,6,12,18,50,930,51,MONT D'EST (BD),,,Plein jour,En agglomération,Intersection en T,Temps couvert,Deux véhicules - côté,,,,,,,,,,,1,2,3,8,3
200800034425,0008-06-17 18:05:00,8,6,17,18,5,930,33,HENRI IV,,,Plein jour,En agglomération,Intersection en T,Normale,Deux véhicules - côté,,,,,,,,,,,1,2,3,1,3
200800034426,0008-06-23 17:50:00,8,6,23,17,50,930,51,RIVE CHARMANTE (QUAI),,,Plein jour,Hors agglomération,Hors intersection,Normale,Deux véhicules - frontale,,,,,,,,,,,1,1,1,1,1
200800034427,0008-06-30 17:30:00,8,6,30,17,30,930,51,"1, REMPART (BD)",,,Plein jour,En agglomération,Giratoire,Normale,Deux véhicules - arrière,,,,,,,,,,,1,2,6,1,2
200800034428,0008-06-02 16:15:00,8,6,2,16,15,930,53,BOBIGNY (AVENUE DE),,,Plein jour,En agglomération,Hors intersection,Pluie légère,Deux véhicules - frontale,,,,,,,,,,,1,2,1,2,1
200800034429,0008-06-02 16:00:00,8,6,2,16,0,930,53,"IGNORE, PARIS (RUE DE)",,,Plein jour,En agglomération,Hors intersection,Pluie légère,Trois véhicules et plus - en chaîne,,,,,,,,,,,1,2,1,2,4
200800034430,0008-06-04 19:00:00,8,6,4,19,0,930,53,JEAN JAURES (RUE),,,Plein jour,En agglomération,Intersection en T,Normale,Autre collision,,,,,,,,,,,1,2,3,1,6
200800034431,0008-06-05 11:20:00,8,6,5,11,20,930,53,CHASSE (RUE DE LA),,,Plein jour,En agglomération,Autre intersection,Normale,Deux véhicules - côté,,,,,,,,,,,1,2,9,1,3
200800034432,0008-06-06 17:45:00,8,6,6,17,45,930,53,"92, ROSNY (AVENUE DE) N°",,,Plein jour,En agglomération,Hors intersection,Normale,Sans collision,,,,,,,,,,,1,2,1,1,7
200800034433,0008-06-18 06:55:00,8,6,18,6,55,930,53,"93-117, PARC (RUE DU)",,,Plein jour,En agglomération,Hors intersection,Normale,Deux véhicules - côté,,,,,,,,,,,1,2,1,1,3
200800034434,0008-06-25 11:35:00,8,6,25,11,35,930,53,"1, VAILLANT COUTURIER (R",,,Plein jour,En agglomération,Place,Normale,Autre collision,,,,,,,,,,,1,2,7,1,6
200800034435,0008-06-25 18:00:00,8,6,25,18,0,930,53,AVENIR (RUE DE L') N° 1,,,Plein jour,En agglomération,Intersection en X,Normale,Deux véhicules - côté,,,,,,,,,,,1,2,2,1,3
200800034436,0008-06-27 12:13:00,8,6,27,12,13,930,53,"51, CARROUGES (RUE DES)",,,Plein jour,En agglomération,Hors intersection,Normale,Sans collision,,,,,,,,,,,1,2,1,1,7
200800034437,0008-06-02 08:30:00,8,6,2,8,30,930,55,"1, JEAN LOLIVE (AVENUE)(",,,Plein jour,En agglomération,Intersection en T,Normale,Deux véhicules - côté,,,,,,,,,,,1,2,3,1,3
200800034438,0008-06-27 09:45:00,8,6,27,9,45,930,55,"142, JEAN LOLIVE (AVENUE",,,Plein jour,En agglomération,Hors intersection,Normale,Autre collision,,,,,,,,,,,1,2,1,1,6
200800034439,0008-06-27 22:15:00,8,6,27,22,15,930,55,", DEBARCADERE (DU)",,,Nuit avec éclairage non allumé,En agglomération,Hors intersection,Normale,Deux véhicules - côté,,,,,,,,,,,4,2,1,1,3
200800034440,0008-06-03 20:00:00,8,6,3,20,0,930,14,LOUIS BLERIOT (ALLEE),,,Crépuscule ou aube,En agglomération,Intersection en T,Normale,Autre collision,,,,,,,,,,,2,2,3,1,6
200800034441,0008-06-04 19:40:00,8,6,4,19,40,930,14,"1, GAGNY (ALLEE DE) 7 IL",,,Plein jour,En agglomération,Hors intersection,Normale,Deux véhicules - côté,,,,,,,,,,,1,2,1,1,3
200800034442,0008-06-05 13:24:00,8,6,5,13,24,930,62,"17, THIERS (AVENUE)",,,Plein jour,En agglomération,Hors intersection,Normale,Deux véhicules - côté,,,,,,,,,,,1,2,1,1,3
200800034443,0008-06-10 15:50:00,8,6,10,15,50,930,62,RESISTANCE (AVENUE DE LA,,,Plein jour,En agglomération,Hors intersection,Normale,Deux véhicules - côté,,,,,,,,,,,1,2,1,1,3
200800034444,0008-06-13 22:50:00,8,6,13,22,50,930,14,MONTFERMEIL (ALLEE DE ),,,Nuit avec éclairage allumé,En agglomération,Hors intersection,Normale,Deux véhicules - côté,,,,,,,,,,,5,2,1,1,3
200800034445,0008-06-15 18:50:00,8,6,15,18,50,930,62,"10, NORD (BOULEVARD DU)",,,Plein jour,En agglomération,Hors intersection,Pluie forte,Autre collision,,,,,,,,,,,1,2,1,3,6
200800034446,0008-06-20 20:45:00,8,6,20,20,45,930,62,"0, RESISTANCE (AVENUE DE",,,Plein jour,En agglomération,Intersection en X,Normale,Deux véhicules - côté,,,,,,,,,,,1,2,2,1,3
200800034447,0008-06-26 12:40:00,8,6,26,12,40,930,14,"130, GAGNY (ALLEE DE) 7",,,Plein jour,En agglomération,Hors intersection,Normale,Sans collision,,,,,,,,,,,1,2,1,1,7
200800034448,0008-06-30 13:30:00,8,6,30,13,30,930,14,"1, ROMAIN ROLLAND (ALLEE",,,Plein jour,En agglomération,Hors intersection,Normale,Deux véhicules - côté,,,,,,,,,,,1,2,1,1,3
200800034449,0008-06-04 08:55:00,8,6,4,8,55,930,64,"32, FERRY (RUE JULES)",,,Plein jour,En agglomération,Hors intersection,Normale,Sans collision,,,,,,,,,,,1,2,1,1,7
200800034450,0008-06-04 18:10:00,8,6,4,18,10,930,77,"01, NEUILLY (RUE DE)",,,Plein jour,En agglomération,Hors intersection,Normale,Deux véhicules - arrière,,,,,,,,,,,1,2,1,1,2
200800034451,0008-06-06 19:35:00,8,6,6,19,35,930,64,"00, BLUM (RUE LEON)",,,Plein jour,En agglomération,Hors intersection,Normale,Deux véhicules - côté,,,,,,,,,,,1,2,1,1,3
200800034452,0008-06-12 12:35:00,8,6,12,12,35,930,64,"99, ALSACE-LORRAINE (BOU",,,Plein jour,En agglomération,Hors intersection,Pluie légère,Autre collision,,,,,,,,,,,1,2,1,2,6
200800034453,0008-06-21 20:00:00,8,6,21,20,0,930,77,"00, LONGPERRIER (AVENUE",,,Plein jour,En agglomération,Intersection en X,Normale,Deux véhicules - côté,,,,,,,,,,,1,2,2,1,3
200800034454,0008-06-24 07:30:00,8,6,24,7,30,930,77,"39, NEUILLY (RUE DE)",,,Plein jour,En agglomération,Hors intersection,Normale,Trois véhicules et plus - en chaîne,,,,,,,,,,,1,2,1,1,4
200800034455,0008-06-24 09:20:00,8,6,24,9,20,930,64,"118, HOFFMANN (RUE PHILI",,,Plein jour,En agglomération,Hors intersection,Normale,Sans collision,,,,,,,,,,,1,2,1,1,7
200800034456,0008-06-26 15:30:00,8,6,26,15,30,930,77,"00, LABOULAYE (RUE)",,,Plein jour,En agglomération,Intersection en X,Normale,Deux véhicules - côté,,,,,,,,,,,1,2,2,1,3
200800034457,0008-06-30 15:20:00,8,6,30,15,20,930,64,"20, REPUBLIQUE (AVENUE D",,,Plein jour,En agglomération,Hors intersection,Normale,Sans collision,,,,,,,,,,,1,2,1,1,7
200800034458,0008-06-04 09:20:00,8,6,4,9,20,930,66,"42, ELUARD PAUL - AUTRES",,,Plein jour,En agglomération,Hors intersection,Pluie légère,Deux véhicules - côté,,,,,,,,,,,1,2,1,2,3
200800034459,0008-06-04 15:20:00,8,6,4,15,20,930,66,FORT DE LA BRICHE,,,Plein jour,En agglomération,Intersection en Y,Normale,Sans collision,,,,,,,,,,,1,2,4,1,7
200800034460,0008-06-08 09:15:00,8,6,8,9,15,930,66,"108, CASANOVA DANIELLE N",,,Plein jour,En agglomération,Intersection en T,Normale,Deux véhicules - frontale,,,,,,,,,,,1,2,3,1,1
200800034461,0008-06-08 15:10:00,8,6,8,15,10,930,66,COURNEUVE (ROUTE),,,Plein jour,En agglomération,Intersection en X,Normale,Deux véhicules - côté,,,,,,,,,,,1,2,2,1,3
200800034462,0008-06-09 13:00:00,8,6,9,13,0,930,66,CACHIN MARCEL (AVENUE),,,Plein jour,En agglomération,Intersection en X,Normale,Sans collision,,,,,,,,,,,1,2,2,1,7
200800034463,0008-06-09 18:00:00,8,6,9,18,0,930,66,"10 BIS, CONNOY EMILE",,,Plein jour,En agglomération,Autre intersection,Normale,Autre collision,,,,,,,,,,,1,2,9,1,6
200800034464,0008-06-10 18:25:00,8,6,10,18,25,930,66,"19, BOULOGNE",,,Plein jour,En agglomération,Intersection en X,Normale,Autre collision,,,,,,,,,,,1,2,2,1,6
200800034465,0008-06-11 08:05:00,8,6,11,8,5,930,66,LIBERATION RD14 (BOULEVA,,,Plein jour,En agglomération,Hors intersection,Normale,Deux véhicules - côté,,,,,,,,,,,1,2,1,1,3
200800034466,0008-06-13 20:00:00,8,6,13,20,0,930,66,"01, THOREZ MAURICE NR 11",,,Crépuscule ou aube,Hors agglomération,Hors intersection,Normale,Autre collision,,,,,,,,,,,2,1,1,1,6
200800034467,0008-06-20 16:30:00,8,6,20,16,30,930,66,"129, ""PERI GABRIEL, NR 2",,,Plein jour,En agglomération,Hors intersection,Normale,Autre collision,,,,,,,,,,,1,2,1,1,6
200800034468,0008-06-22 10:15:00,8,6,22,10,15,930,66,"130, CASANOVA DANIELLE N",,,Plein jour,En agglomération,Hors intersection,Normale,Autre collision,,,,,,,,,,,1,2,1,1,6
200800034469,0008-06-25 18:10:00,8,6,25,18,10,930,66,"77, ""LANDY RD 20, NR PAI",,,Plein jour,En agglomération,Intersection en X,Normale,Deux véhicules - côté,,,,,,,,,,,1,2,2,1,3
200800034470,0008-06-29 14:00:00,8,6,29,14,0,930,66,EL OUAFI HAMED BOUGERA,,,Plein jour,En agglomération,Intersection en T,Normale,Deux véhicules - arrière,,,,,,,,,,,1,2,3,1,2
200800034471,0008-06-02 19:00:00,8,6,2,19,0,930,66,"227, WILSON (AVENUE DU P",,,Plein jour,En agglomération,Hors intersection,Normale,Deux véhicules - arrière,,,,,,,,,,,1,2,1,1,2
200800034472,0008-06-09 15:00:00,8,6,9,15,0,930,66,SAULNIER JULES,,,Plein jour,En agglomération,Hors intersection,Temps éblouissant,Deux véhicules - arrière,,,,,,,,,,,1,2,1,7,2
200800034473,0008-06-19 06:30:00,8,6,19,6,30,930,66,"45, FRANCE ANATOLE (BOUL",,,Crépuscule ou aube,En agglomération,Hors intersection,Normale,Deux véhicules - côté,,,,,,,,,,,2,2,1,1,3
200800034474,0008-06-22 08:55:00,8,6,22,8,55,930,66,WILSON (AVENUE DU PRESID,,,Plein jour,En agglomération,Intersection en X,Normale,Deux véhicules - côté,,,,,,,,,,,1,2,2,1,3
200800034475,0008-06-23 09:45:00,8,6,23,9,45,930,66,"381, WILSON (AVENUE DU P",,,Plein jour,En agglomération,Intersection en X,Normale,Deux véhicules - arrière,,,,,,,,,,,1,2,2,1,2
200800034476,0008-06-25 11:00:00,8,6,25,11,0,930,66,"123, WILSON (AVENUE DU P",,,Plein jour,En agglomération,Hors intersection,Normale,Sans collision,,,,,,,,,,,1,2,1,1,7
200800034477,0008-06-26 14:25:00,8,6,26,14,25,930,66,WILSON (AVENUE DU PRESID,,,Plein jour,En agglomération,Hors intersection,Normale,Autre collision,,,,,,,,,,,1,2,1,1,6
200800034478,0008-06-26 18:15:00,8,6,26,18,15,930,66,"1, WILSON (AVENUE DU PRE",,,Plein jour,En agglomération,Intersection en T,Normale,Deux véhicules - arrière,,,,,,,,,,,1,2,3,1,2
200800034479,0008-06-05 07:55:00,8,6,5,7,55,930,70,SEINE (QUAI DE),,,Plein jour,En agglomération,Hors intersection,Normale,Autre collision,,,,,,,,,,,1,2,1,1,6
200800034480,0008-06-06 10:00:00,8,6,6,10,0,930,70,"39, GABRIEL-PERI (AV)",,,Plein jour,En agglomération,Hors intersection,Pluie légère,Autre collision,,,,,,,,,,,1,2,1,2,6
200800034481,0008-06-13 16:25:00,8,6,13,16,25,930,70,"61, MICHELET (AVE) : DU",,,Plein jour,En agglomération,Hors intersection,Normale,Deux véhicules - côté,,,,,,,,,,,1,2,1,1,3
200800034482,0008-06-19 18:30:00,8,6,19,18,30,930,70,"05, GABRIEL-PERI (AV)",,,Plein jour,En agglomération,Hors intersection,Pluie légère,Trois véhicules et plus - en chaîne,,,,,,,,,,,1,2,1,2,4
200800034483,0008-06-20 19:45:00,8,6,20,19,45,930,70,"10, EDOUARD-VAILLANT(RUE",,,Plein jour,En agglomération,Hors intersection,Normale,Autre collision,,,,,,,,,,,1,2,1,1,6
200800034484,0008-06-30 12:30:00,8,6,30,12,30,930,70,"81, DOCTEUR BAUER(RUE DU",,,Plein jour,En agglomération,Hors intersection,Normale,Deux véhicules - frontale,,,,,,,,,,,1,2,1,1,1
200800034485,0008-06-30 19:30:00,8,6,30,19,30,930,70,"80, SAINT-DENIS(RUE)",,,Plein jour,En agglomération,Hors intersection,Temps éblouissant,Deux véhicules - côté,,,,,,,,,,,1,2,1,7,3
200800034486,0008-06-06 17:15:00,8,6,6,17,15,930,71,"0, LEON JOUHAUX (AVENUE)",,,Plein jour,En agglomération,Intersection en T,Normale,Deux véhicules - côté,,,,,,,,,,,1,2,3,1,3
200800034487,0008-06-07 01:38:00,8,6,7,1,38,930,71,WESTINGHOUSE (BOULEVARD),,,Nuit avec éclairage allumé,En agglomération,Hors intersection,Normale,Deux véhicules - côté,,,,,,,,,,,5,2,1,1,3
200800034488,0008-06-10 16:30:00,8,6,10,16,30,930,71,"59, SAVIGNY (CHEMIN DE)",,,Plein jour,En agglomération,Hors intersection,Normale,Deux véhicules - arrière,,,,,,,,,,,1,2,1,1,2
200800034489,0008-06-12 13:45:00,8,6,12,13,45,930,71,HENRI BECQUEREL (RUE),,,Plein jour,Hors agglomération,Hors intersection,Pluie légère,Autre collision,,,,,,,,,,,1,1,1,2,6
200800034490,0008-06-13 14:15:00,8,6,13,14,15,930,71,"12, PIERRE BROSSOLETTE (",,,Plein jour,En agglomération,Hors intersection,Normale,Autre collision,,,,,,,,,,,1,2,1,1,6
200800034491,0008-06-15 17:55:00,8,6,15,17,55,930,71,"12, YOURI GAGARINE (AVEN",,,Plein jour,En agglomération,Intersection en X,Pluie légère,Trois véhicules et plus - collisions multiples,,,,,,,,,,,1,2,2,2,5
200800034492,0008-06-21 13:00:00,8,6,21,13,0,930,71,STALINGRAD (BOULEVARD DE,,,Plein jour,En agglomération,Intersection en X,Normale,Autre collision,,,,,,,,,,,1,2,2,1,6
200800034493,0008-06-23 19:50:00,8,6,23,19,50,930,71,"23, PIERRE BROSSOLETTE (",,,Plein jour,En agglomération,Hors intersection,Normale,Autre collision,,,,,,,,,,,1,2,1,1,6
200800034494,0008-06-25 16:10:00,8,6,25,16,10,930,71,GENERAL LECLERC (AVENUE,,,Plein jour,En agglomération,Hors intersection,Normale,Autre collision,,,,,,,,,,,1,2,1,1,6
200800034495,0008-06-05 07:45:00,8,6,5,7,45,930,59,"0, JEAN MERMOZ (BOULEVAR",,,Plein jour,En agglomération,Hors intersection,Normale,Trois véhicules et plus - collisions multiples,,,,,,,,,,,1,2,1,1,5
200800034496,0008-06-07 13:20:00,8,6,7,13,20,930,72,"22, JULES GUESDE (AVENUE",,,Plein jour,En agglomération,Intersection en T,Temps couvert,Autre collision,,,,,,,,,,,1,2,3,8,6
200800034497,0008-06-08 15:10:00,8,6,8,15,10,930,72,"87, MAXIME GORKI (BOULEV",,,Plein jour,En agglomération,Hors intersection,Normale,Deux véhicules - arrière,,,,,,,,,,,1,2,1,1,2
200800034498,0008-06-09 14:45:00,8,6,9,14,45,930,59,"00, GABRIEL PERI (AVENUE",,,Plein jour,En agglomération,Intersection à plus de 4 branches,Normale,Autre collision,,,,,,,,,,,1,2,5,1,6
200800034499,0008-06-20 13:10:00,8,6,20,13,10,930,59,JEAN MERMOZ (BOULEVARD),,,Plein jour,En agglomération,Intersection en X,Normale,Deux véhicules - côté,,,,,,,,,,,1,2,2,1,3
200800034500,0008-06-20 15:15:00,8,6,20,15,15,930,59,"19, JEAN MERMOZ (BOULEVA",,,Plein jour,En agglomération,Hors intersection,Normale,Autre collision,,,,,,,,,,,1,2,1,1,6
200800034501,0008-06-25 19:50:00,8,6,25,19,50,930,59,"59, PASTEUR (BOULEVARD)",,,Plein jour,En agglomération,Hors intersection,Normale,Deux véhicules - côté,,,,,,,,,,,1,2,1,1,3
200800034502,0008-06-30 17:00:00,8,6,30,17,0,930,59,"82-84, LENINE (AVENUE) N",,,Plein jour,En agglomération,Hors intersection,Normale,Autre collision,,,,,,,,,,,1,2,1,1,6
200800034503,0008-06-30 20:30:00,8,6,30,20,30,930,72,"0, STALINGRAD (AVENUE DE",,,Plein jour,En agglomération,Hors intersection,Normale,Deux véhicules - frontale,,,,,,,,,,,1,2,1,1,1
200800034504,0008-06-05 01:40:00,8,6,5,1,40,930,72,"0, STALINGRAD (AVENUE DE",,,Nuit avec éclairage allumé,En agglomération,Hors intersection,Normale,Deux véhicules - côté,,,,,,,,,,,5,2,1,1,3
200800034505,0008-06-30 14:15:00,8,6,30,14,15,930,72,"0, STALINGRAD (AVENUE) D",,,Plein jour,En agglomération,Intersection en T,Normale,Deux véhicules - côté,,,,,,,,,,,1,2,3,1,3
200800034506,0008-06-06 12:50:00,8,6,6,12,50,930,72,"0, STALINGRAD (AVENUE DE",,,Plein jour,En agglomération,Hors intersection,Normale,Deux véhicules - arrière,,,,,,,,,,,1,2,1,1,2
200800034507,0008-06-02 11:45:00,8,6,2,11,45,930,78,PLAINE (AVENUE DE LA),,,Plein jour,En agglomération,Giratoire,Pluie légère,Deux véhicules - côté,,,,,,,,,,,1,2,6,2,3
200800034508,0008-06-05 13:50:00,8,6,5,13,50,930,78,BALLANGER (BD ROBERT),,,Plein jour,En agglomération,Intersection en X,Normale,Deux véhicules - côté,,,,,,,,,,,1,2,2,1,3
200800034509,0008-06-03 15:55:00,8,6,3,15,55,930,78,"124, BALLANGER (BD ROBER",,,Plein jour,En agglomération,Hors intersection,Normale,Autre collision,,,,,,,,,,,1,2,1,1,6
200800034510,0008-06-05 14:40:00,8,6,5,14,40,930,78,NATIONS (AVENUE DES),,,Plein jour,Hors agglomération,Giratoire,Normale,Deux véhicules - côté,,,,,,,,,,,1,1,6,1,3
200800034511,0008-06-09 06:30:00,8,6,9,6,30,930,78,CLEMENCEAU (AVENUE GEORG,,,Plein jour,En agglomération,Hors intersection,Normale,Autre collision,,,,,,,,,,,1,2,1,1,6
200800034512,0008-06-10 18:45:00,8,6,10,18,45,930,78,PRE GALANT (BOULEVARD DU,,,Plein jour,En agglomération,Intersection en X,Normale,Deux véhicules - côté,,,,,,,,,,,1,2,2,1,3
200800034513,0008-06-13 15:40:00,8,6,13,15,40,930,73,REIMS (RUE DE),,,Plein jour,En agglomération,Hors intersection,Normale,Autre collision,,,,,,,,,,,1,2,1,1,6
200800034514,0008-06-17 17:05:00,8,6,17,17,5,930,78,CASANOVA (BOULEVARD L ET,,,Plein jour,En agglomération,Hors intersection,Normale,Autre collision,,,,,,,,,,,1,2,1,1,6
200800034515,0008-06-19 18:35:00,8,6,19,18,35,930,78,BALLANGER (BD ROBERT),,,Plein jour,En agglomération,Hors intersection,Pluie légère,Trois véhicules et plus - en chaîne,,,,,,,,,,,1,2,1,2,4
200800034516,0008-06-25 13:05:00,8,6,25,13,5,930,78,CASANOVA (BOULEVARD L ET,,,Plein jour,En agglomération,Intersection en T,Normale,Deux véhicules - côté,,,,,,,,,,,1,2,3,1,3