accident_id,datetime,annee,mois,jour,heure,minute,departement,commune_insee,adresse,latitude,longitude,luminosite,agglomeration,intersection,meteo,collision,nb_vehicules,nb_usagers,nb_indemnes,nb_tues,nb_blesses_hosp,nb_blesses_legers,age_cond_1,age_cond_2,veh_type_cond_1,veh_type_cond_2,lum_code,agg_code,int_code,atm_code,col_code
200800034517,0008-06-28 14:00:00,8,6,28,14,0,930,78,PLAINE DE FRANCE (AVENUE,,,Plein jour,En agglomération,Hors intersection,Normale,Deux véhicules - côté,,,,,,,,,,,1,2,1,1,3
200800034518,0008-06-30 01:35:00,8,6,30,1,35,930,78,DAMBEL (AVENUE EMILE),,,Nuit avec éclairage allumé,En agglomération,Intersection en T,Normale,Deux véhicules - côté,,,,,,,,,,,5,2,3,1,3
200800034519,0008-06-30 09:20:00,8,6,30,9,20,930,78,BALLANGER (BD ROBERT),,,Plein jour,En agglomération,Giratoire,Normale,Deux véhicules - arrière,,,,,,,,,,,1,2,6,1,2
200800034520,0008-06-10 10:05:00,8,6,10,10,5,940,2,BLANQUI (QU),,,Plein jour,En agglomération,Intersection en X,Normale,Deux véhicules - côté,,,,,,,,,,,1,2,2,1,3
200800034521,0008-06-19 18:55:00,8,6,19,18,55,940,2,CARNOT (BD),,,Plein jour,En agglomération,Intersection en T,Normale,Deux véhicules - côté,,,,,,,,,,,1,2,3,1,3
200800034522,0008-06-26 12:30:00,8,6,26,12,30,940,2,"58/60, ETIENNE DOLET (R)",,,Plein jour,En agglomération,Hors intersection,Normale,Trois véhicules et plus - en chaîne,,,,,,,,,,,1,2,1,1,4
200800034523,0008-06-29 16:35:00,8,6,29,16,35,940,2,"71, VICTOR HUGO (R)",,,Plein jour,En agglomération,Hors intersection,Normale,Autre collision,,,,,,,,,,,1,2,1,1,6
200800034524,0008-06-06 13:00:00,8,6,6,13,0,940,44,"00, DESCARTES (AV)",,,Plein jour,En agglomération,Hors intersection,Normale,Deux véhicules - côté,,,,,,,,,,,1,2,1,1,3
200800034525,0008-06-07 21:45:00,8,6,7,21,45,940,44,"00, GEORGES CLEMENCEAU (",,,Crépuscule ou aube,En agglomération,Intersection en Y,Normale,Deux véhicules - frontale,,,,,,,,,,,2,2,4,1,1
200800034526,0008-06-08 12:00:00,8,6,8,12,0,940,44,"00, LES SABLES (RES)",,,Plein jour,En agglomération,Hors intersection,Normale,Autre collision,,,,,,,,,,,1,2,1,1,6
200800034527,0008-06-09 11:45:00,8,6,9,11,45,940,44,"00, TERTRE (R DU)",,,Plein jour,En agglomération,Hors intersection,Normale,Autre collision,,,,,,,,,,,1,2,1,1,6
200800034528,0008-06-13 20:00:00,8,6,13,20,0,940,56,"00, VARENNE (R DE)",,,Plein jour,Hors agglomération,Hors intersection,Normale,Autre collision,,,,,,,,,,,1,1,1,1,6
200800034529,0008-06-23 15:30:00,8,6,23,15,30,940,75,"44, MANDRES (R DE)",,,Plein jour,En agglomération,Hors intersection,Normale,Autre collision,,,,,,,,,,,1,2,1,1,6
200800034530,0008-06-21 14:30:00,8,6,21,14,30,940,44,"00, PASTEUR (R)",,,Plein jour,En agglomération,Intersection en T,Normale,Deux véhicules - frontale,,,,,,,,,,,1,2,3,1,1
200800034531,0008-06-28 20:15:00,8,6,28,20,15,940,44,"9, AUVERGNE (R D)",,,Plein jour,En agglomération,Hors intersection,Normale,Autre collision,,,,,,,,,,,1,2,1,1,6
200800034532,0008-06-29 00:40:00,8,6,29,0,40,940,4,"15 bis, HOTTINGUER (AV)",,,Nuit avec éclairage allumé,En agglomération,Hors intersection,Normale,Autre collision,,,,,,,,,,,5,2,1,1,6
200800034533,0008-06-02 09:10:00,8,6,2,9,10,940,17,REPUBLIQUE (AV DE LA),,,Plein jour,En agglomération,Intersection en X,Normale,Deux véhicules - côté,,,,,,,,,,,1,2,2,1,3
200800034534,0008-06-11 05:50:00,8,6,11,5,50,940,17,"1, STALINGRAD (BD DE)",,,Crépuscule ou aube,En agglomération,Intersection en X,Normale,Deux véhicules - côté,,,,,,,,,,,2,2,2,1,3
200800034535,0008-06-07 17:40:00,8,6,7,17,40,940,17,VERDUN (R DE),,,Plein jour,En agglomération,Hors intersection,Pluie légère,Autre collision,,,,,,,,,,,1,2,1,2,6
200800034536,0008-06-02 14:00:00,8,6,2,14,0,940,17,MONUMENT (R DU),,,Plein jour,En agglomération,Hors intersection,Pluie légère,Deux véhicules - arrière,,,,,,,,,,,1,2,1,2,2
200800034537,0008-06-12 11:45:00,8,6,12,11,45,940,17,GENERAL DE GAULLE (AV DU,,,Plein jour,En agglomération,Giratoire,Pluie légère,Deux véhicules - côté,,,,,,,,,,,1,2,6,2,3
200800034538,0008-06-13 14:45:00,8,6,13,14,45,940,17,MAURICE THOREZ (AV),,,Plein jour,En agglomération,Intersection en T,Normale,Autre collision,,,,,,,,,,,1,2,3,1,6
200800034539,0008-06-19 08:10:00,8,6,19,8,10,940,17,VERDUN (R DE),,,Plein jour,En agglomération,Intersection en T,Normale,Deux véhicules - côté,,,,,,,,,,,1,2,3,1,3
200800034540,0008-06-21 17:30:00,8,6,21,17,30,940,17,BERNAU (R DE),,,Plein jour,En agglomération,Autre intersection,Normale,Deux véhicules - côté,,,,,,,,,,,1,2,9,1,3
200800034541,0008-06-21 19:30:00,8,6,21,19,30,940,17,REPUBLIQUE (AV DE LA),,,Plein jour,En agglomération,Autre intersection,Normale,Autre collision,,,,,,,,,,,1,2,9,1,6
200800034542,0008-06-22 07:30:00,8,6,22,7,30,940,17,REPUBLIQUE (AV DE LA),,,Plein jour,En agglomération,Hors intersection,Normale,Deux véhicules - arrière,,,,,,,,,,,1,2,1,1,2
200800034543,0008-06-24 08:25:00,8,6,24,8,25,940,17,CHARLES FLOQUET - PONT D,,,Plein jour,En agglomération,Intersection en T,Normale,Deux véhicules - côté,,,,,,,,,,,1,2,3,1,3
200800034544,0008-06-27 17:20:00,8,6,27,17,20,940,17,LOUIS TALAMONI (R),,,Plein jour,En agglomération,Intersection en T,Normale,Autre collision,,,,,,,,,,,1,2,3,1,6
200800034545,0008-06-26 19:50:00,8,6,26,19,50,940,17,GENERAL DE GAULLE (AV DU,,,Plein jour,En agglomération,Intersection en X,Normale,Deux véhicules - côté,,,,,,,,,,,1,2,2,1,3
200800034546,0008-06-02 10:20:00,8,6,2,10,20,940,18,"04 BIS, LIBERTE (AV DE L",,,Plein jour,En agglomération,Hors intersection,Pluie légère,Autre collision,,,,,,,,,,,1,2,1,2,6
200800034547,0008-06-09 19:35:00,8,6,9,19,35,940,18,LIBERTE (AV DE LA),,,Plein jour,En agglomération,Intersection en X,Normale,Autre collision,,,,,,,,,,,1,2,2,1,6
200800034548,0008-06-27 09:45:00,8,6,27,9,45,940,18,PARIS (R DE),,,Plein jour,En agglomération,Intersection en T,Normale,Deux véhicules - côté,,,,,,,,,,,1,2,3,1,3
200800034549,0008-06-06 17:10:00,8,6,6,17,10,940,19,"00, MAURICE THOREZ (AV)",,,Plein jour,En agglomération,Hors intersection,Normale,Deux véhicules - arrière,,,,,,,,,,,1,2,1,1,2
200800034550,0008-06-07 16:15:00,8,6,7,16,15,940,79,"38, JEAN JAURES (R)",,,Plein jour,En agglomération,Hors intersection,Pluie légère,Sans collision,,,,,,,,,,,1,2,1,2,7
200800034551,0008-06-14 16:00:00,8,6,14,16,0,940,79,"00, Rue du General Galli",,,Plein jour,En agglomération,Intersection en X,Normale,Autre collision,,,,,,,,,,,1,2,2,1,6
200800034552,0008-06-15 18:00:00,8,6,15,18,0,940,60,"00, BORDES (AV DES)",,,Crépuscule ou aube,En agglomération,Intersection en T,Pluie légère,Deux véhicules - frontale,,,,,,,,,,,2,2,3,2,1
200800034553,0008-06-17 07:40:00,8,6,17,7,40,940,19,GENERAL DE GAULLE (R DU),,,Plein jour,En agglomération,Hors intersection,Normale,Autre collision,,,,,,,,,,,1,2,1,1,6
200800034554,0008-06-17 08:48:00,8,6,17,8,48,940,79,", Rue du General Gallien",,,Plein jour,En agglomération,Hors intersection,Normale,Sans collision,,,,,,,,,,,1,2,1,1,7
200800034555,0008-06-22 18:00:00,8,6,22,18,0,940,79,GENERAL DE GAULLE (R DU),,,Plein jour,En agglomération,Giratoire,Normale,Deux véhicules - arrière,,,,,,,,,,,1,2,6,1,2
200800034556,0008-06-29 13:00:00,8,6,29,13,0,940,54,"12/14, CHARLES TILLON (r",,,Plein jour,En agglomération,Hors intersection,Normale,Deux véhicules - arrière,,,,,,,,,,,1,2,1,1,2
200800034557,0008-06-05 20:30:00,8,6,5,20,30,940,22,VICTOR HUGO (AV),,,Plein jour,En agglomération,Intersection en X,Normale,Deux véhicules - arrière,,,,,,,,,,,1,2,2,1,2
200800034558,0008-06-11 01:10:00,8,6,11,1,10,940,22,LEON GOURDAULT (AV),,,Nuit avec éclairage allumé,En agglomération,Intersection en T,Normale,Sans collision,,,,,,,,,,,5,2,3,1,7
200800034559,0008-06-15 19:10:00,8,6,15,19,10,940,22,"27, GAMBETTA (AV)",,,Plein jour,En agglomération,Hors intersection,Temps couvert,Deux véhicules - côté,,,,,,,,,,,1,2,1,8,3
200800034560,0008-06-20 16:00:00,8,6,20,16,0,940,22,"0, GAMBETTA (AV)",,,Plein jour,En agglomération,Intersection en X,Normale,Deux véhicules - côté,,,,,,,,,,,1,2,2,1,3
200800034561,0008-06-24 19:45:00,8,6,24,19,45,940,54,"0, SAULES (VOI DES)",,,Plein jour,En agglomération,Autre intersection,Normale,Deux véhicules - côté,,,,,,,,,,,1,2,9,1,3
200800034562,0008-06-27 14:25:00,8,6,27,14,25,940,22,"54, STALINGRAD (BD DE)",,,Plein jour,En agglomération,Hors intersection,Normale,Autre collision,,,,,,,,,,,1,2,1,1,6
200800034563,0008-06-02 04:15:00,8,6,2,4,15,940,11,"0, ROUX(RUE DU DOCTEUR E",,,Nuit avec éclairage allumé,En agglomération,Hors intersection,Normale,Autre collision,,,,,,,,,,,5,2,1,1,6
200800034564,0008-06-09 09:25:00,8,6,9,9,25,940,28,"0, LECLERC.(RUE DU GENER",,,Plein jour,En agglomération,Hors intersection,Normale,Deux véhicules - côté,,,,,,,,,,,1,2,1,1,3
200800034565,0008-06-08 15:15:00,8,6,8,15,15,940,28,"0, SAVAR.(RUE JULIETTE)",,,Plein jour,En agglomération,Hors intersection,Normale,Autre collision,,,,,,,,,,,1,2,1,1,6
200800034566,0008-06-07 19:00:00,8,6,7,19,0,940,28,"26, BILLOTTE.(AVE DU GAL",,,Plein jour,En agglomération,Hors intersection,Normale,Autre collision,,,,,,,,,,,1,2,1,1,6
200800034567,0008-06-10 16:20:00,8,6,10,16,20,940,28,"29, DEMENITROUX(RUE MAUR",,,Plein jour,En agglomération,Hors intersection,Normale,Deux véhicules - arrière,,,,,,,,,,,1,2,1,1,2
200800034568,0008-06-11 17:15:00,8,6,11,17,15,940,28,"53, BROSSOLETTE(AVENUE P",,,Plein jour,En agglomération,Hors intersection,Normale,Autre collision,,,,,,,,,,,1,2,1,1,6
200800034569,0008-06-12 13:45:00,8,6,12,13,45,940,28,"0, KENNEDY.(BOULEVARD JO",,,Plein jour,En agglomération,Hors intersection,Pluie légère,Autre collision,,,,,,,,,,,1,2,1,2,6
200800034570,0008-06-12 17:50:00,8,6,12,17,50,940,11,ROUX(RUE DU DOCTEUR EMIL,,,Plein jour,En agglomération,Hors intersection,Normale,Deux véhicules - arrière,,,,,,,,,,,1,2,1,1,2
200800034571,0008-06-15 17:30:00,8,6,15,17,30,940,28,CHOISY(ROUTE DE),,,Plein jour,En agglomération,Hors intersection,Normale,Autre collision,,,,,,,,,,,1,2,1,1,6
200800034572,0008-06-13 13:40:00,8,6,13,13,40,940,28,"23, TASSIGNY(AVE DU MARE",,,Plein jour,En agglomération,Hors intersection,Normale,Deux véhicules - arrière,,,,,,,,,,,1,2,1,1,2
200800034573,0008-06-13 16:55:00,8,6,13,16,55,940,28,"1, CORVISARD.(AVENUE)",,,Plein jour,En agglomération,Hors intersection,Normale,Autre collision,,,,,,,,,,,1,2,1,1,6
200800034574,0008-06-17 20:00:00,8,6,17,20,0,940,28,"147, LECLERC.(RUE DU GEN",,,Plein jour,En agglomération,Hors intersection,Normale,Deux véhicules - arrière,,,,,,,,,,,1,2,1,1,2
200800034575,0008-06-17 12:20:00,8,6,17,12,20,940,28,"0, POMPADOUR(ROUTE DE LA",,,Plein jour,En agglomération,Hors intersection,Normale,Deux véhicules - côté,,,,,,,,,,,1,2,1,1,3
200800034576,0008-06-19 17:10:00,8,6,19,17,10,940,28,"02, BILLOTTE.(AVE DU GAL",,,Plein jour,En agglomération,Hors intersection,Normale,Autre collision,,,,,,,,,,,1,2,1,1,6
200800034577,0008-06-19 17:00:00,8,6,19,17,0,940,28,"04, ALPHONSE DAUDET (R)",,,Plein jour,En agglomération,Hors intersection,Normale,Deux véhicules - arrière,,,,,,,,,,,1,2,1,1,2
200800034578,0008-06-23 05:55:00,8,6,23,5,55,940,11,"0, PARIS(AVENUE DE)",,,Nuit avec éclairage allumé,En agglomération,Hors intersection,Normale,Deux véhicules - côté,,,,,,,,,,,5,2,1,1,3
200800034579,0008-06-20 11:35:00,8,6,20,11,35,940,28,"0, JEU DE PAUME(RUE DU)",,,Plein jour,En agglomération,Hors intersection,Normale,Sans collision,,,,,,,,,,,1,2,1,1,7
200800034580,0008-06-23 16:45:00,8,6,23,16,45,940,28,"87, LECLERC.(RUE DU GENE",,,Plein jour,En agglomération,Hors intersection,Normale,Deux véhicules - côté,,,,,,,,,,,1,2,1,1,3
200800034581,0008-06-23 13:20:00,8,6,23,13,20,940,28,GAULLE(AVENUE DU GENERAL,,,Plein jour,Hors agglomération,Hors intersection,Normale,Deux véhicules - arrière,,,,,,,,,,,1,1,1,1,2
200800034582,0008-06-24 20:10:00,8,6,24,20,10,940,28,"158, LAFERRIERE(AVENUE)",,,Plein jour,En agglomération,Hors intersection,Normale,Deux véhicules - côté,,,,,,,,,,,1,2,1,1,3
200800034583,0008-06-24 19:10:00,8,6,24,19,10,940,28,"0, CENTRALE.(ALLEE)",,,Plein jour,En agglomération,Hors intersection,Normale,Deux véhicules - frontale,,,,,,,,,,,1,2,1,1,1
200800034584,0008-06-28 18:10:00,8,6,28,18,10,940,28,"6, METIVET(RUE DOCTEUR)",,,Plein jour,En agglomération,Hors intersection,Normale,Autre collision,,,,,,,,,,,1,2,1,1,6
200800034585,0008-06-02 12:10:00,8,6,2,12,10,940,33,LOUISON BOBET (AV),,,Plein jour,En agglomération,Hors intersection,Normale,Deux véhicules - arrière,,,,,,,,,,,1,2,1,1,2
200800034586,0008-06-04 08:45:00,8,6,4,8,45,940,33,DALAYRAC (R),,,Plein jour,En agglomération,Hors intersection,Normale,Deux véhicules - côté,,,,,,,,,,,1,2,1,1,3
200800034587,0008-06-06 22:50:00,8,6,6,22,50,940,33,"06, STALINGRAD (AV DE)",,,Nuit avec éclairage allumé,En agglomération,Hors intersection,Normale,Deux véhicules - arrière,,,,,,,,,,,5,2,1,1,2
200800034588,0008-06-07 18:30:00,8,6,7,18,30,940,33,QUATRE RUELLES (R DES),,,Plein jour,En agglomération,Hors intersection,Normale,Deux véhicules - côté,,,,,,,,,,,1,2,1,1,3
200800034589,0008-06-14 17:15:00,8,6,14,17,15,940,33,MARECHAL DE LATTRE DE TA,,,Plein jour,En agglomération,Hors intersection,Normale,Deux véhicules - côté,,,,,,,,,,,1,2,1,1,3
200800034590,0008-06-17 21:00:00,8,6,17,21,0,940,33,LA FONTAINE (R),,,Nuit avec éclairage allumé,En agglomération,Intersection en T,Normale,Deux véhicules - côté,,,,,,,,,,,5,2,3,1,3
200800034591,0008-06-28 18:30:00,8,6,28,18,30,940,33,"21 bis, ANDRE TESSIER (R",,,Plein jour,En agglomération,Hors intersection,Normale,Deux véhicules - côté,,,,,,,,,,,1,2,1,1,3
200800034592,0008-06-01 00:05:00,8,6,1,0,5,940,16,"09, EUROPE (AV DE L)",,,Nuit avec éclairage allumé,En agglomération,Hors intersection,Normale,Autre collision,,,,,,,,,,,5,2,1,1,6
200800034593,0008-06-02 09:20:00,8,6,2,9,20,940,16,DUMOTEL (AV),,,Plein jour,En agglomération,Autre intersection,Pluie légère,Deux véhicules - frontale,,,,,,,,,,,1,2,9,2,1
200800034594,0008-06-03 22:35:00,8,6,3,22,35,940,43,"0135, FONTAINEBLEAU (AV",,,Nuit avec éclairage allumé,En agglomération,Hors intersection,Normale,Autre collision,,,,,,,,,,,5,2,1,1,6
200800034595,0008-06-02 00:50:00,8,6,2,0,50,940,16,PRESIDENT WILSON (AV DU),,,Nuit avec éclairage allumé,En agglomération,Hors intersection,Normale,Deux véhicules - frontale,,,,,,,,,,,5,2,1,1,1
200800034596,0008-06-04 20:45:00,8,6,4,20,45,940,76,HENRI BARBUSSE (R),,,Crépuscule ou aube,En agglomération,Hors intersection,Normale,Autre collision,,,,,,,,,,,2,2,1,1,6
200800034597,0008-06-07 06:20:00,8,6,7,6,20,940,16,"8, VATIER (AV)",,,Crépuscule ou aube,En agglomération,Intersection en T,Normale,Autre collision,,,,,,,,,,,2,2,3,1,6
200800034598,0008-06-08 04:00:00,8,6,8,4,0,940,76,"043, GENTILLY (R DE)",,,Crépuscule ou aube,En agglomération,Hors intersection,Normale,Autre collision,,,,,,,,,,,2,2,1,1,6
200800034599,0008-06-10 10:40:00,8,6,10,10,40,940,43,FONTAINEBLEAU (AV DE),,,Plein jour,En agglomération,Autre intersection,Normale,Deux véhicules - côté,,,,,,,,,,,1,2,9,1,3
200800034600,0008-06-12 13:30:00,8,6,12,13,30,940,76,PARIS (AV DE),,,Plein jour,En agglomération,Hors intersection,Pluie légère,Autre collision,,,,,,,,,,,1,2,1,2,6
200800034601,0008-06-13 22:25:00,8,6,13,22,25,940,76,"075, LOUIS ARAGON (AV)",,,Nuit avec éclairage allumé,En agglomération,Hors intersection,Temps couvert,Sans collision,,,,,,,,,,,5,2,1,8,7
200800034602,0008-06-16 20:00:00,8,6,16,20,0,940,43,"face au 28, FONTAINEBLEA",,,Plein jour,En agglomération,Intersection en X,Normale,Trois véhicules et plus - collisions multiples,,,,,,,,,,,1,2,2,1,5
200800034603,0008-06-16 21:00:00,8,6,16,21,0,940,16,JEAN JAURES (AV),,,Plein jour,En agglomération,Intersection en X,Normale,Deux véhicules - côté,,,,,,,,,,,1,2,2,1,3
200800034604,0008-06-16 20:10:00,8,6,16,20,10,940,16,ARISTIDE BRIAND (AV),,,Plein jour,En agglomération,Intersection en X,Normale,Deux véhicules - côté,,,,,,,,,,,1,2,2,1,3
200800034605,0008-06-19 17:10:00,8,6,19,17,10,940,3,PAUL VAILLANT COUTURIER,,,Plein jour,En agglomération,Hors intersection,Pluie forte,Deux véhicules - arrière,,,,,,,,,,,1,2,1,3,2
200800034606,0008-06-22 16:25:00,8,6,22,16,25,940,37,PAUL VAILLANT COUTURIER,,,Plein jour,En agglomération,Intersection en T,Normale,Deux véhicules - côté,,,,,,,,,,,1,2,3,1,3
200800034607,0008-06-23 09:15:00,8,6,23,9,15,940,3,COLONEL FABIEN (R DU),,,Plein jour,En agglomération,Intersection en T,Normale,Deux véhicules - frontale,,,,,,,,,,,1,2,3,1,1
200800034608,0008-06-23 18:00:00,8,6,23,18,0,940,43,"042, CONVENTION (R DE LA",,,Plein jour,En agglomération,Hors intersection,Normale,Autre collision,,,,,,,,,,,1,2,1,1,6
200800034609,0008-06-26 07:00:00,8,6,26,7,0,940,43,"face au 12, CHASTENET DE",,,Plein jour,En agglomération,Hors intersection,Normale,Deux véhicules - arrière,,,,,,,,,,,1,2,1,1,2
200800034610,0008-06-26 08:00:00,8,6,26,8,0,940,43,"0128, CHARLES GIDE (AV)",,,Plein jour,En agglomération,Hors intersection,Normale,Autre collision,,,,,,,,,,,1,2,1,1,6
200800034611,0008-06-26 10:20:00,8,6,26,10,20,940,16,CARNOT (AV),,,Plein jour,En agglomération,Hors intersection,Normale,Autre collision,,,,,,,,,,,1,2,1,1,6
200800034612,0008-06-26 17:50:00,8,6,26,17,50,940,43,"015, STRATEGIQUE (RTE)",,,Plein jour,En agglomération,Hors intersection,Normale,Autre collision,,,,,,,,,,,1,2,1,1,6
200800034613,0008-06-27 14:10:00,8,6,27,14,10,940,16,"03, ARISTIDE BRIAND (AV)",,,Plein jour,En agglomération,Hors intersection,Normale,Deux véhicules - arrière,,,,,,,,,,,1,2,1,1,2
200800034614,0008-06-29 14:45:00,8,6,29,14,45,940,76,PAUL VAILLANT COUTURIER,,,Plein jour,En agglomération,Hors intersection,Normale,Deux véhicules - arrière,,,,,,,,,,,1,2,1,1,2
200800034615,0008-06-03 14:40:00,8,6,3,14,40,940,34,REPUBLIQUE (AV DE LA),,,Plein jour,En agglomération,Hors intersection,Normale,Sans collision,,,,,,,,,,,1,2,1,1,7
200800034616,0008-06-03 19:30:00,8,6,3,19,30,940,34,EDOUARD HERRIOT (AV),,,Plein jour,En agglomération,Hors intersection,Normale,Deux véhicules - arrière,,,,,,,,,,,1,2,1,1,2
200800034617,0008-06-02 06:30:00,8,6,2,6,30,940,65,BOULEVARD CIRCULAIRE ( M,,,Plein jour,Hors agglomération,Giratoire,Pluie légère,Deux véhicules - côté,,,,,,,,,,,1,1,6,2,3
200800034618,0008-06-07 17:30:00,8,6,7,17,30,940,73,FONTAINEBLEAU (AV DE),,,Plein jour,En agglomération,Hors intersection,Temps couvert,Trois véhicules et plus - collisions multiples,,,,,,,,,,,1,2,1,8,5
200800034619,0008-06-08 15:05:00,8,6,8,15,5,940,38,BICETRE (R DE),,,Plein jour,En agglomération,Intersection en X,Normale,Deux véhicules - côté,,,,,,,,,,,1,2,2,1,3
200800034620,0008-06-12 17:00:00,8,6,12,17,0,940,65,SOLETS (R DES),,,Plein jour,En agglomération,Hors intersection,Normale,Deux véhicules - côté,,,,,,,,,,,1,2,1,1,3
200800034621,0008-06-16 18:05:00,8,6,16,18,5,940,73,RN 186,,,Plein jour,Hors agglomération,Autre intersection,Normale,Autre collision,,,,,,,,,,,1,1,9,1,6
200800034622,0008-06-17 09:15:00,8,6,17,9,15,940,34,"40, PASTEUR (BD)",,,Plein jour,En agglomération,Hors intersection,Normale,Deux véhicules - arrière,,,,,,,,,,,1,2,1,1,2
200800034623,0008-06-14 16:35:00,8,6,14,16,35,940,73,GUSTAVE LEVEILLE (R),,,Plein jour,En agglomération,Hors intersection,Normale,Deux véhicules - côté,,,,,,,,,,,1,2,1,1,3
200800034624,0008-06-17 18:50:00,8,6,17,18,50,940,21,"03, JURA (ALL DU)",,,Plein jour,En agglomération,Hors intersection,Normale,Autre collision,,,,,,,,,,,1,2,1,1,6
200800034625,0008-06-19 05:29:00,8,6,19,5,29,940,65,rue du viaduc,,,Crépuscule ou aube,Hors agglomération,Hors intersection,Normale,Deux véhicules - côté,,,,,,,,,,,2,1,1,1,3
200800034626,0008-06-19 18:05:00,8,6,19,18,5,940,73,LUXEMBOURG (AV DU),,,Plein jour,En agglomération,Hors intersection,Pluie légère,Deux véhicules - arrière,,,,,,,,,,,1,2,1,2,2
200800034627,0008-06-20 11:45:00,8,6,20,11,45,940,73,"55, REPUBLIQUE (AV DE LA",,,Plein jour,En agglomération,Hors intersection,Normale,Autre collision,,,,,,,,,,,1,2,1,1,6
200800034628,0008-06-25 15:30:00,8,6,25,15,30,940,65,CHARLES LINDBERGH (AV),,,Plein jour,En agglomération,Hors intersection,Normale,Deux véhicules - côté,,,,,,,,,,,1,2,1,1,3
200800034629,0008-06-25 20:50:00,8,6,25,20,50,940,73,rond point d'Espagne,,,Plein jour,En agglomération,Giratoire,Normale,Deux véhicules - côté,,,,,,,,,,,1,2,6,1,3
200800034630,0008-06-25 23:05:00,8,6,25,23,5,940,34,Roosevelt (ROND POINT),,,Nuit avec éclairage non allumé,En agglomération,Hors intersection,Normale,Autre collision,,,,,,,,,,,4,2,1,1,6
200800034631,0008-06-25 11:15:00,8,6,25,11,15,940,65,TROIS MARCHES (Av des),,,Plein jour,En agglomération,Hors intersection,Normale,Autre collision,,,,,,,,,,,1,2,1,1,6
200800034632,0008-06-28 12:45:00,8,6,28,12,45,940,21,"328, STALINGRAD (AV DE)",,,Plein jour,En agglomération,Hors intersection,Normale,Trois véhicules et plus - en chaîne,,,,,,,,,,,1,2,1,1,4
200800034633,0008-06-30 15:15:00,8,6,30,15,15,940,73,GEORGES HALGOULT (R),,,Plein jour,En agglomération,Hors intersection,Normale,Autre collision,,,,,,,,,,,1,2,1,1,6
200800034634,0008-06-30 18:45:00,8,6,30,18,45,940,73,ALOUETTES (R DES),,,Plein jour,En agglomération,Autre intersection,Normale,Autre collision,,,,,,,,,,,1,2,9,1,6
200800034635,0008-06-06 12:55:00,8,6,6,12,55,940,41,"1, PAUL BERT (R)",,,Plein jour,En agglomération,Hors intersection,Normale,Deux véhicules - arrière,,,,,,,,,,,1,2,1,1,2
200800034636,0008-06-06 19:40:00,8,6,6,19,40,940,41,"18, ALBERT EINSTEIN (R)",,,Crépuscule ou aube,En agglomération,Hors intersection,Normale,Sans collision,,,,,,,,,,,2,2,1,1,7
200800034637,0008-06-08 05:55:00,8,6,8,5,55,940,41,JEAN JAURES (AV),,,Crépuscule ou aube,En agglomération,Intersection en X,Normale,Deux véhicules - côté,,,,,,,,,,,2,2,2,1,3
200800034638,0008-06-03 13:15:00,8,6,3,13,15,940,41,"15, ERNEST RENAN (R)",,,Plein jour,En agglomération,Hors intersection,Normale,Autre collision,,,,,,,,,,,1,2,1,1,6
200800034639,0008-06-23 14:05:00,8,6,23,14,5,940,41,"36, François MITTERAND",,,Plein jour,En agglomération,Hors intersection,Normale,Deux véhicules - frontale,,,,,,,,,,,1,2,1,1,1
200800034640,0008-06-24 16:25:00,8,6,24,16,25,940,41,"05, PIERRE GALAIS (R)",,,Plein jour,En agglomération,Hors intersection,Normale,Deux véhicules - côté,,,,,,,,,,,1,2,1,1,3
200800034641,0008-06-23 13:35:00,8,6,23,13,35,940,41,"47 bis, ERNEST RENAN (R)",,,Plein jour,En agglomération,Hors intersection,Normale,Deux véhicules - côté,,,,,,,,,,,1,2,1,1,3
200800034642,0008-06-02 21:45:00,8,6,2,21,45,940,46,"229, GENERAL LECLERC (AV",,,Nuit avec éclairage allumé,En agglomération,Intersection en X,Normale,Deux véhicules - côté,,,,,,,,,,,5,2,2,1,3
200800034643,0008-06-03 12:30:00,8,6,3,12,30,940,46,"00, GENERAL LECLERC (AV",,,Plein jour,En agglomération,Intersection en T,Normale,Deux véhicules - côté,,,,,,,,,,,1,2,3,1,3
200800034644,0008-06-03 12:55:00,8,6,3,12,55,940,46,"129, JEAN JAURES (R)",,,Plein jour,En agglomération,Hors intersection,Normale,Deux véhicules - arrière,,,,,,,,,,,1,2,1,1,2
200800034645,0008-06-06 15:25:00,8,6,6,15,25,940,46,"298, JEAN JAURES (R)",,,Plein jour,En agglomération,Hors intersection,Normale,Deux véhicules - arrière,,,,,,,,,,,1,2,1,1,2
200800034646,0008-06-06 13:25:00,8,6,6,13,25,940,46,"00, LEON BLUM (AV)",,,Plein jour,En agglomération,Intersection en X,Normale,Deux véhicules - arrière,,,,,,,,,,,1,2,2,1,2
200800034647,0008-06-14 14:25:00,8,6,14,14,25,940,46,"99, GENERAL LECLERC (AV",,,Plein jour,En agglomération,Hors intersection,Normale,Autre collision,,,,,,,,,,,1,2,1,1,6
200800034648,0008-06-17 09:10:00,8,6,17,9,10,940,46,"4, GENERAL KOENIG (R DU)",,,Plein jour,En agglomération,Hors intersection,Normale,Autre collision,,,,,,,,,,,1,2,1,1,6
200800034649,0008-06-19 11:30:00,8,6,19,11,30,940,46,"24, REPUBLIQUE (AV DE LA",,,Plein jour,En agglomération,Hors intersection,Normale,Autre collision,,,,,,,,,,,1,2,1,1,6
200800034650,0008-06-20 20:25:00,8,6,20,20,25,940,46,"00, GENERAL DE GAULLE (A",,,Plein jour,En agglomération,Hors intersection,Normale,Autre collision,,,,,,,,,,,1,2,1,1,6
200800034651,0008-06-21 15:25:00,8,6,21,15,25,940,46,"15, PROFESSEUR CADIOT (A",,,Plein jour,Hors agglomération,Hors intersection,Normale,Deux véhicules - arrière,,,,,,,,,,,1,1,1,1,2