accident_id,datetime,annee,mois,jour,heure,minute,departement,commune_insee,adresse,latitude,longitude,luminosite,agglomeration,intersection,meteo,collision,nb_vehicules,nb_usagers,nb_indemnes,nb_tues,nb_blesses_hosp,nb_blesses_legers,age_cond_1,age_cond_2,veh_type_cond_1,veh_type_cond_2,lum_code,agg_code,int_code,atm_code,col_code
200800034652,0008-06-23 15:50:00,8,6,23,15,50,940,46,"84, FOCH (AV)",,,Plein jour,En agglomération,Hors intersection,Normale,Deux véhicules - arrière,,,,,,,,,,,1,2,1,1,2
200800034653,0008-06-30 18:35:00,8,6,30,18,35,940,46,"00, VERDUN (AV DE)",,,Plein jour,En agglomération,Autre intersection,Normale,Deux véhicules - côté,,,,,,,,,,,1,2,9,1,3
200800034654,0008-06-06 08:50:00,8,6,6,8,50,940,52,"130, STRASBOURG (BD DE)",,,Plein jour,En agglomération,Hors intersection,Pluie légère,Autre collision,,,,,,,,,,,1,2,1,2,6
200800034655,0008-06-06 18:50:00,8,6,6,18,50,940,52,"39, STRASBOURG (BD DE)",,,Plein jour,En agglomération,Intersection en T,Normale,Deux véhicules - côté,,,,,,,,,,,1,2,3,1,3
200800034656,0008-06-11 18:50:00,8,6,11,18,50,940,42,EUROPE (BD DE L),,,Plein jour,En agglomération,Intersection en T,Normale,Deux véhicules - frontale,,,,,,,,,,,1,2,3,1,1
200800034657,0008-06-11 19:00:00,8,6,11,19,0,940,52,JACQUES KABLE (R),,,Plein jour,En agglomération,Intersection en T,Normale,Deux véhicules - côté,,,,,,,,,,,1,2,3,1,3
200800034658,0008-06-27 09:20:00,8,6,27,9,20,940,52,"80, CHARLES DE GAULLE (G",,,Plein jour,En agglomération,Hors intersection,Normale,Autre collision,,,,,,,,,,,1,2,1,1,6
200800034659,0008-06-02 12:55:00,8,6,2,12,55,940,54,"0, Parking P10",,,Plein jour,Hors agglomération,Intersection en X,Temps couvert,Deux véhicules - côté,,,,,,,,,,,1,1,2,8,3
200800034660,0008-06-23 14:00:00,8,6,23,14,0,940,54,"0, Avenue du sud",,,Plein jour,Hors agglomération,Hors intersection,Normale,Trois véhicules et plus - collisions multiples,,,,,,,,,,,1,1,1,1,5
200800034661,0008-06-02 14:55:00,8,6,2,14,55,940,68,"50, BAC (AV DU)",,,Plein jour,En agglomération,Hors intersection,Pluie légère,Autre collision,,,,,,,,,,,1,2,1,2,6
200800034662,0008-06-09 10:00:00,8,6,9,10,0,940,68,FOCH (AV),,,Plein jour,En agglomération,Hors intersection,Normale,Deux véhicules - côté,,,,,,,,,,,1,2,1,1,3
200800034663,0008-06-11 11:25:00,8,6,11,11,25,940,68,RASPAIL (AV),,,Plein jour,En agglomération,Intersection en X,Normale,Deux véhicules - côté,,,,,,,,,,,1,2,2,1,3
200800034664,0008-06-12 02:15:00,8,6,12,2,15,940,68,FOCH (AV),,,Nuit avec éclairage allumé,En agglomération,Intersection en X,Normale,Deux véhicules - côté,,,,,,,,,,,5,2,2,1,3
200800034665,0008-06-14 19:40:00,8,6,14,19,40,940,68,"22, SAINT LOUIS (AV)",,,Plein jour,En agglomération,Hors intersection,Normale,Autre collision,,,,,,,,,,,1,2,1,1,6
200800034666,0008-06-16 13:10:00,8,6,16,13,10,940,68,"13, THIERS (AV)",,,Plein jour,En agglomération,Hors intersection,Normale,Deux véhicules - côté,,,,,,,,,,,1,2,1,1,3
200800034667,0008-06-19 17:00:00,8,6,19,17,0,940,68,RABELAIS (BD),,,Plein jour,En agglomération,Intersection en X,Pluie forte,Deux véhicules - côté,,,,,,,,,,,1,2,2,3,3
200800034668,0008-06-20 13:50:00,8,6,20,13,50,940,68,CHAMPIGNY - PONT DE CHAM,,,Plein jour,En agglomération,Intersection en T,Normale,Deux véhicules - côté,,,,,,,,,,,1,2,3,1,3
200800034669,0008-06-30 07:50:00,8,6,30,7,50,940,68,"122, FOCH (AV)",,,Plein jour,En agglomération,Hors intersection,Normale,Sans collision,,,,,,,,,,,1,2,1,1,7
200800034670,0008-06-27 17:10:00,8,6,27,17,10,940,68,VIOLLET LE DUC (R),,,Plein jour,En agglomération,Hors intersection,Normale,Sans collision,,,,,,,,,,,1,2,1,1,7
200800034671,0008-06-25 16:45:00,8,6,25,16,45,940,1,"0, CHOLET (place)",,,Plein jour,En agglomération,Autre intersection,Normale,Autre collision,,,,,,,,,,,1,2,9,1,6
200800034672,0008-06-01 06:30:00,8,6,1,6,30,940,78,"1, CHEMIN MUZEY (R DU)",,,Plein jour,En agglomération,Hors intersection,Normale,Autre collision,,,,,,,,,,,1,2,1,1,6
200800034673,0008-06-01 17:40:00,8,6,1,17,40,940,77,"1, PIERRE LOTI (R)",,,Plein jour,En agglomération,Hors intersection,Normale,Deux véhicules - côté,,,,,,,,,,,1,2,1,1,3
200800034674,0008-06-06 06:25:00,8,6,6,6,25,940,78,PARIS (R DE),,,Crépuscule ou aube,En agglomération,Intersection en T,Pluie légère,Deux véhicules - côté,,,,,,,,,,,2,2,3,2,3
200800034675,0008-06-10 17:40:00,8,6,10,17,40,940,78,FONTAINE SAINT-MARTIN (R,,,Plein jour,En agglomération,Intersection en X,Normale,Deux véhicules - côté,,,,,,,,,,,1,2,2,1,3
200800034676,0008-06-17 08:05:00,8,6,17,8,5,940,78,WINSTON CHURCHILL (AV),,,Plein jour,En agglomération,Autre intersection,Normale,Deux véhicules - côté,,,,,,,,,,,1,2,9,1,3
200800034677,0008-06-19 17:55:00,8,6,19,17,55,940,74,GASTON MONMOUSSEAU (R),,,Plein jour,En agglomération,Hors intersection,Pluie forte,Autre collision,,,,,,,,,,,1,2,1,3,6
200800034678,0008-06-26 16:15:00,8,6,26,16,15,940,77,"152, REPUBLIQUE (AV DE L",,,Plein jour,En agglomération,Hors intersection,Normale,Deux véhicules - arrière,,,,,,,,,,,1,2,1,1,2
200800034679,0008-06-30 09:30:00,8,6,30,9,30,940,78,PARIS (R DE),,,Plein jour,En agglomération,Hors intersection,Normale,Autre collision,,,,,,,,,,,1,2,1,1,6
200800034680,0008-06-28 11:35:00,8,6,28,11,35,940,77,HENRI LAIRE (R),,,Plein jour,En agglomération,Intersection en X,Normale,Deux véhicules - côté,,,,,,,,,,,1,2,2,1,3
200800034681,0008-06-11 11:25:00,8,6,11,11,25,940,78,"1, CHOISY (AV DE)",,,Plein jour,En agglomération,Hors intersection,Normale,Deux véhicules - arrière,,,,,,,,,,,1,2,1,1,2
200800034682,0008-06-04 14:20:00,8,6,4,14,20,940,78,HUIT MAI 1945 (AV DU),,,Plein jour,En agglomération,Hors intersection,Normale,Autre collision,,,,,,,,,,,1,2,1,1,6
200800034683,0008-06-23 10:25:00,8,6,23,10,25,940,77,"1, PAUL VAILLANT COUTURI",,,Plein jour,En agglomération,Hors intersection,Normale,Deux véhicules - côté,,,,,,,,,,,1,2,1,1,3
200800034684,0008-06-14 22:20:00,8,6,14,22,20,940,67,"., GENERAL DE GAULLE (AV",,,Nuit avec éclairage allumé,En agglomération,Intersection en X,Normale,Deux véhicules - côté,,,,,,,,,,,5,2,2,1,3
200800034685,0008-06-20 14:30:00,8,6,20,14,30,940,80,"7, PARIS (AV DE)",,,Plein jour,En agglomération,Hors intersection,Normale,Autre collision,,,,,,,,,,,1,2,1,1,6
200800034686,0008-06-21 19:40:00,8,6,21,19,40,940,80,"., FONTENAY (R DE)",,,Plein jour,En agglomération,Intersection en T,Normale,Deux véhicules - côté,,,,,,,,,,,1,2,3,1,3
200800034687,0008-06-25 08:20:00,8,6,25,8,20,940,80,"8 bis, FONTENAY (R DE)",,,Plein jour,En agglomération,Intersection en T,Normale,Autre collision,,,,,,,,,,,1,2,3,1,6
200800034688,0008-06-27 06:20:00,8,6,27,6,20,940,80,"., PARIS (AV DE)",,,Plein jour,En agglomération,Intersection en X,Normale,Deux véhicules - côté,,,,,,,,,,,1,2,2,1,3
200800034689,0008-06-02 10:45:00,8,6,2,10,45,940,81,"149, JULES GUESDE (QU)",,,Plein jour,En agglomération,Hors intersection,Normale,Autre collision,,,,,,,,,,,1,2,1,1,6
200800034690,0008-06-04 13:50:00,8,6,4,13,50,940,81,ALEGRE (R D),,,Plein jour,En agglomération,Intersection en X,Normale,Deux véhicules - côté,,,,,,,,,,,1,2,2,1,3
200800034691,0008-06-05 18:40:00,8,6,5,18,40,940,81,"Angle, JULIAN GRIMAU (R)",,,Plein jour,En agglomération,Intersection en T,Normale,Autre collision,,,,,,,,,,,1,2,3,1,6
200800034692,0008-06-07 17:58:00,8,6,7,17,58,940,81,"12, ALBERT THOMAS (AV)",,,Plein jour,En agglomération,Hors intersection,Normale,Sans collision,,,,,,,,,,,1,2,1,1,7
200800034693,0008-06-10 16:00:00,8,6,10,16,0,940,81,GENERAL MALLERET JOINVIL,,,Plein jour,En agglomération,Hors intersection,Normale,Autre collision,,,,,,,,,,,1,2,1,1,6
200800034694,0008-06-11 04:40:00,8,6,11,4,40,940,81,"angle, ROUGET DE L ISLE",,,Nuit avec éclairage allumé,En agglomération,Intersection en X,Normale,Autre collision,,,,,,,,,,,5,2,2,1,6
200800034695,0008-06-14 00:10:00,8,6,14,0,10,940,81,ABBE ROGER DERRY (AV DE,,,Nuit avec éclairage allumé,En agglomération,Hors intersection,Normale,Autre collision,,,,,,,,,,,5,2,1,1,6
200800034696,0008-06-14 15:50:00,8,6,14,15,50,940,81,"35, ABBE ROGER DERRY (AV",,,Plein jour,En agglomération,Hors intersection,Normale,Autre collision,,,,,,,,,,,1,2,1,1,6
200800034697,0008-06-23 12:10:00,8,6,23,12,10,940,81,"05, ABBE ROGER DERRY (AV",,,Plein jour,En agglomération,Hors intersection,Normale,Deux véhicules - arrière,,,,,,,,,,,1,2,1,1,2
200800034698,0008-06-23 21:55:00,8,6,23,21,55,940,81,"Angle, COMMUNE DE PARIS",,,Nuit avec éclairage allumé,En agglomération,Intersection en T,Normale,Autre collision,,,,,,,,,,,5,2,3,1,6
200800034699,0008-06-24 08:30:00,8,6,24,8,30,940,81,"08, MAXIMILIEN ROBESPIER",,,Plein jour,En agglomération,Hors intersection,Normale,Autre collision,,,,,,,,,,,1,2,1,1,6
200800034700,0008-06-24 21:15:00,8,6,24,21,15,940,81,"Angle, PRESIDENT SALVADO",,,Plein jour,En agglomération,Intersection en T,Normale,Autre collision,,,,,,,,,,,1,2,3,1,6
200800034701,0008-06-25 00:01:00,8,6,25,0,1,940,81,"Angle, MOULIN DE SAQUET",,,Nuit avec éclairage allumé,En agglomération,Intersection en T,Normale,Autre collision,,,,,,,,,,,5,2,3,1,6
200800034702,0008-06-25 19:35:00,8,6,25,19,35,940,81,"124, ROUGET DE L ISLE (A",,,Plein jour,En agglomération,Hors intersection,Normale,Deux véhicules - côté,,,,,,,,,,,1,2,1,1,3
200800034703,0008-06-28 14:15:00,8,6,28,14,15,940,81,"09 bis, FONTAINEBLEAU (R",,,Plein jour,En agglomération,Hors intersection,Normale,Autre collision,,,,,,,,,,,1,2,1,1,6
200800034704,0008-06-02 07:45:00,8,6,2,7,45,950,18,RD 311,,,Plein jour,En agglomération,Intersection en T,Temps couvert,Deux véhicules - arrière,,,,,,,,,,,1,2,3,8,2
200800034705,0008-06-03 12:35:00,8,6,3,12,35,950,18,CHENES (RUE DES),,,Plein jour,En agglomération,Intersection en T,Normale,Deux véhicules - côté,,,,,,,,,,,1,2,3,1,3
200800034706,0008-06-04 16:45:00,8,6,4,16,45,950,18,"25, VOBSENTERRE (RUE DE)",,,Plein jour,En agglomération,Hors intersection,Normale,Autre collision,,,,,,,,,,,1,2,1,1,6
200800034707,0008-06-05 17:05:00,8,6,5,17,5,950,18,NORD (RUE DU),,,Plein jour,En agglomération,Intersection en X,Normale,Deux véhicules - côté,,,,,,,,,,,1,2,2,1,3
200800034708,0008-06-07 11:40:00,8,6,7,11,40,950,18,PRUDHON (RUE DU LT COLON,,,Plein jour,En agglomération,Intersection en X,Normale,Deux véhicules - côté,,,,,,,,,,,1,2,2,1,3
200800034709,0008-06-07 10:20:00,8,6,7,10,20,950,18,BERTEAUX (BOULEVARD MAUR,,,Plein jour,En agglomération,Intersection à plus de 4 branches,Normale,Deux véhicules - arrière,,,,,,,,,,,1,2,5,1,2
200800034710,0008-06-09 16:30:00,8,6,9,16,30,950,582,ROND POINT DU BIP,,,Plein jour,En agglomération,Giratoire,Normale,Deux véhicules - côté,,,,,,,,,,,1,2,6,1,3
200800034711,0008-06-14 03:50:00,8,6,14,3,50,950,18,LECLERC (BLD DU GENERAL),,,Nuit avec éclairage allumé,En agglomération,Intersection en X,Normale,Deux véhicules - arrière,,,,,,,,,,,5,2,2,1,2
200800034712,0008-06-15 16:20:00,8,6,15,16,20,950,176,"5, IMBS (PLACE E.)",,,Plein jour,En agglomération,Intersection en X,Normale,Trois véhicules et plus - collisions multiples,,,,,,,,,,,1,2,2,1,5
200800034713,0008-06-15 21:55:00,8,6,15,21,55,950,18,JUSTICE (RUE DE LA),,,Nuit avec éclairage allumé,En agglomération,Intersection en X,Normale,Deux véhicules - côté,,,,,,,,,,,5,2,2,1,3
200800034714,0008-06-13 11:40:00,8,6,13,11,40,950,18,"4, NOTRE DAME (RUE)",,,Plein jour,En agglomération,Hors intersection,Normale,Autre collision,,,,,,,,,,,1,2,1,1,6
200800034715,0008-06-18 12:55:00,8,6,18,12,55,950,18,VIGNERONDE (RUE),,,Plein jour,En agglomération,Intersection en T,Normale,Deux véhicules - arrière,,,,,,,,,,,1,2,3,1,2
200800034716,0008-06-12 12:30:00,8,6,12,12,30,950,176,ARGENTEUIL (ROUTE D'),,,Plein jour,En agglomération,Intersection en T,Pluie légère,Sans collision,,,,,,,,,,,1,2,3,2,7
200800034717,0008-06-17 08:30:00,8,6,17,8,30,950,176,DAGUERRE (RUE),,,Plein jour,En agglomération,Intersection en X,Normale,Autre collision,,,,,,,,,,,1,2,2,1,6
200800034718,0008-06-19 19:20:00,8,6,19,19,20,950,18,ENGHIEN (ROUTE D' ),,,Plein jour,En agglomération,Intersection en T,Normale,Autre collision,,,,,,,,,,,1,2,3,1,6
200800034719,0008-06-20 18:55:00,8,6,20,18,55,950,582,"48, CHARLES DE GAULLE (B",,,Plein jour,En agglomération,Hors intersection,Normale,Deux véhicules - côté,,,,,,,,,,,1,2,1,1,3
200800034720,0008-06-24 10:50:00,8,6,24,10,50,950,582,", GARE (RUE DE LA)",,,Plein jour,En agglomération,Intersection en T,Normale,Autre collision,,,,,,,,,,,1,2,3,1,6
200800034721,0008-06-25 15:15:00,8,6,25,15,15,950,18,"12-14, FEIX (BOULEVARD L",,,Plein jour,En agglomération,Hors intersection,Normale,Autre collision,,,,,,,,,,,1,2,1,1,6
200800034722,0008-06-25 16:40:00,8,6,25,16,40,950,18,BARBUSSE (RUE HENRI),,,Plein jour,En agglomération,Intersection en T,Normale,Autre collision,,,,,,,,,,,1,2,3,1,6
200800034723,0008-06-25 16:20:00,8,6,25,16,20,950,582,"113, CHARLES DE GAULLE (",,,Plein jour,En agglomération,Intersection en T,Normale,Autre collision,,,,,,,,,,,1,2,3,1,6
200800034724,0008-06-27 05:50:00,8,6,27,5,50,950,176,BERTEAUX (AVENUE MAURICE,,,Crépuscule ou aube,En agglomération,Intersection en X,Normale,Deux véhicules - côté,,,,,,,,,,,2,2,2,1,3
200800034725,0008-06-27 08:20:00,8,6,27,8,20,950,176,"20, NOYER DE L' IMAGE (R",,,Plein jour,En agglomération,Autre intersection,Normale,Autre collision,,,,,,,,,,,1,2,9,1,6
200800034726,0008-06-05 16:25:00,8,6,5,16,25,950,500,"0, HOTEL DE VILLE (PLACE",,,Plein jour,En agglomération,Hors intersection,Normale,Sans collision,,,,,,,,,,,1,2,1,1,7
200800034727,0008-06-07 20:00:00,8,6,7,20,0,950,127,"0, BONTEMPS (AVENUE DU)",,,Plein jour,En agglomération,Hors intersection,Normale,Deux véhicules - côté,,,,,,,,,,,1,2,1,1,3
200800034728,0008-06-07 09:25:00,8,6,7,9,25,950,572,GENERAL LECLERC (RUE DU),,,Plein jour,En agglomération,Hors intersection,Normale,Sans collision,,,,,,,,,,,1,2,1,1,7
200800034729,0008-06-21 18:20:00,8,6,21,18,20,950,127,"0, BONTEMPS (AVENUE DU)",,,Plein jour,En agglomération,Hors intersection,Normale,Sans collision,,,,,,,,,,,1,2,1,1,7
200800034730,0008-06-06 20:05:00,8,6,6,20,5,950,427,"3, SAINT LEU ( ROUTE DE)",,,Crépuscule ou aube,En agglomération,Intersection en Y,Normale,Trois véhicules et plus - collisions multiples,,,,,,,,,,,2,2,4,1,5
200800034731,0008-06-08 19:50:00,8,6,8,19,50,950,598,"1, PARIS   AVENUE DE",,,Plein jour,En agglomération,Intersection en T,Normale,Deux véhicules - frontale,,,,,,,,,,,1,2,3,1,1
200800034732,0008-06-25 18:14:00,8,6,25,18,14,950,555,"1, ALBRECHT (RUE BERTHIE",,,Plein jour,En agglomération,Giratoire,Normale,Deux véhicules - côté,,,,,,,,,,,1,2,6,1,3
200800034733,0008-06-03 09:00:00,8,6,3,9,0,950,203,GEORGES V (RUE),,,Plein jour,En agglomération,Hors intersection,Normale,Autre collision,,,,,,,,,,,1,2,1,1,6
200800034734,0008-06-04 18:15:00,8,6,4,18,15,950,491,"21, BERNHARDT (RUE SARAH",,,Plein jour,En agglomération,Hors intersection,Normale,Autre collision,,,,,,,,,,,1,2,1,1,6
200800034735,0008-06-05 22:45:00,8,6,5,22,45,950,252,"21, CHEVALIER (RUE)",,,Nuit avec éclairage allumé,En agglomération,Hors intersection,Normale,Autre collision,,,,,,,,,,,5,2,1,1,6
200800034736,0008-06-09 12:30:00,8,6,9,12,30,950,252,BEL-AIR (BOULEVARD DU),,,Plein jour,En agglomération,Hors intersection,Normale,Deux véhicules - arrière,,,,,,,,,,,1,2,1,1,2
200800034737,0008-06-10 10:00:00,8,6,10,10,0,950,219,18 JUIN (RUE DU),,,Plein jour,En agglomération,Hors intersection,Normale,Deux véhicules - arrière,,,,,,,,,,,1,2,1,1,2
200800034738,0008-06-13 15:40:00,8,6,13,15,40,950,491,ALLINE (RUE ALBERT),,,Plein jour,En agglomération,Hors intersection,Normale,Autre collision,,,,,,,,,,,1,2,1,1,6
200800034739,0008-06-18 11:15:00,8,6,18,11,15,950,491,CESAR (CHAUSSEE JULES),,,Plein jour,En agglomération,Intersection en T,Normale,Deux véhicules - côté,,,,,,,,,,,1,2,3,1,3
200800034740,0008-06-21 17:55:00,8,6,21,17,55,950,574,"31, GENERAL LECLERC (AVE",,,Plein jour,En agglomération,Hors intersection,Normale,Deux véhicules - frontale,,,,,,,,,,,1,2,1,1,1
200800034741,0008-06-21 21:55:00,8,6,21,21,55,950,252,RHIN ET DANUBE (BOULEVAR,,,Nuit avec éclairage allumé,En agglomération,Hors intersection,Normale,Autre collision,,,,,,,,,,,5,2,1,1,6
200800034742,0008-06-25 12:05:00,8,6,25,12,5,950,252,TROISIEME AVENUE,,,Plein jour,En agglomération,Hors intersection,Normale,Autre collision,,,,,,,,,,,1,2,1,1,6
200800034743,0008-06-27 19:20:00,8,6,27,19,20,950,219,"6 BIS, SYNDICAT (RUE DU)",,,Plein jour,En agglomération,Hors intersection,Normale,Autre collision,,,,,,,,,,,1,2,1,1,6
200800034744,0008-06-30 19:45:00,8,6,30,19,45,950,219,MAGASIN CORA (AVENUE GEO,,,Plein jour,En agglomération,Hors intersection,Normale,Autre collision,,,,,,,,,,,1,2,1,1,6
200800034745,0008-06-03 18:40:00,8,6,3,18,40,950,280,"132, SARRAUT ALBERT (AVE",,,Plein jour,En agglomération,Hors intersection,Normale,Sans collision,,,,,,,,,,,1,2,1,1,7
200800034746,0008-06-07 15:50:00,8,6,7,15,50,950,280,CUGNOT JOSEPH,,,Plein jour,En agglomération,Intersection en Y,Temps couvert,Deux véhicules - côté,,,,,,,,,,,1,2,4,8,3
200800034747,0008-06-08 19:20:00,8,6,8,19,20,950,277,avenue François Mitterra,,,Plein jour,En agglomération,Hors intersection,Normale,Autre collision,,,,,,,,,,,1,2,1,1,6
200800034748,0008-06-11 17:00:00,8,6,11,17,0,950,277,"7, CLARET (RUE)",,,Plein jour,En agglomération,Hors intersection,Normale,Trois véhicules et plus - en chaîne,,,,,,,,,,,1,2,1,1,4
200800034749,0008-06-12 14:00:00,8,6,12,14,0,950,306,CONFLANS (ROUTE DE),,,Plein jour,En agglomération,Hors intersection,Pluie légère,Sans collision,,,,,,,,,,,1,2,1,2,7
200800034750,0008-06-14 19:40:00,8,6,14,19,40,950,424,"61, LIBERATION (AVENUE D",,,Plein jour,En agglomération,Hors intersection,Normale,Deux véhicules - côté,,,,,,,,,,,1,2,1,1,3
200800034751,0008-06-14 19:30:00,8,6,14,19,30,950,257,"26, PASTEUR (RUE)",,,Plein jour,En agglomération,Hors intersection,Normale,Deux véhicules - arrière,,,,,,,,,,,1,2,1,1,2
200800034752,0008-06-17 17:20:00,8,6,17,17,20,950,424,VICTOR BORDIER (BOULEVAR,,,Plein jour,En agglomération,Intersection en X,Normale,Deux véhicules - côté,,,,,,,,,,,1,2,2,1,3
200800034753,0008-06-22 18:35:00,8,6,22,18,35,950,306,HAVRE (BOULEVARD DU),,,Plein jour,En agglomération,Hors intersection,Normale,Autre collision,,,,,,,,,,,1,2,1,1,6
200800034754,0008-06-24 10:00:00,8,6,24,10,0,950,306,"50, GENIE (QUAI DU)",,,Plein jour,En agglomération,Hors intersection,Normale,Sans collision,,,,,,,,,,,1,2,1,1,7
200800034755,0008-06-24 17:00:00,8,6,24,17,0,950,424,"106, PONTOISE (BOULEVARD",,,Plein jour,En agglomération,Hors intersection,Normale,Autre collision,,,,,,,,,,,1,2,1,1,6
200800034756,0008-06-02 17:00:00,8,6,2,17,0,950,487,D 4 D,,,Plein jour,Hors agglomération,Autre intersection,Normale,Deux véhicules - arrière,,,,,,,,,,,1,1,9,1,2
200800034757,0008-06-25 21:00:00,8,6,25,21,0,950,313,"39, GRANDE RUE",,,Plein jour,En agglomération,Hors intersection,Normale,Autre collision,,,,,,,,,,,1,2,1,1,6
200800034758,0008-06-25 09:25:00,8,6,25,9,25,950,585,ESCOUVRIER (RUE DE L'),,,Plein jour,En agglomération,Hors intersection,Normale,Deux véhicules - arrière,,,,,,,,,,,1,2,1,1,2
200800034759,0008-06-02 16:50:00,8,6,2,16,50,950,51,JULES CESAR (CHAUSSEE),,,Plein jour,En agglomération,Hors intersection,Pluie légère,Deux véhicules - frontale,,,,,,,,,,,1,2,1,2,1
200800034760,0008-06-06 20:10:00,8,6,6,20,10,950,60,"00, REPUBLIQUE (AVENUE D",,,Crépuscule ou aube,En agglomération,Hors intersection,Normale,Deux véhicules - frontale,,,,,,,,,,,2,2,1,1,1
200800034761,0008-06-11 18:25:00,8,6,11,18,25,950,563,"74, PARIS (RUE DE)",,,Plein jour,En agglomération,Hors intersection,Normale,Deux véhicules - côté,,,,,,,,,,,1,2,1,1,3
200800034762,0008-06-17 09:00:00,8,6,17,9,0,950,51,"267, JULES CESAR (CHAUSS",,,Plein jour,En agglomération,Hors intersection,Normale,Autre collision,,,,,,,,,,,1,2,1,1,6
200800034763,0008-06-02 03:25:00,8,6,2,3,25,201,4,NATIONALE 196,,,Nuit avec éclairage allumé,En agglomération,Hors intersection,Pluie légère,Autre collision,,,,,,,,,,,5,2,1,2,6
200800034764,0008-06-02 19:30:00,8,6,2,19,30,201,4,STILETTO LOT RTE MEZZAVI,,,Plein jour,En agglomération,Hors intersection,Normale,Autre collision,,,,,,,,,,,1,2,1,1,6
200800034765,0008-06-03 07:50:00,8,6,3,7,50,201,4,SEBASTIANU COSTA BD,,,Plein jour,En agglomération,Hors intersection,Normale,Autre collision,,,,,,,,,,,1,2,1,1,6
200800034766,0008-06-04 21:05:00,8,6,4,21,5,201,4,RECCO ABBE BOULEVARD,,,Crépuscule ou aube,En agglomération,Hors intersection,Normale,Deux véhicules - côté,,,,,,,,,,,2,2,1,1,3
200800034767,0008-06-08 15:58:00,8,6,8,15,58,201,4,"111, NAPOLEON COURS AVAN",,,Plein jour,En agglomération,Hors intersection,Normale,Deux véhicules - arrière,,,,,,,,,,,1,2,1,1,2
200800034768,0008-06-10 21:00:00,8,6,10,21,0,201,4,"17, FRANCHINI NOEL AV DO",,,Crépuscule ou aube,En agglomération,Hors intersection,Normale,Deux véhicules - arrière,,,,,,,,,,,2,2,1,1,2
200800034769,0008-06-14 19:16:00,8,6,14,19,16,201,4,"24, GRANDVAL COURS PAIR",,,Plein jour,En agglomération,Hors intersection,Normale,Autre collision,,,,,,,,,,,1,2,1,1,6
200800034770,0008-06-19 18:00:00,8,6,19,18,0,201,4,NATIONALE 194,,,Plein jour,En agglomération,Hors intersection,Normale,Deux véhicules - côté,,,,,,,,,,,1,2,1,1,3
200800034771,0008-06-24 09:20:00,8,6,24,9,20,201,4,"SANS, MEZZAVIA ROUTE DE",,,Plein jour,En agglomération,Hors intersection,Normale,Autre collision,,,,,,,,,,,1,2,1,1,6
200800034772,0008-06-25 10:45:00,8,6,25,10,45,201,4,"SANS, FRANCHINI NOEL AV",,,Plein jour,En agglomération,Hors intersection,Normale,Autre collision,,,,,,,,,,,1,2,1,1,6
200800034773,0008-06-30 17:34:00,8,6,30,17,34,201,4,MEZZAVIA ROUTE DE,,,Plein jour,En agglomération,Hors intersection,Normale,Deux véhicules - côté,,,,,,,,,,,1,2,1,1,3
200800034774,0008-06-19 07:50:00,8,6,19,7,50,690,381,"02, ANNONCIADE (DE L')",,,Plein jour,En agglomération,Hors intersection,Normale,Deux véhicules - frontale,,,,,,,,,,,1,2,1,1,1
200800034775,0008-06-23 17:35:00,8,6,23,17,35,690,381,"17, ANDRE LASSAGNE",,,Plein jour,En agglomération,Intersection en T,Normale,Autre collision,,,,,,,,,,,1,2,3,1,6
200800034776,0008-06-30 14:15:00,8,6,30,14,15,690,381,"01, PUITS GAILLOT",,,Plein jour,En agglomération,Intersection en T,Normale,Autre collision,,,,,,,,,,,1,2,3,1,6
200800034777,0008-06-01 10:00:00,8,6,1,10,0,940,18,A4,,,Plein jour,Hors agglomération,Hors intersection,Normale,Deux véhicules - arrière,,,,,,,,,,,1,1,1,1,2
200800034778,0008-06-03 07:45:00,8,6,3,7,45,940,28,A86,,,Plein jour,Hors agglomération,Hors intersection,Normale,Deux véhicules - côté,,,,,,,,,,,1,1,1,1,3
200800034779,0008-06-06 16:45:00,8,6,6,16,45,940,17,A4,,,Plein jour,Hors agglomération,Hors intersection,Normale,Deux véhicules - arrière,,,,,,,,,,,1,1,1,1,2
200800034780,0008-06-06 17:05:00,8,6,6,17,5,940,28,A86,,,Plein jour,Hors agglomération,Hors intersection,Normale,Trois véhicules et plus - collisions multiples,,,,,,,,,,,1,1,1,1,5
200800034781,0008-06-06 18:35:00,8,6,6,18,35,770,337,RN104,,,Plein jour,Hors agglomération,Hors intersection,Normale,Trois véhicules et plus - en chaîne,,,,,,,,,,,1,1,1,1,4
200800034782,0008-06-07 14:10:00,8,6,7,14,10,750,112,A4,,,Plein jour,Hors agglomération,Hors intersection,Normale,Deux véhicules - côté,,,,,,,,,,,1,1,1,1,3
200800034783,0008-06-08 08:50:00,8,6,8,8,50,940,73,A86,,,Plein jour,Hors agglomération,Hors intersection,Normale,Deux véhicules - arrière,,,,,,,,,,,1,1,1,1,2
200800034784,0008-06-08 19:30:00,8,6,8,19,30,770,449,A4,,,Plein jour,Hors agglomération,Hors intersection,Normale,Trois véhicules et plus - collisions multiples,,,,,,,,,,,1,1,1,1,5
200800034785,0008-06-09 00:30:00,8,6,9,0,30,940,17,A86.EXT,,,Nuit avec éclairage allumé,Hors agglomération,Hors intersection,Normale,Sans collision,,,,,,,,,,,5,1,1,1,7
200800034786,0008-06-09 13:00:00,8,6,9,13,0,770,468,A104,,,Plein jour,Hors agglomération,Hors intersection,Normale,Deux véhicules - côté,,,,,,,,,,,1,1,1,1,3
200800034787,0008-06-09 16:30:00,8,6,9,16,30,940,73,A86,,,Plein jour,Hors agglomération,Hors intersection,Normale,Sans collision,,,,,,,,,,,1,1,1,1,7