accident_id,datetime,annee,mois,jour,heure,minute,departement,commune_insee,adresse,latitude,longitude,luminosite,agglomeration,intersection,meteo,collision,nb_vehicules,nb_usagers,nb_indemnes,nb_tues,nb_blesses_hosp,nb_blesses_legers,age_cond_1,age_cond_2,veh_type_cond_1,veh_type_cond_2,lum_code,agg_code,int_code,atm_code,col_code
200800034788,0008-06-10 08:35:00,8,6,10,8,35,770,468,A104,,,Plein jour,Hors agglomération,Hors intersection,Normale,Deux véhicules - côté,,,,,,,,,,,1,1,1,1,3
200800034789,0008-06-10 18:10:00,8,6,10,18,10,930,51,A4,,,Plein jour,Hors agglomération,Hors intersection,Normale,Deux véhicules - arrière,,,,,,,,,,,1,1,1,1,2
200800034790,0008-06-11 17:20:00,8,6,11,17,20,940,69,A4,,,Plein jour,Hors agglomération,Hors intersection,Normale,Deux véhicules - côté,,,,,,,,,,,1,1,1,1,3
200800034791,0008-06-11 18:45:00,8,6,11,18,45,940,28,A86,,,Plein jour,Hors agglomération,Hors intersection,Normale,Deux véhicules - côté,,,,,,,,,,,1,1,1,1,3
200800034792,0008-06-12 12:50:00,8,6,12,12,50,940,17,A4,,,Plein jour,Hors agglomération,Hors intersection,Normale,Trois véhicules et plus - en chaîne,,,,,,,,,,,1,1,1,1,4
200800034793,0008-06-12 19:00:00,8,6,12,19,0,940,28,A86,,,Plein jour,Hors agglomération,Hors intersection,Normale,Deux véhicules - arrière,,,,,,,,,,,1,1,1,1,2
200800034794,0008-06-13 10:30:00,8,6,13,10,30,930,51,A4,,,Plein jour,Hors agglomération,Hors intersection,Normale,Deux véhicules - arrière,,,,,,,,,,,1,1,1,1,2
200800034795,0008-06-13 12:00:00,8,6,13,12,0,750,112,A4,,,Plein jour,Hors agglomération,Hors intersection,Normale,Deux véhicules - côté,,,,,,,,,,,1,1,1,1,3
200800034796,0008-06-13 19:15:00,8,6,13,19,15,940,73,A86,,,Plein jour,Hors agglomération,Hors intersection,Normale,Deux véhicules - côté,,,,,,,,,,,1,1,1,1,3
200800034797,0008-06-13 23:20:00,8,6,13,23,20,770,514,A104,,,Nuit sans éclairage public,Hors agglomération,Hors intersection,Normale,Autre collision,,,,,,,,,,,3,1,1,1,6
200800034798,0008-06-14 02:30:00,8,6,14,2,30,940,73,A86,,,Nuit sans éclairage public,Hors agglomération,Hors intersection,Normale,Sans collision,,,,,,,,,,,3,1,1,1,7
200800034799,0008-06-14 10:25:00,8,6,14,10,25,770,169,A4.Y,,,Plein jour,Hors agglomération,Hors intersection,Normale,Sans collision,,,,,,,,,,,1,1,1,1,7
200800034800,0008-06-16 08:05:00,8,6,16,8,5,930,51,A4,,,Plein jour,Hors agglomération,Hors intersection,Temps couvert,Trois véhicules et plus - collisions multiples,,,,,,,,,,,1,1,1,8,5
200800034801,0008-06-16 08:50:00,8,6,16,8,50,770,121,A4,,,Plein jour,Hors agglomération,Hors intersection,Normale,Deux véhicules - côté,,,,,,,,,,,1,1,1,1,3
200800034802,0008-06-16 10:45:00,8,6,16,10,45,940,15,A4,,,Plein jour,Hors agglomération,Hors intersection,Normale,Deux véhicules - côté,,,,,,,,,,,1,1,1,1,3
200800034803,0008-06-17 17:30:00,8,6,17,17,30,940,17,A86.INT,,,Plein jour,Hors agglomération,Hors intersection,Normale,Deux véhicules - côté,,,,,,,,,,,1,1,1,1,3
200800034804,0008-06-18 07:45:00,8,6,18,7,45,770,169,A4.Y,,,Plein jour,Hors agglomération,Hors intersection,Normale,Sans collision,,,,,,,,,,,1,1,1,1,7
200800034805,0008-06-21 17:00:00,8,6,21,17,0,940,42,A4,,,Plein jour,Hors agglomération,Hors intersection,Normale,Trois véhicules et plus - en chaîne,,,,,,,,,,,1,1,1,1,4
200800034806,0008-06-21 18:55:00,8,6,21,18,55,940,46,A86,,,Plein jour,Hors agglomération,Hors intersection,Normale,Deux véhicules - côté,,,,,,,,,,,1,1,1,1,3
200800034807,0008-06-22 01:30:00,8,6,22,1,30,940,28,A86,,,Nuit avec éclairage allumé,Hors agglomération,Hors intersection,Normale,Deux véhicules - arrière,,,,,,,,,,,5,1,1,1,2
200800034808,0008-06-22 06:50:00,8,6,22,6,50,930,51,A4,,,Plein jour,Hors agglomération,Hors intersection,Pluie légère,Sans collision,,,,,,,,,,,1,1,1,2,7
200800034809,0008-06-22 08:25:00,8,6,22,8,25,940,18,A4,,,Plein jour,Hors agglomération,Hors intersection,Temps couvert,Autre collision,,,,,,,,,,,1,1,1,8,6
200800034810,0008-06-22 17:40:00,8,6,22,17,40,770,258,A4.W,,,Plein jour,Hors agglomération,Hors intersection,Normale,Deux véhicules - arrière,,,,,,,,,,,1,1,1,1,2
200800034811,0008-06-23 00:10:00,8,6,23,0,10,770,121,A104,,,Nuit avec éclairage non allumé,Hors agglomération,Hors intersection,Normale,Autre collision,,,,,,,,,,,4,1,1,1,6
200800034812,0008-06-23 09:00:00,8,6,23,9,0,940,73,A86,,,Plein jour,Hors agglomération,Hors intersection,Normale,Deux véhicules - arrière,,,,,,,,,,,1,1,1,1,2
200800034813,0008-06-24 12:50:00,8,6,24,12,50,940,46,A86,,,Plein jour,Hors agglomération,Hors intersection,Normale,Autre collision,,,,,,,,,,,1,1,1,1,6
200800034814,0008-06-24 14:00:00,8,6,24,14,0,940,46,A86,,,Plein jour,Hors agglomération,Hors intersection,Normale,Deux véhicules - arrière,,,,,,,,,,,1,1,1,1,2
200800034815,0008-06-25 06:45:00,8,6,25,6,45,940,79,A4,,,Plein jour,Hors agglomération,Hors intersection,Normale,Deux véhicules - côté,,,,,,,,,,,1,1,1,1,3
200800034816,0008-06-25 18:40:00,8,6,25,18,40,770,337,A4,,,Plein jour,Hors agglomération,Hors intersection,Normale,Deux véhicules - côté,,,,,,,,,,,1,1,1,1,3
200800034817,0008-06-25 18:30:00,8,6,25,18,30,940,69,A4,,,Plein jour,Hors agglomération,Hors intersection,Normale,Autre collision,,,,,,,,,,,1,1,1,1,6
200800034818,0008-06-26 17:20:00,8,6,26,17,20,770,83,A4.W,,,Plein jour,Hors agglomération,Hors intersection,Normale,Deux véhicules - côté,,,,,,,,,,,1,1,1,1,3
200800034819,0008-06-27 08:50:00,8,6,27,8,50,770,121,A4,,,Plein jour,Hors agglomération,Hors intersection,Normale,Autre collision,,,,,,,,,,,1,1,1,1,6
200800034820,0008-06-27 10:40:00,8,6,27,10,40,930,51,A4,,,Plein jour,Hors agglomération,Hors intersection,Normale,Autre collision,,,,,,,,,,,1,1,1,1,6
200800034821,0008-06-27 18:00:00,8,6,27,18,0,770,373,RN104,,,Plein jour,Hors agglomération,Hors intersection,Normale,Deux véhicules - arrière,,,,,,,,,,,1,1,1,1,2
200800034822,0008-06-28 09:25:00,8,6,28,9,25,770,294,A104,,,Plein jour,Hors agglomération,Hors intersection,Normale,Autre collision,,,,,,,,,,,1,1,1,1,6
200800034823,0008-06-28 19:30:00,8,6,28,19,30,940,33,A86.EXT,,,Plein jour,Hors agglomération,Hors intersection,Normale,Deux véhicules - côté,,,,,,,,,,,1,1,1,1,3
200800034824,0008-06-29 06:00:00,8,6,29,6,0,770,495,A5.B,,,Plein jour,Hors agglomération,Hors intersection,Normale,Sans collision,,,,,,,,,,,1,1,1,1,7
200800034825,0008-06-02 09:50:00,8,6,2,9,50,950,306,AUTOROUTE A3,,,Plein jour,Hors agglomération,Hors intersection,Pluie légère,Trois véhicules et plus - collisions multiples,,,,,,,,,,,1,1,1,2,5
200800034826,0008-06-02 17:45:00,8,6,2,17,45,930,66,AUTOROUTE A86,,,Plein jour,Hors agglomération,Hors intersection,Normale,Deux véhicules - arrière,,,,,,,,,,,1,1,1,1,2
200800034827,0008-06-06 16:45:00,8,6,6,16,45,950,582,AUTOROUTE A15,,,Plein jour,Hors agglomération,Hors intersection,Normale,Deux véhicules - côté,,,,,,,,,,,1,1,1,1,3
200800034828,0008-06-07 01:20:00,8,6,7,1,20,950,18,AUTOROUTE A15,,,Nuit avec éclairage allumé,Hors agglomération,Hors intersection,Normale,Deux véhicules - arrière,,,,,,,,,,,5,1,1,1,2
200800034829,0008-06-10 08:55:00,8,6,10,8,55,950,582,AUTOROUTE A15,,,Plein jour,Hors agglomération,Hors intersection,Normale,Trois véhicules et plus - collisions multiples,,,,,,,,,,,1,1,1,1,5
200800034830,0008-06-10 09:30:00,8,6,10,9,30,950,582,RD 170,,,Plein jour,Hors agglomération,Hors intersection,Normale,Sans collision,,,,,,,,,,,1,1,1,1,7
200800034831,0008-06-12 16:30:00,8,6,12,16,30,930,66,AUTOROUTE A3,,,Plein jour,Hors agglomération,Hors intersection,Normale,Autre collision,,,,,,,,,,,1,1,1,1,6
200800034832,0008-06-16 09:15:00,8,6,16,9,15,950,582,AUTOROUTE A15,,,Plein jour,Hors agglomération,Hors intersection,Normale,Trois véhicules et plus - collisions multiples,,,,,,,,,,,1,1,1,1,5
200800034833,0008-06-19 05:40:00,8,6,19,5,40,600,494,AUTOROUTE A1,,,Plein jour,Hors agglomération,Hors intersection,Normale,Sans collision,,,,,,,,,,,1,1,1,1,7
200800034834,0008-06-19 18:30:00,8,6,19,18,30,950,527,AUTOROUTE A3,,,Plein jour,Hors agglomération,Hors intersection,Pluie légère,Trois véhicules et plus - en chaîne,,,,,,,,,,,1,1,1,2,4
200800034835,0008-06-19 18:30:00,8,6,19,18,30,950,252,R.D. 104,,,Plein jour,Hors agglomération,Hors intersection,Pluie légère,Sans collision,,,,,,,,,,,1,1,1,2,7
200800034836,0008-06-21 23:15:00,8,6,21,23,15,950,582,AUTOROUTE A115,,,Nuit sans éclairage public,Hors agglomération,Hors intersection,Normale,Autre collision,,,,,,,,,,,3,1,1,1,6
200800034837,0008-06-25 21:30:00,8,6,25,21,30,930,27,AUTOROUTE A1,,,Plein jour,Hors agglomération,Hors intersection,Normale,Sans collision,,,,,,,,,,,1,1,1,1,7
200800034838,0008-06-25 21:00:00,8,6,25,21,0,920,36,AUTOROUTE A86,,,Plein jour,Hors agglomération,Hors intersection,Normale,Sans collision,,,,,,,,,,,1,1,1,1,7
200800034839,0008-06-26 09:20:00,8,6,26,9,20,950,252,AUTOROUTE A15,,,Plein jour,Hors agglomération,Hors intersection,Normale,Trois véhicules et plus - collisions multiples,,,,,,,,,,,1,1,1,1,5
200800034840,0008-06-26 11:40:00,8,6,26,11,40,930,32,AUTOROUTE A3,,,Plein jour,Hors agglomération,Hors intersection,Normale,Deux véhicules - arrière,,,,,,,,,,,1,1,1,1,2
200800034841,0008-06-29 18:15:00,8,6,29,18,15,950,582,AUTOROUTE A15,,,Plein jour,Hors agglomération,Hors intersection,Normale,Sans collision,,,,,,,,,,,1,1,1,1,7
200800034842,0008-06-29 22:30:00,8,6,29,22,30,930,53,AUTOROUTE A3,,,Nuit avec éclairage allumé,Hors agglomération,Hors intersection,Normale,Sans collision,,,,,,,,,,,5,1,1,1,7
200800034843,0008-06-30 08:30:00,8,6,30,8,30,950,527,AUTOROUTE A3,,,Plein jour,Hors agglomération,Hors intersection,Normale,Trois véhicules et plus - collisions multiples,,,,,,,,,,,1,1,1,1,5
200800034844,0008-06-23 09:20:00,8,6,23,9,20,780,217,A13,,,Plein jour,Hors agglomération,Hors intersection,Normale,Autre collision,,,,,,,,,,,1,1,1,1,6
200800034845,0008-06-11 08:15:00,8,6,11,8,15,920,62,RN1014 W,,,Plein jour,Hors agglomération,Hors intersection,Normale,Deux véhicules - arrière,,,,,,,,,,,1,1,1,1,2
200800034846,0008-06-02 18:30:00,8,6,2,18,30,780,140,A13,,,Plein jour,Hors agglomération,Hors intersection,Normale,Deux véhicules - frontale,,,,,,,,,,,1,1,1,1,1
200800034847,0008-06-04 09:40:00,8,6,4,9,40,780,206,A13,,,Plein jour,Hors agglomération,Hors intersection,Normale,Sans collision,,,,,,,,,,,1,1,1,1,7
200800034848,0008-06-04 10:15:00,8,6,4,10,15,780,90,A13,,,Plein jour,Hors agglomération,Hors intersection,Normale,Trois véhicules et plus - en chaîne,,,,,,,,,,,1,1,1,1,4
200800034849,0008-06-04 14:50:00,8,6,4,14,50,780,43,A12 Y,,,Plein jour,Hors agglomération,Hors intersection,Normale,Autre collision,,,,,,,,,,,1,1,1,1,6
200800034850,0008-06-06 11:30:00,8,6,6,11,30,780,43,"12.300, A13Y",,,Plein jour,Hors agglomération,Hors intersection,Normale,Trois véhicules et plus - collisions multiples,,,,,,,,,,,1,1,1,1,5
200800034851,0008-06-13 20:10:00,8,6,13,20,10,750,116,A 13 Y,,,Plein jour,Hors agglomération,Hors intersection,Normale,Deux véhicules - arrière,,,,,,,,,,,1,1,1,1,2
200800034852,0008-06-08 18:30:00,8,6,8,18,30,920,25,A86,,,Plein jour,Hors agglomération,Hors intersection,Normale,Deux véhicules - côté,,,,,,,,,,,1,1,1,1,3
200800034853,0008-06-09 17:05:00,8,6,9,17,5,780,640,N118,,,Plein jour,Hors agglomération,Hors intersection,Temps éblouissant,Trois véhicules et plus - en chaîne,,,,,,,,,,,1,1,1,7,4
200800034854,0008-06-11 11:55:00,8,6,11,11,55,920,23,RN186,,,Plein jour,Hors agglomération,Hors intersection,Normale,Autre collision,,,,,,,,,,,1,1,1,1,6
200800034855,0008-06-11 18:40:00,8,6,11,18,40,780,238,A13,,,Plein jour,Hors agglomération,Hors intersection,Normale,Trois véhicules et plus - en chaîne,,,,,,,,,,,1,1,1,1,4
200800034856,0008-06-11 19:30:00,8,6,11,19,30,780,43,"2.700, A12 W",,,Plein jour,Hors agglomération,Hors intersection,Normale,Deux véhicules - côté,,,,,,,,,,,1,1,1,1,3
200800034857,0008-06-13 21:00:00,8,6,13,21,0,780,291,A13,,,Nuit sans éclairage public,Hors agglomération,Hors intersection,Normale,Autre collision,,,,,,,,,,,3,1,1,1,6
200800034858,0008-06-14 06:15:00,8,6,14,6,15,780,545,A12 Y,,,Crépuscule ou aube,Hors agglomération,Hors intersection,Normale,Autre collision,,,,,,,,,,,2,1,1,1,6
200800034859,0008-06-17 09:40:00,8,6,17,9,40,780,297,RN12 Y,,,Plein jour,Hors agglomération,Hors intersection,Normale,Sans collision,,,,,,,,,,,1,1,1,1,7
200800034860,0008-06-17 16:30:00,8,6,17,16,30,780,43,"0.800, A12 W",,,Plein jour,Hors agglomération,Hors intersection,Normale,Deux véhicules - arrière,,,,,,,,,,,1,1,1,1,2
200800034861,0008-06-19 08:10:00,8,6,19,8,10,920,48,N118,,,Plein jour,Hors agglomération,Hors intersection,Normale,Deux véhicules - côté,,,,,,,,,,,1,1,1,1,3
200800034862,0008-06-18 19:15:00,8,6,18,19,15,920,26,RN1014 Y,,,Plein jour,Hors agglomération,Hors intersection,Normale,Deux véhicules - côté,,,,,,,,,,,1,1,1,1,3
200800034863,0008-06-19 06:55:00,8,6,19,6,55,780,43,A12 W,,,Plein jour,Hors agglomération,Hors intersection,Normale,Deux véhicules - arrière,,,,,,,,,,,1,1,1,1,2
200800034864,0008-06-20 18:57:00,8,6,20,18,57,920,50,A86,,,Plein jour,Hors agglomération,Hors intersection,Normale,Deux véhicules - arrière,,,,,,,,,,,1,1,1,1,2
200800034865,0008-06-21 22:30:00,8,6,21,22,30,780,206,A13,,,Nuit avec éclairage non allumé,Hors agglomération,Hors intersection,Normale,Sans collision,,,,,,,,,,,4,1,1,1,7
200800034866,0008-06-20 22:54:00,8,6,20,22,54,780,206,A13,,,Nuit sans éclairage public,Hors agglomération,Hors intersection,Normale,Deux véhicules - arrière,,,,,,,,,,,3,1,1,1,2
200800034867,0008-06-25 17:05:00,8,6,25,17,5,920,50,A14,,,Nuit avec éclairage allumé,Hors agglomération,Hors intersection,Normale,Trois véhicules et plus - en chaîne,,,,,,,,,,,5,1,1,1,4
200800034868,0008-06-26 16:50:00,8,6,26,16,50,780,640,A86 EXT,,,Plein jour,Hors agglomération,Hors intersection,Normale,Trois véhicules et plus - collisions multiples,,,,,,,,,,,1,1,1,1,5
200800034869,0008-06-27 11:40:00,8,6,27,11,40,780,90,A13,,,Plein jour,Hors agglomération,Hors intersection,Normale,Sans collision,,,,,,,,,,,1,1,1,1,7
200800034870,0008-06-27 14:00:00,8,6,27,14,0,780,418,A14,,,Plein jour,Hors agglomération,Hors intersection,Normale,Autre collision,,,,,,,,,,,1,1,1,1,6
200800034871,0008-06-30 08:23:00,8,6,30,8,23,920,64,A13,,,Plein jour,Hors agglomération,Hors intersection,Normale,Trois véhicules et plus - en chaîne,,,,,,,,,,,1,1,1,1,4
200800034872,0008-06-30 16:48:00,8,6,30,16,48,780,297,RN12,,,Plein jour,Hors agglomération,Hors intersection,Normale,Deux véhicules - arrière,,,,,,,,,,,1,1,1,1,2
200800034873,0008-06-30 19:00:00,8,6,30,19,0,920,62,RN1013,,,Plein jour,Hors agglomération,Autre intersection,Normale,Deux véhicules - côté,,,,,,,,,,,1,1,9,1,3
200800034874,0008-06-11 09:15:00,8,6,11,9,15,780,524,A13,,,Plein jour,Hors agglomération,Hors intersection,Normale,Deux véhicules - arrière,,,,,,,,,,,1,1,1,1,2
200800034875,0008-06-23 08:00:00,8,6,23,8,0,780,362,A13,,,Plein jour,Hors agglomération,Hors intersection,Normale,Deux véhicules - arrière,,,,,,,,,,,1,1,1,1,2
200800034876,0008-06-27 22:40:00,8,6,27,22,40,780,90,A13,,,Nuit sans éclairage public,Hors agglomération,Hors intersection,Normale,Sans collision,,,,,,,,,,,3,1,1,1,7
200800034877,0008-06-03 15:00:00,8,6,3,15,0,910,617,RN 104,,,Plein jour,Hors agglomération,Hors intersection,Normale,Autre collision,,,,,,,,,,,1,1,1,1,6
200800034878,0008-06-04 06:06:00,8,6,4,6,6,910,432,AUTOROUTE A6,,,Plein jour,Hors agglomération,Hors intersection,Normale,Autre collision,,,,,,,,,,,1,1,1,1,6
200800034879,0008-06-05 21:55:00,8,6,5,21,55,910,179,AUTOROUTE A6,,,Nuit avec éclairage non allumé,Hors agglomération,Hors intersection,Autre,Autre collision,,,,,,,,,,,4,1,1,9,6
200800034880,0008-06-05 22:48:00,8,6,5,22,48,940,3,AUTOROUTE A6A,,,Nuit avec éclairage allumé,Hors agglomération,Hors intersection,Normale,Deux véhicules - côté,,,,,,,,,,,5,1,1,1,3
200800034881,0008-06-06 14:15:00,8,6,6,14,15,940,65,AUTOROUTE A86,,,Plein jour,Hors agglomération,Hors intersection,Normale,Deux véhicules - arrière,,,,,,,,,,,1,1,1,1,2
200800034882,0008-06-06 20:00:00,8,6,6,20,0,920,2,AUTOROUTE A10,,,Plein jour,Hors agglomération,Hors intersection,Normale,Deux véhicules - arrière,,,,,,,,,,,1,1,1,1,2
200800034883,0008-06-07 00:30:00,8,6,7,0,30,910,340,AUTOROUTE A6,,,Nuit avec éclairage allumé,Hors agglomération,Hors intersection,Normale,Deux véhicules - arrière,,,,,,,,,,,5,1,1,1,2
200800034884,0008-06-07 03:15:00,8,6,7,3,15,910,659,AUTOROUTE A6,,,Nuit sans éclairage public,Hors agglomération,Hors intersection,Temps couvert,Trois véhicules et plus - collisions multiples,,,,,,,,,,,3,1,1,8,5
200800034885,0008-06-08 10:20:00,8,6,8,10,20,910,553,RN 104,,,Plein jour,Hors agglomération,Hors intersection,Normale,Deux véhicules - côté,,,,,,,,,,,1,1,1,1,3
200800034886,0008-06-08 16:50:00,8,6,8,16,50,940,34,AUTOROUTE A86,,,Plein jour,Hors agglomération,Hors intersection,Normale,Sans collision,,,,,,,,,,,1,1,1,1,7
200800034887,0008-06-09 06:50:00,8,6,9,6,50,910,477,RN 444,,,Plein jour,Hors agglomération,Hors intersection,Normale,Deux véhicules - côté,,,,,,,,,,,1,1,1,1,3
200800034888,0008-06-09 16:01:00,8,6,9,16,1,910,553,RN 104,,,Plein jour,Hors agglomération,Hors intersection,Normale,Autre collision,,,,,,,,,,,1,1,1,1,6
200800034889,0008-06-09 17:58:00,8,6,9,17,58,910,339,RN 104,,,Plein jour,Hors agglomération,Hors intersection,Normale,Trois véhicules et plus - en chaîne,,,,,,,,,,,1,1,1,1,4
200800034890,0008-06-11 14:05:00,8,6,11,14,5,940,34,AUTOROUTE A6B,,,Plein jour,Hors agglomération,Hors intersection,Normale,Sans collision,,,,,,,,,,,1,1,1,1,7
200800034891,0008-06-10 19:10:00,8,6,10,19,10,910,182,AUTOROUTE A6,,,Plein jour,Hors agglomération,Hors intersection,Normale,Deux véhicules - arrière,,,,,,,,,,,1,1,1,1,2
200800034892,0008-06-12 03:20:00,8,6,12,3,20,910,86,RN 104,,,Nuit sans éclairage public,Hors agglomération,Hors intersection,Normale,Deux véhicules - frontale,,,,,,,,,,,3,1,1,1,1
200800034893,0008-06-12 13:46:00,8,6,12,13,46,940,34,AUTOROUTE A6B,,,Plein jour,Hors agglomération,Autre intersection,Normale,Autre collision,,,,,,,,,,,1,1,9,1,6
200800034894,0008-06-12 22:15:00,8,6,12,22,15,910,689,AUTOROUTE A6,,,Nuit sans éclairage public,Hors agglomération,Hors intersection,Normale,Autre collision,,,,,,,,,,,3,1,1,1,6
200800034895,0008-06-13 08:10:00,8,6,13,8,10,910,161,AUTOROUTE A6,,,Plein jour,Hors agglomération,Hors intersection,Normale,Deux véhicules - arrière,,,,,,,,,,,1,1,1,1,2
200800034896,0008-06-13 09:30:00,8,6,13,9,30,910,689,AUTOROUTE A6,,,Plein jour,Hors agglomération,Hors intersection,Normale,Trois véhicules et plus - en chaîne,,,,,,,,,,,1,1,1,1,4
200800034897,0008-06-16 13:45:00,8,6,16,13,45,910,689,AUTOROUTE A6B,,,Plein jour,Hors agglomération,Hors intersection,Normale,Trois véhicules et plus - collisions multiples,,,,,,,,,,,1,1,1,1,5
200800034898,0008-06-17 08:00:00,8,6,17,8,0,940,37,AUTOROUTE A6A,,,Plein jour,Hors agglomération,Hors intersection,Normale,Sans collision,,,,,,,,,,,1,1,1,1,7
200800034899,0008-06-17 08:42:00,8,6,17,8,42,920,19,RN 385 INT,,,Plein jour,Hors agglomération,Hors intersection,Normale,Deux véhicules - côté,,,,,,,,,,,1,1,1,1,3
200800034900,0008-06-17 09:20:00,8,6,17,9,20,910,64,RN 118,,,Plein jour,Hors agglomération,Hors intersection,Normale,Deux véhicules - arrière,,,,,,,,,,,1,1,1,1,2
200800034901,0008-06-17 14:15:00,8,6,17,14,15,940,34,AUTOROUTE A86,,,Plein jour,Hors agglomération,Hors intersection,Normale,Trois véhicules et plus - en chaîne,,,,,,,,,,,1,1,1,1,4
200800034902,0008-06-18 07:55:00,8,6,18,7,55,940,76,AUTOROUTE A6A,,,Plein jour,Hors agglomération,Hors intersection,Normale,Trois véhicules et plus - en chaîne,,,,,,,,,,,1,1,1,1,4
200800034903,0008-06-19 13:30:00,8,6,19,13,30,910,689,AUTOROUTE A6B,,,Plein jour,Hors agglomération,Hors intersection,Normale,Autre collision,,,,,,,,,,,1,1,1,1,6
200800034904,0008-06-19 18:53:00,8,6,19,18,53,940,21,AUTOROUTE A6B,,,Plein jour,Hors agglomération,Hors intersection,Normale,Deux véhicules - arrière,,,,,,,,,,,1,1,1,1,2
200800034905,0008-06-20 09:15:00,8,6,20,9,15,940,34,AUTOROUTE A86,,,Plein jour,Hors agglomération,Hors intersection,Normale,Deux véhicules - arrière,,,,,,,,,,,1,1,1,1,2
200800034906,0008-06-20 15:25:00,8,6,20,15,25,910,174,RN 104,,,Plein jour,Hors agglomération,Hors intersection,Normale,Autre collision,,,,,,,,,,,1,1,1,1,6
200800034907,0008-06-21 06:00:00,8,6,21,6,0,910,136,AUTOROUTE A10,,,Crépuscule ou aube,Hors agglomération,Hors intersection,Normale,Autre collision,,,,,,,,,,,2,1,1,1,6
200800034908,0008-06-21 13:15:00,8,6,21,13,15,940,34,AUTOROUTE A86,,,Plein jour,Hors agglomération,Hors intersection,Normale,Trois véhicules et plus - en chaîne,,,,,,,,,,,1,1,1,1,4
200800034909,0008-06-22 03:00:00,8,6,22,3,0,770,251,AUTOROUTE A5A,,,Nuit sans éclairage public,Hors agglomération,Hors intersection,Normale,Deux véhicules - côté,,,,,,,,,,,3,1,1,1,3
200800034910,0008-06-22 04:10:00,8,6,22,4,10,910,471,RN 118,,,Nuit sans éclairage public,Hors agglomération,Hors intersection,Normale,Autre collision,,,,,,,,,,,3,1,1,1,6
200800034911,0008-06-23 23:10:00,8,6,23,23,10,910,661,RN 188 CHEVREUSE,,,Nuit sans éclairage public,Hors agglomération,Hors intersection,Normale,Sans collision,,,,,,,,,,,3,1,1,1,7
200800034912,0008-06-24 11:26:00,8,6,24,11,26,910,228,RN 104,,,Plein jour,Hors agglomération,Hors intersection,Normale,Deux véhicules - côté,,,,,,,,,,,1,1,1,1,3
200800034913,0008-06-24 16:25:00,8,6,24,16,25,910,86,RN 104,,,Plein jour,Hors agglomération,Hors intersection,Normale,Autre collision,,,,,,,,,,,1,1,1,1,6
200800034914,0008-06-25 07:15:00,8,6,25,7,15,940,34,AUTOROUTE A6A,,,Plein jour,Hors agglomération,Hors intersection,Normale,Trois véhicules et plus - collisions multiples,,,,,,,,,,,1,1,1,1,5
200800034915,0008-06-25 09:00:00,8,6,25,9,0,910,363,AUTOROUTE A10,,,Plein jour,Hors agglomération,Hors intersection,Normale,Deux véhicules - côté,,,,,,,,,,,1,1,1,1,3
200800034916,0008-06-25 19:00:00,8,6,25,19,0,910,661,AUTOROUTE A10,,,Plein jour,Hors agglomération,Hors intersection,Normale,Sans collision,,,,,,,,,,,1,1,1,1,7
200800034917,0008-06-26 02:17:00,8,6,26,2,17,940,38,AUTOROUTE A6B,,,Nuit avec éclairage allumé,Hors agglomération,Hors intersection,Normale,Deux véhicules - arrière,,,,,,,,,,,5,1,1,1,2
200800034918,0008-06-26 18:56:00,8,6,26,18,56,910,340,RN 104,,,Plein jour,Hors agglomération,Hors intersection,Normale,Deux véhicules - arrière,,,,,,,,,,,1,1,1,1,2
200800034919,0008-06-27 06:30:00,8,6,27,6,30,940,37,AUTOROUTE A6A,,,Plein jour,Hors agglomération,Hors intersection,Normale,Autre collision,,,,,,,,,,,1,1,1,1,6
200800034920,0008-06-28 19:55:00,8,6,28,19,55,940,76,AUTOROUTE A6B,,,Plein jour,Hors agglomération,Hors intersection,Normale,Deux véhicules - arrière,,,,,,,,,,,1,1,1,1,2
200800034921,0008-06-29 16:06:00,8,6,29,16,6,770,495,RN 105,,,Plein jour,Hors agglomération,Hors intersection,Normale,Autre collision,,,,,,,,,,,1,1,1,1,6
200800034922,0008-06-01 06:10:00,8,6,1,6,10,202,353,"sans, TOUTES RUES",,,Plein jour,En agglomération,Hors intersection,Normale,Autre collision,,,,,,,,,,,1,2,1,1,6
200800034923,0008-06-02 15:00:00,8,6,2,15,0,202,33,"SANS, TOGA",,,Plein jour,En agglomération,Giratoire,Normale,Deux véhicules - côté,,,,,,,,,,,1,2,6,1,3
200800034924,0008-06-05 14:15:00,8,6,5,14,15,202,33,"sans, PAOLI DU NR 21 AU",,,Plein jour,En agglomération,Hors intersection,Normale,Deux véhicules - côté,,,,,,,,,,,1,2,1,1,3
200800034925,0008-06-07 14:35:00,8,6,7,14,35,202,33,"sans, FRONT DE MER - ROU",,,Plein jour,En agglomération,Hors intersection,Normale,Deux véhicules - côté,,,,,,,,,,,1,2,1,1,3
200800034926,0008-06-07 17:30:00,8,6,7,17,30,202,33,"sans, FAVALE - COURS",,,Plein jour,En agglomération,Intersection en T,Normale,Deux véhicules - arrière,,,,,,,,,,,1,2,3,1,2
200800034927,0008-06-09 12:31:00,8,6,9,12,31,202,33,"sans, NOGUES",,,Plein jour,En agglomération,Hors intersection,Normale,Deux véhicules - arrière,,,,,,,,,,,1,2,1,1,2
200800034928,0008-06-09 16:49:00,8,6,9,16,49,202,33,"SANS, AGLIANI - CHEMIN D",,,Plein jour,En agglomération,Hors intersection,Normale,Trois véhicules et plus - en chaîne,,,,,,,,,,,1,2,1,1,4