accident_id,datetime,annee,mois,jour,heure,minute,departement,commune_insee,adresse,latitude,longitude,luminosite,agglomeration,intersection,meteo,collision,nb_vehicules,nb_usagers,nb_indemnes,nb_tues,nb_blesses_hosp,nb_blesses_legers,age_cond_1,age_cond_2,veh_type_cond_1,veh_type_cond_2,lum_code,agg_code,int_code,atm_code,col_code
200800035065,0008-06-16 15:10:00,8,6,16,15,10,690,288,A43   13.029 A 15.971,,,Plein jour,Hors agglomération,Hors intersection,Pluie forte,Autre collision,,,,,,,,,,,1,1,1,3,6
200800035066,0008-06-19 19:00:00,8,6,19,19,0,690,283,A46S   43.680 A 47.880,,,Plein jour,Hors agglomération,Hors intersection,Normale,Deux véhicules - côté,,,,,,,,,,,1,1,1,1,3
200800035067,0008-06-20 05:45:00,8,6,20,5,45,690,55,A6   435.100 A 437.840,,,Crépuscule ou aube,Hors agglomération,Hors intersection,Normale,Sans collision,,,,,,,,,,,2,1,1,1,7
200800035068,0008-06-20 14:40:00,8,6,20,14,40,690,290,A43   3.865 A 9.894,,,Plein jour,Hors agglomération,Hors intersection,Normale,Deux véhicules - côté,,,,,,,,,,,1,1,1,1,3
200800035069,0008-06-22 13:30:00,8,6,22,13,30,690,286,A46N   19.955 A 25.180,,,Plein jour,Hors agglomération,Hors intersection,Normale,Autre collision,,,,,,,,,,,1,1,1,1,6
200800035070,0008-06-23 10:00:00,8,6,23,10,0,690,29,A43   3.353 A 3.865,,,Plein jour,Hors agglomération,Hors intersection,Normale,Autre collision,,,,,,,,,,,1,1,1,1,6
200800035071,0008-06-23 17:50:00,8,6,23,17,50,690,33,A46N   17.210 A 18.490,,,Plein jour,Hors agglomération,Hors intersection,Normale,Sans collision,,,,,,,,,,,1,1,1,1,7
200800035072,0008-06-24 05:45:00,8,6,24,5,45,690,286,A46N   19.955 A 25.180,,,Plein jour,Hors agglomération,Hors intersection,Normale,Deux véhicules - arrière,,,,,,,,,,,1,1,1,1,2
200800035073,0008-06-26 22:35:00,8,6,26,22,35,690,286,A46N   19.955 A 25.180,,,Nuit sans éclairage public,Hors agglomération,Hors intersection,Normale,Deux véhicules - arrière,,,,,,,,,,,3,1,1,1,2
200800035074,0008-06-26 21:15:00,8,6,26,21,15,690,272,A46S   57.400 A 61.010,,,Plein jour,Hors agglomération,Hors intersection,Normale,Deux véhicules - arrière,,,,,,,,,,,1,1,1,1,2
200800035075,0008-06-27 13:00:00,8,6,27,13,0,690,116,A6   442.500 A 445.030,,,Plein jour,Hors agglomération,Hors intersection,Normale,Sans collision,,,,,,,,,,,1,1,1,1,7
200800035076,0008-06-28 12:10:00,8,6,28,12,10,690,204,A450   1.740 A 5.100,,,Plein jour,Hors agglomération,Hors intersection,Normale,Autre collision,,,,,,,,,,,1,1,1,1,6
200800035077,0008-06-28 14:00:00,8,6,28,14,0,690,266,A42   0.000 A 0.560,,,Plein jour,Hors agglomération,Hors intersection,Normale,Deux véhicules - arrière,,,,,,,,,,,1,1,1,1,2
200800035078,0008-06-30 16:50:00,8,6,30,16,50,690,271,RN346   38.000 A 38.960,,,Plein jour,Hors agglomération,Hors intersection,Normale,Deux véhicules - arrière,,,,,,,,,,,1,1,1,1,2
200800035079,0008-06-30 20:45:00,8,6,30,20,45,690,297,A47   0.000  A 1.657,,,Plein jour,Hors agglomération,Hors intersection,Normale,Deux véhicules - côté,,,,,,,,,,,1,1,1,1,3
200800035080,0008-06-02 17:15:00,8,6,2,17,15,690,389,"0, RUE LOUIS LOUCHEUR",,,Plein jour,En agglomération,Hors intersection,Normale,Autre collision,,,,,,,,,,,1,2,1,1,6
200800035081,0008-06-06 03:25:00,8,6,6,3,25,690,389,"7, RUE DE SAINT CYR",,,Nuit avec éclairage allumé,En agglomération,Hors intersection,Pluie légère,Autre collision,,,,,,,,,,,5,2,1,2,6
200800035082,0008-06-07 19:25:00,8,6,7,19,25,690,389,"19, QUAI JAYR",,,Plein jour,En agglomération,Hors intersection,Normale,Trois véhicules et plus - collisions multiples,,,,,,,,,,,1,2,1,1,5
200800035083,0008-06-08 19:12:00,8,6,8,19,12,690,389,BOULEVARD DE LA DUCHERE,,,Crépuscule ou aube,En agglomération,Intersection en T,Temps couvert,Deux véhicules - arrière,,,,,,,,,,,2,2,3,8,2
200800035084,0008-06-09 07:50:00,8,6,9,7,50,690,389,RUE DU 24 MARS 1852,,,Plein jour,En agglomération,Hors intersection,Normale,Autre collision,,,,,,,,,,,1,2,1,1,6
200800035085,0008-06-04 16:45:00,8,6,4,16,45,690,389,"08, RUE SAINT PIERRE DE",,,Plein jour,En agglomération,Hors intersection,Normale,Autre collision,,,,,,,,,,,1,2,1,1,6
200800035086,0008-06-03 11:50:00,8,6,3,11,50,690,389,"4, QUAI CHAUVEAU",,,Plein jour,En agglomération,Hors intersection,Normale,Autre collision,,,,,,,,,,,1,2,1,1,6
200800035087,0008-06-18 14:00:00,8,6,18,14,0,690,389,"89, RUE MARIETTON",,,Plein jour,En agglomération,Autre intersection,Normale,Deux véhicules - arrière,,,,,,,,,,,1,2,9,1,2
200800035088,0008-06-18 16:20:00,8,6,18,16,20,690,389,RUE GORGE DE LOUP,,,Plein jour,En agglomération,Autre intersection,Normale,Deux véhicules - côté,,,,,,,,,,,1,2,9,1,3
200800035089,0008-06-21 14:55:00,8,6,21,14,55,690,389,RUE ROGER SALENGRO,,,Plein jour,En agglomération,Hors intersection,Normale,Autre collision,,,,,,,,,,,1,2,1,1,6
200800035090,0008-06-21 08:30:00,8,6,21,8,30,690,389,"33, QUAI ARLOING",,,Plein jour,En agglomération,Hors intersection,Normale,Deux véhicules - côté,,,,,,,,,,,1,2,1,1,3
200800035091,0008-06-27 13:20:00,8,6,27,13,20,690,389,"0, PLACE DU PORT MOUTON",,,Plein jour,En agglomération,Hors intersection,Normale,Deux véhicules - côté,,,,,,,,,,,1,2,1,1,3
200800035092,0008-06-28 18:52:00,8,6,28,18,52,690,389,QUAI RAOUL CARRIE,,,Plein jour,En agglomération,Hors intersection,Normale,Deux véhicules - arrière,,,,,,,,,,,1,2,1,1,2
200800035093,0008-06-30 13:45:00,8,6,30,13,45,690,389,"7, RUE ROGER SALENGRO",,,Plein jour,En agglomération,Hors intersection,Normale,Deux véhicules - arrière,,,,,,,,,,,1,2,1,1,2
200800035094,0008-06-02 02:00:00,8,6,2,2,0,830,137,A50,,,Nuit avec éclairage allumé,Hors agglomération,Hors intersection,Pluie légère,Sans collision,,,,,,,,,,,5,1,1,2,7
200800035095,0008-06-02 18:05:00,8,6,2,18,5,830,144,A57,,,Plein jour,Hors agglomération,Hors intersection,Normale,Trois véhicules et plus - en chaîne,,,,,,,,,,,1,1,1,1,4
200800035096,0008-06-03 16:25:00,8,6,3,16,25,830,137,A57,,,Plein jour,Hors agglomération,Hors intersection,Normale,Deux véhicules - arrière,,,,,,,,,,,1,1,1,1,2
200800035097,0008-06-05 09:35:00,8,6,5,9,35,830,62,A570,,,Plein jour,Hors agglomération,Hors intersection,Normale,Trois véhicules et plus - en chaîne,,,,,,,,,,,1,1,1,1,4
200800035098,0008-06-06 08:45:00,8,6,6,8,45,830,137,A57,,,Plein jour,Hors agglomération,Hors intersection,Pluie légère,Trois véhicules et plus - en chaîne,,,,,,,,,,,1,1,1,2,4
200800035099,0008-06-09 12:50:00,8,6,9,12,50,830,90,A50,,,Plein jour,Hors agglomération,Hors intersection,Normale,Sans collision,,,,,,,,,,,1,1,1,1,7
200800035100,0008-06-11 20:52:00,8,6,11,20,52,830,137,A57,,,Plein jour,Hors agglomération,Hors intersection,Normale,Deux véhicules - arrière,,,,,,,,,,,1,1,1,1,2
200800035101,0008-06-15 19:26:00,8,6,15,19,26,830,144,A57,,,Plein jour,Hors agglomération,Hors intersection,Normale,Trois véhicules et plus - en chaîne,,,,,,,,,,,1,1,1,1,4
200800035102,0008-06-19 08:24:00,8,6,19,8,24,830,90,A50,,,Plein jour,Hors agglomération,Hors intersection,Normale,Deux véhicules - arrière,,,,,,,,,,,1,1,1,1,2
200800035103,0008-06-19 18:08:00,8,6,19,18,8,830,137,A57,,,Plein jour,Hors agglomération,Hors intersection,Normale,Deux véhicules - arrière,,,,,,,,,,,1,1,1,1,2
200800035104,0008-06-27 07:15:00,8,6,27,7,15,830,144,A57,,,Plein jour,Hors agglomération,Autre intersection,Normale,Deux véhicules - arrière,,,,,,,,,,,1,1,9,1,2
200800035105,0008-06-01 01:15:00,8,6,1,1,15,130,85,A50-Sens Aubagne vers To,,,Nuit sans éclairage public,Hors agglomération,Hors intersection,Normale,Autre collision,,,,,,,,,,,3,1,1,1,6
200800035106,0008-06-02 22:45:00,8,6,2,22,45,130,5,A501-Sens Pont de l' Eto,,,Nuit sans éclairage public,Hors agglomération,Hors intersection,Normale,Autre collision,,,,,,,,,,,3,1,1,1,6
200800035107,0008-06-03 14:36:00,8,6,3,14,36,130,215,A55-Sens Martigues vers,,,Plein jour,Hors agglomération,Hors intersection,Normale,Sans collision,,,,,,,,,,,1,1,1,1,7
200800035108,0008-06-03 22:22:00,8,6,3,22,22,130,81,A7-Sens Lyon vers Marsei,,,Nuit sans éclairage public,Hors agglomération,Hors intersection,Pluie légère,Sans collision,,,,,,,,,,,3,1,1,2,7
200800035109,0008-06-04 19:34:00,8,6,4,19,34,130,56,A55-Sens Martigues vers,,,Plein jour,Hors agglomération,Hors intersection,Normale,Deux véhicules - côté,,,,,,,,,,,1,1,1,1,3
200800035110,0008-06-05 10:25:00,8,6,5,10,25,130,215,A55-Sens Marseille vers,,,Plein jour,Hors agglomération,Hors intersection,Normale,Deux véhicules - côté,,,,,,,,,,,1,1,1,1,3
200800035111,0008-06-06 18:15:00,8,6,6,18,15,130,211,A50-Sens Marseille vers,,,Plein jour,Hors agglomération,Hors intersection,Normale,Trois véhicules et plus - en chaîne,,,,,,,,,,,1,1,1,1,4
200800035112,0008-06-07 20:20:00,8,6,7,20,20,130,19,A51-Sens Marseille vers,,,Crépuscule ou aube,Hors agglomération,Hors intersection,Normale,Deux véhicules - côté,,,,,,,,,,,2,1,1,1,3
200800035113,0008-06-08 06:45:00,8,6,8,6,45,130,214,A7-Sens Marseille vers L,,,Crépuscule ou aube,Hors agglomération,Hors intersection,Pluie légère,Autre collision,,,,,,,,,,,2,1,1,2,6
200800035114,0008-06-09 14:30:00,8,6,9,14,30,130,215,A7-Sens Lyon vers Marsei,,,Plein jour,Hors agglomération,Hors intersection,Normale,Deux véhicules - côté,,,,,,,,,,,1,1,1,1,3
200800035115,0008-06-09 17:45:00,8,6,9,17,45,130,55,A557-Liaison A7 Marseill,,,Plein jour,Hors agglomération,Hors intersection,Normale,Autre collision,,,,,,,,,,,1,1,1,1,6
200800035116,0008-06-10 11:10:00,8,6,10,11,10,130,85,A50-Sens Aubagne vers To,,,Plein jour,Hors agglomération,Hors intersection,Normale,Autre collision,,,,,,,,,,,1,1,1,1,6
200800035117,0008-06-11 17:55:00,8,6,11,17,55,130,211,A50-Sens Marseille vers,,,Plein jour,Hors agglomération,Hors intersection,Normale,Trois véhicules et plus - en chaîne,,,,,,,,,,,1,1,1,1,4
200800035118,0008-06-27 02:40:00,8,6,27,2,40,130,106,A7-Sens Lyon vers Marsei,,,Nuit sans éclairage public,Hors agglomération,Hors intersection,Pluie forte,Deux véhicules - arrière,,,,,,,,,,,3,1,1,3,2
200800035119,0008-06-13 07:39:00,8,6,13,7,39,130,215,A7-Sens Lyon vers Marsei,,,Crépuscule ou aube,Hors agglomération,Hors intersection,Normale,Deux véhicules - arrière,,,,,,,,,,,2,1,1,1,2
200800035120,0008-06-13 08:33:00,8,6,13,8,33,130,1,A51-Sens Aix en Provence,,,Plein jour,Hors agglomération,Hors intersection,Normale,Autre collision,,,,,,,,,,,1,1,1,1,6
200800035121,0008-06-13 09:20:00,8,6,13,9,20,130,211,A50-Sens Aubagne vers Ma,,,Plein jour,Hors agglomération,Hors intersection,Normale,Deux véhicules - côté,,,,,,,,,,,1,1,1,1,3
200800035122,0008-06-14 00:50:00,8,6,14,0,50,130,117,A7-Sens Lyon vers Marsei,,,Nuit sans éclairage public,Hors agglomération,Hors intersection,Normale,Autre collision,,,,,,,,,,,3,1,1,1,6
200800035123,0008-06-14 20:05:00,8,6,14,20,5,130,85,A50-Sens Toulon vers Aub,,,Plein jour,Hors agglomération,Intersection en T,Normale,Deux véhicules - arrière,,,,,,,,,,,1,1,3,1,2
200800035124,0008-06-15 00:40:00,8,6,15,0,40,130,5,A50-Sens Marseille vers,,,Nuit sans éclairage public,Hors agglomération,Hors intersection,Normale,Sans collision,,,,,,,,,,,3,1,1,1,7
200800035125,0008-06-15 23:10:00,8,6,15,23,10,130,71,A7-Sens Lyon vers Marsei,,,Nuit sans éclairage public,Hors agglomération,Hors intersection,Normale,Autre collision,,,,,,,,,,,3,1,1,1,6
200800035126,0008-06-16 15:10:00,8,6,16,15,10,130,117,A7-Sens Lyon vers Marsei,,,Plein jour,Hors agglomération,Hors intersection,Normale,Autre collision,,,,,,,,,,,1,1,1,1,6
200800035127,0008-06-17 12:15:00,8,6,17,12,15,130,56,A55-Sens Martigues vers,,,Plein jour,Hors agglomération,Hors intersection,Normale,Autre collision,,,,,,,,,,,1,1,1,1,6
200800035128,0008-06-17 12:50:00,8,6,17,12,50,130,5,A50 - Sens Aubagne vers,,,Plein jour,Hors agglomération,Hors intersection,Temps couvert,Sans collision,,,,,,,,,,,1,1,1,8,7
200800035129,0008-06-19 00:10:00,8,6,19,0,10,130,117,A7-Sens Marseille vers L,,,Nuit sans éclairage public,Hors agglomération,Hors intersection,Normale,Deux véhicules - côté,,,,,,,,,,,3,1,1,1,3
200800035130,0008-06-19 17:25:00,8,6,19,17,25,130,19,A51-Sens Marseille vers,,,Plein jour,Hors agglomération,Hors intersection,Normale,Trois véhicules et plus - en chaîne,,,,,,,,,,,1,1,1,1,4
200800035131,0008-06-21 16:30:00,8,6,21,16,30,130,19,A51-Sens Aix en Provence,,,Plein jour,Hors agglomération,Hors intersection,Normale,Autre collision,,,,,,,,,,,1,1,1,1,6
200800035132,0008-06-21 20:06:00,8,6,21,20,6,130,215,A7-Sens Lyon vers Marsei,,,Plein jour,Hors agglomération,Hors intersection,Normale,Deux véhicules - côté,,,,,,,,,,,1,1,1,1,3
200800035133,0008-06-22 05:40:00,8,6,22,5,40,130,5,A50-Sens Marseille vers,,,Crépuscule ou aube,Hors agglomération,Hors intersection,Normale,Autre collision,,,,,,,,,,,2,1,1,1,6
200800035134,0008-06-22 18:30:00,8,6,22,18,30,130,214,A7-Sens Lyon vers Marsei,,,Plein jour,Hors agglomération,Hors intersection,Normale,Trois véhicules et plus - en chaîne,,,,,,,,,,,1,1,1,1,4
200800035135,0008-06-23 13:50:00,8,6,23,13,50,130,202,TVPCD-Sens Les Ports ver,,,Plein jour,Hors agglomération,Hors intersection,Normale,Deux véhicules - arrière,,,,,,,,,,,1,1,1,1,2
200800035136,0008-06-23 15:30:00,8,6,23,15,30,130,28,A50-Sens Toulon vers Aub,,,Plein jour,Hors agglomération,Hors intersection,Normale,Sans collision,,,,,,,,,,,1,1,1,1,7
200800035137,0008-06-20 11:00:00,8,6,20,11,0,130,71,A7-Sens Marseille vers L,,,Plein jour,Hors agglomération,Hors intersection,Pluie légère,Trois véhicules et plus - en chaîne,,,,,,,,,,,1,1,1,2,4
200800035138,0008-06-20 14:45:00,8,6,20,14,45,130,117,A7-Sens Lyon vers Marsei,,,Plein jour,Hors agglomération,Hors intersection,Normale,Sans collision,,,,,,,,,,,1,1,1,1,7
200800035139,0008-06-21 04:54:00,8,6,21,4,54,130,81,A7-Sens Marseille vers L,,,Nuit sans éclairage public,Hors agglomération,Hors intersection,Normale,Deux véhicules - arrière,,,,,,,,,,,3,1,1,1,2
200800035140,0008-06-24 17:00:00,8,6,24,17,0,130,202,TVPCM-Sens Saint Victor,,,Plein jour,Hors agglomération,Hors intersection,Normale,Trois véhicules et plus - en chaîne,,,,,,,,,,,1,1,1,1,4
200800035141,0008-06-25 07:20:00,8,6,25,7,20,130,5,A50-Sens Marseille vers,,,Plein jour,Hors agglomération,Hors intersection,Normale,Deux véhicules - arrière,,,,,,,,,,,1,1,1,1,2
200800035142,0008-06-25 11:58:00,8,6,25,11,58,130,1,A51-Sens Aix en Provence,,,Plein jour,Hors agglomération,Autre intersection,Normale,Autre collision,,,,,,,,,,,1,1,9,1,6
200800035143,0008-06-25 12:40:00,8,6,25,12,40,130,1,A51-Sens Aix en Provence,,,Plein jour,Hors agglomération,Hors intersection,Normale,Deux véhicules - frontale,,,,,,,,,,,1,1,1,1,1
200800035144,0008-06-25 18:30:00,8,6,25,18,30,130,71,A7-Sens Marseille vers L,,,Plein jour,Hors agglomération,Hors intersection,Normale,Trois véhicules et plus - en chaîne,,,,,,,,,,,1,1,1,1,4
200800035145,0008-06-26 06:15:00,8,6,26,6,15,130,214,A7-Sens Marseille vers L,,,Crépuscule ou aube,Hors agglomération,Hors intersection,Normale,Autre collision,,,,,,,,,,,2,1,1,1,6
200800035146,0008-06-26 14:19:00,8,6,26,14,19,130,203,A7-Sens Lyon vers Marsei,,,Plein jour,Hors agglomération,Hors intersection,Normale,Deux véhicules - arrière,,,,,,,,,,,1,1,1,1,2
200800035147,0008-06-27 17:59:00,8,6,27,17,59,130,26,A55-Sens Marseille vers,,,Plein jour,Hors agglomération,Hors intersection,Normale,Sans collision,,,,,,,,,,,1,1,1,1,7
200800035148,0008-06-28 10:10:00,8,6,28,10,10,130,215,A55-Sens Marseille vers,,,Plein jour,Hors agglomération,Autre intersection,Normale,Deux véhicules - côté,,,,,,,,,,,1,1,9,1,3
200800035149,0008-06-29 04:29:00,8,6,29,4,29,130,5,A50 - Sens Aubagne vers,,,Nuit sans éclairage public,Hors agglomération,Hors intersection,Normale,Autre collision,,,,,,,,,,,3,1,1,1,6
200800035150,0008-06-29 10:45:00,8,6,29,10,45,130,33,A55-Sens Marseille vers,,,Plein jour,Hors agglomération,Hors intersection,Normale,Trois véhicules et plus - en chaîne,,,,,,,,,,,1,1,1,1,4
200800035151,0008-06-30 10:20:00,8,6,30,10,20,130,56,A55-Sens Marseille vers,,,Plein jour,Hors agglomération,Hors intersection,Normale,Sans collision,,,,,,,,,,,1,1,1,1,7
200800035152,0008-06-24 06:05:00,8,6,24,6,5,750,101,"162, RUE DE RIVOLI",,,Plein jour,En agglomération,Intersection en X,Normale,Deux véhicules - arrière,,,,,,,,,,,1,2,2,1,2
200800035153,0008-06-01 03:30:00,8,6,1,3,30,750,101,RUE SAINT HONORE,,,Nuit avec éclairage allumé,En agglomération,Intersection en X,Normale,Deux véhicules - côté,,,,,,,,,,,5,2,2,1,3
200800035154,0008-06-02 15:30:00,8,6,2,15,30,750,101,"256, RUE DE RIVOLI",,,Plein jour,En agglomération,Intersection en X,Pluie légère,Deux véhicules - arrière,,,,,,,,,,,1,2,2,2,2
200800035155,0008-06-03 06:45:00,8,6,3,6,45,750,101,VOIE GEORGES POMPIDOU,,,Plein jour,En agglomération,Hors intersection,Normale,Deux véhicules - arrière,,,,,,,,,,,1,2,1,1,2
200800035156,0008-06-11 07:00:00,8,6,11,7,0,750,101,RUE DE L AMIRAL DE COLIG,,,Plein jour,En agglomération,Hors intersection,Normale,Autre collision,,,,,,,,,,,1,2,1,1,6
200800035157,0008-06-11 11:47:00,8,6,11,11,47,750,101,RUE DE RIVOLI,,,Plein jour,En agglomération,Hors intersection,Normale,Autre collision,,,,,,,,,,,1,2,1,1,6
200800035158,0008-06-16 16:25:00,8,6,16,16,25,750,101,PLACE DU MARCHE SAINT HO,,,Plein jour,En agglomération,Intersection en X,Pluie légère,Sans collision,,,,,,,,,,,1,2,2,2,7
200800035159,0008-06-16 19:00:00,8,6,16,19,0,750,101,"234, RUE DE RIVOLI",,,Plein jour,En agglomération,Hors intersection,Normale,Autre collision,,,,,,,,,,,1,2,1,1,6
200800035160,0008-06-20 12:45:00,8,6,20,12,45,750,101,RUE DE L AMIRAL DE COLIG,,,Plein jour,En agglomération,Intersection en X,Normale,Deux véhicules - côté,,,,,,,,,,,1,2,2,1,3
200800035161,0008-06-21 16:10:00,8,6,21,16,10,750,101,"156, RUE DE RIVOLI",,,Plein jour,En agglomération,Hors intersection,Normale,Deux véhicules - côté,,,,,,,,,,,1,2,1,1,3
200800035162,0008-06-21 16:29:00,8,6,21,16,29,750,101,VOIE GEORGES POMPIDOU,,,Plein jour,En agglomération,Hors intersection,Normale,Trois véhicules et plus - en chaîne,,,,,,,,,,,1,2,1,1,4
200800035163,0008-06-25 15:45:00,8,6,25,15,45,750,108,QUAI DES TUILERIES,,,Plein jour,En agglomération,Intersection en X,Normale,Deux véhicules - côté,,,,,,,,,,,1,2,2,1,3
200800035164,0008-06-25 19:00:00,8,6,25,19,0,750,101,PONT AU CHANGE,,,Plein jour,En agglomération,Intersection en X,Normale,Autre collision,,,,,,,,,,,1,2,2,1,6
200800035165,0008-06-27 16:30:00,8,6,27,16,30,750,101,RUE DE RICHELIEU,,,Plein jour,En agglomération,Intersection en X,Normale,Autre collision,,,,,,,,,,,1,2,2,1,6
200800035166,0008-06-29 06:53:00,8,6,29,6,53,750,101,"172, RUE DE RIVOLI",,,Plein jour,En agglomération,Intersection en X,Normale,Deux véhicules - arrière,,,,,,,,,,,1,2,2,1,2
200800035167,0008-06-30 04:15:00,8,6,30,4,15,750,101,QUAI DES TUILERIES,,,Nuit avec éclairage allumé,En agglomération,Hors intersection,Normale,Autre collision,,,,,,,,,,,5,2,1,1,6
200800035168,0008-06-30 19:42:00,8,6,30,19,42,750,104,SOUTERRAIN BERGER EST,,,Nuit avec éclairage allumé,En agglomération,Hors intersection,Normale,Deux véhicules - arrière,,,,,,,,,,,5,2,1,1,2
200800035169,0008-06-01 16:00:00,8,6,1,16,0,750,102,"141, BOULEVARD DE SEBAST",,,Plein jour,En agglomération,Intersection en X,Temps couvert,Deux véhicules - côté,,,,,,,,,,,1,2,2,8,3
200800035170,0008-06-02 04:00:00,8,6,2,4,0,750,102,"123, RUE MONTMARTRE",,,Nuit avec éclairage non allumé,En agglomération,Hors intersection,Pluie légère,Autre collision,,,,,,,,,,,4,2,1,2,6
200800035171,0008-06-03 21:05:00,8,6,3,21,5,750,102,"4, PLACE DE L OPERA",,,Crépuscule ou aube,En agglomération,Intersection à plus de 4 branches,Temps couvert,Autre collision,,,,,,,,,,,2,2,5,8,6
200800035172,0008-06-05 15:25:00,8,6,5,15,25,750,102,"41, AVENUE DE L OPERA",,,Plein jour,En agglomération,Intersection en X,Normale,Deux véhicules - côté,,,,,,,,,,,1,2,2,1,3
200800035173,0008-06-09 12:25:00,8,6,9,12,25,750,103,"9, BOULEVARD SAINT DENIS",,,Plein jour,En agglomération,Intersection en X,Normale,Sans collision,,,,,,,,,,,1,2,2,1,7
200800035174,0008-06-10 11:50:00,8,6,10,11,50,750,102,"146, RUE MONTMARTRE",,,Plein jour,En agglomération,Intersection en T,Normale,Autre collision,,,,,,,,,,,1,2,3,1,6
200800035175,0008-06-10 23:30:00,8,6,10,23,30,750,102,"31, BOULEVARD DE BONNE N",,,Nuit avec éclairage allumé,En agglomération,Hors intersection,Normale,Deux véhicules - arrière,,,,,,,,,,,5,2,1,1,2
200800035176,0008-06-13 21:20:00,8,6,13,21,20,750,102,RUE DE RICHELIEU,,,Crépuscule ou aube,En agglomération,Intersection en X,Normale,Deux véhicules - côté,,,,,,,,,,,2,2,2,1,3
200800035177,0008-06-23 10:50:00,8,6,23,10,50,750,102,"17, PLACE DE LA BOURSE",,,Plein jour,En agglomération,Intersection en X,Normale,Trois véhicules et plus - en chaîne,,,,,,,,,,,1,2,2,1,4
200800035178,0008-06-26 18:10:00,8,6,26,18,10,750,103,"04, RUE VAUCANSON",,,Plein jour,En agglomération,Hors intersection,Normale,Autre collision,,,,,,,,,,,1,2,1,1,6
200800035179,0008-06-30 18:45:00,8,6,30,18,45,750,102,"01, BOULEVARD POISSONNIE",,,Plein jour,En agglomération,Intersection en X,Normale,Sans collision,,,,,,,,,,,1,2,2,1,7
200800035180,0008-06-30 22:40:00,8,6,30,22,40,750,102,RUE REAUMUR,,,Nuit avec éclairage allumé,En agglomération,Intersection en X,Normale,Deux véhicules - côté,,,,,,,,,,,5,2,2,1,3
200800035181,0008-06-01 12:10:00,8,6,1,12,10,750,103,"68, RUE DE TURENNE",,,Plein jour,En agglomération,Intersection en X,Temps éblouissant,Autre collision,,,,,,,,,,,1,2,2,7,6
200800035182,0008-06-03 09:50:00,8,6,3,9,50,750,103,"174, RUE DU TEMPLE",,,Plein jour,En agglomération,Hors intersection,Temps couvert,Autre collision,,,,,,,,,,,1,2,1,8,6
200800035183,0008-06-13 19:15:00,8,6,13,19,15,750,103,"31, BOULEVARD SAINT MART",,,Plein jour,En agglomération,Intersection en X,Normale,Deux véhicules - côté,,,,,,,,,,,1,2,2,1,3
200800035184,0008-06-13 23:10:00,8,6,13,23,10,750,103,"67, RUE DE TURBIGO",,,Nuit avec éclairage allumé,En agglomération,Intersection en X,Normale,Deux véhicules - côté,,,,,,,,,,,5,2,2,1,3
200800035185,0008-06-14 00:35:00,8,6,14,0,35,750,103,"91, BOULEVARD BEAUMARCHA",,,Nuit avec éclairage allumé,En agglomération,Intersection en X,Normale,Deux véhicules - côté,,,,,,,,,,,5,2,2,1,3
200800035186,0008-06-18 17:15:00,8,6,18,17,15,750,103,"02, RUE AUX OURS",,,Plein jour,En agglomération,Intersection en X,Normale,Autre collision,,,,,,,,,,,1,2,2,1,6
200800035187,0008-06-19 17:15:00,8,6,19,17,15,750,103,PLACE DE LA REPUBLIQUE,,,Plein jour,En agglomération,Giratoire,Temps couvert,Deux véhicules - côté,,,,,,,,,,,1,2,6,8,3
200800035188,0008-06-24 23:15:00,8,6,24,23,15,750,103,"20, RUE DES FRANCS BOURG",,,Nuit avec éclairage allumé,En agglomération,Intersection en X,Normale,Deux véhicules - côté,,,,,,,,,,,5,2,2,1,3
200800035189,0008-06-25 12:42:00,8,6,25,12,42,750,103,"55, RUE DE BRETAGNE",,,Plein jour,En agglomération,Intersection en T,Normale,Deux véhicules - arrière,,,,,,,,,,,1,2,3,1,2
200800035190,0008-06-26 17:00:00,8,6,26,17,0,750,103,"67, RUE DE TURBIGO",,,Plein jour,En agglomération,Intersection en X,Normale,Deux véhicules - côté,,,,,,,,,,,1,2,2,1,3
200800035191,0008-06-27 02:35:00,8,6,27,2,35,750,103,"19, RUE CHARLOT",,,Nuit avec éclairage allumé,En agglomération,Intersection en X,Normale,Deux véhicules - côté,,,,,,,,,,,5,2,2,1,3
200800035192,0008-06-27 11:45:00,8,6,27,11,45,750,103,"11, BOULEVARD SAINT DENI",,,Plein jour,En agglomération,Intersection en X,Normale,Sans collision,,,,,,,,,,,1,2,2,1,7
200800035193,0008-06-02 14:30:00,8,6,2,14,30,750,104,"19, RUE SAINT LOUIS EN L",,,Plein jour,En agglomération,Intersection en X,Normale,Autre collision,,,,,,,,,,,1,2,2,1,6
200800035194,0008-06-02 23:10:00,8,6,2,23,10,750,104,PONT DE SULLY,,,Nuit avec éclairage allumé,En agglomération,Hors intersection,Pluie légère,Autre collision,,,,,,,,,,,5,2,1,2,6
200800035195,0008-06-06 08:55:00,8,6,6,8,55,750,103,"16, RUE DES QUATRE FILS",,,Plein jour,En agglomération,Hors intersection,Normale,Deux véhicules - côté,,,,,,,,,,,1,2,1,1,3
200800035196,0008-06-07 15:40:00,8,6,7,15,40,750,104,"05, BOULEVARD BEAUMARCHA",,,Plein jour,En agglomération,Hors intersection,Normale,Trois véhicules et plus - collisions multiples,,,,,,,,,,,1,2,1,1,5