accident_id,datetime,annee,mois,jour,heure,minute,departement,commune_insee,adresse,latitude,longitude,luminosite,agglomeration,intersection,meteo,collision,nb_vehicules,nb_usagers,nb_indemnes,nb_tues,nb_blesses_hosp,nb_blesses_legers,age_cond_1,age_cond_2,veh_type_cond_1,veh_type_cond_2,lum_code,agg_code,int_code,atm_code,col_code
200800035332,0008-06-24 11:40:00,8,6,24,11,40,750,109,"29, RUE DE CHATEAUDUN",,,Plein jour,En agglomération,Intersection en X,Normale,Deux véhicules - côté,,,,,,,,,,,1,2,2,1,3
200800035333,0008-06-24 13:35:00,8,6,24,13,35,750,109,"113, RUE DE PROVENCE",,,Plein jour,En agglomération,Intersection en X,Normale,Deux véhicules - arrière,,,,,,,,,,,1,2,2,1,2
200800035334,0008-06-25 08:40:00,8,6,25,8,40,750,109,"92, RUE SAINT LAZARE",,,Plein jour,En agglomération,Hors intersection,Normale,Autre collision,,,,,,,,,,,1,2,1,1,6
200800035335,0008-06-25 12:20:00,8,6,25,12,20,750,109,"62, RUE LA FAYETTE",,,Plein jour,En agglomération,Intersection en X,Normale,Autre collision,,,,,,,,,,,1,2,2,1,6
200800035336,0008-06-25 16:15:00,8,6,25,16,15,750,109,"66, RUE DU FAUBOURG MONT",,,Plein jour,En agglomération,Hors intersection,Normale,Autre collision,,,,,,,,,,,1,2,1,1,6
200800035337,0008-06-25 16:00:00,8,6,25,16,0,750,109,"80, RUE LA FAYETTE",,,Plein jour,En agglomération,Intersection en T,Normale,Deux véhicules - côté,,,,,,,,,,,1,2,3,1,3
200800035338,0008-06-25 17:25:00,8,6,25,17,25,750,109,"104, RUE SAINT LAZARE",,,Plein jour,En agglomération,Intersection en X,Normale,Autre collision,,,,,,,,,,,1,2,2,1,6
200800035339,0008-06-26 09:25:00,8,6,26,9,25,750,109,"2, PLACE ADRIEN OUDIN",,,Plein jour,En agglomération,Place,Normale,Autre collision,,,,,,,,,,,1,2,7,1,6
200800035340,0008-06-26 14:30:00,8,6,26,14,30,750,109,"12, RUE DE MOGADOR",,,Plein jour,En agglomération,Intersection en X,Normale,Deux véhicules - frontale,,,,,,,,,,,1,2,2,1,1
200800035341,0008-06-27 03:10:00,8,6,27,3,10,750,109,"33, BOULEVARD DE CLICHY",,,Nuit avec éclairage allumé,En agglomération,Hors intersection,Normale,Autre collision,,,,,,,,,,,5,2,1,1,6
200800035342,0008-06-27 21:15:00,8,6,27,21,15,750,109,"2, RUE HALEVY",,,Plein jour,En agglomération,Intersection en X,Normale,Autre collision,,,,,,,,,,,1,2,2,1,6
200800035343,0008-06-30 11:50:00,8,6,30,11,50,750,109,RUE DE MAUBEUGE,,,Plein jour,En agglomération,Hors intersection,Normale,Trois véhicules et plus - collisions multiples,,,,,,,,,,,1,2,1,1,5
200800035344,0008-06-01 03:45:00,8,6,1,3,45,750,110,"71, BOULEVARD DE MAGENTA",,,Nuit avec éclairage allumé,En agglomération,Hors intersection,Normale,Deux véhicules - arrière,,,,,,,,,,,5,2,1,1,2
200800035345,0008-06-01 12:40:00,8,6,1,12,40,750,110,"12, PLACE DE LA REPUBLIQ",,,Plein jour,En agglomération,Hors intersection,Normale,Trois véhicules et plus - en chaîne,,,,,,,,,,,1,2,1,1,4
200800035346,0008-06-01 17:45:00,8,6,1,17,45,750,110,"169, QUAI DE VALMY",,,Plein jour,En agglomération,Hors intersection,Normale,Deux véhicules - frontale,,,,,,,,,,,1,2,1,1,1
200800035347,0008-06-02 03:25:00,8,6,2,3,25,750,110,"163, BOULEVARD DE LA VIL",,,Nuit sans éclairage public,En agglomération,Hors intersection,Normale,Autre collision,,,,,,,,,,,3,2,1,1,6
200800035348,0008-06-02 08:05:00,8,6,2,8,5,750,110,PLACE DE LA REPUBLIQUE,,,Plein jour,En agglomération,Intersection à plus de 4 branches,Pluie légère,Deux véhicules - côté,,,,,,,,,,,1,2,5,2,3
200800035349,0008-06-03 06:50:00,8,6,3,6,50,750,110,"47, BOULEVARD DE LA CHAP",,,Plein jour,En agglomération,Hors intersection,Normale,Autre collision,,,,,,,,,,,1,2,1,1,6
200800035350,0008-06-05 22:33:00,8,6,5,22,33,750,110,"85, QUAI DE VALMY",,,Nuit avec éclairage allumé,En agglomération,Intersection en X,Normale,Autre collision,,,,,,,,,,,5,2,2,1,6
200800035351,0008-06-08 16:00:00,8,6,8,16,0,750,110,"25, AVENUE CLAUDE VELLEF",,,Plein jour,En agglomération,Intersection en X,Normale,Deux véhicules - côté,,,,,,,,,,,1,2,2,1,3
200800035352,0008-06-09 17:15:00,8,6,9,17,15,750,110,"101, BOULEVARD DE MAGENT",,,Plein jour,En agglomération,Hors intersection,Normale,Autre collision,,,,,,,,,,,1,2,1,1,6
200800035353,0008-06-09 20:00:00,8,6,9,20,0,750,110,RUE DU FAUBOURG SAINT DE,,,Plein jour,En agglomération,Intersection en X,Normale,Autre collision,,,,,,,,,,,1,2,2,1,6
200800035354,0008-06-11 02:23:00,8,6,11,2,23,750,110,"35, BOULEVARD DE LA VILL",,,Nuit avec éclairage allumé,En agglomération,Hors intersection,Normale,Deux véhicules - arrière,,,,,,,,,,,5,2,1,1,2
200800035355,0008-06-11 19:20:00,8,6,11,19,20,750,110,"66, BOULEVARD DE MAGENTA",,,Plein jour,En agglomération,Intersection en X,Normale,Deux véhicules - côté,,,,,,,,,,,1,2,2,1,3
200800035356,0008-06-12 17:15:00,8,6,12,17,15,750,110,"150, BOULEVARD DE MAGENT",,,Plein jour,En agglomération,Hors intersection,Normale,Autre collision,,,,,,,,,,,1,2,1,1,6
200800035357,0008-06-13 10:40:00,8,6,13,10,40,750,110,RUE DU FAUBOURG SAINT MA,,,Plein jour,En agglomération,Intersection en Y,Normale,Deux véhicules - côté,,,,,,,,,,,1,2,4,1,3
200800035358,0008-06-13 13:15:00,8,6,13,13,15,750,110,"200, RUE DU FAUBOURG SAI",,,Plein jour,En agglomération,Intersection en X,Normale,Deux véhicules - côté,,,,,,,,,,,1,2,2,1,3
200800035359,0008-06-13 13:45:00,8,6,13,13,45,750,110,BOULEVARD SAINT DENIS,,,Plein jour,En agglomération,Hors intersection,Normale,Autre collision,,,,,,,,,,,1,2,1,1,6
200800035360,0008-06-13 18:10:00,8,6,13,18,10,750,110,"116, RUE DE MAUBEUGE",,,Plein jour,En agglomération,Intersection en X,Normale,Deux véhicules - côté,,,,,,,,,,,1,2,2,1,3
200800035361,0008-06-14 00:40:00,8,6,14,0,40,750,110,"128, QUAI DE VALMY",,,Nuit avec éclairage allumé,En agglomération,Intersection en X,Normale,Sans collision,,,,,,,,,,,5,2,2,1,7
200800035362,0008-06-14 12:55:00,8,6,14,12,55,750,110,"154, BOULEVARD DE MAGENT",,,Plein jour,En agglomération,Hors intersection,Normale,Sans collision,,,,,,,,,,,1,2,1,1,7
200800035363,0008-06-15 01:43:00,8,6,15,1,43,750,110,BOULEVARD DE BONNE NOUVE,,,Nuit avec éclairage allumé,En agglomération,Hors intersection,Normale,Deux véhicules - arrière,,,,,,,,,,,5,2,1,1,2
200800035364,0008-06-16 09:55:00,8,6,16,9,55,750,110,"231, RUE DU FAUBOURG SAI",,,Plein jour,En agglomération,Hors intersection,Normale,Autre collision,,,,,,,,,,,1,2,1,1,6
200800035365,0008-06-16 12:20:00,8,6,16,12,20,750,110,"108, RUE LA FAYETTE",,,Plein jour,En agglomération,Intersection en Y,Normale,Deux véhicules - côté,,,,,,,,,,,1,2,4,1,3
200800035366,0008-06-16 17:55:00,8,6,16,17,55,750,110,"151, QUAI DE VALMY",,,Plein jour,En agglomération,Intersection en X,Normale,Autre collision,,,,,,,,,,,1,2,2,1,6
200800035367,0008-06-17 23:05:00,8,6,17,23,5,750,110,"53, BOULEVARD DE MAGENTA",,,Nuit avec éclairage allumé,En agglomération,Intersection en X,Normale,Autre collision,,,,,,,,,,,5,2,2,1,6
200800035368,0008-06-19 16:00:00,8,6,19,16,0,750,110,"14, BOULEVARD DE STRASBO",,,Plein jour,En agglomération,Intersection en X,Pluie légère,Sans collision,,,,,,,,,,,1,2,2,2,7
200800035369,0008-06-20 08:00:00,8,6,20,8,0,750,110,BOULEVARD DE LA CHAPELLE,,,Plein jour,En agglomération,Hors intersection,Normale,Sans collision,,,,,,,,,,,1,2,1,1,7
200800035370,0008-06-20 16:20:00,8,6,20,16,20,750,110,"86, BOULEVARD DE MAGENTA",,,Plein jour,En agglomération,Hors intersection,Normale,Deux véhicules - côté,,,,,,,,,,,1,2,1,1,3
200800035371,0008-06-21 20:05:00,8,6,21,20,5,750,110,BOULEVARD DE LA VILLETTE,,,Plein jour,En agglomération,Intersection en X,Normale,Autre collision,,,,,,,,,,,1,2,2,1,6
200800035372,0008-06-21 22:50:00,8,6,21,22,50,750,110,"59, BOULEVARD DE STRASBO",,,Nuit avec éclairage allumé,En agglomération,Hors intersection,Normale,Deux véhicules - côté,,,,,,,,,,,5,2,1,1,3
200800035373,0008-06-22 20:20:00,8,6,22,20,20,750,110,"150, RUE LA FAYETTE",,,Plein jour,En agglomération,Intersection en X,Normale,Deux véhicules - côté,,,,,,,,,,,1,2,2,1,3
200800035374,0008-06-24 16:00:00,8,6,24,16,0,750,110,"31, RUE DES PETITES ECUR",,,Plein jour,En agglomération,Hors intersection,Normale,Deux véhicules - frontale,,,,,,,,,,,1,2,1,1,1
200800035375,0008-06-24 20:55:00,8,6,24,20,55,750,110,"135, BOULEVARD DE LA VIL",,,Plein jour,En agglomération,Hors intersection,Normale,Autre collision,,,,,,,,,,,1,2,1,1,6
200800035376,0008-06-26 20:50:00,8,6,26,20,50,750,110,"108, RUE DU FAUBOURG SAI",,,Plein jour,En agglomération,Hors intersection,Normale,Autre collision,,,,,,,,,,,1,2,1,1,6
200800035377,0008-06-27 10:50:00,8,6,27,10,50,750,110,"221, RUE LA FAYETTE",,,Plein jour,En agglomération,Hors intersection,Normale,Autre collision,,,,,,,,,,,1,2,1,1,6
200800035378,0008-06-29 15:00:00,8,6,29,15,0,750,110,"35, BOULEVARD DE MAGENTA",,,Plein jour,En agglomération,Intersection en X,Normale,Deux véhicules - côté,,,,,,,,,,,1,2,2,1,3
200800035379,0008-06-30 09:15:00,8,6,30,9,15,750,110,"169, RUE LA FAYETTE",,,Plein jour,En agglomération,Hors intersection,Normale,Autre collision,,,,,,,,,,,1,2,1,1,6
200800035380,0008-06-03 16:10:00,8,6,3,16,10,750,111,"171, RUE DE CHARONNE",,,Plein jour,En agglomération,Intersection en X,Normale,Deux véhicules - côté,,,,,,,,,,,1,2,2,1,3
200800035381,0008-06-04 19:40:00,8,6,4,19,40,750,111,"70, AVENUE DE LA REPUBLI",,,Plein jour,En agglomération,Intersection en X,Normale,Deux véhicules - côté,,,,,,,,,,,1,2,2,1,3
200800035382,0008-06-05 09:00:00,8,6,5,9,0,750,111,"242, BOULEVARD VOLTAIRE",,,Plein jour,En agglomération,Hors intersection,Temps couvert,Autre collision,,,,,,,,,,,1,2,1,8,6
200800035383,0008-06-05 09:55:00,8,6,5,9,55,750,111,"215, RUE DU FAUBOURG SAI",,,Plein jour,En agglomération,Hors intersection,Normale,Autre collision,,,,,,,,,,,1,2,1,1,6
200800035384,0008-06-05 11:20:00,8,6,5,11,20,750,111,"127 bis, RUE DE LA ROQUE",,,Plein jour,En agglomération,Hors intersection,Normale,Autre collision,,,,,,,,,,,1,2,1,1,6
200800035385,0008-06-05 18:45:00,8,6,5,18,45,750,111,"32, AVENUE DE LA REPUBLI",,,Plein jour,En agglomération,Intersection en Y,Normale,Deux véhicules - côté,,,,,,,,,,,1,2,4,1,3
200800035386,0008-06-06 13:40:00,8,6,6,13,40,750,111,AVENUE PHILIPPE AUGUSTE,,,Plein jour,En agglomération,Intersection en X,Normale,Deux véhicules - côté,,,,,,,,,,,1,2,2,1,3
200800035387,0008-06-06 16:15:00,8,6,6,16,15,750,111,"10, PLACE LEON BLUM",,,Plein jour,En agglomération,Hors intersection,Normale,Autre collision,,,,,,,,,,,1,2,1,1,6
200800035388,0008-06-09 19:30:00,8,6,9,19,30,750,111,"2, AVENUE PARMENTIER",,,Plein jour,En agglomération,Hors intersection,Normale,Deux véhicules - côté,,,,,,,,,,,1,2,1,1,3
200800035389,0008-06-10 10:20:00,8,6,10,10,20,750,111,AVENUE DE LA REPUBLIQUE,,,Plein jour,En agglomération,Intersection en X,Normale,Autre collision,,,,,,,,,,,1,2,2,1,6
200800035390,0008-06-11 10:45:00,8,6,11,10,45,750,111,"43, AVENUE PHILIPPE AUGU",,,Plein jour,En agglomération,Intersection en T,Normale,Autre collision,,,,,,,,,,,1,2,3,1,6
200800035391,0008-06-13 19:10:00,8,6,13,19,10,750,111,"154, RUE DU CHEMIN VERT",,,Plein jour,En agglomération,Intersection en X,Normale,Deux véhicules - côté,,,,,,,,,,,1,2,2,1,3
200800035392,0008-06-10 22:45:00,8,6,10,22,45,750,111,"60, BOULEVARD BEAUMARCHA",,,Nuit avec éclairage allumé,En agglomération,Hors intersection,Normale,Deux véhicules - arrière,,,,,,,,,,,5,2,1,1,2
200800035393,0008-06-14 15:05:00,8,6,14,15,5,750,111,"174, BOULEVARD VOLTAIRE",,,Plein jour,En agglomération,Intersection en X,Normale,Deux véhicules - côté,,,,,,,,,,,1,2,2,1,3
200800035394,0008-06-15 02:20:00,8,6,15,2,20,750,111,"51, AVENUE PARMENTIER",,,Nuit avec éclairage allumé,En agglomération,Hors intersection,Normale,Sans collision,,,,,,,,,,,5,2,1,1,7
200800035395,0008-06-15 12:14:00,8,6,15,12,14,750,111,"70, AVENUE DE LA REPUBLI",,,Plein jour,En agglomération,Hors intersection,Normale,Autre collision,,,,,,,,,,,1,2,1,1,6
200800035396,0008-06-16 07:53:00,8,6,16,7,53,750,111,"10, AVENUE DE LA REPUBLI",,,Plein jour,En agglomération,Hors intersection,Normale,Autre collision,,,,,,,,,,,1,2,1,1,6
200800035397,0008-06-17 23:35:00,8,6,17,23,35,750,111,"43, RUE FAIDHERBE",,,Nuit avec éclairage allumé,En agglomération,Intersection en X,Normale,Sans collision,,,,,,,,,,,5,2,2,1,7
200800035398,0008-06-18 08:55:00,8,6,18,8,55,750,111,"119, AVENUE PHILIPPE AUG",,,Plein jour,En agglomération,Hors intersection,Normale,Deux véhicules - arrière,,,,,,,,,,,1,2,1,1,2
200800035399,0008-06-18 22:50:00,8,6,18,22,50,750,111,"110, RUE TROUSSEAU",,,Nuit avec éclairage allumé,En agglomération,Intersection en X,Normale,Deux véhicules - côté,,,,,,,,,,,5,2,2,1,3
200800035400,0008-06-19 10:50:00,8,6,19,10,50,750,111,"160, RUE SAINT MAUR",,,Plein jour,En agglomération,Intersection en X,Normale,Deux véhicules - côté,,,,,,,,,,,1,2,2,1,3
200800035401,0008-06-19 15:38:00,8,6,19,15,38,750,111,"10, PLACE DE LA REPUBLIQ",,,Plein jour,En agglomération,Hors intersection,Pluie légère,Deux véhicules - arrière,,,,,,,,,,,1,2,1,2,2
200800035402,0008-06-19 21:45:00,8,6,19,21,45,750,111,"05, RUE OBERKAMPF",,,Crépuscule ou aube,En agglomération,Hors intersection,Normale,Autre collision,,,,,,,,,,,2,2,1,1,6
200800035403,0008-06-21 00:45:00,8,6,21,0,45,750,111,"15, PLACE DE LA NATION",,,Nuit avec éclairage allumé,En agglomération,Intersection en X,Normale,Autre collision,,,,,,,,,,,5,2,2,1,6
200800035404,0008-06-22 01:10:00,8,6,22,1,10,750,111,"97, RUE DE CHARONNE",,,Nuit avec éclairage allumé,En agglomération,Hors intersection,Normale,Autre collision,,,,,,,,,,,5,2,1,1,6
200800035405,0008-06-22 16:55:00,8,6,22,16,55,750,111,"210, BOULEVARD VOLTAIRE",,,Plein jour,En agglomération,Hors intersection,Normale,Autre collision,,,,,,,,,,,1,2,1,1,6
200800035406,0008-06-23 10:00:00,8,6,23,10,0,750,110,"12, PLACE DE LA REPUBLIQ",,,Plein jour,En agglomération,Hors intersection,Normale,Trois véhicules et plus - collisions multiples,,,,,,,,,,,1,2,1,1,5
200800035407,0008-06-25 17:20:00,8,6,25,17,20,750,111,RUE DE LA ROQUETTE,,,Plein jour,En agglomération,Intersection en X,Normale,Trois véhicules et plus - collisions multiples,,,,,,,,,,,1,2,2,1,5
200800035408,0008-06-26 13:55:00,8,6,26,13,55,750,111,"10, RUE KELLER",,,Plein jour,En agglomération,Autre intersection,Normale,Autre collision,,,,,,,,,,,1,2,9,1,6
200800035409,0008-06-27 17:00:00,8,6,27,17,0,750,111,"13, AVENUE DE LA REPUBLI",,,Plein jour,En agglomération,Intersection en X,Normale,Deux véhicules - arrière,,,,,,,,,,,1,2,2,1,2
200800035410,0008-06-27 21:00:00,8,6,27,21,0,750,111,"301, RUE DU FAUBOURG SAI",,,Plein jour,En agglomération,Intersection en X,Normale,Autre collision,,,,,,,,,,,1,2,2,1,6
200800035411,0008-06-29 04:55:00,8,6,29,4,55,750,111,"56, AVENUE PARMENTIER",,,Nuit avec éclairage allumé,En agglomération,Intersection en T,Normale,Deux véhicules - côté,,,,,,,,,,,5,2,3,1,3
200800035412,0008-06-29 06:30:00,8,6,29,6,30,750,111,"134, RUE DE CHARONNE",,,Crépuscule ou aube,En agglomération,Hors intersection,Normale,Deux véhicules - arrière,,,,,,,,,,,2,2,1,1,2
200800035413,0008-06-04 08:05:00,8,6,4,8,5,750,112,"42, AVENUE DAUMESNIL",,,Plein jour,En agglomération,Hors intersection,Normale,Autre collision,,,,,,,,,,,1,2,1,1,6
200800035414,0008-06-01 12:20:00,8,6,1,12,20,750,112,"1, ROUTE DAUPHINE",,,Plein jour,En agglomération,Hors intersection,Normale,Sans collision,,,,,,,,,,,1,2,1,1,7
200800035415,0008-06-02 12:12:00,8,6,2,12,12,750,112,"6, RUE DE PRAGUE",,,Plein jour,En agglomération,Hors intersection,Normale,Deux véhicules - côté,,,,,,,,,,,1,2,1,1,3
200800035416,0008-06-02 11:05:00,8,6,2,11,5,750,112,"78, COURS DE VINCENNES",,,Plein jour,En agglomération,Hors intersection,Pluie légère,Deux véhicules - arrière,,,,,,,,,,,1,2,1,2,2
200800035417,0008-06-02 16:15:00,8,6,2,16,15,750,112,PLACE DE LA BASTILLE,,,Plein jour,En agglomération,Intersection à plus de 4 branches,Temps couvert,Autre collision,,,,,,,,,,,1,2,5,8,6
200800035418,0008-06-03 06:10:00,8,6,3,6,10,750,112,"/, QUAI DE LA RAPEE",,,Plein jour,En agglomération,Hors intersection,Normale,Autre collision,,,,,,,,,,,1,2,1,1,6
200800035419,0008-06-03 15:20:00,8,6,3,15,20,750,112,"103, RUE DE REUILLY",,,Plein jour,En agglomération,Intersection en X,Normale,Autre collision,,,,,,,,,,,1,2,2,1,6
200800035420,0008-06-03 19:35:00,8,6,3,19,35,750,112,RUE JOSEPH KESSEL,,,Plein jour,En agglomération,Hors intersection,Normale,Trois véhicules et plus - en chaîne,,,,,,,,,,,1,2,1,1,4
200800035421,0008-06-04 12:00:00,8,6,4,12,0,750,112,RUE DE PICPUS,,,Plein jour,En agglomération,Intersection en X,Normale,Deux véhicules - côté,,,,,,,,,,,1,2,2,1,3
200800035422,0008-06-04 16:50:00,8,6,4,16,50,750,112,AVENUE DE NOGENT,,,Plein jour,En agglomération,Intersection en X,Normale,Sans collision,,,,,,,,,,,1,2,2,1,7
200800035423,0008-06-05 19:10:00,8,6,5,19,10,750,112,"302, RUE DE CHARENTON",,,Plein jour,En agglomération,Hors intersection,Normale,Autre collision,,,,,,,,,,,1,2,1,1,6
200800035424,0008-06-05 22:45:00,8,6,5,22,45,750,112,AVENUE DAUMESNIL,,,Nuit avec éclairage allumé,En agglomération,Intersection en T,Normale,Deux véhicules - côté,,,,,,,,,,,5,2,3,1,3
200800035425,0008-06-06 00:50:00,8,6,6,0,50,750,112,"54, BOULEVARD DIDEROT",,,Nuit avec éclairage allumé,En agglomération,Intersection en T,Normale,Deux véhicules - arrière,,,,,,,,,,,5,2,3,1,2
200800035426,0008-06-06 04:20:00,8,6,6,4,20,750,112,"94, COURS DE VINCENNES",,,Nuit avec éclairage allumé,En agglomération,Intersection en X,Normale,Deux véhicules - arrière,,,,,,,,,,,5,2,2,1,2
200800035427,0008-06-07 06:25:00,8,6,7,6,25,750,112,"58, BOULEVARD DE PICPUS",,,Plein jour,En agglomération,Hors intersection,Normale,Autre collision,,,,,,,,,,,1,2,1,1,6
200800035428,0008-06-09 13:10:00,8,6,9,13,10,750,112,AVENUE DE GRAVELLE,,,Plein jour,En agglomération,Intersection en X,Normale,Deux véhicules - côté,,,,,,,,,,,1,2,2,1,3
200800035429,0008-06-09 17:00:00,8,6,9,17,0,750,112,"111, AVENUE DU GENERAL M",,,Plein jour,En agglomération,Hors intersection,Normale,Autre collision,,,,,,,,,,,1,2,1,1,6
200800035430,0008-06-10 12:15:00,8,6,10,12,15,750,112,"131, BOULEVARD DIDEROT",,,Plein jour,En agglomération,Intersection en X,Normale,Deux véhicules - côté,,,,,,,,,,,1,2,2,1,3
200800035431,0008-06-11 03:25:00,8,6,11,3,25,750,111,RUE DU FAUBOURG SAINT AN,,,Nuit avec éclairage allumé,En agglomération,Hors intersection,Normale,Autre collision,,,,,,,,,,,5,2,1,1,6
200800035432,0008-06-12 01:55:00,8,6,12,1,55,750,112,"210, RUE DU FAUBOURG SAI",,,Nuit avec éclairage allumé,En agglomération,Hors intersection,Normale,Sans collision,,,,,,,,,,,5,2,1,1,7
200800035433,0008-06-12 09:25:00,8,6,12,9,25,750,112,"121, BOULEVARD SOULT",,,Plein jour,En agglomération,Hors intersection,Normale,Deux véhicules - arrière,,,,,,,,,,,1,2,1,1,2
200800035434,0008-06-12 16:30:00,8,6,12,16,30,750,112,QUAI DE LA RAPEE,,,Plein jour,En agglomération,Hors intersection,Normale,Deux véhicules - arrière,,,,,,,,,,,1,2,1,1,2
200800035435,0008-06-13 01:20:00,8,6,13,1,20,750,112,PONT D AUSTERLITZ,,,Nuit avec éclairage allumé,En agglomération,Intersection en T,Normale,Deux véhicules - frontale,,,,,,,,,,,5,2,3,1,1
200800035436,0008-06-14 12:40:00,8,6,14,12,40,750,112,"48, BOULEVARD DE LA BAST",,,Plein jour,En agglomération,Hors intersection,Normale,Sans collision,,,,,,,,,,,1,2,1,1,7
200800035437,0008-06-15 01:10:00,8,6,15,1,10,750,112,QUAI DE BERCY,,,Nuit avec éclairage allumé,En agglomération,Hors intersection,Normale,Autre collision,,,,,,,,,,,5,2,1,1,6
200800035438,0008-06-16 12:25:00,8,6,16,12,25,750,112,BOULEVARD DE LA GUYANE,,,Plein jour,En agglomération,Hors intersection,Normale,Sans collision,,,,,,,,,,,1,2,1,1,7
200800035439,0008-06-16 17:45:00,8,6,16,17,45,750,112,BOULEVARD DE LA BASTILLE,,,Plein jour,En agglomération,Hors intersection,Normale,Autre collision,,,,,,,,,,,1,2,1,1,6
200800035440,0008-06-16 18:20:00,8,6,16,18,20,750,112,PLACE EDOUARD RENARD,,,Plein jour,En agglomération,Hors intersection,Normale,Autre collision,,,,,,,,,,,1,2,1,1,6
200800035441,0008-06-16 18:15:00,8,6,16,18,15,750,112,QUAI DE BERCY,,,Plein jour,En agglomération,Hors intersection,Normale,Deux véhicules - côté,,,,,,,,,,,1,2,1,1,3
200800035442,0008-06-17 18:10:00,8,6,17,18,10,750,112,AVENUE DAUMESNIL,,,Plein jour,En agglomération,Hors intersection,Normale,Autre collision,,,,,,,,,,,1,2,1,1,6
200800035443,0008-06-17 21:10:00,8,6,17,21,10,750,112,"43, BOULEVARD SOULT",,,Plein jour,En agglomération,Hors intersection,Normale,Sans collision,,,,,,,,,,,1,2,1,1,7
200800035444,0008-06-18 08:30:00,8,6,18,8,30,750,112,ROUTE DE CEINTURE DU LAC,,,Plein jour,En agglomération,Hors intersection,Normale,Sans collision,,,,,,,,,,,1,2,1,1,7
200800035445,0008-06-18 15:50:00,8,6,18,15,50,750,112,"111, BOULEVARD SOULT",,,Plein jour,En agglomération,Intersection en X,Normale,Autre collision,,,,,,,,,,,1,2,2,1,6
200800035446,0008-06-19 15:45:00,8,6,19,15,45,750,112,VOIE GEORGES POMPIDOU,,,Plein jour,En agglomération,Hors intersection,Pluie légère,Deux véhicules - arrière,,,,,,,,,,,1,2,1,2,2
200800035447,0008-06-20 07:30:00,8,6,20,7,30,750,112,"39, RUE JOSEPH KESSEL",,,Plein jour,En agglomération,Intersection en X,Normale,Autre collision,,,,,,,,,,,1,2,2,1,6
200800035448,0008-06-21 09:05:00,8,6,21,9,5,750,112,"22, COURS DE VINCENNES",,,Plein jour,En agglomération,Hors intersection,Normale,Autre collision,,,,,,,,,,,1,2,1,1,6
200800035449,0008-06-21 18:00:00,8,6,21,18,0,750,112,RUE DE REUILLY,,,Plein jour,En agglomération,Intersection en T,Normale,Autre collision,,,,,,,,,,,1,2,3,1,6
200800035450,0008-06-22 08:05:00,8,6,22,8,5,750,112,"103, RUE DE REUILLY",,,Plein jour,En agglomération,Hors intersection,Pluie légère,Autre collision,,,,,,,,,,,1,2,1,2,6
200800035451,0008-06-23 04:10:00,8,6,23,4,10,750,112,"34, RUE LOUIS BRAILLE",,,Nuit avec éclairage allumé,En agglomération,Hors intersection,Normale,Deux véhicules - arrière,,,,,,,,,,,5,2,1,1,2
200800035452,0008-06-23 19:18:00,8,6,23,19,18,750,112,PLACE FELIX EBOUE,,,Plein jour,En agglomération,Intersection en X,Normale,Deux véhicules - côté,,,,,,,,,,,1,2,2,1,3
200800035453,0008-06-23 19:33:00,8,6,23,19,33,750,112,"01, RUE DE CHALON",,,Plein jour,En agglomération,Hors intersection,Normale,Deux véhicules - côté,,,,,,,,,,,1,2,1,1,3
200800035454,0008-06-24 14:45:00,8,6,24,14,45,750,112,AVENUE DAUMESNIL,,,Plein jour,En agglomération,Intersection en T,Normale,Deux véhicules - côté,,,,,,,,,,,1,2,3,1,3
200800035455,0008-06-25 03:15:00,8,6,25,3,15,750,112,AVENUE DE GRAVELLE,,,Nuit avec éclairage allumé,En agglomération,Hors intersection,Normale,Autre collision,,,,,,,,,,,5,2,1,1,6
200800035456,0008-06-25 10:10:00,8,6,25,10,10,750,112,AVENUE DE GRAVELLE,,,Plein jour,En agglomération,Hors intersection,Normale,Autre collision,,,,,,,,,,,1,2,1,1,6
200800035457,0008-06-25 14:48:00,8,6,25,14,48,750,112,"203, AVENUE DAUMESNIL",,,Plein jour,En agglomération,Hors intersection,Normale,Trois véhicules et plus - en chaîne,,,,,,,,,,,1,2,1,1,4
200800035458,0008-06-25 15:26:00,8,6,25,15,26,750,112,"69, AVENUE DU GENERAL MI",,,Plein jour,En agglomération,Hors intersection,Normale,Deux véhicules - côté,,,,,,,,,,,1,2,1,1,3
200800035459,0008-06-25 15:27:00,8,6,25,15,27,750,112,RUE VAN GOGH,,,Plein jour,En agglomération,Intersection en X,Normale,Deux véhicules - côté,,,,,,,,,,,1,2,2,1,3
200800035460,0008-06-25 19:25:00,8,6,25,19,25,750,112,"7, RUE RONDELET",,,Plein jour,En agglomération,Hors intersection,Normale,Autre collision,,,,,,,,,,,1,2,1,1,6
200800035461,0008-06-26 01:10:00,8,6,26,1,10,750,112,RUE DE BERCY,,,Nuit avec éclairage allumé,En agglomération,Intersection en X,Normale,Deux véhicules - côté,,,,,,,,,,,5,2,2,1,3
200800035462,0008-06-26 13:34:00,8,6,26,13,34,750,112,VOIE GEORGES POMPIDOU,,,Plein jour,En agglomération,Hors intersection,Normale,Deux véhicules - arrière,,,,,,,,,,,1,2,1,1,2
200800035463,0008-06-26 15:20:00,8,6,26,15,20,750,112,"26, AVENUE DAUMESNIL",,,Plein jour,En agglomération,Hors intersection,Normale,Autre collision,,,,,,,,,,,1,2,1,1,6
200800035464,0008-06-26 16:10:00,8,6,26,16,10,750,112,AVENUE DAUMESNIL,,,Plein jour,En agglomération,Intersection en X,Normale,Sans collision,,,,,,,,,,,1,2,2,1,7