accident_id,datetime,annee,mois,jour,heure,minute,departement,commune_insee,adresse,latitude,longitude,luminosite,agglomeration,intersection,meteo,collision,nb_vehicules,nb_usagers,nb_indemnes,nb_tues,nb_blesses_hosp,nb_blesses_legers,age_cond_1,age_cond_2,veh_type_cond_1,veh_type_cond_2,lum_code,agg_code,int_code,atm_code,col_code
200800035598,0008-06-07 15:25:00,8,6,7,15,25,750,116,"64, AVENUE D IENA",,,Plein jour,En agglomération,Hors intersection,Normale,Deux véhicules - côté,,,,,,,,,,,1,2,1,1,3
200800035599,0008-06-08 07:30:00,8,6,8,7,30,750,116,"37, BOULEVARD SUCHET",,,Plein jour,En agglomération,Intersection en X,Normale,Deux véhicules - côté,,,,,,,,,,,1,2,2,1,3
200800035600,0008-06-08 11:17:00,8,6,8,11,17,750,116,ROUTE DE SEVRES A NEUILL,,,Plein jour,En agglomération,Hors intersection,Normale,Deux véhicules - arrière,,,,,,,,,,,1,2,1,1,2
200800035601,0008-06-08 22:30:00,8,6,8,22,30,750,116,ALLEE DE LONGCHAMP,,,Nuit avec éclairage allumé,En agglomération,Intersection en T,Normale,Deux véhicules - côté,,,,,,,,,,,5,2,3,1,3
200800035602,0008-06-10 10:30:00,8,6,10,10,30,750,116,PLACE DU TROCADERO,,,Plein jour,En agglomération,Intersection à plus de 4 branches,Normale,Deux véhicules - côté,,,,,,,,,,,1,2,5,1,3
200800035603,0008-06-10 20:20:00,8,6,10,20,20,750,116,BOULEVARD LANNES,,,Plein jour,En agglomération,Hors intersection,Normale,Autre collision,,,,,,,,,,,1,2,1,1,6
200800035604,0008-06-10 18:45:00,8,6,10,18,45,750,116,AVENUE GEORGES LAFONT,,,Plein jour,En agglomération,Intersection à plus de 4 branches,Normale,Sans collision,,,,,,,,,,,1,2,5,1,7
200800035605,0008-06-11 16:05:00,8,6,11,16,5,750,116,"1, CHAUSSEE LA MUETTE",,,Plein jour,En agglomération,Hors intersection,Normale,Autre collision,,,,,,,,,,,1,2,1,1,6
200800035606,0008-06-12 14:45:00,8,6,12,14,45,750,116,"88, AVENUE D IENA",,,Plein jour,En agglomération,Hors intersection,Normale,Trois véhicules et plus - en chaîne,,,,,,,,,,,1,2,1,1,4
200800035607,0008-06-12 16:30:00,8,6,12,16,30,750,116,"22, AVENUE MOZART",,,Plein jour,En agglomération,Intersection en X,Normale,Deux véhicules - côté,,,,,,,,,,,1,2,2,1,3
200800035608,0008-06-12 17:40:00,8,6,12,17,40,750,116,AVENUE DE VERSAILLES,,,Plein jour,En agglomération,Intersection en X,Pluie légère,Deux véhicules - côté,,,,,,,,,,,1,2,2,2,3
200800035609,0008-06-12 21:13:00,8,6,12,21,13,750,115,"161, RUE DE SEVRES",,,Plein jour,En agglomération,Hors intersection,Normale,Deux véhicules - côté,,,,,,,,,,,1,2,1,1,3
200800035610,0008-06-13 05:40:00,8,6,13,5,40,750,116,PLACE DU MARECHAL DE LAT,,,Crépuscule ou aube,En agglomération,Intersection en X,Normale,Autre collision,,,,,,,,,,,2,2,2,1,6
200800035611,0008-06-13 11:05:00,8,6,13,11,5,750,116,AVENUE DES NATIONS UNIES,,,Plein jour,En agglomération,Intersection en X,Normale,Deux véhicules - côté,,,,,,,,,,,1,2,2,1,3
200800035612,0008-06-13 16:50:00,8,6,13,16,50,750,116,AVENUE DE LA PORTE D AUT,,,Plein jour,En agglomération,Hors intersection,Normale,Sans collision,,,,,,,,,,,1,2,1,1,7
200800035613,0008-06-15 13:15:00,8,6,15,13,15,750,116,AVENUE DU PRESIDENT WILS,,,Plein jour,En agglomération,Intersection en X,Normale,Sans collision,,,,,,,,,,,1,2,2,1,7
200800035614,0008-06-16 09:00:00,8,6,16,9,0,750,116,AVENUE DU GENERAL SARRAI,,,Plein jour,En agglomération,Hors intersection,Normale,Deux véhicules - côté,,,,,,,,,,,1,2,1,1,3
200800035615,0008-06-16 09:15:00,8,6,16,9,15,750,116,"77, AVENUE KLEBER",,,Plein jour,En agglomération,Intersection en X,Normale,Deux véhicules - côté,,,,,,,,,,,1,2,2,1,3
200800035616,0008-06-16 11:25:00,8,6,16,11,25,750,116,ROUTE DE SEVRES A NEUILL,,,Plein jour,En agglomération,Hors intersection,Normale,Deux véhicules - arrière,,,,,,,,,,,1,2,1,1,2
200800035617,0008-06-17 08:55:00,8,6,17,8,55,750,116,AVENUE FOCH,,,Plein jour,En agglomération,Intersection en X,Normale,Autre collision,,,,,,,,,,,1,2,2,1,6
200800035618,0008-06-17 16:30:00,8,6,17,16,30,750,116,AVENUE DU PRESIDENT WILS,,,Plein jour,En agglomération,Intersection en X,Normale,Deux véhicules - arrière,,,,,,,,,,,1,2,2,1,2
200800035619,0008-06-18 23:00:00,8,6,18,23,0,750,116,ALLEE DE LA REINE MARGUE,,,Nuit avec éclairage allumé,En agglomération,Hors intersection,Normale,Deux véhicules - côté,,,,,,,,,,,5,2,1,1,3
200800035620,0008-06-19 07:25:00,8,6,19,7,25,750,116,"11, BOULEVARD DE L AMIRA",,,Plein jour,En agglomération,Hors intersection,Normale,Autre collision,,,,,,,,,,,1,2,1,1,6
200800035621,0008-06-19 16:45:00,8,6,19,16,45,750,116,AVENUE DU PRESIDENT WILS,,,Plein jour,En agglomération,Hors intersection,Pluie légère,Sans collision,,,,,,,,,,,1,2,1,2,7
200800035622,0008-06-20 03:00:00,8,6,20,3,0,750,116,"30, RUE SPONTINI",,,Nuit avec éclairage allumé,En agglomération,Intersection en X,Normale,Autre collision,,,,,,,,,,,5,2,2,1,6
200800035623,0008-06-20 17:50:00,8,6,20,17,50,750,116,VOIE GEORGES POMPIDOU,,,Plein jour,En agglomération,Hors intersection,Temps couvert,Sans collision,,,,,,,,,,,1,2,1,8,7
200800035624,0008-06-20 22:00:00,8,6,20,22,0,750,116,AVENUE DE NEW YORK,,,Nuit avec éclairage allumé,En agglomération,Intersection en X,Normale,Autre collision,,,,,,,,,,,5,2,2,1,6
200800035625,0008-06-21 12:30:00,8,6,21,12,30,750,116,PONT D IENA,,,Plein jour,En agglomération,Hors intersection,Normale,Autre collision,,,,,,,,,,,1,2,1,1,6
200800035626,0008-06-21 20:30:00,8,6,21,20,30,750,116,"56, BOULEVARD DE L AMIRA",,,Crépuscule ou aube,En agglomération,Hors intersection,Normale,Sans collision,,,,,,,,,,,2,2,1,1,7
200800035627,0008-06-22 03:15:00,8,6,22,3,15,750,116,"37 - 39, BOULEVARD MURAT",,,Nuit avec éclairage allumé,En agglomération,Intersection en X,Normale,Deux véhicules - arrière,,,,,,,,,,,5,2,2,1,2
200800035628,0008-06-22 06:00:00,8,6,22,6,0,750,116,AVENUE PAUL DOUMER,,,Crépuscule ou aube,En agglomération,Intersection en X,Pluie légère,Deux véhicules - côté,,,,,,,,,,,2,2,2,2,3
200800035629,0008-06-23 02:30:00,8,6,23,2,30,750,116,ALLEE DE LA REINE MARGUE,,,Nuit avec éclairage allumé,En agglomération,Hors intersection,Normale,Deux véhicules - côté,,,,,,,,,,,5,2,1,1,3
200800035630,0008-06-23 09:00:00,8,6,23,9,0,750,116,AVENUE FOCH,,,Plein jour,En agglomération,Intersection en X,Normale,Deux véhicules - côté,,,,,,,,,,,1,2,2,1,3
200800035631,0008-06-23 16:30:00,8,6,23,16,30,750,116,AVENUE D IENA,,,Plein jour,En agglomération,Intersection en X,Normale,Deux véhicules - côté,,,,,,,,,,,1,2,2,1,3
200800035632,0008-06-24 07:25:00,8,6,24,7,25,750,116,AVENUE DU MAHATMA GANDHI,,,Plein jour,En agglomération,Intersection en X,Normale,Autre collision,,,,,,,,,,,1,2,2,1,6
200800035633,0008-06-24 11:00:00,8,6,24,11,0,750,116,"73, AVENUE MARCEAU",,,Plein jour,En agglomération,Intersection en X,Normale,Deux véhicules - côté,,,,,,,,,,,1,2,2,1,3
200800035634,0008-06-24 15:50:00,8,6,24,15,50,750,116,AVENUE DES NATIONS UNIES,,,Plein jour,En agglomération,Hors intersection,Normale,Autre collision,,,,,,,,,,,1,2,1,1,6
200800035635,0008-06-24 16:00:00,8,6,24,16,0,750,116,CHEMIN DE CEINTURE DU LA,,,Plein jour,En agglomération,Hors intersection,Normale,Autre collision,,,,,,,,,,,1,2,1,1,6
200800035636,0008-06-25 15:41:00,8,6,25,15,41,750,116,AVENUE INGRES,,,Plein jour,En agglomération,Hors intersection,Normale,Autre collision,,,,,,,,,,,1,2,1,1,6
200800035637,0008-06-26 00:55:00,8,6,26,0,55,750,116,PORTE D AUTEUIL,,,Nuit avec éclairage allumé,En agglomération,Intersection en X,Normale,Deux véhicules - arrière,,,,,,,,,,,5,2,2,1,2
200800035638,0008-06-26 01:00:00,8,6,26,1,0,750,116,"170, AVENUE DE VERSAILLE",,,Nuit avec éclairage allumé,En agglomération,Hors intersection,Normale,Deux véhicules - arrière,,,,,,,,,,,5,2,1,1,2
200800035639,0008-06-27 12:30:00,8,6,27,12,30,750,116,"127, AVENUE DE VERSAILLE",,,Plein jour,En agglomération,Hors intersection,Normale,Autre collision,,,,,,,,,,,1,2,1,1,6
200800035640,0008-06-29 13:45:00,8,6,29,13,45,750,116,ROUTE DE LA MUETTE A NEU,,,Plein jour,En agglomération,Hors intersection,Normale,Autre collision,,,,,,,,,,,1,2,1,1,6
200800035641,0008-06-29 15:00:00,8,6,29,15,0,750,116,ROUTE DE LA PTE DAUPHINE,,,Plein jour,En agglomération,Hors intersection,Normale,Deux véhicules - côté,,,,,,,,,,,1,2,1,1,3
200800035642,0008-06-30 12:50:00,8,6,30,12,50,750,116,AVENUE GEORGES MANDEL,,,Plein jour,En agglomération,Intersection en X,Normale,Autre collision,,,,,,,,,,,1,2,2,1,6
200800035643,0008-06-21 02:05:00,8,6,21,2,5,750,117,"111, RUE DE ROME",,,Nuit avec éclairage allumé,En agglomération,Hors intersection,Normale,Autre collision,,,,,,,,,,,5,2,1,1,6
200800035644,0008-06-01 15:40:00,8,6,1,15,40,750,117,"13 ter, BOULEVARD BERTHI",,,Plein jour,En agglomération,Hors intersection,Pluie légère,Deux véhicules - côté,,,,,,,,,,,1,2,1,2,3
200800035645,0008-06-02 09:00:00,8,6,2,9,0,750,117,"184, BOULEVARD MALESHERB",,,Crépuscule ou aube,En agglomération,Hors intersection,Normale,Deux véhicules - arrière,,,,,,,,,,,2,2,1,1,2
200800035646,0008-06-02 09:36:00,8,6,2,9,36,750,117,"19, AVENUE DES TERNES",,,Plein jour,En agglomération,Hors intersection,Pluie légère,Autre collision,,,,,,,,,,,1,2,1,2,6
200800035647,0008-06-03 11:00:00,8,6,3,11,0,750,117,"36, AVENUE NIEL",,,Plein jour,En agglomération,Intersection en Y,Normale,Deux véhicules - côté,,,,,,,,,,,1,2,4,1,3
200800035648,0008-06-03 20:10:00,8,6,3,20,10,750,117,"94, BOULEVARD MALESHERBE",,,Plein jour,En agglomération,Intersection en X,Normale,Deux véhicules - côté,,,,,,,,,,,1,2,2,1,3
200800035649,0008-06-04 01:17:00,8,6,4,1,17,750,117,PLACE CHARLES DE GAULLE,,,Nuit avec éclairage allumé,En agglomération,Giratoire,Pluie légère,Sans collision,,,,,,,,,,,5,2,6,2,7
200800035650,0008-06-04 14:45:00,8,6,4,14,45,750,117,BOULEVARD BERTHIER,,,Plein jour,En agglomération,Hors intersection,Normale,Sans collision,,,,,,,,,,,1,2,1,1,7
200800035651,0008-06-04 20:40:00,8,6,4,20,40,750,117,"02, AVENUE MAC MAHON",,,Plein jour,En agglomération,Intersection en X,Normale,Deux véhicules - côté,,,,,,,,,,,1,2,2,1,3
200800035652,0008-06-04 20:15:00,8,6,4,20,15,750,117,"01, AVENUE DE LA PORTE D",,,Plein jour,En agglomération,Hors intersection,Normale,Autre collision,,,,,,,,,,,1,2,1,1,6
200800035653,0008-06-04 21:45:00,8,6,4,21,45,750,117,"84, AVENUE DES TERNES",,,Nuit avec éclairage allumé,En agglomération,Intersection en T,Normale,Deux véhicules - côté,,,,,,,,,,,5,2,3,1,3
200800035654,0008-06-05 12:58:00,8,6,5,12,58,750,117,"177, AVENUE DE CLICHY",,,Plein jour,En agglomération,Hors intersection,Normale,Autre collision,,,,,,,,,,,1,2,1,1,6
200800035655,0008-06-04 21:30:00,8,6,4,21,30,750,117,"02, AVENUE MAC MAHON",,,Crépuscule ou aube,En agglomération,Intersection en X,Normale,Deux véhicules - côté,,,,,,,,,,,2,2,2,1,3
200800035656,0008-06-07 00:40:00,8,6,7,0,40,750,117,"0, AVENUE DE LA PORTE D",,,Nuit avec éclairage allumé,En agglomération,Hors intersection,Normale,Deux véhicules - côté,,,,,,,,,,,5,2,1,1,3
200800035657,0008-06-07 14:04:00,8,6,7,14,4,750,117,"1, BOULEVARD GOUVION SAI",,,Plein jour,En agglomération,Hors intersection,Normale,Deux véhicules - arrière,,,,,,,,,,,1,2,1,1,2
200800035658,0008-06-09 18:20:00,8,6,9,18,20,750,117,"91, AVENUE DE WAGRAM",,,Plein jour,En agglomération,Intersection en X,Normale,Deux véhicules - côté,,,,,,,,,,,1,2,2,1,3
200800035659,0008-06-10 14:30:00,8,6,10,14,30,750,117,"104, AVENUE DE CLICHY",,,Plein jour,En agglomération,Hors intersection,Temps éblouissant,Sans collision,,,,,,,,,,,1,2,1,7,7
200800035660,0008-06-10 14:05:00,8,6,10,14,5,750,117,"96, AVENUE DES TERNES",,,Plein jour,En agglomération,Hors intersection,Normale,Deux véhicules - côté,,,,,,,,,,,1,2,1,1,3
200800035661,0008-06-10 16:20:00,8,6,10,16,20,750,117,"127, RUE CARDINET",,,Plein jour,En agglomération,Hors intersection,Temps éblouissant,Autre collision,,,,,,,,,,,1,2,1,7,6
200800035662,0008-06-11 13:10:00,8,6,11,13,10,750,117,"47, AVENUE DE WAGRAM",,,Plein jour,En agglomération,Intersection à plus de 4 branches,Normale,Sans collision,,,,,,,,,,,1,2,5,1,7
200800035663,0008-06-12 14:30:00,8,6,12,14,30,750,117,"/, AVENUE DE VILLIERS",,,Plein jour,En agglomération,Intersection en X,Normale,Deux véhicules - côté,,,,,,,,,,,1,2,2,1,3
200800035664,0008-06-12 16:00:00,8,6,12,16,0,750,117,"53, AVENUE DE VILLIERS",,,Plein jour,En agglomération,Hors intersection,Normale,Sans collision,,,,,,,,,,,1,2,1,1,7
200800035665,0008-06-13 11:45:00,8,6,13,11,45,750,117,PORTE MAILLOT,,,Plein jour,En agglomération,Intersection en Y,Normale,Deux véhicules - côté,,,,,,,,,,,1,2,4,1,3
200800035666,0008-06-13 23:50:00,8,6,13,23,50,750,117,"42, BOULEVARD DES BATIGN",,,Nuit avec éclairage allumé,En agglomération,Intersection en X,Normale,Deux véhicules - côté,,,,,,,,,,,5,2,2,1,3
200800035667,0008-06-15 19:05:00,8,6,15,19,5,750,117,BOULEVARD BERTHIER,,,Plein jour,En agglomération,Intersection en X,Normale,Autre collision,,,,,,,,,,,1,2,2,1,6
200800035668,0008-06-17 14:45:00,8,6,17,14,45,750,117,BOULEVARD DES BATIGNOLLE,,,Plein jour,En agglomération,Intersection en X,Normale,Deux véhicules - côté,,,,,,,,,,,1,2,2,1,3
200800035669,0008-06-17 22:15:00,8,6,17,22,15,750,117,"122, BOULEVARD DE COURCE",,,Nuit avec éclairage allumé,En agglomération,Hors intersection,Normale,Sans collision,,,,,,,,,,,5,2,1,1,7
200800035670,0008-06-18 14:25:00,8,6,18,14,25,750,117,"2, VILLA COMPOINT",,,Plein jour,En agglomération,Intersection en X,Normale,Sans collision,,,,,,,,,,,1,2,2,1,7
200800035671,0008-06-18 18:28:00,8,6,18,18,28,750,117,"73, BOULEVARD BERTHIER",,,Plein jour,En agglomération,Intersection en X,Normale,Sans collision,,,,,,,,,,,1,2,2,1,7
200800035672,0008-06-19 18:35:00,8,6,19,18,35,750,117,"22, AVENUE DE LA GRANDE",,,Plein jour,En agglomération,Hors intersection,Temps couvert,Deux véhicules - arrière,,,,,,,,,,,1,2,1,8,2
200800035673,0008-06-21 16:25:00,8,6,21,16,25,750,117,"82, AVENUE DE WAGRAM",,,Plein jour,En agglomération,Intersection en X,Normale,Sans collision,,,,,,,,,,,1,2,2,1,7
200800035674,0008-06-23 17:55:00,8,6,23,17,55,750,117,"105, AVENUE DE SAINT OUE",,,Plein jour,En agglomération,Hors intersection,Normale,Deux véhicules - côté,,,,,,,,,,,1,2,1,1,3
200800035675,0008-06-25 09:55:00,8,6,25,9,55,750,117,"36, AVENUE DE LA GRANDE",,,Plein jour,En agglomération,Hors intersection,Normale,Deux véhicules - arrière,,,,,,,,,,,1,2,1,1,2
200800035676,0008-06-25 12:45:00,8,6,25,12,45,750,117,"85, RUE DE COURCELLES",,,Plein jour,En agglomération,Intersection en X,Normale,Autre collision,,,,,,,,,,,1,2,2,1,6
200800035677,0008-06-25 17:10:00,8,6,25,17,10,750,117,"23, AVENUE MAC MAHON",,,Plein jour,En agglomération,Intersection en T,Normale,Deux véhicules - côté,,,,,,,,,,,1,2,3,1,3
200800035678,0008-06-26 11:08:00,8,6,26,11,8,750,117,"124, AVENUE DE VILLIERS",,,Plein jour,En agglomération,Hors intersection,Normale,Deux véhicules - côté,,,,,,,,,,,1,2,1,1,3
200800035679,0008-06-26 12:45:00,8,6,26,12,45,750,117,"117, RUE DE COURCELLES",,,Plein jour,En agglomération,Hors intersection,Normale,Autre collision,,,,,,,,,,,1,2,1,1,6
200800035680,0008-06-27 19:08:00,8,6,27,19,8,750,117,PLACE CHARLES DE GAULLE,,,Plein jour,En agglomération,Intersection en X,Normale,Autre collision,,,,,,,,,,,1,2,2,1,6
200800035681,0008-06-27 19:30:00,8,6,27,19,30,750,117,BOULEVARD BESSIERES,,,Plein jour,En agglomération,Intersection en X,Normale,Deux véhicules - côté,,,,,,,,,,,1,2,2,1,3
200800035682,0008-06-28 13:20:00,8,6,28,13,20,750,117,"45, AVENUE DES TERNES",,,Plein jour,En agglomération,Hors intersection,Normale,Autre collision,,,,,,,,,,,1,2,1,1,6
200800035683,0008-06-28 19:50:00,8,6,28,19,50,750,117,"50bis, AVENUE DE LA GRAN",,,Plein jour,En agglomération,Intersection en X,Normale,Deux véhicules - côté,,,,,,,,,,,1,2,2,1,3
200800035684,0008-06-28 19:14:00,8,6,28,19,14,750,117,"2, PLACE DE LA PORTE MAI",,,Plein jour,En agglomération,Intersection en X,Temps éblouissant,Deux véhicules - côté,,,,,,,,,,,1,2,2,7,3
200800035685,0008-06-28 21:20:00,8,6,28,21,20,750,117,AVENUE DE SAINT OUEN,,,Plein jour,En agglomération,Intersection à plus de 4 branches,Normale,Deux véhicules - côté,,,,,,,,,,,1,2,5,1,3
200800035686,0008-06-30 09:00:00,8,6,30,9,0,750,117,"27, AVENUE DES TERNES",,,Plein jour,En agglomération,Hors intersection,Normale,Autre collision,,,,,,,,,,,1,2,1,1,6
200800035687,0008-06-30 11:00:00,8,6,30,11,0,750,117,"67, BOULEVARD PEREIRE",,,Plein jour,En agglomération,Place,Normale,Deux véhicules - côté,,,,,,,,,,,1,2,7,1,3
200800035688,0008-06-30 18:40:00,8,6,30,18,40,750,117,RUE DES MOINES,,,Plein jour,En agglomération,Intersection en X,Normale,Deux véhicules - côté,,,,,,,,,,,1,2,2,1,3
200800035689,0008-06-30 21:00:00,8,6,30,21,0,750,117,PLACE PAUL LEAUTAUD,,,Crépuscule ou aube,En agglomération,Intersection en X,Normale,Deux véhicules - côté,,,,,,,,,,,2,2,2,1,3
200800035690,0008-06-30 22:50:00,8,6,30,22,50,750,117,"12, RUE DULONG",,,Nuit avec éclairage allumé,En agglomération,Intersection en X,Pluie légère,Sans collision,,,,,,,,,,,5,2,2,2,7
200800035691,0008-06-01 12:35:00,8,6,1,12,35,750,118,"111, BOULEVARD NEY",,,Plein jour,En agglomération,Hors intersection,Normale,Sans collision,,,,,,,,,,,1,2,1,1,7
200800035692,0008-06-02 12:03:00,8,6,2,12,3,750,118,"136, BOULEVARD NEY",,,Plein jour,En agglomération,Intersection en X,Temps couvert,Autre collision,,,,,,,,,,,1,2,2,8,6
200800035693,0008-06-03 07:00:00,8,6,3,7,0,750,118,BOULEVARD BARBES,,,Crépuscule ou aube,En agglomération,Hors intersection,Normale,Autre collision,,,,,,,,,,,2,2,1,1,6
200800035694,0008-06-06 01:00:00,8,6,6,1,0,750,118,"52, RUE MARX DORMOY",,,Nuit avec éclairage allumé,En agglomération,Hors intersection,Normale,Autre collision,,,,,,,,,,,5,2,1,1,6
200800035695,0008-06-06 17:20:00,8,6,6,17,20,750,118,"150, BOULEVARD NEY",,,Plein jour,En agglomération,Hors intersection,Normale,Autre collision,,,,,,,,,,,1,2,1,1,6
200800035696,0008-06-09 16:20:00,8,6,9,16,20,750,118,"2, RUE RAYMOND QUENEAU",,,Plein jour,En agglomération,Intersection en X,Normale,Sans collision,,,,,,,,,,,1,2,2,1,7
200800035697,0008-06-09 20:25:00,8,6,9,20,25,750,118,"65, RUE CAULAINCOURT",,,Plein jour,En agglomération,Hors intersection,Normale,Deux véhicules - frontale,,,,,,,,,,,1,2,1,1,1
200800035698,0008-06-10 01:20:00,8,6,10,1,20,750,118,"58, RUE DES POISSONNIERS",,,Nuit avec éclairage allumé,En agglomération,Intersection en T,Normale,Autre collision,,,,,,,,,,,5,2,3,1,6
200800035699,0008-06-05 19:00:00,8,6,5,19,0,750,118,"44, BOULEVARD NEY",,,Plein jour,En agglomération,Hors intersection,Normale,Autre collision,,,,,,,,,,,1,2,1,1,6
200800035700,0008-06-11 09:35:00,8,6,11,9,35,750,118,"93, RUE DU POTEAU",,,Plein jour,En agglomération,Hors intersection,Normale,Autre collision,,,,,,,,,,,1,2,1,1,6
200800035701,0008-06-13 10:45:00,8,6,13,10,45,750,118,"91, RUE MARCADET",,,Plein jour,En agglomération,Intersection en X,Normale,Deux véhicules - côté,,,,,,,,,,,1,2,2,1,3
200800035702,0008-06-13 13:40:00,8,6,13,13,40,750,118,"24, BOULEVARD BARBES",,,Plein jour,En agglomération,Hors intersection,Normale,Autre collision,,,,,,,,,,,1,2,1,1,6
200800035703,0008-06-14 15:00:00,8,6,14,15,0,750,118,"01, RUE MARCEL SEMBAT",,,Plein jour,En agglomération,Hors intersection,Normale,Autre collision,,,,,,,,,,,1,2,1,1,6
200800035704,0008-06-14 20:05:00,8,6,14,20,5,750,118,"05, RUE BAUDELIQUE",,,Plein jour,En agglomération,Hors intersection,Normale,Autre collision,,,,,,,,,,,1,2,1,1,6
200800035705,0008-06-14 22:00:00,8,6,14,22,0,750,118,"72, BOULEVARD NEY",,,Crépuscule ou aube,En agglomération,Hors intersection,Normale,Autre collision,,,,,,,,,,,2,2,1,1,6
200800035706,0008-06-17 16:50:00,8,6,17,16,50,750,118,"17, RUE SIMART",,,Plein jour,En agglomération,Hors intersection,Normale,Autre collision,,,,,,,,,,,1,2,1,1,6
200800035707,0008-06-19 23:40:00,8,6,19,23,40,750,118,"40, AVENUE DE CLICHY",,,Nuit avec éclairage allumé,En agglomération,Intersection en X,Normale,Autre collision,,,,,,,,,,,5,2,2,1,6
200800035708,0008-06-19 11:25:00,8,6,19,11,25,750,118,AVENUE DE LA PORTE D AUB,,,Plein jour,En agglomération,Hors intersection,Normale,Deux véhicules - côté,,,,,,,,,,,1,2,1,1,3
200800035709,0008-06-20 20:00:00,8,6,20,20,0,750,118,"8, BOULEVARD BARBES",,,Plein jour,En agglomération,Hors intersection,Normale,Sans collision,,,,,,,,,,,1,2,1,1,7
200800035710,0008-06-21 18:30:00,8,6,21,18,30,750,118,"38, BOULEVARD DE CLICHY",,,Plein jour,En agglomération,Intersection en T,Normale,Deux véhicules - côté,,,,,,,,,,,1,2,3,1,3
200800035711,0008-06-22 07:10:00,8,6,22,7,10,750,118,"106, BOULEVARD DE CLICHY",,,Crépuscule ou aube,En agglomération,Hors intersection,Pluie légère,Deux véhicules - arrière,,,,,,,,,,,2,2,1,2,2
200800035712,0008-06-22 22:00:00,8,6,22,22,0,750,118,"19, BOULEVARD ORNANO",,,Nuit avec éclairage allumé,En agglomération,Intersection en X,Normale,Deux véhicules - côté,,,,,,,,,,,5,2,2,1,3
200800035713,0008-06-24 10:50:00,8,6,24,10,50,750,117,"120, AVENUE DE SAINT OUE",,,Plein jour,En agglomération,Intersection en X,Normale,Autre collision,,,,,,,,,,,1,2,2,1,6
200800035714,0008-06-24 18:05:00,8,6,24,18,5,750,118,RUE MARX DORMOY,,,Plein jour,En agglomération,Intersection en X,Normale,Autre collision,,,,,,,,,,,1,2,2,1,6
200800035715,0008-06-25 16:20:00,8,6,25,16,20,750,118,"35, RUE DES ABBESSES",,,Plein jour,En agglomération,Intersection en T,Normale,Sans collision,,,,,,,,,,,1,2,3,1,7
200800035716,0008-06-26 07:00:00,8,6,26,7,0,750,118,"189, RUE D AUBERVILLIERS",,,Plein jour,En agglomération,Hors intersection,Normale,Deux véhicules - arrière,,,,,,,,,,,1,2,1,1,2
200800035717,0008-06-26 11:30:00,8,6,26,11,30,750,118,"75, RUE CAULAINCOURT",,,Plein jour,En agglomération,Hors intersection,Normale,Autre collision,,,,,,,,,,,1,2,1,1,6
200800035718,0008-06-27 17:20:00,8,6,27,17,20,750,117,PORTE DE SAINT OUEN,,,Plein jour,En agglomération,Intersection en X,Normale,Deux véhicules - arrière,,,,,,,,,,,1,2,2,1,2
200800035719,0008-06-27 23:25:00,8,6,27,23,25,750,118,"188, RUE VAUVENARGUES",,,Nuit avec éclairage allumé,En agglomération,Intersection à plus de 4 branches,Normale,Deux véhicules - côté,,,,,,,,,,,5,2,5,1,3
200800035720,0008-06-28 14:05:00,8,6,28,14,5,750,118,"35, RUE DU SIMPLON",,,Plein jour,En agglomération,Hors intersection,Normale,Deux véhicules - arrière,,,,,,,,,,,1,2,1,1,2
200800035721,0008-06-30 18:00:00,8,6,30,18,0,750,118,"2, PLACE DE LA CHAPELLE",,,Plein jour,En agglomération,Intersection en T,Normale,Deux véhicules - côté,,,,,,,,,,,1,2,3,1,3
200800035722,0008-06-30 18:20:00,8,6,30,18,20,750,118,"48, RUE MARX DORMOY",,,Plein jour,En agglomération,Hors intersection,Normale,Sans collision,,,,,,,,,,,1,2,1,1,7
200800035723,0008-06-02 17:45:00,8,6,2,17,45,750,119,"118, AVENUE SIMON BOLIVA",,,Plein jour,En agglomération,Hors intersection,Normale,Autre collision,,,,,,,,,,,1,2,1,1,6
200800035724,0008-06-05 08:05:00,8,6,5,8,5,750,119,BOULEVARD MACDONALD,,,Plein jour,En agglomération,Hors intersection,Normale,Deux véhicules - côté,,,,,,,,,,,1,2,1,1,3
200800035725,0008-06-06 16:10:00,8,6,6,16,10,750,119,"224, BOULEVARD MACDONALD",,,Plein jour,En agglomération,Intersection en X,Normale,Autre collision,,,,,,,,,,,1,2,2,1,6
200800035726,0008-06-07 01:20:00,8,6,7,1,20,750,119,"9, BOULEVARD D ALGERIE",,,Nuit avec éclairage allumé,En agglomération,Hors intersection,Normale,Autre collision,,,,,,,,,,,5,2,1,1,6
200800035727,0008-06-08 16:25:00,8,6,8,16,25,750,119,"37, RUE BOURET",,,Plein jour,En agglomération,Hors intersection,Normale,Autre collision,,,,,,,,,,,1,2,1,1,6
200800035728,0008-06-10 13:20:00,8,6,10,13,20,750,119,PLACE DE LA BATAILLE DE,,,Plein jour,En agglomération,Intersection à plus de 4 branches,Normale,Deux véhicules - côté,,,,,,,,,,,1,2,5,1,3
200800035729,0008-06-10 18:00:00,8,6,10,18,0,750,119,"75, RUE RIQUET",,,Plein jour,En agglomération,Intersection en T,Normale,Autre collision,,,,,,,,,,,1,2,3,1,6
200800035730,0008-06-13 20:10:00,8,6,13,20,10,750,119,"18, BOULEVARD SERURIER",,,Plein jour,En agglomération,Intersection en X,Normale,Autre collision,,,,,,,,,,,1,2,2,1,6
200800035731,0008-06-16 13:58:00,8,6,16,13,58,750,119,"55, AVENUE JEAN JAURES",,,Plein jour,En agglomération,Intersection en X,Temps couvert,Deux véhicules - arrière,,,,,,,,,,,1,2,2,8,2