accident_id,datetime,annee,mois,jour,heure,minute,departement,commune_insee,adresse,latitude,longitude,luminosite,agglomeration,intersection,meteo,collision,nb_vehicules,nb_usagers,nb_indemnes,nb_tues,nb_blesses_hosp,nb_blesses_legers,age_cond_1,age_cond_2,veh_type_cond_1,veh_type_cond_2,lum_code,agg_code,int_code,atm_code,col_code
200800036000,0008-06-04 18:30:00,8,6,4,18,30,770,122,ABREUVOIR (RUE DE L'),,,Plein jour,En agglomération,Intersection en X,Normale,Deux véhicules - frontale,,,,,,,,,,,1,2,2,1,1
200800036001,0008-06-07 16:20:00,8,6,7,16,20,770,251,D402,,,Plein jour,Hors agglomération,Hors intersection,Normale,Deux véhicules - frontale,,,,,,,,,,,1,1,1,1,1
200800036002,0008-06-08 01:00:00,8,6,8,1,0,770,53,GENERAL LECLERC (RUE DU),48.69433,3.45699,Nuit avec éclairage allumé,En agglomération,Intersection en X,Normale,Deux véhicules - côté,,,,,,,,,,,5,2,2,1,3
200800036003,0008-06-07 16:40:00,8,6,7,16,40,770,251,D402,,,Plein jour,Hors agglomération,Intersection en T,Pluie légère,Trois véhicules et plus - collisions multiples,,,,,,,,,,,1,1,3,2,5
200800036004,0008-06-19 09:00:00,8,6,19,9,0,770,450,SURGE (CHEMIN DE),,,Plein jour,En agglomération,Intersection en X,Normale,Deux véhicules - côté,,,,,,,,,,,1,2,2,1,3
200800036005,0008-04-03 06:55:00,8,4,3,6,55,770,215,LIBERTE  (AVENUE DE LA),,,Crépuscule ou aube,En agglomération,Hors intersection,Temps couvert,Autre collision,,,,,,,,,,,2,2,1,8,6
200800036006,0008-01-27 01:55:00,8,1,27,1,55,780,350,VERSAILLES (ROUTE DE),,,Nuit avec éclairage allumé,En agglomération,Giratoire,Temps couvert,Sans collision,,,,,,,,,,,5,2,6,8,7
200800036007,0008-05-14 17:00:00,8,5,14,17,0,910,377,"AUCUN, VALLEE DE LA BIEV",,,Plein jour,En agglomération,Intersection en X,Normale,Trois véhicules et plus - collisions multiples,,,,,,,,,,,1,2,2,1,5
200800036008,0008-06-13 17:35:00,8,6,13,17,35,920,2,"8 bis, MOULIN (RUE)",,,Plein jour,En agglomération,Hors intersection,Normale,Sans collision,,,,,,,,,,,1,2,1,1,7
200800036009,0008-06-18 07:45:00,8,6,18,7,45,920,24,"106, MARTRE (RUE) DE (59",,,Plein jour,En agglomération,Hors intersection,Normale,Autre collision,,,,,,,,,,,1,2,1,1,6
200800036010,0008-06-10 22:05:00,8,6,10,22,5,920,40,"2, EGALITE ( DE L')",,,Nuit avec éclairage non allumé,En agglomération,Hors intersection,Normale,Deux véhicules - côté,,,,,,,,,,,4,2,1,1,3
200800036011,0008-06-02 09:30:00,8,6,2,9,30,940,67,"55, DAUMESNIL (AV)",,,Plein jour,En agglomération,Hors intersection,Pluie légère,Deux véhicules - côté,,,,,,,,,,,1,2,1,2,3
200800036012,0008-06-27 19:25:00,8,6,27,19,25,940,67,"135, GALLIENI (AV)",,,Plein jour,En agglomération,Hors intersection,Normale,Autre collision,,,,,,,,,,,1,2,1,1,6
200800036013,0008-06-27 21:05:00,8,6,27,21,5,940,67,"125, PARIS (av. de)",,,Plein jour,En agglomération,Hors intersection,Normale,Autre collision,,,,,,,,,,,1,2,1,1,6
200800036014,0008-06-28 14:00:00,8,6,28,14,0,940,67,"139, GALLIENI (AV)",,,Plein jour,En agglomération,Hors intersection,Normale,Deux véhicules - côté,,,,,,,,,,,1,2,1,1,3
200800036015,0008-06-28 18:45:00,8,6,28,18,45,940,80,"., PARIS (AV DE)",,,Plein jour,En agglomération,Intersection en T,Normale,Deux véhicules - côté,,,,,,,,,,,1,2,3,1,3
200800036016,0008-03-31 14:50:00,8,3,31,14,50,690,382,"13bis, QUAI JEAN MOULIN",,,Plein jour,En agglomération,Hors intersection,Normale,Autre collision,,,,,,,,,,,1,2,1,1,6
200800036017,0008-06-15 02:30:00,8,6,15,2,30,690,382,QUAI PERRACHE,,,Nuit avec éclairage allumé,En agglomération,Hors intersection,Normale,Deux véhicules - arrière,,,,,,,,,,,5,2,1,1,2
200800036018,0008-05-30 20:00:00,8,5,30,20,0,690,383,"0, RUE SAINT ANTOINE",,,Crépuscule ou aube,En agglomération,Intersection en X,Pluie légère,Autre collision,,,,,,,,,,,2,2,2,2,6
200800036019,0008-05-30 11:30:00,8,5,30,11,30,690,383,"63, RUE DE LA PART DIEU",,,Plein jour,En agglomération,Hors intersection,Normale,Autre collision,,,,,,,,,,,1,2,1,1,6
200800036020,0008-07-25 14:30:00,8,7,25,14,30,590,11,Rue de touraine,,,Plein jour,En agglomération,Hors intersection,Normale,Autre collision,,,,,,,,,,,1,2,1,1,6
200800036021,0008-07-06 06:30:00,8,7,6,6,30,590,524,,50.569,2.928,Crépuscule ou aube,Hors agglomération,Hors intersection,Normale,Autre collision,,,,,,,,,,,2,1,1,1,6
200800036022,0008-07-06 13:00:00,8,7,6,13,0,590,34,,50.546,3.068,Plein jour,Hors agglomération,Hors intersection,Normale,Deux véhicules - frontale,,,,,,,,,,,1,1,1,1,1
200800036023,0008-07-02 17:30:00,8,7,2,17,30,590,162,,50.935,2.372,Plein jour,Hors agglomération,Intersection en X,Normale,Deux véhicules - frontale,,,,,,,,,,,1,1,2,1,1
200800036024,0008-07-13 19:15:00,8,7,13,19,15,590,338,,50.87,2.449,Plein jour,Hors agglomération,Hors intersection,Normale,Deux véhicules - frontale,,,,,,,,,,,1,1,1,1,1
200800036025,0008-07-24 12:15:00,8,7,24,12,15,590,212,RUE DE MERVILLE,50.646,2.728,Plein jour,En agglomération,Hors intersection,Temps éblouissant,Deux véhicules - côté,,,,,,,,,,,1,2,1,7,3
200800036026,0008-07-07 03:00:00,8,7,7,3,0,590,615,,50.695,2.662,Nuit sans éclairage public,Hors agglomération,Hors intersection,Normale,Autre collision,,,,,,,,,,,3,1,1,1,6
200800036027,0008-07-30 17:15:00,8,7,30,17,15,590,88,,,,Plein jour,Hors agglomération,Hors intersection,Normale,Deux véhicules - arrière,,,,,,,,,,,1,1,1,1,2
200800036028,0008-07-10 21:45:00,8,7,10,21,45,590,44,,,,Nuit sans éclairage public,Hors agglomération,Hors intersection,Pluie légère,Autre collision,,,,,,,,,,,3,1,1,2,6
200800036029,0008-07-01 20:15:00,8,7,1,20,15,590,335,,50.465,3.392,Plein jour,Hors agglomération,Hors intersection,Temps éblouissant,Deux véhicules - frontale,,,,,,,,,,,1,1,1,7,1
200800036030,0008-07-15 11:00:00,8,7,15,11,0,590,134,RUE LEBON,50.096,3.844,Plein jour,En agglomération,Hors intersection,Normale,Deux véhicules - frontale,,,,,,,,,,,1,2,1,1,1
200800036031,0008-07-14 22:15:00,8,7,14,22,15,590,216,rue de ramillies,50.223,3.268,Nuit sans éclairage public,En agglomération,Hors intersection,Normale,Autre collision,,,,,,,,,,,3,2,1,1,6
200800036032,0008-07-29 08:00:00,8,7,29,8,0,590,274,,,,Plein jour,En agglomération,Hors intersection,Normale,Autre collision,,,,,,,,,,,1,2,1,1,6
200800036033,0008-07-30 19:00:00,8,7,30,19,0,590,604,,,,Plein jour,Hors agglomération,Hors intersection,Normale,Deux véhicules - frontale,,,,,,,,,,,1,1,1,1,1
200800036034,0008-07-23 09:45:00,8,7,23,9,45,590,139,,50.126,3.448,Plein jour,Hors agglomération,Autre intersection,Normale,Autre collision,,,,,,,,,,,1,1,9,1,6
200800036035,0008-07-29 18:00:00,8,7,29,18,0,590,520,CD644,,,Plein jour,En agglomération,Hors intersection,Normale,Trois véhicules et plus - collisions multiples,,,,,,,,,,,1,2,1,1,5
200800036036,0008-07-10 01:15:00,8,7,10,1,15,590,228,rue de l'Abreuvoir,50.329,3.075,Nuit sans éclairage public,En agglomération,Hors intersection,Normale,Autre collision,,,,,,,,,,,3,2,1,1,6
200800036037,0008-07-14 10:15:00,8,7,14,10,15,620,80,Faubourg de Peronne,50.105,2.855,Plein jour,En agglomération,Hors intersection,Normale,Deux véhicules - frontale,,,,,,,,,,,1,2,1,1,1
200800036038,0008-07-12 08:00:00,8,7,12,8,0,620,430,,,,Plein jour,Hors agglomération,Hors intersection,Pluie légère,Deux véhicules - côté,,,,,,,,,,,1,1,1,2,3
200800036039,0008-07-22 19:00:00,8,7,22,19,0,620,874,,,,Plein jour,Hors agglomération,Hors intersection,Normale,Deux véhicules - arrière,,,,,,,,,,,1,1,1,1,2
200800036040,0008-07-24 22:15:00,8,7,24,22,15,620,384,,,,Nuit sans éclairage public,Hors agglomération,Hors intersection,Normale,Sans collision,,,,,,,,,,,3,1,1,1,7
200800036041,0008-07-24 18:45:00,8,7,24,18,45,620,900,,,,Plein jour,Hors agglomération,Hors intersection,Normale,Autre collision,,,,,,,,,,,1,1,1,1,6
200800036042,0008-07-21 18:15:00,8,7,21,18,15,620,706,,50.564,2.727,Plein jour,Hors agglomération,Hors intersection,Normale,Deux véhicules - frontale,,,,,,,,,,,1,1,1,1,1
200800036043,0008-07-04 11:45:00,8,7,4,11,45,620,786,,50.694,1.879,Plein jour,Hors agglomération,Hors intersection,Normale,Sans collision,,,,,,,,,,,1,1,1,1,7
200800036044,0008-07-06 01:30:00,8,7,6,1,30,620,899,,,,Nuit sans éclairage public,Hors agglomération,Hors intersection,Normale,Autre collision,,,,,,,,,,,3,1,1,1,6
200800036045,0008-07-10 07:00:00,8,7,10,7,0,620,705,,,,Crépuscule ou aube,Hors agglomération,Hors intersection,Pluie forte,Autre collision,,,,,,,,,,,2,1,1,3,6
200800036046,0008-07-12 02:30:00,8,7,12,2,30,620,506,,,,Nuit sans éclairage public,Hors agglomération,Hors intersection,Normale,Autre collision,,,,,,,,,,,3,1,1,1,6
200800036047,0008-07-07 18:00:00,8,7,7,18,0,620,793,,50.422,2.644,Plein jour,Hors agglomération,Hors intersection,Normale,Deux véhicules - frontale,,,,,,,,,,,1,1,1,1,1
200800036048,0008-07-21 15:30:00,8,7,21,15,30,620,241,,50.57,1.726,Plein jour,Hors agglomération,Hors intersection,Normale,Deux véhicules - frontale,,,,,,,,,,,1,1,1,1,1
200800036049,0008-07-19 00:45:00,8,7,19,0,45,620,726,,50.482,2.108,Nuit sans éclairage public,Hors agglomération,Hors intersection,Pluie légère,Autre collision,,,,,,,,,,,3,1,1,2,6
200800036050,0008-07-25 16:00:00,8,7,25,16,0,620,447,avenue du marechal LECLE,50.37,2.04,Plein jour,En agglomération,Hors intersection,Normale,Deux véhicules - côté,,,,,,,,,,,1,2,1,1,3
200800036051,0008-07-26 15:30:00,8,7,26,15,30,620,364,,50.52,2.13,Plein jour,Hors agglomération,Hors intersection,Normale,Sans collision,,,,,,,,,,,1,1,1,1,7
200800036052,0008-07-26 00:15:00,8,7,26,0,15,620,261,BOULEVARD DE  BERCK,,,Nuit avec éclairage allumé,En agglomération,Giratoire,Normale,Sans collision,,,,,,,,,,,5,2,6,1,7
200800036053,0008-07-19 14:00:00,8,7,19,14,0,620,904,,50.827,2.065,Plein jour,Hors agglomération,Intersection en X,Normale,Deux véhicules - côté,,,,,,,,,,,1,1,2,1,3
200800036054,0008-07-28 09:30:00,8,7,28,9,30,620,78,,50.856,1.924,Plein jour,Hors agglomération,Hors intersection,Normale,Deux véhicules - arrière,,,,,,,,,,,1,1,1,1,2
200800036055,0008-07-04 18:45:00,8,7,4,18,45,620,335,,,,Plein jour,En agglomération,Hors intersection,Normale,Autre collision,,,,,,,,,,,1,2,1,1,6
200800036056,0008-07-14 05:45:00,8,7,14,5,45,620,50,,,,Crépuscule ou aube,Hors agglomération,Hors intersection,Normale,Autre collision,,,,,,,,,,,2,1,1,1,6
200800036057,0008-07-26 11:00:00,8,7,26,11,0,620,647,RD939,,,Plein jour,En agglomération,Hors intersection,Normale,Trois véhicules et plus - collisions multiples,,,,,,,,,,,1,2,1,1,5
200800036058,0008-07-17 13:00:00,8,7,17,13,0,620,361,,50.282,2.296,Plein jour,Hors agglomération,Hors intersection,Normale,Autre collision,,,,,,,,,,,1,1,1,1,6
200800036059,0008-07-21 18:45:00,8,7,21,18,45,800,212,rue Jean Jaures,,,Plein jour,En agglomération,Hors intersection,Normale,Deux véhicules - frontale,,,,,,,,,,,1,2,1,1,1
200800036060,0008-07-21 20:30:00,8,7,21,20,30,800,592,rue Jules Ferry,,,Plein jour,En agglomération,Hors intersection,Normale,Autre collision,,,,,,,,,,,1,2,1,1,6
200800036061,0008-07-01 09:15:00,8,7,1,9,15,800,11,Rue 4 LEMAIRE / PIERRE B,,,Plein jour,En agglomération,Autre intersection,Temps éblouissant,Deux véhicules - côté,,,,,,,,,,,1,2,9,7,3
200800036062,0008-07-07 15:15:00,8,7,7,15,15,800,24,,49.943,2.238,Plein jour,Hors agglomération,Hors intersection,Pluie légère,Deux véhicules - côté,,,,,,,,,,,1,1,1,2,3
200800036063,0008-07-21 16:45:00,8,7,21,16,45,800,207,GRANDE RUE,50.007,2.473,Plein jour,En agglomération,Autre intersection,Normale,Autre collision,,,,,,,,,,,1,2,9,1,6
200800036064,0008-07-20 22:15:00,8,7,20,22,15,800,635,rue Jules Barni,,,Crépuscule ou aube,En agglomération,Hors intersection,Normale,Autre collision,,,,,,,,,,,2,2,1,1,6
200800036065,0008-07-12 23:15:00,8,7,12,23,15,800,618,rue du petit pende,50.165,1.602,Nuit sans éclairage public,En agglomération,Hors intersection,Normale,Trois véhicules et plus - collisions multiples,,,,,,,,,,,3,2,1,1,5
200800036066,0008-07-28 15:15:00,8,7,28,15,15,800,721,RUE DE LA FERTE,50.19,1.636,Plein jour,En agglomération,Hors intersection,Normale,Deux véhicules - arrière,,,,,,,,,,,1,2,1,1,2
200800036067,0008-07-31 00:01:00,8,7,31,0,1,800,721,Quai Blavet,,,Nuit avec éclairage allumé,En agglomération,Hors intersection,Pluie légère,Autre collision,,,,,,,,,,,5,2,1,2,6
200800036068,0008-07-04 22:00:00,8,7,4,22,0,800,422,,50.184,1.804,Crépuscule ou aube,Hors agglomération,Hors intersection,Normale,Autre collision,,,,,,,,,,,2,1,1,1,6
200800036069,0008-07-26 14:15:00,8,7,26,14,15,800,665,,50.286,1.756,Plein jour,Hors agglomération,Hors intersection,Normale,Autre collision,,,,,,,,,,,1,1,1,1,6
200800036070,0008-07-30 10:45:00,8,7,30,10,45,800,688,,,,Plein jour,Hors agglomération,Hors intersection,Normale,Deux véhicules - côté,,,,,,,,,,,1,1,1,1,3
200800036071,0008-07-06 18:30:00,8,7,6,18,30,800,253,,50.15,2.339,Plein jour,Hors agglomération,Hors intersection,Normale,Deux véhicules - frontale,,,,,,,,,,,1,1,1,1,1
200800036072,0008-07-22 01:00:00,8,7,22,1,0,800,526,41 rue principale,,,Nuit sans éclairage public,En agglomération,Hors intersection,Normale,Sans collision,,,,,,,,,,,3,2,1,1,7
200800036073,0008-07-18 16:00:00,8,7,18,16,0,800,620,rue Saint Jean,,,Plein jour,En agglomération,Hors intersection,Normale,Autre collision,,,,,,,,,,,1,2,1,1,6
200800036074,0008-07-19 20:45:00,8,7,19,20,45,800,141,route de Mesnil,49.882,2.932,Plein jour,En agglomération,Hors intersection,Normale,Autre collision,,,,,,,,,,,1,2,1,1,6
200800036075,0008-07-08 10:00:00,8,7,8,10,0,800,45,,50.051,2.665,Plein jour,Hors agglomération,Hors intersection,Normale,Deux véhicules - frontale,,,,,,,,,,,1,1,1,1,1
200800036076,0008-07-18 07:15:00,8,7,18,7,15,800,366,,,,Plein jour,Hors agglomération,Intersection en X,Normale,Deux véhicules - frontale,,,,,,,,,,,1,1,2,1,1
200800036077,0008-07-23 02:45:00,8,7,23,2,45,800,366,D147,49.997,2.711,Nuit avec éclairage allumé,En agglomération,Hors intersection,Normale,Autre collision,,,,,,,,,,,5,2,1,1,6
200800036078,0008-07-09 10:45:00,8,7,9,10,45,800,33,,49.9,2.861,Plein jour,Hors agglomération,Hors intersection,Temps éblouissant,Deux véhicules - côté,,,,,,,,,,,1,1,1,7,3
200800036079,0008-07-16 16:00:00,8,7,16,16,0,800,593,CD329-Hameau de Froissy,49.927,2.727,Plein jour,En agglomération,Hors intersection,Normale,Deux véhicules - frontale,,,,,,,,,,,1,2,1,1,1
200800036080,0008-07-11 06:30:00,8,7,11,6,30,20,237,,,,Crépuscule ou aube,Hors agglomération,Hors intersection,Normale,Deux véhicules - frontale,,,,,,,,,,,2,1,1,1,1
200800036081,0008-07-24 19:40:00,8,7,24,19,40,20,431,,,,Plein jour,Hors agglomération,Autre intersection,Normale,Autre collision,,,,,,,,,,,1,1,9,1,6
200800036082,0008-07-01 17:15:00,8,7,1,17,15,20,472,,,,Plein jour,Hors agglomération,Hors intersection,Normale,Deux véhicules - côté,,,,,,,,,,,1,1,1,1,3
200800036083,0008-07-19 21:30:00,8,7,19,21,30,20,279,,49.103,3.383,Crépuscule ou aube,Hors agglomération,Hors intersection,Normale,Autre collision,,,,,,,,,,,2,1,1,1,6
200800036084,0008-07-26 15:00:00,8,7,26,15,0,20,645,Hameau des Clotais,49.053,3.575,Plein jour,En agglomération,Hors intersection,Normale,Sans collision,,,,,,,,,,,1,2,1,1,7
200800036085,0008-07-05 21:30:00,8,7,5,21,30,20,481,53 RUE GRANGE AU BOIS,,,Nuit avec éclairage allumé,En agglomération,Hors intersection,Normale,Autre collision,,,,,,,,,,,5,2,1,1,6
200800036086,0008-07-23 21:45:00,8,7,23,21,45,20,691,,,,Plein jour,Hors agglomération,Hors intersection,Normale,Autre collision,,,,,,,,,,,1,1,1,1,6
200800036087,0008-07-03 15:30:00,8,7,3,15,30,20,323,,49.927,3.366,Plein jour,Hors agglomération,Hors intersection,Temps couvert,Trois véhicules et plus - en chaîne,,,,,,,,,,,1,1,1,8,4
200800036088,0008-07-11 10:00:00,8,7,11,10,0,20,95,CD 960,49.991,3.457,Plein jour,En agglomération,Hors intersection,Normale,Autre collision,,,,,,,,,,,1,2,1,1,6
200800036089,0008-07-18 23:00:00,8,7,18,23,0,20,648,,49.797,3.472,Nuit sans éclairage public,Hors agglomération,Hors intersection,Normale,Sans collision,,,,,,,,,,,3,1,1,1,7
200800036090,0008-07-07 16:30:00,8,7,7,16,30,20,506,,49.306,3.204,Plein jour,Hors agglomération,Hors intersection,Normale,Autre collision,,,,,,,,,,,1,1,1,1,6
200800036091,0008-07-14 03:00:00,8,7,14,3,0,20,810,,49.29,3.079,Nuit sans éclairage public,Hors agglomération,Hors intersection,Normale,Sans collision,,,,,,,,,,,3,1,1,1,7
200800036092,0008-07-08 21:30:00,8,7,8,21,30,20,377,,,,Crépuscule ou aube,Hors agglomération,Hors intersection,Normale,Autre collision,,,,,,,,,,,2,1,1,1,6
200800036093,0008-07-22 19:15:00,8,7,22,19,15,20,789,,,,Plein jour,Hors agglomération,Hors intersection,Normale,Autre collision,,,,,,,,,,,1,1,1,1,6
200800036094,0008-07-11 15:45:00,8,7,11,15,45,20,830,Rue Charles de Gaulle,,,Plein jour,En agglomération,Hors intersection,Normale,Deux véhicules - frontale,,,,,,,,,,,1,2,1,1,1
200800036095,0008-07-11 22:30:00,8,7,11,22,30,20,381,89 RUE DE GUISE,49.92,4.07,Nuit avec éclairage allumé,En agglomération,Hors intersection,Temps couvert,Autre collision,,,,,,,,,,,5,2,1,8,6
200800036096,0008-07-07 08:45:00,8,7,7,8,45,600,628,CD12,,,Plein jour,En agglomération,Hors intersection,Normale,Deux véhicules - frontale,,,,,,,,,,,1,2,1,1,1
200800036097,0008-07-10 14:15:00,8,7,10,14,15,600,628,,,,Plein jour,Hors agglomération,Hors intersection,Normale,Sans collision,,,,,,,,,,,1,1,1,1,7
200800036098,0008-07-11 23:45:00,8,7,11,23,45,600,646,16 rue de Dieppe,,,Nuit avec éclairage allumé,En agglomération,Hors intersection,Normale,Autre collision,,,,,,,,,,,5,2,1,1,6
200800036099,0008-07-24 18:15:00,8,7,24,18,15,600,103,Rue petit chantilly D931,49.69,2.402,Plein jour,En agglomération,Hors intersection,Normale,Deux véhicules - côté,,,,,,,,,,,1,2,1,1,3
200800036100,0008-07-18 12:00:00,8,7,18,12,0,600,187,,49.44,1.84,Plein jour,Hors agglomération,Hors intersection,Normale,Deux véhicules - arrière,,,,,,,,,,,1,1,1,1,2
200800036101,0008-07-25 15:15:00,8,7,25,15,15,600,187,,49.448,1.83,Plein jour,Hors agglomération,Intersection en X,Normale,Deux véhicules - côté,,,,,,,,,,,1,1,2,1,3
200800036102,0008-07-01 08:15:00,8,7,1,8,15,600,363,,,,Plein jour,Hors agglomération,Hors intersection,Normale,Sans collision,,,,,,,,,,,1,1,1,1,7
200800036103,0008-07-04 05:45:00,8,7,4,5,45,600,403,,,,Plein jour,Hors agglomération,Hors intersection,Brouillard / fumée,Deux véhicules - frontale,,,,,,,,,,,1,1,1,5,1
200800036104,0008-07-22 23:00:00,8,7,22,23,0,600,245,PASSAGE A NIVEAU N?18,,,Nuit avec éclairage allumé,En agglomération,Passage à niveau,Normale,Deux véhicules - côté,,,,,,,,,,,5,2,8,1,3
200800036105,0008-07-29 08:30:00,8,7,29,8,30,600,484,,,,Plein jour,Hors agglomération,Hors intersection,Normale,Deux véhicules - côté,,,,,,,,,,,1,1,1,1,3
200800036106,0008-07-27 04:00:00,8,7,27,4,0,600,405,Rue des bonnetiers 60220,,,Nuit avec éclairage allumé,En agglomération,Hors intersection,Normale,Autre collision,,,,,,,,,,,5,2,1,1,6
200800036107,0008-07-05 12:45:00,8,7,5,12,45,600,395,rue Mimaut,,,Plein jour,En agglomération,Hors intersection,Temps couvert,Deux véhicules - côté,,,,,,,,,,,1,2,1,8,3
200800036108,0008-07-27 19:15:00,8,7,27,19,15,600,568,,,,Plein jour,Hors agglomération,Hors intersection,Normale,Autre collision,,,,,,,,,,,1,1,1,1,6
200800036109,0008-07-27 20:30:00,8,7,27,20,30,600,157,Avenue GAMBETTA,,,Plein jour,En agglomération,Hors intersection,Normale,Deux véhicules - frontale,,,,,,,,,,,1,2,1,1,1
200800036110,0008-07-17 07:30:00,8,7,17,7,30,600,178,,49.6,2.091,Plein jour,Hors agglomération,Hors intersection,Normale,Autre collision,,,,,,,,,,,1,1,1,1,6
200800036111,0008-07-24 18:30:00,8,7,24,18,30,600,104,rue des frenes,,,Plein jour,En agglomération,Autre intersection,Normale,Deux véhicules - côté,,,,,,,,,,,1,2,9,1,3
200800036112,0008-07-27 16:30:00,8,7,27,16,30,600,425,,,,Plein jour,Hors agglomération,Hors intersection,Normale,Deux véhicules - frontale,,,,,,,,,,,1,1,1,1,1
200800036113,0008-07-11 01:45:00,8,7,11,1,45,600,134,,49.321,2.436,Nuit avec éclairage allumé,En agglomération,Hors intersection,Normale,Sans collision,,,,,,,,,,,5,2,1,1,7
200800036114,0008-07-02 12:00:00,8,7,2,12,0,600,317,,49.342,2.306,Plein jour,Hors agglomération,Hors intersection,Normale,Deux véhicules - côté,,,,,,,,,,,1,1,1,1,3
200800036115,0008-07-08 21:45:00,8,7,8,21,45,600,439,RUE DE LA REPUBLIQUE,,,Crépuscule ou aube,En agglomération,Intersection en X,Normale,Deux véhicules - côté,,,,,,,,,,,2,2,2,1,3
200800036116,0008-07-12 11:15:00,8,7,12,11,15,600,574,,49.351,2.297,Plein jour,Hors agglomération,Hors intersection,Normale,Deux véhicules - arrière,,,,,,,,,,,1,1,1,1,2
200800036117,0008-07-19 19:30:00,8,7,19,19,30,600,137,,,,Plein jour,Hors agglomération,Intersection en X,Normale,Deux véhicules - côté,,,,,,,,,,,1,1,2,1,3
200800036118,0008-07-22 19:15:00,8,7,22,19,15,600,581,,,,Plein jour,Hors agglomération,Hors intersection,Normale,Deux véhicules - côté,,,,,,,,,,,1,1,1,1,3
200800036119,0008-07-01 19:00:00,8,7,1,19,0,600,43,rue de l'equipee,,,Plein jour,En agglomération,Hors intersection,Normale,Deux véhicules - frontale,,,,,,,,,,,1,2,1,1,1
200800036120,0008-07-29 17:30:00,8,7,29,17,30,600,641,Chemin de Bernanval,,,Plein jour,En agglomération,Hors intersection,Normale,Autre collision,,,,,,,,,,,1,2,1,1,6
200800036121,0008-07-30 16:30:00,8,7,30,16,30,600,369,PONT DIT DE VERBERIE,49.316,2.725,Plein jour,En agglomération,Hors intersection,Normale,Autre collision,,,,,,,,,,,1,2,1,1,6
200800036122,0008-07-02 15:30:00,8,7,2,15,30,600,223,rue du marechal FOCH,,,Plein jour,En agglomération,Hors intersection,Pluie légère,Trois véhicules et plus - collisions multiples,,,,,,,,,,,1,2,1,2,5
200800036123,0008-07-20 09:15:00,8,7,20,9,15,600,254,rue de la maladrerie,,,Plein jour,En agglomération,Hors intersection,Normale,Deux véhicules - frontale,,,,,,,,,,,1,2,1,1,1
200800036124,0008-07-04 20:30:00,8,7,4,20,30,600,488,,,,Plein jour,Hors agglomération,Hors intersection,Normale,Deux véhicules - côté,,,,,,,,,,,1,1,1,1,3
200800036125,0008-07-07 21:00:00,8,7,7,21,0,600,291,rue du General Leclerc,,,Crépuscule ou aube,En agglomération,Hors intersection,Pluie forte,Deux véhicules - côté,,,,,,,,,,,2,2,1,3,3
200800036126,0008-07-21 15:15:00,8,7,21,15,15,570,323,rue patton,,,Plein jour,En agglomération,Hors intersection,Normale,Deux véhicules - frontale,,,,,,,,,,,1,2,1,1,1
200800036127,0008-07-17 17:45:00,8,7,17,17,45,600,139,,,,Plein jour,Hors agglomération,Hors intersection,Normale,Deux véhicules - arrière,,,,,,,,,,,1,1,1,1,2
200800036128,0008-07-01 08:45:00,8,7,1,8,45,600,141,Avenue Marechal Joffre,,,Plein jour,En agglomération,Hors intersection,Normale,Autre collision,,,,,,,,,,,1,2,1,1,6
200800036129,0008-07-12 16:30:00,8,7,12,16,30,600,282,37 rue de LAMORLAYE,49.189,2.414,Plein jour,En agglomération,Hors intersection,Normale,Sans collision,,,,,,,,,,,1,2,1,1,7
200800036130,0008-07-24 13:00:00,8,7,24,13,0,600,346,,49.165,2.388,Plein jour,Hors agglomération,Hors intersection,Normale,Autre collision,,,,,,,,,,,1,1,1,1,6
200800036131,0008-07-29 18:30:00,8,7,29,18,30,600,141,Route de l'aigle,,,Plein jour,En agglomération,Hors intersection,Normale,Deux véhicules - arrière,,,,,,,,,,,1,2,1,1,2
200800036132,0008-07-15 22:15:00,8,7,15,22,15,600,260,,,,Nuit sans éclairage public,Hors agglomération,Hors intersection,Normale,Deux véhicules - frontale,,,,,,,,,,,3,1,1,1,1
200800036133,0008-07-04 07:30:00,8,7,4,7,30,600,509,,49.328,2.605,Nuit avec éclairage allumé,Hors agglomération,Giratoire,Normale,Autre collision,,,,,,,,,,,5,1,6,1,6
200800036134,0008-07-09 16:45:00,8,7,9,16,45,600,509,,,,Plein jour,Hors agglomération,Hors intersection,Normale,Deux véhicules - frontale,,,,,,,,,,,1,1,1,1,1
200800036135,0008-07-16 14:45:00,8,7,16,14,45,760,354,,49.489,0.925,Plein jour,Hors agglomération,Hors intersection,Normale,Trois véhicules et plus - en chaîne,,,,,,,,,,,1,1,1,1,4
200800036136,0008-07-16 22:00:00,8,7,16,22,0,760,271,rue du Mont Grimont,,,Nuit avec éclairage allumé,En agglomération,Hors intersection,Normale,Autre collision,,,,,,,,,,,5,2,1,1,6
200800036137,0008-07-23 18:00:00,8,7,23,18,0,760,452,,49.547,1.094,Plein jour,Hors agglomération,Hors intersection,Normale,Trois véhicules et plus - collisions multiples,,,,,,,,,,,1,1,1,1,5
200800036138,0008-07-23 16:00:00,8,7,23,16,0,760,371,,49.9,1.406,Plein jour,Hors agglomération,Intersection en X,Normale,Deux véhicules - côté,,,,,,,,,,,1,1,2,1,3