accident_id,datetime,annee,mois,jour,heure,minute,departement,commune_insee,adresse,latitude,longitude,luminosite,agglomeration,intersection,meteo,collision,nb_vehicules,nb_usagers,nb_indemnes,nb_tues,nb_blesses_hosp,nb_blesses_legers,age_cond_1,age_cond_2,veh_type_cond_1,veh_type_cond_2,lum_code,agg_code,int_code,atm_code,col_code
200800036842,0008-07-10 19:15:00,8,7,10,19,15,70,334,,44.413,4.115,Plein jour,Hors agglomération,Hors intersection,Normale,Autre collision,,,,,,,,,,,1,1,1,1,6
200800036843,0008-07-03 18:00:00,8,7,3,18,0,70,313,,45.522,4.258,Plein jour,Hors agglomération,Hors intersection,Temps couvert,Deux véhicules - frontale,,,,,,,,,,,1,1,1,8,1
200800036844,0008-07-01 15:45:00,8,7,1,15,45,70,80,,45.049,4.407,Plein jour,Hors agglomération,Intersection en T,Normale,Deux véhicules - frontale,,,,,,,,,,,1,1,3,1,1
200800036845,0008-07-17 23:00:00,8,7,17,23,0,70,64,route de lamastre,44.917,4.427,Nuit avec éclairage allumé,En agglomération,Hors intersection,Normale,Autre collision,,,,,,,,,,,5,2,1,1,6
200800036846,0008-07-20 11:15:00,8,7,20,11,15,70,54,,44.943,4.334,Plein jour,Hors agglomération,Hors intersection,Temps couvert,Sans collision,,,,,,,,,,,1,1,1,8,7
200800036847,0008-07-03 18:45:00,8,7,3,18,45,70,285,,,,Plein jour,Hors agglomération,Hors intersection,Normale,Sans collision,,,,,,,,,,,1,1,1,1,7
200800036848,0008-07-05 19:00:00,8,7,5,19,0,260,313,12 rue des Champs - CD 6,,,Plein jour,En agglomération,Hors intersection,Normale,Deux véhicules - côté,,,,,,,,,,,1,2,1,1,3
200800036849,0008-07-12 09:15:00,8,7,12,9,15,260,108,,,,Plein jour,Hors agglomération,Hors intersection,Normale,Sans collision,,,,,,,,,,,1,1,1,1,7
200800036850,0008-07-11 20:00:00,8,7,11,20,0,260,183,,,,Plein jour,Hors agglomération,Hors intersection,Normale,Deux véhicules - côté,,,,,,,,,,,1,1,1,1,3
200800036851,0008-07-29 11:30:00,8,7,29,11,30,260,336,,,,Plein jour,Hors agglomération,Hors intersection,Normale,Autre collision,,,,,,,,,,,1,1,1,1,6
200800036852,0008-07-01 06:30:00,8,7,1,6,30,260,246,,44.771,5.32,Nuit sans éclairage public,Hors agglomération,Hors intersection,Normale,Sans collision,,,,,,,,,,,3,1,1,1,7
200800036853,0008-07-27 14:45:00,8,7,27,14,45,260,69,,,,Plein jour,Hors agglomération,Hors intersection,Normale,Sans collision,,,,,,,,,,,1,1,1,1,7
200800036854,0008-07-11 15:45:00,8,7,11,15,45,260,262,Le village,44.657,5.414,Plein jour,En agglomération,Hors intersection,Normale,Deux véhicules - arrière,,,,,,,,,,,1,2,1,1,2
200800036855,0008-07-31 13:45:00,8,7,31,13,45,260,235,,,,Plein jour,Hors agglomération,Autre intersection,Normale,Deux véhicules - côté,,,,,,,,,,,1,1,9,1,3
200800036856,0008-07-05 05:30:00,8,7,5,5,30,260,63,,44.305,5.339,Crépuscule ou aube,Hors agglomération,Hors intersection,Normale,Autre collision,,,,,,,,,,,2,1,1,1,6
200800036857,0008-07-06 01:45:00,8,7,6,1,45,260,189,,,,Nuit sans éclairage public,Hors agglomération,Hors intersection,Normale,Autre collision,,,,,,,,,,,3,1,1,1,6
200800036858,0008-07-15 02:15:00,8,7,15,2,15,260,73,,44.423,4.851,Nuit sans éclairage public,Hors agglomération,Hors intersection,Normale,Autre collision,,,,,,,,,,,3,1,1,1,6
200800036859,0008-07-22 12:15:00,8,7,22,12,15,260,146,,44.448,4.967,Plein jour,Hors agglomération,Hors intersection,Normale,Deux véhicules - frontale,,,,,,,,,,,1,1,1,1,1
200800036860,0008-07-26 12:45:00,8,7,26,12,45,260,335,,44.481,4.943,Plein jour,Hors agglomération,Hors intersection,Normale,Deux véhicules - frontale,,,,,,,,,,,1,1,1,1,1
200800036861,0008-07-05 10:45:00,8,7,5,10,45,260,288,,44.406,5.24,Plein jour,Hors agglomération,Hors intersection,Normale,Deux véhicules - frontale,,,,,,,,,,,1,1,1,1,1
200800036862,0008-07-09 14:00:00,8,7,9,14,0,260,264,,44.412,5.35,Plein jour,Hors agglomération,Hors intersection,Normale,Sans collision,,,,,,,,,,,1,1,1,1,7
200800036863,0008-07-10 08:30:00,8,7,10,8,30,260,104,,44.445,5.37,Plein jour,Hors agglomération,Hors intersection,Normale,Sans collision,,,,,,,,,,,1,1,1,1,7
200800036864,0008-07-19 15:45:00,8,7,19,15,45,260,4,,,,Plein jour,Hors agglomération,Hors intersection,Normale,Deux véhicules - côté,,,,,,,,,,,1,1,1,1,3
200800036865,0008-07-23 07:15:00,8,7,23,7,15,260,231,,,,Plein jour,Hors agglomération,Hors intersection,Normale,Deux véhicules - côté,,,,,,,,,,,1,1,1,1,3
200800036866,0008-07-30 15:00:00,8,7,30,15,0,260,323,,,,Plein jour,Hors agglomération,Hors intersection,Normale,Deux véhicules - côté,,,,,,,,,,,1,1,1,1,3
200800036867,0008-07-26 10:00:00,8,7,26,10,0,260,118,,,,Plein jour,Hors agglomération,Hors intersection,Normale,Deux véhicules - côté,,,,,,,,,,,1,1,1,1,3
200800036868,0008-07-18 18:30:00,8,7,18,18,30,260,2,,45.264,4.862,Plein jour,Hors agglomération,Hors intersection,Normale,Autre collision,,,,,,,,,,,1,1,1,1,6
200800036869,0008-07-15 05:15:00,8,7,15,5,15,260,119,,,,Crépuscule ou aube,Hors agglomération,Hors intersection,Normale,Sans collision,,,,,,,,,,,2,1,1,1,7
200800036870,0008-07-10 06:45:00,8,7,10,6,45,380,175,,45.273,5.911,Plein jour,Hors agglomération,Hors intersection,Normale,Deux véhicules - frontale,,,,,,,,,,,1,1,1,1,1
200800036871,0008-07-03 09:45:00,8,7,3,9,45,380,27,,,,Plein jour,Hors agglomération,Hors intersection,Pluie forte,Trois véhicules et plus - collisions multiples,,,,,,,,,,,1,1,1,3,5
200800036872,0008-07-27 16:30:00,8,7,27,16,30,380,412,,,,Plein jour,Hors agglomération,Hors intersection,Normale,Deux véhicules - côté,,,,,,,,,,,1,1,1,1,3
200800036873,0008-07-05 18:15:00,8,7,5,18,15,380,153,,45.186,5.62,Plein jour,Hors agglomération,Hors intersection,Normale,Sans collision,,,,,,,,,,,1,1,1,1,7
200800036874,0008-07-30 16:15:00,8,7,30,16,15,380,548,,,,Plein jour,Hors agglomération,Hors intersection,Normale,Deux véhicules - frontale,,,,,,,,,,,1,1,1,1,1
200800036875,0008-07-12 11:00:00,8,7,12,11,0,380,565,,45.28,5.627,Plein jour,Hors agglomération,Hors intersection,Normale,Trois véhicules et plus - collisions multiples,,,,,,,,,,,1,1,1,1,5
200800036876,0008-07-12 17:45:00,8,7,12,17,45,380,565,,45.313,5.621,Plein jour,Hors agglomération,Hors intersection,Pluie légère,Deux véhicules - frontale,,,,,,,,,,,1,1,1,2,1
200800036877,0008-07-10 21:30:00,8,7,10,21,30,380,207,,44.986,5.887,Nuit sans éclairage public,Hors agglomération,Hors intersection,Normale,Deux véhicules - arrière,,,,,,,,,,,3,1,1,1,2
200800036878,0008-07-17 09:00:00,8,7,17,9,0,380,226,Rue du pas de l'aiguille,44.821,5.751,Plein jour,En agglomération,Hors intersection,Normale,Autre collision,,,,,,,,,,,1,2,1,1,6
200800036879,0008-07-08 05:45:00,8,7,8,5,45,380,212,,,,Crépuscule ou aube,Hors agglomération,Hors intersection,Normale,Deux véhicules - frontale,,,,,,,,,,,2,1,1,1,1
200800036880,0008-07-02 17:00:00,8,7,2,17,0,380,195,,45.159,5.373,Plein jour,Hors agglomération,Hors intersection,Normale,Trois véhicules et plus - collisions multiples,,,,,,,,,,,1,1,1,1,5
200800036881,0008-07-04 23:15:00,8,7,4,23,15,380,416,Avenue de la Sante,45.158,5.318,Nuit avec éclairage allumé,En agglomération,Hors intersection,Normale,Deux véhicules - côté,,,,,,,,,,,5,2,1,1,3
200800036882,0008-07-23 07:30:00,8,7,23,7,30,380,410,,,,Plein jour,Hors agglomération,Intersection en X,Normale,Deux véhicules - frontale,,,,,,,,,,,1,1,2,1,1
200800036883,0008-07-28 17:45:00,8,7,28,17,45,380,245,,,,Plein jour,Hors agglomération,Hors intersection,Temps éblouissant,Deux véhicules - frontale,,,,,,,,,,,1,1,1,7,1
200800036884,0008-07-08 12:45:00,8,7,8,12,45,380,383,,,,Plein jour,Hors agglomération,Hors intersection,Normale,Autre collision,,,,,,,,,,,1,1,1,1,6
200800036885,0008-07-19 15:15:00,8,7,19,15,15,380,331,,,,Plein jour,Hors agglomération,Hors intersection,Normale,Deux véhicules - frontale,,,,,,,,,,,1,1,1,1,1
200800036886,0008-07-02 09:15:00,8,7,2,9,15,380,384,,45.359,5.354,Nuit sans éclairage public,Hors agglomération,Autre intersection,Normale,Deux véhicules - frontale,,,,,,,,,,,3,1,9,1,1
200800036887,0008-07-16 17:30:00,8,7,16,17,30,380,384,,45.359,5.345,Plein jour,Hors agglomération,Hors intersection,Normale,Deux véhicules - côté,,,,,,,,,,,1,1,1,1,3
200800036888,0008-07-27 02:30:00,8,7,27,2,30,380,384,CD 157 THODURE,45.318,5.165,Nuit sans éclairage public,En agglomération,Hors intersection,Normale,Deux véhicules - côté,,,,,,,,,,,3,2,1,1,3
200800036889,0008-07-10 11:30:00,8,7,10,11,30,380,559,,45.213,5.404,Plein jour,Hors agglomération,Giratoire,Normale,Deux véhicules - arrière,,,,,,,,,,,1,1,6,1,2
200800036890,0008-07-18 18:00:00,8,7,18,18,0,380,4,,45.222,5.47,Plein jour,Hors agglomération,Hors intersection,Normale,Deux véhicules - côté,,,,,,,,,,,1,1,1,1,3
200800036891,0008-07-25 11:00:00,8,7,25,11,0,380,117,le village - CD 1532,45.175,5.412,Plein jour,En agglomération,Hors intersection,Normale,Autre collision,,,,,,,,,,,1,2,1,1,6
200800036892,0008-07-05 23:30:00,8,7,5,23,30,380,149,route de Lyon,45.591,5.252,Nuit avec éclairage allumé,En agglomération,Hors intersection,Normale,Deux véhicules - côté,,,,,,,,,,,5,2,1,1,3
200800036893,0008-07-16 16:45:00,8,7,16,16,45,380,455,,45.631,5.289,Plein jour,Hors agglomération,Hors intersection,Normale,Deux véhicules - frontale,,,,,,,,,,,1,1,1,1,1
200800036894,0008-07-22 11:30:00,8,7,22,11,30,380,156,,45.543,5.311,Plein jour,Hors agglomération,Hors intersection,Normale,Deux véhicules - côté,,,,,,,,,,,1,1,1,1,3
200800036895,0008-07-16 13:00:00,8,7,16,13,0,380,176,Route de PANOSSAS,45.667,5.18,Plein jour,En agglomération,Hors intersection,Normale,Deux véhicules - arrière,,,,,,,,,,,1,2,1,1,2
200800036896,0008-07-20 15:00:00,8,7,20,15,0,380,176,,45.658,5.208,Plein jour,Hors agglomération,Hors intersection,Normale,Autre collision,,,,,,,,,,,1,1,1,1,6
200800036897,0008-07-30 12:15:00,8,7,30,12,15,380,520,,45.505,5.544,Plein jour,Hors agglomération,Intersection en X,Normale,Deux véhicules - côté,,,,,,,,,,,1,1,2,1,3
200800036898,0008-07-20 06:15:00,8,7,20,6,15,380,539,,,,Plein jour,Hors agglomération,Hors intersection,Normale,Deux véhicules - frontale,,,,,,,,,,,1,1,1,1,1
200800036899,0008-07-19 17:45:00,8,7,19,17,45,380,261,,45.648,5.435,Plein jour,Hors agglomération,Hors intersection,Normale,Deux véhicules - arrière,,,,,,,,,,,1,1,1,1,2
200800036900,0008-07-20 15:30:00,8,7,20,15,30,380,315,intersection D1006-D82H,,,Plein jour,En agglomération,Hors intersection,Normale,Deux véhicules - frontale,,,,,,,,,,,1,2,1,1,1
200800036901,0008-07-25 20:30:00,8,7,25,20,30,380,343,CHEMIN DE SOUS BOUTET,,,Plein jour,En agglomération,Hors intersection,Normale,Autre collision,,,,,,,,,,,1,2,1,1,6
200800036902,0008-07-18 10:15:00,8,7,18,10,15,440,35,rue de Suce sur Erdre,47.311,-1.547,Plein jour,En agglomération,Hors intersection,Normale,Autre collision,,,,,,,,,,,1,2,1,1,6
200800036903,0008-07-27 18:00:00,8,7,27,18,0,440,66,rue boissin des tertres,47.369,-1.605,Plein jour,En agglomération,Hors intersection,Normale,Deux véhicules - côté,,,,,,,,,,,1,2,1,1,3
200800036904,0008-07-13 16:30:00,8,7,13,16,30,380,484,,45.564,4.922,Plein jour,Hors agglomération,Hors intersection,Normale,Deux véhicules - côté,,,,,,,,,,,1,1,1,1,3
200800036905,0008-07-22 17:45:00,8,7,22,17,45,380,336,Barage de REVENTIN,45.497,4.829,Plein jour,En agglomération,Hors intersection,Normale,Deux véhicules - arrière,,,,,,,,,,,1,2,1,1,2
200800036906,0008-07-01 20:45:00,8,7,1,20,45,380,198,,,,Plein jour,Hors agglomération,Hors intersection,Normale,Deux véhicules - côté,,,,,,,,,,,1,1,1,1,3
200800036907,0008-07-01 12:15:00,8,7,1,12,15,380,300,,,,Plein jour,Hors agglomération,Hors intersection,Normale,Deux véhicules - côté,,,,,,,,,,,1,1,1,1,3
200800036908,0008-07-31 15:45:00,8,7,31,15,45,380,311,D37,,,Plein jour,En agglomération,Hors intersection,Normale,Deux véhicules - côté,,,,,,,,,,,1,2,1,1,3
200800036909,0008-07-31 13:00:00,8,7,31,13,0,380,130,,,,Plein jour,Hors agglomération,Intersection en X,Normale,Deux véhicules - côté,,,,,,,,,,,1,1,2,1,3
200800036910,0008-07-04 17:30:00,8,7,4,17,30,380,144,,45.582,5.092,Plein jour,Hors agglomération,Hors intersection,Normale,Trois véhicules et plus - en chaîne,,,,,,,,,,,1,1,1,1,4
200800036911,0008-07-26 00:15:00,8,7,26,0,15,380,399,,45.506,5.174,Nuit sans éclairage public,Hors agglomération,Hors intersection,Normale,Deux véhicules - côté,,,,,,,,,,,3,1,1,1,3
200800036912,0008-07-22 16:30:00,8,7,22,16,30,380,144,,45.599,5.092,Plein jour,Hors agglomération,Giratoire,Normale,Deux véhicules - frontale,,,,,,,,,,,1,1,6,1,1
200800036913,0008-07-20 16:30:00,8,7,20,16,30,380,399,,45.498,5.143,Plein jour,Hors agglomération,Hors intersection,Normale,Sans collision,,,,,,,,,,,1,1,1,1,7
200800036914,0008-07-08 08:45:00,8,7,8,8,45,380,316,,45.755,5.167,Plein jour,Hors agglomération,Autre intersection,Normale,Deux véhicules - côté,,,,,,,,,,,1,1,9,1,3
200800036915,0008-07-15 14:15:00,8,7,15,14,15,380,316,Rue de la Liberte,45.753,5.181,Plein jour,En agglomération,Intersection en T,Normale,Deux véhicules - côté,,,,,,,,,,,1,2,3,1,3
200800036916,0008-07-05 21:30:00,8,7,5,21,30,380,3,,45.328,4.859,Crépuscule ou aube,Hors agglomération,Hors intersection,Normale,Sans collision,,,,,,,,,,,2,1,1,1,7
200800036917,0008-07-09 15:00:00,8,7,9,15,0,380,3,,45.349,4.85,Plein jour,Hors agglomération,Hors intersection,Normale,Autre collision,,,,,,,,,,,1,1,1,1,6
200800036918,0008-07-20 10:00:00,8,7,20,10,0,380,475,CD 175  LE CHAFFARD,,,Plein jour,En agglomération,Hors intersection,Normale,Deux véhicules - côté,,,,,,,,,,,1,2,1,1,3
200800036919,0008-07-31 16:45:00,8,7,31,16,45,380,537,avenue de la gare,45.635,5.141,Plein jour,En agglomération,Hors intersection,Normale,Sans collision,,,,,,,,,,,1,2,1,1,7
200800036920,0008-07-26 00:30:00,8,7,26,0,30,420,92,"13, RUE DE LA RESISTANCE",45.491,4.381,Nuit avec éclairage allumé,En agglomération,Hors intersection,Normale,Deux véhicules - frontale,,,,,,,,,,,5,2,1,1,1
200800036921,0008-07-25 13:30:00,8,7,25,13,30,420,37,,45.668,4.059,Plein jour,Hors agglomération,Hors intersection,Normale,Deux véhicules - frontale,,,,,,,,,,,1,1,1,1,1
200800036922,0008-07-25 15:00:00,8,7,25,15,0,420,5,,45.536,4.306,Plein jour,Hors agglomération,Hors intersection,Normale,Deux véhicules - côté,,,,,,,,,,,1,1,1,1,3
200800036923,0008-07-18 19:15:00,8,7,18,19,15,420,19,Montee du Guet,45.758,4.006,Plein jour,En agglomération,Hors intersection,Temps éblouissant,Deux véhicules - frontale,,,,,,,,,,,1,2,1,7,1
200800036924,0008-07-16 20:30:00,8,7,16,20,30,420,165,,45.788,4.331,Plein jour,Hors agglomération,Hors intersection,Normale,Autre collision,,,,,,,,,,,1,1,1,1,6
200800036925,0008-07-08 12:45:00,8,7,8,12,45,420,266,,45.425,4.056,Plein jour,Hors agglomération,Hors intersection,Normale,Deux véhicules - frontale,,,,,,,,,,,1,1,1,1,1
200800036926,0008-07-03 12:30:00,8,7,3,12,30,420,81,,45.613,4.272,Plein jour,Hors agglomération,Hors intersection,Pluie légère,Autre collision,,,,,,,,,,,1,1,1,2,6
200800036927,0008-07-12 21:15:00,8,7,12,21,15,420,108,,45.605,4.201,Crépuscule ou aube,Hors agglomération,Hors intersection,Normale,Sans collision,,,,,,,,,,,2,1,1,1,7
200800036928,0008-07-17 20:00:00,8,7,17,20,0,420,59,,45.623,4.378,Crépuscule ou aube,Hors agglomération,Hors intersection,Normale,Autre collision,,,,,,,,,,,2,1,1,1,6
200800036929,0008-07-19 18:00:00,8,7,19,18,0,420,20,,45.643,4.208,Plein jour,Hors agglomération,Hors intersection,Normale,Deux véhicules - côté,,,,,,,,,,,1,1,1,1,3
200800036930,0008-07-05 12:00:00,8,7,5,12,0,420,271,,45.454,4.602,Plein jour,Hors agglomération,Hors intersection,Normale,Deux véhicules - frontale,,,,,,,,,,,1,1,1,1,1
200800036931,0008-07-22 14:45:00,8,7,22,14,45,420,56,,,,Plein jour,Hors agglomération,Hors intersection,Normale,Deux véhicules - frontale,,,,,,,,,,,1,1,1,1,1
200800036932,0008-07-02 15:15:00,8,7,2,15,15,420,162,,,,Plein jour,Hors agglomération,Hors intersection,Normale,Autre collision,,,,,,,,,,,1,1,1,1,6
200800036933,0008-07-21 17:30:00,8,7,21,17,30,420,166,,,,Plein jour,Hors agglomération,Hors intersection,Normale,Deux véhicules - côté,,,,,,,,,,,1,1,1,1,3
200800036934,0008-07-24 13:45:00,8,7,24,13,45,420,70,,,,Plein jour,Hors agglomération,Hors intersection,Normale,Deux véhicules - côté,,,,,,,,,,,1,1,1,1,3
200800036935,0008-07-27 19:45:00,8,7,27,19,45,420,267,,46.168,4.138,Crépuscule ou aube,Hors agglomération,Hors intersection,Normale,Deux véhicules - frontale,,,,,,,,,,,2,1,1,1,1
200800036936,0008-07-13 00:30:00,8,7,13,0,30,420,82,,,,Nuit sans éclairage public,Hors agglomération,Hors intersection,Autre,Sans collision,,,,,,,,,,,3,1,1,9,7
200800036937,0008-07-25 22:45:00,8,7,25,22,45,730,146,le pont,45.717,6.106,Nuit avec éclairage allumé,En agglomération,Hors intersection,Normale,Autre collision,,,,,,,,,,,5,2,1,1,6
200800036938,0008-07-12 19:45:00,8,7,12,19,45,730,96,,45.515,6.076,Plein jour,Hors agglomération,Hors intersection,Pluie légère,Sans collision,,,,,,,,,,,1,1,1,2,7
200800036939,0008-07-04 23:45:00,8,7,4,23,45,730,140,chemin  AIMAVIGNE,45.748,5.796,Nuit avec éclairage non allumé,En agglomération,Hors intersection,Normale,Deux véhicules - côté,,,,,,,,,,,4,2,1,1,3
200800036940,0008-07-05 19:00:00,8,7,5,19,0,730,184,,45.59,5.792,Plein jour,Hors agglomération,Hors intersection,Normale,Autre collision,,,,,,,,,,,1,1,1,1,6
200800036941,0008-07-06 22:00:00,8,7,6,22,0,730,236,,45.596,5.641,Nuit sans éclairage public,Hors agglomération,Hors intersection,Pluie forte,Deux véhicules - frontale,,,,,,,,,,,3,1,1,3,1
200800036942,0008-07-15 07:00:00,8,7,15,7,0,730,219,CD 921,45.547,5.763,Plein jour,En agglomération,Hors intersection,Temps éblouissant,Trois véhicules et plus - collisions multiples,,,,,,,,,,,1,2,1,7,5
200800036943,0008-07-26 23:00:00,8,7,26,23,0,730,186,,,,Nuit sans éclairage public,Hors agglomération,Hors intersection,Normale,Sans collision,,,,,,,,,,,3,1,1,1,7
200800036944,0008-07-18 07:30:00,8,7,18,7,30,730,317,,45.725,6.522,Plein jour,Hors agglomération,Hors intersection,Normale,Deux véhicules - arrière,,,,,,,,,,,1,1,1,1,2
200800036945,0008-07-15 09:30:00,8,7,15,9,30,730,227,,45.73,6.05,Nuit sans éclairage public,Hors agglomération,Hors intersection,Pluie légère,Sans collision,,,,,,,,,,,3,1,1,2,7
200800036946,0008-07-20 13:15:00,8,7,20,13,15,730,242,,,,Plein jour,Hors agglomération,Hors intersection,Pluie légère,Deux véhicules - côté,,,,,,,,,,,1,1,1,2,3
200800036947,0008-07-25 11:00:00,8,7,25,11,0,730,248,,45.3,6.356,Plein jour,Hors agglomération,Hors intersection,Normale,Deux véhicules - côté,,,,,,,,,,,1,1,1,1,3
200800036948,0008-07-02 18:00:00,8,7,2,18,0,740,108,Route d'Albertville,,,Plein jour,En agglomération,Hors intersection,Normale,Deux véhicules - arrière,,,,,,,,,,,1,2,1,1,2
200800036949,0008-07-09 15:30:00,8,7,9,15,30,740,104,,,,Plein jour,Hors agglomération,Hors intersection,Normale,Autre collision,,,,,,,,,,,1,1,1,1,6
200800036950,0008-07-22 13:00:00,8,7,22,13,0,740,225,rue de la Riziere,,,Plein jour,En agglomération,Hors intersection,Normale,Sans collision,,,,,,,,,,,1,2,1,1,7
200800036951,0008-07-18 23:45:00,8,7,18,23,45,740,233,,,,Nuit sans éclairage public,Hors agglomération,Hors intersection,Normale,Sans collision,,,,,,,,,,,3,1,1,1,7
200800036952,0008-07-08 22:30:00,8,7,8,22,30,740,80,,,,Nuit sans éclairage public,Hors agglomération,Hors intersection,Normale,Deux véhicules - frontale,,,,,,,,,,,3,1,1,1,1
200800036953,0008-07-25 21:00:00,8,7,25,21,0,740,79,,,,Crépuscule ou aube,Hors agglomération,Hors intersection,Normale,Autre collision,,,,,,,,,,,2,1,1,1,6
200800036954,0008-07-02 07:00:00,8,7,2,7,0,740,42,avenue des GLIERES,,,Plein jour,En agglomération,Hors intersection,Normale,Deux véhicules - frontale,,,,,,,,,,,1,2,1,1,1
200800036955,0008-07-10 21:45:00,8,7,10,21,45,740,42,,,,Nuit avec éclairage allumé,Hors agglomération,Hors intersection,Normale,Deux véhicules - côté,,,,,,,,,,,5,1,1,1,3
200800036956,0008-07-04 08:45:00,8,7,4,8,45,740,81,Grande rue,,,Plein jour,En agglomération,Hors intersection,Normale,Autre collision,,,,,,,,,,,1,2,1,1,6
200800036957,0008-07-05 14:45:00,8,7,5,14,45,740,159,,46.03,6.62,Plein jour,Hors agglomération,Hors intersection,Normale,Deux véhicules - côté,,,,,,,,,,,1,1,1,1,3
200800036958,0008-07-05 10:00:00,8,7,5,10,0,740,169,avenue du stade,,,Plein jour,En agglomération,Giratoire,Normale,Deux véhicules - côté,,,,,,,,,,,1,2,6,1,3
200800036959,0008-07-25 10:00:00,8,7,25,10,0,740,81,avenue des glieres,,,Plein jour,En agglomération,Hors intersection,Normale,Deux véhicules - frontale,,,,,,,,,,,1,2,1,1,1
200800036960,0008-07-24 17:30:00,8,7,24,17,30,740,236,Rue du mont blanc,,,Plein jour,En agglomération,Hors intersection,Normale,Autre collision,,,,,,,,,,,1,2,1,1,6
200800036961,0008-07-25 19:00:00,8,7,25,19,0,740,236,,45.897,6.691,Plein jour,Hors agglomération,Hors intersection,Normale,Deux véhicules - frontale,,,,,,,,,,,1,1,1,1,1
200800036962,0008-07-28 18:00:00,8,7,28,18,0,740,236,,,,Plein jour,Hors agglomération,Autre intersection,Normale,Autre collision,,,,,,,,,,,1,1,9,1,6
200800036963,0008-07-01 14:00:00,8,7,1,14,0,740,256,,45.936,6.716,Plein jour,Hors agglomération,Hors intersection,Normale,Autre collision,,,,,,,,,,,1,1,1,1,6
200800036964,0008-07-14 17:30:00,8,7,14,17,30,740,256,,,,Plein jour,Hors agglomération,Hors intersection,Normale,Trois véhicules et plus - collisions multiples,,,,,,,,,,,1,1,1,1,5
200800036965,0008-07-19 16:45:00,8,7,19,16,45,740,256,,,,Plein jour,Hors agglomération,Hors intersection,Normale,Deux véhicules - côté,,,,,,,,,,,1,1,1,1,3
200800036966,0008-07-24 17:15:00,8,7,24,17,15,740,256,Rue du Docteur BONNEFOY,,,Plein jour,En agglomération,Intersection en X,Normale,Deux véhicules - frontale,,,,,,,,,,,1,2,2,1,1
200800036967,0008-07-28 15:15:00,8,7,28,15,15,740,208,rue chevillard,,,Plein jour,En agglomération,Hors intersection,Normale,Sans collision,,,,,,,,,,,1,2,1,1,7
200800036968,0008-07-31 16:15:00,8,7,31,16,15,740,256,356 route de Megeve,,,Plein jour,En agglomération,Hors intersection,Normale,Deux véhicules - frontale,,,,,,,,,,,1,2,1,1,1
200800036969,0008-07-05 14:15:00,8,7,5,14,15,740,258,,,,Plein jour,Hors agglomération,Hors intersection,Normale,Autre collision,,,,,,,,,,,1,1,1,1,6
200800036970,0008-07-15 18:30:00,8,7,15,18,30,740,258,,,,Plein jour,Hors agglomération,Hors intersection,Normale,Deux véhicules - frontale,,,,,,,,,,,1,1,1,1,1
200800036971,0008-07-31 08:30:00,8,7,31,8,30,740,216,,,,Plein jour,Hors agglomération,Hors intersection,Normale,Deux véhicules - arrière,,,,,,,,,,,1,1,1,1,2
200800036972,0008-07-31 10:30:00,8,7,31,10,30,740,82,,,,Plein jour,Hors agglomération,Giratoire,Normale,Deux véhicules - côté,,,,,,,,,,,1,1,6,1,3
200800036973,0008-07-02 16:30:00,8,7,2,16,30,740,158,,,,Plein jour,Hors agglomération,Hors intersection,Normale,Deux véhicules - côté,,,,,,,,,,,1,1,1,1,3
200800036974,0008-07-04 06:30:00,8,7,4,6,30,740,6,,,,Crépuscule ou aube,En agglomération,Hors intersection,Normale,Deux véhicules - côté,,,,,,,,,,,2,2,1,1,3
200800036975,0008-07-16 06:15:00,8,7,16,6,15,740,101,,,,Plein jour,Hors agglomération,Hors intersection,Normale,Deux véhicules - frontale,,,,,,,,,,,1,1,1,1,1
200800036976,0008-07-02 19:45:00,8,7,2,19,45,740,43,"avenue du saleve, langin",46.264,6.354,Plein jour,En agglomération,Hors intersection,Normale,Deux véhicules - côté,,,,,,,,,,,1,2,1,1,3
200800036977,0008-07-01 12:00:00,8,7,1,12,0,740,58,,,,Plein jour,Hors agglomération,Hors intersection,Normale,Deux véhicules - frontale,,,,,,,,,,,1,1,1,1,1
200800036978,0008-07-04 15:45:00,8,7,4,15,45,740,1,,,,Plein jour,Hors agglomération,Intersection en T,Normale,Deux véhicules - côté,,,,,,,,,,,1,1,3,1,3
200800036979,0008-07-17 19:45:00,8,7,17,19,45,740,58,,,,Plein jour,Hors agglomération,Hors intersection,Pluie forte,Deux véhicules - frontale,,,,,,,,,,,1,1,1,3,1
200800036980,0008-07-14 11:30:00,8,7,14,11,30,740,32,,46.232,6.537,Plein jour,Hors agglomération,Hors intersection,Temps couvert,Deux véhicules - frontale,,,,,,,,,,,1,1,1,8,1
200800036981,0008-07-18 09:15:00,8,7,18,9,15,740,38,Chef Lieu BOGEVE,46.198,6.432,Plein jour,En agglomération,Hors intersection,Normale,Deux véhicules - arrière,,,,,,,,,,,1,2,1,1,2
200800036982,0008-07-31 20:00:00,8,7,31,20,0,740,139,Nantcroux,,,Plein jour,En agglomération,Hors intersection,Normale,Deux véhicules - côté,,,,,,,,,,,1,2,1,1,3