accident_id,datetime,annee,mois,jour,heure,minute,departement,commune_insee,adresse,latitude,longitude,luminosite,agglomeration,intersection,meteo,collision,nb_vehicules,nb_usagers,nb_indemnes,nb_tues,nb_blesses_hosp,nb_blesses_legers,age_cond_1,age_cond_2,veh_type_cond_1,veh_type_cond_2,lum_code,agg_code,int_code,atm_code,col_code
200800036983,0008-07-22 09:30:00,8,7,22,9,30,740,33,,,,Plein jour,Hors agglomération,Hors intersection,Normale,Sans collision,,,,,,,,,,,1,1,1,1,7
200800036984,0008-07-13 23:00:00,8,7,13,23,0,630,254,02 Route de Blanzat,45.815,3.058,Nuit avec éclairage allumé,En agglomération,Hors intersection,Normale,Deux véhicules - frontale,,,,,,,,,,,5,2,1,1,1
200800036985,0008-07-04 09:00:00,8,7,4,9,0,630,417,,,,Plein jour,Hors agglomération,Intersection en X,Normale,Deux véhicules - côté,,,,,,,,,,,1,1,2,1,3
200800036986,0008-07-31 11:00:00,8,7,31,11,0,630,284,,45.802,3.243,Plein jour,En agglomération,Hors intersection,Normale,Deux véhicules - arrière,,,,,,,,,,,1,2,1,1,2
200800036987,0008-07-27 18:00:00,8,7,27,18,0,630,248,ANTERIOUX 63210 NEBOUZAT,45.73,2.906,Plein jour,En agglomération,Hors intersection,Normale,Autre collision,,,,,,,,,,,1,2,1,1,6
200800036988,0008-07-03 10:15:00,8,7,3,10,15,630,84,,45.713,3.057,Plein jour,Hors agglomération,Hors intersection,Pluie forte,Deux véhicules - frontale,,,,,,,,,,,1,1,1,3,1
200800036989,0008-07-28 10:15:00,8,7,28,10,15,630,214,Rue du Cdt BERRIER,45.69,3.18,Plein jour,En agglomération,Hors intersection,Normale,Deux véhicules - côté,,,,,,,,,,,1,2,1,1,3
200800036990,0008-07-17 07:15:00,8,7,17,7,15,630,207,,45.653,3.677,Plein jour,Hors agglomération,Hors intersection,Normale,Sans collision,,,,,,,,,,,1,1,1,1,7
200800036991,0008-07-19 13:30:00,8,7,19,13,30,630,412,,,,Plein jour,Hors agglomération,Hors intersection,Normale,Deux véhicules - frontale,,,,,,,,,,,1,1,1,1,1
200800036992,0008-07-08 19:30:00,8,7,8,19,30,630,80,CD996,,,Plein jour,En agglomération,Hors intersection,Temps éblouissant,Deux véhicules - frontale,,,,,,,,,,,1,2,1,7,1
200800036993,0008-07-12 11:15:00,8,7,12,11,15,630,178,Boulevard Albert Buisson,45.55,3.249,Plein jour,En agglomération,Hors intersection,Normale,Autre collision,,,,,,,,,,,1,2,1,1,6
200800036994,0008-07-16 18:30:00,8,7,16,18,30,630,80,quai de beaugeix,,,Plein jour,En agglomération,Hors intersection,Normale,Deux véhicules - frontale,,,,,,,,,,,1,2,1,1,1
200800036995,0008-07-26 15:15:00,8,7,26,15,15,630,178,,45.547,3.261,Plein jour,En agglomération,Hors intersection,Normale,Deux véhicules - côté,,,,,,,,,,,1,2,1,1,3
200800036996,0008-07-29 18:00:00,8,7,29,18,0,630,178,avenue de la gare,45.548,3.251,Plein jour,En agglomération,Hors intersection,Normale,Autre collision,,,,,,,,,,,1,2,1,1,6
200800036997,0008-07-25 19:45:00,8,7,25,19,45,630,144,D 978 toute de Bese,,,Plein jour,En agglomération,Hors intersection,Normale,Deux véhicules - arrière,,,,,,,,,,,1,2,1,1,2
200800036998,0008-07-20 18:30:00,8,7,20,18,30,630,333,CD1093,,,Plein jour,En agglomération,Hors intersection,Normale,Autre collision,,,,,,,,,,,1,2,1,1,6
200800036999,0008-07-30 09:15:00,8,7,30,9,15,630,143,,46.043,3.25,Plein jour,Hors agglomération,Hors intersection,Normale,Deux véhicules - frontale,,,,,,,,,,,1,1,1,1,1
200800037000,0008-07-05 18:30:00,8,7,5,18,30,630,381,,45.865,2.921,Plein jour,Hors agglomération,Hors intersection,Normale,Deux véhicules - frontale,,,,,,,,,,,1,1,1,1,1
200800037001,0008-07-03 14:30:00,8,7,3,14,30,630,338,Route deClermont ferrand,46.149,2.855,Plein jour,En agglomération,Hors intersection,Pluie légère,Deux véhicules - côté,,,,,,,,,,,1,2,1,2,3
200800037002,0008-07-16 10:45:00,8,7,16,10,45,630,223,,46.12,2.901,Nuit sans éclairage public,Hors agglomération,Hors intersection,Normale,Deux véhicules - frontale,,,,,,,,,,,3,1,1,1,1
200800037003,0008-07-16 09:00:00,8,7,16,9,0,630,293,,46.126,2.717,Plein jour,Hors agglomération,Hors intersection,Normale,Deux véhicules - frontale,,,,,,,,,,,1,1,1,1,1
200800037004,0008-07-14 08:30:00,8,7,14,8,30,630,195,route de Verdun,45.835,3.386,Plein jour,En agglomération,Hors intersection,Normale,Autre collision,,,,,,,,,,,1,2,1,1,6
200800037005,0008-07-18 18:00:00,8,7,18,18,0,630,131,,45.852,3.32,Crépuscule ou aube,Hors agglomération,Intersection en Y,Normale,Deux véhicules - frontale,,,,,,,,,,,2,1,4,1,1
200800037006,0008-07-19 11:00:00,8,7,19,11,0,630,418,,45.784,3.488,Plein jour,Hors agglomération,Hors intersection,Normale,Deux véhicules - frontale,,,,,,,,,,,1,1,1,1,1
200800037007,0008-07-19 17:45:00,8,7,19,17,45,630,16,,,,Plein jour,Hors agglomération,Hors intersection,Normale,Autre collision,,,,,,,,,,,1,1,1,1,6
200800037008,0008-07-20 17:45:00,8,7,20,17,45,630,125,,45.791,3.514,Plein jour,Hors agglomération,Hors intersection,Normale,Deux véhicules - frontale,,,,,,,,,,,1,1,1,1,1
200800037009,0008-07-17 07:45:00,8,7,17,7,45,630,128,,45.911,3.411,Plein jour,Hors agglomération,Hors intersection,Temps couvert,Deux véhicules - arrière,,,,,,,,,,,1,1,1,8,2
200800037010,0008-07-12 20:15:00,8,7,12,20,15,30,46,,46.503,3.004,Plein jour,Hors agglomération,Hors intersection,Normale,Autre collision,,,,,,,,,,,1,1,1,1,6
200800037011,0008-07-15 02:00:00,8,7,15,2,0,30,36,BD JEAN BIGNON,46.586,3.056,Nuit sans éclairage public,En agglomération,Hors intersection,Normale,Autre collision,,,,,,,,,,,3,2,1,1,6
200800037012,0008-07-05 00:45:00,8,7,5,0,45,30,128,,,,Nuit sans éclairage public,Hors agglomération,Hors intersection,Normale,Sans collision,,,,,,,,,,,3,1,1,1,7
200800037013,0008-07-30 21:00:00,8,7,30,21,0,30,128,,46.406,2.502,Crépuscule ou aube,Hors agglomération,Hors intersection,Normale,Deux véhicules - côté,,,,,,,,,,,2,1,1,1,3
200800037014,0008-07-07 15:30:00,8,7,7,15,30,30,293,,46.636,2.613,Plein jour,Hors agglomération,Intersection en X,Temps couvert,Deux véhicules - côté,,,,,,,,,,,1,1,2,8,3
200800037015,0008-07-03 17:30:00,8,7,3,17,30,30,304,RUE DU CAPITAINE SELVEZ,46.167,3.354,Plein jour,En agglomération,Hors intersection,Normale,Deux véhicules - côté,,,,,,,,,,,1,2,1,1,3
200800037016,0008-07-05 07:15:00,8,7,5,7,15,30,258,95 RUE DE MARCENAT,46.191,3.394,Plein jour,En agglomération,Hors intersection,Normale,Autre collision,,,,,,,,,,,1,2,1,1,6
200800037017,0008-07-13 16:15:00,8,7,13,16,15,30,182,,,,Plein jour,Hors agglomération,Intersection en X,Temps couvert,Deux véhicules - côté,,,,,,,,,,,1,1,2,8,3
200800037018,0008-07-04 14:30:00,8,7,4,14,30,30,179,,46.294,3.525,Plein jour,Hors agglomération,Hors intersection,Normale,Deux véhicules - frontale,,,,,,,,,,,1,1,1,1,1
200800037019,0008-07-13 12:15:00,8,7,13,12,15,150,221,,,,Plein jour,Hors agglomération,Hors intersection,Normale,Deux véhicules - arrière,,,,,,,,,,,1,1,1,1,2
200800037020,0008-07-27 04:15:00,8,7,27,4,15,150,181,,44.693,2.232,Nuit sans éclairage public,Hors agglomération,Hors intersection,Normale,Autre collision,,,,,,,,,,,3,1,1,1,6
200800037021,0008-07-30 04:00:00,8,7,30,4,0,150,196,,,,Nuit sans éclairage public,Hors agglomération,Hors intersection,Normale,Autre collision,,,,,,,,,,,3,1,1,1,6
200800037022,0008-07-16 20:45:00,8,7,16,20,45,150,154,RN 122,44.956,2.575,Plein jour,En agglomération,Hors intersection,Normale,Sans collision,,,,,,,,,,,1,2,1,1,7
200800037023,0008-07-09 17:30:00,8,7,9,17,30,150,252,,,,Plein jour,Hors agglomération,Hors intersection,Normale,Deux véhicules - arrière,,,,,,,,,,,1,1,1,1,2
200800037024,0008-07-28 18:15:00,8,7,28,18,15,150,113,,45.087,2.671,Plein jour,Hors agglomération,Hors intersection,Normale,Deux véhicules - frontale,,,,,,,,,,,1,1,1,1,1
200800037025,0008-07-21 14:00:00,8,7,21,14,0,150,187,,45.036,3.098,Plein jour,En agglomération,Hors intersection,Normale,Deux véhicules - côté,,,,,,,,,,,1,2,1,1,3
200800037026,0008-07-31 07:00:00,8,7,31,7,0,150,188,,,,Plein jour,Hors agglomération,Hors intersection,Normale,Autre collision,,,,,,,,,,,1,1,1,1,6
200800037027,0008-07-17 19:15:00,8,7,17,19,15,150,127,Route Nationale 122,45.234,3.127,Plein jour,En agglomération,Intersection en T,Normale,Deux véhicules - côté,,,,,,,,,,,1,2,3,1,3
200800037028,0008-07-17 11:00:00,8,7,17,11,0,430,18,Lieu-dit Cordes,45.014,3.8,Plein jour,En agglomération,Hors intersection,Pluie légère,Deux véhicules - frontale,,,,,,,,,,,1,2,1,2,1
200800037029,0008-07-05 14:30:00,8,7,5,14,30,430,215,,44.814,3.932,Plein jour,Hors agglomération,Hors intersection,Normale,Sans collision,,,,,,,,,,,1,1,1,1,7
200800037030,0008-07-15 20:00:00,8,7,15,20,0,430,39,,44.955,3.846,Crépuscule ou aube,Hors agglomération,Hors intersection,Normale,Deux véhicules - frontale,,,,,,,,,,,2,1,1,1,1
200800037031,0008-07-22 00:30:00,8,7,22,0,30,430,215,,44.826,3.873,Nuit sans éclairage public,Hors agglomération,Hors intersection,Normale,Sans collision,,,,,,,,,,,3,1,1,1,7
200800037032,0008-07-29 19:00:00,8,7,29,19,0,430,215,le bourg,44.807,3.907,Plein jour,En agglomération,Hors intersection,Temps éblouissant,Deux véhicules - côté,,,,,,,,,,,1,2,1,7,3
200800037033,0008-07-23 19:15:00,8,7,23,19,15,430,135,avenue Laurent EYNAC,44.945,3.999,Plein jour,En agglomération,Hors intersection,Normale,Deux véhicules - frontale,,,,,,,,,,,1,2,1,1,1
200800037034,0008-07-20 07:00:00,8,7,20,7,0,430,150,Le bourg,45.098,4.058,Plein jour,En agglomération,Hors intersection,Normale,Deux véhicules - côté,,,,,,,,,,,1,2,1,1,3
200800037035,0008-07-27 01:00:00,8,7,27,1,0,430,113,,45.01,4.001,Nuit sans éclairage public,Hors agglomération,Hors intersection,Brouillard / fumée,Deux véhicules - arrière,,,,,,,,,,,3,1,1,5,2
200800037036,0008-07-17 15:15:00,8,7,17,15,15,430,80,,,,Plein jour,Hors agglomération,Hors intersection,Pluie légère,Deux véhicules - côté,,,,,,,,,,,1,1,1,2,3
200800037037,0008-07-23 20:15:00,8,7,23,20,15,430,216,,,,Plein jour,Hors agglomération,Hors intersection,Normale,Sans collision,,,,,,,,,,,1,1,1,1,7
200800037038,0008-07-20 04:45:00,8,7,20,4,45,430,262,avenue de versaille,45.273,3.402,Nuit sans éclairage public,En agglomération,Hors intersection,Normale,Autre collision,,,,,,,,,,,3,2,1,1,6
200800037039,0008-07-24 16:30:00,8,7,24,16,30,430,74,,45.326,3.372,Plein jour,Hors agglomération,Giratoire,Normale,Sans collision,,,,,,,,,,,1,1,6,1,7
200800037040,0008-07-05 09:30:00,8,7,5,9,30,430,185,HLM les verreries,45.408,3.321,Plein jour,En agglomération,Hors intersection,Normale,Autre collision,,,,,,,,,,,1,2,1,1,6
200800037041,0008-07-22 20:15:00,8,7,22,20,15,430,16,,,,Crépuscule ou aube,Hors agglomération,Intersection en T,Temps éblouissant,Deux véhicules - côté,,,,,,,,,,,2,1,3,7,3
200800037042,0008-07-07 13:45:00,8,7,7,13,45,430,137,,45.319,4.231,Plein jour,Hors agglomération,Hors intersection,Normale,Autre collision,,,,,,,,,,,1,1,1,1,6
200800037043,0008-07-09 07:00:00,8,7,9,7,0,430,12,,45.38,4.211,Plein jour,En agglomération,Hors intersection,Temps éblouissant,Deux véhicules - côté,,,,,,,,,,,1,2,1,7,3
200800037044,0008-07-26 21:45:00,8,7,26,21,45,430,20,,45.311,4.111,Nuit avec éclairage allumé,En agglomération,Place,Autre,Autre collision,,,,,,,,,,,5,2,7,9,6
200800037045,0008-07-01 16:45:00,8,7,1,16,45,570,634,,49.17,6.089,Plein jour,Hors agglomération,Hors intersection,Normale,Deux véhicules - frontale,,,,,,,,,,,1,1,1,1,1
200800037046,0008-07-02 19:30:00,8,7,2,19,30,570,620,,,,Plein jour,Hors agglomération,Hors intersection,Normale,Sans collision,,,,,,,,,,,1,1,1,1,7
200800037047,0008-07-05 17:45:00,8,7,5,17,45,570,543,,,,Plein jour,Hors agglomération,Hors intersection,Normale,Deux véhicules - arrière,,,,,,,,,,,1,1,1,1,2
200800037048,0008-07-06 17:15:00,8,7,6,17,15,570,634,,49.17,6.095,Plein jour,Hors agglomération,Hors intersection,Normale,Sans collision,,,,,,,,,,,1,1,1,1,7
200800037049,0008-07-28 16:00:00,8,7,28,16,0,570,593,rue Raymond Mondon,49.208,6.042,Plein jour,En agglomération,Intersection en T,Temps éblouissant,Deux véhicules - côté,,,,,,,,,,,1,2,3,7,3
200800037050,0008-07-22 00:30:00,8,7,22,0,30,570,433,,,,Nuit avec éclairage allumé,En agglomération,Hors intersection,Normale,Deux véhicules - côté,,,,,,,,,,,5,2,1,1,3
200800037051,0008-07-26 12:00:00,8,7,26,12,0,570,645,,49.201,6.144,Plein jour,Hors agglomération,Giratoire,Normale,Deux véhicules - frontale,,,,,,,,,,,1,1,6,1,1
200800037052,0008-07-31 18:30:00,8,7,31,18,30,570,443,,,,Plein jour,Hors agglomération,Intersection en X,Normale,Deux véhicules - côté,,,,,,,,,,,1,1,2,1,3
200800037053,0008-07-12 18:15:00,8,7,12,18,15,570,572,RUE DE PONT A MOUSSON,,,Plein jour,En agglomération,Intersection en X,Normale,Deux véhicules - côté,,,,,,,,,,,1,2,2,1,3
200800037054,0008-07-28 15:30:00,8,7,28,15,30,570,534,,,,Plein jour,Hors agglomération,Hors intersection,Normale,Deux véhicules - frontale,,,,,,,,,,,1,1,1,1,1
200800037055,0008-07-23 07:15:00,8,7,23,7,15,570,193,,,,Plein jour,Hors agglomération,Hors intersection,Normale,Trois véhicules et plus - collisions multiples,,,,,,,,,,,1,1,1,1,5
200800037056,0008-07-09 00:30:00,8,7,9,0,30,570,99,,,,Nuit sans éclairage public,Hors agglomération,Hors intersection,Normale,Sans collision,,,,,,,,,,,3,1,1,1,7
200800037057,0008-07-11 11:45:00,8,7,11,11,45,570,177,rue du prel,,,Plein jour,En agglomération,Hors intersection,Normale,Deux véhicules - frontale,,,,,,,,,,,1,2,1,1,1
200800037058,0008-07-18 10:45:00,8,7,18,10,45,570,493,,,,Plein jour,Hors agglomération,Hors intersection,Normale,Deux véhicules - frontale,,,,,,,,,,,1,1,1,1,1
200800037059,0008-07-08 07:45:00,8,7,8,7,45,570,275,,,,Plein jour,Hors agglomération,Hors intersection,Normale,Sans collision,,,,,,,,,,,1,1,1,1,7
200800037060,0008-07-14 18:15:00,8,7,14,18,15,570,428,,,,Plein jour,Hors agglomération,Hors intersection,Normale,Trois véhicules et plus - collisions multiples,,,,,,,,,,,1,1,1,1,5
200800037061,0008-07-30 20:15:00,8,7,30,20,15,570,690,,49.091,6.722,Plein jour,Hors agglomération,Giratoire,Normale,Deux véhicules - côté,,,,,,,,,,,1,1,6,1,3
200800037062,0008-07-27 17:00:00,8,7,27,17,0,570,197,"rue de Grundviller, Heck",49.063,6.983,Plein jour,En agglomération,Hors intersection,Normale,Deux véhicules - arrière,,,,,,,,,,,1,2,1,1,2
200800037063,0008-07-26 16:15:00,8,7,26,16,15,570,374,,,,Plein jour,Hors agglomération,Hors intersection,Normale,Sans collision,,,,,,,,,,,1,1,1,1,7
200800037064,0008-07-26 12:30:00,8,7,26,12,30,570,461,,,,Plein jour,Hors agglomération,Hors intersection,Normale,Autre collision,,,,,,,,,,,1,1,1,1,6
200800037065,0008-07-13 15:00:00,8,7,13,15,0,570,163,,,,Plein jour,Hors agglomération,Hors intersection,Normale,Sans collision,,,,,,,,,,,1,1,1,1,7
200800037066,0008-07-20 19:15:00,8,7,20,19,15,570,742,rue principale,,,Plein jour,En agglomération,Hors intersection,Normale,Deux véhicules - côté,,,,,,,,,,,1,2,1,1,3
200800037067,0008-07-27 08:45:00,8,7,27,8,45,570,114,,,,Plein jour,Hors agglomération,Hors intersection,Normale,Sans collision,,,,,,,,,,,1,1,1,1,7
200800037068,0008-07-10 15:00:00,8,7,10,15,0,570,589,15 rue du moulin,,,Plein jour,En agglomération,Hors intersection,Normale,Deux véhicules - frontale,,,,,,,,,,,1,2,1,1,1
200800037069,0008-07-16 16:30:00,8,7,16,16,30,570,748,,,,Plein jour,Hors agglomération,Hors intersection,Normale,Deux véhicules - frontale,,,,,,,,,,,1,1,1,1,1
200800037070,0008-07-25 08:45:00,8,7,25,8,45,570,408,,,,Plein jour,Hors agglomération,Hors intersection,Normale,Autre collision,,,,,,,,,,,1,1,1,1,6
200800037071,0008-07-20 16:45:00,8,7,20,16,45,570,541,,,,Plein jour,Hors agglomération,Hors intersection,Normale,Deux véhicules - frontale,,,,,,,,,,,1,1,1,1,1
200800037072,0008-07-23 16:15:00,8,7,23,16,15,570,741,rue de l'abbe Kiefer,,,Plein jour,En agglomération,Hors intersection,Normale,Deux véhicules - frontale,,,,,,,,,,,1,2,1,1,1
200800037073,0008-07-27 11:45:00,8,7,27,11,45,570,541,,,,Plein jour,Hors agglomération,Hors intersection,Normale,Deux véhicules - côté,,,,,,,,,,,1,1,1,1,3
200800037074,0008-07-17 21:30:00,8,7,17,21,30,570,206,1/3 rue du Moulin,,,Nuit avec éclairage allumé,En agglomération,Hors intersection,Normale,Autre collision,,,,,,,,,,,5,2,1,1,6
200800037075,0008-07-31 17:45:00,8,7,31,17,45,570,426,,,,Plein jour,Hors agglomération,Hors intersection,Normale,Sans collision,,,,,,,,,,,1,1,1,1,7
200800037076,0008-07-23 20:30:00,8,7,23,20,30,570,650,Allee des tilleuls,,,Crépuscule ou aube,En agglomération,Hors intersection,Normale,Sans collision,,,,,,,,,,,2,2,1,1,7
200800037077,0008-07-13 19:45:00,8,7,13,19,45,540,179,,,,Plein jour,En agglomération,Intersection en X,Normale,Deux véhicules - côté,,,,,,,,,,,1,2,2,1,3
200800037078,0008-07-06 23:00:00,8,7,6,23,0,540,215,Avenue de la Liberation,,,Nuit avec éclairage allumé,En agglomération,Hors intersection,Normale,Deux véhicules - côté,,,,,,,,,,,5,2,1,1,3
200800037079,0008-07-22 10:30:00,8,7,22,10,30,540,115,RUE DE NANCY,,,Plein jour,En agglomération,Hors intersection,Normale,Autre collision,,,,,,,,,,,1,2,1,1,6
200800037080,0008-07-22 18:45:00,8,7,22,18,45,540,437,,48.549,6.135,Plein jour,Hors agglomération,Hors intersection,Normale,Autre collision,,,,,,,,,,,1,1,1,1,6
200800037081,0008-07-16 23:45:00,8,7,16,23,45,540,200,,,,Nuit sans éclairage public,Hors agglomération,Hors intersection,Normale,Sans collision,,,,,,,,,,,3,1,1,1,7
200800037082,0008-07-15 19:45:00,8,7,15,19,45,540,462,,,,Plein jour,Hors agglomération,Hors intersection,Normale,Autre collision,,,,,,,,,,,1,1,1,1,6
200800037083,0008-07-15 19:15:00,8,7,15,19,15,540,473,,,,Plein jour,Hors agglomération,Hors intersection,Normale,Deux véhicules - frontale,,,,,,,,,,,1,1,1,1,1
200800037084,0008-07-27 16:45:00,8,7,27,16,45,540,434,,48.437,6.127,Plein jour,Hors agglomération,Intersection en T,Normale,Deux véhicules - côté,,,,,,,,,,,1,1,3,1,3
200800037085,0008-07-06 02:15:00,8,7,6,2,15,540,67,,,,Nuit sans éclairage public,Hors agglomération,Hors intersection,Normale,Autre collision,,,,,,,,,,,3,1,1,1,6
200800037086,0008-07-17 12:15:00,8,7,17,12,15,540,514,route nationale,,,Plein jour,En agglomération,Hors intersection,Normale,Deux véhicules - frontale,,,,,,,,,,,1,2,1,1,1
200800037087,0008-07-03 21:00:00,8,7,3,21,0,540,152,rue de Lorraine,,,Crépuscule ou aube,En agglomération,Hors intersection,Normale,Deux véhicules - côté,,,,,,,,,,,2,2,1,1,3
200800037088,0008-07-19 16:15:00,8,7,19,16,15,540,17,,48.487,6.961,Plein jour,Hors agglomération,Hors intersection,Normale,Deux véhicules - frontale,,,,,,,,,,,1,1,1,1,1
200800037089,0008-07-06 06:45:00,8,7,6,6,45,540,242,,,,Plein jour,Hors agglomération,Hors intersection,Normale,Autre collision,,,,,,,,,,,1,1,1,1,6
200800037090,0008-07-30 17:45:00,8,7,30,17,45,540,73,,,,Plein jour,Hors agglomération,Hors intersection,Normale,Trois véhicules et plus - collisions multiples,,,,,,,,,,,1,1,1,1,5
200800037091,0008-07-04 21:15:00,8,7,4,21,15,540,370,,48.821,5.892,Plein jour,En agglomération,Hors intersection,Normale,Autre collision,,,,,,,,,,,1,2,1,1,6
200800037092,0008-07-22 13:15:00,8,7,22,13,15,540,463,,,,Plein jour,Hors agglomération,Hors intersection,Normale,Autre collision,,,,,,,,,,,1,1,1,1,6
200800037093,0008-07-06 17:45:00,8,7,6,17,45,550,298,,48.772,5.293,Plein jour,Hors agglomération,Hors intersection,Pluie légère,Deux véhicules - côté,,,,,,,,,,,1,1,1,2,3
200800037094,0008-07-27 07:30:00,8,7,27,7,30,550,125,,48.804,4.98,Plein jour,Hors agglomération,Hors intersection,Brouillard / fumée,Deux véhicules - côté,,,,,,,,,,,1,1,1,5,3
200800037095,0008-07-09 03:15:00,8,7,9,3,15,550,61,rue de l'eglise,,,Nuit sans éclairage public,En agglomération,Hors intersection,Normale,Autre collision,,,,,,,,,,,3,2,1,1,6
200800037096,0008-07-27 05:15:00,8,7,27,5,15,550,519,,48.741,5.319,Crépuscule ou aube,Hors agglomération,Hors intersection,Normale,Autre collision,,,,,,,,,,,2,1,1,1,6
200800037097,0008-07-03 16:45:00,8,7,3,16,45,550,184,,48.739,5.604,Plein jour,Hors agglomération,Hors intersection,Normale,Sans collision,,,,,,,,,,,1,1,1,1,7
200800037098,0008-07-05 16:45:00,8,7,5,16,45,550,229,,48.876,5.526,Plein jour,Hors agglomération,Hors intersection,Temps couvert,Sans collision,,,,,,,,,,,1,1,1,8,7
200800037099,0008-07-10 18:15:00,8,7,10,18,15,550,463,18 RUE Roger Brocard,48.894,5.544,Plein jour,En agglomération,Hors intersection,Normale,Deux véhicules - côté,,,,,,,,,,,1,2,1,1,3
200800037100,0008-07-13 10:00:00,8,7,13,10,0,550,229,,48.863,5.524,Plein jour,Hors agglomération,Hors intersection,Normale,Deux véhicules - frontale,,,,,,,,,,,1,1,1,1,1
200800037101,0008-07-11 15:15:00,8,7,11,15,15,550,502,CERVISY,49.511,5.187,Plein jour,En agglomération,Hors intersection,Pluie légère,Deux véhicules - côté,,,,,,,,,,,1,2,1,2,3
200800037102,0008-07-19 19:45:00,8,7,19,19,45,550,391,"5, rue de la Ferte",49.561,5.222,Plein jour,En agglomération,Hors intersection,Normale,Deux véhicules - côté,,,,,,,,,,,1,2,1,1,3
200800037103,0008-07-19 11:15:00,8,7,19,11,15,550,492,,49.12,5.47,Plein jour,Hors agglomération,Hors intersection,Vent fort / tempête,Sans collision,,,,,,,,,,,1,1,1,6,7
200800037104,0008-07-06 14:00:00,8,7,6,14,0,550,481,,49.294,5.633,Plein jour,Hors agglomération,Hors intersection,Normale,Sans collision,,,,,,,,,,,1,1,1,1,7
200800037105,0008-07-07 23:00:00,8,7,7,23,0,550,181,,49.217,5.625,Nuit avec éclairage allumé,En agglomération,Hors intersection,Normale,Deux véhicules - arrière,,,,,,,,,,,5,2,1,1,2
200800037106,0008-07-16 09:00:00,8,7,16,9,0,550,443,,49.218,5.699,Plein jour,Hors agglomération,Hors intersection,Normale,Sans collision,,,,,,,,,,,1,1,1,1,7
200800037107,0008-07-20 00:15:00,8,7,20,0,15,550,232,,49.096,5.706,Nuit sans éclairage public,Hors agglomération,Hors intersection,Normale,Deux véhicules - frontale,,,,,,,,,,,3,1,1,1,1
200800037108,0008-07-20 20:00:00,8,7,20,20,0,550,481,,49.297,5.63,Plein jour,Hors agglomération,Hors intersection,Normale,Autre collision,,,,,,,,,,,1,1,1,1,6
200800037109,0008-07-25 06:00:00,8,7,25,6,0,550,495,,49.387,5.592,Plein jour,Hors agglomération,Hors intersection,Normale,Autre collision,,,,,,,,,,,1,1,1,1,6
200800037110,0008-07-16 19:45:00,8,7,16,19,45,880,151,,48.221,6.218,Plein jour,Hors agglomération,Hors intersection,Normale,Autre collision,,,,,,,,,,,1,1,1,1,6
200800037111,0008-07-19 20:30:00,8,7,19,20,30,880,233,,,,Plein jour,Hors agglomération,Hors intersection,Pluie légère,Deux véhicules - frontale,,,,,,,,,,,1,1,1,2,1
200800037112,0008-07-07 18:30:00,8,7,7,18,30,880,90,95 rue Edmond MICHELET,,,Plein jour,En agglomération,Hors intersection,Normale,Deux véhicules - arrière,,,,,,,,,,,1,2,1,1,2
200800037113,0008-07-19 18:45:00,8,7,19,18,45,880,73,,,,Plein jour,Hors agglomération,Hors intersection,Normale,Deux véhicules - frontale,,,,,,,,,,,1,1,1,1,1
200800037114,0008-07-28 17:00:00,8,7,28,17,0,880,73,,,,Plein jour,Hors agglomération,Hors intersection,Normale,Sans collision,,,,,,,,,,,1,1,1,1,7
200800037115,0008-07-10 12:30:00,8,7,10,12,30,880,7,,47.942,5.939,Plein jour,Hors agglomération,Hors intersection,Normale,Deux véhicules - côté,,,,,,,,,,,1,1,1,1,3
200800037116,0008-07-14 08:45:00,8,7,14,8,45,880,465,Rue Armand Lederlin RD62,48.257,6.429,Plein jour,En agglomération,Hors intersection,Normale,Trois véhicules et plus - collisions multiples,,,,,,,,,,,1,2,1,1,5
200800037117,0008-07-03 11:30:00,8,7,3,11,30,880,236,,,,Plein jour,Hors agglomération,Hors intersection,Pluie légère,Deux véhicules - frontale,,,,,,,,,,,1,1,1,2,1
200800037118,0008-07-13 03:15:00,8,7,13,3,15,880,530,,,,Nuit sans éclairage public,Hors agglomération,Hors intersection,Normale,Deux véhicules - côté,,,,,,,,,,,3,1,1,1,3
200800037119,0008-07-27 18:30:00,8,7,27,18,30,880,530,,,,Plein jour,Hors agglomération,Hors intersection,Temps couvert,Deux véhicules - frontale,,,,,,,,,,,1,1,1,8,1
200800037120,0008-07-03 20:00:00,8,7,3,20,0,880,321,rue Paul melin,48.368,5.699,Plein jour,En agglomération,Hors intersection,Normale,Autre collision,,,,,,,,,,,1,2,1,1,6
200800037121,0008-07-23 07:00:00,8,7,23,7,0,880,44,,48.314,5.68,Plein jour,Hors agglomération,Hors intersection,Normale,Deux véhicules - côté,,,,,,,,,,,1,1,1,1,3
200800037122,0008-07-05 14:00:00,8,7,5,14,0,880,304,Quai Lebreuil,,,Plein jour,En agglomération,Hors intersection,Normale,Autre collision,,,,,,,,,,,1,2,1,1,6
200800037123,0008-07-22 15:00:00,8,7,22,15,0,880,274,,48.302,5.837,Plein jour,Hors agglomération,Passage à niveau,Normale,Deux véhicules - côté,,,,,,,,,,,1,1,8,1,3