accident_id,datetime,annee,mois,jour,heure,minute,departement,commune_insee,adresse,latitude,longitude,luminosite,agglomeration,intersection,meteo,collision,nb_vehicules,nb_usagers,nb_indemnes,nb_tues,nb_blesses_hosp,nb_blesses_legers,age_cond_1,age_cond_2,veh_type_cond_1,veh_type_cond_2,lum_code,agg_code,int_code,atm_code,col_code
200800037264,0008-07-15 06:15:00,8,7,15,6,15,710,495,,,,Crépuscule ou aube,Hors agglomération,Autre intersection,Normale,Deux véhicules - côté,,,,,,,,,,,2,1,9,1,3
200800037265,0008-07-11 08:00:00,8,7,11,8,0,710,135,,46.408,4.822,Plein jour,Hors agglomération,Hors intersection,Normale,Sans collision,,,,,,,,,,,1,1,1,1,7
200800037266,0008-07-12 22:00:00,8,7,12,22,0,710,94,COLLONGES,,,Nuit sans éclairage public,En agglomération,Hors intersection,Normale,Deux véhicules - côté,,,,,,,,,,,3,2,1,1,3
200800037267,0008-07-30 09:45:00,8,7,30,9,45,710,142,,46.875,4.129,Plein jour,Hors agglomération,Hors intersection,Normale,Deux véhicules - frontale,,,,,,,,,,,1,1,1,1,1
200800037268,0008-07-31 12:30:00,8,7,31,12,30,710,170,rue Basse,,,Plein jour,En agglomération,Hors intersection,Normale,Deux véhicules - côté,,,,,,,,,,,1,2,1,1,3
200800037269,0008-07-13 16:30:00,8,7,13,16,30,710,70,LES CHENEVELLES,,,Plein jour,En agglomération,Hors intersection,Normale,Deux véhicules - côté,,,,,,,,,,,1,2,1,1,3
200800037270,0008-07-15 09:30:00,8,7,15,9,30,710,277,,,,Plein jour,Hors agglomération,Hors intersection,Normale,Deux véhicules - frontale,,,,,,,,,,,1,1,1,1,1
200800037271,0008-07-21 10:15:00,8,7,21,10,15,710,221,9 Boulevard St Martin,,,Plein jour,En agglomération,Hors intersection,Normale,Autre collision,,,,,,,,,,,1,2,1,1,6
200800037272,0008-07-13 14:45:00,8,7,13,14,45,710,420,,,,Plein jour,Hors agglomération,Hors intersection,Temps couvert,Deux véhicules - côté,,,,,,,,,,,1,1,1,8,3
200800037273,0008-07-25 12:15:00,8,7,25,12,15,710,193,,,,Plein jour,En agglomération,Hors intersection,Normale,Autre collision,,,,,,,,,,,1,2,1,1,6
200800037274,0008-07-26 17:00:00,8,7,26,17,0,710,512,Carrefour RN6 / CD6,,,Plein jour,En agglomération,Intersection en X,Normale,Deux véhicules - côté,,,,,,,,,,,1,2,2,1,3
200800037275,0008-07-27 04:45:00,8,7,27,4,45,710,141,,46.357,4.338,Nuit sans éclairage public,Hors agglomération,Hors intersection,Normale,Autre collision,,,,,,,,,,,3,1,1,1,6
200800037276,0008-07-04 14:00:00,8,7,4,14,0,710,176,45 avenue des Platanes,46.488,3.979,Plein jour,En agglomération,Hors intersection,Normale,Deux véhicules - côté,,,,,,,,,,,1,2,1,1,3
200800037277,0008-07-19 01:00:00,8,7,19,1,0,710,176,rue FRancois DUCAROUGE,46.49,3.987,Nuit avec éclairage allumé,En agglomération,Hors intersection,Normale,Autre collision,,,,,,,,,,,5,2,1,1,6
200800037278,0008-07-03 11:45:00,8,7,3,11,45,710,342,,46.469,4.101,Plein jour,Hors agglomération,Hors intersection,Pluie légère,Deux véhicules - arrière,,,,,,,,,,,1,1,1,2,2
200800037279,0008-07-05 21:15:00,8,7,5,21,15,710,390,,46.735,4.329,Crépuscule ou aube,Hors agglomération,Hors intersection,Normale,Autre collision,,,,,,,,,,,2,1,1,1,6
200800037280,0008-07-13 18:00:00,8,7,13,18,0,710,347,,,,Plein jour,Hors agglomération,Hors intersection,Temps couvert,Autre collision,,,,,,,,,,,1,1,1,8,6
200800037281,0008-07-24 10:00:00,8,7,24,10,0,710,330,,46.604,3.974,Plein jour,Hors agglomération,Hors intersection,Normale,Deux véhicules - arrière,,,,,,,,,,,1,1,1,1,2
200800037282,0008-07-13 10:45:00,8,7,13,10,45,710,558,,,,Plein jour,Hors agglomération,Hors intersection,Normale,Deux véhicules - côté,,,,,,,,,,,1,1,1,1,3
200800037283,0008-07-02 17:45:00,8,7,2,17,45,890,83,,,,Plein jour,Hors agglomération,Hors intersection,Normale,Deux véhicules - frontale,,,,,,,,,,,1,1,1,1,1
200800037284,0008-07-18 20:45:00,8,7,18,20,45,890,427,,,,Crépuscule ou aube,Hors agglomération,Hors intersection,Normale,Deux véhicules - frontale,,,,,,,,,,,2,1,1,1,1
200800037285,0008-07-20 21:00:00,8,7,20,21,0,890,155,,,,Plein jour,Hors agglomération,Hors intersection,Normale,Autre collision,,,,,,,,,,,1,1,1,1,6
200800037286,0008-07-21 18:00:00,8,7,21,18,0,890,118,,,,Plein jour,Hors agglomération,Hors intersection,Normale,Deux véhicules - côté,,,,,,,,,,,1,1,1,1,3
200800037287,0008-07-25 17:15:00,8,7,25,17,15,890,154,,,,Plein jour,Hors agglomération,Hors intersection,Normale,Sans collision,,,,,,,,,,,1,1,1,1,7
200800037288,0008-07-09 08:00:00,8,7,9,8,0,890,292,,47.967,3.816,Plein jour,Hors agglomération,Hors intersection,Normale,Autre collision,,,,,,,,,,,1,1,1,1,6
200800037289,0008-07-10 17:45:00,8,7,10,17,45,890,186,,48.001,3.767,Plein jour,Hors agglomération,Hors intersection,Normale,Deux véhicules - arrière,,,,,,,,,,,1,1,1,1,2
200800037290,0008-07-26 05:00:00,8,7,26,5,0,890,41,,,,Crépuscule ou aube,Hors agglomération,Hors intersection,Normale,Autre collision,,,,,,,,,,,2,1,1,1,6
200800037291,0008-07-21 16:00:00,8,7,21,16,0,890,382,,,,Plein jour,Hors agglomération,Hors intersection,Normale,Deux véhicules - côté,,,,,,,,,,,1,1,1,1,3
200800037292,0008-07-12 18:00:00,8,7,12,18,0,890,419,CD 950,47.733,3.308,Plein jour,En agglomération,Hors intersection,Normale,Deux véhicules - côté,,,,,,,,,,,1,2,1,1,3
200800037293,0008-07-13 16:30:00,8,7,13,16,30,890,392,CD606,,,Plein jour,En agglomération,Hors intersection,Normale,Deux véhicules - frontale,,,,,,,,,,,1,2,1,1,1
200800037294,0008-07-13 22:30:00,8,7,13,22,30,890,203,,,,Nuit sans éclairage public,Hors agglomération,Hors intersection,Pluie légère,Deux véhicules - frontale,,,,,,,,,,,3,1,1,2,1
200800037295,0008-07-24 07:00:00,8,7,24,7,0,890,22,,,,Plein jour,Hors agglomération,Hors intersection,Normale,Autre collision,,,,,,,,,,,1,1,1,1,6
200800037296,0008-07-24 12:30:00,8,7,24,12,30,890,339,,,,Plein jour,Hors agglomération,Hors intersection,Normale,Deux véhicules - frontale,,,,,,,,,,,1,1,1,1,1
200800037297,0008-07-17 10:15:00,8,7,17,10,15,890,206,Rue Roger Thureau,47.978,3.398,Plein jour,En agglomération,Hors intersection,Normale,Deux véhicules - côté,,,,,,,,,,,1,2,1,1,3
200800037298,0008-07-28 18:45:00,8,7,28,18,45,890,230,,47.987,3.447,Plein jour,Hors agglomération,Hors intersection,Normale,Trois véhicules et plus - collisions multiples,,,,,,,,,,,1,1,1,1,5
200800037299,0008-07-05 00:30:00,8,7,5,0,30,890,3,grande rue st antoine,47.878,3.353,Nuit avec éclairage allumé,En agglomération,Hors intersection,Normale,Autre collision,,,,,,,,,,,5,2,1,1,6
200800037300,0008-07-13 03:45:00,8,7,13,3,45,890,454,,,,Nuit sans éclairage public,En agglomération,Hors intersection,Normale,Autre collision,,,,,,,,,,,3,2,1,1,6
200800037301,0008-07-14 17:30:00,8,7,14,17,30,890,138,,,,Plein jour,Hors agglomération,Hors intersection,Normale,Deux véhicules - arrière,,,,,,,,,,,1,1,1,1,2
200800037302,0008-07-19 03:45:00,8,7,19,3,45,890,138,,,,Nuit avec éclairage non allumé,Hors agglomération,Hors intersection,Normale,Autre collision,,,,,,,,,,,4,1,1,1,6
200800037303,0008-07-13 17:00:00,8,7,13,17,0,890,113,RUE DES BRUYERES,,,Plein jour,En agglomération,Hors intersection,Normale,Sans collision,,,,,,,,,,,1,2,1,1,7
200800037304,0008-07-17 09:45:00,8,7,17,9,45,890,399,Rue pasteur,,,Plein jour,En agglomération,Hors intersection,Normale,Deux véhicules - côté,,,,,,,,,,,1,2,1,1,3
200800037305,0008-07-24 18:45:00,8,7,24,18,45,890,291,,,,Plein jour,Hors agglomération,Hors intersection,Normale,Sans collision,,,,,,,,,,,1,1,1,1,7
200800037306,0008-07-07 18:00:00,8,7,7,18,0,890,465,,,,Plein jour,Hors agglomération,Hors intersection,Pluie légère,Autre collision,,,,,,,,,,,1,1,1,2,6
200800037307,0008-07-01 16:30:00,8,7,1,16,30,890,370,,48.183,3.113,Plein jour,Hors agglomération,Hors intersection,Normale,Deux véhicules - arrière,,,,,,,,,,,1,1,1,1,2
200800037308,0008-07-24 13:00:00,8,7,24,13,0,890,100,,,,Plein jour,En agglomération,Hors intersection,Normale,Deux véhicules - côté,,,,,,,,,,,1,2,1,1,3
200800037309,0008-07-25 21:15:00,8,7,25,21,15,890,459,,,,Crépuscule ou aube,Hors agglomération,Hors intersection,Normale,Autre collision,,,,,,,,,,,2,1,1,1,6
200800037310,0008-07-26 20:45:00,8,7,26,20,45,890,151,,48.113,3.196,Plein jour,Hors agglomération,Hors intersection,Normale,Autre collision,,,,,,,,,,,1,1,1,1,6
200800037311,0008-07-06 22:45:00,8,7,6,22,45,890,348,RUE PASTEUR,,,Nuit avec éclairage allumé,En agglomération,Hors intersection,Normale,Sans collision,,,,,,,,,,,5,2,1,1,7
200800037312,0008-07-20 20:00:00,8,7,20,20,0,890,388,,,,Plein jour,Hors agglomération,Hors intersection,Normale,Deux véhicules - côté,,,,,,,,,,,1,1,1,1,3
200800037313,0008-07-25 21:45:00,8,7,25,21,45,890,184,,47.74,4.17,Nuit sans éclairage public,Hors agglomération,Hors intersection,Normale,Sans collision,,,,,,,,,,,3,1,1,1,7
200800037314,0008-07-05 13:00:00,8,7,5,13,0,250,535,3 rue de la rape,,,Plein jour,En agglomération,Hors intersection,Normale,Sans collision,,,,,,,,,,,1,2,1,1,7
200800037315,0008-07-09 22:45:00,8,7,9,22,45,250,434,Rue Edouard Bastide,,,Nuit avec éclairage allumé,En agglomération,Hors intersection,Normale,Sans collision,,,,,,,,,,,5,2,1,1,7
200800037316,0008-07-27 20:30:00,8,7,27,20,30,250,55,1 rue de la chainee,,,Crépuscule ou aube,En agglomération,Intersection en X,Normale,Deux véhicules - côté,,,,,,,,,,,2,2,2,1,3
200800037317,0008-07-10 13:30:00,8,7,10,13,30,250,170,,47.492,6.803,Plein jour,Hors agglomération,Hors intersection,Normale,Deux véhicules - côté,,,,,,,,,,,1,1,1,1,3
200800037318,0008-07-24 14:30:00,8,7,24,14,30,250,367,rue du 17 novembre,,,Plein jour,En agglomération,Hors intersection,Normale,Deux véhicules - arrière,,,,,,,,,,,1,2,1,1,2
200800037319,0008-07-31 19:00:00,8,7,31,19,0,250,196,rue du moulin,,,Plein jour,En agglomération,Hors intersection,Normale,Deux véhicules - côté,,,,,,,,,,,1,2,1,1,3
200800037320,0008-07-12 15:15:00,8,7,12,15,15,250,425,,47.102,6.656,Plein jour,Hors agglomération,Hors intersection,Normale,Sans collision,,,,,,,,,,,1,1,1,1,7
200800037321,0008-07-07 04:45:00,8,7,7,4,45,250,370,rue du Pont,47.45,6.786,Crépuscule ou aube,En agglomération,Hors intersection,Normale,Deux véhicules - frontale,,,,,,,,,,,2,2,1,1,1
200800037322,0008-07-09 11:00:00,8,7,9,11,0,250,22,,,,Plein jour,Hors agglomération,Hors intersection,Temps couvert,Deux véhicules - frontale,,,,,,,,,,,1,1,1,8,1
200800037323,0008-07-10 20:45:00,8,7,10,20,45,250,599,,47.334,6.224,Crépuscule ou aube,Hors agglomération,Hors intersection,Normale,Sans collision,,,,,,,,,,,2,1,1,1,7
200800037324,0008-07-04 18:15:00,8,7,4,18,15,250,233,Rue de la Ruine,,,Plein jour,En agglomération,Hors intersection,Normale,Deux véhicules - côté,,,,,,,,,,,1,2,1,1,3
200800037325,0008-07-16 17:30:00,8,7,16,17,30,250,157,Les Rosiers,,,Plein jour,En agglomération,Hors intersection,Normale,Deux véhicules - arrière,,,,,,,,,,,1,2,1,1,2
200800037326,0008-07-08 23:15:00,8,7,8,23,15,250,514,,,,Nuit sans éclairage public,Hors agglomération,Hors intersection,Normale,Deux véhicules - frontale,,,,,,,,,,,3,1,1,1,1
200800037327,0008-07-12 07:30:00,8,7,12,7,30,250,321,,,,Plein jour,Hors agglomération,Hors intersection,Pluie légère,Autre collision,,,,,,,,,,,1,1,1,2,6
200800037328,0008-07-22 06:45:00,8,7,22,6,45,390,326,,,,Plein jour,Hors agglomération,Hors intersection,Normale,Deux véhicules - frontale,,,,,,,,,,,1,1,1,1,1
200800037329,0008-07-31 01:15:00,8,7,31,1,15,390,530,route de BOURG,,,Nuit avec éclairage allumé,En agglomération,Hors intersection,Temps couvert,Autre collision,,,,,,,,,,,5,2,1,8,6
200800037330,0008-07-28 18:45:00,8,7,28,18,45,390,439,,46.995,5.829,Plein jour,Hors agglomération,Hors intersection,Normale,Trois véhicules et plus - collisions multiples,,,,,,,,,,,1,1,1,1,5
200800037331,0008-07-17 09:15:00,8,7,17,9,15,390,219,,,,Plein jour,Hors agglomération,Hors intersection,Normale,Deux véhicules - arrière,,,,,,,,,,,1,1,1,1,2
200800037332,0008-07-05 11:45:00,8,7,5,11,45,390,269,,46.399,5.726,Plein jour,Hors agglomération,Hors intersection,Normale,Autre collision,,,,,,,,,,,1,1,1,1,6
200800037333,0008-07-26 09:00:00,8,7,26,9,0,390,339,route de LYON,46.36,5.77,Plein jour,En agglomération,Hors intersection,Normale,Autre collision,,,,,,,,,,,1,2,1,1,6
200800037334,0008-07-16 15:45:00,8,7,16,15,45,390,470,,46.51,6.031,Plein jour,Hors agglomération,Hors intersection,Normale,Trois véhicules et plus - collisions multiples,,,,,,,,,,,1,1,1,1,5
200800037335,0008-07-20 20:00:00,8,7,20,20,0,390,367,,46.538,6.015,Crépuscule ou aube,Hors agglomération,Hors intersection,Normale,Deux véhicules - frontale,,,,,,,,,,,2,1,1,1,1
200800037336,0008-07-12 20:00:00,8,7,12,20,0,700,428,,,,Plein jour,Hors agglomération,Hors intersection,Normale,Autre collision,,,,,,,,,,,1,1,1,1,6
200800037337,0008-07-08 13:00:00,8,7,8,13,0,700,454,grande rue,,,Plein jour,En agglomération,Intersection en T,Normale,Deux véhicules - frontale,,,,,,,,,,,1,2,3,1,1
200800037338,0008-07-03 17:45:00,8,7,3,17,45,700,324,,47.539,6.04,Plein jour,Hors agglomération,Hors intersection,Pluie forte,Deux véhicules - frontale,,,,,,,,,,,1,1,1,3,1
200800037339,0008-07-23 17:30:00,8,7,23,17,30,700,138,rond point,47.649,5.979,Plein jour,En agglomération,Giratoire,Normale,Deux véhicules - frontale,,,,,,,,,,,1,2,6,1,1
200800037340,0008-07-22 06:30:00,8,7,22,6,30,700,405,,,,Plein jour,Hors agglomération,Hors intersection,Normale,Deux véhicules - frontale,,,,,,,,,,,1,1,1,1,1
200800037341,0008-07-28 13:45:00,8,7,28,13,45,700,310,Face au 93 avenue CARNOT,47.68,6.508,Plein jour,En agglomération,Hors intersection,Normale,Deux véhicules - arrière,,,,,,,,,,,1,2,1,1,2
200800037342,0008-07-02 11:00:00,8,7,2,11,0,700,240,,,,Plein jour,Hors agglomération,Intersection en T,Normale,Deux véhicules - côté,,,,,,,,,,,1,1,3,1,3
200800037343,0008-07-23 16:45:00,8,7,23,16,45,700,245,,,,Plein jour,Hors agglomération,Hors intersection,Normale,Trois véhicules et plus - collisions multiples,,,,,,,,,,,1,1,1,1,5
200800037344,0008-07-27 18:30:00,8,7,27,18,30,700,220,RUE DE LA GARE,,,Plein jour,En agglomération,Hors intersection,Normale,Deux véhicules - côté,,,,,,,,,,,1,2,1,1,3
200800037345,0008-07-01 11:45:00,8,7,1,11,45,700,201,,47.585,5.64,Plein jour,En agglomération,Intersection en T,Normale,Deux véhicules - frontale,,,,,,,,,,,1,2,3,1,1
200800037346,0008-07-06 00:15:00,8,7,6,0,15,700,492,rue de la creuse,47.586,5.882,Nuit sans éclairage public,En agglomération,Hors intersection,Normale,Autre collision,,,,,,,,,,,3,2,1,1,6
200800037347,0008-07-19 12:45:00,8,7,19,12,45,700,409,,47.657,5.578,Plein jour,Hors agglomération,Hors intersection,Normale,Deux véhicules - arrière,,,,,,,,,,,1,1,1,1,2
200800037348,0008-07-05 17:00:00,8,7,5,17,0,700,393,,,,Plein jour,Hors agglomération,Hors intersection,Normale,Deux véhicules - côté,,,,,,,,,,,1,1,1,1,3
200800037349,0008-07-15 16:00:00,8,7,15,16,0,900,11,,,,Plein jour,Hors agglomération,Hors intersection,Normale,Deux véhicules - arrière,,,,,,,,,,,1,1,1,1,2
200800037350,0008-07-16 09:30:00,8,7,16,9,30,900,34,29 Avenue d'Alsace,47.657,6.898,Plein jour,En agglomération,Hors intersection,Normale,Deux véhicules - frontale,,,,,,,,,,,1,2,1,1,1
200800037351,0008-07-16 20:15:00,8,7,16,20,15,900,15,,47.605,6.847,Crépuscule ou aube,Hors agglomération,Hors intersection,Normale,Autre collision,,,,,,,,,,,2,1,1,1,6
200800037352,0008-07-11 05:15:00,8,7,11,5,15,900,45,,,,Crépuscule ou aube,Hors agglomération,Hors intersection,Normale,Deux véhicules - côté,,,,,,,,,,,2,1,1,1,3
200800037353,0008-07-23 16:00:00,8,7,23,16,0,900,31,,,,Plein jour,Hors agglomération,Hors intersection,Normale,Deux véhicules - frontale,,,,,,,,,,,1,1,1,1,1
200800037354,0008-07-28 14:45:00,8,7,28,14,45,900,31,,,,Plein jour,Hors agglomération,Hors intersection,Normale,Autre collision,,,,,,,,,,,1,1,1,1,6
200800037355,0008-07-13 07:00:00,8,7,13,7,0,260,325,,45.302,4.823,Plein jour,Hors agglomération,Hors intersection,Normale,Autre collision,,,,,,,,,,,1,1,1,1,6
200800037356,0008-07-17 17:00:00,8,7,17,17,0,380,72,,45.317,4.812,Plein jour,Hors agglomération,Hors intersection,Normale,Deux véhicules - arrière,,,,,,,,,,,1,1,1,1,2
200800037357,0008-07-03 22:00:00,8,7,3,22,0,260,72,,,,Nuit sans éclairage public,Hors agglomération,Hors intersection,Normale,Trois véhicules et plus - en chaîne,,,,,,,,,,,3,1,1,1,4
200800037358,0008-07-17 10:00:00,8,7,17,10,0,260,156,,45.107,4.881,Plein jour,Hors agglomération,Hors intersection,Normale,Autre collision,,,,,,,,,,,1,1,1,1,6
200800037359,0008-07-15 07:00:00,8,7,15,7,0,260,362,,,,Plein jour,Hors agglomération,Autre intersection,Normale,Trois véhicules et plus - collisions multiples,,,,,,,,,,,1,1,9,1,5
200800037360,0008-07-17 14:45:00,8,7,17,14,45,260,5,,44.496,4.768,Plein jour,Hors agglomération,Hors intersection,Normale,Deux véhicules - côté,,,,,,,,,,,1,1,1,1,3
200800037361,0008-07-28 11:00:00,8,7,28,11,0,260,339,,,,Plein jour,Hors agglomération,Hors intersection,Normale,Trois véhicules et plus - collisions multiples,,,,,,,,,,,1,1,1,1,5
200800037362,0008-07-31 07:30:00,8,7,31,7,30,260,339,,44.612,4.793,Crépuscule ou aube,Hors agglomération,Hors intersection,Normale,Deux véhicules - arrière,,,,,,,,,,,2,1,1,1,2
200800037363,0008-07-13 10:15:00,8,7,13,10,15,130,111,,,,Plein jour,Hors agglomération,Hors intersection,Normale,Deux véhicules - côté,,,,,,,,,,,1,1,1,1,3
200800037364,0008-07-05 18:45:00,8,7,5,18,45,130,60,,,,Plein jour,Hors agglomération,Hors intersection,Normale,Deux véhicules - arrière,,,,,,,,,,,1,1,1,1,2
200800037365,0008-07-30 12:15:00,8,7,30,12,15,130,59,,43.648,5.5,Plein jour,Hors agglomération,Hors intersection,Normale,Deux véhicules - frontale,,,,,,,,,,,1,1,1,1,1
200800037366,0008-07-07 12:15:00,8,7,7,12,15,130,19,,43.458,5.374,Plein jour,Hors agglomération,Hors intersection,Normale,Sans collision,,,,,,,,,,,1,1,1,1,7
200800037367,0008-07-29 12:00:00,8,7,29,12,0,130,19,CD 543,,,Plein jour,En agglomération,Hors intersection,Normale,Deux véhicules - côté,,,,,,,,,,,1,2,1,1,3
200800037368,0008-07-08 15:45:00,8,7,8,15,45,130,27,,43.911,4.814,Plein jour,Hors agglomération,Hors intersection,Normale,Trois véhicules et plus - collisions multiples,,,,,,,,,,,1,1,1,1,5
200800037369,0008-07-06 14:45:00,8,7,6,14,45,130,30,,43.269,5.667,Plein jour,Hors agglomération,Hors intersection,Normale,Deux véhicules - frontale,,,,,,,,,,,1,1,1,1,1
200800037370,0008-07-20 06:30:00,8,7,20,6,30,130,7,,,,Crépuscule ou aube,Hors agglomération,Hors intersection,Normale,Sans collision,,,,,,,,,,,2,1,1,1,7
200800037371,0008-07-22 16:00:00,8,7,22,16,0,130,16,RD 96,,,Plein jour,En agglomération,Hors intersection,Normale,Deux véhicules - frontale,,,,,,,,,,,1,2,1,1,1
200800037372,0008-07-07 12:00:00,8,7,7,12,0,130,14,"quartier mauran, cd 21D",43.51,5.142,Plein jour,En agglomération,Hors intersection,Normale,Autre collision,,,,,,,,,,,1,2,1,1,6
200800037373,0008-07-22 12:30:00,8,7,22,12,30,130,14,,43.505,5.152,Plein jour,Hors agglomération,Hors intersection,Normale,Deux véhicules - côté,,,,,,,,,,,1,1,1,1,3
200800037374,0008-07-26 21:00:00,8,7,26,21,0,130,92,,43.531,5.083,Crépuscule ou aube,Hors agglomération,Hors intersection,Normale,Autre collision,,,,,,,,,,,2,1,1,1,6
200800037375,0008-07-05 12:15:00,8,7,5,12,15,130,3,,43.726,5.137,Plein jour,Hors agglomération,Hors intersection,Normale,Deux véhicules - côté,,,,,,,,,,,1,1,1,1,3
200800037376,0008-07-05 22:15:00,8,7,5,22,15,130,105,,43.768,5.063,Nuit sans éclairage public,Hors agglomération,Hors intersection,Normale,Autre collision,,,,,,,,,,,3,1,1,1,6
200800037377,0008-07-02 20:15:00,8,7,2,20,15,130,81,,,,Crépuscule ou aube,Hors agglomération,Hors intersection,Normale,Deux véhicules - frontale,,,,,,,,,,,2,1,1,1,1
200800037378,0008-07-17 01:45:00,8,7,17,1,45,130,82,C.D.543,,,Nuit avec éclairage allumé,En agglomération,Hors intersection,Normale,Autre collision,,,,,,,,,,,5,2,1,1,6
200800037379,0008-07-07 13:45:00,8,7,7,13,45,40,94,,43.79,5.82,Plein jour,Hors agglomération,Hors intersection,Normale,Autre collision,,,,,,,,,,,1,1,1,1,6
200800037380,0008-07-30 11:00:00,8,7,30,11,0,40,94,,43.77,5.87,Plein jour,Hors agglomération,Hors intersection,Normale,Deux véhicules - côté,,,,,,,,,,,1,1,1,1,3
200800037381,0008-07-04 15:15:00,8,7,4,15,15,40,84,ROUTE DE SAINT JURS,,,Plein jour,En agglomération,Hors intersection,Normale,Deux véhicules - frontale,,,,,,,,,,,1,2,1,1,1
200800037382,0008-07-29 09:45:00,8,7,29,9,45,40,22,,43.947,6.383,Plein jour,Hors agglomération,Hors intersection,Normale,Autre collision,,,,,,,,,,,1,1,1,1,6
200800037383,0008-07-08 12:00:00,8,7,8,12,0,40,62,,44.444,6.743,Plein jour,Hors agglomération,Hors intersection,Normale,Deux véhicules - côté,,,,,,,,,,,1,1,1,1,3
200800037384,0008-07-27 13:45:00,8,7,27,13,45,40,96,,44.402,6.769,Plein jour,Hors agglomération,Hors intersection,Normale,Sans collision,,,,,,,,,,,1,1,1,1,7
200800037385,0008-07-08 17:00:00,8,7,8,17,0,40,237,,,,Plein jour,Hors agglomération,Hors intersection,Normale,Deux véhicules - côté,,,,,,,,,,,1,1,1,1,3
200800037386,0008-07-17 05:00:00,8,7,17,5,0,40,205,Route de St Pons CD207,,,Nuit sans éclairage public,En agglomération,Hors intersection,Normale,Sans collision,,,,,,,,,,,3,2,1,1,7
200800037387,0008-07-22 18:30:00,8,7,22,18,30,40,161,,,,Plein jour,Hors agglomération,Hors intersection,Normale,Sans collision,,,,,,,,,,,1,1,1,1,7
200800037388,0008-07-25 00:30:00,8,7,25,0,30,40,39,,43.846,6.498,Nuit sans éclairage public,Hors agglomération,Hors intersection,Normale,Autre collision,,,,,,,,,,,3,1,1,1,6
200800037389,0008-07-31 13:30:00,8,7,31,13,30,40,135,,43.847,6.211,Plein jour,Hors agglomération,Hors intersection,Normale,Sans collision,,,,,,,,,,,1,1,1,1,7
200800037390,0008-07-07 13:45:00,8,7,7,13,45,40,88,,,,Plein jour,Hors agglomération,Hors intersection,Normale,Sans collision,,,,,,,,,,,1,1,1,1,7
200800037391,0008-07-08 08:15:00,8,7,8,8,15,40,45,,43.862,5.589,Plein jour,Hors agglomération,Hors intersection,Normale,Deux véhicules - frontale,,,,,,,,,,,1,1,1,1,1
200800037392,0008-07-08 16:15:00,8,7,8,16,15,40,13,,44.12,5.994,Plein jour,Hors agglomération,Hors intersection,Normale,Deux véhicules - frontale,,,,,,,,,,,1,1,1,1,1
200800037393,0008-07-04 14:15:00,8,7,4,14,15,50,34,,44.278,5.805,Plein jour,Hors agglomération,Hors intersection,Normale,Autre collision,,,,,,,,,,,1,1,1,1,6
200800037394,0008-07-08 18:45:00,8,7,8,18,45,50,178,,44.368,5.884,Plein jour,Hors agglomération,Hors intersection,Normale,Sans collision,,,,,,,,,,,1,1,1,1,7
200800037395,0008-07-11 15:30:00,8,7,11,15,30,50,34,,44.278,5.806,Plein jour,Hors agglomération,Hors intersection,Normale,Autre collision,,,,,,,,,,,1,1,1,1,6
200800037396,0008-07-19 09:00:00,8,7,19,9,0,50,70,CD 1075,44.322,5.814,Plein jour,En agglomération,Hors intersection,Normale,Deux véhicules - frontale,,,,,,,,,,,1,2,1,1,1
200800037397,0008-07-14 05:45:00,8,7,14,5,45,50,72,,,,Crépuscule ou aube,Hors agglomération,Hors intersection,Normale,Autre collision,,,,,,,,,,,2,1,1,1,6
200800037398,0008-07-04 17:30:00,8,7,4,17,30,50,176,,,,Plein jour,Hors agglomération,Hors intersection,Normale,Deux véhicules - frontale,,,,,,,,,,,1,1,1,1,1
200800037399,0008-07-29 16:45:00,8,7,29,16,45,50,162,rue de charreirasse,,,Plein jour,En agglomération,Hors intersection,Normale,Autre collision,,,,,,,,,,,1,2,1,1,6
200800037400,0008-07-12 14:15:00,8,7,12,14,15,50,143,,,,Plein jour,Hors agglomération,Hors intersection,Normale,Deux véhicules - côté,,,,,,,,,,,1,1,1,1,3
200800037401,0008-07-19 12:30:00,8,7,19,12,30,50,55,,,,Plein jour,Hors agglomération,Hors intersection,Normale,Deux véhicules - frontale,,,,,,,,,,,1,1,1,1,1
200800037402,0008-07-25 17:15:00,8,7,25,17,15,50,179,,,,Plein jour,Hors agglomération,Hors intersection,Normale,Deux véhicules - frontale,,,,,,,,,,,1,1,1,1,1
200800037403,0008-07-13 03:30:00,8,7,13,3,30,50,183,,44.872,6.618,Nuit sans éclairage public,Hors agglomération,Hors intersection,Normale,Sans collision,,,,,,,,,,,3,1,1,1,7
200800037404,0008-07-19 09:15:00,8,7,19,9,15,50,180,Le pont du rif,44.827,6.539,Plein jour,En agglomération,Hors intersection,Normale,Deux véhicules - frontale,,,,,,,,,,,1,2,1,1,1
200800037405,0008-07-14 11:45:00,8,7,14,11,45,50,36,les pins,,,Plein jour,En agglomération,Hors intersection,Normale,Deux véhicules - côté,,,,,,,,,,,1,2,1,1,3