accident_id,datetime,annee,mois,jour,heure,minute,departement,commune_insee,adresse,latitude,longitude,luminosite,agglomeration,intersection,meteo,collision,nb_vehicules,nb_usagers,nb_indemnes,nb_tues,nb_blesses_hosp,nb_blesses_legers,age_cond_1,age_cond_2,veh_type_cond_1,veh_type_cond_2,lum_code,agg_code,int_code,atm_code,col_code
200800037406,0008-07-12 20:15:00,8,7,12,20,15,50,52,RN94 STATION ESENCE AVIA,,,Plein jour,En agglomération,Hors intersection,Normale,Deux véhicules - frontale,,,,,,,,,,,1,2,1,1,1
200800037407,0008-07-13 15:15:00,8,7,13,15,15,50,134,,,,Plein jour,Hors agglomération,Hors intersection,Normale,Deux véhicules - frontale,,,,,,,,,,,1,1,1,1,1
200800037408,0008-07-15 20:00:00,8,7,15,20,0,60,48,,,,Plein jour,Hors agglomération,Hors intersection,Normale,Deux véhicules - frontale,,,,,,,,,,,1,1,1,1,1
200800037409,0008-07-23 13:00:00,8,7,23,13,0,60,57,,,,Plein jour,Hors agglomération,Hors intersection,Normale,Deux véhicules - frontale,,,,,,,,,,,1,1,1,1,1
200800037410,0008-07-05 18:45:00,8,7,5,18,45,60,151,,,,Plein jour,Hors agglomération,Hors intersection,Normale,Deux véhicules - frontale,,,,,,,,,,,1,1,1,1,1
200800037411,0008-07-13 23:30:00,8,7,13,23,30,60,103,,,,Nuit avec éclairage allumé,Hors agglomération,Hors intersection,Normale,Autre collision,,,,,,,,,,,5,1,1,1,6
200800037412,0008-07-02 10:00:00,8,7,2,10,0,60,114,,43.752,7.294,Plein jour,Hors agglomération,Hors intersection,Normale,Deux véhicules - côté,,,,,,,,,,,1,1,1,1,3
200800037413,0008-07-17 20:45:00,8,7,17,20,45,60,54,,43.769,7.331,Crépuscule ou aube,Hors agglomération,Hors intersection,Normale,Deux véhicules - côté,,,,,,,,,,,2,1,1,1,3
200800037414,0008-07-19 19:00:00,8,7,19,19,0,60,161,RD6007,,,Plein jour,En agglomération,Hors intersection,Normale,Deux véhicules - frontale,,,,,,,,,,,1,2,1,1,1
200800037415,0008-07-30 18:30:00,8,7,30,18,30,60,161,route du bord de mer,,,Plein jour,En agglomération,Hors intersection,Normale,Deux véhicules - frontale,,,,,,,,,,,1,2,1,1,1
200800037416,0008-07-08 22:45:00,8,7,8,22,45,60,79,boulevard Henri CLEWS,43.526,6.937,Nuit avec éclairage allumé,En agglomération,Hors intersection,Normale,Deux véhicules - côté,,,,,,,,,,,5,2,1,1,3
200800037417,0008-07-10 09:00:00,8,7,10,9,0,60,79,Avenue Henry Clews,43.527,6.94,Plein jour,En agglomération,Hors intersection,Normale,Autre collision,,,,,,,,,,,1,2,1,1,6
200800037418,0008-07-24 21:45:00,8,7,24,21,45,60,79,462 AVENUE JEAN MONNET,43.548,6.933,Nuit avec éclairage allumé,En agglomération,Hors intersection,Normale,Deux véhicules - côté,,,,,,,,,,,5,2,1,1,3
200800037419,0008-07-28 14:00:00,8,7,28,14,0,60,79,st vincent de paul,,,Plein jour,En agglomération,Hors intersection,Normale,Sans collision,,,,,,,,,,,1,2,1,1,7
200800037420,0008-07-07 08:45:00,8,7,7,8,45,60,157,276 Avenue Henri Matisse,43.731,7.113,Plein jour,En agglomération,Hors intersection,Normale,Deux véhicules - côté,,,,,,,,,,,1,2,1,1,3
200800037421,0008-07-17 00:45:00,8,7,17,0,45,60,157,,43.734,7.124,Nuit sans éclairage public,Hors agglomération,Hors intersection,Normale,Sans collision,,,,,,,,,,,3,1,1,1,7
200800037422,0008-07-01 18:15:00,8,7,1,18,15,60,64,Chemin de provence,,,Plein jour,En agglomération,Hors intersection,Normale,Deux véhicules - côté,,,,,,,,,,,1,2,1,1,3
200800037423,0008-07-15 18:15:00,8,7,15,18,15,60,126,332 route du college,,,Plein jour,En agglomération,Hors intersection,Normale,Deux véhicules - frontale,,,,,,,,,,,1,2,1,1,1
200800037424,0008-07-18 15:00:00,8,7,18,15,0,60,64,,,,Plein jour,Hors agglomération,Hors intersection,Normale,Deux véhicules - côté,,,,,,,,,,,1,1,1,1,3
200800037425,0008-07-18 16:45:00,8,7,18,16,45,60,64,,,,Plein jour,Hors agglomération,Hors intersection,Normale,Deux véhicules - frontale,,,,,,,,,,,1,1,1,1,1
200800037426,0008-07-19 14:30:00,8,7,19,14,30,60,46,,,,Plein jour,Hors agglomération,Hors intersection,Normale,Deux véhicules - frontale,,,,,,,,,,,1,1,1,1,1
200800037427,0008-07-01 16:00:00,8,7,1,16,0,60,136,,43.858,7.448,Plein jour,Hors agglomération,Hors intersection,Normale,Deux véhicules - frontale,,,,,,,,,,,1,1,1,1,1
200800037428,0008-07-12 15:45:00,8,7,12,15,45,60,136,N?8 AVENUE JEAN MEDECIN,43.881,7.452,Plein jour,En agglomération,Hors intersection,Normale,Autre collision,,,,,,,,,,,1,2,1,1,6
200800037429,0008-07-27 13:15:00,8,7,27,13,15,60,136,,43.858,7.449,Plein jour,Hors agglomération,Hors intersection,Normale,Autre collision,,,,,,,,,,,1,1,1,1,6
200800037430,0008-07-05 14:30:00,8,7,5,14,30,60,163,,44.116,7.567,Plein jour,Hors agglomération,Hors intersection,Normale,Deux véhicules - frontale,,,,,,,,,,,1,1,1,1,1
200800037431,0008-07-06 17:30:00,8,7,6,17,30,60,71,,44.113,6.834,Plein jour,Hors agglomération,Intersection en Y,Temps couvert,Deux véhicules - côté,,,,,,,,,,,1,1,4,8,3
200800037432,0008-07-21 11:45:00,8,7,21,11,45,60,97,route du vieux pierrefeu,43.868,7.088,Plein jour,En agglomération,Hors intersection,Normale,Deux véhicules - frontale,,,,,,,,,,,1,2,1,1,1
200800037433,0008-07-01 21:30:00,8,7,1,21,30,60,110,,,,Plein jour,Hors agglomération,Hors intersection,Autre,Sans collision,,,,,,,,,,,1,1,1,9,7
200800037434,0008-07-02 13:00:00,8,7,2,13,0,60,110,,,,Plein jour,Hors agglomération,Hors intersection,Normale,Deux véhicules - frontale,,,,,,,,,,,1,1,1,1,1
200800037435,0008-07-14 17:45:00,8,7,14,17,45,830,38,,,,Plein jour,Hors agglomération,Hors intersection,Temps éblouissant,Deux véhicules - frontale,,,,,,,,,,,1,1,1,7,1
200800037436,0008-07-05 21:15:00,8,7,5,21,15,830,134,,,,Nuit sans éclairage public,Hors agglomération,Hors intersection,Normale,Autre collision,,,,,,,,,,,3,1,1,1,6
200800037437,0008-07-05 18:45:00,8,7,5,18,45,830,4,,,,Plein jour,Hors agglomération,Giratoire,Normale,Deux véhicules - côté,,,,,,,,,,,1,1,6,1,3
200800037438,0008-07-11 14:30:00,8,7,11,14,30,830,4,,,,Plein jour,Hors agglomération,Hors intersection,Normale,Autre collision,,,,,,,,,,,1,1,1,1,6
200800037439,0008-07-14 11:45:00,8,7,14,11,45,830,10,,,,Plein jour,Hors agglomération,Hors intersection,Normale,Deux véhicules - côté,,,,,,,,,,,1,1,1,1,3
200800037440,0008-07-24 06:45:00,8,7,24,6,45,830,44,,,,Plein jour,Hors agglomération,Hors intersection,Normale,Autre collision,,,,,,,,,,,1,1,1,1,6
200800037441,0008-07-09 09:30:00,8,7,9,9,30,830,55,,43.591,6.67,Plein jour,Hors agglomération,Hors intersection,Normale,Deux véhicules - frontale,,,,,,,,,,,1,1,1,1,1
200800037442,0008-07-07 08:00:00,8,7,7,8,0,830,31,,,,Plein jour,Hors agglomération,Hors intersection,Pluie légère,Deux véhicules - frontale,,,,,,,,,,,1,1,1,2,1
200800037443,0008-07-24 20:00:00,8,7,24,20,0,830,73,rue victor HUGO,,,Plein jour,En agglomération,Hors intersection,Normale,Deux véhicules - frontale,,,,,,,,,,,1,2,1,1,1
200800037444,0008-07-15 14:30:00,8,7,15,14,30,830,121,Avenue Victor HUGO,,,Plein jour,En agglomération,Hors intersection,Normale,Deux véhicules - côté,,,,,,,,,,,1,2,1,1,3
200800037445,0008-07-01 22:00:00,8,7,1,22,0,830,23,,,,Nuit sans éclairage public,Hors agglomération,Hors intersection,Normale,Deux véhicules - côté,,,,,,,,,,,3,1,1,1,3
200800037446,0008-07-18 18:15:00,8,7,18,18,15,830,23,,,,Plein jour,Hors agglomération,Hors intersection,Normale,Trois véhicules et plus - collisions multiples,,,,,,,,,,,1,1,1,1,5
200800037447,0008-07-27 12:45:00,8,7,27,12,45,830,46,,,,Plein jour,Hors agglomération,Hors intersection,Normale,Deux véhicules - arrière,,,,,,,,,,,1,1,1,1,2
200800037448,0008-07-02 21:00:00,8,7,2,21,0,830,76,,43.352,5.931,Plein jour,Hors agglomération,Hors intersection,Normale,Sans collision,,,,,,,,,,,1,1,1,1,7
200800037449,0008-07-27 04:30:00,8,7,27,4,30,830,106,,,,Nuit sans éclairage public,Hors agglomération,Hors intersection,Normale,Autre collision,,,,,,,,,,,3,1,1,1,6
200800037450,0008-07-06 18:45:00,8,7,6,18,45,830,21,,,,Plein jour,Hors agglomération,Hors intersection,Normale,Sans collision,,,,,,,,,,,1,1,1,1,7
200800037451,0008-07-21 20:45:00,8,7,21,20,45,830,97,,,,Crépuscule ou aube,Hors agglomération,Hors intersection,Normale,Autre collision,,,,,,,,,,,2,1,1,1,6
200800037452,0008-07-21 18:15:00,8,7,21,18,15,830,99,CHEMIN DE STAINT TROPEZ,,,Plein jour,En agglomération,Hors intersection,Normale,Trois véhicules et plus - collisions multiples,,,,,,,,,,,1,2,1,1,5
200800037453,0008-07-04 12:00:00,8,7,4,12,0,830,36,carrefour de l'Europe,,,Plein jour,En agglomération,Giratoire,Normale,Deux véhicules - côté,,,,,,,,,,,1,2,6,1,3
200800037454,0008-07-05 18:30:00,8,7,5,18,30,830,48,RD559,,,Plein jour,En agglomération,Hors intersection,Normale,Deux véhicules - côté,,,,,,,,,,,1,2,1,1,3
200800037455,0008-07-19 18:30:00,8,7,19,18,30,830,36,D 55AVENUE DE ST RAPHAEL,,,Plein jour,En agglomération,Hors intersection,Normale,Autre collision,,,,,,,,,,,1,2,1,1,6
200800037456,0008-07-20 23:30:00,8,7,20,23,30,830,48,,,,Nuit sans éclairage public,Hors agglomération,Hors intersection,Normale,Trois véhicules et plus - collisions multiples,,,,,,,,,,,3,1,1,1,5
200800037457,0008-07-01 13:00:00,8,7,1,13,0,830,68,,,,Plein jour,Hors agglomération,Hors intersection,Normale,Deux véhicules - côté,,,,,,,,,,,1,1,1,1,3
200800037458,0008-07-04 23:30:00,8,7,4,23,30,830,68,,,,Plein jour,Hors agglomération,Hors intersection,Normale,Trois véhicules et plus - collisions multiples,,,,,,,,,,,1,1,1,1,5
200800037459,0008-07-05 11:15:00,8,7,5,11,15,830,42,,,,Plein jour,Hors agglomération,Hors intersection,Normale,Trois véhicules et plus - collisions multiples,,,,,,,,,,,1,1,1,1,5
200800037460,0008-07-05 16:45:00,8,7,5,16,45,830,68,,,,Plein jour,Hors agglomération,Hors intersection,Normale,Trois véhicules et plus - collisions multiples,,,,,,,,,,,1,1,1,1,5
200800037461,0008-07-09 10:45:00,8,7,9,10,45,830,79,,,,Plein jour,Hors agglomération,Hors intersection,Normale,Trois véhicules et plus - collisions multiples,,,,,,,,,,,1,1,1,1,5
200800037462,0008-07-11 04:30:00,8,7,11,4,30,830,79,,,,Crépuscule ou aube,Hors agglomération,Hors intersection,Normale,Deux véhicules - frontale,,,,,,,,,,,2,1,1,1,1
200800037463,0008-07-11 16:45:00,8,7,11,16,45,830,63,,,,Plein jour,Hors agglomération,Hors intersection,Normale,Sans collision,,,,,,,,,,,1,1,1,1,7
200800037464,0008-07-26 15:15:00,8,7,26,15,15,830,42,,,,Plein jour,Hors agglomération,Hors intersection,Normale,Autre collision,,,,,,,,,,,1,1,1,1,6
200800037465,0008-07-25 17:30:00,8,7,25,17,30,830,42,,,,Plein jour,Hors agglomération,Hors intersection,Normale,Deux véhicules - côté,,,,,,,,,,,1,1,1,1,3
200800037466,0008-07-04 15:15:00,8,7,4,15,15,830,115,,,,Plein jour,Hors agglomération,Hors intersection,Normale,Deux véhicules - frontale,,,,,,,,,,,1,1,1,1,1
200800037467,0008-07-23 00:45:00,8,7,23,0,45,830,115,ave Georges Clemenceau,,,Nuit avec éclairage allumé,En agglomération,Hors intersection,Normale,Deux véhicules - côté,,,,,,,,,,,5,2,1,1,3
200800037468,0008-07-08 19:15:00,8,7,8,19,15,830,101,,,,Plein jour,Hors agglomération,Hors intersection,Normale,Deux véhicules - côté,,,,,,,,,,,1,1,1,1,3
200800037469,0008-07-09 18:45:00,8,7,9,18,45,830,65,,,,Plein jour,Hors agglomération,Hors intersection,Normale,Deux véhicules - frontale,,,,,,,,,,,1,1,1,1,1
200800037470,0008-07-15 17:30:00,8,7,15,17,30,830,65,,,,Plein jour,Hors agglomération,Hors intersection,Normale,Deux véhicules - côté,,,,,,,,,,,1,1,1,1,3
200800037471,0008-07-23 19:45:00,8,7,23,19,45,830,119,route des plages,,,Plein jour,En agglomération,Hors intersection,Normale,Deux véhicules - côté,,,,,,,,,,,1,2,1,1,3
200800037472,0008-07-28 13:45:00,8,7,28,13,45,830,119,,,,Plein jour,En agglomération,Hors intersection,Normale,Deux véhicules - arrière,,,,,,,,,,,1,2,1,1,2
200800037473,0008-07-27 18:30:00,8,7,27,18,30,830,101,,43.25,6.65,Plein jour,Hors agglomération,Hors intersection,Normale,Trois véhicules et plus - collisions multiples,,,,,,,,,,,1,1,1,1,5
200800037474,0008-07-31 09:30:00,8,7,31,9,30,830,101,,43.233,6.652,Plein jour,Hors agglomération,Hors intersection,Normale,Deux véhicules - côté,,,,,,,,,,,1,1,1,1,3
200800037475,0008-07-31 10:15:00,8,7,31,10,15,830,65,,43.258,6.593,Plein jour,Hors agglomération,Hors intersection,Normale,Deux véhicules - frontale,,,,,,,,,,,1,1,1,1,1
200800037476,0008-07-02 17:30:00,8,7,2,17,30,830,127,,,,Plein jour,Hors agglomération,Hors intersection,Normale,Sans collision,,,,,,,,,,,1,1,1,1,7
200800037477,0008-07-11 18:45:00,8,7,11,18,45,830,16,,,,Plein jour,Hors agglomération,Hors intersection,Normale,Deux véhicules - frontale,,,,,,,,,,,1,1,1,1,1
200800037478,0008-07-03 22:15:00,8,7,3,22,15,830,47,,43.136,6.058,Nuit sans éclairage public,Hors agglomération,Hors intersection,Normale,Deux véhicules - côté,,,,,,,,,,,3,1,1,1,3
200800037479,0008-07-04 12:00:00,8,7,4,12,0,830,71,,43.136,6.219,Plein jour,Hors agglomération,Hors intersection,Normale,Deux véhicules - frontale,,,,,,,,,,,1,1,1,1,1
200800037480,0008-07-13 13:30:00,8,7,13,13,30,830,27,,,,Plein jour,Hors agglomération,Hors intersection,Normale,Deux véhicules - frontale,,,,,,,,,,,1,1,1,1,1
200800037481,0008-07-21 07:30:00,8,7,21,7,30,840,132,,,,Plein jour,Hors agglomération,Hors intersection,Normale,Deux véhicules - frontale,,,,,,,,,,,1,1,1,1,1
200800037482,0008-07-23 18:30:00,8,7,23,18,30,840,119,D28,,,Plein jour,En agglomération,Hors intersection,Normale,Deux véhicules - côté,,,,,,,,,,,1,2,1,1,3
200800037483,0008-07-27 10:00:00,8,7,27,10,0,840,54,D901 et allee des nevons,,,Plein jour,En agglomération,Hors intersection,Temps éblouissant,Deux véhicules - frontale,,,,,,,,,,,1,2,1,7,1
200800037484,0008-07-03 06:45:00,8,7,3,6,45,840,141,Chemin de Causeran,,,Crépuscule ou aube,En agglomération,Hors intersection,Normale,Autre collision,,,,,,,,,,,2,2,1,1,6
200800037485,0008-07-17 17:15:00,8,7,17,17,15,840,92,26 Av. Charles DE GAULLE,43.964,4.873,Plein jour,En agglomération,Hors intersection,Normale,Deux véhicules - frontale,,,,,,,,,,,1,2,1,1,1
200800037486,0008-07-24 15:30:00,8,7,24,15,30,840,92,CHEMIN DU PERIGORD,,,Plein jour,En agglomération,Hors intersection,Normale,Deux véhicules - côté,,,,,,,,,,,1,2,1,1,3
200800037487,0008-07-30 01:45:00,8,7,30,1,45,840,92,rue des Hirondelles,43.965,4.855,Nuit avec éclairage allumé,En agglomération,Hors intersection,Normale,Deux véhicules - frontale,,,,,,,,,,,5,2,1,1,1
200800037488,0008-07-30 21:15:00,8,7,30,21,15,840,92,Avenue Charles de Gaulle,,,Nuit avec éclairage allumé,En agglomération,Hors intersection,Normale,Deux véhicules - côté,,,,,,,,,,,5,2,1,1,3
200800037489,0008-07-18 13:30:00,8,7,18,13,30,840,3,,43.886,5.347,Plein jour,Hors agglomération,Hors intersection,Temps éblouissant,Deux véhicules - frontale,,,,,,,,,,,1,1,1,7,1
200800037490,0008-07-30 00:30:00,8,7,30,0,30,840,3,Avenue Victor Hugo,43.887,5.381,Nuit sans éclairage public,En agglomération,Hors intersection,Normale,Autre collision,,,,,,,,,,,3,2,1,1,6
200800037491,0008-07-23 18:15:00,8,7,23,18,15,840,26,route de Pertuis,,,Plein jour,En agglomération,Hors intersection,Normale,Deux véhicules - arrière,,,,,,,,,,,1,2,1,1,2
200800037492,0008-07-31 07:15:00,8,7,31,7,15,840,26,,,,Plein jour,Hors agglomération,Hors intersection,Normale,Autre collision,,,,,,,,,,,1,1,1,1,6
200800037493,0008-07-30 20:15:00,8,7,30,20,15,840,86,,,,Crépuscule ou aube,Hors agglomération,Hors intersection,Normale,Deux véhicules - arrière,,,,,,,,,,,2,1,1,1,2
200800037494,0008-07-29 22:45:00,8,7,29,22,45,840,52,,43.775,5.608,Nuit sans éclairage public,Hors agglomération,Hors intersection,Normale,Trois véhicules et plus - en chaîne,,,,,,,,,,,3,1,1,1,4
200800037495,0008-07-02 18:30:00,8,7,2,18,30,840,122,av. Agricol Perdiguier,,,Plein jour,En agglomération,Hors intersection,Normale,Deux véhicules - côté,,,,,,,,,,,1,2,1,1,3
200800037496,0008-07-10 15:30:00,8,7,10,15,30,840,72,,,,Plein jour,Hors agglomération,Hors intersection,Normale,Autre collision,,,,,,,,,,,1,1,1,1,6
200800037497,0008-07-09 01:15:00,8,7,9,1,15,840,46,D19 - route de bedoin,,,Nuit avec éclairage allumé,En agglomération,Hors intersection,Normale,Autre collision,,,,,,,,,,,5,2,1,1,6
200800037498,0008-07-10 07:30:00,8,7,10,7,30,840,123,,,,Plein jour,Hors agglomération,Hors intersection,Normale,Deux véhicules - côté,,,,,,,,,,,1,1,1,1,3
200800037499,0008-07-12 18:30:00,8,7,12,18,30,840,17,,44.122,5.247,Plein jour,Hors agglomération,Hors intersection,Pluie légère,Autre collision,,,,,,,,,,,1,1,1,2,6
200800037500,0008-07-12 17:30:00,8,7,12,17,30,840,123,Route des Cartouses,,,Plein jour,En agglomération,Hors intersection,Normale,Deux véhicules - frontale,,,,,,,,,,,1,2,1,1,1
200800037501,0008-07-26 15:30:00,8,7,26,15,30,840,18,,,,Plein jour,Hors agglomération,Hors intersection,Normale,Deux véhicules - frontale,,,,,,,,,,,1,1,1,1,1
200800037502,0008-07-28 15:00:00,8,7,28,15,0,840,44,,,,Plein jour,Hors agglomération,Hors intersection,Normale,Deux véhicules - côté,,,,,,,,,,,1,1,1,1,3
200800037503,0008-07-28 15:00:00,8,7,28,15,0,840,39,,44.104,4.899,Plein jour,Hors agglomération,Hors intersection,Normale,Deux véhicules - côté,,,,,,,,,,,1,1,1,1,3
200800037504,0008-07-07 14:30:00,8,7,7,14,30,840,64,Rte de St Paul 3 Chtx,,,Plein jour,En agglomération,Hors intersection,Normale,Deux véhicules - frontale,,,,,,,,,,,1,2,1,1,1
200800037505,0008-07-08 19:30:00,8,7,8,19,30,840,83,rue Charles Pascal,44.203,4.731,Plein jour,En agglomération,Hors intersection,Normale,Deux véhicules - côté,,,,,,,,,,,1,2,1,1,3
200800037506,0008-07-26 11:15:00,8,7,26,11,15,840,98,,,,Plein jour,Hors agglomération,Hors intersection,Normale,Deux véhicules - frontale,,,,,,,,,,,1,1,1,1,1
200800037507,0008-07-08 08:30:00,8,7,8,8,30,340,22,RN113,,,Plein jour,En agglomération,Hors intersection,Normale,Deux véhicules - côté,,,,,,,,,,,1,2,1,1,3
200800037508,0008-07-18 15:45:00,8,7,18,15,45,340,33,place general de Gaulle,,,Plein jour,En agglomération,Place,Normale,Autre collision,,,,,,,,,,,1,2,7,1,6
200800037509,0008-07-23 09:15:00,8,7,23,9,15,340,145,AV DU GENERAL LECLERC,,,Plein jour,En agglomération,Hors intersection,Normale,Autre collision,,,,,,,,,,,1,2,1,1,6
200800037510,0008-07-22 00:45:00,8,7,22,0,45,340,240,,43.642,3.954,Nuit sans éclairage public,Hors agglomération,Hors intersection,Normale,Autre collision,,,,,,,,,,,3,1,1,1,6
200800037511,0008-07-31 12:45:00,8,7,31,12,45,340,154,,43.611,3.933,Plein jour,Hors agglomération,Hors intersection,Normale,Sans collision,,,,,,,,,,,1,1,1,1,7
200800037512,0008-07-14 02:30:00,8,7,14,2,30,340,28,Rue Ferdinand Fabre,43.622,3.159,Nuit avec éclairage allumé,En agglomération,Hors intersection,Normale,Autre collision,,,,,,,,,,,5,2,1,1,6
200800037513,0008-07-02 20:30:00,8,7,2,20,30,340,59,,43.369,2.776,Plein jour,Hors agglomération,Hors intersection,Normale,Sans collision,,,,,,,,,,,1,1,1,1,7
200800037514,0008-07-06 18:30:00,8,7,6,18,30,340,183,,43.29,3.107,Plein jour,Hors agglomération,Hors intersection,Normale,Deux véhicules - côté,,,,,,,,,,,1,1,1,1,3
200800037515,0008-07-17 14:15:00,8,7,17,14,15,340,226,,43.36,2.991,Crépuscule ou aube,Hors agglomération,Hors intersection,Normale,Autre collision,,,,,,,,,,,2,1,1,1,6
200800037516,0008-07-23 10:45:00,8,7,23,10,45,340,245,,43.437,2.912,Plein jour,Hors agglomération,Hors intersection,Normale,Sans collision,,,,,,,,,,,1,1,1,1,7
200800037517,0008-07-23 21:15:00,8,7,23,21,15,340,140,Avenue de TABARKA,43.388,3.167,Crépuscule ou aube,En agglomération,Hors intersection,Normale,Deux véhicules - côté,,,,,,,,,,,2,2,1,1,3
200800037518,0008-07-22 18:45:00,8,7,22,18,45,340,189,,,,Plein jour,Hors agglomération,Hors intersection,Normale,Deux véhicules - frontale,,,,,,,,,,,1,1,1,1,1
200800037519,0008-07-07 13:45:00,8,7,7,13,45,340,199,28 avenue de Verdun,,,Plein jour,En agglomération,Hors intersection,Normale,Autre collision,,,,,,,,,,,1,2,1,1,6
200800037520,0008-07-10 14:00:00,8,7,10,14,0,340,9,,,,Plein jour,Hors agglomération,Hors intersection,Normale,Autre collision,,,,,,,,,,,1,1,1,1,6
200800037521,0008-07-16 13:15:00,8,7,16,13,15,340,160,ROUTE DU VERDIER,,,Plein jour,En agglomération,Hors intersection,Normale,Deux véhicules - côté,,,,,,,,,,,1,2,1,1,3
200800037522,0008-07-06 14:00:00,8,7,6,14,0,340,147,,43.485,3.204,Plein jour,Hors agglomération,Hors intersection,Normale,Sans collision,,,,,,,,,,,1,1,1,1,7
200800037523,0008-07-12 00:30:00,8,7,12,0,30,340,300,,43.425,3.307,Nuit sans éclairage public,Hors agglomération,Hors intersection,Normale,Sans collision,,,,,,,,,,,3,1,1,1,7
200800037524,0008-07-13 14:30:00,8,7,13,14,30,340,299,,43.287,3.29,Plein jour,Hors agglomération,Hors intersection,Normale,Sans collision,,,,,,,,,,,1,1,1,1,7
200800037525,0008-07-19 06:00:00,8,7,19,6,0,340,298,,,,Crépuscule ou aube,Hors agglomération,Hors intersection,Normale,Deux véhicules - frontale,,,,,,,,,,,2,1,1,1,1
200800037526,0008-07-29 21:00:00,8,7,29,21,0,340,106,le village,43.756,3.359,Crépuscule ou aube,En agglomération,Hors intersection,Normale,Deux véhicules - frontale,,,,,,,,,,,2,2,1,1,1
200800037527,0008-07-09 09:00:00,8,7,9,9,0,340,79,,,,Plein jour,Hors agglomération,Hors intersection,Normale,Autre collision,,,,,,,,,,,1,1,1,1,6
200800037528,0008-07-05 09:30:00,8,7,5,9,30,340,175,,43.613,3.387,Plein jour,Hors agglomération,Hors intersection,Normale,Autre collision,,,,,,,,,,,1,1,1,1,6
200800037529,0008-07-14 07:30:00,8,7,14,7,30,340,51,cd2,,,Crépuscule ou aube,En agglomération,Hors intersection,Normale,Autre collision,,,,,,,,,,,2,2,1,1,6
200800037530,0008-07-04 19:15:00,8,7,4,19,15,340,114,12 Avenue de LODEVE,,,Plein jour,En agglomération,Hors intersection,Normale,Deux véhicules - frontale,,,,,,,,,,,1,2,1,1,1
200800037531,0008-07-05 23:00:00,8,7,5,23,0,340,31,,,,Nuit sans éclairage public,Hors agglomération,Hors intersection,Normale,Deux véhicules - arrière,,,,,,,,,,,3,1,1,1,2
200800037532,0008-07-20 05:30:00,8,7,20,5,30,340,332,,,,Nuit sans éclairage public,Hors agglomération,Hors intersection,Normale,Deux véhicules - côté,,,,,,,,,,,3,1,1,1,3
200800037533,0008-07-02 09:30:00,8,7,2,9,30,340,143,,43.449,3.635,Plein jour,Hors agglomération,Hors intersection,Normale,Deux véhicules - côté,,,,,,,,,,,1,1,1,1,3
200800037534,0008-07-30 18:45:00,8,7,30,18,45,110,439,Rte de ST PAPOUL,43.325,2.097,Plein jour,En agglomération,Hors intersection,Normale,Autre collision,,,,,,,,,,,1,2,1,1,6
200800037535,0008-07-02 15:30:00,8,7,2,15,30,110,49,,,,Plein jour,Hors agglomération,Hors intersection,Normale,Autre collision,,,,,,,,,,,1,1,1,1,6
200800037536,0008-07-09 17:30:00,8,7,9,17,30,110,119,CD 30,43.046,2.164,Plein jour,En agglomération,Hors intersection,Normale,Deux véhicules - frontale,,,,,,,,,,,1,2,1,1,1
200800037537,0008-07-11 09:15:00,8,7,11,9,15,110,206,promenade du Tivoli,43.055,2.218,Plein jour,En agglomération,Hors intersection,Normale,Autre collision,,,,,,,,,,,1,2,1,1,6
200800037538,0008-07-30 17:15:00,8,7,30,17,15,110,289,,43.087,2.227,Plein jour,Hors agglomération,Hors intersection,Normale,Trois véhicules et plus - en chaîne,,,,,,,,,,,1,1,1,1,4
200800037539,0008-07-31 00:15:00,8,7,31,0,15,110,207,CD626,,,Nuit sans éclairage public,En agglomération,Hors intersection,Normale,Autre collision,,,,,,,,,,,3,2,1,1,6
200800037540,0008-07-16 08:15:00,8,7,16,8,15,110,264,,,,Plein jour,Hors agglomération,Hors intersection,Normale,Trois véhicules et plus - collisions multiples,,,,,,,,,,,1,1,1,1,5
200800037541,0008-07-24 22:45:00,8,7,24,22,45,110,264,,,,Nuit sans éclairage public,Hors agglomération,Hors intersection,Normale,Deux véhicules - frontale,,,,,,,,,,,3,1,1,1,1
200800037542,0008-07-10 22:00:00,8,7,10,22,0,110,170,,,,Nuit avec éclairage allumé,Hors agglomération,Giratoire,Normale,Autre collision,,,,,,,,,,,5,1,6,1,6
200800037543,0008-07-13 03:45:00,8,7,13,3,45,110,262,,,,Nuit sans éclairage public,Hors agglomération,Hors intersection,Normale,Autre collision,,,,,,,,,,,3,1,1,1,6
200800037544,0008-07-17 03:30:00,8,7,17,3,30,110,903,boulevard des Embruns,,,Nuit avec éclairage allumé,En agglomération,Hors intersection,Normale,Sans collision,,,,,,,,,,,5,2,1,1,7
200800037545,0008-07-24 22:30:00,8,7,24,22,30,110,170,,,,Nuit sans éclairage public,Hors agglomération,Hors intersection,Normale,Deux véhicules - frontale,,,,,,,,,,,3,1,1,1,1