accident_id,datetime,annee,mois,jour,heure,minute,departement,commune_insee,adresse,latitude,longitude,luminosite,agglomeration,intersection,meteo,collision,nb_vehicules,nb_usagers,nb_indemnes,nb_tues,nb_blesses_hosp,nb_blesses_legers,age_cond_1,age_cond_2,veh_type_cond_1,veh_type_cond_2,lum_code,agg_code,int_code,atm_code,col_code
200800037546,0008-07-25 05:30:00,8,7,25,5,30,110,370,Avenue de Fleury,,,Nuit avec éclairage allumé,En agglomération,Hors intersection,Normale,Autre collision,,,,,,,,,,,5,2,1,1,6
200800037547,0008-07-30 23:00:00,8,7,30,23,0,110,170,,,,Nuit sans éclairage public,Hors agglomération,Hors intersection,Normale,Autre collision,,,,,,,,,,,3,1,1,1,6
200800037548,0008-07-14 10:30:00,8,7,14,10,30,110,188,,,,Plein jour,Hors agglomération,Hors intersection,Normale,Deux véhicules - frontale,,,,,,,,,,,1,1,1,1,1
200800037549,0008-07-17 23:00:00,8,7,17,23,0,110,379,,,,Nuit avec éclairage allumé,Hors agglomération,Hors intersection,Normale,Autre collision,,,,,,,,,,,5,1,1,1,6
200800037550,0008-07-06 17:00:00,8,7,6,17,0,300,3,,,,Plein jour,Hors agglomération,Hors intersection,Normale,Deux véhicules - frontale,,,,,,,,,,,1,1,1,1,1
200800037551,0008-07-28 16:00:00,8,7,28,16,0,300,276,,,,Plein jour,Hors agglomération,Hors intersection,Normale,Autre collision,,,,,,,,,,,1,1,1,1,6
200800037552,0008-07-10 18:30:00,8,7,10,18,30,300,321,,,,Plein jour,Hors agglomération,Hors intersection,Normale,Deux véhicules - frontale,,,,,,,,,,,1,1,1,1,1
200800037553,0008-07-31 19:30:00,8,7,31,19,30,300,352,,,,Plein jour,Hors agglomération,Hors intersection,Normale,Deux véhicules - frontale,,,,,,,,,,,1,1,1,1,1
200800037554,0008-07-04 00:45:00,8,7,4,0,45,300,156,,,,Nuit sans éclairage public,Hors agglomération,Hors intersection,Normale,Deux véhicules - frontale,,,,,,,,,,,3,1,1,1,1
200800037555,0008-07-21 08:15:00,8,7,21,8,15,300,155,,,,Plein jour,Hors agglomération,Giratoire,Normale,Deux véhicules - côté,,,,,,,,,,,1,1,6,1,3
200800037556,0008-07-25 02:15:00,8,7,25,2,15,300,258,,,,Nuit sans éclairage public,Hors agglomération,Hors intersection,Normale,Autre collision,,,,,,,,,,,3,1,1,1,6
200800037557,0008-07-04 13:15:00,8,7,4,13,15,300,20,,43.761,4.312,Plein jour,Hors agglomération,Hors intersection,Normale,Trois véhicules et plus - collisions multiples,,,,,,,,,,,1,1,1,1,5
200800037558,0008-07-05 10:45:00,8,7,5,10,45,300,20,,,,Plein jour,Hors agglomération,Hors intersection,Normale,Deux véhicules - côté,,,,,,,,,,,1,1,1,1,3
200800037559,0008-07-08 11:00:00,8,7,8,11,0,300,341,,,,Plein jour,Hors agglomération,Hors intersection,Normale,Deux véhicules - frontale,,,,,,,,,,,1,1,1,1,1
200800037560,0008-07-16 22:45:00,8,7,16,22,45,300,276,,43.651,4.199,Nuit sans éclairage public,Hors agglomération,Hors intersection,Normale,Deux véhicules - arrière,,,,,,,,,,,3,1,1,1,2
200800037561,0008-07-19 13:15:00,8,7,19,13,15,300,123,,,,Plein jour,Hors agglomération,Hors intersection,Normale,Deux véhicules - côté,,,,,,,,,,,1,1,1,1,3
200800037562,0008-07-23 17:30:00,8,7,23,17,30,300,344,,,,Plein jour,Hors agglomération,Hors intersection,Normale,Deux véhicules - arrière,,,,,,,,,,,1,1,1,1,2
200800037563,0008-07-06 04:15:00,8,7,6,4,15,300,10,,44.046,3.965,Nuit sans éclairage public,Hors agglomération,Hors intersection,Normale,Sans collision,,,,,,,,,,,3,1,1,1,7
200800037564,0008-07-16 17:15:00,8,7,16,17,15,300,214,,,,Plein jour,Hors agglomération,Hors intersection,Normale,Autre collision,,,,,,,,,,,1,1,1,1,6
200800037565,0008-07-31 21:15:00,8,7,31,21,15,300,27,,44.067,4.068,Crépuscule ou aube,Hors agglomération,Hors intersection,Normale,Autre collision,,,,,,,,,,,2,1,1,1,6
200800037566,0008-07-01 19:30:00,8,7,1,19,30,300,307,Rue Jean Delpuech,44.211,4.027,Plein jour,En agglomération,Hors intersection,Normale,Deux véhicules - arrière,,,,,,,,,,,1,2,1,1,2
200800037567,0008-07-03 16:30:00,8,7,3,16,30,300,53,,,,Plein jour,Hors agglomération,Hors intersection,Normale,Deux véhicules - frontale,,,,,,,,,,,1,1,1,1,1
200800037568,0008-07-15 07:15:00,8,7,15,7,15,300,2,,,,Plein jour,Hors agglomération,Hors intersection,Normale,Deux véhicules - frontale,,,,,,,,,,,1,1,1,1,1
200800037569,0008-07-16 07:45:00,8,7,16,7,45,300,109,,,,Plein jour,Hors agglomération,Hors intersection,Temps éblouissant,Deux véhicules - frontale,,,,,,,,,,,1,1,1,7,1
200800037570,0008-07-31 20:45:00,8,7,31,20,45,300,46,,44.009,4.178,Crépuscule ou aube,Hors agglomération,Hors intersection,Normale,Sans collision,,,,,,,,,,,2,1,1,1,7
200800037571,0008-07-17 19:45:00,8,7,17,19,45,300,80,,44.308,3.98,Plein jour,Hors agglomération,Hors intersection,Normale,Deux véhicules - frontale,,,,,,,,,,,1,1,1,1,1
200800037572,0008-07-07 20:30:00,8,7,7,20,30,300,334,,44.021,4.43,Crépuscule ou aube,Hors agglomération,Hors intersection,Normale,Deux véhicules - côté,,,,,,,,,,,2,1,1,1,3
200800037573,0008-07-15 20:30:00,8,7,15,20,30,300,56,,,,Plein jour,Hors agglomération,Hors intersection,Normale,Autre collision,,,,,,,,,,,1,1,1,1,6
200800037574,0008-07-04 19:15:00,8,7,4,19,15,300,212,,43.944,4.577,Plein jour,En agglomération,Autre intersection,Normale,Autre collision,,,,,,,,,,,1,2,9,1,6
200800037575,0008-07-14 18:00:00,8,7,14,18,0,300,89,,43.847,4.62,Plein jour,Hors agglomération,Intersection en T,Normale,Trois véhicules et plus - collisions multiples,,,,,,,,,,,1,1,3,1,5
200800037576,0008-07-04 15:30:00,8,7,4,15,30,300,326,,44.009,4.712,Plein jour,Hors agglomération,Hors intersection,Normale,Deux véhicules - frontale,,,,,,,,,,,1,1,1,1,1
200800037577,0008-07-11 16:30:00,8,7,11,16,30,300,281,,,,Plein jour,Hors agglomération,Hors intersection,Normale,Deux véhicules - côté,,,,,,,,,,,1,1,1,1,3
200800037578,0008-07-13 12:00:00,8,7,13,12,0,300,281,,,,Plein jour,Hors agglomération,Hors intersection,Normale,Trois véhicules et plus - collisions multiples,,,,,,,,,,,1,1,1,1,5
200800037579,0008-07-26 17:00:00,8,7,26,17,0,300,354,,,,Plein jour,Hors agglomération,Hors intersection,Normale,Deux véhicules - côté,,,,,,,,,,,1,1,1,1,3
200800037580,0008-07-16 08:45:00,8,7,16,8,45,300,350,,43.964,3.688,Plein jour,Hors agglomération,Hors intersection,Normale,Deux véhicules - côté,,,,,,,,,,,1,1,1,1,3
200800037581,0008-07-17 11:00:00,8,7,17,11,0,300,325,,43.991,3.702,Plein jour,Hors agglomération,Hors intersection,Normale,Deux véhicules - frontale,,,,,,,,,,,1,1,1,1,1
200800037582,0008-07-24 17:30:00,8,7,24,17,30,300,17,,43.983,3.479,Plein jour,Hors agglomération,Hors intersection,Normale,Sans collision,,,,,,,,,,,1,1,1,1,7
200800037583,0008-07-05 21:15:00,8,7,5,21,15,300,231,,,,Nuit sans éclairage public,Hors agglomération,Hors intersection,Normale,Autre collision,,,,,,,,,,,3,1,1,1,6
200800037584,0008-07-06 16:00:00,8,7,6,16,0,300,58,,,,Plein jour,Hors agglomération,Hors intersection,Normale,Autre collision,,,,,,,,,,,1,1,1,1,6
200800037585,0008-07-11 18:15:00,8,7,11,18,15,480,42,,44.558,3.504,Plein jour,Hors agglomération,Hors intersection,Pluie légère,Sans collision,,,,,,,,,,,1,1,1,2,7
200800037586,0008-07-09 19:00:00,8,7,9,19,0,480,80,1 avenue foch,,,Plein jour,En agglomération,Hors intersection,Normale,Autre collision,,,,,,,,,,,1,2,1,1,6
200800037587,0008-07-20 18:30:00,8,7,20,18,30,480,100,,,,Plein jour,Hors agglomération,Hors intersection,Normale,Sans collision,,,,,,,,,,,1,1,1,1,7
200800037588,0008-07-13 09:00:00,8,7,13,9,0,480,119,,,,Plein jour,Hors agglomération,Hors intersection,Normale,Deux véhicules - frontale,,,,,,,,,,,1,1,1,1,1
200800037589,0008-07-20 14:30:00,8,7,20,14,30,480,75,,44.379,3.521,Plein jour,Hors agglomération,Hors intersection,Normale,Deux véhicules - frontale,,,,,,,,,,,1,1,1,1,1
200800037590,0008-07-29 15:30:00,8,7,29,15,30,480,61,,44.309,3.598,Plein jour,Hors agglomération,Hors intersection,Normale,Deux véhicules - côté,,,,,,,,,,,1,1,1,1,3
200800037591,0008-07-02 07:00:00,8,7,2,7,0,480,185,,,,Crépuscule ou aube,Hors agglomération,Hors intersection,Normale,Autre collision,,,,,,,,,,,2,1,1,1,6
200800037592,0008-07-10 19:30:00,8,7,10,19,30,480,34,,,,Plein jour,Hors agglomération,Hors intersection,Normale,Autre collision,,,,,,,,,,,1,1,1,1,6
200800037593,0008-07-14 16:00:00,8,7,14,16,0,480,18,,,,Plein jour,Hors agglomération,Hors intersection,Temps éblouissant,Trois véhicules et plus - collisions multiples,,,,,,,,,,,1,1,1,7,5
200800037594,0008-07-03 20:00:00,8,7,3,20,0,480,64,parking salle des fetes,44.82,3.12,Plein jour,En agglomération,Place,Normale,Deux véhicules - côté,,,,,,,,,,,1,2,7,1,3
200800037595,0008-07-19 14:30:00,8,7,19,14,30,480,7,,44.844,3.119,Plein jour,Hors agglomération,Hors intersection,Normale,Sans collision,,,,,,,,,,,1,1,1,1,7
200800037596,0008-07-26 17:00:00,8,7,26,17,0,480,1,,,,Plein jour,Hors agglomération,Hors intersection,Normale,Sans collision,,,,,,,,,,,1,1,1,1,7
200800037597,0008-07-21 15:00:00,8,7,21,15,0,480,132,,,,Plein jour,Hors agglomération,Hors intersection,Normale,Autre collision,,,,,,,,,,,1,1,1,1,6
200800037598,0008-07-07 22:00:00,8,7,7,22,0,660,37,,,,Nuit avec éclairage allumé,Hors agglomération,Hors intersection,Normale,Trois véhicules et plus - collisions multiples,,,,,,,,,,,5,1,1,1,5
200800037599,0008-07-04 23:00:00,8,7,4,23,0,660,227,,42.652,2.892,Nuit sans éclairage public,Hors agglomération,Hors intersection,Normale,Deux véhicules - frontale,,,,,,,,,,,3,1,1,1,1
200800037600,0008-07-13 13:30:00,8,7,13,13,30,660,65,,42.592,2.948,Plein jour,Hors agglomération,Hors intersection,Normale,Sans collision,,,,,,,,,,,1,1,1,1,7
200800037601,0008-07-11 15:30:00,8,7,11,15,30,660,11,avenue Jean-Jaures,,,Plein jour,En agglomération,Hors intersection,Normale,Trois véhicules et plus - en chaîne,,,,,,,,,,,1,2,1,1,4
200800037602,0008-07-29 16:00:00,8,7,29,16,0,660,15,,42.578,2.886,Plein jour,Hors agglomération,Hors intersection,Normale,Sans collision,,,,,,,,,,,1,1,1,1,7
200800037603,0008-07-21 16:00:00,8,7,21,16,0,660,187,,,,Plein jour,Hors agglomération,Hors intersection,Normale,Sans collision,,,,,,,,,,,1,1,1,1,7
200800037604,0008-07-30 00:30:00,8,7,30,0,30,660,108,,,,Nuit sans éclairage public,Hors agglomération,Hors intersection,Normale,Autre collision,,,,,,,,,,,3,1,1,1,6
200800037605,0008-07-02 11:00:00,8,7,2,11,0,660,171,,,,Plein jour,Hors agglomération,Hors intersection,Normale,Deux véhicules - côté,,,,,,,,,,,1,1,1,1,3
200800037606,0008-07-17 17:15:00,8,7,17,17,15,660,212,,,,Plein jour,Hors agglomération,Hors intersection,Normale,Deux véhicules - côté,,,,,,,,,,,1,1,1,1,3
200800037607,0008-07-20 11:30:00,8,7,20,11,30,660,33,,42.656,2.698,Plein jour,Hors agglomération,Hors intersection,Normale,Deux véhicules - frontale,,,,,,,,,,,1,1,1,1,1
200800037608,0008-07-26 18:45:00,8,7,26,18,45,660,226,,,,Plein jour,Hors agglomération,Hors intersection,Normale,Deux véhicules - frontale,,,,,,,,,,,1,1,1,1,1
200800037609,0008-07-04 21:15:00,8,7,4,21,15,660,9,9 boulevard du riuferrer,,,Crépuscule ou aube,En agglomération,Hors intersection,Autre,Autre collision,,,,,,,,,,,2,2,1,9,6
200800037610,0008-07-03 11:15:00,8,7,3,11,15,660,8,chemin de NEGUEBOUSS,,,Plein jour,En agglomération,Hors intersection,Normale,Deux véhicules - frontale,,,,,,,,,,,1,2,1,1,1
200800037611,0008-07-11 00:15:00,8,7,11,0,15,660,178,,42.52,2.81,Nuit sans éclairage public,Hors agglomération,Hors intersection,Normale,Deux véhicules - arrière,,,,,,,,,,,3,1,1,1,2
200800037612,0008-07-29 18:00:00,8,7,29,18,0,660,24,AV DU GENERAL DE GAULE,,,Plein jour,En agglomération,Hors intersection,Normale,Deux véhicules - côté,,,,,,,,,,,1,2,1,1,3
200800037613,0008-07-13 17:00:00,8,7,13,17,0,660,36,,,,Plein jour,Hors agglomération,Hors intersection,Normale,Sans collision,,,,,,,,,,,1,1,1,1,7
200800037614,0008-07-17 15:00:00,8,7,17,15,0,660,52,,,,Plein jour,Hors agglomération,Hors intersection,Normale,Sans collision,,,,,,,,,,,1,1,1,1,7
200800037615,0008-07-25 16:15:00,8,7,25,16,15,660,57,CAMI DE LAS FOROLLES,42.57,2.38,Plein jour,En agglomération,Hors intersection,Normale,Deux véhicules - frontale,,,,,,,,,,,1,2,1,1,1
200800037616,0008-07-29 11:30:00,8,7,29,11,30,660,193,RN 116,42.572,2.322,Plein jour,En agglomération,Hors intersection,Normale,Deux véhicules - frontale,,,,,,,,,,,1,2,1,1,1
200800037617,0008-07-29 15:15:00,8,7,29,15,15,660,82,,,,Plein jour,Hors agglomération,Hors intersection,Normale,Trois véhicules et plus - en chaîne,,,,,,,,,,,1,1,1,1,4
200800037618,0008-07-28 19:00:00,8,7,28,19,0,660,23,,42.654,2.574,Plein jour,Hors agglomération,Passage à niveau,Normale,Deux véhicules - arrière,,,,,,,,,,,1,1,8,1,2
200800037619,0008-07-30 17:45:00,8,7,30,17,45,660,23,,,,Plein jour,Hors agglomération,Hors intersection,Normale,Deux véhicules - frontale,,,,,,,,,,,1,1,1,1,1
200800037620,0008-07-30 08:30:00,8,7,30,8,30,201,271,CD 72 - ZI Caldaniccia,41.956,8.807,Plein jour,En agglomération,Hors intersection,Normale,Deux véhicules - arrière,,,,,,,,,,,1,2,1,1,2
200800037621,0008-07-10 10:00:00,8,7,10,10,0,201,198,,,,Plein jour,Hors agglomération,Hors intersection,Normale,Sans collision,,,,,,,,,,,1,1,1,1,7
200800037622,0008-07-25 14:30:00,8,7,25,14,30,201,198,,42.267,8.698,Plein jour,Hors agglomération,Hors intersection,Normale,Sans collision,,,,,,,,,,,1,1,1,1,7
200800037623,0008-07-15 07:30:00,8,7,15,7,30,201,114,,41.502,9.136,Plein jour,Hors agglomération,Hors intersection,Normale,Autre collision,,,,,,,,,,,1,1,1,1,6
200800037624,0008-07-28 06:15:00,8,7,28,6,15,201,288,,41.554,9.214,Plein jour,Hors agglomération,Hors intersection,Normale,Deux véhicules - frontale,,,,,,,,,,,1,1,1,1,1
200800037625,0008-07-31 12:30:00,8,7,31,12,30,201,41,rue Sylver BOHN RN 198,41.391,9.163,Plein jour,En agglomération,Hors intersection,Normale,Deux véhicules - côté,,,,,,,,,,,1,2,1,1,3
200800037626,0008-07-06 15:30:00,8,7,6,15,30,201,247,,41.53,9.26,Plein jour,Hors agglomération,Hors intersection,Normale,Trois véhicules et plus - en chaîne,,,,,,,,,,,1,1,1,1,4
200800037627,0008-07-26 01:15:00,8,7,26,1,15,201,247,,41.65,9.29,Nuit sans éclairage public,Hors agglomération,Hors intersection,Normale,Trois véhicules et plus - collisions multiples,,,,,,,,,,,3,1,1,1,5
200800037628,0008-07-05 05:30:00,8,7,5,5,30,201,308,,41.698,9.085,Crépuscule ou aube,Hors agglomération,Hors intersection,Normale,Autre collision,,,,,,,,,,,2,1,1,1,6
200800037629,0008-07-12 02:00:00,8,7,12,2,0,201,276,,41.725,8.818,Nuit sans éclairage public,Hors agglomération,Hors intersection,Normale,Sans collision,,,,,,,,,,,3,1,1,1,7
200800037630,0008-07-05 09:00:00,8,7,5,9,0,202,43,,,,Plein jour,Hors agglomération,Hors intersection,Normale,Deux véhicules - côté,,,,,,,,,,,1,1,1,1,3
200800037631,0008-07-15 14:00:00,8,7,15,14,0,202,152,,42.909,9.469,Plein jour,Hors agglomération,Hors intersection,Normale,Sans collision,,,,,,,,,,,1,1,1,1,7
200800037632,0008-07-28 09:30:00,8,7,28,9,30,202,309,Miomo,,,Plein jour,En agglomération,Hors intersection,Normale,Deux véhicules - arrière,,,,,,,,,,,1,2,1,1,2
200800037633,0008-07-02 12:45:00,8,7,2,12,45,202,50,,,,Plein jour,Hors agglomération,Hors intersection,Normale,Deux véhicules - côté,,,,,,,,,,,1,1,1,1,3
200800037634,0008-07-21 17:00:00,8,7,21,17,0,202,93,,42.615,8.889,Plein jour,Hors agglomération,Hors intersection,Normale,Deux véhicules - arrière,,,,,,,,,,,1,1,1,1,2
200800037635,0008-07-03 20:15:00,8,7,3,20,15,202,332,,42.607,9.145,Plein jour,Hors agglomération,Hors intersection,Normale,Deux véhicules - côté,,,,,,,,,,,1,1,1,1,3
200800037636,0008-07-29 16:30:00,8,7,29,16,30,202,80,,42.506,9.178,Plein jour,Hors agglomération,Hors intersection,Normale,Deux véhicules - frontale,,,,,,,,,,,1,1,1,1,1
200800037637,0008-07-05 16:15:00,8,7,5,16,15,202,143,,42.206,9.536,Plein jour,Hors agglomération,Hors intersection,Normale,Deux véhicules - frontale,,,,,,,,,,,1,1,1,1,1
200800037638,0008-07-13 15:00:00,8,7,13,15,0,202,9,,42.117,9.543,Plein jour,Hors agglomération,Hors intersection,Normale,Autre collision,,,,,,,,,,,1,1,1,1,6
200800037639,0008-07-02 11:30:00,8,7,2,11,30,202,87,Prunete,,,Plein jour,En agglomération,Hors intersection,Normale,Deux véhicules - côté,,,,,,,,,,,1,2,1,1,3
200800037640,0008-07-10 11:45:00,8,7,10,11,45,202,313,Moriani Plage,42.378,9.531,Plein jour,En agglomération,Hors intersection,Normale,Autre collision,,,,,,,,,,,1,2,1,1,6
200800037641,0008-07-14 22:45:00,8,7,14,22,45,202,311,,42.352,9.534,Nuit sans éclairage public,Hors agglomération,Hors intersection,Normale,Sans collision,,,,,,,,,,,3,1,1,1,7
200800037642,0008-07-01 15:00:00,8,7,1,15,0,202,286,,,,Plein jour,Hors agglomération,Hors intersection,Normale,Trois véhicules et plus - collisions multiples,,,,,,,,,,,1,1,1,1,5
200800037643,0008-07-04 15:00:00,8,7,4,15,0,202,318,,,,Plein jour,Hors agglomération,Hors intersection,Normale,Deux véhicules - côté,,,,,,,,,,,1,1,1,1,3
200800037644,0008-07-15 19:15:00,8,7,15,19,15,202,77,D6 face au cimetiere,,,Plein jour,En agglomération,Hors intersection,Normale,Deux véhicules - côté,,,,,,,,,,,1,2,1,1,3
200800037645,0008-07-21 08:45:00,8,7,21,8,45,202,343,LIEU DIT QUERCIOLO,42.493,9.48,Plein jour,En agglomération,Hors intersection,Normale,Autre collision,,,,,,,,,,,1,2,1,1,6
200800037646,0008-07-29 12:30:00,8,7,29,12,30,202,318,,42.442,9.518,Plein jour,Hors agglomération,Hors intersection,Normale,Deux véhicules - arrière,,,,,,,,,,,1,1,1,1,2
200800037647,0008-07-04 22:15:00,8,7,4,22,15,780,346,,48.931,1.608,Nuit sans éclairage public,Hors agglomération,Hors intersection,Normale,Autre collision,,,,,,,,,,,3,1,1,1,6
200800037648,0008-07-26 14:15:00,8,7,26,14,15,780,246,,,,Plein jour,Hors agglomération,Hors intersection,Normale,Autre collision,,,,,,,,,,,1,1,1,1,6
200800037649,0008-07-23 20:00:00,8,7,23,20,0,780,380,,48.909,1.839,Plein jour,Hors agglomération,Hors intersection,Normale,Deux véhicules - côté,,,,,,,,,,,1,1,1,1,3
200800037650,0008-07-29 01:45:00,8,7,29,1,45,780,380,,48.91,1.861,Nuit sans éclairage public,Hors agglomération,Hors intersection,Normale,Sans collision,,,,,,,,,,,3,1,1,1,7
200800037651,0008-07-12 10:30:00,8,7,12,10,30,780,497,,,,Plein jour,Hors agglomération,Hors intersection,Normale,Deux véhicules - côté,,,,,,,,,,,1,1,1,1,3
200800037652,0008-07-29 15:15:00,8,7,29,15,15,780,128,,,,Plein jour,Hors agglomération,Hors intersection,Normale,Trois véhicules et plus - collisions multiples,,,,,,,,,,,1,1,1,1,5
200800037653,0008-07-19 01:30:00,8,7,19,1,30,780,683,149 rte de saint germain,48.821,1.898,Nuit avec éclairage allumé,En agglomération,Hors intersection,Normale,Autre collision,,,,,,,,,,,5,2,1,1,6
200800037654,0008-07-17 07:30:00,8,7,17,7,30,780,34,,,,Plein jour,Hors agglomération,Hors intersection,Normale,Deux véhicules - côté,,,,,,,,,,,1,1,1,1,3
200800037655,0008-07-14 16:45:00,8,7,14,16,45,780,537,9 ter rue des remparts,,,Plein jour,En agglomération,Hors intersection,Temps éblouissant,Sans collision,,,,,,,,,,,1,2,1,7,7
200800037656,0008-07-14 01:00:00,8,7,14,1,0,910,179,,48.56,2.501,Nuit sans éclairage public,Hors agglomération,Hors intersection,Normale,Sans collision,,,,,,,,,,,3,1,1,1,7
200800037657,0008-07-22 19:00:00,8,7,22,19,0,910,386,,48.561,2.437,Plein jour,En agglomération,Giratoire,Normale,Deux véhicules - côté,,,,,,,,,,,1,2,6,1,3
200800037658,0008-07-11 10:15:00,8,7,11,10,15,910,359,,,,Plein jour,Hors agglomération,Hors intersection,Temps couvert,Deux véhicules - côté,,,,,,,,,,,1,1,1,8,3
200800037659,0008-07-23 07:45:00,8,7,23,7,45,910,200,Avenue d' ETAMPES,48.542,2.014,Plein jour,En agglomération,Hors intersection,Normale,Sans collision,,,,,,,,,,,1,2,1,1,7
200800037660,0008-07-07 07:45:00,8,7,7,7,45,910,226,rue des tulipiers,,,Plein jour,En agglomération,Hors intersection,Normale,Autre collision,,,,,,,,,,,1,2,1,1,6
200800037661,0008-07-16 20:45:00,8,7,16,20,45,910,533,rue Victor Hugo,,,Plein jour,En agglomération,Hors intersection,Normale,Autre collision,,,,,,,,,,,1,2,1,1,6
200800037662,0008-07-31 01:45:00,8,7,31,1,45,910,666,avenue de l'oceanie,,,Nuit avec éclairage allumé,En agglomération,Giratoire,Normale,Autre collision,,,,,,,,,,,5,2,6,1,6
200800037663,0008-07-01 17:00:00,8,7,1,17,0,910,115,,,,Plein jour,Hors agglomération,Hors intersection,Normale,Deux véhicules - frontale,,,,,,,,,,,1,1,1,1,1
200800037664,0008-07-20 17:00:00,8,7,20,17,0,910,332,,,,Plein jour,Hors agglomération,Hors intersection,Normale,Sans collision,,,,,,,,,,,1,1,1,1,7
200800037665,0008-07-28 22:15:00,8,7,28,22,15,910,587,rue de la div. leclerc,,,Nuit avec éclairage allumé,En agglomération,Hors intersection,Pluie légère,Deux véhicules - frontale,,,,,,,,,,,5,2,1,2,1
200800037666,0008-07-24 08:30:00,8,7,24,8,30,910,679,,,,Plein jour,Hors agglomération,Hors intersection,Normale,Trois véhicules et plus - collisions multiples,,,,,,,,,,,1,1,1,1,5
200800037667,0008-07-30 01:45:00,8,7,30,1,45,910,275,,,,Nuit avec éclairage allumé,Hors agglomération,Giratoire,Normale,Autre collision,,,,,,,,,,,5,1,6,1,6
200800037668,0008-07-15 18:30:00,8,7,15,18,30,950,142,rue de MARINES,49.163,1.94,Plein jour,En agglomération,Hors intersection,Normale,Deux véhicules - côté,,,,,,,,,,,1,2,1,1,3
200800037669,0008-07-11 01:00:00,8,7,11,1,0,950,39,13 rue F. MITTERRAND,,,Nuit sans éclairage public,En agglomération,Hors intersection,Autre,Sans collision,,,,,,,,,,,3,2,1,9,7
200800037670,0008-07-27 07:45:00,8,7,27,7,45,770,103,,48.549,2.795,Plein jour,Hors agglomération,Hors intersection,Normale,Autre collision,,,,,,,,,,,1,1,1,1,6
200800037671,0008-07-18 10:00:00,8,7,18,10,0,770,81,,,,Plein jour,Hors agglomération,Hors intersection,Normale,Deux véhicules - côté,,,,,,,,,,,1,1,1,1,3
200800037672,0008-07-24 17:00:00,8,7,24,17,0,770,142,rue de BOULEURS,,,Plein jour,En agglomération,Hors intersection,Normale,Deux véhicules - côté,,,,,,,,,,,1,2,1,1,3
200800037673,0008-07-19 18:00:00,8,7,19,18,0,770,287,,,,Plein jour,Hors agglomération,Hors intersection,Normale,Sans collision,,,,,,,,,,,1,1,1,1,7
200800037674,0008-07-24 10:45:00,8,7,24,10,45,770,448,,48.95,3.099,Plein jour,Hors agglomération,Autre intersection,Normale,Deux véhicules - arrière,,,,,,,,,,,1,1,9,1,2
200800037675,0008-07-31 22:30:00,8,7,31,22,30,770,78,,48.986,3.144,Nuit sans éclairage public,Hors agglomération,Hors intersection,Pluie forte,Deux véhicules - côté,,,,,,,,,,,3,1,1,3,3
200800037676,0008-07-16 08:30:00,8,7,16,8,30,770,393,,48.691,2.994,Plein jour,Hors agglomération,Hors intersection,Normale,Autre collision,,,,,,,,,,,1,1,1,1,6
200800037677,0008-07-27 16:30:00,8,7,27,16,30,770,393,,48.69,2.95,Plein jour,Hors agglomération,Hors intersection,Normale,Autre collision,,,,,,,,,,,1,1,1,1,6
200800037678,0008-07-13 06:00:00,8,7,13,6,0,770,230,,48.201,2.557,Plein jour,Hors agglomération,Intersection en X,Normale,Deux véhicules - côté,,,,,,,,,,,1,1,2,1,3
200800037679,0008-07-14 06:45:00,8,7,14,6,45,770,168,,48.203,2.883,Crépuscule ou aube,Hors agglomération,Hors intersection,Normale,Autre collision,,,,,,,,,,,2,1,1,1,6
200800037680,0008-07-02 15:30:00,8,7,2,15,30,770,153,4 AVENUE DU VERGER,,,Plein jour,En agglomération,Hors intersection,Normale,Autre collision,,,,,,,,,,,1,2,1,1,6
200800037681,0008-07-16 18:15:00,8,7,16,18,15,770,234,,48.917,2.767,Plein jour,Hors agglomération,Hors intersection,Normale,Deux véhicules - frontale,,,,,,,,,,,1,1,1,1,1
200800037682,0008-07-18 20:15:00,8,7,18,20,15,770,196,,,,Plein jour,Hors agglomération,Hors intersection,Normale,Sans collision,,,,,,,,,,,1,1,1,1,7
200800037683,0008-07-08 20:30:00,8,7,8,20,30,770,193,,49.059,2.847,Plein jour,Hors agglomération,Intersection en X,Normale,Deux véhicules - côté,,,,,,,,,,,1,1,2,1,3
200800037684,0008-07-13 18:00:00,8,7,13,18,0,770,109,,48.638,3.183,Plein jour,Hors agglomération,Hors intersection,Normale,Deux véhicules - frontale,,,,,,,,,,,1,1,1,1,1
200800037685,0008-07-13 04:45:00,8,7,13,4,45,770,51,,48.409,3.235,Nuit sans éclairage public,Hors agglomération,Giratoire,Normale,Sans collision,,,,,,,,,,,3,1,6,1,7
200800037686,0008-07-15 20:45:00,8,7,15,20,45,770,311,,,,Plein jour,Hors agglomération,Hors intersection,Normale,Deux véhicules - côté,,,,,,,,,,,1,1,1,1,3
200800037687,0008-07-13 06:00:00,8,7,13,6,0,770,383,rue basse,48.553,3.065,Crépuscule ou aube,En agglomération,Hors intersection,Normale,Deux véhicules - côté,,,,,,,,,,,2,2,1,1,3
200800037688,0008-07-01 13:00:00,8,7,1,13,0,450,98,1250 rue plaine d'Azenne,,,Plein jour,En agglomération,Hors intersection,Normale,Deux véhicules - frontale,,,,,,,,,,,1,2,1,1,1