accident_id,datetime,annee,mois,jour,heure,minute,departement,commune_insee,adresse,latitude,longitude,luminosite,agglomeration,intersection,meteo,collision,nb_vehicules,nb_usagers,nb_indemnes,nb_tues,nb_blesses_hosp,nb_blesses_legers,age_cond_1,age_cond_2,veh_type_cond_1,veh_type_cond_2,lum_code,agg_code,int_code,atm_code,col_code
200800037689,0008-07-13 18:00:00,8,7,13,18,0,450,196,,47.832,1.74,Plein jour,Hors agglomération,Hors intersection,Normale,Autre collision,,,,,,,,,,,1,1,1,1,6
200800037690,0008-07-25 17:30:00,8,7,25,17,30,450,282,1861 ROUTE D'ORLEANS,,,Plein jour,En agglomération,Hors intersection,Normale,Deux véhicules - côté,,,,,,,,,,,1,2,1,1,3
200800037691,0008-07-10 19:30:00,8,7,10,19,30,450,272,rue basse,47.847,1.951,Plein jour,En agglomération,Hors intersection,Normale,Sans collision,,,,,,,,,,,1,2,1,1,7
200800037692,0008-07-18 18:30:00,8,7,18,18,30,450,300,,47.856,2.014,Plein jour,En agglomération,Hors intersection,Normale,Deux véhicules - frontale,,,,,,,,,,,1,2,1,1,1
200800037693,0008-07-21 00:30:00,8,7,21,0,30,450,28,,47.798,1.65,Nuit sans éclairage public,Hors agglomération,Hors intersection,Normale,Autre collision,,,,,,,,,,,3,1,1,1,6
200800037694,0008-07-10 19:45:00,8,7,10,19,45,450,155,AV. WILSON-RUE J. CESAR,47.693,2.629,Plein jour,En agglomération,Hors intersection,Normale,Autre collision,,,,,,,,,,,1,2,1,1,6
200800037695,0008-07-19 19:45:00,8,7,19,19,45,450,87,,,,Plein jour,Hors agglomération,Hors intersection,Normale,Trois véhicules et plus - collisions multiples,,,,,,,,,,,1,1,1,1,5
200800037696,0008-07-15 20:15:00,8,7,15,20,15,450,61,,,,Plein jour,Hors agglomération,Hors intersection,Normale,Deux véhicules - côté,,,,,,,,,,,1,1,1,1,3
200800037697,0008-07-15 03:45:00,8,7,15,3,45,450,97,,,,Nuit sans éclairage public,Hors agglomération,Hors intersection,Normale,Autre collision,,,,,,,,,,,3,1,1,1,6
200800037698,0008-07-20 18:45:00,8,7,20,18,45,450,281,,,,Plein jour,Hors agglomération,Hors intersection,Normale,Trois véhicules et plus - collisions multiples,,,,,,,,,,,1,1,1,1,5
200800037699,0008-07-26 19:15:00,8,7,26,19,15,450,145,bld de la breche,48.096,2.791,Plein jour,En agglomération,Giratoire,Normale,Autre collision,,,,,,,,,,,1,2,6,1,6
200800037700,0008-07-27 16:45:00,8,7,27,16,45,450,252,6-8 rue Georges Tonnelat,48.17,2.26,Plein jour,En agglomération,Hors intersection,Normale,Autre collision,,,,,,,,,,,1,2,1,1,6
200800037701,0008-07-11 12:30:00,8,7,11,12,30,180,27,,47.015,2.731,Plein jour,Hors agglomération,Passage à niveau,Temps couvert,Deux véhicules - frontale,,,,,,,,,,,1,1,8,8,1
200800037702,0008-07-16 15:30:00,8,7,16,15,30,180,27,,47.016,2.729,Plein jour,Hors agglomération,Passage à niveau,Normale,Deux véhicules - arrière,,,,,,,,,,,1,1,8,1,2
200800037703,0008-07-27 08:45:00,8,7,27,8,45,180,120,,47.129,2.903,Plein jour,Hors agglomération,Hors intersection,Normale,Deux véhicules - frontale,,,,,,,,,,,1,1,1,1,1
200800037704,0008-07-03 23:15:00,8,7,3,23,15,180,116,20 route de Veaugues,,,Nuit sans éclairage public,En agglomération,Hors intersection,Normale,Autre collision,,,,,,,,,,,3,2,1,1,6
200800037705,0008-07-23 09:30:00,8,7,23,9,30,180,287,,,,Plein jour,Hors agglomération,Hors intersection,Normale,Autre collision,,,,,,,,,,,1,1,1,1,6
200800037706,0008-07-08 23:00:00,8,7,8,23,0,180,29,,46.736,2.781,Nuit sans éclairage public,Hors agglomération,Hors intersection,Normale,Sans collision,,,,,,,,,,,3,1,1,1,7
200800037707,0008-07-26 15:45:00,8,7,26,15,45,180,197,,46.744,2.479,Plein jour,Hors agglomération,Hors intersection,Normale,Deux véhicules - frontale,,,,,,,,,,,1,1,1,1,1
200800037708,0008-07-26 18:30:00,8,7,26,18,30,180,197,151 av Tour de France,46.72,2.52,Plein jour,En agglomération,Hors intersection,Normale,Deux véhicules - côté,,,,,,,,,,,1,2,1,1,3
200800037709,0008-07-30 05:15:00,8,7,30,5,15,180,89,,46.59,2.582,Crépuscule ou aube,Hors agglomération,Hors intersection,Normale,Sans collision,,,,,,,,,,,2,1,1,1,7
200800037710,0008-07-13 03:30:00,8,7,13,3,30,180,201,route de saint florent,46.973,2.296,Nuit sans éclairage public,En agglomération,Hors intersection,Normale,Deux véhicules - frontale,,,,,,,,,,,3,2,1,1,1
200800037711,0008-07-10 17:30:00,8,7,10,17,30,180,242,,46.831,2.892,Plein jour,Hors agglomération,Intersection en X,Normale,Deux véhicules - frontale,,,,,,,,,,,1,1,2,1,1
200800037712,0008-07-19 05:15:00,8,7,19,5,15,180,15,Rue du 8 MAI 2008,,,Crépuscule ou aube,En agglomération,Autre intersection,Normale,Sans collision,,,,,,,,,,,2,2,9,1,7
200800037713,0008-07-29 00:45:00,8,7,29,0,45,180,15,,,,Nuit sans éclairage public,Hors agglomération,Hors intersection,Normale,Autre collision,,,,,,,,,,,3,1,1,1,6
200800037714,0008-07-10 11:45:00,8,7,10,11,45,180,190,hameau de Cornancay,47.137,2.128,Plein jour,En agglomération,Autre intersection,Normale,Autre collision,,,,,,,,,,,1,2,9,1,6
200800037715,0008-07-12 23:15:00,8,7,12,23,15,180,141,avenue de la Liberte,,,Nuit avec éclairage allumé,En agglomération,Hors intersection,Normale,Autre collision,,,,,,,,,,,5,2,1,1,6
200800037716,0008-07-01 16:45:00,8,7,1,16,45,180,253,,,,Plein jour,Hors agglomération,Hors intersection,Temps éblouissant,Sans collision,,,,,,,,,,,1,1,1,7,7
200800037717,0008-07-06 03:00:00,8,7,6,3,0,180,3,,,,Nuit sans éclairage public,Hors agglomération,Hors intersection,Normale,Autre collision,,,,,,,,,,,3,1,1,1,6
200800037718,0008-07-18 23:30:00,8,7,18,23,30,280,24,rue des pluviers,48.417,1.477,Nuit avec éclairage allumé,En agglomération,Hors intersection,Normale,Sans collision,,,,,,,,,,,5,2,1,1,7
200800037719,0008-07-13 22:15:00,8,7,13,22,15,280,339,,48.42,1.23,Crépuscule ou aube,Hors agglomération,Hors intersection,Normale,Autre collision,,,,,,,,,,,2,1,1,1,6
200800037720,0008-07-02 17:45:00,8,7,2,17,45,280,160,,48.428,1.688,Plein jour,Hors agglomération,Hors intersection,Normale,Sans collision,,,,,,,,,,,1,1,1,1,7
200800037721,0008-07-06 13:45:00,8,7,6,13,45,280,15,RUE ARISTIDE BRIAND,48.468,1.763,Plein jour,En agglomération,Hors intersection,Normale,Deux véhicules - côté,,,,,,,,,,,1,2,1,1,3
200800037722,0008-07-11 22:15:00,8,7,11,22,15,280,363,,48.413,1.892,Nuit sans éclairage public,Hors agglomération,Hors intersection,Normale,Autre collision,,,,,,,,,,,3,1,1,1,6
200800037723,0008-07-13 16:45:00,8,7,13,16,45,280,191,,48.602,1.631,Plein jour,Hors agglomération,Hors intersection,Normale,Deux véhicules - arrière,,,,,,,,,,,1,1,1,1,2
200800037724,0008-07-01 17:45:00,8,7,1,17,45,280,391,,48.206,1.935,Plein jour,Hors agglomération,Hors intersection,Normale,Trois véhicules et plus - collisions multiples,,,,,,,,,,,1,1,1,1,5
200800037725,0008-07-18 16:30:00,8,7,18,16,30,280,2,,48.214,1.818,Plein jour,Hors agglomération,Hors intersection,Normale,Trois véhicules et plus - collisions multiples,,,,,,,,,,,1,1,1,1,5
200800037726,0008-07-01 13:45:00,8,7,1,13,45,280,88,avenue du gal De Gaulle,48.079,1.35,Plein jour,En agglomération,Hors intersection,Normale,Autre collision,,,,,,,,,,,1,2,1,1,6
200800037727,0008-07-05 23:30:00,8,7,5,23,30,280,88,,48.094,1.309,Nuit sans éclairage public,Hors agglomération,Hors intersection,Normale,Deux véhicules - côté,,,,,,,,,,,3,1,1,1,3
200800037728,0008-07-23 17:45:00,8,7,23,17,45,280,12,,48.107,1.106,Plein jour,Hors agglomération,Hors intersection,Normale,Deux véhicules - frontale,,,,,,,,,,,1,1,1,1,1
200800037729,0008-07-28 11:15:00,8,7,28,11,15,280,103,19 RUE DE CHATEAUDUN,48.004,1.237,Plein jour,En agglomération,Hors intersection,Normale,Deux véhicules - frontale,,,,,,,,,,,1,2,1,1,1
200800037730,0008-07-13 18:15:00,8,7,13,18,15,280,359,Rue Eugene Raymond,,,Plein jour,En agglomération,Hors intersection,Normale,Autre collision,,,,,,,,,,,1,2,1,1,6
200800037731,0008-07-25 22:15:00,8,7,25,22,15,280,98,,,,Nuit sans éclairage public,Hors agglomération,Hors intersection,Pluie légère,Sans collision,,,,,,,,,,,3,1,1,2,7
200800037732,0008-07-29 22:00:00,8,7,29,22,0,280,239,,48.691,1.381,Nuit sans éclairage public,Hors agglomération,Hors intersection,Normale,Sans collision,,,,,,,,,,,3,1,1,1,7
200800037733,0008-07-04 23:30:00,8,7,4,23,30,280,1,,48.776,1.429,Nuit sans éclairage public,Hors agglomération,Hors intersection,Normale,Deux véhicules - côté,,,,,,,,,,,3,1,1,1,3
200800037734,0008-07-04 16:30:00,8,7,4,16,30,280,293,INTERSECTION D928 ET D16,48.871,1.471,Plein jour,En agglomération,Hors intersection,Normale,Deux véhicules - côté,,,,,,,,,,,1,2,1,1,3
200800037735,0008-07-25 23:45:00,8,7,25,23,45,280,149,,48.612,0.919,Nuit sans éclairage public,Hors agglomération,Hors intersection,Pluie légère,Sans collision,,,,,,,,,,,3,1,1,2,7
200800037736,0008-07-11 06:45:00,8,7,11,6,45,280,147,,,,Crépuscule ou aube,Hors agglomération,Hors intersection,Normale,Deux véhicules - frontale,,,,,,,,,,,2,1,1,1,1
200800037737,0008-07-14 17:30:00,8,7,14,17,30,280,360,,,,Plein jour,Hors agglomération,Hors intersection,Normale,Autre collision,,,,,,,,,,,1,1,1,1,6
200800037738,0008-07-05 19:15:00,8,7,5,19,15,280,280,,48.334,0.796,Plein jour,Hors agglomération,Hors intersection,Normale,Deux véhicules - côté,,,,,,,,,,,1,1,1,1,3
200800037739,0008-07-18 15:30:00,8,7,18,15,30,280,156,,,,Plein jour,Hors agglomération,Intersection en X,Temps couvert,Deux véhicules - côté,,,,,,,,,,,1,1,2,8,3
200800037740,0008-07-06 17:30:00,8,7,6,17,30,360,211,,46.737,1.893,Plein jour,Hors agglomération,Hors intersection,Normale,Deux véhicules - frontale,,,,,,,,,,,1,1,1,1,1
200800037741,0008-07-15 10:15:00,8,7,15,10,15,360,247,,46.899,1.643,Nuit sans éclairage public,Hors agglomération,Hors intersection,Normale,Sans collision,,,,,,,,,,,3,1,1,1,7
200800037742,0008-07-21 06:45:00,8,7,21,6,45,360,89,,,,Crépuscule ou aube,Hors agglomération,Hors intersection,Normale,Autre collision,,,,,,,,,,,2,1,1,1,6
200800037743,0008-07-06 07:30:00,8,7,6,7,30,360,200,,,,Plein jour,Hors agglomération,Hors intersection,Pluie légère,Autre collision,,,,,,,,,,,1,1,1,2,6
200800037744,0008-07-21 22:15:00,8,7,21,22,15,360,94,,,,Nuit sans éclairage public,Hors agglomération,Hors intersection,Normale,Autre collision,,,,,,,,,,,3,1,1,1,6
200800037745,0008-07-23 19:30:00,8,7,23,19,30,360,6,Rue Georges Sand,,,Plein jour,En agglomération,Hors intersection,Normale,Deux véhicules - côté,,,,,,,,,,,1,2,1,1,3
200800037746,0008-07-30 11:30:00,8,7,30,11,30,360,177,,,,Plein jour,Hors agglomération,Hors intersection,Temps éblouissant,Deux véhicules - arrière,,,,,,,,,,,1,1,1,7,2
200800037747,0008-07-06 19:15:00,8,7,6,19,15,360,31,,,,Plein jour,Hors agglomération,Hors intersection,Normale,Deux véhicules - frontale,,,,,,,,,,,1,1,1,1,1
200800037748,0008-07-20 18:30:00,8,7,20,18,30,360,118,,46.732,1.379,Plein jour,Hors agglomération,Hors intersection,Temps éblouissant,Autre collision,,,,,,,,,,,1,1,1,7,6
200800037749,0008-07-22 23:30:00,8,7,22,23,30,360,188,,47.027,1.134,Nuit sans éclairage public,Hors agglomération,Hors intersection,Normale,Sans collision,,,,,,,,,,,3,1,1,1,7
200800037750,0008-07-20 12:30:00,8,7,20,12,30,360,100,,,,Plein jour,Hors agglomération,Hors intersection,Normale,Deux véhicules - arrière,,,,,,,,,,,1,1,1,1,2
200800037751,0008-07-09 13:30:00,8,7,9,13,30,360,179,,46.93,1.938,Plein jour,Hors agglomération,Hors intersection,Normale,Sans collision,,,,,,,,,,,1,1,1,1,7
200800037752,0008-07-05 23:00:00,8,7,5,23,0,370,171,,47.407,0.919,Nuit sans éclairage public,Hors agglomération,Hors intersection,Normale,Sans collision,,,,,,,,,,,3,1,1,1,7
200800037753,0008-07-25 17:15:00,8,7,25,17,15,370,163,,47.461,0.937,Plein jour,Hors agglomération,Hors intersection,Pluie légère,Autre collision,,,,,,,,,,,1,1,1,2,6
200800037754,0008-07-01 21:30:00,8,7,1,21,30,370,198,,47.464,0.219,Plein jour,Hors agglomération,Hors intersection,Normale,Autre collision,,,,,,,,,,,1,1,1,1,6
200800037755,0008-07-12 13:00:00,8,7,12,13,0,370,62,,47.548,0.272,Plein jour,Hors agglomération,Hors intersection,Normale,Sans collision,,,,,,,,,,,1,1,1,1,7
200800037756,0008-07-20 00:15:00,8,7,20,0,15,370,109,,,,Nuit avec éclairage non allumé,Hors agglomération,Hors intersection,Normale,Sans collision,,,,,,,,,,,4,1,1,1,7
200800037757,0008-07-04 13:30:00,8,7,4,13,30,370,245,,47.513,0.595,Plein jour,Hors agglomération,Hors intersection,Normale,Deux véhicules - côté,,,,,,,,,,,1,1,1,1,3
200800037758,0008-07-09 02:00:00,8,7,9,2,0,370,249,,,,Nuit sans éclairage public,Hors agglomération,Hors intersection,Normale,Autre collision,,,,,,,,,,,3,1,1,1,6
200800037759,0008-07-24 18:45:00,8,7,24,18,45,370,54,Avenue Saint Martin,,,Plein jour,En agglomération,Giratoire,Normale,Deux véhicules - frontale,,,,,,,,,,,1,2,6,1,1
200800037760,0008-07-29 00:15:00,8,7,29,0,15,370,101,,47.688,0.626,Nuit sans éclairage public,Hors agglomération,Hors intersection,Normale,Sans collision,,,,,,,,,,,3,1,1,1,7
200800037761,0008-07-03 21:15:00,8,7,3,21,15,370,201,rue de la berthaudiere,,,Plein jour,En agglomération,Hors intersection,Normale,Deux véhicules - frontale,,,,,,,,,,,1,2,1,1,1
200800037762,0008-07-11 14:15:00,8,7,11,14,15,370,58,,,,Plein jour,Hors agglomération,Hors intersection,Normale,Deux véhicules - frontale,,,,,,,,,,,1,1,1,1,1
200800037763,0008-07-11 18:45:00,8,7,11,18,45,370,74,RD 952,,,Plein jour,En agglomération,Autre intersection,Normale,Deux véhicules - frontale,,,,,,,,,,,1,2,9,1,1
200800037764,0008-07-21 19:00:00,8,7,21,19,0,370,82,,,,Plein jour,Hors agglomération,Hors intersection,Normale,Autre collision,,,,,,,,,,,1,1,1,1,6
200800037765,0008-07-01 23:15:00,8,7,1,23,15,370,226,15 RUE GABRIEL CHEVALIER,47.115,0.614,Nuit avec éclairage allumé,En agglomération,Hors intersection,Normale,Autre collision,,,,,,,,,,,5,2,1,1,6
200800037766,0008-07-11 16:45:00,8,7,11,16,45,370,129,,47.131,0.279,Plein jour,Hors agglomération,Intersection en X,Normale,Deux véhicules - côté,,,,,,,,,,,1,1,2,1,3
200800037767,0008-07-24 22:00:00,8,7,24,22,0,370,278,,47.199,0.632,Crépuscule ou aube,Hors agglomération,Hors intersection,Normale,Autre collision,,,,,,,,,,,2,1,1,1,6
200800037768,0008-07-29 16:15:00,8,7,29,16,15,370,133,,,,Plein jour,Hors agglomération,Hors intersection,Normale,Autre collision,,,,,,,,,,,1,1,1,1,6
200800037769,0008-07-06 16:15:00,8,7,6,16,15,370,211,,,,Plein jour,Hors agglomération,Hors intersection,Pluie légère,Deux véhicules - frontale,,,,,,,,,,,1,1,1,2,1
200800037770,0008-07-17 20:15:00,8,7,17,20,15,410,167,40 rue d'Asniere,,,Plein jour,En agglomération,Hors intersection,Normale,Deux véhicules - frontale,,,,,,,,,,,1,2,1,1,1
200800037771,0008-07-27 05:30:00,8,7,27,5,30,410,144,rue de la vallee,,,Crépuscule ou aube,En agglomération,Hors intersection,Normale,Autre collision,,,,,,,,,,,2,2,1,1,6
200800037772,0008-07-29 09:30:00,8,7,29,9,30,410,142,,,,Plein jour,Hors agglomération,Hors intersection,Normale,Sans collision,,,,,,,,,,,1,1,1,1,7
200800037773,0008-07-02 22:15:00,8,7,2,22,15,410,164,CD 675 - ave de la gare,47.29,1.386,Nuit avec éclairage allumé,En agglomération,Intersection en X,Normale,Deux véhicules - côté,,,,,,,,,,,5,2,2,1,3
200800037774,0008-07-09 08:45:00,8,7,9,8,45,410,168,,,,Plein jour,Hors agglomération,Hors intersection,Normale,Sans collision,,,,,,,,,,,1,1,1,1,7
200800037775,0008-07-15 03:30:00,8,7,15,3,30,410,161,Place du champ de foire,47.539,2.036,Nuit avec éclairage allumé,En agglomération,Hors intersection,Normale,Autre collision,,,,,,,,,,,5,2,1,1,6
200800037776,0008-07-13 09:00:00,8,7,13,9,0,410,247,,,,Plein jour,Hors agglomération,Hors intersection,Normale,Autre collision,,,,,,,,,,,1,1,1,1,6
200800037777,0008-07-13 05:30:00,8,7,13,5,30,410,135,CD 976,47.273,1.871,Crépuscule ou aube,En agglomération,Hors intersection,Normale,Autre collision,,,,,,,,,,,2,2,1,1,6
200800037778,0008-07-08 22:30:00,8,7,8,22,30,410,131,ROUTE DE VENDOME,47.815,0.96,Nuit avec éclairage allumé,En agglomération,Intersection en T,Normale,Deux véhicules - côté,,,,,,,,,,,5,2,3,1,3
200800037779,0008-07-12 10:45:00,8,7,12,10,45,330,70,,45.03,-0.92,Plein jour,Hors agglomération,Hors intersection,Normale,Sans collision,,,,,,,,,,,1,1,1,1,7
200800037780,0008-07-12 06:30:00,8,7,12,6,30,330,333,,,,Crépuscule ou aube,Hors agglomération,Autre intersection,Normale,Autre collision,,,,,,,,,,,2,1,9,1,6
200800037781,0008-07-26 05:15:00,8,7,26,5,15,330,528,,,,Nuit sans éclairage public,Hors agglomération,Hors intersection,Pluie légère,Sans collision,,,,,,,,,,,3,1,1,2,7
200800037782,0008-07-24 22:30:00,8,7,24,22,30,290,146,,47.919,-3.841,Nuit sans éclairage public,Hors agglomération,Hors intersection,Normale,Autre collision,,,,,,,,,,,3,1,1,1,6
200800037783,0008-07-25 14:30:00,8,7,25,14,30,290,49,Allee de  St cloud,47.998,-3.893,Plein jour,En agglomération,Hors intersection,Pluie légère,Deux véhicules - frontale,,,,,,,,,,,1,2,1,2,1
200800037784,0008-07-01 15:00:00,8,7,1,15,0,130,33,,,,Plein jour,En agglomération,Hors intersection,Normale,Deux véhicules - côté,,,,,,,,,,,1,2,1,1,3
200800037785,0008-07-05 21:30:00,8,7,5,21,30,130,88,,,,Nuit sans éclairage public,Hors agglomération,Hors intersection,Normale,Deux véhicules - côté,,,,,,,,,,,3,1,1,1,3
200800037786,0008-07-22 19:00:00,8,7,22,19,0,130,21,130 ROUTE BLEUE,43.337,5.171,Plein jour,En agglomération,Hors intersection,Normale,Deux véhicules - côté,,,,,,,,,,,1,2,1,1,3
200800037787,0008-07-22 19:30:00,8,7,22,19,30,130,21,92 route bleue,43.336,5.164,Plein jour,En agglomération,Hors intersection,Normale,Deux véhicules - côté,,,,,,,,,,,1,2,1,1,3
200800037788,0008-07-12 12:15:00,8,7,12,12,15,330,199,,,,Plein jour,Hors agglomération,Hors intersection,Normale,Autre collision,,,,,,,,,,,1,1,1,1,6
200800037789,0008-07-30 17:30:00,8,7,30,17,30,330,199,,44.644,-1.045,Plein jour,Hors agglomération,Hors intersection,Normale,Trois véhicules et plus - collisions multiples,,,,,,,,,,,1,1,1,1,5
200800037790,0008-07-19 15:30:00,8,7,19,15,30,870,81,,45.742,1.201,Plein jour,Hors agglomération,Hors intersection,Normale,Autre collision,,,,,,,,,,,1,1,1,1,6
200800037791,0008-07-22 13:45:00,8,7,22,13,45,870,203,,45.668,1.393,Plein jour,Hors agglomération,Hors intersection,Normale,Deux véhicules - côté,,,,,,,,,,,1,1,1,1,3
200800037792,0008-07-20 19:15:00,8,7,20,19,15,670,527,,,,Plein jour,Hors agglomération,Hors intersection,Normale,Sans collision,,,,,,,,,,,1,1,1,1,7
200800037793,0008-07-13 17:15:00,8,7,13,17,15,580,207,,47.088,3.142,Plein jour,Hors agglomération,Hors intersection,Normale,Deux véhicules - côté,,,,,,,,,,,1,1,1,1,3
200800037794,0008-07-09 17:30:00,8,7,9,17,30,210,515,,,,Plein jour,Hors agglomération,Hors intersection,Normale,Deux véhicules - côté,,,,,,,,,,,1,1,1,1,3
200800037795,0008-07-11 12:45:00,8,7,11,12,45,210,540,,,,Plein jour,Hors agglomération,Hors intersection,Normale,Deux véhicules - arrière,,,,,,,,,,,1,1,1,1,2
200800037796,0008-07-31 16:30:00,8,7,31,16,30,150,45,,44.87,3.05,Plein jour,Hors agglomération,Hors intersection,Normale,Sans collision,,,,,,,,,,,1,1,1,1,7
200800037797,0008-07-10 12:45:00,8,7,10,12,45,130,40,,43.463,5.546,Plein jour,Hors agglomération,Hors intersection,Normale,Deux véhicules - côté,,,,,,,,,,,1,1,1,1,3
200800037798,0008-07-11 11:45:00,8,7,11,11,45,130,87,Avenue georges VACHER,43.477,5.62,Plein jour,En agglomération,Hors intersection,Normale,Deux véhicules - frontale,,,,,,,,,,,1,2,1,1,1
200800037799,0008-07-12 19:30:00,8,7,12,19,30,130,40,,43.448,5.581,Plein jour,Hors agglomération,Hors intersection,Normale,Autre collision,,,,,,,,,,,1,1,1,1,6
200800037800,0008-07-16 14:00:00,8,7,16,14,0,470,174,,44.068,0.372,Plein jour,Hors agglomération,Hors intersection,Normale,Deux véhicules - frontale,,,,,,,,,,,1,1,1,1,1
200800037801,0008-07-17 13:30:00,8,7,17,13,30,470,195,rue Gambetta,44.141,0.345,Plein jour,En agglomération,Hors intersection,Normale,Autre collision,,,,,,,,,,,1,2,1,1,6
200800037802,0008-07-04 15:45:00,8,7,4,15,45,110,202,Avenue  du Galde Gaulle,,,Plein jour,En agglomération,Hors intersection,Normale,Deux véhicules - arrière,,,,,,,,,,,1,2,1,1,2
200800037803,0008-07-06 17:45:00,8,7,6,17,45,110,144,,42.873,2.985,Plein jour,Hors agglomération,Hors intersection,Normale,Trois véhicules et plus - collisions multiples,,,,,,,,,,,1,1,1,1,5
200800037804,0008-07-22 22:15:00,8,7,22,22,15,110,913,avenue du languedoc,42.868,3.047,Nuit avec éclairage allumé,En agglomération,Hors intersection,Normale,Autre collision,,,,,,,,,,,5,2,1,1,6
200800037805,0008-07-11 20:00:00,8,7,11,20,0,340,116,,,,Plein jour,Hors agglomération,Hors intersection,Normale,Deux véhicules - frontale,,,,,,,,,,,1,1,1,1,1
200800037806,0008-07-18 18:00:00,8,7,18,18,0,340,163,,43.651,3.681,Plein jour,Hors agglomération,Hors intersection,Normale,Sans collision,,,,,,,,,,,1,1,1,1,7
200800037807,0008-07-20 03:30:00,8,7,20,3,30,340,163,,,,Nuit sans éclairage public,Hors agglomération,Hors intersection,Normale,Autre collision,,,,,,,,,,,3,1,1,1,6
200800037808,0008-07-26 12:30:00,8,7,26,12,30,340,163,,,,Plein jour,Hors agglomération,Hors intersection,Normale,Sans collision,,,,,,,,,,,1,1,1,1,7
200800037809,0008-07-19 14:45:00,8,7,19,14,45,350,51,,,,Plein jour,Hors agglomération,Hors intersection,Normale,Deux véhicules - frontale,,,,,,,,,,,1,1,1,1,1
200800037810,0008-07-27 16:00:00,8,7,27,16,0,350,51,,48.12,-1.567,Plein jour,Hors agglomération,Hors intersection,Normale,Trois véhicules et plus - collisions multiples,,,,,,,,,,,1,1,1,1,5
200800037811,0008-07-12 04:30:00,8,7,12,4,30,230,165,,45.821,1.91,Nuit sans éclairage public,Hors agglomération,Hors intersection,Normale,Sans collision,,,,,,,,,,,3,1,1,1,7
200800037812,0008-07-20 13:45:00,8,7,20,13,45,230,165,,45.815,1.895,Plein jour,Hors agglomération,Hors intersection,Normale,Autre collision,,,,,,,,,,,1,1,1,1,6
200800037813,0008-07-08 17:00:00,8,7,8,17,0,780,564,,,,Plein jour,Hors agglomération,Hors intersection,Normale,Deux véhicules - côté,,,,,,,,,,,1,1,1,1,3
200800037814,0008-07-10 12:00:00,8,7,10,12,0,510,662,22 rue Jean Monnet,49.293,4.114,Plein jour,En agglomération,Hors intersection,Normale,Autre collision,,,,,,,,,,,1,2,1,1,6
200800037815,0008-07-11 08:45:00,8,7,11,8,45,510,362,,49.286,3.944,Plein jour,Hors agglomération,Intersection en X,Normale,Deux véhicules - côté,,,,,,,,,,,1,1,2,1,3
200800037816,0008-07-27 19:15:00,8,7,27,19,15,510,171,,49.371,3.878,Plein jour,Hors agglomération,Hors intersection,Normale,Sans collision,,,,,,,,,,,1,1,1,1,7
200800037817,0008-07-02 16:30:00,8,7,2,16,30,690,252,,45.547,4.672,Plein jour,Hors agglomération,Hors intersection,Pluie forte,Deux véhicules - frontale,,,,,,,,,,,1,1,1,3,1
200800037818,0008-07-11 19:00:00,8,7,11,19,0,690,119,,45.501,4.722,Plein jour,Hors agglomération,Hors intersection,Pluie forte,Deux véhicules - côté,,,,,,,,,,,1,1,1,3,3
200800037819,0008-07-12 13:00:00,8,7,12,13,0,770,216,,48.299,2.673,Plein jour,Hors agglomération,Hors intersection,Temps couvert,Autre collision,,,,,,,,,,,1,1,1,8,6
200800037820,0008-07-31 16:15:00,8,7,31,16,15,890,208,,,,Plein jour,Hors agglomération,Hors intersection,Normale,Trois véhicules et plus - collisions multiples,,,,,,,,,,,1,1,1,1,5
200800037821,0008-07-13 04:15:00,8,7,13,4,15,620,259,,50.2,2.87,Nuit avec éclairage allumé,Hors agglomération,Hors intersection,Normale,Deux véhicules - frontale,,,,,,,,,,,5,1,1,1,1
200800037822,0008-07-07 07:30:00,8,7,7,7,30,800,288,,,,Plein jour,Hors agglomération,Hors intersection,Normale,Autre collision,,,,,,,,,,,1,1,1,1,6
200800037823,0008-07-16 07:45:00,8,7,16,7,45,800,101,,,,Plein jour,Hors agglomération,Hors intersection,Normale,Autre collision,,,,,,,,,,,1,1,1,1,6
200800037824,0008-07-22 14:30:00,8,7,22,14,30,800,646,,,,Plein jour,Hors agglomération,Hors intersection,Normale,Deux véhicules - côté,,,,,,,,,,,1,1,1,1,3
200800037825,0008-07-05 07:00:00,8,7,5,7,0,710,170,,,,Plein jour,Hors agglomération,Hors intersection,Normale,Deux véhicules - arrière,,,,,,,,,,,1,1,1,1,2
200800037826,0008-07-07 13:15:00,8,7,7,13,15,710,245,,,,Plein jour,Hors agglomération,Hors intersection,Normale,Deux véhicules - frontale,,,,,,,,,,,1,1,1,1,1
200800037827,0008-07-12 09:00:00,8,7,12,9,0,710,384,,46.69,4.84,Plein jour,Hors agglomération,Hors intersection,Normale,Trois véhicules et plus - en chaîne,,,,,,,,,,,1,1,1,1,4