accident_id,datetime,annee,mois,jour,heure,minute,departement,commune_insee,adresse,latitude,longitude,luminosite,agglomeration,intersection,meteo,collision,nb_vehicules,nb_usagers,nb_indemnes,nb_tues,nb_blesses_hosp,nb_blesses_legers,age_cond_1,age_cond_2,veh_type_cond_1,veh_type_cond_2,lum_code,agg_code,int_code,atm_code,col_code
200800037972,0008-07-27 09:30:00,8,7,27,9,30,90,296,,,,Plein jour,Hors agglomération,Passage à niveau,Normale,Trois véhicules et plus - collisions multiples,,,,,,,,,,,1,1,8,1,5
200800037973,0008-07-03 18:00:00,8,7,3,18,0,350,210,,,,Plein jour,Hors agglomération,Hors intersection,Pluie forte,Deux véhicules - frontale,,,,,,,,,,,1,1,1,3,1
200800037974,0008-07-13 00:01:00,8,7,13,0,1,350,275,,,,Nuit sans éclairage public,Hors agglomération,Hors intersection,Normale,Autre collision,,,,,,,,,,,3,1,1,1,6
200800037975,0008-07-28 18:30:00,8,7,28,18,30,350,210,,,,Plein jour,Hors agglomération,Intersection en X,Normale,Deux véhicules - frontale,,,,,,,,,,,1,1,2,1,1
200800037976,0008-07-09 17:15:00,8,7,9,17,15,560,251,,47.652,-2.707,Plein jour,Hors agglomération,Hors intersection,Normale,Deux véhicules - côté,,,,,,,,,,,1,1,1,1,3
200800037977,0008-07-12 16:00:00,8,7,12,16,0,560,5,,47.544,-2.873,Plein jour,Hors agglomération,Hors intersection,Normale,Deux véhicules - frontale,,,,,,,,,,,1,1,1,1,1
200800037978,0008-07-23 17:30:00,8,7,23,17,30,560,251,,47.653,-2.701,Plein jour,Hors agglomération,Hors intersection,Normale,Deux véhicules - côté,,,,,,,,,,,1,1,1,1,3
200800037979,0008-07-05 14:45:00,8,7,5,14,45,420,159,,45.853,3.765,Plein jour,Hors agglomération,Hors intersection,Normale,Deux véhicules - côté,,,,,,,,,,,1,1,1,1,3
200800037980,0008-07-25 06:45:00,8,7,25,6,45,540,220,,,,Crépuscule ou aube,Hors agglomération,Hors intersection,Normale,Autre collision,,,,,,,,,,,2,1,1,1,6
200800037981,0008-07-17 19:00:00,8,7,17,19,0,380,339,Rue du Pont ST Bonnet,45.609,5.171,Plein jour,En agglomération,Hors intersection,Normale,Deux véhicules - côté,,,,,,,,,,,1,2,1,1,3
200800037982,0008-07-29 05:45:00,8,7,29,5,45,130,1,,,,Plein jour,Hors agglomération,Hors intersection,Normale,Autre collision,,,,,,,,,,,1,1,1,1,6
200800037983,0008-07-13 16:30:00,8,7,13,16,30,180,138,,,,Plein jour,Hors agglomération,Hors intersection,Pluie légère,Autre collision,,,,,,,,,,,1,1,1,2,6
200800037984,0008-07-16 13:30:00,8,7,16,13,30,180,279,,,,Plein jour,Hors agglomération,Hors intersection,Normale,Autre collision,,,,,,,,,,,1,1,1,1,6
200800037985,0008-07-21 14:45:00,8,7,21,14,45,410,232,,,,Plein jour,Hors agglomération,Hors intersection,Normale,Deux véhicules - arrière,,,,,,,,,,,1,1,1,1,2
200800037986,0008-07-21 17:30:00,8,7,21,17,30,180,190,,,,Plein jour,Hors agglomération,Hors intersection,Normale,Sans collision,,,,,,,,,,,1,1,1,1,7
200800037987,0008-07-30 08:45:00,8,7,30,8,45,410,161,,,,Plein jour,Hors agglomération,Hors intersection,Normale,Deux véhicules - arrière,,,,,,,,,,,1,1,1,1,2
200800037988,0008-07-14 20:00:00,8,7,14,20,0,340,337,,,,Plein jour,Hors agglomération,Hors intersection,Normale,Deux véhicules - côté,,,,,,,,,,,1,1,1,1,3
200800037989,0008-07-02 18:00:00,8,7,2,18,0,130,69,,43.626,5.145,Plein jour,Hors agglomération,Hors intersection,Normale,Autre collision,,,,,,,,,,,1,1,1,1,6
200800037990,0008-07-09 21:30:00,8,7,9,21,30,130,51,,43.575,5.151,Crépuscule ou aube,Hors agglomération,Hors intersection,Normale,Trois véhicules et plus - collisions multiples,,,,,,,,,,,2,1,1,1,5
200800037991,0008-07-26 04:00:00,8,7,26,4,0,130,44,,43.626,5.042,Nuit sans éclairage public,Hors agglomération,Hors intersection,Normale,Sans collision,,,,,,,,,,,3,1,1,1,7
200800037992,0008-07-20 17:00:00,8,7,20,17,0,30,21,,,,Plein jour,Hors agglomération,Hors intersection,Normale,Sans collision,,,,,,,,,,,1,1,1,1,7
200800037993,0008-07-26 23:45:00,8,7,26,23,45,630,300,,,,Nuit sans éclairage public,Hors agglomération,Hors intersection,Normale,Deux véhicules - arrière,,,,,,,,,,,3,1,1,1,2
200800037994,0008-07-19 10:15:00,8,7,19,10,15,60,84,,,,Plein jour,En agglomération,Hors intersection,Normale,Deux véhicules - arrière,,,,,,,,,,,1,2,1,1,2
200800037995,0008-07-31 23:45:00,8,7,31,23,45,60,84,,,,Nuit sans éclairage public,Hors agglomération,Hors intersection,Normale,Autre collision,,,,,,,,,,,3,1,1,1,6
200800037996,0008-07-13 20:15:00,8,7,13,20,15,490,323,,47.502,-0.518,Plein jour,Hors agglomération,Hors intersection,Normale,Deux véhicules - côté,,,,,,,,,,,1,1,1,1,3
200800037997,0008-07-30 00:30:00,8,7,30,0,30,490,188,,,,Nuit sans éclairage public,Hors agglomération,Hors intersection,Normale,Autre collision,,,,,,,,,,,3,1,1,1,6
200800037998,0008-07-31 14:45:00,8,7,31,14,45,720,130,,,,Plein jour,Hors agglomération,Hors intersection,Normale,Deux véhicules - arrière,,,,,,,,,,,1,1,1,1,2
200800037999,0008-07-13 06:00:00,8,7,13,6,0,400,210,,44.077,-1.006,Nuit sans éclairage public,Hors agglomération,Hors intersection,Normale,Deux véhicules - arrière,,,,,,,,,,,3,1,1,1,2
200800038000,0008-07-01 14:15:00,8,7,1,14,15,670,309,,48.658,7.721,Plein jour,Hors agglomération,Hors intersection,Normale,Autre collision,,,,,,,,,,,1,1,1,1,6
200800038001,0008-07-04 17:45:00,8,7,4,17,45,670,389,,48.647,7.754,Plein jour,Hors agglomération,Hors intersection,Normale,Autre collision,,,,,,,,,,,1,1,1,1,6
200800038002,0008-07-16 03:00:00,8,7,16,3,0,670,389,,,,Nuit sans éclairage public,Hors agglomération,Hors intersection,Normale,Autre collision,,,,,,,,,,,3,1,1,1,6
200800038003,0008-07-17 13:30:00,8,7,17,13,30,670,309,,48.652,7.725,Plein jour,Hors agglomération,Giratoire,Temps couvert,Trois véhicules et plus - collisions multiples,,,,,,,,,,,1,1,6,8,5
200800038004,0008-07-25 11:45:00,8,7,25,11,45,670,389,,48.662,7.757,Plein jour,Hors agglomération,Hors intersection,Normale,Autre collision,,,,,,,,,,,1,1,1,1,6
200800038005,0008-07-29 05:30:00,8,7,29,5,30,650,226,,,,Plein jour,Hors agglomération,Hors intersection,Normale,Autre collision,,,,,,,,,,,1,1,1,1,6
200800038006,0008-07-17 15:45:00,8,7,17,15,45,20,498,,,,Plein jour,Hors agglomération,Hors intersection,Normale,Deux véhicules - arrière,,,,,,,,,,,1,1,1,1,2
200800038007,0008-07-26 01:00:00,8,7,26,1,0,20,27,,,,Nuit sans éclairage public,Hors agglomération,Hors intersection,Normale,Deux véhicules - frontale,,,,,,,,,,,3,1,1,1,1
200800038008,0008-07-17 12:15:00,8,7,17,12,15,30,31,,46.391,2.721,Plein jour,Hors agglomération,Hors intersection,Normale,Deux véhicules - arrière,,,,,,,,,,,1,1,1,1,2
200800038009,0008-07-22 13:30:00,8,7,22,13,30,30,193,,46.511,2.625,Plein jour,Hors agglomération,Hors intersection,Normale,Autre collision,,,,,,,,,,,1,1,1,1,6
200800038010,0008-07-21 17:00:00,8,7,21,17,0,180,221,,46.833,2.413,Plein jour,Hors agglomération,Hors intersection,Normale,Deux véhicules - côté,,,,,,,,,,,1,1,1,1,3
200800038011,0008-07-03 15:15:00,8,7,3,15,15,210,614,,47.439,5.168,Plein jour,Hors agglomération,Hors intersection,Normale,Autre collision,,,,,,,,,,,1,1,1,1,6
200800038012,0008-07-24 16:45:00,8,7,24,16,45,40,149,,,,Plein jour,Hors agglomération,Hors intersection,Normale,Autre collision,,,,,,,,,,,1,1,1,1,6
200800038013,0008-07-01 10:15:00,8,7,1,10,15,100,100,,,,Plein jour,Hors agglomération,Hors intersection,Normale,Sans collision,,,,,,,,,,,1,1,1,1,7
200800038014,0008-07-24 20:45:00,8,7,24,20,45,130,80,,43.627,5.459,Plein jour,Hors agglomération,Hors intersection,Normale,Autre collision,,,,,,,,,,,1,1,1,1,6
200800038015,0008-07-30 10:45:00,8,7,30,10,45,130,113,,43.612,5.497,Plein jour,Hors agglomération,Hors intersection,Normale,Deux véhicules - arrière,,,,,,,,,,,1,1,1,1,2
200800038016,0008-07-20 05:30:00,8,7,20,5,30,260,88,,45.028,5.083,Nuit sans éclairage public,Hors agglomération,Hors intersection,Normale,Autre collision,,,,,,,,,,,3,1,1,1,6
200800038017,0008-07-01 07:45:00,8,7,1,7,45,350,208,rue de rennes,,,Plein jour,En agglomération,Hors intersection,Normale,Deux véhicules - côté,,,,,,,,,,,1,2,1,1,3
200800038018,0008-07-12 07:45:00,8,7,12,7,45,510,545,,,,Crépuscule ou aube,Hors agglomération,Hors intersection,Normale,Autre collision,,,,,,,,,,,2,1,1,1,6
200800038019,0008-07-29 15:45:00,8,7,29,15,45,310,91,,,,Plein jour,Hors agglomération,Hors intersection,Normale,Sans collision,,,,,,,,,,,1,1,1,1,7
200800038020,0008-07-26 09:00:00,8,7,26,9,0,770,86,,48.53,2.815,Plein jour,Hors agglomération,Hors intersection,Normale,Autre collision,,,,,,,,,,,1,1,1,1,6
200800038021,0008-07-15 11:30:00,8,7,15,11,30,130,50,,,,Plein jour,Hors agglomération,Autre intersection,Normale,Deux véhicules - côté,,,,,,,,,,,1,1,9,1,3
200800038022,0008-07-15 18:45:00,8,7,15,18,45,760,239,,49.515,0.291,Plein jour,Hors agglomération,Hors intersection,Normale,Autre collision,,,,,,,,,,,1,1,1,1,6
200800038023,0008-07-31 18:00:00,8,7,31,18,0,310,175,PK.1.88,43.125,0.728,Plein jour,En agglomération,Giratoire,Normale,Deux véhicules - frontale,,,,,,,,,,,1,2,6,1,1
200800038024,0008-07-16 11:00:00,8,7,16,11,0,490,107,,47.5,-0.28,Plein jour,Hors agglomération,Hors intersection,Normale,Deux véhicules - frontale,,,,,,,,,,,1,1,1,1,1
200800038025,0008-07-06 03:00:00,8,7,6,3,0,740,311,,,,Nuit avec éclairage allumé,Hors agglomération,Hors intersection,Normale,Autre collision,,,,,,,,,,,5,1,1,1,6
200800038026,0008-07-18 21:45:00,8,7,18,21,45,740,304,,46.145,6.426,Nuit sans éclairage public,Hors agglomération,Hors intersection,Normale,Deux véhicules - frontale,,,,,,,,,,,3,1,1,1,1
200800038027,0008-07-12 09:15:00,8,7,12,9,15,190,130,,,,Plein jour,Hors agglomération,Hors intersection,Normale,Deux véhicules - côté,,,,,,,,,,,1,1,1,1,3
200800038028,0008-07-28 11:45:00,8,7,28,11,45,680,22,,,,Plein jour,Hors agglomération,Hors intersection,Normale,Trois véhicules et plus - en chaîne,,,,,,,,,,,1,1,1,1,4
200800038029,0008-07-25 07:30:00,8,7,25,7,30,720,231,,47.958,0.303,Plein jour,Hors agglomération,Hors intersection,Normale,Autre collision,,,,,,,,,,,1,1,1,1,6
200800038030,0008-07-12 22:30:00,8,7,12,22,30,720,197,,48.145,0.01,Nuit sans éclairage public,Hors agglomération,Hors intersection,Normale,Deux véhicules - côté,,,,,,,,,,,3,1,1,1,3
200800038031,0008-07-19 21:00:00,8,7,19,21,0,720,89,,48.127,0.012,Plein jour,Hors agglomération,Hors intersection,Temps éblouissant,Deux véhicules - arrière,,,,,,,,,,,1,1,1,7,2
200800038032,0008-07-17 18:45:00,8,7,17,18,45,720,380,,,,Plein jour,Hors agglomération,Hors intersection,Normale,Deux véhicules - frontale,,,,,,,,,,,1,1,1,1,1
200800038033,0008-07-27 08:00:00,8,7,27,8,0,720,97,,,,Plein jour,Hors agglomération,Hors intersection,Normale,Sans collision,,,,,,,,,,,1,1,1,1,7
200800038034,0008-07-10 18:45:00,8,7,10,18,45,680,375,,,,Plein jour,Hors agglomération,Hors intersection,Normale,Deux véhicules - frontale,,,,,,,,,,,1,1,1,1,1
200800038035,0008-07-05 23:00:00,8,7,5,23,0,670,558,,,,Nuit sans éclairage public,Hors agglomération,Hors intersection,Normale,Autre collision,,,,,,,,,,,3,1,1,1,6
200800038036,0008-07-08 23:45:00,8,7,8,23,45,670,415,,48.899,7.518,Nuit sans éclairage public,Hors agglomération,Hors intersection,Pluie légère,Autre collision,,,,,,,,,,,3,1,1,2,6
200800038037,0008-07-15 06:45:00,8,7,15,6,45,670,176,,,,Plein jour,Hors agglomération,Hors intersection,Temps éblouissant,Autre collision,,,,,,,,,,,1,1,1,7,6
200800038038,0008-07-26 19:00:00,8,7,26,19,0,670,174,,48.897,7.618,Plein jour,Hors agglomération,Hors intersection,Normale,Sans collision,,,,,,,,,,,1,1,1,1,7
200800038039,0008-07-31 10:00:00,8,7,31,10,0,300,34,,,,Plein jour,Hors agglomération,Intersection en Y,Normale,Trois véhicules et plus - collisions multiples,,,,,,,,,,,1,1,4,1,5
200800038040,0008-07-12 03:00:00,8,7,12,3,0,850,196,,46.83,-1.188,Nuit sans éclairage public,Hors agglomération,Hors intersection,Normale,Autre collision,,,,,,,,,,,3,1,1,1,6
200800038041,0008-07-25 07:15:00,8,7,25,7,15,850,84,,,,Plein jour,Hors agglomération,Hors intersection,Temps couvert,Deux véhicules - arrière,,,,,,,,,,,1,1,1,8,2
200800038042,0008-07-03 17:30:00,8,7,3,17,30,130,83,Route d'Avignon RD571,43.911,4.815,Plein jour,En agglomération,Hors intersection,Normale,Deux véhicules - frontale,,,,,,,,,,,1,2,1,1,1
200800038043,0008-07-26 10:30:00,8,7,26,10,30,130,83,Chemin de Langlade,43.909,4.793,Plein jour,En agglomération,Hors intersection,Normale,Autre collision,,,,,,,,,,,1,2,1,1,6
200800038044,0008-07-21 09:15:00,8,7,21,9,15,340,192,,,,Plein jour,Hors agglomération,Intersection en X,Normale,Deux véhicules - arrière,,,,,,,,,,,1,1,2,1,2
200800038045,0008-07-12 05:45:00,8,7,12,5,45,760,394,,,,Crépuscule ou aube,Hors agglomération,Hors intersection,Pluie légère,Autre collision,,,,,,,,,,,2,1,1,2,6
200800038046,0008-07-12 19:00:00,8,7,12,19,0,760,255,207 route du Treport,,,Plein jour,En agglomération,Hors intersection,Normale,Deux véhicules - côté,,,,,,,,,,,1,2,1,1,3
200800038047,0008-07-14 15:15:00,8,7,14,15,15,760,252,,,,Plein jour,Hors agglomération,Autre intersection,Normale,Sans collision,,,,,,,,,,,1,1,9,1,7
200800038048,0008-07-26 18:45:00,8,7,26,18,45,760,252,PARKING  GRANDE SURFACE,,,Plein jour,En agglomération,Hors intersection,Normale,Deux véhicules - côté,,,,,,,,,,,1,2,1,1,3
200800038049,0008-07-05 01:45:00,8,7,5,1,45,760,673,,49.466,1.274,Nuit sans éclairage public,Hors agglomération,Hors intersection,Normale,Deux véhicules - frontale,,,,,,,,,,,3,1,1,1,1
200800038050,0008-07-16 08:30:00,8,7,16,8,30,760,548,,49.479,1.346,Crépuscule ou aube,Hors agglomération,Hors intersection,Normale,Autre collision,,,,,,,,,,,2,1,1,1,6
200800038051,0008-07-15 18:00:00,8,7,15,18,0,710,520,,,,Plein jour,Hors agglomération,Hors intersection,Normale,Deux véhicules - frontale,,,,,,,,,,,1,1,1,1,1
200800038052,0008-07-10 20:45:00,8,7,10,20,45,410,44,,,,Plein jour,Hors agglomération,Autre intersection,Normale,Sans collision,,,,,,,,,,,1,1,9,1,7
200800038053,0008-07-18 20:15:00,8,7,18,20,15,600,50,,,,Plein jour,Hors agglomération,Hors intersection,Normale,Sans collision,,,,,,,,,,,1,1,1,1,7
200800038054,0008-07-04 20:45:00,8,7,4,20,45,310,150,23 rote de TOULOUSE,43.655,1.332,Plein jour,En agglomération,Hors intersection,Temps éblouissant,Deux véhicules - frontale,,,,,,,,,,,1,2,1,7,1
200800038055,0008-07-27 18:30:00,8,7,27,18,30,250,467,La grosse Aige,,,Plein jour,En agglomération,Hors intersection,Normale,Deux véhicules - frontale,,,,,,,,,,,1,2,1,1,1
200800038056,0008-07-31 11:45:00,8,7,31,11,45,250,34,,,,Plein jour,Hors agglomération,Hors intersection,Normale,Sans collision,,,,,,,,,,,1,1,1,1,7
200800038057,0008-07-06 17:45:00,8,7,6,17,45,950,183,avenue Mail Mendes Franc,,,Plein jour,En agglomération,Hors intersection,Normale,Deux véhicules - côté,,,,,,,,,,,1,2,1,1,3
200800038058,0008-07-08 22:45:00,8,7,8,22,45,950,388,rue du vexin,,,Nuit sans éclairage public,En agglomération,Hors intersection,Normale,Deux véhicules - côté,,,,,,,,,,,3,2,1,1,3
200800038059,0008-07-11 19:45:00,8,7,11,19,45,560,94,,47.768,-3.296,Plein jour,Hors agglomération,Hors intersection,Normale,Deux véhicules - frontale,,,,,,,,,,,1,1,1,1,1
200800038060,0008-07-27 21:30:00,8,7,27,21,30,560,94,,,,Crépuscule ou aube,Hors agglomération,Hors intersection,Temps éblouissant,Deux véhicules - arrière,,,,,,,,,,,2,1,1,7,2
200800038061,0008-07-06 15:30:00,8,7,6,15,30,140,342,,,,Plein jour,Hors agglomération,Hors intersection,Normale,Autre collision,,,,,,,,,,,1,1,1,1,6
200800038062,0008-07-11 10:45:00,8,7,11,10,45,140,480,,,,Plein jour,Hors agglomération,Hors intersection,Normale,Sans collision,,,,,,,,,,,1,1,1,1,7
200800038063,0008-07-17 16:30:00,8,7,17,16,30,140,681,,,,Plein jour,Hors agglomération,Hors intersection,Normale,Autre collision,,,,,,,,,,,1,1,1,1,6
200800038064,0008-07-03 19:15:00,8,7,3,19,15,350,24,7 avenue d'armorique,,,Plein jour,En agglomération,Hors intersection,Temps couvert,Autre collision,,,,,,,,,,,1,2,1,8,6
200800038065,0008-07-20 19:00:00,8,7,20,19,0,350,1,Rue de Rennes,48.139,-1.542,Plein jour,En agglomération,Hors intersection,Normale,Sans collision,,,,,,,,,,,1,2,1,1,7
200800038066,0008-07-01 19:30:00,8,7,1,19,30,440,9,RUE DE LA CASSARDIERE,,,Plein jour,En agglomération,Hors intersection,Normale,Deux véhicules - frontale,,,,,,,,,,,1,2,1,1,1
200800038067,0008-07-14 15:00:00,8,7,14,15,0,620,458,,50.795,2.151,Plein jour,Hors agglomération,Hors intersection,Normale,Deux véhicules - frontale,,,,,,,,,,,1,1,1,1,1
200800038068,0008-07-11 22:30:00,8,7,11,22,30,770,359,face au  9 rue Dr SIFFRE,,,Nuit sans éclairage public,En agglomération,Hors intersection,Normale,Sans collision,,,,,,,,,,,3,2,1,1,7
200800038069,0008-07-05 11:30:00,8,7,5,11,30,690,260,665 route de Givors,,,Plein jour,En agglomération,Hors intersection,Normale,Sans collision,,,,,,,,,,,1,2,1,1,7
200800038070,0008-07-07 15:15:00,8,7,7,15,15,340,295,,,,Plein jour,Hors agglomération,Hors intersection,Normale,Autre collision,,,,,,,,,,,1,1,1,1,6
200800038071,0008-07-12 13:00:00,8,7,12,13,0,340,95,,,,Plein jour,Hors agglomération,Hors intersection,Normale,Deux véhicules - côté,,,,,,,,,,,1,1,1,1,3
200800038072,0008-07-13 23:00:00,8,7,13,23,0,340,95,,,,Plein jour,Hors agglomération,Hors intersection,Normale,Deux véhicules - frontale,,,,,,,,,,,1,1,1,1,1
200800038073,0008-07-15 09:45:00,8,7,15,9,45,300,141,,44.103,4.632,Plein jour,Hors agglomération,Hors intersection,Normale,Deux véhicules - frontale,,,,,,,,,,,1,1,1,1,1
200800038074,0008-07-31 19:00:00,8,7,31,19,0,300,191,,44.143,4.669,Plein jour,Hors agglomération,Hors intersection,Normale,Deux véhicules - côté,,,,,,,,,,,1,1,1,1,3
200800038075,0008-07-19 19:45:00,8,7,19,19,45,370,122,,,,Plein jour,Hors agglomération,Hors intersection,Temps éblouissant,Sans collision,,,,,,,,,,,1,1,1,7,7
200800038076,0008-07-07 10:45:00,8,7,7,10,45,830,49,RUE LEON AMIC,,,Plein jour,En agglomération,Hors intersection,Normale,Deux véhicules - côté,,,,,,,,,,,1,2,1,1,3
200800038077,0008-07-15 01:45:00,8,7,15,1,45,120,291,,,,Nuit sans éclairage public,Hors agglomération,Hors intersection,Normale,Autre collision,,,,,,,,,,,3,1,1,1,6
200800038078,0008-07-02 18:00:00,8,7,2,18,0,360,230,,,,Plein jour,Hors agglomération,Hors intersection,Normale,Autre collision,,,,,,,,,,,1,1,1,1,6
200800038079,0008-07-19 03:45:00,8,7,19,3,45,360,57,,46.879,1.722,Nuit sans éclairage public,Hors agglomération,Hors intersection,Normale,Autre collision,,,,,,,,,,,3,1,1,1,6
200800038080,0008-07-01 15:30:00,8,7,1,15,30,190,72,,45.227,1.511,Plein jour,Hors agglomération,Hors intersection,Normale,Autre collision,,,,,,,,,,,1,1,1,1,6
200800038081,0008-07-12 07:30:00,8,7,12,7,30,190,178,,45.288,1.567,Plein jour,Hors agglomération,Hors intersection,Normale,Autre collision,,,,,,,,,,,1,1,1,1,6
200800038082,0008-07-12 14:30:00,8,7,12,14,30,190,72,,45.231,1.511,Plein jour,Hors agglomération,Intersection en X,Normale,Deux véhicules - arrière,,,,,,,,,,,1,1,2,1,2
200800038083,0008-07-11 20:15:00,8,7,11,20,15,480,12,,,,Plein jour,Hors agglomération,Hors intersection,Normale,Deux véhicules - arrière,,,,,,,,,,,1,1,1,1,2
200800038084,0008-07-17 06:00:00,8,7,17,6,0,480,140,,,,Plein jour,Hors agglomération,Hors intersection,Normale,Sans collision,,,,,,,,,,,1,1,1,1,7
200800038085,0008-07-16 09:45:00,8,7,16,9,45,480,49,,,,Plein jour,Hors agglomération,Hors intersection,Normale,Deux véhicules - arrière,,,,,,,,,,,1,1,1,1,2
200800038086,0008-07-25 18:45:00,8,7,25,18,45,80,395,,49.698,4.673,Plein jour,Hors agglomération,Hors intersection,Normale,Autre collision,,,,,,,,,,,1,1,1,1,6
200800038087,0008-07-22 08:15:00,8,7,22,8,15,440,152,,,,Plein jour,Hors agglomération,Hors intersection,Normale,Autre collision,,,,,,,,,,,1,1,1,1,6
200800038088,0008-07-18 10:15:00,8,7,18,10,15,220,164,,,,Plein jour,Hors agglomération,Hors intersection,Normale,Autre collision,,,,,,,,,,,1,1,1,1,6
200800038089,0008-07-05 05:15:00,8,7,5,5,15,720,260,,47.959,0.252,Nuit sans éclairage public,Hors agglomération,Hors intersection,Pluie forte,Deux véhicules - frontale,,,,,,,,,,,3,1,1,3,1
200800038090,0008-07-18 02:00:00,8,7,18,2,0,720,260,,,,Nuit avec éclairage allumé,Hors agglomération,Giratoire,Normale,Autre collision,,,,,,,,,,,5,1,6,1,6
200800038091,0008-07-03 23:00:00,8,7,3,23,0,830,70,RD 559  PK 62400,,,Nuit avec éclairage allumé,En agglomération,Hors intersection,Normale,Deux véhicules - côté,,,,,,,,,,,5,2,1,1,3
200800038092,0008-07-07 15:00:00,8,7,7,15,0,830,70,,,,Plein jour,Hors agglomération,Hors intersection,Normale,Autre collision,,,,,,,,,,,1,1,1,1,6
200800038093,0008-07-13 19:15:00,8,7,13,19,15,830,70,,,,Plein jour,Hors agglomération,Hors intersection,Temps éblouissant,Deux véhicules - frontale,,,,,,,,,,,1,1,1,7,1
200800038094,0008-07-18 14:30:00,8,7,18,14,30,830,19,Chemind e SURLE,,,Plein jour,En agglomération,Hors intersection,Normale,Deux véhicules - frontale,,,,,,,,,,,1,2,1,1,1
200800038095,0008-07-20 19:45:00,8,7,20,19,45,830,19,LOU MISTRAOU,,,Plein jour,En agglomération,Hors intersection,Normale,Deux véhicules - arrière,,,,,,,,,,,1,2,1,1,2
200800038096,0008-07-05 20:30:00,8,7,5,20,30,680,188,,47.947,7.069,Crépuscule ou aube,Hors agglomération,Hors intersection,Normale,Sans collision,,,,,,,,,,,2,1,1,1,7
200800038097,0008-07-10 18:30:00,8,7,10,18,30,680,156,Rue de Rouffach,47.91,7.254,Plein jour,En agglomération,Hors intersection,Normale,Deux véhicules - côté,,,,,,,,,,,1,2,1,1,3
200800038098,0008-07-17 14:00:00,8,7,17,14,0,680,315,,47.889,7.228,Plein jour,En agglomération,Hors intersection,Normale,Autre collision,,,,,,,,,,,1,2,1,1,6
200800038099,0008-07-03 17:15:00,8,7,3,17,15,590,668,rue des Dunes,51.066,2.512,Plein jour,En agglomération,Hors intersection,Normale,Deux véhicules - frontale,,,,,,,,,,,1,2,1,1,1
200800038100,0008-07-07 13:20:00,8,7,7,13,20,10,53,DE GAULLE ( BD GAL) IMPA,,,Plein jour,En agglomération,Intersection en X,Normale,Deux véhicules - côté,,,,,,,,,,,1,2,2,1,3
200800038101,0008-07-16 07:30:00,8,7,16,7,30,10,289,"SNS, BOULEAUX (CHEMIN DE",,,Plein jour,Hors agglomération,Intersection en T,Normale,Deux véhicules - côté,,,,,,,,,,,1,1,3,1,3
200800038102,0008-07-20 15:15:00,8,7,20,15,15,10,451,"360, FLEYRIAT LE HAUT (",,,Plein jour,Hors agglomération,Hors intersection,Normale,Deux véhicules - côté,,,,,,,,,,,1,1,1,1,3
200800038103,0008-07-25 14:00:00,8,7,25,14,0,10,53,"snr, PONT DES CHEVRES (",,,Plein jour,En agglomération,Hors intersection,Normale,Deux véhicules - côté,,,,,,,,,,,1,2,1,1,3
200800038104,0008-07-30 13:15:00,8,7,30,13,15,10,53,"snr, CHAMP DE FOIRE ( AV",,,Plein jour,En agglomération,Hors intersection,Normale,Autre collision,,,,,,,,,,,1,2,1,1,6
200800038105,0008-07-09 17:55:00,8,7,9,17,55,10,283,"585, ROCHAIX (RUE FRANCO",,,Plein jour,En agglomération,Hors intersection,Normale,Deux véhicules - arrière,,,,,,,,,,,1,2,1,1,2
200800038106,0008-07-18 17:40:00,8,7,18,17,40,10,14,"735, DORTAN (ROUTE DE)",,,Plein jour,En agglomération,Hors intersection,Normale,Autre collision,,,,,,,,,,,1,2,1,1,6
200800038107,0008-07-21 18:30:00,8,7,21,18,30,10,283,"125, VERDUN (COURS DE DU",,,Plein jour,En agglomération,Autre intersection,Normale,Deux véhicules - côté,,,,,,,,,,,1,2,9,1,3
200800038108,0008-07-31 14:20:00,8,7,31,14,20,10,283,"8, LAPLANCHE",,,Plein jour,En agglomération,Intersection en X,Normale,Autre collision,,,,,,,,,,,1,2,2,1,6
200800038109,0008-07-11 18:25:00,8,7,11,18,25,20,168,"4, OTMUS (AVENUE)",,,Plein jour,En agglomération,Hors intersection,Normale,Deux véhicules - arrière,,,,,,,,,,,1,2,1,1,2
200800038110,0008-07-06 16:25:00,8,7,6,16,25,20,691,"136, KENNEDY (RUE DU PST",,,Plein jour,En agglomération,Hors intersection,Normale,Autre collision,,,,,,,,,,,1,2,1,1,6
200800038111,0008-07-10 15:10:00,8,7,10,15,10,20,691,"60 bis, LA FERE (RUE DE)",,,Plein jour,En agglomération,Hors intersection,Normale,Autre collision,,,,,,,,,,,1,2,1,1,6
200800038112,0008-07-11 19:32:00,8,7,11,19,32,20,691,"., VERMAND (RUE DE)",,,Plein jour,En agglomération,Hors intersection,Normale,Deux véhicules - côté,,,,,,,,,,,1,2,1,1,3
200800038113,0008-07-12 13:55:00,8,7,12,13,55,20,691,":, PARMENTIER (RUE ANTOI",,,Plein jour,En agglomération,Intersection en X,Normale,Deux véhicules - côté,,,,,,,,,,,1,2,2,1,3