accident_id,datetime,annee,mois,jour,heure,minute,departement,commune_insee,adresse,latitude,longitude,luminosite,agglomeration,intersection,meteo,collision,nb_vehicules,nb_usagers,nb_indemnes,nb_tues,nb_blesses_hosp,nb_blesses_legers,age_cond_1,age_cond_2,veh_type_cond_1,veh_type_cond_2,lum_code,agg_code,int_code,atm_code,col_code
200800038249,0008-07-02 21:40:00,8,7,2,21,40,60,88,"58, GAIRAUT (AV. DE)",,,Nuit avec éclairage allumé,En agglomération,Hors intersection,Normale,Autre collision,,,,,,,,,,,5,2,1,1,6
200800038250,0008-07-03 07:50:00,8,7,3,7,50,60,88,"0, VOIE RAPIDE",,,Plein jour,En agglomération,Hors intersection,Normale,Deux véhicules - arrière,,,,,,,,,,,1,2,1,1,2
200800038251,0008-07-04 05:35:00,8,7,4,5,35,60,88,"0, TURIN (RTE DE)",,,Nuit avec éclairage allumé,En agglomération,Intersection en X,Normale,Deux véhicules - côté,,,,,,,,,,,5,2,2,1,3
200800038252,0008-07-04 05:20:00,8,7,4,5,20,60,88,"0, BUFFA (RUE DE LA)",,,Nuit avec éclairage allumé,En agglomération,Intersection en X,Normale,Deux véhicules - côté,,,,,,,,,,,5,2,2,1,3
200800038253,0008-07-04 06:50:00,8,7,4,6,50,60,88,"109, ETATS UNIS (QUAI DE",,,Plein jour,En agglomération,Hors intersection,Normale,Autre collision,,,,,,,,,,,1,2,1,1,6
200800038254,0008-07-04 08:20:00,8,7,4,8,20,60,88,"0, LEPANTE (R. DE)",,,Plein jour,En agglomération,Intersection en X,Normale,Deux véhicules - côté,,,,,,,,,,,1,2,2,1,3
200800038255,0008-07-04 11:00:00,8,7,4,11,0,60,88,"0, CALIFORNIE (AV.) (DU",,,Plein jour,En agglomération,Hors intersection,Normale,Deux véhicules - côté,,,,,,,,,,,1,2,1,1,3
200800038256,0008-07-04 15:03:00,8,7,4,15,3,60,88,"2, STE MARGUERITE (AV.)",,,Plein jour,En agglomération,Hors intersection,Normale,Autre collision,,,,,,,,,,,1,2,1,1,6
200800038257,0008-07-04 15:45:00,8,7,4,15,45,60,159,ALBERT 1ER (AVENUE),,,Plein jour,En agglomération,Intersection en X,Normale,Deux véhicules - côté,,,,,,,,,,,1,2,2,1,3
200800038258,0008-07-04 16:15:00,8,7,4,16,15,60,88,", CAL DE SPAGNOL SOUBRAN",,,Plein jour,En agglomération,Intersection en T,Normale,Deux véhicules - côté,,,,,,,,,,,1,2,3,1,3
200800038259,0008-07-04 18:30:00,8,7,4,18,30,60,88,", CHAPEL (RUE GEORGES)",,,Plein jour,En agglomération,Hors intersection,Normale,Deux véhicules - côté,,,,,,,,,,,1,2,1,1,3
200800038260,0008-07-04 21:00:00,8,7,4,21,0,60,88,"0, BLANCON (RUE PIERRE)",,,Plein jour,En agglomération,Hors intersection,Normale,Autre collision,,,,,,,,,,,1,2,1,1,6
200800038261,0008-07-05 05:30:00,8,7,5,5,30,60,88,"0, TUNNEL DU PAILLON",,,Nuit avec éclairage non allumé,En agglomération,Hors intersection,Normale,Autre collision,,,,,,,,,,,4,2,1,1,6
200800038262,0008-07-05 09:15:00,8,7,5,9,15,60,88,"0, CIMIEZ (BD) A PARTIR",,,Plein jour,Hors agglomération,Hors intersection,Normale,Deux véhicules - côté,,,,,,,,,,,1,1,1,1,3
200800038263,0008-07-05 11:15:00,8,7,5,11,15,60,88,"18, CARLONE (BD)",,,Plein jour,En agglomération,Hors intersection,Normale,Deux véhicules - côté,,,,,,,,,,,1,2,1,1,3
200800038264,0008-07-05 13:20:00,8,7,5,13,20,60,88,JOFFRE (R. MARECHAL),,,Plein jour,En agglomération,Hors intersection,Normale,Deux véhicules - côté,,,,,,,,,,,1,2,1,1,3
200800038265,0008-07-06 00:30:00,8,7,6,0,30,60,88,"0, CARNOT (BD)",,,Nuit avec éclairage allumé,En agglomération,Hors intersection,Normale,Trois véhicules et plus - collisions multiples,,,,,,,,,,,5,2,1,1,5
200800038266,0008-07-06 19:40:00,8,7,6,19,40,60,88,"0, TURIN (RTE DE)",,,Crépuscule ou aube,En agglomération,Hors intersection,Normale,Deux véhicules - côté,,,,,,,,,,,2,2,1,1,3
200800038267,0008-07-07 08:52:00,8,7,7,8,52,60,88,"22, BELLEVUE (AV. DE)",,,Plein jour,En agglomération,Hors intersection,Normale,Deux véhicules - côté,,,,,,,,,,,1,2,1,1,3
200800038268,0008-07-07 13:00:00,8,7,7,13,0,60,88,"0, ETATS UNIS (QUAI DES)",,,Plein jour,En agglomération,Hors intersection,Normale,Autre collision,,,,,,,,,,,1,2,1,1,6
200800038269,0008-07-07 17:30:00,8,7,7,17,30,60,88,"0, SAINT-JEAN BAPTISTE (",,,Plein jour,En agglomération,Hors intersection,Normale,Autre collision,,,,,,,,,,,1,2,1,1,6
200800038270,0008-07-07 18:50:00,8,7,7,18,50,60,88,"0, SAINT-BARTHELEMY (AV.",,,Plein jour,En agglomération,Hors intersection,Normale,Autre collision,,,,,,,,,,,1,2,1,1,6
200800038271,0008-07-07 19:15:00,8,7,7,19,15,60,88,"108, DUNANT (AV. HENRI)",,,Plein jour,En agglomération,Hors intersection,Normale,Autre collision,,,,,,,,,,,1,2,1,1,6
200800038272,0008-07-07 20:00:00,8,7,7,20,0,60,88,"0, LAIROLLE (AV. ERNEST)",,,Plein jour,En agglomération,Intersection en T,Normale,Trois véhicules et plus - collisions multiples,,,,,,,,,,,1,2,3,1,5
200800038273,0008-07-07 15:40:00,8,7,7,15,40,60,88,"3, GASSIN (R. COLONEL)",,,Plein jour,En agglomération,Hors intersection,Normale,Autre collision,,,,,,,,,,,1,2,1,1,6
200800038274,0008-07-08 07:30:00,8,7,8,7,30,60,88,"122, BRANCOLAR (AV.) (A",,,Plein jour,En agglomération,Hors intersection,Normale,Deux véhicules - côté,,,,,,,,,,,1,2,1,1,3
200800038275,0008-07-08 11:10:00,8,7,8,11,10,60,88,"0, ALLEGRE (AV. JEAN)",,,Plein jour,En agglomération,Intersection en X,Normale,Deux véhicules - côté,,,,,,,,,,,1,2,2,1,3
200800038276,0008-07-08 13:30:00,8,7,8,13,30,60,88,"151, TURIN (RTE DE)",,,Plein jour,En agglomération,Hors intersection,Normale,Deux véhicules - côté,,,,,,,,,,,1,2,1,1,3
200800038277,0008-07-08 14:15:00,8,7,8,14,15,60,88,"0, ANGLAIS (A PARTIR DU",,,Plein jour,En agglomération,Hors intersection,Normale,Deux véhicules - côté,,,,,,,,,,,1,2,1,1,3
200800038278,0008-07-08 17:45:00,8,7,8,17,45,60,88,"359, ANGLAIS (A PARTIR D",,,Plein jour,En agglomération,Hors intersection,Normale,Trois véhicules et plus - collisions multiples,,,,,,,,,,,1,2,1,1,5
200800038279,0008-07-08 18:00:00,8,7,8,18,0,60,88,"171, CORNICHE FLEURIE (A",,,Plein jour,En agglomération,Hors intersection,Normale,Deux véhicules - côté,,,,,,,,,,,1,2,1,1,3
200800038280,0008-07-08 19:20:00,8,7,8,19,20,60,88,"0, JOFFRE (R. MARECHAL)",,,Plein jour,En agglomération,Intersection en X,Normale,Deux véhicules - côté,,,,,,,,,,,1,2,2,1,3
200800038281,0008-07-08 19:45:00,8,7,8,19,45,60,88,"0, FONTAINE DU TEMPLE (P",,,Plein jour,En agglomération,Hors intersection,Normale,Trois véhicules et plus - collisions multiples,,,,,,,,,,,1,2,1,1,5
200800038282,0008-07-08 20:00:00,8,7,8,20,0,60,88,"10, QUAI PAPACINO",,,Plein jour,En agglomération,Hors intersection,Normale,Deux véhicules - côté,,,,,,,,,,,1,2,1,1,3
200800038283,0008-07-09 11:00:00,8,7,9,11,0,60,88,"0, BERTRAND (RUE LEON)",,,Plein jour,En agglomération,Hors intersection,Normale,Deux véhicules - côté,,,,,,,,,,,1,2,1,1,3
200800038284,0008-07-09 17:20:00,8,7,9,17,20,60,88,"26 bis, DIABLES BLEUS (A",,,Plein jour,En agglomération,Intersection en T,Normale,Deux véhicules - côté,,,,,,,,,,,1,2,3,1,3
200800038285,0008-07-10 09:30:00,8,7,10,9,30,60,88,"0, CONGRES (RUE DU)",,,Plein jour,En agglomération,Intersection en X,Normale,Deux véhicules - côté,,,,,,,,,,,1,2,2,1,3
200800038286,0008-07-10 10:15:00,8,7,10,10,15,60,88,"1, SUEDE (AV. DE)",,,Plein jour,En agglomération,Hors intersection,Normale,Autre collision,,,,,,,,,,,1,2,1,1,6
200800038287,0008-07-10 18:50:00,8,7,10,18,50,60,88,"16, NOTRE-DAME (AV.)",,,Plein jour,En agglomération,Hors intersection,Normale,Autre collision,,,,,,,,,,,1,2,1,1,6
200800038288,0008-07-10 20:00:00,8,7,10,20,0,60,88,"54, GRENOBLE (ROUTE DE)",,,Plein jour,En agglomération,Hors intersection,Normale,Autre collision,,,,,,,,,,,1,2,1,1,6
200800038289,0008-07-10 20:15:00,8,7,10,20,15,60,88,"49, ANGLAIS (DU N° 45 AU",,,Plein jour,En agglomération,Hors intersection,Normale,Autre collision,,,,,,,,,,,1,2,1,1,6
200800038290,0008-07-11 12:20:00,8,7,11,12,20,60,88,"0, FAURE (AV. FELIX)",,,Plein jour,En agglomération,Hors intersection,Normale,Deux véhicules - côté,,,,,,,,,,,1,2,1,1,3
200800038291,0008-07-11 13:10:00,8,7,11,13,10,60,88,"0, BLANCON (RUE PIERRE)",,,Plein jour,En agglomération,Intersection en X,Normale,Deux véhicules - côté,,,,,,,,,,,1,2,2,1,3
200800038292,0008-07-11 17:50:00,8,7,11,17,50,60,88,TRACHEL (RUE),,,Plein jour,En agglomération,Hors intersection,Normale,Autre collision,,,,,,,,,,,1,2,1,1,6
200800038293,0008-07-11 19:56:00,8,7,11,19,56,60,88,"0, RD 6202",,,Plein jour,En agglomération,Hors intersection,Normale,Deux véhicules - côté,,,,,,,,,,,1,2,1,1,3
200800038294,0008-07-11 23:05:00,8,7,11,23,5,60,88,"1, MEYERBEER (RUE ET PAS",,,Nuit avec éclairage allumé,En agglomération,Intersection en T,Normale,Autre collision,,,,,,,,,,,5,2,3,1,6
200800038295,0008-07-13 01:00:00,8,7,13,1,0,60,88,"0, PENCHIENATI (R.)",,,Nuit avec éclairage allumé,En agglomération,Intersection en X,Normale,Deux véhicules - côté,,,,,,,,,,,5,2,2,1,3
200800038296,0008-07-13 08:45:00,8,7,13,8,45,60,88,"0, SMOLETT (R.)",,,Plein jour,En agglomération,Intersection en X,Normale,Autre collision,,,,,,,,,,,1,2,2,1,6
200800038297,0008-07-13 15:30:00,8,7,13,15,30,60,88,"1, ARSON (RUE)",,,Plein jour,En agglomération,Intersection en X,Normale,Deux véhicules - côté,,,,,,,,,,,1,2,2,1,3
200800038298,0008-07-13 18:15:00,8,7,13,18,15,60,88,"1, GAMBETTA (A PARTIR DU",,,Plein jour,En agglomération,Intersection en X,Normale,Autre collision,,,,,,,,,,,1,2,2,1,6
200800038299,0008-07-13 20:00:00,8,7,13,20,0,60,88,"0, POMPIDOU (BD GEORGES)",,,Plein jour,En agglomération,Hors intersection,Normale,Autre collision,,,,,,,,,,,1,2,1,1,6
200800038300,0008-07-14 08:20:00,8,7,14,8,20,60,88,"0, BARBERIS (RUE)",,,Plein jour,En agglomération,Intersection en X,Normale,Autre collision,,,,,,,,,,,1,2,2,1,6
200800038301,0008-07-14 10:30:00,8,7,14,10,30,60,88,"1, CARABACEL (BD)",,,Plein jour,En agglomération,Intersection en T,Normale,Deux véhicules - arrière,,,,,,,,,,,1,2,3,1,2
200800038302,0008-07-14 19:30:00,8,7,14,19,30,60,88,"0, RD 6202",,,Plein jour,En agglomération,Hors intersection,Normale,Deux véhicules - arrière,,,,,,,,,,,1,2,1,1,2
200800038303,0008-07-15 00:47:00,8,7,15,0,47,60,88,"0, CALIFORNIE (AV.) (A P",,,Nuit avec éclairage allumé,En agglomération,Hors intersection,Normale,Deux véhicules - frontale,,,,,,,,,,,5,2,1,1,1
200800038304,0008-07-15 00:40:00,8,7,15,0,40,60,88,"0, BEAUMONT (RUE)",,,Nuit avec éclairage allumé,En agglomération,Intersection en X,Normale,Deux véhicules - côté,,,,,,,,,,,5,2,2,1,3
200800038305,0008-07-15 09:10:00,8,7,15,9,10,60,88,"0, VILLENEUVE (R. DE)",,,Plein jour,En agglomération,Hors intersection,Normale,Autre collision,,,,,,,,,,,1,2,1,1,6
200800038306,0008-07-15 11:25:00,8,7,15,11,25,60,88,"0, ESTIENNE -D'ORVES (AV",,,Plein jour,En agglomération,Intersection en X,Normale,Deux véhicules - côté,,,,,,,,,,,1,2,2,1,3
200800038307,0008-07-15 13:15:00,8,7,15,13,15,60,88,"65, ARIANE (BD DE L')",,,Plein jour,En agglomération,Hors intersection,Normale,Deux véhicules - côté,,,,,,,,,,,1,2,1,1,3
200800038308,0008-07-15 16:15:00,8,7,15,16,15,60,88,"0, CASSIN (BD RENE)",,,Plein jour,En agglomération,Hors intersection,Normale,Deux véhicules - arrière,,,,,,,,,,,1,2,1,1,2
200800038309,0008-07-15 19:20:00,8,7,15,19,20,60,88,"0, PENETRANTE DU PAILLON",,,Plein jour,En agglomération,Hors intersection,Normale,Deux véhicules - côté,,,,,,,,,,,1,2,1,1,3
200800038310,0008-07-15 19:25:00,8,7,15,19,25,60,88,GAIRAUT (VIEUX CH.) (A P,,,Plein jour,En agglomération,Hors intersection,Normale,Deux véhicules - frontale,,,,,,,,,,,1,2,1,1,1
200800038311,0008-07-16 15:20:00,8,7,16,15,20,60,88,"129, ANGLAIS (DU N° 114",,,Plein jour,En agglomération,Hors intersection,Normale,Deux véhicules - arrière,,,,,,,,,,,1,2,1,1,2
200800038312,0008-07-16 17:30:00,8,7,16,17,30,60,88,"50, ANGLAIS (DU N° 45 AU",,,Plein jour,En agglomération,Hors intersection,Normale,Deux véhicules - arrière,,,,,,,,,,,1,2,1,1,2
200800038313,0008-07-16 19:35:00,8,7,16,19,35,60,88,"64, SAINT-SYLVESTRE (AV.",,,Plein jour,En agglomération,Hors intersection,Normale,Deux véhicules - côté,,,,,,,,,,,1,2,1,1,3
200800038314,0008-07-16 19:50:00,8,7,16,19,50,60,159,"1, CORNE D OR (BOULEVARD",,,Plein jour,En agglomération,Hors intersection,Normale,Autre collision,,,,,,,,,,,1,2,1,1,6
200800038315,0008-07-17 11:20:00,8,7,17,11,20,60,88,"0, TZAREWITCH (BD DU)",,,Plein jour,En agglomération,Intersection en X,Normale,Deux véhicules - côté,,,,,,,,,,,1,2,2,1,3
200800038316,0008-07-17 16:40:00,8,7,17,16,40,60,88,"0, LEPANTE (R. DE)",,,Plein jour,En agglomération,Intersection en X,Normale,Autre collision,,,,,,,,,,,1,2,2,1,6
200800038317,0008-07-17 20:20:00,8,7,17,20,20,60,88,"0, GRINDA (AV. EDOUARD)",,,Crépuscule ou aube,En agglomération,Intersection en X,Normale,Autre collision,,,,,,,,,,,2,2,2,1,6
200800038318,0008-07-17 22:00:00,8,7,17,22,0,60,88,"56, GRACE DE MONACO (BD",,,Nuit sans éclairage public,En agglomération,Hors intersection,Normale,Autre collision,,,,,,,,,,,3,2,1,1,6
200800038319,0008-07-18 15:00:00,8,7,18,15,0,60,88,"306, GRENOBLE (ROUTE DE)",,,Plein jour,En agglomération,Hors intersection,Normale,Trois véhicules et plus - en chaîne,,,,,,,,,,,1,2,1,1,4
200800038320,0008-07-18 17:25:00,8,7,18,17,25,60,88,"0, MAICON (R. AUGUSTE)",,,Plein jour,En agglomération,Hors intersection,Normale,Deux véhicules - côté,,,,,,,,,,,1,2,1,1,3
200800038321,0008-07-18 17:30:00,8,7,18,17,30,60,88,"3, GAMBETTA (JUSQU'AU N°",,,Plein jour,En agglomération,Hors intersection,Normale,Autre collision,,,,,,,,,,,1,2,1,1,6
200800038322,0008-07-18 23:30:00,8,7,18,23,30,60,88,"0, ARIANE (BD DE L')",,,Nuit avec éclairage allumé,En agglomération,Hors intersection,Normale,Deux véhicules - arrière,,,,,,,,,,,5,2,1,1,2
200800038323,0008-07-19 09:30:00,8,7,19,9,30,60,88,"0, CESSOLE (BD DE) (A PA",,,Plein jour,En agglomération,Intersection en T,Normale,Autre collision,,,,,,,,,,,1,2,3,1,6
200800038324,0008-07-19 15:00:00,8,7,19,15,0,60,88,"26, STE-MARGUERITE (AV.)",,,Plein jour,En agglomération,Hors intersection,Normale,Autre collision,,,,,,,,,,,1,2,1,1,6
200800038325,0008-07-19 23:50:00,8,7,19,23,50,60,88,"0, GAMBETTA (A PARTIR DU",,,Nuit avec éclairage allumé,En agglomération,Intersection en X,Normale,Deux véhicules - côté,,,,,,,,,,,5,2,2,1,3
200800038326,0008-07-20 04:50:00,8,7,20,4,50,60,88,"267, ANGLAIS (DU N° 265",,,Nuit avec éclairage allumé,En agglomération,Hors intersection,Normale,Deux véhicules - côté,,,,,,,,,,,5,2,1,1,3
200800038327,0008-07-20 14:00:00,8,7,20,14,0,60,88,"0, CASTELLANE (AV.)",,,Plein jour,En agglomération,Intersection en X,Normale,Autre collision,,,,,,,,,,,1,2,2,1,6
200800038328,0008-07-20 16:15:00,8,7,20,16,15,60,88,"63, MADELEINE (AV. DE LA",,,Plein jour,En agglomération,Hors intersection,Normale,Deux véhicules - côté,,,,,,,,,,,1,2,1,1,3
200800038329,0008-07-21 07:40:00,8,7,21,7,40,60,88,ANGLAIS (A PARTIR DU N°,,,Plein jour,Hors agglomération,Hors intersection,Normale,Deux véhicules - arrière,,,,,,,,,,,1,1,1,1,2
200800038330,0008-07-21 08:20:00,8,7,21,8,20,60,88,"72, DEUX CORNICHES (BD D",,,Plein jour,En agglomération,Hors intersection,Normale,Deux véhicules - arrière,,,,,,,,,,,1,2,1,1,2
200800038331,0008-07-21 16:05:00,8,7,21,16,5,60,88,"10, PAPACINO (QUAI)",,,Plein jour,En agglomération,Hors intersection,Normale,Autre collision,,,,,,,,,,,1,2,1,1,6
200800038332,0008-07-21 17:25:00,8,7,21,17,25,60,88,"0, BLANCON (RUE PIERRE)",,,Plein jour,En agglomération,Intersection en X,Normale,Deux véhicules - côté,,,,,,,,,,,1,2,2,1,3
200800038333,0008-07-21 17:55:00,8,7,21,17,55,60,88,"91, ANGLAIS (DU N° 45 AU",,,Plein jour,En agglomération,Hors intersection,Normale,Deux véhicules - arrière,,,,,,,,,,,1,2,1,1,2
200800038334,0008-07-21 22:15:00,8,7,21,22,15,60,88,"41, BLANCON (RUE PIERRE)",,,Nuit avec éclairage allumé,En agglomération,Intersection en X,Normale,Deux véhicules - côté,,,,,,,,,,,5,2,2,1,3
200800038335,0008-07-22 01:00:00,8,7,22,1,0,60,88,"1, RAUBA-CAPEU (QUAI)",,,Nuit avec éclairage allumé,En agglomération,Hors intersection,Normale,Deux véhicules - frontale,,,,,,,,,,,5,2,1,1,1
200800038336,0008-07-22 15:45:00,8,7,22,15,45,60,88,"0, LAMARTINE (R.)",,,Plein jour,En agglomération,Intersection en X,Normale,Deux véhicules - côté,,,,,,,,,,,1,2,2,1,3
200800038337,0008-07-22 20:30:00,8,7,22,20,30,60,159,"0, CISTES (CHEMIN DES)",,,Plein jour,En agglomération,Hors intersection,Normale,Deux véhicules - côté,,,,,,,,,,,1,2,1,1,3
200800038338,0008-07-23 02:45:00,8,7,23,2,45,60,88,"1, ANGLAIS (DU N° 1 AU N",,,Nuit avec éclairage allumé,En agglomération,Hors intersection,Normale,Autre collision,,,,,,,,,,,5,2,1,1,6
200800038339,0008-07-23 08:40:00,8,7,23,8,40,60,88,"0, ROUBAUDI (R. LOUIS)",,,Plein jour,En agglomération,Intersection en X,Normale,Deux véhicules - côté,,,,,,,,,,,1,2,2,1,3
200800038340,0008-07-23 18:25:00,8,7,23,18,25,60,88,"105, LYAUTEY (AV. DU MAL",,,Plein jour,En agglomération,Intersection en T,Normale,Deux véhicules - côté,,,,,,,,,,,1,2,3,1,3
200800038341,0008-07-25 18:30:00,8,7,25,18,30,60,88,"185, ANGLAIS PLAGE (DU 1",,,Plein jour,En agglomération,Hors intersection,Normale,Deux véhicules - arrière,,,,,,,,,,,1,2,1,1,2
200800038342,0008-07-25 18:45:00,8,7,25,18,45,60,88,"45, ANGLAIS (DU N° 45 AU",,,Plein jour,En agglomération,Hors intersection,Normale,Deux véhicules - côté,,,,,,,,,,,1,2,1,1,3
200800038343,0008-07-26 18:45:00,8,7,26,18,45,60,88,BESSET (AV.) (A PARTIR D,,,Plein jour,En agglomération,Autre intersection,Normale,Autre collision,,,,,,,,,,,1,2,9,1,6
200800038344,0008-07-27 01:10:00,8,7,27,1,10,60,88,"0, ASPREMONT (RTE D')",,,Nuit avec éclairage allumé,En agglomération,Intersection en T,Normale,Deux véhicules - côté,,,,,,,,,,,5,2,3,1,3
200800038345,0008-07-27 01:30:00,8,7,27,1,30,60,88,"0, BAREL (PLACE MAX)",,,Nuit avec éclairage allumé,En agglomération,Place,Normale,Deux véhicules - côté,,,,,,,,,,,5,2,7,1,3
200800038346,0008-07-27 06:15:00,8,7,27,6,15,60,159,"50, SERRES (CHEMIN DES)",,,Plein jour,En agglomération,Hors intersection,Normale,Sans collision,,,,,,,,,,,1,2,1,1,7
200800038347,0008-07-27 17:00:00,8,7,27,17,0,60,88,"240, PESSICART (JUSQU'AU",,,Plein jour,En agglomération,Intersection en X,Normale,Deux véhicules - côté,,,,,,,,,,,1,2,2,1,3
200800038348,0008-07-28 03:05:00,8,7,28,3,5,60,159,"64, NAPOLEON III (BOULEV",,,Nuit avec éclairage allumé,En agglomération,Hors intersection,Normale,Autre collision,,,,,,,,,,,5,2,1,1,6
200800038349,0008-07-28 09:40:00,8,7,28,9,40,60,88,"0, VOIE RAPIDE",,,Plein jour,En agglomération,Hors intersection,Normale,Trois véhicules et plus - en chaîne,,,,,,,,,,,1,2,1,1,4
200800038350,0008-07-28 10:10:00,8,7,28,10,10,60,88,QUAI DES ETATS UNIS,,,Plein jour,En agglomération,Hors intersection,Normale,Autre collision,,,,,,,,,,,1,2,1,1,6
200800038351,0008-07-28 23:50:00,8,7,28,23,50,60,88,"121, PASTEUR (BD)",,,Nuit avec éclairage allumé,En agglomération,Hors intersection,Normale,Autre collision,,,,,,,,,,,5,2,1,1,6
200800038352,0008-07-29 08:00:00,8,7,29,8,0,60,88,SLAMA (RUE MAURICE),,,Plein jour,En agglomération,Intersection en T,Normale,Deux véhicules - côté,,,,,,,,,,,1,2,3,1,3
200800038353,0008-07-29 13:20:00,8,7,29,13,20,60,88,"31, STALINGRAD (BD DE)",,,Plein jour,En agglomération,Hors intersection,Normale,Sans collision,,,,,,,,,,,1,2,1,1,7
200800038354,0008-07-29 17:25:00,8,7,29,17,25,60,88,"226, FABRON (AV. DE) (A",,,Plein jour,En agglomération,Hors intersection,Normale,Deux véhicules - arrière,,,,,,,,,,,1,2,1,1,2
200800038355,0008-07-29 18:50:00,8,7,29,18,50,60,88,"0, PAPACINO (QUAI)",,,Plein jour,En agglomération,Hors intersection,Normale,Deux véhicules - côté,,,,,,,,,,,1,2,1,1,3
200800038356,0008-07-29 21:30:00,8,7,29,21,30,60,88,"0, RISSO (BD)",,,Nuit avec éclairage allumé,En agglomération,Hors intersection,Normale,Deux véhicules - côté,,,,,,,,,,,5,2,1,1,3
200800038357,0008-07-29 21:35:00,8,7,29,21,35,60,88,"0, BORRIGLIONE (A PARTIR",,,Nuit avec éclairage allumé,En agglomération,Intersection en X,Normale,Deux véhicules - côté,,,,,,,,,,,5,2,2,1,3
200800038358,0008-07-30 09:50:00,8,7,30,9,50,60,88,"307, MADELEINE (BD DE LA",,,Plein jour,En agglomération,Hors intersection,Normale,Deux véhicules - côté,,,,,,,,,,,1,2,1,1,3
200800038359,0008-07-30 10:30:00,8,7,30,10,30,60,88,"0, JAURES (BD JEAN)",,,Plein jour,En agglomération,Hors intersection,Normale,Autre collision,,,,,,,,,,,1,2,1,1,6
200800038360,0008-07-30 11:35:00,8,7,30,11,35,60,88,"10, SORGENTINO (R.)",,,Plein jour,En agglomération,Hors intersection,Normale,Deux véhicules - côté,,,,,,,,,,,1,2,1,1,3
200800038361,0008-07-30 17:45:00,8,7,30,17,45,60,88,"2, BRAILLE (BD LOUIS)",,,Plein jour,En agglomération,Intersection en X,Normale,Deux véhicules - côté,,,,,,,,,,,1,2,2,1,3
200800038362,0008-07-30 13:13:00,8,7,30,13,13,60,88,"20, SAINT-SYLVESTRE (AV.",,,Plein jour,En agglomération,Hors intersection,Normale,Sans collision,,,,,,,,,,,1,2,1,1,7
200800038363,0008-07-31 05:30:00,8,7,31,5,30,60,88,ANGLAIS (DU N° 1 AU N° 4,,,Nuit avec éclairage allumé,En agglomération,Intersection en X,Normale,Autre collision,,,,,,,,,,,5,2,2,1,6
200800038364,0008-07-31 05:50:00,8,7,31,5,50,60,88,SORGENTINO (R.),,,Crépuscule ou aube,En agglomération,Intersection en X,Normale,Autre collision,,,,,,,,,,,2,2,2,1,6
200800038365,0008-07-31 12:00:00,8,7,31,12,0,60,88,"157, GRENOBLE (ROUTE DE)",,,Plein jour,En agglomération,Giratoire,Normale,Deux véhicules - arrière,,,,,,,,,,,1,2,6,1,2
200800038366,0008-07-31 15:35:00,8,7,31,15,35,60,88,PAPE JEAN XXIII (BD),,,Plein jour,En agglomération,Intersection en X,Normale,Deux véhicules - côté,,,,,,,,,,,1,2,2,1,3
200800038367,0008-07-31 21:05:00,8,7,31,21,5,60,88,"0, RAYNAUD (BD AUGUSTE)",,,Crépuscule ou aube,En agglomération,Hors intersection,Normale,Deux véhicules - côté,,,,,,,,,,,2,2,1,1,3
200800038368,0008-07-16 07:05:00,8,7,16,7,5,70,281,"23, HUIT MAI (AVENUE DU)",,,Plein jour,En agglomération,Hors intersection,Temps éblouissant,Deux véhicules - côté,,,,,,,,,,,1,2,1,7,3
200800038369,0008-07-18 13:30:00,8,7,18,13,30,70,340,"1, RUISSOL (LE)",,,Plein jour,Hors agglomération,Intersection en T,Normale,Deux véhicules - côté,,,,,,,,,,,1,1,3,1,3
200800038370,0008-07-31 13:55:00,8,7,31,13,55,70,72,RD 104/MOULIN D'ONCLAIRE,,,Plein jour,Hors agglomération,Hors intersection,Normale,Autre collision,,,,,,,,,,,1,1,1,1,6
200800038371,0008-07-06 15:21:00,8,7,6,15,21,80,105,RONDE COUTURE,,,Plein jour,En agglomération,Hors intersection,Normale,Deux véhicules - côté,,,,,,,,,,,1,2,1,1,3
200800038372,0008-07-23 10:50:00,8,7,23,10,50,80,105,BRIAND A. COURS,,,Plein jour,En agglomération,Intersection en X,Normale,Deux véhicules - côté,,,,,,,,,,,1,2,2,1,3
200800038373,0008-07-16 16:40:00,8,7,16,16,40,90,122,"4, IRENE CROS (COURS)",,,Plein jour,En agglomération,Hors intersection,Normale,Sans collision,,,,,,,,,,,1,2,1,1,7
200800038374,0008-07-02 18:15:00,8,7,2,18,15,90,225,MARECHAL CLAUZEL RUE,,,Plein jour,En agglomération,Intersection en X,Normale,Sans collision,,,,,,,,,,,1,2,2,1,7
200800038375,0008-07-04 09:05:00,8,7,4,9,5,100,387,", MARECHAL DE LATTRE DE",,,Plein jour,En agglomération,Intersection en T,Normale,Deux véhicules - côté,,,,,,,,,,,1,2,3,1,3
200800038376,0008-07-05 10:20:00,8,7,5,10,20,100,387,"000, GAMBETTA (RUE)",,,Plein jour,En agglomération,Intersection en T,Normale,Deux véhicules - côté,,,,,,,,,,,1,2,3,1,3
200800038377,0008-07-10 14:00:00,8,7,10,14,0,100,343,"000, PHILIPPATS (RUE)",,,Plein jour,Hors agglomération,Intersection en X,Normale,Deux véhicules - côté,,,,,,,,,,,1,1,2,1,3
200800038378,0008-07-11 09:25:00,8,7,11,9,25,100,387,QUATORZE JUILLET (RUE DU,,,Plein jour,En agglomération,Hors intersection,Normale,Sans collision,,,,,,,,,,,1,2,1,1,7
200800038379,0008-07-25 08:05:00,8,7,25,8,5,100,81,"000, PENETRANTE NORD",,,Plein jour,En agglomération,Intersection en X,Normale,Deux véhicules - frontale,,,,,,,,,,,1,2,2,1,1
200800038380,0008-07-29 20:40:00,8,7,29,20,40,100,387,"33, LOMBARDS (AVENUE)",,,Plein jour,En agglomération,Intersection en X,Normale,Deux véhicules - côté,,,,,,,,,,,1,2,2,1,3
200800038381,0008-07-28 06:15:00,8,7,28,6,15,100,333,"37, ADOLPHE THIERS (RUE",,,Crépuscule ou aube,En agglomération,Hors intersection,Normale,Sans collision,,,,,,,,,,,2,2,1,1,7
200800038382,0008-07-05 01:26:00,8,7,5,1,26,110,69,R N 113 sens NARBONNE/TO,,,Nuit sans éclairage public,Hors agglomération,Hors intersection,Normale,Autre collision,,,,,,,,,,,3,1,1,1,6