accident_id,datetime,annee,mois,jour,heure,minute,departement,commune_insee,adresse,latitude,longitude,luminosite,agglomeration,intersection,meteo,collision,nb_vehicules,nb_usagers,nb_indemnes,nb_tues,nb_blesses_hosp,nb_blesses_legers,age_cond_1,age_cond_2,veh_type_cond_1,veh_type_cond_2,lum_code,agg_code,int_code,atm_code,col_code
200800038517,0008-07-07 18:30:00,8,7,7,18,30,130,55,"578, LITTORAL (CHEMIN DU",,,Plein jour,En agglomération,Hors intersection,Normale,Deux véhicules - frontale,,,,,,,,,,,1,2,1,1,1
200800038518,0008-07-15 10:15:00,8,7,15,10,15,130,55,"23, BON PASTEUR (RUE DU)",,,Plein jour,En agglomération,Hors intersection,Normale,Sans collision,,,,,,,,,,,1,2,1,1,7
200800038519,0008-07-10 11:01:00,8,7,10,11,1,130,55,CHANTERAC (RUE DE),,,Plein jour,En agglomération,Hors intersection,Normale,Autre collision,,,,,,,,,,,1,2,1,1,6
200800038520,0008-07-15 16:45:00,8,7,15,16,45,130,55,PAQUERETTES (AVENUE DES),,,Plein jour,En agglomération,Intersection en T,Normale,Deux véhicules - côté,,,,,,,,,,,1,2,3,1,3
200800038521,0008-07-16 13:30:00,8,7,16,13,30,130,55,SAINT JOSEPH (CHEMIN DE),,,Plein jour,En agglomération,Intersection en T,Normale,Autre collision,,,,,,,,,,,1,2,3,1,6
200800038522,0008-07-11 16:30:00,8,7,11,16,30,130,55,PLOMBIERES (BOULEVARD DE,,,Plein jour,En agglomération,Hors intersection,Normale,Trois véhicules et plus - en chaîne,,,,,,,,,,,1,2,1,1,4
200800038523,0008-07-10 17:00:00,8,7,10,17,0,130,55,STRASBOURG (BOULEVARD),,,Plein jour,En agglomération,Autre intersection,Normale,Deux véhicules - côté,,,,,,,,,,,1,2,9,1,3
200800038524,0008-07-11 02:30:00,8,7,11,2,30,130,55,BUREL (BOULEVARD ET PLAC,,,Nuit avec éclairage allumé,En agglomération,Intersection en T,Normale,Deux véhicules - côté,,,,,,,,,,,5,2,3,1,3
200800038525,0008-07-11 21:15:00,8,7,11,21,15,130,55,"45, NATIONAL (BOULEVARD)",,,Nuit avec éclairage allumé,En agglomération,Intersection en X,Normale,Deux véhicules - côté,,,,,,,,,,,5,2,2,1,3
200800038526,0008-07-16 19:00:00,8,7,16,19,0,130,55,"201, AYGALADES (AVENUE D",,,Plein jour,En agglomération,Intersection en T,Normale,Deux véhicules - côté,,,,,,,,,,,1,2,3,1,3
200800038527,0008-07-15 12:30:00,8,7,15,12,30,130,55,", FRANÇOIS MIGNET (AVENU",,,Plein jour,En agglomération,Hors intersection,Normale,Deux véhicules - côté,,,,,,,,,,,1,2,1,1,3
200800038528,0008-07-20 04:10:00,8,7,20,4,10,130,55,FRANCOIS CHARNIGNY (AVEN,,,Nuit avec éclairage allumé,En agglomération,Hors intersection,Normale,Deux véhicules - frontale,,,,,,,,,,,5,2,1,1,1
200800038529,0008-07-20 20:30:00,8,7,20,20,30,130,55,"33, ELLEON (AVENUE)",,,Crépuscule ou aube,En agglomération,Hors intersection,Normale,Deux véhicules - côté,,,,,,,,,,,2,2,1,1,3
200800038530,0008-07-20 02:35:00,8,7,20,2,35,130,55,LÉON D' ASTROS (RUE),,,Nuit avec éclairage allumé,En agglomération,Intersection en T,Normale,Deux véhicules - côté,,,,,,,,,,,5,2,3,1,3
200800038531,0008-07-20 01:40:00,8,7,20,1,40,130,55,"49, ERNEST GASQUY (RUE)",,,Nuit avec éclairage allumé,En agglomération,Hors intersection,Normale,Autre collision,,,,,,,,,,,5,2,1,1,6
200800038532,0008-07-18 16:45:00,8,7,18,16,45,130,55,"157, SAINT MARCEL (BOULE",,,Plein jour,En agglomération,Hors intersection,Normale,Deux véhicules - côté,,,,,,,,,,,1,2,1,1,3
200800038533,0008-07-18 17:30:00,8,7,18,17,30,130,55,PLOMBIERES (BOULEVARD DE,,,Plein jour,En agglomération,Hors intersection,Normale,Deux véhicules - arrière,,,,,,,,,,,1,2,1,1,2
200800038534,0008-07-04 22:45:00,8,7,4,22,45,130,55,"1, ODESSA (AVENUE)",,,Nuit avec éclairage allumé,En agglomération,Hors intersection,Normale,Deux véhicules - côté,,,,,,,,,,,5,2,1,1,3
200800038535,0008-07-13 01:45:00,8,7,13,1,45,130,55,MERLE (BOULEVARD),,,Nuit avec éclairage allumé,En agglomération,Intersection en T,Normale,Deux véhicules - côté,,,,,,,,,,,5,2,3,1,3
200800038536,0008-07-10 08:00:00,8,7,10,8,0,130,55,"56, VALBARELLE (BOULEVAR",,,Plein jour,En agglomération,Hors intersection,Normale,Deux véhicules - arrière,,,,,,,,,,,1,2,1,1,2
200800038537,0008-07-11 02:31:00,8,7,11,2,31,130,55,CASSIS (BOULEVARD),,,Nuit sans éclairage public,Hors agglomération,Hors intersection,Normale,Autre collision,,,,,,,,,,,3,1,1,1,6
200800038538,0008-07-11 22:30:00,8,7,11,22,30,130,55,"28, LA PUGETTE (BOULEVAR",,,Nuit avec éclairage allumé,En agglomération,Hors intersection,Normale,Autre collision,,,,,,,,,,,5,2,1,1,6
200800038539,0008-07-09 12:00:00,8,7,9,12,0,130,55,LÉON LACHAMP (ROUTE),,,Plein jour,Hors agglomération,Hors intersection,Normale,Sans collision,,,,,,,,,,,1,1,1,1,7
200800038540,0008-07-08 15:00:00,8,7,8,15,0,130,55,"232, PRADO (AVENUE)",,,Plein jour,En agglomération,Hors intersection,Normale,Deux véhicules - côté,,,,,,,,,,,1,2,1,1,3
200800038541,0008-07-21 10:00:00,8,7,21,10,0,130,55,"01, SAINT MENET (AVENUE",,,Plein jour,En agglomération,Giratoire,Normale,Deux véhicules - arrière,,,,,,,,,,,1,2,6,1,2
200800038542,0008-07-08 00:35:00,8,7,8,0,35,130,55,"110, JEAN MERMOZ (RUE)",,,Nuit avec éclairage allumé,En agglomération,Hors intersection,Normale,Autre collision,,,,,,,,,,,5,2,1,1,6
200800038543,0008-07-05 23:30:00,8,7,5,23,30,130,55,LOUIS BONNEFON (PLACE),,,Nuit avec éclairage allumé,En agglomération,Hors intersection,Normale,Sans collision,,,,,,,,,,,5,2,1,1,7
200800038544,0008-07-17 01:20:00,8,7,17,1,20,130,75,"144, FRÉDÉRIC CHEVILLON",,,Nuit avec éclairage allumé,En agglomération,Hors intersection,Normale,Deux véhicules - côté,,,,,,,,,,,5,2,1,1,3
200800038545,0008-07-21 18:01:00,8,7,21,18,1,130,55,"171, MADRAGUE VILLE (RUE",,,Plein jour,En agglomération,Hors intersection,Normale,Autre collision,,,,,,,,,,,1,2,1,1,6
200800038546,0008-07-18 16:50:00,8,7,18,16,50,130,2,QUATRE SAISONS (ROUTE DE,,,Plein jour,En agglomération,Hors intersection,Normale,Deux véhicules - arrière,,,,,,,,,,,1,2,1,1,2
200800038547,0008-07-17 17:40:00,8,7,17,17,40,130,55,"29, AUDIENCE (RUE DE L')",,,Plein jour,En agglomération,Hors intersection,Normale,Deux véhicules - côté,,,,,,,,,,,1,2,1,1,3
200800038548,0008-07-17 20:50:00,8,7,17,20,50,130,55,"209, SAINT MARCEL (BOULE",,,Crépuscule ou aube,En agglomération,Hors intersection,Normale,Autre collision,,,,,,,,,,,2,2,1,1,6
200800038549,0008-07-23 02:30:00,8,7,23,2,30,130,55,"200, MONTREDON (AVENUE D",,,Nuit avec éclairage allumé,En agglomération,Hors intersection,Normale,Autre collision,,,,,,,,,,,5,2,1,1,6
200800038550,0008-07-20 00:50:00,8,7,20,0,50,130,55,LITTORAL (CHEMIN DU),,,Nuit avec éclairage allumé,En agglomération,Giratoire,Normale,Deux véhicules - arrière,,,,,,,,,,,5,2,6,1,2
200800038551,0008-07-15 15:45:00,8,7,15,15,45,130,55,RIBASSIERE (TRAVERSE DE,,,Plein jour,En agglomération,Intersection en X,Normale,Deux véhicules - côté,,,,,,,,,,,1,2,2,1,3
200800038552,0008-07-17 18:30:00,8,7,17,18,30,130,55,"282, OLIVES (AVENUE DES)",,,Plein jour,En agglomération,Hors intersection,Normale,Deux véhicules - côté,,,,,,,,,,,1,2,1,1,3
200800038553,0008-07-17 20:15:00,8,7,17,20,15,130,55,"56, CHUTES LAVIE (AVENUE",,,Plein jour,En agglomération,Hors intersection,Normale,Deux véhicules - arrière,,,,,,,,,,,1,2,1,1,2
200800038554,0008-07-15 08:50:00,8,7,15,8,50,130,55,"111, MICHELET (BOULEVARD",,,Plein jour,En agglomération,Hors intersection,Pluie légère,Deux véhicules - côté,,,,,,,,,,,1,2,1,2,3
200800038555,0008-07-23 06:20:00,8,7,23,6,20,130,55,"65, CADE (RUE)",,,Plein jour,En agglomération,Hors intersection,Normale,Deux véhicules - côté,,,,,,,,,,,1,2,1,1,3
200800038556,0008-07-16 23:46:00,8,7,16,23,46,130,55,"127, NATIONAL (BOULEVARD",,,Nuit avec éclairage allumé,En agglomération,Hors intersection,Normale,Deux véhicules - côté,,,,,,,,,,,5,2,1,1,3
200800038557,0008-07-11 19:40:00,8,7,11,19,40,130,55,"8, PETIT SAINT JEAN (RUE",,,Plein jour,En agglomération,Hors intersection,Normale,Autre collision,,,,,,,,,,,1,2,1,1,6
200800038558,0008-07-11 14:30:00,8,7,11,14,30,130,55,"34, GRANOUX (RUE)",,,Plein jour,En agglomération,Hors intersection,Normale,Autre collision,,,,,,,,,,,1,2,1,1,6
200800038559,0008-07-17 16:15:00,8,7,17,16,15,130,55,"21, SAINTE MARTHE (CHEMI",,,Plein jour,En agglomération,Intersection en T,Normale,Deux véhicules - côté,,,,,,,,,,,1,2,3,1,3
200800038560,0008-07-14 15:20:00,8,7,14,15,20,130,55,"57, MERLAN (AVENUE)",,,Plein jour,En agglomération,Hors intersection,Normale,Autre collision,,,,,,,,,,,1,2,1,1,6
200800038561,0008-07-12 17:45:00,8,7,12,17,45,130,55,"111, LITTORAL (CHEMIN DU",,,Plein jour,En agglomération,Intersection en Y,Normale,Deux véhicules - frontale,,,,,,,,,,,1,2,4,1,1
200800038562,0008-07-07 22:05:00,8,7,7,22,5,130,55,"41, CAMILLE PELLETAN (AV",,,Nuit avec éclairage allumé,En agglomération,Hors intersection,Normale,Autre collision,,,,,,,,,,,5,2,1,1,6
200800038563,0008-07-03 14:20:00,8,7,3,14,20,130,55,"39, FAUCHIER (RUE)",,,Plein jour,En agglomération,Hors intersection,Normale,Deux véhicules - arrière,,,,,,,,,,,1,2,1,1,2
200800038564,0008-07-24 15:30:00,8,7,24,15,30,130,55,MARÉCHAL DE LATTRE (AVEN,,,Plein jour,En agglomération,Hors intersection,Normale,Deux véhicules - côté,,,,,,,,,,,1,2,1,1,3
200800038565,0008-07-03 18:40:00,8,7,3,18,40,130,55,"21, LONGCHAMP (BOULEVARD",,,Plein jour,En agglomération,Hors intersection,Normale,Deux véhicules - côté,,,,,,,,,,,1,2,1,1,3
200800038566,0008-07-04 19:00:00,8,7,4,19,0,130,55,"9, FLAMMARION (BOULEVARD",,,Plein jour,En agglomération,Hors intersection,Normale,Sans collision,,,,,,,,,,,1,2,1,1,7
200800038567,0008-07-02 08:50:00,8,7,2,8,50,130,55,"33, GOUFFE (COURS)",,,Plein jour,En agglomération,Autre intersection,Normale,Deux véhicules - arrière,,,,,,,,,,,1,2,9,1,2
200800038568,0008-07-03 18:00:00,8,7,3,18,0,130,55,BAILLE (BOULEVARD),,,Plein jour,En agglomération,Hors intersection,Normale,Deux véhicules - côté,,,,,,,,,,,1,2,1,1,3
200800038569,0008-07-09 23:30:00,8,7,9,23,30,130,55,"149, BAILLE (BOULEVARD)",,,Nuit avec éclairage allumé,En agglomération,Hors intersection,Normale,Deux véhicules - côté,,,,,,,,,,,5,2,1,1,3
200800038570,0008-07-23 08:30:00,8,7,23,8,30,130,55,"260, MAZARGUES (AVENUE D",,,Plein jour,En agglomération,Hors intersection,Normale,Sans collision,,,,,,,,,,,1,2,1,1,7
200800038571,0008-07-02 10:00:00,8,7,2,10,0,130,55,AUBAGNE (RUE D'),,,Plein jour,En agglomération,Hors intersection,Normale,Sans collision,,,,,,,,,,,1,2,1,1,7
200800038572,0008-07-18 20:10:00,8,7,18,20,10,130,55,"130, LODI (RUE DE)",,,Crépuscule ou aube,En agglomération,Hors intersection,Normale,Sans collision,,,,,,,,,,,2,2,1,1,7
200800038573,0008-07-06 17:00:00,8,7,6,17,0,130,55,"93, FRANCOISE DUPARC (BO",,,Plein jour,Hors agglomération,Intersection en X,Normale,Autre collision,,,,,,,,,,,1,1,2,1,6
200800038574,0008-07-05 02:45:00,8,7,5,2,45,130,55,"35, GEORGES ESTRANGIN (B",,,Nuit avec éclairage allumé,En agglomération,Hors intersection,Normale,Autre collision,,,,,,,,,,,5,2,1,1,6
200800038575,0008-07-25 22:55:00,8,7,25,22,55,130,55,"441, MICHELET (BOULEVARD",,,Nuit avec éclairage allumé,En agglomération,Hors intersection,Normale,Autre collision,,,,,,,,,,,5,2,1,1,6
200800038576,0008-07-22 15:45:00,8,7,22,15,45,130,55,"12, HENRI BARNIER (BOULE",,,Plein jour,En agglomération,Hors intersection,Normale,Autre collision,,,,,,,,,,,1,2,1,1,6
200800038577,0008-07-13 16:50:00,8,7,13,16,50,130,55,CHARLES LIVON (BOULEVARD,,,Plein jour,En agglomération,Intersection en X,Normale,Autre collision,,,,,,,,,,,1,2,2,1,6
200800038578,0008-07-23 13:00:00,8,7,23,13,0,130,2,"16, LEI RIMA (AVENUE)",,,Plein jour,En agglomération,Giratoire,Normale,Deux véhicules - côté,,,,,,,,,,,1,2,6,1,3
200800038579,0008-07-22 20:20:00,8,7,22,20,20,130,55,"25, LIBERATEURS (BOULEVA",,,Crépuscule ou aube,En agglomération,Hors intersection,Normale,Autre collision,,,,,,,,,,,2,2,1,1,6
200800038580,0008-07-27 16:45:00,8,7,27,16,45,130,55,"71, VALDONNE (AVENUE DE)",,,Plein jour,En agglomération,Hors intersection,Normale,Deux véhicules - côté,,,,,,,,,,,1,2,1,1,3
200800038581,0008-07-26 16:00:00,8,7,26,16,0,130,55,"143, RABATAU (BOULEVARD)",,,Plein jour,En agglomération,Hors intersection,Normale,Deux véhicules - frontale,,,,,,,,,,,1,2,1,1,1
200800038582,0008-07-20 16:40:00,8,7,20,16,40,130,2,"40, ETIENNE CUCCA-CD908",,,Plein jour,Hors agglomération,Hors intersection,Normale,Autre collision,,,,,,,,,,,1,1,1,1,6
200800038583,0008-07-20 00:10:00,8,7,20,0,10,130,55,"74, PRADO (AVENUE)",,,Nuit avec éclairage allumé,En agglomération,Hors intersection,Normale,Deux véhicules - arrière,,,,,,,,,,,5,2,1,1,2
200800038584,0008-07-24 02:50:00,8,7,24,2,50,130,55,"03 bis, GUSTAVE GANAY (B",,,Nuit avec éclairage allumé,En agglomération,Intersection en X,Normale,Deux véhicules - côté,,,,,,,,,,,5,2,2,1,3
200800038585,0008-07-21 18:00:00,8,7,21,18,0,130,55,"240, SAINT LOUP (BOULEVA",,,Plein jour,En agglomération,Hors intersection,Normale,Autre collision,,,,,,,,,,,1,2,1,1,6
200800038586,0008-07-22 02:15:00,8,7,22,2,15,130,55,"27, DÉSIRÉ BIANCO (AVENU",,,Nuit avec éclairage allumé,En agglomération,Hors intersection,Normale,Autre collision,,,,,,,,,,,5,2,1,1,6
200800038587,0008-07-25 14:20:00,8,7,25,14,20,130,2,"92, PROVENCE (AVENUE DE)",,,Plein jour,En agglomération,Intersection en T,Normale,Deux véhicules - frontale,,,,,,,,,,,1,2,3,1,1
200800038588,0008-07-24 12:00:00,8,7,24,12,0,130,55,"89, PARADIS (RUE)",,,Plein jour,En agglomération,Hors intersection,Normale,Trois véhicules et plus - en chaîne,,,,,,,,,,,1,2,1,1,4
200800038589,0008-07-27 19:00:00,8,7,27,19,0,130,55,"19, CAILLOLS (AVENUE DES",,,Crépuscule ou aube,En agglomération,Giratoire,Normale,Autre collision,,,,,,,,,,,2,2,6,1,6
200800038590,0008-07-16 12:45:00,8,7,16,12,45,130,55,"39, LITTORAL (CHEMIN DU)",,,Plein jour,En agglomération,Giratoire,Normale,Autre collision,,,,,,,,,,,1,2,6,1,6
200800038591,0008-07-25 18:30:00,8,7,25,18,30,130,55,"73, SAINTE MARTHE (CHEMI",,,Plein jour,En agglomération,Giratoire,Normale,Deux véhicules - côté,,,,,,,,,,,1,2,6,1,3
200800038592,0008-07-19 18:10:00,8,7,19,18,10,130,55,"200, RABELAIS (RUE)",,,Plein jour,En agglomération,Hors intersection,Normale,Deux véhicules - côté,,,,,,,,,,,1,2,1,1,3
200800038593,0008-07-27 23:05:00,8,7,27,23,5,130,55,"194, PORT (QUAI DU)",,,Nuit avec éclairage allumé,En agglomération,Hors intersection,Normale,Deux véhicules - côté,,,,,,,,,,,5,2,1,1,3
200800038594,0008-07-22 19:45:00,8,7,22,19,45,130,55,"210, PRADO (AVENUE)",,,Plein jour,En agglomération,Hors intersection,Normale,Deux véhicules - arrière,,,,,,,,,,,1,2,1,1,2
200800038595,0008-07-04 18:30:00,8,7,4,18,30,130,55,"77, CORNICHE KENNEDY",,,Plein jour,En agglomération,Hors intersection,Normale,Deux véhicules - arrière,,,,,,,,,,,1,2,1,1,2
200800038596,0008-07-24 17:50:00,8,7,24,17,50,130,55,"92, ACIERIES (BOULEVARD",,,Plein jour,En agglomération,Intersection en X,Normale,Deux véhicules - côté,,,,,,,,,,,1,2,2,1,3
200800038597,0008-07-16 15:30:00,8,7,16,15,30,130,55,"35, JEAN JAURES (PLACE)",,,Plein jour,En agglomération,Intersection en T,Normale,Deux véhicules - arrière,,,,,,,,,,,1,2,3,1,2
200800038598,0008-07-05 12:00:00,8,7,5,12,0,130,55,"52, CAPITAINE GALINAT (R",,,Plein jour,En agglomération,Hors intersection,Normale,Autre collision,,,,,,,,,,,1,2,1,1,6
200800038599,0008-07-18 16:10:00,8,7,18,16,10,130,55,"322, ROMAIN ROLLAND (BOU",,,Plein jour,Hors agglomération,Hors intersection,Normale,Deux véhicules - côté,,,,,,,,,,,1,1,1,1,3
200800038600,0008-07-27 17:30:00,8,7,27,17,30,130,55,"15, LÉON LACHAMP (ROUTE)",,,Plein jour,Hors agglomération,Hors intersection,Normale,Deux véhicules - arrière,,,,,,,,,,,1,1,1,1,2
200800038601,0008-07-05 11:50:00,8,7,5,11,50,130,55,"202, CHARTREUX (AVENUE D",,,Plein jour,En agglomération,Intersection en T,Normale,Deux véhicules - côté,,,,,,,,,,,1,2,3,1,3
200800038602,0008-07-15 15:20:00,8,7,15,15,20,130,55,"54 OU 61, ROME (RUE DE)",,,Plein jour,En agglomération,Hors intersection,Normale,Autre collision,,,,,,,,,,,1,2,1,1,6
200800038603,0008-07-18 14:00:00,8,7,18,14,0,130,55,"51, CANEBIERE     1 A 79",,,Plein jour,En agglomération,Hors intersection,Normale,Autre collision,,,,,,,,,,,1,2,1,1,6
200800038604,0008-07-04 16:00:00,8,7,4,16,0,130,55,"89, BAILLE (BOULEVARD)",,,Plein jour,En agglomération,Hors intersection,Normale,Autre collision,,,,,,,,,,,1,2,1,1,6
200800038605,0008-07-18 16:35:00,8,7,18,16,35,130,55,"73, SAKAKINI (BOULEVARD)",,,Plein jour,En agglomération,Hors intersection,Normale,Autre collision,,,,,,,,,,,1,2,1,1,6
200800038606,0008-07-13 16:45:00,8,7,13,16,45,130,55,"13, PASTEUR (AVENUE)",,,Plein jour,En agglomération,Hors intersection,Normale,Deux véhicules - côté,,,,,,,,,,,1,2,1,1,3
200800038607,0008-07-11 00:01:00,8,7,11,0,1,130,55,"75, CHAVE (BOULEVARD)",,,Nuit avec éclairage allumé,En agglomération,Hors intersection,Normale,Autre collision,,,,,,,,,,,5,2,1,1,6
200800038608,0008-07-15 20:00:00,8,7,15,20,0,130,55,TOURETTE (QUAI DE LA),,,Plein jour,En agglomération,Autre intersection,Normale,Deux véhicules - côté,,,,,,,,,,,1,2,9,1,3
200800038609,0008-07-25 12:45:00,8,7,25,12,45,130,55,"73, CONCORDE (BOULEVARD",,,Plein jour,En agglomération,Hors intersection,Normale,Deux véhicules - côté,,,,,,,,,,,1,2,1,1,3
200800038610,0008-07-22 18:20:00,8,7,22,18,20,130,55,"75, PIERRE DOIZE  (RUE)",,,Plein jour,En agglomération,Hors intersection,Normale,Autre collision,,,,,,,,,,,1,2,1,1,6
200800038611,0008-07-28 12:50:00,8,7,28,12,50,130,55,"240, PRADO (AVENUE)",,,Plein jour,En agglomération,Hors intersection,Normale,Deux véhicules - côté,,,,,,,,,,,1,2,1,1,3
200800038612,0008-07-24 14:35:00,8,7,24,14,35,130,55,"91, POMPIDOU (PROMENADE)",,,Plein jour,En agglomération,Hors intersection,Normale,Autre collision,,,,,,,,,,,1,2,1,1,6
200800038613,0008-07-09 08:20:00,8,7,9,8,20,130,55,FONTANGE (RUE),,,Plein jour,En agglomération,Hors intersection,Normale,Sans collision,,,,,,,,,,,1,2,1,1,7
200800038614,0008-07-26 17:35:00,8,7,26,17,35,130,55,"98, KADDOUZ (CHEMIN)",,,Plein jour,En agglomération,Intersection en T,Normale,Deux véhicules - côté,,,,,,,,,,,1,2,3,1,3
200800038615,0008-07-05 17:10:00,8,7,5,17,10,130,55,"29, ALEX DELABRE (BOULEV",,,Plein jour,En agglomération,Hors intersection,Normale,Deux véhicules - frontale,,,,,,,,,,,1,2,1,1,1
200800038616,0008-07-18 20:20:00,8,7,18,20,20,130,55,"330, ROMAIN ROLLAND (BOU",,,Plein jour,En agglomération,Hors intersection,Normale,Trois véhicules et plus - collisions multiples,,,,,,,,,,,1,2,1,1,5
200800038617,0008-07-03 19:45:00,8,7,3,19,45,130,55,"25, CHARLES NEDELEC (BOU",,,Plein jour,En agglomération,Hors intersection,Normale,Deux véhicules - côté,,,,,,,,,,,1,2,1,1,3
200800038618,0008-07-06 18:00:00,8,7,6,18,0,130,55,"20, CONCORDE (BOULEVARD",,,Plein jour,En agglomération,Intersection en X,Normale,Deux véhicules - côté,,,,,,,,,,,1,2,2,1,3
200800038619,0008-07-11 20:15:00,8,7,11,20,15,130,55,"94, VALENTINE (ROUTE DE",,,Plein jour,En agglomération,Hors intersection,Normale,Trois véhicules et plus - collisions multiples,,,,,,,,,,,1,2,1,1,5
200800038620,0008-07-23 18:05:00,8,7,23,18,5,130,55,"134, MICHELET (BOULEVARD",,,Plein jour,En agglomération,Hors intersection,Normale,Trois véhicules et plus - en chaîne,,,,,,,,,,,1,2,1,1,4
200800038621,0008-07-17 21:30:00,8,7,17,21,30,130,55,"98, JEAN MOULIN (BOULEVA",,,Nuit avec éclairage allumé,En agglomération,Intersection en T,Normale,Deux véhicules - côté,,,,,,,,,,,5,2,3,1,3
200800038622,0008-07-17 18:31:00,8,7,17,18,31,130,55,"93, JEAN BALLARD (COURS)",,,Plein jour,En agglomération,Intersection en T,Normale,Deux véhicules - côté,,,,,,,,,,,1,2,3,1,3
200800038623,0008-07-29 11:00:00,8,7,29,11,0,130,55,"55, ARNAVON (AVENUE)",,,Plein jour,En agglomération,Hors intersection,Normale,Deux véhicules - frontale,,,,,,,,,,,1,2,1,1,1
200800038624,0008-07-24 01:50:00,8,7,24,1,50,130,55,"10, CHARRAS (RUE)",,,Nuit sans éclairage public,En agglomération,Intersection en X,Normale,Deux véhicules - côté,,,,,,,,,,,3,2,2,1,3
200800038625,0008-07-19 12:20:00,8,7,19,12,20,130,55,"53, EDOUARD PONS (RUE)",,,Plein jour,En agglomération,Intersection en X,Normale,Deux véhicules - côté,,,,,,,,,,,1,2,2,1,3
200800038626,0008-07-17 09:15:00,8,7,17,9,15,130,55,"103, LODI (RUE DE)",,,Plein jour,En agglomération,Intersection en T,Normale,Deux véhicules - frontale,,,,,,,,,,,1,2,3,1,1
200800038627,0008-07-18 17:00:00,8,7,18,17,0,130,55,"4, NOTRE DAME (BOULEVARD",,,Plein jour,En agglomération,Hors intersection,Normale,Deux véhicules - frontale,,,,,,,,,,,1,2,1,1,1
200800038628,0008-07-25 16:30:00,8,7,25,16,30,130,55,"52, SAUVEUR TOBELEM (RUE",,,Plein jour,En agglomération,Intersection en X,Normale,Deux véhicules - côté,,,,,,,,,,,1,2,2,1,3
200800038629,0008-07-18 08:30:00,8,7,18,8,30,130,55,"54, MONTOLIVET (AVENUE D",,,Plein jour,En agglomération,Hors intersection,Normale,Autre collision,,,,,,,,,,,1,2,1,1,6
200800038630,0008-07-22 13:45:00,8,7,22,13,45,130,55,"21, CHUTES LAVI (AVENUE)",,,Plein jour,En agglomération,Hors intersection,Normale,Deux véhicules - côté,,,,,,,,,,,1,2,1,1,3
200800038631,0008-07-18 11:10:00,8,7,18,11,10,130,55,"124, CAMAS (RUE DU)",,,Plein jour,En agglomération,Hors intersection,Normale,Autre collision,,,,,,,,,,,1,2,1,1,6
200800038632,0008-07-22 23:10:00,8,7,22,23,10,130,55,"102, FRANCOISE DUPARC (B",,,Nuit avec éclairage allumé,En agglomération,Intersection en X,Normale,Deux véhicules - côté,,,,,,,,,,,5,2,2,1,3
200800038633,0008-07-24 20:00:00,8,7,24,20,0,130,55,"42, OLIVES (AVENUE DES)",,,Crépuscule ou aube,En agglomération,Hors intersection,Normale,Deux véhicules - côté,,,,,,,,,,,2,2,1,1,3
200800038634,0008-07-28 22:00:00,8,7,28,22,0,130,55,"12, RUISSEAU MI (RUE)",,,Nuit avec éclairage allumé,En agglomération,Hors intersection,Normale,Deux véhicules - arrière,,,,,,,,,,,5,2,1,1,2
200800038635,0008-07-26 10:15:00,8,7,26,10,15,130,55,"73, VISTE (AVENUE DE LA)",,,Plein jour,En agglomération,Intersection en X,Normale,Autre collision,,,,,,,,,,,1,2,2,1,6
200800038636,0008-07-12 21:40:00,8,7,12,21,40,130,55,"98, LÉON BANCAL (RUE)",,,Nuit avec éclairage allumé,En agglomération,Intersection en T,Normale,Deux véhicules - côté,,,,,,,,,,,5,2,3,1,3
200800038637,0008-07-17 08:00:00,8,7,17,8,0,130,55,"117, PLOMBIERES (BOULEVA",,,Plein jour,En agglomération,Hors intersection,Normale,Deux véhicules - arrière,,,,,,,,,,,1,2,1,1,2
200800038638,0008-07-18 08:31:00,8,7,18,8,31,130,55,"6, TOULON (AVENUE DE)",,,Plein jour,En agglomération,Hors intersection,Normale,Deux véhicules - côté,,,,,,,,,,,1,2,1,1,3
200800038639,0008-07-22 20:30:00,8,7,22,20,30,130,55,ACADEMIE (RUE DE L'),,,Crépuscule ou aube,En agglomération,Hors intersection,Normale,Autre collision,,,,,,,,,,,2,2,1,1,6
200800038640,0008-07-23 09:30:00,8,7,23,9,30,130,55,"14, ROUVIERE (RUE)",,,Plein jour,En agglomération,Hors intersection,Normale,Autre collision,,,,,,,,,,,1,2,1,1,6
200800038641,0008-07-24 11:10:00,8,7,24,11,10,130,55,"18, VACON (RUE)      1 A",,,Plein jour,En agglomération,Autre intersection,Normale,Autre collision,,,,,,,,,,,1,2,9,1,6
200800038642,0008-07-18 15:15:00,8,7,18,15,15,130,55,"587, MAZARGUES (AVENUE D",,,Plein jour,En agglomération,Hors intersection,Normale,Deux véhicules - côté,,,,,,,,,,,1,2,1,1,3
200800038643,0008-07-18 13:15:00,8,7,18,13,15,130,55,"40, MICHELET (BOULEVARD)",,,Plein jour,En agglomération,Hors intersection,Normale,Autre collision,,,,,,,,,,,1,2,1,1,6
200800038644,0008-07-20 20:00:00,8,7,20,20,0,130,55,"93 BIS, RABATAU (BOULEVA",,,Plein jour,Hors agglomération,Hors intersection,Normale,Sans collision,,,,,,,,,,,1,1,1,1,7
200800038645,0008-07-21 08:10:00,8,7,21,8,10,130,55,"327, MICHELET (BOULEVARD",,,Plein jour,En agglomération,Hors intersection,Normale,Autre collision,,,,,,,,,,,1,2,1,1,6
200800038646,0008-07-02 18:15:00,8,7,2,18,15,130,55,"73, JULES CANTINI (AVENU",,,Plein jour,En agglomération,Intersection en T,Normale,Deux véhicules - côté,,,,,,,,,,,1,2,3,1,3
200800038647,0008-07-18 14:45:00,8,7,18,14,45,130,55,"22, MUSEE (RUE DU)",,,Plein jour,En agglomération,Hors intersection,Normale,Autre collision,,,,,,,,,,,1,2,1,1,6
200800038648,0008-07-22 16:00:00,8,7,22,16,0,130,55,"01, LACEPEDE (RUE)",,,Plein jour,En agglomération,Hors intersection,Normale,Deux véhicules - arrière,,,,,,,,,,,1,2,1,1,2