accident_id,datetime,annee,mois,jour,heure,minute,departement,commune_insee,adresse,latitude,longitude,luminosite,agglomeration,intersection,meteo,collision,nb_vehicules,nb_usagers,nb_indemnes,nb_tues,nb_blesses_hosp,nb_blesses_legers,age_cond_1,age_cond_2,veh_type_cond_1,veh_type_cond_2,lum_code,agg_code,int_code,atm_code,col_code
200800038649,0008-07-23 18:00:00,8,7,23,18,0,130,55,"48, FRANÇOISE DUPARC (BO",,,Plein jour,En agglomération,Hors intersection,Normale,Sans collision,,,,,,,,,,,1,2,1,1,7
200800038650,0008-07-22 12:50:00,8,7,22,12,50,130,55,"162, ROME (RUE DE)",,,Plein jour,En agglomération,Hors intersection,Normale,Autre collision,,,,,,,,,,,1,2,1,1,6
200800038651,0008-07-30 20:30:00,8,7,30,20,30,130,55,"252, COROT (AVENUE)",,,Crépuscule ou aube,En agglomération,Hors intersection,Normale,Deux véhicules - arrière,,,,,,,,,,,2,2,1,1,2
200800038652,0008-07-25 12:20:00,8,7,25,12,20,130,55,"19, SAINT MENET (AVENUE",,,Plein jour,En agglomération,Hors intersection,Normale,Deux véhicules - côté,,,,,,,,,,,1,2,1,1,3
200800038653,0008-07-30 16:30:00,8,7,30,16,30,130,2,"53, ETIENNE CUCCA-CD908",,,Plein jour,Hors agglomération,Hors intersection,Normale,Sans collision,,,,,,,,,,,1,1,1,1,7
200800038654,0008-07-19 06:50:00,8,7,19,6,50,130,55,"103, SAINT GEORGES (RUE)",,,Plein jour,En agglomération,Hors intersection,Normale,Sans collision,,,,,,,,,,,1,2,1,1,7
200800038655,0008-07-25 11:30:00,8,7,25,11,30,130,55,"143, GIBBES (CHEMIN DE)",,,Plein jour,En agglomération,Hors intersection,Normale,Deux véhicules - frontale,,,,,,,,,,,1,2,1,1,1
200800038656,0008-07-29 09:00:00,8,7,29,9,0,130,55,"400, PRADO (AVENUE)",,,Crépuscule ou aube,En agglomération,Intersection en X,Normale,Trois véhicules et plus - collisions multiples,,,,,,,,,,,2,2,2,1,5
200800038657,0008-07-30 12:20:00,8,7,30,12,20,130,55,"37, ENJOLRAS (AVENUE)",,,Plein jour,En agglomération,Hors intersection,Normale,Autre collision,,,,,,,,,,,1,2,1,1,6
200800038658,0008-07-30 18:15:00,8,7,30,18,15,130,55,"51, JULIEN (AVENUE)",,,Plein jour,En agglomération,Hors intersection,Normale,Autre collision,,,,,,,,,,,1,2,1,1,6
200800038659,0008-07-30 01:00:00,8,7,30,1,0,130,55,"05, PAUL LUCCHESI (RUE)",,,Nuit avec éclairage allumé,En agglomération,Hors intersection,Normale,Autre collision,,,,,,,,,,,5,2,1,1,6
200800038660,0008-07-19 14:40:00,8,7,19,14,40,130,55,"564, PRADO (AVENUE)",,,Plein jour,En agglomération,Hors intersection,Normale,Deux véhicules - arrière,,,,,,,,,,,1,2,1,1,2
200800038661,0008-07-21 22:30:00,8,7,21,22,30,130,55,"129, LIBERATION (BOULEVA",,,Nuit avec éclairage allumé,En agglomération,Hors intersection,Normale,Sans collision,,,,,,,,,,,5,2,1,1,7
200800038662,0008-07-30 22:30:00,8,7,30,22,30,130,55,"59, FRANÇOISE DUPARC (BO",,,Nuit avec éclairage allumé,En agglomération,Hors intersection,Normale,Deux véhicules - arrière,,,,,,,,,,,5,2,1,1,2
200800038663,0008-07-20 18:45:00,8,7,20,18,45,130,55,"49, JEANNE JUGAN (RUE)",,,Plein jour,En agglomération,Hors intersection,Normale,Deux véhicules - côté,,,,,,,,,,,1,2,1,1,3
200800038664,0008-07-25 17:15:00,8,7,25,17,15,130,55,"30, CHARLES LIVON (BOULE",,,Plein jour,En agglomération,Hors intersection,Normale,Deux véhicules - côté,,,,,,,,,,,1,2,1,1,3
200800038665,0008-07-26 05:50:00,8,7,26,5,50,130,55,"40, CANEBIERE     1 A 79",,,Nuit avec éclairage allumé,Hors agglomération,Hors intersection,Normale,Autre collision,,,,,,,,,,,5,1,1,1,6
200800038666,0008-07-07 10:20:00,8,7,7,10,20,130,55,"77, PIERRE PUGET (COURS)",,,Plein jour,En agglomération,Hors intersection,Normale,Autre collision,,,,,,,,,,,1,2,1,1,6
200800038667,0008-07-13 18:00:00,8,7,13,18,0,130,55,"58, VINCENT DELPUECH (BO",,,Plein jour,En agglomération,Hors intersection,Normale,Trois véhicules et plus - collisions multiples,,,,,,,,,,,1,2,1,1,5
200800038668,0008-07-19 08:30:00,8,7,19,8,30,130,55,"52, VOLTAIRE    PAIRS (B",,,Plein jour,En agglomération,Hors intersection,Normale,Deux véhicules - côté,,,,,,,,,,,1,2,1,1,3
200800038669,0008-07-27 17:45:00,8,7,27,17,45,130,55,"101, CORNICHE KENNEDY",,,Plein jour,En agglomération,Intersection en Y,Normale,Autre collision,,,,,,,,,,,1,2,4,1,6
200800038670,0008-07-30 14:35:00,8,7,30,14,35,130,55,"79, CANEBIERE     1 A 79",,,Plein jour,En agglomération,Hors intersection,Normale,Deux véhicules - côté,,,,,,,,,,,1,2,1,1,3
200800038671,0008-07-09 03:30:00,8,7,9,3,30,130,55,"81, ROGER SALENGRO (AVEN",,,Nuit avec éclairage allumé,En agglomération,Intersection en X,Normale,Deux véhicules - côté,,,,,,,,,,,5,2,2,1,3
200800038672,0008-07-28 11:17:00,8,7,28,11,17,130,55,"151, MICHELET (BOULEVARD",,,Plein jour,En agglomération,Intersection en X,Normale,Deux véhicules - côté,,,,,,,,,,,1,2,2,1,3
200800038673,0008-07-20 02:20:00,8,7,20,2,20,130,55,"13, ANDRE ZENATTI (AVENU",,,Nuit avec éclairage allumé,En agglomération,Intersection en X,Normale,Autre collision,,,,,,,,,,,5,2,2,1,6
200800038674,0008-07-09 22:15:00,8,7,9,22,15,130,55,"5A, GUSTAVE GANAY (BOULE",,,Nuit avec éclairage allumé,En agglomération,Intersection en X,Normale,Deux véhicules - côté,,,,,,,,,,,5,2,2,1,3
200800038675,0008-07-30 20:15:00,8,7,30,20,15,130,55,"136, RABATAU (BOULEVARD)",,,Plein jour,En agglomération,Hors intersection,Normale,Deux véhicules - frontale,,,,,,,,,,,1,2,1,1,1
200800038676,0008-07-24 15:10:00,8,7,24,15,10,130,55,"458, LYON (RUE DE)",,,Plein jour,En agglomération,Hors intersection,Normale,Deux véhicules - côté,,,,,,,,,,,1,2,1,1,3
200800038677,0008-07-28 07:50:00,8,7,28,7,50,130,55,"32, HENRI AUZIAS (RUE)",,,Plein jour,En agglomération,Hors intersection,Normale,Deux véhicules - frontale,,,,,,,,,,,1,2,1,1,1
200800038678,0008-07-31 17:30:00,8,7,31,17,30,130,55,"14, STRASBOURG (BOULEVAR",,,Plein jour,En agglomération,Hors intersection,Normale,Deux véhicules - côté,,,,,,,,,,,1,2,1,1,3
200800038679,0008-07-29 08:45:00,8,7,29,8,45,130,55,"12, GROGNARDE (AVENUE DE",,,Plein jour,En agglomération,Autre intersection,Normale,Sans collision,,,,,,,,,,,1,2,9,1,7
200800038680,0008-07-31 19:15:00,8,7,31,19,15,130,55,"134, MOURETS (CHEMIN DES",,,Plein jour,En agglomération,Intersection en Y,Normale,Autre collision,,,,,,,,,,,1,2,4,1,6
200800038681,0008-07-28 18:15:00,8,7,28,18,15,130,2,"79, JEAN GIONO (AVENUE)",,,Plein jour,En agglomération,Hors intersection,Normale,Sans collision,,,,,,,,,,,1,2,1,1,7
200800038682,0008-07-30 18:40:00,8,7,30,18,40,130,55,"69, AMPERE (BOULEVARD)",,,Plein jour,En agglomération,Giratoire,Normale,Deux véhicules - arrière,,,,,,,,,,,1,2,6,1,2
200800038683,0008-07-30 08:30:00,8,7,30,8,30,130,55,"50, MOGADOR (PLACE DE)",,,Plein jour,En agglomération,Hors intersection,Normale,Deux véhicules - arrière,,,,,,,,,,,1,2,1,1,2
200800038684,0008-07-22 13:00:00,8,7,22,13,0,130,55,"70, BOSQUET (RUE)",,,Plein jour,En agglomération,Intersection en X,Normale,Deux véhicules - côté,,,,,,,,,,,1,2,2,1,3
200800038685,0008-07-31 16:30:00,8,7,31,16,30,130,55,"23, SYLVABELLE (RUE)",,,Plein jour,En agglomération,Hors intersection,Normale,Deux véhicules - arrière,,,,,,,,,,,1,2,1,1,2
200800038686,0008-07-29 08:20:00,8,7,29,8,20,130,55,"03 bis, ROGER SALENGRO (",,,Plein jour,En agglomération,Autre intersection,Normale,Sans collision,,,,,,,,,,,1,2,9,1,7
200800038687,0008-07-16 08:40:00,8,7,16,8,40,130,55,EGUIER (RUE DE L'),,,Plein jour,En agglomération,Hors intersection,Normale,Autre collision,,,,,,,,,,,1,2,1,1,6
200800038688,0008-07-01 18:00:00,8,7,1,18,0,130,55,"90, DE ROUX (BD ET IMPAS",,,Plein jour,En agglomération,Hors intersection,Temps éblouissant,Deux véhicules - côté,,,,,,,,,,,1,2,1,7,3
200800038689,0008-07-15 17:00:00,8,7,15,17,0,130,55,"244, ROUCAS BLAN (CHEMIN",,,Plein jour,En agglomération,Hors intersection,Normale,Autre collision,,,,,,,,,,,1,2,1,1,6
200800038690,0008-07-18 01:10:00,8,7,18,1,10,130,55,"20, ROME (RUE DE)",,,Nuit avec éclairage allumé,En agglomération,Intersection en X,Normale,Deux véhicules - côté,,,,,,,,,,,5,2,2,1,3
200800038691,0008-07-11 00:02:00,8,7,11,0,2,130,55,", JEAN MOULIN (BOULEVARD",,,Nuit avec éclairage allumé,En agglomération,Hors intersection,Normale,Sans collision,,,,,,,,,,,5,2,1,1,7
200800038692,0008-07-21 12:30:00,8,7,21,12,30,130,55,"35, RIVE NEUVE (QUAI DE)",,,Plein jour,En agglomération,Hors intersection,Normale,Deux véhicules - côté,,,,,,,,,,,1,2,1,1,3
200800038693,0008-07-24 08:45:00,8,7,24,8,45,130,55,"377, MIREILLE LAUZE (BOU",,,Plein jour,En agglomération,Autre intersection,Normale,Autre collision,,,,,,,,,,,1,2,9,1,6
200800038694,0008-07-08 14:30:00,8,7,8,14,30,130,55,"39, BOISSON (BOULEVARD)",,,Plein jour,En agglomération,Intersection en X,Normale,Deux véhicules - côté,,,,,,,,,,,1,2,2,1,3
200800038695,0008-07-14 16:30:00,8,7,14,16,30,130,55,"29, THÉODORE THURNER (BO",,,Plein jour,En agglomération,Autre intersection,Normale,Autre collision,,,,,,,,,,,1,2,9,1,6
200800038696,0008-07-07 16:30:00,8,7,7,16,30,130,55,"39, ROGER BRUN (RUE)",,,Plein jour,En agglomération,Intersection en T,Normale,Deux véhicules - côté,,,,,,,,,,,1,2,3,1,3
200800038697,0008-07-28 09:15:00,8,7,28,9,15,130,55,"32, CHAVE (BOULEVARD)",,,Plein jour,En agglomération,Intersection en X,Normale,Deux véhicules - côté,,,,,,,,,,,1,2,2,1,3
200800038698,0008-07-28 21:05:00,8,7,28,21,5,130,55,"06, CHARRAS (RUE)",,,Crépuscule ou aube,En agglomération,Intersection en X,Normale,Deux véhicules - côté,,,,,,,,,,,2,2,2,1,3
200800038699,0008-07-25 19:50:00,8,7,25,19,50,130,55,"29, JEAN MOULIN (BOULEVA",,,Plein jour,En agglomération,Intersection à plus de 4 branches,Normale,Deux véhicules - côté,,,,,,,,,,,1,2,5,1,3
200800038700,0008-07-30 12:25:00,8,7,30,12,25,130,55,"14, MONTRICHIER (BOULEVA",,,Plein jour,En agglomération,Hors intersection,Normale,Autre collision,,,,,,,,,,,1,2,1,1,6
200800038701,0008-07-15 17:35:00,8,7,15,17,35,130,55,"341, MICHELET (BOULEVARD",,,Plein jour,En agglomération,Hors intersection,Normale,Deux véhicules - frontale,,,,,,,,,,,1,2,1,1,1
200800038702,0008-07-04 06:00:00,8,7,4,6,0,130,55,"103, SAINT MENET (AVENUE",,,Crépuscule ou aube,En agglomération,Hors intersection,Normale,Deux véhicules - arrière,,,,,,,,,,,2,2,1,1,2
200800038703,0008-07-12 16:30:00,8,7,12,16,30,130,55,"71 A, SAINT ANTOINE (AVE",,,Plein jour,Hors agglomération,Hors intersection,Normale,Deux véhicules - côté,,,,,,,,,,,1,1,1,1,3
200800038704,0008-07-29 19:15:00,8,7,29,19,15,130,55,"92, ARENC (QUAI D')",,,Plein jour,En agglomération,Hors intersection,Normale,Deux véhicules - côté,,,,,,,,,,,1,2,1,1,3
200800038705,0008-07-17 21:25:00,8,7,17,21,25,130,55,"281, CORNICHE KENNEDY",,,Nuit avec éclairage allumé,En agglomération,Hors intersection,Normale,Trois véhicules et plus - collisions multiples,,,,,,,,,,,5,2,1,1,5
200800038706,0008-07-17 07:50:00,8,7,17,7,50,130,55,"70, PARIS (BOULEVARD DE)",,,Plein jour,En agglomération,Intersection en X,Normale,Deux véhicules - côté,,,,,,,,,,,1,2,2,1,3
200800038707,0008-07-03 13:50:00,8,7,3,13,50,130,55,"196, ROLAND DORGELES (BO",,,Plein jour,En agglomération,Giratoire,Normale,Deux véhicules - côté,,,,,,,,,,,1,2,6,1,3
200800038708,0008-07-27 21:20:00,8,7,27,21,20,130,55,"37, MONTREDON (AVENUE DE",,,Nuit avec éclairage allumé,En agglomération,Intersection en T,Normale,Deux véhicules - côté,,,,,,,,,,,5,2,3,1,3
200800038709,0008-07-28 16:20:00,8,7,28,16,20,130,55,TOULON (AVENUE DE),,,Plein jour,En agglomération,Hors intersection,Normale,Deux véhicules - côté,,,,,,,,,,,1,2,1,1,3
200800038710,0008-07-17 07:30:00,8,7,17,7,30,130,55,"42, AUGUSTIN MERLHOU (RU",,,Crépuscule ou aube,En agglomération,Hors intersection,Normale,Sans collision,,,,,,,,,,,2,2,1,1,7
200800038711,0008-07-28 20:55:00,8,7,28,20,55,130,55,ALEX. FLEMING (BOULEVARD,,,Plein jour,En agglomération,Hors intersection,Normale,Autre collision,,,,,,,,,,,1,2,1,1,6
200800038712,0008-07-07 06:50:00,8,7,7,6,50,130,78,"16, DORMOY MARX (AVENUE)",,,Crépuscule ou aube,En agglomération,Intersection en X,Normale,Autre collision,,,,,,,,,,,2,2,2,1,6
200800038713,0008-07-21 18:30:00,8,7,21,18,30,130,78,"26, VAUBAN (RESIDENCE LE",,,Plein jour,En agglomération,Hors intersection,Normale,Deux véhicules - côté,,,,,,,,,,,1,2,1,1,3
200800038714,0008-07-04 13:30:00,8,7,4,13,30,130,103,AVENUE MOULIN -JEAN- RN,,,Plein jour,Hors agglomération,Hors intersection,Normale,Trois véhicules et plus - collisions multiples,,,,,,,,,,,1,1,1,1,5
200800038715,0008-07-05 12:15:00,8,7,5,12,15,130,103,RN 569,,,Plein jour,Hors agglomération,Hors intersection,Normale,Deux véhicules - arrière,,,,,,,,,,,1,1,1,1,2
200800038716,0008-07-09 11:50:00,8,7,9,11,50,130,103,ALLEE  DES VIGNIERES,,,Plein jour,En agglomération,Intersection en X,Normale,Deux véhicules - côté,,,,,,,,,,,1,2,2,1,3
200800038717,0008-07-15 19:50:00,8,7,15,19,50,130,103,AVENUE GUYNEMER -GEORGES,,,Plein jour,En agglomération,Intersection en X,Normale,Deux véhicules - côté,,,,,,,,,,,1,2,2,1,3
200800038718,0008-07-23 11:30:00,8,7,23,11,30,130,103,BOULEVARD JOLY - VICTOR,,,Plein jour,En agglomération,Hors intersection,Normale,Autre collision,,,,,,,,,,,1,2,1,1,6
200800038719,0008-07-17 00:25:00,8,7,17,0,25,130,108,MEZOARGUES (LOTISSEMENT,,,Nuit sans éclairage public,Hors agglomération,Hors intersection,Normale,Sans collision,,,,,,,,,,,3,1,1,1,7
200800038720,0008-07-04 10:20:00,8,7,4,10,20,130,117,"xxx, ROUTE NATIONALE 113",,,Plein jour,En agglomération,Hors intersection,Normale,Trois véhicules et plus - en chaîne,,,,,,,,,,,1,2,1,1,4
200800038721,0008-07-04 12:00:00,8,7,4,12,0,130,117,"xx, GUIGOU (BOULEVARD PA",,,Plein jour,En agglomération,Giratoire,Normale,Deux véhicules - arrière,,,,,,,,,,,1,2,6,1,2
200800038722,0008-07-05 15:25:00,8,7,5,15,25,130,71,"xxx, LECLERC ( AVENUE DU",,,Plein jour,En agglomération,Hors intersection,Normale,Deux véhicules - arrière,,,,,,,,,,,1,2,1,1,2
200800038723,0008-07-06 16:00:00,8,7,6,16,0,130,117,"xxx, MONNET ( AVENUE JEA",,,Plein jour,En agglomération,Hors intersection,Normale,Trois véhicules et plus - en chaîne,,,,,,,,,,,1,2,1,1,4
200800038724,0008-07-07 17:35:00,8,7,7,17,35,130,117,"xxx, CHEMIN DEPARTEMENTA",,,Plein jour,Hors agglomération,Hors intersection,Normale,Trois véhicules et plus - collisions multiples,,,,,,,,,,,1,1,1,1,5
200800038725,0008-07-08 16:00:00,8,7,8,16,0,130,71,"xxx, CD 6",,,Plein jour,Hors agglomération,Hors intersection,Normale,Deux véhicules - arrière,,,,,,,,,,,1,1,1,1,2
200800038726,0008-07-09 14:30:00,8,7,9,14,30,130,71,"xxx, MONNET (AVENUE JEAN",,,Plein jour,En agglomération,Hors intersection,Normale,Deux véhicules - arrière,,,,,,,,,,,1,2,1,1,2
200800038727,0008-07-10 12:30:00,8,7,10,12,30,130,117,"xxx, PAGNOL ( BOULEVARD",,,Plein jour,En agglomération,Hors intersection,Normale,Deux véhicules - arrière,,,,,,,,,,,1,2,1,1,2
200800038728,0008-07-14 11:05:00,8,7,14,11,5,130,117,"xxx, LAMARTINE (RESIDENC",,,Plein jour,En agglomération,Intersection en T,Normale,Deux véhicules - côté,,,,,,,,,,,1,2,3,1,3
200800038729,0008-07-19 11:35:00,8,7,19,11,35,130,117,"01, MOULIN ( AVENUE JEAN",,,Plein jour,En agglomération,Hors intersection,Normale,Autre collision,,,,,,,,,,,1,2,1,1,6
200800038730,0008-07-25 17:10:00,8,7,25,17,10,130,117,"xxx, MONNET ( AVENUE JEA",,,Plein jour,Hors agglomération,Hors intersection,Normale,Deux véhicules - côté,,,,,,,,,,,1,1,1,1,3
200800038731,0008-07-04 13:50:00,8,7,4,13,50,140,327,"0, CD N° 515 (ROUTE DE O",,,Plein jour,Hors agglomération,Hors intersection,Normale,Deux véhicules - arrière,,,,,,,,,,,1,1,1,1,2
200800038732,0008-07-05 15:40:00,8,7,5,15,40,140,341,"0, MONNET (RUE JEAN)",,,Plein jour,En agglomération,Hors intersection,Normale,Sans collision,,,,,,,,,,,1,2,1,1,7
200800038733,0008-07-07 16:45:00,8,7,7,16,45,140,118,"129, POINCARE (BOULEVARD",,,Plein jour,En agglomération,Hors intersection,Normale,Deux véhicules - côté,,,,,,,,,,,1,2,1,1,3
200800038734,0008-07-11 13:55:00,8,7,11,13,55,140,118,"0, CHEMIN VERT (RUE DU >",,,Plein jour,En agglomération,Intersection en T,Normale,Deux véhicules - frontale,,,,,,,,,,,1,2,3,1,1
200800038735,0008-07-11 09:40:00,8,7,11,9,40,140,341,"0, Route Nationale 158",,,Plein jour,Hors agglomération,Hors intersection,Normale,Deux véhicules - arrière,,,,,,,,,,,1,1,1,1,2
200800038736,0008-07-21 11:33:00,8,7,21,11,33,140,101,"1, DOS DE LA POULE (RUE",,,Plein jour,En agglomération,Hors intersection,Normale,Autre collision,,,,,,,,,,,1,2,1,1,6
200800038737,0008-07-22 12:40:00,8,7,22,12,40,140,118,"1, REPUBLIQUE (PLACE DE",,,Plein jour,En agglomération,Hors intersection,Normale,Autre collision,,,,,,,,,,,1,2,1,1,6
200800038738,0008-07-24 20:25:00,8,7,24,20,25,140,437,"20, BRIERE (RUE)",,,Plein jour,En agglomération,Hors intersection,Normale,Autre collision,,,,,,,,,,,1,2,1,1,6
200800038739,0008-07-26 23:10:00,8,7,26,23,10,140,118,"26, DORESME (RUE NICOLAS",,,Nuit avec éclairage allumé,En agglomération,Hors intersection,Normale,Deux véhicules - arrière,,,,,,,,,,,5,2,1,1,2
200800038740,0008-07-30 23:45:00,8,7,30,23,45,140,437,"0, ECHANGEUR N° 16 ( PAY",,,Nuit sans éclairage public,En agglomération,Hors intersection,Normale,Deux véhicules - arrière,,,,,,,,,,,3,2,1,1,2
200800038741,0008-07-30 23:50:00,8,7,30,23,50,140,118,ETERVILLE (ECHANGEUR N°1,,,Nuit avec éclairage allumé,En agglomération,Hors intersection,Normale,Autre collision,,,,,,,,,,,5,2,1,1,6
200800038742,0008-07-01 13:15:00,8,7,1,13,15,140,117,"1, PLATANES (AVENUE DES)",,,Plein jour,En agglomération,Hors intersection,Normale,Autre collision,,,,,,,,,,,1,2,1,1,6
200800038743,0008-07-27 07:50:00,8,7,27,7,50,140,338,"21, ALLIES (AVENUE DES)",,,Plein jour,En agglomération,Intersection en X,Normale,Deux véhicules - côté,,,,,,,,,,,1,2,2,1,3
200800038744,0008-07-10 14:30:00,8,7,10,14,30,140,366,"80, FOURNET (RUE)",,,Plein jour,En agglomération,Hors intersection,Pluie forte,Deux véhicules - frontale,,,,,,,,,,,1,2,1,3,1
200800038745,0008-07-12 04:30:00,8,7,12,4,30,140,366,"82, SIX JUIN (AVENUE DU)",,,Nuit avec éclairage allumé,En agglomération,Hors intersection,Normale,Deux véhicules - côté,,,,,,,,,,,5,2,1,1,3
200800038746,0008-07-22 14:50:00,8,7,22,14,50,140,574,DIVES (D.45 route de),,,Plein jour,Hors agglomération,Hors intersection,Normale,Deux véhicules - frontale,,,,,,,,,,,1,1,1,1,1
200800038747,0008-07-29 15:20:00,8,7,29,15,20,140,366,"141, HENRY CHERON (RUE)",,,Plein jour,En agglomération,Intersection en T,Normale,Autre collision,,,,,,,,,,,1,2,3,1,6
200800038748,0008-07-04 07:20:00,8,7,4,7,20,140,79,CROIX FERREY (CHEMIN DE,,,Plein jour,Hors agglomération,Intersection en X,Normale,Deux véhicules - côté,,,,,,,,,,,1,1,2,1,3
200800038749,0008-07-25 19:00:00,8,7,25,19,0,140,220,GONTAUT-BIRON (RUE),,,Plein jour,En agglomération,Intersection en X,Pluie légère,Deux véhicules - côté,,,,,,,,,,,1,2,2,2,3
200800038750,0008-07-10 18:15:00,8,7,10,18,15,150,14,"28, PRADES (AVENUE DES)",,,Plein jour,En agglomération,Intersection en X,Normale,Deux véhicules - côté,,,,,,,,,,,1,2,2,1,3
200800038751,0008-07-18 12:00:00,8,7,18,12,0,150,14,LA CONDAMINE (LIEU DIT -,,,Plein jour,Hors agglomération,Intersection en T,Normale,Deux véhicules - côté,,,,,,,,,,,1,1,3,1,3
200800038752,0008-07-05 15:50:00,8,7,5,15,50,160,15,"197, SAINTES (RUE DE)",,,Plein jour,En agglomération,Hors intersection,Normale,Autre collision,,,,,,,,,,,1,2,1,1,6
200800038753,0008-07-12 21:35:00,8,7,12,21,35,160,15,BELLEGARDE (RUE DE),,,Crépuscule ou aube,En agglomération,Intersection à plus de 4 branches,Normale,Deux véhicules - côté,,,,,,,,,,,2,2,5,1,3
200800038754,0008-07-16 18:30:00,8,7,16,18,30,160,374,DE GAULLE (AVENUE DU GEN,,,Plein jour,En agglomération,Intersection en T,Normale,Trois véhicules et plus - collisions multiples,,,,,,,,,,,1,2,3,1,5
200800038755,0008-07-19 08:15:00,8,7,19,8,15,160,358,RN 10 (DEVIATION DE LA),,,Plein jour,Hors agglomération,Hors intersection,Normale,Autre collision,,,,,,,,,,,1,1,1,1,6
200800038756,0008-07-10 03:36:00,8,7,10,3,36,160,102,"1, RICHONNE (RUE DE LA)",,,Nuit avec éclairage allumé,En agglomération,Hors intersection,Normale,Sans collision,,,,,,,,,,,5,2,1,1,7
200800038757,0008-07-04 13:00:00,8,7,4,13,0,170,299,"172990368, VIADUC DE ROC",,,Plein jour,Hors agglomération,Hors intersection,Normale,Sans collision,,,,,,,,,,,1,1,1,1,7
200800038758,0008-07-11 15:05:00,8,7,11,15,5,170,299,"172990005, AJONCS RUE DE",,,Plein jour,En agglomération,Hors intersection,Normale,Autre collision,,,,,,,,,,,1,2,1,1,6
200800038759,0008-07-19 11:00:00,8,7,19,11,0,170,299,"172990226, LOTI RUE PIER",,,Plein jour,En agglomération,Intersection en T,Normale,Deux véhicules - côté,,,,,,,,,,,1,2,3,1,3
200800038760,0008-07-21 12:05:00,8,7,21,12,5,170,299,"172990156, FRANCE RUE AN",,,Plein jour,En agglomération,Intersection en T,Normale,Deux véhicules - frontale,,,,,,,,,,,1,2,3,1,1
200800038761,0008-07-23 15:45:00,8,7,23,15,45,170,299,"172990166, GAMBETTA RUE",,,Plein jour,En agglomération,Hors intersection,Normale,Sans collision,,,,,,,,,,,1,2,1,1,7
200800038762,0008-07-29 15:30:00,8,7,29,15,30,170,299,"172990024, BACHELARD AVE",,,Plein jour,En agglomération,Intersection en X,Normale,Deux véhicules - arrière,,,,,,,,,,,1,2,2,1,2
200800038763,0008-07-30 20:50:00,8,7,30,20,50,170,299,"172990024, BACHELARD AVE",,,Plein jour,En agglomération,Intersection en X,Normale,Deux véhicules - côté,,,,,,,,,,,1,2,2,1,3
200800038764,0008-07-03 07:28:00,8,7,3,7,28,170,300,"160, LACROIX   RUE MARIU",,,Plein jour,En agglomération,Hors intersection,Normale,Deux véhicules - arrière,,,,,,,,,,,1,2,1,1,2
200800038765,0008-07-03 09:26:00,8,7,3,9,26,170,28,D 939,,,Plein jour,Hors agglomération,Hors intersection,Normale,Deux véhicules - arrière,,,,,,,,,,,1,1,1,1,2
200800038766,0008-07-03 10:00:00,8,7,3,10,0,170,300,BILLAUD-VARENNE   AVENUE,,,Plein jour,En agglomération,Hors intersection,Normale,Sans collision,,,,,,,,,,,1,2,1,1,7
200800038767,0008-07-03 16:55:00,8,7,3,16,55,170,300,DELMAS   AVENUE MAURICE,,,Plein jour,En agglomération,Hors intersection,Normale,Deux véhicules - arrière,,,,,,,,,,,1,2,1,1,2
200800038768,0008-07-04 17:10:00,8,7,4,17,10,170,300,"87, LACROIX   RUE MARIUS",,,Plein jour,En agglomération,Hors intersection,Normale,Deux véhicules - arrière,,,,,,,,,,,1,2,1,1,2
200800038769,0008-07-05 14:55:00,8,7,5,14,55,170,300,33 PK RN11 NANTES ROCADE,,,Plein jour,Hors agglomération,Autre intersection,Normale,Deux véhicules - côté,,,,,,,,,,,1,1,9,1,3
200800038770,0008-07-05 23:00:00,8,7,5,23,0,170,300,BRIGANTINE   RUE DE LA,,,Nuit sans éclairage public,En agglomération,Intersection en X,Normale,Deux véhicules - côté,,,,,,,,,,,3,2,2,1,3
200800038771,0008-07-09 08:30:00,8,7,9,8,30,170,28,D 939,,,Plein jour,En agglomération,Intersection en X,Normale,Deux véhicules - côté,,,,,,,,,,,1,2,2,1,3
200800038772,0008-07-11 11:00:00,8,7,11,11,0,170,300,33 PK RN11 ROCADE NANTES,,,Plein jour,Hors agglomération,Intersection en T,Normale,Trois véhicules et plus - collisions multiples,,,,,,,,,,,1,1,3,1,5
200800038773,0008-07-11 14:30:00,8,7,11,14,30,170,200,HUIT MAI 1945   AVENUE D,,,Plein jour,En agglomération,Autre intersection,Normale,Deux véhicules - côté,,,,,,,,,,,1,2,9,1,3
200800038774,0008-07-12 13:42:00,8,7,12,13,42,170,300,"24, COGNEHORS   BOULEVAR",,,Plein jour,En agglomération,Hors intersection,Normale,Deux véhicules - arrière,,,,,,,,,,,1,2,1,1,2
200800038775,0008-07-13 19:11:00,8,7,13,19,11,170,300,GERANIUMS   RUE DES,,,Plein jour,En agglomération,Hors intersection,Normale,Deux véhicules - arrière,,,,,,,,,,,1,2,1,1,2
200800038776,0008-07-14 21:15:00,8,7,14,21,15,170,300,AUBIGNE   RUE AGRIPPA D',,,Plein jour,En agglomération,Hors intersection,Normale,Deux véhicules - frontale,,,,,,,,,,,1,2,1,1,1
200800038777,0008-07-16 17:00:00,8,7,16,17,0,170,300,"298, GUITON   AVENUE JEA",,,Plein jour,En agglomération,Hors intersection,Normale,Deux véhicules - côté,,,,,,,,,,,1,2,1,1,3
200800038778,0008-07-18 13:55:00,8,7,18,13,55,170,274,PASCAL   RUE BLAISE,,,Plein jour,En agglomération,Hors intersection,Normale,Sans collision,,,,,,,,,,,1,2,1,1,7
200800038779,0008-07-18 14:18:00,8,7,18,14,18,170,300,DAHOMEY   RUE DU,,,Plein jour,En agglomération,Autre intersection,Normale,Deux véhicules - côté,,,,,,,,,,,1,2,9,1,3