accident_id,datetime,annee,mois,jour,heure,minute,departement,commune_insee,adresse,latitude,longitude,luminosite,agglomeration,intersection,meteo,collision,nb_vehicules,nb_usagers,nb_indemnes,nb_tues,nb_blesses_hosp,nb_blesses_legers,age_cond_1,age_cond_2,veh_type_cond_1,veh_type_cond_2,lum_code,agg_code,int_code,atm_code,col_code
200800039313,0008-07-13 15:45:00,8,7,13,15,45,340,32,"NR, RHIN ET DANUBE (AV.)",,,Plein jour,En agglomération,Intersection en X,Normale,Deux véhicules - côté,,,,,,,,,,,1,2,2,1,3
200800039314,0008-07-13 22:55:00,8,7,13,22,55,340,336,ROUTE DEPARTEMENTALE 612,43.323,3.45699,Nuit sans éclairage public,Hors agglomération,Hors intersection,Normale,Sans collision,,,,,,,,,,,3,1,1,1,7
200800039315,0008-07-15 22:30:00,8,7,15,22,30,340,336,"NR, MEDITERRANEE (ROND P",43.32,3.45699,Nuit avec éclairage allumé,Hors agglomération,Giratoire,Normale,Sans collision,,,,,,,,,,,5,1,6,1,7
200800039316,0008-07-16 14:00:00,8,7,16,14,0,340,32,"NR, LIBERTE (BD DE LA)",43.33,3.45699,Plein jour,En agglomération,Intersection en Y,Normale,Deux véhicules - arrière,,,,,,,,,,,1,2,4,1,2
200800039317,0008-07-16 19:00:00,8,7,16,19,0,340,32,"62, MOULIN JEAN (AV)",,,Plein jour,En agglomération,Intersection en X,Normale,Deux véhicules - côté,,,,,,,,,,,1,2,2,1,3
200800039318,0008-07-17 08:45:00,8,7,17,8,45,340,32,"nr, CLAIRAC (DOMAINE DE)",,,Plein jour,Hors agglomération,Hors intersection,Normale,Sans collision,,,,,,,,,,,1,1,1,1,7
200800039319,0008-07-17 10:35:00,8,7,17,10,35,340,32,NARBONNE (ROUTE DE),,,Plein jour,Hors agglomération,Hors intersection,Normale,Deux véhicules - arrière,,,,,,,,,,,1,1,1,1,2
200800039320,0008-07-19 17:05:00,8,7,19,17,5,340,32,ROUTE DEPARTEMENTALE  61,,,Plein jour,Hors agglomération,Hors intersection,Normale,Deux véhicules - arrière,,,,,,,,,,,1,1,1,1,2
200800039321,0008-07-20 22:00:00,8,7,20,22,0,340,32,"49, WILSON PRESIDENT (AV",,,Nuit sans éclairage public,En agglomération,Hors intersection,Normale,Deux véhicules - arrière,,,,,,,,,,,3,2,1,1,2
200800039322,0008-07-21 14:15:00,8,7,21,14,15,340,32,RN.113 - 9 (BEZIERS-PEZE,,,Plein jour,Hors agglomération,Hors intersection,Normale,Sans collision,,,,,,,,,,,1,1,1,1,7
200800039323,0008-07-21 19:35:00,8,7,21,19,35,340,32,RN.113 - 9 (BEZIERS-PEZE,,,Plein jour,Hors agglomération,Hors intersection,Normale,Deux véhicules - frontale,,,,,,,,,,,1,1,1,1,1
200800039324,0008-07-23 11:00:00,8,7,23,11,0,340,32,"NR, KLEBER JEAN BAPTISTE",43.34,3.45699,Plein jour,En agglomération,Intersection en T,Normale,Deux véhicules - arrière,,,,,,,,,,,1,2,3,1,2
200800039325,0008-07-25 12:00:00,8,7,25,12,0,340,32,NICOLLE CHARLES (RUE),,,Plein jour,En agglomération,Hors intersection,Normale,Sans collision,,,,,,,,,,,1,2,1,1,7
200800039326,0008-07-26 12:35:00,8,7,26,12,35,340,32,ROUTE DE VILLENEUVE (RD6,,,Plein jour,Hors agglomération,Intersection en X,Normale,Deux véhicules - arrière,,,,,,,,,,,1,1,2,1,2
200800039327,0008-07-27 10:15:00,8,7,27,10,15,340,32,INTERMARCHE ROUTE D'AGDE,,,Plein jour,En agglomération,Hors intersection,Normale,Deux véhicules - arrière,,,,,,,,,,,1,2,1,1,2
200800039328,0008-07-29 10:00:00,8,7,29,10,0,340,32,"NR, MISTRAL FREDERIC (BD",,,Plein jour,En agglomération,Intersection en X,Normale,Sans collision,,,,,,,,,,,1,2,2,1,7
200800039329,0008-07-29 17:40:00,8,7,29,17,40,340,32,HOURS (TUNNEL DE L'),,,Plein jour,En agglomération,Hors intersection,Normale,Deux véhicules - frontale,,,,,,,,,,,1,2,1,1,1
200800039330,0008-07-01 22:20:00,8,7,1,22,20,340,129,PALAVAS D986 (ROUTE DE),,,Nuit sans éclairage public,Hors agglomération,Hors intersection,Normale,Trois véhicules et plus - collisions multiples,,,,,,,,,,,3,1,1,1,5
200800039331,0008-07-02 18:31:00,8,7,2,18,31,340,198,"17, MONTPELLIER (AVENUE",43.56856,3.94712,Plein jour,En agglomération,Hors intersection,Normale,Deux véhicules - frontale,,,,,,,,,,,1,2,1,1,1
200800039332,0008-07-02 14:00:00,8,7,2,14,0,340,172,"1796, POMPIGNANE (AVENUE",,,Plein jour,En agglomération,Hors intersection,Normale,Deux véhicules - arrière,,,,,,,,,,,1,2,1,1,2
200800039333,0008-07-03 11:37:00,8,7,3,11,37,340,172,"sans, GANGES (ROUTE DE",43.62896,3.85716,Plein jour,En agglomération,Hors intersection,Normale,Deux véhicules - côté,,,,,,,,,,,1,2,1,1,3
200800039334,0008-07-05 20:40:00,8,7,5,20,40,340,172,"0, MENDES FRANCE (AVENUE",,,Plein jour,En agglomération,Hors intersection,Normale,Sans collision,,,,,,,,,,,1,2,1,1,7
200800039335,0008-07-04 19:30:00,8,7,4,19,30,340,172,"155, NOUVEAU MONDE (ALLE",43.60733,3.88776,Plein jour,En agglomération,Hors intersection,Normale,Sans collision,,,,,,,,,,,1,2,1,1,7
200800039336,0008-07-06 17:50:00,8,7,6,17,50,340,172,"., LYRE (ROND-POINT DE L",43.64119,3.84747,Plein jour,En agglomération,Giratoire,Temps couvert,Deux véhicules - arrière,,,,,,,,,,,1,2,6,8,2
200800039337,0008-07-08 16:50:00,8,7,8,16,50,340,172,LIBERTE (AVENUE DE LA,43.6106,3.83268,Plein jour,En agglomération,Hors intersection,Normale,Deux véhicules - arrière,,,,,,,,,,,1,2,1,1,2
200800039338,0008-07-06 11:35:00,8,7,6,11,35,340,129,"0, ARCANTAIRE (ROND POIN",43.5716,3.91502,Plein jour,En agglomération,Giratoire,Normale,Deux véhicules - côté,,,,,,,,,,,1,2,6,1,3
200800039339,0008-07-07 20:45:00,8,7,7,20,45,340,172,ANTONELLI (AVENUE DU PRO,,,Plein jour,En agglomération,Hors intersection,Normale,Autre collision,,,,,,,,,,,1,2,1,1,6
200800039340,0008-07-09 12:25:00,8,7,9,12,25,340,172,"sans, GRANIER (ROND POIN",43.60168,3.90116,Plein jour,En agglomération,Hors intersection,Normale,Deux véhicules - côté,,,,,,,,,,,1,2,1,1,3
200800039341,0008-07-09 21:34:00,8,7,9,21,34,340,172,"sans, LAURAGAIS (AVENUE",43.63231,3.82232,Crépuscule ou aube,En agglomération,Intersection en T,Normale,Autre collision,,,,,,,,,,,2,2,3,1,6
200800039342,0008-07-10 02:09:00,8,7,10,2,9,340,129,"SANS, PALAVAS D986 (ROUT",43.58804,3.89478,Nuit sans éclairage public,Hors agglomération,Hors intersection,Normale,Sans collision,,,,,,,,,,,3,1,1,1,7
200800039343,0008-07-07 11:25:00,8,7,7,11,25,340,172,"0, COMTE (RUE AUGUSTE)",43.60941,3.86696,Plein jour,En agglomération,Intersection en X,Normale,Deux véhicules - côté,,,,,,,,,,,1,2,2,1,3
200800039344,0008-07-12 02:10:00,8,7,12,2,10,340,198,D66  VOIE RAPIDE,43.55936,3.96301,Nuit sans éclairage public,Hors agglomération,Hors intersection,Normale,Deux véhicules - côté,,,,,,,,,,,3,1,1,1,3
200800039345,0008-07-11 19:00:00,8,7,11,19,0,340,172,"0, BOLOGNE (RUE DE)",43.63108,3.82102,Plein jour,En agglomération,Hors intersection,Normale,Sans collision,,,,,,,,,,,1,2,1,1,7
200800039346,0008-07-13 12:00:00,8,7,13,12,0,340,172,"52, FAUBOURG FIGUEROLLES",43.60661,3.86527,Plein jour,En agglomération,Hors intersection,Normale,Sans collision,,,,,,,,,,,1,2,1,1,7
200800039347,0008-07-14 16:30:00,8,7,14,16,30,340,198,D66  VOIE RAPIDE,,,Plein jour,Hors agglomération,Hors intersection,Normale,Sans collision,,,,,,,,,,,1,1,1,1,7
200800039348,0008-07-14 20:51:00,8,7,14,20,51,340,172,"sans, RIMBAUD (RUE PAUL)",,,Crépuscule ou aube,En agglomération,Intersection en X,Normale,Deux véhicules - côté,,,,,,,,,,,2,2,2,1,3
200800039349,0008-07-15 07:20:00,8,7,15,7,20,340,172,"sans, BLAYAC (RUE DU PRO",43.62531,3.82591,Crépuscule ou aube,En agglomération,Hors intersection,Normale,Trois véhicules et plus - collisions multiples,,,,,,,,,,,2,2,1,1,5
200800039350,0008-07-15 10:00:00,8,7,15,10,0,340,172,"sans, ETATS DU LANGUEDOC",,,Plein jour,En agglomération,Hors intersection,Normale,Autre collision,,,,,,,,,,,1,2,1,1,6
200800039351,0008-07-15 18:20:00,8,7,15,18,20,340,172,GIRAUD (AVENUE DU DOYEN,,,Plein jour,En agglomération,Hors intersection,Normale,Deux véhicules - côté,,,,,,,,,,,1,2,1,1,3
200800039352,0008-07-17 18:00:00,8,7,17,18,0,340,172,"320, AURIOL (AVENUE VINC",43.64342,3.84955,Plein jour,En agglomération,Hors intersection,Normale,Deux véhicules - arrière,,,,,,,,,,,1,2,1,1,2
200800039353,0008-07-18 08:10:00,8,7,18,8,10,340,129,"0, D172",43.57544,3.92488,Plein jour,Hors agglomération,Hors intersection,Normale,Trois véhicules et plus - en chaîne,,,,,,,,,,,1,1,1,1,4
200800039354,0008-07-18 14:18:00,8,7,18,14,18,340,172,COMEDIE (TUNNEL DE LA),43.60728,3.87857,Plein jour,En agglomération,Intersection en Y,Normale,Autre collision,,,,,,,,,,,1,2,4,1,6
200800039355,0008-07-18 13:28:00,8,7,18,13,28,340,198,ENTREPOTS (ALLEE DES),43.57265,3.93915,Plein jour,En agglomération,Intersection en X,Normale,Trois véhicules et plus - collisions multiples,,,,,,,,,,,1,2,2,1,5
200800039356,0008-07-18 18:50:00,8,7,18,18,50,340,172,"73, STRASBOURG (BOULEVAR",43.60331,3.88675,Plein jour,En agglomération,Hors intersection,Normale,Deux véhicules - côté,,,,,,,,,,,1,2,1,1,3
200800039357,0008-07-18 12:13:00,8,7,18,12,13,340,172,"0, TELEMAQUE (BOULEVARD)",43.60329,3.92402,Plein jour,En agglomération,Hors intersection,Normale,Deux véhicules - frontale,,,,,,,,,,,1,2,1,1,1
200800039358,0008-07-19 12:55:00,8,7,19,12,55,340,172,"8, ABRIVADO (RUE DE L')",43.58947,3.88885,Plein jour,En agglomération,Hors intersection,Normale,Autre collision,,,,,,,,,,,1,2,1,1,6
200800039359,0008-07-19 16:50:00,8,7,19,16,50,340,198,"sans, D172",43.57713,3.93306,Plein jour,Hors agglomération,Intersection en T,Normale,Deux véhicules - côté,,,,,,,,,,,1,1,3,1,3
200800039360,0008-07-21 08:15:00,8,7,21,8,15,340,172,"., PONT JUVENAL (AVENUE",43.60593,3.894,Plein jour,En agglomération,Intersection en T,Normale,Deux véhicules - frontale,,,,,,,,,,,1,2,3,1,1
200800039361,0008-07-22 00:29:00,8,7,22,0,29,340,172,"6, MICHELET (RUE)",,,Nuit avec éclairage allumé,En agglomération,Hors intersection,Normale,Deux véhicules - arrière,,,,,,,,,,,5,2,1,1,2
200800039362,0008-07-22 04:50:00,8,7,22,4,50,340,172,PAVELET (AVENUE DU COLON,43.5801,3.86887,Nuit avec éclairage allumé,En agglomération,Intersection en X,Normale,Deux véhicules - frontale,,,,,,,,,,,5,2,2,1,1
200800039363,0008-07-23 16:05:00,8,7,23,16,5,340,172,"5, SAINT PIERRE (RUE)",43.61256,3.87485,Plein jour,En agglomération,Hors intersection,Normale,Sans collision,,,,,,,,,,,1,2,1,1,7
200800039364,0008-07-26 11:15:00,8,7,26,11,15,340,172,ARGELLIERS MAS,43.58343,3.88745,Plein jour,En agglomération,Intersection en T,Normale,Deux véhicules - frontale,,,,,,,,,,,1,2,3,1,1
200800039365,0008-07-27 09:50:00,8,7,27,9,50,340,172,"sans, LAVERUNE (ROUTE DE",43.60106,3.85023,Plein jour,En agglomération,Intersection en T,Normale,Autre collision,,,,,,,,,,,1,2,3,1,6
200800039366,0008-07-28 03:57:00,8,7,28,3,57,340,172,"sans, MENDES FRANCE (AVE",43.61006,3.90281,Nuit avec éclairage allumé,En agglomération,Hors intersection,Normale,Deux véhicules - arrière,,,,,,,,,,,5,2,1,1,2
200800039367,0008-07-28 18:10:00,8,7,28,18,10,340,172,"37, SAINT LAZARE (AVENUE",43.62489,3.88928,Plein jour,Hors agglomération,Hors intersection,Normale,Sans collision,,,,,,,,,,,1,1,1,1,7
200800039368,0008-07-29 13:45:00,8,7,29,13,45,340,172,"28, GAMBETTA",43.6071,3.87103,Plein jour,En agglomération,Hors intersection,Normale,Deux véhicules - côté,,,,,,,,,,,1,2,1,1,3
200800039369,0008-07-29 14:45:00,8,7,29,14,45,340,172,"0, GANGES (ROUTE DE",43.63408,3.84995,Plein jour,En agglomération,Hors intersection,Normale,Deux véhicules - arrière,,,,,,,,,,,1,2,1,1,2
200800039370,0008-07-28 13:40:00,8,7,28,13,40,340,172,"0, MER (AVENUE DE LA)",43.59116,3.90826,Plein jour,Hors agglomération,Hors intersection,Normale,Trois véhicules et plus - en chaîne,,,,,,,,,,,1,1,1,1,4
200800039371,0008-07-30 17:54:00,8,7,30,17,54,340,172,ASSAS (AVENUE D'),43.61321,3.8673,Plein jour,En agglomération,Intersection en X,Normale,Deux véhicules - côté,,,,,,,,,,,1,2,2,1,3
200800039372,0008-07-01 13:40:00,8,7,1,13,40,340,301,", BENOIT LUCIEN PASTEUR",,,Plein jour,En agglomération,Hors intersection,Normale,Autre collision,,,,,,,,,,,1,2,1,1,6
200800039373,0008-07-04 14:00:00,8,7,4,14,0,340,301,"aucun, RD 612",,,Plein jour,Hors agglomération,Hors intersection,Normale,Deux véhicules - arrière,,,,,,,,,,,1,1,1,1,2
200800039374,0008-07-10 07:50:00,8,7,10,7,50,340,301,"aucun, MARTELLI GILBERT",,,Plein jour,En agglomération,Giratoire,Normale,Deux véhicules - côté,,,,,,,,,,,1,2,6,1,3
200800039375,0008-07-10 10:00:00,8,7,10,10,0,340,108,"10, VIGNERONS (AVENUE DE",,,Plein jour,En agglomération,Hors intersection,Temps éblouissant,Deux véhicules - arrière,,,,,,,,,,,1,2,1,7,2
200800039376,0008-07-12 03:50:00,8,7,12,3,50,340,108,"aucun, RD 612",,,Nuit sans éclairage public,Hors agglomération,Hors intersection,Pluie légère,Deux véhicules - frontale,,,,,,,,,,,3,1,1,2,1
200800039377,0008-07-18 17:20:00,8,7,18,17,20,340,301,EAUX BLANCHES (ZONE INDU,,,Plein jour,En agglomération,Hors intersection,Normale,Deux véhicules - arrière,,,,,,,,,,,1,2,1,1,2
200800039378,0008-07-18 09:15:00,8,7,18,9,15,340,108,"11, MAL JUIN (AVENUE DU)",,,Plein jour,En agglomération,Hors intersection,Normale,Deux véhicules - côté,,,,,,,,,,,1,2,1,1,3
200800039379,0008-07-23 19:05:00,8,7,23,19,5,340,108,"AUCUN, RHIN ET DANUBE (A",,,Plein jour,En agglomération,Intersection en T,Normale,Deux véhicules - côté,,,,,,,,,,,1,2,3,1,3
200800039380,0008-07-27 19:05:00,8,7,27,19,5,340,108,"AUCUN, AVENUE DES ETANGS",,,Plein jour,Hors agglomération,Hors intersection,Normale,Deux véhicules - côté,,,,,,,,,,,1,1,1,1,3
200800039381,0008-07-16 14:05:00,8,7,16,14,5,350,115,"16, VERRERIE (AVENUE DE",,,Plein jour,En agglomération,Hors intersection,Normale,Deux véhicules - arrière,,,,,,,,,,,1,2,1,1,2
200800039382,0008-07-01 08:25:00,8,7,1,8,25,350,238,"00, GARE (PLACE DE LA)",,,Plein jour,En agglomération,Place,Normale,Deux véhicules - côté,,,,,,,,,,,1,2,7,1,3
200800039383,0008-07-01 15:10:00,8,7,1,15,10,350,238,"19, RETARDAIS (DE LA)",,,Plein jour,Hors agglomération,Hors intersection,Normale,Deux véhicules - côté,,,,,,,,,,,1,1,1,1,3
200800039384,0008-07-02 17:35:00,8,7,2,17,35,350,238,"19, MOINE (LOUIS ET RENE",,,Plein jour,En agglomération,Hors intersection,Normale,Autre collision,,,,,,,,,,,1,2,1,1,6
200800039385,0008-07-02 09:00:00,8,7,2,9,0,350,281,"00, PERI (RUE ET RESIDEN",,,Plein jour,En agglomération,Autre intersection,Normale,Autre collision,,,,,,,,,,,1,2,9,1,6
200800039386,0008-07-03 07:05:00,8,7,3,7,5,350,281,"00, DODIN (AVENUE ROGER)",,,Plein jour,En agglomération,Giratoire,Normale,Autre collision,,,,,,,,,,,1,2,6,1,6
200800039387,0008-07-03 15:20:00,8,7,3,15,20,350,238,"103, METZ (BD DE)",,,Plein jour,En agglomération,Hors intersection,Normale,Sans collision,,,,,,,,,,,1,2,1,1,7
200800039388,0008-07-03 16:55:00,8,7,3,16,55,350,238,"159, LORIENT (DE)",,,Plein jour,En agglomération,Hors intersection,Normale,Deux véhicules - côté,,,,,,,,,,,1,2,1,1,3
200800039389,0008-07-04 07:00:00,8,7,4,7,0,350,238,"03, ARTS (DES)",,,Plein jour,En agglomération,Hors intersection,Normale,Sans collision,,,,,,,,,,,1,2,1,1,7
200800039390,0008-07-04 12:35:00,8,7,4,12,35,350,238,"87, GRIMAULT (BD LEON)",,,Plein jour,En agglomération,Autre intersection,Normale,Autre collision,,,,,,,,,,,1,2,9,1,6
200800039391,0008-07-04 20:10:00,8,7,4,20,10,350,238,"00, PORTE DE NANTES",,,Plein jour,Hors agglomération,Autre intersection,Normale,Autre collision,,,,,,,,,,,1,1,9,1,6
200800039392,0008-07-06 17:15:00,8,7,6,17,15,350,238,"00, PORTE DE ST MALO",,,Plein jour,Hors agglomération,Autre intersection,Normale,Sans collision,,,,,,,,,,,1,1,9,1,7
200800039393,0008-07-08 17:30:00,8,7,8,17,30,350,238,"00, REPUBLIQUE (PLACE DE",,,Plein jour,En agglomération,Place,Normale,Autre collision,,,,,,,,,,,1,2,7,1,6
200800039394,0008-07-09 18:45:00,8,7,9,18,45,350,238,"00, LAMENNAIS (QUAI)",,,Plein jour,En agglomération,Hors intersection,Normale,Autre collision,,,,,,,,,,,1,2,1,1,6
200800039395,0008-07-11 16:15:00,8,7,11,16,15,350,281,"00, POLLES (RUE HENRI)",,,Plein jour,En agglomération,Hors intersection,Normale,Autre collision,,,,,,,,,,,1,2,1,1,6
200800039396,0008-07-11 18:10:00,8,7,11,18,10,350,55,"00, RD 463",,,Plein jour,Hors agglomération,Hors intersection,Normale,Autre collision,,,,,,,,,,,1,1,1,1,6
200800039397,0008-07-12 08:40:00,8,7,12,8,40,350,238,"00, PORTE DE CLEUNAY",,,Plein jour,Hors agglomération,Hors intersection,Temps couvert,Deux véhicules - côté,,,,,,,,,,,1,1,1,8,3
200800039398,0008-07-12 12:45:00,8,7,12,12,45,350,238,"00, EUDES (PLACE SAINT-J",,,Plein jour,En agglomération,Hors intersection,Normale,Autre collision,,,,,,,,,,,1,2,1,1,6
200800039399,0008-07-13 22:15:00,8,7,13,22,15,350,238,"00, TRAVERS (SQUARE GEOR",,,Crépuscule ou aube,En agglomération,Hors intersection,Normale,Sans collision,,,,,,,,,,,2,2,1,1,7
200800039400,0008-07-14 13:20:00,8,7,14,13,20,350,238,"00, PORTE DE ST MALO",,,Plein jour,Hors agglomération,Hors intersection,Normale,Autre collision,,,,,,,,,,,1,1,1,1,6
200800039401,0008-07-14 20:50:00,8,7,14,20,50,350,238,"00, VANEAU",,,Plein jour,En agglomération,Intersection en X,Normale,Deux véhicules - côté,,,,,,,,,,,1,2,2,1,3
200800039402,0008-07-15 19:48:00,8,7,15,19,48,350,238,"00, JOUBIN (LOUIS)",,,Plein jour,En agglomération,Hors intersection,Normale,Autre collision,,,,,,,,,,,1,2,1,1,6
200800039403,0008-07-16 22:20:00,8,7,16,22,20,350,238,"00, GAYEULLES (AVENUE DE",,,Nuit avec éclairage allumé,En agglomération,Hors intersection,Normale,Autre collision,,,,,,,,,,,5,2,1,1,6
200800039404,0008-07-17 12:15:00,8,7,17,12,15,350,238,"00, FREVILLE (AVENUE HEN",,,Plein jour,En agglomération,Intersection en X,Normale,Deux véhicules - côté,,,,,,,,,,,1,2,2,1,3
200800039405,0008-07-17 13:00:00,8,7,17,13,0,350,238,"00, NANTES (DE)",,,Plein jour,En agglomération,Hors intersection,Normale,Sans collision,,,,,,,,,,,1,2,1,1,7
200800039406,0008-07-17 14:35:00,8,7,17,14,35,350,238,"00, PORTE DE CLEUNAY",,,Plein jour,Hors agglomération,Hors intersection,Normale,Sans collision,,,,,,,,,,,1,1,1,1,7
200800039407,0008-07-20 03:20:00,8,7,20,3,20,350,278,"00, ROUTE DE SAINT-MALO",,,Nuit avec éclairage allumé,En agglomération,Giratoire,Normale,Autre collision,,,,,,,,,,,5,2,6,1,6
200800039408,0008-07-20 08:15:00,8,7,20,8,15,350,238,"00, PSICHARI (ERNEST)",,,Plein jour,En agglomération,Hors intersection,Normale,Autre collision,,,,,,,,,,,1,2,1,1,6
200800039409,0008-07-21 10:00:00,8,7,21,10,0,350,238,"00, SAINTE-FOIX (LIEU-DI",,,Plein jour,Hors agglomération,Giratoire,Normale,Deux véhicules - côté,,,,,,,,,,,1,1,6,1,3
200800039410,0008-07-21 18:03:00,8,7,21,18,3,350,238,"00, GUERINAIS (BD DE LA)",,,Plein jour,En agglomération,Autre intersection,Normale,Deux véhicules - côté,,,,,,,,,,,1,2,9,1,3
200800039411,0008-07-22 12:40:00,8,7,22,12,40,350,281,"00, NANTES (RUE DE)",,,Plein jour,En agglomération,Hors intersection,Normale,Sans collision,,,,,,,,,,,1,2,1,1,7
200800039412,0008-07-23 12:20:00,8,7,23,12,20,350,238,"00, POLOGNE (AVENUE DE)",,,Plein jour,En agglomération,Hors intersection,Normale,Deux véhicules - côté,,,,,,,,,,,1,2,1,1,3
200800039413,0008-07-23 13:00:00,8,7,23,13,0,350,278,"00, BROCELIANDE (ROND PO",,,Plein jour,En agglomération,Giratoire,Normale,Autre collision,,,,,,,,,,,1,2,6,1,6
200800039414,0008-07-25 14:30:00,8,7,25,14,30,350,281,"00, AURIOL (JACQUELINE)",,,Plein jour,En agglomération,Intersection en X,Normale,Deux véhicules - côté,,,,,,,,,,,1,2,2,1,3
200800039415,0008-07-25 15:10:00,8,7,25,15,10,350,238,"00, SAINT-MALO (DE) DE 1",,,Plein jour,En agglomération,Autre intersection,Pluie légère,Deux véhicules - côté,,,,,,,,,,,1,2,9,2,3
200800039416,0008-07-25 16:00:00,8,7,25,16,0,350,238,"00, ARMORIQUE (BD D')",,,Plein jour,En agglomération,Hors intersection,Pluie légère,Trois véhicules et plus - en chaîne,,,,,,,,,,,1,2,1,2,4
200800039417,0008-07-29 18:00:00,8,7,29,18,0,350,238,"00, ISLY (RUE D')",,,Plein jour,En agglomération,Hors intersection,Normale,Deux véhicules - côté,,,,,,,,,,,1,2,1,1,3
200800039418,0008-07-30 16:20:00,8,7,30,16,20,350,238,"00, YSER (BD DE L')",,,Plein jour,En agglomération,Intersection en T,Normale,Deux véhicules - côté,,,,,,,,,,,1,2,3,1,3
200800039419,0008-07-01 18:45:00,8,7,1,18,45,350,288,"97, BRIAND  ARISTIDE (AV",,,Plein jour,En agglomération,Hors intersection,Normale,Autre collision,,,,,,,,,,,1,2,1,1,6
200800039420,0008-07-16 14:48:00,8,7,16,14,48,350,288,"sans, FLAUDAIS (AVENUE D",,,Plein jour,En agglomération,Intersection en T,Normale,Deux véhicules - côté,,,,,,,,,,,1,2,3,1,3
200800039421,0008-07-18 14:50:00,8,7,18,14,50,350,288,"75, BRIAND  ARISTIDE (AV",,,Plein jour,En agglomération,Intersection en T,Normale,Deux véhicules - côté,,,,,,,,,,,1,2,3,1,3
200800039422,0008-07-23 13:10:00,8,7,23,13,10,350,288,"000, LEMARIE HENRI (RUE)",,,Plein jour,En agglomération,Intersection en X,Normale,Deux véhicules - côté,,,,,,,,,,,1,2,2,1,3
200800039423,0008-07-27 18:50:00,8,7,27,18,50,350,288,"000, VILLE ES COURS (RUE",,,Plein jour,En agglomération,Hors intersection,Normale,Autre collision,,,,,,,,,,,1,2,1,1,6
200800039424,0008-07-04 16:55:00,8,7,4,16,55,360,44,"152 BIS, LEMOINE (AV MAR",,,Plein jour,En agglomération,Hors intersection,Normale,Deux véhicules - côté,,,,,,,,,,,1,2,1,1,3
200800039425,0008-07-19 13:00:00,8,7,19,13,0,360,44,"0, MARINS (AV DES)",,,Plein jour,En agglomération,Intersection en X,Normale,Deux véhicules - côté,,,,,,,,,,,1,2,2,1,3
200800039426,0008-07-30 19:40:00,8,7,30,19,40,360,44,PASCAL (BD BLAISE),,,Plein jour,En agglomération,Hors intersection,Normale,Deux véhicules - arrière,,,,,,,,,,,1,2,1,1,2
200800039427,0008-07-03 16:30:00,8,7,3,16,30,360,63,"51, GENERAL DE GAULLE (A",,,Plein jour,En agglomération,Intersection en Y,Normale,Autre collision,,,,,,,,,,,1,2,4,1,6
200800039428,0008-07-04 15:30:00,8,7,4,15,30,360,63,"69, ISSOUDUN (RTE D')",,,Plein jour,En agglomération,Hors intersection,Normale,Deux véhicules - arrière,,,,,,,,,,,1,2,1,1,2
200800039429,0008-07-05 16:36:00,8,7,5,16,36,360,44,"1, VERLAINE (PAUL)",,,Plein jour,En agglomération,Hors intersection,Normale,Deux véhicules - arrière,,,,,,,,,,,1,2,1,1,2
200800039430,0008-07-05 18:16:00,8,7,5,18,16,360,44,"1, PATUREAU FRANCOEUR (",,,Plein jour,En agglomération,Hors intersection,Normale,Sans collision,,,,,,,,,,,1,2,1,1,7
200800039431,0008-07-07 07:37:00,8,7,7,7,37,360,44,"1, COUBERTIN (AV PIERRE",,,Plein jour,En agglomération,Hors intersection,Normale,Sans collision,,,,,,,,,,,1,2,1,1,7
200800039432,0008-07-09 08:06:00,8,7,9,8,6,360,44,RN 20 ALLEE DES MAISONS,,,Plein jour,Hors agglomération,Hors intersection,Normale,Trois véhicules et plus - en chaîne,,,,,,,,,,,1,1,1,1,4
200800039433,0008-07-10 21:45:00,8,7,10,21,45,360,44,"51 BIS, ROLLIN (LEDRU)",,,Crépuscule ou aube,En agglomération,Hors intersection,Normale,Deux véhicules - arrière,,,,,,,,,,,2,2,1,1,2
200800039434,0008-07-11 07:53:00,8,7,11,7,53,360,63,Marcel Dassault (Avenue),,,Plein jour,Hors agglomération,Hors intersection,Normale,Deux véhicules - côté,,,,,,,,,,,1,1,1,1,3
200800039435,0008-07-12 16:18:00,8,7,12,16,18,360,44,"51, CHATRE (AV DE LA) DU",,,Plein jour,En agglomération,Hors intersection,Normale,Autre collision,,,,,,,,,,,1,2,1,1,6
200800039436,0008-07-14 20:30:00,8,7,14,20,30,360,202,"260, TOURS (AVENUE DE)",,,Plein jour,Hors agglomération,Hors intersection,Normale,Deux véhicules - arrière,,,,,,,,,,,1,1,1,1,2
200800039437,0008-07-19 15:11:00,8,7,19,15,11,360,44,LOUVET (AV BERNARD),,,Plein jour,En agglomération,Hors intersection,Normale,Autre collision,,,,,,,,,,,1,2,1,1,6
200800039438,0008-07-20 15:58:00,8,7,20,15,58,360,44,ARGENTON (AV D'),,,Plein jour,En agglomération,Hors intersection,Normale,Autre collision,,,,,,,,,,,1,2,1,1,6
200800039439,0008-07-20 17:17:00,8,7,20,17,17,360,44,"15, BELLIER (JOSEPH)",,,Plein jour,En agglomération,Hors intersection,Normale,Autre collision,,,,,,,,,,,1,2,1,1,6
200800039440,0008-07-21 20:05:00,8,7,21,20,5,360,44,ARGENTON (AV D'),,,Nuit avec éclairage allumé,En agglomération,Hors intersection,Normale,Deux véhicules - côté,,,,,,,,,,,5,2,1,1,3
200800039441,0008-07-22 22:50:00,8,7,22,22,50,360,159,FORET (AVENUE DE LA) R.D,,,Nuit sans éclairage public,En agglomération,Hors intersection,Normale,Autre collision,,,,,,,,,,,3,2,1,1,6
200800039442,0008-07-23 19:48:00,8,7,23,19,48,360,44,"258, CHATRE (AV DE LA) D",,,Plein jour,En agglomération,Hors intersection,Normale,Autre collision,,,,,,,,,,,1,2,1,1,6
200800039443,0008-07-28 19:10:00,8,7,28,19,10,360,44,"42, BLOIS (AV DE)",,,Plein jour,En agglomération,Intersection en T,Normale,Deux véhicules - côté,,,,,,,,,,,1,2,3,1,3