accident_id,datetime,annee,mois,jour,heure,minute,departement,commune_insee,adresse,latitude,longitude,luminosite,agglomeration,intersection,meteo,collision,nb_vehicules,nb_usagers,nb_indemnes,nb_tues,nb_blesses_hosp,nb_blesses_legers,age_cond_1,age_cond_2,veh_type_cond_1,veh_type_cond_2,lum_code,agg_code,int_code,atm_code,col_code
200800039578,0008-07-14 01:30:00,8,7,14,1,30,440,55,"2, OCÉAN ( BOULEVARD DE",,,Nuit avec éclairage allumé,En agglomération,Hors intersection,Normale,Sans collision,,,,,,,,,,,5,2,1,1,7
200800039579,0008-07-13 14:11:00,8,7,13,14,11,440,132,"15 Bis, BONNE SOURCE (AV",,,Plein jour,En agglomération,Hors intersection,Normale,Deux véhicules - frontale,,,,,,,,,,,1,2,1,1,1
200800039580,0008-07-15 15:45:00,8,7,15,15,45,440,55,"22, MERMOZ ( AVENUE JEAN",,,Plein jour,En agglomération,Autre intersection,Normale,Deux véhicules - côté,,,,,,,,,,,1,2,9,1,3
200800039581,0008-07-15 16:40:00,8,7,15,16,40,440,132,"86, OCEANIDES (BOULEVARD",,,Plein jour,En agglomération,Hors intersection,Normale,Autre collision,,,,,,,,,,,1,2,1,1,6
200800039582,0008-07-16 16:44:00,8,7,16,16,44,440,132,"10, PORT (BOULEVARD DU)",,,Plein jour,En agglomération,Hors intersection,Normale,Autre collision,,,,,,,,,,,1,2,1,1,6
200800039583,0008-07-21 03:15:00,8,7,21,3,15,440,132,"23, BONNE SOURCE (AVENUE",,,Nuit avec éclairage allumé,En agglomération,Hors intersection,Normale,Autre collision,,,,,,,,,,,5,2,1,1,6
200800039584,0008-07-23 08:25:00,8,7,23,8,25,440,132,"150, GAULLE (AVENUE DU G",,,Plein jour,En agglomération,Intersection en X,Normale,Autre collision,,,,,,,,,,,1,2,2,1,6
200800039585,0008-07-07 04:00:00,8,7,7,4,0,440,55,"22, CLEMENCEAU ( AVENUE",,,Nuit avec éclairage allumé,En agglomération,Hors intersection,Normale,Autre collision,,,,,,,,,,,5,2,1,1,6
200800039586,0008-07-27 13:00:00,8,7,27,13,0,440,135,"19, LIBÉRATION ( BOULEVA",,,Plein jour,En agglomération,Giratoire,Normale,Sans collision,,,,,,,,,,,1,2,6,1,7
200800039587,0008-07-29 18:00:00,8,7,29,18,0,440,55,"7, HENNECART ( BOULEVARD",,,Plein jour,En agglomération,Hors intersection,Normale,Autre collision,,,,,,,,,,,1,2,1,1,6
200800039588,0008-07-02 09:50:00,8,7,2,9,50,440,143,"135, BRIAND (RUE ARISTID",,,Plein jour,En agglomération,Intersection en T,Pluie légère,Autre collision,,,,,,,,,,,1,2,3,2,6
200800039589,0008-07-02 07:55:00,8,7,2,7,55,440,109,GABORY  ( BD EMILE ),,,Plein jour,En agglomération,Hors intersection,Pluie forte,Autre collision,,,,,,,,,,,1,2,1,3,6
200800039590,0008-07-07 21:50:00,8,7,7,21,50,440,109,BOULEVARD LEON JOUHAUX,,,Crépuscule ou aube,En agglomération,Hors intersection,Pluie légère,Deux véhicules - arrière,,,,,,,,,,,2,2,1,2,2
200800039591,0008-07-07 10:50:00,8,7,7,10,50,440,143,BOUGUENAIS (PTE PERIPH E,,,Plein jour,Hors agglomération,Hors intersection,Pluie forte,Autre collision,,,,,,,,,,,1,1,1,3,6
200800039592,0008-07-04 10:30:00,8,7,4,10,30,440,162,AVENUE CLAUDE BERNARD,,,Plein jour,En agglomération,Intersection en T,Normale,Deux véhicules - côté,,,,,,,,,,,1,2,3,1,3
200800039593,0008-07-04 13:15:00,8,7,4,13,15,440,162,AVENUE DES THEBAUDIERES,,,Plein jour,En agglomération,Giratoire,Temps couvert,Deux véhicules - côté,,,,,,,,,,,1,2,6,8,3
200800039594,0008-07-07 15:45:00,8,7,7,15,45,440,190,ROUTE DE CLISSON,,,Plein jour,En agglomération,Giratoire,Normale,Autre collision,,,,,,,,,,,1,2,6,1,6
200800039595,0008-07-10 18:00:00,8,7,10,18,0,440,109,"3, BOULEVARD LEON JOUHAU",,,Plein jour,En agglomération,Intersection en X,Pluie légère,Autre collision,,,,,,,,,,,1,2,2,2,6
200800039596,0008-07-09 16:00:00,8,7,9,16,0,440,109,"62, ROUTE DE RENNES",,,Plein jour,En agglomération,Hors intersection,Normale,Deux véhicules - côté,,,,,,,,,,,1,2,1,1,3
200800039597,0008-07-12 10:20:00,8,7,12,10,20,440,114,PERIPHERIQUE ROUTIER,,,Plein jour,Hors agglomération,Hors intersection,Temps couvert,Trois véhicules et plus - en chaîne,,,,,,,,,,,1,1,1,8,4
200800039598,0008-07-12 05:55:00,8,7,12,5,55,440,162,QUAI EMILE CORMERAIS,,,Crépuscule ou aube,Hors agglomération,Hors intersection,Normale,Autre collision,,,,,,,,,,,2,1,1,1,6
200800039599,0008-07-05 00:55:00,8,7,5,0,55,440,109,QUAI DE LA FOSSE,,,Nuit avec éclairage allumé,En agglomération,Hors intersection,Normale,Deux véhicules - arrière,,,,,,,,,,,5,2,1,1,2
200800039600,0008-07-13 04:15:00,8,7,13,4,15,440,109,RUE DE STRASBOURG,,,Nuit avec éclairage allumé,En agglomération,Intersection en X,Normale,Deux véhicules - côté,,,,,,,,,,,5,2,2,1,3
200800039601,0008-07-11 17:10:00,8,7,11,17,10,440,162,"., AVENUE DES GRANDS BOI",,,Plein jour,En agglomération,Giratoire,Normale,Deux véhicules - côté,,,,,,,,,,,1,2,6,1,3
200800039602,0008-07-16 11:55:00,8,7,16,11,55,440,109,"., BOULEVARD ALEXANDER F",,,Plein jour,Hors agglomération,Autre intersection,Normale,Deux véhicules - arrière,,,,,,,,,,,1,1,9,1,2
200800039603,0008-07-17 05:40:00,8,7,17,5,40,440,109,PONT DE CHEVIRE,,,Nuit avec éclairage allumé,Hors agglomération,Hors intersection,Normale,Autre collision,,,,,,,,,,,5,1,1,1,6
200800039604,0008-07-19 07:50:00,8,7,19,7,50,440,109,PERIPHERIQUE,,,Plein jour,Hors agglomération,Hors intersection,Normale,Autre collision,,,,,,,,,,,1,1,1,1,6
200800039605,0008-07-18 23:15:00,8,7,18,23,15,440,109,"85, QUAI DE LA FOSSE",,,Nuit avec éclairage allumé,En agglomération,Hors intersection,Normale,Autre collision,,,,,,,,,,,5,2,1,1,6
200800039606,0008-07-18 18:40:00,8,7,18,18,40,440,109,"39, ROUTE DE SAINTE LUCE",,,Plein jour,En agglomération,Hors intersection,Normale,Autre collision,,,,,,,,,,,1,2,1,1,6
200800039607,0008-07-18 18:30:00,8,7,18,18,30,440,109,RUE DES DERVALLIERES,,,Plein jour,Hors agglomération,Intersection en T,Normale,Deux véhicules - côté,,,,,,,,,,,1,1,3,1,3
200800039608,0008-07-21 20:45:00,8,7,21,20,45,440,109,"52, ROUTE DE CLISSON",,,Plein jour,En agglomération,Intersection en X,Normale,Autre collision,,,,,,,,,,,1,2,2,1,6
200800039609,0008-07-03 18:10:00,8,7,3,18,10,440,109,ROUTE DE RENNES,,,Plein jour,En agglomération,Hors intersection,Normale,Deux véhicules - arrière,,,,,,,,,,,1,2,1,1,2
200800039610,0008-07-22 12:30:00,8,7,22,12,30,440,109,"., BOULEVARD LEON BUREAU",,,Plein jour,En agglomération,Hors intersection,Normale,Autre collision,,,,,,,,,,,1,2,1,1,6
200800039611,0008-07-23 19:20:00,8,7,23,19,20,440,109,RUE DE GESVRES,,,Plein jour,Hors agglomération,Hors intersection,Normale,Deux véhicules - arrière,,,,,,,,,,,1,1,1,1,2
200800039612,0008-07-23 17:25:00,8,7,23,17,25,440,109,PERIPHERIQUE,,,Plein jour,Hors agglomération,Hors intersection,Normale,Autre collision,,,,,,,,,,,1,1,1,1,6
200800039613,0008-07-24 08:00:00,8,7,24,8,0,440,143,BASSE ILE (RUE DE LA ),,,Plein jour,En agglomération,Intersection en T,Normale,Autre collision,,,,,,,,,,,1,2,3,1,6
200800039614,0008-07-24 20:00:00,8,7,24,20,0,440,109,"9/11, BOULEVARD DU PETIT",,,Plein jour,En agglomération,Hors intersection,Normale,Autre collision,,,,,,,,,,,1,2,1,1,6
200800039615,0008-07-28 13:40:00,8,7,28,13,40,440,143,"18, RUE CHARLES RIVIERE",,,Plein jour,En agglomération,Hors intersection,Normale,Autre collision,,,,,,,,,,,1,2,1,1,6
200800039616,0008-07-23 13:30:00,8,7,23,13,30,440,109,RUE BERNADETTE,,,Plein jour,En agglomération,Intersection en X,Normale,Autre collision,,,,,,,,,,,1,2,2,1,6
200800039617,0008-07-17 23:20:00,8,7,17,23,20,440,109,PONT DE LA TORTIERE,,,Nuit avec éclairage non allumé,En agglomération,Hors intersection,Normale,Sans collision,,,,,,,,,,,4,2,1,1,7
200800039618,0008-07-30 16:50:00,8,7,30,16,50,440,114,RN 137,,,Plein jour,Hors agglomération,Hors intersection,Normale,Deux véhicules - arrière,,,,,,,,,,,1,1,1,1,2
200800039619,0008-07-27 11:50:00,8,7,27,11,50,440,109,"10, RUE JEAN BAPTISTE DE",,,Plein jour,En agglomération,Hors intersection,Normale,Autre collision,,,,,,,,,,,1,2,1,1,6
200800039620,0008-07-31 10:00:00,8,7,31,10,0,440,109,"00, BOULEVARD GUSTAVE RO",,,Plein jour,En agglomération,Intersection en X,Normale,Deux véhicules - côté,,,,,,,,,,,1,2,2,1,3
200800039621,0008-07-10 14:06:00,8,7,10,14,6,440,184,PRISE D'EAU (AVENUE DE L,,,Plein jour,En agglomération,Intersection en X,Temps couvert,Deux véhicules - arrière,,,,,,,,,,,1,2,2,8,2
200800039622,0008-07-10 16:37:00,8,7,10,16,37,440,184,SUNDERLAND (BOULEVARD DE,,,Plein jour,En agglomération,Hors intersection,Pluie forte,Autre collision,,,,,,,,,,,1,2,1,3,6
200800039623,0008-07-12 21:40:00,8,7,12,21,40,440,184,"98, BRIAND (RUE ARISTIDE",,,Plein jour,En agglomération,Intersection en T,Normale,Deux véhicules - côté,,,,,,,,,,,1,2,3,1,3
200800039624,0008-07-17 13:25:00,8,7,17,13,25,440,184,COMMERCE (PLACE DU),,,Plein jour,En agglomération,Intersection en T,Normale,Deux véhicules - côté,,,,,,,,,,,1,2,3,1,3
200800039625,0008-07-22 19:25:00,8,7,22,19,25,440,184,BUFFON (RUE GEORGES DE),,,Plein jour,En agglomération,Intersection en X,Normale,Deux véhicules - côté,,,,,,,,,,,1,2,2,1,3
200800039626,0008-07-29 21:38:00,8,7,29,21,38,440,184,"56, PARMENTIER (RUE ANTO",,,Plein jour,En agglomération,Hors intersection,Normale,Autre collision,,,,,,,,,,,1,2,1,1,6
200800039627,0008-07-30 20:15:00,8,7,30,20,15,450,4,"147, COOPERATIVE (RUE DE",,,Plein jour,En agglomération,Hors intersection,Normale,Deux véhicules - côté,,,,,,,,,,,1,2,1,1,3
200800039628,0008-07-01 08:30:00,8,7,1,8,30,450,284,"192, ZAY (RUE JEAN ZAY)",,,Plein jour,Hors agglomération,Hors intersection,Normale,Deux véhicules - arrière,,,,,,,,,,,1,1,1,1,2
200800039629,0008-07-03 16:50:00,8,7,3,16,50,450,285,"60-62, DOUMER (RUE PAUL)",,,Plein jour,En agglomération,Hors intersection,Normale,Deux véhicules - frontale,,,,,,,,,,,1,2,1,1,1
200800039630,0008-07-04 04:50:00,8,7,4,4,50,450,234,"sans, ROCHEPLATTE (BOULE",,,Nuit avec éclairage allumé,En agglomération,Hors intersection,Normale,Sans collision,,,,,,,,,,,5,2,1,1,7
200800039631,0008-07-05 23:55:00,8,7,5,23,55,450,234,"3, FAUBOURG DE BOURGOGNE",,,Nuit avec éclairage allumé,En agglomération,Hors intersection,Normale,Deux véhicules - côté,,,,,,,,,,,5,2,1,1,3
200800039632,0008-07-06 20:50:00,8,7,6,20,50,450,234,"16, REPUBLIQUE (RUE DE L",,,Plein jour,En agglomération,Hors intersection,Normale,Autre collision,,,,,,,,,,,1,2,1,1,6
200800039633,0008-07-08 07:45:00,8,7,8,7,45,450,75,"34, BLOIS (ROUTE DE BLOI",,,Plein jour,En agglomération,Hors intersection,Normale,Deux véhicules - arrière,,,,,,,,,,,1,2,1,1,2
200800039634,0008-07-08 17:55:00,8,7,8,17,55,450,234,JOFFRE (PONT),,,Plein jour,En agglomération,Hors intersection,Normale,Trois véhicules et plus - collisions multiples,,,,,,,,,,,1,2,1,1,5
200800039635,0008-07-10 10:05:00,8,7,10,10,5,450,285,MENDES FRANCE (AVENUE PI,,,Plein jour,En agglomération,Hors intersection,Normale,Deux véhicules - arrière,,,,,,,,,,,1,2,1,1,2
200800039636,0008-07-10 18:05:00,8,7,10,18,5,450,147,RN 60,,,Plein jour,Hors agglomération,Hors intersection,Normale,Deux véhicules - arrière,,,,,,,,,,,1,1,1,1,2
200800039637,0008-07-11 08:35:00,8,7,11,8,35,450,169,"12, DUNANT (RUE HENRI)",,,Plein jour,En agglomération,Hors intersection,Normale,Autre collision,,,,,,,,,,,1,2,1,1,6
200800039638,0008-07-11 13:50:00,8,7,11,13,50,450,234,"28, PORTE DUNOISE (RUE )",,,Plein jour,En agglomération,Intersection en X,Pluie légère,Autre collision,,,,,,,,,,,1,2,2,2,6
200800039639,0008-07-13 19:20:00,8,7,13,19,20,450,284,BOULEAUX (RUE DES),,,Plein jour,En agglomération,Intersection en T,Normale,Deux véhicules - côté,,,,,,,,,,,1,2,3,1,3
200800039640,0008-07-13 15:45:00,8,7,13,15,45,450,232,REINE BLANCHE (RUE DE LA,,,Plein jour,En agglomération,Hors intersection,Normale,Sans collision,,,,,,,,,,,1,2,1,1,7
200800039641,0008-07-14 12:10:00,8,7,14,12,10,450,234,BEAUMARCHAIS (RUE),,,Plein jour,En agglomération,Giratoire,Normale,Deux véhicules - côté,,,,,,,,,,,1,2,6,1,3
200800039642,0008-07-15 17:20:00,8,7,15,17,20,450,285,"13, DIX ARPENTS (RUE DES",,,Plein jour,En agglomération,Hors intersection,Normale,Deux véhicules - côté,,,,,,,,,,,1,2,1,1,3
200800039643,0008-07-17 12:40:00,8,7,17,12,40,450,302,ROUTE NATIONALE 20,,,Plein jour,En agglomération,Intersection en T,Normale,Sans collision,,,,,,,,,,,1,2,3,1,7
200800039644,0008-07-20 19:40:00,8,7,20,19,40,450,234,"45, OLIVET (ROUTE D'OLIV",,,Plein jour,En agglomération,Intersection en X,Normale,Deux véhicules - côté,,,,,,,,,,,1,2,2,1,3
200800039645,0008-07-18 14:45:00,8,7,18,14,45,450,285,PAVARD (RUE HENRI),,,Plein jour,En agglomération,Giratoire,Normale,Deux véhicules - frontale,,,,,,,,,,,1,2,6,1,1
200800039646,0008-07-21 20:00:00,8,7,21,20,0,450,308,MARIGNY (RUE DE),,,Plein jour,Hors agglomération,Hors intersection,Normale,Sans collision,,,,,,,,,,,1,1,1,1,7
200800039647,0008-07-23 12:40:00,8,7,23,12,40,450,147,RN 60,,,Plein jour,En agglomération,Hors intersection,Normale,Deux véhicules - côté,,,,,,,,,,,1,2,1,1,3
200800039648,0008-07-23 19:20:00,8,7,23,19,20,450,232,"sans, RICHARD (RUE RODOL",,,Plein jour,En agglomération,Hors intersection,Normale,Deux véhicules - arrière,,,,,,,,,,,1,2,1,1,2
200800039649,0008-07-27 15:45:00,8,7,27,15,45,450,234,"3, ZAY (AVENUE JEAN ZAY)",,,Plein jour,En agglomération,Hors intersection,Normale,Deux véhicules - côté,,,,,,,,,,,1,2,1,1,3
200800039650,0008-07-27 06:00:00,8,7,27,6,0,450,284,RN 60,,,Crépuscule ou aube,Hors agglomération,Hors intersection,Normale,Autre collision,,,,,,,,,,,2,1,1,1,6
200800039651,0008-07-25 15:50:00,8,7,25,15,50,450,75,"16, ENFER (RUE DE L'ENFE",,,Plein jour,En agglomération,Hors intersection,Normale,Autre collision,,,,,,,,,,,1,2,1,1,6
200800039652,0008-07-30 15:25:00,8,7,30,15,25,450,286,DOUFFIAGUES (AVENUE JACQ,,,Plein jour,En agglomération,Intersection en X,Normale,Deux véhicules - côté,,,,,,,,,,,1,2,2,1,3
200800039653,0008-07-29 18:25:00,8,7,29,18,25,450,234,RN 60,,,Plein jour,Hors agglomération,Hors intersection,Normale,Sans collision,,,,,,,,,,,1,1,1,1,7
200800039654,0008-07-30 16:40:00,8,7,30,16,40,450,234,"270, FAUBOURG BANNIER (R",,,Plein jour,En agglomération,Hors intersection,Normale,Deux véhicules - côté,,,,,,,,,,,1,2,1,1,3
200800039655,0008-07-19 12:10:00,8,7,19,12,10,460,156,"535, PORCHE (RUE DU )",,,Plein jour,En agglomération,Hors intersection,Normale,Sans collision,,,,,,,,,,,1,2,1,1,7
200800039656,0008-07-04 15:31:00,8,7,4,15,31,470,1,TISSIDRE (AV. ANDRE),,,Plein jour,Hors agglomération,Hors intersection,Normale,Deux véhicules - côté,,,,,,,,,,,1,1,1,1,3
200800039657,0008-07-16 14:15:00,8,7,16,14,15,470,1,GAILLARD (AV. ET PONT DE,,,Plein jour,En agglomération,Hors intersection,Normale,Sans collision,,,,,,,,,,,1,2,1,1,7
200800039658,0008-07-17 13:15:00,8,7,17,13,15,470,1,LIBERTE (BOULEVARD DE LA,,,Plein jour,En agglomération,Intersection en X,Normale,Deux véhicules - côté,,,,,,,,,,,1,2,2,1,3
200800039659,0008-07-17 21:21:00,8,7,17,21,21,470,1,GAMBETTA (COURS),,,Crépuscule ou aube,En agglomération,Hors intersection,Normale,Deux véhicules - arrière,,,,,,,,,,,2,2,1,1,2
200800039660,0008-07-12 18:10:00,8,7,12,18,10,470,323,"42, MYRE MORY (AVENUE)",,,Plein jour,En agglomération,Intersection en T,Normale,Deux véhicules - côté,,,,,,,,,,,1,2,3,1,3
200800039661,0008-07-16 05:25:00,8,7,16,5,25,470,323,RD 233,,,Crépuscule ou aube,Hors agglomération,Hors intersection,Normale,Sans collision,,,,,,,,,,,2,1,1,1,7
200800039662,0008-07-30 19:10:00,8,7,30,19,10,480,95,ROND POINT VALCROZE,44.52728,3.47426,Plein jour,En agglomération,Giratoire,Normale,Deux véhicules - côté,,,,,,,,,,,1,2,6,1,3
200800039663,0008-07-01 06:04:00,8,7,1,6,4,490,7,"0, PAPIN",,,Plein jour,En agglomération,Hors intersection,Normale,Sans collision,,,,,,,,,,,1,2,1,1,7
200800039664,0008-07-01 08:17:00,8,7,1,8,17,490,7,"17, SAINT LEONARD",,,Plein jour,En agglomération,Hors intersection,Normale,Sans collision,,,,,,,,,,,1,2,1,1,7
200800039665,0008-07-01 13:20:00,8,7,1,13,20,490,353,"101, VEST FERDINANT",,,Plein jour,En agglomération,Hors intersection,Normale,Sans collision,,,,,,,,,,,1,2,1,1,7
200800039666,0008-07-01 18:48:00,8,7,1,18,48,490,7,"0, FOCH BOULEVARD",,,Plein jour,En agglomération,Hors intersection,Normale,Autre collision,,,,,,,,,,,1,2,1,1,6
200800039667,0008-07-01 19:06:00,8,7,1,19,6,490,7,"17, HOCHE",,,Plein jour,En agglomération,Hors intersection,Normale,Sans collision,,,,,,,,,,,1,2,1,1,7
200800039668,0008-07-02 10:28:00,8,7,2,10,28,490,267,"0, CHANTERIE",,,Plein jour,En agglomération,Hors intersection,Pluie légère,Sans collision,,,,,,,,,,,1,2,1,2,7
200800039669,0008-07-02 17:17:00,8,7,2,17,17,490,7,"0, CARNOT",,,Plein jour,En agglomération,Hors intersection,Normale,Deux véhicules - côté,,,,,,,,,,,1,2,1,1,3
200800039670,0008-07-03 18:45:00,8,7,3,18,45,490,7,"0, GASNIER AVENUE",,,Plein jour,En agglomération,Hors intersection,Normale,Deux véhicules - côté,,,,,,,,,,,1,2,1,1,3
200800039671,0008-07-07 17:14:00,8,7,7,17,14,490,7,"115, PYRAMIDE ROUTE",,,Plein jour,En agglomération,Hors intersection,Normale,Sans collision,,,,,,,,,,,1,2,1,1,7
200800039672,0008-07-05 09:52:00,8,7,5,9,52,490,7,"0, DEUX CROIX BOULEVARD",,,Plein jour,En agglomération,Hors intersection,Normale,Deux véhicules - côté,,,,,,,,,,,1,2,1,1,3
200800039673,0008-07-06 10:23:00,8,7,6,10,23,490,7,"98, JAURES",,,Plein jour,En agglomération,Hors intersection,Normale,Deux véhicules - côté,,,,,,,,,,,1,2,1,1,3
200800039674,0008-07-07 11:58:00,8,7,7,11,58,490,7,"0, GRAND MONTREJEAU",,,Plein jour,En agglomération,Hors intersection,Normale,Trois véhicules et plus - collisions multiples,,,,,,,,,,,1,2,1,1,5
200800039675,0008-07-11 19:50:00,8,7,11,19,50,490,15,"0, CHAMP DES MARTYRS CHE",,,Plein jour,En agglomération,Hors intersection,Normale,Sans collision,,,,,,,,,,,1,2,1,1,7
200800039676,0008-07-13 16:00:00,8,7,13,16,0,490,246,"0, BOIS D'AVAULT",,,Plein jour,En agglomération,Hors intersection,Normale,Deux véhicules - côté,,,,,,,,,,,1,2,1,1,3
200800039677,0008-07-16 19:16:00,8,7,16,19,16,490,7,"0, SAINT LEONARD",,,Plein jour,En agglomération,Hors intersection,Normale,Deux véhicules - côté,,,,,,,,,,,1,2,1,1,3
200800039678,0008-07-19 14:20:00,8,7,19,14,20,490,7,"0, FAYE",,,Plein jour,En agglomération,Intersection en X,Normale,Deux véhicules - côté,,,,,,,,,,,1,2,2,1,3
200800039679,0008-07-20 16:44:00,8,7,20,16,44,490,7,"188, SAUMUROISE IMPASSE",,,Plein jour,En agglomération,Intersection en T,Normale,Deux véhicules - arrière,,,,,,,,,,,1,2,3,1,2
200800039680,0008-07-22 10:00:00,8,7,22,10,0,490,7,"0, CARNOT",,,Plein jour,En agglomération,Hors intersection,Normale,Sans collision,,,,,,,,,,,1,2,1,1,7
200800039681,0008-07-23 22:15:00,8,7,23,22,15,490,7,"25, PARMENTIER",,,Nuit avec éclairage allumé,En agglomération,Hors intersection,Normale,Autre collision,,,,,,,,,,,5,2,1,1,6
200800039682,0008-07-24 17:38:00,8,7,24,17,38,490,7,"0, ARBRISSEL",,,Plein jour,En agglomération,Hors intersection,Normale,Autre collision,,,,,,,,,,,1,2,1,1,6
200800039683,0008-07-24 08:50:00,8,7,24,8,50,490,7,"0, CARNOT",,,Plein jour,En agglomération,Intersection en T,Normale,Autre collision,,,,,,,,,,,1,2,3,1,6
200800039684,0008-07-25 09:08:00,8,7,25,9,8,490,7,"0, ARBRISSEL",,,Plein jour,En agglomération,Hors intersection,Normale,Sans collision,,,,,,,,,,,1,2,1,1,7
200800039685,0008-07-25 12:48:00,8,7,25,12,48,490,7,"0, BORDILLON PLACE",,,Plein jour,En agglomération,Hors intersection,Normale,Sans collision,,,,,,,,,,,1,2,1,1,7
200800039686,0008-07-25 15:06:00,8,7,25,15,6,490,7,"0, COTE DE BELLEVUE",,,Plein jour,En agglomération,Giratoire,Normale,Sans collision,,,,,,,,,,,1,2,6,1,7
200800039687,0008-07-26 10:14:00,8,7,26,10,14,490,7,"0, RAMON BOULEVARD",,,Plein jour,En agglomération,Hors intersection,Normale,Sans collision,,,,,,,,,,,1,2,1,1,7
200800039688,0008-07-26 17:48:00,8,7,26,17,48,490,7,"0, BARANGE BOULEVARD",,,Plein jour,En agglomération,Intersection en X,Normale,Deux véhicules - côté,,,,,,,,,,,1,2,2,1,3
200800039689,0008-07-27 20:23:00,8,7,27,20,23,490,7,"0, PORT MESLET CHEMIN",,,Plein jour,En agglomération,Hors intersection,Normale,Sans collision,,,,,,,,,,,1,2,1,1,7
200800039690,0008-07-28 12:00:00,8,7,28,12,0,490,7,"0, BON PASTEUR BOULEVARD",,,Plein jour,En agglomération,Hors intersection,Normale,Deux véhicules - côté,,,,,,,,,,,1,2,1,1,3
200800039691,0008-07-28 20:32:00,8,7,28,20,32,490,7,"0, PROUDHON",,,Plein jour,En agglomération,Hors intersection,Normale,Sans collision,,,,,,,,,,,1,2,1,1,7
200800039692,0008-07-29 10:30:00,8,7,29,10,30,490,7,"0, PRUNIERS",,,Plein jour,En agglomération,Hors intersection,Normale,Autre collision,,,,,,,,,,,1,2,1,1,6
200800039693,0008-07-29 16:30:00,8,7,29,16,30,490,7,"102, BALLEE",,,Plein jour,En agglomération,Hors intersection,Normale,Sans collision,,,,,,,,,,,1,2,1,1,7
200800039694,0008-07-30 12:08:00,8,7,30,12,8,490,15,"0, CHAMPS RUE DES",,,Plein jour,En agglomération,Intersection en X,Normale,Deux véhicules - côté,,,,,,,,,,,1,2,2,1,3
200800039695,0008-07-31 12:04:00,8,7,31,12,4,490,246,"0, GALLIENI AVENUE",,,Plein jour,En agglomération,Hors intersection,Normale,Deux véhicules - côté,,,,,,,,,,,1,2,1,1,3
200800039696,0008-07-31 18:22:00,8,7,31,18,22,490,7,"0, OISELLERIE",,,Plein jour,En agglomération,Hors intersection,Normale,Sans collision,,,,,,,,,,,1,2,1,1,7
200800039697,0008-07-26 17:30:00,8,7,26,17,30,490,7,"0, CAMUS",,,Plein jour,En agglomération,Hors intersection,Normale,Autre collision,,,,,,,,,,,1,2,1,1,6
200800039698,0008-07-07 17:02:00,8,7,7,17,2,490,99,"14, PARADIS (RUE DU)",,,Plein jour,En agglomération,Intersection en X,Temps couvert,Deux véhicules - côté,,,,,,,,,,,1,2,2,8,3
200800039699,0008-07-07 17:50:00,8,7,7,17,50,490,99,"57, FOUGERINE (RUE DE LA",,,Plein jour,En agglomération,Hors intersection,Normale,Autre collision,,,,,,,,,,,1,2,1,1,6
200800039700,0008-07-17 16:45:00,8,7,17,16,45,490,99,HOTEL DE VILLE (RUE DE L,,,Plein jour,En agglomération,Intersection en T,Normale,Deux véhicules - côté,,,,,,,,,,,1,2,3,1,3
200800039701,0008-07-18 14:30:00,8,7,18,14,30,490,99,"6, TOURAINE (BOULEVARD D",,,Plein jour,En agglomération,Hors intersection,Normale,Deux véhicules - côté,,,,,,,,,,,1,2,1,1,3
200800039702,0008-07-20 12:30:00,8,7,20,12,30,490,99,"17, CARNOT (RUE SADI)",,,Plein jour,En agglomération,Intersection en T,Normale,Autre collision,,,,,,,,,,,1,2,3,1,6
200800039703,0008-07-30 08:50:00,8,7,30,8,50,490,99,RD160,,,Plein jour,Hors agglomération,Hors intersection,Normale,Autre collision,,,,,,,,,,,1,1,1,1,6
200800039704,0008-07-30 10:30:00,8,7,30,10,30,490,99,BICENTENAIRE DE 1793 (PL,,,Plein jour,En agglomération,Giratoire,Normale,Deux véhicules - côté,,,,,,,,,,,1,2,6,1,3
200800039705,0008-07-01 07:35:00,8,7,1,7,35,490,328,"sans, ROCADE N 347",,,Plein jour,Hors agglomération,Hors intersection,Temps éblouissant,Autre collision,,,,,,,,,,,1,1,1,7,6
200800039706,0008-07-02 15:25:00,8,7,2,15,25,490,328,POMPIDOU (AVENUE GEORGES,,,Plein jour,En agglomération,Hors intersection,Normale,Deux véhicules - côté,,,,,,,,,,,1,2,1,1,3
200800039707,0008-07-26 11:15:00,8,7,26,11,15,490,328,"sans, MAYAUD (QUAI)",,,Plein jour,En agglomération,Hors intersection,Normale,Trois véhicules et plus - en chaîne,,,,,,,,,,,1,2,1,1,4
200800039708,0008-07-19 17:10:00,8,7,19,17,10,490,328,"SANS, DELATTRE DE TASSIG",,,Plein jour,En agglomération,Hors intersection,Normale,Deux véhicules - arrière,,,,,,,,,,,1,2,1,1,2
200800039709,0008-07-25 17:55:00,8,7,25,17,55,490,328,"36, ECURIES (RUE DES)",,,Plein jour,En agglomération,Hors intersection,Normale,Deux véhicules - côté,,,,,,,,,,,1,2,1,1,3
200800039710,0008-07-04 17:30:00,8,7,4,17,30,500,129,"00, HUGO (RUE VICTOR)",,,Plein jour,En agglomération,Intersection en T,Normale,Sans collision,,,,,,,,,,,1,2,3,1,7
200800039711,0008-07-05 18:20:00,8,7,5,18,20,500,602,"35, DIDEROT (RESIDENCE)",,,Plein jour,En agglomération,Hors intersection,Normale,Sans collision,,,,,,,,,,,1,2,1,1,7
200800039712,0008-07-06 01:10:00,8,7,6,1,10,500,129,"00, BARBUSSE (RUE HENRI)",,,Nuit avec éclairage allumé,Hors agglomération,Hors intersection,Normale,Sans collision,,,,,,,,,,,5,1,1,1,7
200800039713,0008-07-06 19:20:00,8,7,6,19,20,500,602,"00, CAPLAIN (ROUTE DU)",,,Plein jour,Hors agglomération,Hors intersection,Normale,Deux véhicules - frontale,,,,,,,,,,,1,1,1,1,1