accident_id,datetime,annee,mois,jour,heure,minute,departement,commune_insee,adresse,latitude,longitude,luminosite,agglomeration,intersection,meteo,collision,nb_vehicules,nb_usagers,nb_indemnes,nb_tues,nb_blesses_hosp,nb_blesses_legers,age_cond_1,age_cond_2,veh_type_cond_1,veh_type_cond_2,lum_code,agg_code,int_code,atm_code,col_code
200800039848,0008-07-10 08:00:00,8,7,10,8,0,570,463,"27, FOCH (AVENUE )",,,Plein jour,En agglomération,Hors intersection,Normale,Autre collision,,,,,,,,,,,1,2,1,1,6
200800039849,0008-07-11 07:55:00,8,7,11,7,55,570,463,"00, FALOGNE (RUE DE LA )",,,Crépuscule ou aube,En agglomération,Intersection en T,Normale,Deux véhicules - côté,,,,,,,,,,,2,2,3,1,3
200800039850,0008-07-17 08:00:00,8,7,17,8,0,570,447,", RD5b",,,Plein jour,Hors agglomération,Hors intersection,Pluie légère,Trois véhicules et plus - collisions multiples,,,,,,,,,,,1,1,1,2,5
200800039851,0008-07-26 13:40:00,8,7,26,13,40,570,487,"00, TOURNEBRIDE (Z.I. DE",,,Plein jour,Hors agglomération,Intersection en Y,Normale,Deux véhicules - côté,,,,,,,,,,,1,1,4,1,3
200800039852,0008-07-27 11:20:00,8,7,27,11,20,570,463,"59, CHAPELLE (RUE DE LA",,,Plein jour,En agglomération,Hors intersection,Normale,Autre collision,,,,,,,,,,,1,2,1,1,6
200800039853,0008-07-30 14:35:00,8,7,30,14,35,570,463,"31, ANDRE MAGINOT (BOULE",,,Plein jour,En agglomération,Hors intersection,Normale,Autre collision,,,,,,,,,,,1,2,1,1,6
200800039854,0008-07-30 18:30:00,8,7,30,18,30,570,480,"00, MARTYRS DE LA RESIST",,,Nuit avec éclairage allumé,En agglomération,Intersection en X,Normale,Deux véhicules - côté,,,,,,,,,,,5,2,2,1,3
200800039855,0008-07-31 16:10:00,8,7,31,16,10,570,463,"00, THIONVILLE (ROUTE DE",,,Plein jour,En agglomération,Hors intersection,Normale,Autre collision,,,,,,,,,,,1,2,1,1,6
200800039856,0008-07-31 17:40:00,8,7,31,17,40,570,463,"29, PAIXHANS (BOULEVARD",,,Plein jour,Hors agglomération,Hors intersection,Normale,Deux véhicules - arrière,,,,,,,,,,,1,1,1,1,2
200800039857,0008-07-04 16:10:00,8,7,4,16,10,570,630,PHALSBOURG,,,Plein jour,En agglomération,Hors intersection,Normale,Deux véhicules - arrière,,,,,,,,,,,1,2,1,1,2
200800039858,0008-07-04 05:35:00,8,7,4,5,35,570,631,"132, BITCHE (RUE DE)DU N",,,Crépuscule ou aube,En agglomération,Intersection en T,Normale,Deux véhicules - côté,,,,,,,,,,,2,2,3,1,3
200800039859,0008-07-24 17:15:00,8,7,24,17,15,570,631,"36, RABELAIS  A3-A4",,,Plein jour,En agglomération,Intersection en X,Normale,Deux véhicules - côté,,,,,,,,,,,1,2,2,1,3
200800039860,0008-07-13 05:05:00,8,7,13,5,5,570,631,"0, GAULLE (AVENUE DU GEN",,,Nuit avec éclairage allumé,En agglomération,Hors intersection,Normale,Autre collision,,,,,,,,,,,5,2,1,1,6
200800039861,0008-07-10 08:15:00,8,7,10,8,15,570,672,PYRAMIDES (RUE DES),,,Plein jour,En agglomération,Hors intersection,Normale,Deux véhicules - côté,,,,,,,,,,,1,2,1,1,3
200800039862,0008-07-13 17:15:00,8,7,13,17,15,570,306,WENDEL (RUE DE),,,Plein jour,En agglomération,Hors intersection,Normale,Deux véhicules - arrière,,,,,,,,,,,1,2,1,1,2
200800039863,0008-07-18 07:30:00,8,7,18,7,30,570,221,"79, ROMAINS (RUE DES)",,,Plein jour,En agglomération,Intersection en T,Normale,Deux véhicules - frontale,,,,,,,,,,,1,2,3,1,1
200800039864,0008-07-19 23:20:00,8,7,19,23,20,570,221,PORT (RUE DU),,,Nuit sans éclairage public,Hors agglomération,Hors intersection,Normale,Autre collision,,,,,,,,,,,3,1,1,1,6
200800039865,0008-07-26 10:50:00,8,7,26,10,50,570,672,"0, CLEMENCEAU (AVENUE) 1",,,Plein jour,En agglomération,Intersection en X,Normale,Deux véhicules - côté,,,,,,,,,,,1,2,2,1,3
200800039866,0008-07-23 16:00:00,8,7,23,16,0,570,368,"82, REPUBLIQUE (RUE DE L",,,Plein jour,En agglomération,Hors intersection,Normale,Deux véhicules - arrière,,,,,,,,,,,1,2,1,1,2
200800039867,0008-07-26 10:51:00,8,7,26,10,51,570,672,ALBERT 1ER (AVENUE) - IM,,,Plein jour,En agglomération,Hors intersection,Normale,Deux véhicules - arrière,,,,,,,,,,,1,2,1,1,2
200800039868,0008-07-29 16:25:00,8,7,29,16,25,570,672,"0, GARCHE (ROUTE DE)",,,Plein jour,En agglomération,Hors intersection,Normale,Deux véhicules - frontale,,,,,,,,,,,1,2,1,1,1
200800039869,0008-07-31 17:47:00,8,7,31,17,47,570,757,"70, ROOSEVELT (RUE DU PR",,,Plein jour,En agglomération,Hors intersection,Normale,Deux véhicules - arrière,,,,,,,,,,,1,2,1,1,2
200800039870,0008-07-29 16:05:00,8,7,29,16,5,580,194,BLAISE PASCAL,,,Plein jour,En agglomération,Hors intersection,Normale,Sans collision,,,,,,,,,,,1,2,1,1,7
200800039871,0008-07-02 00:25:00,8,7,2,0,25,580,194,MARECHAL JUIN,,,Nuit avec éclairage allumé,En agglomération,Hors intersection,Normale,Sans collision,,,,,,,,,,,5,2,1,1,7
200800039872,0008-07-07 12:15:00,8,7,7,12,15,580,194,"sans, BERNARD PALISSY",,,Plein jour,En agglomération,Hors intersection,Pluie légère,Trois véhicules et plus - en chaîne,,,,,,,,,,,1,2,1,2,4
200800039873,0008-07-08 17:15:00,8,7,8,17,15,580,194,COLBERT,,,Plein jour,En agglomération,Intersection en T,Normale,Deux véhicules - côté,,,,,,,,,,,1,2,3,1,3
200800039874,0008-07-11 16:30:00,8,7,11,16,30,580,194,LEON BLUM,,,Plein jour,En agglomération,Autre intersection,Normale,Autre collision,,,,,,,,,,,1,2,9,1,6
200800039875,0008-07-18 16:35:00,8,7,18,16,35,580,194,"sans, BARATTE (FAUBOURG)",,,Plein jour,En agglomération,Hors intersection,Normale,Autre collision,,,,,,,,,,,1,2,1,1,6
200800039876,0008-07-19 12:00:00,8,7,19,12,0,580,194,"22, SAULAIES (ROUTE)",,,Plein jour,En agglomération,Hors intersection,Normale,Autre collision,,,,,,,,,,,1,2,1,1,6
200800039877,0008-07-11 18:30:00,8,7,11,18,30,580,194,"sans, RESISTANCE (PLACE)",,,Plein jour,En agglomération,Hors intersection,Normale,Autre collision,,,,,,,,,,,1,2,1,1,6
200800039878,0008-07-17 06:20:00,8,7,17,6,20,580,194,JEROME TRESAGUET,,,Plein jour,En agglomération,Hors intersection,Normale,Deux véhicules - frontale,,,,,,,,,,,1,2,1,1,1
200800039879,0008-07-20 20:30:00,8,7,20,20,30,580,194,"sans, SAINT MARTIN",,,Plein jour,En agglomération,Hors intersection,Normale,Autre collision,,,,,,,,,,,1,2,1,1,6
200800039880,0008-07-22 19:25:00,8,7,22,19,25,580,194,"sans, GRAND MOUESSE (FAU",,,Plein jour,En agglomération,Intersection en X,Normale,Deux véhicules - côté,,,,,,,,,,,1,2,2,1,3
200800039881,0008-07-11 09:56:00,8,7,11,9,56,590,345,"230A, PASTEUR (RUE)",,,Plein jour,En agglomération,Hors intersection,Normale,Deux véhicules - côté,,,,,,,,,,,1,2,1,1,3
200800039882,0008-07-15 17:10:00,8,7,15,17,10,590,17,"40, DUNKERQUE (RUE DE)",,,Plein jour,En agglomération,Hors intersection,Normale,Autre collision,,,,,,,,,,,1,2,1,1,6
200800039883,0008-07-23 16:00:00,8,7,23,16,0,590,317,"11, HUGO  (RUE VICTOR)",,,Plein jour,En agglomération,Hors intersection,Normale,Deux véhicules - arrière,,,,,,,,,,,1,2,1,1,2
200800039884,0008-07-08 18:30:00,8,7,8,18,30,590,41,"119, MAUBEUGE (RUE DE)",,,Plein jour,En agglomération,Hors intersection,Temps couvert,Deux véhicules - arrière,,,,,,,,,,,1,2,1,8,2
200800039885,0008-07-19 00:50:00,8,7,19,0,50,590,43,", HAZEBROUCK (ROUTE)",,,Nuit sans éclairage public,Hors agglomération,Hors intersection,Pluie légère,Sans collision,,,,,,,,,,,3,1,1,2,7
200800039886,0008-07-11 14:40:00,8,7,11,14,40,590,172,"., HUGO (R. VICTOR)",,,Plein jour,En agglomération,Intersection en X,Normale,Deux véhicules - frontale,,,,,,,,,,,1,2,2,1,1
200800039887,0008-07-27 16:10:00,8,7,27,16,10,590,302,"., CD13",,,Plein jour,Hors agglomération,Autre intersection,Normale,Autre collision,,,,,,,,,,,1,1,9,1,6
200800039888,0008-07-05 20:40:00,8,7,5,20,40,590,334,"114, CURIE (RUE MARIE)",,,Nuit avec éclairage allumé,En agglomération,Hors intersection,Pluie forte,Autre collision,,,,,,,,,,,5,2,1,3,6
200800039889,0008-07-02 20:00:00,8,7,2,20,0,590,183,"6, ALBERT 1ER",,,Plein jour,En agglomération,Hors intersection,Normale,Autre collision,,,,,,,,,,,1,2,1,1,6
200800039890,0008-07-03 13:40:00,8,7,3,13,40,590,540,"NEANT, BERTEAUX MAURICE",,,Plein jour,En agglomération,Hors intersection,Normale,Deux véhicules - frontale,,,,,,,,,,,1,2,1,1,1
200800039891,0008-07-06 22:10:00,8,7,6,22,10,590,271,"52, WESTHOEK",,,Crépuscule ou aube,En agglomération,Hors intersection,Normale,Autre collision,,,,,,,,,,,2,2,1,1,6
200800039892,0008-07-06 15:45:00,8,7,6,15,45,590,588,"NEANT, PIERRES",,,Plein jour,Hors agglomération,Hors intersection,Normale,Autre collision,,,,,,,,,,,1,1,1,1,6
200800039893,0008-07-11 12:30:00,8,7,11,12,30,590,183,"., BRASSEURS - PONT",,,Plein jour,En agglomération,Intersection en X,Normale,Deux véhicules - côté,,,,,,,,,,,1,2,2,1,3
200800039894,0008-07-13 10:40:00,8,7,13,10,40,590,155,"67, PEUPLIERS",,,Plein jour,En agglomération,Hors intersection,Normale,Autre collision,,,,,,,,,,,1,2,1,1,6
200800039895,0008-07-13 13:30:00,8,7,13,13,30,590,540,"671, REPUBLIQUE",,,Plein jour,En agglomération,Hors intersection,Normale,Autre collision,,,,,,,,,,,1,2,1,1,6
200800039896,0008-07-14 19:00:00,8,7,14,19,0,590,540,"1997, RN 1",,,Plein jour,En agglomération,Hors intersection,Normale,Sans collision,,,,,,,,,,,1,2,1,1,7
200800039897,0008-07-18 18:05:00,8,7,18,18,5,590,340,"277, 12EME DIM",,,Plein jour,En agglomération,Hors intersection,Normale,Autre collision,,,,,,,,,,,1,2,1,1,6
200800039898,0008-07-27 13:10:00,8,7,27,13,10,590,271,"00000, RN 1",,,Plein jour,En agglomération,Hors intersection,Normale,Autre collision,,,,,,,,,,,1,2,1,1,6
200800039899,0008-07-29 17:55:00,8,7,29,17,55,590,183,"000, RN 1",,,Plein jour,En agglomération,Hors intersection,Normale,Sans collision,,,,,,,,,,,1,2,1,1,7
200800039900,0008-07-29 21:40:00,8,7,29,21,40,590,155,"00000, VAUBAN - BOULEVAR",,,Nuit avec éclairage allumé,En agglomération,Autre intersection,Normale,Deux véhicules - côté,,,,,,,,,,,5,2,9,1,3
200800039901,0008-07-30 01:10:00,8,7,30,1,10,590,271,"0000, CHAMP D'AVIATION C",,,Nuit avec éclairage allumé,En agglomération,Hors intersection,Normale,Sans collision,,,,,,,,,,,5,2,1,1,7
200800039902,0008-07-10 12:20:00,8,7,10,12,20,590,183,"., EMMERY - PONT",,,Plein jour,En agglomération,Giratoire,Pluie légère,Sans collision,,,,,,,,,,,1,2,6,2,7
200800039903,0008-07-04 10:18:00,8,7,4,10,18,590,261,GENERAL DE GAULLE (RUE D,,,Plein jour,En agglomération,Intersection en T,Normale,Deux véhicules - côté,,,,,,,,,,,1,2,3,1,3
200800039904,0008-07-24 11:25:00,8,7,24,11,25,590,295,"55, PLACE DU GENERAL DE",,,Plein jour,En agglomération,Hors intersection,Normale,Autre collision,,,,,,,,,,,1,2,1,1,6
200800039905,0008-07-01 17:20:00,8,7,1,17,20,590,324,GENERAL DE GAULLE (AVENU,,,Plein jour,Hors agglomération,Hors intersection,Normale,Deux véhicules - côté,,,,,,,,,,,1,1,1,1,3
200800039906,0008-07-14 02:15:00,8,7,14,2,15,590,324,"370, ERQUELINNES (RUE)",,,Nuit avec éclairage allumé,En agglomération,Hors intersection,Normale,Deux véhicules - arrière,,,,,,,,,,,5,2,1,1,2
200800039907,0008-07-31 16:35:00,8,7,31,16,35,590,324,BROUSSAIS FRANCOIS (BOUL,,,Plein jour,En agglomération,Intersection en X,Normale,Deux véhicules - côté,,,,,,,,,,,1,2,2,1,3
200800039908,0008-07-01 06:45:00,8,7,1,6,45,590,350,"19, LOUIS XIV BOULEVARD",,,Plein jour,En agglomération,Hors intersection,Normale,Autre collision,,,,,,,,,,,1,2,1,1,6
200800039909,0008-07-01 20:20:00,8,7,1,20,20,590,378,"839, REPUBLIQUE AV DE LA",,,Plein jour,En agglomération,Hors intersection,Normale,Deux véhicules - côté,,,,,,,,,,,1,2,1,1,3
200800039910,0008-07-02 16:15:00,8,7,2,16,15,590,350,GUESDE JULES RUE,,,Plein jour,En agglomération,Intersection en X,Temps couvert,Deux véhicules - arrière,,,,,,,,,,,1,2,2,8,2
200800039911,0008-07-02 16:25:00,8,7,2,16,25,590,350,WAZEMMES RUE DE N°1 A 43,,,Plein jour,En agglomération,Intersection en X,Normale,Deux véhicules - côté,,,,,,,,,,,1,2,2,1,3
200800039912,0008-07-02 16:40:00,8,7,2,16,40,590,350,"12, CALMETTE BV.DU DOCTE",,,Plein jour,En agglomération,Hors intersection,Pluie légère,Autre collision,,,,,,,,,,,1,2,1,2,6
200800039913,0008-07-02 23:50:00,8,7,2,23,50,590,350,"82, LIBERTE BVD N°2 A 90",,,Nuit avec éclairage non allumé,En agglomération,Hors intersection,Pluie légère,Sans collision,,,,,,,,,,,4,2,1,2,7
200800039914,0008-07-03 08:00:00,8,7,3,8,0,590,648,"68, DE GAULLE RUE DU GEN",,,Plein jour,En agglomération,Hors intersection,Normale,Deux véhicules - arrière,,,,,,,,,,,1,2,1,1,2
200800039915,0008-07-03 16:45:00,8,7,3,16,45,590,378,"613, REPUBLIQUE AV DE LA",,,Plein jour,En agglomération,Hors intersection,Pluie forte,Autre collision,,,,,,,,,,,1,2,1,3,6
200800039916,0008-07-03 16:15:00,8,7,3,16,15,590,9,CIBLE ALLEE DE LA,,,Plein jour,En agglomération,Hors intersection,Normale,Autre collision,,,,,,,,,,,1,2,1,1,6
200800039917,0008-07-03 15:30:00,8,7,3,15,30,590,350,"59, MONTEBELLO BOULEVARD",,,Plein jour,En agglomération,Hors intersection,Normale,Deux véhicules - arrière,,,,,,,,,,,1,2,1,1,2
200800039918,0008-07-04 08:45:00,8,7,4,8,45,590,9,CONVENTION RUE DE LA,,,Plein jour,En agglomération,Hors intersection,Normale,Autre collision,,,,,,,,,,,1,2,1,1,6
200800039919,0008-07-04 14:55:00,8,7,4,14,55,590,636,QUESNOY RUE DE,,,Plein jour,En agglomération,Intersection en T,Normale,Deux véhicules - côté,,,,,,,,,,,1,2,3,1,3
200800039920,0008-07-04 16:25:00,8,7,4,16,25,590,560,"22b, LEBAS JEAN BAPTISTE",,,Plein jour,En agglomération,Hors intersection,Normale,Deux véhicules - côté,,,,,,,,,,,1,2,1,1,3
200800039921,0008-07-04 17:00:00,8,7,4,17,0,590,350,"81, STRASBOURG BOULEVARD",,,Plein jour,En agglomération,Hors intersection,Normale,Sans collision,,,,,,,,,,,1,2,1,1,7
200800039922,0008-07-04 18:50:00,8,7,4,18,50,590,350,LIBERTE BVD N°2 A 90-51,,,Plein jour,En agglomération,Hors intersection,Normale,Autre collision,,,,,,,,,,,1,2,1,1,6
200800039923,0008-07-01 09:10:00,8,7,1,9,10,590,378,"001, DERAIN RUE RAYMOND",,,Plein jour,En agglomération,Intersection en Y,Normale,Autre collision,,,,,,,,,,,1,2,4,1,6
200800039924,0008-07-08 01:00:00,8,7,8,1,0,590,350,"73, VAUBAN BOULEVARD N°",,,Nuit avec éclairage allumé,En agglomération,Hors intersection,Normale,Sans collision,,,,,,,,,,,5,2,1,1,7
200800039925,0008-07-07 18:00:00,8,7,7,18,0,590,609,"86, SECLIN RUE DE",,,Plein jour,En agglomération,Intersection en T,Normale,Autre collision,,,,,,,,,,,1,2,3,1,6
200800039926,0008-07-08 08:30:00,8,7,8,8,30,590,350,LIBERTE BVD N°147 A FIN-,,,Plein jour,En agglomération,Intersection en T,Normale,Deux véhicules - côté,,,,,,,,,,,1,2,3,1,3
200800039927,0008-07-08 17:50:00,8,7,8,17,50,590,507,REPUBLIQUE PLACE DE LA,,,Plein jour,En agglomération,Hors intersection,Normale,Autre collision,,,,,,,,,,,1,2,1,1,6
200800039928,0008-07-09 07:35:00,8,7,9,7,35,590,648,HUGO VICTOR RUE,,,Plein jour,En agglomération,Hors intersection,Normale,Autre collision,,,,,,,,,,,1,2,1,1,6
200800039929,0008-07-09 13:00:00,8,7,9,13,0,590,350,"136, NATIONALE RUE N°2 A",,,Plein jour,En agglomération,Intersection en X,Normale,Deux véhicules - côté,,,,,,,,,,,1,2,2,1,3
200800039930,0008-07-10 09:15:00,8,7,10,9,15,590,9,ASCQ RUE DU MOULIN D,,,Plein jour,En agglomération,Hors intersection,Normale,Autre collision,,,,,,,,,,,1,2,1,1,6
200800039931,0008-07-10 15:35:00,8,7,10,15,35,590,386,"0, MENIN RUE DE",,,Plein jour,En agglomération,Intersection en T,Pluie forte,Autre collision,,,,,,,,,,,1,2,3,3,6
200800039932,0008-07-11 09:15:00,8,7,11,9,15,590,9,JAURES JEAN RUE    N°5 A,,,Plein jour,En agglomération,Hors intersection,Normale,Trois véhicules et plus - en chaîne,,,,,,,,,,,1,2,1,1,4
200800039933,0008-07-10 17:45:00,8,7,10,17,45,590,350,WAZEMMES RUE DE N°63-78,,,Plein jour,En agglomération,Hors intersection,Normale,Autre collision,,,,,,,,,,,1,2,1,1,6
200800039934,0008-07-11 14:55:00,8,7,11,14,55,590,360,"138, REPUBLIQUE BOULEVAR",,,Plein jour,En agglomération,Intersection en X,Normale,Deux véhicules - côté,,,,,,,,,,,1,2,2,1,3
200800039935,0008-07-13 13:10:00,8,7,13,13,10,590,386,"26, CASSEL RUE DE",,,Plein jour,En agglomération,Hors intersection,Normale,Autre collision,,,,,,,,,,,1,2,1,1,6
200800039936,0008-07-14 14:15:00,8,7,14,14,15,590,350,STRASBOURG BOULEVARD,,,Plein jour,En agglomération,Hors intersection,Normale,Sans collision,,,,,,,,,,,1,2,1,1,7
200800039937,0008-07-14 20:55:00,8,7,14,20,55,590,343,"63, SCHWEITZER RUE DU DO",,,Crépuscule ou aube,En agglomération,Hors intersection,Normale,Autre collision,,,,,,,,,,,2,2,1,1,6
200800039938,0008-07-16 18:10:00,8,7,16,18,10,590,9,"49, TREMIERE RUE",,,Plein jour,En agglomération,Hors intersection,Normale,Deux véhicules - côté,,,,,,,,,,,1,2,1,1,3
200800039939,0008-07-16 15:00:00,8,7,16,15,0,590,350,WAGNER RICHARD RUE,,,Plein jour,En agglomération,Hors intersection,Normale,Autre collision,,,,,,,,,,,1,2,1,1,6
200800039940,0008-07-17 09:00:00,8,7,17,9,0,590,350,DUBUISSON EMILE BOULEVAR,,,Plein jour,En agglomération,Hors intersection,Normale,Autre collision,,,,,,,,,,,1,2,1,1,6
200800039941,0008-07-11 14:40:00,8,7,11,14,40,590,220,DILLIES HENRI RUE,,,Plein jour,En agglomération,Hors intersection,Normale,Autre collision,,,,,,,,,,,1,2,1,1,6
200800039942,0008-07-10 18:50:00,8,7,10,18,50,590,9,ROUBAIX AVNUE DE,,,Plein jour,Hors agglomération,Hors intersection,Pluie forte,Autre collision,,,,,,,,,,,1,1,1,3,6
200800039943,0008-07-18 11:10:00,8,7,18,11,10,590,9,OUEST BOULEVARD DE L,,,Plein jour,En agglomération,Hors intersection,Normale,Deux véhicules - côté,,,,,,,,,,,1,2,1,1,3
200800039944,0008-07-18 14:15:00,8,7,18,14,15,590,350,"92, MOLINEL RUE DU",,,Plein jour,En agglomération,Hors intersection,Normale,Autre collision,,,,,,,,,,,1,2,1,1,6
200800039945,0008-07-19 12:45:00,8,7,19,12,45,590,507,RUBENS RUE,,,Plein jour,En agglomération,Intersection en T,Normale,Deux véhicules - côté,,,,,,,,,,,1,2,3,1,3
200800039946,0008-07-18 22:30:00,8,7,18,22,30,590,350,MARQUILLIES RUE,,,Plein jour,En agglomération,Hors intersection,Normale,Autre collision,,,,,,,,,,,1,2,1,1,6
200800039947,0008-07-21 12:30:00,8,7,21,12,30,590,378,"00, REPUBLIQUE AV DE LA",,,Plein jour,En agglomération,Intersection en X,Normale,Autre collision,,,,,,,,,,,1,2,2,1,6
200800039948,0008-07-22 14:45:00,8,7,22,14,45,590,356,"00, LILLE RUE DE",,,Plein jour,En agglomération,Intersection en T,Normale,Autre collision,,,,,,,,,,,1,2,3,1,6
200800039949,0008-07-23 17:50:00,8,7,23,17,50,590,636,"61, OBERT RUE",,,Plein jour,En agglomération,Hors intersection,Normale,Autre collision,,,,,,,,,,,1,2,1,1,6
200800039950,0008-07-24 09:05:00,8,7,24,9,5,590,9,"00, DE MONTALEMBERT BVD",,,Plein jour,En agglomération,Intersection en X,Normale,Autre collision,,,,,,,,,,,1,2,2,1,6
200800039951,0008-07-24 14:20:00,8,7,24,14,20,590,560,"00, BOUVRY ROGER RUE",,,Plein jour,Hors agglomération,Giratoire,Normale,Autre collision,,,,,,,,,,,1,1,6,1,6
200800039952,0008-07-26 15:30:00,8,7,26,15,30,590,328,"14, GOUNOD CHARLES RUE",,,Plein jour,En agglomération,Hors intersection,Normale,Autre collision,,,,,,,,,,,1,2,1,1,6
200800039953,0008-07-26 16:15:00,8,7,26,16,15,590,350,"184, SOLFERINO RUE N°110",,,Plein jour,En agglomération,Intersection en X,Normale,Autre collision,,,,,,,,,,,1,2,2,1,6
200800039954,0008-07-27 12:50:00,8,7,27,12,50,590,350,"11, VAILLANT EDOUARD RUE",,,Plein jour,En agglomération,Hors intersection,Normale,Autre collision,,,,,,,,,,,1,2,1,1,6
200800039955,0008-07-27 17:05:00,8,7,27,17,5,590,350,ESPLANADE FACADE,,,Plein jour,En agglomération,Hors intersection,Normale,Autre collision,,,,,,,,,,,1,2,1,1,6
200800039956,0008-07-25 14:30:00,8,7,25,14,30,590,350,AUSTERLITZ RUE D,,,Plein jour,En agglomération,Intersection en X,Normale,Deux véhicules - côté,,,,,,,,,,,1,2,2,1,3
200800039957,0008-07-25 17:40:00,8,7,25,17,40,590,350,"66, ARRAS RUE D",,,Plein jour,En agglomération,Hors intersection,Normale,Autre collision,,,,,,,,,,,1,2,1,1,6
200800039958,0008-07-28 11:30:00,8,7,28,11,30,590,527,"88, CARNOT SADI RUE",,,Plein jour,En agglomération,Hors intersection,Normale,Autre collision,,,,,,,,,,,1,2,1,1,6
200800039959,0008-07-28 17:00:00,8,7,28,17,0,590,350,RIHOUR PLACE,,,Plein jour,En agglomération,Place,Normale,Deux véhicules - côté,,,,,,,,,,,1,2,7,1,3
200800039960,0008-07-29 01:05:00,8,7,29,1,5,590,350,FLANDRES PONT,,,Nuit avec éclairage allumé,En agglomération,Hors intersection,Temps couvert,Autre collision,,,,,,,,,,,5,2,1,8,6
200800039961,0008-07-29 12:20:00,8,7,29,12,20,590,350,CARNOT SADI BV. N°PAIRS,,,Plein jour,En agglomération,Intersection en X,Normale,Autre collision,,,,,,,,,,,1,2,2,1,6
200800039962,0008-07-31 11:00:00,8,7,31,11,0,590,350,VAUBAN BOULEVARD N° REST,,,Plein jour,En agglomération,Intersection en X,Normale,Deux véhicules - côté,,,,,,,,,,,1,2,2,1,3
200800039963,0008-07-30 20:00:00,8,7,30,20,0,590,648,"66, JAURES JEAN RUE",,,Plein jour,En agglomération,Hors intersection,Normale,Autre collision,,,,,,,,,,,1,2,1,1,6
200800039964,0008-07-28 14:15:00,8,7,28,14,15,590,560,"00, CD 925",,,Plein jour,Hors agglomération,Hors intersection,Normale,Autre collision,,,,,,,,,,,1,1,1,1,6
200800039965,0008-07-16 21:05:00,8,7,16,21,5,590,392,"18, SAPINS (RUE DES)",,,Crépuscule ou aube,En agglomération,Hors intersection,Normale,Sans collision,,,,,,,,,,,2,2,1,1,7
200800039966,0008-07-25 14:00:00,8,7,25,14,0,590,392,HAUTMONT (RUE D'),,,Plein jour,Hors agglomération,Hors intersection,Normale,Deux véhicules - frontale,,,,,,,,,,,1,1,1,1,1
200800039967,0008-07-27 11:00:00,8,7,27,11,0,590,392,CHARLES DE GAULLE (BOULE,,,Plein jour,Hors agglomération,Giratoire,Normale,Deux véhicules - arrière,,,,,,,,,,,1,1,6,1,2
200800039968,0008-07-01 04:55:00,8,7,1,4,55,590,512,MOTTE (AVENUE ALFRED),,,Nuit avec éclairage allumé,Hors agglomération,Intersection en X,Normale,Deux véhicules - côté,,,,,,,,,,,5,1,2,1,3
200800039969,0008-07-10 15:00:00,8,7,10,15,0,590,367,GUESDE (RUE JULES),,,Plein jour,En agglomération,Intersection en T,Normale,Deux véhicules - côté,,,,,,,,,,,1,2,3,1,3
200800039970,0008-07-02 17:10:00,8,7,2,17,10,590,512,LUNEVILLE (RUE DE),,,Plein jour,En agglomération,Intersection en T,Normale,Deux véhicules - côté,,,,,,,,,,,1,2,3,1,3
200800039971,0008-07-04 01:35:00,8,7,4,1,35,590,650,STALINGRAD (RUE DE),,,Nuit avec éclairage allumé,Hors agglomération,Hors intersection,Normale,Sans collision,,,,,,,,,,,5,1,1,1,7
200800039972,0008-07-04 15:30:00,8,7,4,15,30,590,512,OUEST (RUE DE L'),,,Plein jour,Hors agglomération,Hors intersection,Normale,Sans collision,,,,,,,,,,,1,1,1,1,7
200800039973,0008-07-04 21:10:00,8,7,4,21,10,590,512,ALMA  (RUE DE L)',,,Plein jour,Hors agglomération,Hors intersection,Normale,Autre collision,,,,,,,,,,,1,1,1,1,6
200800039974,0008-07-01 08:00:00,8,7,1,8,0,590,512,LEBAS (AVENUE JEAN),,,Plein jour,Hors agglomération,Intersection en X,Normale,Deux véhicules - côté,,,,,,,,,,,1,1,2,1,3
200800039975,0008-07-05 16:10:00,8,7,5,16,10,590,512,ALGER  (RUE D'),,,Plein jour,Hors agglomération,Intersection en X,Normale,Autre collision,,,,,,,,,,,1,1,2,1,6
200800039976,0008-07-09 14:40:00,8,7,9,14,40,590,598,ROUBAIX (RUE DE),,,Plein jour,Hors agglomération,Intersection en T,Pluie légère,Deux véhicules - frontale,,,,,,,,,,,1,1,3,2,1
200800039977,0008-07-06 16:40:00,8,7,6,16,40,590,512,BASSE MASURE (RUE DE LA),,,Plein jour,Hors agglomération,Hors intersection,Normale,Autre collision,,,,,,,,,,,1,1,1,1,6
200800039978,0008-07-09 09:55:00,8,7,9,9,55,590,650,LEBAS (RUE JEAN BAPTISTE,,,Plein jour,Hors agglomération,Intersection en X,Pluie légère,Deux véhicules - côté,,,,,,,,,,,1,1,2,2,3
200800039979,0008-07-01 21:00:00,8,7,1,21,0,590,512,LIMITE (RUE DE LA),,,Plein jour,En agglomération,Intersection en X,Normale,Deux véhicules - côté,,,,,,,,,,,1,2,2,1,3
200800039980,0008-07-10 16:10:00,8,7,10,16,10,590,646,LEJEUNE (RUE LOUIS),,,Plein jour,En agglomération,Hors intersection,Pluie légère,Deux véhicules - côté,,,,,,,,,,,1,2,1,2,3
200800039981,0008-07-08 10:30:00,8,7,8,10,30,590,512,LINNE ( AVENUE),,,Plein jour,Hors agglomération,Hors intersection,Pluie forte,Deux véhicules - côté,,,,,,,,,,,1,1,1,3,3
200800039982,0008-07-04 07:00:00,8,7,4,7,0,590,163,JAURES (RUE JEAN),,,Plein jour,Hors agglomération,Hors intersection,Normale,Autre collision,,,,,,,,,,,1,1,1,1,6
200800039983,0008-07-03 14:45:00,8,7,3,14,45,590,512,FOURMIES (BOULEVARD DE),,,Plein jour,Hors agglomération,Hors intersection,Normale,Deux véhicules - arrière,,,,,,,,,,,1,1,1,1,2