accident_id,datetime,annee,mois,jour,heure,minute,departement,commune_insee,adresse,latitude,longitude,luminosite,agglomeration,intersection,meteo,collision,nb_vehicules,nb_usagers,nb_indemnes,nb_tues,nb_blesses_hosp,nb_blesses_legers,age_cond_1,age_cond_2,veh_type_cond_1,veh_type_cond_2,lum_code,agg_code,int_code,atm_code,col_code
200800040120,0008-07-16 13:00:00,8,7,16,13,0,630,14,"-, D799",,,Plein jour,En agglomération,Hors intersection,Normale,Autre collision,,,,,,,,,,,1,2,1,1,6
200800040121,0008-07-16 22:20:00,8,7,16,22,20,630,113,"., CARTOUCHERIE (RUE DE",,,Nuit avec éclairage allumé,En agglomération,Hors intersection,Normale,Autre collision,,,,,,,,,,,5,2,1,1,6
200800040122,0008-07-18 10:25:00,8,7,18,10,25,630,113,"-, BLUM (AVENUE LEON)",,,Plein jour,En agglomération,Hors intersection,Normale,Autre collision,,,,,,,,,,,1,2,1,1,6
200800040123,0008-07-19 05:00:00,8,7,19,5,0,630,113,"-, BEAULIEU (CHEMIN DE)",,,Nuit sans éclairage public,En agglomération,Hors intersection,Normale,Deux véhicules - frontale,,,,,,,,,,,3,2,1,1,1
200800040124,0008-07-20 01:50:00,8,7,20,1,50,630,113,"-, BLATIN (RUE)",,,Nuit avec éclairage allumé,En agglomération,Hors intersection,Normale,Autre collision,,,,,,,,,,,5,2,1,1,6
200800040125,0008-07-21 16:30:00,8,7,21,16,30,630,113,GIROD (RUE JOSEPH),,,Plein jour,En agglomération,Hors intersection,Normale,Deux véhicules - côté,,,,,,,,,,,1,2,1,1,3
200800040126,0008-07-22 06:55:00,8,7,22,6,55,630,70,"., FONTIMBERT (AVENUE DE",,,Plein jour,En agglomération,Hors intersection,Normale,Autre collision,,,,,,,,,,,1,2,1,1,6
200800040127,0008-07-22 09:40:00,8,7,22,9,40,630,113,"-, CHANELLES (RUE DES)",,,Plein jour,En agglomération,Hors intersection,Normale,Autre collision,,,,,,,,,,,1,2,1,1,6
200800040128,0008-07-22 19:30:00,8,7,22,19,30,630,113,DURAND (RUE GILLES),,,Plein jour,En agglomération,Intersection en X,Normale,Deux véhicules - côté,,,,,,,,,,,1,2,2,1,3
200800040129,0008-07-23 23:30:00,8,7,23,23,30,630,113,JOFFRE (RUE DU MAL),,,Nuit avec éclairage allumé,En agglomération,Intersection en T,Normale,Autre collision,,,,,,,,,,,5,2,3,1,6
200800040130,0008-07-24 09:35:00,8,7,24,9,35,630,113,"49, COTE BLATIN (BD)",,,Plein jour,En agglomération,Hors intersection,Normale,Autre collision,,,,,,,,,,,1,2,1,1,6
200800040131,0008-07-25 14:30:00,8,7,25,14,30,630,14,"., ROUSSILLON (AVENUE DU",,,Plein jour,En agglomération,Hors intersection,Normale,Autre collision,,,,,,,,,,,1,2,1,1,6
200800040132,0008-07-25 19:20:00,8,7,25,19,20,630,113,"-, JOUHAUX (BD LEON)",,,Plein jour,En agglomération,Hors intersection,Normale,Deux véhicules - arrière,,,,,,,,,,,1,2,1,1,2
200800040133,0008-07-24 16:00:00,8,7,24,16,0,630,113,"27, LOUCHEUR (BD LOUIS)",,,Plein jour,En agglomération,Intersection en X,Normale,Deux véhicules - côté,,,,,,,,,,,1,2,2,1,3
200800040134,0008-07-26 12:15:00,8,7,26,12,15,630,113,"-, KENNEDY (BD J.F.)",,,Plein jour,En agglomération,Hors intersection,Normale,Deux véhicules - côté,,,,,,,,,,,1,2,1,1,3
200800040135,0008-07-27 16:10:00,8,7,27,16,10,630,113,"., D772",,,Plein jour,En agglomération,Hors intersection,Normale,Autre collision,,,,,,,,,,,1,2,1,1,6
200800040136,0008-07-29 13:15:00,8,7,29,13,15,630,113,"-, FLAUBERT (BD GUSTAVE)",,,Plein jour,En agglomération,Intersection en X,Normale,Autre collision,,,,,,,,,,,1,2,2,1,6
200800040137,0008-07-30 07:20:00,8,7,30,7,20,630,113,"1, BONNEFONS (RUE JEAN)",,,Plein jour,En agglomération,Intersection en X,Normale,Deux véhicules - côté,,,,,,,,,,,1,2,2,1,3
200800040138,0008-07-30 12:15:00,8,7,30,12,15,630,113,"-, BEAULIEU (CHEMIN DE)",,,Plein jour,En agglomération,Intersection en X,Normale,Deux véhicules - côté,,,,,,,,,,,1,2,2,1,3
200800040139,0008-07-30 15:00:00,8,7,30,15,0,630,113,"10, LAFAYETTE (BD)",,,Plein jour,En agglomération,Hors intersection,Normale,Autre collision,,,,,,,,,,,1,2,1,1,6
200800040140,0008-07-31 14:05:00,8,7,31,14,5,630,113,"-, POINCARE (COURS RAYMO",,,Plein jour,En agglomération,Hors intersection,Normale,Autre collision,,,,,,,,,,,1,2,1,1,6
200800040141,0008-07-03 13:10:00,8,7,3,13,10,630,193,RD 769,,,Plein jour,En agglomération,Intersection en X,Normale,Deux véhicules - côté,,,,,,,,,,,1,2,2,1,3
200800040142,0008-07-04 22:10:00,8,7,4,22,10,630,124,COMMERCE (RUE DU),,,Nuit avec éclairage allumé,En agglomération,Intersection en X,Normale,Deux véhicules - côté,,,,,,,,,,,5,2,2,1,3
200800040143,0008-07-18 20:00:00,8,7,18,20,0,630,164,GUESDE (RUE JULES),,,Plein jour,En agglomération,Intersection en T,Normale,Deux véhicules - frontale,,,,,,,,,,,1,2,3,1,1
200800040144,0008-07-25 13:25:00,8,7,25,13,25,630,63,"16, BLANZAT (RUE DE)",,,Plein jour,En agglomération,Hors intersection,Normale,Deux véhicules - frontale,,,,,,,,,,,1,2,1,1,1
200800040145,0008-07-07 15:10:00,8,7,7,15,10,630,300,RD 211,,,Plein jour,Hors agglomération,Hors intersection,Normale,Deux véhicules - côté,,,,,,,,,,,1,1,1,1,3
200800040146,0008-07-04 00:43:00,8,7,4,0,43,640,24,"., MONTBRUN (AVENUE DE)",,,Nuit avec éclairage allumé,En agglomération,Intersection en T,Normale,Sans collision,,,,,,,,,,,5,2,3,1,7
200800040147,0008-07-08 19:05:00,8,7,8,19,5,640,102,"., BERNARD (CHEMIN DE SA",,,Plein jour,En agglomération,Hors intersection,Normale,Deux véhicules - arrière,,,,,,,,,,,1,2,1,1,2
200800040148,0008-07-09 15:50:00,8,7,9,15,50,640,102,"., JACQUES LOEB (AVENUE",,,Plein jour,En agglomération,Intersection en T,Normale,Deux véhicules - côté,,,,,,,,,,,1,2,3,1,3
200800040149,0008-07-09 19:30:00,8,7,9,19,30,640,102,"., BERGERET (QUAI AMIRAL",,,Plein jour,En agglomération,Intersection en T,Normale,Deux véhicules - frontale,,,,,,,,,,,1,2,3,1,1
200800040150,0008-07-12 12:30:00,8,7,12,12,30,640,140,GLIZE (RUE RAYMOND ET MA,,,Plein jour,En agglomération,Intersection en T,Pluie légère,Autre collision,,,,,,,,,,,1,2,3,2,6
200800040151,0008-07-16 13:05:00,8,7,16,13,5,640,24,"44, ESPAGNE (AVENUE D')",,,Plein jour,En agglomération,Hors intersection,Normale,Deux véhicules - côté,,,,,,,,,,,1,2,1,1,3
200800040152,0008-07-17 23:40:00,8,7,17,23,40,640,24,"76, MOULIN BARBOT (RUE D",,,Nuit avec éclairage allumé,En agglomération,Hors intersection,Normale,Sans collision,,,,,,,,,,,5,2,1,1,7
200800040153,0008-07-25 17:00:00,8,7,25,17,0,640,24,"., PITOYS (ROUTE DE)",,,Plein jour,En agglomération,Intersection en T,Normale,Deux véhicules - côté,,,,,,,,,,,1,2,3,1,3
200800040154,0008-07-03 19:20:00,8,7,3,19,20,640,122,"., BEAURIVAGE (AVENUE- P",,,Plein jour,En agglomération,Hors intersection,Normale,Autre collision,,,,,,,,,,,1,2,1,1,6
200800040155,0008-07-04 09:25:00,8,7,4,9,25,640,122,"13, MARNE (AVENUE DE LA)",,,Plein jour,En agglomération,Hors intersection,Normale,Autre collision,,,,,,,,,,,1,2,1,1,6
200800040156,0008-07-08 18:35:00,8,7,8,18,35,640,122,", PETRICOT (RUE)",,,Plein jour,En agglomération,Hors intersection,Normale,Deux véhicules - côté,,,,,,,,,,,1,2,1,1,3
200800040157,0008-07-11 17:52:00,8,7,11,17,52,640,122,PASTEUR (AVENUE),,,Plein jour,En agglomération,Intersection en T,Normale,Deux véhicules - côté,,,,,,,,,,,1,2,3,1,3
200800040158,0008-07-12 09:10:00,8,7,12,9,10,640,122,"4, VERDUN (AVENUE DE)",,,Plein jour,En agglomération,Hors intersection,Pluie légère,Sans collision,,,,,,,,,,,1,2,1,2,7
200800040159,0008-07-22 08:25:00,8,7,22,8,25,640,125,"1, BASSILOUR (RUE)",,,Plein jour,Hors agglomération,Intersection en X,Normale,Deux véhicules - côté,,,,,,,,,,,1,1,2,1,3
200800040160,0008-07-23 10:55:00,8,7,23,10,55,640,122,", IMPERATRICE (AVENUE DE",,,Plein jour,En agglomération,Hors intersection,Normale,Autre collision,,,,,,,,,,,1,2,1,1,6
200800040161,0008-07-24 17:25:00,8,7,24,17,25,640,122,"""KENNEDY (AVENUE DU PRES",,,Plein jour,En agglomération,Hors intersection,Normale,Deux véhicules - côté,,,,,,,,,,,1,2,1,1,3
200800040162,0008-07-25 17:04:00,8,7,25,17,4,640,122,MOUSSE (ROND POINT DU),,,Plein jour,En agglomération,Hors intersection,Normale,Sans collision,,,,,,,,,,,1,2,1,1,7
200800040163,0008-07-25 18:30:00,8,7,25,18,30,640,122,"108, VERDUN (AVENUE DE)",,,Plein jour,En agglomération,Hors intersection,Normale,Sans collision,,,,,,,,,,,1,2,1,1,7
200800040164,0008-07-01 20:00:00,8,7,1,20,0,640,445,"15, GASTON LACOSTE",,,Plein jour,En agglomération,Hors intersection,Normale,Autre collision,,,,,,,,,,,1,2,1,1,6
200800040165,0008-07-02 21:50:00,8,7,2,21,50,640,445,"1, MARECHAL LECLERC DU",,,Nuit avec éclairage allumé,En agglomération,Hors intersection,Pluie légère,Deux véhicules - côté,,,,,,,,,,,5,2,1,2,3
200800040166,0008-07-04 10:15:00,8,7,4,10,15,640,445,GENERAL DE GAULLE DU,,,Plein jour,En agglomération,Hors intersection,Normale,Deux véhicules - arrière,,,,,,,,,,,1,2,1,1,2
200800040167,0008-07-06 02:15:00,8,7,6,2,15,640,445,"1, RESISTANCE",,,Nuit avec éclairage allumé,En agglomération,Intersection en X,Pluie forte,Deux véhicules - côté,,,,,,,,,,,5,2,2,3,3
200800040168,0008-07-04 18:50:00,8,7,4,18,50,640,445,"1, TOURASSE",,,Plein jour,En agglomération,Hors intersection,Temps éblouissant,Deux véhicules - arrière,,,,,,,,,,,1,2,1,7,2
200800040169,0008-07-09 16:03:00,8,7,9,16,3,640,445,"1, CASTETNAU",,,Plein jour,En agglomération,Intersection en X,Normale,Deux véhicules - côté,,,,,,,,,,,1,2,2,1,3
200800040170,0008-07-09 14:55:00,8,7,9,14,55,640,445,GEN DE GAULLE DU,,,Plein jour,En agglomération,Intersection en Y,Normale,Deux véhicules - côté,,,,,,,,,,,1,2,4,1,3
200800040171,0008-07-10 16:05:00,8,7,10,16,5,640,445,"51, ALSACE LORRAINE D'",,,Plein jour,En agglomération,Intersection en X,Normale,Deux véhicules - côté,,,,,,,,,,,1,2,2,1,3
200800040172,0008-07-15 09:30:00,8,7,15,9,30,640,445,"01, LILAS DES",,,Plein jour,En agglomération,Hors intersection,Normale,Autre collision,,,,,,,,,,,1,2,1,1,6
200800040173,0008-07-15 21:25:00,8,7,15,21,25,640,445,GRAMONT,,,Nuit avec éclairage allumé,En agglomération,Hors intersection,Normale,Deux véhicules - arrière,,,,,,,,,,,5,2,1,1,2
200800040174,0008-07-16 12:35:00,8,7,16,12,35,640,445,CAMI SALIE DU,,,Plein jour,En agglomération,Hors intersection,Normale,Deux véhicules - frontale,,,,,,,,,,,1,2,1,1,1
200800040175,0008-07-16 17:25:00,8,7,16,17,25,640,445,"1, PAIX",,,Plein jour,En agglomération,Hors intersection,Normale,Sans collision,,,,,,,,,,,1,2,1,1,7
200800040176,0008-07-18 21:00:00,8,7,18,21,0,640,445,"74, ALSACE LORRAINE D'",,,Plein jour,En agglomération,Intersection en X,Normale,Deux véhicules - côté,,,,,,,,,,,1,2,2,1,3
200800040177,0008-07-22 18:20:00,8,7,22,18,20,640,348,DIDIER DAURAT,,,Plein jour,En agglomération,Intersection en X,Normale,Deux véhicules - côté,,,,,,,,,,,1,2,2,1,3
200800040178,0008-07-24 10:35:00,8,7,24,10,35,640,445,"1, SARAGOSSE DE",,,Plein jour,En agglomération,Hors intersection,Normale,Deux véhicules - arrière,,,,,,,,,,,1,2,1,1,2
200800040179,0008-07-24 12:05:00,8,7,24,12,5,640,335,"0, PLAISANCE DE",,,Plein jour,En agglomération,Hors intersection,Normale,Deux véhicules - arrière,,,,,,,,,,,1,2,1,1,2
200800040180,0008-07-25 18:25:00,8,7,25,18,25,640,445,"323, DOYEN HENRY VIZIOZ",,,Plein jour,En agglomération,Hors intersection,Normale,Deux véhicules - côté,,,,,,,,,,,1,2,1,1,3
200800040181,0008-07-27 00:15:00,8,7,27,0,15,640,445,EUROPE DE L',,,Nuit avec éclairage allumé,En agglomération,Hors intersection,Normale,Sans collision,,,,,,,,,,,5,2,1,1,7
200800040182,0008-07-27 18:00:00,8,7,27,18,0,640,445,"0, EUROPE DE L'",,,Plein jour,En agglomération,Giratoire,Normale,Deux véhicules - côté,,,,,,,,,,,1,2,6,1,3
200800040183,0008-07-28 15:35:00,8,7,28,15,35,640,284,"151, RAUSKI",,,Plein jour,En agglomération,Hors intersection,Normale,Trois véhicules et plus - collisions multiples,,,,,,,,,,,1,2,1,1,5
200800040184,0008-07-28 09:20:00,8,7,28,9,20,640,445,"139, JEAN MERMOZ",,,Plein jour,En agglomération,Hors intersection,Normale,Sans collision,,,,,,,,,,,1,2,1,1,7
200800040185,0008-07-29 17:35:00,8,7,29,17,35,640,445,"0, HAMEAU DU VERT GALANT",,,Plein jour,En agglomération,Intersection en T,Normale,Deux véhicules - côté,,,,,,,,,,,1,2,3,1,3
200800040186,0008-07-01 08:25:00,8,7,1,8,25,640,483,LAHANCHIPIA (AVENUE),,,Plein jour,En agglomération,Hors intersection,Normale,Deux véhicules - côté,,,,,,,,,,,1,2,1,1,3
200800040187,0008-07-12 13:40:00,8,7,12,13,40,640,189,JAURES JEAN  (AVENUE),,,Plein jour,En agglomération,Hors intersection,Normale,Deux véhicules - côté,,,,,,,,,,,1,2,1,1,3
200800040188,0008-07-18 18:55:00,8,7,18,18,55,640,545,IBARDIN (ROUTE D'),,,Plein jour,Hors agglomération,Hors intersection,Normale,Sans collision,,,,,,,,,,,1,1,1,1,7
200800040189,0008-07-19 20:50:00,8,7,19,20,50,640,483,"10, HUGO VICTOR (BOULEVA",,,Plein jour,En agglomération,Hors intersection,Normale,Deux véhicules - côté,,,,,,,,,,,1,2,1,1,3
200800040190,0008-07-21 15:55:00,8,7,21,15,55,640,189,"47, BENOIT PIERRE (BOULE",,,Plein jour,En agglomération,Hors intersection,Normale,Deux véhicules - arrière,,,,,,,,,,,1,2,1,1,2
200800040191,0008-07-24 11:15:00,8,7,24,11,15,640,249,"352, GENERAL DE GAULLE(A",,,Plein jour,En agglomération,Hors intersection,Normale,Deux véhicules - frontale,,,,,,,,,,,1,2,1,1,1
200800040192,0008-07-25 14:20:00,8,7,25,14,20,640,483,GAULLE (PONT CHARLES DE),,,Plein jour,En agglomération,Hors intersection,Normale,Deux véhicules - arrière,,,,,,,,,,,1,2,1,1,2
200800040193,0008-07-28 16:00:00,8,7,28,16,0,640,545,RD810,,,Plein jour,Hors agglomération,Hors intersection,Pluie légère,Trois véhicules et plus - en chaîne,,,,,,,,,,,1,1,1,2,4
200800040194,0008-07-28 16:01:00,8,7,28,16,1,640,545,RD810,,,Plein jour,Hors agglomération,Hors intersection,Pluie légère,Deux véhicules - arrière,,,,,,,,,,,1,1,1,2,2
200800040195,0008-07-04 14:35:00,8,7,4,14,35,640,483,CHANTACO (AVENUE DE ),,,Plein jour,En agglomération,Hors intersection,Normale,Deux véhicules - côté,,,,,,,,,,,1,2,1,1,3
200800040196,0008-07-13 19:45:00,8,7,13,19,45,640,189,BRETELLE DE SOCOA RD 913,,,Plein jour,Hors agglomération,Hors intersection,Normale,Autre collision,,,,,,,,,,,1,1,1,1,6
200800040197,0008-07-14 12:00:00,8,7,14,12,0,640,545,ASCAIN (CHEMIN D'),,,Plein jour,En agglomération,Hors intersection,Normale,Deux véhicules - frontale,,,,,,,,,,,1,2,1,1,1
200800040198,0008-07-20 00:25:00,8,7,20,0,25,640,483,RD810,,,Nuit sans éclairage public,Hors agglomération,Hors intersection,Normale,Deux véhicules - arrière,,,,,,,,,,,3,1,1,1,2
200800040199,0008-07-19 18:50:00,8,7,19,18,50,640,483,CHANTACO (AVENUE DE ),,,Plein jour,En agglomération,Hors intersection,Normale,Deux véhicules - frontale,,,,,,,,,,,1,2,1,1,1
200800040200,0008-07-17 13:25:00,8,7,17,13,25,640,249,GETARIA(AVENUE),,,Plein jour,En agglomération,Hors intersection,Normale,Deux véhicules - côté,,,,,,,,,,,1,2,1,1,3
200800040201,0008-07-21 01:30:00,8,7,21,1,30,640,483,"2, HUGO VICTOR (BOULEVAR",,,Nuit avec éclairage allumé,En agglomération,Intersection en T,Normale,Deux véhicules - côté,,,,,,,,,,,5,2,3,1,3
200800040202,0008-07-28 10:00:00,8,7,28,10,0,640,249,RD810,,,Plein jour,En agglomération,Hors intersection,Normale,Deux véhicules - frontale,,,,,,,,,,,1,2,1,1,1
200800040203,0008-07-28 09:35:00,8,7,28,9,35,640,249,RD810,,,Plein jour,Hors agglomération,Intersection en T,Normale,Deux véhicules - frontale,,,,,,,,,,,1,1,3,1,1
200800040204,0008-07-31 09:25:00,8,7,31,9,25,640,483,CHANTACO (AVENUE DE ),,,Plein jour,En agglomération,Hors intersection,Normale,Trois véhicules et plus - collisions multiples,,,,,,,,,,,1,2,1,1,5
200800040205,0008-07-18 19:25:00,8,7,18,19,25,640,483,CHANTACO (AVENUE DE ),,,Plein jour,En agglomération,Hors intersection,Normale,Deux véhicules - côté,,,,,,,,,,,1,2,1,1,3
200800040206,0008-07-01 14:40:00,8,7,1,14,40,650,286,"1, MOULIN (AVENUE JEAN)",,,Plein jour,En agglomération,Intersection en Y,Normale,Deux véhicules - côté,,,,,,,,,,,1,2,4,1,3
200800040207,0008-07-14 11:10:00,8,7,14,11,10,650,286,BAGNERES (ROUTE DE),,,Plein jour,En agglomération,Hors intersection,Normale,Deux véhicules - côté,,,,,,,,,,,1,2,1,1,3
200800040208,0008-07-01 15:20:00,8,7,1,15,20,650,440,"1, LECLERC (ALLEES GENER",,,Plein jour,En agglomération,Hors intersection,Normale,Trois véhicules et plus - en chaîne,,,,,,,,,,,1,2,1,1,4
200800040209,0008-07-03 08:50:00,8,7,3,8,50,650,417,"., MITTERRAND (AVENUE FR",,,Plein jour,En agglomération,Intersection en T,Normale,Deux véhicules - côté,,,,,,,,,,,1,2,3,1,3
200800040210,0008-07-03 12:55:00,8,7,3,12,55,650,100,"., COMMANDEUR (AVENUE DU",,,Plein jour,En agglomération,Intersection en T,Normale,Deux véhicules - côté,,,,,,,,,,,1,2,3,1,3
200800040211,0008-07-04 21:05:00,8,7,4,21,5,650,440,"., MARTINET (BOULEVARD D",,,Crépuscule ou aube,En agglomération,Hors intersection,Normale,Autre collision,,,,,,,,,,,2,2,1,1,6
200800040212,0008-07-06 23:05:00,8,7,6,23,5,650,331,"., LOURDES (AVENUE DE)",,,Nuit avec éclairage allumé,En agglomération,Hors intersection,Pluie légère,Autre collision,,,,,,,,,,,5,2,1,2,6
200800040213,0008-07-08 18:25:00,8,7,8,18,25,650,440,"., VOSGES (AVENUE DES)",,,Plein jour,En agglomération,Hors intersection,Normale,Autre collision,,,,,,,,,,,1,2,1,1,6
200800040214,0008-07-05 21:50:00,8,7,5,21,50,650,440,"., CLEMENCEAU (RUE GEORG",,,Nuit avec éclairage allumé,En agglomération,Intersection en X,Normale,Deux véhicules - côté,,,,,,,,,,,5,2,2,1,3
200800040215,0008-07-10 10:15:00,8,7,10,10,15,650,251,"., MARECHAL FOCH (RUE DU",,,Plein jour,En agglomération,Intersection en X,Normale,Autre collision,,,,,,,,,,,1,2,2,1,6
200800040216,0008-07-21 12:00:00,8,7,21,12,0,650,440,"28, REGIMENT DE BIGORRE",,,Plein jour,En agglomération,Hors intersection,Normale,Autre collision,,,,,,,,,,,1,2,1,1,6
200800040217,0008-07-24 13:58:00,8,7,24,13,58,650,440,"., FOCH (RUE DU MARECHAL",,,Plein jour,En agglomération,Hors intersection,Normale,Autre collision,,,,,,,,,,,1,2,1,1,6
200800040218,0008-07-24 19:50:00,8,7,24,19,50,650,440,"., MASSEY (RUE)",,,Plein jour,En agglomération,Intersection en X,Normale,Deux véhicules - côté,,,,,,,,,,,1,2,2,1,3
200800040219,0008-07-24 22:20:00,8,7,24,22,20,650,226,"., NATIONALE 21 (ROUTE)",,,Nuit sans éclairage public,Hors agglomération,Hors intersection,Normale,Deux véhicules - frontale,,,,,,,,,,,3,1,1,1,1
200800040220,0008-07-04 12:30:00,8,7,4,12,30,660,136,Départementale 1,,,Plein jour,Hors agglomération,Hors intersection,Normale,Autre collision,,,,,,,,,,,1,1,1,1,6
200800040221,0008-07-06 04:25:00,8,7,6,4,25,660,136,SAINT-ASSISCLE (BOULEVAR,,,Nuit avec éclairage allumé,En agglomération,Hors intersection,Normale,Autre collision,,,,,,,,,,,5,2,1,1,6
200800040222,0008-07-06 05:10:00,8,7,6,5,10,660,136,JULIEN PANCHOT (AVENUE),,,Nuit avec éclairage allumé,En agglomération,Hors intersection,Normale,Deux véhicules - côté,,,,,,,,,,,5,2,1,1,3
200800040223,0008-07-06 05:56:00,8,7,6,5,56,660,136,JOFFRE (AVENUE DU MARECH,,,Crépuscule ou aube,En agglomération,Intersection en X,Normale,Autre collision,,,,,,,,,,,2,2,2,1,6
200800040224,0008-07-18 18:30:00,8,7,18,18,30,660,136,ROTTERDAM (ROND POINT DE,,,Plein jour,Hors agglomération,Hors intersection,Normale,Deux véhicules - arrière,,,,,,,,,,,1,1,1,1,2
200800040225,0008-07-18 15:20:00,8,7,18,15,20,660,136,SAINT-ROCH (CHEMIN DE),,,Plein jour,En agglomération,Hors intersection,Normale,Deux véhicules - côté,,,,,,,,,,,1,2,1,1,3
200800040226,0008-07-22 19:15:00,8,7,22,19,15,660,136,R D 900,,,Plein jour,Hors agglomération,Hors intersection,Normale,Autre collision,,,,,,,,,,,1,1,1,1,6
200800040227,0008-07-24 18:10:00,8,7,24,18,10,660,136,BOUSSIRON AVENUE SIMON,,,Plein jour,En agglomération,Hors intersection,Normale,Deux véhicules - côté,,,,,,,,,,,1,2,1,1,3
200800040228,0008-07-05 05:05:00,8,7,5,5,5,670,180,BITCHE (ROUTE DE),,,Crépuscule ou aube,Hors agglomération,Hors intersection,Normale,Deux véhicules - frontale,,,,,,,,,,,2,1,1,1,1
200800040229,0008-07-26 08:00:00,8,7,26,8,0,670,180,WOERTH (ROUTE DE),,,Plein jour,Hors agglomération,Hors intersection,Normale,Autre collision,,,,,,,,,,,1,1,1,1,6
200800040230,0008-07-29 15:15:00,8,7,29,15,15,670,180,"87, BISCHWILLER (ROUTE D",,,Plein jour,Hors agglomération,Hors intersection,Normale,Trois véhicules et plus - collisions multiples,,,,,,,,,,,1,1,1,1,5
200800040231,0008-07-23 18:55:00,8,7,23,18,55,670,462,"24, ILL (QUAI DE L')",,,Plein jour,En agglomération,Intersection en X,Normale,Deux véhicules - côté,,,,,,,,,,,1,2,2,1,3
200800040232,0008-07-01 07:50:00,8,7,1,7,50,670,218,ALSACE (RUE D ),,,Plein jour,En agglomération,Hors intersection,Normale,Deux véhicules - côté,,,,,,,,,,,1,2,1,1,3
200800040233,0008-07-01 13:00:00,8,7,1,13,0,670,482,"00, CLEMENCEAU (BOULEVAR",,,Plein jour,En agglomération,Intersection en X,Normale,Deux véhicules - côté,,,,,,,,,,,1,2,2,1,3
200800040234,0008-07-01 14:20:00,8,7,1,14,20,670,482,"00, VOSGES (AVENUE DES)",,,Plein jour,En agglomération,Hors intersection,Normale,Deux véhicules - côté,,,,,,,,,,,1,2,1,1,3
200800040235,0008-07-01 18:50:00,8,7,1,18,50,670,218,"00, MESSMER (AVENUE)",,,Plein jour,En agglomération,Intersection en X,Normale,Trois véhicules et plus - en chaîne,,,,,,,,,,,1,2,2,1,4
200800040236,0008-07-02 10:15:00,8,7,2,10,15,670,482,"0, MARCEL PROUST (RUE)",,,Plein jour,En agglomération,Intersection en Y,Normale,Deux véhicules - côté,,,,,,,,,,,1,2,4,1,3
200800040237,0008-07-02 11:45:00,8,7,2,11,45,670,482,"0, COMTES (RUE DES)",,,Plein jour,En agglomération,Intersection en X,Normale,Deux véhicules - côté,,,,,,,,,,,1,2,2,1,3
200800040238,0008-07-02 19:41:00,8,7,2,19,41,670,482,PIERRE CORNEILLE (AVENUE,,,Plein jour,En agglomération,Hors intersection,Normale,Autre collision,,,,,,,,,,,1,2,1,1,6
200800040239,0008-07-03 12:50:00,8,7,3,12,50,670,482,"0, TEMPLE NEUF (PLACE DU",,,Plein jour,En agglomération,Hors intersection,Pluie légère,Autre collision,,,,,,,,,,,1,2,1,2,6
200800040240,0008-07-03 13:05:00,8,7,3,13,5,670,204,"0, GUIRBADEN (SQUARE)",,,Plein jour,En agglomération,Intersection en X,Pluie légère,Deux véhicules - côté,,,,,,,,,,,1,2,2,2,3
200800040241,0008-07-04 09:50:00,8,7,4,9,50,670,482,"0, RACINE (AVENUE)",,,Plein jour,En agglomération,Hors intersection,Normale,Deux véhicules - arrière,,,,,,,,,,,1,2,1,1,2
200800040242,0008-07-05 10:20:00,8,7,5,10,20,670,218,"0, VIGNES (RUE DES)",,,Plein jour,En agglomération,Intersection en X,Normale,Deux véhicules - côté,,,,,,,,,,,1,2,2,1,3
200800040243,0008-07-05 10:20:00,8,7,5,10,20,670,267,"13, ECKBOLSHEIM (RUE D )",,,Plein jour,En agglomération,Hors intersection,Normale,Autre collision,,,,,,,,,,,1,2,1,1,6
200800040244,0008-07-07 14:45:00,8,7,7,14,45,670,482,"0, NEUHOF (ROUTE)",,,Plein jour,En agglomération,Intersection en X,Normale,Deux véhicules - côté,,,,,,,,,,,1,2,2,1,3
200800040245,0008-07-07 17:00:00,8,7,7,17,0,670,218,"190, LYON (RTE DE)",,,Plein jour,En agglomération,Hors intersection,Normale,Trois véhicules et plus - en chaîne,,,,,,,,,,,1,2,1,1,4
200800040246,0008-07-08 15:15:00,8,7,8,15,15,670,482,"0, BOECKLIN (RUE)",,,Plein jour,En agglomération,Intersection en T,Normale,Deux véhicules - arrière,,,,,,,,,,,1,2,3,1,2
200800040247,0008-07-08 15:30:00,8,7,8,15,30,670,447,"0, GENERAL DE GAULLE (RO",,,Plein jour,En agglomération,Intersection en X,Normale,Deux véhicules - côté,,,,,,,,,,,1,2,2,1,3
200800040248,0008-07-09 07:40:00,8,7,9,7,40,670,218,"00, ALFRED KASTLER (ROUT",,,Plein jour,Hors agglomération,Hors intersection,Normale,Deux véhicules - arrière,,,,,,,,,,,1,1,1,1,2
200800040249,0008-07-09 09:30:00,8,7,9,9,30,670,482,"0, WIMPHELING (RUE)",,,Plein jour,En agglomération,Hors intersection,Normale,Autre collision,,,,,,,,,,,1,2,1,1,6
200800040250,0008-07-10 00:15:00,8,7,10,0,15,670,482,"0, GOUJON (RUE DU)",,,Nuit avec éclairage allumé,En agglomération,Intersection en T,Normale,Autre collision,,,,,,,,,,,5,2,3,1,6
200800040251,0008-07-10 11:30:00,8,7,10,11,30,670,482,"0, SHAKESPEARE (AVENUE)",,,Plein jour,En agglomération,Hors intersection,Normale,Deux véhicules - côté,,,,,,,,,,,1,2,1,1,3
200800040252,0008-07-10 12:25:00,8,7,10,12,25,670,482,"0, JACOUTOT (QUAI)",,,Plein jour,En agglomération,Hors intersection,Normale,Deux véhicules - côté,,,,,,,,,,,1,2,1,1,3
200800040253,0008-07-11 06:45:00,8,7,11,6,45,670,218,LYON (RTE DE),,,Plein jour,En agglomération,Hors intersection,Normale,Deux véhicules - côté,,,,,,,,,,,1,2,1,1,3