accident_id,datetime,annee,mois,jour,heure,minute,departement,commune_insee,adresse,latitude,longitude,luminosite,agglomeration,intersection,meteo,collision,nb_vehicules,nb_usagers,nb_indemnes,nb_tues,nb_blesses_hosp,nb_blesses_legers,age_cond_1,age_cond_2,veh_type_cond_1,veh_type_cond_2,lum_code,agg_code,int_code,atm_code,col_code
200800040254,0008-07-11 11:45:00,8,7,11,11,45,670,482,"0, COLMAR (AVENUE DE)",,,Plein jour,En agglomération,Hors intersection,Normale,Autre collision,,,,,,,,,,,1,2,1,1,6
200800040255,0008-07-11 16:20:00,8,7,11,16,20,670,482,GANZAU (RUE DE LA),,,Plein jour,En agglomération,Hors intersection,Pluie légère,Deux véhicules - côté,,,,,,,,,,,1,2,1,2,3
200800040256,0008-07-11 17:20:00,8,7,11,17,20,670,447,"36, VOSGES (RUE DES)",,,Plein jour,En agglomération,Hors intersection,Temps couvert,Deux véhicules - frontale,,,,,,,,,,,1,2,1,8,1
200800040257,0008-07-14 11:00:00,8,7,14,11,0,670,204,"0, REPUBLIQUE (RUE DE LA",,,Plein jour,En agglomération,Intersection en Y,Normale,Deux véhicules - côté,,,,,,,,,,,1,2,4,1,3
200800040258,0008-07-15 09:10:00,8,7,15,9,10,670,482,"00, NEUHOF (ROUTE)",,,Plein jour,En agglomération,Intersection en T,Normale,Autre collision,,,,,,,,,,,1,2,3,1,6
200800040259,0008-07-15 16:20:00,8,7,15,16,20,670,482,"00, BOECKLIN (RUE)",,,Plein jour,En agglomération,Hors intersection,Normale,Deux véhicules - côté,,,,,,,,,,,1,2,1,1,3
200800040260,0008-07-17 18:20:00,8,7,17,18,20,670,482,"0, RENE CASSIN (ALLEE)",,,Plein jour,En agglomération,Hors intersection,Normale,Trois véhicules et plus - en chaîne,,,,,,,,,,,1,2,1,1,4
200800040261,0008-07-18 09:48:00,8,7,18,9,48,670,482,"00, COQUELICOTS (RUE DES",,,Plein jour,En agglomération,Intersection en T,Normale,Deux véhicules - côté,,,,,,,,,,,1,2,3,1,3
200800040262,0008-07-19 06:40:00,8,7,19,6,40,670,267,"06, FLANDRES (RUE DE)",,,Plein jour,En agglomération,Intersection en X,Normale,Autre collision,,,,,,,,,,,1,2,2,1,6
200800040263,0008-07-19 08:10:00,8,7,19,8,10,670,482,PRESIDENT WILSON (BOULEV,,,Plein jour,En agglomération,Intersection en X,Normale,Autre collision,,,,,,,,,,,1,2,2,1,6
200800040264,0008-07-19 11:17:00,8,7,19,11,17,670,482,"00, POLYGONE (ROUTE DU)",,,Plein jour,En agglomération,Hors intersection,Normale,Deux véhicules - côté,,,,,,,,,,,1,2,1,1,3
200800040265,0008-07-20 11:45:00,8,7,20,11,45,670,204,REPUBLIQUE (RUE DE LA),,,Plein jour,En agglomération,Intersection en X,Normale,Deux véhicules - arrière,,,,,,,,,,,1,2,2,1,2
200800040266,0008-07-21 18:05:00,8,7,21,18,5,670,218,MOULIN (RUE DU),,,Plein jour,En agglomération,Intersection en T,Normale,Autre collision,,,,,,,,,,,1,2,3,1,6
200800040267,0008-07-24 12:30:00,8,7,24,12,30,670,482,"0, ALTENHEIM (ROUTE D )",,,Plein jour,En agglomération,Intersection en T,Normale,Autre collision,,,,,,,,,,,1,2,3,1,6
200800040268,0008-07-25 07:29:00,8,7,25,7,29,670,482,"00, JEAN JAURES (AVENUE)",,,Plein jour,En agglomération,Intersection en X,Normale,Deux véhicules - côté,,,,,,,,,,,1,2,2,1,3
200800040269,0008-07-25 21:35:00,8,7,25,21,35,670,482,"00, NONTRON (RUE)",,,Crépuscule ou aube,En agglomération,Hors intersection,Normale,Autre collision,,,,,,,,,,,2,2,1,1,6
200800040270,0008-07-26 16:10:00,8,7,26,16,10,670,218,"0, FORT UHRICH (ROUTE DU",,,Plein jour,En agglomération,Hors intersection,Normale,Deux véhicules - côté,,,,,,,,,,,1,2,1,1,3
200800040271,0008-07-27 01:33:00,8,7,27,1,33,670,482,"0, ALFRED KASTLER (RUE)",,,Nuit avec éclairage allumé,En agglomération,Intersection en X,Normale,Deux véhicules - côté,,,,,,,,,,,5,2,2,1,3
200800040272,0008-07-27 22:50:00,8,7,27,22,50,670,482,"0, MOLSHEIM (RUE DE)",,,Nuit avec éclairage allumé,En agglomération,Intersection en X,Normale,Deux véhicules - côté,,,,,,,,,,,5,2,2,1,3
200800040273,0008-07-09 20:15:00,8,7,9,20,15,680,66,"7, KLEINER-SEMM-PFAD (RU",,,Plein jour,En agglomération,Intersection en X,Normale,Sans collision,,,,,,,,,,,1,2,2,1,7
200800040274,0008-07-02 18:40:00,8,7,2,18,40,680,66,"4, MADRID (RUE DE)",,,Plein jour,En agglomération,Hors intersection,Normale,Deux véhicules - côté,,,,,,,,,,,1,2,1,1,3
200800040275,0008-07-12 03:12:00,8,7,12,3,12,680,66,ROUFFACH (ROUTE DE),,,Nuit avec éclairage allumé,En agglomération,Intersection en X,Normale,Deux véhicules - côté,,,,,,,,,,,5,2,2,1,3
200800040276,0008-07-15 15:15:00,8,7,15,15,15,680,66,"24, GRILLENBREIT (RUE DU",,,Plein jour,En agglomération,Intersection en X,Normale,Deux véhicules - côté,,,,,,,,,,,1,2,2,1,3
200800040277,0008-07-16 13:37:00,8,7,16,13,37,680,66,LORRAINE (AVENUE DE),,,Plein jour,Hors agglomération,Hors intersection,Normale,Deux véhicules - côté,,,,,,,,,,,1,1,1,1,3
200800040278,0008-07-18 09:30:00,8,7,18,9,30,680,66,"1, BAGATELLE ( RUE DE LA",,,Plein jour,En agglomération,Intersection en X,Normale,Sans collision,,,,,,,,,,,1,2,2,1,7
200800040279,0008-07-24 09:56:00,8,7,24,9,56,680,66,"7, MANEGE (RUE DU)",,,Plein jour,En agglomération,Intersection en X,Normale,Deux véhicules - arrière,,,,,,,,,,,1,2,2,1,2
200800040280,0008-07-26 19:00:00,8,7,26,19,0,680,66,"13, GRUNEWALD (RUE MATHI",,,Plein jour,En agglomération,Intersection en X,Normale,Deux véhicules - côté,,,,,,,,,,,1,2,2,1,3
200800040281,0008-07-28 12:52:00,8,7,28,12,52,680,66,"65, VAL SAINT GREGOIRE (",,,Plein jour,En agglomération,Hors intersection,Normale,Deux véhicules - côté,,,,,,,,,,,1,2,1,1,3
200800040282,0008-07-26 18:50:00,8,7,26,18,50,680,112,"04, GENERAL DE GAULLE (R",,,Plein jour,En agglomération,Hors intersection,Normale,Deux véhicules - frontale,,,,,,,,,,,1,2,1,1,1
200800040283,0008-07-02 18:40:00,8,7,2,18,40,680,224,"66, BALE (RUE DE)",,,Plein jour,En agglomération,Hors intersection,Normale,Autre collision,,,,,,,,,,,1,2,1,1,6
200800040284,0008-07-03 11:40:00,8,7,3,11,40,680,224,"153, COLMAR (AVENUE DE)",,,Plein jour,En agglomération,Hors intersection,Pluie légère,Trois véhicules et plus - en chaîne,,,,,,,,,,,1,2,1,2,4
200800040285,0008-07-07 17:10:00,8,7,7,17,10,680,224,MITTERRAND (AVENUE FRANC,,,Plein jour,En agglomération,Hors intersection,Normale,Autre collision,,,,,,,,,,,1,2,1,1,6
200800040286,0008-07-14 17:25:00,8,7,14,17,25,680,224,"88, COLMAR (AVENUE DE)",,,Plein jour,En agglomération,Intersection en T,Normale,Autre collision,,,,,,,,,,,1,2,3,1,6
200800040287,0008-07-16 13:50:00,8,7,16,13,50,680,224,"16, MARTIN (RUE JEAN)",,,Plein jour,En agglomération,Hors intersection,Normale,Autre collision,,,,,,,,,,,1,2,1,1,6
200800040288,0008-07-15 17:40:00,8,7,15,17,40,680,224,STOESSEL (BOULEVARD CHAR,,,Plein jour,En agglomération,Hors intersection,Normale,Deux véhicules - arrière,,,,,,,,,,,1,2,1,1,2
200800040289,0008-07-16 20:25:00,8,7,16,20,25,680,224,"170, ROMAINS (RUE DES)",,,Plein jour,Hors agglomération,Hors intersection,Normale,Autre collision,,,,,,,,,,,1,1,1,1,6
200800040290,0008-07-12 21:00:00,8,7,12,21,0,680,224,"15, SCHUTZENBERGER (RUE",,,Crépuscule ou aube,En agglomération,Intersection en X,Normale,Deux véhicules - côté,,,,,,,,,,,2,2,2,1,3
200800040291,0008-07-19 13:15:00,8,7,19,13,15,680,224,", ALTKIRCH (AVENUE D')",,,Plein jour,En agglomération,Hors intersection,Normale,Deux véhicules - côté,,,,,,,,,,,1,2,1,1,3
200800040292,0008-07-25 08:05:00,8,7,25,8,5,680,256,"22, KINGERSHEIM (RUE DE)",,,Plein jour,En agglomération,Hors intersection,Normale,Autre collision,,,,,,,,,,,1,2,1,1,6
200800040293,0008-07-25 17:05:00,8,7,25,17,5,680,224,"17, ALLIES (BOULEVARD DE",,,Plein jour,En agglomération,Intersection en T,Normale,Deux véhicules - côté,,,,,,,,,,,1,2,3,1,3
200800040294,0008-07-27 17:00:00,8,7,27,17,0,680,224,"20, BONNES GENS (RUE DES",,,Plein jour,En agglomération,Hors intersection,Normale,Deux véhicules - arrière,,,,,,,,,,,1,2,1,1,2
200800040295,0008-07-23 17:20:00,8,7,23,17,20,680,224,CEZANNE (RUE PAUL),,,Plein jour,En agglomération,Intersection en T,Normale,Deux véhicules - côté,,,,,,,,,,,1,2,3,1,3
200800040296,0008-07-30 14:45:00,8,7,30,14,45,680,224,"43, SOLEIL (RUE DU)",,,Plein jour,En agglomération,Intersection en T,Normale,Deux véhicules - côté,,,,,,,,,,,1,2,3,1,3
200800040297,0008-07-24 15:25:00,8,7,24,15,25,680,224,"54, HEILMANN (RUE JOSUE)",,,Plein jour,En agglomération,Intersection en X,Normale,Trois véhicules et plus - collisions multiples,,,,,,,,,,,1,2,2,1,5
200800040298,0008-07-02 11:45:00,8,7,2,11,45,680,224,"29, SIPHON (RUE DU)",,,Plein jour,En agglomération,Intersection en T,Normale,Autre collision,,,,,,,,,,,1,2,3,1,6
200800040299,0008-07-25 03:10:00,8,7,25,3,10,680,224,AUTOROUTE A 36,,,Nuit avec éclairage non allumé,Hors agglomération,Hors intersection,Normale,Deux véhicules - arrière,,,,,,,,,,,4,1,1,1,2
200800040300,0008-07-19 11:37:00,8,7,19,11,37,680,224,"22, ILL (RUE DE L')",,,Plein jour,En agglomération,Intersection en T,Normale,Deux véhicules - côté,,,,,,,,,,,1,2,3,1,3
200800040301,0008-07-05 22:09:00,8,7,5,22,9,680,297,LACHENWEG ( RUE DE ),,,Nuit sans éclairage public,Hors agglomération,Hors intersection,Normale,Deux véhicules - côté,,,,,,,,,,,3,1,1,1,3
200800040302,0008-07-04 05:40:00,8,7,4,5,40,690,29,"1, BOULEVARD PINEL",,,Crépuscule ou aube,En agglomération,Intersection en X,Normale,Deux véhicules - côté,,,,,,,,,,,2,2,2,1,3
200800040303,0008-07-07 17:45:00,8,7,7,17,45,690,29,"95, BOULEVARD PINEL",,,Plein jour,En agglomération,Hors intersection,Normale,Autre collision,,,,,,,,,,,1,2,1,1,6
200800040304,0008-07-15 07:30:00,8,7,15,7,30,690,29,"1, AVENUE PIERRE MENDES",,,Plein jour,En agglomération,Hors intersection,Normale,Deux véhicules - côté,,,,,,,,,,,1,2,1,1,3
200800040305,0008-07-12 19:20:00,8,7,12,19,20,690,29,"1, AVENUE MARECHAL DE LA",,,Plein jour,En agglomération,Intersection en T,Normale,Deux véhicules - côté,,,,,,,,,,,1,2,3,1,3
200800040306,0008-07-20 13:30:00,8,7,20,13,30,690,34,CHEMIN DE CREPIEUX,,,Plein jour,En agglomération,Intersection en X,Normale,Autre collision,,,,,,,,,,,1,2,2,1,6
200800040307,0008-07-22 07:35:00,8,7,22,7,35,690,34,RUE FRANCOIS PEISSEL,,,Plein jour,En agglomération,Intersection en T,Normale,Deux véhicules - côté,,,,,,,,,,,1,2,3,1,3
200800040308,0008-07-23 02:30:00,8,7,23,2,30,690,34,"433, QUAI CLEMENCEAU",,,Nuit avec éclairage allumé,En agglomération,Hors intersection,Normale,Autre collision,,,,,,,,,,,5,2,1,1,6
200800040309,0008-07-27 17:40:00,8,7,27,17,40,690,34,"121, GRANDE RUE DE SAINT",,,Plein jour,En agglomération,Hors intersection,Normale,Deux véhicules - côté,,,,,,,,,,,1,2,1,1,3
200800040310,0008-07-03 09:41:00,8,7,3,9,41,690,91,"82, JEAN LIGONNET ( R )",,,Plein jour,En agglomération,Hors intersection,Normale,Sans collision,,,,,,,,,,,1,2,1,1,7
200800040311,0008-07-07 07:25:00,8,7,7,7,25,690,149,"5, FRANCISQUE JOMARD",,,Plein jour,En agglomération,Intersection en X,Normale,Autre collision,,,,,,,,,,,1,2,2,1,6
200800040312,0008-07-04 21:00:00,8,7,4,21,0,690,202,"69, COMMANDANT CHARCOT (",,,Crépuscule ou aube,En agglomération,Intersection en T,Normale,Deux véhicules - côté,,,,,,,,,,,2,2,3,1,3
200800040313,0008-07-16 12:30:00,8,7,16,12,30,690,142,"31, JEAN JACQUES ROUSSEA",,,Plein jour,En agglomération,Hors intersection,Normale,Deux véhicules - arrière,,,,,,,,,,,1,2,1,1,2
200800040314,0008-07-18 18:30:00,8,7,18,18,30,690,152,"112, EUROPE (DE L')",,,Plein jour,En agglomération,Hors intersection,Normale,Deux véhicules - côté,,,,,,,,,,,1,2,1,1,3
200800040315,0008-07-09 10:30:00,8,7,9,10,30,690,202,"139, COMMANDANT CHARCOT",,,Plein jour,En agglomération,Intersection en T,Normale,Deux véhicules - côté,,,,,,,,,,,1,2,3,1,3
200800040316,0008-07-29 12:20:00,8,7,29,12,20,690,259,"0, RUE PIERRE TIMBAUD",,,Plein jour,En agglomération,Intersection en X,Normale,Deux véhicules - arrière,,,,,,,,,,,1,2,2,1,2
200800040317,0008-07-01 08:00:00,8,7,1,8,0,690,259,"364, ROUTE DE VIENNE",,,Plein jour,En agglomération,Hors intersection,Normale,Deux véhicules - côté,,,,,,,,,,,1,2,1,1,3
200800040318,0008-07-03 18:00:00,8,7,3,18,0,690,259,"10, AVENUE PIERRE COT",,,Plein jour,En agglomération,Hors intersection,Normale,Deux véhicules - arrière,,,,,,,,,,,1,2,1,1,2
200800040319,0008-07-05 14:15:00,8,7,5,14,15,690,259,"1, BOULEVARD IRENE JOLIO",,,Plein jour,En agglomération,Hors intersection,Normale,Deux véhicules - côté,,,,,,,,,,,1,2,1,1,3
200800040320,0008-07-15 21:30:00,8,7,15,21,30,690,259,"0, BOULEVARD MARCEL SEMB",,,Nuit avec éclairage allumé,En agglomération,Intersection en T,Normale,Deux véhicules - côté,,,,,,,,,,,5,2,3,1,3
200800040321,0008-07-16 16:20:00,8,7,16,16,20,690,259,"0, RUE JULES FERRY",,,Plein jour,En agglomération,Hors intersection,Normale,Deux véhicules - frontale,,,,,,,,,,,1,2,1,1,1
200800040322,0008-07-17 20:30:00,8,7,17,20,30,690,259,BOULEVARD AMBROISE CROIZ,,,Crépuscule ou aube,En agglomération,Intersection en X,Normale,Deux véhicules - côté,,,,,,,,,,,2,2,2,1,3
200800040323,0008-07-25 12:00:00,8,7,25,12,0,690,259,"263, ROUTE DE VIENNE",,,Plein jour,En agglomération,Hors intersection,Normale,Deux véhicules - côté,,,,,,,,,,,1,2,1,1,3
200800040324,0008-07-25 12:30:00,8,7,25,12,30,690,199,"0, AVENUE JEAN JAURES",,,Plein jour,En agglomération,Intersection en X,Normale,Deux véhicules - côté,,,,,,,,,,,1,2,2,1,3
200800040325,0008-07-24 19:10:00,8,7,24,19,10,690,259,"81, BOULEVARD DU DOCTEUR",,,Plein jour,En agglomération,Hors intersection,Normale,Autre collision,,,,,,,,,,,1,2,1,1,6
200800040326,0008-07-31 16:40:00,8,7,31,16,40,690,259,"0, ROUTE DE CORBAS",,,Plein jour,En agglomération,Intersection en T,Normale,Deux véhicules - côté,,,,,,,,,,,1,2,3,1,3
200800040327,0008-07-02 17:50:00,8,7,2,17,50,690,264,"975, EUROPE L'  AV DE",,,Plein jour,En agglomération,Hors intersection,Normale,Autre collision,,,,,,,,,,,1,2,1,1,6
200800040328,0008-07-11 15:55:00,8,7,11,15,55,690,264,EUROPE L'  AV DE,,,Plein jour,En agglomération,Hors intersection,Pluie légère,Deux véhicules - côté,,,,,,,,,,,1,2,1,2,3
200800040329,0008-07-06 14:00:00,8,7,6,14,0,690,266,"23, autre",,,Plein jour,En agglomération,Intersection en T,Normale,Deux véhicules - côté,,,,,,,,,,,1,2,3,1,3
200800040330,0008-07-11 12:10:00,8,7,11,12,10,690,266,RUE VICTOR BASCH,,,Plein jour,En agglomération,Intersection en X,Normale,Deux véhicules - côté,,,,,,,,,,,1,2,2,1,3
200800040331,0008-07-12 12:00:00,8,7,12,12,0,690,266,"1, RUE PAUL VERLAINE",,,Plein jour,En agglomération,Intersection en X,Normale,Autre collision,,,,,,,,,,,1,2,2,1,6
200800040332,0008-07-12 15:55:00,8,7,12,15,55,690,266,"., RUE DU CAPORAL MORANG",,,Plein jour,En agglomération,Intersection en X,Normale,Sans collision,,,,,,,,,,,1,2,2,1,7
200800040333,0008-07-17 17:10:00,8,7,17,17,10,690,266,"31, RUE RACINE",,,Plein jour,En agglomération,Hors intersection,Normale,Trois véhicules et plus - collisions multiples,,,,,,,,,,,1,2,1,1,5
200800040334,0008-07-22 21:00:00,8,7,22,21,0,690,266,COURS DOCTEUR JEAN DAMID,,,Crépuscule ou aube,En agglomération,Intersection en T,Normale,Deux véhicules - frontale,,,,,,,,,,,2,2,3,1,1
200800040335,0008-07-24 08:55:00,8,7,24,8,55,690,266,"1, RUE FRANCIS DE PRESSE",,,Plein jour,En agglomération,Intersection en T,Temps éblouissant,Autre collision,,,,,,,,,,,1,2,3,7,6
200800040336,0008-07-25 09:35:00,8,7,25,9,35,690,266,"face 84, RUE DU 1 MARS 1",,,Plein jour,En agglomération,Autre intersection,Normale,Autre collision,,,,,,,,,,,1,2,9,1,6
200800040337,0008-07-14 04:20:00,8,7,14,4,20,690,282,RUE VICTOR HUGO,,,Nuit avec éclairage allumé,En agglomération,Hors intersection,Normale,Sans collision,,,,,,,,,,,5,2,1,1,7
200800040338,0008-07-03 06:40:00,8,7,3,6,40,690,290,"0, RUE DU LYONNAIS",,,Plein jour,En agglomération,Hors intersection,Pluie forte,Trois véhicules et plus - en chaîne,,,,,,,,,,,1,2,1,3,4
200800040339,0008-07-09 15:40:00,8,7,9,15,40,690,290,RUE ARISTIDE BRIAND,,,Plein jour,En agglomération,Hors intersection,Normale,Autre collision,,,,,,,,,,,1,2,1,1,6
200800040340,0008-07-10 15:00:00,8,7,10,15,0,690,290,"42, RUE DE LA CORDIERE",,,Plein jour,En agglomération,Hors intersection,Normale,Deux véhicules - côté,,,,,,,,,,,1,2,1,1,3
200800040341,0008-07-10 15:20:00,8,7,10,15,20,690,290,"12, RUE ARISTIDE BRIAND",,,Plein jour,En agglomération,Hors intersection,Normale,Autre collision,,,,,,,,,,,1,2,1,1,6
200800040342,0008-07-16 09:10:00,8,7,16,9,10,690,290,"0, COURS DU TROISIEME MI",,,Plein jour,En agglomération,Intersection en X,Normale,Deux véhicules - côté,,,,,,,,,,,1,2,2,1,3
200800040343,0008-07-16 20:10:00,8,7,16,20,10,690,290,BOULEVARD ANDRE BOULLOCH,,,Plein jour,En agglomération,Autre intersection,Normale,Deux véhicules - côté,,,,,,,,,,,1,2,9,1,3
200800040344,0008-07-16 12:25:00,8,7,16,12,25,690,290,"0, ROUTE DE LYON",,,Plein jour,Hors agglomération,Intersection en X,Normale,Deux véhicules - arrière,,,,,,,,,,,1,1,2,1,2
200800040345,0008-07-22 17:10:00,8,7,22,17,10,700,550,MAGINOT (RUE ANDRE),,,Plein jour,En agglomération,Intersection en T,Normale,Deux véhicules - côté,,,,,,,,,,,1,2,3,1,3
200800040346,0008-07-31 09:55:00,8,7,31,9,55,700,550,"7, GROSJEAN (RUE)",,,Plein jour,En agglomération,Hors intersection,Normale,Deux véhicules - arrière,,,,,,,,,,,1,2,1,1,2
200800040347,0008-07-01 11:15:00,8,7,1,11,15,710,76,DUHESME (RUE GENERAL),,,Plein jour,En agglomération,Hors intersection,Normale,Deux véhicules - côté,,,,,,,,,,,1,2,1,1,3
200800040348,0008-07-01 18:15:00,8,7,1,18,15,710,475,ROUTE NATIONALE 80,,,Plein jour,Hors agglomération,Hors intersection,Normale,Deux véhicules - frontale,,,,,,,,,,,1,1,1,1,1
200800040349,0008-07-03 20:00:00,8,7,3,20,0,710,475,ROUTE NATIONALE 6,,,Plein jour,Hors agglomération,Hors intersection,Normale,Sans collision,,,,,,,,,,,1,1,1,1,7
200800040350,0008-07-13 13:45:00,8,7,13,13,45,710,475,BUXY (ROUTE DE ),,,Plein jour,Hors agglomération,Hors intersection,Pluie forte,Autre collision,,,,,,,,,,,1,1,1,3,6
200800040351,0008-07-23 12:00:00,8,7,23,12,0,710,445,VILLENEUVE (RUE DE LA),,,Plein jour,Hors agglomération,Intersection en T,Normale,Deux véhicules - côté,,,,,,,,,,,1,1,3,1,3
200800040352,0008-07-02 17:00:00,8,7,2,17,0,710,153,COURONNE (RUE DE LA),,,Plein jour,En agglomération,Intersection en T,Normale,Deux véhicules - côté,,,,,,,,,,,1,2,3,1,3
200800040353,0008-07-02 17:15:00,8,7,2,17,15,710,153,"., MIDI (PROMENADE DU)",,,Plein jour,En agglomération,Hors intersection,Normale,Trois véhicules et plus - collisions multiples,,,,,,,,,,,1,2,1,1,5
200800040354,0008-07-07 00:10:00,8,7,7,0,10,710,540,"., MOUILLELONGUE (BOULEV",,,Nuit avec éclairage allumé,En agglomération,Hors intersection,Normale,Autre collision,,,,,,,,,,,5,2,1,1,6
200800040355,0008-07-11 17:40:00,8,7,11,17,40,710,153,"., BLANZY (RUE DE)",,,Plein jour,En agglomération,Intersection en X,Normale,Deux véhicules - côté,,,,,,,,,,,1,2,2,1,3
200800040356,0008-07-12 02:00:00,8,7,12,2,0,710,153,"54, CAVELL (RUE EDITH)",,,Nuit avec éclairage allumé,En agglomération,Hors intersection,Normale,Autre collision,,,,,,,,,,,5,2,1,1,6
200800040357,0008-07-16 19:35:00,8,7,16,19,35,710,153,"., ABATTOIRS (boulevard",,,Plein jour,En agglomération,Hors intersection,Normale,Autre collision,,,,,,,,,,,1,2,1,1,6
200800040358,0008-07-17 15:05:00,8,7,17,15,5,710,540,R.N.80,,,Plein jour,Hors agglomération,Hors intersection,Normale,Deux véhicules - frontale,,,,,,,,,,,1,1,1,1,1
200800040359,0008-07-22 10:50:00,8,7,22,10,50,710,153,"16, MARECHAL LECLERC (RU",,,Plein jour,En agglomération,Hors intersection,Normale,Autre collision,,,,,,,,,,,1,2,1,1,6
200800040360,0008-07-25 07:00:00,8,7,25,7,0,710,153,"198, MARECHAL FOCH (RUE)",,,Plein jour,En agglomération,Hors intersection,Normale,Deux véhicules - côté,,,,,,,,,,,1,2,1,1,3
200800040361,0008-07-06 14:50:00,8,7,6,14,50,710,270,Carrefour Pierre MENDES,,,Plein jour,En agglomération,Autre intersection,Pluie forte,Autre collision,,,,,,,,,,,1,2,9,3,6
200800040362,0008-07-06 13:05:00,8,7,6,13,5,710,497,GENERAL DE GAULLE (BOULE,,,Plein jour,En agglomération,Hors intersection,Pluie forte,Autre collision,,,,,,,,,,,1,2,1,3,6
200800040363,0008-07-10 10:25:00,8,7,10,10,25,710,270,Intersect Pl .Poissonniè,,,Plein jour,En agglomération,Intersection en T,Normale,Autre collision,,,,,,,,,,,1,2,3,1,6
200800040364,0008-07-10 07:25:00,8,7,10,7,25,710,497,GENERAL DE GAULLE (BOULE,,,Plein jour,En agglomération,Hors intersection,Normale,Deux véhicules - côté,,,,,,,,,,,1,2,1,1,3
200800040365,0008-07-11 15:25:00,8,7,11,15,25,710,270,DUNANT (BOULEVARD HENRI),,,Plein jour,En agglomération,Hors intersection,Normale,Deux véhicules - côté,,,,,,,,,,,1,2,1,1,3
200800040366,0008-07-19 15:55:00,8,7,19,15,55,710,270,SAONE (CARREFOUR DE),,,Plein jour,En agglomération,Hors intersection,Normale,Trois véhicules et plus - collisions multiples,,,,,,,,,,,1,2,1,1,5
200800040367,0008-07-19 07:00:00,8,7,19,7,0,710,270,GRISIERE (RUE DE LA),,,Plein jour,En agglomération,Hors intersection,Normale,Autre collision,,,,,,,,,,,1,2,1,1,6
200800040368,0008-07-22 12:35:00,8,7,22,12,35,710,497,CHEF DE BATIMENT GUESNET,,,Plein jour,En agglomération,Hors intersection,Normale,Deux véhicules - arrière,,,,,,,,,,,1,2,1,1,2
200800040369,0008-07-25 19:55:00,8,7,25,19,55,710,270,LATTRE DE TASSIGNY (QUAI,,,Plein jour,En agglomération,Hors intersection,Normale,Deux véhicules - arrière,,,,,,,,,,,1,2,1,1,2
200800040370,0008-07-30 10:05:00,8,7,30,10,5,710,105,Carf Rte de Davaye/ch Cr,,,Plein jour,Hors agglomération,Intersection en X,Normale,Deux véhicules - côté,,,,,,,,,,,1,1,2,1,3
200800040371,0008-07-21 17:30:00,8,7,21,17,30,710,306,"22, MOULINS (QUAI DE)",,,Plein jour,En agglomération,Hors intersection,Normale,Deux véhicules - frontale,,,,,,,,,,,1,2,1,1,1
200800040372,0008-07-27 15:05:00,8,7,27,15,5,710,40,RN 70 (ROUTE EXPRESS),,,Plein jour,Hors agglomération,Hors intersection,Normale,Deux véhicules - arrière,,,,,,,,,,,1,1,1,1,2
200800040373,0008-07-01 08:23:00,8,7,1,8,23,720,181,ROUILLON (RUE DE),,,Plein jour,En agglomération,Hors intersection,Normale,Deux véhicules - côté,,,,,,,,,,,1,2,1,1,3
200800040374,0008-07-01 16:05:00,8,7,1,16,5,720,181,"45, BONNETABLE (RTE) N°",,,Plein jour,En agglomération,Hors intersection,Normale,Deux véhicules - côté,,,,,,,,,,,1,2,1,1,3
200800040375,0008-07-02 12:40:00,8,7,2,12,40,720,181,LAIGNE LA TIMONIERE (CHE,,,Plein jour,En agglomération,Hors intersection,Pluie légère,Autre collision,,,,,,,,,,,1,2,1,2,6
200800040376,0008-07-02 16:00:00,8,7,2,16,0,720,181,"15, ETOILE (RUE DE L')",,,Plein jour,En agglomération,Hors intersection,Normale,Autre collision,,,,,,,,,,,1,2,1,1,6
200800040377,0008-07-03 17:10:00,8,7,3,17,10,720,181,VIEUX LOUP (RUE DU),,,Plein jour,En agglomération,Hors intersection,Normale,Autre collision,,,,,,,,,,,1,2,1,1,6
200800040378,0008-07-07 14:45:00,8,7,7,14,45,720,181,PATTON GENERAL RTE ST-AU,,,Plein jour,Hors agglomération,Hors intersection,Pluie légère,Deux véhicules - côté,,,,,,,,,,,1,1,1,2,3
200800040379,0008-07-08 15:10:00,8,7,8,15,10,720,181,ANATOLE FRANCE (BD ),,,Plein jour,En agglomération,Hors intersection,Normale,Deux véhicules - frontale,,,,,,,,,,,1,2,1,1,1
200800040380,0008-07-08 17:15:00,8,7,8,17,15,720,181,CROCHARDIERE (RUE),,,Plein jour,En agglomération,Intersection en X,Normale,Deux véhicules - côté,,,,,,,,,,,1,2,2,1,3
200800040381,0008-07-10 00:20:00,8,7,10,0,20,720,3,"1, VENDEE (BD DE)",,,Nuit avec éclairage allumé,En agglomération,Intersection en T,Normale,Deux véhicules - côté,,,,,,,,,,,5,2,3,1,3
200800040382,0008-07-10 14:20:00,8,7,10,14,20,720,181,VOLTAIRE (RUE) N° IMP 1,,,Plein jour,En agglomération,Hors intersection,Normale,Deux véhicules - arrière,,,,,,,,,,,1,2,1,1,2
200800040383,0008-07-11 17:14:00,8,7,11,17,14,720,181,PATTON GENERAL RTE BAUGE,,,Plein jour,Hors agglomération,Hors intersection,Normale,Deux véhicules - arrière,,,,,,,,,,,1,1,1,1,2
200800040384,0008-07-13 17:30:00,8,7,13,17,30,720,181,ITALIENS (BD DES),,,Plein jour,Hors agglomération,Hors intersection,Normale,Autre collision,,,,,,,,,,,1,1,1,1,6
200800040385,0008-07-14 12:25:00,8,7,14,12,25,720,181,BOEUFS LE PETIT HOUX (CH,,,Plein jour,Hors agglomération,Hors intersection,Normale,Deux véhicules - côté,,,,,,,,,,,1,1,1,1,3
200800040386,0008-07-15 13:45:00,8,7,15,13,45,720,181,BROSSOLETTE PIERRE (BD),,,Plein jour,En agglomération,Intersection en X,Normale,Deux véhicules - frontale,,,,,,,,,,,1,2,2,1,1