accident_id,datetime,annee,mois,jour,heure,minute,departement,commune_insee,adresse,latitude,longitude,luminosite,agglomeration,intersection,meteo,collision,nb_vehicules,nb_usagers,nb_indemnes,nb_tues,nb_blesses_hosp,nb_blesses_legers,age_cond_1,age_cond_2,veh_type_cond_1,veh_type_cond_2,lum_code,agg_code,int_code,atm_code,col_code
200800040387,0008-07-16 17:08:00,8,7,16,17,8,720,181,LEDRU ROLLIN QUAI N° 1 A,,,Plein jour,En agglomération,Hors intersection,Normale,Deux véhicules - côté,,,,,,,,,,,1,2,1,1,3
200800040388,0008-07-18 19:00:00,8,7,18,19,0,720,181,"117, FROMENDIERE (RUE DE",,,Plein jour,En agglomération,Hors intersection,Normale,Autre collision,,,,,,,,,,,1,2,1,1,6
200800040389,0008-07-19 04:00:00,8,7,19,4,0,720,181,RUBILLARD AV N° IMP 1 A,,,Nuit avec éclairage allumé,En agglomération,Hors intersection,Normale,Autre collision,,,,,,,,,,,5,2,1,1,6
200800040390,0008-07-19 23:50:00,8,7,19,23,50,720,181,"62, NORMANDIE NIEMEN (RU",,,Nuit avec éclairage allumé,En agglomération,Hors intersection,Normale,Autre collision,,,,,,,,,,,5,2,1,1,6
200800040391,0008-07-21 17:20:00,8,7,21,17,20,720,181,EINSTEIN ALBERT (RUE),,,Plein jour,En agglomération,Hors intersection,Normale,Deux véhicules - côté,,,,,,,,,,,1,2,1,1,3
200800040392,0008-07-27 22:00:00,8,7,27,22,0,720,181,MITTERAND FRANCOIS (AV),,,Nuit avec éclairage allumé,En agglomération,Hors intersection,Normale,Deux véhicules - côté,,,,,,,,,,,5,2,1,1,3
200800040393,0008-07-28 10:30:00,8,7,28,10,30,720,181,CARNOT (BD),,,Plein jour,En agglomération,Hors intersection,Normale,Autre collision,,,,,,,,,,,1,2,1,1,6
200800040394,0008-07-29 17:45:00,8,7,29,17,45,720,181,"19 BIS, ARCOLE (RUE D')",,,Plein jour,En agglomération,Hors intersection,Normale,Deux véhicules - frontale,,,,,,,,,,,1,2,1,1,1
200800040395,0008-07-07 18:00:00,8,7,7,18,0,730,8,GOLF AVENUE DU,,,Plein jour,En agglomération,Hors intersection,Normale,Autre collision,,,,,,,,,,,1,2,1,1,6
200800040396,0008-07-25 13:50:00,8,7,25,13,50,730,65,RECLUS (FAUBOURG),,,Plein jour,Hors agglomération,Giratoire,Normale,Deux véhicules - côté,,,,,,,,,,,1,1,6,1,3
200800040397,0008-07-10 18:05:00,8,7,10,18,5,740,10,"9, ROMAINS (AVENUE DES)(",,,Nuit sans éclairage public,En agglomération,Hors intersection,Normale,Autre collision,,,,,,,,,,,3,2,1,1,6
200800040398,0008-07-16 17:23:00,8,7,16,17,23,740,10,"10, SEMNOZ (ROUTE DU)",,,Plein jour,En agglomération,Hors intersection,Normale,Autre collision,,,,,,,,,,,1,2,1,1,6
200800040399,0008-07-18 03:00:00,8,7,18,3,0,740,10,"., FRANCE (AVENUE)(SECTE",,,Nuit avec éclairage allumé,En agglomération,Intersection en X,Normale,Autre collision,,,,,,,,,,,5,2,2,1,6
200800040400,0008-07-22 10:40:00,8,7,22,10,40,740,10,BROGNY (AVENUE DE) (SECT,,,Plein jour,Hors agglomération,Hors intersection,Normale,Deux véhicules - frontale,,,,,,,,,,,1,1,1,1,1
200800040401,0008-07-18 16:30:00,8,7,18,16,30,740,10,"44, GAMBETTA",,,Plein jour,En agglomération,Hors intersection,Normale,Autre collision,,,,,,,,,,,1,2,1,1,6
200800040402,0008-07-08 17:45:00,8,7,8,17,45,740,118,SALEVE (ROUTE DU),,,Plein jour,En agglomération,Hors intersection,Normale,Deux véhicules - frontale,,,,,,,,,,,1,2,1,1,1
200800040403,0008-07-16 11:00:00,8,7,16,11,0,740,305,"04, BUCHILLONS (AVENUE D",,,Plein jour,En agglomération,Hors intersection,Normale,Deux véhicules - côté,,,,,,,,,,,1,2,1,1,3
200800040404,0008-07-23 19:47:00,8,7,23,19,47,740,298,"13, TANINGES (ROUTE DE )",,,Plein jour,En agglomération,Hors intersection,Normale,Deux véhicules - côté,,,,,,,,,,,1,2,1,1,3
200800040405,0008-07-30 14:50:00,8,7,30,14,50,740,12,"18, GIFFRE (AVENUE DU)",,,Plein jour,En agglomération,Hors intersection,Normale,Deux véhicules - arrière,,,,,,,,,,,1,2,1,1,2
200800040406,0008-07-03 15:10:00,8,7,3,15,10,740,218,NOAILLES (AVENUE ANNA DE,,,Plein jour,En agglomération,Hors intersection,Normale,Autre collision,,,,,,,,,,,1,2,1,1,6
200800040407,0008-07-10 23:20:00,8,7,10,23,20,740,281,CORNICHE (BD DE LA) INFE,,,Nuit avec éclairage allumé,En agglomération,Intersection en T,Normale,Deux véhicules - côté,,,,,,,,,,,5,2,3,1,3
200800040408,0008-07-09 06:32:00,8,7,9,6,32,740,281,CHAMPAGNE (AVENUE DE),,,Crépuscule ou aube,En agglomération,Intersection en X,Normale,Deux véhicules - côté,,,,,,,,,,,2,2,2,1,3
200800040409,0008-07-19 22:46:00,8,7,19,22,46,740,119,LEGER (QUAI PAUL)  RN5,,,Nuit avec éclairage allumé,En agglomération,Hors intersection,Normale,Autre collision,,,,,,,,,,,5,2,1,1,6
200800040410,0008-07-09 16:52:00,8,7,9,16,52,740,119,NOAILLES (AVENUE ANNA DE,,,Plein jour,En agglomération,Hors intersection,Normale,Autre collision,,,,,,,,,,,1,2,1,1,6
200800040411,0008-07-14 23:13:00,8,7,14,23,13,740,119,BLONAY (QUAI BARON DE),,,Plein jour,En agglomération,Hors intersection,Normale,Autre collision,,,,,,,,,,,1,2,1,1,6
200800040412,0008-07-31 19:00:00,8,7,31,19,0,740,119,TOURS (ROUTE DES),,,Plein jour,En agglomération,Hors intersection,Normale,Deux véhicules - frontale,,,,,,,,,,,1,2,1,1,1
200800040413,0008-07-22 08:40:00,8,7,22,8,40,740,119,GAVOT (AVENUE DE)  CD11,,,Plein jour,En agglomération,Intersection en X,Normale,Sans collision,,,,,,,,,,,1,2,2,1,7
200800040414,0008-07-28 17:05:00,8,7,28,17,5,740,119,NARVIK (AVENUE DE),,,Plein jour,En agglomération,Intersection en T,Normale,Trois véhicules et plus - collisions multiples,,,,,,,,,,,1,2,3,1,5
200800040415,0008-07-03 15:01:00,8,7,3,15,1,760,114,"69, THIERS (RUE)",,,Plein jour,En agglomération,Intersection en X,Normale,Deux véhicules - côté,,,,,,,,,,,1,2,2,1,3
200800040416,0008-07-22 18:00:00,8,7,22,18,0,760,576,"1086, PAVILLONS CITE SCH",,,Plein jour,En agglomération,Hors intersection,Normale,Deux véhicules - côté,,,,,,,,,,,1,2,1,1,3
200800040417,0008-07-03 21:05:00,8,7,3,21,5,760,217,"1, Normandie Sussex (Ave",,,Plein jour,En agglomération,Hors intersection,Normale,Sans collision,,,,,,,,,,,1,2,1,1,7
200800040418,0008-07-10 16:55:00,8,7,10,16,55,760,565,RD 54,,,Plein jour,Hors agglomération,Hors intersection,Normale,Deux véhicules - côté,,,,,,,,,,,1,1,1,1,3
200800040419,0008-07-10 17:43:00,8,7,10,17,43,760,217,RD 925,,,Plein jour,Hors agglomération,Hors intersection,Normale,Sans collision,,,,,,,,,,,1,1,1,1,7
200800040420,0008-07-11 15:15:00,8,7,11,15,15,760,217,"1, TRAVERSE ANGO",,,Plein jour,En agglomération,Hors intersection,Normale,Autre collision,,,,,,,,,,,1,2,1,1,6
200800040421,0008-07-14 10:21:00,8,7,14,10,21,760,217,"29, GUERRIER",,,Plein jour,En agglomération,Hors intersection,Normale,Deux véhicules - côté,,,,,,,,,,,1,2,1,1,3
200800040422,0008-07-17 16:55:00,8,7,17,16,55,760,565,RD 54,,,Plein jour,En agglomération,Hors intersection,Normale,Deux véhicules - arrière,,,,,,,,,,,1,2,1,1,2
200800040423,0008-07-18 19:58:00,8,7,18,19,58,760,217,"23, FONTAINES (DES)",,,Plein jour,En agglomération,Hors intersection,Pluie légère,Sans collision,,,,,,,,,,,1,2,1,2,7
200800040424,0008-07-19 19:25:00,8,7,19,19,25,760,349,RD 75,,,Plein jour,Hors agglomération,Hors intersection,Normale,Deux véhicules - frontale,,,,,,,,,,,1,1,1,1,1
200800040425,0008-07-22 14:15:00,8,7,22,14,15,760,217,RD 920,,,Plein jour,Hors agglomération,Intersection en T,Normale,Deux véhicules - arrière,,,,,,,,,,,1,1,3,1,2
200800040426,0008-07-23 12:30:00,8,7,23,12,30,760,217,CANADIENS (AVENUE DES),,,Plein jour,En agglomération,Hors intersection,Normale,Deux véhicules - arrière,,,,,,,,,,,1,2,1,1,2
200800040427,0008-07-24 20:55:00,8,7,24,20,55,760,707,RD 23,,,Plein jour,En agglomération,Intersection en X,Normale,Deux véhicules - côté,,,,,,,,,,,1,2,2,1,3
200800040428,0008-07-25 08:50:00,8,7,25,8,50,760,545,RD 154,,,Plein jour,En agglomération,Hors intersection,Normale,Trois véhicules et plus - en chaîne,,,,,,,,,,,1,2,1,1,4
200800040429,0008-07-27 14:10:00,8,7,27,14,10,760,349,RD 75,,,Plein jour,Hors agglomération,Hors intersection,Normale,Sans collision,,,,,,,,,,,1,1,1,1,7
200800040430,0008-07-31 14:35:00,8,7,31,14,35,760,217,DE GAULLE (GENERAL),,,Plein jour,En agglomération,Intersection en X,Normale,Deux véhicules - côté,,,,,,,,,,,1,2,2,1,3
200800040431,0008-07-31 17:10:00,8,7,31,17,10,760,217,"36, JAURES (AVENUE JEAN)",,,Plein jour,En agglomération,Hors intersection,Pluie forte,Deux véhicules - côté,,,,,,,,,,,1,2,1,3,3
200800040432,0008-07-07 13:53:00,8,7,7,13,53,760,561,"13, CD 144 (RUE DU MAREC",,,Plein jour,En agglomération,Hors intersection,Pluie légère,Autre collision,,,,,,,,,,,1,2,1,2,6
200800040433,0008-07-08 14:20:00,8,7,8,14,20,760,561,"1, REPUBLIQUE. RUE DE LA",,,Plein jour,En agglomération,Intersection en Y,Normale,Autre collision,,,,,,,,,,,1,2,4,1,6
200800040434,0008-07-01 13:40:00,8,7,1,13,40,760,231,"21, MARTYRS. RUE DES",,,Plein jour,En agglomération,Intersection en X,Normale,Autre collision,,,,,,,,,,,1,2,2,1,6
200800040435,0008-07-04 09:35:00,8,7,4,9,35,760,259,LECLERC ( PLACE DU GENER,,,Plein jour,En agglomération,Hors intersection,Normale,Sans collision,,,,,,,,,,,1,2,1,1,7
200800040436,0008-07-14 20:10:00,8,7,14,20,10,760,259,ARQUAISE ( RUE),,,Plein jour,En agglomération,Intersection en T,Normale,Autre collision,,,,,,,,,,,1,2,3,1,6
200800040437,0008-07-01 05:45:00,8,7,1,5,45,760,351,"NEANT, COCHET",,,Crépuscule ou aube,En agglomération,Hors intersection,Normale,Sans collision,,,,,,,,,,,2,2,1,1,7
200800040438,0008-07-06 12:45:00,8,7,6,12,45,760,351,"SANS, LENINGRAD (BD DE)",,,Plein jour,En agglomération,Hors intersection,Normale,Deux véhicules - arrière,,,,,,,,,,,1,2,1,1,2
200800040439,0008-07-08 10:20:00,8,7,8,10,20,760,351,"145, HUIT MAI 1945 (AVEN",,,Plein jour,En agglomération,Hors intersection,Normale,Autre collision,,,,,,,,,,,1,2,1,1,6
200800040440,0008-07-08 16:00:00,8,7,8,16,0,760,351,"15, VALLEE (DE LA)",,,Plein jour,En agglomération,Hors intersection,Normale,Autre collision,,,,,,,,,,,1,2,1,1,6
200800040441,0008-07-12 20:35:00,8,7,12,20,35,760,447,"23, RENE DEHAIS",,,Plein jour,En agglomération,Hors intersection,Normale,Autre collision,,,,,,,,,,,1,2,1,1,6
200800040442,0008-07-13 04:00:00,8,7,13,4,0,760,351,"néant, REPUBLIQUE PROLON",,,Nuit avec éclairage allumé,En agglomération,Hors intersection,Normale,Deux véhicules - arrière,,,,,,,,,,,5,2,1,1,2
200800040443,0008-07-14 21:35:00,8,7,14,21,35,760,351,"NEANT, GEORGES BRAQUE",,,Plein jour,En agglomération,Hors intersection,Normale,Autre collision,,,,,,,,,,,1,2,1,1,6
200800040444,0008-07-16 07:10:00,8,7,16,7,10,760,481,"néant, TILLEULS (ROUTE D",,,Plein jour,Hors agglomération,Intersection en X,Normale,Deux véhicules - côté,,,,,,,,,,,1,1,2,1,3
200800040445,0008-07-16 15:40:00,8,7,16,15,40,760,351,"NEANT, CLEMENCEAU",,,Plein jour,En agglomération,Giratoire,Normale,Autre collision,,,,,,,,,,,1,2,6,1,6
200800040446,0008-07-17 13:10:00,8,7,17,13,10,760,351,"71, MARECHAL JOFFRE (RUE",,,Plein jour,En agglomération,Hors intersection,Normale,Autre collision,,,,,,,,,,,1,2,1,1,6
200800040447,0008-07-20 22:30:00,8,7,20,22,30,760,351,"Néant, RENE COTY",,,Nuit avec éclairage allumé,En agglomération,Intersection en T,Normale,Deux véhicules - côté,,,,,,,,,,,5,2,3,1,3
200800040448,0008-07-22 22:30:00,8,7,22,22,30,760,351,"Néant, PAUL VERLAINE (AV",,,Nuit avec éclairage allumé,En agglomération,Intersection en X,Normale,Autre collision,,,,,,,,,,,5,2,2,1,6
200800040449,0008-07-23 21:30:00,8,7,23,21,30,760,351,"453, JEAN JAURES (AVENUE",,,Crépuscule ou aube,En agglomération,Hors intersection,Normale,Sans collision,,,,,,,,,,,2,2,1,1,7
200800040450,0008-07-28 00:15:00,8,7,28,0,15,760,447,"NEANT, Route Département",,,Nuit avec éclairage allumé,Hors agglomération,Hors intersection,Normale,Sans collision,,,,,,,,,,,5,1,1,1,7
200800040451,0008-07-01 12:50:00,8,7,1,12,50,760,322,BRIAND. AVENUE ARISTIDE,,,Plein jour,En agglomération,Intersection en T,Normale,Deux véhicules - côté,,,,,,,,,,,1,2,3,1,3
200800040452,0008-07-01 12:20:00,8,7,1,12,20,760,157,"181, FLAUBERT. QUAI GUST",,,Plein jour,Hors agglomération,Hors intersection,Normale,Deux véhicules - côté,,,,,,,,,,,1,1,1,1,3
200800040453,0008-07-01 10:30:00,8,7,1,10,30,760,157,FLAUBERT. QUAI GUSTAVE,,,Plein jour,En agglomération,Hors intersection,Normale,Sans collision,,,,,,,,,,,1,2,1,1,7
200800040454,0008-07-01 07:15:00,8,7,1,7,15,760,474,ABBAYE. RUE DE L' (CD 51,,,Plein jour,En agglomération,Hors intersection,Normale,Deux véhicules - frontale,,,,,,,,,,,1,2,1,1,1
200800040455,0008-07-01 17:03:00,8,7,1,17,3,760,540,"1, EUROPE. BOULEVARD DE",,,Plein jour,En agglomération,Hors intersection,Normale,Deux véhicules - arrière,,,,,,,,,,,1,2,1,1,2
200800040456,0008-07-01 07:50:00,8,7,1,7,50,760,157,CD 51 (RUE DU CANAL),,,Plein jour,En agglomération,Hors intersection,Normale,Deux véhicules - frontale,,,,,,,,,,,1,2,1,1,1
200800040457,0008-07-02 20:15:00,8,7,2,20,15,760,540,A 15,,,Plein jour,Hors agglomération,Hors intersection,Normale,Deux véhicules - côté,,,,,,,,,,,1,1,1,1,3
200800040458,0008-07-04 17:00:00,8,7,4,17,0,760,484,GAULLE. AVENUE DU GENERA,,,Plein jour,En agglomération,Hors intersection,Normale,Deux véhicules - arrière,,,,,,,,,,,1,2,1,1,2
200800040459,0008-07-04 16:40:00,8,7,4,16,40,760,540,"14, BOULET. QUAI GASTON",,,Plein jour,En agglomération,Hors intersection,Normale,Autre collision,,,,,,,,,,,1,2,1,1,6
200800040460,0008-07-05 01:55:00,8,7,5,1,55,760,131,"1, D 132 (MAISON BRULEE)",,,Nuit sans éclairage public,En agglomération,Hors intersection,Normale,Trois véhicules et plus - collisions multiples,,,,,,,,,,,3,2,1,1,5
200800040461,0008-07-05 17:55:00,8,7,5,17,55,760,540,BELGES. BOULEVARD DES,,,Plein jour,En agglomération,Hors intersection,Normale,Autre collision,,,,,,,,,,,1,2,1,1,6
200800040462,0008-07-06 17:15:00,8,7,6,17,15,760,540,"1, LA FAYETTE. RUE",,,Plein jour,En agglomération,Intersection en T,Normale,Deux véhicules - côté,,,,,,,,,,,1,2,3,1,3
200800040463,0008-07-07 10:45:00,8,7,7,10,45,760,410,VALETTE. COTE DE LA (RN,,,Plein jour,Hors agglomération,Hors intersection,Normale,Deux véhicules - côté,,,,,,,,,,,1,1,1,1,3
200800040464,0008-07-07 20:35:00,8,7,7,20,35,760,216,"16, GAILLARD. RUE ROBERT",,,Plein jour,En agglomération,Hors intersection,Normale,Deux véhicules - frontale,,,,,,,,,,,1,2,1,1,1
200800040465,0008-07-03 21:30:00,8,7,3,21,30,760,540,"1, MOULIN. QUAI (HAUT) J",,,Plein jour,En agglomération,Hors intersection,Normale,Deux véhicules - frontale,,,,,,,,,,,1,2,1,1,1
200800040466,0008-07-10 13:10:00,8,7,10,13,10,760,498,RN 338,,,Plein jour,Hors agglomération,Hors intersection,Pluie légère,Sans collision,,,,,,,,,,,1,1,1,2,7
200800040467,0008-07-10 17:30:00,8,7,10,17,30,760,216,"604, RN 27 (ROUTE DE DIE",,,Plein jour,En agglomération,Hors intersection,Pluie légère,Sans collision,,,,,,,,,,,1,2,1,2,7
200800040468,0008-07-11 18:55:00,8,7,11,18,55,760,540,"1, CAVELIER DE LA SALLE.",,,Plein jour,En agglomération,Hors intersection,Normale,Sans collision,,,,,,,,,,,1,2,1,1,7
200800040469,0008-07-11 09:55:00,8,7,11,9,55,760,484,GAULLE. AVENUE DU GENERA,,,Plein jour,En agglomération,Intersection en T,Normale,Deux véhicules - côté,,,,,,,,,,,1,2,3,1,3
200800040470,0008-07-12 12:10:00,8,7,12,12,10,760,157,"1, ALLENDE. AVENUE DU PR",,,Plein jour,En agglomération,Hors intersection,Normale,Deux véhicules - côté,,,,,,,,,,,1,2,1,1,3
200800040471,0008-07-12 17:25:00,8,7,12,17,25,760,103,"13, VIEILLE COTE DU CALV",,,Plein jour,En agglomération,Hors intersection,Normale,Autre collision,,,,,,,,,,,1,2,1,1,6
200800040472,0008-07-12 21:50:00,8,7,12,21,50,760,429,CD 94,,,Nuit sans éclairage public,Hors agglomération,Hors intersection,Normale,Sans collision,,,,,,,,,,,3,1,1,1,7
200800040473,0008-07-12 10:45:00,8,7,12,10,45,760,322,"1, ROOSEVELT. AVENUE FRA",,,Plein jour,En agglomération,Hors intersection,Pluie légère,Autre collision,,,,,,,,,,,1,2,1,2,6
200800040474,0008-07-12 17:40:00,8,7,12,17,40,760,540,"1, MONT RIBOUDET. AVENUE",,,Plein jour,En agglomération,Hors intersection,Normale,Deux véhicules - côté,,,,,,,,,,,1,2,1,1,3
200800040475,0008-07-12 16:30:00,8,7,12,16,30,760,216,"422, DIEPPE. ROUTE DE (R",,,Plein jour,En agglomération,Hors intersection,Normale,Deux véhicules - côté,,,,,,,,,,,1,2,1,1,3
200800040476,0008-07-13 06:20:00,8,7,13,6,20,760,540,MONT RIBOUDET. AVENUE DU,,,Crépuscule ou aube,En agglomération,Hors intersection,Temps couvert,Sans collision,,,,,,,,,,,2,2,1,8,7
200800040477,0008-07-13 23:30:00,8,7,13,23,30,760,540,HAVRE. QUAI (BAS) DU,,,Nuit avec éclairage allumé,En agglomération,Hors intersection,Normale,Deux véhicules - arrière,,,,,,,,,,,5,2,1,1,2
200800040478,0008-07-14 10:00:00,8,7,14,10,0,760,681,"1, HALAGE. CHEMIN DU",,,Plein jour,En agglomération,Hors intersection,Normale,Sans collision,,,,,,,,,,,1,2,1,1,7
200800040479,0008-07-17 15:55:00,8,7,17,15,55,760,540,"1, SERRES. AVENUE OLIVIE",,,Plein jour,En agglomération,Hors intersection,Normale,Sans collision,,,,,,,,,,,1,2,1,1,7
200800040480,0008-07-19 13:50:00,8,7,19,13,50,760,402,"1, PELLERIN. RUE GEORGES",,,Plein jour,En agglomération,Hors intersection,Normale,Autre collision,,,,,,,,,,,1,2,1,1,6
200800040481,0008-07-22 05:00:00,8,7,22,5,0,760,451,"1, D'ESTOUTEVILLE. RUE G",,,Nuit avec éclairage allumé,En agglomération,Hors intersection,Normale,Sans collision,,,,,,,,,,,5,2,1,1,7
200800040482,0008-07-23 00:30:00,8,7,23,0,30,760,681,INDUSTRIEL. BOULEVARD (C,,,Nuit avec éclairage non allumé,En agglomération,Hors intersection,Normale,Autre collision,,,,,,,,,,,4,2,1,1,6
200800040483,0008-07-25 19:20:00,8,7,25,19,20,760,402,"1, GROUPE SCOLAIRE MIANN",,,Plein jour,En agglomération,Hors intersection,Normale,Sans collision,,,,,,,,,,,1,2,1,1,7
200800040484,0008-07-23 14:40:00,8,7,23,14,40,760,484,"1792, GAULLE. AVENUE DU",,,Plein jour,En agglomération,Hors intersection,Normale,Deux véhicules - arrière,,,,,,,,,,,1,2,1,1,2
200800040485,0008-07-24 19:25:00,8,7,24,19,25,760,575,"1, ESNAULT PELTERIE. RUE",,,Plein jour,En agglomération,Hors intersection,Normale,Deux véhicules - côté,,,,,,,,,,,1,2,1,1,3
200800040486,0008-07-24 07:25:00,8,7,24,7,25,760,540,"1, EUROPE. BOULEVARD DE",,,Plein jour,En agglomération,Hors intersection,Normale,Deux véhicules - arrière,,,,,,,,,,,1,2,1,1,2
200800040487,0008-07-24 12:16:00,8,7,24,12,16,760,212,GOURNAY. ANCIENNE ROUTE,,,Plein jour,En agglomération,Hors intersection,Normale,Deux véhicules - côté,,,,,,,,,,,1,2,1,1,3
200800040488,0008-07-25 02:45:00,8,7,25,2,45,760,540,"14, CHAMPLAIN. AVENUE",,,Nuit avec éclairage allumé,En agglomération,Hors intersection,Normale,Sans collision,,,,,,,,,,,5,2,1,1,7
200800040489,0008-07-24 07:10:00,8,7,24,7,10,760,540,"1, LESSEPS. BOULEVARD FE",,,Plein jour,En agglomération,Hors intersection,Normale,Deux véhicules - côté,,,,,,,,,,,1,2,1,1,3
200800040490,0008-07-26 21:35:00,8,7,26,21,35,760,216,"1, HEBERT. RUE GEORGES",,,Plein jour,En agglomération,Hors intersection,Normale,Deux véhicules - frontale,,,,,,,,,,,1,2,1,1,1
200800040491,0008-07-27 10:45:00,8,7,27,10,45,760,103,"51, PARIS. ROUTE DE",,,Plein jour,En agglomération,Hors intersection,Normale,Autre collision,,,,,,,,,,,1,2,1,1,6
200800040492,0008-07-29 06:05:00,8,7,29,6,5,760,540,BRIAND. AVENUE ARISTIDE,,,Crépuscule ou aube,En agglomération,Hors intersection,Normale,Sans collision,,,,,,,,,,,2,2,1,1,7
200800040493,0008-07-30 00:15:00,8,7,30,0,15,760,474,"face n27, ABBAYE. RUE DE",,,Nuit avec éclairage allumé,En agglomération,Hors intersection,Normale,Autre collision,,,,,,,,,,,5,2,1,1,6
200800040494,0008-07-30 07:20:00,8,7,30,7,20,760,108,"1, BRETEQUE. CHEMIN DE L",,,Plein jour,Hors agglomération,Hors intersection,Normale,Autre collision,,,,,,,,,,,1,1,1,1,6
200800040495,0008-07-30 13:00:00,8,7,30,13,0,760,474,LONGS VALLONS. RUE DES,,,Plein jour,Hors agglomération,Hors intersection,Normale,Sans collision,,,,,,,,,,,1,1,1,1,7
200800040496,0008-07-01 20:45:00,8,7,1,20,45,770,108,JAURES (AVENUE JEAN),,,Plein jour,En agglomération,Intersection en X,Normale,Deux véhicules - côté,,,,,,,,,,,1,2,2,1,3
200800040497,0008-07-05 19:30:00,8,7,5,19,30,770,108,GENDARME CASTERMANT (AVE,,,Plein jour,En agglomération,Hors intersection,Normale,Autre collision,,,,,,,,,,,1,2,1,1,6
200800040498,0008-07-16 21:15:00,8,7,16,21,15,770,108,MONTFERMEIL (ROUTE DE),,,Plein jour,En agglomération,Hors intersection,Normale,Autre collision,,,,,,,,,,,1,2,1,1,6
200800040499,0008-07-06 20:25:00,8,7,6,20,25,770,449,"7, 231 ( R D )",,,Plein jour,En agglomération,Hors intersection,Normale,Trois véhicules et plus - en chaîne,,,,,,,,,,,1,2,1,1,4
200800040500,0008-07-05 20:45:00,8,7,5,20,45,770,18,PAUL SERAMY ( AVENUE ),,,Plein jour,Hors agglomération,Hors intersection,Normale,Deux véhicules - arrière,,,,,,,,,,,1,1,1,1,2
200800040501,0008-07-01 14:05:00,8,7,1,14,5,770,320,"39, PARIS (AVENUE DE)",,,Plein jour,En agglomération,Hors intersection,Temps éblouissant,Deux véhicules - arrière,,,,,,,,,,,1,2,1,7,2
200800040502,0008-07-03 20:40:00,8,7,3,20,40,770,42,CHARLES DE GAULLE (AVENU,,,Plein jour,En agglomération,Intersection en X,Normale,Deux véhicules - frontale,,,,,,,,,,,1,2,2,1,1
200800040503,0008-07-03 18:45:00,8,7,3,18,45,770,131,D402 (DEVIATION),,,Plein jour,Hors agglomération,Intersection en X,Normale,Deux véhicules - côté,,,,,,,,,,,1,1,2,1,3
200800040504,0008-07-04 16:00:00,8,7,4,16,0,770,433,D 402,,,Plein jour,Hors agglomération,Hors intersection,Normale,Sans collision,,,,,,,,,,,1,1,1,1,7
200800040505,0008-07-17 16:05:00,8,7,17,16,5,770,42,CHARLES DE GAULLE (AVENU,,,Plein jour,En agglomération,Giratoire,Normale,Deux véhicules - frontale,,,,,,,,,,,1,2,6,1,1
200800040506,0008-07-22 15:10:00,8,7,22,15,10,770,320,"660, MARECHAL LECLERC (A",,,Plein jour,En agglomération,Hors intersection,Normale,Sans collision,,,,,,,,,,,1,2,1,1,7
200800040507,0008-07-25 10:30:00,8,7,25,10,30,770,131,D 934,,,Plein jour,Hors agglomération,Hors intersection,Normale,Autre collision,,,,,,,,,,,1,1,1,1,6
200800040508,0008-07-27 12:40:00,8,7,27,12,40,770,320,BUTTE (RUE DE LA),,,Plein jour,En agglomération,Hors intersection,Normale,Deux véhicules - côté,,,,,,,,,,,1,2,1,1,3
200800040509,0008-07-16 21:50:00,8,7,16,21,50,770,152,"4, MONTAIGNE(AVENUE)COTE",,,Nuit avec éclairage allumé,En agglomération,Hors intersection,Normale,Deux véhicules - arrière,,,,,,,,,,,5,2,1,1,2
200800040510,0008-07-28 18:15:00,8,7,28,18,15,770,152,FRANCE ANATOLE((AVENUE),,,Plein jour,En agglomération,Hors intersection,Normale,Autre collision,,,,,,,,,,,1,2,1,1,6
200800040511,0008-07-03 18:25:00,8,7,3,18,25,770,186,RD148 carrefour DIANE à,,,Plein jour,Hors agglomération,Hors intersection,Normale,Deux véhicules - côté,,,,,,,,,,,1,1,1,1,3
200800040512,0008-07-06 15:30:00,8,7,6,15,30,770,37,"34, MOREAU DES TOURS (RU",,,Plein jour,En agglomération,Intersection en T,Normale,Deux véhicules - côté,,,,,,,,,,,1,2,3,1,3
200800040513,0008-07-11 09:15:00,8,7,11,9,15,770,186,CROIX DE TOULOUSE (CARRE,,,Plein jour,Hors agglomération,Giratoire,Pluie légère,Autre collision,,,,,,,,,,,1,1,6,2,6
200800040514,0008-07-16 21:30:00,8,7,16,21,30,770,14,BOURGOGNE (CHEMIN DE),,,Plein jour,Hors agglomération,Hors intersection,Normale,Autre collision,,,,,,,,,,,1,1,1,1,6
200800040515,0008-07-17 01:30:00,8,7,17,1,30,770,186,CROIX DE MONTMORIN (CARR,,,Nuit sans éclairage public,Hors agglomération,Autre intersection,Normale,Autre collision,,,,,,,,,,,3,1,9,1,6
200800040516,0008-07-18 07:50:00,8,7,18,7,50,770,186,RD 142 Glandée au grand,,,Plein jour,Hors agglomération,Hors intersection,Normale,Deux véhicules - côté,,,,,,,,,,,1,1,1,1,3
200800040517,0008-07-24 21:20:00,8,7,24,21,20,770,186,RD607 de Barbizon à pavé,,,Plein jour,Hors agglomération,Hors intersection,Normale,Deux véhicules - arrière,,,,,,,,,,,1,1,1,1,2
200800040518,0008-07-01 09:00:00,8,7,1,9,0,770,58,"05, ALLEE SANGUIN DE LIV",,,Plein jour,En agglomération,Place,Normale,Sans collision,,,,,,,,,,,1,2,7,1,7
200800040519,0008-07-28 20:00:00,8,7,28,20,0,770,438,D934,,,Plein jour,Hors agglomération,Hors intersection,Normale,Autre collision,,,,,,,,,,,1,1,1,1,6
200800040520,0008-07-06 14:25:00,8,7,6,14,25,770,284,"1, ALLENDE (AV.SALVADOR)",,,Plein jour,En agglomération,Hors intersection,Temps couvert,Deux véhicules - côté,,,,,,,,,,,1,2,1,8,3
200800040521,0008-07-08 23:30:00,8,7,8,23,30,770,284,VARREDES (ROUTE DE),,,Nuit sans éclairage public,Hors agglomération,Hors intersection,Temps couvert,Autre collision,,,,,,,,,,,3,1,1,8,6