accident_id,datetime,annee,mois,jour,heure,minute,departement,commune_insee,adresse,latitude,longitude,luminosite,agglomeration,intersection,meteo,collision,nb_vehicules,nb_usagers,nb_indemnes,nb_tues,nb_blesses_hosp,nb_blesses_legers,age_cond_1,age_cond_2,veh_type_cond_1,veh_type_cond_2,lum_code,agg_code,int_code,atm_code,col_code
200800040522,0008-07-18 17:00:00,8,7,18,17,0,770,358,RD 140,,,Plein jour,Hors agglomération,Hors intersection,Normale,Trois véhicules et plus - collisions multiples,,,,,,,,,,,1,1,1,1,5
200800040523,0008-07-07 00:30:00,8,7,7,0,30,770,445,"74, BOILEAU (RUE)",,,Nuit sans éclairage public,En agglomération,Hors intersection,Normale,Autre collision,,,,,,,,,,,3,2,1,1,6
200800040524,0008-07-07 07:25:00,8,7,7,7,25,770,288,"1, MAINCY(BOULEVARD)",,,Plein jour,En agglomération,Intersection en X,Normale,Deux véhicules - côté,,,,,,,,,,,1,2,2,1,3
200800040525,0008-07-23 09:50:00,8,7,23,9,50,770,306,D.57,,,Plein jour,Hors agglomération,Hors intersection,Temps éblouissant,Autre collision,,,,,,,,,,,1,1,1,7,6
200800040526,0008-07-26 17:50:00,8,7,26,17,50,770,269,EUGENE BAILAY -  CD82,,,Plein jour,En agglomération,Hors intersection,Normale,Deux véhicules - frontale,,,,,,,,,,,1,2,1,1,1
200800040527,0008-07-29 21:30:00,8,7,29,21,30,770,285,"1, EUROPE (AVENUE DE L')",,,Crépuscule ou aube,En agglomération,Hors intersection,Normale,Autre collision,,,,,,,,,,,2,2,1,1,6
200800040528,0008-07-12 00:40:00,8,7,12,0,40,770,294,C.D. 84,,,Nuit avec éclairage allumé,Hors agglomération,Giratoire,Normale,Autre collision,,,,,,,,,,,5,1,6,1,6
200800040529,0008-07-03 17:42:00,8,7,3,17,42,770,294,", BORDIERE (AVENUE DE LA",,,Plein jour,En agglomération,Hors intersection,Normale,Autre collision,,,,,,,,,,,1,2,1,1,6
200800040530,0008-07-05 08:35:00,8,7,5,8,35,770,420,RN2,,,Plein jour,Hors agglomération,Hors intersection,Pluie légère,Autre collision,,,,,,,,,,,1,1,1,2,6
200800040531,0008-07-25 16:20:00,8,7,25,16,20,770,123,CD 212,,,Plein jour,Hors agglomération,Hors intersection,Normale,Deux véhicules - arrière,,,,,,,,,,,1,1,1,1,2
200800040532,0008-07-01 19:30:00,8,7,1,19,30,770,114,D471,,,Plein jour,En agglomération,Hors intersection,Normale,Deux véhicules - côté,,,,,,,,,,,1,2,1,1,3
200800040533,0008-07-17 01:53:00,8,7,17,1,53,770,251,"18, GRANDS CHAMPS (RUE D",48.63041,3.45699,Nuit avec éclairage allumé,En agglomération,Hors intersection,Normale,Autre collision,,,,,,,,,,,5,2,1,1,6
200800040534,0008-07-26 20:15:00,8,7,26,20,15,770,114,D216,,,Plein jour,Hors agglomération,Hors intersection,Normale,Deux véhicules - frontale,,,,,,,,,,,1,1,1,1,1
200800040535,0008-07-29 15:15:00,8,7,29,15,15,770,114,D471,48.73725,3.45699,Plein jour,Hors agglomération,Intersection en X,Normale,Trois véhicules et plus - collisions multiples,,,,,,,,,,,1,1,2,1,5
200800040536,0008-07-25 17:00:00,8,7,25,17,0,770,210,D28a,,,Plein jour,Hors agglomération,Intersection en T,Autre,Deux véhicules - côté,,,,,,,,,,,1,1,3,9,3
200800040537,0008-07-03 20:30:00,8,7,3,20,30,770,458,"79, MARECHAL LECLERC (AV",,,Plein jour,En agglomération,Hors intersection,Normale,Deux véhicules - côté,,,,,,,,,,,1,2,1,1,3
200800040538,0008-07-05 09:30:00,8,7,5,9,30,770,48,PAVE-DU-ROY (DEPARTEMENT,,,Plein jour,Hors agglomération,Hors intersection,Normale,Sans collision,,,,,,,,,,,1,1,1,1,7
200800040539,0008-07-11 15:15:00,8,7,11,15,15,770,431,"146, LARCHANT (RUE DE) R",,,Plein jour,En agglomération,Hors intersection,Normale,Autre collision,,,,,,,,,,,1,2,1,1,6
200800040540,0008-07-19 09:55:00,8,7,19,9,55,770,16,PIERRE-LE-SAULT (ROUTE D,,,Plein jour,Hors agglomération,Intersection en T,Normale,Deux véhicules - frontale,,,,,,,,,,,1,1,3,1,1
200800040541,0008-07-04 19:30:00,8,7,4,19,30,770,121,"01, CENTRE COMMERCIAL RE",,,Plein jour,En agglomération,Intersection en X,Normale,Autre collision,,,,,,,,,,,1,2,2,1,6
200800040542,0008-07-11 15:10:00,8,7,11,15,10,770,83,LUZARD (COURS DU),,,Plein jour,En agglomération,Intersection en X,Normale,Deux véhicules - arrière,,,,,,,,,,,1,2,2,1,2
200800040543,0008-07-11 12:35:00,8,7,11,12,35,770,258,"22, MAISON ROUGE (RUE DE",,,Plein jour,En agglomération,Hors intersection,Normale,Deux véhicules - côté,,,,,,,,,,,1,2,1,1,3
200800040544,0008-07-26 01:00:00,8,7,26,1,0,770,337,"42, ARCHE GUEDON (COURS",,,Nuit avec éclairage allumé,En agglomération,Intersection en T,Temps couvert,Autre collision,,,,,,,,,,,5,2,3,8,6
200800040545,0008-07-29 14:00:00,8,7,29,14,0,770,258,"18, MAISON ROUGE (RUE DE",,,Plein jour,En agglomération,Hors intersection,Normale,Autre collision,,,,,,,,,,,1,2,1,1,6
200800040546,0008-07-25 19:30:00,8,7,25,19,30,770,390,ROUTE DE PONTAULT CD 21,,,Plein jour,Hors agglomération,Hors intersection,Normale,Deux véhicules - arrière,,,,,,,,,,,1,1,1,1,2
200800040547,0008-07-21 21:50:00,8,7,21,21,50,770,391,"6, FLEIGNY (ROUTE DE)",,,Crépuscule ou aube,En agglomération,Hors intersection,Normale,Autre collision,,,,,,,,,,,2,2,1,1,6
200800040548,0008-07-19 22:00:00,8,7,19,22,0,780,126,"36, VERDUN (AVENUE DE )",,,Nuit avec éclairage non allumé,En agglomération,Hors intersection,Normale,Sans collision,,,,,,,,,,,4,2,1,1,7
200800040549,0008-07-21 08:00:00,8,7,21,8,0,780,126,"64, DUCHESNE LUCIEN RENE",,,Plein jour,En agglomération,Hors intersection,Normale,Autre collision,,,,,,,,,,,1,2,1,1,6
200800040550,0008-07-23 14:00:00,8,7,23,14,0,780,5,"0, BASSES PLAINES (CHEMI",,,Plein jour,Hors agglomération,Hors intersection,Normale,Sans collision,,,,,,,,,,,1,1,1,1,7
200800040551,0008-07-02 20:30:00,8,7,2,20,30,780,297,"12, MOULIN A  RENARD (RU",,,Plein jour,En agglomération,Hors intersection,Normale,Sans collision,,,,,,,,,,,1,2,1,1,7
200800040552,0008-07-04 09:25:00,8,7,4,9,25,780,423,PRES (AVENUE DES),,,Plein jour,En agglomération,Intersection en T,Normale,Deux véhicules - frontale,,,,,,,,,,,1,2,3,1,1
200800040553,0008-07-04 14:25:00,8,7,4,14,25,780,423,PRES (AVENUE DES),,,Plein jour,En agglomération,Hors intersection,Normale,Deux véhicules - arrière,,,,,,,,,,,1,2,1,1,2
200800040554,0008-07-04 15:20:00,8,7,4,15,20,780,297,HUIT MAI 1945 (AVENUE DU,,,Plein jour,En agglomération,Hors intersection,Normale,Deux véhicules - côté,,,,,,,,,,,1,2,1,1,3
200800040555,0008-07-04 23:15:00,8,7,4,23,15,780,688,DIVISION LECLERC (PLACE,,,Nuit avec éclairage allumé,En agglomération,Place,Normale,Deux véhicules - frontale,,,,,,,,,,,5,2,7,1,1
200800040556,0008-07-05 01:20:00,8,7,5,1,20,780,297,"183, BEETHOVEN (BOULEVAR",,,Nuit avec éclairage allumé,En agglomération,Hors intersection,Normale,Autre collision,,,,,,,,,,,5,2,1,1,6
200800040557,0008-07-05 18:10:00,8,7,5,18,10,780,423,LECLERC (AVENUE DU  GENE,,,Plein jour,En agglomération,Intersection en X,Normale,Deux véhicules - arrière,,,,,,,,,,,1,2,2,1,2
200800040558,0008-07-14 16:45:00,8,7,14,16,45,780,297,"014, ERASME (RUE)",,,Plein jour,En agglomération,Intersection en X,Normale,Deux véhicules - côté,,,,,,,,,,,1,2,2,1,3
200800040559,0008-07-23 15:50:00,8,7,23,15,50,780,423,FRERES LUMIERES (AVENUE,,,Crépuscule ou aube,En agglomération,Hors intersection,Normale,Deux véhicules - arrière,,,,,,,,,,,2,2,1,1,2
200800040560,0008-07-18 08:50:00,8,7,18,8,50,780,297,HUIT MAI 1945 (AVENUE DU,,,Plein jour,En agglomération,Intersection en X,Normale,Deux véhicules - arrière,,,,,,,,,,,1,2,2,1,2
200800040561,0008-07-01 23:30:00,8,7,1,23,30,780,311,"67, ROBESPIERRE (RUE)",,,Nuit avec éclairage allumé,En agglomération,Hors intersection,Normale,Autre collision,,,,,,,,,,,5,2,1,1,6
200800040562,0008-07-01 06:40:00,8,7,1,6,40,780,362,"37, RUE DES MERISIERS",,,Plein jour,En agglomération,Intersection en X,Normale,Deux véhicules - côté,,,,,,,,,,,1,2,2,1,3
200800040563,0008-07-01 20:15:00,8,7,1,20,15,780,118,"00, Route départementale",,,Plein jour,En agglomération,Hors intersection,Normale,Autre collision,,,,,,,,,,,1,2,1,1,6
200800040564,0008-07-03 19:55:00,8,7,3,19,55,780,361,"06, RUE CHARLES DE FOUCA",,,Plein jour,En agglomération,Hors intersection,Normale,Autre collision,,,,,,,,,,,1,2,1,1,6
200800040565,0008-07-07 19:25:00,8,7,7,19,25,780,362,BOULEVARD ROGER SALENGRO,,,Plein jour,En agglomération,Hors intersection,Pluie légère,Deux véhicules - arrière,,,,,,,,,,,1,2,1,2,2
200800040566,0008-07-08 23:05:00,8,7,8,23,5,780,314,"00, RUE DES AUBEPINES",,,Nuit avec éclairage allumé,En agglomération,Intersection en X,Normale,Deux véhicules - côté,,,,,,,,,,,5,2,2,1,3
200800040567,0008-07-11 15:25:00,8,7,11,15,25,780,267,"00, AV VICTOR HUGO",,,Plein jour,En agglomération,Intersection en X,Normale,Deux véhicules - côté,,,,,,,,,,,1,2,2,1,3
200800040568,0008-07-16 17:55:00,8,7,16,17,55,780,362,AVENUE DU BREUIL,,,Plein jour,En agglomération,Hors intersection,Normale,Deux véhicules - côté,,,,,,,,,,,1,2,1,1,3
200800040569,0008-07-25 18:30:00,8,7,25,18,30,780,361,"02, RUE JEAN MERMOZ",,,Plein jour,En agglomération,Hors intersection,Normale,Autre collision,,,,,,,,,,,1,2,1,1,6
200800040570,0008-07-29 17:00:00,8,7,29,17,0,780,402,"76, RUE DE CHAUFFOUR",,,Plein jour,En agglomération,Hors intersection,Normale,Deux véhicules - arrière,,,,,,,,,,,1,2,1,1,2
200800040571,0008-07-31 17:00:00,8,7,31,17,0,780,362,"31, RUE LOUISE MICHEL",,,Plein jour,En agglomération,Hors intersection,Normale,Deux véhicules - côté,,,,,,,,,,,1,2,1,1,3
200800040572,0008-07-07 12:05:00,8,7,7,12,5,780,350,VERSAILLES (ROUTE DE),,,Plein jour,Hors agglomération,Hors intersection,Temps couvert,Deux véhicules - arrière,,,,,,,,,,,1,1,1,8,2
200800040573,0008-07-25 11:10:00,8,7,25,11,10,780,350,"0, ANGELARDS (CHEMIN DES",,,Plein jour,En agglomération,Intersection en T,Normale,Sans collision,,,,,,,,,,,1,2,3,1,7
200800040574,0008-07-21 18:30:00,8,7,21,18,30,780,440,"10, LOUIS BLERIOT (RUE)",,,Plein jour,En agglomération,Hors intersection,Normale,Sans collision,,,,,,,,,,,1,2,1,1,7
200800040575,0008-07-22 14:15:00,8,7,22,14,15,780,401,GENERAL LECLERC (AVENUE,,,Plein jour,En agglomération,Intersection en X,Normale,Deux véhicules - côté,,,,,,,,,,,1,2,2,1,3
200800040576,0008-07-25 10:15:00,8,7,25,10,15,780,440,MARECHAL FOCH (AVENUE DU,,,Plein jour,En agglomération,Hors intersection,Normale,Deux véhicules - arrière,,,,,,,,,,,1,2,1,1,2
200800040577,0008-07-01 18:00:00,8,7,1,18,0,780,490,ROBESPIERRE (RUE MAXIMIL,,,Plein jour,En agglomération,Intersection en T,Normale,Deux véhicules - côté,,,,,,,,,,,1,2,3,1,3
200800040578,0008-07-02 15:45:00,8,7,2,15,45,780,490,DE GAULLE (AVENUE DU GEN,,,Plein jour,En agglomération,Hors intersection,Pluie légère,Autre collision,,,,,,,,,,,1,2,1,2,6
200800040579,0008-07-03 07:00:00,8,7,3,7,0,780,490,BLUM (BOULEVARD LEON),,,Plein jour,En agglomération,Hors intersection,Normale,Deux véhicules - côté,,,,,,,,,,,1,2,1,1,3
200800040580,0008-07-05 12:40:00,8,7,5,12,40,780,490,MOQUET (RUE GUY),,,Plein jour,En agglomération,Hors intersection,Pluie légère,Deux véhicules - côté,,,,,,,,,,,1,2,1,2,3
200800040581,0008-07-06 14:58:00,8,7,6,14,58,780,165,BARBUSSE (AVENUE HENRY),,,Plein jour,En agglomération,Intersection en X,Normale,Deux véhicules - côté,,,,,,,,,,,1,2,2,1,3
200800040582,0008-07-09 19:00:00,8,7,9,19,0,780,165,BARBUSSE (AVENUE HENRY),,,Plein jour,En agglomération,Intersection en X,Normale,Deux véhicules - côté,,,,,,,,,,,1,2,2,1,3
200800040583,0008-07-12 11:20:00,8,7,12,11,20,780,490,BLUM (BOULEVARD LEON),,,Plein jour,En agglomération,Giratoire,Pluie légère,Deux véhicules - côté,,,,,,,,,,,1,2,6,2,3
200800040584,0008-07-22 15:15:00,8,7,22,15,15,780,490,VALIBOUT (RUE DU),,,Plein jour,En agglomération,Intersection en Y,Normale,Sans collision,,,,,,,,,,,1,2,4,1,7
200800040585,0008-07-26 01:55:00,8,7,26,1,55,780,490,CD 30,,,Nuit sans éclairage public,Hors agglomération,Giratoire,Normale,Deux véhicules - côté,,,,,,,,,,,3,1,6,1,3
200800040586,0008-07-30 20:05:00,8,7,30,20,5,780,674,SAINTONGE (AVENUE DE),,,Plein jour,En agglomération,Intersection en T,Normale,Sans collision,,,,,,,,,,,1,2,3,1,7
200800040587,0008-07-29 20:50:00,8,7,29,20,50,780,490,SAINT GERMAIN (AVENUE DE,,,Plein jour,En agglomération,Giratoire,Normale,Deux véhicules - arrière,,,,,,,,,,,1,2,6,1,2
200800040588,0008-07-31 19:30:00,8,7,31,19,30,780,490,ALLENDE (PLACE SALVADOR),,,Plein jour,En agglomération,Intersection en X,Pluie légère,Deux véhicules - côté,,,,,,,,,,,1,2,2,2,3
200800040589,0008-07-01 07:50:00,8,7,1,7,50,780,643,TRIEL AVENUE DE,,,Plein jour,En agglomération,Intersection en X,Normale,Deux véhicules - frontale,,,,,,,,,,,1,2,2,1,1
200800040590,0008-07-08 21:40:00,8,7,8,21,40,780,123,EUROPE (RN 190) AVENUE D,,,Plein jour,En agglomération,Intersection en X,Normale,Trois véhicules et plus - collisions multiples,,,,,,,,,,,1,2,2,1,5
200800040591,0008-07-11 22:12:00,8,7,11,22,12,780,498,AIGREMONT RUE D',,,Nuit avec éclairage allumé,En agglomération,Hors intersection,Normale,Autre collision,,,,,,,,,,,5,2,1,1,6
200800040592,0008-07-12 08:25:00,8,7,12,8,25,780,123,ANDRESY ROUTE,,,Plein jour,En agglomération,Hors intersection,Normale,Autre collision,,,,,,,,,,,1,2,1,1,6
200800040593,0008-07-29 20:00:00,8,7,29,20,0,780,384,"71, VERNOUILLET (RUE DE)",,,Plein jour,En agglomération,Hors intersection,Normale,Autre collision,,,,,,,,,,,1,2,1,1,6
200800040594,0008-07-30 13:50:00,8,7,30,13,50,780,624,RD1,,,Plein jour,Hors agglomération,Hors intersection,Normale,Autre collision,,,,,,,,,,,1,1,1,1,6
200800040595,0008-07-11 15:30:00,8,7,11,15,30,780,624,RD1,,,Plein jour,Hors agglomération,Hors intersection,Normale,Deux véhicules - arrière,,,,,,,,,,,1,1,1,1,2
200800040596,0008-07-30 13:45:00,8,7,30,13,45,780,498,"33 BIS, GAMBETTA BD",,,Plein jour,En agglomération,Hors intersection,Normale,Autre collision,,,,,,,,,,,1,2,1,1,6
200800040597,0008-07-01 00:05:00,8,7,1,0,5,780,672,ACQUEVILLE AVENUE D',,,Nuit avec éclairage allumé,En agglomération,Hors intersection,Normale,Deux véhicules - côté,,,,,,,,,,,5,2,1,1,3
200800040598,0008-07-13 14:21:00,8,7,13,14,21,780,498,RD30,,,Plein jour,Hors agglomération,Intersection en Y,Normale,Autre collision,,,,,,,,,,,1,1,4,1,6
200800040599,0008-07-24 16:55:00,8,7,24,16,55,780,498,CHAMBOURCY RUE DE,,,Plein jour,En agglomération,Hors intersection,Normale,Trois véhicules et plus - en chaîne,,,,,,,,,,,1,2,1,1,4
200800040600,0008-07-25 15:25:00,8,7,25,15,25,780,517,"000, GAUTHERIN (RUE)",,,Plein jour,En agglomération,Intersection en X,Normale,Deux véhicules - côté,,,,,,,,,,,1,2,2,1,3
200800040601,0008-07-31 08:15:00,8,7,31,8,15,780,517,"0, SADI CARNOT (RUE)",,,Plein jour,En agglomération,Intersection en X,Normale,Deux véhicules - côté,,,,,,,,,,,1,2,2,1,3
200800040602,0008-07-17 08:05:00,8,7,17,8,5,780,551,RN 184,,,Plein jour,Hors agglomération,Hors intersection,Normale,Deux véhicules - côté,,,,,,,,,,,1,1,1,1,3
200800040603,0008-07-18 08:40:00,8,7,18,8,40,780,551,RN 190,,,Plein jour,Hors agglomération,Hors intersection,Normale,Deux véhicules - côté,,,,,,,,,,,1,1,1,1,3
200800040604,0008-07-01 17:20:00,8,7,1,17,20,780,586,CONVENTION N° IMPAIR,,,Plein jour,En agglomération,Intersection en T,Normale,Deux véhicules - côté,,,,,,,,,,,1,2,3,1,3
200800040605,0008-07-01 21:00:00,8,7,1,21,0,780,586,MOQUET (GUY),,,Plein jour,En agglomération,Giratoire,Normale,Deux véhicules - côté,,,,,,,,,,,1,2,6,1,3
200800040606,0008-07-09 22:35:00,8,7,9,22,35,780,586,"12, JAURES (AVENUE JEAN)",,,Nuit avec éclairage allumé,En agglomération,Hors intersection,Normale,Deux véhicules - côté,,,,,,,,,,,5,2,1,1,3
200800040607,0008-07-15 22:20:00,8,7,15,22,20,780,586,CLOS,,,Nuit avec éclairage allumé,En agglomération,Intersection en X,Normale,Autre collision,,,,,,,,,,,5,2,2,1,6
200800040608,0008-07-19 18:00:00,8,7,19,18,0,780,586,BERTEAUX (MAURICE) N°44,,,Plein jour,En agglomération,Intersection en X,Normale,Autre collision,,,,,,,,,,,1,2,2,1,6
200800040609,0008-07-20 19:35:00,8,7,20,19,35,780,586,"11, REPUBLIQUE (AVENUE)",,,Plein jour,En agglomération,Intersection en T,Normale,Autre collision,,,,,,,,,,,1,2,3,1,6
200800040610,0008-07-08 16:50:00,8,7,8,16,50,780,621,PORT ROYAL (RUE),,,Plein jour,En agglomération,Intersection en T,Normale,Deux véhicules - arrière,,,,,,,,,,,1,2,3,1,2
200800040611,0008-07-10 16:30:00,8,7,10,16,30,780,621,HENNEQUIN (AVENUE ROGER),,,Plein jour,En agglomération,Intersection en X,Normale,Deux véhicules - côté,,,,,,,,,,,1,2,2,1,3
200800040612,0008-07-21 14:15:00,8,7,21,14,15,780,621,NATIONALE 10   (ROUTE),,,Plein jour,En agglomération,Hors intersection,Normale,Deux véhicules - côté,,,,,,,,,,,1,2,1,1,3
200800040613,0008-07-31 11:40:00,8,7,31,11,40,780,621,TIMBAUD (AVENUE JEAN-PIE,,,Plein jour,En agglomération,Intersection en T,Normale,Trois véhicules et plus - collisions multiples,,,,,,,,,,,1,2,3,1,5
200800040614,0008-07-01 18:45:00,8,7,1,18,45,780,686,GENERAL LECLERC (AVENUE,,,Plein jour,En agglomération,Intersection en X,Normale,Deux véhicules - côté,,,,,,,,,,,1,2,2,1,3
200800040615,0008-07-15 11:30:00,8,7,15,11,30,780,322,"0, JULIEN ADANSON (RUE)",,,Plein jour,En agglomération,Intersection en T,Normale,Deux véhicules - côté,,,,,,,,,,,1,2,3,1,3
200800040616,0008-07-18 18:15:00,8,7,18,18,15,780,640,LATECOERE (RUE),,,Plein jour,En agglomération,Intersection en T,Temps couvert,Deux véhicules - arrière,,,,,,,,,,,1,2,3,8,2
200800040617,0008-07-22 06:25:00,8,7,22,6,25,780,686,"89, JOSEPH BERTRAND (RUE",,,Crépuscule ou aube,En agglomération,Hors intersection,Normale,Autre collision,,,,,,,,,,,2,2,1,1,6
200800040618,0008-07-26 21:50:00,8,7,26,21,50,780,686,"133, GENERAL LECLERC (AV",,,Nuit avec éclairage allumé,En agglomération,Hors intersection,Normale,Deux véhicules - côté,,,,,,,,,,,5,2,1,1,3
200800040619,0008-07-31 22:25:00,8,7,31,22,25,780,686,"31, GENERAL LECLERC (AVE",,,Nuit avec éclairage allumé,En agglomération,Intersection en T,Normale,Deux véhicules - côté,,,,,,,,,,,5,2,3,1,3
200800040620,0008-07-02 15:15:00,8,7,2,15,15,780,117,"Néant, ROLAND GARROS (AV",,,Plein jour,En agglomération,Intersection en T,Normale,Deux véhicules - côté,,,,,,,,,,,1,2,3,1,3
200800040621,0008-07-03 09:00:00,8,7,3,9,0,780,524,RN 186,,,Plein jour,En agglomération,Hors intersection,Normale,Deux véhicules - côté,,,,,,,,,,,1,2,1,1,3
200800040622,0008-07-03 17:40:00,8,7,3,17,40,780,646,"9, LIMOGES (RUE DE)",,,Plein jour,En agglomération,Hors intersection,Normale,Deux véhicules - côté,,,,,,,,,,,1,2,1,1,3
200800040623,0008-07-06 23:50:00,8,7,6,23,50,780,646,GENERAL LECLERC (RUE DU),,,Nuit avec éclairage allumé,En agglomération,Intersection en T,Normale,Deux véhicules - côté,,,,,,,,,,,5,2,3,1,3
200800040624,0008-07-06 11:30:00,8,7,6,11,30,780,646,ETATS UNIS (AVENUE DES),,,Plein jour,En agglomération,Intersection en X,Normale,Deux véhicules - côté,,,,,,,,,,,1,2,2,1,3
200800040625,0008-07-07 18:50:00,8,7,7,18,50,780,158,DUTARTRE (AVENUE),,,Plein jour,En agglomération,Hors intersection,Normale,Deux véhicules - arrière,,,,,,,,,,,1,2,1,1,2
200800040626,0008-07-14 18:28:00,8,7,14,18,28,780,117,"33, LOUIS PASTEUR (RUE)",,,Plein jour,En agglomération,Hors intersection,Normale,Deux véhicules - frontale,,,,,,,,,,,1,2,1,1,1
200800040627,0008-07-16 20:20:00,8,7,16,20,20,780,158,"Néant, CENTRE COMMERCIAL",,,Plein jour,En agglomération,Hors intersection,Normale,Autre collision,,,,,,,,,,,1,2,1,1,6
200800040628,0008-07-20 12:15:00,8,7,20,12,15,780,646,BEAUVAU (RUE DE),,,Plein jour,En agglomération,Intersection en X,Normale,Autre collision,,,,,,,,,,,1,2,2,1,6
200800040629,0008-07-22 10:15:00,8,7,22,10,15,780,646,"11, ETATS GENERAUX (RUE",,,Plein jour,En agglomération,Intersection en T,Normale,Deux véhicules - côté,,,,,,,,,,,1,2,3,1,3
200800040630,0008-07-22 19:30:00,8,7,22,19,30,780,646,"0, ALBERT SARRAULT (RUE)",,,Plein jour,En agglomération,Intersection en X,Normale,Autre collision,,,,,,,,,,,1,2,2,1,6
200800040631,0008-07-30 18:30:00,8,7,30,18,30,780,646,SAINT CYR (ROUTE DE),,,Plein jour,Hors agglomération,Intersection en X,Normale,Autre collision,,,,,,,,,,,1,1,2,1,6
200800040632,0008-07-09 14:30:00,8,7,9,14,30,780,650,"25, MONTESSON (ROUTE DE)",,,Plein jour,En agglomération,Hors intersection,Normale,Deux véhicules - arrière,,,,,,,,,,,1,2,1,1,2
200800040633,0008-07-15 05:10:00,8,7,15,5,10,780,650,"39, SARTROUVILLE (ROUTE",,,Crépuscule ou aube,En agglomération,Hors intersection,Normale,Sans collision,,,,,,,,,,,2,2,1,1,7
200800040634,0008-07-04 05:35:00,8,7,4,5,35,790,81,PARIS (ROUTE DE)     COT,,,Nuit sans éclairage public,Hors agglomération,Hors intersection,Normale,Deux véhicules - arrière,,,,,,,,,,,3,1,1,1,2
200800040635,0008-07-08 13:20:00,8,7,8,13,20,790,191,"227, MARECHAL LECLERC",,,Plein jour,En agglomération,Hors intersection,Normale,Deux véhicules - frontale,,,,,,,,,,,1,2,1,1,1
200800040636,0008-07-20 21:03:00,8,7,20,21,3,790,191,ATLANTIQUE (BD) LA ROCHE,,,Crépuscule ou aube,En agglomération,Hors intersection,Normale,Autre collision,,,,,,,,,,,2,2,1,1,6
200800040637,0008-07-23 23:15:00,8,7,23,23,15,790,191,"41, MARECHAL DE LATTRE D",,,Nuit avec éclairage allumé,En agglomération,Intersection en X,Normale,Sans collision,,,,,,,,,,,5,2,2,1,7
200800040638,0008-07-30 03:20:00,8,7,30,3,20,790,191,MENDES-FRANCE P.(BD) LIM,,,Nuit sans éclairage public,Hors agglomération,Hors intersection,Normale,Deux véhicules - frontale,,,,,,,,,,,3,1,1,1,1
200800040639,0008-07-29 18:25:00,8,7,29,18,25,790,191,"80, SOUCHE",,,Plein jour,En agglomération,Intersection en T,Normale,Trois véhicules et plus - collisions multiples,,,,,,,,,,,1,2,3,1,5
200800040640,0008-07-01 20:15:00,8,7,1,20,15,790,329,"39, PIERRE CURIE (BOULEV",,,Plein jour,En agglomération,Intersection en T,Normale,Autre collision,,,,,,,,,,,1,2,3,1,6
200800040641,0008-07-04 11:10:00,8,7,4,11,10,790,329,PORT GENTIL (BOULEVARD),,,Plein jour,En agglomération,Giratoire,Normale,Deux véhicules - côté,,,,,,,,,,,1,2,6,1,3
200800040642,0008-07-07 19:25:00,8,7,7,19,25,790,329,"1, SAINT NICOLAS (RUE)",,,Plein jour,En agglomération,Hors intersection,Normale,Sans collision,,,,,,,,,,,1,2,1,1,7
200800040643,0008-07-11 09:11:00,8,7,11,9,11,790,329,PORTE DE PARIS (RUE),,,Plein jour,En agglomération,Intersection en X,Normale,Autre collision,,,,,,,,,,,1,2,2,1,6
200800040644,0008-07-11 14:25:00,8,7,11,14,25,790,329,HANNUT (BOULEVARD DE),,,Plein jour,En agglomération,Intersection en X,Normale,Deux véhicules - côté,,,,,,,,,,,1,2,2,1,3
200800040645,0008-07-11 17:40:00,8,7,11,17,40,790,329,VICTOR LECLERC (AVENUE),,,Plein jour,En agglomération,Intersection en X,Normale,Deux véhicules - frontale,,,,,,,,,,,1,2,2,1,1
200800040646,0008-07-16 16:28:00,8,7,16,16,28,790,329,"40, EMILE ZOLA (AVENUE)",,,Plein jour,En agglomération,Hors intersection,Normale,Autre collision,,,,,,,,,,,1,2,1,1,6
200800040647,0008-07-22 17:30:00,8,7,22,17,30,790,329,"52, EMILE ZOLA (AVENUE)",,,Plein jour,En agglomération,Hors intersection,Normale,Sans collision,,,,,,,,,,,1,2,1,1,7
200800040648,0008-07-01 14:30:00,8,7,1,14,30,800,21,"00, SAINT FUSCIEN (RUE)",,,Plein jour,En agglomération,Hors intersection,Normale,Deux véhicules - côté,,,,,,,,,,,1,2,1,1,3
200800040649,0008-07-01 10:10:00,8,7,1,10,10,800,21,"00, JACOBINS (RUE DES)",,,Plein jour,En agglomération,Hors intersection,Normale,Sans collision,,,,,,,,,,,1,2,1,1,7
200800040650,0008-07-01 12:19:00,8,7,1,12,19,800,21,"00, QUATORZE JUILLET 178",,,Plein jour,En agglomération,Hors intersection,Normale,Trois véhicules et plus - en chaîne,,,,,,,,,,,1,2,1,1,4
200800040651,0008-07-03 09:50:00,8,7,3,9,50,800,21,"00, BEAUVILLE NORD (BOUL",,,Plein jour,En agglomération,Hors intersection,Normale,Deux véhicules - côté,,,,,,,,,,,1,2,1,1,3
200800040652,0008-07-03 16:50:00,8,7,3,16,50,800,21,ROGER DUMOULIN (AVENUE),,,Plein jour,En agglomération,Intersection en T,Normale,Deux véhicules - côté,,,,,,,,,,,1,2,3,1,3
200800040653,0008-07-04 17:10:00,8,7,4,17,10,800,21,"00, RAPHAEL (RUE)",,,Plein jour,En agglomération,Hors intersection,Normale,Sans collision,,,,,,,,,,,1,2,1,1,7
200800040654,0008-07-04 09:55:00,8,7,4,9,55,800,21,"00, SAINT FUSCIEN (RUE)",,,Plein jour,En agglomération,Hors intersection,Normale,Deux véhicules - côté,,,,,,,,,,,1,2,1,1,3
200800040655,0008-07-04 17:15:00,8,7,4,17,15,800,21,"288, FOY (AVENUE)",,,Plein jour,En agglomération,Hors intersection,Normale,Sans collision,,,,,,,,,,,1,2,1,1,7