accident_id,datetime,annee,mois,jour,heure,minute,departement,commune_insee,adresse,latitude,longitude,luminosite,agglomeration,intersection,meteo,collision,nb_vehicules,nb_usagers,nb_indemnes,nb_tues,nb_blesses_hosp,nb_blesses_legers,age_cond_1,age_cond_2,veh_type_cond_1,veh_type_cond_2,lum_code,agg_code,int_code,atm_code,col_code
200800040788,0008-07-29 14:30:00,8,7,29,14,30,840,7,DOCTEUR PONS (Route tour,,,Plein jour,En agglomération,Hors intersection,Normale,Autre collision,,,,,,,,,,,1,2,1,1,6
200800040789,0008-07-29 18:15:00,8,7,29,18,15,840,7,AULNES(Avenue des),,,Plein jour,Hors agglomération,Hors intersection,Normale,Sans collision,,,,,,,,,,,1,1,1,1,7
200800040790,0008-07-30 21:50:00,8,7,30,21,50,840,7,CARDINAL BERTRAND (Cours,,,Nuit sans éclairage public,En agglomération,Intersection en T,Normale,Deux véhicules - côté,,,,,,,,,,,3,2,3,1,3
200800040791,0008-07-31 17:40:00,8,7,31,17,40,840,7,PIERRE SEMARD (avenue),,,Plein jour,En agglomération,Hors intersection,Normale,Autre collision,,,,,,,,,,,1,2,1,1,6
200800040792,0008-07-09 20:16:00,8,7,9,20,16,840,35,ROBION-RD2 (ROUTE DE),,,Plein jour,Hors agglomération,Hors intersection,Normale,Autre collision,,,,,,,,,,,1,1,1,1,6
200800040793,0008-07-16 07:41:00,8,7,16,7,41,840,35,VERGERS (AVENUE DES),,,Plein jour,Hors agglomération,Intersection en T,Normale,Deux véhicules - arrière,,,,,,,,,,,1,1,3,1,2
200800040794,0008-07-20 19:15:00,8,7,20,19,15,840,35,ISLE/SORGUE-RD 938 (ROUT,,,Plein jour,Hors agglomération,Intersection en T,Pluie forte,Trois véhicules et plus - collisions multiples,,,,,,,,,,,1,1,3,3,5
200800040795,0008-07-17 13:53:00,8,7,17,13,53,840,89,"1, AIX EN PROVENCE(ROUTE",,,Plein jour,Hors agglomération,Hors intersection,Normale,Deux véhicules - frontale,,,,,,,,,,,1,1,1,1,1
200800040796,0008-07-05 08:35:00,8,7,5,8,35,850,191,LEBON RUE PHILIPPE,,,Plein jour,Hors agglomération,Hors intersection,Normale,Deux véhicules - côté,,,,,,,,,,,1,1,1,1,3
200800040797,0008-07-09 19:05:00,8,7,9,19,5,850,191,"0, COTY RUE RENE",,,Plein jour,En agglomération,Intersection en X,Normale,Deux véhicules - côté,,,,,,,,,,,1,2,2,1,3
200800040798,0008-07-09 13:45:00,8,7,9,13,45,850,194,"44, JOFFRE (RUE MARECHAL",,,Plein jour,En agglomération,Hors intersection,Normale,Sans collision,,,,,,,,,,,1,2,1,1,7
200800040799,0008-07-21 23:15:00,8,7,21,23,15,850,194,CHARCOT (RUE DOCTEUR),,,Nuit avec éclairage allumé,En agglomération,Hors intersection,Normale,Deux véhicules - arrière,,,,,,,,,,,5,2,1,1,2
200800040800,0008-07-22 13:50:00,8,7,22,13,50,850,194,Présidents (carrefour de,,,Plein jour,En agglomération,Autre intersection,Normale,Deux véhicules - côté,,,,,,,,,,,1,2,9,1,3
200800040801,0008-07-27 01:35:00,8,7,27,1,35,850,194,MER (ROUTE DE LA),,,Nuit sans éclairage public,En agglomération,Hors intersection,Normale,Sans collision,,,,,,,,,,,3,2,1,1,7
200800040802,0008-07-27 19:15:00,8,7,27,19,15,850,194,SCHWEITZER (RUE DU DOCTE,,,Plein jour,En agglomération,Intersection en X,Normale,Deux véhicules - côté,,,,,,,,,,,1,2,2,1,3
200800040803,0008-07-03 15:25:00,8,7,3,15,25,860,66,RD 161 - ROCADE EST,,,Plein jour,En agglomération,Hors intersection,Normale,Deux véhicules - arrière,,,,,,,,,,,1,2,1,1,2
200800040804,0008-07-05 17:23:00,8,7,5,17,23,860,66,RD 910,,,Plein jour,En agglomération,Hors intersection,Normale,Sans collision,,,,,,,,,,,1,2,1,1,7
200800040805,0008-07-15 16:00:00,8,7,15,16,0,860,66,"., GARROS (RUE ROLAND)",,,Plein jour,En agglomération,Hors intersection,Normale,Deux véhicules - frontale,,,,,,,,,,,1,2,1,1,1
200800040806,0008-07-22 15:00:00,8,7,22,15,0,860,66,"53, KENNEDY (AVENUE JOHN",,,Plein jour,En agglomération,Hors intersection,Normale,Sans collision,,,,,,,,,,,1,2,1,1,7
200800040807,0008-07-01 08:10:00,8,7,1,8,10,860,194,ROCADE OUEST (RN10),,,Plein jour,En agglomération,Giratoire,Normale,Deux véhicules - côté,,,,,,,,,,,1,2,6,1,3
200800040808,0008-07-05 20:20:00,8,7,5,20,20,860,194,"52, JEAN JAURES (RUE)",,,Plein jour,En agglomération,Intersection en X,Normale,Trois véhicules et plus - collisions multiples,,,,,,,,,,,1,2,2,1,5
200800040809,0008-07-08 09:25:00,8,7,8,9,25,860,194,"0, JEAN JAURES (RUE)",,,Plein jour,En agglomération,Intersection en X,Normale,Deux véhicules - côté,,,,,,,,,,,1,2,2,1,3
200800040810,0008-07-09 10:05:00,8,7,9,10,5,860,194,"34, LIBERATION (AVENUE D",,,Plein jour,En agglomération,Hors intersection,Normale,Deux véhicules - arrière,,,,,,,,,,,1,2,1,1,2
200800040811,0008-07-10 01:50:00,8,7,10,1,50,860,194,"56, EUROPE (AVENUE DE L'",,,Nuit avec éclairage allumé,En agglomération,Hors intersection,Normale,Autre collision,,,,,,,,,,,5,2,1,1,6
200800040812,0008-07-10 12:55:00,8,7,10,12,55,860,194,SOUS BLOSSAC (BOULEVARD),,,Plein jour,En agglomération,Hors intersection,Normale,Autre collision,,,,,,,,,,,1,2,1,1,6
200800040813,0008-07-11 09:00:00,8,7,11,9,0,860,194,JOHN KENNEDY (AVENUE),,,Plein jour,En agglomération,Intersection en T,Pluie forte,Deux véhicules - côté,,,,,,,,,,,1,2,3,3,3
200800040814,0008-07-15 00:06:00,8,7,15,0,6,860,214,LORCH (AVENUE DE),,,Nuit avec éclairage allumé,En agglomération,Hors intersection,Normale,Autre collision,,,,,,,,,,,5,2,1,1,6
200800040815,0008-07-16 09:55:00,8,7,16,9,55,860,194,CIGALES (RUE DES),,,Plein jour,En agglomération,Intersection en T,Normale,Deux véhicules - côté,,,,,,,,,,,1,2,3,1,3
200800040816,0008-07-16 18:15:00,8,7,16,18,15,860,194,"171, NANTES (AVENUE DE)",,,Plein jour,En agglomération,Hors intersection,Normale,Deux véhicules - arrière,,,,,,,,,,,1,2,1,1,2
200800040817,0008-07-18 15:35:00,8,7,18,15,35,860,194,NANTES (AVENUE DE),,,Plein jour,En agglomération,Intersection en X,Normale,Deux véhicules - côté,,,,,,,,,,,1,2,2,1,3
200800040818,0008-07-28 22:05:00,8,7,28,22,5,860,194,NANTES (AVENUE DE),,,Nuit avec éclairage allumé,En agglomération,Intersection en X,Normale,Deux véhicules - côté,,,,,,,,,,,5,2,2,1,3
200800040819,0008-07-30 21:25:00,8,7,30,21,25,860,194,"., RICHELIEU (RUE)",,,Crépuscule ou aube,En agglomération,Hors intersection,Normale,Autre collision,,,,,,,,,,,2,2,1,1,6
200800040820,0008-07-01 18:39:00,8,7,1,18,39,870,85,"7, AINE (PLACE D')",,,Plein jour,En agglomération,Hors intersection,Normale,Deux véhicules - arrière,,,,,,,,,,,1,2,1,1,2
200800040821,0008-07-02 10:30:00,8,7,2,10,30,870,85,"25, BLANC LOUIS (BOULEVA",,,Plein jour,En agglomération,Hors intersection,Pluie légère,Autre collision,,,,,,,,,,,1,2,1,2,6
200800040822,0008-07-02 17:50:00,8,7,2,17,50,870,85,"0, DE GAULLE (AVENUE DU",,,Plein jour,En agglomération,Giratoire,Normale,Deux véhicules - côté,,,,,,,,,,,1,2,6,1,3
200800040823,0008-07-03 13:06:00,8,7,3,13,6,870,85,"0, BROGLIE (AVENUE LOUIS",,,Plein jour,En agglomération,Hors intersection,Normale,Autre collision,,,,,,,,,,,1,2,1,1,6
200800040824,0008-07-03 13:15:00,8,7,3,13,15,870,114,CREZIN (DE),,,Plein jour,Hors agglomération,Hors intersection,Normale,Deux véhicules - frontale,,,,,,,,,,,1,1,1,1,1
200800040825,0008-07-03 14:42:00,8,7,3,14,42,870,50,TEXONNIERAS (RUE DE),,,Plein jour,En agglomération,Hors intersection,Normale,Deux véhicules - arrière,,,,,,,,,,,1,2,1,1,2
200800040826,0008-07-04 23:57:00,8,7,4,23,57,870,85,"1, DUMAS (AVENUE GEORGES",,,Nuit avec éclairage allumé,En agglomération,Hors intersection,Normale,Deux véhicules - arrière,,,,,,,,,,,5,2,1,1,2
200800040827,0008-07-07 10:05:00,8,7,7,10,5,870,85,VANTEAUX (BOULEVARD DE),,,Plein jour,En agglomération,Intersection en T,Normale,Deux véhicules - côté,,,,,,,,,,,1,2,3,1,3
200800040828,0008-07-07 11:30:00,8,7,7,11,30,870,85,TOULOUSE (RUE DE),,,Plein jour,Hors agglomération,Hors intersection,Normale,Deux véhicules - côté,,,,,,,,,,,1,1,1,1,3
200800040829,0008-07-08 11:55:00,8,7,8,11,55,870,85,PALAIS (ROUTE DU),,,Plein jour,En agglomération,Hors intersection,Pluie légère,Autre collision,,,,,,,,,,,1,2,1,2,6
200800040830,0008-07-08 11:10:00,8,7,8,11,10,870,85,TOULOUSE (RUE DE),,,Plein jour,En agglomération,Intersection en T,Pluie légère,Trois véhicules et plus - collisions multiples,,,,,,,,,,,1,2,3,2,5
200800040831,0008-07-08 12:20:00,8,7,8,12,20,870,85,"13, LATTRE-DE-TASSIGNY (",,,Plein jour,En agglomération,Hors intersection,Normale,Autre collision,,,,,,,,,,,1,2,1,1,6
200800040832,0008-07-08 19:04:00,8,7,8,19,4,870,85,"11-13, LE GRECO (ALLEE)",,,Plein jour,En agglomération,Hors intersection,Normale,Autre collision,,,,,,,,,,,1,2,1,1,6
200800040833,0008-07-09 06:52:00,8,7,9,6,52,870,113,MITTERRAND (AVENUE FRANC,,,Plein jour,Hors agglomération,Hors intersection,Normale,Autre collision,,,,,,,,,,,1,1,1,1,6
200800040834,0008-07-09 10:45:00,8,7,9,10,45,870,85,"0, BEAUBREUIL (AVENUE DE",,,Plein jour,En agglomération,Hors intersection,Normale,Autre collision,,,,,,,,,,,1,2,1,1,6
200800040835,0008-07-11 07:50:00,8,7,11,7,50,870,113,CARNOT (AVENUE SADI),,,Plein jour,En agglomération,Hors intersection,Normale,Deux véhicules - côté,,,,,,,,,,,1,2,1,1,3
200800040836,0008-07-11 14:15:00,8,7,11,14,15,870,75,"0, BUISSON (RUE DU)",,,Plein jour,En agglomération,Intersection en X,Normale,Deux véhicules - côté,,,,,,,,,,,1,2,2,1,3
200800040837,0008-07-11 15:10:00,8,7,11,15,10,870,50,LIMOGES (AVENUE DE),,,Plein jour,Hors agglomération,Hors intersection,Normale,Deux véhicules - frontale,,,,,,,,,,,1,1,1,1,1
200800040838,0008-07-12 11:25:00,8,7,12,11,25,870,75,VC 20,,,Plein jour,Hors agglomération,Intersection en T,Normale,Deux véhicules - côté,,,,,,,,,,,1,1,3,1,3
200800040839,0008-07-13 22:08:00,8,7,13,22,8,870,114,AUTOROUTE A20,,,Nuit avec éclairage allumé,Hors agglomération,Hors intersection,Normale,Autre collision,,,,,,,,,,,5,1,1,1,6
200800040840,0008-07-15 12:20:00,8,7,15,12,20,870,114,"8, ARMAND (LOUIS-)",,,Plein jour,En agglomération,Intersection en X,Normale,Deux véhicules - côté,,,,,,,,,,,1,2,2,1,3
200800040841,0008-07-15 13:26:00,8,7,15,13,26,870,85,"34, LIBERATION (AVENUE D",,,Plein jour,En agglomération,Intersection en X,Normale,Deux véhicules - côté,,,,,,,,,,,1,2,2,1,3
200800040842,0008-07-16 08:52:00,8,7,16,8,52,870,75,RN 21,,,Plein jour,Hors agglomération,Hors intersection,Normale,Trois véhicules et plus - collisions multiples,,,,,,,,,,,1,1,1,1,5
200800040843,0008-07-16 14:34:00,8,7,16,14,34,870,85,ANGUERNAUD (RUE D'),,,Plein jour,En agglomération,Intersection en T,Normale,Deux véhicules - côté,,,,,,,,,,,1,2,3,1,3
200800040844,0008-07-16 16:45:00,8,7,16,16,45,870,85,VANTEAUX (BOULEVARD DE),,,Plein jour,En agglomération,Hors intersection,Normale,Deux véhicules - côté,,,,,,,,,,,1,2,1,1,3
200800040845,0008-07-16 19:40:00,8,7,16,19,40,870,85,BEAUBLANC (BOULEVARD DE),,,Plein jour,En agglomération,Hors intersection,Normale,Trois véhicules et plus - en chaîne,,,,,,,,,,,1,2,1,1,4
200800040846,0008-07-17 20:26:00,8,7,17,20,26,870,85,"0, LIAISON SUD-GAL VALIN",,,Plein jour,En agglomération,Hors intersection,Normale,Sans collision,,,,,,,,,,,1,2,1,1,7
200800040847,0008-07-17 19:35:00,8,7,17,19,35,870,85,DE GAULLE (AVENUE DU GEN,,,Plein jour,En agglomération,Hors intersection,Normale,Deux véhicules - arrière,,,,,,,,,,,1,2,1,1,2
200800040848,0008-07-17 21:35:00,8,7,17,21,35,870,85,"20, SERRES (RUE OLIVIER",,,Plein jour,En agglomération,Hors intersection,Normale,Autre collision,,,,,,,,,,,1,2,1,1,6
200800040849,0008-07-18 08:48:00,8,7,18,8,48,870,114,"35, CROIX-FINOR (AVENUE)",,,Plein jour,En agglomération,Hors intersection,Normale,Deux véhicules - arrière,,,,,,,,,,,1,2,1,1,2
200800040850,0008-07-18 15:07:00,8,7,18,15,7,870,85,RN520,,,Plein jour,Hors agglomération,Hors intersection,Normale,Deux véhicules - frontale,,,,,,,,,,,1,1,1,1,1
200800040851,0008-07-19 10:08:00,8,7,19,10,8,870,85,"49, DUMAS (AVENUE GEORGE",,,Plein jour,En agglomération,Hors intersection,Normale,Autre collision,,,,,,,,,,,1,2,1,1,6
200800040852,0008-07-19 19:11:00,8,7,19,19,11,870,75,RN 21,,,Plein jour,En agglomération,Hors intersection,Normale,Trois véhicules et plus - collisions multiples,,,,,,,,,,,1,2,1,1,5
200800040853,0008-07-19 23:04:00,8,7,19,23,4,870,85,"13, JOURDAN (PLACE)",,,Nuit avec éclairage allumé,En agglomération,Intersection en X,Normale,Deux véhicules - côté,,,,,,,,,,,5,2,2,1,3
200800040854,0008-07-20 15:46:00,8,7,20,15,46,870,85,"0, SOLIGNAC (RUE DE)",,,Plein jour,En agglomération,Hors intersection,Normale,Deux véhicules - frontale,,,,,,,,,,,1,2,1,1,1
200800040855,0008-07-21 10:40:00,8,7,21,10,40,870,85,"8, MOULIN-RABAUD ( ALLEE",,,Plein jour,En agglomération,Hors intersection,Normale,Autre collision,,,,,,,,,,,1,2,1,1,6
200800040856,0008-07-22 12:03:00,8,7,22,12,3,870,85,"8, BRIAND (RUE ARISTIDE)",,,Plein jour,En agglomération,Hors intersection,Normale,Sans collision,,,,,,,,,,,1,2,1,1,7
200800040857,0008-07-25 07:01:00,8,7,25,7,1,870,85,"8, CARNOT (PLACE SADI)",,,Plein jour,En agglomération,Hors intersection,Normale,Sans collision,,,,,,,,,,,1,2,1,1,7
200800040858,0008-07-26 14:11:00,8,7,26,14,11,870,85,"48, SABINES (RUE DES)",,,Plein jour,En agglomération,Hors intersection,Normale,Autre collision,,,,,,,,,,,1,2,1,1,6
200800040859,0008-07-26 17:54:00,8,7,26,17,54,870,85,GROUSSIER (RUE ARTHUR),,,Plein jour,En agglomération,Hors intersection,Normale,Autre collision,,,,,,,,,,,1,2,1,1,6
200800040860,0008-07-26 18:19:00,8,7,26,18,19,870,113,"13, ROUSSEAU (RUE JEAN-J",,,Plein jour,En agglomération,Hors intersection,Normale,Autre collision,,,,,,,,,,,1,2,1,1,6
200800040861,0008-07-28 00:34:00,8,7,28,0,34,870,85,"231, VANTEAUX (BOULEVARD",,,Nuit avec éclairage allumé,En agglomération,Hors intersection,Normale,Autre collision,,,,,,,,,,,5,2,1,1,6
200800040862,0008-07-28 20:38:00,8,7,28,20,38,870,85,"19, POMPIDOU (AVENUE GEO",,,Plein jour,En agglomération,Hors intersection,Pluie forte,Autre collision,,,,,,,,,,,1,2,1,3,6
200800040863,0008-07-30 06:51:00,8,7,30,6,51,870,85,"39-41, GIFFARD (RUE HENR",,,Plein jour,En agglomération,Hors intersection,Normale,Deux véhicules - frontale,,,,,,,,,,,1,2,1,1,1
200800040864,0008-07-30 17:47:00,8,7,30,17,47,870,85,"90, MONTMAILLER (RUE)",,,Plein jour,Hors agglomération,Hors intersection,Normale,Deux véhicules - côté,,,,,,,,,,,1,1,1,1,3
200800040865,0008-07-31 08:04:00,8,7,31,8,4,870,85,"1, DUMAS (AVENUE GEORGES",,,Plein jour,En agglomération,Intersection en X,Normale,Deux véhicules - côté,,,,,,,,,,,1,2,2,1,3
200800040866,0008-07-31 13:15:00,8,7,31,13,15,870,85,"150, THUILLAT (RUE VICTO",,,Plein jour,En agglomération,Hors intersection,Normale,Deux véhicules - côté,,,,,,,,,,,1,2,1,1,3
200800040867,0008-07-31 13:03:00,8,7,31,13,3,870,65,"7, VALIN (AVENUE MARTIAL",,,Plein jour,Hors agglomération,Hors intersection,Normale,Autre collision,,,,,,,,,,,1,1,1,1,6
200800040868,0008-07-31 14:10:00,8,7,31,14,10,870,85,RN520,,,Plein jour,Hors agglomération,Hors intersection,Normale,Deux véhicules - frontale,,,,,,,,,,,1,1,1,1,1
200800040869,0008-07-15 11:00:00,8,7,15,11,0,880,209,"00, JEAN-CHARLES PELLERI",48.19771,6.41153,Plein jour,Hors agglomération,Intersection en X,Normale,Deux véhicules - arrière,,,,,,,,,,,1,1,2,1,2
200800040870,0008-07-15 17:46:00,8,7,15,17,46,880,160,"00, CARPENTIER (VOIE PIE",48.17616,6.45375,Plein jour,En agglomération,Hors intersection,Normale,Deux véhicules - arrière,,,,,,,,,,,1,2,1,1,2
200800040871,0008-07-30 19:00:00,8,7,30,19,0,880,160,"43, SAINT-MICHEL (RUE)",48.17718,6.45584,Plein jour,En agglomération,Hors intersection,Normale,Deux véhicules - arrière,,,,,,,,,,,1,2,1,1,2
200800040872,0008-07-23 18:15:00,8,7,23,18,15,880,160,"00, ZOLA (RUE EMILE-)",48.17984,6.46125,Plein jour,En agglomération,Hors intersection,Normale,Autre collision,,,,,,,,,,,1,2,1,1,6
200800040873,0008-07-31 17:15:00,8,7,31,17,15,880,415,route de Xennois,,,Plein jour,En agglomération,Intersection en X,Normale,Autre collision,,,,,,,,,,,1,2,2,1,6
200800040874,0008-07-04 12:15:00,8,7,4,12,15,890,24,"9, REPUBLIQUE (QUAI DE L",,,Plein jour,En agglomération,Hors intersection,Normale,Deux véhicules - arrière,,,,,,,,,,,1,2,1,1,2
200800040875,0008-07-16 17:30:00,8,7,16,17,30,890,24,R.N 77,,,Plein jour,Hors agglomération,Hors intersection,Normale,Deux véhicules - frontale,,,,,,,,,,,1,1,1,1,1
200800040876,0008-07-07 18:30:00,8,7,7,18,30,890,387,"0, VOULX (ROUTE DE)",,,Plein jour,En agglomération,Hors intersection,Normale,Deux véhicules - côté,,,,,,,,,,,1,2,1,1,3
200800040877,0008-07-08 19:45:00,8,7,8,19,45,890,387,", PAUL MALLUILE (RUE)",,,Plein jour,En agglomération,Hors intersection,Normale,Autre collision,,,,,,,,,,,1,2,1,1,6
200800040878,0008-07-10 20:00:00,8,7,10,20,0,890,387,"0, POINCARE (RUE)",,,Plein jour,En agglomération,Intersection en Y,Normale,Deux véhicules - côté,,,,,,,,,,,1,2,4,1,3
200800040879,0008-07-13 18:45:00,8,7,13,18,45,890,387,"0, ERNEST LANDRY (QUAI)",,,Plein jour,En agglomération,Hors intersection,Normale,Deux véhicules - côté,,,,,,,,,,,1,2,1,1,3
200800040880,0008-07-03 18:40:00,8,7,3,18,40,900,1,"13, DANJOUTIN (RUE DE)",,,Plein jour,En agglomération,Hors intersection,Pluie légère,Deux véhicules - frontale,,,,,,,,,,,1,2,1,2,1
200800040881,0008-07-04 18:30:00,8,7,4,18,30,900,10,"36, ALTKIRCH (AVENUE)",,,Plein jour,En agglomération,Hors intersection,Normale,Sans collision,,,,,,,,,,,1,2,1,1,7
200800040882,0008-07-04 23:20:00,8,7,4,23,20,900,10,JAURES (AVENUE JEAN) A 1,,,Nuit avec éclairage allumé,En agglomération,Intersection en Y,Normale,Deux véhicules - côté,,,,,,,,,,,5,2,4,1,3
200800040883,0008-07-05 13:34:00,8,7,5,13,34,900,10,"2, GAMBIEZ (RUE)",,,Plein jour,En agglomération,Hors intersection,Normale,Deux véhicules - frontale,,,,,,,,,,,1,2,1,1,1
200800040884,0008-07-08 21:10:00,8,7,8,21,10,900,10,BESANCON (FAUBOURG DE),,,Crépuscule ou aube,En agglomération,Autre intersection,Normale,Deux véhicules - arrière,,,,,,,,,,,2,2,9,1,2
200800040885,0008-07-09 16:25:00,8,7,9,16,25,900,10,"29, MOULIN (AVENUE JEAN)",,,Plein jour,En agglomération,Hors intersection,Normale,Deux véhicules - côté,,,,,,,,,,,1,2,1,1,3
200800040886,0008-07-11 17:50:00,8,7,11,17,50,900,99,"1, DE GAULLE (RUE DU GEN",,,Plein jour,En agglomération,Hors intersection,Normale,Deux véhicules - côté,,,,,,,,,,,1,2,1,1,3
200800040887,0008-07-15 16:25:00,8,7,15,16,25,900,1,"5, ASSISE (HAMEAU DE L')",,,Plein jour,En agglomération,Hors intersection,Normale,Deux véhicules - arrière,,,,,,,,,,,1,2,1,1,2
200800040888,0008-07-17 19:00:00,8,7,17,19,0,900,10,"1, KENNEDY (BOULEVARD)",,,Plein jour,En agglomération,Hors intersection,Normale,Deux véhicules - arrière,,,,,,,,,,,1,2,1,1,2
200800040889,0008-07-18 18:00:00,8,7,18,18,0,900,10,"3, KELLER (QUAI)",,,Plein jour,En agglomération,Hors intersection,Normale,Deux véhicules - arrière,,,,,,,,,,,1,2,1,1,2
200800040890,0008-07-18 23:44:00,8,7,18,23,44,900,10,JOFFRE (BOULEVARD MARECH,,,Nuit avec éclairage allumé,En agglomération,Intersection en X,Normale,Deux véhicules - côté,,,,,,,,,,,5,2,2,1,3
200800040891,0008-07-20 21:20:00,8,7,20,21,20,900,10,"29, MOULIN (AVENUE JEAN)",,,Plein jour,En agglomération,Hors intersection,Normale,Deux véhicules - côté,,,,,,,,,,,1,2,1,1,3
200800040892,0008-07-21 09:20:00,8,7,21,9,20,900,10,"5, SCHWEITZER (RUE)",,,Plein jour,En agglomération,Hors intersection,Normale,Autre collision,,,,,,,,,,,1,2,1,1,6
200800040893,0008-07-22 18:45:00,8,7,22,18,45,900,10,"55, JAURES (AVENUE JEAN)",,,Plein jour,En agglomération,Hors intersection,Normale,Deux véhicules - arrière,,,,,,,,,,,1,2,1,1,2
200800040894,0008-07-24 08:45:00,8,7,24,8,45,900,99,TURENNE (RUE DE),,,Plein jour,En agglomération,Hors intersection,Normale,Trois véhicules et plus - en chaîne,,,,,,,,,,,1,2,1,1,4
200800040895,0008-07-29 12:15:00,8,7,29,12,15,900,99,"40, TURENNE (RUE DE)",,,Plein jour,En agglomération,Giratoire,Normale,Deux véhicules - côté,,,,,,,,,,,1,2,6,1,3
200800040896,0008-07-24 18:50:00,8,7,24,18,50,900,10,"1, TROIS CHENES (AVENUE",,,Plein jour,En agglomération,Hors intersection,Normale,Sans collision,,,,,,,,,,,1,2,1,1,7
200800040897,0008-07-28 13:00:00,8,7,28,13,0,900,10,"26, rue des sciences et",,,Plein jour,En agglomération,Intersection à plus de 4 branches,Normale,Autre collision,,,,,,,,,,,1,2,5,1,6
200800040898,0008-07-15 23:20:00,8,7,15,23,20,910,339,"35, RN 20",,,Nuit sans éclairage public,Hors agglomération,Hors intersection,Normale,Autre collision,,,,,,,,,,,3,1,1,1,6
200800040899,0008-07-22 15:15:00,8,7,22,15,15,910,21,VERDUN (AVENUE DE),,,Plein jour,En agglomération,Hors intersection,Normale,Deux véhicules - côté,,,,,,,,,,,1,2,1,1,3
200800040900,0008-07-30 17:20:00,8,7,30,17,20,910,339,RN 20,,,Plein jour,En agglomération,Intersection en X,Normale,Deux véhicules - côté,,,,,,,,,,,1,2,2,1,3
200800040901,0008-07-25 18:15:00,8,7,25,18,15,910,27,"0, EPINETTE (RUE DE L')",,,Plein jour,En agglomération,Hors intersection,Normale,Autre collision,,,,,,,,,,,1,2,1,1,6
200800040902,0008-07-01 20:00:00,8,7,1,20,0,910,114,"2,00, ROUTE NATIONALE 6",,,Nuit avec éclairage allumé,En agglomération,Hors intersection,Normale,Autre collision,,,,,,,,,,,5,2,1,1,6
200800040903,0008-07-03 19:55:00,8,7,3,19,55,910,114,WITTLICH (ROND POINT),,,Plein jour,En agglomération,Intersection en X,Normale,Deux véhicules - côté,,,,,,,,,,,1,2,2,1,3
200800040904,0008-07-09 19:35:00,8,7,9,19,35,910,114,JOFFRE (AVENUE),,,Plein jour,En agglomération,Hors intersection,Normale,Autre collision,,,,,,,,,,,1,2,1,1,6
200800040905,0008-07-11 23:10:00,8,7,11,23,10,910,114,RESISTANCE (AVENUE DE LA,,,Nuit avec éclairage allumé,En agglomération,Hors intersection,Normale,Deux véhicules - côté,,,,,,,,,,,5,2,1,1,3
200800040906,0008-07-13 19:50:00,8,7,13,19,50,910,215,SAINTE GENEVIEVE (RUE),,,Plein jour,En agglomération,Hors intersection,Normale,Deux véhicules - arrière,,,,,,,,,,,1,2,1,1,2
200800040907,0008-07-17 12:30:00,8,7,17,12,30,910,514,ROUTE NATIONALE 6,,,Plein jour,Hors agglomération,Hors intersection,Normale,Autre collision,,,,,,,,,,,1,1,1,1,6
200800040908,0008-07-22 13:25:00,8,7,22,13,25,910,114,"61, BRIE (ROUTE DE)",,,Plein jour,En agglomération,Hors intersection,Normale,Autre collision,,,,,,,,,,,1,2,1,1,6
200800040909,0008-07-30 14:30:00,8,7,30,14,30,910,114,PIERRE PROST (AVENUE),,,Plein jour,En agglomération,Hors intersection,Normale,Deux véhicules - frontale,,,,,,,,,,,1,2,1,1,1
200800040910,0008-07-08 11:00:00,8,7,8,11,0,910,174,"7, JOHN KENNEDY (BOULEVA",,,Plein jour,En agglomération,Hors intersection,Normale,Deux véhicules - côté,,,,,,,,,,,1,2,1,1,3
200800040911,0008-07-04 08:10:00,8,7,4,8,10,910,657,TOURELLE (AVENUE DE LA ),,,Plein jour,En agglomération,Hors intersection,Normale,Deux véhicules - côté,,,,,,,,,,,1,2,1,1,3
200800040912,0008-07-04 19:50:00,8,7,4,19,50,910,657,DEUX COMMUNES (RUE DES),,,Plein jour,En agglomération,Hors intersection,Normale,Autre collision,,,,,,,,,,,1,2,1,1,6
200800040913,0008-07-05 05:00:00,8,7,5,5,0,910,201,ALPHONSE DAUDET(RUE),,,Nuit sans éclairage public,En agglomération,Hors intersection,Normale,Autre collision,,,,,,,,,,,3,2,1,1,6
200800040914,0008-07-10 17:45:00,8,7,10,17,45,910,201,FERDINAND BUISSON(RUE),,,Plein jour,En agglomération,Hors intersection,Normale,Autre collision,,,,,,,,,,,1,2,1,1,6
200800040915,0008-07-10 17:46:00,8,7,10,17,46,910,201,HENRI BARBUSSE(BOULEVARD,,,Plein jour,En agglomération,Hors intersection,Normale,Deux véhicules - côté,,,,,,,,,,,1,2,1,1,3
200800040916,0008-07-19 16:15:00,8,7,19,16,15,910,201,EUGENE DELACROIX(AVENUE),,,Plein jour,En agglomération,Intersection en X,Normale,Deux véhicules - côté,,,,,,,,,,,1,2,2,1,3
200800040917,0008-07-19 18:20:00,8,7,19,18,20,910,201,GENERAL DE GAULLE(BOULEV,,,Plein jour,En agglomération,Hors intersection,Normale,Deux véhicules - arrière,,,,,,,,,,,1,2,1,1,2
200800040918,0008-07-01 22:25:00,8,7,1,22,25,910,223,R.N.20,,,Crépuscule ou aube,Hors agglomération,Hors intersection,Normale,Sans collision,,,,,,,,,,,2,1,1,1,7
200800040919,0008-07-03 14:20:00,8,7,3,14,20,910,433,ROCHETTES (RUE DES),,,Plein jour,En agglomération,Hors intersection,Normale,Autre collision,,,,,,,,,,,1,2,1,1,6
200800040920,0008-07-03 17:10:00,8,7,3,17,10,910,223,"18, REPUBLIQUE (RUE DE L",,,Plein jour,En agglomération,Intersection en X,Normale,Deux véhicules - côté,,,,,,,,,,,1,2,2,1,3
200800040921,0008-07-04 11:50:00,8,7,4,11,50,910,223,"191, REPUBLIQUE (RUE DE",,,Plein jour,En agglomération,Intersection en X,Normale,Deux véhicules - côté,,,,,,,,,,,1,2,2,1,3