accident_id,datetime,annee,mois,jour,heure,minute,departement,commune_insee,adresse,latitude,longitude,luminosite,agglomeration,intersection,meteo,collision,nb_vehicules,nb_usagers,nb_indemnes,nb_tues,nb_blesses_hosp,nb_blesses_legers,age_cond_1,age_cond_2,veh_type_cond_1,veh_type_cond_2,lum_code,agg_code,int_code,atm_code,col_code
200800041056,0008-07-22 14:55:00,8,7,22,14,55,920,44,"43, MARIUS AUFAN(RUE) 1A",,,Plein jour,En agglomération,Hors intersection,Normale,Deux véhicules - côté,,,,,,,,,,,1,2,1,1,3
200800041057,0008-07-30 19:00:00,8,7,30,19,0,920,44,LEVALLOIS( PONT DE),,,Plein jour,En agglomération,Intersection en X,Normale,Deux véhicules - côté,,,,,,,,,,,1,2,2,1,3
200800041058,0008-07-23 12:15:00,8,7,23,12,15,920,48,"., COLONEL MORAINE (ROUT",,,Plein jour,Hors agglomération,Intersection en T,Normale,Deux véhicules - côté,,,,,,,,,,,1,1,3,1,3
200800041059,0008-07-18 08:45:00,8,7,18,8,45,920,48,"09, GENERAL GALLIENI (AV",,,Plein jour,En agglomération,Intersection en T,Normale,Autre collision,,,,,,,,,,,1,2,3,1,6
200800041060,0008-07-05 12:10:00,8,7,5,12,10,920,20,ESTIENNE D'ORVES RUE D',,,Plein jour,En agglomération,Intersection en X,Pluie légère,Deux véhicules - côté,,,,,,,,,,,1,2,2,2,3
200800041061,0008-07-05 15:30:00,8,7,5,15,30,920,49,"33, ROLLAND RUE LOUIS",,,Plein jour,En agglomération,Hors intersection,Normale,Autre collision,,,,,,,,,,,1,2,1,1,6
200800041062,0008-07-13 14:00:00,8,7,13,14,0,920,49,"75, REPUBLIQUE AVENUE DE",,,Plein jour,En agglomération,Hors intersection,Normale,Deux véhicules - côté,,,,,,,,,,,1,2,1,1,3
200800041063,0008-07-13 18:50:00,8,7,13,18,50,920,20,"78, PARIS AVENUE DE N°2",,,Plein jour,En agglomération,Hors intersection,Normale,Trois véhicules et plus - en chaîne,,,,,,,,,,,1,2,1,1,4
200800041064,0008-07-13 20:00:00,8,7,13,20,0,920,49,"112, REPUBLIQUE AVENUE D",,,Plein jour,En agglomération,Intersection en X,Normale,Deux véhicules - côté,,,,,,,,,,,1,2,2,1,3
200800041065,0008-07-15 20:30:00,8,7,15,20,30,920,49,"209, BROSSOLETTE AVENUE",,,Plein jour,En agglomération,Hors intersection,Normale,Sans collision,,,,,,,,,,,1,2,1,1,7
200800041066,0008-07-17 09:25:00,8,7,17,9,25,920,49,"159, BROSSOLETTE AVENUE",,,Plein jour,En agglomération,Hors intersection,Normale,Deux véhicules - côté,,,,,,,,,,,1,2,1,1,3
200800041067,0008-07-22 08:40:00,8,7,22,8,40,920,20,PARIS AVENUE DE N°84 A F,,,Plein jour,En agglomération,Intersection en X,Normale,Deux véhicules - côté,,,,,,,,,,,1,2,2,1,3
200800041068,0008-07-26 23:25:00,8,7,26,23,25,920,49,PERI RUE GABRIEL N°1 A 3,,,Nuit avec éclairage allumé,En agglomération,Intersection en X,Normale,Deux véhicules - côté,,,,,,,,,,,5,2,2,1,3
200800041069,0008-07-30 09:00:00,8,7,30,9,0,920,20,"70, VERDUN AVENUE DE AUT",,,Plein jour,En agglomération,Hors intersection,Normale,Deux véhicules - arrière,,,,,,,,,,,1,2,1,1,2
200800041070,0008-07-02 14:45:00,8,7,2,14,45,920,50,"184, CLEMENCEAU GEORGES",,,Plein jour,En agglomération,Hors intersection,Pluie forte,Deux véhicules - côté,,,,,,,,,,,1,2,1,3,3
200800041071,0008-07-07 11:50:00,8,7,7,11,50,920,50,"403, REPUBLIQUE AVENUE D",,,Plein jour,En agglomération,Hors intersection,Pluie légère,Autre collision,,,,,,,,,,,1,2,1,2,6
200800041072,0008-07-16 11:30:00,8,7,16,11,30,920,50,"4, PERI GABRIEL PLACE",,,Plein jour,En agglomération,Hors intersection,Normale,Autre collision,,,,,,,,,,,1,2,1,1,6
200800041073,0008-07-16 14:10:00,8,7,16,14,10,920,50,PONS NOEL RUE,,,Plein jour,En agglomération,Hors intersection,Normale,Sans collision,,,,,,,,,,,1,2,1,1,7
200800041074,0008-07-21 11:45:00,8,7,21,11,45,920,50,SAINT CLOUD RUE DE,,,Plein jour,En agglomération,Intersection en X,Normale,Autre collision,,,,,,,,,,,1,2,2,1,6
200800041075,0008-07-20 16:50:00,8,7,20,16,50,920,50,FRACHON BENOIT AVENUE,,,Plein jour,En agglomération,Intersection en T,Normale,Deux véhicules - côté,,,,,,,,,,,1,2,3,1,3
200800041076,0008-07-18 19:00:00,8,7,18,19,0,920,50,PICASSO PABLO AVENUE,,,Plein jour,En agglomération,Hors intersection,Normale,Autre collision,,,,,,,,,,,1,2,1,1,6
200800041077,0008-07-16 16:45:00,8,7,16,16,45,920,50,JOLIOT CURIE F. ET IRENE,,,Plein jour,En agglomération,Hors intersection,Normale,Autre collision,,,,,,,,,,,1,2,1,1,6
200800041078,0008-07-09 21:35:00,8,7,9,21,35,920,50,"6, ZILINA RUE DE",,,Crépuscule ou aube,En agglomération,Hors intersection,Normale,Deux véhicules - côté,,,,,,,,,,,2,2,1,1,3
200800041079,0008-07-22 12:10:00,8,7,22,12,10,920,50,DEFENSE BOULEVARD DE LA,,,Plein jour,En agglomération,Hors intersection,Normale,Deux véhicules - côté,,,,,,,,,,,1,2,1,1,3
200800041080,0008-07-25 14:00:00,8,7,25,14,0,920,50,REPUBLIQUE AVENUE DE LA,,,Plein jour,En agglomération,Hors intersection,Normale,Autre collision,,,,,,,,,,,1,2,1,1,6
200800041081,0008-07-18 15:30:00,8,7,18,15,30,920,50,DROITS DE L'HOMME PLACE,,,Plein jour,En agglomération,Giratoire,Normale,Sans collision,,,,,,,,,,,1,2,6,1,7
200800041082,0008-07-29 10:50:00,8,7,29,10,50,920,50,REPUBLIQUE AVENUE DE LA,,,Plein jour,En agglomération,Intersection en T,Normale,Autre collision,,,,,,,,,,,1,2,3,1,6
200800041083,0008-07-29 10:15:00,8,7,29,10,15,920,50,BOUVETS BOULEVARD DES,,,Plein jour,En agglomération,Hors intersection,Normale,Autre collision,,,,,,,,,,,1,2,1,1,6
200800041084,0008-07-02 10:10:00,8,7,2,10,10,920,62,PUTEAUX (PONT DE),,,Plein jour,En agglomération,Intersection en T,Temps couvert,Deux véhicules - côté,,,,,,,,,,,1,2,3,8,3
200800041085,0008-07-01 20:35:00,8,7,1,20,35,920,62,"00, ILE DE PUTEAUX",,,Plein jour,En agglomération,Hors intersection,Normale,Autre collision,,,,,,,,,,,1,2,1,1,6
200800041086,0008-07-14 09:30:00,8,7,14,9,30,920,62,"96, GENERAL DE GAULLE (A",,,Plein jour,En agglomération,Intersection en X,Normale,Deux véhicules - arrière,,,,,,,,,,,1,2,2,1,2
200800041087,0008-07-26 07:05:00,8,7,26,7,5,920,62,"00, DE DION BOUTON (QUAI",,,Plein jour,En agglomération,Intersection en Y,Normale,Autre collision,,,,,,,,,,,1,2,4,1,6
200800041088,0008-07-19 06:40:00,8,7,19,6,40,920,62,"00, GENERAL DE GAULLE (A",,,Plein jour,En agglomération,Intersection en X,Normale,Deux véhicules - côté,,,,,,,,,,,1,2,2,1,3
200800041089,0008-07-22 07:25:00,8,7,22,7,25,920,62,"00, FRANCE (RUE ANATOLE)",,,Plein jour,En agglomération,Intersection en X,Normale,Deux véhicules - côté,,,,,,,,,,,1,2,2,1,3
200800041090,0008-07-31 23:30:00,8,7,31,23,30,920,62,"94, GENERAL DE GAULLE (A",,,Nuit avec éclairage allumé,En agglomération,Intersection en X,Normale,Deux véhicules - arrière,,,,,,,,,,,5,2,2,1,2
200800041091,0008-07-01 11:50:00,8,7,1,11,50,920,63,"91 bis, DOUMER (AVENUE P",,,Plein jour,En agglomération,Hors intersection,Normale,Autre collision,,,,,,,,,,,1,2,1,1,6
200800041092,0008-07-05 10:30:00,8,7,5,10,30,920,63,"28, POMPIDOU (AVENUE DU",,,Plein jour,En agglomération,Hors intersection,Pluie légère,Autre collision,,,,,,,,,,,1,2,1,2,6
200800041093,0008-07-08 08:00:00,8,7,8,8,0,920,63,COLMAR (AVENUE DE),,,Plein jour,En agglomération,Intersection en X,Normale,Deux véhicules - côté,,,,,,,,,,,1,2,2,1,3
200800041094,0008-07-09 09:00:00,8,7,9,9,0,920,63,Bretelle A86,,,Plein jour,En agglomération,Intersection en X,Normale,Deux véhicules - côté,,,,,,,,,,,1,2,2,1,3
200800041095,0008-07-18 16:50:00,8,7,18,16,50,920,63,"292, BONAPARTE (AVENUE N",,,Plein jour,En agglomération,Hors intersection,Normale,Deux véhicules - côté,,,,,,,,,,,1,2,1,1,3
200800041096,0008-07-21 18:15:00,8,7,21,18,15,920,63,FOCH (BOULEVARD DU MAREC,,,Plein jour,En agglomération,Intersection en X,Normale,Autre collision,,,,,,,,,,,1,2,2,1,6
200800041097,0008-07-24 09:05:00,8,7,24,9,5,920,63,FOND LOUVET (RUE DU),,,Plein jour,En agglomération,Intersection en T,Normale,Deux véhicules - côté,,,,,,,,,,,1,2,3,1,3
200800041098,0008-07-02 09:20:00,8,7,2,9,20,920,64,"FACE 64, MARCEL DASSAULT",,,Plein jour,En agglomération,Hors intersection,Normale,Deux véhicules - côté,,,,,,,,,,,1,2,1,1,3
200800041099,0008-07-04 18:25:00,8,7,4,18,25,920,64,PLACE CLEMENCEAU,,,Plein jour,En agglomération,Hors intersection,Normale,Sans collision,,,,,,,,,,,1,2,1,1,7
200800041100,0008-07-17 06:30:00,8,7,17,6,30,920,64,"894, CARNOT",,,Plein jour,En agglomération,Hors intersection,Normale,Deux véhicules - côté,,,,,,,,,,,1,2,1,1,3
200800041101,0008-07-21 15:36:00,8,7,21,15,36,920,64,PASTEUR,,,Plein jour,En agglomération,Autre intersection,Normale,Deux véhicules - côté,,,,,,,,,,,1,2,9,1,3
200800041102,0008-07-24 10:00:00,8,7,24,10,0,920,76,REPUBLIQUE,,,Plein jour,En agglomération,Hors intersection,Normale,Trois véhicules et plus - en chaîne,,,,,,,,,,,1,2,1,1,4
200800041103,0008-07-26 06:15:00,8,7,26,6,15,920,33,"152/154, GENERAL DE GAUL",,,Plein jour,En agglomération,Hors intersection,Pluie légère,Autre collision,,,,,,,,,,,1,2,1,2,6
200800041104,0008-07-03 17:08:00,8,7,3,17,8,920,72,"., GRANDE RUE",,,Plein jour,En agglomération,Intersection en X,Normale,Deux véhicules - côté,,,,,,,,,,,1,2,2,1,3
200800041105,0008-07-04 14:30:00,8,7,4,14,30,920,72,"04, EUROPE (AVENUE DE L'",,,Plein jour,En agglomération,Hors intersection,Normale,Autre collision,,,,,,,,,,,1,2,1,1,6
200800041106,0008-07-07 08:30:00,8,7,7,8,30,920,77,"9, SEVRES (RUE DE)",,,Plein jour,En agglomération,Hors intersection,Normale,Deux véhicules - arrière,,,,,,,,,,,1,2,1,1,2
200800041107,0008-07-11 04:00:00,8,7,11,4,0,920,77,"115, VERSAILLES (RUE DE)",,,Nuit avec éclairage allumé,En agglomération,Hors intersection,Normale,Autre collision,,,,,,,,,,,5,2,1,1,6
200800041108,0008-07-11 14:35:00,8,7,11,14,35,920,22,"., PAVE DES GARDES (ROUT",,,Plein jour,En agglomération,Intersection en T,Pluie légère,Deux véhicules - côté,,,,,,,,,,,1,2,3,2,3
200800041109,0008-07-12 12:15:00,8,7,12,12,15,920,72,"51, VILLE D'AVRAY (RUE D",,,Plein jour,En agglomération,Hors intersection,Pluie forte,Deux véhicules - arrière,,,,,,,,,,,1,2,1,3,2
200800041110,0008-07-12 13:00:00,8,7,12,13,0,920,72,"90, GRANDE RUE",,,Plein jour,En agglomération,Hors intersection,Normale,Deux véhicules - frontale,,,,,,,,,,,1,2,1,1,1
200800041111,0008-07-23 12:25:00,8,7,23,12,25,920,22,"1869, SALENGRO (AVENUE R",,,Plein jour,En agglomération,Hors intersection,Normale,Deux véhicules - côté,,,,,,,,,,,1,2,1,1,3
200800041112,0008-07-26 20:20:00,8,7,26,20,20,920,72,"22, EUROPE (AVENUE DE L'",,,Plein jour,En agglomération,Hors intersection,Normale,Autre collision,,,,,,,,,,,1,2,1,1,6
200800041113,0008-07-15 08:55:00,8,7,15,8,55,920,73,"19, SELLIER (BOULEVARD H",,,Plein jour,En agglomération,Hors intersection,Normale,Deux véhicules - arrière,,,,,,,,,,,1,2,1,1,2
200800041114,0008-07-17 09:10:00,8,7,17,9,10,920,73,GALLIENI (QUAI),,,Plein jour,En agglomération,Hors intersection,Normale,Deux véhicules - arrière,,,,,,,,,,,1,2,1,1,2
200800041115,0008-07-21 09:40:00,8,7,21,9,40,920,73,"05, DASSAULT (QUAI MARCE",,,Plein jour,En agglomération,Hors intersection,Normale,Deux véhicules - frontale,,,,,,,,,,,1,2,1,1,1
200800041116,0008-07-29 10:00:00,8,7,29,10,0,920,73,"8, DASSAULT (QUAI MARCEL",,,Plein jour,En agglomération,Intersection en T,Normale,Deux véhicules - côté,,,,,,,,,,,1,2,3,1,3
200800041117,0008-07-29 16:45:00,8,7,29,16,45,920,73,"64, REPUBLIQUE (RUE DE L",,,Plein jour,En agglomération,Hors intersection,Normale,Autre collision,,,,,,,,,,,1,2,1,1,6
200800041118,0008-07-29 21:15:00,8,7,29,21,15,920,73,"126, DE LATTRE DE TASSIG",,,Crépuscule ou aube,En agglomération,Hors intersection,Normale,Autre collision,,,,,,,,,,,2,2,1,1,6
200800041119,0008-07-01 12:10:00,8,7,1,12,10,920,46,DE STALINGRAD,,,Plein jour,En agglomération,Intersection en T,Normale,Autre collision,,,,,,,,,,,1,2,3,1,6
200800041120,0008-07-02 10:35:00,8,7,2,10,35,920,46,GABRIEL PERI,,,Plein jour,En agglomération,Intersection en X,Normale,Autre collision,,,,,,,,,,,1,2,2,1,6
200800041121,0008-07-08 19:35:00,8,7,8,19,35,920,75,DE L'INSURRECTION,,,Plein jour,En agglomération,Giratoire,Normale,Deux véhicules - côté,,,,,,,,,,,1,2,6,1,3
200800041122,0008-07-08 20:15:00,8,7,8,20,15,920,75,CHEVALLIER DE LA BARRE (,,,Plein jour,En agglomération,Hors intersection,Normale,Autre collision,,,,,,,,,,,1,2,1,1,6
200800041123,0008-07-01 09:00:00,8,7,1,9,0,920,46,CAMELINAT,,,Plein jour,En agglomération,Intersection en X,Normale,Sans collision,,,,,,,,,,,1,2,2,1,7
200800041124,0008-07-23 10:40:00,8,7,23,10,40,920,46,GABRIEL PERI,,,Plein jour,En agglomération,Intersection en X,Normale,Deux véhicules - côté,,,,,,,,,,,1,2,2,1,3
200800041125,0008-07-22 20:00:00,8,7,22,20,0,920,75,"12, MARY BESSEYRE (RUE)",,,Plein jour,En agglomération,Hors intersection,Normale,Autre collision,,,,,,,,,,,1,2,1,1,6
200800041126,0008-07-27 15:30:00,8,7,27,15,30,920,46,PIERRE BROSSOLETTE,,,Plein jour,En agglomération,Intersection en T,Normale,Autre collision,,,,,,,,,,,1,2,3,1,6
200800041127,0008-07-15 18:05:00,8,7,15,18,5,920,78,"65, GALLIENI (BD) (1 A 7",,,Plein jour,En agglomération,Hors intersection,Normale,Deux véhicules - côté,,,,,,,,,,,1,2,1,1,3
200800041128,0008-07-16 19:00:00,8,7,16,19,0,920,78,VERDUN (AVENUE) (IMPAIRS,,,Plein jour,En agglomération,Hors intersection,Normale,Deux véhicules - arrière,,,,,,,,,,,1,2,1,1,2
200800041129,0008-07-17 14:25:00,8,7,17,14,25,920,78,"7, NOBEL (AVENUE)",,,Plein jour,En agglomération,Hors intersection,Normale,Deux véhicules - frontale,,,,,,,,,,,1,2,1,1,1
200800041130,0008-07-18 14:25:00,8,7,18,14,25,920,78,HENRI BARBUSSE (RUE) (PA,,,Plein jour,En agglomération,Intersection en X,Normale,Deux véhicules - côté,,,,,,,,,,,1,2,2,1,3
200800041131,0008-07-28 22:40:00,8,7,28,22,40,920,78,VERDUN (AVENUE) (N° PAIR,,,Nuit avec éclairage allumé,En agglomération,Intersection en T,Pluie légère,Deux véhicules - côté,,,,,,,,,,,5,2,3,2,3
200800041132,0008-07-07 18:45:00,8,7,7,18,45,920,62,"1, CHERBOURG (ROSACE DE)",,,Plein jour,En agglomération,Intersection en Y,Normale,Deux véhicules - frontale,,,,,,,,,,,1,2,4,1,1
200800041133,0008-07-08 21:40:00,8,7,8,21,40,920,62,"1, BOULEVARD PIERRE GAUD",,,Crépuscule ou aube,En agglomération,Hors intersection,Pluie légère,Sans collision,,,,,,,,,,,2,2,1,2,7
200800041134,0008-07-11 10:40:00,8,7,11,10,40,920,62,"1, GENERAL DE GAULLE (AV",,,Plein jour,En agglomération,Intersection en T,Normale,Deux véhicules - côté,,,,,,,,,,,1,2,3,1,3
200800041135,0008-07-19 17:50:00,8,7,19,17,50,920,26,"1, DEFENSE (ROND POINT D",,,Plein jour,En agglomération,Intersection en Y,Normale,Sans collision,,,,,,,,,,,1,2,4,1,7
200800041136,0008-07-22 16:15:00,8,7,22,16,15,920,62,"1, AVENUE DE LA DIVISION",,,Plein jour,En agglomération,Hors intersection,Normale,Sans collision,,,,,,,,,,,1,2,1,1,7
200800041137,0008-07-23 06:40:00,8,7,23,6,40,920,26,BOULEVARD CIRCULAIRE,,,Plein jour,En agglomération,Intersection en X,Normale,Deux véhicules - côté,,,,,,,,,,,1,2,2,1,3
200800041138,0008-07-01 18:40:00,8,7,1,18,40,930,1,"35, JEAN JAURES (AVE)  =",,,Plein jour,En agglomération,Hors intersection,Normale,Sans collision,,,,,,,,,,,1,2,1,1,7
200800041139,0008-07-02 01:15:00,8,7,2,1,15,930,1,"0, JEAN JAURES (AVE)  21",,,Nuit avec éclairage allumé,En agglomération,Hors intersection,Normale,Trois véhicules et plus - collisions multiples,,,,,,,,,,,5,2,1,1,5
200800041140,0008-07-03 11:30:00,8,7,3,11,30,930,1,"75, REPUBLIQUE (AVE DE L",,,Plein jour,En agglomération,Hors intersection,Normale,Deux véhicules - arrière,,,,,,,,,,,1,2,1,1,2
200800041141,0008-07-03 17:45:00,8,7,3,17,45,930,1,HELENE COCHENNEC (RUE),,,Plein jour,En agglomération,Hors intersection,Normale,Autre collision,,,,,,,,,,,1,2,1,1,6
200800041142,0008-07-07 13:15:00,8,7,7,13,15,930,1,"168, CITES (RUE DES)  12",,,Plein jour,En agglomération,Intersection en T,Normale,Deux véhicules - frontale,,,,,,,,,,,1,2,3,1,1
200800041143,0008-07-08 14:25:00,8,7,8,14,25,930,1,"73, VICTOR HUGO (AVE)  =",,,Plein jour,En agglomération,Hors intersection,Normale,Autre collision,,,,,,,,,,,1,2,1,1,6
200800041144,0008-07-09 07:20:00,8,7,9,7,20,930,1,"30, JEAN JAURES (AVE)  =",,,Plein jour,En agglomération,Autre intersection,Normale,Deux véhicules - côté,,,,,,,,,,,1,2,9,1,3
200800041145,0008-07-09 14:10:00,8,7,9,14,10,930,1,"166, VICTOR HUGO (AVE)",,,Plein jour,En agglomération,Hors intersection,Normale,Deux véhicules - côté,,,,,,,,,,,1,2,1,1,3
200800041146,0008-07-11 23:10:00,8,7,11,23,10,930,1,"X, REPUBLIQUE (AVE DE LA",,,Nuit avec éclairage allumé,En agglomération,Hors intersection,Normale,Deux véhicules - côté,,,,,,,,,,,5,2,1,1,3
200800041147,0008-07-12 16:15:00,8,7,12,16,15,930,1,"229, JEAN JAURES (AVE)",,,Plein jour,En agglomération,Hors intersection,Normale,Deux véhicules - côté,,,,,,,,,,,1,2,1,1,3
200800041148,0008-07-18 15:55:00,8,7,18,15,55,930,1,"19, HEMET (RUE)  (IMPAIR",,,Plein jour,En agglomération,Hors intersection,Normale,Autre collision,,,,,,,,,,,1,2,1,1,6
200800041149,0008-07-18 18:10:00,8,7,18,18,10,930,1,"33, PAUL DOUMER (RUE)",,,Plein jour,En agglomération,Hors intersection,Normale,Deux véhicules - côté,,,,,,,,,,,1,2,1,1,3
200800041150,0008-07-19 12:15:00,8,7,19,12,15,930,1,"172, FELIX FAURE (BLD) 1",,,Plein jour,En agglomération,Hors intersection,Normale,Autre collision,,,,,,,,,,,1,2,1,1,6
200800041151,0008-07-19 21:00:00,8,7,19,21,0,930,1,"83, JEAN JAURES (AVE)  =",,,Plein jour,En agglomération,Hors intersection,Normale,Autre collision,,,,,,,,,,,1,2,1,1,6
200800041152,0008-07-20 21:45:00,8,7,20,21,45,930,1,"25, ELYSEE RECLUS (RUE)",,,Crépuscule ou aube,En agglomération,Hors intersection,Normale,Autre collision,,,,,,,,,,,2,2,1,1,6
200800041153,0008-07-21 16:50:00,8,7,21,16,50,930,1,"40, HAIE COQ (RUE DE LA",,,Plein jour,En agglomération,Hors intersection,Normale,Trois véhicules et plus - en chaîne,,,,,,,,,,,1,2,1,1,4
200800041154,0008-07-22 13:15:00,8,7,22,13,15,930,1,"X, MOUTIER (RUE DU)  =>",,,Plein jour,En agglomération,Intersection à plus de 4 branches,Normale,Deux véhicules - arrière,,,,,,,,,,,1,2,5,1,2
200800041155,0008-07-25 12:10:00,8,7,25,12,10,930,1,"167, VICTOR HUGO (AVE)",,,Plein jour,En agglomération,Intersection en X,Normale,Deux véhicules - côté,,,,,,,,,,,1,2,2,1,3
200800041156,0008-07-28 00:01:00,8,7,28,0,1,930,1,"X, HENRI BARBUSSE (RUE)",,,Nuit avec éclairage allumé,En agglomération,Hors intersection,Normale,Autre collision,,,,,,,,,,,5,2,1,1,6
200800041157,0008-07-28 18:15:00,8,7,28,18,15,930,1,"X, LEOPOLD RECHOSSIERE (",,,Plein jour,En agglomération,Intersection en T,Normale,Deux véhicules - côté,,,,,,,,,,,1,2,3,1,3
200800041158,0008-07-02 12:12:00,8,7,2,12,12,930,5,PAUL CEZANNE (RUE),,,Plein jour,En agglomération,Hors intersection,Normale,Deux véhicules - frontale,,,,,,,,,,,1,2,1,1,1
200800041159,0008-07-03 21:30:00,8,7,3,21,30,930,5,"neant, BALAGNY (RUE DE)",,,Crépuscule ou aube,En agglomération,Hors intersection,Normale,Deux véhicules - côté,,,,,,,,,,,2,2,1,1,3
200800041160,0008-07-04 15:00:00,8,7,4,15,0,930,5,"neant, CLEMENT ADER (RUE",,,Plein jour,En agglomération,Hors intersection,Normale,Deux véhicules - côté,,,,,,,,,,,1,2,1,1,3
200800041161,0008-07-06 15:50:00,8,7,6,15,50,930,5,"98 BIS, MARCEL SEMBAT (R",,,Plein jour,En agglomération,Hors intersection,Normale,Deux véhicules - côté,,,,,,,,,,,1,2,1,1,3
200800041162,0008-07-12 20:20:00,8,7,12,20,20,930,5,PIERRE SEMARD (AVENUE),,,Crépuscule ou aube,En agglomération,Giratoire,Normale,Deux véhicules - arrière,,,,,,,,,,,2,2,6,1,2
200800041163,0008-07-21 08:15:00,8,7,21,8,15,930,5,"neant, PIERRE SEMARD (AV",,,Plein jour,En agglomération,Giratoire,Normale,Deux véhicules - côté,,,,,,,,,,,1,2,6,1,3
200800041164,0008-07-21 16:45:00,8,7,21,16,45,930,5,JULES SIMON (RUE),,,Plein jour,En agglomération,Intersection en X,Normale,Deux véhicules - côté,,,,,,,,,,,1,2,2,1,3
200800041165,0008-07-23 14:55:00,8,7,23,14,55,930,5,"13, LEFEVRE (BOULEVARD)",,,Plein jour,En agglomération,Intersection en T,Normale,Deux véhicules - côté,,,,,,,,,,,1,2,3,1,3
200800041166,0008-07-24 12:30:00,8,7,24,12,30,930,5,JACQUES DUCLOS [CD44] (R,,,Plein jour,En agglomération,Intersection en X,Normale,Deux véhicules - côté,,,,,,,,,,,1,2,2,1,3
200800041167,0008-07-31 11:40:00,8,7,31,11,40,930,5,ISAAC NEWTON (RUE),,,Plein jour,En agglomération,Hors intersection,Normale,Deux véhicules - côté,,,,,,,,,,,1,2,1,1,3
200800041168,0008-07-31 18:30:00,8,7,31,18,30,930,5,SUZANNE LENGLEN (AVENUE),,,Plein jour,En agglomération,Autre intersection,Normale,Autre collision,,,,,,,,,,,1,2,9,1,6
200800041169,0008-07-05 19:00:00,8,7,5,19,0,930,7,", CHARLES FLOQUET (AVENU",,,Plein jour,En agglomération,Intersection en X,Normale,Deux véhicules - côté,,,,,,,,,,,1,2,2,1,3
200800041170,0008-07-09 20:00:00,8,7,9,20,0,930,7,"""REPUBLIQUE (AVENUE DE L",,,Plein jour,En agglomération,Intersection en X,Normale,Deux véhicules - côté,,,,,,,,,,,1,2,2,1,3
200800041171,0008-07-10 22:05:00,8,7,10,22,5,930,7,CHARLES GOUNOD (RUE),,,Crépuscule ou aube,En agglomération,Intersection en X,Pluie légère,Deux véhicules - frontale,,,,,,,,,,,2,2,2,2,1
200800041172,0008-07-15 14:10:00,8,7,15,14,10,930,7,"5, PARC (RUE DU)",,,Plein jour,En agglomération,Hors intersection,Normale,Autre collision,,,,,,,,,,,1,2,1,1,6
200800041173,0008-07-15 13:45:00,8,7,15,13,45,930,7,"01, ""HENRI BARBUSSE (AVE",,,Plein jour,En agglomération,Hors intersection,Temps éblouissant,Deux véhicules - arrière,,,,,,,,,,,1,2,1,7,2
200800041174,0008-07-18 17:30:00,8,7,18,17,30,930,7,"""REPUBLIQUE (AVENUE DE L",,,Plein jour,Hors agglomération,Hors intersection,Normale,Autre collision,,,,,,,,,,,1,1,1,1,6
200800041175,0008-07-20 19:00:00,8,7,20,19,0,930,7,ALTRINCHAM (RUE),,,Plein jour,En agglomération,Intersection en T,Normale,Deux véhicules - côté,,,,,,,,,,,1,2,3,1,3
200800041176,0008-07-26 16:00:00,8,7,26,16,0,930,7,"138, ""PAUL VAILLANT COUT",,,Plein jour,En agglomération,Hors intersection,Normale,Autre collision,,,,,,,,,,,1,2,1,1,6
200800041177,0008-07-24 23:45:00,8,7,24,23,45,930,7,JEAN MERMOZ (SQUARE),,,Nuit avec éclairage allumé,En agglomération,Intersection en T,Normale,Deux véhicules - côté,,,,,,,,,,,5,2,3,1,3
200800041178,0008-07-06 19:00:00,8,7,6,19,0,930,8,DELAUNE (RUE AUGUSTE),,,Plein jour,En agglomération,Intersection en T,Normale,Autre collision,,,,,,,,,,,1,2,3,1,6
200800041179,0008-07-09 09:20:00,8,7,9,9,20,930,8,ALLENDE (AVE DU P. SALVA,,,Plein jour,En agglomération,Giratoire,Normale,Deux véhicules - côté,,,,,,,,,,,1,2,6,1,3
200800041180,0008-07-09 12:10:00,8,7,9,12,10,930,8,VAILLANT COUTURIER (AVEN,,,Plein jour,En agglomération,Hors intersection,Normale,Deux véhicules - arrière,,,,,,,,,,,1,2,1,1,2
200800041181,0008-07-11 20:30:00,8,7,11,20,30,930,8,"418-420, VAILLANT COUTUR",,,Plein jour,En agglomération,Hors intersection,Normale,Deux véhicules - arrière,,,,,,,,,,,1,2,1,1,2
200800041182,0008-07-12 02:10:00,8,7,12,2,10,930,8,"neant, ROND POINT REPIQU",,,Nuit avec éclairage allumé,En agglomération,Giratoire,Pluie légère,Sans collision,,,,,,,,,,,5,2,6,2,7
200800041183,0008-07-15 13:15:00,8,7,15,13,15,930,8,MADELEINE (CHEMIN DE LA),,,Plein jour,En agglomération,Intersection en T,Normale,Deux véhicules - côté,,,,,,,,,,,1,2,3,1,3
200800041184,0008-07-18 11:00:00,8,7,18,11,0,930,8,"48, DIVISION LECLERC (AV",,,Plein jour,En agglomération,Intersection en T,Normale,Deux véhicules - côté,,,,,,,,,,,1,2,3,1,3
200800041185,0008-07-30 18:15:00,8,7,30,18,15,930,8,VAILLANT COUTURIER (AVEN,,,Plein jour,En agglomération,Hors intersection,Normale,Trois véhicules et plus - collisions multiples,,,,,,,,,,,1,2,1,1,5
200800041186,0008-07-31 06:50:00,8,7,31,6,50,930,8,"01, ARAGON (AVENUE LOUIS",,,Plein jour,En agglomération,Hors intersection,Normale,Sans collision,,,,,,,,,,,1,2,1,1,7
200800041187,0008-07-08 11:30:00,8,7,8,11,30,930,57,"01, HUGO (AV. VICTOR)",,,Plein jour,En agglomération,Hors intersection,Temps couvert,Autre collision,,,,,,,,,,,1,2,1,8,6
200800041188,0008-07-11 14:25:00,8,7,11,14,25,930,10,"ignore, PROMENADE (VOIE)",,,Plein jour,En agglomération,Hors intersection,Temps couvert,Deux véhicules - côté,,,,,,,,,,,1,2,1,8,3
200800041189,0008-07-12 12:00:00,8,7,12,12,0,930,57,"ignore, BRIAND ( AV.  AR",,,Plein jour,En agglomération,Hors intersection,Normale,Trois véhicules et plus - collisions multiples,,,,,,,,,,,1,2,1,1,5
200800041190,0008-07-18 09:10:00,8,7,18,9,10,930,10,"97, GALLIENI (AV.) DE 1",,,Plein jour,En agglomération,Hors intersection,Normale,Sans collision,,,,,,,,,,,1,2,1,1,7