accident_id,datetime,annee,mois,jour,heure,minute,departement,commune_insee,adresse,latitude,longitude,luminosite,agglomeration,intersection,meteo,collision,nb_vehicules,nb_usagers,nb_indemnes,nb_tues,nb_blesses_hosp,nb_blesses_legers,age_cond_1,age_cond_2,veh_type_cond_1,veh_type_cond_2,lum_code,agg_code,int_code,atm_code,col_code
200800041191,0008-07-11 19:00:00,8,7,11,19,0,930,27,", RENARD (RUE EDOUARD)",,,Plein jour,En agglomération,Intersection en X,Normale,Deux véhicules - côté,,,,,,,,,,,1,2,2,1,3
200800041192,0008-07-16 23:45:00,8,7,16,23,45,930,27,"00, SALENGRO (AVENUE ROG",,,Nuit sans éclairage public,Hors agglomération,Hors intersection,Normale,Autre collision,,,,,,,,,,,3,1,1,1,6
200800041193,0008-07-22 19:40:00,8,7,22,19,40,930,27,"16, TIMBAUD (RUE JEAN-PI",,,Plein jour,En agglomération,Hors intersection,Normale,Autre collision,,,,,,,,,,,1,2,1,1,6
200800041194,0008-07-29 06:50:00,8,7,29,6,50,930,30,"76, HUIT-MAI-1945 (AVENU",,,Plein jour,En agglomération,Hors intersection,Normale,Deux véhicules - côté,,,,,,,,,,,1,2,1,1,3
200800041195,0008-07-07 13:30:00,8,7,7,13,30,930,27,"8, QUINET (RUE EDGAR)",,,Plein jour,En agglomération,Hors intersection,Normale,Autre collision,,,,,,,,,,,1,2,1,1,6
200800041196,0008-07-16 17:20:00,8,7,16,17,20,930,27,"28, BALZAC (RUE HONORE D",,,Plein jour,En agglomération,Hors intersection,Temps couvert,Autre collision,,,,,,,,,,,1,2,1,8,6
200800041197,0008-07-01 17:38:00,8,7,1,17,38,930,27,"13, CACHIN (AVENUE MARCE",,,Plein jour,En agglomération,Hors intersection,Temps éblouissant,Deux véhicules - arrière,,,,,,,,,,,1,2,1,7,2
200800041198,0008-07-06 01:50:00,8,7,6,1,50,930,27,"42, VAILLANT-COUTURIER (",,,Nuit avec éclairage allumé,En agglomération,Giratoire,Normale,Deux véhicules - arrière,,,,,,,,,,,5,2,6,1,2
200800041199,0008-07-08 19:25:00,8,7,8,19,25,930,13,BAROCHE (RUE DU CDT ERNE,,,Plein jour,En agglomération,Hors intersection,Normale,Autre collision,,,,,,,,,,,1,2,1,1,6
200800041200,0008-07-11 17:45:00,8,7,11,17,45,930,27,JAURES (AVENUE JEAN),,,Plein jour,En agglomération,Hors intersection,Normale,Deux véhicules - arrière,,,,,,,,,,,1,2,1,1,2
200800041201,0008-07-31 01:15:00,8,7,31,1,15,930,27,"111, PASTEUR (BOULEVARD)",,,Nuit avec éclairage allumé,En agglomération,Intersection en X,Normale,Deux véhicules - côté,,,,,,,,,,,5,2,2,1,3
200800041202,0008-07-07 19:10:00,8,7,7,19,10,930,29,"10, STALINGRAD (DE)",,,Plein jour,En agglomération,Hors intersection,Normale,Autre collision,,,,,,,,,,,1,2,1,1,6
200800041203,0008-07-10 14:00:00,8,7,10,14,0,930,29,"41, ROUGET DE LISLE N° 1",,,Plein jour,En agglomération,Intersection en X,Normale,Deux véhicules - côté,,,,,,,,,,,1,2,2,1,3
200800041204,0008-07-10 18:50:00,8,7,10,18,50,930,29,HENRI BARBUSSE (AVE) N°2,,,Plein jour,En agglomération,Intersection en T,Normale,Deux véhicules - côté,,,,,,,,,,,1,2,3,1,3
200800041205,0008-07-17 17:45:00,8,7,17,17,45,930,29,"208, REPUBLIQUE (DE LA)",,,Plein jour,En agglomération,Hors intersection,Normale,Autre collision,,,,,,,,,,,1,2,1,1,6
200800041206,0008-07-23 11:49:00,8,7,23,11,49,930,29,"190, HENRI BARBUSSE (AVE",,,Plein jour,En agglomération,Intersection en T,Normale,Deux véhicules - côté,,,,,,,,,,,1,2,3,1,3
200800041207,0008-07-25 08:40:00,8,7,25,8,40,930,29,"03, PAUL VAILLANT COUTUR",,,Plein jour,En agglomération,Hors intersection,Normale,Autre collision,,,,,,,,,,,1,2,1,1,6
200800041208,0008-07-29 20:48:00,8,7,29,20,48,930,29,"136, CHARLES GIDE",,,Plein jour,En agglomération,Hors intersection,Normale,Deux véhicules - côté,,,,,,,,,,,1,2,1,1,3
200800041209,0008-07-11 12:45:00,8,7,11,12,45,930,31,"126, JOFFRE (AVENUE)",,,Plein jour,En agglomération,Hors intersection,Normale,Autre collision,,,,,,,,,,,1,2,1,1,6
200800041210,0008-07-15 17:45:00,8,7,15,17,45,930,31,"0, FOCH (BOULEVARD)",,,Plein jour,En agglomération,Hors intersection,Normale,Deux véhicules - côté,,,,,,,,,,,1,2,1,1,3
200800041211,0008-07-16 11:50:00,8,7,16,11,50,930,31,"0, CLAUDE DEBUSSY",,,Plein jour,En agglomération,Hors intersection,Normale,Deux véhicules - arrière,,,,,,,,,,,1,2,1,1,2
200800041212,0008-07-20 23:00:00,8,7,20,23,0,930,31,"0, REPUBLIQUE (AVENUE)",,,Nuit avec éclairage allumé,En agglomération,Hors intersection,Normale,Autre collision,,,,,,,,,,,5,2,1,1,6
200800041213,0008-07-24 20:15:00,8,7,24,20,15,930,79,"189, DIVISION LECLERC (A",,,Plein jour,En agglomération,Giratoire,Normale,Deux véhicules - côté,,,,,,,,,,,1,2,6,1,3
200800041214,0008-07-26 15:20:00,8,7,26,15,20,930,79,"0, DIVISION LECLERC (AV)",,,Plein jour,En agglomération,Intersection en T,Normale,Deux véhicules - frontale,,,,,,,,,,,1,2,3,1,1
200800041215,0008-07-26 15:50:00,8,7,26,15,50,930,31,"81, ARGENTEUIL (ROUTE D'",,,Plein jour,En agglomération,Hors intersection,Normale,Deux véhicules - côté,,,,,,,,,,,1,2,1,1,3
200800041216,0008-07-26 17:35:00,8,7,26,17,35,930,31,"78, CARRIERES (DES)",,,Plein jour,En agglomération,Hors intersection,Normale,Autre collision,,,,,,,,,,,1,2,1,1,6
200800041217,0008-07-27 00:45:00,8,7,27,0,45,930,79,"0, DIVISION LECLERC (AV)",,,Nuit avec éclairage allumé,En agglomération,Giratoire,Normale,Autre collision,,,,,,,,,,,5,2,6,1,6
200800041218,0008-07-28 11:40:00,8,7,28,11,40,930,31,"51, DE LATTRE DE TASSIGN",,,Plein jour,En agglomération,Autre intersection,Normale,Deux véhicules - arrière,,,,,,,,,,,1,2,9,1,2
200800041219,0008-07-16 17:25:00,8,7,16,17,25,930,47,UTRILLO  (RUE),,,Plein jour,En agglomération,Autre intersection,Normale,Autre collision,,,,,,,,,,,1,2,9,1,6
200800041220,0008-07-23 18:05:00,8,7,23,18,5,930,32,"27, PAUL VAILLANT COUTUR",,,Plein jour,En agglomération,Hors intersection,Normale,Deux véhicules - côté,,,,,,,,,,,1,2,1,1,3
200800041221,0008-07-24 10:30:00,8,7,24,10,30,930,32,MONTFERMEIL   (ALLEE DE),,,Plein jour,En agglomération,Intersection en X,Normale,Deux véhicules - frontale,,,,,,,,,,,1,2,2,1,1
200800041222,0008-07-26 16:15:00,8,7,26,16,15,930,47,SCIENCES   (AVENUE DES),,,Plein jour,En agglomération,Intersection en X,Normale,Deux véhicules - frontale,,,,,,,,,,,1,2,2,1,1
200800041223,0008-07-27 22:00:00,8,7,27,22,0,930,47,DENIS PAPIN  (AVENUE),,,Nuit avec éclairage allumé,En agglomération,Giratoire,Normale,Sans collision,,,,,,,,,,,5,2,6,1,7
200800041224,0008-07-28 17:00:00,8,7,28,17,0,930,47,"154, JEAN JAURES (VILLA)",,,Plein jour,En agglomération,Hors intersection,Normale,Trois véhicules et plus - en chaîne,,,,,,,,,,,1,2,1,1,4
200800041225,0008-07-30 18:50:00,8,7,30,18,50,930,47,JEAN JAURES (AVENUE),,,Plein jour,En agglomération,Intersection en X,Normale,Autre collision,,,,,,,,,,,1,2,2,1,6
200800041226,0008-07-31 09:00:00,8,7,31,9,0,930,47,JEAN JAURES (AVENUE),,,Plein jour,En agglomération,Hors intersection,Normale,Deux véhicules - arrière,,,,,,,,,,,1,2,1,1,2
200800041227,0008-07-31 20:50:00,8,7,31,20,50,930,47,GENERAL DE GAULLE (RUE D,,,Plein jour,En agglomération,Hors intersection,Normale,Autre collision,,,,,,,,,,,1,2,1,1,6
200800041228,0008-07-04 00:20:00,8,7,4,0,20,930,63,"172, FRANCE ANATOLE RUE",,,Nuit avec éclairage allumé,En agglomération,Place,Normale,Sans collision,,,,,,,,,,,5,2,7,1,7
200800041229,0008-07-08 14:40:00,8,7,8,14,40,930,6,"04, CAPSULERIE RUE DE LA",,,Plein jour,En agglomération,Hors intersection,Normale,Autre collision,,,,,,,,,,,1,2,1,1,6
200800041230,0008-07-08 22:15:00,8,7,8,22,15,930,63,"neant, MONTREUIL ROUTE D",,,Nuit avec éclairage allumé,En agglomération,Hors intersection,Pluie légère,Deux véhicules - côté,,,,,,,,,,,5,2,1,2,3
200800041231,0008-07-12 09:10:00,8,7,12,9,10,930,6,"72, CARNOT RUE SADI",,,Plein jour,En agglomération,Hors intersection,Normale,Deux véhicules - côté,,,,,,,,,,,1,2,1,1,3
200800041232,0008-07-15 16:30:00,8,7,15,16,30,930,63,"neant, BARBUSSE HENRI BO",,,Plein jour,En agglomération,Hors intersection,Normale,Deux véhicules - arrière,,,,,,,,,,,1,2,1,1,2
200800041233,0008-07-18 15:15:00,8,7,18,15,15,930,6,"246, NOISY LE SEC RUE DE",,,Plein jour,En agglomération,Hors intersection,Normale,Autre collision,,,,,,,,,,,1,2,1,1,6
200800041234,0008-07-17 02:55:00,8,7,17,2,55,930,63,"36, BERLIOZ AVENUE",,,Nuit avec éclairage allumé,En agglomération,Hors intersection,Normale,Autre collision,,,,,,,,,,,5,2,1,1,6
200800041235,0008-07-19 19:30:00,8,7,19,19,30,930,63,"159, NOISY ROUTE DE",,,Plein jour,En agglomération,Hors intersection,Normale,Deux véhicules - arrière,,,,,,,,,,,1,2,1,1,2
200800041236,0008-07-20 04:10:00,8,7,20,4,10,930,63,"NEANT, KERAUTRET AVENUE",,,Nuit avec éclairage allumé,En agglomération,Hors intersection,Normale,Autre collision,,,,,,,,,,,5,2,1,1,6
200800041237,0008-07-20 11:50:00,8,7,20,11,50,930,63,"56, BRANLY BD EDOUARD",,,Crépuscule ou aube,En agglomération,Intersection en T,Normale,Deux véhicules - côté,,,,,,,,,,,2,2,3,1,3
200800041238,0008-07-22 20:15:00,8,7,22,20,15,930,6,"angle, GIRARDOT RUE",,,Plein jour,En agglomération,Intersection en X,Normale,Deux véhicules - frontale,,,,,,,,,,,1,2,2,1,1
200800041239,0008-07-25 16:20:00,8,7,25,16,20,930,45,"88, PARIS RUE DE",,,Plein jour,En agglomération,Intersection en X,Normale,Autre collision,,,,,,,,,,,1,2,2,1,6
200800041240,0008-07-28 23:15:00,8,7,28,23,15,930,63,"76, JAURES RUE JEAN",,,Nuit avec éclairage allumé,En agglomération,Intersection en T,Pluie légère,Deux véhicules - côté,,,,,,,,,,,5,2,3,2,3
200800041241,0008-07-04 08:20:00,8,7,4,8,20,930,74,Route Nationale 3,,,Plein jour,Hors agglomération,Hors intersection,Normale,Sans collision,,,,,,,,,,,1,1,1,1,7
200800041242,0008-07-04 19:20:00,8,7,4,19,20,930,46,"face N250, ARISTIDE BRIA",,,Plein jour,En agglomération,Hors intersection,Normale,Deux véhicules - côté,,,,,,,,,,,1,2,1,1,3
200800041243,0008-07-07 09:10:00,8,7,7,9,10,930,46,"18, JOSEPH NOIZE ALLEE",,,Plein jour,En agglomération,Intersection en X,Normale,Deux véhicules - côté,,,,,,,,,,,1,2,2,1,3
200800041244,0008-07-12 18:10:00,8,7,12,18,10,930,46,FERNAND PELOUTIER AVENUE,,,Plein jour,En agglomération,Intersection en X,Normale,Deux véhicules - côté,,,,,,,,,,,1,2,2,1,3
200800041245,0008-07-15 20:30:00,8,7,15,20,30,930,46,"61, CONSUL GENERAL NORDL",,,Plein jour,En agglomération,Hors intersection,Normale,Sans collision,,,,,,,,,,,1,2,1,1,7
200800041246,0008-07-19 21:30:00,8,7,19,21,30,930,46,LIEGEARD AVENUE,,,Crépuscule ou aube,En agglomération,Hors intersection,Normale,Autre collision,,,,,,,,,,,2,2,1,1,6
200800041247,0008-07-20 05:30:00,8,7,20,5,30,930,74,Route Nationale 3,,,Crépuscule ou aube,Hors agglomération,Hors intersection,Normale,Deux véhicules - arrière,,,,,,,,,,,2,1,1,1,2
200800041248,0008-07-20 19:55:00,8,7,20,19,55,930,46,EST ALLEE DE L',,,Plein jour,En agglomération,Hors intersection,Normale,Sans collision,,,,,,,,,,,1,2,1,1,7
200800041249,0008-07-02 17:30:00,8,7,2,17,30,930,48,PRESIDENT WILSON (AVENUE,,,Plein jour,En agglomération,Intersection en X,Pluie légère,Deux véhicules - côté,,,,,,,,,,,1,2,2,2,3
200800041250,0008-07-12 15:45:00,8,7,12,15,45,930,48,"04 bis, THEOPHILE SUEUR",,,Plein jour,En agglomération,Hors intersection,Normale,Autre collision,,,,,,,,,,,1,2,1,1,6
200800041251,0008-07-14 01:20:00,8,7,14,1,20,930,48,BOISSIERE (BOULEVARD DE,,,Nuit avec éclairage allumé,En agglomération,Intersection en X,Normale,Deux véhicules - côté,,,,,,,,,,,5,2,2,1,3
200800041252,0008-07-15 15:00:00,8,7,15,15,0,930,48,GABRIEL PERI (AVENUE),,,Plein jour,En agglomération,Intersection en X,Normale,Deux véhicules - côté,,,,,,,,,,,1,2,2,1,3
200800041253,0008-07-19 20:05:00,8,7,19,20,5,930,48,EDOUARD BRANLY (RUE),,,Plein jour,En agglomération,Hors intersection,Normale,Autre collision,,,,,,,,,,,1,2,1,1,6
200800041254,0008-07-21 12:25:00,8,7,21,12,25,930,48,"19, ROUGET DE L'ISLE (BO",,,Plein jour,En agglomération,Hors intersection,Normale,Autre collision,,,,,,,,,,,1,2,1,1,6
200800041255,0008-07-26 00:10:00,8,7,26,0,10,930,48,"144, EMILE BEAUFILS (RUE",,,Nuit avec éclairage allumé,En agglomération,Intersection en T,Normale,Autre collision,,,,,,,,,,,5,2,3,1,6
200800041256,0008-07-26 09:50:00,8,7,26,9,50,930,48,GABRIEL PERI (AVENUE),,,Plein jour,En agglomération,Hors intersection,Normale,Deux véhicules - arrière,,,,,,,,,,,1,2,1,1,2
200800041257,0008-07-26 14:25:00,8,7,26,14,25,930,48,"1, FRANCOIS ARAGO (RUE)",,,Plein jour,En agglomération,Intersection en X,Normale,Deux véhicules - côté,,,,,,,,,,,1,2,2,1,3
200800041258,0008-07-27 08:20:00,8,7,27,8,20,930,48,"4, GABRIEL PERI (AVENUE)",,,Plein jour,En agglomération,Hors intersection,Normale,Deux véhicules - côté,,,,,,,,,,,1,2,1,1,3
200800041259,0008-07-27 16:05:00,8,7,27,16,5,930,48,"30, SOLIDARITE (RUE DE L",,,Plein jour,En agglomération,Hors intersection,Normale,Deux véhicules - arrière,,,,,,,,,,,1,2,1,1,2
200800041260,0008-07-24 19:20:00,8,7,24,19,20,930,48,"1, BOISSIERE (BOULEVARD",,,Plein jour,En agglomération,Intersection en T,Normale,Deux véhicules - côté,,,,,,,,,,,1,2,3,1,3
200800041261,0008-07-30 14:45:00,8,7,30,14,45,930,48,"15, RESISTANCE (AVENUE D",,,Plein jour,En agglomération,Hors intersection,Normale,Deux véhicules - côté,,,,,,,,,,,1,2,1,1,3
200800041262,0008-07-01 08:05:00,8,7,1,8,5,930,50,"1, MARECHAL FOCH (AVENUE",,,Plein jour,En agglomération,Hors intersection,Normale,Autre collision,,,,,,,,,,,1,2,1,1,6
200800041263,0008-07-01 09:00:00,8,7,1,9,0,930,50,BLANCHEVILLE (AVENUE),,,Plein jour,En agglomération,Intersection en T,Normale,Deux véhicules - côté,,,,,,,,,,,1,2,3,1,3
200800041264,0008-07-02 17:45:00,8,7,2,17,45,930,50,LOUIS VANNINI (RUE),,,Plein jour,En agglomération,Hors intersection,Normale,Deux véhicules - arrière,,,,,,,,,,,1,2,1,1,2
200800041265,0008-07-04 16:35:00,8,7,4,16,35,930,49,DANIEL PERDRIGE (AVENUE),,,Plein jour,En agglomération,Hors intersection,Normale,Deux véhicules - arrière,,,,,,,,,,,1,2,1,1,2
200800041266,0008-07-05 12:30:00,8,7,5,12,30,930,50,MARECHAL LECLERCQ (AVENU,,,Plein jour,En agglomération,Passage à niveau,Pluie légère,Autre collision,,,,,,,,,,,1,2,8,2,6
200800041267,0008-07-19 18:15:00,8,7,19,18,15,930,50,PAUL VAILLANT COUTURIER,,,Plein jour,En agglomération,Intersection en X,Normale,Deux véhicules - côté,,,,,,,,,,,1,2,2,1,3
200800041268,0008-07-25 08:25:00,8,7,25,8,25,930,50,PAUL ET CAMILLE THOMOUX,,,Plein jour,En agglomération,Intersection en T,Normale,Deux véhicules - côté,,,,,,,,,,,1,2,3,1,3
200800041269,0008-07-27 18:30:00,8,7,27,18,30,930,49,MARECHAL FOCH (AVENUE) P,,,Plein jour,En agglomération,Hors intersection,Normale,Deux véhicules - arrière,,,,,,,,,,,1,2,1,1,2
200800041270,0008-07-30 17:20:00,8,7,30,17,20,930,50,LEON BLUM (AVENUE),,,Plein jour,En agglomération,Hors intersection,Temps éblouissant,Autre collision,,,,,,,,,,,1,2,1,7,6
200800041271,0008-07-01 08:10:00,8,7,1,8,10,930,51,NEUILLY (ROUTE),,,Plein jour,En agglomération,Hors intersection,Normale,Trois véhicules et plus - en chaîne,,,,,,,,,,,1,2,1,1,4
200800041272,0008-07-02 18:30:00,8,7,2,18,30,930,51,"11, MONT D'EST (BD)",,,Plein jour,En agglomération,Hors intersection,Pluie légère,Deux véhicules - côté,,,,,,,,,,,1,2,1,2,3
200800041273,0008-07-03 14:40:00,8,7,3,14,40,930,51,PAUL PAMBRUN (BOULEVARD),,,Plein jour,En agglomération,Hors intersection,Normale,Autre collision,,,,,,,,,,,1,2,1,1,6
200800041274,0008-07-10 20:05:00,8,7,10,20,5,930,51,VERDUN,,,Plein jour,En agglomération,Autre intersection,Normale,Deux véhicules - côté,,,,,,,,,,,1,2,9,1,3
200800041275,0008-07-11 13:10:00,8,7,11,13,10,930,51,"92, MEDERIC (AVENUE)",,,Plein jour,En agglomération,Hors intersection,Normale,Autre collision,,,,,,,,,,,1,2,1,1,6
200800041276,0008-07-14 22:23:00,8,7,14,22,23,930,51,UNIVERSITE,,,Nuit avec éclairage non allumé,En agglomération,Hors intersection,Normale,Trois véhicules et plus - collisions multiples,,,,,,,,,,,4,2,1,1,5
200800041277,0008-07-19 00:30:00,8,7,19,0,30,930,51,LEVANT (BD),,,Nuit avec éclairage allumé,En agglomération,Hors intersection,Normale,Deux véhicules - côté,,,,,,,,,,,5,2,1,1,3
200800041278,0008-07-22 17:40:00,8,7,22,17,40,930,51,"11, CHARMILLES (RESIDENC",,,Plein jour,En agglomération,Hors intersection,Normale,Autre collision,,,,,,,,,,,1,2,1,1,6
200800041279,0008-07-23 09:05:00,8,7,23,9,5,930,51,GARE R.E.R. MONT D'EST,,,Plein jour,En agglomération,Hors intersection,Temps éblouissant,Autre collision,,,,,,,,,,,1,2,1,7,6
200800041280,0008-07-02 12:05:00,8,7,2,12,5,930,53,"15, BERGERIES (RUE DES)",,,Plein jour,En agglomération,Hors intersection,Normale,Sans collision,,,,,,,,,,,1,2,1,1,7
200800041281,0008-07-04 16:23:00,8,7,4,16,23,930,53,"112, ANATOLE FRANCE (RUE",,,Plein jour,En agglomération,Hors intersection,Normale,Deux véhicules - côté,,,,,,,,,,,1,2,1,1,3
200800041282,0008-07-15 17:00:00,8,7,15,17,0,930,53,PARC (RUE DU),,,Plein jour,En agglomération,Hors intersection,Normale,Deux véhicules - côté,,,,,,,,,,,1,2,1,1,3
200800041283,0008-07-20 18:10:00,8,7,20,18,10,930,53,JEAN COQUELIN (PLACE),,,Plein jour,En agglomération,Intersection en T,Normale,Deux véhicules - côté,,,,,,,,,,,1,2,3,1,3
200800041284,0008-07-22 15:40:00,8,7,22,15,40,930,53,BREMENT (RUE DE) 109 A 2,,,Plein jour,En agglomération,Hors intersection,Normale,Autre collision,,,,,,,,,,,1,2,1,1,6
200800041285,0008-07-01 14:10:00,8,7,1,14,10,930,55,"22, JULES AUFFRET (1/49",,,Plein jour,En agglomération,Hors intersection,Normale,Autre collision,,,,,,,,,,,1,2,1,1,6
200800041286,0008-07-07 11:34:00,8,7,7,11,34,930,55,"160, GENERAL LECLERC(AVE",,,Plein jour,En agglomération,Hors intersection,Pluie légère,Deux véhicules - arrière,,,,,,,,,,,1,2,1,2,2
200800041287,0008-07-07 21:10:00,8,7,7,21,10,930,55,", JEAN LOLIVE (AVENUE)(1",,,Crépuscule ou aube,En agglomération,Hors intersection,Temps couvert,Deux véhicules - côté,,,,,,,,,,,2,2,1,8,3
200800041288,0008-07-09 15:10:00,8,7,9,15,10,930,55,"100, JEAN LOLIVE (AVENUE",,,Plein jour,En agglomération,Hors intersection,Normale,Deux véhicules - arrière,,,,,,,,,,,1,2,1,1,2
200800041289,0008-07-14 18:20:00,8,7,14,18,20,930,55,"2, NOISY LE SEC (ROUTE D",,,Plein jour,En agglomération,Intersection en Y,Normale,Deux véhicules - côté,,,,,,,,,,,1,2,4,1,3
200800041290,0008-07-17 13:10:00,8,7,17,13,10,930,55,"178, JEAN LOLIVE (AVENUE",,,Plein jour,En agglomération,Hors intersection,Normale,Deux véhicules - côté,,,,,,,,,,,1,2,1,1,3
200800041291,0008-07-18 16:50:00,8,7,18,16,50,930,55,"3, CONDORCET",,,Plein jour,En agglomération,Hors intersection,Normale,Autre collision,,,,,,,,,,,1,2,1,1,6
200800041292,0008-07-19 20:50:00,8,7,19,20,50,930,55,JEAN LOLIVE (AVENUE)(137,,,Plein jour,En agglomération,Hors intersection,Normale,Deux véhicules - arrière,,,,,,,,,,,1,2,1,1,2
200800041293,0008-07-20 07:00:00,8,7,20,7,0,930,55,"104, JEAN LOLIVE (AVENUE",,,Plein jour,En agglomération,Hors intersection,Normale,Deux véhicules - arrière,,,,,,,,,,,1,2,1,1,2
200800041294,0008-07-26 04:40:00,8,7,26,4,40,930,55,"13, CHEMIN DE FER (DU)",,,Nuit avec éclairage allumé,En agglomération,Intersection en Y,Pluie forte,Deux véhicules - côté,,,,,,,,,,,5,2,4,3,3
200800041295,0008-07-28 18:05:00,8,7,28,18,5,930,55,"17, EDOUARD VAILLANT DU",,,Plein jour,En agglomération,Intersection en T,Normale,Deux véhicules - côté,,,,,,,,,,,1,2,3,1,3
200800041296,0008-07-01 21:15:00,8,7,1,21,15,930,14,"0, JEAN MOULIN (AVENUE)",,,Plein jour,En agglomération,Intersection en X,Normale,Deux véhicules - côté,,,,,,,,,,,1,2,2,1,3
200800041297,0008-07-09 16:40:00,8,7,9,16,40,930,14,GAGNY (ALLEE DE) TOURELL,,,Plein jour,En agglomération,Hors intersection,Normale,Deux véhicules - arrière,,,,,,,,,,,1,2,1,1,2
200800041298,0008-07-15 09:00:00,8,7,15,9,0,930,14,MARX DORMOY (BOULEVARD),,,Plein jour,En agglomération,Hors intersection,Normale,Autre collision,,,,,,,,,,,1,2,1,1,6
200800041299,0008-07-17 12:10:00,8,7,17,12,10,930,14,"1, PAUL DUPONT (AVENUE)",,,Plein jour,En agglomération,Intersection en X,Normale,Deux véhicules - côté,,,,,,,,,,,1,2,2,1,3
200800041300,0008-07-19 14:45:00,8,7,19,14,45,930,14,FOSSE MAUSSOIN (ALLEE DE,,,Plein jour,En agglomération,Hors intersection,Normale,Deux véhicules - côté,,,,,,,,,,,1,2,1,1,3
200800041301,0008-07-28 08:00:00,8,7,28,8,0,930,62,RESISTANCE (AVENUE DE LA,,,Plein jour,En agglomération,Intersection en X,Normale,Deux véhicules - côté,,,,,,,,,,,1,2,2,1,3
200800041302,0008-07-28 16:55:00,8,7,28,16,55,930,62,"12, RESISTANCE (AVENUE D",,,Plein jour,En agglomération,Hors intersection,Normale,Autre collision,,,,,,,,,,,1,2,1,1,6
200800041303,0008-07-07 15:45:00,8,7,7,15,45,930,64,"00, JAURES (AVENUE JEAN)",,,Plein jour,En agglomération,Hors intersection,Normale,Autre collision,,,,,,,,,,,1,2,1,1,6
200800041304,0008-07-17 18:20:00,8,7,17,18,20,930,64,"02, LECLERC (RUE DU GENE",,,Plein jour,En agglomération,Hors intersection,Normale,Autre collision,,,,,,,,,,,1,2,1,1,6
200800041305,0008-07-17 22:15:00,8,7,17,22,15,930,64,"00, BLUM (RUE LEON)",,,Nuit avec éclairage allumé,En agglomération,Hors intersection,Normale,Deux véhicules - frontale,,,,,,,,,,,5,2,1,1,1
200800041306,0008-07-23 18:15:00,8,7,23,18,15,930,77,"13, REPUBLIQUE (PLACE DE",,,Plein jour,En agglomération,Giratoire,Normale,Deux véhicules - côté,,,,,,,,,,,1,2,6,1,3
200800041307,0008-07-26 06:55:00,8,7,26,6,55,930,64,"00, ALSACE-LORRAINE (BOU",,,Plein jour,En agglomération,Intersection en X,Normale,Deux véhicules - côté,,,,,,,,,,,1,2,2,1,3
200800041308,0008-07-30 18:35:00,8,7,30,18,35,930,77,"06, NOISY (ROUTE DE)",,,Plein jour,En agglomération,Hors intersection,Normale,Sans collision,,,,,,,,,,,1,2,1,1,7
200800041309,0008-07-31 19:15:00,8,7,31,19,15,930,64,"00, KENNEDY (AVENUE DU P",,,Plein jour,En agglomération,Hors intersection,Normale,Sans collision,,,,,,,,,,,1,2,1,1,7
200800041310,0008-07-29 13:45:00,8,7,29,13,45,930,77,"00, BLANQUI (RUE AUGUSTE",,,Plein jour,En agglomération,Intersection en X,Normale,Deux véhicules - frontale,,,,,,,,,,,1,2,2,1,1
200800041311,0008-07-01 20:10:00,8,7,1,20,10,930,66,"., SIQUEIROS DAVID",,,Plein jour,En agglomération,Intersection en T,Normale,Autre collision,,,,,,,,,,,1,2,3,1,6
200800041312,0008-07-02 18:50:00,8,7,2,18,50,930,66,"7, VICTIMES DU FRANQUISM",,,Plein jour,En agglomération,Hors intersection,Pluie légère,Deux véhicules - arrière,,,,,,,,,,,1,2,1,2,2
200800041313,0008-07-03 11:50:00,8,7,3,11,50,930,66,"10, VERTE (ALLEE)",,,Plein jour,En agglomération,Hors intersection,Normale,Sans collision,,,,,,,,,,,1,2,1,1,7
200800041314,0008-07-03 16:20:00,8,7,3,16,20,930,66,PARIS (PORTE),,,Plein jour,En agglomération,Hors intersection,Normale,Autre collision,,,,,,,,,,,1,2,1,1,6
200800041315,0008-07-03 18:20:00,8,7,3,18,20,930,66,REPUBLIQUE,,,Plein jour,En agglomération,Hors intersection,Normale,Autre collision,,,,,,,,,,,1,2,1,1,6
200800041316,0008-07-03 20:15:00,8,7,3,20,15,930,66,", FRANCE ANATOLE (BOULEV",,,Crépuscule ou aube,En agglomération,Hors intersection,Pluie légère,Trois véhicules et plus - en chaîne,,,,,,,,,,,2,2,1,2,4
200800041317,0008-07-04 22:45:00,8,7,4,22,45,930,66,ORNANO (BOULEVARD),,,Nuit avec éclairage allumé,En agglomération,Hors intersection,Normale,Deux véhicules - côté,,,,,,,,,,,5,2,1,1,3
200800041318,0008-07-05 15:00:00,8,7,5,15,0,930,66,"""PERI GABRIEL, NR 116 A",,,Plein jour,En agglomération,Hors intersection,Pluie légère,Deux véhicules - arrière,,,,,,,,,,,1,2,1,2,2
200800041319,0008-07-06 02:00:00,8,7,6,2,0,930,66,"""PERI GABRIEL, NR 116 A",,,Nuit avec éclairage allumé,En agglomération,Hors intersection,Normale,Autre collision,,,,,,,,,,,5,2,1,1,6
200800041320,0008-07-06 20:00:00,8,7,6,20,0,930,66,CARNOT (BOULEVARD),,,Plein jour,En agglomération,Intersection en T,Normale,Trois véhicules et plus - en chaîne,,,,,,,,,,,1,2,3,1,4
200800041321,0008-07-06 21:55:00,8,7,6,21,55,930,39,SEINE (QUAI DE ),,,Nuit avec éclairage allumé,En agglomération,Hors intersection,Normale,Deux véhicules - côté,,,,,,,,,,,5,2,1,1,3
200800041322,0008-07-07 15:10:00,8,7,7,15,10,930,66,"4, STADE DE FRANCE (AVEN",,,Plein jour,En agglomération,Hors intersection,Temps éblouissant,Sans collision,,,,,,,,,,,1,2,1,7,7
200800041323,0008-07-08 23:45:00,8,7,8,23,45,930,66,MARVILLE (CHEMIN),,,Nuit avec éclairage allumé,Hors agglomération,Autre intersection,Normale,Deux véhicules - côté,,,,,,,,,,,5,1,9,1,3