accident_id,datetime,annee,mois,jour,heure,minute,departement,commune_insee,adresse,latitude,longitude,luminosite,agglomeration,intersection,meteo,collision,nb_vehicules,nb_usagers,nb_indemnes,nb_tues,nb_blesses_hosp,nb_blesses_legers,age_cond_1,age_cond_2,veh_type_cond_1,veh_type_cond_2,lum_code,agg_code,int_code,atm_code,col_code
200800041324,0008-07-10 16:45:00,8,7,10,16,45,930,66,"""STRASBOURG, NR 1 A 71 E",,,Plein jour,En agglomération,Intersection en X,Normale,Sans collision,,,,,,,,,,,1,2,2,1,7
200800041325,0008-07-10 18:00:00,8,7,10,18,0,930,66,GUYNEMER,,,Plein jour,En agglomération,Hors intersection,Normale,Deux véhicules - côté,,,,,,,,,,,1,2,1,1,3
200800041326,0008-07-10 18:01:00,8,7,10,18,1,930,66,"6, PRESSENCE FRANCIS (AV",,,Plein jour,En agglomération,Hors intersection,Normale,Trois véhicules et plus - en chaîne,,,,,,,,,,,1,2,1,1,4
200800041327,0008-07-11 17:00:00,8,7,11,17,0,930,66,COKERIE,,,Plein jour,En agglomération,Hors intersection,Normale,Deux véhicules - frontale,,,,,,,,,,,1,2,1,1,1
200800041328,0008-07-13 12:25:00,8,7,13,12,25,930,66,"86, ""PERI GABRIEL, NR 2",,,Plein jour,En agglomération,Hors intersection,Pluie légère,Autre collision,,,,,,,,,,,1,2,1,2,6
200800041329,0008-07-16 19:40:00,8,7,16,19,40,930,39,"13, CITE MARCEL CACHIN",,,Plein jour,En agglomération,Hors intersection,Normale,Autre collision,,,,,,,,,,,1,2,1,1,6
200800041330,0008-07-17 12:55:00,8,7,17,12,55,930,66,MICHELS CHARLES,,,Plein jour,En agglomération,Hors intersection,Normale,Deux véhicules - côté,,,,,,,,,,,1,2,1,1,3
200800041331,0008-07-17 22:30:00,8,7,17,22,30,930,66,"""RENAN ERNEST, NR 10-32",,,Nuit avec éclairage allumé,En agglomération,Hors intersection,Normale,Deux véhicules - arrière,,,,,,,,,,,5,2,1,1,2
200800041332,0008-07-18 14:20:00,8,7,18,14,20,930,66,"02, DE VINCI LEONARD",,,Plein jour,En agglomération,Hors intersection,Normale,Trois véhicules et plus - collisions multiples,,,,,,,,,,,1,2,1,1,5
200800041333,0008-07-18 21:00:00,8,7,18,21,0,930,66,PLOUICH,,,Crépuscule ou aube,En agglomération,Hors intersection,Normale,Deux véhicules - côté,,,,,,,,,,,2,2,1,1,3
200800041334,0008-07-19 06:15:00,8,7,19,6,15,930,66,CACHIN MARCEL (AVENUE),,,Crépuscule ou aube,En agglomération,Hors intersection,Normale,Deux véhicules - arrière,,,,,,,,,,,2,2,1,1,2
200800041335,0008-07-19 17:40:00,8,7,19,17,40,930,66,"7, DELAUNE AUGUSTE",,,Plein jour,En agglomération,Hors intersection,Normale,Autre collision,,,,,,,,,,,1,2,1,1,6
200800041336,0008-07-22 18:15:00,8,7,22,18,15,930,66,", ""STRASBOURG, NR 1 A 71",,,Plein jour,En agglomération,Hors intersection,Normale,Sans collision,,,,,,,,,,,1,2,1,1,7
200800041337,0008-07-25 11:00:00,8,7,25,11,0,930,66,"10, FAURE FELIX (BOULEVA",,,Plein jour,En agglomération,Intersection en X,Normale,Deux véhicules - côté,,,,,,,,,,,1,2,2,1,3
200800041338,0008-07-29 14:35:00,8,7,29,14,35,930,39,PAUL MARCEL (BOULEVARD),,,Plein jour,En agglomération,Hors intersection,Normale,Trois véhicules et plus - en chaîne,,,,,,,,,,,1,2,1,1,4
200800041339,0008-07-07 16:15:00,8,7,7,16,15,930,66,WILSON (AVENUE DU PRESID,,,Plein jour,En agglomération,Hors intersection,Normale,Sans collision,,,,,,,,,,,1,2,1,1,7
200800041340,0008-07-10 07:30:00,8,7,10,7,30,930,66,PLEYEL,,,Plein jour,En agglomération,Hors intersection,Normale,Autre collision,,,,,,,,,,,1,2,1,1,6
200800041341,0008-07-10 09:50:00,8,7,10,9,50,930,66,MITERRAND FRANCOIS (AVEN,,,Plein jour,En agglomération,Intersection en X,Normale,Deux véhicules - arrière,,,,,,,,,,,1,2,2,1,2
200800041342,0008-07-18 21:01:00,8,7,18,21,1,930,66,"214, FRANCE ANATOLE (BOU",,,Nuit avec éclairage allumé,En agglomération,Hors intersection,Normale,Deux véhicules - arrière,,,,,,,,,,,5,2,1,1,2
200800041343,0008-07-19 21:50:00,8,7,19,21,50,930,66,"67, FRANCE ANATOLE ENTRE",,,Crépuscule ou aube,En agglomération,Hors intersection,Normale,Sans collision,,,,,,,,,,,2,2,1,1,7
200800041344,0008-07-30 21:30:00,8,7,30,21,30,930,66,FRANCE ANATOLE (BOULEVAR,,,Crépuscule ou aube,En agglomération,Hors intersection,Normale,Deux véhicules - frontale,,,,,,,,,,,2,2,1,1,1
200800041345,0008-07-04 19:15:00,8,7,4,19,15,930,70,"67, CAPITAINE-GLARNER (A",,,Crépuscule ou aube,En agglomération,Hors intersection,Normale,Sans collision,,,,,,,,,,,2,2,1,1,7
200800041346,0008-07-18 05:15:00,8,7,18,5,15,930,70,"1, DOCTEUR BAUER(RUE DU)",,,Plein jour,En agglomération,Intersection en T,Normale,Deux véhicules - arrière,,,,,,,,,,,1,2,3,1,2
200800041347,0008-07-18 10:00:00,8,7,18,10,0,930,70,"31, JEAN-JAURES (BD)",,,Plein jour,En agglomération,Hors intersection,Normale,Deux véhicules - arrière,,,,,,,,,,,1,2,1,1,2
200800041348,0008-07-21 17:55:00,8,7,21,17,55,930,70,"06, FRUCTIDOR(RUE)",,,Plein jour,En agglomération,Intersection en T,Normale,Deux véhicules - frontale,,,,,,,,,,,1,2,3,1,1
200800041349,0008-07-22 17:55:00,8,7,22,17,55,930,70,FRUCTIDOR(RUE),,,Plein jour,En agglomération,Intersection en Y,Normale,Deux véhicules - frontale,,,,,,,,,,,1,2,4,1,1
200800041350,0008-07-24 18:05:00,8,7,24,18,5,930,70,"24, MICHELET (AVE) : DU",,,Plein jour,En agglomération,Hors intersection,Normale,Deux véhicules - côté,,,,,,,,,,,1,2,1,1,3
200800041351,0008-07-27 22:53:00,8,7,27,22,53,930,70,"49, VICTOR-HUGO (BD)",,,Nuit avec éclairage allumé,En agglomération,Intersection en T,Normale,Deux véhicules - côté,,,,,,,,,,,5,2,3,1,3
200800041352,0008-07-05 23:05:00,8,7,5,23,5,930,71,AULNAY (RUE D'),,,Nuit avec éclairage allumé,En agglomération,Hors intersection,Normale,Deux véhicules - frontale,,,,,,,,,,,5,2,1,1,1
200800041353,0008-07-12 19:08:00,8,7,12,19,8,930,71,"87, AULNAY (RUE D')",,,Plein jour,En agglomération,Hors intersection,Normale,Deux véhicules - côté,,,,,,,,,,,1,2,1,1,3
200800041354,0008-07-03 23:25:00,8,7,3,23,25,930,59,"67, ETIENNE DOLET (RUE)",,,Nuit avec éclairage allumé,En agglomération,Hors intersection,Normale,Autre collision,,,,,,,,,,,5,2,1,1,6
200800041355,0008-07-14 05:25:00,8,7,14,5,25,930,72,"177, STALINGRAD (AVENUE",,,Plein jour,En agglomération,Hors intersection,Normale,Deux véhicules - frontale,,,,,,,,,,,1,2,1,1,1
200800041356,0008-07-23 06:45:00,8,7,23,6,45,930,59,"0, ELYSEE RECLUS (AVENUE",,,Plein jour,En agglomération,Hors intersection,Normale,Deux véhicules - arrière,,,,,,,,,,,1,2,1,1,2
200800041357,0008-07-28 16:45:00,8,7,28,16,45,930,72,"0, CHARLES PEGUY (RUE)",,,Plein jour,En agglomération,Hors intersection,Normale,Autre collision,,,,,,,,,,,1,2,1,1,6
200800041358,0008-07-17 20:40:00,8,7,17,20,40,930,59,"69/71, GABRIEL PERI (AVE",,,Plein jour,En agglomération,Hors intersection,Normale,Trois véhicules et plus - collisions multiples,,,,,,,,,,,1,2,1,1,5
200800041359,0008-07-15 22:15:00,8,7,15,22,15,930,59,"94, JEAN MERMOZ (N°59 AU",,,Nuit avec éclairage allumé,En agglomération,Hors intersection,Normale,Autre collision,,,,,,,,,,,5,2,1,1,6
200800041360,0008-07-17 18:45:00,8,7,17,18,45,930,59,"46, FRANCOIS MITTERAND (",,,Plein jour,En agglomération,Intersection en X,Normale,Deux véhicules - côté,,,,,,,,,,,1,2,2,1,3
200800041361,0008-07-05 10:30:00,8,7,5,10,30,930,59,"10, ABBAYES (SENTIER DES",,,Plein jour,En agglomération,Hors intersection,Pluie légère,Deux véhicules - côté,,,,,,,,,,,1,2,1,2,3
200800041362,0008-07-11 11:25:00,8,7,11,11,25,930,59,"69, JEAN MERMOZ (BOULEVA",,,Plein jour,En agglomération,Intersection en Y,Normale,Deux véhicules - côté,,,,,,,,,,,1,2,4,1,3
200800041363,0008-07-11 14:20:00,8,7,11,14,20,930,59,"0, LENINE (AVENUE) N°36",,,Plein jour,En agglomération,Hors intersection,Pluie légère,Trois véhicules et plus - en chaîne,,,,,,,,,,,1,2,1,2,4
200800041364,0008-07-05 14:20:00,8,7,5,14,20,930,73,"19, VAILLANT (BOULEVARD",,,Plein jour,En agglomération,Intersection en T,Normale,Deux véhicules - côté,,,,,,,,,,,1,2,3,1,3
200800041365,0008-07-09 07:00:00,8,7,9,7,0,930,78,"NEANT, CHEMIN DEPARTEMEN",,,Plein jour,En agglomération,Hors intersection,Normale,Autre collision,,,,,,,,,,,1,2,1,1,6
200800041366,0008-07-09 17:55:00,8,7,9,17,55,930,78,"29, PASTEUR (AVENUE)",,,Plein jour,En agglomération,Hors intersection,Temps éblouissant,Trois véhicules et plus - collisions multiples,,,,,,,,,,,1,2,1,7,5
200800041367,0008-07-10 08:00:00,8,7,10,8,0,930,78,BALLANGER (BD ROBERT),,,Plein jour,En agglomération,Intersection en T,Normale,Deux véhicules - côté,,,,,,,,,,,1,2,3,1,3
200800041368,0008-07-12 13:40:00,8,7,12,13,40,930,73,BARBUSSE (RUE HENRI),,,Plein jour,En agglomération,Giratoire,Normale,Autre collision,,,,,,,,,,,1,2,6,1,6
200800041369,0008-07-14 20:00:00,8,7,14,20,0,930,73,"34, MANDELA (RUE NELSON)",,,Plein jour,En agglomération,Hors intersection,Normale,Sans collision,,,,,,,,,,,1,2,1,1,7
200800041370,0008-07-18 09:45:00,8,7,18,9,45,930,78,BALLANGER (BD ROBERT),,,Plein jour,En agglomération,Hors intersection,Normale,Deux véhicules - côté,,,,,,,,,,,1,2,1,1,3
200800041371,0008-07-20 18:40:00,8,7,20,18,40,930,78,EGLISE (RUE DE L'),,,Plein jour,En agglomération,Intersection en Y,Normale,Deux véhicules - côté,,,,,,,,,,,1,2,4,1,3
200800041372,0008-07-31 14:00:00,8,7,31,14,0,930,78,"135, BALLANGER (BD ROBER",,,Plein jour,En agglomération,Intersection en X,Normale,Deux véhicules - côté,,,,,,,,,,,1,2,2,1,3
200800041373,0008-07-12 21:45:00,8,7,12,21,45,940,2,"0, EMILE ZOLA (R)",,,Plein jour,En agglomération,Intersection en T,Normale,Deux véhicules - arrière,,,,,,,,,,,1,2,3,1,2
200800041374,0008-07-01 07:50:00,8,7,1,7,50,940,71,"5 TER, JEAN MOULIN (R)",,,Plein jour,En agglomération,Hors intersection,Normale,Deux véhicules - côté,,,,,,,,,,,1,2,1,1,3
200800041375,0008-07-04 07:45:00,8,7,4,7,45,940,48,"00, route nationale 19",,,Plein jour,Hors agglomération,Hors intersection,Normale,Deux véhicules - arrière,,,,,,,,,,,1,1,1,1,2
200800041376,0008-07-14 20:20:00,8,7,14,20,20,940,4,"41, PROCESSION (R DE LA)",,,Plein jour,En agglomération,Hors intersection,Normale,Autre collision,,,,,,,,,,,1,2,1,1,6
200800041377,0008-07-23 09:20:00,8,7,23,9,20,940,71,LOUIS BOON (BD),,,Plein jour,En agglomération,Autre intersection,Normale,Autre collision,,,,,,,,,,,1,2,9,1,6
200800041378,0008-07-24 15:45:00,8,7,24,15,45,940,4,ALOUETTES (R DES),,,Plein jour,En agglomération,Intersection en T,Normale,Deux véhicules - côté,,,,,,,,,,,1,2,3,1,3
200800041379,0008-07-31 22:30:00,8,7,31,22,30,940,44,"22, PASTEUR (R)",,,Nuit avec éclairage allumé,En agglomération,Hors intersection,Normale,Deux véhicules - frontale,,,,,,,,,,,5,2,1,1,1
200800041380,0008-07-17 01:50:00,8,7,17,1,50,940,4,GENERAL LECLERC (AV),,,Nuit avec éclairage allumé,En agglomération,Intersection en X,Normale,Trois véhicules et plus - collisions multiples,,,,,,,,,,,5,2,2,1,5
200800041381,0008-07-24 11:49:00,8,7,24,11,49,940,4,"05, GENERAL LECLERC (AV)",,,Plein jour,En agglomération,Hors intersection,Normale,Autre collision,,,,,,,,,,,1,2,1,1,6
200800041382,0008-07-05 17:40:00,8,7,5,17,40,940,71,GEORGES POMPIDOU (AV),,,Plein jour,En agglomération,Hors intersection,Normale,Deux véhicules - côté,,,,,,,,,,,1,2,1,1,3
200800041383,0008-07-05 20:00:00,8,7,5,20,0,940,17,ALLIES (BD DES),,,Plein jour,En agglomération,Hors intersection,Normale,Deux véhicules - frontale,,,,,,,,,,,1,2,1,1,1
200800041384,0008-07-06 20:30:00,8,7,6,20,30,940,17,BOILEAU (AV),,,Plein jour,En agglomération,Hors intersection,Normale,Autre collision,,,,,,,,,,,1,2,1,1,6
200800041385,0008-07-09 08:00:00,8,7,9,8,0,940,17,ELISA MERCOEUR (AV),,,Plein jour,En agglomération,Intersection en X,Normale,Deux véhicules - côté,,,,,,,,,,,1,2,2,1,3
200800041386,0008-07-15 23:00:00,8,7,15,23,0,940,17,LOUIS TALAMONI (R),,,Nuit avec éclairage allumé,En agglomération,Hors intersection,Normale,Deux véhicules - côté,,,,,,,,,,,5,2,1,1,3
200800041387,0008-07-16 08:15:00,8,7,16,8,15,940,17,AUGUSTE TARAVELLA (R),,,Plein jour,En agglomération,Intersection en X,Normale,Autre collision,,,,,,,,,,,1,2,2,1,6
200800041388,0008-07-17 18:15:00,8,7,17,18,15,940,17,GENERAL DE GAULLE (AV DU,,,Plein jour,En agglomération,Intersection en X,Normale,Autre collision,,,,,,,,,,,1,2,2,1,6
200800041389,0008-07-18 07:15:00,8,7,18,7,15,940,17,ALEXANDRE FOURNY (R),,,Plein jour,En agglomération,Intersection en Y,Normale,Deux véhicules - côté,,,,,,,,,,,1,2,4,1,3
200800041390,0008-07-20 18:15:00,8,7,20,18,15,940,17,MEAUTRY (R DE),,,Plein jour,En agglomération,Intersection en T,Normale,Autre collision,,,,,,,,,,,1,2,3,1,6
200800041391,0008-07-21 09:15:00,8,7,21,9,15,940,17,GENERAL DE GAULLE (AV DU,,,Plein jour,En agglomération,Hors intersection,Normale,Autre collision,,,,,,,,,,,1,2,1,1,6
200800041392,0008-07-22 19:15:00,8,7,22,19,15,940,17,PLAGE (R DE LA),,,Plein jour,En agglomération,Intersection en T,Normale,Autre collision,,,,,,,,,,,1,2,3,1,6
200800041393,0008-07-23 16:20:00,8,7,23,16,20,940,17,GUY MOCQUET (R),,,Plein jour,En agglomération,Hors intersection,Normale,Deux véhicules - côté,,,,,,,,,,,1,2,1,1,3
200800041394,0008-07-08 15:00:00,8,7,8,15,0,940,18,"07, ARCADE (R DE L)",,,Plein jour,En agglomération,Hors intersection,Normale,Autre collision,,,,,,,,,,,1,2,1,1,6
200800041395,0008-07-22 15:00:00,8,7,22,15,0,940,18,"132, PARIS (R DE)",,,Plein jour,En agglomération,Hors intersection,Normale,Deux véhicules - arrière,,,,,,,,,,,1,2,1,1,2
200800041396,0008-07-24 10:20:00,8,7,24,10,20,940,69,"60, MARECHAL DE LATTRE D",,,Plein jour,En agglomération,Hors intersection,Normale,Autre collision,,,,,,,,,,,1,2,1,1,6
200800041397,0008-07-01 17:05:00,8,7,1,17,5,940,19,"01, COEUILLY (AV DE)",,,Plein jour,En agglomération,Intersection en T,Normale,Deux véhicules - côté,,,,,,,,,,,1,2,3,1,3
200800041398,0008-07-12 19:00:00,8,7,12,19,0,940,79,"00, GENERAL DE GAULLE (R",,,Plein jour,En agglomération,Intersection en T,Normale,Deux véhicules - côté,,,,,,,,,,,1,2,3,1,3
200800041399,0008-07-16 11:10:00,8,7,16,11,10,940,79,"00, FRIEDBERG (BD DE)",,,Plein jour,En agglomération,Hors intersection,Normale,Sans collision,,,,,,,,,,,1,2,1,1,7
200800041400,0008-07-11 21:45:00,8,7,11,21,45,940,22,LUGO (AV DE),,,Nuit sans éclairage public,En agglomération,Hors intersection,Normale,Deux véhicules - côté,,,,,,,,,,,3,2,1,1,3
200800041401,0008-07-13 05:50:00,8,7,13,5,50,940,22,LEON GOURDAULT (AV),,,Crépuscule ou aube,En agglomération,Intersection en X,Normale,Deux véhicules - côté,,,,,,,,,,,2,2,2,1,3
200800041402,0008-07-17 14:50:00,8,7,17,14,50,940,22,"0, NON DENOMMEE (VOI)",,,Plein jour,Hors agglomération,Intersection en X,Temps couvert,Deux véhicules - arrière,,,,,,,,,,,1,1,2,8,2
200800041403,0008-07-18 18:45:00,8,7,18,18,45,940,22,"04, ALLIES (BD DES)",,,Plein jour,En agglomération,Hors intersection,Normale,Autre collision,,,,,,,,,,,1,2,1,1,6
200800041404,0008-07-28 17:30:00,8,7,28,17,30,940,54,"0, MARECHAL DE LATTRE DE",,,Plein jour,En agglomération,Hors intersection,Normale,Deux véhicules - côté,,,,,,,,,,,1,2,1,1,3
200800041405,0008-07-01 21:00:00,8,7,1,21,0,940,28,HALPERN.(AVENUE BERNARD),,,Nuit avec éclairage allumé,En agglomération,Hors intersection,Normale,Sans collision,,,,,,,,,,,5,2,1,1,7
200800041406,0008-07-03 00:50:00,8,7,3,0,50,940,28,"06, SALENGRO.(RUE ROGER)",,,Nuit avec éclairage allumé,En agglomération,Hors intersection,Normale,Autre collision,,,,,,,,,,,5,2,1,1,6
200800041407,0008-07-03 21:00:00,8,7,3,21,0,940,11,"0, CONVENTIONS.(AVENUE D",,,Crépuscule ou aube,En agglomération,Giratoire,Normale,Deux véhicules - côté,,,,,,,,,,,2,2,6,1,3
200800041408,0008-07-04 17:10:00,8,7,4,17,10,940,11,"0, CONVENTIONS.(AVENUE D",,,Plein jour,En agglomération,Hors intersection,Normale,Autre collision,,,,,,,,,,,1,2,1,1,6
200800041409,0008-07-05 18:45:00,8,7,5,18,45,940,11,"0, GAULLE(CARREFOUR CHAR",,,Plein jour,En agglomération,Hors intersection,Normale,Autre collision,,,,,,,,,,,1,2,1,1,6
200800041410,0008-07-07 22:30:00,8,7,7,22,30,940,11,"0, GAULLE(CARREFOUR CHAR",,,Nuit avec éclairage allumé,En agglomération,Hors intersection,Pluie légère,Deux véhicules - arrière,,,,,,,,,,,5,2,1,2,2
200800041411,0008-07-10 15:00:00,8,7,10,15,0,940,28,"0, VERDUN.(AVENUE DE)",,,Plein jour,En agglomération,Intersection en X,Normale,Autre collision,,,,,,,,,,,1,2,2,1,6
200800041412,0008-07-11 12:50:00,8,7,11,12,50,940,28,"0, Des Marais (Imp.)",,,Plein jour,En agglomération,Hors intersection,Normale,Deux véhicules - arrière,,,,,,,,,,,1,2,1,1,2
200800041413,0008-07-10 18:50:00,8,7,10,18,50,940,28,"0, POMPADOUR(ROUTE DE LA",,,Plein jour,En agglomération,Hors intersection,Normale,Trois véhicules et plus - en chaîne,,,,,,,,,,,1,2,1,1,4
200800041414,0008-07-10 19:00:00,8,7,10,19,0,940,28,"0, VERDUN.(AVENUE DE)",,,Plein jour,En agglomération,Hors intersection,Normale,Autre collision,,,,,,,,,,,1,2,1,1,6
200800041415,0008-07-13 11:40:00,8,7,13,11,40,940,28,"44 bis, BROSSOLETTE(AVEN",,,Plein jour,En agglomération,Hors intersection,Normale,Autre collision,,,,,,,,,,,1,2,1,1,6
200800041416,0008-07-12 23:35:00,8,7,12,23,35,940,28,"0, HALPERN.(AVENUE BERNA",,,Nuit avec éclairage allumé,En agglomération,Hors intersection,Normale,Sans collision,,,,,,,,,,,5,2,1,1,7
200800041417,0008-07-10 08:30:00,8,7,10,8,30,940,28,"0, PETITES HAYES.(AVENUE",,,Plein jour,En agglomération,Intersection en X,Normale,Trois véhicules et plus - en chaîne,,,,,,,,,,,1,2,2,1,4
200800041418,0008-07-16 18:45:00,8,7,16,18,45,940,28,"0, DUVAUCHEL(STADE)",,,Plein jour,En agglomération,Hors intersection,Normale,Deux véhicules - côté,,,,,,,,,,,1,2,1,1,3
200800041419,0008-07-19 13:35:00,8,7,19,13,35,940,28,"0, TASSIGNY(AVE DU MAREC",,,Plein jour,En agglomération,Hors intersection,Normale,Deux véhicules - arrière,,,,,,,,,,,1,2,1,1,2
200800041420,0008-07-20 07:00:00,8,7,20,7,0,940,28,"0, C.C.R CRETEIL SOLEIL",,,Plein jour,En agglomération,Hors intersection,Normale,Sans collision,,,,,,,,,,,1,2,1,1,7
200800041421,0008-07-24 19:15:00,8,7,24,19,15,940,28,"0, POMPADOUR(CARREFOUR)",,,Plein jour,En agglomération,Hors intersection,Normale,Deux véhicules - côté,,,,,,,,,,,1,2,1,1,3
200800041422,0008-07-26 19:00:00,8,7,26,19,0,940,28,"01, ECOLES.(RUE DES)",,,Plein jour,En agglomération,Hors intersection,Normale,Autre collision,,,,,,,,,,,1,2,1,1,6
200800041423,0008-07-11 17:50:00,8,7,11,17,50,940,33,"71, ROSNY (R DE)",,,Plein jour,En agglomération,Hors intersection,Normale,Autre collision,,,,,,,,,,,1,2,1,1,6
200800041424,0008-07-18 09:10:00,8,7,18,9,10,940,33,CARNOT (R),,,Plein jour,En agglomération,Hors intersection,Normale,Deux véhicules - frontale,,,,,,,,,,,1,2,1,1,1
200800041425,0008-07-18 15:45:00,8,7,18,15,45,940,33,REPUBLIQUE (AV DE LA),,,Plein jour,En agglomération,Hors intersection,Normale,Deux véhicules - arrière,,,,,,,,,,,1,2,1,1,2
200800041426,0008-07-24 11:10:00,8,7,24,11,10,940,33,GALLIENI (BD),,,Plein jour,En agglomération,Intersection en X,Normale,Autre collision,,,,,,,,,,,1,2,2,1,6
200800041427,0008-07-25 07:20:00,8,7,25,7,20,940,33,CHARLES BASSEE (R),,,Plein jour,En agglomération,Hors intersection,Normale,Deux véhicules - côté,,,,,,,,,,,1,2,1,1,3
200800041428,0008-07-01 08:45:00,8,7,1,8,45,940,76,PAUL VAILLANT COUTURIER,,,Plein jour,En agglomération,Intersection en X,Normale,Deux véhicules - côté,,,,,,,,,,,1,2,2,1,3
200800041429,0008-07-02 14:20:00,8,7,2,14,20,940,16,ARISTIDE BRIAND (AV),,,Plein jour,En agglomération,Hors intersection,Pluie légère,Deux véhicules - arrière,,,,,,,,,,,1,2,1,2,2
200800041430,0008-07-02 17:25:00,8,7,2,17,25,940,43,"05, EUGENE THOMAS (AV)",,,Plein jour,En agglomération,Hors intersection,Normale,Deux véhicules - côté,,,,,,,,,,,1,2,1,1,3
200800041431,0008-07-03 08:30:00,8,7,3,8,30,940,37,"0117, PAUL VAILLANT COUT",,,Plein jour,En agglomération,Hors intersection,Normale,Deux véhicules - frontale,,,,,,,,,,,1,2,1,1,1
200800041432,0008-07-04 15:40:00,8,7,4,15,40,940,16,"25, CARNOT (AV)",,,Plein jour,En agglomération,Hors intersection,Normale,Autre collision,,,,,,,,,,,1,2,1,1,6
200800041433,0008-07-04 20:00:00,8,7,4,20,0,940,76,"02, CONDORCET (R)",,,Plein jour,En agglomération,Intersection en Y,Normale,Sans collision,,,,,,,,,,,1,2,4,1,7
200800041434,0008-07-08 08:20:00,8,7,8,8,20,940,3,"072, VLADIMIR ILLITCH LE",,,Plein jour,En agglomération,Hors intersection,Normale,Deux véhicules - côté,,,,,,,,,,,1,2,1,1,3
200800041435,0008-07-08 20:00:00,8,7,8,20,0,940,16,CAMILLE DESMOULINS (R),,,Plein jour,En agglomération,Intersection en X,Normale,Deux véhicules - côté,,,,,,,,,,,1,2,2,1,3
200800041436,0008-07-09 19:55:00,8,7,9,19,55,940,3,CONVENTION (AV DE LA),,,Plein jour,En agglomération,Intersection en X,Normale,Deux véhicules - frontale,,,,,,,,,,,1,2,2,1,1
200800041437,0008-07-10 20:40:00,8,7,10,20,40,940,76,"44, MAXIME GORKI (BD)",,,Plein jour,En agglomération,Hors intersection,Normale,Trois véhicules et plus - collisions multiples,,,,,,,,,,,1,2,1,1,5
200800041438,0008-07-11 22:50:00,8,7,11,22,50,940,3,ARISTIDE BRIAND (AV),,,Nuit avec éclairage allumé,En agglomération,Giratoire,Normale,Deux véhicules - arrière,,,,,,,,,,,5,2,6,1,2
200800041439,0008-07-12 22:20:00,8,7,12,22,20,940,3,PAUL DOUMER (AV),,,Nuit avec éclairage non allumé,En agglomération,Hors intersection,Normale,Deux véhicules - côté,,,,,,,,,,,4,2,1,1,3
200800041440,0008-07-13 06:20:00,8,7,13,6,20,940,37,"028, CHARLES FREROT (R)",,,Plein jour,En agglomération,Giratoire,Normale,Autre collision,,,,,,,,,,,1,2,6,1,6
200800041441,0008-07-13 02:40:00,8,7,13,2,40,940,76,MAXIME GORKI (BD),,,Nuit avec éclairage allumé,En agglomération,Hors intersection,Normale,Autre collision,,,,,,,,,,,5,2,1,1,6
200800041442,0008-07-14 04:55:00,8,7,14,4,55,940,76,"4, MAXIME GORKI (BD)",,,Nuit avec éclairage allumé,En agglomération,Autre intersection,Normale,Sans collision,,,,,,,,,,,5,2,9,1,7
200800041443,0008-07-14 19:00:00,8,7,14,19,0,940,76,"31/33, REPUBLIQUE (AV DE",,,Plein jour,En agglomération,Hors intersection,Temps éblouissant,Deux véhicules - côté,,,,,,,,,,,1,2,1,7,3
200800041444,0008-07-17 23:20:00,8,7,17,23,20,940,3,"1, PRESIDENT SALVADOR AL",,,Nuit sans éclairage public,En agglomération,Intersection en X,Normale,Deux véhicules - côté,,,,,,,,,,,3,2,2,1,3
200800041445,0008-07-18 10:50:00,8,7,18,10,50,940,43,"87, CHARLES GIDE (AV)",,,Plein jour,En agglomération,Autre intersection,Normale,Trois véhicules et plus - en chaîne,,,,,,,,,,,1,2,9,1,4
200800041446,0008-07-19 01:00:00,8,7,19,1,0,940,37,"INCONUE, PAUL VAILLANT C",,,Nuit avec éclairage allumé,En agglomération,Intersection en T,Normale,Deux véhicules - frontale,,,,,,,,,,,5,2,3,1,1
200800041447,0008-07-19 23:10:00,8,7,19,23,10,940,43,"51, FONTAINEBLEAU (AV DE",,,Nuit avec éclairage allumé,En agglomération,Hors intersection,Normale,Deux véhicules - côté,,,,,,,,,,,5,2,1,1,3
200800041448,0008-07-18 18:35:00,8,7,18,18,35,940,37,"27, JEAN JAURES (AV)",,,Plein jour,En agglomération,Hors intersection,Normale,Deux véhicules - frontale,,,,,,,,,,,1,2,1,1,1
200800041449,0008-07-21 10:25:00,8,7,21,10,25,940,3,"117, ARISTIDE BRIAND (AV",,,Plein jour,En agglomération,Hors intersection,Normale,Autre collision,,,,,,,,,,,1,2,1,1,6
200800041450,0008-07-23 12:40:00,8,7,23,12,40,940,3,"73, ARISTIDE BRIAND (AV)",,,Plein jour,En agglomération,Hors intersection,Normale,Trois véhicules et plus - en chaîne,,,,,,,,,,,1,2,1,1,4
200800041451,0008-07-24 00:20:00,8,7,24,0,20,940,37,"15, ARCUEIL (R D)",,,Nuit avec éclairage non allumé,En agglomération,Hors intersection,Normale,Sans collision,,,,,,,,,,,4,2,1,1,7
200800041452,0008-07-24 17:15:00,8,7,24,17,15,940,3,"1, GENERAL MALLERET JOIN",,,Plein jour,En agglomération,Hors intersection,Normale,Trois véhicules et plus - collisions multiples,,,,,,,,,,,1,2,1,1,5
200800041453,0008-07-25 02:20:00,8,7,25,2,20,940,16,"133, GABRIEL PERI (R)",,,Nuit avec éclairage allumé,En agglomération,Hors intersection,Normale,Deux véhicules - frontale,,,,,,,,,,,5,2,1,1,1
200800041454,0008-07-26 07:00:00,8,7,26,7,0,940,76,", MAXIME GORKI (BD)",,,Plein jour,En agglomération,Hors intersection,Normale,Deux véhicules - arrière,,,,,,,,,,,1,2,1,1,2
200800041455,0008-07-10 17:45:00,8,7,10,17,45,940,43,GENERAL DE GAULLE - PTE,,,Plein jour,En agglomération,Hors intersection,Normale,Deux véhicules - côté,,,,,,,,,,,1,2,1,1,3
200800041456,0008-07-28 08:50:00,8,7,28,8,50,940,3,"80, PAUL VAILLANT COUTUR",,,Plein jour,En agglomération,Hors intersection,Normale,Deux véhicules - côté,,,,,,,,,,,1,2,1,1,3