accident_id,datetime,annee,mois,jour,heure,minute,departement,commune_insee,adresse,latitude,longitude,luminosite,agglomeration,intersection,meteo,collision,nb_vehicules,nb_usagers,nb_indemnes,nb_tues,nb_blesses_hosp,nb_blesses_legers,age_cond_1,age_cond_2,veh_type_cond_1,veh_type_cond_2,lum_code,agg_code,int_code,atm_code,col_code
200800041731,0008-07-11 18:42:00,8,7,11,18,42,910,661,AUTOROUTE A10,,,Plein jour,Hors agglomération,Hors intersection,Normale,Deux véhicules - arrière,,,,,,,,,,,1,1,1,1,2
200800041732,0008-07-11 20:56:00,8,7,11,20,56,910,377,RN20,,,Plein jour,Hors agglomération,Hors intersection,Normale,Trois véhicules et plus - en chaîne,,,,,,,,,,,1,1,1,1,4
200800041733,0008-07-12 06:20:00,8,7,12,6,20,940,37,AUTOROUTE A6A,,,Plein jour,Hors agglomération,Hors intersection,Normale,Autre collision,,,,,,,,,,,1,1,1,1,6
200800041734,0008-07-14 13:30:00,8,7,14,13,30,910,182,RN 104,,,Plein jour,Hors agglomération,Hors intersection,Temps couvert,Autre collision,,,,,,,,,,,1,1,1,8,6
200800041735,0008-07-15 00:27:00,8,7,15,0,27,770,251,AUTOROUTE A5A,,,Nuit sans éclairage public,Hors agglomération,Hors intersection,Normale,Autre collision,,,,,,,,,,,3,1,1,1,6
200800041736,0008-07-17 00:16:00,8,7,17,0,16,910,477,AUTOROUTE A126,,,Nuit sans éclairage public,Hors agglomération,Hors intersection,Normale,Autre collision,,,,,,,,,,,3,1,1,1,6
200800041737,0008-07-17 19:30:00,8,7,17,19,30,750,13,AUTOROUTE A6B,,,Plein jour,Hors agglomération,Hors intersection,Normale,Autre collision,,,,,,,,,,,1,1,1,1,6
200800041738,0008-07-21 06:50:00,8,7,21,6,50,910,689,AUTOROUTE A6B,,,Plein jour,Hors agglomération,Hors intersection,Normale,Deux véhicules - arrière,,,,,,,,,,,1,1,1,1,2
200800041739,0008-07-21 10:30:00,8,7,21,10,30,910,64,RN 118,,,Plein jour,Hors agglomération,Hors intersection,Normale,Deux véhicules - côté,,,,,,,,,,,1,1,1,1,3
200800041740,0008-07-21 15:14:00,8,7,21,15,14,910,312,RN 444,,,Plein jour,Hors agglomération,Hors intersection,Normale,Deux véhicules - côté,,,,,,,,,,,1,1,1,1,3
200800041741,0008-07-21 15:30:00,8,7,21,15,30,910,661,RN 188 CHEVREUSE,,,Plein jour,Hors agglomération,Hors intersection,Normale,Deux véhicules - côté,,,,,,,,,,,1,1,1,1,3
200800041742,0008-07-23 17:48:00,8,7,23,17,48,910,228,AUTOROUTE A6,,,Plein jour,Hors agglomération,Hors intersection,Normale,Autre collision,,,,,,,,,,,1,1,1,1,6
200800041743,0008-07-24 05:46:00,8,7,24,5,46,940,3,AUTOROUTE A6A,,,Plein jour,Hors agglomération,Hors intersection,Normale,Deux véhicules - arrière,,,,,,,,,,,1,1,1,1,2
200800041744,0008-07-25 03:00:00,8,7,25,3,0,910,589,AUTOROUTE A6,,,Nuit sans éclairage public,Hors agglomération,Hors intersection,Normale,Autre collision,,,,,,,,,,,3,1,1,1,6
200800041745,0008-07-26 03:12:00,8,7,26,3,12,940,34,AUTOROUTE A86,,,Nuit avec éclairage allumé,Hors agglomération,Hors intersection,Pluie forte,Trois véhicules et plus - en chaîne,,,,,,,,,,,5,1,1,3,4
200800041746,0008-07-26 03:38:00,8,7,26,3,38,940,34,AUTOROUTE A86,,,Nuit avec éclairage allumé,Hors agglomération,Hors intersection,Pluie forte,Autre collision,,,,,,,,,,,5,1,1,3,6
200800041747,0008-07-26 07:35:00,8,7,26,7,35,910,347,RN 104,,,Crépuscule ou aube,Hors agglomération,Hors intersection,Temps couvert,Deux véhicules - côté,,,,,,,,,,,2,1,1,8,3
200800041748,0008-07-26 22:13:00,8,7,26,22,13,940,65,AUTOROUTE A86,,,Nuit avec éclairage allumé,Hors agglomération,Hors intersection,Normale,Deux véhicules - côté,,,,,,,,,,,5,1,1,1,3
200800041749,0008-07-27 02:46:00,8,7,27,2,46,910,553,RN 104,,,Nuit avec éclairage allumé,Hors agglomération,Hors intersection,Normale,Autre collision,,,,,,,,,,,5,1,1,1,6
200800041750,0008-07-28 03:31:00,8,7,28,3,31,910,589,AUTOROUTE A6,,,Nuit sans éclairage public,Hors agglomération,Hors intersection,Normale,Sans collision,,,,,,,,,,,3,1,1,1,7
200800041751,0008-07-29 03:00:00,8,7,29,3,0,910,471,RN 118,,,Nuit sans éclairage public,Hors agglomération,Hors intersection,Pluie légère,Autre collision,,,,,,,,,,,3,1,1,2,6
200800041752,0008-07-30 08:00:00,8,7,30,8,0,940,37,AUTOROUTE A6A,,,Plein jour,Hors agglomération,Hors intersection,Normale,Sans collision,,,,,,,,,,,1,1,1,1,7
200800041753,0008-07-30 09:45:00,8,7,30,9,45,910,645,RN 385 Extèrieure,,,Plein jour,Hors agglomération,Hors intersection,Normale,Deux véhicules - arrière,,,,,,,,,,,1,1,1,1,2
200800041754,0008-07-30 17:00:00,8,7,30,17,0,940,34,AUTOROUTE A86,,,Plein jour,Hors agglomération,Hors intersection,Normale,Deux véhicules - côté,,,,,,,,,,,1,1,1,1,3
200800041755,0008-07-30 20:05:00,8,7,30,20,5,910,179,AUTOROUTE A6,,,Plein jour,Hors agglomération,Hors intersection,Normale,Sans collision,,,,,,,,,,,1,1,1,1,7
200800041756,0008-07-02 06:50:00,8,7,2,6,50,690,382,QUAI TILSITT,,,Plein jour,En agglomération,Intersection en X,Normale,Deux véhicules - côté,,,,,,,,,,,1,2,2,1,3
200800041757,0008-07-11 10:30:00,8,7,11,10,30,690,382,", QUAI PERRACHE",,,Plein jour,En agglomération,Intersection en T,Normale,Deux véhicules - arrière,,,,,,,,,,,1,2,3,1,2
200800041758,0008-07-26 17:55:00,8,7,26,17,55,690,382,"22, PLACE BELLECOUR",,,Plein jour,En agglomération,Hors intersection,Pluie légère,Deux véhicules - côté,,,,,,,,,,,1,2,1,2,3
200800041759,0008-07-05 14:44:00,8,7,5,14,44,690,382,"26, RUE VICTOR HUGO",,,Plein jour,En agglomération,Intersection en T,Normale,Autre collision,,,,,,,,,,,1,2,3,1,6
200800041760,0008-07-01 11:35:00,8,7,1,11,35,690,382,QUAI JULES COURMONT,,,Plein jour,En agglomération,Intersection en X,Normale,Autre collision,,,,,,,,,,,1,2,2,1,6
200800041761,0008-07-29 14:10:00,8,7,29,14,10,690,382,RUE RAVAT,,,Plein jour,En agglomération,Intersection en X,Normale,Deux véhicules - côté,,,,,,,,,,,1,2,2,1,3
200800041762,0008-07-01 07:25:00,8,7,1,7,25,590,80,AUTOROUTE A23,,,Plein jour,Hors agglomération,Hors intersection,Normale,Deux véhicules - arrière,,,,,,,,,,,1,1,1,1,2
200800041763,0008-07-01 09:20:00,8,7,1,9,20,590,507,AUTOROUTE A1,,,Plein jour,Hors agglomération,Hors intersection,Normale,Deux véhicules - côté,,,,,,,,,,,1,1,1,1,3
200800041764,0008-07-01 10:40:00,8,7,1,10,40,590,350,AUTOROUTE A25,,,Plein jour,Hors agglomération,Hors intersection,Normale,Autre collision,,,,,,,,,,,1,1,1,1,6
200800041765,0008-07-01 16:00:00,8,7,1,16,0,590,507,AUTOROUTE A1,,,Plein jour,Hors agglomération,Hors intersection,Normale,Sans collision,,,,,,,,,,,1,1,1,1,7
200800041766,0008-07-01 15:25:00,8,7,1,15,25,590,560,AUTOROUTE A1,,,Plein jour,Hors agglomération,Hors intersection,Normale,Trois véhicules et plus - en chaîne,,,,,,,,,,,1,1,1,1,4
200800041767,0008-07-01 16:00:00,8,7,1,16,0,590,350,AUTOROUTE A25,,,Plein jour,Hors agglomération,Hors intersection,Normale,Autre collision,,,,,,,,,,,1,1,1,1,6
200800041768,0008-07-01 17:20:00,8,7,1,17,20,590,646,ROUTE DEPARTEMENTALE 652,,,Plein jour,Hors agglomération,Hors intersection,Normale,Autre collision,,,,,,,,,,,1,1,1,1,6
200800041769,0008-07-02 19:50:00,8,7,2,19,50,590,196,ROUTE DEPARTEMENTALE 652,,,Plein jour,Hors agglomération,Hors intersection,Normale,Autre collision,,,,,,,,,,,1,1,1,1,6
200800041770,0008-07-03 09:25:00,8,7,3,9,25,620,274,AUTOROUTE A1,,,Plein jour,Hors agglomération,Hors intersection,Normale,Autre collision,,,,,,,,,,,1,1,1,1,6
200800041771,0008-07-03 17:30:00,8,7,3,17,30,590,426,AUTOROUTE A22,,,Plein jour,Hors agglomération,Hors intersection,Pluie légère,Autre collision,,,,,,,,,,,1,1,1,2,6
200800041772,0008-07-04 10:30:00,8,7,4,10,30,590,123,AUTOROUTE A1,,,Plein jour,Hors agglomération,Hors intersection,Normale,Trois véhicules et plus - en chaîne,,,,,,,,,,,1,1,1,1,4
200800041773,0008-07-04 16:10:00,8,7,4,16,10,590,343,AUTOROUTE A1,,,Plein jour,Hors agglomération,Hors intersection,Normale,Autre collision,,,,,,,,,,,1,1,1,1,6
200800041774,0008-07-05 00:40:00,8,7,5,0,40,590,515,ROUTE DEPARTEMENTALE 656,,,Nuit avec éclairage allumé,Hors agglomération,Hors intersection,Normale,Autre collision,,,,,,,,,,,5,1,1,1,6
200800041775,0008-07-06 15:40:00,8,7,6,15,40,590,603,AUTOROUTE A2,,,Plein jour,Hors agglomération,Hors intersection,Normale,Deux véhicules - arrière,,,,,,,,,,,1,1,1,1,2
200800041776,0008-07-06 17:50:00,8,7,6,17,50,590,195,ROUTE DEPARTEMENTALE 652,,,Plein jour,Hors agglomération,Hors intersection,Normale,Autre collision,,,,,,,,,,,1,1,1,1,6
200800041777,0008-07-06 21:45:00,8,7,6,21,45,590,350,AUTOROUTE A25,,,Crépuscule ou aube,Hors agglomération,Hors intersection,Pluie légère,Sans collision,,,,,,,,,,,2,1,1,2,7
200800041778,0008-07-07 08:15:00,8,7,7,8,15,590,350,ROUTE NATIONALE 351,,,Plein jour,Hors agglomération,Hors intersection,Normale,Autre collision,,,,,,,,,,,1,1,1,1,6
200800041779,0008-07-07 17:00:00,8,7,7,17,0,590,564,AUTOROUTE A23,,,Plein jour,Hors agglomération,Hors intersection,Normale,Deux véhicules - arrière,,,,,,,,,,,1,1,1,1,2
200800041780,0008-07-08 08:30:00,8,7,8,8,30,620,628,AUTOROUTE A21,,,Plein jour,Hors agglomération,Hors intersection,Pluie légère,Autre collision,,,,,,,,,,,1,1,1,2,6
200800041781,0008-07-08 16:00:00,8,7,8,16,0,590,9,AUTOROUTE A22,,,Plein jour,Hors agglomération,Hors intersection,Normale,Autre collision,,,,,,,,,,,1,1,1,1,6
200800041782,0008-07-09 17:25:00,8,7,9,17,25,590,350,AUTOROUTE A25,,,Plein jour,Hors agglomération,Hors intersection,Pluie légère,Autre collision,,,,,,,,,,,1,1,1,2,6
200800041783,0008-07-10 18:10:00,8,7,10,18,10,590,585,AUTOROUTE A1,,,Plein jour,Hors agglomération,Hors intersection,Pluie légère,Sans collision,,,,,,,,,,,1,1,1,2,7
200800041784,0008-07-10 19:10:00,8,7,10,19,10,590,9,ROUTE NATIONALE 227,,,Plein jour,Hors agglomération,Hors intersection,Pluie légère,Deux véhicules - arrière,,,,,,,,,,,1,1,1,2,2
200800041785,0008-07-10 19:30:00,8,7,10,19,30,590,195,ROUTE DEPARTEMENTALE 652,,,Plein jour,Hors agglomération,Hors intersection,Pluie légère,Autre collision,,,,,,,,,,,1,1,1,2,6
200800041786,0008-07-10 20:00:00,8,7,10,20,0,590,143,AUTOROUTE A25,,,Plein jour,Hors agglomération,Hors intersection,Pluie légère,Autre collision,,,,,,,,,,,1,1,1,2,6
200800041787,0008-07-11 22:00:00,8,7,11,22,0,590,410,ROUTE DEPARTEMENTALE 656,,,Crépuscule ou aube,Hors agglomération,Hors intersection,Normale,Autre collision,,,,,,,,,,,2,1,1,1,6
200800041788,0008-07-12 03:30:00,8,7,12,3,30,590,195,ROUTE DEPARTEMENTALE 652,,,Nuit avec éclairage allumé,Hors agglomération,Hors intersection,Pluie légère,Sans collision,,,,,,,,,,,5,1,1,2,7
200800041789,0008-07-12 15:05:00,8,7,12,15,5,590,646,ROUTE DEPARTEMENTALE 656,,,Plein jour,Hors agglomération,Hors intersection,Normale,Deux véhicules - arrière,,,,,,,,,,,1,1,1,1,2
200800041790,0008-07-13 06:20:00,8,7,13,6,20,590,350,ROUTE NATIONALE 351,,,Crépuscule ou aube,Hors agglomération,Hors intersection,Normale,Autre collision,,,,,,,,,,,2,1,1,1,6
200800041791,0008-07-14 04:50:00,8,7,14,4,50,620,548,AUTOROUTE A16,,,Nuit sans éclairage public,Hors agglomération,Hors intersection,Normale,Autre collision,,,,,,,,,,,3,1,1,1,6
200800041792,0008-07-14 13:45:00,8,7,14,13,45,590,350,ROUTE NATIONALE 351,,,Plein jour,Hors agglomération,Hors intersection,Normale,Deux véhicules - arrière,,,,,,,,,,,1,1,1,1,2
200800041793,0008-07-15 11:30:00,8,7,15,11,30,620,427,AUTOROUTE A1,,,Plein jour,Hors agglomération,Hors intersection,Normale,Autre collision,,,,,,,,,,,1,1,1,1,6
200800041794,0008-07-16 16:15:00,8,7,16,16,15,590,189,AUTOROUTE A25,,,Plein jour,Hors agglomération,Hors intersection,Normale,Deux véhicules - arrière,,,,,,,,,,,1,1,1,1,2
200800041795,0008-07-16 21:20:00,8,7,16,21,20,590,507,AUTOROUTE A1,,,Plein jour,Hors agglomération,Hors intersection,Normale,Autre collision,,,,,,,,,,,1,1,1,1,6
200800041796,0008-07-18 08:05:00,8,7,18,8,5,590,532,AUTOROUTE A16,,,Plein jour,Hors agglomération,Hors intersection,Pluie légère,Autre collision,,,,,,,,,,,1,1,1,2,6
200800041797,0008-07-18 16:30:00,8,7,18,16,30,590,426,AUTOROUTE A22,,,Plein jour,Hors agglomération,Hors intersection,Normale,Autre collision,,,,,,,,,,,1,1,1,1,6
200800041798,0008-07-19 19:45:00,8,7,19,19,45,590,507,AUTOROUTE A1,,,Plein jour,Hors agglomération,Hors intersection,Normale,Autre collision,,,,,,,,,,,1,1,1,1,6
200800041799,0008-07-20 00:25:00,8,7,20,0,25,620,65,AUTOROUTE A211,,,Nuit sans éclairage public,Hors agglomération,Hors intersection,Normale,Autre collision,,,,,,,,,,,3,1,1,1,6
200800041800,0008-07-20 15:00:00,8,7,20,15,0,590,350,ROUTE NATIONALE 351,,,Plein jour,Hors agglomération,Hors intersection,Normale,Autre collision,,,,,,,,,,,1,1,1,1,6
200800041801,0008-07-22 08:10:00,8,7,22,8,10,590,143,AUTOROUTE A25,,,Plein jour,Hors agglomération,Hors intersection,Normale,Sans collision,,,,,,,,,,,1,1,1,1,7
200800041802,0008-07-23 11:45:00,8,7,23,11,45,590,350,ROUTE DEPARTEMENTALE 656,,,Plein jour,Hors agglomération,Hors intersection,Normale,Autre collision,,,,,,,,,,,1,1,1,1,6
200800041803,0008-07-24 01:30:00,8,7,24,1,30,590,90,ROUTE DEPARTEMENTALE 652,,,Nuit avec éclairage allumé,Hors agglomération,Hors intersection,Normale,Autre collision,,,,,,,,,,,5,1,1,1,6
200800041804,0008-07-24 07:55:00,8,7,24,7,55,590,599,ROUTE DEPARTYEMENTALE 65,,,Plein jour,Hors agglomération,Hors intersection,Normale,Autre collision,,,,,,,,,,,1,1,1,1,6
200800041805,0008-07-25 08:35:00,8,7,25,8,35,590,343,AUTOROUTE A22,,,Plein jour,Hors agglomération,Hors intersection,Normale,Autre collision,,,,,,,,,,,1,1,1,1,6
200800041806,0008-07-25 21:15:00,8,7,25,21,15,590,143,AUTOROUTE A25,,,Crépuscule ou aube,Hors agglomération,Hors intersection,Normale,Sans collision,,,,,,,,,,,2,1,1,1,7
200800041807,0008-07-26 06:50:00,8,7,26,6,50,620,771,AUTOROUTE A21,,,Crépuscule ou aube,Hors agglomération,Hors intersection,Pluie légère,Autre collision,,,,,,,,,,,2,1,1,2,6
200800041808,0008-07-26 12:50:00,8,7,26,12,50,590,507,AUTOROUTE A1,,,Plein jour,Hors agglomération,Hors intersection,Normale,Deux véhicules - arrière,,,,,,,,,,,1,1,1,1,2
200800041809,0008-07-27 09:40:00,8,7,27,9,40,590,196,AUTOROUTE A25,,,Plein jour,Hors agglomération,Hors intersection,Normale,Sans collision,,,,,,,,,,,1,1,1,1,7
200800041810,0008-07-28 21:10:00,8,7,28,21,10,620,351,AUTOROUTE A21,,,Crépuscule ou aube,Hors agglomération,Hors intersection,Pluie forte,Sans collision,,,,,,,,,,,2,1,1,3,7
200800041811,0008-07-30 18:05:00,8,7,30,18,5,590,507,AUTOROUTE A1,,,Plein jour,Hors agglomération,Hors intersection,Normale,Deux véhicules - arrière,,,,,,,,,,,1,1,1,1,2
200800041812,0008-07-01 09:00:00,8,7,1,9,0,690,383,RUE GARIBALDI,,,Plein jour,En agglomération,Intersection en X,Normale,Autre collision,,,,,,,,,,,1,2,2,1,6
200800041813,0008-07-01 18:00:00,8,7,1,18,0,690,386,"0, RUE WALDECK ROUSSEAU",,,Plein jour,En agglomération,Intersection en X,Normale,Deux véhicules - côté,,,,,,,,,,,1,2,2,1,3
200800041814,0008-07-02 16:20:00,8,7,2,16,20,690,386,RUE DUGUESCLIN,,,Plein jour,En agglomération,Intersection en X,Normale,Deux véhicules - côté,,,,,,,,,,,1,2,2,1,3
200800041815,0008-07-04 17:20:00,8,7,4,17,20,690,383,RUE PAUL BERT,,,Plein jour,En agglomération,Intersection en X,Normale,Autre collision,,,,,,,,,,,1,2,2,1,6
200800041816,0008-07-06 12:40:00,8,7,6,12,40,690,383,RUE SAINTE ANNE DE BARAB,,,Plein jour,En agglomération,Intersection en X,Pluie légère,Deux véhicules - côté,,,,,,,,,,,1,2,2,2,3
200800041817,0008-07-06 21:25:00,8,7,6,21,25,690,383,"0, AVENUE GEORGES POMPID",,,Plein jour,En agglomération,Intersection en X,Normale,Deux véhicules - côté,,,,,,,,,,,1,2,2,1,3
200800041818,0008-07-04 20:45:00,8,7,4,20,45,690,383,RUE PAUL BERT,,,Crépuscule ou aube,En agglomération,Intersection en X,Normale,Autre collision,,,,,,,,,,,2,2,2,1,6
200800041819,0008-07-08 19:00:00,8,7,8,19,0,690,386,QUAI GENERAL SARRAIL,,,Plein jour,En agglomération,Hors intersection,Normale,Autre collision,,,,,,,,,,,1,2,1,1,6
200800041820,0008-07-09 17:10:00,8,7,9,17,10,690,383,"176, AVENUE LACASSAGNE",,,Plein jour,En agglomération,Hors intersection,Normale,Autre collision,,,,,,,,,,,1,2,1,1,6
200800041821,0008-07-14 19:45:00,8,7,14,19,45,690,383,"6, COURS GAMBETTA",,,Plein jour,En agglomération,Hors intersection,Normale,Deux véhicules - côté,,,,,,,,,,,1,2,1,1,3
200800041822,0008-07-09 19:40:00,8,7,9,19,40,690,383,"1, AVENUE GEORGES POMPID",,,Plein jour,En agglomération,Hors intersection,Normale,Deux véhicules - arrière,,,,,,,,,,,1,2,1,1,2
200800041823,0008-07-11 10:30:00,8,7,11,10,30,690,386,PLACE PUVIS DE CHAVANNES,,,Plein jour,En agglomération,Intersection en X,Normale,Deux véhicules - côté,,,,,,,,,,,1,2,2,1,3
200800041824,0008-07-13 17:40:00,8,7,13,17,40,690,386,"0, AVENUE DE GRANDE BRET",,,Plein jour,En agglomération,Hors intersection,Pluie légère,Deux véhicules - arrière,,,,,,,,,,,1,2,1,2,2
200800041825,0008-07-15 18:00:00,8,7,15,18,0,690,383,"270, COURS LAFAYETTE",,,Plein jour,En agglomération,Hors intersection,Normale,Deux véhicules - arrière,,,,,,,,,,,1,2,1,1,2
200800041826,0008-07-19 23:30:00,8,7,19,23,30,690,386,"0, COURS VITTON",,,Nuit avec éclairage allumé,En agglomération,Intersection en X,Normale,Deux véhicules - côté,,,,,,,,,,,5,2,2,1,3
200800041827,0008-07-14 19:20:00,8,7,14,19,20,690,386,"0, RUE BUGEAUD",,,Plein jour,En agglomération,Intersection en X,Normale,Deux véhicules - côté,,,,,,,,,,,1,2,2,1,3
200800041828,0008-07-16 09:10:00,8,7,16,9,10,690,386,RUE GARIBALDI,,,Plein jour,En agglomération,Intersection en T,Normale,Deux véhicules - côté,,,,,,,,,,,1,2,3,1,3
200800041829,0008-07-18 19:00:00,8,7,18,19,0,690,386,"0, AVENUE MARECHAL DE SA",,,Plein jour,En agglomération,Intersection en X,Normale,Autre collision,,,,,,,,,,,1,2,2,1,6
200800041830,0008-07-12 12:30:00,8,7,12,12,30,690,383,"0, RUE DAVID",,,Plein jour,En agglomération,Intersection en T,Normale,Deux véhicules - côté,,,,,,,,,,,1,2,3,1,3
200800041831,0008-07-23 09:10:00,8,7,23,9,10,690,383,"49, AVENUE MARECHAL DE S",,,Plein jour,En agglomération,Hors intersection,Normale,Autre collision,,,,,,,,,,,1,2,1,1,6
200800041832,0008-07-23 12:45:00,8,7,23,12,45,690,383,"0, RUE DU DAUPHINE",,,Plein jour,En agglomération,Hors intersection,Normale,Autre collision,,,,,,,,,,,1,2,1,1,6
200800041833,0008-07-24 15:00:00,8,7,24,15,0,690,383,"0, COURS GAMBETTA",,,Plein jour,En agglomération,Intersection en X,Normale,Autre collision,,,,,,,,,,,1,2,2,1,6
200800041834,0008-07-24 17:35:00,8,7,24,17,35,690,383,"0, RUE DE LA VILLETTE",,,Plein jour,En agglomération,Hors intersection,Normale,Autre collision,,,,,,,,,,,1,2,1,1,6
200800041835,0008-07-24 19:25:00,8,7,24,19,25,690,383,"0, RUE DE BONNEL",,,Plein jour,En agglomération,Intersection en X,Normale,Autre collision,,,,,,,,,,,1,2,2,1,6
200800041836,0008-07-28 12:50:00,8,7,28,12,50,690,383,RUE SAINT MAXIMIN,,,Plein jour,En agglomération,Intersection en X,Normale,Deux véhicules - côté,,,,,,,,,,,1,2,2,1,3
200800041837,0008-07-28 08:45:00,8,7,28,8,45,690,383,"7, COURS ALBERT THOMAS",,,Plein jour,En agglomération,Hors intersection,Normale,Autre collision,,,,,,,,,,,1,2,1,1,6
200800041838,0008-07-31 11:25:00,8,7,31,11,25,690,383,COURS ALBERT THOMAS,,,Plein jour,En agglomération,Hors intersection,Normale,Deux véhicules - arrière,,,,,,,,,,,1,2,1,1,2
200800041839,0008-07-08 14:00:00,8,7,8,14,0,690,384,"15, QUAI JOSEPH GILLET",,,Plein jour,En agglomération,Hors intersection,Normale,Autre collision,,,,,,,,,,,1,2,1,1,6
200800041840,0008-07-21 10:20:00,8,7,21,10,20,690,384,BOULEVARD DES CANUTS,,,Plein jour,En agglomération,Intersection en X,Normale,Deux véhicules - frontale,,,,,,,,,,,1,2,2,1,1
200800041841,0008-07-30 17:25:00,8,7,30,17,25,690,384,"45, QUAI JOSEPH GILLET",,,Plein jour,En agglomération,Hors intersection,Normale,Autre collision,,,,,,,,,,,1,2,1,1,6
200800041842,0008-07-02 07:20:00,8,7,2,7,20,330,249,ROUTE NATIONALE 230,,,Plein jour,Hors agglomération,Hors intersection,Normale,Deux véhicules - côté,,,,,,,,,,,1,1,1,1,3
200800041843,0008-07-02 17:30:00,8,7,2,17,30,330,39,ROUTE NATIONALE 230,,,Plein jour,Hors agglomération,Hors intersection,Normale,Deux véhicules - côté,,,,,,,,,,,1,1,1,1,3
200800041844,0008-07-03 08:35:00,8,7,3,8,35,330,75,ROCADE A 630,,,Plein jour,Hors agglomération,Hors intersection,Pluie légère,Deux véhicules - côté,,,,,,,,,,,1,1,1,2,3
200800041845,0008-07-03 09:05:00,8,7,3,9,5,330,75,ROCADE A 630,,,Plein jour,Hors agglomération,Hors intersection,Pluie légère,Deux véhicules - arrière,,,,,,,,,,,1,1,1,2,2
200800041846,0008-07-03 11:40:00,8,7,3,11,40,330,281,ROCADE A 630,,,Plein jour,Hors agglomération,Hors intersection,Normale,Deux véhicules - arrière,,,,,,,,,,,1,1,1,1,2
200800041847,0008-07-04 19:30:00,8,7,4,19,30,330,192,ROCADE A 630,,,Plein jour,Hors agglomération,Hors intersection,Normale,Sans collision,,,,,,,,,,,1,1,1,1,7
200800041848,0008-07-04 22:05:00,8,7,4,22,5,330,448,AUTOROUTE A 62,,,Nuit sans éclairage public,Hors agglomération,Hors intersection,Normale,Autre collision,,,,,,,,,,,3,1,1,1,6
200800041849,0008-07-05 20:55:00,8,7,5,20,55,330,39,ROCADE A 630,,,Plein jour,Hors agglomération,Hors intersection,Normale,Autre collision,,,,,,,,,,,1,1,1,1,6
200800041850,0008-07-06 01:55:00,8,7,6,1,55,330,96,AUTOROUTE A 10,,,Nuit avec éclairage allumé,Hors agglomération,Hors intersection,Normale,Autre collision,,,,,,,,,,,5,1,1,1,6
200800041851,0008-07-07 12:45:00,8,7,7,12,45,330,249,ROCADE A 630,,,Plein jour,Hors agglomération,Hors intersection,Pluie légère,Autre collision,,,,,,,,,,,1,1,1,2,6
200800041852,0008-07-07 12:40:00,8,7,7,12,40,330,39,ROCADE A 631,,,Plein jour,Hors agglomération,Hors intersection,Pluie légère,Trois véhicules et plus - en chaîne,,,,,,,,,,,1,1,1,2,4
200800041853,0008-07-11 09:30:00,8,7,11,9,30,330,550,ROCADE A 630,,,Plein jour,Hors agglomération,Hors intersection,Normale,Deux véhicules - côté,,,,,,,,,,,1,1,1,1,3
200800041854,0008-07-18 06:40:00,8,7,18,6,40,330,550,ROCADE A 630,,,Plein jour,Hors agglomération,Hors intersection,Normale,Deux véhicules - arrière,,,,,,,,,,,1,1,1,1,2
200800041855,0008-07-21 18:40:00,8,7,21,18,40,330,119,ROUTE NATIONALE 230,,,Plein jour,Hors agglomération,Hors intersection,Normale,Trois véhicules et plus - collisions multiples,,,,,,,,,,,1,1,1,1,5
200800041856,0008-07-24 13:00:00,8,7,24,13,0,330,249,AUTOROUTE A 10,,,Plein jour,Hors agglomération,Hors intersection,Normale,Deux véhicules - côté,,,,,,,,,,,1,1,1,1,3
200800041857,0008-07-24 13:50:00,8,7,24,13,50,330,281,ROCADE A 630,,,Plein jour,Hors agglomération,Hors intersection,Normale,Deux véhicules - arrière,,,,,,,,,,,1,1,1,1,2
200800041858,0008-07-25 02:00:00,8,7,25,2,0,330,249,ROCADE A 630,,,Nuit avec éclairage allumé,Hors agglomération,Hors intersection,Normale,Autre collision,,,,,,,,,,,5,1,1,1,6
200800041859,0008-07-25 15:55:00,8,7,25,15,55,330,75,ROCADE A 630,,,Plein jour,Hors agglomération,Hors intersection,Normale,Sans collision,,,,,,,,,,,1,1,1,1,7
200800041860,0008-07-25 17:10:00,8,7,25,17,10,330,249,ROUTE NATIONALE 230,,,Plein jour,Hors agglomération,Hors intersection,Normale,Deux véhicules - arrière,,,,,,,,,,,1,1,1,1,2
200800041861,0008-07-26 07:35:00,8,7,26,7,35,330,550,ROCADE A 630,,,Plein jour,Hors agglomération,Hors intersection,Pluie légère,Autre collision,,,,,,,,,,,1,1,1,2,6
200800041862,0008-07-29 21:40:00,8,7,29,21,40,330,96,AUTOROUTE A 10,,,Plein jour,Hors agglomération,Hors intersection,Normale,Deux véhicules - arrière,,,,,,,,,,,1,1,1,1,2
200800041863,0008-07-30 07:35:00,8,7,30,7,35,330,39,ROCADE A 630,,,Plein jour,Hors agglomération,Hors intersection,Normale,Trois véhicules et plus - collisions multiples,,,,,,,,,,,1,1,1,1,5
200800041864,0008-07-30 16:40:00,8,7,30,16,40,330,249,ROCADE A 630,,,Plein jour,Hors agglomération,Hors intersection,Normale,Deux véhicules - côté,,,,,,,,,,,1,1,1,1,3
200800041865,0008-07-04 10:50:00,8,7,4,10,50,670,152,Route Nationale 83,,,Plein jour,Hors agglomération,Hors intersection,Normale,Sans collision,,,,,,,,,,,1,1,1,1,7
200800041866,0008-07-04 17:20:00,8,7,4,17,20,670,482,Autoroute A.351,,,Plein jour,Hors agglomération,Hors intersection,Normale,Deux véhicules - arrière,,,,,,,,,,,1,1,1,1,2
200800041867,0008-07-17 17:18:00,8,7,17,17,18,670,482,Autoroute A.35,,,Plein jour,Hors agglomération,Hors intersection,Normale,Deux véhicules - côté,,,,,,,,,,,1,1,1,1,3
200800041868,0008-07-23 17:33:00,8,7,23,17,33,670,124,Autoroute A.35,,,Plein jour,Hors agglomération,Hors intersection,Normale,Trois véhicules et plus - en chaîne,,,,,,,,,,,1,1,1,1,4