accident_id,datetime,annee,mois,jour,heure,minute,departement,commune_insee,adresse,latitude,longitude,luminosite,agglomeration,intersection,meteo,collision,nb_vehicules,nb_usagers,nb_indemnes,nb_tues,nb_blesses_hosp,nb_blesses_legers,age_cond_1,age_cond_2,veh_type_cond_1,veh_type_cond_2,lum_code,agg_code,int_code,atm_code,col_code
200800041869,0008-07-25 03:40:00,8,7,25,3,40,670,482,Autoroute A.35,,,Nuit sans éclairage public,Hors agglomération,Autre intersection,Normale,Autre collision,,,,,,,,,,,3,1,9,1,6
200800041870,0008-07-28 02:05:00,8,7,28,2,5,670,204,Autoroute A.4,,,Nuit sans éclairage public,Hors agglomération,Hors intersection,Pluie forte,Autre collision,,,,,,,,,,,3,1,1,3,6
200800041871,0008-07-20 10:38:00,8,7,20,10,38,540,320,Autoroute A 31,,,Plein jour,Hors agglomération,Hors intersection,Normale,Trois véhicules et plus - en chaîne,,,,,,,,,,,1,1,1,1,4
200800041872,0008-07-31 16:30:00,8,7,31,16,30,540,159,Autoroute A 33,,,Plein jour,Hors agglomération,Hors intersection,Normale,Autre collision,,,,,,,,,,,1,1,1,1,6
200800041873,0008-07-23 12:45:00,8,7,23,12,45,570,452,Autoroute A31,,,Plein jour,Hors agglomération,Hors intersection,Normale,Autre collision,,,,,,,,,,,1,1,1,1,6
200800041874,0008-07-02 17:05:00,8,7,2,17,5,690,387,"50, AVENUE TONY GARNIER",,,Plein jour,En agglomération,Hors intersection,Normale,Sans collision,,,,,,,,,,,1,2,1,1,7
200800041875,0008-07-13 09:25:00,8,7,13,9,25,690,387,"25, RUE PAUL DUVIVIER",,,Plein jour,En agglomération,Hors intersection,Normale,Sans collision,,,,,,,,,,,1,2,1,1,7
200800041876,0008-07-14 20:00:00,8,7,14,20,0,690,387,"126, AVENUE BERTHELOT",,,Plein jour,En agglomération,Hors intersection,Normale,Autre collision,,,,,,,,,,,1,2,1,1,6
200800041877,0008-07-15 17:00:00,8,7,15,17,0,690,387,AVENUE TONY GARNIER,,,Plein jour,En agglomération,Hors intersection,Pluie légère,Autre collision,,,,,,,,,,,1,2,1,2,6
200800041878,0008-07-16 08:25:00,8,7,16,8,25,690,387,"6, AVENUE DEBOURG",,,Plein jour,En agglomération,Hors intersection,Normale,Deux véhicules - côté,,,,,,,,,,,1,2,1,1,3
200800041879,0008-07-24 16:20:00,8,7,24,16,20,690,387,RUE ELIE ROCHETTE,,,Plein jour,En agglomération,Intersection en X,Normale,Deux véhicules - côté,,,,,,,,,,,1,2,2,1,3
200800041880,0008-07-22 11:40:00,8,7,22,11,40,690,387,"9, RUE DE TOULON",,,Plein jour,En agglomération,Hors intersection,Normale,Deux véhicules - arrière,,,,,,,,,,,1,2,1,1,2
200800041881,0008-07-18 18:35:00,8,7,18,18,35,690,387,", RUE PARMENTIER",,,Plein jour,En agglomération,Intersection en X,Normale,Deux véhicules - côté,,,,,,,,,,,1,2,2,1,3
200800041882,0008-07-02 23:45:00,8,7,2,23,45,690,388,"98, RUE MARYSE BASTIE",,,Nuit avec éclairage allumé,En agglomération,Hors intersection,Normale,Autre collision,,,,,,,,,,,5,2,1,1,6
200800041883,0008-07-03 17:50:00,8,7,3,17,50,690,388,"00, AVENUE JEAN MERMOZ",,,Plein jour,En agglomération,Intersection en T,Normale,Autre collision,,,,,,,,,,,1,2,3,1,6
200800041884,0008-07-03 20:10:00,8,7,3,20,10,690,388,"195, ROUTE DE VIENNE",,,Plein jour,En agglomération,Hors intersection,Normale,Autre collision,,,,,,,,,,,1,2,1,1,6
200800041885,0008-07-04 20:20:00,8,7,4,20,20,690,388,"00, RUE PAUL CAZENEUVE",,,Plein jour,En agglomération,Intersection en X,Normale,Autre collision,,,,,,,,,,,1,2,2,1,6
200800041886,0008-07-07 18:35:00,8,7,7,18,35,690,388,"00, RUE PIERRE DELORE",,,Plein jour,Hors agglomération,Intersection en X,Normale,Autre collision,,,,,,,,,,,1,1,2,1,6
200800041887,0008-07-08 16:35:00,8,7,8,16,35,690,388,"126, COURS ALBERT THOMAS",,,Plein jour,En agglomération,Hors intersection,Normale,Autre collision,,,,,,,,,,,1,2,1,1,6
200800041888,0008-07-10 10:15:00,8,7,10,10,15,690,388,"322, AVENUE BERTHELOT",,,Plein jour,En agglomération,Hors intersection,Temps éblouissant,Autre collision,,,,,,,,,,,1,2,1,7,6
200800041889,0008-07-10 22:20:00,8,7,10,22,20,690,388,"17, AVENUE JEAN MERMOZ",,,Nuit avec éclairage non allumé,En agglomération,Autre intersection,Normale,Autre collision,,,,,,,,,,,4,2,9,1,6
200800041890,0008-07-20 11:45:00,8,7,20,11,45,690,388,"00, RUE AUDIBERT ET LAVI",,,Plein jour,En agglomération,Intersection en X,Normale,Autre collision,,,,,,,,,,,1,2,2,1,6
200800041891,0008-07-22 10:50:00,8,7,22,10,50,690,388,AVENUE PAUL SANTY,,,Plein jour,En agglomération,Hors intersection,Normale,Deux véhicules - arrière,,,,,,,,,,,1,2,1,1,2
200800041892,0008-07-24 18:55:00,8,7,24,18,55,690,388,RUE JEAN SARRAZIN,,,Plein jour,En agglomération,Hors intersection,Normale,Deux véhicules - arrière,,,,,,,,,,,1,2,1,1,2
200800041893,0008-07-25 16:40:00,8,7,25,16,40,690,388,"00, RUE MARYSE BASTIE",,,Plein jour,En agglomération,Intersection en T,Normale,Autre collision,,,,,,,,,,,1,2,3,1,6
200800041894,0008-07-02 13:45:00,8,7,2,13,45,690,72,A6   445.323 A 447.390,,,Plein jour,Hors agglomération,Hors intersection,Normale,Deux véhicules - côté,,,,,,,,,,,1,1,1,1,3
200800041895,0008-07-02 20:20:00,8,7,2,20,20,690,266,RD383   3.750 A 7.640,,,Plein jour,Hors agglomération,Hors intersection,Normale,Deux véhicules - côté,,,,,,,,,,,1,1,1,1,3
200800041896,0008-07-03 10:20:00,8,7,3,10,20,690,199,RD383   14.250 A 18.000,,,Plein jour,Hors agglomération,Hors intersection,Pluie forte,Autre collision,,,,,,,,,,,1,1,1,3,6
200800041897,0008-07-03 16:40:00,8,7,3,16,40,690,388,RD383   11.460 A 11.750,,,Plein jour,Hors agglomération,Hors intersection,Pluie forte,Trois véhicules et plus - en chaîne,,,,,,,,,,,1,1,1,3,4
200800041898,0008-07-04 06:55:00,8,7,4,6,55,690,271,RN346   38.000 A 38.960,,,Crépuscule ou aube,Hors agglomération,Hors intersection,Normale,Autre collision,,,,,,,,,,,2,1,1,1,6
200800041899,0008-07-04 10:15:00,8,7,4,10,15,690,266,RD383   3.750 A 7.640,,,Plein jour,Hors agglomération,Intersection en T,Normale,Trois véhicules et plus - collisions multiples,,,,,,,,,,,1,1,3,1,5
200800041900,0008-07-04 18:00:00,8,7,4,18,0,690,385,A6   453.400 A 455.000,,,Plein jour,Hors agglomération,Hors intersection,Normale,Autre collision,,,,,,,,,,,1,1,1,1,6
200800041901,0008-07-05 22:55:00,8,7,5,22,55,690,282,RD302   0.000 A 4.000,,,Nuit avec éclairage allumé,Hors agglomération,Hors intersection,Normale,Autre collision,,,,,,,,,,,5,1,1,1,6
200800041902,0008-07-06 12:47:00,8,7,6,12,47,690,142,A7   2.278 A 3.690,,,Plein jour,Hors agglomération,Hors intersection,Pluie légère,Autre collision,,,,,,,,,,,1,1,1,2,6
200800041903,0008-07-07 08:57:00,8,7,7,8,57,690,266,RD383   3.750 A 7.640,,,Plein jour,Hors agglomération,Hors intersection,Normale,Deux véhicules - côté,,,,,,,,,,,1,1,1,1,3
200800041904,0008-07-08 07:45:00,8,7,8,7,45,690,34,RD383   0.000 A 1.165,,,Plein jour,Hors agglomération,Hors intersection,Normale,Sans collision,,,,,,,,,,,1,1,1,1,7
200800041905,0008-07-10 18:00:00,8,7,10,18,0,380,87,A7   20.110 A 22.950,,,Plein jour,Hors agglomération,Hors intersection,Normale,Trois véhicules et plus - collisions multiples,,,,,,,,,,,1,1,1,1,5
200800041906,0008-07-11 18:08:00,8,7,11,18,8,690,286,A46N   19.955 A 25.180,,,Plein jour,Hors agglomération,Hors intersection,Normale,Trois véhicules et plus - collisions multiples,,,,,,,,,,,1,1,1,1,5
200800041907,0008-07-12 20:50:00,8,7,12,20,50,690,290,A46S   40.883 A 43.680,,,Plein jour,Hors agglomération,Hors intersection,Normale,Deux véhicules - arrière,,,,,,,,,,,1,1,1,1,2
200800041908,0008-07-13 06:40:00,8,7,13,6,40,690,256,A42     0.560 A 4.020,,,Crépuscule ou aube,Hors agglomération,Hors intersection,Pluie légère,Autre collision,,,,,,,,,,,2,1,1,2,6
200800041909,0008-07-13 18:15:00,8,7,13,18,15,690,266,RD383   3.750 A 7.640,,,Plein jour,Hors agglomération,Hors intersection,Normale,Deux véhicules - arrière,,,,,,,,,,,1,1,1,1,2
200800041910,0008-07-13 18:40:00,8,7,13,18,40,690,290,RN346   38.960 A 40.883,,,Plein jour,Hors agglomération,Hors intersection,Pluie légère,Deux véhicules - côté,,,,,,,,,,,1,1,1,2,3
200800041911,0008-07-16 21:40:00,8,7,16,21,40,690,297,A7   15.770 A 20.110,,,Nuit avec éclairage allumé,Hors agglomération,Hors intersection,Normale,Sans collision,,,,,,,,,,,5,1,1,1,7
200800041912,0008-07-17 23:40:00,8,7,17,23,40,690,385,A6   453.400 A 455.000,,,Nuit avec éclairage allumé,Hors agglomération,Hors intersection,Normale,Sans collision,,,,,,,,,,,5,1,1,1,7
200800041913,0008-07-18 10:00:00,8,7,18,10,0,690,29,A43   0.550 A 3.353,,,Plein jour,Hors agglomération,Hors intersection,Normale,Sans collision,,,,,,,,,,,1,1,1,1,7
200800041914,0008-07-19 03:20:00,8,7,19,3,20,690,266,A42   0.000 A 0.560,,,Nuit avec éclairage allumé,Hors agglomération,Hors intersection,Normale,Autre collision,,,,,,,,,,,5,1,1,1,6
200800041915,0008-07-20 17:30:00,8,7,20,17,30,690,29,A43   0.550 A 3.353,,,Plein jour,Hors agglomération,Hors intersection,Normale,Autre collision,,,,,,,,,,,1,1,1,1,6
200800041916,0008-07-23 17:10:00,8,7,23,17,10,690,290,A46S   40.883 A 43.680,,,Plein jour,Hors agglomération,Hors intersection,Normale,Deux véhicules - arrière,,,,,,,,,,,1,1,1,1,2
200800041917,0008-07-24 11:10:00,8,7,24,11,10,690,290,A43   3.865 A 9.894,,,Plein jour,Hors agglomération,Hors intersection,Normale,Sans collision,,,,,,,,,,,1,1,1,1,7
200800041918,0008-07-25 12:40:00,8,7,25,12,40,690,290,A43   3.865 A 9.894,,,Plein jour,Hors agglomération,Hors intersection,Normale,Deux véhicules - arrière,,,,,,,,,,,1,1,1,1,2
200800041919,0008-07-28 11:00:00,8,7,28,11,0,690,266,RD383   3.750 A 7.640,,,Plein jour,Hors agglomération,Hors intersection,Normale,Trois véhicules et plus - collisions multiples,,,,,,,,,,,1,1,1,1,5
200800041920,0008-07-30 14:05:00,8,7,30,14,5,10,275,A46N 25.180 A 25.680,,,Plein jour,Hors agglomération,Hors intersection,Normale,Trois véhicules et plus - en chaîne,,,,,,,,,,,1,1,1,1,4
200800041921,0008-07-31 06:05:00,8,7,31,6,5,690,288,A43   13.029 A 15.971,,,Plein jour,Hors agglomération,Hors intersection,Normale,Trois véhicules et plus - collisions multiples,,,,,,,,,,,1,1,1,1,5
200800041922,0008-07-31 18:00:00,8,7,31,18,0,690,81,A6   449.510 A 451.640,,,Plein jour,Hors agglomération,Hors intersection,Normale,Sans collision,,,,,,,,,,,1,1,1,1,7
200800041923,0008-07-05 14:05:00,8,7,5,14,5,690,389,"223, BOULEVARD DE LA DUC",,,Plein jour,En agglomération,Hors intersection,Normale,Deux véhicules - frontale,,,,,,,,,,,1,2,1,1,1
200800041924,0008-07-09 16:19:00,8,7,9,16,19,690,389,"134, AVENUE DU 25E REGIM",,,Plein jour,En agglomération,Hors intersection,Normale,Deux véhicules - arrière,,,,,,,,,,,1,2,1,1,2
200800041925,0008-07-10 17:00:00,8,7,10,17,0,690,389,"31, RUE MARIETTON",,,Plein jour,En agglomération,Hors intersection,Normale,Deux véhicules - côté,,,,,,,,,,,1,2,1,1,3
200800041926,0008-07-10 18:15:00,8,7,10,18,15,690,389,"8, RUE COTTIN",,,Plein jour,En agglomération,Hors intersection,Normale,Sans collision,,,,,,,,,,,1,2,1,1,7
200800041927,0008-07-12 19:15:00,8,7,12,19,15,690,389,"35, RUE TISSOT",,,Plein jour,En agglomération,Hors intersection,Normale,Autre collision,,,,,,,,,,,1,2,1,1,6
200800041928,0008-07-18 08:50:00,8,7,18,8,50,690,389,"49, QUAI PAUL SEDALLIAN",,,Plein jour,En agglomération,Hors intersection,Normale,Deux véhicules - arrière,,,,,,,,,,,1,2,1,1,2
200800041929,0008-07-23 00:40:00,8,7,23,0,40,690,389,"0, PLACE DU PORT MOUTON",,,Nuit avec éclairage allumé,En agglomération,Hors intersection,Normale,Autre collision,,,,,,,,,,,5,2,1,1,6
200800041930,0008-07-24 16:16:00,8,7,24,16,16,690,389,"45, RUE MARIETTON",,,Plein jour,En agglomération,Autre intersection,Normale,Deux véhicules - côté,,,,,,,,,,,1,2,9,1,3
200800041931,0008-07-29 02:50:00,8,7,29,2,50,690,389,"0, RUE FRERE BENOIT",,,Nuit avec éclairage allumé,En agglomération,Autre intersection,Normale,Sans collision,,,,,,,,,,,5,2,9,1,7
200800041932,0008-07-27 14:22:00,8,7,27,14,22,690,389,"27, RUE DE BOURGOGNE",,,Plein jour,En agglomération,Hors intersection,Normale,Deux véhicules - arrière,,,,,,,,,,,1,2,1,1,2
200800041933,0008-07-27 19:24:00,8,7,27,19,24,690,389,"27, RUE BOURGET",,,Plein jour,En agglomération,Hors intersection,Normale,Autre collision,,,,,,,,,,,1,2,1,1,6
200800041934,0008-07-31 15:55:00,8,7,31,15,55,690,389,"53, AVENUE SIDOINE APOLL",,,Plein jour,En agglomération,Hors intersection,Normale,Deux véhicules - côté,,,,,,,,,,,1,2,1,1,3
200800041935,0008-07-18 17:25:00,8,7,18,17,25,690,389,"0, BOULEVARD DE LA DUCHE",,,Plein jour,En agglomération,Hors intersection,Normale,Autre collision,,,,,,,,,,,1,2,1,1,6
200800041936,0008-07-03 15:30:00,8,7,3,15,30,830,144,A57,,,Plein jour,Hors agglomération,Hors intersection,Normale,Autre collision,,,,,,,,,,,1,1,1,1,6
200800041937,0008-07-04 22:15:00,8,7,4,22,15,830,137,A50,,,Nuit avec éclairage allumé,Hors agglomération,Autre intersection,Normale,Sans collision,,,,,,,,,,,5,1,9,1,7
200800041938,0008-07-10 11:39:00,8,7,10,11,39,830,69,A570,,,Plein jour,Hors agglomération,Hors intersection,Normale,Deux véhicules - côté,,,,,,,,,,,1,1,1,1,3
200800041939,0008-07-13 05:40:00,8,7,13,5,40,830,137,A57,,,Nuit avec éclairage allumé,Hors agglomération,Hors intersection,Normale,Autre collision,,,,,,,,,,,5,1,1,1,6
200800041940,0008-07-13 05:41:00,8,7,13,5,41,830,137,A57,,,Nuit avec éclairage allumé,Hors agglomération,Hors intersection,Normale,Deux véhicules - arrière,,,,,,,,,,,5,1,1,1,2
200800041941,0008-07-13 20:30:00,8,7,13,20,30,830,35,A50,,,Plein jour,Hors agglomération,Hors intersection,Normale,Autre collision,,,,,,,,,,,1,1,1,1,6
200800041942,0008-07-15 08:45:00,8,7,15,8,45,830,137,A57,,,Plein jour,Hors agglomération,Hors intersection,Normale,Deux véhicules - arrière,,,,,,,,,,,1,1,1,1,2
200800041943,0008-07-26 04:00:00,8,7,26,4,0,830,27,A50,,,Nuit sans éclairage public,Hors agglomération,Hors intersection,Normale,Autre collision,,,,,,,,,,,3,1,1,1,6
200800041944,0008-07-28 10:13:00,8,7,28,10,13,830,62,A570,,,Plein jour,Hors agglomération,Autre intersection,Normale,Sans collision,,,,,,,,,,,1,1,9,1,7
200800041945,0008-07-31 15:00:00,8,7,31,15,0,830,47,A570,,,Plein jour,Hors agglomération,Hors intersection,Normale,Autre collision,,,,,,,,,,,1,1,1,1,6
200800041946,0008-07-01 06:45:00,8,7,1,6,45,130,15,A51-Sens Aix en Provence,,,Plein jour,Hors agglomération,Hors intersection,Normale,Autre collision,,,,,,,,,,,1,1,1,1,6
200800041947,0008-07-02 17:00:00,8,7,2,17,0,130,71,A55-Sens Martigues vers,,,Plein jour,Hors agglomération,Hors intersection,Normale,Deux véhicules - arrière,,,,,,,,,,,1,1,1,1,2
200800041948,0008-07-02 19:40:00,8,7,2,19,40,130,55,A55-Sens Marseille vers,,,Plein jour,Hors agglomération,Hors intersection,Normale,Autre collision,,,,,,,,,,,1,1,1,1,6
200800041949,0008-07-03 09:00:00,8,7,3,9,0,130,215,A7-Sens Lyon vers Marsei,,,Plein jour,Hors agglomération,Hors intersection,Normale,Trois véhicules et plus - en chaîne,,,,,,,,,,,1,1,1,1,4
200800041950,0008-07-03 17:50:00,8,7,3,17,50,130,70,A50-Sens Aubagne vers Ma,,,Plein jour,Hors agglomération,Hors intersection,Normale,Trois véhicules et plus - en chaîne,,,,,,,,,,,1,1,1,1,4
200800041951,0008-07-04 18:00:00,8,7,4,18,0,130,88,A55-Sens Martigues vers,,,Plein jour,Hors agglomération,Hors intersection,Normale,Trois véhicules et plus - en chaîne,,,,,,,,,,,1,1,1,1,4
200800041952,0008-07-04 19:05:00,8,7,4,19,5,130,43,A55-Sens Martigues vers,,,Plein jour,Hors agglomération,Hors intersection,Normale,Deux véhicules - côté,,,,,,,,,,,1,1,1,1,3
200800041953,0008-07-04 18:45:00,8,7,4,18,45,130,214,A7-Sens Lyon vers Marsei,,,Plein jour,Hors agglomération,Hors intersection,Normale,Trois véhicules et plus - collisions multiples,,,,,,,,,,,1,1,1,1,5
200800041954,0008-07-05 18:37:00,8,7,5,18,37,130,15,A51-Sens Aix en Provence,,,Plein jour,Hors agglomération,Hors intersection,Normale,Sans collision,,,,,,,,,,,1,1,1,1,7
200800041955,0008-07-05 21:50:00,8,7,5,21,50,130,26,A55-Sens Marseille vers,,,Crépuscule ou aube,Hors agglomération,Hors intersection,Normale,Deux véhicules - arrière,,,,,,,,,,,2,1,1,1,2
200800041956,0008-07-06 02:15:00,8,7,6,2,15,130,33,A55-Sens Marseille vers,,,Nuit sans éclairage public,Hors agglomération,Hors intersection,Normale,Autre collision,,,,,,,,,,,3,1,1,1,6
200800041957,0008-07-07 20:40:00,8,7,7,20,40,130,81,A7-Sens Lyon vers Marsei,,,Plein jour,Hors agglomération,Hors intersection,Normale,Autre collision,,,,,,,,,,,1,1,1,1,6
200800041958,0008-07-08 00:30:00,8,7,8,0,30,130,71,A7-Sens Lyon vers Marsei,,,Nuit sans éclairage public,Hors agglomération,Hors intersection,Normale,Autre collision,,,,,,,,,,,3,1,1,1,6
200800041959,0008-07-08 11:10:00,8,7,8,11,10,130,210,Tunnel Prado Carénage,,,Plein jour,Hors agglomération,Hors intersection,Normale,Deux véhicules - arrière,,,,,,,,,,,1,1,1,1,2
200800041960,0008-07-09 06:45:00,8,7,9,6,45,130,1,A51-Sens Marseille vers,,,Plein jour,Hors agglomération,Hors intersection,Normale,Sans collision,,,,,,,,,,,1,1,1,1,7
200800041961,0008-07-09 17:35:00,8,7,9,17,35,130,117,A7-Sens Lyon vers Marsei,,,Plein jour,Hors agglomération,Hors intersection,Normale,Sans collision,,,,,,,,,,,1,1,1,1,7
200800041962,0008-07-09 19:25:00,8,7,9,19,25,130,214,A7-Sens Lyon vers Marsei,,,Plein jour,Hors agglomération,Hors intersection,Normale,Trois véhicules et plus - en chaîne,,,,,,,,,,,1,1,1,1,4
200800041963,0008-07-10 10:25:00,8,7,10,10,25,130,215,A7-Sens Lyon vers Marsei,,,Plein jour,Hors agglomération,Hors intersection,Normale,Autre collision,,,,,,,,,,,1,1,1,1,6
200800041964,0008-07-10 20:30:00,8,7,10,20,30,130,211,A50-Sens Marseille vers,,,Plein jour,Hors agglomération,Hors intersection,Normale,Autre collision,,,,,,,,,,,1,1,1,1,6
200800041965,0008-07-12 04:40:00,8,7,12,4,40,130,5,A50-Sens Marseille vers,,,Nuit sans éclairage public,Hors agglomération,Hors intersection,Normale,Deux véhicules - arrière,,,,,,,,,,,3,1,1,1,2
200800041966,0008-07-13 19:50:00,8,7,13,19,50,130,71,A55-Sens Martigues vers,,,Plein jour,Hors agglomération,Hors intersection,Normale,Sans collision,,,,,,,,,,,1,1,1,1,7
200800041967,0008-07-15 07:40:00,8,7,15,7,40,130,117,A7-Sens Marseille vers L,,,Plein jour,Hors agglomération,Hors intersection,Normale,Deux véhicules - arrière,,,,,,,,,,,1,1,1,1,2
200800041968,0008-07-15 20:30:00,8,7,15,20,30,130,106,A7-Sens Lyon vers Marsei,,,Plein jour,Hors agglomération,Hors intersection,Normale,Sans collision,,,,,,,,,,,1,1,1,1,7
200800041969,0008-07-15 20:51:00,8,7,15,20,51,130,106,A51-Sens Aix en Provence,,,Plein jour,Hors agglomération,Hors intersection,Normale,Deux véhicules - côté,,,,,,,,,,,1,1,1,1,3
200800041970,0008-07-17 07:42:00,8,7,17,7,42,130,71,A7-Sens Marseille vers L,,,Plein jour,Hors agglomération,Hors intersection,Normale,Trois véhicules et plus - collisions multiples,,,,,,,,,,,1,1,1,1,5
200800041971,0008-07-18 16:30:00,8,7,18,16,30,130,202,A55-Sens Martigues vers,,,Plein jour,Hors agglomération,Hors intersection,Normale,Trois véhicules et plus - en chaîne,,,,,,,,,,,1,1,1,1,4
200800041972,0008-07-19 17:00:00,8,7,19,17,0,130,215,A55-Sens Marseille vers,,,Plein jour,Hors agglomération,Hors intersection,Normale,Autre collision,,,,,,,,,,,1,1,1,1,6
200800041973,0008-07-20 10:10:00,8,7,20,10,10,130,215,A55-Sens Marseille vers,,,Plein jour,Hors agglomération,Hors intersection,Pluie légère,Autre collision,,,,,,,,,,,1,1,1,2,6
200800041974,0008-07-04 15:50:00,8,7,4,15,50,130,71,A55 - Sens Marseille ver,,,Plein jour,Hors agglomération,Hors intersection,Normale,Deux véhicules - côté,,,,,,,,,,,1,1,1,1,3
200800041975,0008-07-21 17:45:00,8,7,21,17,45,130,55,A557-Liaison A7 Marseill,,,Plein jour,Hors agglomération,Hors intersection,Normale,Deux véhicules - côté,,,,,,,,,,,1,1,1,1,3
200800041976,0008-07-22 11:05:00,8,7,22,11,5,130,71,A7-Sens Lyon vers Marsei,,,Plein jour,Hors agglomération,Hors intersection,Normale,Autre collision,,,,,,,,,,,1,1,1,1,6
200800041977,0008-07-21 22:30:00,8,7,21,22,30,130,5,A50 - Sens Aubagne vers,,,Nuit sans éclairage public,Hors agglomération,Autre intersection,Normale,Deux véhicules - arrière,,,,,,,,,,,3,1,9,1,2
200800041978,0008-07-23 11:00:00,8,7,23,11,0,130,215,A7-Sens Marseille vers L,,,Plein jour,Hors agglomération,Hors intersection,Normale,Autre collision,,,,,,,,,,,1,1,1,1,6
200800041979,0008-07-24 03:30:00,8,7,24,3,30,130,55,A557-Liaison A7 Marseill,,,Nuit avec éclairage allumé,Hors agglomération,Hors intersection,Normale,Sans collision,,,,,,,,,,,5,1,1,1,7
200800041980,0008-07-24 14:30:00,8,7,24,14,30,130,15,A51-Sens Marseille vers,,,Plein jour,Hors agglomération,Hors intersection,Normale,Deux véhicules - côté,,,,,,,,,,,1,1,1,1,3
200800041981,0008-07-24 15:45:00,8,7,24,15,45,130,71,A7-Sens Marseille vers L,,,Plein jour,Hors agglomération,Hors intersection,Normale,Autre collision,,,,,,,,,,,1,1,1,1,6
200800041982,0008-07-24 19:28:00,8,7,24,19,28,130,214,A7-Sens Lyon vers Marsei,,,Plein jour,Hors agglomération,Hors intersection,Normale,Deux véhicules - arrière,,,,,,,,,,,1,1,1,1,2
200800041983,0008-07-11 17:00:00,8,7,11,17,0,130,202,TVPCM-Sens Saint Victor,,,Plein jour,Hors agglomération,Hors intersection,Normale,Trois véhicules et plus - en chaîne,,,,,,,,,,,1,1,1,1,4
200800041984,0008-07-25 07:25:00,8,7,25,7,25,130,202,Tunnel Joliette vers A.5,,,Plein jour,Hors agglomération,Hors intersection,Normale,Deux véhicules - côté,,,,,,,,,,,1,1,1,1,3
200800041985,0008-07-26 06:00:00,8,7,26,6,0,130,71,A51-Sens Aix en Provence,,,Crépuscule ou aube,Hors agglomération,Hors intersection,Normale,Deux véhicules - arrière,,,,,,,,,,,2,1,1,1,2
200800041986,0008-07-26 19:45:00,8,7,26,19,45,130,71,A7-Sens Lyon vers Marsei,,,Plein jour,Hors agglomération,Hors intersection,Normale,Autre collision,,,,,,,,,,,1,1,1,1,6
200800041987,0008-07-26 20:55:00,8,7,26,20,55,130,117,A7-Sens Marseille vers L,,,Plein jour,Hors agglomération,Hors intersection,Normale,Deux véhicules - côté,,,,,,,,,,,1,1,1,1,3
200800041988,0008-07-29 15:25:00,8,7,29,15,25,130,71,A7-Sens Lyon vers Marsei,,,Plein jour,Hors agglomération,Hors intersection,Normale,Autre collision,,,,,,,,,,,1,1,1,1,6
200800041989,0008-07-29 16:40:00,8,7,29,16,40,130,71,A7-Sens Marseille vers L,,,Plein jour,Hors agglomération,Autre intersection,Normale,Autre collision,,,,,,,,,,,1,1,9,1,6
200800041990,0008-07-29 17:20:00,8,7,29,17,20,130,215,A7-Sens Lyon vers Marsei,,,Plein jour,Hors agglomération,Hors intersection,Normale,Trois véhicules et plus - en chaîne,,,,,,,,,,,1,1,1,1,4
200800041991,0008-07-30 04:45:00,8,7,30,4,45,130,1,A51-Sens Marseille vers,,,Crépuscule ou aube,Hors agglomération,Hors intersection,Normale,Deux véhicules - arrière,,,,,,,,,,,2,1,1,1,2
200800041992,0008-07-31 18:50:00,8,7,31,18,50,130,71,A7-Sens Lyon vers Marsei,,,Plein jour,Hors agglomération,Hors intersection,Normale,Deux véhicules - arrière,,,,,,,,,,,1,1,1,1,2
200800041993,0008-07-25 01:35:00,8,7,25,1,35,750,101,"10, RUE DE RICHELIEU",,,Nuit avec éclairage allumé,En agglomération,Hors intersection,Normale,Autre collision,,,,,,,,,,,5,2,1,1,6
200800041994,0008-07-04 19:45:00,8,7,4,19,45,750,101,RUE SAINT HONORE,,,Plein jour,En agglomération,Hors intersection,Normale,Autre collision,,,,,,,,,,,1,2,1,1,6
200800041995,0008-07-05 00:40:00,8,7,5,0,40,750,103,BOULEVARD SAINT MARTIN,,,Nuit avec éclairage allumé,En agglomération,Hors intersection,Normale,Autre collision,,,,,,,,,,,5,2,1,1,6
200800041996,0008-07-01 13:10:00,8,7,1,13,10,750,101,"166, RUE DE RIVOLI",,,Plein jour,En agglomération,Intersection en X,Normale,Sans collision,,,,,,,,,,,1,2,2,1,7
200800041997,0008-07-08 19:00:00,8,7,8,19,0,750,102,RUE DE RICHELIEU,,,Plein jour,En agglomération,Intersection en X,Pluie légère,Deux véhicules - côté,,,,,,,,,,,1,2,2,2,3
200800041998,0008-07-09 05:30:00,8,7,9,5,30,750,101,"9, RUE DES HALLES",,,Crépuscule ou aube,En agglomération,Hors intersection,Normale,Autre collision,,,,,,,,,,,2,2,1,1,6
200800041999,0008-07-09 06:15:00,8,7,9,6,15,750,101,"05, RUE DES CAPUCINES",,,Plein jour,En agglomération,Hors intersection,Normale,Autre collision,,,,,,,,,,,1,2,1,1,6
200800042000,0008-07-09 11:25:00,8,7,9,11,25,750,101,RUE CAMBON,,,Plein jour,En agglomération,Intersection en X,Normale,Autre collision,,,,,,,,,,,1,2,2,1,6
200800042001,0008-07-09 17:40:00,8,7,9,17,40,750,101,RUE DE CASTIGLIONE,,,Plein jour,En agglomération,Intersection en T,Normale,Deux véhicules - côté,,,,,,,,,,,1,2,3,1,3