accident_id,datetime,annee,mois,jour,heure,minute,departement,commune_insee,adresse,latitude,longitude,luminosite,agglomeration,intersection,meteo,collision,nb_vehicules,nb_usagers,nb_indemnes,nb_tues,nb_blesses_hosp,nb_blesses_legers,age_cond_1,age_cond_2,veh_type_cond_1,veh_type_cond_2,lum_code,agg_code,int_code,atm_code,col_code
200800042802,0008-08-02 14:40:00,8,8,2,14,40,750,111,"69, BOULEVARD VOLTAIRE",,,Plein jour,En agglomération,Hors intersection,Temps couvert,Deux véhicules - côté,,,,,,,,,,,1,2,1,8,3
200800042803,0008-08-02 13:10:00,8,8,2,13,10,750,112,"98, AVENUE DAUMESNIL",,,Plein jour,En agglomération,Hors intersection,Normale,Autre collision,,,,,,,,,,,1,2,1,1,6
200800042804,0008-08-02 00:55:00,8,8,2,0,55,750,114,AVENUE DE LA PORTE DE CH,,,Nuit avec éclairage allumé,En agglomération,Hors intersection,Normale,Autre collision,,,,,,,,,,,5,2,1,1,6
200800042805,0008-08-02 12:54:00,8,8,2,12,54,750,114,"1, RUE DE GERGOVIE",,,Plein jour,En agglomération,Hors intersection,Normale,Autre collision,,,,,,,,,,,1,2,1,1,6
200800042806,0008-08-02 08:26:00,8,8,2,8,26,750,115,"55, QUAI DE GRENELLE",,,Plein jour,En agglomération,Hors intersection,Pluie légère,Deux véhicules - côté,,,,,,,,,,,1,2,1,2,3
200800042807,0008-08-02 14:45:00,8,8,2,14,45,750,115,"347, RUE DE VAUGIRARD",,,Plein jour,En agglomération,Intersection en X,Temps couvert,Deux véhicules - côté,,,,,,,,,,,1,2,2,8,3
200800042808,0008-08-02 23:55:00,8,8,2,23,55,750,115,"0, PLACE BALARD",,,Nuit avec éclairage allumé,En agglomération,Intersection à plus de 4 branches,Normale,Deux véhicules - côté,,,,,,,,,,,5,2,5,1,3
200800042809,0008-08-02 21:15:00,8,8,2,21,15,750,116,BOULEVARD SUCHET,,,Crépuscule ou aube,En agglomération,Intersection en X,Normale,Deux véhicules - côté,,,,,,,,,,,2,2,2,1,3
200800042810,0008-08-02 10:10:00,8,8,2,10,10,750,117,"122, AVENUE DE CLICHY",,,Plein jour,En agglomération,Intersection en X,Normale,Autre collision,,,,,,,,,,,1,2,2,1,6
200800042811,0008-08-02 10:50:00,8,8,2,10,50,750,117,"75, RUE DE ROME",,,Plein jour,En agglomération,Intersection en X,Pluie légère,Deux véhicules - côté,,,,,,,,,,,1,2,2,2,3
200800042812,0008-08-02 12:10:00,8,8,2,12,10,750,117,", RUE JEAN OESTREICHER",48.88522,2.28696,Plein jour,En agglomération,Hors intersection,Pluie légère,Deux véhicules - arrière,,,,,,,,,,,1,2,1,2,2
200800042813,0008-08-02 13:50:00,8,8,2,13,50,750,117,AVENUE GOURGAUD,,,Plein jour,En agglomération,Intersection à plus de 4 branches,Normale,Sans collision,,,,,,,,,,,1,2,5,1,7
200800042814,0008-08-02 09:25:00,8,8,2,9,25,750,118,"110bis, RUE ORDENER",,,Plein jour,En agglomération,Intersection en X,Normale,Autre collision,,,,,,,,,,,1,2,2,1,6
200800042815,0008-08-02 09:45:00,8,8,2,9,45,750,120,"61, RUE DES ORTEAUX",,,Plein jour,En agglomération,Hors intersection,Temps couvert,Deux véhicules - côté,,,,,,,,,,,1,2,1,8,3
200800042816,0008-08-02 02:05:00,8,8,2,2,5,750,112,"120, RUE DE BERCY",,,Nuit avec éclairage allumé,En agglomération,Hors intersection,Normale,Autre collision,,,,,,,,,,,5,2,1,1,6
200800042817,0008-08-02 04:10:00,8,8,2,4,10,750,111,"33, RUE DU FAUBOURG SAIN",,,Nuit avec éclairage allumé,En agglomération,Hors intersection,Normale,Autre collision,,,,,,,,,,,5,2,1,1,6
200800042818,0008-08-02 16:20:00,8,8,2,16,20,750,112,"90, AVENUE DAUMESNIL",,,Plein jour,En agglomération,Hors intersection,Normale,Deux véhicules - côté,,,,,,,,,,,1,2,1,1,3
200800042819,0008-08-04 11:50:00,8,8,4,11,50,750,103,"197, RUE DU TEMPLE",,,Plein jour,En agglomération,Hors intersection,Normale,Autre collision,,,,,,,,,,,1,2,1,1,6
200800042820,0008-08-04 07:45:00,8,8,4,7,45,750,105,QUAI SAINT BERNARD,,,Plein jour,En agglomération,Hors intersection,Temps couvert,Sans collision,,,,,,,,,,,1,2,1,8,7
200800042821,0008-08-04 08:30:00,8,8,4,8,30,750,105,RUE MONGE,,,Plein jour,En agglomération,Intersection en X,Temps couvert,Autre collision,,,,,,,,,,,1,2,2,8,6
200800042822,0008-08-04 06:52:00,8,8,4,6,52,750,107,"41, QUAI D ORSAY",,,Crépuscule ou aube,En agglomération,Hors intersection,Pluie légère,Sans collision,,,,,,,,,,,2,2,1,2,7
200800042823,0008-08-04 10:25:00,8,8,4,10,25,750,108,"64, AVENUE DES CHAMPS EL",,,Plein jour,En agglomération,Intersection en X,Normale,Deux véhicules - arrière,,,,,,,,,,,1,2,2,1,2
200800042824,0008-08-04 18:50:00,8,8,4,18,50,750,108,AVENUE DES CHAMPS ELYSEE,,,Plein jour,En agglomération,Hors intersection,Normale,Autre collision,,,,,,,,,,,1,2,1,1,6
200800042825,0008-08-04 10:10:00,8,8,4,10,10,750,109,"03, RUE AUBER",,,Plein jour,En agglomération,Intersection en X,Normale,Deux véhicules - côté,,,,,,,,,,,1,2,2,1,3
200800042826,0008-08-04 13:15:00,8,8,4,13,15,750,111,"168, BOULEVARD VOLTAIRE",,,Plein jour,En agglomération,Intersection en T,Normale,Deux véhicules - côté,,,,,,,,,,,1,2,3,1,3
200800042827,0008-08-04 10:55:00,8,8,4,10,55,750,112,"49, AVENUE LEDRU ROLLIN",,,Plein jour,En agglomération,Intersection en X,Normale,Autre collision,,,,,,,,,,,1,2,2,1,6
200800042828,0008-08-04 11:58:00,8,8,4,11,58,750,112,"56, RUE DU FAUBOURG SAIN",,,Plein jour,En agglomération,Hors intersection,Normale,Autre collision,,,,,,,,,,,1,2,1,1,6
200800042829,0008-08-04 20:55:00,8,8,4,20,55,750,112,PLACE LACHAMBEAUDIE,,,Crépuscule ou aube,En agglomération,Hors intersection,Normale,Autre collision,,,,,,,,,,,2,2,1,1,6
200800042830,0008-08-04 14:00:00,8,8,4,14,0,750,114,"143, BOULEVARD BRUNE",,,Plein jour,En agglomération,Intersection en T,Normale,Deux véhicules - côté,,,,,,,,,,,1,2,3,1,3
200800042831,0008-08-04 09:50:00,8,8,4,9,50,750,116,"12, AVENUE DU PRESIDENT",,,Plein jour,En agglomération,Intersection en T,Normale,Deux véhicules - côté,,,,,,,,,,,1,2,3,1,3
200800042832,0008-08-04 15:30:00,8,8,4,15,30,750,118,"57, BOULEVARD NEY",,,Plein jour,En agglomération,Intersection en T,Normale,Deux véhicules - côté,,,,,,,,,,,1,2,3,1,3
200800042833,0008-08-04 06:30:00,8,8,4,6,30,750,117,"10, PLACE GENERAL CATROU",,,Crépuscule ou aube,En agglomération,Intersection en T,Normale,Autre collision,,,,,,,,,,,2,2,3,1,6
200800042834,0008-08-04 15:40:00,8,8,4,15,40,750,101,"222, RUE DE RIVOLI",,,Plein jour,En agglomération,Hors intersection,Normale,Deux véhicules - arrière,,,,,,,,,,,1,2,1,1,2
200800042835,0008-08-06 03:20:00,8,8,6,3,20,750,104,"14, BOULEVARD DE SEBASTO",,,Nuit avec éclairage allumé,En agglomération,Hors intersection,Normale,Autre collision,,,,,,,,,,,5,2,1,1,6
200800042836,0008-08-06 14:20:00,8,8,6,14,20,750,104,"2 bis, QUAI DES CELESTIN",,,Plein jour,En agglomération,Hors intersection,Normale,Autre collision,,,,,,,,,,,1,2,1,1,6
200800042837,0008-08-06 19:35:00,8,8,6,19,35,750,104,"8, RUE DU RENARD",,,Plein jour,En agglomération,Intersection en X,Normale,Deux véhicules - côté,,,,,,,,,,,1,2,2,1,3
200800042838,0008-08-06 08:58:00,8,8,6,8,58,750,106,"26, BOULEVARD SAINT MICH",,,Plein jour,En agglomération,Hors intersection,Normale,Deux véhicules - frontale,,,,,,,,,,,1,2,1,1,1
200800042839,0008-08-06 22:20:00,8,8,6,22,20,750,109,BOULEVARD HAUSSMANN,,,Nuit avec éclairage non allumé,En agglomération,Intersection en X,Normale,Deux véhicules - côté,,,,,,,,,,,4,2,2,1,3
200800042840,0008-08-06 11:20:00,8,8,6,11,20,750,110,"67, RUE DE MAUBEUGE",,,Plein jour,En agglomération,Intersection en X,Normale,Autre collision,,,,,,,,,,,1,2,2,1,6
200800042841,0008-08-06 16:50:00,8,8,6,16,50,750,110,"48, BOULEVARD DE STRASBO",,,Plein jour,En agglomération,Hors intersection,Normale,Deux véhicules - côté,,,,,,,,,,,1,2,1,1,3
200800042842,0008-08-06 19:30:00,8,8,6,19,30,750,111,BOULEVARD VOLTAIRE,,,Plein jour,En agglomération,Intersection en X,Normale,Autre collision,,,,,,,,,,,1,2,2,1,6
200800042843,0008-08-06 18:30:00,8,8,6,18,30,750,111,"317, RUE DU FAUBOURG SAI",,,Plein jour,En agglomération,Hors intersection,Normale,Trois véhicules et plus - collisions multiples,,,,,,,,,,,1,2,1,1,5
200800042844,0008-08-06 13:00:00,8,8,6,13,0,750,112,"27, RUE DE LYON",,,Plein jour,En agglomération,Intersection en X,Normale,Autre collision,,,,,,,,,,,1,2,2,1,6
200800042845,0008-08-06 20:00:00,8,8,6,20,0,750,112,AVENUE DE SAINT MAURICE,,,Plein jour,En agglomération,Intersection en X,Normale,Deux véhicules - côté,,,,,,,,,,,1,2,2,1,3
200800042846,0008-08-06 09:25:00,8,8,6,9,25,750,114,"27, RUE DU DEPART",,,Plein jour,En agglomération,Intersection en X,Normale,Deux véhicules - côté,,,,,,,,,,,1,2,2,1,3
200800042847,0008-08-06 07:15:00,8,8,6,7,15,750,119,"ras, AVENUE CORENTIN CAR",,,Plein jour,En agglomération,Intersection en X,Normale,Deux véhicules - côté,,,,,,,,,,,1,2,2,1,3
200800042848,0008-08-06 14:05:00,8,8,6,14,5,750,109,"40, RUE DE BELLEFOND",,,Plein jour,En agglomération,Intersection à plus de 4 branches,Normale,Autre collision,,,,,,,,,,,1,2,5,1,6
200800042849,0008-08-05 10:00:00,8,8,5,10,0,750,103,"43, RUE DES ARCHIVES",,,Plein jour,En agglomération,Intersection en X,Normale,Autre collision,,,,,,,,,,,1,2,2,1,6
200800042850,0008-08-05 08:55:00,8,8,5,8,55,750,107,"5, AVENUE DE SAXE",,,Plein jour,En agglomération,Hors intersection,Normale,Autre collision,,,,,,,,,,,1,2,1,1,6
200800042851,0008-08-05 09:10:00,8,8,5,9,10,750,108,PLACE DE LA CONCORDE,,,Plein jour,En agglomération,Intersection à plus de 4 branches,Normale,Deux véhicules - côté,,,,,,,,,,,1,2,5,1,3
200800042852,0008-08-05 13:15:00,8,8,5,13,15,750,110,"2, BOULEVARD SAINT MARTI",,,Plein jour,En agglomération,Hors intersection,Normale,Autre collision,,,,,,,,,,,1,2,1,1,6
200800042853,0008-08-05 12:15:00,8,8,5,12,15,750,112,"64, RUE DU FAUBOURG SAIN",,,Plein jour,En agglomération,Hors intersection,Normale,Sans collision,,,,,,,,,,,1,2,1,1,7
200800042854,0008-08-05 14:10:00,8,8,5,14,10,750,113,"53, RUE DES GOBELINS",,,Plein jour,En agglomération,Hors intersection,Normale,Deux véhicules - côté,,,,,,,,,,,1,2,1,1,3
200800042855,0008-08-05 08:40:00,8,8,5,8,40,750,115,RUE DUTOT,,,Plein jour,En agglomération,Intersection en X,Normale,Deux véhicules - côté,,,,,,,,,,,1,2,2,1,3
200800042856,0008-08-05 00:45:00,8,8,5,0,45,750,116,"29, BOULEVARD MURAT",,,Nuit avec éclairage allumé,En agglomération,Intersection en X,Normale,Deux véhicules - côté,,,,,,,,,,,5,2,2,1,3
200800042857,0008-08-05 09:45:00,8,8,5,9,45,750,116,"18, AVENUE KLEBER",,,Plein jour,En agglomération,Intersection en T,Normale,Autre collision,,,,,,,,,,,1,2,3,1,6
200800042858,0008-08-05 17:45:00,8,8,5,17,45,750,116,"44, AVENUE DU PRESIDENT",,,Plein jour,En agglomération,Hors intersection,Normale,Deux véhicules - arrière,,,,,,,,,,,1,2,1,1,2
200800042859,0008-08-05 15:00:00,8,8,5,15,0,750,117,PLACE DU GENERAL KOENIG,,,Plein jour,En agglomération,Hors intersection,Normale,Sans collision,,,,,,,,,,,1,2,1,1,7
200800042860,0008-08-05 16:20:00,8,8,5,16,20,750,117,"96, RUE JOUFFROY D ABBAN",,,Plein jour,En agglomération,Hors intersection,Normale,Deux véhicules - côté,,,,,,,,,,,1,2,1,1,3
200800042861,0008-08-05 08:33:00,8,8,5,8,33,750,120,"210, RUE DES PYRENEES",,,Plein jour,En agglomération,Intersection en X,Normale,Deux véhicules - côté,,,,,,,,,,,1,2,2,1,3
200800042862,0008-08-05 10:45:00,8,8,5,10,45,750,113,PORTE D IVRY,,,Plein jour,En agglomération,Hors intersection,Normale,Deux véhicules - arrière,,,,,,,,,,,1,2,1,1,2
200800042863,0008-08-05 11:55:00,8,8,5,11,55,750,113,PORTE D IVRY,,,Plein jour,En agglomération,Hors intersection,Normale,Trois véhicules et plus - en chaîne,,,,,,,,,,,1,2,1,1,4
200800042864,0008-08-07 14:40:00,8,8,7,14,40,750,101,"18, SOUTERRAIN TRANSIT H",,,Plein jour,En agglomération,Hors intersection,Normale,Sans collision,,,,,,,,,,,1,2,1,1,7
200800042865,0008-08-07 10:05:00,8,8,7,10,5,750,109,"28, BOULEVARD HAUSSMANN",,,Plein jour,En agglomération,Intersection en X,Normale,Autre collision,,,,,,,,,,,1,2,2,1,6
200800042866,0008-08-07 18:45:00,8,8,7,18,45,750,109,"58, RUE DE LA CHAUSSEE D",,,Plein jour,En agglomération,Intersection en X,Pluie légère,Sans collision,,,,,,,,,,,1,2,2,2,7
200800042867,0008-08-07 22:30:00,8,8,7,22,30,750,110,"74, QUAI DE JEMMAPES",,,Nuit avec éclairage allumé,En agglomération,Intersection en X,Normale,Deux véhicules - arrière,,,,,,,,,,,5,2,2,1,2
200800042868,0008-08-07 10:40:00,8,8,7,10,40,750,112,BOULEVARD PERIPHERIQUE,,,Nuit avec éclairage allumé,En agglomération,Hors intersection,Normale,Trois véhicules et plus - en chaîne,,,,,,,,,,,5,2,1,1,4
200800042869,0008-08-07 14:00:00,8,8,7,14,0,750,113,"10, RUE RAYMOND ARON",,,Plein jour,En agglomération,Hors intersection,Normale,Autre collision,,,,,,,,,,,1,2,1,1,6
200800042870,0008-08-07 20:50:00,8,8,7,20,50,750,113,"21, AVENUE PIERRE DE COU",,,Plein jour,En agglomération,Hors intersection,Normale,Deux véhicules - côté,,,,,,,,,,,1,2,1,1,3
200800042871,0008-08-07 12:55:00,8,8,7,12,55,750,116,PLACE DE VARSOVIE,,,Plein jour,En agglomération,Intersection en X,Normale,Deux véhicules - côté,,,,,,,,,,,1,2,2,1,3
200800042872,0008-08-07 22:15:00,8,8,7,22,15,750,116,"73, AVENUE MARCEAU",,,Nuit avec éclairage allumé,En agglomération,Intersection en X,Normale,Autre collision,,,,,,,,,,,5,2,2,1,6
200800042873,0008-08-07 01:50:00,8,8,7,1,50,750,117,"174, AVENUE DE CLICHY",,,Nuit avec éclairage allumé,En agglomération,Intersection en X,Normale,Deux véhicules - côté,,,,,,,,,,,5,2,2,1,3
200800042874,0008-08-07 13:20:00,8,8,7,13,20,750,116,BOULEVARD PERIPHERIQUE E,,,Plein jour,En agglomération,Hors intersection,Normale,Sans collision,,,,,,,,,,,1,2,1,1,7
200800042875,0008-08-07 18:55:00,8,8,7,18,55,750,108,"34, BOULEVARD MALESHERBE",,,Plein jour,En agglomération,Hors intersection,Normale,Autre collision,,,,,,,,,,,1,2,1,1,6
200800042876,0008-08-07 23:25:00,8,8,7,23,25,750,118,"126, RUE DAMREMONT",,,Nuit avec éclairage allumé,En agglomération,Intersection en X,Normale,Autre collision,,,,,,,,,,,5,2,2,1,6
200800042877,0008-08-07 02:00:00,8,8,7,2,0,750,117,BOULEVARD PERIPHERIQUE E,,,Nuit avec éclairage allumé,En agglomération,Hors intersection,Normale,Autre collision,,,,,,,,,,,5,2,1,1,6
200800042878,0008-08-07 09:25:00,8,8,7,9,25,750,119,PORTE DU PRE SAINT GERVA,,,Plein jour,En agglomération,Hors intersection,Normale,Trois véhicules et plus - collisions multiples,,,,,,,,,,,1,2,1,1,5
200800042879,0008-08-07 09:42:00,8,8,7,9,42,750,119,PORTE DU PRE SAINT GERVA,,,Plein jour,En agglomération,Hors intersection,Normale,Sans collision,,,,,,,,,,,1,2,1,1,7
200800042880,0008-08-07 09:45:00,8,8,7,9,45,750,113,PORTE D ITALIE,,,Plein jour,En agglomération,Hors intersection,Normale,Trois véhicules et plus - en chaîne,,,,,,,,,,,1,2,1,1,4
200800042881,0008-08-09 13:15:00,8,8,9,13,15,750,108,"11, RUE D AMSTERDAM",,,Plein jour,En agglomération,Hors intersection,Normale,Deux véhicules - côté,,,,,,,,,,,1,2,1,1,3
200800042882,0008-08-09 10:15:00,8,8,9,10,15,750,110,"158, RUE LA FAYETTE",,,Plein jour,En agglomération,Intersection en X,Normale,Autre collision,,,,,,,,,,,1,2,2,1,6
200800042883,0008-08-09 11:55:00,8,8,9,11,55,750,110,BOULEVARD DE MAGENTA,,,Plein jour,En agglomération,Intersection en X,Normale,Deux véhicules - côté,,,,,,,,,,,1,2,2,1,3
200800042884,0008-08-09 16:50:00,8,8,9,16,50,750,110,"3, RUE DE LA FIDELITE",,,Plein jour,En agglomération,Hors intersection,Normale,Autre collision,,,,,,,,,,,1,2,1,1,6
200800042885,0008-08-09 16:30:00,8,8,9,16,30,750,111,PLACE DE LA REPUBLIQUE,,,Plein jour,En agglomération,Place,Normale,Deux véhicules - arrière,,,,,,,,,,,1,2,7,1,2
200800042886,0008-08-09 05:20:00,8,8,9,5,20,750,112,ROUTE DE LA PYRAMIDE,,,Nuit avec éclairage allumé,En agglomération,Hors intersection,Temps couvert,Deux véhicules - côté,,,,,,,,,,,5,2,1,8,3
200800042887,0008-08-09 10:30:00,8,8,9,10,30,750,112,AVENUE DU POLYGONE,,,Plein jour,En agglomération,Hors intersection,Normale,Autre collision,,,,,,,,,,,1,2,1,1,6
200800042888,0008-08-09 23:15:00,8,8,9,23,15,750,112,"33, RUE DE LYON",,,Nuit avec éclairage allumé,En agglomération,Intersection en X,Normale,Deux véhicules - arrière,,,,,,,,,,,5,2,2,1,2
200800042889,0008-08-09 15:05:00,8,8,9,15,5,750,115,QUAI D ISSY LES MOULINEA,,,Plein jour,En agglomération,Intersection en X,Normale,Deux véhicules - côté,,,,,,,,,,,1,2,2,1,3
200800042890,0008-08-09 17:56:00,8,8,9,17,56,750,115,"229, RUE LECOURBE",,,Plein jour,En agglomération,Hors intersection,Temps éblouissant,Deux véhicules - arrière,,,,,,,,,,,1,2,1,7,2
200800042891,0008-08-09 19:30:00,8,8,9,19,30,750,118,"21, RUE ORDENER",,,Plein jour,En agglomération,Intersection en X,Normale,Deux véhicules - côté,,,,,,,,,,,1,2,2,1,3
200800042892,0008-08-09 14:50:00,8,8,9,14,50,750,119,"22, RUE MANIN",,,Crépuscule ou aube,En agglomération,Hors intersection,Normale,Autre collision,,,,,,,,,,,2,2,1,1,6
200800042893,0008-08-09 12:40:00,8,8,9,12,40,750,113,"114, BOULEVARD MASSENA",,,Plein jour,En agglomération,Intersection en X,Normale,Sans collision,,,,,,,,,,,1,2,2,1,7
200800042894,0008-08-10 03:48:00,8,8,10,3,48,750,101,"234, RUE DE RIVOLI",,,Nuit avec éclairage allumé,En agglomération,Hors intersection,Normale,Deux véhicules - arrière,,,,,,,,,,,5,2,1,1,2
200800042895,0008-08-10 21:45:00,8,8,10,21,45,750,115,"0, RUE DE LA CONVENTION",,,Nuit avec éclairage allumé,En agglomération,Intersection en T,Normale,Deux véhicules - frontale,,,,,,,,,,,5,2,3,1,1
200800042896,0008-08-10 23:30:00,8,8,10,23,30,750,120,"122, BOULEVARD DE CHARON",,,Nuit avec éclairage allumé,En agglomération,Hors intersection,Normale,Autre collision,,,,,,,,,,,5,2,1,1,6
200800042897,0008-08-08 06:20:00,8,8,8,6,20,750,101,SOUTERRAIN PONT NEUF,,,Crépuscule ou aube,En agglomération,Hors intersection,Temps couvert,Autre collision,,,,,,,,,,,2,2,1,8,6
200800042898,0008-08-08 06:25:00,8,8,8,6,25,750,105,RUE MONGE,,,Crépuscule ou aube,En agglomération,Intersection en T,Temps couvert,Deux véhicules - arrière,,,,,,,,,,,2,2,3,8,2
200800042899,0008-08-08 15:25:00,8,8,8,15,25,750,106,", BOULEVARD SAINT GERMAI",,,Plein jour,En agglomération,Hors intersection,Normale,Autre collision,,,,,,,,,,,1,2,1,1,6
200800042900,0008-08-08 02:35:00,8,8,8,2,35,750,111,"221, BOULEVARD VOLTAIRE",,,Nuit avec éclairage allumé,En agglomération,Hors intersection,Pluie légère,Autre collision,,,,,,,,,,,5,2,1,2,6
200800042901,0008-08-08 15:00:00,8,8,8,15,0,750,112,"26, RUE DU FAUBOURG SAIN",,,Plein jour,En agglomération,Hors intersection,Normale,Autre collision,,,,,,,,,,,1,2,1,1,6
200800042902,0008-08-08 23:45:00,8,8,8,23,45,750,113,"20, AVENUE D ITALIE",,,Nuit avec éclairage allumé,En agglomération,Hors intersection,Normale,Autre collision,,,,,,,,,,,5,2,1,1,6
200800042903,0008-08-08 11:25:00,8,8,8,11,25,750,116,RUE D AUTEUIL,,,Plein jour,En agglomération,Intersection en T,Normale,Autre collision,,,,,,,,,,,1,2,3,1,6
200800042904,0008-08-08 02:00:00,8,8,8,2,0,750,118,"04, BOULEVARD BARBES",,,Nuit avec éclairage allumé,En agglomération,Hors intersection,Pluie forte,Autre collision,,,,,,,,,,,5,2,1,3,6
200800042905,0008-08-08 06:15:00,8,8,8,6,15,750,118,"18-42-24, RUE DE LA CHAP",,,Crépuscule ou aube,En agglomération,Intersection en X,Pluie légère,Autre collision,,,,,,,,,,,2,2,2,2,6
200800042906,0008-08-08 00:45:00,8,8,8,0,45,750,119,AVENUE SIMON BOLIVAR,,,Nuit avec éclairage allumé,En agglomération,Hors intersection,Pluie légère,Autre collision,,,,,,,,,,,5,2,1,2,6
200800042907,0008-08-08 14:25:00,8,8,8,14,25,750,119,"105, RUE MANIN",,,Plein jour,En agglomération,Intersection en T,Normale,Autre collision,,,,,,,,,,,1,2,3,1,6
200800042908,0008-08-04 20:25:00,8,8,4,20,25,750,115,PLACE CAMBRONNE,,,Plein jour,En agglomération,Intersection à plus de 4 branches,Normale,Deux véhicules - côté,,,,,,,,,,,1,2,5,1,3
200800042909,0008-08-13 18:43:00,8,8,13,18,43,750,108,"4, PLACE DE LA CONCORDE",,,Plein jour,En agglomération,Intersection à plus de 4 branches,Normale,Deux véhicules - côté,,,,,,,,,,,1,2,5,1,3
200800042910,0008-08-13 18:53:00,8,8,13,18,53,750,109,RUE AUBER,,,Plein jour,En agglomération,Intersection en X,Normale,Deux véhicules - côté,,,,,,,,,,,1,2,2,1,3
200800042911,0008-08-13 20:30:00,8,8,13,20,30,750,109,PLACE KOSSUTH,,,Plein jour,En agglomération,Intersection à plus de 4 branches,Normale,Deux véhicules - côté,,,,,,,,,,,1,2,5,1,3
200800042912,0008-08-13 14:20:00,8,8,13,14,20,750,114,"136, AVENUE DU MAINE",,,Plein jour,En agglomération,Hors intersection,Normale,Autre collision,,,,,,,,,,,1,2,1,1,6
200800042913,0008-08-13 15:15:00,8,8,13,15,15,750,115,"73, RUE BRANCION",,,Plein jour,En agglomération,Intersection en T,Normale,Deux véhicules - côté,,,,,,,,,,,1,2,3,1,3
200800042914,0008-08-13 18:50:00,8,8,13,18,50,750,115,"190, RUE DE LA CONVENTIO",,,Plein jour,En agglomération,Hors intersection,Normale,Sans collision,,,,,,,,,,,1,2,1,1,7
200800042915,0008-08-13 17:55:00,8,8,13,17,55,750,116,RUE DE LONGCHAMP,,,Plein jour,En agglomération,Intersection en T,Normale,Autre collision,,,,,,,,,,,1,2,3,1,6
200800042916,0008-08-13 16:05:00,8,8,13,16,5,750,113,"62, BOULEVARD AUGUSTE BL",,,Plein jour,En agglomération,Hors intersection,Normale,Sans collision,,,,,,,,,,,1,2,1,1,7
200800042917,0008-08-13 22:25:00,8,8,13,22,25,750,114,"57, RUE DU FAUBOURG SAIN",,,Nuit avec éclairage allumé,En agglomération,Intersection en X,Normale,Autre collision,,,,,,,,,,,5,2,2,1,6
200800042918,0008-08-13 13:35:00,8,8,13,13,35,750,118,PORTE DE LA CHAPELLE,,,Plein jour,En agglomération,Hors intersection,Normale,Trois véhicules et plus - en chaîne,,,,,,,,,,,1,2,1,1,4
200800042919,0008-08-14 18:50:00,8,8,14,18,50,750,101,"04, RUE DU CYGNE",,,Plein jour,En agglomération,Hors intersection,Normale,Autre collision,,,,,,,,,,,1,2,1,1,6
200800042920,0008-08-14 20:05:00,8,8,14,20,5,750,110,"54, QUAI DE JEMMAPES",,,Nuit avec éclairage allumé,En agglomération,Hors intersection,Normale,Autre collision,,,,,,,,,,,5,2,1,1,6
200800042921,0008-08-14 00:15:00,8,8,14,0,15,750,113,BOULEVARD MASSENA,,,Nuit avec éclairage allumé,En agglomération,Intersection en T,Normale,Autre collision,,,,,,,,,,,5,2,3,1,6
200800042922,0008-08-14 09:25:00,8,8,14,9,25,750,116,AVENUE GEORGES MANDEL,,,Plein jour,En agglomération,Intersection en X,Normale,Deux véhicules - arrière,,,,,,,,,,,1,2,2,1,2
200800042923,0008-08-14 15:30:00,8,8,14,15,30,750,118,"56, RUE MARX DORMOY",,,Plein jour,En agglomération,Hors intersection,Normale,Deux véhicules - côté,,,,,,,,,,,1,2,1,1,3
200800042924,0008-08-14 19:40:00,8,8,14,19,40,750,118,BOULEVARD NEY,,,Plein jour,En agglomération,Intersection en X,Normale,Autre collision,,,,,,,,,,,1,2,2,1,6
200800042925,0008-08-14 23:40:00,8,8,14,23,40,750,118,"6, AVENUE DE LA PORTE DE",,,Nuit avec éclairage allumé,En agglomération,Hors intersection,Pluie légère,Deux véhicules - côté,,,,,,,,,,,5,2,1,2,3
200800042926,0008-08-14 08:50:00,8,8,14,8,50,750,119,PLACE SKANDERBEG,,,Plein jour,En agglomération,Hors intersection,Normale,Deux véhicules - arrière,,,,,,,,,,,1,2,1,1,2
200800042927,0008-08-14 10:15:00,8,8,14,10,15,750,119,"62, AVENUE DE FLANDRE",,,Plein jour,En agglomération,Intersection en X,Normale,Deux véhicules - côté,,,,,,,,,,,1,2,2,1,3
200800042928,0008-08-14 21:40:00,8,8,14,21,40,750,119,"0, RUE ARCHEREAU",,,Nuit avec éclairage allumé,En agglomération,Intersection en X,Pluie légère,Autre collision,,,,,,,,,,,5,2,2,2,6
200800042929,0008-08-14 13:00:00,8,8,14,13,0,750,119,PORTE DE LA VILLETTE,,,Plein jour,En agglomération,Intersection en Y,Normale,Trois véhicules et plus - en chaîne,,,,,,,,,,,1,2,4,1,4
200800042930,0008-08-14 17:35:00,8,8,14,17,35,750,117,PORTE DE SAINT OUEN,,,Plein jour,En agglomération,Hors intersection,Normale,Deux véhicules - côté,,,,,,,,,,,1,2,1,1,3
200800042931,0008-08-14 23:25:00,8,8,14,23,25,750,118,BOULEVARD PERIPHERIQUE I,,,Nuit avec éclairage allumé,En agglomération,Hors intersection,Normale,Autre collision,,,,,,,,,,,5,2,1,1,6
200800042932,0008-08-15 01:30:00,8,8,15,1,30,750,107,"01, QUAI ANATOLE FRANCE",,,Nuit avec éclairage allumé,En agglomération,Intersection en X,Temps couvert,Sans collision,,,,,,,,,,,5,2,2,8,7
200800042933,0008-08-15 17:10:00,8,8,15,17,10,750,108,RUE DU HAVRE,,,Plein jour,En agglomération,Intersection en X,Normale,Deux véhicules - côté,,,,,,,,,,,1,2,2,1,3
200800042934,0008-08-15 00:15:00,8,8,15,0,15,750,109,"80, RUE LA FAYETTE",,,Nuit avec éclairage allumé,En agglomération,Intersection en Y,Pluie légère,Autre collision,,,,,,,,,,,5,2,4,2,6