accident_id,datetime,annee,mois,jour,heure,minute,departement,commune_insee,adresse,latitude,longitude,luminosite,agglomeration,intersection,meteo,collision,nb_vehicules,nb_usagers,nb_indemnes,nb_tues,nb_blesses_hosp,nb_blesses_legers,age_cond_1,age_cond_2,veh_type_cond_1,veh_type_cond_2,lum_code,agg_code,int_code,atm_code,col_code
200800043201,0008-08-24 16:15:00,8,8,24,16,15,750,102,"82, RUE REAUMUR",,,Plein jour,En agglomération,Intersection à plus de 4 branches,Pluie légère,Sans collision,,,,,,,,,,,1,2,5,2,7
200800043202,0008-08-24 03:05:00,8,8,24,3,5,750,104,"1, RUE SAINT ANTOINE",,,Nuit avec éclairage allumé,En agglomération,Intersection à plus de 4 branches,Normale,Deux véhicules - côté,,,,,,,,,,,5,2,5,1,3
200800043203,0008-08-24 23:40:00,8,8,24,23,40,750,109,BOULEVARD DE ROCHECHOUAR,,,Nuit avec éclairage allumé,En agglomération,Intersection en T,Pluie légère,Deux véhicules - côté,,,,,,,,,,,5,2,3,2,3
200800043204,0008-08-24 00:10:00,8,8,24,0,10,750,112,QUAI DE BERCY,,,Nuit avec éclairage allumé,En agglomération,Hors intersection,Normale,Autre collision,,,,,,,,,,,5,2,1,1,6
200800043205,0008-08-24 15:00:00,8,8,24,15,0,750,112,"279, AVENUE DAUMESNIL",,,Plein jour,En agglomération,Intersection en X,Pluie légère,Autre collision,,,,,,,,,,,1,2,2,2,6
200800043206,0008-08-24 15:00:00,8,8,24,15,0,750,115,BOULEVARD DU MONTPARNASS,,,Plein jour,En agglomération,Intersection en X,Pluie légère,Deux véhicules - côté,,,,,,,,,,,1,2,2,2,3
200800043207,0008-08-24 21:50:00,8,8,24,21,50,750,118,"10, RUE STEPHENSON",,,Nuit avec éclairage allumé,En agglomération,Hors intersection,Pluie légère,Autre collision,,,,,,,,,,,5,2,1,2,6
200800043208,0008-08-24 14:40:00,8,8,24,14,40,750,119,"141, AVENUE JEAN JAURES",,,Plein jour,En agglomération,Intersection en T,Pluie légère,Deux véhicules - arrière,,,,,,,,,,,1,2,3,2,2
200800043209,0008-08-24 14:40:00,8,8,24,14,40,750,120,"53, RUE DES FRERES FLAVI",,,Plein jour,En agglomération,Intersection en X,Pluie légère,Deux véhicules - côté,,,,,,,,,,,1,2,2,2,3
200800043210,0008-08-24 20:00:00,8,8,24,20,0,750,120,"56, RUE OLIVIER METRA",,,Crépuscule ou aube,En agglomération,Hors intersection,Pluie légère,Autre collision,,,,,,,,,,,2,2,1,2,6
200800043211,0008-08-24 01:50:00,8,8,24,1,50,750,105,"61, BOULEVARD SAINT MICH",,,Nuit avec éclairage allumé,En agglomération,Hors intersection,Normale,Autre collision,,,,,,,,,,,5,2,1,1,6
200800043212,0008-08-24 02:40:00,8,8,24,2,40,750,110,"/, BOULEVARD DE MAGENTA",,,Nuit avec éclairage allumé,En agglomération,Intersection en X,Normale,Deux véhicules - côté,,,,,,,,,,,5,2,2,1,3
200800043213,0008-08-24 06:35:00,8,8,24,6,35,750,116,AVENUE FOCH,,,Plein jour,En agglomération,Hors intersection,Normale,Deux véhicules - côté,,,,,,,,,,,1,2,1,1,3
200800043214,0008-08-24 03:10:00,8,8,24,3,10,750,112,ECHANGEUR BERCY,,,Nuit avec éclairage allumé,En agglomération,Hors intersection,Normale,Autre collision,,,,,,,,,,,5,2,1,1,6
200800043215,0008-08-25 14:45:00,8,8,25,14,45,750,103,"13, BOULEVARD DES FILLES",,,Plein jour,En agglomération,Intersection en X,Normale,Autre collision,,,,,,,,,,,1,2,2,1,6
200800043216,0008-08-25 19:20:00,8,8,25,19,20,750,103,"14, RUE CHARLOT",,,Crépuscule ou aube,En agglomération,Intersection en X,Normale,Deux véhicules - côté,,,,,,,,,,,2,2,2,1,3
200800043217,0008-08-25 00:55:00,8,8,25,0,55,750,104,"14, QUAI HENRI IV",,,Nuit avec éclairage allumé,En agglomération,Hors intersection,Pluie légère,Autre collision,,,,,,,,,,,5,2,1,2,6
200800043218,0008-08-25 12:05:00,8,8,25,12,5,750,105,"30, RUE GAY LUSSAC",,,Plein jour,En agglomération,Intersection en X,Normale,Deux véhicules - côté,,,,,,,,,,,1,2,2,1,3
200800043219,0008-08-25 20:24:00,8,8,25,20,24,750,107,"1, QUAI ANATOLE FRANCE",,,Crépuscule ou aube,En agglomération,Intersection en X,Normale,Deux véhicules - côté,,,,,,,,,,,2,2,2,1,3
200800043220,0008-08-25 11:45:00,8,8,25,11,45,750,108,"123, RUE SAINT LAZARE",,,Plein jour,En agglomération,Hors intersection,Normale,Autre collision,,,,,,,,,,,1,2,1,1,6
200800043221,0008-08-25 19:30:00,8,8,25,19,30,750,109,RUE DE LONDRES,,,Plein jour,En agglomération,Hors intersection,Normale,Deux véhicules - côté,,,,,,,,,,,1,2,1,1,3
200800043222,0008-08-25 14:50:00,8,8,25,14,50,750,110,"12, RUE DU CHATEAU LANDO",,,Plein jour,En agglomération,Hors intersection,Normale,Sans collision,,,,,,,,,,,1,2,1,1,7
200800043223,0008-08-25 13:30:00,8,8,25,13,30,750,113,"111, BOULEVARD MASSENA",,,Plein jour,En agglomération,Intersection en T,Normale,Autre collision,,,,,,,,,,,1,2,3,1,6
200800043224,0008-08-25 07:55:00,8,8,25,7,55,750,115,"53, BOULEVARD DE GRENELL",,,Plein jour,En agglomération,Intersection en Y,Normale,Deux véhicules - côté,,,,,,,,,,,1,2,4,1,3
200800043225,0008-08-25 19:10:00,8,8,25,19,10,750,116,BOULEVARD PERIPHERIQUE,,,Plein jour,En agglomération,Hors intersection,Normale,Deux véhicules - arrière,,,,,,,,,,,1,2,1,1,2
200800043226,0008-08-12 09:50:00,8,8,12,9,50,930,5,AMIENS (RUE D'),,,Plein jour,En agglomération,Intersection en X,Normale,Autre collision,,,,,,,,,,,1,2,2,1,6
200800043227,0008-08-30 13:50:00,8,8,30,13,50,340,172,"SANS, BIONNE (RUE DE)",43.60835,3.82123,Plein jour,Hors agglomération,Hors intersection,Normale,Sans collision,,,,,,,,,,,1,1,1,1,7
200800043228,0008-08-23 11:40:00,8,8,23,11,40,920,25,ARTS (RUE DES),,,Plein jour,En agglomération,Intersection en X,Normale,Deux véhicules - côté,,,,,,,,,,,1,2,2,1,3
200800043229,0008-08-01 09:45:00,8,8,1,9,45,920,26,FICATIER,,,Plein jour,En agglomération,Intersection en T,Normale,Deux véhicules - côté,,,,,,,,,,,1,2,3,1,3
200800043230,0008-08-14 18:30:00,8,8,14,18,30,920,26,"71, SAINT-DENIS BD DE (0",,,Plein jour,En agglomération,Hors intersection,Autre,Deux véhicules - arrière,,,,,,,,,,,1,2,1,9,2
200800043231,0008-08-28 11:45:00,8,8,28,11,45,920,26,"16, BEZONS  (DE 01 A 22)",,,Plein jour,En agglomération,Hors intersection,Normale,Sans collision,,,,,,,,,,,1,2,1,1,7
200800043232,0008-08-06 00:20:00,8,8,6,0,20,920,36,"0, MARCEL PAUL (AVENUE)",,,Nuit avec éclairage allumé,En agglomération,Hors intersection,Normale,Autre collision,,,,,,,,,,,5,2,1,1,6
200800043233,0008-08-06 15:10:00,8,8,6,15,10,920,36,"21/23, LOUIS CALMEL (RUE",,,Plein jour,En agglomération,Hors intersection,Normale,Autre collision,,,,,,,,,,,1,2,1,1,6
200800043234,0008-08-24 21:45:00,8,8,24,21,45,920,36,"197, GRESILLONS (AVENUE",,,Nuit avec éclairage allumé,En agglomération,Hors intersection,Pluie légère,Deux véhicules - côté,,,,,,,,,,,5,2,1,2,3
200800043235,0008-08-28 13:45:00,8,8,28,13,45,920,36,"0, LUCIEN LANTERNIER (AV",,,Plein jour,En agglomération,Intersection en X,Normale,Deux véhicules - côté,,,,,,,,,,,1,2,2,1,3
200800043236,0008-08-28 19:00:00,8,8,28,19,0,920,36,"26, GABRIEL PERI (AVENUE",,,Plein jour,En agglomération,Hors intersection,Normale,Autre collision,,,,,,,,,,,1,2,1,1,6
200800043237,0008-08-05 19:25:00,8,8,5,19,25,920,40,VICTOR HUGO (ROND-POINT),,,Plein jour,En agglomération,Giratoire,Normale,Deux véhicules - côté,,,,,,,,,,,1,2,6,1,3
200800043238,0008-08-11 09:00:00,8,8,11,9,0,920,40,"82, RODIN (BOULEVARD)",,,Plein jour,En agglomération,Hors intersection,Normale,Deux véhicules - côté,,,,,,,,,,,1,2,1,1,3
200800043239,0008-08-14 09:05:00,8,8,14,9,5,920,40,"315, STALINGRAD (QUAI DE",,,Plein jour,En agglomération,Hors intersection,Temps éblouissant,Autre collision,,,,,,,,,,,1,2,1,7,6
200800043240,0008-08-24 00:20:00,8,8,24,0,20,920,40,ROUGET DE L'ISLE,,,Nuit avec éclairage allumé,En agglomération,Intersection en X,Normale,Deux véhicules - côté,,,,,,,,,,,5,2,2,1,3
200800043241,0008-08-04 18:10:00,8,8,4,18,10,920,44,MICHELET (QUAI) 58 A90,,,Crépuscule ou aube,En agglomération,Hors intersection,Normale,Deux véhicules - arrière,,,,,,,,,,,2,2,1,1,2
200800043242,0008-08-10 13:12:00,8,8,10,13,12,920,44,"NR, ANA.FRANCE(RUE) 141+",,,Plein jour,En agglomération,Intersection en X,Normale,Deux véhicules - côté,,,,,,,,,,,1,2,2,1,3
200800043243,0008-08-21 08:25:00,8,8,21,8,25,920,44,"36, CARNOT(RUE)1A41 ET 2",,,Plein jour,En agglomération,Intersection en X,Normale,Deux véhicules - côté,,,,,,,,,,,1,2,2,1,3
200800043244,0008-08-28 17:50:00,8,8,28,17,50,920,44,"78, VIC. HUGO(RUE)001A06",,,Plein jour,En agglomération,Intersection en X,Temps couvert,Autre collision,,,,,,,,,,,1,2,2,8,6
200800043245,0008-08-17 21:25:00,8,8,17,21,25,920,48,"., PATTE D'OIE (CARREFOU",,,Crépuscule ou aube,Hors agglomération,Hors intersection,Normale,Sans collision,,,,,,,,,,,2,1,1,1,7
200800043246,0008-08-01 10:00:00,8,8,1,10,0,920,20,GAY-LUSSAC RUE N° IMPAIR,,,Plein jour,En agglomération,Intersection en X,Normale,Deux véhicules - arrière,,,,,,,,,,,1,2,2,1,2
200800043247,0008-08-01 11:35:00,8,8,1,11,35,920,20,"1 bis, ESTIENNE D'ORVES",,,Plein jour,En agglomération,Hors intersection,Normale,Autre collision,,,,,,,,,,,1,2,1,1,6
200800043248,0008-08-02 18:40:00,8,8,2,18,40,920,49,"63, BROSSOLETTE AVENUE P",,,Plein jour,En agglomération,Hors intersection,Normale,Sans collision,,,,,,,,,,,1,2,1,1,7
200800043249,0008-08-02 17:20:00,8,8,2,17,20,920,49,"76, REPUBLIQUE AVENUE DE",,,Plein jour,En agglomération,Hors intersection,Normale,Autre collision,,,,,,,,,,,1,2,1,1,6
200800043250,0008-08-08 20:15:00,8,8,8,20,15,920,49,BRIAND AVENUE ARISTIDE N,,,Plein jour,En agglomération,Hors intersection,Normale,Deux véhicules - côté,,,,,,,,,,,1,2,1,1,3
200800043251,0008-08-08 13:15:00,8,8,8,13,15,920,20,REPUBLIQUE AV. N°1 A 25,,,Plein jour,En agglomération,Intersection en X,Normale,Sans collision,,,,,,,,,,,1,2,2,1,7
200800043252,0008-08-12 17:30:00,8,8,12,17,30,920,49,JAURES AVENUE JEAN N°52,,,Plein jour,En agglomération,Intersection en X,Normale,Deux véhicules - côté,,,,,,,,,,,1,2,2,1,3
200800043253,0008-08-25 16:30:00,8,8,25,16,30,920,49,"130, BRIAND AVENUE ARIST",,,Plein jour,En agglomération,Hors intersection,Normale,Autre collision,,,,,,,,,,,1,2,1,1,6
200800043254,0008-08-31 18:40:00,8,8,31,18,40,920,20,REPUBLIQUE AV. AUTRES N°,,,Plein jour,En agglomération,Hors intersection,Normale,Autre collision,,,,,,,,,,,1,2,1,1,6
200800043255,0008-08-06 12:50:00,8,8,6,12,50,920,50,BOUVETS BOULEVARD DES,,,Plein jour,En agglomération,Intersection à plus de 4 branches,Normale,Deux véhicules - frontale,,,,,,,,,,,1,2,5,1,1
200800043256,0008-08-07 21:00:00,8,8,7,21,0,920,50,BOULE PLACE DE LA,,,Plein jour,En agglomération,Hors intersection,Normale,Sans collision,,,,,,,,,,,1,2,1,1,7
200800043257,0008-08-13 12:00:00,8,8,13,12,0,920,50,"90, PICASSO PABLO AVENUE",,,Plein jour,En agglomération,Hors intersection,Normale,Deux véhicules - côté,,,,,,,,,,,1,2,1,1,3
200800043258,0008-08-19 19:20:00,8,8,19,19,20,920,50,COURBEVOIE RUE DE,,,Plein jour,En agglomération,Intersection en X,Normale,Autre collision,,,,,,,,,,,1,2,2,1,6
200800043259,0008-08-30 20:15:00,8,8,30,20,15,920,50,"27, MARTIN HENRI AVENUE",,,Nuit sans éclairage public,En agglomération,Hors intersection,Pluie légère,Autre collision,,,,,,,,,,,3,2,1,2,6
200800043260,0008-08-30 12:55:00,8,8,30,12,55,920,51,"75, BOURDON (BOULEVARD)",,,Plein jour,En agglomération,Hors intersection,Normale,Sans collision,,,,,,,,,,,1,2,1,1,7
200800043261,0008-08-07 15:00:00,8,8,7,15,0,920,51,"127, CHARLES DE GAULLE (",,,Plein jour,En agglomération,Hors intersection,Normale,Deux véhicules - côté,,,,,,,,,,,1,2,1,1,3
200800043262,0008-08-04 18:45:00,8,8,4,18,45,920,62,"108, GENERAL DE GAULLE (",,,Plein jour,En agglomération,Intersection en T,Normale,Deux véhicules - côté,,,,,,,,,,,1,2,3,1,3
200800043263,0008-08-06 15:30:00,8,8,6,15,30,920,62,"00, GENERAL DE GAULLE (A",,,Plein jour,En agglomération,Intersection en X,Normale,Deux véhicules - côté,,,,,,,,,,,1,2,2,1,3
200800043264,0008-08-25 13:20:00,8,8,25,13,20,920,62,"55, GENERAL DE GAULLE (A",,,Plein jour,En agglomération,Hors intersection,Normale,Autre collision,,,,,,,,,,,1,2,1,1,6
200800043265,0008-08-06 21:50:00,8,8,6,21,50,920,63,"24, GALLIENI (RUE)",,,Crépuscule ou aube,En agglomération,Hors intersection,Normale,Autre collision,,,,,,,,,,,2,2,1,1,6
200800043266,0008-08-12 18:15:00,8,8,12,18,15,920,63,CHATOU (PONT DE),,,Plein jour,Hors agglomération,Hors intersection,Normale,Trois véhicules et plus - en chaîne,,,,,,,,,,,1,1,1,1,4
200800043267,0008-08-14 17:20:00,8,8,14,17,20,920,63,"25, SOLFERINO (BOULEVARD",,,Plein jour,En agglomération,Hors intersection,Normale,Deux véhicules - arrière,,,,,,,,,,,1,2,1,1,2
200800043268,0008-08-21 00:50:00,8,8,21,0,50,920,63,HOPITAL STELL (BOULEVARD,,,Nuit avec éclairage allumé,En agglomération,Intersection en T,Normale,Autre collision,,,,,,,,,,,5,2,3,1,6
200800043269,0008-08-23 06:15:00,8,8,23,6,15,920,63,DOUMER (AVENUE PAUL) EST,,,Crépuscule ou aube,En agglomération,Intersection en T,Normale,Deux véhicules - côté,,,,,,,,,,,2,2,3,1,3
200800043270,0008-08-01 09:50:00,8,8,1,9,50,920,64,"2055, MARCEL DASSAULT",,,Plein jour,En agglomération,Hors intersection,Normale,Deux véhicules - arrière,,,,,,,,,,,1,2,1,1,2
200800043271,0008-08-02 18:45:00,8,8,2,18,45,920,64,GOUNOD,,,Plein jour,En agglomération,Intersection en T,Temps éblouissant,Deux véhicules - côté,,,,,,,,,,,1,2,3,7,3
200800043272,0008-08-19 10:54:00,8,8,19,10,54,920,47,"39, REPUBLIQUE",,,Plein jour,En agglomération,Hors intersection,Normale,Deux véhicules - arrière,,,,,,,,,,,1,2,1,1,2
200800043273,0008-08-30 18:00:00,8,8,30,18,0,920,76,"02, GARE SNCF",,,Plein jour,En agglomération,Hors intersection,Normale,Sans collision,,,,,,,,,,,1,2,1,1,7
200800043274,0008-08-31 05:30:00,8,8,31,5,30,920,72,"., SEVRES (PONT DE)",,,Nuit sans éclairage public,En agglomération,Hors intersection,Normale,Sans collision,,,,,,,,,,,3,2,1,1,7
200800043275,0008-08-04 08:20:00,8,8,4,8,20,920,73,"196, WASHINGTON (BOULEVA",,,Plein jour,En agglomération,Hors intersection,Normale,Sans collision,,,,,,,,,,,1,2,1,1,7
200800043276,0008-08-06 13:20:00,8,8,6,13,20,920,73,"35, JAURES (AVENUE JEAN)",,,Plein jour,En agglomération,Hors intersection,Normale,Autre collision,,,,,,,,,,,1,2,1,1,6
200800043277,0008-08-22 18:35:00,8,8,22,18,35,920,73,"190, WASHINGTON (BOULEVA",,,Plein jour,En agglomération,Hors intersection,Pluie légère,Sans collision,,,,,,,,,,,1,2,1,2,7
200800043278,0008-08-07 09:00:00,8,8,7,9,0,920,46,"20, PIERRE BROSSOLETTE",,,Plein jour,En agglomération,Hors intersection,Normale,Deux véhicules - côté,,,,,,,,,,,1,2,1,1,3
200800043279,0008-08-25 17:55:00,8,8,25,17,55,920,46,EUGENE VARLIN,,,Plein jour,En agglomération,Intersection en X,Normale,Autre collision,,,,,,,,,,,1,2,2,1,6
200800043280,0008-08-27 15:10:00,8,8,27,15,10,920,46,"6, BERANGER (RUE)",,,Plein jour,En agglomération,Hors intersection,Normale,Autre collision,,,,,,,,,,,1,2,1,1,6
200800043281,0008-08-09 18:45:00,8,8,9,18,45,920,78,"54, CHARLES DE GAULLE (B",,,Plein jour,En agglomération,Hors intersection,Normale,Deux véhicules - côté,,,,,,,,,,,1,2,1,1,3
200800043282,0008-08-30 19:30:00,8,8,30,19,30,920,78,"37-39, HAUT DE LA NOUE (",,,Plein jour,En agglomération,Hors intersection,Normale,Autre collision,,,,,,,,,,,1,2,1,1,6
200800043283,0008-08-04 08:35:00,8,8,4,8,35,920,62,"1, RUE PIERRE GAUDIN",,,Plein jour,En agglomération,Hors intersection,Pluie légère,Sans collision,,,,,,,,,,,1,2,1,2,7
200800043284,0008-08-21 11:30:00,8,8,21,11,30,920,62,"1, BOULEVARD PIERRE GAUD",,,Plein jour,En agglomération,Hors intersection,Normale,Sans collision,,,,,,,,,,,1,2,1,1,7
200800043285,0008-08-22 18:45:00,8,8,22,18,45,920,26,BOULEVARD CIRCULAIRE,,,Plein jour,En agglomération,Intersection en X,Normale,Sans collision,,,,,,,,,,,1,2,2,1,7
200800043286,0008-08-29 09:30:00,8,8,29,9,30,920,62,"1, SCULPTEURS (VOIE DES)",,,Plein jour,En agglomération,Hors intersection,Normale,Deux véhicules - frontale,,,,,,,,,,,1,2,1,1,1
200800043287,0008-08-01 13:20:00,8,8,1,13,20,930,1,"1, ADRIEN AGNES (QUAI)",,,Plein jour,En agglomération,Hors intersection,Normale,Trois véhicules et plus - en chaîne,,,,,,,,,,,1,2,1,1,4
200800043288,0008-08-05 21:18:00,8,8,5,21,18,930,1,"78, EDOUARD VAILLANT (BL",,,Crépuscule ou aube,En agglomération,Hors intersection,Normale,Deux véhicules - côté,,,,,,,,,,,2,2,1,1,3
200800043289,0008-08-08 16:10:00,8,8,8,16,10,930,1,"41, EDOUARD VAILLANT (BL",,,Plein jour,En agglomération,Hors intersection,Normale,Deux véhicules - côté,,,,,,,,,,,1,2,1,1,3
200800043290,0008-08-09 17:00:00,8,8,9,17,0,930,1,"1, HENRI BARBUSSE (RUE)",,,Plein jour,En agglomération,Hors intersection,Normale,Autre collision,,,,,,,,,,,1,2,1,1,6
200800043291,0008-08-14 13:55:00,8,8,14,13,55,930,1,"117, VICTOR HUGO (AVE)",,,Plein jour,En agglomération,Hors intersection,Normale,Deux véhicules - côté,,,,,,,,,,,1,2,1,1,3
200800043292,0008-08-15 23:55:00,8,8,15,23,55,930,1,COMMUNE DE PARIS (RUE DE,,,Nuit avec éclairage allumé,En agglomération,Hors intersection,Normale,Sans collision,,,,,,,,,,,5,2,1,1,7
200800043293,0008-08-20 17:40:00,8,8,20,17,40,930,1,"1, DANIELLE CASANOVA (RU",,,Plein jour,En agglomération,Intersection à plus de 4 branches,Normale,Deux véhicules - frontale,,,,,,,,,,,1,2,5,1,1
200800043294,0008-08-22 06:55:00,8,8,22,6,55,930,1,FELIX FAURE (BLD) 120 A,,,Crépuscule ou aube,En agglomération,Intersection en T,Pluie légère,Deux véhicules - côté,,,,,,,,,,,2,2,3,2,3
200800043295,0008-08-27 09:30:00,8,8,27,9,30,930,1,JEAN JAURES (AVE) 55 A 1,,,Plein jour,En agglomération,Hors intersection,Normale,Deux véhicules - côté,,,,,,,,,,,1,2,1,1,3
200800043296,0008-08-27 19:40:00,8,8,27,19,40,930,1,"1, COMMANDANT L'HERMINIE",,,Plein jour,En agglomération,Hors intersection,Normale,Autre collision,,,,,,,,,,,1,2,1,1,6
200800043297,0008-08-29 07:30:00,8,8,29,7,30,930,1,STAINS (PONT DE),,,Plein jour,En agglomération,Hors intersection,Normale,Deux véhicules - côté,,,,,,,,,,,1,2,1,1,3
200800043298,0008-08-30 21:20:00,8,8,30,21,20,930,1,"X, LANDY (RUE DU) => 16/",,,Crépuscule ou aube,En agglomération,Intersection en X,Normale,Deux véhicules - frontale,,,,,,,,,,,2,2,2,1,1
200800043299,0008-08-01 09:30:00,8,8,1,9,30,930,5,"13, JEAN CHARCOT [CD115]",,,Plein jour,En agglomération,Hors intersection,Normale,Deux véhicules - arrière,,,,,,,,,,,1,2,1,1,2
200800043300,0008-08-10 13:30:00,8,8,10,13,30,930,5,"32, MOULIN DE LA VILLE (",,,Plein jour,En agglomération,Hors intersection,Normale,Deux véhicules - frontale,,,,,,,,,,,1,2,1,1,1
200800043301,0008-08-16 22:40:00,8,8,16,22,40,930,5,MITRY [CD115] (ROUTE DE),,,Nuit sans éclairage public,En agglomération,Hors intersection,Normale,Deux véhicules - frontale,,,,,,,,,,,3,2,1,1,1
200800043302,0008-08-24 07:50:00,8,8,24,7,50,930,5,"néant, VILLE NEUVE (RUE",,,Plein jour,En agglomération,Intersection en X,Temps couvert,Autre collision,,,,,,,,,,,1,2,2,8,6
200800043303,0008-08-26 23:20:00,8,8,26,23,20,930,5,JULES PRINCET [CD115] (R,,,Nuit avec éclairage allumé,En agglomération,Intersection en T,Normale,Deux véhicules - côté,,,,,,,,,,,5,2,3,1,3
200800043304,0008-08-30 07:30:00,8,8,30,7,30,930,5,"neant, SUZANNE LENGLEN (",,,Crépuscule ou aube,En agglomération,Intersection en T,Normale,Autre collision,,,,,,,,,,,2,2,3,1,6
200800043305,0008-08-13 18:45:00,8,8,13,18,45,930,7,"""PAUL VAILLANT COUTURIER",,,Plein jour,En agglomération,Intersection en T,Normale,Deux véhicules - côté,,,,,,,,,,,1,2,3,1,3
200800043306,0008-08-14 15:40:00,8,8,14,15,40,930,7,CHARLES FLOQUET (AVENUE),,,Plein jour,En agglomération,Intersection en X,Pluie légère,Deux véhicules - côté,,,,,,,,,,,1,2,2,2,3
200800043307,0008-08-22 00:01:00,8,8,22,0,1,930,7,"""PAUL VAILLANT COUTURIER",,,Nuit avec éclairage allumé,En agglomération,Hors intersection,Pluie légère,Deux véhicules - arrière,,,,,,,,,,,5,2,1,2,2
200800043308,0008-08-02 21:10:00,8,8,2,21,10,930,8,LENINE (BOULEVARD),,,Crépuscule ou aube,En agglomération,Intersection en T,Normale,Autre collision,,,,,,,,,,,2,2,3,1,6
200800043309,0008-08-02 20:30:00,8,8,2,20,30,930,8,LENINE (BOULEVARD),,,Plein jour,En agglomération,Intersection en T,Normale,Deux véhicules - côté,,,,,,,,,,,1,2,3,1,3
200800043310,0008-08-05 18:00:00,8,8,5,18,0,930,8,"24, BARBUSSE (AVENUE HEN",,,Plein jour,En agglomération,Hors intersection,Normale,Deux véhicules - côté,,,,,,,,,,,1,2,1,1,3
200800043311,0008-08-06 19:30:00,8,8,6,19,30,930,8,"173, VAILLANT COUTURIER",,,Plein jour,En agglomération,Hors intersection,Normale,Deux véhicules - arrière,,,,,,,,,,,1,2,1,1,2
200800043312,0008-08-07 03:45:00,8,8,7,3,45,930,8,"144, BARBUSSE (AVENUE HE",,,Nuit avec éclairage allumé,En agglomération,Hors intersection,Normale,Deux véhicules - arrière,,,,,,,,,,,5,2,1,1,2
200800043313,0008-08-10 20:30:00,8,8,10,20,30,930,8,VAILLANT COUTURIER (AVEN,,,Plein jour,En agglomération,Hors intersection,Normale,Trois véhicules et plus - collisions multiples,,,,,,,,,,,1,2,1,1,5
200800043314,0008-08-13 11:52:00,8,8,13,11,52,930,8,TAILLEFERRE (RUE GERMAIN,,,Plein jour,En agglomération,Intersection en T,Normale,Deux véhicules - côté,,,,,,,,,,,1,2,3,1,3
200800043315,0008-08-14 12:00:00,8,8,14,12,0,930,8,ZAC DE LA VACHE A L'AISE,,,Plein jour,En agglomération,Hors intersection,Normale,Autre collision,,,,,,,,,,,1,2,1,1,6
200800043316,0008-08-19 15:30:00,8,8,19,15,30,930,8,"2, VIENNE (RUE DE)",,,Plein jour,En agglomération,Hors intersection,Normale,Autre collision,,,,,,,,,,,1,2,1,1,6
200800043317,0008-08-27 08:00:00,8,8,27,8,0,930,8,"1, MADELEINE (CHEMIN DE",,,Plein jour,En agglomération,Hors intersection,Normale,Deux véhicules - frontale,,,,,,,,,,,1,2,1,1,1
200800043318,0008-08-27 19:00:00,8,8,27,19,0,930,8,LENINE (BOULEVARD),,,Plein jour,En agglomération,Intersection en T,Normale,Deux véhicules - côté,,,,,,,,,,,1,2,3,1,3
200800043319,0008-08-28 09:50:00,8,8,28,9,50,930,8,PARIS (RUE DE),,,Plein jour,En agglomération,Hors intersection,Normale,Deux véhicules - arrière,,,,,,,,,,,1,2,1,1,2
200800043320,0008-08-02 20:50:00,8,8,2,20,50,930,10,"ignore, GALLIENI (AV.) D",,,Plein jour,En agglomération,Intersection en X,Normale,Autre collision,,,,,,,,,,,1,2,2,1,6
200800043321,0008-08-02 12:25:00,8,8,2,12,25,930,57,"53, BRIAND ( AV. ARISTID",,,Plein jour,En agglomération,Hors intersection,Pluie légère,Deux véhicules - arrière,,,,,,,,,,,1,2,1,2,2
200800043322,0008-08-12 13:05:00,8,8,12,13,5,930,57,"ignore, CASANOVA (AL. DA",,,Plein jour,En agglomération,Intersection en X,Normale,Deux véhicules - côté,,,,,,,,,,,1,2,2,1,3
200800043323,0008-08-17 21:50:00,8,8,17,21,50,930,10,"13, POLISSARD (RUE AUGUS",,,Nuit avec éclairage allumé,En agglomération,Hors intersection,Normale,Deux véhicules - côté,,,,,,,,,,,5,2,1,1,3
200800043324,0008-08-18 14:40:00,8,8,18,14,40,930,10,"IGNORE, MOULIN (AV. JEAN",,,Plein jour,En agglomération,Hors intersection,Normale,Deux véhicules - arrière,,,,,,,,,,,1,2,1,1,2
200800043325,0008-08-31 14:40:00,8,8,31,14,40,930,10,"184, ROSNY (AV. DE)",,,Plein jour,En agglomération,Intersection en X,Normale,Autre collision,,,,,,,,,,,1,2,2,1,6
200800043326,0008-08-04 08:25:00,8,8,4,8,25,930,27,VAILLANT-COUTURIER (AVEN,,,Plein jour,En agglomération,Hors intersection,Pluie légère,Deux véhicules - frontale,,,,,,,,,,,1,2,1,2,1
200800043327,0008-08-02 19:40:00,8,8,2,19,40,930,27,", RENARD (RUE EDOUARD)",,,Plein jour,En agglomération,Intersection en X,Normale,Deux véhicules - côté,,,,,,,,,,,1,2,2,1,3
200800043328,0008-08-09 05:50:00,8,8,9,5,50,930,27,"00, CONVENTION (RUE DE L",,,Crépuscule ou aube,En agglomération,Intersection en X,Normale,Autre collision,,,,,,,,,,,2,2,2,1,6
200800043329,0008-08-14 18:00:00,8,8,14,18,0,930,29,BOIS DE GROSLAY (DES),,,Plein jour,En agglomération,Intersection en X,Normale,Deux véhicules - côté,,,,,,,,,,,1,2,2,1,3
200800043330,0008-08-24 18:36:00,8,8,24,18,36,930,29,"151, HENRI BARBUSSE (AVE",,,Plein jour,En agglomération,Hors intersection,Normale,Deux véhicules - côté,,,,,,,,,,,1,2,1,1,3
200800043331,0008-08-01 13:50:00,8,8,1,13,50,930,31,"0, DE LATTRE DE TASSIGNY",,,Plein jour,En agglomération,Intersection en T,Normale,Deux véhicules - côté,,,,,,,,,,,1,2,3,1,3
200800043332,0008-08-09 15:10:00,8,8,9,15,10,930,31,"77, FELIX MERLIN",,,Plein jour,En agglomération,Intersection en T,Normale,Deux véhicules - côté,,,,,,,,,,,1,2,3,1,3
200800043333,0008-08-12 16:20:00,8,8,12,16,20,930,79,"21 bis, EDOUARD VAILLANT",,,Plein jour,En agglomération,Hors intersection,Normale,Deux véhicules - arrière,,,,,,,,,,,1,2,1,1,2