accident_id,datetime,annee,mois,jour,heure,minute,departement,commune_insee,adresse,latitude,longitude,luminosite,agglomeration,intersection,meteo,collision,nb_vehicules,nb_usagers,nb_indemnes,nb_tues,nb_blesses_hosp,nb_blesses_legers,age_cond_1,age_cond_2,veh_type_cond_1,veh_type_cond_2,lum_code,agg_code,int_code,atm_code,col_code
200800043467,0008-08-22 12:00:00,8,8,22,12,0,940,28,"0, TASSIGNY(AVE DU MAREC",,,Plein jour,En agglomération,Hors intersection,Normale,Autre collision,,,,,,,,,,,1,2,1,1,6
200800043468,0008-08-25 19:50:00,8,8,25,19,50,940,28,"0, COTONOU.(RUE DE)",,,Plein jour,Hors agglomération,Hors intersection,Normale,Sans collision,,,,,,,,,,,1,1,1,1,7
200800043469,0008-08-25 18:55:00,8,8,25,18,55,940,28,"0, POMPADOUR(CARREFOUR)",,,Plein jour,En agglomération,Giratoire,Normale,Deux véhicules - côté,,,,,,,,,,,1,2,6,1,3
200800043470,0008-08-26 17:35:00,8,8,26,17,35,940,28,"19, DUHAMEL(RUE GEORGES)",,,Plein jour,En agglomération,Hors intersection,Normale,Autre collision,,,,,,,,,,,1,2,1,1,6
200800043471,0008-08-27 20:38:00,8,8,27,20,38,940,11,BOISSY.(AVENUE DE),,,Crépuscule ou aube,En agglomération,Hors intersection,Normale,Trois véhicules et plus - collisions multiples,,,,,,,,,,,2,2,1,1,5
200800043472,0008-08-29 14:20:00,8,8,29,14,20,940,28,"0, DUHAMEL(RUE GEORGES)",,,Plein jour,En agglomération,Hors intersection,Normale,Autre collision,,,,,,,,,,,1,2,1,1,6
200800043473,0008-08-29 14:25:00,8,8,29,14,25,940,28,"0, CHOISY(ROUTE DE)",,,Plein jour,En agglomération,Hors intersection,Normale,Trois véhicules et plus - en chaîne,,,,,,,,,,,1,2,1,1,4
200800043474,0008-08-15 20:00:00,8,8,15,20,0,940,33,LOUIS AUROUX (R),,,Plein jour,En agglomération,Intersection en X,Normale,Deux véhicules - côté,,,,,,,,,,,1,2,2,1,3
200800043475,0008-08-16 10:25:00,8,8,16,10,25,940,33,LOUISE MICHEL (R),,,Plein jour,En agglomération,Intersection en T,Normale,Deux véhicules - côté,,,,,,,,,,,1,2,3,1,3
200800043476,0008-08-01 21:30:00,8,8,1,21,30,940,76,"42, JEAN JAURES (R)",,,Crépuscule ou aube,En agglomération,Hors intersection,Normale,Autre collision,,,,,,,,,,,2,2,1,1,6
200800043477,0008-08-04 18:10:00,8,8,4,18,10,940,76,"00, HENRI BARBUSSE (R)",,,Plein jour,En agglomération,Intersection en T,Normale,Sans collision,,,,,,,,,,,1,2,3,1,7
200800043478,0008-08-04 23:35:00,8,8,4,23,35,940,16,"13, ARISTIDE BRIAND (AV)",,,Nuit avec éclairage allumé,En agglomération,Hors intersection,Normale,Autre collision,,,,,,,,,,,5,2,1,1,6
200800043479,0008-08-08 20:30:00,8,8,8,20,30,940,3,"17, PAUL VAILLANT COUTUR",,,Plein jour,En agglomération,Intersection en T,Normale,Deux véhicules - côté,,,,,,,,,,,1,2,3,1,3
200800043480,0008-08-09 16:00:00,8,8,9,16,0,940,16,CAMILLE DESMOULINS (R),,,Plein jour,En agglomération,Intersection en T,Normale,Deux véhicules - côté,,,,,,,,,,,1,2,3,1,3
200800043481,0008-08-16 23:00:00,8,8,16,23,0,940,43,"42, FONTAINEBLEAU (AV DE",,,Nuit sans éclairage public,En agglomération,Hors intersection,Normale,Autre collision,,,,,,,,,,,3,2,1,1,6
200800043482,0008-08-20 11:55:00,8,8,20,11,55,940,76,MAXIME GORKI (BD),,,Plein jour,En agglomération,Intersection en T,Normale,Deux véhicules - côté,,,,,,,,,,,1,2,3,1,3
200800043483,0008-08-22 16:30:00,8,8,22,16,30,940,43,"113, FONTAINEBLEAU (AV D",,,Plein jour,En agglomération,Hors intersection,Pluie forte,Sans collision,,,,,,,,,,,1,2,1,3,7
200800043484,0008-08-27 13:00:00,8,8,27,13,0,940,3,"31, PAUL VAILLANT COUTUR",,,Plein jour,En agglomération,Hors intersection,Normale,Deux véhicules - côté,,,,,,,,,,,1,2,1,1,3
200800043485,0008-08-02 11:40:00,8,8,2,11,40,940,73,Zone SOGARIS,,,Plein jour,Hors agglomération,Hors intersection,Temps couvert,Deux véhicules - côté,,,,,,,,,,,1,1,1,8,3
200800043486,0008-08-05 16:05:00,8,8,5,16,5,940,38,PAUL VAILLANT COUTURIER,,,Plein jour,En agglomération,Hors intersection,Normale,Autre collision,,,,,,,,,,,1,2,1,1,6
200800043487,0008-08-19 18:00:00,8,8,19,18,0,940,34,EDOUARD HERRIOT (AV),,,Plein jour,En agglomération,Hors intersection,Temps couvert,Deux véhicules - côté,,,,,,,,,,,1,2,1,8,3
200800043488,0008-08-21 13:50:00,8,8,21,13,50,940,73,DOCTEUR MARIE (R DU),,,Plein jour,En agglomération,Intersection en X,Normale,Deux véhicules - côté,,,,,,,,,,,1,2,2,1,3
200800043489,0008-08-21 17:40:00,8,8,21,17,40,940,73,"28, RENE PANHARD (AV)",,,Plein jour,En agglomération,Autre intersection,Normale,Deux véhicules - côté,,,,,,,,,,,1,2,9,1,3
200800043490,0008-08-22 12:45:00,8,8,22,12,45,940,73,GEORGES HALGOULT (R),,,Plein jour,En agglomération,Hors intersection,Pluie légère,Deux véhicules - côté,,,,,,,,,,,1,2,1,2,3
200800043491,0008-08-28 10:15:00,8,8,28,10,15,940,73,DOCTEUR MARIE (R DU),,,Plein jour,En agglomération,Intersection en X,Normale,Deux véhicules - côté,,,,,,,,,,,1,2,2,1,3
200800043492,0008-08-30 08:05:00,8,8,30,8,5,940,21,"2, ARMAND PETITJEAN (R)",,,Plein jour,En agglomération,Hors intersection,Normale,Deux véhicules - côté,,,,,,,,,,,1,2,1,1,3
200800043493,0008-08-30 15:45:00,8,8,30,15,45,940,73,VERSAILLES (AV DE),,,Plein jour,En agglomération,Hors intersection,Normale,Deux véhicules - côté,,,,,,,,,,,1,2,1,1,3
200800043494,0008-08-02 14:10:00,8,8,2,14,10,940,41,"97, GEORGES GOSNAT (AV)",,,Plein jour,En agglomération,Hors intersection,Normale,Sans collision,,,,,,,,,,,1,2,1,1,7
200800043495,0008-08-12 10:30:00,8,8,12,10,30,940,41,"6 bis, VERDUN (AV DE)",,,Plein jour,En agglomération,Hors intersection,Normale,Deux véhicules - côté,,,,,,,,,,,1,2,1,1,3
200800043496,0008-08-19 15:15:00,8,8,19,15,15,940,41,"4, PIERRE BROSSOLETTE (R",,,Plein jour,En agglomération,Hors intersection,Normale,Sans collision,,,,,,,,,,,1,2,1,1,7
200800043497,0008-08-24 23:50:00,8,8,24,23,50,940,41,PENICHES (R DES),,,Nuit avec éclairage allumé,En agglomération,Hors intersection,Pluie légère,Sans collision,,,,,,,,,,,5,2,1,2,7
200800043498,0008-08-08 17:00:00,8,8,8,17,0,940,41,PAUL ANDRIEUX (R),,,Plein jour,En agglomération,Hors intersection,Normale,Sans collision,,,,,,,,,,,1,2,1,1,7
200800043499,0008-08-26 17:55:00,8,8,26,17,55,940,41,"52, AUGUSTE DESHAIES (QU",,,Plein jour,En agglomération,Hors intersection,Normale,Deux véhicules - côté,,,,,,,,,,,1,2,1,1,3
200800043500,0008-08-05 16:25:00,8,8,5,16,25,940,46,"00, GENERAL DE GAULLE (A",,,Plein jour,En agglomération,Hors intersection,Normale,Deux véhicules - côté,,,,,,,,,,,1,2,1,1,3
200800043501,0008-08-10 14:20:00,8,8,10,14,20,940,46,"00, GENERAL LECLERC (AV",,,Plein jour,En agglomération,Intersection en X,Normale,Autre collision,,,,,,,,,,,1,2,2,1,6
200800043502,0008-08-13 10:50:00,8,8,13,10,50,940,46,"00, REPUBLIQUE (AV DE LA",,,Plein jour,En agglomération,Intersection en X,Normale,Deux véhicules - côté,,,,,,,,,,,1,2,2,1,3
200800043503,0008-08-14 20:00:00,8,8,14,20,0,940,46,"., CARNOT (R)",,,Plein jour,En agglomération,Intersection en X,Normale,Deux véhicules - côté,,,,,,,,,,,1,2,2,1,3
200800043504,0008-08-01 08:30:00,8,8,1,8,30,940,52,"162-164, STRASBOURG (BD",,,Plein jour,En agglomération,Hors intersection,Normale,Trois véhicules et plus - en chaîne,,,,,,,,,,,1,2,1,1,4
200800043505,0008-08-04 09:05:00,8,8,4,9,5,940,42,JEAN MERMOZ (R),,,Plein jour,En agglomération,Hors intersection,Temps couvert,Deux véhicules - arrière,,,,,,,,,,,1,2,1,8,2
200800043506,0008-08-01 15:50:00,8,8,1,15,50,940,68,GENERAL GIRAUD (BD DU),,,Plein jour,En agglomération,Intersection en X,Normale,Deux véhicules - côté,,,,,,,,,,,1,2,2,1,3
200800043507,0008-08-01 14:30:00,8,8,1,14,30,940,68,"64, PONT DE CRETEIL (R D",,,Plein jour,En agglomération,Hors intersection,Normale,Autre collision,,,,,,,,,,,1,2,1,1,6
200800043508,0008-08-06 15:00:00,8,8,6,15,0,940,68,CRETEIL (BD DE),,,Plein jour,En agglomération,Hors intersection,Normale,Deux véhicules - côté,,,,,,,,,,,1,2,1,1,3
200800043509,0008-08-09 20:45:00,8,8,9,20,45,940,68,LOUIS BLANC (AV),,,Crépuscule ou aube,En agglomération,Hors intersection,Normale,Deux véhicules - côté,,,,,,,,,,,2,2,1,1,3
200800043510,0008-08-08 12:40:00,8,8,8,12,40,940,68,GAMBETTA (AV),,,Plein jour,En agglomération,Hors intersection,Normale,Deux véhicules - arrière,,,,,,,,,,,1,2,1,1,2
200800043511,0008-08-15 19:00:00,8,8,15,19,0,940,68,VICTOR HUGO (AV),,,Plein jour,En agglomération,Intersection en X,Normale,Deux véhicules - arrière,,,,,,,,,,,1,2,2,1,2
200800043512,0008-08-22 09:55:00,8,8,22,9,55,940,68,MAURICE BERTEAUX (BD),,,Plein jour,En agglomération,Intersection en X,Pluie légère,Deux véhicules - côté,,,,,,,,,,,1,2,2,2,3
200800043513,0008-08-31 15:40:00,8,8,31,15,40,940,68,PETIT PARC (QU DU),,,Plein jour,En agglomération,Hors intersection,Normale,Autre collision,,,,,,,,,,,1,2,1,1,6
200800043514,0008-08-29 22:30:00,8,8,29,22,30,940,68,BAC (AV DU),,,Nuit avec éclairage allumé,En agglomération,Hors intersection,Normale,Autre collision,,,,,,,,,,,5,2,1,1,6
200800043515,0008-08-10 16:40:00,8,8,10,16,40,940,78,"7BIS, CHOISY (AV DE)",,,Plein jour,En agglomération,Hors intersection,Normale,Sans collision,,,,,,,,,,,1,2,1,1,7
200800043516,0008-08-15 16:35:00,8,8,15,16,35,940,77,"125, VERDUN (COUR DE)",,,Plein jour,En agglomération,Hors intersection,Normale,Autre collision,,,,,,,,,,,1,2,1,1,6
200800043517,0008-08-13 05:05:00,8,8,13,5,5,940,77,"0, DIDIER DAURAT (rue)",,,Nuit avec éclairage allumé,En agglomération,Hors intersection,Normale,Sans collision,,,,,,,,,,,5,2,1,1,7
200800043518,0008-08-30 12:40:00,8,8,30,12,40,940,74,"74, HENRI BARBUSSE (AV)",,,Plein jour,En agglomération,Hors intersection,Normale,Sans collision,,,,,,,,,,,1,2,1,1,7
200800043519,0008-08-25 05:00:00,8,8,25,5,0,940,78,PARIS (R DE),,,Nuit avec éclairage allumé,En agglomération,Hors intersection,Pluie légère,Deux véhicules - arrière,,,,,,,,,,,5,2,1,2,2
200800043520,0008-08-22 13:25:00,8,8,22,13,25,940,78,VILLENEUVE LE ROI (PONT,,,Plein jour,En agglomération,Hors intersection,Pluie légère,Trois véhicules et plus - en chaîne,,,,,,,,,,,1,2,1,2,4
200800043521,0008-08-17 14:00:00,8,8,17,14,0,940,78,"31, REPUBLIQUE (AV DE LA",,,Plein jour,En agglomération,Hors intersection,Normale,Autre collision,,,,,,,,,,,1,2,1,1,6
200800043522,0008-08-05 20:50:00,8,8,5,20,50,940,67,"38, GENERAL DE GAULLE (A",,,Plein jour,En agglomération,Hors intersection,Normale,Sans collision,,,,,,,,,,,1,2,1,1,7
200800043523,0008-08-06 10:20:00,8,8,6,10,20,940,80,"., FAYOLLE (AV)",,,Plein jour,En agglomération,Intersection en X,Normale,Deux véhicules - côté,,,,,,,,,,,1,2,2,1,3
200800043524,0008-08-15 21:25:00,8,8,15,21,25,940,80,"57, FRANCE (R DE)",,,Nuit avec éclairage allumé,En agglomération,Hors intersection,Normale,Deux véhicules - côté,,,,,,,,,,,5,2,1,1,3
200800043525,0008-08-16 10:15:00,8,8,16,10,15,940,67,"., LAGNY (R DE)",,,Plein jour,En agglomération,Intersection en X,Normale,Deux véhicules - côté,,,,,,,,,,,1,2,2,1,3
200800043526,0008-08-07 15:50:00,8,8,7,15,50,940,81,PAUL VAILLANT COUTURIER,,,Plein jour,En agglomération,Hors intersection,Pluie légère,Autre collision,,,,,,,,,,,1,2,1,2,6
200800043527,0008-08-08 11:00:00,8,8,8,11,0,940,81,PRESIDENT SALVADOR ALLEN,,,Plein jour,En agglomération,Intersection en X,Normale,Deux véhicules - côté,,,,,,,,,,,1,2,2,1,3
200800043528,0008-08-08 15:25:00,8,8,8,15,25,940,81,FUSILLES - PONT DES FUSI,,,Plein jour,En agglomération,Intersection en X,Normale,Deux véhicules - côté,,,,,,,,,,,1,2,2,1,3
200800043529,0008-08-11 16:00:00,8,8,11,16,0,940,81,STALINGRAD (BD DE),,,Plein jour,En agglomération,Hors intersection,Normale,Deux véhicules - arrière,,,,,,,,,,,1,2,1,1,2
200800043530,0008-08-12 23:30:00,8,8,12,23,30,940,81,"Place, EUGENE PELLETAN -",,,Nuit avec éclairage allumé,En agglomération,Giratoire,Normale,Autre collision,,,,,,,,,,,5,2,6,1,6
200800043531,0008-08-14 15:20:00,8,8,14,15,20,940,81,"13 BIS, MOULIN DE SAQUET",,,Plein jour,En agglomération,Hors intersection,Normale,Autre collision,,,,,,,,,,,1,2,1,1,6
200800043532,0008-08-30 16:20:00,8,8,30,16,20,940,81,"09, FONTAINEBLEAU (RTE D",,,Plein jour,En agglomération,Hors intersection,Normale,Deux véhicules - arrière,,,,,,,,,,,1,2,1,1,2
200800043533,0008-08-01 12:45:00,8,8,1,12,45,940,11,"0, STAINS(ROUTE DE)",,,Plein jour,En agglomération,Intersection en X,Pluie légère,Deux véhicules - côté,,,,,,,,,,,1,2,2,2,3
200800043534,0008-08-02 15:40:00,8,8,2,15,40,950,18,DELAMBRE (BOULEVARD DU G,,,Plein jour,En agglomération,Hors intersection,Normale,Deux véhicules - côté,,,,,,,,,,,1,2,1,1,3
200800043535,0008-08-05 19:25:00,8,8,5,19,25,950,18,JUSTICE (RUE DE LA),,,Plein jour,En agglomération,Intersection en X,Normale,Deux véhicules - côté,,,,,,,,,,,1,2,2,1,3
200800043536,0008-08-06 00:01:00,8,8,6,0,1,950,18,ALLEMANE (BOULEVARD JEAN,,,Nuit avec éclairage allumé,En agglomération,Hors intersection,Normale,Deux véhicules - arrière,,,,,,,,,,,5,2,1,1,2
200800043537,0008-08-11 19:45:00,8,8,11,19,45,950,18,"12, LA FONTAINE (RUE JEA",,,Plein jour,En agglomération,Intersection en X,Normale,Autre collision,,,,,,,,,,,1,2,2,1,6
200800043538,0008-08-12 17:10:00,8,8,12,17,10,950,176,JOFFRE (BOULEVARD),,,Plein jour,En agglomération,Intersection en X,Normale,Sans collision,,,,,,,,,,,1,2,2,1,7
200800043539,0008-08-12 20:40:00,8,8,12,20,40,950,18,RENOIR (ALLEE AUGUSTE),,,Plein jour,En agglomération,Hors intersection,Normale,Sans collision,,,,,,,,,,,1,2,1,1,7
200800043540,0008-08-07 16:58:00,8,8,7,16,58,950,18,LECLERC (BLD DU GENERAL),,,Plein jour,En agglomération,Intersection en X,Normale,Deux véhicules - arrière,,,,,,,,,,,1,2,2,1,2
200800043541,0008-08-17 19:15:00,8,8,17,19,15,950,18,FARGES (RUE YVES),,,Plein jour,En agglomération,Hors intersection,Normale,Autre collision,,,,,,,,,,,1,2,1,1,6
200800043542,0008-08-20 19:00:00,8,8,20,19,0,950,18,ELUARD (ALLEE PAUL),,,Plein jour,En agglomération,Hors intersection,Normale,Sans collision,,,,,,,,,,,1,2,1,1,7
200800043543,0008-08-25 09:50:00,8,8,25,9,50,950,18,RD 311,,,Plein jour,En agglomération,Intersection en T,Normale,Deux véhicules - arrière,,,,,,,,,,,1,2,3,1,2
200800043544,0008-08-30 02:15:00,8,8,30,2,15,950,18,"19, PROCESSION (RUE DE L",,,Nuit avec éclairage allumé,En agglomération,Hors intersection,Normale,Sans collision,,,,,,,,,,,5,2,1,1,7
200800043545,0008-08-27 22:45:00,8,8,27,22,45,950,18,CORMEILLES (ROUTE DE),,,Nuit avec éclairage allumé,En agglomération,Hors intersection,Normale,Deux véhicules - arrière,,,,,,,,,,,5,2,1,1,2
200800043546,0008-08-28 16:40:00,8,8,28,16,40,950,18,"0, ONZE NOVEMBRE (PLACE",,,Plein jour,En agglomération,Intersection en X,Normale,Autre collision,,,,,,,,,,,1,2,2,1,6
200800043547,0008-08-06 18:50:00,8,8,6,18,50,950,18,"2, MARAIS (AVENUE DU)",,,Plein jour,En agglomération,Hors intersection,Normale,Deux véhicules - côté,,,,,,,,,,,1,2,1,1,3
200800043548,0008-08-01 21:40:00,8,8,1,21,40,950,63,GABRIEL PERI (AVENUE-1 A,,,Crépuscule ou aube,En agglomération,Hors intersection,Normale,Deux véhicules - côté,,,,,,,,,,,2,2,1,1,3
200800043549,0008-08-13 09:40:00,8,8,13,9,40,950,127,"0, BELLE HEAUMIERE (AVEN",,,Plein jour,En agglomération,Hors intersection,Normale,Deux véhicules - côté,,,,,,,,,,,1,2,1,1,3
200800043550,0008-08-11 15:20:00,8,8,11,15,20,950,127,RN 14 (PROLONGEMENT A15),,,Plein jour,Hors agglomération,Hors intersection,Normale,Deux véhicules - arrière,,,,,,,,,,,1,1,1,1,2
200800043551,0008-08-26 07:15:00,8,8,26,7,15,950,127,"0, OISE (BOULEVARD DE L'",,,Plein jour,En agglomération,Hors intersection,Normale,Deux véhicules - côté,,,,,,,,,,,1,2,1,1,3
200800043552,0008-08-02 20:35:00,8,8,2,20,35,950,428,CARRIERES    RUE DES,,,Plein jour,En agglomération,Hors intersection,Normale,Deux véhicules - côté,,,,,,,,,,,1,2,1,1,3
200800043553,0008-08-05 18:00:00,8,8,5,18,0,950,219,"170, DEUX PONTS (RUE DES",,,Plein jour,En agglomération,Hors intersection,Normale,Deux véhicules - côté,,,,,,,,,,,1,2,1,1,3
200800043554,0008-08-05 09:55:00,8,8,5,9,55,950,426,PARIS (ROUTE DE),,,Plein jour,En agglomération,Hors intersection,Normale,Autre collision,,,,,,,,,,,1,2,1,1,6
200800043555,0008-08-25 17:10:00,8,8,25,17,10,950,252,"1, JUDIC (ALLEE)",,,Plein jour,En agglomération,Intersection en T,Normale,Autre collision,,,,,,,,,,,1,2,3,1,6
200800043556,0008-08-26 20:40:00,8,8,26,20,40,950,252,GENERAL LECLERC (RUE DU),,,Crépuscule ou aube,En agglomération,Hors intersection,Normale,Autre collision,,,,,,,,,,,2,2,1,1,6
200800043557,0008-08-28 20:54:00,8,8,28,20,54,950,219,EUROPE (AVENUE DE L'),,,Plein jour,En agglomération,Hors intersection,Normale,Trois véhicules et plus - collisions multiples,,,,,,,,,,,1,2,1,1,5
200800043558,0008-08-30 16:10:00,8,8,30,16,10,950,574,LOUIS ET GERALD DONZELLE,,,Plein jour,En agglomération,Intersection en Y,Normale,Deux véhicules - côté,,,,,,,,,,,1,2,4,1,3
200800043559,0008-08-04 00:35:00,8,8,4,0,35,950,277,ARSONVAL (RUE D'),,,Plein jour,En agglomération,Intersection en X,Normale,Deux véhicules - côté,,,,,,,,,,,1,2,2,1,3
200800043560,0008-08-06 18:05:00,8,8,6,18,5,950,280,"26, SAINT JUST",,,Plein jour,En agglomération,Hors intersection,Normale,Autre collision,,,,,,,,,,,1,2,1,1,6
200800043561,0008-08-12 14:30:00,8,8,12,14,30,950,277,ARSONVAL (RUE D'),,,Plein jour,En agglomération,Intersection en X,Normale,Deux véhicules - côté,,,,,,,,,,,1,2,2,1,3
200800043562,0008-08-21 11:45:00,8,8,21,11,45,950,277,BONNEUIL (ROND POINT DE),,,Plein jour,En agglomération,Hors intersection,Normale,Deux véhicules - arrière,,,,,,,,,,,1,2,1,1,2
200800043563,0008-08-22 16:00:00,8,8,22,16,0,950,277,TULIPES (CARREFOUR DES),,,Plein jour,En agglomération,Intersection à plus de 4 branches,Pluie légère,Deux véhicules - côté,,,,,,,,,,,1,2,5,2,3
200800043564,0008-08-25 11:20:00,8,8,25,11,20,950,19,VAILLANT CHARLES (AVENUE,,,Plein jour,En agglomération,Intersection en X,Normale,Autre collision,,,,,,,,,,,1,2,2,1,6
200800043565,0008-08-25 17:20:00,8,8,25,17,20,950,280,"1, SARRAUT ALBERT (AVENU",,,Plein jour,En agglomération,Hors intersection,Normale,Autre collision,,,,,,,,,,,1,2,1,1,6
200800043566,0008-08-06 11:45:00,8,8,6,11,45,950,424,"0, VICTOR BORDIER (BOULE",,,Plein jour,En agglomération,Intersection en T,Normale,Autre collision,,,,,,,,,,,1,2,3,1,6
200800043567,0008-08-23 18:20:00,8,8,23,18,20,950,487,"16, ETIENNE DOLET",,,Plein jour,En agglomération,Hors intersection,Normale,Autre collision,,,,,,,,,,,1,2,1,1,6
200800043568,0008-08-26 22:57:00,8,8,26,22,57,950,539,RN 1 SENS PROVINCE-PARIS,,,Nuit avec éclairage allumé,Hors agglomération,Hors intersection,Normale,Sans collision,,,,,,,,,,,5,1,1,1,7
200800043569,0008-08-10 14:30:00,8,8,10,14,30,950,607,"0, DIVISION-LECLERC (AVE",,,Plein jour,En agglomération,Hors intersection,Normale,Sans collision,,,,,,,,,,,1,2,1,1,7
200800043570,0008-08-11 14:00:00,8,8,11,14,0,950,563,"00, FORGE (PLACE DE LA)",,,Plein jour,En agglomération,Hors intersection,Normale,Deux véhicules - arrière,,,,,,,,,,,1,2,1,1,2
200800043571,0008-08-01 02:32:00,8,8,1,2,32,201,4,"SANS, NATIONALE 196",,,Nuit sans éclairage public,Hors agglomération,Hors intersection,Normale,Deux véhicules - côté,,,,,,,,,,,3,1,1,1,3
200800043572,0008-08-01 07:10:00,8,8,1,7,10,201,4,ROSSINI PASCAL BD,,,Plein jour,En agglomération,Hors intersection,Temps éblouissant,Autre collision,,,,,,,,,,,1,2,1,7,6
200800043573,0008-08-04 02:15:00,8,8,4,2,15,201,4,ASPRETTO ROUTE,,,Nuit avec éclairage allumé,En agglomération,Hors intersection,Normale,Trois véhicules et plus - collisions multiples,,,,,,,,,,,5,2,1,1,5
200800043574,0008-08-07 12:10:00,8,8,7,12,10,201,4,SARTENE ANCIENNE ROUTE,,,Plein jour,Hors agglomération,Hors intersection,Normale,Deux véhicules - côté,,,,,,,,,,,1,1,1,1,3
200800043575,0008-08-07 22:55:00,8,8,7,22,55,201,4,SCAMARONI FRED BD,,,Nuit avec éclairage allumé,En agglomération,Intersection en T,Normale,Autre collision,,,,,,,,,,,5,2,3,1,6
200800043576,0008-08-08 17:23:00,8,8,8,17,23,201,4,1ER BATAILLON DE CHOC RU,,,Plein jour,En agglomération,Hors intersection,Normale,Deux véhicules - frontale,,,,,,,,,,,1,2,1,1,1
200800043577,0008-08-09 21:10:00,8,8,9,21,10,201,4,MAGNOLIAS RUE DES,,,Nuit avec éclairage allumé,En agglomération,Hors intersection,Normale,Deux véhicules - côté,,,,,,,,,,,5,2,1,1,3
200800043578,0008-08-10 21:00:00,8,8,10,21,0,201,4,MEZZAVIA ROUTE DE,,,Nuit avec éclairage allumé,En agglomération,Hors intersection,Normale,Deux véhicules - côté,,,,,,,,,,,5,2,1,1,3
200800043579,0008-08-11 16:30:00,8,8,11,16,30,201,4,CALVI  ROUTE,,,Plein jour,En agglomération,Hors intersection,Normale,Trois véhicules et plus - collisions multiples,,,,,,,,,,,1,2,1,1,5
200800043580,0008-08-14 00:12:00,8,8,14,0,12,201,4,ROSSINI PASCAL BD,,,Nuit avec éclairage allumé,En agglomération,Hors intersection,Normale,Deux véhicules - côté,,,,,,,,,,,5,2,1,1,3
200800043581,0008-08-17 03:30:00,8,8,17,3,30,201,4,SCAMARONI FRED BD,,,Nuit avec éclairage allumé,En agglomération,Intersection en X,Normale,Autre collision,,,,,,,,,,,5,2,2,1,6
200800043582,0008-08-16 13:00:00,8,8,16,13,0,201,4,VERDUN AVENUE DE,,,Plein jour,Hors agglomération,Hors intersection,Normale,Deux véhicules - frontale,,,,,,,,,,,1,1,1,1,1
200800043583,0008-08-18 22:50:00,8,8,18,22,50,201,4,MARECHAL MONCEY AVENUE,,,Nuit avec éclairage allumé,En agglomération,Intersection en T,Normale,Deux véhicules - côté,,,,,,,,,,,5,2,3,1,3
200800043584,0008-08-19 12:55:00,8,8,19,12,55,201,4,"SANS, MEZZAVIA ROUTE DE",,,Plein jour,En agglomération,Hors intersection,Normale,Deux véhicules - frontale,,,,,,,,,,,1,2,1,1,1
200800043585,0008-08-20 09:27:00,8,8,20,9,27,201,4,SARTENE ANCIENNE ROUTE,,,Plein jour,En agglomération,Hors intersection,Normale,Deux véhicules - arrière,,,,,,,,,,,1,2,1,1,2
200800043586,0008-08-21 16:58:00,8,8,21,16,58,201,4,MARECHAL JUIN AVENUE,,,Plein jour,En agglomération,Intersection en T,Normale,Trois véhicules et plus - collisions multiples,,,,,,,,,,,1,2,3,1,5
200800043587,0008-08-24 20:30:00,8,8,24,20,30,201,4,"SANS, CAMPI LOUIS BD",,,Nuit avec éclairage allumé,En agglomération,Autre intersection,Normale,Deux véhicules - côté,,,,,,,,,,,5,2,9,1,3
200800043588,0008-08-25 18:45:00,8,8,25,18,45,201,4,"SANS, MEZZAVIA ROUTE DE",,,Plein jour,En agglomération,Hors intersection,Normale,Deux véhicules - côté,,,,,,,,,,,1,2,1,1,3
200800043589,0008-08-29 15:18:00,8,8,29,15,18,201,4,"SANS, MEZZAVIA ROUTE DE",,,Plein jour,En agglomération,Hors intersection,Normale,Sans collision,,,,,,,,,,,1,2,1,1,7
200800043590,0008-08-29 20:55:00,8,8,29,20,55,201,4,PRINCE IMPERIAL COURS,,,Nuit avec éclairage allumé,En agglomération,Intersection en X,Normale,Deux véhicules - arrière,,,,,,,,,,,5,2,2,1,2
200800043591,0008-08-22 16:30:00,8,8,22,16,30,690,381,"01, QUAI JEAN MOULIN",,,Plein jour,En agglomération,Intersection en T,Normale,Autre collision,,,,,,,,,,,1,2,3,1,6
200800043592,0008-08-21 08:45:00,8,8,21,8,45,690,382,"21, QUAI DOCTEUR GAILLET",,,Plein jour,En agglomération,Hors intersection,Normale,Deux véhicules - arrière,,,,,,,,,,,1,2,1,1,2
200800043593,0008-08-01 10:20:00,8,8,1,10,20,690,382,COURS DE VERDUN PERRACHE,,,Plein jour,En agglomération,Hors intersection,Pluie légère,Autre collision,,,,,,,,,,,1,2,1,2,6
200800043594,0008-08-29 07:20:00,8,8,29,7,20,690,382,"1, QUAI JULES COURMONT",,,Plein jour,En agglomération,Hors intersection,Normale,Deux véhicules - côté,,,,,,,,,,,1,2,1,1,3
200800043595,0008-08-01 12:10:00,8,8,1,12,10,690,386,"0, AVENUE VERGUIN",,,Plein jour,En agglomération,Intersection en T,Normale,Deux véhicules - côté,,,,,,,,,,,1,2,3,1,3
200800043596,0008-08-02 07:00:00,8,8,2,7,0,690,386,"0, RUE DE CREQUI",,,Plein jour,En agglomération,Intersection en X,Normale,Deux véhicules - côté,,,,,,,,,,,1,2,2,1,3
200800043597,0008-08-04 18:30:00,8,8,4,18,30,690,386,"1, QUAI CHARLES DE GAULL",,,Plein jour,En agglomération,Hors intersection,Normale,Deux véhicules - côté,,,,,,,,,,,1,2,1,1,3
200800043598,0008-08-07 18:05:00,8,8,7,18,5,690,266,"62, AVENUE ANTOINE DE SA",,,Plein jour,En agglomération,Hors intersection,Pluie légère,Autre collision,,,,,,,,,,,1,2,1,2,6
200800043599,0008-08-08 20:40:00,8,8,8,20,40,690,383,"115, AVENUE LACASSAGNE",,,Plein jour,En agglomération,Intersection en X,Normale,Deux véhicules - côté,,,,,,,,,,,1,2,2,1,3