accident_id,datetime,annee,mois,jour,heure,minute,departement,commune_insee,adresse,latitude,longitude,luminosite,agglomeration,intersection,meteo,collision,nb_vehicules,nb_usagers,nb_indemnes,nb_tues,nb_blesses_hosp,nb_blesses_legers,age_cond_1,age_cond_2,veh_type_cond_1,veh_type_cond_2,lum_code,agg_code,int_code,atm_code,col_code
200800043600,0008-08-13 10:10:00,8,8,13,10,10,690,386,"0, AVENUE MARECHAL FOCH",,,Plein jour,En agglomération,Intersection en X,Normale,Deux véhicules - côté,,,,,,,,,,,1,2,2,1,3
200800043601,0008-08-24 15:15:00,8,8,24,15,15,690,386,"0, BOULEVARD DES BELGES",,,Plein jour,En agglomération,Intersection en T,Normale,Deux véhicules - côté,,,,,,,,,,,1,2,3,1,3
200800043602,0008-08-26 17:15:00,8,8,26,17,15,690,383,"0, COURS EUGENIE",,,Plein jour,En agglomération,Intersection en X,Normale,Deux véhicules - côté,,,,,,,,,,,1,2,2,1,3
200800043603,0008-08-08 19:25:00,8,8,8,19,25,690,383,"0, RUE VENDOME",,,Plein jour,En agglomération,Intersection en X,Normale,Deux véhicules - côté,,,,,,,,,,,1,2,2,1,3
200800043604,0008-08-17 17:00:00,8,8,17,17,0,690,383,"0, RUE DE BONNEL",,,Plein jour,En agglomération,Intersection en X,Normale,Deux véhicules - côté,,,,,,,,,,,1,2,2,1,3
200800043605,0008-08-17 19:50:00,8,8,17,19,50,690,383,"0, RUE D ARMENIE",,,Plein jour,En agglomération,Intersection en X,Normale,Trois véhicules et plus - en chaîne,,,,,,,,,,,1,2,2,1,4
200800043606,0008-08-28 16:53:00,8,8,28,16,53,690,383,"0, QUAI VICTOR AUGAGNEUR",,,Plein jour,En agglomération,Intersection en X,Normale,Deux véhicules - côté,,,,,,,,,,,1,2,2,1,3
200800043607,0008-08-30 08:50:00,8,8,30,8,50,690,387,"44, COURS GAMBETTA",,,Plein jour,En agglomération,Intersection en X,Normale,Autre collision,,,,,,,,,,,1,2,2,1,6
200800043608,0008-08-14 18:30:00,8,8,14,18,30,690,383,"0, PONT DE LA GUILLOTIER",,,Plein jour,En agglomération,Hors intersection,Normale,Autre collision,,,,,,,,,,,1,2,1,1,6
200800043609,0008-08-31 12:00:00,8,8,31,12,0,690,383,"28, COURS GAMBETTA",,,Plein jour,En agglomération,Hors intersection,Pluie légère,Autre collision,,,,,,,,,,,1,2,1,2,6
200800043610,0008-08-27 11:35:00,8,8,27,11,35,690,386,"0, RUE CUVIER",,,Plein jour,En agglomération,Hors intersection,Normale,Autre collision,,,,,,,,,,,1,2,1,1,6
200800043611,0008-08-04 18:20:00,8,8,4,18,20,690,382,"01, TREMIE 6 DU CENTRE D",,,Plein jour,En agglomération,Hors intersection,Normale,Deux véhicules - côté,,,,,,,,,,,1,2,1,1,3
200800043612,0008-08-28 08:30:00,8,8,28,8,30,940,17,A4,,,Plein jour,Hors agglomération,Hors intersection,Normale,Deux véhicules - arrière,,,,,,,,,,,1,1,1,1,2
200800043613,0008-08-29 08:30:00,8,8,29,8,30,940,18,A4,,,Plein jour,Hors agglomération,Hors intersection,Normale,Trois véhicules et plus - en chaîne,,,,,,,,,,,1,1,1,1,4
200800043614,0008-08-29 19:30:00,8,8,29,19,30,940,73,A86,,,Nuit avec éclairage allumé,Hors agglomération,Hors intersection,Normale,Deux véhicules - côté,,,,,,,,,,,5,1,1,1,3
200800043615,0008-08-02 21:35:00,8,8,2,21,35,930,63,AUTOROUTE A3,,,Crépuscule ou aube,Hors agglomération,Hors intersection,Normale,Trois véhicules et plus - collisions multiples,,,,,,,,,,,2,1,1,1,5
200800043616,0008-08-06 08:45:00,8,8,6,8,45,930,64,AUTOROUTE A86,,,Plein jour,Hors agglomération,Hors intersection,Normale,Deux véhicules - côté,,,,,,,,,,,1,1,1,1,3
200800043617,0008-08-07 06:45:00,8,8,7,6,45,920,78,AUTOROUTE A86,,,Plein jour,Hors agglomération,Hors intersection,Pluie forte,Autre collision,,,,,,,,,,,1,1,1,3,6
200800043618,0008-08-07 07:05:00,8,8,7,7,5,930,27,AUTOROUTE A1,,,Plein jour,Hors agglomération,Hors intersection,Pluie forte,Sans collision,,,,,,,,,,,1,1,1,3,7
200800043619,0008-08-07 07:50:00,8,8,7,7,50,930,10,AUTOROUTE A3,,,Plein jour,Hors agglomération,Hors intersection,Pluie forte,Autre collision,,,,,,,,,,,1,1,1,3,6
200800043620,0008-08-07 10:05:00,8,8,7,10,5,930,1,AUTOROUTE A86,,,Plein jour,Hors agglomération,Hors intersection,Pluie forte,Autre collision,,,,,,,,,,,1,1,1,3,6
200800043621,0008-08-10 23:40:00,8,8,10,23,40,950,582,RD 170,,,Nuit avec éclairage allumé,Hors agglomération,Hors intersection,Normale,Sans collision,,,,,,,,,,,5,1,1,1,7
200800043622,0008-08-12 17:25:00,8,8,12,17,25,930,10,AUTOROUTE A3,,,Plein jour,Hors agglomération,Hors intersection,Normale,Deux véhicules - arrière,,,,,,,,,,,1,1,1,1,2
200800043623,0008-08-13 12:05:00,8,8,13,12,5,930,66,AUTOROUTE A1,,,Plein jour,Hors agglomération,Hors intersection,Normale,Deux véhicules - arrière,,,,,,,,,,,1,1,1,1,2
200800043624,0008-08-18 10:30:00,8,8,18,10,30,930,78,AUTOROUTE A104,,,Plein jour,Hors agglomération,Hors intersection,Normale,Autre collision,,,,,,,,,,,1,1,1,1,6
200800043625,0008-08-22 21:35:00,8,8,22,21,35,950,218,AUTOROUTE A15,,,Nuit sans éclairage public,Hors agglomération,Hors intersection,Pluie légère,Trois véhicules et plus - collisions multiples,,,,,,,,,,,3,1,1,2,5
200800043626,0008-08-22 22:30:00,8,8,22,22,30,930,53,AUTOROUTE A103,,,Nuit sans éclairage public,Hors agglomération,Hors intersection,Normale,Deux véhicules - arrière,,,,,,,,,,,3,1,1,1,2
200800043627,0008-08-23 00:30:00,8,8,23,0,30,920,36,AUTOROUTE A86,,,Nuit sans éclairage public,Hors agglomération,Hors intersection,Pluie légère,Sans collision,,,,,,,,,,,3,1,1,2,7
200800043628,0008-08-24 23:40:00,8,8,24,23,40,930,5,AUTOROUTE A1,,,Nuit avec éclairage allumé,Hors agglomération,Hors intersection,Pluie légère,Sans collision,,,,,,,,,,,5,1,1,2,7
200800043629,0008-08-25 02:40:00,8,8,25,2,40,930,5,AUTOROUTE A3,,,Nuit sans éclairage public,Hors agglomération,Hors intersection,Pluie légère,Sans collision,,,,,,,,,,,3,1,1,2,7
200800043630,0008-08-25 05:20:00,8,8,25,5,20,950,394,AUTOROUTE A115,,,Crépuscule ou aube,Hors agglomération,Hors intersection,Pluie légère,Sans collision,,,,,,,,,,,2,1,1,2,7
200800043631,0008-08-25 06:30:00,8,8,25,6,30,950,394,AUTOROUTE A115,,,Crépuscule ou aube,Hors agglomération,Hors intersection,Pluie légère,Deux véhicules - côté,,,,,,,,,,,2,1,1,2,3
200800043632,0008-08-25 15:00:00,8,8,25,15,0,600,494,AUTOROUTE A1,,,Plein jour,Hors agglomération,Hors intersection,Normale,Sans collision,,,,,,,,,,,1,1,1,1,7
200800043633,0008-08-27 10:34:00,8,8,27,10,34,930,64,AUTOROUTE A86,,,Plein jour,Hors agglomération,Hors intersection,Normale,Deux véhicules - arrière,,,,,,,,,,,1,1,1,1,2
200800043634,0008-08-29 00:50:00,8,8,29,0,50,950,306,AUTOROUTE A15,,,Nuit sans éclairage public,Hors agglomération,Hors intersection,Normale,Sans collision,,,,,,,,,,,3,1,1,1,7
200800043635,0008-08-03 12:45:00,8,8,3,12,45,920,51,RN13,,,Plein jour,Hors agglomération,Hors intersection,Normale,Autre collision,,,,,,,,,,,1,1,1,1,6
200800043636,0008-08-06 15:00:00,8,8,6,15,0,920,23,RN186,,,Plein jour,Hors agglomération,Hors intersection,Normale,Deux véhicules - arrière,,,,,,,,,,,1,1,1,1,2
200800043637,0008-08-07 06:40:00,8,8,7,6,40,780,402,A13,,,Plein jour,Hors agglomération,Hors intersection,Pluie légère,Deux véhicules - arrière,,,,,,,,,,,1,1,1,2,2
200800043638,0008-08-08 09:40:00,8,8,8,9,40,920,50,A86,,,Plein jour,Hors agglomération,Hors intersection,Normale,Autre collision,,,,,,,,,,,1,1,1,1,6
200800043639,0008-08-07 16:41:00,8,8,7,16,41,780,297,RN12,,,Plein jour,Hors agglomération,Hors intersection,Pluie légère,Deux véhicules - côté,,,,,,,,,,,1,1,1,2,3
200800043640,0008-08-08 04:05:00,8,8,8,4,5,780,90,A13,,,Nuit sans éclairage public,Hors agglomération,Hors intersection,Temps couvert,Trois véhicules et plus - collisions multiples,,,,,,,,,,,3,1,1,8,5
200800043641,0008-08-08 07:38:00,8,8,8,7,38,920,50,A86,,,Plein jour,Hors agglomération,Hors intersection,Temps couvert,Sans collision,,,,,,,,,,,1,1,1,8,7
200800043642,0008-08-08 11:40:00,8,8,8,11,40,920,36,A86,,,Plein jour,Hors agglomération,Hors intersection,Normale,Sans collision,,,,,,,,,,,1,1,1,1,7
200800043643,0008-08-08 16:42:00,8,8,8,16,42,920,26,RN1014 Y,,,Plein jour,Hors agglomération,Hors intersection,Normale,Deux véhicules - arrière,,,,,,,,,,,1,1,1,1,2
200800043644,0008-08-11 15:40:00,8,8,11,15,40,780,322,A86 EXT,,,Plein jour,Hors agglomération,Hors intersection,Normale,Autre collision,,,,,,,,,,,1,1,1,1,6
200800043645,0008-08-18 21:45:00,8,8,18,21,45,780,321,RN12 INT,,,Nuit sans éclairage public,Hors agglomération,Hors intersection,Normale,Autre collision,,,,,,,,,,,3,1,1,1,6
200800043646,0008-08-01 06:20:00,8,8,1,6,20,620,907,AUTOROUTE A1,,,Crépuscule ou aube,Hors agglomération,Hors intersection,Normale,Deux véhicules - côté,,,,,,,,,,,2,1,1,1,3
200800043647,0008-08-01 06:30:00,8,8,1,6,30,590,609,AUTOROUTE A1,,,Crépuscule ou aube,Hors agglomération,Hors intersection,Normale,Autre collision,,,,,,,,,,,2,1,1,1,6
200800043648,0008-08-01 14:40:00,8,8,1,14,40,620,239,AUTOROUTE A16,,,Plein jour,Hors agglomération,Hors intersection,Normale,Autre collision,,,,,,,,,,,1,1,1,1,6
200800043649,0008-08-02 05:50:00,8,8,2,5,50,590,580,AUTOROUTE A25,,,Crépuscule ou aube,Hors agglomération,Hors intersection,Normale,Sans collision,,,,,,,,,,,2,1,1,1,7
200800043650,0008-08-02 14:40:00,8,8,2,14,40,590,94,AUTOROUTE A16,,,Plein jour,Hors agglomération,Hors intersection,Normale,Deux véhicules - arrière,,,,,,,,,,,1,1,1,1,2
200800043651,0008-08-03 07:30:00,8,8,3,7,30,620,193,AUTOROUTE A16,,,Plein jour,Hors agglomération,Hors intersection,Pluie forte,Autre collision,,,,,,,,,,,1,1,1,3,6
200800043652,0008-08-03 13:30:00,8,8,3,13,30,590,155,AUTOROUTE A16,,,Plein jour,Hors agglomération,Hors intersection,Normale,Autre collision,,,,,,,,,,,1,1,1,1,6
200800043653,0008-08-03 20:10:00,8,8,3,20,10,590,32,AUTOROUTE A2,,,Plein jour,Hors agglomération,Hors intersection,Pluie légère,Sans collision,,,,,,,,,,,1,1,1,2,7
200800043654,0008-08-04 17:40:00,8,8,4,17,40,590,271,AUTOROUTE A16,,,Plein jour,Hors agglomération,Hors intersection,Normale,Trois véhicules et plus - en chaîne,,,,,,,,,,,1,1,1,1,4
200800043655,0008-08-04 18:00:00,8,8,4,18,0,590,9,AUTOROUTE A22,,,Plein jour,Hors agglomération,Hors intersection,Normale,Trois véhicules et plus - en chaîne,,,,,,,,,,,1,1,1,1,4
200800043656,0008-08-07 10:40:00,8,8,7,10,40,590,271,AUTOROUTE A16,,,Plein jour,Hors agglomération,Hors intersection,Brouillard / fumée,Sans collision,,,,,,,,,,,1,1,1,5,7
200800043657,0008-08-07 18:30:00,8,8,7,18,30,590,196,AUTOROUTE A25,,,Plein jour,Hors agglomération,Hors intersection,Pluie légère,Trois véhicules et plus - en chaîne,,,,,,,,,,,1,1,1,2,4
200800043658,0008-08-08 19:40:00,8,8,8,19,40,590,515,AUTOROUTE A2,,,Plein jour,Hors agglomération,Hors intersection,Normale,Deux véhicules - arrière,,,,,,,,,,,1,1,1,1,2
200800043659,0008-08-10 21:40:00,8,8,10,21,40,590,9,AUTOROUTE A22,,,Plein jour,Hors agglomération,Hors intersection,Normale,Autre collision,,,,,,,,,,,1,1,1,1,6
200800043660,0008-08-12 08:40:00,8,8,12,8,40,590,155,AUTOROUTE A16,,,Plein jour,Hors agglomération,Hors intersection,Pluie forte,Deux véhicules - arrière,,,,,,,,,,,1,1,1,3,2
200800043661,0008-08-11 09:00:00,8,8,11,9,0,620,498,AUTOROUTE A211,,,Plein jour,Hors agglomération,Hors intersection,Pluie légère,Autre collision,,,,,,,,,,,1,1,1,2,6
200800043662,0008-08-13 14:00:00,8,8,13,14,0,590,350,AUTOROUTE A25,,,Plein jour,Hors agglomération,Hors intersection,Pluie forte,Autre collision,,,,,,,,,,,1,1,1,3,6
200800043663,0008-08-13 18:10:00,8,8,13,18,10,590,350,ROUTE NATIONALE 351,,,Plein jour,Hors agglomération,Hors intersection,Pluie forte,Trois véhicules et plus - en chaîne,,,,,,,,,,,1,1,1,3,4
200800043664,0008-08-14 21:30:00,8,8,14,21,30,590,9,ROUTE NATIONALE 227,,,Nuit avec éclairage allumé,Hors agglomération,Hors intersection,Pluie légère,Autre collision,,,,,,,,,,,5,1,1,2,6
200800043665,0008-08-15 17:45:00,8,8,15,17,45,590,386,ROUTE DEPARTEMENTALE 652,,,Plein jour,Hors agglomération,Hors intersection,Normale,Trois véhicules et plus - collisions multiples,,,,,,,,,,,1,1,1,1,5
200800043666,0008-08-16 12:20:00,8,8,16,12,20,590,580,AUTOROUTE A25,,,Plein jour,Hors agglomération,Hors intersection,Normale,Trois véhicules et plus - en chaîne,,,,,,,,,,,1,1,1,1,4
200800043667,0008-08-18 18:45:00,8,8,18,18,45,590,599,ROUTE DEPARTEMENTALE 656,,,Plein jour,Hors agglomération,Hors intersection,Normale,Deux véhicules - côté,,,,,,,,,,,1,1,1,1,3
200800043668,0008-08-19 14:35:00,8,8,19,14,35,590,560,AUTOROUTE A1,,,Plein jour,Hors agglomération,Hors intersection,Normale,Autre collision,,,,,,,,,,,1,1,1,1,6
200800043669,0008-08-19 19:05:00,8,8,19,19,5,620,193,AUTOROUTE A16,,,Plein jour,Hors agglomération,Hors intersection,Pluie légère,Deux véhicules - côté,,,,,,,,,,,1,1,1,2,3
200800043670,0008-08-22 16:50:00,8,8,22,16,50,620,587,AUTOROUTE A21,,,Plein jour,Hors agglomération,Hors intersection,Pluie légère,Deux véhicules - côté,,,,,,,,,,,1,1,1,2,3
200800043671,0008-08-22 18:50:00,8,8,22,18,50,590,350,AUTOROUTE A25,,,Plein jour,Hors agglomération,Hors intersection,Pluie légère,Autre collision,,,,,,,,,,,1,1,1,2,6
200800043672,0008-08-22 19:15:00,8,8,22,19,15,590,195,ROUTE DEPARTEMENTALE 652,,,Plein jour,Hors agglomération,Hors intersection,Normale,Autre collision,,,,,,,,,,,1,1,1,1,6
200800043673,0008-08-23 20:00:00,8,8,23,20,0,590,143,AUTOROUTE A25,,,Plein jour,Hors agglomération,Hors intersection,Normale,Autre collision,,,,,,,,,,,1,1,1,1,6
200800043674,0008-08-24 14:00:00,8,8,24,14,0,590,491,AUTOROUTE A23,,,Plein jour,Hors agglomération,Hors intersection,Normale,Autre collision,,,,,,,,,,,1,1,1,1,6
200800043675,0008-08-24 15:00:00,8,8,24,15,0,620,215,AUTOROUTE A1,,,Plein jour,Hors agglomération,Hors intersection,Pluie légère,Autre collision,,,,,,,,,,,1,1,1,2,6
200800043676,0008-08-24 23:45:00,8,8,24,23,45,590,560,AUTOROUTE A1,,,Nuit avec éclairage allumé,Hors agglomération,Hors intersection,Normale,Deux véhicules - arrière,,,,,,,,,,,5,1,1,1,2
200800043677,0008-08-25 13:15:00,8,8,25,13,15,620,907,AUTOROUTE A1,,,Plein jour,Hors agglomération,Hors intersection,Normale,Sans collision,,,,,,,,,,,1,1,1,1,7
200800043678,0008-08-31 23:20:00,8,8,31,23,20,590,646,ROUTE DEPARTEMENTALE 652,,,Nuit sans éclairage public,Hors agglomération,Hors intersection,Pluie légère,Autre collision,,,,,,,,,,,3,1,1,2,6
200800043679,0008-08-01 12:35:00,8,8,1,12,35,330,122,AUTOROUTE A 63,,,Plein jour,Hors agglomération,Hors intersection,Normale,Trois véhicules et plus - en chaîne,,,,,,,,,,,1,1,1,1,4
200800043680,0008-08-03 09:05:00,8,8,3,9,5,330,192,ROCADE A 630,,,Plein jour,Hors agglomération,Hors intersection,Normale,Deux véhicules - arrière,,,,,,,,,,,1,1,1,1,2
200800043681,0008-08-03 16:35:00,8,8,3,16,35,330,167,ROUTE NATIONALE 230,,,Plein jour,Hors agglomération,Hors intersection,Normale,Autre collision,,,,,,,,,,,1,1,1,1,6
200800043682,0008-08-05 19:10:00,8,8,5,19,10,330,39,ROCADE A 630,,,Plein jour,Hors agglomération,Hors intersection,Normale,Deux véhicules - côté,,,,,,,,,,,1,1,1,1,3
200800043683,0008-08-06 18:05:00,8,8,6,18,5,330,63,ROCADE A 630,,,Plein jour,Hors agglomération,Hors intersection,Normale,Trois véhicules et plus - en chaîne,,,,,,,,,,,1,1,1,1,4
200800043684,0008-08-08 20:55:00,8,8,8,20,55,330,162,ROCADE A 630,,,Crépuscule ou aube,Hors agglomération,Hors intersection,Normale,Deux véhicules - arrière,,,,,,,,,,,2,1,1,1,2
200800043685,0008-08-11 05:45:00,8,8,11,5,45,330,318,ROCADE A 630,,,Nuit avec éclairage allumé,Hors agglomération,Hors intersection,Pluie légère,Autre collision,,,,,,,,,,,5,1,1,2,6
200800043686,0008-08-11 09:12:00,8,8,11,9,12,330,249,AUTOROUTE A 10,,,Plein jour,Hors agglomération,Hors intersection,Pluie légère,Deux véhicules - côté,,,,,,,,,,,1,1,1,2,3
200800043687,0008-08-12 08:10:00,8,8,12,8,10,330,318,ROCADE A 630,,,Plein jour,Hors agglomération,Hors intersection,Pluie légère,Sans collision,,,,,,,,,,,1,1,1,2,7
200800043688,0008-08-19 10:00:00,8,8,19,10,0,330,550,AUTOROUTE A 62,,,Plein jour,Hors agglomération,Hors intersection,Pluie légère,Autre collision,,,,,,,,,,,1,1,1,2,6
200800043689,0008-08-12 12:30:00,8,8,12,12,30,330,318,ROCADE A 630,,,Plein jour,Hors agglomération,Hors intersection,Pluie légère,Autre collision,,,,,,,,,,,1,1,1,2,6
200800043690,0008-08-13 18:05:00,8,8,13,18,5,330,119,ROUTE NATIONALE 230,,,Plein jour,Hors agglomération,Hors intersection,Normale,Trois véhicules et plus - en chaîne,,,,,,,,,,,1,1,1,1,4
200800043691,0008-08-15 05:10:00,8,8,15,5,10,330,249,ROCADE A 630,,,Nuit avec éclairage non allumé,Hors agglomération,Hors intersection,Pluie légère,Autre collision,,,,,,,,,,,4,1,1,2,6
200800043692,0008-08-15 07:30:00,8,8,15,7,30,330,249,ROUTE NATIONALE 230,,,Plein jour,Hors agglomération,Hors intersection,Pluie légère,Autre collision,,,,,,,,,,,1,1,1,2,6
200800043693,0008-08-15 12:00:00,8,8,15,12,0,330,192,AUTOROUTE A 63,,,Plein jour,Hors agglomération,Hors intersection,Pluie légère,Deux véhicules - arrière,,,,,,,,,,,1,1,1,2,2
200800043694,0008-08-17 07:20:00,8,8,17,7,20,330,39,ROCADE A 630,,,Crépuscule ou aube,Hors agglomération,Hors intersection,Normale,Autre collision,,,,,,,,,,,2,1,1,1,6
200800043695,0008-08-19 08:55:00,8,8,19,8,55,330,249,ROUTE NATIONALE 230,,,Plein jour,Hors agglomération,Hors intersection,Pluie légère,Autre collision,,,,,,,,,,,1,1,1,2,6
200800043696,0008-08-19 08:56:00,8,8,19,8,56,330,249,ROUTE NATIONALE 230,,,Plein jour,Hors agglomération,Hors intersection,Pluie légère,Trois véhicules et plus - en chaîne,,,,,,,,,,,1,1,1,2,4
200800043697,0008-08-19 09:45:00,8,8,19,9,45,330,318,AUTOROUTE A 63,,,Plein jour,Hors agglomération,Hors intersection,Pluie légère,Autre collision,,,,,,,,,,,1,1,1,2,6
200800043698,0008-08-19 15:15:00,8,8,19,15,15,330,119,ROUTE NATIONALE 230,,,Plein jour,Hors agglomération,Hors intersection,Normale,Deux véhicules - côté,,,,,,,,,,,1,1,1,1,3
200800043699,0008-08-22 09:35:00,8,8,22,9,35,330,550,ROCADE A 630,,,Plein jour,Hors agglomération,Hors intersection,Pluie légère,Autre collision,,,,,,,,,,,1,1,1,2,6
200800043700,0008-08-22 09:30:00,8,8,22,9,30,330,65,ROUTE NATIONALE 230,,,Plein jour,Hors agglomération,Hors intersection,Pluie légère,Autre collision,,,,,,,,,,,1,1,1,2,6
200800043701,0008-08-22 09:45:00,8,8,22,9,45,330,39,ROCADE A 631,,,Plein jour,Hors agglomération,Hors intersection,Pluie légère,Autre collision,,,,,,,,,,,1,1,1,2,6
200800043702,0008-08-22 17:40:00,8,8,22,17,40,330,63,ROCADE A 630,,,Plein jour,Hors agglomération,Hors intersection,Normale,Sans collision,,,,,,,,,,,1,1,1,1,7
200800043703,0008-08-24 03:55:00,8,8,24,3,55,330,96,AUTOROUTE A 10,,,Nuit avec éclairage allumé,Hors agglomération,Hors intersection,Normale,Trois véhicules et plus - en chaîne,,,,,,,,,,,5,1,1,1,4
200800043704,0008-08-25 19:50:00,8,8,25,19,50,330,143,AUTOROUTE A 10,,,Plein jour,Hors agglomération,Hors intersection,Normale,Autre collision,,,,,,,,,,,1,1,1,1,6
200800043705,0008-08-26 09:55:00,8,8,26,9,55,330,249,ROCADE A 630,,,Plein jour,Hors agglomération,Hors intersection,Normale,Deux véhicules - arrière,,,,,,,,,,,1,1,1,1,2
200800043706,0008-08-27 10:50:00,8,8,27,10,50,330,550,ROCADE A 630,,,Plein jour,Hors agglomération,Hors intersection,Normale,Deux véhicules - côté,,,,,,,,,,,1,1,1,1,3
200800043707,0008-08-30 20:45:00,8,8,30,20,45,330,192,AUTOROUTE A 63,,,Plein jour,Hors agglomération,Hors intersection,Normale,Deux véhicules - arrière,,,,,,,,,,,1,1,1,1,2
200800043708,0008-08-31 03:05:00,8,8,31,3,5,330,65,ROUTE NATIONALE 230,,,Nuit avec éclairage allumé,Hors agglomération,Hors intersection,Pluie forte,Autre collision,,,,,,,,,,,5,1,1,3,6
200800043709,0008-08-31 07:35:00,8,8,31,7,35,330,39,ROUTE NATIONALE 230,,,Plein jour,Hors agglomération,Hors intersection,Normale,Deux véhicules - arrière,,,,,,,,,,,1,1,1,1,2
200800043710,0008-08-01 21:20:00,8,8,1,21,20,670,137,Nationale 353,,,Nuit sans éclairage public,Hors agglomération,Intersection en T,Pluie légère,Deux véhicules - côté,,,,,,,,,,,3,1,3,2,3
200800043711,0008-08-11 21:10:00,8,8,11,21,10,670,152,Route Nationale 83,,,Nuit sans éclairage public,Hors agglomération,Hors intersection,Pluie légère,Sans collision,,,,,,,,,,,3,1,1,2,7
200800043712,0008-08-12 21:17:00,8,8,12,21,17,670,482,Autoroute A.35,,,Nuit avec éclairage allumé,Hors agglomération,Hors intersection,Pluie légère,Autre collision,,,,,,,,,,,5,1,1,2,6
200800043713,0008-08-22 10:10:00,8,8,22,10,10,670,482,Autoroute A.35,,,Plein jour,Hors agglomération,Hors intersection,Autre,Deux véhicules - côté,,,,,,,,,,,1,1,1,9,3
200800043714,0008-08-24 06:00:00,8,8,24,6,0,570,96,Autoroute A30,,,Nuit sans éclairage public,Hors agglomération,Hors intersection,Temps couvert,Deux véhicules - arrière,,,,,,,,,,,3,1,1,8,2
200800043715,0008-08-27 21:10:00,8,8,27,21,10,570,474,Autoroute A31,,,Nuit avec éclairage allumé,Hors agglomération,Hors intersection,Normale,Deux véhicules - arrière,,,,,,,,,,,5,1,1,1,2
200800043716,0008-08-10 17:50:00,8,8,10,17,50,690,199,A7   7.000 A 8.630,,,Plein jour,Hors agglomération,Hors intersection,Normale,Sans collision,,,,,,,,,,,1,1,1,1,7
200800043717,0008-08-01 20:30:00,8,8,1,20,30,690,266,RD383   3.750 A 7.640,,,Crépuscule ou aube,Hors agglomération,Hors intersection,Normale,Deux véhicules - arrière,,,,,,,,,,,2,1,1,1,2
200800043718,0008-08-04 16:30:00,8,8,4,16,30,380,87,A7   20.110 A 22.950,,,Plein jour,Hors agglomération,Hors intersection,Normale,Autre collision,,,,,,,,,,,1,1,1,1,6
200800043719,0008-08-08 19:40:00,8,8,8,19,40,690,297,A47,,,Plein jour,Hors agglomération,Hors intersection,Normale,Deux véhicules - côté,,,,,,,,,,,1,1,1,1,3
200800043720,0008-08-12 14:00:00,8,8,12,14,0,690,389,BPNL   34.614 A 36.285,,,Plein jour,Hors agglomération,Hors intersection,Pluie forte,Deux véhicules - arrière,,,,,,,,,,,1,1,1,3,2
200800043721,0008-08-14 15:55:00,8,8,14,15,55,690,29,RD383   7.640 A 11.044,,,Plein jour,Hors agglomération,Hors intersection,Normale,Deux véhicules - arrière,,,,,,,,,,,1,1,1,1,2
200800043722,0008-08-15 11:00:00,8,8,15,11,0,690,256,A42     0.560 A 4.020,,,Plein jour,Hors agglomération,Hors intersection,Pluie légère,Autre collision,,,,,,,,,,,1,1,1,2,6
200800043723,0008-08-15 23:20:00,8,8,15,23,20,690,275,RN346   29.300 A 34.350,,,Nuit avec éclairage allumé,Hors agglomération,Hors intersection,Pluie légère,Sans collision,,,,,,,,,,,5,1,1,2,7
200800043724,0008-08-16 03:50:00,8,8,16,3,50,690,266,RD383   1.165 A 1.893,,,Nuit avec éclairage allumé,Hors agglomération,Hors intersection,Pluie légère,Deux véhicules - arrière,,,,,,,,,,,5,1,1,2,2
200800043725,0008-08-15 16:20:00,8,8,15,16,20,690,271,RN346   34.850 A 36.215,,,Plein jour,Hors agglomération,Hors intersection,Pluie légère,Autre collision,,,,,,,,,,,1,1,1,2,6
200800043726,0008-08-19 23:40:00,8,8,19,23,40,690,290,RN346   38.960 A 40.883,,,Nuit avec éclairage allumé,Hors agglomération,Hors intersection,Temps couvert,Autre collision,,,,,,,,,,,5,1,1,8,6
200800043727,0008-08-21 00:45:00,8,8,21,0,45,690,149,A7   3.690 A 4.270,,,Nuit avec éclairage allumé,Hors agglomération,Hors intersection,Normale,Autre collision,,,,,,,,,,,5,1,1,1,6
200800043728,0008-08-22 04:45:00,8,8,22,4,45,690,290,A43   3.865 A 9.894,,,Nuit avec éclairage allumé,Hors agglomération,Hors intersection,Normale,Sans collision,,,,,,,,,,,5,1,1,1,7
200800043729,0008-08-01 20:20:00,8,8,1,20,20,830,123,A50,,,Plein jour,Hors agglomération,Hors intersection,Normale,Autre collision,,,,,,,,,,,1,1,1,1,6
200800043730,0008-08-08 06:30:00,8,8,8,6,30,830,112,A50,,,Plein jour,Hors agglomération,Hors intersection,Normale,Deux véhicules - côté,,,,,,,,,,,1,1,1,1,3
200800043731,0008-08-10 05:20:00,8,8,10,5,20,830,137,A57,,,Nuit avec éclairage allumé,Hors agglomération,Hors intersection,Normale,Deux véhicules - côté,,,,,,,,,,,5,1,1,1,3
200800043732,0008-08-19 19:55:00,8,8,19,19,55,830,62,A570,,,Plein jour,Hors agglomération,Hors intersection,Normale,Trois véhicules et plus - en chaîne,,,,,,,,,,,1,1,1,1,4
200800043733,0008-08-21 18:00:00,8,8,21,18,0,830,137,A57,,,Plein jour,Hors agglomération,Hors intersection,Normale,Deux véhicules - arrière,,,,,,,,,,,1,1,1,1,2
200800043734,0008-08-26 07:45:00,8,8,26,7,45,830,137,A50,,,Plein jour,Hors agglomération,Hors intersection,Normale,Sans collision,,,,,,,,,,,1,1,1,1,7
200800043735,0008-08-29 22:20:00,8,8,29,22,20,830,137,A57,,,Nuit avec éclairage allumé,Hors agglomération,Hors intersection,Normale,Autre collision,,,,,,,,,,,5,1,1,1,6
200800043736,0008-08-30 03:35:00,8,8,30,3,35,830,126,A50,,,Nuit sans éclairage public,Hors agglomération,Hors intersection,Normale,Autre collision,,,,,,,,,,,3,1,1,1,6