accident_id,datetime,annee,mois,jour,heure,minute,departement,commune_insee,adresse,latitude,longitude,luminosite,agglomeration,intersection,meteo,collision,nb_vehicules,nb_usagers,nb_indemnes,nb_tues,nb_blesses_hosp,nb_blesses_legers,age_cond_1,age_cond_2,veh_type_cond_1,veh_type_cond_2,lum_code,agg_code,int_code,atm_code,col_code
200800043737,0008-08-03 14:43:00,8,8,3,14,43,130,71,A7-Sens Marseille vers L,,,Plein jour,Hors agglomération,Hors intersection,Normale,Deux véhicules - arrière,,,,,,,,,,,1,1,1,1,2
200800043738,0008-08-03 22:15:00,8,8,3,22,15,130,28,A50-Sens Toulon vers Aub,,,Plein jour,Hors agglomération,Hors intersection,Normale,Autre collision,,,,,,,,,,,1,1,1,1,6
200800043739,0008-08-04 11:45:00,8,8,4,11,45,130,5,A50-Sens Marseille vers,,,Plein jour,Hors agglomération,Hors intersection,Normale,Sans collision,,,,,,,,,,,1,1,1,1,7
200800043740,0008-08-05 21:30:00,8,8,5,21,30,130,71,A55-Sens Martigues vers,,,Nuit sans éclairage public,Hors agglomération,Hors intersection,Normale,Sans collision,,,,,,,,,,,3,1,1,1,7
200800043741,0008-08-06 12:18:00,8,8,6,12,18,130,215,A7-Sens Marseille vers L,,,Plein jour,Hors agglomération,Hors intersection,Normale,Trois véhicules et plus - en chaîne,,,,,,,,,,,1,1,1,1,4
200800043742,0008-08-07 18:30:00,8,8,7,18,30,130,214,A7-Sens Lyon vers Marsei,,,Plein jour,Hors agglomération,Hors intersection,Normale,Deux véhicules - arrière,,,,,,,,,,,1,1,1,1,2
200800043743,0008-08-06 18:45:00,8,8,6,18,45,130,211,A50-Sens Aubagne vers Ma,,,Plein jour,Hors agglomération,Hors intersection,Normale,Deux véhicules - côté,,,,,,,,,,,1,1,1,1,3
200800043744,0008-08-07 13:40:00,8,8,7,13,40,130,71,A7-Sens Marseille vers L,,,Plein jour,Hors agglomération,Hors intersection,Pluie légère,Deux véhicules - côté,,,,,,,,,,,1,1,1,2,3
200800043745,0008-08-09 22:15:00,8,8,9,22,15,130,210,A50-Sens Marseille vers,,,Nuit avec éclairage allumé,Hors agglomération,Autre intersection,Normale,Autre collision,,,,,,,,,,,5,1,9,1,6
200800043746,0008-08-10 00:15:00,8,8,10,0,15,130,117,A7-Sens Lyon vers Marsei,,,Nuit sans éclairage public,Hors agglomération,Hors intersection,Normale,Autre collision,,,,,,,,,,,3,1,1,1,6
200800043747,0008-08-10 14:55:00,8,8,10,14,55,130,106,A51-Sens Marseille vers,,,Plein jour,Hors agglomération,Hors intersection,Normale,Sans collision,,,,,,,,,,,1,1,1,1,7
200800043748,0008-08-10 16:52:00,8,8,10,16,52,130,26,A55-Sens Martigues vers,,,Plein jour,Hors agglomération,Hors intersection,Normale,Deux véhicules - arrière,,,,,,,,,,,1,1,1,1,2
200800043749,0008-08-11 02:00:00,8,8,11,2,0,130,22,A50-Sens Aubagne vers To,,,Nuit sans éclairage public,Hors agglomération,Intersection en Y,Normale,Deux véhicules - côté,,,,,,,,,,,3,1,4,1,3
200800043750,0008-08-11 13:24:00,8,8,11,13,24,130,56,A55-Sens Marseille vers,,,Plein jour,Hors agglomération,Hors intersection,Pluie légère,Deux véhicules - arrière,,,,,,,,,,,1,1,1,2,2
200800043751,0008-08-12 02:20:00,8,8,12,2,20,130,70,A50-Sens Aubagne vers Ma,,,Nuit sans éclairage public,Hors agglomération,Hors intersection,Normale,Autre collision,,,,,,,,,,,3,1,1,1,6
200800043752,0008-08-14 14:04:00,8,8,14,14,4,130,56,A55-Sens Martigues vers,,,Plein jour,Hors agglomération,Hors intersection,Normale,Autre collision,,,,,,,,,,,1,1,1,1,6
200800043753,0008-08-15 02:51:00,8,8,15,2,51,130,19,A51-Sens Aix en Provence,,,Nuit sans éclairage public,Hors agglomération,Hors intersection,Pluie légère,Autre collision,,,,,,,,,,,3,1,1,2,6
200800043754,0008-08-15 03:20:00,8,8,15,3,20,130,19,A51-Sens Aix en Provence,,,Nuit sans éclairage public,Hors agglomération,Hors intersection,Pluie légère,Trois véhicules et plus - en chaîne,,,,,,,,,,,3,1,1,2,4
200800043755,0008-08-15 06:20:00,8,8,15,6,20,130,26,A55-Sens Martigues vers,,,Nuit sans éclairage public,Hors agglomération,Hors intersection,Normale,Autre collision,,,,,,,,,,,3,1,1,1,6
200800043756,0008-08-16 07:05:00,8,8,16,7,5,130,71,A7-Sens Marseille vers L,,,Plein jour,Hors agglomération,Hors intersection,Normale,Autre collision,,,,,,,,,,,1,1,1,1,6
200800043757,0008-08-16 16:05:00,8,8,16,16,5,130,15,A51-Sens Marseille vers,,,Plein jour,Hors agglomération,Hors intersection,Normale,Sans collision,,,,,,,,,,,1,1,1,1,7
200800043758,0008-08-17 19:30:00,8,8,17,19,30,130,71,A55 - Sens Marseille ver,,,Plein jour,Hors agglomération,Hors intersection,Normale,Sans collision,,,,,,,,,,,1,1,1,1,7
200800043759,0008-08-17 20:45:00,8,8,17,20,45,130,55,A557-Liaison A7 Marseill,,,Nuit avec éclairage allumé,Hors agglomération,Hors intersection,Normale,Autre collision,,,,,,,,,,,5,1,1,1,6
200800043760,0008-08-18 17:50:00,8,8,18,17,50,130,70,A50-Sens Aubagne vers Ma,,,Plein jour,Hors agglomération,Hors intersection,Normale,Trois véhicules et plus - en chaîne,,,,,,,,,,,1,1,1,1,4
200800043761,0008-08-19 23:40:00,8,8,19,23,40,130,211,A50-Sens Aubagne vers Ma,,,Nuit avec éclairage non allumé,Hors agglomération,Hors intersection,Normale,Autre collision,,,,,,,,,,,4,1,1,1,6
200800043762,0008-08-22 10:00:00,8,8,22,10,0,130,85,A50-Sens Toulon vers Aub,,,Plein jour,Hors agglomération,Hors intersection,Normale,Sans collision,,,,,,,,,,,1,1,1,1,7
200800043763,0008-08-22 14:50:00,8,8,22,14,50,130,117,A7-Sens Marseille vers L,,,Plein jour,Hors agglomération,Hors intersection,Normale,Autre collision,,,,,,,,,,,1,1,1,1,6
200800043764,0008-08-23 16:41:00,8,8,23,16,41,130,81,A7-Sens Marseille vers L,,,Plein jour,Hors agglomération,Hors intersection,Normale,Autre collision,,,,,,,,,,,1,1,1,1,6
200800043765,0008-08-23 19:15:00,8,8,23,19,15,130,71,A7-Sens Marseille vers L,,,Plein jour,Hors agglomération,Hors intersection,Normale,Autre collision,,,,,,,,,,,1,1,1,1,6
200800043766,0008-08-26 23:10:00,8,8,26,23,10,130,1,A51-Sens Aix en Provence,,,Nuit sans éclairage public,Hors agglomération,Hors intersection,Normale,Trois véhicules et plus - en chaîne,,,,,,,,,,,3,1,1,1,4
200800043767,0008-08-28 09:05:00,8,8,28,9,5,130,210,S10CD-Sens Aubagne vers,,,Plein jour,Hors agglomération,Hors intersection,Normale,Trois véhicules et plus - en chaîne,,,,,,,,,,,1,1,1,1,4
200800043768,0008-08-28 16:45:00,8,8,28,16,45,130,215,A55-Sens Marseille vers,,,Plein jour,Hors agglomération,Hors intersection,Normale,Autre collision,,,,,,,,,,,1,1,1,1,6
200800043769,0008-08-29 09:35:00,8,8,29,9,35,130,56,A55-Sens Martigues vers,,,Plein jour,Hors agglomération,Hors intersection,Normale,Sans collision,,,,,,,,,,,1,1,1,1,7
200800043770,0008-08-29 10:18:00,8,8,29,10,18,130,85,Sens Toulon vers Aubagne,,,Plein jour,Hors agglomération,Hors intersection,Normale,Deux véhicules - côté,,,,,,,,,,,1,1,1,1,3
200800043771,0008-08-30 01:25:00,8,8,30,1,25,130,55,A55-Sens Martigues vers,,,Nuit sans éclairage public,Hors agglomération,Hors intersection,Normale,Deux véhicules - arrière,,,,,,,,,,,3,1,1,1,2
200800043772,0008-08-30 05:32:00,8,8,30,5,32,130,26,A55-Sens Marseille vers,,,Nuit sans éclairage public,Hors agglomération,Hors intersection,Normale,Autre collision,,,,,,,,,,,3,1,1,1,6
200800043773,0008-08-01 16:15:00,8,8,1,16,15,940,65,AUTOROUTE A86,,,Plein jour,Hors agglomération,Hors intersection,Normale,Deux véhicules - côté,,,,,,,,,,,1,1,1,1,3
200800043774,0008-08-02 13:40:00,8,8,2,13,40,910,64,RN 118,,,Plein jour,Hors agglomération,Hors intersection,Normale,Sans collision,,,,,,,,,,,1,1,1,1,7
200800043775,0008-08-02 20:24:00,8,8,2,20,24,910,64,RN 118,,,Plein jour,Hors agglomération,Hors intersection,Normale,Deux véhicules - arrière,,,,,,,,,,,1,1,1,1,2
200800043776,0008-08-03 19:45:00,8,8,3,19,45,910,340,RN 104,,,Plein jour,Hors agglomération,Hors intersection,Temps couvert,Autre collision,,,,,,,,,,,1,1,1,8,6
200800043777,0008-08-03 20:22:00,8,8,3,20,22,920,19,RN 385 INT,,,Plein jour,Hors agglomération,Hors intersection,Pluie forte,Autre collision,,,,,,,,,,,1,1,1,3,6
200800043778,0008-08-08 09:47:00,8,8,8,9,47,940,65,AUTOROUTE A86,,,Plein jour,Hors agglomération,Hors intersection,Normale,Deux véhicules - arrière,,,,,,,,,,,1,1,1,1,2
200800043779,0008-08-06 18:20:00,8,8,6,18,20,940,37,AUTOROUTE A6A,,,Crépuscule ou aube,Hors agglomération,Hors intersection,Normale,Sans collision,,,,,,,,,,,2,1,1,1,7
200800043780,0008-08-07 09:20:00,8,8,7,9,20,940,34,AUTOROUTE A86,,,Plein jour,Hors agglomération,Hors intersection,Normale,Trois véhicules et plus - en chaîne,,,,,,,,,,,1,1,1,1,4
200800043781,0008-08-07 15:10:00,8,8,7,15,10,910,534,RN 118,,,Plein jour,Hors agglomération,Hors intersection,Normale,Sans collision,,,,,,,,,,,1,1,1,1,7
200800043782,0008-08-08 21:35:00,8,8,8,21,35,770,495,", AUTOROUTE A5",,,Nuit sans éclairage public,Hors agglomération,Hors intersection,Normale,Sans collision,,,,,,,,,,,3,1,1,1,7
200800043783,0008-08-11 16:35:00,8,8,11,16,35,770,251,AUTOROUTE A5A,,,Plein jour,Hors agglomération,Autre intersection,Normale,Autre collision,,,,,,,,,,,1,1,9,1,6
200800043784,0008-08-11 17:10:00,8,8,11,17,10,910,340,RN 104,,,Plein jour,Hors agglomération,Hors intersection,Normale,Autre collision,,,,,,,,,,,1,1,1,1,6
200800043785,0008-08-13 17:10:00,8,8,13,17,10,910,286,AUTOROUTE A6,,,Plein jour,Hors agglomération,Hors intersection,Temps couvert,Sans collision,,,,,,,,,,,1,1,1,8,7
200800043786,0008-08-15 22:44:00,8,8,15,22,44,910,549,RN 104,,,Nuit sans éclairage public,Hors agglomération,Hors intersection,Normale,Deux véhicules - arrière,,,,,,,,,,,3,1,1,1,2
200800043787,0008-08-16 10:30:00,8,8,16,10,30,910,689,AUTOROUTE A10,,,Plein jour,Hors agglomération,Autre intersection,Normale,Autre collision,,,,,,,,,,,1,1,9,1,6
200800043788,0008-08-18 15:30:00,8,8,18,15,30,910,659,AUTOROUTE A6,,,Plein jour,Hors agglomération,Hors intersection,Normale,Deux véhicules - côté,,,,,,,,,,,1,1,1,1,3
200800043789,0008-08-19 18:50:00,8,8,19,18,50,920,19,RN 385 INT,,,Plein jour,Hors agglomération,Hors intersection,Normale,Deux véhicules - côté,,,,,,,,,,,1,1,1,1,3
200800043790,0008-08-21 18:45:00,8,8,21,18,45,910,64,RN 118,,,Plein jour,Hors agglomération,Hors intersection,Normale,Trois véhicules et plus - en chaîne,,,,,,,,,,,1,1,1,1,4
200800043791,0008-08-22 10:11:00,8,8,22,10,11,910,64,RN 118,,,Plein jour,Hors agglomération,Hors intersection,Pluie forte,Sans collision,,,,,,,,,,,1,1,1,3,7
200800043792,0008-08-22 13:20:00,8,8,22,13,20,910,689,AUTOROUTE A6B,,,Plein jour,Hors agglomération,Hors intersection,Pluie forte,Deux véhicules - arrière,,,,,,,,,,,1,1,1,3,2
200800043793,0008-08-22 21:20:00,8,8,22,21,20,940,34,AUTOROUTE A86,,,Nuit avec éclairage allumé,Hors agglomération,Hors intersection,Normale,Deux véhicules - frontale,,,,,,,,,,,5,1,1,1,1
200800043794,0008-08-26 22:29:00,8,8,26,22,29,910,570,RN 104,,,Nuit sans éclairage public,Hors agglomération,Hors intersection,Normale,Deux véhicules - côté,,,,,,,,,,,3,1,1,1,3
200800043795,0008-08-27 15:25:00,8,8,27,15,25,910,553,RN 104,,,Plein jour,Hors agglomération,Hors intersection,Normale,Deux véhicules - côté,,,,,,,,,,,1,1,1,1,3
200800043796,0008-08-28 23:20:00,8,8,28,23,20,910,235,RN 104,,,Nuit sans éclairage public,Hors agglomération,Hors intersection,Normale,Deux véhicules - arrière,,,,,,,,,,,3,1,1,1,2
200800043797,0008-08-29 16:45:00,8,8,29,16,45,910,136,AUTOROUTE A10,,,Plein jour,Hors agglomération,Hors intersection,Normale,Deux véhicules - arrière,,,,,,,,,,,1,1,1,1,2
200800043798,0008-08-29 23:45:00,8,8,29,23,45,910,521,AUTOROUTE A6,,,Nuit sans éclairage public,Hors agglomération,Hors intersection,Normale,Autre collision,,,,,,,,,,,3,1,1,1,6
200800043799,0008-08-30 15:30:00,8,8,30,15,30,940,37,AUTOROUTE A6B,,,Plein jour,Hors agglomération,Hors intersection,Normale,Deux véhicules - côté,,,,,,,,,,,1,1,1,1,3
200800043800,0008-08-31 01:43:00,8,8,31,1,43,910,235,RN 104,,,Nuit sans éclairage public,Hors agglomération,Hors intersection,Normale,Sans collision,,,,,,,,,,,3,1,1,1,7
200800043801,0008-08-20 04:50:00,8,8,20,4,50,760,351,"337, BOIS AU COQ (AVENUE",,,Nuit avec éclairage allumé,En agglomération,Hors intersection,Normale,Deux véhicules - arrière,,,,,,,,,,,5,2,1,1,2
200800043802,0008-08-21 13:00:00,8,8,21,13,0,760,351,"Néant, SOUTHAMPTON (QUAI",,,Plein jour,En agglomération,Intersection en T,Normale,Trois véhicules et plus - en chaîne,,,,,,,,,,,1,2,3,1,4
200800043803,0008-08-05 14:40:00,8,8,5,14,40,700,550,ROCADE OUEST - RD 457,,,Plein jour,Hors agglomération,Giratoire,Normale,Autre collision,,,,,,,,,,,1,1,6,1,6
200800043804,0008-08-08 13:45:00,8,8,8,13,45,700,550,PARMENTIER (RUE JEAN),,,Plein jour,En agglomération,Intersection en T,Normale,Deux véhicules - côté,,,,,,,,,,,1,2,3,1,3
200800043805,0008-08-28 21:05:00,8,8,28,21,5,700,207,"12, GAULLE (AVENUE CHARL",,,Nuit avec éclairage allumé,En agglomération,Hors intersection,Normale,Deux véhicules - frontale,,,,,,,,,,,5,2,1,1,1
200800043806,0008-08-29 15:50:00,8,8,29,15,50,700,550,"48, JAURES (RUE JEAN)",,,Plein jour,En agglomération,Intersection en T,Normale,Deux véhicules - frontale,,,,,,,,,,,1,2,3,1,1
200800043807,0008-08-04 13:58:00,8,8,4,13,58,710,76,"34, REMPART SAINT PIERRE",,,Plein jour,En agglomération,Hors intersection,Normale,Autre collision,,,,,,,,,,,1,2,1,1,6
200800043808,0008-08-12 08:15:00,8,8,12,8,15,710,153,"93, DOCTEUR REBILLARD (R",,,Plein jour,En agglomération,Hors intersection,Pluie forte,Autre collision,,,,,,,,,,,1,2,1,3,6
200800043809,0008-08-19 02:00:00,8,8,19,2,0,710,153,"5, MAZENAY (RUE DE)",,,Nuit avec éclairage allumé,En agglomération,Intersection en X,Normale,Autre collision,,,,,,,,,,,5,2,2,1,6
200800043810,0008-08-27 17:30:00,8,8,27,17,30,710,153,"8, MONTCENIS (ROUTE DE)",,,Plein jour,En agglomération,Hors intersection,Normale,Deux véhicules - arrière,,,,,,,,,,,1,2,1,1,2
200800043811,0008-08-28 13:15:00,8,8,28,13,15,710,153,VERDUN (AVENUE DE),,,Plein jour,En agglomération,Intersection en X,Normale,Deux véhicules - côté,,,,,,,,,,,1,2,2,1,3
200800043812,0008-08-01 12:10:00,8,8,1,12,10,710,270,"1, ROUTE DU GRAND SUD",,,Plein jour,En agglomération,Hors intersection,Temps couvert,Sans collision,,,,,,,,,,,1,2,1,8,7
200800043813,0008-08-01 16:20:00,8,8,1,16,20,710,270,"1, LAVOISIER (RUE)",,,Plein jour,En agglomération,Hors intersection,Pluie légère,Autre collision,,,,,,,,,,,1,2,1,2,6
200800043814,0008-08-17 12:35:00,8,8,17,12,35,710,270,"1, MISTRAL (RUE FREDERIC",,,Plein jour,En agglomération,Hors intersection,Normale,Sans collision,,,,,,,,,,,1,2,1,1,7
200800043815,0008-08-25 17:10:00,8,8,25,17,10,710,270,LYON (ROUTE DE),,,Plein jour,En agglomération,Hors intersection,Normale,Deux véhicules - côté,,,,,,,,,,,1,2,1,1,3
200800043816,0008-08-26 21:10:00,8,8,26,21,10,710,270,"113, PARIS (RUE DE)",,,Nuit avec éclairage allumé,En agglomération,Hors intersection,Normale,Deux véhicules - côté,,,,,,,,,,,5,2,1,1,3
200800043817,0008-08-26 12:10:00,8,8,26,12,10,710,270,"1, BARRE (PLACE DE LA)",,,Plein jour,En agglomération,Intersection en X,Normale,Deux véhicules - côté,,,,,,,,,,,1,2,2,1,3
200800043818,0008-08-28 09:30:00,8,8,28,9,30,710,270,"24, HUGO (RUE VICTOR)",,,Plein jour,En agglomération,Hors intersection,Normale,Autre collision,,,,,,,,,,,1,2,1,1,6
200800043819,0008-08-28 18:00:00,8,8,28,18,0,710,270,"1, CURIE (AVENUE PIERRE",,,Plein jour,En agglomération,Hors intersection,Normale,Deux véhicules - côté,,,,,,,,,,,1,2,1,1,3
200800043820,0008-08-29 17:40:00,8,8,29,17,40,710,270,"1, ROND POINT DES CRAYON",,,Plein jour,En agglomération,Giratoire,Normale,Deux véhicules - côté,,,,,,,,,,,1,2,6,1,3
200800043821,0008-08-31 00:20:00,8,8,31,0,20,710,270,"27, NEUF CLES (BOULEVARD",,,Nuit avec éclairage allumé,En agglomération,Hors intersection,Normale,Sans collision,,,,,,,,,,,5,2,1,1,7
200800043822,0008-08-05 06:00:00,8,8,5,6,0,710,306,"78, JEAN DIDIER (RUE)",,,Crépuscule ou aube,En agglomération,Hors intersection,Normale,Sans collision,,,,,,,,,,,2,2,1,1,7
200800043823,0008-08-09 23:20:00,8,8,9,23,20,710,306,", CHAROLLES (RUE DE)",,,Nuit avec éclairage allumé,En agglomération,Intersection en X,Normale,Deux véhicules - côté,,,,,,,,,,,5,2,2,1,3
200800043824,0008-08-22 13:25:00,8,8,22,13,25,710,499,SAINT VALLIER (RUE DE),,,Plein jour,Hors agglomération,Intersection en T,Normale,Deux véhicules - frontale,,,,,,,,,,,1,1,3,1,1
200800043825,0008-08-31 17:50:00,8,8,31,17,50,710,306,"23, SOISSON (RUE DE)",,,Plein jour,En agglomération,Hors intersection,Pluie forte,Deux véhicules - frontale,,,,,,,,,,,1,2,1,3,1
200800043826,0008-08-02 12:15:00,8,8,2,12,15,720,181,"445, GENESLAY FELIX (AV)",,,Plein jour,En agglomération,Hors intersection,Pluie légère,Deux véhicules - arrière,,,,,,,,,,,1,2,1,2,2
200800043827,0008-08-02 12:05:00,8,8,2,12,5,720,181,KLOTZ HENRI-PIERRE (AV),,,Plein jour,En agglomération,Intersection en T,Pluie légère,Deux véhicules - côté,,,,,,,,,,,1,2,3,2,3
200800043828,0008-08-03 22:05:00,8,8,3,22,5,720,181,LEFEUVRE HENRI AV N° IMP,,,Nuit avec éclairage allumé,En agglomération,Intersection en X,Pluie légère,Deux véhicules - côté,,,,,,,,,,,5,2,2,2,3
200800043829,0008-08-06 14:55:00,8,8,6,14,55,720,181,DURAND GEORGES (AV) N° I,,,Plein jour,En agglomération,Giratoire,Normale,Deux véhicules - côté,,,,,,,,,,,1,2,6,1,3
200800043830,0008-08-07 09:40:00,8,8,7,9,40,720,95,"04-06, SAINT MICHEL (BD)",,,Plein jour,En agglomération,Hors intersection,Normale,Autre collision,,,,,,,,,,,1,2,1,1,6
200800043831,0008-08-09 00:10:00,8,8,9,0,10,720,181,CUGNOT NICOLAS (BD),,,Nuit avec éclairage allumé,En agglomération,Hors intersection,Normale,Deux véhicules - arrière,,,,,,,,,,,5,2,1,1,2
200800043832,0008-08-11 01:40:00,8,8,11,1,40,720,181,VOLTAIRE (RUE) N° IMP 11,,,Nuit avec éclairage allumé,En agglomération,Hors intersection,Normale,Deux véhicules - arrière,,,,,,,,,,,5,2,1,1,2
200800043833,0008-08-15 13:30:00,8,8,15,13,30,720,181,33 EME MOBILE (RUE DU) N,,,Plein jour,En agglomération,Intersection en T,Normale,Deux véhicules - côté,,,,,,,,,,,1,2,3,1,3
200800043834,0008-08-15 23:15:00,8,8,15,23,15,720,181,BOEUFS MOTO CROSS (CHEMI,,,Nuit avec éclairage allumé,En agglomération,Hors intersection,Normale,Sans collision,,,,,,,,,,,5,2,1,1,7
200800043835,0008-08-16 12:10:00,8,8,16,12,10,720,181,MOULIN JEAN (BD) N° IMP,,,Plein jour,En agglomération,Hors intersection,Normale,Sans collision,,,,,,,,,,,1,2,1,1,7
200800043836,0008-08-17 11:25:00,8,8,17,11,25,720,181,"183, MAC JEAN (AV) N° IM",,,Plein jour,En agglomération,Hors intersection,Normale,Deux véhicules - arrière,,,,,,,,,,,1,2,1,1,2
200800043837,0008-08-18 21:15:00,8,8,18,21,15,720,181,"32, HUGO VICTOR (RUE) HO",,,Nuit avec éclairage allumé,En agglomération,Hors intersection,Normale,Autre collision,,,,,,,,,,,5,2,1,1,6
200800043838,0008-08-21 16:05:00,8,8,21,16,5,720,181,BARBIER (RUE),,,Plein jour,En agglomération,Hors intersection,Normale,Sans collision,,,,,,,,,,,1,2,1,1,7
200800043839,0008-08-22 03:45:00,8,8,22,3,45,720,181,"50, EICHTHAL (RUE D')",,,Nuit avec éclairage allumé,En agglomération,Hors intersection,Pluie légère,Autre collision,,,,,,,,,,,5,2,1,2,6
200800043840,0008-08-26 15:40:00,8,8,26,15,40,720,181,"74, FALCONET ETIENNE (RU",,,Plein jour,En agglomération,Hors intersection,Normale,Autre collision,,,,,,,,,,,1,2,1,1,6
200800043841,0008-08-27 09:00:00,8,8,27,9,0,720,181,"234, JAURES JEAN (AV) N°",,,Plein jour,En agglomération,Hors intersection,Normale,Deux véhicules - arrière,,,,,,,,,,,1,2,1,1,2
200800043842,0008-08-30 05:35:00,8,8,30,5,35,720,181,"64, RHIN ET DANUBE (AV)",,,Nuit avec éclairage allumé,En agglomération,Hors intersection,Normale,Autre collision,,,,,,,,,,,5,2,1,1,6
200800043843,0008-08-30 12:35:00,8,8,30,12,35,720,95,BALLON (RTE DE),,,Plein jour,Hors agglomération,Hors intersection,Normale,Deux véhicules - côté,,,,,,,,,,,1,1,1,1,3
200800043844,0008-08-30 15:30:00,8,8,30,15,30,720,181,"48, MERIMEE PROSPER (RUE",,,Plein jour,En agglomération,Hors intersection,Normale,Deux véhicules - frontale,,,,,,,,,,,1,2,1,1,1
200800043845,0008-08-30 23:45:00,8,8,30,23,45,720,181,BARTHOLDI FRED AUGUSTE (,,,Nuit avec éclairage allumé,En agglomération,Hors intersection,Normale,Deux véhicules - frontale,,,,,,,,,,,5,2,1,1,1
200800043846,0008-08-08 13:15:00,8,8,8,13,15,730,8,GRAND PORT (JUSQU'A L'HO,,,Plein jour,En agglomération,Hors intersection,Normale,Deux véhicules - frontale,,,,,,,,,,,1,2,1,1,1
200800043847,0008-08-05 10:44:00,8,8,5,10,44,730,8,DULLIN RUE CHARLES,,,Plein jour,En agglomération,Intersection en T,Normale,Autre collision,,,,,,,,,,,1,2,3,1,6
200800043848,0008-08-05 18:40:00,8,8,5,18,40,730,8,"219, CASINO RUE DU",,,Plein jour,En agglomération,Hors intersection,Normale,Autre collision,,,,,,,,,,,1,2,1,1,6
200800043849,0008-08-20 15:10:00,8,8,20,15,10,730,8,"70, BARRIER ROBERT BOULE",,,Plein jour,En agglomération,Hors intersection,Normale,Deux véhicules - côté,,,,,,,,,,,1,2,1,1,3
200800043850,0008-08-30 11:24:00,8,8,30,11,24,730,65,"1041, LANDIERS (AVENUE D",,,Plein jour,En agglomération,Hors intersection,Normale,Deux véhicules - côté,,,,,,,,,,,1,2,1,1,3
200800043851,0008-08-03 17:50:00,8,8,3,17,50,740,10,"., EUSTACHE CHAPPUIS",,,Plein jour,Hors agglomération,Hors intersection,Normale,Autre collision,,,,,,,,,,,1,1,1,1,6
200800043852,0008-08-05 18:00:00,8,8,5,18,0,740,10,GENEVE (AVENUE DE)(SECTE,,,Plein jour,En agglomération,Intersection en T,Normale,Autre collision,,,,,,,,,,,1,2,3,1,6
200800043853,0008-08-01 15:55:00,8,8,1,15,55,740,281,DE GAULLE (AV DU GAL) JU,,,Plein jour,En agglomération,Hors intersection,Pluie légère,Deux véhicules - côté,,,,,,,,,,,1,2,1,2,3
200800043854,0008-08-19 17:40:00,8,8,19,17,40,740,13,AMPHION (CHEMIN DE L'),,,Plein jour,Hors agglomération,Hors intersection,Normale,Deux véhicules - frontale,,,,,,,,,,,1,1,1,1,1
200800043855,0008-08-26 05:00:00,8,8,26,5,0,740,218,"407, RIVE (AVENUE DE LA)",,,Nuit avec éclairage allumé,En agglomération,Hors intersection,Normale,Deux véhicules - côté,,,,,,,,,,,5,2,1,1,3
200800043856,0008-08-15 17:15:00,8,8,15,17,15,740,281,MARCLAZ - DESSUS (CHEMIN,,,Plein jour,Hors agglomération,Hors intersection,Normale,Sans collision,,,,,,,,,,,1,1,1,1,7
200800043857,0008-08-30 16:39:00,8,8,30,16,39,740,218,RIVE (AVENUE DE LA)  RN5,,,Plein jour,Hors agglomération,Hors intersection,Normale,Trois véhicules et plus - en chaîne,,,,,,,,,,,1,1,1,1,4
200800043858,0008-08-30 10:35:00,8,8,30,10,35,740,13,AMPHION (CHEMIN DE L'),,,Plein jour,Hors agglomération,Hors intersection,Normale,Sans collision,,,,,,,,,,,1,1,1,1,7
200800043859,0008-08-02 01:00:00,8,8,2,1,0,760,217,"1, PUECH (JEAN)",,,Nuit avec éclairage allumé,En agglomération,Hors intersection,Normale,Deux véhicules - côté,,,,,,,,,,,5,2,1,1,3
200800043860,0008-08-08 13:15:00,8,8,8,13,15,760,349,CD 75,,,Plein jour,En agglomération,Hors intersection,Normale,Deux véhicules - frontale,,,,,,,,,,,1,2,1,1,1
200800043861,0008-08-14 15:00:00,8,8,14,15,0,760,349,"2214, GRIMALDI (RUE)",,,Plein jour,En agglomération,Intersection en T,Normale,Deux véhicules - côté,,,,,,,,,,,1,2,3,1,3
200800043862,0008-08-14 18:15:00,8,8,14,18,15,760,217,DUQUESNE (QUAI),,,Plein jour,En agglomération,Hors intersection,Normale,Autre collision,,,,,,,,,,,1,2,1,1,6
200800043863,0008-08-19 21:40:00,8,8,19,21,40,760,217,", ALBERT LAMOTTE (RUE)",,,Nuit avec éclairage allumé,En agglomération,Hors intersection,Normale,Autre collision,,,,,,,,,,,5,2,1,1,6
200800043864,0008-08-21 10:30:00,8,8,21,10,30,760,217,RN 27,,,Plein jour,En agglomération,Giratoire,Normale,Sans collision,,,,,,,,,,,1,2,6,1,7
200800043865,0008-08-22 15:11:00,8,8,22,15,11,760,217,SAINT-LAURENT (RUE DU),,,Plein jour,En agglomération,Intersection en T,Normale,Deux véhicules - frontale,,,,,,,,,,,1,2,3,1,1
200800043866,0008-08-24 09:12:00,8,8,24,9,12,760,217,"1, PRECHE (CHEMIN DU)",,,Plein jour,En agglomération,Hors intersection,Normale,Autre collision,,,,,,,,,,,1,2,1,1,6
200800043867,0008-08-12 17:13:00,8,8,12,17,13,760,231,"1, HOCHE. RUE",,,Plein jour,En agglomération,Intersection en X,Normale,Deux véhicules - côté,,,,,,,,,,,1,2,2,1,3
200800043868,0008-08-17 16:20:00,8,8,17,16,20,760,231,"1, FORET D'ELBEUF",,,Plein jour,En agglomération,Hors intersection,Normale,Sans collision,,,,,,,,,,,1,2,1,1,7
200800043869,0008-08-02 13:20:00,8,8,2,13,20,760,341,"26, CARNOT",,,Plein jour,En agglomération,Hors intersection,Normale,Autre collision,,,,,,,,,,,1,2,1,1,6