accident_id,datetime,annee,mois,jour,heure,minute,departement,commune_insee,adresse,latitude,longitude,luminosite,agglomeration,intersection,meteo,collision,nb_vehicules,nb_usagers,nb_indemnes,nb_tues,nb_blesses_hosp,nb_blesses_legers,age_cond_1,age_cond_2,veh_type_cond_1,veh_type_cond_2,lum_code,agg_code,int_code,atm_code,col_code
200800043870,0008-08-02 23:00:00,8,8,2,23,0,760,351,"101, ROGER SALENGRO",,,Nuit avec éclairage allumé,En agglomération,Hors intersection,Normale,Autre collision,,,,,,,,,,,5,2,1,1,6
200800043871,0008-08-09 04:55:00,8,8,9,4,55,760,351,"33, SOCRATE",,,Nuit avec éclairage non allumé,En agglomération,Hors intersection,Normale,Autre collision,,,,,,,,,,,4,2,1,1,6
200800043872,0008-08-11 21:25:00,8,8,11,21,25,760,351,JACQUES ANQUETIL (AVENUE,,,Crépuscule ou aube,En agglomération,Hors intersection,Normale,Sans collision,,,,,,,,,,,2,2,1,1,7
200800043873,0008-08-11 21:40:00,8,8,11,21,40,760,351,"Néant, WINSTON CHURCHILL",,,Plein jour,En agglomération,Intersection en X,Normale,Deux véhicules - arrière,,,,,,,,,,,1,2,2,1,2
200800043874,0008-08-13 01:30:00,8,8,13,1,30,760,305,"NEANT, LENINE (AVENUE)",,,Nuit avec éclairage allumé,En agglomération,Hors intersection,Normale,Autre collision,,,,,,,,,,,5,2,1,1,6
200800043875,0008-08-13 14:25:00,8,8,13,14,25,760,351,"294, BOIS AU COQ (AVENUE",,,Plein jour,En agglomération,Hors intersection,Pluie légère,Autre collision,,,,,,,,,,,1,2,1,2,6
200800043876,0008-08-16 16:05:00,8,8,16,16,5,760,351,"Néant, HEMINGWAY (ALLEE)",,,Plein jour,En agglomération,Intersection en T,Normale,Deux véhicules - côté,,,,,,,,,,,1,2,3,1,3
200800043877,0008-08-25 12:05:00,8,8,25,12,5,760,351,"Néant, JULES LECESNE",,,Plein jour,En agglomération,Intersection en X,Normale,Deux véhicules - côté,,,,,,,,,,,1,2,2,1,3
200800043878,0008-08-27 17:10:00,8,8,27,17,10,760,351,"Néant, BRIQUETIERS (DES)",,,Plein jour,En agglomération,Hors intersection,Normale,Autre collision,,,,,,,,,,,1,2,1,1,6
200800043879,0008-08-04 12:15:00,8,8,4,12,15,770,108,MITTERAND (AVENUE FRANCO,,,Plein jour,Hors agglomération,Hors intersection,Normale,Autre collision,,,,,,,,,,,1,1,1,1,6
200800043880,0008-08-07 16:20:00,8,8,7,16,20,770,479,LORRAINE (BOULEVARD DE),,,Plein jour,En agglomération,Intersection en X,Pluie légère,Deux véhicules - côté,,,,,,,,,,,1,2,2,2,3
200800043881,0008-08-21 21:40:00,8,8,21,21,40,770,108,TIR ( RUE DU ),,,Nuit avec éclairage allumé,En agglomération,Intersection en T,Normale,Autre collision,,,,,,,,,,,5,2,3,1,6
200800043882,0008-08-25 12:25:00,8,8,25,12,25,770,517,CD 404,,,Plein jour,Hors agglomération,Hors intersection,Normale,Autre collision,,,,,,,,,,,1,1,1,1,6
200800043883,0008-08-25 16:25:00,8,8,25,16,25,770,55,MENDES FRANCE (RUE PIERR,,,Plein jour,En agglomération,Hors intersection,Normale,Autre collision,,,,,,,,,,,1,2,1,1,6
200800043884,0008-08-04 18:20:00,8,8,4,18,20,770,449,"01, DANUBE ( COURS DU )",,,Plein jour,Hors agglomération,Hors intersection,Normale,Deux véhicules - frontale,,,,,,,,,,,1,1,1,1,1
200800043885,0008-08-25 15:40:00,8,8,25,15,40,770,449,"1, PENETRANTE VAL D'EURO",,,Plein jour,Hors agglomération,Hors intersection,Normale,Deux véhicules - frontale,,,,,,,,,,,1,1,1,1,1
200800043886,0008-08-08 16:30:00,8,8,8,16,30,770,132,RN 34,,,Plein jour,Hors agglomération,Hors intersection,Normale,Deux véhicules - côté,,,,,,,,,,,1,1,1,1,3
200800043887,0008-08-11 08:40:00,8,8,11,8,40,770,320,"2105, GENERAL DE GAULLE",,,Plein jour,Hors agglomération,Hors intersection,Normale,Deux véhicules - frontale,,,,,,,,,,,1,1,1,1,1
200800043888,0008-08-11 12:05:00,8,8,11,12,5,770,320,"331, GENERAL DE GAULLE (",,,Plein jour,En agglomération,Hors intersection,Normale,Deux véhicules - arrière,,,,,,,,,,,1,2,1,1,2
200800043889,0008-08-12 18:00:00,8,8,12,18,0,770,70,D 934,,,Plein jour,Hors agglomération,Intersection en T,Vent fort / tempête,Deux véhicules - côté,,,,,,,,,,,1,1,3,6,3
200800043890,0008-08-14 14:30:00,8,8,14,14,30,770,433,D 402,,,Plein jour,Hors agglomération,Hors intersection,Normale,Autre collision,,,,,,,,,,,1,1,1,1,6
200800043891,0008-08-18 18:15:00,8,8,18,18,15,770,70,D 209,,,Plein jour,Hors agglomération,Hors intersection,Normale,Deux véhicules - frontale,,,,,,,,,,,1,1,1,1,1
200800043892,0008-08-22 11:30:00,8,8,22,11,30,770,320,PARIS (AVENUE DE),,,Plein jour,En agglomération,Hors intersection,Pluie forte,Deux véhicules - côté,,,,,,,,,,,1,2,1,3,3
200800043893,0008-08-22 23:30:00,8,8,22,23,30,770,70,D 934,,,Nuit sans éclairage public,Hors agglomération,Hors intersection,Temps couvert,Sans collision,,,,,,,,,,,3,1,1,8,7
200800043894,0008-08-27 15:05:00,8,8,27,15,5,770,131,MARNE (BOULEVARD DE LA),,,Plein jour,En agglomération,Intersection en T,Normale,Deux véhicules - côté,,,,,,,,,,,1,2,3,1,3
200800043895,0008-08-28 15:30:00,8,8,28,15,30,770,330,"1, TESSAN F (AVENUE DE )",,,Plein jour,En agglomération,Hors intersection,Normale,Autre collision,,,,,,,,,,,1,2,1,1,6
200800043896,0008-08-14 18:45:00,8,8,14,18,45,770,288,"sans N°, POMPIDOU  (AVEN",,,Plein jour,En agglomération,Hors intersection,Normale,Deux véhicules - côté,,,,,,,,,,,1,2,1,1,3
200800043897,0008-08-29 12:55:00,8,8,29,12,55,770,495,D.306,,,Plein jour,En agglomération,Hors intersection,Normale,Deux véhicules - côté,,,,,,,,,,,1,2,1,1,3
200800043898,0008-08-30 23:55:00,8,8,30,23,55,770,445,"sans N°, ROUTOIRES (AVEN",,,Nuit avec éclairage allumé,Hors agglomération,Hors intersection,Normale,Deux véhicules - côté,,,,,,,,,,,5,1,1,1,3
200800043899,0008-08-04 19:15:00,8,8,4,19,15,770,291,CLAYE (ROUTE DE),,,Nuit avec éclairage allumé,En agglomération,Hors intersection,Pluie légère,Trois véhicules et plus - en chaîne,,,,,,,,,,,5,2,1,2,4
200800043900,0008-08-08 19:50:00,8,8,8,19,50,770,294,RN 2,,,Plein jour,Hors agglomération,Hors intersection,Normale,Deux véhicules - arrière,,,,,,,,,,,1,1,1,1,2
200800043901,0008-08-27 19:55:00,8,8,27,19,55,770,241,CD 404,,,Plein jour,Hors agglomération,Hors intersection,Normale,Sans collision,,,,,,,,,,,1,1,1,1,7
200800043902,0008-08-30 15:51:00,8,8,30,15,51,770,291,CD 212,,,Plein jour,Hors agglomération,Intersection en Y,Normale,Deux véhicules - arrière,,,,,,,,,,,1,1,4,1,2
200800043903,0008-08-10 21:45:00,8,8,10,21,45,770,251,SAULE DE LA CHASSE (RUE,48.63882,3.45699,Crépuscule ou aube,En agglomération,Giratoire,Normale,Sans collision,,,,,,,,,,,2,2,6,1,7
200800043904,0008-08-29 16:45:00,8,8,29,16,45,770,114,D216,,,Plein jour,Hors agglomération,Intersection en X,Normale,Deux véhicules - côté,,,,,,,,,,,1,1,2,1,3
200800043905,0008-08-30 20:25:00,8,8,30,20,25,770,296,MARE L' EVEQUE (rue de l,,,Plein jour,En agglomération,Hors intersection,Normale,Sans collision,,,,,,,,,,,1,2,1,1,7
200800043906,0008-08-28 19:30:00,8,8,28,19,30,770,122,JEAN JAURES(AVENUE),,,Plein jour,En agglomération,Giratoire,Normale,Sans collision,,,,,,,,,,,1,2,6,1,7
200800043907,0008-08-18 23:15:00,8,8,18,23,15,770,494,"6, MAIRIE (RUE DE LA)",,,Nuit sans éclairage public,En agglomération,Hors intersection,Normale,Sans collision,,,,,,,,,,,3,2,1,1,7
200800043908,0008-08-21 05:05:00,8,8,21,5,5,770,305,VARENNES (RUE DE),,,Nuit avec éclairage allumé,En agglomération,Intersection en X,Normale,Autre collision,,,,,,,,,,,5,2,2,1,6
200800043909,0008-08-05 03:10:00,8,8,5,3,10,770,83,MARNE (BOULEVARD DE LA),,,Nuit sans éclairage public,Hors agglomération,Hors intersection,Normale,Sans collision,,,,,,,,,,,3,1,1,1,7
200800043910,0008-08-07 23:10:00,8,8,7,23,10,770,121,NATIONALE 471 (ROUTE),,,Nuit sans éclairage public,Hors agglomération,Hors intersection,Normale,Deux véhicules - arrière,,,,,,,,,,,3,1,1,1,2
200800043911,0008-08-11 00:10:00,8,8,11,0,10,770,121,MELUN (RUE DE),,,Nuit sans éclairage public,En agglomération,Hors intersection,Normale,Sans collision,,,,,,,,,,,3,2,1,1,7
200800043912,0008-08-19 19:30:00,8,8,19,19,30,770,258,COURCERIN (BOULEVARD DE),,,Plein jour,En agglomération,Hors intersection,Normale,Autre collision,,,,,,,,,,,1,2,1,1,6
200800043913,0008-08-01 14:25:00,8,8,1,14,25,770,319,PROVINS (RUE DE),,,Plein jour,Hors agglomération,Hors intersection,Normale,Deux véhicules - côté,,,,,,,,,,,1,1,1,1,3
200800043914,0008-08-09 18:50:00,8,8,9,18,50,770,118,DEPARTEMENTAL 34 (ROUTE),,,Plein jour,Hors agglomération,Hors intersection,Normale,Autre collision,,,,,,,,,,,1,1,1,1,6
200800043915,0008-08-14 08:30:00,8,8,14,8,30,780,126,DUCHESNE LUCIEN RENE (AV,,,Plein jour,En agglomération,Intersection en X,Normale,Deux véhicules - côté,,,,,,,,,,,1,2,2,1,3
200800043916,0008-08-05 16:10:00,8,8,5,16,10,780,172,RN 184,,,Plein jour,Hors agglomération,Intersection en X,Normale,Deux véhicules - côté,,,,,,,,,,,1,1,2,1,3
200800043917,0008-08-04 19:55:00,8,8,4,19,55,780,168,BRODERIES (RUE DES),,,Plein jour,En agglomération,Intersection en T,Normale,Deux véhicules - côté,,,,,,,,,,,1,2,3,1,3
200800043918,0008-08-26 15:10:00,8,8,26,15,10,780,208,RN 10 282,,,Plein jour,Hors agglomération,Hors intersection,Normale,Deux véhicules - arrière,,,,,,,,,,,1,1,1,1,2
200800043919,0008-08-02 15:40:00,8,8,2,15,40,780,297,JAURES (BOULEVARD JEAN),,,Plein jour,En agglomération,Hors intersection,Pluie légère,Autre collision,,,,,,,,,,,1,2,1,2,6
200800043920,0008-08-15 18:00:00,8,8,15,18,0,780,358,PECQ (ROUTE DU),,,Plein jour,En agglomération,Hors intersection,Normale,Autre collision,,,,,,,,,,,1,2,1,1,6
200800043921,0008-08-19 22:30:00,8,8,19,22,30,780,358,BEAUMARCHAIS ( AVENUE ),,,Nuit avec éclairage allumé,En agglomération,Intersection en X,Temps couvert,Deux véhicules - côté,,,,,,,,,,,5,2,2,8,3
200800043922,0008-08-10 12:30:00,8,8,10,12,30,780,354,AVENUE DE L EUROPE,,,Plein jour,En agglomération,Hors intersection,Normale,Deux véhicules - arrière,,,,,,,,,,,1,2,1,1,2
200800043923,0008-08-12 11:55:00,8,8,12,11,55,780,335,"57, AVENUE DE LA PAIX",,,Plein jour,En agglomération,Intersection à plus de 4 branches,Normale,Deux véhicules - côté,,,,,,,,,,,1,2,5,1,3
200800043924,0008-08-15 19:15:00,8,8,15,19,15,780,361,Boulevard Maréchal Juin,,,Plein jour,En agglomération,Intersection en X,Normale,Deux véhicules - arrière,,,,,,,,,,,1,2,2,1,2
200800043925,0008-08-23 01:10:00,8,8,23,1,10,780,402,C.D  113,,,Nuit avec éclairage allumé,En agglomération,Hors intersection,Normale,Sans collision,,,,,,,,,,,5,2,1,1,7
200800043926,0008-08-25 12:05:00,8,8,25,12,5,780,335,"142, rue du docteur vina",,,Plein jour,En agglomération,Hors intersection,Normale,Deux véhicules - arrière,,,,,,,,,,,1,2,1,1,2
200800043927,0008-08-25 15:00:00,8,8,25,15,0,780,118,Route départementale 110,,,Plein jour,En agglomération,Hors intersection,Normale,Autre collision,,,,,,,,,,,1,2,1,1,6
200800043928,0008-08-27 19:30:00,8,8,27,19,30,780,361,"2, BOULEVARD SULLY 2",,,Plein jour,En agglomération,Hors intersection,Normale,Autre collision,,,,,,,,,,,1,2,1,1,6
200800043929,0008-08-01 19:55:00,8,8,1,19,55,780,490,CD 30,,,Plein jour,En agglomération,Hors intersection,Normale,Deux véhicules - arrière,,,,,,,,,,,1,2,1,1,2
200800043930,0008-08-17 01:40:00,8,8,17,1,40,780,490,PARMENTIER (RUE),,,Nuit avec éclairage allumé,En agglomération,Giratoire,Normale,Sans collision,,,,,,,,,,,5,2,6,1,7
200800043931,0008-08-27 19:20:00,8,8,27,19,20,780,165,"3, JAURES (AVENUE JEAN)",,,Plein jour,En agglomération,Hors intersection,Normale,Deux véhicules - frontale,,,,,,,,,,,1,2,1,1,1
200800043932,0008-08-08 16:00:00,8,8,8,16,0,780,498,SAINT SEBASTIEN RUE,,,Plein jour,En agglomération,Intersection en X,Normale,Deux véhicules - frontale,,,,,,,,,,,1,2,2,1,1
200800043933,0008-08-14 11:20:00,8,8,14,11,20,780,498,RN 190,,,Plein jour,En agglomération,Intersection en X,Normale,Deux véhicules - côté,,,,,,,,,,,1,2,2,1,3
200800043934,0008-08-21 21:55:00,8,8,21,21,55,780,498,TOURNELLE RUE DE LA,,,Nuit avec éclairage allumé,En agglomération,Intersection à plus de 4 branches,Pluie légère,Deux véhicules - côté,,,,,,,,,,,5,2,5,2,3
200800043935,0008-08-22 08:20:00,8,8,22,8,20,780,642,ROUILLARD CHEMIN DU,,,Plein jour,Hors agglomération,Hors intersection,Pluie forte,Deux véhicules - côté,,,,,,,,,,,1,1,1,3,3
200800043936,0008-08-31 01:05:00,8,8,31,1,5,780,643,JAURES RUE JEAN,,,Nuit avec éclairage allumé,Hors agglomération,Intersection en T,Normale,Autre collision,,,,,,,,,,,5,1,3,1,6
200800043937,0008-08-01 15:52:00,8,8,1,15,52,780,586,CONVENTION N° PAIR,,,Plein jour,En agglomération,Intersection en T,Normale,Deux véhicules - côté,,,,,,,,,,,1,2,3,1,3
200800043938,0008-08-14 13:20:00,8,8,14,13,20,780,586,"67, STALINGRAD",,,Plein jour,En agglomération,Hors intersection,Normale,Autre collision,,,,,,,,,,,1,2,1,1,6
200800043939,0008-08-07 15:00:00,8,8,7,15,0,780,586,PIERSON (HENRI),,,Plein jour,En agglomération,Intersection en T,Pluie forte,Trois véhicules et plus - collisions multiples,,,,,,,,,,,1,2,3,3,5
200800043940,0008-08-07 13:30:00,8,8,7,13,30,780,586,MAUPASSANT (GUY DE) N° P,,,Plein jour,En agglomération,Intersection en X,Normale,Deux véhicules - côté,,,,,,,,,,,1,2,2,1,3
200800043941,0008-08-20 19:45:00,8,8,20,19,45,780,621,COMMUNE DE PARIS (SQUARE,,,Plein jour,En agglomération,Hors intersection,Normale,Autre collision,,,,,,,,,,,1,2,1,1,6
200800043942,0008-08-26 19:35:00,8,8,26,19,35,780,621,HENNEQUIN (AVENUE ROGER),,,Plein jour,En agglomération,Intersection en X,Normale,Deux véhicules - côté,,,,,,,,,,,1,2,2,1,3
200800043943,0008-08-03 17:20:00,8,8,3,17,20,780,322,JEAN JAURES (AVENUE),,,Plein jour,En agglomération,Intersection en T,Normale,Deux véhicules - côté,,,,,,,,,,,1,2,3,1,3
200800043944,0008-08-22 17:58:00,8,8,22,17,58,780,686,GENERAL LECLERC (AVENUE,,,Plein jour,En agglomération,Intersection en X,Temps couvert,Deux véhicules - côté,,,,,,,,,,,1,2,2,8,3
200800043945,0008-08-22 18:20:00,8,8,22,18,20,780,322,LIBERATION (RUE DE LA),,,Plein jour,En agglomération,Hors intersection,Pluie légère,Deux véhicules - frontale,,,,,,,,,,,1,2,1,2,1
200800043946,0008-08-27 03:00:00,8,8,27,3,0,780,640,"66, EUROPE (AVENUE DE L'",,,Nuit avec éclairage allumé,En agglomération,Hors intersection,Normale,Autre collision,,,,,,,,,,,5,2,1,1,6
200800043947,0008-08-01 23:05:00,8,8,1,23,5,780,158,"Néant, HEPPENHEIM (ROND",,,Nuit avec éclairage allumé,En agglomération,Giratoire,Normale,Deux véhicules - côté,,,,,,,,,,,5,2,6,1,3
200800043948,0008-08-14 23:05:00,8,8,14,23,5,780,646,GENERAL DE GAULLE (AVENU,,,Nuit avec éclairage allumé,En agglomération,Intersection en X,Normale,Deux véhicules - côté,,,,,,,,,,,5,2,2,1,3
200800043949,0008-08-12 18:50:00,8,8,12,18,50,780,646,"21, CHANTIERS (RUE DES)",,,Plein jour,En agglomération,Hors intersection,Normale,Autre collision,,,,,,,,,,,1,2,1,1,6
200800043950,0008-08-29 07:50:00,8,8,29,7,50,780,646,PARIS (AVENUE DE),,,Plein jour,En agglomération,Intersection en X,Normale,Deux véhicules - côté,,,,,,,,,,,1,2,2,1,3
200800043951,0008-08-30 11:10:00,8,8,30,11,10,780,646,PORTE VERTE (CARREFOUR D,,,Plein jour,En agglomération,Intersection en T,Normale,Deux véhicules - arrière,,,,,,,,,,,1,2,3,1,2
200800043952,0008-08-06 22:20:00,8,8,6,22,20,790,191,"294, PARIS (AV) DE 294 &",,,Nuit avec éclairage allumé,En agglomération,Intersection en Y,Normale,Sans collision,,,,,,,,,,,5,2,4,1,7
200800043953,0008-08-05 12:10:00,8,8,5,12,10,790,191,"52, PARIS (AV)  50  A  1",,,Plein jour,En agglomération,Giratoire,Normale,Sans collision,,,,,,,,,,,1,2,6,1,7
200800043954,0008-08-06 10:40:00,8,8,6,10,40,790,191,VOLTAIRE,,,Plein jour,En agglomération,Giratoire,Normale,Sans collision,,,,,,,,,,,1,2,6,1,7
200800043955,0008-08-23 17:30:00,8,8,23,17,30,760,351,"4, BELLOT",,,Plein jour,En agglomération,Hors intersection,Normale,Autre collision,,,,,,,,,,,1,2,1,1,6
200800043956,0008-08-08 23:20:00,8,8,8,23,20,790,191,EUROPE (BD) AVE. NANTES/,,,Nuit avec éclairage allumé,En agglomération,Hors intersection,Normale,Sans collision,,,,,,,,,,,5,2,1,1,7
200800043957,0008-08-27 13:15:00,8,8,27,13,15,790,81,PUITS DE LA VILLE (RUE D,,,Plein jour,En agglomération,Intersection en X,Normale,Deux véhicules - côté,,,,,,,,,,,1,2,2,1,3
200800043958,0008-08-29 14:05:00,8,8,29,14,5,790,191,"59, VICTOR HUGO",,,Plein jour,En agglomération,Hors intersection,Normale,Deux véhicules - côté,,,,,,,,,,,1,2,1,1,3
200800043959,0008-08-29 18:05:00,8,8,29,18,5,790,191,"9, JULES SIEGFRIED",,,Plein jour,En agglomération,Intersection en X,Normale,Deux véhicules - côté,,,,,,,,,,,1,2,2,1,3
200800043960,0008-08-04 17:50:00,8,8,4,17,50,790,329,"4, HELENSBURGH (BOULEVAR",,,Plein jour,En agglomération,Hors intersection,Normale,Sans collision,,,,,,,,,,,1,2,1,1,7
200800043961,0008-08-11 11:21:00,8,8,11,11,21,790,329,"37, PUYRAVEAU (ROUTE DE)",,,Plein jour,En agglomération,Place,Normale,Autre collision,,,,,,,,,,,1,2,7,1,6
200800043962,0008-08-23 17:00:00,8,8,23,17,0,790,329,GÉNÉRAL DE GAULLE (BOULE,,,Plein jour,Hors agglomération,Intersection en T,Normale,Deux véhicules - côté,,,,,,,,,,,1,1,3,1,3
200800043963,0008-08-20 18:19:00,8,8,20,18,19,800,1,"77, LEDAY",,,Plein jour,En agglomération,Intersection en X,Normale,Autre collision,,,,,,,,,,,1,2,2,1,6
200800043964,0008-08-01 15:05:00,8,8,1,15,5,800,489,VILLE IDEALE (AVENUE DE,,,Plein jour,En agglomération,Hors intersection,Normale,Deux véhicules - côté,,,,,,,,,,,1,2,1,1,3
200800043965,0008-08-02 00:55:00,8,8,2,0,55,800,21,ABBEVILLE (RUE D'),,,Nuit avec éclairage allumé,En agglomération,Hors intersection,Normale,Sans collision,,,,,,,,,,,5,2,1,1,7
200800043966,0008-08-01 18:35:00,8,8,1,18,35,800,21,"11, DUMERIL (RUE)",,,Plein jour,En agglomération,Hors intersection,Normale,Sans collision,,,,,,,,,,,1,2,1,1,7
200800043967,0008-08-03 21:55:00,8,8,3,21,55,800,21,ROCADE NORD EST RN 25,,,Nuit avec éclairage allumé,En agglomération,Hors intersection,Pluie forte,Sans collision,,,,,,,,,,,5,2,1,3,7
200800043968,0008-08-04 15:15:00,8,8,4,15,15,800,21,JULES FERRY (CHAUSSEE),,,Plein jour,En agglomération,Hors intersection,Normale,Deux véhicules - arrière,,,,,,,,,,,1,2,1,1,2
200800043969,0008-08-05 22:00:00,8,8,5,22,0,800,21,"208, FOY (AVENUE)",,,Nuit avec éclairage allumé,En agglomération,Hors intersection,Normale,Sans collision,,,,,,,,,,,5,2,1,1,7
200800043970,0008-08-05 21:00:00,8,8,5,21,0,800,725,RD8,,,Plein jour,En agglomération,Hors intersection,Normale,Deux véhicules - frontale,,,,,,,,,,,1,2,1,1,1
200800043971,0008-08-06 17:35:00,8,8,6,17,35,800,131,RD 934,,,Plein jour,En agglomération,Intersection en T,Normale,Deux véhicules - côté,,,,,,,,,,,1,2,3,1,3
200800043972,0008-08-07 16:30:00,8,8,7,16,30,800,21,"00, ALEXANDRE DUMAS (RUE",,,Plein jour,Hors agglomération,Hors intersection,Pluie forte,Deux véhicules - côté,,,,,,,,,,,1,1,1,3,3
200800043973,0008-08-07 14:00:00,8,8,7,14,0,800,21,"24, RIOLAN (RUE)",,,Plein jour,En agglomération,Hors intersection,Pluie forte,Sans collision,,,,,,,,,,,1,2,1,3,7
200800043974,0008-08-08 11:05:00,8,8,8,11,5,800,21,"00, PONT NOYELLES (BOULE",,,Plein jour,En agglomération,Intersection en T,Pluie légère,Deux véhicules - côté,,,,,,,,,,,1,2,3,2,3
200800043975,0008-08-08 19:10:00,8,8,8,19,10,800,21,"00, BELFORT (BOULEVARD D",,,Plein jour,En agglomération,Hors intersection,Normale,Deux véhicules - côté,,,,,,,,,,,1,2,1,1,3
200800043976,0008-08-10 17:35:00,8,8,10,17,35,800,21,"00, EUROPE (AVENUE DE L'",,,Plein jour,En agglomération,Intersection en X,Normale,Deux véhicules - côté,,,,,,,,,,,1,2,2,1,3
200800043977,0008-08-12 22:20:00,8,8,12,22,20,800,21,ROCADE NORD EST RN 25,,,Nuit sans éclairage public,En agglomération,Hors intersection,Normale,Sans collision,,,,,,,,,,,3,2,1,1,7
200800043978,0008-08-12 16:00:00,8,8,12,16,0,800,21,"00, LOUIS BLANC (AVENUE)",,,Plein jour,En agglomération,Hors intersection,Normale,Deux véhicules - côté,,,,,,,,,,,1,2,1,1,3
200800043979,0008-08-12 16:50:00,8,8,12,16,50,800,21,"00, BEAUVILLE NORD (BOUL",,,Plein jour,En agglomération,Intersection en T,Normale,Deux véhicules - côté,,,,,,,,,,,1,2,3,1,3
200800043980,0008-08-13 17:40:00,8,8,13,17,40,800,21,"00, MARECHAL FOCH (PLACE",,,Plein jour,En agglomération,Hors intersection,Normale,Sans collision,,,,,,,,,,,1,2,1,1,7
200800043981,0008-08-15 21:50:00,8,8,15,21,50,800,21,"00, QUATORZE JUILLET 178",,,Nuit avec éclairage allumé,En agglomération,Intersection en T,Normale,Deux véhicules - côté,,,,,,,,,,,5,2,3,1,3
200800043982,0008-08-15 13:55:00,8,8,15,13,55,800,21,"00, ALBERT 1ER (MAIL)",,,Plein jour,En agglomération,Hors intersection,Normale,Trois véhicules et plus - en chaîne,,,,,,,,,,,1,2,1,1,4
200800043983,0008-08-15 15:10:00,8,8,15,15,10,800,21,"00, FAUBOURG DE HEM (RUE",,,Plein jour,En agglomération,Hors intersection,Normale,Deux véhicules - côté,,,,,,,,,,,1,2,1,1,3
200800043984,0008-08-16 13:22:00,8,8,16,13,22,800,21,"00, COMMUNE DE PARIS (AV",,,Plein jour,En agglomération,Hors intersection,Normale,Deux véhicules - arrière,,,,,,,,,,,1,2,1,1,2
200800043985,0008-08-18 17:00:00,8,8,18,17,0,800,21,"00, CHATEAU MILAN (RUE D",,,Plein jour,En agglomération,Hors intersection,Normale,Deux véhicules - côté,,,,,,,,,,,1,2,1,1,3
200800043986,0008-08-19 18:55:00,8,8,19,18,55,800,256,"00,  LOUIS PASTEUR (AVEN",,,Plein jour,En agglomération,Hors intersection,Pluie légère,Deux véhicules - côté,,,,,,,,,,,1,2,1,2,3
200800043987,0008-08-20 16:30:00,8,8,20,16,30,800,21,"00, ALBERT 1ER (MAIL)",,,Plein jour,En agglomération,Hors intersection,Normale,Deux véhicules - arrière,,,,,,,,,,,1,2,1,1,2
200800043988,0008-08-20 21:50:00,8,8,20,21,50,800,21,"00, DURY (BOULEVARD DE)",,,Crépuscule ou aube,En agglomération,Intersection en X,Normale,Deux véhicules - côté,,,,,,,,,,,2,2,2,1,3
200800043989,0008-08-22 17:50:00,8,8,22,17,50,800,21,"8, MAURICE RAVEL (RUE)",,,Plein jour,En agglomération,Hors intersection,Normale,Sans collision,,,,,,,,,,,1,2,1,1,7
200800043990,0008-08-25 08:00:00,8,8,25,8,0,800,21,"128, LUCIEN LECOINTE (RU",,,Plein jour,En agglomération,Hors intersection,Normale,Deux véhicules - arrière,,,,,,,,,,,1,2,1,1,2
200800043991,0008-08-24 12:20:00,8,8,24,12,20,800,21,"0, COLVERT",,,Plein jour,En agglomération,Hors intersection,Normale,Sans collision,,,,,,,,,,,1,2,1,1,7
200800043992,0008-08-24 19:40:00,8,8,24,19,40,800,21,"0, ROGER ONFRAY (RUE)",,,Plein jour,En agglomération,Intersection en T,Pluie légère,Deux véhicules - côté,,,,,,,,,,,1,2,3,2,3
200800043993,0008-08-23 18:50:00,8,8,23,18,50,800,21,"0, FAIDHERBE (BOULEVARD)",,,Plein jour,En agglomération,Hors intersection,Normale,Deux véhicules - côté,,,,,,,,,,,1,2,1,1,3
200800043994,0008-08-26 21:35:00,8,8,26,21,35,800,21,"0, FRANKLIN ROOSEVELT (R",,,Nuit avec éclairage allumé,En agglomération,Hors intersection,Normale,Deux véhicules - arrière,,,,,,,,,,,5,2,1,1,2
200800043995,0008-08-26 13:10:00,8,8,26,13,10,800,21,PARMENTIER (PLACE),,,Plein jour,En agglomération,Hors intersection,Normale,Deux véhicules - côté,,,,,,,,,,,1,2,1,1,3
200800043996,0008-08-26 18:30:00,8,8,26,18,30,800,21,LEO LAGRANGE (RUE),,,Plein jour,En agglomération,Intersection en X,Normale,Deux véhicules - côté,,,,,,,,,,,1,2,2,1,3
200800043997,0008-08-27 17:15:00,8,8,27,17,15,800,21,"0, EUROPE (AVENUE DE L')",,,Plein jour,En agglomération,Hors intersection,Normale,Deux véhicules - arrière,,,,,,,,,,,1,2,1,1,2
200800043998,0008-08-31 13:40:00,8,8,31,13,40,800,21,", MACQUET VION (RUE)",,,Plein jour,En agglomération,Hors intersection,Normale,Deux véhicules - côté,,,,,,,,,,,1,2,1,1,3
200800043999,0008-08-30 14:45:00,8,8,30,14,45,800,21,"14, ROUBAIX (BOULEVARD D",,,Plein jour,En agglomération,Hors intersection,Normale,Autre collision,,,,,,,,,,,1,2,1,1,6
200800044000,0008-08-29 05:30:00,8,8,29,5,30,800,21,EUROPE (AVENUE DE L'),,,Nuit avec éclairage allumé,En agglomération,Intersection en X,Normale,Deux véhicules - côté,,,,,,,,,,,5,2,2,1,3
200800044001,0008-08-22 14:30:00,8,8,22,14,30,810,4,ROCADE RN88 SUD,,,Plein jour,Hors agglomération,Hors intersection,Normale,Trois véhicules et plus - collisions multiples,,,,,,,,,,,1,1,1,1,5
200800044002,0008-08-05 18:25:00,8,8,5,18,25,810,60,BIR HAKEIM/ FRANCE LIBRE,,,Plein jour,En agglomération,Giratoire,Temps éblouissant,Deux véhicules - côté,,,,,,,,,,,1,2,6,7,3
200800044003,0008-08-16 18:15:00,8,8,16,18,15,810,60,"1, THOMAS (AVENUE ALBERT",,,Plein jour,En agglomération,Hors intersection,Temps couvert,Autre collision,,,,,,,,,,,1,2,1,8,6