accident_id,datetime,annee,mois,jour,heure,minute,departement,commune_insee,adresse,latitude,longitude,luminosite,agglomeration,intersection,meteo,collision,nb_vehicules,nb_usagers,nb_indemnes,nb_tues,nb_blesses_hosp,nb_blesses_legers,age_cond_1,age_cond_2,veh_type_cond_1,veh_type_cond_2,lum_code,agg_code,int_code,atm_code,col_code
200800044004,0008-08-06 09:45:00,8,8,6,9,45,810,65,ROCADE SUD (ROC),,,Plein jour,Hors agglomération,Hors intersection,Normale,Deux véhicules - frontale,,,,,,,,,,,1,1,1,1,1
200800044005,0008-08-18 14:00:00,8,8,18,14,0,810,65,"10, ALBI (AVENUE D')",,,Plein jour,En agglomération,Hors intersection,Normale,Autre collision,,,,,,,,,,,1,2,1,1,6
200800044006,0008-08-13 22:38:00,8,8,13,22,38,810,21,"17, CD 612",,,Nuit avec éclairage allumé,En agglomération,Hors intersection,Normale,Sans collision,,,,,,,,,,,5,2,1,1,7
200800044007,0008-08-23 23:20:00,8,8,23,23,20,810,163,"1, ROUVIERE (ALBERT)",,,Nuit avec éclairage allumé,En agglomération,Intersection en X,Normale,Deux véhicules - frontale,,,,,,,,,,,5,2,2,1,1
200800044008,0008-08-05 22:20:00,8,8,5,22,20,820,121,"0, POULT (QUAI ADOLPHE)",,,Nuit avec éclairage allumé,En agglomération,Hors intersection,Normale,Autre collision,,,,,,,,,,,5,2,1,1,6
200800044009,0008-08-16 04:45:00,8,8,16,4,45,820,121,"0, NEGREPELISSE (AVENUE",,,Nuit avec éclairage allumé,En agglomération,Intersection en T,Normale,Deux véhicules - côté,,,,,,,,,,,5,2,3,1,3
200800044010,0008-08-21 19:45:00,8,8,21,19,45,820,121,"0, CAP DE L'HOMME (CHEMI",,,Plein jour,En agglomération,Hors intersection,Normale,Autre collision,,,,,,,,,,,1,2,1,1,6
200800044011,0008-08-30 17:00:00,8,8,30,17,0,820,121,"0, ARDUS (AVENUE D')",,,Plein jour,En agglomération,Intersection en T,Normale,Deux véhicules - côté,,,,,,,,,,,1,2,3,1,3
200800044012,0008-08-04 16:35:00,8,8,4,16,35,830,50,"25, CARNOT(AVENUE LAZARE",,,Plein jour,En agglomération,Hors intersection,Normale,Deux véhicules - côté,,,,,,,,,,,1,2,1,1,3
200800044013,0008-08-10 08:45:00,8,8,10,8,45,830,50,ALLENDE (avenue Salvator,,,Plein jour,Hors agglomération,Intersection en X,Normale,Deux véhicules - côté,,,,,,,,,,,1,1,2,1,3
200800044014,0008-08-14 17:55:00,8,8,14,17,55,830,50,CALADE(CHEMIN DE LA),,,Plein jour,En agglomération,Hors intersection,Normale,Sans collision,,,,,,,,,,,1,2,1,1,7
200800044015,0008-08-26 12:20:00,8,8,26,12,20,830,50,"734, MONTFERRAT(AVENUE D",,,Plein jour,En agglomération,Intersection en T,Normale,Deux véhicules - côté,,,,,,,,,,,1,2,3,1,3
200800044016,0008-08-05 01:10:00,8,8,5,1,10,830,61,"1846, AVENUE DE LA CORNI",,,Nuit avec éclairage allumé,En agglomération,Hors intersection,Normale,Deux véhicules - frontale,,,,,,,,,,,5,2,1,1,1
200800044017,0008-08-08 08:40:00,8,8,8,8,40,830,61,"0, D37",,,Plein jour,Hors agglomération,Hors intersection,Normale,Deux véhicules - côté,,,,,,,,,,,1,1,1,1,3
200800044018,0008-08-10 16:34:00,8,8,10,16,34,830,61,"0, RUE MARÉCHAL GALLIENI",,,Plein jour,En agglomération,Hors intersection,Normale,Autre collision,,,,,,,,,,,1,2,1,1,6
200800044019,0008-08-13 15:30:00,8,8,13,15,30,830,61,"0, AVENUE LOUIS CASTILLO",,,Plein jour,En agglomération,Intersection en T,Normale,Deux véhicules - côté,,,,,,,,,,,1,2,3,1,3
200800044020,0008-08-14 08:15:00,8,8,14,8,15,830,61,"450, RUE A.BRIAND",,,Crépuscule ou aube,En agglomération,Hors intersection,Normale,Autre collision,,,,,,,,,,,2,2,1,1,6
200800044021,0008-08-21 17:20:00,8,8,21,17,20,830,61,RUE ALPHONSE DAUDET,,,Plein jour,En agglomération,Intersection en T,Normale,Autre collision,,,,,,,,,,,1,2,3,1,6
200800044022,0008-08-30 01:50:00,8,8,30,1,50,830,61,"0, AVENUE DE L'ARGENS",,,Nuit avec éclairage allumé,En agglomération,Intersection en T,Normale,Deux véhicules - côté,,,,,,,,,,,5,2,3,1,3
200800044023,0008-08-13 02:10:00,8,8,13,2,10,830,69,"NS, ALMANARRE (ROUTE DE",,,Nuit avec éclairage allumé,Hors agglomération,Hors intersection,Pluie légère,Autre collision,,,,,,,,,,,5,1,1,2,6
200800044024,0008-08-16 05:30:00,8,8,16,5,30,830,69,"1252, NICE (ROUTE DE)",,,Crépuscule ou aube,Hors agglomération,Hors intersection,Normale,Autre collision,,,,,,,,,,,2,1,1,1,6
200800044025,0008-08-22 09:40:00,8,8,22,9,40,830,69,LYAUTEY (AVENUE),,,Plein jour,En agglomération,Hors intersection,Normale,Autre collision,,,,,,,,,,,1,2,1,1,6
200800044026,0008-08-31 08:40:00,8,8,31,8,40,830,69,MARAIS (ROUTE DES),,,Plein jour,Hors agglomération,Hors intersection,Normale,Deux véhicules - côté,,,,,,,,,,,1,1,1,1,3
200800044027,0008-08-05 10:05:00,8,8,5,10,5,830,123,"937, BANDOL (ROUTE)N° IM",,,Plein jour,En agglomération,Hors intersection,Normale,Deux véhicules - côté,,,,,,,,,,,1,2,1,1,3
200800044028,0008-08-08 12:00:00,8,8,8,12,0,830,9,"000, BEAUSSET (ROUTE DU)",,,Plein jour,En agglomération,Hors intersection,Normale,Deux véhicules - côté,,,,,,,,,,,1,2,1,1,3
200800044029,0008-08-10 18:00:00,8,8,10,18,0,830,129,MER (AVENUE DE LA) N° PA,,,Plein jour,En agglomération,Hors intersection,Normale,Autre collision,,,,,,,,,,,1,2,1,1,6
200800044030,0008-08-08 09:00:00,8,8,8,9,0,830,129,"000, KENNEDY (AVENUE J.)",,,Plein jour,En agglomération,Hors intersection,Normale,Autre collision,,,,,,,,,,,1,2,1,1,6
200800044031,0008-08-13 17:20:00,8,8,13,17,20,830,9,"000, DE LATTRE DE TASSIG",,,Plein jour,En agglomération,Intersection en Y,Normale,Deux véhicules - côté,,,,,,,,,,,1,2,4,1,3
200800044032,0008-08-16 00:30:00,8,8,16,0,30,830,123,"55, DEUXIEME SPAHIS (AVE",,,Nuit avec éclairage allumé,En agglomération,Intersection en T,Normale,Deux véhicules - côté,,,,,,,,,,,5,2,3,1,3
200800044033,0008-08-19 12:30:00,8,8,19,12,30,830,129,KENNEDY (AVENUE J.)N°1A,,,Plein jour,En agglomération,Intersection en T,Normale,Deux véhicules - frontale,,,,,,,,,,,1,2,3,1,1
200800044034,0008-08-08 15:00:00,8,8,8,15,0,830,137,MAJOURANE (CHEMIN DE LA),,,Plein jour,En agglomération,Hors intersection,Normale,Deux véhicules - côté,,,,,,,,,,,1,2,1,1,3
200800044035,0008-08-12 17:25:00,8,8,12,17,25,830,137,CD 46 DE 1930 A FIN (VAL,,,Plein jour,Hors agglomération,Hors intersection,Normale,Autre collision,,,,,,,,,,,1,1,1,1,6
200800044036,0008-08-11 15:45:00,8,8,11,15,45,830,137,MISTRAL (ALLEE / LITTORA,,,Plein jour,En agglomération,Hors intersection,Normale,Deux véhicules - côté,,,,,,,,,,,1,2,1,1,3
200800044037,0008-08-13 14:35:00,8,8,13,14,35,830,62,HOUOT (AVENUE CDT),,,Plein jour,En agglomération,Hors intersection,Normale,Deux véhicules - côté,,,,,,,,,,,1,2,1,1,3
200800044038,0008-08-08 11:30:00,8,8,8,11,30,830,90,SANARY (ROUTE DE),,,Plein jour,En agglomération,Intersection en T,Normale,Deux véhicules - côté,,,,,,,,,,,1,2,3,1,3
200800044039,0008-08-13 11:42:00,8,8,13,11,42,830,137,FOCH (AVE DU MARECHAL),,,Plein jour,En agglomération,Hors intersection,Normale,Deux véhicules - arrière,,,,,,,,,,,1,2,1,1,2
200800044040,0008-08-15 03:40:00,8,8,15,3,40,830,137,"1628, GASQUET (AVE JOSEP",,,Nuit avec éclairage allumé,En agglomération,Hors intersection,Normale,Deux véhicules - côté,,,,,,,,,,,5,2,1,1,3
200800044041,0008-08-21 19:50:00,8,8,21,19,50,830,144,"000, AFRIQUE (RUE CDT D'",,,Plein jour,En agglomération,Hors intersection,Normale,Autre collision,,,,,,,,,,,1,2,1,1,6
200800044042,0008-08-20 12:40:00,8,8,20,12,40,830,137,CARNOT (AVE LAZARE),,,Plein jour,En agglomération,Hors intersection,Normale,Deux véhicules - frontale,,,,,,,,,,,1,2,1,1,1
200800044043,0008-08-24 12:40:00,8,8,24,12,40,830,137,PUY (RUE DOCTEUR LOUIS),,,Plein jour,En agglomération,Hors intersection,Normale,Trois véhicules et plus - en chaîne,,,,,,,,,,,1,2,1,1,4
200800044044,0008-08-17 17:18:00,8,8,17,17,18,830,137,CUNEO (BD DOCTEUR),,,Plein jour,En agglomération,Hors intersection,Normale,Autre collision,,,,,,,,,,,1,2,1,1,6
200800044045,0008-08-30 09:50:00,8,8,30,9,50,830,98,"171, PREMIERE (D.F.L)",,,Plein jour,En agglomération,Hors intersection,Normale,Autre collision,,,,,,,,,,,1,2,1,1,6
200800044046,0008-08-24 11:20:00,8,8,24,11,20,830,137,MARSEILLE (ROUTE DE),,,Plein jour,En agglomération,Hors intersection,Normale,Deux véhicules - arrière,,,,,,,,,,,1,2,1,1,2
200800044047,0008-08-28 19:20:00,8,8,28,19,20,830,137,JUIN (AVE ALPHONSE),,,Plein jour,En agglomération,Hors intersection,Normale,Deux véhicules - arrière,,,,,,,,,,,1,2,1,1,2
200800044048,0008-08-30 09:45:00,8,8,30,9,45,830,137,FABIEN (AVE COLONEL),,,Plein jour,En agglomération,Hors intersection,Normale,Autre collision,,,,,,,,,,,1,2,1,1,6
200800044049,0008-08-30 09:35:00,8,8,30,9,35,830,137,PICOT (AVE DU COLONEL),,,Plein jour,En agglomération,Intersection en T,Normale,Autre collision,,,,,,,,,,,1,2,3,1,6
200800044050,0008-08-20 16:30:00,8,8,20,16,30,830,98,MOULIN (AVENUE JEAN),,,Plein jour,En agglomération,Intersection en T,Normale,Deux véhicules - côté,,,,,,,,,,,1,2,3,1,3
200800044051,0008-08-23 10:55:00,8,8,23,10,55,830,137,PERI  (PLACE GABRIEL),,,Plein jour,En agglomération,Giratoire,Normale,Autre collision,,,,,,,,,,,1,2,6,1,6
200800044052,0008-08-30 18:15:00,8,8,30,18,15,830,90,MONNET (AVE JEAN),,,Plein jour,En agglomération,Hors intersection,Normale,Trois véhicules et plus - en chaîne,,,,,,,,,,,1,2,1,1,4
200800044053,0008-08-02 13:40:00,8,8,2,13,40,840,7,"96, MONCLAR (Avenue)",,,Plein jour,En agglomération,Hors intersection,Normale,Deux véhicules - côté,,,,,,,,,,,1,2,1,1,3
200800044054,0008-08-04 20:05:00,8,8,4,20,5,840,7,MONTFAVET (Route),,,Plein jour,En agglomération,Hors intersection,Normale,Deux véhicules - arrière,,,,,,,,,,,1,2,1,1,2
200800044055,0008-08-13 11:47:00,8,8,13,11,47,840,7,REALPANIER (Rond point d,,,Plein jour,En agglomération,Hors intersection,Normale,Deux véhicules - côté,,,,,,,,,,,1,2,1,1,3
200800044056,0008-08-16 05:50:00,8,8,16,5,50,840,7,THIERS (Rue),,,Plein jour,En agglomération,Intersection en X,Normale,Deux véhicules - côté,,,,,,,,,,,1,2,2,1,3
200800044057,0008-08-17 10:40:00,8,8,17,10,40,840,7,CHARLES DE GAULLE,,,Plein jour,En agglomération,Hors intersection,Normale,Autre collision,,,,,,,,,,,1,2,1,1,6
200800044058,0008-08-20 04:35:00,8,8,20,4,35,840,7,DOCTEUR PONS (Route tour,,,Nuit sans éclairage public,En agglomération,Hors intersection,Normale,Deux véhicules - frontale,,,,,,,,,,,3,2,1,1,1
200800044059,0008-08-20 17:50:00,8,8,20,17,50,840,7,PIERRE SEMARD (avenue),,,Plein jour,En agglomération,Hors intersection,Normale,Deux véhicules - côté,,,,,,,,,,,1,2,1,1,3
200800044060,0008-08-23 00:55:00,8,8,23,0,55,840,7,SAINT MICHEL (Boulevard),,,Nuit avec éclairage allumé,En agglomération,Hors intersection,Normale,Autre collision,,,,,,,,,,,5,2,1,1,6
200800044061,0008-08-24 21:25:00,8,8,24,21,25,840,7,C.De GAULLE (Rocade),,,Nuit avec éclairage allumé,En agglomération,Intersection en X,Normale,Deux véhicules - côté,,,,,,,,,,,5,2,2,1,3
200800044062,0008-08-28 14:30:00,8,8,28,14,30,840,7,AEROPORT (Rond point de,,,Plein jour,En agglomération,Giratoire,Normale,Deux véhicules - côté,,,,,,,,,,,1,2,6,1,3
200800044063,0008-08-28 17:45:00,8,8,28,17,45,840,7,WETZLAR (Avenue de ),,,Plein jour,En agglomération,Hors intersection,Normale,Deux véhicules - côté,,,,,,,,,,,1,2,1,1,3
200800044064,0008-08-29 12:05:00,8,8,29,12,5,840,7,FOLIE (Avenue de la),,,Plein jour,En agglomération,Hors intersection,Normale,Autre collision,,,,,,,,,,,1,2,1,1,6
200800044065,0008-08-29 18:30:00,8,8,29,18,30,840,7,C.De GAULLE (Rocade),,,Plein jour,En agglomération,Hors intersection,Normale,Deux véhicules - arrière,,,,,,,,,,,1,2,1,1,2
200800044066,0008-08-31 19:20:00,8,8,31,19,20,840,7,SAINT MICHEL (Boulevard),,,Plein jour,En agglomération,Intersection en T,Normale,Trois véhicules et plus - collisions multiples,,,,,,,,,,,1,2,3,1,5
200800044067,0008-08-04 19:55:00,8,8,4,19,55,840,87,VERDUN (AVENUE DE),,,Plein jour,En agglomération,Hors intersection,Normale,Deux véhicules - côté,,,,,,,,,,,1,2,1,1,3
200800044068,0008-08-30 23:35:00,8,8,30,23,35,840,87,TASSIGNY (AVENUE DE LATT,,,Nuit avec éclairage allumé,En agglomération,Intersection en X,Normale,Deux véhicules - côté,,,,,,,,,,,5,2,2,1,3
200800044069,0008-08-01 19:00:00,8,8,1,19,0,850,194,BLANDIN (RUE AUGUSTE),,,Plein jour,En agglomération,Hors intersection,Normale,Autre collision,,,,,,,,,,,1,2,1,1,6
200800044070,0008-08-01 12:05:00,8,8,1,12,5,850,194,TABARLY (BOULEVARD ERIC),,,Plein jour,En agglomération,Hors intersection,Normale,Deux véhicules - arrière,,,,,,,,,,,1,2,1,1,2
200800044071,0008-08-04 10:20:00,8,8,4,10,20,850,194,MITTERAND (AVENUE FRANCO,,,Plein jour,En agglomération,Hors intersection,Normale,Sans collision,,,,,,,,,,,1,2,1,1,7
200800044072,0008-08-05 13:25:00,8,8,5,13,25,850,194,8 MAI 1945 (RUE DU),,,Plein jour,En agglomération,Hors intersection,Normale,Autre collision,,,,,,,,,,,1,2,1,1,6
200800044073,0008-08-05 16:20:00,8,8,5,16,20,850,194,AMPERE (BOULEVARD),,,Crépuscule ou aube,En agglomération,Intersection en X,Normale,Deux véhicules - côté,,,,,,,,,,,2,2,2,1,3
200800044074,0008-08-04 15:55:00,8,8,4,15,55,850,194,"222, MITTERAND (AVENUE F",,,Plein jour,En agglomération,Hors intersection,Normale,Deux véhicules - arrière,,,,,,,,,,,1,2,1,1,2
200800044075,0008-08-15 23:00:00,8,8,15,23,0,850,194,JAURES (AVENUE JEAN),,,Nuit avec éclairage allumé,En agglomération,Intersection en X,Normale,Deux véhicules - côté,,,,,,,,,,,5,2,2,1,3
200800044076,0008-08-15 16:05:00,8,8,15,16,5,850,194,"10, HALLES (RUE DES)",,,Plein jour,En agglomération,Hors intersection,Normale,Autre collision,,,,,,,,,,,1,2,1,1,6
200800044077,0008-08-25 18:45:00,8,8,25,18,45,850,194,SOUVENIR FRANCAIS (BD DU,,,Plein jour,En agglomération,Hors intersection,Normale,Autre collision,,,,,,,,,,,1,2,1,1,6
200800044078,0008-08-05 21:25:00,8,8,5,21,25,860,66,RD 910,,,Nuit avec éclairage allumé,En agglomération,Hors intersection,Normale,Deux véhicules - frontale,,,,,,,,,,,5,2,1,1,1
200800044079,0008-08-26 10:30:00,8,8,26,10,30,860,66,RD 21 - ROUTE DE OYRE,,,Plein jour,Hors agglomération,Hors intersection,Normale,Sans collision,,,,,,,,,,,1,1,1,1,7
200800044080,0008-08-30 11:20:00,8,8,30,11,20,860,66,VELBERT (AVENUE DE),,,Plein jour,En agglomération,Passage à niveau,Normale,Autre collision,,,,,,,,,,,1,2,8,1,6
200800044081,0008-08-02 14:00:00,8,8,2,14,0,860,88,RN.10,,,Plein jour,En agglomération,Hors intersection,Pluie légère,Deux véhicules - arrière,,,,,,,,,,,1,2,1,2,2
200800044082,0008-08-06 21:45:00,8,8,6,21,45,860,194,MAGENTA (RUE DE),,,Crépuscule ou aube,En agglomération,Intersection en X,Normale,Deux véhicules - côté,,,,,,,,,,,2,2,2,1,3
200800044083,0008-08-07 09:05:00,8,8,7,9,5,860,194,BONNEUIL MATOURS (ROUTE,,,Plein jour,En agglomération,Intersection en X,Normale,Deux véhicules - côté,,,,,,,,,,,1,2,2,1,3
200800044084,0008-08-11 10:25:00,8,8,11,10,25,860,194,"68-70, CASSETTE (ROUTE D",,,Plein jour,En agglomération,Hors intersection,Normale,Deux véhicules - côté,,,,,,,,,,,1,2,1,1,3
200800044085,0008-08-13 22:30:00,8,8,13,22,30,860,214,"39, GROGES (ROUTE DES)",,,Nuit sans éclairage public,En agglomération,Hors intersection,Normale,Autre collision,,,,,,,,,,,3,2,1,1,6
200800044086,0008-08-23 11:10:00,8,8,23,11,10,830,129,"235, SAINT PIERRE (QUAI)",,,Plein jour,En agglomération,Hors intersection,Normale,Autre collision,,,,,,,,,,,1,2,1,1,6
200800044087,0008-08-26 11:20:00,8,8,26,11,20,830,123,"000, BERRAUDOT (RUE)",,,Plein jour,En agglomération,Intersection en X,Normale,Deux véhicules - côté,,,,,,,,,,,1,2,2,1,3
200800044088,0008-08-25 16:30:00,8,8,25,16,30,830,9,"0000, MARCON (RUE DU DOC",,,Plein jour,En agglomération,Hors intersection,Normale,Deux véhicules - côté,,,,,,,,,,,1,2,1,1,3
200800044089,0008-08-29 16:10:00,8,8,29,16,10,830,129,"529, SOLVIOU (CORNICHE D",,,Plein jour,En agglomération,Hors intersection,Normale,Autre collision,,,,,,,,,,,1,2,1,1,6
200800044090,0008-08-30 12:30:00,8,8,30,12,30,830,129,"000, DE GAULLE (PROMENAD",,,Plein jour,En agglomération,Hors intersection,Normale,Autre collision,,,,,,,,,,,1,2,1,1,6
200800044091,0008-08-24 10:15:00,8,8,24,10,15,830,123,"732, RESISTANCE (AVENUE)",,,Plein jour,En agglomération,Hors intersection,Normale,Autre collision,,,,,,,,,,,1,2,1,1,6
200800044092,0008-08-03 17:35:00,8,8,3,17,35,830,126,"945, RENOIR (AV AUGUSTE)",,,Plein jour,En agglomération,Hors intersection,Normale,Deux véhicules - côté,,,,,,,,,,,1,2,1,1,3
200800044093,0008-08-04 16:15:00,8,8,4,16,15,830,126,"00, FABREGAS (CHEMIN DE)",,,Plein jour,Hors agglomération,Intersection en T,Normale,Deux véhicules - côté,,,,,,,,,,,1,1,3,1,3
200800044094,0008-08-06 07:40:00,8,8,6,7,40,830,126,"00, RENOIR (AV AUGUSTE)",,,Plein jour,En agglomération,Hors intersection,Normale,Deux véhicules - côté,,,,,,,,,,,1,2,1,1,3
200800044095,0008-08-13 02:57:00,8,8,13,2,57,830,126,"00, ARMANDO (AV. ESPRIT)",,,Nuit avec éclairage allumé,En agglomération,Hors intersection,Normale,Autre collision,,,,,,,,,,,5,2,1,1,6
200800044096,0008-08-13 18:05:00,8,8,13,18,5,830,153,"11, ARISTIDE BRIAND (QUA",,,Plein jour,En agglomération,Hors intersection,Normale,Autre collision,,,,,,,,,,,1,2,1,1,6
200800044097,0008-08-13 18:45:00,8,8,13,18,45,830,126,"00, POMPIDOU (CORNICHE G",,,Plein jour,En agglomération,Intersection en T,Normale,Deux véhicules - côté,,,,,,,,,,,1,2,3,1,3
200800044098,0008-08-20 13:30:00,8,8,20,13,30,830,126,"00, ARMEE FRANCAISE (AV",,,Plein jour,Hors agglomération,Hors intersection,Normale,Autre collision,,,,,,,,,,,1,1,1,1,6
200800044099,0008-08-21 09:55:00,8,8,21,9,55,830,126,"655, ALLENDE (AV. SALVAD",,,Plein jour,En agglomération,Hors intersection,Normale,Deux véhicules - côté,,,,,,,,,,,1,2,1,1,3
200800044100,0008-08-25 12:40:00,8,8,25,12,40,830,126,"00, ZOLA (AV EMILE)",,,Plein jour,En agglomération,Intersection en X,Normale,Deux véhicules - côté,,,,,,,,,,,1,2,2,1,3
200800044101,0008-08-28 14:05:00,8,8,28,14,5,830,126,"00, BERDIANSK (RUE DE)",,,Plein jour,En agglomération,Intersection en T,Normale,Deux véhicules - côté,,,,,,,,,,,1,2,3,1,3
200800044102,0008-08-30 16:35:00,8,8,30,16,35,830,126,"00, BEAUCHE(ROND POINT D",,,Plein jour,En agglomération,Hors intersection,Normale,Autre collision,,,,,,,,,,,1,2,1,1,6
200800044103,0008-08-30 03:45:00,8,8,30,3,45,830,153,"15, LORRAINE (BD DE)",,,Nuit sans éclairage public,Hors agglomération,Hors intersection,Normale,Autre collision,,,,,,,,,,,3,1,1,1,6
200800044104,0008-08-01 08:05:00,8,8,1,8,5,830,137,GUILLEMARD (RUE ROBERT),,,Plein jour,En agglomération,Hors intersection,Normale,Trois véhicules et plus - en chaîne,,,,,,,,,,,1,2,1,1,4
200800044105,0008-08-01 09:50:00,8,8,1,9,50,830,137,JUIN (AVE ALPHONSE),,,Plein jour,En agglomération,Hors intersection,Normale,Deux véhicules - arrière,,,,,,,,,,,1,2,1,1,2
200800044106,0008-08-07 17:45:00,8,8,7,17,45,830,144,"0, CEZANNE (RUE PAUL)",,,Plein jour,En agglomération,Intersection en X,Normale,Trois véhicules et plus - collisions multiples,,,,,,,,,,,1,2,2,1,5
200800044107,0008-08-10 21:10:00,8,8,10,21,10,830,137,JOFFRE (BD MARECHAL),,,Nuit avec éclairage non allumé,En agglomération,Intersection en X,Normale,Deux véhicules - côté,,,,,,,,,,,4,2,2,1,3
200800044108,0008-08-09 18:15:00,8,8,9,18,15,830,90,"0, SANARY (ROUTE DE)",,,Plein jour,Hors agglomération,Hors intersection,Normale,Deux véhicules - frontale,,,,,,,,,,,1,1,1,1,1
200800044109,0008-08-11 18:15:00,8,8,11,18,15,830,137,"159, BOURGEOIS (BD LEON)",,,Plein jour,En agglomération,Hors intersection,Normale,Deux véhicules - côté,,,,,,,,,,,1,2,1,1,3
200800044110,0008-08-04 13:35:00,8,8,4,13,35,830,137,TIRAILLEURS ALGERIENS (A,,,Plein jour,En agglomération,Intersection en X,Normale,Deux véhicules - côté,,,,,,,,,,,1,2,2,1,3
200800044111,0008-08-16 15:30:00,8,8,16,15,30,860,214,ROCADE SUD EST (RD 162),,,Plein jour,En agglomération,Hors intersection,Pluie légère,Deux véhicules - arrière,,,,,,,,,,,1,2,1,2,2
200800044112,0008-08-26 10:25:00,8,8,26,10,25,860,194,"., CHAUMONT (RUE DE)",,,Plein jour,En agglomération,Intersection en X,Normale,Deux véhicules - côté,,,,,,,,,,,1,2,2,1,3
200800044113,0008-08-28 22:10:00,8,8,28,22,10,860,194,"7, ANTOINE PARMENTIER (A",,,Nuit avec éclairage allumé,En agglomération,Hors intersection,Normale,Deux véhicules - côté,,,,,,,,,,,5,2,1,1,3
200800044114,0008-08-29 17:30:00,8,8,29,17,30,860,194,11 NOVEMBRE (AVENUE DU),,,Plein jour,En agglomération,Hors intersection,Normale,Sans collision,,,,,,,,,,,1,2,1,1,7
200800044115,0008-08-02 06:34:00,8,8,2,6,34,870,50,"183, LIMOGES (AVENUE DE)",,,Plein jour,En agglomération,Hors intersection,Normale,Autre collision,,,,,,,,,,,1,2,1,1,6
200800044116,0008-08-03 12:00:00,8,8,3,12,0,870,50,"77, TEXONNIERAS (RUE DE)",,,Plein jour,Hors agglomération,Hors intersection,Normale,Autre collision,,,,,,,,,,,1,1,1,1,6
200800044117,0008-08-04 13:15:00,8,8,4,13,15,870,85,"0, BUISSON (AVENUE DU)",,,Plein jour,En agglomération,Hors intersection,Normale,Autre collision,,,,,,,,,,,1,2,1,1,6
200800044118,0008-08-05 11:32:00,8,8,5,11,32,870,85,"235, DUTREIX (RUE ARMAND",,,Plein jour,En agglomération,Intersection en T,Normale,Deux véhicules - côté,,,,,,,,,,,1,2,3,1,3
200800044119,0008-08-05 13:20:00,8,8,5,13,20,870,85,AUTOROUTE A20,,,Plein jour,Hors agglomération,Hors intersection,Normale,Autre collision,,,,,,,,,,,1,1,1,1,6
200800044120,0008-08-08 04:51:00,8,8,8,4,51,870,75,RN 21,,,Nuit avec éclairage allumé,Hors agglomération,Hors intersection,Pluie légère,Autre collision,,,,,,,,,,,5,1,1,2,6
200800044121,0008-08-08 08:48:00,8,8,8,8,48,870,85,"1, GALLIENI (RUE)",,,Plein jour,En agglomération,Giratoire,Pluie forte,Deux véhicules - côté,,,,,,,,,,,1,2,6,3,3
200800044122,0008-08-09 15:25:00,8,8,9,15,25,870,50,"37, LIMOGES (AVENUE DE)",,,Plein jour,En agglomération,Intersection en T,Normale,Deux véhicules - arrière,,,,,,,,,,,1,2,3,1,2
200800044123,0008-08-10 00:35:00,8,8,10,0,35,870,85,"13, LADOUMEGUE (RUE JULE",,,Nuit avec éclairage non allumé,En agglomération,Hors intersection,Normale,Autre collision,,,,,,,,,,,4,2,1,1,6
200800044124,0008-08-10 10:52:00,8,8,10,10,52,870,85,ORADOUR SUR GLANE (CARRE,,,Plein jour,En agglomération,Giratoire,Normale,Deux véhicules - côté,,,,,,,,,,,1,2,6,1,3
200800044125,0008-08-10 15:19:00,8,8,10,15,19,870,85,"166, BAUDIN (AVENUE)",,,Plein jour,En agglomération,Hors intersection,Normale,Deux véhicules - côté,,,,,,,,,,,1,2,1,1,3
200800044126,0008-08-08 16:49:00,8,8,8,16,49,870,75,RN 21,,,Plein jour,Hors agglomération,Hors intersection,Normale,Deux véhicules - côté,,,,,,,,,,,1,1,1,1,3
200800044127,0008-08-12 11:02:00,8,8,12,11,2,870,85,"200, BELLAC (RUE DE)",,,Plein jour,En agglomération,Hors intersection,Pluie légère,Sans collision,,,,,,,,,,,1,2,1,2,7
200800044128,0008-08-12 10:48:00,8,8,12,10,48,870,65,"0, PORTES DE FEYTIAT (RU",,,Plein jour,Hors agglomération,Hors intersection,Pluie forte,Deux véhicules - frontale,,,,,,,,,,,1,1,1,3,1
200800044129,0008-08-13 15:52:00,8,8,13,15,52,870,85,"24, VIGENAL (BOULEVARD D",,,Plein jour,En agglomération,Hors intersection,Normale,Deux véhicules - arrière,,,,,,,,,,,1,2,1,1,2
200800044130,0008-08-14 21:52:00,8,8,14,21,52,870,85,"30, COMBES (RUE DES)",,,Nuit avec éclairage allumé,En agglomération,Hors intersection,Normale,Autre collision,,,,,,,,,,,5,2,1,1,6
200800044131,0008-08-16 14:30:00,8,8,16,14,30,870,85,"1, BEAUBREUIL (AVENUE DE",,,Plein jour,Hors agglomération,Intersection en T,Normale,Autre collision,,,,,,,,,,,1,1,3,1,6
200800044132,0008-08-16 18:25:00,8,8,16,18,25,870,85,"1, CARNOT (PLACE SADI)",,,Plein jour,En agglomération,Hors intersection,Normale,Autre collision,,,,,,,,,,,1,2,1,1,6
200800044133,0008-08-17 10:35:00,8,8,17,10,35,870,85,BORIE (BOULEVARD DE LA),,,Plein jour,En agglomération,Hors intersection,Pluie légère,Autre collision,,,,,,,,,,,1,2,1,2,6
200800044134,0008-08-17 13:49:00,8,8,17,13,49,870,85,AUTOROUTE A20,,,Plein jour,Hors agglomération,Hors intersection,Normale,Autre collision,,,,,,,,,,,1,1,1,1,6
200800044135,0008-08-18 13:34:00,8,8,18,13,34,870,85,"46, GAY-LUSSAC (COURS)",,,Plein jour,En agglomération,Hors intersection,Normale,Autre collision,,,,,,,,,,,1,2,1,1,6
200800044136,0008-08-21 12:16:00,8,8,21,12,16,870,85,"3, DUMAS (AVENUE GEORGES",,,Plein jour,En agglomération,Hors intersection,Normale,Deux véhicules - côté,,,,,,,,,,,1,2,1,1,3