accident_id,datetime,annee,mois,jour,heure,minute,departement,commune_insee,adresse,latitude,longitude,luminosite,agglomeration,intersection,meteo,collision,nb_vehicules,nb_usagers,nb_indemnes,nb_tues,nb_blesses_hosp,nb_blesses_legers,age_cond_1,age_cond_2,veh_type_cond_1,veh_type_cond_2,lum_code,agg_code,int_code,atm_code,col_code
200800044137,0008-08-21 15:48:00,8,8,21,15,48,870,85,LADOUMEGUE (RUE JULES),,,Plein jour,En agglomération,Hors intersection,Normale,Autre collision,,,,,,,,,,,1,2,1,1,6
200800044138,0008-08-22 10:52:00,8,8,22,10,52,870,85,"4, CITE (BOULEVARD)",,,Plein jour,En agglomération,Hors intersection,Pluie légère,Autre collision,,,,,,,,,,,1,2,1,2,6
200800044139,0008-08-23 05:48:00,8,8,23,5,48,870,85,"31, VEYRAC (RUE DE)",,,Nuit avec éclairage allumé,En agglomération,Hors intersection,Normale,Autre collision,,,,,,,,,,,5,2,1,1,6
200800044140,0008-08-23 17:52:00,8,8,23,17,52,870,85,"96, BEAUBREUIL (AVENUE D",,,Plein jour,En agglomération,Hors intersection,Normale,Autre collision,,,,,,,,,,,1,2,1,1,6
200800044141,0008-08-24 17:22:00,8,8,24,17,22,870,85,"55, CHAMBE (AVENUE DU GE",,,Plein jour,En agglomération,Hors intersection,Normale,Autre collision,,,,,,,,,,,1,2,1,1,6
200800044142,0008-08-25 06:25:00,8,8,25,6,25,870,85,ESSARTS (RUE DES),,,Plein jour,En agglomération,Hors intersection,Pluie légère,Autre collision,,,,,,,,,,,1,2,1,2,6
200800044143,0008-08-26 09:16:00,8,8,26,9,16,870,85,AUTOROUTE A20,,,Plein jour,Hors agglomération,Hors intersection,Normale,Deux véhicules - côté,,,,,,,,,,,1,1,1,1,3
200800044144,0008-08-26 11:26:00,8,8,26,11,26,870,85,ORADOUR SUR GLANE (CARRE,,,Plein jour,En agglomération,Intersection en X,Normale,Deux véhicules - côté,,,,,,,,,,,1,2,2,1,3
200800044145,0008-08-26 15:49:00,8,8,26,15,49,870,85,"39, BRIAND (RUE ARISTIDE",,,Plein jour,En agglomération,Hors intersection,Normale,Deux véhicules - arrière,,,,,,,,,,,1,2,1,1,2
200800044146,0008-08-26 17:26:00,8,8,26,17,26,870,85,"56, PISSARO (RUE CAMILLE",,,Plein jour,En agglomération,Hors intersection,Normale,Autre collision,,,,,,,,,,,1,2,1,1,6
200800044147,0008-08-27 14:14:00,8,8,27,14,14,870,85,"1, CHURCHILL WINSTON (PL",,,Plein jour,En agglomération,Hors intersection,Normale,Deux véhicules - arrière,,,,,,,,,,,1,2,1,1,2
200800044148,0008-08-27 15:58:00,8,8,27,15,58,870,85,"8, MONTJOVIS (AVENUE)",,,Plein jour,En agglomération,Hors intersection,Normale,Deux véhicules - arrière,,,,,,,,,,,1,2,1,1,2
200800044149,0008-08-27 16:58:00,8,8,27,16,58,870,85,"44, CHATEAUROUX (RUE DE)",,,Plein jour,Hors agglomération,Hors intersection,Normale,Deux véhicules - arrière,,,,,,,,,,,1,1,1,1,2
200800044150,0008-08-28 13:35:00,8,8,28,13,35,870,85,"175, PERRIN (RUE FRANCOI",,,Plein jour,En agglomération,Hors intersection,Normale,Autre collision,,,,,,,,,,,1,2,1,1,6
200800044151,0008-08-28 13:36:00,8,8,28,13,36,870,85,"118, SABLARD (AVENUE DE)",,,Plein jour,En agglomération,Giratoire,Normale,Deux véhicules - côté,,,,,,,,,,,1,2,6,1,3
200800044152,0008-08-29 13:15:00,8,8,29,13,15,870,65,RD979,,,Plein jour,Hors agglomération,Hors intersection,Normale,Autre collision,,,,,,,,,,,1,1,1,1,6
200800044153,0008-08-31 00:37:00,8,8,31,0,37,870,85,"26, RHIN ET DANUBE (RUE)",,,Plein jour,En agglomération,Hors intersection,Normale,Deux véhicules - côté,,,,,,,,,,,1,2,1,1,3
200800044154,0008-08-31 18:45:00,8,8,31,18,45,870,85,"1, VALOINE (ROND-POINT D",,,Plein jour,En agglomération,Giratoire,Normale,Autre collision,,,,,,,,,,,1,2,6,1,6
200800044155,0008-08-31 19:30:00,8,8,31,19,30,870,85,AUTOROUTE A20,,,Plein jour,Hors agglomération,Hors intersection,Normale,Deux véhicules - côté,,,,,,,,,,,1,1,1,1,3
200800044156,0008-08-31 20:23:00,8,8,31,20,23,870,85,"109, PERRIN (RUE FRANCOI",,,Plein jour,En agglomération,Hors intersection,Normale,Autre collision,,,,,,,,,,,1,2,1,1,6
200800044157,0008-08-05 15:25:00,8,8,5,15,25,880,209,"00, JEAN-CHARLES PELLERI",48.21653,6.42345,Plein jour,Hors agglomération,Hors intersection,Normale,Sans collision,,,,,,,,,,,1,1,1,1,7
200800044158,0008-08-30 11:15:00,8,8,30,11,15,880,209,"00, CITES NOUVELLES (RUE",,,Plein jour,En agglomération,Hors intersection,Normale,Deux véhicules - côté,,,,,,,,,,,1,2,1,1,3
200800044159,0008-08-06 10:50:00,8,8,6,10,50,880,383,"4 bis, rue du Capitaine",,,Plein jour,En agglomération,Hors intersection,Normale,Sans collision,,,,,,,,,,,1,2,1,1,7
200800044160,0008-08-05 13:20:00,8,8,5,13,20,890,24,"00, JEAN MERMOZ (AVENUE)",,,Plein jour,En agglomération,Hors intersection,Normale,Trois véhicules et plus - en chaîne,,,,,,,,,,,1,2,1,1,4
200800044161,0008-08-01 12:17:00,8,8,1,12,17,890,24,"00, JEAN MERMOZ (AVENUE)",,,Plein jour,En agglomération,Hors intersection,Normale,Trois véhicules et plus - en chaîne,,,,,,,,,,,1,2,1,1,4
200800044162,0008-08-31 10:50:00,8,8,31,10,50,890,24,"73, PONT (RUE DU)",,,Plein jour,En agglomération,Hors intersection,Normale,Autre collision,,,,,,,,,,,1,2,1,1,6
200800044163,0008-08-06 05:50:00,8,8,6,5,50,890,287,"0, LIBERTE (AVENUE)",,,Crépuscule ou aube,En agglomération,Hors intersection,Pluie légère,Autre collision,,,,,,,,,,,2,2,1,2,6
200800044164,0008-08-22 08:45:00,8,8,22,8,45,890,387,"0, CASTORS (BOULEVARD DE",,,Plein jour,En agglomération,Intersection en X,Pluie légère,Deux véhicules - côté,,,,,,,,,,,1,2,2,2,3
200800044165,0008-08-02 13:30:00,8,8,2,13,30,900,99,"1, MARTINET (RUE DU)",,,Plein jour,En agglomération,Hors intersection,Normale,Sans collision,,,,,,,,,,,1,2,1,1,7
200800044166,0008-08-05 07:45:00,8,8,5,7,45,900,10,KENNEDY (BOULEVARD),,,Plein jour,En agglomération,Hors intersection,Normale,Autre collision,,,,,,,,,,,1,2,1,1,6
200800044167,0008-08-07 18:46:00,8,8,7,18,46,900,10,"3, LAMARTINE (RUE)",,,Plein jour,En agglomération,Intersection en X,Pluie légère,Deux véhicules - côté,,,,,,,,,,,1,2,2,2,3
200800044168,0008-08-10 22:10:00,8,8,10,22,10,900,10,"49, MOULIN (AVENUE JEAN)",,,Nuit avec éclairage non allumé,En agglomération,Intersection en T,Normale,Autre collision,,,,,,,,,,,4,2,3,1,6
200800044169,0008-08-12 21:45:00,8,8,12,21,45,900,10,"5, FOCH (AVENUE)",,,Crépuscule ou aube,En agglomération,Hors intersection,Pluie légère,Sans collision,,,,,,,,,,,2,2,1,2,7
200800044170,0008-08-13 23:00:00,8,8,13,23,0,900,10,"121, JAURES (AVENUE JEAN",,,Nuit avec éclairage allumé,En agglomération,Hors intersection,Normale,Deux véhicules - côté,,,,,,,,,,,5,2,1,1,3
200800044171,0008-08-13 13:45:00,8,8,13,13,45,900,10,"1, VIEIL ARMAND (RUE DU)",,,Plein jour,En agglomération,Intersection en T,Normale,Deux véhicules - côté,,,,,,,,,,,1,2,3,1,3
200800044172,0008-08-16 14:25:00,8,8,16,14,25,900,8,GRAND'RUE,,,Plein jour,En agglomération,Autre intersection,Normale,Deux véhicules - arrière,,,,,,,,,,,1,2,9,1,2
200800044173,0008-08-16 16:15:00,8,8,16,16,15,900,10,"1, GERMINAL (RUE)",,,Plein jour,En agglomération,Intersection en T,Normale,Deux véhicules - côté,,,,,,,,,,,1,2,3,1,3
200800044174,0008-08-22 17:06:00,8,8,22,17,6,900,10,LAURENCIE (AVENUE CAPITA,,,Plein jour,En agglomération,Intersection en X,Normale,Deux véhicules - côté,,,,,,,,,,,1,2,2,1,3
200800044175,0008-08-24 18:05:00,8,8,24,18,5,900,10,"102, JAURES (AVENUE JEAN",,,Plein jour,En agglomération,Hors intersection,Normale,Deux véhicules - arrière,,,,,,,,,,,1,2,1,1,2
200800044176,0008-08-26 17:40:00,8,8,26,17,40,900,76,GRAND'RUE,,,Plein jour,En agglomération,Hors intersection,Normale,Deux véhicules - arrière,,,,,,,,,,,1,2,1,1,2
200800044177,0008-08-28 06:45:00,8,8,28,6,45,900,10,"6, ANCETRES (FAUBOURG DE",,,Plein jour,En agglomération,Hors intersection,Normale,Autre collision,,,,,,,,,,,1,2,1,1,6
200800044178,0008-08-28 17:30:00,8,8,28,17,30,900,76,GRAND'RUE,,,Plein jour,En agglomération,Hors intersection,Normale,Deux véhicules - côté,,,,,,,,,,,1,2,1,1,3
200800044179,0008-08-30 12:55:00,8,8,30,12,55,900,10,"1, LIBERTE (PLACE DE LA)",,,Plein jour,En agglomération,Hors intersection,Normale,Autre collision,,,,,,,,,,,1,2,1,1,6
200800044180,0008-08-30 20:45:00,8,8,30,20,45,900,10,"42, CROIX DU TILLEUL (RU",,,Nuit avec éclairage non allumé,En agglomération,Intersection en T,Normale,Deux véhicules - côté,,,,,,,,,,,4,2,3,1,3
200800044181,0008-08-01 17:25:00,8,8,1,17,25,910,27,BENARD (AVENUE JEAN-PIER,,,Plein jour,En agglomération,Intersection en X,Normale,Autre collision,,,,,,,,,,,1,2,2,1,6
200800044182,0008-08-16 22:10:00,8,8,16,22,10,910,27,"0, GAITE (RUE DE LA)",,,Crépuscule ou aube,En agglomération,Intersection en X,Normale,Autre collision,,,,,,,,,,,2,2,2,1,6
200800044183,0008-08-06 22:55:00,8,8,6,22,55,910,514,LIBERATION (RUE DE LA),,,Nuit avec éclairage allumé,En agglomération,Hors intersection,Normale,Sans collision,,,,,,,,,,,5,2,1,1,7
200800044184,0008-08-12 19:30:00,8,8,12,19,30,910,631,MANDRES (RUE DE),,,Plein jour,En agglomération,Hors intersection,Normale,Autre collision,,,,,,,,,,,1,2,1,1,6
200800044185,0008-08-21 14:05:00,8,8,21,14,5,910,114,CHARLES DE GAULLE,,,Plein jour,En agglomération,Hors intersection,Normale,Deux véhicules - côté,,,,,,,,,,,1,2,1,1,3
200800044186,0008-08-21 18:20:00,8,8,21,18,20,910,215,CHARLES GOUNOD (AVENUE),,,Plein jour,En agglomération,Hors intersection,Normale,Deux véhicules - côté,,,,,,,,,,,1,2,1,1,3
200800044187,0008-08-22 14:00:00,8,8,22,14,0,910,114,GENERAL LECLERC (AVENUE,,,Plein jour,En agglomération,Hors intersection,Pluie légère,Autre collision,,,,,,,,,,,1,2,1,2,6
200800044188,0008-08-01 13:20:00,8,8,1,13,20,910,201,HENRI BARBUSSE(BOULEVARD,,,Plein jour,En agglomération,Hors intersection,Normale,Deux véhicules - côté,,,,,,,,,,,1,2,1,1,3
200800044189,0008-08-28 12:45:00,8,8,28,12,45,340,129,BOIRARGUES (AVENUE DE),,,Plein jour,En agglomération,Hors intersection,Normale,Trois véhicules et plus - en chaîne,,,,,,,,,,,1,2,1,1,4
200800044190,0008-08-09 03:15:00,8,8,9,3,15,340,301,"AUCUN, PAIX (ROND POINT",,,Nuit avec éclairage allumé,En agglomération,Hors intersection,Normale,Sans collision,,,,,,,,,,,5,2,1,1,7
200800044191,0008-08-30 19:25:00,8,8,30,19,25,340,172,"220, PRES D'ARENES (AVEN",43.59447,3.879,Plein jour,En agglomération,Hors intersection,Normale,Deux véhicules - côté,,,,,,,,,,,1,2,1,1,3
200800044192,0008-08-09 11:30:00,8,8,9,11,30,340,301,"AUCUN, RD 612",,,Plein jour,Hors agglomération,Hors intersection,Normale,Autre collision,,,,,,,,,,,1,1,1,1,6
200800044193,0008-08-17 12:35:00,8,8,17,12,35,340,108,"aucun, RD 612",,,Plein jour,Hors agglomération,Hors intersection,Normale,Trois véhicules et plus - collisions multiples,,,,,,,,,,,1,1,1,1,5
200800044194,0008-08-18 21:00:00,8,8,18,21,0,340,301,"aucun, MONNET JEAN (AVEN",,,Crépuscule ou aube,En agglomération,Hors intersection,Normale,Autre collision,,,,,,,,,,,2,2,1,1,6
200800044195,0008-08-23 03:00:00,8,8,23,3,0,340,301,"AUCUN, LECLERC PHILIPPE",,,Nuit avec éclairage allumé,En agglomération,Hors intersection,Normale,Deux véhicules - côté,,,,,,,,,,,5,2,1,1,3
200800044196,0008-08-28 21:55:00,8,8,28,21,55,340,108,"33, MUSCAT (AVENUE DU)",,,Nuit avec éclairage allumé,En agglomération,Hors intersection,Normale,Deux véhicules - côté,,,,,,,,,,,5,2,1,1,3
200800044197,0008-08-03 00:01:00,8,8,3,0,1,350,238,"31, GENIAUX (CHARLES)",,,Nuit avec éclairage allumé,En agglomération,Hors intersection,Normale,Autre collision,,,,,,,,,,,5,2,1,1,6
200800044198,0008-08-04 10:05:00,8,8,4,10,5,350,238,PORTE DE LORIENT,,,Plein jour,Hors agglomération,Autre intersection,Normale,Autre collision,,,,,,,,,,,1,1,9,1,6
200800044199,0008-08-04 18:00:00,8,8,4,18,0,350,238,"41, LEGRAVEREND",,,Plein jour,En agglomération,Hors intersection,Normale,Autre collision,,,,,,,,,,,1,2,1,1,6
200800044200,0008-08-05 17:30:00,8,8,5,17,30,350,238,ROCADE 10-11,,,Plein jour,Hors agglomération,Hors intersection,Normale,Deux véhicules - arrière,,,,,,,,,,,1,1,1,1,2
200800044201,0008-08-05 18:50:00,8,8,5,18,50,350,238,"00, PARIS (RUE DE)",,,Plein jour,En agglomération,Intersection en T,Normale,Deux véhicules - côté,,,,,,,,,,,1,2,3,1,3
200800044202,0008-08-05 20:30:00,8,8,5,20,30,350,238,"00, GAYEULLES (AVENUE DE",,,Plein jour,En agglomération,Giratoire,Normale,Sans collision,,,,,,,,,,,1,2,6,1,7
200800044203,0008-08-01 16:15:00,8,8,1,16,15,350,238,"00, C CIAL LES LONGS CHA",,,Plein jour,En agglomération,Autre intersection,Normale,Autre collision,,,,,,,,,,,1,2,9,1,6
200800044204,0008-08-06 18:15:00,8,8,6,18,15,350,238,"00, STRASBOURG (BOULEVAR",,,Plein jour,En agglomération,Intersection en X,Normale,Deux véhicules - côté,,,,,,,,,,,1,2,2,1,3
200800044205,0008-08-07 06:05:00,8,8,7,6,5,350,238,"00, PORTE DE BREST",,,Nuit avec éclairage allumé,Hors agglomération,Autre intersection,Pluie légère,Autre collision,,,,,,,,,,,5,1,9,2,6
200800044206,0008-08-11 18:45:00,8,8,11,18,45,350,238,"00, PAYS-BAS (AVENUE DES",,,Plein jour,En agglomération,Intersection en T,Normale,Deux véhicules - côté,,,,,,,,,,,1,2,3,1,3
200800044207,0008-08-13 17:20:00,8,8,13,17,20,350,238,"00, VERN (DE)",,,Plein jour,En agglomération,Giratoire,Normale,Autre collision,,,,,,,,,,,1,2,6,1,6
200800044208,0008-08-15 07:45:00,8,8,15,7,45,350,238,"32, REDON (DE)",,,Plein jour,En agglomération,Intersection en X,Normale,Sans collision,,,,,,,,,,,1,2,2,1,7
200800044209,0008-08-17 04:45:00,8,8,17,4,45,350,238,"00, PORTE DE BREST",,,Nuit sans éclairage public,En agglomération,Autre intersection,Normale,Autre collision,,,,,,,,,,,3,2,9,1,6
200800044210,0008-08-18 20:30:00,8,8,18,20,30,350,238,"20, SAINT-HELIER",,,Plein jour,En agglomération,Hors intersection,Pluie légère,Trois véhicules et plus - collisions multiples,,,,,,,,,,,1,2,1,2,5
200800044211,0008-08-19 04:50:00,8,8,19,4,50,350,238,"132, LORIENT (DE)",,,Nuit avec éclairage allumé,En agglomération,Intersection en T,Normale,Autre collision,,,,,,,,,,,5,2,3,1,6
200800044212,0008-08-20 17:00:00,8,8,20,17,0,350,238,"00, PAVIE (AUGUSTE)",,,Plein jour,En agglomération,Giratoire,Normale,Sans collision,,,,,,,,,,,1,2,6,1,7
200800044213,0008-08-21 08:35:00,8,8,21,8,35,350,238,"00, PORTE DE ST MALO",,,Plein jour,Hors agglomération,Autre intersection,Pluie légère,Autre collision,,,,,,,,,,,1,1,9,2,6
200800044214,0008-08-22 15:05:00,8,8,22,15,5,350,281,"00, LE CORFEC (RUE LT)",,,Plein jour,En agglomération,Giratoire,Normale,Sans collision,,,,,,,,,,,1,2,6,1,7
200800044215,0008-08-23 09:10:00,8,8,23,9,10,350,238,"00, BRETAGNE (PLACE DE)",,,Plein jour,En agglomération,Place,Normale,Deux véhicules - côté,,,,,,,,,,,1,2,7,1,3
200800044216,0008-08-23 15:30:00,8,8,23,15,30,350,278,"00, RD 29",,,Plein jour,Hors agglomération,Giratoire,Normale,Deux véhicules - côté,,,,,,,,,,,1,1,6,1,3
200800044217,0008-08-24 11:05:00,8,8,24,11,5,350,238,"00, PORTE DE ST MALO",,,Plein jour,Hors agglomération,Autre intersection,Pluie légère,Autre collision,,,,,,,,,,,1,1,9,2,6
200800044218,0008-08-25 15:40:00,8,8,25,15,40,350,238,"00, FREVILLE (AVENUE HEN",,,Plein jour,En agglomération,Intersection en X,Pluie légère,Deux véhicules - côté,,,,,,,,,,,1,2,2,2,3
200800044219,0008-08-24 16:00:00,8,8,24,16,0,350,238,"94, VILLEBOIS MAREUIL (B",,,Plein jour,En agglomération,Hors intersection,Temps couvert,Autre collision,,,,,,,,,,,1,2,1,8,6
200800044220,0008-08-26 11:00:00,8,8,26,11,0,350,278,"00, RN 137",,,Plein jour,Hors agglomération,Hors intersection,Normale,Autre collision,,,,,,,,,,,1,1,1,1,6
200800044221,0008-08-27 12:50:00,8,8,27,12,50,350,55,"00, DEUX RUISSEAUX (AV.",,,Plein jour,En agglomération,Intersection en X,Temps couvert,Autre collision,,,,,,,,,,,1,2,2,8,6
200800044222,0008-08-28 19:05:00,8,8,28,19,5,350,281,"67, MERMOZ (BOULEVARD JE",,,Plein jour,En agglomération,Autre intersection,Normale,Sans collision,,,,,,,,,,,1,2,9,1,7
200800044223,0008-08-29 11:00:00,8,8,29,11,0,350,238,"00, SAINT-MARTIN",,,Plein jour,En agglomération,Hors intersection,Normale,Sans collision,,,,,,,,,,,1,2,1,1,7
200800044224,0008-08-29 16:15:00,8,8,29,16,15,350,238,"40, TOUR D'AUVERGNE (BD",,,Plein jour,En agglomération,Hors intersection,Normale,Deux véhicules - arrière,,,,,,,,,,,1,2,1,1,2
200800044225,0008-08-29 15:55:00,8,8,29,15,55,350,238,"216, LORIENT (DE)",,,Plein jour,En agglomération,Intersection en X,Normale,Deux véhicules - arrière,,,,,,,,,,,1,2,2,1,2
200800044226,0008-08-29 22:35:00,8,8,29,22,35,350,238,"22, METZ (BD DE)",,,Nuit avec éclairage allumé,En agglomération,Hors intersection,Normale,Deux véhicules - arrière,,,,,,,,,,,5,2,1,1,2
200800044227,0008-08-30 23:00:00,8,8,30,23,0,350,238,"00, PORTE DE LORIENT",,,Nuit sans éclairage public,Hors agglomération,Autre intersection,Normale,Sans collision,,,,,,,,,,,3,1,9,1,7
200800044228,0008-08-06 08:00:00,8,8,6,8,0,350,288,"000, FRANCAIS LIBRES (RO",,,Plein jour,En agglomération,Giratoire,Normale,Deux véhicules - arrière,,,,,,,,,,,1,2,6,1,2
200800044229,0008-08-22 15:52:00,8,8,22,15,52,350,288,"sans, JAURES JEAN (AVENU",,,Plein jour,En agglomération,Hors intersection,Normale,Deux véhicules - côté,,,,,,,,,,,1,2,1,1,3
200800044230,0008-08-25 18:50:00,8,8,25,18,50,350,288,"20, JAURES JEAN (AVENUE)",,,Plein jour,En agglomération,Intersection en T,Normale,Deux véhicules - côté,,,,,,,,,,,1,2,3,1,3
200800044231,0008-08-04 17:51:00,8,8,4,17,51,360,44,VERDUN (AV DE),,,Plein jour,En agglomération,Intersection en X,Normale,Deux véhicules - arrière,,,,,,,,,,,1,2,2,1,2
200800044232,0008-08-08 21:38:00,8,8,8,21,38,360,44,"24, LEMOINE (AV MARCEL)",,,Plein jour,En agglomération,Hors intersection,Normale,Sans collision,,,,,,,,,,,1,2,1,1,7
200800044233,0008-08-08 01:05:00,8,8,8,1,5,360,44,"94, RAC (DU 3 EME) DU 2",,,Nuit avec éclairage allumé,En agglomération,Hors intersection,Normale,Autre collision,,,,,,,,,,,5,2,1,1,6
200800044234,0008-08-01 14:25:00,8,8,1,14,25,360,44,"205, ARGENTON (AV D')",,,Plein jour,En agglomération,Hors intersection,Normale,Deux véhicules - arrière,,,,,,,,,,,1,2,1,1,2
200800044235,0008-08-14 18:10:00,8,8,14,18,10,360,44,BLOIS (AV DE),,,Plein jour,En agglomération,Intersection en T,Normale,Deux véhicules - côté,,,,,,,,,,,1,2,3,1,3
200800044236,0008-08-19 12:24:00,8,8,19,12,24,360,159,"1, VARENNES (ROUTE DE)",,,Plein jour,Hors agglomération,Hors intersection,Normale,Sans collision,,,,,,,,,,,1,1,1,1,7
200800044237,0008-08-21 10:50:00,8,8,21,10,50,360,44,"23, ANVAUX (BD D')",,,Plein jour,En agglomération,Hors intersection,Normale,Deux véhicules - arrière,,,,,,,,,,,1,2,1,1,2
200800044238,0008-08-22 11:44:00,8,8,22,11,44,360,44,"182, LEMOINE (AV MARCEL)",,,Plein jour,En agglomération,Hors intersection,Normale,Sans collision,,,,,,,,,,,1,2,1,1,7
200800044239,0008-08-22 18:41:00,8,8,22,18,41,360,202,TOURS (ANCIENNE ROUTE DE,,,Plein jour,Hors agglomération,Hors intersection,Normale,Autre collision,,,,,,,,,,,1,1,1,1,6
200800044240,0008-08-25 18:35:00,8,8,25,18,35,360,44,"8, PEPINIERES (DES)",,,Plein jour,En agglomération,Hors intersection,Normale,Autre collision,,,,,,,,,,,1,2,1,1,6
200800044241,0008-08-04 14:50:00,8,8,4,14,50,370,261,"132/134, GIRAUDEAU (RUE)",,,Plein jour,En agglomération,Hors intersection,Normale,Autre collision,,,,,,,,,,,1,2,1,1,6
200800044242,0008-08-01 17:54:00,8,8,1,17,54,370,261,SAINT BARTHELEMY (RUE ET,,,Plein jour,En agglomération,Intersection en T,Normale,Deux véhicules - côté,,,,,,,,,,,1,2,3,1,3
200800044243,0008-08-10 00:15:00,8,8,10,0,15,370,261,POMPIDOU (AVENUE GEORGES,,,Nuit avec éclairage allumé,En agglomération,Intersection en X,Normale,Autre collision,,,,,,,,,,,5,2,2,1,6
200800044244,0008-08-09 23:50:00,8,8,9,23,50,370,261,PARMENTIER (RUE),,,Nuit avec éclairage allumé,En agglomération,Intersection en X,Normale,Deux véhicules - côté,,,,,,,,,,,5,2,2,1,3
200800044245,0008-08-23 14:50:00,8,8,23,14,50,370,233,"84/86, MORINERIE (CHEMIN",,,Plein jour,En agglomération,Hors intersection,Normale,Deux véhicules - côté,,,,,,,,,,,1,2,1,1,3
200800044246,0008-08-31 17:50:00,8,8,31,17,50,370,122,BERGEONNERIE (RUE DE LA),,,Plein jour,En agglomération,Intersection en X,Normale,Trois véhicules et plus - collisions multiples,,,,,,,,,,,1,2,2,1,5
200800044247,0008-08-26 20:05:00,8,8,26,20,5,370,122,AMBOISE (RUE D'),,,Plein jour,En agglomération,Intersection en T,Normale,Deux véhicules - côté,,,,,,,,,,,1,2,3,1,3
200800044248,0008-08-01 18:50:00,8,8,1,18,50,380,53,D208,,,Plein jour,Hors agglomération,Hors intersection,Temps couvert,Deux véhicules - frontale,,,,,,,,,,,1,1,1,8,1
200800044249,0008-08-01 11:15:00,8,8,1,11,15,380,421,"00, PLACE DE LA RÉPUBLIQ",,,Plein jour,En agglomération,Hors intersection,Normale,Deux véhicules - arrière,,,,,,,,,,,1,2,1,1,2
200800044250,0008-08-01 22:40:00,8,8,1,22,40,380,185,"00, BOULEVARD AGUTTE SEM",,,Nuit avec éclairage allumé,En agglomération,Hors intersection,Normale,Deux véhicules - côté,,,,,,,,,,,5,2,1,1,3
200800044251,0008-08-02 19:20:00,8,8,2,19,20,380,185,"32, RUE AMPÈRE",,,Plein jour,En agglomération,Hors intersection,Normale,Deux véhicules - côté,,,,,,,,,,,1,2,1,1,3
200800044252,0008-08-05 10:00:00,8,8,5,10,0,380,516,"23 b, GRANDE RUE",,,Plein jour,En agglomération,Hors intersection,Normale,Deux véhicules - côté,,,,,,,,,,,1,2,1,1,3
200800044253,0008-08-06 09:40:00,8,8,6,9,40,380,151,"., AVENUE COLONEL MANHÈS",,,Plein jour,En agglomération,Hors intersection,Normale,Autre collision,,,,,,,,,,,1,2,1,1,6
200800044254,0008-08-07 21:00:00,8,8,7,21,0,380,185,"., PONT DU VERCORS",,,Crépuscule ou aube,En agglomération,Hors intersection,Autre,Deux véhicules - côté,,,,,,,,,,,2,2,1,9,3
200800044255,0008-08-11 09:40:00,8,8,11,9,40,380,151,"00, AVENUE DE LA RÉPUBLI",,,Plein jour,En agglomération,Hors intersection,Normale,Deux véhicules - côté,,,,,,,,,,,1,2,1,1,3
200800044256,0008-08-13 14:30:00,8,8,13,14,30,380,185,"00, BOULEVARD ÉDOUARD RE",,,Plein jour,En agglomération,Hors intersection,Normale,Sans collision,,,,,,,,,,,1,2,1,1,7
200800044257,0008-08-17 15:30:00,8,8,17,15,30,380,179,"00, RUE DU PETIT JEAN",,,Plein jour,En agglomération,Hors intersection,Normale,Deux véhicules - côté,,,,,,,,,,,1,2,1,1,3
200800044258,0008-08-18 05:50:00,8,8,18,5,50,380,185,"00, BOULEVARD CLEMENCEAU",,,Crépuscule ou aube,En agglomération,Hors intersection,Normale,Deux véhicules - côté,,,,,,,,,,,2,2,1,1,3
200800044259,0008-08-18 15:40:00,8,8,18,15,40,380,185,"00, IMPASSE DU REPOS",,,Plein jour,En agglomération,Hors intersection,Normale,Autre collision,,,,,,,,,,,1,2,1,1,6
200800044260,0008-08-21 17:20:00,8,8,21,17,20,380,185,99 VOIE NON IDENTIFIEE,,,Plein jour,Hors agglomération,Hors intersection,Normale,Sans collision,,,,,,,,,,,1,1,1,1,7
200800044261,0008-08-20 10:06:00,8,8,20,10,6,380,185,"00, BOULEVARD GAMBETTA",,,Plein jour,En agglomération,Hors intersection,Normale,Deux véhicules - côté,,,,,,,,,,,1,2,1,1,3
200800044262,0008-08-22 17:50:00,8,8,22,17,50,380,151,"00, AVENUE DU 8 MAI 1945",,,Plein jour,En agglomération,Hors intersection,Normale,Deux véhicules - côté,,,,,,,,,,,1,2,1,1,3
200800044263,0008-08-22 20:45:00,8,8,22,20,45,380,185,"00, RUE DE CURE BOURSE",,,Crépuscule ou aube,En agglomération,Hors intersection,Pluie forte,Deux véhicules - côté,,,,,,,,,,,2,2,1,3,3
200800044264,0008-08-25 09:30:00,8,8,25,9,30,380,185,"61, RUE FÉLIX ESCLANGON",,,Plein jour,En agglomération,Hors intersection,Normale,Deux véhicules - côté,,,,,,,,,,,1,2,1,1,3
200800044265,0008-08-28 16:38:00,8,8,28,16,38,380,185,"00, AVENUE DE L'EUROPE",,,Plein jour,En agglomération,Hors intersection,Normale,Autre collision,,,,,,,,,,,1,2,1,1,6
200800044266,0008-08-28 19:00:00,8,8,28,19,0,380,151,"12, RUE DE LA LUIRE",,,Plein jour,En agglomération,Hors intersection,Normale,Autre collision,,,,,,,,,,,1,2,1,1,6
200800044267,0008-08-30 11:40:00,8,8,30,11,40,380,185,"22, AVENUE FÉLIX VIALLET",,,Plein jour,En agglomération,Hors intersection,Normale,Autre collision,,,,,,,,,,,1,2,1,1,6
200800044268,0008-08-20 20:35:00,8,8,20,20,35,420,186,"02, BUISSON RUE FERDINAN",,,Nuit avec éclairage allumé,En agglomération,Hors intersection,Normale,Deux véhicules - arrière,,,,,,,,,,,5,2,1,1,2
200800044269,0008-08-05 17:05:00,8,8,5,17,5,420,187,"14, MOULIN PAILLASSON (R",,,Plein jour,En agglomération,Intersection en T,Normale,Trois véhicules et plus - collisions multiples,,,,,,,,,,,1,2,3,1,5
200800044270,0008-08-15 11:25:00,8,8,15,11,25,420,187,"20, HUGO (PLACE VICTOR )",,,Plein jour,En agglomération,Place,Normale,Deux véhicules - côté,,,,,,,,,,,1,2,7,1,3