accident_id,datetime,annee,mois,jour,heure,minute,departement,commune_insee,adresse,latitude,longitude,luminosite,agglomeration,intersection,meteo,collision,nb_vehicules,nb_usagers,nb_indemnes,nb_tues,nb_blesses_hosp,nb_blesses_legers,age_cond_1,age_cond_2,veh_type_cond_1,veh_type_cond_2,lum_code,agg_code,int_code,atm_code,col_code
200800044405,0008-08-03 22:20:00,8,8,3,22,20,450,234,"129 t, FAUBOURG BANNIER",,,Nuit avec éclairage allumé,En agglomération,Hors intersection,Normale,Deux véhicules - côté,,,,,,,,,,,5,2,1,1,3
200800044406,0008-08-04 18:37:00,8,8,4,18,37,450,169,"55, CHATEAU (RUE DU CHAT",,,Plein jour,En agglomération,Intersection en T,Normale,Deux véhicules - côté,,,,,,,,,,,1,2,3,1,3
200800044407,0008-08-05 15:13:00,8,8,5,15,13,450,234,VERDUN (BOULEVARD DE),,,Plein jour,En agglomération,Hors intersection,Normale,Autre collision,,,,,,,,,,,1,2,1,1,6
200800044408,0008-08-06 13:04:00,8,8,6,13,4,450,284,"86, SOULAS (AVENUE LOUIS",,,Plein jour,En agglomération,Hors intersection,Normale,Deux véhicules - arrière,,,,,,,,,,,1,2,1,1,2
200800044409,0008-08-06 18:03:00,8,8,6,18,3,450,232,VERDUN (AVENUE DE),,,Plein jour,En agglomération,Intersection en X,Normale,Deux véhicules - côté,,,,,,,,,,,1,2,2,1,3
200800044410,0008-08-09 14:30:00,8,8,9,14,30,450,234,"9, PRESIDENT KENNEDY (AV",,,Plein jour,En agglomération,Hors intersection,Normale,Autre collision,,,,,,,,,,,1,2,1,1,6
200800044411,0008-08-11 17:15:00,8,8,11,17,15,450,169,GOUMAT (ALLEE DE),,,Plein jour,Hors agglomération,Hors intersection,Normale,Sans collision,,,,,,,,,,,1,1,1,1,7
200800044412,0008-08-13 19:56:00,8,8,13,19,56,450,234,JOFFRE (PONT),,,Plein jour,Hors agglomération,Hors intersection,Normale,Trois véhicules et plus - collisions multiples,,,,,,,,,,,1,1,1,1,5
200800044413,0008-08-13 17:40:00,8,8,13,17,40,450,147,ZAY (PLACE JEAN ZAY),,,Plein jour,En agglomération,Intersection en X,Normale,Deux véhicules - côté,,,,,,,,,,,1,2,2,1,3
200800044414,0008-08-16 18:15:00,8,8,16,18,15,450,302,ORMES (ROUTE D'),,,Plein jour,En agglomération,Intersection en T,Pluie légère,Deux véhicules - côté,,,,,,,,,,,1,2,3,2,3
200800044415,0008-08-16 18:48:00,8,8,16,18,48,450,169,"02, LAVOISIER (RUE)",,,Plein jour,Hors agglomération,Hors intersection,Pluie légère,Deux véhicules - frontale,,,,,,,,,,,1,1,1,2,1
200800044416,0008-08-18 20:10:00,8,8,18,20,10,450,234,"face 65, FAUBOURG DE BOU",,,Crépuscule ou aube,En agglomération,Hors intersection,Normale,Deux véhicules - côté,,,,,,,,,,,2,2,1,1,3
200800044417,0008-08-18 19:15:00,8,8,18,19,15,450,302,"258, CHARTRES (ANCIENNE",,,Plein jour,En agglomération,Hors intersection,Normale,Autre collision,,,,,,,,,,,1,2,1,1,6
200800044418,0008-08-25 20:24:00,8,8,25,20,24,450,234,CHATELET (QUAI DU),,,Crépuscule ou aube,En agglomération,Intersection en T,Normale,Deux véhicules - côté,,,,,,,,,,,2,2,3,1,3
200800044419,0008-08-29 05:58:00,8,8,29,5,58,450,234,"207, FAUBOURG SAINT VINC",,,Plein jour,En agglomération,Intersection en T,Normale,Deux véhicules - côté,,,,,,,,,,,1,2,3,1,3
200800044420,0008-08-29 20:00:00,8,8,29,20,0,450,234,"10, CYPIERRE (QUAI)",,,Plein jour,En agglomération,Intersection en T,Normale,Deux véhicules - côté,,,,,,,,,,,1,2,3,1,3
200800044421,0008-08-30 01:50:00,8,8,30,1,50,450,302,ROUTE NATIONALE 20,,,Nuit avec éclairage allumé,En agglomération,Hors intersection,Normale,Sans collision,,,,,,,,,,,5,2,1,1,7
200800044422,0008-08-30 08:03:00,8,8,30,8,3,450,302,"2625, CHARTRES (ANCIENNE",,,Plein jour,En agglomération,Intersection en X,Normale,Deux véhicules - côté,,,,,,,,,,,1,2,2,1,3
200800044423,0008-08-04 14:40:00,8,8,4,14,40,460,42,"208, CASANOVA (RUE DANIE",,,Plein jour,En agglomération,Hors intersection,Normale,Sans collision,,,,,,,,,,,1,2,1,1,7
200800044424,0008-08-20 18:03:00,8,8,20,18,3,490,7,"0, ARENES",,,Plein jour,En agglomération,Hors intersection,Normale,Deux véhicules - côté,,,,,,,,,,,1,2,1,1,3
200800044425,0008-08-21 14:51:00,8,8,21,14,51,490,7,"41, DESCAZEAUX BOULEVARD",,,Plein jour,En agglomération,Hors intersection,Normale,Deux véhicules - arrière,,,,,,,,,,,1,2,1,1,2
200800044426,0008-08-22 10:24:00,8,8,22,10,24,490,7,"0, RN 260",,,Plein jour,Hors agglomération,Intersection en Y,Pluie légère,Deux véhicules - côté,,,,,,,,,,,1,1,4,2,3
200800044427,0008-08-23 21:20:00,8,8,23,21,20,490,7,"0, LETANDUERE",,,Nuit avec éclairage allumé,En agglomération,Intersection en X,Normale,Deux véhicules - côté,,,,,,,,,,,5,2,2,1,3
200800044428,0008-08-22 16:42:00,8,8,22,16,42,490,7,"0, SAINTE CROIX PLACE",,,Plein jour,En agglomération,Hors intersection,Normale,Sans collision,,,,,,,,,,,1,2,1,1,7
200800044429,0008-08-26 21:40:00,8,8,26,21,40,490,7,"102, VILLESICARD RUE ET",,,Nuit avec éclairage allumé,En agglomération,Hors intersection,Normale,Sans collision,,,,,,,,,,,5,2,1,1,7
200800044430,0008-08-27 07:49:00,8,8,27,7,49,490,7,"0, ATLANTIQUE  AVENUE DE",,,Plein jour,En agglomération,Hors intersection,Normale,Deux véhicules - arrière,,,,,,,,,,,1,2,1,1,2
200800044431,0008-08-27 19:20:00,8,8,27,19,20,490,15,"0, RD 106",,,Plein jour,Hors agglomération,Hors intersection,Normale,Autre collision,,,,,,,,,,,1,1,1,1,6
200800044432,0008-08-28 11:59:00,8,8,28,11,59,490,7,"0, GEOFFRAY",,,Plein jour,En agglomération,Giratoire,Normale,Deux véhicules - côté,,,,,,,,,,,1,2,6,1,3
200800044433,0008-08-28 14:44:00,8,8,28,14,44,490,7,"106 BIS, PASTEUR",,,Plein jour,En agglomération,Hors intersection,Normale,Deux véhicules - arrière,,,,,,,,,,,1,2,1,1,2
200800044434,0008-08-28 15:24:00,8,8,28,15,24,490,7,"0, LISE",,,Plein jour,En agglomération,Hors intersection,Normale,Autre collision,,,,,,,,,,,1,2,1,1,6
200800044435,0008-08-31 13:20:00,8,8,31,13,20,490,7,"40, CORNILLEAU",,,Plein jour,En agglomération,Hors intersection,Normale,Autre collision,,,,,,,,,,,1,2,1,1,6
200800044436,0008-08-29 09:30:00,8,8,29,9,30,490,7,"23, BARON",,,Plein jour,En agglomération,Hors intersection,Normale,Autre collision,,,,,,,,,,,1,2,1,1,6
200800044437,0008-08-29 17:18:00,8,8,29,17,18,490,7,"29, GAIN ( LOUIS)",,,Plein jour,En agglomération,Hors intersection,Normale,Autre collision,,,,,,,,,,,1,2,1,1,6
200800044438,0008-08-29 18:37:00,8,8,29,18,37,490,353,"0, BAHONNEAU BOULEVARD",,,Plein jour,En agglomération,Hors intersection,Normale,Sans collision,,,,,,,,,,,1,2,1,1,7
200800044439,0008-08-30 11:48:00,8,8,30,11,48,490,7,"0, MARIANNE BOULEVARD",,,Plein jour,En agglomération,Intersection en X,Normale,Deux véhicules - côté,,,,,,,,,,,1,2,2,1,3
200800044440,0008-08-31 00:20:00,8,8,31,0,20,490,7,"0, RN 260",,,Nuit sans éclairage public,Hors agglomération,Hors intersection,Normale,Sans collision,,,,,,,,,,,3,1,1,1,7
200800044441,0008-08-18 05:25:00,8,8,18,5,25,490,99,"1, PORTE BARON (RUE DE L",,,Nuit avec éclairage allumé,En agglomération,Intersection en X,Normale,Deux véhicules - côté,,,,,,,,,,,5,2,2,1,3
200800044442,0008-08-01 11:40:00,8,8,1,11,40,490,328,"128, COTEAUX (RUE DES)",,,Plein jour,En agglomération,Hors intersection,Normale,Deux véhicules - côté,,,,,,,,,,,1,2,1,1,3
200800044443,0008-08-12 19:45:00,8,8,12,19,45,490,328,"SANS, ROCADE(Bretelle d'",,,Plein jour,Hors agglomération,Hors intersection,Normale,Trois véhicules et plus - collisions multiples,,,,,,,,,,,1,1,1,1,5
200800044444,0008-08-02 21:40:00,8,8,2,21,40,490,328,"276, FLANDRES DUNKERQUE",,,Nuit avec éclairage allumé,En agglomération,Intersection en T,Normale,Deux véhicules - côté,,,,,,,,,,,5,2,3,1,3
200800044445,0008-08-23 07:00:00,8,8,23,7,0,490,328,"sans, RESISTANCE (PLACE",,,Plein jour,Hors agglomération,Giratoire,Normale,Autre collision,,,,,,,,,,,1,1,6,1,6
200800044446,0008-08-26 19:25:00,8,8,26,19,25,490,328,"sans, PORTAIL LOUIS (RUE",,,Plein jour,En agglomération,Hors intersection,Normale,Sans collision,,,,,,,,,,,1,2,1,1,7
200800044447,0008-08-29 14:05:00,8,8,29,14,5,490,328,"sans, FUSILLES (AVENUE D",,,Plein jour,En agglomération,Hors intersection,Normale,Trois véhicules et plus - en chaîne,,,,,,,,,,,1,2,1,1,4
200800044448,0008-08-29 18:15:00,8,8,29,18,15,490,328,"sans, FOUCHARD (RUE DU P",,,Plein jour,En agglomération,Hors intersection,Normale,Deux véhicules - arrière,,,,,,,,,,,1,2,1,1,2
200800044449,0008-08-01 16:00:00,8,8,1,16,0,500,129,"0, BREMERHAVEN (AVENUE D",,,Plein jour,En agglomération,Intersection en Y,Normale,Deux véhicules - côté,,,,,,,,,,,1,2,4,1,3
200800044450,0008-08-04 17:30:00,8,8,4,17,30,500,129,"4.699, LEMONNIER (AVENUE",,,Plein jour,En agglomération,Hors intersection,Normale,Trois véhicules et plus - collisions multiples,,,,,,,,,,,1,2,1,1,5
200800044451,0008-08-06 09:00:00,8,8,6,9,0,500,129,"0, MENDES FRANCE (BOULEV",,,Plein jour,En agglomération,Hors intersection,Normale,Autre collision,,,,,,,,,,,1,2,1,1,6
200800044452,0008-08-06 20:20:00,8,8,6,20,20,500,129,"0, NAPOLEON (PLACE)",,,Plein jour,En agglomération,Intersection en X,Normale,Autre collision,,,,,,,,,,,1,2,2,1,6
200800044453,0008-08-09 03:40:00,8,8,9,3,40,500,203,"00, rue des TERRES FEUIL",,,Nuit sans éclairage public,Hors agglomération,Hors intersection,Normale,Sans collision,,,,,,,,,,,3,1,1,1,7
200800044454,0008-08-13 11:40:00,8,8,13,11,40,500,129,"00, BREMERHAVEN (AVENUE",,,Plein jour,En agglomération,Intersection en T,Vent fort / tempête,Deux véhicules - arrière,,,,,,,,,,,1,2,3,6,2
200800044455,0008-08-13 16:15:00,8,8,13,16,15,500,602,"0, CARNOT (RUE)",,,Plein jour,En agglomération,Intersection en X,Vent fort / tempête,Deux véhicules - côté,,,,,,,,,,,1,2,2,6,3
200800044456,0008-08-15 18:20:00,8,8,15,18,20,500,129,"00, NAPOLEON (PLACE)",,,Plein jour,En agglomération,Hors intersection,Normale,Deux véhicules - arrière,,,,,,,,,,,1,2,1,1,2
200800044457,0008-08-17 19:10:00,8,8,17,19,10,500,173,"0, GAULLE (RUE DU GENERA",,,Plein jour,En agglomération,Hors intersection,Normale,Autre collision,,,,,,,,,,,1,2,1,1,6
200800044458,0008-08-20 18:10:00,8,8,20,18,10,500,602,"00, COUPLETS (ROUTE DES)",,,Plein jour,Hors agglomération,Hors intersection,Normale,Sans collision,,,,,,,,,,,1,1,1,1,7
200800044459,0008-08-22 16:50:00,8,8,22,16,50,500,203,"0, SCHWEITZER (RUE DU DO",,,Plein jour,En agglomération,Intersection en T,Normale,Deux véhicules - frontale,,,,,,,,,,,1,2,3,1,1
200800044460,0008-08-22 17:50:00,8,8,22,17,50,500,129,"15, BREMERHAVEN (AVENUE",,,Plein jour,En agglomération,Hors intersection,Normale,Deux véhicules - frontale,,,,,,,,,,,1,2,1,1,1
200800044461,0008-08-22 17:55:00,8,8,22,17,55,500,173,"0, LECLERC (RUE DU GENER",,,Plein jour,En agglomération,Intersection en X,Normale,Deux véhicules - côté,,,,,,,,,,,1,2,2,1,3
200800044462,0008-08-25 13:30:00,8,8,25,13,30,500,129,"171, PARIS (AVENUE DE)",,,Plein jour,En agglomération,Hors intersection,Normale,Autre collision,,,,,,,,,,,1,2,1,1,6
200800044463,0008-08-27 19:25:00,8,8,27,19,25,500,173,"0, BART (RUE JEAN)",,,Plein jour,En agglomération,Hors intersection,Normale,Deux véhicules - frontale,,,,,,,,,,,1,2,1,1,1
200800044464,0008-08-28 12:10:00,8,8,28,12,10,500,602,"00, CITES (RUE DES)",,,Plein jour,En agglomération,Intersection en X,Pluie légère,Deux véhicules - côté,,,,,,,,,,,1,2,2,2,3
200800044465,0008-08-31 08:05:00,8,8,31,8,5,500,416,"9, HAGUE (BOULEVARD DE L",,,Plein jour,En agglomération,Hors intersection,Normale,Autre collision,,,,,,,,,,,1,2,1,1,6
200800044466,0008-08-31 15:00:00,8,8,31,15,0,500,129,"00, LELEDIER (RUE)",,,Plein jour,En agglomération,Intersection en T,Normale,Deux véhicules - côté,,,,,,,,,,,1,2,3,1,3
200800044467,0008-08-21 09:45:00,8,8,21,9,45,500,502,"1022, EXODE",,,Plein jour,En agglomération,Hors intersection,Normale,Autre collision,,,,,,,,,,,1,2,1,1,6
200800044468,0008-08-21 00:30:00,8,8,21,0,30,510,108,RD 977 (RTE DE SUIPPES),,,Nuit sans éclairage public,Hors agglomération,Hors intersection,Normale,Sans collision,,,,,,,,,,,3,1,1,1,7
200800044469,0008-08-28 08:54:00,8,8,28,8,54,510,108,"66, FAGNIERES (RUE DE)",,,Plein jour,En agglomération,Hors intersection,Normale,Deux véhicules - arrière,,,,,,,,,,,1,2,1,1,2
200800044470,0008-08-04 19:40:00,8,8,4,19,40,510,230,REIMS (RUE DE),,,Plein jour,En agglomération,Intersection en X,Normale,Deux véhicules - côté,,,,,,,,,,,1,2,2,1,3
200800044471,0008-08-23 22:25:00,8,8,23,22,25,510,230,JEAN JAURES (AVENUE),,,Nuit sans éclairage public,En agglomération,Hors intersection,Normale,Deux véhicules - arrière,,,,,,,,,,,3,2,1,1,2
200800044472,0008-08-01 11:50:00,8,8,1,11,50,510,454,CHANTERAINE (RUE),,,Plein jour,En agglomération,Intersection en Y,Normale,Autre collision,,,,,,,,,,,1,2,4,1,6
200800044473,0008-08-05 09:20:00,8,8,5,9,20,510,454,ALBERT 1ER (BOULEVARD),,,Plein jour,En agglomération,Intersection en X,Normale,Deux véhicules - frontale,,,,,,,,,,,1,2,2,1,1
200800044474,0008-08-06 19:05:00,8,8,6,19,5,510,454,HOURLIER (RUE LEON),,,Plein jour,En agglomération,Intersection en T,Normale,Deux véhicules - côté,,,,,,,,,,,1,2,3,1,3
200800044475,0008-08-07 12:15:00,8,8,7,12,15,510,172,LAPS (RUE DES),,,Plein jour,En agglomération,Hors intersection,Normale,Trois véhicules et plus - collisions multiples,,,,,,,,,,,1,2,1,1,5
200800044476,0008-08-08 13:45:00,8,8,8,13,45,510,454,CORA NORD,,,Plein jour,En agglomération,Giratoire,Normale,Sans collision,,,,,,,,,,,1,2,6,1,7
200800044477,0008-08-10 06:20:00,8,8,10,6,20,510,454,"35, BOCQUAINE (CHAUSSEE)",,,Plein jour,En agglomération,Hors intersection,Normale,Autre collision,,,,,,,,,,,1,2,1,1,6
200800044478,0008-08-05 08:20:00,8,8,5,8,20,520,121,"0, MARIOTTE (RUE VICTOR)",,,Plein jour,En agglomération,Intersection en Y,Normale,Autre collision,,,,,,,,,,,1,2,4,1,6
200800044479,0008-08-08 09:10:00,8,8,8,9,10,520,121,RD 619,,,Plein jour,Hors agglomération,Giratoire,Pluie légère,Sans collision,,,,,,,,,,,1,1,6,2,7
200800044480,0008-08-21 10:30:00,8,8,21,10,30,520,121,RD 200,,,Plein jour,Hors agglomération,Hors intersection,Normale,Deux véhicules - arrière,,,,,,,,,,,1,1,1,1,2
200800044481,0008-08-21 14:00:00,8,8,21,14,0,520,121,R.D. 65,,,Plein jour,Hors agglomération,Hors intersection,Normale,Deux véhicules - arrière,,,,,,,,,,,1,1,1,1,2
200800044482,0008-08-23 19:35:00,8,8,23,19,35,520,121,"9, THIERS (BLD)",,,Plein jour,En agglomération,Hors intersection,Normale,Deux véhicules - arrière,,,,,,,,,,,1,2,1,1,2
200800044483,0008-08-29 08:15:00,8,8,29,8,15,520,121,"89, VICTOIRE DE LA MARNE",,,Plein jour,En agglomération,Intersection en T,Normale,Deux véhicules - côté,,,,,,,,,,,1,2,3,1,3
200800044484,0008-08-30 10:35:00,8,8,30,10,35,520,121,"9, VAUGELADE (RUE)",,,Plein jour,En agglomération,Hors intersection,Normale,Autre collision,,,,,,,,,,,1,2,1,1,6
200800044485,0008-08-01 17:45:00,8,8,1,17,45,520,125,"0, CHATEAU (RUE DU)",,,Plein jour,Hors agglomération,Hors intersection,Normale,Autre collision,,,,,,,,,,,1,1,1,1,6
200800044486,0008-08-07 13:40:00,8,8,7,13,40,520,121,RD 619,,,Plein jour,En agglomération,Intersection en X,Normale,Autre collision,,,,,,,,,,,1,2,2,1,6
200800044487,0008-08-07 09:45:00,8,8,7,9,45,520,448,"3, ALSACE LORRAINE (AVEN",,,Plein jour,En agglomération,Hors intersection,Normale,Autre collision,,,,,,,,,,,1,2,1,1,6
200800044488,0008-08-14 10:40:00,8,8,14,10,40,520,448,"1, COMMUNE DE PARIS (RUE",,,Plein jour,En agglomération,Hors intersection,Normale,Autre collision,,,,,,,,,,,1,2,1,1,6
200800044489,0008-08-29 20:40:00,8,8,29,20,40,520,448,"14, PLAINE (QUARTIER DE",,,Crépuscule ou aube,Hors agglomération,Hors intersection,Normale,Autre collision,,,,,,,,,,,2,1,1,1,6
200800044490,0008-08-25 15:15:00,8,8,25,15,15,520,448,"12, LOYES (RUE DES)",,,Plein jour,Hors agglomération,Hors intersection,Normale,Deux véhicules - arrière,,,,,,,,,,,1,1,1,1,2
200800044491,0008-08-18 14:45:00,8,8,18,14,45,530,130,"177, LE PECQ ( RUE BERNA",,,Plein jour,En agglomération,Hors intersection,Normale,Deux véhicules - arrière,,,,,,,,,,,1,2,1,1,2
200800044492,0008-08-22 08:55:00,8,8,22,8,55,530,130,LE BASSER ( BOULEVARD FR,,,Plein jour,En agglomération,Giratoire,Pluie légère,Autre collision,,,,,,,,,,,1,2,6,2,6
200800044493,0008-08-18 18:35:00,8,8,18,18,35,540,159,LEOMONT (AVENUE DU),,,Plein jour,En agglomération,Intersection en T,Normale,Autre collision,,,,,,,,,,,1,2,3,1,6
200800044494,0008-08-01 09:25:00,8,8,1,9,25,540,357,"52, LAFAYETTE (RUE)",,,Plein jour,En agglomération,Hors intersection,Normale,Sans collision,,,,,,,,,,,1,2,1,1,7
200800044495,0008-08-02 13:45:00,8,8,2,13,45,540,184,"1, GREMILLON ( AVENUE DU",,,Plein jour,En agglomération,Giratoire,Normale,Deux véhicules - côté,,,,,,,,,,,1,2,6,1,3
200800044496,0008-08-02 17:45:00,8,8,2,17,45,540,395,"1, MAZAGRAN (RUE)",,,Plein jour,En agglomération,Intersection en T,Normale,Autre collision,,,,,,,,,,,1,2,3,1,6
200800044497,0008-08-03 13:40:00,8,8,3,13,40,540,547,JAURES (AVENUE JEAN),,,Plein jour,En agglomération,Intersection en X,Normale,Deux véhicules - côté,,,,,,,,,,,1,2,2,1,3
200800044498,0008-08-05 13:35:00,8,8,5,13,35,540,395,"1, FOCH (AVENUE 2 A 16/1",,,Plein jour,En agglomération,Intersection en X,Normale,Deux véhicules - côté,,,,,,,,,,,1,2,2,1,3
200800044499,0008-08-05 17:17:00,8,8,5,17,17,540,395,JOFFRE (BOULEVARD),,,Plein jour,En agglomération,Hors intersection,Normale,Autre collision,,,,,,,,,,,1,2,1,1,6
200800044500,0008-08-08 04:35:00,8,8,8,4,35,540,395,"87, POINCARE (RUE RAYMON",,,Nuit avec éclairage allumé,En agglomération,Intersection en X,Normale,Deux véhicules - arrière,,,,,,,,,,,5,2,2,1,2
200800044501,0008-08-09 17:10:00,8,8,9,17,10,540,274,"49, REPUBLIQUE (RUE DE L",,,Plein jour,En agglomération,Hors intersection,Normale,Deux véhicules - côté,,,,,,,,,,,1,2,1,1,3
200800044502,0008-08-19 11:11:00,8,8,19,11,11,490,15,"0, CANTENAY EPINARD ROUT",,,Plein jour,En agglomération,Hors intersection,Pluie légère,Deux véhicules - arrière,,,,,,,,,,,1,2,1,2,2
200800044503,0008-08-12 09:00:00,8,8,12,9,0,540,526,"1, POTIER (RUE EUGENE)",,,Plein jour,En agglomération,Intersection en X,Pluie légère,Deux véhicules - côté,,,,,,,,,,,1,2,2,2,3
200800044504,0008-08-12 11:30:00,8,8,12,11,30,540,395,VAYRINGE (RUE),,,Plein jour,En agglomération,Intersection en T,Normale,Autre collision,,,,,,,,,,,1,2,3,1,6
200800044505,0008-08-14 14:10:00,8,8,14,14,10,540,395,"2, LECLERC (AV. DU GENER",,,Plein jour,En agglomération,Intersection en X,Normale,Autre collision,,,,,,,,,,,1,2,2,1,6
200800044506,0008-08-15 04:55:00,8,8,15,4,55,540,304,LIBERATION (AVENUE DE LA,,,Nuit avec éclairage allumé,En agglomération,Intersection à plus de 4 branches,Normale,Autre collision,,,,,,,,,,,5,2,5,1,6
200800044507,0008-08-17 14:20:00,8,8,17,14,20,540,197,LUDRES (RUE DE),,,Plein jour,En agglomération,Hors intersection,Normale,Sans collision,,,,,,,,,,,1,2,1,1,7
200800044508,0008-08-18 16:10:00,8,8,18,16,10,540,395,"1, MON DESERT (RUE)",,,Plein jour,En agglomération,Intersection en X,Normale,Deux véhicules - côté,,,,,,,,,,,1,2,2,1,3
200800044509,0008-08-20 05:55:00,8,8,20,5,55,540,395,PINCHARD (AVENUE - TAMAR,,,Nuit avec éclairage allumé,En agglomération,Intersection en T,Normale,Deux véhicules - côté,,,,,,,,,,,5,2,3,1,3
200800044510,0008-08-21 17:19:00,8,8,21,17,19,540,395,"183, STRASBOURG (AVENUE",,,Plein jour,En agglomération,Hors intersection,Normale,Autre collision,,,,,,,,,,,1,2,1,1,6
200800044511,0008-08-25 11:15:00,8,8,25,11,15,540,395,"1, LEOPOLD (COURS)",,,Plein jour,En agglomération,Intersection en X,Normale,Trois véhicules et plus - en chaîne,,,,,,,,,,,1,2,2,1,4
200800044512,0008-08-25 15:40:00,8,8,25,15,40,540,395,SAINT JEAN (RUE),,,Plein jour,En agglomération,Intersection en X,Normale,Autre collision,,,,,,,,,,,1,2,2,1,6
200800044513,0008-08-28 18:50:00,8,8,28,18,50,540,395,SAINT DIZIER (RUE 2 A 80,,,Plein jour,En agglomération,Intersection en X,Normale,Deux véhicules - côté,,,,,,,,,,,1,2,2,1,3
200800044514,0008-08-06 21:22:00,8,8,6,21,22,540,431,EUROPE (AVENUE DE L'),,,Nuit avec éclairage allumé,En agglomération,Hors intersection,Normale,Deux véhicules - frontale,,,,,,,,,,,5,2,1,1,1
200800044515,0008-08-11 11:53:00,8,8,11,11,53,540,528,GENERAL BIGEARD (AVENUE),,,Plein jour,En agglomération,Intersection en T,Normale,Sans collision,,,,,,,,,,,1,2,3,1,7
200800044516,0008-08-14 19:50:00,8,8,14,19,50,540,525,RACINE JEAN (RUE),,,Plein jour,Hors agglomération,Hors intersection,Normale,Sans collision,,,,,,,,,,,1,1,1,1,7
200800044517,0008-08-22 14:45:00,8,8,22,14,45,540,521,LANGEVIN PAUL (RUE),,,Plein jour,Hors agglomération,Hors intersection,Pluie forte,Deux véhicules - frontale,,,,,,,,,,,1,1,1,3,1
200800044518,0008-08-01 11:40:00,8,8,1,11,40,550,476,"2, PONT DAMMARIE (ROUTE",,,Plein jour,En agglomération,Hors intersection,Normale,Autre collision,,,,,,,,,,,1,2,1,1,6
200800044519,0008-08-03 20:30:00,8,8,3,20,30,550,29,"13, EXELMANS ( RUE )",,,Nuit avec éclairage allumé,En agglomération,Hors intersection,Normale,Sans collision,,,,,,,,,,,5,2,1,1,7
200800044520,0008-08-08 00:30:00,8,8,8,0,30,550,29,"5, MAGINOT ( RUE ANDREE",,,Nuit avec éclairage allumé,En agglomération,Hors intersection,Normale,Sans collision,,,,,,,,,,,5,2,1,1,7
200800044521,0008-08-16 09:40:00,8,8,16,9,40,550,302,RN135,,,Plein jour,Hors agglomération,Hors intersection,Normale,Sans collision,,,,,,,,,,,1,1,1,1,7
200800044522,0008-08-19 22:15:00,8,8,19,22,15,550,29,"6, NOTRE DAME ( RUE )",,,Nuit avec éclairage allumé,En agglomération,Hors intersection,Normale,Autre collision,,,,,,,,,,,5,2,1,1,6
200800044523,0008-08-20 16:40:00,8,8,20,16,40,550,186,"25, CHATEAU ( RUE DU )",,,Plein jour,En agglomération,Hors intersection,Normale,Autre collision,,,,,,,,,,,1,2,1,1,6
200800044524,0008-08-23 11:25:00,8,8,23,11,25,550,29,"83, BRADFER ( RUE ERNEST",,,Plein jour,En agglomération,Hors intersection,Normale,Sans collision,,,,,,,,,,,1,2,1,1,7
200800044525,0008-08-04 07:15:00,8,8,4,7,15,550,505,PIERRE GOUBET ET JEAN VA,,,Plein jour,En agglomération,Intersection en T,Pluie forte,Deux véhicules - côté,,,,,,,,,,,1,2,3,3,3
200800044526,0008-08-12 18:50:00,8,8,12,18,50,550,43,"148,  DE GAULLE (GENERAL",,,Plein jour,En agglomération,Hors intersection,Normale,Trois véhicules et plus - en chaîne,,,,,,,,,,,1,2,1,1,4
200800044527,0008-08-11 16:00:00,8,8,11,16,0,550,43,MANGIN (GENERAL),,,Plein jour,En agglomération,Hors intersection,Normale,Sans collision,,,,,,,,,,,1,2,1,1,7
200800044528,0008-08-27 17:45:00,8,8,27,17,45,550,545,COLONEL DRIANT ( RUE ),,,Plein jour,En agglomération,Hors intersection,Normale,Deux véhicules - côté,,,,,,,,,,,1,2,1,1,3
200800044529,0008-08-02 08:50:00,8,8,2,8,50,560,162,"., SCHUMAN (RUE ROBERT)",,,Plein jour,En agglomération,Giratoire,Pluie légère,Autre collision,,,,,,,,,,,1,2,6,2,6
200800044530,0008-08-02 10:26:00,8,8,2,10,26,560,121,"170, BELGIQUE (RUE  DE )",,,Plein jour,En agglomération,Intersection en X,Pluie légère,Autre collision,,,,,,,,,,,1,2,2,2,6
200800044531,0008-08-02 18:30:00,8,8,2,18,30,560,121,"., COURBET (RUE  AMIRAL",,,Plein jour,En agglomération,Intersection en X,Normale,Deux véhicules - côté,,,,,,,,,,,1,2,2,1,3
200800044532,0008-08-04 12:10:00,8,8,4,12,10,560,162,"., 152 (ROUTE DEPARTEMEN",,,Plein jour,Hors agglomération,Hors intersection,Normale,Sans collision,,,,,,,,,,,1,1,1,1,7
200800044533,0008-08-05 13:40:00,8,8,5,13,40,560,121,"., BEAUFORT ( PL. DES FR",,,Plein jour,En agglomération,Giratoire,Normale,Deux véhicules - côté,,,,,,,,,,,1,2,6,1,3
200800044534,0008-08-05 22:10:00,8,8,5,22,10,560,98,"., PINS (RUE DES)",,,Crépuscule ou aube,En agglomération,Intersection en T,Normale,Autre collision,,,,,,,,,,,2,2,3,1,6
200800044535,0008-08-06 09:37:00,8,8,6,9,37,560,121,"., MANIO ( ECHANGEUR ET",,,Plein jour,En agglomération,Hors intersection,Normale,Deux véhicules - côté,,,,,,,,,,,1,2,1,1,3
200800044536,0008-08-07 21:50:00,8,8,7,21,50,560,121,"27, JAURES ( AVE JEAN )",,,Plein jour,En agglomération,Hors intersection,Normale,Sans collision,,,,,,,,,,,1,2,1,1,7
200800044537,0008-08-08 17:30:00,8,8,8,17,30,560,121,"., BRAILLE (RUE LOUIS)",,,Plein jour,En agglomération,Hors intersection,Normale,Sans collision,,,,,,,,,,,1,2,1,1,7
200800044538,0008-08-08 16:20:00,8,8,8,16,20,560,121,"., LIBERTE ( PLACE DE LA",,,Plein jour,En agglomération,Hors intersection,Normale,Sans collision,,,,,,,,,,,1,2,1,1,7