accident_id,datetime,annee,mois,jour,heure,minute,departement,commune_insee,adresse,latitude,longitude,luminosite,agglomeration,intersection,meteo,collision,nb_vehicules,nb_usagers,nb_indemnes,nb_tues,nb_blesses_hosp,nb_blesses_legers,age_cond_1,age_cond_2,veh_type_cond_1,veh_type_cond_2,lum_code,agg_code,int_code,atm_code,col_code
200800044539,0008-08-11 12:05:00,8,8,11,12,5,560,98,"., CROIZAT ( AVE AMBROIS",,,Plein jour,En agglomération,Hors intersection,Normale,Sans collision,,,,,,,,,,,1,2,1,1,7
200800044540,0008-08-11 14:43:00,8,8,11,14,43,560,98,"., BILLOUX ( AV. FRANCOI",,,Plein jour,En agglomération,Giratoire,Normale,Trois véhicules et plus - collisions multiples,,,,,,,,,,,1,2,6,1,5
200800044541,0008-08-13 13:25:00,8,8,13,13,25,560,83,"., HALAGE (RUE  DU )",,,Plein jour,Hors agglomération,Hors intersection,Normale,Sans collision,,,,,,,,,,,1,1,1,1,7
200800044542,0008-08-13 23:35:00,8,8,13,23,35,560,83,"27, JAURES ( AV. JEAN )",,,Nuit avec éclairage allumé,En agglomération,Hors intersection,Normale,Deux véhicules - arrière,,,,,,,,,,,5,2,1,1,2
200800044543,0008-08-14 14:14:00,8,8,14,14,14,560,121,"103, BELGIQUE (RUE  DE )",,,Plein jour,En agglomération,Intersection en T,Normale,Deux véhicules - côté,,,,,,,,,,,1,2,3,1,3
200800044544,0008-08-14 16:18:00,8,8,14,16,18,560,98,"., GAGARINE (RUE  YOURI",,,Plein jour,En agglomération,Hors intersection,Normale,Sans collision,,,,,,,,,,,1,2,1,1,7
200800044545,0008-08-14 17:30:00,8,8,14,17,30,560,121,"., BASE DES SOUS-MARINS",,,Plein jour,En agglomération,Hors intersection,Normale,Deux véhicules - arrière,,,,,,,,,,,1,2,1,1,2
200800044546,0008-08-15 17:25:00,8,8,15,17,25,560,121,"., VOLTAIRE (RUE)",,,Plein jour,En agglomération,Intersection en X,Normale,Deux véhicules - côté,,,,,,,,,,,1,2,2,1,3
200800044547,0008-08-16 05:04:00,8,8,16,5,4,560,121,"13, CHAIGNEAU (RUE)",,,Plein jour,En agglomération,Hors intersection,Pluie légère,Sans collision,,,,,,,,,,,1,2,1,2,7
200800044548,0008-08-18 11:51:00,8,8,18,11,51,560,121,"92, BELGIQUE (RUE  DE )",,,Plein jour,En agglomération,Hors intersection,Normale,Deux véhicules - arrière,,,,,,,,,,,1,2,1,1,2
200800044549,0008-08-18 16:50:00,8,8,18,16,50,560,121,"., BELGIQUE (RUE  DE )",,,Plein jour,En agglomération,Intersection en T,Normale,Trois véhicules et plus - collisions multiples,,,,,,,,,,,1,2,3,1,5
200800044550,0008-08-19 11:00:00,8,8,19,11,0,560,121,"., BLANQUI (RUE  LOUIS)",,,Plein jour,En agglomération,Hors intersection,Normale,Sans collision,,,,,,,,,,,1,2,1,1,7
200800044551,0008-08-20 19:35:00,8,8,20,19,35,560,98,"., SAINT-CHRISTOPHE ( PO",,,Plein jour,En agglomération,Hors intersection,Pluie légère,Sans collision,,,,,,,,,,,1,2,1,2,7
200800044552,0008-08-21 23:25:00,8,8,21,23,25,560,98,"., JAURES (RUE  JEAN )",,,Nuit avec éclairage allumé,En agglomération,Intersection en X,Normale,Deux véhicules - frontale,,,,,,,,,,,5,2,2,1,1
200800044553,0008-08-24 06:00:00,8,8,24,6,0,560,121,"., TURENNE (RUE DU COMTE",,,Nuit avec éclairage allumé,En agglomération,Intersection en X,Normale,Sans collision,,,,,,,,,,,5,2,2,1,7
200800044554,0008-08-24 15:04:00,8,8,24,15,4,560,121,"., LE COUTALLER ( RUE JE",,,Plein jour,En agglomération,Hors intersection,Normale,Sans collision,,,,,,,,,,,1,2,1,1,7
200800044555,0008-08-26 09:20:00,8,8,26,9,20,560,121,"., JAURES ( AVE JEAN )",,,Plein jour,En agglomération,Hors intersection,Normale,Deux véhicules - arrière,,,,,,,,,,,1,2,1,1,2
200800044556,0008-08-28 17:51:00,8,8,28,17,51,560,98,"83, CROIZAT ( AVE AMBROI",,,Plein jour,En agglomération,Hors intersection,Normale,Trois véhicules et plus - en chaîne,,,,,,,,,,,1,2,1,1,4
200800044557,0008-08-29 10:30:00,8,8,29,10,30,560,83,"01, LAVOISIER ( AVENUE )",,,Plein jour,En agglomération,Intersection en T,Normale,Deux véhicules - côté,,,,,,,,,,,1,2,3,1,3
200800044558,0008-08-29 20:05:00,8,8,29,20,5,560,121,"9, PLOEMEUR ( ET IMP DE",,,Plein jour,En agglomération,Hors intersection,Normale,Autre collision,,,,,,,,,,,1,2,1,1,6
200800044559,0008-08-29 20:20:00,8,8,29,20,20,560,98,"1, SAKHAROV (RUE  ANDRE",,,Plein jour,En agglomération,Hors intersection,Normale,Sans collision,,,,,,,,,,,1,2,1,1,7
200800044560,0008-08-30 08:55:00,8,8,30,8,55,560,121,"., PRIMEL (RUE  LOUIS )",,,Plein jour,En agglomération,Intersection en X,Normale,Deux véhicules - côté,,,,,,,,,,,1,2,2,1,3
200800044561,0008-08-02 20:05:00,8,8,2,20,5,560,260,"., DEGAS(AVENUE EDGAR)",,,Nuit avec éclairage non allumé,En agglomération,Hors intersection,Pluie légère,Autre collision,,,,,,,,,,,4,2,1,2,6
200800044562,0008-08-11 23:00:00,8,8,11,23,0,560,260,"., JAURES(RUE JEAN)",,,Nuit avec éclairage allumé,En agglomération,Hors intersection,Pluie forte,Autre collision,,,,,,,,,,,5,2,1,3,6
200800044563,0008-08-14 18:15:00,8,8,14,18,15,560,260,"68, JUIN(AVENUE DU MAREC",,,Plein jour,En agglomération,Hors intersection,Normale,Deux véhicules - côté,,,,,,,,,,,1,2,1,1,3
200800044564,0008-08-03 15:05:00,8,8,3,15,5,560,260,RN 165 -SENS NANTES / LO,,,Plein jour,Hors agglomération,Hors intersection,Normale,Sans collision,,,,,,,,,,,1,1,1,1,7
200800044565,0008-08-04 15:25:00,8,8,4,15,25,560,260,"., PONTIVY(BOULEVARD DE)",,,Plein jour,En agglomération,Intersection en T,Normale,Trois véhicules et plus - collisions multiples,,,,,,,,,,,1,2,3,1,5
200800044566,0008-08-04 16:05:00,8,8,4,16,5,560,260,"31, HUGO(AVENUE VICTOR)",,,Plein jour,En agglomération,Intersection en X,Normale,Autre collision,,,,,,,,,,,1,2,2,1,6
200800044567,0008-08-08 13:25:00,8,8,8,13,25,560,260,"., WILSON(AVENUE)",,,Plein jour,En agglomération,Hors intersection,Normale,Sans collision,,,,,,,,,,,1,2,1,1,7
200800044568,0008-08-19 16:35:00,8,8,19,16,35,560,260,"11 bis, HOCHE(RUE)",,,Plein jour,En agglomération,Hors intersection,Normale,Deux véhicules - côté,,,,,,,,,,,1,2,1,1,3
200800044569,0008-08-23 21:15:00,8,8,23,21,15,560,260,"., REPUBLIQUE(PLACE DE L",,,Crépuscule ou aube,En agglomération,Hors intersection,Normale,Deux véhicules - côté,,,,,,,,,,,2,2,1,1,3
200800044570,0008-08-11 20:50:00,8,8,11,20,50,570,227,PRINCIPALE(RUE),,,Nuit sans éclairage public,En agglomération,Intersection en T,Pluie légère,Deux véhicules - côté,,,,,,,,,,,3,2,3,2,3
200800044571,0008-08-18 22:20:00,8,8,18,22,20,570,227,"23, NATIONALE (RUE)DU C.",,,Nuit avec éclairage allumé,En agglomération,Giratoire,Normale,Deux véhicules - côté,,,,,,,,,,,5,2,6,1,3
200800044572,0008-08-17 21:15:00,8,8,17,21,15,570,227,NATIONALE(RUE)GIRAT.MERL,,,Nuit avec éclairage non allumé,En agglomération,Intersection en X,Temps couvert,Deux véhicules - côté,,,,,,,,,,,4,2,2,8,3
200800044573,0008-08-19 19:30:00,8,8,19,19,30,570,660,SCHOENECK(RUE DE)DU PONT,,,Plein jour,En agglomération,Intersection en T,Normale,Deux véhicules - côté,,,,,,,,,,,1,2,3,1,3
200800044574,0008-08-02 18:10:00,8,8,2,18,10,570,591,"7, USINE (RUE DE L')",,,Plein jour,En agglomération,Hors intersection,Normale,Sans collision,,,,,,,,,,,1,2,1,1,7
200800044575,0008-08-02 22:40:00,8,8,2,22,40,570,491,AVENIR (RUE DE L'),,,Nuit sans éclairage public,En agglomération,Hors intersection,Normale,Autre collision,,,,,,,,,,,3,2,1,1,6
200800044576,0008-08-27 16:45:00,8,8,27,16,45,570,591,"7, USINE (RUE DE L')",,,Plein jour,Hors agglomération,Hors intersection,Normale,Deux véhicules - frontale,,,,,,,,,,,1,1,1,1,1
200800044577,0008-08-01 09:35:00,8,8,1,9,35,570,463,"00, JEAN XXIII (AVENUE )",,,Plein jour,En agglomération,Hors intersection,Normale,Autre collision,,,,,,,,,,,1,2,1,1,6
200800044578,0008-08-02 13:10:00,8,8,2,13,10,570,463,"00, SENTE A MY (RUE )",,,Plein jour,En agglomération,Hors intersection,Normale,Autre collision,,,,,,,,,,,1,2,1,1,6
200800044579,0008-08-11 14:45:00,8,8,11,14,45,540,395,"1, POINCARE (RUE HENRI)",,,Plein jour,En agglomération,Intersection en X,Pluie légère,Deux véhicules - arrière,,,,,,,,,,,1,2,2,2,2
200800044580,0008-08-11 23:10:00,8,8,11,23,10,570,463,"00, FOCH (AVENUE )",,,Nuit avec éclairage allumé,En agglomération,Intersection en X,Pluie légère,Autre collision,,,,,,,,,,,5,2,2,2,6
200800044581,0008-08-12 11:55:00,8,8,12,11,55,570,463,"00, COETLOSQUET (RUE DU",,,Plein jour,Hors agglomération,Intersection en X,Pluie légère,Deux véhicules - côté,,,,,,,,,,,1,1,2,2,3
200800044582,0008-08-12 13:50:00,8,8,12,13,50,570,447,"00, RD 113a",,,Plein jour,En agglomération,Intersection en X,Pluie légère,Autre collision,,,,,,,,,,,1,2,2,2,6
200800044583,0008-08-16 13:00:00,8,8,16,13,0,570,751,"00, VICTOR POULAIN (RUE",,,Plein jour,En agglomération,Intersection en X,Normale,Autre collision,,,,,,,,,,,1,2,2,1,6
200800044584,0008-08-17 13:00:00,8,8,17,13,0,570,751,"40, METZ (RUE DE )",,,Plein jour,En agglomération,Hors intersection,Normale,Autre collision,,,,,,,,,,,1,2,1,1,6
200800044585,0008-08-17 19:55:00,8,8,17,19,55,570,463,"00, FORT DES BORDES (RUE",,,Nuit avec éclairage allumé,En agglomération,Intersection en T,Normale,Deux véhicules - côté,,,,,,,,,,,5,2,3,1,3
200800044586,0008-08-18 11:55:00,8,8,18,11,55,570,463,"38, FOCH (AVENUE )",,,Plein jour,En agglomération,Hors intersection,Normale,Trois véhicules et plus - collisions multiples,,,,,,,,,,,1,2,1,1,5
200800044587,0008-08-18 16:25:00,8,8,18,16,25,570,463,"00, SENTE A MY (RUE )",,,Plein jour,En agglomération,Intersection en X,Normale,Sans collision,,,,,,,,,,,1,2,2,1,7
200800044588,0008-08-19 16:20:00,8,8,19,16,20,570,463,"00, PLANTIERES (AVENUE D",,,Plein jour,En agglomération,Intersection en T,Temps couvert,Autre collision,,,,,,,,,,,1,2,3,8,6
200800044589,0008-08-22 23:00:00,8,8,22,23,0,570,463,"00, PARAIGES (PLACE DES",,,Nuit avec éclairage allumé,En agglomération,Intersection en X,Pluie légère,Deux véhicules - côté,,,,,,,,,,,5,2,2,2,3
200800044590,0008-08-26 18:50:00,8,8,26,18,50,570,642,"73, LIBERTE (VOIE DE LA)",,,Crépuscule ou aube,En agglomération,Hors intersection,Normale,Autre collision,,,,,,,,,,,2,2,1,1,6
200800044591,0008-08-27 17:05:00,8,8,27,17,5,570,463,"00, HAUTS PEUPLIERS (RUE",,,Plein jour,En agglomération,Intersection en X,Normale,Deux véhicules - côté,,,,,,,,,,,1,2,2,1,3
200800044592,0008-08-29 07:25:00,8,8,29,7,25,570,463,"7, BLIDA (AVENUE DE )",,,Plein jour,En agglomération,Hors intersection,Normale,Deux véhicules - côté,,,,,,,,,,,1,2,1,1,3
200800044593,0008-08-18 17:05:00,8,8,18,17,5,570,630,"49, POINCARE (RAYMOND)",,,Plein jour,En agglomération,Intersection en X,Normale,Autre collision,,,,,,,,,,,1,2,2,1,6
200800044594,0008-08-11 11:25:00,8,8,11,11,25,570,631,", CLEMENCEAU (RUE)",,,Plein jour,En agglomération,Intersection en X,Normale,Deux véhicules - côté,,,,,,,,,,,1,2,2,1,3
200800044595,0008-08-15 11:10:00,8,8,15,11,10,570,631,"2, FAIENCERIES (BOULEVAR",,,Plein jour,En agglomération,Intersection en X,Normale,Trois véhicules et plus - collisions multiples,,,,,,,,,,,1,2,2,1,5
200800044596,0008-08-04 21:00:00,8,8,4,21,0,570,672,MARCHAL (QUAI),,,Plein jour,En agglomération,Hors intersection,Normale,Deux véhicules - arrière,,,,,,,,,,,1,2,1,1,2
200800044597,0008-08-02 15:10:00,8,8,2,15,10,570,306,CD 13,,,Plein jour,Hors agglomération,Hors intersection,Normale,Deux véhicules - côté,,,,,,,,,,,1,1,1,1,3
200800044598,0008-08-07 12:05:00,8,8,7,12,5,570,647,GAULLE (RUE CHARLES DE),,,Plein jour,En agglomération,Intersection en T,Normale,Autre collision,,,,,,,,,,,1,2,3,1,6
200800044599,0008-08-20 09:00:00,8,8,20,9,0,570,221,"64, LORRAINE (AVENUE DE)",,,Plein jour,En agglomération,Intersection en X,Pluie légère,Autre collision,,,,,,,,,,,1,2,2,2,6
200800044600,0008-08-24 16:20:00,8,8,24,16,20,570,672,"14, VAL MARIE (BOUCLE DU",,,Plein jour,En agglomération,Hors intersection,Normale,Autre collision,,,,,,,,,,,1,2,1,1,6
200800044601,0008-08-26 09:20:00,8,8,26,9,20,570,672,"0, CLEMENCEAU (AVENUE) 1",,,Plein jour,En agglomération,Hors intersection,Normale,Autre collision,,,,,,,,,,,1,2,1,1,6
200800044602,0008-08-25 17:42:00,8,8,25,17,42,570,647,"193, GAULLE (RUE CHARLES",,,Plein jour,En agglomération,Hors intersection,Normale,Autre collision,,,,,,,,,,,1,2,1,1,6
200800044603,0008-08-26 07:40:00,8,8,26,7,40,570,441,"0, GARCHE (ROUTE DE)",,,Plein jour,Hors agglomération,Hors intersection,Normale,Deux véhicules - frontale,,,,,,,,,,,1,1,1,1,1
200800044604,0008-08-30 11:25:00,8,8,30,11,25,570,672,"31, ALBERT 1ER (AVENUE)",,,Plein jour,En agglomération,Hors intersection,Normale,Autre collision,,,,,,,,,,,1,2,1,1,6
200800044605,0008-08-31 20:12:00,8,8,31,20,12,570,672,"28, GENERAL DE CASTELNAU",,,Crépuscule ou aube,En agglomération,Hors intersection,Normale,Deux véhicules - côté,,,,,,,,,,,2,2,1,1,3
200800044606,0008-08-06 13:45:00,8,8,6,13,45,580,194,JEAN GAUTHERIN,,,Plein jour,En agglomération,Hors intersection,Normale,Sans collision,,,,,,,,,,,1,2,1,1,7
200800044607,0008-08-02 14:35:00,8,8,2,14,35,580,194,GRAND PRE DES BORDES,,,Plein jour,En agglomération,Hors intersection,Normale,Autre collision,,,,,,,,,,,1,2,1,1,6
200800044608,0008-08-24 01:20:00,8,8,24,1,20,580,194,"59, SAULAIES (ROUTE)",,,Nuit sans éclairage public,En agglomération,Hors intersection,Normale,Autre collision,,,,,,,,,,,3,2,1,1,6
200800044609,0008-08-18 16:10:00,8,8,18,16,10,580,194,"sans, MONTOTS",,,Plein jour,En agglomération,Intersection en X,Normale,Deux véhicules - côté,,,,,,,,,,,1,2,2,1,3
200800044610,0008-08-26 04:45:00,8,8,26,4,45,580,194,"SANS, GAUTRON DU COUDRAY",,,Nuit avec éclairage allumé,En agglomération,Giratoire,Pluie légère,Deux véhicules - côté,,,,,,,,,,,5,2,6,2,3
200800044611,0008-08-29 17:25:00,8,8,29,17,25,580,194,"12, TREIZIEME DE LIGNE",,,Plein jour,En agglomération,Hors intersection,Normale,Autre collision,,,,,,,,,,,1,2,1,1,6
200800044612,0008-08-31 18:38:00,8,8,31,18,38,590,8,"209, DRION (BOULEVARD)",,,Plein jour,En agglomération,Hors intersection,Normale,Autre collision,,,,,,,,,,,1,2,1,1,6
200800044613,0008-08-31 14:55:00,8,8,31,14,55,590,17,"806, BLUM  (AVENUE LEON)",,,Plein jour,En agglomération,Hors intersection,Normale,Autre collision,,,,,,,,,,,1,2,1,1,6
200800044614,0008-08-14 00:40:00,8,8,14,0,40,590,344,"71, MARCEL RINGEVAL (RUE",,,Nuit sans éclairage public,En agglomération,Hors intersection,Normale,Autre collision,,,,,,,,,,,3,2,1,1,6
200800044615,0008-08-30 05:55:00,8,8,30,5,55,590,253,935 (NOUVEAU C.D.),,,Nuit sans éclairage public,Hors agglomération,Hors intersection,Brouillard / fumée,Deux véhicules - frontale,,,,,,,,,,,3,1,1,5,1
200800044616,0008-08-09 12:50:00,8,8,9,12,50,590,288,"., RD 630",,,Plein jour,En agglomération,Hors intersection,Normale,Deux véhicules - frontale,,,,,,,,,,,1,2,1,1,1
200800044617,0008-08-24 14:10:00,8,8,24,14,10,590,327,"06, C (ALLEE - CITE DU N",,,Plein jour,En agglomération,Hors intersection,Normale,Deux véhicules - arrière,,,,,,,,,,,1,2,1,1,2
200800044618,0008-08-02 00:35:00,8,8,2,0,35,590,183,"0000, CALAIS",,,Nuit avec éclairage allumé,En agglomération,Intersection en X,Normale,Deux véhicules - côté,,,,,,,,,,,5,2,2,1,3
200800044619,0008-08-07 05:40:00,8,8,7,5,40,590,183,ROUGE - PONT,,,Crépuscule ou aube,En agglomération,Intersection en T,Pluie forte,Deux véhicules - côté,,,,,,,,,,,2,2,3,3,3
200800044620,0008-08-09 20:50:00,8,8,9,20,50,590,131,"0000, BERGUES CD 916 - R",,,Plein jour,En agglomération,Intersection en T,Pluie légère,Deux véhicules - côté,,,,,,,,,,,1,2,3,2,3
200800044621,0008-08-13 16:15:00,8,8,13,16,15,590,183,PETITE-SYNTHE CD 940 - A,,,Plein jour,En agglomération,Autre intersection,Normale,Deux véhicules - côté,,,,,,,,,,,1,2,9,1,3
200800044622,0008-08-20 07:20:00,8,8,20,7,20,590,183,MINCK - PLACE,,,Plein jour,En agglomération,Autre intersection,Normale,Deux véhicules - côté,,,,,,,,,,,1,2,9,1,3
200800044623,0008-08-21 19:30:00,8,8,21,19,30,590,183,"NEANT, FAIDHERBE - AVENU",,,Plein jour,En agglomération,Hors intersection,Normale,Autre collision,,,,,,,,,,,1,2,1,1,6
200800044624,0008-08-29 00:20:00,8,8,29,0,20,590,183,"NEANT, DARSES - CHAUSSEE",,,Nuit sans éclairage public,En agglomération,Hors intersection,Normale,Autre collision,,,,,,,,,,,3,2,1,1,6
200800044625,0008-08-30 08:15:00,8,8,30,8,15,590,183,"NEANT, FAIDHERBE - AVENU",,,Plein jour,En agglomération,Hors intersection,Normale,Autre collision,,,,,,,,,,,1,2,1,1,6
200800044626,0008-08-30 19:15:00,8,8,30,19,15,590,183,"NEANT, TURENNE - PLACE",,,Plein jour,En agglomération,Hors intersection,Normale,Autre collision,,,,,,,,,,,1,2,1,1,6
200800044627,0008-08-24 00:05:00,8,8,24,0,5,590,273,"140, BROSSOLETTE (RUE PI",,,Nuit avec éclairage allumé,En agglomération,Intersection en X,Normale,Deux véhicules - côté,,,,,,,,,,,5,2,2,1,3
200800044628,0008-08-20 18:55:00,8,8,20,18,55,590,295,".0, RN 42",,,Plein jour,Hors agglomération,Hors intersection,Normale,Deux véhicules - côté,,,,,,,,,,,1,1,1,1,3
200800044629,0008-08-02 01:15:00,8,8,2,1,15,590,378,"00, CLEMENCEAU BLVD (N°1",,,Nuit avec éclairage allumé,Hors agglomération,Giratoire,Pluie légère,Autre collision,,,,,,,,,,,5,1,6,2,6
200800044630,0008-08-03 17:50:00,8,8,3,17,50,590,9,"35, CONSTANT LOUIS RUE",,,Plein jour,En agglomération,Hors intersection,Normale,Autre collision,,,,,,,,,,,1,2,1,1,6
200800044631,0008-08-01 19:30:00,8,8,1,19,30,590,350,"001, DE COUBERTIN PIERRE",,,Plein jour,En agglomération,Hors intersection,Normale,Deux véhicules - arrière,,,,,,,,,,,1,2,1,1,2
200800044632,0008-08-04 13:40:00,8,8,4,13,40,590,350,LIBERTE BVD N°2 A 90-51,,,Plein jour,En agglomération,Intersection en X,Normale,Deux véhicules - côté,,,,,,,,,,,1,2,2,1,3
200800044633,0008-08-04 18:20:00,8,8,4,18,20,590,360,"00, SEQUEDIN ROUTE DE",,,Plein jour,En agglomération,Intersection en T,Normale,Autre collision,,,,,,,,,,,1,2,3,1,6
200800044634,0008-08-05 10:15:00,8,8,5,10,15,590,350,"05, CARREL ARMAND RUE",,,Plein jour,En agglomération,Hors intersection,Normale,Deux véhicules - côté,,,,,,,,,,,1,2,1,1,3
200800044635,0008-08-05 16:00:00,8,8,5,16,0,590,350,JAURES RUE JEAN,,,Plein jour,En agglomération,Intersection en X,Normale,Deux véhicules - côté,,,,,,,,,,,1,2,2,1,3
200800044636,0008-08-05 22:50:00,8,8,5,22,50,590,350,LIBERTE BOULEVARD N°1 A,,,Nuit avec éclairage allumé,En agglomération,Intersection en T,Normale,Deux véhicules - côté,,,,,,,,,,,5,2,3,1,3
200800044637,0008-08-05 23:10:00,8,8,5,23,10,590,350,"121, POSTES RUE N° RESTE",,,Nuit avec éclairage allumé,En agglomération,Hors intersection,Normale,Autre collision,,,,,,,,,,,5,2,1,1,6
200800044638,0008-08-07 07:25:00,8,8,7,7,25,590,350,LEZENNES BOULEVARD DE,,,Plein jour,En agglomération,Intersection en X,Pluie forte,Deux véhicules - arrière,,,,,,,,,,,1,2,2,3,2
200800044639,0008-08-08 15:40:00,8,8,8,15,40,590,193,"00, D 48A",,,Plein jour,Hors agglomération,Intersection en Y,Normale,Autre collision,,,,,,,,,,,1,1,4,1,6
200800044640,0008-08-08 20:30:00,8,8,8,20,30,590,9,"001, DOUMER PAUL RUE DU",,,Plein jour,En agglomération,Hors intersection,Normale,Autre collision,,,,,,,,,,,1,2,1,1,6
200800044641,0008-08-09 20:35:00,8,8,9,20,35,590,378,REPUBLIQUE AV DE LA ( N°,,,Crépuscule ou aube,En agglomération,Intersection en X,Pluie légère,Deux véhicules - côté,,,,,,,,,,,2,2,2,2,3
200800044642,0008-08-10 02:15:00,8,8,10,2,15,590,350,"27, BASSEE RUE DE LA",,,Nuit avec éclairage allumé,En agglomération,Intersection en X,Normale,Autre collision,,,,,,,,,,,5,2,2,1,6
200800044643,0008-08-10 16:15:00,8,8,10,16,15,590,350,"116, LIBERTE BVD N°147 A",,,Plein jour,En agglomération,Intersection en X,Normale,Deux véhicules - côté,,,,,,,,,,,1,2,2,1,3
200800044644,0008-08-11 11:00:00,8,8,11,11,0,590,9,8 MAI 1945 RUE DU A PART,,,Plein jour,En agglomération,Intersection en X,Normale,Deux véhicules - côté,,,,,,,,,,,1,2,2,1,3
200800044645,0008-08-11 18:15:00,8,8,11,18,15,590,350,"57, COMINES  PHILLIPE DE",,,Plein jour,En agglomération,Hors intersection,Normale,Autre collision,,,,,,,,,,,1,2,1,1,6
200800044646,0008-08-11 19:30:00,8,8,11,19,30,590,350,"22, MAGASIN RUE",,,Plein jour,En agglomération,Hors intersection,Normale,Deux véhicules - côté,,,,,,,,,,,1,2,1,1,3
200800044647,0008-08-10 22:50:00,8,8,10,22,50,590,350,"136, FAUBOURG DES POSTES",,,Nuit avec éclairage allumé,En agglomération,Hors intersection,Normale,Autre collision,,,,,,,,,,,5,2,1,1,6
200800044648,0008-08-12 11:30:00,8,8,12,11,30,590,410,DE GAULLE RUE DU GENERAL,,,Plein jour,En agglomération,Intersection en X,Pluie légère,Autre collision,,,,,,,,,,,1,2,2,2,6
200800044649,0008-08-12 18:30:00,8,8,12,18,30,590,9,"45, JAURES JEAN RUE    N",,,Plein jour,En agglomération,Hors intersection,Pluie légère,Deux véhicules - arrière,,,,,,,,,,,1,2,1,2,2
200800044650,0008-08-12 20:50:00,8,8,12,20,50,590,350,"00, POT RUE LONG",,,Crépuscule ou aube,En agglomération,Intersection en T,Temps couvert,Autre collision,,,,,,,,,,,2,2,3,8,6
200800044651,0008-08-15 19:15:00,8,8,15,19,15,590,350,"810, DUNKERQUE AVENUE",,,Plein jour,En agglomération,Hors intersection,Normale,Autre collision,,,,,,,,,,,1,2,1,1,6
200800044652,0008-08-16 11:00:00,8,8,16,11,0,590,350,"001, JACQUARD RUE",,,Plein jour,En agglomération,Intersection en T,Normale,Deux véhicules - côté,,,,,,,,,,,1,2,3,1,3
200800044653,0008-08-17 14:10:00,8,8,17,14,10,590,9,PERRIN JEAN  AVENUE,,,Plein jour,En agglomération,Intersection en X,Normale,Deux véhicules - côté,,,,,,,,,,,1,2,2,1,3
200800044654,0008-08-17 20:00:00,8,8,17,20,0,590,368,"12, NEGRIER RUE",,,Plein jour,En agglomération,Hors intersection,Normale,Autre collision,,,,,,,,,,,1,2,1,1,6
200800044655,0008-08-18 16:15:00,8,8,18,16,15,590,386,YPRES RUE D,,,Plein jour,En agglomération,Passage à niveau,Normale,Autre collision,,,,,,,,,,,1,2,8,1,6
200800044656,0008-08-19 16:05:00,8,8,19,16,5,590,128,"001, POINCARE RUE",,,Plein jour,En agglomération,Hors intersection,Normale,Trois véhicules et plus - en chaîne,,,,,,,,,,,1,2,1,1,4
200800044657,0008-08-03 10:45:00,8,8,3,10,45,570,463,"00, DEUX FONTAINES (AVEN",,,Plein jour,En agglomération,Hors intersection,Normale,Deux véhicules - frontale,,,,,,,,,,,1,2,1,1,1
200800044658,0008-08-21 16:30:00,8,8,21,16,30,590,350,LEPAN RUE DU DOCTEUR,,,Plein jour,En agglomération,Hors intersection,Normale,Autre collision,,,,,,,,,,,1,2,1,1,6
200800044659,0008-08-21 18:35:00,8,8,21,18,35,590,220,"102, LECLERCQ AV. DU GAL",,,Plein jour,En agglomération,Intersection en T,Normale,Autre collision,,,,,,,,,,,1,2,3,1,6
200800044660,0008-08-22 18:15:00,8,8,22,18,15,590,350,PORTE DE DOUAI  METRO,,,Plein jour,En agglomération,Hors intersection,Normale,Sans collision,,,,,,,,,,,1,2,1,1,7
200800044661,0008-08-24 19:50:00,8,8,24,19,50,590,350,MONTEBELLO BD PAIRS DE 7,,,Plein jour,En agglomération,Autre intersection,Normale,Autre collision,,,,,,,,,,,1,2,9,1,6
200800044662,0008-08-25 05:30:00,8,8,25,5,30,590,350,"001, WAZEMMES RUE DE N°1",,,Nuit avec éclairage allumé,En agglomération,Hors intersection,Normale,Deux véhicules - arrière,,,,,,,,,,,5,2,1,1,2
200800044663,0008-08-19 18:30:00,8,8,19,18,30,590,350,"20, LEBAS JEAN BAPTISTE",,,Plein jour,En agglomération,Hors intersection,Normale,Autre collision,,,,,,,,,,,1,2,1,1,6
200800044664,0008-08-25 12:05:00,8,8,25,12,5,590,350,KENNEDY AVENUE,,,Plein jour,En agglomération,Autre intersection,Normale,Autre collision,,,,,,,,,,,1,2,9,1,6
200800044665,0008-08-25 15:15:00,8,8,25,15,15,590,560,"001, HENTGES JOSEPH BOUL",,,Plein jour,En agglomération,Hors intersection,Normale,Deux véhicules - arrière,,,,,,,,,,,1,2,1,1,2
200800044666,0008-08-25 18:05:00,8,8,25,18,5,590,9,"001, FUSILLES RUE DES DU",,,Plein jour,En agglomération,Hors intersection,Normale,Deux véhicules - côté,,,,,,,,,,,1,2,1,1,3
200800044667,0008-08-09 15:45:00,8,8,9,15,45,590,286,"35, SALENGRO ROGER AVENU",,,Plein jour,En agglomération,Hors intersection,Normale,Autre collision,,,,,,,,,,,1,2,1,1,6
200800044668,0008-08-26 13:30:00,8,8,26,13,30,590,368,"00, PRE CATELAN RUE DU",,,Plein jour,En agglomération,Intersection en T,Normale,Autre collision,,,,,,,,,,,1,2,3,1,6
200800044669,0008-08-26 17:00:00,8,8,26,17,0,590,350,"00, BETHUNE (Porte de)",,,Plein jour,En agglomération,Intersection en T,Normale,Autre collision,,,,,,,,,,,1,2,3,1,6
200800044670,0008-08-27 06:00:00,8,8,27,6,0,590,350,"49, NOGUERE HENRI RUE",,,Crépuscule ou aube,En agglomération,Hors intersection,Normale,Autre collision,,,,,,,,,,,2,2,1,1,6
200800044671,0008-08-26 15:50:00,8,8,26,15,50,590,457,BOUCHERY HENRI RUE,,,Plein jour,En agglomération,Hors intersection,Normale,Deux véhicules - arrière,,,,,,,,,,,1,2,1,1,2