accident_id,datetime,annee,mois,jour,heure,minute,departement,commune_insee,adresse,latitude,longitude,luminosite,agglomeration,intersection,meteo,collision,nb_vehicules,nb_usagers,nb_indemnes,nb_tues,nb_blesses_hosp,nb_blesses_legers,age_cond_1,age_cond_2,veh_type_cond_1,veh_type_cond_2,lum_code,agg_code,int_code,atm_code,col_code
200800044672,0008-08-27 17:00:00,8,8,27,17,0,590,350,VERDUN BVD N°  RESTE,,,Plein jour,En agglomération,Hors intersection,Normale,Sans collision,,,,,,,,,,,1,2,1,1,7
200800044673,0008-08-29 13:20:00,8,8,29,13,20,590,350,"175, POT RUE LONG",,,Plein jour,En agglomération,Hors intersection,Normale,Autre collision,,,,,,,,,,,1,2,1,1,6
200800044674,0008-08-19 16:45:00,8,8,19,16,45,590,368,"001, REPUBLIQUE AVENUE D",,,Plein jour,En agglomération,Intersection en X,Normale,Deux véhicules - côté,,,,,,,,,,,1,2,2,1,3
200800044675,0008-08-04 20:25:00,8,8,4,20,25,590,365,CENTRE COMMERCIAL,,,Plein jour,Hors agglomération,Hors intersection,Normale,Sans collision,,,,,,,,,,,1,1,1,1,7
200800044676,0008-08-22 10:50:00,8,8,22,10,50,590,365,AVESNES (ROUTE D'),,,Plein jour,En agglomération,Intersection en T,Pluie légère,Deux véhicules - côté,,,,,,,,,,,1,2,3,2,3
200800044677,0008-08-24 19:00:00,8,8,24,19,0,590,225,"139, JEAN JAURES (RUE)",,,Plein jour,Hors agglomération,Hors intersection,Pluie légère,Deux véhicules - frontale,,,,,,,,,,,1,1,1,2,1
200800044678,0008-08-04 17:35:00,8,8,4,17,35,590,512,ALGER (RUE D'),,,Plein jour,Hors agglomération,Intersection en X,Normale,Deux véhicules - frontale,,,,,,,,,,,1,1,2,1,1
200800044679,0008-08-05 07:55:00,8,8,5,7,55,590,512,DE ROUBAIX (RUE PIERRE),,,Plein jour,En agglomération,Intersection en X,Normale,Deux véhicules - côté,,,,,,,,,,,1,2,2,1,3
200800044680,0008-08-11 10:40:00,8,8,11,10,40,590,650,GUESDE (RUE JULES),,,Plein jour,Hors agglomération,Hors intersection,Normale,Deux véhicules - côté,,,,,,,,,,,1,1,1,1,3
200800044681,0008-08-12 07:00:00,8,8,12,7,0,590,339,PLAINE (RUE DE LA),,,Nuit avec éclairage allumé,Hors agglomération,Intersection en X,Pluie légère,Deux véhicules - côté,,,,,,,,,,,5,1,2,2,3
200800044682,0008-08-13 21:05:00,8,8,13,21,5,590,512,TOURCOING (RUE DE),,,Nuit avec éclairage allumé,Hors agglomération,Hors intersection,Normale,Autre collision,,,,,,,,,,,5,1,1,1,6
200800044683,0008-08-06 18:00:00,8,8,6,18,0,590,512,LACROIX (RUE BOULEVARD),,,Plein jour,Hors agglomération,Intersection en X,Normale,Deux véhicules - côté,,,,,,,,,,,1,1,2,1,3
200800044684,0008-08-20 16:20:00,8,8,20,16,20,590,646,GRAND COTTIGNIES (AVENUE,,,Plein jour,Hors agglomération,Giratoire,Normale,Autre collision,,,,,,,,,,,1,1,6,1,6
200800044685,0008-08-07 08:10:00,8,8,7,8,10,590,512,REIMS (BOULEVARD DE),,,Plein jour,Hors agglomération,Intersection en X,Pluie légère,Deux véhicules - côté,,,,,,,,,,,1,1,2,2,3
200800044686,0008-08-23 18:30:00,8,8,23,18,30,590,512,MOTTE (AVENUE ALFRED),,,Plein jour,Hors agglomération,Hors intersection,Normale,Autre collision,,,,,,,,,,,1,1,1,1,6
200800044687,0008-08-27 10:35:00,8,8,27,10,35,590,512,LECLERC (BOULEVARD DU GE,,,Plein jour,En agglomération,Intersection en X,Normale,Autre collision,,,,,,,,,,,1,2,2,1,6
200800044688,0008-08-30 15:50:00,8,8,30,15,50,590,512,ALMA  (RUE DE L)',,,Plein jour,Hors agglomération,Intersection en X,Normale,Deux véhicules - côté,,,,,,,,,,,1,1,2,1,3
200800044689,0008-08-26 12:40:00,8,8,26,12,40,590,512,NATIONS UNIES (AVENUE DE,,,Plein jour,Hors agglomération,Intersection en X,Temps couvert,Autre collision,,,,,,,,,,,1,1,2,8,6
200800044690,0008-08-26 17:00:00,8,8,26,17,0,590,650,ESPIERRE (RUE DE L'),,,Plein jour,En agglomération,Hors intersection,Normale,Deux véhicules - frontale,,,,,,,,,,,1,2,1,1,1
200800044691,0008-08-29 13:45:00,8,8,29,13,45,590,512,LALANDE (RUE),,,Plein jour,En agglomération,Hors intersection,Normale,Autre collision,,,,,,,,,,,1,2,1,1,6
200800044692,0008-08-29 16:40:00,8,8,29,16,40,590,650,ZOLA (RUE EMILE),,,Plein jour,En agglomération,Intersection en X,Normale,Deux véhicules - côté,,,,,,,,,,,1,2,2,1,3
200800044693,0008-08-31 17:55:00,8,8,31,17,55,590,512,PARC DES SPORTS (AVENUE,,,Plein jour,Hors agglomération,Intersection en X,Normale,Autre collision,,,,,,,,,,,1,1,2,1,6
200800044694,0008-08-29 16:41:00,8,8,29,16,41,590,650,BLUM (RUE LEON),,,Plein jour,En agglomération,Hors intersection,Normale,Deux véhicules - côté,,,,,,,,,,,1,2,1,1,3
200800044695,0008-08-20 07:53:00,8,8,20,7,53,590,526,"07, DE LOUISE DE BETTIGN",,,Plein jour,En agglomération,Hors intersection,Normale,Deux véhicules - côté,,,,,,,,,,,1,2,1,1,3
200800044696,0008-08-15 12:30:00,8,8,15,12,30,590,456,"14, BEFFROI(RUE)",,,Plein jour,En agglomération,Hors intersection,Normale,Deux véhicules - côté,,,,,,,,,,,1,2,1,1,3
200800044697,0008-08-27 20:00:00,8,8,27,20,0,590,629,"96, SUZANNE LANNOY (RUE)",,,Plein jour,En agglomération,Intersection en T,Normale,Autre collision,,,,,,,,,,,1,2,3,1,6
200800044698,0008-08-01 21:15:00,8,8,1,21,15,590,508,"11, DRONCKAERT (RUE DU)",,,Plein jour,En agglomération,Intersection en X,Normale,Autre collision,,,,,,,,,,,1,2,2,1,6
200800044699,0008-08-09 14:30:00,8,8,9,14,30,590,599,"121, SCHWEITZER (RUE DU",,,Plein jour,En agglomération,Hors intersection,Normale,Autre collision,,,,,,,,,,,1,2,1,1,6
200800044700,0008-08-09 14:30:00,8,8,9,14,30,590,152,LILLE (RUE DE),,,Plein jour,Hors agglomération,Intersection en X,Normale,Deux véhicules - frontale,,,,,,,,,,,1,1,2,1,1
200800044701,0008-08-15 16:18:00,8,8,15,16,18,590,152,HALOT (CHEMIN DU),,,Plein jour,Hors agglomération,Hors intersection,Normale,Autre collision,,,,,,,,,,,1,1,1,1,6
200800044702,0008-08-18 08:10:00,8,8,18,8,10,590,508,LILLE (RUE DE)MENIN A 8,,,Plein jour,En agglomération,Hors intersection,Normale,Autre collision,,,,,,,,,,,1,2,1,1,6
200800044703,0008-08-26 17:05:00,8,8,26,17,5,590,599,MARNE (AVENUE DE LA),,,Plein jour,En agglomération,Intersection en X,Normale,Deux véhicules - côté,,,,,,,,,,,1,2,2,1,3
200800044704,0008-08-27 08:25:00,8,8,27,8,25,590,508,DRONCKAERT (RUE DU),,,Plein jour,En agglomération,Intersection en X,Normale,Deux véhicules - côté,,,,,,,,,,,1,2,2,1,3
200800044705,0008-08-26 14:25:00,8,8,26,14,25,590,599,RESISTANCE (PLACE DE LA),,,Plein jour,En agglomération,Hors intersection,Normale,Autre collision,,,,,,,,,,,1,2,1,1,6
200800044706,0008-08-29 21:30:00,8,8,29,21,30,590,98,AUGER (RUE),,,Nuit avec éclairage allumé,Hors agglomération,Giratoire,Normale,Deux véhicules - côté,,,,,,,,,,,5,1,6,1,3
200800044707,0008-08-31 16:55:00,8,8,31,16,55,590,599,ANOR (RUE D'),,,Plein jour,En agglomération,Intersection en X,Normale,Deux véhicules - côté,,,,,,,,,,,1,2,2,1,3
200800044708,0008-08-31 15:30:00,8,8,31,15,30,590,508,LINSELLES (RUE DE),,,Plein jour,En agglomération,Hors intersection,Normale,Deux véhicules - arrière,,,,,,,,,,,1,2,1,1,2
200800044709,0008-08-24 18:45:00,8,8,24,18,45,590,564,"15, DELORY (RUE GUSTAVE)",,,Plein jour,En agglomération,Hors intersection,Normale,Deux véhicules - arrière,,,,,,,,,,,1,2,1,1,2
200800044710,0008-08-30 21:40:00,8,8,30,21,40,590,79,"00, DERASSE (RESIDENCE D",,,Crépuscule ou aube,En agglomération,Hors intersection,Normale,Autre collision,,,,,,,,,,,2,2,1,1,6
200800044711,0008-08-12 17:00:00,8,8,12,17,0,590,606,", 127 EME R.I. (RUE DU)",,,Plein jour,En agglomération,Hors intersection,Normale,Autre collision,,,,,,,,,,,1,2,1,1,6
200800044712,0008-08-01 15:20:00,8,8,1,15,20,590,27,RD 13,,,Plein jour,En agglomération,Intersection en T,Normale,Deux véhicules - côté,,,,,,,,,,,1,2,3,1,3
200800044713,0008-08-19 10:30:00,8,8,19,10,30,590,479,"22, GLINEUR (RUE DU COLO",,,Plein jour,En agglomération,Hors intersection,Normale,Autre collision,,,,,,,,,,,1,2,1,1,6
200800044714,0008-08-31 17:00:00,8,8,31,17,0,590,606,"14, SALY (BOULEVARD)",,,Plein jour,En agglomération,Hors intersection,Normale,Autre collision,,,,,,,,,,,1,2,1,1,6
200800044715,0008-08-30 15:00:00,8,8,30,15,0,590,112,"350, JAURES (RUE JEAN)",,,Plein jour,En agglomération,Hors intersection,Normale,Deux véhicules - côté,,,,,,,,,,,1,2,1,1,3
200800044716,0008-08-27 15:35:00,8,8,27,15,35,590,606,SALY (BOULEVARD),,,Plein jour,En agglomération,Intersection en T,Normale,Deux véhicules - côté,,,,,,,,,,,1,2,3,1,3
200800044717,0008-08-24 10:50:00,8,8,24,10,50,590,491,"19, ROGER CLAIE (BOULEVA",,,Plein jour,En agglomération,Hors intersection,Normale,Autre collision,,,,,,,,,,,1,2,1,1,6
200800044718,0008-08-14 18:55:00,8,8,14,18,55,590,112,"140, JAURES (RUE JEAN)",,,Plein jour,En agglomération,Intersection en X,Normale,Autre collision,,,,,,,,,,,1,2,2,1,6
200800044719,0008-08-26 11:40:00,8,8,26,11,40,590,606,"00, MACAREZ (RUE ERNEST)",,,Plein jour,En agglomération,Hors intersection,Normale,Autre collision,,,,,,,,,,,1,2,1,1,6
200800044720,0008-08-25 08:00:00,8,8,25,8,0,590,369,"00, JAURES (RUE JEAN)",,,Plein jour,En agglomération,Giratoire,Normale,Autre collision,,,,,,,,,,,1,2,6,1,6
200800044721,0008-08-05 18:00:00,8,8,5,18,0,600,57,"9, VIGNES (RUE DES)",,,Plein jour,En agglomération,Hors intersection,Normale,Autre collision,,,,,,,,,,,1,2,1,1,6
200800044722,0008-08-18 18:45:00,8,8,18,18,45,600,57,CURIE PIERRE ET MARIE (R,,,Plein jour,En agglomération,Intersection en X,Normale,Trois véhicules et plus - en chaîne,,,,,,,,,,,1,2,2,1,4
200800044723,0008-08-14 16:55:00,8,8,14,16,55,600,159,ROYALLIEU (AV. DE),,,Plein jour,En agglomération,Hors intersection,Temps couvert,Autre collision,,,,,,,,,,,1,2,1,8,6
200800044724,0008-08-29 18:35:00,8,8,29,18,35,600,159,"06, MARTYRS-DE-LA-LIBERT",,,Plein jour,En agglomération,Hors intersection,Normale,Autre collision,,,,,,,,,,,1,2,1,1,6
200800044725,0008-08-06 10:40:00,8,8,6,10,40,600,175,HUIT MAI (PLACE DU),,,Plein jour,En agglomération,Intersection en T,Normale,Sans collision,,,,,,,,,,,1,2,3,1,7
200800044726,0008-08-11 10:40:00,8,8,11,10,40,600,175,REPUBLIQUE (RUE DE LA),,,Plein jour,En agglomération,Hors intersection,Normale,Sans collision,,,,,,,,,,,1,2,1,1,7
200800044727,0008-08-27 14:00:00,8,8,27,14,0,610,169,"119, DOMFRONT (ROUTE DE)",,,Plein jour,En agglomération,Hors intersection,Normale,Deux véhicules - arrière,,,,,,,,,,,1,2,1,1,2
200800044728,0008-08-30 15:50:00,8,8,30,15,50,610,169,"48, RICHARD LENOIR (RUE)",,,Plein jour,En agglomération,Hors intersection,Normale,Deux véhicules - arrière,,,,,,,,,,,1,2,1,1,2
200800044729,0008-08-10 00:45:00,8,8,10,0,45,620,41,"35, HEROS ( PLACE DES )",,,Nuit avec éclairage allumé,En agglomération,Hors intersection,Normale,Autre collision,,,,,,,,,,,5,2,1,1,6
200800044730,0008-08-14 14:50:00,8,8,14,14,50,620,41,"0, LECLERC ( PONT )",,,Plein jour,En agglomération,Intersection en T,Normale,Sans collision,,,,,,,,,,,1,2,3,1,7
200800044731,0008-08-20 21:55:00,8,8,20,21,55,620,37,"19, RUE HENRI CADOT",,,Nuit avec éclairage allumé,En agglomération,Hors intersection,Normale,Autre collision,,,,,,,,,,,5,2,1,1,6
200800044732,0008-08-26 12:40:00,8,8,26,12,40,620,37,RUE DU STADE,,,Plein jour,En agglomération,Giratoire,Normale,Deux véhicules - côté,,,,,,,,,,,1,2,6,1,3
200800044733,0008-08-26 21:00:00,8,8,26,21,0,620,41,"0, BLEUETS (DES)",,,Nuit avec éclairage allumé,En agglomération,Intersection en T,Normale,Deux véhicules - côté,,,,,,,,,,,5,2,3,1,3
200800044734,0008-08-30 19:30:00,8,8,30,19,30,620,41,RD 939,,,Plein jour,Hors agglomération,Hors intersection,Normale,Autre collision,,,,,,,,,,,1,1,1,1,6
200800044735,0008-08-27 15:00:00,8,8,27,15,0,620,48,PAIX (BOULEVARD DE LA),,,Plein jour,En agglomération,Hors intersection,Normale,Deux véhicules - frontale,,,,,,,,,,,1,2,1,1,1
200800044736,0008-08-20 11:35:00,8,8,20,11,35,620,570,ALLENDE (BD SALVADOR),,,Plein jour,En agglomération,Intersection en T,Normale,Deux véhicules - côté,,,,,,,,,,,1,2,3,1,3
200800044737,0008-08-31 00:15:00,8,8,31,0,15,620,570,CD 40,,,Nuit avec éclairage non allumé,En agglomération,Giratoire,Normale,Sans collision,,,,,,,,,,,4,2,6,1,7
200800044738,0008-08-10 13:15:00,8,8,10,13,15,620,108,ROND POINT DU MARQUENTER,,,Plein jour,En agglomération,Giratoire,Normale,Deux véhicules - côté,,,,,,,,,,,1,2,6,1,3
200800044739,0008-08-21 18:40:00,8,8,21,18,40,620,848,Jaures (rue Jean),,,Plein jour,En agglomération,Intersection en X,Normale,Deux véhicules - côté,,,,,,,,,,,1,2,2,1,3
200800044740,0008-08-21 17:25:00,8,8,21,17,25,620,119,"307, LILLE ( RUE DE )",,,Plein jour,En agglomération,Hors intersection,Normale,Autre collision,,,,,,,,,,,1,2,1,1,6
200800044741,0008-08-22 16:15:00,8,8,22,16,15,620,119,MOULIN ( BOULEVARD JEAN,,,Plein jour,En agglomération,Intersection en X,Temps couvert,Autre collision,,,,,,,,,,,1,2,2,8,6
200800044742,0008-08-14 09:00:00,8,8,14,9,0,620,758,"160, SAINT OMER ( Route",,,Plein jour,En agglomération,Hors intersection,Temps éblouissant,Autre collision,,,,,,,,,,,1,2,1,7,6
200800044743,0008-08-20 12:05:00,8,8,20,12,5,620,643,"0, LIBERTE ( Bld de la )",,,Plein jour,En agglomération,Intersection en X,Normale,Deux véhicules - côté,,,,,,,,,,,1,2,2,1,3
200800044744,0008-08-31 13:20:00,8,8,31,13,20,620,160,"32, GUYNEMER (Rue George",,,Plein jour,En agglomération,Autre intersection,Normale,Deux véhicules - frontale,,,,,,,,,,,1,2,9,1,1
200800044745,0008-08-02 13:30:00,8,8,2,13,30,620,178,"736, BRIQUET ( RAOUL )",,,Plein jour,En agglomération,Hors intersection,Normale,Deux véhicules - arrière,,,,,,,,,,,1,2,1,1,2
200800044746,0008-08-02 07:10:00,8,8,2,7,10,620,193,COLMAR (RUE DE),,,Crépuscule ou aube,En agglomération,Hors intersection,Normale,Sans collision,,,,,,,,,,,2,2,1,1,7
200800044747,0008-08-01 19:30:00,8,8,1,19,30,620,193,GAUGUIN (RUE P.),,,Plein jour,En agglomération,Hors intersection,Normale,Deux véhicules - côté,,,,,,,,,,,1,2,1,1,3
200800044748,0008-08-10 04:30:00,8,8,10,4,30,620,193,EDGAR QUINET,,,Nuit avec éclairage allumé,En agglomération,Hors intersection,Normale,Sans collision,,,,,,,,,,,5,2,1,1,7
200800044749,0008-08-24 17:50:00,8,8,24,17,50,620,193,GASTON BERTHE (DIGUE),,,Plein jour,En agglomération,Hors intersection,Normale,Deux véhicules - côté,,,,,,,,,,,1,2,1,1,3
200800044750,0008-08-24 22:30:00,8,8,24,22,30,620,193,GAMBETTA (BOULEVARD),,,Nuit avec éclairage allumé,En agglomération,Intersection en X,Normale,Deux véhicules - côté,,,,,,,,,,,5,2,2,1,3
200800044751,0008-08-31 15:10:00,8,8,31,15,10,620,193,DE GAULLE (BOULEVARD GEN,,,Plein jour,En agglomération,Autre intersection,Normale,Autre collision,,,,,,,,,,,1,2,9,1,6
200800044752,0008-08-06 18:35:00,8,8,6,18,35,620,215,"sans, BUQUEUX (CTR DE)",,,Plein jour,En agglomération,Intersection en X,Normale,Deux véhicules - côté,,,,,,,,,,,1,2,2,1,3
200800044753,0008-08-08 21:35:00,8,8,8,21,35,620,215,"sans, RD919",,,Nuit avec éclairage allumé,Hors agglomération,Hors intersection,Normale,Autre collision,,,,,,,,,,,5,1,1,1,6
200800044754,0008-08-12 13:35:00,8,8,12,13,35,620,215,"sans, PLACHEZ (R EDOUARD",,,Plein jour,En agglomération,Intersection en X,Normale,Deux véhicules - côté,,,,,,,,,,,1,2,2,1,3
200800044755,0008-08-19 20:58:00,8,8,19,20,58,620,413,ZOLA (R EMILE),,,Nuit avec éclairage allumé,En agglomération,Intersection en X,Normale,Deux véhicules - côté,,,,,,,,,,,5,2,2,1,3
200800044756,0008-08-20 12:32:00,8,8,20,12,32,620,215,"59, REPUBLIQUE (AV. DE L",,,Plein jour,En agglomération,Hors intersection,Normale,Autre collision,,,,,,,,,,,1,2,1,1,6
200800044757,0008-08-30 16:35:00,8,8,30,16,35,620,215,"712, COURRIERES (RTE DE)",,,Plein jour,En agglomération,Hors intersection,Normale,Deux véhicules - côté,,,,,,,,,,,1,2,1,1,3
200800044758,0008-08-31 15:20:00,8,8,31,15,20,620,215,"sans, RD917",,,Plein jour,En agglomération,Hors intersection,Normale,Deux véhicules - côté,,,,,,,,,,,1,2,1,1,3
200800044759,0008-08-26 12:15:00,8,8,26,12,15,620,413,"195, FUSILLES (R DES)",,,Plein jour,En agglomération,Hors intersection,Normale,Deux véhicules - côté,,,,,,,,,,,1,2,1,1,3
200800044760,0008-08-01 17:15:00,8,8,1,17,15,620,427,"0, BROSSOLETTE (R PIERRE",,,Plein jour,En agglomération,Intersection en T,Normale,Deux véhicules - côté,,,,,,,,,,,1,2,3,1,3
200800044761,0008-08-06 00:30:00,8,8,6,0,30,620,427,"0, FUSILLES (AV.)",,,Nuit avec éclairage allumé,En agglomération,Hors intersection,Normale,Autre collision,,,,,,,,,,,5,2,1,1,6
200800044762,0008-08-20 12:10:00,8,8,20,12,10,620,427,"0, GRUYELLE (R ELIE)",,,Plein jour,En agglomération,Hors intersection,Pluie légère,Trois véhicules et plus - collisions multiples,,,,,,,,,,,1,2,1,2,5
200800044763,0008-08-09 20:40:00,8,8,9,20,40,620,427,"0, PARMENTIER (R )",,,Plein jour,En agglomération,Hors intersection,Normale,Deux véhicules - arrière,,,,,,,,,,,1,2,1,1,2
200800044764,0008-08-24 11:10:00,8,8,24,11,10,620,133,"100, REPUBLIQUE (AV. DE",,,Plein jour,En agglomération,Hors intersection,Normale,Autre collision,,,,,,,,,,,1,2,1,1,6
200800044765,0008-08-16 18:00:00,8,8,16,18,0,620,771,"03, BEUGNET (R CASIMIR)",,,Plein jour,En agglomération,Hors intersection,Normale,Autre collision,,,,,,,,,,,1,2,1,1,6
200800044766,0008-08-26 14:25:00,8,8,26,14,25,620,498,"sans, POPIELUSZKO (R ABB",,,Plein jour,En agglomération,Intersection en T,Normale,Deux véhicules - côté,,,,,,,,,,,1,2,3,1,3
200800044767,0008-08-12 18:30:00,8,8,12,18,30,620,498,"sans, LILLE (RTE DE)  RN",,,Plein jour,En agglomération,Hors intersection,Normale,Autre collision,,,,,,,,,,,1,2,1,1,6
200800044768,0008-08-13 17:10:00,8,8,13,17,10,620,498,"sans, BASSEE (RTE DE LA)",,,Plein jour,En agglomération,Intersection en Y,Pluie légère,Deux véhicules - côté,,,,,,,,,,,1,2,4,2,3
200800044769,0008-08-25 07:20:00,8,8,25,7,20,620,498,"sans, BASLY (BD EMILE)",,,Plein jour,En agglomération,Hors intersection,Normale,Autre collision,,,,,,,,,,,1,2,1,1,6
200800044770,0008-08-12 09:30:00,8,8,12,9,30,620,498,"56, LANOY (R RENE)",,,Plein jour,En agglomération,Hors intersection,Normale,Autre collision,,,,,,,,,,,1,2,1,1,6
200800044771,0008-08-30 08:45:00,8,8,30,8,45,620,218,"sans, QUATORZE JUILLET (",,,Plein jour,En agglomération,Intersection en T,Temps éblouissant,Deux véhicules - côté,,,,,,,,,,,1,2,3,7,3
200800044772,0008-08-03 14:40:00,8,8,3,14,40,620,771,"sans, DOLET (R ETIENNE)",,,Plein jour,En agglomération,Hors intersection,Normale,Deux véhicules - frontale,,,,,,,,,,,1,2,1,1,1
200800044773,0008-08-08 17:00:00,8,8,8,17,0,620,573,"sans, MIRABEAU (R)",,,Plein jour,En agglomération,Hors intersection,Normale,Deux véhicules - arrière,,,,,,,,,,,1,2,1,1,2
200800044774,0008-08-30 13:05:00,8,8,30,13,5,620,895,"25, BEUGNET (R CASIMIR)",,,Plein jour,En agglomération,Hors intersection,Temps éblouissant,Deux véhicules - frontale,,,,,,,,,,,1,2,1,7,1
200800044775,0008-08-14 19:50:00,8,8,14,19,50,620,186,"., BEUGNET (R CASIMIR)",,,Crépuscule ou aube,En agglomération,Hors intersection,Normale,Deux véhicules - arrière,,,,,,,,,,,2,2,1,1,2
200800044776,0008-08-30 21:00:00,8,8,30,21,0,620,386,"., LEBACQ (R NAPOLEON )",,,Crépuscule ou aube,En agglomération,Hors intersection,Normale,Autre collision,,,,,,,,,,,2,2,1,1,6
200800044777,0008-08-10 17:40:00,8,8,10,17,40,620,23,"1, OBLET (CHEMIN DE L' )",,,Plein jour,En agglomération,Intersection en T,Normale,Autre collision,,,,,,,,,,,1,2,3,1,6
200800044778,0008-08-29 16:15:00,8,8,29,16,15,620,83,"14, FRESNICOURT (RUE DE)",,,Plein jour,En agglomération,Hors intersection,Normale,Deux véhicules - côté,,,,,,,,,,,1,2,1,1,3
200800044779,0008-08-27 21:45:00,8,8,27,21,45,620,525,COURBET (RUE GUSTAVE,,,Nuit avec éclairage allumé,En agglomération,Intersection en T,Normale,Deux véhicules - côté,,,,,,,,,,,5,2,3,1,3
200800044780,0008-08-01 11:50:00,8,8,1,11,50,630,75,"1, CEZANNE (BOULEVARD PA",,,Plein jour,En agglomération,Hors intersection,Temps couvert,Deux véhicules - frontale,,,,,,,,,,,1,2,1,8,1
200800044781,0008-08-03 05:30:00,8,8,3,5,30,630,113,"-, CLEMENTEL (BD ETIENNE",,,Nuit avec éclairage allumé,En agglomération,Hors intersection,Normale,Deux véhicules - arrière,,,,,,,,,,,5,2,1,1,2
200800044782,0008-08-03 18:35:00,8,8,3,18,35,630,75,"-, DUCLAUX (BOULEVARD)",,,Plein jour,En agglomération,Hors intersection,Normale,Autre collision,,,,,,,,,,,1,2,1,1,6
200800044783,0008-08-05 23:20:00,8,8,5,23,20,630,113,"1, ESPLANADE (PLACE DE L",,,Nuit avec éclairage allumé,En agglomération,Intersection en X,Normale,Deux véhicules - côté,,,,,,,,,,,5,2,2,1,3
200800044784,0008-08-06 15:15:00,8,8,6,15,15,630,113,"84, REPUBLIQUE (AVENUE D",,,Plein jour,En agglomération,Hors intersection,Normale,Trois véhicules et plus - en chaîne,,,,,,,,,,,1,2,1,1,4
200800044785,0008-08-06 16:20:00,8,8,6,16,20,630,113,"-, AGUESSEAU (RUE D')",,,Plein jour,En agglomération,Intersection en T,Normale,Deux véhicules - côté,,,,,,,,,,,1,2,3,1,3
200800044786,0008-08-06 23:10:00,8,8,6,23,10,630,113,"-, MOULIN (BD JEAN)",,,Nuit avec éclairage allumé,En agglomération,Hors intersection,Normale,Autre collision,,,,,,,,,,,5,2,1,1,6
200800044787,0008-08-07 20:20:00,8,8,7,20,20,630,113,"1, REPUBLIQUE (AVENUE DE",,,Plein jour,En agglomération,Hors intersection,Normale,Deux véhicules - côté,,,,,,,,,,,1,2,1,1,3
200800044788,0008-08-08 23:00:00,8,8,8,23,0,630,113,"110, FRANCE (RUE ANATOLE",,,Nuit avec éclairage allumé,En agglomération,Intersection en X,Normale,Deux véhicules - côté,,,,,,,,,,,5,2,2,1,3
200800044789,0008-08-11 16:30:00,8,8,11,16,30,630,113,"82, REPUBLIQUE (AVENUE D",,,Plein jour,En agglomération,Hors intersection,Normale,Autre collision,,,,,,,,,,,1,2,1,1,6
200800044790,0008-08-12 15:00:00,8,8,12,15,0,630,113,"-, CHANTEMERLE (RUE)",,,Plein jour,En agglomération,Hors intersection,Normale,Autre collision,,,,,,,,,,,1,2,1,1,6
200800044791,0008-08-12 17:15:00,8,8,12,17,15,630,113,"28, JULIEN (AVENUE)",,,Plein jour,En agglomération,Hors intersection,Normale,Deux véhicules - arrière,,,,,,,,,,,1,2,1,1,2
200800044792,0008-08-13 18:30:00,8,8,13,18,30,630,113,"., ORADOU (RUE DE L')",,,Plein jour,En agglomération,Intersection en X,Normale,Deux véhicules - côté,,,,,,,,,,,1,2,2,1,3
200800044793,0008-08-14 18:55:00,8,8,14,18,55,630,113,"-, JOUHAUX (BD LEON)",,,Plein jour,En agglomération,Hors intersection,Normale,Autre collision,,,,,,,,,,,1,2,1,1,6
200800044794,0008-08-14 15:45:00,8,8,14,15,45,630,113,"1, D769",,,Plein jour,En agglomération,Giratoire,Normale,Deux véhicules - côté,,,,,,,,,,,1,2,6,1,3
200800044795,0008-08-15 00:05:00,8,8,15,0,5,630,113,"., LAFAYETTE (BD)",,,Nuit avec éclairage allumé,En agglomération,Intersection en X,Normale,Deux véhicules - côté,,,,,,,,,,,5,2,2,1,3
200800044796,0008-08-15 13:25:00,8,8,15,13,25,630,113,"-, GERGOVIA (BD)",,,Plein jour,En agglomération,Hors intersection,Normale,Autre collision,,,,,,,,,,,1,2,1,1,6
200800044797,0008-08-18 13:00:00,8,8,18,13,0,630,113,"1, SAINT JEAN (BD)",,,Plein jour,En agglomération,Intersection en X,Normale,Deux véhicules - côté,,,,,,,,,,,1,2,2,1,3
200800044798,0008-08-20 15:30:00,8,8,20,15,30,630,113,"., MOULIN (BD JEAN)",,,Plein jour,En agglomération,Intersection en X,Normale,Deux véhicules - côté,,,,,,,,,,,1,2,2,1,3
200800044799,0008-08-21 16:25:00,8,8,21,16,25,630,113,"-, PREMIER MAI (PLACE DU",,,Plein jour,En agglomération,Hors intersection,Normale,Autre collision,,,,,,,,,,,1,2,1,1,6
200800044800,0008-08-25 15:45:00,8,8,25,15,45,630,113,"-, REPUBLIQUE (AVENUE DE",,,Plein jour,En agglomération,Autre intersection,Normale,Deux véhicules - côté,,,,,,,,,,,1,2,9,1,3
200800044801,0008-08-23 12:50:00,8,8,23,12,50,630,113,"1, DEPAILLER (RUE PATRIC",,,Plein jour,En agglomération,Intersection en X,Normale,Deux véhicules - côté,,,,,,,,,,,1,2,2,1,3
200800044802,0008-08-23 15:40:00,8,8,23,15,40,630,113,"31, BREZET (AVENUE)",,,Plein jour,Hors agglomération,Hors intersection,Normale,Autre collision,,,,,,,,,,,1,1,1,1,6
200800044803,0008-08-27 11:50:00,8,8,27,11,50,630,113,"53, JAURES (BD JEAN)",,,Plein jour,En agglomération,Hors intersection,Normale,Autre collision,,,,,,,,,,,1,2,1,1,6
200800044804,0008-08-26 19:30:00,8,8,26,19,30,630,113,"-, TORPILLEUR SIROCCO (R",,,Plein jour,En agglomération,Hors intersection,Normale,Autre collision,,,,,,,,,,,1,2,1,1,6
200800044805,0008-08-28 13:00:00,8,8,28,13,0,630,113,"16, DELILLE (PLACE)",,,Plein jour,En agglomération,Hors intersection,Normale,Deux véhicules - arrière,,,,,,,,,,,1,2,1,1,2