accident_id,datetime,annee,mois,jour,heure,minute,departement,commune_insee,adresse,latitude,longitude,luminosite,agglomeration,intersection,meteo,collision,nb_vehicules,nb_usagers,nb_indemnes,nb_tues,nb_blesses_hosp,nb_blesses_legers,age_cond_1,age_cond_2,veh_type_cond_1,veh_type_cond_2,lum_code,agg_code,int_code,atm_code,col_code
200800044806,0008-08-29 13:45:00,8,8,29,13,45,630,113,"., MOULIN (BD JEAN)",,,Plein jour,En agglomération,Intersection en X,Normale,Deux véhicules - côté,,,,,,,,,,,1,2,2,1,3
200800044807,0008-08-30 02:00:00,8,8,30,2,0,630,113,"-, JAURES (BD JEAN)",,,Nuit avec éclairage allumé,En agglomération,Intersection en X,Normale,Deux véhicules - côté,,,,,,,,,,,5,2,2,1,3
200800044808,0008-08-30 12:15:00,8,8,30,12,15,630,14,"., ROUSSILLON (AVENUE DU",,,Plein jour,Hors agglomération,Intersection en X,Normale,Autre collision,,,,,,,,,,,1,1,2,1,6
200800044809,0008-08-30 15:00:00,8,8,30,15,0,630,113,"., ORADOU (RUE DE L')",,,Plein jour,En agglomération,Intersection en X,Normale,Deux véhicules - côté,,,,,,,,,,,1,2,2,1,3
200800044810,0008-08-31 04:50:00,8,8,31,4,50,630,113,"-, TORPILLEUR SIROCCO (R",,,Nuit avec éclairage allumé,En agglomération,Autre intersection,Normale,Sans collision,,,,,,,,,,,5,2,9,1,7
200800044811,0008-08-30 14:00:00,8,8,30,14,0,630,14,"1, MONT MOUCHET (AVENUE",,,Plein jour,En agglomération,Hors intersection,Normale,Deux véhicules - côté,,,,,,,,,,,1,2,1,1,3
200800044812,0008-08-30 10:45:00,8,8,30,10,45,630,103,RD 455,,,Plein jour,En agglomération,Hors intersection,Normale,Autre collision,,,,,,,,,,,1,2,1,1,6
200800044813,0008-08-19 08:50:00,8,8,19,8,50,620,65,"92, PERI (GABRIEL BD)",,,Plein jour,En agglomération,Hors intersection,Normale,Deux véhicules - côté,,,,,,,,,,,1,2,1,1,3
200800044814,0008-08-07 08:00:00,8,8,7,8,0,640,24,BAYONNE (AVENUE DE),,,Plein jour,En agglomération,Intersection en X,Temps couvert,Autre collision,,,,,,,,,,,1,2,2,8,6
200800044815,0008-08-08 22:30:00,8,8,8,22,30,640,24,ADOUR (AVENUE DE L'),,,Nuit avec éclairage allumé,En agglomération,Hors intersection,Normale,Autre collision,,,,,,,,,,,5,2,1,1,6
200800044816,0008-08-13 16:05:00,8,8,13,16,5,640,102,"82, RESPLANDY (AVENUE DU",,,Plein jour,En agglomération,Hors intersection,Normale,Deux véhicules - arrière,,,,,,,,,,,1,2,1,1,2
200800044817,0008-08-16 15:30:00,8,8,16,15,30,640,24,URSUYA (AVENUE DE L'),,,Plein jour,En agglomération,Hors intersection,Normale,Deux véhicules - côté,,,,,,,,,,,1,2,1,1,3
200800044818,0008-08-18 16:15:00,8,8,18,16,15,640,24,CINQ CANTONS (RUE DES),,,Plein jour,En agglomération,Intersection en X,Normale,Deux véhicules - côté,,,,,,,,,,,1,2,2,1,3
200800044819,0008-08-18 21:05:00,8,8,18,21,5,640,102,"., AVRIL (AVENUE DU 14)",,,Plein jour,En agglomération,Hors intersection,Normale,Sans collision,,,,,,,,,,,1,2,1,1,7
200800044820,0008-08-20 20:54:00,8,8,20,20,54,640,24,"., BAB (BOULEVARD DU)",,,Plein jour,En agglomération,Hors intersection,Normale,Deux véhicules - côté,,,,,,,,,,,1,2,1,1,3
200800044821,0008-08-21 18:30:00,8,8,21,18,30,640,102,"., JEAN JAURES (BOULEVAR",,,Plein jour,En agglomération,Hors intersection,Normale,Autre collision,,,,,,,,,,,1,2,1,1,6
200800044822,0008-08-22 16:00:00,8,8,22,16,0,640,102,ARITXAGUE (BD D'),,,Plein jour,En agglomération,Hors intersection,Normale,Deux véhicules - arrière,,,,,,,,,,,1,2,1,1,2
200800044823,0008-08-30 19:40:00,8,8,30,19,40,640,102,"4, TROUILLET (CHEMIN DE)",,,Plein jour,En agglomération,Hors intersection,Normale,Autre collision,,,,,,,,,,,1,2,1,1,6
200800044824,0008-08-31 13:00:00,8,8,31,13,0,640,102,"45, LOUSTAOUNAOU (CHEMIN",,,Plein jour,Hors agglomération,Hors intersection,Normale,Autre collision,,,,,,,,,,,1,1,1,1,6
200800044825,0008-08-01 16:05:00,8,8,1,16,5,640,125,"., PLATEAU (AVENUE DU)",,,Plein jour,En agglomération,Intersection à plus de 4 branches,Normale,Deux véhicules - côté,,,,,,,,,,,1,2,5,1,3
200800044826,0008-08-01 18:00:00,8,8,1,18,0,640,125,"., PLATEAU (AVENUE DU)",,,Plein jour,En agglomération,Hors intersection,Normale,Deux véhicules - côté,,,,,,,,,,,1,2,1,1,3
200800044827,0008-08-01 19:20:00,8,8,1,19,20,640,122,"44, ETIENNE (AVENUE D')",,,Plein jour,En agglomération,Hors intersection,Normale,Deux véhicules - côté,,,,,,,,,,,1,2,1,1,3
200800044828,0008-08-08 02:01:00,8,8,8,2,1,640,122,"24, VICTOR HUGO (AVENUE)",,,Nuit avec éclairage allumé,En agglomération,Hors intersection,Pluie légère,Autre collision,,,,,,,,,,,5,2,1,2,6
200800044829,0008-08-12 12:05:00,8,8,12,12,5,640,122,BARCHALOT (RUE DE),,,Plein jour,En agglomération,Intersection en T,Normale,Deux véhicules - côté,,,,,,,,,,,1,2,3,1,3
200800044830,0008-08-17 05:35:00,8,8,17,5,35,640,122,"., CLEMENCEAU GEORGES (P",,,Nuit avec éclairage allumé,En agglomération,Hors intersection,Normale,Deux véhicules - arrière,,,,,,,,,,,5,2,1,1,2
200800044831,0008-08-18 06:05:00,8,8,18,6,5,640,125,"11, ETAPE (RUE DE L')",,,Nuit avec éclairage allumé,En agglomération,Hors intersection,Normale,Sans collision,,,,,,,,,,,5,2,1,1,7
200800044832,0008-08-18 12:35:00,8,8,18,12,35,640,125,RN 10,,,Plein jour,En agglomération,Intersection en T,Normale,Deux véhicules - côté,,,,,,,,,,,1,2,3,1,3
200800044833,0008-08-18 17:00:00,8,8,18,17,0,640,125,"., BIARRITZ (AVENUE DE)",,,Plein jour,En agglomération,Autre intersection,Normale,Deux véhicules - côté,,,,,,,,,,,1,2,9,1,3
200800044834,0008-08-25 17:55:00,8,8,25,17,55,640,125,"., SOURCE ROYALE (AVENUE",,,Plein jour,En agglomération,Hors intersection,Normale,Deux véhicules - arrière,,,,,,,,,,,1,2,1,1,2
200800044835,0008-08-26 19:50:00,8,8,26,19,50,640,122,"., MILADY (AVENUE DE LA)",,,Plein jour,En agglomération,Hors intersection,Normale,Deux véhicules - côté,,,,,,,,,,,1,2,1,1,3
200800044836,0008-08-27 14:45:00,8,8,27,14,45,640,122,"., VERDUN (AVENUE DE)",,,Plein jour,En agglomération,Hors intersection,Normale,Deux véhicules - côté,,,,,,,,,,,1,2,1,1,3
200800044837,0008-08-05 09:40:00,8,8,5,9,40,640,129,"47, LALANNE",,,Plein jour,En agglomération,Hors intersection,Normale,Autre collision,,,,,,,,,,,1,2,1,1,6
200800044838,0008-08-05 17:48:00,8,8,5,17,48,640,445,"0, JEAN BIRAY",,,Plein jour,En agglomération,Hors intersection,Normale,Deux véhicules - arrière,,,,,,,,,,,1,2,1,1,2
200800044839,0008-08-07 07:55:00,8,8,7,7,55,640,445,"1, FRERES CAMORS DES",,,Plein jour,En agglomération,Intersection en X,Pluie légère,Deux véhicules - côté,,,,,,,,,,,1,2,2,2,3
200800044840,0008-08-07 13:25:00,8,8,7,13,25,640,445,"0, BATSALLE DE",,,Plein jour,En agglomération,Hors intersection,Normale,Deux véhicules - frontale,,,,,,,,,,,1,2,1,1,1
200800044841,0008-08-07 12:20:00,8,8,7,12,20,640,269,D938,,,Plein jour,Hors agglomération,Hors intersection,Normale,Autre collision,,,,,,,,,,,1,1,1,1,6
200800044842,0008-08-08 12:50:00,8,8,8,12,50,640,445,JEAN MERMOZ,,,Plein jour,En agglomération,Intersection en X,Normale,Deux véhicules - côté,,,,,,,,,,,1,2,2,1,3
200800044843,0008-08-08 17:00:00,8,8,8,17,0,640,445,"21, CARNOT",,,Plein jour,En agglomération,Intersection en X,Normale,Deux véhicules - arrière,,,,,,,,,,,1,2,2,1,2
200800044844,0008-08-08 21:45:00,8,8,8,21,45,640,445,"0, DOYEN ROBERT POPLAWSK",,,Nuit avec éclairage allumé,En agglomération,Intersection en X,Normale,Deux véhicules - côté,,,,,,,,,,,5,2,2,1,3
200800044845,0008-08-14 16:30:00,8,8,14,16,30,640,445,"1, MARECHAL LECLERC DU",,,Plein jour,En agglomération,Hors intersection,Normale,Deux véhicules - arrière,,,,,,,,,,,1,2,1,1,2
200800044846,0008-08-14 21:50:00,8,8,14,21,50,640,445,EUROPE DE L',,,Nuit avec éclairage allumé,En agglomération,Hors intersection,Normale,Trois véhicules et plus - collisions multiples,,,,,,,,,,,5,2,1,1,5
200800044847,0008-08-15 16:15:00,8,8,15,16,15,640,284,"0, RAUSKI",,,Plein jour,Hors agglomération,Hors intersection,Normale,Autre collision,,,,,,,,,,,1,1,1,1,6
200800044848,0008-08-16 17:25:00,8,8,16,17,25,640,129,LALANNE,,,Plein jour,En agglomération,Intersection en X,Normale,Deux véhicules - côté,,,,,,,,,,,1,2,2,1,3
200800044849,0008-08-16 15:20:00,8,8,16,15,20,640,132,"1, D100",,,Plein jour,Hors agglomération,Hors intersection,Normale,Deux véhicules - arrière,,,,,,,,,,,1,1,1,1,2
200800044850,0008-08-19 16:45:00,8,8,19,16,45,640,445,"5, MARCA",,,Plein jour,En agglomération,Intersection en T,Pluie légère,Deux véhicules - côté,,,,,,,,,,,1,2,3,2,3
200800044851,0008-08-21 16:45:00,8,8,21,16,45,640,335,"99, EUROPE DE L'",,,Plein jour,En agglomération,Hors intersection,Normale,Autre collision,,,,,,,,,,,1,2,1,1,6
200800044852,0008-08-21 19:40:00,8,8,21,19,40,640,445,"42, LOUIS SALLENAVE",,,Plein jour,En agglomération,Hors intersection,Normale,Autre collision,,,,,,,,,,,1,2,1,1,6
200800044853,0008-08-23 17:00:00,8,8,23,17,0,640,445,EUROPE DE L',,,Plein jour,En agglomération,Hors intersection,Normale,Deux véhicules - frontale,,,,,,,,,,,1,2,1,1,1
200800044854,0008-08-22 13:35:00,8,8,22,13,35,640,445,"1, JEAN BIRAY",,,Plein jour,En agglomération,Hors intersection,Temps couvert,Autre collision,,,,,,,,,,,1,2,1,8,6
200800044855,0008-08-25 16:38:00,8,8,25,16,38,640,348,"0, CHARLES DE GAULLE",,,Plein jour,En agglomération,Hors intersection,Temps couvert,Deux véhicules - arrière,,,,,,,,,,,1,2,1,8,2
200800044856,0008-08-29 14:10:00,8,8,29,14,10,640,445,"160, JEAN MERMOZ",,,Plein jour,En agglomération,Hors intersection,Normale,Trois véhicules et plus - collisions multiples,,,,,,,,,,,1,2,1,1,5
200800044857,0008-08-30 12:45:00,8,8,30,12,45,640,445,"1, ALSACE LORRAINE D'",,,Plein jour,En agglomération,Hors intersection,Normale,Deux véhicules - côté,,,,,,,,,,,1,2,1,1,3
200800044858,0008-08-31 11:55:00,8,8,31,11,55,640,445,"44, CHAMPETIER DE RIBES",,,Plein jour,En agglomération,Autre intersection,Normale,Autre collision,,,,,,,,,,,1,2,9,1,6
200800044859,0008-08-31 17:40:00,8,8,31,17,40,640,269,"1, TARBES DE",,,Plein jour,En agglomération,Giratoire,Normale,Deux véhicules - arrière,,,,,,,,,,,1,2,6,1,2
200800044860,0008-08-31 21:50:00,8,8,31,21,50,640,335,ROND POINT DU BILAA,,,Nuit avec éclairage allumé,En agglomération,Giratoire,Normale,Sans collision,,,,,,,,,,,5,2,6,1,7
200800044861,0008-08-01 12:40:00,8,8,1,12,40,640,545,RD810,,,Plein jour,Hors agglomération,Hors intersection,Pluie légère,Deux véhicules - arrière,,,,,,,,,,,1,1,1,2,2
200800044862,0008-08-01 15:00:00,8,8,1,15,0,640,545,RD810,,,Plein jour,Hors agglomération,Hors intersection,Normale,Sans collision,,,,,,,,,,,1,1,1,1,7
200800044863,0008-08-01 17:15:00,8,8,1,17,15,640,483,"03, PASSICOT JEAN MARTIN",,,Plein jour,En agglomération,Hors intersection,Normale,Autre collision,,,,,,,,,,,1,2,1,1,6
200800044864,0008-08-07 19:05:00,8,8,7,19,5,640,483,"67, RD810",,,Plein jour,En agglomération,Intersection en T,Normale,Deux véhicules - côté,,,,,,,,,,,1,2,3,1,3
200800044865,0008-08-09 20:55:00,8,8,9,20,55,640,483,"15, THION DE LA CHAUME R",,,Nuit sans éclairage public,En agglomération,Hors intersection,Vent fort / tempête,Trois véhicules et plus - collisions multiples,,,,,,,,,,,3,2,1,6,5
200800044866,0008-08-20 18:05:00,8,8,20,18,5,640,483,RD810,,,Plein jour,En agglomération,Hors intersection,Normale,Deux véhicules - frontale,,,,,,,,,,,1,2,1,1,1
200800044867,0008-08-24 15:00:00,8,8,24,15,0,640,249,RD810,,,Plein jour,En agglomération,Hors intersection,Normale,Deux véhicules - arrière,,,,,,,,,,,1,2,1,1,2
200800044868,0008-08-27 07:00:00,8,8,27,7,0,640,545,RD810,,,Plein jour,En agglomération,Hors intersection,Normale,Deux véhicules - côté,,,,,,,,,,,1,2,1,1,3
200800044869,0008-08-25 16:20:00,8,8,25,16,20,640,545,RD810,,,Plein jour,Hors agglomération,Hors intersection,Normale,Deux véhicules - arrière,,,,,,,,,,,1,1,1,1,2
200800044870,0008-08-31 17:15:00,8,8,31,17,15,640,260,"84, RICHELIEU (RUE)",,,Plein jour,En agglomération,Hors intersection,Normale,Deux véhicules - côté,,,,,,,,,,,1,2,1,1,3
200800044871,0008-08-08 19:20:00,8,8,8,19,20,650,286,"1, SARSAN (AVENUE DE)",,,Plein jour,En agglomération,Intersection en Y,Normale,Deux véhicules - côté,,,,,,,,,,,1,2,4,1,3
200800044872,0008-08-07 14:00:00,8,8,7,14,0,650,286,"42, ROCHERS (CHEMIN DES)",,,Plein jour,En agglomération,Hors intersection,Normale,Autre collision,,,,,,,,,,,1,2,1,1,6
200800044873,0008-08-18 13:55:00,8,8,18,13,55,650,286,"1, MARQUI (AVENUE ALEXAN",,,Plein jour,En agglomération,Intersection en T,Normale,Deux véhicules - côté,,,,,,,,,,,1,2,3,1,3
200800044874,0008-08-19 07:40:00,8,8,19,7,40,650,286,"17, MARQUI (AVENUE ALEXA",,,Plein jour,En agglomération,Hors intersection,Normale,Autre collision,,,,,,,,,,,1,2,1,1,6
200800044875,0008-08-01 14:00:00,8,8,1,14,0,650,440,"., LOURDES (ROND-POINT R",,,Plein jour,En agglomération,Giratoire,Normale,Deux véhicules - côté,,,,,,,,,,,1,2,6,1,3
200800044876,0008-08-02 20:10:00,8,8,2,20,10,650,440,"., ROCADE SUD-OUEST",,,Plein jour,En agglomération,Hors intersection,Normale,Deux véhicules - côté,,,,,,,,,,,1,2,1,1,3
200800044877,0008-08-08 15:25:00,8,8,8,15,25,650,440,"., KENNEDY (BOULEVARD DU",,,Plein jour,En agglomération,Giratoire,Normale,Autre collision,,,,,,,,,,,1,2,6,1,6
200800044878,0008-08-16 16:25:00,8,8,16,16,25,650,226,"20, PAU (ROUTE DE)",,,Plein jour,Hors agglomération,Hors intersection,Normale,Deux véhicules - côté,,,,,,,,,,,1,1,1,1,3
200800044879,0008-08-19 17:10:00,8,8,19,17,10,650,440,"., COMMINGES (RUE DU)",,,Plein jour,En agglomération,Hors intersection,Normale,Sans collision,,,,,,,,,,,1,2,1,1,7
200800044880,0008-08-21 21:40:00,8,8,21,21,40,650,440,"., CLAUZIER (CHEMIN DU)",,,Nuit avec éclairage allumé,En agglomération,Hors intersection,Normale,Autre collision,,,,,,,,,,,5,2,1,1,6
200800044881,0008-08-21 09:30:00,8,8,21,9,30,650,440,"10, SEPTEMBRE (RUE DU IV",,,Plein jour,En agglomération,Hors intersection,Normale,Autre collision,,,,,,,,,,,1,2,1,1,6
200800044882,0008-08-29 23:30:00,8,8,29,23,30,650,440,"., PAU (ROUTE DE)",,,Nuit sans éclairage public,Hors agglomération,Intersection en X,Normale,Deux véhicules - côté,,,,,,,,,,,3,1,2,1,3
200800044883,0008-08-30 16:05:00,8,8,30,16,5,650,100,"., CROIZAT (RUE A.)",,,Plein jour,En agglomération,Hors intersection,Autre,Deux véhicules - côté,,,,,,,,,,,1,2,1,9,3
200800044884,0008-08-04 08:50:00,8,8,4,8,50,660,136,FOCH (MARECHAL),,,Plein jour,En agglomération,Intersection en X,Normale,Deux véhicules - côté,,,,,,,,,,,1,2,2,1,3
200800044885,0008-08-06 15:50:00,8,8,6,15,50,660,136,"1155, JULIEN PANCHOT (AV",,,Plein jour,En agglomération,Hors intersection,Normale,Deux véhicules - côté,,,,,,,,,,,1,2,1,1,3
200800044886,0008-08-01 07:50:00,8,8,1,7,50,660,136,MICHELET (BOULEVARD EDMO,,,Plein jour,En agglomération,Hors intersection,Normale,Deux véhicules - arrière,,,,,,,,,,,1,2,1,1,2
200800044887,0008-08-11 08:10:00,8,8,11,8,10,660,136,Départementale 914,,,Plein jour,Hors agglomération,Hors intersection,Normale,Deux véhicules - frontale,,,,,,,,,,,1,1,1,1,1
200800044888,0008-08-13 04:20:00,8,8,13,4,20,660,136,ESCARGUEL (COURS LAZARE),,,Nuit avec éclairage allumé,En agglomération,Hors intersection,Normale,Deux véhicules - arrière,,,,,,,,,,,5,2,1,1,2
200800044889,0008-08-17 19:35:00,8,8,17,19,35,660,136,PAIX (DE LA),,,Plein jour,En agglomération,Intersection en X,Normale,Deux véhicules - côté,,,,,,,,,,,1,2,2,1,3
200800044890,0008-08-16 08:18:00,8,8,16,8,18,670,462,LOHMUHLE (ALLEE DE LA),,,Plein jour,En agglomération,Intersection en X,Normale,Autre collision,,,,,,,,,,,1,2,2,1,6
200800044891,0008-08-01 09:30:00,8,8,1,9,30,670,482,"0, ROBERTSAU (ALLEE DE L",,,Plein jour,En agglomération,Intersection en X,Normale,Deux véhicules - côté,,,,,,,,,,,1,2,2,1,3
200800044892,0008-08-01 13:55:00,8,8,1,13,55,670,447,"0, GENERAL DE GAULLE (RO",,,Plein jour,En agglomération,Intersection en T,Normale,Deux véhicules - arrière,,,,,,,,,,,1,2,3,1,2
200800044893,0008-08-03 15:59:00,8,8,3,15,59,640,140,"., LACOUTURE (RUE PIERRE",,,Plein jour,En agglomération,Intersection en T,Normale,Deux véhicules - côté,,,,,,,,,,,1,2,3,1,3
200800044894,0008-08-04 01:45:00,8,8,4,1,45,690,266,"32, COURS ANDRE PHILIP",,,Nuit avec éclairage allumé,En agglomération,Giratoire,Normale,Sans collision,,,,,,,,,,,5,2,6,1,7
200800044895,0008-08-01 19:30:00,8,8,1,19,30,690,266,"62, PLACE JULES GRANDCLE",,,Plein jour,En agglomération,Hors intersection,Pluie légère,Deux véhicules - côté,,,,,,,,,,,1,2,1,2,3
200800044896,0008-08-01 09:45:00,8,8,1,9,45,690,266,"1, AVENUE MARCEL CERDAN",,,Plein jour,En agglomération,Hors intersection,Normale,Autre collision,,,,,,,,,,,1,2,1,1,6
200800044897,0008-08-02 11:35:00,8,8,2,11,35,690,266,"., AVENUE MARC SANGNIER",,,Plein jour,En agglomération,Intersection en X,Normale,Deux véhicules - frontale,,,,,,,,,,,1,2,2,1,1
200800044898,0008-08-07 20:30:00,8,8,7,20,30,690,266,"1, RUE GABRIEL PERI",,,Crépuscule ou aube,En agglomération,Hors intersection,Pluie forte,Autre collision,,,,,,,,,,,2,2,1,3,6
200800044899,0008-08-09 12:20:00,8,8,9,12,20,690,266,"1, RUE DU TONKIN",,,Plein jour,En agglomération,Intersection en T,Normale,Autre collision,,,,,,,,,,,1,2,3,1,6
200800044900,0008-08-06 17:15:00,8,8,6,17,15,690,282,"75, RUE LOUIS SAULNIER",,,Plein jour,En agglomération,Hors intersection,Normale,Deux véhicules - frontale,,,,,,,,,,,1,2,1,1,1
200800044901,0008-08-15 11:30:00,8,8,15,11,30,690,282,"90, RUE JEAN JAURES",,,Plein jour,En agglomération,Hors intersection,Normale,Autre collision,,,,,,,,,,,1,2,1,1,6
200800044902,0008-08-13 19:00:00,8,8,13,19,0,690,290,BOULEVARD ANDRE BOULLOCH,,,Plein jour,En agglomération,Hors intersection,Normale,Autre collision,,,,,,,,,,,1,2,1,1,6
200800044903,0008-08-03 00:30:00,8,8,3,0,30,690,290,"01, RUE GALILEE",,,Nuit sans éclairage public,En agglomération,Hors intersection,Normale,Sans collision,,,,,,,,,,,3,2,1,1,7
200800044904,0008-08-31 10:40:00,8,8,31,10,40,690,290,ROUTE DE GRENOBLE,,,Plein jour,En agglomération,Giratoire,Normale,Deux véhicules - côté,,,,,,,,,,,1,2,6,1,3
200800044905,0008-08-31 01:03:00,8,8,31,1,3,700,285,"0, CD316",,,Nuit sans éclairage public,Hors agglomération,Hors intersection,Normale,Deux véhicules - frontale,,,,,,,,,,,3,1,1,1,1
200800044906,0008-08-02 12:20:00,8,8,2,12,20,670,482,"51, RATHSAMHAUSEN (RUE D",,,Plein jour,En agglomération,Hors intersection,Normale,Autre collision,,,,,,,,,,,1,2,1,1,6
200800044907,0008-08-03 00:30:00,8,8,3,0,30,670,482,", CHRISTIAN PFISTER (AVE",,,Nuit avec éclairage allumé,En agglomération,Intersection en X,Normale,Deux véhicules - côté,,,,,,,,,,,5,2,2,1,3
200800044908,0008-08-04 14:00:00,8,8,4,14,0,670,482,", MITTELHAUSBERGEN (ROUT",,,Plein jour,En agglomération,Hors intersection,Pluie légère,Autre collision,,,,,,,,,,,1,2,1,2,6
200800044909,0008-08-05 09:30:00,8,8,5,9,30,670,447,"6, BENFELD (RUE DE)",,,Plein jour,En agglomération,Hors intersection,Normale,Autre collision,,,,,,,,,,,1,2,1,1,6
200800044910,0008-08-06 12:45:00,8,8,6,12,45,670,482,"0, MARECHAL JOFFRE (RUE",,,Plein jour,En agglomération,Intersection en X,Normale,Deux véhicules - côté,,,,,,,,,,,1,2,2,1,3
200800044911,0008-08-07 11:10:00,8,8,7,11,10,670,482,"5, NANCY (BOULEVARD DE)",,,Plein jour,En agglomération,Hors intersection,Normale,Deux véhicules - arrière,,,,,,,,,,,1,2,1,1,2
200800044912,0008-08-08 07:55:00,8,8,8,7,55,670,447,"00, GENERAL DE GAULLE (R",,,Plein jour,En agglomération,Intersection en T,Normale,Deux véhicules - côté,,,,,,,,,,,1,2,3,1,3
200800044913,0008-08-09 13:15:00,8,8,9,13,15,670,482,"138, WANTZENAU (RTE DE L",,,Plein jour,En agglomération,Hors intersection,Normale,Deux véhicules - arrière,,,,,,,,,,,1,2,1,1,2
200800044914,0008-08-09 10:35:00,8,8,9,10,35,670,218,"167, LYON (RTE DE)",,,Plein jour,En agglomération,Hors intersection,Pluie légère,Deux véhicules - arrière,,,,,,,,,,,1,2,1,2,2
200800044915,0008-08-09 14:25:00,8,8,9,14,25,670,482,MONTESQUIEU (RUE),,,Plein jour,En agglomération,Hors intersection,Normale,Deux véhicules - côté,,,,,,,,,,,1,2,1,1,3
200800044916,0008-08-11 16:35:00,8,8,11,16,35,670,482,PAUL DOPF,,,Plein jour,En agglomération,Hors intersection,Pluie légère,Deux véhicules - frontale,,,,,,,,,,,1,2,1,2,1
200800044917,0008-08-12 08:15:00,8,8,12,8,15,670,482,"0, PAUL REISS (RUE)",,,Plein jour,En agglomération,Intersection en T,Pluie légère,Deux véhicules - côté,,,,,,,,,,,1,2,3,2,3
200800044918,0008-08-14 17:00:00,8,8,14,17,0,670,482,HOCHFELDEN (RUE DE),,,Plein jour,En agglomération,Intersection en T,Normale,Deux véhicules - côté,,,,,,,,,,,1,2,3,1,3
200800044919,0008-08-17 18:30:00,8,8,17,18,30,670,218,"00, SEBASTIEN BRANT (RUE",,,Plein jour,En agglomération,Hors intersection,Normale,Autre collision,,,,,,,,,,,1,2,1,1,6
200800044920,0008-08-21 10:00:00,8,8,21,10,0,670,482,"45, GENERAL CONRAD (RUE",,,Plein jour,En agglomération,Hors intersection,Normale,Deux véhicules - arrière,,,,,,,,,,,1,2,1,1,2
200800044921,0008-08-24 00:20:00,8,8,24,0,20,670,447,"0, COPENHAGUE (RUE DE)",,,Nuit avec éclairage allumé,En agglomération,Intersection en T,Normale,Autre collision,,,,,,,,,,,5,2,3,1,6
200800044922,0008-08-24 11:40:00,8,8,24,11,40,670,482,"0, COULAUX (RUE)",,,Plein jour,En agglomération,Intersection en X,Normale,Autre collision,,,,,,,,,,,1,2,2,1,6
200800044923,0008-08-24 19:30:00,8,8,24,19,30,670,218,BURKEL (ROUTE),,,Plein jour,En agglomération,Intersection en X,Normale,Deux véhicules - côté,,,,,,,,,,,1,2,2,1,3
200800044924,0008-08-25 17:10:00,8,8,25,17,10,670,482,"0, LUCIEN FEBVRE (RUE)",,,Plein jour,En agglomération,Hors intersection,Normale,Trois véhicules et plus - en chaîne,,,,,,,,,,,1,2,1,1,4
200800044925,0008-08-25 19:30:00,8,8,25,19,30,670,218,"0, ILL (QUAI DE L )",,,Plein jour,En agglomération,Hors intersection,Normale,Autre collision,,,,,,,,,,,1,2,1,1,6
200800044926,0008-08-26 16:05:00,8,8,26,16,5,670,482,"00, GLASERSWOERTH (ROUTE",,,Plein jour,Hors agglomération,Hors intersection,Normale,Deux véhicules - côté,,,,,,,,,,,1,1,1,1,3
200800044927,0008-08-26 20:20:00,8,8,26,20,20,670,482,"0, SCHIRMECK (ROUTE DE)",,,Nuit avec éclairage allumé,En agglomération,Hors intersection,Normale,Deux véhicules - côté,,,,,,,,,,,5,2,1,1,3
200800044928,0008-08-27 08:08:00,8,8,27,8,8,670,218,"0, REIMS (IMPASSE DE)",,,Plein jour,En agglomération,Hors intersection,Normale,Autre collision,,,,,,,,,,,1,2,1,1,6
200800044929,0008-08-27 16:45:00,8,8,27,16,45,670,218,LYON (RTE DE),,,Plein jour,En agglomération,Intersection en T,Normale,Deux véhicules - arrière,,,,,,,,,,,1,2,3,1,2
200800044930,0008-08-28 18:28:00,8,8,28,18,28,670,482,VOSGES (AVENUE DES),,,Plein jour,En agglomération,Intersection en X,Normale,Deux véhicules - côté,,,,,,,,,,,1,2,2,1,3
200800044931,0008-08-29 12:30:00,8,8,29,12,30,670,482,"88, JEAN JAURES (AVENUE)",,,Plein jour,En agglomération,Hors intersection,Normale,Autre collision,,,,,,,,,,,1,2,1,1,6
200800044932,0008-08-29 12:00:00,8,8,29,12,0,670,482,"123, OBERHAUSBERGEN (ROU",,,Plein jour,En agglomération,Hors intersection,Normale,Deux véhicules - arrière,,,,,,,,,,,1,2,1,1,2
200800044933,0008-08-30 17:00:00,8,8,30,17,0,670,218,"10, ROSEAUX (RUE DES)",,,Plein jour,En agglomération,Hors intersection,Normale,Autre collision,,,,,,,,,,,1,2,1,1,6
200800044934,0008-08-30 15:50:00,8,8,30,15,50,670,482,"251, SCHIRMECK (ROUTE DE",,,Plein jour,En agglomération,Hors intersection,Normale,Autre collision,,,,,,,,,,,1,2,1,1,6
200800044935,0008-08-30 17:20:00,8,8,30,17,20,670,218,CHARLES BAUDELAIRE (RUE),,,Plein jour,En agglomération,Intersection en X,Normale,Deux véhicules - côté,,,,,,,,,,,1,2,2,1,3
200800044936,0008-08-30 21:45:00,8,8,30,21,45,670,482,"0, TURENNE (RUE DE)",,,Nuit avec éclairage allumé,En agglomération,Hors intersection,Normale,Sans collision,,,,,,,,,,,5,2,1,1,7
200800044937,0008-08-30 23:49:00,8,8,30,23,49,670,43,"0, BISCHWILLER (ROUTE DE",,,Nuit avec éclairage allumé,En agglomération,Hors intersection,Normale,Autre collision,,,,,,,,,,,5,2,1,1,6
200800044938,0008-08-31 08:45:00,8,8,31,8,45,670,447,HAUSBERGEN (ROUTE DE),,,Plein jour,En agglomération,Hors intersection,Normale,Autre collision,,,,,,,,,,,1,2,1,1,6
200800044939,0008-08-08 23:25:00,8,8,8,23,25,680,66,"109, LOGELBACH ( RUE DU)",,,Nuit avec éclairage allumé,En agglomération,Hors intersection,Normale,Autre collision,,,,,,,,,,,5,2,1,1,6