accident_id,datetime,annee,mois,jour,heure,minute,departement,commune_insee,adresse,latitude,longitude,luminosite,agglomeration,intersection,meteo,collision,nb_vehicules,nb_usagers,nb_indemnes,nb_tues,nb_blesses_hosp,nb_blesses_legers,age_cond_1,age_cond_2,veh_type_cond_1,veh_type_cond_2,lum_code,agg_code,int_code,atm_code,col_code
200800044940,0008-08-14 21:20:00,8,8,14,21,20,680,66,INGERSHEIM (ROUTE D'),,,Crépuscule ou aube,En agglomération,Intersection en X,Normale,Deux véhicules - côté,,,,,,,,,,,2,2,2,1,3
200800044941,0008-08-19 17:37:00,8,8,19,17,37,680,66,"13, SCHUMANN (RUE)",,,Plein jour,En agglomération,Intersection en T,Pluie légère,Deux véhicules - côté,,,,,,,,,,,1,2,3,2,3
200800044942,0008-08-24 17:12:00,8,8,24,17,12,680,66,"32, NEUF BRISACH (ROUTE",,,Plein jour,En agglomération,Hors intersection,Normale,Autre collision,,,,,,,,,,,1,2,1,1,6
200800044943,0008-08-27 18:10:00,8,8,27,18,10,680,112,"12, ISSENHEIM (ROUTE D')",,,Plein jour,En agglomération,Hors intersection,Normale,Autre collision,,,,,,,,,,,1,2,1,1,6
200800044944,0008-08-03 22:40:00,8,8,3,22,40,680,271,"33, DOLLFUS (AVENUE GUST",,,Nuit avec éclairage allumé,En agglomération,Hors intersection,Normale,Deux véhicules - côté,,,,,,,,,,,5,2,1,1,3
200800044945,0008-08-10 06:10:00,8,8,10,6,10,680,56,LIBERATION (RUE DE LA),,,Plein jour,En agglomération,Autre intersection,Normale,Autre collision,,,,,,,,,,,1,2,9,1,6
200800044946,0008-08-11 18:00:00,8,8,11,18,0,680,256,"17, COLLEGE (RUE DU)",,,Plein jour,En agglomération,Hors intersection,Normale,Autre collision,,,,,,,,,,,1,2,1,1,6
200800044947,0008-08-14 17:40:00,8,8,14,17,40,680,224,"55, D.M.C. (AVENUE)",,,Plein jour,En agglomération,Hors intersection,Normale,Autre collision,,,,,,,,,,,1,2,1,1,6
200800044948,0008-08-05 18:37:00,8,8,5,18,37,680,224,"12, FRANKLIN (RUE)",,,Plein jour,En agglomération,Intersection en X,Normale,Deux véhicules - côté,,,,,,,,,,,1,2,2,1,3
200800044949,0008-08-21 20:00:00,8,8,21,20,0,680,56,ASHE (RUE ARTHUR),,,Plein jour,En agglomération,Autre intersection,Normale,Deux véhicules - côté,,,,,,,,,,,1,2,9,1,3
200800044950,0008-08-26 14:30:00,8,8,26,14,30,680,224,"16, BONNES GENS (RUE DES",,,Plein jour,En agglomération,Hors intersection,Normale,Deux véhicules - côté,,,,,,,,,,,1,2,1,1,3
200800044951,0008-08-27 10:28:00,8,8,27,10,28,680,224,VOIE RAPIDE NORD SUD,,,Plein jour,Hors agglomération,Hors intersection,Normale,Trois véhicules et plus - en chaîne,,,,,,,,,,,1,1,1,1,4
200800044952,0008-08-29 14:33:00,8,8,29,14,33,680,224,"3, NATIONS (BOULEVARD DE",,,Plein jour,En agglomération,Autre intersection,Normale,Deux véhicules - côté,,,,,,,,,,,1,2,9,1,3
200800044953,0008-08-28 14:35:00,8,8,28,14,35,680,224,"21A, THANN (RUE DE)",,,Plein jour,En agglomération,Hors intersection,Normale,Deux véhicules - côté,,,,,,,,,,,1,2,1,1,3
200800044954,0008-08-30 18:55:00,8,8,30,18,55,680,224,"30, HIRSINGUE (RUE DE)",,,Plein jour,En agglomération,Intersection en T,Normale,Sans collision,,,,,,,,,,,1,2,3,1,7
200800044955,0008-08-17 23:25:00,8,8,17,23,25,690,29,"1, AVENUE FRANKLIN ROOSE",,,Nuit avec éclairage allumé,En agglomération,Hors intersection,Normale,Autre collision,,,,,,,,,,,5,2,1,1,6
200800044956,0008-08-03 02:40:00,8,8,3,2,40,690,34,QUAI CLEMENCEAU,,,Nuit avec éclairage allumé,En agglomération,Intersection en T,Normale,Autre collision,,,,,,,,,,,5,2,3,1,6
200800044957,0008-08-05 10:55:00,8,8,5,10,55,690,34,RUE PASTEUR,,,Plein jour,En agglomération,Hors intersection,Normale,Autre collision,,,,,,,,,,,1,2,1,1,6
200800044958,0008-08-01 16:20:00,8,8,1,16,20,690,152,"130, EUROPE (DE L')",,,Plein jour,En agglomération,Hors intersection,Pluie forte,Deux véhicules - côté,,,,,,,,,,,1,2,1,3,3
200800044959,0008-08-03 16:30:00,8,8,3,16,30,690,149,"219, GRANDE RUE",,,Plein jour,En agglomération,Intersection en X,Normale,Deux véhicules - côté,,,,,,,,,,,1,2,2,1,3
200800044960,0008-08-14 12:15:00,8,8,14,12,15,690,152,"127, GRAND REVOYET (DU)",,,Plein jour,En agglomération,Hors intersection,Normale,Deux véhicules - frontale,,,,,,,,,,,1,2,1,1,1
200800044961,0008-08-21 18:05:00,8,8,21,18,5,690,149,", JEAN JAURES",,,Plein jour,En agglomération,Intersection en T,Normale,Deux véhicules - côté,,,,,,,,,,,1,2,3,1,3
200800044962,0008-08-23 14:30:00,8,8,23,14,30,690,149,JEAN JACQUES ROUSSEAU,,,Plein jour,En agglomération,Hors intersection,Normale,Autre collision,,,,,,,,,,,1,2,1,1,6
200800044963,0008-08-30 09:50:00,8,8,30,9,50,690,149,FRANCISQUE JOMARD,,,Plein jour,En agglomération,Intersection en X,Normale,Deux véhicules - côté,,,,,,,,,,,1,2,2,1,3
200800044964,0008-08-28 15:00:00,8,8,28,15,0,690,256,ROGER SALENGRO,,,Plein jour,En agglomération,Hors intersection,Normale,Autre collision,,,,,,,,,,,1,2,1,1,6
200800044965,0008-08-01 16:20:00,8,8,1,16,20,690,199,"0, AVENUE JEAN JAURES",,,Plein jour,En agglomération,Intersection en X,Pluie légère,Deux véhicules - côté,,,,,,,,,,,1,2,2,2,3
200800044966,0008-08-11 16:40:00,8,8,11,16,40,690,199,"0, RUE CARNOT",,,Plein jour,En agglomération,Intersection en X,Normale,Deux véhicules - arrière,,,,,,,,,,,1,2,2,1,2
200800044967,0008-08-13 19:26:00,8,8,13,19,26,690,259,"22, RUE BEETHOVEN",,,Plein jour,En agglomération,Hors intersection,Normale,Autre collision,,,,,,,,,,,1,2,1,1,6
200800044968,0008-08-20 15:45:00,8,8,20,15,45,690,259,"0, BOULEVARD IRENE JOLIO",,,Plein jour,En agglomération,Intersection en X,Normale,Deux véhicules - côté,,,,,,,,,,,1,2,2,1,3
200800044969,0008-08-27 09:50:00,8,8,27,9,50,690,259,"38, RUE DU MOULIN A VENT",,,Plein jour,En agglomération,Hors intersection,Normale,Autre collision,,,,,,,,,,,1,2,1,1,6
200800044970,0008-08-28 17:15:00,8,8,28,17,15,690,259,"0, AVENUE JULES GUESDE",,,Plein jour,En agglomération,Intersection en X,Normale,Sans collision,,,,,,,,,,,1,2,2,1,7
200800044971,0008-08-30 12:10:00,8,8,30,12,10,910,201,HENRI BARBUSSE(BOULEVARD,,,Plein jour,En agglomération,Hors intersection,Normale,Autre collision,,,,,,,,,,,1,2,1,1,6
200800044972,0008-08-06 19:35:00,8,8,6,19,35,910,223,RN 191,,,Plein jour,Hors agglomération,Intersection en X,Normale,Sans collision,,,,,,,,,,,1,1,2,1,7
200800044973,0008-08-08 20:45:00,8,8,8,20,45,910,223,"1, CROIX DE VERNAILLES (",,,Plein jour,En agglomération,Intersection en X,Normale,Deux véhicules - côté,,,,,,,,,,,1,2,2,1,3
200800044974,0008-08-22 17:30:00,8,8,22,17,30,910,223,R.N.20,,,Plein jour,En agglomération,Hors intersection,Normale,Deux véhicules - arrière,,,,,,,,,,,1,2,1,1,2
200800044975,0008-08-23 06:40:00,8,8,23,6,40,910,223,R.N.20,,,Crépuscule ou aube,En agglomération,Hors intersection,Normale,Sans collision,,,,,,,,,,,2,2,1,1,7
200800044976,0008-08-27 18:20:00,8,8,27,18,20,910,223,"23, ORMEAUX (RUE DES)",,,Plein jour,En agglomération,Hors intersection,Normale,Deux véhicules - frontale,,,,,,,,,,,1,2,1,1,1
200800044977,0008-08-30 19:15:00,8,8,30,19,15,910,223,"2, LAPEYRE (RUE DU LT PO",,,Plein jour,En agglomération,Hors intersection,Normale,Sans collision,,,,,,,,,,,1,2,1,1,7
200800044978,0008-08-01 07:55:00,8,8,1,7,55,910,228,GREGOIR (RUE DE L'ABBE),,,Plein jour,En agglomération,Hors intersection,Normale,Deux véhicules - frontale,,,,,,,,,,,1,2,1,1,1
200800044979,0008-08-05 10:40:00,8,8,5,10,40,910,521,"44, LANGEVIN (RUE PAUL)",,,Plein jour,Hors agglomération,Hors intersection,Normale,Deux véhicules - côté,,,,,,,,,,,1,1,1,1,3
200800044980,0008-08-12 16:25:00,8,8,12,16,25,910,521,"., MENNECY (ROUTE DE)",,,Plein jour,En agglomération,Hors intersection,Normale,Deux véhicules - frontale,,,,,,,,,,,1,2,1,1,1
200800044981,0008-08-19 13:40:00,8,8,19,13,40,910,521,JOLIOT CURIE (AVENUE IRE,,,Plein jour,Hors agglomération,Hors intersection,Normale,Deux véhicules - frontale,,,,,,,,,,,1,1,1,1,1
200800044982,0008-08-27 16:25:00,8,8,27,16,25,910,521,"., BONTE (RUE)",,,Plein jour,En agglomération,Hors intersection,Normale,Trois véhicules et plus - en chaîne,,,,,,,,,,,1,2,1,1,4
200800044983,0008-08-27 18:30:00,8,8,27,18,30,910,521,BONTE (RUE),,,Plein jour,En agglomération,Hors intersection,Normale,Trois véhicules et plus - en chaîne,,,,,,,,,,,1,2,1,1,4
200800044984,0008-08-12 10:50:00,8,8,12,10,50,910,687,FRANCOEUR (RUE),,,Plein jour,Hors agglomération,Hors intersection,Normale,Deux véhicules - côté,,,,,,,,,,,1,1,1,1,3
200800044985,0008-08-16 16:35:00,8,8,16,16,35,910,434,"0, BOIS POMMIER (AVENUE",,,Plein jour,En agglomération,Hors intersection,Normale,Deux véhicules - frontale,,,,,,,,,,,1,2,1,1,1
200800044986,0008-08-18 08:20:00,8,8,18,8,20,910,687,"16bis, DE FLEURY (BOULEV",,,Plein jour,En agglomération,Autre intersection,Normale,Autre collision,,,,,,,,,,,1,2,9,1,6
200800044987,0008-08-26 20:35:00,8,8,26,20,35,910,687,FRANCOEUR (RUE),,,Crépuscule ou aube,En agglomération,Hors intersection,Normale,Sans collision,,,,,,,,,,,2,2,1,1,7
200800044988,0008-08-06 14:00:00,8,8,6,14,0,910,286,TREILLE (PLACE DE LA),,,Plein jour,En agglomération,Place,Normale,Deux véhicules - côté,,,,,,,,,,,1,2,7,1,3
200800044989,0008-08-05 12:10:00,8,8,5,12,10,910,421,"91, JEAN JAURES (AVENUE)",,,Plein jour,En agglomération,Hors intersection,Normale,Deux véhicules - côté,,,,,,,,,,,1,2,1,1,3
200800044990,0008-08-07 07:25:00,8,8,7,7,25,910,421,NATIONALE 6 (CES POMPIDO,,,Crépuscule ou aube,Hors agglomération,Hors intersection,Pluie légère,Sans collision,,,,,,,,,,,2,1,1,2,7
200800044991,0008-08-07 11:30:00,8,8,7,11,30,910,421,"105, REPUBLIQUE (AVENUE",,,Plein jour,En agglomération,Hors intersection,Normale,Deux véhicules - côté,,,,,,,,,,,1,2,1,1,3
200800044992,0008-08-16 20:40:00,8,8,16,20,40,910,421,"14, GENERAL LECLERC (RUE",,,Crépuscule ou aube,En agglomération,Hors intersection,Normale,Sans collision,,,,,,,,,,,2,2,1,1,7
200800044993,0008-08-22 10:35:00,8,8,22,10,35,910,691,GABRIEL PERI(RUE) DU N°7,,,Plein jour,En agglomération,Hors intersection,Normale,Deux véhicules - arrière,,,,,,,,,,,1,2,1,1,2
200800044994,0008-08-27 19:55:00,8,8,27,19,55,910,421,JEAN JAURES (AVENUE),,,Plein jour,En agglomération,Hors intersection,Normale,Autre collision,,,,,,,,,,,1,2,1,1,6
200800044995,0008-08-28 13:05:00,8,8,28,13,5,910,691,GABRIEL PERI(RUE) DU N°1,,,Plein jour,En agglomération,Hors intersection,Normale,Autre collision,,,,,,,,,,,1,2,1,1,6
200800044996,0008-08-30 11:15:00,8,8,30,11,15,910,691,RAYMOND POINCARE(RUE),,,Plein jour,En agglomération,Hors intersection,Normale,Deux véhicules - frontale,,,,,,,,,,,1,2,1,1,1
200800044997,0008-08-30 18:40:00,8,8,30,18,40,910,421,REPUBLIQUE (AVENUE DE LA,,,Plein jour,En agglomération,Hors intersection,Normale,Autre collision,,,,,,,,,,,1,2,1,1,6
200800044998,0008-08-03 12:25:00,8,8,3,12,25,910,477,"0, HUGO (RUE VICTOR)",,,Plein jour,En agglomération,Intersection en T,Normale,Deux véhicules - côté,,,,,,,,,,,1,2,3,1,3
200800044999,0008-08-05 01:50:00,8,8,5,1,50,910,692,"0, AUBRAC (AVENUE DE L')",,,Nuit avec éclairage allumé,En agglomération,Hors intersection,Normale,Autre collision,,,,,,,,,,,5,2,1,1,6
200800045000,0008-08-13 20:00:00,8,8,13,20,0,910,692,CD35,,,Crépuscule ou aube,Hors agglomération,Giratoire,Normale,Sans collision,,,,,,,,,,,2,1,6,1,7
200800045001,0008-08-22 19:30:00,8,8,22,19,30,910,64,PETIT BIEVRES (RUE DU),,,Plein jour,En agglomération,Hors intersection,Pluie légère,Sans collision,,,,,,,,,,,1,2,1,2,7
200800045002,0008-08-31 11:40:00,8,8,31,11,40,910,471,DUBREUIL (BOULEVARD),,,Plein jour,En agglomération,Hors intersection,Normale,Autre collision,,,,,,,,,,,1,2,1,1,6
200800045003,0008-08-01 10:05:00,8,8,1,10,5,920,14,"44, GALOIS (AVENUE)",,,Plein jour,En agglomération,Hors intersection,Normale,Autre collision,,,,,,,,,,,1,2,1,1,6
200800045004,0008-08-03 06:20:00,8,8,3,6,20,920,14,MARECHAL JOFFRE (BD DU),,,Crépuscule ou aube,En agglomération,Intersection en X,Normale,Deux véhicules - côté,,,,,,,,,,,2,2,2,1,3
200800045005,0008-08-08 21:20:00,8,8,8,21,20,920,2,"34, DIVISION LECLERC (1",,,Nuit avec éclairage non allumé,En agglomération,Intersection en X,Normale,Deux véhicules - arrière,,,,,,,,,,,4,2,2,1,2
200800045006,0008-08-12 17:40:00,8,8,12,17,40,920,2,"187, GENERAL DE GAULLE (",,,Plein jour,En agglomération,Hors intersection,Normale,Deux véhicules - côté,,,,,,,,,,,1,2,1,1,3
200800045007,0008-08-25 19:20:00,8,8,25,19,20,920,2,"177, DIVISION LECLERC (5",,,Plein jour,En agglomération,Intersection en T,Normale,Autre collision,,,,,,,,,,,1,2,3,1,6
200800045008,0008-08-01 10:05:00,8,8,1,10,5,920,4,"NR, ROBERT DUPONT",,,Plein jour,En agglomération,Intersection à plus de 4 branches,Normale,Deux véhicules - arrière,,,,,,,,,,,1,2,5,1,2
200800045009,0008-08-04 18:10:00,8,8,4,18,10,920,9,"249, ARGENTEUIL ( AVENUE",,,Plein jour,En agglomération,Hors intersection,Normale,Deux véhicules - côté,,,,,,,,,,,1,2,1,1,3
200800045010,0008-08-13 18:50:00,8,8,13,18,50,920,4,"78, EMILE ZOLA ( RUE )",,,Plein jour,En agglomération,Hors intersection,Normale,Autre collision,,,,,,,,,,,1,2,1,1,6
200800045011,0008-08-15 06:00:00,8,8,15,6,0,920,9,"75, BOURGUIGNONS ( RUE 3",,,Plein jour,En agglomération,Intersection en X,Normale,Autre collision,,,,,,,,,,,1,2,2,1,6
200800045012,0008-08-16 12:00:00,8,8,16,12,0,920,4,"2, EDME PERIER ( RUE )",,,Plein jour,En agglomération,Hors intersection,Normale,Autre collision,,,,,,,,,,,1,2,1,1,6
200800045013,0008-08-16 14:45:00,8,8,16,14,45,920,4,"36, BOURGUIGNONS (RUE 2",,,Plein jour,En agglomération,Intersection en X,Normale,Autre collision,,,,,,,,,,,1,2,2,1,6
200800045014,0008-08-29 08:20:00,8,8,29,8,20,920,4,"NR, REDOUTE ( AVENUE DE",,,Plein jour,En agglomération,Intersection en X,Normale,Autre collision,,,,,,,,,,,1,2,2,1,6
200800045015,0008-08-29 19:10:00,8,8,29,19,10,920,4,"NR, AULAGNIER ( QUAI )",,,Nuit avec éclairage non allumé,En agglomération,Hors intersection,Normale,Deux véhicules - arrière,,,,,,,,,,,4,2,1,1,2
200800045016,0008-08-01 12:20:00,8,8,1,12,20,920,7,"28, BRIAND (AVENUE ARIST",,,Plein jour,En agglomération,Hors intersection,Normale,Deux véhicules - côté,,,,,,,,,,,1,2,1,1,3
200800045017,0008-08-12 02:20:00,8,8,12,2,20,920,7,"1, JAURES (AVENUE JEAN)",,,Nuit avec éclairage allumé,En agglomération,Hors intersection,Normale,Sans collision,,,,,,,,,,,5,2,1,1,7
200800045018,0008-08-12 16:10:00,8,8,12,16,10,920,7,"118, RAVERA (AVENUE HENR",,,Plein jour,En agglomération,Hors intersection,Normale,Trois véhicules et plus - en chaîne,,,,,,,,,,,1,2,1,1,4
200800045019,0008-08-17 11:45:00,8,8,17,11,45,920,7,BRIAND (AVENUE ARISTIDE),,,Plein jour,En agglomération,Intersection en T,Normale,Deux véhicules - côté,,,,,,,,,,,1,2,3,1,3
200800045020,0008-08-04 17:00:00,8,8,4,17,0,920,12,"206, JEAN JAURES (BOULEV",,,Plein jour,En agglomération,Hors intersection,Normale,Deux véhicules - côté,,,,,,,,,,,1,2,1,1,3
200800045021,0008-08-06 18:30:00,8,8,6,18,30,920,12,SAUSSIERE (RUE DE LA),,,Plein jour,En agglomération,Intersection en X,Normale,Deux véhicules - côté,,,,,,,,,,,1,2,2,1,3
200800045022,0008-08-06 09:25:00,8,8,6,9,25,920,12,"1, ANDRE MORIZET (AVENUE",,,Plein jour,En agglomération,Giratoire,Normale,Autre collision,,,,,,,,,,,1,2,6,1,6
200800045023,0008-08-10 18:20:00,8,8,10,18,20,920,12,"1, POINT DU JOUR (QUAI D",,,Plein jour,En agglomération,Hors intersection,Normale,Deux véhicules - côté,,,,,,,,,,,1,2,1,1,3
200800045024,0008-08-15 11:45:00,8,8,15,11,45,920,12,"non rensei, STALINGRAD (",,,Plein jour,Hors agglomération,Hors intersection,Normale,Deux véhicules - côté,,,,,,,,,,,1,1,1,1,3
200800045025,0008-08-16 12:00:00,8,8,16,12,0,920,12,"angle, ANDRE MORIZET (AV",,,Plein jour,En agglomération,Intersection en X,Normale,Trois véhicules et plus - collisions multiples,,,,,,,,,,,1,2,2,1,5
200800045026,0008-08-16 19:35:00,8,8,16,19,35,920,12,"59, AUTEUIL (BOULEVARD D",,,Plein jour,En agglomération,Hors intersection,Normale,Deux véhicules - côté,,,,,,,,,,,1,2,1,1,3
200800045027,0008-08-20 08:00:00,8,8,20,8,0,920,12,"122, GENERAL LECLERC (AV",,,Plein jour,En agglomération,Hors intersection,Normale,Autre collision,,,,,,,,,,,1,2,1,1,6
200800045028,0008-08-27 12:15:00,8,8,27,12,15,920,12,"64, REPUBLIQUE (BOULEVAR",,,Plein jour,En agglomération,Hors intersection,Normale,Deux véhicules - côté,,,,,,,,,,,1,2,1,1,3
200800045029,0008-08-27 22:15:00,8,8,27,22,15,920,12,"50, JEAN BAPTISTE CLEMEN",,,Nuit avec éclairage allumé,En agglomération,Hors intersection,Normale,Autre collision,,,,,,,,,,,5,2,1,1,6
200800045030,0008-08-23 14:15:00,8,8,23,14,15,920,12,"46, ALPHONSE LE GALLO (Q",,,Plein jour,Hors agglomération,Hors intersection,Normale,Deux véhicules - arrière,,,,,,,,,,,1,1,1,1,2
200800045031,0008-08-02 20:25:00,8,8,2,20,25,920,24,"48, VICTOR HUGO (BD)",,,Crépuscule ou aube,En agglomération,Hors intersection,Normale,Deux véhicules - côté,,,,,,,,,,,2,2,1,1,3
200800045032,0008-08-13 12:50:00,8,8,13,12,50,920,24,"106, CLICHY (QUAI DE) DE",,,Plein jour,En agglomération,Giratoire,Normale,Deux véhicules - côté,,,,,,,,,,,1,2,6,1,3
200800045033,0008-08-13 12:25:00,8,8,13,12,25,920,24,"72, MARTRE (RUE) DE (59",,,Plein jour,En agglomération,Hors intersection,Normale,Autre collision,,,,,,,,,,,1,2,1,1,6
200800045034,0008-08-18 14:25:00,8,8,18,14,25,920,24,GENERAL LECLERC (RUE DU),,,Plein jour,En agglomération,Hors intersection,Normale,Autre collision,,,,,,,,,,,1,2,1,1,6
200800045035,0008-08-28 08:55:00,8,8,28,8,55,920,24,"123, VICTOR HUGO (BD)",,,Plein jour,En agglomération,Hors intersection,Normale,Autre collision,,,,,,,,,,,1,2,1,1,6
200800045036,0008-08-28 18:20:00,8,8,28,18,20,920,24,"94, PARIS (RUE DE) DE (5",,,Plein jour,En agglomération,Hors intersection,Normale,Deux véhicules - côté,,,,,,,,,,,1,2,1,1,3
200800045037,0008-08-25 12:10:00,8,8,25,12,10,920,24,"117, PARIS (RUE DE) DE (",,,Plein jour,En agglomération,Intersection en Y,Normale,Autre collision,,,,,,,,,,,1,2,4,1,6
200800045038,0008-08-27 06:10:00,8,8,27,6,10,920,24,GENERAL LECLERC (BD DU),,,Nuit avec éclairage allumé,En agglomération,Intersection en X,Normale,Autre collision,,,,,,,,,,,5,2,2,1,6
200800045039,0008-08-01 00:45:00,8,8,1,0,45,920,25,"180, PRESIDENT SALVADOR",,,Nuit sans éclairage public,En agglomération,Hors intersection,Normale,Autre collision,,,,,,,,,,,3,2,1,1,6
200800045040,0008-08-01 17:30:00,8,8,1,17,30,920,25,"14, PAUL BERT (RUE)",,,Plein jour,En agglomération,Hors intersection,Normale,Deux véhicules - côté,,,,,,,,,,,1,2,1,1,3
200800045041,0008-08-07 09:30:00,8,8,7,9,30,920,25,STALINGRAD (AV DE),,,Plein jour,En agglomération,Intersection en X,Normale,Deux véhicules - côté,,,,,,,,,,,1,2,2,1,3
200800045042,0008-08-09 10:40:00,8,8,9,10,40,920,25,"16/18, VALMY (BD DE)",,,Plein jour,En agglomération,Hors intersection,Normale,Deux véhicules - côté,,,,,,,,,,,1,2,1,1,3
200800045043,0008-08-17 02:25:00,8,8,17,2,25,920,25,SARTROUVILLE (RUE DE ),,,Nuit avec éclairage allumé,En agglomération,Intersection en T,Normale,Autre collision,,,,,,,,,,,5,2,3,1,6
200800045044,0008-08-22 07:00:00,8,8,22,7,0,920,25,PRESIDENT SALVADOR ALLEN,,,Crépuscule ou aube,En agglomération,Intersection en T,Pluie légère,Autre collision,,,,,,,,,,,2,2,3,2,6
200800045045,0008-08-22 20:30:00,8,8,22,20,30,920,25,"138, AGENT SARRE (AV DE",,,Crépuscule ou aube,En agglomération,Hors intersection,Pluie légère,Deux véhicules - arrière,,,,,,,,,,,2,2,1,2,2
200800045046,0008-08-16 15:27:00,8,8,16,15,27,140,118,"0, COTE DE NACRE(AVENUE)",,,Plein jour,En agglomération,Hors intersection,Normale,Deux véhicules - arrière,,,,,,,,,,,1,2,1,1,2
200800045047,0008-08-30 12:55:00,8,8,30,12,55,780,498,ROBESPIERRE BD,,,Plein jour,En agglomération,Intersection en T,Normale,Deux véhicules - côté,,,,,,,,,,,1,2,3,1,3
200800045048,0008-08-21 04:20:00,8,8,21,4,20,770,337,RN104,,,Nuit sans éclairage public,Hors agglomération,Hors intersection,Normale,Deux véhicules - côté,,,,,,,,,,,3,1,1,1,3
200800045049,0008-08-01 19:40:00,8,8,1,19,40,220,113,", TREBEURDEN (ROUTE DE)",,,Plein jour,En agglomération,Intersection en X,Pluie forte,Deux véhicules - côté,,,,,,,,,,,1,2,2,3,3
200800045050,0008-08-30 18:35:00,8,8,30,18,35,220,113,"211, TREBEURDEN (ROUTE D",,,Plein jour,Hors agglomération,Intersection en T,Normale,Deux véhicules - côté,,,,,,,,,,,1,1,3,1,3
200800045051,0008-08-01 16:20:00,8,8,1,16,20,220,106,"0, VERNE (RUE JULES)",,,Plein jour,Hors agglomération,Hors intersection,Pluie légère,Sans collision,,,,,,,,,,,1,1,1,2,7
200800045052,0008-08-07 01:10:00,8,8,7,1,10,220,278,"51, CORNEILLE COTE IMPAI",,,Nuit avec éclairage allumé,En agglomération,Hors intersection,Normale,Sans collision,,,,,,,,,,,5,2,1,1,7
200800045053,0008-08-06 21:10:00,8,8,6,21,10,220,278,"0, VILLE JOUHA (BD DE LA",,,Plein jour,En agglomération,Hors intersection,Normale,Deux véhicules - arrière,,,,,,,,,,,1,2,1,1,2
200800045054,0008-08-08 06:45:00,8,8,8,6,45,220,278,"2, SAINT-BARTHELEMY (DE)",,,Crépuscule ou aube,En agglomération,Hors intersection,Normale,Sans collision,,,,,,,,,,,2,2,1,1,7
200800045055,0008-08-07 14:20:00,8,8,7,14,20,220,215,"0, BOURGNEUF (RUE DU)",,,Plein jour,En agglomération,Hors intersection,Normale,Sans collision,,,,,,,,,,,1,2,1,1,7
200800045056,0008-08-11 04:05:00,8,8,11,4,5,220,360,RN12,,,Nuit sans éclairage public,Hors agglomération,Hors intersection,Normale,Sans collision,,,,,,,,,,,3,1,1,1,7
200800045057,0008-08-14 17:40:00,8,8,14,17,40,220,278,"10, PARIS (DE)",,,Plein jour,En agglomération,Hors intersection,Pluie légère,Deux véhicules - côté,,,,,,,,,,,1,2,1,2,3
200800045058,0008-08-19 21:15:00,8,8,19,21,15,220,106,"0, VERNE (RUE JULES)",,,Nuit avec éclairage allumé,En agglomération,Intersection en T,Normale,Sans collision,,,,,,,,,,,5,2,3,1,7
200800045059,0008-08-20 12:00:00,8,8,20,12,0,220,278,"27, LAENNEC (BD)",,,Plein jour,En agglomération,Hors intersection,Normale,Deux véhicules - arrière,,,,,,,,,,,1,2,1,1,2
200800045060,0008-08-20 18:30:00,8,8,20,18,30,220,278,"0, AMPERE",,,Plein jour,En agglomération,Intersection en T,Normale,Deux véhicules - côté,,,,,,,,,,,1,2,3,1,3
200800045061,0008-08-22 14:50:00,8,8,22,14,50,220,360,VALLEE (RUE DE LA),,,Plein jour,Hors agglomération,Intersection en X,Normale,Deux véhicules - côté,,,,,,,,,,,1,1,2,1,3
200800045062,0008-08-07 11:55:00,8,8,7,11,55,230,96,GUILLAUMIN (BOULEVARD),,,Plein jour,En agglomération,Intersection en X,Pluie légère,Deux véhicules - côté,,,,,,,,,,,1,2,2,2,3
200800045063,0008-08-12 12:15:00,8,8,12,12,15,230,96,", CASSIN (AVENUE RENE)",,,Plein jour,En agglomération,Intersection en T,Pluie légère,Deux véhicules - arrière,,,,,,,,,,,1,2,3,2,2
200800045064,0008-08-21 23:55:00,8,8,21,23,55,230,96,"36, FAYOLLE (Route de)",,,Nuit sans éclairage public,Hors agglomération,Hors intersection,Normale,Sans collision,,,,,,,,,,,3,1,1,1,7
200800045065,0008-08-23 19:45:00,8,8,23,19,45,230,96,LAROCHE (AVENUE LOUIS),,,Plein jour,En agglomération,Intersection en X,Normale,Deux véhicules - côté,,,,,,,,,,,1,2,2,1,3
200800045066,0008-08-28 17:30:00,8,8,28,17,30,230,96,CHARLES DE GAULLE (AVENU,,,Plein jour,En agglomération,Hors intersection,Normale,Deux véhicules - côté,,,,,,,,,,,1,2,1,1,3
200800045067,0008-08-11 10:20:00,8,8,11,10,20,240,37,"30, MONTAIGNE(BOULEVARD)",,,Plein jour,En agglomération,Hors intersection,Normale,Autre collision,,,,,,,,,,,1,2,1,1,6
200800045068,0008-08-19 15:35:00,8,8,19,15,35,240,37,VIZERIE (RUE DOCTEURS PI,,,Plein jour,En agglomération,Intersection en X,Normale,Deux véhicules - côté,,,,,,,,,,,1,2,2,1,3
200800045069,0008-08-28 13:55:00,8,8,28,13,55,240,37,"17, HERIDIA (RUE JOSE-MA",,,Plein jour,En agglomération,Hors intersection,Normale,Autre collision,,,,,,,,,,,1,2,1,1,6
200800045070,0008-08-01 16:50:00,8,8,1,16,50,240,138,"0, GAULLE (AVENUE DU GEN",,,Plein jour,En agglomération,Hors intersection,Normale,Deux véhicules - arrière,,,,,,,,,,,1,2,1,1,2
200800045071,0008-08-05 16:40:00,8,8,5,16,40,240,322,"0, GUENA (PLACE YVES)",,,Plein jour,En agglomération,Giratoire,Normale,Deux véhicules - côté,,,,,,,,,,,1,2,6,1,3
200800045072,0008-08-16 21:39:00,8,8,16,21,39,240,322,FENELON (COURS),,,Crépuscule ou aube,En agglomération,Intersection en T,Normale,Deux véhicules - côté,,,,,,,,,,,2,2,3,1,3
200800045073,0008-08-19 19:45:00,8,8,19,19,45,240,53,"192, LYON (ROUTE DE )",,,Plein jour,En agglomération,Hors intersection,Normale,Deux véhicules - côté,,,,,,,,,,,1,2,1,1,3