accident_id,datetime,annee,mois,jour,heure,minute,departement,commune_insee,adresse,latitude,longitude,luminosite,agglomeration,intersection,meteo,collision,nb_vehicules,nb_usagers,nb_indemnes,nb_tues,nb_blesses_hosp,nb_blesses_legers,age_cond_1,age_cond_2,veh_type_cond_1,veh_type_cond_2,lum_code,agg_code,int_code,atm_code,col_code
200800045206,0008-08-23 03:25:00,8,8,23,3,25,330,9,"4, MESTREZAT (BD)",,,Nuit avec éclairage allumé,En agglomération,Hors intersection,Normale,Autre collision,,,,,,,,,,,5,2,1,1,6
200800045207,0008-08-01 00:30:00,8,8,1,0,30,330,63,"36, AVE THIERS",,,Nuit avec éclairage allumé,En agglomération,Hors intersection,Normale,Autre collision,,,,,,,,,,,5,2,1,1,6
200800045208,0008-08-01 12:45:00,8,8,1,12,45,330,63,BD GEORGE V,,,Plein jour,En agglomération,Hors intersection,Temps couvert,Trois véhicules et plus - en chaîne,,,,,,,,,,,1,2,1,8,4
200800045209,0008-08-02 15:25:00,8,8,2,15,25,330,281,"50, AVE DES FRERES ROBIN",,,Plein jour,En agglomération,Hors intersection,Normale,Deux véhicules - côté,,,,,,,,,,,1,2,1,1,3
200800045210,0008-08-28 15:45:00,8,8,28,15,45,300,189,JAURES JEAN (BOULEVARD),43.83972,4.37157,Plein jour,En agglomération,Intersection en X,Normale,Deux véhicules - arrière,,,,,,,,,,,1,2,2,1,2
200800045211,0008-08-29 01:20:00,8,8,29,1,20,300,189,POULX (ROUTE DE),43.8389,4.36899,Nuit sans éclairage public,En agglomération,Hors intersection,Normale,Autre collision,,,,,,,,,,,3,2,1,1,6
200800045212,0008-08-29 15:50:00,8,8,29,15,50,300,189,MENDES FRANCE PIERRE (AV,,,Plein jour,En agglomération,Hors intersection,Normale,Trois véhicules et plus - en chaîne,,,,,,,,,,,1,2,1,1,4
200800045213,0008-08-29 18:33:00,8,8,29,18,33,300,189,"21, HUGO VICTOR (BOULEVA",43.83776,4.3561,Plein jour,En agglomération,Hors intersection,Normale,Deux véhicules - côté,,,,,,,,,,,1,2,1,1,3
200800045214,0008-08-30 16:54:00,8,8,30,16,54,300,189,MAS DE VIGNOLLES (ALLEE,43.82211,4.36246,Plein jour,En agglomération,Intersection en X,Normale,Deux véhicules - côté,,,,,,,,,,,1,2,2,1,3
200800045215,0008-08-31 00:01:00,8,8,31,0,1,300,189,BOEGNER PASTEUR MARC (BO,43.82267,4.3687,Nuit sans éclairage public,En agglomération,Giratoire,Normale,Sans collision,,,,,,,,,,,3,2,6,1,7
200800045216,0008-08-31 16:10:00,8,8,31,16,10,300,189,"0000, SAUVE (ROUTE)",,,Plein jour,Hors agglomération,Hors intersection,Normale,Sans collision,,,,,,,,,,,1,1,1,1,7
200800045217,0008-08-10 17:45:00,8,8,10,17,45,300,11,"0000000000, RD 6100",,,Plein jour,Hors agglomération,Hors intersection,Normale,Deux véhicules - arrière,,,,,,,,,,,1,1,1,1,2
200800045218,0008-08-20 13:45:00,8,8,20,13,45,300,11,", TAVEL AVENUE DE",,,Plein jour,En agglomération,Hors intersection,Normale,Autre collision,,,,,,,,,,,1,2,1,1,6
200800045219,0008-08-06 15:05:00,8,8,6,15,5,310,69,"8, BELISAIRE (CH DE)",,,Plein jour,En agglomération,Intersection en T,Normale,Deux véhicules - arrière,,,,,,,,,,,1,2,3,1,2
200800045220,0008-08-25 10:20:00,8,8,25,10,20,310,69,GRENADE (ROUTE DE),,,Plein jour,En agglomération,Hors intersection,Normale,Sans collision,,,,,,,,,,,1,2,1,1,7
200800045221,0008-08-21 16:30:00,8,8,21,16,30,310,149,"999, COLLONGUES (RUE ETI",,,Plein jour,En agglomération,Autre intersection,Normale,Deux véhicules - arrière,,,,,,,,,,,1,2,9,1,2
200800045222,0008-08-01 13:30:00,8,8,1,13,30,310,555,"999, RTE DE REVEL",,,Plein jour,En agglomération,Intersection en X,Normale,Deux véhicules - frontale,,,,,,,,,,,1,2,2,1,1
200800045223,0008-08-01 21:30:00,8,8,1,21,30,310,555,"999, CHE DE LA SAUDRUNE",,,Nuit avec éclairage allumé,Hors agglomération,Hors intersection,Normale,Deux véhicules - frontale,,,,,,,,,,,5,1,1,1,1
200800045224,0008-08-03 21:15:00,8,8,3,21,15,310,555,"999, PL DU PONT NEUF",,,Nuit avec éclairage allumé,En agglomération,Hors intersection,Normale,Autre collision,,,,,,,,,,,5,2,1,1,6
200800045225,0008-08-03 23:05:00,8,8,3,23,5,310,555,VA007342 LA CEPIERE  A62,,,Nuit avec éclairage non allumé,Hors agglomération,Hors intersection,Normale,Autre collision,,,,,,,,,,,4,1,1,1,6
200800045226,0008-08-04 03:10:00,8,8,4,3,10,310,555,"999, AV DES ARENES ROMAI",,,Nuit avec éclairage allumé,En agglomération,Hors intersection,Normale,Autre collision,,,,,,,,,,,5,2,1,1,6
200800045227,0008-08-04 18:55:00,8,8,4,18,55,310,555,"999, AV ANTOINE DE ST EX",,,Plein jour,En agglomération,Hors intersection,Normale,Deux véhicules - arrière,,,,,,,,,,,1,2,1,1,2
200800045228,0008-08-04 23:30:00,8,8,4,23,30,310,555,"999, RUE DES BOUQUETINS",,,Nuit avec éclairage allumé,En agglomération,Hors intersection,Normale,Sans collision,,,,,,,,,,,5,2,1,1,7
200800045229,0008-08-05 16:40:00,8,8,5,16,40,310,555,"58, ALL JEAN JAURES",,,Plein jour,En agglomération,Hors intersection,Normale,Deux véhicules - côté,,,,,,,,,,,1,2,1,1,3
200800045230,0008-08-05 22:10:00,8,8,5,22,10,310,555,"85, ALL CHARLES DE FITTE",,,Nuit avec éclairage allumé,En agglomération,Hors intersection,Normale,Autre collision,,,,,,,,,,,5,2,1,1,6
200800045231,0008-08-06 08:54:00,8,8,6,8,54,310,555,VA007554 LASBORDES A61 S,,,Plein jour,Hors agglomération,Hors intersection,Normale,Deux véhicules - côté,,,,,,,,,,,1,1,1,1,3
200800045232,0008-08-06 10:45:00,8,8,6,10,45,310,555,"999, CHE DES ETROITS",,,Plein jour,Hors agglomération,Intersection en T,Normale,Deux véhicules - côté,,,,,,,,,,,1,1,3,1,3
200800045233,0008-08-06 12:35:00,8,8,6,12,35,310,555,"999, RUE DU FAUBOURG BON",,,Plein jour,En agglomération,Hors intersection,Normale,Deux véhicules - arrière,,,,,,,,,,,1,2,1,1,2
200800045234,0008-08-06 20:10:00,8,8,6,20,10,310,555,"23, BD DE L EMBOUCHURE",,,Nuit avec éclairage allumé,Hors agglomération,Hors intersection,Normale,Deux véhicules - arrière,,,,,,,,,,,5,1,1,1,2
200800045235,0008-08-07 00:45:00,8,8,7,0,45,310,555,"140, AV DE LOMBEZ",,,Nuit avec éclairage allumé,En agglomération,Hors intersection,Normale,Sans collision,,,,,,,,,,,5,2,1,1,7
200800045236,0008-08-07 01:20:00,8,8,7,1,20,310,555,"999, RUE MATABIAU",,,Nuit avec éclairage allumé,En agglomération,Hors intersection,Pluie légère,Deux véhicules - arrière,,,,,,,,,,,5,2,1,2,2
200800045237,0008-08-07 10:25:00,8,8,7,10,25,310,555,"999, AV RAYMOND NAVES",,,Plein jour,En agglomération,Intersection en X,Normale,Deux véhicules - côté,,,,,,,,,,,1,2,2,1,3
200800045238,0008-08-08 13:35:00,8,8,8,13,35,310,555,VA007418 PONT JUMEAUX A6,,,Plein jour,Hors agglomération,Hors intersection,Normale,Deux véhicules - arrière,,,,,,,,,,,1,1,1,1,2
200800045239,0008-08-08 15:25:00,8,8,8,15,25,310,555,"56, ALL JEAN JAURES",,,Plein jour,En agglomération,Hors intersection,Normale,Deux véhicules - côté,,,,,,,,,,,1,2,1,1,3
200800045240,0008-08-08 16:45:00,8,8,8,16,45,310,555,"999, AV DE CASTRES",,,Plein jour,En agglomération,Autre intersection,Normale,Deux véhicules - côté,,,,,,,,,,,1,2,9,1,3
200800045241,0008-08-08 22:45:00,8,8,8,22,45,310,555,"06, RUE HUBERT MONLOUP",,,Nuit avec éclairage allumé,En agglomération,Hors intersection,Normale,Deux véhicules - côté,,,,,,,,,,,5,2,1,1,3
200800045242,0008-08-10 22:05:00,8,8,10,22,5,310,555,"999, AV PIERRE G LATECOE",,,Nuit avec éclairage allumé,En agglomération,Hors intersection,Normale,Deux véhicules - côté,,,,,,,,,,,5,2,1,1,3
200800045243,0008-08-09 18:00:00,8,8,9,18,0,310,555,"24, RTE DE NARBONNE",,,Plein jour,En agglomération,Hors intersection,Normale,Autre collision,,,,,,,,,,,1,2,1,1,6
200800045244,0008-08-11 23:15:00,8,8,11,23,15,310,555,"7, RUE DU PONT SAINT PIE",,,Nuit avec éclairage allumé,En agglomération,Hors intersection,Normale,Sans collision,,,,,,,,,,,5,2,1,1,7
200800045245,0008-08-12 16:00:00,8,8,12,16,0,310,555,"281, RTE DE NARBONNE",,,Plein jour,En agglomération,Hors intersection,Pluie légère,Autre collision,,,,,,,,,,,1,2,1,2,6
200800045246,0008-08-13 08:50:00,8,8,13,8,50,310,555,VA007493 LES IZARDS A62,,,Plein jour,Hors agglomération,Hors intersection,Normale,Deux véhicules - côté,,,,,,,,,,,1,1,1,1,3
200800045247,0008-08-13 15:30:00,8,8,13,15,30,310,555,"82 BIS, RTE DE NARBONNE",,,Plein jour,En agglomération,Hors intersection,Normale,Autre collision,,,,,,,,,,,1,2,1,1,6
200800045248,0008-08-14 23:20:00,8,8,14,23,20,310,555,"136, RUE DU FAUBOURG BON",,,Nuit avec éclairage allumé,En agglomération,Hors intersection,Normale,Autre collision,,,,,,,,,,,5,2,1,1,6
200800045249,0008-08-15 17:45:00,8,8,15,17,45,310,555,"999, AV PIERRE G LATECOE",,,Plein jour,En agglomération,Hors intersection,Normale,Deux véhicules - arrière,,,,,,,,,,,1,2,1,1,2
200800045250,0008-08-16 12:20:00,8,8,16,12,20,310,555,"02, AV ETIENNE BILLIERES",,,Plein jour,En agglomération,Hors intersection,Normale,Deux véhicules - arrière,,,,,,,,,,,1,2,1,1,2
200800045251,0008-08-19 15:55:00,8,8,19,15,55,310,555,"10, RUE DE REMUSAT",,,Plein jour,En agglomération,Hors intersection,Normale,Autre collision,,,,,,,,,,,1,2,1,1,6
200800045252,0008-08-17 04:50:00,8,8,17,4,50,310,555,"999, VA007440 LES MINIME",,,Nuit avec éclairage allumé,Hors agglomération,Hors intersection,Temps couvert,Sans collision,,,,,,,,,,,5,1,1,8,7
200800045253,0008-08-17 07:50:00,8,8,17,7,50,310,555,"134, RUE DU FAUBOURG BON",,,Plein jour,En agglomération,Hors intersection,Normale,Autre collision,,,,,,,,,,,1,2,1,1,6
200800045254,0008-08-17 20:10:00,8,8,17,20,10,310,555,"139, CHE DE LANUSSE",,,Plein jour,En agglomération,Hors intersection,Normale,Deux véhicules - côté,,,,,,,,,,,1,2,1,1,3
200800045255,0008-08-16 18:15:00,8,8,16,18,15,310,555,VA007554 LASBORDES A61 S,,,Plein jour,Hors agglomération,Hors intersection,Normale,Deux véhicules - côté,,,,,,,,,,,1,1,1,1,3
200800045256,0008-08-18 13:55:00,8,8,18,13,55,310,555,"999, RTE DE SAINT SIMON",,,Plein jour,En agglomération,Hors intersection,Normale,Deux véhicules - côté,,,,,,,,,,,1,2,1,1,3
200800045257,0008-08-18 16:50:00,8,8,18,16,50,310,555,"59, RUE VESTREPAIN",,,Plein jour,En agglomération,Hors intersection,Normale,Deux véhicules - frontale,,,,,,,,,,,1,2,1,1,1
200800045258,0008-08-19 15:20:00,8,8,19,15,20,310,555,"31, AV DE MURET",,,Plein jour,En agglomération,Hors intersection,Normale,Autre collision,,,,,,,,,,,1,2,1,1,6
200800045259,0008-08-19 16:55:00,8,8,19,16,55,310,555,"999, RUE DARDENNE",,,Plein jour,En agglomération,Intersection en X,Normale,Deux véhicules - côté,,,,,,,,,,,1,2,2,1,3
200800045260,0008-08-19 17:10:00,8,8,19,17,10,310,555,"22, AV HONORE SERRES",,,Plein jour,En agglomération,Hors intersection,Normale,Sans collision,,,,,,,,,,,1,2,1,1,7
200800045261,0008-08-19 23:05:00,8,8,19,23,5,310,555,"119, AV ANTOINE DE ST EX",,,Nuit avec éclairage allumé,En agglomération,Hors intersection,Normale,Sans collision,,,,,,,,,,,5,2,1,1,7
200800045262,0008-08-21 01:18:00,8,8,21,1,18,310,555,"999, PONT DES DEMOISELLE",,,Nuit avec éclairage allumé,En agglomération,Hors intersection,Normale,Deux véhicules - frontale,,,,,,,,,,,5,2,1,1,1
200800045263,0008-08-22 10:15:00,8,8,22,10,15,310,555,VA007644 EMPALOT A620 So,,,Plein jour,Hors agglomération,Hors intersection,Pluie légère,Deux véhicules - frontale,,,,,,,,,,,1,1,1,2,1
200800045264,0008-08-22 20:00:00,8,8,22,20,0,310,555,"02, AV ETIENNE BILLIERES",,,Plein jour,En agglomération,Hors intersection,Normale,Deux véhicules - arrière,,,,,,,,,,,1,2,1,1,2
200800045265,0008-08-23 16:38:00,8,8,23,16,38,310,555,"999, VA007386 Fil d'Aria",,,Plein jour,Hors agglomération,Hors intersection,Normale,Sans collision,,,,,,,,,,,1,1,1,1,7
200800045266,0008-08-25 10:20:00,8,8,25,10,20,310,555,"999, BD LASCROSSES",,,Plein jour,En agglomération,Hors intersection,Normale,Deux véhicules - arrière,,,,,,,,,,,1,2,1,1,2
200800045267,0008-08-25 10:50:00,8,8,25,10,50,310,555,"222, AV DE MURET",,,Plein jour,En agglomération,Hors intersection,Normale,Deux véhicules - côté,,,,,,,,,,,1,2,1,1,3
200800045268,0008-08-26 08:40:00,8,8,26,8,40,310,555,"999, AV DE LARDENNE",,,Plein jour,En agglomération,Hors intersection,Normale,Deux véhicules - frontale,,,,,,,,,,,1,2,1,1,1
200800045269,0008-08-27 05:30:00,8,8,27,5,30,310,555,VA007644 EMPALOT A620 So,,,Nuit avec éclairage allumé,Hors agglomération,Hors intersection,Normale,Deux véhicules - arrière,,,,,,,,,,,5,1,1,1,2
200800045270,0008-08-27 08:40:00,8,8,27,8,40,310,555,"999, PL DE LA PATTE D OI",,,Plein jour,En agglomération,Giratoire,Normale,Deux véhicules - côté,,,,,,,,,,,1,2,6,1,3
200800045271,0008-08-28 01:50:00,8,8,28,1,50,310,555,"312, AV DES ETATS UNIS",,,Nuit avec éclairage allumé,En agglomération,Hors intersection,Normale,Deux véhicules - côté,,,,,,,,,,,5,2,1,1,3
200800045272,0008-08-29 10:08:00,8,8,29,10,8,310,555,"999, AV M BOURGES MAUNOU",,,Plein jour,En agglomération,Hors intersection,Normale,Autre collision,,,,,,,,,,,1,2,1,1,6
200800045273,0008-08-29 20:25:00,8,8,29,20,25,310,555,RTE D ALBI,,,Crépuscule ou aube,En agglomération,Intersection en T,Normale,Deux véhicules - frontale,,,,,,,,,,,2,2,3,1,1
200800045274,0008-08-29 10:50:00,8,8,29,10,50,310,555,"999, AV M BOURGES MAUNOU",,,Plein jour,En agglomération,Hors intersection,Normale,Deux véhicules - côté,,,,,,,,,,,1,2,1,1,3
200800045275,0008-08-26 18:55:00,8,8,26,18,55,310,557,RAMELET MOUNDI (CH DE),,,Plein jour,En agglomération,Intersection en T,Normale,Deux véhicules - côté,,,,,,,,,,,1,2,3,1,3
200800045276,0008-08-02 12:30:00,8,8,2,12,30,320,13,"24, YSER (AVENUE DE L')",,,Plein jour,En agglomération,Hors intersection,Normale,Trois véhicules et plus - en chaîne,,,,,,,,,,,1,2,1,1,4
200800045277,0008-08-12 13:55:00,8,8,12,13,55,320,13,TOULOUSE (ROUTE DE),,,Plein jour,Hors agglomération,Hors intersection,Pluie légère,Deux véhicules - frontale,,,,,,,,,,,1,1,1,2,1
200800045278,0008-08-03 22:25:00,8,8,3,22,25,330,529,"32, PORT (RUE DU)",,,Nuit avec éclairage allumé,En agglomération,Intersection en X,Normale,Deux véhicules - côté,,,,,,,,,,,5,2,2,1,3
200800045279,0008-08-06 18:55:00,8,8,6,18,55,330,529,"25, CAZAUX (BD DE)",,,Plein jour,Hors agglomération,Hors intersection,Normale,Deux véhicules - côté,,,,,,,,,,,1,1,1,1,3
200800045280,0008-08-12 17:25:00,8,8,12,17,25,330,9,"6, MER (BD DE LA)",,,Plein jour,En agglomération,Hors intersection,Normale,Deux véhicules - frontale,,,,,,,,,,,1,2,1,1,1
200800045281,0008-08-16 01:05:00,8,8,16,1,5,330,529,RD 1250 (Camicas - Sorti,,,Nuit avec éclairage allumé,Hors agglomération,Intersection en X,Normale,Deux véhicules - côté,,,,,,,,,,,5,1,2,1,3
200800045282,0008-08-21 18:25:00,8,8,21,18,25,330,529,"53, LECLERC (AVE DU GAL)",,,Plein jour,Hors agglomération,Hors intersection,Normale,Deux véhicules - côté,,,,,,,,,,,1,1,1,1,3
200800045283,0008-08-04 11:25:00,8,8,4,11,25,330,63,"56, RTE DE TOULOUSE",,,Plein jour,En agglomération,Hors intersection,Normale,Autre collision,,,,,,,,,,,1,2,1,1,6
200800045284,0008-08-04 23:50:00,8,8,4,23,50,330,63,RUE TANESSE,,,Nuit avec éclairage allumé,En agglomération,Intersection en X,Normale,Deux véhicules - côté,,,,,,,,,,,5,2,2,1,3
200800045285,0008-08-03 02:22:00,8,8,3,2,22,330,119,BD ENTRE DEUX MERS,,,Nuit avec éclairage allumé,En agglomération,Hors intersection,Pluie légère,Deux véhicules - arrière,,,,,,,,,,,5,2,1,2,2
200800045286,0008-08-01 13:15:00,8,8,1,13,15,330,32,AVE LEON BLUM,,,Plein jour,En agglomération,Hors intersection,Temps couvert,Deux véhicules - frontale,,,,,,,,,,,1,2,1,8,1
200800045287,0008-08-05 16:30:00,8,8,5,16,30,330,63,"62, AVE DE LA REPUBLIQUE",,,Plein jour,En agglomération,Intersection en X,Normale,Deux véhicules - côté,,,,,,,,,,,1,2,2,1,3
200800045288,0008-08-05 17:30:00,8,8,5,17,30,330,63,RUE CHEVALIER,,,Plein jour,En agglomération,Intersection en X,Normale,Deux véhicules - côté,,,,,,,,,,,1,2,2,1,3
200800045289,0008-08-01 00:03:00,8,8,1,0,3,330,75,AVE DES 4 PONTS,,,Nuit sans éclairage public,En agglomération,Hors intersection,Normale,Autre collision,,,,,,,,,,,3,2,1,1,6
200800045290,0008-08-01 17:04:00,8,8,1,17,4,330,318,"25, AVE PIERRE CORNEILLE",,,Plein jour,En agglomération,Intersection en X,Normale,Deux véhicules - côté,,,,,,,,,,,1,2,2,1,3
200800045291,0008-08-06 21:29:00,8,8,6,21,29,330,119,AVE RENE CASSAGNE,,,Plein jour,En agglomération,Hors intersection,Normale,Deux véhicules - arrière,,,,,,,,,,,1,2,1,1,2
200800045292,0008-08-05 15:15:00,8,8,5,15,15,330,318,AVE BOUGNARD,,,Plein jour,En agglomération,Hors intersection,Normale,Autre collision,,,,,,,,,,,1,2,1,1,6
200800045293,0008-08-10 20:05:00,8,8,10,20,5,330,63,CRS DE LA MARNE,,,Plein jour,En agglomération,Intersection en X,Normale,Deux véhicules - côté,,,,,,,,,,,1,2,2,1,3
200800045294,0008-08-08 21:30:00,8,8,8,21,30,330,162,AVE DE L'HIPPODROME,,,Plein jour,En agglomération,Intersection en T,Normale,Deux véhicules - côté,,,,,,,,,,,1,2,3,1,3
200800045295,0008-08-09 04:15:00,8,8,9,4,15,330,281,"16, AVE HENRI VIGNEAU",,,Nuit avec éclairage allumé,En agglomération,Hors intersection,Normale,Autre collision,,,,,,,,,,,5,2,1,1,6
200800045296,0008-08-06 17:00:00,8,8,6,17,0,330,32,QUAI FRANCAIS,,,Plein jour,En agglomération,Hors intersection,Normale,Sans collision,,,,,,,,,,,1,2,1,1,7
200800045297,0008-08-05 19:30:00,8,8,5,19,30,330,318,AVE ROGER CHAUMET,,,Plein jour,En agglomération,Hors intersection,Normale,Deux véhicules - côté,,,,,,,,,,,1,2,1,1,3
200800045298,0008-08-09 12:20:00,8,8,9,12,20,330,119,AVE PIERRE BROSSOLETTE,,,Plein jour,En agglomération,Giratoire,Normale,Deux véhicules - arrière,,,,,,,,,,,1,2,6,1,2
200800045299,0008-08-08 14:35:00,8,8,8,14,35,330,167,ALL DE LA GABARRE,,,Plein jour,En agglomération,Hors intersection,Normale,Sans collision,,,,,,,,,,,1,2,1,1,7
200800045300,0008-08-07 22:25:00,8,8,7,22,25,330,119,"197, AVE CARNOT",,,Nuit avec éclairage allumé,En agglomération,Hors intersection,Normale,Deux véhicules - arrière,,,,,,,,,,,5,2,1,1,2
200800045301,0008-08-11 20:45:00,8,8,11,20,45,330,63,BD JOLIOT-CURIE,,,Nuit avec éclairage allumé,En agglomération,Hors intersection,Pluie légère,Deux véhicules - côté,,,,,,,,,,,5,2,1,2,3
200800045302,0008-08-11 19:45:00,8,8,11,19,45,330,63,"136, BD GEORGE V",,,Plein jour,En agglomération,Intersection en X,Pluie légère,Deux véhicules - frontale,,,,,,,,,,,1,2,2,2,1
200800045303,0008-08-11 18:00:00,8,8,11,18,0,330,63,BD PIERRE 1ER,,,Plein jour,En agglomération,Intersection en X,Normale,Deux véhicules - côté,,,,,,,,,,,1,2,2,1,3
200800045304,0008-08-12 17:05:00,8,8,12,17,5,330,63,CRS JOURNU AUBER,,,Plein jour,En agglomération,Intersection en X,Normale,Deux véhicules - côté,,,,,,,,,,,1,2,2,1,3
200800045305,0008-08-13 12:08:00,8,8,13,12,8,330,63,ALL DE BRISTOL,,,Plein jour,En agglomération,Hors intersection,Normale,Deux véhicules - côté,,,,,,,,,,,1,2,1,1,3
200800045306,0008-08-10 14:25:00,8,8,10,14,25,330,318,AVE ROGER COHE,,,Plein jour,En agglomération,Hors intersection,Temps éblouissant,Sans collision,,,,,,,,,,,1,2,1,7,7
200800045307,0008-08-08 20:35:00,8,8,8,20,35,330,281,AVE MONTESQUIEU,,,Plein jour,En agglomération,Intersection en X,Normale,Deux véhicules - côté,,,,,,,,,,,1,2,2,1,3
200800045308,0008-08-08 17:20:00,8,8,8,17,20,330,281,"123, AVE DE LA SOMME",,,Plein jour,En agglomération,Hors intersection,Normale,Deux véhicules - côté,,,,,,,,,,,1,2,1,1,3
200800045309,0008-08-08 14:50:00,8,8,8,14,50,330,192,RUE DE LA CROIX DE MONJO,,,Plein jour,En agglomération,Giratoire,Normale,Deux véhicules - côté,,,,,,,,,,,1,2,6,1,3
200800045310,0008-08-08 18:27:00,8,8,8,18,27,330,281,CHEM DU MERLE,,,Plein jour,En agglomération,Intersection en X,Normale,Deux véhicules - arrière,,,,,,,,,,,1,2,2,1,2
200800045311,0008-08-09 20:20:00,8,8,9,20,20,330,63,"415, BD JEAN-JACQUES BOS",,,Plein jour,En agglomération,Hors intersection,Normale,Deux véhicules - arrière,,,,,,,,,,,1,2,1,1,2
200800045312,0008-08-16 17:43:00,8,8,16,17,43,330,63,"36 Bis, CRS DE VERDUN",,,Plein jour,En agglomération,Hors intersection,Normale,Autre collision,,,,,,,,,,,1,2,1,1,6
200800045313,0008-08-18 19:46:00,8,8,18,19,46,330,63,RUE SOUBIRAS CAUD,,,Plein jour,En agglomération,Giratoire,Normale,Deux véhicules - côté,,,,,,,,,,,1,2,6,1,3
200800045314,0008-08-19 07:55:00,8,8,19,7,55,330,63,"38, RUE LUCIEN FAURE",,,Plein jour,En agglomération,Intersection en T,Pluie forte,Deux véhicules - côté,,,,,,,,,,,1,2,3,3,3
200800045315,0008-08-15 08:30:00,8,8,15,8,30,330,318,RUE DE L'HORLOGE,,,Plein jour,En agglomération,Hors intersection,Normale,Autre collision,,,,,,,,,,,1,2,1,1,6
200800045316,0008-08-13 19:46:00,8,8,13,19,46,330,75,RTE DU MEDOC,,,Plein jour,En agglomération,Intersection en X,Normale,Deux véhicules - côté,,,,,,,,,,,1,2,2,1,3
200800045317,0008-08-20 17:00:00,8,8,20,17,0,330,249,ROC ROCADE RIVE DROITE,,,Plein jour,En agglomération,Intersection en T,Normale,Deux véhicules - côté,,,,,,,,,,,1,2,3,1,3
200800045318,0008-08-18 21:00:00,8,8,18,21,0,330,281,AVE DE LA SOMME,,,Nuit avec éclairage allumé,En agglomération,Intersection en X,Normale,Deux véhicules - côté,,,,,,,,,,,5,2,2,1,3
200800045319,0008-08-21 18:45:00,8,8,21,18,45,330,63,AVE MAL DE LATTRE TASSIG,,,Plein jour,En agglomération,Intersection en T,Normale,Deux véhicules - côté,,,,,,,,,,,1,2,3,1,3
200800045320,0008-08-21 15:15:00,8,8,21,15,15,330,63,RUE DE LA BECHADE,,,Plein jour,En agglomération,Intersection en T,Normale,Deux véhicules - arrière,,,,,,,,,,,1,2,3,1,2
200800045321,0008-08-18 12:20:00,8,8,18,12,20,330,318,AVE DU BOURGAILH,,,Plein jour,En agglomération,Hors intersection,Normale,Deux véhicules - côté,,,,,,,,,,,1,2,1,1,3
200800045322,0008-08-21 12:50:00,8,8,21,12,50,330,63,"5, PCE EUGENE GAUTHIER C",,,Plein jour,En agglomération,Hors intersection,Normale,Deux véhicules - arrière,,,,,,,,,,,1,2,1,1,2
200800045323,0008-08-24 02:30:00,8,8,24,2,30,330,63,QUAI DES CHARTRONS,,,Nuit avec éclairage allumé,En agglomération,Hors intersection,Normale,Deux véhicules - côté,,,,,,,,,,,5,2,1,1,3
200800045324,0008-08-24 20:25:00,8,8,24,20,25,330,63,CRS DE LA LIBERATION,,,Plein jour,En agglomération,Intersection à plus de 4 branches,Normale,Deux véhicules - côté,,,,,,,,,,,1,2,5,1,3
200800045325,0008-08-23 19:30:00,8,8,23,19,30,330,63,CRS MARECHAL JUIN,,,Plein jour,En agglomération,Hors intersection,Normale,Deux véhicules - arrière,,,,,,,,,,,1,2,1,1,2
200800045326,0008-08-19 12:30:00,8,8,19,12,30,330,63,"26, RUE DE L'ECOLE NORMA",,,Plein jour,En agglomération,Hors intersection,Normale,Deux véhicules - arrière,,,,,,,,,,,1,2,1,1,2
200800045327,0008-08-25 08:15:00,8,8,25,8,15,330,63,"117, RUE JACQUES RIVIERE",,,Plein jour,En agglomération,Intersection en T,Normale,Deux véhicules - côté,,,,,,,,,,,1,2,3,1,3
200800045328,0008-08-20 20:10:00,8,8,20,20,10,330,249,RUE ANDRE DUPIN,,,Plein jour,En agglomération,Hors intersection,Normale,Deux véhicules - arrière,,,,,,,,,,,1,2,1,1,2
200800045329,0008-08-21 18:30:00,8,8,21,18,30,330,281,AVE ROLAND GARROS,,,Plein jour,En agglomération,Giratoire,Normale,Deux véhicules - côté,,,,,,,,,,,1,2,6,1,3
200800045330,0008-08-21 00:01:00,8,8,21,0,1,330,192,"28, CRS DU GENERAL DE GA",,,Nuit avec éclairage allumé,En agglomération,Hors intersection,Normale,Deux véhicules - côté,,,,,,,,,,,5,2,1,1,3
200800045331,0008-08-21 23:05:00,8,8,21,23,5,330,522,CHEM BONTEMPS,,,Nuit avec éclairage allumé,En agglomération,Intersection en T,Normale,Deux véhicules - côté,,,,,,,,,,,5,2,3,1,3
200800045332,0008-08-23 10:40:00,8,8,23,10,40,330,167,"3, CHEM DES PLATEAUX",,,Plein jour,En agglomération,Hors intersection,Normale,Deux véhicules - frontale,,,,,,,,,,,1,2,1,1,1
200800045333,0008-08-26 13:40:00,8,8,26,13,40,330,63,ALL SERR,,,Plein jour,En agglomération,Intersection en T,Normale,Autre collision,,,,,,,,,,,1,2,3,1,6
200800045334,0008-08-26 12:25:00,8,8,26,12,25,330,63,"61, CRS DU MARECHAL GALL",,,Plein jour,En agglomération,Hors intersection,Normale,Deux véhicules - côté,,,,,,,,,,,1,2,1,1,3
200800045335,0008-08-22 16:10:00,8,8,22,16,10,330,69,AVE DE LA LIBERATION-CH.,,,Plein jour,En agglomération,Intersection en X,Normale,Deux véhicules - côté,,,,,,,,,,,1,2,2,1,3
200800045336,0008-08-22 18:40:00,8,8,22,18,40,330,281,AVE LEON BLUM,,,Plein jour,En agglomération,Intersection en T,Normale,Deux véhicules - côté,,,,,,,,,,,1,2,3,1,3
200800045337,0008-08-24 03:50:00,8,8,24,3,50,330,281,AVE DU MARECHAL JUIN,,,Nuit avec éclairage allumé,En agglomération,Hors intersection,Normale,Autre collision,,,,,,,,,,,5,2,1,1,6