accident_id,datetime,annee,mois,jour,heure,minute,departement,commune_insee,adresse,latitude,longitude,luminosite,agglomeration,intersection,meteo,collision,nb_vehicules,nb_usagers,nb_indemnes,nb_tues,nb_blesses_hosp,nb_blesses_legers,age_cond_1,age_cond_2,veh_type_cond_1,veh_type_cond_2,lum_code,agg_code,int_code,atm_code,col_code
200800045338,0008-08-27 15:50:00,8,8,27,15,50,330,63,BD DU PRESIDENT WILSON,,,Plein jour,En agglomération,Intersection en X,Normale,Deux véhicules - côté,,,,,,,,,,,1,2,2,1,3
200800045339,0008-08-27 10:30:00,8,8,27,10,30,330,63,"56, AVE DE LA JALLERE",,,Plein jour,En agglomération,Hors intersection,Normale,Deux véhicules - arrière,,,,,,,,,,,1,2,1,1,2
200800045340,0008-08-27 12:00:00,8,8,27,12,0,330,63,RUE BERNARD ADOUR CAUD,,,Plein jour,En agglomération,Intersection en X,Normale,Deux véhicules - côté,,,,,,,,,,,1,2,2,1,3
200800045341,0008-08-28 07:13:00,8,8,28,7,13,330,63,"38, RUE LUCIEN FAURE",,,Plein jour,En agglomération,Intersection en T,Normale,Deux véhicules - côté,,,,,,,,,,,1,2,3,1,3
200800045342,0008-08-24 10:55:00,8,8,24,10,55,330,522,CRS DE LA LIBERATION,,,Plein jour,En agglomération,Intersection en T,Normale,Deux véhicules - côté,,,,,,,,,,,1,2,3,1,3
200800045343,0008-08-22 20:02:00,8,8,22,20,2,330,522,CRS DE LA LIBERATION,,,Plein jour,En agglomération,Intersection en X,Normale,Deux véhicules - côté,,,,,,,,,,,1,2,2,1,3
200800045344,0008-08-29 09:10:00,8,8,29,9,10,330,63,CRS DE LA LIBERATION,,,Plein jour,En agglomération,Intersection en X,Normale,Deux véhicules - côté,,,,,,,,,,,1,2,2,1,3
200800045345,0008-08-29 17:15:00,8,8,29,17,15,330,63,AVE DES TROIS CARDINAUX,,,Plein jour,En agglomération,Giratoire,Normale,Deux véhicules - arrière,,,,,,,,,,,1,2,6,1,2
200800045346,0008-08-29 15:45:00,8,8,29,15,45,330,63,"246, RUE PASTEUR CAUD",,,Plein jour,En agglomération,Hors intersection,Normale,Deux véhicules - côté,,,,,,,,,,,1,2,1,1,3
200800045347,0008-08-30 23:45:00,8,8,30,23,45,330,63,QUAI RICHELIEU,,,Nuit avec éclairage allumé,En agglomération,Hors intersection,Temps couvert,Deux véhicules - arrière,,,,,,,,,,,5,2,1,8,2
200800045348,0008-08-30 23:40:00,8,8,30,23,40,330,63,QUAI DES CHARTRONS,,,Nuit avec éclairage allumé,En agglomération,Intersection en T,Pluie légère,Deux véhicules - côté,,,,,,,,,,,5,2,3,2,3
200800045349,0008-08-29 17:38:00,8,8,29,17,38,330,167,VOIE PENETRANTE EST,,,Plein jour,En agglomération,Hors intersection,Normale,Deux véhicules - arrière,,,,,,,,,,,1,2,1,1,2
200800045350,0008-08-30 13:00:00,8,8,30,13,0,330,281,AVE MATOSINHOS,,,Plein jour,En agglomération,Hors intersection,Normale,Deux véhicules - côté,,,,,,,,,,,1,2,1,1,3
200800045351,0008-08-29 15:30:00,8,8,29,15,30,330,318,AVE ANTOINE BECQUEREL,,,Plein jour,En agglomération,Hors intersection,Normale,Trois véhicules et plus - en chaîne,,,,,,,,,,,1,2,1,1,4
200800045352,0008-08-22 18:00:00,8,8,22,18,0,330,550,CHEM DES ORPHELINS,,,Plein jour,En agglomération,Hors intersection,Normale,Deux véhicules - côté,,,,,,,,,,,1,2,1,1,3
200800045353,0008-08-30 21:10:00,8,8,30,21,10,330,550,"74, RUE ANATOLE FRANCE",,,Nuit sans éclairage public,En agglomération,Hors intersection,Normale,Autre collision,,,,,,,,,,,3,2,1,1,6
200800045354,0008-08-30 23:00:00,8,8,30,23,0,330,550,RTE DE TOULOUSE,,,Nuit avec éclairage allumé,En agglomération,Intersection en T,Normale,Deux véhicules - côté,,,,,,,,,,,5,2,3,1,3
200800045355,0008-08-29 19:00:00,8,8,29,19,0,330,63,AVE MARCEL DASSAULT,,,Plein jour,En agglomération,Intersection en Y,Normale,Deux véhicules - côté,,,,,,,,,,,1,2,4,1,3
200800045356,0008-08-28 10:05:00,8,8,28,10,5,330,249,"17/19, RUE PIERRE DE RON",,,Plein jour,En agglomération,Hors intersection,Normale,Autre collision,,,,,,,,,,,1,2,1,1,6
200800045357,0008-08-28 18:20:00,8,8,28,18,20,330,39,RTE DE TOULOUSE,,,Plein jour,En agglomération,Hors intersection,Normale,Deux véhicules - côté,,,,,,,,,,,1,2,1,1,3
200800045358,0008-08-29 07:15:00,8,8,29,7,15,330,243,"105, EUROPE-J.MONNET(AVE",,,Plein jour,Hors agglomération,Hors intersection,Normale,Sans collision,,,,,,,,,,,1,1,1,1,7
200800045359,0008-08-01 01:30:00,8,8,1,1,30,340,3,D 51 MARSEILLAN (ROUTE D,,,Nuit sans éclairage public,Hors agglomération,Hors intersection,Normale,Autre collision,,,,,,,,,,,3,1,1,1,6
200800045360,0008-08-01 18:45:00,8,8,1,18,45,340,3,GENTILSHOMMES (H16 A L17,,,Plein jour,En agglomération,Hors intersection,Normale,Deux véhicules - côté,,,,,,,,,,,1,2,1,1,3
200800045361,0008-08-07 05:00:00,8,8,7,5,0,340,3,ILE DES LOISIRS (EQUIPEM,,,Nuit avec éclairage allumé,En agglomération,Hors intersection,Normale,Autre collision,,,,,,,,,,,5,2,1,1,6
200800045362,0008-08-04 17:45:00,8,8,4,17,45,340,3,JAURES (D6 A D7 ET E13,,,Plein jour,En agglomération,Intersection en X,Normale,Deux véhicules - côté,,,,,,,,,,,1,2,2,1,3
200800045363,0008-08-10 11:15:00,8,8,10,11,15,340,3,DE GAULLE (E14 A F15,,,Plein jour,En agglomération,Intersection en X,Normale,Deux véhicules - côté,,,,,,,,,,,1,2,2,1,3
200800045364,0008-08-14 17:00:00,8,8,14,17,0,340,3,MICHELET (I17 A J16,,,Plein jour,En agglomération,Hors intersection,Normale,Deux véhicules - frontale,,,,,,,,,,,1,2,1,1,1
200800045365,0008-08-22 14:00:00,8,8,22,14,0,340,3,GUIRAUDETTE (K13 A V10,,,Plein jour,En agglomération,Hors intersection,Normale,Trois véhicules et plus - collisions multiples,,,,,,,,,,,1,2,1,1,5
200800045366,0008-08-01 17:30:00,8,8,1,17,30,340,32,ROUTE DE MARAUSSAN (RD.1,,,Plein jour,Hors agglomération,Hors intersection,Normale,Deux véhicules - côté,,,,,,,,,,,1,1,1,1,3
200800045367,0008-08-03 03:15:00,8,8,3,3,15,340,336,"35, BEREGOVOY (AVENUE PI",,,Plein jour,En agglomération,Hors intersection,Normale,Sans collision,,,,,,,,,,,1,2,1,1,7
200800045368,0008-08-03 21:30:00,8,8,3,21,30,340,336,JOLIOT CURIE (IMPASSE),,,Crépuscule ou aube,Hors agglomération,Hors intersection,Normale,Sans collision,,,,,,,,,,,2,1,1,1,7
200800045369,0008-08-04 00:47:00,8,8,4,0,47,340,32,FOUCAULT JEAN (AV),,,Nuit avec éclairage allumé,En agglomération,Hors intersection,Normale,Sans collision,,,,,,,,,,,5,2,1,1,7
200800045370,0008-08-04 14:50:00,8,8,4,14,50,340,32,NOGUERES HENRI (RD POINT,,,Plein jour,En agglomération,Autre intersection,Normale,Deux véhicules - côté,,,,,,,,,,,1,2,9,1,3
200800045371,0008-08-05 17:00:00,8,8,5,17,0,340,32,RIQUET PIERRE PAUL (ALLE,,,Plein jour,Hors agglomération,Intersection en X,Normale,Deux véhicules - frontale,,,,,,,,,,,1,1,2,1,1
200800045372,0008-08-05 17:45:00,8,8,5,17,45,340,32,DOMAINE DE LA GALINIERE,,,Plein jour,En agglomération,Hors intersection,Normale,Deux véhicules - frontale,,,,,,,,,,,1,2,1,1,1
200800045373,0008-08-06 11:05:00,8,8,6,11,5,340,32,ERIGNAC CLAUDE (AV),,,Plein jour,En agglomération,Intersection en X,Normale,Deux véhicules - côté,,,,,,,,,,,1,2,2,1,3
200800045374,0008-08-06 13:25:00,8,8,6,13,25,340,336,R.D 612,,,Plein jour,Hors agglomération,Hors intersection,Normale,Trois véhicules et plus - en chaîne,,,,,,,,,,,1,1,1,1,4
200800045375,0008-08-06 13:25:00,8,8,6,13,25,340,32,MOURRUT DOCTEUR (BD),,,Plein jour,En agglomération,Hors intersection,Normale,Sans collision,,,,,,,,,,,1,2,1,1,7
200800045376,0008-08-06 21:45:00,8,8,6,21,45,340,336,ROUTE D'AGDE (RD.612B),,,Crépuscule ou aube,Hors agglomération,Hors intersection,Normale,Sans collision,,,,,,,,,,,2,1,1,1,7
200800045377,0008-08-07 11:10:00,8,8,7,11,10,340,32,ROUTE DE SAUVIAN (RD.19),,,Plein jour,Hors agglomération,Hors intersection,Normale,Deux véhicules - côté,,,,,,,,,,,1,1,1,1,3
200800045378,0008-08-07 21:20:00,8,8,7,21,20,340,336,MEDITERRANEE (ROND POINT,,,Crépuscule ou aube,En agglomération,Giratoire,Normale,Deux véhicules - frontale,,,,,,,,,,,2,2,6,1,1
200800045379,0008-08-08 20:40:00,8,8,8,20,40,340,32,LATTRE DE TASSIGNY MAREC,,,Plein jour,En agglomération,Intersection en X,Normale,Deux véhicules - côté,,,,,,,,,,,1,2,2,1,3
200800045380,0008-08-08 21:30:00,8,8,8,21,30,340,32,MOULINS NEUFS (CH DES),,,Crépuscule ou aube,En agglomération,Hors intersection,Normale,Autre collision,,,,,,,,,,,2,2,1,1,6
200800045381,0008-08-10 02:35:00,8,8,10,2,35,340,32,CHEMIN RURAL NR.7,,,Nuit sans éclairage public,Hors agglomération,Hors intersection,Normale,Sans collision,,,,,,,,,,,3,1,1,1,7
200800045382,0008-08-13 12:00:00,8,8,13,12,0,340,32,"NR, HERRIOT EDOUARD (BD)",,,Plein jour,En agglomération,Hors intersection,Normale,Sans collision,,,,,,,,,,,1,2,1,1,7
200800045383,0008-08-14 05:20:00,8,8,14,5,20,340,32,HUGO VICTOR (RUE),,,Crépuscule ou aube,En agglomération,Intersection en X,Normale,Deux véhicules - côté,,,,,,,,,,,2,2,2,1,3
200800045384,0008-08-17 11:40:00,8,8,17,11,40,340,32,RN.113 - 9 (BEZIERS-PEZE,,,Plein jour,Hors agglomération,Hors intersection,Normale,Sans collision,,,,,,,,,,,1,1,1,1,7
200800045385,0008-08-19 10:30:00,8,8,19,10,30,340,32,"27, VERDUN (BD DE)",,,Plein jour,En agglomération,Hors intersection,Pluie légère,Trois véhicules et plus - collisions multiples,,,,,,,,,,,1,2,1,2,5
200800045386,0008-08-21 09:50:00,8,8,21,9,50,340,32,LECLERC MARECHAL (BD),,,Plein jour,En agglomération,Intersection en T,Normale,Deux véhicules - côté,,,,,,,,,,,1,2,3,1,3
200800045387,0008-08-21 14:05:00,8,8,21,14,5,340,32,BESSAN (ROUTE DE),,,Plein jour,Hors agglomération,Hors intersection,Normale,Sans collision,,,,,,,,,,,1,1,1,1,7
200800045388,0008-08-23 14:45:00,8,8,23,14,45,340,336,BEREGOVOY (AVENUE PIERRE,,,Plein jour,En agglomération,Hors intersection,Normale,Trois véhicules et plus - en chaîne,,,,,,,,,,,1,2,1,1,4
200800045389,0008-08-28 16:25:00,8,8,28,16,25,340,32,VICTOIRE (PLACE DE LA),,,Plein jour,Hors agglomération,Giratoire,Normale,Deux véhicules - côté,,,,,,,,,,,1,1,6,1,3
200800045390,0008-08-31 03:50:00,8,8,31,3,50,340,32,RN.113 - 9 (BEZIERS-PEZE,,,Nuit sans éclairage public,Hors agglomération,Hors intersection,Normale,Sans collision,,,,,,,,,,,3,1,1,1,7
200800045391,0008-08-04 12:20:00,8,8,4,12,20,340,172,BOYER (RUE),,,Plein jour,En agglomération,Intersection en T,Normale,Deux véhicules - frontale,,,,,,,,,,,1,2,3,1,1
200800045392,0008-08-07 16:15:00,8,8,7,16,15,340,172,MENDE (ROUTE DE),,,Plein jour,En agglomération,Hors intersection,Normale,Autre collision,,,,,,,,,,,1,2,1,1,6
200800045393,0008-08-07 15:40:00,8,8,7,15,40,340,172,"10, GRAND SAINT JEAN (RU",,,Plein jour,En agglomération,Hors intersection,Normale,Deux véhicules - arrière,,,,,,,,,,,1,2,1,1,2
200800045394,0008-08-08 07:14:00,8,8,8,7,14,340,172,"151, PONT TRINQUAT (AVEN",43.60062,3.88653,Plein jour,En agglomération,Hors intersection,Normale,Deux véhicules - côté,,,,,,,,,,,1,2,1,1,3
200800045395,0008-08-08 16:30:00,8,8,8,16,30,340,172,EUROPE (AVENUE DE L'),43.63078,3.82258,Plein jour,En agglomération,Hors intersection,Normale,Deux véhicules - arrière,,,,,,,,,,,1,2,1,1,2
200800045396,0008-08-11 09:40:00,8,8,11,9,40,340,172,"0, TRUEL (RUE DU)",,,Plein jour,En agglomération,Hors intersection,Temps couvert,Autre collision,,,,,,,,,,,1,2,1,8,6
200800045397,0008-08-09 02:35:00,8,8,9,2,35,340,172,"15, LATIUM (RUE DU)",,,Nuit avec éclairage allumé,En agglomération,Hors intersection,Normale,Autre collision,,,,,,,,,,,5,2,1,1,6
200800045398,0008-08-06 12:10:00,8,8,6,12,10,340,172,"44, GAMBETTA (COURS)",43.60768,3.86959,Plein jour,En agglomération,Hors intersection,Normale,Autre collision,,,,,,,,,,,1,2,1,1,6
200800045399,0008-08-09 21:50:00,8,8,9,21,50,340,198,D66  VOIE RAPIDE,43.56419,3.95893,Nuit sans éclairage public,Hors agglomération,Hors intersection,Normale,Deux véhicules - arrière,,,,,,,,,,,3,1,1,1,2
200800045400,0008-08-09 20:25:00,8,8,9,20,25,340,172,"17, SARRAIL (BOULEVARD)",43.61007,3.88064,Plein jour,En agglomération,Hors intersection,Normale,Sans collision,,,,,,,,,,,1,2,1,1,7
200800045401,0008-08-11 13:05:00,8,8,11,13,5,340,172,"sans, BOYER (RUE)",43.60139,3.87926,Plein jour,En agglomération,Intersection en X,Temps couvert,Deux véhicules - côté,,,,,,,,,,,1,2,2,8,3
200800045402,0008-08-10 20:30:00,8,8,10,20,30,340,172,"sans, BLAYAC (RUE DU PRO",43.6237,3.82995,Plein jour,En agglomération,Hors intersection,Normale,Sans collision,,,,,,,,,,,1,2,1,1,7
200800045403,0008-08-11 07:50:00,8,8,11,7,50,340,172,"0, INDUSTRIE (RUE DE L')",43.58908,3.88483,Plein jour,En agglomération,Intersection en X,Temps couvert,Deux véhicules - côté,,,,,,,,,,,1,2,2,8,3
200800045404,0008-08-12 18:35:00,8,8,12,18,35,340,129,D132,,,Plein jour,En agglomération,Hors intersection,Pluie légère,Sans collision,,,,,,,,,,,1,2,1,2,7
200800045405,0008-08-13 14:10:00,8,8,13,14,10,340,129,CEREIREDE (CHEMIN DE),,,Plein jour,Hors agglomération,Hors intersection,Normale,Sans collision,,,,,,,,,,,1,1,1,1,7
200800045406,0008-08-14 16:30:00,8,8,14,16,30,340,129,SAPORTA (CHEMIN DE),43.57917,3.88457,Plein jour,Hors agglomération,Hors intersection,Normale,Autre collision,,,,,,,,,,,1,1,1,1,6
200800045407,0008-08-14 17:40:00,8,8,14,17,40,340,172,"18, MARES (AVENUE HENRI)",,,Plein jour,En agglomération,Hors intersection,Temps couvert,Deux véhicules - côté,,,,,,,,,,,1,2,1,8,3
200800045408,0008-08-15 14:05:00,8,8,15,14,5,340,172,"712, MAURIN (AVENUE DE",43.59481,3.87549,Plein jour,En agglomération,Intersection en T,Normale,Deux véhicules - arrière,,,,,,,,,,,1,2,3,1,2
200800045409,0008-08-12 11:55:00,8,8,12,11,55,340,172,"0, MOULARES (CHEMIN DE",43.5946,3.89042,Plein jour,En agglomération,Intersection en X,Pluie légère,Sans collision,,,,,,,,,,,1,2,2,2,7
200800045410,0008-08-16 03:10:00,8,8,16,3,10,340,172,"54, AIGUERELLES (RUE DES",,,Nuit avec éclairage allumé,En agglomération,Hors intersection,Normale,Autre collision,,,,,,,,,,,5,2,1,1,6
200800045411,0008-08-17 17:02:00,8,8,17,17,2,340,172,"sans, BECQUEREL (RUE HEN",43.61053,3.91482,Plein jour,En agglomération,Intersection en X,Normale,Deux véhicules - arrière,,,,,,,,,,,1,2,2,1,2
200800045412,0008-08-08 23:30:00,8,8,8,23,30,340,172,"28, FAUBOURG FIGUEROLLES",43.60744,3.86701,Nuit avec éclairage allumé,En agglomération,Hors intersection,Normale,Autre collision,,,,,,,,,,,5,2,1,1,6
200800045413,0008-08-19 01:30:00,8,8,19,1,30,340,172,FLAHAULT (AVENUE CHARLES,,,Nuit avec éclairage allumé,En agglomération,Intersection en X,Normale,Deux véhicules - côté,,,,,,,,,,,5,2,2,1,3
200800045414,0008-08-19 12:28:00,8,8,19,12,28,340,172,"sans, LIBERTE (AVENUE DE",43.6046,3.86513,Plein jour,En agglomération,Intersection en Y,Normale,Sans collision,,,,,,,,,,,1,2,4,1,7
200800045415,0008-08-19 13:00:00,8,8,19,13,0,340,172,MAS ARGELLIERS (AVENUE D,43.58638,3.88927,Plein jour,En agglomération,Hors intersection,Normale,Deux véhicules - arrière,,,,,,,,,,,1,2,1,1,2
200800045416,0008-08-19 19:10:00,8,8,19,19,10,340,172,FAUBOURG SAINT JAUMES (R,43.61511,3.86971,Plein jour,En agglomération,Intersection en X,Normale,Deux véhicules - côté,,,,,,,,,,,1,2,2,1,3
200800045417,0008-08-20 14:20:00,8,8,20,14,20,340,198,D66  VOIE RAPIDE,43.55761,3.96454,Plein jour,En agglomération,Hors intersection,Normale,Deux véhicules - arrière,,,,,,,,,,,1,2,1,1,2
200800045418,0008-08-20 17:10:00,8,8,20,17,10,340,172,FLAHAULT (AVENUE CHARLES,43.6198,3.86524,Plein jour,En agglomération,Intersection en T,Normale,Deux véhicules - côté,,,,,,,,,,,1,2,3,1,3
200800045419,0008-08-20 18:40:00,8,8,20,18,40,340,172,"49 Bis, CLEMENCEAU (AVEN",43.60217,3.86991,Plein jour,En agglomération,Hors intersection,Normale,Autre collision,,,,,,,,,,,1,2,1,1,6
200800045420,0008-08-21 12:45:00,8,8,21,12,45,340,172,"0, LAVERUNE (ROUTE DE",43.59695,3.83857,Plein jour,En agglomération,Hors intersection,Normale,Sans collision,,,,,,,,,,,1,2,1,1,7
200800045421,0008-08-22 16:30:00,8,8,22,16,30,340,172,GIONO (RUE JEAN),,,Plein jour,En agglomération,Giratoire,Normale,Deux véhicules - frontale,,,,,,,,,,,1,2,6,1,1
200800045422,0008-08-25 09:30:00,8,8,25,9,30,340,172,"sans, MER (AVENUE DE LA)",43.60387,3.90016,Plein jour,En agglomération,Intersection en T,Normale,Sans collision,,,,,,,,,,,1,2,3,1,7
200800045423,0008-08-25 14:45:00,8,8,25,14,45,340,172,BATAILLON (PLACE EUGENE),43.63081,3.86092,Plein jour,En agglomération,Hors intersection,Normale,Deux véhicules - côté,,,,,,,,,,,1,2,1,1,3
200800045424,0008-08-25 13:40:00,8,8,25,13,40,340,172,LODEVE (AVENUE DE,,,Plein jour,En agglomération,Intersection en T,Normale,Deux véhicules - côté,,,,,,,,,,,1,2,3,1,3
200800045425,0008-08-25 15:30:00,8,8,25,15,30,340,172,"371, MARCHE GARE (AVENUE",,,Plein jour,En agglomération,Hors intersection,Normale,Trois véhicules et plus - collisions multiples,,,,,,,,,,,1,2,1,1,5
200800045426,0008-08-22 10:00:00,8,8,22,10,0,340,172,"286, CARTIER (AVENUE JAC",43.6066,3.89444,Plein jour,En agglomération,Hors intersection,Normale,Autre collision,,,,,,,,,,,1,2,1,1,6
200800045427,0008-08-26 07:49:00,8,8,26,7,49,340,172,"sans, MENDE (ROUTE DE)",43.63609,3.86822,Plein jour,En agglomération,Hors intersection,Normale,Deux véhicules - côté,,,,,,,,,,,1,2,1,1,3
200800045428,0008-08-26 21:00:00,8,8,26,21,0,340,172,LIBERTE (AVENUE DE LA,43.60217,3.86709,Nuit avec éclairage allumé,En agglomération,Hors intersection,Normale,Trois véhicules et plus - en chaîne,,,,,,,,,,,5,2,1,1,4
200800045429,0008-08-27 21:45:00,8,8,27,21,45,340,172,BLUM (RUE LEON),43.61522,3.89785,Nuit avec éclairage allumé,En agglomération,Hors intersection,Normale,Deux véhicules - côté,,,,,,,,,,,5,2,1,1,3
200800045430,0008-08-27 22:10:00,8,8,27,22,10,340,172,"38, ZAMENHOF (RUE LEJZER",43.61515,3.82599,Nuit avec éclairage allumé,En agglomération,Hors intersection,Normale,Autre collision,,,,,,,,,,,5,2,1,1,6
200800045431,0008-08-28 09:50:00,8,8,28,9,50,340,172,PRES D'ARENES (AVENUE DE,,,Plein jour,En agglomération,Intersection en Y,Normale,Deux véhicules - arrière,,,,,,,,,,,1,2,4,1,2
200800045432,0008-08-27 20:10:00,8,8,27,20,10,340,172,"sans, ALCO (ROND POINT D",43.62529,3.83574,Plein jour,En agglomération,Hors intersection,Normale,Sans collision,,,,,,,,,,,1,2,1,1,7
200800045433,0008-08-27 19:00:00,8,8,27,19,0,340,172,"1028, POMPIGNANE (AVENUE",43.61527,3.89789,Plein jour,En agglomération,Hors intersection,Normale,Deux véhicules - côté,,,,,,,,,,,1,2,1,1,3
200800045434,0008-08-27 15:30:00,8,8,27,15,30,340,172,"sans, BOIRARGUES (AVENUE",43.58032,3.91861,Plein jour,Hors agglomération,Hors intersection,Normale,Trois véhicules et plus - en chaîne,,,,,,,,,,,1,1,1,1,4
200800045435,0008-08-29 09:54:00,8,8,29,9,54,340,172,"75, SAINT ANDRE DE NOVIG",43.6185,3.89461,Plein jour,En agglomération,Hors intersection,Normale,Sans collision,,,,,,,,,,,1,2,1,1,7
200800045436,0008-08-29 16:25:00,8,8,29,16,25,340,172,"1674, SOULAS (AVENUE DU",43.62494,3.85112,Plein jour,En agglomération,Hors intersection,Normale,Deux véhicules - frontale,,,,,,,,,,,1,2,1,1,1
200800045437,0008-08-19 11:10:00,8,8,19,11,10,10,53,"47, MARBOZ (AVENUEDE - I",,,Plein jour,En agglomération,Hors intersection,Normale,Deux véhicules - arrière,,,,,,,,,,,1,2,1,1,2
200800045438,0008-08-21 19:30:00,8,8,21,19,30,10,53,"snr, JOLIOT CURIE ( BOUL",,,Plein jour,En agglomération,Intersection en X,Normale,Deux véhicules - côté,,,,,,,,,,,1,2,2,1,3
200800045439,0008-08-01 08:50:00,8,8,1,8,50,760,681,"1, CD 18E (BOULEVARD IND",,,Plein jour,En agglomération,Hors intersection,Normale,Deux véhicules - arrière,,,,,,,,,,,1,2,1,1,2
200800045440,0008-08-01 16:25:00,8,8,1,16,25,760,429,"FACE N 14, PARIS. ROUTE",,,Plein jour,En agglomération,Hors intersection,Normale,Deux véhicules - arrière,,,,,,,,,,,1,2,1,1,2
200800045441,0008-08-03 17:15:00,8,8,3,17,15,760,540,"1, BICHERAY. AVENUE DU C",,,Plein jour,En agglomération,Hors intersection,Temps éblouissant,Deux véhicules - arrière,,,,,,,,,,,1,2,1,7,2
200800045442,0008-08-04 12:15:00,8,8,4,12,15,760,319,"1, BAS. RUE DU",,,Plein jour,En agglomération,Hors intersection,Normale,Autre collision,,,,,,,,,,,1,2,1,1,6
200800045443,0008-08-04 16:45:00,8,8,4,16,45,760,540,"22, BRETAGNE. AVENUE DE",,,Plein jour,En agglomération,Hors intersection,Normale,Autre collision,,,,,,,,,,,1,2,1,1,6
200800045444,0008-08-05 11:30:00,8,8,5,11,30,760,681,CD 18E (BOULEVARD INDUST,,,Plein jour,En agglomération,Hors intersection,Normale,Deux véhicules - côté,,,,,,,,,,,1,2,1,1,3
200800045445,0008-08-05 20:15:00,8,8,5,20,15,760,319,"1, RN 138",,,Plein jour,Hors agglomération,Hors intersection,Normale,Autre collision,,,,,,,,,,,1,1,1,1,6
200800045446,0008-08-07 01:20:00,8,8,7,1,20,760,410,"1, PAINLEVE. RUE PAUL",,,Nuit avec éclairage allumé,En agglomération,Intersection en X,Normale,Autre collision,,,,,,,,,,,5,2,2,1,6
200800045447,0008-08-09 11:10:00,8,8,9,11,10,760,681,"1, ELUARD. RUE PAUL",,,Plein jour,En agglomération,Hors intersection,Normale,Autre collision,,,,,,,,,,,1,2,1,1,6
200800045448,0008-08-14 07:50:00,8,8,14,7,50,760,681,"1, CORNEILLE. RUE PIERRE",,,Plein jour,En agglomération,Hors intersection,Normale,Deux véhicules - frontale,,,,,,,,,,,1,2,1,1,1
200800045449,0008-08-13 22:35:00,8,8,13,22,35,760,157,"02, DANEMARK. QUAI DU",,,Nuit avec éclairage allumé,En agglomération,Hors intersection,Normale,Sans collision,,,,,,,,,,,5,2,1,1,7
200800045450,0008-08-15 13:50:00,8,8,15,13,50,760,322,"1, BLUM. AVENUE LEON",,,Plein jour,En agglomération,Hors intersection,Normale,Deux véhicules - côté,,,,,,,,,,,1,2,1,1,3
200800045451,0008-08-14 15:15:00,8,8,14,15,15,760,410,8 MAI 1945. RUE DU,,,Plein jour,En agglomération,Intersection en T,Normale,Deux véhicules - côté,,,,,,,,,,,1,2,3,1,3
200800045452,0008-08-18 16:30:00,8,8,18,16,30,760,319,RN 138,,,Plein jour,Hors agglomération,Hors intersection,Normale,Sans collision,,,,,,,,,,,1,1,1,1,7
200800045453,0008-08-18 17:30:00,8,8,18,17,30,760,216,"3, EGLISE. RUE DE L'",,,Plein jour,En agglomération,Hors intersection,Normale,Sans collision,,,,,,,,,,,1,2,1,1,7
200800045454,0008-08-19 16:00:00,8,8,19,16,0,760,681,"1, ELUARD. RUE PAUL",,,Plein jour,En agglomération,Hors intersection,Normale,Deux véhicules - côté,,,,,,,,,,,1,2,1,1,3
200800045455,0008-08-25 00:40:00,8,8,25,0,40,760,540,"1, BELGES. BOULEVARD DES",,,Nuit avec éclairage allumé,En agglomération,Hors intersection,Normale,Deux véhicules - côté,,,,,,,,,,,5,2,1,1,3
200800045456,0008-08-27 13:30:00,8,8,27,13,30,760,95,"1, LIOT. RUE GEORGES",,,Plein jour,En agglomération,Intersection en X,Normale,Sans collision,,,,,,,,,,,1,2,2,1,7
200800045457,0008-08-27 17:50:00,8,8,27,17,50,760,540,"14, BRIAND. AVENUE ARIST",,,Plein jour,En agglomération,Hors intersection,Normale,Deux véhicules - côté,,,,,,,,,,,1,2,1,1,3
200800045458,0008-08-27 17:45:00,8,8,27,17,45,760,322,"1, VOLTAIRE. RUE",,,Plein jour,En agglomération,Intersection en T,Normale,Deux véhicules - côté,,,,,,,,,,,1,2,3,1,3
200800045459,0008-08-29 14:50:00,8,8,29,14,50,760,451,BOIS DES DAMES. AVENUE D,,,Plein jour,En agglomération,Hors intersection,Normale,Deux véhicules - côté,,,,,,,,,,,1,2,1,1,3
200800045460,0008-08-29 20:05:00,8,8,29,20,5,760,540,"12, SAINT GILLES. RUE",,,Plein jour,En agglomération,Hors intersection,Normale,Deux véhicules - frontale,,,,,,,,,,,1,2,1,1,1
200800045461,0008-08-29 15:30:00,8,8,29,15,30,760,681,INDUSTRIEL. BOULEVARD (C,,,Plein jour,En agglomération,Hors intersection,Normale,Deux véhicules - arrière,,,,,,,,,,,1,2,1,1,2
200800045462,0008-08-30 12:15:00,8,8,30,12,15,760,575,"1, DOCTEUR GALLOUEN. RUE",,,Plein jour,En agglomération,Hors intersection,Normale,Autre collision,,,,,,,,,,,1,2,1,1,6
200800045463,0008-08-11 17:55:00,8,8,11,17,55,450,208,CROWBOROUGH (RUE DE),,,Plein jour,En agglomération,Hors intersection,Normale,Sans collision,,,,,,,,,,,1,2,1,1,7
200800045464,0008-08-29 23:20:00,8,8,29,23,20,590,392,"52, VICTOR HUGO (RUE)",,,Nuit avec éclairage allumé,En agglomération,Hors intersection,Normale,Deux véhicules - côté,,,,,,,,,,,5,2,1,1,3
200800045465,0008-08-05 21:40:00,8,8,5,21,40,850,191,"45, JOFFRE RUE DU MARECH",,,Crépuscule ou aube,En agglomération,Intersection en X,Normale,Deux véhicules - côté,,,,,,,,,,,2,2,2,1,3
200800045466,0008-08-25 16:55:00,8,8,25,16,55,930,13,"22, CAVILLON (RUE ANIZAN",,,Plein jour,En agglomération,Hors intersection,Normale,Deux véhicules - côté,,,,,,,,,,,1,2,1,1,3
200800045467,0008-08-20 16:15:00,8,8,20,16,15,930,13,"65, LECLERC (AVENU DE LA",,,Plein jour,En agglomération,Hors intersection,Normale,Deux véhicules - côté,,,,,,,,,,,1,2,1,1,3