accident_id,datetime,annee,mois,jour,heure,minute,departement,commune_insee,adresse,latitude,longitude,luminosite,agglomeration,intersection,meteo,collision,nb_vehicules,nb_usagers,nb_indemnes,nb_tues,nb_blesses_hosp,nb_blesses_legers,age_cond_1,age_cond_2,veh_type_cond_1,veh_type_cond_2,lum_code,agg_code,int_code,atm_code,col_code
200800045468,0008-08-13 11:57:00,8,8,13,11,57,930,27,"132, VAILLANT-COUTURIER",,,Plein jour,En agglomération,Hors intersection,Normale,Autre collision,,,,,,,,,,,1,2,1,1,6
200800045469,0008-08-23 19:15:00,8,8,23,19,15,930,13,LINDBERGH (CARREFOUR),,,Plein jour,En agglomération,Giratoire,Normale,Deux véhicules - côté,,,,,,,,,,,1,2,6,1,3
200800045470,0008-08-01 02:00:00,8,8,1,2,0,130,77,RN 568,,,Nuit avec éclairage allumé,Hors agglomération,Hors intersection,Normale,Autre collision,,,,,,,,,,,5,1,1,1,6
200800045471,0008-08-06 12:45:00,8,8,6,12,45,130,56,"0, RIMBAUD ARTHUR",,,Plein jour,En agglomération,Hors intersection,Normale,Deux véhicules - côté,,,,,,,,,,,1,2,1,1,3
200800045472,0008-08-11 22:30:00,8,8,11,22,30,130,56,CD 49,,,Nuit avec éclairage allumé,En agglomération,Hors intersection,Normale,Deux véhicules - frontale,,,,,,,,,,,5,2,1,1,1
200800045473,0008-08-06 15:40:00,8,8,6,15,40,130,56,LECLERC QUAI GENERAL CHA,,,Plein jour,En agglomération,Hors intersection,Normale,Sans collision,,,,,,,,,,,1,2,1,1,7
200800045474,0008-08-08 11:45:00,8,8,8,11,45,130,56,RD 49,,,Plein jour,Hors agglomération,Hors intersection,Normale,Deux véhicules - arrière,,,,,,,,,,,1,1,1,1,2
200800045475,0008-08-13 17:25:00,8,8,13,17,25,130,56,NOBRE AVENUE JOSE,,,Plein jour,En agglomération,Hors intersection,Normale,Deux véhicules - côté,,,,,,,,,,,1,2,1,1,3
200800045476,0008-08-20 10:00:00,8,8,20,10,0,130,56,L'HERMINIER AVENUE COMMA,,,Plein jour,En agglomération,Intersection en T,Normale,Deux véhicules - arrière,,,,,,,,,,,1,2,3,1,2
200800045477,0008-08-25 01:20:00,8,8,25,1,20,130,39,ROUTE NATIONALE 568,,,Nuit sans éclairage public,Hors agglomération,Hors intersection,Normale,Autre collision,,,,,,,,,,,3,1,1,1,6
200800045478,0008-08-27 14:10:00,8,8,27,14,10,130,56,"40, QUATRE SEPTEMBRE COU",,,Plein jour,En agglomération,Hors intersection,Normale,Autre collision,,,,,,,,,,,1,2,1,1,6
200800045479,0008-08-31 11:40:00,8,8,31,11,40,130,26,RN 568,,,Plein jour,Hors agglomération,Hors intersection,Normale,Trois véhicules et plus - collisions multiples,,,,,,,,,,,1,1,1,1,5
200800045480,0008-08-27 10:20:00,8,8,27,10,20,130,77,"8, TURENNE (rue)",,,Plein jour,En agglomération,Hors intersection,Normale,Autre collision,,,,,,,,,,,1,2,1,1,6
200800045481,0008-08-04 13:10:00,8,8,4,13,10,770,186,ARISTIDE BRIAND (RUE),,,Plein jour,En agglomération,Intersection en T,Normale,Deux véhicules - côté,,,,,,,,,,,1,2,3,1,3
200800045482,0008-08-10 02:00:00,8,8,10,2,0,770,533,", LIBERATION (AVENUE DE",,,Nuit avec éclairage allumé,En agglomération,Hors intersection,Normale,Sans collision,,,,,,,,,,,5,2,1,1,7
200800045483,0008-08-14 22:50:00,8,8,14,22,50,770,186,RD607 de Barbizon à pavé,,,Nuit sans éclairage public,Hors agglomération,Hors intersection,Pluie légère,Sans collision,,,,,,,,,,,3,1,1,2,7
200800045484,0008-08-24 08:30:00,8,8,24,8,30,770,186,D606 de l'obélisque à li,,,Plein jour,Hors agglomération,Hors intersection,Normale,Sans collision,,,,,,,,,,,1,1,1,1,7
200800045485,0008-08-26 21:05:00,8,8,26,21,5,770,186,GRAND VENEUR (CARREFOUR,,,Nuit sans éclairage public,Hors agglomération,Autre intersection,Normale,Autre collision,,,,,,,,,,,3,1,9,1,6
200800045486,0008-08-14 11:35:00,8,8,14,11,35,880,413,RN 59,48.31733,6.9168,Plein jour,Hors agglomération,Hors intersection,Normale,Deux véhicules - frontale,,,,,,,,,,,1,1,1,1,1
200800045487,0008-08-28 15:35:00,8,8,28,15,35,880,413,place Jules FERRY,48.28991,6.94794,Plein jour,En agglomération,Hors intersection,Normale,Autre collision,,,,,,,,,,,1,2,1,1,6
200800045488,0008-08-19 14:00:00,8,8,19,14,0,930,71,JOHN F. KENNEDY (AVENUE),,,Plein jour,En agglomération,Autre intersection,Normale,Deux véhicules - côté,,,,,,,,,,,1,2,9,1,3
200800045489,0008-08-30 14:20:00,8,8,30,14,20,930,71,"19bis, LIVRY (AVENUE DE)",,,Plein jour,En agglomération,Intersection en X,Normale,Autre collision,,,,,,,,,,,1,2,2,1,6
200800045490,0008-08-22 14:50:00,8,8,22,14,50,910,433,CD 837,,,Plein jour,Hors agglomération,Hors intersection,Pluie forte,Trois véhicules et plus - collisions multiples,,,,,,,,,,,1,1,1,3,5
200800045491,0008-08-13 12:15:00,8,8,13,12,15,10,53,"ns, BAD KREUZNACH  (AVEN",,,Plein jour,En agglomération,Intersection en T,Normale,Trois véhicules et plus - collisions multiples,,,,,,,,,,,1,2,3,1,5
200800045492,0008-08-13 16:45:00,8,8,13,16,45,10,53,"snr, MERCIER (AVENUE AME",,,Plein jour,En agglomération,Intersection en X,Normale,Trois véhicules et plus - collisions multiples,,,,,,,,,,,1,2,2,1,5
200800045493,0008-08-16 10:35:00,8,8,16,10,35,10,53,"snr, HERRIOT ( BOULEVARD",,,Plein jour,En agglomération,Intersection en X,Normale,Deux véhicules - côté,,,,,,,,,,,1,2,2,1,3
200800045494,0008-08-17 11:35:00,8,8,17,11,35,10,53,"snr, FOCH  (RUE MARECHAL",,,Plein jour,En agglomération,Intersection en X,Normale,Deux véhicules - côté,,,,,,,,,,,1,2,2,1,3
200800045495,0008-08-27 22:45:00,8,8,27,22,45,60,27,JAURES AVENUE JEAN,,,Nuit avec éclairage allumé,En agglomération,Intersection en X,Normale,Deux véhicules - côté,,,,,,,,,,,5,2,2,1,3
200800045496,0008-08-29 10:35:00,8,8,29,10,35,60,123,GUYNEMER AVENUE,,,Plein jour,En agglomération,Hors intersection,Normale,Deux véhicules - côté,,,,,,,,,,,1,2,1,1,3
200800045497,0008-08-30 14:15:00,8,8,30,14,15,60,123,"850, CURIE PIERRE ET MAR",,,Plein jour,En agglomération,Hors intersection,Normale,Deux véhicules - côté,,,,,,,,,,,1,2,1,1,3
200800045498,0008-08-31 14:50:00,8,8,31,14,50,60,27,ALPES AVENUE DES,,,Plein jour,En agglomération,Hors intersection,Normale,Deux véhicules - arrière,,,,,,,,,,,1,2,1,1,2
200800045499,0008-08-02 21:45:00,8,8,2,21,45,60,29,"5, ST PIERRE (QUAI)",,,Nuit avec éclairage allumé,En agglomération,Hors intersection,Normale,Autre collision,,,,,,,,,,,5,2,1,1,6
200800045500,0008-08-05 15:28:00,8,8,5,15,28,60,29,"84, MIDI (BOULEVARD DU)",,,Plein jour,En agglomération,Hors intersection,Normale,Deux véhicules - côté,,,,,,,,,,,1,2,1,1,3
200800045501,0008-08-05 18:18:00,8,8,5,18,18,60,29,"84, MIDI (BOULEVARD DU)",,,Nuit avec éclairage allumé,En agglomération,Hors intersection,Normale,Deux véhicules - côté,,,,,,,,,,,5,2,1,1,3
200800045502,0008-08-05 19:05:00,8,8,5,19,5,60,29,"00, REPUBLIQUE (BOULEVAR",,,Plein jour,En agglomération,Hors intersection,Normale,Sans collision,,,,,,,,,,,1,2,1,1,7
200800045503,0008-08-05 20:00:00,8,8,5,20,0,60,29,"71, TONNER (AVENUE FRANC",,,Crépuscule ou aube,En agglomération,Hors intersection,Normale,Sans collision,,,,,,,,,,,2,2,1,1,7
200800045504,0008-08-08 17:15:00,8,8,8,17,15,60,29,"58, GRASSE (AVENUE DE)",,,Crépuscule ou aube,En agglomération,Hors intersection,Normale,Autre collision,,,,,,,,,,,2,2,1,1,6
200800045505,0008-08-10 22:10:00,8,8,10,22,10,60,29,COUVERTURE VOIE FERREE,,,Nuit avec éclairage allumé,En agglomération,Hors intersection,Normale,Sans collision,,,,,,,,,,,5,2,1,1,7
200800045506,0008-08-10 03:09:00,8,8,10,3,9,60,29,"24, MIDI (BOULEVARD DU)",,,Nuit avec éclairage allumé,En agglomération,Hors intersection,Normale,Sans collision,,,,,,,,,,,5,2,1,1,7
200800045507,0008-08-27 12:40:00,8,8,27,12,40,10,53,"113, MERCIER (AVENUE AME",,,Plein jour,En agglomération,Hors intersection,Normale,Trois véhicules et plus - en chaîne,,,,,,,,,,,1,2,1,1,4
200800045508,0008-08-31 03:40:00,8,8,31,3,40,10,53,HERRIOT ( BOULEVARD EDOU,,,Nuit avec éclairage allumé,En agglomération,Hors intersection,Normale,Autre collision,,,,,,,,,,,5,2,1,1,6
200800045509,0008-08-12 08:20:00,8,8,12,8,20,10,283,"50, FRANCE (RUE A. DU 16",,,Plein jour,En agglomération,Intersection en T,Pluie légère,Autre collision,,,,,,,,,,,1,2,3,2,6
200800045510,0008-08-01 14:00:00,8,8,1,14,0,20,408,CLERBOUT (RUE MARGUERITE,,,Plein jour,Hors agglomération,Hors intersection,Normale,Deux véhicules - frontale,,,,,,,,,,,1,1,1,1,1
200800045511,0008-08-02 12:10:00,8,8,2,12,10,20,408,"5, SALENGRO (RUE ROGER)",,,Plein jour,En agglomération,Hors intersection,Normale,Deux véhicules - arrière,,,,,,,,,,,1,2,1,1,2
200800045512,0008-08-05 08:05:00,8,8,5,8,5,20,408,RN2,,,Plein jour,Hors agglomération,Hors intersection,Normale,Deux véhicules - frontale,,,,,,,,,,,1,1,1,1,1
200800045513,0008-08-19 21:50:00,8,8,19,21,50,20,408,RD 967,,,Nuit sans éclairage public,Hors agglomération,Hors intersection,Normale,Deux véhicules - arrière,,,,,,,,,,,3,1,1,1,2
200800045514,0008-08-05 15:45:00,8,8,5,15,45,20,691,"74, KENNEDY (RUE DU PST",,,Plein jour,En agglomération,Hors intersection,Normale,Autre collision,,,,,,,,,,,1,2,1,1,6
200800045515,0008-08-09 06:50:00,8,8,9,6,50,20,691,";, PARMENTIER (RUE ANTOI",,,Crépuscule ou aube,En agglomération,Intersection en T,Normale,Deux véhicules - côté,,,,,,,,,,,2,2,3,1,3
200800045516,0008-08-22 15:30:00,8,8,22,15,30,20,549,":, R.D 1029",,,Plein jour,En agglomération,Hors intersection,Pluie légère,Deux véhicules - arrière,,,,,,,,,,,1,2,1,2,2
200800045517,0008-08-02 12:15:00,8,8,2,12,15,20,691,"., CHAUSSEE-ROMAINE (RUE",,,Plein jour,En agglomération,Hors intersection,Normale,Deux véhicules - côté,,,,,,,,,,,1,2,1,1,3
200800045518,0008-08-28 21:15:00,8,8,28,21,15,20,691,"15, KENNEDY (RUE DU PST",,,Nuit avec éclairage allumé,En agglomération,Hors intersection,Normale,Autre collision,,,,,,,,,,,5,2,1,1,6
200800045519,0008-08-12 08:40:00,8,8,12,8,40,20,691,"., PAUL (RUE MARCEL)",,,Plein jour,En agglomération,Hors intersection,Pluie légère,Deux véhicules - frontale,,,,,,,,,,,1,2,1,2,1
200800045520,0008-08-31 14:55:00,8,8,31,14,55,20,258,"101, JEAN JAURES",,,Plein jour,En agglomération,Intersection en T,Normale,Deux véhicules - côté,,,,,,,,,,,1,2,3,1,3
200800045521,0008-08-21 18:25:00,8,8,21,18,25,30,101,"58, DORMOY ( RUE MARX )",,,Plein jour,En agglomération,Hors intersection,Normale,Deux véhicules - frontale,,,,,,,,,,,1,2,1,1,1
200800045522,0008-08-16 03:00:00,8,8,16,3,0,30,190,"82, ORVILLIERS (AVENUE D",,,Nuit avec éclairage allumé,En agglomération,Intersection en T,Normale,Deux véhicules - côté,,,,,,,,,,,5,2,3,1,3
200800045523,0008-08-30 12:50:00,8,8,30,12,50,30,190,"26, CERF-VOLANT (RUE DU)",,,Plein jour,En agglomération,Intersection en T,Normale,Deux véhicules - côté,,,,,,,,,,,1,2,3,1,3
200800045524,0008-08-02 02:20:00,8,8,2,2,20,30,95,"64, CHARMEIL (ROUTE DE)",,,Nuit avec éclairage allumé,En agglomération,Hors intersection,Normale,Autre collision,,,,,,,,,,,5,2,1,1,6
200800045525,0008-08-05 17:30:00,8,8,5,17,30,30,310,"157, THERMALE (AVENUE)",,,Plein jour,En agglomération,Hors intersection,Normale,Deux véhicules - côté,,,,,,,,,,,1,2,1,1,3
200800045526,0008-08-08 22:15:00,8,8,8,22,15,30,310,SCHUMAN (ROND POINT ROBE,,,Nuit avec éclairage allumé,En agglomération,Giratoire,Normale,Autre collision,,,,,,,,,,,5,2,6,1,6
200800045527,0008-08-21 09:30:00,8,8,21,9,30,30,23,"0, GANNAT (ROUTE DE)",,,Plein jour,En agglomération,Hors intersection,Normale,Deux véhicules - frontale,,,,,,,,,,,1,2,1,1,1
200800045528,0008-08-28 11:45:00,8,8,28,11,45,30,23,"43, VICHY (AVENUE DE)",,,Plein jour,En agglomération,Hors intersection,Normale,Autre collision,,,,,,,,,,,1,2,1,1,6
200800045529,0008-08-30 11:30:00,8,8,30,11,30,30,310,"64, THERMALE (AVENUE)",,,Plein jour,En agglomération,Intersection en X,Pluie légère,Deux véhicules - côté,,,,,,,,,,,1,2,2,2,3
200800045530,0008-08-30 16:45:00,8,8,30,16,45,30,310,"58, GAMBETTA (BOULEVARD)",,,Plein jour,En agglomération,Hors intersection,Normale,Autre collision,,,,,,,,,,,1,2,1,1,6
200800045531,0008-08-15 05:05:00,8,8,15,5,5,40,112,"364, SAINT MAURICE(AVENU",,,Nuit avec éclairage allumé,Hors agglomération,Hors intersection,Normale,Autre collision,,,,,,,,,,,5,1,1,1,6
200800045532,0008-08-06 17:20:00,8,8,6,17,20,50,23,MALEFOSSE,,,Plein jour,Hors agglomération,Hors intersection,Normale,Deux véhicules - côté,,,,,,,,,,,1,1,1,1,3
200800045533,0008-08-13 12:05:00,8,8,13,12,5,50,23,"28, IZOARD (AVENUE DU CO",,,Plein jour,En agglomération,Hors intersection,Normale,Deux véhicules - arrière,,,,,,,,,,,1,2,1,1,2
200800045534,0008-08-23 15:50:00,8,8,23,15,50,50,61,JEAN JAURES ( AVENUE ),,,Plein jour,En agglomération,Hors intersection,Normale,Autre collision,,,,,,,,,,,1,2,1,1,6
200800045535,0008-08-24 11:05:00,8,8,24,11,5,50,61,JEAN JAURES ( AVENUE ),,,Plein jour,En agglomération,Hors intersection,Normale,Autre collision,,,,,,,,,,,1,2,1,1,6
200800045536,0008-08-19 15:20:00,8,8,19,15,20,50,61,GUILLAUME FAREL ( AVENUE,,,Plein jour,En agglomération,Hors intersection,Normale,Autre collision,,,,,,,,,,,1,2,1,1,6
200800045537,0008-08-02 18:50:00,8,8,2,18,50,60,155,"742, RD6007",,,Plein jour,Hors agglomération,Hors intersection,Normale,Deux véhicules - arrière,,,,,,,,,,,1,1,1,1,2
200800045538,0008-08-05 15:23:00,8,8,5,15,23,60,4,"450, NICE(RN.7) AV.ET RT",,,Plein jour,En agglomération,Hors intersection,Normale,Deux véhicules - côté,,,,,,,,,,,1,2,1,1,3
200800045539,0008-08-05 19:00:00,8,8,5,19,0,60,155,TAPIS VERT AV.DU,,,Plein jour,En agglomération,Intersection en X,Normale,Sans collision,,,,,,,,,,,1,2,2,1,7
200800045540,0008-08-06 16:00:00,8,8,6,16,0,60,4,"16, MAUPASSANT-JUAN AV.G",,,Plein jour,En agglomération,Hors intersection,Normale,Deux véhicules - arrière,,,,,,,,,,,1,2,1,1,2
200800045541,0008-08-08 19:10:00,8,8,8,19,10,60,4,BORD DE MER RN.98 LA SIE,,,Plein jour,En agglomération,Hors intersection,Normale,Deux véhicules - frontale,,,,,,,,,,,1,2,1,1,1
200800045542,0008-08-08 10:55:00,8,8,8,10,55,60,4,POINCARE BD RAYMOND.,,,Plein jour,En agglomération,Intersection en T,Normale,Deux véhicules - côté,,,,,,,,,,,1,2,3,1,3
200800045543,0008-08-09 06:00:00,8,8,9,6,0,60,4,C.D. 35 BIS,,,Crépuscule ou aube,En agglomération,Hors intersection,Normale,Autre collision,,,,,,,,,,,2,2,1,1,6
200800045544,0008-08-11 08:30:00,8,8,11,8,30,60,4,"357, DELMAS BD PIERRE",,,Plein jour,En agglomération,Hors intersection,Temps éblouissant,Autre collision,,,,,,,,,,,1,2,1,7,6
200800045545,0008-08-12 03:30:00,8,8,12,3,30,60,155,"202, LIBERTE AV.DE LA",,,Nuit avec éclairage allumé,En agglomération,Hors intersection,Normale,Sans collision,,,,,,,,,,,5,2,1,1,7
200800045546,0008-08-14 19:40:00,8,8,14,19,40,60,4,"61, WILSON BD",,,Plein jour,En agglomération,Hors intersection,Normale,Deux véhicules - arrière,,,,,,,,,,,1,2,1,1,2
200800045547,0008-08-17 06:00:00,8,8,17,6,0,60,4,ONZE NOVEMBRE AV.DU,,,Crépuscule ou aube,En agglomération,Intersection en T,Normale,Deux véhicules - côté,,,,,,,,,,,2,2,3,1,3
200800045548,0008-08-18 16:00:00,8,8,18,16,0,60,4,SAINT CLAUDE CH.DE,,,Plein jour,En agglomération,Hors intersection,Normale,Deux véhicules - côté,,,,,,,,,,,1,2,1,1,3
200800045549,0008-08-20 10:15:00,8,8,20,10,15,60,4,JUIN AV.MARECHAL,,,Plein jour,En agglomération,Intersection en T,Normale,Deux véhicules - côté,,,,,,,,,,,1,2,3,1,3
200800045550,0008-08-23 04:03:00,8,8,23,4,3,60,4,"149, BACON BD DU ET BD G",,,Nuit avec éclairage allumé,En agglomération,Hors intersection,Normale,Autre collision,,,,,,,,,,,5,2,1,1,6
200800045551,0008-08-23 09:50:00,8,8,23,9,50,60,4,WYLLIE AV.JAMES,,,Plein jour,En agglomération,Hors intersection,Normale,Deux véhicules - arrière,,,,,,,,,,,1,2,1,1,2
200800045552,0008-08-21 23:16:00,8,8,21,23,16,60,155,"985, SAINT BERNARD CH.",,,Nuit avec éclairage allumé,En agglomération,Hors intersection,Normale,Autre collision,,,,,,,,,,,5,2,1,1,6
200800045553,0008-08-30 12:10:00,8,8,30,12,10,60,155,"1146, SAINT BERNARD CH.",,,Plein jour,Hors agglomération,Hors intersection,Normale,Deux véhicules - côté,,,,,,,,,,,1,1,1,1,3
200800045554,0008-08-01 10:00:00,8,8,1,10,0,60,27,"53, VERDUN AVENUE DE",,,Plein jour,En agglomération,Hors intersection,Normale,Deux véhicules - côté,,,,,,,,,,,1,2,1,1,3
200800045555,0008-08-02 11:40:00,8,8,2,11,40,60,27,PLAGE BOULEVARD DE LA,,,Plein jour,En agglomération,Hors intersection,Normale,Trois véhicules et plus - collisions multiples,,,,,,,,,,,1,2,1,1,5
200800045556,0008-08-02 20:30:00,8,8,2,20,30,60,123,DONADEI EUGENE AVENUE,,,Plein jour,En agglomération,Hors intersection,Normale,Deux véhicules - côté,,,,,,,,,,,1,2,1,1,3
200800045557,0008-08-04 17:25:00,8,8,4,17,25,60,27,", VAL FLEURI CHEMIN DU",,,Plein jour,En agglomération,Hors intersection,Normale,Deux véhicules - côté,,,,,,,,,,,1,2,1,1,3
200800045558,0008-08-04 20:50:00,8,8,4,20,50,60,27,"65, MAURE CHEMIN DE LA",,,Crépuscule ou aube,En agglomération,Hors intersection,Normale,Deux véhicules - frontale,,,,,,,,,,,2,2,1,1,1
200800045559,0008-08-05 14:10:00,8,8,5,14,10,60,123,"423, LECLERC GENERAL AVE",,,Plein jour,En agglomération,Hors intersection,Normale,Autre collision,,,,,,,,,,,1,2,1,1,6
200800045560,0008-08-05 20:25:00,8,8,5,20,25,60,27,BLERIOT AVENUE LOUIS,,,Plein jour,En agglomération,Hors intersection,Normale,Deux véhicules - côté,,,,,,,,,,,1,2,1,1,3
200800045561,0008-08-06 17:30:00,8,8,6,17,30,60,27,"27, GARE AVENUE DE LA",,,Plein jour,En agglomération,Intersection en T,Normale,Deux véhicules - côté,,,,,,,,,,,1,2,3,1,3
200800045562,0008-08-07 09:35:00,8,8,7,9,35,60,123,"464, BARONNE ROUTE DE LA",,,Plein jour,En agglomération,Hors intersection,Normale,Trois véhicules et plus - collisions multiples,,,,,,,,,,,1,2,1,1,5
200800045563,0008-08-07 13:00:00,8,8,7,13,0,60,27,ALPES AVENUE DES,,,Plein jour,En agglomération,Hors intersection,Normale,Deux véhicules - arrière,,,,,,,,,,,1,2,1,1,2
200800045564,0008-08-07 14:05:00,8,8,7,14,5,60,123,"526, VESPINS ROUTE DES",,,Plein jour,En agglomération,Hors intersection,Normale,Deux véhicules - arrière,,,,,,,,,,,1,2,1,1,2
200800045565,0008-08-09 15:15:00,8,8,9,15,15,60,27,"27, GRASSE AVENUE DE",,,Plein jour,En agglomération,Hors intersection,Normale,Autre collision,,,,,,,,,,,1,2,1,1,6
200800045566,0008-08-09 18:50:00,8,8,9,18,50,60,123,BERENGER LEON AVENUE,,,Plein jour,En agglomération,Intersection en X,Normale,Deux véhicules - côté,,,,,,,,,,,1,2,2,1,3
200800045567,0008-08-09 22:25:00,8,8,9,22,25,60,123,BORD DE MER RN 98,,,Nuit avec éclairage allumé,En agglomération,Hors intersection,Normale,Sans collision,,,,,,,,,,,5,2,1,1,7
200800045568,0008-08-14 18:05:00,8,8,14,18,5,60,123,"151, CIGALLES ALLEE DES",,,Plein jour,En agglomération,Hors intersection,Normale,Deux véhicules - frontale,,,,,,,,,,,1,2,1,1,1
200800045569,0008-08-19 16:35:00,8,8,19,16,35,60,27,"7, BERENGER RUE GENERAL",,,Plein jour,En agglomération,Hors intersection,Normale,Autre collision,,,,,,,,,,,1,2,1,1,6
200800045570,0008-08-20 08:50:00,8,8,20,8,50,60,27,GRASSE AVENUE DE,,,Plein jour,En agglomération,Intersection en T,Normale,Deux véhicules - côté,,,,,,,,,,,1,2,3,1,3
200800045571,0008-08-22 13:15:00,8,8,22,13,15,60,123,VERDUN AVENUE DE,,,Plein jour,En agglomération,Giratoire,Normale,Deux véhicules - côté,,,,,,,,,,,1,2,6,1,3
200800045572,0008-08-26 16:30:00,8,8,26,16,30,60,27,FRENES RUE DES,,,Plein jour,En agglomération,Intersection en X,Normale,Deux véhicules - côté,,,,,,,,,,,1,2,2,1,3
200800045573,0008-08-27 18:45:00,8,8,27,18,45,60,27,"4, ST LAURENT CHEMIN DE",,,Plein jour,En agglomération,Hors intersection,Normale,Trois véhicules et plus - en chaîne,,,,,,,,,,,1,2,1,1,4
200800045574,0008-08-12 09:30:00,8,8,12,9,30,60,29,CAMP LONG (AVENUE DU),,,Crépuscule ou aube,En agglomération,Hors intersection,Normale,Autre collision,,,,,,,,,,,2,2,1,1,6
200800045575,0008-08-12 12:32:00,8,8,12,12,32,60,29,"00, CROISETTE (BOULEVARD",,,Plein jour,En agglomération,Hors intersection,Temps éblouissant,Deux véhicules - côté,,,,,,,,,,,1,2,1,7,3
200800045576,0008-08-13 15:22:00,8,8,13,15,22,60,29,CROISETTE (BOULEVARD DE,,,Plein jour,En agglomération,Hors intersection,Normale,Deux véhicules - côté,,,,,,,,,,,1,2,1,1,3
200800045577,0008-08-14 01:28:00,8,8,14,1,28,60,29,CROISETTE (BOULEVARD DE,,,Nuit avec éclairage allumé,En agglomération,Hors intersection,Normale,Deux véhicules - côté,,,,,,,,,,,5,2,1,1,3
200800045578,0008-08-04 17:00:00,8,8,4,17,0,60,30,"14, ROOSEVELT (AVENUE FR",,,Plein jour,En agglomération,Hors intersection,Normale,Sans collision,,,,,,,,,,,1,2,1,1,7
200800045579,0008-08-15 19:50:00,8,8,15,19,50,60,29,"01, TONNER (AVENUE FRANC",,,Crépuscule ou aube,En agglomération,Hors intersection,Normale,Deux véhicules - côté,,,,,,,,,,,2,2,1,1,3
200800045580,0008-08-16 13:00:00,8,8,16,13,0,60,29,ALEXANDRE III (BOULEVARD,,,Plein jour,En agglomération,Hors intersection,Normale,Deux véhicules - côté,,,,,,,,,,,1,2,1,1,3
200800045581,0008-08-18 17:50:00,8,8,18,17,50,60,30,"39, DOUMER (BOULEVARD PA",,,Plein jour,En agglomération,Hors intersection,Normale,Autre collision,,,,,,,,,,,1,2,1,1,6
200800045582,0008-08-19 08:16:00,8,8,19,8,16,60,29,JOURDAN (AVENUE MICHEL),,,Plein jour,En agglomération,Intersection en X,Normale,Sans collision,,,,,,,,,,,1,2,2,1,7
200800045583,0008-08-20 00:40:00,8,8,20,0,40,60,29,BIVOUAC NAPOLEON (RUE),,,Nuit avec éclairage allumé,En agglomération,Hors intersection,Normale,Autre collision,,,,,,,,,,,5,2,1,1,6
200800045584,0008-08-16 11:30:00,8,8,16,11,30,60,29,"100, MIDI (BOULEVARD DU)",,,Plein jour,En agglomération,Hors intersection,Normale,Deux véhicules - côté,,,,,,,,,,,1,2,1,1,3
200800045585,0008-08-26 11:45:00,8,8,26,11,45,60,29,"00, DELATTRE DE TASSIGNY",,,Plein jour,En agglomération,Hors intersection,Normale,Deux véhicules - côté,,,,,,,,,,,1,2,1,1,3
200800045586,0008-08-29 15:39:00,8,8,29,15,39,60,29,CARNOT (BOULEVARD),,,Plein jour,En agglomération,Hors intersection,Normale,Deux véhicules - côté,,,,,,,,,,,1,2,1,1,3
200800045587,0008-08-29 20:50:00,8,8,29,20,50,60,29,CROISETTE (BOULEVARD DE,,,Nuit avec éclairage allumé,En agglomération,Hors intersection,Normale,Autre collision,,,,,,,,,,,5,2,1,1,6
200800045588,0008-08-02 11:45:00,8,8,2,11,45,60,69,"122, LIBERATION (AVENUE",,,Plein jour,En agglomération,Hors intersection,Normale,Deux véhicules - côté,,,,,,,,,,,1,2,1,1,3
200800045589,0008-08-05 20:45:00,8,8,5,20,45,60,69,"25, THIERS (AVENUE)",,,Crépuscule ou aube,En agglomération,Hors intersection,Normale,Sans collision,,,,,,,,,,,2,2,1,1,7
200800045590,0008-08-07 20:15:00,8,8,7,20,15,60,69,"1, BAUDOIN (AVENUE YVES",,,Crépuscule ou aube,Hors agglomération,Hors intersection,Normale,Sans collision,,,,,,,,,,,2,1,1,1,7
200800045591,0008-08-09 22:55:00,8,8,9,22,55,60,69,"8, BAUDOIN (AVENUE YVES",,,Nuit avec éclairage allumé,En agglomération,Hors intersection,Normale,Sans collision,,,,,,,,,,,5,2,1,1,7
200800045592,0008-08-11 10:25:00,8,8,11,10,25,60,69,"x, MOUANS (ROUTE DE)",,,Plein jour,En agglomération,Hors intersection,Normale,Deux véhicules - côté,,,,,,,,,,,1,2,1,1,3
200800045593,0008-08-11 16:05:00,8,8,11,16,5,60,69,"56, DE LATTRE DE TASSIGN",,,Plein jour,En agglomération,Hors intersection,Pluie légère,Deux véhicules - côté,,,,,,,,,,,1,2,1,2,3
200800045594,0008-08-19 15:00:00,8,8,19,15,0,60,69,"78, CANNES (ROUTE DE)  -",,,Plein jour,En agglomération,Hors intersection,Normale,Trois véhicules et plus - en chaîne,,,,,,,,,,,1,2,1,1,4
200800045595,0008-08-19 16:45:00,8,8,19,16,45,60,69,"x, ORME (CHEMIN DE L')",,,Plein jour,En agglomération,Hors intersection,Normale,Sans collision,,,,,,,,,,,1,2,1,1,7
200800045596,0008-08-19 23:15:00,8,8,19,23,15,60,69,"x, CHASSEURS ALPINS (RON",,,Nuit avec éclairage allumé,En agglomération,Hors intersection,Normale,Sans collision,,,,,,,,,,,5,2,1,1,7
200800045597,0008-08-20 19:00:00,8,8,20,19,0,60,69,"76, DE LATTRE DE TASSIGN",,,Plein jour,En agglomération,Hors intersection,Normale,Deux véhicules - côté,,,,,,,,,,,1,2,1,1,3
200800045598,0008-08-22 15:30:00,8,8,22,15,30,60,69,"x, SAINT CHRISTOPHE (CHE",,,Plein jour,En agglomération,Intersection en T,Normale,Deux véhicules - frontale,,,,,,,,,,,1,2,3,1,1
200800045599,0008-08-23 06:25:00,8,8,23,6,25,60,69,"39, JEU DE BALLON (BOULE",,,Crépuscule ou aube,En agglomération,Hors intersection,Normale,Sans collision,,,,,,,,,,,2,2,1,1,7
200800045600,0008-08-24 13:20:00,8,8,24,13,20,60,69,"6, ORMEAUX (PLACE DES)",,,Plein jour,En agglomération,Hors intersection,Normale,Autre collision,,,,,,,,,,,1,2,1,1,6
200800045601,0008-08-25 01:30:00,8,8,25,1,30,60,69,"x, DUVAL (AVENUE MATHIAS",,,Nuit avec éclairage allumé,En agglomération,Intersection en Y,Normale,Deux véhicules - frontale,,,,,,,,,,,5,2,4,1,1