accident_id,datetime,annee,mois,jour,heure,minute,departement,commune_insee,adresse,latitude,longitude,luminosite,agglomeration,intersection,meteo,collision,nb_vehicules,nb_usagers,nb_indemnes,nb_tues,nb_blesses_hosp,nb_blesses_legers,age_cond_1,age_cond_2,veh_type_cond_1,veh_type_cond_2,lum_code,agg_code,int_code,atm_code,col_code
200800045602,0008-08-25 10:55:00,8,8,25,10,55,60,69,"109, RENOIR (AVENUE AUGU",,,Plein jour,En agglomération,Hors intersection,Normale,Trois véhicules et plus - en chaîne,,,,,,,,,,,1,2,1,1,4
200800045603,0008-08-25 17:45:00,8,8,25,17,45,60,69,"49, HUGO (BOULEVARD ET T",,,Plein jour,En agglomération,Hors intersection,Normale,Deux véhicules - arrière,,,,,,,,,,,1,2,1,1,2
200800045604,0008-08-26 17:55:00,8,8,26,17,55,60,69,"x, LECLERC (BOULEVARD DU",,,Plein jour,En agglomération,Hors intersection,Normale,Sans collision,,,,,,,,,,,1,2,1,1,7
200800045605,0008-08-27 19:50:00,8,8,27,19,50,60,69,"27, GRAND CHENE (CHEMIN",,,Crépuscule ou aube,En agglomération,Hors intersection,Normale,Deux véhicules - frontale,,,,,,,,,,,2,2,1,1,1
200800045606,0008-08-29 08:10:00,8,8,29,8,10,60,69,"x, DUVAL (AVENUE MATHIAS",,,Plein jour,En agglomération,Hors intersection,Normale,Deux véhicules - frontale,,,,,,,,,,,1,2,1,1,1
200800045607,0008-08-29 11:30:00,8,8,29,11,30,60,69,"x, LIBERATION (AVENUE DE",,,Plein jour,En agglomération,Hors intersection,Normale,Sans collision,,,,,,,,,,,1,2,1,1,7
200800045608,0008-08-16 19:00:00,8,8,16,19,0,60,83,"5, ASTRID (PROMENADE REI",,,Plein jour,En agglomération,Hors intersection,Normale,Autre collision,,,,,,,,,,,1,2,1,1,6
200800045609,0008-08-06 12:25:00,8,8,6,12,25,60,83,"GARAVAN (BOULEVARD, N° 3",,,Plein jour,En agglomération,Intersection en X,Normale,Deux véhicules - frontale,,,,,,,,,,,1,2,2,1,1
200800045610,0008-08-06 09:50:00,8,8,6,9,50,60,83,"38, PARTOUNEAUX",,,Plein jour,En agglomération,Hors intersection,Normale,Autre collision,,,,,,,,,,,1,2,1,1,6
200800045611,0008-08-08 15:20:00,8,8,8,15,20,60,104,"2, DOUMER (AVENUE PAUL)",,,Plein jour,En agglomération,Hors intersection,Normale,Deux véhicules - arrière,,,,,,,,,,,1,2,1,1,2
200800045612,0008-08-18 16:25:00,8,8,18,16,25,60,83,"25, GARAVAN (BOULEVARD,",,,Plein jour,En agglomération,Hors intersection,Normale,Deux véhicules - frontale,,,,,,,,,,,1,2,1,1,1
200800045613,0008-08-25 21:15:00,8,8,25,21,15,60,104,LECLERC (AVENUE GENERAL),,,Nuit avec éclairage allumé,En agglomération,Intersection en T,Normale,Deux véhicules - côté,,,,,,,,,,,5,2,3,1,3
200800045614,0008-08-26 09:45:00,8,8,26,9,45,60,83,"1, VERDUN (AVENUE DE)",,,Plein jour,En agglomération,Giratoire,Normale,Deux véhicules - côté,,,,,,,,,,,1,2,6,1,3
200800045615,0008-08-26 20:29:00,8,8,26,20,29,60,83,"CIAPPES (ROUTES DES, N°",,,Nuit avec éclairage allumé,En agglomération,Hors intersection,Normale,Deux véhicules - frontale,,,,,,,,,,,5,2,1,1,1
200800045616,0008-08-24 12:15:00,8,8,24,12,15,60,83,"11, FAURE (AVENUE FELIX)",,,Plein jour,En agglomération,Intersection en T,Normale,Trois véhicules et plus - collisions multiples,,,,,,,,,,,1,2,3,1,5
200800045617,0008-08-27 11:50:00,8,8,27,11,50,60,83,"03, REPUBLIQUE (RUE DE L",,,Plein jour,En agglomération,Hors intersection,Normale,Autre collision,,,,,,,,,,,1,2,1,1,6
200800045618,0008-08-01 15:05:00,8,8,1,15,5,60,88,"0, BEAUMONT (RUE)",,,Plein jour,En agglomération,Intersection en T,Normale,Deux véhicules - côté,,,,,,,,,,,1,2,3,1,3
200800045619,0008-08-01 17:05:00,8,8,1,17,5,60,88,"0, LINDBERG (AV.)",,,Plein jour,En agglomération,Intersection en T,Normale,Deux véhicules - côté,,,,,,,,,,,1,2,3,1,3
200800045620,0008-08-01 20:30:00,8,8,1,20,30,60,88,"64, CALIFORNIE (AV.) (DU",,,Crépuscule ou aube,En agglomération,Hors intersection,Normale,Deux véhicules - côté,,,,,,,,,,,2,2,1,1,3
200800045621,0008-08-02 01:40:00,8,8,2,1,40,60,88,"0, ILE-DE-BEAUTE (PL. DE",,,Nuit avec éclairage allumé,En agglomération,Hors intersection,Normale,Deux véhicules - côté,,,,,,,,,,,5,2,1,1,3
200800045622,0008-08-03 18:00:00,8,8,3,18,0,60,88,CORNICHE (GRANDE),,,Plein jour,Hors agglomération,Hors intersection,Normale,Deux véhicules - frontale,,,,,,,,,,,1,1,1,1,1
200800045623,0008-08-03 21:50:00,8,8,3,21,50,60,88,"0, LEPANTE (R. DE)",,,Nuit avec éclairage allumé,En agglomération,Hors intersection,Normale,Autre collision,,,,,,,,,,,5,2,1,1,6
200800045624,0008-08-04 12:05:00,8,8,4,12,5,60,88,"0, ROASSAL (R. CLEMENT)",,,Plein jour,En agglomération,Intersection en T,Normale,Deux véhicules - côté,,,,,,,,,,,1,2,3,1,3
200800045625,0008-08-05 09:20:00,8,8,5,9,20,60,88,"14, DIDEROT (RUE)",,,Plein jour,En agglomération,Hors intersection,Normale,Autre collision,,,,,,,,,,,1,2,1,1,6
200800045626,0008-08-05 11:55:00,8,8,5,11,55,60,88,"0, BARLA (RUE)",,,Plein jour,En agglomération,Intersection en T,Normale,Autre collision,,,,,,,,,,,1,2,3,1,6
200800045627,0008-08-05 16:10:00,8,8,5,16,10,60,88,"2, GALLIENI (AV.)",,,Plein jour,En agglomération,Hors intersection,Normale,Deux véhicules - côté,,,,,,,,,,,1,2,1,1,3
200800045628,0008-08-05 21:45:00,8,8,5,21,45,60,88,GRENOBLE (ROUTE DE),,,Nuit avec éclairage allumé,En agglomération,Hors intersection,Normale,Trois véhicules et plus - collisions multiples,,,,,,,,,,,5,2,1,1,5
200800045629,0008-08-05 22:05:00,8,8,5,22,5,60,88,"0, GAMBETTA (JUSQU'AU N°",,,Nuit avec éclairage allumé,En agglomération,Intersection en X,Normale,Deux véhicules - côté,,,,,,,,,,,5,2,2,1,3
200800045630,0008-08-06 00:15:00,8,8,6,0,15,60,88,BEAUMONT (RUE),,,Nuit avec éclairage allumé,En agglomération,Intersection en X,Normale,Autre collision,,,,,,,,,,,5,2,2,1,6
200800045631,0008-08-06 00:40:00,8,8,6,0,40,60,88,LIBERTE (R. DE LA),,,Nuit avec éclairage allumé,En agglomération,Hors intersection,Normale,Autre collision,,,,,,,,,,,5,2,1,1,6
200800045632,0008-08-06 13:40:00,8,8,6,13,40,60,88,"0, RAY (AV. DU)",,,Plein jour,En agglomération,Place,Normale,Trois véhicules et plus - en chaîne,,,,,,,,,,,1,2,7,1,4
200800045633,0008-08-06 13:45:00,8,8,6,13,45,60,88,"12, FAURE (AV. FELIX)",,,Plein jour,En agglomération,Hors intersection,Normale,Deux véhicules - arrière,,,,,,,,,,,1,2,1,1,2
200800045634,0008-08-06 21:40:00,8,8,6,21,40,60,88,"122, MADELEINE (BD DE LA",,,Nuit avec éclairage allumé,En agglomération,Hors intersection,Normale,Deux véhicules - côté,,,,,,,,,,,5,2,1,1,3
200800045635,0008-08-06 22:10:00,8,8,6,22,10,60,88,"0, GAL (R. AUGUSTE)",,,Nuit avec éclairage allumé,En agglomération,Intersection en X,Normale,Deux véhicules - côté,,,,,,,,,,,5,2,2,1,3
200800045636,0008-08-07 14:00:00,8,8,7,14,0,60,88,"19, MONT-RABEAU (AV. DU)",,,Plein jour,En agglomération,Hors intersection,Normale,Autre collision,,,,,,,,,,,1,2,1,1,6
200800045637,0008-08-07 20:20:00,8,8,7,20,20,60,88,"0, GAMBETTA (A PARTIR DU",,,Nuit avec éclairage allumé,En agglomération,Intersection en T,Normale,Deux véhicules - arrière,,,,,,,,,,,5,2,3,1,2
200800045638,0008-08-08 06:15:00,8,8,8,6,15,60,88,"0, GAMBETTA (A PARTIR DU",,,Crépuscule ou aube,En agglomération,Intersection en X,Normale,Deux véhicules - côté,,,,,,,,,,,2,2,2,1,3
200800045639,0008-08-08 07:50:00,8,8,8,7,50,60,88,"98, PAPE JEAN XXIII (BD)",,,Plein jour,En agglomération,Hors intersection,Normale,Autre collision,,,,,,,,,,,1,2,1,1,6
200800045640,0008-08-08 09:50:00,8,8,8,9,50,60,88,"0, BISCHOFFSHEIM (BD)",,,Plein jour,En agglomération,Hors intersection,Normale,Autre collision,,,,,,,,,,,1,2,1,1,6
200800045641,0008-08-08 10:10:00,8,8,8,10,10,60,88,"7, LYAUTEY (AV. DU MAL)",,,Plein jour,En agglomération,Hors intersection,Normale,Deux véhicules - arrière,,,,,,,,,,,1,2,1,1,2
200800045642,0008-08-08 19:15:00,8,8,8,19,15,60,88,"0, FORNERO-MENEI (R.)",,,Plein jour,En agglomération,Intersection en X,Normale,Deux véhicules - côté,,,,,,,,,,,1,2,2,1,3
200800045643,0008-08-08 21:20:00,8,8,8,21,20,60,88,"13, LEPANTE (R. DE)",,,Nuit avec éclairage allumé,En agglomération,Hors intersection,Normale,Autre collision,,,,,,,,,,,5,2,1,1,6
200800045644,0008-08-09 11:35:00,8,8,9,11,35,60,88,"47, SAINT-AUGUSTIN (AV.",,,Plein jour,En agglomération,Intersection en T,Normale,Autre collision,,,,,,,,,,,1,2,3,1,6
200800045645,0008-08-09 12:20:00,8,8,9,12,20,60,88,"1, ANGLAIS PLAGE (N°1 AU",,,Plein jour,En agglomération,Intersection en X,Normale,Deux véhicules - côté,,,,,,,,,,,1,2,2,1,3
200800045646,0008-08-09 15:45:00,8,8,9,15,45,60,88,"2, DESAMBROIS (AV.)",,,Plein jour,En agglomération,Hors intersection,Normale,Deux véhicules - côté,,,,,,,,,,,1,2,1,1,3
200800045647,0008-08-09 16:30:00,8,8,9,16,30,60,88,"0, ANGLAIS (DU N° 114 AU",,,Plein jour,En agglomération,Hors intersection,Normale,Deux véhicules - arrière,,,,,,,,,,,1,2,1,1,2
200800045648,0008-08-09 22:10:00,8,8,9,22,10,60,88,"28, CHATEAUNEUF (RUE)",,,Nuit avec éclairage allumé,En agglomération,Hors intersection,Normale,Autre collision,,,,,,,,,,,5,2,1,1,6
200800045649,0008-08-10 14:20:00,8,8,10,14,20,60,88,"0, DEFLY (RUE)",,,Plein jour,En agglomération,Intersection en X,Normale,Deux véhicules - côté,,,,,,,,,,,1,2,2,1,3
200800045650,0008-08-10 20:30:00,8,8,10,20,30,60,88,"0, SAINT-BARTHELEMY (AV.",,,Crépuscule ou aube,En agglomération,Intersection en T,Normale,Autre collision,,,,,,,,,,,2,2,3,1,6
200800045651,0008-08-11 02:10:00,8,8,11,2,10,60,88,"10, ETATS UNIS (QUAI DES",,,Nuit avec éclairage non allumé,En agglomération,Hors intersection,Normale,Sans collision,,,,,,,,,,,4,2,1,1,7
200800045652,0008-08-11 14:45:00,8,8,11,14,45,60,88,"0, ANGLAIS (DU N° 114 AU",,,Plein jour,En agglomération,Hors intersection,Normale,Deux véhicules - côté,,,,,,,,,,,1,2,1,1,3
200800045653,0008-08-12 07:50:00,8,8,12,7,50,60,88,"0, VOIE RAPIDE",,,Plein jour,En agglomération,Hors intersection,Normale,Deux véhicules - côté,,,,,,,,,,,1,2,1,1,3
200800045654,0008-08-12 08:55:00,8,8,12,8,55,60,88,"0, ANGLAIS (DU N° 114 AU",,,Plein jour,En agglomération,Hors intersection,Normale,Deux véhicules - arrière,,,,,,,,,,,1,2,1,1,2
200800045655,0008-08-12 10:28:00,8,8,12,10,28,60,88,"2, VILETTE (R. DE LA)",,,Plein jour,En agglomération,Hors intersection,Normale,Deux véhicules - frontale,,,,,,,,,,,1,2,1,1,1
200800045656,0008-08-12 18:55:00,8,8,12,18,55,60,88,"68, BRANCOLAR (AV.) (A P",,,Plein jour,En agglomération,Hors intersection,Normale,Autre collision,,,,,,,,,,,1,2,1,1,6
200800045657,0008-08-12 23:10:00,8,8,12,23,10,60,88,"0, FLEURS (AV. DES)",,,Nuit avec éclairage allumé,En agglomération,Intersection en X,Normale,Deux véhicules - côté,,,,,,,,,,,5,2,2,1,3
200800045658,0008-08-13 08:00:00,8,8,13,8,0,60,88,"0, GARNIER (BD JOSEPH)",,,Plein jour,En agglomération,Intersection en X,Normale,Autre collision,,,,,,,,,,,1,2,2,1,6
200800045659,0008-08-13 12:20:00,8,8,13,12,20,60,88,"16, FAURE (AV. FELIX)",,,Plein jour,En agglomération,Hors intersection,Normale,Deux véhicules - côté,,,,,,,,,,,1,2,1,1,3
200800045660,0008-08-13 16:30:00,8,8,13,16,30,60,88,"0, MONET (TRAV. JEAN)",,,Plein jour,En agglomération,Hors intersection,Normale,Deux véhicules - côté,,,,,,,,,,,1,2,1,1,3
200800045661,0008-08-13 21:45:00,8,8,13,21,45,60,88,"0, VOISIN (R. ALBERT)",,,Crépuscule ou aube,En agglomération,Intersection en X,Normale,Deux véhicules - frontale,,,,,,,,,,,2,2,2,1,1
200800045662,0008-08-14 09:10:00,8,8,14,9,10,60,88,"149, CALIFORNIE (AV.) (D",,,Plein jour,En agglomération,Hors intersection,Normale,Autre collision,,,,,,,,,,,1,2,1,1,6
200800045663,0008-08-14 12:20:00,8,8,14,12,20,60,88,"0, RD 6007",,,Plein jour,Hors agglomération,Intersection en Y,Normale,Deux véhicules - côté,,,,,,,,,,,1,1,4,1,3
200800045664,0008-08-14 19:05:00,8,8,14,19,5,60,88,"0, MEDECIN (AV. JEAN)",,,Plein jour,En agglomération,Intersection en T,Normale,Autre collision,,,,,,,,,,,1,2,3,1,6
200800045665,0008-08-14 22:35:00,8,8,14,22,35,60,88,"0, MOLIERE (R.)",,,Nuit avec éclairage allumé,En agglomération,Intersection en X,Normale,Deux véhicules - côté,,,,,,,,,,,5,2,2,1,3
200800045666,0008-08-15 16:55:00,8,8,15,16,55,60,88,"0, RIBOTTI (R.)",,,Plein jour,En agglomération,Intersection en X,Normale,Deux véhicules - côté,,,,,,,,,,,1,2,2,1,3
200800045667,0008-08-15 18:55:00,8,8,15,18,55,60,88,"0, DEUX CORNICHES (BD DE",,,Plein jour,Hors agglomération,Intersection en Y,Normale,Deux véhicules - frontale,,,,,,,,,,,1,1,4,1,1
200800045668,0008-08-16 03:00:00,8,8,16,3,0,60,88,"0, RAUBA-CAPEU (QUAI)",,,Nuit avec éclairage allumé,En agglomération,Hors intersection,Normale,Deux véhicules - frontale,,,,,,,,,,,5,2,1,1,1
200800045669,0008-08-16 07:00:00,8,8,16,7,0,60,159,"56, CORNE D OR (BOULEVAR",,,Plein jour,En agglomération,Hors intersection,Normale,Deux véhicules - frontale,,,,,,,,,,,1,2,1,1,1
200800045670,0008-08-17 03:30:00,8,8,17,3,30,60,88,CLEMENCEAU (AV. GEORGES),,,Nuit avec éclairage allumé,En agglomération,Intersection en X,Normale,Deux véhicules - côté,,,,,,,,,,,5,2,2,1,3
200800045671,0008-08-17 18:10:00,8,8,17,18,10,60,88,DOUANE (QUAI DE LA),,,Plein jour,En agglomération,Hors intersection,Normale,Autre collision,,,,,,,,,,,1,2,1,1,6
200800045672,0008-08-18 08:30:00,8,8,18,8,30,60,88,"0, BERLIOZ (RUE)",,,Plein jour,En agglomération,Intersection en X,Normale,Deux véhicules - côté,,,,,,,,,,,1,2,2,1,3
200800045673,0008-08-19 14:30:00,8,8,19,14,30,60,88,"0, JAURES (BD JEAN)",,,Plein jour,En agglomération,Hors intersection,Normale,Autre collision,,,,,,,,,,,1,2,1,1,6
200800045674,0008-08-19 19:40:00,8,8,19,19,40,60,88,"0, ST LAMBERT (JUSQU'AU",,,Crépuscule ou aube,En agglomération,Intersection en T,Normale,Deux véhicules - côté,,,,,,,,,,,2,2,3,1,3
200800045675,0008-08-20 02:55:00,8,8,20,2,55,60,88,"0, ANGLAIS (DU N° 1 AU N",,,Nuit avec éclairage allumé,En agglomération,Hors intersection,Normale,Autre collision,,,,,,,,,,,5,2,1,1,6
200800045676,0008-08-20 13:50:00,8,8,20,13,50,60,88,"0, BARLA (TRAV.)",,,Plein jour,En agglomération,Intersection en X,Normale,Deux véhicules - côté,,,,,,,,,,,1,2,2,1,3
200800045677,0008-08-20 15:00:00,8,8,20,15,0,60,88,"0, STE-MARGUERITE (AV.)",,,Plein jour,En agglomération,Hors intersection,Normale,Deux véhicules - frontale,,,,,,,,,,,1,2,1,1,1
200800045678,0008-08-20 17:55:00,8,8,20,17,55,60,88,"19, SAINT-SYLVESTRE (AV.",,,Plein jour,En agglomération,Hors intersection,Normale,Autre collision,,,,,,,,,,,1,2,1,1,6
200800045679,0008-08-21 11:25:00,8,8,21,11,25,60,88,"19, MAETERLINCK (BD M.)",,,Plein jour,En agglomération,Hors intersection,Normale,Trois véhicules et plus - collisions multiples,,,,,,,,,,,1,2,1,1,5
200800045680,0008-08-21 07:45:00,8,8,21,7,45,60,88,"0, JOLY (CORNICHE ANDRE",,,Plein jour,En agglomération,Intersection en T,Normale,Deux véhicules - côté,,,,,,,,,,,1,2,3,1,3
200800045681,0008-08-21 08:30:00,8,8,21,8,30,60,88,"0, GRENOBLE (ROUTE DE)",,,Plein jour,En agglomération,Hors intersection,Normale,Deux véhicules - arrière,,,,,,,,,,,1,2,1,1,2
200800045682,0008-08-21 12:45:00,8,8,21,12,45,60,88,"21, CHATEAUNEUF (RUE)",,,Plein jour,En agglomération,Hors intersection,Normale,Autre collision,,,,,,,,,,,1,2,1,1,6
200800045683,0008-08-21 20:00:00,8,8,21,20,0,60,88,"0, SAINT-LAMBERT (AV.) (",,,Plein jour,En agglomération,Intersection en T,Normale,Deux véhicules - côté,,,,,,,,,,,1,2,3,1,3
200800045684,0008-08-22 18:10:00,8,8,22,18,10,60,88,"0, ROSSINI (R.)",,,Plein jour,En agglomération,Intersection en X,Normale,Deux véhicules - côté,,,,,,,,,,,1,2,2,1,3
200800045685,0008-08-22 18:55:00,8,8,22,18,55,60,88,"0, ALLEGRE (AV. JEAN)",,,Plein jour,En agglomération,Hors intersection,Normale,Deux véhicules - arrière,,,,,,,,,,,1,2,1,1,2
200800045686,0008-08-24 17:30:00,8,8,24,17,30,60,88,"0, NAPOLEON III (BD)",,,Plein jour,En agglomération,Hors intersection,Normale,Autre collision,,,,,,,,,,,1,2,1,1,6
200800045687,0008-08-24 23:00:00,8,8,24,23,0,60,88,"0, BERLIOZ (RUE)",,,Nuit avec éclairage allumé,En agglomération,Intersection en X,Normale,Deux véhicules - côté,,,,,,,,,,,5,2,2,1,3
200800045688,0008-08-25 12:50:00,8,8,25,12,50,60,88,"0, VERNIER (R.)",,,Plein jour,En agglomération,Intersection en X,Normale,Autre collision,,,,,,,,,,,1,2,2,1,6
200800045689,0008-08-25 16:00:00,8,8,25,16,0,60,88,"29, MONTEL (BD PAUL)",,,Plein jour,En agglomération,Hors intersection,Normale,Deux véhicules - côté,,,,,,,,,,,1,2,1,1,3
200800045690,0008-08-25 20:15:00,8,8,25,20,15,60,88,"90, JOLY (CORNICHE ANDRE",,,Crépuscule ou aube,En agglomération,Hors intersection,Normale,Sans collision,,,,,,,,,,,2,2,1,1,7
200800045691,0008-08-26 15:55:00,8,8,26,15,55,60,159,"1280, NAPOLEON III (BOUL",,,Plein jour,En agglomération,Intersection en Y,Normale,Deux véhicules - frontale,,,,,,,,,,,1,2,4,1,1
200800045692,0008-08-27 02:20:00,8,8,27,2,20,60,88,"0, ANGLAIS (A PARTIR DU",,,Nuit avec éclairage allumé,En agglomération,Hors intersection,Normale,Autre collision,,,,,,,,,,,5,2,1,1,6
200800045693,0008-08-27 08:15:00,8,8,27,8,15,60,88,"0, KESSEL (JARDIN J.)",,,Plein jour,En agglomération,Hors intersection,Normale,Deux véhicules - côté,,,,,,,,,,,1,2,1,1,3
200800045694,0008-08-27 12:05:00,8,8,27,12,5,60,88,", CASSIN (BD RENE)",,,Plein jour,En agglomération,Hors intersection,Normale,Autre collision,,,,,,,,,,,1,2,1,1,6
200800045695,0008-08-27 17:15:00,8,8,27,17,15,60,88,"6, CAP DE CROIX (AV. ET",,,Plein jour,En agglomération,Hors intersection,Normale,Trois véhicules et plus - collisions multiples,,,,,,,,,,,1,2,1,1,5
200800045696,0008-08-27 18:15:00,8,8,27,18,15,60,88,"0, SLAMA (RUE MAURICE)",,,Plein jour,En agglomération,Hors intersection,Normale,Deux véhicules - côté,,,,,,,,,,,1,2,1,1,3
200800045697,0008-08-28 04:00:00,8,8,28,4,0,60,88,"0, PIE-FRANCOIS TOESCA (",,,Nuit avec éclairage allumé,En agglomération,Intersection en T,Normale,Deux véhicules - côté,,,,,,,,,,,5,2,3,1,3
200800045698,0008-08-28 08:10:00,8,8,28,8,10,60,88,"8, CARLONE (BD)",,,Plein jour,En agglomération,Hors intersection,Normale,Autre collision,,,,,,,,,,,1,2,1,1,6
200800045699,0008-08-28 08:30:00,8,8,28,8,30,60,88,"19, VEROLA (AV. AUGUSTE)",,,Plein jour,En agglomération,Hors intersection,Normale,Deux véhicules - côté,,,,,,,,,,,1,2,1,1,3
200800045700,0008-08-28 09:05:00,8,8,28,9,5,60,88,"1, CARLONE (BD)",,,Plein jour,En agglomération,Hors intersection,Normale,Autre collision,,,,,,,,,,,1,2,1,1,6
200800045701,0008-08-29 08:30:00,8,8,29,8,30,60,88,"9, MAETERLINCK (BD M.)",,,Plein jour,En agglomération,Hors intersection,Normale,Deux véhicules - frontale,,,,,,,,,,,1,2,1,1,1
200800045702,0008-08-29 10:00:00,8,8,29,10,0,60,88,"0, RD 6202",,,Plein jour,Hors agglomération,Hors intersection,Normale,Deux véhicules - côté,,,,,,,,,,,1,1,1,1,3
200800045703,0008-08-29 12:00:00,8,8,29,12,0,60,88,"0, FAURE (AV. FELIX)",,,Plein jour,En agglomération,Hors intersection,Normale,Autre collision,,,,,,,,,,,1,2,1,1,6
200800045704,0008-08-29 13:45:00,8,8,29,13,45,60,88,"3, CALIFORNIE (AV.) (JUS",,,Plein jour,En agglomération,Hors intersection,Normale,Deux véhicules - arrière,,,,,,,,,,,1,2,1,1,2
200800045705,0008-08-29 18:30:00,8,8,29,18,30,60,88,"0, MARSHALL (PL. GENERAL",,,Plein jour,En agglomération,Intersection en X,Normale,Deux véhicules - côté,,,,,,,,,,,1,2,2,1,3
200800045706,0008-08-29 22:46:00,8,8,29,22,46,60,88,"38, RISSO (BD)",,,Nuit avec éclairage allumé,En agglomération,Hors intersection,Normale,Autre collision,,,,,,,,,,,5,2,1,1,6
200800045707,0008-08-30 13:35:00,8,8,30,13,35,60,88,BARBERIS (RUE),,,Plein jour,En agglomération,Intersection en X,Normale,Deux véhicules - côté,,,,,,,,,,,1,2,2,1,3
200800045708,0008-08-30 15:50:00,8,8,30,15,50,60,88,"0, LEPANTE (R. DE)",,,Plein jour,En agglomération,Intersection en X,Normale,Deux véhicules - côté,,,,,,,,,,,1,2,2,1,3
200800045709,0008-08-30 19:30:00,8,8,30,19,30,60,88,CRONSTADT (RUE),,,Plein jour,En agglomération,Intersection en X,Normale,Deux véhicules - côté,,,,,,,,,,,1,2,2,1,3
200800045710,0008-08-31 14:55:00,8,8,31,14,55,60,88,"28, CARABACEL (BD)",,,Plein jour,En agglomération,Hors intersection,Normale,Sans collision,,,,,,,,,,,1,2,1,1,7
200800045711,0008-08-31 18:10:00,8,8,31,18,10,60,88,"0, BUFFA (RUE DE LA)",,,Plein jour,En agglomération,Hors intersection,Normale,Deux véhicules - côté,,,,,,,,,,,1,2,1,1,3
200800045712,0008-08-31 18:55:00,8,8,31,18,55,60,88,"0, ARSON (RUE)",,,Plein jour,En agglomération,Hors intersection,Normale,Sans collision,,,,,,,,,,,1,2,1,1,7
200800045713,0008-08-31 00:20:00,8,8,31,0,20,60,88,JAURES (BD JEAN),,,Nuit avec éclairage allumé,En agglomération,Hors intersection,Normale,Autre collision,,,,,,,,,,,5,2,1,1,6
200800045714,0008-08-02 10:40:00,8,8,2,10,40,70,102,BEAUCAIRE (AVENUE DE),,,Plein jour,Hors agglomération,Hors intersection,Normale,Deux véhicules - côté,,,,,,,,,,,1,1,1,1,3
200800045715,0008-08-19 13:36:00,8,8,19,13,36,80,105,RN 43,,,Plein jour,En agglomération,Hors intersection,Normale,Deux véhicules - frontale,,,,,,,,,,,1,2,1,1,1
200800045716,0008-08-28 20:35:00,8,8,28,20,35,80,497,REMPARTS PROMENADE,,,Crépuscule ou aube,En agglomération,Intersection en X,Temps couvert,Deux véhicules - côté,,,,,,,,,,,2,2,2,8,3
200800045717,0008-08-02 19:40:00,8,8,2,19,40,90,225,BOURIETTE AVENUE DE LA,,,Plein jour,En agglomération,Intersection en X,Normale,Deux véhicules - côté,,,,,,,,,,,1,2,2,1,3
200800045718,0008-08-02 05:45:00,8,8,2,5,45,100,387,PIERRE BROSSOLETTE (RUE),,,Nuit avec éclairage allumé,En agglomération,Intersection en X,Normale,Deux véhicules - frontale,,,,,,,,,,,5,2,2,1,1
200800045719,0008-08-05 14:00:00,8,8,5,14,0,100,387,WOOD ET WEST (RUE),,,Plein jour,En agglomération,Giratoire,Normale,Deux véhicules - côté,,,,,,,,,,,1,2,6,1,3
200800045720,0008-08-12 08:00:00,8,8,12,8,0,100,321,PIERRE GIRY (RUE),,,Plein jour,En agglomération,Hors intersection,Pluie légère,Autre collision,,,,,,,,,,,1,2,1,2,6
200800045721,0008-08-17 13:55:00,8,8,17,13,55,100,60,"000, ROCADE OUEST",,,Plein jour,En agglomération,Hors intersection,Normale,Sans collision,,,,,,,,,,,1,2,1,1,7
200800045722,0008-08-30 17:20:00,8,8,30,17,20,100,357,"31, HENRI BARBUSSE (RUE)",,,Plein jour,En agglomération,Hors intersection,Normale,Autre collision,,,,,,,,,,,1,2,1,1,6
200800045723,0008-08-30 16:30:00,8,8,30,16,30,100,343,"000, PHILIPPATS (RUE)",,,Plein jour,En agglomération,Hors intersection,Normale,Sans collision,,,,,,,,,,,1,2,1,1,7
200800045724,0008-08-28 14:35:00,8,8,28,14,35,100,343,"22, DEUX HAIES (RUE DES)",,,Plein jour,En agglomération,Intersection en T,Normale,Autre collision,,,,,,,,,,,1,2,3,1,6
200800045725,0008-08-26 10:25:00,8,8,26,10,25,100,357,"000, GENERAL DE GAULLE (",,,Plein jour,En agglomération,Giratoire,Normale,Deux véhicules - arrière,,,,,,,,,,,1,2,6,1,2
200800045726,0008-08-03 18:15:00,8,8,3,18,15,110,69,"151, ROOSEVELT -IMPAIRS",,,Plein jour,En agglomération,Hors intersection,Temps éblouissant,Autre collision,,,,,,,,,,,1,2,1,7,6
200800045727,0008-08-31 20:25:00,8,8,31,20,25,110,69,MINERVOISE -ROUTE-,,,Plein jour,Hors agglomération,Hors intersection,Pluie légère,Deux véhicules - frontale,,,,,,,,,,,1,1,1,2,1
200800045728,0008-08-29 13:44:00,8,8,29,13,44,110,69,BLUM DU 1404 AU 2050,,,Plein jour,En agglomération,Intersection en T,Normale,Deux véhicules - frontale,,,,,,,,,,,1,2,3,1,1
200800045729,0008-08-14 06:20:00,8,8,14,6,20,110,262,"16, COUBERTIN (AVENUE PI",,,Crépuscule ou aube,En agglomération,Hors intersection,Normale,Autre collision,,,,,,,,,,,2,2,1,1,6
200800045730,0008-08-18 18:50:00,8,8,18,18,50,110,262,LECLERC (AVENUE DU GENER,,,Plein jour,En agglomération,Hors intersection,Normale,Deux véhicules - arrière,,,,,,,,,,,1,2,1,1,2
200800045731,0008-08-28 18:15:00,8,8,28,18,15,110,262,ESCOUTE (PONT DE L'),,,Plein jour,En agglomération,Hors intersection,Normale,Deux véhicules - côté,,,,,,,,,,,1,2,1,1,3
200800045732,0008-08-23 07:00:00,8,8,23,7,0,110,262,"46, BOURGET (RUE DU)",,,Crépuscule ou aube,En agglomération,Intersection en Y,Normale,Autre collision,,,,,,,,,,,2,2,4,1,6
200800045733,0008-08-01 17:55:00,8,8,1,17,55,110,262,PANHARD (RUE RENE),,,Plein jour,En agglomération,Hors intersection,Normale,Autre collision,,,,,,,,,,,1,2,1,1,6
200800045734,0008-08-01 18:25:00,8,8,1,18,25,110,262,"1, MER (AVENUE DE LA)",,,Plein jour,En agglomération,Hors intersection,Normale,Trois véhicules et plus - en chaîne,,,,,,,,,,,1,2,1,1,4