accident_id,datetime,annee,mois,jour,heure,minute,departement,commune_insee,adresse,latitude,longitude,luminosite,agglomeration,intersection,meteo,collision,nb_vehicules,nb_usagers,nb_indemnes,nb_tues,nb_blesses_hosp,nb_blesses_legers,age_cond_1,age_cond_2,veh_type_cond_1,veh_type_cond_2,lum_code,agg_code,int_code,atm_code,col_code
200800045735,0008-08-02 00:20:00,8,8,2,0,20,110,262,"27, LECLERC (AVENUE DU G",,,Nuit avec éclairage allumé,En agglomération,Hors intersection,Normale,Sans collision,,,,,,,,,,,5,2,1,1,7
200800045736,0008-08-04 05:00:00,8,8,4,5,0,110,262,CROIX SUD (AVENUE DE),,,Crépuscule ou aube,Hors agglomération,Hors intersection,Normale,Deux véhicules - côté,,,,,,,,,,,2,1,1,1,3
200800045737,0008-08-12 11:10:00,8,8,12,11,10,110,262,PRIMEVERES (RUE DES),,,Plein jour,En agglomération,Intersection en T,Normale,Deux véhicules - côté,,,,,,,,,,,1,2,3,1,3
200800045738,0008-08-12 15:55:00,8,8,12,15,55,110,262,LACROIX (BOULEVARD DU DO,,,Plein jour,En agglomération,Hors intersection,Normale,Deux véhicules - côté,,,,,,,,,,,1,2,1,1,3
200800045739,0008-08-14 13:35:00,8,8,14,13,35,110,262,LAVOISIER (IMP. ET RUE A,,,Plein jour,En agglomération,Hors intersection,Normale,Autre collision,,,,,,,,,,,1,2,1,1,6
200800045740,0008-08-16 17:00:00,8,8,16,17,0,110,262,PAYRES (RUE ET IMPASSE D,,,Plein jour,En agglomération,Hors intersection,Normale,Autre collision,,,,,,,,,,,1,2,1,1,6
200800045741,0008-08-17 05:00:00,8,8,17,5,0,110,262,"14, LORRAINE (QUAI DE)",,,Nuit avec éclairage allumé,En agglomération,Hors intersection,Normale,Deux véhicules - côté,,,,,,,,,,,5,2,1,1,3
200800045742,0008-08-29 07:40:00,8,8,29,7,40,110,262,RN 009 NARBONNE /  PERPI,,,Plein jour,En agglomération,Hors intersection,Normale,Trois véhicules et plus - collisions multiples,,,,,,,,,,,1,2,1,1,5
200800045743,0008-08-31 19:40:00,8,8,31,19,40,110,262,LECLERC (AVENUE DU GENER,,,Plein jour,En agglomération,Hors intersection,Normale,Sans collision,,,,,,,,,,,1,2,1,1,7
200800045744,0008-08-05 07:48:00,8,8,5,7,48,120,145,DELMAS ETIENNE,,,Plein jour,En agglomération,Giratoire,Normale,Autre collision,,,,,,,,,,,1,2,6,1,6
200800045745,0008-08-12 22:30:00,8,8,12,22,30,120,145,GUYENNE (AVENUE DE),,,Nuit avec éclairage allumé,En agglomération,Hors intersection,Normale,Deux véhicules - frontale,,,,,,,,,,,5,2,1,1,1
200800045746,0008-08-11 10:55:00,8,8,11,10,55,120,84,"32, COMTES D'ARMAGNAC (A",,,Plein jour,En agglomération,Hors intersection,Pluie légère,Deux véhicules - frontale,,,,,,,,,,,1,2,1,2,1
200800045747,0008-08-25 14:30:00,8,8,25,14,30,120,145,"19, BONALD (BOULEVARD DE",,,Plein jour,En agglomération,Intersection en T,Normale,Deux véhicules - côté,,,,,,,,,,,1,2,3,1,3
200800045748,0008-08-25 12:15:00,8,8,25,12,15,120,145,"02, MARTEL EDOUARD ALFRE",,,Plein jour,En agglomération,Hors intersection,Normale,Deux véhicules - arrière,,,,,,,,,,,1,2,1,1,2
200800045749,0008-08-04 20:35:00,8,8,4,20,35,120,202,"83, PARIS (AVENUE DE)",,,Crépuscule ou aube,En agglomération,Hors intersection,Normale,Deux véhicules - frontale,,,,,,,,,,,2,2,1,1,1
200800045750,0008-08-28 18:10:00,8,8,28,18,10,120,202,"21, AVEYRON (AVENUE DE L",,,Plein jour,En agglomération,Hors intersection,Normale,Deux véhicules - côté,,,,,,,,,,,1,2,1,1,3
200800045751,0008-08-06 23:23:00,8,8,6,23,23,130,1,GAMBETTA (COURS),,,Nuit avec éclairage allumé,En agglomération,Intersection en T,Normale,Deux véhicules - côté,,,,,,,,,,,5,2,3,1,3
200800045752,0008-08-12 12:42:00,8,8,12,12,42,130,1,"13, BELGES (AV DES)",,,Plein jour,En agglomération,Hors intersection,Normale,Autre collision,,,,,,,,,,,1,2,1,1,6
200800045753,0008-08-19 18:30:00,8,8,19,18,30,130,1,AUBEPINES (CHEMIN DES),,,Plein jour,Hors agglomération,Autre intersection,Normale,Sans collision,,,,,,,,,,,1,1,9,1,7
200800045754,0008-08-24 13:35:00,8,8,24,13,35,130,1,"/, BOSQUE D'ANTONELLE (C",,,Plein jour,En agglomération,Hors intersection,Normale,Deux véhicules - côté,,,,,,,,,,,1,2,1,1,3
200800045755,0008-08-24 04:55:00,8,8,24,4,55,130,1,"615, FERRINI FORTUNE (AV",,,Nuit avec éclairage allumé,En agglomération,Hors intersection,Normale,Autre collision,,,,,,,,,,,5,2,1,1,6
200800045756,0008-08-27 22:55:00,8,8,27,22,55,130,1,PONTIER HENRI (AV),,,Nuit avec éclairage allumé,En agglomération,Intersection en X,Normale,Deux véhicules - côté,,,,,,,,,,,5,2,2,1,3
200800045757,0008-08-29 15:15:00,8,8,29,15,15,130,1,BELLEC MAURICE (RTE DU C,,,Plein jour,Hors agglomération,Hors intersection,Normale,Deux véhicules - côté,,,,,,,,,,,1,1,1,1,3
200800045758,0008-08-29 08:00:00,8,8,29,8,0,130,1,"2225, BELLEC MAURICE (RT",,,Plein jour,Hors agglomération,Autre intersection,Temps éblouissant,Deux véhicules - côté,,,,,,,,,,,1,1,9,7,3
200800045759,0008-08-01 11:15:00,8,8,1,11,15,130,4,STALINGRAD AVENUE DE,,,Plein jour,En agglomération,Hors intersection,Normale,Trois véhicules et plus - en chaîne,,,,,,,,,,,1,2,1,1,4
200800045760,0008-08-04 18:55:00,8,8,4,18,55,130,4,RN 113,,,Plein jour,En agglomération,Autre intersection,Normale,Deux véhicules - frontale,,,,,,,,,,,1,2,9,1,1
200800045761,0008-08-06 10:25:00,8,8,6,10,25,130,4,"0, MIREILLE RUE",,,Plein jour,En agglomération,Intersection en T,Normale,Deux véhicules - côté,,,,,,,,,,,1,2,3,1,3
200800045762,0008-08-12 10:20:00,8,8,12,10,20,130,4,"63, STALINGRAD AVENUE DE",,,Plein jour,En agglomération,Hors intersection,Normale,Sans collision,,,,,,,,,,,1,2,1,1,7
200800045763,0008-08-23 11:05:00,8,8,23,11,5,130,4,RN 113,,,Plein jour,Hors agglomération,Hors intersection,Normale,Trois véhicules et plus - en chaîne,,,,,,,,,,,1,1,1,1,4
200800045764,0008-08-24 12:20:00,8,8,24,12,20,130,4,"0, RN 570",,,Plein jour,Hors agglomération,Hors intersection,Normale,Sans collision,,,,,,,,,,,1,1,1,1,7
200800045765,0008-08-28 10:30:00,8,8,28,10,30,130,4,"9, DOCTEUR JOSEPH IMBERT",,,Plein jour,En agglomération,Hors intersection,Normale,Deux véhicules - frontale,,,,,,,,,,,1,2,1,1,1
200800045766,0008-08-18 12:15:00,8,8,18,12,15,130,4,R.N.113,,,Plein jour,Hors agglomération,Hors intersection,Normale,Deux véhicules - arrière,,,,,,,,,,,1,1,1,1,2
200800045767,0008-08-03 22:55:00,8,8,3,22,55,130,5,BROSSOLETTE (AVENUE PIER,,,Nuit avec éclairage allumé,En agglomération,Intersection en X,Normale,Deux véhicules - côté,,,,,,,,,,,5,2,2,1,3
200800045768,0008-08-12 21:40:00,8,8,12,21,40,130,5,PASSONS (CHEMIN DES ),,,Nuit avec éclairage allumé,En agglomération,Giratoire,Pluie légère,Sans collision,,,,,,,,,,,5,2,6,2,7
200800045769,0008-08-04 11:40:00,8,8,4,11,40,130,28,"10, LAVAUX (BOULEVARD DE",,,Plein jour,En agglomération,Intersection en X,Normale,Deux véhicules - côté,,,,,,,,,,,1,2,2,1,3
200800045770,0008-08-01 16:56:00,8,8,1,16,56,130,28,"59, ABEILLE (AVENUE DE L",,,Plein jour,En agglomération,Hors intersection,Normale,Autre collision,,,,,,,,,,,1,2,1,1,6
200800045771,0008-08-01 18:10:00,8,8,1,18,10,130,47,"., Rond point Jets d'eau",,,Plein jour,En agglomération,Giratoire,Normale,Deux véhicules - côté,,,,,,,,,,,1,2,6,1,3
200800045772,0008-08-07 08:00:00,8,8,7,8,0,130,47,"., Rond point des Bellon",,,Plein jour,En agglomération,Hors intersection,Normale,Deux véhicules - arrière,,,,,,,,,,,1,2,1,1,2
200800045773,0008-08-10 21:25:00,8,8,10,21,25,130,63,"660, D.16",,,Nuit sans éclairage public,Hors agglomération,Hors intersection,Normale,Sans collision,,,,,,,,,,,3,1,1,1,7
200800045774,0008-08-04 10:55:00,8,8,4,10,55,130,54,HUIT MAI 1945  AVE DU,,,Plein jour,En agglomération,Hors intersection,Normale,Trois véhicules et plus - en chaîne,,,,,,,,,,,1,2,1,1,4
200800045775,0008-08-05 07:50:00,8,8,5,7,50,130,54,DUBOS  RUE RENE,,,Plein jour,En agglomération,Hors intersection,Normale,Deux véhicules - côté,,,,,,,,,,,1,2,1,1,3
200800045776,0008-08-05 09:24:00,8,8,5,9,24,130,54,MERMOZ  RUE JEAN,,,Plein jour,En agglomération,Intersection en X,Normale,Autre collision,,,,,,,,,,,1,2,2,1,6
200800045777,0008-08-16 16:25:00,8,8,16,16,25,130,102,CALDERON  BLD J.L.,,,Plein jour,En agglomération,Hors intersection,Normale,Deux véhicules - arrière,,,,,,,,,,,1,2,1,1,2
200800045778,0008-08-22 11:15:00,8,8,22,11,15,130,43,NATIONALE 368,,,Plein jour,En agglomération,Intersection en X,Normale,Deux véhicules - côté,,,,,,,,,,,1,2,2,1,3
200800045779,0008-08-22 13:51:00,8,8,22,13,51,130,54,MIRABEAU  COURS,,,Plein jour,En agglomération,Hors intersection,Normale,Autre collision,,,,,,,,,,,1,2,1,1,6
200800045780,0008-08-28 17:35:00,8,8,28,17,35,130,43,VENTURA  AVENUE LINO,,,Nuit sans éclairage public,Hors agglomération,Intersection en X,Normale,Deux véhicules - côté,,,,,,,,,,,3,1,2,1,3
200800045781,0008-08-01 13:20:00,8,8,1,13,20,130,55,"39, PLOMBIERES (BOULEVAR",,,Plein jour,En agglomération,Intersection en X,Normale,Deux véhicules - frontale,,,,,,,,,,,1,2,2,1,1
200800045782,0008-08-02 04:35:00,8,8,2,4,35,130,55,"12, LÉON LACHAMP (ROUTE)",,,Nuit sans éclairage public,Hors agglomération,Hors intersection,Normale,Sans collision,,,,,,,,,,,3,1,1,1,7
200800045783,0008-08-03 18:50:00,8,8,3,18,50,130,55,"152, MICHELET (BOULEVARD",,,Plein jour,En agglomération,Intersection en T,Normale,Deux véhicules - côté,,,,,,,,,,,1,2,3,1,3
200800045784,0008-08-04 23:11:00,8,8,4,23,11,130,55,"49, JEAN LOMBARD (AVENUE",,,Nuit avec éclairage allumé,En agglomération,Intersection en T,Normale,Deux véhicules - frontale,,,,,,,,,,,5,2,3,1,1
200800045785,0008-08-01 22:25:00,8,8,1,22,25,130,55,"87, JAVIE (RUE DE LA)",,,Nuit avec éclairage non allumé,En agglomération,Hors intersection,Normale,Deux véhicules - frontale,,,,,,,,,,,4,2,1,1,1
200800045786,0008-08-04 19:15:00,8,8,4,19,15,130,55,"34, HAIFA (AVENUE)",,,Plein jour,En agglomération,Hors intersection,Normale,Deux véhicules - arrière,,,,,,,,,,,1,2,1,1,2
200800045787,0008-08-04 22:07:00,8,8,4,22,7,130,55,"309, LYON (RUE DE)",,,Nuit avec éclairage allumé,En agglomération,Autre intersection,Normale,Trois véhicules et plus - collisions multiples,,,,,,,,,,,5,2,9,1,5
200800045788,0008-08-02 14:45:00,8,8,2,14,45,130,55,"32, CAMOINS (AVENUE DES)",,,Plein jour,En agglomération,Hors intersection,Normale,Deux véhicules - côté,,,,,,,,,,,1,2,1,1,3
200800045789,0008-08-05 18:30:00,8,8,5,18,30,130,55,"42, SAINTE BARBE (RUE)",,,Plein jour,En agglomération,Intersection en X,Normale,Autre collision,,,,,,,,,,,1,2,2,1,6
200800045790,0008-08-01 14:15:00,8,8,1,14,15,130,55,"107, LODI (RUE DE)",,,Plein jour,En agglomération,Intersection en X,Normale,Autre collision,,,,,,,,,,,1,2,2,1,6
200800045791,0008-08-06 16:30:00,8,8,6,16,30,130,55,"43, VINCENT DELPUECH (BO",,,Plein jour,En agglomération,Hors intersection,Normale,Deux véhicules - côté,,,,,,,,,,,1,2,1,1,3
200800045792,0008-08-07 18:45:00,8,8,7,18,45,130,55,"33, PLOMBIERES (BOULEVAR",,,Plein jour,En agglomération,Hors intersection,Normale,Autre collision,,,,,,,,,,,1,2,1,1,6
200800045793,0008-08-01 05:00:00,8,8,1,5,0,130,55,"52, JEAN MOULIN (BOULEVA",,,Nuit avec éclairage allumé,En agglomération,Hors intersection,Normale,Autre collision,,,,,,,,,,,5,2,1,1,6
200800045794,0008-08-08 14:30:00,8,8,8,14,30,130,55,"2, MICHELET (BOULEVARD)",,,Plein jour,En agglomération,Hors intersection,Normale,Autre collision,,,,,,,,,,,1,2,1,1,6
200800045795,0008-08-11 02:50:00,8,8,11,2,50,130,55,"123, BRETEUIL (RUE)",,,Nuit avec éclairage allumé,En agglomération,Hors intersection,Normale,Autre collision,,,,,,,,,,,5,2,1,1,6
200800045796,0008-08-04 15:10:00,8,8,4,15,10,130,55,"70, PRADO (ROND-POINT)",,,Plein jour,En agglomération,Hors intersection,Normale,Deux véhicules - arrière,,,,,,,,,,,1,2,1,1,2
200800045797,0008-08-06 17:15:00,8,8,6,17,15,130,55,"111, CAMOINS ((RUE LES)",,,Plein jour,En agglomération,Hors intersection,Normale,Deux véhicules - côté,,,,,,,,,,,1,2,1,1,3
200800045798,0008-08-11 16:50:00,8,8,11,16,50,130,55,ATHENES (BOULEVARD D'),,,Plein jour,En agglomération,Hors intersection,Normale,Sans collision,,,,,,,,,,,1,2,1,1,7
200800045799,0008-08-04 17:15:00,8,8,4,17,15,130,55,"50, BENEDIT (RUE)",,,Plein jour,En agglomération,Intersection en T,Normale,Deux véhicules - arrière,,,,,,,,,,,1,2,3,1,2
200800045800,0008-08-06 19:45:00,8,8,6,19,45,130,55,"73, RIVE NEUVE (QUAI DE)",,,Crépuscule ou aube,En agglomération,Hors intersection,Normale,Autre collision,,,,,,,,,,,2,2,1,1,6
200800045801,0008-08-05 18:15:00,8,8,5,18,15,130,55,"27, VALLON (RUE DU)",,,Plein jour,En agglomération,Hors intersection,Normale,Deux véhicules - frontale,,,,,,,,,,,1,2,1,1,1
200800045802,0008-08-05 12:50:00,8,8,5,12,50,130,55,"220, CHAVE (BOULEVARD)",,,Plein jour,En agglomération,Hors intersection,Normale,Sans collision,,,,,,,,,,,1,2,1,1,7
200800045803,0008-08-06 22:00:00,8,8,6,22,0,130,55,"25, POMPIDOU (PROMENADE)",,,Nuit avec éclairage allumé,En agglomération,Hors intersection,Normale,Deux véhicules - arrière,,,,,,,,,,,5,2,1,1,2
200800045804,0008-08-05 08:25:00,8,8,5,8,25,130,55,"39, LOUIS ASTRUC (RUE)",,,Plein jour,En agglomération,Intersection en X,Normale,Deux véhicules - côté,,,,,,,,,,,1,2,2,1,3
200800045805,0008-08-12 14:50:00,8,8,12,14,50,130,55,"93, VALBARELLE (BOULEVAR",,,Plein jour,En agglomération,Hors intersection,Normale,Deux véhicules - côté,,,,,,,,,,,1,2,1,1,3
200800045806,0008-08-05 12:00:00,8,8,5,12,0,130,55,"344, POILUS (AVENUE DES)",,,Plein jour,En agglomération,Intersection en T,Normale,Deux véhicules - côté,,,,,,,,,,,1,2,3,1,3
200800045807,0008-08-10 19:00:00,8,8,10,19,0,130,55,"45, SAINT MENET (AVENUE",,,Plein jour,Hors agglomération,Hors intersection,Normale,Autre collision,,,,,,,,,,,1,1,1,1,6
200800045808,0008-08-08 21:00:00,8,8,8,21,0,130,55,"14, CESAR BOY (AVENUE)",,,Crépuscule ou aube,En agglomération,Hors intersection,Normale,Deux véhicules - côté,,,,,,,,,,,2,2,1,1,3
200800045809,0008-08-05 15:40:00,8,8,5,15,40,130,55,"82, ENDOUME (RUE D')",,,Plein jour,En agglomération,Hors intersection,Normale,Autre collision,,,,,,,,,,,1,2,1,1,6
200800045810,0008-08-05 11:15:00,8,8,5,11,15,130,55,"45 BIS, RIVE NEUVE (QUAI",,,Plein jour,En agglomération,Hors intersection,Normale,Deux véhicules - arrière,,,,,,,,,,,1,2,1,1,2
200800045811,0008-08-04 08:45:00,8,8,4,8,45,130,55,"94, LIEUTAUD (COURS)",,,Plein jour,En agglomération,Hors intersection,Normale,Sans collision,,,,,,,,,,,1,2,1,1,7
200800045812,0008-08-02 14:00:00,8,8,2,14,0,130,55,"70, CORDERIE (BOULEVARD",,,Plein jour,En agglomération,Hors intersection,Normale,Deux véhicules - côté,,,,,,,,,,,1,2,1,1,3
200800045813,0008-08-05 22:25:00,8,8,5,22,25,130,55,"54, OLIVES (AVENUE DES)",,,Nuit avec éclairage allumé,En agglomération,Giratoire,Normale,Sans collision,,,,,,,,,,,5,2,6,1,7
200800045814,0008-08-11 23:30:00,8,8,11,23,30,130,55,"06, MARÉCHAL JUIN (BOULE",,,Nuit avec éclairage allumé,En agglomération,Hors intersection,Normale,Deux véhicules - côté,,,,,,,,,,,5,2,1,1,3
200800045815,0008-08-04 20:15:00,8,8,4,20,15,130,55,"28, RIVE NEUVE (QUAI)",,,Plein jour,En agglomération,Hors intersection,Normale,Deux véhicules - arrière,,,,,,,,,,,1,2,1,1,2
200800045816,0008-08-06 17:45:00,8,8,6,17,45,130,55,"11, ARMENY (RUE D')",,,Plein jour,En agglomération,Hors intersection,Normale,Autre collision,,,,,,,,,,,1,2,1,1,6
200800045817,0008-08-02 21:40:00,8,8,2,21,40,130,55,"112, CORDERIE (BOULEVARD",,,Nuit avec éclairage allumé,En agglomération,Intersection en T,Normale,Autre collision,,,,,,,,,,,5,2,3,1,6
200800045818,0008-08-04 17:30:00,8,8,4,17,30,130,55,"67, CAPELETTE (AVENUE DE",,,Plein jour,En agglomération,Intersection en T,Normale,Deux véhicules - côté,,,,,,,,,,,1,2,3,1,3
200800045819,0008-08-01 22:50:00,8,8,1,22,50,130,55,"481, MAZARGUES (AVENUE D",,,Nuit avec éclairage allumé,En agglomération,Intersection en X,Normale,Autre collision,,,,,,,,,,,5,2,2,1,6
200800045820,0008-08-02 10:00:00,8,8,2,10,0,130,55,"45, POMPIDOU (PROMENADE)",,,Plein jour,En agglomération,Hors intersection,Normale,Sans collision,,,,,,,,,,,1,2,1,1,7
200800045821,0008-08-01 22:45:00,8,8,1,22,45,130,55,"481, MAZARGUES (AVENUE D",,,Nuit avec éclairage allumé,En agglomération,Hors intersection,Normale,Deux véhicules - côté,,,,,,,,,,,5,2,1,1,3
200800045822,0008-08-09 23:35:00,8,8,9,23,35,130,55,"36, REFUGE (RUE DU)",,,Nuit avec éclairage non allumé,En agglomération,Hors intersection,Normale,Autre collision,,,,,,,,,,,4,2,1,1,6
200800045823,0008-08-08 17:35:00,8,8,8,17,35,130,55,"09, SAINT ANTOINE (CHEMI",,,Plein jour,En agglomération,Hors intersection,Normale,Deux véhicules - frontale,,,,,,,,,,,1,2,1,1,1
200800045824,0008-08-07 12:00:00,8,8,7,12,0,130,55,"75, NATIONAL (BOULEVARD)",,,Plein jour,En agglomération,Hors intersection,Normale,Autre collision,,,,,,,,,,,1,2,1,1,6
200800045825,0008-08-05 18:31:00,8,8,5,18,31,130,55,"72, MARCHE D'IN (AVENUE)",,,Plein jour,En agglomération,Hors intersection,Temps éblouissant,Deux véhicules - arrière,,,,,,,,,,,1,2,1,7,2
200800045826,0008-08-17 23:00:00,8,8,17,23,0,130,55,"03, GIBBES (TRAVERSE)",,,Nuit avec éclairage allumé,En agglomération,Hors intersection,Normale,Deux véhicules - arrière,,,,,,,,,,,5,2,1,1,2
200800045827,0008-08-17 05:30:00,8,8,17,5,30,130,55,"570, MAZARGUES (AVENUE D",,,Nuit avec éclairage allumé,En agglomération,Hors intersection,Normale,Autre collision,,,,,,,,,,,5,2,1,1,6
200800045828,0008-08-17 01:05:00,8,8,17,1,5,130,55,"322, ROMAIN ROLLAND (BOU",,,Nuit avec éclairage allumé,En agglomération,Hors intersection,Normale,Deux véhicules - arrière,,,,,,,,,,,5,2,1,1,2
200800045829,0008-08-10 16:00:00,8,8,10,16,0,130,55,"76, GRAND (RUE)",,,Plein jour,En agglomération,Hors intersection,Normale,Deux véhicules - côté,,,,,,,,,,,1,2,1,1,3
200800045830,0008-08-14 16:00:00,8,8,14,16,0,130,55,"74, ANCIENS COMBATTANTS",,,Plein jour,En agglomération,Hors intersection,Normale,Autre collision,,,,,,,,,,,1,2,1,1,6
200800045831,0008-08-18 06:00:00,8,8,18,6,0,130,55,"83, FÉLIX PYAT (RUE)",,,Crépuscule ou aube,En agglomération,Hors intersection,Normale,Deux véhicules - côté,,,,,,,,,,,2,2,1,1,3
200800045832,0008-08-11 14:25:00,8,8,11,14,25,130,55,"67, CAILLOLS (TRAVERSE D",,,Plein jour,En agglomération,Hors intersection,Normale,Deux véhicules - frontale,,,,,,,,,,,1,2,1,1,1
200800045833,0008-08-03 12:00:00,8,8,3,12,0,130,55,"96, MARÉCHAL DE LATTRE (",,,Plein jour,En agglomération,Hors intersection,Normale,Deux véhicules - côté,,,,,,,,,,,1,2,1,1,3
200800045834,0008-08-14 09:30:00,8,8,14,9,30,130,55,"17, ROMAIN ROLLAND (BOUL",,,Plein jour,En agglomération,Hors intersection,Normale,Deux véhicules - arrière,,,,,,,,,,,1,2,1,1,2
200800045835,0008-08-14 08:50:00,8,8,14,8,50,130,55,"220, L ARMEE D AFRIQUE (",,,Plein jour,En agglomération,Intersection en T,Temps éblouissant,Autre collision,,,,,,,,,,,1,2,3,7,6
200800045836,0008-08-12 09:50:00,8,8,12,9,50,130,55,"75, HONORÉ BOUCHE (RUE)",,,Plein jour,En agglomération,Hors intersection,Normale,Autre collision,,,,,,,,,,,1,2,1,1,6
200800045837,0008-08-11 13:15:00,8,8,11,13,15,130,55,"51, PRADO (AVENUE)",,,Plein jour,En agglomération,Hors intersection,Normale,Deux véhicules - arrière,,,,,,,,,,,1,2,1,1,2
200800045838,0008-08-01 10:05:00,8,8,1,10,5,130,55,"247, PRADO (AVENUE)",,,Plein jour,En agglomération,Hors intersection,Normale,Sans collision,,,,,,,,,,,1,2,1,1,7
200800045839,0008-08-02 22:50:00,8,8,2,22,50,130,55,"63, REDON (BOULEVARD DU)",,,Nuit avec éclairage allumé,En agglomération,Hors intersection,Normale,Sans collision,,,,,,,,,,,5,2,1,1,7
200800045840,0008-08-21 07:55:00,8,8,21,7,55,130,55,"39, VERTUS (RUE DES)",,,Plein jour,En agglomération,Hors intersection,Normale,Autre collision,,,,,,,,,,,1,2,1,1,6
200800045841,0008-08-21 18:30:00,8,8,21,18,30,130,55,"1, CHARLES LIVON (BOULEV",,,Plein jour,En agglomération,Hors intersection,Normale,Deux véhicules - côté,,,,,,,,,,,1,2,1,1,3
200800045842,0008-08-21 17:20:00,8,8,21,17,20,130,55,CARGO RHIN FIDELI (RUE),,,Plein jour,Hors agglomération,Hors intersection,Normale,Sans collision,,,,,,,,,,,1,1,1,1,7
200800045843,0008-08-21 17:30:00,8,8,21,17,30,130,55,"14, MILLIERE (BOULEVARD",,,Plein jour,En agglomération,Hors intersection,Normale,Deux véhicules - arrière,,,,,,,,,,,1,2,1,1,2
200800045844,0008-08-22 21:00:00,8,8,22,21,0,130,55,"39, CANET (TRAVERSE DU)",,,Nuit avec éclairage allumé,En agglomération,Hors intersection,Normale,Autre collision,,,,,,,,,,,5,2,1,1,6
200800045845,0008-08-23 02:20:00,8,8,23,2,20,130,55,"194, PORT (QUAI DU)",,,Nuit avec éclairage allumé,En agglomération,Intersection en T,Normale,Deux véhicules - côté,,,,,,,,,,,5,2,3,1,3
200800045846,0008-08-25 13:45:00,8,8,25,13,45,130,75,"22, FRÉDÉRIC CHEVILLON (",,,Plein jour,En agglomération,Hors intersection,Normale,Deux véhicules - côté,,,,,,,,,,,1,2,1,1,3
200800045847,0008-08-18 19:40:00,8,8,18,19,40,130,55,"20, LANCIER (CHEMIN DU)",,,Plein jour,En agglomération,Hors intersection,Normale,Deux véhicules - côté,,,,,,,,,,,1,2,1,1,3
200800045848,0008-08-19 08:00:00,8,8,19,8,0,130,55,"13, SAINT PIERRE (RUE)",,,Plein jour,En agglomération,Intersection en X,Temps éblouissant,Autre collision,,,,,,,,,,,1,2,2,7,6
200800045849,0008-08-11 15:50:00,8,8,11,15,50,130,55,"76, SAKAKINI (BOULEVARD)",,,Plein jour,En agglomération,Hors intersection,Normale,Deux véhicules - arrière,,,,,,,,,,,1,2,1,1,2
200800045850,0008-08-11 23:10:00,8,8,11,23,10,130,55,"54, PARADIS (RUE)",,,Nuit avec éclairage allumé,En agglomération,Intersection en X,Normale,Deux véhicules - côté,,,,,,,,,,,5,2,2,1,3
200800045851,0008-08-04 15:20:00,8,8,4,15,20,130,55,"553, PRADO (AVENUE)",,,Plein jour,En agglomération,Hors intersection,Normale,Deux véhicules - arrière,,,,,,,,,,,1,2,1,1,2
200800045852,0008-08-18 01:40:00,8,8,18,1,40,130,55,"41, JOSEPH VIDAL (PLACE)",,,Nuit avec éclairage allumé,En agglomération,Hors intersection,Normale,Autre collision,,,,,,,,,,,5,2,1,1,6
200800045853,0008-08-21 12:00:00,8,8,21,12,0,130,75,"52, FRÉDÉRIC CHEVILLON (",,,Plein jour,En agglomération,Giratoire,Normale,Deux véhicules - côté,,,,,,,,,,,1,2,6,1,3
200800045854,0008-08-26 19:43:00,8,8,26,19,43,130,55,"87, CARTONNERIE (BOULEVA",,,Plein jour,En agglomération,Hors intersection,Normale,Deux véhicules - côté,,,,,,,,,,,1,2,1,1,3
200800045855,0008-08-22 21:30:00,8,8,22,21,30,130,55,"30, RUISSATEL (RUE DU)",,,Nuit avec éclairage allumé,En agglomération,Hors intersection,Normale,Sans collision,,,,,,,,,,,5,2,1,1,7
200800045856,0008-08-14 07:15:00,8,8,14,7,15,130,55,"52, JEAN MOULIN (BOULEVA",,,Plein jour,En agglomération,Hors intersection,Normale,Deux véhicules - côté,,,,,,,,,,,1,2,1,1,3
200800045857,0008-08-01 19:00:00,8,8,1,19,0,130,55,"123, CAILLOLS (AVENUE DE",,,Plein jour,En agglomération,Hors intersection,Normale,Autre collision,,,,,,,,,,,1,2,1,1,6
200800045858,0008-08-12 14:30:00,8,8,12,14,30,130,55,"10, CAILLOLS (AVENUE DES",,,Plein jour,En agglomération,Hors intersection,Normale,Autre collision,,,,,,,,,,,1,2,1,1,6
200800045859,0008-08-20 19:30:00,8,8,20,19,30,130,55,"29, MARATHON (RUE DE)",,,Plein jour,En agglomération,Hors intersection,Normale,Autre collision,,,,,,,,,,,1,2,1,1,6
200800045860,0008-08-17 18:00:00,8,8,17,18,0,130,55,"226, SAINT LOUIS (AVENUE",,,Plein jour,En agglomération,Hors intersection,Normale,Deux véhicules - frontale,,,,,,,,,,,1,2,1,1,1
200800045861,0008-08-16 13:05:00,8,8,16,13,5,130,55,"25, GRAND (RUE)",,,Plein jour,En agglomération,Hors intersection,Normale,Deux véhicules - côté,,,,,,,,,,,1,2,1,1,3
200800045862,0008-08-19 14:00:00,8,8,19,14,0,130,55,"14, STRASBOURG (BOULEVAR",,,Plein jour,En agglomération,Intersection en X,Normale,Deux véhicules - côté,,,,,,,,,,,1,2,2,1,3
200800045863,0008-08-23 21:10:00,8,8,23,21,10,130,2,"39, ANGE MARTIN  (BOULEV",,,Nuit avec éclairage allumé,En agglomération,Intersection en X,Normale,Deux véhicules - côté,,,,,,,,,,,5,2,2,1,3
200800045864,0008-08-20 13:50:00,8,8,20,13,50,130,55,"04, AYGALADES (AVENUE DE",,,Plein jour,En agglomération,Hors intersection,Normale,Deux véhicules - arrière,,,,,,,,,,,1,2,1,1,2
200800045865,0008-08-27 17:15:00,8,8,27,17,15,130,55,"132, SAINT ANTOINE (AVEN",,,Plein jour,En agglomération,Hors intersection,Normale,Deux véhicules - frontale,,,,,,,,,,,1,2,1,1,1
200800045866,0008-08-28 19:00:00,8,8,28,19,0,130,55,TOUR SAINTE (TRAVERSE DE,,,Plein jour,En agglomération,Hors intersection,Normale,Deux véhicules - frontale,,,,,,,,,,,1,2,1,1,1