accident_id,datetime,annee,mois,jour,heure,minute,departement,commune_insee,adresse,latitude,longitude,luminosite,agglomeration,intersection,meteo,collision,nb_vehicules,nb_usagers,nb_indemnes,nb_tues,nb_blesses_hosp,nb_blesses_legers,age_cond_1,age_cond_2,veh_type_cond_1,veh_type_cond_2,lum_code,agg_code,int_code,atm_code,col_code
200800046132,0008-08-04 16:30:00,8,8,4,16,30,810,289,,,,Plein jour,Hors agglomération,Hors intersection,Normale,Deux véhicules - frontale,,,,,,,,,,,1,1,1,1,1
200800046133,0008-08-09 16:30:00,8,8,9,16,30,810,235,,43.535,2.201,Plein jour,Hors agglomération,Hors intersection,Normale,Autre collision,,,,,,,,,,,1,1,1,1,6
200800046134,0008-08-09 17:30:00,8,8,9,17,30,810,55,,43.431,2.058,Plein jour,Hors agglomération,Hors intersection,Normale,Autre collision,,,,,,,,,,,1,1,1,1,6
200800046135,0008-08-19 00:15:00,8,8,19,0,15,810,120,,,,Nuit sans éclairage public,Hors agglomération,Hors intersection,Normale,Sans collision,,,,,,,,,,,3,1,1,1,7
200800046136,0008-08-27 17:45:00,8,8,27,17,45,810,16,,,,Plein jour,Hors agglomération,Hors intersection,Normale,Sans collision,,,,,,,,,,,1,1,1,1,7
200800046137,0008-08-16 11:00:00,8,8,16,11,0,820,38,,44.25,1.72,Plein jour,Hors agglomération,Hors intersection,Normale,Autre collision,,,,,,,,,,,1,1,1,1,6
200800046138,0008-08-06 20:30:00,8,8,6,20,30,820,169,,44.072,1.025,Plein jour,En agglomération,Hors intersection,Normale,Autre collision,,,,,,,,,,,1,2,1,1,6
200800046139,0008-08-29 19:30:00,8,8,29,19,30,820,63,,43.959,1.059,Plein jour,Hors agglomération,Hors intersection,Normale,Sans collision,,,,,,,,,,,1,1,1,1,7
200800046140,0008-08-05 12:45:00,8,8,5,12,45,820,124,Place Alibert,44.017,1.285,Plein jour,En agglomération,Hors intersection,Normale,Deux véhicules - côté,,,,,,,,,,,1,2,1,1,3
200800046141,0008-08-30 23:30:00,8,8,30,23,30,820,73,,44.112,0.914,Nuit avec éclairage allumé,Hors agglomération,Hors intersection,Normale,Sans collision,,,,,,,,,,,5,1,1,1,7
200800046142,0008-08-14 10:30:00,8,8,14,10,30,690,72,chemin Gargantua,,,Plein jour,En agglomération,Hors intersection,Normale,Deux véhicules - frontale,,,,,,,,,,,1,2,1,1,1
200800046143,0008-08-31 14:15:00,8,8,31,14,15,690,277,Rue Republique Rue Roybe,,,Plein jour,En agglomération,Intersection en X,Normale,Deux véhicules - côté,,,,,,,,,,,1,2,2,1,3
200800046144,0008-08-09 18:45:00,8,8,9,18,45,690,194,avenue de la Republique,,,Plein jour,En agglomération,Giratoire,Normale,Autre collision,,,,,,,,,,,1,2,6,1,6
200800046145,0008-08-29 08:45:00,8,8,29,8,45,690,116,CD 306,,,Plein jour,En agglomération,Hors intersection,Normale,Deux véhicules - côté,,,,,,,,,,,1,2,1,1,3
200800046146,0008-08-31 18:45:00,8,8,31,18,45,690,125,route de civrieux,,,Plein jour,En agglomération,Hors intersection,Normale,Deux véhicules - frontale,,,,,,,,,,,1,2,1,1,1
200800046147,0008-08-18 15:15:00,8,8,18,15,15,690,286,Route de geneve,,,Plein jour,En agglomération,Hors intersection,Normale,Deux véhicules - côté,,,,,,,,,,,1,2,1,1,3
200800046148,0008-08-01 14:00:00,8,8,1,14,0,690,288,,,,Plein jour,Hors agglomération,Hors intersection,Pluie forte,Autre collision,,,,,,,,,,,1,1,1,3,6
200800046149,0008-08-21 12:45:00,8,8,21,12,45,690,288,,,,Plein jour,Hors agglomération,Hors intersection,Normale,Autre collision,,,,,,,,,,,1,1,1,1,6
200800046150,0008-08-09 10:15:00,8,8,9,10,15,690,112,,,,Plein jour,Hors agglomération,Hors intersection,Normale,Deux véhicules - frontale,,,,,,,,,,,1,1,1,1,1
200800046151,0008-08-27 12:30:00,8,8,27,12,30,690,208,,,,Plein jour,Hors agglomération,Hors intersection,Normale,Autre collision,,,,,,,,,,,1,1,1,1,6
200800046152,0008-08-11 03:30:00,8,8,11,3,30,690,99,,,,Nuit sans éclairage public,Hors agglomération,Hors intersection,Normale,Autre collision,,,,,,,,,,,3,1,1,1,6
200800046153,0008-08-02 09:15:00,8,8,2,9,15,690,227,,,,Plein jour,Hors agglomération,Hors intersection,Normale,Deux véhicules - frontale,,,,,,,,,,,1,1,1,1,1
200800046154,0008-08-03 10:45:00,8,8,3,10,45,690,249,,,,Plein jour,Hors agglomération,Hors intersection,Normale,Deux véhicules - frontale,,,,,,,,,,,1,1,1,1,1
200800046155,0008-08-26 18:45:00,8,8,26,18,45,690,276,rue Jacques Monod,,,Plein jour,En agglomération,Hors intersection,Normale,Deux véhicules - frontale,,,,,,,,,,,1,2,1,1,1
200800046156,0008-08-06 11:15:00,8,8,6,11,15,690,114,,,,Plein jour,Hors agglomération,Hors intersection,Normale,Autre collision,,,,,,,,,,,1,1,1,1,6
200800046157,0008-08-01 19:30:00,8,8,1,19,30,690,18,rue du General LECLERC,,,Plein jour,En agglomération,Hors intersection,Temps couvert,Deux véhicules - côté,,,,,,,,,,,1,2,1,8,3
200800046158,0008-08-31 06:15:00,8,8,31,6,15,690,206,,46.034,4.72,Crépuscule ou aube,Hors agglomération,Hors intersection,Normale,Sans collision,,,,,,,,,,,2,1,1,1,7
200800046159,0008-08-09 11:00:00,8,8,9,11,0,690,111,,,,Plein jour,Hors agglomération,Hors intersection,Normale,Sans collision,,,,,,,,,,,1,1,1,1,7
200800046160,0008-08-08 17:45:00,8,8,8,17,45,690,246,,,,Plein jour,Hors agglomération,Hors intersection,Normale,Autre collision,,,,,,,,,,,1,1,1,1,6
200800046161,0008-08-09 20:30:00,8,8,9,20,30,690,225,,,,Crépuscule ou aube,Hors agglomération,Hors intersection,Normale,Sans collision,,,,,,,,,,,2,1,1,1,7
200800046162,0008-08-06 20:30:00,8,8,6,20,30,690,183,,46.097,4.441,Plein jour,Hors agglomération,Intersection en X,Temps éblouissant,Deux véhicules - côté,,,,,,,,,,,1,1,2,7,3
200800046163,0008-08-19 19:45:00,8,8,19,19,45,690,6,,,,Plein jour,En agglomération,Hors intersection,Normale,Autre collision,,,,,,,,,,,1,2,1,1,6
200800046164,0008-08-28 14:00:00,8,8,28,14,0,10,301,,,,Plein jour,Hors agglomération,Hors intersection,Normale,Deux véhicules - arrière,,,,,,,,,,,1,1,1,1,2
200800046165,0008-08-17 12:15:00,8,8,17,12,15,10,72,Rte de REVONNAS,46.177,5.327,Plein jour,En agglomération,Hors intersection,Normale,Autre collision,,,,,,,,,,,1,2,1,1,6
200800046166,0008-08-27 11:00:00,8,8,27,11,0,10,102,le bourg,,,Plein jour,En agglomération,Hors intersection,Normale,Deux véhicules - côté,,,,,,,,,,,1,2,1,1,3
200800046167,0008-08-31 20:15:00,8,8,31,20,15,10,334,,,,Nuit sans éclairage public,Hors agglomération,Hors intersection,Normale,Autre collision,,,,,,,,,,,3,1,1,1,6
200800046168,0008-08-30 04:45:00,8,8,30,4,45,10,338,,,,Nuit sans éclairage public,Hors agglomération,Hors intersection,Temps couvert,Sans collision,,,,,,,,,,,3,1,1,8,7
200800046169,0008-08-08 17:15:00,8,8,8,17,15,10,9,CONDON,,,Plein jour,En agglomération,Hors intersection,Normale,Deux véhicules - côté,,,,,,,,,,,1,2,1,1,3
200800046170,0008-08-20 18:30:00,8,8,20,18,30,10,414,CD31,45.96,5.659,Plein jour,En agglomération,Hors intersection,Normale,Trois véhicules et plus - collisions multiples,,,,,,,,,,,1,2,1,1,5
200800046171,0008-08-10 07:00:00,8,8,10,7,0,10,119,,,,Crépuscule ou aube,Hors agglomération,Hors intersection,Normale,Sans collision,,,,,,,,,,,2,1,1,1,7
200800046172,0008-08-10 14:00:00,8,8,10,14,0,10,121,,,,Plein jour,Hors agglomération,Hors intersection,Normale,Deux véhicules - côté,,,,,,,,,,,1,1,1,1,3
200800046173,0008-08-13 16:00:00,8,8,13,16,0,10,76,,,,Plein jour,Hors agglomération,Hors intersection,Normale,Sans collision,,,,,,,,,,,1,1,1,1,7
200800046174,0008-08-17 05:00:00,8,8,17,5,0,10,345,,45.954,5.321,Nuit sans éclairage public,Hors agglomération,Hors intersection,Normale,Autre collision,,,,,,,,,,,3,1,1,1,6
200800046175,0008-08-07 08:30:00,8,8,7,8,30,10,421,,45.94,5.415,Plein jour,Hors agglomération,Hors intersection,Normale,Sans collision,,,,,,,,,,,1,1,1,1,7
200800046176,0008-08-11 10:00:00,8,8,11,10,0,10,269,,,,Plein jour,En agglomération,Hors intersection,Normale,Deux véhicules - frontale,,,,,,,,,,,1,2,1,1,1
200800046177,0008-08-18 15:30:00,8,8,18,15,30,10,214,,,,Plein jour,Hors agglomération,Hors intersection,Temps éblouissant,Deux véhicules - frontale,,,,,,,,,,,1,1,1,7,1
200800046178,0008-08-26 19:45:00,8,8,26,19,45,10,192,RUE DE LA MODE,,,Plein jour,En agglomération,Hors intersection,Normale,Autre collision,,,,,,,,,,,1,2,1,1,6
200800046179,0008-08-06 13:45:00,8,8,6,13,45,10,399,D1005 / Rte Vieux Bourg,,,Plein jour,En agglomération,Hors intersection,Normale,Deux véhicules - côté,,,,,,,,,,,1,2,1,1,3
200800046180,0008-08-12 12:45:00,8,8,12,12,45,10,160,chemin des muriers,46.263,6.111,Plein jour,En agglomération,Hors intersection,Pluie légère,Autre collision,,,,,,,,,,,1,2,1,2,6
200800046181,0008-08-13 08:45:00,8,8,13,8,45,10,436,,,,Plein jour,Hors agglomération,Hors intersection,Normale,Deux véhicules - frontale,,,,,,,,,,,1,1,1,1,1
200800046182,0008-08-10 19:15:00,8,8,10,19,15,10,143,AVENUE MARCEL ANTHONIOZ,46.363,6.144,Plein jour,En agglomération,Giratoire,Normale,Sans collision,,,,,,,,,,,1,2,6,1,7
200800046183,0008-08-20 19:30:00,8,8,20,19,30,10,143,RUE JEAN DE GINGINS,,,Plein jour,En agglomération,Hors intersection,Normale,Deux véhicules - côté,,,,,,,,,,,1,2,1,1,3
200800046184,0008-08-23 15:45:00,8,8,23,15,45,10,143,Avenue de geneve,46.36,6.139,Plein jour,En agglomération,Autre intersection,Normale,Autre collision,,,,,,,,,,,1,2,9,1,6
200800046185,0008-08-25 17:30:00,8,8,25,17,30,10,281,,,,Plein jour,Hors agglomération,Hors intersection,Normale,Deux véhicules - frontale,,,,,,,,,,,1,1,1,1,1
200800046186,0008-08-04 07:45:00,8,8,4,7,45,10,235,,,,Plein jour,Hors agglomération,Autre intersection,Temps éblouissant,Deux véhicules - frontale,,,,,,,,,,,1,1,9,7,1
200800046187,0008-08-05 14:30:00,8,8,5,14,30,10,299,,46.027,5.059,Plein jour,Hors agglomération,Hors intersection,Normale,Deux véhicules - côté,,,,,,,,,,,1,1,1,1,3
200800046188,0008-08-25 21:45:00,8,8,25,21,45,10,381,le village,46.059,5.149,Crépuscule ou aube,En agglomération,Hors intersection,Normale,Autre collision,,,,,,,,,,,2,2,1,1,6
200800046189,0008-08-28 17:30:00,8,8,28,17,30,10,272,,,,Plein jour,En agglomération,Hors intersection,Normale,Deux véhicules - côté,,,,,,,,,,,1,2,1,1,3
200800046190,0008-08-08 17:30:00,8,8,8,17,30,10,325,,,,Plein jour,Hors agglomération,Intersection en X,Normale,Deux véhicules - côté,,,,,,,,,,,1,1,2,1,3
200800046191,0008-08-31 14:30:00,8,8,31,14,30,10,450,PONT DE CHAZEY,,,Plein jour,En agglomération,Hors intersection,Normale,Sans collision,,,,,,,,,,,1,2,1,1,7
200800046192,0008-08-14 19:00:00,8,8,14,19,0,10,249,1688 Grande Rue,,,Plein jour,En agglomération,Hors intersection,Normale,Sans collision,,,,,,,,,,,1,2,1,1,7
200800046193,0008-08-29 17:00:00,8,8,29,17,0,10,248,rue d ela gare,45.9,4.926,Plein jour,En agglomération,Hors intersection,Normale,Sans collision,,,,,,,,,,,1,2,1,1,7
200800046194,0008-08-01 19:15:00,8,8,1,19,15,10,183,,,,Plein jour,Hors agglomération,Hors intersection,Normale,Sans collision,,,,,,,,,,,1,1,1,1,7
200800046195,0008-08-27 13:45:00,8,8,27,13,45,260,282,,44.776,5.402,Plein jour,Hors agglomération,Hors intersection,Normale,Sans collision,,,,,,,,,,,1,1,1,1,7
200800046196,0008-08-09 17:00:00,8,8,9,17,0,260,167,,44.604,5.459,Plein jour,Hors agglomération,Hors intersection,Normale,Deux véhicules - frontale,,,,,,,,,,,1,1,1,1,1
200800046197,0008-08-24 15:45:00,8,8,24,15,45,260,228,,44.646,5.328,Plein jour,Hors agglomération,Hors intersection,Normale,Sans collision,,,,,,,,,,,1,1,1,1,7
200800046198,0008-08-27 19:00:00,8,8,27,19,0,260,168,,44.692,5.688,Plein jour,Hors agglomération,Hors intersection,Normale,Autre collision,,,,,,,,,,,1,1,1,1,6
200800046199,0008-08-20 17:15:00,8,8,20,17,15,260,235,,,,Plein jour,Hors agglomération,Hors intersection,Normale,Deux véhicules - frontale,,,,,,,,,,,1,1,1,1,1
200800046200,0008-08-27 22:00:00,8,8,27,22,0,260,54,,44.288,4.886,Nuit sans éclairage public,Hors agglomération,Hors intersection,Normale,Deux véhicules - frontale,,,,,,,,,,,3,1,1,1,1
200800046201,0008-08-13 11:45:00,8,8,13,11,45,260,263,,44.177,5.408,Plein jour,Hors agglomération,Hors intersection,Normale,Sans collision,,,,,,,,,,,1,1,1,1,7
200800046202,0008-08-28 23:30:00,8,8,28,23,30,260,226,,44.429,5.05,Nuit sans éclairage public,Hors agglomération,Hors intersection,Normale,Autre collision,,,,,,,,,,,3,1,1,1,6
200800046203,0008-08-02 01:45:00,8,8,2,1,45,260,112,,44.397,5.212,Nuit sans éclairage public,Hors agglomération,Hors intersection,Normale,Sans collision,,,,,,,,,,,3,1,1,1,7
200800046204,0008-08-13 11:15:00,8,8,13,11,15,260,238,GRAND RUE,44.386,5.192,Plein jour,En agglomération,Hors intersection,Normale,Autre collision,,,,,,,,,,,1,2,1,1,6
200800046205,0008-08-03 12:30:00,8,8,3,12,30,260,84,,45.028,4.962,Plein jour,Hors agglomération,Hors intersection,Normale,Deux véhicules - frontale,,,,,,,,,,,1,1,1,1,1
200800046206,0008-08-14 23:30:00,8,8,14,23,30,260,330,,,,Nuit sans éclairage public,Hors agglomération,Intersection en X,Pluie légère,Deux véhicules - côté,,,,,,,,,,,3,1,2,2,3
200800046207,0008-08-23 17:15:00,8,8,23,17,15,260,162,CD137,,,Plein jour,En agglomération,Hors intersection,Normale,Deux véhicules - côté,,,,,,,,,,,1,2,1,1,3
200800046208,0008-08-31 09:00:00,8,8,31,9,0,260,325,route d' Anneyron,,,Plein jour,En agglomération,Hors intersection,Normale,Deux véhicules - côté,,,,,,,,,,,1,2,1,1,3
200800046209,0008-08-30 01:00:00,8,8,30,1,0,260,119,,45.129,4.819,Nuit sans éclairage public,Hors agglomération,Hors intersection,Normale,Deux véhicules - frontale,,,,,,,,,,,3,1,1,1,1
200800046210,0008-08-23 11:15:00,8,8,23,11,15,380,422,,45.137,5.879,Plein jour,Hors agglomération,Hors intersection,Brouillard / fumée,Deux véhicules - frontale,,,,,,,,,,,1,1,1,5,1
200800046211,0008-08-24 00:30:00,8,8,24,0,30,380,6,boulevard jules ferry,,,Nuit avec éclairage allumé,En agglomération,Hors intersection,Normale,Deux véhicules - côté,,,,,,,,,,,5,2,1,1,3
200800046212,0008-08-20 18:15:00,8,8,20,18,15,380,153,,,,Plein jour,Hors agglomération,Hors intersection,Normale,Deux véhicules - côté,,,,,,,,,,,1,1,1,1,3
200800046213,0008-08-09 12:15:00,8,8,9,12,15,380,503,,,,Plein jour,Hors agglomération,Hors intersection,Normale,Trois véhicules et plus - en chaîne,,,,,,,,,,,1,1,1,1,4
200800046214,0008-08-17 11:30:00,8,8,17,11,30,380,21,place du village,,,Plein jour,En agglomération,Hors intersection,Normale,Autre collision,,,,,,,,,,,1,2,1,1,6
200800046215,0008-08-26 22:45:00,8,8,26,22,45,380,565,,,,Nuit avec éclairage non allumé,Hors agglomération,Giratoire,Normale,Autre collision,,,,,,,,,,,4,1,6,1,6
200800046216,0008-08-26 06:00:00,8,8,26,6,0,380,68,,,,Nuit sans éclairage public,Hors agglomération,Hors intersection,Normale,Autre collision,,,,,,,,,,,3,1,1,1,6
200800046217,0008-08-27 07:45:00,8,8,27,7,45,380,388,,45.032,5.706,Plein jour,En agglomération,Hors intersection,Normale,Deux véhicules - côté,,,,,,,,,,,1,2,1,1,3
200800046218,0008-08-10 09:30:00,8,8,10,9,30,380,416,,,,Plein jour,Hors agglomération,Hors intersection,Normale,Deux véhicules - côté,,,,,,,,,,,1,1,1,1,3
200800046219,0008-08-12 08:30:00,8,8,12,8,30,380,383,,45.376,5.643,Plein jour,Hors agglomération,Hors intersection,Pluie légère,Deux véhicules - côté,,,,,,,,,,,1,1,1,2,3
200800046220,0008-08-30 15:00:00,8,8,30,15,0,380,337,Rue de la Republique,,,Plein jour,En agglomération,Hors intersection,Normale,Autre collision,,,,,,,,,,,1,2,1,1,6
200800046221,0008-08-06 14:15:00,8,8,6,14,15,380,347,,,,Plein jour,Hors agglomération,Hors intersection,Normale,Autre collision,,,,,,,,,,,1,1,1,1,6
200800046222,0008-08-20 15:45:00,8,8,20,15,45,380,347,,45.238,5.308,Plein jour,Hors agglomération,Hors intersection,Normale,Sans collision,,,,,,,,,,,1,1,1,1,7
200800046223,0008-08-28 11:45:00,8,8,28,11,45,380,457,,,,Plein jour,Hors agglomération,Hors intersection,Normale,Deux véhicules - côté,,,,,,,,,,,1,1,1,1,3
200800046224,0008-08-17 18:15:00,8,8,17,18,15,380,117,RD 1532,45.173,5.411,Plein jour,En agglomération,Hors intersection,Normale,Deux véhicules - côté,,,,,,,,,,,1,2,1,1,3
200800046225,0008-08-10 06:15:00,8,8,10,6,15,380,276,,45.579,5.305,Crépuscule ou aube,Hors agglomération,Hors intersection,Normale,Autre collision,,,,,,,,,,,2,1,1,1,6
200800046226,0008-08-02 12:45:00,8,8,2,12,45,380,138,faubourg des moulins,45.729,5.255,Plein jour,En agglomération,Hors intersection,Normale,Deux véhicules - frontale,,,,,,,,,,,1,2,1,1,1
200800046227,0008-08-22 15:45:00,8,8,22,15,45,380,190,,45.818,5.301,Plein jour,Hors agglomération,Hors intersection,Normale,Deux véhicules - arrière,,,,,,,,,,,1,1,1,1,2
200800046228,0008-08-26 19:00:00,8,8,26,19,0,380,257,,45.491,5.401,Plein jour,Hors agglomération,Hors intersection,Normale,Sans collision,,,,,,,,,,,1,1,1,1,7
200800046229,0008-08-23 09:45:00,8,8,23,9,45,380,320,,,,Plein jour,Hors agglomération,Hors intersection,Normale,Deux véhicules - côté,,,,,,,,,,,1,1,1,1,3
200800046230,0008-08-04 09:45:00,8,8,4,9,45,380,50,,45.675,5.512,Crépuscule ou aube,Hors agglomération,Hors intersection,Normale,Sans collision,,,,,,,,,,,2,1,1,1,7
200800046231,0008-08-21 01:00:00,8,8,21,1,0,380,377,,45.581,5.514,Nuit sans éclairage public,Hors agglomération,Hors intersection,Normale,Deux véhicules - frontale,,,,,,,,,,,3,1,1,1,1
200800046232,0008-08-08 09:15:00,8,8,8,9,15,380,315,CD 82H,,,Plein jour,En agglomération,Hors intersection,Normale,Deux véhicules - frontale,,,,,,,,,,,1,2,1,1,1
200800046233,0008-08-16 12:45:00,8,8,16,12,45,380,381,,,,Plein jour,Hors agglomération,Hors intersection,Normale,Deux véhicules - côté,,,,,,,,,,,1,1,1,1,3
200800046234,0008-08-02 14:45:00,8,8,2,14,45,380,157,,45.515,4.968,Plein jour,Hors agglomération,Hors intersection,Normale,Deux véhicules - côté,,,,,,,,,,,1,1,1,1,3
200800046235,0008-08-29 19:45:00,8,8,29,19,45,380,336,,,,Plein jour,Hors agglomération,Hors intersection,Normale,Sans collision,,,,,,,,,,,1,1,1,1,7
200800046236,0008-08-21 08:45:00,8,8,21,8,45,380,406,,45.442,5.093,Plein jour,Hors agglomération,Hors intersection,Normale,Deux véhicules - frontale,,,,,,,,,,,1,1,1,1,1
200800046237,0008-08-25 14:30:00,8,8,25,14,30,380,480,,,,Plein jour,Hors agglomération,Hors intersection,Normale,Deux véhicules - frontale,,,,,,,,,,,1,1,1,1,1
200800046238,0008-08-25 16:45:00,8,8,25,16,45,380,399,,45.503,5.157,Plein jour,Hors agglomération,Hors intersection,Normale,Deux véhicules - arrière,,,,,,,,,,,1,1,1,1,2
200800046239,0008-08-09 14:00:00,8,8,9,14,0,380,97,rue de la Plaine,,,Plein jour,En agglomération,Hors intersection,Normale,Deux véhicules - frontale,,,,,,,,,,,1,2,1,1,1
200800046240,0008-08-20 19:30:00,8,8,20,19,30,380,344,,45.365,4.833,Plein jour,Hors agglomération,Hors intersection,Normale,Deux véhicules - côté,,,,,,,,,,,1,1,1,1,3
200800046241,0008-08-24 19:45:00,8,8,24,19,45,380,344,Montee des Chals,45.376,4.813,Plein jour,En agglomération,Hors intersection,Normale,Sans collision,,,,,,,,,,,1,2,1,1,7
200800046242,0008-08-30 19:00:00,8,8,30,19,0,380,72,Rue de l'avenir,45.322,4.82,Plein jour,En agglomération,Hors intersection,Normale,Autre collision,,,,,,,,,,,1,2,1,1,6
200800046243,0008-08-15 19:00:00,8,8,15,19,0,380,537,RUE DE NARVIK,,,Plein jour,En agglomération,Hors intersection,Normale,Autre collision,,,,,,,,,,,1,2,1,1,6
200800046244,0008-08-21 01:00:00,8,8,21,1,0,380,537,,45.65,5.142,Nuit sans éclairage public,Hors agglomération,Hors intersection,Normale,Sans collision,,,,,,,,,,,3,1,1,1,7
200800046245,0008-08-22 22:30:00,8,8,22,22,30,420,172,,45.373,4.451,Nuit sans éclairage public,Hors agglomération,Hors intersection,Temps couvert,Autre collision,,,,,,,,,,,3,1,1,8,6
200800046246,0008-08-10 02:45:00,8,8,10,2,45,420,92,,45.496,4.375,Nuit sans éclairage public,Hors agglomération,Hors intersection,Normale,Autre collision,,,,,,,,,,,3,1,1,1,6
200800046247,0008-08-09 14:30:00,8,8,9,14,30,10,30,allee de la saladine,46.005,4.759,Plein jour,En agglomération,Hors intersection,Normale,Autre collision,,,,,,,,,,,1,2,1,1,6
200800046248,0008-08-12 15:00:00,8,8,12,15,0,10,420,,46.171,4.793,Plein jour,En agglomération,Hors intersection,Pluie forte,Deux véhicules - frontale,,,,,,,,,,,1,2,1,3,1
200800046249,0008-08-22 11:45:00,8,8,22,11,45,10,446,,46.055,4.833,Plein jour,Hors agglomération,Hors intersection,Pluie forte,Autre collision,,,,,,,,,,,1,1,1,3,6
200800046250,0008-08-24 18:15:00,8,8,24,18,15,10,319,,,,Plein jour,Hors agglomération,Hors intersection,Normale,Deux véhicules - côté,,,,,,,,,,,1,1,1,1,3
200800046251,0008-08-31 09:15:00,8,8,31,9,15,10,243,Le bourg,46.056,4.768,Plein jour,En agglomération,Hors intersection,Normale,Deux véhicules - côté,,,,,,,,,,,1,2,1,1,3
200800046252,0008-08-03 17:00:00,8,8,3,17,0,70,230,,,,Plein jour,Hors agglomération,Hors intersection,Normale,Deux véhicules - côté,,,,,,,,,,,1,1,1,1,3
200800046253,0008-08-05 20:00:00,8,8,5,20,0,70,230,,,,Plein jour,Hors agglomération,Hors intersection,Normale,Autre collision,,,,,,,,,,,1,1,1,1,6
200800046254,0008-08-29 19:00:00,8,8,29,19,0,70,42,,,,Plein jour,Hors agglomération,Hors intersection,Normale,Autre collision,,,,,,,,,,,1,1,1,1,6
200800046255,0008-08-30 08:45:00,8,8,30,8,45,70,167,LES VALLATS,,,Plein jour,En agglomération,Hors intersection,Temps éblouissant,Autre collision,,,,,,,,,,,1,2,1,7,6
200800046256,0008-08-12 19:00:00,8,8,12,19,0,70,20,,,,Plein jour,Hors agglomération,Hors intersection,Pluie légère,Deux véhicules - frontale,,,,,,,,,,,1,1,1,2,1
200800046257,0008-08-04 14:00:00,8,8,4,14,0,70,272,,,,Plein jour,Hors agglomération,Hors intersection,Normale,Deux véhicules - frontale,,,,,,,,,,,1,1,1,1,1
200800046258,0008-08-05 04:15:00,8,8,5,4,15,70,348,,,,Nuit avec éclairage allumé,Hors agglomération,Hors intersection,Normale,Autre collision,,,,,,,,,,,5,1,1,1,6
200800046259,0008-08-11 23:45:00,8,8,11,23,45,70,327,,,,Nuit avec éclairage allumé,En agglomération,Hors intersection,Pluie forte,Autre collision,,,,,,,,,,,5,2,1,3,6
200800046260,0008-08-30 10:30:00,8,8,30,10,30,70,134,,44.504,4.277,Plein jour,Hors agglomération,Hors intersection,Normale,Deux véhicules - frontale,,,,,,,,,,,1,1,1,1,1
200800046261,0008-08-04 03:00:00,8,8,4,3,0,70,183,,,,Nuit sans éclairage public,Hors agglomération,Hors intersection,Normale,Sans collision,,,,,,,,,,,3,1,1,1,7
200800046262,0008-08-10 12:00:00,8,8,10,12,0,70,101,,,,Plein jour,Hors agglomération,Hors intersection,Normale,Deux véhicules - côté,,,,,,,,,,,1,1,1,1,3
200800046263,0008-08-22 21:30:00,8,8,22,21,30,70,291,,,,Nuit sans éclairage public,Hors agglomération,Hors intersection,Normale,Autre collision,,,,,,,,,,,3,1,1,1,6
200800046264,0008-08-27 12:45:00,8,8,27,12,45,70,291,,,,Plein jour,Hors agglomération,Hors intersection,Normale,Sans collision,,,,,,,,,,,1,1,1,1,7
200800046265,0008-08-03 13:45:00,8,8,3,13,45,70,17,,44.42,4.174,Plein jour,Hors agglomération,Hors intersection,Normale,Deux véhicules - côté,,,,,,,,,,,1,1,1,1,3
200800046266,0008-08-05 11:15:00,8,8,5,11,15,70,50,,,,Plein jour,Hors agglomération,Hors intersection,Normale,Sans collision,,,,,,,,,,,1,1,1,1,7
200800046267,0008-08-07 20:30:00,8,8,7,20,30,70,24,,44.36,4.18,Plein jour,Hors agglomération,Hors intersection,Pluie légère,Deux véhicules - côté,,,,,,,,,,,1,1,1,2,3
200800046268,0008-08-17 04:00:00,8,8,17,4,0,70,147,,44.456,4.018,Nuit sans éclairage public,Hors agglomération,Hors intersection,Normale,Sans collision,,,,,,,,,,,3,1,1,1,7
200800046269,0008-08-08 05:45:00,8,8,8,5,45,70,227,,,,Crépuscule ou aube,Hors agglomération,Hors intersection,Normale,Autre collision,,,,,,,,,,,2,1,1,1,6
200800046270,0008-08-07 02:00:00,8,8,7,2,0,70,64,,44.913,4.429,Nuit avec éclairage allumé,Hors agglomération,Hors intersection,Normale,Autre collision,,,,,,,,,,,5,1,1,1,6
200800046271,0008-08-10 11:30:00,8,8,10,11,30,70,103,ladreyt,,,Plein jour,En agglomération,Hors intersection,Normale,Autre collision,,,,,,,,,,,1,2,1,1,6
200800046272,0008-08-30 16:00:00,8,8,30,16,0,70,37,,44.899,4.198,Plein jour,Hors agglomération,Hors intersection,Normale,Sans collision,,,,,,,,,,,1,1,1,1,7
200800046273,0008-08-12 11:45:00,8,8,12,11,45,260,64,,,,Plein jour,Hors agglomération,Intersection en X,Normale,Deux véhicules - côté,,,,,,,,,,,1,1,2,1,3
200800046274,0008-08-08 14:45:00,8,8,8,14,45,260,113,avenue sadi carnot,44.76,5.369,Plein jour,En agglomération,Hors intersection,Normale,Deux véhicules - frontale,,,,,,,,,,,1,2,1,1,1
200800046275,0008-08-17 13:45:00,8,8,17,13,45,740,256,rue de savoie,,,Plein jour,En agglomération,Hors intersection,Normale,Deux véhicules - frontale,,,,,,,,,,,1,2,1,1,1