accident_id,datetime,annee,mois,jour,heure,minute,departement,commune_insee,adresse,latitude,longitude,luminosite,agglomeration,intersection,meteo,collision,nb_vehicules,nb_usagers,nb_indemnes,nb_tues,nb_blesses_hosp,nb_blesses_legers,age_cond_1,age_cond_2,veh_type_cond_1,veh_type_cond_2,lum_code,agg_code,int_code,atm_code,col_code
200800046276,0008-08-21 00:15:00,8,8,21,0,15,740,256,avenue de geneve,,,Nuit avec éclairage allumé,En agglomération,Hors intersection,Normale,Deux véhicules - frontale,,,,,,,,,,,5,2,1,1,1
200800046277,0008-08-24 00:45:00,8,8,24,0,45,740,208,route de Saint-Gervais,45.909,6.708,Nuit avec éclairage allumé,En agglomération,Hors intersection,Normale,Deux véhicules - frontale,,,,,,,,,,,5,2,1,1,1
200800046278,0008-08-03 12:30:00,8,8,3,12,30,740,128,,,,Plein jour,Hors agglomération,Hors intersection,Normale,Trois véhicules et plus - collisions multiples,,,,,,,,,,,1,1,1,1,5
200800046279,0008-08-21 22:00:00,8,8,21,22,0,740,211,route de loisinge,,,Nuit avec éclairage allumé,En agglomération,Hors intersection,Normale,Deux véhicules - arrière,,,,,,,,,,,5,2,1,1,2
200800046280,0008-08-20 19:15:00,8,8,20,19,15,740,220,ECULAZ,46.136,6.298,Plein jour,En agglomération,Intersection à plus de 4 branches,Normale,Deux véhicules - côté,,,,,,,,,,,1,2,5,1,3
200800046281,0008-08-22 08:00:00,8,8,22,8,0,740,94,,46.186,6.283,Plein jour,Hors agglomération,Hors intersection,Normale,Deux véhicules - frontale,,,,,,,,,,,1,1,1,1,1
200800046282,0008-08-26 14:00:00,8,8,26,14,0,740,15,,46.095,6.221,Plein jour,Hors agglomération,Hors intersection,Normale,Deux véhicules - côté,,,,,,,,,,,1,1,1,1,3
200800046283,0008-08-08 05:30:00,8,8,8,5,30,420,90,les vercheres,45.758,4.344,Nuit avec éclairage allumé,En agglomération,Hors intersection,Normale,Autre collision,,,,,,,,,,,5,2,1,1,6
200800046284,0008-08-06 20:00:00,8,8,6,20,0,420,318,,45.41,3.955,Plein jour,Hors agglomération,Hors intersection,Normale,Deux véhicules - côté,,,,,,,,,,,1,1,1,1,3
200800046285,0008-08-26 20:15:00,8,8,26,20,15,420,262,,45.414,4.208,Plein jour,Hors agglomération,Hors intersection,Normale,Trois véhicules et plus - collisions multiples,,,,,,,,,,,1,1,1,1,5
200800046286,0008-08-01 09:00:00,8,8,1,9,0,420,149,RP  ARC DE TRIOMPHE,45.649,4.237,Plein jour,En agglomération,Giratoire,Temps couvert,Trois véhicules et plus - collisions multiples,,,,,,,,,,,1,2,6,8,5
200800046287,0008-08-10 09:30:00,8,8,10,9,30,420,135,,45.678,4.23,Plein jour,Hors agglomération,Hors intersection,Normale,Autre collision,,,,,,,,,,,1,1,1,1,6
200800046288,0008-08-29 21:00:00,8,8,29,21,0,740,94,,,,Nuit sans éclairage public,Hors agglomération,Hors intersection,Normale,Trois véhicules et plus - collisions multiples,,,,,,,,,,,3,1,1,1,5
200800046289,0008-08-30 02:15:00,8,8,30,2,15,740,220,,,,Nuit sans éclairage public,Hors agglomération,Hors intersection,Normale,Sans collision,,,,,,,,,,,3,1,1,1,7
200800046290,0008-08-02 20:00:00,8,8,2,20,0,740,309,route de pommery,,,Plein jour,En agglomération,Hors intersection,Normale,Deux véhicules - côté,,,,,,,,,,,1,2,1,1,3
200800046291,0008-08-05 15:30:00,8,8,5,15,30,740,96,,,,Plein jour,Hors agglomération,Hors intersection,Normale,Deux véhicules - côté,,,,,,,,,,,1,1,1,1,3
200800046292,0008-08-07 20:15:00,8,8,7,20,15,740,309,,,,Plein jour,Hors agglomération,Hors intersection,Pluie légère,Sans collision,,,,,,,,,,,1,1,1,2,7
200800046293,0008-08-13 20:15:00,8,8,13,20,15,740,309,Route de la Gare,,,Plein jour,En agglomération,Hors intersection,Normale,Sans collision,,,,,,,,,,,1,2,1,1,7
200800046294,0008-08-21 14:45:00,8,8,21,14,45,740,309,,,,Nuit sans éclairage public,Hors agglomération,Hors intersection,Normale,Deux véhicules - frontale,,,,,,,,,,,3,1,1,1,1
200800046295,0008-08-17 15:45:00,8,8,17,15,45,740,68,,,,Plein jour,Hors agglomération,Hors intersection,Normale,Deux véhicules - frontale,,,,,,,,,,,1,1,1,1,1
200800046296,0008-08-30 20:45:00,8,8,30,20,45,740,66,,,,Crépuscule ou aube,Hors agglomération,Hors intersection,Normale,Sans collision,,,,,,,,,,,2,1,1,1,7
200800046297,0008-08-04 06:15:00,8,8,4,6,15,740,105,27 rue du centre RD 1005,46.31,6.304,Crépuscule ou aube,En agglomération,Hors intersection,Normale,Autre collision,,,,,,,,,,,2,2,1,1,6
200800046298,0008-08-10 12:00:00,8,8,10,12,0,740,25,,46.299,6.332,Plein jour,Hors agglomération,Hors intersection,Normale,Deux véhicules - côté,,,,,,,,,,,1,1,1,1,3
200800046299,0008-08-14 15:15:00,8,8,14,15,15,740,58,,,,Plein jour,Hors agglomération,Hors intersection,Normale,Autre collision,,,,,,,,,,,1,1,1,1,6
200800046300,0008-08-16 20:30:00,8,8,16,20,30,740,73,Le Cret,,,Crépuscule ou aube,En agglomération,Hors intersection,Normale,Sans collision,,,,,,,,,,,2,2,1,1,7
200800046301,0008-08-17 21:30:00,8,8,17,21,30,740,63,,,,Nuit sans éclairage public,Hors agglomération,Hors intersection,Normale,Sans collision,,,,,,,,,,,3,1,1,1,7
200800046302,0008-08-11 09:45:00,8,8,11,9,45,740,261,,46.245,6.397,Plein jour,Hors agglomération,Hors intersection,Normale,Deux véhicules - frontale,,,,,,,,,,,1,1,1,1,1
200800046303,0008-08-09 19:45:00,8,8,9,19,45,740,146,,,,Plein jour,Hors agglomération,Hors intersection,Normale,Autre collision,,,,,,,,,,,1,1,1,1,6
200800046304,0008-08-26 08:30:00,8,8,26,8,30,740,154,51 route national,,,Plein jour,En agglomération,Autre intersection,Normale,Deux véhicules - côté,,,,,,,,,,,1,2,9,1,3
200800046305,0008-08-28 20:00:00,8,8,28,20,0,740,295,,46.309,6.605,Crépuscule ou aube,Hors agglomération,Hors intersection,Normale,Sans collision,,,,,,,,,,,2,1,1,1,7
200800046306,0008-08-31 09:00:00,8,8,31,9,0,740,191,PK 1 route d'Avoriaz,46.176,6.707,Plein jour,En agglomération,Intersection en T,Normale,Deux véhicules - côté,,,,,,,,,,,1,2,3,1,3
200800046307,0008-08-14 18:15:00,8,8,14,18,15,630,263,,45.77,3.0,Plein jour,Hors agglomération,Hors intersection,Pluie légère,Deux véhicules - arrière,,,,,,,,,,,1,1,1,2,2
200800046308,0008-08-11 11:45:00,8,8,11,11,45,630,273,,45.729,3.225,Plein jour,Hors agglomération,Hors intersection,Temps couvert,Deux véhicules - frontale,,,,,,,,,,,1,1,1,8,1
200800046309,0008-08-02 00:45:00,8,8,2,0,45,630,236,,45.591,2.823,Nuit sans éclairage public,Hors agglomération,Hors intersection,Normale,Sans collision,,,,,,,,,,,3,1,1,1,7
200800046310,0008-08-01 10:00:00,8,8,1,10,0,630,133,,45.781,3.23,Plein jour,Hors agglomération,Hors intersection,Pluie forte,Deux véhicules - côté,,,,,,,,,,,1,1,1,3,3
200800046311,0008-08-05 20:45:00,8,8,5,20,45,630,227,rue de la Quere,,,Crépuscule ou aube,En agglomération,Hors intersection,Normale,Autre collision,,,,,,,,,,,2,2,1,1,6
200800046312,0008-08-07 14:00:00,8,8,7,14,0,630,26,,45.665,3.04,Plein jour,Hors agglomération,Hors intersection,Normale,Deux véhicules - côté,,,,,,,,,,,1,1,1,1,3
200800046313,0008-08-23 16:45:00,8,8,23,16,45,630,413,,,,Plein jour,Hors agglomération,Hors intersection,Temps éblouissant,Autre collision,,,,,,,,,,,1,1,1,7,6
200800046314,0008-08-29 17:00:00,8,8,29,17,0,630,455,,45.68,3.15,Plein jour,Hors agglomération,Hors intersection,Normale,Autre collision,,,,,,,,,,,1,1,1,1,6
200800046315,0008-08-24 11:45:00,8,8,24,11,45,630,374,,45.536,3.797,Plein jour,Hors agglomération,Hors intersection,Temps éblouissant,Autre collision,,,,,,,,,,,1,1,1,7,6
200800046316,0008-08-15 17:30:00,8,8,15,17,30,630,241,rue des perreux,,,Plein jour,En agglomération,Hors intersection,Normale,Autre collision,,,,,,,,,,,1,2,1,1,6
200800046317,0008-08-27 17:30:00,8,8,27,17,30,630,80,CD 996,,,Plein jour,En agglomération,Hors intersection,Normale,Deux véhicules - frontale,,,,,,,,,,,1,2,1,1,1
200800046318,0008-08-28 13:45:00,8,8,28,13,45,630,54,,45.498,3.254,Plein jour,Hors agglomération,Hors intersection,Normale,Deux véhicules - arrière,,,,,,,,,,,1,1,1,1,2
200800046319,0008-08-10 22:30:00,8,8,10,22,30,420,323,,45.571,4.276,Nuit avec éclairage allumé,Hors agglomération,Hors intersection,Normale,Autre collision,,,,,,,,,,,5,1,1,1,6
200800046320,0008-08-15 12:30:00,8,8,15,12,30,420,13,,45.649,4.335,Plein jour,Hors agglomération,Hors intersection,Pluie légère,Deux véhicules - frontale,,,,,,,,,,,1,1,1,2,1
200800046321,0008-08-26 16:00:00,8,8,26,16,0,420,20,RUE DU BOURG DU HAUT,,,Plein jour,En agglomération,Hors intersection,Normale,Autre collision,,,,,,,,,,,1,2,1,1,6
200800046322,0008-08-20 13:15:00,8,8,20,13,15,420,236,,46.121,4.167,Plein jour,Hors agglomération,Hors intersection,Normale,Sans collision,,,,,,,,,,,1,1,1,1,7
200800046323,0008-08-25 23:00:00,8,8,25,23,0,420,236,LE BOURG,,,Nuit avec éclairage allumé,En agglomération,Hors intersection,Normale,Autre collision,,,,,,,,,,,5,2,1,1,6
200800046324,0008-08-29 05:00:00,8,8,29,5,0,420,26,,46.152,4.09,Nuit avec éclairage allumé,En agglomération,Hors intersection,Brouillard / fumée,Deux véhicules - côté,,,,,,,,,,,5,2,1,5,3
200800046325,0008-08-20 19:00:00,8,8,20,19,0,420,163,,46.187,3.873,Plein jour,Hors agglomération,Hors intersection,Normale,Deux véhicules - arrière,,,,,,,,,,,1,1,1,1,2
200800046326,0008-08-08 18:30:00,8,8,8,18,30,420,260,,45.837,3.871,Crépuscule ou aube,Hors agglomération,Hors intersection,Normale,Deux véhicules - frontale,,,,,,,,,,,2,1,1,1,1
200800046327,0008-08-11 14:30:00,8,8,11,14,30,420,82,,45.904,4.012,Plein jour,Hors agglomération,Hors intersection,Pluie légère,Sans collision,,,,,,,,,,,1,1,1,2,7
200800046328,0008-08-10 19:15:00,8,8,10,19,15,730,36,,45.736,6.112,Plein jour,Hors agglomération,Hors intersection,Normale,Deux véhicules - côté,,,,,,,,,,,1,1,1,1,3
200800046329,0008-08-20 16:30:00,8,8,20,16,30,730,81,,,,Plein jour,Hors agglomération,Hors intersection,Normale,Autre collision,,,,,,,,,,,1,1,1,1,6
200800046330,0008-08-03 21:45:00,8,8,3,21,45,730,42,lieu dit Les Combes RD44,45.718,5.802,Nuit avec éclairage allumé,En agglomération,Hors intersection,Normale,Deux véhicules - frontale,,,,,,,,,,,5,2,1,1,1
200800046331,0008-08-28 18:30:00,8,8,28,18,30,730,245,,45.69,5.824,Plein jour,Hors agglomération,Hors intersection,Normale,Autre collision,,,,,,,,,,,1,1,1,1,6
200800046332,0008-08-17 11:30:00,8,8,17,11,30,730,314,,45.516,6.148,Plein jour,Hors agglomération,Hors intersection,Normale,Autre collision,,,,,,,,,,,1,1,1,1,6
200800046333,0008-08-29 05:30:00,8,8,29,5,30,730,75,,45.44,6.05,Nuit sans éclairage public,Hors agglomération,Hors intersection,Normale,Sans collision,,,,,,,,,,,3,1,1,1,7
200800046334,0008-08-18 15:30:00,8,8,18,15,30,730,32,Rue Louis Armand,45.049,6.746,Plein jour,En agglomération,Hors intersection,Normale,Deux véhicules - frontale,,,,,,,,,,,1,2,1,1,1
200800046335,0008-08-28 08:30:00,8,8,28,8,30,730,32,Rue Paul Girod (CD 990),45.029,6.752,Plein jour,En agglomération,Hors intersection,Normale,Trois véhicules et plus - collisions multiples,,,,,,,,,,,1,2,1,1,5
200800046336,0008-08-06 08:45:00,8,8,6,8,45,730,54,avenue du stade,,,Plein jour,En agglomération,Hors intersection,Normale,Autre collision,,,,,,,,,,,1,2,1,1,6
200800046337,0008-08-27 07:00:00,8,8,27,7,0,730,227,"COURCHEVEL 1650, MORIOND",45.7,6.087,Plein jour,En agglomération,Hors intersection,Normale,Deux véhicules - frontale,,,,,,,,,,,1,2,1,1,1
200800046338,0008-08-27 14:15:00,8,8,27,14,15,730,201,,45.737,6.142,Plein jour,Hors agglomération,Hors intersection,Normale,Deux véhicules - frontale,,,,,,,,,,,1,1,1,1,1
200800046339,0008-08-13 13:00:00,8,8,13,13,0,730,187,RD 213,45.543,6.469,Plein jour,En agglomération,Hors intersection,Normale,Deux véhicules - côté,,,,,,,,,,,1,2,1,1,3
200800046340,0008-08-26 14:45:00,8,8,26,14,45,730,181,"40, square de la liberte",45.489,6.532,Plein jour,En agglomération,Hors intersection,Normale,Autre collision,,,,,,,,,,,1,2,1,1,6
200800046341,0008-08-30 17:30:00,8,8,30,17,30,730,26,,,,Plein jour,Hors agglomération,Hors intersection,Normale,Autre collision,,,,,,,,,,,1,1,1,1,6
200800046342,0008-08-15 04:00:00,8,8,15,4,0,740,19,,,,Nuit sans éclairage public,Hors agglomération,Hors intersection,Pluie légère,Autre collision,,,,,,,,,,,3,1,1,2,6
200800046343,0008-08-06 11:15:00,8,8,6,11,15,740,234,,,,Plein jour,Hors agglomération,Hors intersection,Normale,Deux véhicules - frontale,,,,,,,,,,,1,1,1,1,1
200800046344,0008-08-06 16:00:00,8,8,6,16,0,740,275,,,,Plein jour,Hors agglomération,Hors intersection,Normale,Deux véhicules - frontale,,,,,,,,,,,1,1,1,1,1
200800046345,0008-08-08 20:30:00,8,8,8,20,30,740,46,,,,Crépuscule ou aube,Hors agglomération,Hors intersection,Normale,Sans collision,,,,,,,,,,,2,1,1,1,7
200800046346,0008-08-05 18:30:00,8,8,5,18,30,740,239,La Ruaz,,,Plein jour,En agglomération,Hors intersection,Normale,Deux véhicules - frontale,,,,,,,,,,,1,2,1,1,1
200800046347,0008-08-08 01:30:00,8,8,8,1,30,740,81,avenue charles Poncet,,,Nuit avec éclairage allumé,En agglomération,Hors intersection,Pluie légère,Deux véhicules - frontale,,,,,,,,,,,5,2,1,2,1
200800046348,0008-08-02 13:30:00,8,8,2,13,30,740,173,route du jaillet,,,Plein jour,En agglomération,Hors intersection,Normale,Deux véhicules - frontale,,,,,,,,,,,1,2,1,1,1
200800046349,0008-08-16 16:15:00,8,8,16,16,15,740,85,752 Chemin de la Chapell,,,Plein jour,En agglomération,Autre intersection,Normale,Sans collision,,,,,,,,,,,1,2,9,1,7
200800046350,0008-08-18 17:15:00,8,8,18,17,15,740,83,route de sallanches,,,Plein jour,En agglomération,Hors intersection,Normale,Deux véhicules - frontale,,,,,,,,,,,1,2,1,1,1
200800046351,0008-08-08 17:00:00,8,8,8,17,0,740,116,,,,Plein jour,Hors agglomération,Hors intersection,Normale,Trois véhicules et plus - collisions multiples,,,,,,,,,,,1,1,1,1,5
200800046352,0008-08-25 13:00:00,8,8,25,13,0,630,9,Place Croisiere,45.409,3.127,Plein jour,En agglomération,Hors intersection,Normale,Deux véhicules - frontale,,,,,,,,,,,1,2,1,1,1
200800046353,0008-08-07 18:15:00,8,8,7,18,15,630,397,,45.626,2.714,Plein jour,Hors agglomération,Hors intersection,Normale,Sans collision,,,,,,,,,,,1,1,1,1,7
200800046354,0008-08-10 21:15:00,8,8,10,21,15,630,470,rue des Besses 63 VOLVIC,,,Nuit avec éclairage allumé,En agglomération,Hors intersection,Normale,Autre collision,,,,,,,,,,,5,2,1,1,6
200800046355,0008-08-19 17:30:00,8,8,19,17,30,630,68,,45.933,3.143,Plein jour,Hors agglomération,Hors intersection,Normale,Deux véhicules - frontale,,,,,,,,,,,1,1,1,1,1
200800046356,0008-08-24 12:15:00,8,8,24,12,15,630,1,,,,Plein jour,En agglomération,Intersection en X,Normale,Deux véhicules - côté,,,,,,,,,,,1,2,2,1,3
200800046357,0008-08-28 15:00:00,8,8,28,15,0,630,148,RUE DU MOULIN,45.9,3.22,Plein jour,En agglomération,Hors intersection,Normale,Deux véhicules - frontale,,,,,,,,,,,1,2,1,1,1
200800046358,0008-08-08 09:30:00,8,8,8,9,30,630,85,,45.895,2.857,Plein jour,Hors agglomération,Intersection en X,Pluie légère,Deux véhicules - côté,,,,,,,,,,,1,1,2,2,3
200800046359,0008-08-07 14:30:00,8,8,7,14,30,630,223,,46.108,2.889,Plein jour,Hors agglomération,Hors intersection,Normale,Autre collision,,,,,,,,,,,1,1,1,1,6
200800046360,0008-08-28 15:15:00,8,8,28,15,15,630,66,,,,Plein jour,Hors agglomération,Hors intersection,Normale,Autre collision,,,,,,,,,,,1,1,1,1,6
200800046361,0008-08-14 09:30:00,8,8,14,9,30,630,125,,45.788,3.532,Plein jour,Hors agglomération,Hors intersection,Pluie légère,Trois véhicules et plus - collisions multiples,,,,,,,,,,,1,1,1,2,5
200800046362,0008-08-01 17:00:00,8,8,1,17,0,630,271,Lieu dit fagot marnat,45.965,3.512,Plein jour,En agglomération,Hors intersection,Normale,Deux véhicules - frontale,,,,,,,,,,,1,2,1,1,1
200800046363,0008-08-12 19:00:00,8,8,12,19,0,30,11,,46.68,3.293,Plein jour,Hors agglomération,Intersection en T,Temps éblouissant,Deux véhicules - côté,,,,,,,,,,,1,1,3,7,3
200800046364,0008-08-31 22:15:00,8,8,31,22,15,30,36,,46.598,3.064,Nuit sans éclairage public,Hors agglomération,Hors intersection,Pluie légère,Autre collision,,,,,,,,,,,3,1,1,2,6
200800046365,0008-08-31 20:15:00,8,8,31,20,15,30,46,,,,Nuit sans éclairage public,Hors agglomération,Hors intersection,Pluie légère,Autre collision,,,,,,,,,,,3,1,1,2,6
200800046366,0008-08-01 20:00:00,8,8,1,20,0,30,102,,46.546,3.668,Plein jour,Hors agglomération,Hors intersection,Normale,Deux véhicules - frontale,,,,,,,,,,,1,1,1,1,1
200800046367,0008-08-09 14:00:00,8,8,9,14,0,30,253,,,,Plein jour,Hors agglomération,Hors intersection,Normale,Deux véhicules - côté,,,,,,,,,,,1,1,1,1,3
200800046368,0008-08-23 07:45:00,8,8,23,7,45,30,180,,46.535,3.516,Plein jour,Hors agglomération,Hors intersection,Normale,Deux véhicules - frontale,,,,,,,,,,,1,1,1,1,1
200800046369,0008-08-05 09:30:00,8,8,5,9,30,30,92,,46.451,3.184,Plein jour,Hors agglomération,Intersection en X,Normale,Deux véhicules - côté,,,,,,,,,,,1,1,2,1,3
200800046370,0008-08-05 17:00:00,8,8,5,17,0,30,246,,,,Plein jour,Hors agglomération,Intersection en X,Normale,Deux véhicules - côté,,,,,,,,,,,1,1,2,1,3
200800046371,0008-08-17 20:30:00,8,8,17,20,30,30,212,Le Bourg,46.335,2.514,Plein jour,En agglomération,Hors intersection,Normale,Sans collision,,,,,,,,,,,1,2,1,1,7
200800046372,0008-08-16 18:45:00,8,8,16,18,45,30,127,,46.51,2.753,Plein jour,Hors agglomération,Hors intersection,Normale,Sans collision,,,,,,,,,,,1,1,1,1,7
200800046373,0008-08-24 15:30:00,8,8,24,15,30,30,297,,46.54,2.621,Plein jour,Hors agglomération,Hors intersection,Normale,Trois véhicules et plus - collisions multiples,,,,,,,,,,,1,1,1,1,5
200800046374,0008-08-11 18:45:00,8,8,11,18,45,30,314,,,,Plein jour,Hors agglomération,Hors intersection,Normale,Autre collision,,,,,,,,,,,1,1,1,1,6
200800046375,0008-08-01 16:45:00,8,8,1,16,45,30,264,Route de BUSSET,46.072,3.472,Plein jour,En agglomération,Hors intersection,Normale,Autre collision,,,,,,,,,,,1,2,1,1,6
200800046376,0008-08-05 18:30:00,8,8,5,18,30,30,118,,46.105,3.232,Plein jour,Hors agglomération,Hors intersection,Normale,Autre collision,,,,,,,,,,,1,1,1,1,6
200800046377,0008-08-31 08:15:00,8,8,31,8,15,30,144,,,,Plein jour,Hors agglomération,Hors intersection,Normale,Autre collision,,,,,,,,,,,1,1,1,1,6
200800046378,0008-08-09 17:45:00,8,8,9,17,45,30,8,,,,Plein jour,Hors agglomération,Hors intersection,Normale,Sans collision,,,,,,,,,,,1,1,1,1,7
200800046379,0008-08-21 20:00:00,8,8,21,20,0,30,215,,46.286,3.463,Plein jour,Hors agglomération,Hors intersection,Normale,Deux véhicules - côté,,,,,,,,,,,1,1,1,1,3
200800046380,0008-08-25 07:45:00,8,8,25,7,45,30,235,,,,Plein jour,Hors agglomération,Intersection en X,Normale,Deux véhicules - côté,,,,,,,,,,,1,1,2,1,3
200800046381,0008-08-09 18:30:00,8,8,9,18,30,150,88,,44.911,2.262,Plein jour,Hors agglomération,Hors intersection,Normale,Autre collision,,,,,,,,,,,1,1,1,1,6
200800046382,0008-08-04 16:00:00,8,8,4,16,0,150,184,,44.738,2.233,Plein jour,Hors agglomération,Hors intersection,Normale,Deux véhicules - frontale,,,,,,,,,,,1,1,1,1,1
200800046383,0008-08-31 12:30:00,8,8,31,12,30,150,154,,44.957,2.583,Plein jour,Hors agglomération,Hors intersection,Normale,Trois véhicules et plus - collisions multiples,,,,,,,,,,,1,1,1,1,5
200800046384,0008-08-03 15:45:00,8,8,3,15,45,150,137,,,,Plein jour,Hors agglomération,Hors intersection,Normale,Autre collision,,,,,,,,,,,1,1,1,1,6
200800046385,0008-08-23 22:45:00,8,8,23,22,45,150,3,,45.162,2.331,Nuit sans éclairage public,Hors agglomération,Hors intersection,Normale,Autre collision,,,,,,,,,,,3,1,1,1,6
200800046386,0008-08-06 11:15:00,8,8,6,11,15,150,66,,45.124,2.647,Plein jour,Hors agglomération,Hors intersection,Normale,Sans collision,,,,,,,,,,,1,1,1,1,7
200800046387,0008-08-05 14:30:00,8,8,5,14,30,150,202,,,,Plein jour,Hors agglomération,Hors intersection,Normale,Deux véhicules - frontale,,,,,,,,,,,1,1,1,1,1
200800046388,0008-08-16 12:15:00,8,8,16,12,15,150,66,,45.162,2.569,Plein jour,Hors agglomération,Hors intersection,Normale,Trois véhicules et plus - collisions multiples,,,,,,,,,,,1,1,1,1,5
200800046389,0008-08-29 16:30:00,8,8,29,16,30,150,19,,45.304,2.407,Plein jour,Hors agglomération,Hors intersection,Normale,Autre collision,,,,,,,,,,,1,1,1,1,6
200800046390,0008-08-26 14:00:00,8,8,26,14,0,150,164,,,,Plein jour,Hors agglomération,Hors intersection,Normale,Deux véhicules - frontale,,,,,,,,,,,1,1,1,1,1
200800046391,0008-08-31 18:30:00,8,8,31,18,30,150,188,,45.028,3.146,Plein jour,Hors agglomération,Hors intersection,Normale,Autre collision,,,,,,,,,,,1,1,1,1,6
200800046392,0008-08-09 21:30:00,8,8,9,21,30,430,174,,44.979,3.835,Crépuscule ou aube,Hors agglomération,Hors intersection,Normale,Autre collision,,,,,,,,,,,2,1,1,1,6
200800046393,0008-08-27 07:30:00,8,8,27,7,30,430,233,,45.062,3.792,Plein jour,Hors agglomération,Intersection en X,Autre,Deux véhicules - côté,,,,,,,,,,,1,1,2,9,3
200800046394,0008-08-01 20:15:00,8,8,1,20,15,430,39,,44.909,3.851,Plein jour,Hors agglomération,Hors intersection,Normale,Autre collision,,,,,,,,,,,1,1,1,1,6
200800046395,0008-08-25 01:15:00,8,8,25,1,15,430,39,,,,Nuit sans éclairage public,Hors agglomération,Hors intersection,Normale,Autre collision,,,,,,,,,,,3,1,1,1,6
200800046396,0008-08-05 10:15:00,8,8,5,10,15,430,97,,44.878,4.087,Plein jour,Hors agglomération,Hors intersection,Normale,Deux véhicules - frontale,,,,,,,,,,,1,1,1,1,1
200800046397,0008-08-31 22:15:00,8,8,31,22,15,430,115,,44.981,4.039,Nuit sans éclairage public,Hors agglomération,Hors intersection,Normale,Deux véhicules - frontale,,,,,,,,,,,3,1,1,1,1
200800046398,0008-08-15 20:45:00,8,8,15,20,45,430,218,,45.067,4.064,Crépuscule ou aube,Hors agglomération,Hors intersection,Normale,Autre collision,,,,,,,,,,,2,1,1,1,6
200800046399,0008-08-15 17:30:00,8,8,15,17,30,430,187,,45.164,3.829,Plein jour,Hors agglomération,Hors intersection,Normale,Deux véhicules - côté,,,,,,,,,,,1,1,1,1,3
200800046400,0008-08-17 17:00:00,8,8,17,17,0,430,95,,,,Plein jour,Hors agglomération,Hors intersection,Normale,Trois véhicules et plus - collisions multiples,,,,,,,,,,,1,1,1,1,5
200800046401,0008-08-24 11:15:00,8,8,24,11,15,430,74,,45.326,3.371,Plein jour,Hors agglomération,Giratoire,Normale,Deux véhicules - arrière,,,,,,,,,,,1,1,6,1,2
200800046402,0008-08-22 19:45:00,8,8,22,19,45,430,262,,45.263,3.422,Plein jour,Hors agglomération,Hors intersection,Normale,Deux véhicules - arrière,,,,,,,,,,,1,1,1,1,2
200800046403,0008-08-19 19:00:00,8,8,19,19,0,430,226,,45.367,3.536,Plein jour,Hors agglomération,Hors intersection,Pluie légère,Autre collision,,,,,,,,,,,1,1,1,2,6
200800046404,0008-08-13 11:15:00,8,8,13,11,15,430,82,,45.091,3.363,Plein jour,Hors agglomération,Hors intersection,Normale,Sans collision,,,,,,,,,,,1,1,1,1,7
200800046405,0008-08-04 17:15:00,8,8,4,17,15,430,188,,45.148,3.557,Plein jour,Hors agglomération,Hors intersection,Normale,Deux véhicules - frontale,,,,,,,,,,,1,1,1,1,1
200800046406,0008-08-01 14:45:00,8,8,1,14,45,430,16,,45.391,3.352,Plein jour,Hors agglomération,Hors intersection,Normale,Autre collision,,,,,,,,,,,1,1,1,1,6
200800046407,0008-08-18 18:15:00,8,8,18,18,15,430,268,,,,Plein jour,Hors agglomération,Hors intersection,Normale,Autre collision,,,,,,,,,,,1,1,1,1,6
200800046408,0008-08-02 15:15:00,8,8,2,15,15,430,12,,,,Plein jour,Hors agglomération,Hors intersection,Normale,Autre collision,,,,,,,,,,,1,1,1,1,6
200800046409,0008-08-05 08:45:00,8,8,5,8,45,430,137,,,,Plein jour,Hors agglomération,Hors intersection,Normale,Deux véhicules - frontale,,,,,,,,,,,1,1,1,1,1
200800046410,0008-08-18 17:30:00,8,8,18,17,30,430,211,,45.238,4.149,Plein jour,Hors agglomération,Hors intersection,Normale,Sans collision,,,,,,,,,,,1,1,1,1,7
200800046411,0008-08-22 13:15:00,8,8,22,13,15,430,213,,45.247,4.28,Plein jour,Hors agglomération,Hors intersection,Normale,Sans collision,,,,,,,,,,,1,1,1,1,7
200800046412,0008-08-02 18:45:00,8,8,2,18,45,430,142,,45.159,4.366,Plein jour,Hors agglomération,Hors intersection,Normale,Deux véhicules - côté,,,,,,,,,,,1,1,1,1,3
200800046413,0008-08-18 16:45:00,8,8,18,16,45,430,244,,45.125,4.29,Plein jour,Hors agglomération,Hors intersection,Normale,Deux véhicules - côté,,,,,,,,,,,1,1,1,1,3
200800046414,0008-08-30 12:15:00,8,8,30,12,15,430,244,,45.134,4.291,Plein jour,Hors agglomération,Hors intersection,Normale,Deux véhicules - côté,,,,,,,,,,,1,1,1,1,3
200800046415,0008-08-01 15:00:00,8,8,1,15,0,570,415,,49.146,6.099,Plein jour,Hors agglomération,Hors intersection,Normale,Sans collision,,,,,,,,,,,1,1,1,1,7