accident_id,datetime,annee,mois,jour,heure,minute,departement,commune_insee,adresse,latitude,longitude,luminosite,agglomeration,intersection,meteo,collision,nb_vehicules,nb_usagers,nb_indemnes,nb_tues,nb_blesses_hosp,nb_blesses_legers,age_cond_1,age_cond_2,veh_type_cond_1,veh_type_cond_2,lum_code,agg_code,int_code,atm_code,col_code
200800046416,0008-08-06 07:45:00,8,8,6,7,45,570,701,val de metz/selliere,49.103,6.087,Plein jour,En agglomération,Hors intersection,Normale,Deux véhicules - frontale,,,,,,,,,,,1,2,1,1,1
200800046417,0008-08-08 20:15:00,8,8,8,20,15,570,645,,,,Plein jour,Hors agglomération,Giratoire,Pluie légère,Sans collision,,,,,,,,,,,1,1,6,2,7
200800046418,0008-08-23 15:00:00,8,8,23,15,0,570,433,,49.195,6.16,Plein jour,Hors agglomération,Intersection en T,Normale,Deux véhicules - côté,,,,,,,,,,,1,1,3,1,3
200800046419,0008-08-28 15:00:00,8,8,28,15,0,570,546,,,,Plein jour,Hors agglomération,Hors intersection,Normale,Autre collision,,,,,,,,,,,1,1,1,1,6
200800046420,0008-08-17 16:30:00,8,8,17,16,30,570,37,05 rue de l'Exirue -RD71,,,Plein jour,En agglomération,Hors intersection,Normale,Autre collision,,,,,,,,,,,1,2,1,1,6
200800046421,0008-08-19 18:00:00,8,8,19,18,0,570,534,,,,Plein jour,Hors agglomération,Hors intersection,Normale,Deux véhicules - frontale,,,,,,,,,,,1,1,1,1,1
200800046422,0008-08-24 09:00:00,8,8,24,9,0,570,718,,,,Crépuscule ou aube,Hors agglomération,Hors intersection,Normale,Sans collision,,,,,,,,,,,2,1,1,1,7
200800046423,0008-08-30 22:45:00,8,8,30,22,45,570,37,,49.035,6.343,Nuit sans éclairage public,Hors agglomération,Hors intersection,Normale,Autre collision,,,,,,,,,,,3,1,1,1,6
200800046424,0008-08-24 08:00:00,8,8,24,8,0,570,460,RD55,49.254,6.657,Plein jour,En agglomération,Hors intersection,Normale,Autre collision,,,,,,,,,,,1,2,1,1,6
200800046425,0008-08-27 09:45:00,8,8,27,9,45,570,160,5 rue de carling,49.211,6.697,Plein jour,En agglomération,Hors intersection,Normale,Autre collision,,,,,,,,,,,1,2,1,1,6
200800046426,0008-08-19 12:30:00,8,8,19,12,30,570,159,,49.058,6.571,Plein jour,Hors agglomération,Hors intersection,Pluie légère,Deux véhicules - frontale,,,,,,,,,,,1,1,1,2,1
200800046427,0008-08-05 08:00:00,8,8,5,8,0,570,391,,,,Plein jour,Hors agglomération,Hors intersection,Normale,Deux véhicules - frontale,,,,,,,,,,,1,1,1,1,1
200800046428,0008-08-10 01:30:00,8,8,10,1,30,570,257,,,,Nuit sans éclairage public,Hors agglomération,Hors intersection,Normale,Autre collision,,,,,,,,,,,3,1,1,1,6
200800046429,0008-08-03 14:30:00,8,8,3,14,30,570,161,,48.843,6.828,Plein jour,Hors agglomération,Hors intersection,Normale,Sans collision,,,,,,,,,,,1,1,1,1,7
200800046430,0008-08-14 11:45:00,8,8,14,11,45,570,483,,48.914,6.743,Plein jour,Hors agglomération,Hors intersection,Temps éblouissant,Deux véhicules - côté,,,,,,,,,,,1,1,1,7,3
200800046431,0008-08-25 20:45:00,8,8,25,20,45,570,418,,48.86,6.898,Crépuscule ou aube,Hors agglomération,Hors intersection,Normale,Autre collision,,,,,,,,,,,2,1,1,1,6
200800046432,0008-08-26 21:00:00,8,8,26,21,0,570,197,,,,Crépuscule ou aube,Hors agglomération,Hors intersection,Normale,Deux véhicules - frontale,,,,,,,,,,,2,1,1,1,1
200800046433,0008-08-28 18:30:00,8,8,28,18,30,670,493,Zone Artisanale Climont,48.343,7.324,Plein jour,En agglomération,Hors intersection,Normale,Deux véhicules - frontale,,,,,,,,,,,1,2,1,1,1
200800046434,0008-08-05 20:30:00,8,8,5,20,30,670,544,route de SCHWEIGEN,49.045,7.954,Crépuscule ou aube,En agglomération,Hors intersection,Normale,Autre collision,,,,,,,,,,,2,2,1,1,6
200800046435,0008-08-24 12:30:00,8,8,24,12,30,570,50,,48.716,6.96,Plein jour,Hors agglomération,Hors intersection,Normale,Sans collision,,,,,,,,,,,1,1,1,1,7
200800046436,0008-08-31 18:45:00,8,8,31,18,45,570,623,,48.621,7.074,Plein jour,Hors agglomération,Hors intersection,Normale,Deux véhicules - frontale,,,,,,,,,,,1,1,1,1,1
200800046437,0008-08-24 17:30:00,8,8,24,17,30,570,721,,,,Plein jour,Hors agglomération,Hors intersection,Normale,Sans collision,,,,,,,,,,,1,1,1,1,7
200800046438,0008-08-26 09:45:00,8,8,26,9,45,570,540,,,,Plein jour,Hors agglomération,Hors intersection,Normale,Deux véhicules - frontale,,,,,,,,,,,1,1,1,1,1
200800046439,0008-08-03 09:15:00,8,8,3,9,15,570,91,,,,Plein jour,Hors agglomération,Intersection en X,Normale,Deux véhicules - frontale,,,,,,,,,,,1,1,2,1,1
200800046440,0008-08-31 12:30:00,8,8,31,12,30,570,465,,49.328,6.262,Plein jour,Hors agglomération,Hors intersection,Normale,Autre collision,,,,,,,,,,,1,1,1,1,6
200800046441,0008-08-21 21:45:00,8,8,21,21,45,570,365,6 grand rue OBERNAUMEN,49.412,6.451,Nuit avec éclairage allumé,En agglomération,Hors intersection,Normale,Autre collision,,,,,,,,,,,5,2,1,1,6
200800046442,0008-08-02 08:00:00,8,8,2,8,0,540,113,rue Pierre Paul Demoyen,,,Plein jour,En agglomération,Hors intersection,Normale,Deux véhicules - côté,,,,,,,,,,,1,2,1,1,3
200800046443,0008-08-02 19:45:00,8,8,2,19,45,540,351,13 rue Jean Jaures,,,Plein jour,En agglomération,Hors intersection,Normale,Deux véhicules - arrière,,,,,,,,,,,1,2,1,1,2
200800046444,0008-08-20 14:30:00,8,8,20,14,30,540,55,,,,Plein jour,Hors agglomération,Hors intersection,Normale,Autre collision,,,,,,,,,,,1,1,1,1,6
200800046445,0008-08-30 15:00:00,8,8,30,15,0,540,415,6 rue de Meville,,,Crépuscule ou aube,En agglomération,Hors intersection,Normale,Deux véhicules - frontale,,,,,,,,,,,2,2,1,1,1
200800046446,0008-08-04 13:00:00,8,8,4,13,0,540,513,48 RUE TOURTEL FRERES,48.474,6.141,Plein jour,En agglomération,Hors intersection,Pluie légère,Autre collision,,,,,,,,,,,1,2,1,2,6
200800046447,0008-08-20 15:30:00,8,8,20,15,30,540,252,,,,Plein jour,Hors agglomération,Hors intersection,Normale,Autre collision,,,,,,,,,,,1,1,1,1,6
200800046448,0008-08-31 15:15:00,8,8,31,15,15,540,353,,,,Plein jour,Hors agglomération,Hors intersection,Normale,Sans collision,,,,,,,,,,,1,1,1,1,7
200800046449,0008-08-09 23:30:00,8,8,9,23,30,540,491,,,,Nuit sans éclairage public,Hors agglomération,Hors intersection,Normale,Autre collision,,,,,,,,,,,3,1,1,1,6
200800046450,0008-08-03 12:15:00,8,8,3,12,15,540,449,,,,Plein jour,Hors agglomération,Hors intersection,Temps couvert,Deux véhicules - frontale,,,,,,,,,,,1,1,1,8,1
200800046451,0008-08-07 10:00:00,8,8,7,10,0,540,42,,48.437,6.292,Plein jour,Hors agglomération,Hors intersection,Normale,Sans collision,,,,,,,,,,,1,1,1,1,7
200800046452,0008-08-12 18:30:00,8,8,12,18,30,540,222,,,,Plein jour,Hors agglomération,Hors intersection,Pluie légère,Autre collision,,,,,,,,,,,1,1,1,2,6
200800046453,0008-08-25 01:00:00,8,8,25,1,0,540,230,,48.617,6.865,Nuit sans éclairage public,Hors agglomération,Giratoire,Normale,Autre collision,,,,,,,,,,,3,1,6,1,6
200800046454,0008-08-05 18:45:00,8,8,5,18,45,540,8,1 RUE ETIENNE OLRY,,,Plein jour,En agglomération,Hors intersection,Normale,Deux véhicules - côté,,,,,,,,,,,1,2,1,1,3
200800046455,0008-08-24 21:15:00,8,8,24,21,15,540,102,,,,Crépuscule ou aube,Hors agglomération,Hors intersection,Temps couvert,Deux véhicules - côté,,,,,,,,,,,2,1,1,8,3
200800046456,0008-08-19 18:45:00,8,8,19,18,45,540,80,RD11,,,Plein jour,En agglomération,Hors intersection,Normale,Sans collision,,,,,,,,,,,1,2,1,1,7
200800046457,0008-08-12 08:45:00,8,8,12,8,45,550,366,,48.816,5.109,Plein jour,Hors agglomération,Intersection en T,Pluie forte,Deux véhicules - côté,,,,,,,,,,,1,1,3,3,3
200800046458,0008-08-05 13:30:00,8,8,5,13,30,550,291,,,,Plein jour,Hors agglomération,Hors intersection,Temps éblouissant,Deux véhicules - arrière,,,,,,,,,,,1,1,1,7,2
200800046459,0008-08-02 15:00:00,8,8,2,15,0,550,288,16 rue Paul Vauthier,48.796,5.547,Plein jour,En agglomération,Hors intersection,Normale,Sans collision,,,,,,,,,,,1,2,1,1,7
200800046460,0008-08-13 17:30:00,8,8,13,17,30,550,46,,48.964,5.821,Plein jour,Hors agglomération,Hors intersection,Normale,Deux véhicules - frontale,,,,,,,,,,,1,1,1,1,1
200800046461,0008-08-27 18:45:00,8,8,27,18,45,550,467,,48.821,5.502,Plein jour,Hors agglomération,Hors intersection,Normale,Sans collision,,,,,,,,,,,1,1,1,1,7
200800046462,0008-08-03 23:30:00,8,8,3,23,30,550,215,,48.468,5.434,Nuit sans éclairage public,Hors agglomération,Hors intersection,Normale,Autre collision,,,,,,,,,,,3,1,1,1,6
200800046463,0008-08-08 19:45:00,8,8,8,19,45,550,573,,48.694,5.627,Plein jour,Hors agglomération,Hors intersection,Normale,Deux véhicules - arrière,,,,,,,,,,,1,1,1,1,2
200800046464,0008-08-16 19:00:00,8,8,16,19,0,550,278,rue rieval,,,Plein jour,En agglomération,Hors intersection,Normale,Autre collision,,,,,,,,,,,1,2,1,1,6
200800046465,0008-08-22 04:00:00,8,8,22,4,0,550,26,,,,Nuit sans éclairage public,Hors agglomération,Hors intersection,Normale,Autre collision,,,,,,,,,,,3,1,1,1,6
200800046466,0008-08-25 12:15:00,8,8,25,12,15,550,351,,49.52,5.371,Plein jour,Hors agglomération,Hors intersection,Pluie légère,Deux véhicules - frontale,,,,,,,,,,,1,1,1,2,1
200800046467,0008-08-01 23:00:00,8,8,1,23,0,550,166,,49.134,5.378,Nuit sans éclairage public,Hors agglomération,Hors intersection,Normale,Sans collision,,,,,,,,,,,3,1,1,1,7
200800046468,0008-08-11 12:30:00,8,8,11,12,30,550,237,,49.1,5.53,Plein jour,Hors agglomération,Hors intersection,Normale,Autre collision,,,,,,,,,,,1,1,1,1,6
200800046469,0008-08-10 19:45:00,8,8,10,19,45,880,449,,,,Plein jour,Hors agglomération,Hors intersection,Normale,Sans collision,,,,,,,,,,,1,1,1,1,7
200800046470,0008-08-13 13:45:00,8,8,13,13,45,880,289,,48.135,5.853,Plein jour,Hors agglomération,Hors intersection,Normale,Deux véhicules - frontale,,,,,,,,,,,1,1,1,1,1
200800046471,0008-08-05 19:30:00,8,8,5,19,30,880,465,14 AVENUE DE L EUROPE,48.253,6.422,Plein jour,En agglomération,Hors intersection,Normale,Autre collision,,,,,,,,,,,1,2,1,1,6
200800046472,0008-08-27 12:30:00,8,8,27,12,30,880,204,PK 16+850,48.268,6.439,Plein jour,En agglomération,Hors intersection,Temps éblouissant,Deux véhicules - côté,,,,,,,,,,,1,2,1,7,3
200800046473,0008-08-06 08:30:00,8,8,6,8,30,880,530,les terres videes,,,Plein jour,En agglomération,Hors intersection,Normale,Sans collision,,,,,,,,,,,1,2,1,1,7
200800046474,0008-08-06 08:45:00,8,8,6,8,45,880,108,,,,Plein jour,Hors agglomération,Hors intersection,Normale,Sans collision,,,,,,,,,,,1,1,1,1,7
200800046475,0008-08-31 16:45:00,8,8,31,16,45,880,176,,,,Nuit avec éclairage allumé,En agglomération,Hors intersection,Normale,Sans collision,,,,,,,,,,,5,2,1,1,7
200800046476,0008-08-09 05:00:00,8,8,9,5,0,880,477,,48.363,5.448,Crépuscule ou aube,Hors agglomération,Hors intersection,Normale,Autre collision,,,,,,,,,,,2,1,1,1,6
200800046477,0008-08-30 04:00:00,8,8,30,4,0,880,401,,48.336,5.756,Nuit sans éclairage public,Hors agglomération,Hors intersection,Normale,Sans collision,,,,,,,,,,,3,1,1,1,7
200800046478,0008-08-30 12:00:00,8,8,30,12,0,880,155,,48.31,6.071,Plein jour,Hors agglomération,Hors intersection,Normale,Autre collision,,,,,,,,,,,1,1,1,1,6
200800046479,0008-08-12 11:45:00,8,8,12,11,45,880,14,,48.149,6.871,Plein jour,Hors agglomération,Hors intersection,Pluie légère,Deux véhicules - frontale,,,,,,,,,,,1,1,1,2,1
200800046480,0008-08-05 19:15:00,8,8,5,19,15,880,531,,,,Plein jour,Hors agglomération,Hors intersection,Normale,Autre collision,,,,,,,,,,,1,1,1,1,6
200800046481,0008-08-26 17:00:00,8,8,26,17,0,880,196,,48.115,6.435,Plein jour,Hors agglomération,Hors intersection,Normale,Autre collision,,,,,,,,,,,1,1,1,1,6
200800046482,0008-08-31 16:30:00,8,8,31,16,30,880,531,route des relles gouttes,,,Plein jour,En agglomération,Hors intersection,Normale,Deux véhicules - côté,,,,,,,,,,,1,2,1,1,3
200800046483,0008-08-23 13:15:00,8,8,23,13,15,880,165,17 rue de l'abbaye,48.37,6.873,Plein jour,En agglomération,Hors intersection,Normale,Autre collision,,,,,,,,,,,1,2,1,1,6
200800046484,0008-08-24 04:30:00,8,8,24,4,30,880,319,,48.376,6.914,Nuit sans éclairage public,Hors agglomération,Hors intersection,Brouillard / fumée,Sans collision,,,,,,,,,,,3,1,1,5,7
200800046485,0008-08-24 18:30:00,8,8,24,18,30,880,503,,48.499,7.055,Plein jour,Hors agglomération,Hors intersection,Normale,Deux véhicules - frontale,,,,,,,,,,,1,1,1,1,1
200800046486,0008-08-21 14:00:00,8,8,21,14,0,880,165,CD 424 RUE DE PAJAILLE,48.364,6.845,Plein jour,En agglomération,Hors intersection,Normale,Deux véhicules - frontale,,,,,,,,,,,1,2,1,1,1
200800046487,0008-08-17 18:30:00,8,8,17,18,30,670,28,1 Rue de Selestat,48.376,7.592,Plein jour,En agglomération,Hors intersection,Normale,Autre collision,,,,,,,,,,,1,2,1,1,6
200800046488,0008-08-07 06:30:00,8,8,7,6,30,670,130,RUE DE LA VICTOIRE,48.43,7.673,Plein jour,En agglomération,Intersection en X,Normale,Deux véhicules - côté,,,,,,,,,,,1,2,2,1,3
200800046489,0008-08-15 16:30:00,8,8,15,16,30,670,414,route des deportes,48.462,7.21,Plein jour,En agglomération,Hors intersection,Normale,Sans collision,,,,,,,,,,,1,2,1,1,7
200800046490,0008-08-19 10:30:00,8,8,19,10,30,670,414,4C GRAND RUE,48.46,7.207,Plein jour,En agglomération,Hors intersection,Normale,Autre collision,,,,,,,,,,,1,2,1,1,6
200800046491,0008-08-21 14:15:00,8,8,21,14,15,670,168,RUE DES ACACIAS,48.537,7.432,Plein jour,En agglomération,Hors intersection,Normale,Autre collision,,,,,,,,,,,1,2,1,1,6
200800046492,0008-08-31 17:00:00,8,8,31,17,0,670,26,,48.37,7.227,Plein jour,Hors agglomération,Hors intersection,Normale,Sans collision,,,,,,,,,,,1,1,1,1,7
200800046493,0008-08-03 15:30:00,8,8,3,15,30,670,520,rue des Jardins,48.642,7.446,Plein jour,En agglomération,Hors intersection,Normale,Deux véhicules - côté,,,,,,,,,,,1,2,1,1,3
200800046494,0008-08-29 09:15:00,8,8,29,9,15,670,282,rue du General de Gaulle,48.624,7.493,Plein jour,En agglomération,Hors intersection,Normale,Deux véhicules - frontale,,,,,,,,,,,1,2,1,1,1
200800046495,0008-08-24 09:30:00,8,8,24,9,30,670,437,,,,Plein jour,Hors agglomération,Hors intersection,Normale,Sans collision,,,,,,,,,,,1,1,1,1,7
200800046496,0008-08-07 21:45:00,8,8,7,21,45,670,88,,,,Nuit sans éclairage public,Hors agglomération,Hors intersection,Pluie légère,Autre collision,,,,,,,,,,,3,1,1,2,6
200800046497,0008-08-09 05:00:00,8,8,9,5,0,670,13,17 rue de Durstel,,,Nuit avec éclairage allumé,En agglomération,Hors intersection,Normale,Sans collision,,,,,,,,,,,5,2,1,1,7
200800046498,0008-08-16 16:45:00,8,8,16,16,45,670,371,,,,Plein jour,Hors agglomération,Hors intersection,Normale,Sans collision,,,,,,,,,,,1,1,1,1,7
200800046499,0008-08-21 21:15:00,8,8,21,21,15,670,434,,,,Nuit sans éclairage public,Hors agglomération,Hors intersection,Normale,Deux véhicules - frontale,,,,,,,,,,,3,1,1,1,1
200800046500,0008-08-11 10:00:00,8,8,11,10,0,670,119,35RUE DU GENERAL LECLERC,48.682,7.699,Plein jour,En agglomération,Hors intersection,Normale,Deux véhicules - frontale,,,,,,,,,,,1,2,1,1,1
200800046501,0008-08-30 14:30:00,8,8,30,14,30,670,156,,48.678,7.762,Plein jour,Hors agglomération,Hors intersection,Temps éblouissant,Deux véhicules - frontale,,,,,,,,,,,1,1,1,7,1
200800046502,0008-08-29 17:15:00,8,8,29,17,15,670,439,,48.726,7.561,Plein jour,Hors agglomération,Hors intersection,Normale,Autre collision,,,,,,,,,,,1,1,1,1,6
200800046503,0008-08-28 10:00:00,8,8,28,10,0,670,382,,48.636,7.589,Plein jour,Hors agglomération,Hors intersection,Normale,Autre collision,,,,,,,,,,,1,1,1,1,6
200800046504,0008-08-09 09:30:00,8,8,9,9,30,670,151,,48.708,7.87,Plein jour,Hors agglomération,Hors intersection,Normale,Autre collision,,,,,,,,,,,1,1,1,1,6
200800046505,0008-08-01 20:00:00,8,8,1,20,0,670,226,,48.6,7.63,Plein jour,Hors agglomération,Hors intersection,Pluie légère,Deux véhicules - frontale,,,,,,,,,,,1,1,1,2,1
200800046506,0008-08-08 21:30:00,8,8,8,21,30,670,551,rue du Gal LECLERC,48.59,7.67,Nuit avec éclairage allumé,En agglomération,Hors intersection,Normale,Autre collision,,,,,,,,,,,5,2,1,1,6
200800046507,0008-08-31 18:00:00,8,8,31,18,0,670,239,,48.26,7.411,Plein jour,Hors agglomération,Hors intersection,Autre,Deux véhicules - frontale,,,,,,,,,,,1,1,1,9,1
200800046508,0008-08-19 15:00:00,8,8,19,15,0,670,337,68 route du vin,48.357,7.421,Plein jour,En agglomération,Hors intersection,Normale,Deux véhicules - côté,,,,,,,,,,,1,2,1,1,3
200800046509,0008-08-01 23:00:00,8,8,1,23,0,670,261,Rue du General MITTELHAU,,,Nuit avec éclairage allumé,En agglomération,Intersection en X,Normale,Deux véhicules - côté,,,,,,,,,,,5,2,2,1,3
200800046510,0008-08-04 13:30:00,8,8,4,13,30,670,339,rue Banholtz/rue herbe,48.901,7.92,Plein jour,En agglomération,Intersection en X,Pluie forte,Deux véhicules - côté,,,,,,,,,,,1,2,2,3,3
200800046511,0008-08-12 16:00:00,8,8,12,16,0,60,161,,,,Plein jour,Hors agglomération,Hors intersection,Normale,Autre collision,,,,,,,,,,,1,1,1,1,6
200800046512,0008-08-08 14:30:00,8,8,8,14,30,60,151,,,,Plein jour,Hors agglomération,Hors intersection,Normale,Trois véhicules et plus - collisions multiples,,,,,,,,,,,1,1,1,1,5
200800046513,0008-08-13 18:45:00,8,8,13,18,45,60,85,Route de Vallauris,,,Plein jour,En agglomération,Hors intersection,Normale,Deux véhicules - arrière,,,,,,,,,,,1,2,1,1,2
200800046514,0008-08-24 04:30:00,8,8,24,4,30,70,302,,,,Nuit sans éclairage public,Hors agglomération,Hors intersection,Normale,Autre collision,,,,,,,,,,,3,1,1,1,6
200800046515,0008-08-30 14:45:00,8,8,30,14,45,740,250,Avenue des Aravis,46.07,6.374,Plein jour,En agglomération,Hors intersection,Normale,Deux véhicules - arrière,,,,,,,,,,,1,2,1,1,2
200800046516,0008-08-03 18:30:00,8,8,3,18,30,740,258,,,,Plein jour,Hors agglomération,Hors intersection,Normale,Deux véhicules - côté,,,,,,,,,,,1,1,1,1,3
200800046517,0008-08-09 18:45:00,8,8,9,18,45,740,128,"Mijouet, rte des Vallees",46.177,6.371,Plein jour,En agglomération,Hors intersection,Normale,Deux véhicules - frontale,,,,,,,,,,,1,2,1,1,1
200800046518,0008-08-29 11:45:00,8,8,29,11,45,60,149,,,,Plein jour,Hors agglomération,Hors intersection,Normale,Deux véhicules - frontale,,,,,,,,,,,1,1,1,1,1
200800046519,0008-08-11 18:00:00,8,8,11,18,0,590,51,,50.547,2.821,Plein jour,Hors agglomération,Hors intersection,Normale,Deux véhicules - côté,,,,,,,,,,,1,1,1,1,3
200800046520,0008-08-31 19:45:00,8,8,31,19,45,590,303,CD 22 RUE DE LA CROIX,50.58,2.857,Plein jour,En agglomération,Hors intersection,Pluie forte,Autre collision,,,,,,,,,,,1,2,1,3,6
200800046521,0008-08-03 17:00:00,8,8,3,17,0,590,94,,,,Plein jour,Hors agglomération,Autre intersection,Normale,Sans collision,,,,,,,,,,,1,1,9,1,7
200800046522,0008-08-02 17:00:00,8,8,2,17,0,590,89,,,,Plein jour,Hors agglomération,Hors intersection,Pluie légère,Sans collision,,,,,,,,,,,1,1,1,2,7
200800046523,0008-08-29 10:30:00,8,8,29,10,30,590,38,3bis rue Roger de l'isle,,,Plein jour,En agglomération,Hors intersection,Normale,Autre collision,,,,,,,,,,,1,2,1,1,6
200800046524,0008-08-27 11:30:00,8,8,27,11,30,590,233,rue bury,50.132,3.967,Plein jour,En agglomération,Intersection en T,Normale,Deux véhicules - côté,,,,,,,,,,,1,2,3,1,3
200800046525,0008-08-15 16:00:00,8,8,15,16,0,590,353,,50.205,3.724,Plein jour,Hors agglomération,Hors intersection,Normale,Deux véhicules - frontale,,,,,,,,,,,1,1,1,1,1
200800046526,0008-08-30 01:30:00,8,8,30,1,30,590,503,route de landrecies,,,Nuit avec éclairage non allumé,En agglomération,Hors intersection,Brouillard / fumée,Deux véhicules - frontale,,,,,,,,,,,4,2,1,5,1
200800046527,0008-08-07 16:00:00,8,8,7,16,0,590,226,,50.139,4.084,Plein jour,Hors agglomération,Hors intersection,Normale,Trois véhicules et plus - collisions multiples,,,,,,,,,,,1,1,1,1,5
200800046528,0008-08-22 23:45:00,8,8,22,23,45,590,137,,50.062,3.671,Nuit sans éclairage public,Hors agglomération,Intersection en X,Temps couvert,Deux véhicules - côté,,,,,,,,,,,3,1,2,8,3
200800046529,0008-08-19 15:30:00,8,8,19,15,30,590,214,,50.304,3.057,Plein jour,Hors agglomération,Hors intersection,Temps couvert,Deux véhicules - côté,,,,,,,,,,,1,1,1,8,3
200800046530,0008-08-12 18:00:00,8,8,12,18,0,590,435,,,,Crépuscule ou aube,En agglomération,Hors intersection,Vent fort / tempête,Autre collision,,,,,,,,,,,2,2,1,6,6
200800046531,0008-08-17 18:15:00,8,8,17,18,15,590,265,rue du centre,,,Plein jour,En agglomération,Hors intersection,Normale,Sans collision,,,,,,,,,,,1,2,1,1,7
200800046532,0008-08-10 13:45:00,8,8,10,13,45,620,369,,50.323,2.853,Plein jour,Hors agglomération,Hors intersection,Normale,Sans collision,,,,,,,,,,,1,1,1,1,7
200800046533,0008-08-20 18:30:00,8,8,20,18,30,620,801,CD 58E2,50.399,2.747,Plein jour,En agglomération,Hors intersection,Normale,Deux véhicules - côté,,,,,,,,,,,1,2,1,1,3
200800046534,0008-08-12 13:30:00,8,8,12,13,30,620,502,Chemin departemental 945,50.633,2.701,Plein jour,En agglomération,Hors intersection,Normale,Autre collision,,,,,,,,,,,1,2,1,1,6
200800046535,0008-08-07 02:00:00,8,8,7,2,0,620,896,,,,Nuit sans éclairage public,Hors agglomération,Hors intersection,Pluie forte,Sans collision,,,,,,,,,,,3,1,1,3,7
200800046536,0008-08-15 19:15:00,8,8,15,19,15,620,896,,,,Plein jour,Hors agglomération,Hors intersection,Normale,Deux véhicules - arrière,,,,,,,,,,,1,1,1,1,2
200800046537,0008-08-15 16:30:00,8,8,15,16,30,620,867,,50.785,1.664,Plein jour,Hors agglomération,Hors intersection,Normale,Sans collision,,,,,,,,,,,1,1,1,1,7
200800046538,0008-08-22 15:45:00,8,8,22,15,45,620,711,69 rue Roger Salengro,,,Plein jour,En agglomération,Hors intersection,Temps éblouissant,Deux véhicules - côté,,,,,,,,,,,1,2,1,7,3
200800046539,0008-08-29 16:30:00,8,8,29,16,30,620,264,rue du Stade,,,Plein jour,En agglomération,Hors intersection,Normale,Autre collision,,,,,,,,,,,1,2,1,1,6
200800046540,0008-08-07 00:15:00,8,8,7,0,15,620,506,270 rue de Canchy,50.79,1.945,Nuit sans éclairage public,En agglomération,Hors intersection,Normale,Deux véhicules - frontale,,,,,,,,,,,3,2,1,1,1
200800046541,0008-08-25 10:45:00,8,8,25,10,45,620,870,,,,Plein jour,Hors agglomération,Hors intersection,Normale,Deux véhicules - côté,,,,,,,,,,,1,1,1,1,3
200800046542,0008-08-30 19:45:00,8,8,30,19,45,620,124,RD 939 PK 11,,,Plein jour,En agglomération,Hors intersection,Normale,Sans collision,,,,,,,,,,,1,2,1,1,7
200800046543,0008-08-26 08:30:00,8,8,26,8,30,620,201,route de boulogne,,,Plein jour,En agglomération,Hors intersection,Normale,Deux véhicules - côté,,,,,,,,,,,1,2,1,1,3
200800046544,0008-08-02 04:45:00,8,8,2,4,45,620,862,,50.564,2.19,Crépuscule ou aube,Hors agglomération,Hors intersection,Normale,Sans collision,,,,,,,,,,,2,1,1,1,7
200800046545,0008-08-18 12:30:00,8,8,18,12,30,620,562,,,,Plein jour,Hors agglomération,Hors intersection,Pluie légère,Sans collision,,,,,,,,,,,1,1,1,2,7
200800046546,0008-08-03 19:00:00,8,8,3,19,0,620,752,,,,Plein jour,Hors agglomération,Hors intersection,Pluie légère,Deux véhicules - frontale,,,,,,,,,,,1,1,1,2,1
200800046547,0008-08-10 22:15:00,8,8,10,22,15,620,621,,50.874,2.018,Plein jour,Hors agglomération,Hors intersection,Normale,Sans collision,,,,,,,,,,,1,1,1,1,7
200800046548,0008-08-22 15:00:00,8,8,22,15,0,620,756,RUE DE ST NICOLAS,50.92,2.163,Plein jour,En agglomération,Hors intersection,Normale,Sans collision,,,,,,,,,,,1,2,1,1,7
200800046549,0008-08-04 23:00:00,8,8,4,23,0,620,534,,50.715,2.138,Nuit avec éclairage allumé,Hors agglomération,Autre intersection,Normale,Autre collision,,,,,,,,,,,5,1,9,1,6
200800046550,0008-08-06 18:45:00,8,8,6,18,45,620,850,rue principale,,,Plein jour,En agglomération,Hors intersection,Normale,Deux véhicules - frontale,,,,,,,,,,,1,2,1,1,1
200800046551,0008-08-06 20:00:00,8,8,6,20,0,620,171,,50.47,2.32,Plein jour,Hors agglomération,Hors intersection,Normale,Autre collision,,,,,,,,,,,1,1,1,1,6
200800046552,0008-08-18 06:30:00,8,8,18,6,30,620,113,,50.353,2.535,Crépuscule ou aube,Hors agglomération,Hors intersection,Normale,Autre collision,,,,,,,,,,,2,1,1,1,6
200800046553,0008-08-01 21:15:00,8,8,1,21,15,620,361,Place Jean jaures,,,Plein jour,En agglomération,Hors intersection,Normale,Autre collision,,,,,,,,,,,1,2,1,1,6
200800046554,0008-08-21 19:45:00,8,8,21,19,45,800,338,,,,Plein jour,Hors agglomération,Hors intersection,Normale,Autre collision,,,,,,,,,,,1,1,1,1,6
200800046555,0008-08-03 09:30:00,8,8,3,9,30,800,587,CD 1015,,,Plein jour,En agglomération,Hors intersection,Pluie légère,Autre collision,,,,,,,,,,,1,2,1,2,6