accident_id,datetime,annee,mois,jour,heure,minute,departement,commune_insee,adresse,latitude,longitude,luminosite,agglomeration,intersection,meteo,collision,nb_vehicules,nb_usagers,nb_indemnes,nb_tues,nb_blesses_hosp,nb_blesses_legers,age_cond_1,age_cond_2,veh_type_cond_1,veh_type_cond_2,lum_code,agg_code,int_code,atm_code,col_code
200800046556,0008-08-30 22:45:00,8,8,30,22,45,800,586,CDE 1015 / VC 202,,,Nuit avec éclairage allumé,En agglomération,Intersection en X,Normale,Deux véhicules - côté,,,,,,,,,,,5,2,2,1,3
200800046557,0008-08-08 19:15:00,8,8,8,19,15,800,229,,49.973,2.085,Plein jour,Hors agglomération,Autre intersection,Normale,Sans collision,,,,,,,,,,,1,1,9,1,7
200800046558,0008-08-15 14:00:00,8,8,15,14,0,800,215,,,,Plein jour,Hors agglomération,Hors intersection,Normale,Deux véhicules - côté,,,,,,,,,,,1,1,1,1,3
200800046559,0008-08-27 16:45:00,8,8,27,16,45,800,476,,,,Plein jour,En agglomération,Hors intersection,Normale,Autre collision,,,,,,,,,,,1,2,1,1,6
200800046560,0008-08-10 16:30:00,8,8,10,16,30,800,464,RUE DE EU,,,Plein jour,En agglomération,Hors intersection,Normale,Deux véhicules - côté,,,,,,,,,,,1,2,1,1,3
200800046561,0008-08-12 09:15:00,8,8,12,9,15,800,464,RUE DANET,,,Plein jour,En agglomération,Hors intersection,Normale,Deux véhicules - frontale,,,,,,,,,,,1,2,1,1,1
200800046562,0008-08-14 14:00:00,8,8,14,14,0,800,308,,50.055,1.607,Plein jour,Hors agglomération,Giratoire,Normale,Sans collision,,,,,,,,,,,1,1,6,1,7
200800046563,0008-08-18 15:45:00,8,8,18,15,45,800,501,Rue de la Prevote,50.213,2.047,Nuit avec éclairage allumé,En agglomération,Hors intersection,Normale,Autre collision,,,,,,,,,,,5,2,1,1,6
200800046564,0008-08-01 15:00:00,8,8,1,15,0,800,377,,50.13,2.31,Plein jour,Hors agglomération,Hors intersection,Normale,Deux véhicules - côté,,,,,,,,,,,1,1,1,1,3
200800046565,0008-08-22 14:45:00,8,8,22,14,45,800,253,,50.151,2.339,Plein jour,Hors agglomération,Hors intersection,Normale,Trois véhicules et plus - collisions multiples,,,,,,,,,,,1,1,1,1,5
200800046566,0008-08-20 15:30:00,8,8,20,15,30,800,669,,,,Plein jour,Hors agglomération,Hors intersection,Normale,Trois véhicules et plus - collisions multiples,,,,,,,,,,,1,1,1,1,5
200800046567,0008-08-28 21:30:00,8,8,28,21,30,800,279,Rue des Soeurs Saint Vin,,,Nuit avec éclairage allumé,En agglomération,Hors intersection,Normale,Autre collision,,,,,,,,,,,5,2,1,1,6
200800046568,0008-08-15 03:00:00,8,8,15,3,0,800,242,,,,Nuit sans éclairage public,Hors agglomération,Hors intersection,Normale,Sans collision,,,,,,,,,,,3,1,1,1,7
200800046569,0008-08-25 07:15:00,8,8,25,7,15,800,570,22 RUE GAMBETTA,,,Plein jour,En agglomération,Hors intersection,Normale,Autre collision,,,,,,,,,,,1,2,1,1,6
200800046570,0008-08-30 15:00:00,8,8,30,15,0,800,570,,,,Plein jour,Hors agglomération,Passage à niveau,Normale,Autre collision,,,,,,,,,,,1,1,8,1,6
200800046571,0008-08-09 04:30:00,8,8,9,4,30,800,115,,,,Nuit sans éclairage public,Hors agglomération,Hors intersection,Normale,Deux véhicules - arrière,,,,,,,,,,,3,1,1,1,2
200800046572,0008-08-10 18:15:00,8,8,10,18,15,800,199,,,,Plein jour,Hors agglomération,Hors intersection,Pluie forte,Sans collision,,,,,,,,,,,1,1,1,3,7
200800046573,0008-08-19 13:45:00,8,8,19,13,45,800,620,,,,Plein jour,En agglomération,Hors intersection,Normale,Deux véhicules - frontale,,,,,,,,,,,1,2,1,1,1
200800046574,0008-08-23 02:45:00,8,8,23,2,45,800,620,RUE ST FURSY,,,Nuit avec éclairage allumé,En agglomération,Hors intersection,Pluie légère,Autre collision,,,,,,,,,,,5,2,1,2,6
200800046575,0008-08-23 22:30:00,8,8,23,22,30,800,664,,,,Nuit avec éclairage non allumé,Hors agglomération,Autre intersection,Normale,Deux véhicules - frontale,,,,,,,,,,,4,1,9,1,1
200800046576,0008-08-18 17:00:00,8,8,18,17,0,800,16,40 rue jean GUYON,,,Plein jour,En agglomération,Hors intersection,Normale,Autre collision,,,,,,,,,,,1,2,1,1,6
200800046577,0008-08-09 16:30:00,8,8,9,16,30,800,680,CD329-Route de Vauviller,49.821,2.707,Plein jour,En agglomération,Hors intersection,Normale,Deux véhicules - côté,,,,,,,,,,,1,2,1,1,3
200800046578,0008-08-08 19:00:00,8,8,8,19,0,800,410,,49.747,3.07,Plein jour,Hors agglomération,Giratoire,Normale,Deux véhicules - côté,,,,,,,,,,,1,1,6,1,3
200800046579,0008-08-14 19:00:00,8,8,14,19,0,800,442,,49.747,3.005,Plein jour,Hors agglomération,Intersection en X,Temps couvert,Deux véhicules - frontale,,,,,,,,,,,1,1,2,8,1
200800046580,0008-08-06 08:05:00,8,8,6,8,5,20,737,,,,Plein jour,Hors agglomération,Hors intersection,Normale,Autre collision,,,,,,,,,,,1,1,1,1,6
200800046581,0008-08-12 20:00:00,8,8,12,20,0,20,468,,49.745,3.758,Plein jour,Hors agglomération,Hors intersection,Normale,Sans collision,,,,,,,,,,,1,1,1,1,7
200800046582,0008-08-03 09:50:00,8,8,3,9,50,20,72,RUE PRINCIPALE,,,Plein jour,En agglomération,Hors intersection,Normale,Autre collision,,,,,,,,,,,1,2,1,1,6
200800046583,0008-08-16 04:00:00,8,8,16,4,0,20,565,rue de Bourg et Comin,49.395,3.688,Nuit avec éclairage non allumé,En agglomération,Hors intersection,Normale,Autre collision,,,,,,,,,,,4,2,1,1,6
200800046584,0008-08-01 00:30:00,8,8,1,0,30,20,309,,49.539,3.752,Nuit sans éclairage public,Hors agglomération,Hors intersection,Normale,Autre collision,,,,,,,,,,,3,1,1,1,6
200800046585,0008-08-18 11:30:00,8,8,18,11,30,20,309,,49.524,3.752,Plein jour,En agglomération,Hors intersection,Normale,Deux véhicules - côté,,,,,,,,,,,1,2,1,1,3
200800046586,0008-08-30 18:45:00,8,8,30,18,45,20,465,,49.037,3.237,Plein jour,Hors agglomération,Hors intersection,Normale,Deux véhicules - frontale,,,,,,,,,,,1,1,1,1,1
200800046587,0008-08-15 20:15:00,8,8,15,20,15,20,271,,,,Plein jour,Hors agglomération,Hors intersection,Normale,Autre collision,,,,,,,,,,,1,1,1,1,6
200800046588,0008-08-14 20:30:00,8,8,14,20,30,20,60,,,,Plein jour,Hors agglomération,Hors intersection,Temps éblouissant,Deux véhicules - arrière,,,,,,,,,,,1,1,1,7,2
200800046589,0008-08-22 17:15:00,8,8,22,17,15,20,383,,49.868,3.399,Plein jour,Hors agglomération,Hors intersection,Pluie légère,Deux véhicules - frontale,,,,,,,,,,,1,1,1,2,1
200800046590,0008-08-30 20:45:00,8,8,30,20,45,20,330,,,,Crépuscule ou aube,Hors agglomération,Hors intersection,Normale,Deux véhicules - frontale,,,,,,,,,,,2,1,1,1,1
200800046591,0008-08-23 00:15:00,8,8,23,0,15,20,370,,49.967,3.178,Nuit sans éclairage public,Hors agglomération,Hors intersection,Normale,Autre collision,,,,,,,,,,,3,1,1,1,6
200800046592,0008-08-30 07:15:00,8,8,30,7,15,20,95,,49.992,3.43,Plein jour,Hors agglomération,Hors intersection,Normale,Deux véhicules - frontale,,,,,,,,,,,1,1,1,1,1
200800046593,0008-08-03 18:15:00,8,8,3,18,15,20,639,,49.72,3.27,Plein jour,Hors agglomération,Hors intersection,Normale,Sans collision,,,,,,,,,,,1,1,1,1,7
200800046594,0008-08-10 09:15:00,8,8,10,9,15,20,648,,,,Plein jour,Hors agglomération,Hors intersection,Pluie légère,Deux véhicules - frontale,,,,,,,,,,,1,1,1,2,1
200800046595,0008-08-10 17:30:00,8,8,10,17,30,20,610,RUE DU 8 MAI 1945,49.396,3.278,Plein jour,En agglomération,Hors intersection,Normale,Autre collision,,,,,,,,,,,1,2,1,1,6
200800046596,0008-08-23 22:45:00,8,8,23,22,45,20,593,,49.408,3.3,Nuit avec éclairage allumé,Hors agglomération,Hors intersection,Normale,Deux véhicules - frontale,,,,,,,,,,,5,1,1,1,1
200800046597,0008-08-29 22:45:00,8,8,29,22,45,20,477,,49.386,3.275,Nuit sans éclairage public,Hors agglomération,Hors intersection,Normale,Deux véhicules - frontale,,,,,,,,,,,3,1,1,1,1
200800046598,0008-08-06 15:30:00,8,8,6,15,30,20,195,,49.373,3.468,Plein jour,Hors agglomération,Hors intersection,Normale,Deux véhicules - frontale,,,,,,,,,,,1,1,1,1,1
200800046599,0008-08-06 09:30:00,8,8,6,9,30,20,734,,,,Plein jour,Hors agglomération,Hors intersection,Normale,Sans collision,,,,,,,,,,,1,1,1,1,7
200800046600,0008-08-12 14:15:00,8,8,12,14,15,20,316,,,,Plein jour,Hors agglomération,Hors intersection,Normale,Autre collision,,,,,,,,,,,1,1,1,1,6
200800046601,0008-08-18 17:00:00,8,8,18,17,0,20,666,,,,Plein jour,Hors agglomération,Hors intersection,Temps couvert,Sans collision,,,,,,,,,,,1,1,1,8,7
200800046602,0008-08-14 21:00:00,8,8,14,21,0,20,361,,,,Nuit avec éclairage non allumé,Hors agglomération,Hors intersection,Normale,Deux véhicules - frontale,,,,,,,,,,,4,1,1,1,1
200800046603,0008-08-31 01:15:00,8,8,31,1,15,20,31,RD 5,,,Nuit sans éclairage public,En agglomération,Hors intersection,Normale,Sans collision,,,,,,,,,,,3,2,1,1,7
200800046604,0008-08-06 19:45:00,8,8,6,19,45,600,230,rue de la Franche Mare,,,Plein jour,En agglomération,Hors intersection,Normale,Deux véhicules - côté,,,,,,,,,,,1,2,1,1,3
200800046605,0008-08-08 17:30:00,8,8,8,17,30,600,103,Avenue de la liberation,49.67,2.423,Plein jour,En agglomération,Autre intersection,Normale,Deux véhicules - côté,,,,,,,,,,,1,2,9,1,3
200800046606,0008-08-10 18:15:00,8,8,10,18,15,600,41,,,,Plein jour,Hors agglomération,Hors intersection,Normale,Sans collision,,,,,,,,,,,1,1,1,1,7
200800046607,0008-08-11 06:30:00,8,8,11,6,30,600,41,,,,Plein jour,Hors agglomération,Hors intersection,Normale,Autre collision,,,,,,,,,,,1,1,1,1,6
200800046608,0008-08-22 18:00:00,8,8,22,18,0,600,626,,,,Plein jour,Hors agglomération,Hors intersection,Normale,Autre collision,,,,,,,,,,,1,1,1,1,6
200800046609,0008-08-09 17:15:00,8,8,9,17,15,600,645,,49.28,1.85,Plein jour,Hors agglomération,Intersection en X,Normale,Deux véhicules - côté,,,,,,,,,,,1,1,2,1,3
200800046610,0008-08-02 12:15:00,8,8,2,12,15,600,588,,,,Plein jour,Hors agglomération,Hors intersection,Pluie légère,Deux véhicules - arrière,,,,,,,,,,,1,1,1,2,2
200800046611,0008-08-02 13:15:00,8,8,2,13,15,600,286,Rue Eugene de St Fuscien,,,Plein jour,En agglomération,Hors intersection,Pluie légère,Deux véhicules - frontale,,,,,,,,,,,1,2,1,2,1
200800046612,0008-08-15 12:30:00,8,8,15,12,30,600,194,,,,Plein jour,Hors agglomération,Hors intersection,Normale,Sans collision,,,,,,,,,,,1,1,1,1,7
200800046613,0008-08-16 01:00:00,8,8,16,1,0,600,286,RUE EUGENE DE ST FUSCIEN,,,Nuit avec éclairage allumé,En agglomération,Hors intersection,Normale,Deux véhicules - côté,,,,,,,,,,,5,2,1,1,3
200800046614,0008-08-30 18:30:00,8,8,30,18,30,600,395,rue  Mimaut,,,Plein jour,En agglomération,Hors intersection,Normale,Sans collision,,,,,,,,,,,1,2,1,1,7
200800046615,0008-08-14 23:15:00,8,8,14,23,15,600,65,,,,Nuit sans éclairage public,Hors agglomération,Hors intersection,Normale,Sans collision,,,,,,,,,,,3,1,1,1,7
200800046616,0008-08-22 14:30:00,8,8,22,14,30,600,598,,,,Plein jour,Hors agglomération,Hors intersection,Pluie forte,Deux véhicules - frontale,,,,,,,,,,,1,1,1,3,1
200800046617,0008-08-02 16:15:00,8,8,2,16,15,600,26,,,,Plein jour,Hors agglomération,Hors intersection,Temps couvert,Deux véhicules - frontale,,,,,,,,,,,1,1,1,8,1
200800046618,0008-08-09 19:30:00,8,8,9,19,30,600,104,,49.586,2.309,Plein jour,Hors agglomération,Hors intersection,Normale,Autre collision,,,,,,,,,,,1,1,1,1,6
200800046619,0008-08-11 16:45:00,8,8,11,16,45,600,486,rue Lamblin pk 05.000,,,Plein jour,En agglomération,Hors intersection,Normale,Deux véhicules - frontale,,,,,,,,,,,1,2,1,1,1
200800046620,0008-08-31 18:15:00,8,8,31,18,15,600,15,,49.347,2.343,Plein jour,Hors agglomération,Hors intersection,Pluie légère,Trois véhicules et plus - collisions multiples,,,,,,,,,,,1,1,1,2,5
200800046621,0008-08-07 23:15:00,8,8,7,23,15,600,581,,,,Nuit sans éclairage public,Hors agglomération,Hors intersection,Normale,Autre collision,,,,,,,,,,,3,1,1,1,6
200800046622,0008-08-17 21:00:00,8,8,17,21,0,600,702,30 GRANDE RUE,,,Crépuscule ou aube,En agglomération,Hors intersection,Normale,Sans collision,,,,,,,,,,,2,2,1,1,7
200800046623,0008-08-20 19:30:00,8,8,20,19,30,600,374,rond point de la zone,49.559,2.527,Plein jour,En agglomération,Giratoire,Normale,Sans collision,,,,,,,,,,,1,2,6,1,7
200800046624,0008-08-03 07:30:00,8,8,3,7,30,600,641,rue d' Attichy,49.475,3.011,Plein jour,En agglomération,Hors intersection,Normale,Autre collision,,,,,,,,,,,1,2,1,1,6
200800046625,0008-08-23 17:15:00,8,8,23,17,15,600,636,,49.485,2.874,Plein jour,Hors agglomération,Giratoire,Normale,Deux véhicules - arrière,,,,,,,,,,,1,1,6,1,2
200800046626,0008-08-29 13:45:00,8,8,29,13,45,600,402,RUE DE COMPIEGNE,49.367,2.755,Plein jour,En agglomération,Hors intersection,Normale,Deux véhicules - frontale,,,,,,,,,,,1,2,1,1,1
200800046627,0008-08-23 23:00:00,8,8,23,23,0,600,160,,,,Nuit sans éclairage public,Hors agglomération,Hors intersection,Normale,Autre collision,,,,,,,,,,,3,1,1,1,6
200800046628,0008-08-25 13:00:00,8,8,25,13,0,600,24,,,,Plein jour,Hors agglomération,Hors intersection,Normale,Deux véhicules - frontale,,,,,,,,,,,1,1,1,1,1
200800046629,0008-08-31 10:15:00,8,8,31,10,15,600,351,,,,Plein jour,Hors agglomération,Hors intersection,Normale,Autre collision,,,,,,,,,,,1,1,1,1,6
200800046630,0008-08-02 18:45:00,8,8,2,18,45,570,104,,,,Plein jour,Hors agglomération,Hors intersection,Normale,Deux véhicules - côté,,,,,,,,,,,1,1,1,1,3
200800046631,0008-08-10 05:45:00,8,8,10,5,45,600,138,,49.231,2.62,Crépuscule ou aube,Hors agglomération,Hors intersection,Normale,Autre collision,,,,,,,,,,,2,1,1,1,6
200800046632,0008-08-19 07:45:00,8,8,19,7,45,600,141,avenue du Marechal Joffr,,,Plein jour,En agglomération,Hors intersection,Normale,Deux véhicules - côté,,,,,,,,,,,1,2,1,1,3
200800046633,0008-08-23 17:45:00,8,8,23,17,45,600,695,,,,Plein jour,En agglomération,Hors intersection,Normale,Deux véhicules - frontale,,,,,,,,,,,1,2,1,1,1
200800046634,0008-08-04 18:15:00,8,8,4,18,15,600,22,,49.211,2.463,Plein jour,Hors agglomération,Giratoire,Normale,Deux véhicules - côté,,,,,,,,,,,1,1,6,1,3
200800046635,0008-08-31 03:45:00,8,8,31,3,45,600,589,,49.225,2.455,Nuit sans éclairage public,Hors agglomération,Giratoire,Normale,Sans collision,,,,,,,,,,,3,1,6,1,7
200800046636,0008-08-08 07:15:00,8,8,8,7,15,600,279,RN2,49.218,2.955,Crépuscule ou aube,En agglomération,Hors intersection,Normale,Deux véhicules - côté,,,,,,,,,,,2,2,1,1,3
200800046637,0008-08-14 20:15:00,8,8,14,20,15,600,176,RD1324,,,Crépuscule ou aube,En agglomération,Hors intersection,Normale,Deux véhicules - côté,,,,,,,,,,,2,2,1,1,3
200800046638,0008-08-28 18:15:00,8,8,28,18,15,600,358,Rond point des 3 lurons,,,Plein jour,En agglomération,Giratoire,Normale,Deux véhicules - côté,,,,,,,,,,,1,2,6,1,3
200800046639,0008-08-22 18:00:00,8,8,22,18,0,600,213,,,,Plein jour,Hors agglomération,Hors intersection,Temps couvert,Trois véhicules et plus - collisions multiples,,,,,,,,,,,1,1,1,8,5
200800046640,0008-08-01 16:45:00,8,8,1,16,45,600,66,rue des Bouleurs,,,Plein jour,En agglomération,Hors intersection,Normale,Deux véhicules - frontale,,,,,,,,,,,1,2,1,1,1
200800046641,0008-08-06 20:30:00,8,8,6,20,30,600,509,,,,Plein jour,Hors agglomération,Hors intersection,Normale,Autre collision,,,,,,,,,,,1,1,1,1,6
200800046642,0008-08-04 15:30:00,8,8,4,15,30,760,452,RUE ERNEST DELAPORTE,49.552,1.077,Plein jour,En agglomération,Hors intersection,Normale,Autre collision,,,,,,,,,,,1,2,1,1,6
200800046643,0008-08-15 17:15:00,8,8,15,17,15,760,30,,,,Plein jour,Hors agglomération,Hors intersection,Normale,Trois véhicules et plus - collisions multiples,,,,,,,,,,,1,1,1,1,5
200800046644,0008-08-30 11:30:00,8,8,30,11,30,760,235,RUE DE L ABBE COCHET,,,Plein jour,En agglomération,Hors intersection,Normale,Autre collision,,,,,,,,,,,1,2,1,1,6
200800046645,0008-08-17 16:00:00,8,8,17,16,0,760,51,,49.783,0.979,Plein jour,Hors agglomération,Hors intersection,Normale,Autre collision,,,,,,,,,,,1,1,1,1,6
200800046646,0008-08-30 09:45:00,8,8,30,9,45,760,514,cd13,49.359,1.191,Plein jour,En agglomération,Hors intersection,Normale,Deux véhicules - frontale,,,,,,,,,,,1,2,1,1,1
200800046647,0008-08-30 11:15:00,8,8,30,11,15,760,39,,49.287,1.157,Plein jour,Hors agglomération,Hors intersection,Normale,Deux véhicules - frontale,,,,,,,,,,,1,1,1,1,1
200800046648,0008-08-02 20:45:00,8,8,2,20,45,760,727,,49.454,0.658,Plein jour,Hors agglomération,Hors intersection,Normale,Deux véhicules - côté,,,,,,,,,,,1,1,1,1,3
200800046649,0008-08-08 16:00:00,8,8,8,16,0,760,727,,49.478,0.715,Plein jour,Hors agglomération,Intersection en X,Temps couvert,Deux véhicules - côté,,,,,,,,,,,1,1,2,8,3
200800046650,0008-08-12 18:15:00,8,8,12,18,15,760,164,rue Winston Churchill,49.529,0.721,Plein jour,En agglomération,Hors intersection,Pluie forte,Deux véhicules - arrière,,,,,,,,,,,1,2,1,3,2
200800046651,0008-08-30 14:00:00,8,8,30,14,0,760,164,rue de la Planquette,,,Plein jour,En agglomération,Hors intersection,Normale,Deux véhicules - côté,,,,,,,,,,,1,2,1,1,3
200800046652,0008-08-03 14:15:00,8,8,3,14,15,760,693,,,,Plein jour,Hors agglomération,Hors intersection,Normale,Deux véhicules - frontale,,,,,,,,,,,1,1,1,1,1
200800046653,0008-08-28 18:00:00,8,8,28,18,0,760,660,,,,Plein jour,Hors agglomération,Hors intersection,Normale,Deux véhicules - frontale,,,,,,,,,,,1,1,1,1,1
200800046654,0008-08-01 22:30:00,8,8,1,22,30,760,578,,,,Nuit sans éclairage public,Hors agglomération,Hors intersection,Normale,Deux véhicules - frontale,,,,,,,,,,,3,1,1,1,1
200800046655,0008-08-04 19:45:00,8,8,4,19,45,760,621,,,,Plein jour,Hors agglomération,Hors intersection,Normale,Deux véhicules - frontale,,,,,,,,,,,1,1,1,1,1
200800046656,0008-08-23 13:45:00,8,8,23,13,45,760,621,le bourg,,,Plein jour,En agglomération,Intersection en T,Normale,Deux véhicules - frontale,,,,,,,,,,,1,2,3,1,1
200800046657,0008-08-31 10:45:00,8,8,31,10,45,760,621,,,,Plein jour,Hors agglomération,Hors intersection,Temps couvert,Deux véhicules - frontale,,,,,,,,,,,1,1,1,8,1
200800046658,0008-08-16 03:00:00,8,8,16,3,0,760,263,,,,Nuit sans éclairage public,Hors agglomération,Hors intersection,Normale,Autre collision,,,,,,,,,,,3,1,1,1,6
200800046659,0008-08-10 00:15:00,8,8,10,0,15,760,758,RUE DU CHAMPS DE MARS,49.625,0.753,Nuit avec éclairage allumé,En agglomération,Hors intersection,Normale,Sans collision,,,,,,,,,,,5,2,1,1,7
200800046660,0008-08-15 06:00:00,8,8,15,6,0,760,57,,,,Nuit sans éclairage public,Hors agglomération,Hors intersection,Normale,Deux véhicules - frontale,,,,,,,,,,,3,1,1,1,1
200800046661,0008-08-17 01:45:00,8,8,17,1,45,760,57,,,,Nuit sans éclairage public,Hors agglomération,Hors intersection,Normale,Sans collision,,,,,,,,,,,3,1,1,1,7
200800046662,0008-08-30 19:15:00,8,8,30,19,15,760,433,,,,Plein jour,Hors agglomération,Hors intersection,Normale,Deux véhicules - frontale,,,,,,,,,,,1,1,1,1,1
200800046663,0008-08-03 03:15:00,8,8,3,3,15,760,736,Route de Malleville,,,Nuit sans éclairage public,En agglomération,Hors intersection,Temps couvert,Autre collision,,,,,,,,,,,3,2,1,8,6
200800046664,0008-08-31 09:00:00,8,8,31,9,0,760,655,,49.864,0.683,Plein jour,Hors agglomération,Hors intersection,Normale,Autre collision,,,,,,,,,,,1,1,1,1,6
200800046665,0008-08-10 23:30:00,8,8,10,23,30,760,597,,49.743,0.883,Nuit sans éclairage public,Hors agglomération,Hors intersection,Normale,Autre collision,,,,,,,,,,,3,1,1,1,6
200800046666,0008-08-24 10:00:00,8,8,24,10,0,270,486,,,,Plein jour,Hors agglomération,Hors intersection,Pluie légère,Sans collision,,,,,,,,,,,1,1,1,2,7
200800046667,0008-08-31 18:00:00,8,8,31,18,0,270,524,RN13,,,Plein jour,En agglomération,Hors intersection,Normale,Sans collision,,,,,,,,,,,1,2,1,1,7
200800046668,0008-08-09 11:30:00,8,8,9,11,30,270,123,9 rue de la mairie,49.011,1.318,Plein jour,En agglomération,Hors intersection,Normale,Deux véhicules - côté,,,,,,,,,,,1,2,1,1,3
200800046669,0008-08-11 15:45:00,8,8,11,15,45,270,309,4 RUE DE LA MAIRIE,,,Plein jour,En agglomération,Hors intersection,Normale,Deux véhicules - frontale,,,,,,,,,,,1,2,1,1,1
200800046670,0008-08-07 21:00:00,8,8,7,21,0,270,9,,,,Plein jour,Hors agglomération,Hors intersection,Pluie légère,Deux véhicules - frontale,,,,,,,,,,,1,1,1,2,1
200800046671,0008-08-11 16:30:00,8,8,11,16,30,270,303,40 RUE DE LESME,,,Plein jour,En agglomération,Hors intersection,Normale,Sans collision,,,,,,,,,,,1,2,1,1,7
200800046672,0008-08-26 14:45:00,8,8,26,14,45,270,679,,,,Plein jour,Hors agglomération,Hors intersection,Normale,Trois véhicules et plus - en chaîne,,,,,,,,,,,1,1,1,1,4
200800046673,0008-08-23 14:45:00,8,8,23,14,45,270,422,route des andelys,,,Nuit avec éclairage allumé,En agglomération,Autre intersection,Normale,Sans collision,,,,,,,,,,,5,2,9,1,7
200800046674,0008-08-01 17:30:00,8,8,1,17,30,270,331,,,,Plein jour,Hors agglomération,Hors intersection,Normale,Deux véhicules - côté,,,,,,,,,,,1,1,1,1,3
200800046675,0008-08-01 17:45:00,8,8,1,17,45,270,285,,,,Plein jour,Hors agglomération,Hors intersection,Normale,Deux véhicules - frontale,,,,,,,,,,,1,1,1,1,1
200800046676,0008-08-03 13:30:00,8,8,3,13,30,270,487,route de fumechon,,,Plein jour,En agglomération,Hors intersection,Normale,Sans collision,,,,,,,,,,,1,2,1,1,7
200800046677,0008-08-09 19:00:00,8,8,9,19,0,270,445,,49.255,1.674,Plein jour,Hors agglomération,Hors intersection,Normale,Deux véhicules - côté,,,,,,,,,,,1,1,1,1,3
200800046678,0008-08-28 00:15:00,8,8,28,0,15,270,276,,49.278,1.621,Nuit sans éclairage public,Hors agglomération,Hors intersection,Normale,Autre collision,,,,,,,,,,,3,1,1,1,6
200800046679,0008-08-12 14:15:00,8,8,12,14,15,270,179,,,,Plein jour,Hors agglomération,Intersection en X,Normale,Deux véhicules - côté,,,,,,,,,,,1,1,2,1,3
200800046680,0008-08-21 11:15:00,8,8,21,11,15,270,56,rue thiers,49.095,0.598,Plein jour,En agglomération,Hors intersection,Normale,Autre collision,,,,,,,,,,,1,2,1,1,6
200800046681,0008-08-23 00:01:00,8,8,23,0,1,270,398,,,,Nuit sans éclairage public,Hors agglomération,Hors intersection,Normale,Autre collision,,,,,,,,,,,3,1,1,1,6
200800046682,0008-08-08 16:00:00,8,8,8,16,0,270,311,RUE AUX ROUX LE CLOS FLE,,,Plein jour,En agglomération,Hors intersection,Normale,Deux véhicules - frontale,,,,,,,,,,,1,2,1,1,1
200800046683,0008-08-09 17:30:00,8,8,9,17,30,270,221,,,,Plein jour,Hors agglomération,Hors intersection,Normale,Sans collision,,,,,,,,,,,1,1,1,1,7
200800046684,0008-08-30 14:30:00,8,8,30,14,30,270,116,Rue lemarois,,,Plein jour,En agglomération,Hors intersection,Normale,Autre collision,,,,,,,,,,,1,2,1,1,6
200800046685,0008-08-12 01:00:00,8,8,12,1,0,270,25,,49.108,1.292,Nuit sans éclairage public,Hors agglomération,Hors intersection,Pluie forte,Sans collision,,,,,,,,,,,3,1,1,3,7
200800046686,0008-08-15 12:15:00,8,8,15,12,15,270,250,CD 836 RUE DE PACY,,,Plein jour,En agglomération,Hors intersection,Normale,Deux véhicules - côté,,,,,,,,,,,1,2,1,1,3
200800046687,0008-08-15 18:15:00,8,8,15,18,15,270,348,CD6015,49.323,1.15,Plein jour,En agglomération,Hors intersection,Normale,Autre collision,,,,,,,,,,,1,2,1,1,6
200800046688,0008-08-16 01:45:00,8,8,16,1,45,270,348,,49.332,1.152,Nuit sans éclairage public,Hors agglomération,Hors intersection,Normale,Sans collision,,,,,,,,,,,3,1,1,1,7
200800046689,0008-08-26 18:00:00,8,8,26,18,0,270,467,Boulevard Pompidou,,,Plein jour,En agglomération,Hors intersection,Normale,Autre collision,,,,,,,,,,,1,2,1,1,6
200800046690,0008-08-20 18:45:00,8,8,20,18,45,350,47,avenue de l'Europe,,,Plein jour,En agglomération,Hors intersection,Normale,Deux véhicules - frontale,,,,,,,,,,,1,2,1,1,1
200800046691,0008-08-29 18:45:00,8,8,29,18,45,350,66,,,,Plein jour,Hors agglomération,Hors intersection,Normale,Trois véhicules et plus - collisions multiples,,,,,,,,,,,1,1,1,1,5
200800046692,0008-08-02 17:15:00,8,8,2,17,15,350,184,,,,Plein jour,Hors agglomération,Hors intersection,Normale,Autre collision,,,,,,,,,,,1,1,1,1,6
200800046693,0008-08-24 20:00:00,8,8,24,20,0,350,234,,,,Plein jour,Hors agglomération,Hors intersection,Normale,Autre collision,,,,,,,,,,,1,1,1,1,6
200800046694,0008-08-07 18:30:00,8,8,7,18,30,350,223,,,,Plein jour,Hors agglomération,Hors intersection,Normale,Deux véhicules - côté,,,,,,,,,,,1,1,1,1,3
200800046695,0008-08-11 17:15:00,8,8,11,17,15,350,23,rue de dinan,,,Plein jour,En agglomération,Hors intersection,Normale,Deux véhicules - frontale,,,,,,,,,,,1,2,1,1,1
200800046696,0008-08-21 06:30:00,8,8,21,6,30,350,76,,,,Nuit sans éclairage public,Hors agglomération,Hors intersection,Normale,Autre collision,,,,,,,,,,,3,1,1,1,6