accident_id,datetime,annee,mois,jour,heure,minute,departement,commune_insee,adresse,latitude,longitude,luminosite,agglomeration,intersection,meteo,collision,nb_vehicules,nb_usagers,nb_indemnes,nb_tues,nb_blesses_hosp,nb_blesses_legers,age_cond_1,age_cond_2,veh_type_cond_1,veh_type_cond_2,lum_code,agg_code,int_code,atm_code,col_code
200800046838,0008-08-12 16:30:00,8,8,12,16,30,440,213,,,,Plein jour,Hors agglomération,Hors intersection,Normale,Autre collision,,,,,,,,,,,1,1,1,1,6
200800046839,0008-08-14 10:30:00,8,8,14,10,30,440,3,Bld Pasteur,,,Plein jour,En agglomération,Hors intersection,Normale,Autre collision,,,,,,,,,,,1,2,1,1,6
200800046840,0008-08-27 23:15:00,8,8,27,23,15,440,147,,,,Nuit sans éclairage public,Hors agglomération,Hors intersection,Normale,Autre collision,,,,,,,,,,,3,1,1,1,6
200800046841,0008-08-08 13:45:00,8,8,8,13,45,440,140,,,,Plein jour,En agglomération,Hors intersection,Normale,Deux véhicules - frontale,,,,,,,,,,,1,2,1,1,1
200800046842,0008-08-25 14:45:00,8,8,25,14,45,440,169,4 route du soleil Levant,47.254,-1.392,Plein jour,En agglomération,Hors intersection,Normale,Autre collision,,,,,,,,,,,1,2,1,1,6
200800046843,0008-08-14 20:00:00,8,8,14,20,0,440,153,,,,Plein jour,Hors agglomération,Hors intersection,Normale,Autre collision,,,,,,,,,,,1,1,1,1,6
200800046844,0008-08-14 13:30:00,8,8,14,13,30,440,56,,,,Plein jour,Hors agglomération,Hors intersection,Normale,Deux véhicules - frontale,,,,,,,,,,,1,1,1,1,1
200800046845,0008-08-17 08:30:00,8,8,17,8,30,440,67,68 ROUTE DERVAL,47.636,-1.816,Plein jour,En agglomération,Hors intersection,Normale,Autre collision,,,,,,,,,,,1,2,1,1,6
200800046846,0008-08-01 21:00:00,8,8,1,21,0,440,208,,47.627,-1.549,Plein jour,Hors agglomération,Hors intersection,Normale,Autre collision,,,,,,,,,,,1,1,1,1,6
200800046847,0008-08-03 03:30:00,8,8,3,3,30,440,113,,47.561,-1.634,Nuit sans éclairage public,Hors agglomération,Hors intersection,Pluie légère,Autre collision,,,,,,,,,,,3,1,1,2,6
200800046848,0008-08-04 14:45:00,8,8,4,14,45,440,120,rue de la Jouardais,47.199,-1.759,Plein jour,En agglomération,Giratoire,Normale,Deux véhicules - côté,,,,,,,,,,,1,2,6,1,3
200800046849,0008-08-17 16:00:00,8,8,17,16,0,440,182,Bd de l'Ocean THARON,,,Nuit avec éclairage allumé,En agglomération,Giratoire,Normale,Deux véhicules - arrière,,,,,,,,,,,5,2,6,1,2
200800046850,0008-08-18 00:01:00,8,8,18,0,1,440,187,,,,Nuit sans éclairage public,Hors agglomération,Intersection en X,Normale,Trois véhicules et plus - collisions multiples,,,,,,,,,,,3,1,2,1,5
200800046851,0008-08-23 16:15:00,8,8,23,16,15,440,154,77 AVENUE MINDIN,,,Plein jour,En agglomération,Hors intersection,Normale,Deux véhicules - côté,,,,,,,,,,,1,2,1,1,3
200800046852,0008-08-11 02:30:00,8,8,11,2,30,440,72,Rue de verdun,,,Nuit avec éclairage allumé,En agglomération,Hors intersection,Normale,Autre collision,,,,,,,,,,,5,2,1,1,6
200800046853,0008-08-16 13:15:00,8,8,16,13,15,440,69,,,,Plein jour,Hors agglomération,Place,Normale,Autre collision,,,,,,,,,,,1,1,7,1,6
200800046854,0008-08-09 09:30:00,8,8,9,9,30,440,210,,,,Plein jour,Hors agglomération,Hors intersection,Normale,Autre collision,,,,,,,,,,,1,1,1,1,6
200800046855,0008-08-20 19:00:00,8,8,20,19,0,440,103,,,,Plein jour,Hors agglomération,Hors intersection,Normale,Deux véhicules - côté,,,,,,,,,,,1,1,1,1,3
200800046856,0008-08-26 20:45:00,8,8,26,20,45,440,210,RUE DE PENHOET,,,Plein jour,En agglomération,Hors intersection,Normale,Deux véhicules - côté,,,,,,,,,,,1,2,1,1,3
200800046857,0008-08-30 21:45:00,8,8,30,21,45,440,210,,,,Nuit sans éclairage public,Hors agglomération,Hors intersection,Normale,Autre collision,,,,,,,,,,,3,1,1,1,6
200800046858,0008-08-07 18:15:00,8,8,7,18,15,440,68,,47.544,-1.996,Plein jour,Hors agglomération,Hors intersection,Normale,Deux véhicules - frontale,,,,,,,,,,,1,1,1,1,1
200800046859,0008-08-17 08:30:00,8,8,17,8,30,440,161,,47.499,-2.047,Plein jour,Hors agglomération,Hors intersection,Normale,Sans collision,,,,,,,,,,,1,1,1,1,7
200800046860,0008-08-19 13:30:00,8,8,19,13,30,440,45,,,,Plein jour,Hors agglomération,Intersection en T,Temps couvert,Deux véhicules - côté,,,,,,,,,,,1,1,3,8,3
200800046861,0008-08-04 22:45:00,8,8,4,22,45,490,214,rue Georges Brassens,47.533,-0.609,Nuit avec éclairage allumé,En agglomération,Hors intersection,Normale,Deux véhicules - frontale,,,,,,,,,,,5,2,1,1,1
200800046862,0008-08-12 15:00:00,8,8,12,15,0,490,49,,47.417,-0.162,Plein jour,Hors agglomération,Hors intersection,Pluie légère,Deux véhicules - frontale,,,,,,,,,,,1,1,1,2,1
200800046863,0008-08-22 14:00:00,8,8,22,14,0,490,21,ROUTE DE LA PREVOTE,47.444,-0.231,Plein jour,En agglomération,Hors intersection,Normale,Autre collision,,,,,,,,,,,1,2,1,1,6
200800046864,0008-08-09 18:30:00,8,8,9,18,30,490,290,,,,Plein jour,Hors agglomération,Hors intersection,Normale,Deux véhicules - arrière,,,,,,,,,,,1,1,1,1,2
200800046865,0008-08-24 03:30:00,8,8,24,3,30,490,50,,47.342,-0.43,Nuit sans éclairage public,Hors agglomération,Hors intersection,Normale,Sans collision,,,,,,,,,,,3,1,1,1,7
200800046866,0008-08-30 20:00:00,8,8,30,20,0,490,308,la Mecreniere,47.403,-0.514,Plein jour,En agglomération,Giratoire,Normale,Deux véhicules - côté,,,,,,,,,,,1,2,6,1,3
200800046867,0008-08-03 16:00:00,8,8,3,16,0,490,220,,,,Plein jour,Hors agglomération,Hors intersection,Temps couvert,Sans collision,,,,,,,,,,,1,1,1,8,7
200800046868,0008-08-15 22:45:00,8,8,15,22,45,490,333,,,,Nuit sans éclairage public,Hors agglomération,Hors intersection,Normale,Autre collision,,,,,,,,,,,3,1,1,1,6
200800046869,0008-08-25 09:45:00,8,8,25,9,45,490,199,,47.19,-0.721,Plein jour,Hors agglomération,Hors intersection,Temps couvert,Deux véhicules - frontale,,,,,,,,,,,1,1,1,8,1
200800046870,0008-08-02 20:45:00,8,8,2,20,45,490,269,,47.009,-0.956,Crépuscule ou aube,Hors agglomération,Hors intersection,Normale,Deux véhicules - frontale,,,,,,,,,,,2,1,1,1,1
200800046871,0008-08-23 01:45:00,8,8,23,1,45,490,245,,,,Nuit sans éclairage public,Hors agglomération,Hors intersection,Normale,Deux véhicules - côté,,,,,,,,,,,3,1,1,1,3
200800046872,0008-08-23 16:00:00,8,8,23,16,0,490,380,,,,Plein jour,Hors agglomération,Hors intersection,Normale,Sans collision,,,,,,,,,,,1,1,1,1,7
200800046873,0008-08-02 19:00:00,8,8,2,19,0,490,282,,,,Plein jour,Hors agglomération,Hors intersection,Temps couvert,Autre collision,,,,,,,,,,,1,1,1,8,6
200800046874,0008-08-09 19:30:00,8,8,9,19,30,490,224,Deviation de Blou,47.345,-0.036,Plein jour,En agglomération,Hors intersection,Normale,Deux véhicules - frontale,,,,,,,,,,,1,2,1,1,1
200800046875,0008-08-04 19:45:00,8,8,4,19,45,490,253,,47.114,-0.204,Plein jour,Hors agglomération,Intersection en X,Normale,Deux véhicules - côté,,,,,,,,,,,1,1,2,1,3
200800046876,0008-08-24 20:45:00,8,8,24,20,45,490,331,,,,Nuit sans éclairage public,Hors agglomération,Hors intersection,Pluie légère,Deux véhicules - frontale,,,,,,,,,,,3,1,1,2,1
200800046877,0008-08-29 18:45:00,8,8,29,18,45,490,77,rue creuse,,,Plein jour,En agglomération,Hors intersection,Normale,Deux véhicules - frontale,,,,,,,,,,,1,2,1,1,1
200800046878,0008-08-01 00:45:00,8,8,1,0,45,490,266,,,,Nuit sans éclairage public,Hors agglomération,Hors intersection,Normale,Sans collision,,,,,,,,,,,3,1,1,1,7
200800046879,0008-08-18 20:45:00,8,8,18,20,45,490,135,,,,Plein jour,Hors agglomération,Hors intersection,Normale,Deux véhicules - côté,,,,,,,,,,,1,1,1,1,3
200800046880,0008-08-22 18:30:00,8,8,22,18,30,530,205,,48.123,-0.595,Plein jour,Hors agglomération,Hors intersection,Normale,Autre collision,,,,,,,,,,,1,1,1,1,6
200800046881,0008-08-24 04:30:00,8,8,24,4,30,530,218,,48.234,-0.368,Nuit sans éclairage public,Hors agglomération,Hors intersection,Normale,Autre collision,,,,,,,,,,,3,1,1,1,6
200800046882,0008-08-28 15:30:00,8,8,28,15,30,530,36,,,,Plein jour,Hors agglomération,Hors intersection,Normale,Deux véhicules - arrière,,,,,,,,,,,1,1,1,1,2
200800046883,0008-08-11 17:00:00,8,8,11,17,0,530,260,9 rue bonne rencontre,,,Plein jour,En agglomération,Hors intersection,Normale,Deux véhicules - frontale,,,,,,,,,,,1,2,1,1,1
200800046884,0008-08-27 14:00:00,8,8,27,14,0,530,147,,,,Plein jour,Hors agglomération,Intersection en T,Normale,Deux véhicules - frontale,,,,,,,,,,,1,1,3,1,1
200800046885,0008-08-02 12:30:00,8,8,2,12,30,530,249,,48.208,-0.182,Plein jour,Hors agglomération,Hors intersection,Pluie légère,Deux véhicules - côté,,,,,,,,,,,1,1,1,2,3
200800046886,0008-08-27 23:15:00,8,8,27,23,15,530,185,,,,Nuit sans éclairage public,Hors agglomération,Autre intersection,Normale,Sans collision,,,,,,,,,,,3,1,9,1,7
200800046887,0008-08-01 22:15:00,8,8,1,22,15,720,386,,48.033,0.282,Plein jour,Hors agglomération,Intersection en X,Normale,Deux véhicules - côté,,,,,,,,,,,1,1,2,1,3
200800046888,0008-08-02 13:15:00,8,8,2,13,15,720,289,,48.139,0.151,Plein jour,Hors agglomération,Hors intersection,Normale,Deux véhicules - frontale,,,,,,,,,,,1,1,1,1,1
200800046889,0008-08-22 16:45:00,8,8,22,16,45,720,335,,48.095,0.318,Plein jour,Hors agglomération,Hors intersection,Pluie légère,Deux véhicules - frontale,,,,,,,,,,,1,1,1,2,1
200800046890,0008-08-07 08:00:00,8,8,7,8,0,720,154,rue de la dauversiere,47.704,-0.075,Crépuscule ou aube,En agglomération,Hors intersection,Normale,Deux véhicules - côté,,,,,,,,,,,2,2,1,1,3
200800046891,0008-08-20 08:45:00,8,8,20,8,45,720,154,boulevard latouche,47.702,-0.074,Plein jour,En agglomération,Hors intersection,Normale,Deux véhicules - côté,,,,,,,,,,,1,2,1,1,3
200800046892,0008-08-31 15:45:00,8,8,31,15,45,720,173,rue dit du breuil,,,Plein jour,En agglomération,Hors intersection,Normale,Deux véhicules - côté,,,,,,,,,,,1,2,1,1,3
200800046893,0008-08-20 21:30:00,8,8,20,21,30,720,223,,47.848,-0.103,Crépuscule ou aube,Hors agglomération,Hors intersection,Normale,Sans collision,,,,,,,,,,,2,1,1,1,7
200800046894,0008-08-08 23:45:00,8,8,8,23,45,720,175,,,,Nuit sans éclairage public,Hors agglomération,Hors intersection,Normale,Sans collision,,,,,,,,,,,3,1,1,1,7
200800046895,0008-08-23 22:00:00,8,8,23,22,0,720,176,,,,Nuit sans éclairage public,Hors agglomération,Hors intersection,Normale,Sans collision,,,,,,,,,,,3,1,1,1,7
200800046896,0008-08-28 14:00:00,8,8,28,14,0,720,364,,47.673,0.321,Plein jour,Hors agglomération,Autre intersection,Normale,Deux véhicules - côté,,,,,,,,,,,1,1,9,1,3
200800046897,0008-08-22 16:15:00,8,8,22,16,15,720,372,,48.367,0.291,Plein jour,Hors agglomération,Intersection en X,Pluie forte,Deux véhicules - côté,,,,,,,,,,,1,1,2,3,3
200800046898,0008-08-24 05:15:00,8,8,24,5,15,720,41,,48.091,0.638,Nuit sans éclairage public,Hors agglomération,Hors intersection,Normale,Sans collision,,,,,,,,,,,3,1,1,1,7
200800046899,0008-08-29 03:15:00,8,8,29,3,15,720,132,,48.071,0.611,Nuit sans éclairage public,Hors agglomération,Hors intersection,Normale,Autre collision,,,,,,,,,,,3,1,1,1,6
200800046900,0008-08-01 11:00:00,8,8,1,11,0,720,138,,48.288,0.024,Plein jour,Hors agglomération,Hors intersection,Normale,Deux véhicules - côté,,,,,,,,,,,1,1,1,1,3
200800046901,0008-08-09 14:30:00,8,8,9,14,30,720,370,,48.195,0.021,Plein jour,Hors agglomération,Hors intersection,Normale,Deux véhicules - frontale,,,,,,,,,,,1,1,1,1,1
200800046902,0008-08-08 00:30:00,8,8,8,0,30,850,135,,46.539,-1.245,Nuit sans éclairage public,Hors agglomération,Hors intersection,Pluie légère,Autre collision,,,,,,,,,,,3,1,1,2,6
200800046903,0008-08-09 20:00:00,8,8,9,20,0,850,81,,,,Plein jour,Hors agglomération,Hors intersection,Normale,Deux véhicules - côté,,,,,,,,,,,1,1,1,1,3
200800046904,0008-08-29 18:30:00,8,8,29,18,30,850,295,,,,Plein jour,Hors agglomération,Hors intersection,Normale,Deux véhicules - arrière,,,,,,,,,,,1,1,1,1,2
200800046905,0008-08-02 20:15:00,8,8,2,20,15,850,3,Rue de l'Hotel de Ville,46.74,-1.6,Plein jour,En agglomération,Giratoire,Normale,Deux véhicules - côté,,,,,,,,,,,1,2,6,1,3
200800046906,0008-08-25 12:30:00,8,8,25,12,30,850,92,,,,Plein jour,Hors agglomération,Hors intersection,Normale,Deux véhicules - côté,,,,,,,,,,,1,1,1,1,3
200800046907,0008-08-26 18:00:00,8,8,26,18,0,850,92,rue de la Republique,,,Plein jour,En agglomération,Hors intersection,Normale,Deux véhicules - côté,,,,,,,,,,,1,2,1,1,3
200800046908,0008-08-08 17:00:00,8,8,8,17,0,850,248,,,,Plein jour,Hors agglomération,Hors intersection,Normale,Deux véhicules - frontale,,,,,,,,,,,1,1,1,1,1
200800046909,0008-08-18 04:30:00,8,8,18,4,30,850,233,RD 137,46.524,-1.084,Nuit avec éclairage non allumé,En agglomération,Hors intersection,Normale,Deux véhicules - côté,,,,,,,,,,,4,2,1,1,3
200800046910,0008-08-30 19:45:00,8,8,30,19,45,850,1,,46.341,-1.282,Plein jour,Hors agglomération,Hors intersection,Normale,Deux véhicules - arrière,,,,,,,,,,,1,1,1,1,2
200800046911,0008-08-08 04:00:00,8,8,8,4,0,850,143,,46.514,-0.745,Nuit sans éclairage public,Hors agglomération,Hors intersection,Normale,Autre collision,,,,,,,,,,,3,1,1,1,6
200800046912,0008-08-30 05:30:00,8,8,30,5,30,850,181,,,,Plein jour,Hors agglomération,Hors intersection,Normale,Autre collision,,,,,,,,,,,1,1,1,1,6
200800046913,0008-08-02 14:45:00,8,8,2,14,45,850,59,,46.623,-0.698,Plein jour,Hors agglomération,Hors intersection,Pluie légère,Autre collision,,,,,,,,,,,1,1,1,2,6
200800046914,0008-08-15 19:45:00,8,8,15,19,45,850,251,,46.576,-0.717,Plein jour,Hors agglomération,Intersection en X,Normale,Deux véhicules - côté,,,,,,,,,,,1,1,2,1,3
200800046915,0008-08-17 00:30:00,8,8,17,0,30,850,24,RUE GRAND MARAIS,46.94,-1.88,Nuit sans éclairage public,En agglomération,Hors intersection,Normale,Autre collision,,,,,,,,,,,3,2,1,1,6
200800046916,0008-08-27 16:45:00,8,8,27,16,45,850,218,,46.634,-1.611,Plein jour,Hors agglomération,Hors intersection,Normale,Deux véhicules - frontale,,,,,,,,,,,1,1,1,1,1
200800046917,0008-08-05 02:45:00,8,8,5,2,45,850,268,,46.696,-1.842,Nuit sans éclairage public,Hors agglomération,Hors intersection,Normale,Sans collision,,,,,,,,,,,3,1,1,1,7
200800046918,0008-08-09 04:00:00,8,8,9,4,0,850,226,,,,Nuit sans éclairage public,Hors agglomération,Hors intersection,Normale,Deux véhicules - frontale,,,,,,,,,,,3,1,1,1,1
200800046919,0008-08-10 21:30:00,8,8,10,21,30,850,226,,,,Nuit sans éclairage public,Hors agglomération,Hors intersection,Normale,Autre collision,,,,,,,,,,,3,1,1,1,6
200800046920,0008-08-14 17:00:00,8,8,14,17,0,850,71,280 rue Charles de Gaull,,,Plein jour,En agglomération,Intersection en T,Normale,Deux véhicules - frontale,,,,,,,,,,,1,2,3,1,1
200800046921,0008-08-31 10:45:00,8,8,31,10,45,850,88,"70, rue du Centre",,,Plein jour,En agglomération,Hors intersection,Normale,Deux véhicules - côté,,,,,,,,,,,1,2,1,1,3
200800046922,0008-08-07 15:00:00,8,8,7,15,0,850,12,,,,Plein jour,Hors agglomération,Hors intersection,Normale,Deux véhicules - frontale,,,,,,,,,,,1,1,1,1,1
200800046923,0008-08-13 16:30:00,8,8,13,16,30,850,234,route des sables,46.794,-2.039,Plein jour,En agglomération,Hors intersection,Normale,Deux véhicules - frontale,,,,,,,,,,,1,2,1,1,1
200800046924,0008-08-23 11:15:00,8,8,23,11,15,850,234,Chemin des Fontenelles,,,Plein jour,En agglomération,Hors intersection,Normale,Sans collision,,,,,,,,,,,1,2,1,1,7
200800046925,0008-08-17 13:15:00,8,8,17,13,15,850,234,avenue valentin,46.78,-2.051,Plein jour,En agglomération,Hors intersection,Normale,Deux véhicules - frontale,,,,,,,,,,,1,2,1,1,1
200800046926,0008-08-05 22:00:00,8,8,5,22,0,850,116,,,,Nuit sans éclairage public,Hors agglomération,Hors intersection,Normale,Autre collision,,,,,,,,,,,3,1,1,1,6
200800046927,0008-08-05 08:45:00,8,8,5,8,45,850,294,,,,Plein jour,Hors agglomération,Hors intersection,Normale,Autre collision,,,,,,,,,,,1,1,1,1,6
200800046928,0008-08-14 12:15:00,8,8,14,12,15,850,127,,46.41,-1.43,Plein jour,Hors agglomération,Hors intersection,Autre,Trois véhicules et plus - collisions multiples,,,,,,,,,,,1,1,1,9,5
200800046929,0008-08-22 12:45:00,8,8,22,12,45,850,50,,,,Plein jour,Hors agglomération,Hors intersection,Normale,Autre collision,,,,,,,,,,,1,1,1,1,6
200800046930,0008-08-25 18:00:00,8,8,25,18,0,330,519,,44.91,-0.698,Plein jour,Hors agglomération,Hors intersection,Normale,Autre collision,,,,,,,,,,,1,1,1,1,6
200800046931,0008-08-26 20:00:00,8,8,26,20,0,330,162,AV DU TAILLAN,,,Plein jour,En agglomération,Hors intersection,Temps éblouissant,Deux véhicules - arrière,,,,,,,,,,,1,2,1,7,2
200800046932,0008-08-09 03:00:00,8,8,9,3,0,330,273,9 allee des rossignols,,,Nuit avec éclairage allumé,En agglomération,Hors intersection,Normale,Autre collision,,,,,,,,,,,5,2,1,1,6
200800046933,0008-08-22 06:45:00,8,8,22,6,45,330,273,"AV general LECLERC, CD",,,Nuit sans éclairage public,En agglomération,Hors intersection,Pluie forte,Trois véhicules et plus - collisions multiples,,,,,,,,,,,3,2,1,3,5
200800046934,0008-08-06 17:15:00,8,8,6,17,15,330,280,,45.175,-0.593,Plein jour,Hors agglomération,Intersection en X,Normale,Deux véhicules - côté,,,,,,,,,,,1,1,2,1,3
200800046935,0008-08-06 10:00:00,8,8,6,10,0,330,341,,45.015,-0.009,Plein jour,Hors agglomération,Hors intersection,Normale,Deux véhicules - côté,,,,,,,,,,,1,1,1,1,3
200800046936,0008-08-24 21:15:00,8,8,24,21,15,330,475,"Lieu dit ""Camillac""",45.047,-0.56,Nuit avec éclairage allumé,En agglomération,Hors intersection,Normale,Deux véhicules - frontale,,,,,,,,,,,5,2,1,1,1
200800046937,0008-08-22 19:15:00,8,8,22,19,15,330,389,,45.296,-0.628,Plein jour,Hors agglomération,Hors intersection,Temps éblouissant,Deux véhicules - frontale,,,,,,,,,,,1,1,1,7,1
200800046938,0008-08-20 23:15:00,8,8,20,23,15,330,123,,45.091,-0.406,Nuit sans éclairage public,Hors agglomération,Hors intersection,Normale,Trois véhicules et plus - en chaîne,,,,,,,,,,,3,1,1,1,4
200800046939,0008-08-02 12:15:00,8,8,2,12,15,330,293,,44.876,-0.436,Plein jour,Hors agglomération,Hors intersection,Normale,Sans collision,,,,,,,,,,,1,1,1,1,7
200800046940,0008-08-28 07:45:00,8,8,28,7,45,330,330,,,,Plein jour,Hors agglomération,Hors intersection,Normale,Deux véhicules - arrière,,,,,,,,,,,1,1,1,1,2
200800046941,0008-08-08 18:15:00,8,8,8,18,15,330,225,"CD 11, Lieu dit Artigues",44.58,-0.4,Plein jour,En agglomération,Hors intersection,Normale,Deux véhicules - arrière,,,,,,,,,,,1,2,1,1,2
200800046942,0008-08-09 11:00:00,8,8,9,11,0,330,415,lilas / brassens,45.02,-0.452,Plein jour,En agglomération,Intersection en T,Normale,Deux véhicules - frontale,,,,,,,,,,,1,2,3,1,1
200800046943,0008-08-18 16:15:00,8,8,18,16,15,330,357,au bourg,,,Plein jour,En agglomération,Hors intersection,Normale,Deux véhicules - côté,,,,,,,,,,,1,2,1,1,3
200800046944,0008-08-05 16:30:00,8,8,5,16,30,330,352,Av du marechal Joffre,44.588,-0.039,Plein jour,En agglomération,Hors intersection,Normale,Autre collision,,,,,,,,,,,1,2,1,1,6
200800046945,0008-08-03 20:30:00,8,8,3,20,30,330,307,lieudit le rey,,,Plein jour,En agglomération,Hors intersection,Temps éblouissant,Autre collision,,,,,,,,,,,1,2,1,7,6
200800046946,0008-08-31 09:45:00,8,8,31,9,45,330,202,,,,Plein jour,Hors agglomération,Hors intersection,Normale,Autre collision,,,,,,,,,,,1,1,1,1,6
200800046947,0008-08-08 08:45:00,8,8,8,8,45,330,175,02 RUE RAUZAN,44.744,-0.162,Plein jour,En agglomération,Hors intersection,Pluie légère,Deux véhicules - frontale,,,,,,,,,,,1,2,1,2,1
200800046948,0008-08-02 07:00:00,8,8,2,7,0,330,417,,44.972,-0.873,Nuit sans éclairage public,Hors agglomération,Hors intersection,Normale,Autre collision,,,,,,,,,,,3,1,1,1,6
200800046949,0008-08-03 12:30:00,8,8,3,12,30,330,471,,,,Plein jour,Hors agglomération,Hors intersection,Normale,Sans collision,,,,,,,,,,,1,1,1,1,7
200800046950,0008-08-14 04:30:00,8,8,14,4,30,330,125,,45.233,-0.879,Nuit sans éclairage public,Hors agglomération,Hors intersection,Normale,Deux véhicules - arrière,,,,,,,,,,,3,1,1,1,2
200800046951,0008-08-16 07:15:00,8,8,16,7,15,330,208,,,,Nuit sans éclairage public,Hors agglomération,Hors intersection,Pluie légère,Sans collision,,,,,,,,,,,3,1,1,2,7
200800046952,0008-08-29 19:45:00,8,8,29,19,45,330,466,Lieu dit La Magrine,44.827,-0.293,Plein jour,En agglomération,Intersection en X,Normale,Trois véhicules et plus - collisions multiples,,,,,,,,,,,1,2,2,1,5
200800046953,0008-08-31 20:15:00,8,8,31,20,15,330,362,,,,Crépuscule ou aube,Hors agglomération,Intersection en T,Normale,Deux véhicules - frontale,,,,,,,,,,,2,1,3,1,1
200800046954,0008-08-05 17:45:00,8,8,5,17,45,330,324,,44.84,0.26,Plein jour,Hors agglomération,Giratoire,Normale,Sans collision,,,,,,,,,,,1,1,6,1,7
200800046955,0008-08-10 12:30:00,8,8,10,12,30,330,324,,,,Plein jour,Hors agglomération,Giratoire,Normale,Deux véhicules - côté,,,,,,,,,,,1,1,6,1,3
200800046956,0008-08-02 18:00:00,8,8,2,18,0,330,166,,45.062,-0.032,Plein jour,Hors agglomération,Intersection en X,Normale,Deux véhicules - côté,,,,,,,,,,,1,1,2,1,3
200800046957,0008-08-17 01:15:00,8,8,17,1,15,330,191,,45.015,0.033,Nuit sans éclairage public,Hors agglomération,Hors intersection,Normale,Trois véhicules et plus - collisions multiples,,,,,,,,,,,3,1,1,1,5
200800046958,0008-08-30 15:45:00,8,8,30,15,45,330,364,LIEU-DIT RAYNAUD,44.966,-0.276,Plein jour,En agglomération,Hors intersection,Normale,Deux véhicules - frontale,,,,,,,,,,,1,2,1,1,1
200800046959,0008-08-03 15:30:00,8,8,3,15,30,240,64,,,,Plein jour,Hors agglomération,Hors intersection,Normale,Trois véhicules et plus - collisions multiples,,,,,,,,,,,1,1,1,1,5
200800046960,0008-08-03 13:30:00,8,8,3,13,30,240,561,,,,Plein jour,Hors agglomération,Hors intersection,Normale,Sans collision,,,,,,,,,,,1,1,1,1,7
200800046961,0008-08-14 10:00:00,8,8,14,10,0,240,372,rue du vieux village,,,Plein jour,En agglomération,Hors intersection,Normale,Sans collision,,,,,,,,,,,1,2,1,1,7
200800046962,0008-08-02 09:00:00,8,8,2,9,0,240,188,Le bourg RD6089,45.132,0.978,Plein jour,En agglomération,Hors intersection,Normale,Deux véhicules - arrière,,,,,,,,,,,1,2,1,1,2
200800046963,0008-08-03 09:15:00,8,8,3,9,15,240,285,,44.982,0.558,Plein jour,Hors agglomération,Hors intersection,Normale,Deux véhicules - frontale,,,,,,,,,,,1,1,1,1,1
200800046964,0008-08-21 20:00:00,8,8,21,20,0,240,225,,,,Plein jour,Hors agglomération,Hors intersection,Normale,Deux véhicules - arrière,,,,,,,,,,,1,1,1,1,2
200800046965,0008-08-04 12:45:00,8,8,4,12,45,240,335,35 route de bordeaux,,,Plein jour,En agglomération,Hors intersection,Normale,Autre collision,,,,,,,,,,,1,2,1,1,6
200800046966,0008-08-12 12:45:00,8,8,12,12,45,240,494,,44.97,0.164,Plein jour,Hors agglomération,Hors intersection,Pluie légère,Autre collision,,,,,,,,,,,1,1,1,2,6
200800046967,0008-08-15 13:45:00,8,8,15,13,45,240,335,09 RUE DU RIEU VERT,,,Plein jour,En agglomération,Hors intersection,Normale,Autre collision,,,,,,,,,,,1,2,1,1,6
200800046968,0008-08-29 17:30:00,8,8,29,17,30,240,584,RUE CATHELOT,,,Plein jour,En agglomération,Hors intersection,Normale,Deux véhicules - côté,,,,,,,,,,,1,2,1,1,3
200800046969,0008-08-02 10:30:00,8,8,2,10,30,240,328,,,,Plein jour,Hors agglomération,Autre intersection,Temps couvert,Deux véhicules - arrière,,,,,,,,,,,1,1,9,8,2
200800046970,0008-08-10 09:00:00,8,8,10,9,0,240,311,avenue pasteur,,,Plein jour,En agglomération,Hors intersection,Normale,Autre collision,,,,,,,,,,,1,2,1,1,6
200800046971,0008-08-26 19:15:00,8,8,26,19,15,240,16,,,,Plein jour,Hors agglomération,Hors intersection,Normale,Trois véhicules et plus - collisions multiples,,,,,,,,,,,1,1,1,1,5
200800046972,0008-08-10 01:00:00,8,8,10,1,0,240,8,,45.701,1.235,Nuit sans éclairage public,Hors agglomération,Hors intersection,Normale,Sans collision,,,,,,,,,,,3,1,1,1,7
200800046973,0008-08-04 13:00:00,8,8,4,13,0,240,354,,45.143,0.043,Plein jour,Hors agglomération,Hors intersection,Normale,Deux véhicules - frontale,,,,,,,,,,,1,1,1,1,1
200800046974,0008-08-27 21:00:00,8,8,27,21,0,240,376,Maison carree,45.202,0.132,Crépuscule ou aube,En agglomération,Hors intersection,Normale,Deux véhicules - côté,,,,,,,,,,,2,2,1,1,3
200800046975,0008-08-08 20:45:00,8,8,8,20,45,240,512,,,,Plein jour,Hors agglomération,Hors intersection,Normale,Deux véhicules - côté,,,,,,,,,,,1,1,1,1,3