accident_id,datetime,annee,mois,jour,heure,minute,departement,commune_insee,adresse,latitude,longitude,luminosite,agglomeration,intersection,meteo,collision,nb_vehicules,nb_usagers,nb_indemnes,nb_tues,nb_blesses_hosp,nb_blesses_legers,age_cond_1,age_cond_2,veh_type_cond_1,veh_type_cond_2,lum_code,agg_code,int_code,atm_code,col_code
200800047117,0008-08-22 16:45:00,8,8,22,16,45,190,146,,45.301,1.794,Plein jour,Hors agglomération,Hors intersection,Normale,Deux véhicules - frontale,,,,,,,,,,,1,1,1,1,1
200800047118,0008-08-18 22:45:00,8,8,18,22,45,190,140,,,,Nuit sans éclairage public,Hors agglomération,Hors intersection,Normale,Sans collision,,,,,,,,,,,3,1,1,1,7
200800047119,0008-08-23 06:30:00,8,8,23,6,30,190,91,,45.08,1.98,Crépuscule ou aube,Hors agglomération,Hors intersection,Normale,Deux véhicules - frontale,,,,,,,,,,,2,1,1,1,1
200800047120,0008-08-30 06:15:00,8,8,30,6,15,190,51,,,,Crépuscule ou aube,Hors agglomération,Hors intersection,Normale,Autre collision,,,,,,,,,,,2,1,1,1,6
200800047121,0008-08-02 17:00:00,8,8,2,17,0,190,269,,45.541,1.795,Plein jour,Hors agglomération,Hors intersection,Normale,Deux véhicules - frontale,,,,,,,,,,,1,1,1,1,1
200800047122,0008-08-06 06:00:00,8,8,6,6,0,190,276,11 faubourg de la pomme,45.718,1.964,Nuit avec éclairage allumé,En agglomération,Hors intersection,Normale,Deux véhicules - frontale,,,,,,,,,,,5,2,1,1,1
200800047123,0008-08-09 16:30:00,8,8,9,16,30,190,248,,45.466,1.506,Plein jour,Hors agglomération,Hors intersection,Normale,Deux véhicules - côté,,,,,,,,,,,1,1,1,1,3
200800047124,0008-08-12 01:00:00,8,8,12,1,0,190,255,rue du puy pinson,45.373,1.716,Nuit avec éclairage allumé,En agglomération,Hors intersection,Normale,Deux véhicules - frontale,,,,,,,,,,,5,2,1,1,1
200800047125,0008-08-28 05:30:00,8,8,28,5,30,190,129,24 route de Limoges,45.549,1.52,Nuit avec éclairage allumé,En agglomération,Hors intersection,Normale,Autre collision,,,,,,,,,,,5,2,1,1,6
200800047126,0008-08-27 15:30:00,8,8,27,15,30,190,250,,45.509,1.494,Plein jour,Hors agglomération,Hors intersection,Normale,Autre collision,,,,,,,,,,,1,1,1,1,6
200800047127,0008-08-01 20:30:00,8,8,1,20,30,190,66,,,,Plein jour,Hors agglomération,Hors intersection,Normale,Autre collision,,,,,,,,,,,1,1,1,1,6
200800047128,0008-08-15 14:30:00,8,8,15,14,30,190,191,,45.096,1.452,Plein jour,Hors agglomération,Intersection en T,Normale,Deux véhicules - côté,,,,,,,,,,,1,1,3,1,3
200800047129,0008-08-17 21:45:00,8,8,17,21,45,190,229,ZI La Marquisie,45.169,1.498,Nuit avec éclairage allumé,En agglomération,Hors intersection,Normale,Autre collision,,,,,,,,,,,5,2,1,1,6
200800047130,0008-08-23 17:15:00,8,8,23,17,15,190,3,,45.15,1.691,Plein jour,Hors agglomération,Hors intersection,Normale,Deux véhicules - frontale,,,,,,,,,,,1,1,1,1,1
200800047131,0008-08-24 22:30:00,8,8,24,22,30,190,184,,45.064,1.739,Nuit sans éclairage public,Hors agglomération,Hors intersection,Normale,Autre collision,,,,,,,,,,,3,1,1,1,6
200800047132,0008-08-02 17:45:00,8,8,2,17,45,190,5,,45.24,1.483,Plein jour,Hors agglomération,Hors intersection,Normale,Deux véhicules - frontale,,,,,,,,,,,1,1,1,1,1
200800047133,0008-08-23 14:00:00,8,8,23,14,0,190,230,,45.426,1.448,Plein jour,Hors agglomération,Hors intersection,Normale,Deux véhicules - frontale,,,,,,,,,,,1,1,1,1,1
200800047134,0008-08-16 11:30:00,8,8,16,11,30,230,1,,,,Plein jour,Hors agglomération,Hors intersection,Normale,Deux véhicules - côté,,,,,,,,,,,1,1,1,1,3
200800047135,0008-08-23 11:30:00,8,8,23,11,30,230,1,,46.094,1.983,Plein jour,Hors agglomération,Hors intersection,Normale,Deux véhicules - côté,,,,,,,,,,,1,1,1,1,3
200800047136,0008-08-27 15:30:00,8,8,27,15,30,230,52,,46.108,1.842,Plein jour,Hors agglomération,Hors intersection,Normale,Deux véhicules - côté,,,,,,,,,,,1,1,1,1,3
200800047137,0008-08-05 01:15:00,8,8,5,1,15,230,174,,,,Nuit sans éclairage public,Hors agglomération,Hors intersection,Normale,Autre collision,,,,,,,,,,,3,1,1,1,6
200800047138,0008-08-12 15:30:00,8,8,12,15,30,230,259,,46.261,2.358,Plein jour,Hors agglomération,Hors intersection,Normale,Trois véhicules et plus - en chaîne,,,,,,,,,,,1,1,1,1,4
200800047139,0008-08-24 05:45:00,8,8,24,5,45,230,236,,46.218,1.641,Nuit sans éclairage public,Hors agglomération,Hors intersection,Normale,Autre collision,,,,,,,,,,,3,1,1,1,6
200800047140,0008-08-23 17:45:00,8,8,23,17,45,230,33,MERIGUET,,,Plein jour,En agglomération,Intersection en X,Temps éblouissant,Deux véhicules - côté,,,,,,,,,,,1,2,2,7,3
200800047141,0008-08-15 11:15:00,8,8,15,11,15,230,176,,46.243,1.539,Plein jour,Hors agglomération,Hors intersection,Temps couvert,Sans collision,,,,,,,,,,,1,1,1,8,7
200800047142,0008-08-22 11:15:00,8,8,22,11,15,230,127,,,,Plein jour,Hors agglomération,Hors intersection,Normale,Deux véhicules - frontale,,,,,,,,,,,1,1,1,1,1
200800047143,0008-08-12 08:30:00,8,8,12,8,30,310,94,,,,Plein jour,Hors agglomération,Hors intersection,Normale,Sans collision,,,,,,,,,,,1,1,1,1,7
200800047144,0008-08-18 15:30:00,8,8,18,15,30,310,281,,,,Plein jour,Hors agglomération,Hors intersection,Normale,Sans collision,,,,,,,,,,,1,1,1,1,7
200800047145,0008-08-27 17:15:00,8,8,27,17,15,310,553,,43.72,1.16,Plein jour,Hors agglomération,Intersection en X,Normale,Deux véhicules - côté,,,,,,,,,,,1,1,2,1,3
200800047146,0008-08-02 16:00:00,8,8,2,16,0,310,433,Bd de l'europe,43.53,1.39,Plein jour,En agglomération,Intersection en T,Normale,Deux véhicules - côté,,,,,,,,,,,1,2,3,1,3
200800047147,0008-08-07 14:15:00,8,8,7,14,15,310,136,,43.745,1.431,Plein jour,Hors agglomération,Hors intersection,Normale,Autre collision,,,,,,,,,,,1,1,1,1,6
200800047148,0008-08-29 05:30:00,8,8,29,5,30,310,91,30 ROUTE DE TOULOUSE,,,Nuit avec éclairage allumé,En agglomération,Hors intersection,Normale,Autre collision,,,,,,,,,,,5,2,1,1,6
200800047149,0008-08-28 12:00:00,8,8,28,12,0,310,488,20 ave de l'Eglise,,,Plein jour,En agglomération,Hors intersection,Normale,Deux véhicules - côté,,,,,,,,,,,1,2,1,1,3
200800047150,0008-08-18 19:45:00,8,8,18,19,45,310,572,,43.426,1.481,Crépuscule ou aube,Hors agglomération,Hors intersection,Normale,Deux véhicules - côté,,,,,,,,,,,2,1,1,1,3
200800047151,0008-08-19 19:30:00,8,8,19,19,30,310,33,,,,Plein jour,Hors agglomération,Hors intersection,Pluie légère,Autre collision,,,,,,,,,,,1,1,1,2,6
200800047152,0008-08-03 01:30:00,8,8,3,1,30,310,435,,,,Nuit sans éclairage public,Hors agglomération,Hors intersection,Normale,Sans collision,,,,,,,,,,,3,1,1,1,7
200800047153,0008-08-09 00:15:00,8,8,9,0,15,310,65,route de gratens,43.379,1.174,Nuit avec éclairage allumé,En agglomération,Hors intersection,Normale,Sans collision,,,,,,,,,,,5,2,1,1,7
200800047154,0008-08-13 20:45:00,8,8,13,20,45,310,359,,,,Plein jour,Hors agglomération,Hors intersection,Normale,Sans collision,,,,,,,,,,,1,1,1,1,7
200800047155,0008-08-31 22:15:00,8,8,31,22,15,310,75,,43.553,1.152,Nuit sans éclairage public,Hors agglomération,Hors intersection,Pluie légère,Deux véhicules - frontale,,,,,,,,,,,3,1,1,2,1
200800047156,0008-08-09 12:00:00,8,8,9,12,0,310,207,,,,Plein jour,Hors agglomération,Hors intersection,Normale,Deux véhicules - arrière,,,,,,,,,,,1,1,1,1,2
200800047157,0008-08-19 14:00:00,8,8,19,14,0,310,585,RD817,,,Plein jour,En agglomération,Hors intersection,Normale,Deux véhicules - arrière,,,,,,,,,,,1,2,1,1,2
200800047158,0008-08-08 09:45:00,8,8,8,9,45,310,28,RUE ST MICHEL,,,Plein jour,En agglomération,Autre intersection,Normale,Autre collision,,,,,,,,,,,1,2,9,1,6
200800047159,0008-08-15 09:45:00,8,8,15,9,45,310,80,Boulevard desPyrenees,,,Plein jour,En agglomération,Hors intersection,Normale,Deux véhicules - frontale,,,,,,,,,,,1,2,1,1,1
200800047160,0008-08-31 15:45:00,8,8,31,15,45,310,106,,43.528,1.774,Plein jour,Hors agglomération,Hors intersection,Normale,Deux véhicules - frontale,,,,,,,,,,,1,1,1,1,1
200800047161,0008-08-24 18:15:00,8,8,24,18,15,90,108,CD15,43.024,1.337,Plein jour,En agglomération,Hors intersection,Normale,Deux véhicules - frontale,,,,,,,,,,,1,2,1,1,1
200800047162,0008-08-21 12:00:00,8,8,21,12,0,90,215,,,,Plein jour,Hors agglomération,Hors intersection,Normale,Deux véhicules - frontale,,,,,,,,,,,1,1,1,1,1
200800047163,0008-08-05 03:00:00,8,8,5,3,0,90,188,,,,Nuit sans éclairage public,Hors agglomération,Hors intersection,Normale,Autre collision,,,,,,,,,,,3,1,1,1,6
200800047164,0008-08-12 06:45:00,8,8,12,6,45,90,194,,43.092,1.879,Plein jour,En agglomération,Hors intersection,Normale,Autre collision,,,,,,,,,,,1,2,1,1,6
200800047165,0008-08-25 16:15:00,8,8,25,16,15,120,1,,44.355,2.664,Plein jour,Hors agglomération,Hors intersection,Normale,Deux véhicules - frontale,,,,,,,,,,,1,1,1,1,1
200800047166,0008-08-29 22:15:00,8,8,29,22,15,120,276,,44.172,2.352,Nuit sans éclairage public,Hors agglomération,Hors intersection,Normale,Deux véhicules - côté,,,,,,,,,,,3,1,1,1,3
200800047167,0008-08-06 09:00:00,8,8,6,9,0,120,130,,44.587,2.198,Plein jour,Hors agglomération,Hors intersection,Normale,Deux véhicules - frontale,,,,,,,,,,,1,1,1,1,1
200800047168,0008-08-31 15:00:00,8,8,31,15,0,120,216,,44.52,2.797,Plein jour,Hors agglomération,Hors intersection,Normale,Deux véhicules - arrière,,,,,,,,,,,1,1,1,1,2
200800047169,0008-08-10 05:00:00,8,8,10,5,0,120,168,route de la mouline,,,Nuit avec éclairage allumé,En agglomération,Hors intersection,Normale,Sans collision,,,,,,,,,,,5,2,1,1,7
200800047170,0008-08-30 17:15:00,8,8,30,17,15,120,211,,,,Plein jour,Hors agglomération,Hors intersection,Normale,Sans collision,,,,,,,,,,,1,1,1,1,7
200800047171,0008-08-02 01:00:00,8,8,2,1,0,120,286,,43.947,2.828,Nuit sans éclairage public,Hors agglomération,Hors intersection,Normale,Deux véhicules - frontale,,,,,,,,,,,3,1,1,1,1
200800047172,0008-08-21 12:45:00,8,8,21,12,45,120,17,,44.081,2.773,Plein jour,Hors agglomération,Hors intersection,Normale,Autre collision,,,,,,,,,,,1,1,1,1,6
200800047173,0008-08-06 21:00:00,8,8,6,21,0,120,163,,43.788,2.73,Crépuscule ou aube,Hors agglomération,Hors intersection,Normale,Autre collision,,,,,,,,,,,2,1,1,1,6
200800047174,0008-08-31 12:00:00,8,8,31,12,0,120,186,,43.882,2.605,Plein jour,Hors agglomération,Hors intersection,Normale,Autre collision,,,,,,,,,,,1,1,1,1,6
200800047175,0008-08-16 18:30:00,8,8,16,18,30,120,39,,43.793,2.939,Plein jour,Hors agglomération,Hors intersection,Normale,Autre collision,,,,,,,,,,,1,1,1,1,6
200800047176,0008-08-12 07:00:00,8,8,12,7,0,120,300,,,,Crépuscule ou aube,En agglomération,Hors intersection,Normale,Autre collision,,,,,,,,,,,2,2,1,1,6
200800047177,0008-08-30 20:00:00,8,8,30,20,0,120,300,,44.384,2.039,Plein jour,Hors agglomération,Hors intersection,Normale,Deux véhicules - frontale,,,,,,,,,,,1,1,1,1,1
200800047178,0008-08-22 17:15:00,8,8,22,17,15,120,301,,,,Plein jour,En agglomération,Hors intersection,Normale,Deux véhicules - côté,,,,,,,,,,,1,2,1,1,3
200800047179,0008-08-26 20:00:00,8,8,26,20,0,320,29,,,,Plein jour,Hors agglomération,Hors intersection,Normale,Sans collision,,,,,,,,,,,1,1,1,1,7
200800047180,0008-08-08 02:00:00,8,8,8,2,0,320,106,,,,Nuit sans éclairage public,Hors agglomération,Hors intersection,Normale,Autre collision,,,,,,,,,,,3,1,1,1,6
200800047181,0008-08-09 13:00:00,8,8,9,13,0,320,301,,43.67,0.52,Plein jour,Hors agglomération,Hors intersection,Normale,Deux véhicules - côté,,,,,,,,,,,1,1,1,1,3
200800047182,0008-08-12 17:45:00,8,8,12,17,45,320,162,,43.76,0.43,Plein jour,Hors agglomération,Hors intersection,Normale,Deux véhicules - côté,,,,,,,,,,,1,1,1,1,3
200800047183,0008-08-22 10:15:00,8,8,22,10,15,320,107,rue du baradet,,,Plein jour,En agglomération,Hors intersection,Normale,Autre collision,,,,,,,,,,,1,2,1,1,6
200800047184,0008-08-26 07:30:00,8,8,26,7,30,320,83,avenue des Thermes,43.808,0.432,Plein jour,En agglomération,Hors intersection,Brouillard / fumée,Deux véhicules - côté,,,,,,,,,,,1,2,1,5,3
200800047185,0008-08-02 07:15:00,8,8,2,7,15,320,202,,43.812,-0.113,Plein jour,Hors agglomération,Hors intersection,Brouillard / fumée,Autre collision,,,,,,,,,,,1,1,1,5,6
200800047186,0008-08-03 11:30:00,8,8,3,11,30,320,408,,43.807,-0.034,Plein jour,Hors agglomération,Hors intersection,Normale,Autre collision,,,,,,,,,,,1,1,1,1,6
200800047187,0008-08-22 21:15:00,8,8,22,21,15,320,369,,43.79,0.017,Crépuscule ou aube,Hors agglomération,Hors intersection,Normale,Deux véhicules - frontale,,,,,,,,,,,2,1,1,1,1
200800047188,0008-08-04 06:15:00,8,8,4,6,15,320,253,,43.996,0.765,Crépuscule ou aube,Hors agglomération,Hors intersection,Normale,Deux véhicules - arrière,,,,,,,,,,,2,1,1,1,2
200800047189,0008-08-10 06:00:00,8,8,10,6,0,320,132,,,,Crépuscule ou aube,Hors agglomération,Hors intersection,Normale,Autre collision,,,,,,,,,,,2,1,1,1,6
200800047190,0008-08-16 12:30:00,8,8,16,12,30,320,389,Au village,43.522,0.383,Plein jour,En agglomération,Hors intersection,Normale,Deux véhicules - côté,,,,,,,,,,,1,2,1,1,3
200800047191,0008-08-25 15:30:00,8,8,25,15,30,320,430,,43.416,0.642,Plein jour,Hors agglomération,Hors intersection,Normale,Sans collision,,,,,,,,,,,1,1,1,1,7
200800047192,0008-08-28 10:15:00,8,8,28,10,15,320,256,,,,Plein jour,En agglomération,Hors intersection,Normale,Autre collision,,,,,,,,,,,1,2,1,1,6
200800047193,0008-08-10 22:15:00,8,8,10,22,15,320,181,,43.429,0.283,Nuit sans éclairage public,Hors agglomération,Hors intersection,Normale,Sans collision,,,,,,,,,,,3,1,1,1,7
200800047194,0008-08-14 16:15:00,8,8,14,16,15,320,450,,,,Plein jour,Hors agglomération,Hors intersection,Normale,Autre collision,,,,,,,,,,,1,1,1,1,6
200800047195,0008-08-02 18:15:00,8,8,2,18,15,320,27,,,,Plein jour,Hors agglomération,Hors intersection,Normale,Deux véhicules - côté,,,,,,,,,,,1,1,1,1,3
200800047196,0008-08-05 16:45:00,8,8,5,16,45,320,344,,,,Plein jour,Hors agglomération,Hors intersection,Normale,Deux véhicules - arrière,,,,,,,,,,,1,1,1,1,2
200800047197,0008-08-30 03:00:00,8,8,30,3,0,460,80,,,,Nuit sans éclairage public,Hors agglomération,Hors intersection,Normale,Autre collision,,,,,,,,,,,3,1,1,1,6
200800047198,0008-08-03 16:00:00,8,8,3,16,0,460,199,,,,Plein jour,Hors agglomération,Hors intersection,Normale,Deux véhicules - frontale,,,,,,,,,,,1,1,1,1,1
200800047199,0008-08-08 19:30:00,8,8,8,19,30,460,262,,44.321,1.29,Plein jour,Hors agglomération,Intersection en X,Normale,Deux véhicules - côté,,,,,,,,,,,1,1,2,1,3
200800047200,0008-08-11 00:15:00,8,8,11,0,15,460,22,,44.458,1.213,Nuit sans éclairage public,Hors agglomération,Hors intersection,Normale,Sans collision,,,,,,,,,,,3,1,1,1,7
200800047201,0008-08-25 14:15:00,8,8,25,14,15,460,231,RTE NATIONALE -LE BOURG,44.51,1.136,Plein jour,En agglomération,Hors intersection,Normale,Deux véhicules - côté,,,,,,,,,,,1,2,1,1,3
200800047202,0008-08-11 10:15:00,8,8,11,10,15,460,102,,44.599,1.984,Plein jour,Hors agglomération,Hors intersection,Normale,Autre collision,,,,,,,,,,,1,1,1,1,6
200800047203,0008-08-23 18:30:00,8,8,23,18,30,460,102,18 rue de Colomb,44.615,2.029,Plein jour,En agglomération,Hors intersection,Normale,Autre collision,,,,,,,,,,,1,2,1,1,6
200800047204,0008-08-02 15:30:00,8,8,2,15,30,460,57,,,,Plein jour,Hors agglomération,Hors intersection,Normale,Autre collision,,,,,,,,,,,1,1,1,1,6
200800047205,0008-08-17 02:00:00,8,8,17,2,0,460,267,,44.676,1.461,Nuit sans éclairage public,Hors agglomération,Hors intersection,Normale,Autre collision,,,,,,,,,,,3,1,1,1,6
200800047206,0008-08-16 13:30:00,8,8,16,13,30,460,334,,44.734,1.433,Plein jour,Hors agglomération,Hors intersection,Normale,Autre collision,,,,,,,,,,,1,1,1,1,6
200800047207,0008-08-18 12:15:00,8,8,18,12,15,460,297,,,,Plein jour,Hors agglomération,Hors intersection,Normale,Deux véhicules - frontale,,,,,,,,,,,1,1,1,1,1
200800047208,0008-08-10 03:00:00,8,8,10,3,0,460,3,,44.83,1.66,Nuit sans éclairage public,Hors agglomération,Hors intersection,Normale,Autre collision,,,,,,,,,,,3,1,1,1,6
200800047209,0008-08-02 11:45:00,8,8,2,11,45,650,18,,,,Plein jour,Hors agglomération,Hors intersection,Normale,Deux véhicules - frontale,,,,,,,,,,,1,1,1,1,1
200800047210,0008-08-30 23:15:00,8,8,30,23,15,190,11,Avenue du Limousin,45.403,1.387,Nuit avec éclairage allumé,En agglomération,Hors intersection,Normale,Autre collision,,,,,,,,,,,5,2,1,1,6
200800047211,0008-08-08 17:30:00,8,8,8,17,30,190,28,,45.392,2.512,Plein jour,Hors agglomération,Hors intersection,Normale,Sans collision,,,,,,,,,,,1,1,1,1,7
200800047212,0008-08-09 17:30:00,8,8,9,17,30,230,193,Cd 942,46.143,1.914,Plein jour,En agglomération,Hors intersection,Normale,Deux véhicules - frontale,,,,,,,,,,,1,2,1,1,1
200800047213,0008-08-08 12:45:00,8,8,8,12,45,650,295,,42.398,-0.005,Plein jour,Hors agglomération,Hors intersection,Normale,Deux véhicules - frontale,,,,,,,,,,,1,1,1,1,1
200800047214,0008-08-21 22:00:00,8,8,21,22,0,730,151,,45.49,6.023,Nuit sans éclairage public,Hors agglomération,Hors intersection,Normale,Deux véhicules - frontale,,,,,,,,,,,3,1,1,1,1
200800047215,0008-08-02 08:30:00,8,8,2,8,30,380,310,,,,Plein jour,Hors agglomération,Hors intersection,Normale,Deux véhicules - arrière,,,,,,,,,,,1,1,1,1,2
200800047216,0008-08-12 13:30:00,8,8,12,13,30,380,239,,45.303,5.577,Plein jour,Hors agglomération,Hors intersection,Temps couvert,Autre collision,,,,,,,,,,,1,1,1,8,6
200800047217,0008-08-09 14:45:00,8,8,9,14,45,380,95,,45.135,5.313,Plein jour,Hors agglomération,Hors intersection,Normale,Sans collision,,,,,,,,,,,1,1,1,1,7
200800047218,0008-08-05 21:00:00,8,8,5,21,0,350,206,,,,Plein jour,Hors agglomération,Hors intersection,Normale,Deux véhicules - frontale,,,,,,,,,,,1,1,1,1,1
200800047219,0008-08-31 06:30:00,8,8,31,6,30,350,352,,,,Crépuscule ou aube,Hors agglomération,Hors intersection,Temps couvert,Sans collision,,,,,,,,,,,2,1,1,8,7
200800047220,0008-08-04 19:15:00,8,8,4,19,15,670,465,,,,Plein jour,Hors agglomération,Hors intersection,Normale,Autre collision,,,,,,,,,,,1,1,1,1,6
200800047221,0008-08-24 08:30:00,8,8,24,8,30,510,242,,48.945,4.288,Plein jour,Hors agglomération,Hors intersection,Temps couvert,Autre collision,,,,,,,,,,,1,1,1,8,6
200800047222,0008-08-24 19:45:00,8,8,24,19,45,310,555,,,,Plein jour,Hors agglomération,Autre intersection,Normale,Autre collision,,,,,,,,,,,1,1,9,1,6
200800047223,0008-08-30 18:15:00,8,8,30,18,15,310,94,,,,Plein jour,Hors agglomération,Hors intersection,Normale,Sans collision,,,,,,,,,,,1,1,1,1,7
200800047224,0008-08-07 18:15:00,8,8,7,18,15,890,214,,48.249,3.509,Plein jour,Hors agglomération,Hors intersection,Pluie légère,Autre collision,,,,,,,,,,,1,1,1,2,6
200800047225,0008-08-16 19:30:00,8,8,16,19,30,890,27,,48.238,3.584,Plein jour,Hors agglomération,Hors intersection,Normale,Sans collision,,,,,,,,,,,1,1,1,1,7
200800047226,0008-08-17 02:15:00,8,8,17,2,15,130,91,avenue pasteur,,,Nuit avec éclairage allumé,En agglomération,Hors intersection,Normale,Autre collision,,,,,,,,,,,5,2,1,1,6
200800047227,0008-08-26 17:15:00,8,8,26,17,15,130,91,,43.601,5.318,Plein jour,Hors agglomération,Hors intersection,Normale,Deux véhicules - frontale,,,,,,,,,,,1,1,1,1,1
200800047228,0008-08-04 12:15:00,8,8,4,12,15,490,378,,,,Plein jour,Hors agglomération,Hors intersection,Pluie légère,Autre collision,,,,,,,,,,,1,1,1,2,6
200800047229,0008-08-18 08:45:00,8,8,18,8,45,490,378,,,,Plein jour,Hors agglomération,Hors intersection,Normale,Sans collision,,,,,,,,,,,1,1,1,1,7
200800047230,0008-08-02 18:30:00,8,8,2,18,30,740,164,1343 avenue d'anterne,46.084,6.504,Plein jour,En agglomération,Hors intersection,Normale,Deux véhicules - frontale,,,,,,,,,,,1,2,1,1,1
200800047231,0008-08-24 19:45:00,8,8,24,19,45,620,867,,,,Plein jour,Hors agglomération,Hors intersection,Autre,Autre collision,,,,,,,,,,,1,1,1,9,6
200800047232,0008-08-07 18:15:00,8,8,7,18,15,460,121,,44.73,1.48,Plein jour,Hors agglomération,Hors intersection,Normale,Sans collision,,,,,,,,,,,1,1,1,1,7
200800047233,0008-08-09 07:15:00,8,8,9,7,15,450,332,,47.898,2.685,Plein jour,Hors agglomération,Hors intersection,Normale,Sans collision,,,,,,,,,,,1,1,1,1,7
200800047234,0008-08-03 10:45:00,8,8,3,10,45,190,180,,45.512,2.245,Nuit sans éclairage public,Hors agglomération,Hors intersection,Normale,Autre collision,,,,,,,,,,,3,1,1,1,6
200800047235,0008-08-27 15:00:00,8,8,27,15,0,680,266,,,,Plein jour,Hors agglomération,Hors intersection,Normale,Trois véhicules et plus - en chaîne,,,,,,,,,,,1,1,1,1,4
200800047236,0008-08-28 18:00:00,8,8,28,18,0,680,296,,,,Plein jour,Hors agglomération,Hors intersection,Normale,Sans collision,,,,,,,,,,,1,1,1,1,7
200800047237,0008-08-13 02:00:00,8,8,13,2,0,720,231,,47.963,0.318,Nuit sans éclairage public,Hors agglomération,Hors intersection,Normale,Deux véhicules - arrière,,,,,,,,,,,3,1,1,1,2
200800047238,0008-08-14 17:15:00,8,8,14,17,15,720,299,,47.879,0.292,Plein jour,Hors agglomération,Hors intersection,Normale,Autre collision,,,,,,,,,,,1,1,1,1,6
200800047239,0008-08-18 19:30:00,8,8,18,19,30,720,380,,,,Plein jour,Hors agglomération,Hors intersection,Normale,Autre collision,,,,,,,,,,,1,1,1,1,6
200800047240,0008-08-28 20:45:00,8,8,28,20,45,190,85,,45.329,1.859,Plein jour,Hors agglomération,Hors intersection,Normale,Deux véhicules - frontale,,,,,,,,,,,1,1,1,1,1
200800047241,0008-08-12 11:45:00,8,8,12,11,45,670,388,,48.95,7.67,Plein jour,Hors agglomération,Hors intersection,Pluie légère,Sans collision,,,,,,,,,,,1,1,1,2,7
200800047242,0008-08-13 19:45:00,8,8,13,19,45,670,512,Rue de Bitschhoffen,48.85,7.61,Plein jour,En agglomération,Hors intersection,Normale,Deux véhicules - frontale,,,,,,,,,,,1,2,1,1,1
200800047243,0008-08-20 16:15:00,8,8,20,16,15,670,388,23 Route de Strasbourg,,,Plein jour,En agglomération,Hors intersection,Normale,Autre collision,,,,,,,,,,,1,2,1,1,6
200800047244,0008-08-27 08:30:00,8,8,27,8,30,670,292,,48.886,7.664,Plein jour,Hors agglomération,Passage à niveau,Normale,Deux véhicules - frontale,,,,,,,,,,,1,1,8,1,1
200800047245,0008-08-01 12:15:00,8,8,1,12,15,310,547,Rue Danielle Casanova,43.496,1.319,Plein jour,En agglomération,Intersection en T,Normale,Deux véhicules - frontale,,,,,,,,,,,1,2,3,1,1
200800047246,0008-08-30 01:15:00,8,8,30,1,15,850,89,,,,Nuit sans éclairage public,Hors agglomération,Hors intersection,Normale,Autre collision,,,,,,,,,,,3,1,1,1,6
200800047247,0008-08-02 01:00:00,8,8,2,1,0,130,36,,43.823,4.837,Nuit sans éclairage public,Hors agglomération,Hors intersection,Normale,Autre collision,,,,,,,,,,,3,1,1,1,6
200800047248,0008-08-21 16:45:00,8,8,21,16,45,340,192,avenue comte de melgueil,,,Plein jour,En agglomération,Hors intersection,Normale,Deux véhicules - arrière,,,,,,,,,,,1,2,1,1,2
200800047249,0008-08-31 03:00:00,8,8,31,3,0,340,192,,,,Nuit sans éclairage public,Hors agglomération,Hors intersection,Temps couvert,Deux véhicules - arrière,,,,,,,,,,,3,1,1,8,2
200800047250,0008-08-04 17:00:00,8,8,4,17,0,760,703,,,,Plein jour,Hors agglomération,Hors intersection,Temps éblouissant,Deux véhicules - frontale,,,,,,,,,,,1,1,1,7,1
200800047251,0008-08-18 18:00:00,8,8,18,18,0,760,711,Rue Thiers/Rue J. d'Arc,,,Plein jour,En agglomération,Hors intersection,Normale,Deux véhicules - côté,,,,,,,,,,,1,2,1,1,3
200800047252,0008-08-09 13:15:00,8,8,9,13,15,760,560,441 chant des oiseaux,,,Plein jour,En agglomération,Hors intersection,Normale,Autre collision,,,,,,,,,,,1,2,1,1,6
200800047253,0008-08-04 10:45:00,8,8,4,10,45,310,32,,43.685,1.323,Plein jour,En agglomération,Hors intersection,Normale,Autre collision,,,,,,,,,,,1,2,1,1,6
200800047254,0008-08-12 16:00:00,8,8,12,16,0,310,32,ROUTE DE MERVILLE,43.705,1.319,Plein jour,En agglomération,Hors intersection,Normale,Sans collision,,,,,,,,,,,1,2,1,1,7
200800047255,0008-08-24 12:30:00,8,8,24,12,30,310,541,,43.688,1.363,Plein jour,Hors agglomération,Autre intersection,Normale,Deux véhicules - côté,,,,,,,,,,,1,1,9,1,3
200800047256,0008-08-25 14:45:00,8,8,25,14,45,310,541,route de Toulouse,43.688,1.362,Plein jour,En agglomération,Hors intersection,Normale,Trois véhicules et plus - collisions multiples,,,,,,,,,,,1,2,1,1,5
200800047257,0008-08-25 21:45:00,8,8,25,21,45,310,150,,43.643,1.309,Nuit sans éclairage public,Hors agglomération,Hors intersection,Normale,Autre collision,,,,,,,,,,,3,1,1,1,6