accident_id,datetime,annee,mois,jour,heure,minute,departement,commune_insee,adresse,latitude,longitude,luminosite,agglomeration,intersection,meteo,collision,nb_vehicules,nb_usagers,nb_indemnes,nb_tues,nb_blesses_hosp,nb_blesses_legers,age_cond_1,age_cond_2,veh_type_cond_1,veh_type_cond_2,lum_code,agg_code,int_code,atm_code,col_code
200800047258,0008-08-30 19:45:00,8,8,30,19,45,310,150,"route de SEILH, RD 63",43.669,1.342,Plein jour,En agglomération,Hors intersection,Normale,Deux véhicules - côté,,,,,,,,,,,1,2,1,1,3
200800047259,0008-08-03 01:15:00,8,8,3,1,15,250,133,,,,Nuit sans éclairage public,Hors agglomération,Hors intersection,Normale,Autre collision,,,,,,,,,,,3,1,1,1,6
200800047260,0008-08-29 12:30:00,8,8,29,12,30,250,133,,,,Plein jour,Hors agglomération,Intersection en T,Normale,Trois véhicules et plus - collisions multiples,,,,,,,,,,,1,1,3,1,5
200800047261,0008-08-30 07:15:00,8,8,30,7,15,250,258,,,,Plein jour,Hors agglomération,Hors intersection,Normale,Deux véhicules - côté,,,,,,,,,,,1,1,1,1,3
200800047262,0008-08-17 04:30:00,8,8,17,4,30,560,94,,47.79,-3.245,Nuit sans éclairage public,Hors agglomération,Autre intersection,Pluie légère,Sans collision,,,,,,,,,,,3,1,9,2,7
200800047263,0008-08-30 07:00:00,8,8,30,7,0,560,94,,,,Plein jour,Hors agglomération,Hors intersection,Normale,Deux véhicules - frontale,,,,,,,,,,,1,1,1,1,1
200800047264,0008-08-08 17:15:00,8,8,8,17,15,620,297,D221,50.82,2.149,Plein jour,En agglomération,Hors intersection,Normale,Deux véhicules - frontale,,,,,,,,,,,1,2,1,1,1
200800047265,0008-08-01 11:00:00,8,8,1,11,0,240,309,,,,Plein jour,Hors agglomération,Hors intersection,Normale,Sans collision,,,,,,,,,,,1,1,1,1,7
200800047266,0008-08-11 10:30:00,8,8,11,10,30,240,372,,,,Plein jour,Hors agglomération,Hors intersection,Normale,Deux véhicules - arrière,,,,,,,,,,,1,1,1,1,2
200800047267,0008-08-19 07:30:00,8,8,19,7,30,240,439,,,,Plein jour,Hors agglomération,Hors intersection,Normale,Autre collision,,,,,,,,,,,1,1,1,1,6
200800047268,0008-08-31 20:30:00,8,8,31,20,30,340,309,Rd 21,43.695,3.93,Nuit avec éclairage allumé,En agglomération,Hors intersection,Normale,Autre collision,,,,,,,,,,,5,2,1,1,6
200800047269,0008-08-20 11:15:00,8,8,20,11,15,690,260,CD15 route de Givors,,,Plein jour,En agglomération,Autre intersection,Normale,Autre collision,,,,,,,,,,,1,2,9,1,6
200800047270,0008-08-10 07:45:00,8,8,10,7,45,610,306,,,,Plein jour,Hors agglomération,Hors intersection,Pluie légère,Autre collision,,,,,,,,,,,1,1,1,2,6
200800047271,0008-08-11 12:30:00,8,8,11,12,30,370,153,,,,Plein jour,Hors agglomération,Hors intersection,Normale,Trois véhicules et plus - en chaîne,,,,,,,,,,,1,1,1,1,4
200800047272,0008-08-23 04:00:00,8,8,23,4,0,660,21,,,,Nuit sans éclairage public,Hors agglomération,Hors intersection,Normale,Sans collision,,,,,,,,,,,3,1,1,1,7
200800047273,0008-08-05 08:15:00,8,8,5,8,15,300,127,,44.072,4.579,Plein jour,Hors agglomération,Hors intersection,Normale,Autre collision,,,,,,,,,,,1,1,1,1,6
200800047274,0008-08-19 15:00:00,8,8,19,15,0,370,250,,47.223,0.659,Plein jour,Hors agglomération,Hors intersection,Normale,Deux véhicules - frontale,,,,,,,,,,,1,1,1,1,1
200800047275,0008-08-07 16:00:00,8,8,7,16,0,500,523,,,,Plein jour,Hors agglomération,Hors intersection,Pluie forte,Sans collision,,,,,,,,,,,1,1,1,3,7
200800047276,0008-08-08 21:45:00,8,8,8,21,45,830,91,,,,Nuit sans éclairage public,Hors agglomération,Hors intersection,Normale,Autre collision,,,,,,,,,,,3,1,1,1,6
200800047277,0008-08-22 12:00:00,8,8,22,12,0,830,33,,,,Plein jour,Hors agglomération,Hors intersection,Normale,Deux véhicules - arrière,,,,,,,,,,,1,1,1,1,2
200800047278,0008-08-23 18:30:00,8,8,23,18,30,120,115,,,,Plein jour,Hors agglomération,Hors intersection,Normale,Sans collision,,,,,,,,,,,1,1,1,1,7
200800047279,0008-08-28 10:45:00,8,8,28,10,45,760,621,,,,Plein jour,Hors agglomération,Hors intersection,Normale,Sans collision,,,,,,,,,,,1,1,1,1,7
200800047280,0008-08-30 22:15:00,8,8,30,22,15,360,239,,46.486,1.502,Nuit sans éclairage public,Hors agglomération,Hors intersection,Normale,Deux véhicules - arrière,,,,,,,,,,,3,1,1,1,2
200800047281,0008-08-11 00:01:00,8,8,11,0,1,150,203,,,,Nuit sans éclairage public,Hors agglomération,Hors intersection,Normale,Trois véhicules et plus - collisions multiples,,,,,,,,,,,3,1,1,1,5
200800047282,0008-08-07 09:00:00,8,8,7,9,0,190,248,,,,Plein jour,Hors agglomération,Hors intersection,Normale,Deux véhicules - arrière,,,,,,,,,,,1,1,1,1,2
200800047283,0008-08-18 00:45:00,8,8,18,0,45,190,162,,,,Nuit sans éclairage public,Hors agglomération,Hors intersection,Normale,Autre collision,,,,,,,,,,,3,1,1,1,6
200800047284,0008-08-04 02:00:00,8,8,4,2,0,480,12,,,,Nuit sans éclairage public,Hors agglomération,Hors intersection,Normale,Autre collision,,,,,,,,,,,3,1,1,1,6
200800047285,0008-08-06 15:45:00,8,8,6,15,45,480,140,,,,Plein jour,Hors agglomération,Hors intersection,Normale,Autre collision,,,,,,,,,,,1,1,1,1,6
200800047286,0008-08-07 17:15:00,8,8,7,17,15,480,183,,44.58,3.28,Nuit sans éclairage public,Hors agglomération,Hors intersection,Normale,Trois véhicules et plus - collisions multiples,,,,,,,,,,,3,1,1,1,5
200800047287,0008-08-24 16:45:00,8,8,24,16,45,480,17,,44.445,3.199,Plein jour,Hors agglomération,Hors intersection,Normale,Sans collision,,,,,,,,,,,1,1,1,1,7
200800047288,0008-08-29 19:30:00,8,8,29,19,30,720,306,,47.842,0.228,Plein jour,Hors agglomération,Hors intersection,Normale,Autre collision,,,,,,,,,,,1,1,1,1,6
200800047289,0008-08-05 18:15:00,8,8,5,18,15,680,178,Route depatementale 430,47.95,7.139,Plein jour,En agglomération,Hors intersection,Normale,Deux véhicules - frontale,,,,,,,,,,,1,2,1,1,1
200800047290,0008-08-08 10:00:00,8,8,8,10,0,590,260,,,,Plein jour,Hors agglomération,Giratoire,Normale,Deux véhicules - côté,,,,,,,,,,,1,1,6,1,3
200800047291,0008-08-08 17:00:00,8,8,8,17,0,590,404,,,,Plein jour,Hors agglomération,Hors intersection,Normale,Sans collision,,,,,,,,,,,1,1,1,1,7
200800047292,0008-08-09 10:00:00,8,8,9,10,0,590,309,intersection CD947/CD55,,,Plein jour,En agglomération,Hors intersection,Normale,Deux véhicules - frontale,,,,,,,,,,,1,2,1,1,1
200800047293,0008-08-16 21:30:00,8,8,16,21,30,590,309,rue marechal juin,,,Crépuscule ou aube,En agglomération,Hors intersection,Normale,Autre collision,,,,,,,,,,,2,2,1,1,6
200800047294,0008-08-08 08:45:00,8,8,8,8,45,670,232,,48.963,7.893,Plein jour,Hors agglomération,Hors intersection,Pluie légère,Deux véhicules - frontale,,,,,,,,,,,1,1,1,2,1
200800047295,0008-08-09 14:00:00,8,8,9,14,0,670,455,,48.961,7.921,Plein jour,Hors agglomération,Hors intersection,Normale,Deux véhicules - côté,,,,,,,,,,,1,1,1,1,3
200800047296,0008-08-31 15:45:00,8,8,31,15,45,670,455,,48.962,7.926,Plein jour,Hors agglomération,Hors intersection,Normale,Autre collision,,,,,,,,,,,1,1,1,1,6
200800047297,0008-08-06 10:30:00,8,8,6,10,30,680,145,,,,Plein jour,En agglomération,Hors intersection,Normale,Deux véhicules - arrière,,,,,,,,,,,1,2,1,1,2
200800047298,0008-08-25 06:00:00,8,8,25,6,0,680,7,,,,Crépuscule ou aube,Hors agglomération,Hors intersection,Temps couvert,Deux véhicules - côté,,,,,,,,,,,2,1,1,8,3
200800047299,0008-08-15 13:00:00,8,8,15,13,0,680,317,,48.08,7.11,Plein jour,Hors agglomération,Hors intersection,Normale,Sans collision,,,,,,,,,,,1,1,1,1,7
200800047300,0008-08-13 07:45:00,8,8,13,7,45,680,36,Rue du Pecheur,48.044,7.548,Plein jour,En agglomération,Hors intersection,Normale,Autre collision,,,,,,,,,,,1,2,1,1,6
200800047301,0008-08-23 17:15:00,8,8,23,17,15,680,130,PARKING MAIRIE,47.975,7.54,Plein jour,En agglomération,Hors intersection,Normale,Autre collision,,,,,,,,,,,1,2,1,1,6
200800047302,0008-08-07 00:15:00,8,8,7,0,15,680,296,,48.244,7.322,Nuit sans éclairage public,Hors agglomération,Hors intersection,Normale,Sans collision,,,,,,,,,,,3,1,1,1,7
200800047303,0008-08-25 18:15:00,8,8,25,18,15,680,26,,48.139,7.344,Plein jour,Hors agglomération,Intersection en T,Normale,Deux véhicules - côté,,,,,,,,,,,1,1,3,1,3
200800047304,0008-08-21 15:45:00,8,8,21,15,45,680,374,,,,Plein jour,Hors agglomération,Passage à niveau,Normale,Deux véhicules - arrière,,,,,,,,,,,1,1,8,1,2
200800047305,0008-08-13 08:15:00,8,8,13,8,15,680,222,,,,Plein jour,Hors agglomération,Hors intersection,Temps éblouissant,Autre collision,,,,,,,,,,,1,1,1,7,6
200800047306,0008-08-17 23:45:00,8,8,17,23,45,680,4,23 rue du 3eme Zouaves,,,Nuit avec éclairage allumé,En agglomération,Hors intersection,Normale,Autre collision,,,,,,,,,,,5,2,1,1,6
200800047307,0008-08-31 16:45:00,8,8,31,16,45,680,17,,47.632,7.185,Plein jour,Hors agglomération,Hors intersection,Normale,Sans collision,,,,,,,,,,,1,1,1,1,7
200800047308,0008-08-09 11:15:00,8,8,9,11,15,680,50,,47.671,7.06,Plein jour,Hors agglomération,Intersection en X,Normale,Deux véhicules - côté,,,,,,,,,,,1,1,2,1,3
200800047309,0008-08-18 10:30:00,8,8,18,10,30,680,347,,47.515,7.299,Plein jour,Hors agglomération,Intersection en Y,Normale,Deux véhicules - frontale,,,,,,,,,,,1,1,4,1,1
200800047310,0008-08-24 12:15:00,8,8,24,12,15,680,194,,,,Plein jour,Hors agglomération,Hors intersection,Normale,Deux véhicules - arrière,,,,,,,,,,,1,1,1,1,2
200800047311,0008-08-17 03:30:00,8,8,17,3,30,680,41,,47.887,7.548,Nuit sans éclairage public,Hors agglomération,Hors intersection,Normale,Autre collision,,,,,,,,,,,3,1,1,1,6
200800047312,0008-08-06 16:15:00,8,8,6,16,15,680,287,,,,Plein jour,Hors agglomération,Hors intersection,Normale,Deux véhicules - côté,,,,,,,,,,,1,1,1,1,3
200800047313,0008-08-13 20:00:00,8,8,13,20,0,680,15,,,,Crépuscule ou aube,Hors agglomération,Hors intersection,Normale,Deux véhicules - côté,,,,,,,,,,,2,1,1,1,3
200800047314,0008-08-10 08:00:00,8,8,10,8,0,680,154,Rue de l'Ill,,,Plein jour,En agglomération,Giratoire,Normale,Autre collision,,,,,,,,,,,1,2,6,1,6
200800047315,0008-08-28 06:30:00,8,8,28,6,30,680,309,,,,Crépuscule ou aube,Hors agglomération,Hors intersection,Normale,Sans collision,,,,,,,,,,,2,1,1,1,7
200800047316,0008-08-30 15:45:00,8,8,30,15,45,680,309,,,,Plein jour,Hors agglomération,Autre intersection,Normale,Deux véhicules - côté,,,,,,,,,,,1,1,9,1,3
200800047317,0008-08-16 01:45:00,8,8,16,1,45,680,63,,47.786,7.168,Nuit sans éclairage public,Hors agglomération,Hors intersection,Normale,Deux véhicules - arrière,,,,,,,,,,,3,1,1,1,2
200800047318,0008-08-16 07:15:00,8,8,16,7,15,510,278,,,,Plein jour,Hors agglomération,Hors intersection,Normale,Sans collision,,,,,,,,,,,1,1,1,1,7
200800047319,0008-08-23 21:45:00,8,8,23,21,45,510,203,,49.056,4.452,Nuit sans éclairage public,Hors agglomération,Giratoire,Normale,Autre collision,,,,,,,,,,,3,1,6,1,6
200800047320,0008-08-22 15:15:00,8,8,22,15,15,510,367,,48.938,4.035,Plein jour,Hors agglomération,Hors intersection,Pluie légère,Sans collision,,,,,,,,,,,1,1,1,2,7
200800047321,0008-08-30 14:15:00,8,8,30,14,15,510,93,,,,Plein jour,Hors agglomération,Hors intersection,Normale,Autre collision,,,,,,,,,,,1,1,1,1,6
200800047322,0008-08-02 17:00:00,8,8,2,17,0,510,369,,48.73,3.68,Plein jour,Hors agglomération,Intersection en Y,Temps couvert,Deux véhicules - côté,,,,,,,,,,,1,1,4,8,3
200800047323,0008-08-16 16:15:00,8,8,16,16,15,510,136,,,,Plein jour,Hors agglomération,Hors intersection,Normale,Autre collision,,,,,,,,,,,1,1,1,1,6
200800047324,0008-08-26 12:15:00,8,8,26,12,15,510,199,,,,Plein jour,Hors agglomération,Hors intersection,Normale,Deux véhicules - frontale,,,,,,,,,,,1,1,1,1,1
200800047325,0008-08-05 07:45:00,8,8,5,7,45,510,649,,48.721,4.6,Plein jour,En agglomération,Hors intersection,Temps éblouissant,Deux véhicules - frontale,,,,,,,,,,,1,2,1,7,1
200800047326,0008-08-08 11:15:00,8,8,8,11,15,510,156,,48.668,4.643,Plein jour,Hors agglomération,Hors intersection,Pluie légère,Autre collision,,,,,,,,,,,1,1,1,2,6
200800047327,0008-08-21 19:15:00,8,8,21,19,15,510,649,FAUBOURG LEON BOURGEOIS,48.73,4.587,Plein jour,En agglomération,Hors intersection,Normale,Deux véhicules - côté,,,,,,,,,,,1,2,1,1,3
200800047328,0008-08-28 21:00:00,8,8,28,21,0,510,649,Rue Aristide BRIAND,,,Nuit avec éclairage allumé,En agglomération,Hors intersection,Normale,Deux véhicules - arrière,,,,,,,,,,,5,2,1,1,2
200800047329,0008-08-17 16:15:00,8,8,17,16,15,510,417,,48.671,4.744,Plein jour,Hors agglomération,Hors intersection,Normale,Deux véhicules - frontale,,,,,,,,,,,1,1,1,1,1
200800047330,0008-08-10 06:30:00,8,8,10,6,30,510,214,,48.976,4.775,Crépuscule ou aube,Hors agglomération,Hors intersection,Normale,Autre collision,,,,,,,,,,,2,1,1,1,6
200800047331,0008-08-29 17:15:00,8,8,29,17,15,510,62,,49.239,4.893,Plein jour,Hors agglomération,Hors intersection,Normale,Deux véhicules - frontale,,,,,,,,,,,1,1,1,1,1
200800047332,0008-08-03 02:00:00,8,8,3,2,0,80,328,,49.833,4.751,Nuit sans éclairage public,En agglomération,Hors intersection,Normale,Sans collision,,,,,,,,,,,3,2,1,1,7
200800047333,0008-08-11 15:45:00,8,8,11,15,45,80,81,Rue Etienne Dolet (RD1),49.85,4.769,Plein jour,En agglomération,Hors intersection,Normale,Deux véhicules - côté,,,,,,,,,,,1,2,1,1,3
200800047334,0008-08-17 00:30:00,8,8,17,0,30,80,328,02 rue de la croix,,,Nuit avec éclairage allumé,En agglomération,Hors intersection,Normale,Autre collision,,,,,,,,,,,5,2,1,1,6
200800047335,0008-08-02 06:30:00,8,8,2,6,30,80,475,,,,Crépuscule ou aube,Hors agglomération,Hors intersection,Normale,Autre collision,,,,,,,,,,,2,1,1,1,6
200800047336,0008-08-19 12:00:00,8,8,19,12,0,80,491,rue de l'industrie,49.734,4.841,Plein jour,En agglomération,Hors intersection,Normale,Deux véhicules - côté,,,,,,,,,,,1,2,1,1,3
200800047337,0008-08-06 18:30:00,8,8,6,18,30,80,97,,49.311,4.748,Plein jour,En agglomération,Hors intersection,Temps éblouissant,Deux véhicules - côté,,,,,,,,,,,1,2,1,7,3
200800047338,0008-08-07 07:45:00,8,8,7,7,45,80,431,,49.357,4.657,Plein jour,Hors agglomération,Hors intersection,Normale,Sans collision,,,,,,,,,,,1,1,1,1,7
200800047339,0008-08-20 17:00:00,8,8,20,17,0,80,490,,49.404,4.716,Plein jour,Hors agglomération,Hors intersection,Normale,Deux véhicules - frontale,,,,,,,,,,,1,1,1,1,1
200800047340,0008-08-03 19:45:00,8,8,3,19,45,80,38,,49.465,4.246,Plein jour,Hors agglomération,Hors intersection,Normale,Sans collision,,,,,,,,,,,1,1,1,1,7
200800047341,0008-08-25 20:15:00,8,8,25,20,15,100,314,,,,Plein jour,Hors agglomération,Hors intersection,Normale,Autre collision,,,,,,,,,,,1,1,1,1,6
200800047342,0008-08-21 21:15:00,8,8,21,21,15,100,202,,,,Nuit sans éclairage public,Hors agglomération,Hors intersection,Normale,Autre collision,,,,,,,,,,,3,1,1,1,6
200800047343,0008-08-26 23:30:00,8,8,26,23,30,100,185,,,,Nuit sans éclairage public,Hors agglomération,Hors intersection,Normale,Autre collision,,,,,,,,,,,3,1,1,1,6
200800047344,0008-08-06 16:45:00,8,8,6,16,45,100,190,,48.294,4.217,Plein jour,Hors agglomération,Hors intersection,Normale,Autre collision,,,,,,,,,,,1,1,1,1,6
200800047345,0008-08-13 20:00:00,8,8,13,20,0,100,61,route de dienville,48.362,4.4,Plein jour,En agglomération,Hors intersection,Normale,Deux véhicules - côté,,,,,,,,,,,1,2,1,1,3
200800047346,0008-08-06 13:45:00,8,8,6,13,45,100,137,grande rue,48.273,4.758,Plein jour,En agglomération,Hors intersection,Normale,Deux véhicules - côté,,,,,,,,,,,1,2,1,1,3
200800047347,0008-08-03 16:00:00,8,8,3,16,0,100,34,,,,Plein jour,Hors agglomération,Hors intersection,Normale,Trois véhicules et plus - collisions multiples,,,,,,,,,,,1,1,1,1,5
200800047348,0008-08-30 17:00:00,8,8,30,17,0,100,259,,48.474,3.451,Plein jour,Hors agglomération,Hors intersection,Normale,Deux véhicules - arrière,,,,,,,,,,,1,1,1,1,2
200800047349,0008-08-19 19:15:00,8,8,19,19,15,100,280,,,,Plein jour,Hors agglomération,Hors intersection,Normale,Deux véhicules - arrière,,,,,,,,,,,1,1,1,1,2
200800047350,0008-08-14 14:45:00,8,8,14,14,45,520,101,,48.138,5.612,Plein jour,Hors agglomération,Hors intersection,Normale,Sans collision,,,,,,,,,,,1,1,1,1,7
200800047351,0008-08-21 20:30:00,8,8,21,20,30,520,42,,,,Plein jour,Hors agglomération,Hors intersection,Normale,Autre collision,,,,,,,,,,,1,1,1,1,6
200800047352,0008-08-26 19:45:00,8,8,26,19,45,520,348,rue de la gare,47.921,5.443,Plein jour,En agglomération,Hors intersection,Normale,Trois véhicules et plus - collisions multiples,,,,,,,,,,,1,2,1,1,5
200800047353,0008-08-03 00:15:00,8,8,3,0,15,520,93,42 rue de la Republique,47.811,5.441,Nuit sans éclairage public,En agglomération,Hors intersection,Pluie légère,Autre collision,,,,,,,,,,,3,2,1,2,6
200800047354,0008-08-03 18:45:00,8,8,3,18,45,520,350,,47.865,5.8,Plein jour,Hors agglomération,Hors intersection,Normale,Sans collision,,,,,,,,,,,1,1,1,1,7
200800047355,0008-08-09 11:30:00,8,8,9,11,30,520,93,,,,Nuit sans éclairage public,Hors agglomération,Hors intersection,Pluie légère,Sans collision,,,,,,,,,,,3,1,1,2,7
200800047356,0008-08-28 09:00:00,8,8,28,9,0,520,388,,47.828,5.673,Plein jour,Hors agglomération,Hors intersection,Normale,Sans collision,,,,,,,,,,,1,1,1,1,7
200800047357,0008-08-27 10:45:00,8,8,27,10,45,520,70,,47.8,5.281,Plein jour,Hors agglomération,Hors intersection,Normale,Sans collision,,,,,,,,,,,1,1,1,1,7
200800047358,0008-08-01 14:00:00,8,8,1,14,0,520,194,grand rue,,,Plein jour,En agglomération,Hors intersection,Normale,Autre collision,,,,,,,,,,,1,2,1,1,6
200800047359,0008-08-12 11:30:00,8,8,12,11,30,520,386,,,,Plein jour,Hors agglomération,Hors intersection,Normale,Deux véhicules - frontale,,,,,,,,,,,1,1,1,1,1
200800047360,0008-08-16 09:15:00,8,8,16,9,15,210,676,,47.459,4.27,Plein jour,Hors agglomération,Hors intersection,Normale,Deux véhicules - arrière,,,,,,,,,,,1,1,1,1,2
200800047361,0008-08-02 20:15:00,8,8,2,20,15,210,535,,,,Crépuscule ou aube,En agglomération,Passage à niveau,Normale,Sans collision,,,,,,,,,,,2,2,8,1,7
200800047362,0008-08-29 18:15:00,8,8,29,18,15,210,21,,,,Plein jour,Hors agglomération,Hors intersection,Normale,Deux véhicules - côté,,,,,,,,,,,1,1,1,1,3
200800047363,0008-08-24 18:00:00,8,8,24,18,0,210,371,,47.138,5.331,Plein jour,Hors agglomération,Hors intersection,Normale,Sans collision,,,,,,,,,,,1,1,1,1,7
200800047364,0008-08-22 21:30:00,8,8,22,21,30,210,57,,47.232,5.261,Nuit sans éclairage public,Hors agglomération,Hors intersection,Normale,Autre collision,,,,,,,,,,,3,1,1,1,6
200800047365,0008-08-20 11:45:00,8,8,20,11,45,210,481,,,,Plein jour,Hors agglomération,Hors intersection,Normale,Autre collision,,,,,,,,,,,1,1,1,1,6
200800047366,0008-08-02 19:00:00,8,8,2,19,0,210,416,,,,Plein jour,Hors agglomération,Hors intersection,Normale,Deux véhicules - côté,,,,,,,,,,,1,1,1,1,3
200800047367,0008-08-29 18:30:00,8,8,29,18,30,210,81,,47.372,4.776,Plein jour,Hors agglomération,Intersection en X,Normale,Deux véhicules - côté,,,,,,,,,,,1,1,2,1,3
200800047368,0008-08-28 06:30:00,8,8,28,6,30,210,87,,47.117,4.67,Crépuscule ou aube,Hors agglomération,Hors intersection,Brouillard / fumée,Trois véhicules et plus - en chaîne,,,,,,,,,,,2,1,1,5,4
200800047369,0008-08-16 17:30:00,8,8,16,17,30,210,336,,,,Plein jour,Hors agglomération,Hors intersection,Normale,Sans collision,,,,,,,,,,,1,1,1,1,7
200800047370,0008-08-19 11:00:00,8,8,19,11,0,210,154,,,,Plein jour,Hors agglomération,Hors intersection,Normale,Sans collision,,,,,,,,,,,1,1,1,1,7
200800047371,0008-08-21 06:00:00,8,8,21,6,0,210,154,,,,Crépuscule ou aube,Hors agglomération,Hors intersection,Normale,Autre collision,,,,,,,,,,,2,1,1,1,6
200800047372,0008-08-26 05:45:00,8,8,26,5,45,210,34,,,,Nuit sans éclairage public,Hors agglomération,Hors intersection,Normale,Sans collision,,,,,,,,,,,3,1,1,1,7
200800047373,0008-08-04 08:45:00,8,8,4,8,45,210,603,,,,Plein jour,Hors agglomération,Hors intersection,Pluie légère,Deux véhicules - côté,,,,,,,,,,,1,1,1,2,3
200800047374,0008-08-29 23:30:00,8,8,29,23,30,210,497,,,,Nuit sans éclairage public,Hors agglomération,Hors intersection,Normale,Deux véhicules - frontale,,,,,,,,,,,3,1,1,1,1
200800047375,0008-08-30 16:30:00,8,8,30,16,30,210,98,,47.475,4.63,Plein jour,Hors agglomération,Hors intersection,Normale,Deux véhicules - frontale,,,,,,,,,,,1,1,1,1,1
200800047376,0008-08-01 20:45:00,8,8,1,20,45,580,117,35 RUE DES FORGERONS,47.019,3.081,Plein jour,En agglomération,Hors intersection,Normale,Deux véhicules - côté,,,,,,,,,,,1,2,1,1,3
200800047377,0008-08-06 21:00:00,8,8,6,21,0,580,160,route de marce,46.994,3.105,Crépuscule ou aube,En agglomération,Hors intersection,Normale,Autre collision,,,,,,,,,,,2,2,1,1,6
200800047378,0008-08-19 20:30:00,8,8,19,20,30,580,182,route des Levees,46.993,3.813,Crépuscule ou aube,En agglomération,Hors intersection,Normale,Deux véhicules - frontale,,,,,,,,,,,2,2,1,1,1
200800047379,0008-08-15 19:30:00,8,8,15,19,30,580,170,RUE DFE LA REPUBLIQUE,,,Plein jour,En agglomération,Hors intersection,Normale,Deux véhicules - côté,,,,,,,,,,,1,2,1,1,3
200800047380,0008-08-19 12:15:00,8,8,19,12,15,580,229,,,,Plein jour,Hors agglomération,Hors intersection,Pluie légère,Autre collision,,,,,,,,,,,1,1,1,2,6
200800047381,0008-08-27 16:45:00,8,8,27,16,45,580,208,,,,Plein jour,Hors agglomération,Hors intersection,Normale,Deux véhicules - frontale,,,,,,,,,,,1,1,1,1,1
200800047382,0008-08-13 16:45:00,8,8,13,16,45,710,360,,,,Plein jour,Hors agglomération,Intersection en T,Normale,Deux véhicules - côté,,,,,,,,,,,1,1,3,1,3
200800047383,0008-08-02 06:00:00,8,8,2,6,0,710,372,la maison blanche,,,Crépuscule ou aube,En agglomération,Hors intersection,Brouillard / fumée,Deux véhicules - frontale,,,,,,,,,,,2,2,1,5,1
200800047384,0008-08-06 07:15:00,8,8,6,7,15,710,543,PLACE DU CHAMPS DE MARS,,,Plein jour,En agglomération,Place,Normale,Deux véhicules - côté,,,,,,,,,,,1,2,7,1,3
200800047385,0008-08-12 07:00:00,8,8,12,7,0,710,248,,46.562,4.926,Plein jour,Hors agglomération,Hors intersection,Pluie légère,Deux véhicules - arrière,,,,,,,,,,,1,1,1,2,2
200800047386,0008-08-21 19:30:00,8,8,21,19,30,710,442,CD 974 -route  du  canal,46.851,4.637,Plein jour,En agglomération,Hors intersection,Normale,Deux véhicules - frontale,,,,,,,,,,,1,2,1,1,1
200800047387,0008-08-17 18:00:00,8,8,17,18,0,710,296,,,,Plein jour,Hors agglomération,Hors intersection,Normale,Autre collision,,,,,,,,,,,1,1,1,1,6
200800047388,0008-08-14 14:00:00,8,8,14,14,0,710,3,,46.915,4.98,Plein jour,Hors agglomération,Hors intersection,Normale,Sans collision,,,,,,,,,,,1,1,1,1,7
200800047389,0008-08-28 19:30:00,8,8,28,19,30,710,398,,,,Crépuscule ou aube,Hors agglomération,Hors intersection,Normale,Deux véhicules - côté,,,,,,,,,,,2,1,1,1,3
200800047390,0008-08-03 14:15:00,8,8,3,14,15,710,325,,46.545,3.963,Plein jour,Hors agglomération,Hors intersection,Normale,Sans collision,,,,,,,,,,,1,1,1,1,7
200800047391,0008-08-08 21:00:00,8,8,8,21,0,710,325,,46.5,3.98,Crépuscule ou aube,Hors agglomération,Hors intersection,Normale,Autre collision,,,,,,,,,,,2,1,1,1,6
200800047392,0008-08-23 17:45:00,8,8,23,17,45,710,282,CD61,46.843,4.364,Plein jour,En agglomération,Intersection en T,Normale,Deux véhicules - frontale,,,,,,,,,,,1,2,3,1,1
200800047393,0008-08-22 12:45:00,8,8,22,12,45,710,47,AVENUE PUZENAT,46.627,3.761,Plein jour,En agglomération,Hors intersection,Normale,Deux véhicules - frontale,,,,,,,,,,,1,2,1,1,1
200800047394,0008-08-26 19:15:00,8,8,26,19,15,710,340,,46.539,4.17,Plein jour,Hors agglomération,Hors intersection,Normale,Deux véhicules - frontale,,,,,,,,,,,1,1,1,1,1
200800047395,0008-08-26 16:45:00,8,8,26,16,45,710,230,rue de la Convention,,,Plein jour,En agglomération,Hors intersection,Normale,Autre collision,,,,,,,,,,,1,2,1,1,6
200800047396,0008-08-24 10:00:00,8,8,24,10,0,710,263,rue fernand point,46.632,5.227,Plein jour,En agglomération,Hors intersection,Normale,Deux véhicules - côté,,,,,,,,,,,1,2,1,1,3
200800047397,0008-08-12 14:45:00,8,8,12,14,45,710,523,,46.717,5.182,Plein jour,Hors agglomération,Hors intersection,Pluie légère,Deux véhicules - côté,,,,,,,,,,,1,1,1,2,3
200800047398,0008-08-30 16:15:00,8,8,30,16,15,710,158,PLACE ST BENOIT,,,Plein jour,En agglomération,Intersection en X,Normale,Deux véhicules - côté,,,,,,,,,,,1,2,2,1,3
200800047399,0008-08-02 19:00:00,8,8,2,19,0,710,419,,,,Plein jour,Hors agglomération,Hors intersection,Normale,Autre collision,,,,,,,,,,,1,1,1,1,6
200800047400,0008-08-14 10:15:00,8,8,14,10,15,890,427,,,,Plein jour,Hors agglomération,Hors intersection,Normale,Deux véhicules - frontale,,,,,,,,,,,1,1,1,1,1