accident_id,datetime,annee,mois,jour,heure,minute,departement,commune_insee,adresse,latitude,longitude,luminosite,agglomeration,intersection,meteo,collision,nb_vehicules,nb_usagers,nb_indemnes,nb_tues,nb_blesses_hosp,nb_blesses_legers,age_cond_1,age_cond_2,veh_type_cond_1,veh_type_cond_2,lum_code,agg_code,int_code,atm_code,col_code
200800047401,0008-08-17 15:30:00,8,8,17,15,30,890,119,ROUTE DE CLAMECY,,,Plein jour,En agglomération,Hors intersection,Normale,Autre collision,,,,,,,,,,,1,2,1,1,6
200800047402,0008-08-29 19:00:00,8,8,29,19,0,890,118,,47.663,3.498,Plein jour,Hors agglomération,Hors intersection,Normale,Sans collision,,,,,,,,,,,1,1,1,1,7
200800047403,0008-08-27 19:30:00,8,8,27,19,30,890,345,avenue de Geneve,,,Plein jour,En agglomération,Hors intersection,Normale,Deux véhicules - frontale,,,,,,,,,,,1,2,1,1,1
200800047404,0008-08-08 10:15:00,8,8,8,10,15,890,57,44 GRANDE RUE,,,Plein jour,En agglomération,Hors intersection,Normale,Autre collision,,,,,,,,,,,1,2,1,1,6
200800047405,0008-08-09 17:00:00,8,8,9,17,0,890,25,rue de lyon,,,Plein jour,En agglomération,Hors intersection,Normale,Autre collision,,,,,,,,,,,1,2,1,1,6
200800047406,0008-08-29 09:00:00,8,8,29,9,0,890,203,,47.49,3.852,Plein jour,Hors agglomération,Hors intersection,Normale,Deux véhicules - frontale,,,,,,,,,,,1,1,1,1,1
200800047407,0008-08-10 14:00:00,8,8,10,14,0,890,267,,,,Plein jour,Hors agglomération,Hors intersection,Normale,Deux véhicules - frontale,,,,,,,,,,,1,1,1,1,1
200800047408,0008-08-10 19:00:00,8,8,10,19,0,890,206,1 rue jules verne,47.988,3.413,Plein jour,En agglomération,Hors intersection,Normale,Autre collision,,,,,,,,,,,1,2,1,1,6
200800047409,0008-08-07 16:45:00,8,8,7,16,45,890,334,Sur Ocre,,,Plein jour,En agglomération,Hors intersection,Normale,Autre collision,,,,,,,,,,,1,2,1,1,6
200800047410,0008-08-28 18:30:00,8,8,28,18,30,890,358,,,,Plein jour,Hors agglomération,Intersection en T,Normale,Deux véhicules - côté,,,,,,,,,,,1,1,3,1,3
200800047411,0008-08-30 22:00:00,8,8,30,22,0,890,152,Route de SENS,47.951,3.475,Nuit avec éclairage allumé,En agglomération,Hors intersection,Normale,Deux véhicules - côté,,,,,,,,,,,5,2,1,1,3
200800047412,0008-08-14 13:30:00,8,8,14,13,30,890,239,,,,Plein jour,Hors agglomération,Hors intersection,Normale,Sans collision,,,,,,,,,,,1,1,1,1,7
200800047413,0008-08-22 16:30:00,8,8,22,16,30,890,432,,,,Plein jour,Hors agglomération,Hors intersection,Pluie forte,Autre collision,,,,,,,,,,,1,1,1,3,6
200800047414,0008-08-28 18:30:00,8,8,28,18,30,890,113,CD157,,,Plein jour,En agglomération,Hors intersection,Normale,Autre collision,,,,,,,,,,,1,2,1,1,6
200800047415,0008-08-04 00:45:00,8,8,4,0,45,890,456,,48.308,3.179,Nuit sans éclairage public,Hors agglomération,Hors intersection,Normale,Sans collision,,,,,,,,,,,3,1,1,1,7
200800047416,0008-08-11 20:15:00,8,8,11,20,15,890,459,,48.15,3.156,Plein jour,Hors agglomération,Hors intersection,Normale,Sans collision,,,,,,,,,,,1,1,1,1,7
200800047417,0008-08-21 22:15:00,8,8,21,22,15,890,370,Rue de la Republique,,,Nuit avec éclairage allumé,En agglomération,Hors intersection,Normale,Sans collision,,,,,,,,,,,5,2,1,1,7
200800047418,0008-08-28 11:45:00,8,8,28,11,45,890,380,rue Jeanne d'Arc,48.078,3.097,Plein jour,En agglomération,Hors intersection,Normale,Deux véhicules - arrière,,,,,,,,,,,1,2,1,1,2
200800047419,0008-08-17 10:15:00,8,8,17,10,15,890,298,,,,Plein jour,Hors agglomération,Hors intersection,Normale,Sans collision,,,,,,,,,,,1,1,1,1,7
200800047420,0008-08-03 03:00:00,8,8,3,3,0,250,410,Route de Lausanne,47.23,6.063,Nuit avec éclairage allumé,En agglomération,Hors intersection,Normale,Deux véhicules - frontale,,,,,,,,,,,5,2,1,1,1
200800047421,0008-08-21 17:30:00,8,8,21,17,30,250,278,,,,Plein jour,Hors agglomération,Hors intersection,Normale,Deux véhicules - frontale,,,,,,,,,,,1,1,1,1,1
200800047422,0008-08-28 14:30:00,8,8,28,14,30,250,328,La Diligence,,,Plein jour,En agglomération,Intersection en Y,Normale,Deux véhicules - arrière,,,,,,,,,,,1,2,4,1,2
200800047423,0008-08-18 18:30:00,8,8,18,18,30,250,537,,,,Plein jour,Hors agglomération,Hors intersection,Normale,Deux véhicules - frontale,,,,,,,,,,,1,1,1,1,1
200800047424,0008-08-17 14:15:00,8,8,17,14,15,250,511,,,,Plein jour,Hors agglomération,Hors intersection,Normale,Autre collision,,,,,,,,,,,1,1,1,1,6
200800047425,0008-08-18 23:00:00,8,8,18,23,0,250,397,Route de Besancon,,,Nuit avec éclairage allumé,En agglomération,Hors intersection,Normale,Deux véhicules - frontale,,,,,,,,,,,5,2,1,1,1
200800047426,0008-08-31 06:00:00,8,8,31,6,0,250,57,,47.544,6.804,Nuit avec éclairage allumé,Hors agglomération,Hors intersection,Normale,Deux véhicules - côté,,,,,,,,,,,5,1,1,1,3
200800047427,0008-08-03 00:45:00,8,8,3,0,45,250,71,,,,Nuit sans éclairage public,Hors agglomération,Hors intersection,Normale,Autre collision,,,,,,,,,,,3,1,1,1,6
200800047428,0008-08-10 16:00:00,8,8,10,16,0,250,46,,47.265,6.736,Plein jour,Hors agglomération,Hors intersection,Normale,Trois véhicules et plus - collisions multiples,,,,,,,,,,,1,1,1,1,5
200800047429,0008-08-14 18:00:00,8,8,14,18,0,250,356,19 RUE PASTEUR,,,Plein jour,En agglomération,Hors intersection,Normale,Deux véhicules - frontale,,,,,,,,,,,1,2,1,1,1
200800047430,0008-08-31 13:00:00,8,8,31,13,0,250,173,,47.264,6.719,Plein jour,Hors agglomération,Hors intersection,Normale,Deux véhicules - côté,,,,,,,,,,,1,1,1,1,3
200800047431,0008-08-09 13:00:00,8,8,9,13,0,250,551,,47.341,6.872,Plein jour,Hors agglomération,Hors intersection,Normale,Autre collision,,,,,,,,,,,1,1,1,1,6
200800047432,0008-08-12 11:00:00,8,8,12,11,0,250,370,232 av du General de Gau,47.436,6.785,Plein jour,En agglomération,Hors intersection,Pluie forte,Autre collision,,,,,,,,,,,1,2,1,3,6
200800047433,0008-08-27 19:45:00,8,8,27,19,45,250,615,,47.377,6.88,Plein jour,Hors agglomération,Hors intersection,Normale,Deux véhicules - côté,,,,,,,,,,,1,1,1,1,3
200800047434,0008-08-31 05:15:00,8,8,31,5,15,250,426,11 rue de la pessotte,,,Nuit avec éclairage allumé,En agglomération,Hors intersection,Normale,Autre collision,,,,,,,,,,,5,2,1,1,6
200800047435,0008-08-09 20:30:00,8,8,9,20,30,250,151,,,,Plein jour,Hors agglomération,Hors intersection,Normale,Autre collision,,,,,,,,,,,1,1,1,1,6
200800047436,0008-08-10 18:30:00,8,8,10,18,30,250,262,,,,Plein jour,Hors agglomération,Hors intersection,Normale,Deux véhicules - côté,,,,,,,,,,,1,1,1,1,3
200800047437,0008-08-22 15:45:00,8,8,22,15,45,390,397,Place du colonel VARROZ,,,Plein jour,En agglomération,Hors intersection,Normale,Deux véhicules - côté,,,,,,,,,,,1,2,1,1,3
200800047438,0008-08-29 14:30:00,8,8,29,14,30,390,310,,46.811,5.579,Plein jour,Hors agglomération,Hors intersection,Normale,Deux véhicules - côté,,,,,,,,,,,1,1,1,1,3
200800047439,0008-08-28 17:00:00,8,8,28,17,0,390,142,,46.517,5.412,Plein jour,Hors agglomération,Hors intersection,Normale,Deux véhicules - frontale,,,,,,,,,,,1,1,1,1,1
200800047440,0008-08-07 15:15:00,8,8,7,15,15,390,263,,46.906,5.72,Plein jour,Hors agglomération,Hors intersection,Pluie légère,Deux véhicules - frontale,,,,,,,,,,,1,1,1,2,1
200800047441,0008-08-28 16:00:00,8,8,28,16,0,390,13,,46.905,5.752,Plein jour,Hors agglomération,Hors intersection,Normale,Deux véhicules - côté,,,,,,,,,,,1,1,1,1,3
200800047442,0008-08-05 17:45:00,8,8,5,17,45,390,11,,,,Plein jour,Hors agglomération,Intersection en X,Normale,Deux véhicules - côté,,,,,,,,,,,1,1,2,1,3
200800047443,0008-08-05 05:30:00,8,8,5,5,30,390,525,,46.926,5.524,Crépuscule ou aube,Hors agglomération,Hors intersection,Pluie légère,Sans collision,,,,,,,,,,,2,1,1,2,7
200800047444,0008-08-22 08:15:00,8,8,22,8,15,390,546,,46.983,5.622,Plein jour,Hors agglomération,Hors intersection,Normale,Autre collision,,,,,,,,,,,1,1,1,1,6
200800047445,0008-08-26 13:45:00,8,8,26,13,45,390,415,Rue Futin,46.939,5.341,Plein jour,En agglomération,Intersection en X,Normale,Autre collision,,,,,,,,,,,1,2,2,1,6
200800047446,0008-08-10 11:30:00,8,8,10,11,30,390,286,,,,Plein jour,Hors agglomération,Hors intersection,Normale,Deux véhicules - côté,,,,,,,,,,,1,1,1,1,3
200800047447,0008-08-11 13:45:00,8,8,11,13,45,390,283,,46.35,5.692,Plein jour,Hors agglomération,Hors intersection,Pluie forte,Autre collision,,,,,,,,,,,1,1,1,3,6
200800047448,0008-08-02 19:00:00,8,8,2,19,0,390,232,,46.63,5.955,Plein jour,Hors agglomération,Hors intersection,Normale,Sans collision,,,,,,,,,,,1,1,1,1,7
200800047449,0008-08-23 08:45:00,8,8,23,8,45,390,470,,46.492,6.078,Plein jour,Hors agglomération,Hors intersection,Pluie légère,Deux véhicules - frontale,,,,,,,,,,,1,1,1,2,1
200800047450,0008-08-11 15:45:00,8,8,11,15,45,700,163,,,,Plein jour,Hors agglomération,Hors intersection,Pluie légère,Deux véhicules - côté,,,,,,,,,,,1,1,1,2,3
200800047451,0008-08-22 12:45:00,8,8,22,12,45,700,163,,,,Plein jour,Hors agglomération,Hors intersection,Pluie forte,Trois véhicules et plus - collisions multiples,,,,,,,,,,,1,1,1,3,5
200800047452,0008-08-09 22:30:00,8,8,9,22,30,700,278,,47.677,6.098,Nuit sans éclairage public,Hors agglomération,Hors intersection,Normale,Trois véhicules et plus - collisions multiples,,,,,,,,,,,3,1,1,1,5
200800047453,0008-08-22 04:15:00,8,8,22,4,15,700,527,,,,Nuit sans éclairage public,Hors agglomération,Hors intersection,Normale,Deux véhicules - frontale,,,,,,,,,,,3,1,1,1,1
200800047454,0008-08-29 18:15:00,8,8,29,18,15,900,22,35 avenue Gal de Gaulle,,,Plein jour,En agglomération,Hors intersection,Normale,Deux véhicules - arrière,,,,,,,,,,,1,2,1,1,2
200800047455,0008-08-04 15:00:00,8,8,4,15,0,900,69,RD39,47.529,6.919,Plein jour,En agglomération,Hors intersection,Normale,Deux véhicules - côté,,,,,,,,,,,1,2,1,1,3
200800047456,0008-08-03 17:00:00,8,8,3,17,0,380,19,,45.433,4.825,Plein jour,Hors agglomération,Hors intersection,Normale,Deux véhicules - arrière,,,,,,,,,,,1,1,1,1,2
200800047457,0008-08-15 11:00:00,8,8,15,11,0,260,58,,,,Plein jour,Hors agglomération,Hors intersection,Pluie légère,Deux véhicules - côté,,,,,,,,,,,1,1,1,2,3
200800047458,0008-08-18 13:00:00,8,8,18,13,0,260,166,,,,Plein jour,Hors agglomération,Hors intersection,Normale,Deux véhicules - arrière,,,,,,,,,,,1,1,1,1,2
200800047459,0008-08-28 13:15:00,8,8,28,13,15,260,121,,,,Plein jour,Hors agglomération,Hors intersection,Normale,Trois véhicules et plus - en chaîne,,,,,,,,,,,1,1,1,1,4
200800047460,0008-08-05 19:45:00,8,8,5,19,45,130,62,,43.414,5.526,Plein jour,Hors agglomération,Hors intersection,Temps éblouissant,Deux véhicules - côté,,,,,,,,,,,1,1,1,7,3
200800047461,0008-08-25 14:45:00,8,8,25,14,45,130,41,petit chemin d'AIX,43.474,5.467,Plein jour,En agglomération,Hors intersection,Normale,Deux véhicules - côté,,,,,,,,,,,1,2,1,1,3
200800047462,0008-08-27 18:15:00,8,8,27,18,15,130,15,avenue Thiers,43.452,5.443,Plein jour,En agglomération,Hors intersection,Normale,Deux véhicules - côté,,,,,,,,,,,1,2,1,1,3
200800047463,0008-08-06 08:15:00,8,8,6,8,15,130,72,,43.43,5.62,Plein jour,Hors agglomération,Hors intersection,Normale,Trois véhicules et plus - collisions multiples,,,,,,,,,,,1,1,1,1,5
200800047464,0008-08-11 14:30:00,8,8,11,14,30,130,72,,,,Plein jour,Hors agglomération,Hors intersection,Pluie légère,Deux véhicules - frontale,,,,,,,,,,,1,1,1,2,1
200800047465,0008-08-23 05:00:00,8,8,23,5,0,130,110,,,,Nuit sans éclairage public,Hors agglomération,Hors intersection,Normale,Sans collision,,,,,,,,,,,3,1,1,1,7
200800047466,0008-08-11 17:00:00,8,8,11,17,0,130,4,,,,Plein jour,Hors agglomération,Autre intersection,Normale,Deux véhicules - frontale,,,,,,,,,,,1,1,9,1,1
200800047467,0008-08-17 12:15:00,8,8,17,12,15,130,4,,,,Plein jour,Hors agglomération,Hors intersection,Normale,Deux véhicules - côté,,,,,,,,,,,1,1,1,1,3
200800047468,0008-08-01 17:00:00,8,8,1,17,0,130,66,,43.868,4.914,Plein jour,Hors agglomération,Intersection en X,Normale,Trois véhicules et plus - collisions multiples,,,,,,,,,,,1,1,2,1,5
200800047469,0008-08-03 18:15:00,8,8,3,18,15,130,97,,43.545,4.824,Nuit sans éclairage public,Hors agglomération,Hors intersection,Normale,Sans collision,,,,,,,,,,,3,1,1,1,7
200800047470,0008-08-13 12:15:00,8,8,13,12,15,130,4,,43.461,4.755,Plein jour,Hors agglomération,Hors intersection,Normale,Sans collision,,,,,,,,,,,1,1,1,1,7
200800047471,0008-08-14 07:30:00,8,8,14,7,30,130,97,,43.645,4.881,Plein jour,Hors agglomération,Hors intersection,Normale,Deux véhicules - arrière,,,,,,,,,,,1,1,1,1,2
200800047472,0008-08-18 05:15:00,8,8,18,5,15,130,100,CD 5,,,Nuit sans éclairage public,En agglomération,Hors intersection,Normale,Autre collision,,,,,,,,,,,3,2,1,1,6
200800047473,0008-08-10 16:45:00,8,8,10,16,45,130,42,,,,Plein jour,Hors agglomération,Hors intersection,Normale,Deux véhicules - côté,,,,,,,,,,,1,1,1,1,3
200800047474,0008-08-30 23:15:00,8,8,30,23,15,130,22,,43.232,5.53,Nuit sans éclairage public,Hors agglomération,Hors intersection,Normale,Deux véhicules - frontale,,,,,,,,,,,3,1,1,1,1
200800047475,0008-08-30 18:00:00,8,8,30,18,0,130,85,,43.256,5.602,Plein jour,Hors agglomération,Hors intersection,Normale,Deux véhicules - côté,,,,,,,,,,,1,1,1,1,3
200800047476,0008-08-08 21:00:00,8,8,8,21,0,130,14,intersection CD10 la gla,,,Crépuscule ou aube,En agglomération,Hors intersection,Normale,Deux véhicules - côté,,,,,,,,,,,2,2,1,1,3
200800047477,0008-08-16 16:45:00,8,8,16,16,45,130,76,,,,Plein jour,Hors agglomération,Hors intersection,Normale,Deux véhicules - frontale,,,,,,,,,,,1,1,1,1,1
200800047478,0008-08-16 22:15:00,8,8,16,22,15,130,82,,43.67,5.352,Nuit sans éclairage public,Hors agglomération,Hors intersection,Normale,Deux véhicules - frontale,,,,,,,,,,,3,1,1,1,1
200800047479,0008-08-04 17:15:00,8,8,4,17,15,40,21,,,,Plein jour,Hors agglomération,Hors intersection,Normale,Autre collision,,,,,,,,,,,1,1,1,1,6
200800047480,0008-08-16 16:15:00,8,8,16,16,15,40,116,,,,Plein jour,Hors agglomération,Hors intersection,Normale,Deux véhicules - côté,,,,,,,,,,,1,1,1,1,3
200800047481,0008-08-25 15:45:00,8,8,25,15,45,40,121,,44.009,6.2,Plein jour,Hors agglomération,Hors intersection,Normale,Sans collision,,,,,,,,,,,1,1,1,1,7
200800047482,0008-08-23 14:45:00,8,8,23,14,45,40,226,,,,Plein jour,Hors agglomération,Hors intersection,Normale,Sans collision,,,,,,,,,,,1,1,1,1,7
200800047483,0008-08-16 11:45:00,8,8,16,11,45,40,102,,,,Plein jour,Hors agglomération,Hors intersection,Normale,Deux véhicules - côté,,,,,,,,,,,1,1,1,1,3
200800047484,0008-08-17 15:30:00,8,8,17,15,30,40,202,,44.012,6.781,Plein jour,Hors agglomération,Hors intersection,Normale,Deux véhicules - côté,,,,,,,,,,,1,1,1,1,3
200800047485,0008-08-27 09:00:00,8,8,27,9,0,40,174,,,,Plein jour,Hors agglomération,Hors intersection,Normale,Deux véhicules - côté,,,,,,,,,,,1,1,1,1,3
200800047486,0008-08-29 18:45:00,8,8,29,18,45,40,236,,,,Plein jour,Hors agglomération,Hors intersection,Normale,Deux véhicules - frontale,,,,,,,,,,,1,1,1,1,1
200800047487,0008-08-16 14:30:00,8,8,16,14,30,40,160,,,,Plein jour,Hors agglomération,Hors intersection,Normale,Autre collision,,,,,,,,,,,1,1,1,1,6
200800047488,0008-08-10 17:15:00,8,8,10,17,15,40,208,,43.981,5.536,Plein jour,Hors agglomération,Hors intersection,Normale,Trois véhicules et plus - collisions multiples,,,,,,,,,,,1,1,1,1,5
200800047489,0008-08-12 16:00:00,8,8,12,16,0,40,49,Carrefour RD 404 - RN 85,44.111,6.004,Plein jour,En agglomération,Intersection en T,Pluie légère,Deux véhicules - côté,,,,,,,,,,,1,2,3,2,3
200800047490,0008-08-15 17:30:00,8,8,15,17,30,50,53,,44.341,5.783,Plein jour,Hors agglomération,Hors intersection,Normale,Sans collision,,,,,,,,,,,1,1,1,1,7
200800047491,0008-08-16 12:00:00,8,8,16,12,0,50,70,avenue de provence,44.311,5.836,Plein jour,En agglomération,Hors intersection,Normale,Deux véhicules - frontale,,,,,,,,,,,1,2,1,1,1
200800047492,0008-08-26 17:45:00,8,8,26,17,45,50,70,Avenue de Provence,44.313,5.834,Plein jour,En agglomération,Hors intersection,Normale,Deux véhicules - côté,,,,,,,,,,,1,2,1,1,3
200800047493,0008-08-30 17:45:00,8,8,30,17,45,50,166,Rue varanfrain,,,Plein jour,En agglomération,Hors intersection,Normale,Deux véhicules - arrière,,,,,,,,,,,1,2,1,1,2
200800047494,0008-08-28 10:00:00,8,8,28,10,0,50,99,,44.515,5.777,Plein jour,Hors agglomération,Hors intersection,Normale,Deux véhicules - côté,,,,,,,,,,,1,1,1,1,3
200800047495,0008-08-01 18:45:00,8,8,1,18,45,60,48,,43.818,7.32,Plein jour,En agglomération,Hors intersection,Normale,Deux véhicules - côté,,,,,,,,,,,1,2,1,1,3
200800047496,0008-08-18 18:15:00,8,8,18,18,15,60,57,,,,Plein jour,Hors agglomération,Hors intersection,Normale,Deux véhicules - côté,,,,,,,,,,,1,1,1,1,3
200800047497,0008-08-29 14:00:00,8,8,29,14,0,60,147,30 chem du frogier inf,,,Plein jour,En agglomération,Hors intersection,Normale,Sans collision,,,,,,,,,,,1,2,1,1,7
200800047498,0008-08-20 18:30:00,8,8,20,18,30,60,20,,,,Plein jour,Hors agglomération,Hors intersection,Normale,Sans collision,,,,,,,,,,,1,1,1,1,7
200800047499,0008-08-11 20:15:00,8,8,11,20,15,60,149,BOULEVARD DE LA ROMA,,,Plein jour,En agglomération,Hors intersection,Normale,Sans collision,,,,,,,,,,,1,2,1,1,7
200800047500,0008-08-23 18:00:00,8,8,23,18,0,60,11,7/9 Alsace Lorraine,,,Plein jour,En agglomération,Hors intersection,Normale,Sans collision,,,,,,,,,,,1,2,1,1,7
200800047501,0008-08-04 14:45:00,8,8,4,14,45,60,161,,,,Plein jour,Hors agglomération,Hors intersection,Normale,Autre collision,,,,,,,,,,,1,1,1,1,6
200800047502,0008-08-08 23:45:00,8,8,8,23,45,60,161,N?1810 -CD 6007,,,Plein jour,En agglomération,Hors intersection,Normale,Sans collision,,,,,,,,,,,1,2,1,1,7
200800047503,0008-08-26 13:00:00,8,8,26,13,0,60,161,RD 6098,43.628,7.131,Plein jour,En agglomération,Hors intersection,Normale,Deux véhicules - frontale,,,,,,,,,,,1,2,1,1,1
200800047504,0008-08-09 17:15:00,8,8,9,17,15,60,79,Av. Gaston de Fontmichel,43.544,6.949,Plein jour,En agglomération,Hors intersection,Normale,Deux véhicules - côté,,,,,,,,,,,1,2,1,1,3
200800047505,0008-08-24 10:45:00,8,8,24,10,45,60,3,,43.8,6.836,Plein jour,Hors agglomération,Hors intersection,Normale,Deux véhicules - frontale,,,,,,,,,,,1,1,1,1,1
200800047506,0008-08-02 11:45:00,8,8,2,11,45,60,157,,43.705,7.133,Plein jour,Hors agglomération,Giratoire,Normale,Deux véhicules - côté,,,,,,,,,,,1,1,6,1,3
200800047507,0008-08-15 13:00:00,8,8,15,13,0,60,17,,43.818,7.105,Plein jour,Hors agglomération,Hors intersection,Normale,Autre collision,,,,,,,,,,,1,1,1,1,6
200800047508,0008-08-03 11:45:00,8,8,3,11,45,60,33,,,,Plein jour,Hors agglomération,Hors intersection,Normale,Deux véhicules - côté,,,,,,,,,,,1,1,1,1,3
200800047509,0008-08-22 09:15:00,8,8,22,9,15,60,33,,,,Plein jour,Hors agglomération,Autre intersection,Normale,Deux véhicules - côté,,,,,,,,,,,1,1,9,1,3
200800047510,0008-08-02 16:45:00,8,8,2,16,45,60,136,,43.873,7.446,Plein jour,Hors agglomération,Hors intersection,Normale,Deux véhicules - frontale,,,,,,,,,,,1,1,1,1,1
200800047511,0008-08-17 17:45:00,8,8,17,17,45,60,136,avenue Jean Medecin,43.881,7.451,Plein jour,En agglomération,Hors intersection,Normale,Deux véhicules - frontale,,,,,,,,,,,1,2,1,1,1
200800047512,0008-08-10 17:30:00,8,8,10,17,30,60,23,,,,Plein jour,Hors agglomération,Hors intersection,Normale,Deux véhicules - côté,,,,,,,,,,,1,1,1,1,3
200800047513,0008-08-19 18:30:00,8,8,19,18,30,60,151,,43.892,7.189,Plein jour,Hors agglomération,Hors intersection,Normale,Autre collision,,,,,,,,,,,1,1,1,1,6
200800047514,0008-08-25 15:45:00,8,8,25,15,45,60,78,,43.935,7.136,Plein jour,Hors agglomération,Hors intersection,Pluie légère,Sans collision,,,,,,,,,,,1,1,1,2,7
200800047515,0008-08-17 18:45:00,8,8,17,18,45,60,125,,44.133,6.775,Plein jour,Hors agglomération,Hors intersection,Normale,Deux véhicules - frontale,,,,,,,,,,,1,1,1,1,1
200800047516,0008-08-13 06:15:00,8,8,13,6,15,60,22,"CD 1, PR 22+700",,,Crépuscule ou aube,En agglomération,Hors intersection,Normale,Deux véhicules - frontale,,,,,,,,,,,2,2,1,1,1
200800047517,0008-08-01 06:15:00,8,8,1,6,15,830,4,,43.466,6.529,Crépuscule ou aube,Hors agglomération,Hors intersection,Normale,Deux véhicules - frontale,,,,,,,,,,,2,1,1,1,1
200800047518,0008-08-02 17:30:00,8,8,2,17,30,830,4,,,,Plein jour,Hors agglomération,Hors intersection,Normale,Deux véhicules - frontale,,,,,,,,,,,1,1,1,1,1
200800047519,0008-08-29 15:30:00,8,8,29,15,30,830,4,,,,Plein jour,Hors agglomération,Hors intersection,Normale,Trois véhicules et plus - collisions multiples,,,,,,,,,,,1,1,1,1,5
200800047520,0008-08-29 18:15:00,8,8,29,18,15,830,4,,,,Plein jour,Hors agglomération,Hors intersection,Normale,Deux véhicules - frontale,,,,,,,,,,,1,1,1,1,1
200800047521,0008-08-27 04:30:00,8,8,27,4,30,830,28,,,,Nuit sans éclairage public,Hors agglomération,Hors intersection,Normale,Autre collision,,,,,,,,,,,3,1,1,1,6
200800047522,0008-08-24 12:15:00,8,8,24,12,15,830,57,,43.362,6.254,Plein jour,Hors agglomération,Hors intersection,Normale,Autre collision,,,,,,,,,,,1,1,1,1,6
200800047523,0008-08-25 08:00:00,8,8,25,8,0,830,51,,,,Plein jour,Hors agglomération,Hors intersection,Normale,Sans collision,,,,,,,,,,,1,1,1,1,7
200800047524,0008-08-31 17:00:00,8,8,31,17,0,830,46,,,,Plein jour,Hors agglomération,Hors intersection,Normale,Sans collision,,,,,,,,,,,1,1,1,1,7
200800047525,0008-08-31 16:45:00,8,8,31,16,45,830,150,,,,Plein jour,Hors agglomération,Hors intersection,Normale,Deux véhicules - frontale,,,,,,,,,,,1,1,1,1,1
200800047526,0008-08-05 14:30:00,8,8,5,14,30,830,59,,,,Plein jour,Hors agglomération,Hors intersection,Normale,Deux véhicules - côté,,,,,,,,,,,1,1,1,1,3
200800047527,0008-08-05 20:00:00,8,8,5,20,0,830,106,,,,Crépuscule ou aube,En agglomération,Hors intersection,Normale,Deux véhicules - frontale,,,,,,,,,,,2,2,1,1,1
200800047528,0008-08-20 13:00:00,8,8,20,13,0,830,106,avenue LE BIHAN,,,Plein jour,En agglomération,Hors intersection,Normale,Autre collision,,,,,,,,,,,1,2,1,1,6
200800047529,0008-08-23 10:00:00,8,8,23,10,0,830,77,,43.27,5.985,Plein jour,Hors agglomération,Hors intersection,Normale,Autre collision,,,,,,,,,,,1,1,1,1,6
200800047530,0008-08-23 11:45:00,8,8,23,11,45,830,77,,43.283,5.962,Plein jour,Hors agglomération,Hors intersection,Normale,Autre collision,,,,,,,,,,,1,1,1,1,6
200800047531,0008-08-05 09:00:00,8,8,5,9,0,830,93,,,,Plein jour,Hors agglomération,Hors intersection,Normale,Deux véhicules - côté,,,,,,,,,,,1,1,1,1,3
200800047532,0008-08-07 12:00:00,8,8,7,12,0,830,116,,,,Plein jour,Hors agglomération,Hors intersection,Normale,Deux véhicules - côté,,,,,,,,,,,1,1,1,1,3
200800047533,0008-08-09 17:00:00,8,8,9,17,0,830,140,,,,Plein jour,Hors agglomération,Hors intersection,Normale,Deux véhicules - côté,,,,,,,,,,,1,1,1,1,3
200800047534,0008-08-02 21:15:00,8,8,2,21,15,830,107,,43.467,6.645,Plein jour,Hors agglomération,Hors intersection,Normale,Deux véhicules - frontale,,,,,,,,,,,1,1,1,1,1
200800047535,0008-08-18 06:45:00,8,8,18,6,45,830,152,11 BIS RD 559,,,Plein jour,En agglomération,Hors intersection,Normale,Sans collision,,,,,,,,,,,1,2,1,1,7
200800047536,0008-08-04 07:30:00,8,8,4,7,30,830,68,,,,Plein jour,Hors agglomération,Hors intersection,Normale,Deux véhicules - frontale,,,,,,,,,,,1,1,1,1,1
200800047537,0008-08-04 17:30:00,8,8,4,17,30,830,68,,,,Plein jour,Hors agglomération,Hors intersection,Normale,Autre collision,,,,,,,,,,,1,1,1,1,6
200800047538,0008-08-10 04:45:00,8,8,10,4,45,830,68,,,,Nuit sans éclairage public,Hors agglomération,Hors intersection,Normale,Trois véhicules et plus - en chaîne,,,,,,,,,,,3,1,1,1,4
200800047539,0008-08-02 05:30:00,8,8,2,5,30,830,86,,,,Plein jour,Hors agglomération,Hors intersection,Normale,Deux véhicules - frontale,,,,,,,,,,,1,1,1,1,1
200800047540,0008-08-03 08:15:00,8,8,3,8,15,830,85,,,,Plein jour,Hors agglomération,Hors intersection,Normale,Deux véhicules - frontale,,,,,,,,,,,1,1,1,1,1
200800047541,0008-08-26 09:15:00,8,8,26,9,15,830,86,,,,Plein jour,Hors agglomération,Hors intersection,Normale,Deux véhicules - côté,,,,,,,,,,,1,1,1,1,3
200800047542,0008-08-30 06:15:00,8,8,30,6,15,830,86,,,,Crépuscule ou aube,Hors agglomération,Hors intersection,Normale,Deux véhicules - frontale,,,,,,,,,,,2,1,1,1,1