accident_id,datetime,annee,mois,jour,heure,minute,departement,commune_insee,adresse,latitude,longitude,luminosite,agglomeration,intersection,meteo,collision,nb_vehicules,nb_usagers,nb_indemnes,nb_tues,nb_blesses_hosp,nb_blesses_legers,age_cond_1,age_cond_2,veh_type_cond_1,veh_type_cond_2,lum_code,agg_code,int_code,atm_code,col_code
200800047684,0008-08-08 02:45:00,8,8,8,2,45,660,171,chemin de la Varnede,,,Nuit sans éclairage public,En agglomération,Hors intersection,Normale,Sans collision,,,,,,,,,,,3,2,1,1,7
200800047685,0008-08-26 15:30:00,8,8,26,15,30,660,180,RUE DE L AVIATION,,,Plein jour,En agglomération,Hors intersection,Normale,Deux véhicules - côté,,,,,,,,,,,1,2,1,1,3
200800047686,0008-08-29 15:15:00,8,8,29,15,15,660,217,,,,Plein jour,Hors agglomération,Hors intersection,Temps éblouissant,Deux véhicules - arrière,,,,,,,,,,,1,1,1,7,2
200800047687,0008-08-08 01:15:00,8,8,8,1,15,660,8,,,,Nuit sans éclairage public,Hors agglomération,Hors intersection,Normale,Autre collision,,,,,,,,,,,3,1,1,1,6
200800047688,0008-08-22 05:15:00,8,8,22,5,15,660,8,,,,Nuit sans éclairage public,Hors agglomération,Hors intersection,Normale,Deux véhicules - frontale,,,,,,,,,,,3,1,1,1,1
200800047689,0008-08-30 21:15:00,8,8,30,21,15,660,63,,,,Nuit sans éclairage public,Hors agglomération,Hors intersection,Normale,Deux véhicules - frontale,,,,,,,,,,,3,1,1,1,1
200800047690,0008-08-13 08:00:00,8,8,13,8,0,660,148,boulevard bellevue,42.52,3.1,Plein jour,En agglomération,Giratoire,Normale,Deux véhicules - arrière,,,,,,,,,,,1,2,6,1,2
200800047691,0008-08-08 20:00:00,8,8,8,20,0,660,149,,,,Plein jour,Hors agglomération,Hors intersection,Normale,Deux véhicules - côté,,,,,,,,,,,1,1,1,1,3
200800047692,0008-08-26 09:00:00,8,8,26,9,0,660,149,Av du Gal DE GAULLE,,,Plein jour,En agglomération,Hors intersection,Normale,Autre collision,,,,,,,,,,,1,2,1,1,6
200800047693,0008-08-26 14:00:00,8,8,26,14,0,660,43,,,,Plein jour,Hors agglomération,Hors intersection,Normale,Autre collision,,,,,,,,,,,1,1,1,1,6
200800047694,0008-08-08 12:45:00,8,8,8,12,45,660,147,,,,Plein jour,Hors agglomération,Hors intersection,Normale,Deux véhicules - côté,,,,,,,,,,,1,1,1,1,3
200800047695,0008-08-23 11:45:00,8,8,23,11,45,660,192,,,,Plein jour,Hors agglomération,Hors intersection,Normale,Trois véhicules et plus - collisions multiples,,,,,,,,,,,1,1,1,1,5
200800047696,0008-08-09 15:00:00,8,8,9,15,0,201,85,,,,Plein jour,Hors agglomération,Hors intersection,Normale,Sans collision,,,,,,,,,,,1,1,1,1,7
200800047697,0008-08-22 10:45:00,8,8,22,10,45,201,130,CD 55,,,Plein jour,En agglomération,Hors intersection,Normale,Deux véhicules - frontale,,,,,,,,,,,1,2,1,1,1
200800047698,0008-08-29 16:00:00,8,8,29,16,0,201,31,32TNM0389250305,,,Plein jour,En agglomération,Hors intersection,Normale,Deux véhicules - frontale,,,,,,,,,,,1,2,1,1,1
200800047699,0008-08-13 09:00:00,8,8,13,9,0,201,271,,,,Plein jour,Hors agglomération,Hors intersection,Normale,Deux véhicules - côté,,,,,,,,,,,1,1,1,1,3
200800047700,0008-08-21 15:15:00,8,8,21,15,15,201,17,,42.008,8.736,Plein jour,Hors agglomération,Hors intersection,Temps éblouissant,Sans collision,,,,,,,,,,,1,1,1,7,7
200800047701,0008-08-02 06:15:00,8,8,2,6,15,201,100,,,,Crépuscule ou aube,Hors agglomération,Hors intersection,Normale,Sans collision,,,,,,,,,,,2,1,1,1,7
200800047702,0008-08-07 08:45:00,8,8,7,8,45,201,247,Route de Bastia,,,Plein jour,En agglomération,Hors intersection,Normale,Deux véhicules - côté,,,,,,,,,,,1,2,1,1,3
200800047703,0008-08-15 01:15:00,8,8,15,1,15,201,272,,41.657,8.931,Nuit sans éclairage public,Hors agglomération,Hors intersection,Normale,Deux véhicules - frontale,,,,,,,,,,,3,1,1,1,1
200800047704,0008-08-22 11:45:00,8,8,22,11,45,201,254,,,,Plein jour,Hors agglomération,Hors intersection,Normale,Deux véhicules - côté,,,,,,,,,,,1,1,1,1,3
200800047705,0008-08-04 11:15:00,8,8,4,11,15,201,284,,41.755,8.921,Plein jour,Hors agglomération,Hors intersection,Normale,Sans collision,,,,,,,,,,,1,1,1,1,7
200800047706,0008-08-10 15:00:00,8,8,10,15,0,201,160,,41.805,8.988,Plein jour,Hors agglomération,Hors intersection,Normale,Deux véhicules - frontale,,,,,,,,,,,1,1,1,1,1
200800047707,0008-08-02 11:15:00,8,8,2,11,15,202,350,,,,Plein jour,Hors agglomération,Hors intersection,Normale,Deux véhicules - frontale,,,,,,,,,,,1,1,1,1,1
200800047708,0008-08-11 01:30:00,8,8,11,1,30,202,355,,,,Nuit sans éclairage public,Hors agglomération,Hors intersection,Normale,Autre collision,,,,,,,,,,,3,1,1,1,6
200800047709,0008-08-15 07:30:00,8,8,15,7,30,202,355,,,,Crépuscule ou aube,Hors agglomération,Hors intersection,Normale,Trois véhicules et plus - collisions multiples,,,,,,,,,,,2,1,1,1,5
200800047710,0008-08-31 06:00:00,8,8,31,6,0,202,148,,42.529,9.442,Crépuscule ou aube,Hors agglomération,Hors intersection,Normale,Autre collision,,,,,,,,,,,2,1,1,1,6
200800047711,0008-08-04 12:30:00,8,8,4,12,30,202,178,,42.804,9.347,Plein jour,Hors agglomération,Hors intersection,Normale,Deux véhicules - frontale,,,,,,,,,,,1,1,1,1,1
200800047712,0008-08-20 10:15:00,8,8,20,10,15,202,298,,42.675,9.29,Plein jour,Hors agglomération,Hors intersection,Normale,Deux véhicules - arrière,,,,,,,,,,,1,1,1,1,2
200800047713,0008-08-02 12:15:00,8,8,2,12,15,202,49,,42.859,8.415,Plein jour,Hors agglomération,Hors intersection,Normale,Deux véhicules - frontale,,,,,,,,,,,1,1,1,1,1
200800047714,0008-08-07 12:15:00,8,8,7,12,15,202,50,Avenue Christophe Colomb,,,Plein jour,En agglomération,Hors intersection,Normale,Autre collision,,,,,,,,,,,1,2,1,1,6
200800047715,0008-08-29 14:45:00,8,8,29,14,45,202,150,,42.61,8.846,Plein jour,Hors agglomération,Hors intersection,Temps éblouissant,Deux véhicules - frontale,,,,,,,,,,,1,1,1,7,1
200800047716,0008-08-25 00:30:00,8,8,25,0,30,202,93,,42.615,8.892,Nuit avec éclairage allumé,Hors agglomération,Hors intersection,Normale,Autre collision,,,,,,,,,,,5,1,1,1,6
200800047717,0008-08-16 15:00:00,8,8,16,15,0,202,79,,42.493,9.285,Plein jour,Hors agglomération,Hors intersection,Normale,Deux véhicules - arrière,,,,,,,,,,,1,1,1,1,2
200800047718,0008-08-19 17:45:00,8,8,19,17,45,202,223,,42.534,9.187,Plein jour,Hors agglomération,Hors intersection,Normale,Deux véhicules - côté,,,,,,,,,,,1,1,1,1,3
200800047719,0008-08-05 19:15:00,8,8,5,19,15,202,123,Route de Ghisoni,,,Plein jour,En agglomération,Hors intersection,Normale,Deux véhicules - côté,,,,,,,,,,,1,2,1,1,3
200800047720,0008-08-09 15:30:00,8,8,9,15,30,202,313,,42.366,9.531,Plein jour,Hors agglomération,Hors intersection,Normale,Trois véhicules et plus - collisions multiples,,,,,,,,,,,1,1,1,1,5
200800047721,0008-08-10 03:00:00,8,8,10,3,0,202,346,,42.515,9.453,Nuit sans éclairage public,Hors agglomération,Hors intersection,Normale,Autre collision,,,,,,,,,,,3,1,1,1,6
200800047722,0008-08-27 09:30:00,8,8,27,9,30,202,179,,,,Plein jour,Hors agglomération,Hors intersection,Normale,Deux véhicules - frontale,,,,,,,,,,,1,1,1,1,1
200800047723,0008-08-04 08:45:00,8,8,4,8,45,780,346,,48.92,1.58,Plein jour,Hors agglomération,Hors intersection,Normale,Sans collision,,,,,,,,,,,1,1,1,1,7
200800047724,0008-08-13 16:00:00,8,8,13,16,0,780,472,,,,Plein jour,Hors agglomération,Hors intersection,Vent fort / tempête,Deux véhicules - frontale,,,,,,,,,,,1,1,1,6,1
200800047725,0008-08-29 18:15:00,8,8,29,18,15,780,3,,,,Plein jour,Hors agglomération,Hors intersection,Normale,Trois véhicules et plus - collisions multiples,,,,,,,,,,,1,1,1,1,5
200800047726,0008-08-01 15:15:00,8,8,1,15,15,780,548,,48.725,1.997,Plein jour,Hors agglomération,Hors intersection,Normale,Sans collision,,,,,,,,,,,1,1,1,1,7
200800047727,0008-08-06 20:15:00,8,8,6,20,15,780,548,,48.715,1.991,Plein jour,Hors agglomération,Hors intersection,Normale,Deux véhicules - frontale,,,,,,,,,,,1,1,1,1,1
200800047728,0008-08-19 20:00:00,8,8,19,20,0,780,120,"RD 149, PK 07 + 500",,,Plein jour,En agglomération,Hors intersection,Temps couvert,Sans collision,,,,,,,,,,,1,2,1,8,7
200800047729,0008-08-13 16:45:00,8,8,13,16,45,910,200,AVENUE MENDES FRANCE,48.531,2.028,Plein jour,En agglomération,Hors intersection,Normale,Deux véhicules - côté,,,,,,,,,,,1,2,1,1,3
200800047730,0008-08-11 14:45:00,8,8,11,14,45,910,200,AVENUE DE CHATEAUDUN,48.528,2.003,Plein jour,En agglomération,Giratoire,Temps éblouissant,Autre collision,,,,,,,,,,,1,2,6,7,6
200800047731,0008-08-07 06:30:00,8,8,7,6,30,910,226,,48.509,2.202,Crépuscule ou aube,Hors agglomération,Hors intersection,Pluie forte,Trois véhicules et plus - collisions multiples,,,,,,,,,,,2,1,1,3,5
200800047732,0008-08-27 06:45:00,8,8,27,6,45,910,665,99 Avenue division lecle,48.663,2.275,Plein jour,En agglomération,Hors intersection,Normale,Deux véhicules - frontale,,,,,,,,,,,1,2,1,1,1
200800047733,0008-08-20 12:30:00,8,8,20,12,30,910,274,,,,Plein jour,Hors agglomération,Hors intersection,Normale,Autre collision,,,,,,,,,,,1,1,1,1,6
200800047734,0008-08-13 20:45:00,8,8,13,20,45,950,592,Rue de L'aubette,,,Crépuscule ou aube,En agglomération,Hors intersection,Normale,Autre collision,,,,,,,,,,,2,2,1,1,6
200800047735,0008-08-18 19:00:00,8,8,18,19,0,950,24,,,,Plein jour,Hors agglomération,Hors intersection,Normale,Sans collision,,,,,,,,,,,1,1,1,1,7
200800047736,0008-08-02 09:00:00,8,8,2,9,0,950,94,,,,Plein jour,Hors agglomération,Hors intersection,Pluie légère,Deux véhicules - frontale,,,,,,,,,,,1,1,1,2,1
200800047737,0008-08-08 19:00:00,8,8,8,19,0,950,351,rue de paris,,,Plein jour,En agglomération,Hors intersection,Normale,Deux véhicules - côté,,,,,,,,,,,1,2,1,1,3
200800047738,0008-08-08 09:00:00,8,8,8,9,0,770,175,,48.63,2.63,Plein jour,Hors agglomération,Hors intersection,Normale,Trois véhicules et plus - collisions multiples,,,,,,,,,,,1,1,1,1,5
200800047739,0008-08-26 09:30:00,8,8,26,9,30,770,142,CD 934,48.865,2.906,Plein jour,En agglomération,Hors intersection,Normale,Deux véhicules - côté,,,,,,,,,,,1,2,1,1,3
200800047740,0008-08-16 16:30:00,8,8,16,16,30,770,240,,,,Plein jour,Hors agglomération,Hors intersection,Normale,Sans collision,,,,,,,,,,,1,1,1,1,7
200800047741,0008-08-15 13:00:00,8,8,15,13,0,770,183,quai des anglais,,,Plein jour,En agglomération,Hors intersection,Normale,Autre collision,,,,,,,,,,,1,2,1,1,6
200800047742,0008-08-28 15:45:00,8,8,28,15,45,770,300,,,,Plein jour,Hors agglomération,Hors intersection,Normale,Sans collision,,,,,,,,,,,1,1,1,1,7
200800047743,0008-08-28 21:15:00,8,8,28,21,15,770,401,,49.017,3.176,Nuit sans éclairage public,Hors agglomération,Hors intersection,Temps couvert,Deux véhicules - frontale,,,,,,,,,,,3,1,1,8,1
200800047744,0008-08-06 15:45:00,8,8,6,15,45,770,411,24 bis rue de l'eglise,,,Plein jour,En agglomération,Hors intersection,Normale,Autre collision,,,,,,,,,,,1,2,1,1,6
200800047745,0008-08-07 10:30:00,8,8,7,10,30,770,385,avenue Clemenceau,48.853,3.234,Plein jour,En agglomération,Hors intersection,Normale,Deux véhicules - frontale,,,,,,,,,,,1,2,1,1,1
200800047746,0008-08-17 05:00:00,8,8,17,5,0,770,406,hameau Les Marches,48.854,3.18,Nuit avec éclairage allumé,En agglomération,Hors intersection,Normale,Autre collision,,,,,,,,,,,5,2,1,1,6
200800047747,0008-08-29 21:00:00,8,8,29,21,0,770,345,CD 31E,48.909,3.229,Nuit avec éclairage allumé,En agglomération,Hors intersection,Normale,Deux véhicules - côté,,,,,,,,,,,5,2,1,1,3
200800047748,0008-08-17 01:15:00,8,8,17,1,15,770,393,,,,Nuit sans éclairage public,Hors agglomération,Hors intersection,Normale,Sans collision,,,,,,,,,,,3,1,1,1,7
200800047749,0008-08-17 16:00:00,8,8,17,16,0,770,1,,48.378,2.561,Plein jour,Hors agglomération,Hors intersection,Normale,Sans collision,,,,,,,,,,,1,1,1,1,7
200800047750,0008-08-05 14:45:00,8,8,5,14,45,770,153,,,,Plein jour,Hors agglomération,Hors intersection,Normale,Deux véhicules - frontale,,,,,,,,,,,1,1,1,1,1
200800047751,0008-08-31 16:00:00,8,8,31,16,0,770,476,,49.045,2.958,Plein jour,Hors agglomération,Hors intersection,Normale,Sans collision,,,,,,,,,,,1,1,1,1,7
200800047752,0008-08-02 13:45:00,8,8,2,13,45,770,437,avenue gallieni,49.04,2.803,Plein jour,En agglomération,Intersection en X,Normale,Deux véhicules - côté,,,,,,,,,,,1,2,2,1,3
200800047753,0008-08-13 13:45:00,8,8,13,13,45,770,66,,48.697,3.326,Plein jour,Hors agglomération,Hors intersection,Normale,Deux véhicules - arrière,,,,,,,,,,,1,1,1,1,2
200800047754,0008-08-01 15:30:00,8,8,1,15,30,770,327,,48.561,2.984,Plein jour,Hors agglomération,Hors intersection,Normale,Autre collision,,,,,,,,,,,1,1,1,1,6
200800047755,0008-08-01 09:15:00,8,8,1,9,15,770,201,,48.635,3.031,Plein jour,Hors agglomération,Hors intersection,Normale,Deux véhicules - frontale,,,,,,,,,,,1,1,1,1,1
200800047756,0008-08-24 19:00:00,8,8,24,19,0,450,93,,48.052,1.875,Plein jour,Hors agglomération,Hors intersection,Normale,Trois véhicules et plus - collisions multiples,,,,,,,,,,,1,1,1,1,5
200800047757,0008-08-28 17:30:00,8,8,28,17,30,450,72,,47.975,1.965,Plein jour,Hors agglomération,Hors intersection,Normale,Deux véhicules - frontale,,,,,,,,,,,1,1,1,1,1
200800047758,0008-08-08 08:30:00,8,8,8,8,30,450,146,,,,Plein jour,Hors agglomération,Hors intersection,Normale,Deux véhicules - frontale,,,,,,,,,,,1,1,1,1,1
200800047759,0008-08-20 03:30:00,8,8,20,3,30,450,146,17 route de Chaumont,,,Nuit sans éclairage public,En agglomération,Hors intersection,Normale,Autre collision,,,,,,,,,,,3,2,1,1,6
200800047760,0008-08-04 23:15:00,8,8,4,23,15,450,202,8 rue Mauregard - MESSAS,47.811,1.635,Nuit avec éclairage non allumé,En agglomération,Hors intersection,Normale,Autre collision,,,,,,,,,,,4,2,1,1,6
200800047761,0008-08-05 06:00:00,8,8,5,6,0,450,317,,47.77,1.611,Crépuscule ou aube,En agglomération,Hors intersection,Normale,Autre collision,,,,,,,,,,,2,2,1,1,6
200800047762,0008-08-30 23:00:00,8,8,30,23,0,450,224,,48.102,2.031,Nuit sans éclairage public,Hors agglomération,Hors intersection,Normale,Sans collision,,,,,,,,,,,3,1,1,1,7
200800047763,0008-08-29 20:00:00,8,8,29,20,0,450,276,,47.643,2.715,Plein jour,Hors agglomération,Hors intersection,Normale,Deux véhicules - côté,,,,,,,,,,,1,1,1,1,3
200800047764,0008-08-01 13:45:00,8,8,1,13,45,450,270,"Deviation Poids Lourds,",47.816,2.311,Plein jour,En agglomération,Hors intersection,Normale,Autre collision,,,,,,,,,,,1,2,1,1,6
200800047765,0008-08-15 14:00:00,8,8,15,14,0,450,164,,,,Plein jour,Hors agglomération,Hors intersection,Normale,Deux véhicules - côté,,,,,,,,,,,1,1,1,1,3
200800047766,0008-08-02 07:30:00,8,8,2,7,30,450,115,,,,Plein jour,Hors agglomération,Hors intersection,Normale,Trois véhicules et plus - collisions multiples,,,,,,,,,,,1,1,1,1,5
200800047767,0008-08-07 23:45:00,8,8,7,23,45,450,307,RUE DE PICARDIE,48.069,2.894,Nuit sans éclairage public,En agglomération,Hors intersection,Pluie légère,Autre collision,,,,,,,,,,,3,2,1,2,6
200800047768,0008-08-20 13:45:00,8,8,20,13,45,450,148,,48.078,2.768,Plein jour,Hors agglomération,Hors intersection,Normale,Deux véhicules - côté,,,,,,,,,,,1,1,1,1,3
200800047769,0008-08-13 18:45:00,8,8,13,18,45,450,236,,48.299,2.344,Plein jour,Hors agglomération,Hors intersection,Vent fort / tempête,Sans collision,,,,,,,,,,,1,1,1,6,7
200800047770,0008-08-19 05:30:00,8,8,19,5,30,450,228,"52, rue saint sauveur",48.026,2.329,Nuit avec éclairage allumé,En agglomération,Hors intersection,Normale,Deux véhicules - frontale,,,,,,,,,,,5,2,1,1,1
200800047771,0008-08-09 15:15:00,8,8,9,15,15,180,61,,47.142,2.782,Plein jour,Hors agglomération,Intersection en X,Normale,Deux véhicules - côté,,,,,,,,,,,1,1,2,1,3
200800047772,0008-08-07 04:15:00,8,8,7,4,15,180,249,,,,Nuit sans éclairage public,Hors agglomération,Hors intersection,Vent fort / tempête,Autre collision,,,,,,,,,,,3,1,1,6,6
200800047773,0008-08-16 17:30:00,8,8,16,17,30,180,125,,,,Plein jour,En agglomération,Intersection en X,Normale,Deux véhicules - côté,,,,,,,,,,,1,2,2,1,3
200800047774,0008-08-24 16:00:00,8,8,24,16,0,180,146,,,,Plein jour,Hors agglomération,Hors intersection,Normale,Deux véhicules - frontale,,,,,,,,,,,1,1,1,1,1
200800047775,0008-08-28 14:30:00,8,8,28,14,30,180,233,12 rue du pont,,,Nuit avec éclairage non allumé,En agglomération,Hors intersection,Normale,Autre collision,,,,,,,,,,,4,2,1,1,6
200800047776,0008-08-28 08:00:00,8,8,28,8,0,180,272,,,,Plein jour,Hors agglomération,Hors intersection,Normale,Deux véhicules - frontale,,,,,,,,,,,1,1,1,1,1
200800047777,0008-08-31 01:00:00,8,8,31,1,0,180,269,,,,Nuit sans éclairage public,Hors agglomération,Hors intersection,Normale,Autre collision,,,,,,,,,,,3,1,1,1,6
200800047778,0008-08-21 04:00:00,8,8,21,4,0,180,225,,,,Nuit sans éclairage public,Hors agglomération,Hors intersection,Normale,Autre collision,,,,,,,,,,,3,1,1,1,6
200800047779,0008-08-24 04:45:00,8,8,24,4,45,180,57,,46.565,2.218,Nuit sans éclairage public,Hors agglomération,Hors intersection,Normale,Autre collision,,,,,,,,,,,3,1,1,1,6
200800047780,0008-08-20 17:00:00,8,8,20,17,0,180,173,,46.93,2.625,Plein jour,Hors agglomération,Hors intersection,Normale,Deux véhicules - frontale,,,,,,,,,,,1,1,1,1,1
200800047781,0008-08-04 20:30:00,8,8,4,20,30,180,15,,47.451,2.436,Plein jour,Hors agglomération,Hors intersection,Normale,Deux véhicules - frontale,,,,,,,,,,,1,1,1,1,1
200800047782,0008-08-31 15:30:00,8,8,31,15,30,180,15,Rue Mail Guichard,47.495,2.438,Plein jour,En agglomération,Hors intersection,Normale,Autre collision,,,,,,,,,,,1,2,1,1,6
200800047783,0008-08-09 17:00:00,8,8,9,17,0,180,190,,,,Plein jour,Hors agglomération,Hors intersection,Normale,Autre collision,,,,,,,,,,,1,1,1,1,6
200800047784,0008-08-28 22:45:00,8,8,28,22,45,180,207,Avenue Bethune Charost,,,Nuit avec éclairage allumé,En agglomération,Hors intersection,Normale,Deux véhicules - frontale,,,,,,,,,,,5,2,1,1,1
200800047785,0008-08-27 04:00:00,8,8,27,4,0,280,6,,48.44,1.384,Nuit sans éclairage public,Hors agglomération,Hors intersection,Normale,Autre collision,,,,,,,,,,,3,1,1,1,6
200800047786,0008-08-15 16:15:00,8,8,15,16,15,280,234,,48.349,1.239,Plein jour,Hors agglomération,Hors intersection,Normale,Sans collision,,,,,,,,,,,1,1,1,1,7
200800047787,0008-08-22 13:00:00,8,8,22,13,0,280,21,,48.359,1.312,Plein jour,Hors agglomération,Hors intersection,Pluie forte,Deux véhicules - côté,,,,,,,,,,,1,1,1,3,3
200800047788,0008-08-06 17:00:00,8,8,6,17,0,280,13,,48.456,1.783,Plein jour,Hors agglomération,Hors intersection,Normale,Sans collision,,,,,,,,,,,1,1,1,1,7
200800047789,0008-08-06 18:30:00,8,8,6,18,30,280,199,"09, rue de la madeleine",48.206,1.881,Plein jour,En agglomération,Hors intersection,Normale,Deux véhicules - côté,,,,,,,,,,,1,2,1,1,3
200800047790,0008-08-22 15:00:00,8,8,22,15,0,280,75,,48.072,1.269,Plein jour,Hors agglomération,Intersection en X,Pluie légère,Deux véhicules - côté,,,,,,,,,,,1,1,2,2,3
200800047791,0008-08-24 19:45:00,8,8,24,19,45,280,419,,48.298,1.423,Plein jour,Hors agglomération,Hors intersection,Normale,Autre collision,,,,,,,,,,,1,1,1,1,6
200800047792,0008-08-16 04:00:00,8,8,16,4,0,280,17,,48.026,1.295,Nuit sans éclairage public,Hors agglomération,Hors intersection,Normale,Autre collision,,,,,,,,,,,3,1,1,1,6
200800047793,0008-08-01 19:00:00,8,8,1,19,0,280,147,,,,Plein jour,Hors agglomération,Hors intersection,Normale,Deux véhicules - frontale,,,,,,,,,,,1,1,1,1,1
200800047794,0008-08-06 15:30:00,8,8,6,15,30,280,275,rue de Pierres,,,Plein jour,En agglomération,Hors intersection,Normale,Deux véhicules - côté,,,,,,,,,,,1,2,1,1,3
200800047795,0008-08-23 14:30:00,8,8,23,14,30,280,226,,48.624,1.2,Plein jour,Hors agglomération,Hors intersection,Normale,Autre collision,,,,,,,,,,,1,1,1,1,6
200800047796,0008-08-02 07:30:00,8,8,2,7,30,360,128,,46.878,1.814,Plein jour,Hors agglomération,Hors intersection,Normale,Deux véhicules - frontale,,,,,,,,,,,1,1,1,1,1
200800047797,0008-08-02 12:45:00,8,8,2,12,45,360,42,,,,Plein jour,Hors agglomération,Hors intersection,Normale,Deux véhicules - côté,,,,,,,,,,,1,1,1,1,3
200800047798,0008-08-03 19:30:00,8,8,3,19,30,360,48,,46.551,1.594,Plein jour,Hors agglomération,Hors intersection,Normale,Deux véhicules - côté,,,,,,,,,,,1,1,1,1,3
200800047799,0008-08-28 16:15:00,8,8,28,16,15,360,200,rue de verdun,46.608,1.509,Plein jour,En agglomération,Autre intersection,Normale,Deux véhicules - arrière,,,,,,,,,,,1,2,9,1,2
200800047800,0008-08-15 03:15:00,8,8,15,3,15,360,228,,47.129,1.579,Nuit sans éclairage public,Hors agglomération,Hors intersection,Normale,Autre collision,,,,,,,,,,,3,1,1,1,6
200800047801,0008-08-26 15:15:00,8,8,26,15,15,360,105,Route du Blanc - RD.975,46.749,1.044,Plein jour,En agglomération,Hors intersection,Normale,Deux véhicules - frontale,,,,,,,,,,,1,2,1,1,1
200800047802,0008-08-15 09:00:00,8,8,15,9,0,360,129,,46.672,1.922,Plein jour,Hors agglomération,Hors intersection,Normale,Sans collision,,,,,,,,,,,1,1,1,1,7
200800047803,0008-08-04 18:15:00,8,8,4,18,15,360,62,,46.501,1.62,Plein jour,Hors agglomération,Hors intersection,Normale,Autre collision,,,,,,,,,,,1,1,1,1,6
200800047804,0008-08-05 21:30:00,8,8,5,21,30,360,141,RUE DU 8 MAI 1945,,,Crépuscule ou aube,En agglomération,Hors intersection,Normale,Sans collision,,,,,,,,,,,2,2,1,1,7
200800047805,0008-08-27 11:15:00,8,8,27,11,15,370,171,,47.409,0.889,Plein jour,Hors agglomération,Hors intersection,Normale,Deux véhicules - frontale,,,,,,,,,,,1,1,1,1,1
200800047806,0008-08-17 17:30:00,8,8,17,17,30,370,109,,47.394,0.594,Plein jour,Hors agglomération,Hors intersection,Normale,Deux véhicules - côté,,,,,,,,,,,1,1,1,1,3
200800047807,0008-08-11 16:30:00,8,8,11,16,30,370,245,,,,Plein jour,Hors agglomération,Hors intersection,Normale,Deux véhicules - frontale,,,,,,,,,,,1,1,1,1,1
200800047808,0008-08-15 20:30:00,8,8,15,20,30,370,203,,,,Plein jour,Hors agglomération,Hors intersection,Normale,Sans collision,,,,,,,,,,,1,1,1,1,7
200800047809,0008-08-18 08:15:00,8,8,18,8,15,370,276,,47.544,0.851,Plein jour,Hors agglomération,Hors intersection,Normale,Autre collision,,,,,,,,,,,1,1,1,1,6
200800047810,0008-08-28 08:15:00,8,8,28,8,15,370,281,,47.401,0.847,Plein jour,Hors agglomération,Hors intersection,Normale,Trois véhicules et plus - collisions multiples,,,,,,,,,,,1,1,1,1,5
200800047811,0008-08-05 09:15:00,8,8,5,9,15,370,31,,,,Plein jour,Hors agglomération,Hors intersection,Normale,Deux véhicules - frontale,,,,,,,,,,,1,1,1,1,1
200800047812,0008-08-29 12:15:00,8,8,29,12,15,370,11,rue Marcel Vignaud,,,Plein jour,En agglomération,Autre intersection,Temps éblouissant,Deux véhicules - côté,,,,,,,,,,,1,2,9,7,3
200800047813,0008-08-02 21:15:00,8,8,2,21,15,370,205,CD 17 PK 14+200,47.253,0.555,Nuit sans éclairage public,En agglomération,Hors intersection,Normale,Autre collision,,,,,,,,,,,3,2,1,1,6
200800047814,0008-08-07 20:30:00,8,8,7,20,30,370,254,,,,Crépuscule ou aube,Hors agglomération,Hors intersection,Temps couvert,Sans collision,,,,,,,,,,,2,1,1,8,7
200800047815,0008-08-01 08:00:00,8,8,1,8,0,410,55,,,,Plein jour,Hors agglomération,Hors intersection,Normale,Deux véhicules - frontale,,,,,,,,,,,1,1,1,1,1
200800047816,0008-08-03 22:30:00,8,8,3,22,30,410,155,,,,Nuit sans éclairage public,Hors agglomération,Hors intersection,Normale,Deux véhicules - arrière,,,,,,,,,,,3,1,1,1,2
200800047817,0008-08-06 07:30:00,8,8,6,7,30,410,39,,47.75,1.39,Plein jour,Hors agglomération,Hors intersection,Temps éblouissant,Autre collision,,,,,,,,,,,1,1,1,7,6
200800047818,0008-08-25 14:30:00,8,8,25,14,30,410,252,,,,Plein jour,Hors agglomération,Hors intersection,Normale,Trois véhicules et plus - collisions multiples,,,,,,,,,,,1,1,1,1,5
200800047819,0008-08-28 14:15:00,8,8,28,14,15,410,71,,,,Plein jour,Hors agglomération,Hors intersection,Normale,Autre collision,,,,,,,,,,,1,1,1,1,6
200800047820,0008-08-07 17:30:00,8,8,7,17,30,410,211,,,,Plein jour,Hors agglomération,Hors intersection,Normale,Trois véhicules et plus - collisions multiples,,,,,,,,,,,1,1,1,1,5
200800047821,0008-08-12 16:15:00,8,8,12,16,15,410,106,35 ave de la Republique,47.6,2.02,Plein jour,En agglomération,Hors intersection,Normale,Autre collision,,,,,,,,,,,1,2,1,1,6
200800047822,0008-08-17 05:15:00,8,8,17,5,15,410,97,,,,Nuit sans éclairage public,Hors agglomération,Hors intersection,Normale,Autre collision,,,,,,,,,,,3,1,1,1,6
200800047823,0008-08-29 17:15:00,8,8,29,17,15,410,238,rue des pucelles,,,Plein jour,En agglomération,Hors intersection,Normale,Autre collision,,,,,,,,,,,1,2,1,1,6