accident_id,datetime,annee,mois,jour,heure,minute,departement,commune_insee,adresse,latitude,longitude,luminosite,agglomeration,intersection,meteo,collision,nb_vehicules,nb_usagers,nb_indemnes,nb_tues,nb_blesses_hosp,nb_blesses_legers,age_cond_1,age_cond_2,veh_type_cond_1,veh_type_cond_2,lum_code,agg_code,int_code,atm_code,col_code
200800047824,0008-08-22 16:45:00,8,8,22,16,45,410,53,,48.021,0.923,Plein jour,Hors agglomération,Intersection en T,Pluie légère,Deux véhicules - côté,,,,,,,,,,,1,1,3,2,3
200800047825,0008-08-02 16:45:00,8,8,2,16,45,330,503,avenue de l'ocean,,,Plein jour,En agglomération,Hors intersection,Pluie légère,Deux véhicules - arrière,,,,,,,,,,,1,2,1,2,2
200800047826,0008-08-20 11:30:00,8,8,20,11,30,330,214,ROUTE DE BORDEAUX,,,Plein jour,En agglomération,Hors intersection,Normale,Deux véhicules - frontale,,,,,,,,,,,1,2,1,1,1
200800047827,0008-08-22 16:15:00,8,8,22,16,15,330,97,,,,Plein jour,Hors agglomération,Hors intersection,Normale,Autre collision,,,,,,,,,,,1,1,1,1,6
200800047828,0008-08-23 13:00:00,8,8,23,13,0,290,71,rue de guernevez,47.939,-3.413,Plein jour,En agglomération,Intersection en X,Normale,Deux véhicules - côté,,,,,,,,,,,1,2,2,1,3
200800047829,0008-08-15 20:00:00,8,8,15,20,0,290,274,,48.017,-3.745,Plein jour,Hors agglomération,Hors intersection,Temps couvert,Deux véhicules - frontale,,,,,,,,,,,1,1,1,8,1
200800047830,0008-08-15 16:30:00,8,8,15,16,30,130,21,Avenue Draio de la mar,43.334,5.136,Plein jour,En agglomération,Hors intersection,Temps éblouissant,Deux véhicules - côté,,,,,,,,,,,1,2,1,7,3
200800047831,0008-08-24 20:00:00,8,8,24,20,0,130,88,,43.369,5.265,Plein jour,Hors agglomération,Hors intersection,Normale,Autre collision,,,,,,,,,,,1,1,1,1,6
200800047832,0008-08-02 05:30:00,8,8,2,5,30,950,26,,49.14,2.36,Nuit sans éclairage public,Hors agglomération,Giratoire,Normale,Autre collision,,,,,,,,,,,3,1,6,1,6
200800047833,0008-08-20 16:30:00,8,8,20,16,30,330,199,DESSERTE A660,44.621,-1.075,Plein jour,En agglomération,Hors intersection,Normale,Deux véhicules - côté,,,,,,,,,,,1,2,1,1,3
200800047834,0008-08-26 12:30:00,8,8,26,12,30,330,199,32 rue de fontebride,,,Plein jour,En agglomération,Hors intersection,Normale,Deux véhicules - frontale,,,,,,,,,,,1,2,1,1,1
200800047835,0008-08-19 13:15:00,8,8,19,13,15,870,205,,45.768,1.296,Plein jour,Hors agglomération,Hors intersection,Normale,Deux véhicules - frontale,,,,,,,,,,,1,1,1,1,1
200800047836,0008-08-03 18:15:00,8,8,3,18,15,670,283,,,,Plein jour,Hors agglomération,Hors intersection,Temps couvert,Deux véhicules - arrière,,,,,,,,,,,1,1,1,8,2
200800047837,0008-08-12 07:15:00,8,8,12,7,15,670,283,,,,Crépuscule ou aube,Hors agglomération,Intersection en X,Pluie légère,Deux véhicules - côté,,,,,,,,,,,2,1,2,2,3
200800047838,0008-08-12 20:15:00,8,8,12,20,15,670,283,,48.714,7.403,Nuit sans éclairage public,Hors agglomération,Hors intersection,Temps couvert,Sans collision,,,,,,,,,,,3,1,1,8,7
200800047839,0008-08-23 07:30:00,8,8,23,7,30,130,40,Route de Belcodene,43.456,5.566,Plein jour,En agglomération,Hors intersection,Normale,Deux véhicules - frontale,,,,,,,,,,,1,2,1,1,1
200800047840,0008-08-28 10:00:00,8,8,28,10,0,470,98,,44.104,0.441,Plein jour,Hors agglomération,Intersection en X,Normale,Deux véhicules - côté,,,,,,,,,,,1,1,2,1,3
200800047841,0008-08-31 10:30:00,8,8,31,10,30,470,143,,,,Plein jour,En agglomération,Hors intersection,Normale,Deux véhicules - frontale,,,,,,,,,,,1,2,1,1,1
200800047842,0008-08-14 15:15:00,8,8,14,15,15,110,144,,42.873,2.987,Plein jour,Hors agglomération,Hors intersection,Normale,Trois véhicules et plus - collisions multiples,,,,,,,,,,,1,1,1,1,5
200800047843,0008-08-23 18:45:00,8,8,23,18,45,570,38,Rue des ecoles,,,Plein jour,En agglomération,Hors intersection,Normale,Deux véhicules - côté,,,,,,,,,,,1,2,1,1,3
200800047844,0008-08-30 19:45:00,8,8,30,19,45,570,529,place d'Angliers,49.446,6.018,Plein jour,En agglomération,Place,Normale,Deux véhicules - arrière,,,,,,,,,,,1,2,7,1,2
200800047845,0008-08-30 10:00:00,8,8,30,10,0,340,259,,43.613,3.791,Plein jour,Hors agglomération,Autre intersection,Normale,Autre collision,,,,,,,,,,,1,1,9,1,6
200800047846,0008-08-10 11:45:00,8,8,10,11,45,780,537,,,,Plein jour,Hors agglomération,Hors intersection,Normale,Trois véhicules et plus - en chaîne,,,,,,,,,,,1,1,1,1,4
200800047847,0008-08-06 20:15:00,8,8,6,20,15,510,43,,,,Crépuscule ou aube,En agglomération,Hors intersection,Normale,Sans collision,,,,,,,,,,,2,2,1,1,7
200800047848,0008-08-13 12:45:00,8,8,13,12,45,510,171,,,,Plein jour,Hors agglomération,Hors intersection,Normale,Deux véhicules - frontale,,,,,,,,,,,1,1,1,1,1
200800047849,0008-08-25 14:45:00,8,8,25,14,45,510,183,,,,Plein jour,Hors agglomération,Hors intersection,Normale,Deux véhicules - côté,,,,,,,,,,,1,1,1,1,3
200800047850,0008-08-28 17:30:00,8,8,28,17,30,290,78,,,,Plein jour,Hors agglomération,Hors intersection,Normale,Autre collision,,,,,,,,,,,1,1,1,1,6
200800047851,0008-08-23 07:30:00,8,8,23,7,30,770,359,,48.486,2.514,Plein jour,Hors agglomération,Hors intersection,Normale,Autre collision,,,,,,,,,,,1,1,1,1,6
200800047852,0008-08-24 11:45:00,8,8,24,11,45,800,521,,,,Plein jour,Hors agglomération,Hors intersection,Normale,Deux véhicules - arrière,,,,,,,,,,,1,1,1,1,2
200800047853,0008-08-30 04:30:00,8,8,30,4,30,800,759,,49.639,2.758,Nuit sans éclairage public,Hors agglomération,Hors intersection,Brouillard / fumée,Autre collision,,,,,,,,,,,3,1,1,5,6
200800047854,0008-08-08 03:15:00,8,8,8,3,15,710,105,,,,Nuit sans éclairage public,Hors agglomération,Hors intersection,Normale,Deux véhicules - côté,,,,,,,,,,,3,1,1,1,3
200800047855,0008-08-28 07:30:00,8,8,28,7,30,890,438,,,,Plein jour,Hors agglomération,Hors intersection,Normale,Deux véhicules - arrière,,,,,,,,,,,1,1,1,1,2
200800047856,0008-08-12 13:00:00,8,8,12,13,0,130,118,,,,Plein jour,Hors agglomération,Hors intersection,Normale,Autre collision,,,,,,,,,,,1,1,1,1,6
200800047857,0008-08-24 16:45:00,8,8,24,16,45,130,118,,,,Plein jour,Hors agglomération,Hors intersection,Normale,Trois véhicules et plus - en chaîne,,,,,,,,,,,1,1,1,1,4
200800047858,0008-08-25 00:15:00,8,8,25,0,15,840,87,,,,Nuit sans éclairage public,Hors agglomération,Hors intersection,Normale,Trois véhicules et plus - en chaîne,,,,,,,,,,,3,1,1,1,4
200800047859,0008-08-30 22:30:00,8,8,30,22,30,840,39,,,,Nuit sans éclairage public,Hors agglomération,Hors intersection,Normale,Autre collision,,,,,,,,,,,3,1,1,1,6
200800047860,0008-08-02 14:30:00,8,8,2,14,30,830,31,,43.403,6.359,Plein jour,Hors agglomération,Hors intersection,Normale,Autre collision,,,,,,,,,,,1,1,1,1,6
200800047861,0008-08-03 03:00:00,8,8,3,3,0,830,49,,43.239,6.085,Nuit sans éclairage public,Hors agglomération,Hors intersection,Normale,Autre collision,,,,,,,,,,,3,1,1,1,6
200800047862,0008-08-21 09:45:00,8,8,21,9,45,830,49,,,,Plein jour,Hors agglomération,Hors intersection,Normale,Autre collision,,,,,,,,,,,1,1,1,1,6
200800047863,0008-08-23 22:15:00,8,8,23,22,15,830,100,,43.264,6.129,Nuit sans éclairage public,Hors agglomération,Hors intersection,Normale,Deux véhicules - arrière,,,,,,,,,,,3,1,1,1,2
200800047864,0008-08-27 10:00:00,8,8,27,10,0,830,100,,43.263,6.126,Plein jour,Hors agglomération,Hors intersection,Normale,Autre collision,,,,,,,,,,,1,1,1,1,6
200800047865,0008-08-14 11:00:00,8,8,14,11,0,600,155,,,,Plein jour,Hors agglomération,Hors intersection,Normale,Deux véhicules - côté,,,,,,,,,,,1,1,1,1,3
200800047866,0008-08-19 21:15:00,8,8,19,21,15,600,584,,,,Nuit avec éclairage allumé,En agglomération,Hors intersection,Pluie légère,Autre collision,,,,,,,,,,,5,2,1,2,6
200800047867,0008-08-10 19:45:00,8,8,10,19,45,270,332,,,,Plein jour,Hors agglomération,Hors intersection,Temps couvert,Autre collision,,,,,,,,,,,1,1,1,8,6
200800047868,0008-08-03 16:00:00,8,8,3,16,0,600,531,,,,Plein jour,Hors agglomération,Hors intersection,Normale,Trois véhicules et plus - collisions multiples,,,,,,,,,,,1,1,1,1,5
200800047869,0008-08-09 14:00:00,8,8,9,14,0,760,541,,49.527,0.985,Plein jour,Hors agglomération,Hors intersection,Normale,Sans collision,,,,,,,,,,,1,1,1,1,7
200800047870,0008-08-13 14:30:00,8,8,13,14,30,760,502,,49.552,1.246,Plein jour,Hors agglomération,Hors intersection,Normale,Sans collision,,,,,,,,,,,1,1,1,1,7
200800047871,0008-08-13 19:00:00,8,8,13,19,0,760,540,,49.519,1.191,Plein jour,Hors agglomération,Hors intersection,Temps couvert,Sans collision,,,,,,,,,,,1,1,1,8,7
200800047872,0008-08-02 13:30:00,8,8,2,13,30,830,96,,,,Plein jour,Hors agglomération,Hors intersection,Normale,Sans collision,,,,,,,,,,,1,1,1,1,7
200800047873,0008-08-09 15:00:00,8,8,9,15,0,830,23,,,,Plein jour,Hors agglomération,Hors intersection,Normale,Trois véhicules et plus - collisions multiples,,,,,,,,,,,1,1,1,1,5
200800047874,0008-08-18 11:00:00,8,8,18,11,0,830,140,,,,Plein jour,Hors agglomération,Hors intersection,Normale,Deux véhicules - arrière,,,,,,,,,,,1,1,1,1,2
200800047875,0008-08-30 15:30:00,8,8,30,15,30,830,23,,,,Plein jour,Hors agglomération,Autre intersection,Normale,Autre collision,,,,,,,,,,,1,1,9,1,6
200800047876,0008-08-18 00:45:00,8,8,18,0,45,410,252,,47.701,1.439,Nuit sans éclairage public,Hors agglomération,Hors intersection,Normale,Deux véhicules - arrière,,,,,,,,,,,3,1,1,1,2
200800047877,0008-08-27 10:30:00,8,8,27,10,30,740,256,,,,Plein jour,Hors agglomération,Hors intersection,Normale,Deux véhicules - frontale,,,,,,,,,,,1,1,1,1,1
200800047878,0008-08-02 07:15:00,8,8,2,7,15,300,189,,,,Plein jour,Hors agglomération,Hors intersection,Normale,Deux véhicules - arrière,,,,,,,,,,,1,1,1,1,2
200800047879,0008-08-17 05:00:00,8,8,17,5,0,300,60,,,,Nuit sans éclairage public,Hors agglomération,Hors intersection,Normale,Deux véhicules - arrière,,,,,,,,,,,3,1,1,1,2
200800047880,0008-08-07 01:15:00,8,8,7,1,15,110,40,,43.164,2.854,Nuit sans éclairage public,Hors agglomération,Hors intersection,Normale,Autre collision,,,,,,,,,,,3,1,1,1,6
200800047881,0008-08-12 21:15:00,8,8,12,21,15,110,441,,43.205,3.08,Nuit sans éclairage public,Hors agglomération,Hors intersection,Normale,Deux véhicules - arrière,,,,,,,,,,,3,1,1,1,2
200800047882,0008-08-13 00:30:00,8,8,13,0,30,110,370,,43.218,3.092,Nuit sans éclairage public,Hors agglomération,Hors intersection,Normale,Deux véhicules - arrière,,,,,,,,,,,3,1,1,1,2
200800047883,0008-08-15 09:30:00,8,8,15,9,30,110,145,,,,Plein jour,Hors agglomération,Hors intersection,Normale,Autre collision,,,,,,,,,,,1,1,1,1,6
200800047884,0008-08-06 00:01:00,8,8,6,0,1,370,8,,,,Nuit avec éclairage allumé,En agglomération,Hors intersection,Normale,Autre collision,,,,,,,,,,,5,2,1,1,6
200800047885,0008-08-18 07:45:00,8,8,18,7,45,450,20,,,,Plein jour,Hors agglomération,Hors intersection,Normale,Autre collision,,,,,,,,,,,1,1,1,1,6
200800047886,0008-08-21 04:15:00,8,8,21,4,15,450,169,,,,Nuit sans éclairage public,Hors agglomération,Hors intersection,Normale,Sans collision,,,,,,,,,,,3,1,1,1,7
200800047887,0008-08-21 18:30:00,8,8,21,18,30,450,154,,,,Plein jour,Hors agglomération,Hors intersection,Normale,Autre collision,,,,,,,,,,,1,1,1,1,6
200800047888,0008-08-26 23:00:00,8,8,26,23,0,670,418,,48.827,7.999,Nuit sans éclairage public,Hors agglomération,Hors intersection,Normale,Deux véhicules - arrière,,,,,,,,,,,3,1,1,1,2
200800047889,0008-08-01 01:00:00,8,8,1,1,0,210,606,,,,Nuit sans éclairage public,Hors agglomération,Hors intersection,Normale,Trois véhicules et plus - collisions multiples,,,,,,,,,,,3,1,1,1,5
200800047890,0008-08-03 07:15:00,8,8,3,7,15,210,65,,,,Plein jour,Hors agglomération,Hors intersection,Normale,Autre collision,,,,,,,,,,,1,1,1,1,6
200800047891,0008-08-11 23:45:00,8,8,11,23,45,210,405,,46.944,4.826,Nuit sans éclairage public,Hors agglomération,Hors intersection,Normale,Trois véhicules et plus - collisions multiples,,,,,,,,,,,3,1,1,1,5
200800047892,0008-08-01 20:00:00,8,8,1,20,0,730,179,,45.606,5.893,Plein jour,Hors agglomération,Hors intersection,Pluie légère,Sans collision,,,,,,,,,,,1,1,1,2,7
200800047893,0008-08-09 04:30:00,8,8,9,4,30,130,11,,43.742,4.829,Nuit sans éclairage public,Hors agglomération,Hors intersection,Normale,Deux véhicules - côté,,,,,,,,,,,3,1,1,1,3
200800047894,0008-08-02 23:00:00,8,8,2,23,0,280,253,,48.35,1.41,Nuit sans éclairage public,Hors agglomération,Hors intersection,Normale,Deux véhicules - arrière,,,,,,,,,,,3,1,1,1,2
200800047895,0008-08-11 17:45:00,8,8,11,17,45,410,67,,,,Plein jour,Hors agglomération,Hors intersection,Normale,Deux véhicules - arrière,,,,,,,,,,,1,1,1,1,2
200800047896,0008-08-16 17:00:00,8,8,16,17,0,410,50,,,,Plein jour,Hors agglomération,Hors intersection,Temps couvert,Autre collision,,,,,,,,,,,1,1,1,8,6
200800047897,0008-08-13 21:30:00,8,8,13,21,30,410,295,,47.586,1.373,Nuit avec éclairage allumé,Hors agglomération,Intersection en T,Normale,Deux véhicules - côté,,,,,,,,,,,5,1,3,1,3
200800047898,0008-08-18 12:00:00,8,8,18,12,0,410,262,,,,Plein jour,Hors agglomération,Hors intersection,Normale,Deux véhicules - côté,,,,,,,,,,,1,1,1,1,3
200800047899,0008-08-19 22:45:00,8,8,19,22,45,410,50,,,,Nuit sans éclairage public,Hors agglomération,Hors intersection,Normale,Autre collision,,,,,,,,,,,3,1,1,1,6
200800047900,0008-08-16 11:30:00,8,8,16,11,30,690,27,CD 42 PK 8.3,,,Plein jour,En agglomération,Hors intersection,Normale,Deux véhicules - côté,,,,,,,,,,,1,2,1,1,3
200800047901,0008-08-27 15:30:00,8,8,27,15,30,690,43,,,,Plein jour,Hors agglomération,Giratoire,Normale,Deux véhicules - côté,,,,,,,,,,,1,1,6,1,3
200800047902,0008-08-01 14:45:00,8,8,1,14,45,340,113,,,,Plein jour,Hors agglomération,Hors intersection,Normale,Autre collision,,,,,,,,,,,1,1,1,1,6
200800047903,0008-08-14 02:15:00,8,8,14,2,15,340,95,,43.55,3.794,Nuit sans éclairage public,Hors agglomération,Hors intersection,Normale,Deux véhicules - arrière,,,,,,,,,,,3,1,1,1,2
200800047904,0008-08-31 05:15:00,8,8,31,5,15,340,143,,43.472,3.638,Nuit sans éclairage public,Hors agglomération,Hors intersection,Normale,Trois véhicules et plus - collisions multiples,,,,,,,,,,,3,1,1,1,5
200800047905,0008-08-14 16:30:00,8,8,14,16,30,630,126,,,,Plein jour,Hors agglomération,Hors intersection,Normale,Trois véhicules et plus - collisions multiples,,,,,,,,,,,1,1,1,1,5
200800047906,0008-08-20 14:15:00,8,8,20,14,15,630,272,,,,Plein jour,Hors agglomération,Hors intersection,Normale,Deux véhicules - côté,,,,,,,,,,,1,1,1,1,3
200800047907,0008-08-07 11:15:00,8,8,7,11,15,640,130,,,,Plein jour,Hors agglomération,Hors intersection,Normale,Deux véhicules - frontale,,,,,,,,,,,1,1,1,1,1
200800047908,0008-08-30 02:15:00,8,8,30,2,15,540,253,,,,Nuit sans éclairage public,Hors agglomération,Hors intersection,Normale,Deux véhicules - arrière,,,,,,,,,,,3,1,1,1,2
200800047909,0008-08-27 17:15:00,8,8,27,17,15,690,81,126 AVENUE DE VERDUN,45.773,4.781,Plein jour,En agglomération,Hors intersection,Normale,Deux véhicules - frontale,,,,,,,,,,,1,2,1,1,1
200800047910,0008-08-04 09:45:00,8,8,4,9,45,380,52,,45.071,6.043,Plein jour,Hors agglomération,Hors intersection,Normale,Sans collision,,,,,,,,,,,1,1,1,1,7
200800047911,0008-08-12 18:45:00,8,8,12,18,45,380,177,,45.07,6.043,Plein jour,Hors agglomération,Hors intersection,Pluie légère,Sans collision,,,,,,,,,,,1,1,1,2,7
200800047912,0008-08-03 16:30:00,8,8,3,16,30,570,606,,,,Plein jour,Hors agglomération,Hors intersection,Normale,Autre collision,,,,,,,,,,,1,1,1,1,6
200800047913,0008-08-05 08:00:00,8,8,5,8,0,60,88,,,,Nuit sans éclairage public,Hors agglomération,Autre intersection,Normale,Deux véhicules - côté,,,,,,,,,,,3,1,9,1,3
200800047914,0008-08-05 08:00:00,8,8,5,8,0,60,88,,,,Plein jour,Hors agglomération,Hors intersection,Normale,Deux véhicules - arrière,,,,,,,,,,,1,1,1,1,2
200800047915,0008-08-09 23:00:00,8,8,9,23,0,60,150,,,,Nuit avec éclairage allumé,Hors agglomération,Autre intersection,Normale,Trois véhicules et plus - collisions multiples,,,,,,,,,,,5,1,9,1,5
200800047916,0008-08-11 11:15:00,8,8,11,11,15,60,88,,,,Plein jour,Hors agglomération,Hors intersection,Normale,Trois véhicules et plus - collisions multiples,,,,,,,,,,,1,1,1,1,5
200800047917,0008-08-24 00:15:00,8,8,24,0,15,60,83,,,,Nuit avec éclairage allumé,Hors agglomération,Autre intersection,Normale,Deux véhicules - frontale,,,,,,,,,,,5,1,9,1,1
200800047918,0008-08-26 09:00:00,8,8,26,9,0,900,12,,,,Plein jour,Hors agglomération,Hors intersection,Normale,Deux véhicules - arrière,,,,,,,,,,,1,1,1,1,2
200800047919,0008-08-27 16:00:00,8,8,27,16,0,900,12,,,,Plein jour,Hors agglomération,Autre intersection,Normale,Trois véhicules et plus - en chaîne,,,,,,,,,,,1,1,9,1,4
200800047920,0008-08-10 15:45:00,8,8,10,15,45,670,460,,,,Plein jour,Hors agglomération,Hors intersection,Normale,Autre collision,,,,,,,,,,,1,1,1,1,6
200800047921,0008-08-25 17:00:00,8,8,25,17,0,950,74,CD922,,,Plein jour,En agglomération,Hors intersection,Normale,Autre collision,,,,,,,,,,,1,2,1,1,6
200800047922,0008-08-11 14:00:00,8,8,11,14,0,380,417,,45.379,5.977,Plein jour,Hors agglomération,Hors intersection,Pluie forte,Sans collision,,,,,,,,,,,1,1,1,3,7
200800047923,0008-08-03 19:30:00,8,8,3,19,30,130,25,,43.486,5.544,Plein jour,Hors agglomération,Hors intersection,Normale,Autre collision,,,,,,,,,,,1,1,1,1,6
200800047924,0008-08-16 08:15:00,8,8,16,8,15,60,4,,,,Plein jour,Hors agglomération,Hors intersection,Normale,Autre collision,,,,,,,,,,,1,1,1,1,6
200800047925,0008-08-22 23:30:00,8,8,22,23,30,60,30,,,,Nuit sans éclairage public,Hors agglomération,Hors intersection,Normale,Autre collision,,,,,,,,,,,3,1,1,1,6
200800047926,0008-08-20 07:30:00,8,8,20,7,30,60,85,,43.582,6.984,Plein jour,Hors agglomération,Hors intersection,Normale,Autre collision,,,,,,,,,,,1,1,1,1,6
200800047927,0008-08-30 10:15:00,8,8,30,10,15,640,343,,,,Plein jour,Hors agglomération,Hors intersection,Normale,Deux véhicules - frontale,,,,,,,,,,,1,1,1,1,1
200800047928,0008-08-18 18:30:00,8,8,18,18,30,630,430,,,,Plein jour,Hors agglomération,Hors intersection,Normale,Autre collision,,,,,,,,,,,1,1,1,1,6
200800047929,0008-08-29 10:00:00,8,8,29,10,0,110,76,,43.284,1.983,Plein jour,Hors agglomération,Hors intersection,Normale,Deux véhicules - arrière,,,,,,,,,,,1,1,1,1,2
200800047930,0008-08-31 04:45:00,8,8,31,4,45,110,199,,43.207,2.272,Nuit sans éclairage public,Hors agglomération,Hors intersection,Normale,Deux véhicules - arrière,,,,,,,,,,,3,1,1,1,2
200800047931,0008-08-16 00:15:00,8,8,16,0,15,590,39,,50.164,3.298,Nuit sans éclairage public,Hors agglomération,Giratoire,Normale,Autre collision,,,,,,,,,,,3,1,6,1,6
200800047932,0008-08-10 09:00:00,8,8,10,9,0,280,327,,,,Plein jour,Hors agglomération,Hors intersection,Normale,Deux véhicules - arrière,,,,,,,,,,,1,1,1,1,2
200800047933,0008-08-18 08:15:00,8,8,18,8,15,250,137,,47.343,6.166,Plein jour,Hors agglomération,Hors intersection,Normale,Deux véhicules - frontale,,,,,,,,,,,1,1,1,1,1
200800047934,0008-08-28 14:30:00,8,8,28,14,30,910,573,Rond point des coudrays,48.641,2.459,Plein jour,En agglomération,Hors intersection,Normale,Deux véhicules - côté,,,,,,,,,,,1,2,1,1,3
200800047935,0008-08-09 01:45:00,8,8,9,1,45,330,498,,44.573,-0.831,Nuit sans éclairage public,Hors agglomération,Hors intersection,Normale,Deux véhicules - arrière,,,,,,,,,,,3,1,1,1,2
200800047936,0008-08-13 05:30:00,8,8,13,5,30,330,527,,44.619,-1.047,Nuit sans éclairage public,Hors agglomération,Hors intersection,Normale,Autre collision,,,,,,,,,,,3,1,1,1,6
200800047937,0008-08-15 20:45:00,8,8,15,20,45,330,199,,44.621,-1.106,Nuit avec éclairage allumé,Hors agglomération,Hors intersection,Normale,Deux véhicules - côté,,,,,,,,,,,5,1,1,1,3
200800047938,0008-08-29 08:00:00,8,8,29,8,0,330,284,,44.661,-0.829,Plein jour,Hors agglomération,Hors intersection,Normale,Deux véhicules - côté,,,,,,,,,,,1,1,1,1,3
200800047939,0008-08-20 18:45:00,8,8,20,18,45,740,208,,45.925,6.732,Plein jour,Hors agglomération,Hors intersection,Normale,Autre collision,,,,,,,,,,,1,1,1,1,6
200800047940,0008-08-12 10:45:00,8,8,12,10,45,530,228,,,,Plein jour,Hors agglomération,Hors intersection,Normale,Sans collision,,,,,,,,,,,1,1,1,1,7
200800047941,0008-08-23 08:45:00,8,8,23,8,45,530,267,,,,Plein jour,Hors agglomération,Hors intersection,Normale,Sans collision,,,,,,,,,,,1,1,1,1,7
200800047942,0008-08-25 14:00:00,8,8,25,14,0,530,108,,,,Plein jour,Hors agglomération,Hors intersection,Normale,Autre collision,,,,,,,,,,,1,1,1,1,6
200800047943,0008-08-18 05:30:00,8,8,18,5,30,820,171,,,,Nuit sans éclairage public,Hors agglomération,Hors intersection,Normale,Autre collision,,,,,,,,,,,3,1,1,1,6
200800047944,0008-08-18 10:15:00,8,8,18,10,15,201,70,,,,Plein jour,Hors agglomération,Autre intersection,Normale,Deux véhicules - côté,,,,,,,,,,,1,1,9,1,3
200800047945,0008-08-18 04:45:00,8,8,18,4,45,210,572,,,,Nuit sans éclairage public,Hors agglomération,Hors intersection,Normale,Autre collision,,,,,,,,,,,3,1,1,1,6
200800047946,0008-08-23 21:15:00,8,8,23,21,15,380,249,,,,Nuit avec éclairage allumé,Hors agglomération,Hors intersection,Normale,Deux véhicules - frontale,,,,,,,,,,,5,1,1,1,1
200800047947,0008-08-07 10:00:00,8,8,7,10,0,660,213,boulevard de clairfont,,,Plein jour,En agglomération,Hors intersection,Normale,Autre collision,,,,,,,,,,,1,2,1,1,6
200800047948,0008-08-05 17:30:00,8,8,5,17,30,670,155,,,,Plein jour,Hors agglomération,Hors intersection,Normale,Autre collision,,,,,,,,,,,1,1,1,1,6
200800047949,0008-08-01 19:00:00,8,8,1,19,0,170,226,,,,Plein jour,Hors agglomération,Hors intersection,Normale,Sans collision,,,,,,,,,,,1,1,1,1,7
200800047950,0008-08-14 17:15:00,8,8,14,17,15,170,379,,,,Plein jour,Hors agglomération,Hors intersection,Normale,Autre collision,,,,,,,,,,,1,1,1,1,6
200800047951,0008-08-28 03:45:00,8,8,28,3,45,170,148,,,,Nuit sans éclairage public,Hors agglomération,Hors intersection,Normale,Deux véhicules - arrière,,,,,,,,,,,3,1,1,1,2
200800047952,0008-08-21 12:45:00,8,8,21,12,45,170,50,,,,Plein jour,Hors agglomération,Hors intersection,Normale,Autre collision,,,,,,,,,,,1,1,1,1,6
200800047953,0008-08-23 14:00:00,8,8,23,14,0,740,243,,,,Plein jour,Hors agglomération,Hors intersection,Pluie légère,Sans collision,,,,,,,,,,,1,1,1,2,7
200800047954,0008-08-17 03:45:00,8,8,17,3,45,201,139,,,,Nuit sans éclairage public,Hors agglomération,Hors intersection,Normale,Autre collision,,,,,,,,,,,3,1,1,1,6
200800047955,0008-08-28 23:30:00,8,8,28,23,30,201,362,rn198 lieu-dit Puntonu,41.701,9.342,Nuit avec éclairage allumé,En agglomération,Hors intersection,Normale,Autre collision,,,,,,,,,,,5,2,1,1,6
200800047956,0008-08-04 16:30:00,8,8,4,16,30,740,272,route de Bellegarde,,,Plein jour,En agglomération,Autre intersection,Normale,Deux véhicules - arrière,,,,,,,,,,,1,2,9,1,2
200800047957,0008-08-08 20:30:00,8,8,8,20,30,740,67,,,,Plein jour,Hors agglomération,Hors intersection,Normale,Deux véhicules - frontale,,,,,,,,,,,1,1,1,1,1
200800047958,0008-08-14 15:00:00,8,8,14,15,0,740,272,RD1508,,,Plein jour,En agglomération,Hors intersection,Normale,Deux véhicules - frontale,,,,,,,,,,,1,2,1,1,1
200800047959,0008-08-29 19:15:00,8,8,29,19,15,740,213,rue de valparc,45.919,6.079,Plein jour,En agglomération,Hors intersection,Normale,Autre collision,,,,,,,,,,,1,2,1,1,6
200800047960,0008-08-29 22:30:00,8,8,29,22,30,740,272,,45.95,6.05,Nuit sans éclairage public,Hors agglomération,Hors intersection,Normale,Deux véhicules - côté,,,,,,,,,,,3,1,1,1,3
200800047961,0008-08-01 00:45:00,8,8,1,0,45,10,89,,45.973,5.309,Nuit sans éclairage public,Hors agglomération,Hors intersection,Normale,Deux véhicules - frontale,,,,,,,,,,,3,1,1,1,1
200800047962,0008-08-01 15:15:00,8,8,1,15,15,510,613,,,,Plein jour,Hors agglomération,Hors intersection,Normale,Deux véhicules - frontale,,,,,,,,,,,1,1,1,1,1
200800047963,0008-08-26 15:00:00,8,8,26,15,0,510,493,,49.227,4.117,Plein jour,Hors agglomération,Hors intersection,Normale,Sans collision,,,,,,,,,,,1,1,1,1,7
200800047964,0008-08-06 17:45:00,8,8,6,17,45,60,18,,,,Plein jour,En agglomération,Hors intersection,Normale,Deux véhicules - frontale,,,,,,,,,,,1,2,1,1,1