accident_id,datetime,annee,mois,jour,heure,minute,departement,commune_insee,adresse,latitude,longitude,luminosite,agglomeration,intersection,meteo,collision,nb_vehicules,nb_usagers,nb_indemnes,nb_tues,nb_blesses_hosp,nb_blesses_legers,age_cond_1,age_cond_2,veh_type_cond_1,veh_type_cond_2,lum_code,agg_code,int_code,atm_code,col_code
200800048102,0008-07-16 18:28:00,8,7,16,18,28,202,120,"sans, TOUTES RUES",,,Plein jour,Hors agglomération,Hors intersection,Normale,Autre collision,,,,,,,,,,,1,1,1,1,6
200800048103,0008-07-20 22:10:00,8,7,20,22,10,202,33,"sans, FRONT DE MER - ROU",,,Nuit avec éclairage allumé,En agglomération,Hors intersection,Normale,Trois véhicules et plus - en chaîne,,,,,,,,,,,5,2,1,1,4
200800048104,0008-07-21 16:40:00,8,7,21,16,40,202,33,"SANS, CAPITAINE THEN",,,Plein jour,En agglomération,Intersection en X,Normale,Deux véhicules - côté,,,,,,,,,,,1,2,2,1,3
200800048105,0008-07-21 18:46:00,8,7,21,18,46,202,33,"sans, MACCHIONE - CHEMIN",,,Plein jour,En agglomération,Hors intersection,Normale,Deux véhicules - frontale,,,,,,,,,,,1,2,1,1,1
200800048106,0008-07-23 15:50:00,8,7,23,15,50,202,120,"SANS, TOUTES RUES",,,Plein jour,En agglomération,Hors intersection,Normale,Deux véhicules - côté,,,,,,,,,,,1,2,1,1,3
200800048107,0008-07-26 19:00:00,8,7,26,19,0,202,33,"sans, CAP - ROUTE DU CAP",,,Plein jour,En agglomération,Intersection en T,Normale,Deux véhicules - côté,,,,,,,,,,,1,2,3,1,3
200800048108,0008-07-28 01:46:00,8,7,28,1,46,202,33,"sans, TOGA",,,Nuit avec éclairage allumé,En agglomération,Hors intersection,Normale,Autre collision,,,,,,,,,,,5,2,1,1,6
200800048109,0008-08-04 21:08:00,8,8,4,21,8,202,33,"37, SARI - AV EMILE",,,Nuit avec éclairage allumé,En agglomération,Hors intersection,Normale,Autre collision,,,,,,,,,,,5,2,1,1,6
200800048110,0008-08-06 17:30:00,8,8,6,17,30,202,33,"SANS, CAPITAINE THEN",,,Plein jour,En agglomération,Hors intersection,Normale,Deux véhicules - arrière,,,,,,,,,,,1,2,1,1,2
200800048111,0008-08-07 15:30:00,8,8,7,15,30,202,120,"SANS, TOUTES RUES",,,Plein jour,Hors agglomération,Hors intersection,Normale,Autre collision,,,,,,,,,,,1,1,1,1,6
200800048112,0008-08-07 14:05:00,8,8,7,14,5,202,33,"SANS, TOUTES RUES",,,Plein jour,En agglomération,Hors intersection,Normale,Autre collision,,,,,,,,,,,1,2,1,1,6
200800048113,0008-08-10 22:00:00,8,8,10,22,0,202,33,"SANS, ROUTE ROYALE",,,Nuit avec éclairage allumé,En agglomération,Hors intersection,Normale,Deux véhicules - frontale,,,,,,,,,,,5,2,1,1,1
200800048114,0008-08-13 14:45:00,8,8,13,14,45,202,33,"30, PAOLI DU NR 21 AU 45",,,Plein jour,En agglomération,Hors intersection,Normale,Autre collision,,,,,,,,,,,1,2,1,1,6
200800048115,0008-08-16 11:02:00,8,8,16,11,2,202,37,"SANS, TOUTES RUES",,,Plein jour,Hors agglomération,Hors intersection,Normale,Deux véhicules - frontale,,,,,,,,,,,1,1,1,1,1
200800048116,0008-08-17 12:10:00,8,8,17,12,10,202,33,"sans, TOUTES RUES",,,Plein jour,Hors agglomération,Hors intersection,Normale,Autre collision,,,,,,,,,,,1,1,1,1,6
200800048117,0008-08-20 19:04:00,8,8,20,19,4,202,120,"SANS, TOUTES RUES",,,Plein jour,Hors agglomération,Hors intersection,Normale,Deux véhicules - côté,,,,,,,,,,,1,1,1,1,3
200800048118,0008-08-30 17:05:00,8,8,30,17,5,202,33,"SANS, AV DE LA LIBERATIO",,,Plein jour,En agglomération,Hors intersection,Normale,Deux véhicules - côté,,,,,,,,,,,1,2,1,1,3
200800048119,0008-08-06 02:30:00,8,8,6,2,30,540,528,Autoroute A 31,,,Nuit avec éclairage allumé,Hors agglomération,Hors intersection,Normale,Deux véhicules - arrière,,,,,,,,,,,5,1,1,1,2
200800048120,0008-09-27 21:15:00,8,9,27,21,15,140,339,,49.131,-0.327,Nuit sans éclairage public,Hors agglomération,Hors intersection,Normale,Trois véhicules et plus - collisions multiples,,,,,,,,,,,3,1,1,1,5
200800048121,0008-09-16 16:30:00,8,9,16,16,30,380,314,av granier,,,Plein jour,En agglomération,Intersection en X,Normale,Trois véhicules et plus - collisions multiples,,,,,,,,,,,1,2,2,1,5
200800048122,0008-09-07 03:00:00,8,9,7,3,0,270,150,,,,Nuit sans éclairage public,Hors agglomération,Hors intersection,Pluie légère,Sans collision,,,,,,,,,,,3,1,1,2,7
200800048123,0008-09-08 11:00:00,8,9,8,11,0,60,161,,43.664,7.098,Plein jour,Hors agglomération,Hors intersection,Normale,Trois véhicules et plus - collisions multiples,,,,,,,,,,,1,1,1,1,5
200800048124,0008-09-08 14:45:00,8,9,8,14,45,460,251,381 avenue GENERAL DE GA,44.864,1.892,Plein jour,En agglomération,Hors intersection,Normale,Deux véhicules - côté,,,,,,,,,,,1,2,1,1,3
200800048125,0008-09-09 09:30:00,8,9,9,9,30,460,127,,44.746,1.402,Plein jour,Hors agglomération,Hors intersection,Normale,Autre collision,,,,,,,,,,,1,1,1,1,6
200800048126,0008-09-26 16:45:00,8,9,26,16,45,460,204,,44.7,1.617,Plein jour,Hors agglomération,Hors intersection,Normale,Deux véhicules - côté,,,,,,,,,,,1,1,1,1,3
200800048127,0008-09-27 16:30:00,8,9,27,16,30,460,127,ROUTE DE FUMEL,44.738,1.378,Plein jour,En agglomération,Hors intersection,Normale,Trois véhicules et plus - collisions multiples,,,,,,,,,,,1,2,1,1,5
200800048128,0008-09-02 13:45:00,8,9,2,13,45,460,3,,,,Plein jour,Hors agglomération,Hors intersection,Normale,Deux véhicules - frontale,,,,,,,,,,,1,1,1,1,1
200800048129,0008-09-10 14:00:00,8,9,10,14,0,460,283,,,,Plein jour,Hors agglomération,Hors intersection,Normale,Deux véhicules - côté,,,,,,,,,,,1,1,1,1,3
200800048130,0008-09-27 11:30:00,8,9,27,11,30,460,128,,44.77,1.71,Plein jour,Hors agglomération,Hors intersection,Normale,Deux véhicules - frontale,,,,,,,,,,,1,1,1,1,1
200800048131,0008-09-18 00:30:00,8,9,18,0,30,650,187,,,,Nuit sans éclairage public,Hors agglomération,Hors intersection,Normale,Autre collision,,,,,,,,,,,3,1,1,1,6
200800048132,0008-09-12 17:00:00,8,9,12,17,0,650,202,,,,Plein jour,Hors agglomération,Hors intersection,Temps couvert,Sans collision,,,,,,,,,,,1,1,1,8,7
200800048133,0008-09-14 14:45:00,8,9,14,14,45,650,18,,,,Plein jour,Hors agglomération,Hors intersection,Normale,Deux véhicules - frontale,,,,,,,,,,,1,1,1,1,1
200800048134,0008-09-01 14:00:00,8,9,1,14,0,810,97,,43.868,2.227,Plein jour,Hors agglomération,Hors intersection,Normale,Deux véhicules - côté,,,,,,,,,,,1,1,1,1,3
200800048135,0008-09-12 17:45:00,8,9,12,17,45,810,147,,,,Plein jour,Hors agglomération,Hors intersection,Normale,Deux véhicules - frontale,,,,,,,,,,,1,1,1,1,1
200800048136,0008-09-23 07:30:00,8,9,23,7,30,810,147,,,,Plein jour,Hors agglomération,Hors intersection,Normale,Deux véhicules - arrière,,,,,,,,,,,1,1,1,1,2
200800048137,0008-09-13 19:45:00,8,9,13,19,45,810,273,CD 50,43.584,2.183,Nuit sans éclairage public,En agglomération,Hors intersection,Normale,Sans collision,,,,,,,,,,,3,2,1,1,7
200800048138,0008-09-11 14:15:00,8,9,11,14,15,810,40,Le Bourg,43.723,2.066,Plein jour,En agglomération,Hors intersection,Normale,Autre collision,,,,,,,,,,,1,2,1,1,6
200800048139,0008-09-21 12:00:00,8,9,21,12,0,810,314,,43.737,2.59,Plein jour,Hors agglomération,Hors intersection,Normale,Sans collision,,,,,,,,,,,1,1,1,1,7
200800048140,0008-09-02 17:00:00,8,9,2,17,0,810,99,,43.928,1.929,Plein jour,Hors agglomération,Intersection en T,Normale,Deux véhicules - côté,,,,,,,,,,,1,1,3,1,3
200800048141,0008-09-01 19:00:00,8,9,1,19,0,690,69,116 avenue PIERRE DUMOND,,,Plein jour,En agglomération,Hors intersection,Normale,Deux véhicules - côté,,,,,,,,,,,1,2,1,1,3
200800048142,0008-09-03 12:00:00,8,9,3,12,0,690,89,,,,Plein jour,En agglomération,Hors intersection,Normale,Deux véhicules - côté,,,,,,,,,,,1,2,1,1,3
200800048143,0008-09-16 10:00:00,8,9,16,10,0,690,69,32 bis rue Centrale,,,Plein jour,En agglomération,Autre intersection,Temps couvert,Deux véhicules - frontale,,,,,,,,,,,1,2,9,8,1
200800048144,0008-09-22 20:30:00,8,9,22,20,30,690,69,Av. ed Millaud,,,Nuit avec éclairage allumé,En agglomération,Hors intersection,Normale,Deux véhicules - côté,,,,,,,,,,,5,2,1,1,3
200800048145,0008-09-13 04:15:00,8,9,13,4,15,810,220,,,,Nuit sans éclairage public,Hors agglomération,Hors intersection,Normale,Autre collision,,,,,,,,,,,3,1,1,1,6
200800048146,0008-09-12 08:00:00,8,9,12,8,0,810,238,,43.479,2.507,Plein jour,Hors agglomération,Autre intersection,Pluie légère,Autre collision,,,,,,,,,,,1,1,9,2,6
200800048147,0008-09-29 13:45:00,8,9,29,13,45,810,36,,43.498,2.428,Plein jour,Hors agglomération,Hors intersection,Normale,Autre collision,,,,,,,,,,,1,1,1,1,6
200800048148,0008-09-03 07:45:00,8,9,3,7,45,810,219,,43.571,1.943,Plein jour,Hors agglomération,Hors intersection,Normale,Deux véhicules - frontale,,,,,,,,,,,1,1,1,1,1
200800048149,0008-09-16 05:15:00,8,9,16,5,15,810,162,,43.592,1.807,Nuit sans éclairage public,Hors agglomération,Hors intersection,Normale,Sans collision,,,,,,,,,,,3,1,1,1,7
200800048150,0008-09-29 09:45:00,8,9,29,9,45,810,162,,43.589,1.819,Plein jour,Hors agglomération,Hors intersection,Normale,Deux véhicules - côté,,,,,,,,,,,1,1,1,1,3
200800048151,0008-09-18 20:45:00,8,9,18,20,45,820,90,,,,Nuit sans éclairage public,Hors agglomération,Hors intersection,Normale,Sans collision,,,,,,,,,,,3,1,1,1,7
200800048152,0008-09-13 21:00:00,8,9,13,21,0,820,115,,43.97,1.545,Nuit sans éclairage public,Hors agglomération,Hors intersection,Normale,Autre collision,,,,,,,,,,,3,1,1,1,6
200800048153,0008-09-20 19:30:00,8,9,20,19,30,820,164,,44.308,1.168,Plein jour,Hors agglomération,Hors intersection,Normale,Autre collision,,,,,,,,,,,1,1,1,1,6
200800048154,0008-09-30 16:15:00,8,9,30,16,15,820,94,,44.279,1.131,Plein jour,Hors agglomération,Hors intersection,Normale,Autre collision,,,,,,,,,,,1,1,1,1,6
200800048155,0008-09-27 17:45:00,8,9,27,17,45,820,112,45 AVENUE DU CHASSELAS,,,Plein jour,En agglomération,Autre intersection,Normale,Deux véhicules - côté,,,,,,,,,,,1,2,9,1,3
200800048156,0008-09-06 15:45:00,8,9,6,15,45,820,190,,43.814,1.254,Plein jour,Hors agglomération,Intersection en X,Pluie forte,Deux véhicules - côté,,,,,,,,,,,1,1,2,3,3
200800048157,0008-09-18 17:45:00,8,9,18,17,45,690,55,,,,Plein jour,Hors agglomération,Hors intersection,Normale,Deux véhicules - frontale,,,,,,,,,,,1,1,1,1,1
200800048158,0008-09-25 09:45:00,8,9,25,9,45,690,117,,,,Nuit avec éclairage allumé,Hors agglomération,Hors intersection,Normale,Deux véhicules - frontale,,,,,,,,,,,5,1,1,1,1
200800048159,0008-09-14 09:00:00,8,9,14,9,0,690,286,,,,Plein jour,Hors agglomération,Hors intersection,Normale,Trois véhicules et plus - collisions multiples,,,,,,,,,,,1,1,1,1,5
200800048160,0008-09-23 12:30:00,8,9,23,12,30,690,286,57 AVENUE DE L'EUROPE,,,Plein jour,En agglomération,Intersection en X,Normale,Deux véhicules - arrière,,,,,,,,,,,1,2,2,1,2
200800048161,0008-09-25 11:15:00,8,9,25,11,15,690,288,avenue Jean MOULIN,,,Plein jour,En agglomération,Hors intersection,Normale,Deux véhicules - côté,,,,,,,,,,,1,2,1,1,3
200800048162,0008-09-28 05:15:00,8,9,28,5,15,690,287,,45.702,5.012,Crépuscule ou aube,Hors agglomération,Hors intersection,Autre,Sans collision,,,,,,,,,,,2,1,1,9,7
200800048163,0008-09-10 18:30:00,8,9,10,18,30,690,136,RN 386,,,Plein jour,En agglomération,Hors intersection,Normale,Deux véhicules - côté,,,,,,,,,,,1,2,1,1,3
200800048164,0008-09-05 20:00:00,8,9,5,20,0,690,144,,,,Crépuscule ou aube,Hors agglomération,Hors intersection,Normale,Sans collision,,,,,,,,,,,2,1,1,1,7
200800048165,0008-09-11 07:30:00,8,9,11,7,30,690,112,,,,Crépuscule ou aube,Hors agglomération,Hors intersection,Normale,Autre collision,,,,,,,,,,,2,1,1,1,6
200800048166,0008-09-19 23:30:00,8,9,19,23,30,690,112,,,,Nuit sans éclairage public,Hors agglomération,Hors intersection,Normale,Autre collision,,,,,,,,,,,3,1,1,1,6
200800048167,0008-09-23 09:00:00,8,9,23,9,0,690,83,,,,Plein jour,Hors agglomération,Hors intersection,Normale,Sans collision,,,,,,,,,,,1,1,1,1,7
200800048168,0008-09-26 19:30:00,8,9,26,19,30,690,86,,,,Plein jour,Hors agglomération,Hors intersection,Normale,Autre collision,,,,,,,,,,,1,1,1,1,6
200800048169,0008-09-18 07:30:00,8,9,18,7,30,690,173,,,,Plein jour,Hors agglomération,Hors intersection,Normale,Autre collision,,,,,,,,,,,1,1,1,1,6
200800048170,0008-09-19 15:00:00,8,9,19,15,0,690,227,,,,Plein jour,Hors agglomération,Hors intersection,Normale,Autre collision,,,,,,,,,,,1,1,1,1,6
200800048171,0008-09-10 19:00:00,8,9,10,19,0,690,228,LA VILLONNIERE,,,Plein jour,En agglomération,Intersection en X,Normale,Deux véhicules - côté,,,,,,,,,,,1,2,2,1,3
200800048172,0008-09-22 18:30:00,8,9,22,18,30,690,148,,,,Crépuscule ou aube,Hors agglomération,Hors intersection,Temps éblouissant,Autre collision,,,,,,,,,,,2,1,1,7,6
200800048173,0008-09-30 18:30:00,8,9,30,18,30,690,176,,,,Plein jour,Hors agglomération,Hors intersection,Normale,Deux véhicules - côté,,,,,,,,,,,1,1,1,1,3
200800048174,0008-09-07 13:15:00,8,9,7,13,15,690,192,,46.04,4.52,Plein jour,Hors agglomération,Hors intersection,Normale,Deux véhicules - frontale,,,,,,,,,,,1,1,1,1,1
200800048175,0008-09-02 14:30:00,8,9,2,14,30,690,9,AVENUE LAMARTINE,,,Plein jour,En agglomération,Hors intersection,Normale,Autre collision,,,,,,,,,,,1,2,1,1,6
200800048176,0008-09-04 08:45:00,8,9,4,8,45,690,20,,,,Plein jour,Hors agglomération,Hors intersection,Temps couvert,Deux véhicules - frontale,,,,,,,,,,,1,1,1,8,1
200800048177,0008-09-21 07:15:00,8,9,21,7,15,690,114,,,,Plein jour,Hors agglomération,Hors intersection,Normale,Deux véhicules - frontale,,,,,,,,,,,1,1,1,1,1
200800048178,0008-09-24 19:00:00,8,9,24,19,0,690,114,,,,Plein jour,Hors agglomération,Intersection en T,Normale,Deux véhicules - côté,,,,,,,,,,,1,1,3,1,3
200800048179,0008-09-04 09:00:00,8,9,4,9,0,690,209,,,,Plein jour,Hors agglomération,Hors intersection,Pluie légère,Deux véhicules - frontale,,,,,,,,,,,1,1,1,2,1
200800048180,0008-09-06 10:00:00,8,9,6,10,0,690,210,,,,Plein jour,Hors agglomération,Hors intersection,Pluie légère,Deux véhicules - frontale,,,,,,,,,,,1,1,1,2,1
200800048181,0008-09-19 00:01:00,8,9,19,0,1,690,165,,,,Nuit sans éclairage public,Hors agglomération,Hors intersection,Normale,Autre collision,,,,,,,,,,,3,1,1,1,6
200800048182,0008-09-22 19:15:00,8,9,22,19,15,690,182,,,,Plein jour,Hors agglomération,Hors intersection,Normale,Autre collision,,,,,,,,,,,1,1,1,1,6
200800048183,0008-09-02 16:00:00,8,9,2,16,0,690,211,RUE CARRON,,,Plein jour,En agglomération,Hors intersection,Normale,Sans collision,,,,,,,,,,,1,2,1,1,7
200800048184,0008-09-20 18:30:00,8,9,20,18,30,690,50,,,,Plein jour,Hors agglomération,Hors intersection,Normale,Sans collision,,,,,,,,,,,1,1,1,1,7
200800048185,0008-09-22 07:00:00,8,9,22,7,0,690,128,,,,Crépuscule ou aube,Hors agglomération,Hors intersection,Normale,Autre collision,,,,,,,,,,,2,1,1,1,6
200800048186,0008-09-28 17:00:00,8,9,28,17,0,10,369,Route de CEYZERIAT,,,Plein jour,En agglomération,Hors intersection,Normale,Deux véhicules - arrière,,,,,,,,,,,1,2,1,1,2
200800048187,0008-09-01 10:30:00,8,9,1,10,30,10,323,les quatre vents,,,Plein jour,En agglomération,Hors intersection,Normale,Autre collision,,,,,,,,,,,1,2,1,1,6
200800048188,0008-09-15 09:30:00,8,9,15,9,30,10,94,,,,Plein jour,Hors agglomération,Hors intersection,Temps éblouissant,Deux véhicules - côté,,,,,,,,,,,1,1,1,7,3
200800048189,0008-09-25 10:45:00,8,9,25,10,45,10,445,,,,Plein jour,Hors agglomération,Hors intersection,Normale,Autre collision,,,,,,,,,,,1,1,1,1,6
200800048190,0008-09-25 22:30:00,8,9,25,22,30,10,130,,,,Nuit sans éclairage public,Hors agglomération,Hors intersection,Normale,Deux véhicules - frontale,,,,,,,,,,,3,1,1,1,1
200800048191,0008-09-26 20:15:00,8,9,26,20,15,10,304,,,,Nuit sans éclairage public,Hors agglomération,Hors intersection,Normale,Trois véhicules et plus - collisions multiples,,,,,,,,,,,3,1,1,1,5
200800048192,0008-09-28 14:00:00,8,9,28,14,0,10,422,127 route de Salles,,,Plein jour,En agglomération,Hors intersection,Normale,Deux véhicules - côté,,,,,,,,,,,1,2,1,1,3
200800048193,0008-09-04 07:00:00,8,9,4,7,0,10,454,RD1504,,,Plein jour,En agglomération,Hors intersection,Pluie légère,Trois véhicules et plus - collisions multiples,,,,,,,,,,,1,2,1,2,5
200800048194,0008-09-07 17:00:00,8,9,7,17,0,10,34,BOULEVARD DU MAIL,,,Plein jour,En agglomération,Hors intersection,Normale,Deux véhicules - côté,,,,,,,,,,,1,2,1,1,3
200800048195,0008-09-15 06:15:00,8,9,15,6,15,10,407,,45.953,5.827,Crépuscule ou aube,Hors agglomération,Hors intersection,Normale,Deux véhicules - côté,,,,,,,,,,,2,1,1,1,3
200800048196,0008-09-07 00:01:00,8,9,7,0,1,10,444,,,,Nuit avec éclairage non allumé,Hors agglomération,Hors intersection,Pluie légère,Sans collision,,,,,,,,,,,4,1,1,2,7
200800048197,0008-09-09 15:45:00,8,9,9,15,45,10,47,,,,Plein jour,Hors agglomération,Hors intersection,Normale,Deux véhicules - côté,,,,,,,,,,,1,1,1,1,3
200800048198,0008-09-10 17:30:00,8,9,10,17,30,10,17,RUE LE VILLARS,45.937,5.494,Plein jour,En agglomération,Hors intersection,Normale,Deux véhicules - côté,,,,,,,,,,,1,2,1,1,3
200800048199,0008-09-15 15:30:00,8,9,15,15,30,10,4,Avenue Leon Blum,,,Plein jour,En agglomération,Hors intersection,Normale,Deux véhicules - côté,,,,,,,,,,,1,2,1,1,3
200800048200,0008-09-21 14:15:00,8,9,21,14,15,10,390,,,,Plein jour,Hors agglomération,Intersection en X,Normale,Deux véhicules - côté,,,,,,,,,,,1,1,2,1,3
200800048201,0008-09-29 12:45:00,8,9,29,12,45,10,89,,,,Plein jour,Hors agglomération,Hors intersection,Normale,Deux véhicules - côté,,,,,,,,,,,1,1,1,1,3
200800048202,0008-09-04 07:15:00,8,9,4,7,15,10,71,,46.314,6.083,Plein jour,Hors agglomération,Hors intersection,Normale,Autre collision,,,,,,,,,,,1,1,1,1,6
200800048203,0008-09-05 17:45:00,8,9,5,17,45,10,143,AVENUE DU MONT MUSSY,,,Plein jour,En agglomération,Hors intersection,Normale,Deux véhicules - côté,,,,,,,,,,,1,2,1,1,3
200800048204,0008-09-26 21:30:00,8,9,26,21,30,10,153,,,,Nuit sans éclairage public,Hors agglomération,Hors intersection,Normale,Sans collision,,,,,,,,,,,3,1,1,1,7
200800048205,0008-09-03 20:00:00,8,9,3,20,0,10,354,,,,Nuit sans éclairage public,Hors agglomération,Hors intersection,Pluie forte,Deux véhicules - frontale,,,,,,,,,,,3,1,1,3,1
200800048206,0008-09-13 10:00:00,8,9,13,10,0,10,354,,,,Plein jour,Hors agglomération,Hors intersection,Pluie légère,Deux véhicules - frontale,,,,,,,,,,,1,1,1,2,1
200800048207,0008-09-24 18:15:00,8,9,24,18,15,10,353,,,,Plein jour,Hors agglomération,Hors intersection,Normale,Deux véhicules - arrière,,,,,,,,,,,1,1,1,1,2
200800048208,0008-09-16 15:30:00,8,9,16,15,30,10,235,,,,Plein jour,Hors agglomération,Hors intersection,Normale,Deux véhicules - frontale,,,,,,,,,,,1,1,1,1,1
200800048209,0008-09-04 17:15:00,8,9,4,17,15,10,378,,,,Plein jour,Hors agglomération,Hors intersection,Pluie légère,Deux véhicules - frontale,,,,,,,,,,,1,1,1,2,1
200800048210,0008-09-09 12:15:00,8,9,9,12,15,10,275,123 ROUTE DE GENEVE,,,Plein jour,En agglomération,Hors intersection,Normale,Deux véhicules - frontale,,,,,,,,,,,1,2,1,1,1
200800048211,0008-09-26 18:00:00,8,9,26,18,0,10,446,,46.025,4.835,Plein jour,En agglomération,Hors intersection,Normale,Deux véhicules - côté,,,,,,,,,,,1,2,1,1,3
200800048212,0008-09-05 06:45:00,8,9,5,6,45,70,346,,44.474,4.688,Crépuscule ou aube,Hors agglomération,Hors intersection,Normale,Deux véhicules - frontale,,,,,,,,,,,2,1,1,1,1
200800048213,0008-09-14 15:30:00,8,9,14,15,30,70,76,,,,Plein jour,Hors agglomération,Hors intersection,Normale,Deux véhicules - arrière,,,,,,,,,,,1,1,1,1,2
200800048214,0008-09-14 14:45:00,8,9,14,14,45,70,348,quartier bastide,,,Plein jour,En agglomération,Autre intersection,Normale,Deux véhicules - côté,,,,,,,,,,,1,2,9,1,3
200800048215,0008-09-21 01:30:00,8,9,21,1,30,70,90,CD104,,,Nuit avec éclairage allumé,En agglomération,Hors intersection,Normale,Autre collision,,,,,,,,,,,5,2,1,1,6
200800048216,0008-09-11 16:00:00,8,9,11,16,0,70,134,,44.504,4.29,Plein jour,Hors agglomération,Hors intersection,Normale,Autre collision,,,,,,,,,,,1,1,1,1,6
200800048217,0008-09-29 03:45:00,8,9,29,3,45,70,189,,44.494,4.253,Nuit sans éclairage public,Hors agglomération,Hors intersection,Normale,Autre collision,,,,,,,,,,,3,1,1,1,6
200800048218,0008-09-15 11:45:00,8,9,15,11,45,70,153,,,,Plein jour,Hors agglomération,Hors intersection,Normale,Sans collision,,,,,,,,,,,1,1,1,1,7
200800048219,0008-09-21 15:00:00,8,9,21,15,0,70,235,,44.841,4.209,Plein jour,Hors agglomération,Hors intersection,Normale,Sans collision,,,,,,,,,,,1,1,1,1,7
200800048220,0008-09-30 17:00:00,8,9,30,17,0,70,153,,,,Plein jour,Hors agglomération,Hors intersection,Normale,Sans collision,,,,,,,,,,,1,1,1,1,7
200800048221,0008-09-20 17:45:00,8,9,20,17,45,70,291,,,,Plein jour,Hors agglomération,Hors intersection,Normale,Deux véhicules - côté,,,,,,,,,,,1,1,1,1,3
200800048222,0008-09-23 11:00:00,8,9,23,11,0,70,10,,,,Plein jour,Hors agglomération,Hors intersection,Normale,Sans collision,,,,,,,,,,,1,1,1,1,7
200800048223,0008-09-06 15:15:00,8,9,6,15,15,70,204,place de Verdun,45.015,4.393,Plein jour,En agglomération,Hors intersection,Normale,Autre collision,,,,,,,,,,,1,2,1,1,6
200800048224,0008-09-30 17:45:00,8,9,30,17,45,70,209,,45.129,4.417,Plein jour,Hors agglomération,Hors intersection,Normale,Deux véhicules - frontale,,,,,,,,,,,1,1,1,1,1
200800048225,0008-09-27 13:15:00,8,9,27,13,15,70,129,les Devieres,,,Plein jour,En agglomération,Hors intersection,Normale,Deux véhicules - côté,,,,,,,,,,,1,2,1,1,3
200800048226,0008-09-09 14:00:00,8,9,9,14,0,70,301,,,,Plein jour,Hors agglomération,Hors intersection,Temps couvert,Sans collision,,,,,,,,,,,1,1,1,8,7
200800048227,0008-09-28 00:15:00,8,9,28,0,15,70,301,LE VILLAGE,,,Nuit sans éclairage public,En agglomération,Hors intersection,Normale,Autre collision,,,,,,,,,,,3,2,1,1,6
200800048228,0008-09-18 15:15:00,8,9,18,15,15,260,64,,,,Crépuscule ou aube,Hors agglomération,Hors intersection,Normale,Deux véhicules - frontale,,,,,,,,,,,2,1,1,1,1
200800048229,0008-09-19 17:45:00,8,9,19,17,45,260,313,RUE DU VIVARAIS,,,Plein jour,En agglomération,Intersection en X,Normale,Deux véhicules - côté,,,,,,,,,,,1,2,2,1,3
200800048230,0008-09-12 00:45:00,8,9,12,0,45,260,11,route de cobonne,,,Nuit avec éclairage allumé,En agglomération,Hors intersection,Normale,Autre collision,,,,,,,,,,,5,2,1,1,6
200800048231,0008-09-26 14:30:00,8,9,26,14,30,260,108,rue henri grand,,,Plein jour,En agglomération,Hors intersection,Normale,Deux véhicules - côté,,,,,,,,,,,1,2,1,1,3
200800048232,0008-09-14 10:00:00,8,9,14,10,0,260,166,Rue des Moulins,,,Nuit avec éclairage allumé,En agglomération,Hors intersection,Normale,Autre collision,,,,,,,,,,,5,2,1,1,6
200800048233,0008-09-25 09:00:00,8,9,25,9,0,260,368,,44.703,5.251,Plein jour,Hors agglomération,Hors intersection,Temps éblouissant,Sans collision,,,,,,,,,,,1,1,1,7,7
200800048234,0008-09-11 19:30:00,8,9,11,19,30,260,168,,44.68,5.698,Plein jour,Hors agglomération,Hors intersection,Normale,Deux véhicules - côté,,,,,,,,,,,1,1,1,1,3
200800048235,0008-09-29 12:45:00,8,9,29,12,45,260,168,,44.691,5.689,Plein jour,Hors agglomération,Hors intersection,Normale,Sans collision,,,,,,,,,,,1,1,1,1,7
200800048236,0008-09-11 10:45:00,8,9,11,10,45,260,45,,44.591,4.93,Plein jour,Hors agglomération,Hors intersection,Normale,Autre collision,,,,,,,,,,,1,1,1,1,6
200800048237,0008-09-08 13:00:00,8,9,8,13,0,260,235,Boulevard Albert Einsten,,,Plein jour,En agglomération,Giratoire,Normale,Autre collision,,,,,,,,,,,1,2,6,1,6
200800048238,0008-09-04 15:45:00,8,9,4,15,45,260,357,,44.296,4.983,Plein jour,Hors agglomération,Hors intersection,Normale,Autre collision,,,,,,,,,,,1,1,1,1,6
200800048239,0008-09-09 15:00:00,8,9,9,15,0,260,324,,44.366,4.741,Plein jour,Hors agglomération,Hors intersection,Normale,Deux véhicules - frontale,,,,,,,,,,,1,1,1,1,1
200800048240,0008-09-28 16:30:00,8,9,28,16,30,260,236,"CD 5, PK 6+450",44.251,5.218,Plein jour,En agglomération,Hors intersection,Normale,Autre collision,,,,,,,,,,,1,2,1,1,6
200800048241,0008-09-20 20:30:00,8,9,20,20,30,260,99,,44.412,4.918,Nuit sans éclairage public,Hors agglomération,Hors intersection,Normale,Trois véhicules et plus - collisions multiples,,,,,,,,,,,3,1,1,1,5
200800048242,0008-09-22 07:45:00,8,9,22,7,45,260,73,,44.409,4.83,Plein jour,Hors agglomération,Autre intersection,Normale,Sans collision,,,,,,,,,,,1,1,9,1,7