accident_id,datetime,annee,mois,jour,heure,minute,departement,commune_insee,adresse,latitude,longitude,luminosite,agglomeration,intersection,meteo,collision,nb_vehicules,nb_usagers,nb_indemnes,nb_tues,nb_blesses_hosp,nb_blesses_legers,age_cond_1,age_cond_2,veh_type_cond_1,veh_type_cond_2,lum_code,agg_code,int_code,atm_code,col_code
200800048243,0008-09-13 14:15:00,8,9,13,14,15,260,227,,,,Plein jour,Hors agglomération,Hors intersection,Normale,Sans collision,,,,,,,,,,,1,1,1,1,7
200800048244,0008-09-21 15:15:00,8,9,21,15,15,260,215,,,,Plein jour,Hors agglomération,Hors intersection,Normale,Sans collision,,,,,,,,,,,1,1,1,1,7
200800048245,0008-09-21 17:15:00,8,9,21,17,15,260,378,LE VILLAGE,,,Plein jour,En agglomération,Hors intersection,Normale,Deux véhicules - côté,,,,,,,,,,,1,2,1,1,3
200800048246,0008-09-29 11:15:00,8,9,29,11,15,260,231,,,,Plein jour,Hors agglomération,Hors intersection,Normale,Deux véhicules - frontale,,,,,,,,,,,1,1,1,1,1
200800048247,0008-09-08 19:30:00,8,9,8,19,30,380,538,D523,45.217,5.858,Plein jour,En agglomération,Hors intersection,Normale,Deux véhicules - côté,,,,,,,,,,,1,2,1,1,3
200800048248,0008-09-28 17:45:00,8,9,28,17,45,380,412,,,,Plein jour,Hors agglomération,Hors intersection,Normale,Deux véhicules - frontale,,,,,,,,,,,1,1,1,1,1
200800048249,0008-09-16 21:30:00,8,9,16,21,30,380,100,Avenue de Savoie,,,Nuit avec éclairage allumé,En agglomération,Autre intersection,Normale,Deux véhicules - côté,,,,,,,,,,,5,2,9,1,3
200800048250,0008-09-09 19:15:00,8,9,9,19,15,380,265,,44.97,5.731,Plein jour,Hors agglomération,Hors intersection,Normale,Deux véhicules - côté,,,,,,,,,,,1,1,1,1,3
200800048251,0008-09-07 15:15:00,8,9,7,15,15,380,226,,44.819,5.738,Plein jour,Hors agglomération,Hors intersection,Normale,Autre collision,,,,,,,,,,,1,1,1,1,6
200800048252,0008-09-13 14:45:00,8,9,13,14,45,380,203,,,,Plein jour,Hors agglomération,Hors intersection,Pluie forte,Deux véhicules - frontale,,,,,,,,,,,1,1,1,3,1
200800048253,0008-09-15 07:45:00,8,9,15,7,45,380,409,Place de la mairie,45.08,5.286,Plein jour,En agglomération,Hors intersection,Normale,Deux véhicules - côté,,,,,,,,,,,1,2,1,1,3
200800048254,0008-09-05 21:15:00,8,9,5,21,15,380,331,"D12, 140 route de Voiron",45.358,5.544,Nuit sans éclairage public,En agglomération,Hors intersection,Normale,Deux véhicules - côté,,,,,,,,,,,3,2,1,1,3
200800048255,0008-09-15 21:15:00,8,9,15,21,15,380,30,,,,Nuit sans éclairage public,Hors agglomération,Hors intersection,Normale,Deux véhicules - côté,,,,,,,,,,,3,1,1,1,3
200800048256,0008-09-22 10:00:00,8,9,22,10,0,380,432,,,,Plein jour,Hors agglomération,Hors intersection,Normale,Deux véhicules - côté,,,,,,,,,,,1,1,1,1,3
200800048257,0008-09-29 20:15:00,8,9,29,20,15,380,276,D 1085,45.562,5.306,Nuit avec éclairage allumé,En agglomération,Hors intersection,Normale,Deux véhicules - frontale,,,,,,,,,,,5,2,1,1,1
200800048258,0008-09-11 17:00:00,8,9,11,17,0,380,82,,45.43,5.501,Plein jour,Hors agglomération,Hors intersection,Normale,Autre collision,,,,,,,,,,,1,1,1,1,6
200800048259,0008-09-16 18:00:00,8,9,16,18,0,380,82,,45.422,5.523,Plein jour,Hors agglomération,Hors intersection,Normale,Autre collision,,,,,,,,,,,1,1,1,1,6
200800048260,0008-09-21 12:00:00,8,9,21,12,0,380,520,ROUTE BOUVARDIERE,,,Plein jour,En agglomération,Autre intersection,Normale,Deux véhicules - frontale,,,,,,,,,,,1,2,9,1,1
200800048261,0008-09-23 17:45:00,8,9,23,17,45,380,296,,45.54,5.529,Plein jour,Hors agglomération,Hors intersection,Normale,Autre collision,,,,,,,,,,,1,1,1,1,6
200800048262,0008-09-19 14:00:00,8,9,19,14,0,380,139,,45.74,5.462,Plein jour,Hors agglomération,Intersection en X,Normale,Deux véhicules - frontale,,,,,,,,,,,1,1,2,1,1
200800048263,0008-09-13 01:00:00,8,9,13,1,0,380,1,rue Gambetta,45.538,5.587,Nuit avec éclairage allumé,En agglomération,Hors intersection,Pluie légère,Sans collision,,,,,,,,,,,5,2,1,2,7
200800048264,0008-09-11 16:30:00,8,9,11,16,30,380,64,19 route de Chambery,,,Plein jour,En agglomération,Hors intersection,Normale,Deux véhicules - frontale,,,,,,,,,,,1,2,1,1,1
200800048265,0008-09-30 08:00:00,8,9,30,8,0,380,509,RUE PASTEUR,,,Plein jour,En agglomération,Hors intersection,Normale,Deux véhicules - côté,,,,,,,,,,,1,2,1,1,3
200800048266,0008-09-01 12:30:00,8,9,1,12,30,440,66,,,,Plein jour,Hors agglomération,Hors intersection,Normale,Deux véhicules - côté,,,,,,,,,,,1,1,1,1,3
200800048267,0008-09-02 12:15:00,8,9,2,12,15,380,110,,,,Plein jour,Hors agglomération,Hors intersection,Normale,Deux véhicules - côté,,,,,,,,,,,1,1,1,1,3
200800048268,0008-09-08 07:15:00,8,9,8,7,15,380,336,,,,Plein jour,Hors agglomération,Hors intersection,Normale,Deux véhicules - côté,,,,,,,,,,,1,1,1,1,3
200800048269,0008-09-08 20:45:00,8,9,8,20,45,380,336,RN 7,,,Nuit avec éclairage allumé,En agglomération,Hors intersection,Normale,Deux véhicules - frontale,,,,,,,,,,,5,2,1,1,1
200800048270,0008-09-23 18:15:00,8,9,23,18,15,380,160,,45.471,5.003,Plein jour,Hors agglomération,Hors intersection,Normale,Trois véhicules et plus - collisions multiples,,,,,,,,,,,1,1,1,1,5
200800048271,0008-09-27 09:45:00,8,9,27,9,45,380,130,,,,Plein jour,Hors agglomération,Hors intersection,Normale,Deux véhicules - côté,,,,,,,,,,,1,1,1,1,3
200800048272,0008-09-12 13:30:00,8,9,12,13,30,380,81,,45.549,5.098,Plein jour,Hors agglomération,Hors intersection,Normale,Deux véhicules - frontale,,,,,,,,,,,1,1,1,1,1
200800048273,0008-09-27 23:30:00,8,9,27,23,30,380,35,,45.538,5.085,Nuit sans éclairage public,Hors agglomération,Hors intersection,Normale,Deux véhicules - côté,,,,,,,,,,,3,1,1,1,3
200800048274,0008-09-28 15:00:00,8,9,28,15,0,380,507,,45.73,5.188,Plein jour,Hors agglomération,Hors intersection,Normale,Sans collision,,,,,,,,,,,1,1,1,1,7
200800048275,0008-09-12 18:45:00,8,9,12,18,45,380,468,,45.34,4.806,Plein jour,Hors agglomération,Hors intersection,Pluie légère,Deux véhicules - côté,,,,,,,,,,,1,1,1,2,3
200800048276,0008-09-13 23:00:00,8,9,13,23,0,380,344,,45.398,4.811,Nuit sans éclairage public,Hors agglomération,Hors intersection,Pluie légère,Deux véhicules - frontale,,,,,,,,,,,3,1,1,2,1
200800048277,0008-09-13 12:15:00,8,9,13,12,15,380,298,PLACE PAUL MORAND,45.378,4.795,Plein jour,En agglomération,Hors intersection,Normale,Autre collision,,,,,,,,,,,1,2,1,1,6
200800048278,0008-09-10 18:15:00,8,9,10,18,15,380,449,,45.638,5.08,Plein jour,Hors agglomération,Giratoire,Normale,Autre collision,,,,,,,,,,,1,1,6,1,6
200800048279,0008-09-09 13:45:00,8,9,9,13,45,420,251,,45.701,4.229,Plein jour,Hors agglomération,Hors intersection,Normale,Deux véhicules - frontale,,,,,,,,,,,1,1,1,1,1
200800048280,0008-09-12 09:30:00,8,9,12,9,30,420,12,,45.598,4.042,Plein jour,Hors agglomération,Hors intersection,Normale,Sans collision,,,,,,,,,,,1,1,1,1,7
200800048281,0008-09-28 17:00:00,8,9,28,17,0,420,329,LES ROUAIRES,45.323,4.506,Plein jour,En agglomération,Hors intersection,Normale,Deux véhicules - frontale,,,,,,,,,,,1,2,1,1,1
200800048282,0008-09-28 17:00:00,8,9,28,17,0,420,23,,45.308,4.544,Plein jour,Hors agglomération,Hors intersection,Normale,Autre collision,,,,,,,,,,,1,1,1,1,6
200800048283,0008-09-20 14:00:00,8,9,20,14,0,420,151,,45.683,4.134,Plein jour,Hors agglomération,Hors intersection,Normale,Sans collision,,,,,,,,,,,1,1,1,1,7
200800048284,0008-09-06 20:15:00,8,9,6,20,15,420,211,,45.54,4.232,Nuit avec éclairage allumé,En agglomération,Giratoire,Temps couvert,Deux véhicules - côté,,,,,,,,,,,5,2,6,8,3
200800048285,0008-09-24 17:30:00,8,9,24,17,30,420,304,54 Grande rue Franche,,,Plein jour,En agglomération,Hors intersection,Normale,Autre collision,,,,,,,,,,,1,2,1,1,6
200800048286,0008-09-28 02:45:00,8,9,28,2,45,420,298,,45.69,3.875,Nuit sans éclairage public,Hors agglomération,Hors intersection,Normale,Autre collision,,,,,,,,,,,3,1,1,1,6
200800048287,0008-09-24 18:15:00,8,9,24,18,15,420,94,RUE DE LA LOIRE,45.747,4.217,Plein jour,En agglomération,Hors intersection,Normale,Deux véhicules - frontale,,,,,,,,,,,1,2,1,1,1
200800048288,0008-09-02 16:30:00,8,9,2,16,30,420,137,roue de Boisset,45.527,4.065,Plein jour,En agglomération,Hors intersection,Normale,Deux véhicules - côté,,,,,,,,,,,1,2,1,1,3
200800048289,0008-09-11 16:30:00,8,9,11,16,30,420,323,,45.571,4.276,Plein jour,Hors agglomération,Hors intersection,Normale,Deux véhicules - frontale,,,,,,,,,,,1,1,1,1,1
200800048290,0008-09-30 12:45:00,8,9,30,12,45,420,59,ROUTE DE CHEVRIERES,45.638,4.386,Plein jour,En agglomération,Hors intersection,Temps éblouissant,Deux véhicules - côté,,,,,,,,,,,1,2,1,7,3
200800048291,0008-09-01 19:00:00,8,9,1,19,0,420,70,,,,Plein jour,Hors agglomération,Hors intersection,Normale,Deux véhicules - côté,,,,,,,,,,,1,1,1,1,3
200800048292,0008-09-30 11:15:00,8,9,30,11,15,420,338,,46.077,4.12,Plein jour,Hors agglomération,Hors intersection,Normale,Deux véhicules - frontale,,,,,,,,,,,1,1,1,1,1
200800048293,0008-09-15 18:00:00,8,9,15,18,0,420,156,,45.897,4.173,Plein jour,Hors agglomération,Hors intersection,Normale,Sans collision,,,,,,,,,,,1,1,1,1,7
200800048294,0008-09-10 16:30:00,8,9,10,16,30,420,177,,46.151,4.148,Plein jour,Hors agglomération,Intersection en T,Normale,Deux véhicules - côté,,,,,,,,,,,1,1,3,1,3
200800048295,0008-09-13 19:30:00,8,9,13,19,30,420,131,,46.184,4.236,Plein jour,Hors agglomération,Hors intersection,Pluie légère,Autre collision,,,,,,,,,,,1,1,1,2,6
200800048296,0008-09-30 12:15:00,8,9,30,12,15,420,26,,,,Plein jour,Hors agglomération,Hors intersection,Normale,Deux véhicules - arrière,,,,,,,,,,,1,1,1,1,2
200800048297,0008-09-21 16:00:00,8,9,21,16,0,420,198,,46.01,3.947,Plein jour,En agglomération,Hors intersection,Normale,Deux véhicules - frontale,,,,,,,,,,,1,2,1,1,1
200800048298,0008-09-27 15:00:00,8,9,27,15,0,420,199,LD LA TONNE,,,Plein jour,En agglomération,Hors intersection,Normale,Deux véhicules - côté,,,,,,,,,,,1,2,1,1,3
200800048299,0008-09-23 08:00:00,8,9,23,8,0,730,128,cd 911,45.719,5.919,Plein jour,En agglomération,Hors intersection,Normale,Deux véhicules - frontale,,,,,,,,,,,1,2,1,1,1
200800048300,0008-09-26 14:00:00,8,9,26,14,0,730,90,,,,Plein jour,Hors agglomération,Hors intersection,Normale,Autre collision,,,,,,,,,,,1,1,1,1,6
200800048301,0008-09-03 18:45:00,8,9,3,18,45,730,51,Avenue LE BOURGET DU LAC,,,Crépuscule ou aube,En agglomération,Hors intersection,Pluie légère,Deux véhicules - frontale,,,,,,,,,,,2,2,1,2,1
200800048302,0008-09-11 01:30:00,8,9,11,1,30,730,51,,45.64,5.822,Nuit sans éclairage public,Hors agglomération,Hors intersection,Normale,Sans collision,,,,,,,,,,,3,1,1,1,7
200800048303,0008-09-05 21:45:00,8,9,5,21,45,730,52,,45.48,6.19,Nuit sans éclairage public,Hors agglomération,Hors intersection,Pluie légère,Autre collision,,,,,,,,,,,3,1,1,2,6
200800048304,0008-09-04 14:00:00,8,9,4,14,0,730,244,,45.415,6.49,Plein jour,Hors agglomération,Hors intersection,Pluie forte,Deux véhicules - frontale,,,,,,,,,,,1,1,1,3,1
200800048305,0008-09-19 17:30:00,8,9,19,17,30,730,244,,45.44,6.49,Plein jour,Hors agglomération,Hors intersection,Normale,Deux véhicules - côté,,,,,,,,,,,1,1,1,1,3
200800048306,0008-09-07 16:15:00,8,9,7,16,15,730,248,avenue du Mont Cenis,45.276,6.351,Plein jour,En agglomération,Hors intersection,Normale,Deux véhicules - frontale,,,,,,,,,,,1,2,1,1,1
200800048307,0008-09-17 15:00:00,8,9,17,15,0,730,109,RUE DE LA MAIRIE,45.458,6.295,Plein jour,En agglomération,Hors intersection,Normale,Deux véhicules - côté,,,,,,,,,,,1,2,1,1,3
200800048308,0008-09-07 17:00:00,8,9,7,17,0,730,144,val cenis le haut,,,Plein jour,En agglomération,Hors intersection,Temps éblouissant,Deux véhicules - côté,,,,,,,,,,,1,2,1,7,3
200800048309,0008-09-23 17:15:00,8,9,23,17,15,730,157,AVENUE JEAN JAURES,45.2,6.661,Plein jour,En agglomération,Hors intersection,Normale,Deux véhicules - arrière,,,,,,,,,,,1,2,1,1,2
200800048310,0008-09-03 16:30:00,8,9,3,16,30,740,104,,,,Plein jour,Hors agglomération,Hors intersection,Normale,Deux véhicules - côté,,,,,,,,,,,1,1,1,1,3
200800048311,0008-09-24 16:00:00,8,9,24,16,0,740,104,,,,Plein jour,Hors agglomération,Autre intersection,Normale,Deux véhicules - frontale,,,,,,,,,,,1,1,9,1,1
200800048312,0008-09-28 06:00:00,8,9,28,6,0,740,167,,,,Nuit sans éclairage public,Hors agglomération,Hors intersection,Brouillard / fumée,Autre collision,,,,,,,,,,,3,1,1,5,6
200800048313,0008-09-03 09:00:00,8,9,3,9,0,740,61,,,,Plein jour,Hors agglomération,Hors intersection,Normale,Autre collision,,,,,,,,,,,1,1,1,1,6
200800048314,0008-09-08 15:15:00,8,9,8,15,15,740,297,,,,Plein jour,Hors agglomération,Intersection en T,Normale,Deux véhicules - côté,,,,,,,,,,,1,1,3,1,3
200800048315,0008-09-06 11:00:00,8,9,6,11,0,740,280,,,,Plein jour,En agglomération,Autre intersection,Temps couvert,Autre collision,,,,,,,,,,,1,2,9,8,6
200800048316,0008-09-01 16:15:00,8,9,1,16,15,740,24,route de marignier,,,Plein jour,En agglomération,Hors intersection,Normale,Trois véhicules et plus - collisions multiples,,,,,,,,,,,1,2,1,1,5
200800048317,0008-09-11 16:00:00,8,9,11,16,0,740,24,,,,Nuit sans éclairage public,Hors agglomération,Hors intersection,Temps couvert,Autre collision,,,,,,,,,,,3,1,1,8,6
200800048318,0008-09-28 02:30:00,8,9,28,2,30,740,24,,,,Nuit sans éclairage public,Hors agglomération,Hors intersection,Normale,Sans collision,,,,,,,,,,,3,1,1,1,7
200800048319,0008-09-03 15:45:00,8,9,3,15,45,740,264,av. de la route blanche,,,Plein jour,En agglomération,Hors intersection,Normale,Deux véhicules - côté,,,,,,,,,,,1,2,1,1,3
200800048320,0008-09-26 21:30:00,8,9,26,21,30,740,159,,,,Nuit sans éclairage public,Hors agglomération,Hors intersection,Normale,Autre collision,,,,,,,,,,,3,1,1,1,6
200800048321,0008-09-27 13:00:00,8,9,27,13,0,740,81,,,,Plein jour,Hors agglomération,Hors intersection,Normale,Sans collision,,,,,,,,,,,1,1,1,1,7
200800048322,0008-09-27 15:00:00,8,9,27,15,0,740,14,,,,Nuit sans éclairage public,Hors agglomération,Hors intersection,Normale,Sans collision,,,,,,,,,,,3,1,1,1,7
200800048323,0008-09-12 20:45:00,8,9,12,20,45,740,116,,,,Nuit sans éclairage public,Hors agglomération,Hors intersection,Pluie légère,Deux véhicules - frontale,,,,,,,,,,,3,1,1,2,1
200800048324,0008-09-04 17:45:00,8,9,4,17,45,740,256,1020 rue cancellieri,,,Plein jour,En agglomération,Hors intersection,Normale,Deux véhicules - frontale,,,,,,,,,,,1,2,1,1,1
200800048325,0008-09-19 07:45:00,8,9,19,7,45,740,256,ancienne route imperiale,,,Plein jour,En agglomération,Hors intersection,Pluie forte,Autre collision,,,,,,,,,,,1,2,1,3,6
200800048326,0008-09-29 20:15:00,8,9,29,20,15,740,44,,,,Nuit sans éclairage public,Hors agglomération,Hors intersection,Normale,Deux véhicules - côté,,,,,,,,,,,3,1,1,1,3
200800048327,0008-09-28 18:30:00,8,9,28,18,30,740,243,06 route d'annemasse,,,Plein jour,En agglomération,Hors intersection,Normale,Deux véhicules - frontale,,,,,,,,,,,1,2,1,1,1
200800048328,0008-09-02 17:15:00,8,9,2,17,15,740,94,,,,Plein jour,Hors agglomération,Hors intersection,Normale,Deux véhicules - côté,,,,,,,,,,,1,1,1,1,3
200800048329,0008-09-14 02:45:00,8,9,14,2,45,740,94,,,,Nuit sans éclairage public,Hors agglomération,Hors intersection,Normale,Autre collision,,,,,,,,,,,3,1,1,1,6
200800048330,0008-09-15 17:15:00,8,9,15,17,15,740,94,,46.193,6.294,Plein jour,Hors agglomération,Hors intersection,Normale,Deux véhicules - côté,,,,,,,,,,,1,1,1,1,3
200800048331,0008-09-22 06:15:00,8,9,22,6,15,740,197,,,,Nuit sans éclairage public,Hors agglomération,Hors intersection,Normale,Deux véhicules - frontale,,,,,,,,,,,3,1,1,1,1
200800048332,0008-09-25 13:30:00,8,9,25,13,30,740,229,,,,Plein jour,Hors agglomération,Passage à niveau,Normale,Deux véhicules - frontale,,,,,,,,,,,1,1,8,1,1
200800048333,0008-09-09 13:30:00,8,9,9,13,30,740,96,CD 15 route des droniere,,,Plein jour,En agglomération,Hors intersection,Normale,Deux véhicules - frontale,,,,,,,,,,,1,2,1,1,1
200800048334,0008-09-01 15:15:00,8,9,1,15,15,740,109,,,,Plein jour,Hors agglomération,Hors intersection,Normale,Deux véhicules - côté,,,,,,,,,,,1,1,1,1,3
200800048335,0008-09-02 15:30:00,8,9,2,15,30,740,78,,,,Plein jour,Hors agglomération,Hors intersection,Normale,Deux véhicules - frontale,,,,,,,,,,,1,1,1,1,1
200800048336,0008-09-27 10:30:00,8,9,27,10,30,740,55,,,,Plein jour,Hors agglomération,Hors intersection,Normale,Deux véhicules - côté,,,,,,,,,,,1,1,1,1,3
200800048337,0008-09-24 20:45:00,8,9,24,20,45,740,293,,,,Nuit sans éclairage public,Hors agglomération,Hors intersection,Normale,Deux véhicules - côté,,,,,,,,,,,3,1,1,1,3
200800048338,0008-09-07 17:00:00,8,9,7,17,0,740,63,,,,Plein jour,Hors agglomération,Hors intersection,Normale,Sans collision,,,,,,,,,,,1,1,1,1,7
200800048339,0008-09-26 14:15:00,8,9,26,14,15,740,1,,,,Plein jour,Hors agglomération,Hors intersection,Normale,Autre collision,,,,,,,,,,,1,1,1,1,6
200800048340,0008-09-29 15:30:00,8,9,29,15,30,740,301,,,,Plein jour,Hors agglomération,Hors intersection,Normale,Sans collision,,,,,,,,,,,1,1,1,1,7
200800048341,0008-09-07 19:00:00,8,9,7,19,0,740,238,,,,Plein jour,En agglomération,Hors intersection,Normale,Deux véhicules - frontale,,,,,,,,,,,1,2,1,1,1
200800048342,0008-09-08 10:15:00,8,9,8,10,15,740,271,,,,Plein jour,Hors agglomération,Hors intersection,Temps éblouissant,Deux véhicules - côté,,,,,,,,,,,1,1,1,7,3
200800048343,0008-09-12 10:15:00,8,9,12,10,15,740,271,"Lieu-dit ""Les Rossets""",46.252,6.621,Plein jour,En agglomération,Hors intersection,Pluie légère,Deux véhicules - côté,,,,,,,,,,,1,2,1,2,3
200800048344,0008-09-30 07:30:00,8,9,30,7,30,630,307,,45.722,3.092,Plein jour,Hors agglomération,Hors intersection,Normale,Autre collision,,,,,,,,,,,1,1,1,1,6
200800048345,0008-09-08 13:30:00,8,9,8,13,30,630,368,,,,Plein jour,Hors agglomération,Hors intersection,Normale,Deux véhicules - frontale,,,,,,,,,,,1,1,1,1,1
200800048346,0008-09-17 17:00:00,8,9,17,17,0,630,273,Avenue de l'Allier,45.732,3.242,Plein jour,En agglomération,Hors intersection,Normale,Autre collision,,,,,,,,,,,1,2,1,1,6
200800048347,0008-09-18 21:30:00,8,9,18,21,30,630,273,,45.726,3.224,Nuit sans éclairage public,Hors agglomération,Hors intersection,Pluie légère,Sans collision,,,,,,,,,,,3,1,1,2,7
200800048348,0008-09-20 21:45:00,8,9,20,21,45,630,168,,45.76,3.39,Nuit sans éclairage public,Hors agglomération,Hors intersection,Normale,Sans collision,,,,,,,,,,,3,1,1,1,7
200800048349,0008-09-10 18:15:00,8,9,10,18,15,630,263,,,,Plein jour,Hors agglomération,Hors intersection,Normale,Trois véhicules et plus - collisions multiples,,,,,,,,,,,1,1,1,1,5
200800048350,0008-09-04 08:15:00,8,9,4,8,15,630,200,,,,Plein jour,Hors agglomération,Hors intersection,Pluie légère,Sans collision,,,,,,,,,,,1,1,1,2,7
200800048351,0008-09-04 08:15:00,8,9,4,8,15,630,120,,45.65,3.19,Plein jour,Hors agglomération,Hors intersection,Temps couvert,Sans collision,,,,,,,,,,,1,1,1,8,7
200800048352,0008-09-06 12:00:00,8,9,6,12,0,630,84,,45.71,3.05,Plein jour,Hors agglomération,Hors intersection,Pluie légère,Sans collision,,,,,,,,,,,1,1,1,2,7
200800048353,0008-09-28 16:30:00,8,9,28,16,30,630,368,,45.69,3.28,Plein jour,Hors agglomération,Hors intersection,Normale,Deux véhicules - arrière,,,,,,,,,,,1,1,1,1,2
200800048354,0008-09-25 23:00:00,8,9,25,23,0,630,77,,45.576,2.883,Nuit sans éclairage public,Hors agglomération,Hors intersection,Normale,Sans collision,,,,,,,,,,,3,1,1,1,7
200800048355,0008-09-01 17:00:00,8,9,1,17,0,630,448,,45.483,3.489,Plein jour,Hors agglomération,Hors intersection,Normale,Sans collision,,,,,,,,,,,1,1,1,1,7
200800048356,0008-09-29 18:00:00,8,9,29,18,0,630,372,,,,Plein jour,Hors agglomération,Hors intersection,Normale,Autre collision,,,,,,,,,,,1,1,1,1,6
200800048357,0008-09-07 15:30:00,8,9,7,15,30,630,206,,45.965,2.959,Plein jour,Hors agglomération,Hors intersection,Normale,Deux véhicules - côté,,,,,,,,,,,1,1,1,1,3
200800048358,0008-09-04 13:00:00,8,9,4,13,0,630,381,,,,Plein jour,Hors agglomération,Hors intersection,Autre,Deux véhicules - frontale,,,,,,,,,,,1,1,1,9,1
200800048359,0008-09-30 18:45:00,8,9,30,18,45,630,165,,45.801,2.497,Plein jour,Hors agglomération,Hors intersection,Normale,Sans collision,,,,,,,,,,,1,1,1,1,7
200800048360,0008-09-13 14:15:00,8,9,13,14,15,630,430,Avenue Leo Lagrange,45.851,3.53,Plein jour,En agglomération,Giratoire,Pluie légère,Deux véhicules - côté,,,,,,,,,,,1,2,6,2,3
200800048361,0008-09-17 10:45:00,8,9,17,10,45,630,420,,,,Plein jour,Hors agglomération,Hors intersection,Normale,Autre collision,,,,,,,,,,,1,1,1,1,6
200800048362,0008-09-13 17:45:00,8,9,13,17,45,630,128,11 Allee de la Bresle,45.914,3.37,Plein jour,En agglomération,Autre intersection,Normale,Deux véhicules - frontale,,,,,,,,,,,1,2,9,1,1
200800048363,0008-09-29 14:15:00,8,9,29,14,15,630,210,Rue Bodet Lafarge,,,Plein jour,En agglomération,Hors intersection,Normale,Autre collision,,,,,,,,,,,1,2,1,1,6
200800048364,0008-09-27 10:15:00,8,9,27,10,15,30,11,route de St Ennemond,46.691,3.3,Plein jour,En agglomération,Hors intersection,Normale,Autre collision,,,,,,,,,,,1,2,1,1,6
200800048365,0008-09-12 18:30:00,8,9,12,18,30,30,128,,,,Plein jour,Hors agglomération,Hors intersection,Normale,Deux véhicules - côté,,,,,,,,,,,1,1,1,1,3
200800048366,0008-09-19 16:00:00,8,9,19,16,0,30,150,,,,Plein jour,Hors agglomération,Intersection en T,Normale,Deux véhicules - côté,,,,,,,,,,,1,1,3,1,3
200800048367,0008-09-28 06:15:00,8,9,28,6,15,30,33,,46.201,3.496,Nuit sans éclairage public,Hors agglomération,Hors intersection,Normale,Sans collision,,,,,,,,,,,3,1,1,1,7
200800048368,0008-09-12 22:45:00,8,9,12,22,45,30,22,,46.199,3.042,Nuit sans éclairage public,Hors agglomération,Hors intersection,Pluie légère,Deux véhicules - arrière,,,,,,,,,,,3,1,1,2,2
200800048369,0008-09-02 11:15:00,8,9,2,11,15,30,226,,46.376,3.864,Plein jour,Hors agglomération,Hors intersection,Normale,Trois véhicules et plus - collisions multiples,,,,,,,,,,,1,1,1,1,5
200800048370,0008-09-07 12:30:00,8,9,7,12,30,30,284,,46.396,3.552,Plein jour,Hors agglomération,Hors intersection,Normale,Autre collision,,,,,,,,,,,1,1,1,1,6
200800048371,0008-09-17 11:30:00,8,9,17,11,30,30,165,Route de VICHY,,,Plein jour,En agglomération,Intersection en X,Normale,Deux véhicules - côté,,,,,,,,,,,1,2,2,1,3
200800048372,0008-09-07 07:15:00,8,9,7,7,15,150,143,,45.001,2.267,Crépuscule ou aube,Hors agglomération,Hors intersection,Normale,Autre collision,,,,,,,,,,,2,1,1,1,6
200800048373,0008-09-06 11:00:00,8,9,6,11,0,150,196,,44.864,2.293,Plein jour,Hors agglomération,Hors intersection,Pluie légère,Deux véhicules - frontale,,,,,,,,,,,1,1,1,2,1
200800048374,0008-09-10 17:15:00,8,9,10,17,15,150,122,,44.732,2.157,Plein jour,Hors agglomération,Hors intersection,Temps éblouissant,Deux véhicules - côté,,,,,,,,,,,1,1,1,7,3
200800048375,0008-09-21 13:15:00,8,9,21,13,15,150,268,20 rue de Cote Rouge,,,Plein jour,En agglomération,Hors intersection,Normale,Deux véhicules - côté,,,,,,,,,,,1,2,1,1,3
200800048376,0008-09-10 09:30:00,8,9,10,9,30,150,162,,45.315,2.679,Plein jour,Hors agglomération,Hors intersection,Normale,Deux véhicules - frontale,,,,,,,,,,,1,1,1,1,1
200800048377,0008-09-24 14:30:00,8,9,24,14,30,150,265,,,,Plein jour,Hors agglomération,Hors intersection,Normale,Deux véhicules - frontale,,,,,,,,,,,1,1,1,1,1
200800048378,0008-09-16 14:00:00,8,9,16,14,0,150,187,cours spy les ternes,45.037,3.088,Plein jour,En agglomération,Hors intersection,Normale,Autre collision,,,,,,,,,,,1,2,1,1,6
200800048379,0008-09-19 16:15:00,8,9,19,16,15,150,68,,44.969,3.164,Plein jour,Hors agglomération,Hors intersection,Normale,Deux véhicules - côté,,,,,,,,,,,1,1,1,1,3
200800048380,0008-09-02 18:30:00,8,9,2,18,30,430,111,voie communale,44.842,3.832,Plein jour,En agglomération,Hors intersection,Normale,Deux véhicules - frontale,,,,,,,,,,,1,2,1,1,1
200800048381,0008-09-08 09:00:00,8,9,8,9,0,430,111,,44.853,3.838,Plein jour,Hors agglomération,Hors intersection,Normale,Deux véhicules - frontale,,,,,,,,,,,1,1,1,1,1
200800048382,0008-09-07 19:45:00,8,9,7,19,45,430,241,D27 PK 11 + 800,44.974,3.881,Plein jour,En agglomération,Hors intersection,Normale,Deux véhicules - côté,,,,,,,,,,,1,2,1,1,3