accident_id,datetime,annee,mois,jour,heure,minute,departement,commune_insee,adresse,latitude,longitude,luminosite,agglomeration,intersection,meteo,collision,nb_vehicules,nb_usagers,nb_indemnes,nb_tues,nb_blesses_hosp,nb_blesses_legers,age_cond_1,age_cond_2,veh_type_cond_1,veh_type_cond_2,lum_code,agg_code,int_code,atm_code,col_code
200800048383,0008-09-08 19:45:00,8,9,8,19,45,430,42,,44.945,3.819,Plein jour,Hors agglomération,Hors intersection,Normale,Autre collision,,,,,,,,,,,1,1,1,1,6
200800048384,0008-09-14 18:30:00,8,9,14,18,30,430,267,pont de l'arzon,45.188,3.912,Plein jour,En agglomération,Hors intersection,Normale,Autre collision,,,,,,,,,,,1,2,1,1,6
200800048385,0008-09-29 18:15:00,8,9,29,18,15,430,230,,,,Plein jour,Hors agglomération,Hors intersection,Normale,Deux véhicules - côté,,,,,,,,,,,1,1,1,1,3
200800048386,0008-09-04 14:30:00,8,9,4,14,30,430,234,,44.965,3.546,Plein jour,En agglomération,Hors intersection,Normale,Autre collision,,,,,,,,,,,1,2,1,1,6
200800048387,0008-09-05 17:15:00,8,9,5,17,15,430,234,,44.92,3.702,Plein jour,Hors agglomération,Hors intersection,Normale,Autre collision,,,,,,,,,,,1,1,1,1,6
200800048388,0008-09-27 12:45:00,8,9,27,12,45,430,200,,45.012,3.996,Plein jour,Hors agglomération,Hors intersection,Normale,Deux véhicules - côté,,,,,,,,,,,1,1,1,1,3
200800048389,0008-09-08 18:15:00,8,9,8,18,15,430,71,,45.267,3.827,Plein jour,Hors agglomération,Hors intersection,Normale,Deux véhicules - côté,,,,,,,,,,,1,1,1,1,3
200800048390,0008-09-24 17:30:00,8,9,24,17,30,430,80,,45.347,3.869,Plein jour,Hors agglomération,Hors intersection,Normale,Autre collision,,,,,,,,,,,1,1,1,1,6
200800048391,0008-09-11 11:00:00,8,9,11,11,0,430,40,Avenue d'Auvergne,45.323,3.372,Plein jour,En agglomération,Hors intersection,Normale,Deux véhicules - frontale,,,,,,,,,,,1,2,1,1,1
200800048392,0008-09-18 21:15:00,8,9,18,21,15,430,232,Le Marcet,45.213,3.499,Nuit avec éclairage allumé,En agglomération,Hors intersection,Pluie légère,Autre collision,,,,,,,,,,,5,2,1,2,6
200800048393,0008-09-21 18:00:00,8,9,21,18,0,430,100,,45.279,3.476,Plein jour,Hors agglomération,Hors intersection,Normale,Sans collision,,,,,,,,,,,1,1,1,1,7
200800048394,0008-09-06 10:45:00,8,9,6,10,45,430,268,,45.171,4.059,Plein jour,Hors agglomération,Hors intersection,Temps couvert,Autre collision,,,,,,,,,,,1,1,1,8,6
200800048395,0008-09-08 17:45:00,8,9,8,17,45,430,268,,45.166,4.17,Plein jour,Hors agglomération,Hors intersection,Normale,Autre collision,,,,,,,,,,,1,1,1,1,6
200800048396,0008-09-20 17:15:00,8,9,20,17,15,430,268,,,,Plein jour,Hors agglomération,Hors intersection,Normale,Deux véhicules - arrière,,,,,,,,,,,1,1,1,1,2
200800048397,0008-09-23 19:30:00,8,9,23,19,30,430,137,,45.285,4.183,Plein jour,Hors agglomération,Hors intersection,Normale,Deux véhicules - frontale,,,,,,,,,,,1,1,1,1,1
200800048398,0008-09-17 12:15:00,8,9,17,12,15,430,51,,45.073,4.296,Plein jour,Hors agglomération,Intersection en T,Normale,Deux véhicules - côté,,,,,,,,,,,1,1,3,1,3
200800048399,0008-09-08 09:00:00,8,9,8,9,0,570,620,,49.216,5.995,Plein jour,Hors agglomération,Hors intersection,Normale,Deux véhicules - arrière,,,,,,,,,,,1,1,1,1,2
200800048400,0008-09-24 08:00:00,8,9,24,8,0,570,620,19 rue d'Ars,,,Plein jour,En agglomération,Hors intersection,Normale,Deux véhicules - frontale,,,,,,,,,,,1,2,1,1,1
200800048401,0008-09-03 19:00:00,8,9,3,19,0,570,39,,,,Plein jour,Hors agglomération,Hors intersection,Temps couvert,Deux véhicules - frontale,,,,,,,,,,,1,1,1,8,1
200800048402,0008-09-28 18:45:00,8,9,28,18,45,570,445,D68A,,,Plein jour,En agglomération,Hors intersection,Normale,Sans collision,,,,,,,,,,,1,2,1,1,7
200800048403,0008-09-01 16:15:00,8,9,1,16,15,570,663,Rue  des chenes,,,Plein jour,En agglomération,Hors intersection,Normale,Deux véhicules - arrière,,,,,,,,,,,1,2,1,1,2
200800048404,0008-09-02 11:30:00,8,9,2,11,30,570,156,02 rue de Metz-CD 999,,,Plein jour,En agglomération,Hors intersection,Normale,Deux véhicules - frontale,,,,,,,,,,,1,2,1,1,1
200800048405,0008-09-08 18:00:00,8,9,8,18,0,570,534,,,,Plein jour,Hors agglomération,Hors intersection,Normale,Deux véhicules - côté,,,,,,,,,,,1,1,1,1,3
200800048406,0008-09-08 19:15:00,8,9,8,19,15,570,218,,,,Plein jour,Hors agglomération,Intersection en X,Normale,Trois véhicules et plus - collisions multiples,,,,,,,,,,,1,1,2,1,5
200800048407,0008-09-14 12:30:00,8,9,14,12,30,570,534,,,,Plein jour,Hors agglomération,Hors intersection,Normale,Deux véhicules - frontale,,,,,,,,,,,1,1,1,1,1
200800048408,0008-09-26 08:00:00,8,9,26,8,0,570,695,,,,Plein jour,Hors agglomération,Hors intersection,Normale,Sans collision,,,,,,,,,,,1,1,1,1,7
200800048409,0008-09-29 16:45:00,8,9,29,16,45,570,187,Rue Principale,,,Plein jour,En agglomération,Hors intersection,Normale,Autre collision,,,,,,,,,,,1,2,1,1,6
200800048410,0008-09-21 04:45:00,8,9,21,4,45,570,681,,49.265,6.591,Nuit sans éclairage public,Hors agglomération,Hors intersection,Normale,Autre collision,,,,,,,,,,,3,1,1,1,6
200800048411,0008-09-25 21:45:00,8,9,25,21,45,570,668,,49.065,6.675,Nuit sans éclairage public,Hors agglomération,Hors intersection,Normale,Deux véhicules - frontale,,,,,,,,,,,3,1,1,1,1
200800048412,0008-09-15 13:30:00,8,9,15,13,30,570,132,RUE DE STRASBOURG,,,Plein jour,En agglomération,Hors intersection,Normale,Deux véhicules - côté,,,,,,,,,,,1,2,1,1,3
200800048413,0008-09-22 17:30:00,8,9,22,17,30,570,391,,,,Plein jour,Hors agglomération,Hors intersection,Normale,Sans collision,,,,,,,,,,,1,1,1,1,7
200800048414,0008-09-09 14:30:00,8,9,9,14,30,570,318,,,,Plein jour,Hors agglomération,Hors intersection,Normale,Deux véhicules - côté,,,,,,,,,,,1,1,1,1,3
200800048415,0008-09-12 16:45:00,8,9,12,16,45,570,566,,48.74,7.12,Plein jour,Hors agglomération,Hors intersection,Normale,Trois véhicules et plus - collisions multiples,,,,,,,,,,,1,1,1,1,5
200800048416,0008-09-21 02:30:00,8,9,21,2,30,570,42,Rue de Lorraine,,,Nuit sans éclairage public,En agglomération,Hors intersection,Normale,Autre collision,,,,,,,,,,,3,2,1,1,6
200800048417,0008-09-14 13:30:00,8,9,14,13,30,570,427,,48.748,7.251,Plein jour,Hors agglomération,Hors intersection,Normale,Autre collision,,,,,,,,,,,1,1,1,1,6
200800048418,0008-09-28 18:15:00,8,9,28,18,15,570,163,,,,Plein jour,Hors agglomération,Intersection en T,Normale,Deux véhicules - côté,,,,,,,,,,,1,1,3,1,3
200800048419,0008-09-13 20:15:00,8,9,13,20,15,570,752,,49.095,6.985,Nuit sans éclairage public,Hors agglomération,Hors intersection,Temps couvert,Deux véhicules - frontale,,,,,,,,,,,3,1,1,8,1
200800048420,0008-09-20 17:00:00,8,9,20,17,0,570,348,,49.117,7.046,Plein jour,Hors agglomération,Hors intersection,Normale,Deux véhicules - arrière,,,,,,,,,,,1,1,1,1,2
200800048421,0008-09-28 17:15:00,8,9,28,17,15,570,260,,49.16,6.982,Plein jour,Hors agglomération,Hors intersection,Normale,Deux véhicules - frontale,,,,,,,,,,,1,1,1,1,1
200800048422,0008-09-29 15:30:00,8,9,29,15,30,570,250,,,,Plein jour,Hors agglomération,Hors intersection,Normale,Deux véhicules - côté,,,,,,,,,,,1,1,1,1,3
200800048423,0008-09-10 07:00:00,8,9,10,7,0,570,269,Boulevard sous les vigne,,,Crépuscule ou aube,En agglomération,Hors intersection,Pluie légère,Deux véhicules - côté,,,,,,,,,,,2,2,1,2,3
200800048424,0008-09-25 20:00:00,8,9,25,20,0,570,650,Rue de la gare,49.448,6.349,Nuit avec éclairage allumé,En agglomération,Hors intersection,Normale,Sans collision,,,,,,,,,,,5,2,1,1,7
200800048425,0008-09-12 09:30:00,8,9,12,9,30,570,474,RUE DE METZ,,,Nuit avec éclairage allumé,En agglomération,Autre intersection,Normale,Deux véhicules - frontale,,,,,,,,,,,5,2,9,1,1
200800048426,0008-09-17 06:45:00,8,9,17,6,45,540,296,,48.7,6.3,Crépuscule ou aube,Hors agglomération,Hors intersection,Normale,Autre collision,,,,,,,,,,,2,1,1,1,6
200800048427,0008-09-16 12:00:00,8,9,16,12,0,540,430,rue du General De Gaulle,,,Plein jour,En agglomération,Hors intersection,Normale,Deux véhicules - côté,,,,,,,,,,,1,2,1,1,3
200800048428,0008-09-17 00:30:00,8,9,17,0,30,540,115,rue Jean Jaures,,,Nuit avec éclairage allumé,En agglomération,Hors intersection,Normale,Sans collision,,,,,,,,,,,5,2,1,1,7
200800048429,0008-09-25 21:00:00,8,9,25,21,0,540,215,,,,Nuit sans éclairage public,Hors agglomération,Hors intersection,Normale,Trois véhicules et plus - en chaîne,,,,,,,,,,,3,1,1,1,4
200800048430,0008-09-28 12:30:00,8,9,28,12,30,540,186,,,,Plein jour,En agglomération,Hors intersection,Normale,Sans collision,,,,,,,,,,,1,2,1,1,7
200800048431,0008-09-17 20:30:00,8,9,17,20,30,540,416,rue de la Croix,,,Crépuscule ou aube,En agglomération,Hors intersection,Normale,Autre collision,,,,,,,,,,,2,2,1,1,6
200800048432,0008-09-04 03:45:00,8,9,4,3,45,540,581,,,,Nuit sans éclairage public,Hors agglomération,Hors intersection,Autre,Autre collision,,,,,,,,,,,3,1,1,9,6
200800048433,0008-09-08 13:45:00,8,9,8,13,45,540,249,,,,Plein jour,Hors agglomération,Hors intersection,Normale,Sans collision,,,,,,,,,,,1,1,1,1,7
200800048434,0008-09-13 22:45:00,8,9,13,22,45,540,277,37 rue de verdun,,,Nuit avec éclairage allumé,En agglomération,Hors intersection,Pluie légère,Autre collision,,,,,,,,,,,5,2,1,2,6
200800048435,0008-09-05 00:01:00,8,9,5,0,1,540,290,,,,Nuit sans éclairage public,Hors agglomération,Hors intersection,Pluie légère,Autre collision,,,,,,,,,,,3,1,1,2,6
200800048436,0008-09-19 06:45:00,8,9,19,6,45,540,514,,,,Crépuscule ou aube,Hors agglomération,Hors intersection,Normale,Deux véhicules - frontale,,,,,,,,,,,2,1,1,1,1
200800048437,0008-09-27 16:00:00,8,9,27,16,0,540,138,,,,Plein jour,Hors agglomération,Hors intersection,Normale,Deux véhicules - côté,,,,,,,,,,,1,1,1,1,3
200800048438,0008-09-04 22:00:00,8,9,4,22,0,540,18,25 rue PASTEUR,,,Nuit avec éclairage allumé,En agglomération,Hors intersection,Normale,Deux véhicules - côté,,,,,,,,,,,5,2,1,1,3
200800048439,0008-09-27 13:45:00,8,9,27,13,45,540,69,,,,Plein jour,Hors agglomération,Intersection en T,Normale,Deux véhicules - frontale,,,,,,,,,,,1,1,3,1,1
200800048440,0008-09-08 08:15:00,8,9,8,8,15,540,588,RD400,48.606,6.442,Plein jour,En agglomération,Hors intersection,Normale,Deux véhicules - côté,,,,,,,,,,,1,2,1,1,3
200800048441,0008-09-05 22:15:00,8,9,5,22,15,540,152,,48.561,6.391,Nuit sans éclairage public,Hors agglomération,Hors intersection,Normale,Autre collision,,,,,,,,,,,3,1,1,1,6
200800048442,0008-09-07 21:00:00,8,9,7,21,0,540,259,,48.541,6.758,Nuit sans éclairage public,Hors agglomération,Hors intersection,Normale,Deux véhicules - frontale,,,,,,,,,,,3,1,1,1,1
200800048443,0008-09-28 10:30:00,8,9,28,10,30,540,75,,48.491,6.96,Plein jour,Hors agglomération,Hors intersection,Normale,Sans collision,,,,,,,,,,,1,1,1,1,7
200800048444,0008-09-14 17:30:00,8,9,14,17,30,540,73,,,,Plein jour,Hors agglomération,Hors intersection,Normale,Deux véhicules - frontale,,,,,,,,,,,1,1,1,1,1
200800048445,0008-09-26 07:00:00,8,9,26,7,0,540,232,RUE DE FONTENOY,,,Crépuscule ou aube,En agglomération,Hors intersection,Normale,Deux véhicules - frontale,,,,,,,,,,,2,2,1,1,1
200800048446,0008-09-10 21:45:00,8,9,10,21,45,540,463,,,,Nuit avec éclairage allumé,Hors agglomération,Hors intersection,Normale,Autre collision,,,,,,,,,,,5,1,1,1,6
200800048447,0008-09-24 17:15:00,8,9,24,17,15,550,120,,48.738,5.107,Plein jour,Hors agglomération,Hors intersection,Normale,Sans collision,,,,,,,,,,,1,1,1,1,7
200800048448,0008-09-21 20:30:00,8,9,21,20,30,550,132,,48.613,5.103,Nuit sans éclairage public,Hors agglomération,Hors intersection,Normale,Autre collision,,,,,,,,,,,3,1,1,1,6
200800048449,0008-09-14 13:45:00,8,9,14,13,45,550,122,,48.764,5.605,Plein jour,Hors agglomération,Hors intersection,Normale,Sans collision,,,,,,,,,,,1,1,1,1,7
200800048450,0008-09-24 12:00:00,8,9,24,12,0,550,448,,48.888,5.409,Plein jour,Hors agglomération,Autre intersection,Normale,Sans collision,,,,,,,,,,,1,1,9,1,7
200800048451,0008-09-22 16:45:00,8,9,22,16,45,550,59,,,,Plein jour,Hors agglomération,Hors intersection,Normale,Autre collision,,,,,,,,,,,1,1,1,1,6
200800048452,0008-09-25 16:00:00,8,9,25,16,0,550,498,,49.047,5.29,Plein jour,Hors agglomération,Hors intersection,Normale,Sans collision,,,,,,,,,,,1,1,1,1,7
200800048453,0008-09-02 08:00:00,8,9,2,8,0,550,181,,49.25,5.66,Plein jour,Hors agglomération,Hors intersection,Normale,Deux véhicules - frontale,,,,,,,,,,,1,1,1,1,1
200800048454,0008-09-10 23:45:00,8,9,10,23,45,550,443,,,,Nuit sans éclairage public,Hors agglomération,Hors intersection,Normale,Sans collision,,,,,,,,,,,3,1,1,1,7
200800048455,0008-09-07 00:30:00,8,9,7,0,30,880,142,,,,Nuit sans éclairage public,Hors agglomération,Hors intersection,Temps couvert,Sans collision,,,,,,,,,,,3,1,1,8,7
200800048456,0008-09-27 18:30:00,8,9,27,18,30,880,465,18 rue de Lorraine,48.257,6.419,Plein jour,En agglomération,Hors intersection,Normale,Deux véhicules - frontale,,,,,,,,,,,1,2,1,1,1
200800048457,0008-09-01 16:45:00,8,9,1,16,45,880,225,intersection d34/d44,,,Plein jour,En agglomération,Hors intersection,Normale,Deux véhicules - frontale,,,,,,,,,,,1,2,1,1,1
200800048458,0008-09-29 22:15:00,8,9,29,22,15,880,400,,,,Nuit sans éclairage public,Hors agglomération,Hors intersection,Normale,Autre collision,,,,,,,,,,,3,1,1,1,6
200800048459,0008-09-13 12:30:00,8,9,13,12,30,880,114,422 rue Ernest DAUDET,48.189,5.894,Plein jour,En agglomération,Hors intersection,Pluie légère,Deux véhicules - arrière,,,,,,,,,,,1,2,1,2,2
200800048460,0008-09-16 18:30:00,8,9,16,18,30,880,114,Rue du Bois d'Hazeau,,,Plein jour,En agglomération,Hors intersection,Normale,Autre collision,,,,,,,,,,,1,2,1,1,6
200800048461,0008-09-07 15:30:00,8,9,7,15,30,880,250,,48.113,6.585,Plein jour,Hors agglomération,Hors intersection,Pluie légère,Deux véhicules - frontale,,,,,,,,,,,1,1,1,2,1
200800048462,0008-09-21 20:30:00,8,9,21,20,30,880,250,route de Chenimenil,48.119,6.57,Nuit sans éclairage public,En agglomération,Hors intersection,Normale,Deux véhicules - frontale,,,,,,,,,,,3,2,1,1,1
200800048463,0008-09-02 12:15:00,8,9,2,12,15,880,467,,,,Plein jour,En agglomération,Hors intersection,Normale,Deux véhicules - frontale,,,,,,,,,,,1,2,1,1,1
200800048464,0008-09-10 19:45:00,8,9,10,19,45,880,447,,47.949,6.786,Crépuscule ou aube,Hors agglomération,Hors intersection,Normale,Sans collision,,,,,,,,,,,2,1,1,1,7
200800048465,0008-09-14 14:45:00,8,9,14,14,45,880,75,,48.052,6.968,Plein jour,Hors agglomération,Hors intersection,Normale,Sans collision,,,,,,,,,,,1,1,1,1,7
200800048466,0008-09-29 16:30:00,8,9,29,16,30,880,75,,,,Plein jour,Hors agglomération,Hors intersection,Normale,Deux véhicules - côté,,,,,,,,,,,1,1,1,1,3
200800048467,0008-09-08 07:30:00,8,9,8,7,30,880,445,"N?1, rue Raymond PANIN",,,Plein jour,En agglomération,Autre intersection,Normale,Autre collision,,,,,,,,,,,1,2,9,1,6
200800048468,0008-09-27 10:15:00,8,9,27,10,15,880,218,rue de Lattre de Tassign,48.15,6.79,Plein jour,En agglomération,Hors intersection,Normale,Autre collision,,,,,,,,,,,1,2,1,1,6
200800048469,0008-09-14 05:45:00,8,9,14,5,45,880,531,,,,Nuit sans éclairage public,Hors agglomération,Hors intersection,Normale,Autre collision,,,,,,,,,,,3,1,1,1,6
200800048470,0008-09-24 18:15:00,8,9,24,18,15,880,128,ROUTE D HURBACHE,48.348,6.961,Plein jour,En agglomération,Hors intersection,Normale,Deux véhicules - frontale,,,,,,,,,,,1,2,1,1,1
200800048471,0008-09-28 10:45:00,8,9,28,10,45,880,53,03 grande rue,48.413,7.055,Plein jour,En agglomération,Hors intersection,Normale,Trois véhicules et plus - en chaîne,,,,,,,,,,,1,2,1,1,4
200800048472,0008-09-04 13:30:00,8,9,4,13,30,670,378,30 rue du Rhin,48.471,7.73,Plein jour,En agglomération,Hors intersection,Pluie légère,Deux véhicules - frontale,,,,,,,,,,,1,2,1,2,1
200800048473,0008-09-15 16:30:00,8,9,15,16,30,670,137,RUE DE L EGLISE,48.493,7.698,Plein jour,En agglomération,Hors intersection,Normale,Autre collision,,,,,,,,,,,1,2,1,1,6
200800048474,0008-09-26 16:00:00,8,9,26,16,0,670,131,rue Fusiliers Marins,48.494,7.729,Plein jour,En agglomération,Hors intersection,Normale,Deux véhicules - côté,,,,,,,,,,,1,2,1,1,3
200800048475,0008-09-05 16:15:00,8,9,5,16,15,670,130,,48.414,7.68,Plein jour,Hors agglomération,Hors intersection,Normale,Sans collision,,,,,,,,,,,1,1,1,1,7
200800048476,0008-09-01 20:30:00,8,9,1,20,30,670,348,,48.43,7.42,Crépuscule ou aube,Hors agglomération,Hors intersection,Normale,Autre collision,,,,,,,,,,,2,1,1,1,6
200800048477,0008-09-04 08:45:00,8,9,4,8,45,670,497,,,,Plein jour,Hors agglomération,Hors intersection,Pluie légère,Deux véhicules - frontale,,,,,,,,,,,1,1,1,2,1
200800048478,0008-09-07 09:30:00,8,9,7,9,30,670,46,CD29,,,Plein jour,En agglomération,Hors intersection,Normale,Deux véhicules - côté,,,,,,,,,,,1,2,1,1,3
200800048479,0008-09-26 13:15:00,8,9,26,13,15,670,313,,48.543,7.469,Nuit sans éclairage public,Hors agglomération,Hors intersection,Normale,Sans collision,,,,,,,,,,,3,1,1,1,7
200800048480,0008-09-06 11:45:00,8,9,6,11,45,670,299,,,,Plein jour,Hors agglomération,Hors intersection,Pluie légère,Autre collision,,,,,,,,,,,1,1,1,2,6
200800048481,0008-09-12 16:00:00,8,9,12,16,0,670,45,,,,Plein jour,Hors agglomération,Hors intersection,Temps couvert,Sans collision,,,,,,,,,,,1,1,1,8,7
200800048482,0008-09-03 04:15:00,8,9,3,4,15,670,441,,48.849,7.584,Nuit sans éclairage public,Hors agglomération,Hors intersection,Pluie légère,Sans collision,,,,,,,,,,,3,1,1,2,7
200800048483,0008-09-04 18:15:00,8,9,4,18,15,670,347,,48.856,7.517,Plein jour,Hors agglomération,Hors intersection,Pluie légère,Deux véhicules - frontale,,,,,,,,,,,1,1,1,2,1
200800048484,0008-09-25 14:15:00,8,9,25,14,15,670,222,,,,Plein jour,En agglomération,Hors intersection,Normale,Autre collision,,,,,,,,,,,1,2,1,1,6
200800048485,0008-09-04 06:30:00,8,9,4,6,30,670,89,,48.749,7.421,Nuit sans éclairage public,Hors agglomération,Hors intersection,Pluie légère,Deux véhicules - frontale,,,,,,,,,,,3,1,1,2,1
200800048486,0008-09-20 03:45:00,8,9,20,3,45,670,275,,,,Nuit sans éclairage public,Hors agglomération,Hors intersection,Normale,Autre collision,,,,,,,,,,,3,1,1,1,6
200800048487,0008-09-02 16:15:00,8,9,2,16,15,670,265,,,,Plein jour,Hors agglomération,Hors intersection,Normale,Autre collision,,,,,,,,,,,1,1,1,1,6
200800048488,0008-09-16 12:30:00,8,9,16,12,30,670,191,9 RUE DE KESKASTEL,,,Plein jour,En agglomération,Hors intersection,Normale,Deux véhicules - arrière,,,,,,,,,,,1,2,1,1,2
200800048489,0008-09-20 22:45:00,8,9,20,22,45,670,99,Face 4 B Rue Principale,,,Nuit avec éclairage allumé,En agglomération,Hors intersection,Normale,Autre collision,,,,,,,,,,,5,2,1,1,6
200800048490,0008-09-27 10:00:00,8,9,27,10,0,670,514,,,,Plein jour,Hors agglomération,Hors intersection,Normale,Deux véhicules - côté,,,,,,,,,,,1,1,1,1,3
200800048491,0008-09-26 16:00:00,8,9,26,16,0,670,119,rue du General Leclerc,48.68,7.69,Plein jour,En agglomération,Hors intersection,Normale,Deux véhicules - côté,,,,,,,,,,,1,2,1,1,3
200800048492,0008-09-01 17:30:00,8,9,1,17,30,670,202,CD421,48.76,7.584,Plein jour,En agglomération,Hors intersection,Normale,Deux véhicules - frontale,,,,,,,,,,,1,2,1,1,1
200800048493,0008-09-02 17:45:00,8,9,2,17,45,670,402,,48.833,7.614,Plein jour,Hors agglomération,Autre intersection,Normale,Deux véhicules - côté,,,,,,,,,,,1,1,9,1,3
200800048494,0008-09-21 18:00:00,8,9,21,18,0,670,423,,48.71,7.514,Plein jour,Hors agglomération,Hors intersection,Normale,Sans collision,,,,,,,,,,,1,1,1,1,7
200800048495,0008-09-20 19:00:00,8,9,20,19,0,670,163,Rue Merciere,48.7,7.56,Crépuscule ou aube,En agglomération,Hors intersection,Normale,Deux véhicules - côté,,,,,,,,,,,2,2,1,1,3
200800048496,0008-09-30 22:30:00,8,9,30,22,30,670,73,RN 59,48.28,7.404,Nuit avec éclairage allumé,En agglomération,Hors intersection,Pluie légère,Autre collision,,,,,,,,,,,5,2,1,2,6
200800048497,0008-09-25 18:30:00,8,9,25,18,30,670,311,rue welschinger,,,Plein jour,En agglomération,Hors intersection,Normale,Deux véhicules - frontale,,,,,,,,,,,1,2,1,1,1
200800048498,0008-09-27 15:45:00,8,9,27,15,45,670,463,64 rue principale,,,Plein jour,En agglomération,Hors intersection,Normale,Deux véhicules - arrière,,,,,,,,,,,1,2,1,1,2
200800048499,0008-09-20 14:30:00,8,9,20,14,30,670,404,rd 76,48.909,7.951,Plein jour,En agglomération,Hors intersection,Normale,Deux véhicules - arrière,,,,,,,,,,,1,2,1,1,2
200800048500,0008-09-06 22:45:00,8,9,6,22,45,680,172,RUE PRINCIPALE,,,Nuit avec éclairage allumé,En agglomération,Hors intersection,Normale,Autre collision,,,,,,,,,,,5,2,1,1,6
200800048501,0008-09-09 16:00:00,8,9,9,16,0,680,36,,,,Plein jour,Hors agglomération,Hors intersection,Normale,Deux véhicules - frontale,,,,,,,,,,,1,1,1,1,1
200800048502,0008-09-12 10:30:00,8,9,12,10,30,680,269,Route de Bergheim,,,Plein jour,En agglomération,Hors intersection,Normale,Autre collision,,,,,,,,,,,1,2,1,1,6
200800048503,0008-09-27 17:45:00,8,9,27,17,45,680,298,,48.25,7.219,Crépuscule ou aube,Hors agglomération,Hors intersection,Normale,Deux véhicules - frontale,,,,,,,,,,,2,1,1,1,1
200800048504,0008-09-13 10:00:00,8,9,13,10,0,680,338,,48.089,7.29,Plein jour,Hors agglomération,Autre intersection,Pluie légère,Deux véhicules - arrière,,,,,,,,,,,1,1,9,2,2
200800048505,0008-09-19 07:30:00,8,9,19,7,30,680,365,04 rue Kleb,48.066,7.304,Crépuscule ou aube,En agglomération,Hors intersection,Normale,Deux véhicules - côté,,,,,,,,,,,2,2,1,1,3
200800048506,0008-09-21 13:45:00,8,9,21,13,45,680,374,,48.087,7.312,Plein jour,Hors agglomération,Hors intersection,Normale,Trois véhicules et plus - collisions multiples,,,,,,,,,,,1,1,1,1,5
200800048507,0008-09-23 16:30:00,8,9,23,16,30,680,4,rue Traversiere,,,Plein jour,En agglomération,Hors intersection,Normale,Autre collision,,,,,,,,,,,1,2,1,1,6
200800048508,0008-09-22 00:15:00,8,9,22,0,15,680,273,,47.55,7.296,Nuit sans éclairage public,Hors agglomération,Hors intersection,Normale,Autre collision,,,,,,,,,,,3,1,1,1,6
200800048509,0008-09-02 17:30:00,8,9,2,17,30,680,266,,47.908,7.358,Plein jour,Hors agglomération,Hors intersection,Normale,Sans collision,,,,,,,,,,,1,1,1,1,7
200800048510,0008-09-06 12:30:00,8,9,6,12,30,680,91,,47.924,7.5,Plein jour,Hors agglomération,Hors intersection,Normale,Sans collision,,,,,,,,,,,1,1,1,1,7
200800048511,0008-09-18 16:15:00,8,9,18,16,15,680,195,,47.763,7.278,Plein jour,Hors agglomération,Hors intersection,Normale,Deux véhicules - côté,,,,,,,,,,,1,1,1,1,3
200800048512,0008-09-19 14:45:00,8,9,19,14,45,680,135,,47.591,7.546,Plein jour,Hors agglomération,Hors intersection,Normale,Deux véhicules - frontale,,,,,,,,,,,1,1,1,1,1
200800048513,0008-09-30 11:30:00,8,9,30,11,30,680,89,13 grand rue,47.896,6.993,Plein jour,En agglomération,Hors intersection,Normale,Deux véhicules - côté,,,,,,,,,,,1,2,1,1,3
200800048514,0008-09-19 14:45:00,8,9,19,14,45,680,302,20 Rue Principale,47.757,7.166,Plein jour,En agglomération,Hors intersection,Normale,Deux véhicules - frontale,,,,,,,,,,,1,2,1,1,1
200800048515,0008-09-02 23:00:00,8,9,2,23,0,510,372,,48.916,4.422,Nuit sans éclairage public,Hors agglomération,Hors intersection,Pluie légère,Sans collision,,,,,,,,,,,3,1,1,2,7
200800048516,0008-09-29 14:00:00,8,9,29,14,0,510,203,,49.065,4.421,Plein jour,Hors agglomération,Hors intersection,Normale,Sans collision,,,,,,,,,,,1,1,1,1,7
200800048517,0008-09-19 11:30:00,8,9,19,11,30,510,93,,,,Plein jour,Hors agglomération,Intersection en X,Normale,Trois véhicules et plus - collisions multiples,,,,,,,,,,,1,1,2,1,5
200800048518,0008-09-21 17:15:00,8,9,21,17,15,510,367,,48.944,4.034,Plein jour,Hors agglomération,Hors intersection,Normale,Autre collision,,,,,,,,,,,1,1,1,1,6
200800048519,0008-09-24 14:15:00,8,9,24,14,15,510,153,,,,Plein jour,Hors agglomération,Hors intersection,Normale,Deux véhicules - côté,,,,,,,,,,,1,1,1,1,3
200800048520,0008-09-22 07:30:00,8,9,22,7,30,510,298,,49.046,3.676,Crépuscule ou aube,Hors agglomération,Hors intersection,Normale,Sans collision,,,,,,,,,,,2,1,1,1,7
200800048521,0008-09-15 16:45:00,8,9,15,16,45,510,56,,48.621,3.607,Plein jour,Hors agglomération,Hors intersection,Temps éblouissant,Trois véhicules et plus - collisions multiples,,,,,,,,,,,1,1,1,7,5
200800048522,0008-09-06 20:00:00,8,9,6,20,0,510,534,Rue du TAMBOUR,49.255,3.766,Crépuscule ou aube,En agglomération,Intersection en T,Normale,Deux véhicules - côté,,,,,,,,,,,2,2,3,1,3