accident_id,datetime,annee,mois,jour,heure,minute,departement,commune_insee,adresse,latitude,longitude,luminosite,agglomeration,intersection,meteo,collision,nb_vehicules,nb_usagers,nb_indemnes,nb_tues,nb_blesses_hosp,nb_blesses_legers,age_cond_1,age_cond_2,veh_type_cond_1,veh_type_cond_2,lum_code,agg_code,int_code,atm_code,col_code
200800048523,0008-09-20 11:00:00,8,9,20,11,0,510,337,,49.313,3.727,Plein jour,Hors agglomération,Hors intersection,Normale,Sans collision,,,,,,,,,,,1,1,1,1,7
200800048524,0008-09-27 09:30:00,8,9,27,9,30,510,250,Ancienne route de Soisso,49.312,3.671,Plein jour,En agglomération,Hors intersection,Normale,Deux véhicules - côté,,,,,,,,,,,1,2,1,1,3
200800048525,0008-09-03 20:45:00,8,9,3,20,45,510,245,RUE DE L'ARDRES,49.239,3.789,Nuit sans éclairage public,En agglomération,Hors intersection,Temps couvert,Sans collision,,,,,,,,,,,3,2,1,8,7
200800048526,0008-09-07 07:30:00,8,9,7,7,30,510,569,,,,Plein jour,Hors agglomération,Giratoire,Temps couvert,Autre collision,,,,,,,,,,,1,1,6,8,6
200800048527,0008-09-24 07:45:00,8,9,24,7,45,510,305,,49.255,3.895,Plein jour,Hors agglomération,Hors intersection,Temps couvert,Deux véhicules - côté,,,,,,,,,,,1,1,1,8,3
200800048528,0008-09-27 02:00:00,8,9,27,2,0,510,393,,49.112,3.933,Nuit sans éclairage public,Hors agglomération,Hors intersection,Normale,Autre collision,,,,,,,,,,,3,1,1,1,6
200800048529,0008-09-14 08:00:00,8,9,14,8,0,510,328,,48.759,4.555,Plein jour,Hors agglomération,Hors intersection,Temps couvert,Autre collision,,,,,,,,,,,1,1,1,8,6
200800048530,0008-09-27 19:15:00,8,9,27,19,15,510,552,GRANDE RUE,,,Crépuscule ou aube,En agglomération,Hors intersection,Normale,Autre collision,,,,,,,,,,,2,2,1,1,6
200800048531,0008-09-26 14:30:00,8,9,26,14,30,510,507,avenue Victor Hugo,49.095,4.904,Plein jour,En agglomération,Hors intersection,Normale,Deux véhicules - côté,,,,,,,,,,,1,2,1,1,3
200800048532,0008-09-28 16:00:00,8,9,28,16,0,510,399,,49.131,4.84,Plein jour,Hors agglomération,Hors intersection,Normale,Autre collision,,,,,,,,,,,1,1,1,1,6
200800048533,0008-09-27 10:15:00,8,9,27,10,15,80,328,35 RUE DE LORRAINE,,,Plein jour,En agglomération,Hors intersection,Normale,Deux véhicules - arrière,,,,,,,,,,,1,2,1,1,2
200800048534,0008-09-27 19:15:00,8,9,27,19,15,80,328,,49.824,4.718,Crépuscule ou aube,Hors agglomération,Hors intersection,Normale,Sans collision,,,,,,,,,,,2,1,1,1,7
200800048535,0008-09-25 09:30:00,8,9,25,9,30,80,450,,49.766,4.646,Plein jour,Hors agglomération,Hors intersection,Normale,Autre collision,,,,,,,,,,,1,1,1,1,6
200800048536,0008-09-06 17:15:00,8,9,6,17,15,80,222,,50.01,4.692,Plein jour,Hors agglomération,Hors intersection,Normale,Deux véhicules - frontale,,,,,,,,,,,1,1,1,1,1
200800048537,0008-09-12 12:15:00,8,9,12,12,15,80,367,,49.912,4.522,Plein jour,Hors agglomération,Hors intersection,Pluie forte,Deux véhicules - côté,,,,,,,,,,,1,1,1,3,3
200800048538,0008-09-03 18:45:00,8,9,3,18,45,80,466,,49.624,5.134,Plein jour,Hors agglomération,Hors intersection,Normale,Deux véhicules - frontale,,,,,,,,,,,1,1,1,1,1
200800048539,0008-09-06 02:30:00,8,9,6,2,30,80,475,,,,Nuit avec éclairage allumé,Hors agglomération,Autre intersection,Normale,Autre collision,,,,,,,,,,,5,1,9,1,6
200800048540,0008-09-07 17:30:00,8,9,7,17,30,80,142,,49.714,4.895,Plein jour,Hors agglomération,Hors intersection,Normale,Deux véhicules - arrière,,,,,,,,,,,1,1,1,1,2
200800048541,0008-09-11 19:15:00,8,9,11,19,15,80,119,Rue Sous La Ville,49.668,4.882,Plein jour,En agglomération,Intersection en X,Normale,Deux véhicules - côté,,,,,,,,,,,1,2,2,1,3
200800048542,0008-09-07 03:00:00,8,9,7,3,0,80,490,rue du chemin sale,49.402,4.695,Nuit avec éclairage allumé,En agglomération,Hors intersection,Normale,Autre collision,,,,,,,,,,,5,2,1,1,6
200800048543,0008-09-22 08:15:00,8,9,22,8,15,80,89,,49.424,5.008,Plein jour,Hors agglomération,Hors intersection,Temps éblouissant,Trois véhicules et plus - collisions multiples,,,,,,,,,,,1,1,1,7,5
200800048544,0008-09-12 13:45:00,8,9,12,13,45,100,282,,,,Plein jour,Hors agglomération,Intersection en X,Normale,Deux véhicules - côté,,,,,,,,,,,1,1,2,1,3
200800048545,0008-09-24 14:45:00,8,9,24,14,45,100,191,,,,Plein jour,Hors agglomération,Hors intersection,Normale,Deux véhicules - frontale,,,,,,,,,,,1,1,1,1,1
200800048546,0008-09-01 18:00:00,8,9,1,18,0,100,176,,48.248,4.675,Plein jour,Hors agglomération,Hors intersection,Normale,Autre collision,,,,,,,,,,,1,1,1,1,6
200800048547,0008-09-10 11:15:00,8,9,10,11,15,100,33,Place aubertin,48.236,4.713,Plein jour,En agglomération,Hors intersection,Normale,Autre collision,,,,,,,,,,,1,2,1,1,6
200800048548,0008-09-14 18:00:00,8,9,14,18,0,100,337,,48.444,4.473,Plein jour,Hors agglomération,Hors intersection,Normale,Sans collision,,,,,,,,,,,1,1,1,1,7
200800048549,0008-09-01 05:15:00,8,9,1,5,15,100,34,,,,Nuit sans éclairage public,Hors agglomération,Hors intersection,Normale,Deux véhicules - frontale,,,,,,,,,,,3,1,1,1,1
200800048550,0008-09-23 18:00:00,8,9,23,18,0,100,141,,48.067,4.553,Plein jour,Hors agglomération,Hors intersection,Normale,Deux véhicules - côté,,,,,,,,,,,1,1,1,1,3
200800048551,0008-09-19 07:15:00,8,9,19,7,15,100,225,,48.511,3.544,Crépuscule ou aube,Hors agglomération,Hors intersection,Normale,Deux véhicules - frontale,,,,,,,,,,,2,1,1,1,1
200800048552,0008-09-05 08:30:00,8,9,5,8,30,100,89,,48.51,3.861,Plein jour,Hors agglomération,Hors intersection,Normale,Sans collision,,,,,,,,,,,1,1,1,1,7
200800048553,0008-09-04 14:15:00,8,9,4,14,15,520,535,,48.115,5.088,Plein jour,Hors agglomération,Hors intersection,Normale,Autre collision,,,,,,,,,,,1,1,1,1,6
200800048554,0008-09-06 00:30:00,8,9,6,0,30,520,469,,,,Nuit sans éclairage public,Hors agglomération,Hors intersection,Pluie forte,Deux véhicules - frontale,,,,,,,,,,,3,1,1,3,1
200800048555,0008-09-08 18:30:00,8,9,8,18,30,520,305,2 rue de touraine,48.066,5.336,Plein jour,En agglomération,Hors intersection,Normale,Deux véhicules - côté,,,,,,,,,,,1,2,1,1,3
200800048556,0008-09-10 19:45:00,8,9,10,19,45,520,197,,,,Crépuscule ou aube,Hors agglomération,Hors intersection,Normale,Autre collision,,,,,,,,,,,2,1,1,1,6
200800048557,0008-09-01 22:00:00,8,9,1,22,0,520,327,,48.623,4.889,Nuit sans éclairage public,Hors agglomération,Hors intersection,Normale,Sans collision,,,,,,,,,,,3,1,1,1,7
200800048558,0008-09-06 19:45:00,8,9,6,19,45,520,182,,,,Crépuscule ou aube,Hors agglomération,Autre intersection,Temps couvert,Trois véhicules et plus - collisions multiples,,,,,,,,,,,2,1,9,8,5
200800048559,0008-09-17 16:00:00,8,9,17,16,0,520,182,,,,Plein jour,Hors agglomération,Hors intersection,Normale,Trois véhicules et plus - collisions multiples,,,,,,,,,,,1,1,1,1,5
200800048560,0008-09-30 17:30:00,8,9,30,17,30,520,429,,48.605,5.034,Plein jour,Hors agglomération,Hors intersection,Pluie légère,Deux véhicules - frontale,,,,,,,,,,,1,1,1,2,1
200800048561,0008-09-12 22:15:00,8,9,12,22,15,210,652,,,,Nuit sans éclairage public,Hors agglomération,Hors intersection,Normale,Autre collision,,,,,,,,,,,3,1,1,1,6
200800048562,0008-09-09 17:45:00,8,9,9,17,45,210,105,,,,Plein jour,Hors agglomération,Hors intersection,Normale,Deux véhicules - côté,,,,,,,,,,,1,1,1,1,3
200800048563,0008-09-21 20:30:00,8,9,21,20,30,210,21,,,,Nuit sans éclairage public,Hors agglomération,Hors intersection,Normale,Deux véhicules - frontale,,,,,,,,,,,3,1,1,1,1
200800048564,0008-09-22 20:30:00,8,9,22,20,30,210,21,,,,Nuit sans éclairage public,Hors agglomération,Hors intersection,Normale,Autre collision,,,,,,,,,,,3,1,1,1,6
200800048565,0008-09-19 07:45:00,8,9,19,7,45,210,261,rue de la madeleine,47.263,5.144,Plein jour,En agglomération,Hors intersection,Normale,Deux véhicules - côté,,,,,,,,,,,1,2,1,1,3
200800048566,0008-09-18 16:00:00,8,9,18,16,0,210,565,,47.212,5.006,Plein jour,Hors agglomération,Hors intersection,Normale,Deux véhicules - côté,,,,,,,,,,,1,1,1,1,3
200800048567,0008-09-28 14:15:00,8,9,28,14,15,210,317,,,,Plein jour,Hors agglomération,Hors intersection,Normale,Deux véhicules - côté,,,,,,,,,,,1,1,1,1,3
200800048568,0008-09-13 06:15:00,8,9,13,6,15,210,485,,47.343,4.979,Nuit avec éclairage allumé,Hors agglomération,Hors intersection,Normale,Autre collision,,,,,,,,,,,5,1,1,1,6
200800048569,0008-09-08 17:30:00,8,9,8,17,30,210,172,,47.0,5.139,Plein jour,Hors agglomération,Hors intersection,Normale,Deux véhicules - frontale,,,,,,,,,,,1,1,1,1,1
200800048570,0008-09-12 17:00:00,8,9,12,17,0,210,693,,,,Plein jour,Hors agglomération,Hors intersection,Normale,Deux véhicules - frontale,,,,,,,,,,,1,1,1,1,1
200800048571,0008-09-15 17:15:00,8,9,15,17,15,210,58,,,,Plein jour,Hors agglomération,Hors intersection,Normale,Sans collision,,,,,,,,,,,1,1,1,1,7
200800048572,0008-09-30 11:30:00,8,9,30,11,30,210,154,,,,Plein jour,Hors agglomération,Hors intersection,Temps couvert,Autre collision,,,,,,,,,,,1,1,1,8,6
200800048573,0008-09-13 11:00:00,8,9,13,11,0,580,134,,,,Plein jour,Hors agglomération,Hors intersection,Normale,Trois véhicules et plus - collisions multiples,,,,,,,,,,,1,1,1,1,5
200800048574,0008-09-15 06:15:00,8,9,15,6,15,580,119,,,,Nuit sans éclairage public,Hors agglomération,Hors intersection,Normale,Autre collision,,,,,,,,,,,3,1,1,1,6
200800048575,0008-09-13 12:30:00,8,9,13,12,30,580,152,,46.902,3.133,Plein jour,Hors agglomération,Hors intersection,Normale,Deux véhicules - frontale,,,,,,,,,,,1,1,1,1,1
200800048576,0008-09-17 01:30:00,8,9,17,1,30,580,264,,46.83,3.127,Nuit sans éclairage public,Hors agglomération,Hors intersection,Normale,Deux véhicules - frontale,,,,,,,,,,,3,1,1,1,1
200800048577,0008-09-20 14:45:00,8,9,20,14,45,580,50,,,,Plein jour,Hors agglomération,Hors intersection,Normale,Autre collision,,,,,,,,,,,1,1,1,1,6
200800048578,0008-09-11 19:30:00,8,9,11,19,30,580,182,,46.985,3.85,Plein jour,Hors agglomération,Hors intersection,Normale,Sans collision,,,,,,,,,,,1,1,1,1,7
200800048579,0008-09-20 19:15:00,8,9,20,19,15,580,75,,,,Plein jour,Hors agglomération,Hors intersection,Normale,Autre collision,,,,,,,,,,,1,1,1,1,6
200800048580,0008-09-13 20:15:00,8,9,13,20,15,580,261,,47.4,2.965,Nuit sans éclairage public,Hors agglomération,Hors intersection,Normale,Sans collision,,,,,,,,,,,3,1,1,1,7
200800048581,0008-09-24 18:00:00,8,9,24,18,0,580,86,RUE VICTOR HUGO,,,Plein jour,En agglomération,Intersection en X,Normale,Deux véhicules - côté,,,,,,,,,,,1,2,2,1,3
200800048582,0008-09-26 20:00:00,8,9,26,20,0,710,448,Rue du Vieux Chateau,46.389,4.855,Nuit avec éclairage allumé,En agglomération,Hors intersection,Normale,Deux véhicules - frontale,,,,,,,,,,,5,2,1,1,1
200800048583,0008-09-01 18:15:00,8,9,1,18,15,710,345,Place de la Mairie,,,Plein jour,En agglomération,Hors intersection,Normale,Deux véhicules - côté,,,,,,,,,,,1,2,1,1,3
200800048584,0008-09-02 19:45:00,8,9,2,19,45,710,543,37 RUE DE LA REPUBLIQUE,46.566,4.912,Plein jour,En agglomération,Hors intersection,Normale,Autre collision,,,,,,,,,,,1,2,1,1,6
200800048585,0008-09-07 00:45:00,8,9,7,0,45,710,190,,,,Nuit sans éclairage public,Hors agglomération,Hors intersection,Normale,Autre collision,,,,,,,,,,,3,1,1,1,6
200800048586,0008-09-19 16:30:00,8,9,19,16,30,710,237,,,,Plein jour,Hors agglomération,Hors intersection,Normale,Autre collision,,,,,,,,,,,1,1,1,1,6
200800048587,0008-09-19 21:30:00,8,9,19,21,30,710,530,,46.984,4.475,Nuit sans éclairage public,Hors agglomération,Hors intersection,Normale,Autre collision,,,,,,,,,,,3,1,1,1,6
200800048588,0008-09-09 16:15:00,8,9,9,16,15,710,216,,,,Plein jour,Hors agglomération,Hors intersection,Normale,Sans collision,,,,,,,,,,,1,1,1,1,7
200800048589,0008-09-10 19:00:00,8,9,10,19,0,710,294,RUE D'ETROYES,,,Plein jour,En agglomération,Intersection en T,Normale,Deux véhicules - frontale,,,,,,,,,,,1,2,3,1,1
200800048590,0008-09-06 19:00:00,8,9,6,19,0,710,398,rue Chetif Puits,46.749,4.963,Plein jour,En agglomération,Intersection en X,Normale,Deux véhicules - côté,,,,,,,,,,,1,2,2,1,3
200800048591,0008-09-08 00:45:00,8,9,8,0,45,710,420,,46.896,5.08,Nuit sans éclairage public,Hors agglomération,Hors intersection,Normale,Sans collision,,,,,,,,,,,3,1,1,1,7
200800048592,0008-09-06 10:45:00,8,9,6,10,45,710,555,Carrefour RN6 / RD6,,,Plein jour,En agglomération,Intersection en X,Normale,Deux véhicules - côté,,,,,,,,,,,1,2,2,1,3
200800048593,0008-09-15 16:30:00,8,9,15,16,30,710,384,,46.697,4.872,Plein jour,Hors agglomération,Hors intersection,Normale,Deux véhicules - frontale,,,,,,,,,,,1,1,1,1,1
200800048594,0008-09-27 10:30:00,8,9,27,10,30,710,444,RN 6,,,Plein jour,En agglomération,Hors intersection,Normale,Trois véhicules et plus - collisions multiples,,,,,,,,,,,1,2,1,1,5
200800048595,0008-09-28 03:30:00,8,9,28,3,30,710,127,LE BOURG,46.542,4.509,Nuit avec éclairage allumé,En agglomération,Hors intersection,Brouillard / fumée,Autre collision,,,,,,,,,,,5,2,1,5,6
200800048596,0008-09-03 14:15:00,8,9,3,14,15,710,325,,46.501,3.914,Plein jour,Hors agglomération,Hors intersection,Pluie légère,Deux véhicules - frontale,,,,,,,,,,,1,1,1,2,1
200800048597,0008-09-02 09:00:00,8,9,2,9,0,710,342,route de Charolles,,,Plein jour,En agglomération,Hors intersection,Normale,Autre collision,,,,,,,,,,,1,2,1,1,6
200800048598,0008-09-24 15:30:00,8,9,24,15,30,710,47,rue docteur Gabriel PAIN,46.625,3.773,Plein jour,En agglomération,Autre intersection,Normale,Autre collision,,,,,,,,,,,1,2,9,1,6
200800048599,0008-09-22 11:15:00,8,9,22,11,15,710,263,avenue du Dr Jean Vial,,,Plein jour,En agglomération,Hors intersection,Normale,Deux véhicules - côté,,,,,,,,,,,1,2,1,1,3
200800048600,0008-09-04 18:00:00,8,9,4,18,0,890,130,,,,Plein jour,Hors agglomération,Hors intersection,Normale,Autre collision,,,,,,,,,,,1,1,1,1,6
200800048601,0008-09-07 16:15:00,8,9,7,16,15,890,394,rue du canal,,,Plein jour,En agglomération,Hors intersection,Normale,Autre collision,,,,,,,,,,,1,2,1,1,6
200800048602,0008-09-30 18:45:00,8,9,30,18,45,890,186,,,,Crépuscule ou aube,Hors agglomération,Hors intersection,Normale,Deux véhicules - frontale,,,,,,,,,,,2,1,1,1,1
200800048603,0008-09-14 06:00:00,8,9,14,6,0,890,311,,47.771,3.424,Nuit sans éclairage public,Hors agglomération,Hors intersection,Normale,Autre collision,,,,,,,,,,,3,1,1,1,6
200800048604,0008-09-20 17:45:00,8,9,20,17,45,890,221,,,,Plein jour,Hors agglomération,Hors intersection,Normale,Deux véhicules - frontale,,,,,,,,,,,1,1,1,1,1
200800048605,0008-09-10 11:30:00,8,9,10,11,30,890,159,,,,Plein jour,Hors agglomération,Hors intersection,Normale,Deux véhicules - frontale,,,,,,,,,,,1,1,1,1,1
200800048606,0008-09-03 16:45:00,8,9,3,16,45,890,206,,47.983,3.434,Plein jour,Hors agglomération,Hors intersection,Pluie légère,Deux véhicules - frontale,,,,,,,,,,,1,1,1,2,1
200800048607,0008-09-07 02:00:00,8,9,7,2,0,890,66,,,,Nuit sans éclairage public,Hors agglomération,Hors intersection,Normale,Autre collision,,,,,,,,,,,3,1,1,1,6
200800048608,0008-09-12 14:15:00,8,9,12,14,15,890,411,,,,Plein jour,Hors agglomération,Hors intersection,Normale,Deux véhicules - frontale,,,,,,,,,,,1,1,1,1,1
200800048609,0008-09-14 22:00:00,8,9,14,22,0,890,309,,,,Nuit sans éclairage public,Hors agglomération,Hors intersection,Normale,Deux véhicules - frontale,,,,,,,,,,,3,1,1,1,1
200800048610,0008-09-20 08:45:00,8,9,20,8,45,890,136,rue JEAN MOULIN,,,Plein jour,En agglomération,Hors intersection,Normale,Deux véhicules - frontale,,,,,,,,,,,1,2,1,1,1
200800048611,0008-09-27 23:15:00,8,9,27,23,15,890,449,D 606 PETIT VILLEBLEVIN,,,Nuit avec éclairage allumé,En agglomération,Hors intersection,Normale,Autre collision,,,,,,,,,,,5,2,1,1,6
200800048612,0008-09-12 14:45:00,8,9,12,14,45,890,142,,,,Plein jour,Hors agglomération,Hors intersection,Normale,Sans collision,,,,,,,,,,,1,1,1,1,7
200800048613,0008-09-15 18:00:00,8,9,15,18,0,890,280,route de geneve CD 905,,,Plein jour,En agglomération,Hors intersection,Normale,Deux véhicules - côté,,,,,,,,,,,1,2,1,1,3
200800048614,0008-09-03 05:00:00,8,9,3,5,0,250,143,,,,Nuit sans éclairage public,Hors agglomération,Hors intersection,Normale,Sans collision,,,,,,,,,,,3,1,1,1,7
200800048615,0008-09-20 18:15:00,8,9,20,18,15,250,248,,47.207,6.749,Plein jour,Hors agglomération,Hors intersection,Normale,Autre collision,,,,,,,,,,,1,1,1,1,6
200800048616,0008-09-13 12:00:00,8,9,13,12,0,250,452,,47.384,6.828,Plein jour,Hors agglomération,Hors intersection,Pluie forte,Deux véhicules - côté,,,,,,,,,,,1,1,1,3,3
200800048617,0008-09-21 17:00:00,8,9,21,17,0,250,519,,47.313,6.807,Plein jour,Hors agglomération,Hors intersection,Normale,Deux véhicules - frontale,,,,,,,,,,,1,1,1,1,1
200800048618,0008-09-22 08:30:00,8,9,22,8,30,250,463,,47.339,6.761,Plein jour,Hors agglomération,Hors intersection,Normale,Deux véhicules - frontale,,,,,,,,,,,1,1,1,1,1
200800048619,0008-09-15 19:30:00,8,9,15,19,30,250,9,,,,Crépuscule ou aube,Hors agglomération,Hors intersection,Normale,Autre collision,,,,,,,,,,,2,1,1,1,6
200800048620,0008-09-18 19:45:00,8,9,18,19,45,250,182,,,,Nuit sans éclairage public,Hors agglomération,Hors intersection,Normale,Sans collision,,,,,,,,,,,3,1,1,1,7
200800048621,0008-09-25 06:45:00,8,9,25,6,45,250,299,Rue principale,,,Crépuscule ou aube,En agglomération,Hors intersection,Normale,Trois véhicules et plus - collisions multiples,,,,,,,,,,,2,2,1,1,5
200800048622,0008-09-27 14:00:00,8,9,27,14,0,250,315,RD 683,,,Plein jour,En agglomération,Hors intersection,Normale,Autre collision,,,,,,,,,,,1,2,1,1,6
200800048623,0008-09-06 07:30:00,8,9,6,7,30,250,262,CD461,,,Crépuscule ou aube,En agglomération,Hors intersection,Pluie forte,Autre collision,,,,,,,,,,,2,2,1,3,6
200800048624,0008-09-12 13:15:00,8,9,12,13,15,250,233,,47.142,6.282,Plein jour,Hors agglomération,Hors intersection,Pluie légère,Deux véhicules - frontale,,,,,,,,,,,1,1,1,2,1
200800048625,0008-09-06 01:15:00,8,9,6,1,15,250,29,,47.034,6.334,Nuit sans éclairage public,Hors agglomération,Hors intersection,Normale,Autre collision,,,,,,,,,,,3,1,1,1,6
200800048626,0008-09-17 14:30:00,8,9,17,14,30,250,493,,46.888,6.203,Plein jour,Hors agglomération,Intersection en X,Normale,Deux véhicules - côté,,,,,,,,,,,1,1,2,1,3
200800048627,0008-09-26 06:45:00,8,9,26,6,45,250,334,rue de Besancon,46.963,6.116,Nuit avec éclairage allumé,En agglomération,Hors intersection,Normale,Deux véhicules - frontale,,,,,,,,,,,5,2,1,1,1
200800048628,0008-09-27 00:30:00,8,9,27,0,30,250,517,,47.017,6.327,Nuit sans éclairage public,Hors agglomération,Hors intersection,Normale,Deux véhicules - frontale,,,,,,,,,,,3,1,1,1,1
200800048629,0008-09-09 14:15:00,8,9,9,14,15,250,411,rue de l'eboulement,47.055,6.594,Plein jour,En agglomération,Hors intersection,Normale,Deux véhicules - frontale,,,,,,,,,,,1,2,1,1,1
200800048630,0008-09-22 18:30:00,8,9,22,18,30,390,390,,46.602,5.648,Plein jour,Hors agglomération,Hors intersection,Normale,Deux véhicules - arrière,,,,,,,,,,,1,1,1,1,2
200800048631,0008-09-04 15:45:00,8,9,4,15,45,390,310,,46.81,5.579,Plein jour,Hors agglomération,Hors intersection,Temps couvert,Deux véhicules - frontale,,,,,,,,,,,1,1,1,8,1
200800048632,0008-09-09 12:45:00,8,9,9,12,45,390,482,,,,Plein jour,Hors agglomération,Hors intersection,Normale,Deux véhicules - côté,,,,,,,,,,,1,1,1,1,3
200800048633,0008-09-11 02:15:00,8,9,11,2,15,390,173,,,,Nuit sans éclairage public,Hors agglomération,Autre intersection,Normale,Deux véhicules - frontale,,,,,,,,,,,3,1,9,1,1
200800048634,0008-09-27 17:30:00,8,9,27,17,30,390,475,,46.445,5.33,Plein jour,Hors agglomération,Hors intersection,Normale,Deux véhicules - côté,,,,,,,,,,,1,1,1,1,3
200800048635,0008-09-03 17:45:00,8,9,3,17,45,390,97,Avenue Jean Jaures,,,Plein jour,En agglomération,Autre intersection,Pluie forte,Deux véhicules - côté,,,,,,,,,,,1,2,9,3,3
200800048636,0008-09-29 12:15:00,8,9,29,12,15,390,97,19 rue Edouard Herriot,,,Plein jour,En agglomération,Hors intersection,Normale,Autre collision,,,,,,,,,,,1,2,1,1,6
200800048637,0008-09-17 14:45:00,8,9,17,14,45,390,393,,46.797,6.007,Plein jour,Hors agglomération,Hors intersection,Normale,Deux véhicules - arrière,,,,,,,,,,,1,1,1,1,2
200800048638,0008-09-26 08:00:00,8,9,26,8,0,390,160,COMMENAILLES,46.793,5.44,Plein jour,En agglomération,Hors intersection,Normale,Autre collision,,,,,,,,,,,1,2,1,1,6
200800048639,0008-09-08 16:30:00,8,9,8,16,30,390,106,,46.469,5.717,Plein jour,Hors agglomération,Hors intersection,Normale,Sans collision,,,,,,,,,,,1,1,1,1,7
200800048640,0008-09-16 13:45:00,8,9,16,13,45,390,63,,,,Plein jour,Hors agglomération,Hors intersection,Normale,Deux véhicules - frontale,,,,,,,,,,,1,1,1,1,1
200800048641,0008-09-04 13:00:00,8,9,4,13,0,700,133,,47.745,6.008,Plein jour,Hors agglomération,Hors intersection,Pluie légère,Deux véhicules - côté,,,,,,,,,,,1,1,1,2,3
200800048642,0008-09-28 00:45:00,8,9,28,0,45,700,275,rue du moulin aux ecrevi,,,Nuit avec éclairage allumé,En agglomération,Hors intersection,Normale,Deux véhicules - frontale,,,,,,,,,,,5,2,1,1,1
200800048643,0008-09-17 11:30:00,8,9,17,11,30,700,208,,47.552,6.136,Plein jour,Hors agglomération,Hors intersection,Normale,Deux véhicules - frontale,,,,,,,,,,,1,1,1,1,1
200800048644,0008-09-24 13:00:00,8,9,24,13,0,700,451,88 rue d amont,47.708,6.652,Plein jour,En agglomération,Hors intersection,Normale,Deux véhicules - frontale,,,,,,,,,,,1,2,1,1,1
200800048645,0008-09-01 18:30:00,8,9,1,18,30,700,311,face au 17rue beauregard,,,Plein jour,En agglomération,Hors intersection,Normale,Sans collision,,,,,,,,,,,1,2,1,1,7
200800048646,0008-09-05 18:30:00,8,9,5,18,30,700,564,,,,Plein jour,En agglomération,Hors intersection,Pluie légère,Sans collision,,,,,,,,,,,1,2,1,2,7
200800048647,0008-09-02 16:30:00,8,9,2,16,30,700,196,,47.84,6.213,Plein jour,Hors agglomération,Hors intersection,Normale,Sans collision,,,,,,,,,,,1,1,1,1,7
200800048648,0008-09-03 21:30:00,8,9,3,21,30,700,323,,47.916,6.152,Nuit sans éclairage public,Hors agglomération,Hors intersection,Pluie légère,Sans collision,,,,,,,,,,,3,1,1,2,7
200800048649,0008-09-07 12:15:00,8,9,7,12,15,700,171,,47.893,6.316,Plein jour,Hors agglomération,Intersection en Y,Normale,Deux véhicules - côté,,,,,,,,,,,1,1,4,1,3
200800048650,0008-09-18 16:15:00,8,9,18,16,15,700,467,"10, rue HENRI GUY",,,Plein jour,En agglomération,Hors intersection,Normale,Autre collision,,,,,,,,,,,1,2,1,1,6
200800048651,0008-09-24 17:45:00,8,9,24,17,45,700,245,,47.911,6.454,Plein jour,Hors agglomération,Hors intersection,Normale,Deux véhicules - frontale,,,,,,,,,,,1,1,1,1,1
200800048652,0008-09-02 09:45:00,8,9,2,9,45,700,41,,,,Plein jour,Hors agglomération,Intersection en Y,Normale,Deux véhicules - côté,,,,,,,,,,,1,1,4,1,3
200800048653,0008-09-17 16:45:00,8,9,17,16,45,700,26,rue des giranaux,,,Plein jour,En agglomération,Intersection en X,Normale,Deux véhicules - côté,,,,,,,,,,,1,2,2,1,3
200800048654,0008-09-27 11:00:00,8,9,27,11,0,900,94,,,,Plein jour,Hors agglomération,Hors intersection,Normale,Deux véhicules - côté,,,,,,,,,,,1,1,1,1,3
200800048655,0008-09-11 18:15:00,8,9,11,18,15,900,101,7A rue des moulins,47.577,7.012,Plein jour,En agglomération,Hors intersection,Normale,Deux véhicules - frontale,,,,,,,,,,,1,2,1,1,1
200800048656,0008-09-01 13:00:00,8,9,1,13,0,260,250,,,,Plein jour,Hors agglomération,Hors intersection,Normale,Sans collision,,,,,,,,,,,1,1,1,1,7
200800048657,0008-09-26 12:00:00,8,9,26,12,0,260,179,,45.046,4.879,Plein jour,Hors agglomération,Hors intersection,Normale,Autre collision,,,,,,,,,,,1,1,1,1,6
200800048658,0008-09-26 18:30:00,8,9,26,18,30,260,252,,44.869,4.865,Nuit sans éclairage public,Hors agglomération,Hors intersection,Normale,Trois véhicules et plus - en chaîne,,,,,,,,,,,3,1,1,1,4
200800048659,0008-09-12 14:45:00,8,9,12,14,45,260,116,,44.438,4.746,Plein jour,Hors agglomération,Hors intersection,Normale,Sans collision,,,,,,,,,,,1,1,1,1,7
200800048660,0008-09-28 08:15:00,8,9,28,8,15,260,353,,44.674,4.796,Plein jour,Hors agglomération,Hors intersection,Normale,Deux véhicules - arrière,,,,,,,,,,,1,1,1,1,2
200800048661,0008-09-14 15:00:00,8,9,14,15,0,130,60,,43.51,5.509,Plein jour,Hors agglomération,Hors intersection,Normale,Sans collision,,,,,,,,,,,1,1,1,1,7