accident_id,datetime,annee,mois,jour,heure,minute,departement,commune_insee,adresse,latitude,longitude,luminosite,agglomeration,intersection,meteo,collision,nb_vehicules,nb_usagers,nb_indemnes,nb_tues,nb_blesses_hosp,nb_blesses_legers,age_cond_1,age_cond_2,veh_type_cond_1,veh_type_cond_2,lum_code,agg_code,int_code,atm_code,col_code
200800048662,0008-09-16 17:30:00,8,9,16,17,30,130,99,,43.723,5.807,Plein jour,Hors agglomération,Hors intersection,Normale,Deux véhicules - frontale,,,,,,,,,,,1,1,1,1,1
200800048663,0008-09-01 14:00:00,8,9,1,14,0,130,106,177 Avenue du 8 mai 1945,43.403,5.371,Plein jour,En agglomération,Hors intersection,Normale,Autre collision,,,,,,,,,,,1,2,1,1,6
200800048664,0008-09-10 15:45:00,8,9,10,15,45,130,15,,43.437,5.415,Plein jour,Hors agglomération,Hors intersection,Normale,Autre collision,,,,,,,,,,,1,1,1,1,6
200800048665,0008-09-16 15:30:00,8,9,16,15,30,130,106,chemin de la desserte,43.419,5.339,Plein jour,En agglomération,Hors intersection,Normale,Sans collision,,,,,,,,,,,1,2,1,1,7
200800048666,0008-09-29 17:00:00,8,9,29,17,0,130,107,rue Andre Malraux,,,Plein jour,En agglomération,Hors intersection,Normale,Deux véhicules - arrière,,,,,,,,,,,1,2,1,1,2
200800048667,0008-09-10 17:30:00,8,9,10,17,30,130,19,,,,Plein jour,Hors agglomération,Hors intersection,Normale,Deux véhicules - côté,,,,,,,,,,,1,1,1,1,3
200800048668,0008-09-03 18:15:00,8,9,3,18,15,130,110,,,,Plein jour,Hors agglomération,Intersection en T,Normale,Deux véhicules - côté,,,,,,,,,,,1,1,3,1,3
200800048669,0008-09-04 17:15:00,8,9,4,17,15,130,4,,,,Plein jour,Hors agglomération,Hors intersection,Temps couvert,Deux véhicules - côté,,,,,,,,,,,1,1,1,8,3
200800048670,0008-09-11 18:45:00,8,9,11,18,45,130,4,,,,Plein jour,Hors agglomération,Hors intersection,Normale,Deux véhicules - côté,,,,,,,,,,,1,1,1,1,3
200800048671,0008-09-14 14:45:00,8,9,14,14,45,130,4,Chemin communal d'ISNARD,,,Plein jour,En agglomération,Hors intersection,Normale,Deux véhicules - côté,,,,,,,,,,,1,2,1,1,3
200800048672,0008-09-27 14:45:00,8,9,27,14,45,130,4,,,,Plein jour,Hors agglomération,Hors intersection,Normale,Deux véhicules - frontale,,,,,,,,,,,1,1,1,1,1
200800048673,0008-09-20 15:00:00,8,9,20,15,0,600,239,,,,Plein jour,Hors agglomération,Hors intersection,Normale,Autre collision,,,,,,,,,,,1,1,1,1,6
200800048674,0008-09-20 05:30:00,8,9,20,5,30,330,229,Pont de titoune,44.73,-1.06,Nuit sans éclairage public,En agglomération,Hors intersection,Normale,Autre collision,,,,,,,,,,,3,2,1,1,6
200800048675,0008-09-25 18:15:00,8,9,25,18,15,740,65,"lieu-dit ""le malpas""",46.034,5.965,Plein jour,En agglomération,Intersection en Y,Normale,Deux véhicules - frontale,,,,,,,,,,,1,2,4,1,1
200800048676,0008-09-10 03:30:00,8,9,10,3,30,60,44,278 boulevard sauvaigo,,,Nuit avec éclairage allumé,En agglomération,Hors intersection,Normale,Autre collision,,,,,,,,,,,5,2,1,1,6
200800048677,0008-09-14 01:30:00,8,9,14,1,30,810,147,,,,Nuit sans éclairage public,Hors agglomération,Hors intersection,Temps couvert,Deux véhicules - frontale,,,,,,,,,,,3,1,1,8,1
200800048678,0008-09-29 17:30:00,8,9,29,17,30,740,256,,45.962,6.64,Plein jour,Hors agglomération,Hors intersection,Normale,Autre collision,,,,,,,,,,,1,1,1,1,6
200800048679,0008-09-15 16:45:00,8,9,15,16,45,80,375,,,,Plein jour,Hors agglomération,Hors intersection,Normale,Deux véhicules - frontale,,,,,,,,,,,1,1,1,1,1
200800048680,0008-09-01 12:15:00,8,9,1,12,15,60,161,,43.664,7.147,Plein jour,En agglomération,Hors intersection,Normale,Sans collision,,,,,,,,,,,1,2,1,1,7
200800048681,0008-09-03 16:30:00,8,9,3,16,30,840,52,rue des pasquier,,,Plein jour,En agglomération,Hors intersection,Normale,Autre collision,,,,,,,,,,,1,2,1,1,6
200800048682,0008-09-26 16:15:00,8,9,26,16,15,780,162,,,,Plein jour,Hors agglomération,Hors intersection,Normale,Autre collision,,,,,,,,,,,1,1,1,1,6
200800048683,0008-09-30 16:00:00,8,9,30,16,0,280,96,,48.887,1.513,Plein jour,Hors agglomération,Hors intersection,Pluie légère,Deux véhicules - frontale,,,,,,,,,,,1,1,1,2,1
200800048684,0008-09-09 15:00:00,8,9,9,15,0,590,11,14 rue de la gare,50.51,2.9,Plein jour,En agglomération,Hors intersection,Normale,Deux véhicules - frontale,,,,,,,,,,,1,2,1,1,1
200800048685,0008-09-15 15:30:00,8,9,15,15,30,590,388,rue de Verdun,50.556,2.86,Plein jour,En agglomération,Hors intersection,Normale,Autre collision,,,,,,,,,,,1,2,1,1,6
200800048686,0008-09-23 15:00:00,8,9,23,15,0,590,51,AVENUE PASTEUR,50.542,2.814,Plein jour,En agglomération,Hors intersection,Normale,Deux véhicules - côté,,,,,,,,,,,1,2,1,1,3
200800048687,0008-09-03 12:15:00,8,9,3,12,15,590,452,,,,Plein jour,Hors agglomération,Hors intersection,Normale,Deux véhicules - côté,,,,,,,,,,,1,1,1,1,3
200800048688,0008-09-09 17:30:00,8,9,9,17,30,590,578,,,,Plein jour,Hors agglomération,Hors intersection,Normale,Autre collision,,,,,,,,,,,1,1,1,1,6
200800048689,0008-09-25 13:15:00,8,9,25,13,15,590,577,,,,Plein jour,Hors agglomération,Hors intersection,Normale,Deux véhicules - côté,,,,,,,,,,,1,1,1,1,3
200800048690,0008-09-04 00:30:00,8,9,4,0,30,590,401,,50.738,2.665,Nuit sans éclairage public,Hors agglomération,Hors intersection,Normale,Sans collision,,,,,,,,,,,3,1,1,1,7
200800048691,0008-09-19 17:30:00,8,9,19,17,30,590,482,rue du Marechal Foch,50.716,3.004,Plein jour,En agglomération,Hors intersection,Normale,Deux véhicules - frontale,,,,,,,,,,,1,2,1,1,1
200800048692,0008-09-28 16:15:00,8,9,28,16,15,590,92,,,,Plein jour,En agglomération,Hors intersection,Normale,Deux véhicules - côté,,,,,,,,,,,1,2,1,1,3
200800048693,0008-09-28 22:15:00,8,9,28,22,15,590,29,D954 - RUE DU HEM,,,Nuit sans éclairage public,En agglomération,Hors intersection,Normale,Deux véhicules - côté,,,,,,,,,,,3,2,1,1,3
200800048694,0008-09-27 08:15:00,8,9,27,8,15,590,310,,50.357,3.784,Plein jour,Hors agglomération,Hors intersection,Normale,Deux véhicules - arrière,,,,,,,,,,,1,1,1,1,2
200800048695,0008-09-22 15:30:00,8,9,22,15,30,590,265,,50.263,3.737,Plein jour,Hors agglomération,Hors intersection,Normale,Deux véhicules - frontale,,,,,,,,,,,1,1,1,1,1
200800048696,0008-09-07 21:00:00,8,9,7,21,0,620,800,,,,Nuit sans éclairage public,Hors agglomération,Hors intersection,Normale,Sans collision,,,,,,,,,,,3,1,1,1,7
200800048697,0008-09-06 00:45:00,8,9,6,0,45,620,861,,50.385,2.8,Nuit sans éclairage public,Hors agglomération,Hors intersection,Pluie légère,Autre collision,,,,,,,,,,,3,1,1,2,6
200800048698,0008-09-02 17:15:00,8,9,2,17,15,620,173,,50.344,3.023,Plein jour,En agglomération,Hors intersection,Normale,Deux véhicules - côté,,,,,,,,,,,1,2,1,1,3
200800048699,0008-09-26 16:30:00,8,9,26,16,30,620,473,rue du 08 mai,,,Plein jour,En agglomération,Hors intersection,Normale,Deux véhicules - frontale,,,,,,,,,,,1,2,1,1,1
200800048700,0008-09-25 21:15:00,8,9,25,21,15,620,746,CD 52 / CD 235,50.686,1.626,Nuit avec éclairage allumé,En agglomération,Intersection en X,Normale,Deux véhicules - frontale,,,,,,,,,,,5,2,2,1,1
200800048701,0008-09-28 18:15:00,8,9,28,18,15,620,815,,50.361,1.692,Plein jour,Hors agglomération,Hors intersection,Temps éblouissant,Deux véhicules - arrière,,,,,,,,,,,1,1,1,7,2
200800048702,0008-09-27 05:00:00,8,9,27,5,0,620,241,,50.579,1.746,Nuit sans éclairage public,Hors agglomération,Hors intersection,Normale,Autre collision,,,,,,,,,,,3,1,1,1,6
200800048703,0008-09-11 12:15:00,8,9,11,12,15,620,364,rue du four,,,Plein jour,En agglomération,Hors intersection,Normale,Deux véhicules - frontale,,,,,,,,,,,1,2,1,1,1
200800048704,0008-09-21 18:45:00,8,9,21,18,45,620,177,,50.458,1.833,Plein jour,Hors agglomération,Hors intersection,Normale,Autre collision,,,,,,,,,,,1,1,1,1,6
200800048705,0008-09-24 07:45:00,8,9,24,7,45,620,685,,,,Crépuscule ou aube,Hors agglomération,Hors intersection,Pluie légère,Deux véhicules - côté,,,,,,,,,,,2,1,1,2,3
200800048706,0008-09-02 09:30:00,8,9,2,9,30,620,14,,50.632,2.38,Plein jour,Hors agglomération,Hors intersection,Pluie légère,Deux véhicules - frontale,,,,,,,,,,,1,1,1,2,1
200800048707,0008-09-17 10:15:00,8,9,17,10,15,620,14,,50.649,2.325,Nuit sans éclairage public,Hors agglomération,Hors intersection,Normale,Deux véhicules - frontale,,,,,,,,,,,3,1,1,1,1
200800048708,0008-09-17 17:15:00,8,9,17,17,15,620,684,,,,Plein jour,Hors agglomération,Hors intersection,Normale,Trois véhicules et plus - collisions multiples,,,,,,,,,,,1,1,1,1,5
200800048709,0008-09-01 06:30:00,8,9,1,6,30,620,57,,50.907,2.066,Plein jour,Hors agglomération,Hors intersection,Normale,Sans collision,,,,,,,,,,,1,1,1,1,7
200800048710,0008-09-27 09:00:00,8,9,27,9,0,620,730,557 route de Watten,50.864,2.157,Plein jour,En agglomération,Hors intersection,Normale,Trois véhicules et plus - collisions multiples,,,,,,,,,,,1,2,1,1,5
200800048711,0008-09-02 14:45:00,8,9,2,14,45,620,53,,50.563,2.125,Plein jour,Hors agglomération,Intersection en X,Pluie légère,Deux véhicules - côté,,,,,,,,,,,1,1,2,2,3
200800048712,0008-09-07 23:00:00,8,9,7,23,0,620,519,48 RUE DES GROSEILLERS,,,Nuit avec éclairage non allumé,En agglomération,Hors intersection,Pluie légère,Deux véhicules - frontale,,,,,,,,,,,4,2,1,2,1
200800048713,0008-09-10 15:30:00,8,9,10,15,30,620,767,RUE DES CARNES,,,Plein jour,En agglomération,Hors intersection,Normale,Autre collision,,,,,,,,,,,1,2,1,1,6
200800048714,0008-09-27 17:45:00,8,9,27,17,45,800,696,Carrefour CD 75 et D 7,49.82,2.321,Plein jour,En agglomération,Autre intersection,Normale,Deux véhicules - côté,,,,,,,,,,,1,2,9,1,3
200800048715,0008-09-13 00:15:00,8,9,13,0,15,800,24,,49.943,2.24,Nuit sans éclairage public,Hors agglomération,Hors intersection,Normale,Sans collision,,,,,,,,,,,3,1,1,1,7
200800048716,0008-09-28 23:30:00,8,9,28,23,30,800,145,,,,Nuit sans éclairage public,Hors agglomération,Hors intersection,Normale,Autre collision,,,,,,,,,,,3,1,1,1,6
200800048717,0008-09-05 07:45:00,8,9,5,7,45,800,663,,49.949,1.714,Plein jour,Hors agglomération,Hors intersection,Normale,Autre collision,,,,,,,,,,,1,1,1,1,6
200800048718,0008-09-20 09:45:00,8,9,20,9,45,800,721,,50.186,1.695,Plein jour,Hors agglomération,Giratoire,Normale,Autre collision,,,,,,,,,,,1,1,6,1,6
200800048719,0008-09-20 17:15:00,8,9,20,17,15,800,368,ZAC  Le Parcq,50.08,1.542,Plein jour,En agglomération,Hors intersection,Normale,Deux véhicules - frontale,,,,,,,,,,,1,2,1,1,1
200800048720,0008-09-05 20:30:00,8,9,5,20,30,800,253,Route nationale 25,50.156,2.34,Nuit avec éclairage allumé,En agglomération,Hors intersection,Normale,Autre collision,,,,,,,,,,,5,2,1,1,6
200800048721,0008-09-10 14:15:00,8,9,10,14,15,800,253,RN25,50.158,2.345,Plein jour,En agglomération,Hors intersection,Normale,Deux véhicules - arrière,,,,,,,,,,,1,2,1,1,2
200800048722,0008-09-21 00:15:00,8,9,21,0,15,800,706,Rue de St-Ouen,,,Nuit avec éclairage allumé,En agglomération,Hors intersection,Normale,Deux véhicules - frontale,,,,,,,,,,,5,2,1,1,1
200800048723,0008-09-17 17:15:00,8,9,17,17,15,800,342,31 rue des vergers,,,Plein jour,En agglomération,Hors intersection,Normale,Deux véhicules - côté,,,,,,,,,,,1,2,1,1,3
200800048724,0008-09-11 17:00:00,8,9,11,17,0,800,555,,,,Plein jour,Hors agglomération,Hors intersection,Temps couvert,Deux véhicules - frontale,,,,,,,,,,,1,1,1,8,1
200800048725,0008-09-02 18:30:00,8,9,2,18,30,20,14,ROUTE DE CHAUNY,49.608,3.296,Plein jour,En agglomération,Hors intersection,Normale,Deux véhicules - côté,,,,,,,,,,,1,2,1,1,3
200800048726,0008-09-11 11:20:00,8,9,11,11,20,20,145,,49.636,3.175,Plein jour,Hors agglomération,Hors intersection,Normale,Autre collision,,,,,,,,,,,1,1,1,1,6
200800048727,0008-09-25 07:30:00,8,9,25,7,30,20,14,,,,Crépuscule ou aube,Hors agglomération,Hors intersection,Pluie légère,Autre collision,,,,,,,,,,,2,1,1,2,6
200800048728,0008-09-02 14:30:00,8,9,2,14,30,20,85,,,,Plein jour,Hors agglomération,Hors intersection,Temps couvert,Deux véhicules - frontale,,,,,,,,,,,1,1,1,8,1
200800048729,0008-09-22 12:10:00,8,9,22,12,10,20,328,,49.053,3.493,Plein jour,Hors agglomération,Hors intersection,Normale,Deux véhicules - côté,,,,,,,,,,,1,1,1,1,3
200800048730,0008-09-23 07:30:00,8,9,23,7,30,20,458,,48.898,3.483,Crépuscule ou aube,Hors agglomération,Hors intersection,Normale,Deux véhicules - frontale,,,,,,,,,,,2,1,1,1,1
200800048731,0008-09-28 14:45:00,8,9,28,14,45,20,748,Rue de l'Europe,49.08,3.612,Plein jour,En agglomération,Hors intersection,Normale,Deux véhicules - côté,,,,,,,,,,,1,2,1,1,3
200800048732,0008-09-26 18:00:00,8,9,26,18,0,20,242,,48.983,3.232,Plein jour,Hors agglomération,Hors intersection,Normale,Deux véhicules - frontale,,,,,,,,,,,1,1,1,1,1
200800048733,0008-09-08 06:30:00,8,9,8,6,30,20,496,,,,Crépuscule ou aube,Hors agglomération,Hors intersection,Normale,Deux véhicules - côté,,,,,,,,,,,2,1,1,1,3
200800048734,0008-09-14 16:00:00,8,9,14,16,0,20,713,rue de l'Horloge,,,Plein jour,En agglomération,Hors intersection,Normale,Autre collision,,,,,,,,,,,1,2,1,1,6
200800048735,0008-09-06 22:45:00,8,9,6,22,45,20,383,,,,Nuit sans éclairage public,Hors agglomération,Hors intersection,Normale,Deux véhicules - frontale,,,,,,,,,,,3,1,1,1,1
200800048736,0008-09-03 19:00:00,8,9,3,19,0,20,291,,49.971,3.281,Plein jour,Hors agglomération,Intersection en T,Normale,Deux véhicules - frontale,,,,,,,,,,,1,1,3,1,1
200800048737,0008-09-26 18:30:00,8,9,26,18,30,20,95,,49.99,3.485,Plein jour,Hors agglomération,Hors intersection,Pluie légère,Deux véhicules - frontale,,,,,,,,,,,1,1,1,2,1
200800048738,0008-09-27 19:00:00,8,9,27,19,0,20,184,,49.763,3.614,Plein jour,Hors agglomération,Hors intersection,Normale,Deux véhicules - frontale,,,,,,,,,,,1,1,1,1,1
200800048739,0008-09-05 18:15:00,8,9,5,18,15,20,804,,49.304,3.341,Plein jour,Hors agglomération,Hors intersection,Pluie légère,Deux véhicules - frontale,,,,,,,,,,,1,1,1,2,1
200800048740,0008-09-12 20:00:00,8,9,12,20,0,20,620,,49.402,3.528,Nuit avec éclairage non allumé,Hors agglomération,Hors intersection,Normale,Autre collision,,,,,,,,,,,4,1,1,1,6
200800048741,0008-09-13 15:45:00,8,9,13,15,45,20,368,,,,Plein jour,Hors agglomération,Hors intersection,Pluie légère,Deux véhicules - frontale,,,,,,,,,,,1,1,1,2,1
200800048742,0008-09-18 18:00:00,8,9,18,18,0,20,256,,,,Plein jour,Hors agglomération,Autre intersection,Normale,Deux véhicules - frontale,,,,,,,,,,,1,1,9,1,1
200800048743,0008-09-03 14:45:00,8,9,3,14,45,20,141,,49.983,3.904,Plein jour,Hors agglomération,Hors intersection,Normale,Deux véhicules - côté,,,,,,,,,,,1,1,1,1,3
200800048744,0008-09-12 15:00:00,8,9,12,15,0,20,324,,50.03,3.828,Plein jour,Hors agglomération,Hors intersection,Normale,Autre collision,,,,,,,,,,,1,1,1,1,6
200800048745,0008-09-13 19:15:00,8,9,13,19,15,20,312,,,,Crépuscule ou aube,Hors agglomération,Hors intersection,Normale,Autre collision,,,,,,,,,,,2,1,1,1,6
200800048746,0008-09-06 18:30:00,8,9,6,18,30,20,435,,49.867,4.25,Plein jour,Hors agglomération,Hors intersection,Temps éblouissant,Deux véhicules - côté,,,,,,,,,,,1,1,1,7,3
200800048747,0008-09-29 08:00:00,8,9,29,8,0,600,668,,,,Crépuscule ou aube,Hors agglomération,Intersection en X,Pluie légère,Deux véhicules - côté,,,,,,,,,,,2,1,2,2,3
200800048748,0008-09-19 16:00:00,8,9,19,16,0,600,510,,,,Plein jour,Hors agglomération,Intersection en T,Normale,Deux véhicules - côté,,,,,,,,,,,1,1,3,1,3
200800048749,0008-09-21 18:00:00,8,9,21,18,0,600,545,,,,Plein jour,Hors agglomération,Hors intersection,Normale,Deux véhicules - côté,,,,,,,,,,,1,1,1,1,3
200800048750,0008-09-21 17:15:00,8,9,21,17,15,600,605,,,,Plein jour,Hors agglomération,Hors intersection,Normale,Deux véhicules - côté,,,,,,,,,,,1,1,1,1,3
200800048751,0008-09-02 07:00:00,8,9,2,7,0,600,10,rue nationale a,,,Crépuscule ou aube,En agglomération,Hors intersection,Pluie légère,Deux véhicules - arrière,,,,,,,,,,,2,2,1,2,2
200800048752,0008-09-20 11:45:00,8,9,20,11,45,600,395,rue Jean Jaures,,,Plein jour,En agglomération,Hors intersection,Normale,Autre collision,,,,,,,,,,,1,2,1,1,6
200800048753,0008-09-20 15:45:00,8,9,20,15,45,600,10,,,,Plein jour,Hors agglomération,Hors intersection,Normale,Autre collision,,,,,,,,,,,1,1,1,1,6
200800048754,0008-09-16 13:15:00,8,9,16,13,15,600,8,,,,Plein jour,Hors agglomération,Hors intersection,Normale,Deux véhicules - frontale,,,,,,,,,,,1,1,1,1,1
200800048755,0008-09-22 17:15:00,8,9,22,17,15,600,157,Rue des Freres Labitte,,,Plein jour,En agglomération,Hors intersection,Normale,Autre collision,,,,,,,,,,,1,2,1,1,6
200800048756,0008-09-12 15:00:00,8,9,12,15,0,600,664,,,,Plein jour,Hors agglomération,Hors intersection,Normale,Deux véhicules - arrière,,,,,,,,,,,1,1,1,1,2
200800048757,0008-09-17 19:00:00,8,9,17,19,0,600,116,,49.32,2.368,Plein jour,En agglomération,Hors intersection,Normale,Deux véhicules - arrière,,,,,,,,,,,1,2,1,1,2
200800048758,0008-09-22 14:00:00,8,9,22,14,0,600,374,09 RUE FERNAND CARRE,49.555,2.52,Plein jour,En agglomération,Hors intersection,Pluie légère,Autre collision,,,,,,,,,,,1,2,1,2,6
200800048759,0008-09-29 07:45:00,8,9,29,7,45,600,456,,,,Plein jour,Hors agglomération,Hors intersection,Brouillard / fumée,Deux véhicules - côté,,,,,,,,,,,1,1,1,5,3
200800048760,0008-09-02 18:15:00,8,9,2,18,15,600,636,D932,,,Plein jour,En agglomération,Hors intersection,Normale,Deux véhicules - côté,,,,,,,,,,,1,2,1,1,3
200800048761,0008-09-06 14:45:00,8,9,6,14,45,600,129,,49.53,3.006,Plein jour,Hors agglomération,Hors intersection,Normale,Deux véhicules - frontale,,,,,,,,,,,1,1,1,1,1
200800048762,0008-09-22 21:15:00,8,9,22,21,15,600,647,RN 31,,,Nuit avec éclairage allumé,En agglomération,Hors intersection,Normale,Deux véhicules - frontale,,,,,,,,,,,5,2,1,1,1
200800048763,0008-09-22 16:15:00,8,9,22,16,15,600,537,rue Voltaire,,,Plein jour,En agglomération,Hors intersection,Normale,Trois véhicules et plus - collisions multiples,,,,,,,,,,,1,2,1,1,5
200800048764,0008-09-24 11:30:00,8,9,24,11,30,600,537,RUE PIERRE MARIE CURIE,,,Plein jour,En agglomération,Hors intersection,Normale,Deux véhicules - frontale,,,,,,,,,,,1,2,1,1,1
200800048765,0008-09-21 18:30:00,8,9,21,18,30,600,531,,,,Plein jour,Hors agglomération,Hors intersection,Normale,Deux véhicules - frontale,,,,,,,,,,,1,1,1,1,1
200800048766,0008-09-19 18:00:00,8,9,19,18,0,600,471,Rue de Chauny,,,Plein jour,En agglomération,Hors intersection,Pluie légère,Deux véhicules - arrière,,,,,,,,,,,1,2,1,2,2
200800048767,0008-09-17 05:45:00,8,9,17,5,45,570,356,rue de ZOUFFTGEN,49.444,6.109,Nuit sans éclairage public,En agglomération,Hors intersection,Normale,Autre collision,,,,,,,,,,,3,2,1,1,6
200800048768,0008-09-09 08:45:00,8,9,9,8,45,600,45,,49.221,2.682,Plein jour,Hors agglomération,Hors intersection,Normale,Deux véhicules - arrière,,,,,,,,,,,1,1,1,1,2
200800048769,0008-09-09 01:30:00,8,9,9,1,30,600,45,RUE DE MEAUX,49.227,2.668,Nuit sans éclairage public,En agglomération,Giratoire,Normale,Autre collision,,,,,,,,,,,3,2,6,1,6
200800048770,0008-09-10 19:00:00,8,9,10,19,0,600,346,,49.15,2.44,Plein jour,Hors agglomération,Giratoire,Normale,Deux véhicules - côté,,,,,,,,,,,1,1,6,1,3
200800048771,0008-09-15 16:45:00,8,9,15,16,45,600,282,,,,Plein jour,Hors agglomération,Hors intersection,Normale,Deux véhicules - arrière,,,,,,,,,,,1,1,1,1,2
200800048772,0008-09-19 18:15:00,8,9,19,18,15,600,695,"CD44, route de CHANTILLY",49.203,2.492,Plein jour,En agglomération,Hors intersection,Normale,Deux véhicules - arrière,,,,,,,,,,,1,2,1,1,2
200800048773,0008-09-02 16:15:00,8,9,2,16,15,600,509,"D1017, RUE PERRONET",,,Plein jour,En agglomération,Hors intersection,Normale,Trois véhicules et plus - collisions multiples,,,,,,,,,,,1,2,1,1,5
200800048774,0008-09-06 10:45:00,8,9,6,10,45,760,452,,,,Plein jour,Hors agglomération,Intersection en X,Normale,Trois véhicules et plus - collisions multiples,,,,,,,,,,,1,1,2,1,5
200800048775,0008-09-29 15:45:00,8,9,29,15,45,760,753,,49.343,1.151,Plein jour,Hors agglomération,Hors intersection,Normale,Deux véhicules - frontale,,,,,,,,,,,1,1,1,1,1
200800048776,0008-09-22 22:00:00,8,9,22,22,0,760,727,,,,Nuit sans éclairage public,Hors agglomération,Hors intersection,Normale,Autre collision,,,,,,,,,,,3,1,1,1,6
200800048777,0008-09-04 15:15:00,8,9,4,15,15,760,213,,49.713,0.486,Plein jour,Hors agglomération,Hors intersection,Normale,Deux véhicules - frontale,,,,,,,,,,,1,1,1,1,1
200800048778,0008-09-21 10:15:00,8,9,21,10,15,760,357,,,,Plein jour,Hors agglomération,Giratoire,Normale,Deux véhicules - frontale,,,,,,,,,,,1,1,6,1,1
200800048779,0008-09-15 15:00:00,8,9,15,15,0,760,716,,,,Plein jour,Hors agglomération,Hors intersection,Normale,Deux véhicules - frontale,,,,,,,,,,,1,1,1,1,1
200800048780,0008-09-06 18:45:00,8,9,6,18,45,760,592,route du mont criquet,,,Plein jour,En agglomération,Intersection en T,Normale,Deux véhicules - côté,,,,,,,,,,,1,2,3,1,3
200800048781,0008-09-29 06:30:00,8,9,29,6,30,760,421,,,,Crépuscule ou aube,Hors agglomération,Intersection en X,Brouillard / fumée,Deux véhicules - côté,,,,,,,,,,,2,1,2,5,3
200800048782,0008-09-16 11:00:00,8,9,16,11,0,760,489,la cote blanche,49.51,0.295,Plein jour,En agglomération,Intersection en X,Pluie légère,Deux véhicules - frontale,,,,,,,,,,,1,2,2,2,1
200800048783,0008-09-28 22:30:00,8,9,28,22,30,760,199,,49.658,1.703,Nuit sans éclairage public,Hors agglomération,Hors intersection,Brouillard / fumée,Deux véhicules - côté,,,,,,,,,,,3,1,1,5,3
200800048784,0008-09-08 07:00:00,8,9,8,7,0,760,648,CD38 PK1+400,,,Plein jour,En agglomération,Hors intersection,Normale,Deux véhicules - frontale,,,,,,,,,,,1,2,1,1,1
200800048785,0008-09-05 09:45:00,8,9,5,9,45,760,201,,,,Plein jour,Hors agglomération,Hors intersection,Pluie légère,Deux véhicules - frontale,,,,,,,,,,,1,1,1,2,1
200800048786,0008-09-09 18:30:00,8,9,9,18,30,760,124,,49.454,1.671,Plein jour,Hors agglomération,Hors intersection,Normale,Deux véhicules - frontale,,,,,,,,,,,1,1,1,1,1
200800048787,0008-09-12 16:15:00,8,9,12,16,15,760,48,,49.481,1.671,Plein jour,Hors agglomération,Hors intersection,Normale,Deux véhicules - côté,,,,,,,,,,,1,1,1,1,3
200800048788,0008-09-27 05:30:00,8,9,27,5,30,760,260,Route de BEAUVAIS,49.477,1.747,Nuit avec éclairage allumé,En agglomération,Hors intersection,Normale,Autre collision,,,,,,,,,,,5,2,1,1,6
200800048789,0008-09-15 17:30:00,8,9,15,17,30,760,1,,49.604,0.67,Plein jour,Hors agglomération,Hors intersection,Normale,Sans collision,,,,,,,,,,,1,1,1,1,7
200800048790,0008-09-17 19:30:00,8,9,17,19,30,760,718,,49.607,0.696,Plein jour,Hors agglomération,Hors intersection,Normale,Deux véhicules - côté,,,,,,,,,,,1,1,1,1,3
200800048791,0008-09-18 16:30:00,8,9,18,16,30,760,385,,,,Plein jour,Hors agglomération,Intersection en X,Normale,Deux véhicules - côté,,,,,,,,,,,1,1,2,1,3
200800048792,0008-09-27 15:00:00,8,9,27,15,0,760,57,BOULEVARD NORMANDIE,,,Plein jour,En agglomération,Hors intersection,Normale,Deux véhicules - arrière,,,,,,,,,,,1,2,1,1,2
200800048793,0008-09-07 21:15:00,8,9,7,21,15,760,663,,49.784,0.541,Nuit sans éclairage public,Hors agglomération,Hors intersection,Normale,Deux véhicules - côté,,,,,,,,,,,3,1,1,1,3
200800048794,0008-09-11 08:15:00,8,9,11,8,15,760,752,LE TORP MESNIL,49.735,0.899,Plein jour,En agglomération,Hors intersection,Normale,Deux véhicules - frontale,,,,,,,,,,,1,2,1,1,1
200800048795,0008-09-05 16:00:00,8,9,5,16,0,270,464,,,,Plein jour,Hors agglomération,Hors intersection,Pluie légère,Sans collision,,,,,,,,,,,1,1,1,2,7
200800048796,0008-09-15 08:00:00,8,9,15,8,0,270,229,,,,Plein jour,Hors agglomération,Hors intersection,Normale,Trois véhicules et plus - collisions multiples,,,,,,,,,,,1,1,1,1,5
200800048797,0008-09-15 15:30:00,8,9,15,15,30,270,650,,,,Plein jour,Hors agglomération,Intersection en X,Normale,Deux véhicules - frontale,,,,,,,,,,,1,1,2,1,1
200800048798,0008-09-17 09:00:00,8,9,17,9,0,270,353,,,,Plein jour,Hors agglomération,Hors intersection,Normale,Deux véhicules - frontale,,,,,,,,,,,1,1,1,1,1
200800048799,0008-09-20 11:30:00,8,9,20,11,30,270,165,,,,Plein jour,Hors agglomération,Hors intersection,Normale,Deux véhicules - frontale,,,,,,,,,,,1,1,1,1,1
200800048800,0008-09-26 14:45:00,8,9,26,14,45,270,615,,,,Plein jour,Hors agglomération,Hors intersection,Normale,Deux véhicules - frontale,,,,,,,,,,,1,1,1,1,1