accident_id,datetime,annee,mois,jour,heure,minute,departement,commune_insee,adresse,latitude,longitude,luminosite,agglomeration,intersection,meteo,collision,nb_vehicules,nb_usagers,nb_indemnes,nb_tues,nb_blesses_hosp,nb_blesses_legers,age_cond_1,age_cond_2,veh_type_cond_1,veh_type_cond_2,lum_code,agg_code,int_code,atm_code,col_code
200800049505,0008-09-21 17:45:00,8,9,21,17,45,201,324,,42.077,8.993,Plein jour,Hors agglomération,Hors intersection,Pluie légère,Trois véhicules et plus - collisions multiples,,,,,,,,,,,1,1,1,2,5
200800049506,0008-09-22 16:30:00,8,9,22,16,30,201,271,,41.985,8.836,Plein jour,Hors agglomération,Hors intersection,Normale,Autre collision,,,,,,,,,,,1,1,1,1,6
200800049507,0008-09-20 17:15:00,8,9,20,17,15,201,41,,41.485,9.205,Plein jour,Hors agglomération,Hors intersection,Pluie légère,Sans collision,,,,,,,,,,,1,1,1,2,7
200800049508,0008-09-06 17:30:00,8,9,6,17,30,201,247,"RN 198, route de BASTIA",,,Plein jour,En agglomération,Hors intersection,Normale,Deux véhicules - arrière,,,,,,,,,,,1,2,1,1,2
200800049509,0008-09-16 10:45:00,8,9,16,10,45,201,247,Route de BASTIA,,,Plein jour,En agglomération,Hors intersection,Normale,Deux véhicules - côté,,,,,,,,,,,1,2,1,1,3
200800049510,0008-09-02 22:15:00,8,9,2,22,15,201,249,,,,Nuit avec éclairage allumé,Hors agglomération,Hors intersection,Normale,Deux véhicules - frontale,,,,,,,,,,,5,1,1,1,1
200800049511,0008-09-10 16:00:00,8,9,10,16,0,202,148,,42.521,9.432,Plein jour,Hors agglomération,Hors intersection,Normale,Trois véhicules et plus - collisions multiples,,,,,,,,,,,1,1,1,1,5
200800049512,0008-09-11 16:15:00,8,9,11,16,15,202,148,cd 507,42.553,9.447,Plein jour,En agglomération,Hors intersection,Normale,Deux véhicules - côté,,,,,,,,,,,1,2,1,1,3
200800049513,0008-09-18 19:30:00,8,9,18,19,30,202,148,,,,Nuit avec éclairage allumé,Hors agglomération,Hors intersection,Normale,Deux véhicules - arrière,,,,,,,,,,,5,1,1,1,2
200800049514,0008-09-28 08:30:00,8,9,28,8,30,202,355,,,,Plein jour,Hors agglomération,Hors intersection,Normale,Autre collision,,,,,,,,,,,1,1,1,1,6
200800049515,0008-09-29 14:45:00,8,9,29,14,45,202,42,,42.548,9.456,Plein jour,Hors agglomération,Hors intersection,Normale,Autre collision,,,,,,,,,,,1,1,1,1,6
200800049516,0008-09-15 15:15:00,8,9,15,15,15,202,109,,,,Plein jour,Hors agglomération,Hors intersection,Normale,Autre collision,,,,,,,,,,,1,1,1,1,6
200800049517,0008-09-22 20:45:00,8,9,22,20,45,202,50,,42.549,8.787,Nuit sans éclairage public,Hors agglomération,Hors intersection,Normale,Deux véhicules - côté,,,,,,,,,,,3,1,1,1,3
200800049518,0008-09-25 15:00:00,8,9,25,15,0,202,50,,,,Plein jour,Hors agglomération,Hors intersection,Normale,Trois véhicules et plus - en chaîne,,,,,,,,,,,1,1,1,1,4
200800049519,0008-09-07 15:00:00,8,9,7,15,0,202,93,,42.627,8.911,Plein jour,Hors agglomération,Hors intersection,Normale,Deux véhicules - frontale,,,,,,,,,,,1,1,1,1,1
200800049520,0008-09-01 16:00:00,8,9,1,16,0,202,341,,42.244,9.183,Plein jour,Hors agglomération,Hors intersection,Pluie légère,Sans collision,,,,,,,,,,,1,1,1,2,7
200800049521,0008-09-29 16:45:00,8,9,29,16,45,202,354,,42.125,9.132,Plein jour,Hors agglomération,Hors intersection,Normale,Deux véhicules - frontale,,,,,,,,,,,1,1,1,1,1
200800049522,0008-09-09 16:45:00,8,9,9,16,45,202,9,,42.162,9.519,Plein jour,Hors agglomération,Hors intersection,Normale,Deux véhicules - frontale,,,,,,,,,,,1,1,1,1,1
200800049523,0008-09-15 10:00:00,8,9,15,10,0,202,16,,42.165,9.369,Plein jour,Hors agglomération,Hors intersection,Normale,Sans collision,,,,,,,,,,,1,1,1,1,7
200800049524,0008-09-13 17:15:00,8,9,13,17,15,202,313,Moriani Plage,42.365,9.531,Plein jour,En agglomération,Hors intersection,Normale,Autre collision,,,,,,,,,,,1,2,1,1,6
200800049525,0008-09-03 20:30:00,8,9,3,20,30,202,207,FOLELLI,42.452,9.508,Crépuscule ou aube,En agglomération,Hors intersection,Normale,Deux véhicules - côté,,,,,,,,,,,2,2,1,1,3
200800049526,0008-09-05 17:15:00,8,9,5,17,15,202,286,,42.486,9.467,Plein jour,Hors agglomération,Hors intersection,Normale,Deux véhicules - frontale,,,,,,,,,,,1,1,1,1,1
200800049527,0008-09-21 12:45:00,8,9,21,12,45,780,255,RD113,49.041,1.599,Plein jour,En agglomération,Hors intersection,Normale,Deux véhicules - côté,,,,,,,,,,,1,2,1,1,3
200800049528,0008-09-19 21:30:00,8,9,19,21,30,780,310,,48.797,1.595,Nuit sans éclairage public,Hors agglomération,Hors intersection,Normale,Autre collision,,,,,,,,,,,3,1,1,1,6
200800049529,0008-09-30 14:00:00,8,9,30,14,0,780,310,,48.815,1.589,Plein jour,Hors agglomération,Hors intersection,Temps couvert,Deux véhicules - frontale,,,,,,,,,,,1,1,1,8,1
200800049530,0008-09-28 16:30:00,8,9,28,16,30,780,234,,,,Plein jour,Hors agglomération,Hors intersection,Normale,Deux véhicules - côté,,,,,,,,,,,1,1,1,1,3
200800049531,0008-09-17 16:30:00,8,9,17,16,30,780,407,,48.668,1.635,Plein jour,Hors agglomération,Hors intersection,Normale,Autre collision,,,,,,,,,,,1,1,1,1,6
200800049532,0008-09-14 19:45:00,8,9,14,19,45,780,334,route de maison blanche,48.739,1.946,Plein jour,En agglomération,Hors intersection,Normale,Autre collision,,,,,,,,,,,1,2,1,1,6
200800049533,0008-09-19 03:15:00,8,9,19,3,15,780,389,,48.832,1.821,Nuit sans éclairage public,Hors agglomération,Hors intersection,Normale,Deux véhicules - arrière,,,,,,,,,,,3,1,1,1,2
200800049534,0008-09-05 16:15:00,8,9,5,16,15,780,321,,48.786,1.891,Plein jour,Hors agglomération,Hors intersection,Pluie légère,Deux véhicules - arrière,,,,,,,,,,,1,1,1,2,2
200800049535,0008-09-14 18:45:00,8,9,14,18,45,780,550,RUE DE LA MAIRIE,48.837,1.9,Plein jour,En agglomération,Hors intersection,Normale,Deux véhicules - côté,,,,,,,,,,,1,2,1,1,3
200800049536,0008-09-28 21:30:00,8,9,28,21,30,780,321,,48.798,1.899,Nuit sans éclairage public,Hors agglomération,Hors intersection,Normale,Autre collision,,,,,,,,,,,3,1,1,1,6
200800049537,0008-09-10 11:00:00,8,9,10,11,0,780,522,,,,Plein jour,Hors agglomération,Hors intersection,Normale,Trois véhicules et plus - collisions multiples,,,,,,,,,,,1,1,1,1,5
200800049538,0008-09-11 12:45:00,8,9,11,12,45,780,601,2 hameau de la Huniere,,,Plein jour,En agglomération,Hors intersection,Normale,Deux véhicules - arrière,,,,,,,,,,,1,2,1,1,2
200800049539,0008-09-13 17:30:00,8,9,13,17,30,780,125,,,,Plein jour,Hors agglomération,Hors intersection,Temps couvert,Trois véhicules et plus - collisions multiples,,,,,,,,,,,1,1,1,8,5
200800049540,0008-09-04 19:30:00,8,9,4,19,30,910,195,,48.459,2.471,Crépuscule ou aube,Hors agglomération,Hors intersection,Pluie légère,Deux véhicules - côté,,,,,,,,,,,2,1,1,2,3
200800049541,0008-09-18 07:30:00,8,9,18,7,30,910,405,,48.416,2.466,Plein jour,Hors agglomération,Giratoire,Normale,Deux véhicules - côté,,,,,,,,,,,1,1,6,1,3
200800049542,0008-09-15 19:00:00,8,9,15,19,0,910,35,,48.466,1.967,Plein jour,Hors agglomération,Hors intersection,Normale,Autre collision,,,,,,,,,,,1,1,1,1,6
200800049543,0008-09-01 07:15:00,8,9,1,7,15,910,390,rue de la liberation,,,Plein jour,En agglomération,Place,Normale,Deux véhicules - côté,,,,,,,,,,,1,2,7,1,3
200800049544,0008-09-27 10:00:00,8,9,27,10,0,910,661,,,,Plein jour,Hors agglomération,Hors intersection,Normale,Deux véhicules - côté,,,,,,,,,,,1,1,1,1,3
200800049545,0008-09-01 15:15:00,8,9,1,15,15,910,458,rue du blois clair,48.666,2.249,Plein jour,En agglomération,Hors intersection,Normale,Deux véhicules - frontale,,,,,,,,,,,1,2,1,1,1
200800049546,0008-09-11 08:45:00,8,9,11,8,45,910,272,D 306 chemin de la Gourd,,,Plein jour,En agglomération,Hors intersection,Normale,Deux véhicules - côté,,,,,,,,,,,1,2,1,1,3
200800049547,0008-09-24 17:00:00,8,9,24,17,0,950,39,40 rue MARCEL MARTIN,,,Plein jour,En agglomération,Hors intersection,Normale,Deux véhicules - côté,,,,,,,,,,,1,2,1,1,3
200800049548,0008-09-04 18:30:00,8,9,4,18,30,950,535,,,,Plein jour,Hors agglomération,Intersection en T,Normale,Deux véhicules - frontale,,,,,,,,,,,1,1,3,1,1
200800049549,0008-09-09 16:00:00,8,9,9,16,0,950,658,,,,Plein jour,Hors agglomération,Hors intersection,Normale,Deux véhicules - arrière,,,,,,,,,,,1,1,1,1,2
200800049550,0008-09-25 11:30:00,8,9,25,11,30,950,489,,,,Plein jour,Hors agglomération,Hors intersection,Normale,Deux véhicules - côté,,,,,,,,,,,1,1,1,1,3
200800049551,0008-09-01 11:15:00,8,9,1,11,15,770,175,,48.626,2.638,Plein jour,Hors agglomération,Intersection en T,Normale,Deux véhicules - côté,,,,,,,,,,,1,1,3,1,3
200800049552,0008-09-22 06:45:00,8,9,22,6,45,770,295,,48.573,2.731,Crépuscule ou aube,Hors agglomération,Intersection en T,Normale,Deux véhicules - côté,,,,,,,,,,,2,1,3,1,3
200800049553,0008-09-27 15:30:00,8,9,27,15,30,770,453,,48.553,2.766,Plein jour,Hors agglomération,Intersection en X,Normale,Deux véhicules - frontale,,,,,,,,,,,1,1,2,1,1
200800049554,0008-09-22 08:30:00,8,9,22,8,30,770,222,RD 619 FACE A L EGLISE,48.641,2.797,Plein jour,En agglomération,Hors intersection,Normale,Deux véhicules - côté,,,,,,,,,,,1,2,1,1,3
200800049555,0008-09-30 10:45:00,8,9,30,10,45,770,222,,48.631,2.818,Plein jour,Hors agglomération,Hors intersection,Pluie légère,Deux véhicules - arrière,,,,,,,,,,,1,1,1,2,2
200800049556,0008-09-10 12:45:00,8,9,10,12,45,770,82,,48.592,2.784,Plein jour,Hors agglomération,Hors intersection,Normale,Deux véhicules - côté,,,,,,,,,,,1,1,1,1,3
200800049557,0008-09-15 06:00:00,8,9,15,6,0,770,44,rue Grande (RD57),48.58,2.857,Nuit avec éclairage allumé,En agglomération,Hors intersection,Normale,Autre collision,,,,,,,,,,,5,2,1,1,6
200800049558,0008-09-17 19:30:00,8,9,17,19,30,770,97,,48.768,3.268,Plein jour,Hors agglomération,Intersection en X,Normale,Deux véhicules - côté,,,,,,,,,,,1,1,2,1,3
200800049559,0008-09-25 17:30:00,8,9,25,17,30,770,183,,48.962,3.137,Plein jour,Hors agglomération,Hors intersection,Normale,Autre collision,,,,,,,,,,,1,1,1,1,6
200800049560,0008-09-26 06:00:00,8,9,26,6,0,770,451,,48.932,3.075,Nuit sans éclairage public,Hors agglomération,Hors intersection,Normale,Sans collision,,,,,,,,,,,3,1,1,1,7
200800049561,0008-09-18 17:45:00,8,9,18,17,45,770,508,,48.809,2.842,Plein jour,Hors agglomération,Hors intersection,Normale,Deux véhicules - côté,,,,,,,,,,,1,1,1,1,3
200800049562,0008-09-24 18:30:00,8,9,24,18,30,770,106,,48.815,3.189,Plein jour,Hors agglomération,Hors intersection,Normale,Deux véhicules - arrière,,,,,,,,,,,1,1,1,1,2
200800049563,0008-09-19 18:45:00,8,9,19,18,45,770,393,rue de Vilpre face ATAC,48.681,2.97,Plein jour,En agglomération,Hors intersection,Normale,Deux véhicules - côté,,,,,,,,,,,1,2,1,1,3
200800049564,0008-09-08 14:00:00,8,9,8,14,0,770,88,rd 152/rd 16,48.322,2.571,Plein jour,En agglomération,Intersection en X,Normale,Deux véhicules - côté,,,,,,,,,,,1,2,2,1,3
200800049565,0008-09-11 20:30:00,8,9,11,20,30,770,465,,48.31,2.94,Nuit sans éclairage public,Hors agglomération,Hors intersection,Normale,Deux véhicules - frontale,,,,,,,,,,,3,1,1,1,1
200800049566,0008-09-28 18:45:00,8,9,28,18,45,770,232,CD5,48.917,2.814,Crépuscule ou aube,En agglomération,Hors intersection,Normale,Deux véhicules - frontale,,,,,,,,,,,2,2,1,1,1
200800049567,0008-09-10 17:00:00,8,9,10,17,0,770,309,,49.024,2.823,Plein jour,Hors agglomération,Giratoire,Normale,Sans collision,,,,,,,,,,,1,1,6,1,7
200800049568,0008-09-15 09:45:00,8,9,15,9,45,770,327,10 rue st exupery,48.557,3.02,Plein jour,En agglomération,Hors intersection,Normale,Autre collision,,,,,,,,,,,1,2,1,1,6
200800049569,0008-09-03 15:00:00,8,9,3,15,0,450,98,,47.832,1.738,Plein jour,Hors agglomération,Hors intersection,Pluie légère,Sans collision,,,,,,,,,,,1,1,1,2,7
200800049570,0008-09-21 13:30:00,8,9,21,13,30,450,146,49 RUE DU GENERAL LECLER,,,Plein jour,En agglomération,Hors intersection,Temps éblouissant,Deux véhicules - frontale,,,,,,,,,,,1,2,1,7,1
200800049571,0008-09-27 13:00:00,8,9,27,13,0,450,146,RUE DU EGENRAL LECLERC,,,Plein jour,En agglomération,Hors intersection,Normale,Deux véhicules - arrière,,,,,,,,,,,1,2,1,1,2
200800049572,0008-09-10 16:30:00,8,9,10,16,30,450,269,,,,Plein jour,Hors agglomération,Hors intersection,Normale,Deux véhicules - frontale,,,,,,,,,,,1,1,1,1,1
200800049573,0008-09-06 23:45:00,8,9,6,23,45,450,224,CD 110,48.246,2.037,Nuit avec éclairage allumé,En agglomération,Intersection en T,Normale,Deux véhicules - côté,,,,,,,,,,,5,2,3,1,3
200800049574,0008-09-19 23:45:00,8,9,19,23,45,450,224,,48.102,2.032,Nuit sans éclairage public,Hors agglomération,Hors intersection,Normale,Sans collision,,,,,,,,,,,3,1,1,1,7
200800049575,0008-09-30 06:45:00,8,9,30,6,45,450,163,,,,Crépuscule ou aube,Hors agglomération,Hors intersection,Normale,Sans collision,,,,,,,,,,,2,1,1,1,7
200800049576,0008-09-20 11:30:00,8,9,20,11,30,450,254,,,,Plein jour,Hors agglomération,Hors intersection,Normale,Deux véhicules - arrière,,,,,,,,,,,1,1,1,1,2
200800049577,0008-09-24 21:45:00,8,9,24,21,45,450,155,,47.755,2.696,Nuit sans éclairage public,Hors agglomération,Hors intersection,Normale,Deux véhicules - côté,,,,,,,,,,,3,1,1,1,3
200800049578,0008-09-29 18:45:00,8,9,29,18,45,450,180,,,,Plein jour,En agglomération,Hors intersection,Normale,Sans collision,,,,,,,,,,,1,2,1,1,7
200800049579,0008-09-01 15:00:00,8,9,1,15,0,450,53,Boulevard Loreau,47.657,2.725,Plein jour,En agglomération,Hors intersection,Normale,Deux véhicules - arrière,,,,,,,,,,,1,2,1,1,2
200800049580,0008-09-16 19:45:00,8,9,16,19,45,450,315,,,,Plein jour,Hors agglomération,Hors intersection,Normale,Deux véhicules - frontale,,,,,,,,,,,1,1,1,1,1
200800049581,0008-09-09 19:00:00,8,9,9,19,0,450,92,,,,Plein jour,Hors agglomération,Hors intersection,Normale,Autre collision,,,,,,,,,,,1,1,1,1,6
200800049582,0008-09-19 16:15:00,8,9,19,16,15,450,345,,,,Plein jour,Hors agglomération,Hors intersection,Normale,Deux véhicules - côté,,,,,,,,,,,1,1,1,1,3
200800049583,0008-09-02 08:15:00,8,9,2,8,15,450,210,,,,Plein jour,Hors agglomération,Autre intersection,Normale,Autre collision,,,,,,,,,,,1,1,9,1,6
200800049584,0008-09-14 23:30:00,8,9,14,23,30,450,230,rue du haut - RD 738,,,Nuit sans éclairage public,En agglomération,Hors intersection,Normale,Autre collision,,,,,,,,,,,3,2,1,1,6
200800049585,0008-09-16 15:15:00,8,9,16,15,15,450,212,"D117, route de Solterre",,,Plein jour,En agglomération,Hors intersection,Normale,Deux véhicules - frontale,,,,,,,,,,,1,2,1,1,1
200800049586,0008-09-13 20:45:00,8,9,13,20,45,450,192,,48.238,2.324,Nuit sans éclairage public,Hors agglomération,Hors intersection,Normale,Deux véhicules - arrière,,,,,,,,,,,3,1,1,1,2
200800049587,0008-09-06 09:15:00,8,9,6,9,15,180,118,,47.059,2.986,Plein jour,Hors agglomération,Hors intersection,Pluie forte,Deux véhicules - côté,,,,,,,,,,,1,1,1,3,3
200800049588,0008-09-14 17:00:00,8,9,14,17,0,180,23,,47.088,2.723,Plein jour,Hors agglomération,Hors intersection,Normale,Autre collision,,,,,,,,,,,1,1,1,1,6
200800049589,0008-09-15 17:00:00,8,9,15,17,0,180,75,route de la Guerche,47.016,3.054,Plein jour,En agglomération,Hors intersection,Normale,Deux véhicules - côté,,,,,,,,,,,1,2,1,1,3
200800049590,0008-09-06 16:00:00,8,9,6,16,0,180,76,,,,Plein jour,Hors agglomération,Hors intersection,Normale,Trois véhicules et plus - collisions multiples,,,,,,,,,,,1,1,1,1,5
200800049591,0008-09-23 19:45:00,8,9,23,19,45,180,38,Route de Vallenay,46.772,2.427,Crépuscule ou aube,En agglomération,Hors intersection,Normale,Autre collision,,,,,,,,,,,2,2,1,1,6
200800049592,0008-09-21 08:00:00,8,9,21,8,0,180,129,,46.98,2.418,Plein jour,Hors agglomération,Hors intersection,Normale,Deux véhicules - frontale,,,,,,,,,,,1,1,1,1,1
200800049593,0008-09-06 15:30:00,8,9,6,15,30,180,54,route de Blet,46.9,2.75,Plein jour,En agglomération,Hors intersection,Normale,Autre collision,,,,,,,,,,,1,2,1,1,6
200800049594,0008-09-27 08:45:00,8,9,27,8,45,180,15,Boulevard de republique,,,Plein jour,En agglomération,Hors intersection,Normale,Deux véhicules - arrière,,,,,,,,,,,1,2,1,1,2
200800049595,0008-09-01 11:00:00,8,9,1,11,0,180,141,,,,Plein jour,Hors agglomération,Hors intersection,Normale,Deux véhicules - frontale,,,,,,,,,,,1,1,1,1,1
200800049596,0008-09-13 04:15:00,8,9,13,4,15,280,358,RD 6.2,,,Nuit avec éclairage allumé,En agglomération,Hors intersection,Normale,Autre collision,,,,,,,,,,,5,2,1,1,6
200800049597,0008-09-19 17:15:00,8,9,19,17,15,280,24,,48.419,1.473,Plein jour,Hors agglomération,Hors intersection,Normale,Deux véhicules - arrière,,,,,,,,,,,1,1,1,1,2
200800049598,0008-09-05 08:30:00,8,9,5,8,30,280,286,,48.413,1.313,Plein jour,Hors agglomération,Intersection en X,Normale,Deux véhicules - côté,,,,,,,,,,,1,1,2,1,3
200800049599,0008-09-09 13:15:00,8,9,9,13,15,280,15,rue Jean Jaures,48.471,1.765,Plein jour,En agglomération,Hors intersection,Normale,Autre collision,,,,,,,,,,,1,2,1,1,6
200800049600,0008-09-18 21:45:00,8,9,18,21,45,280,366,,48.393,1.728,Nuit sans éclairage public,Hors agglomération,Hors intersection,Normale,Sans collision,,,,,,,,,,,3,1,1,1,7
200800049601,0008-09-22 16:45:00,8,9,22,16,45,280,227,,,,Plein jour,Hors agglomération,Hors intersection,Normale,Autre collision,,,,,,,,,,,1,1,1,1,6
200800049602,0008-09-03 10:15:00,8,9,3,10,15,280,311,,48.212,1.852,Plein jour,Hors agglomération,Hors intersection,Pluie légère,Deux véhicules - côté,,,,,,,,,,,1,1,1,2,3
200800049603,0008-09-20 14:30:00,8,9,20,14,30,280,422,,,,Plein jour,Hors agglomération,Hors intersection,Normale,Deux véhicules - côté,,,,,,,,,,,1,1,1,1,3
200800049604,0008-09-21 21:30:00,8,9,21,21,30,280,284,,48.229,1.95,Nuit avec éclairage allumé,Hors agglomération,Hors intersection,Normale,Deux véhicules - arrière,,,,,,,,,,,5,1,1,1,2
200800049605,0008-09-25 07:15:00,8,9,25,7,15,280,364,,,,Plein jour,Hors agglomération,Hors intersection,Normale,Sans collision,,,,,,,,,,,1,1,1,1,7
200800049606,0008-09-03 20:15:00,8,9,3,20,15,280,318,33 grande rue,,,Plein jour,En agglomération,Hors intersection,Normale,Sans collision,,,,,,,,,,,1,2,1,1,7
200800049607,0008-09-08 17:45:00,8,9,8,17,45,280,251,,48.718,1.435,Plein jour,Hors agglomération,Hors intersection,Normale,Deux véhicules - frontale,,,,,,,,,,,1,1,1,1,1
200800049608,0008-09-15 19:00:00,8,9,15,19,0,280,348,LES CAVES,48.762,1.212,Plein jour,En agglomération,Hors intersection,Normale,Deux véhicules - côté,,,,,,,,,,,1,2,1,1,3
200800049609,0008-09-28 13:00:00,8,9,28,13,0,280,373,,48.556,1.031,Plein jour,Hors agglomération,Hors intersection,Normale,Deux véhicules - côté,,,,,,,,,,,1,1,1,1,3
200800049610,0008-09-12 23:45:00,8,9,12,23,45,280,54,,48.656,1.398,Nuit sans éclairage public,Hors agglomération,Hors intersection,Normale,Deux véhicules - frontale,,,,,,,,,,,3,1,1,1,1
200800049611,0008-09-18 17:00:00,8,9,18,17,0,280,10,,48.286,0.983,Plein jour,Hors agglomération,Intersection en X,Normale,Deux véhicules - frontale,,,,,,,,,,,1,1,2,1,1
200800049612,0008-09-22 09:15:00,8,9,22,9,15,360,187,,,,Plein jour,Hors agglomération,Hors intersection,Normale,Autre collision,,,,,,,,,,,1,1,1,1,6
200800049613,0008-09-21 11:15:00,8,9,21,11,15,360,31,,46.88,1.423,Plein jour,Hors agglomération,Hors intersection,Normale,Deux véhicules - arrière,,,,,,,,,,,1,1,1,1,2
200800049614,0008-09-03 16:30:00,8,9,3,16,30,360,233,,47.261,1.546,Plein jour,Hors agglomération,Hors intersection,Pluie légère,Deux véhicules - côté,,,,,,,,,,,1,1,1,2,3
200800049615,0008-09-18 19:30:00,8,9,18,19,30,360,10,,46.864,1.063,Plein jour,Hors agglomération,Hors intersection,Normale,Deux véhicules - frontale,,,,,,,,,,,1,1,1,1,1
200800049616,0008-09-03 13:15:00,8,9,3,13,15,360,60,,46.481,1.929,Plein jour,Hors agglomération,Hors intersection,Pluie forte,Sans collision,,,,,,,,,,,1,1,1,3,7
200800049617,0008-09-03 14:00:00,8,9,3,14,0,360,60,,46.461,1.889,Plein jour,Hors agglomération,Hors intersection,Pluie forte,Autre collision,,,,,,,,,,,1,1,1,3,6
200800049618,0008-09-26 20:30:00,8,9,26,20,30,370,3,,47.398,1.004,Nuit sans éclairage public,Hors agglomération,Intersection en T,Normale,Deux véhicules - côté,,,,,,,,,,,3,1,3,1,3
200800049619,0008-09-10 18:45:00,8,9,10,18,45,370,279,,47.582,0.339,Plein jour,Hors agglomération,Hors intersection,Normale,Autre collision,,,,,,,,,,,1,1,1,1,6
200800049620,0008-09-22 22:45:00,8,9,22,22,45,370,81,,47.405,0.409,Nuit sans éclairage public,Hors agglomération,Hors intersection,Normale,Sans collision,,,,,,,,,,,3,1,1,1,7
200800049621,0008-09-19 18:45:00,8,9,19,18,45,370,231,,47.557,0.472,Plein jour,Hors agglomération,Hors intersection,Normale,Sans collision,,,,,,,,,,,1,1,1,1,7
200800049622,0008-09-26 12:15:00,8,9,26,12,15,370,179,,47.45,0.725,Plein jour,Hors agglomération,Hors intersection,Normale,Deux véhicules - arrière,,,,,,,,,,,1,1,1,1,2
200800049623,0008-09-26 23:00:00,8,9,26,23,0,370,222,,47.074,1.038,Nuit sans éclairage public,Hors agglomération,Hors intersection,Normale,Autre collision,,,,,,,,,,,3,1,1,1,6
200800049624,0008-09-02 17:15:00,8,9,2,17,15,370,19,,46.896,0.745,Plein jour,Hors agglomération,Hors intersection,Pluie légère,Sans collision,,,,,,,,,,,1,1,1,2,7
200800049625,0008-09-10 18:45:00,8,9,10,18,45,370,64,,46.883,0.863,Plein jour,Hors agglomération,Hors intersection,Normale,Deux véhicules - côté,,,,,,,,,,,1,1,1,1,3
200800049626,0008-09-26 12:15:00,8,9,26,12,15,370,98,,47.078,0.615,Plein jour,Hors agglomération,Hors intersection,Normale,Deux véhicules - côté,,,,,,,,,,,1,1,1,1,3
200800049627,0008-09-08 18:45:00,8,9,8,18,45,410,91,route de blois,,,Plein jour,En agglomération,Hors intersection,Normale,Sans collision,,,,,,,,,,,1,2,1,1,7
200800049628,0008-09-04 13:15:00,8,9,4,13,15,410,276,,47.627,1.328,Plein jour,Hors agglomération,Giratoire,Normale,Deux véhicules - frontale,,,,,,,,,,,1,1,6,1,1
200800049629,0008-09-10 23:15:00,8,9,10,23,15,410,173,,47.939,1.513,Nuit sans éclairage public,Hors agglomération,Hors intersection,Normale,Sans collision,,,,,,,,,,,3,1,1,1,7
200800049630,0008-09-12 13:15:00,8,9,12,13,15,410,105,,47.795,1.54,Plein jour,Hors agglomération,Hors intersection,Normale,Deux véhicules - frontale,,,,,,,,,,,1,1,1,1,1
200800049631,0008-09-03 16:15:00,8,9,3,16,15,410,252,,,,Plein jour,Hors agglomération,Hors intersection,Temps couvert,Sans collision,,,,,,,,,,,1,1,1,8,7
200800049632,0008-09-13 15:30:00,8,9,13,15,30,410,139,,,,Plein jour,Hors agglomération,Hors intersection,Normale,Sans collision,,,,,,,,,,,1,1,1,1,7
200800049633,0008-09-21 03:15:00,8,9,21,3,15,410,180,,,,Nuit sans éclairage public,Hors agglomération,Hors intersection,Normale,Sans collision,,,,,,,,,,,3,1,1,1,7
200800049634,0008-09-29 18:30:00,8,9,29,18,30,410,180,,47.369,1.269,Plein jour,Hors agglomération,Hors intersection,Normale,Autre collision,,,,,,,,,,,1,1,1,1,6
200800049635,0008-09-14 15:00:00,8,9,14,15,0,410,232,,,,Plein jour,Hors agglomération,Hors intersection,Normale,Deux véhicules - arrière,,,,,,,,,,,1,1,1,1,2
200800049636,0008-09-19 09:45:00,8,9,19,9,45,410,110,,,,Plein jour,Hors agglomération,Hors intersection,Normale,Autre collision,,,,,,,,,,,1,1,1,1,6
200800049637,0008-09-04 17:45:00,8,9,4,17,45,410,1,,,,Plein jour,Hors agglomération,Intersection en T,Normale,Deux véhicules - côté,,,,,,,,,,,1,1,3,1,3
200800049638,0008-09-19 15:00:00,8,9,19,15,0,410,238,Rue de la Sausserie,,,Plein jour,En agglomération,Hors intersection,Normale,Deux véhicules - frontale,,,,,,,,,,,1,2,1,1,1
200800049639,0008-09-10 06:00:00,8,9,10,6,0,410,235,,47.914,0.856,Plein jour,Hors agglomération,Hors intersection,Normale,Deux véhicules - arrière,,,,,,,,,,,1,1,1,1,2
200800049640,0008-09-12 12:30:00,8,9,12,12,30,410,235,,,,Plein jour,Hors agglomération,Hors intersection,Normale,Deux véhicules - frontale,,,,,,,,,,,1,1,1,1,1
200800049641,0008-09-19 20:00:00,8,9,19,20,0,330,214,,,,Crépuscule ou aube,Hors agglomération,Hors intersection,Normale,Deux véhicules - côté,,,,,,,,,,,2,1,1,1,3
200800049642,0008-09-04 06:15:00,8,9,4,6,15,290,150,05 Rue des Ecoles,47.819,-3.625,Nuit avec éclairage allumé,En agglomération,Place,Pluie forte,Autre collision,,,,,,,,,,,5,2,7,3,6
200800049643,0008-09-19 08:00:00,8,9,19,8,0,290,293,52 Rue de Concarneau,47.861,-3.854,Plein jour,En agglomération,Hors intersection,Normale,Autre collision,,,,,,,,,,,1,2,1,1,6
200800049644,0008-09-10 15:00:00,8,9,10,15,0,130,33,,43.378,5.187,Plein jour,Hors agglomération,Hors intersection,Normale,Deux véhicules - arrière,,,,,,,,,,,1,1,1,1,2