accident_id,datetime,annee,mois,jour,heure,minute,departement,commune_insee,adresse,latitude,longitude,luminosite,agglomeration,intersection,meteo,collision,nb_vehicules,nb_usagers,nb_indemnes,nb_tues,nb_blesses_hosp,nb_blesses_legers,age_cond_1,age_cond_2,veh_type_cond_1,veh_type_cond_2,lum_code,agg_code,int_code,atm_code,col_code
200800049645,0008-09-10 15:00:00,8,9,10,15,0,130,104,Avenue Jules Moulet,,,Plein jour,En agglomération,Hors intersection,Normale,Autre collision,,,,,,,,,,,1,2,1,1,6
200800049646,0008-09-17 18:30:00,8,9,17,18,30,950,365,,,,Plein jour,Hors agglomération,Hors intersection,Normale,Autre collision,,,,,,,,,,,1,1,1,1,6
200800049647,0008-09-03 11:45:00,8,9,3,11,45,870,19,,46.069,1.302,Plein jour,Hors agglomération,Hors intersection,Pluie forte,Deux véhicules - frontale,,,,,,,,,,,1,1,1,3,1
200800049648,0008-09-21 01:00:00,8,9,21,1,0,670,459,,,,Nuit sans éclairage public,Hors agglomération,Intersection en X,Normale,Deux véhicules - côté,,,,,,,,,,,3,1,2,1,3
200800049649,0008-09-10 16:00:00,8,9,10,16,0,330,65,route de Latresne,44.825,-0.512,Plein jour,En agglomération,Hors intersection,Normale,Deux véhicules - arrière,,,,,,,,,,,1,2,1,1,2
200800049650,0008-09-01 21:45:00,8,9,1,21,45,580,303,CD 907,47.013,3.153,Nuit avec éclairage allumé,En agglomération,Hors intersection,Normale,Deux véhicules - côté,,,,,,,,,,,5,2,1,1,3
200800049651,0008-09-25 08:30:00,8,9,25,8,30,470,9,,44.122,0.289,Plein jour,Hors agglomération,Hors intersection,Normale,Trois véhicules et plus - collisions multiples,,,,,,,,,,,1,1,1,1,5
200800049652,0008-09-10 09:15:00,8,9,10,9,15,570,41,,49.421,5.936,Nuit sans éclairage public,Hors agglomération,Hors intersection,Normale,Deux véhicules - côté,,,,,,,,,,,3,1,1,1,3
200800049653,0008-09-10 21:15:00,8,9,10,21,15,570,731,04 Avenue de la Liberte,,,Nuit avec éclairage allumé,En agglomération,Hors intersection,Normale,Autre collision,,,,,,,,,,,5,2,1,1,6
200800049654,0008-09-04 12:30:00,8,9,4,12,30,340,123,avenue de l'europe,,,Plein jour,En agglomération,Hors intersection,Normale,Deux véhicules - arrière,,,,,,,,,,,1,2,1,1,2
200800049655,0008-09-05 16:45:00,8,9,5,16,45,340,123,AVENUE DE LODEVE,43.618,3.815,Plein jour,En agglomération,Hors intersection,Normale,Deux véhicules - côté,,,,,,,,,,,1,2,1,1,3
200800049656,0008-09-07 10:30:00,8,9,7,10,30,230,165,,45.822,1.9,Plein jour,Hors agglomération,Hors intersection,Normale,Autre collision,,,,,,,,,,,1,1,1,1,6
200800049657,0008-09-02 19:15:00,8,9,2,19,15,280,363,,,,Plein jour,Hors agglomération,Hors intersection,Pluie légère,Deux véhicules - arrière,,,,,,,,,,,1,1,1,2,2
200800049658,0008-09-18 07:00:00,8,9,18,7,0,910,111,,,,Nuit sans éclairage public,Hors agglomération,Hors intersection,Normale,Trois véhicules et plus - en chaîne,,,,,,,,,,,3,1,1,1,4
200800049659,0008-09-22 01:45:00,8,9,22,1,45,280,363,,,,Nuit sans éclairage public,Hors agglomération,Hors intersection,Normale,Autre collision,,,,,,,,,,,3,1,1,1,6
200800049660,0008-09-16 15:00:00,8,9,16,15,0,510,299,,49.354,4.201,Plein jour,Hors agglomération,Hors intersection,Normale,Deux véhicules - arrière,,,,,,,,,,,1,1,1,1,2
200800049661,0008-09-28 12:00:00,8,9,28,12,0,510,662,AVENUE DE REIMS,49.29,4.114,Plein jour,En agglomération,Giratoire,Normale,Sans collision,,,,,,,,,,,1,2,6,1,7
200800049662,0008-09-07 16:45:00,8,9,7,16,45,370,243,ROUTE DE BRAY,,,Plein jour,En agglomération,Hors intersection,Pluie légère,Autre collision,,,,,,,,,,,1,2,1,2,6
200800049663,0008-09-20 17:45:00,8,9,20,17,45,890,379,,,,Plein jour,Hors agglomération,Hors intersection,Normale,Autre collision,,,,,,,,,,,1,1,1,1,6
200800049664,0008-09-09 05:00:00,8,9,9,5,0,620,680,,,,Nuit sans éclairage public,Hors agglomération,Hors intersection,Normale,Trois véhicules et plus - collisions multiples,,,,,,,,,,,3,1,1,1,5
200800049665,0008-09-13 05:30:00,8,9,13,5,30,800,421,,,,Crépuscule ou aube,Hors agglomération,Hors intersection,Normale,Trois véhicules et plus - en chaîne,,,,,,,,,,,2,1,1,1,4
200800049666,0008-09-26 19:30:00,8,9,26,19,30,800,658,,,,Nuit sans éclairage public,Hors agglomération,Hors intersection,Normale,Autre collision,,,,,,,,,,,3,1,1,1,6
200800049667,0008-09-01 12:45:00,8,9,1,12,45,710,150,,,,Plein jour,Hors agglomération,Hors intersection,Normale,Autre collision,,,,,,,,,,,1,1,1,1,6
200800049668,0008-09-13 14:45:00,8,9,13,14,45,710,448,,,,Plein jour,Hors agglomération,Hors intersection,Pluie forte,Deux véhicules - côté,,,,,,,,,,,1,1,1,3,3
200800049669,0008-09-24 08:30:00,8,9,24,8,30,890,438,,,,Plein jour,Hors agglomération,Hors intersection,Normale,Deux véhicules - arrière,,,,,,,,,,,1,1,1,1,2
200800049670,0008-09-25 06:30:00,8,9,25,6,30,890,213,,,,Nuit sans éclairage public,Hors agglomération,Hors intersection,Normale,Sans collision,,,,,,,,,,,3,1,1,1,7
200800049671,0008-09-09 16:00:00,8,9,9,16,0,130,49,,,,Plein jour,Hors agglomération,Hors intersection,Normale,Autre collision,,,,,,,,,,,1,1,1,1,6
200800049672,0008-09-01 02:30:00,8,9,1,2,30,830,31,,43.403,6.348,Nuit sans éclairage public,Hors agglomération,Hors intersection,Normale,Deux véhicules - arrière,,,,,,,,,,,3,1,1,1,2
200800049673,0008-09-23 01:30:00,8,9,23,1,30,830,54,,,,Nuit sans éclairage public,Hors agglomération,Hors intersection,Normale,Deux véhicules - frontale,,,,,,,,,,,3,1,1,1,1
200800049674,0008-09-19 16:45:00,8,9,19,16,45,600,393,grande rue,,,Plein jour,En agglomération,Hors intersection,Normale,Autre collision,,,,,,,,,,,1,2,1,1,6
200800049675,0008-09-15 12:30:00,8,9,15,12,30,760,484,,,,Plein jour,Hors agglomération,Hors intersection,Normale,Deux véhicules - frontale,,,,,,,,,,,1,1,1,1,1
200800049676,0008-09-29 06:00:00,8,9,29,6,0,780,118,,,,Nuit sans éclairage public,Hors agglomération,Hors intersection,Brouillard / fumée,Deux véhicules - frontale,,,,,,,,,,,3,1,1,5,1
200800049677,0008-09-11 18:30:00,8,9,11,18,30,600,541,,,,Plein jour,Hors agglomération,Hors intersection,Pluie forte,Autre collision,,,,,,,,,,,1,1,1,3,6
200800049678,0008-09-13 01:00:00,8,9,13,1,0,600,531,,,,Nuit sans éclairage public,Hors agglomération,Hors intersection,Normale,Trois véhicules et plus - collisions multiples,,,,,,,,,,,3,1,1,1,5
200800049679,0008-09-26 06:30:00,8,9,26,6,30,530,108,,48.084,-1.031,Nuit sans éclairage public,Hors agglomération,Hors intersection,Normale,Deux véhicules - frontale,,,,,,,,,,,3,1,1,1,1
200800049680,0008-09-26 10:30:00,8,9,26,10,30,530,243,,,,Plein jour,Hors agglomération,Hors intersection,Normale,Trois véhicules et plus - collisions multiples,,,,,,,,,,,1,1,1,1,5
200800049681,0008-09-26 18:00:00,8,9,26,18,0,530,137,,48.077,-0.902,Plein jour,Hors agglomération,Hors intersection,Normale,Trois véhicules et plus - collisions multiples,,,,,,,,,,,1,1,1,1,5
200800049682,0008-09-13 18:30:00,8,9,13,18,30,420,172,RD 501 - PR : 00+300,,,Plein jour,En agglomération,Hors intersection,Pluie légère,Sans collision,,,,,,,,,,,1,2,1,2,7
200800049683,0008-09-27 10:30:00,8,9,27,10,30,830,116,,,,Plein jour,Hors agglomération,Hors intersection,Normale,Trois véhicules et plus - en chaîne,,,,,,,,,,,1,1,1,1,4
200800049684,0008-09-28 12:15:00,8,9,28,12,15,130,110,,,,Plein jour,Hors agglomération,Hors intersection,Normale,Autre collision,,,,,,,,,,,1,1,1,1,6
200800049685,0008-09-18 17:00:00,8,9,18,17,0,410,136,,,,Plein jour,Hors agglomération,Hors intersection,Normale,Deux véhicules - côté,,,,,,,,,,,1,1,1,1,3
200800049686,0008-09-25 13:30:00,8,9,25,13,30,340,240,,,,Plein jour,Hors agglomération,Hors intersection,Normale,Deux véhicules - côté,,,,,,,,,,,1,1,1,1,3
200800049687,0008-09-15 18:30:00,8,9,15,18,30,370,156,,,,Plein jour,En agglomération,Hors intersection,Normale,Deux véhicules - côté,,,,,,,,,,,1,2,1,1,3
200800049688,0008-09-18 08:30:00,8,9,18,8,30,370,91,,47.347,0.974,Plein jour,Hors agglomération,Hors intersection,Normale,Deux véhicules - frontale,,,,,,,,,,,1,1,1,1,1
200800049689,0008-09-26 15:30:00,8,9,26,15,30,370,156,Avenue Victor Laloux,,,Plein jour,En agglomération,Hors intersection,Normale,Sans collision,,,,,,,,,,,1,2,1,1,7
200800049690,0008-09-01 02:30:00,8,9,1,2,30,450,146,,,,Nuit sans éclairage public,Hors agglomération,Hors intersection,Normale,Deux véhicules - arrière,,,,,,,,,,,3,1,1,1,2
200800049691,0008-09-28 15:30:00,8,9,28,15,30,450,146,,,,Plein jour,Hors agglomération,Hors intersection,Normale,Deux véhicules - arrière,,,,,,,,,,,1,1,1,1,2
200800049692,0008-09-28 23:00:00,8,9,28,23,0,730,296,,45.499,6.937,Nuit avec éclairage allumé,Hors agglomération,Hors intersection,Normale,Autre collision,,,,,,,,,,,5,1,1,1,6
200800049693,0008-09-20 23:00:00,8,9,20,23,0,670,14,,,,Nuit sans éclairage public,Hors agglomération,Hors intersection,Normale,Deux véhicules - arrière,,,,,,,,,,,3,1,1,1,2
200800049694,0008-09-02 02:45:00,8,9,2,2,45,210,442,,47.207,4.997,Nuit sans éclairage public,Hors agglomération,Hors intersection,Normale,Autre collision,,,,,,,,,,,3,1,1,1,6
200800049695,0008-09-14 02:45:00,8,9,14,2,45,730,179,,45.607,5.882,Nuit sans éclairage public,Hors agglomération,Hors intersection,Temps couvert,Autre collision,,,,,,,,,,,3,1,1,8,6
200800049696,0008-09-20 05:45:00,8,9,20,5,45,740,137,,46.051,6.266,Nuit avec éclairage allumé,Hors agglomération,Hors intersection,Normale,Sans collision,,,,,,,,,,,5,1,1,1,7
200800049697,0008-09-30 23:15:00,8,9,30,23,15,740,245,,45.964,6.131,Nuit sans éclairage public,Hors agglomération,Hors intersection,Normale,Autre collision,,,,,,,,,,,3,1,1,1,6
200800049698,0008-09-07 12:15:00,8,9,7,12,15,280,388,,,,Plein jour,Hors agglomération,Hors intersection,Normale,Autre collision,,,,,,,,,,,1,1,1,1,6
200800049699,0008-09-23 17:45:00,8,9,23,17,45,280,261,,48.279,1.171,Plein jour,Hors agglomération,Hors intersection,Normale,Deux véhicules - arrière,,,,,,,,,,,1,1,1,1,2
200800049700,0008-09-28 20:30:00,8,9,28,20,30,280,42,,,,Nuit sans éclairage public,Hors agglomération,Hors intersection,Normale,Trois véhicules et plus - collisions multiples,,,,,,,,,,,3,1,1,1,5
200800049701,0008-09-19 06:30:00,8,9,19,6,30,280,42,,,,Crépuscule ou aube,Hors agglomération,Hors intersection,Normale,Sans collision,,,,,,,,,,,2,1,1,1,7
200800049702,0008-09-28 18:30:00,8,9,28,18,30,280,161,,48.24,1.048,Crépuscule ou aube,Hors agglomération,Hors intersection,Normale,Autre collision,,,,,,,,,,,2,1,1,1,6
200800049703,0008-09-10 13:15:00,8,9,10,13,15,410,31,rue de la Rozelle,,,Plein jour,En agglomération,Hors intersection,Normale,Deux véhicules - frontale,,,,,,,,,,,1,2,1,1,1
200800049704,0008-09-15 17:45:00,8,9,15,17,45,410,262,188 route de mongenet,47.544,1.513,Plein jour,En agglomération,Hors intersection,Normale,Autre collision,,,,,,,,,,,1,2,1,1,6
200800049705,0008-09-07 20:30:00,8,9,7,20,30,690,43,55 avenue de Verdun,,,Nuit avec éclairage allumé,En agglomération,Hors intersection,Normale,Autre collision,,,,,,,,,,,5,2,1,1,6
200800049706,0008-09-28 11:45:00,8,9,28,11,45,690,43,,45.704,4.76,Plein jour,Hors agglomération,Hors intersection,Normale,Trois véhicules et plus - collisions multiples,,,,,,,,,,,1,1,1,1,5
200800049707,0008-09-01 18:15:00,8,9,1,18,15,290,190,rue du Lannou,48.346,-4.717,Plein jour,En agglomération,Intersection en X,Pluie légère,Deux véhicules - côté,,,,,,,,,,,1,2,2,2,3
200800049708,0008-09-01 05:45:00,8,9,1,5,45,340,270,,,,Nuit sans éclairage public,Hors agglomération,Hors intersection,Normale,Trois véhicules et plus - en chaîne,,,,,,,,,,,3,1,1,1,4
200800049709,0008-09-16 08:30:00,8,9,16,8,30,310,506,Chemin de Piailles,,,Plein jour,En agglomération,Hors intersection,Normale,Autre collision,,,,,,,,,,,1,2,1,1,6
200800049710,0008-09-05 11:15:00,8,9,5,11,15,630,193,,,,Plein jour,Hors agglomération,Hors intersection,Normale,Autre collision,,,,,,,,,,,1,1,1,1,6
200800049711,0008-09-09 05:45:00,8,9,9,5,45,630,126,,,,Nuit sans éclairage public,Hors agglomération,Hors intersection,Normale,Trois véhicules et plus - collisions multiples,,,,,,,,,,,3,1,1,1,5
200800049712,0008-09-06 01:00:00,8,9,6,1,0,640,249,,43.425,-1.599,Nuit sans éclairage public,Hors agglomération,Hors intersection,Pluie forte,Deux véhicules - frontale,,,,,,,,,,,3,1,1,3,1
200800049713,0008-09-19 00:01:00,8,9,19,0,1,640,483,,,,Nuit sans éclairage public,Hors agglomération,Hors intersection,Normale,Deux véhicules - arrière,,,,,,,,,,,3,1,1,1,2
200800049714,0008-09-05 19:45:00,8,9,5,19,45,550,276,,,,Plein jour,Hors agglomération,Hors intersection,Pluie forte,Autre collision,,,,,,,,,,,1,1,1,3,6
200800049715,0008-09-26 20:45:00,8,9,26,20,45,510,454,,49.264,4.01,Nuit avec éclairage allumé,Hors agglomération,Hors intersection,Normale,Deux véhicules - arrière,,,,,,,,,,,5,1,1,1,2
200800049716,0008-09-02 18:45:00,8,9,2,18,45,910,105,Route de Saint Cheron -,48.583,2.175,Plein jour,En agglomération,Hors intersection,Pluie légère,Deux véhicules - côté,,,,,,,,,,,1,2,1,2,3
200800049717,0008-09-14 12:00:00,8,9,14,12,0,490,7,,47.496,-0.543,Plein jour,Hors agglomération,Hors intersection,Normale,Deux véhicules - arrière,,,,,,,,,,,1,1,1,1,2
200800049718,0008-09-22 06:35:00,8,9,22,6,35,20,521,,,,Crépuscule ou aube,Hors agglomération,Hors intersection,Normale,Trois véhicules et plus - collisions multiples,,,,,,,,,,,2,1,1,1,5
200800049719,0008-09-16 18:30:00,8,9,16,18,30,60,88,,,,Plein jour,Hors agglomération,Hors intersection,Normale,Deux véhicules - arrière,,,,,,,,,,,1,1,1,1,2
200800049720,0008-09-06 18:30:00,8,9,6,18,30,620,516,,50.556,2.457,Plein jour,Hors agglomération,Hors intersection,Normale,Deux véhicules - arrière,,,,,,,,,,,1,1,1,1,2
200800049721,0008-09-12 12:45:00,8,9,12,12,45,620,737,,50.45,2.7,Plein jour,Hors agglomération,Hors intersection,Temps couvert,Autre collision,,,,,,,,,,,1,1,1,8,6
200800049722,0008-09-09 09:45:00,8,9,9,9,45,950,323,RUE DES VALANCHARDS,,,Plein jour,En agglomération,Hors intersection,Normale,Deux véhicules - frontale,,,,,,,,,,,1,2,1,1,1
200800049723,0008-09-19 18:15:00,8,9,19,18,15,950,323,RUE DU STADE,,,Plein jour,En agglomération,Hors intersection,Normale,Deux véhicules - côté,,,,,,,,,,,1,2,1,1,3
200800049724,0008-09-07 11:15:00,8,9,7,11,15,380,431,,,,Plein jour,Hors agglomération,Hors intersection,Normale,Deux véhicules - arrière,,,,,,,,,,,1,1,1,1,2
200800049725,0008-09-19 17:30:00,8,9,19,17,30,380,397,,,,Plein jour,Hors agglomération,Hors intersection,Normale,Trois véhicules et plus - collisions multiples,,,,,,,,,,,1,1,1,1,5
200800049726,0008-09-07 09:15:00,8,9,7,9,15,250,230,,,,Plein jour,Hors agglomération,Hors intersection,Normale,Autre collision,,,,,,,,,,,1,1,1,1,6
200800049727,0008-09-05 08:30:00,8,9,5,8,30,130,5,,43.517,5.439,Plein jour,Hors agglomération,Hors intersection,Normale,Trois véhicules et plus - en chaîne,,,,,,,,,,,1,1,1,1,4
200800049728,0008-09-26 09:45:00,8,9,26,9,45,130,1,,43.516,5.44,Plein jour,Hors agglomération,Hors intersection,Normale,Deux véhicules - frontale,,,,,,,,,,,1,1,1,1,1
200800049729,0008-09-23 13:30:00,8,9,23,13,30,60,30,,,,Plein jour,Hors agglomération,Hors intersection,Normale,Deux véhicules - arrière,,,,,,,,,,,1,1,1,1,2
200800049730,0008-09-28 03:00:00,8,9,28,3,0,60,88,,,,Nuit avec éclairage allumé,Hors agglomération,Autre intersection,Normale,Deux véhicules - côté,,,,,,,,,,,5,1,9,1,3
200800049731,0008-09-23 04:45:00,8,9,23,4,45,770,47,,,,Nuit sans éclairage public,Hors agglomération,Hors intersection,Normale,Deux véhicules - arrière,,,,,,,,,,,3,1,1,1,2
200800049732,0008-09-16 16:30:00,8,9,16,16,30,110,195,,43.272,2.011,Plein jour,Hors agglomération,Hors intersection,Normale,Trois véhicules et plus - collisions multiples,,,,,,,,,,,1,1,1,1,5
200800049733,0008-09-10 17:15:00,8,9,10,17,15,590,432,,,,Plein jour,Hors agglomération,Hors intersection,Normale,Deux véhicules - côté,,,,,,,,,,,1,1,1,1,3
200800049734,0008-09-01 18:00:00,8,9,1,18,0,470,159,,,,Plein jour,Hors agglomération,Hors intersection,Normale,Autre collision,,,,,,,,,,,1,1,1,1,6
200800049735,0008-09-13 12:00:00,8,9,13,12,0,280,219,,,,Plein jour,Hors agglomération,Hors intersection,Normale,Deux véhicules - côté,,,,,,,,,,,1,1,1,1,3
200800049736,0008-09-06 11:45:00,8,9,6,11,45,250,115,,47.253,5.9,Plein jour,Hors agglomération,Hors intersection,Normale,Deux véhicules - arrière,,,,,,,,,,,1,1,1,1,2
200800049737,0008-09-30 12:45:00,8,9,30,12,45,910,617,,,,Plein jour,Hors agglomération,Hors intersection,Normale,Deux véhicules - côté,,,,,,,,,,,1,1,1,1,3
200800049738,0008-09-22 02:30:00,8,9,22,2,30,110,225,,,,Plein jour,Hors agglomération,Hors intersection,Normale,Deux véhicules - arrière,,,,,,,,,,,1,1,1,1,2
200800049739,0008-09-25 16:45:00,8,9,25,16,45,460,299,,,,Plein jour,Hors agglomération,Hors intersection,Normale,Deux véhicules - frontale,,,,,,,,,,,1,1,1,1,1
200800049740,0008-09-18 20:45:00,8,9,18,20,45,820,158,,,,Nuit sans éclairage public,Hors agglomération,Hors intersection,Normale,Deux véhicules - côté,,,,,,,,,,,3,1,1,1,3
200800049741,0008-09-24 18:00:00,8,9,24,18,0,820,119,,,,Plein jour,Hors agglomération,Hors intersection,Normale,Autre collision,,,,,,,,,,,1,1,1,1,6
200800049742,0008-09-27 17:30:00,8,9,27,17,30,201,48,,,,Plein jour,Hors agglomération,Hors intersection,Normale,Autre collision,,,,,,,,,,,1,1,1,1,6
200800049743,0008-09-06 13:00:00,8,9,6,13,0,60,85,TRAVERSE des peyroues,,,Plein jour,En agglomération,Hors intersection,Normale,Autre collision,,,,,,,,,,,1,2,1,1,6
200800049744,0008-09-30 15:00:00,8,9,30,15,0,670,125,,,,Plein jour,Hors agglomération,Hors intersection,Normale,Deux véhicules - arrière,,,,,,,,,,,1,1,1,1,2
200800049745,0008-09-01 13:15:00,8,9,1,13,15,790,290,,,,Plein jour,Hors agglomération,Hors intersection,Normale,Deux véhicules - arrière,,,,,,,,,,,1,1,1,1,2
200800049746,0008-09-03 18:00:00,8,9,3,18,0,860,83,,,,Plein jour,Hors agglomération,Hors intersection,Pluie légère,Autre collision,,,,,,,,,,,1,1,1,2,6
200800049747,0008-09-03 12:30:00,8,9,3,12,30,740,309,,46.116,5.99,Plein jour,Hors agglomération,Autre intersection,Normale,Deux véhicules - arrière,,,,,,,,,,,1,1,9,1,2
200800049748,0008-09-05 03:45:00,8,9,5,3,45,220,182,5 Rue du pre Boissel,48.55,-2.964,Nuit sans éclairage public,En agglomération,Hors intersection,Pluie légère,Deux véhicules - frontale,,,,,,,,,,,3,2,1,2,1
200800049749,0008-09-13 17:00:00,8,9,13,17,0,220,206,ZA du Radenier,,,Plein jour,En agglomération,Giratoire,Normale,Deux véhicules - côté,,,,,,,,,,,1,2,6,1,3
200800049750,0008-09-13 16:45:00,8,9,13,16,45,220,187,rue du vieux moulin,48.531,-2.761,Plein jour,En agglomération,Hors intersection,Normale,Autre collision,,,,,,,,,,,1,2,1,1,6
200800049751,0008-09-20 05:15:00,8,9,20,5,15,201,139,,,,Nuit sans éclairage public,Hors agglomération,Hors intersection,Normale,Autre collision,,,,,,,,,,,3,1,1,1,6
200800049752,0008-09-20 16:45:00,8,9,20,16,45,740,268,,,,Plein jour,Hors agglomération,Hors intersection,Normale,Deux véhicules - frontale,,,,,,,,,,,1,1,1,1,1
200800049753,0008-09-28 19:00:00,8,9,28,19,0,740,268,11 av de champ fleuri,,,Plein jour,En agglomération,Hors intersection,Normale,Autre collision,,,,,,,,,,,1,2,1,1,6
200800049754,0008-09-12 23:15:00,8,9,12,23,15,10,99,,45.941,5.289,Nuit sans éclairage public,Hors agglomération,Hors intersection,Normale,Sans collision,,,,,,,,,,,3,1,1,1,7
200800049755,0008-09-14 00:45:00,8,9,14,0,45,420,256,,45.48,4.144,Nuit avec éclairage allumé,Hors agglomération,Hors intersection,Pluie légère,Autre collision,,,,,,,,,,,5,1,1,2,6
200800049756,0008-09-19 17:15:00,8,9,19,17,15,910,244,avenue Saint Remy,48.555,2.409,Plein jour,En agglomération,Hors intersection,Temps éblouissant,Deux véhicules - arrière,,,,,,,,,,,1,2,1,7,2
200800049757,0008-09-07 01:45:00,8,9,7,1,45,510,450,,,,Nuit sans éclairage public,Hors agglomération,Hors intersection,Normale,Deux véhicules - arrière,,,,,,,,,,,3,1,1,1,2
200800049758,0008-09-30 16:45:00,8,9,30,16,45,620,193,,50.946,1.905,Plein jour,Hors agglomération,Autre intersection,Pluie légère,Sans collision,,,,,,,,,,,1,1,9,2,7
200800049759,0008-09-12 08:45:00,8,9,12,8,45,60,152,,,,Plein jour,En agglomération,Hors intersection,Normale,Deux véhicules - arrière,,,,,,,,,,,1,2,1,1,2
200800049760,0008-09-27 02:15:00,8,9,27,2,15,60,152,,,,Nuit sans éclairage public,Hors agglomération,Hors intersection,Normale,Deux véhicules - frontale,,,,,,,,,,,3,1,1,1,1
200800049761,0008-09-04 19:30:00,8,9,4,19,30,690,33,,45.864,4.888,Plein jour,Hors agglomération,Hors intersection,Normale,Deux véhicules - côté,,,,,,,,,,,1,1,1,1,3
200800049762,0008-09-15 12:00:00,8,9,15,12,0,690,244,,,,Plein jour,En agglomération,Autre intersection,Normale,Deux véhicules - frontale,,,,,,,,,,,1,2,9,1,1
200800049763,0008-09-27 16:00:00,8,9,27,16,0,380,425,,45.421,4.815,Plein jour,Hors agglomération,Hors intersection,Normale,Deux véhicules - côté,,,,,,,,,,,1,1,1,1,3
200800049764,0008-09-27 17:30:00,8,9,27,17,30,380,536,CD37,,,Crépuscule ou aube,En agglomération,Hors intersection,Temps éblouissant,Deux véhicules - frontale,,,,,,,,,,,2,2,1,7,1
200800049765,0008-09-11 09:30:00,8,9,11,9,30,740,245,,,,Plein jour,Hors agglomération,Hors intersection,Pluie légère,Sans collision,,,,,,,,,,,1,1,1,2,7
200800049766,0008-09-12 21:30:00,8,9,12,21,30,340,247,,43.669,3.83,Nuit sans éclairage public,Hors agglomération,Hors intersection,Normale,Deux véhicules - frontale,,,,,,,,,,,3,1,1,1,1
200800049767,0008-09-11 09:45:00,8,9,11,9,45,780,455,,48.857,2.042,Plein jour,Hors agglomération,Hors intersection,Normale,Autre collision,,,,,,,,,,,1,1,1,1,6
200800049768,0008-09-20 20:45:00,8,9,20,20,45,130,112,,,,Nuit sans éclairage public,Hors agglomération,Hors intersection,Normale,Deux véhicules - frontale,,,,,,,,,,,3,1,1,1,1
200800049769,0008-09-18 00:30:00,8,9,18,0,30,950,445,,49.103,2.289,Nuit sans éclairage public,Hors agglomération,Hors intersection,Pluie forte,Sans collision,,,,,,,,,,,3,1,1,3,7
200800049770,0008-09-29 17:00:00,8,9,29,17,0,350,210,CD 29,,,Plein jour,En agglomération,Hors intersection,Normale,Autre collision,,,,,,,,,,,1,2,1,1,6
200800049771,0008-09-16 17:15:00,8,9,16,17,15,560,240,,47.53,-2.696,Plein jour,Hors agglomération,Hors intersection,Normale,Deux véhicules - frontale,,,,,,,,,,,1,1,1,1,1
200800049772,0008-09-18 14:30:00,8,9,18,14,30,880,232,,,,Plein jour,Hors agglomération,Hors intersection,Normale,Deux véhicules - arrière,,,,,,,,,,,1,1,1,1,2
200800049773,0008-09-02 10:45:00,8,9,2,10,45,380,553,Bd de Villefontaine,45.611,5.158,Plein jour,En agglomération,Hors intersection,Normale,Deux véhicules - côté,,,,,,,,,,,1,2,1,1,3
200800049774,0008-09-12 04:15:00,8,9,12,4,15,410,46,,,,Nuit sans éclairage public,Hors agglomération,Hors intersection,Normale,Deux véhicules - arrière,,,,,,,,,,,3,1,1,1,2
200800049775,0008-09-13 14:45:00,8,9,13,14,45,340,337,,43.539,3.862,Plein jour,Hors agglomération,Hors intersection,Normale,Deux véhicules - côté,,,,,,,,,,,1,1,1,1,3
200800049776,0008-09-06 20:30:00,8,9,6,20,30,140,515,,,,Crépuscule ou aube,Hors agglomération,Hors intersection,Normale,Deux véhicules - frontale,,,,,,,,,,,2,1,1,1,1
200800049777,0008-09-01 18:30:00,8,9,1,18,30,130,51,,43.592,5.177,Plein jour,Hors agglomération,Hors intersection,Normale,Deux véhicules - frontale,,,,,,,,,,,1,1,1,1,1
200800049778,0008-09-08 04:30:00,8,9,8,4,30,130,51,,,,Nuit sans éclairage public,Hors agglomération,Hors intersection,Normale,Autre collision,,,,,,,,,,,3,1,1,1,6
200800049779,0008-09-12 19:15:00,8,9,12,19,15,130,51,,,,Crépuscule ou aube,Hors agglomération,Hors intersection,Normale,Deux véhicules - frontale,,,,,,,,,,,2,1,1,1,1
200800049780,0008-09-20 17:30:00,8,9,20,17,30,130,51,,43.608,5.137,Plein jour,Hors agglomération,Hors intersection,Normale,Deux véhicules - arrière,,,,,,,,,,,1,1,1,1,2
200800049781,0008-09-20 18:30:00,8,9,20,18,30,60,90,,,,Plein jour,Hors agglomération,Hors intersection,Pluie légère,Deux véhicules - frontale,,,,,,,,,,,1,1,1,2,1
200800049782,0008-09-14 19:45:00,8,9,14,19,45,490,110,,47.547,-0.34,Plein jour,Hors agglomération,Hors intersection,Normale,Deux véhicules - arrière,,,,,,,,,,,1,1,1,1,2
200800049783,0008-09-23 05:00:00,8,9,23,5,0,400,156,,,,Nuit sans éclairage public,Hors agglomération,Hors intersection,Normale,Sans collision,,,,,,,,,,,3,1,1,1,7