accident_id,datetime,annee,mois,jour,heure,minute,departement,commune_insee,adresse,latitude,longitude,luminosite,agglomeration,intersection,meteo,collision,nb_vehicules,nb_usagers,nb_indemnes,nb_tues,nb_blesses_hosp,nb_blesses_legers,age_cond_1,age_cond_2,veh_type_cond_1,veh_type_cond_2,lum_code,agg_code,int_code,atm_code,col_code
200800050583,0008-09-21 16:25:00,8,9,21,16,25,420,147,RD8,45.58972,4.09141,Plein jour,Hors agglomération,Intersection en X,Normale,Deux véhicules - côté,,,,,,,,,,,1,1,2,1,3
200800050584,0008-09-27 12:50:00,8,9,27,12,50,420,147,"8, MADELEINE (BOULEVARD",45.61122,4.06473,Plein jour,En agglomération,Hors intersection,Normale,Autre collision,,,,,,,,,,,1,2,1,1,6
200800050585,0008-09-28 15:45:00,8,9,28,15,45,420,147,"27, MONET (RUE CLAUDE)",45.61219,4.0515,Plein jour,En agglomération,Intersection à plus de 4 branches,Normale,Deux véhicules - côté,,,,,,,,,,,1,2,5,1,3
200800050586,0008-09-02 14:30:00,8,9,2,14,30,420,187,"20, SEGUIN (RUE)",,,Plein jour,En agglomération,Intersection à plus de 4 branches,Normale,Deux véhicules - côté,,,,,,,,,,,1,2,5,1,3
200800050587,0008-09-02 17:40:00,8,9,2,17,40,420,127,"1, CORNEILLE PIERRE (RUE",,,Plein jour,En agglomération,Giratoire,Normale,Deux véhicules - côté,,,,,,,,,,,1,2,6,1,3
200800050588,0008-09-01 18:25:00,8,9,1,18,25,420,187,"1, PROMENADES POPULLE(PO",,,Plein jour,En agglomération,Hors intersection,Normale,Deux véhicules - côté,,,,,,,,,,,1,2,1,1,3
200800050589,0008-09-05 07:50:00,8,9,5,7,50,420,187,SAINT-ALBAN (RUE DE ),,,Crépuscule ou aube,En agglomération,Intersection en Y,Normale,Deux véhicules - côté,,,,,,,,,,,2,2,4,1,3
200800050590,0008-09-05 16:45:00,8,9,5,16,45,420,127,BRIENNON (RT DE),,,Plein jour,En agglomération,Hors intersection,Normale,Autre collision,,,,,,,,,,,1,2,1,1,6
200800050591,0008-09-07 11:35:00,8,9,7,11,35,420,71,"1, ABATTOIR (RUE DE L')",,,Plein jour,En agglomération,Intersection en X,Normale,Deux véhicules - côté,,,,,,,,,,,1,2,2,1,3
200800050592,0008-09-11 11:00:00,8,9,11,11,0,420,187,"67, CLERMONT (RUE DE )",,,Plein jour,En agglomération,Hors intersection,Normale,Autre collision,,,,,,,,,,,1,2,1,1,6
200800050593,0008-09-15 18:00:00,8,9,15,18,0,420,187,VILLEMONTAIS (RUE DE ),,,Plein jour,En agglomération,Hors intersection,Normale,Autre collision,,,,,,,,,,,1,2,1,1,6
200800050594,0008-09-19 17:15:00,8,9,19,17,15,420,187,PARIS (AVENUE DE),,,Plein jour,En agglomération,Intersection en T,Normale,Deux véhicules - côté,,,,,,,,,,,1,2,3,1,3
200800050595,0008-09-22 15:30:00,8,9,22,15,30,420,127,Route nationale 7,,,Plein jour,En agglomération,Hors intersection,Normale,Trois véhicules et plus - en chaîne,,,,,,,,,,,1,2,1,1,4
200800050596,0008-09-23 17:00:00,8,9,23,17,0,420,187,CHARLIEU (RUE DE ),,,Plein jour,En agglomération,Intersection en T,Normale,Deux véhicules - côté,,,,,,,,,,,1,2,3,1,3
200800050597,0008-09-12 17:00:00,8,9,12,17,0,420,110,"185, PLANEZE  ROUTE DE",,,Plein jour,En agglomération,Hors intersection,Normale,Deux véhicules - côté,,,,,,,,,,,1,2,1,1,3
200800050598,0008-09-17 17:05:00,8,9,17,17,5,420,207,RICHARD ENNEMOND BOULEVA,,,Plein jour,En agglomération,Giratoire,Normale,Deux véhicules - côté,,,,,,,,,,,1,2,6,1,3
200800050599,0008-09-17 17:00:00,8,9,17,17,0,420,110,ONZION  RUE D',,,Plein jour,En agglomération,Intersection en X,Normale,Deux véhicules - côté,,,,,,,,,,,1,2,2,1,3
200800050600,0008-09-12 17:20:00,8,9,12,17,20,420,110,MAGNIOLIAS RUE DES,,,Plein jour,En agglomération,Intersection en T,Normale,Deux véhicules - frontale,,,,,,,,,,,1,2,3,1,1
200800050601,0008-09-02 16:50:00,8,9,2,16,50,420,218,"37, OGIER JEAN BAPTISTE",45.44008,4.42836,Plein jour,En agglomération,Intersection en X,Normale,Deux véhicules - côté,,,,,,,,,,,1,2,2,1,3
200800050602,0008-09-02 18:17:00,8,9,2,18,17,420,218,"115, BERGSON A PARTIR N°",,,Plein jour,En agglomération,Hors intersection,Normale,Autre collision,,,,,,,,,,,1,2,1,1,6
200800050603,0008-09-03 05:52:00,8,9,3,5,52,420,218,"2, DURAFOUR ANTOINE JUSQ",,,Crépuscule ou aube,En agglomération,Intersection en T,Normale,Deux véhicules - côté,,,,,,,,,,,2,2,3,1,3
200800050604,0008-09-04 13:42:00,8,9,4,13,42,420,223,ROCADE OUEST,,,Plein jour,Hors agglomération,Hors intersection,Pluie légère,Deux véhicules - côté,,,,,,,,,,,1,1,1,2,3
200800050605,0008-09-05 16:20:00,8,9,5,16,20,420,218,"35, LIBERATION (AVENUE)",,,Plein jour,En agglomération,Hors intersection,Normale,Autre collision,,,,,,,,,,,1,2,1,1,6
200800050606,0008-09-09 19:34:00,8,9,9,19,34,420,305,ROSTAND JEAN (BOULEVARD),45.46862,4.43397,Plein jour,En agglomération,Intersection en X,Normale,Deux véhicules - côté,,,,,,,,,,,1,2,2,1,3
200800050607,0008-09-12 17:12:00,8,9,12,17,12,420,218,"10, RICHARD",,,Plein jour,En agglomération,Intersection en T,Normale,Deux véhicules - côté,,,,,,,,,,,1,2,3,1,3
200800050608,0008-09-13 14:19:00,8,9,13,14,19,420,218,"4, CLAUDINON ANTOINE",,,Plein jour,En agglomération,Intersection en T,Normale,Deux véhicules - côté,,,,,,,,,,,1,2,3,1,3
200800050609,0008-09-13 16:13:00,8,9,13,16,13,420,218,"73, TERRENOIRE (DE) A PA",,,Plein jour,En agglomération,Intersection en T,Pluie légère,Deux véhicules - frontale,,,,,,,,,,,1,2,3,2,1
200800050610,0008-09-15 05:10:00,8,9,15,5,10,420,218,"13, CUVIER",,,Nuit avec éclairage non allumé,En agglomération,Intersection en T,Normale,Deux véhicules - côté,,,,,,,,,,,4,2,3,1,3
200800050611,0008-09-16 13:35:00,8,9,16,13,35,420,218,"48, THIERS (BOULEVARD)",,,Plein jour,En agglomération,Intersection en Y,Normale,Autre collision,,,,,,,,,,,1,2,4,1,6
200800050612,0008-09-15 17:05:00,8,9,15,17,5,420,218,BRETELLE SORTIE SUD RN 8,45.4254,4.4107,Plein jour,En agglomération,Hors intersection,Temps éblouissant,Deux véhicules - arrière,,,,,,,,,,,1,2,1,7,2
200800050613,0008-09-17 06:22:00,8,9,17,6,22,420,330,", ROND POINT Huber",,,Nuit sans éclairage public,En agglomération,Autre intersection,Normale,Deux véhicules - côté,,,,,,,,,,,3,2,9,1,3
200800050614,0008-09-18 12:40:00,8,9,18,12,40,420,218,"12, MONTAT (DE LA) JUSQU",,,Plein jour,En agglomération,Intersection en T,Normale,Deux véhicules - arrière,,,,,,,,,,,1,2,3,1,2
200800050615,0008-09-18 16:15:00,8,9,18,16,15,420,218,"99, BERGSON A PARTIR N°",,,Plein jour,En agglomération,Hors intersection,Normale,Autre collision,,,,,,,,,,,1,2,1,1,6
200800050616,0008-09-18 17:23:00,8,9,18,17,23,420,218,ROOSEVELT FRANKLIN (SQUA,45.42054,4.4107,Plein jour,En agglomération,Giratoire,Pluie légère,Autre collision,,,,,,,,,,,1,2,6,2,6
200800050617,0008-09-19 17:35:00,8,9,19,17,35,420,223,ROCADE OUEST,45.45367,4.39854,Plein jour,Hors agglomération,Hors intersection,Normale,Deux véhicules - arrière,,,,,,,,,,,1,1,1,1,2
200800050618,0008-09-20 17:20:00,8,9,20,17,20,420,218,"35, LIBERATION (AVENUE)",45.43766,4.39347,Plein jour,En agglomération,Hors intersection,Normale,Autre collision,,,,,,,,,,,1,2,1,1,6
200800050619,0008-09-22 15:26:00,8,9,22,15,26,420,218,BERNARD MARTIN,45.42863,4.3822,Plein jour,En agglomération,Intersection en Y,Normale,Deux véhicules - arrière,,,,,,,,,,,1,2,4,1,2
200800050620,0008-09-23 07:43:00,8,9,23,7,43,420,223,"45, REPUBLIQUE",,,Plein jour,En agglomération,Hors intersection,Normale,Autre collision,,,,,,,,,,,1,2,1,1,6
200800050621,0008-09-23 22:10:00,8,9,23,22,10,420,218,HUSS JEAN,,,Plein jour,En agglomération,Intersection en X,Normale,Deux véhicules - côté,,,,,,,,,,,1,2,2,1,3
200800050622,0008-09-24 13:55:00,8,9,24,13,55,420,218,", giratoire Andréi",,,Plein jour,En agglomération,Hors intersection,Normale,Deux véhicules - côté,,,,,,,,,,,1,2,1,1,3
200800050623,0008-09-24 17:50:00,8,9,24,17,50,420,218,FAURIAT (BOULEVARD) JUSQ,,,Plein jour,En agglomération,Hors intersection,Normale,Deux véhicules - côté,,,,,,,,,,,1,2,1,1,3
200800050624,0008-09-25 13:45:00,8,9,25,13,45,420,218,"1, POURCEL ALEXANDRE JUS",,,Plein jour,En agglomération,Hors intersection,Normale,Deux véhicules - arrière,,,,,,,,,,,1,2,1,1,2
200800050625,0008-09-25 16:36:00,8,9,25,16,36,420,218,", VERNEY CARRON CL",,,Plein jour,En agglomération,Hors intersection,Normale,Trois véhicules et plus - en chaîne,,,,,,,,,,,1,2,1,1,4
200800050626,0008-09-25 17:50:00,8,9,25,17,50,420,223,C.D. N°15,45.45267,4.34278,Plein jour,Hors agglomération,Intersection en T,Normale,Deux véhicules - côté,,,,,,,,,,,1,1,3,1,3
200800050627,0008-09-27 21:00:00,8,9,27,21,0,420,218,"30, MARENGO JUSQU'AUX N°",45.44487,4.38462,Nuit avec éclairage allumé,En agglomération,Intersection en X,Normale,Autre collision,,,,,,,,,,,5,2,2,1,6
200800050628,0008-09-29 08:52:00,8,9,29,8,52,420,218,"9, FAURIEL (COURS)",,,Plein jour,En agglomération,Hors intersection,Normale,Autre collision,,,,,,,,,,,1,2,1,1,6
200800050629,0008-09-30 08:06:00,8,9,30,8,6,420,218,"7, CHATELIER (IMPASSE LE",,,Plein jour,En agglomération,Hors intersection,Temps couvert,Autre collision,,,,,,,,,,,1,2,1,8,6
200800050630,0008-09-30 14:00:00,8,9,30,14,0,420,218,"13, MONT (DU) A PARTIR N",,,Plein jour,En agglomération,Intersection en T,Normale,Deux véhicules - côté,,,,,,,,,,,1,2,3,1,3
200800050631,0008-09-06 16:50:00,8,9,6,16,50,430,41,"1, COUBON (AVENUE DE)",,,Plein jour,En agglomération,Hors intersection,Normale,Autre collision,,,,,,,,,,,1,2,1,1,6
200800050632,0008-09-18 17:05:00,8,9,18,17,5,430,157,CLUNY (BD. DE),,,Plein jour,En agglomération,Hors intersection,Pluie légère,Autre collision,,,,,,,,,,,1,2,1,2,6
200800050633,0008-09-19 16:25:00,8,9,19,16,25,430,89,"1, PARADIS (AVENUE DE)",,,Plein jour,En agglomération,Intersection en X,Normale,Deux véhicules - côté,,,,,,,,,,,1,2,2,1,3
200800050634,0008-09-24 19:00:00,8,9,24,19,0,430,157,"1, MESCHEDE (AV. DE)",,,Plein jour,En agglomération,Hors intersection,Normale,Deux véhicules - frontale,,,,,,,,,,,1,2,1,1,1
200800050635,0008-09-04 21:25:00,8,9,4,21,25,440,55,"127, SAUDRAIE ( ROUTE DE",,,Nuit sans éclairage public,Hors agglomération,Hors intersection,Normale,Sans collision,,,,,,,,,,,3,1,1,1,7
200800050636,0008-09-12 08:00:00,8,9,12,8,0,440,132,"164, GAULLE (AVENUE DU G",,,Plein jour,En agglomération,Giratoire,Normale,Sans collision,,,,,,,,,,,1,2,6,1,7
200800050637,0008-09-17 12:00:00,8,9,17,12,0,440,132,"188, OCEANIDES (BOULEVAR",,,Plein jour,En agglomération,Hors intersection,Normale,Autre collision,,,,,,,,,,,1,2,1,1,6
200800050638,0008-09-01 14:15:00,8,9,1,14,15,440,109,"19, BOULEVARD MARECHAL A",,,Plein jour,En agglomération,Hors intersection,Normale,Sans collision,,,,,,,,,,,1,2,1,1,7
200800050639,0008-09-01 12:20:00,8,9,1,12,20,440,109,"00, AVENUE DE LA GARE DE",,,Plein jour,En agglomération,Intersection en T,Normale,Autre collision,,,,,,,,,,,1,2,3,1,6
200800050640,0008-09-02 08:40:00,8,9,2,8,40,440,109,RUE FELIX EBOUE,,,Plein jour,En agglomération,Hors intersection,Normale,Sans collision,,,,,,,,,,,1,2,1,1,7
200800050641,0008-09-03 10:20:00,8,9,3,10,20,440,162,"35, RUE ROBERT SCHUMAN",,,Plein jour,En agglomération,Hors intersection,Pluie forte,Deux véhicules - côté,,,,,,,,,,,1,2,1,3,3
200800050642,0008-09-02 16:15:00,8,9,2,16,15,440,162,"-, BOULEVARD DU TERTRE",,,Plein jour,En agglomération,Giratoire,Pluie forte,Deux véhicules - côté,,,,,,,,,,,1,2,6,3,3
200800050643,0008-09-03 14:25:00,8,9,3,14,25,440,109,BOULEVARD MICHELET,,,Plein jour,En agglomération,Intersection en X,Pluie légère,Deux véhicules - arrière,,,,,,,,,,,1,2,2,2,2
200800050644,0008-09-03 21:20:00,8,9,3,21,20,440,162,"., BOULEVARD WINSTON CHU",,,Nuit avec éclairage allumé,En agglomération,Giratoire,Normale,Deux véhicules - côté,,,,,,,,,,,5,2,6,1,3
200800050645,0008-09-02 10:25:00,8,9,2,10,25,440,109,GABORY  ( BD EMILE ),,,Plein jour,En agglomération,Hors intersection,Normale,Autre collision,,,,,,,,,,,1,2,1,1,6
200800050646,0008-09-04 15:00:00,8,9,4,15,0,440,109,"00, BOULEVARD GENERAL DE",,,Plein jour,En agglomération,Intersection en X,Normale,Deux véhicules - côté,,,,,,,,,,,1,2,2,1,3
200800050647,0008-09-03 19:05:00,8,9,3,19,5,440,109,CHEMIN DE LA CENSIVE DU,,,Plein jour,En agglomération,Giratoire,Normale,Deux véhicules - côté,,,,,,,,,,,1,2,6,1,3
200800050648,0008-09-05 09:05:00,8,9,5,9,5,440,109,"42, RUE DE LA PAPOTIERE",,,Plein jour,En agglomération,Intersection en T,Pluie forte,Deux véhicules - arrière,,,,,,,,,,,1,2,3,3,2
200800050649,0008-09-05 14:50:00,8,9,5,14,50,440,215,"00, RUE DU PONT DE L'ARC",,,Plein jour,En agglomération,Intersection en X,Normale,Autre collision,,,,,,,,,,,1,2,2,1,6
200800050650,0008-09-05 17:10:00,8,9,5,17,10,440,109,"9, RUE LOUIS JOUVET",,,Plein jour,En agglomération,Hors intersection,Normale,Sans collision,,,,,,,,,,,1,2,1,1,7
200800050651,0008-09-06 21:25:00,8,9,6,21,25,440,162,"145vis à v, BOULEVARD DU",,,Nuit avec éclairage non allumé,En agglomération,Hors intersection,Pluie légère,Deux véhicules - arrière,,,,,,,,,,,4,2,1,2,2
200800050652,0008-09-06 13:00:00,8,9,6,13,0,440,109,BOULEVARD EMILE ROMANET,,,Plein jour,En agglomération,Intersection en X,Normale,Autre collision,,,,,,,,,,,1,2,2,1,6
200800050653,0008-09-08 07:00:00,8,9,8,7,0,440,162,"-, RUE DE LA JOHARDIERE",,,Crépuscule ou aube,En agglomération,Hors intersection,Normale,Deux véhicules - côté,,,,,,,,,,,2,2,1,1,3
200800050654,0008-09-06 09:05:00,8,9,6,9,5,440,190,RUE JEAN MERMOZ,,,Plein jour,En agglomération,Giratoire,Normale,Autre collision,,,,,,,,,,,1,2,6,1,6
200800050655,0008-09-08 12:55:00,8,9,8,12,55,440,109,BOULEVARD JULES VERNE,,,Plein jour,En agglomération,Hors intersection,Normale,Trois véhicules et plus - en chaîne,,,,,,,,,,,1,2,1,1,4
200800050656,0008-09-08 18:50:00,8,9,8,18,50,440,109,"., ROUTE DE PARIS",,,Plein jour,En agglomération,Hors intersection,Normale,Deux véhicules - côté,,,,,,,,,,,1,2,1,1,3
200800050657,0008-09-09 18:15:00,8,9,9,18,15,440,109,"50, BOULEVARD PASTEUR",,,Plein jour,En agglomération,Intersection en T,Normale,Autre collision,,,,,,,,,,,1,2,3,1,6
200800050658,0008-09-09 18:45:00,8,9,9,18,45,440,109,CHAUSSEE DE LA MADELEINE,,,Plein jour,En agglomération,Hors intersection,Normale,Deux véhicules - côté,,,,,,,,,,,1,2,1,1,3
200800050659,0008-09-09 16:10:00,8,9,9,16,10,440,109,"30, BOULEVARD HENRY ORRI",,,Plein jour,En agglomération,Hors intersection,Normale,Deux véhicules - arrière,,,,,,,,,,,1,2,1,1,2
200800050660,0008-09-10 11:20:00,8,9,10,11,20,440,109,"00, ALLEE BACO",,,Plein jour,En agglomération,Intersection en T,Normale,Autre collision,,,,,,,,,,,1,2,3,1,6
200800050661,0008-09-10 19:15:00,8,9,10,19,15,440,109,"33, RUE DES DERVALLIERES",,,Plein jour,En agglomération,Hors intersection,Temps éblouissant,Autre collision,,,,,,,,,,,1,2,1,7,6
200800050662,0008-09-10 15:50:00,8,9,10,15,50,440,109,QUAI DE LA FOSSE,,,Plein jour,En agglomération,Hors intersection,Normale,Autre collision,,,,,,,,,,,1,2,1,1,6
200800050663,0008-09-11 11:15:00,8,9,11,11,15,440,109,"60, RUE DE LA HALUCHERE",,,Plein jour,En agglomération,Giratoire,Pluie forte,Deux véhicules - côté,,,,,,,,,,,1,2,6,3,3
200800050664,0008-09-09 17:30:00,8,9,9,17,30,440,190,"441, ROUTE DE CLISSON",,,Plein jour,En agglomération,Hors intersection,Normale,Autre collision,,,,,,,,,,,1,2,1,1,6
200800050665,0008-09-11 07:50:00,8,9,11,7,50,440,109,PONT DE CHEVIRE,,,Plein jour,Hors agglomération,Hors intersection,Normale,Autre collision,,,,,,,,,,,1,1,1,1,6
200800050666,0008-09-12 09:15:00,8,9,12,9,15,440,109,"5, RUE GUILLAUME GROOTAE",,,Plein jour,En agglomération,Hors intersection,Normale,Autre collision,,,,,,,,,,,1,2,1,1,6
200800050667,0008-09-11 12:20:00,8,9,11,12,20,440,109,RUE PITRE CHEVALIER,,,Plein jour,En agglomération,Hors intersection,Normale,Autre collision,,,,,,,,,,,1,2,1,1,6
200800050668,0008-09-14 19:05:00,8,9,14,19,5,440,109,"2, RUE JACQUES FEYDER",,,Plein jour,Hors agglomération,Hors intersection,Normale,Sans collision,,,,,,,,,,,1,1,1,1,7
200800050669,0008-09-14 15:30:00,8,9,14,15,30,440,109,"0, RUE DE LA MARRIERE",,,Plein jour,En agglomération,Intersection en T,Normale,Autre collision,,,,,,,,,,,1,2,3,1,6
200800050670,0008-09-13 09:30:00,8,9,13,9,30,440,190,RUE MAURICE DANIEL,,,Plein jour,En agglomération,Intersection en X,Normale,Deux véhicules - côté,,,,,,,,,,,1,2,2,1,3
200800050671,0008-09-15 15:40:00,8,9,15,15,40,440,109,"30, BOULEVARD DE DOULON",,,Plein jour,En agglomération,Hors intersection,Normale,Deux véhicules - arrière,,,,,,,,,,,1,2,1,1,2
200800050672,0008-09-15 18:05:00,8,9,15,18,5,440,109,RUE DES HAUTS PAVES,,,Plein jour,En agglomération,Giratoire,Normale,Deux véhicules - arrière,,,,,,,,,,,1,2,6,1,2
200800050673,0008-09-15 18:39:00,8,9,15,18,39,440,109,BOULEVARD EMILE ROMANET,,,Plein jour,En agglomération,Passage à niveau,Normale,Autre collision,,,,,,,,,,,1,2,8,1,6
200800050674,0008-09-15 17:20:00,8,9,15,17,20,440,162,"., BOULEVARD CHARLES DE",,,Plein jour,En agglomération,Hors intersection,Normale,Deux véhicules - arrière,,,,,,,,,,,1,2,1,1,2
200800050675,0008-09-15 19:55:00,8,9,15,19,55,440,162,"1, RUE DE CAHORS",,,Plein jour,En agglomération,Intersection en T,Normale,Autre collision,,,,,,,,,,,1,2,3,1,6
200800050676,0008-09-19 08:20:00,8,9,19,8,20,440,162,"29, AVENUE DE L'ANGEVINI",,,Plein jour,En agglomération,Hors intersection,Normale,Autre collision,,,,,,,,,,,1,2,1,1,6
200800050677,0008-09-18 13:20:00,8,9,18,13,20,440,109,"., PLACE EDOUARD NORMAND",,,Plein jour,En agglomération,Giratoire,Normale,Deux véhicules - côté,,,,,,,,,,,1,2,6,1,3
200800050678,0008-09-19 10:50:00,8,9,19,10,50,440,109,RUE DU COUDRAY,,,Plein jour,En agglomération,Intersection en X,Normale,Deux véhicules - frontale,,,,,,,,,,,1,2,2,1,1
200800050679,0008-09-21 09:55:00,8,9,21,9,55,440,162,BOULEVARD DU VAL DE CHEZ,,,Plein jour,En agglomération,Hors intersection,Normale,Autre collision,,,,,,,,,,,1,2,1,1,6
200800050680,0008-09-19 22:15:00,8,9,19,22,15,440,109,"109, RUE PAUL BELLAMY",,,Nuit avec éclairage allumé,En agglomération,Hors intersection,Normale,Deux véhicules - arrière,,,,,,,,,,,5,2,1,1,2
200800050681,0008-09-22 07:35:00,8,9,22,7,35,440,215,PERIPHERIQUE SUD,,,Plein jour,Hors agglomération,Hors intersection,Normale,Sans collision,,,,,,,,,,,1,1,1,1,7
200800050682,0008-09-23 09:00:00,8,9,23,9,0,440,143,"23, AVENUE DE LA LIBERAT",,,Plein jour,En agglomération,Hors intersection,Normale,Autre collision,,,,,,,,,,,1,2,1,1,6
200800050683,0008-09-23 09:40:00,8,9,23,9,40,440,109,PONT DE LA ROTONDE,,,Plein jour,En agglomération,Hors intersection,Normale,Autre collision,,,,,,,,,,,1,2,1,1,6
200800050684,0008-09-23 11:30:00,8,9,23,11,30,440,109,ROUTE DE SAINTE LUCE,,,Plein jour,En agglomération,Intersection en X,Normale,Autre collision,,,,,,,,,,,1,2,2,1,6
200800050685,0008-09-23 16:05:00,8,9,23,16,5,440,109,RUE DU LANDREAU,,,Nuit avec éclairage allumé,En agglomération,Hors intersection,Normale,Autre collision,,,,,,,,,,,5,2,1,1,6
200800050686,0008-09-23 16:15:00,8,9,23,16,15,440,109,", RUE DE STRASBOURG",,,Plein jour,En agglomération,Intersection en X,Normale,Autre collision,,,,,,,,,,,1,2,2,1,6
200800050687,0008-09-24 07:35:00,8,9,24,7,35,440,109,"10, RUE CUVIER",,,Crépuscule ou aube,En agglomération,Hors intersection,Pluie légère,Deux véhicules - côté,,,,,,,,,,,2,2,1,2,3
200800050688,0008-09-19 08:45:00,8,9,19,8,45,440,114,"., AVENUE DE LA PATOUILL",,,Plein jour,En agglomération,Hors intersection,Normale,Autre collision,,,,,,,,,,,1,2,1,1,6
200800050689,0008-09-25 13:00:00,8,9,25,13,0,440,109,"0, RUE JACQUES DUCLOS",,,Plein jour,En agglomération,Hors intersection,Normale,Autre collision,,,,,,,,,,,1,2,1,1,6
200800050690,0008-09-25 17:10:00,8,9,25,17,10,440,143,MARGUYONNES (ROND-POINT,,,Plein jour,En agglomération,Hors intersection,Normale,Autre collision,,,,,,,,,,,1,2,1,1,6
200800050691,0008-09-26 08:35:00,8,9,26,8,35,440,143,"1, RUE DU JAUNAIS",,,Plein jour,En agglomération,Giratoire,Normale,Deux véhicules - arrière,,,,,,,,,,,1,2,6,1,2
200800050692,0008-09-24 18:00:00,8,9,24,18,0,440,143,"1, LIBERATION (AV. DE LA",,,Plein jour,En agglomération,Giratoire,Normale,Autre collision,,,,,,,,,,,1,2,6,1,6
200800050693,0008-09-26 04:25:00,8,9,26,4,25,440,109,"16, RUE LAMARTINE",,,Nuit avec éclairage allumé,En agglomération,Hors intersection,Normale,Deux véhicules - arrière,,,,,,,,,,,5,2,1,1,2
200800050694,0008-09-26 18:15:00,8,9,26,18,15,440,109,"., BOULEVARD LELASSEUR",,,Plein jour,En agglomération,Giratoire,Normale,Deux véhicules - côté,,,,,,,,,,,1,2,6,1,3
200800050695,0008-09-26 14:40:00,8,9,26,14,40,440,109,RUE GASTON MICHEL,,,Plein jour,En agglomération,Hors intersection,Normale,Deux véhicules - arrière,,,,,,,,,,,1,2,1,1,2
200800050696,0008-09-28 16:25:00,8,9,28,16,25,440,109,BOULEVARD LOUIS BARTHOU,,,Plein jour,En agglomération,Giratoire,Normale,Autre collision,,,,,,,,,,,1,2,6,1,6
200800050697,0008-09-29 08:45:00,8,9,29,8,45,440,143,RUE JULIEN MARCHAIS,,,Plein jour,En agglomération,Intersection en X,Normale,Autre collision,,,,,,,,,,,1,2,2,1,6
200800050698,0008-09-29 21:40:00,8,9,29,21,40,440,109,"1, RUE JACQUES DUCLOS",,,Nuit avec éclairage allumé,En agglomération,Hors intersection,Normale,Autre collision,,,,,,,,,,,5,2,1,1,6
200800050699,0008-09-11 17:35:00,8,9,11,17,35,440,109,"., RUE LA TOUR D'AUVERGN",,,Plein jour,En agglomération,Hors intersection,Normale,Autre collision,,,,,,,,,,,1,2,1,1,6
200800050700,0008-09-28 15:20:00,8,9,28,15,20,440,162,"1, RD 75",,,Plein jour,Hors agglomération,Intersection en X,Normale,Deux véhicules - frontale,,,,,,,,,,,1,1,2,1,1
200800050701,0008-09-03 11:50:00,8,9,3,11,50,440,184,BOIS JOALLAND  (ROUTE DU,,,Plein jour,En agglomération,Intersection en T,Normale,Trois véhicules et plus - collisions multiples,,,,,,,,,,,1,2,3,1,5
200800050702,0008-09-05 19:40:00,8,9,5,19,40,440,184,RD 213,,,Plein jour,Hors agglomération,Hors intersection,Pluie légère,Sans collision,,,,,,,,,,,1,1,1,2,7
200800050703,0008-09-17 17:10:00,8,9,17,17,10,440,184,MOULIN DE LA BUTTE (BOUL,,,Plein jour,En agglomération,Intersection en Y,Normale,Deux véhicules - arrière,,,,,,,,,,,1,2,4,1,2
200800050704,0008-09-22 07:44:00,8,9,22,7,44,440,184,"1, EINSTEIN (RUE ALBERT)",,,Plein jour,En agglomération,Hors intersection,Normale,Deux véhicules - côté,,,,,,,,,,,1,2,1,1,3
200800050705,0008-09-23 09:10:00,8,9,23,9,10,440,184,LENGLEN (AVENUE SUZANNE),,,Plein jour,En agglomération,Hors intersection,Normale,Deux véhicules - arrière,,,,,,,,,,,1,2,1,1,2
200800050706,0008-09-25 19:45:00,8,9,25,19,45,440,184,"60, MICHEL ANGE (RUE)",,,Plein jour,En agglomération,Hors intersection,Normale,Sans collision,,,,,,,,,,,1,2,1,1,7
200800050707,0008-09-26 12:35:00,8,9,26,12,35,440,184,PARMENTIER (RUE ANTOINE),,,Plein jour,Hors agglomération,Hors intersection,Normale,Sans collision,,,,,,,,,,,1,1,1,1,7
200800050708,0008-09-27 22:25:00,8,9,27,22,25,440,184,"4, ZOLA (BOULEVARD EMILE",,,Nuit avec éclairage allumé,En agglomération,Hors intersection,Normale,Sans collision,,,,,,,,,,,5,2,1,1,7
200800050709,0008-09-30 17:10:00,8,9,30,17,10,440,184,"2, VILLEBOIS MAREUIL (RU",,,Plein jour,En agglomération,Intersection en X,Normale,Deux véhicules - côté,,,,,,,,,,,1,2,2,1,3
200800050710,0008-09-26 23:00:00,8,9,26,23,0,450,4,"1492, PONT D'ARDAN (RUE",,,Nuit sans éclairage public,Hors agglomération,Hors intersection,Normale,Autre collision,,,,,,,,,,,3,1,1,1,6
200800050711,0008-09-01 11:20:00,8,9,1,11,20,450,284,"118, VERDUN (AVENUE DE)",,,Plein jour,En agglomération,Hors intersection,Normale,Autre collision,,,,,,,,,,,1,2,1,1,6
200800050712,0008-09-01 23:15:00,8,9,1,23,15,450,147,"133, BERTHELOT (RUE MARC",,,Nuit avec éclairage allumé,En agglomération,Hors intersection,Normale,Autre collision,,,,,,,,,,,5,2,1,1,6
200800050713,0008-09-03 13:30:00,8,9,3,13,30,450,308,RN 60,,,Plein jour,En agglomération,Hors intersection,Pluie légère,Sans collision,,,,,,,,,,,1,2,1,2,7
200800050714,0008-09-03 16:30:00,8,9,3,16,30,450,234,"8, SEGELLE (RUE PIERRE)",,,Plein jour,En agglomération,Hors intersection,Normale,Deux véhicules - arrière,,,,,,,,,,,1,2,1,1,2
200800050715,0008-09-04 16:23:00,8,9,4,16,23,450,234,"20, ALBERT 1ER (RUE ALBE",,,Plein jour,En agglomération,Hors intersection,Normale,Autre collision,,,,,,,,,,,1,2,1,1,6
200800050716,0008-09-06 15:15:00,8,9,6,15,15,450,286,"7, DE GAULLE (RUE DU GEN",,,Plein jour,En agglomération,Hors intersection,Normale,Deux véhicules - côté,,,,,,,,,,,1,2,1,1,3