accident_id,datetime,annee,mois,jour,heure,minute,departement,commune_insee,adresse,latitude,longitude,luminosite,agglomeration,intersection,meteo,collision,nb_vehicules,nb_usagers,nb_indemnes,nb_tues,nb_blesses_hosp,nb_blesses_legers,age_cond_1,age_cond_2,veh_type_cond_1,veh_type_cond_2,lum_code,agg_code,int_code,atm_code,col_code
200800051118,0008-09-02 13:45:00,8,9,2,13,45,930,1,"29, REPUBLIQUE (AVE DE L",,,Plein jour,En agglomération,Hors intersection,Normale,Deux véhicules - côté,,,,,,,,,,,1,2,1,1,3
200800051119,0008-09-03 17:05:00,8,9,3,17,5,930,1,"X, REPUBLIQUE (AVE DE LA",,,Plein jour,En agglomération,Intersection en X,Normale,Autre collision,,,,,,,,,,,1,2,2,1,6
200800051120,0008-09-06 16:45:00,8,9,6,16,45,930,1,"140, FELIX FAURE (BLD) 1",,,Plein jour,En agglomération,Hors intersection,Normale,Autre collision,,,,,,,,,,,1,2,1,1,6
200800051121,0008-09-06 17:15:00,8,9,6,17,15,930,1,"X, REPUBLIQUE (AVE DE LA",,,Plein jour,En agglomération,Hors intersection,Normale,Autre collision,,,,,,,,,,,1,2,1,1,6
200800051122,0008-09-08 15:15:00,8,9,8,15,15,930,1,"20, COURNEUVE (RUE DE LA",,,Plein jour,En agglomération,Hors intersection,Normale,Autre collision,,,,,,,,,,,1,2,1,1,6
200800051123,0008-09-11 19:20:00,8,9,11,19,20,930,1,"80, PRESIDENT ROOSEVELT",,,Crépuscule ou aube,En agglomération,Hors intersection,Pluie légère,Deux véhicules - côté,,,,,,,,,,,2,2,1,2,3
200800051124,0008-09-18 09:40:00,8,9,18,9,40,930,1,"32, MOUTIER (RUE DU)  =>",,,Plein jour,En agglomération,Hors intersection,Normale,Autre collision,,,,,,,,,,,1,2,1,1,6
200800051125,0008-09-18 11:45:00,8,9,18,11,45,930,1,"30, ANATOLE FRANCE (BLD)",,,Plein jour,En agglomération,Hors intersection,Normale,Trois véhicules et plus - en chaîne,,,,,,,,,,,1,2,1,1,4
200800051126,0008-09-19 19:05:00,8,9,19,19,5,930,1,"153, JEAN JAURES  (AVE)",,,Plein jour,En agglomération,Hors intersection,Normale,Deux véhicules - côté,,,,,,,,,,,1,2,1,1,3
200800051127,0008-09-25 11:45:00,8,9,25,11,45,930,1,"13, LEOPOLD RECHOSSIERE",,,Plein jour,En agglomération,Hors intersection,Normale,Autre collision,,,,,,,,,,,1,2,1,1,6
200800051128,0008-09-25 17:15:00,8,9,25,17,15,930,1,"80, REPUBLIQUE (AVE DE L",,,Plein jour,En agglomération,Intersection en T,Normale,Autre collision,,,,,,,,,,,1,2,3,1,6
200800051129,0008-09-25 18:00:00,8,9,25,18,0,930,1,"118, VICTOR HUGO (AVE)",,,Plein jour,En agglomération,Hors intersection,Normale,Deux véhicules - côté,,,,,,,,,,,1,2,1,1,3
200800051130,0008-09-26 09:00:00,8,9,26,9,0,930,1,"163, VICTOR HUGO (AVE)",,,Plein jour,En agglomération,Intersection en T,Normale,Deux véhicules - côté,,,,,,,,,,,1,2,3,1,3
200800051131,0008-09-26 12:50:00,8,9,26,12,50,930,1,"X, EDOUARD POISSON  (RUE",,,Plein jour,En agglomération,Hors intersection,Normale,Trois véhicules et plus - collisions multiples,,,,,,,,,,,1,2,1,1,5
200800051132,0008-09-27 22:45:00,8,9,27,22,45,930,1,"56, HEURTAULT (RUE)",,,Nuit avec éclairage allumé,En agglomération,Intersection en X,Normale,Deux véhicules - côté,,,,,,,,,,,5,2,2,1,3
200800051133,0008-09-28 19:25:00,8,9,28,19,25,930,1,"197, VICTOR HUGO (AVE)",,,Plein jour,En agglomération,Hors intersection,Normale,Autre collision,,,,,,,,,,,1,2,1,1,6
200800051134,0008-09-30 17:50:00,8,9,30,17,50,930,1,"72, PONT BLANC.CHARLES T",,,Plein jour,En agglomération,Intersection en X,Pluie légère,Autre collision,,,,,,,,,,,1,2,2,2,6
200800051135,0008-09-06 14:45:00,8,9,6,14,45,930,5,GEMEAUX (ALLEE DES),,,Plein jour,En agglomération,Hors intersection,Normale,Autre collision,,,,,,,,,,,1,2,1,1,6
200800051136,0008-09-07 16:40:00,8,9,7,16,40,930,5,"néant, MARCEL SEMBAT (RU",,,Plein jour,En agglomération,Intersection en X,Normale,Deux véhicules - côté,,,,,,,,,,,1,2,2,1,3
200800051137,0008-09-08 15:45:00,8,9,8,15,45,930,5,EDGAR DEGAS (RUE),,,Plein jour,En agglomération,Intersection en T,Normale,Deux véhicules - côté,,,,,,,,,,,1,2,3,1,3
200800051138,0008-09-09 01:20:00,8,9,9,1,20,930,5,"86, ANATOLE FRANCE (AVEN",,,Nuit avec éclairage allumé,En agglomération,Intersection à plus de 4 branches,Normale,Deux véhicules - côté,,,,,,,,,,,5,2,5,1,3
200800051139,0008-09-02 13:35:00,8,9,2,13,35,930,5,"00, EDGAR DEGAS (RUE)",,,Plein jour,En agglomération,Hors intersection,Normale,Deux véhicules - frontale,,,,,,,,,,,1,2,1,1,1
200800051140,0008-09-18 14:40:00,8,9,18,14,40,930,5,JULES PRINCET [CD115] (R,,,Plein jour,En agglomération,Hors intersection,Normale,Deux véhicules - côté,,,,,,,,,,,1,2,1,1,3
200800051141,0008-09-19 18:45:00,8,9,19,18,45,930,5,"16, CHARLES GOUPPY (RUE)",,,Plein jour,En agglomération,Hors intersection,Normale,Deux véhicules - côté,,,,,,,,,,,1,2,1,1,3
200800051142,0008-09-29 09:30:00,8,9,29,9,30,930,5,JULES VALLES (RUE),,,Plein jour,En agglomération,Hors intersection,Brouillard / fumée,Deux véhicules - côté,,,,,,,,,,,1,2,1,5,3
200800051143,0008-09-07 04:00:00,8,9,7,4,0,930,7,"""DESCARTES (AVENUE """"DU",,,Nuit avec éclairage allumé,En agglomération,Intersection en X,Normale,Autre collision,,,,,,,,,,,5,2,2,1,6
200800051144,0008-09-10 17:00:00,8,9,10,17,0,930,7,"31, ARISTIDE BRIAND (AVE",,,Plein jour,En agglomération,Hors intersection,Normale,Deux véhicules - côté,,,,,,,,,,,1,2,1,1,3
200800051145,0008-09-12 18:00:00,8,9,12,18,0,930,7,"125, ARISTIDE BRIAND (AV",,,Plein jour,En agglomération,Hors intersection,Normale,Autre collision,,,,,,,,,,,1,2,1,1,6
200800051146,0008-09-17 17:30:00,8,9,17,17,30,930,7,"00, ""REPUBLIQUE (AVENUE",,,Plein jour,En agglomération,Intersection en X,Normale,Autre collision,,,,,,,,,,,1,2,2,1,6
200800051147,0008-09-19 08:50:00,8,9,19,8,50,930,7,"""PIERRE SEMARD (PLACE """"",,,Plein jour,En agglomération,Intersection en X,Normale,Deux véhicules - côté,,,,,,,,,,,1,2,2,1,3
200800051148,0008-09-20 12:10:00,8,9,20,12,10,930,7,"133, ""REPUBLIQUE (AVENUE",,,Plein jour,En agglomération,Hors intersection,Normale,Autre collision,,,,,,,,,,,1,2,1,1,6
200800051149,0008-09-26 08:15:00,8,9,26,8,15,930,7,"41, ""DESCARTES (AVENUE """,,,Plein jour,En agglomération,Hors intersection,Normale,Trois véhicules et plus - en chaîne,,,,,,,,,,,1,2,1,1,4
200800051150,0008-09-26 09:30:00,8,9,26,9,30,930,7,J.P. TIMBAUD (RUE),,,Plein jour,En agglomération,Intersection en X,Normale,Trois véhicules et plus - collisions multiples,,,,,,,,,,,1,2,2,1,5
200800051151,0008-09-29 17:45:00,8,9,29,17,45,930,7,"106, ""PAUL VAILLANT COUT",,,Plein jour,En agglomération,Hors intersection,Normale,Deux véhicules - frontale,,,,,,,,,,,1,2,1,1,1
200800051152,0008-09-10 18:10:00,8,9,10,18,10,930,8,VAILLANT COUTURIER (AVEN,,,Plein jour,En agglomération,Giratoire,Normale,Autre collision,,,,,,,,,,,1,2,6,1,6
200800051153,0008-09-12 09:45:00,8,9,12,9,45,930,8,GROSLAY (CHEMIN DE) D20,,,Plein jour,En agglomération,Hors intersection,Normale,Deux véhicules - arrière,,,,,,,,,,,1,2,1,1,2
200800051154,0008-09-12 16:00:00,8,9,12,16,0,930,8,"01, VIGNES (CHEMIN DES)",,,Plein jour,En agglomération,Hors intersection,Normale,Deux véhicules - côté,,,,,,,,,,,1,2,1,1,3
200800051155,0008-09-18 17:15:00,8,9,18,17,15,930,8,DIVISION LECLERC (AVENUE,,,Plein jour,En agglomération,Intersection en T,Normale,Deux véhicules - frontale,,,,,,,,,,,1,2,3,1,1
200800051156,0008-09-23 07:50:00,8,9,23,7,50,930,8,"52, REPUBLIQUE (RUE DE L",,,Plein jour,En agglomération,Hors intersection,Normale,Autre collision,,,,,,,,,,,1,2,1,1,6
200800051157,0008-09-03 17:00:00,8,9,3,17,0,930,10,GALLIENI (AV.) 211,,,Plein jour,En agglomération,Hors intersection,Normale,Deux véhicules - arrière,,,,,,,,,,,1,2,1,1,2
200800051158,0008-09-04 12:45:00,8,9,4,12,45,930,57,MONTYON (AL.) 1 A 74,,,Plein jour,En agglomération,Hors intersection,Normale,Autre collision,,,,,,,,,,,1,2,1,1,6
200800051159,0008-09-07 11:55:00,8,9,7,11,55,930,57,"01, CALMANOVIC (AL. LOUI",,,Plein jour,En agglomération,Hors intersection,Pluie légère,Autre collision,,,,,,,,,,,1,2,1,2,6
200800051160,0008-09-20 06:05:00,8,9,20,6,5,930,57,"ignore, BRIAND ( AV.  AR",,,Nuit avec éclairage allumé,En agglomération,Hors intersection,Normale,Trois véhicules et plus - en chaîne,,,,,,,,,,,5,2,1,1,4
200800051161,0008-09-26 19:05:00,8,9,26,19,5,930,10,"IGNORE, LYSSANDRE (PL. G",,,Plein jour,En agglomération,Hors intersection,Normale,Autre collision,,,,,,,,,,,1,2,1,1,6
200800051162,0008-09-27 21:40:00,8,9,27,21,40,930,10,"ignore, GALLIENI (AV.) D",,,Nuit avec éclairage allumé,En agglomération,Hors intersection,Normale,Autre collision,,,,,,,,,,,5,2,1,1,6
200800051163,0008-09-02 18:25:00,8,9,2,18,25,930,27,BARBUSSE (AVENUE HENRI),,,Plein jour,En agglomération,Intersection en T,Temps couvert,Autre collision,,,,,,,,,,,1,2,3,8,6
200800051164,0008-09-03 12:30:00,8,9,3,12,30,930,13,LINDBERGH (CARREFOUR),,,Plein jour,En agglomération,Intersection en T,Pluie légère,Deux véhicules - côté,,,,,,,,,,,1,2,3,2,3
200800051165,0008-09-10 02:20:00,8,9,10,2,20,930,13,LINDBERGH (CARREFOUR),,,Nuit sans éclairage public,En agglomération,Giratoire,Normale,Autre collision,,,,,,,,,,,3,2,6,1,6
200800051166,0008-09-09 12:00:00,8,9,9,12,0,930,27,JAURES (AVENUE JEAN),,,Plein jour,En agglomération,Intersection en X,Normale,Deux véhicules - côté,,,,,,,,,,,1,2,2,1,3
200800051167,0008-09-14 09:15:00,8,9,14,9,15,930,30,"00, LORENZI (RUE SEBASTI",,,Plein jour,Hors agglomération,Hors intersection,Normale,Autre collision,,,,,,,,,,,1,1,1,1,6
200800051168,0008-09-16 22:25:00,8,9,16,22,25,930,27,"36, PASTEUR (BOULEVARD)",,,Nuit avec éclairage allumé,En agglomération,Hors intersection,Normale,Autre collision,,,,,,,,,,,5,2,1,1,6
200800051169,0008-09-11 18:20:00,8,9,11,18,20,930,13,"49, LECLERC (AVENU DE LA",,,Plein jour,En agglomération,Hors intersection,Normale,Autre collision,,,,,,,,,,,1,2,1,1,6
200800051170,0008-09-29 07:25:00,8,9,29,7,25,930,27,", SAINT-DENIS (RUE DE)",,,Crépuscule ou aube,En agglomération,Intersection en T,Normale,Deux véhicules - côté,,,,,,,,,,,2,2,3,1,3
200800051171,0008-09-29 17:05:00,8,9,29,17,5,930,27,BEAUFILS (RUE),,,Plein jour,En agglomération,Hors intersection,Temps couvert,Autre collision,,,,,,,,,,,1,2,1,8,6
200800051172,0008-09-29 16:30:00,8,9,29,16,30,930,27,SALENGRO (AVENUE ROGER),,,Plein jour,En agglomération,Hors intersection,Normale,Sans collision,,,,,,,,,,,1,2,1,1,7
200800051173,0008-09-29 18:05:00,8,9,29,18,5,930,27,MICHEL (RUE LOUISE),,,Plein jour,En agglomération,Intersection en Y,Normale,Deux véhicules - côté,,,,,,,,,,,1,2,4,1,3
200800051174,0008-09-09 15:10:00,8,9,9,15,10,930,27,"101, BARBUSSE (AVENUE HE",,,Plein jour,En agglomération,Hors intersection,Pluie légère,Deux véhicules - côté,,,,,,,,,,,1,2,1,2,3
200800051175,0008-09-23 15:20:00,8,9,23,15,20,930,27,"00, LECLERC (AVENUE DU G",,,Plein jour,En agglomération,Intersection en X,Normale,Deux véhicules - côté,,,,,,,,,,,1,2,2,1,3
200800051176,0008-09-30 12:10:00,8,9,30,12,10,930,27,"00, CONVENTION (RUE DE L",,,Plein jour,En agglomération,Hors intersection,Pluie légère,Autre collision,,,,,,,,,,,1,2,1,2,6
200800051177,0008-09-03 08:40:00,8,9,3,8,40,930,29,"36, JEAN JAURES (AVENUE)",,,Plein jour,En agglomération,Hors intersection,Normale,Sans collision,,,,,,,,,,,1,2,1,1,7
200800051178,0008-09-10 10:50:00,8,9,10,10,50,930,29,"44, MARCEAU (AVENUE) N°",,,Plein jour,En agglomération,Intersection en T,Normale,Deux véhicules - côté,,,,,,,,,,,1,2,3,1,3
200800051179,0008-09-12 18:11:00,8,9,12,18,11,930,29,"193, ANATOLE FRANCE",,,Plein jour,En agglomération,Hors intersection,Normale,Deux véhicules - côté,,,,,,,,,,,1,2,1,1,3
200800051180,0008-09-19 16:30:00,8,9,19,16,30,930,29,"89, DANTON",,,Plein jour,En agglomération,Hors intersection,Normale,Deux véhicules - côté,,,,,,,,,,,1,2,1,1,3
200800051181,0008-09-22 13:35:00,8,9,22,13,35,930,29,"27, MARCEAU (AVENUE) N°",,,Plein jour,En agglomération,Hors intersection,Normale,Autre collision,,,,,,,,,,,1,2,1,1,6
200800051182,0008-09-25 13:00:00,8,9,25,13,0,930,29,"13, MARCEAU (AVENUE) N°",,,Plein jour,En agglomération,Hors intersection,Normale,Deux véhicules - côté,,,,,,,,,,,1,2,1,1,3
200800051183,0008-09-01 15:20:00,8,9,1,15,20,930,31,"0, ALLENDE (AVENUE SALVA",,,Plein jour,En agglomération,Hors intersection,Normale,Deux véhicules - arrière,,,,,,,,,,,1,2,1,1,2
200800051184,0008-09-02 09:05:00,8,9,2,9,5,930,31,"0, RESISTANCE (PONT)",,,Plein jour,En agglomération,Intersection en T,Pluie légère,Autre collision,,,,,,,,,,,1,2,3,2,6
200800051185,0008-09-07 13:40:00,8,9,7,13,40,930,31,"0, REPUBLIQUE (AVENUE)",,,Plein jour,En agglomération,Hors intersection,Normale,Deux véhicules - côté,,,,,,,,,,,1,2,1,1,3
200800051186,0008-09-08 11:15:00,8,9,8,11,15,930,31,"161, SAINT LEU (ROUTE DE",,,Plein jour,En agglomération,Hors intersection,Normale,Trois véhicules et plus - collisions multiples,,,,,,,,,,,1,2,1,1,5
200800051187,0008-09-12 14:35:00,8,9,12,14,35,930,31,"131bis, PARIS (RUE DE)",,,Plein jour,En agglomération,Hors intersection,Normale,Deux véhicules - côté,,,,,,,,,,,1,2,1,1,3
200800051188,0008-09-20 13:40:00,8,9,20,13,40,930,31,"0, FOCH (BOULEVARD)",,,Plein jour,En agglomération,Hors intersection,Normale,Autre collision,,,,,,,,,,,1,2,1,1,6
200800051189,0008-09-22 21:43:00,8,9,22,21,43,930,31,"01, ENGHIEN (AV D')",,,Nuit avec éclairage allumé,En agglomération,Intersection en X,Normale,Deux véhicules - côté,,,,,,,,,,,5,2,2,1,3
200800051190,0008-09-23 22:05:00,8,9,23,22,5,930,31,"19, LILLE (RUE DE)",,,Nuit avec éclairage allumé,En agglomération,Intersection en T,Normale,Autre collision,,,,,,,,,,,5,2,3,1,6
200800051191,0008-09-27 18:35:00,8,9,27,18,35,930,31,"02, CLAUDE DEBUSSY",,,Plein jour,En agglomération,Hors intersection,Normale,Deux véhicules - arrière,,,,,,,,,,,1,2,1,1,2
200800051192,0008-09-02 16:30:00,8,9,2,16,30,930,32,"50, SAINTE CLOTHILDE  (A",,,Plein jour,En agglomération,Autre intersection,Temps couvert,Autre collision,,,,,,,,,,,1,2,9,8,6
200800051193,0008-09-02 20:30:00,8,9,2,20,30,930,47,SCIENCES   (AVENUE DES),,,Nuit avec éclairage allumé,En agglomération,Hors intersection,Pluie légère,Deux véhicules - côté,,,,,,,,,,,5,2,1,2,3
200800051194,0008-09-06 23:40:00,8,9,6,23,40,930,47,GABRIEL PERI  (AVENUE),,,Nuit avec éclairage allumé,En agglomération,Intersection en X,Normale,Deux véhicules - côté,,,,,,,,,,,5,2,2,1,3
200800051195,0008-09-08 19:40:00,8,9,8,19,40,930,32,RONSARD   (AVENUE),,,Plein jour,Hors agglomération,Intersection en X,Normale,Autre collision,,,,,,,,,,,1,1,2,1,6
200800051196,0008-09-12 06:40:00,8,9,12,6,40,930,32,JEAN JAURES (AVENUE),,,Crépuscule ou aube,En agglomération,Hors intersection,Pluie forte,Autre collision,,,,,,,,,,,2,2,1,3,6
200800051197,0008-09-15 20:15:00,8,9,15,20,15,930,47,MODIGLIANI,,,Nuit avec éclairage allumé,En agglomération,Hors intersection,Normale,Autre collision,,,,,,,,,,,5,2,1,1,6
200800051198,0008-09-16 15:50:00,8,9,16,15,50,930,47,"1, JEAN JAURES (AVENUE)",,,Plein jour,En agglomération,Autre intersection,Normale,Deux véhicules - côté,,,,,,,,,,,1,2,9,1,3
200800051199,0008-09-28 18:20:00,8,9,28,18,20,930,47,CHARMILLES (AVENUE DES),,,Plein jour,En agglomération,Hors intersection,Normale,Deux véhicules - côté,,,,,,,,,,,1,2,1,1,3
200800051200,0008-09-04 13:00:00,8,9,4,13,0,930,6,"angle, GAMBETTA AV.",,,Plein jour,En agglomération,Intersection en T,Normale,Deux véhicules - côté,,,,,,,,,,,1,2,3,1,3
200800051201,0008-09-02 23:00:00,8,9,2,23,0,930,63,"74, MONTREUIL ROUTE DE",,,Nuit avec éclairage allumé,En agglomération,Hors intersection,Pluie légère,Autre collision,,,,,,,,,,,5,2,1,2,6
200800051202,0008-09-06 19:15:00,8,9,6,19,15,930,6,"1, BROSSOLETTE PIERRE",,,Plein jour,En agglomération,Hors intersection,Temps couvert,Deux véhicules - frontale,,,,,,,,,,,1,2,1,8,1
200800051203,0008-09-06 21:10:00,8,9,6,21,10,930,6,"ANGLE, REPUBLIQUE AVENUE",,,Nuit avec éclairage allumé,En agglomération,Intersection en T,Normale,Deux véhicules - côté,,,,,,,,,,,5,2,3,1,3
200800051204,0008-09-12 09:10:00,8,9,12,9,10,930,6,"NEANT, RASPAIL AVENUE",,,Plein jour,En agglomération,Hors intersection,Normale,Deux véhicules - côté,,,,,,,,,,,1,2,1,1,3
200800051205,0008-09-18 20:00:00,8,9,18,20,0,930,61,"11, PERI GABRIEL RUE",,,Nuit avec éclairage allumé,En agglomération,Hors intersection,Normale,Trois véhicules et plus - collisions multiples,,,,,,,,,,,5,2,1,1,5
200800051206,0008-09-18 17:00:00,8,9,18,17,0,930,6,"NEANT, GAL DE GAULLE AV.",,,Plein jour,En agglomération,Hors intersection,Normale,Autre collision,,,,,,,,,,,1,2,1,1,6
200800051207,0008-09-22 21:00:00,8,9,22,21,0,930,61,JAURES AVENUE JEAN,,,Nuit avec éclairage allumé,En agglomération,Intersection en X,Normale,Deux véhicules - côté,,,,,,,,,,,5,2,2,1,3
200800051208,0008-09-24 14:35:00,8,9,24,14,35,930,6,"57, ROBESPIERRE RUE",,,Plein jour,En agglomération,Intersection en X,Normale,Autre collision,,,,,,,,,,,1,2,2,1,6
200800051209,0008-09-05 16:00:00,8,9,5,16,0,930,63,CARNOT PLACE,,,Plein jour,En agglomération,Intersection à plus de 4 branches,Pluie légère,Deux véhicules - frontale,,,,,,,,,,,1,2,5,2,1
200800051210,0008-09-02 07:20:00,8,9,2,7,20,930,46,WINSTON CHURCHILL AVENUE,,,Plein jour,En agglomération,Intersection en X,Temps couvert,Deux véhicules - côté,,,,,,,,,,,1,2,2,8,3
200800051211,0008-09-03 09:30:00,8,9,3,9,30,930,46,", ROGER SALENGRO BOULEVA",,,Plein jour,En agglomération,Intersection en T,Pluie légère,Deux véhicules - côté,,,,,,,,,,,1,2,3,2,3
200800051212,0008-09-04 20:45:00,8,9,4,20,45,930,46,JEAN JAURES BOULEVARD,,,Nuit avec éclairage allumé,En agglomération,Intersection en X,Normale,Deux véhicules - côté,,,,,,,,,,,5,2,2,1,3
200800051213,0008-09-06 09:30:00,8,9,6,9,30,930,46,ROBERT SCHUMANN BOULEVAR,,,Plein jour,En agglomération,Intersection en X,Normale,Autre collision,,,,,,,,,,,1,2,2,1,6
200800051214,0008-09-10 21:10:00,8,9,10,21,10,930,74,MEAUX RUE DE,,,Nuit avec éclairage allumé,En agglomération,Intersection en X,Normale,Autre collision,,,,,,,,,,,5,2,2,1,6
200800051215,0008-09-11 07:40:00,8,9,11,7,40,930,46,WINSTON CHURCHILL AVENUE,,,Plein jour,En agglomération,Intersection en X,Normale,Deux véhicules - côté,,,,,,,,,,,1,2,2,1,3
200800051216,0008-09-11 19:30:00,8,9,11,19,30,930,46,QUESNAY AVENUE,,,Plein jour,En agglomération,Hors intersection,Normale,Deux véhicules - côté,,,,,,,,,,,1,2,1,1,3
200800051217,0008-09-13 17:20:00,8,9,13,17,20,930,74,HENRI IV RUE,,,Plein jour,En agglomération,Hors intersection,Pluie légère,Deux véhicules - côté,,,,,,,,,,,1,2,1,2,3
200800051218,0008-09-15 12:20:00,8,9,15,12,20,930,46,VAUBAN AVENUE,,,Plein jour,En agglomération,Hors intersection,Normale,Autre collision,,,,,,,,,,,1,2,1,1,6
200800051219,0008-09-16 08:30:00,8,9,16,8,30,930,74,"36, MEAUX RUE DE",,,Plein jour,En agglomération,Hors intersection,Normale,Sans collision,,,,,,,,,,,1,2,1,1,7
200800051220,0008-09-16 09:50:00,8,9,16,9,50,930,46,"40, KENNEDY AVENUE DU PR",,,Plein jour,En agglomération,Hors intersection,Normale,Deux véhicules - côté,,,,,,,,,,,1,2,1,1,3
200800051221,0008-09-16 13:45:00,8,9,16,13,45,930,46,CONSUL GENERAL NORDLING,,,Plein jour,En agglomération,Intersection en X,Normale,Deux véhicules - côté,,,,,,,,,,,1,2,2,1,3
200800051222,0008-09-19 20:15:00,8,9,19,20,15,930,74,"84, MEAUX RUE DE",,,Crépuscule ou aube,En agglomération,Intersection en T,Normale,Deux véhicules - côté,,,,,,,,,,,2,2,3,1,3
200800051223,0008-09-22 09:05:00,8,9,22,9,5,930,46,LIEGEARD AVENUE,,,Plein jour,En agglomération,Intersection à plus de 4 branches,Normale,Deux véhicules - côté,,,,,,,,,,,1,2,5,1,3
200800051224,0008-09-22 10:30:00,8,9,22,10,30,930,46,"74, COLONEL FABIEN AVENU",,,Plein jour,En agglomération,Hors intersection,Normale,Deux véhicules - arrière,,,,,,,,,,,1,2,1,1,2
200800051225,0008-09-24 15:40:00,8,9,24,15,40,930,46,"41, WINSTON CHURCHILL AV",,,Plein jour,En agglomération,Hors intersection,Normale,Deux véhicules - côté,,,,,,,,,,,1,2,1,1,3
200800051226,0008-09-25 08:00:00,8,9,25,8,0,930,46,"41, EUGENE MASSE RUE",,,Plein jour,En agglomération,Intersection en X,Normale,Deux véhicules - côté,,,,,,,,,,,1,2,2,1,3
200800051227,0008-09-29 06:05:00,8,9,29,6,5,930,46,REPUBLIQUE AVENUE DE LA,,,Nuit avec éclairage allumé,En agglomération,Intersection en X,Normale,Deux véhicules - côté,,,,,,,,,,,5,2,2,1,3
200800051228,0008-09-30 18:10:00,8,9,30,18,10,930,46,"68, JEAN JACQUES ROUSSEA",,,Plein jour,En agglomération,Intersection en X,Pluie légère,Deux véhicules - arrière,,,,,,,,,,,1,2,2,2,2
200800051229,0008-09-26 15:16:00,8,9,26,15,16,930,46,LA FONTAINE ALLEE,,,Plein jour,En agglomération,Hors intersection,Normale,Sans collision,,,,,,,,,,,1,2,1,1,7
200800051230,0008-09-02 14:00:00,8,9,2,14,0,930,48,"77, PARIS (RUE DE)",,,Plein jour,En agglomération,Hors intersection,Normale,Deux véhicules - arrière,,,,,,,,,,,1,2,1,1,2
200800051231,0008-09-08 18:05:00,8,9,8,18,5,930,48,"164, ARISTIDE BRIAND (BO",,,Plein jour,En agglomération,Hors intersection,Normale,Autre collision,,,,,,,,,,,1,2,1,1,6
200800051232,0008-09-11 19:15:00,8,9,11,19,15,930,48,EMILE BEAUFILS (RUE),,,Crépuscule ou aube,En agglomération,Intersection en X,Pluie légère,Deux véhicules - côté,,,,,,,,,,,2,2,2,2,3
200800051233,0008-09-26 04:45:00,8,9,26,4,45,650,440,"., UNIVERSITE (ROND POIN",,,Nuit avec éclairage allumé,En agglomération,Giratoire,Normale,Autre collision,,,,,,,,,,,5,2,6,1,6
200800051234,0008-09-28 02:55:00,8,9,28,2,55,650,100,"., BORDEAUX (ROUTE DE) C",,,Nuit avec éclairage allumé,En agglomération,Hors intersection,Normale,Deux véhicules - frontale,,,,,,,,,,,5,2,1,1,1
200800051235,0008-09-28 14:15:00,8,9,28,14,15,650,417,"17, MITTERRAND (AVENUE F",,,Plein jour,En agglomération,Hors intersection,Normale,Deux véhicules - côté,,,,,,,,,,,1,2,1,1,3
200800051236,0008-09-29 18:50:00,8,9,29,18,50,650,440,"1, ALSACE LORRAINE (AVEN",,,Plein jour,En agglomération,Hors intersection,Normale,Deux véhicules - arrière,,,,,,,,,,,1,2,1,1,2
200800051237,0008-09-30 07:35:00,8,9,30,7,35,650,440,"., HARMONIE (RUE DE L')",,,Crépuscule ou aube,En agglomération,Intersection en X,Normale,Deux véhicules - côté,,,,,,,,,,,2,2,2,1,3
200800051238,0008-09-09 10:00:00,8,9,9,10,0,660,136,ZOLA (EMILE),,,Plein jour,En agglomération,Hors intersection,Normale,Autre collision,,,,,,,,,,,1,2,1,1,6
200800051239,0008-09-11 20:00:00,8,9,11,20,0,660,136,LANGUEDOC (AVENUE DU CD,,,Nuit avec éclairage non allumé,En agglomération,Hors intersection,Pluie légère,Trois véhicules et plus - collisions multiples,,,,,,,,,,,4,2,1,2,5
200800051240,0008-09-13 15:00:00,8,9,13,15,0,660,136,JOFFRE (AVENUE DU MARECH,,,Plein jour,En agglomération,Hors intersection,Normale,Autre collision,,,,,,,,,,,1,2,1,1,6
200800051241,0008-09-19 18:05:00,8,9,19,18,5,660,136,"face 62, AGASSE PASCAL M",,,Plein jour,En agglomération,Hors intersection,Normale,Autre collision,,,,,,,,,,,1,2,1,1,6
200800051242,0008-09-21 12:45:00,8,9,21,12,45,660,136,"39, BRIQUETERIE DE LA",,,Plein jour,En agglomération,Hors intersection,Normale,Deux véhicules - frontale,,,,,,,,,,,1,2,1,1,1
200800051243,0008-09-22 11:24:00,8,9,22,11,24,660,136,"01, RIBERE (HENRI)",,,Plein jour,En agglomération,Hors intersection,Normale,Deux véhicules - côté,,,,,,,,,,,1,2,1,1,3
200800051244,0008-09-23 16:50:00,8,9,23,16,50,660,136,"., ALDUY (Paul)",,,Plein jour,En agglomération,Hors intersection,Normale,Autre collision,,,,,,,,,,,1,2,1,1,6
200800051245,0008-09-24 15:45:00,8,9,24,15,45,660,136,"., GIONO (AVENUE JEAN)",,,Plein jour,En agglomération,Hors intersection,Normale,Autre collision,,,,,,,,,,,1,2,1,1,6
200800051246,0008-09-30 21:20:00,8,9,30,21,20,660,136,BRUTUS AVENUE GILBERT,,,Nuit avec éclairage allumé,En agglomération,Hors intersection,Normale,Autre collision,,,,,,,,,,,5,2,1,1,6
200800051247,0008-09-01 08:55:00,8,9,1,8,55,670,482,"0, LANDSBERG (RUE DU)",,,Plein jour,En agglomération,Intersection en X,Normale,Autre collision,,,,,,,,,,,1,2,2,1,6
200800051248,0008-09-02 08:50:00,8,9,2,8,50,670,447,"0, PIERRE MENDES FRANCE",,,Plein jour,En agglomération,Hors intersection,Normale,Autre collision,,,,,,,,,,,1,2,1,1,6
200800051249,0008-09-02 14:50:00,8,9,2,14,50,670,482,"0, RACINE (AVENUE)",,,Plein jour,En agglomération,Hors intersection,Normale,Deux véhicules - côté,,,,,,,,,,,1,2,1,1,3