accident_id,datetime,annee,mois,jour,heure,minute,departement,commune_insee,adresse,latitude,longitude,luminosite,agglomeration,intersection,meteo,collision,nb_vehicules,nb_usagers,nb_indemnes,nb_tues,nb_blesses_hosp,nb_blesses_legers,age_cond_1,age_cond_2,veh_type_cond_1,veh_type_cond_2,lum_code,agg_code,int_code,atm_code,col_code
200800051383,0008-09-20 11:15:00,8,9,20,11,15,690,290,"0, BOULEVARD EDOUARD HER",,,Plein jour,En agglomération,Intersection en X,Normale,Deux véhicules - côté,,,,,,,,,,,1,2,2,1,3
200800051384,0008-09-12 07:50:00,8,9,12,7,50,700,285,11 NOVEMBRE (RUE DU),,,Plein jour,En agglomération,Place,Normale,Deux véhicules - côté,,,,,,,,,,,1,2,7,1,3
200800051385,0008-09-04 16:35:00,8,9,4,16,35,710,445,"82, GRANDE RUE",,,Plein jour,En agglomération,Hors intersection,Normale,Trois véhicules et plus - en chaîne,,,,,,,,,,,1,2,1,1,4
200800051386,0008-09-07 04:20:00,8,9,7,4,20,710,445,"19, CHAVANNES (RUE DES)",,,Nuit avec éclairage allumé,En agglomération,Hors intersection,Normale,Deux véhicules - arrière,,,,,,,,,,,5,2,1,1,2
200800051387,0008-09-13 13:50:00,8,9,13,13,50,710,445,VILLENEUVE (RUE DE LA),,,Plein jour,En agglomération,Hors intersection,Normale,Deux véhicules - frontale,,,,,,,,,,,1,2,1,1,1
200800051388,0008-09-22 15:25:00,8,9,22,15,25,710,76,"33, SAINT COSME (GRANDE",,,Plein jour,En agglomération,Intersection en T,Normale,Deux véhicules - côté,,,,,,,,,,,1,2,3,1,3
200800051389,0008-09-07 12:00:00,8,9,7,12,0,710,309,"., D 269",,,Plein jour,Hors agglomération,Hors intersection,Normale,Deux véhicules - frontale,,,,,,,,,,,1,1,1,1,1
200800051390,0008-09-10 15:25:00,8,9,10,15,25,710,153,"50, MARTYRS DE LA LIBERA",,,Plein jour,En agglomération,Hors intersection,Normale,Deux véhicules - arrière,,,,,,,,,,,1,2,1,1,2
200800051391,0008-09-13 16:30:00,8,9,13,16,30,710,153,"., HARFLEUR (ROND POINT",,,Plein jour,En agglomération,Giratoire,Pluie légère,Deux véhicules - côté,,,,,,,,,,,1,2,6,2,3
200800051392,0008-09-18 10:45:00,8,9,18,10,45,710,153,"50, JAURES (RUE JEAN)",,,Plein jour,En agglomération,Hors intersection,Normale,Deux véhicules - côté,,,,,,,,,,,1,2,1,1,3
200800051393,0008-09-19 09:15:00,8,9,19,9,15,710,153,"., BRUYERES (RUE DES)",,,Plein jour,En agglomération,Intersection en X,Normale,Deux véhicules - côté,,,,,,,,,,,1,2,2,1,3
200800051394,0008-09-22 12:45:00,8,9,22,12,45,710,153,"., VERDUN (AVENUE DE)",,,Plein jour,En agglomération,Hors intersection,Normale,Autre collision,,,,,,,,,,,1,2,1,1,6
200800051395,0008-09-23 16:30:00,8,9,23,16,30,710,540,"., MEIX AU GRAND (LE)",,,Plein jour,Hors agglomération,Hors intersection,Normale,Sans collision,,,,,,,,,,,1,1,1,1,7
200800051396,0008-09-04 21:10:00,8,9,4,21,10,710,270,JULIENAS (ROUTE DE C.D.,,,Nuit avec éclairage allumé,Hors agglomération,Hors intersection,Pluie légère,Deux véhicules - frontale,,,,,,,,,,,5,1,1,2,1
200800051397,0008-09-08 19:05:00,8,9,8,19,5,710,270,"1, JUIN (RUE DU MARECHAL",,,Plein jour,En agglomération,Hors intersection,Normale,Autre collision,,,,,,,,,,,1,2,1,1,6
200800051398,0008-09-16 09:30:00,8,9,16,9,30,710,270,"1, CURIE (AVENUE PIERRE",,,Plein jour,En agglomération,Hors intersection,Normale,Deux véhicules - côté,,,,,,,,,,,1,2,1,1,3
200800051399,0008-09-16 09:25:00,8,9,16,9,25,710,270,"94, RAMBUTEAU (RUE)",,,Plein jour,En agglomération,Hors intersection,Normale,Sans collision,,,,,,,,,,,1,2,1,1,7
200800051400,0008-09-19 14:00:00,8,9,19,14,0,710,270,"1, FLACE (RUE DE)",,,Plein jour,En agglomération,Hors intersection,Normale,Deux véhicules - arrière,,,,,,,,,,,1,2,1,1,2
200800051401,0008-09-11 23:15:00,8,9,11,23,15,710,270,"1, FRANCHE (RUE)",,,Nuit avec éclairage allumé,En agglomération,Intersection en T,Normale,Deux véhicules - côté,,,,,,,,,,,5,2,3,1,3
200800051402,0008-09-26 09:50:00,8,9,26,9,50,710,270,"1, JULIENAS (ROUTE DE)",,,Plein jour,En agglomération,Hors intersection,Normale,Sans collision,,,,,,,,,,,1,2,1,1,7
200800051403,0008-09-26 23:10:00,8,9,26,23,10,710,40,"11, BOIS CLAIR (RUE DU)",,,Nuit avec éclairage allumé,En agglomération,Hors intersection,Normale,Deux véhicules - frontale,,,,,,,,,,,5,2,1,1,1
200800051404,0008-09-28 12:40:00,8,9,28,12,40,710,486,"314/1, VERDUN (BOULEVARD",,,Plein jour,En agglomération,Intersection en X,Normale,Deux véhicules - côté,,,,,,,,,,,1,2,2,1,3
200800051405,0008-09-28 18:25:00,8,9,28,18,25,710,306,"8, DE LATTRE DE TASSIGNY",,,Plein jour,En agglomération,Intersection en X,Normale,Autre collision,,,,,,,,,,,1,2,2,1,6
200800051406,0008-09-02 09:50:00,8,9,2,9,50,720,181,SIEYES (RUE),,,Plein jour,En agglomération,Hors intersection,Normale,Deux véhicules - côté,,,,,,,,,,,1,2,1,1,3
200800051407,0008-09-02 16:14:00,8,9,2,16,14,720,181,BOLLEE (AV) N° IMP 201 A,,,Plein jour,En agglomération,Hors intersection,Normale,Autre collision,,,,,,,,,,,1,2,1,1,6
200800051408,0008-09-03 18:00:00,8,9,3,18,0,720,181,"274, LIBERATION (AV DE L",,,Plein jour,En agglomération,Hors intersection,Normale,Deux véhicules - côté,,,,,,,,,,,1,2,1,1,3
200800051409,0008-09-04 14:00:00,8,9,4,14,0,720,3,BREIL (RUE DU),,,Plein jour,En agglomération,Hors intersection,Normale,Deux véhicules - côté,,,,,,,,,,,1,2,1,1,3
200800051410,0008-09-08 18:30:00,8,9,8,18,30,720,181,GUETTE-LOUP (CHEMIN) IMP,,,Plein jour,En agglomération,Hors intersection,Normale,Deux véhicules - côté,,,,,,,,,,,1,2,1,1,3
200800051411,0008-09-09 08:09:00,8,9,9,8,9,720,181,"32, DROUAULT CONSTANT (R",,,Plein jour,En agglomération,Hors intersection,Temps éblouissant,Autre collision,,,,,,,,,,,1,2,1,7,6
200800051412,0008-09-09 13:35:00,8,9,9,13,35,720,181,LAIGNE RUE DE N° IMP 1 A,,,Plein jour,En agglomération,Hors intersection,Normale,Deux véhicules - côté,,,,,,,,,,,1,2,1,1,3
200800051413,0008-09-10 08:20:00,8,9,10,8,20,720,181,DEMORIEUX IMP DE ROCADE,,,Plein jour,En agglomération,Hors intersection,Normale,Deux véhicules - côté,,,,,,,,,,,1,2,1,1,3
200800051414,0008-09-10 16:05:00,8,9,10,16,5,720,181,"116-118, SABLE (RTE DE )",,,Plein jour,En agglomération,Hors intersection,Normale,Autre collision,,,,,,,,,,,1,2,1,1,6
200800051415,0008-09-11 11:00:00,8,9,11,11,0,720,181,"104, GENESLAY FELIX (AV)",,,Plein jour,En agglomération,Hors intersection,Normale,Deux véhicules - côté,,,,,,,,,,,1,2,1,1,3
200800051416,0008-09-11 18:10:00,8,9,11,18,10,720,181,BEAUFILS (RUE),,,Plein jour,En agglomération,Intersection en T,Normale,Deux véhicules - côté,,,,,,,,,,,1,2,3,1,3
200800051417,0008-09-15 04:20:00,8,9,15,4,20,720,181,BOEUFS LE PETIT HOUX (CH,,,Nuit avec éclairage allumé,Hors agglomération,Hors intersection,Normale,Autre collision,,,,,,,,,,,5,1,1,1,6
200800051418,0008-09-15 17:55:00,8,9,15,17,55,720,181,JAURES JEAN (AV) N° IMP,,,Plein jour,En agglomération,Hors intersection,Normale,Deux véhicules - côté,,,,,,,,,,,1,2,1,1,3
200800051419,0008-09-15 17:56:00,8,9,15,17,56,720,181,ROUILLON (RTE DE),,,Plein jour,Hors agglomération,Hors intersection,Normale,Deux véhicules - frontale,,,,,,,,,,,1,1,1,1,1
200800051420,0008-09-16 20:20:00,8,9,16,20,20,720,181,SINAULT (RUE DE),,,Nuit avec éclairage allumé,En agglomération,Hors intersection,Normale,Autre collision,,,,,,,,,,,5,2,1,1,6
200800051421,0008-09-18 17:35:00,8,9,18,17,35,720,95,SAINT MICHEL (BD),,,Plein jour,En agglomération,Hors intersection,Normale,Deux véhicules - côté,,,,,,,,,,,1,2,1,1,3
200800051422,0008-09-19 14:15:00,8,9,19,14,15,720,181,PADERBORN (AV) N° 3,,,Plein jour,En agglomération,Intersection en X,Normale,Deux véhicules - côté,,,,,,,,,,,1,2,2,1,3
200800051423,0008-09-19 19:00:00,8,9,19,19,0,720,181,ISAAC (RUE) N° IMP 1 A 1,,,Plein jour,En agglomération,Hors intersection,Normale,Deux véhicules - côté,,,,,,,,,,,1,2,1,1,3
200800051424,0008-09-21 17:58:00,8,9,21,17,58,720,181,CUGNOT NICOLAS (BD),,,Plein jour,En agglomération,Hors intersection,Normale,Deux véhicules - côté,,,,,,,,,,,1,2,1,1,3
200800051425,0008-09-22 08:45:00,8,9,22,8,45,720,181,BEAUGE (RUE DE),,,Plein jour,En agglomération,Hors intersection,Normale,Deux véhicules - côté,,,,,,,,,,,1,2,1,1,3
200800051426,0008-09-22 09:10:00,8,9,22,9,10,720,181,DURAND GEORGES (AV) N° I,,,Plein jour,En agglomération,Hors intersection,Normale,Deux véhicules - côté,,,,,,,,,,,1,2,1,1,3
200800051427,0008-09-23 16:50:00,8,9,23,16,50,720,181,RUBILLARD AV N° PAIRS 2,,,Plein jour,En agglomération,Hors intersection,Normale,Deux véhicules - côté,,,,,,,,,,,1,2,1,1,3
200800051428,0008-09-23 17:15:00,8,9,23,17,15,720,181,KLOTZ HENRI-PIERRE (AV),,,Plein jour,En agglomération,Hors intersection,Normale,Deux véhicules - arrière,,,,,,,,,,,1,2,1,1,2
200800051429,0008-09-26 03:45:00,8,9,26,3,45,720,181,BONNETABLE STOC (RTE),,,Nuit avec éclairage non allumé,Hors agglomération,Hors intersection,Normale,Autre collision,,,,,,,,,,,4,1,1,1,6
200800051430,0008-09-27 19:00:00,8,9,27,19,0,720,181,DURAND GEORGES (AV) N° I,,,Plein jour,En agglomération,Hors intersection,Normale,Deux véhicules - côté,,,,,,,,,,,1,2,1,1,3
200800051431,0008-09-28 13:45:00,8,9,28,13,45,720,181,BOLLEE (AV) N° IMP 1 A 6,,,Plein jour,En agglomération,Hors intersection,Normale,Deux véhicules - côté,,,,,,,,,,,1,2,1,1,3
200800051432,0008-09-29 08:00:00,8,9,29,8,0,720,181,DEMORIEUX PAIRS><ROCADE,,,Plein jour,En agglomération,Hors intersection,Normale,Autre collision,,,,,,,,,,,1,2,1,1,6
200800051433,0008-09-30 17:20:00,8,9,30,17,20,720,181,PATTON GENERAL RTE BAUGE,,,Plein jour,Hors agglomération,Hors intersection,Normale,Trois véhicules et plus - collisions multiples,,,,,,,,,,,1,1,1,1,5
200800051434,0008-09-10 15:45:00,8,9,10,15,45,730,8,GEORGES 1ER RUE,,,Plein jour,En agglomération,Giratoire,Normale,Deux véhicules - côté,,,,,,,,,,,1,2,6,1,3
200800051435,0008-09-14 05:55:00,8,9,14,5,55,730,8,"0, WILSON BOULEVARD",,,Nuit avec éclairage allumé,En agglomération,Giratoire,Pluie légère,Deux véhicules - côté,,,,,,,,,,,5,2,6,2,3
200800051436,0008-09-26 16:43:00,8,9,26,16,43,730,8,"33, ITALIE AVENUE D'",,,Plein jour,En agglomération,Hors intersection,Normale,Autre collision,,,,,,,,,,,1,2,1,1,6
200800051437,0008-09-22 18:20:00,8,9,22,18,20,730,11,"50, REPUBLIQUE (RUE DE L",,,Plein jour,En agglomération,Hors intersection,Normale,Autre collision,,,,,,,,,,,1,2,1,1,6
200800051438,0008-09-29 17:15:00,8,9,29,17,15,730,11,", OLIVET (CHEMIN DE)",,,Plein jour,En agglomération,Intersection en X,Temps éblouissant,Deux véhicules - côté,,,,,,,,,,,1,2,2,7,3
200800051439,0008-09-01 14:40:00,8,9,1,14,40,740,93,"., JOURDIL (DU)",,,Plein jour,En agglomération,Intersection en X,Normale,Deux véhicules - arrière,,,,,,,,,,,1,2,2,1,2
200800051440,0008-09-02 16:15:00,8,9,2,16,15,740,10,FRANCE (AVENUE)(SECTEUR,,,Plein jour,En agglomération,Intersection en X,Normale,Deux véhicules - côté,,,,,,,,,,,1,2,2,1,3
200800051441,0008-09-09 15:40:00,8,9,9,15,40,740,10,"., TOURNETTE (PLACE DE L",,,Plein jour,En agglomération,Intersection en T,Normale,Deux véhicules - côté,,,,,,,,,,,1,2,3,1,3
200800051442,0008-09-13 21:35:00,8,9,13,21,35,740,10,"73, ROCADE (BOULEVARD DE",,,Nuit avec éclairage allumé,En agglomération,Autre intersection,Normale,Deux véhicules - arrière,,,,,,,,,,,5,2,9,1,2
200800051443,0008-09-17 00:40:00,8,9,17,0,40,740,10,"29, MARECHAL LECLERC (PR",,,Nuit avec éclairage allumé,En agglomération,Hors intersection,Normale,Autre collision,,,,,,,,,,,5,2,1,1,6
200800051444,0008-09-18 16:45:00,8,9,18,16,45,740,93,"., CREUSES (ROUTE DES)",,,Plein jour,Hors agglomération,Intersection en X,Normale,Deux véhicules - frontale,,,,,,,,,,,1,1,2,1,1
200800051445,0008-09-11 17:40:00,8,9,11,17,40,740,119,DUPAS (AVENUE DU GENERAL,,,Plein jour,En agglomération,Hors intersection,Normale,Autre collision,,,,,,,,,,,1,2,1,1,6
200800051446,0008-09-09 20:09:00,8,9,9,20,9,740,281,SENEVULAZ (AVENUE DE),,,Nuit avec éclairage allumé,En agglomération,Intersection en T,Normale,Deux véhicules - côté,,,,,,,,,,,5,2,3,1,3
200800051447,0008-09-19 21:05:00,8,9,19,21,5,740,281,"13, FONTAINE COUVERTE (A",,,Nuit avec éclairage allumé,En agglomération,Hors intersection,Normale,Sans collision,,,,,,,,,,,5,2,1,1,7
200800051448,0008-09-08 08:05:00,8,9,8,8,5,740,281,CONTOURNEMENT,,,Plein jour,Hors agglomération,Hors intersection,Normale,Autre collision,,,,,,,,,,,1,1,1,1,6
200800051449,0008-09-13 06:15:00,8,9,13,6,15,760,114,RD 149,,,Nuit sans éclairage public,Hors agglomération,Hors intersection,Brouillard / fumée,Sans collision,,,,,,,,,,,3,1,1,5,7
200800051450,0008-09-03 12:15:00,8,9,3,12,15,760,384,"19, ETANG (RUE DE L')",,,Plein jour,En agglomération,Intersection en X,Normale,Deux véhicules - côté,,,,,,,,,,,1,2,2,1,3
200800051451,0008-09-01 11:20:00,8,9,1,11,20,760,217,RD 925,,,Plein jour,En agglomération,Hors intersection,Normale,Deux véhicules - arrière,,,,,,,,,,,1,2,1,1,2
200800051452,0008-09-02 15:15:00,8,9,2,15,15,760,217,"1, ROUTE DE LA VIEILLE G",,,Plein jour,En agglomération,Hors intersection,Pluie forte,Sans collision,,,,,,,,,,,1,2,1,3,7
200800051453,0008-09-02 18:20:00,8,9,2,18,20,760,565,RD 915,,,Plein jour,Hors agglomération,Hors intersection,Pluie légère,Trois véhicules et plus - en chaîne,,,,,,,,,,,1,1,1,2,4
200800051454,0008-09-02 18:40:00,8,9,2,18,40,760,565,RD 915,,,Plein jour,Hors agglomération,Hors intersection,Pluie légère,Deux véhicules - arrière,,,,,,,,,,,1,1,1,2,2
200800051455,0008-09-03 15:15:00,8,9,3,15,15,760,137,RD 113,,,Plein jour,En agglomération,Hors intersection,Pluie légère,Deux véhicules - côté,,,,,,,,,,,1,2,1,2,3
200800051456,0008-09-05 04:30:00,8,9,5,4,30,760,707,RN 27,,,Nuit avec éclairage allumé,Hors agglomération,Intersection en Y,Normale,Deux véhicules - côté,,,,,,,,,,,5,1,4,1,3
200800051457,0008-09-06 06:10:00,8,9,6,6,10,760,565,RN 27,,,Nuit sans éclairage public,Hors agglomération,Hors intersection,Normale,Autre collision,,,,,,,,,,,3,1,1,1,6
200800051458,0008-09-07 12:00:00,8,9,7,12,0,760,217,RUE DES MARTYRS DE LA RE,,,Plein jour,En agglomération,Hors intersection,Pluie forte,Deux véhicules - côté,,,,,,,,,,,1,2,1,3,3
200800051459,0008-09-07 19:25:00,8,9,7,19,25,760,217,"1, JAURES (AVENUE JEAN)",,,Plein jour,En agglomération,Hors intersection,Normale,Deux véhicules - arrière,,,,,,,,,,,1,2,1,1,2
200800051460,0008-09-10 14:25:00,8,9,10,14,25,760,349,RD 925,,,Plein jour,Hors agglomération,Giratoire,Normale,Deux véhicules - côté,,,,,,,,,,,1,1,6,1,3
200800051461,0008-09-12 08:30:00,8,9,12,8,30,760,26,ROUTE DE SAINT NICOLAS,,,Plein jour,Hors agglomération,Hors intersection,Temps couvert,Autre collision,,,,,,,,,,,1,1,1,8,6
200800051462,0008-09-13 19:45:00,8,9,13,19,45,760,217,"1, BRUNEL (JOSEPH)",,,Plein jour,En agglomération,Hors intersection,Normale,Deux véhicules - arrière,,,,,,,,,,,1,2,1,1,2
200800051463,0008-09-19 20:50:00,8,9,19,20,50,760,217,"1, FOCH (BOULEVARD MAREC",,,Nuit avec éclairage allumé,En agglomération,Intersection en T,Normale,Deux véhicules - côté,,,,,,,,,,,5,2,3,1,3
200800051464,0008-09-04 13:42:00,8,9,4,13,42,760,561,"1, CANADIENS. RUE DES",,,Plein jour,En agglomération,Intersection en X,Normale,Deux véhicules - côté,,,,,,,,,,,1,2,2,1,3
200800051465,0008-09-12 07:51:00,8,9,12,7,51,760,282,"240, ELBEUF. RUE D'",,,Plein jour,En agglomération,Hors intersection,Normale,Autre collision,,,,,,,,,,,1,2,1,1,6
200800051466,0008-09-19 22:45:00,8,9,19,22,45,760,165,"10, GALILEE. RUE",,,Nuit avec éclairage allumé,En agglomération,Intersection en X,Normale,Deux véhicules - côté,,,,,,,,,,,5,2,2,1,3
200800051467,0008-09-18 17:10:00,8,9,18,17,10,760,231,"1, VOIE SUR BERGE",,,Plein jour,En agglomération,Hors intersection,Normale,Deux véhicules - arrière,,,,,,,,,,,1,2,1,1,2
200800051468,0008-09-01 18:45:00,8,9,1,18,45,760,351,"Néant, COLBERT (QUAI)",,,Plein jour,En agglomération,Hors intersection,Normale,Deux véhicules - côté,,,,,,,,,,,1,2,1,1,3
200800051469,0008-09-09 08:55:00,8,9,9,8,55,760,351,"148, STRASBOURG",,,Plein jour,En agglomération,Intersection en T,Normale,Autre collision,,,,,,,,,,,1,2,3,1,6
200800051470,0008-09-11 08:30:00,8,9,11,8,30,760,351,"220, ARISTIDE BRIAND",,,Plein jour,En agglomération,Intersection en T,Pluie légère,Autre collision,,,,,,,,,,,1,2,3,2,6
200800051471,0008-09-14 13:16:00,8,9,14,13,16,760,351,FLANDRES DUNKERQUE,,,Plein jour,En agglomération,Intersection en X,Normale,Deux véhicules - côté,,,,,,,,,,,1,2,2,1,3
200800051472,0008-09-15 12:10:00,8,9,15,12,10,760,351,"Néant, BOIS AU COQ (RUE)",,,Plein jour,En agglomération,Intersection en X,Normale,Deux véhicules - côté,,,,,,,,,,,1,2,2,1,3
200800051473,0008-09-16 01:00:00,8,9,16,1,0,760,305,"néant, D6015",,,Nuit avec éclairage allumé,Hors agglomération,Hors intersection,Normale,Autre collision,,,,,,,,,,,5,1,1,1,6
200800051474,0008-09-16 15:50:00,8,9,16,15,50,760,351,"néant, HENRI DUNANT",,,Plein jour,En agglomération,Intersection en T,Normale,Trois véhicules et plus - collisions multiples,,,,,,,,,,,1,2,3,1,5
200800051475,0008-09-17 16:00:00,8,9,17,16,0,760,270,"NEANT, LOUIS LUMIERE",,,Plein jour,Hors agglomération,Hors intersection,Normale,Trois véhicules et plus - en chaîne,,,,,,,,,,,1,1,1,1,4
200800051476,0008-09-19 01:55:00,8,9,19,1,55,760,351,"150, PASTEUR",,,Nuit avec éclairage allumé,En agglomération,Hors intersection,Normale,Autre collision,,,,,,,,,,,5,2,1,1,6
200800051477,0008-09-19 07:40:00,8,9,19,7,40,760,351,"326, PIERRE MENDES FRANC",,,Plein jour,En agglomération,Hors intersection,Normale,Autre collision,,,,,,,,,,,1,2,1,1,6
200800051478,0008-09-19 16:50:00,8,9,19,16,50,760,351,"Néant, JENNER (TUNNEL)",,,Plein jour,En agglomération,Hors intersection,Normale,Deux véhicules - côté,,,,,,,,,,,1,2,1,1,3
200800051479,0008-09-21 16:30:00,8,9,21,16,30,760,351,"247, ARISTIDE BRIAND",,,Plein jour,En agglomération,Hors intersection,Normale,Autre collision,,,,,,,,,,,1,2,1,1,6
200800051480,0008-09-23 17:40:00,8,9,23,17,40,760,351,"Néant, ROUGET DE LISLE (",,,Plein jour,En agglomération,Intersection en T,Normale,Deux véhicules - côté,,,,,,,,,,,1,2,3,1,3
200800051481,0008-09-24 18:34:00,8,9,24,18,34,760,351,"NEANT, JEAN DUBUFFET",,,Plein jour,En agglomération,Hors intersection,Normale,Autre collision,,,,,,,,,,,1,2,1,1,6
200800051482,0008-09-29 18:00:00,8,9,29,18,0,760,351,"néant, PAUL BERT (AVENUE",,,Plein jour,En agglomération,Intersection en X,Normale,Deux véhicules - arrière,,,,,,,,,,,1,2,2,1,2
200800051483,0008-09-30 17:20:00,8,9,30,17,20,760,351,"Néant, BOIS AU COQ (AVEN",,,Plein jour,En agglomération,Hors intersection,Normale,Deux véhicules - arrière,,,,,,,,,,,1,2,1,1,2
200800051484,0008-09-06 23:45:00,8,9,6,23,45,760,552,"44, GUSTAVE LENNIER",,,Nuit avec éclairage non allumé,En agglomération,Hors intersection,Normale,Autre collision,,,,,,,,,,,4,2,1,1,6
200800051485,0008-09-20 15:40:00,8,9,20,15,40,760,351,"182, MARECHAL JOFFRE (RU",,,Plein jour,En agglomération,Hors intersection,Normale,Deux véhicules - arrière,,,,,,,,,,,1,2,1,1,2
200800051486,0008-09-21 16:00:00,8,9,21,16,0,760,351,"Néant, CHANTILLY (ALLEE",,,Plein jour,En agglomération,Hors intersection,Pluie légère,Autre collision,,,,,,,,,,,1,2,1,2,6
200800051487,0008-09-30 08:55:00,8,9,30,8,55,760,351,"NEANT, APLEMONT (D')",,,Plein jour,En agglomération,Hors intersection,Normale,Autre collision,,,,,,,,,,,1,2,1,1,6
200800051488,0008-09-01 21:15:00,8,9,1,21,15,760,681,"1, CORNEILLE. RUE PIERRE",,,Nuit avec éclairage allumé,En agglomération,Hors intersection,Normale,Deux véhicules - côté,,,,,,,,,,,5,2,1,1,3
200800051489,0008-09-01 17:00:00,8,9,1,17,0,760,540,"103, DARNETAL. ROUTE DE",,,Plein jour,En agglomération,Hors intersection,Normale,Autre collision,,,,,,,,,,,1,2,1,1,6
200800051490,0008-09-02 06:40:00,8,9,2,6,40,760,410,HAVRE. ROUTE DU (RN 15),,,Crépuscule ou aube,Hors agglomération,Hors intersection,Pluie légère,Deux véhicules - frontale,,,,,,,,,,,2,1,1,2,1
200800051491,0008-09-02 18:50:00,8,9,2,18,50,760,108,"1, CLERES. CHEMIN DE",,,Plein jour,En agglomération,Hors intersection,Pluie légère,Deux véhicules - frontale,,,,,,,,,,,1,2,1,2,1
200800051492,0008-09-03 13:25:00,8,9,3,13,25,760,540,"1, CORNEILLE. TREMIE",,,Plein jour,En agglomération,Hors intersection,Normale,Autre collision,,,,,,,,,,,1,2,1,1,6
200800051493,0008-09-03 17:30:00,8,9,3,17,30,760,451,"1, MURETS. RUE DES",,,Plein jour,En agglomération,Hors intersection,Temps couvert,Autre collision,,,,,,,,,,,1,2,1,8,6
200800051494,0008-09-04 18:20:00,8,9,4,18,20,760,575,"1, ELUARD. RUE PAUL",,,Plein jour,En agglomération,Hors intersection,Normale,Deux véhicules - côté,,,,,,,,,,,1,2,1,1,3
200800051495,0008-09-04 22:16:00,8,9,4,22,16,760,498,RN 338,,,Nuit sans éclairage public,En agglomération,Hors intersection,Normale,Trois véhicules et plus - collisions multiples,,,,,,,,,,,3,2,1,1,5
200800051496,0008-09-06 16:15:00,8,9,6,16,15,760,457,D 132,,,Plein jour,Hors agglomération,Hors intersection,Normale,Autre collision,,,,,,,,,,,1,1,1,1,6
200800051497,0008-09-07 06:50:00,8,9,7,6,50,760,540,LYONS. ROUTE DE (BRETELL,,,Crépuscule ou aube,En agglomération,Intersection en T,Pluie légère,Deux véhicules - côté,,,,,,,,,,,2,2,3,2,3
200800051498,0008-09-09 12:05:00,8,9,9,12,5,760,540,"1, CROSNE. RUE DE",,,Plein jour,En agglomération,Intersection en X,Normale,Autre collision,,,,,,,,,,,1,2,2,1,6
200800051499,0008-09-09 11:25:00,8,9,9,11,25,760,575,"1, SAINT YON. AVENUE DE",,,Plein jour,En agglomération,Hors intersection,Normale,Deux véhicules - côté,,,,,,,,,,,1,2,1,1,3
200800051500,0008-09-10 21:20:00,8,9,10,21,20,760,212,"20, LEFEBVRE. RUE PIERRE",,,Nuit avec éclairage allumé,En agglomération,Hors intersection,Normale,Deux véhicules - côté,,,,,,,,,,,5,2,1,1,3
200800051501,0008-09-11 17:05:00,8,9,11,17,5,760,540,ORLEANS. BOULEVARD D',,,Plein jour,En agglomération,Intersection en T,Pluie forte,Deux véhicules - côté,,,,,,,,,,,1,2,3,3,3
200800051502,0008-09-11 19:15:00,8,9,11,19,15,760,540,"1, CARNOT. PLACE",,,Plein jour,En agglomération,Hors intersection,Pluie légère,Deux véhicules - côté,,,,,,,,,,,1,2,1,2,3
200800051503,0008-09-12 18:00:00,8,9,12,18,0,760,498,RN 338,,,Plein jour,En agglomération,Hors intersection,Normale,Deux véhicules - arrière,,,,,,,,,,,1,2,1,1,2
200800051504,0008-09-13 23:20:00,8,9,13,23,20,760,216,"1, DIEPPE. ROUTE DE (RN",,,Nuit avec éclairage allumé,En agglomération,Hors intersection,Normale,Deux véhicules - côté,,,,,,,,,,,5,2,1,1,3
200800051505,0008-09-14 17:35:00,8,9,14,17,35,760,540,RN 28,,,Plein jour,En agglomération,Hors intersection,Normale,Deux véhicules - arrière,,,,,,,,,,,1,2,1,1,2
200800051506,0008-09-14 14:00:00,8,9,14,14,0,760,497,"95, BRIAND. RUE ARISTIDE",,,Plein jour,En agglomération,Hors intersection,Normale,Sans collision,,,,,,,,,,,1,2,1,1,7
200800051507,0008-09-15 16:10:00,8,9,15,16,10,760,322,"1, PROVINCES. AVENUE DES",,,Plein jour,En agglomération,Hors intersection,Normale,Autre collision,,,,,,,,,,,1,2,1,1,6
200800051508,0008-09-18 04:35:00,8,9,18,4,35,760,540,RONDEAUX. AVENUE JEAN,,,Nuit avec éclairage allumé,En agglomération,Hors intersection,Normale,Deux véhicules - arrière,,,,,,,,,,,5,2,1,1,2
200800051509,0008-09-18 12:15:00,8,9,18,12,15,760,540,"1, DUPUIS. RUE ALBERT",,,Plein jour,En agglomération,Hors intersection,Normale,Deux véhicules - côté,,,,,,,,,,,1,2,1,1,3
200800051510,0008-09-18 18:20:00,8,9,18,18,20,760,540,"1, ADAM. RUE EDOUARD",,,Plein jour,En agglomération,Intersection en T,Normale,Deux véhicules - côté,,,,,,,,,,,1,2,3,1,3
200800051511,0008-09-19 22:45:00,8,9,19,22,45,760,540,"68, LA FAYETTE. RUE",,,Nuit avec éclairage allumé,En agglomération,Intersection en X,Normale,Deux véhicules - frontale,,,,,,,,,,,5,2,2,1,1
200800051512,0008-09-19 13:15:00,8,9,19,13,15,760,212,"1, ECOLE. RUE DE L'",,,Plein jour,Hors agglomération,Hors intersection,Normale,Sans collision,,,,,,,,,,,1,1,1,1,7
200800051513,0008-09-19 18:10:00,8,9,19,18,10,760,212,"1, LYONS LA FORET. ROUTE",,,Plein jour,Hors agglomération,Hors intersection,Normale,Deux véhicules - arrière,,,,,,,,,,,1,1,1,1,2
200800051514,0008-09-20 21:24:00,8,9,20,21,24,760,540,A 15,,,Nuit sans éclairage public,Hors agglomération,Hors intersection,Normale,Trois véhicules et plus - collisions multiples,,,,,,,,,,,3,1,1,1,5