accident_id,datetime,annee,mois,jour,heure,minute,departement,commune_insee,adresse,latitude,longitude,luminosite,agglomeration,intersection,meteo,collision,nb_vehicules,nb_usagers,nb_indemnes,nb_tues,nb_blesses_hosp,nb_blesses_legers,age_cond_1,age_cond_2,veh_type_cond_1,veh_type_cond_2,lum_code,agg_code,int_code,atm_code,col_code
200800051515,0008-09-21 11:30:00,8,9,21,11,30,760,540,RN 28,,,Plein jour,En agglomération,Hors intersection,Normale,Deux véhicules - arrière,,,,,,,,,,,1,2,1,1,2
200800051516,0008-09-22 15:20:00,8,9,22,15,20,760,540,"96, JEANNE D'ARC. RUE",,,Plein jour,En agglomération,Hors intersection,Normale,Deux véhicules - côté,,,,,,,,,,,1,2,1,1,3
200800051517,0008-09-22 11:27:00,8,9,22,11,27,760,681,CD 18E (BOULEVARD INDUST,,,Plein jour,Hors agglomération,Hors intersection,Normale,Deux véhicules - arrière,,,,,,,,,,,1,1,1,1,2
200800051518,0008-09-22 16:10:00,8,9,22,16,10,760,540,"1, ADAM. RUE EDOUARD",,,Plein jour,En agglomération,Hors intersection,Normale,Sans collision,,,,,,,,,,,1,2,1,1,7
200800051519,0008-09-22 08:10:00,8,9,22,8,10,760,451,"52, MONT AUX MALADES. AV",,,Plein jour,En agglomération,Hors intersection,Normale,Autre collision,,,,,,,,,,,1,2,1,1,6
200800051520,0008-09-22 15:40:00,8,9,22,15,40,760,108,"1, JUIN. AVENUE DU MAREC",,,Plein jour,En agglomération,Hors intersection,Normale,Deux véhicules - côté,,,,,,,,,,,1,2,1,1,3
200800051521,0008-09-23 10:50:00,8,9,23,10,50,760,540,"1, POTERAT. RUE LOUIS",,,Plein jour,En agglomération,Hors intersection,Normale,Deux véhicules - côté,,,,,,,,,,,1,2,1,1,3
200800051522,0008-09-24 04:00:00,8,9,24,4,0,760,322,VOIE RAPIDE SUD 3 (RN 33,,,Nuit avec éclairage allumé,Hors agglomération,Hors intersection,Pluie forte,Sans collision,,,,,,,,,,,5,1,1,3,7
200800051523,0008-09-23 19:40:00,8,9,23,19,40,760,451,CD 31 (CHEMIN DE CLERES),,,Plein jour,En agglomération,Hors intersection,Normale,Autre collision,,,,,,,,,,,1,2,1,1,6
200800051524,0008-09-24 10:45:00,8,9,24,10,45,760,474,"14, RODIN. ALLEE AUGUSTE",,,Plein jour,En agglomération,Hors intersection,Normale,Autre collision,,,,,,,,,,,1,2,1,1,6
200800051525,0008-09-29 15:58:00,8,9,29,15,58,760,540,RN 28,,,Plein jour,En agglomération,Hors intersection,Normale,Trois véhicules et plus - collisions multiples,,,,,,,,,,,1,2,1,1,5
200800051526,0008-09-28 18:30:00,8,9,28,18,30,760,540,"1, BAMMEVILLE. RUE DE",,,Plein jour,En agglomération,Hors intersection,Normale,Deux véhicules - côté,,,,,,,,,,,1,2,1,1,3
200800051527,0008-09-27 04:10:00,8,9,27,4,10,760,410,"1, REPUBLIQUE. RUE DE LA",,,Nuit avec éclairage allumé,En agglomération,Intersection en X,Normale,Autre collision,,,,,,,,,,,5,2,2,1,6
200800051528,0008-09-26 17:30:00,8,9,26,17,30,760,322,"1, DUMONT D'URVILLE. BOU",,,Plein jour,En agglomération,Hors intersection,Normale,Autre collision,,,,,,,,,,,1,2,1,1,6
200800051529,0008-09-26 18:20:00,8,9,26,18,20,760,410,"1, PAINLEVE. RUE PAUL",,,Plein jour,En agglomération,Hors intersection,Normale,Autre collision,,,,,,,,,,,1,2,1,1,6
200800051530,0008-09-28 14:45:00,8,9,28,14,45,760,497,CD 3 (RUE ARISTIDE BRIAN,,,Plein jour,En agglomération,Hors intersection,Normale,Sans collision,,,,,,,,,,,1,2,1,1,7
200800051531,0008-09-30 07:50:00,8,9,30,7,50,760,474,"180, RN 27 (ROUTE DE DIE",,,Nuit sans éclairage public,En agglomération,Hors intersection,Pluie légère,Deux véhicules - côté,,,,,,,,,,,3,2,1,2,3
200800051532,0008-09-24 08:00:00,8,9,24,8,0,770,55,THIEBAULT (AVENUE VICTOR,,,Plein jour,En agglomération,Hors intersection,Pluie légère,Deux véhicules - côté,,,,,,,,,,,1,2,1,2,3
200800051533,0008-09-21 22:20:00,8,9,21,22,20,770,108,"64, RESISTANCE (AVENUE D",,,Nuit avec éclairage allumé,En agglomération,Hors intersection,Normale,Autre collision,,,,,,,,,,,5,2,1,1,6
200800051534,0008-09-23 13:05:00,8,9,23,13,5,770,108,"02, SYLVIE (AVENUE DE)",,,Plein jour,En agglomération,Hors intersection,Normale,Autre collision,,,,,,,,,,,1,2,1,1,6
200800051535,0008-09-27 22:50:00,8,9,27,22,50,770,363,CLAYE (ROUTE DE),,,Nuit sans éclairage public,Hors agglomération,Hors intersection,Normale,Deux véhicules - frontale,,,,,,,,,,,3,1,1,1,1
200800051536,0008-09-17 10:55:00,8,9,17,10,55,770,18,406 ( R D ),,,Plein jour,Hors agglomération,Intersection en T,Normale,Deux véhicules - côté,,,,,,,,,,,1,1,3,1,3
200800051537,0008-09-30 00:10:00,8,9,30,0,10,770,307,RN34,,,Nuit avec éclairage allumé,En agglomération,Intersection en T,Normale,Deux véhicules - côté,,,,,,,,,,,5,2,3,1,3
200800051538,0008-09-30 22:20:00,8,9,30,22,20,770,111,GRAND FOSSE ( BOULEVARD,,,Nuit avec éclairage allumé,Hors agglomération,Hors intersection,Pluie légère,Deux véhicules - frontale,,,,,,,,,,,5,1,1,2,1
200800051539,0008-09-25 18:15:00,8,9,25,18,15,770,152,"39, CASANOVA(RUE DANIELL",,,Plein jour,En agglomération,Giratoire,Normale,Deux véhicules - côté,,,,,,,,,,,1,2,6,1,3
200800051540,0008-09-07 04:21:00,8,9,7,4,21,770,186,RD607 de Barbizon à pavé,,,Nuit sans éclairage public,Hors agglomération,Hors intersection,Normale,Autre collision,,,,,,,,,,,3,1,1,1,6
200800051541,0008-09-27 20:10:00,8,9,27,20,10,770,186,"RD58, Obélisque à pannea",,,Nuit sans éclairage public,Hors agglomération,Hors intersection,Normale,Autre collision,,,,,,,,,,,3,1,1,1,6
200800051542,0008-09-28 06:55:00,8,9,28,6,55,770,186,RD 142 Glandée au grand,,,Nuit sans éclairage public,Hors agglomération,Hors intersection,Normale,Sans collision,,,,,,,,,,,3,1,1,1,7
200800051543,0008-09-29 17:00:00,8,9,29,17,0,770,186,"4, SAINT HONORE (RUE)",,,Plein jour,En agglomération,Passage à niveau,Normale,Autre collision,,,,,,,,,,,1,2,8,1,6
200800051544,0008-09-01 12:15:00,8,9,1,12,15,770,330,"12, FOULEE (AVENUE DE LA",,,Plein jour,En agglomération,Hors intersection,Normale,Deux véhicules - côté,,,,,,,,,,,1,2,1,1,3
200800051545,0008-09-15 05:45:00,8,9,15,5,45,770,335,RD129 (ROUTE DEPARTEMENT,,,Nuit sans éclairage public,Hors agglomération,Intersection en T,Normale,Deux véhicules - côté,,,,,,,,,,,3,1,3,1,3
200800051546,0008-09-16 16:45:00,8,9,16,16,45,770,284,"1, HUGO (QUAI VICTOR)",,,Plein jour,En agglomération,Intersection en T,Normale,Deux véhicules - côté,,,,,,,,,,,1,2,3,1,3
200800051547,0008-09-09 08:50:00,8,9,9,8,50,770,288,", SAINT LIESNE (RUE)",,,Plein jour,En agglomération,Intersection en T,Normale,Deux véhicules - côté,,,,,,,,,,,1,2,3,1,3
200800051548,0008-09-16 05:50:00,8,9,16,5,50,770,288,R.N 105 MELUN NORD,,,Nuit sans éclairage public,Hors agglomération,Hors intersection,Normale,Autre collision,,,,,,,,,,,3,1,1,1,6
200800051549,0008-09-28 12:00:00,8,9,28,12,0,770,288,"16, DELAUNOY (RUE)",,,Plein jour,En agglomération,Intersection en X,Temps éblouissant,Deux véhicules - côté,,,,,,,,,,,1,2,2,7,3
200800051550,0008-09-09 18:25:00,8,9,9,18,25,770,462,TROIS VILLES (RUE DES),,,Plein jour,En agglomération,Hors intersection,Normale,Sans collision,,,,,,,,,,,1,2,1,1,7
200800051551,0008-09-21 20:00:00,8,9,21,20,0,770,123,RN2,,,Crépuscule ou aube,Hors agglomération,Hors intersection,Normale,Sans collision,,,,,,,,,,,2,1,1,1,7
200800051552,0008-09-20 16:35:00,8,9,20,16,35,770,123,"pk 3, RN2",,,Plein jour,Hors agglomération,Hors intersection,Normale,Deux véhicules - côté,,,,,,,,,,,1,1,1,1,3
200800051553,0008-09-17 14:40:00,8,9,17,14,40,770,292,D. 404 (ROUTE),,,Plein jour,Hors agglomération,Hors intersection,Normale,Sans collision,,,,,,,,,,,1,1,1,1,7
200800051554,0008-09-17 17:50:00,8,9,17,17,50,770,53,D216,48.71241,,Plein jour,Hors agglomération,Hors intersection,Normale,Trois véhicules et plus - collisions multiples,,,,,,,,,,,1,1,1,1,5
200800051555,0008-09-22 07:50:00,8,9,22,7,50,770,122,"01, REPUBLIQUE(AVENUE DE",,,Plein jour,En agglomération,Hors intersection,Normale,Deux véhicules - côté,,,,,,,,,,,1,2,1,1,3
200800051556,0008-09-07 18:15:00,8,9,7,18,15,770,305,PARIS (RUE DE),,,Plein jour,En agglomération,Hors intersection,Normale,Deux véhicules - arrière,,,,,,,,,,,1,2,1,1,2
200800051557,0008-09-11 10:20:00,8,9,11,10,20,770,79,GENERAL DE GAULLE (RUE D,,,Plein jour,En agglomération,Intersection en Y,Normale,Deux véhicules - côté,,,,,,,,,,,1,2,4,1,3
200800051558,0008-09-06 16:00:00,8,9,6,16,0,770,202,NEMOURS (ROUTE DE) RD 40,,,Plein jour,En agglomération,Intersection en X,Normale,Deux véhicules - frontale,,,,,,,,,,,1,2,2,1,1
200800051559,0008-09-10 10:00:00,8,9,10,10,0,770,121,"01, CENTRE COMMERCIAL RE",,,Plein jour,En agglomération,Hors intersection,Normale,Autre collision,,,,,,,,,,,1,2,1,1,6
200800051560,0008-09-05 22:40:00,8,9,5,22,40,770,337,"1, PIERRE MENDES FRANCE",,,Nuit avec éclairage allumé,En agglomération,Hors intersection,Normale,Sans collision,,,,,,,,,,,5,2,1,1,7
200800051561,0008-09-15 15:15:00,8,9,15,15,15,770,468,LAGNY (ROUTE DE),,,Plein jour,En agglomération,Hors intersection,Normale,Trois véhicules et plus - en chaîne,,,,,,,,,,,1,2,1,1,4
200800051562,0008-09-25 14:55:00,8,9,25,14,55,770,83,"25 bis, AMPERE (AVENUE)",,,Plein jour,En agglomération,Hors intersection,Normale,Autre collision,,,,,,,,,,,1,2,1,1,6
200800051563,0008-09-30 09:50:00,8,9,30,9,50,770,146,AMBROISE CROIZAT (RUE),,,Plein jour,En agglomération,Hors intersection,Pluie légère,Deux véhicules - côté,,,,,,,,,,,1,2,1,2,3
200800051564,0008-09-06 18:10:00,8,9,6,18,10,770,350,TRAVERSIERE (RUE),,,Plein jour,En agglomération,Intersection en X,Normale,Deux véhicules - côté,,,,,,,,,,,1,2,2,1,3
200800051565,0008-09-11 22:05:00,8,9,11,22,5,770,350,CD 471,,,Nuit avec éclairage allumé,Hors agglomération,Intersection en Y,Normale,Deux véhicules - côté,,,,,,,,,,,5,1,4,1,3
200800051566,0008-09-13 17:00:00,8,9,13,17,0,770,373,CHARLES ROUXEL (AVENUE),,,Plein jour,En agglomération,Intersection en X,Normale,Deux véhicules - côté,,,,,,,,,,,1,2,2,1,3
200800051567,0008-09-13 16:10:00,8,9,13,16,10,770,373,"1, PRES ST MARTIN (RUE D",,,Plein jour,En agglomération,Autre intersection,Normale,Deux véhicules - côté,,,,,,,,,,,1,2,9,1,3
200800051568,0008-09-18 08:35:00,8,9,18,8,35,770,118,ROUTE NATIONALE 3,,,Crépuscule ou aube,Hors agglomération,Hors intersection,Normale,Autre collision,,,,,,,,,,,2,1,1,1,6
200800051569,0008-09-25 09:25:00,8,9,25,9,25,770,514,ROUTE NATIONALE 3,,,Plein jour,Hors agglomération,Intersection en X,Normale,Autre collision,,,,,,,,,,,1,1,2,1,6
200800051570,0008-09-14 19:15:00,8,9,14,19,15,780,172,"0, NONNAINS (RUE DES)",,,Crépuscule ou aube,En agglomération,Intersection en X,Normale,Sans collision,,,,,,,,,,,2,2,2,1,7
200800051571,0008-09-05 17:15:00,8,9,5,17,15,780,168,DASSAULT (AVENUE MARCEL),,,Plein jour,En agglomération,Hors intersection,Normale,Trois véhicules et plus - collisions multiples,,,,,,,,,,,1,2,1,1,5
200800051572,0008-09-06 17:10:00,8,9,6,17,10,780,644,NOES  (AVENUE DES),,,Plein jour,En agglomération,Hors intersection,Normale,Deux véhicules - frontale,,,,,,,,,,,1,2,1,1,1
200800051573,0008-09-04 11:30:00,8,9,4,11,30,780,168,NATIONALE 10 (ROUTE),,,Plein jour,En agglomération,Hors intersection,Normale,Deux véhicules - arrière,,,,,,,,,,,1,2,1,1,2
200800051574,0008-09-12 11:00:00,8,9,12,11,0,780,383,"INDETERM, VERCORS (AVENU",,,Plein jour,En agglomération,Hors intersection,Normale,Deux véhicules - frontale,,,,,,,,,,,1,2,1,1,1
200800051575,0008-09-14 16:20:00,8,9,14,16,20,780,644,BOIS (RUE DU),,,Plein jour,En agglomération,Hors intersection,Normale,Deux véhicules - frontale,,,,,,,,,,,1,2,1,1,1
200800051576,0008-09-14 13:50:00,8,9,14,13,50,780,208,VILLEDIEU (AVENUE DE LA),,,Plein jour,En agglomération,Hors intersection,Normale,Deux véhicules - frontale,,,,,,,,,,,1,2,1,1,1
200800051577,0008-09-16 16:10:00,8,9,16,16,10,780,168,ARPENTS (BOULEVARD DES),,,Plein jour,En agglomération,Hors intersection,Normale,Deux véhicules - côté,,,,,,,,,,,1,2,1,1,3
200800051578,0008-09-18 18:35:00,8,9,18,18,35,780,168,MALMEDONNE (RUE DE LA),,,Plein jour,En agglomération,Hors intersection,Normale,Sans collision,,,,,,,,,,,1,2,1,1,7
200800051579,0008-09-22 17:10:00,8,9,22,17,10,780,168,NATIONALE 10 (ROUTE),,,Plein jour,En agglomération,Intersection en X,Normale,Deux véhicules - côté,,,,,,,,,,,1,2,2,1,3
200800051580,0008-09-26 01:00:00,8,9,26,1,0,780,168,"INDETERM, VOIE LATERALE",,,Nuit sans éclairage public,En agglomération,Hors intersection,Normale,Sans collision,,,,,,,,,,,3,2,1,1,7
200800051581,0008-09-25 17:10:00,8,9,25,17,10,780,208,HAIE A SOREL (RUE DE LA),,,Plein jour,En agglomération,Hors intersection,Normale,Sans collision,,,,,,,,,,,1,2,1,1,7
200800051582,0008-09-28 17:15:00,8,9,28,17,15,780,397,henri Husson,,,Plein jour,En agglomération,Hors intersection,Normale,Deux véhicules - frontale,,,,,,,,,,,1,2,1,1,1
200800051583,0008-09-01 08:40:00,8,9,1,8,40,780,297,", GARENNES (AVENUE",,,Plein jour,Hors agglomération,Hors intersection,Pluie légère,Deux véhicules - côté,,,,,,,,,,,1,1,1,2,3
200800051584,0008-09-06 06:00:00,8,9,6,6,0,780,423,RN 10,,,Nuit sans éclairage public,Hors agglomération,Hors intersection,Pluie légère,Autre collision,,,,,,,,,,,3,1,1,2,6
200800051585,0008-09-09 11:15:00,8,9,9,11,15,780,423,FRERES LUMIERES (AVENUE,,,Plein jour,En agglomération,Hors intersection,Normale,Deux véhicules - arrière,,,,,,,,,,,1,2,1,1,2
200800051586,0008-09-18 13:15:00,8,9,18,13,15,780,423,LECLERC (AVENUE DU  GENE,,,Plein jour,En agglomération,Hors intersection,Normale,Sans collision,,,,,,,,,,,1,2,1,1,7
200800051587,0008-09-19 21:05:00,8,9,19,21,5,780,423,CD 36,,,Nuit avec éclairage allumé,En agglomération,Hors intersection,Normale,Deux véhicules - frontale,,,,,,,,,,,5,2,1,1,1
200800051588,0008-09-24 17:10:00,8,9,24,17,10,780,423,"37, QUATRE PAVES DU ROY",,,Plein jour,En agglomération,Hors intersection,Normale,Autre collision,,,,,,,,,,,1,2,1,1,6
200800051589,0008-09-25 19:20:00,8,9,25,19,20,780,297,PASTEUR (RUE ),,,Plein jour,En agglomération,Hors intersection,Normale,Deux véhicules - côté,,,,,,,,,,,1,2,1,1,3
200800051590,0008-09-26 15:30:00,8,9,26,15,30,780,423,CD 36,,,Plein jour,En agglomération,Hors intersection,Normale,Deux véhicules - arrière,,,,,,,,,,,1,2,1,1,2
200800051591,0008-09-27 08:55:00,8,9,27,8,55,780,297,", RUE DES GRAVIERS",,,Plein jour,En agglomération,Hors intersection,Normale,Autre collision,,,,,,,,,,,1,2,1,1,6
200800051592,0008-09-30 09:45:00,8,9,30,9,45,780,423,PAIX CELESTE (PLACE DE L,,,Plein jour,En agglomération,Hors intersection,Pluie légère,Sans collision,,,,,,,,,,,1,2,1,2,7
200800051593,0008-09-02 18:45:00,8,9,2,18,45,780,297,PRES (AVENUE DES),,,Plein jour,En agglomération,Hors intersection,Normale,Deux véhicules - arrière,,,,,,,,,,,1,2,1,1,2
200800051594,0008-09-22 20:50:00,8,9,22,20,50,780,297,PASTEUR (RUE ),,,Nuit avec éclairage allumé,En agglomération,Intersection en T,Normale,Deux véhicules - côté,,,,,,,,,,,5,2,3,1,3
200800051595,0008-09-22 08:15:00,8,9,22,8,15,780,124,"95, PAUL DOUMER (RUE)",,,Plein jour,En agglomération,Hors intersection,Normale,Autre collision,,,,,,,,,,,1,2,1,1,6
200800051596,0008-09-22 20:00:00,8,9,22,20,0,780,311,"5, EMILE COMBES (RUE)",,,Crépuscule ou aube,En agglomération,Intersection en T,Normale,Autre collision,,,,,,,,,,,2,2,3,1,6
200800051597,0008-09-16 20:30:00,8,9,16,20,30,780,358,"38, SAINT GERMAIN (AVENU",,,Nuit avec éclairage allumé,En agglomération,Hors intersection,Normale,Autre collision,,,,,,,,,,,5,2,1,1,6
200800051598,0008-09-27 17:10:00,8,9,27,17,10,780,358,MUETTE ( RUE DE LA),,,Plein jour,En agglomération,Hors intersection,Normale,Deux véhicules - côté,,,,,,,,,,,1,2,1,1,3
200800051599,0008-09-21 17:30:00,8,9,21,17,30,780,358,"ignoré, VERDUN (AVENUE D",,,Plein jour,En agglomération,Giratoire,Normale,Deux véhicules - côté,,,,,,,,,,,1,2,6,1,3
200800051600,0008-09-16 22:50:00,8,9,16,22,50,780,358,", REIN (RUE JULES)",,,Nuit avec éclairage allumé,En agglomération,Intersection en T,Normale,Autre collision,,,,,,,,,,,5,2,3,1,6
200800051601,0008-09-10 21:35:00,8,9,10,21,35,780,358,ETIENNE PEROUX ( RUE),,,Nuit avec éclairage allumé,En agglomération,Intersection en T,Normale,Deux véhicules - côté,,,,,,,,,,,5,2,3,1,3
200800051602,0008-09-01 22:25:00,8,9,1,22,25,780,361,"02, RUE DE BUCHELAY",,,Nuit avec éclairage allumé,En agglomération,Intersection en T,Normale,Deux véhicules - côté,,,,,,,,,,,5,2,3,1,3
200800051603,0008-09-08 16:05:00,8,9,8,16,5,780,362,"00, AV DU VEXIN",,,Plein jour,En agglomération,Hors intersection,Normale,Deux véhicules - côté,,,,,,,,,,,1,2,1,1,3
200800051604,0008-09-09 11:25:00,8,9,9,11,25,780,361,"02, PLACE DE LA REPUBLIQ",,,Plein jour,En agglomération,Hors intersection,Normale,Autre collision,,,,,,,,,,,1,2,1,1,6
200800051605,0008-09-09 10:45:00,8,9,9,10,45,780,354,"00, RUE DES PIERRETTES",,,Plein jour,En agglomération,Hors intersection,Normale,Autre collision,,,,,,,,,,,1,2,1,1,6
200800051606,0008-09-11 18:50:00,8,9,11,18,50,780,361,"07, RUE E GRAVE",,,Plein jour,En agglomération,Hors intersection,Pluie légère,Autre collision,,,,,,,,,,,1,2,1,2,6
200800051607,0008-09-14 19:25:00,8,9,14,19,25,780,362,RUE DU 8 MAI 1945,,,Plein jour,En agglomération,Hors intersection,Normale,Deux véhicules - côté,,,,,,,,,,,1,2,1,1,3
200800051608,0008-09-15 20:15:00,8,9,15,20,15,780,335,"12, RUE DES GLYCINES",,,Nuit avec éclairage allumé,En agglomération,Intersection en T,Normale,Deux véhicules - frontale,,,,,,,,,,,5,2,3,1,1
200800051609,0008-09-17 16:15:00,8,9,17,16,15,780,217,CD 113,,,Plein jour,En agglomération,Hors intersection,Normale,Deux véhicules - arrière,,,,,,,,,,,1,2,1,1,2
200800051610,0008-09-17 18:20:00,8,9,17,18,20,780,361,"11, RUE CLEMENT ADER",,,Plein jour,En agglomération,Hors intersection,Normale,Autre collision,,,,,,,,,,,1,2,1,1,6
200800051611,0008-09-19 17:00:00,8,9,19,17,0,780,362,AVENUE DU BREUIL,,,Plein jour,En agglomération,Hors intersection,Normale,Deux véhicules - côté,,,,,,,,,,,1,2,1,1,3
200800051612,0008-09-26 22:40:00,8,9,26,22,40,780,362,"52, BOULEVARD ROGER SALE",,,Nuit avec éclairage allumé,En agglomération,Hors intersection,Normale,Autre collision,,,,,,,,,,,5,2,1,1,6
200800051613,0008-09-27 11:40:00,8,9,27,11,40,780,362,BOULEVARD ROGER SALENGRO,,,Plein jour,En agglomération,Intersection en X,Normale,Deux véhicules - côté,,,,,,,,,,,1,2,2,1,3
200800051614,0008-09-27 14:55:00,8,9,27,14,55,780,361,"12, RUE JEAN BAPTISTE MA",,,Plein jour,En agglomération,Hors intersection,Normale,Deux véhicules - frontale,,,,,,,,,,,1,2,1,1,1
200800051615,0008-09-28 23:35:00,8,9,28,23,35,780,314,R.N 190,,,Nuit avec éclairage allumé,En agglomération,Intersection en X,Normale,Deux véhicules - côté,,,,,,,,,,,5,2,2,1,3
200800051616,0008-09-30 09:10:00,8,9,30,9,10,780,361,R.N  13  (BUTTE VERTE),,,Plein jour,Hors agglomération,Hors intersection,Pluie légère,Trois véhicules et plus - en chaîne,,,,,,,,,,,1,1,1,2,4
200800051617,0008-09-09 19:30:00,8,9,9,19,30,780,350,SAINT GERMAIN (ROUTE DE),,,Plein jour,Hors agglomération,Intersection en X,Normale,Deux véhicules - côté,,,,,,,,,,,1,1,2,1,3
200800051618,0008-09-11 08:00:00,8,9,11,8,0,780,372,JOHN FITZGERALD KENNEDY,,,Plein jour,En agglomération,Autre intersection,Normale,Deux véhicules - côté,,,,,,,,,,,1,2,9,1,3
200800051619,0008-09-14 16:40:00,8,9,14,16,40,780,440,EUROPE (AVENUE DE L'),,,Plein jour,En agglomération,Hors intersection,Normale,Sans collision,,,,,,,,,,,1,2,1,1,7
200800051620,0008-09-12 16:55:00,8,9,12,16,55,780,165,BARBUSSE (AVENUE HENRY),,,Plein jour,En agglomération,Autre intersection,Normale,Deux véhicules - côté,,,,,,,,,,,1,2,9,1,3
200800051621,0008-09-12 20:10:00,8,9,12,20,10,780,490,SAINT GERMAIN (AVENUE DE,,,Nuit avec éclairage allumé,En agglomération,Hors intersection,Normale,Deux véhicules - côté,,,,,,,,,,,5,2,1,1,3
200800051622,0008-09-13 17:35:00,8,9,13,17,35,780,490,SAINT GERMAIN (AVENUE DE,,,Plein jour,En agglomération,Giratoire,Normale,Trois véhicules et plus - collisions multiples,,,,,,,,,,,1,2,6,1,5
200800051623,0008-09-16 15:35:00,8,9,16,15,35,780,490,GARE (RUE DE LA),,,Plein jour,En agglomération,Intersection en T,Normale,Deux véhicules - côté,,,,,,,,,,,1,2,3,1,3
200800051624,0008-09-18 15:55:00,8,9,18,15,55,780,674,BEAUCE (AVENUE DE),,,Plein jour,En agglomération,Intersection en T,Normale,Deux véhicules - côté,,,,,,,,,,,1,2,3,1,3
200800051625,0008-09-21 16:55:00,8,9,21,16,55,780,165,BARBUSSE (AVENUE HENRY),,,Plein jour,En agglomération,Hors intersection,Normale,Sans collision,,,,,,,,,,,1,2,1,1,7
200800051626,0008-09-29 08:15:00,8,9,29,8,15,780,490,RD 134,,,Plein jour,Hors agglomération,Hors intersection,Brouillard / fumée,Deux véhicules - côté,,,,,,,,,,,1,1,1,5,3
200800051627,0008-09-26 14:25:00,8,9,26,14,25,780,490,GARE (RUE DE LA),,,Plein jour,En agglomération,Intersection en T,Normale,Deux véhicules - côté,,,,,,,,,,,1,2,3,1,3
200800051628,0008-09-25 13:00:00,8,9,25,13,0,780,165,NERUDA (RUE PABLO),,,Plein jour,En agglomération,Hors intersection,Normale,Sans collision,,,,,,,,,,,1,2,1,1,7
200800051629,0008-09-02 15:15:00,8,9,2,15,15,780,642,"6, MALRAUX BD ANDRE",,,Plein jour,En agglomération,Intersection en X,Normale,Deux véhicules - côté,,,,,,,,,,,1,2,2,1,3
200800051630,0008-09-08 21:25:00,8,9,8,21,25,780,498,DEVAUX BD,,,Nuit avec éclairage allumé,En agglomération,Intersection en X,Normale,Deux véhicules - côté,,,,,,,,,,,5,2,2,1,3
200800051631,0008-09-12 11:05:00,8,9,12,11,5,780,498,PORT RUE DU,,,Plein jour,En agglomération,Hors intersection,Normale,Deux véhicules - côté,,,,,,,,,,,1,2,1,1,3
200800051632,0008-09-21 11:50:00,8,9,21,11,50,780,123,EUROPE (RN 190) AVENUE D,,,Plein jour,En agglomération,Hors intersection,Normale,Deux véhicules - côté,,,,,,,,,,,1,2,1,1,3
200800051633,0008-09-20 16:40:00,8,9,20,16,40,780,498,"11, PAIX BD DE LA",,,Plein jour,En agglomération,Hors intersection,Normale,Autre collision,,,,,,,,,,,1,2,1,1,6
200800051634,0008-09-14 12:25:00,8,9,14,12,25,780,498,RD30,,,Plein jour,Hors agglomération,Intersection en T,Normale,Autre collision,,,,,,,,,,,1,1,3,1,6
200800051635,0008-09-20 14:40:00,8,9,20,14,40,780,624,"238, DOUMER RUE PAUL",,,Plein jour,En agglomération,Hors intersection,Normale,Autre collision,,,,,,,,,,,1,2,1,1,6
200800051636,0008-09-24 18:26:00,8,9,24,18,26,780,498,CHAMBOURCY RUE DE,,,Plein jour,En agglomération,Intersection en X,Normale,Sans collision,,,,,,,,,,,1,2,2,1,7
200800051637,0008-09-24 22:20:00,8,9,24,22,20,780,672,DE VOISINS AVENUE DU PRE,,,Nuit avec éclairage allumé,Hors agglomération,Hors intersection,Normale,Autre collision,,,,,,,,,,,5,1,1,1,6
200800051638,0008-09-02 08:20:00,8,9,2,8,20,780,269,D 906,,,Plein jour,Hors agglomération,Hors intersection,Pluie légère,Deux véhicules - frontale,,,,,,,,,,,1,1,1,2,1
200800051639,0008-09-04 17:05:00,8,9,4,17,5,780,517,"2, LOUVIERE (RUE DE LA)",,,Plein jour,En agglomération,Hors intersection,Normale,Sans collision,,,,,,,,,,,1,2,1,1,7
200800051640,0008-09-28 17:10:00,8,9,28,17,10,780,486,D 61,,,Plein jour,En agglomération,Hors intersection,Normale,Autre collision,,,,,,,,,,,1,2,1,1,6
200800051641,0008-09-10 02:00:00,8,9,10,2,0,780,242,DEMENERIE (RUE DE LA),,,Nuit avec éclairage allumé,Hors agglomération,Intersection en X,Normale,Sans collision,,,,,,,,,,,5,1,2,1,7
200800051642,0008-09-27 19:45:00,8,9,27,19,45,780,586,DE GAULLE (GENERAL) N°41,,,Plein jour,En agglomération,Intersection en T,Normale,Deux véhicules - côté,,,,,,,,,,,1,2,3,1,3
200800051643,0008-09-28 12:00:00,8,9,28,12,0,780,586,BERTEAUX (MAURICE) N°2 A,,,Plein jour,En agglomération,Giratoire,Normale,Autre collision,,,,,,,,,,,1,2,6,1,6
200800051644,0008-09-01 18:35:00,8,9,1,18,35,780,621,LAGRANGE (RUE LEO  DU ..,,,Plein jour,En agglomération,Hors intersection,Normale,Autre collision,,,,,,,,,,,1,2,1,1,6
200800051645,0008-09-04 07:30:00,8,9,4,7,30,780,621,PASTEUR MARTIN LUTHER KI,,,Plein jour,En agglomération,Hors intersection,Normale,Autre collision,,,,,,,,,,,1,2,1,1,6
200800051646,0008-09-05 10:10:00,8,9,5,10,10,780,621,HENNEQUIN (AVENUE ROGER),,,Plein jour,En agglomération,Intersection en X,Pluie légère,Deux véhicules - côté,,,,,,,,,,,1,2,2,2,3
200800051647,0008-09-06 21:35:00,8,9,6,21,35,780,621,NATIONALE 10   (ROUTE),,,Nuit avec éclairage allumé,Hors agglomération,Hors intersection,Normale,Deux véhicules - arrière,,,,,,,,,,,5,1,1,1,2
200800051648,0008-09-21 16:20:00,8,9,21,16,20,780,621,DEPARTEMENTALE 912 (ROUT,,,Plein jour,Hors agglomération,Intersection en X,Normale,Trois véhicules et plus - collisions multiples,,,,,,,,,,,1,1,2,1,5