accident_id,datetime,annee,mois,jour,heure,minute,departement,commune_insee,adresse,latitude,longitude,luminosite,agglomeration,intersection,meteo,collision,nb_vehicules,nb_usagers,nb_indemnes,nb_tues,nb_blesses_hosp,nb_blesses_legers,age_cond_1,age_cond_2,veh_type_cond_1,veh_type_cond_2,lum_code,agg_code,int_code,atm_code,col_code
200800051649,0008-09-24 17:40:00,8,9,24,17,40,780,621,YVELINES (ALLEE DES),,,Plein jour,En agglomération,Hors intersection,Normale,Autre collision,,,,,,,,,,,1,2,1,1,6
200800051650,0008-09-02 00:01:00,8,9,2,0,1,780,640,ROBERT WAGNER (AVENUE),,,Nuit avec éclairage allumé,En agglomération,Intersection en T,Normale,Deux véhicules - côté,,,,,,,,,,,5,2,3,1,3
200800051651,0008-09-10 18:25:00,8,9,10,18,25,780,640,EUROPE (AVENUE DE L'),,,Plein jour,En agglomération,Hors intersection,Normale,Deux véhicules - arrière,,,,,,,,,,,1,2,1,1,2
200800051652,0008-09-18 19:20:00,8,9,18,19,20,780,640,"37, EUROPE (AVENUE DE L'",,,Plein jour,En agglomération,Hors intersection,Normale,Autre collision,,,,,,,,,,,1,2,1,1,6
200800051653,0008-09-19 13:50:00,8,9,19,13,50,780,640,EUROPE (AVENUE DE L'),,,Plein jour,En agglomération,Hors intersection,Normale,Trois véhicules et plus - en chaîne,,,,,,,,,,,1,2,1,1,4
200800051654,0008-09-24 17:20:00,8,9,24,17,20,780,640,"16-18, MORANE-SAULNIER (",,,Plein jour,En agglomération,Autre intersection,Normale,Autre collision,,,,,,,,,,,1,2,9,1,6
200800051655,0008-09-01 11:15:00,8,9,1,11,15,780,646,PARIS (AVENUE DE),,,Plein jour,En agglomération,Intersection en X,Normale,Deux véhicules - côté,,,,,,,,,,,1,2,2,1,3
200800051656,0008-09-01 09:15:00,8,9,1,9,15,780,646,"Neant, BEAUVAU (RUE DE)",,,Plein jour,En agglomération,Intersection en X,Pluie légère,Deux véhicules - côté,,,,,,,,,,,1,2,2,2,3
200800051657,0008-09-05 16:30:00,8,9,5,16,30,780,646,GENERAL PERSHING (RUE DU,,,Plein jour,En agglomération,Intersection en T,Pluie forte,Deux véhicules - côté,,,,,,,,,,,1,2,3,3,3
200800051658,0008-09-09 15:10:00,8,9,9,15,10,780,646,"Neant, PORTE DE BUC (RUE",,,Plein jour,En agglomération,Hors intersection,Pluie légère,Deux véhicules - côté,,,,,,,,,,,1,2,1,2,3
200800051659,0008-09-14 22:35:00,8,9,14,22,35,780,646,PARIS (AVENUE DE),,,Nuit avec éclairage allumé,En agglomération,Intersection en X,Normale,Deux véhicules - côté,,,,,,,,,,,5,2,2,1,3
200800051660,0008-09-12 17:25:00,8,9,12,17,25,780,646,"NEANT, ETATS GENERAUX (R",,,Plein jour,En agglomération,Intersection en X,Normale,Autre collision,,,,,,,,,,,1,2,2,1,6
200800051661,0008-09-15 19:20:00,8,9,15,19,20,780,646,PARIS (AVENUE DE),,,Plein jour,En agglomération,Hors intersection,Normale,Autre collision,,,,,,,,,,,1,2,1,1,6
200800051662,0008-09-16 18:10:00,8,9,16,18,10,780,646,GENERAL DE GAULLE (AVENU,,,Plein jour,En agglomération,Intersection en X,Normale,Deux véhicules - côté,,,,,,,,,,,1,2,2,1,3
200800051663,0008-09-20 18:40:00,8,9,20,18,40,780,158,"Néant, DUTARTRE (AVENUE)",,,Plein jour,En agglomération,Hors intersection,Normale,Autre collision,,,,,,,,,,,1,2,1,1,6
200800051664,0008-09-24 17:45:00,8,9,24,17,45,780,646,"79, REINE (BOULEVARD DE",,,Plein jour,En agglomération,Hors intersection,Normale,Autre collision,,,,,,,,,,,1,2,1,1,6
200800051665,0008-09-29 10:40:00,8,9,29,10,40,780,646,SAINT CYR (ROUTE DE),,,Plein jour,Hors agglomération,Hors intersection,Brouillard / fumée,Deux véhicules - côté,,,,,,,,,,,1,1,1,5,3
200800051666,0008-09-02 17:25:00,8,9,2,17,25,780,650,MONTESSON (ROUTE DE),,,Plein jour,En agglomération,Intersection en T,Normale,Deux véhicules - côté,,,,,,,,,,,1,2,3,1,3
200800051667,0008-09-09 13:20:00,8,9,9,13,20,780,418,"0, SARTROUVILLEE (ROUTE",,,Plein jour,En agglomération,Intersection en T,Normale,Deux véhicules - arrière,,,,,,,,,,,1,2,3,1,2
200800051668,0008-09-18 15:45:00,8,9,18,15,45,780,146,", MARECHAL FOCH (AVENUE",,,Plein jour,En agglomération,Hors intersection,Normale,Autre collision,,,,,,,,,,,1,2,1,1,6
200800051669,0008-09-20 17:40:00,8,9,20,17,40,780,650,MONTESSON (ROUTE DE),,,Plein jour,En agglomération,Intersection en T,Normale,Deux véhicules - côté,,,,,,,,,,,1,2,3,1,3
200800051670,0008-09-24 11:20:00,8,9,24,11,20,780,146,"0, SABLONS (RUE DES)",,,Plein jour,En agglomération,Intersection en T,Normale,Deux véhicules - côté,,,,,,,,,,,1,2,3,1,3
200800051671,0008-09-27 20:25:00,8,9,27,20,25,780,146,MARECHAL FOCH (AVENUE DU,,,Nuit avec éclairage allumé,En agglomération,Intersection en T,Normale,Deux véhicules - côté,,,,,,,,,,,5,2,3,1,3
200800051672,0008-09-19 02:30:00,8,9,19,2,30,790,191,"16, ESPINGOLE",,,Nuit avec éclairage allumé,En agglomération,Intersection en X,Normale,Sans collision,,,,,,,,,,,5,2,2,1,7
200800051673,0008-09-11 18:20:00,8,9,11,18,20,790,191,PARIS (AV)  50  A  174,,,Plein jour,En agglomération,Intersection en Y,Normale,Deux véhicules - côté,,,,,,,,,,,1,2,4,1,3
200800051674,0008-09-11 18:30:00,8,9,11,18,30,790,191,ATLANTIQUE (BD)V.VERTE/P,,,Plein jour,En agglomération,Intersection en X,Normale,Sans collision,,,,,,,,,,,1,2,2,1,7
200800051675,0008-09-17 15:35:00,8,9,17,15,35,790,191,NANTES (AVENUE),,,Plein jour,Hors agglomération,Intersection en X,Normale,Deux véhicules - arrière,,,,,,,,,,,1,1,2,1,2
200800051676,0008-09-23 15:05:00,8,9,23,15,5,790,191,LECLERC MARECHAL,,,Plein jour,En agglomération,Intersection en X,Normale,Deux véhicules - côté,,,,,,,,,,,1,2,2,1,3
200800051677,0008-09-26 18:00:00,8,9,26,18,0,790,329,"21, VICTOR HUGO (AVENUE)",,,Plein jour,En agglomération,Intersection en T,Normale,Deux véhicules - frontale,,,,,,,,,,,1,2,3,1,1
200800051678,0008-09-25 07:55:00,8,9,25,7,55,800,1,"340, ROUVROY (de)",,,Plein jour,En agglomération,Hors intersection,Normale,Deux véhicules - côté,,,,,,,,,,,1,2,1,1,3
200800051679,0008-09-01 07:30:00,8,9,1,7,30,800,21,"0, PARIS (RUE DE)",,,Plein jour,En agglomération,Intersection en X,Normale,Autre collision,,,,,,,,,,,1,2,2,1,6
200800051680,0008-09-02 16:45:00,8,9,2,16,45,800,674,DEFENSE PASSIVE (AVENUE,,,Plein jour,En agglomération,Hors intersection,Pluie légère,Deux véhicules - côté,,,,,,,,,,,1,2,1,2,3
200800051681,0008-09-02 13:15:00,8,9,2,13,15,800,21,"59, SAINT QUENTIN (BOULE",,,Plein jour,En agglomération,Hors intersection,Normale,Autre collision,,,,,,,,,,,1,2,1,1,6
200800051682,0008-09-03 20:30:00,8,9,3,20,30,800,21,GENERAL LECLERC (RUE DU,,,Plein jour,En agglomération,Hors intersection,Normale,Autre collision,,,,,,,,,,,1,2,1,1,6
200800051683,0008-09-03 17:40:00,8,9,3,17,40,800,21,FRANKLIN ROOSEVELT (RUE),,,Plein jour,En agglomération,Intersection en T,Pluie légère,Deux véhicules - côté,,,,,,,,,,,1,2,3,2,3
200800051684,0008-09-04 18:30:00,8,9,4,18,30,800,21,"00, PRES FORETS (RUE DES",,,Plein jour,En agglomération,Intersection en X,Normale,Autre collision,,,,,,,,,,,1,2,2,1,6
200800051685,0008-09-04 15:00:00,8,9,4,15,0,800,21,"00, VOITURE (RUE)",,,Plein jour,En agglomération,Intersection en X,Normale,Autre collision,,,,,,,,,,,1,2,2,1,6
200800051686,0008-09-06 12:40:00,8,9,6,12,40,800,131,"00, ECLUSES (RUE DES)",,,Plein jour,En agglomération,Hors intersection,Normale,Sans collision,,,,,,,,,,,1,2,1,1,7
200800051687,0008-09-06 05:45:00,8,9,6,5,45,800,164,CORBIE (ROUTE),,,Nuit sans éclairage public,En agglomération,Giratoire,Normale,Deux véhicules - frontale,,,,,,,,,,,3,2,6,1,1
200800051688,0008-09-05 07:55:00,8,9,5,7,55,800,21,"00, LEO LAGRANGE (RUE)",,,Plein jour,En agglomération,Hors intersection,Normale,Sans collision,,,,,,,,,,,1,2,1,1,7
200800051689,0008-09-05 14:10:00,8,9,5,14,10,800,21,"00, QUATORZE JUILLET 178",,,Plein jour,En agglomération,Hors intersection,Pluie légère,Autre collision,,,,,,,,,,,1,2,1,2,6
200800051690,0008-09-05 14:15:00,8,9,5,14,15,800,21,"00, QUATORZE JUILLET 178",,,Plein jour,En agglomération,Hors intersection,Pluie légère,Deux véhicules - arrière,,,,,,,,,,,1,2,1,2,2
200800051691,0008-09-05 17:30:00,8,9,5,17,30,800,21,"00, CAMILLE DESMOULINS (",,,Plein jour,En agglomération,Intersection en X,Pluie forte,Deux véhicules - côté,,,,,,,,,,,1,2,2,3,3
200800051692,0008-09-07 15:50:00,8,9,7,15,50,800,21,"00, DEUXIEME DB (RUE DE",,,Plein jour,En agglomération,Hors intersection,Normale,Sans collision,,,,,,,,,,,1,2,1,1,7
200800051693,0008-09-06 19:40:00,8,9,6,19,40,800,21,"00, PAIX (AVENUE DE LA)",,,Plein jour,En agglomération,Intersection en T,Pluie légère,Deux véhicules - côté,,,,,,,,,,,1,2,3,2,3
200800051694,0008-09-08 16:45:00,8,9,8,16,45,800,21,PARMENTIER (PLACE),,,Plein jour,En agglomération,Intersection en T,Normale,Deux véhicules - côté,,,,,,,,,,,1,2,3,1,3
200800051695,0008-09-08 18:15:00,8,9,8,18,15,800,21,"00, NOYON (RUE DE)",,,Plein jour,En agglomération,Hors intersection,Normale,Autre collision,,,,,,,,,,,1,2,1,1,6
200800051696,0008-09-08 13:40:00,8,9,8,13,40,800,21,"260, CAGNY (RUE DE)",,,Plein jour,En agglomération,Hors intersection,Normale,Autre collision,,,,,,,,,,,1,2,1,1,6
200800051697,0008-09-09 12:15:00,8,9,9,12,15,800,21,PARMENTIER (PLACE),,,Plein jour,En agglomération,Intersection en T,Normale,Deux véhicules - côté,,,,,,,,,,,1,2,3,1,3
200800051698,0008-09-11 20:30:00,8,9,11,20,30,800,21,PARMENTIER (PLACE),,,Nuit avec éclairage allumé,En agglomération,Hors intersection,Pluie légère,Deux véhicules - côté,,,,,,,,,,,5,2,1,2,3
200800051699,0008-09-11 13:30:00,8,9,11,13,30,800,21,"00, MARECHAL DE LATTRE D",,,Plein jour,En agglomération,Autre intersection,Normale,Sans collision,,,,,,,,,,,1,2,9,1,7
200800051700,0008-09-13 04:25:00,8,9,13,4,25,800,21,"49, VIGNACOURT (RUE DE)",,,Nuit avec éclairage allumé,En agglomération,Hors intersection,Normale,Autre collision,,,,,,,,,,,5,2,1,1,6
200800051701,0008-09-10 08:20:00,8,9,10,8,20,800,21,VULFRAN WARME (RUE),,,Plein jour,En agglomération,Intersection en T,Normale,Deux véhicules - côté,,,,,,,,,,,1,2,3,1,3
200800051702,0008-09-15 11:50:00,8,9,15,11,50,800,131,"00, JULES VERNE (RUE)",,,Plein jour,En agglomération,Giratoire,Normale,Deux véhicules - côté,,,,,,,,,,,1,2,6,1,3
200800051703,0008-09-15 13:20:00,8,9,15,13,20,800,21,"00, FRANKLIN ROOSEVELT (",,,Plein jour,En agglomération,Hors intersection,Normale,Autre collision,,,,,,,,,,,1,2,1,1,6
200800051704,0008-09-15 08:10:00,8,9,15,8,10,800,21,"482, ABBEVILLE (RUE D')",,,Plein jour,En agglomération,Hors intersection,Normale,Trois véhicules et plus - en chaîne,,,,,,,,,,,1,2,1,1,4
200800051705,0008-09-15 17:50:00,8,9,15,17,50,800,21,"00, PIERRE ROLLIN (RUE)",,,Plein jour,En agglomération,Hors intersection,Normale,Deux véhicules - frontale,,,,,,,,,,,1,2,1,1,1
200800051706,0008-09-13 20:50:00,8,9,13,20,50,800,21,"00, ALBERT 1ER (MAIL)",,,Nuit avec éclairage allumé,En agglomération,Intersection en X,Pluie légère,Deux véhicules - côté,,,,,,,,,,,5,2,2,2,3
200800051707,0008-09-14 13:15:00,8,9,14,13,15,800,21,ABBEVILLE (RUE D'),,,Plein jour,En agglomération,Hors intersection,Normale,Autre collision,,,,,,,,,,,1,2,1,1,6
200800051708,0008-09-13 21:20:00,8,9,13,21,20,800,21,"00, QUATORZE JUILLET 178",,,Nuit avec éclairage allumé,En agglomération,Hors intersection,Normale,Deux véhicules - frontale,,,,,,,,,,,5,2,1,1,1
200800051709,0008-09-12 08:50:00,8,9,12,8,50,800,21,"00, FEDERES (BOULEVARD D",,,Plein jour,En agglomération,Intersection à plus de 4 branches,Pluie légère,Deux véhicules - côté,,,,,,,,,,,1,2,5,2,3
200800051710,0008-09-19 19:50:00,8,9,19,19,50,800,21,"11, DOCTEUR LOUIS FAFET",,,Plein jour,En agglomération,Hors intersection,Normale,Autre collision,,,,,,,,,,,1,2,1,1,6
200800051711,0008-09-20 17:50:00,8,9,20,17,50,800,21,"140, OCTAVE TIERCE (RUE)",,,Plein jour,En agglomération,Hors intersection,Normale,Deux véhicules - frontale,,,,,,,,,,,1,2,1,1,1
200800051712,0008-09-22 17:25:00,8,9,22,17,25,800,21,"124, JEAN MOULIN (RUE)",,,Plein jour,En agglomération,Autre intersection,Normale,Deux véhicules - côté,,,,,,,,,,,1,2,9,1,3
200800051713,0008-09-27 13:05:00,8,9,27,13,5,800,21,"00, VANMARCKE (RUE)",,,Plein jour,En agglomération,Hors intersection,Normale,Deux véhicules - côté,,,,,,,,,,,1,2,1,1,3
200800051714,0008-09-26 13:40:00,8,9,26,13,40,800,21,"147, JULES FERRY (CHAUSS",,,Plein jour,En agglomération,Hors intersection,Normale,Deux véhicules - arrière,,,,,,,,,,,1,2,1,1,2
200800051715,0008-09-26 17:30:00,8,9,26,17,30,800,21,"193, GENERAL FOY (AVENUE",,,Plein jour,En agglomération,Hors intersection,Normale,Deux véhicules - côté,,,,,,,,,,,1,2,1,1,3
200800051716,0008-09-30 13:40:00,8,9,30,13,40,800,21,"00, GEORGES CLEMENCEAU (",,,Plein jour,En agglomération,Giratoire,Pluie légère,Deux véhicules - côté,,,,,,,,,,,1,2,6,2,3
200800051717,0008-09-30 13:25:00,8,9,30,13,25,800,21,"00, SAINT ACHEUL (RUE)",,,Plein jour,En agglomération,Intersection en T,Pluie légère,Deux véhicules - côté,,,,,,,,,,,1,2,3,2,3
200800051718,0008-09-05 17:50:00,8,9,5,17,50,810,65,DE GAULLE RD 612 (AV. CH,,,Plein jour,En agglomération,Hors intersection,Normale,Deux véhicules - côté,,,,,,,,,,,1,2,1,1,3
200800051719,0008-09-11 18:30:00,8,9,11,18,30,810,65,TOULOUSE RN 126 (RTE DE),,,Plein jour,En agglomération,Hors intersection,Temps couvert,Deux véhicules - côté,,,,,,,,,,,1,2,1,8,3
200800051720,0008-09-25 09:50:00,8,9,25,9,50,810,105,"20, PONTIER (BOULEVARD D",,,Plein jour,En agglomération,Intersection en T,Normale,Deux véhicules - côté,,,,,,,,,,,1,2,3,1,3
200800051721,0008-09-20 18:55:00,8,9,20,18,55,810,105,GAMBETTA (AVENUE ET RUE),,,Plein jour,En agglomération,Hors intersection,Normale,Autre collision,,,,,,,,,,,1,2,1,1,6
200800051722,0008-09-27 23:15:00,8,9,27,23,15,810,105,LIBERTE (BOULEVARD DE LA,,,Nuit avec éclairage allumé,En agglomération,Intersection en X,Normale,Autre collision,,,,,,,,,,,5,2,2,1,6
200800051723,0008-09-04 08:40:00,8,9,4,8,40,810,163,"14, HOULES",,,Plein jour,En agglomération,Hors intersection,Normale,Autre collision,,,,,,,,,,,1,2,1,1,6
200800051724,0008-09-12 16:10:00,8,9,12,16,10,810,163,", HOULES",,,Plein jour,En agglomération,Intersection en X,Normale,Deux véhicules - côté,,,,,,,,,,,1,2,2,1,3
200800051725,0008-09-16 13:50:00,8,9,16,13,50,810,163,"58, HOULES",,,Plein jour,En agglomération,Intersection en X,Normale,Deux véhicules - côté,,,,,,,,,,,1,2,2,1,3
200800051726,0008-09-28 21:20:00,8,9,28,21,20,810,163,"40, GUYNEMER (GEORGES)",,,Nuit avec éclairage allumé,En agglomération,Hors intersection,Normale,Autre collision,,,,,,,,,,,5,2,1,1,6
200800051727,0008-09-07 19:10:00,8,9,7,19,10,820,33,"0, COURBIEU NORD OUEST",,,Plein jour,En agglomération,Giratoire,Normale,Deux véhicules - côté,,,,,,,,,,,1,2,6,1,3
200800051728,0008-09-04 18:00:00,8,9,4,18,0,820,33,"0, COURBIEU NORD OUEST",,,Plein jour,En agglomération,Giratoire,Normale,Deux véhicules - côté,,,,,,,,,,,1,2,6,1,3
200800051729,0008-09-22 08:50:00,8,9,22,8,50,820,33,"28, FAURE (Marceau)",,,Plein jour,En agglomération,Hors intersection,Temps éblouissant,Autre collision,,,,,,,,,,,1,2,1,7,6
200800051730,0008-09-09 19:00:00,8,9,9,19,0,820,121,"0, PARIS N 20 (AVENUE DE",,,Plein jour,En agglomération,Hors intersection,Normale,Autre collision,,,,,,,,,,,1,2,1,1,6
200800051731,0008-09-08 18:15:00,8,9,8,18,15,820,121,"0, BAYLE (RUE)",,,Plein jour,En agglomération,Intersection en X,Normale,Deux véhicules - côté,,,,,,,,,,,1,2,2,1,3
200800051732,0008-09-11 01:10:00,8,9,11,1,10,820,121,"0, MOULIN N 20 (AVENUE J",,,Nuit avec éclairage allumé,En agglomération,Hors intersection,Normale,Deux véhicules - arrière,,,,,,,,,,,5,2,1,1,2
200800051733,0008-09-13 21:30:00,8,9,13,21,30,820,121,"0, AUCH (ROUTE D')",,,Nuit avec éclairage non allumé,Hors agglomération,Hors intersection,Normale,Autre collision,,,,,,,,,,,4,1,1,1,6
200800051734,0008-09-17 06:58:00,8,9,17,6,58,820,121,"0, PARIS N 20 (AVENUE DE",,,Nuit avec éclairage allumé,En agglomération,Giratoire,Normale,Deux véhicules - côté,,,,,,,,,,,5,2,6,1,3
200800051735,0008-09-16 17:00:00,8,9,16,17,0,820,121,"124, MOULIN N 20 (AVENUE",,,Plein jour,En agglomération,Hors intersection,Normale,Deux véhicules - arrière,,,,,,,,,,,1,2,1,1,2
200800051736,0008-09-22 22:40:00,8,9,22,22,40,820,121,"0, BRIAND (RUE ARISTIDE)",,,Nuit avec éclairage allumé,En agglomération,Intersection en X,Normale,Deux véhicules - côté,,,,,,,,,,,5,2,2,1,3
200800051737,0008-09-11 18:30:00,8,9,11,18,30,820,121,"0, ROUTE DE CASTELSARRAS",,,Plein jour,Hors agglomération,Hors intersection,Pluie légère,Autre collision,,,,,,,,,,,1,1,1,2,6
200800051738,0008-09-28 19:30:00,8,9,28,19,30,820,121,"0, CHROL (AVENUE DU PERE",,,Plein jour,En agglomération,Hors intersection,Normale,Deux véhicules - arrière,,,,,,,,,,,1,2,1,1,2
200800051739,0008-09-28 08:15:00,8,9,28,8,15,820,121,"86, POUTY (AVENUE DE)",,,Plein jour,En agglomération,Hors intersection,Normale,Autre collision,,,,,,,,,,,1,2,1,1,6
200800051740,0008-09-30 10:46:00,8,9,30,10,46,820,121,"0, ABBAYE (RUE DE L')",,,Plein jour,En agglomération,Hors intersection,Normale,Autre collision,,,,,,,,,,,1,2,1,1,6
200800051741,0008-09-22 10:10:00,8,9,22,10,10,820,121,"285, DOUMERC (BOULEVARD",,,Plein jour,En agglomération,Hors intersection,Normale,Autre collision,,,,,,,,,,,1,2,1,1,6
200800051742,0008-09-06 17:40:00,8,9,6,17,40,830,50,"1404, PUITS(CHEMIN DU)",,,Plein jour,En agglomération,Hors intersection,Normale,Deux véhicules - frontale,,,,,,,,,,,1,2,1,1,1
200800051743,0008-09-26 13:00:00,8,9,26,13,0,830,141,"378, VARRAYON(CHEMIN DU)",,,Plein jour,Hors agglomération,Intersection en T,Normale,Deux véhicules - côté,,,,,,,,,,,1,1,3,1,3
200800051744,0008-09-26 22:50:00,8,9,26,22,50,830,50,DIX HUIT JUIN 1940(AVENU,,,Nuit avec éclairage allumé,En agglomération,Hors intersection,Normale,Autre collision,,,,,,,,,,,5,2,1,1,6
200800051745,0008-09-05 22:30:00,8,9,5,22,30,830,61,"0, RN7",,,Nuit avec éclairage allumé,Hors agglomération,Hors intersection,Normale,Autre collision,,,,,,,,,,,5,1,1,1,6
200800051746,0008-09-19 12:25:00,8,9,19,12,25,830,61,"2427, AVENUE DE LA CORNI",,,Plein jour,En agglomération,Intersection en T,Normale,Deux véhicules - frontale,,,,,,,,,,,1,2,3,1,1
200800051747,0008-09-28 10:30:00,8,9,28,10,30,830,61,"0, RN7",,,Plein jour,Hors agglomération,Hors intersection,Normale,Deux véhicules - côté,,,,,,,,,,,1,1,1,1,3
200800051748,0008-09-24 19:44:00,8,9,24,19,44,830,118,"350, AVENUE GENERAL LECL",,,Nuit avec éclairage allumé,En agglomération,Intersection en T,Normale,Deux véhicules - côté,,,,,,,,,,,5,2,3,1,3
200800051749,0008-09-22 10:23:00,8,9,22,10,23,830,118,"706, AVE AURELIENNE",,,Plein jour,En agglomération,Hors intersection,Normale,Autre collision,,,,,,,,,,,1,2,1,1,6
200800051750,0008-09-01 13:35:00,8,9,1,13,35,830,69,"828, TOULON RD 554 (AVEN",,,Plein jour,Hors agglomération,Hors intersection,Normale,Deux véhicules - côté,,,,,,,,,,,1,1,1,1,3
200800051751,0008-09-09 21:50:00,8,9,9,21,50,830,69,OLBIA  (VOIE),,,Nuit avec éclairage non allumé,En agglomération,Hors intersection,Normale,Deux véhicules - côté,,,,,,,,,,,4,2,1,1,3
200800051752,0008-09-21 05:15:00,8,9,21,5,15,830,69,MARAIS (ROUTE DES),,,Nuit sans éclairage public,Hors agglomération,Hors intersection,Normale,Trois véhicules et plus - collisions multiples,,,,,,,,,,,3,1,1,1,5
200800051753,0008-09-15 05:35:00,8,9,15,5,35,830,69,AEROPORT (AVENUE DE L'),,,Nuit avec éclairage allumé,En agglomération,Hors intersection,Normale,Sans collision,,,,,,,,,,,5,2,1,1,7
200800051754,0008-09-26 20:35:00,8,9,26,20,35,830,69,"1528, GIENS (ROUTE DE )",,,Nuit sans éclairage public,Hors agglomération,Hors intersection,Normale,Deux véhicules - côté,,,,,,,,,,,3,1,1,1,3
200800051755,0008-09-15 08:40:00,8,9,15,8,40,830,69,OLBIA  (VOIE),,,Plein jour,En agglomération,Hors intersection,Normale,Deux véhicules - côté,,,,,,,,,,,1,2,1,1,3
200800051756,0008-09-22 09:30:00,8,9,22,9,30,830,69,OLBIA  (VOIE),,,Plein jour,Hors agglomération,Hors intersection,Normale,Deux véhicules - côté,,,,,,,,,,,1,1,1,1,3
200800051757,0008-09-17 09:20:00,8,9,17,9,20,830,129,"257, LAENNEC (AVENUE DE)",,,Plein jour,En agglomération,Hors intersection,Normale,Deux véhicules - arrière,,,,,,,,,,,1,2,1,1,2
200800051758,0008-09-27 14:20:00,8,9,27,14,20,830,129,"0000, NEGADOUX (CHEMIN D",,,Plein jour,Hors agglomération,Hors intersection,Temps couvert,Deux véhicules - arrière,,,,,,,,,,,1,1,1,8,2
200800051759,0008-09-02 16:55:00,8,9,2,16,55,830,126,"00, POMPIDOU (CORNICHE G",,,Plein jour,En agglomération,Intersection en T,Temps éblouissant,Deux véhicules - côté,,,,,,,,,,,1,2,3,7,3
200800051760,0008-09-03 18:05:00,8,9,3,18,5,830,126,"00, CLERY (AV HUGUES)",,,Plein jour,En agglomération,Hors intersection,Normale,Deux véhicules - côté,,,,,,,,,,,1,2,1,1,3
200800051761,0008-09-07 19:00:00,8,9,7,19,0,830,126,"206, LAMARQUE (AV JEAN A",,,Plein jour,En agglomération,Hors intersection,Normale,Autre collision,,,,,,,,,,,1,2,1,1,6
200800051762,0008-09-06 23:00:00,8,9,6,23,0,830,126,"00, ROSTAND (BD JEAN)",,,Nuit avec éclairage allumé,En agglomération,Intersection en T,Normale,Deux véhicules - côté,,,,,,,,,,,5,2,3,1,3
200800051763,0008-09-08 19:52:00,8,9,8,19,52,830,126,"00, ZOLA (AV EMILE)",,,Plein jour,En agglomération,Intersection en T,Normale,Deux véhicules - côté,,,,,,,,,,,1,2,3,1,3
200800051764,0008-09-13 11:52:00,8,9,13,11,52,830,126,"75, VERLAQUE (AV NOEL )",,,Plein jour,En agglomération,Hors intersection,Normale,Deux véhicules - côté,,,,,,,,,,,1,2,1,1,3
200800051765,0008-09-19 17:50:00,8,9,19,17,50,830,126,ANCIENS COMBATANTS D'IND,,,Plein jour,En agglomération,Hors intersection,Normale,Deux véhicules - arrière,,,,,,,,,,,1,2,1,1,2
200800051766,0008-09-22 08:30:00,8,9,22,8,30,830,126,"00, Ytzhak RABIN - D63",,,Plein jour,En agglomération,Intersection en T,Normale,Trois véhicules et plus - collisions multiples,,,,,,,,,,,1,2,3,1,5
200800051767,0008-09-23 18:01:00,8,9,23,18,1,830,126,", VAROISE (CORNICHE)",,,Plein jour,Hors agglomération,Hors intersection,Temps couvert,Deux véhicules - frontale,,,,,,,,,,,1,1,1,8,1
200800051768,0008-09-23 17:15:00,8,9,23,17,15,830,126,"00, QUATRE SEPTEMBRE (BD",,,Plein jour,En agglomération,Intersection en X,Temps couvert,Deux véhicules - côté,,,,,,,,,,,1,2,2,8,3
200800051769,0008-09-29 08:15:00,8,9,29,8,15,830,126,"00, MISTRAL (AV FREDERIC",,,Plein jour,En agglomération,Hors intersection,Normale,Deux véhicules - côté,,,,,,,,,,,1,2,1,1,3
200800051770,0008-09-30 09:41:00,8,9,30,9,41,830,126,"00, BRUN (AV ROBERT)",,,Plein jour,En agglomération,Hors intersection,Normale,Deux véhicules - arrière,,,,,,,,,,,1,2,1,1,2
200800051771,0008-09-30 21:00:00,8,9,30,21,0,830,126,"36, CARMILLE ( AV DU GEN",,,Nuit avec éclairage allumé,En agglomération,Hors intersection,Normale,Deux véhicules - côté,,,,,,,,,,,5,2,1,1,3
200800051772,0008-09-29 08:40:00,8,9,29,8,40,830,126,"128, FORNONI (RUE GEORGE",,,Plein jour,En agglomération,Hors intersection,Normale,Autre collision,,,,,,,,,,,1,2,1,1,6
200800051773,0008-09-01 22:38:00,8,9,1,22,38,830,62,PREMIER (BAT.INF.DU PACI,,,Nuit avec éclairage allumé,En agglomération,Hors intersection,Normale,Deux véhicules - arrière,,,,,,,,,,,5,2,1,1,2
200800051774,0008-09-04 14:30:00,8,9,4,14,30,830,137,"552, REPUBLIQUE (AVE DE",,,Plein jour,En agglomération,Hors intersection,Normale,Deux véhicules - frontale,,,,,,,,,,,1,2,1,1,1
200800051775,0008-09-06 05:25:00,8,9,6,5,25,830,137,BRIAND (AVE ARISTIDE PRO,,,Nuit avec éclairage allumé,En agglomération,Hors intersection,Normale,Deux véhicules - arrière,,,,,,,,,,,5,2,1,1,2
200800051776,0008-09-06 16:00:00,8,9,6,16,0,830,144,NATIONALE 97 (ROUTE),,,Plein jour,En agglomération,Intersection en T,Normale,Deux véhicules - frontale,,,,,,,,,,,1,2,3,1,1
200800051777,0008-09-06 10:40:00,8,9,6,10,40,830,98,GANZIN (AVENUE DE),,,Plein jour,En agglomération,Intersection en T,Normale,Deux véhicules - côté,,,,,,,,,,,1,2,3,1,3
200800051778,0008-09-09 12:50:00,8,9,9,12,50,830,137,", CUZIN (AVE FRANCOIS)",,,Plein jour,En agglomération,Intersection en T,Normale,Deux véhicules - côté,,,,,,,,,,,1,2,3,1,3
200800051779,0008-09-05 18:00:00,8,9,5,18,0,830,98,"1181, GANZIN (AVENUE DE)",,,Plein jour,Hors agglomération,Giratoire,Normale,Deux véhicules - côté,,,,,,,,,,,1,1,6,1,3
200800051780,0008-09-10 14:00:00,8,9,10,14,0,830,90,EGLANTIERS (ALLEE DES),,,Plein jour,En agglomération,Hors intersection,Normale,Deux véhicules - côté,,,,,,,,,,,1,2,1,1,3