accident_id,datetime,annee,mois,jour,heure,minute,departement,commune_insee,adresse,latitude,longitude,luminosite,agglomeration,intersection,meteo,collision,nb_vehicules,nb_usagers,nb_indemnes,nb_tues,nb_blesses_hosp,nb_blesses_legers,age_cond_1,age_cond_2,veh_type_cond_1,veh_type_cond_2,lum_code,agg_code,int_code,atm_code,col_code
200800052442,0008-09-03 20:15:00,8,9,3,20,15,60,4,"12, SAINT HONORAT RUE",,,Crépuscule ou aube,En agglomération,Hors intersection,Normale,Autre collision,,,,,,,,,,,2,2,1,1,6
200800052443,0008-09-05 12:20:00,8,9,5,12,20,60,4,"77, FOURNEL BADINE CH.ET",,,Plein jour,En agglomération,Hors intersection,Normale,Deux véhicules - frontale,,,,,,,,,,,1,2,1,1,1
200800052444,0008-09-07 05:00:00,8,9,7,5,0,60,4,WILSON BD,,,Nuit avec éclairage allumé,En agglomération,Intersection en X,Normale,Deux véhicules - côté,,,,,,,,,,,5,2,2,1,3
200800052445,0008-09-09 13:00:00,8,9,9,13,0,60,4,"67, NICE(RN.7) AV.ET RTE",,,Plein jour,En agglomération,Hors intersection,Normale,Deux véhicules - côté,,,,,,,,,,,1,2,1,1,3
200800052446,0008-09-13 15:10:00,8,9,13,15,10,60,4,CHATAIGNIERS AV.DU,,,Plein jour,En agglomération,Giratoire,Normale,Deux véhicules - côté,,,,,,,,,,,1,2,6,1,3
200800052447,0008-09-13 18:00:00,8,9,13,18,0,60,4,POINCARE BD RAYMOND,,,Plein jour,En agglomération,Intersection en X,Normale,Deux véhicules - côté,,,,,,,,,,,1,2,2,1,3
200800052448,0008-09-15 15:15:00,8,9,15,15,15,60,4,NICE(RN.7) AV.ET RTE DE,,,Plein jour,En agglomération,Hors intersection,Normale,Deux véhicules - côté,,,,,,,,,,,1,2,1,1,3
200800052449,0008-09-21 19:05:00,8,9,21,19,5,60,4,"24, NICE(RN.7) AV.ET RTE",,,Crépuscule ou aube,En agglomération,Hors intersection,Normale,Trois véhicules et plus - collisions multiples,,,,,,,,,,,2,2,1,1,5
200800052450,0008-09-24 15:30:00,8,9,24,15,30,60,4,ESCLEVIN AV.EDMOND D',,,Plein jour,En agglomération,Intersection en X,Normale,Deux véhicules - côté,,,,,,,,,,,1,2,2,1,3
200800052451,0008-09-24 15:35:00,8,9,24,15,35,60,155,POSTE AV.DE LA,,,Plein jour,En agglomération,Intersection en T,Normale,Autre collision,,,,,,,,,,,1,2,3,1,6
200800052452,0008-09-26 14:45:00,8,9,26,14,45,60,4,"12, SAINT HONORAT RUE",,,Plein jour,En agglomération,Hors intersection,Pluie légère,Autre collision,,,,,,,,,,,1,2,1,2,6
200800052453,0008-09-27 02:20:00,8,9,27,2,20,60,155,"1305, SAINT BERNARD CH.",,,Nuit avec éclairage allumé,Hors agglomération,Hors intersection,Normale,Deux véhicules - frontale,,,,,,,,,,,5,1,1,1,1
200800052454,0008-09-02 20:25:00,8,9,2,20,25,60,123,MOUETTES AVENUE DES,,,Nuit avec éclairage allumé,En agglomération,Intersection en X,Normale,Deux véhicules - côté,,,,,,,,,,,5,2,2,1,3
200800052455,0008-09-03 09:00:00,8,9,3,9,0,60,27,"62, JUIN BOULEVARD MAREC",,,Plein jour,En agglomération,Hors intersection,Normale,Deux véhicules - côté,,,,,,,,,,,1,2,1,1,3
200800052456,0008-09-03 18:15:00,8,9,3,18,15,60,27,"91, NICE AVENUE DE (RN7)",,,Plein jour,En agglomération,Hors intersection,Normale,Deux véhicules - côté,,,,,,,,,,,1,2,1,1,3
200800052457,0008-09-03 21:30:00,8,9,3,21,30,60,27,NICE AVENUE DE (RN7),,,Nuit avec éclairage allumé,En agglomération,Intersection en T,Normale,Deux véhicules - côté,,,,,,,,,,,5,2,3,1,3
200800052458,0008-09-06 15:00:00,8,9,6,15,0,60,123,DONADEI EUGENE AVENUE,,,Plein jour,En agglomération,Hors intersection,Normale,Deux véhicules - côté,,,,,,,,,,,1,2,1,1,3
200800052459,0008-09-07 10:20:00,8,9,7,10,20,60,27,CHENES AVENUE DES,,,Plein jour,En agglomération,Intersection en X,Normale,Deux véhicules - côté,,,,,,,,,,,1,2,2,1,3
200800052460,0008-09-10 10:00:00,8,9,10,10,0,60,123,MAICON PROMENADE,,,Plein jour,En agglomération,Giratoire,Normale,Deux véhicules - arrière,,,,,,,,,,,1,2,6,1,2
200800052461,0008-09-08 12:40:00,8,9,8,12,40,60,123,"1839, PUGETS ROUTE DES",,,Plein jour,En agglomération,Intersection en T,Normale,Deux véhicules - arrière,,,,,,,,,,,1,2,3,1,2
200800052462,0008-09-13 09:35:00,8,9,13,9,35,60,27,ROSERAIE AVENUE DE LA,,,Plein jour,En agglomération,Intersection en T,Normale,Autre collision,,,,,,,,,,,1,2,3,1,6
200800052463,0008-09-12 12:35:00,8,9,12,12,35,60,27,GAUDE AVENUE DE LA,,,Plein jour,En agglomération,Intersection en X,Normale,Deux véhicules - côté,,,,,,,,,,,1,2,2,1,3
200800052464,0008-09-13 10:15:00,8,9,13,10,15,60,27,"14, GIONO RUE JEAN",,,Plein jour,En agglomération,Hors intersection,Normale,Deux véhicules - côté,,,,,,,,,,,1,2,1,1,3
200800052465,0008-09-14 18:50:00,8,9,14,18,50,60,123,DE GAULLE GENERAL AVENUE,,,Crépuscule ou aube,En agglomération,Intersection en X,Normale,Deux véhicules - côté,,,,,,,,,,,2,2,2,1,3
200800052466,0008-09-14 22:30:00,8,9,14,22,30,60,27,NICE AVENUE DE (RN7),,,Nuit avec éclairage allumé,En agglomération,Intersection en X,Normale,Deux véhicules - côté,,,,,,,,,,,5,2,2,1,3
200800052467,0008-09-17 08:00:00,8,9,17,8,0,60,27,"20, NICE AVENUE DE (RN7)",,,Plein jour,En agglomération,Intersection en X,Normale,Autre collision,,,,,,,,,,,1,2,2,1,6
200800052468,0008-09-18 08:00:00,8,9,18,8,0,60,123,"143, PUGETS AVENUE DES",,,Plein jour,En agglomération,Hors intersection,Normale,Autre collision,,,,,,,,,,,1,2,1,1,6
200800052469,0008-09-29 08:39:00,8,9,29,8,39,310,555,"999, RPT DU PR FRANCIS C",,,Plein jour,En agglomération,Giratoire,Temps éblouissant,Deux véhicules - arrière,,,,,,,,,,,1,2,6,7,2
200800052470,0008-09-29 15:40:00,8,9,29,15,40,310,555,"28, GRANDE RUE SAINT MIC",,,Plein jour,En agglomération,Hors intersection,Normale,Deux véhicules - côté,,,,,,,,,,,1,2,1,1,3
200800052471,0008-09-29 16:50:00,8,9,29,16,50,310,555,"95, RUE NICOLAS L VAUQUE",,,Plein jour,En agglomération,Hors intersection,Normale,Deux véhicules - frontale,,,,,,,,,,,1,2,1,1,1
200800052472,0008-09-29 18:50:00,8,9,29,18,50,310,555,"20, RUE SAINT JACQUES",,,Plein jour,Hors agglomération,Hors intersection,Normale,Autre collision,,,,,,,,,,,1,1,1,1,6
200800052473,0008-09-29 09:30:00,8,9,29,9,30,310,555,"190, AV DE MURET",,,Plein jour,En agglomération,Hors intersection,Normale,Deux véhicules - côté,,,,,,,,,,,1,2,1,1,3
200800052474,0008-09-30 17:40:00,8,9,30,17,40,310,555,"40, AV DES MINIMES",,,Plein jour,En agglomération,Hors intersection,Normale,Autre collision,,,,,,,,,,,1,2,1,1,6
200800052475,0008-09-30 06:00:00,8,9,30,6,0,310,555,"999, AV DE LARDENNE",,,Nuit avec éclairage allumé,En agglomération,Hors intersection,Normale,Deux véhicules - côté,,,,,,,,,,,5,2,1,1,3
200800052476,0008-09-29 09:55:00,8,9,29,9,55,310,555,"999, RUE EDMOND ROSTAND",,,Plein jour,En agglomération,Intersection en X,Normale,Deux véhicules - côté,,,,,,,,,,,1,2,2,1,3
200800052477,0008-09-01 12:00:00,8,9,1,12,0,10,53,"43, VOLTAIRE ( BD ) IMPA",,,Plein jour,En agglomération,Hors intersection,Normale,Autre collision,,,,,,,,,,,1,2,1,1,6
200800052478,0008-09-03 10:45:00,8,9,3,10,45,10,53,"SANS N°, CHAMP DE FOIRE",,,Plein jour,En agglomération,Hors intersection,Normale,Autre collision,,,,,,,,,,,1,2,1,1,6
200800052479,0008-09-07 16:00:00,8,9,7,16,0,10,53,"03, PREVOYANCE ( RUE DE",,,Plein jour,En agglomération,Hors intersection,Normale,Deux véhicules - côté,,,,,,,,,,,1,2,1,1,3
200800052480,0008-09-15 08:05:00,8,9,15,8,5,10,451,"sans, BRESSE (AVENUE DE",,,Plein jour,En agglomération,Hors intersection,Normale,Deux véhicules - frontale,,,,,,,,,,,1,2,1,1,1
200800052481,0008-09-23 08:00:00,8,9,23,8,0,60,27,"24, CLAVERIE RUE DU BRIG",,,Plein jour,En agglomération,Hors intersection,Normale,Deux véhicules - côté,,,,,,,,,,,1,2,1,1,3
200800052482,0008-09-25 17:45:00,8,9,25,17,45,60,123,BORD DE MER RN 98,,,Plein jour,En agglomération,Intersection en Y,Normale,Deux véhicules - arrière,,,,,,,,,,,1,2,4,1,2
200800052483,0008-09-29 09:05:00,8,9,29,9,5,60,27,BONAPARTE RUE,,,Plein jour,En agglomération,Hors intersection,Normale,Deux véhicules - arrière,,,,,,,,,,,1,2,1,1,2
200800052484,0008-09-30 14:30:00,8,9,30,14,30,60,123,GERBAULT ALAIN PROMENADE,,,Plein jour,En agglomération,Hors intersection,Normale,Deux véhicules - arrière,,,,,,,,,,,1,2,1,1,2
200800052485,0008-09-01 15:36:00,8,9,1,15,36,60,29,"112, CAMP LONG (AVENUE D",,,Plein jour,En agglomération,Hors intersection,Normale,Autre collision,,,,,,,,,,,1,2,1,1,6
200800052486,0008-09-03 13:00:00,8,9,3,13,0,60,30,SADI CARNOT (BOULEVARD),,,Plein jour,En agglomération,Hors intersection,Normale,Deux véhicules - arrière,,,,,,,,,,,1,2,1,1,2
200800052487,0008-09-03 13:15:00,8,9,3,13,15,60,29,"02, CROISETTE (BOULEVARD",,,Plein jour,En agglomération,Hors intersection,Normale,Sans collision,,,,,,,,,,,1,2,1,1,7
200800052488,0008-09-02 17:00:00,8,9,2,17,0,60,29,TONNER (AVENUE FRANCIS),,,Plein jour,En agglomération,Hors intersection,Normale,Deux véhicules - côté,,,,,,,,,,,1,2,1,1,3
200800052489,0008-09-05 09:05:00,8,9,5,9,5,60,29,REPUBLIQUE (BOULEVARD DE,,,Plein jour,En agglomération,Hors intersection,Normale,Sans collision,,,,,,,,,,,1,2,1,1,7
200800052490,0008-09-03 17:50:00,8,9,3,17,50,60,29,CARNOT (BOULEVARD),,,Plein jour,En agglomération,Hors intersection,Normale,Autre collision,,,,,,,,,,,1,2,1,1,6
200800052491,0008-09-02 20:30:00,8,9,2,20,30,60,29,"147, REPUBLIQUE (BOULEVA",,,Plein jour,En agglomération,Hors intersection,Normale,Deux véhicules - côté,,,,,,,,,,,1,2,1,1,3
200800052492,0008-09-06 15:07:00,8,9,6,15,7,60,30,MOULIN (BOULEVARD JEAN),,,Plein jour,En agglomération,Hors intersection,Normale,Deux véhicules - arrière,,,,,,,,,,,1,2,1,1,2
200800052493,0008-09-09 18:00:00,8,9,9,18,0,60,29,"55, CARNOT (BOULEVARD)",,,Plein jour,En agglomération,Hors intersection,Normale,Autre collision,,,,,,,,,,,1,2,1,1,6
200800052494,0008-09-10 09:40:00,8,9,10,9,40,60,29,"10, PICAUD (AVENUE DR) B",,,Plein jour,En agglomération,Hors intersection,Normale,Autre collision,,,,,,,,,,,1,2,1,1,6
200800052495,0008-09-10 16:00:00,8,9,10,16,0,60,29,"91, CARNOT (BOULEVARD)",,,Plein jour,En agglomération,Hors intersection,Normale,Deux véhicules - côté,,,,,,,,,,,1,2,1,1,3
200800052496,0008-09-10 20:10:00,8,9,10,20,10,60,29,TONNER (AVENUE FRANCIS),,,Plein jour,En agglomération,Hors intersection,Normale,Autre collision,,,,,,,,,,,1,2,1,1,6
200800052497,0008-09-12 14:41:00,8,9,12,14,41,60,29,JUIN (AVENUE MARECHAL),,,Plein jour,En agglomération,Hors intersection,Normale,Deux véhicules - côté,,,,,,,,,,,1,2,1,1,3
200800052498,0008-09-12 16:20:00,8,9,12,16,20,60,29,"19, VALLOMBROSA (BOULEBA",,,Plein jour,En agglomération,Hors intersection,Normale,Deux véhicules - côté,,,,,,,,,,,1,2,1,1,3
200800052499,0008-09-13 09:18:00,8,9,13,9,18,60,30,ST JOSEPH (CHEMIN),,,Plein jour,En agglomération,Hors intersection,Normale,Deux véhicules - côté,,,,,,,,,,,1,2,1,1,3
200800052500,0008-09-13 18:00:00,8,9,13,18,0,60,29,CHEVALIER (AVENUE MAURIC,,,Plein jour,En agglomération,Hors intersection,Normale,Autre collision,,,,,,,,,,,1,2,1,1,6
200800052501,0008-09-14 01:44:00,8,9,14,1,44,60,29,"00, LERINS (AVENUE DE)",,,Plein jour,En agglomération,Hors intersection,Normale,Deux véhicules - côté,,,,,,,,,,,1,2,1,1,3
200800052502,0008-09-14 16:01:00,8,9,14,16,1,60,29,PICAUD (AVENUE DR) BOCCA,,,Plein jour,En agglomération,Hors intersection,Normale,Deux véhicules - côté,,,,,,,,,,,1,2,1,1,3
200800052503,0008-09-16 09:30:00,8,9,16,9,30,60,29,VALLOMBROSA (BOULEBARD),,,Plein jour,En agglomération,Hors intersection,Normale,Deux véhicules - côté,,,,,,,,,,,1,2,1,1,3
200800052504,0008-09-16 16:30:00,8,9,16,16,30,60,29,"00, CARNOT (BOULEVARD)",,,Plein jour,En agglomération,Hors intersection,Normale,Deux véhicules - côté,,,,,,,,,,,1,2,1,1,3
200800052505,0008-09-20 00:20:00,8,9,20,0,20,60,29,"00, ALEXANDRE III (BOULE",,,Nuit avec éclairage allumé,En agglomération,Hors intersection,Normale,Deux véhicules - côté,,,,,,,,,,,5,2,1,1,3
200800052506,0008-09-19 17:15:00,8,9,19,17,15,60,29,"22, JAURES (RUE JEAN)",,,Plein jour,En agglomération,Hors intersection,Normale,Sans collision,,,,,,,,,,,1,2,1,1,7
200800052507,0008-09-22 20:30:00,8,9,22,20,30,60,29,"00, CIGALES (AVENUE DES)",,,Nuit avec éclairage allumé,En agglomération,Hors intersection,Normale,Deux véhicules - côté,,,,,,,,,,,5,2,1,1,3
200800052508,0008-09-19 18:15:00,8,9,19,18,15,60,29,"3, TUBY (AVENUE FRANCOIS",,,Plein jour,En agglomération,Hors intersection,Normale,Sans collision,,,,,,,,,,,1,2,1,1,7
200800052509,0008-09-24 11:03:00,8,9,24,11,3,60,30,"20, JEANPIERRE (AVENUE M",,,Plein jour,En agglomération,Hors intersection,Normale,Deux véhicules - arrière,,,,,,,,,,,1,2,1,1,2
200800052510,0008-09-24 14:40:00,8,9,24,14,40,60,30,"00, CARNOT (BOULEVARD)",,,Plein jour,En agglomération,Hors intersection,Normale,Sans collision,,,,,,,,,,,1,2,1,1,7
200800052511,0008-09-26 16:00:00,8,9,26,16,0,60,29,"121, JOURDAN (AVENUE MIC",,,Plein jour,En agglomération,Hors intersection,Normale,Deux véhicules - arrière,,,,,,,,,,,1,2,1,1,2
200800052512,0008-09-26 19:20:00,8,9,26,19,20,60,30,SADI CARNOT (BOULEVARD),,,Plein jour,En agglomération,Hors intersection,Normale,Autre collision,,,,,,,,,,,1,2,1,1,6
200800052513,0008-09-26 17:17:00,8,9,26,17,17,60,30,"11, DOUMER (BOULEVARD PA",,,Plein jour,En agglomération,Hors intersection,Normale,Deux véhicules - arrière,,,,,,,,,,,1,2,1,1,2
200800052514,0008-09-29 08:55:00,8,9,29,8,55,60,29,JOURDAN (AVENUE MICHEL),,,Nuit sans éclairage public,En agglomération,Hors intersection,Normale,Deux véhicules - côté,,,,,,,,,,,3,2,1,1,3
200800052515,0008-09-30 06:54:00,8,9,30,6,54,60,30,"00, CIGALES (CHEMIN DES)",,,Crépuscule ou aube,En agglomération,Hors intersection,Normale,Deux véhicules - arrière,,,,,,,,,,,2,2,1,1,2
200800052516,0008-09-30 10:43:00,8,9,30,10,43,60,30,MERIMEE (RUE PROSPER),,,Plein jour,En agglomération,Intersection en X,Normale,Deux véhicules - côté,,,,,,,,,,,1,2,2,1,3
200800052517,0008-09-01 17:15:00,8,9,1,17,15,60,69,"x, CRESP (COURS HONORE)",,,Plein jour,En agglomération,Hors intersection,Normale,Deux véhicules - arrière,,,,,,,,,,,1,2,1,1,2
200800052518,0008-09-04 07:50:00,8,9,4,7,50,60,69,"25, LECLERC (BOULEVARD D",,,Plein jour,En agglomération,Hors intersection,Normale,Deux véhicules - côté,,,,,,,,,,,1,2,1,1,3
200800052519,0008-09-05 10:10:00,8,9,5,10,10,60,69,"x, CANNES (ROUTE DE)  -R",,,Plein jour,En agglomération,Hors intersection,Normale,Sans collision,,,,,,,,,,,1,2,1,1,7
200800052520,0008-09-05 14:55:00,8,9,5,14,55,60,69,"x, SAINT LAURENT (AVENUE",,,Plein jour,En agglomération,Hors intersection,Normale,Deux véhicules - frontale,,,,,,,,,,,1,2,1,1,1
200800052521,0008-09-06 15:35:00,8,9,6,15,35,60,69,"x, CANNES (ROUTE DE)  -R",,,Plein jour,En agglomération,Hors intersection,Normale,Deux véhicules - arrière,,,,,,,,,,,1,2,1,1,2
200800052522,0008-09-06 17:35:00,8,9,6,17,35,60,69,"x, PAOUTE (ROUTE ET TRAV",,,Plein jour,En agglomération,Hors intersection,Normale,Sans collision,,,,,,,,,,,1,2,1,1,7
200800052523,0008-09-07 15:50:00,8,9,7,15,50,60,69,"5, GRAND CHENE (CHEMIN D",,,Plein jour,En agglomération,Hors intersection,Normale,Sans collision,,,,,,,,,,,1,2,1,1,7
200800052524,0008-09-07 19:05:00,8,9,7,19,5,60,69,"x, TOURACHE (CHEMIN DE L",,,Plein jour,En agglomération,Hors intersection,Normale,Deux véhicules - frontale,,,,,,,,,,,1,2,1,1,1
200800052525,0008-09-08 10:25:00,8,9,8,10,25,60,69,"x, PLAN (ROUTE DU) -D304",,,Plein jour,En agglomération,Hors intersection,Normale,Trois véhicules et plus - en chaîne,,,,,,,,,,,1,2,1,1,4
200800052526,0008-09-09 11:10:00,8,9,9,11,10,60,69,"x, AURIBEAU (ROUTE D') -",,,Plein jour,En agglomération,Intersection en T,Normale,Deux véhicules - côté,,,,,,,,,,,1,2,3,1,3
200800052527,0008-09-09 15:30:00,8,9,9,15,30,60,69,"116, CANNES (ROUTE DE)",,,Plein jour,En agglomération,Hors intersection,Normale,Deux véhicules - frontale,,,,,,,,,,,1,2,1,1,1
200800052528,0008-09-09 22:30:00,8,9,9,22,30,60,69,"x, HALTE (ROND-POINT)",,,Nuit avec éclairage allumé,En agglomération,Giratoire,Normale,Sans collision,,,,,,,,,,,5,2,6,1,7
200800052529,0008-09-10 07:50:00,8,9,10,7,50,60,69,"45, MISTRAL (AVENUE ET P",,,Plein jour,En agglomération,Hors intersection,Normale,Trois véhicules et plus - collisions multiples,,,,,,,,,,,1,2,1,1,5
200800052530,0008-09-10 07:51:00,8,9,10,7,51,60,69,"x, MARIGARDE (ROUTE DE L",,,Plein jour,En agglomération,Hors intersection,Normale,Deux véhicules - côté,,,,,,,,,,,1,2,1,1,3
200800052531,0008-09-10 17:40:00,8,9,10,17,40,60,69,"x, NAPOLEON (ROUTE)",,,Plein jour,En agglomération,Hors intersection,Normale,Deux véhicules - frontale,,,,,,,,,,,1,2,1,1,1
200800052532,0008-09-12 08:10:00,8,9,12,8,10,60,69,"x, avenue du 11 novembre",,,Plein jour,En agglomération,Intersection en T,Normale,Deux véhicules - arrière,,,,,,,,,,,1,2,3,1,2
200800052533,0008-09-13 11:25:00,8,9,13,11,25,60,69,"x, DE LATTRE DE TASSIGNY",,,Plein jour,En agglomération,Hors intersection,Normale,Sans collision,,,,,,,,,,,1,2,1,1,7
200800052534,0008-09-14 12:30:00,8,9,14,12,30,60,69,"x, SEMARD (AVENUE PIERRE",,,Plein jour,En agglomération,Intersection en Y,Normale,Trois véhicules et plus - en chaîne,,,,,,,,,,,1,2,4,1,4
200800052535,0008-09-16 13:45:00,8,9,16,13,45,60,69,"x, SIDI BRAHIM (AVENUE)",,,Plein jour,En agglomération,Giratoire,Normale,Deux véhicules - côté,,,,,,,,,,,1,2,6,1,3
200800052536,0008-09-16 17:15:00,8,9,16,17,15,60,69,"8, DUVAL (AVENUE MATHIAS",,,Plein jour,En agglomération,Hors intersection,Normale,Deux véhicules - côté,,,,,,,,,,,1,2,1,1,3
200800052537,0008-09-17 07:05:00,8,9,17,7,5,60,69,"1, CROISSET (AVENUE FR.",,,Crépuscule ou aube,En agglomération,Hors intersection,Normale,Sans collision,,,,,,,,,,,2,2,1,1,7
200800052538,0008-09-18 17:25:00,8,9,18,17,25,60,69,"x, MASSEBOEUF (CHEMIN)",,,Plein jour,En agglomération,Hors intersection,Normale,Sans collision,,,,,,,,,,,1,2,1,1,7
200800052539,0008-09-20 20:30:00,8,9,20,20,30,60,69,"x, ROUQUIER (BOULEVARD E",,,Nuit avec éclairage allumé,En agglomération,Intersection en T,Pluie légère,Deux véhicules - côté,,,,,,,,,,,5,2,3,2,3
200800052540,0008-09-20 23:40:00,8,9,20,23,40,60,69,"x, RAYBAUD (AVENUE FELIX",,,Nuit avec éclairage allumé,En agglomération,Giratoire,Pluie légère,Deux véhicules - côté,,,,,,,,,,,5,2,6,2,3
200800052541,0008-09-21 15:25:00,8,9,21,15,25,60,69,"116, CANNES (ROUTE DE)",,,Plein jour,En agglomération,Hors intersection,Pluie légère,Sans collision,,,,,,,,,,,1,2,1,2,7
200800052542,0008-09-23 12:15:00,8,9,23,12,15,60,69,"129, PAOUTE (ROUTE ET TR",,,Plein jour,En agglomération,Hors intersection,Normale,Deux véhicules - arrière,,,,,,,,,,,1,2,1,1,2
200800052543,0008-09-24 06:40:00,8,9,24,6,40,60,69,"X, POMPIDOU (AVENUE GEOR",,,Crépuscule ou aube,En agglomération,Hors intersection,Normale,Sans collision,,,,,,,,,,,2,2,1,1,7
200800052544,0008-09-24 07:40:00,8,9,24,7,40,60,69,"x, DRAGUIGNAN (ROUTE DE)",,,Plein jour,En agglomération,Intersection en T,Temps couvert,Deux véhicules - côté,,,,,,,,,,,1,2,3,8,3
200800052545,0008-09-24 12:35:00,8,9,24,12,35,60,69,"7, JUGAN (RUE JEANNE)",,,Plein jour,En agglomération,Hors intersection,Normale,Autre collision,,,,,,,,,,,1,2,1,1,6
200800052546,0008-09-25 17:45:00,8,9,25,17,45,60,69,"29, FONTERINES (CHEMIN D",,,Plein jour,En agglomération,Hors intersection,Normale,Deux véhicules - frontale,,,,,,,,,,,1,2,1,1,1
200800052547,0008-09-25 20:00:00,8,9,25,20,0,60,69,"x, BRASSAURIE (CHEMIN DE",,,Nuit sans éclairage public,En agglomération,Intersection en T,Normale,Deux véhicules - côté,,,,,,,,,,,3,2,3,1,3
200800052548,0008-09-26 17:30:00,8,9,26,17,30,60,69,"100, PASTEUR (BOULEVARD)",,,Plein jour,En agglomération,Hors intersection,Normale,Autre collision,,,,,,,,,,,1,2,1,1,6
200800052549,0008-09-27 13:40:00,8,9,27,13,40,60,69,"111, CANNES (ROUTE DE)",,,Plein jour,En agglomération,Hors intersection,Temps couvert,Deux véhicules - côté,,,,,,,,,,,1,2,1,8,3
200800052550,0008-09-29 07:05:00,8,9,29,7,5,60,69,"x, NAPOLEON (ROUTE)",,,Crépuscule ou aube,Hors agglomération,Hors intersection,Normale,Autre collision,,,,,,,,,,,2,1,1,1,6
200800052551,0008-09-29 17:50:00,8,9,29,17,50,60,69,"x, PROVENCE (AVENUE DE)",,,Plein jour,En agglomération,Hors intersection,Normale,Deux véhicules - arrière,,,,,,,,,,,1,2,1,1,2
200800052552,0008-09-29 21:35:00,8,9,29,21,35,60,69,"x, PASTEUR (BOULEVARD)",,,Nuit avec éclairage allumé,Hors agglomération,Hors intersection,Normale,Sans collision,,,,,,,,,,,5,1,1,1,7
200800052553,0008-09-14 18:05:00,8,9,14,18,5,60,12,"CORNICHE (MOYENNE, N° 20",,,Plein jour,En agglomération,Hors intersection,Normale,Deux véhicules - frontale,,,,,,,,,,,1,2,1,1,1
200800052554,0008-09-12 17:15:00,8,9,12,17,15,60,83,Mail Jean Moulin,,,Plein jour,En agglomération,Giratoire,Normale,Deux véhicules - arrière,,,,,,,,,,,1,2,6,1,2
200800052555,0008-09-13 08:25:00,8,9,13,8,25,60,104,"175, PASTEUR (AVENUE, N°",,,Plein jour,En agglomération,Hors intersection,Normale,Deux véhicules - côté,,,,,,,,,,,1,2,1,1,3
200800052556,0008-09-23 05:40:00,8,9,23,5,40,60,104,"174, VERDUN (AVENUE DE,",,,Nuit avec éclairage allumé,En agglomération,Hors intersection,Normale,Deux véhicules - frontale,,,,,,,,,,,5,2,1,1,1
200800052557,0008-09-19 22:00:00,8,9,19,22,0,60,123,BORD DE MER RN 98,,,Nuit avec éclairage allumé,Hors agglomération,Hors intersection,Normale,Sans collision,,,,,,,,,,,5,1,1,1,7
200800052558,0008-09-26 17:00:00,8,9,26,17,0,60,104,"65, JAURES (AVENUE JEAN)",,,Plein jour,En agglomération,Hors intersection,Normale,Trois véhicules et plus - collisions multiples,,,,,,,,,,,1,2,1,1,5
200800052559,0008-09-01 10:10:00,8,9,1,10,10,60,88,"0, MONTEL (BD PAUL)",,,Plein jour,En agglomération,Hors intersection,Normale,Autre collision,,,,,,,,,,,1,2,1,1,6
200800052560,0008-09-02 11:35:00,8,9,2,11,35,60,88,"19, RIQUIER (BD DE)",,,Plein jour,En agglomération,Hors intersection,Normale,Autre collision,,,,,,,,,,,1,2,1,1,6
200800052561,0008-09-02 11:50:00,8,9,2,11,50,60,88,"0, MARSHALL (PL. GENERAL",,,Plein jour,En agglomération,Intersection en X,Normale,Deux véhicules - côté,,,,,,,,,,,1,2,2,1,3
200800052562,0008-09-02 13:00:00,8,9,2,13,0,60,88,"45, MADELEINE (BD DE LA)",,,Plein jour,En agglomération,Hors intersection,Normale,Deux véhicules - côté,,,,,,,,,,,1,2,1,1,3
200800052563,0008-09-02 14:30:00,8,9,2,14,30,60,88,"0, ROQUEBILLIERE (R. DE)",,,Plein jour,En agglomération,Hors intersection,Normale,Deux véhicules - arrière,,,,,,,,,,,1,2,1,1,2
200800052564,0008-09-02 14:45:00,8,9,2,14,45,60,88,"0, GAMBETTA (JUSQU'AU N°",,,Plein jour,En agglomération,Hors intersection,Normale,Deux véhicules - côté,,,,,,,,,,,1,2,1,1,3
200800052565,0008-09-02 16:15:00,8,9,2,16,15,60,88,"58, PASTEUR (BD)",,,Plein jour,En agglomération,Hors intersection,Normale,Deux véhicules - côté,,,,,,,,,,,1,2,1,1,3
200800052566,0008-09-03 10:10:00,8,9,3,10,10,60,88,"0, SLAMA (RUE MAURICE)",,,Plein jour,En agglomération,Hors intersection,Normale,Deux véhicules - arrière,,,,,,,,,,,1,2,1,1,2
200800052567,0008-09-03 10:30:00,8,9,3,10,30,60,88,"27, FABRON (AV. DE) (JUS",,,Plein jour,En agglomération,Intersection en T,Normale,Deux véhicules - côté,,,,,,,,,,,1,2,3,1,3
200800052568,0008-09-03 18:30:00,8,9,3,18,30,60,88,"109, ETATS UNIS (QUAI DE",,,Plein jour,En agglomération,Hors intersection,Normale,Autre collision,,,,,,,,,,,1,2,1,1,6
200800052569,0008-09-04 11:20:00,8,9,4,11,20,60,88,"121, GAMBETTA (A PARTIR",,,Plein jour,En agglomération,Hors intersection,Normale,Autre collision,,,,,,,,,,,1,2,1,1,6
200800052570,0008-09-05 07:40:00,8,9,5,7,40,60,88,"0, BISCHOFFSHEIM (BD)",,,Plein jour,En agglomération,Hors intersection,Normale,Autre collision,,,,,,,,,,,1,2,1,1,6
200800052571,0008-09-05 07:50:00,8,9,5,7,50,60,88,"234, GRENOBLE (ROUTE DE)",,,Plein jour,En agglomération,Hors intersection,Normale,Autre collision,,,,,,,,,,,1,2,1,1,6
200800052572,0008-09-05 08:45:00,8,9,5,8,45,60,88,"0, ARMEE DES ALPES (BD D",,,Plein jour,En agglomération,Intersection en T,Normale,Deux véhicules - côté,,,,,,,,,,,1,2,3,1,3
200800052573,0008-09-05 11:25:00,8,9,5,11,25,60,88,"96, CANTA GALET (RTE DE)",,,Plein jour,En agglomération,Hors intersection,Normale,Deux véhicules - côté,,,,,,,,,,,1,2,1,1,3
200800052574,0008-09-05 11:26:00,8,9,5,11,26,60,88,"0, GRENOBLE (ROUTE DE)",,,Plein jour,En agglomération,Hors intersection,Normale,Deux véhicules - côté,,,,,,,,,,,1,2,1,1,3