accident_id,datetime,annee,mois,jour,heure,minute,departement,commune_insee,adresse,latitude,longitude,luminosite,agglomeration,intersection,meteo,collision,nb_vehicules,nb_usagers,nb_indemnes,nb_tues,nb_blesses_hosp,nb_blesses_legers,age_cond_1,age_cond_2,veh_type_cond_1,veh_type_cond_2,lum_code,agg_code,int_code,atm_code,col_code
200800052841,0008-09-02 19:00:00,8,9,2,19,0,130,55,"36, JEAN MOULIN (BOULEVA",,,Plein jour,En agglomération,Hors intersection,Normale,Deux véhicules - côté,,,,,,,,,,,1,2,1,1,3
200800052842,0008-09-07 14:00:00,8,9,7,14,0,130,55,"02, FERRARI (RUE)",,,Plein jour,En agglomération,Hors intersection,Normale,Deux véhicules - côté,,,,,,,,,,,1,2,1,1,3
200800052843,0008-09-08 22:40:00,8,9,8,22,40,130,55,"13, ABBÉ FERAUD (RUE)",,,Nuit avec éclairage allumé,En agglomération,Intersection en X,Normale,Deux véhicules - côté,,,,,,,,,,,5,2,2,1,3
200800052844,0008-09-17 23:50:00,8,9,17,23,50,130,55,"05, SAKAKINI (BOULEVARD)",,,Nuit avec éclairage allumé,En agglomération,Intersection en X,Normale,Deux véhicules - côté,,,,,,,,,,,5,2,2,1,3
200800052845,0008-09-12 17:25:00,8,9,12,17,25,130,55,"42, MICHELET (BOULEVARD)",,,Plein jour,En agglomération,Hors intersection,Normale,Autre collision,,,,,,,,,,,1,2,1,1,6
200800052846,0008-09-13 13:15:00,8,9,13,13,15,130,55,"44, GOUFFE (COURS)",,,Plein jour,En agglomération,Hors intersection,Normale,Deux véhicules - arrière,,,,,,,,,,,1,2,1,1,2
200800052847,0008-09-19 17:50:00,8,9,19,17,50,130,55,"25, DIEUDE (RUE)",,,Plein jour,En agglomération,Hors intersection,Normale,Autre collision,,,,,,,,,,,1,2,1,1,6
200800052848,0008-09-10 21:15:00,8,9,10,21,15,130,55,BRETEUIL (RUE)  1 A 17,,,Nuit avec éclairage allumé,En agglomération,Intersection en X,Normale,Deux véhicules - arrière,,,,,,,,,,,5,2,2,1,2
200800052849,0008-09-14 15:30:00,8,9,14,15,30,130,55,"70, PARADIS (RUE)",,,Plein jour,En agglomération,Intersection en X,Normale,Autre collision,,,,,,,,,,,1,2,2,1,6
200800052850,0008-09-07 23:00:00,8,9,7,23,0,130,55,"140, ROGER SALENGRO (AVE",,,Nuit avec éclairage allumé,En agglomération,Intersection en X,Normale,Deux véhicules - côté,,,,,,,,,,,5,2,2,1,3
200800052851,0008-09-02 12:30:00,8,9,2,12,30,130,55,"36, CHARLES LIVON (BOULE",,,Plein jour,En agglomération,Autre intersection,Normale,Deux véhicules - côté,,,,,,,,,,,1,2,9,1,3
200800052852,0008-09-22 20:15:00,8,9,22,20,15,130,55,"138, CORNICHE KENNEDY",,,Nuit sans éclairage public,Hors agglomération,Hors intersection,Normale,Sans collision,,,,,,,,,,,3,1,1,1,7
200800052853,0008-09-18 15:45:00,8,9,18,15,45,130,55,"24, FORT NOTRE DAME (RUE",,,Plein jour,En agglomération,Intersection en X,Normale,Deux véhicules - côté,,,,,,,,,,,1,2,2,1,3
200800052854,0008-09-09 07:10:00,8,9,9,7,10,130,55,"280, CHAVE (BOULEVARD)",,,Plein jour,En agglomération,Hors intersection,Normale,Sans collision,,,,,,,,,,,1,2,1,1,7
200800052855,0008-09-08 17:45:00,8,9,8,17,45,130,55,"134, FRANCOISE DUPARC (B",,,Plein jour,En agglomération,Hors intersection,Normale,Deux véhicules - arrière,,,,,,,,,,,1,2,1,1,2
200800052856,0008-09-06 09:40:00,8,9,6,9,40,130,55,"12, JEAN MOULIN (BOULEVA",,,Plein jour,En agglomération,Hors intersection,Normale,Autre collision,,,,,,,,,,,1,2,1,1,6
200800052857,0008-09-16 15:00:00,8,9,16,15,0,130,55,"6, BAILLE (BOULEVARD)",,,Plein jour,En agglomération,Hors intersection,Normale,Autre collision,,,,,,,,,,,1,2,1,1,6
200800052858,0008-09-09 11:45:00,8,9,9,11,45,130,55,"9, BELGES (QUAI DES)",,,Plein jour,En agglomération,Intersection en X,Normale,Sans collision,,,,,,,,,,,1,2,2,1,7
200800052859,0008-09-05 14:30:00,8,9,5,14,30,130,55,"153, CONSOLAT (RUE)",,,Plein jour,En agglomération,Intersection en X,Normale,Autre collision,,,,,,,,,,,1,2,2,1,6
200800052860,0008-09-18 03:20:00,8,9,18,3,20,130,55,"04, DOCTEUR ESCAT (RUE)",,,Nuit avec éclairage allumé,En agglomération,Intersection en X,Normale,Deux véhicules - côté,,,,,,,,,,,5,2,2,1,3
200800052861,0008-09-26 16:15:00,8,9,26,16,15,130,55,"58, JONQUILLES (CHEMIN D",,,Plein jour,En agglomération,Hors intersection,Normale,Deux véhicules - côté,,,,,,,,,,,1,2,1,1,3
200800052862,0008-09-01 15:25:00,8,9,1,15,25,130,55,"49, ALBERT EINSTEIN (RUE",,,Plein jour,En agglomération,Hors intersection,Normale,Deux véhicules - arrière,,,,,,,,,,,1,2,1,1,2
200800052863,0008-09-17 08:00:00,8,9,17,8,0,130,55,"263, ALBERT EINSTEIN (RU",,,Plein jour,En agglomération,Autre intersection,Normale,Deux véhicules - côté,,,,,,,,,,,1,2,9,1,3
200800052864,0008-09-20 15:20:00,8,9,20,15,20,130,55,"03, MARCEL DELPRAT (AVEN",,,Plein jour,En agglomération,Intersection en X,Normale,Deux véhicules - frontale,,,,,,,,,,,1,2,2,1,1
200800052865,0008-09-17 18:15:00,8,9,17,18,15,130,55,"19, MORETTI (BOULEVARD)",,,Plein jour,En agglomération,Hors intersection,Normale,Deux véhicules - côté,,,,,,,,,,,1,2,1,1,3
200800052866,0008-09-10 06:50:00,8,9,10,6,50,130,55,"3, ARNAVON (AVENUE)",,,Crépuscule ou aube,En agglomération,Hors intersection,Normale,Deux véhicules - côté,,,,,,,,,,,2,2,1,1,3
200800052867,0008-09-25 16:40:00,8,9,25,16,40,130,55,"05, SAINT MARCEL (BOULEV",,,Plein jour,En agglomération,Hors intersection,Normale,Autre collision,,,,,,,,,,,1,2,1,1,6
200800052868,0008-09-19 22:00:00,8,9,19,22,0,130,55,"09, ARENC (QUAI D')",,,Nuit avec éclairage allumé,En agglomération,Intersection en X,Normale,Deux véhicules - côté,,,,,,,,,,,5,2,2,1,3
200800052869,0008-09-17 18:46:00,8,9,17,18,46,130,55,"189, COLGATE (TRAVERSE)",,,Plein jour,En agglomération,Autre intersection,Normale,Autre collision,,,,,,,,,,,1,2,9,1,6
200800052870,0008-09-20 19:31:00,8,9,20,19,31,130,55,"338, POILUS (AVENUE DES)",,,Plein jour,En agglomération,Hors intersection,Normale,Deux véhicules - arrière,,,,,,,,,,,1,2,1,1,2
200800052871,0008-09-25 14:00:00,8,9,25,14,0,130,55,"19, CHATEAU GOMBERT (AVE",,,Plein jour,En agglomération,Hors intersection,Normale,Deux véhicules - côté,,,,,,,,,,,1,2,1,1,3
200800052872,0008-09-19 11:00:00,8,9,19,11,0,130,55,"17, REPUBLIQUE (RUE DE L",,,Plein jour,En agglomération,Hors intersection,Normale,Autre collision,,,,,,,,,,,1,2,1,1,6
200800052873,0008-09-19 18:40:00,8,9,19,18,40,130,55,"49, MORETTI (BOULEVARD)",,,Plein jour,En agglomération,Hors intersection,Normale,Deux véhicules - côté,,,,,,,,,,,1,2,1,1,3
200800052874,0008-09-19 09:05:00,8,9,19,9,5,130,55,"22, DAMES (BOULEVARD DES",,,Plein jour,En agglomération,Hors intersection,Normale,Deux véhicules - côté,,,,,,,,,,,1,2,1,1,3
200800052875,0008-09-26 14:27:00,8,9,26,14,27,130,55,"155, SAINT ANTOINE (AVEN",,,Plein jour,En agglomération,Hors intersection,Normale,Trois véhicules et plus - collisions multiples,,,,,,,,,,,1,2,1,1,5
200800052876,0008-09-17 22:25:00,8,9,17,22,25,130,55,"14, SALVADOR ALLENDE (RU",,,Nuit avec éclairage allumé,En agglomération,Hors intersection,Normale,Deux véhicules - côté,,,,,,,,,,,5,2,1,1,3
200800052877,0008-09-22 14:30:00,8,9,22,14,30,130,55,"385, NATIONAL (BOULEVARD",,,Plein jour,En agglomération,Hors intersection,Normale,Autre collision,,,,,,,,,,,1,2,1,1,6
200800052878,0008-09-29 06:30:00,8,9,29,6,30,130,55,"171, RABATAU (BOULEVARD)",,,Nuit avec éclairage allumé,En agglomération,Intersection en X,Normale,Deux véhicules - côté,,,,,,,,,,,5,2,2,1,3
200800052879,0008-09-29 18:14:00,8,9,29,18,14,130,55,"8, MARÉCHAL FOCH (AVENUE",,,Plein jour,En agglomération,Hors intersection,Normale,Autre collision,,,,,,,,,,,1,2,1,1,6
200800052880,0008-09-27 21:00:00,8,9,27,21,0,130,55,"32, CRIMEE (RUE DE)",,,Nuit avec éclairage allumé,En agglomération,Hors intersection,Normale,Deux véhicules - arrière,,,,,,,,,,,5,2,1,1,2
200800052881,0008-09-27 05:20:00,8,9,27,5,20,130,55,"204, MADRAGUE VILLE (RUE",,,Nuit avec éclairage allumé,En agglomération,Hors intersection,Normale,Autre collision,,,,,,,,,,,5,2,1,1,6
200800052882,0008-09-16 15:45:00,8,9,16,15,45,130,55,"12, OLIVES (AVENUE DES)",,,Plein jour,En agglomération,Hors intersection,Normale,Deux véhicules - arrière,,,,,,,,,,,1,2,1,1,2
200800052883,0008-09-04 20:30:00,8,9,4,20,30,130,55,MICHELET (BOULEVARD),,,Nuit avec éclairage allumé,En agglomération,Hors intersection,Normale,Autre collision,,,,,,,,,,,5,2,1,1,6
200800052884,0008-09-25 23:15:00,8,9,25,23,15,130,55,MENDES FRANCE (AVENUE),,,Nuit avec éclairage allumé,En agglomération,Hors intersection,Normale,Trois véhicules et plus - en chaîne,,,,,,,,,,,5,2,1,1,4
200800052885,0008-09-23 18:00:00,8,9,23,18,0,130,55,"69, ROME (RUE DE)",,,Plein jour,En agglomération,Intersection en T,Normale,Deux véhicules - côté,,,,,,,,,,,1,2,3,1,3
200800052886,0008-09-15 17:20:00,8,9,15,17,20,130,55,ROME (RUE DE)        2 A,,,Plein jour,En agglomération,Intersection en X,Normale,Deux véhicules - côté,,,,,,,,,,,1,2,2,1,3
200800052887,0008-09-25 18:10:00,8,9,25,18,10,130,55,"13, MONTRICHIER (BOULEVA",,,Plein jour,En agglomération,Hors intersection,Normale,Deux véhicules - côté,,,,,,,,,,,1,2,1,1,3
200800052888,0008-09-29 17:00:00,8,9,29,17,0,130,55,"10, VACON (RUE)      1 A",,,Plein jour,En agglomération,Hors intersection,Normale,Autre collision,,,,,,,,,,,1,2,1,1,6
200800052889,0008-09-26 17:50:00,8,9,26,17,50,130,55,"327, CORNICHE KENNEDY",,,Plein jour,En agglomération,Hors intersection,Pluie forte,Trois véhicules et plus - en chaîne,,,,,,,,,,,1,2,1,3,4
200800052890,0008-09-23 11:25:00,8,9,23,11,25,130,55,"149, RABATAU (BOULEVARD)",,,Plein jour,En agglomération,Hors intersection,Normale,Deux véhicules - côté,,,,,,,,,,,1,2,1,1,3
200800052891,0008-09-17 16:20:00,8,9,17,16,20,130,55,"287, SAINT PIERRE (RUE)",,,Plein jour,En agglomération,Hors intersection,Normale,Deux véhicules - côté,,,,,,,,,,,1,2,1,1,3
200800052892,0008-09-01 08:10:00,8,9,1,8,10,130,55,"1, DUGOMMIER (BOULEVARD)",,,Plein jour,En agglomération,Hors intersection,Normale,Sans collision,,,,,,,,,,,1,2,1,1,7
200800052893,0008-09-18 17:30:00,8,9,18,17,30,130,55,"169, SAINT MARCEL (BOULE",,,Plein jour,En agglomération,Hors intersection,Normale,Trois véhicules et plus - collisions multiples,,,,,,,,,,,1,2,1,1,5
200800052894,0008-09-11 21:30:00,8,9,11,21,30,130,55,"54, RIMAS (RUE DES)",,,Nuit avec éclairage allumé,En agglomération,Hors intersection,Normale,Autre collision,,,,,,,,,,,5,2,1,1,6
200800052895,0008-09-28 15:25:00,8,9,28,15,25,130,55,"111, ROMAIN ROLLAND (BOU",,,Plein jour,En agglomération,Hors intersection,Normale,Deux véhicules - arrière,,,,,,,,,,,1,2,1,1,2
200800052896,0008-09-28 19:40:00,8,9,28,19,40,130,55,"72, PONT DE VIVAUX (BOUL",,,Nuit avec éclairage allumé,En agglomération,Hors intersection,Normale,Autre collision,,,,,,,,,,,5,2,1,1,6
200800052897,0008-09-20 02:15:00,8,9,20,2,15,130,55,"189, ROMAIN ROLLAND (BOU",,,Nuit avec éclairage allumé,En agglomération,Intersection en X,Normale,Autre collision,,,,,,,,,,,5,2,2,1,6
200800052898,0008-09-08 16:45:00,8,9,8,16,45,130,55,"16, JEAN BOUIN (AVENUE)",,,Plein jour,En agglomération,Hors intersection,Normale,Trois véhicules et plus - collisions multiples,,,,,,,,,,,1,2,1,1,5
200800052899,0008-09-25 07:50:00,8,9,25,7,50,130,55,"232, SAINTE MARGUERITE (",,,Plein jour,En agglomération,Hors intersection,Normale,Deux véhicules - arrière,,,,,,,,,,,1,2,1,1,2
200800052900,0008-09-10 11:20:00,8,9,10,11,20,130,55,"02, MICHELET (BOULEVARD)",,,Plein jour,En agglomération,Hors intersection,Normale,Autre collision,,,,,,,,,,,1,2,1,1,6
200800052901,0008-09-09 15:40:00,8,9,9,15,40,130,55,"59, RABATAU (BOULEVARD)",,,Plein jour,En agglomération,Hors intersection,Normale,Deux véhicules - arrière,,,,,,,,,,,1,2,1,1,2
200800052902,0008-09-19 18:10:00,8,9,19,18,10,130,55,"59, CAPELETTE (AVENUE DE",,,Plein jour,En agglomération,Hors intersection,Normale,Autre collision,,,,,,,,,,,1,2,1,1,6
200800052903,0008-09-25 14:35:00,8,9,25,14,35,130,55,"444, PARADIS (RUE)",,,Plein jour,En agglomération,Hors intersection,Normale,Autre collision,,,,,,,,,,,1,2,1,1,6
200800052904,0008-09-18 07:20:00,8,9,18,7,20,130,55,"123, ROMAIN ROLLAND (BOU",,,Plein jour,En agglomération,Hors intersection,Normale,Deux véhicules - frontale,,,,,,,,,,,1,2,1,1,1
200800052905,0008-09-16 07:30:00,8,9,16,7,30,130,55,"322, PIERRE DOIZE  (RUE)",,,Plein jour,En agglomération,Hors intersection,Normale,Deux véhicules - côté,,,,,,,,,,,1,2,1,1,3
200800052906,0008-09-26 16:40:00,8,9,26,16,40,130,55,"4, VITON (AVENUE)",,,Plein jour,En agglomération,Hors intersection,Normale,Deux véhicules - arrière,,,,,,,,,,,1,2,1,1,2
200800052907,0008-09-22 19:00:00,8,9,22,19,0,130,55,"96, SAINT LOUP (BOULEVAR",,,Nuit avec éclairage allumé,En agglomération,Hors intersection,Normale,Deux véhicules - côté,,,,,,,,,,,5,2,1,1,3
200800052908,0008-09-24 09:30:00,8,9,24,9,30,130,55,"73, MARÉCHAL DE LATTRE (",,,Plein jour,En agglomération,Hors intersection,Normale,Sans collision,,,,,,,,,,,1,2,1,1,7
200800052909,0008-09-22 22:00:00,8,9,22,22,0,130,55,"123, VERDILLON (RUE)",,,Nuit avec éclairage allumé,En agglomération,Hors intersection,Normale,Trois véhicules et plus - collisions multiples,,,,,,,,,,,5,2,1,1,5
200800052910,0008-09-29 15:05:00,8,9,29,15,5,130,55,"84, SAINT MARCEL (BOULEV",,,Plein jour,En agglomération,Hors intersection,Normale,Deux véhicules - côté,,,,,,,,,,,1,2,1,1,3
200800052911,0008-09-13 17:50:00,8,9,13,17,50,130,55,"34, LOUBON (RUE)",,,Plein jour,En agglomération,Hors intersection,Pluie légère,Deux véhicules - frontale,,,,,,,,,,,1,2,1,2,1
200800052912,0008-09-12 13:00:00,8,9,12,13,0,130,2,"44, BELLONS (CHEMIN DES)",,,Plein jour,En agglomération,Hors intersection,Normale,Deux véhicules - frontale,,,,,,,,,,,1,2,1,1,1
200800052913,0008-09-14 01:00:00,8,9,14,1,0,130,2,ETIENNE CUCCA-CD908 (AVE,,,Nuit sans éclairage public,Hors agglomération,Hors intersection,Normale,Deux véhicules - côté,,,,,,,,,,,3,1,1,1,3
200800052914,0008-09-30 13:30:00,8,9,30,13,30,130,55,"110, MADRAGUE VILLE (RUE",,,Plein jour,En agglomération,Hors intersection,Normale,Deux véhicules - côté,,,,,,,,,,,1,2,1,1,3
200800052915,0008-09-29 13:45:00,8,9,29,13,45,130,55,"198, ROSE (AVENUE DE LA)",,,Plein jour,En agglomération,Hors intersection,Normale,Deux véhicules - arrière,,,,,,,,,,,1,2,1,1,2
200800052916,0008-09-26 14:20:00,8,9,26,14,20,130,55,"4, MARÉCHAL JUIN (BOULEV",,,Plein jour,En agglomération,Hors intersection,Pluie légère,Autre collision,,,,,,,,,,,1,2,1,2,6
200800052917,0008-09-21 18:00:00,8,9,21,18,0,130,55,LÉON LACHAMP (ROUTE),,,Plein jour,En agglomération,Hors intersection,Normale,Deux véhicules - côté,,,,,,,,,,,1,2,1,1,3
200800052918,0008-09-26 20:15:00,8,9,26,20,15,130,55,"49/51, ERNEST GASQUY (RU",,,Nuit avec éclairage allumé,En agglomération,Hors intersection,Normale,Autre collision,,,,,,,,,,,5,2,1,1,6
200800052919,0008-09-10 09:15:00,8,9,10,9,15,130,55,"110, CAMAS (RUE DU)",,,Plein jour,En agglomération,Hors intersection,Normale,Autre collision,,,,,,,,,,,1,2,1,1,6
200800052920,0008-09-25 07:20:00,8,9,25,7,20,130,55,"26, GEORGE (RUE)",,,Crépuscule ou aube,En agglomération,Intersection en T,Normale,Autre collision,,,,,,,,,,,2,2,3,1,6
200800052921,0008-09-11 14:50:00,8,9,11,14,50,130,55,"16, LÉON GAMBETTA (ALLEE",,,Plein jour,En agglomération,Hors intersection,Normale,Deux véhicules - frontale,,,,,,,,,,,1,2,1,1,1
200800052922,0008-09-22 18:30:00,8,9,22,18,30,130,55,"98, JEAN LOMBARD (AVENUE",,,Plein jour,En agglomération,Hors intersection,Normale,Deux véhicules - côté,,,,,,,,,,,1,2,1,1,3
200800052923,0008-09-23 13:00:00,8,9,23,13,0,130,55,"69, SAINT SAVOURNIN (RUE",,,Plein jour,En agglomération,Hors intersection,Normale,Autre collision,,,,,,,,,,,1,2,1,1,6
200800052924,0008-09-22 17:45:00,8,9,22,17,45,130,55,"01, ORGUES (RUE DES)",,,Plein jour,En agglomération,Hors intersection,Normale,Autre collision,,,,,,,,,,,1,2,1,1,6
200800052925,0008-09-17 13:00:00,8,9,17,13,0,130,55,"124, SAINT LOUP (BOULEVA",,,Plein jour,En agglomération,Hors intersection,Normale,Trois véhicules et plus - collisions multiples,,,,,,,,,,,1,2,1,1,5
200800052926,0008-09-27 11:40:00,8,9,27,11,40,130,55,"10, PLATANES CO (BOULEVA",,,Plein jour,En agglomération,Intersection en T,Normale,Deux véhicules - côté,,,,,,,,,,,1,2,3,1,3
200800052927,0008-09-16 08:30:00,8,9,16,8,30,130,75,"140, FRÉDÉRIC CHEVILLON",,,Plein jour,En agglomération,Intersection en X,Normale,Autre collision,,,,,,,,,,,1,2,2,1,6
200800052928,0008-09-22 08:30:00,8,9,22,8,30,130,55,"56, NOTRE DAME (BOULEVAR",,,Plein jour,En agglomération,Intersection en T,Normale,Deux véhicules - côté,,,,,,,,,,,1,2,3,1,3
200800052929,0008-09-20 16:30:00,8,9,20,16,30,130,2,"1, GÉNÉRAL DE GAULLE (AV",,,Plein jour,En agglomération,Hors intersection,Normale,Sans collision,,,,,,,,,,,1,2,1,1,7
200800052930,0008-09-16 11:50:00,8,9,16,11,50,130,55,LOUIS MAZAUDIER (RUE),,,Plein jour,En agglomération,Intersection en X,Normale,Deux véhicules - côté,,,,,,,,,,,1,2,2,1,3
200800052931,0008-09-28 10:15:00,8,9,28,10,15,130,2,"13, ETIENNE CUCCA-CD908",,,Plein jour,Hors agglomération,Hors intersection,Normale,Deux véhicules - arrière,,,,,,,,,,,1,1,1,1,2
200800052932,0008-09-13 11:30:00,8,9,13,11,30,130,55,"26, MICHELET (BOULEVARD)",,,Plein jour,En agglomération,Autre intersection,Normale,Deux véhicules - côté,,,,,,,,,,,1,2,9,1,3
200800052933,0008-09-12 15:25:00,8,9,12,15,25,130,55,"410, TOULON (AVENUE DE)",,,Plein jour,En agglomération,Giratoire,Normale,Deux véhicules - côté,,,,,,,,,,,1,2,6,1,3
200800052934,0008-09-10 20:30:00,8,9,10,20,30,130,55,"25, POMPIDOU (PROMENADE)",,,Nuit avec éclairage allumé,En agglomération,Hors intersection,Normale,Deux véhicules - arrière,,,,,,,,,,,5,2,1,1,2
200800052935,0008-09-11 00:01:00,8,9,11,0,1,130,55,"11, ROUGUIERE (ALLÉE DE",,,Nuit avec éclairage allumé,En agglomération,Hors intersection,Normale,Autre collision,,,,,,,,,,,5,2,1,1,6
200800052936,0008-09-25 11:30:00,8,9,25,11,30,130,55,"2, RABATAU (BOULEVARD)",,,Plein jour,En agglomération,Hors intersection,Normale,Deux véhicules - arrière,,,,,,,,,,,1,2,1,1,2
200800052937,0008-09-08 11:00:00,8,9,8,11,0,130,55,"124, HAMBOURG (BOULEVARD",,,Plein jour,En agglomération,Autre intersection,Normale,Deux véhicules - côté,,,,,,,,,,,1,2,9,1,3
200800052938,0008-09-16 09:00:00,8,9,16,9,0,130,55,"8, JOURNET (AVENUE)",,,Plein jour,En agglomération,Hors intersection,Normale,Deux véhicules - côté,,,,,,,,,,,1,2,1,1,3
200800052939,0008-09-30 15:25:00,8,9,30,15,25,130,55,"10, DUGOMMIER (BOULEVARD",,,Plein jour,En agglomération,Hors intersection,Normale,Autre collision,,,,,,,,,,,1,2,1,1,6
200800052940,0008-09-13 07:45:00,8,9,13,7,45,130,55,"87, PARADIS (RUE)",,,Plein jour,En agglomération,Hors intersection,Normale,Sans collision,,,,,,,,,,,1,2,1,1,7
200800052941,0008-09-26 23:25:00,8,9,26,23,25,130,55,"89, LODI (RUE DE)",,,Nuit avec éclairage allumé,En agglomération,Intersection en T,Normale,Deux véhicules - frontale,,,,,,,,,,,5,2,3,1,1
200800052942,0008-09-20 17:15:00,8,9,20,17,15,130,55,"09, FLAMMARION (BOULEVAR",,,Plein jour,En agglomération,Place,Normale,Autre collision,,,,,,,,,,,1,2,7,1,6
200800052943,0008-09-19 15:50:00,8,9,19,15,50,130,55,"15, BAIGNOIR (RUE DU)",,,Plein jour,En agglomération,Hors intersection,Normale,Autre collision,,,,,,,,,,,1,2,1,1,6
200800052944,0008-09-16 13:40:00,8,9,16,13,40,130,55,"5, ARNAVON (AVENUE)",,,Plein jour,En agglomération,Hors intersection,Normale,Deux véhicules - arrière,,,,,,,,,,,1,2,1,1,2
200800052945,0008-09-28 19:45:00,8,9,28,19,45,130,55,"151, DANIEL CASANOVA (BO",,,Nuit avec éclairage allumé,En agglomération,Hors intersection,Normale,Deux véhicules - côté,,,,,,,,,,,5,2,1,1,3
200800052946,0008-09-18 22:20:00,8,9,18,22,20,130,55,"47, RIVE NEUVE (QUAI)",,,Nuit avec éclairage allumé,En agglomération,Hors intersection,Pluie légère,Deux véhicules - côté,,,,,,,,,,,5,2,1,2,3
200800052947,0008-09-18 13:20:00,8,9,18,13,20,130,55,"125, MADRAGUE VILLE (CHE",,,Plein jour,En agglomération,Intersection en T,Normale,Deux véhicules - côté,,,,,,,,,,,1,2,3,1,3
200800052948,0008-09-18 13:50:00,8,9,18,13,50,130,55,"120, CHARLES SUSINI (TRA",,,Plein jour,En agglomération,Hors intersection,Normale,Autre collision,,,,,,,,,,,1,2,1,1,6
200800052949,0008-09-24 11:15:00,8,9,24,11,15,130,55,"29, POMPIDOU (PROMENADE)",,,Plein jour,En agglomération,Hors intersection,Normale,Deux véhicules - côté,,,,,,,,,,,1,2,1,1,3
200800052950,0008-09-18 07:50:00,8,9,18,7,50,130,55,"548, POMME (BOULEVARD DE",,,Plein jour,En agglomération,Hors intersection,Normale,Deux véhicules - côté,,,,,,,,,,,1,2,1,1,3
200800052951,0008-09-12 15:00:00,8,9,12,15,0,130,55,"13, FRANCOISE DUPARC (BO",,,Plein jour,En agglomération,Hors intersection,Normale,Autre collision,,,,,,,,,,,1,2,1,1,6
200800052952,0008-09-18 12:00:00,8,9,18,12,0,130,55,"429, PARADIS (RUE)",,,Plein jour,En agglomération,Autre intersection,Normale,Deux véhicules - côté,,,,,,,,,,,1,2,9,1,3
200800052953,0008-09-24 14:30:00,8,9,24,14,30,130,55,"68, PRADO (AVENUE DU)",,,Plein jour,En agglomération,Hors intersection,Pluie légère,Deux véhicules - côté,,,,,,,,,,,1,2,1,2,3
200800052954,0008-09-22 14:15:00,8,9,22,14,15,130,55,"71, ROGER BRUN (RUE)",,,Plein jour,En agglomération,Hors intersection,Normale,Autre collision,,,,,,,,,,,1,2,1,1,6
200800052955,0008-09-01 19:00:00,8,9,1,19,0,130,55,"36, MICHELET (BOULEVARD)",,,Crépuscule ou aube,En agglomération,Hors intersection,Normale,Deux véhicules - côté,,,,,,,,,,,2,2,1,1,3
200800052956,0008-09-15 07:35:00,8,9,15,7,35,130,55,"17, AVIATEUR LE BRIX (RU",,,Crépuscule ou aube,En agglomération,Hors intersection,Normale,Sans collision,,,,,,,,,,,2,2,1,1,7
200800052957,0008-09-26 13:55:00,8,9,26,13,55,130,55,"242, ROMAIN ROLLAND (BOU",,,Plein jour,En agglomération,Intersection en X,Normale,Deux véhicules - côté,,,,,,,,,,,1,2,2,1,3
200800052958,0008-09-12 06:30:00,8,9,12,6,30,130,55,"150, PAUL CLAUDEL (BOULE",,,Nuit avec éclairage allumé,En agglomération,Hors intersection,Temps couvert,Deux véhicules - arrière,,,,,,,,,,,5,2,1,8,2
200800052959,0008-09-04 13:10:00,8,9,4,13,10,130,39,ROUTE NATIONALE 569,,,Plein jour,Hors agglomération,Hors intersection,Normale,Deux véhicules - frontale,,,,,,,,,,,1,1,1,1,1
200800052960,0008-09-04 17:30:00,8,9,4,17,30,130,56,VENTRONS,,,Plein jour,Hors agglomération,Hors intersection,Normale,Deux véhicules - côté,,,,,,,,,,,1,1,1,1,3
200800052961,0008-09-05 08:50:00,8,9,5,8,50,130,56,FOURNIER BOULEVARD HELEN,,,Plein jour,En agglomération,Intersection en T,Normale,Deux véhicules - côté,,,,,,,,,,,1,2,3,1,3
200800052962,0008-09-12 10:20:00,8,9,12,10,20,130,26,LAGRANGE (rue Léo),,,Plein jour,En agglomération,Hors intersection,Normale,Sans collision,,,,,,,,,,,1,2,1,1,7
200800052963,0008-09-17 15:45:00,8,9,17,15,45,130,77,CHOPIN FREDERIC (bld),,,Plein jour,En agglomération,Hors intersection,Normale,Deux véhicules - frontale,,,,,,,,,,,1,2,1,1,1
200800052964,0008-09-18 18:25:00,8,9,18,18,25,130,56,LECLERC QUAI GENERAL CHA,,,Plein jour,En agglomération,Hors intersection,Normale,Deux véhicules - arrière,,,,,,,,,,,1,2,1,1,2
200800052965,0008-09-15 09:50:00,8,9,15,9,50,130,56,TURCAN FRANCIS,,,Plein jour,En agglomération,Hors intersection,Normale,Trois véhicules et plus - en chaîne,,,,,,,,,,,1,2,1,1,4
200800052966,0008-09-30 11:55:00,8,9,30,11,55,130,78,"23, PORT (AVENUE DU)",,,Plein jour,En agglomération,Hors intersection,Normale,Autre collision,,,,,,,,,,,1,2,1,1,6
200800052967,0008-09-16 17:20:00,8,9,16,17,20,130,103,BOULEVARD DE GLANUM,,,Plein jour,En agglomération,Hors intersection,Normale,Deux véhicules - arrière,,,,,,,,,,,1,2,1,1,2
200800052968,0008-09-18 19:30:00,8,9,18,19,30,130,103,"311,  BOULEVARD LEDRU RO",,,Crépuscule ou aube,En agglomération,Hors intersection,Normale,Deux véhicules - côté,,,,,,,,,,,2,2,1,1,3
200800052969,0008-09-23 15:10:00,8,9,23,15,10,130,103,"398, RTE DE GRANS-RD 16",,,Plein jour,Hors agglomération,Hors intersection,Normale,Deux véhicules - frontale,,,,,,,,,,,1,1,1,1,1
200800052970,0008-09-10 19:00:00,8,9,10,19,0,130,108,RD 970 ROUTE D ARLES ),,,Plein jour,Hors agglomération,Hors intersection,Normale,Autre collision,,,,,,,,,,,1,1,1,1,6
200800052971,0008-09-21 18:43:00,8,9,21,18,43,130,108,MARGUARIDO (AVENUE),,,Plein jour,En agglomération,Intersection en X,Normale,Deux véhicules - côté,,,,,,,,,,,1,2,2,1,3