accident_id,datetime,annee,mois,jour,heure,minute,departement,commune_insee,adresse,latitude,longitude,luminosite,agglomeration,intersection,meteo,collision,nb_vehicules,nb_usagers,nb_indemnes,nb_tues,nb_blesses_hosp,nb_blesses_legers,age_cond_1,age_cond_2,veh_type_cond_1,veh_type_cond_2,lum_code,agg_code,int_code,atm_code,col_code
200800052972,0008-09-30 17:10:00,8,9,30,17,10,130,108,ARLES (PETITE ROUTE D AR,,,Plein jour,Hors agglomération,Intersection en X,Normale,Sans collision,,,,,,,,,,,1,1,2,1,7
200800052973,0008-09-28 11:45:00,8,9,28,11,45,130,108,"185, RD 570 ROUTE D'AVIG",,,Plein jour,En agglomération,Hors intersection,Normale,Deux véhicules - côté,,,,,,,,,,,1,2,1,1,3
200800052974,0008-09-03 22:45:00,8,9,3,22,45,130,117,"xxx, ANGLAIS (CHEMIN DE",,,Nuit avec éclairage allumé,En agglomération,Intersection en X,Normale,Deux véhicules - côté,,,,,,,,,,,5,2,2,1,3
200800052975,0008-09-03 13:25:00,8,9,3,13,25,130,117,CHEMIN DEPARTEMENTAL 20,,,Plein jour,Hors agglomération,Hors intersection,Normale,Deux véhicules - arrière,,,,,,,,,,,1,1,1,1,2
200800052976,0008-09-06 12:30:00,8,9,6,12,30,130,117,"xxx, ROUTE NATIONALE 113",,,Plein jour,En agglomération,Intersection en T,Normale,Deux véhicules - arrière,,,,,,,,,,,1,2,3,1,2
200800052977,0008-09-11 09:00:00,8,9,11,9,0,130,71,"xxx, VELODROME (CD06)",,,Plein jour,Hors agglomération,Hors intersection,Normale,Sans collision,,,,,,,,,,,1,1,1,1,7
200800052978,0008-09-11 16:30:00,8,9,11,16,30,130,117,"X, RABIN ( AVENUE YITZHA",,,Plein jour,En agglomération,Hors intersection,Normale,Autre collision,,,,,,,,,,,1,2,1,1,6
200800052979,0008-09-11 18:00:00,8,9,11,18,0,130,117,"xxx, ROUTE NATIONALE 113",,,Plein jour,En agglomération,Hors intersection,Normale,Trois véhicules et plus - en chaîne,,,,,,,,,,,1,2,1,1,4
200800052980,0008-09-12 17:00:00,8,9,12,17,0,130,117,"X, GLACIERE ( RUE DE LA",,,Plein jour,En agglomération,Intersection en X,Normale,Deux véhicules - côté,,,,,,,,,,,1,2,2,1,3
200800052981,0008-09-16 05:30:00,8,9,16,5,30,130,117,"79, EUROPE ( AVENUE DE L",,,Nuit avec éclairage allumé,En agglomération,Hors intersection,Normale,Deux véhicules - arrière,,,,,,,,,,,5,2,1,1,2
200800052982,0008-09-16 18:30:00,8,9,16,18,30,130,117,"xxxx, CHEMIN DEPARTEMENT",,,Plein jour,En agglomération,Intersection en X,Normale,Deux véhicules - côté,,,,,,,,,,,1,2,2,1,3
200800052983,0008-09-17 03:55:00,8,9,17,3,55,130,117,"xxx, CUGNOT ( AVENUE JOS",,,Nuit avec éclairage allumé,En agglomération,Hors intersection,Normale,Autre collision,,,,,,,,,,,5,2,1,1,6
200800052984,0008-09-18 09:25:00,8,9,18,9,25,130,117,"xxxxxxx, RABIN ( AVENUE",,,Plein jour,En agglomération,Hors intersection,Normale,Deux véhicules - arrière,,,,,,,,,,,1,2,1,1,2
200800052985,0008-09-18 13:25:00,8,9,18,13,25,130,117,"xxx, PTT SUD AVENUE JEAN",,,Plein jour,En agglomération,Hors intersection,Temps couvert,Deux véhicules - côté,,,,,,,,,,,1,2,1,8,3
200800052986,0008-09-22 11:30:00,8,9,22,11,30,130,71,"100, MITTERRAND (AVENUE",,,Plein jour,En agglomération,Intersection en T,Normale,Trois véhicules et plus - collisions multiples,,,,,,,,,,,1,2,3,1,5
200800052987,0008-09-23 17:30:00,8,9,23,17,30,130,71,"x, CHATEAU (MONTEE DU )",,,Plein jour,Hors agglomération,Hors intersection,Pluie légère,Deux véhicules - frontale,,,,,,,,,,,1,1,1,2,1
200800052988,0008-09-26 11:10:00,8,9,26,11,10,130,117,INDOCHINE( ROND POINT),,,Plein jour,En agglomération,Autre intersection,Normale,Deux véhicules - arrière,,,,,,,,,,,1,2,9,1,2
200800052989,0008-09-26 17:00:00,8,9,26,17,0,130,117,CHEMIN DEPARTEMENTAL 9 (,,,Plein jour,Hors agglomération,Hors intersection,Pluie forte,Sans collision,,,,,,,,,,,1,1,1,3,7
200800052990,0008-09-27 02:45:00,8,9,27,2,45,130,71,ROUTE NATIONALE 113 - MO,,,Nuit avec éclairage allumé,Hors agglomération,Hors intersection,Pluie légère,Autre collision,,,,,,,,,,,5,1,1,2,6
200800052991,0008-09-27 01:30:00,8,9,27,1,30,130,117,"xxx, ROUTE NATIONALE 113",,,Nuit avec éclairage non allumé,En agglomération,Intersection en T,Normale,Deux véhicules - côté,,,,,,,,,,,4,2,3,1,3
200800052992,0008-09-27 11:30:00,8,9,27,11,30,130,71,ROUTE NATIONALE 368 (VIL,,,Plein jour,Hors agglomération,Hors intersection,Normale,Deux véhicules - arrière,,,,,,,,,,,1,1,1,1,2
200800052993,0008-09-27 20:30:00,8,9,27,20,30,130,71,"xxxxxx, PENNES AUX PINS",,,Nuit sans éclairage public,En agglomération,Hors intersection,Normale,Autre collision,,,,,,,,,,,3,2,1,1,6
200800052994,0008-09-06 04:35:00,8,9,6,4,35,140,118,"04, FALAISE (RUE DE  <=9",,,Nuit avec éclairage allumé,En agglomération,Hors intersection,Normale,Autre collision,,,,,,,,,,,5,2,1,1,6
200800052995,0008-09-06 17:20:00,8,9,6,17,20,140,118,"1, DELIVRANDE (RUE DE LA",,,Plein jour,En agglomération,Intersection en X,Normale,Deux véhicules - côté,,,,,,,,,,,1,2,2,1,3
200800052996,0008-09-05 08:00:00,8,9,5,8,0,140,118,"0, JUIN (BOULEVARD MAREC",,,Plein jour,En agglomération,Hors intersection,Temps couvert,Deux véhicules - côté,,,,,,,,,,,1,2,1,8,3
200800052997,0008-09-03 15:15:00,8,9,3,15,15,140,118,"0, GAMBETTA (PLACE)",,,Plein jour,En agglomération,Hors intersection,Normale,Autre collision,,,,,,,,,,,1,2,1,1,6
200800052998,0008-09-09 08:55:00,8,9,9,8,55,140,118,"1, RICHEMOND (BOULEVARD)",,,Plein jour,En agglomération,Hors intersection,Normale,Deux véhicules - côté,,,,,,,,,,,1,2,1,1,3
200800052999,0008-09-08 05:20:00,8,9,8,5,20,140,327,VERTE (RUE),,,Nuit avec éclairage allumé,Hors agglomération,Hors intersection,Normale,Deux véhicules - côté,,,,,,,,,,,5,1,1,1,3
200800053000,0008-09-10 15:20:00,8,9,10,15,20,140,437,"0, CABOURG (ROUTE DE)",,,Plein jour,En agglomération,Intersection en X,Normale,Deux véhicules - côté,,,,,,,,,,,1,2,2,1,3
200800053001,0008-09-10 16:10:00,8,9,10,16,10,140,566,"0, Route Départementale",,,Plein jour,Hors agglomération,Intersection en X,Normale,Deux véhicules - côté,,,,,,,,,,,1,1,2,1,3
200800053002,0008-09-11 23:30:00,8,9,11,23,30,140,118,"1, MONTALIVET (COURS)",,,Nuit avec éclairage allumé,En agglomération,Hors intersection,Normale,Sans collision,,,,,,,,,,,5,2,1,1,7
200800053003,0008-09-12 17:20:00,8,9,12,17,20,140,118,ORNE (ROND POINT DE L'),,,Plein jour,En agglomération,Giratoire,Normale,Sans collision,,,,,,,,,,,1,2,6,1,7
200800053004,0008-09-13 05:35:00,8,9,13,5,35,140,327,CD N° 515 (ROUTE DE OUIS,,,Nuit avec éclairage allumé,En agglomération,Hors intersection,Normale,Sans collision,,,,,,,,,,,5,2,1,1,7
200800053005,0008-09-15 08:05:00,8,9,15,8,5,140,118,"13, LUMIERE (RUE DES FRE",,,Crépuscule ou aube,En agglomération,Intersection en T,Normale,Deux véhicules - côté,,,,,,,,,,,2,2,3,1,3
200800053006,0008-09-21 09:00:00,8,9,21,9,0,140,167,", CD N°  403",,,Plein jour,Hors agglomération,Hors intersection,Normale,Autre collision,,,,,,,,,,,1,1,1,1,6
200800053007,0008-09-20 18:45:00,8,9,20,18,45,140,341,"0, IONESCO (RUE EUGENE)",,,Plein jour,En agglomération,Intersection en X,Normale,Deux véhicules - côté,,,,,,,,,,,1,2,2,1,3
200800053008,0008-09-24 16:50:00,8,9,24,16,50,140,118,SAINT JEAN (RUE (DE 33 E,,,Plein jour,En agglomération,Hors intersection,Normale,Sans collision,,,,,,,,,,,1,2,1,1,7
200800053009,0008-09-27 22:40:00,8,9,27,22,40,140,118,"27, CHERON (AVENUE HENRI",,,Nuit avec éclairage allumé,En agglomération,Hors intersection,Normale,Autre collision,,,,,,,,,,,5,2,1,1,6
200800053010,0008-09-28 07:35:00,8,9,28,7,35,140,242,"1, RD N° 7 (DE CAEN A DO",,,Crépuscule ou aube,En agglomération,Hors intersection,Normale,Autre collision,,,,,,,,,,,2,2,1,1,6
200800053011,0008-09-27 18:40:00,8,9,27,18,40,140,118,"1, MONTALIVET (COURS)",,,Crépuscule ou aube,En agglomération,Hors intersection,Normale,Deux véhicules - côté,,,,,,,,,,,2,2,1,1,3
200800053012,0008-09-30 18:30:00,8,9,30,18,30,140,118,"45, TOURVILLE (AVENUE DE",,,Crépuscule ou aube,En agglomération,Hors intersection,Pluie légère,Autre collision,,,,,,,,,,,2,2,1,2,6
200800053013,0008-09-17 11:55:00,8,9,17,11,55,140,225,"45, PORT (RUE DU)",,,Plein jour,En agglomération,Hors intersection,Normale,Deux véhicules - arrière,,,,,,,,,,,1,2,1,1,2
200800053014,0008-09-16 19:35:00,8,9,16,19,35,140,366,"0, ROGER AINI (RUE)",,,Plein jour,En agglomération,Hors intersection,Normale,Autre collision,,,,,,,,,,,1,2,1,1,6
200800053015,0008-09-19 21:45:00,8,9,19,21,45,140,366,"32, FOURNET (RUE)",,,Nuit avec éclairage allumé,En agglomération,Intersection en X,Normale,Deux véhicules - côté,,,,,,,,,,,5,2,2,1,3
200800053016,0008-09-21 12:30:00,8,9,21,12,30,140,574,"2615, DIVES (D.45 route",,,Plein jour,Hors agglomération,Hors intersection,Normale,Autre collision,,,,,,,,,,,1,1,1,1,6
200800053017,0008-09-05 13:50:00,8,9,5,13,50,140,220,MARINE (QUAI DE LA ),,,Plein jour,En agglomération,Hors intersection,Pluie légère,Autre collision,,,,,,,,,,,1,2,1,2,6
200800053018,0008-09-23 10:35:00,8,9,23,10,35,150,14,"30, HORTES (BOULEVARD DE",,,Plein jour,En agglomération,Hors intersection,Normale,Autre collision,,,,,,,,,,,1,2,1,1,6
200800053019,0008-09-13 18:55:00,8,9,13,18,55,160,15,"0, SAINT EXUPERY (RUE AN",,,Plein jour,En agglomération,Intersection en X,Normale,Deux véhicules - côté,,,,,,,,,,,1,2,2,1,3
200800053020,0008-09-24 18:25:00,8,9,24,18,25,160,358,"40, ROYAN N141 (RUE DE)",,,Plein jour,En agglomération,Intersection en T,Normale,Deux véhicules - côté,,,,,,,,,,,1,2,3,1,3
200800053021,0008-09-12 08:10:00,8,9,12,8,10,130,55,"92, AYGALADES (AVENUE DE",,,Plein jour,En agglomération,Hors intersection,Normale,Deux véhicules - côté,,,,,,,,,,,1,2,1,1,3
200800053022,0008-09-07 05:20:00,8,9,7,5,20,170,449,"174490158, RD 739 (ROUTE",,,Nuit sans éclairage public,Hors agglomération,Giratoire,Pluie légère,Autre collision,,,,,,,,,,,3,1,6,2,6
200800053023,0008-09-08 12:15:00,8,9,8,12,15,170,299,"172990270, ONZE NOVEMBRE",,,Plein jour,En agglomération,Giratoire,Normale,Deux véhicules - côté,,,,,,,,,,,1,2,6,1,3
200800053024,0008-09-11 13:45:00,8,9,11,13,45,170,299,"172990004, AIGREFEUILLE",,,Plein jour,En agglomération,Hors intersection,Pluie légère,Sans collision,,,,,,,,,,,1,2,1,2,7
200800053025,0008-09-13 19:35:00,8,9,13,19,35,170,299,"172990138, DULIN AVENUE",,,Plein jour,En agglomération,Intersection en X,Normale,Deux véhicules - côté,,,,,,,,,,,1,2,2,1,3
200800053026,0008-09-16 16:15:00,8,9,16,16,15,170,299,"172990068, BUISSON BOULE",,,Plein jour,En agglomération,Intersection en X,Normale,Deux véhicules - côté,,,,,,,,,,,1,2,2,1,3
200800053027,0008-09-23 16:40:00,8,9,23,16,40,170,299,"17299020, AUNIS AVENUE D",,,Plein jour,En agglomération,Hors intersection,Normale,Deux véhicules - côté,,,,,,,,,,,1,2,1,1,3
200800053028,0008-09-24 10:30:00,8,9,24,10,30,170,299,"172990125, DENFERT ROCHE",,,Plein jour,En agglomération,Intersection en T,Normale,Deux véhicules - côté,,,,,,,,,,,1,2,3,1,3
200800053029,0008-09-24 18:15:00,8,9,24,18,15,170,449,"174490161, RD 117",,,Plein jour,Hors agglomération,Hors intersection,Normale,Deux véhicules - frontale,,,,,,,,,,,1,1,1,1,1
200800053030,0008-09-26 16:35:00,8,9,26,16,35,170,449,"174490043, BRIAND AVENUE",,,Plein jour,En agglomération,Intersection en X,Normale,Sans collision,,,,,,,,,,,1,2,2,1,7
200800053031,0008-09-01 08:15:00,8,9,1,8,15,170,300,ROBINET   AVENUE LEOPOLD,,,Plein jour,En agglomération,Hors intersection,Normale,Autre collision,,,,,,,,,,,1,2,1,1,6
200800053032,0008-09-01 15:15:00,8,9,1,15,15,170,300,VIELJEUX   RUE LEONCE,,,Plein jour,En agglomération,Autre intersection,Normale,Deux véhicules - arrière,,,,,,,,,,,1,2,9,1,2
200800053033,0008-09-01 18:15:00,8,9,1,18,15,170,300,"001, ROBESPIERRE   AVENU",,,Plein jour,En agglomération,Intersection en T,Normale,Deux véhicules - frontale,,,,,,,,,,,1,2,3,1,1
200800053034,0008-09-03 13:20:00,8,9,3,13,20,170,28,"23, ROUHAUDS   RUE DES",,,Plein jour,En agglomération,Hors intersection,Normale,Deux véhicules - frontale,,,,,,,,,,,1,2,1,1,1
200800053035,0008-09-04 18:26:00,8,9,4,18,26,170,300,LOTI   AVENUE PIERRE,,,Plein jour,En agglomération,Hors intersection,Normale,Deux véhicules - côté,,,,,,,,,,,1,2,1,1,3
200800053036,0008-09-05 02:40:00,8,9,5,2,40,170,300,537 RN ECHANGEUR LA PALL,,,Nuit avec éclairage allumé,En agglomération,Hors intersection,Pluie forte,Sans collision,,,,,,,,,,,5,2,1,3,7
200800053037,0008-09-06 00:55:00,8,9,6,0,55,170,300,LAZARET   AVENUE DU,,,Nuit avec éclairage allumé,En agglomération,Hors intersection,Normale,Deux véhicules - frontale,,,,,,,,,,,5,2,1,1,1
200800053038,0008-09-06 15:20:00,8,9,6,15,20,170,28,"89, MODIGLIANI   RUE",,,Plein jour,En agglomération,Hors intersection,Normale,Autre collision,,,,,,,,,,,1,2,1,1,6
200800053039,0008-09-07 18:35:00,8,9,7,18,35,170,300,"103, POINCARE   AVENUE R",,,Plein jour,En agglomération,Intersection en T,Normale,Autre collision,,,,,,,,,,,1,2,3,1,6
200800053040,0008-09-08 18:10:00,8,9,8,18,10,170,300,NORMANDIN   RUE EMILE,,,Plein jour,En agglomération,Hors intersection,Normale,Deux véhicules - arrière,,,,,,,,,,,1,2,1,1,2
200800053041,0008-09-09 11:45:00,8,9,9,11,45,170,300,GEORGETTE   QUAI DE LA,,,Plein jour,En agglomération,Hors intersection,Pluie forte,Deux véhicules - arrière,,,,,,,,,,,1,2,1,3,2
200800053042,0008-09-09 18:35:00,8,9,9,18,35,170,300,"6, AMSTERDAM   AVENUE D'",,,Plein jour,En agglomération,Intersection en T,Normale,Deux véhicules - côté,,,,,,,,,,,1,2,3,1,3
200800053043,0008-09-10 08:20:00,8,9,10,8,20,170,300,"11 bis, SAINT-LOUIS   RU",,,Plein jour,En agglomération,Hors intersection,Normale,Trois véhicules et plus - en chaîne,,,,,,,,,,,1,2,1,1,4
200800053044,0008-09-13 16:20:00,8,9,13,16,20,170,300,ROMPSAY   AVENUE DE,,,Plein jour,En agglomération,Autre intersection,Normale,Sans collision,,,,,,,,,,,1,2,9,1,7
200800053045,0008-09-13 18:10:00,8,9,13,18,10,170,200,02 PK RN237 MOULIN JUSTI,,,Plein jour,Hors agglomération,Hors intersection,Normale,Trois véhicules et plus - en chaîne,,,,,,,,,,,1,1,1,1,4
200800053046,0008-09-14 17:05:00,8,9,14,17,5,170,200,"3, BATON   CHEMIN DU TRE",,,Plein jour,En agglomération,Hors intersection,Pluie légère,Sans collision,,,,,,,,,,,1,2,1,2,7
200800053047,0008-09-17 18:05:00,8,9,17,18,5,170,300,"101, BRIAND   AVENUE ARI",,,Plein jour,En agglomération,Hors intersection,Normale,Sans collision,,,,,,,,,,,1,2,1,1,7
200800053048,0008-09-17 19:46:00,8,9,17,19,46,170,200,"57, CHAUMES   RUE DES",,,Plein jour,En agglomération,Autre intersection,Normale,Deux véhicules - frontale,,,,,,,,,,,1,2,9,1,1
200800053049,0008-09-18 23:00:00,8,9,18,23,0,170,300,LEMOYNE D'IBERVILLE   RU,,,Nuit avec éclairage allumé,En agglomération,Intersection en X,Normale,Deux véhicules - côté,,,,,,,,,,,5,2,2,1,3
200800053050,0008-09-26 01:05:00,8,9,26,1,5,170,300,"116, COLIGNY   AVENUE",,,Nuit avec éclairage allumé,En agglomération,Hors intersection,Normale,Autre collision,,,,,,,,,,,5,2,1,1,6
200800053051,0008-09-28 16:30:00,8,9,28,16,30,170,300,REPUBLIQUE   BOULEVARD D,,,Plein jour,En agglomération,Intersection en T,Normale,Deux véhicules - côté,,,,,,,,,,,1,2,3,1,3
200800053052,0008-09-28 16:46:00,8,9,28,16,46,170,274,Rue Henri Becquerel,,,Plein jour,En agglomération,Hors intersection,Normale,Sans collision,,,,,,,,,,,1,2,1,1,7
200800053053,0008-09-29 16:30:00,8,9,29,16,30,170,300,"55, MERCIERS   RUE DES",,,Plein jour,En agglomération,Hors intersection,Normale,Autre collision,,,,,,,,,,,1,2,1,1,6
200800053054,0008-09-13 17:30:00,8,9,13,17,30,170,300,"25, CORSAIRES   AVENUE D",,,Plein jour,En agglomération,Intersection en X,Normale,Autre collision,,,,,,,,,,,1,2,2,1,6
200800053055,0008-09-06 11:00:00,8,9,6,11,0,170,306,"0, LOTI PIERRE",,,Plein jour,En agglomération,Hors intersection,Normale,Autre collision,,,,,,,,,,,1,2,1,1,6
200800053056,0008-09-13 14:00:00,8,9,13,14,0,170,306,"0, HEDDE (AVENUE DANIEL)",,,Plein jour,En agglomération,Giratoire,Normale,Deux véhicules - côté,,,,,,,,,,,1,2,6,1,3
200800053057,0008-09-13 17:01:00,8,9,13,17,1,170,306,"0, GARNIER (BD FREDERIC)",,,Plein jour,En agglomération,Hors intersection,Normale,Deux véhicules - arrière,,,,,,,,,,,1,2,1,1,2
200800053058,0008-09-16 17:50:00,8,9,16,17,50,170,461,"0, TREMBLADE ( ROUTE DE",,,Plein jour,En agglomération,Hors intersection,Normale,Autre collision,,,,,,,,,,,1,2,1,1,6
200800053059,0008-09-17 14:44:00,8,9,17,14,44,170,306,"52, BASTIE MARYSE",,,Plein jour,En agglomération,Hors intersection,Normale,Deux véhicules - côté,,,,,,,,,,,1,2,1,1,3
200800053060,0008-09-18 07:45:00,8,9,18,7,45,170,333,"0, REPUBLIQUE (DE LA)",,,Plein jour,En agglomération,Hors intersection,Normale,Autre collision,,,,,,,,,,,1,2,1,1,6
200800053061,0008-09-18 12:40:00,8,9,18,12,40,170,306,LIBERATION (DE LA) (AVEN,,,Plein jour,En agglomération,Hors intersection,Normale,Deux véhicules - côté,,,,,,,,,,,1,2,1,1,3
200800053062,0008-09-18 18:05:00,8,9,18,18,5,170,306,"0, EXPRESS (VOIE)",,,Plein jour,En agglomération,Hors intersection,Normale,Autre collision,,,,,,,,,,,1,2,1,1,6
200800053063,0008-09-19 18:10:00,8,9,19,18,10,170,306,"0, GARNIER (BD FREDERIC)",,,Plein jour,En agglomération,Hors intersection,Normale,Autre collision,,,,,,,,,,,1,2,1,1,6
200800053064,0008-09-21 09:14:00,8,9,21,9,14,170,380,"0, REPUBLIQUE (AVENUE DE",,,Crépuscule ou aube,En agglomération,Hors intersection,Normale,Autre collision,,,,,,,,,,,2,2,1,1,6
200800053065,0008-09-26 12:50:00,8,9,26,12,50,170,306,"0, AUDOUIN (DOCTEUR)",,,Plein jour,En agglomération,Intersection en T,Normale,Deux véhicules - côté,,,,,,,,,,,1,2,3,1,3
200800053066,0008-09-26 14:30:00,8,9,26,14,30,170,306,AMPERE,,,Plein jour,En agglomération,Hors intersection,Normale,Deux véhicules - côté,,,,,,,,,,,1,2,1,1,3
200800053067,0008-09-01 10:30:00,8,9,1,10,30,170,415,"2, GEMOZAC AVENUE DE",,,Plein jour,En agglomération,Hors intersection,Normale,Deux véhicules - côté,,,,,,,,,,,1,2,1,1,3
200800053068,0008-09-06 16:45:00,8,9,6,16,45,170,415,"42, REVERSEAUX 2 A 46 ET",,,Plein jour,En agglomération,Hors intersection,Normale,Deux véhicules - côté,,,,,,,,,,,1,2,1,1,3
200800053069,0008-09-09 10:30:00,8,9,9,10,30,170,415,"22, LEMERCIER COURS",,,Plein jour,En agglomération,Hors intersection,Pluie légère,Deux véhicules - arrière,,,,,,,,,,,1,2,1,2,2
200800053070,0008-09-14 12:00:00,8,9,14,12,0,170,415,DICONCHE,,,Plein jour,Hors agglomération,Giratoire,Normale,Autre collision,,,,,,,,,,,1,1,6,1,6
200800053071,0008-09-19 08:55:00,8,9,19,8,55,170,415,route nationale 141,,,Plein jour,Hors agglomération,Intersection en T,Normale,Deux véhicules - arrière,,,,,,,,,,,1,1,3,1,2
200800053072,0008-09-20 05:05:00,8,9,20,5,5,170,415,DOUMER 2 A 102 ROCADE OU,,,Nuit avec éclairage allumé,En agglomération,Hors intersection,Normale,Sans collision,,,,,,,,,,,5,2,1,1,7
200800053073,0008-09-23 16:45:00,8,9,23,16,45,170,415,"142, NIVELLES AVENUE DE",,,Plein jour,En agglomération,Hors intersection,Normale,Autre collision,,,,,,,,,,,1,2,1,1,6
200800053074,0008-09-24 16:05:00,8,9,24,16,5,170,415,BASSOMPIERE PLACE,,,Plein jour,En agglomération,Hors intersection,Normale,Autre collision,,,,,,,,,,,1,2,1,1,6
200800053075,0008-09-25 07:30:00,8,9,25,7,30,170,415,JEAN RUE DU DOCTEUR,,,Plein jour,En agglomération,Hors intersection,Normale,Deux véhicules - côté,,,,,,,,,,,1,2,1,1,3
200800053076,0008-09-27 14:00:00,8,9,27,14,0,170,415,"3, ALLENDE AVENUE DU PRE",,,Plein jour,En agglomération,Hors intersection,Normale,Autre collision,,,,,,,,,,,1,2,1,1,6
200800053077,0008-09-02 00:30:00,8,9,2,0,30,180,33,"SANS, CHARITE (ROUTE DE",,,Nuit avec éclairage allumé,En agglomération,Intersection en Y,Normale,Autre collision,,,,,,,,,,,5,2,4,1,6
200800053078,0008-09-05 16:20:00,8,9,5,16,20,180,50,"6, TROUY (ROUTE DE)",,,Plein jour,En agglomération,Intersection en T,Pluie légère,Deux véhicules - côté,,,,,,,,,,,1,2,3,2,3
200800053079,0008-09-06 12:55:00,8,9,6,12,55,180,205,MALITORNE (RUE DE),,,Plein jour,En agglomération,Hors intersection,Temps couvert,Autre collision,,,,,,,,,,,1,2,1,8,6
200800053080,0008-09-10 07:20:00,8,9,10,7,20,180,33,MALLET (R. LOUIS),,,Crépuscule ou aube,Hors agglomération,Autre intersection,Pluie légère,Deux véhicules - côté,,,,,,,,,,,2,1,9,2,3
200800053081,0008-09-08 18:25:00,8,9,8,18,25,180,33,HAEGELEN (AVENUE MARCEL),,,Plein jour,Hors agglomération,Intersection en Y,Normale,Deux véhicules - côté,,,,,,,,,,,1,1,4,1,3
200800053082,0008-09-12 00:50:00,8,9,12,0,50,180,205,"6, PONTS (RUE DES DEUX)",,,Nuit avec éclairage allumé,En agglomération,Hors intersection,Pluie légère,Autre collision,,,,,,,,,,,5,2,1,2,6
200800053083,0008-09-12 17:00:00,8,9,12,17,0,180,205,"SANS, VALLEE (CHEMIN DE",,,Plein jour,En agglomération,Hors intersection,Normale,Deux véhicules - côté,,,,,,,,,,,1,2,1,1,3
200800053084,0008-09-13 13:15:00,8,9,13,13,15,180,213,CHARITE (ROUTE DE LA),,,Plein jour,En agglomération,Giratoire,Normale,Deux véhicules - arrière,,,,,,,,,,,1,2,6,1,2
200800053085,0008-09-19 18:30:00,8,9,19,18,30,180,205,BERRY-BOUY (ROUTE DE),,,Plein jour,En agglomération,Hors intersection,Normale,Deux véhicules - côté,,,,,,,,,,,1,2,1,1,3
200800053086,0008-09-20 18:30:00,8,9,20,18,30,180,33,"SANS, VAL D'AURON (AVENU",,,Plein jour,En agglomération,Hors intersection,Temps éblouissant,Autre collision,,,,,,,,,,,1,2,1,7,6
200800053087,0008-09-22 08:45:00,8,9,22,8,45,180,205,ORLEANS (ROUTE D'),,,Plein jour,Hors agglomération,Hors intersection,Normale,Deux véhicules - côté,,,,,,,,,,,1,1,1,1,3
200800053088,0008-09-23 10:45:00,8,9,23,10,45,180,213,CEPS (RUE DES),,,Plein jour,Hors agglomération,Intersection en T,Normale,Deux véhicules - côté,,,,,,,,,,,1,1,3,1,3
200800053089,0008-09-22 15:30:00,8,9,22,15,30,180,33,"42 bis, AUGER (BOULEVARD",,,Plein jour,En agglomération,Intersection à plus de 4 branches,Normale,Deux véhicules - côté,,,,,,,,,,,1,2,5,1,3
200800053090,0008-09-26 21:00:00,8,9,26,21,0,180,205,GAULLE (AVENUE DU GENERA,,,Nuit avec éclairage allumé,En agglomération,Intersection en T,Normale,Deux véhicules - arrière,,,,,,,,,,,5,2,3,1,2
200800053091,0008-09-29 17:50:00,8,9,29,17,50,180,205,RN 76,,,Plein jour,Hors agglomération,Intersection en X,Normale,Deux véhicules - côté,,,,,,,,,,,1,1,2,1,3
200800053092,0008-09-11 21:10:00,8,9,11,21,10,180,279,PONTS ( RUE DES ),,,Nuit avec éclairage allumé,En agglomération,Hors intersection,Normale,Autre collision,,,,,,,,,,,5,2,1,1,6
200800053093,0008-09-12 00:15:00,8,9,12,0,15,180,279,"138, MARCEL (RUE ETIENNE",,,Nuit avec éclairage allumé,En agglomération,Hors intersection,Pluie légère,Autre collision,,,,,,,,,,,5,2,1,2,6
200800053094,0008-09-11 16:50:00,8,9,11,16,50,180,279,EPINETTES (RUE ET PASSAG,,,Plein jour,En agglomération,Intersection en X,Normale,Deux véhicules - côté,,,,,,,,,,,1,2,2,1,3
200800053095,0008-09-21 13:10:00,8,9,21,13,10,180,279,"4, PYAT (RUE .F) (AVANT",,,Plein jour,En agglomération,Hors intersection,Normale,Autre collision,,,,,,,,,,,1,2,1,1,6
200800053096,0008-09-26 16:15:00,8,9,26,16,15,180,279,JUILLET (AVENUE DU 14),,,Plein jour,En agglomération,Hors intersection,Normale,Deux véhicules - côté,,,,,,,,,,,1,2,1,1,3
200800053097,0008-09-29 23:00:00,8,9,29,23,0,180,279,"85, BELLON (ROUTE DE) AP",,,Nuit avec éclairage allumé,En agglomération,Hors intersection,Normale,Autre collision,,,,,,,,,,,5,2,1,1,6
200800053098,0008-09-01 19:25:00,8,9,1,19,25,190,31,"21, DESCARTES (RUE)",,,Plein jour,En agglomération,Hors intersection,Normale,Autre collision,,,,,,,,,,,1,2,1,1,6
200800053099,0008-09-14 07:15:00,8,9,14,7,15,160,102,"92, TALBOTERIE (RUE DE L",,,Nuit sans éclairage public,En agglomération,Hors intersection,Normale,Sans collision,,,,,,,,,,,3,2,1,1,7
200800053100,0008-09-18 22:15:00,8,9,18,22,15,130,55,"17, FÉLIX PYAT (RUE)",,,Nuit avec éclairage allumé,En agglomération,Intersection en T,Pluie légère,Deux véhicules - frontale,,,,,,,,,,,5,2,3,2,1
200800053101,0008-09-19 21:53:00,8,9,19,21,53,340,172,MARIE DE MONTPELLIER,,,Nuit avec éclairage allumé,En agglomération,Hors intersection,Normale,Deux véhicules - arrière,,,,,,,,,,,5,2,1,1,2
200800053102,0008-09-29 15:40:00,8,9,29,15,40,490,328,"sans, CROIX DE GUERRE (A",,,Plein jour,En agglomération,Hors intersection,Normale,Autre collision,,,,,,,,,,,1,2,1,1,6
200800053103,0008-09-12 13:40:00,8,9,12,13,40,590,43,STEENWERCK (RUE DE),,,Plein jour,Hors agglomération,Intersection en Y,Normale,Deux véhicules - frontale,,,,,,,,,,,1,1,4,1,1