accident_id,datetime,annee,mois,jour,heure,minute,departement,commune_insee,adresse,latitude,longitude,luminosite,agglomeration,intersection,meteo,collision,nb_vehicules,nb_usagers,nb_indemnes,nb_tues,nb_blesses_hosp,nb_blesses_legers,age_cond_1,age_cond_2,veh_type_cond_1,veh_type_cond_2,lum_code,agg_code,int_code,atm_code,col_code
200800053104,0008-09-04 15:10:00,8,9,4,15,10,830,69,"29, RIONDET (AVENUE)",,,Plein jour,En agglomération,Hors intersection,Normale,Deux véhicules - arrière,,,,,,,,,,,1,2,1,1,2
200800053105,0008-09-29 09:10:00,8,9,29,9,10,920,50,SERGENT PIERRE RUE,,,Plein jour,En agglomération,Hors intersection,Normale,Deux véhicules - arrière,,,,,,,,,,,1,2,1,1,2
200800053106,0008-09-05 15:10:00,8,9,5,15,10,940,46,"00, JOUET (R)",,,Plein jour,En agglomération,Intersection en X,Pluie légère,Autre collision,,,,,,,,,,,1,2,2,2,6
200800053107,0008-09-22 13:20:00,8,9,22,13,20,750,116,PLACE CHARLES DE GAULLE,,,Plein jour,En agglomération,Intersection en X,Normale,Deux véhicules - arrière,,,,,,,,,,,1,2,2,1,2
200800053108,0008-09-05 11:41:00,8,9,5,11,41,940,17,A4,,,Plein jour,Hors agglomération,Hors intersection,Pluie légère,Deux véhicules - arrière,,,,,,,,,,,1,1,1,2,2
200800053109,0008-09-23 07:56:00,8,9,23,7,56,330,63,"44, RUE DAVID JOHNSTON",,,Plein jour,En agglomération,Hors intersection,Normale,Autre collision,,,,,,,,,,,1,2,1,1,6
200800053110,0008-09-23 07:35:00,8,9,23,7,35,330,63,BD ALFRED DANEY,,,Plein jour,En agglomération,Intersection en T,Normale,Deux véhicules - côté,,,,,,,,,,,1,2,3,1,3
200800053111,0008-09-24 18:45:00,8,9,24,18,45,330,63,RUE GEORGES BOUBES,,,Plein jour,En agglomération,Intersection en T,Normale,Deux véhicules - côté,,,,,,,,,,,1,2,3,1,3
200800053112,0008-09-20 10:30:00,8,9,20,10,30,330,119,"18, AVE RENE CASSAGNE",,,Plein jour,En agglomération,Hors intersection,Normale,Trois véhicules et plus - en chaîne,,,,,,,,,,,1,2,1,1,4
200800053113,0008-09-24 14:30:00,8,9,24,14,30,330,63,CRS DE LA MARNE,,,Plein jour,En agglomération,Intersection en X,Normale,Autre collision,,,,,,,,,,,1,2,2,1,6
200800053114,0008-09-24 21:30:00,8,9,24,21,30,330,63,ALL HAUSMANN,,,Nuit avec éclairage allumé,En agglomération,Intersection en X,Normale,Deux véhicules - côté,,,,,,,,,,,5,2,2,1,3
200800053115,0008-09-17 07:10:00,8,9,17,7,10,330,550,CHEM DE BRIGNON,,,Plein jour,En agglomération,Intersection en X,Normale,Deux véhicules - côté,,,,,,,,,,,1,2,2,1,3
200800053116,0008-09-19 10:20:00,8,9,19,10,20,330,119,AVE DU PDT VINCENT AURIO,,,Plein jour,En agglomération,Intersection en X,Normale,Deux véhicules - côté,,,,,,,,,,,1,2,2,1,3
200800053117,0008-09-19 08:25:00,8,9,19,8,25,330,167,RUE ARISTIDE BERGES,,,Plein jour,En agglomération,Intersection en T,Normale,Deux véhicules - arrière,,,,,,,,,,,1,2,3,1,2
200800053118,0008-09-17 18:45:00,8,9,17,18,45,330,550,AVE DES PYRENEES,,,Plein jour,En agglomération,Intersection en X,Normale,Deux véhicules - côté,,,,,,,,,,,1,2,2,1,3
200800053119,0008-09-25 09:45:00,8,9,25,9,45,330,63,RUE STEHELIN CAUD,,,Plein jour,En agglomération,Intersection en X,Normale,Deux véhicules - côté,,,,,,,,,,,1,2,2,1,3
200800053120,0008-09-26 00:50:00,8,9,26,0,50,330,281,AVE MARCEL DASSAULT,,,Nuit avec éclairage allumé,En agglomération,Hors intersection,Normale,Autre collision,,,,,,,,,,,5,2,1,1,6
200800053121,0008-09-28 16:40:00,8,9,28,16,40,330,63,BD ALIENOR D'AQUITAINE,,,Plein jour,En agglomération,Hors intersection,Normale,Deux véhicules - arrière,,,,,,,,,,,1,2,1,1,2
200800053122,0008-09-26 12:45:00,8,9,26,12,45,330,63,BD DU PRESIDENT WILSON,,,Plein jour,En agglomération,Hors intersection,Normale,Deux véhicules - arrière,,,,,,,,,,,1,2,1,1,2
200800053123,0008-09-26 13:55:00,8,9,26,13,55,330,63,QUAI DESCHAMPS,,,Plein jour,En agglomération,Intersection en T,Normale,Deux véhicules - côté,,,,,,,,,,,1,2,3,1,3
200800053124,0008-09-28 01:15:00,8,9,28,1,15,330,63,"94, CRS DE LA MARNE",,,Nuit avec éclairage allumé,En agglomération,Hors intersection,Normale,Deux véhicules - arrière,,,,,,,,,,,5,2,1,1,2
200800053125,0008-09-26 06:40:00,8,9,26,6,40,330,63,"190, CRS DE LA SOMME",,,Nuit avec éclairage allumé,En agglomération,Hors intersection,Normale,Deux véhicules - arrière,,,,,,,,,,,5,2,1,1,2
200800053126,0008-09-26 07:45:00,8,9,26,7,45,330,63,"101, AVE D'EYSINES CAUD",,,Plein jour,En agglomération,Hors intersection,Normale,Deux véhicules - côté,,,,,,,,,,,1,2,1,1,3
200800053127,0008-09-23 19:25:00,8,9,23,19,25,330,119,"22, RUE PROFESSEUR CALME",,,Plein jour,En agglomération,Hors intersection,Normale,Autre collision,,,,,,,,,,,1,2,1,1,6
200800053128,0008-09-26 19:10:00,8,9,26,19,10,330,63,BD ALBERT 1ER,,,Plein jour,En agglomération,Intersection en T,Normale,Deux véhicules - côté,,,,,,,,,,,1,2,3,1,3
200800053129,0008-09-19 07:11:00,8,9,19,7,11,330,318,AVE PASTEUR,,,Nuit avec éclairage allumé,En agglomération,Intersection en X,Normale,Deux véhicules - côté,,,,,,,,,,,5,2,2,1,3
200800053130,0008-09-22 08:20:00,8,9,22,8,20,330,281,RUE CAMILLE GOILLOT,,,Plein jour,En agglomération,Intersection en X,Normale,Deux véhicules - côté,,,,,,,,,,,1,2,2,1,3
200800053131,0008-09-19 07:10:00,8,9,19,7,10,330,281,"24, AVE DE LA MARNE",,,Nuit avec éclairage allumé,En agglomération,Hors intersection,Normale,Autre collision,,,,,,,,,,,5,2,1,1,6
200800053132,0008-09-23 20:30:00,8,9,23,20,30,330,318,"96, AVE DU DOCTEUR ALBER",,,Nuit avec éclairage allumé,En agglomération,Hors intersection,Normale,Deux véhicules - arrière,,,,,,,,,,,5,2,1,1,2
200800053133,0008-09-24 18:10:00,8,9,24,18,10,330,281,"27, AVE DE MAGUDAS",,,Plein jour,En agglomération,Hors intersection,Normale,Trois véhicules et plus - en chaîne,,,,,,,,,,,1,2,1,1,4
200800053134,0008-09-23 07:50:00,8,9,23,7,50,330,69,RUE AUSONE,,,Plein jour,En agglomération,Giratoire,Normale,Deux véhicules - côté,,,,,,,,,,,1,2,6,1,3
200800053135,0008-09-24 13:30:00,8,9,24,13,30,330,69,"317, AVE DE LA LIBERATIO",,,Plein jour,En agglomération,Hors intersection,Normale,Deux véhicules - côté,,,,,,,,,,,1,2,1,1,3
200800053136,0008-09-25 15:50:00,8,9,25,15,50,330,318,AVE MARC DESBATS,,,Plein jour,En agglomération,Giratoire,Normale,Deux véhicules - côté,,,,,,,,,,,1,2,6,1,3
200800053137,0008-09-23 19:05:00,8,9,23,19,5,330,522,AVE DE THOUARS,,,Plein jour,En agglomération,Intersection en T,Normale,Deux véhicules - frontale,,,,,,,,,,,1,2,3,1,1
200800053138,0008-09-25 08:15:00,8,9,25,8,15,330,318,AVE DE SAIGE,,,Plein jour,En agglomération,Hors intersection,Normale,Deux véhicules - arrière,,,,,,,,,,,1,2,1,1,2
200800053139,0008-09-30 08:20:00,8,9,30,8,20,330,39,BD ALBERT 1ER,,,Plein jour,En agglomération,Intersection en X,Normale,Deux véhicules - côté,,,,,,,,,,,1,2,2,1,3
200800053140,0008-09-22 08:55:00,8,9,22,8,55,330,69,"316, AVE DE LA LIBERATIO",,,Plein jour,En agglomération,Hors intersection,Normale,Deux véhicules - côté,,,,,,,,,,,1,2,1,1,3
200800053141,0008-09-23 08:40:00,8,9,23,8,40,330,522,RUE DE LA VIEILLE TOUR,,,Plein jour,En agglomération,Intersection en X,Normale,Deux véhicules - côté,,,,,,,,,,,1,2,2,1,3
200800053142,0008-09-30 22:45:00,8,9,30,22,45,330,63,AVE MAL DE LATTRE TASSIG,,,Nuit avec éclairage allumé,En agglomération,Intersection en X,Normale,Deux véhicules - côté,,,,,,,,,,,5,2,2,1,3
200800053143,0008-09-27 12:35:00,8,9,27,12,35,330,249,VOIE DESSERTE CTRE CIAL,,,Plein jour,En agglomération,Hors intersection,Normale,Deux véhicules - côté,,,,,,,,,,,1,2,1,1,3
200800053144,0008-09-29 12:40:00,8,9,29,12,40,330,63,"363, BD DU PRESIDENT WIL",,,Plein jour,En agglomération,Hors intersection,Normale,Deux véhicules - côté,,,,,,,,,,,1,2,1,1,3
200800053145,0008-09-29 08:20:00,8,9,29,8,20,330,318,"18, AVE PAUL MONTAGNE",,,Plein jour,En agglomération,Hors intersection,Normale,Deux véhicules - arrière,,,,,,,,,,,1,2,1,1,2
200800053146,0008-09-24 12:00:00,8,9,24,12,0,330,75,AVE DE L EUROPE,,,Plein jour,En agglomération,Intersection en X,Normale,Deux véhicules - côté,,,,,,,,,,,1,2,2,1,3
200800053147,0008-09-25 07:50:00,8,9,25,7,50,330,39,RUE PIERRE ET MARIE CURI,,,Plein jour,En agglomération,Intersection en T,Normale,Deux véhicules - côté,,,,,,,,,,,1,2,3,1,3
200800053148,0008-09-26 17:35:00,8,9,26,17,35,330,281,RUE DE BEAUDESERT,,,Plein jour,En agglomération,Hors intersection,Normale,Deux véhicules - arrière,,,,,,,,,,,1,2,1,1,2
200800053149,0008-09-26 15:25:00,8,9,26,15,25,330,281,RUE DE PARIS,,,Plein jour,En agglomération,Hors intersection,Normale,Autre collision,,,,,,,,,,,1,2,1,1,6
200800053150,0008-09-25 10:10:00,8,9,25,10,10,330,63,"69, AVE JEANNE D'ARC",,,Plein jour,En agglomération,Hors intersection,Normale,Trois véhicules et plus - collisions multiples,,,,,,,,,,,1,2,1,1,5
200800053151,0008-09-26 17:38:00,8,9,26,17,38,330,69,"169, AVE DE LA LIBERATIO",,,Plein jour,En agglomération,Hors intersection,Normale,Autre collision,,,,,,,,,,,1,2,1,1,6
200800053152,0008-09-26 09:50:00,8,9,26,9,50,330,192,RUE DES FONTAINES DE MON,,,Plein jour,En agglomération,Giratoire,Normale,Deux véhicules - côté,,,,,,,,,,,1,2,6,1,3
200800053153,0008-09-29 20:00:00,8,9,29,20,0,330,119,AVE GEORGES CLEMENCEAU,,,Crépuscule ou aube,En agglomération,Intersection en T,Normale,Deux véhicules - côté,,,,,,,,,,,2,2,3,1,3
200800053154,0008-09-29 07:30:00,8,9,29,7,30,330,318,AVE DU DAUPHINE,,,Crépuscule ou aube,En agglomération,Intersection en T,Normale,Deux véhicules - côté,,,,,,,,,,,2,2,3,1,3
200800053155,0008-09-02 22:05:00,8,9,2,22,5,330,243,"12, MOULIN(PLACE JEAN)",,,Nuit avec éclairage allumé,En agglomération,Place,Normale,Deux véhicules - côté,,,,,,,,,,,5,2,7,1,3
200800053156,0008-09-20 16:45:00,8,9,20,16,45,330,243,"50, ROCADE(AV MARNE A AV",,,Plein jour,En agglomération,Hors intersection,Normale,Deux véhicules - côté,,,,,,,,,,,1,2,1,1,3
200800053157,0008-09-03 17:00:00,8,9,3,17,0,340,3,RICHELIEU (D8 0 E8 ET E1,,,Plein jour,En agglomération,Hors intersection,Normale,Deux véhicules - arrière,,,,,,,,,,,1,2,1,1,2
200800053158,0008-09-03 17:15:00,8,9,3,17,15,340,3,DE GAULLE (E14 A F15,,,Plein jour,Hors agglomération,Intersection en T,Normale,Trois véhicules et plus - collisions multiples,,,,,,,,,,,1,1,3,1,5
200800053159,0008-09-05 11:50:00,8,9,5,11,50,340,3,RD612,,,Plein jour,Hors agglomération,Hors intersection,Normale,Deux véhicules - frontale,,,,,,,,,,,1,1,1,1,1
200800053160,0008-09-17 18:10:00,8,9,17,18,10,340,3,"18, VANNEAU (I16 A J15",,,Plein jour,En agglomération,Hors intersection,Normale,Deux véhicules - frontale,,,,,,,,,,,1,2,1,1,1
200800053161,0008-09-12 08:50:00,8,9,12,8,50,340,3,DENFERT ROCHEREAU (E15 A,,,Plein jour,En agglomération,Intersection en T,Normale,Deux véhicules - côté,,,,,,,,,,,1,2,3,1,3
200800053162,0008-09-30 00:50:00,8,9,30,0,50,340,3,RD612,,,Nuit sans éclairage public,Hors agglomération,Hors intersection,Normale,Deux véhicules - arrière,,,,,,,,,,,3,1,1,1,2
200800053163,0008-09-04 20:00:00,8,9,4,20,0,340,32,FOCH MARECHAL FERDINAND,,,Nuit avec éclairage allumé,En agglomération,Intersection en X,Normale,Deux véhicules - arrière,,,,,,,,,,,5,2,2,1,2
200800053164,0008-09-03 20:00:00,8,9,3,20,0,340,32,MOULIN JEAN (AV),,,Plein jour,En agglomération,Hors intersection,Normale,Trois véhicules et plus - collisions multiples,,,,,,,,,,,1,2,1,1,5
200800053165,0008-09-03 21:00:00,8,9,3,21,0,340,32,CABANEL ALEXANDRE (RUE),,,Nuit avec éclairage allumé,En agglomération,Intersection en X,Normale,Deux véhicules - côté,,,,,,,,,,,5,2,2,1,3
200800053166,0008-09-05 16:00:00,8,9,5,16,0,340,32,"12, RHIN ET DANUBE (AV.)",,,Plein jour,En agglomération,Hors intersection,Normale,Deux véhicules - arrière,,,,,,,,,,,1,2,1,1,2
200800053167,0008-09-05 17:15:00,8,9,5,17,15,340,32,SERVIAN (CH DE),,,Plein jour,En agglomération,Hors intersection,Normale,Sans collision,,,,,,,,,,,1,2,1,1,7
200800053168,0008-09-05 16:49:00,8,9,5,16,49,340,32,RHIN ET DANUBE (AV.),,,Plein jour,En agglomération,Hors intersection,Normale,Trois véhicules et plus - en chaîne,,,,,,,,,,,1,2,1,1,4
200800053169,0008-09-05 19:15:00,8,9,5,19,15,340,32,PECH HENRI (AV),,,Plein jour,En agglomération,Intersection en X,Normale,Deux véhicules - frontale,,,,,,,,,,,1,2,2,1,1
200800053170,0008-09-06 05:15:00,8,9,6,5,15,340,32,DUGUESCLIN BERTRAND (BD),,,Nuit avec éclairage allumé,En agglomération,Hors intersection,Normale,Sans collision,,,,,,,,,,,5,2,1,1,7
200800053171,0008-09-06 16:00:00,8,9,6,16,0,340,32,CENTRE COMMERCIAL BZS II,,,Plein jour,En agglomération,Hors intersection,Normale,Deux véhicules - arrière,,,,,,,,,,,1,2,1,1,2
200800053172,0008-09-06 22:00:00,8,9,6,22,0,340,32,ROUTE DEPARTEMENTALE  61,,,Nuit sans éclairage public,Hors agglomération,Hors intersection,Normale,Sans collision,,,,,,,,,,,3,1,1,1,7
200800053173,0008-09-07 16:30:00,8,9,7,16,30,340,336,COQUELICOTS (RUE DES),,,Plein jour,En agglomération,Hors intersection,Normale,Deux véhicules - frontale,,,,,,,,,,,1,2,1,1,1
200800053174,0008-09-12 22:00:00,8,9,12,22,0,340,336,R.D 612,,,Nuit sans éclairage public,Hors agglomération,Hors intersection,Normale,Sans collision,,,,,,,,,,,3,1,1,1,7
200800053175,0008-09-08 11:15:00,8,9,8,11,15,340,32,WILSON PRESIDENT (AV DU),,,Plein jour,En agglomération,Intersection en T,Pluie légère,Deux véhicules - côté,,,,,,,,,,,1,2,3,2,3
200800053176,0008-09-09 15:00:00,8,9,9,15,0,340,32,ROUTE DE BEDARIEUX (RD.9,,,Plein jour,Hors agglomération,Intersection en Y,Normale,Deux véhicules - arrière,,,,,,,,,,,1,1,4,1,2
200800053177,0008-09-10 11:05:00,8,9,10,11,5,340,32,CITADELLE (RUE DE LA),,,Plein jour,En agglomération,Hors intersection,Normale,Autre collision,,,,,,,,,,,1,2,1,1,6
200800053178,0008-09-10 15:00:00,8,9,10,15,0,340,32,VOIE DOMITIENNE (AV DE L,,,Plein jour,En agglomération,Hors intersection,Normale,Sans collision,,,,,,,,,,,1,2,1,1,7
200800053179,0008-09-11 15:25:00,8,9,11,15,25,340,73,ROUTE DEPARTEMENTALE 612,,,Plein jour,En agglomération,Hors intersection,Normale,Sans collision,,,,,,,,,,,1,2,1,1,7
200800053180,0008-09-11 18:15:00,8,9,11,18,15,340,336,R.D 612,,,Plein jour,Hors agglomération,Hors intersection,Pluie légère,Trois véhicules et plus - en chaîne,,,,,,,,,,,1,1,1,2,4
200800053181,0008-09-14 06:00:00,8,9,14,6,0,340,336,LA MONTAGNETTE ZONE D'AC,,,Nuit avec éclairage allumé,En agglomération,Hors intersection,Normale,Deux véhicules - frontale,,,,,,,,,,,5,2,1,1,1
200800053182,0008-09-15 09:45:00,8,9,15,9,45,340,32,ROUTE DE MARAUSSAN (RD.1,,,Crépuscule ou aube,Hors agglomération,Hors intersection,Normale,Sans collision,,,,,,,,,,,2,1,1,1,7
200800053183,0008-09-15 12:15:00,8,9,15,12,15,340,32,CHEMIN RURAL NR.68,,,Plein jour,En agglomération,Hors intersection,Normale,Autre collision,,,,,,,,,,,1,2,1,1,6
200800053184,0008-09-19 17:00:00,8,9,19,17,0,340,32,WILSON PRESIDENT (AV DU),,,Plein jour,En agglomération,Hors intersection,Normale,Deux véhicules - arrière,,,,,,,,,,,1,2,1,1,2
200800053185,0008-09-19 16:45:00,8,9,19,16,45,340,32,VERDUN (BD DE),,,Plein jour,En agglomération,Hors intersection,Normale,Deux véhicules - arrière,,,,,,,,,,,1,2,1,1,2
200800053186,0008-09-19 21:30:00,8,9,19,21,30,340,32,RN.113 - 9 (BEZIERS-PEZE,,,Nuit sans éclairage public,Hors agglomération,Hors intersection,Normale,Sans collision,,,,,,,,,,,3,1,1,1,7
200800053187,0008-09-20 14:35:00,8,9,20,14,35,340,336,SERIGNAN (ANCIENNE ROUTE,,,Plein jour,Hors agglomération,Hors intersection,Normale,Deux véhicules - frontale,,,,,,,,,,,1,1,1,1,1
200800053188,0008-09-21 18:15:00,8,9,21,18,15,340,336,MEDITERRANEE (AVENUE DE,,,Plein jour,En agglomération,Hors intersection,Normale,Sans collision,,,,,,,,,,,1,2,1,1,7
200800053189,0008-09-22 19:50:00,8,9,22,19,50,750,115,"1, PLACE BALARD",,,Nuit avec éclairage allumé,En agglomération,Intersection en X,Normale,Deux véhicules - côté,,,,,,,,,,,5,2,2,1,3
200800053190,0008-09-22 21:30:00,8,9,22,21,30,750,116,AVENUE BUGEAUD,,,Nuit avec éclairage allumé,En agglomération,Hors intersection,Normale,Deux véhicules - côté,,,,,,,,,,,5,2,1,1,3
200800053191,0008-09-15 16:40:00,8,9,15,16,40,930,48,"33, ANATOLE FRANCE (RUE)",,,Plein jour,En agglomération,Hors intersection,Normale,Autre collision,,,,,,,,,,,1,2,1,1,6
200800053192,0008-09-13 13:40:00,8,9,13,13,40,750,104,BOULEVARD HENRI IV,,,Plein jour,En agglomération,Intersection à plus de 4 branches,Normale,Deux véhicules - côté,,,,,,,,,,,1,2,5,1,3
200800053193,0008-09-13 08:20:00,8,9,13,8,20,750,110,RUE DU FAUBOURG SAINT DE,,,Plein jour,En agglomération,Hors intersection,Normale,Autre collision,,,,,,,,,,,1,2,1,1,6
200800053194,0008-09-13 17:20:00,8,9,13,17,20,750,111,RUE SAINT MAUR,,,Plein jour,En agglomération,Hors intersection,Temps couvert,Autre collision,,,,,,,,,,,1,2,1,8,6
200800053195,0008-09-13 21:50:00,8,9,13,21,50,750,112,"75, AVENUE LEDRU ROLLIN",,,Nuit avec éclairage allumé,En agglomération,Hors intersection,Normale,Deux véhicules - côté,,,,,,,,,,,5,2,1,1,3
200800053196,0008-09-13 16:30:00,8,9,13,16,30,750,113,"127, BOULEVARD AUGUSTE B",,,Plein jour,En agglomération,Intersection en X,Normale,Deux véhicules - côté,,,,,,,,,,,1,2,2,1,3
200800053197,0008-09-13 23:19:00,8,9,13,23,19,750,113,RUE DE TOLBIAC,,,Nuit avec éclairage allumé,En agglomération,Intersection en X,Normale,Deux véhicules - côté,,,,,,,,,,,5,2,2,1,3
200800053198,0008-09-13 18:30:00,8,9,13,18,30,750,115,"54, BOULEVARD PASTEUR",,,Plein jour,En agglomération,Hors intersection,Normale,Autre collision,,,,,,,,,,,1,2,1,1,6
200800053199,0008-09-13 11:30:00,8,9,13,11,30,750,118,"8, RUE CAVE",,,Plein jour,En agglomération,Intersection en X,Normale,Deux véhicules - côté,,,,,,,,,,,1,2,2,1,3
200800053200,0008-09-13 19:00:00,8,9,13,19,0,750,120,"66, RUE DE BAGNOLET",,,Plein jour,En agglomération,Hors intersection,Pluie légère,Deux véhicules - arrière,,,,,,,,,,,1,2,1,2,2
200800053201,0008-09-13 01:15:00,8,9,13,1,15,750,112,ROUTE DE LA PYRAMIDE,,,Nuit avec éclairage allumé,En agglomération,Hors intersection,Normale,Autre collision,,,,,,,,,,,5,2,1,1,6
200800053202,0008-09-13 10:10:00,8,9,13,10,10,750,115,QUAI DE GRENELLE,,,Plein jour,En agglomération,Intersection en T,Normale,Deux véhicules - côté,,,,,,,,,,,1,2,3,1,3
200800053203,0008-09-13 19:45:00,8,9,13,19,45,750,113,QUAI D IVRY,,,Plein jour,En agglomération,Hors intersection,Normale,Deux véhicules - côté,,,,,,,,,,,1,2,1,1,3
200800053204,0008-09-14 16:05:00,8,9,14,16,5,750,105,"3, RUE MONGE",,,Plein jour,En agglomération,Hors intersection,Normale,Sans collision,,,,,,,,,,,1,2,1,1,7
200800053205,0008-09-14 02:40:00,8,9,14,2,40,750,105,BOULEVARD SAINT MICHEL,,,Nuit avec éclairage allumé,En agglomération,Intersection en X,Normale,Autre collision,,,,,,,,,,,5,2,2,1,6
200800053206,0008-09-14 11:30:00,8,9,14,11,30,750,106,RUE DE L ANCIENNE COMEDI,,,Plein jour,En agglomération,Intersection en X,Normale,Autre collision,,,,,,,,,,,1,2,2,1,6
200800053207,0008-09-14 05:10:00,8,9,14,5,10,750,109,RUE DE CLICHY,,,Nuit avec éclairage allumé,En agglomération,Hors intersection,Normale,Deux véhicules - côté,,,,,,,,,,,5,2,1,1,3
200800053208,0008-09-14 16:20:00,8,9,14,16,20,750,111,"117, RUE DE LA ROQUETTE",,,Plein jour,En agglomération,Intersection en T,Normale,Deux véhicules - arrière,,,,,,,,,,,1,2,3,1,2
200800053209,0008-09-14 22:10:00,8,9,14,22,10,750,112,BOULEVARD PONIATOWSKI,,,Nuit avec éclairage allumé,En agglomération,Intersection en X,Normale,Autre collision,,,,,,,,,,,5,2,2,1,6
200800053210,0008-09-14 06:45:00,8,9,14,6,45,750,115,"1, RUE LECOURBE",,,Nuit avec éclairage allumé,En agglomération,Intersection en X,Normale,Autre collision,,,,,,,,,,,5,2,2,1,6
200800053211,0008-09-14 10:40:00,8,9,14,10,40,750,115,PLACE DES INSURGES DE VA,,,Plein jour,En agglomération,Hors intersection,Normale,Deux véhicules - arrière,,,,,,,,,,,1,2,1,1,2
200800053212,0008-09-14 17:15:00,8,9,14,17,15,750,116,"116, AVENUE DU PRESIDENT",,,Plein jour,En agglomération,Hors intersection,Normale,Deux véhicules - côté,,,,,,,,,,,1,2,1,1,3
200800053213,0008-09-14 17:59:00,8,9,14,17,59,750,116,AVENUE ALBERT 1ER DE MON,,,Plein jour,En agglomération,Hors intersection,Normale,Autre collision,,,,,,,,,,,1,2,1,1,6
200800053214,0008-09-14 21:45:00,8,9,14,21,45,750,116,"114, QUAI LOUIS BLERIOT",,,Nuit avec éclairage allumé,En agglomération,Hors intersection,Normale,Autre collision,,,,,,,,,,,5,2,1,1,6
200800053215,0008-09-14 15:45:00,8,9,14,15,45,750,118,AVENUE DE LA PORTE DE SA,,,Plein jour,En agglomération,Intersection en X,Normale,Sans collision,,,,,,,,,,,1,2,2,1,7
200800053216,0008-09-14 17:35:00,8,9,14,17,35,750,119,PLACE AUGUSTE BARON,,,Plein jour,En agglomération,Intersection en T,Normale,Deux véhicules - côté,,,,,,,,,,,1,2,3,1,3
200800053217,0008-09-14 13:47:00,8,9,14,13,47,750,114,"0, RUE D ALESIA",,,Plein jour,En agglomération,Intersection en X,Normale,Autre collision,,,,,,,,,,,1,2,2,1,6
200800053218,0008-09-14 22:35:00,8,9,14,22,35,750,112,"7, BOULEVARD DE REUILLY",,,Nuit avec éclairage allumé,En agglomération,Intersection en Y,Normale,Deux véhicules - côté,,,,,,,,,,,5,2,4,1,3
200800053219,0008-09-14 04:50:00,8,9,14,4,50,750,119,BOULEVARD PERIPHERIQUE E,,,Nuit avec éclairage allumé,En agglomération,Hors intersection,Normale,Autre collision,,,,,,,,,,,5,2,1,1,6
200800053220,0008-09-14 04:40:00,8,9,14,4,40,750,119,BOULEVARD PERIPHERIQUE E,,,Nuit avec éclairage allumé,En agglomération,Hors intersection,Normale,Autre collision,,,,,,,,,,,5,2,1,1,6
200800053221,0008-09-15 20:10:00,8,9,15,20,10,750,101,"10, AVENUE DE L OPERA",,,Nuit avec éclairage allumé,En agglomération,Hors intersection,Normale,Sans collision,,,,,,,,,,,5,2,1,1,7
200800053222,0008-09-15 15:40:00,8,9,15,15,40,750,103,"17, BOULEVARD DES FILLES",,,Plein jour,En agglomération,Intersection en T,Normale,Autre collision,,,,,,,,,,,1,2,3,1,6
200800053223,0008-09-15 08:20:00,8,9,15,8,20,750,105,BOULEVARD SAINT GERMAIN,,,Plein jour,En agglomération,Hors intersection,Normale,Autre collision,,,,,,,,,,,1,2,1,1,6
200800053224,0008-09-15 10:30:00,8,9,15,10,30,750,105,RUE MONGE,,,Plein jour,En agglomération,Intersection en X,Normale,Deux véhicules - arrière,,,,,,,,,,,1,2,2,1,2
200800053225,0008-09-15 09:45:00,8,9,15,9,45,750,106,"0, CARREFOUR DE BUCI",,,Plein jour,En agglomération,Hors intersection,Normale,Deux véhicules - côté,,,,,,,,,,,1,2,1,1,3
200800053226,0008-09-15 14:00:00,8,9,15,14,0,750,107,"90, BOULEVARD SAINT GERM",,,Plein jour,En agglomération,Intersection à plus de 4 branches,Normale,Deux véhicules - côté,,,,,,,,,,,1,2,5,1,3
200800053227,0008-09-15 11:25:00,8,9,15,11,25,750,108,"11, AVENUE GEORGE V",,,Plein jour,En agglomération,Intersection en Y,Normale,Deux véhicules - côté,,,,,,,,,,,1,2,4,1,3
200800053228,0008-09-15 20:35:00,8,9,15,20,35,750,109,BOULEVARD POISSONNIERE,,,Nuit avec éclairage allumé,En agglomération,Hors intersection,Normale,Sans collision,,,,,,,,,,,5,2,1,1,7
200800053229,0008-09-15 11:20:00,8,9,15,11,20,750,109,"59, BOULEVARD DE ROCHECH",,,Plein jour,En agglomération,Intersection en T,Normale,Deux véhicules - arrière,,,,,,,,,,,1,2,3,1,2
200800053230,0008-09-15 13:20:00,8,9,15,13,20,750,109,BOULEVARD HAUSSMANN,,,Plein jour,En agglomération,Intersection à plus de 4 branches,Normale,Autre collision,,,,,,,,,,,1,2,5,1,6
200800053231,0008-09-15 16:10:00,8,9,15,16,10,750,109,BOULEVARD POISSONNIERE,,,Plein jour,En agglomération,Hors intersection,Normale,Deux véhicules - côté,,,,,,,,,,,1,2,1,1,3
200800053232,0008-09-15 09:20:00,8,9,15,9,20,750,110,"203, RUE DU FAUBOURG SAI",,,Plein jour,En agglomération,Hors intersection,Normale,Autre collision,,,,,,,,,,,1,2,1,1,6
200800053233,0008-09-15 15:40:00,8,9,15,15,40,750,111,"23, AVENUE DE LA REPUBLI",,,Plein jour,En agglomération,Intersection en Y,Temps couvert,Deux véhicules - côté,,,,,,,,,,,1,2,4,8,3
200800053234,0008-09-15 10:30:00,8,9,15,10,30,750,112,PLACE DE LA NATION,,,Plein jour,En agglomération,Intersection à plus de 4 branches,Normale,Autre collision,,,,,,,,,,,1,2,5,1,6
200800053235,0008-09-15 08:55:00,8,9,15,8,55,750,114,RUE DU CHATEAU,,,Plein jour,En agglomération,Intersection à plus de 4 branches,Normale,Autre collision,,,,,,,,,,,1,2,5,1,6
200800053236,0008-09-15 15:45:00,8,9,15,15,45,750,114,RUE D ALESIA,,,Plein jour,En agglomération,Intersection à plus de 4 branches,Normale,Autre collision,,,,,,,,,,,1,2,5,1,6