accident_id,datetime,annee,mois,jour,heure,minute,departement,commune_insee,adresse,latitude,longitude,luminosite,agglomeration,intersection,meteo,collision,nb_vehicules,nb_usagers,nb_indemnes,nb_tues,nb_blesses_hosp,nb_blesses_legers,age_cond_1,age_cond_2,veh_type_cond_1,veh_type_cond_2,lum_code,agg_code,int_code,atm_code,col_code
200800053237,0008-09-15 08:35:00,8,9,15,8,35,750,115,"83, BOULEVARD DE GRENELL",,,Plein jour,En agglomération,Intersection en X,Normale,Autre collision,,,,,,,,,,,1,2,2,1,6
200800053238,0008-09-15 11:15:00,8,9,15,11,15,750,115,"24, RUE ROBERT DE FLERS",,,Plein jour,En agglomération,Hors intersection,Normale,Autre collision,,,,,,,,,,,1,2,1,1,6
200800053239,0008-09-15 07:50:00,8,9,15,7,50,750,116,"3, AVENUE DE LA GRANDE A",,,Plein jour,En agglomération,Intersection en T,Normale,Deux véhicules - côté,,,,,,,,,,,1,2,3,1,3
200800053240,0008-09-15 07:30:00,8,9,15,7,30,750,116,AVENUE DE SAINT CLOUD,,,Plein jour,En agglomération,Intersection à plus de 4 branches,Normale,Autre collision,,,,,,,,,,,1,2,5,1,6
200800053241,0008-09-15 11:15:00,8,9,15,11,15,750,116,"48, RUE MICHEL ANGE",,,Plein jour,En agglomération,Hors intersection,Normale,Deux véhicules - côté,,,,,,,,,,,1,2,1,1,3
200800053242,0008-09-15 16:00:00,8,9,15,16,0,750,116,"66, AVENUE VICTOR HUGO",,,Plein jour,En agglomération,Hors intersection,Normale,Deux véhicules - côté,,,,,,,,,,,1,2,1,1,3
200800053243,0008-09-15 16:00:00,8,9,15,16,0,750,117,"145 ter, RUE CARDINET",,,Plein jour,En agglomération,Hors intersection,Temps couvert,Autre collision,,,,,,,,,,,1,2,1,8,6
200800053244,0008-09-15 16:40:00,8,9,15,16,40,750,117,BOULEVARD DE LA SOMME,,,Plein jour,En agglomération,Hors intersection,Normale,Trois véhicules et plus - en chaîne,,,,,,,,,,,1,2,1,1,4
200800053245,0008-09-15 08:45:00,8,9,15,8,45,750,118,AVENUE DE SAINT OUEN,,,Plein jour,En agglomération,Hors intersection,Normale,Autre collision,,,,,,,,,,,1,2,1,1,6
200800053246,0008-09-15 11:40:00,8,9,15,11,40,750,118,PLACE DE LA CHAPELLE,,,Plein jour,En agglomération,Intersection en X,Normale,Deux véhicules - côté,,,,,,,,,,,1,2,2,1,3
200800053247,0008-09-15 19:40:00,8,9,15,19,40,750,118,"22, AVENUE DE LA PORTE D",,,Crépuscule ou aube,En agglomération,Intersection en X,Normale,Deux véhicules - côté,,,,,,,,,,,2,2,2,1,3
200800053248,0008-09-15 08:10:00,8,9,15,8,10,750,120,"76, AVENUE GAMBETTA",,,Plein jour,En agglomération,Hors intersection,Normale,Autre collision,,,,,,,,,,,1,2,1,1,6
200800053249,0008-09-15 13:15:00,8,9,15,13,15,750,120,"32, RUE D AVRON",,,Plein jour,En agglomération,Hors intersection,Normale,Autre collision,,,,,,,,,,,1,2,1,1,6
200800053250,0008-09-15 13:30:00,8,9,15,13,30,750,120,"71, COURS DE VINCENNES",,,Plein jour,En agglomération,Intersection en X,Normale,Deux véhicules - côté,,,,,,,,,,,1,2,2,1,3
200800053251,0008-09-15 06:50:00,8,9,15,6,50,750,120,"261, RUE DES PYRENEES",,,Crépuscule ou aube,En agglomération,Hors intersection,Normale,Autre collision,,,,,,,,,,,2,2,1,1,6
200800053252,0008-09-15 13:30:00,8,9,15,13,30,750,113,RUE JACQUES DESTREE,,,Plein jour,En agglomération,Hors intersection,Normale,Deux véhicules - côté,,,,,,,,,,,1,2,1,1,3
200800053253,0008-09-15 15:20:00,8,9,15,15,20,750,112,"0, AVENUE DU POLYGONE",,,Plein jour,En agglomération,Intersection en X,Normale,Deux véhicules - côté,,,,,,,,,,,1,2,2,1,3
200800053254,0008-09-15 17:20:00,8,9,15,17,20,750,107,QUAI D ORSAY,,,Plein jour,En agglomération,Intersection en X,Normale,Deux véhicules - côté,,,,,,,,,,,1,2,2,1,3
200800053255,0008-09-15 15:21:00,8,9,15,15,21,750,120,ECHANGEUR BAGNOLET,,,Plein jour,En agglomération,Hors intersection,Normale,Autre collision,,,,,,,,,,,1,2,1,1,6
200800053256,0008-09-22 22:52:00,8,9,22,22,52,750,102,"151, RUE MONTMARTRE",,,Nuit avec éclairage allumé,En agglomération,Hors intersection,Normale,Sans collision,,,,,,,,,,,5,2,1,1,7
200800053257,0008-09-22 12:20:00,8,9,22,12,20,750,104,"02, PLACE DU CHATELET",,,Plein jour,En agglomération,Place,Normale,Deux véhicules - côté,,,,,,,,,,,1,2,7,1,3
200800053258,0008-09-22 13:40:00,8,9,22,13,40,750,109,"74, RUE LA FAYETTE",,,Plein jour,En agglomération,Hors intersection,Normale,Autre collision,,,,,,,,,,,1,2,1,1,6
200800053259,0008-09-22 06:00:00,8,9,22,6,0,750,110,"21, BOULEVARD DE MAGENTA",,,Plein jour,En agglomération,Intersection en X,Normale,Deux véhicules - arrière,,,,,,,,,,,1,2,2,1,2
200800053260,0008-09-22 08:50:00,8,9,22,8,50,750,110,"89, RUE DU FAUBOURG DU T",,,Plein jour,En agglomération,Hors intersection,Normale,Autre collision,,,,,,,,,,,1,2,1,1,6
200800053261,0008-09-22 19:15:00,8,9,22,19,15,750,110,"32, BOULEVARD DE STRASBO",,,Crépuscule ou aube,En agglomération,Hors intersection,Normale,Trois véhicules et plus - collisions multiples,,,,,,,,,,,2,2,1,1,5
200800053262,0008-09-22 09:15:00,8,9,22,9,15,750,112,AVENUE DE NOGENT,,,Plein jour,En agglomération,Hors intersection,Normale,Deux véhicules - arrière,,,,,,,,,,,1,2,1,1,2
200800053263,0008-09-22 20:40:00,8,9,22,20,40,750,112,RUE DE BERCY,,,Nuit avec éclairage allumé,En agglomération,Intersection en X,Normale,Deux véhicules - frontale,,,,,,,,,,,5,2,2,1,1
200800053264,0008-09-22 09:00:00,8,9,22,9,0,750,113,"101, RUE DE TOLBIAC",,,Plein jour,En agglomération,Intersection en T,Normale,Deux véhicules - côté,,,,,,,,,,,1,2,3,1,3
200800053265,0008-09-22 12:45:00,8,9,22,12,45,750,113,"124, BOULEVARD AUGUSTE B",,,Plein jour,En agglomération,Hors intersection,Normale,Deux véhicules - côté,,,,,,,,,,,1,2,1,1,3
200800053266,0008-09-23 08:20:00,8,9,23,8,20,750,111,"18, BOULEVARD RICHARD LE",,,Plein jour,En agglomération,Intersection en Y,Normale,Deux véhicules - côté,,,,,,,,,,,1,2,4,1,3
200800053267,0008-09-23 21:45:00,8,9,23,21,45,750,112,BOULEVARD DIDEROT,,,Nuit avec éclairage allumé,En agglomération,Intersection en X,Normale,Deux véhicules - côté,,,,,,,,,,,5,2,2,1,3
200800053268,0008-09-23 12:00:00,8,9,23,12,0,750,114,"3, RUE D ALESIA",,,Plein jour,En agglomération,Hors intersection,Normale,Autre collision,,,,,,,,,,,1,2,1,1,6
200800053269,0008-09-23 20:15:00,8,9,23,20,15,750,114,RUE JULIA BARTET,,,Nuit avec éclairage allumé,En agglomération,Hors intersection,Normale,Autre collision,,,,,,,,,,,5,2,1,1,6
200800053270,0008-09-23 09:20:00,8,9,23,9,20,750,117,"28, BOULEVARD PEREIRE",,,Plein jour,En agglomération,Hors intersection,Normale,Sans collision,,,,,,,,,,,1,2,1,1,7
200800053271,0008-09-23 17:10:00,8,9,23,17,10,750,117,"182, AVENUE DE CLICHY",,,Plein jour,En agglomération,Intersection en T,Normale,Deux véhicules - côté,,,,,,,,,,,1,2,3,1,3
200800053272,0008-09-23 20:45:00,8,9,23,20,45,750,117,BOULEVARD DE COURCELLES,,,Nuit avec éclairage allumé,En agglomération,Intersection en X,Normale,Autre collision,,,,,,,,,,,5,2,2,1,6
200800053273,0008-09-23 18:15:00,8,9,23,18,15,750,117,BOULEVARD PERIPHERIQUE,,,Plein jour,En agglomération,Hors intersection,Pluie légère,Deux véhicules - côté,,,,,,,,,,,1,2,1,2,3
200800053274,0008-09-23 22:45:00,8,9,23,22,45,750,118,"80, BOULEVARD NEY",,,Nuit avec éclairage allumé,En agglomération,Hors intersection,Normale,Autre collision,,,,,,,,,,,5,2,1,1,6
200800053275,0008-09-23 12:15:00,8,9,23,12,15,750,119,"1, AVENUE DE LA PORTE DE",,,Plein jour,En agglomération,Hors intersection,Normale,Autre collision,,,,,,,,,,,1,2,1,1,6
200800053276,0008-09-23 14:40:00,8,9,23,14,40,750,113,PORTE D IVRY,,,Plein jour,En agglomération,Hors intersection,Normale,Trois véhicules et plus - en chaîne,,,,,,,,,,,1,2,1,1,4
200800053277,0008-09-24 09:30:00,8,9,24,9,30,750,102,"58, RUE SAINTE ANNE",,,Plein jour,En agglomération,Intersection en T,Temps couvert,Autre collision,,,,,,,,,,,1,2,3,8,6
200800053278,0008-09-24 14:10:00,8,9,24,14,10,750,105,QUAI DE LA TOURNELLE,,,Plein jour,En agglomération,Intersection en T,Normale,Deux véhicules - arrière,,,,,,,,,,,1,2,3,1,2
200800053279,0008-09-24 20:14:00,8,9,24,20,14,750,106,"120, BOULEVARD SAINT GER",,,Nuit avec éclairage allumé,En agglomération,Intersection en X,Normale,Deux véhicules - côté,,,,,,,,,,,5,2,2,1,3
200800053280,0008-09-24 16:15:00,8,9,24,16,15,750,107,AVENUE DU MARECHAL GALLI,,,Plein jour,En agglomération,Hors intersection,Normale,Sans collision,,,,,,,,,,,1,2,1,1,7
200800053281,0008-09-24 06:30:00,8,9,24,6,30,750,108,AVENUE DES CHAMPS ELYSEE,,,Nuit avec éclairage allumé,En agglomération,Intersection en X,Pluie légère,Deux véhicules - arrière,,,,,,,,,,,5,2,2,2,2
200800053282,0008-09-24 23:25:00,8,9,24,23,25,750,108,"4, PLACE DE LA CONCORDE",,,Nuit avec éclairage allumé,En agglomération,Intersection en X,Normale,Deux véhicules - côté,,,,,,,,,,,5,2,2,1,3
200800053283,0008-09-24 08:45:00,8,9,24,8,45,750,110,PLACE DE LA REPUBLIQUE,,,Plein jour,En agglomération,Intersection en X,Pluie légère,Deux véhicules - arrière,,,,,,,,,,,1,2,2,2,2
200800053284,0008-09-24 19:50:00,8,9,24,19,50,750,110,"103, BOULEVARD DE MAGENT",,,Nuit avec éclairage allumé,En agglomération,Hors intersection,Normale,Deux véhicules - côté,,,,,,,,,,,5,2,1,1,3
200800053285,0008-09-24 14:20:00,8,9,24,14,20,750,111,"55, BOULEVARD VOLTAIRE",,,Plein jour,En agglomération,Intersection en T,Normale,Deux véhicules - côté,,,,,,,,,,,1,2,3,1,3
200800053286,0008-09-24 07:15:00,8,9,24,7,15,750,112,AVENUE DAUMESNIL,,,Crépuscule ou aube,En agglomération,Intersection en T,Pluie légère,Sans collision,,,,,,,,,,,2,2,3,2,7
200800053287,0008-09-24 09:50:00,8,9,24,9,50,750,112,ROUTE DE LA PYRAMIDE,,,Plein jour,En agglomération,Hors intersection,Normale,Autre collision,,,,,,,,,,,1,2,1,1,6
200800053288,0008-09-24 19:25:00,8,9,24,19,25,750,113,"27, AVENUE DE LA PORTE D",,,Crépuscule ou aube,En agglomération,Hors intersection,Normale,Deux véhicules - arrière,,,,,,,,,,,2,2,1,1,2
200800053289,0008-09-24 09:30:00,8,9,24,9,30,750,114,"16, AVENUE DU GENERAL LE",,,Plein jour,En agglomération,Hors intersection,Pluie légère,Deux véhicules - arrière,,,,,,,,,,,1,2,1,2,2
200800053290,0008-09-24 15:20:00,8,9,24,15,20,750,114,"61, AVENUE DU GENERAL LE",,,Plein jour,En agglomération,Hors intersection,Normale,Sans collision,,,,,,,,,,,1,2,1,1,7
200800053291,0008-09-24 18:15:00,8,9,24,18,15,750,114,"21, AVENUE DE LA PORTE D",,,Plein jour,En agglomération,Hors intersection,Normale,Autre collision,,,,,,,,,,,1,2,1,1,6
200800053292,0008-09-24 19:25:00,8,9,24,19,25,750,117,AVENUE DE SAINT OUEN,,,Nuit avec éclairage allumé,En agglomération,Hors intersection,Normale,Deux véhicules - côté,,,,,,,,,,,5,2,1,1,3
200800053293,0008-09-24 21:00:00,8,9,24,21,0,750,118,"111, RUE CAULAINCOURT",,,Nuit avec éclairage allumé,En agglomération,Intersection en Y,Normale,Deux véhicules - frontale,,,,,,,,,,,5,2,4,1,1
200800053294,0008-09-24 02:10:00,8,9,24,2,10,750,119,"01, PLACE AUGUSTE BARON",,,Nuit avec éclairage allumé,En agglomération,Place,Pluie légère,Deux véhicules - côté,,,,,,,,,,,5,2,7,2,3
200800053295,0008-09-24 17:30:00,8,9,24,17,30,750,119,RUE DE L ORME,,,Plein jour,En agglomération,Intersection en X,Normale,Sans collision,,,,,,,,,,,1,2,2,1,7
200800053296,0008-09-24 14:25:00,8,9,24,14,25,750,109,"43, RUE SAINT LAZARE",,,Plein jour,En agglomération,Hors intersection,Normale,Deux véhicules - arrière,,,,,,,,,,,1,2,1,1,2
200800053297,0008-09-24 15:50:00,8,9,24,15,50,750,114,"8 bis, AVENUE RENE COTY",,,Plein jour,En agglomération,Hors intersection,Normale,Autre collision,,,,,,,,,,,1,2,1,1,6
200800053298,0008-09-24 23:39:00,8,9,24,23,39,750,112,QUAI DE LA RAPEE,,,Nuit avec éclairage allumé,En agglomération,Hors intersection,Normale,Autre collision,,,,,,,,,,,5,2,1,1,6
200800053299,0008-09-24 10:00:00,8,9,24,10,0,750,112,ECHANGEUR BERCY,,,Plein jour,En agglomération,Hors intersection,Normale,Trois véhicules et plus - collisions multiples,,,,,,,,,,,1,2,1,1,5
200800053300,0008-09-24 08:45:00,8,9,24,8,45,750,116,BOULEVARD D AUTEUIL,,,Plein jour,En agglomération,Intersection en Y,Pluie légère,Deux véhicules - côté,,,,,,,,,,,1,2,4,2,3
200800053301,0008-09-24 07:20:00,8,9,24,7,20,750,114,PORTE DE CHATILLON,,,Plein jour,En agglomération,Hors intersection,Pluie légère,Trois véhicules et plus - collisions multiples,,,,,,,,,,,1,2,1,2,5
200800053302,0008-09-24 17:45:00,8,9,24,17,45,750,116,PORTE DAUPHINE,,,Plein jour,En agglomération,Hors intersection,Normale,Deux véhicules - arrière,,,,,,,,,,,1,2,1,1,2
200800053303,0008-09-24 21:25:00,8,9,24,21,25,750,115,BOULEVARD PERIPHERIQUE E,,,Nuit avec éclairage allumé,En agglomération,Hors intersection,Normale,Trois véhicules et plus - en chaîne,,,,,,,,,,,5,2,1,1,4
200800053304,0008-09-25 21:05:00,8,9,25,21,5,750,102,"36, AVENUE DE L OPERA",,,Nuit avec éclairage allumé,En agglomération,Intersection en Y,Normale,Trois véhicules et plus - en chaîne,,,,,,,,,,,5,2,4,1,4
200800053305,0008-09-25 17:05:00,8,9,25,17,5,750,103,"8, RUE DE MONTMORENCY",,,Plein jour,En agglomération,Hors intersection,Normale,Deux véhicules - côté,,,,,,,,,,,1,2,1,1,3
200800053306,0008-09-25 10:50:00,8,9,25,10,50,750,104,VOIE GEORGES POMPIDOU,,,Plein jour,En agglomération,Hors intersection,Normale,Deux véhicules - arrière,,,,,,,,,,,1,2,1,1,2
200800053307,0008-09-25 09:40:00,8,9,25,9,40,750,107,"5, RUE COGNACQ JAY",,,Plein jour,En agglomération,Hors intersection,Normale,Deux véhicules - côté,,,,,,,,,,,1,2,1,1,3
200800053308,0008-09-25 22:35:00,8,9,25,22,35,750,107,PLACE VAUBAN,,,Nuit avec éclairage allumé,En agglomération,Intersection à plus de 4 branches,Normale,Autre collision,,,,,,,,,,,5,2,5,1,6
200800053309,0008-09-25 16:10:00,8,9,25,16,10,750,108,"32, RUE DE BERRI",,,Plein jour,En agglomération,Intersection en X,Normale,Sans collision,,,,,,,,,,,1,2,2,1,7
200800053310,0008-09-25 17:10:00,8,9,25,17,10,750,111,RUE DU CHEMIN VERT,,,Plein jour,En agglomération,Hors intersection,Normale,Deux véhicules - côté,,,,,,,,,,,1,2,1,1,3
200800053311,0008-09-25 16:50:00,8,9,25,16,50,750,111,"85, RUE DU FAUBOURG SAIN",,,Plein jour,En agglomération,Hors intersection,Normale,Autre collision,,,,,,,,,,,1,2,1,1,6
200800053312,0008-09-25 13:00:00,8,9,25,13,0,750,112,COURS DES MARECHAUX,,,Plein jour,En agglomération,Hors intersection,Normale,Autre collision,,,,,,,,,,,1,2,1,1,6
200800053313,0008-09-25 17:55:00,8,9,25,17,55,750,112,"36, BOULEVARD DE LA BAST",,,Plein jour,En agglomération,Hors intersection,Normale,Autre collision,,,,,,,,,,,1,2,1,1,6
200800053314,0008-09-25 09:45:00,8,9,25,9,45,750,113,"3, BOULEVARD DE PORT ROY",,,Plein jour,En agglomération,Hors intersection,Normale,Deux véhicules - arrière,,,,,,,,,,,1,2,1,1,2
200800053315,0008-09-25 13:20:00,8,9,25,13,20,750,113,AVENUE D ITALIE,,,Plein jour,En agglomération,Intersection en T,Normale,Autre collision,,,,,,,,,,,1,2,3,1,6
200800053316,0008-09-25 08:15:00,8,9,25,8,15,750,115,"206, RUE DE LA CROIX NIV",,,Plein jour,En agglomération,Intersection en X,Normale,Deux véhicules - frontale,,,,,,,,,,,1,2,2,1,1
200800053317,0008-09-25 20:50:00,8,9,25,20,50,750,115,BOULEVARD PERIPHERIQUE,,,Nuit avec éclairage allumé,En agglomération,Hors intersection,Normale,Deux véhicules - côté,,,,,,,,,,,5,2,1,1,3
200800053318,0008-09-25 01:06:00,8,9,25,1,6,750,116,BOULEVARD PERIPHERIQUE E,,,Nuit avec éclairage allumé,En agglomération,Hors intersection,Normale,Autre collision,,,,,,,,,,,5,2,1,1,6
200800053319,0008-09-25 18:55:00,8,9,25,18,55,750,117,"6, RUE DE BIZERTE",,,Plein jour,En agglomération,Hors intersection,Normale,Autre collision,,,,,,,,,,,1,2,1,1,6
200800053320,0008-09-25 21:30:00,8,9,25,21,30,750,108,"0, BOULEVARD DE COURCELL",,,Nuit avec éclairage allumé,En agglomération,Intersection en X,Normale,Deux véhicules - côté,,,,,,,,,,,5,2,2,1,3
200800053321,0008-09-25 12:55:00,8,9,25,12,55,750,119,"241, AVENUE JEAN JAURES",,,Plein jour,En agglomération,Hors intersection,Normale,Deux véhicules - arrière,,,,,,,,,,,1,2,1,1,2
200800053322,0008-09-25 13:13:00,8,9,25,13,13,750,120,"150, BOULEVARD DE MENILM",,,Plein jour,En agglomération,Hors intersection,Normale,Deux véhicules - côté,,,,,,,,,,,1,2,1,1,3
200800053323,0008-09-25 15:32:00,8,9,25,15,32,750,120,"36-38, RUE VITRUVE",,,Plein jour,En agglomération,Hors intersection,Normale,Autre collision,,,,,,,,,,,1,2,1,1,6
200800053324,0008-09-25 09:30:00,8,9,25,9,30,750,118,PORTE D AUBERVILLIERS,,,Plein jour,En agglomération,Hors intersection,Normale,Deux véhicules - arrière,,,,,,,,,,,1,2,1,1,2
200800053325,0008-09-25 20:40:00,8,9,25,20,40,750,120,PORTE DES LILAS,,,Nuit avec éclairage allumé,En agglomération,Hors intersection,Normale,Deux véhicules - arrière,,,,,,,,,,,5,2,1,1,2
200800053326,0008-09-26 19:50:00,8,9,26,19,50,750,104,RUE DU RENARD,,,Nuit avec éclairage allumé,En agglomération,Intersection en X,Normale,Deux véhicules - côté,,,,,,,,,,,5,2,2,1,3
200800053327,0008-09-26 19:10:00,8,9,26,19,10,750,103,"5, RUE PERREE",,,Plein jour,En agglomération,Intersection en X,Normale,Autre collision,,,,,,,,,,,1,2,2,1,6
200800053328,0008-09-26 22:50:00,8,9,26,22,50,750,103,BOULEVARD BEAUMARCHAIS,,,Nuit avec éclairage allumé,En agglomération,Intersection en X,Normale,Deux véhicules - côté,,,,,,,,,,,5,2,2,1,3
200800053329,0008-09-22 13:00:00,8,9,22,13,0,750,116,"2, ROUTE DE SEVRES A NEU",,,Plein jour,En agglomération,Hors intersection,Normale,Autre collision,,,,,,,,,,,1,2,1,1,6
200800053330,0008-09-22 17:15:00,8,9,22,17,15,750,116,RUE DES VIGNES,,,Plein jour,En agglomération,Intersection en X,Normale,Sans collision,,,,,,,,,,,1,2,2,1,7
200800053331,0008-09-22 20:00:00,8,9,22,20,0,750,116,"111, AVENUE VICTOR HUGO",,,Nuit avec éclairage allumé,En agglomération,Hors intersection,Normale,Deux véhicules - côté,,,,,,,,,,,5,2,1,1,3
200800053332,0008-09-22 19:45:00,8,9,22,19,45,750,119,AVENUE DE LA PORTE CHAUM,,,Crépuscule ou aube,En agglomération,Intersection en X,Normale,Deux véhicules - côté,,,,,,,,,,,2,2,2,1,3
200800053333,0008-09-22 15:15:00,8,9,22,15,15,750,107,QUAI D ORSAY,,,Plein jour,En agglomération,Intersection en T,Normale,Deux véhicules - côté,,,,,,,,,,,1,2,3,1,3
200800053334,0008-09-22 23:10:00,8,9,22,23,10,750,110,"96, BOULEVARD DE MAGENTA",,,Nuit avec éclairage allumé,En agglomération,Intersection en X,Normale,Deux véhicules - frontale,,,,,,,,,,,5,2,2,1,1
200800053335,0008-09-22 16:15:00,8,9,22,16,15,750,116,ECHANGEUR MUETTE,,,Plein jour,En agglomération,Hors intersection,Normale,Trois véhicules et plus - en chaîne,,,,,,,,,,,1,2,1,1,4
200800053336,0008-09-23 19:49:00,8,9,23,19,49,750,101,"42, RUE DU LOUVRE",,,Nuit avec éclairage allumé,En agglomération,Hors intersection,Pluie légère,Sans collision,,,,,,,,,,,5,2,1,2,7
200800053337,0008-09-23 09:55:00,8,9,23,9,55,750,102,"09, RUE DES PETITS CHAMP",,,Plein jour,En agglomération,Intersection en X,Normale,Deux véhicules - côté,,,,,,,,,,,1,2,2,1,3
200800053338,0008-09-23 18:55:00,8,9,23,18,55,750,105,"1, QUAI SAINT MICHEL",,,Nuit sans éclairage public,En agglomération,Intersection à plus de 4 branches,Pluie légère,Sans collision,,,,,,,,,,,3,2,5,2,7
200800053339,0008-09-23 09:30:00,8,9,23,9,30,750,108,BOULEVARD MALESHERBES,,,Plein jour,En agglomération,Hors intersection,Normale,Deux véhicules - arrière,,,,,,,,,,,1,2,1,1,2
200800053340,0008-09-23 20:10:00,8,9,23,20,10,750,108,AVENUE GEORGE V,,,Nuit avec éclairage allumé,En agglomération,Intersection en X,Pluie légère,Deux véhicules - côté,,,,,,,,,,,5,2,2,2,3
200800053341,0008-09-23 15:25:00,8,9,23,15,25,750,109,PLACE D ANVERS,,,Plein jour,En agglomération,Intersection à plus de 4 branches,Normale,Deux véhicules - côté,,,,,,,,,,,1,2,5,1,3
200800053342,0008-09-23 10:25:00,8,9,23,10,25,750,108,"88, BOULEVARD MALESHERBE",,,Plein jour,En agglomération,Intersection en T,Normale,Deux véhicules - côté,,,,,,,,,,,1,2,3,1,3
200800053343,0008-09-26 18:55:00,8,9,26,18,55,750,105,PONT PETIT PONT,,,Plein jour,En agglomération,Intersection en X,Normale,Deux véhicules - côté,,,,,,,,,,,1,2,2,1,3
200800053344,0008-09-26 13:30:00,8,9,26,13,30,750,106,"182, BOULEVARD SAINT GER",,,Plein jour,En agglomération,Intersection en X,Normale,Deux véhicules - côté,,,,,,,,,,,1,2,2,1,3
200800053345,0008-09-26 20:00:00,8,9,26,20,0,750,107,RUE DE SOLFERINO,,,Nuit sans éclairage public,En agglomération,Intersection en X,Normale,Deux véhicules - côté,,,,,,,,,,,3,2,2,1,3
200800053346,0008-09-26 00:30:00,8,9,26,0,30,750,108,AVENUE DES CHAMPS ELYSEE,,,Nuit avec éclairage allumé,En agglomération,Intersection en X,Normale,Deux véhicules - côté,,,,,,,,,,,5,2,2,1,3
200800053347,0008-09-26 15:20:00,8,9,26,15,20,750,108,"28, AVENUE HOCHE",,,Plein jour,En agglomération,Hors intersection,Normale,Deux véhicules - arrière,,,,,,,,,,,1,2,1,1,2
200800053348,0008-09-26 20:00:00,8,9,26,20,0,750,108,"101, BOULEVARD MALESHERB",,,Nuit avec éclairage allumé,En agglomération,Intersection en X,Normale,Deux véhicules - côté,,,,,,,,,,,5,2,2,1,3
200800053349,0008-09-26 23:50:00,8,9,26,23,50,750,108,"05, RUE VERNET",,,Nuit avec éclairage allumé,En agglomération,Intersection en X,Normale,Autre collision,,,,,,,,,,,5,2,2,1,6
200800053350,0008-09-26 09:15:00,8,9,26,9,15,750,110,BOULEVARD DE MAGENTA,,,Plein jour,En agglomération,Intersection en X,Normale,Autre collision,,,,,,,,,,,1,2,2,1,6
200800053351,0008-09-26 08:15:00,8,9,26,8,15,750,111,"99, AVENUE LEDRU ROLLIN",,,Plein jour,En agglomération,Hors intersection,Normale,Deux véhicules - côté,,,,,,,,,,,1,2,1,1,3
200800053352,0008-09-26 10:00:00,8,9,26,10,0,750,111,"60, BOULEVARD BEAUMARCHA",,,Plein jour,En agglomération,Intersection en X,Normale,Deux véhicules - arrière,,,,,,,,,,,1,2,2,1,2
200800053353,0008-09-26 12:08:00,8,9,26,12,8,750,111,"86, AVENUE PARMENTIER",,,Plein jour,En agglomération,Hors intersection,Normale,Deux véhicules - arrière,,,,,,,,,,,1,2,1,1,2
200800053354,0008-09-26 17:20:00,8,9,26,17,20,750,111,"207, BOULEVARD VOLTAIRE",,,Plein jour,En agglomération,Autre intersection,Normale,Sans collision,,,,,,,,,,,1,2,9,1,7
200800053355,0008-09-26 16:00:00,8,9,26,16,0,750,112,QUAI DE BERCY,,,Plein jour,En agglomération,Hors intersection,Normale,Deux véhicules - arrière,,,,,,,,,,,1,2,1,1,2
200800053356,0008-09-26 16:40:00,8,9,26,16,40,750,112,"115, BOULEVARD SOULT",,,Plein jour,En agglomération,Intersection en X,Normale,Deux véhicules - côté,,,,,,,,,,,1,2,2,1,3
200800053357,0008-09-26 00:01:00,8,9,26,0,1,750,113,QUAI D AUSTERLITZ,,,Nuit avec éclairage allumé,En agglomération,Intersection en X,Normale,Deux véhicules - côté,,,,,,,,,,,5,2,2,1,3
200800053358,0008-09-26 08:20:00,8,9,26,8,20,750,113,"42, AVENUE DES GOBELINS",,,Plein jour,En agglomération,Hors intersection,Normale,Sans collision,,,,,,,,,,,1,2,1,1,7
200800053359,0008-09-26 18:50:00,8,9,26,18,50,750,113,BOULEVARD PERIPHERIQUE I,,,Plein jour,En agglomération,Hors intersection,Normale,Autre collision,,,,,,,,,,,1,2,1,1,6
200800053360,0008-09-26 01:35:00,8,9,26,1,35,750,114,"57, BOULEVARD JOURDAN",,,Nuit avec éclairage allumé,En agglomération,Hors intersection,Normale,Deux véhicules - arrière,,,,,,,,,,,5,2,1,1,2
200800053361,0008-09-26 07:15:00,8,9,26,7,15,750,114,"11ter, RUE D ALESIA",,,Crépuscule ou aube,En agglomération,Intersection en X,Normale,Sans collision,,,,,,,,,,,2,2,2,1,7
200800053362,0008-09-26 14:05:00,8,9,26,14,5,750,115,"1, PLACE BALARD",,,Plein jour,En agglomération,Place,Normale,Deux véhicules - côté,,,,,,,,,,,1,2,7,1,3
200800053363,0008-09-26 19:25:00,8,9,26,19,25,750,115,BOULEVARD PERIPHERIQUE E,,,Crépuscule ou aube,En agglomération,Hors intersection,Normale,Deux véhicules - côté,,,,,,,,,,,2,2,1,1,3
200800053364,0008-09-26 21:40:00,8,9,26,21,40,750,115,"1, RUE BRANCION",,,Nuit avec éclairage allumé,En agglomération,Intersection en X,Normale,Deux véhicules - côté,,,,,,,,,,,5,2,2,1,3
200800053365,0008-09-26 10:40:00,8,9,26,10,40,750,116,"112, RUE JEAN DE LA FONT",,,Plein jour,En agglomération,Intersection en X,Normale,Autre collision,,,,,,,,,,,1,2,2,1,6
200800053366,0008-09-26 21:00:00,8,9,26,21,0,750,116,PLACE DE COLOMBIE,,,Nuit avec éclairage allumé,En agglomération,Place,Normale,Deux véhicules - côté,,,,,,,,,,,5,2,7,1,3
200800053367,0008-09-26 02:40:00,8,9,26,2,40,750,117,"145, AVENUE DE CLICHY",,,Nuit avec éclairage allumé,En agglomération,Intersection en X,Normale,Deux véhicules - frontale,,,,,,,,,,,5,2,2,1,1