accident_id,datetime,annee,mois,jour,heure,minute,departement,commune_insee,adresse,latitude,longitude,luminosite,agglomeration,intersection,meteo,collision,nb_vehicules,nb_usagers,nb_indemnes,nb_tues,nb_blesses_hosp,nb_blesses_legers,age_cond_1,age_cond_2,veh_type_cond_1,veh_type_cond_2,lum_code,agg_code,int_code,atm_code,col_code
200800053502,0008-09-24 07:15:00,8,9,24,7,15,750,112,A4,,,Plein jour,Hors agglomération,Hors intersection,Pluie légère,Deux véhicules - côté,,,,,,,,,,,1,1,1,2,3
200800053503,0008-09-24 18:15:00,8,9,24,18,15,940,28,A86,,,Plein jour,Hors agglomération,Hors intersection,Normale,Deux véhicules - côté,,,,,,,,,,,1,1,1,1,3
200800053504,0008-09-26 00:01:00,8,9,26,0,1,770,53,RN104,,,Nuit sans éclairage public,Hors agglomération,Hors intersection,Normale,Deux véhicules - arrière,,,,,,,,,,,3,1,1,1,2
200800053505,0008-09-26 09:00:00,8,9,26,9,0,940,17,A4,,,Plein jour,Hors agglomération,Hors intersection,Normale,Trois véhicules et plus - en chaîne,,,,,,,,,,,1,1,1,1,4
200800053506,0008-09-27 01:50:00,8,9,27,1,50,940,73,A86,,,Nuit avec éclairage allumé,Hors agglomération,Hors intersection,Normale,Deux véhicules - côté,,,,,,,,,,,5,1,1,1,3
200800053507,0008-09-11 20:51:00,8,9,11,20,51,910,64,RN 118,,,Nuit sans éclairage public,Hors agglomération,Hors intersection,Pluie légère,Deux véhicules - côté,,,,,,,,,,,3,1,1,2,3
200800053508,0008-09-11 23:53:00,8,9,11,23,53,920,2,AUTOROUTE A86,,,Nuit avec éclairage allumé,Hors agglomération,Hors intersection,Temps couvert,Deux véhicules - côté,,,,,,,,,,,5,1,1,8,3
200800053509,0008-09-12 05:45:00,8,9,12,5,45,910,64,RN 118,,,Nuit sans éclairage public,Hors agglomération,Hors intersection,Pluie forte,Autre collision,,,,,,,,,,,3,1,1,3,6
200800053510,0008-09-12 06:40:00,8,9,12,6,40,910,136,RN188 PROVINCE / A10 PAR,,,Nuit sans éclairage public,Hors agglomération,Autre intersection,Pluie légère,Autre collision,,,,,,,,,,,3,1,9,2,6
200800053511,0008-09-12 21:23:00,8,9,12,21,23,910,521,RN 104,,,Nuit sans éclairage public,Hors agglomération,Hors intersection,Normale,Deux véhicules - côté,,,,,,,,,,,3,1,1,1,3
200800053512,0008-09-14 16:59:00,8,9,14,16,59,910,64,RN 118,,,Plein jour,Hors agglomération,Hors intersection,Normale,Autre collision,,,,,,,,,,,1,1,1,1,6
200800053513,0008-09-14 19:08:00,8,9,14,19,8,910,340,AUTOROUTE A6,,,Plein jour,Hors agglomération,Hors intersection,Normale,Deux véhicules - côté,,,,,,,,,,,1,1,1,1,3
200800053514,0008-09-14 22:10:00,8,9,14,22,10,910,521,AUTOROUTE A6,,,Nuit sans éclairage public,Hors agglomération,Hors intersection,Normale,Trois véhicules et plus - en chaîne,,,,,,,,,,,3,1,1,1,4
200800053515,0008-09-16 16:27:00,8,9,16,16,27,920,2,AUTOROUTE A10,,,Plein jour,Hors agglomération,Hors intersection,Normale,Deux véhicules - côté,,,,,,,,,,,1,1,1,1,3
200800053516,0008-09-16 18:50:00,8,9,16,18,50,910,377,RN20,,,Plein jour,Hors agglomération,Intersection en X,Normale,Deux véhicules - côté,,,,,,,,,,,1,1,2,1,3
200800053517,0008-09-16 19:50:00,8,9,16,19,50,910,553,RN 104,,,Crépuscule ou aube,Hors agglomération,Hors intersection,Normale,Deux véhicules - arrière,,,,,,,,,,,2,1,1,1,2
200800053518,0008-09-18 07:10:00,8,9,18,7,10,910,286,AUTOROUTE A6,,,Crépuscule ou aube,Hors agglomération,Hors intersection,Normale,Deux véhicules - côté,,,,,,,,,,,2,1,1,1,3
200800053519,0008-09-20 12:20:00,8,9,20,12,20,940,65,AUTOROUTE A86,,,Plein jour,Hors agglomération,Hors intersection,Normale,Trois véhicules et plus - collisions multiples,,,,,,,,,,,1,1,1,1,5
200800053520,0008-09-20 17:39:00,8,9,20,17,39,910,161,AUTOROUTE A6,,,Plein jour,Hors agglomération,Hors intersection,Normale,Trois véhicules et plus - en chaîne,,,,,,,,,,,1,1,1,1,4
200800053521,0008-09-21 06:40:00,8,9,21,6,40,910,182,AUTOROUTE A6,,,Crépuscule ou aube,Hors agglomération,Hors intersection,Normale,Sans collision,,,,,,,,,,,2,1,1,1,7
200800053522,0008-09-21 07:00:00,8,9,21,7,0,940,34,AUTOROUTE A6A,,,Plein jour,Hors agglomération,Hors intersection,Normale,Sans collision,,,,,,,,,,,1,1,1,1,7
200800053523,0008-09-21 14:10:00,8,9,21,14,10,910,228,RN 449,,,Plein jour,Hors agglomération,Hors intersection,Normale,Sans collision,,,,,,,,,,,1,1,1,1,7
200800053524,0008-09-21 15:40:00,8,9,21,15,40,770,251,AUTOROUTE A5A,,,Plein jour,Hors agglomération,Hors intersection,Normale,Deux véhicules - arrière,,,,,,,,,,,1,1,1,1,2
200800053525,0008-09-21 16:10:00,8,9,21,16,10,910,340,AUTOROUTE A6,,,Plein jour,Hors agglomération,Hors intersection,Normale,Autre collision,,,,,,,,,,,1,1,1,1,6
200800053526,0008-09-21 20:00:00,8,9,21,20,0,940,38,AUTOROUTE A6B,,,Crépuscule ou aube,Hors agglomération,Hors intersection,Normale,Trois véhicules et plus - collisions multiples,,,,,,,,,,,2,1,1,1,5
200800053527,0008-09-22 17:15:00,8,9,22,17,15,910,521,RN 449,,,Plein jour,Hors agglomération,Hors intersection,Normale,Trois véhicules et plus - collisions multiples,,,,,,,,,,,1,1,1,1,5
200800053528,0008-09-23 00:10:00,8,9,23,0,10,910,434,AUTOROUTE A6,,,Nuit sans éclairage public,Hors agglomération,Hors intersection,Normale,Deux véhicules - côté,,,,,,,,,,,3,1,1,1,3
200800053529,0008-09-23 08:30:00,8,9,23,8,30,910,363,RN 104,,,Plein jour,Hors agglomération,Hors intersection,Normale,Deux véhicules - côté,,,,,,,,,,,1,1,1,1,3
200800053530,0008-09-23 08:35:00,8,9,23,8,35,920,2,AUTOROUTE A86,,,Plein jour,Hors agglomération,Hors intersection,Normale,Sans collision,,,,,,,,,,,1,1,1,1,7
200800053531,0008-09-23 11:35:00,8,9,23,11,35,910,553,RN 104,,,Plein jour,Hors agglomération,Hors intersection,Normale,Trois véhicules et plus - en chaîne,,,,,,,,,,,1,1,1,1,4
200800053532,0008-09-23 16:25:00,8,9,23,16,25,940,34,AUTOROUTE A86,,,Plein jour,Hors agglomération,Hors intersection,Normale,Deux véhicules - frontale,,,,,,,,,,,1,1,1,1,1
200800053533,0008-09-24 01:27:00,8,9,24,1,27,910,617,RN 104,,,Nuit sans éclairage public,Hors agglomération,Hors intersection,Normale,Deux véhicules - arrière,,,,,,,,,,,3,1,1,1,2
200800053534,0008-09-24 06:31:00,8,9,24,6,31,910,589,AUTOROUTE A6,,,Nuit sans éclairage public,Hors agglomération,Hors intersection,Pluie légère,Autre collision,,,,,,,,,,,3,1,1,2,6
200800053535,0008-09-25 08:15:00,8,9,25,8,15,910,617,RN 104,,,Plein jour,Hors agglomération,Hors intersection,Normale,Trois véhicules et plus - en chaîne,,,,,,,,,,,1,1,1,1,4
200800053536,0008-09-25 10:55:00,8,9,25,10,55,910,377,RN20,,,Plein jour,Hors agglomération,Intersection en X,Normale,Deux véhicules - arrière,,,,,,,,,,,1,1,2,1,2
200800053537,0008-09-27 06:45:00,8,9,27,6,45,940,46,A86,,,Nuit avec éclairage allumé,Hors agglomération,Hors intersection,Normale,Trois véhicules et plus - collisions multiples,,,,,,,,,,,5,1,1,1,5
200800053538,0008-09-27 08:15:00,8,9,27,8,15,770,237,A4,,,Plein jour,Hors agglomération,Hors intersection,Normale,Deux véhicules - côté,,,,,,,,,,,1,1,1,1,3
200800053539,0008-09-29 15:20:00,8,9,29,15,20,770,122,RN104,,,Plein jour,Hors agglomération,Hors intersection,Pluie légère,Deux véhicules - côté,,,,,,,,,,,1,1,1,2,3
200800053540,0008-09-30 19:00:00,8,9,30,19,0,770,249,RN104,,,Nuit sans éclairage public,Hors agglomération,Hors intersection,Normale,Autre collision,,,,,,,,,,,3,1,1,1,6
200800053541,0008-09-01 19:00:00,8,9,1,19,0,930,48,AUTOROUTE A3,,,Plein jour,Hors agglomération,Hors intersection,Normale,Deux véhicules - arrière,,,,,,,,,,,1,1,1,1,2
200800053542,0008-09-02 11:30:00,8,9,2,11,30,930,53,AUTOROUTE A3,,,Plein jour,Hors agglomération,Hors intersection,Normale,Trois véhicules et plus - collisions multiples,,,,,,,,,,,1,1,1,1,5
200800053543,0008-09-04 08:15:00,8,9,4,8,15,920,36,AUTOROUTE A15,,,Plein jour,Hors agglomération,Hors intersection,Normale,Trois véhicules et plus - en chaîne,,,,,,,,,,,1,1,1,1,4
200800053544,0008-09-05 17:40:00,8,9,5,17,40,950,582,RD 170,,,Plein jour,Hors agglomération,Hors intersection,Pluie légère,Trois véhicules et plus - en chaîne,,,,,,,,,,,1,1,1,2,4
200800053545,0008-09-05 19:00:00,8,9,5,19,0,950,582,RD 170,,,Plein jour,Hors agglomération,Hors intersection,Pluie légère,Sans collision,,,,,,,,,,,1,1,1,2,7
200800053546,0008-09-09 18:30:00,8,9,9,18,30,950,18,AUTOROUTE A15,,,Plein jour,Hors agglomération,Hors intersection,Normale,Deux véhicules - arrière,,,,,,,,,,,1,1,1,1,2
200800053547,0008-09-09 19:10:00,8,9,9,19,10,950,306,AUTOROUTE A15,,,Plein jour,Hors agglomération,Hors intersection,Normale,Deux véhicules - côté,,,,,,,,,,,1,1,1,1,3
200800053548,0008-09-12 05:45:00,8,9,12,5,45,950,582,AUTOROUTE A15,,,Nuit sans éclairage public,Hors agglomération,Hors intersection,Pluie légère,Sans collision,,,,,,,,,,,3,1,1,2,7
200800053549,0008-09-12 07:10:00,8,9,12,7,10,950,394,AUTOROUTE A115,,,Plein jour,Hors agglomération,Hors intersection,Pluie légère,Deux véhicules - arrière,,,,,,,,,,,1,1,1,2,2
200800053550,0008-09-12 09:00:00,8,9,12,9,0,930,5,AUTOROUTE A3,,,Plein jour,Hors agglomération,Hors intersection,Normale,Deux véhicules - côté,,,,,,,,,,,1,1,1,1,3
200800053551,0008-09-12 10:00:00,8,9,12,10,0,950,394,AUTOROUTE A115,,,Plein jour,Hors agglomération,Hors intersection,Pluie légère,Deux véhicules - arrière,,,,,,,,,,,1,1,1,2,2
200800053552,0008-09-12 11:45:00,8,9,12,11,45,600,612,AUTOROUTE A1,,,Plein jour,Hors agglomération,Hors intersection,Normale,Trois véhicules et plus - collisions multiples,,,,,,,,,,,1,1,1,1,5
200800053553,0008-09-13 20:45:00,8,9,13,20,45,950,572,ROUTE NATIONALE 184,,,Nuit avec éclairage non allumé,Hors agglomération,Hors intersection,Temps couvert,Deux véhicules - arrière,,,,,,,,,,,4,1,1,8,2
200800053554,0008-09-16 08:20:00,8,9,16,8,20,930,6,AUTOROUTE A3,,,Plein jour,Hors agglomération,Hors intersection,Normale,Trois véhicules et plus - collisions multiples,,,,,,,,,,,1,1,1,1,5
200800053555,0008-09-12 09:15:00,8,9,12,9,15,950,394,AUTOROUTE A115,,,Plein jour,Hors agglomération,Hors intersection,Pluie légère,Trois véhicules et plus - collisions multiples,,,,,,,,,,,1,1,1,2,5
200800053556,0008-09-17 16:50:00,8,9,17,16,50,950,500,AUTOROUTE A15,,,Plein jour,Hors agglomération,Hors intersection,Normale,Deux véhicules - côté,,,,,,,,,,,1,1,1,1,3
200800053557,0008-09-18 08:20:00,8,9,18,8,20,950,18,AUTOROUTE A15,,,Plein jour,Hors agglomération,Hors intersection,Normale,Trois véhicules et plus - collisions multiples,,,,,,,,,,,1,1,1,1,5
200800053558,0008-09-19 19:20:00,8,9,19,19,20,920,36,AUTOROUTE A15,,,Plein jour,Hors agglomération,Hors intersection,Normale,Trois véhicules et plus - collisions multiples,,,,,,,,,,,1,1,1,1,5
200800053559,0008-09-21 20:50:00,8,9,21,20,50,930,66,AUTOROUTE A1,,,Plein jour,Hors agglomération,Hors intersection,Normale,Sans collision,,,,,,,,,,,1,1,1,1,7
200800053560,0008-09-23 19:30:00,8,9,23,19,30,950,488,AUTOROUTE A15,,,Plein jour,Hors agglomération,Hors intersection,Normale,Autre collision,,,,,,,,,,,1,1,1,1,6
200800053561,0008-09-24 08:00:00,8,9,24,8,0,930,53,AUTOROUTE A3,,,Plein jour,Hors agglomération,Hors intersection,Pluie forte,Sans collision,,,,,,,,,,,1,1,1,3,7
200800053562,0008-09-24 17:30:00,8,9,24,17,30,930,48,AUTOROUTE A3,,,Plein jour,Hors agglomération,Hors intersection,Normale,Trois véhicules et plus - collisions multiples,,,,,,,,,,,1,1,1,1,5
200800053563,0008-09-25 04:50:00,8,9,25,4,50,950,675,AUTOROUTE A1,,,Nuit avec éclairage allumé,Hors agglomération,Hors intersection,Normale,Sans collision,,,,,,,,,,,5,1,1,1,7
200800053564,0008-09-26 16:15:00,8,9,26,16,15,930,78,AUTOROUTE A104,,,Plein jour,Hors agglomération,Hors intersection,Normale,Deux véhicules - arrière,,,,,,,,,,,1,1,1,1,2
200800053565,0008-09-27 17:20:00,8,9,27,17,20,920,36,AUTOROUTE A15,,,Plein jour,Hors agglomération,Hors intersection,Normale,Deux véhicules - arrière,,,,,,,,,,,1,1,1,1,2
200800053566,0008-09-27 19:10:00,8,9,27,19,10,930,10,AUTOROUTE A3,,,Plein jour,Hors agglomération,Hors intersection,Normale,Deux véhicules - arrière,,,,,,,,,,,1,1,1,1,2
200800053567,0008-09-27 19:00:00,8,9,27,19,0,950,572,ROUTE NATIONALE 184,,,Plein jour,Hors agglomération,Hors intersection,Normale,Trois véhicules et plus - en chaîne,,,,,,,,,,,1,1,1,1,4
200800053568,0008-09-30 08:10:00,8,9,30,8,10,950,491,AUTOROUTE A115,,,Plein jour,Hors agglomération,Hors intersection,Pluie légère,Deux véhicules - côté,,,,,,,,,,,1,1,1,2,3
200800053569,0008-09-30 10:30:00,8,9,30,10,30,930,66,AUTOROUTE A1,,,Plein jour,Hors agglomération,Hors intersection,Pluie légère,Deux véhicules - côté,,,,,,,,,,,1,1,1,2,3
200800053570,0008-09-30 22:30:00,8,9,30,22,30,930,29,AUTOROUTE A86,,,Nuit avec éclairage allumé,Hors agglomération,Autre intersection,Normale,Sans collision,,,,,,,,,,,5,1,9,1,7
200800053571,0008-09-02 11:55:00,8,9,2,11,55,910,161,AUTOROUTE A6,,,Plein jour,Hors agglomération,Hors intersection,Normale,Deux véhicules - côté,,,,,,,,,,,1,1,1,1,3
200800053572,0008-09-03 08:50:00,8,9,3,8,50,910,286,AUTOROUTE A6,,,Plein jour,Hors agglomération,Hors intersection,Pluie légère,Sans collision,,,,,,,,,,,1,1,1,2,7
200800053573,0008-09-03 10:50:00,8,9,3,10,50,910,182,RN 104,,,Plein jour,Hors agglomération,Hors intersection,Pluie légère,Deux véhicules - arrière,,,,,,,,,,,1,1,1,2,2
200800053574,0008-09-03 19:53:00,8,9,3,19,53,910,339,RN 104,,,Plein jour,Hors agglomération,Hors intersection,Normale,Deux véhicules - arrière,,,,,,,,,,,1,1,1,1,2
200800053575,0008-09-05 06:45:00,8,9,5,6,45,910,345,AUTOROUTE A6,,,Crépuscule ou aube,Hors agglomération,Hors intersection,Normale,Deux véhicules - arrière,,,,,,,,,,,2,1,1,1,2
200800053576,0008-09-05 10:55:00,8,9,5,10,55,940,76,AUTOROUTE A6A,,,Plein jour,Hors agglomération,Hors intersection,Pluie légère,Deux véhicules - arrière,,,,,,,,,,,1,1,1,2,2
200800053577,0008-09-05 11:50:00,8,9,5,11,50,910,64,RN 118,,,Plein jour,Hors agglomération,Hors intersection,Temps couvert,Sans collision,,,,,,,,,,,1,1,1,8,7
200800053578,0008-09-05 12:45:00,8,9,5,12,45,940,21,AUTOROUTE A6B,,,Plein jour,Hors agglomération,Hors intersection,Pluie légère,Sans collision,,,,,,,,,,,1,1,1,2,7
200800053579,0008-09-05 14:50:00,8,9,5,14,50,910,64,RN 118,,,Plein jour,Hors agglomération,Hors intersection,Pluie légère,Autre collision,,,,,,,,,,,1,1,1,2,6
200800053580,0008-09-05 17:40:00,8,9,5,17,40,940,37,AUTOROUTE A6B,,,Plein jour,Hors agglomération,Hors intersection,Normale,Trois véhicules et plus - en chaîne,,,,,,,,,,,1,1,1,1,4
200800053581,0008-09-05 19:05:00,8,9,5,19,5,910,339,RN 104,,,Crépuscule ou aube,Hors agglomération,Hors intersection,Normale,Deux véhicules - arrière,,,,,,,,,,,2,1,1,1,2
200800053582,0008-09-05 19:40:00,8,9,5,19,40,910,86,RN 104,,,Plein jour,Hors agglomération,Hors intersection,Normale,Autre collision,,,,,,,,,,,1,1,1,1,6
200800053583,0008-09-07 10:00:00,8,9,7,10,0,910,617,RN6 PROVINCE / RN104 INT,,,Plein jour,Hors agglomération,Hors intersection,Pluie légère,Autre collision,,,,,,,,,,,1,1,1,2,6
200800053584,0008-09-07 16:06:00,8,9,7,16,6,770,384,AUTOROUTE A5A,,,Plein jour,Hors agglomération,Hors intersection,Normale,Sans collision,,,,,,,,,,,1,1,1,1,7
200800053585,0008-09-08 08:28:00,8,9,8,8,28,910,659,AUTOROUTE A6,,,Plein jour,Hors agglomération,Hors intersection,Normale,Deux véhicules - côté,,,,,,,,,,,1,1,1,1,3
200800053586,0008-09-08 18:45:00,8,9,8,18,45,910,64,RN 118,,,Plein jour,Hors agglomération,Hors intersection,Normale,Sans collision,,,,,,,,,,,1,1,1,1,7
200800053587,0008-09-09 13:17:00,8,9,9,13,17,940,37,AUTOROUTE A6B,,,Plein jour,Hors agglomération,Hors intersection,Normale,Deux véhicules - arrière,,,,,,,,,,,1,1,1,1,2
200800053588,0008-09-09 15:04:00,8,9,9,15,4,910,363,RN 104,,,Plein jour,Hors agglomération,Hors intersection,Normale,Deux véhicules - arrière,,,,,,,,,,,1,1,1,1,2
200800053589,0008-09-09 21:53:00,8,9,9,21,53,910,689,AUTOROUTE A6B,,,Nuit avec éclairage allumé,Hors agglomération,Hors intersection,Normale,Autre collision,,,,,,,,,,,5,1,1,1,6
200800053590,0008-09-14 12:20:00,8,9,14,12,20,910,174,RN 104,,,Plein jour,Hors agglomération,Hors intersection,Pluie légère,Deux véhicules - arrière,,,,,,,,,,,1,1,1,2,2
200800053591,0008-09-11 19:45:00,8,9,11,19,45,910,339,RN 104,,,Crépuscule ou aube,Hors agglomération,Hors intersection,Pluie forte,Deux véhicules - côté,,,,,,,,,,,2,1,1,3,3
200800053592,0008-09-11 20:20:00,8,9,11,20,20,910,345,AUTOROUTE A6,,,Nuit sans éclairage public,Hors agglomération,Hors intersection,Pluie forte,Trois véhicules et plus - en chaîne,,,,,,,,,,,3,1,1,3,4
200800053593,0008-09-25 14:04:00,8,9,25,14,4,910,363,RN 104,,,Plein jour,Hors agglomération,Hors intersection,Normale,Deux véhicules - arrière,,,,,,,,,,,1,1,1,1,2
200800053594,0008-09-26 07:20:00,8,9,26,7,20,940,34,AUTOROUTE A86,,,Crépuscule ou aube,Hors agglomération,Hors intersection,Normale,Deux véhicules - arrière,,,,,,,,,,,2,1,1,1,2
200800053595,0008-09-26 15:44:00,8,9,26,15,44,910,553,RN 104,,,Plein jour,Hors agglomération,Hors intersection,Normale,Deux véhicules - arrière,,,,,,,,,,,1,1,1,1,2
200800053596,0008-09-27 00:30:00,8,9,27,0,30,910,174,RN 104,,,Nuit avec éclairage allumé,Hors agglomération,Hors intersection,Normale,Trois véhicules et plus - en chaîne,,,,,,,,,,,5,1,1,1,4
200800053597,0008-09-27 18:57:00,8,9,27,18,57,940,34,AUTOROUTE A86,,,Plein jour,Hors agglomération,Hors intersection,Normale,Sans collision,,,,,,,,,,,1,1,1,1,7
200800053598,0008-09-27 21:00:00,8,9,27,21,0,910,339,RN 104,,,Nuit sans éclairage public,Hors agglomération,Hors intersection,Normale,Deux véhicules - côté,,,,,,,,,,,3,1,1,1,3
200800053599,0008-09-28 17:25:00,8,9,28,17,25,910,521,AUTOROUTE A6,,,Plein jour,Hors agglomération,Hors intersection,Normale,Autre collision,,,,,,,,,,,1,1,1,1,6
200800053600,0008-09-28 17:13:00,8,9,28,17,13,910,534,RN 118,,,Plein jour,Hors agglomération,Hors intersection,Normale,Trois véhicules et plus - en chaîne,,,,,,,,,,,1,1,1,1,4
200800053601,0008-09-28 17:53:00,8,9,28,17,53,940,38,AUTOROUTE A6A,,,Plein jour,Hors agglomération,Hors intersection,Normale,Trois véhicules et plus - en chaîne,,,,,,,,,,,1,1,1,1,4
200800053602,0008-09-29 15:00:00,8,9,29,15,0,910,617,RN 104,,,Plein jour,Hors agglomération,Hors intersection,Normale,Deux véhicules - arrière,,,,,,,,,,,1,1,1,1,2
200800053603,0008-09-29 19:10:00,8,9,29,19,10,920,2,AUTOROUTE A10,,,Crépuscule ou aube,Hors agglomération,Hors intersection,Normale,Deux véhicules - arrière,,,,,,,,,,,2,1,1,1,2
200800053604,0008-09-29 22:01:00,8,9,29,22,1,910,534,RN 118,,,Nuit sans éclairage public,Hors agglomération,Hors intersection,Normale,Sans collision,,,,,,,,,,,3,1,1,1,7
200800053605,0008-09-03 06:20:00,8,9,3,6,20,910,64,RN 118,,,Nuit sans éclairage public,Hors agglomération,Hors intersection,Pluie légère,Deux véhicules - côté,,,,,,,,,,,3,1,1,2,3
200800053606,0008-09-30 08:45:00,8,9,30,8,45,910,659,AUTOROUTE A6,,,Plein jour,Hors agglomération,Hors intersection,Pluie légère,Trois véhicules et plus - en chaîne,,,,,,,,,,,1,1,1,2,4
200800053607,0008-09-30 08:45:00,8,9,30,8,45,910,216,AUTOROUTE A6,,,Crépuscule ou aube,Hors agglomération,Hors intersection,Normale,Deux véhicules - arrière,,,,,,,,,,,2,1,1,1,2
200800053608,0008-09-30 09:30:00,8,9,30,9,30,910,363,AUTOROUTE A10,,,Plein jour,Hors agglomération,Hors intersection,Pluie légère,Autre collision,,,,,,,,,,,1,1,1,2,6
200800053609,0008-09-30 13:00:00,8,9,30,13,0,910,182,RN 440,,,Plein jour,Hors agglomération,Hors intersection,Pluie légère,Deux véhicules - côté,,,,,,,,,,,1,1,1,2,3
200800053610,0008-09-30 19:00:00,8,9,30,19,0,910,521,RN 449,,,Crépuscule ou aube,Hors agglomération,Hors intersection,Normale,Autre collision,,,,,,,,,,,2,1,1,1,6
200800053611,0008-09-01 06:30:00,8,9,1,6,30,620,907,AUTOROUTE A1,,,Crépuscule ou aube,Hors agglomération,Hors intersection,Normale,Autre collision,,,,,,,,,,,2,1,1,1,6
200800053612,0008-09-02 18:10:00,8,9,2,18,10,590,350,AUTOROUTE A25,,,Plein jour,Hors agglomération,Hors intersection,Pluie légère,Autre collision,,,,,,,,,,,1,1,1,2,6
200800053613,0008-09-02 21:00:00,8,9,2,21,0,620,498,AUTOROUTE A21,,,Nuit avec éclairage allumé,Hors agglomération,Hors intersection,Pluie légère,Autre collision,,,,,,,,,,,5,1,1,2,6
200800053614,0008-09-05 13:00:00,8,9,5,13,0,590,343,ROUTE NATIONALE 227,,,Plein jour,Hors agglomération,Hors intersection,Pluie légère,Autre collision,,,,,,,,,,,1,1,1,2,6
200800053615,0008-09-05 15:15:00,8,9,5,15,15,620,274,AUTOROUTE A1,,,Plein jour,Hors agglomération,Hors intersection,Pluie légère,Autre collision,,,,,,,,,,,1,1,1,2,6
200800053616,0008-09-05 16:35:00,8,9,5,16,35,590,328,ROUTE DEPARTEMENTALE 652,,,Plein jour,Hors agglomération,Hors intersection,Pluie légère,Sans collision,,,,,,,,,,,1,1,1,2,7
200800053617,0008-09-05 17:00:00,8,9,5,17,0,620,193,AUTOROUTE A16,,,Plein jour,Hors agglomération,Hors intersection,Pluie légère,Autre collision,,,,,,,,,,,1,1,1,2,6
200800053618,0008-09-05 19:45:00,8,9,5,19,45,590,556,AUTOROUTE A25,,,Nuit avec éclairage allumé,Hors agglomération,Hors intersection,Pluie légère,Deux véhicules - arrière,,,,,,,,,,,5,1,1,2,2
200800053619,0008-09-06 07:30:00,8,9,6,7,30,590,350,ROUTE DEPARTEMENTALE 656,,,Plein jour,Hors agglomération,Hors intersection,Pluie légère,Autre collision,,,,,,,,,,,1,1,1,2,6
200800053620,0008-09-06 19:15:00,8,9,6,19,15,590,556,AUTOROUTE A25,,,Plein jour,Hors agglomération,Hors intersection,Normale,Trois véhicules et plus - collisions multiples,,,,,,,,,,,1,1,1,1,5
200800053621,0008-09-07 12:20:00,8,9,7,12,20,590,350,ROUTE NATIONALE 351,,,Plein jour,Hors agglomération,Hors intersection,Pluie forte,Autre collision,,,,,,,,,,,1,1,1,3,6
200800053622,0008-09-07 15:20:00,8,9,7,15,20,590,183,ROUTE NATIONALE 225,,,Plein jour,Hors agglomération,Hors intersection,Normale,Autre collision,,,,,,,,,,,1,1,1,1,6
200800053623,0008-09-07 15:55:00,8,9,7,15,55,620,907,AUTOROUTE A1,,,Plein jour,Hors agglomération,Hors intersection,Pluie forte,Autre collision,,,,,,,,,,,1,1,1,3,6
200800053624,0008-09-09 12:00:00,8,9,9,12,0,620,582,AUTOROUTE A16,,,Plein jour,Hors agglomération,Hors intersection,Normale,Autre collision,,,,,,,,,,,1,1,1,1,6
200800053625,0008-09-09 15:40:00,8,9,9,15,40,590,343,AUTOROUTE A1,,,Plein jour,Hors agglomération,Hors intersection,Normale,Autre collision,,,,,,,,,,,1,1,1,1,6
200800053626,0008-09-09 16:30:00,8,9,9,16,30,590,646,AUTOROUTE A22,,,Plein jour,Hors agglomération,Hors intersection,Normale,Autre collision,,,,,,,,,,,1,1,1,1,6
200800053627,0008-09-10 03:25:00,8,9,10,3,25,590,588,AUTOROUTE A16,,,Nuit sans éclairage public,Hors agglomération,Hors intersection,Normale,Autre collision,,,,,,,,,,,3,1,1,1,6
200800053628,0008-09-10 16:00:00,8,9,10,16,0,590,343,AUTOROUTE A1,,,Plein jour,Hors agglomération,Hors intersection,Normale,Deux véhicules - arrière,,,,,,,,,,,1,1,1,1,2
200800053629,0008-09-10 16:40:00,8,9,10,16,40,590,603,AUTOROUTE A2,,,Plein jour,Hors agglomération,Hors intersection,Normale,Autre collision,,,,,,,,,,,1,1,1,1,6
200800053630,0008-09-11 08:50:00,8,9,11,8,50,590,462,AUTOROUTE A1,,,Plein jour,Hors agglomération,Hors intersection,Normale,Sans collision,,,,,,,,,,,1,1,1,1,7
200800053631,0008-09-11 08:55:00,8,9,11,8,55,590,360,AUTOROUTE A25,,,Plein jour,Hors agglomération,Hors intersection,Normale,Deux véhicules - arrière,,,,,,,,,,,1,1,1,1,2
200800053632,0008-09-11 14:30:00,8,9,11,14,30,590,507,AUTOROUTE A1,,,Plein jour,Hors agglomération,Hors intersection,Normale,Autre collision,,,,,,,,,,,1,1,1,1,6
200800053633,0008-09-12 08:15:00,8,9,12,8,15,620,351,AUTOROUTE A21,,,Plein jour,Hors agglomération,Hors intersection,Normale,Trois véhicules et plus - en chaîne,,,,,,,,,,,1,1,1,1,4
200800053634,0008-09-12 09:50:00,8,9,12,9,50,590,9,ROUTE NATIONALE 227,,,Plein jour,Hors agglomération,Hors intersection,Pluie forte,Deux véhicules - arrière,,,,,,,,,,,1,1,1,3,2
200800053635,0008-09-12 23:30:00,8,9,12,23,30,590,646,AUTOROUTE A22,,,Nuit avec éclairage allumé,Hors agglomération,Hors intersection,Normale,Autre collision,,,,,,,,,,,5,1,1,1,6
200800053636,0008-09-13 19:20:00,8,9,13,19,20,590,646,ROUTE DEPARTEMENTALE 652,,,Crépuscule ou aube,Hors agglomération,Hors intersection,Pluie forte,Autre collision,,,,,,,,,,,2,1,1,3,6
200800053637,0008-09-13 21:15:00,8,9,13,21,15,590,350,AUTOROUTE A1,,,Nuit avec éclairage allumé,Hors agglomération,Hors intersection,Pluie forte,Autre collision,,,,,,,,,,,5,1,1,3,6