accident_id,datetime,annee,mois,jour,heure,minute,departement,commune_insee,adresse,latitude,longitude,luminosite,agglomeration,intersection,meteo,collision,nb_vehicules,nb_usagers,nb_indemnes,nb_tues,nb_blesses_hosp,nb_blesses_legers,age_cond_1,age_cond_2,veh_type_cond_1,veh_type_cond_2,lum_code,agg_code,int_code,atm_code,col_code
200800053770,0008-09-05 12:25:00,8,9,5,12,25,750,113,QUAI D IVRY,,,Plein jour,En agglomération,Hors intersection,Normale,Sans collision,,,,,,,,,,,1,2,1,1,7
200800053771,0008-09-05 12:40:00,8,9,5,12,40,750,118,PORTE DE SAINT OUEN,,,Plein jour,En agglomération,Hors intersection,Pluie légère,Sans collision,,,,,,,,,,,1,2,1,2,7
200800053772,0008-09-05 12:30:00,8,9,5,12,30,750,116,ECHANGEUR SAINT CLOUD,,,Plein jour,En agglomération,Hors intersection,Normale,Deux véhicules - côté,,,,,,,,,,,1,2,1,1,3
200800053773,0008-09-05 15:00:00,8,9,5,15,0,750,112,ECHANGEUR BERCY,,,Plein jour,En agglomération,Hors intersection,Pluie légère,Deux véhicules - arrière,,,,,,,,,,,1,2,1,2,2
200800053774,0008-09-05 13:50:00,8,9,5,13,50,750,116,ECHANGEUR MUETTE,,,Plein jour,En agglomération,Hors intersection,Pluie légère,Deux véhicules - côté,,,,,,,,,,,1,2,1,2,3
200800053775,0008-09-05 16:10:00,8,9,5,16,10,750,116,PORTE DAUPHINE,,,Plein jour,En agglomération,Hors intersection,Pluie légère,Deux véhicules - arrière,,,,,,,,,,,1,2,1,2,2
200800053776,0008-09-16 12:10:00,8,9,16,12,10,750,102,"21, RUE NOTRE DAME DES V",,,Plein jour,En agglomération,Hors intersection,Normale,Deux véhicules - côté,,,,,,,,,,,1,2,1,1,3
200800053777,0008-09-16 14:00:00,8,9,16,14,0,750,102,"1, RUE D ARGOUT",,,Plein jour,En agglomération,Intersection en X,Normale,Deux véhicules - côté,,,,,,,,,,,1,2,2,1,3
200800053778,0008-09-16 13:30:00,8,9,16,13,30,750,104,"36, BOULEVARD HENRI IV",,,Plein jour,En agglomération,Hors intersection,Normale,Trois véhicules et plus - collisions multiples,,,,,,,,,,,1,2,1,1,5
200800053779,0008-09-16 14:45:00,8,9,16,14,45,750,104,"6, RUE DE RIVOLI",,,Plein jour,En agglomération,Intersection en T,Normale,Trois véhicules et plus - collisions multiples,,,,,,,,,,,1,2,3,1,5
200800053780,0008-09-16 07:15:00,8,9,16,7,15,750,107,"1, PLACE VAUBAN",,,Plein jour,En agglomération,Hors intersection,Normale,Sans collision,,,,,,,,,,,1,2,1,1,7
200800053781,0008-09-16 17:15:00,8,9,16,17,15,750,108,"59, BOULEVARD MALESHERBE",,,Plein jour,En agglomération,Hors intersection,Normale,Deux véhicules - arrière,,,,,,,,,,,1,2,1,1,2
200800053782,0008-09-16 08:10:00,8,9,16,8,10,750,110,"13, BOULEVARD DE LA CHAP",,,Plein jour,En agglomération,Hors intersection,Normale,Deux véhicules - côté,,,,,,,,,,,1,2,1,1,3
200800053783,0008-09-16 09:20:00,8,9,16,9,20,750,111,"103, AVENUE DE LA REPUBL",,,Plein jour,En agglomération,Intersection en X,Normale,Autre collision,,,,,,,,,,,1,2,2,1,6
200800053784,0008-09-16 10:20:00,8,9,16,10,20,750,111,"57, AVENUE DE LA REPUBLI",,,Plein jour,En agglomération,Intersection en T,Normale,Deux véhicules - côté,,,,,,,,,,,1,2,3,1,3
200800053785,0008-09-16 17:55:00,8,9,16,17,55,750,111,"95, AVENUE PHILIPPE AUGU",,,Plein jour,En agglomération,Intersection en X,Normale,Autre collision,,,,,,,,,,,1,2,2,1,6
200800053786,0008-09-16 08:05:00,8,9,16,8,5,750,111,RUE DU FAUBOURG SAINT AN,,,Plein jour,En agglomération,Hors intersection,Normale,Trois véhicules et plus - en chaîne,,,,,,,,,,,1,2,1,1,4
200800053787,0008-09-16 11:00:00,8,9,16,11,0,750,112,"87, RUE DE REUILLY",,,Plein jour,En agglomération,Hors intersection,Normale,Deux véhicules - côté,,,,,,,,,,,1,2,1,1,3
200800053788,0008-09-16 15:15:00,8,9,16,15,15,750,112,"17, AVENUE DAUMESNIL",,,Plein jour,En agglomération,Hors intersection,Normale,Deux véhicules - arrière,,,,,,,,,,,1,2,1,1,2
200800053789,0008-09-16 16:40:00,8,9,16,16,40,750,112,"10, AVENUE LAMORICIERE",,,Plein jour,En agglomération,Hors intersection,Normale,Autre collision,,,,,,,,,,,1,2,1,1,6
200800053790,0008-09-16 18:20:00,8,9,16,18,20,750,112,"54, BOULEVARD DE REUILLY",,,Plein jour,En agglomération,Hors intersection,Normale,Autre collision,,,,,,,,,,,1,2,1,1,6
200800053791,0008-09-16 20:35:00,8,9,16,20,35,750,112,BOULEVARD DIDEROT,,,Nuit avec éclairage allumé,En agglomération,Intersection en X,Normale,Autre collision,,,,,,,,,,,5,2,2,1,6
200800053792,0008-09-16 09:35:00,8,9,16,9,35,750,113,"38, RUE BOBILLOT",,,Plein jour,En agglomération,Intersection en T,Normale,Deux véhicules - côté,,,,,,,,,,,1,2,3,1,3
200800053793,0008-09-16 18:25:00,8,9,16,18,25,750,113,"207, RUE DE TOLBIAC",,,Plein jour,En agglomération,Intersection en X,Normale,Deux véhicules - arrière,,,,,,,,,,,1,2,2,1,2
200800053794,0008-09-16 18:10:00,8,9,16,18,10,750,114,PLACE VICTOR BASCH,,,Plein jour,En agglomération,Giratoire,Normale,Sans collision,,,,,,,,,,,1,2,6,1,7
200800053795,0008-09-16 16:45:00,8,9,16,16,45,750,114,"72, AVENUE DENFERT ROCHE",,,Plein jour,En agglomération,Intersection en X,Normale,Sans collision,,,,,,,,,,,1,2,2,1,7
200800053796,0008-09-16 06:35:00,8,9,16,6,35,750,115,PLACE DES INSURGES DE VA,,,Crépuscule ou aube,En agglomération,Place,Normale,Autre collision,,,,,,,,,,,2,2,7,1,6
200800053797,0008-09-16 16:35:00,8,9,16,16,35,750,117,"180, AVENUE DE CLICHY",,,Plein jour,En agglomération,Hors intersection,Normale,Autre collision,,,,,,,,,,,1,2,1,1,6
200800053798,0008-09-16 16:36:00,8,9,16,16,36,750,117,"19, AVENUE NIEL",,,Plein jour,En agglomération,Hors intersection,Normale,Trois véhicules et plus - en chaîne,,,,,,,,,,,1,2,1,1,4
200800053799,0008-09-16 10:05:00,8,9,16,10,5,750,118,RUE ORDENER,,,Plein jour,En agglomération,Intersection en Y,Normale,Autre collision,,,,,,,,,,,1,2,4,1,6
200800053800,0008-09-16 13:30:00,8,9,16,13,30,750,118,"64, RUE CAULAINCOURT",,,Plein jour,En agglomération,Intersection en X,Normale,Deux véhicules - côté,,,,,,,,,,,1,2,2,1,3
200800053801,0008-09-16 16:00:00,8,9,16,16,0,750,118,BOULEVARD DE LA CHAPELLE,,,Plein jour,En agglomération,Hors intersection,Normale,Autre collision,,,,,,,,,,,1,2,1,1,6
200800053802,0008-09-16 12:00:00,8,9,16,12,0,750,111,"120, BOULEVARD VOLTAIRE",,,Plein jour,En agglomération,Hors intersection,Normale,Deux véhicules - côté,,,,,,,,,,,1,2,1,1,3
200800053803,0008-09-16 19:20:00,8,9,16,19,20,750,120,RUE DES PYRENEES,,,Plein jour,En agglomération,Intersection en X,Temps couvert,Sans collision,,,,,,,,,,,1,2,2,8,7
200800053804,0008-09-16 06:40:00,8,9,16,6,40,750,113,"2, PLACE PINEL",,,Crépuscule ou aube,En agglomération,Giratoire,Normale,Autre collision,,,,,,,,,,,2,2,6,1,6
200800053805,0008-09-16 06:55:00,8,9,16,6,55,750,107,RUE DU BAC,,,Crépuscule ou aube,En agglomération,Intersection en X,Normale,Deux véhicules - côté,,,,,,,,,,,2,2,2,1,3
200800053806,0008-09-16 08:15:00,8,9,16,8,15,750,111,"20bis, BOULEVARD VOLTAIR",,,Plein jour,En agglomération,Intersection en X,Normale,Autre collision,,,,,,,,,,,1,2,2,1,6
200800053807,0008-09-16 12:45:00,8,9,16,12,45,750,113,BOULEVARD DE L HOPITAL,,,Plein jour,En agglomération,Hors intersection,Normale,Autre collision,,,,,,,,,,,1,2,1,1,6
200800053808,0008-09-16 18:00:00,8,9,16,18,0,750,119,RUE SIGMUND FREUD,,,Crépuscule ou aube,En agglomération,Intersection en T,Normale,Deux véhicules - côté,,,,,,,,,,,2,2,3,1,3
200800053809,0008-09-16 09:05:00,8,9,16,9,5,750,115,PORTE DE VERSAILLES,,,Plein jour,En agglomération,Hors intersection,Normale,Trois véhicules et plus - en chaîne,,,,,,,,,,,1,2,1,1,4
200800053810,0008-09-06 21:35:00,8,9,6,21,35,750,102,"81, BOULEVARD DE SEBASTO",,,Nuit avec éclairage allumé,En agglomération,Hors intersection,Normale,Deux véhicules - côté,,,,,,,,,,,5,2,1,1,3
200800053811,0008-09-06 05:30:00,8,9,6,5,30,750,105,"61, BOULEVARD SAINT MICH",,,Nuit avec éclairage allumé,En agglomération,Hors intersection,Normale,Autre collision,,,,,,,,,,,5,2,1,1,6
200800053812,0008-09-06 11:40:00,8,9,6,11,40,750,105,BOULEVARD SAINT GERMAIN,,,Plein jour,En agglomération,Intersection en T,Normale,Autre collision,,,,,,,,,,,1,2,3,1,6
200800053813,0008-09-06 17:10:00,8,9,6,17,10,750,105,"84, BOULEVARD SAINT GERM",,,Plein jour,En agglomération,Intersection à plus de 4 branches,Normale,Deux véhicules - arrière,,,,,,,,,,,1,2,5,1,2
200800053814,0008-09-06 14:05:00,8,9,6,14,5,750,108,"7, RUE DE LISBONNE",,,Plein jour,En agglomération,Hors intersection,Normale,Deux véhicules - arrière,,,,,,,,,,,1,2,1,1,2
200800053815,0008-09-06 14:25:00,8,9,6,14,25,750,108,"21, RUE ROYALE",,,Plein jour,En agglomération,Intersection en X,Normale,Autre collision,,,,,,,,,,,1,2,2,1,6
200800053816,0008-09-06 15:30:00,8,9,6,15,30,750,108,"47 bis, RUE DU ROCHER",,,Plein jour,En agglomération,Intersection en Y,Normale,Autre collision,,,,,,,,,,,1,2,4,1,6
200800053817,0008-09-06 19:20:00,8,9,6,19,20,750,111,"127, AVENUE LEDRU ROLLIN",,,Crépuscule ou aube,En agglomération,Intersection en X,Normale,Deux véhicules - côté,,,,,,,,,,,2,2,2,1,3
200800053818,0008-09-06 14:25:00,8,9,6,14,25,750,112,"256 BIS, AVENUE DAUMESNI",,,Plein jour,En agglomération,Intersection en X,Normale,Deux véhicules - côté,,,,,,,,,,,1,2,2,1,3
200800053819,0008-09-06 18:15:00,8,9,6,18,15,750,112,"222, RUE DU FAUBOURG SAI",,,Plein jour,En agglomération,Hors intersection,Normale,Deux véhicules - côté,,,,,,,,,,,1,2,1,1,3
200800053820,0008-09-06 19:40:00,8,9,6,19,40,750,112,ROUTE DE CEINTURE DU LAC,,,Nuit sans éclairage public,En agglomération,Intersection en X,Normale,Deux véhicules - arrière,,,,,,,,,,,3,2,2,1,2
200800053821,0008-09-06 20:00:00,8,9,6,20,0,750,112,PLACE DE LA NATION,,,Nuit avec éclairage allumé,En agglomération,Intersection en X,Normale,Deux véhicules - côté,,,,,,,,,,,5,2,2,1,3
200800053822,0008-09-06 16:25:00,8,9,6,16,25,750,115,"7, RUE DE L ARMORIQUE",,,Plein jour,En agglomération,Intersection en T,Normale,Deux véhicules - côté,,,,,,,,,,,1,2,3,1,3
200800053823,0008-09-06 19:10:00,8,9,6,19,10,750,116,ROUTE DE LA MUETTE A NEU,,,Plein jour,En agglomération,Hors intersection,Normale,Autre collision,,,,,,,,,,,1,2,1,1,6
200800053824,0008-09-06 17:17:00,8,9,6,17,17,750,117,"51, BOULEVARD BESSIERES",,,Plein jour,En agglomération,Intersection en X,Normale,Deux véhicules - côté,,,,,,,,,,,1,2,2,1,3
200800053825,0008-09-06 23:53:00,8,9,6,23,53,750,117,AVENUE DE LA PORTE DE CL,,,Nuit avec éclairage allumé,En agglomération,Intersection en Y,Normale,Autre collision,,,,,,,,,,,5,2,4,1,6
200800053826,0008-09-06 13:20:00,8,9,6,13,20,750,118,AVENUE DE LA PORTE DE CL,,,Plein jour,En agglomération,Intersection à plus de 4 branches,Normale,Autre collision,,,,,,,,,,,1,2,5,1,6
200800053827,0008-09-06 14:55:00,8,9,6,14,55,750,118,"104, BOULEVARD DE ROCHEC",,,Plein jour,En agglomération,Hors intersection,Normale,Deux véhicules - côté,,,,,,,,,,,1,2,1,1,3
200800053828,0008-09-06 15:10:00,8,9,6,15,10,750,119,"293, RUE DE BELLEVILLE",,,Plein jour,En agglomération,Hors intersection,Normale,Autre collision,,,,,,,,,,,1,2,1,1,6
200800053829,0008-09-06 08:30:00,8,9,6,8,30,750,120,"visàvis 73, BOULEVARD DA",,,Plein jour,En agglomération,Hors intersection,Normale,Autre collision,,,,,,,,,,,1,2,1,1,6
200800053830,0008-09-06 15:30:00,8,9,6,15,30,750,120,PORTE DE BAGNOLET,,,Plein jour,En agglomération,Hors intersection,Normale,Deux véhicules - arrière,,,,,,,,,,,1,2,1,1,2
200800053831,0008-09-06 21:30:00,8,9,6,21,30,750,118,PORTE DE LA CHAPELLE,,,Nuit avec éclairage allumé,En agglomération,Hors intersection,Normale,Deux véhicules - côté,,,,,,,,,,,5,2,1,1,3
200800053832,0008-09-07 06:15:00,8,9,7,6,15,750,110,"146, BOULEVARD DE MAGENT",,,Crépuscule ou aube,En agglomération,Hors intersection,Pluie légère,Sans collision,,,,,,,,,,,2,2,1,2,7
200800053833,0008-09-07 17:25:00,8,9,7,17,25,750,111,"18, BOULEVARD BEAUMARCHA",,,Plein jour,En agglomération,Hors intersection,Normale,Autre collision,,,,,,,,,,,1,2,1,1,6
200800053834,0008-09-07 15:40:00,8,9,7,15,40,750,112,ROUTE DE LA PYRAMIDE,,,Plein jour,En agglomération,Hors intersection,Normale,Autre collision,,,,,,,,,,,1,2,1,1,6
200800053835,0008-09-07 17:15:00,8,9,7,17,15,750,119,AVENUE RENE FONCK,,,Plein jour,En agglomération,Intersection à plus de 4 branches,Normale,Deux véhicules - côté,,,,,,,,,,,1,2,5,1,3
200800053836,0008-09-07 05:10:00,8,9,7,5,10,750,112,"1, PLACE DU CARDINAL LAV",,,Crépuscule ou aube,En agglomération,Intersection en X,Pluie légère,Deux véhicules - côté,,,,,,,,,,,2,2,2,2,3
200800053837,0008-09-07 03:00:00,8,9,7,3,0,750,109,"29, RUE DE CHATEAUDUN",,,Nuit avec éclairage allumé,En agglomération,Intersection en X,Normale,Autre collision,,,,,,,,,,,5,2,2,1,6
200800053838,0008-09-07 03:20:00,8,9,7,3,20,750,119,PORTE DE PANTIN,,,Nuit avec éclairage allumé,En agglomération,Hors intersection,Normale,Autre collision,,,,,,,,,,,5,2,1,1,6
200800053839,0008-09-07 13:45:00,8,9,7,13,45,750,120,PORTE DE MONTREUIL,,,Plein jour,En agglomération,Hors intersection,Normale,Deux véhicules - arrière,,,,,,,,,,,1,2,1,1,2
200800053840,0008-09-07 16:20:00,8,9,7,16,20,750,114,PORTE DE GENTILLY,,,Plein jour,En agglomération,Hors intersection,Normale,Deux véhicules - côté,,,,,,,,,,,1,2,1,1,3
200800053841,0008-09-17 04:05:00,8,9,17,4,5,750,102,RUE REAUMUR,,,Nuit avec éclairage allumé,En agglomération,Intersection en X,Normale,Sans collision,,,,,,,,,,,5,2,2,1,7
200800053842,0008-09-17 11:40:00,8,9,17,11,40,750,102,"146, RUE MONTMARTRE",,,Plein jour,En agglomération,Hors intersection,Normale,Autre collision,,,,,,,,,,,1,2,1,1,6
200800053843,0008-09-17 21:30:00,8,9,17,21,30,750,102,"102, RUE MONTMARTRE",,,Nuit avec éclairage allumé,En agglomération,Intersection en X,Normale,Deux véhicules - côté,,,,,,,,,,,5,2,2,1,3
200800053844,0008-09-17 10:30:00,8,9,17,10,30,750,105,"73, BOULEVARD SAINT GERM",,,Plein jour,En agglomération,Intersection en X,Normale,Deux véhicules - côté,,,,,,,,,,,1,2,2,1,3
200800053845,0008-09-17 23:30:00,8,9,17,23,30,750,105,RUE SAINT JACQUES,,,Nuit avec éclairage allumé,En agglomération,Intersection en X,Normale,Deux véhicules - côté,,,,,,,,,,,5,2,2,1,3
200800053846,0008-09-17 09:05:00,8,9,17,9,5,750,106,"47, RUE DE SEVRES",,,Plein jour,En agglomération,Hors intersection,Normale,Deux véhicules - côté,,,,,,,,,,,1,2,1,1,3
200800053847,0008-09-17 16:45:00,8,9,17,16,45,750,106,"122, RUE DE RENNES",,,Plein jour,En agglomération,Hors intersection,Normale,Autre collision,,,,,,,,,,,1,2,1,1,6
200800053848,0008-09-17 20:05:00,8,9,17,20,5,750,107,"246, BOULEVARD SAINT GER",,,Nuit avec éclairage allumé,En agglomération,Hors intersection,Normale,Deux véhicules - frontale,,,,,,,,,,,5,2,1,1,1
200800053849,0008-09-17 09:48:00,8,9,17,9,48,750,108,"34, AVENUE MONTAIGNE",,,Plein jour,En agglomération,Intersection en X,Normale,Autre collision,,,,,,,,,,,1,2,2,1,6
200800053850,0008-09-17 11:05:00,8,9,17,11,5,750,109,BOULEVARD HAUSSMANN,,,Plein jour,En agglomération,Intersection en X,Normale,Sans collision,,,,,,,,,,,1,2,2,1,7
200800053851,0008-09-17 17:20:00,8,9,17,17,20,750,110,"18, RUE DE DUNKERQUE",,,Plein jour,En agglomération,Hors intersection,Normale,Deux véhicules - côté,,,,,,,,,,,1,2,1,1,3
200800053852,0008-09-17 08:50:00,8,9,17,8,50,750,111,"68, AVENUE DE LA REPUBLI",,,Plein jour,En agglomération,Intersection en X,Normale,Deux véhicules - arrière,,,,,,,,,,,1,2,2,1,2
200800053853,0008-09-17 11:15:00,8,9,17,11,15,750,112,ROUTE DES FORTIFICATIONS,,,Plein jour,En agglomération,Hors intersection,Normale,Sans collision,,,,,,,,,,,1,2,1,1,7
200800053854,0008-09-17 11:20:00,8,9,17,11,20,750,104,PLACE DE LA BASTILLE,,,Plein jour,En agglomération,Giratoire,Normale,Deux véhicules - côté,,,,,,,,,,,1,2,6,1,3
200800053855,0008-09-17 17:10:00,8,9,17,17,10,750,112,RUE DU FAUBOURG SAINT AN,,,Plein jour,En agglomération,Place,Normale,Trois véhicules et plus - en chaîne,,,,,,,,,,,1,2,7,1,4
200800053856,0008-09-17 13:00:00,8,9,17,13,0,750,114,"2, AVENUE DE LA PORTE DE",,,Plein jour,En agglomération,Intersection en X,Normale,Deux véhicules - côté,,,,,,,,,,,1,2,2,1,3
200800053857,0008-09-17 08:15:00,8,9,17,8,15,750,116,"62, AVENUE D IENA",,,Plein jour,En agglomération,Hors intersection,Normale,Deux véhicules - côté,,,,,,,,,,,1,2,1,1,3
200800053858,0008-09-17 10:35:00,8,9,17,10,35,750,116,PLACE DE VARSOVIE,,,Plein jour,En agglomération,Intersection en X,Normale,Deux véhicules - côté,,,,,,,,,,,1,2,2,1,3
200800053859,0008-09-17 17:40:00,8,9,17,17,40,750,116,BOULEVARD MURAT,,,Plein jour,En agglomération,Intersection en X,Normale,Deux véhicules - arrière,,,,,,,,,,,1,2,2,1,2
200800053860,0008-09-17 00:25:00,8,9,17,0,25,750,117,AVENUE DE LA PORTE D ASN,,,Nuit avec éclairage allumé,En agglomération,Intersection en X,Normale,Deux véhicules - arrière,,,,,,,,,,,5,2,2,1,2
200800053861,0008-09-17 00:53:00,8,9,17,0,53,750,117,AVENUE DE CLICHY,,,Nuit avec éclairage allumé,En agglomération,Intersection en T,Pluie légère,Deux véhicules - côté,,,,,,,,,,,5,2,3,2,3
200800053862,0008-09-17 13:20:00,8,9,17,13,20,750,117,"34, AVENUE DE LA PORTE D",,,Plein jour,En agglomération,Intersection en X,Normale,Deux véhicules - arrière,,,,,,,,,,,1,2,2,1,2
200800053863,0008-09-17 13:27:00,8,9,17,13,27,750,117,"188, RUE DE COURCELLES",,,Plein jour,En agglomération,Intersection en X,Normale,Autre collision,,,,,,,,,,,1,2,2,1,6
200800053864,0008-09-17 15:10:00,8,9,17,15,10,750,119,"0, RUE ARCHEREAU",,,Plein jour,En agglomération,Intersection en X,Normale,Autre collision,,,,,,,,,,,1,2,2,1,6
200800053865,0008-09-17 14:31:00,8,9,17,14,31,750,120,"90, RUE PELLEPORT",,,Plein jour,En agglomération,Intersection en T,Normale,Sans collision,,,,,,,,,,,1,2,3,1,7
200800053866,0008-09-17 19:27:00,8,9,17,19,27,750,120,"102, BOULEVARD DE MENILM",,,Crépuscule ou aube,En agglomération,Intersection en X,Normale,Deux véhicules - côté,,,,,,,,,,,2,2,2,1,3
200800053867,0008-09-17 15:10:00,8,9,17,15,10,750,105,BOULEVARD SAINT GERMAIN,,,Plein jour,En agglomération,Intersection en X,Normale,Sans collision,,,,,,,,,,,1,2,2,1,7
200800053868,0008-09-17 17:40:00,8,9,17,17,40,750,111,", BOULEVARD DES FILLES D",,,Plein jour,En agglomération,Intersection en X,Normale,Sans collision,,,,,,,,,,,1,2,2,1,7
200800053869,0008-09-08 08:00:00,8,9,8,8,0,750,102,"160, RUE MONTMARTRE",,,Plein jour,En agglomération,Intersection à plus de 4 branches,Normale,Autre collision,,,,,,,,,,,1,2,5,1,6
200800053870,0008-09-08 22:50:00,8,9,8,22,50,750,105,RUE MONGE,,,Nuit avec éclairage allumé,En agglomération,Hors intersection,Normale,Deux véhicules - côté,,,,,,,,,,,5,2,1,1,3
200800053871,0008-09-08 19:00:00,8,9,8,19,0,750,106,"49, QUAI DES GRANDS AUGU",,,Plein jour,En agglomération,Intersection en X,Normale,Autre collision,,,,,,,,,,,1,2,2,1,6
200800053872,0008-09-08 23:05:00,8,9,8,23,5,750,106,"93, BOULEVARD DU MONTPAR",,,Nuit avec éclairage allumé,En agglomération,Intersection en T,Normale,Deux véhicules - côté,,,,,,,,,,,5,2,3,1,3
200800053873,0008-09-08 09:05:00,8,9,8,9,5,750,108,AVENUE DES CHAMPS ELYSEE,,,Plein jour,En agglomération,Intersection en X,Normale,Deux véhicules - côté,,,,,,,,,,,1,2,2,1,3
200800053874,0008-09-08 11:50:00,8,9,8,11,50,750,108,AVENUE DES CHAMPS ELYSEE,,,Plein jour,En agglomération,Intersection en T,Normale,Autre collision,,,,,,,,,,,1,2,3,1,6
200800053875,0008-09-08 19:30:00,8,9,8,19,30,750,109,PLACE D ESTIENNE D ORVES,,,Plein jour,En agglomération,Intersection à plus de 4 branches,Normale,Autre collision,,,,,,,,,,,1,2,5,1,6
200800053876,0008-09-08 13:05:00,8,9,8,13,5,750,110,"154, BOULEVARD DE MAGENT",,,Plein jour,En agglomération,Hors intersection,Normale,Autre collision,,,,,,,,,,,1,2,1,1,6
200800053877,0008-09-08 18:30:00,8,9,8,18,30,750,110,"82, BOULEVARD DE MAGENTA",,,Plein jour,En agglomération,Hors intersection,Normale,Trois véhicules et plus - en chaîne,,,,,,,,,,,1,2,1,1,4
200800053878,0008-09-08 15:00:00,8,9,8,15,0,750,112,"84, BOULEVARD SOULT",,,Plein jour,En agglomération,Hors intersection,Normale,Deux véhicules - côté,,,,,,,,,,,1,2,1,1,3
200800053879,0008-09-08 18:10:00,8,9,8,18,10,750,113,"59, BOULEVARD MASSENA",,,Plein jour,En agglomération,Intersection en X,Normale,Deux véhicules - côté,,,,,,,,,,,1,2,2,1,3
200800053880,0008-09-08 11:20:00,8,9,8,11,20,750,115,"6, RUE DU COMMANDANT REN",,,Plein jour,En agglomération,Intersection en Y,Normale,Autre collision,,,,,,,,,,,1,2,4,1,6
200800053881,0008-09-08 15:45:00,8,9,8,15,45,750,115,"23, RUE DE L ABBE GROULT",,,Crépuscule ou aube,En agglomération,Intersection en X,Normale,Deux véhicules - côté,,,,,,,,,,,2,2,2,1,3
200800053882,0008-09-08 20:00:00,8,9,8,20,0,750,115,"68, RUE OLIVIER DE SERRE",,,Crépuscule ou aube,En agglomération,Intersection en T,Normale,Autre collision,,,,,,,,,,,2,2,3,1,6
200800053883,0008-09-08 19:45:00,8,9,8,19,45,750,116,"156, AVENUE DE VERSAILLE",,,Plein jour,En agglomération,Hors intersection,Normale,Autre collision,,,,,,,,,,,1,2,1,1,6
200800053884,0008-09-08 19:55:00,8,9,8,19,55,750,116,PLACE VICTOR HUGO,,,Plein jour,En agglomération,Intersection à plus de 4 branches,Normale,Deux véhicules - côté,,,,,,,,,,,1,2,5,1,3
200800053885,0008-09-08 22:05:00,8,9,8,22,5,750,116,"83, AVENUE MARCEAU",,,Nuit avec éclairage allumé,En agglomération,Hors intersection,Normale,Deux véhicules - côté,,,,,,,,,,,5,2,1,1,3
200800053886,0008-09-08 08:50:00,8,9,8,8,50,750,117,"40, AVENUE DES TERNES",,,Plein jour,En agglomération,Intersection en T,Normale,Deux véhicules - côté,,,,,,,,,,,1,2,3,1,3
200800053887,0008-09-08 09:10:00,8,9,8,9,10,750,117,"110, RUE DE COURCELLES",,,Plein jour,En agglomération,Intersection en T,Normale,Autre collision,,,,,,,,,,,1,2,3,1,6
200800053888,0008-09-08 20:21:00,8,9,8,20,21,750,117,"3, PLACE DES TERNES",,,Crépuscule ou aube,En agglomération,Hors intersection,Normale,Sans collision,,,,,,,,,,,2,2,1,1,7
200800053889,0008-09-08 20:45:00,8,9,8,20,45,750,117,"1, RUE DU CAPORAL PEUGEO",,,Nuit avec éclairage allumé,En agglomération,Intersection en Y,Normale,Deux véhicules - côté,,,,,,,,,,,5,2,4,1,3
200800053890,0008-09-08 20:18:00,8,9,8,20,18,750,118,BOULEVARD PERIPHERIQUE E,,,Nuit avec éclairage allumé,En agglomération,Hors intersection,Autre,Autre collision,,,,,,,,,,,5,2,1,9,6
200800053891,0008-09-08 11:15:00,8,9,8,11,15,750,119,"221, BOULEVARD MACDONALD",,,Plein jour,En agglomération,Hors intersection,Normale,Autre collision,,,,,,,,,,,1,2,1,1,6
200800053892,0008-09-08 17:25:00,8,9,8,17,25,750,120,RUE DES COURONNES,,,Plein jour,En agglomération,Intersection en T,Normale,Deux véhicules - côté,,,,,,,,,,,1,2,3,1,3
200800053893,0008-09-08 18:30:00,8,9,8,18,30,750,120,COURS DE VINCENNES,,,Plein jour,En agglomération,Hors intersection,Normale,Autre collision,,,,,,,,,,,1,2,1,1,6
200800053894,0008-09-08 09:10:00,8,9,8,9,10,750,112,CARREFOUR DE PYRAMIDE,,,Plein jour,En agglomération,Intersection en X,Normale,Autre collision,,,,,,,,,,,1,2,2,1,6
200800053895,0008-09-08 21:50:00,8,9,8,21,50,750,112,"111, BOULEVARD SOULT",,,Nuit avec éclairage allumé,En agglomération,Hors intersection,Normale,Autre collision,,,,,,,,,,,5,2,1,1,6
200800053896,0008-09-08 08:40:00,8,9,8,8,40,750,114,PORTE DE CHATILLON,,,Plein jour,En agglomération,Hors intersection,Normale,Sans collision,,,,,,,,,,,1,2,1,1,7
200800053897,0008-09-08 19:30:00,8,9,8,19,30,750,119,PORTE DE LA VILLETTE,,,Plein jour,En agglomération,Hors intersection,Normale,Deux véhicules - arrière,,,,,,,,,,,1,2,1,1,2
200800053898,0008-09-03 22:03:00,8,9,3,22,3,750,119,BOULEVARD D INDOCHINE,,,Nuit avec éclairage allumé,En agglomération,Intersection en X,Temps couvert,Deux véhicules - côté,,,,,,,,,,,5,2,2,8,3
200800053899,0008-09-09 17:50:00,8,9,9,17,50,750,101,"12, AVENUE VICTORIA",,,Plein jour,En agglomération,Intersection en X,Normale,Deux véhicules - côté,,,,,,,,,,,1,2,2,1,3
200800053900,0008-09-09 14:05:00,8,9,9,14,5,750,102,"9, BOULEVARD POISSONNIER",,,Plein jour,En agglomération,Hors intersection,Normale,Deux véhicules - arrière,,,,,,,,,,,1,2,1,1,2
200800053901,0008-09-09 11:50:00,8,9,9,11,50,750,106,"/, RUE DE L ECOLE DE MED",,,Plein jour,En agglomération,Intersection en T,Normale,Deux véhicules - côté,,,,,,,,,,,1,2,3,1,3
200800053902,0008-09-09 14:00:00,8,9,9,14,0,750,106,"3, PLACE SAINT GERMAIN D",,,Plein jour,En agglomération,Hors intersection,Normale,Autre collision,,,,,,,,,,,1,2,1,1,6