accident_id,datetime,annee,mois,jour,heure,minute,departement,commune_insee,adresse,latitude,longitude,luminosite,agglomeration,intersection,meteo,collision,nb_vehicules,nb_usagers,nb_indemnes,nb_tues,nb_blesses_hosp,nb_blesses_legers,age_cond_1,age_cond_2,veh_type_cond_1,veh_type_cond_2,lum_code,agg_code,int_code,atm_code,col_code
200800053903,0008-09-09 11:15:00,8,9,9,11,15,750,109,"29, BOULEVARD HAUSSMANN",,,Plein jour,En agglomération,Intersection à plus de 4 branches,Normale,Autre collision,,,,,,,,,,,1,2,5,1,6
200800053904,0008-09-09 15:00:00,8,9,9,15,0,750,109,RUE DE CLICHY,,,Plein jour,En agglomération,Intersection en T,Normale,Deux véhicules - côté,,,,,,,,,,,1,2,3,1,3
200800053905,0008-09-09 17:45:00,8,9,9,17,45,750,110,RUE DU CHATEAU D EAU,,,Plein jour,En agglomération,Intersection en T,Normale,Deux véhicules - côté,,,,,,,,,,,1,2,3,1,3
200800053906,0008-09-09 14:05:00,8,9,9,14,5,750,111,"57, BOULEVARD RICHARD LE",,,Plein jour,En agglomération,Hors intersection,Normale,Deux véhicules - côté,,,,,,,,,,,1,2,1,1,3
200800053907,0008-09-09 15:30:00,8,9,9,15,30,750,112,RUE DU FAUBOURG SAINT AN,,,Plein jour,En agglomération,Intersection en T,Normale,Deux véhicules - côté,,,,,,,,,,,1,2,3,1,3
200800053908,0008-09-09 15:55:00,8,9,9,15,55,750,111,"8, PLACE DE LA REPUBLIQU",,,Plein jour,En agglomération,Intersection à plus de 4 branches,Pluie légère,Sans collision,,,,,,,,,,,1,2,5,2,7
200800053909,0008-09-09 23:00:00,8,9,9,23,0,750,116,AVENUE DE LA PORTE D AUT,,,Nuit avec éclairage allumé,En agglomération,Intersection en T,Normale,Deux véhicules - côté,,,,,,,,,,,5,2,3,1,3
200800053910,0008-09-09 13:30:00,8,9,9,13,30,750,119,"60, AVENUE JEAN JAURES",,,Plein jour,En agglomération,Hors intersection,Normale,Deux véhicules - côté,,,,,,,,,,,1,2,1,1,3
200800053911,0008-09-09 17:55:00,8,9,9,17,55,750,120,"174, RUE DE BAGNOLET",,,Plein jour,En agglomération,Hors intersection,Normale,Deux véhicules - côté,,,,,,,,,,,1,2,1,1,3
200800053912,0008-09-09 20:48:00,8,9,9,20,48,750,120,"80, BOULEVARD DE CHARONN",,,Nuit avec éclairage allumé,En agglomération,Intersection en T,Normale,Autre collision,,,,,,,,,,,5,2,3,1,6
200800053913,0008-09-09 01:55:00,8,9,9,1,55,750,116,AVENUE DE NEW YORK,,,Nuit avec éclairage allumé,En agglomération,Hors intersection,Normale,Autre collision,,,,,,,,,,,5,2,1,1,6
200800053914,0008-09-09 09:40:00,8,9,9,9,40,750,116,ALLEE DES FORTIFICATIONS,,,Plein jour,En agglomération,Hors intersection,Normale,Deux véhicules - côté,,,,,,,,,,,1,2,1,1,3
200800053915,0008-09-09 18:07:00,8,9,9,18,7,750,120,"39 bis, AVENUE GAMBETTA",,,Plein jour,En agglomération,Hors intersection,Normale,Deux véhicules - côté,,,,,,,,,,,1,2,1,1,3
200800053916,0008-09-09 21:45:00,8,9,9,21,45,750,120,"68, RUE DE MENILMONTANT",,,Nuit avec éclairage allumé,En agglomération,Intersection en X,Normale,Deux véhicules - côté,,,,,,,,,,,5,2,2,1,3
200800053917,0008-09-09 09:55:00,8,9,9,9,55,750,116,PORTE DE SAINT CLOUD,,,Plein jour,En agglomération,Hors intersection,Normale,Deux véhicules - arrière,,,,,,,,,,,1,2,1,1,2
200800053918,0008-09-09 09:45:00,8,9,9,9,45,750,120,PORTE DES LILAS,,,Plein jour,En agglomération,Hors intersection,Normale,Autre collision,,,,,,,,,,,1,2,1,1,6
200800053919,0008-09-09 09:00:00,8,9,9,9,0,750,118,PORTE DE LA CHAPELLE,,,Plein jour,En agglomération,Hors intersection,Normale,Autre collision,,,,,,,,,,,1,2,1,1,6
200800053920,0008-09-09 14:40:00,8,9,9,14,40,750,116,PORTE DAUPHINE,,,Plein jour,En agglomération,Hors intersection,Normale,Autre collision,,,,,,,,,,,1,2,1,1,6
200800053921,0008-09-09 18:05:00,8,9,9,18,5,750,116,PORTE D AUTEUIL,,,Plein jour,En agglomération,Hors intersection,Normale,Sans collision,,,,,,,,,,,1,2,1,1,7
200800053922,0008-09-18 14:30:00,8,9,18,14,30,750,102,"32, AVENUE DE L OPERA",,,Plein jour,En agglomération,Hors intersection,Normale,Deux véhicules - côté,,,,,,,,,,,1,2,1,1,3
200800053923,0008-09-18 11:35:00,8,9,18,11,35,750,105,"13, PLACE VALHUBERT",,,Plein jour,En agglomération,Place,Normale,Sans collision,,,,,,,,,,,1,2,7,1,7
200800053924,0008-09-18 16:00:00,8,9,18,16,0,750,105,"19, QUAI DE LA TOURNELLE",,,Plein jour,En agglomération,Intersection en X,Normale,Sans collision,,,,,,,,,,,1,2,2,1,7
200800053925,0008-09-18 09:45:00,8,9,18,9,45,750,108,"33, RUE DE LA BIENFAISAN",,,Plein jour,En agglomération,Intersection en X,Normale,Autre collision,,,,,,,,,,,1,2,2,1,6
200800053926,0008-09-18 21:30:00,8,9,18,21,30,750,108,COURS ALBERT 1ER,,,Nuit avec éclairage allumé,En agglomération,Intersection en X,Normale,Autre collision,,,,,,,,,,,5,2,2,1,6
200800053927,0008-09-18 12:30:00,8,9,18,12,30,750,110,RUE DU FAUBOURG SAINT DE,,,Plein jour,En agglomération,Hors intersection,Normale,Sans collision,,,,,,,,,,,1,2,1,1,7
200800053928,0008-09-18 13:00:00,8,9,18,13,0,750,113,"127, BOULEVARD AUGUSTE B",,,Plein jour,En agglomération,Hors intersection,Normale,Deux véhicules - côté,,,,,,,,,,,1,2,1,1,3
200800053929,0008-09-18 09:15:00,8,9,18,9,15,750,114,"85, BOULEVARD BRUNE",,,Plein jour,En agglomération,Hors intersection,Normale,Deux véhicules - arrière,,,,,,,,,,,1,2,1,1,2
200800053930,0008-09-18 16:50:00,8,9,18,16,50,750,114,"141, AVENUE DU MAINE",,,Plein jour,En agglomération,Intersection en X,Normale,Deux véhicules - côté,,,,,,,,,,,1,2,2,1,3
200800053931,0008-09-18 11:45:00,8,9,18,11,45,750,115,"17, RUE LABROUSTE",,,Plein jour,En agglomération,Hors intersection,Normale,Autre collision,,,,,,,,,,,1,2,1,1,6
200800053932,0008-09-18 13:10:00,8,9,18,13,10,750,115,"1, AVENUE DE SUFFREN",,,Plein jour,En agglomération,Intersection en X,Normale,Deux véhicules - côté,,,,,,,,,,,1,2,2,1,3
200800053933,0008-09-18 22:15:00,8,9,18,22,15,750,115,"42, RUE DE LA CONVENTION",,,Nuit avec éclairage allumé,En agglomération,Intersection en T,Normale,Deux véhicules - côté,,,,,,,,,,,5,2,3,1,3
200800053934,0008-09-18 13:15:00,8,9,18,13,15,750,116,"53, AVENUE KLEBER",,,Plein jour,En agglomération,Hors intersection,Normale,Autre collision,,,,,,,,,,,1,2,1,1,6
200800053935,0008-09-18 17:30:00,8,9,18,17,30,750,118,BOULEVARD BARBES,,,Plein jour,En agglomération,Intersection en X,Normale,Deux véhicules - côté,,,,,,,,,,,1,2,2,1,3
200800053936,0008-09-18 15:09:00,8,9,18,15,9,750,119,AVENUE CORENTIN CARIOU,,,Plein jour,En agglomération,Intersection en Y,Normale,Deux véhicules - côté,,,,,,,,,,,1,2,4,1,3
200800053937,0008-09-18 16:20:00,8,9,18,16,20,750,120,RUE DE PALI KAO,,,Plein jour,En agglomération,Hors intersection,Normale,Autre collision,,,,,,,,,,,1,2,1,1,6
200800053938,0008-09-18 15:45:00,8,9,18,15,45,750,120,BOULEVARD PERIPHERIQUE E,,,Plein jour,En agglomération,Hors intersection,Normale,Deux véhicules - arrière,,,,,,,,,,,1,2,1,1,2
200800053939,0008-09-10 16:30:00,8,9,10,16,30,750,101,VOIE GEORGES POMPIDOU,,,Plein jour,En agglomération,Hors intersection,Normale,Deux véhicules - côté,,,,,,,,,,,1,2,1,1,3
200800053940,0008-09-10 18:35:00,8,9,10,18,35,750,103,"11, RUE SAINTE APOLLINE",,,Plein jour,En agglomération,Hors intersection,Normale,Autre collision,,,,,,,,,,,1,2,1,1,6
200800053941,0008-09-10 13:10:00,8,9,10,13,10,750,105,"7, QUAI SAINT BERNARD",,,Plein jour,En agglomération,Hors intersection,Normale,Deux véhicules - côté,,,,,,,,,,,1,2,1,1,3
200800053942,0008-09-10 14:15:00,8,9,10,14,15,750,107,VOIE EXPRESS RIVE GAUCHE,,,Plein jour,En agglomération,Hors intersection,Normale,Deux véhicules - côté,,,,,,,,,,,1,2,1,1,3
200800053943,0008-09-10 09:00:00,8,9,10,9,0,750,110,"11, RUE DE ROCROY",,,Plein jour,En agglomération,Intersection en X,Normale,Deux véhicules - arrière,,,,,,,,,,,1,2,2,1,2
200800053944,0008-09-10 16:30:00,8,9,10,16,30,750,110,"162, RUE DU FAUBOURG SAI",,,Plein jour,En agglomération,Hors intersection,Normale,Autre collision,,,,,,,,,,,1,2,1,1,6
200800053945,0008-09-10 00:40:00,8,9,10,0,40,750,111,"01, AVENUE PHILIPPE AUGU",,,Nuit avec éclairage allumé,En agglomération,Intersection à plus de 4 branches,Normale,Deux véhicules - côté,,,,,,,,,,,5,2,5,1,3
200800053946,0008-09-10 08:50:00,8,9,10,8,50,750,111,"85, RUE DE CHARONNE",,,Plein jour,En agglomération,Intersection à plus de 4 branches,Normale,Deux véhicules - côté,,,,,,,,,,,1,2,5,1,3
200800053947,0008-09-10 05:30:00,8,9,10,5,30,750,113,"81, AVENUE D ITALIE",,,Nuit avec éclairage allumé,En agglomération,Intersection en T,Normale,Autre collision,,,,,,,,,,,5,2,3,1,6
200800053948,0008-09-10 20:45:00,8,9,10,20,45,750,115,QUAI D ISSY LES MOULINEA,,,Nuit avec éclairage allumé,En agglomération,Hors intersection,Normale,Sans collision,,,,,,,,,,,5,2,1,1,7
200800053949,0008-09-10 08:55:00,8,9,10,8,55,750,116,BOULEVARD SUCHET,,,Plein jour,En agglomération,Hors intersection,Normale,Deux véhicules - côté,,,,,,,,,,,1,2,1,1,3
200800053950,0008-09-10 20:00:00,8,9,10,20,0,750,116,RUE POUSSIN,,,Nuit avec éclairage allumé,En agglomération,Intersection en T,Normale,Autre collision,,,,,,,,,,,5,2,3,1,6
200800053951,0008-09-10 11:59:00,8,9,10,11,59,750,117,"114, RUE DE SAUSSURE",,,Plein jour,En agglomération,Intersection en X,Normale,Deux véhicules - côté,,,,,,,,,,,1,2,2,1,3
200800053952,0008-09-10 15:55:00,8,9,10,15,55,750,117,"1, PLACE GENERAL CATROUX",,,Plein jour,En agglomération,Hors intersection,Normale,Deux véhicules - côté,,,,,,,,,,,1,2,1,1,3
200800053953,0008-09-10 16:40:00,8,9,10,16,40,750,117,AVENUE DE LA PORTE D ASN,,,Plein jour,En agglomération,Intersection en Y,Normale,Autre collision,,,,,,,,,,,1,2,4,1,6
200800053954,0008-09-10 18:20:00,8,9,10,18,20,750,118,"0, BOULEVARD DE LA CHAPE",,,Plein jour,En agglomération,Intersection en X,Normale,Autre collision,,,,,,,,,,,1,2,2,1,6
200800053955,0008-09-10 20:30:00,8,9,10,20,30,750,119,"15, RUE DAVID D ANGERS",,,Nuit avec éclairage allumé,En agglomération,Intersection en T,Normale,Deux véhicules - côté,,,,,,,,,,,5,2,3,1,3
200800053956,0008-09-10 21:00:00,8,9,10,21,0,750,119,"174, AVENUE JEAN JAURES",,,Nuit avec éclairage allumé,En agglomération,Intersection en X,Normale,Deux véhicules - côté,,,,,,,,,,,5,2,2,1,3
200800053957,0008-09-10 23:30:00,8,9,10,23,30,750,119,"18, BOULEVARD SERURIER",,,Nuit avec éclairage allumé,En agglomération,Hors intersection,Normale,Deux véhicules - côté,,,,,,,,,,,5,2,1,1,3
200800053958,0008-09-10 17:50:00,8,9,10,17,50,750,120,"120, RUE DES PYRENEES",,,Plein jour,En agglomération,Hors intersection,Normale,Autre collision,,,,,,,,,,,1,2,1,1,6
200800053959,0008-09-10 17:10:00,8,9,10,17,10,750,120,PLACE DE LA PORTE DE MON,,,Plein jour,En agglomération,Hors intersection,Normale,Deux véhicules - arrière,,,,,,,,,,,1,2,1,1,2
200800053960,0008-09-10 21:00:00,8,9,10,21,0,750,120,COURS DE VINCENNES,,,Nuit avec éclairage allumé,En agglomération,Intersection en X,Normale,Deux véhicules - côté,,,,,,,,,,,5,2,2,1,3
200800053961,0008-09-10 08:45:00,8,9,10,8,45,750,113,PORTE D IVRY,,,Plein jour,En agglomération,Hors intersection,Normale,Trois véhicules et plus - en chaîne,,,,,,,,,,,1,2,1,1,4
200800053962,0008-09-10 18:15:00,8,9,10,18,15,750,117,PORTE DE CLICHY,,,Plein jour,En agglomération,Hors intersection,Normale,Deux véhicules - côté,,,,,,,,,,,1,2,1,1,3
200800053963,0008-09-11 16:45:00,8,9,11,16,45,750,102,"100, RUE DE RICHELIEU",,,Plein jour,En agglomération,Intersection en T,Normale,Deux véhicules - côté,,,,,,,,,,,1,2,3,1,3
200800053964,0008-09-11 20:25:00,8,9,11,20,25,750,102,"79, BOULEVARD DE SEBASTO",,,Plein jour,En agglomération,Intersection en X,Pluie légère,Deux véhicules - côté,,,,,,,,,,,1,2,2,2,3
200800053965,0008-09-11 18:35:00,8,9,11,18,35,750,102,AVENUE DE L OPERA,,,Plein jour,En agglomération,Intersection à plus de 4 branches,Normale,Deux véhicules - côté,,,,,,,,,,,1,2,5,1,3
200800053966,0008-09-11 20:27:00,8,9,11,20,27,750,104,RUE SAINT ANTOINE,,,Nuit avec éclairage allumé,En agglomération,Hors intersection,Pluie légère,Autre collision,,,,,,,,,,,5,2,1,2,6
200800053967,0008-09-11 10:42:00,8,9,11,10,42,750,105,"4, RUE DES FOSSES SAINT",,,Plein jour,En agglomération,Hors intersection,Normale,Autre collision,,,,,,,,,,,1,2,1,1,6
200800053968,0008-09-11 16:00:00,8,9,11,16,0,750,105,"25, BOULEVARD SAINT MICH",,,Plein jour,En agglomération,Intersection en T,Normale,Deux véhicules - côté,,,,,,,,,,,1,2,3,1,3
200800053969,0008-09-11 15:05:00,8,9,11,15,5,750,106,"87, BOULEVARD DU MONTPAR",,,Plein jour,En agglomération,Hors intersection,Normale,Autre collision,,,,,,,,,,,1,2,1,1,6
200800053970,0008-09-11 19:55:00,8,9,11,19,55,750,107,RUE MALAR,,,Nuit avec éclairage allumé,En agglomération,Intersection en X,Pluie légère,Deux véhicules - côté,,,,,,,,,,,5,2,2,2,3
200800053971,0008-09-11 14:30:00,8,9,11,14,30,750,108,"51, AVENUE MONTAIGNE",,,Plein jour,En agglomération,Intersection en X,Normale,Deux véhicules - côté,,,,,,,,,,,1,2,2,1,3
200800053972,0008-09-11 20:15:00,8,9,11,20,15,750,108,"4, PLACE DE LA CONCORDE",,,Nuit sans éclairage public,En agglomération,Intersection à plus de 4 branches,Pluie légère,Trois véhicules et plus - en chaîne,,,,,,,,,,,3,2,5,2,4
200800053973,0008-09-11 14:05:00,8,9,11,14,5,750,109,BOULEVARD HAUSSMANN,,,Plein jour,En agglomération,Hors intersection,Normale,Deux véhicules - côté,,,,,,,,,,,1,2,1,1,3
200800053974,0008-09-11 12:00:00,8,9,11,12,0,750,111,BOULEVARD JULES FERRY,,,Plein jour,En agglomération,Hors intersection,Normale,Deux véhicules - côté,,,,,,,,,,,1,2,1,1,3
200800053975,0008-09-11 14:00:00,8,9,11,14,0,750,111,RUE DE LA ROQUETTE,,,Plein jour,En agglomération,Intersection en Y,Normale,Sans collision,,,,,,,,,,,1,2,4,1,7
200800053976,0008-09-11 17:20:00,8,9,11,17,20,750,111,"30, BOULEVARD BEAUMARCHA",,,Plein jour,En agglomération,Hors intersection,Normale,Deux véhicules - arrière,,,,,,,,,,,1,2,1,1,2
200800053977,0008-09-11 20:43:00,8,9,11,20,43,750,111,"11, AVENUE DE BOUVINES",,,Nuit sans éclairage public,En agglomération,Intersection en T,Pluie légère,Autre collision,,,,,,,,,,,3,2,3,2,6
200800053978,0008-09-11 23:30:00,8,9,11,23,30,750,112,PLACE DE LA NATION,,,Nuit avec éclairage allumé,En agglomération,Intersection à plus de 4 branches,Normale,Autre collision,,,,,,,,,,,5,2,5,1,6
200800053979,0008-09-11 08:35:00,8,9,11,8,35,750,112,AVENUE DE NOGENT   VINCE,,,Plein jour,En agglomération,Intersection en T,Normale,Deux véhicules - côté,,,,,,,,,,,1,2,3,1,3
200800053980,0008-09-11 19:30:00,8,9,11,19,30,750,112,"67, BOULEVARD PONIATOWSK",,,Plein jour,En agglomération,Intersection en X,Pluie légère,Deux véhicules - côté,,,,,,,,,,,1,2,2,2,3
200800053981,0008-09-11 21:47:00,8,9,11,21,47,750,112,BOULEVARD PONIATOWSKI,,,Nuit avec éclairage allumé,En agglomération,Intersection en X,Normale,Deux véhicules - côté,,,,,,,,,,,5,2,2,1,3
200800053982,0008-09-11 12:35:00,8,9,11,12,35,750,113,AVENUE DE LA PORTE D ITA,,,Plein jour,En agglomération,Intersection en T,Normale,Deux véhicules - côté,,,,,,,,,,,1,2,3,1,3
200800053983,0008-09-11 15:05:00,8,9,11,15,5,750,113,"1, BOULEVARD DE L HOPITA",,,Plein jour,En agglomération,Hors intersection,Normale,Autre collision,,,,,,,,,,,1,2,1,1,6
200800053984,0008-09-11 19:05:00,8,9,11,19,5,750,113,"140, BOULEVARD DE L HOPI",,,Crépuscule ou aube,En agglomération,Hors intersection,Normale,Deux véhicules - arrière,,,,,,,,,,,2,2,1,1,2
200800053985,0008-09-11 19:00:00,8,9,11,19,0,750,113,RUE DE TOLBIAC,,,Plein jour,En agglomération,Intersection en X,Normale,Autre collision,,,,,,,,,,,1,2,2,1,6
200800053986,0008-09-11 12:15:00,8,9,11,12,15,750,114,"73, RUE D ALESIA",,,Plein jour,En agglomération,Intersection en T,Normale,Deux véhicules - côté,,,,,,,,,,,1,2,3,1,3
200800053987,0008-09-11 20:45:00,8,9,11,20,45,750,114,"245, BOULEVARD RASPAIL",,,Nuit avec éclairage allumé,En agglomération,Intersection en T,Pluie légère,Trois véhicules et plus - en chaîne,,,,,,,,,,,5,2,3,2,4
200800053988,0008-09-11 17:50:00,8,9,11,17,50,750,115,AVENUE EMILE ZOLA,,,Plein jour,En agglomération,Hors intersection,Temps couvert,Autre collision,,,,,,,,,,,1,2,1,8,6
200800053989,0008-09-11 15:55:00,8,9,11,15,55,750,116,"75, AVENUE DE LA GRANDE",,,Plein jour,En agglomération,Hors intersection,Normale,Deux véhicules - côté,,,,,,,,,,,1,2,1,1,3
200800053990,0008-09-11 23:55:00,8,9,11,23,55,750,116,PLACE DU DOCTEUR HAYEM,,,Nuit avec éclairage allumé,En agglomération,Intersection en X,Pluie légère,Autre collision,,,,,,,,,,,5,2,2,2,6
200800053991,0008-09-11 00:25:00,8,9,11,0,25,750,116,PLACE DE LA PORTE MAILLO,,,Nuit avec éclairage allumé,En agglomération,Intersection à plus de 4 branches,Normale,Deux véhicules - côté,,,,,,,,,,,5,2,5,1,3
200800053992,0008-09-11 16:30:00,8,9,11,16,30,750,117,"10, AVENUE DE LA PORTE D",,,Plein jour,En agglomération,Intersection en Y,Normale,Deux véhicules - côté,,,,,,,,,,,1,2,4,1,3
200800053993,0008-09-11 17:31:00,8,9,11,17,31,750,117,"147, RUE CARDINET",,,Plein jour,En agglomération,Hors intersection,Normale,Deux véhicules - côté,,,,,,,,,,,1,2,1,1,3
200800053994,0008-09-11 09:30:00,8,9,11,9,30,750,118,"47, RUE CHAMPIONNET",,,Plein jour,En agglomération,Hors intersection,Normale,Autre collision,,,,,,,,,,,1,2,1,1,6
200800053995,0008-09-11 14:15:00,8,9,11,14,15,750,118,"9, AVENUE DE LA PORTE DE",,,Plein jour,En agglomération,Hors intersection,Normale,Trois véhicules et plus - en chaîne,,,,,,,,,,,1,2,1,1,4
200800053996,0008-09-11 18:40:00,8,9,11,18,40,750,118,"17, RUE BOUCRY",,,Plein jour,En agglomération,Intersection en X,Normale,Autre collision,,,,,,,,,,,1,2,2,1,6
200800053997,0008-09-11 09:39:00,8,9,11,9,39,750,119,AVENUE JEAN JAURES,,,Plein jour,En agglomération,Intersection en X,Normale,Autre collision,,,,,,,,,,,1,2,2,1,6
200800053998,0008-09-11 20:00:00,8,9,11,20,0,750,120,"201, AVENUE GAMBETTA",,,Nuit avec éclairage allumé,En agglomération,Hors intersection,Pluie légère,Autre collision,,,,,,,,,,,5,2,1,2,6
200800053999,0008-09-11 17:45:00,8,9,11,17,45,750,113,RUE JEAN BAPTISTE BERLIE,,,Plein jour,En agglomération,Intersection en X,Normale,Deux véhicules - côté,,,,,,,,,,,1,2,2,1,3
200800054000,0008-09-11 06:00:00,8,9,11,6,0,750,114,ECHANGEUR ORLEANS,,,Crépuscule ou aube,En agglomération,Hors intersection,Normale,Trois véhicules et plus - en chaîne,,,,,,,,,,,2,2,1,1,4
200800054001,0008-09-11 08:00:00,8,9,11,8,0,750,114,PORTE DE CHATILLON,,,Plein jour,En agglomération,Hors intersection,Normale,Sans collision,,,,,,,,,,,1,2,1,1,7
200800054002,0008-09-11 08:03:00,8,9,11,8,3,750,113,PORTE D ITALIE,,,Plein jour,En agglomération,Hors intersection,Normale,Deux véhicules - côté,,,,,,,,,,,1,2,1,1,3
200800054003,0008-09-11 17:00:00,8,9,11,17,0,750,117,PORTE DE CLICHY,,,Plein jour,En agglomération,Hors intersection,Normale,Deux véhicules - côté,,,,,,,,,,,1,2,1,1,3
200800054004,0008-09-11 18:00:00,8,9,11,18,0,750,114,PORTE DE GENTILLY,,,Plein jour,En agglomération,Hors intersection,Normale,Deux véhicules - côté,,,,,,,,,,,1,2,1,1,3
200800054005,0008-09-19 23:40:00,8,9,19,23,40,750,101,QUAI FRANCOIS MITTERRAND,,,Nuit avec éclairage allumé,En agglomération,Hors intersection,Normale,Deux véhicules - côté,,,,,,,,,,,5,2,1,1,3
200800054006,0008-09-19 17:50:00,8,9,19,17,50,750,101,QUAI DES TUILERIES,,,Plein jour,En agglomération,Hors intersection,Normale,Deux véhicules - arrière,,,,,,,,,,,1,2,1,1,2
200800054007,0008-09-19 22:45:00,8,9,19,22,45,750,103,"9, PLACE DE LA REPUBLIQU",,,Nuit avec éclairage allumé,En agglomération,Hors intersection,Normale,Deux véhicules - arrière,,,,,,,,,,,5,2,1,1,2
200800054008,0008-09-19 04:30:00,8,9,19,4,30,750,105,RUE DES CARMES,,,Nuit avec éclairage allumé,En agglomération,Hors intersection,Normale,Sans collision,,,,,,,,,,,5,2,1,1,7
200800054009,0008-09-19 22:35:00,8,9,19,22,35,750,105,RUE MONGE,,,Nuit avec éclairage allumé,En agglomération,Intersection en X,Normale,Deux véhicules - côté,,,,,,,,,,,5,2,2,1,3
200800054010,0008-09-19 15:45:00,8,9,19,15,45,750,106,BOULEVARD RASPAIL,,,Plein jour,En agglomération,Place,Normale,Deux véhicules - arrière,,,,,,,,,,,1,2,7,1,2
200800054011,0008-09-19 15:00:00,8,9,19,15,0,750,107,"1, PLACE JOFFRE",,,Plein jour,En agglomération,Intersection en X,Normale,Autre collision,,,,,,,,,,,1,2,2,1,6
200800054012,0008-09-19 14:00:00,8,9,19,14,0,750,107,"54, RUE DE VARENNE",,,Plein jour,En agglomération,Hors intersection,Normale,Autre collision,,,,,,,,,,,1,2,1,1,6
200800054013,0008-09-19 09:00:00,8,9,19,9,0,750,108,"89, BOULEVARD MALESHERBE",,,Plein jour,En agglomération,Intersection en X,Normale,Deux véhicules - côté,,,,,,,,,,,1,2,2,1,3
200800054014,0008-09-19 16:20:00,8,9,19,16,20,750,108,SOUTERRAIN ETOILE,,,Plein jour,En agglomération,Hors intersection,Normale,Deux véhicules - arrière,,,,,,,,,,,1,2,1,1,2
200800054015,0008-09-19 15:45:00,8,9,19,15,45,750,109,"14, RUE DE MAUBEUGE",,,Plein jour,En agglomération,Intersection en T,Normale,Deux véhicules - côté,,,,,,,,,,,1,2,3,1,3
200800054016,0008-09-19 09:20:00,8,9,19,9,20,750,110,"12, RUE PHILIPPE DE GIRA",,,Plein jour,En agglomération,Hors intersection,Normale,Autre collision,,,,,,,,,,,1,2,1,1,6
200800054017,0008-09-19 12:45:00,8,9,19,12,45,750,110,"15, BOULEVARD DE MAGENTA",,,Plein jour,En agglomération,Hors intersection,Normale,Autre collision,,,,,,,,,,,1,2,1,1,6
200800054018,0008-09-19 13:15:00,8,9,19,13,15,750,110,"153, RUE LA FAYETTE",,,Plein jour,En agglomération,Intersection en X,Normale,Autre collision,,,,,,,,,,,1,2,2,1,6
200800054019,0008-09-19 23:10:00,8,9,19,23,10,750,110,BOULEVARD SAINT DENIS,,,Nuit avec éclairage allumé,En agglomération,Intersection en X,Normale,Deux véhicules - côté,,,,,,,,,,,5,2,2,1,3
200800054020,0008-09-19 11:29:00,8,9,19,11,29,750,112,"3, RUE BARON LE ROY",,,Plein jour,En agglomération,Hors intersection,Normale,Sans collision,,,,,,,,,,,1,2,1,1,7
200800054021,0008-09-19 13:00:00,8,9,19,13,0,750,113,"188, AVENUE D ITALIE",,,Plein jour,En agglomération,Hors intersection,Normale,Autre collision,,,,,,,,,,,1,2,1,1,6
200800054022,0008-09-19 18:05:00,8,9,19,18,5,750,113,"101, BOULEVARD AUGUSTE B",,,Plein jour,En agglomération,Hors intersection,Normale,Deux véhicules - arrière,,,,,,,,,,,1,2,1,1,2
200800054023,0008-09-19 08:55:00,8,9,19,8,55,750,116,"75, AVENUE DE LA GRANDE",,,Plein jour,En agglomération,Hors intersection,Normale,Autre collision,,,,,,,,,,,1,2,1,1,6
200800054024,0008-09-19 17:00:00,8,9,19,17,0,750,116,VOIE GEORGES POMPIDOU,,,Plein jour,En agglomération,Hors intersection,Normale,Sans collision,,,,,,,,,,,1,2,1,1,7
200800054025,0008-09-19 19:35:00,8,9,19,19,35,750,116,ALLEE DE LA REINE MARGUE,,,Plein jour,En agglomération,Hors intersection,Normale,Deux véhicules - côté,,,,,,,,,,,1,2,1,1,3
200800054026,0008-09-19 10:18:00,8,9,19,10,18,750,117,"164, RUE DE SAUSSURE",,,Plein jour,En agglomération,Hors intersection,Normale,Sans collision,,,,,,,,,,,1,2,1,1,7
200800054027,0008-09-19 18:25:00,8,9,19,18,25,750,117,"108, RUE NOLLET",,,Plein jour,En agglomération,Intersection en X,Normale,Sans collision,,,,,,,,,,,1,2,2,1,7
200800054028,0008-09-19 09:55:00,8,9,19,9,55,750,118,"02, RUE DE CHARTRES",,,Plein jour,En agglomération,Intersection en Y,Normale,Deux véhicules - côté,,,,,,,,,,,1,2,4,1,3
200800054029,0008-09-19 11:00:00,8,9,19,11,0,750,118,"73 ter, RUE LAMARCK",,,Plein jour,En agglomération,Intersection en X,Normale,Autre collision,,,,,,,,,,,1,2,2,1,6
200800054030,0008-09-19 13:00:00,8,9,19,13,0,750,118,RUE DE CLIGNANCOURT,,,Plein jour,En agglomération,Hors intersection,Normale,Autre collision,,,,,,,,,,,1,2,1,1,6
200800054031,0008-09-19 12:40:00,8,9,19,12,40,750,118,RUE STEPHENSON,,,Plein jour,En agglomération,Intersection en X,Normale,Deux véhicules - côté,,,,,,,,,,,1,2,2,1,3
200800054032,0008-09-19 17:40:00,8,9,19,17,40,750,118,RUE PHILIPPE DE GIRARD,,,Plein jour,En agglomération,Intersection en T,Normale,Autre collision,,,,,,,,,,,1,2,3,1,6
200800054033,0008-09-19 05:55:00,8,9,19,5,55,750,119,RUE DE CRIMEE,,,Nuit avec éclairage allumé,En agglomération,Intersection en X,Normale,Deux véhicules - côté,,,,,,,,,,,5,2,2,1,3
200800054034,0008-09-19 08:00:00,8,9,19,8,0,750,119,"175, BOULEVARD SERURIER",,,Plein jour,En agglomération,Hors intersection,Normale,Deux véhicules - côté,,,,,,,,,,,1,2,1,1,3
200800054035,0008-09-19 10:40:00,8,9,19,10,40,750,120,RUE PELLEPORT,,,Plein jour,En agglomération,Intersection en X,Normale,Sans collision,,,,,,,,,,,1,2,2,1,7