accident_id,datetime,annee,mois,jour,heure,minute,departement,commune_insee,adresse,latitude,longitude,luminosite,agglomeration,intersection,meteo,collision,nb_vehicules,nb_usagers,nb_indemnes,nb_tues,nb_blesses_hosp,nb_blesses_legers,age_cond_1,age_cond_2,veh_type_cond_1,veh_type_cond_2,lum_code,agg_code,int_code,atm_code,col_code
200800054168,0008-09-26 22:20:00,8,9,26,22,20,930,62,THIERS (AVENUE),,,Nuit avec éclairage allumé,En agglomération,Intersection en X,Normale,Autre collision,,,,,,,,,,,5,2,2,1,6
200800054169,0008-09-06 16:15:00,8,9,6,16,15,930,64,"04, MERMOZ (RUE JEAN)",,,Plein jour,En agglomération,Intersection en T,Normale,Deux véhicules - arrière,,,,,,,,,,,1,2,3,1,2
200800054170,0008-09-08 19:35:00,8,9,8,19,35,930,77,"00, CHARTON (RUE R ET P)",,,Plein jour,En agglomération,Intersection en X,Normale,Deux véhicules - côté,,,,,,,,,,,1,2,2,1,3
200800054171,0008-09-12 10:20:00,8,9,12,10,20,930,77,"00, AULNAY (BOULEVARD D'",,,Plein jour,En agglomération,Intersection en X,Normale,Deux véhicules - frontale,,,,,,,,,,,1,2,2,1,1
200800054172,0008-09-13 19:20:00,8,9,13,19,20,930,77,"02, LAENNEC (RUE)",,,Plein jour,En agglomération,Hors intersection,Normale,Deux véhicules - arrière,,,,,,,,,,,1,2,1,1,2
200800054173,0008-09-17 15:20:00,8,9,17,15,20,930,64,"17, MONTGOLFIER (RUE J E",,,Plein jour,En agglomération,Hors intersection,Normale,Deux véhicules - côté,,,,,,,,,,,1,2,1,1,3
200800054174,0008-09-18 16:50:00,8,9,18,16,50,930,64,"31, GARDEBLED (RUE RICHA",,,Plein jour,En agglomération,Hors intersection,Normale,Sans collision,,,,,,,,,,,1,2,1,1,7
200800054175,0008-09-19 18:50:00,8,9,19,18,50,930,64,"00, ALSACE-LORRAINE (BOU",,,Plein jour,En agglomération,Intersection en X,Normale,Deux véhicules - côté,,,,,,,,,,,1,2,2,1,3
200800054176,0008-09-30 11:50:00,8,9,30,11,50,930,77,"124, GRANDE RUE  18 / FI",,,Plein jour,En agglomération,Intersection en T,Normale,Deux véhicules - arrière,,,,,,,,,,,1,2,3,1,2
200800054177,0008-09-03 17:30:00,8,9,3,17,30,930,66,UNIVERSITE PARIS VIII,,,Plein jour,En agglomération,Hors intersection,Normale,Autre collision,,,,,,,,,,,1,2,1,1,6
200800054178,0008-09-10 18:30:00,8,9,10,18,30,930,66,"62, LENINE (AVENUE) NR 2",,,Plein jour,En agglomération,Hors intersection,Normale,Deux véhicules - côté,,,,,,,,,,,1,2,1,1,3
200800054179,0008-09-11 07:45:00,8,9,11,7,45,930,66,FRANCE ANATOLE ENTREE A1,,,Plein jour,En agglomération,Hors intersection,Normale,Deux véhicules - arrière,,,,,,,,,,,1,2,1,1,2
200800054180,0008-09-12 08:05:00,8,9,12,8,5,930,72,"117, STALINGRAD (Avenue)",,,Plein jour,En agglomération,Hors intersection,Pluie légère,Sans collision,,,,,,,,,,,1,2,1,2,7
200800054181,0008-09-15 22:50:00,8,9,15,22,50,930,66,FRANCE ANATOLE (BOULEVAR,,,Nuit sans éclairage public,En agglomération,Hors intersection,Normale,Sans collision,,,,,,,,,,,3,2,1,1,7
200800054182,0008-09-16 14:20:00,8,9,16,14,20,930,66,"1, PORT (QUAI DU)",,,Plein jour,En agglomération,Intersection en X,Normale,Sans collision,,,,,,,,,,,1,2,2,1,7
200800054183,0008-09-17 09:40:00,8,9,17,9,40,930,66,PICOU (IMPASSE),,,Plein jour,En agglomération,Hors intersection,Normale,Sans collision,,,,,,,,,,,1,2,1,1,7
200800054184,0008-09-17 13:50:00,8,9,17,13,50,930,66,"19, LIBERATION RD14 (BOU",,,Plein jour,En agglomération,Hors intersection,Normale,Deux véhicules - côté,,,,,,,,,,,1,2,1,1,3
200800054185,0008-09-17 17:30:00,8,9,17,17,30,930,66,FORT DE LA BRICHE,,,Plein jour,En agglomération,Hors intersection,Normale,Deux véhicules - côté,,,,,,,,,,,1,2,1,1,3
200800054186,0008-09-22 13:30:00,8,9,22,13,30,930,66,FORT DE LA BRICHE,,,Plein jour,En agglomération,Hors intersection,Normale,Deux véhicules - arrière,,,,,,,,,,,1,2,1,1,2
200800054187,0008-09-23 17:11:00,8,9,23,17,11,930,66,SAUSSAIE,,,Plein jour,En agglomération,Hors intersection,Temps couvert,Autre collision,,,,,,,,,,,1,2,1,8,6
200800054188,0008-09-24 13:00:00,8,9,24,13,0,930,66,GENERAL LECLERC (PLACE),,,Plein jour,En agglomération,Hors intersection,Normale,Autre collision,,,,,,,,,,,1,2,1,1,6
200800054189,0008-09-26 12:00:00,8,9,26,12,0,930,66,"""STALINGRAD (AVENUE), NR",,,Plein jour,En agglomération,Place,Normale,Autre collision,,,,,,,,,,,1,2,7,1,6
200800054190,0008-09-26 13:20:00,8,9,26,13,20,930,66,"42, ""GUESDE JULES (BD),",,,Plein jour,En agglomération,Hors intersection,Normale,Autre collision,,,,,,,,,,,1,2,1,1,6
200800054191,0008-09-30 23:00:00,8,9,30,23,0,930,66,PORT,,,Nuit avec éclairage allumé,En agglomération,Intersection en X,Pluie légère,Deux véhicules - côté,,,,,,,,,,,5,2,2,2,3
200800054192,0008-09-06 17:50:00,8,9,6,17,50,930,66,"3, ""LANDY RD 20, NR IMPA",,,Plein jour,En agglomération,Intersection en T,Normale,Autre collision,,,,,,,,,,,1,2,3,1,6
200800054193,0008-09-06 19:05:00,8,9,6,19,5,930,66,ELUARD PAUL - AUTRES,,,Plein jour,En agglomération,Intersection en X,Normale,Deux véhicules - côté,,,,,,,,,,,1,2,2,1,3
200800054194,0008-09-12 19:30:00,8,9,12,19,30,930,66,"173, WILSON (AVENUE DU P",,,Nuit avec éclairage allumé,En agglomération,Autre intersection,Normale,Deux véhicules - côté,,,,,,,,,,,5,2,9,1,3
200800054195,0008-09-13 13:25:00,8,9,13,13,25,930,66,STADE DE FRANCE (AVENUE,,,Plein jour,En agglomération,Intersection en X,Normale,Deux véhicules - côté,,,,,,,,,,,1,2,2,1,3
200800054196,0008-09-12 14:30:00,8,9,12,14,30,930,66,"123, WILSON (AVENUE DU P",,,Plein jour,En agglomération,Hors intersection,Normale,Sans collision,,,,,,,,,,,1,2,1,1,7
200800054197,0008-09-17 11:45:00,8,9,17,11,45,930,66,"75, LIBERATION RD14 (BOU",,,Plein jour,En agglomération,Hors intersection,Normale,Trois véhicules et plus - collisions multiples,,,,,,,,,,,1,2,1,1,5
200800054198,0008-09-18 12:55:00,8,9,18,12,55,930,66,SAULNIER JULES,,,Plein jour,En agglomération,Hors intersection,Normale,Deux véhicules - arrière,,,,,,,,,,,1,2,1,1,2
200800054199,0008-09-21 21:20:00,8,9,21,21,20,930,66,"""BONNEVIDE, NR 58 ET SUI",,,Nuit avec éclairage allumé,En agglomération,Hors intersection,Normale,Deux véhicules - frontale,,,,,,,,,,,5,2,1,1,1
200800054200,0008-09-22 21:40:00,8,9,22,21,40,930,66,"256, WILSON (AVENUE DU P",,,Nuit avec éclairage allumé,En agglomération,Hors intersection,Normale,Deux véhicules - côté,,,,,,,,,,,5,2,1,1,3
200800054201,0008-09-23 11:15:00,8,9,23,11,15,930,66,FRANCE ANATOLE (BOULEVAR,,,Plein jour,Hors agglomération,Intersection en T,Normale,Trois véhicules et plus - en chaîne,,,,,,,,,,,1,1,3,1,4
200800054202,0008-09-29 14:50:00,8,9,29,14,50,930,66,"79, WILSON (AVENUE DU PR",,,Plein jour,En agglomération,Hors intersection,Normale,Autre collision,,,,,,,,,,,1,2,1,1,6
200800054203,0008-09-30 09:20:00,8,9,30,9,20,930,66,"""LANDY RD 20, NR IMPAIRS",,,Plein jour,En agglomération,Hors intersection,Pluie légère,Autre collision,,,,,,,,,,,1,2,1,2,6
200800054204,0008-09-11 19:30:00,8,9,11,19,30,930,70,"1, CHARLES SCHMIDT(RUE)",,,Crépuscule ou aube,En agglomération,Hors intersection,Pluie forte,Autre collision,,,,,,,,,,,2,2,1,3,6
200800054205,0008-09-13 15:00:00,8,9,13,15,0,930,70,"138, MICHELET (AVE) : DU",,,Plein jour,En agglomération,Hors intersection,Normale,Autre collision,,,,,,,,,,,1,2,1,1,6
200800054206,0008-09-15 10:40:00,8,9,15,10,40,930,70,"19, JEAN-JAURES (BD)",,,Plein jour,En agglomération,Hors intersection,Normale,Deux véhicules - côté,,,,,,,,,,,1,2,1,1,3
200800054207,0008-09-19 07:55:00,8,9,19,7,55,930,70,"125, VICTOR-HUGO (BD)",,,Crépuscule ou aube,En agglomération,Hors intersection,Normale,Deux véhicules - arrière,,,,,,,,,,,2,2,1,1,2
200800054208,0008-09-20 12:30:00,8,9,20,12,30,930,70,"36, CAPITAINE-GLARNER (A",,,Plein jour,En agglomération,Hors intersection,Normale,Deux véhicules - frontale,,,,,,,,,,,1,2,1,1,1
200800054209,0008-09-20 15:20:00,8,9,20,15,20,930,70,"111, DOCTEUR BAUER(RUE D",,,Plein jour,En agglomération,Hors intersection,Normale,Deux véhicules - côté,,,,,,,,,,,1,2,1,1,3
200800054210,0008-09-21 09:40:00,8,9,21,9,40,930,70,"98, ROSIERS(DES) : APRES",,,Plein jour,En agglomération,Hors intersection,Normale,Deux véhicules - arrière,,,,,,,,,,,1,2,1,1,2
200800054211,0008-09-26 14:20:00,8,9,26,14,20,930,70,SEINE (QUAI DE),,,Plein jour,En agglomération,Hors intersection,Normale,Trois véhicules et plus - en chaîne,,,,,,,,,,,1,2,1,1,4
200800054212,0008-09-26 19:10:00,8,9,26,19,10,930,70,", NICOLET(RUE)",,,Crépuscule ou aube,En agglomération,Intersection en X,Normale,Autre collision,,,,,,,,,,,2,2,2,1,6
200800054213,0008-09-29 20:10:00,8,9,29,20,10,930,70,ROSIERS(DES) : APRES 61,,,Nuit avec éclairage non allumé,En agglomération,Intersection en T,Normale,Deux véhicules - frontale,,,,,,,,,,,4,2,3,1,1
200800054214,0008-09-30 20:20:00,8,9,30,20,20,930,70,"82, MICHELET(AV):N°1AU 1",,,Nuit avec éclairage allumé,En agglomération,Hors intersection,Pluie légère,Deux véhicules - arrière,,,,,,,,,,,5,2,1,2,2
200800054215,0008-09-07 22:45:00,8,9,7,22,45,930,71,GABRIEL PERI (RUE),,,Nuit avec éclairage allumé,En agglomération,Hors intersection,Normale,Sans collision,,,,,,,,,,,5,2,1,1,7
200800054216,0008-09-08 22:25:00,8,9,8,22,25,930,71,GABRIEL PERI (RUE),,,Nuit avec éclairage non allumé,En agglomération,Intersection en X,Normale,Deux véhicules - arrière,,,,,,,,,,,4,2,2,1,2
200800054217,0008-09-11 11:10:00,8,9,11,11,10,930,71,JOHN F. KENNEDY (AVENUE),,,Plein jour,En agglomération,Intersection en X,Normale,Deux véhicules - côté,,,,,,,,,,,1,2,2,1,3
200800054218,0008-09-12 17:00:00,8,9,12,17,0,930,71,JOHN F. KENNEDY (AVENUE),,,Plein jour,En agglomération,Hors intersection,Normale,Deux véhicules - côté,,,,,,,,,,,1,2,1,1,3
200800054219,0008-09-19 17:10:00,8,9,19,17,10,930,71,", HENRI DUNANT (AVENUE)",,,Plein jour,En agglomération,Intersection en T,Normale,Autre collision,,,,,,,,,,,1,2,3,1,6
200800054220,0008-09-20 10:15:00,8,9,20,10,15,930,71,"29, YOURI GAGARINE (AVEN",,,Plein jour,En agglomération,Hors intersection,Normale,Deux véhicules - frontale,,,,,,,,,,,1,2,1,1,1
200800054221,0008-09-26 23:35:00,8,9,26,23,35,930,71,HENRI DUNANT (AVENUE),,,Nuit avec éclairage allumé,En agglomération,Intersection en X,Normale,Deux véhicules - côté,,,,,,,,,,,5,2,2,1,3
200800054222,0008-09-10 14:50:00,8,9,10,14,50,930,59,"0, LENINE (AVENUE) N°2A3",,,Plein jour,En agglomération,Hors intersection,Normale,Autre collision,,,,,,,,,,,1,2,1,1,6
200800054223,0008-09-15 07:00:00,8,9,15,7,0,930,59,"0, ELYSEE RECLUS (AVENUE",,,Crépuscule ou aube,En agglomération,Hors intersection,Normale,Autre collision,,,,,,,,,,,2,2,1,1,6
200800054224,0008-09-16 07:00:00,8,9,16,7,0,930,59,"0, JEAN MERMOZ (BOULEVAR",,,Plein jour,En agglomération,Hors intersection,Normale,Autre collision,,,,,,,,,,,1,2,1,1,6
200800054225,0008-09-23 10:05:00,8,9,23,10,5,930,72,"0, FRANCIS AUFFRAY (RUE)",,,Plein jour,En agglomération,Intersection en T,Normale,Deux véhicules - côté,,,,,,,,,,,1,2,3,1,3
200800054226,0008-09-27 06:20:00,8,9,27,6,20,930,72,MAXIME GORKI (BOULEVARD),,,Crépuscule ou aube,En agglomération,Hors intersection,Normale,Autre collision,,,,,,,,,,,2,2,1,1,6
200800054227,0008-09-03 23:20:00,8,9,3,23,20,930,59,"59, GABRIEL PERI (AVENUE",,,Nuit avec éclairage allumé,En agglomération,Intersection en T,Autre,Deux véhicules - côté,,,,,,,,,,,5,2,3,9,3
200800054228,0008-09-13 18:25:00,8,9,13,18,25,930,59,"145, JEAN MERMOZ (BOULEV",,,Plein jour,En agglomération,Hors intersection,Temps couvert,Autre collision,,,,,,,,,,,1,2,1,8,6
200800054229,0008-09-09 10:25:00,8,9,9,10,25,930,73,VAILLANT (BOULEVARD CHAR,,,Plein jour,En agglomération,Intersection en T,Normale,Autre collision,,,,,,,,,,,1,2,3,1,6
200800054230,0008-09-12 13:45:00,8,9,12,13,45,930,73,"108, VAILLANT (BOULEVARD",,,Plein jour,En agglomération,Intersection en T,Normale,Deux véhicules - côté,,,,,,,,,,,1,2,3,1,3
200800054231,0008-09-16 13:45:00,8,9,16,13,45,930,78,BALLANGER (BD ROBERT),,,Plein jour,En agglomération,Intersection en X,Normale,Deux véhicules - côté,,,,,,,,,,,1,2,2,1,3
200800054232,0008-09-18 18:10:00,8,9,18,18,10,930,78,BALLANGER (BD ROBERT),,,Plein jour,En agglomération,Intersection en T,Normale,Deux véhicules - frontale,,,,,,,,,,,1,2,3,1,1
200800054233,0008-09-22 05:15:00,8,9,22,5,15,930,78,BALLANGER (BD ROBERT),,,Nuit avec éclairage allumé,En agglomération,Intersection en T,Normale,Deux véhicules - côté,,,,,,,,,,,5,2,3,1,3
200800054234,0008-09-22 16:40:00,8,9,22,16,40,930,78,DUCLOS (RUE JACQUES),,,Plein jour,En agglomération,Intersection en T,Normale,Deux véhicules - côté,,,,,,,,,,,1,2,3,1,3
200800054235,0008-09-26 21:30:00,8,9,26,21,30,930,73,RESISTANCE (RUE DE LA),,,Nuit avec éclairage allumé,En agglomération,Intersection en X,Normale,Deux véhicules - frontale,,,,,,,,,,,5,2,2,1,1
200800054236,0008-09-28 15:05:00,8,9,28,15,5,930,73,BARBUSSE (RUE HENRI),,,Plein jour,En agglomération,Intersection à plus de 4 branches,Normale,Deux véhicules - frontale,,,,,,,,,,,1,2,5,1,1
200800054237,0008-09-30 11:30:00,8,9,30,11,30,930,73,GASCOGNE (RUE DE),,,Plein jour,En agglomération,Intersection en X,Pluie légère,Deux véhicules - côté,,,,,,,,,,,1,2,2,2,3
200800054238,0008-09-02 11:10:00,8,9,2,11,10,940,2,ROME (R DE),,,Plein jour,En agglomération,Hors intersection,Normale,Deux véhicules - côté,,,,,,,,,,,1,2,1,1,3
200800054239,0008-09-07 03:20:00,8,9,7,3,20,940,2,"0, QUATORZE JUILLET (R D",,,Nuit avec éclairage allumé,En agglomération,Intersection en T,Normale,Trois véhicules et plus - en chaîne,,,,,,,,,,,5,2,3,1,4
200800054240,0008-09-12 19:30:00,8,9,12,19,30,940,2,"228, VAILLANT COUTURIER",,,Nuit avec éclairage allumé,En agglomération,Hors intersection,Normale,Sans collision,,,,,,,,,,,5,2,1,1,7
200800054241,0008-09-17 08:35:00,8,9,17,8,35,940,2,"48, SEINE (R DE)",,,Plein jour,En agglomération,Hors intersection,Normale,Sans collision,,,,,,,,,,,1,2,1,1,7
200800054242,0008-09-23 12:30:00,8,9,23,12,30,940,2,", VAILLANT COUTURIER (R)",,,Plein jour,En agglomération,Intersection en T,Normale,Deux véhicules - côté,,,,,,,,,,,1,2,3,1,3
200800054243,0008-09-28 08:10:00,8,9,28,8,10,940,2,"0, EMILE ZOLA (R)",,,Plein jour,En agglomération,Intersection en X,Normale,Deux véhicules - côté,,,,,,,,,,,1,2,2,1,3
200800054244,0008-09-03 10:20:00,8,9,3,10,20,940,4,GENERAL LECLERC (AV DU),,,Plein jour,En agglomération,Hors intersection,Temps couvert,Deux véhicules - arrière,,,,,,,,,,,1,2,1,8,2
200800054245,0008-09-08 17:40:00,8,9,8,17,40,940,47,"15, BRIE (R DE)",,,Plein jour,En agglomération,Hors intersection,Normale,Autre collision,,,,,,,,,,,1,2,1,1,6
200800054246,0008-09-12 05:52:00,8,9,12,5,52,940,71,"01, PIPLE (AV DU)",,,Nuit avec éclairage allumé,En agglomération,Hors intersection,Pluie légère,Deux véhicules - frontale,,,,,,,,,,,5,2,1,2,1
200800054247,0008-09-13 09:00:00,8,9,13,9,0,940,70,"10, FONTAINE (R DE LA)",,,Plein jour,En agglomération,Hors intersection,Normale,Autre collision,,,,,,,,,,,1,2,1,1,6
200800054248,0008-09-12 14:30:00,8,9,12,14,30,940,44,"23, PRESIDENT WILSON (AV",,,Plein jour,En agglomération,Hors intersection,Normale,Autre collision,,,,,,,,,,,1,2,1,1,6
200800054249,0008-09-15 18:30:00,8,9,15,18,30,940,4,"1, BREVANNES (R DE)",,,Plein jour,En agglomération,Intersection en Y,Normale,Autre collision,,,,,,,,,,,1,2,4,1,6
200800054250,0008-09-25 08:10:00,8,9,25,8,10,940,71,NOISEAU (R DE),,,Plein jour,En agglomération,Intersection en Y,Normale,Deux véhicules - côté,,,,,,,,,,,1,2,4,1,3
200800054251,0008-09-24 16:55:00,8,9,24,16,55,940,75,"14, CLOSEAUX (R DES)",,,Plein jour,En agglomération,Hors intersection,Normale,Autre collision,,,,,,,,,,,1,2,1,1,6
200800054252,0008-09-29 13:13:00,8,9,29,13,13,940,44,"01, VALENTON (AV DE)",,,Plein jour,En agglomération,Intersection en T,Normale,Deux véhicules - arrière,,,,,,,,,,,1,2,3,1,2
200800054253,0008-09-01 18:15:00,8,9,1,18,15,940,17,MARX DORMOY (AV),,,Plein jour,En agglomération,Hors intersection,Normale,Deux véhicules - arrière,,,,,,,,,,,1,2,1,1,2
200800054254,0008-09-03 12:20:00,8,9,3,12,20,940,17,STALINGRAD (BD DE),,,Plein jour,En agglomération,Intersection en X,Pluie légère,Autre collision,,,,,,,,,,,1,2,2,2,6
200800054255,0008-09-10 07:25:00,8,9,10,7,25,940,17,GENERAL DE GAULLE (AV DU,,,Plein jour,En agglomération,Hors intersection,Normale,Deux véhicules - côté,,,,,,,,,,,1,2,1,1,3
200800054256,0008-09-10 16:10:00,8,9,10,16,10,940,17,JEAN JAURES (R),,,Plein jour,En agglomération,Hors intersection,Normale,Autre collision,,,,,,,,,,,1,2,1,1,6
200800054257,0008-09-11 07:50:00,8,9,11,7,50,940,17,ROGER SALENGRO (AV),,,Plein jour,En agglomération,Intersection en T,Normale,Deux véhicules - côté,,,,,,,,,,,1,2,3,1,3
200800054258,0008-09-11 16:25:00,8,9,11,16,25,940,17,ROGER SALENGRO (AV),,,Plein jour,En agglomération,Intersection en T,Normale,Trois véhicules et plus - collisions multiples,,,,,,,,,,,1,2,3,1,5
200800054259,0008-09-12 06:45:00,8,9,12,6,45,940,17,ROGER SALENGRO (AV),,,Nuit avec éclairage non allumé,En agglomération,Intersection en T,Pluie légère,Deux véhicules - frontale,,,,,,,,,,,4,2,3,2,1
200800054260,0008-09-13 03:35:00,8,9,13,3,35,940,17,JEAN JAURES (R),,,Nuit avec éclairage allumé,En agglomération,Intersection en T,Normale,Deux véhicules - côté,,,,,,,,,,,5,2,3,1,3
200800054261,0008-09-17 14:45:00,8,9,17,14,45,940,17,ROGER SALENGRO (AV),,,Plein jour,En agglomération,Intersection en X,Normale,Deux véhicules - côté,,,,,,,,,,,1,2,2,1,3
200800054262,0008-09-18 18:50:00,8,9,18,18,50,940,17,LOUIS TALAMONI (R),,,Plein jour,En agglomération,Intersection en X,Normale,Autre collision,,,,,,,,,,,1,2,2,1,6
200800054263,0008-09-18 11:15:00,8,9,18,11,15,940,17,GENERAL DE GAULLE (AV DU,,,Plein jour,En agglomération,Hors intersection,Normale,Deux véhicules - arrière,,,,,,,,,,,1,2,1,1,2
200800054264,0008-09-26 22:10:00,8,9,26,22,10,940,17,REPUBLIQUE (AV DE LA),,,Nuit avec éclairage allumé,En agglomération,Hors intersection,Normale,Deux véhicules - côté,,,,,,,,,,,5,2,1,1,3
200800054265,0008-09-30 13:45:00,8,9,30,13,45,940,17,GENERAL DE GAULLE (AV DU,,,Plein jour,En agglomération,Hors intersection,Pluie légère,Deux véhicules - arrière,,,,,,,,,,,1,2,1,2,2
200800054266,0008-09-30 17:20:00,8,9,30,17,20,940,17,ONZE NOVEMBRE 1918 (AV D,,,Plein jour,En agglomération,Hors intersection,Normale,Autre collision,,,,,,,,,,,1,2,1,1,6
200800054267,0008-09-08 09:50:00,8,9,8,9,50,940,69,SAINT MAURICE DU VALAIS,,,Plein jour,En agglomération,Intersection à plus de 4 branches,Normale,Deux véhicules - arrière,,,,,,,,,,,1,2,5,1,2
200800054268,0008-09-11 13:50:00,8,9,11,13,50,940,69,NATIONALE 6 - PONT DE CH,,,Plein jour,En agglomération,Hors intersection,Normale,Deux véhicules - arrière,,,,,,,,,,,1,2,1,1,2
200800054269,0008-09-19 16:50:00,8,9,19,16,50,940,18,"91, PARIS (R DE)",,,Plein jour,En agglomération,Autre intersection,Normale,Autre collision,,,,,,,,,,,1,2,9,1,6
200800054270,0008-09-22 10:40:00,8,9,22,10,40,940,18,"147, PARIS (R DE)",,,Plein jour,En agglomération,Hors intersection,Normale,Autre collision,,,,,,,,,,,1,2,1,1,6
200800054271,0008-09-23 10:10:00,8,9,23,10,10,940,18,CARRIERES (QU DES),,,Plein jour,En agglomération,Intersection en T,Normale,Deux véhicules - côté,,,,,,,,,,,1,2,3,1,3
200800054272,0008-09-06 16:40:00,8,9,6,16,40,940,79,"00, STRASBOURG (BD DE)",,,Plein jour,En agglomération,Hors intersection,Normale,Sans collision,,,,,,,,,,,1,2,1,1,7
200800054273,0008-09-06 19:15:00,8,9,6,19,15,940,55,"00, OLIVIER D ORMESSON (",,,Plein jour,En agglomération,Intersection en X,Normale,Deux véhicules - côté,,,,,,,,,,,1,2,2,1,3
200800054274,0008-09-06 18:40:00,8,9,6,18,40,940,19,"00, LIBERATION (RTE DE L",,,Plein jour,En agglomération,Intersection en X,Normale,Deux véhicules - arrière,,,,,,,,,,,1,2,2,1,2
200800054275,0008-09-14 17:00:00,8,9,14,17,0,940,79,"27, NOISY (R DE)",,,Plein jour,En agglomération,Hors intersection,Normale,Sans collision,,,,,,,,,,,1,2,1,1,7
200800054276,0008-09-28 10:35:00,8,9,28,10,35,940,59,"23, Andre Rouy (AV)",,,Plein jour,En agglomération,Hors intersection,Normale,Deux véhicules - côté,,,,,,,,,,,1,2,1,1,3
200800054277,0008-09-30 08:50:00,8,9,30,8,50,940,59,LA MARECHALE (RES),,,Plein jour,En agglomération,Hors intersection,Pluie légère,Deux véhicules - arrière,,,,,,,,,,,1,2,1,2,2
200800054278,0008-09-06 15:20:00,8,9,6,15,20,940,22,WALDECK ROUSSEAU (R),,,Plein jour,En agglomération,Passage à niveau,Normale,Autre collision,,,,,,,,,,,1,2,8,1,6
200800054279,0008-09-23 12:20:00,8,9,23,12,20,940,22,ALFORTVILLE (AV D),,,Plein jour,En agglomération,Intersection en T,Normale,Deux véhicules - arrière,,,,,,,,,,,1,2,3,1,2
200800054280,0008-09-09 12:00:00,8,9,9,12,0,940,22,"41, ALFORTVILLE (AV D)",,,Plein jour,En agglomération,Hors intersection,Normale,Deux véhicules - arrière,,,,,,,,,,,1,2,1,1,2
200800054281,0008-09-12 19:45:00,8,9,12,19,45,940,22,"0, HUIT MAI 1945 (AV DU)",,,Crépuscule ou aube,En agglomération,Intersection en T,Autre,Deux véhicules - côté,,,,,,,,,,,2,2,3,9,3
200800054282,0008-09-01 18:30:00,8,9,1,18,30,940,11,"79, PARIS(AVENUE DE)",,,Plein jour,En agglomération,Hors intersection,Normale,Deux véhicules - côté,,,,,,,,,,,1,2,1,1,3
200800054283,0008-09-02 08:50:00,8,9,2,8,50,940,28,"35, PORT(RUE DU)",,,Plein jour,En agglomération,Hors intersection,Normale,Deux véhicules - côté,,,,,,,,,,,1,2,1,1,3
200800054284,0008-09-03 09:40:00,8,9,3,9,40,940,28,"0, MOULIN(RUE JEAN)",,,Plein jour,En agglomération,Hors intersection,Normale,Autre collision,,,,,,,,,,,1,2,1,1,6
200800054285,0008-09-03 22:05:00,8,9,3,22,5,940,28,"0, CHOISY(ROUTE DE)",,,Nuit avec éclairage allumé,En agglomération,Hors intersection,Pluie légère,Autre collision,,,,,,,,,,,5,2,1,2,6
200800054286,0008-09-04 18:01:00,8,9,4,18,1,940,28,CHOISY(ROUTE DE),,,Crépuscule ou aube,Hors agglomération,Hors intersection,Normale,Autre collision,,,,,,,,,,,2,1,1,1,6
200800054287,0008-09-05 14:00:00,8,9,5,14,0,940,28,"17, TASSIGNY(AVE DU MARE",,,Plein jour,En agglomération,Hors intersection,Normale,Deux véhicules - côté,,,,,,,,,,,1,2,1,1,3
200800054288,0008-09-08 18:15:00,8,9,8,18,15,940,28,"0, GAULLE(AVENUE DU GENE",,,Plein jour,En agglomération,Hors intersection,Normale,Autre collision,,,,,,,,,,,1,2,1,1,6
200800054289,0008-09-14 18:00:00,8,9,14,18,0,940,28,"13, BROSSOLETTE(AVENUE P",,,Plein jour,En agglomération,Hors intersection,Normale,Autre collision,,,,,,,,,,,1,2,1,1,6
200800054290,0008-09-12 10:10:00,8,9,12,10,10,940,28,"0, PARIS.(RUE DE)",,,Plein jour,En agglomération,Hors intersection,Normale,Sans collision,,,,,,,,,,,1,2,1,1,7
200800054291,0008-09-12 18:45:00,8,9,12,18,45,940,28,"53, CASALIS.(AVE DU DR P",,,Plein jour,En agglomération,Hors intersection,Normale,Deux véhicules - côté,,,,,,,,,,,1,2,1,1,3
200800054292,0008-09-15 08:25:00,8,9,15,8,25,940,28,"0, BROSSOLETTE(AVENUE PI",,,Plein jour,En agglomération,Hors intersection,Normale,Sans collision,,,,,,,,,,,1,2,1,1,7
200800054293,0008-09-15 20:10:00,8,9,15,20,10,940,28,"0, KENNEDY.(BOULEVARD JO",,,Plein jour,En agglomération,Hors intersection,Normale,Sans collision,,,,,,,,,,,1,2,1,1,7
200800054294,0008-09-17 18:30:00,8,9,17,18,30,940,28,"0, SAUSSURE(RUE HORACE B",,,Plein jour,En agglomération,Hors intersection,Normale,Deux véhicules - côté,,,,,,,,,,,1,2,1,1,3
200800054295,0008-09-19 10:40:00,8,9,19,10,40,940,28,"00, ARCOS.(RUE RENE)",,,Plein jour,En agglomération,Hors intersection,Normale,Deux véhicules - côté,,,,,,,,,,,1,2,1,1,3
200800054296,0008-09-20 21:50:00,8,9,20,21,50,940,28,"00, HALPERN.(AVENUE BERN",,,Nuit avec éclairage allumé,En agglomération,Hors intersection,Normale,Deux véhicules - côté,,,,,,,,,,,5,2,1,1,3
200800054297,0008-09-19 15:40:00,8,9,19,15,40,940,28,"00, MECHES.(RUE DES)",,,Crépuscule ou aube,En agglomération,Hors intersection,Normale,Deux véhicules - côté,,,,,,,,,,,2,2,1,1,3
200800054298,0008-09-20 19:50:00,8,9,20,19,50,940,28,"0, CASALIS.(AVE DU DR PA",,,Crépuscule ou aube,En agglomération,Intersection en T,Normale,Autre collision,,,,,,,,,,,2,2,3,1,6
200800054299,0008-09-23 10:00:00,8,9,23,10,0,940,28,"0, VERDUN.(AVENUE DE)",,,Plein jour,En agglomération,Hors intersection,Normale,Deux véhicules - arrière,,,,,,,,,,,1,2,1,1,2
200800054300,0008-09-27 13:05:00,8,9,27,13,5,940,11,"0, VERDUN.(AVENUE DE)",,,Plein jour,En agglomération,Hors intersection,Normale,Autre collision,,,,,,,,,,,1,2,1,1,6