accident_id,datetime,annee,mois,jour,heure,minute,departement,commune_insee,adresse,latitude,longitude,luminosite,agglomeration,intersection,meteo,collision,nb_vehicules,nb_usagers,nb_indemnes,nb_tues,nb_blesses_hosp,nb_blesses_legers,age_cond_1,age_cond_2,veh_type_cond_1,veh_type_cond_2,lum_code,agg_code,int_code,atm_code,col_code
200800054301,0008-09-27 17:45:00,8,9,27,17,45,940,11,"0, BICENTENAIRE.(AVENUE",,,Plein jour,En agglomération,Hors intersection,Normale,Deux véhicules - côté,,,,,,,,,,,1,2,1,1,3
200800054302,0008-09-30 11:30:00,8,9,30,11,30,940,11,"0, COLONEL FABIEN(RUE DU",,,Plein jour,En agglomération,Hors intersection,Normale,Deux véhicules - arrière,,,,,,,,,,,1,2,1,1,2
200800054303,0008-09-30 14:10:00,8,9,30,14,10,940,28,"0, BOULLE.(RUE ANDRE)",,,Plein jour,En agglomération,Hors intersection,Normale,Deux véhicules - côté,,,,,,,,,,,1,2,1,1,3
200800054304,0008-09-30 16:45:00,8,9,30,16,45,940,11,"23, MOULIN BATEAU.(RUE D",,,Plein jour,En agglomération,Hors intersection,Normale,Deux véhicules - côté,,,,,,,,,,,1,2,1,1,3
200800054305,0008-09-07 15:00:00,8,9,7,15,0,940,33,25 AOUT 1944 (BD DU),,,Plein jour,En agglomération,Hors intersection,Normale,Deux véhicules - côté,,,,,,,,,,,1,2,1,1,3
200800054306,0008-09-12 16:30:00,8,9,12,16,30,940,33,OLYMPIADES (AV DES),,,Plein jour,En agglomération,Hors intersection,Normale,Autre collision,,,,,,,,,,,1,2,1,1,6
200800054307,0008-09-27 16:35:00,8,9,27,16,35,940,33,LOUISON BOBET (AV),,,Plein jour,En agglomération,Hors intersection,Normale,Autre collision,,,,,,,,,,,1,2,1,1,6
200800054308,0008-09-01 16:00:00,8,9,1,16,0,940,43,"72, FONTAINEBLEAU (AV DE",,,Plein jour,En agglomération,Hors intersection,Normale,Autre collision,,,,,,,,,,,1,2,1,1,6
200800054309,0008-09-08 17:50:00,8,9,8,17,50,940,76,RENE HAMON (R),,,Plein jour,En agglomération,Hors intersection,Normale,Sans collision,,,,,,,,,,,1,2,1,1,7
200800054310,0008-09-08 19:25:00,8,9,8,19,25,940,37,MOULIN DE LA ROCHE (R),,,Plein jour,En agglomération,Hors intersection,Normale,Sans collision,,,,,,,,,,,1,2,1,1,7
200800054311,0008-09-10 23:30:00,8,9,10,23,30,940,16,SAUSSAIES (R DES),,,Nuit avec éclairage allumé,En agglomération,Intersection en X,Normale,Deux véhicules - côté,,,,,,,,,,,5,2,2,1,3
200800054312,0008-09-12 15:35:00,8,9,12,15,35,940,43,"25 bis, CHARLES GIDE (AV",,,Plein jour,En agglomération,Hors intersection,Normale,Autre collision,,,,,,,,,,,1,2,1,1,6
200800054313,0008-09-13 14:55:00,8,9,13,14,55,940,43,FONTAINEBLEAU (AV DE),,,Plein jour,En agglomération,Hors intersection,Normale,Autre collision,,,,,,,,,,,1,2,1,1,6
200800054314,0008-09-14 13:45:00,8,9,14,13,45,940,76,", STALINGRAD (AV DE)",,,Plein jour,En agglomération,Hors intersection,Normale,Deux véhicules - arrière,,,,,,,,,,,1,2,1,1,2
200800054315,0008-09-15 11:15:00,8,9,15,11,15,940,43,"1, SEVERINE (R)",,,Plein jour,En agglomération,Autre intersection,Normale,Autre collision,,,,,,,,,,,1,2,9,1,6
200800054316,0008-09-15 14:20:00,8,9,15,14,20,940,76,"2TER, PAUL VAILLANT COUT",,,Plein jour,En agglomération,Hors intersection,Normale,Sans collision,,,,,,,,,,,1,2,1,1,7
200800054317,0008-09-15 21:10:00,8,9,15,21,10,940,76,"1, PAUL VAILLANT COUTURI",,,Nuit avec éclairage allumé,En agglomération,Intersection en X,Normale,Deux véhicules - côté,,,,,,,,,,,5,2,2,1,3
200800054318,0008-09-17 14:45:00,8,9,17,14,45,940,43,"24, FONTAINEBLEAU (AV DE",,,Plein jour,En agglomération,Hors intersection,Normale,Autre collision,,,,,,,,,,,1,2,1,1,6
200800054319,0008-09-17 12:50:00,8,9,17,12,50,940,76,"face 64, PAUL VAILLANT C",,,Plein jour,En agglomération,Hors intersection,Normale,Autre collision,,,,,,,,,,,1,2,1,1,6
200800054320,0008-09-20 22:05:00,8,9,20,22,5,940,43,"7, ROGER SALENGRO (R)",,,Nuit avec éclairage allumé,En agglomération,Hors intersection,Normale,Deux véhicules - côté,,,,,,,,,,,5,2,1,1,3
200800054321,0008-09-23 14:15:00,8,9,23,14,15,940,76,"40, PARIS (AV DE)",,,Plein jour,En agglomération,Hors intersection,Normale,Sans collision,,,,,,,,,,,1,2,1,1,7
200800054322,0008-09-23 13:05:00,8,9,23,13,5,940,16,MARECHAL DE LATTRE DE TA,,,Plein jour,En agglomération,Intersection en X,Normale,Deux véhicules - côté,,,,,,,,,,,1,2,2,1,3
200800054323,0008-09-24 15:00:00,8,9,24,15,0,940,76,"75, STALINGRAD (AV DE)",,,Plein jour,En agglomération,Intersection en T,Normale,Deux véhicules - côté,,,,,,,,,,,1,2,3,1,3
200800054324,0008-09-26 10:00:00,8,9,26,10,0,940,76,", PAUL VAILLANT COUTURIE",,,Plein jour,En agglomération,Autre intersection,Normale,Deux véhicules - côté,,,,,,,,,,,1,2,9,1,3
200800054325,0008-09-26 16:10:00,8,9,26,16,10,940,16,MARX DORMOY (R),,,Plein jour,En agglomération,Autre intersection,Normale,Autre collision,,,,,,,,,,,1,2,9,1,6
200800054326,0008-09-23 18:40:00,8,9,23,18,40,940,43,"03, VERDUN (R DE)",,,Plein jour,En agglomération,Autre intersection,Normale,Autre collision,,,,,,,,,,,1,2,9,1,6
200800054327,0008-09-27 11:15:00,8,9,27,11,15,940,43,VERDUN (R DE),,,Plein jour,En agglomération,Hors intersection,Normale,Trois véhicules et plus - en chaîne,,,,,,,,,,,1,2,1,1,4
200800054328,0008-09-27 15:00:00,8,9,27,15,0,940,37,"73, RAYMOND LEFEBVRE (R)",,,Plein jour,En agglomération,Hors intersection,Normale,Sans collision,,,,,,,,,,,1,2,1,1,7
200800054329,0008-09-28 20:00:00,8,9,28,20,0,940,37,AVENUE (TROISIEME),,,Nuit avec éclairage allumé,En agglomération,Hors intersection,Normale,Deux véhicules - arrière,,,,,,,,,,,5,2,1,1,2
200800054330,0008-09-28 19:30:00,8,9,28,19,30,940,43,"74, FONTAINEBLEAU (AV DE",,,Plein jour,En agglomération,Hors intersection,Normale,Sans collision,,,,,,,,,,,1,2,1,1,7
200800054331,0008-09-28 14:35:00,8,9,28,14,35,940,76,"40, PARIS (AV DE)",,,Plein jour,En agglomération,Autre intersection,Normale,Autre collision,,,,,,,,,,,1,2,9,1,6
200800054332,0008-09-30 17:40:00,8,9,30,17,40,940,76,"86, GENTILLY (R DE)",,,Plein jour,En agglomération,Hors intersection,Pluie légère,Autre collision,,,,,,,,,,,1,2,1,2,6
200800054333,0008-09-01 07:00:00,8,9,1,7,0,940,65,FONTAINEBLEAU - CAR BELL,,,Plein jour,En agglomération,Hors intersection,Temps couvert,Sans collision,,,,,,,,,,,1,2,1,8,7
200800054334,0008-09-06 09:15:00,8,9,6,9,15,940,65,FONTAINEBLEAU (AV DE),,,Plein jour,En agglomération,Intersection en T,Normale,Autre collision,,,,,,,,,,,1,2,3,1,6
200800054335,0008-09-08 06:30:00,8,9,8,6,30,940,65,CARPENTRAS (Rue de),,,Crépuscule ou aube,En agglomération,Hors intersection,Normale,Deux véhicules - arrière,,,,,,,,,,,2,2,1,1,2
200800054336,0008-09-20 13:40:00,8,9,20,13,40,940,73,RN 186,,,Plein jour,En agglomération,Hors intersection,Normale,Deux véhicules - arrière,,,,,,,,,,,1,2,1,1,2
200800054337,0008-09-20 15:40:00,8,9,20,15,40,940,73,FONTAINEBLEAU (AV DE),,,Plein jour,En agglomération,Hors intersection,Normale,Deux véhicules - arrière,,,,,,,,,,,1,2,1,1,2
200800054338,0008-09-20 18:00:00,8,9,20,18,0,940,73,boulevard du midi,,,Plein jour,En agglomération,Hors intersection,Normale,Autre collision,,,,,,,,,,,1,2,1,1,6
200800054339,0008-09-26 09:45:00,8,9,26,9,45,940,38,"122-124, PAUL VAILLANT C",,,Plein jour,En agglomération,Hors intersection,Normale,Deux véhicules - arrière,,,,,,,,,,,1,2,1,1,2
200800054340,0008-09-27 20:50:00,8,9,27,20,50,940,38,CHEVILLY (R DE),,,Nuit avec éclairage allumé,En agglomération,Hors intersection,Normale,Deux véhicules - arrière,,,,,,,,,,,5,2,1,1,2
200800054341,0008-09-09 12:30:00,8,9,9,12,30,940,41,MARCEL CACHIN (R),,,Plein jour,En agglomération,Hors intersection,Normale,Sans collision,,,,,,,,,,,1,2,1,1,7
200800054342,0008-09-04 13:00:00,8,9,4,13,0,940,41,"132, STALINGRAD (BD DE)",,,Plein jour,En agglomération,Hors intersection,Pluie légère,Deux véhicules - côté,,,,,,,,,,,1,2,1,2,3
200800054343,0008-09-15 11:45:00,8,9,15,11,45,940,41,HENRI BARBUSSE (AV),,,Plein jour,En agglomération,Hors intersection,Normale,Deux véhicules - côté,,,,,,,,,,,1,2,1,1,3
200800054344,0008-09-21 13:40:00,8,9,21,13,40,940,41,BRANDEBOURG (BD DE),,,Plein jour,En agglomération,Intersection en X,Normale,Deux véhicules - côté,,,,,,,,,,,1,2,2,1,3
200800054345,0008-09-01 13:15:00,8,9,1,13,15,940,41,PAUL VAILLANT COUTURIER,,,Plein jour,En agglomération,Intersection en T,Normale,Deux véhicules - côté,,,,,,,,,,,1,2,3,1,3
200800054346,0008-09-11 02:20:00,8,9,11,2,20,940,41,HENRI BARBUSSE (AV),,,Nuit avec éclairage allumé,En agglomération,Hors intersection,Normale,Deux véhicules - côté,,,,,,,,,,,5,2,1,1,3
200800054347,0008-09-26 15:00:00,8,9,26,15,0,940,41,"17, LUCIEN NADAIRE (R)",,,Plein jour,En agglomération,Hors intersection,Normale,Autre collision,,,,,,,,,,,1,2,1,1,6
200800054348,0008-09-01 14:25:00,8,9,1,14,25,940,46,"00, REPUBLIQUE(AVENUE DE",,,Plein jour,En agglomération,Intersection en X,Normale,Deux véhicules - côté,,,,,,,,,,,1,2,2,1,3
200800054349,0008-09-09 11:50:00,8,9,9,11,50,940,46,"., GENERAL DE GAULLE (AV",,,Plein jour,En agglomération,Intersection en X,Normale,Deux véhicules - côté,,,,,,,,,,,1,2,2,1,3
200800054350,0008-09-09 13:35:00,8,9,9,13,35,940,46,"99, GENERAL LECLERC (AV",,,Plein jour,En agglomération,Hors intersection,Normale,Autre collision,,,,,,,,,,,1,2,1,1,6
200800054351,0008-09-10 13:30:00,8,9,10,13,30,940,46,"7, GENERAL LECLERC (AV D",,,Plein jour,En agglomération,Hors intersection,Normale,Autre collision,,,,,,,,,,,1,2,1,1,6
200800054352,0008-09-16 16:50:00,8,9,16,16,50,940,46,"., CAPITAINE ROLAND DEPL",,,Plein jour,En agglomération,Intersection en X,Normale,Deux véhicules - côté,,,,,,,,,,,1,2,2,1,3
200800054353,0008-09-18 20:55:00,8,9,18,20,55,940,46,"00, REPUBLIQUE (AV DE LA",,,Nuit avec éclairage non allumé,En agglomération,Intersection en X,Normale,Deux véhicules - côté,,,,,,,,,,,4,2,2,1,3
200800054354,0008-09-21 20:15:00,8,9,21,20,15,940,46,"., JEAN JAURES (R)",,,Nuit avec éclairage allumé,En agglomération,Hors intersection,Normale,Trois véhicules et plus - collisions multiples,,,,,,,,,,,5,2,1,1,5
200800054355,0008-09-19 21:00:00,8,9,19,21,0,940,46,"229, GENERAL LECLERC (AV",,,Nuit avec éclairage allumé,En agglomération,Hors intersection,Normale,Deux véhicules - côté,,,,,,,,,,,5,2,1,1,3
200800054356,0008-09-28 14:25:00,8,9,28,14,25,940,46,"46, GENERAL LECLERC (AV",,,Plein jour,En agglomération,Hors intersection,Normale,Deux véhicules - arrière,,,,,,,,,,,1,2,1,1,2
200800054357,0008-09-02 08:45:00,8,9,2,8,45,940,42,"14, JEAN MERMOZ (R)",,,Plein jour,En agglomération,Hors intersection,Temps couvert,Autre collision,,,,,,,,,,,1,2,1,8,6
200800054358,0008-09-03 16:30:00,8,9,3,16,30,940,52,"NC, HOCHE (R)",,,Plein jour,En agglomération,Hors intersection,Normale,Deux véhicules - arrière,,,,,,,,,,,1,2,1,1,2
200800054359,0008-09-03 19:00:00,8,9,3,19,0,940,42,"07, JEAN JAURES (AV)",,,Plein jour,En agglomération,Hors intersection,Normale,Autre collision,,,,,,,,,,,1,2,1,1,6
200800054360,0008-09-05 21:30:00,8,9,5,21,30,940,58,"101, PIERRE BROSSOLETTE",,,Nuit avec éclairage allumé,En agglomération,Hors intersection,Normale,Deux véhicules - côté,,,,,,,,,,,5,2,1,1,3
200800054361,0008-09-08 08:40:00,8,9,8,8,40,940,58,"145, ALSACE LORRAINE (BD",,,Plein jour,En agglomération,Hors intersection,Normale,Sans collision,,,,,,,,,,,1,2,1,1,7
200800054362,0008-09-19 18:00:00,8,9,19,18,0,940,58,"62, GENERAL DE GAULLE (A",,,Plein jour,En agglomération,Hors intersection,Normale,Autre collision,,,,,,,,,,,1,2,1,1,6
200800054363,0008-09-24 12:20:00,8,9,24,12,20,940,52,STALINGRAD - PONT DE NOG,,,Plein jour,En agglomération,Autre intersection,Normale,Deux véhicules - arrière,,,,,,,,,,,1,2,9,1,2
200800054364,0008-09-07 11:20:00,8,9,7,11,20,940,68,ALBERT DE MUN (R),,,Plein jour,En agglomération,Intersection en X,Normale,Deux véhicules - côté,,,,,,,,,,,1,2,2,1,3
200800054365,0008-09-09 13:10:00,8,9,9,13,10,940,68,GENERAL GIRAUD (BD DU),,,Plein jour,En agglomération,Intersection en X,Normale,Deux véhicules - côté,,,,,,,,,,,1,2,2,1,3
200800054366,0008-09-10 22:55:00,8,9,10,22,55,940,68,MARNE (BD DE LA),,,Nuit avec éclairage allumé,En agglomération,Hors intersection,Normale,Deux véhicules - côté,,,,,,,,,,,5,2,1,1,3
200800054367,0008-09-11 10:10:00,8,9,11,10,10,940,68,RIMINI (PL DE),,,Plein jour,En agglomération,Intersection en X,Normale,Deux véhicules - côté,,,,,,,,,,,1,2,2,1,3
200800054368,0008-09-13 13:40:00,8,9,13,13,40,940,68,RABELAIS (BD),,,Plein jour,En agglomération,Hors intersection,Normale,Autre collision,,,,,,,,,,,1,2,1,1,6
200800054369,0008-09-16 12:10:00,8,9,16,12,10,940,68,FOCH (AV),,,Plein jour,En agglomération,Hors intersection,Normale,Deux véhicules - côté,,,,,,,,,,,1,2,1,1,3
200800054370,0008-09-18 20:10:00,8,9,18,20,10,940,68,DOCTEUR ROUX (R DU),,,Nuit avec éclairage allumé,En agglomération,Hors intersection,Normale,Deux véhicules - côté,,,,,,,,,,,5,2,1,1,3
200800054371,0008-09-18 19:15:00,8,9,18,19,15,940,68,"42, TUNIS (AV DE)",,,Crépuscule ou aube,En agglomération,Hors intersection,Normale,Autre collision,,,,,,,,,,,2,2,1,1,6
200800054372,0008-09-19 15:10:00,8,9,19,15,10,940,68,CRETEIL (BD DE),,,Plein jour,En agglomération,Hors intersection,Normale,Autre collision,,,,,,,,,,,1,2,1,1,6
200800054373,0008-09-19 17:10:00,8,9,19,17,10,940,68,"160, CRETEIL (BD DE)",,,Plein jour,En agglomération,Hors intersection,Normale,Trois véhicules et plus - collisions multiples,,,,,,,,,,,1,2,1,1,5
200800054374,0008-09-19 19:10:00,8,9,19,19,10,940,68,"60, BONNEUIL (AV DE)",,,Crépuscule ou aube,En agglomération,Hors intersection,Normale,Autre collision,,,,,,,,,,,2,2,1,1,6
200800054375,0008-09-23 18:40:00,8,9,23,18,40,940,68,PONT DE CRETEIL (R DU),,,Plein jour,En agglomération,Hors intersection,Normale,Autre collision,,,,,,,,,,,1,2,1,1,6
200800054376,0008-09-27 17:35:00,8,9,27,17,35,940,68,"35, PONT DE CRETEIL (R D",,,Plein jour,En agglomération,Hors intersection,Normale,Autre collision,,,,,,,,,,,1,2,1,1,6
200800054377,0008-09-30 13:50:00,8,9,30,13,50,940,68,PORT AU FOUARRE (AV DU),,,Plein jour,En agglomération,Intersection en X,Normale,Deux véhicules - côté,,,,,,,,,,,1,2,2,1,3
200800054378,0008-09-03 14:20:00,8,9,3,14,20,940,77,"1, PASTEUR (AV)",,,Plein jour,En agglomération,Intersection en T,Normale,Deux véhicules - côté,,,,,,,,,,,1,2,3,1,3
200800054379,0008-09-03 17:30:00,8,9,3,17,30,940,78,"1, SAINT EXUPERY (R)",,,Plein jour,En agglomération,Hors intersection,Normale,Autre collision,,,,,,,,,,,1,2,1,1,6
200800054380,0008-09-02 10:20:00,8,9,2,10,20,940,78,PASTEUR (R),,,Plein jour,En agglomération,Hors intersection,Normale,Deux véhicules - côté,,,,,,,,,,,1,2,1,1,3
200800054381,0008-09-11 07:40:00,8,9,11,7,40,940,78,"6, HUIT MAI 1945 (AV DU)",,,Plein jour,En agglomération,Intersection en Y,Normale,Deux véhicules - côté,,,,,,,,,,,1,2,4,1,3
200800054382,0008-09-10 12:50:00,8,9,10,12,50,940,78,"06, CHENES (R DES)",,,Plein jour,En agglomération,Hors intersection,Normale,Deux véhicules - côté,,,,,,,,,,,1,2,1,1,3
200800054383,0008-09-13 17:48:00,8,9,13,17,48,940,78,"0, FRANCIS MARTIN (R)",,,Plein jour,En agglomération,Hors intersection,Normale,Autre collision,,,,,,,,,,,1,2,1,1,6
200800054384,0008-09-17 17:30:00,8,9,17,17,30,940,74,RU DE GIRONDE (AV DU),,,Plein jour,En agglomération,Hors intersection,Normale,Trois véhicules et plus - en chaîne,,,,,,,,,,,1,2,1,1,4
200800054385,0008-09-18 19:15:00,8,9,18,19,15,940,78,COURTELINE (R),,,Plein jour,En agglomération,Intersection en Y,Normale,Deux véhicules - côté,,,,,,,,,,,1,2,4,1,3
200800054386,0008-09-21 12:15:00,8,9,21,12,15,940,78,PARIS (R DE),,,Plein jour,En agglomération,Hors intersection,Normale,Deux véhicules - arrière,,,,,,,,,,,1,2,1,1,2
200800054387,0008-09-21 12:55:00,8,9,21,12,55,940,77,"15 bis, GRUSIE (CHE DE L",,,Plein jour,En agglomération,Hors intersection,Normale,Autre collision,,,,,,,,,,,1,2,1,1,6
200800054388,0008-09-24 12:05:00,8,9,24,12,5,940,77,VERDUN (COUR DE),,,Plein jour,En agglomération,Hors intersection,Normale,Autre collision,,,,,,,,,,,1,2,1,1,6
200800054389,0008-09-27 15:05:00,8,9,27,15,5,940,78,PARIS (rue de ),,,Plein jour,En agglomération,Hors intersection,Normale,Deux véhicules - côté,,,,,,,,,,,1,2,1,1,3
200800054390,0008-09-26 20:30:00,8,9,26,20,30,940,77,MARCEL CACHIN (QU),,,Nuit sans éclairage public,En agglomération,Hors intersection,Normale,Deux véhicules - frontale,,,,,,,,,,,3,2,1,1,1
200800054391,0008-09-23 12:15:00,8,9,23,12,15,940,77,"22, GENERAL DE GAULLE (R",,,Plein jour,En agglomération,Hors intersection,Normale,Autre collision,,,,,,,,,,,1,2,1,1,6
200800054392,0008-09-01 12:35:00,8,9,1,12,35,940,80,"32, VIGNERONS (R DES)",,,Plein jour,En agglomération,Hors intersection,Normale,Autre collision,,,,,,,,,,,1,2,1,1,6
200800054393,0008-09-01 18:40:00,8,9,1,18,40,940,80,"., MARECHAL MAUNOURY (R",,,Plein jour,En agglomération,Intersection en X,Normale,Autre collision,,,,,,,,,,,1,2,2,1,6
200800054394,0008-09-02 14:10:00,8,9,2,14,10,940,80,LAITIERES (R DES),,,Plein jour,En agglomération,Intersection en X,Normale,Deux véhicules - côté,,,,,,,,,,,1,2,2,1,3
200800054395,0008-09-12 10:25:00,8,9,12,10,25,940,80,"114, REPUBLIQUE (AV DE L",,,Plein jour,En agglomération,Intersection en X,Pluie légère,Deux véhicules - frontale,,,,,,,,,,,1,2,2,2,1
200800054396,0008-09-14 00:10:00,8,9,14,0,10,940,80,FONTENAY (R DE),,,Nuit avec éclairage allumé,En agglomération,Intersection en T,Normale,Deux véhicules - côté,,,,,,,,,,,5,2,3,1,3
200800054397,0008-09-16 15:50:00,8,9,16,15,50,940,67,"91, SAINTE MARIE (AV)",,,Plein jour,En agglomération,Intersection en Y,Normale,Autre collision,,,,,,,,,,,1,2,4,1,6
200800054398,0008-09-23 09:30:00,8,9,23,9,30,940,80,"15-17, MARIGNY (COUR)",,,Plein jour,En agglomération,Intersection en T,Normale,Autre collision,,,,,,,,,,,1,2,3,1,6
200800054399,0008-09-25 04:15:00,8,9,25,4,15,940,80,"51, PARIS (AV DE)",,,Nuit avec éclairage allumé,En agglomération,Intersection en T,Normale,Deux véhicules - arrière,,,,,,,,,,,5,2,3,1,2
200800054400,0008-09-25 09:25:00,8,9,25,9,25,940,80,VICTOR BASCH (R),,,Plein jour,En agglomération,Intersection en X,Normale,Deux véhicules - côté,,,,,,,,,,,1,2,2,1,3
200800054401,0008-09-03 08:45:00,8,9,3,8,45,940,81,"Angle, YOURI GAGARINE (A",,,Plein jour,Hors agglomération,Hors intersection,Pluie légère,Deux véhicules - arrière,,,,,,,,,,,1,1,1,2,2
200800054402,0008-09-05 18:15:00,8,9,5,18,15,940,81,"Angle, GOURNAY (R)",,,Plein jour,En agglomération,Intersection en T,Normale,Autre collision,,,,,,,,,,,1,2,3,1,6
200800054403,0008-09-07 18:55:00,8,9,7,18,55,940,81,"10, ABBE ROGER DERRY (AV",,,Plein jour,En agglomération,Hors intersection,Normale,Autre collision,,,,,,,,,,,1,2,1,1,6
200800054404,0008-09-09 09:00:00,8,9,9,9,0,940,81,"Angle, ROUGET DE L ISLE",,,Plein jour,En agglomération,Intersection en T,Normale,Autre collision,,,,,,,,,,,1,2,3,1,6
200800054405,0008-09-09 13:10:00,8,9,9,13,10,940,81,"Angle, MAXIMILIEN ROBESP",,,Plein jour,En agglomération,Intersection en T,Normale,Autre collision,,,,,,,,,,,1,2,3,1,6
200800054406,0008-09-11 10:30:00,8,9,11,10,30,940,81,GUY MOQUET (AV),,,Plein jour,En agglomération,Hors intersection,Temps éblouissant,Autre collision,,,,,,,,,,,1,2,1,7,6
200800054407,0008-09-13 17:30:00,8,9,13,17,30,940,81,JEAN JAURES (AV),,,Plein jour,En agglomération,Hors intersection,Normale,Autre collision,,,,,,,,,,,1,2,1,1,6
200800054408,0008-09-17 22:45:00,8,9,17,22,45,940,81,"ANGLE, GRANGES (R DES)",,,Nuit avec éclairage allumé,En agglomération,Hors intersection,Autre,Autre collision,,,,,,,,,,,5,2,1,9,6
200800054409,0008-09-21 14:00:00,8,9,21,14,0,940,81,"ANGLE, ROUGET DE L ISLE",,,Plein jour,En agglomération,Intersection en X,Normale,Autre collision,,,,,,,,,,,1,2,2,1,6
200800054410,0008-09-23 13:00:00,8,9,23,13,0,940,81,"49, PAUL ARMANGOT (R)",,,Plein jour,En agglomération,Hors intersection,Normale,Autre collision,,,,,,,,,,,1,2,1,1,6
200800054411,0008-09-01 20:00:00,8,9,1,20,0,950,18,MARTYRS DE CHATEAUBRIANT,,,Plein jour,En agglomération,Intersection en T,Normale,Deux véhicules - côté,,,,,,,,,,,1,2,3,1,3
200800054412,0008-09-02 20:10:00,8,9,2,20,10,950,18,LILAS (RUE DES),,,Crépuscule ou aube,En agglomération,Intersection en X,Normale,Deux véhicules - côté,,,,,,,,,,,2,2,2,1,3
200800054413,0008-09-03 23:25:00,8,9,3,23,25,950,18,RESISTANCE (BOULEVARD DE,,,Nuit avec éclairage allumé,En agglomération,Intersection en T,Normale,Deux véhicules - côté,,,,,,,,,,,5,2,3,1,3
200800054414,0008-09-05 11:50:00,8,9,5,11,50,950,582,"3, LOUIS MOREAUX (RUE)",,,Plein jour,En agglomération,Hors intersection,Pluie légère,Deux véhicules - côté,,,,,,,,,,,1,2,1,2,3
200800054415,0008-09-09 09:45:00,8,9,9,9,45,950,18,GUILLOT (BOULEVARD MARCE,,,Plein jour,En agglomération,Intersection en T,Normale,Deux véhicules - côté,,,,,,,,,,,1,2,3,1,3
200800054416,0008-09-10 15:30:00,8,9,10,15,30,950,176,LIBERATION (AVENUE DE LA,,,Plein jour,En agglomération,Hors intersection,Normale,Autre collision,,,,,,,,,,,1,2,1,1,6
200800054417,0008-09-10 20:45:00,8,9,10,20,45,950,18,CASANOVA (RUE D),,,Nuit avec éclairage non allumé,En agglomération,Intersection en X,Normale,Deux véhicules - côté,,,,,,,,,,,4,2,2,1,3
200800054418,0008-09-12 09:18:00,8,9,12,9,18,950,18,"194, BARBUSSE (RUE HENRI",,,Plein jour,En agglomération,Hors intersection,Pluie légère,Deux véhicules - arrière,,,,,,,,,,,1,2,1,2,2
200800054419,0008-09-12 18:10:00,8,9,12,18,10,950,582,"9, VALCONFLANS (RUE DE)",,,Plein jour,En agglomération,Hors intersection,Normale,Autre collision,,,,,,,,,,,1,2,1,1,6
200800054420,0008-09-12 08:30:00,8,9,12,8,30,950,18,ESPACE (AVENUE DE L'),,,Plein jour,En agglomération,Intersection en X,Normale,Autre collision,,,,,,,,,,,1,2,2,1,6
200800054421,0008-09-17 08:20:00,8,9,17,8,20,950,18,", EPINAY (RUE D' )",,,Crépuscule ou aube,En agglomération,Hors intersection,Normale,Deux véhicules - arrière,,,,,,,,,,,2,2,1,1,2
200800054422,0008-09-17 09:45:00,8,9,17,9,45,950,18,GUILLOT (BOULEVARD MARCE,,,Plein jour,En agglomération,Intersection en T,Normale,Autre collision,,,,,,,,,,,1,2,3,1,6
200800054423,0008-09-18 17:20:00,8,9,18,17,20,950,18,MARX (BOULEVARD),,,Plein jour,En agglomération,Intersection en T,Normale,Deux véhicules - frontale,,,,,,,,,,,1,2,3,1,1
200800054424,0008-09-21 18:05:00,8,9,21,18,5,950,176,JOFFRE (BOULEVARD),,,Plein jour,En agglomération,Intersection en X,Normale,Deux véhicules - arrière,,,,,,,,,,,1,2,2,1,2
200800054425,0008-09-19 12:28:00,8,9,19,12,28,950,582,CROIX DES MARAIS (RUE DE,,,Plein jour,En agglomération,Intersection en X,Normale,Deux véhicules - côté,,,,,,,,,,,1,2,2,1,3
200800054426,0008-09-22 13:30:00,8,9,22,13,30,950,176,"20, LECLERC (AVENUE DU G",,,Plein jour,En agglomération,Hors intersection,Normale,Autre collision,,,,,,,,,,,1,2,1,1,6
200800054427,0008-09-19 21:25:00,8,9,19,21,25,950,582,CHARLES DE GAULLE (BOULE,,,Nuit avec éclairage non allumé,En agglomération,Intersection en X,Normale,Deux véhicules - côté,,,,,,,,,,,4,2,2,1,3
200800054428,0008-09-23 08:05:00,8,9,23,8,5,950,18,ARGENTEUIL (PONT D' ),,,Plein jour,En agglomération,Intersection en X,Normale,Autre collision,,,,,,,,,,,1,2,2,1,6
200800054429,0008-09-25 13:40:00,8,9,25,13,40,950,18,RD 311,,,Plein jour,En agglomération,Hors intersection,Normale,Trois véhicules et plus - en chaîne,,,,,,,,,,,1,2,1,1,4
200800054430,0008-09-26 18:50:00,8,9,26,18,50,950,582,"8, LILAS (ALLEE DES)",,,Plein jour,En agglomération,Hors intersection,Normale,Autre collision,,,,,,,,,,,1,2,1,1,6
200800054431,0008-09-24 07:30:00,8,9,24,7,30,950,582,"20, GAMBETTA (BOULEVARD)",,,Crépuscule ou aube,En agglomération,Hors intersection,Pluie légère,Sans collision,,,,,,,,,,,2,2,1,2,7
200800054432,0008-09-26 12:30:00,8,9,26,12,30,950,18,DANTON (RUE),,,Plein jour,En agglomération,Intersection en T,Normale,Autre collision,,,,,,,,,,,1,2,3,1,6
200800054433,0008-09-27 10:40:00,8,9,27,10,40,950,18,"146, JAURES (AVENUE JEAN",,,Plein jour,En agglomération,Hors intersection,Normale,Autre collision,,,,,,,,,,,1,2,1,1,6
200800054434,0008-09-27 20:40:00,8,9,27,20,40,950,18,"109-111, JAURES (AVENUE",,,Nuit avec éclairage allumé,En agglomération,Intersection en X,Normale,Deux véhicules - côté,,,,,,,,,,,5,2,2,1,3
200800054435,0008-09-29 17:05:00,8,9,29,17,5,950,18,PONTOISE (ROUTE DE),,,Plein jour,En agglomération,Hors intersection,Normale,Deux véhicules - côté,,,,,,,,,,,1,2,1,1,3