accident_id,datetime,annee,mois,jour,heure,minute,departement,commune_insee,adresse,latitude,longitude,luminosite,agglomeration,intersection,meteo,collision,nb_vehicules,nb_usagers,nb_indemnes,nb_tues,nb_blesses_hosp,nb_blesses_legers,age_cond_1,age_cond_2,veh_type_cond_1,veh_type_cond_2,lum_code,agg_code,int_code,atm_code,col_code
200800054839,0008-09-17 07:30:00,8,9,17,7,30,780,73,RN12 INT,,,Crépuscule ou aube,Hors agglomération,Hors intersection,Normale,Autre collision,,,,,,,,,,,2,1,1,1,6
200800054840,0008-09-14 16:30:00,8,9,14,16,30,920,64,A13,,,Plein jour,Hors agglomération,Hors intersection,Normale,Deux véhicules - arrière,,,,,,,,,,,1,1,1,1,2
200800054841,0008-09-15 07:50:00,8,9,15,7,50,780,490,RN12 INT,,,Crépuscule ou aube,Hors agglomération,Intersection en Y,Normale,Autre collision,,,,,,,,,,,2,1,4,1,6
200800054842,0008-09-15 16:30:00,8,9,15,16,30,780,291,A13,,,Plein jour,Hors agglomération,Hors intersection,Normale,Autre collision,,,,,,,,,,,1,1,1,1,6
200800054843,0008-09-16 08:55:00,8,9,16,8,55,920,36,A86,,,Plein jour,Hors agglomération,Hors intersection,Normale,Deux véhicules - côté,,,,,,,,,,,1,1,1,1,3
200800054844,0008-09-16 19:10:00,8,9,16,19,10,920,25,A86,,,Plein jour,Hors agglomération,Hors intersection,Normale,Trois véhicules et plus - collisions multiples,,,,,,,,,,,1,1,1,1,5
200800054845,0008-09-18 19:40:00,8,9,18,19,40,920,50,A86,,,Plein jour,Hors agglomération,Hors intersection,Normale,Deux véhicules - côté,,,,,,,,,,,1,1,1,1,3
200800054846,0008-09-19 01:42:00,8,9,19,1,42,780,158,A13,,,Nuit avec éclairage allumé,Hors agglomération,Hors intersection,Normale,Autre collision,,,,,,,,,,,5,1,1,1,6
200800054847,0008-09-20 14:28:00,8,9,20,14,28,780,158,A13,,,Plein jour,Hors agglomération,Hors intersection,Normale,Autre collision,,,,,,,,,,,1,1,1,1,6
200800054848,0008-09-21 00:30:00,8,9,21,0,30,920,47,A13,,,Nuit avec éclairage allumé,Hors agglomération,Hors intersection,Normale,Deux véhicules - arrière,,,,,,,,,,,5,1,1,1,2
200800054849,0008-09-21 09:15:00,8,9,21,9,15,920,25,A86,,,Plein jour,Hors agglomération,Hors intersection,Normale,Autre collision,,,,,,,,,,,1,1,1,1,6
200800054850,0008-09-22 06:10:00,8,9,22,6,10,920,50,A86,,,Nuit avec éclairage allumé,Hors agglomération,Hors intersection,Normale,Deux véhicules - arrière,,,,,,,,,,,5,1,1,1,2
200800054851,0008-09-24 07:55:00,8,9,24,7,55,920,36,A86,,,Crépuscule ou aube,Hors agglomération,Hors intersection,Pluie légère,Deux véhicules - arrière,,,,,,,,,,,2,1,1,2,2
200800054852,0008-09-25 12:00:00,8,9,25,12,0,780,217,A13,,,Plein jour,Hors agglomération,Hors intersection,Normale,Sans collision,,,,,,,,,,,1,1,1,1,7
200800054853,0008-09-26 06:50:00,8,9,26,6,50,780,640,A86 EXT,,,Nuit sans éclairage public,Hors agglomération,Hors intersection,Normale,Deux véhicules - côté,,,,,,,,,,,3,1,1,1,3
200800054854,0008-09-28 00:30:00,8,9,28,0,30,920,12,A13,,,Nuit avec éclairage allumé,Hors agglomération,Hors intersection,Normale,Deux véhicules - arrière,,,,,,,,,,,5,1,1,1,2
200800054855,0008-09-28 05:20:00,8,9,28,5,20,780,423,RN12 EXT,,,Nuit avec éclairage allumé,Hors agglomération,Hors intersection,Normale,Sans collision,,,,,,,,,,,5,1,1,1,7
200800054856,0008-09-29 08:35:00,8,9,29,8,35,780,646,RN12 W,,,Plein jour,Hors agglomération,Hors intersection,Normale,Deux véhicules - arrière,,,,,,,,,,,1,1,1,1,2
200800054857,0008-09-30 09:45:00,8,9,30,9,45,920,47,A13,,,Plein jour,Hors agglomération,Hors intersection,Pluie légère,Autre collision,,,,,,,,,,,1,1,1,2,6
200800054858,0008-09-30 09:50:00,8,9,30,9,50,920,76,A13,,,Plein jour,Hors agglomération,Hors intersection,Pluie légère,Sans collision,,,,,,,,,,,1,1,1,2,7
200800054859,0008-09-30 12:02:00,8,9,30,12,2,920,48,N118,,,Plein jour,Hors agglomération,Hors intersection,Pluie légère,Trois véhicules et plus - en chaîne,,,,,,,,,,,1,1,1,2,4
200800054860,0008-09-30 16:45:00,8,9,30,16,45,780,402,A13,,,Plein jour,Hors agglomération,Hors intersection,Temps couvert,Trois véhicules et plus - collisions multiples,,,,,,,,,,,1,1,1,8,5
200800054861,0008-09-19 21:00:00,8,9,19,21,0,920,25,A86,,,Nuit avec éclairage allumé,Hors agglomération,Hors intersection,Normale,Trois véhicules et plus - en chaîne,,,,,,,,,,,5,1,1,1,4
200800054862,0008-08-28 11:53:00,8,8,28,11,53,690,383,"25, COURS GAMBETTA",,,Plein jour,En agglomération,Hors intersection,Normale,Autre collision,,,,,,,,,,,1,2,1,1,6
200800054863,0008-08-29 16:45:00,8,8,29,16,45,420,330,A72,,,Plein jour,Hors agglomération,Hors intersection,Normale,Deux véhicules - côté,,,,,,,,,,,1,1,1,1,3
200800054864,0008-09-06 19:30:00,8,9,6,19,30,420,186,A47,,,Plein jour,Hors agglomération,Hors intersection,Pluie légère,Sans collision,,,,,,,,,,,1,1,1,2,7
200800054865,0008-09-06 11:30:00,8,9,6,11,30,420,218,A72,,,Plein jour,Hors agglomération,Autre intersection,Normale,Sans collision,,,,,,,,,,,1,1,9,1,7
200800054866,0008-09-17 13:20:00,8,9,17,13,20,420,330,A72,,,Plein jour,Hors agglomération,Autre intersection,Normale,Deux véhicules - arrière,,,,,,,,,,,1,1,9,1,2
200800054867,0008-09-17 16:00:00,8,9,17,16,0,420,110,A47,,,Plein jour,Hors agglomération,Hors intersection,Normale,Autre collision,,,,,,,,,,,1,1,1,1,6
200800054868,0008-06-28 21:20:00,8,6,28,21,20,420,44,RN88,,,Plein jour,Hors agglomération,Hors intersection,Normale,Deux véhicules - arrière,,,,,,,,,,,1,1,1,1,2
200800054869,0008-05-22 07:40:00,8,5,22,7,40,690,276,BUS (RD301)   0.000 A 2.,,,Plein jour,Hors agglomération,Hors intersection,Normale,Trois véhicules et plus - en chaîne,,,,,,,,,,,1,1,1,1,4
200800054870,0008-05-26 22:30:00,8,5,26,22,30,690,382,A7   0.000 A 2.278,,,Nuit sans éclairage public,Hors agglomération,Hors intersection,Pluie légère,Trois véhicules et plus - en chaîne,,,,,,,,,,,3,1,1,2,4
200800054871,0008-05-29 12:00:00,8,5,29,12,0,380,87,A7   20.110 A 22.950,,,Plein jour,Hors agglomération,Hors intersection,Normale,Deux véhicules - côté,,,,,,,,,,,1,1,1,1,3
200800054872,0008-06-27 13:15:00,8,6,27,13,15,690,199,RD383   14.250 A 18.000,,,Plein jour,Hors agglomération,Hors intersection,Normale,Deux véhicules - côté,,,,,,,,,,,1,1,1,1,3
200800054873,0008-06-27 19:00:00,8,6,27,19,0,690,266,RD383   3.750 A 7.640,,,Plein jour,Hors agglomération,Hors intersection,Normale,Trois véhicules et plus - en chaîne,,,,,,,,,,,1,1,1,1,4
200800054874,0008-08-01 07:50:00,8,8,1,7,50,690,273,BUS (RD301)   4.470 A 7.,,,Plein jour,Hors agglomération,Hors intersection,Normale,Autre collision,,,,,,,,,,,1,1,1,1,6
200800054875,0008-08-05 08:15:00,8,8,5,8,15,690,259,BUS (RD301)  2.800 A 4.4,,,Plein jour,Hors agglomération,Hors intersection,Normale,Autre collision,,,,,,,,,,,1,1,1,1,6
200800054876,0008-09-01 15:10:00,8,9,1,15,10,690,266,RD383   3.750 A 7.640,,,Plein jour,Hors agglomération,Hors intersection,Normale,Deux véhicules - arrière,,,,,,,,,,,1,1,1,1,2
200800054877,0008-09-03 16:45:00,8,9,3,16,45,10,249,A42     5.760 A 6.180,,,Plein jour,Hors agglomération,Hors intersection,Temps couvert,Autre collision,,,,,,,,,,,1,1,1,8,6
200800054878,0008-09-04 07:00:00,8,9,4,7,0,690,199,RD383   14.250 A 18.000,,,Plein jour,Hors agglomération,Hors intersection,Pluie légère,Deux véhicules - arrière,,,,,,,,,,,1,1,1,2,2
200800054879,0008-09-04 15:55:00,8,9,4,15,55,690,152,A7   4.270 A 7.000,,,Plein jour,Hors agglomération,Hors intersection,Pluie forte,Sans collision,,,,,,,,,,,1,1,1,3,7
200800054880,0008-09-04 17:30:00,8,9,4,17,30,690,276,BUS (RD301)   0.000 A 2.,,,Plein jour,Hors agglomération,Hors intersection,Pluie légère,Sans collision,,,,,,,,,,,1,1,1,2,7
200800054881,0008-09-05 15:20:00,8,9,5,15,20,690,199,RD383   14.250 A 18.000,,,Plein jour,Hors agglomération,Hors intersection,Normale,Deux véhicules - arrière,,,,,,,,,,,1,1,1,1,2
200800054882,0008-09-06 05:40:00,8,9,6,5,40,10,275,A42   4.353 A 5.760   GE,,,Nuit sans éclairage public,Hors agglomération,Hors intersection,Pluie légère,Autre collision,,,,,,,,,,,3,1,1,2,6
200800054883,0008-09-06 15:00:00,8,9,6,15,0,690,256,RN346  S/N   25.686 A 29,,,Plein jour,Hors agglomération,Hors intersection,Pluie forte,Sans collision,,,,,,,,,,,1,1,1,3,7
200800054884,0008-09-06 18:00:00,8,9,6,18,0,690,288,A43   13.029 A 15.971,,,Plein jour,Hors agglomération,Hors intersection,Pluie forte,Sans collision,,,,,,,,,,,1,1,1,3,7
200800054885,0008-09-09 09:00:00,8,9,9,9,0,690,29,RD383   7.640 A 11.044,,,Plein jour,Hors agglomération,Hors intersection,Normale,Trois véhicules et plus - collisions multiples,,,,,,,,,,,1,1,1,1,5
200800054886,0008-09-10 15:35:00,8,9,10,15,35,690,193,A7   29.920 A 31.960,,,Plein jour,Hors agglomération,Hors intersection,Normale,Deux véhicules - côté,,,,,,,,,,,1,1,1,1,3
200800054887,0008-09-11 18:40:00,8,9,11,18,40,380,544,RN7   5.180 A 10.000,,,Plein jour,Hors agglomération,Hors intersection,Normale,Sans collision,,,,,,,,,,,1,1,1,1,7
200800054888,0008-09-15 17:35:00,8,9,15,17,35,690,277,RN346   36.215 A 38.000,,,Plein jour,Hors agglomération,Hors intersection,Normale,Trois véhicules et plus - en chaîne,,,,,,,,,,,1,1,1,1,4
200800054889,0008-09-17 19:45:00,8,9,17,19,45,690,283,A46S   43.680 A 47.880,,,Crépuscule ou aube,Hors agglomération,Hors intersection,Normale,Deux véhicules - côté,,,,,,,,,,,2,1,1,1,3
200800054890,0008-09-19 16:00:00,8,9,19,16,0,380,449,A43   18.875 A 21.100,,,Plein jour,Hors agglomération,Hors intersection,Normale,Trois véhicules et plus - en chaîne,,,,,,,,,,,1,1,1,1,4
200800054891,0008-09-19 17:30:00,8,9,19,17,30,690,29,RD383   7.640 A 11.044,,,Plein jour,Hors agglomération,Hors intersection,Normale,Deux véhicules - arrière,,,,,,,,,,,1,1,1,1,2
200800054892,0008-09-20 11:45:00,8,9,20,11,45,690,193,A7   29.920 A 31.960,,,Plein jour,Hors agglomération,Hors intersection,Normale,Sans collision,,,,,,,,,,,1,1,1,1,7
200800054893,0008-09-20 18:30:00,8,9,20,18,30,690,389,BPNL   34.614 A 36.285,,,Plein jour,Hors agglomération,Hors intersection,Normale,Sans collision,,,,,,,,,,,1,1,1,1,7
200800054894,0008-09-21 18:13:00,8,9,21,18,13,690,256,A42     0.560 A 4.020,,,Plein jour,Hors agglomération,Hors intersection,Normale,Deux véhicules - côté,,,,,,,,,,,1,1,1,1,3
200800054895,0008-09-22 16:10:00,8,9,22,16,10,690,382,A7   0.000 A 2.278,,,Plein jour,Hors agglomération,Intersection en X,Normale,Deux véhicules - arrière,,,,,,,,,,,1,1,2,1,2
200800054896,0008-09-24 14:15:00,8,9,24,14,15,690,297,A7   15.770 A 20.110,,,Plein jour,Hors agglomération,Hors intersection,Normale,Deux véhicules - côté,,,,,,,,,,,1,1,1,1,3
200800054897,0008-09-24 16:15:00,8,9,24,16,15,10,105,A46N   11.650 A 12.680,,,Plein jour,Hors agglomération,Hors intersection,Normale,Deux véhicules - côté,,,,,,,,,,,1,1,1,1,3
200800054898,0008-09-24 22:20:00,8,9,24,22,20,380,544,RN7   5.180 A 10.000,,,Nuit avec éclairage allumé,Hors agglomération,Hors intersection,Normale,Deux véhicules - côté,,,,,,,,,,,5,1,1,1,3
200800054899,0008-09-26 19:10:00,8,9,26,19,10,690,29,A43   3.353 A 3.865,,,Plein jour,Hors agglomération,Hors intersection,Normale,Deux véhicules - côté,,,,,,,,,,,1,1,1,1,3
200800054900,0008-09-27 12:20:00,8,9,27,12,20,690,276,BUS (RD301)   0.000 A 2.,,,Plein jour,Hors agglomération,Hors intersection,Normale,Sans collision,,,,,,,,,,,1,1,1,1,7
200800054901,0008-09-27 13:40:00,8,9,27,13,40,380,336,A7   32.870 A 35.680,,,Plein jour,Hors agglomération,Hors intersection,Normale,Autre collision,,,,,,,,,,,1,1,1,1,6
200800054902,0008-09-27 16:50:00,8,9,27,16,50,690,152,A7   4.270 A 7.000,,,Plein jour,Hors agglomération,Hors intersection,Normale,Sans collision,,,,,,,,,,,1,1,1,1,7
200800054903,0008-09-28 04:55:00,8,9,28,4,55,690,288,A43   13.029 A 15.971,,,Nuit sans éclairage public,Hors agglomération,Hors intersection,Normale,Sans collision,,,,,,,,,,,3,1,1,1,7
200800054904,0008-09-28 07:00:00,8,9,28,7,0,690,290,A43   3.865 A 9.894,,,Crépuscule ou aube,Hors agglomération,Autre intersection,Normale,Autre collision,,,,,,,,,,,2,1,9,1,6
200800054905,0008-09-28 12:10:00,8,9,28,12,10,380,87,A7   20.110 A 22.950,,,Plein jour,Hors agglomération,Hors intersection,Normale,Sans collision,,,,,,,,,,,1,1,1,1,7
200800054906,0008-09-30 04:35:00,8,9,30,4,35,10,248,A46N   14.305 A 17.210,,,Nuit sans éclairage public,Hors agglomération,Hors intersection,Normale,Autre collision,,,,,,,,,,,3,1,1,1,6
200800054907,0008-09-30 17:30:00,8,9,30,17,30,690,297,A47   0.000  A 1.657,,,Plein jour,Hors agglomération,Hors intersection,Normale,Deux véhicules - côté,,,,,,,,,,,1,1,1,1,3
200800054908,0008-05-02 17:18:00,8,5,2,17,18,830,137,A57,,,Plein jour,Hors agglomération,Hors intersection,Normale,Trois véhicules et plus - en chaîne,,,,,,,,,,,1,1,1,1,4
200800054909,0008-05-13 14:49:00,8,5,13,14,49,830,144,A57,,,Plein jour,Hors agglomération,Hors intersection,Normale,Trois véhicules et plus - collisions multiples,,,,,,,,,,,1,1,1,1,5
200800054910,0008-05-13 17:45:00,8,5,13,17,45,830,137,A50,,,Plein jour,Hors agglomération,Hors intersection,Pluie légère,Trois véhicules et plus - en chaîne,,,,,,,,,,,1,1,1,2,4
200800054911,0008-05-16 14:48:00,8,5,16,14,48,830,137,A57,,,Plein jour,Hors agglomération,Hors intersection,Pluie forte,Trois véhicules et plus - en chaîne,,,,,,,,,,,1,1,1,3,4
200800054912,0008-05-23 10:20:00,8,5,23,10,20,830,137,A50,,,Plein jour,Hors agglomération,Hors intersection,Normale,Deux véhicules - arrière,,,,,,,,,,,1,1,1,1,2
200800054913,0008-05-23 10:21:00,8,5,23,10,21,830,137,A50,,,Plein jour,Hors agglomération,Hors intersection,Normale,Trois véhicules et plus - en chaîne,,,,,,,,,,,1,1,1,1,4
200800054914,0008-05-25 18:55:00,8,5,25,18,55,830,27,A50,,,Plein jour,Hors agglomération,Hors intersection,Temps couvert,Sans collision,,,,,,,,,,,1,1,1,8,7
200800054915,0008-05-26 12:25:00,8,5,26,12,25,830,144,A57,,,Plein jour,Hors agglomération,Hors intersection,Normale,Autre collision,,,,,,,,,,,1,1,1,1,6
200800054916,0008-05-30 13:45:00,8,5,30,13,45,830,137,A57,,,Plein jour,Hors agglomération,Hors intersection,Normale,Trois véhicules et plus - en chaîne,,,,,,,,,,,1,1,1,1,4
200800054917,0008-05-30 14:30:00,8,5,30,14,30,830,137,A57,,,Plein jour,Hors agglomération,Hors intersection,Normale,Deux véhicules - arrière,,,,,,,,,,,1,1,1,1,2
200800054918,0008-09-01 02:45:00,8,9,1,2,45,830,27,A50,,,Nuit sans éclairage public,Hors agglomération,Autre intersection,Normale,Sans collision,,,,,,,,,,,3,1,9,1,7
200800054919,0008-09-13 18:15:00,8,9,13,18,15,830,144,A57,,,Plein jour,Hors agglomération,Hors intersection,Normale,Trois véhicules et plus - en chaîne,,,,,,,,,,,1,1,1,1,4
200800054920,0008-09-24 15:00:00,8,9,24,15,0,830,35,A50,,,Plein jour,Hors agglomération,Hors intersection,Pluie légère,Autre collision,,,,,,,,,,,1,1,1,2,6
200800054921,0008-09-26 20:30:00,8,9,26,20,30,830,90,A50,,,Nuit sans éclairage public,Hors agglomération,Hors intersection,Normale,Autre collision,,,,,,,,,,,3,1,1,1,6
200800054922,0008-09-30 07:40:00,8,9,30,7,40,830,137,A50,,,Plein jour,Hors agglomération,Hors intersection,Normale,Trois véhicules et plus - collisions multiples,,,,,,,,,,,1,1,1,1,5
200800054923,0008-09-30 17:40:00,8,9,30,17,40,830,137,A57,,,Plein jour,Hors agglomération,Hors intersection,Normale,Sans collision,,,,,,,,,,,1,1,1,1,7
200800054924,0008-10-03 19:00:00,8,10,3,19,0,590,51,rue des trois maisons,50.544,2.809,Crépuscule ou aube,En agglomération,Hors intersection,Pluie forte,Autre collision,,,,,,,,,,,2,2,1,3,6
200800054925,0008-10-03 22:15:00,8,10,3,22,15,590,550,rue sans nom,50.538,2.838,Nuit avec éclairage allumé,En agglomération,Hors intersection,Pluie légère,Autre collision,,,,,,,,,,,5,2,1,2,6
200800054926,0008-10-11 06:15:00,8,10,11,6,15,590,303,,50.577,2.862,Nuit sans éclairage public,Hors agglomération,Hors intersection,Normale,Autre collision,,,,,,,,,,,3,1,1,1,6
200800054927,0008-10-31 11:45:00,8,10,31,11,45,590,51,Rue de Lille,,,Plein jour,En agglomération,Hors intersection,Temps couvert,Deux véhicules - côté,,,,,,,,,,,1,2,1,8,3
200800054928,0008-10-11 11:30:00,8,10,11,11,30,590,586,4 rue de LILLE,50.527,3.167,Plein jour,En agglomération,Autre intersection,Normale,Autre collision,,,,,,,,,,,1,2,9,1,6
200800054929,0008-10-19 11:30:00,8,10,19,11,30,590,411,12 RUE DE LA GARE,,,Plein jour,En agglomération,Hors intersection,Normale,Deux véhicules - frontale,,,,,,,,,,,1,2,1,1,1
200800054930,0008-10-08 18:30:00,8,10,8,18,30,590,319,,,,Plein jour,Hors agglomération,Intersection en X,Normale,Deux véhicules - côté,,,,,,,,,,,1,1,2,1,3
200800054931,0008-10-21 13:45:00,8,10,21,13,45,590,94,rue Carnot,,,Plein jour,En agglomération,Hors intersection,Normale,Autre collision,,,,,,,,,,,1,2,1,1,6
200800054932,0008-10-03 01:15:00,8,10,3,1,15,590,84,,,,Nuit avec éclairage allumé,Hors agglomération,Hors intersection,Normale,Autre collision,,,,,,,,,,,5,1,1,1,6
200800054933,0008-10-20 20:15:00,8,10,20,20,15,590,73,,,,Nuit sans éclairage public,Hors agglomération,Hors intersection,Pluie légère,Trois véhicules et plus - collisions multiples,,,,,,,,,,,3,1,1,2,5
200800054934,0008-10-29 09:00:00,8,10,29,9,0,590,581,,,,Plein jour,Hors agglomération,Autre intersection,Brouillard / fumée,Sans collision,,,,,,,,,,,1,1,9,5,7
200800054935,0008-10-14 20:00:00,8,10,14,20,0,590,587,,50.802,2.568,Nuit sans éclairage public,Hors agglomération,Hors intersection,Normale,Deux véhicules - frontale,,,,,,,,,,,3,1,1,1,1
200800054936,0008-10-07 11:00:00,8,10,7,11,0,590,36,,,,Plein jour,En agglomération,Hors intersection,Pluie légère,Deux véhicules - frontale,,,,,,,,,,,1,2,1,2,1
200800054937,0008-10-28 09:45:00,8,10,28,9,45,590,241,,,,Plein jour,Hors agglomération,Intersection en X,Normale,Deux véhicules - côté,,,,,,,,,,,1,1,2,1,3
200800054938,0008-10-10 19:00:00,8,10,10,19,0,590,99,rue de la liberte,50.155,3.614,Plein jour,En agglomération,Hors intersection,Normale,Sans collision,,,,,,,,,,,1,2,1,1,7
200800054939,0008-10-24 22:30:00,8,10,24,22,30,590,136,,50.104,3.566,Nuit sans éclairage public,Hors agglomération,Hors intersection,Normale,Deux véhicules - arrière,,,,,,,,,,,3,1,1,1,2
200800054940,0008-10-05 17:45:00,8,10,5,17,45,590,377,,50.14,3.2,Plein jour,Hors agglomération,Hors intersection,Pluie forte,Deux véhicules - côté,,,,,,,,,,,1,1,1,3,3
200800054941,0008-10-13 15:00:00,8,10,13,15,0,590,126,rue de DOUAI,,,Plein jour,En agglomération,Hors intersection,Normale,Autre collision,,,,,,,,,,,1,2,1,1,6
200800054942,0008-10-04 17:30:00,8,10,4,17,30,590,639,,50.309,3.648,Plein jour,Hors agglomération,Hors intersection,Normale,Deux véhicules - côté,,,,,,,,,,,1,1,1,1,3
200800054943,0008-10-09 16:30:00,8,10,9,16,30,590,640,,,,Plein jour,Hors agglomération,Hors intersection,Normale,Autre collision,,,,,,,,,,,1,1,1,1,6
200800054944,0008-10-09 16:00:00,8,10,9,16,0,620,715,,,,Plein jour,Hors agglomération,Intersection en X,Normale,Deux véhicules - arrière,,,,,,,,,,,1,1,2,1,2
200800054945,0008-10-09 11:45:00,8,10,9,11,45,620,64,,,,Plein jour,En agglomération,Hors intersection,Normale,Deux véhicules - frontale,,,,,,,,,,,1,2,1,1,1
200800054946,0008-10-24 19:30:00,8,10,24,19,30,620,714,,50.334,2.777,Nuit sans éclairage public,Hors agglomération,Hors intersection,Normale,Deux véhicules - arrière,,,,,,,,,,,3,1,1,1,2
200800054947,0008-10-25 23:00:00,8,10,25,23,0,620,639,Place du 19/03/1962,50.352,2.892,Nuit avec éclairage allumé,En agglomération,Place,Normale,Autre collision,,,,,,,,,,,5,2,7,1,6
200800054948,0008-10-01 18:30:00,8,10,1,18,30,620,298,,,,Crépuscule ou aube,Hors agglomération,Hors intersection,Vent fort / tempête,Deux véhicules - frontale,,,,,,,,,,,2,1,1,6,1
200800054949,0008-10-03 05:30:00,8,10,3,5,30,620,817,,50.279,2.835,Nuit sans éclairage public,Hors agglomération,Hors intersection,Pluie légère,Trois véhicules et plus - collisions multiples,,,,,,,,,,,3,1,1,2,5
200800054950,0008-10-07 09:30:00,8,10,7,9,30,620,718,rue de la gare,50.308,2.895,Plein jour,En agglomération,Passage à niveau,Normale,Deux véhicules - frontale,,,,,,,,,,,1,2,8,1,1
200800054951,0008-10-09 22:30:00,8,10,9,22,30,620,873,,50.268,2.846,Nuit avec éclairage allumé,Hors agglomération,Hors intersection,Normale,Autre collision,,,,,,,,,,,5,1,1,1,6
200800054952,0008-10-12 17:00:00,8,10,12,17,0,620,251,,,,Plein jour,Hors agglomération,Intersection en X,Normale,Deux véhicules - côté,,,,,,,,,,,1,1,2,1,3
200800054953,0008-10-14 16:45:00,8,10,14,16,45,620,446,route de CARLY,,,Plein jour,En agglomération,Hors intersection,Normale,Deux véhicules - frontale,,,,,,,,,,,1,2,1,1,1
200800054954,0008-10-19 20:00:00,8,10,19,20,0,620,896,,50.694,1.724,Nuit sans éclairage public,Hors agglomération,Hors intersection,Normale,Deux véhicules - côté,,,,,,,,,,,3,1,1,1,3
200800054955,0008-10-24 14:45:00,8,10,24,14,45,620,773,,,,Plein jour,Hors agglomération,Hors intersection,Pluie forte,Deux véhicules - frontale,,,,,,,,,,,1,1,1,3,1
200800054956,0008-10-30 00:15:00,8,10,30,0,15,620,653,,,,Nuit sans éclairage public,Hors agglomération,Hors intersection,Pluie légère,Autre collision,,,,,,,,,,,3,1,1,2,6
200800054957,0008-10-05 14:45:00,8,10,5,14,45,620,560,,50.831,1.703,Plein jour,Hors agglomération,Hors intersection,Pluie forte,Deux véhicules - frontale,,,,,,,,,,,1,1,1,3,1
200800054958,0008-10-09 20:00:00,8,10,9,20,0,620,751,route de wadenthun,50.881,1.757,Nuit avec éclairage allumé,En agglomération,Hors intersection,Normale,Deux véhicules - côté,,,,,,,,,,,5,2,1,1,3
200800054959,0008-10-12 17:45:00,8,10,12,17,45,620,899,,50.894,1.688,Plein jour,Hors agglomération,Hors intersection,Normale,Deux véhicules - arrière,,,,,,,,,,,1,1,1,1,2
200800054960,0008-10-11 15:45:00,8,10,11,15,45,620,560,AVENUE FERBER,50.815,1.699,Plein jour,En agglomération,Hors intersection,Normale,Autre collision,,,,,,,,,,,1,2,1,1,6
200800054961,0008-10-23 07:30:00,8,10,23,7,30,620,25,RUE D'AUBENGUE,50.808,1.621,Crépuscule ou aube,En agglomération,Hors intersection,Normale,Autre collision,,,,,,,,,,,2,2,1,1,6
200800054962,0008-10-25 22:15:00,8,10,25,22,15,620,503,,50.876,1.744,Nuit sans éclairage public,Hors agglomération,Hors intersection,Normale,Autre collision,,,,,,,,,,,3,1,1,1,6
200800054963,0008-10-10 18:00:00,8,10,10,18,0,620,746,rue du dessous,50.669,1.598,Plein jour,En agglomération,Hors intersection,Temps éblouissant,Deux véhicules - frontale,,,,,,,,,,,1,2,1,7,1
200800054964,0008-10-17 11:15:00,8,10,17,11,15,620,235,,,,Plein jour,Hors agglomération,Hors intersection,Normale,Sans collision,,,,,,,,,,,1,1,1,1,7
200800054965,0008-10-11 17:45:00,8,10,11,17,45,620,693,Route Nationale,,,Plein jour,En agglomération,Hors intersection,Normale,Autre collision,,,,,,,,,,,1,2,1,1,6
200800054966,0008-10-18 18:45:00,8,10,18,18,45,620,123,,,,Crépuscule ou aube,Hors agglomération,Hors intersection,Normale,Deux véhicules - frontale,,,,,,,,,,,2,1,1,1,1
200800054967,0008-10-30 13:45:00,8,10,30,13,45,620,168,,,,Plein jour,Hors agglomération,Hors intersection,Normale,Sans collision,,,,,,,,,,,1,1,1,1,7
200800054968,0008-10-19 20:45:00,8,10,19,20,45,620,849,,50.424,1.669,Nuit sans éclairage public,Hors agglomération,Hors intersection,Normale,Autre collision,,,,,,,,,,,3,1,1,1,6
200800054969,0008-10-03 10:00:00,8,10,3,10,0,620,204,,,,Plein jour,Hors agglomération,Hors intersection,Normale,Deux véhicules - frontale,,,,,,,,,,,1,1,1,1,1
200800054970,0008-10-22 20:00:00,8,10,22,20,0,620,743,,50.352,2.035,Nuit sans éclairage public,Hors agglomération,Hors intersection,Normale,Deux véhicules - côté,,,,,,,,,,,3,1,1,1,3
200800054971,0008-10-10 15:30:00,8,10,10,15,30,620,261,avenue M. Van der Mersch,50.501,1.627,Plein jour,En agglomération,Hors intersection,Normale,Autre collision,,,,,,,,,,,1,2,1,1,6
200800054972,0008-10-17 23:30:00,8,10,17,23,30,620,906,RUE DE LA GRASSE PAYELLE,50.854,2.066,Nuit sans éclairage public,En agglomération,Hors intersection,Pluie légère,Sans collision,,,,,,,,,,,3,2,1,2,7
200800054973,0008-10-19 15:15:00,8,10,19,15,15,620,767,,,,Crépuscule ou aube,Hors agglomération,Hors intersection,Normale,Deux véhicules - côté,,,,,,,,,,,2,1,1,1,3
200800054974,0008-10-19 22:15:00,8,10,19,22,15,800,458,,,,Nuit sans éclairage public,Hors agglomération,Hors intersection,Autre,Sans collision,,,,,,,,,,,3,1,1,9,7