accident_id,datetime,annee,mois,jour,heure,minute,departement,commune_insee,adresse,latitude,longitude,luminosite,agglomeration,intersection,meteo,collision,nb_vehicules,nb_usagers,nb_indemnes,nb_tues,nb_blesses_hosp,nb_blesses_legers,age_cond_1,age_cond_2,veh_type_cond_1,veh_type_cond_2,lum_code,agg_code,int_code,atm_code,col_code
200800054975,0008-10-06 13:30:00,8,10,6,13,30,800,651,RUE LIBERATION,,,Plein jour,En agglomération,Hors intersection,Normale,Deux véhicules - frontale,,,,,,,,,,,1,2,1,1,1
200800054976,0008-10-08 18:45:00,8,10,8,18,45,800,142,,,,Crépuscule ou aube,Hors agglomération,Hors intersection,Normale,Deux véhicules - côté,,,,,,,,,,,2,1,1,1,3
200800054977,0008-10-26 17:15:00,8,10,26,17,15,800,443,,,,Plein jour,Hors agglomération,Hors intersection,Pluie légère,Deux véhicules - frontale,,,,,,,,,,,1,1,1,2,1
200800054978,0008-10-29 14:15:00,8,10,29,14,15,800,324,,49.96,1.8,Plein jour,Hors agglomération,Hors intersection,Normale,Autre collision,,,,,,,,,,,1,1,1,1,6
200800054979,0008-10-12 16:00:00,8,10,12,16,0,800,485,,,,Plein jour,Hors agglomération,Intersection en X,Normale,Trois véhicules et plus - collisions multiples,,,,,,,,,,,1,1,2,1,5
200800054980,0008-10-15 07:00:00,8,10,15,7,0,800,650,,49.947,2.433,Plein jour,Hors agglomération,Hors intersection,Normale,Trois véhicules et plus - collisions multiples,,,,,,,,,,,1,1,1,1,5
200800054981,0008-10-25 15:30:00,8,10,25,15,30,800,622,351 Rue Jean CHOQUET,49.943,2.139,Plein jour,En agglomération,Hors intersection,Normale,Deux véhicules - côté,,,,,,,,,,,1,2,1,1,3
200800054982,0008-10-06 16:45:00,8,10,6,16,45,800,368,,,,Plein jour,En agglomération,Hors intersection,Pluie légère,Deux véhicules - côté,,,,,,,,,,,1,2,1,2,3
200800054983,0008-10-12 21:30:00,8,10,12,21,30,800,518,,,,Nuit sans éclairage public,Hors agglomération,Hors intersection,Normale,Autre collision,,,,,,,,,,,3,1,1,1,6
200800054984,0008-10-16 05:00:00,8,10,16,5,0,800,373,Rue des Deportes,49.985,1.569,Nuit avec éclairage allumé,En agglomération,Intersection en T,Pluie légère,Deux véhicules - frontale,,,,,,,,,,,5,2,3,2,1
200800054985,0008-10-20 08:00:00,8,10,20,8,0,800,360,,50.079,1.573,Plein jour,Hors agglomération,Hors intersection,Normale,Deux véhicules - côté,,,,,,,,,,,1,1,1,1,3
200800054986,0008-10-19 09:45:00,8,10,19,9,45,800,228,FACE 16 RUE DE LA BASSEE,,,Plein jour,En agglomération,Hors intersection,Normale,Autre collision,,,,,,,,,,,1,2,1,1,6
200800054987,0008-10-12 18:30:00,8,10,12,18,30,800,43,,50.128,2.465,Plein jour,Hors agglomération,Hors intersection,Normale,Sans collision,,,,,,,,,,,1,1,1,1,7
200800054988,0008-10-10 10:30:00,8,10,10,10,30,800,93,ROUTE DE ST LEGER,,,Plein jour,En agglomération,Hors intersection,Normale,Autre collision,,,,,,,,,,,1,2,1,1,6
200800054989,0008-10-17 07:15:00,8,10,17,7,15,800,123,face au monument au mort,,,Nuit avec éclairage allumé,En agglomération,Hors intersection,Temps couvert,Autre collision,,,,,,,,,,,5,2,1,8,6
200800054990,0008-10-24 16:00:00,8,10,24,16,0,800,318,,,,Nuit sans éclairage public,Hors agglomération,Hors intersection,Normale,Deux véhicules - côté,,,,,,,,,,,3,1,1,1,3
200800054991,0008-10-06 13:30:00,8,10,6,13,30,800,508,route de billancourt,,,Plein jour,En agglomération,Hors intersection,Temps couvert,Autre collision,,,,,,,,,,,1,2,1,8,6
200800054992,0008-10-28 17:15:00,8,10,28,17,15,800,561,,,,Plein jour,En agglomération,Hors intersection,Normale,Autre collision,,,,,,,,,,,1,2,1,1,6
200800054993,0008-10-21 22:00:00,8,10,21,22,0,800,94,,,,Nuit sans éclairage public,Hors agglomération,Hors intersection,Normale,Autre collision,,,,,,,,,,,3,1,1,1,6
200800054994,0008-10-09 20:00:00,8,10,9,20,0,800,679,rue de la liberation,,,Nuit avec éclairage allumé,En agglomération,Hors intersection,Normale,Autre collision,,,,,,,,,,,5,2,1,1,6
200800054995,0008-10-03 00:30:00,8,10,3,0,30,800,615,Rue de BECOURT,,,Nuit sans éclairage public,En agglomération,Hors intersection,Pluie légère,Autre collision,,,,,,,,,,,3,2,1,2,6
200800054996,0008-10-26 17:15:00,8,10,26,17,15,800,16,RUE DU PONT BLANC,,,Crépuscule ou aube,En agglomération,Hors intersection,Normale,Deux véhicules - côté,,,,,,,,,,,2,2,1,1,3
200800054997,0008-10-10 17:00:00,8,10,10,17,0,800,136,,49.946,2.69,Plein jour,Hors agglomération,Hors intersection,Normale,Deux véhicules - côté,,,,,,,,,,,1,1,1,1,3
200800054998,0008-10-17 22:15:00,8,10,17,22,15,800,693,,,,Nuit sans éclairage public,Hors agglomération,Hors intersection,Normale,Autre collision,,,,,,,,,,,3,1,1,1,6
200800054999,0008-10-01 17:30:00,8,10,1,17,30,20,737,rue des fusilles,,,Plein jour,En agglomération,Hors intersection,Normale,Autre collision,,,,,,,,,,,1,2,1,1,6
200800055000,0008-10-11 17:45:00,8,10,11,17,45,20,493,,49.621,3.718,Plein jour,Hors agglomération,Hors intersection,Normale,Deux véhicules - frontale,,,,,,,,,,,1,1,1,1,1
200800055001,0008-10-15 17:30:00,8,10,15,17,30,20,156,,49.676,3.632,Plein jour,Hors agglomération,Hors intersection,Normale,Autre collision,,,,,,,,,,,1,1,1,1,6
200800055002,0008-10-02 08:45:00,8,10,2,8,45,20,173,D 937 RUE ANDRE TERNYNCK,,,Plein jour,En agglomération,Hors intersection,Normale,Autre collision,,,,,,,,,,,1,2,1,1,6
200800055003,0008-10-02 13:30:00,8,10,2,13,30,20,173,D 937 RUE ANDRE TERNYNCK,,,Plein jour,En agglomération,Autre intersection,Pluie forte,Deux véhicules - côté,,,,,,,,,,,1,2,9,3,3
200800055004,0008-10-04 03:45:00,8,10,4,3,45,20,336,RUE RODGERS,,,Nuit avec éclairage non allumé,En agglomération,Hors intersection,Normale,Autre collision,,,,,,,,,,,4,2,1,1,6
200800055005,0008-10-20 05:30:00,8,10,20,5,30,20,362,,49.654,3.111,Nuit sans éclairage public,Hors agglomération,Intersection en Y,Normale,Deux véhicules - frontale,,,,,,,,,,,3,1,4,1,1
200800055006,0008-10-20 22:00:00,8,10,20,22,0,20,719,02 rue Charles Fouquet,49.6,3.24,Nuit avec éclairage allumé,En agglomération,Hors intersection,Normale,Autre collision,,,,,,,,,,,5,2,1,1,6
200800055007,0008-10-23 07:00:00,8,10,23,7,0,20,820,,,,Nuit sans éclairage public,Hors agglomération,Hors intersection,Brouillard / fumée,Autre collision,,,,,,,,,,,3,1,1,5,6
200800055008,0008-10-25 21:15:00,8,10,25,21,15,20,173,Allee des marguerites,,,Nuit avec éclairage allumé,En agglomération,Hors intersection,Normale,Deux véhicules - frontale,,,,,,,,,,,5,2,1,1,1
200800055009,0008-10-04 12:30:00,8,10,4,12,30,20,497,Cite des morennes,,,Plein jour,En agglomération,Hors intersection,Normale,Sans collision,,,,,,,,,,,1,2,1,1,7
200800055010,0008-10-21 07:45:00,8,10,21,7,45,20,755,,,,Nuit sans éclairage public,Hors agglomération,Hors intersection,Pluie légère,Deux véhicules - côté,,,,,,,,,,,3,1,1,2,3
200800055011,0008-10-18 18:05:00,8,10,18,18,5,20,430,,,,Crépuscule ou aube,Hors agglomération,Hors intersection,Normale,Deux véhicules - frontale,,,,,,,,,,,2,1,1,1,1
200800055012,0008-10-24 14:45:00,8,10,24,14,45,20,409,,49.587,3.921,Plein jour,Hors agglomération,Hors intersection,Normale,Autre collision,,,,,,,,,,,1,1,1,1,6
200800055013,0008-10-17 05:45:00,8,10,17,5,45,20,94,,49.031,3.466,Nuit sans éclairage public,Hors agglomération,Hors intersection,Normale,Autre collision,,,,,,,,,,,3,1,1,1,6
200800055014,0008-10-25 20:00:00,8,10,25,20,0,20,228,,,,Nuit sans éclairage public,Hors agglomération,Hors intersection,Normale,Autre collision,,,,,,,,,,,3,1,1,1,6
200800055015,0008-10-21 07:00:00,8,10,21,7,0,20,307,AVENUE DE VERDUN,,,Nuit sans éclairage public,En agglomération,Hors intersection,Pluie forte,Deux véhicules - côté,,,,,,,,,,,3,2,1,3,3
200800055016,0008-10-16 12:35:00,8,10,16,12,35,20,459,,,,Plein jour,Hors agglomération,Hors intersection,Pluie légère,Deux véhicules - frontale,,,,,,,,,,,1,1,1,2,1
200800055017,0008-10-30 14:15:00,8,10,30,14,15,20,420,RUE DE PICARDIE,,,Plein jour,En agglomération,Hors intersection,Normale,Deux véhicules - arrière,,,,,,,,,,,1,2,1,1,2
200800055018,0008-10-05 01:15:00,8,10,5,1,15,20,310,,49.909,3.461,Nuit sans éclairage public,Hors agglomération,Hors intersection,Normale,Sans collision,,,,,,,,,,,3,1,1,1,7
200800055019,0008-10-15 15:30:00,8,10,15,15,30,20,95,rue du Chateau,49.991,3.453,Plein jour,En agglomération,Hors intersection,Pluie légère,Autre collision,,,,,,,,,,,1,2,1,2,6
200800055020,0008-10-24 15:15:00,8,10,24,15,15,20,400,,49.456,3.441,Plein jour,Hors agglomération,Hors intersection,Normale,Sans collision,,,,,,,,,,,1,1,1,1,7
200800055021,0008-10-06 08:30:00,8,10,6,8,30,20,195,,,,Plein jour,Hors agglomération,Hors intersection,Pluie légère,Deux véhicules - frontale,,,,,,,,,,,1,1,1,2,1
200800055022,0008-10-13 16:30:00,8,10,13,16,30,20,810,avenue de coyolles,,,Plein jour,En agglomération,Hors intersection,Normale,Deux véhicules - côté,,,,,,,,,,,1,2,1,1,3
200800055023,0008-10-31 20:40:00,8,10,31,20,40,20,103,,,,Nuit sans éclairage public,Hors agglomération,Hors intersection,Normale,Deux véhicules - arrière,,,,,,,,,,,3,1,1,1,2
200800055024,0008-10-07 19:30:00,8,10,7,19,30,20,769,Hameau Andigny les Ferm,,,Crépuscule ou aube,En agglomération,Hors intersection,Normale,Sans collision,,,,,,,,,,,2,2,1,1,7
200800055025,0008-10-24 16:30:00,8,10,24,16,30,20,20,,49.879,4.191,Plein jour,Hors agglomération,Hors intersection,Normale,Autre collision,,,,,,,,,,,1,1,1,1,6
200800055026,0008-10-19 02:00:00,8,10,19,2,0,600,9,,,,Nuit sans éclairage public,Hors agglomération,Giratoire,Normale,Autre collision,,,,,,,,,,,3,1,6,1,6
200800055027,0008-10-21 20:30:00,8,10,21,20,30,600,646,CD901,,,Nuit avec éclairage allumé,En agglomération,Hors intersection,Normale,Deux véhicules - côté,,,,,,,,,,,5,2,1,1,3
200800055028,0008-10-31 17:30:00,8,10,31,17,30,600,628,rue du General de Gaulle,,,Crépuscule ou aube,En agglomération,Hors intersection,Normale,Autre collision,,,,,,,,,,,2,2,1,1,6
200800055029,0008-10-12 14:00:00,8,10,12,14,0,600,577,,49.46,1.78,Plein jour,Hors agglomération,Hors intersection,Normale,Deux véhicules - arrière,,,,,,,,,,,1,1,1,1,2
200800055030,0008-10-15 17:00:00,8,10,15,17,0,600,455,,,,Plein jour,Hors agglomération,Hors intersection,Pluie légère,Sans collision,,,,,,,,,,,1,1,1,2,7
200800055031,0008-10-17 18:30:00,8,10,17,18,30,600,510,,,,Crépuscule ou aube,Hors agglomération,Hors intersection,Normale,Deux véhicules - arrière,,,,,,,,,,,2,1,1,1,2
200800055032,0008-10-02 08:30:00,8,10,2,8,30,600,528,,,,Plein jour,Hors agglomération,Hors intersection,Normale,Deux véhicules - arrière,,,,,,,,,,,1,1,1,1,2
200800055033,0008-10-08 10:00:00,8,10,8,10,0,600,532,,,,Plein jour,Hors agglomération,Hors intersection,Normale,Sans collision,,,,,,,,,,,1,1,1,1,7
200800055034,0008-10-12 16:45:00,8,10,12,16,45,600,512,,,,Plein jour,Hors agglomération,Intersection en X,Normale,Deux véhicules - côté,,,,,,,,,,,1,1,2,1,3
200800055035,0008-10-23 10:00:00,8,10,23,10,0,600,352,,,,Nuit sans éclairage public,Hors agglomération,Intersection en X,Normale,Deux véhicules - arrière,,,,,,,,,,,3,1,2,1,2
200800055036,0008-10-11 23:30:00,8,10,11,23,30,600,335,,,,Nuit sans éclairage public,Hors agglomération,Hors intersection,Brouillard / fumée,Sans collision,,,,,,,,,,,3,1,1,5,7
200800055037,0008-10-17 18:00:00,8,10,17,18,0,600,180,Rue Marechal de Bouffler,,,Plein jour,En agglomération,Hors intersection,Normale,Autre collision,,,,,,,,,,,1,2,1,1,6
200800055038,0008-10-18 09:15:00,8,10,18,9,15,600,233,,,,Plein jour,Hors agglomération,Hors intersection,Normale,Deux véhicules - côté,,,,,,,,,,,1,1,1,1,3
200800055039,0008-10-24 22:00:00,8,10,24,22,0,600,180,,,,Nuit sans éclairage public,Hors agglomération,Hors intersection,Normale,Sans collision,,,,,,,,,,,3,1,1,1,7
200800055040,0008-10-21 13:15:00,8,10,21,13,15,600,245,rue de la paix,,,Plein jour,En agglomération,Hors intersection,Normale,Autre collision,,,,,,,,,,,1,2,1,1,6
200800055041,0008-10-15 06:00:00,8,10,15,6,0,600,604,,,,Nuit sans éclairage public,Hors agglomération,Hors intersection,Pluie légère,Sans collision,,,,,,,,,,,3,1,1,2,7
200800055042,0008-10-26 18:00:00,8,10,26,18,0,600,469,,,,Nuit sans éclairage public,Hors agglomération,Hors intersection,Pluie légère,Deux véhicules - côté,,,,,,,,,,,3,1,1,2,3
200800055043,0008-10-02 12:45:00,8,10,2,12,45,600,215,,,,Plein jour,Hors agglomération,Hors intersection,Pluie légère,Deux véhicules - frontale,,,,,,,,,,,1,1,1,2,1
200800055044,0008-10-05 18:45:00,8,10,5,18,45,600,234,,,,Plein jour,Hors agglomération,Hors intersection,Pluie légère,Trois véhicules et plus - collisions multiples,,,,,,,,,,,1,1,1,2,5
200800055045,0008-10-24 12:45:00,8,10,24,12,45,600,692,,,,Plein jour,Hors agglomération,Hors intersection,Normale,Autre collision,,,,,,,,,,,1,1,1,1,6
200800055046,0008-10-21 08:15:00,8,10,21,8,15,600,134,,49.33,2.453,Plein jour,Hors agglomération,Hors intersection,Pluie légère,Deux véhicules - frontale,,,,,,,,,,,1,1,1,2,1
200800055047,0008-10-25 15:15:00,8,10,25,15,15,600,342,rue de la Republique,,,Plein jour,En agglomération,Hors intersection,Normale,Deux véhicules - arrière,,,,,,,,,,,1,2,1,1,2
200800055048,0008-10-12 15:15:00,8,10,12,15,15,600,574,route principale,,,Plein jour,En agglomération,Hors intersection,Normale,Deux véhicules - frontale,,,,,,,,,,,1,2,1,1,1
200800055049,0008-10-17 17:45:00,8,10,17,17,45,600,439,intersection CD550 et CD,,,Plein jour,En agglomération,Intersection en X,Normale,Deux véhicules - côté,,,,,,,,,,,1,2,2,1,3
200800055050,0008-10-18 19:15:00,8,10,18,19,15,600,468,,,,Crépuscule ou aube,Hors agglomération,Hors intersection,Normale,Deux véhicules - arrière,,,,,,,,,,,2,1,1,1,2
200800055051,0008-10-11 07:30:00,8,10,11,7,30,600,64,32 Rue Ste claire,49.417,2.986,Plein jour,En agglomération,Hors intersection,Normale,Autre collision,,,,,,,,,,,1,2,1,1,6
200800055052,0008-10-15 07:45:00,8,10,15,7,45,600,647,ROUTE DE REIMS,,,Nuit avec éclairage allumé,En agglomération,Hors intersection,Pluie légère,Deux véhicules - frontale,,,,,,,,,,,5,2,1,2,1
200800055053,0008-10-15 15:15:00,8,10,15,15,15,600,636,rue des amours,,,Plein jour,En agglomération,Hors intersection,Normale,Autre collision,,,,,,,,,,,1,2,1,1,6
200800055054,0008-10-05 14:00:00,8,10,5,14,0,600,338,RD210,49.361,2.773,Plein jour,En agglomération,Hors intersection,Pluie légère,Deux véhicules - frontale,,,,,,,,,,,1,2,1,2,1
200800055055,0008-10-07 08:00:00,8,10,7,8,0,600,338,,49.354,2.771,Crépuscule ou aube,Hors agglomération,Hors intersection,Pluie légère,Deux véhicules - frontale,,,,,,,,,,,2,1,1,2,1
200800055056,0008-10-30 11:00:00,8,10,30,11,0,600,533,,,,Plein jour,Hors agglomération,Hors intersection,Normale,Sans collision,,,,,,,,,,,1,1,1,1,7
200800055057,0008-10-04 21:30:00,8,10,4,21,30,600,471,,,,Nuit sans éclairage public,Hors agglomération,Hors intersection,Normale,Trois véhicules et plus - collisions multiples,,,,,,,,,,,3,1,1,1,5
200800055058,0008-10-30 18:45:00,8,10,30,18,45,600,37,RD1032,,,Nuit avec éclairage allumé,En agglomération,Hors intersection,Pluie légère,Trois véhicules et plus - en chaîne,,,,,,,,,,,5,2,1,2,4
200800055059,0008-10-26 00:15:00,8,10,26,0,15,570,124,route de THIONVILLE,,,Nuit avec éclairage allumé,En agglomération,Hors intersection,Normale,Autre collision,,,,,,,,,,,5,2,1,1,6
200800055060,0008-10-11 17:00:00,8,10,11,17,0,600,450,,,,Nuit sans éclairage public,Hors agglomération,Hors intersection,Normale,Deux véhicules - frontale,,,,,,,,,,,3,1,1,1,1
200800055061,0008-10-26 21:45:00,8,10,26,21,45,600,60,rue nationale,,,Nuit avec éclairage allumé,En agglomération,Hors intersection,Pluie légère,Deux véhicules - côté,,,,,,,,,,,5,2,1,2,3
200800055062,0008-10-08 18:00:00,8,10,8,18,0,600,141,avenue general Leclerc,49.184,2.457,Plein jour,En agglomération,Hors intersection,Normale,Deux véhicules - côté,,,,,,,,,,,1,2,1,1,3
200800055063,0008-10-10 10:30:00,8,10,10,10,30,600,141,RD 944,,,Plein jour,En agglomération,Hors intersection,Normale,Autre collision,,,,,,,,,,,1,2,1,1,6
200800055064,0008-10-31 20:45:00,8,10,31,20,45,600,661,,,,Nuit avec éclairage allumé,Hors agglomération,Hors intersection,Normale,Deux véhicules - frontale,,,,,,,,,,,5,1,1,1,1
200800055065,0008-10-15 13:15:00,8,10,15,13,15,600,213,,,,Plein jour,Hors agglomération,Hors intersection,Normale,Autre collision,,,,,,,,,,,1,1,1,1,6
200800055066,0008-10-04 06:00:00,8,10,4,6,0,600,27,,,,Crépuscule ou aube,Hors agglomération,Hors intersection,Temps couvert,Sans collision,,,,,,,,,,,2,1,1,8,7
200800055067,0008-10-18 12:30:00,8,10,18,12,30,600,67,300 RUE GEORGES CLEMENCE,,,Plein jour,En agglomération,Hors intersection,Normale,Autre collision,,,,,,,,,,,1,2,1,1,6
200800055068,0008-10-06 17:00:00,8,10,6,17,0,760,367,,,,Plein jour,Hors agglomération,Intersection en X,Pluie légère,Deux véhicules - côté,,,,,,,,,,,1,1,2,2,3
200800055069,0008-10-30 14:15:00,8,10,30,14,15,760,547,,,,Plein jour,Hors agglomération,Hors intersection,Normale,Deux véhicules - côté,,,,,,,,,,,1,1,1,1,3
200800055070,0008-10-12 06:15:00,8,10,12,6,15,760,51,35 route de dieppe,49.796,1.001,Nuit sans éclairage public,En agglomération,Hors intersection,Normale,Autre collision,,,,,,,,,,,3,2,1,1,6
200800055071,0008-10-17 17:15:00,8,10,17,17,15,760,515,cd 75,49.894,0.889,Plein jour,En agglomération,Hors intersection,Normale,Deux véhicules - côté,,,,,,,,,,,1,2,1,1,3
200800055072,0008-10-12 11:30:00,8,10,12,11,30,760,636,,,,Plein jour,Hors agglomération,Hors intersection,Normale,Deux véhicules - côté,,,,,,,,,,,1,1,1,1,3
200800055073,0008-10-15 07:30:00,8,10,15,7,30,760,68,,,,Crépuscule ou aube,Hors agglomération,Hors intersection,Pluie légère,Autre collision,,,,,,,,,,,2,1,1,2,6
200800055074,0008-10-07 16:30:00,8,10,7,16,30,760,627,,,,Plein jour,Hors agglomération,Hors intersection,Pluie légère,Deux véhicules - côté,,,,,,,,,,,1,1,1,2,3
200800055075,0008-10-09 15:45:00,8,10,9,15,45,760,751,,,,Plein jour,Hors agglomération,Hors intersection,Normale,Deux véhicules - côté,,,,,,,,,,,1,1,1,1,3
200800055076,0008-10-11 17:45:00,8,10,11,17,45,760,751,CD28,,,Plein jour,En agglomération,Hors intersection,Normale,Autre collision,,,,,,,,,,,1,2,1,1,6
200800055077,0008-10-17 07:45:00,8,10,17,7,45,760,421,,,,Crépuscule ou aube,Hors agglomération,Intersection en X,Normale,Trois véhicules et plus - en chaîne,,,,,,,,,,,2,1,2,1,4
200800055078,0008-10-16 10:30:00,8,10,16,10,30,760,392,,49.839,1.401,Plein jour,Hors agglomération,Hors intersection,Pluie légère,Deux véhicules - côté,,,,,,,,,,,1,1,1,2,3
200800055079,0008-10-19 22:30:00,8,10,19,22,30,760,399,,49.784,1.443,Nuit sans éclairage public,Hors agglomération,Hors intersection,Pluie légère,Deux véhicules - côté,,,,,,,,,,,3,1,1,2,3
200800055080,0008-10-26 16:00:00,8,10,26,16,0,760,459,,49.709,1.494,Plein jour,Hors agglomération,Hors intersection,Pluie légère,Deux véhicules - côté,,,,,,,,,,,1,1,1,2,3
200800055081,0008-10-26 18:00:00,8,10,26,18,0,760,441,,49.948,1.592,Nuit avec éclairage allumé,Hors agglomération,Hors intersection,Pluie forte,Deux véhicules - frontale,,,,,,,,,,,5,1,1,3,1
200800055082,0008-10-17 19:45:00,8,10,17,19,45,760,578,,,,Nuit sans éclairage public,Hors agglomération,Hors intersection,Normale,Autre collision,,,,,,,,,,,3,1,1,1,6
200800055083,0008-10-24 18:45:00,8,10,24,18,45,760,666,,,,Crépuscule ou aube,Hors agglomération,Hors intersection,Pluie légère,Trois véhicules et plus - en chaîne,,,,,,,,,,,2,1,1,2,4
200800055084,0008-10-31 15:30:00,8,10,31,15,30,760,621,,,,Plein jour,Hors agglomération,Hors intersection,Normale,Deux véhicules - côté,,,,,,,,,,,1,1,1,1,3
200800055085,0008-10-06 14:00:00,8,10,6,14,0,760,208,,49.512,1.668,Plein jour,Hors agglomération,Hors intersection,Normale,Deux véhicules - arrière,,,,,,,,,,,1,1,1,1,2
200800055086,0008-10-27 10:15:00,8,10,27,10,15,760,67,,49.472,1.601,Plein jour,Hors agglomération,Hors intersection,Normale,Deux véhicules - arrière,,,,,,,,,,,1,1,1,1,2
200800055087,0008-10-03 09:00:00,8,10,3,9,0,760,758,,,,Plein jour,Hors agglomération,Hors intersection,Normale,Deux véhicules - côté,,,,,,,,,,,1,1,1,1,3
200800055088,0008-10-12 19:30:00,8,10,12,19,30,760,223,,49.62,0.834,Crépuscule ou aube,Hors agglomération,Hors intersection,Normale,Trois véhicules et plus - collisions multiples,,,,,,,,,,,2,1,1,1,5
200800055089,0008-10-12 05:30:00,8,10,12,5,30,760,495,route de la gare,,,Nuit avec éclairage allumé,En agglomération,Hors intersection,Normale,Deux véhicules - frontale,,,,,,,,,,,5,2,1,1,1
200800055090,0008-10-12 14:00:00,8,10,12,14,0,760,135,ROND POINT RD 22  RD 63,,,Plein jour,En agglomération,Giratoire,Normale,Deux véhicules - côté,,,,,,,,,,,1,2,6,1,3
200800055091,0008-10-30 16:30:00,8,10,30,16,30,760,57,Jean restout barentin,49.558,0.965,Plein jour,En agglomération,Hors intersection,Normale,Deux véhicules - côté,,,,,,,,,,,1,2,1,1,3
200800055092,0008-10-15 18:00:00,8,10,15,18,0,760,655,OUAINVILLE,49.786,0.59,Plein jour,En agglomération,Hors intersection,Normale,Autre collision,,,,,,,,,,,1,2,1,1,6
200800055093,0008-10-23 16:30:00,8,10,23,16,30,760,752,froiderue,,,Nuit sans éclairage public,En agglomération,Intersection en X,Normale,Deux véhicules - côté,,,,,,,,,,,3,2,2,1,3
200800055094,0008-10-31 13:45:00,8,10,31,13,45,760,251,,49.744,0.838,Plein jour,Hors agglomération,Hors intersection,Normale,Autre collision,,,,,,,,,,,1,1,1,1,6
200800055095,0008-10-01 13:30:00,8,10,1,13,30,270,570,,,,Plein jour,Hors agglomération,Hors intersection,Pluie forte,Autre collision,,,,,,,,,,,1,1,1,3,6
200800055096,0008-10-30 18:30:00,8,10,30,18,30,270,165,,,,Nuit sans éclairage public,Hors agglomération,Hors intersection,Pluie forte,Deux véhicules - arrière,,,,,,,,,,,3,1,1,3,2
200800055097,0008-10-27 20:15:00,8,10,27,20,15,270,693,,,,Nuit sans éclairage public,Hors agglomération,Hors intersection,Pluie légère,Sans collision,,,,,,,,,,,3,1,1,2,7
200800055098,0008-10-10 14:15:00,8,10,10,14,15,270,193,,48.839,1.356,Plein jour,Hors agglomération,Hors intersection,Normale,Autre collision,,,,,,,,,,,1,1,1,1,6
200800055099,0008-10-10 17:45:00,8,10,10,17,45,270,278,,,,Crépuscule ou aube,Hors agglomération,Hors intersection,Normale,Deux véhicules - côté,,,,,,,,,,,2,1,1,1,3
200800055100,0008-10-23 12:30:00,8,10,23,12,30,270,391,,,,Plein jour,Hors agglomération,Hors intersection,Normale,Trois véhicules et plus - collisions multiples,,,,,,,,,,,1,1,1,1,5
200800055101,0008-10-07 11:15:00,8,10,7,11,15,270,70,CD6014 PK15/900,,,Crépuscule ou aube,En agglomération,Hors intersection,Temps couvert,Deux véhicules - côté,,,,,,,,,,,2,2,1,8,3
200800055102,0008-10-26 03:30:00,8,10,26,3,30,270,16,,,,Nuit sans éclairage public,En agglomération,Hors intersection,Normale,Autre collision,,,,,,,,,,,3,2,1,1,6
200800055103,0008-10-01 12:15:00,8,10,1,12,15,270,653,,,,Plein jour,Hors agglomération,Hors intersection,Pluie légère,Autre collision,,,,,,,,,,,1,1,1,2,6
200800055104,0008-10-31 21:15:00,8,10,31,21,15,270,262,Route de paris,,,Nuit avec éclairage allumé,En agglomération,Hors intersection,Normale,Deux véhicules - frontale,,,,,,,,,,,5,2,1,1,1
200800055105,0008-10-01 07:15:00,8,10,1,7,15,270,284,,49.247,1.796,Crépuscule ou aube,Hors agglomération,Hors intersection,Pluie légère,Deux véhicules - arrière,,,,,,,,,,,2,1,1,2,2
200800055106,0008-10-07 18:45:00,8,10,7,18,45,270,226,Rue St Maur,49.309,1.617,Plein jour,En agglomération,Hors intersection,Pluie légère,Autre collision,,,,,,,,,,,1,2,1,2,6
200800055107,0008-10-28 18:15:00,8,10,28,18,15,270,284,,,,Nuit avec éclairage allumé,Hors agglomération,Hors intersection,Normale,Deux véhicules - frontale,,,,,,,,,,,5,1,1,1,1
200800055108,0008-10-13 18:00:00,8,10,13,18,0,270,56,bd sylla lefebvre,49.095,0.606,Plein jour,En agglomération,Hors intersection,Normale,Trois véhicules et plus - en chaîne,,,,,,,,,,,1,2,1,1,4
200800055109,0008-10-18 15:45:00,8,10,18,15,45,270,512,,49.178,0.482,Plein jour,Hors agglomération,Hors intersection,Normale,Deux véhicules - arrière,,,,,,,,,,,1,1,1,1,2
200800055110,0008-10-09 17:00:00,8,10,9,17,0,270,425,rue du 16 AOUT 1944,,,Plein jour,En agglomération,Intersection en T,Normale,Deux véhicules - côté,,,,,,,,,,,1,2,3,1,3
200800055111,0008-10-11 23:15:00,8,10,11,23,15,270,311,,,,Nuit sans éclairage public,Hors agglomération,Hors intersection,Normale,Sans collision,,,,,,,,,,,3,1,1,1,7
200800055112,0008-10-18 16:15:00,8,10,18,16,15,270,51,,,,Nuit sans éclairage public,Hors agglomération,Hors intersection,Normale,Deux véhicules - côté,,,,,,,,,,,3,1,1,1,3