accident_id,datetime,annee,mois,jour,heure,minute,departement,commune_insee,adresse,latitude,longitude,luminosite,agglomeration,intersection,meteo,collision,nb_vehicules,nb_usagers,nb_indemnes,nb_tues,nb_blesses_hosp,nb_blesses_legers,age_cond_1,age_cond_2,veh_type_cond_1,veh_type_cond_2,lum_code,agg_code,int_code,atm_code,col_code
200800055113,0008-10-12 18:30:00,8,10,12,18,30,270,335,,49.164,1.181,Plein jour,Hors agglomération,Hors intersection,Normale,Deux véhicules - arrière,,,,,,,,,,,1,1,1,1,2
200800055114,0008-10-23 08:00:00,8,10,23,8,0,270,3,,49.164,1.181,Crépuscule ou aube,Hors agglomération,Hors intersection,Brouillard / fumée,Trois véhicules et plus - en chaîne,,,,,,,,,,,2,1,1,5,4
200800055115,0008-10-25 18:45:00,8,10,25,18,45,270,3,route d'Evreux,49.175,1.177,Nuit avec éclairage allumé,En agglomération,Hors intersection,Normale,Deux véhicules - côté,,,,,,,,,,,5,2,1,1,3
200800055116,0008-10-24 17:15:00,8,10,24,17,15,270,517,,49.121,1.303,Plein jour,Hors agglomération,Hors intersection,Pluie légère,Deux véhicules - frontale,,,,,,,,,,,1,1,1,2,1
200800055117,0008-10-13 20:15:00,8,10,13,20,15,270,320,29 route de brionne,49.237,0.871,Nuit avec éclairage allumé,En agglomération,Hors intersection,Normale,Deux véhicules - frontale,,,,,,,,,,,5,2,1,1,1
200800055118,0008-10-03 17:30:00,8,10,3,17,30,270,467,,49.357,0.516,Plein jour,En agglomération,Hors intersection,Normale,Deux véhicules - côté,,,,,,,,,,,1,2,1,1,3
200800055119,0008-10-08 16:45:00,8,10,8,16,45,270,476,,49.33,0.491,Plein jour,Hors agglomération,Hors intersection,Normale,Sans collision,,,,,,,,,,,1,1,1,1,7
200800055120,0008-10-14 06:45:00,8,10,14,6,45,270,581,Chemine Perrey,49.394,0.529,Nuit sans éclairage public,En agglomération,Hors intersection,Normale,Deux véhicules - côté,,,,,,,,,,,3,2,1,1,3
200800055121,0008-10-29 19:30:00,8,10,29,19,30,270,126,,,,Nuit sans éclairage public,Hors agglomération,Hors intersection,Normale,Deux véhicules - côté,,,,,,,,,,,3,1,1,1,3
200800055122,0008-10-01 19:15:00,8,10,1,19,15,270,580,RD 675 PR 1+700,,,Plein jour,En agglomération,Hors intersection,Normale,Trois véhicules et plus - en chaîne,,,,,,,,,,,1,2,1,1,4
200800055123,0008-10-25 13:15:00,8,10,25,13,15,270,582,rue des canadiens,,,Plein jour,En agglomération,Intersection en T,Normale,Deux véhicules - côté,,,,,,,,,,,1,2,3,1,3
200800055124,0008-10-12 16:45:00,8,10,12,16,45,270,587,,49.281,0.658,Plein jour,Hors agglomération,Hors intersection,Normale,Autre collision,,,,,,,,,,,1,1,1,1,6
200800055125,0008-10-05 21:30:00,8,10,5,21,30,350,195,,48.309,-1.687,Nuit sans éclairage public,Hors agglomération,Hors intersection,Normale,Autre collision,,,,,,,,,,,3,1,1,1,6
200800055126,0008-10-11 16:30:00,8,10,11,16,30,350,233,,48.364,-1.819,Plein jour,Hors agglomération,Hors intersection,Normale,Autre collision,,,,,,,,,,,1,1,1,1,6
200800055127,0008-10-25 01:45:00,8,10,25,1,45,350,120,,48.244,-1.806,Nuit sans éclairage public,Hors agglomération,Hors intersection,Autre,Autre collision,,,,,,,,,,,3,1,1,9,6
200800055128,0008-10-26 11:30:00,8,10,26,11,30,350,326,,48.308,-1.548,Plein jour,Hors agglomération,Hors intersection,Temps couvert,Sans collision,,,,,,,,,,,1,1,1,8,7
200800055129,0008-10-08 15:15:00,8,10,8,15,15,350,184,,48.201,-2.096,Plein jour,Hors agglomération,Hors intersection,Normale,Trois véhicules et plus - collisions multiples,,,,,,,,,,,1,1,1,1,5
200800055130,0008-10-03 19:30:00,8,10,3,19,30,350,253,,,,Crépuscule ou aube,Hors agglomération,Intersection en X,Temps couvert,Deux véhicules - côté,,,,,,,,,,,2,1,2,8,3
200800055131,0008-10-12 17:15:00,8,10,12,17,15,350,341,,,,Plein jour,Hors agglomération,Hors intersection,Normale,Autre collision,,,,,,,,,,,1,1,1,1,6
200800055132,0008-10-25 01:15:00,8,10,25,1,15,350,19,,,,Nuit sans éclairage public,Hors agglomération,Hors intersection,Normale,Trois véhicules et plus - collisions multiples,,,,,,,,,,,3,1,1,1,5
200800055133,0008-10-16 18:00:00,8,10,16,18,0,350,124,,,,Plein jour,Hors agglomération,Hors intersection,Normale,Autre collision,,,,,,,,,,,1,1,1,1,6
200800055134,0008-10-01 16:00:00,8,10,1,16,0,350,126,,,,Plein jour,Hors agglomération,Hors intersection,Normale,Deux véhicules - côté,,,,,,,,,,,1,1,1,1,3
200800055135,0008-10-11 16:45:00,8,10,11,16,45,350,312,,47.917,-1.802,Plein jour,Hors agglomération,Hors intersection,Normale,Autre collision,,,,,,,,,,,1,1,1,1,6
200800055136,0008-10-11 23:45:00,8,10,11,23,45,350,219,place de Verdun,,,Nuit avec éclairage non allumé,En agglomération,Hors intersection,Normale,Sans collision,,,,,,,,,,,4,2,1,1,7
200800055137,0008-10-12 21:30:00,8,10,12,21,30,350,57,,47.953,-1.903,Nuit sans éclairage public,Hors agglomération,Hors intersection,Normale,Sans collision,,,,,,,,,,,3,1,1,1,7
200800055138,0008-10-16 20:00:00,8,10,16,20,0,350,123,,47.998,-1.802,Nuit sans éclairage public,Hors agglomération,Hors intersection,Normale,Autre collision,,,,,,,,,,,3,1,1,1,6
200800055139,0008-10-14 12:15:00,8,10,14,12,15,350,306,,,,Plein jour,Hors agglomération,Intersection en X,Pluie légère,Deux véhicules - côté,,,,,,,,,,,1,1,2,2,3
200800055140,0008-10-13 07:15:00,8,10,13,7,15,350,179,,,,Nuit sans éclairage public,Hors agglomération,Hors intersection,Normale,Autre collision,,,,,,,,,,,3,1,1,1,6
200800055141,0008-10-01 15:30:00,8,10,1,15,30,350,95,boulevard Plancon,,,Plein jour,En agglomération,Hors intersection,Normale,Deux véhicules - arrière,,,,,,,,,,,1,2,1,1,2
200800055142,0008-10-11 02:30:00,8,10,11,2,30,350,69,Bld du chateau CD 463,,,Nuit sans éclairage public,En agglomération,Giratoire,Normale,Sans collision,,,,,,,,,,,3,2,6,1,7
200800055143,0008-10-21 07:45:00,8,10,21,7,45,350,327,,,,Nuit avec éclairage allumé,Hors agglomération,Hors intersection,Normale,Deux véhicules - côté,,,,,,,,,,,5,1,1,1,3
200800055144,0008-10-30 18:00:00,8,10,30,18,0,220,93,Boulevard Jobert,48.475,-2.511,Nuit avec éclairage allumé,En agglomération,Hors intersection,Normale,Autre collision,,,,,,,,,,,5,2,1,1,6
200800055145,0008-10-03 11:00:00,8,10,3,11,0,220,258,,48.41,-2.615,Plein jour,Hors agglomération,Hors intersection,Neige / grêle,Deux véhicules - frontale,,,,,,,,,,,1,1,1,4,1
200800055146,0008-10-17 16:00:00,8,10,17,16,0,220,79,,48.39,-2.71,Plein jour,Hors agglomération,Hors intersection,Normale,Autre collision,,,,,,,,,,,1,1,1,1,6
200800055147,0008-10-12 16:30:00,8,10,12,16,30,220,376,,48.226,-2.802,Plein jour,Hors agglomération,Hors intersection,Normale,Autre collision,,,,,,,,,,,1,1,1,1,6
200800055148,0008-10-19 03:45:00,8,10,19,3,45,220,136,,,,Nuit sans éclairage public,Hors agglomération,Hors intersection,Normale,Sans collision,,,,,,,,,,,3,1,1,1,7
200800055149,0008-10-30 12:45:00,8,10,30,12,45,220,376,,48.204,-2.84,Plein jour,Hors agglomération,Hors intersection,Temps couvert,Autre collision,,,,,,,,,,,1,1,1,8,6
200800055150,0008-10-09 10:30:00,8,10,9,10,30,220,162,,,,Plein jour,Hors agglomération,Hors intersection,Normale,Autre collision,,,,,,,,,,,1,1,1,1,6
200800055151,0008-10-08 13:30:00,8,10,8,13,30,220,339,,,,Plein jour,Hors agglomération,Hors intersection,Temps couvert,Deux véhicules - frontale,,,,,,,,,,,1,1,1,8,1
200800055152,0008-10-25 09:45:00,8,10,25,9,45,220,51,Le bourg,48.387,-2.33,Plein jour,En agglomération,Hors intersection,Normale,Deux véhicules - côté,,,,,,,,,,,1,2,1,1,3
200800055153,0008-10-29 08:00:00,8,10,29,8,0,220,240,,,,Plein jour,Hors agglomération,Hors intersection,Pluie légère,Deux véhicules - côté,,,,,,,,,,,1,1,1,2,3
200800055154,0008-10-10 12:45:00,8,10,10,12,45,220,105,Le Bourg,,,Plein jour,En agglomération,Intersection en X,Normale,Deux véhicules - côté,,,,,,,,,,,1,2,2,1,3
200800055155,0008-10-18 23:30:00,8,10,18,23,30,220,77,,48.514,-2.454,Nuit sans éclairage public,Hors agglomération,Hors intersection,Normale,Autre collision,,,,,,,,,,,3,1,1,1,6
200800055156,0008-10-05 17:00:00,8,10,5,17,0,220,183,Place General De Gaulle,48.181,-2.593,Plein jour,En agglomération,Hors intersection,Temps couvert,Sans collision,,,,,,,,,,,1,2,1,8,7
200800055157,0008-10-23 11:30:00,8,10,23,11,30,220,66,,48.336,-2.487,Plein jour,Hors agglomération,Hors intersection,Normale,Deux véhicules - côté,,,,,,,,,,,1,1,1,1,3
200800055158,0008-10-11 23:15:00,8,10,11,23,15,220,157,,48.275,-3.523,Nuit sans éclairage public,Hors agglomération,Hors intersection,Normale,Autre collision,,,,,,,,,,,3,1,1,1,6
200800055159,0008-10-25 02:00:00,8,10,25,2,0,220,229,,48.279,-3.263,Nuit sans éclairage public,Hors agglomération,Hors intersection,Normale,Autre collision,,,,,,,,,,,3,1,1,1,6
200800055160,0008-10-04 01:45:00,8,10,4,1,45,220,343,,48.773,-3.562,Nuit avec éclairage allumé,Hors agglomération,Hors intersection,Normale,Autre collision,,,,,,,,,,,5,1,1,1,6
200800055161,0008-10-13 20:30:00,8,10,13,20,30,220,343,,48.762,-3.531,Nuit sans éclairage public,Hors agglomération,Hors intersection,Normale,Autre collision,,,,,,,,,,,3,1,1,1,6
200800055162,0008-10-28 18:00:00,8,10,28,18,0,220,134,,,,Nuit avec éclairage allumé,Hors agglomération,Intersection en T,Pluie forte,Deux véhicules - côté,,,,,,,,,,,5,1,3,3,3
200800055163,0008-10-06 14:30:00,8,10,6,14,30,220,127,Avenue du Tregor,,,Plein jour,En agglomération,Hors intersection,Normale,Autre collision,,,,,,,,,,,1,2,1,1,6
200800055164,0008-10-11 15:30:00,8,10,11,15,30,220,195,route de pleumeur,48.844,-3.139,Plein jour,En agglomération,Hors intersection,Normale,Deux véhicules - frontale,,,,,,,,,,,1,2,1,1,1
200800055165,0008-10-09 09:15:00,8,10,9,9,15,290,168,,,,Plein jour,Hors agglomération,Hors intersection,Normale,Deux véhicules - côté,,,,,,,,,,,1,1,1,1,3
200800055166,0008-10-10 10:45:00,8,10,10,10,45,290,46,CD 765- route de quimper,48.09,-4.33,Plein jour,En agglomération,Hors intersection,Temps éblouissant,Deux véhicules - frontale,,,,,,,,,,,1,2,1,7,1
200800055167,0008-10-22 12:15:00,8,10,22,12,15,290,46,RUE DU PONT,48.101,-4.329,Plein jour,En agglomération,Hors intersection,Normale,Autre collision,,,,,,,,,,,1,2,1,1,6
200800055168,0008-10-29 18:00:00,8,10,29,18,0,290,220,rue Jean Jaures,,,Plein jour,En agglomération,Hors intersection,Pluie légère,Deux véhicules - arrière,,,,,,,,,,,1,2,1,2,2
200800055169,0008-10-18 13:30:00,8,10,18,13,30,290,75,,48.43,-4.426,Plein jour,Hors agglomération,Hors intersection,Normale,Deux véhicules - côté,,,,,,,,,,,1,1,1,1,3
200800055170,0008-10-22 15:45:00,8,10,22,15,45,290,235,BLD LEOPOLE MAISSIN,48.401,-4.424,Plein jour,En agglomération,Hors intersection,Normale,Deux véhicules - frontale,,,,,,,,,,,1,2,1,1,1
200800055171,0008-10-04 20:30:00,8,10,4,20,30,290,181,,48.468,-4.229,Nuit sans éclairage public,Hors agglomération,Hors intersection,Pluie légère,Deux véhicules - côté,,,,,,,,,,,3,1,1,2,3
200800055172,0008-10-07 13:45:00,8,10,7,13,45,290,180,,48.473,-4.133,Plein jour,Hors agglomération,Hors intersection,Temps couvert,Autre collision,,,,,,,,,,,1,1,1,8,6
200800055173,0008-10-18 08:45:00,8,10,18,8,45,290,156,,48.431,-4.237,Plein jour,Hors agglomération,Intersection en X,Normale,Deux véhicules - arrière,,,,,,,,,,,1,1,2,1,2
200800055174,0008-10-24 07:15:00,8,10,24,7,15,290,103,rue de la tour d auvergn,,,Crépuscule ou aube,En agglomération,Hors intersection,Pluie légère,Autre collision,,,,,,,,,,,2,2,1,2,6
200800055175,0008-10-27 16:30:00,8,10,27,16,30,290,240,,48.281,-4.251,Plein jour,Hors agglomération,Hors intersection,Pluie légère,Deux véhicules - frontale,,,,,,,,,,,1,1,1,2,1
200800055176,0008-10-23 08:30:00,8,10,23,8,30,290,20,rue de la boissiere,,,Crépuscule ou aube,En agglomération,Place,Temps couvert,Autre collision,,,,,,,,,,,2,2,7,8,6
200800055177,0008-10-31 20:45:00,8,10,31,20,45,290,175,RUE NEUVE,48.259,-3.827,Nuit avec éclairage allumé,En agglomération,Hors intersection,Normale,Autre collision,,,,,,,,,,,5,2,1,1,6
200800055178,0008-10-13 12:00:00,8,10,13,12,0,290,105,Bd de la Republique,48.508,-4.082,Plein jour,En agglomération,Hors intersection,Temps couvert,Autre collision,,,,,,,,,,,1,2,1,8,6
200800055179,0008-10-26 19:00:00,8,10,26,19,0,290,202,,48.432,-3.916,Nuit sans éclairage public,Hors agglomération,Hors intersection,Pluie légère,Sans collision,,,,,,,,,,,3,1,1,2,7
200800055180,0008-10-27 10:15:00,8,10,27,10,15,290,204,queleron-vian,48.523,-4.207,Plein jour,En agglomération,Hors intersection,Normale,Deux véhicules - frontale,,,,,,,,,,,1,2,1,1,1
200800055181,0008-10-28 12:30:00,8,10,28,12,30,290,38,,48.412,-3.956,Plein jour,Hors agglomération,Hors intersection,Normale,Sans collision,,,,,,,,,,,1,1,1,1,7
200800055182,0008-10-11 18:45:00,8,10,11,18,45,290,259,avenue de la mer,,,Plein jour,En agglomération,Autre intersection,Normale,Deux véhicules - côté,,,,,,,,,,,1,2,9,1,3
200800055183,0008-10-01 18:00:00,8,10,1,18,0,560,60,,47.752,-2.206,Plein jour,Hors agglomération,Hors intersection,Normale,Deux véhicules - frontale,,,,,,,,,,,1,1,1,1,1
200800055184,0008-10-10 21:00:00,8,10,10,21,0,560,221,,47.687,-2.198,Nuit sans éclairage public,Hors agglomération,Hors intersection,Normale,Deux véhicules - frontale,,,,,,,,,,,3,1,1,1,1
200800055185,0008-10-17 16:30:00,8,10,17,16,30,560,232,,47.677,-2.117,Plein jour,Hors agglomération,Hors intersection,Normale,Autre collision,,,,,,,,,,,1,1,1,1,6
200800055186,0008-10-08 09:00:00,8,10,8,9,0,560,143,,,,Plein jour,Hors agglomération,Hors intersection,Normale,Deux véhicules - frontale,,,,,,,,,,,1,1,1,1,1
200800055187,0008-10-13 17:15:00,8,10,13,17,15,560,143,Giratoire de la croix,47.568,-2.503,Plein jour,En agglomération,Giratoire,Normale,Deux véhicules - côté,,,,,,,,,,,1,2,6,1,3
200800055188,0008-10-18 16:45:00,8,10,18,16,45,560,58,,47.493,-2.374,Plein jour,Hors agglomération,Hors intersection,Normale,Sans collision,,,,,,,,,,,1,1,1,1,7
200800055189,0008-10-31 16:00:00,8,10,31,16,0,560,111,,,,Plein jour,Hors agglomération,Hors intersection,Normale,Deux véhicules - frontale,,,,,,,,,,,1,1,1,1,1
200800055190,0008-10-06 22:30:00,8,10,6,22,30,560,7,AVENUE Pierre Dugor -,,,Nuit avec éclairage allumé,En agglomération,Giratoire,Pluie forte,Deux véhicules - frontale,,,,,,,,,,,5,2,6,3,1
200800055191,0008-10-02 19:30:00,8,10,2,19,30,560,23,,,,Crépuscule ou aube,Hors agglomération,Hors intersection,Normale,Trois véhicules et plus - collisions multiples,,,,,,,,,,,2,1,1,1,5
200800055192,0008-10-09 12:45:00,8,10,9,12,45,560,176,,,,Plein jour,Hors agglomération,Hors intersection,Normale,Sans collision,,,,,,,,,,,1,1,1,1,7
200800055193,0008-10-30 23:15:00,8,10,30,23,15,560,176,,47.694,-2.91,Nuit sans éclairage public,Hors agglomération,Hors intersection,Pluie légère,Deux véhicules - frontale,,,,,,,,,,,3,1,1,2,1
200800055194,0008-10-29 16:30:00,8,10,29,16,30,560,34,,47.591,-3.047,Plein jour,Hors agglomération,Hors intersection,Normale,Deux véhicules - frontale,,,,,,,,,,,1,1,1,1,1
200800055195,0008-10-19 15:30:00,8,10,19,15,30,560,185,Rue Amiral Ronarc'h,47.797,-3.417,Plein jour,En agglomération,Hors intersection,Normale,Deux véhicules - côté,,,,,,,,,,,1,2,1,1,3
200800055196,0008-10-09 07:45:00,8,10,9,7,45,560,118,,47.736,-3.317,Crépuscule ou aube,Hors agglomération,Hors intersection,Normale,Deux véhicules - côté,,,,,,,,,,,2,1,1,1,3
200800055197,0008-10-13 08:15:00,8,10,13,8,15,560,161,,47.672,-3.069,Crépuscule ou aube,Hors agglomération,Intersection en X,Temps couvert,Deux véhicules - côté,,,,,,,,,,,2,1,2,8,3
200800055198,0008-10-07 13:00:00,8,10,7,13,0,560,145,,48.028,-2.32,Plein jour,Hors agglomération,Hors intersection,Pluie légère,Deux véhicules - arrière,,,,,,,,,,,1,1,1,2,2
200800055199,0008-10-27 07:30:00,8,10,27,7,30,560,165,,,,Plein jour,Hors agglomération,Autre intersection,Pluie légère,Deux véhicules - frontale,,,,,,,,,,,1,1,9,2,1
200800055200,0008-10-06 10:45:00,8,10,6,10,45,560,17,,47.887,-2.755,Plein jour,Hors agglomération,Hors intersection,Normale,Deux véhicules - frontale,,,,,,,,,,,1,1,1,1,1
200800055201,0008-10-25 09:15:00,8,10,25,9,15,560,113,,48.083,-3.217,Plein jour,Hors agglomération,Hors intersection,Pluie légère,Trois véhicules et plus - collisions multiples,,,,,,,,,,,1,1,1,2,5
200800055202,0008-10-29 11:15:00,8,10,29,11,15,560,41,,,,Plein jour,Hors agglomération,Hors intersection,Normale,Autre collision,,,,,,,,,,,1,1,1,1,6
200800055203,0008-10-09 05:15:00,8,10,9,5,15,560,142,,48.003,-2.894,Crépuscule ou aube,Hors agglomération,Hors intersection,Brouillard / fumée,Deux véhicules - arrière,,,,,,,,,,,2,1,1,5,2
200800055204,0008-10-19 16:45:00,8,10,19,16,45,560,142,,47.981,-2.925,Plein jour,Hors agglomération,Hors intersection,Normale,Autre collision,,,,,,,,,,,1,1,1,1,6
200800055205,0008-10-30 08:30:00,8,10,30,8,30,560,170,,48.146,-3.393,Crépuscule ou aube,Hors agglomération,Intersection en X,Normale,Deux véhicules - côté,,,,,,,,,,,2,1,2,1,3
200800055206,0008-10-16 09:30:00,8,10,16,9,30,140,228,,,,Plein jour,En agglomération,Giratoire,Pluie légère,Autre collision,,,,,,,,,,,1,2,6,2,6
200800055207,0008-10-08 15:30:00,8,10,8,15,30,140,163,RD138,49.16,-0.096,Plein jour,En agglomération,Hors intersection,Normale,Autre collision,,,,,,,,,,,1,2,1,1,6
200800055208,0008-10-10 17:45:00,8,10,10,17,45,140,57,route de paris,,,Plein jour,En agglomération,Hors intersection,Normale,Deux véhicules - frontale,,,,,,,,,,,1,2,1,1,1
200800055209,0008-10-12 18:45:00,8,10,12,18,45,140,456,,,,Crépuscule ou aube,Hors agglomération,Hors intersection,Normale,Deux véhicules - frontale,,,,,,,,,,,2,1,1,1,1
200800055210,0008-10-18 16:30:00,8,10,18,16,30,140,310,,49.009,-0.257,Plein jour,Hors agglomération,Hors intersection,Normale,Autre collision,,,,,,,,,,,1,1,1,1,6
200800055211,0008-10-12 11:00:00,8,10,12,11,0,140,325,,,,Plein jour,Hors agglomération,Intersection en X,Normale,Deux véhicules - côté,,,,,,,,,,,1,1,2,1,3
200800055212,0008-10-11 15:30:00,8,10,11,15,30,140,712,RD675,,,Plein jour,En agglomération,Hors intersection,Normale,Deux véhicules - côté,,,,,,,,,,,1,2,1,1,3
200800055213,0008-10-25 10:45:00,8,10,25,10,45,140,47,Route de Port en Bessin,49.29,-0.716,Plein jour,En agglomération,Intersection en T,Normale,Deux véhicules - côté,,,,,,,,,,,1,2,3,1,3
200800055214,0008-10-08 12:45:00,8,10,8,12,45,140,387,,49.101,-0.068,Plein jour,Hors agglomération,Hors intersection,Normale,Deux véhicules - frontale,,,,,,,,,,,1,1,1,1,1
200800055215,0008-10-25 14:15:00,8,10,25,14,15,140,654,,49.028,-0.029,Plein jour,En agglomération,Hors intersection,Normale,Deux véhicules - côté,,,,,,,,,,,1,2,1,1,3
200800055216,0008-10-22 21:00:00,8,10,22,21,0,140,335,,,,Nuit sans éclairage public,Hors agglomération,Hors intersection,Temps couvert,Autre collision,,,,,,,,,,,3,1,1,8,6
200800055217,0008-10-16 08:30:00,8,10,16,8,30,140,730,"Le bourg, CD512",48.843,-0.854,Crépuscule ou aube,En agglomération,Hors intersection,Pluie légère,Sans collision,,,,,,,,,,,2,2,1,2,7
200800055218,0008-10-10 16:15:00,8,10,10,16,15,140,253,,48.919,-0.712,Plein jour,Hors agglomération,Hors intersection,Normale,Autre collision,,,,,,,,,,,1,1,1,1,6
200800055219,0008-10-13 15:30:00,8,10,13,15,30,140,253,ROUTE DE VIRE,,,Plein jour,En agglomération,Hors intersection,Normale,Deux véhicules - côté,,,,,,,,,,,1,2,1,1,3
200800055220,0008-10-14 16:45:00,8,10,14,16,45,140,544,,,,Plein jour,Hors agglomération,Hors intersection,Normale,Deux véhicules - côté,,,,,,,,,,,1,1,1,1,3
200800055221,0008-10-25 16:45:00,8,10,25,16,45,140,523,,,,Plein jour,Hors agglomération,Hors intersection,Normale,Deux véhicules - frontale,,,,,,,,,,,1,1,1,1,1
200800055222,0008-10-27 19:30:00,8,10,27,19,30,500,348,,49.259,-1.141,Nuit sans éclairage public,Hors agglomération,Hors intersection,Pluie légère,Deux véhicules - frontale,,,,,,,,,,,3,1,1,2,1
200800055223,0008-10-30 21:15:00,8,10,30,21,15,500,483,,49.107,-1.159,Nuit sans éclairage public,Hors agglomération,Hors intersection,Normale,Deux véhicules - frontale,,,,,,,,,,,3,1,1,1,1
200800055224,0008-10-10 19:00:00,8,10,10,19,0,500,601,Rue Thiers,49.03,-0.98,Plein jour,En agglomération,Hors intersection,Normale,Deux véhicules - côté,,,,,,,,,,,1,2,1,1,3
200800055225,0008-10-11 10:45:00,8,10,11,10,45,500,25,Place Carnot,48.681,-1.373,Plein jour,En agglomération,Hors intersection,Temps éblouissant,Autre collision,,,,,,,,,,,1,2,1,7,6
200800055226,0008-10-27 14:30:00,8,10,27,14,30,500,439,,48.751,-1.471,Plein jour,Hors agglomération,Hors intersection,Pluie légère,Deux véhicules - frontale,,,,,,,,,,,1,1,1,2,1
200800055227,0008-10-21 17:15:00,8,10,21,17,15,500,574,,48.599,-1.409,Plein jour,Hors agglomération,Intersection en X,Normale,Deux véhicules - côté,,,,,,,,,,,1,1,2,1,3
200800055228,0008-10-15 16:30:00,8,10,15,16,30,500,594,,,,Plein jour,Hors agglomération,Hors intersection,Temps couvert,Deux véhicules - côté,,,,,,,,,,,1,1,1,8,3
200800055229,0008-10-19 14:30:00,8,10,19,14,30,500,41,,,,Plein jour,Hors agglomération,Intersection en X,Normale,Deux véhicules - côté,,,,,,,,,,,1,1,2,1,3
200800055230,0008-10-11 17:00:00,8,10,11,17,0,500,79,,49.536,-1.655,Plein jour,Hors agglomération,Hors intersection,Normale,Deux véhicules - frontale,,,,,,,,,,,1,1,1,1,1
200800055231,0008-10-13 18:00:00,8,10,13,18,0,500,646,,49.443,-1.714,Plein jour,Hors agglomération,Hors intersection,Normale,Deux véhicules - frontale,,,,,,,,,,,1,1,1,1,1
200800055232,0008-10-17 07:45:00,8,10,17,7,45,500,335,,49.558,-1.41,Crépuscule ou aube,Hors agglomération,Hors intersection,Normale,Trois véhicules et plus - collisions multiples,,,,,,,,,,,2,1,1,1,5
200800055233,0008-10-31 13:45:00,8,10,31,13,45,500,562,,49.596,-1.278,Plein jour,En agglomération,Intersection en X,Pluie légère,Deux véhicules - côté,,,,,,,,,,,1,2,2,2,3
200800055234,0008-10-09 17:30:00,8,10,9,17,30,500,550,,,,Plein jour,Hors agglomération,Hors intersection,Normale,Deux véhicules - côté,,,,,,,,,,,1,1,1,1,3
200800055235,0008-10-11 15:15:00,8,10,11,15,15,500,94,,,,Plein jour,Hors agglomération,Hors intersection,Normale,Trois véhicules et plus - en chaîne,,,,,,,,,,,1,1,1,1,4
200800055236,0008-10-20 07:45:00,8,10,20,7,45,500,3,Avenue du passous,,,Nuit avec éclairage allumé,En agglomération,Giratoire,Pluie légère,Deux véhicules - côté,,,,,,,,,,,5,2,6,2,3
200800055237,0008-10-06 18:00:00,8,10,6,18,0,500,231,rue du val du moulin,,,Plein jour,En agglomération,Hors intersection,Normale,Autre collision,,,,,,,,,,,1,2,1,1,6
200800055238,0008-10-17 07:45:00,8,10,17,7,45,500,109,,,,Crépuscule ou aube,Hors agglomération,Hors intersection,Normale,Deux véhicules - frontale,,,,,,,,,,,2,1,1,1,1
200800055239,0008-10-22 17:15:00,8,10,22,17,15,500,109,rue gabelle,,,Plein jour,En agglomération,Hors intersection,Temps couvert,Deux véhicules - côté,,,,,,,,,,,1,2,1,8,3
200800055240,0008-10-26 18:00:00,8,10,26,18,0,500,605,,,,Nuit sans éclairage public,Hors agglomération,Hors intersection,Pluie forte,Deux véhicules - côté,,,,,,,,,,,3,1,1,3,3
200800055241,0008-10-29 09:00:00,8,10,29,9,0,500,463,,,,Plein jour,Hors agglomération,Hors intersection,Temps couvert,Deux véhicules - côté,,,,,,,,,,,1,1,1,8,3
200800055242,0008-10-04 15:00:00,8,10,4,15,0,500,36,rue du fresne,49.31,-1.354,Plein jour,En agglomération,Hors intersection,Normale,Deux véhicules - côté,,,,,,,,,,,1,2,1,1,3
200800055243,0008-10-07 21:00:00,8,10,7,21,0,500,151,,49.207,-1.576,Nuit sans éclairage public,Hors agglomération,Hors intersection,Normale,Autre collision,,,,,,,,,,,3,1,1,1,6
200800055244,0008-10-04 09:00:00,8,10,4,9,0,500,195,,,,Plein jour,Hors agglomération,Hors intersection,Normale,Autre collision,,,,,,,,,,,1,1,1,1,6
200800055245,0008-10-07 17:45:00,8,10,7,17,45,610,464,RD438 - LA GARE,,,Plein jour,En agglomération,Hors intersection,Pluie forte,Trois véhicules et plus - en chaîne,,,,,,,,,,,1,2,1,3,4
200800055246,0008-10-14 23:15:00,8,10,14,23,15,610,413,route de Trun,,,Nuit sans éclairage public,En agglomération,Hors intersection,Normale,Autre collision,,,,,,,,,,,3,2,1,1,6
200800055247,0008-10-05 19:00:00,8,10,5,19,0,610,268,,48.788,0.249,Nuit sans éclairage public,Hors agglomération,Hors intersection,Pluie forte,Autre collision,,,,,,,,,,,3,1,1,3,6
200800055248,0008-10-27 20:30:00,8,10,27,20,30,610,369,,48.667,-0.602,Nuit sans éclairage public,Hors agglomération,Hors intersection,Temps couvert,Sans collision,,,,,,,,,,,3,1,1,8,7