accident_id,datetime,annee,mois,jour,heure,minute,departement,commune_insee,adresse,latitude,longitude,luminosite,agglomeration,intersection,meteo,collision,nb_vehicules,nb_usagers,nb_indemnes,nb_tues,nb_blesses_hosp,nb_blesses_legers,age_cond_1,age_cond_2,veh_type_cond_1,veh_type_cond_2,lum_code,agg_code,int_code,atm_code,col_code
200800055249,0008-10-31 11:30:00,8,10,31,11,30,610,118,,,,Plein jour,Hors agglomération,Hors intersection,Normale,Deux véhicules - côté,,,,,,,,,,,1,1,1,1,3
200800055250,0008-10-01 10:00:00,8,10,1,10,0,610,140,,48.726,0.659,Plein jour,Hors agglomération,Hors intersection,Normale,Deux véhicules - arrière,,,,,,,,,,,1,1,1,1,2
200800055251,0008-10-15 07:00:00,8,10,15,7,0,610,214,Rue porte Givry,,,Nuit avec éclairage allumé,En agglomération,Hors intersection,Pluie légère,Autre collision,,,,,,,,,,,5,2,1,2,6
200800055252,0008-10-22 17:30:00,8,10,22,17,30,610,214,,48.746,0.63,Plein jour,Hors agglomération,Hors intersection,Normale,Trois véhicules et plus - collisions multiples,,,,,,,,,,,1,1,1,1,5
200800055253,0008-10-23 20:15:00,8,10,23,20,15,610,432,,,,Nuit sans éclairage public,Hors agglomération,Hors intersection,Normale,Autre collision,,,,,,,,,,,3,1,1,1,6
200800055254,0008-10-04 18:00:00,8,10,4,18,0,440,64,,47.097,-1.309,Plein jour,Hors agglomération,Hors intersection,Normale,Deux véhicules - frontale,,,,,,,,,,,1,1,1,1,1
200800055255,0008-10-08 17:00:00,8,10,8,17,0,440,64,,47.103,-1.322,Plein jour,Hors agglomération,Hors intersection,Normale,Deux véhicules - frontale,,,,,,,,,,,1,1,1,1,1
200800055256,0008-10-09 09:30:00,8,10,9,9,30,440,100,,47.107,-1.319,Plein jour,Hors agglomération,Hors intersection,Temps éblouissant,Deux véhicules - arrière,,,,,,,,,,,1,1,1,7,2
200800055257,0008-10-17 16:45:00,8,10,17,16,45,440,43,,47.095,-1.281,Plein jour,Hors agglomération,Hors intersection,Normale,Autre collision,,,,,,,,,,,1,1,1,1,6
200800055258,0008-10-04 21:00:00,8,10,4,21,0,440,180,RP de Cosse Brissac,,,Nuit avec éclairage allumé,En agglomération,Giratoire,Normale,Deux véhicules - côté,,,,,,,,,,,5,2,6,1,3
200800055259,0008-10-09 18:15:00,8,10,9,18,15,440,3,BLD OTTMAN,,,Plein jour,En agglomération,Intersection en X,Normale,Deux véhicules - côté,,,,,,,,,,,1,2,2,1,3
200800055260,0008-10-16 16:45:00,8,10,16,16,45,440,96,,,,Plein jour,Hors agglomération,Hors intersection,Normale,Deux véhicules - côté,,,,,,,,,,,1,1,1,1,3
200800055261,0008-10-21 08:00:00,8,10,21,8,0,440,3,bd joseph vincent,,,Crépuscule ou aube,En agglomération,Hors intersection,Pluie légère,Autre collision,,,,,,,,,,,2,2,1,2,6
200800055262,0008-10-12 08:15:00,8,10,12,8,15,440,29,,47.285,-1.372,Plein jour,Hors agglomération,Hors intersection,Normale,Autre collision,,,,,,,,,,,1,1,1,1,6
200800055263,0008-10-13 07:45:00,8,10,13,7,45,440,169,,47.253,-1.402,Crépuscule ou aube,Hors agglomération,Hors intersection,Brouillard / fumée,Deux véhicules - arrière,,,,,,,,,,,2,1,1,5,2
200800055264,0008-10-26 00:30:00,8,10,26,0,30,440,212,,,,Nuit sans éclairage public,Hors agglomération,Hors intersection,Pluie forte,Sans collision,,,,,,,,,,,3,1,1,3,7
200800055265,0008-10-12 15:30:00,8,10,12,15,30,440,82,,,,Plein jour,Hors agglomération,Hors intersection,Normale,Autre collision,,,,,,,,,,,1,1,1,1,6
200800055266,0008-10-28 20:00:00,8,10,28,20,0,440,118,,47.481,-1.249,Nuit sans éclairage public,Hors agglomération,Hors intersection,Normale,Deux véhicules - frontale,,,,,,,,,,,3,1,1,1,1
200800055267,0008-10-19 17:15:00,8,10,19,17,15,440,128,,47.564,-1.808,Plein jour,Hors agglomération,Hors intersection,Normale,Deux véhicules - côté,,,,,,,,,,,1,1,1,1,3
200800055268,0008-10-05 18:30:00,8,10,5,18,30,440,110,,47.441,-1.543,Plein jour,Hors agglomération,Hors intersection,Normale,Sans collision,,,,,,,,,,,1,1,1,1,7
200800055269,0008-10-22 17:45:00,8,10,22,17,45,440,73,Rue des Landes,47.416,-1.651,Plein jour,En agglomération,Hors intersection,Temps éblouissant,Deux véhicules - côté,,,,,,,,,,,1,2,1,7,3
200800055270,0008-10-04 10:30:00,8,10,4,10,30,440,208,,47.64,-1.522,Plein jour,Hors agglomération,Hors intersection,Normale,Deux véhicules - arrière,,,,,,,,,,,1,1,1,1,2
200800055271,0008-10-03 19:30:00,8,10,3,19,30,440,130,rue de Nantes,,,Plein jour,En agglomération,Hors intersection,Normale,Deux véhicules - frontale,,,,,,,,,,,1,2,1,1,1
200800055272,0008-10-10 22:30:00,8,10,10,22,30,440,166,route du pellerin,,,Nuit avec éclairage allumé,En agglomération,Giratoire,Normale,Deux véhicules - frontale,,,,,,,,,,,5,2,6,1,1
200800055273,0008-10-08 21:30:00,8,10,8,21,30,440,47,La Croix Gicquiaud,47.247,-1.669,Nuit sans éclairage public,En agglomération,Autre intersection,Normale,Deux véhicules - côté,,,,,,,,,,,3,2,9,1,3
200800055274,0008-10-23 17:30:00,8,10,23,17,30,440,74,rue d'Indre,,,Plein jour,En agglomération,Hors intersection,Normale,Autre collision,,,,,,,,,,,1,2,1,1,6
200800055275,0008-10-01 11:15:00,8,10,1,11,15,440,69,bd Dinkesbuhl,,,Plein jour,En agglomération,Hors intersection,Pluie légère,Autre collision,,,,,,,,,,,1,2,1,2,6
200800055276,0008-10-28 10:45:00,8,10,28,10,45,440,210,Rue des Aigrettes,,,Plein jour,En agglomération,Hors intersection,Normale,Deux véhicules - frontale,,,,,,,,,,,1,2,1,1,1
200800055277,0008-10-24 14:00:00,8,10,24,14,0,440,129,,47.442,-2.094,Plein jour,En agglomération,Hors intersection,Pluie légère,Autre collision,,,,,,,,,,,1,2,1,2,6
200800055278,0008-10-31 19:00:00,8,10,31,19,0,440,158,rue de sevigne,,,Nuit avec éclairage allumé,En agglomération,Hors intersection,Temps couvert,Deux véhicules - côté,,,,,,,,,,,5,2,1,8,3
200800055279,0008-10-13 12:15:00,8,10,13,12,15,490,106,,47.478,-0.321,Plein jour,Hors agglomération,Hors intersection,Normale,Deux véhicules - frontale,,,,,,,,,,,1,1,1,1,1
200800055280,0008-10-02 17:45:00,8,10,2,17,45,490,323,,47.497,-0.497,Plein jour,Hors agglomération,Hors intersection,Normale,Deux véhicules - arrière,,,,,,,,,,,1,1,1,1,2
200800055281,0008-10-08 14:00:00,8,10,8,14,0,490,377,Rue du soleil Levant,,,Plein jour,En agglomération,Hors intersection,Normale,Deux véhicules - côté,,,,,,,,,,,1,2,1,1,3
200800055282,0008-10-29 07:00:00,8,10,29,7,0,490,323,Rue de la Gardonne,,,Nuit avec éclairage allumé,En agglomération,Intersection en T,Brouillard / fumée,Deux véhicules - frontale,,,,,,,,,,,5,2,3,5,1
200800055283,0008-10-14 17:15:00,8,10,14,17,15,490,283,,47.382,-0.752,Plein jour,Hors agglomération,Intersection en X,Normale,Deux véhicules - côté,,,,,,,,,,,1,1,2,1,3
200800055284,0008-10-04 18:15:00,8,10,4,18,15,490,301,,,,Plein jour,Hors agglomération,Hors intersection,Normale,Deux véhicules - frontale,,,,,,,,,,,1,1,1,1,1
200800055285,0008-10-18 16:15:00,8,10,18,16,15,490,352,Rue Marthe FORMON,,,Plein jour,En agglomération,Hors intersection,Normale,Autre collision,,,,,,,,,,,1,2,1,1,6
200800055286,0008-10-23 07:15:00,8,10,23,7,15,490,299,Rue d'Anjou,,,Nuit avec éclairage allumé,En agglomération,Hors intersection,Normale,Autre collision,,,,,,,,,,,5,2,1,1,6
200800055287,0008-10-10 16:15:00,8,10,10,16,15,490,276,Place de la fevriere,47.365,-1.016,Plein jour,En agglomération,Hors intersection,Normale,Autre collision,,,,,,,,,,,1,2,1,1,6
200800055288,0008-10-08 18:00:00,8,10,8,18,0,490,18,Route d'angers,47.55,-0.108,Plein jour,En agglomération,Giratoire,Normale,Sans collision,,,,,,,,,,,1,2,6,1,7
200800055289,0008-10-11 09:15:00,8,10,11,9,15,490,18,rue Florent papin,,,Plein jour,En agglomération,Hors intersection,Normale,Deux véhicules - côté,,,,,,,,,,,1,2,1,1,3
200800055290,0008-10-26 12:15:00,8,10,26,12,15,490,125,,47.184,-0.307,Plein jour,Hors agglomération,Hors intersection,Normale,Deux véhicules - frontale,,,,,,,,,,,1,1,1,1,1
200800055291,0008-10-04 08:45:00,8,10,4,8,45,490,41,,47.288,0.071,Plein jour,Hors agglomération,Hors intersection,Normale,Deux véhicules - arrière,,,,,,,,,,,1,1,1,1,2
200800055292,0008-10-19 18:15:00,8,10,19,18,15,490,14,,,,Plein jour,Hors agglomération,Hors intersection,Normale,Sans collision,,,,,,,,,,,1,1,1,1,7
200800055293,0008-10-02 17:30:00,8,10,2,17,30,490,26,,47.497,-0.847,Plein jour,Hors agglomération,Hors intersection,Pluie forte,Deux véhicules - côté,,,,,,,,,,,1,1,1,3,3
200800055294,0008-10-19 01:30:00,8,10,19,1,30,490,337,,47.596,-0.451,Nuit sans éclairage public,Hors agglomération,Hors intersection,Normale,Deux véhicules - frontale,,,,,,,,,,,3,1,1,1,1
200800055295,0008-10-18 15:00:00,8,10,18,15,0,530,97,RUE DE STE GEMMES,48.163,-0.401,Plein jour,En agglomération,Hors intersection,Normale,Deux véhicules - côté,,,,,,,,,,,1,2,1,1,3
200800055296,0008-10-04 12:00:00,8,10,4,12,0,530,136,,,,Plein jour,Hors agglomération,Hors intersection,Normale,Deux véhicules - arrière,,,,,,,,,,,1,1,1,1,2
200800055297,0008-10-10 21:15:00,8,10,10,21,15,530,210,,,,Nuit avec éclairage non allumé,Hors agglomération,Hors intersection,Normale,Deux véhicules - côté,,,,,,,,,,,4,1,1,1,3
200800055298,0008-10-10 11:30:00,8,10,10,11,30,530,84,Boulevard Okehampton,,,Plein jour,En agglomération,Giratoire,Normale,Autre collision,,,,,,,,,,,1,2,6,1,6
200800055299,0008-10-21 15:30:00,8,10,21,15,30,530,186,,47.936,-0.836,Plein jour,Hors agglomération,Hors intersection,Normale,Deux véhicules - arrière,,,,,,,,,,,1,1,1,1,2
200800055300,0008-10-20 20:00:00,8,10,20,20,0,530,35,,,,Crépuscule ou aube,Hors agglomération,Hors intersection,Normale,Deux véhicules - arrière,,,,,,,,,,,2,1,1,1,2
200800055301,0008-10-31 19:00:00,8,10,31,19,0,530,12,,,,Nuit sans éclairage public,Hors agglomération,Hors intersection,Normale,Deux véhicules - côté,,,,,,,,,,,3,1,1,1,3
200800055302,0008-10-13 17:30:00,8,10,13,17,30,530,147,238 RUE DE NORMANDIE,48.315,-0.623,Plein jour,En agglomération,Hors intersection,Normale,Deux véhicules - frontale,,,,,,,,,,,1,2,1,1,1
200800055303,0008-10-25 17:30:00,8,10,25,17,30,720,286,,,,Plein jour,Hors agglomération,Hors intersection,Normale,Deux véhicules - frontale,,,,,,,,,,,1,1,1,1,1
200800055304,0008-10-26 09:00:00,8,10,26,9,0,720,42,,,,Plein jour,Hors agglomération,Hors intersection,Normale,Deux véhicules - frontale,,,,,,,,,,,1,1,1,1,1
200800055305,0008-10-26 18:15:00,8,10,26,18,15,720,128,La bonnetterie,,,Crépuscule ou aube,En agglomération,Intersection en X,Normale,Deux véhicules - côté,,,,,,,,,,,2,2,2,1,3
200800055306,0008-10-02 09:45:00,8,10,2,9,45,720,217,,48.072,0.208,Crépuscule ou aube,Hors agglomération,Hors intersection,Normale,Deux véhicules - côté,,,,,,,,,,,2,1,1,1,3
200800055307,0008-10-03 18:15:00,8,10,3,18,15,720,154,rue des eturcies,47.721,-0.1,Plein jour,En agglomération,Hors intersection,Normale,Autre collision,,,,,,,,,,,1,2,1,1,6
200800055308,0008-10-09 05:30:00,8,10,9,5,30,720,115,,,,Nuit sans éclairage public,Hors agglomération,Hors intersection,Brouillard / fumée,Autre collision,,,,,,,,,,,3,1,1,5,6
200800055309,0008-10-03 18:00:00,8,10,3,18,0,720,226,,,,Plein jour,Hors agglomération,Hors intersection,Normale,Deux véhicules - côté,,,,,,,,,,,1,1,1,1,3
200800055310,0008-10-02 18:30:00,8,10,2,18,30,720,98,,,,Crépuscule ou aube,Hors agglomération,Hors intersection,Normale,Deux véhicules - frontale,,,,,,,,,,,2,1,1,1,1
200800055311,0008-10-18 13:00:00,8,10,18,13,0,720,135,,47.789,0.076,Plein jour,Hors agglomération,Hors intersection,Normale,Sans collision,,,,,,,,,,,1,1,1,1,7
200800055312,0008-10-10 16:30:00,8,10,10,16,30,720,135,,,,Plein jour,Hors agglomération,Hors intersection,Normale,Sans collision,,,,,,,,,,,1,1,1,1,7
200800055313,0008-10-25 04:00:00,8,10,25,4,0,720,264,,,,Nuit sans éclairage public,Hors agglomération,Hors intersection,Temps couvert,Sans collision,,,,,,,,,,,3,1,1,8,7
200800055314,0008-10-06 19:30:00,8,10,6,19,30,720,337,,48.324,-0.048,Nuit sans éclairage public,Hors agglomération,Hors intersection,Pluie légère,Deux véhicules - côté,,,,,,,,,,,3,1,1,2,3
200800055315,0008-10-15 19:30:00,8,10,15,19,30,720,380,,48.251,0.16,Nuit sans éclairage public,Hors agglomération,Hors intersection,Normale,Sans collision,,,,,,,,,,,3,1,1,1,7
200800055316,0008-10-12 02:45:00,8,10,12,2,45,850,246,,46.738,-1.182,Nuit sans éclairage public,Hors agglomération,Hors intersection,Normale,Deux véhicules - frontale,,,,,,,,,,,3,1,1,1,1
200800055317,0008-10-26 13:45:00,8,10,26,13,45,850,65,,,,Plein jour,Hors agglomération,Hors intersection,Pluie légère,Sans collision,,,,,,,,,,,1,1,1,2,7
200800055318,0008-10-06 09:00:00,8,10,6,9,0,850,190,,,,Plein jour,Hors agglomération,Hors intersection,Temps couvert,Deux véhicules - côté,,,,,,,,,,,1,1,1,8,3
200800055319,0008-10-12 16:15:00,8,10,12,16,15,850,190,,,,Plein jour,Hors agglomération,Hors intersection,Normale,Autre collision,,,,,,,,,,,1,1,1,1,6
200800055320,0008-10-19 09:15:00,8,10,19,9,15,850,21,,,,Plein jour,Hors agglomération,Hors intersection,Normale,Deux véhicules - côté,,,,,,,,,,,1,1,1,1,3
200800055321,0008-10-19 17:45:00,8,10,19,17,45,850,224,,,,Plein jour,Hors agglomération,Hors intersection,Normale,Deux véhicules - côté,,,,,,,,,,,1,1,1,1,3
200800055322,0008-10-01 18:45:00,8,10,1,18,45,850,238,,46.961,-0.916,Plein jour,Hors agglomération,Hors intersection,Temps couvert,Sans collision,,,,,,,,,,,1,1,1,8,7
200800055323,0008-10-16 18:30:00,8,10,16,18,30,850,302,,,,Plein jour,Hors agglomération,Intersection en X,Normale,Deux véhicules - côté,,,,,,,,,,,1,1,2,1,3
200800055324,0008-10-21 10:30:00,8,10,21,10,30,850,247,,46.952,-1.034,Plein jour,Hors agglomération,Hors intersection,Pluie légère,Autre collision,,,,,,,,,,,1,1,1,2,6
200800055325,0008-10-11 14:45:00,8,10,11,14,45,850,155,Rue de la Gilloniere,46.725,-1.457,Plein jour,En agglomération,Giratoire,Normale,Deux véhicules - côté,,,,,,,,,,,1,2,6,1,3
200800055326,0008-10-14 10:15:00,8,10,14,10,15,850,178,,,,Plein jour,Hors agglomération,Hors intersection,Normale,Deux véhicules - frontale,,,,,,,,,,,1,1,1,1,1
200800055327,0008-10-16 13:15:00,8,10,16,13,15,850,155,,,,Plein jour,Hors agglomération,Hors intersection,Normale,Autre collision,,,,,,,,,,,1,1,1,1,6
200800055328,0008-10-23 08:30:00,8,10,23,8,30,850,178,Rue de la colonne,,,Crépuscule ou aube,En agglomération,Hors intersection,Normale,Deux véhicules - côté,,,,,,,,,,,2,2,1,1,3
200800055329,0008-10-16 23:15:00,8,10,16,23,15,850,92,46 Rue de la Republique,,,Nuit avec éclairage allumé,En agglomération,Hors intersection,Normale,Sans collision,,,,,,,,,,,5,2,1,1,7
200800055330,0008-10-20 12:00:00,8,10,20,12,0,850,126,,,,Plein jour,Hors agglomération,Hors intersection,Normale,Sans collision,,,,,,,,,,,1,1,1,1,7
200800055331,0008-10-03 16:00:00,8,10,3,16,0,850,128,rue leonce thomas,46.459,-1.168,Plein jour,En agglomération,Hors intersection,Pluie forte,Autre collision,,,,,,,,,,,1,2,1,3,6
200800055332,0008-10-09 18:15:00,8,10,9,18,15,850,42,,46.378,-1.002,Plein jour,Hors agglomération,Hors intersection,Normale,Deux véhicules - frontale,,,,,,,,,,,1,1,1,1,1
200800055333,0008-10-24 19:45:00,8,10,24,19,45,850,49,RUE DU 8 MAI,46.386,-1.128,Nuit avec éclairage allumé,En agglomération,Hors intersection,Normale,Deux véhicules - frontale,,,,,,,,,,,5,2,1,1,1
200800055334,0008-10-09 09:15:00,8,10,9,9,15,850,257,,46.837,-0.931,Plein jour,Hors agglomération,Hors intersection,Normale,Deux véhicules - frontale,,,,,,,,,,,1,1,1,1,1
200800055335,0008-10-14 20:00:00,8,10,14,20,0,850,264,,46.694,-0.705,Nuit sans éclairage public,Hors agglomération,Intersection en X,Normale,Deux véhicules - frontale,,,,,,,,,,,3,1,2,1,1
200800055336,0008-10-18 20:15:00,8,10,18,20,15,850,182,,46.787,-0.839,Nuit avec éclairage allumé,En agglomération,Hors intersection,Normale,Deux véhicules - frontale,,,,,,,,,,,5,2,1,1,1
200800055337,0008-10-21 12:30:00,8,10,21,12,30,850,257,,46.844,-0.909,Plein jour,Hors agglomération,Hors intersection,Pluie forte,Sans collision,,,,,,,,,,,1,1,1,3,7
200800055338,0008-10-04 23:00:00,8,10,4,23,0,850,243,,,,Nuit sans éclairage public,Hors agglomération,Hors intersection,Normale,Sans collision,,,,,,,,,,,3,1,1,1,7
200800055339,0008-10-29 19:45:00,8,10,29,19,45,850,2,,46.66,-1.814,Nuit sans éclairage public,Hors agglomération,Hors intersection,Normale,Sans collision,,,,,,,,,,,3,1,1,1,7
200800055340,0008-10-03 19:45:00,8,10,3,19,45,850,273,,,,Crépuscule ou aube,Hors agglomération,Autre intersection,Temps couvert,Trois véhicules et plus - en chaîne,,,,,,,,,,,2,1,9,8,4
200800055341,0008-10-06 01:00:00,8,10,6,1,0,850,284,route de massotte,46.802,-1.901,Nuit sans éclairage public,En agglomération,Hors intersection,Pluie légère,Autre collision,,,,,,,,,,,3,2,1,2,6
200800055342,0008-10-11 16:00:00,8,10,11,16,0,850,221,,,,Plein jour,Hors agglomération,Hors intersection,Normale,Autre collision,,,,,,,,,,,1,1,1,1,6
200800055343,0008-10-15 17:00:00,8,10,15,17,0,850,18,Rue de CHATEMERLE,46.922,-2.049,Plein jour,En agglomération,Hors intersection,Normale,Deux véhicules - frontale,,,,,,,,,,,1,2,1,1,1
200800055344,0008-10-15 09:45:00,8,10,15,9,45,850,114,rue de l'hotel de ville,,,Plein jour,En agglomération,Hors intersection,Normale,Autre collision,,,,,,,,,,,1,2,1,1,6
200800055345,0008-10-24 23:30:00,8,10,24,23,30,330,498,CD 3,,,Nuit avec éclairage allumé,En agglomération,Giratoire,Normale,Autre collision,,,,,,,,,,,5,2,6,1,6
200800055346,0008-10-08 07:15:00,8,10,8,7,15,330,449,,,,Crépuscule ou aube,Hors agglomération,Hors intersection,Normale,Deux véhicules - côté,,,,,,,,,,,2,1,1,1,3
200800055347,0008-10-18 17:30:00,8,10,18,17,30,330,449,55 AVENUE DESCARTES,,,Plein jour,En agglomération,Hors intersection,Normale,Deux véhicules - frontale,,,,,,,,,,,1,2,1,1,1
200800055348,0008-10-29 07:45:00,8,10,29,7,45,330,389,,,,Plein jour,Hors agglomération,Hors intersection,Normale,Autre collision,,,,,,,,,,,1,1,1,1,6
200800055349,0008-10-06 09:00:00,8,10,6,9,0,330,233,,45.167,-0.342,Nuit sans éclairage public,Hors agglomération,Hors intersection,Normale,Autre collision,,,,,,,,,,,3,1,1,1,6
200800055350,0008-10-10 20:15:00,8,10,10,20,15,330,438,,44.575,-0.246,Nuit avec éclairage allumé,Hors agglomération,Hors intersection,Normale,Autre collision,,,,,,,,,,,5,1,1,1,6
200800055351,0008-10-25 07:45:00,8,10,25,7,45,330,49,,,,Crépuscule ou aube,Hors agglomération,Hors intersection,Normale,Deux véhicules - côté,,,,,,,,,,,2,1,1,1,3
200800055352,0008-10-01 10:45:00,8,10,1,10,45,330,140,53 BOULEVARD VICTOR HUGO,44.781,-0.347,Plein jour,En agglomération,Hors intersection,Normale,Autre collision,,,,,,,,,,,1,2,1,1,6
200800055353,0008-10-05 07:00:00,8,10,5,7,0,330,363,,,,Crépuscule ou aube,Hors agglomération,Hors intersection,Normale,Autre collision,,,,,,,,,,,2,1,1,1,6
200800055354,0008-10-02 06:30:00,8,10,2,6,30,330,496,,,,Nuit avec éclairage allumé,Hors agglomération,Hors intersection,Pluie légère,Deux véhicules - côté,,,,,,,,,,,5,1,1,2,3
200800055355,0008-10-08 06:30:00,8,10,8,6,30,330,120,,44.636,-0.331,Crépuscule ou aube,Hors agglomération,Hors intersection,Pluie légère,Sans collision,,,,,,,,,,,2,1,1,2,7
200800055356,0008-10-20 18:45:00,8,10,20,18,45,330,366,,45.005,-0.464,Plein jour,Hors agglomération,Hors intersection,Normale,Autre collision,,,,,,,,,,,1,1,1,1,6
200800055357,0008-10-06 11:00:00,8,10,6,11,0,330,227,boulevard pierre lagorce,,,Plein jour,En agglomération,Giratoire,Normale,Autre collision,,,,,,,,,,,1,2,6,1,6
200800055358,0008-10-16 17:30:00,8,10,16,17,30,330,223,rue des terroirs,,,Nuit avec éclairage allumé,En agglomération,Hors intersection,Normale,Autre collision,,,,,,,,,,,5,2,1,1,6
200800055359,0008-10-11 17:00:00,8,10,11,17,0,330,547,,,,Plein jour,Hors agglomération,Hors intersection,Normale,Deux véhicules - frontale,,,,,,,,,,,1,1,1,1,1
200800055360,0008-10-15 12:00:00,8,10,15,12,0,330,57,,44.759,-0.061,Plein jour,Hors agglomération,Hors intersection,Normale,Sans collision,,,,,,,,,,,1,1,1,1,7
200800055361,0008-10-21 09:00:00,8,10,21,9,0,330,476,1 route de Cadourne,45.299,-0.79,Plein jour,En agglomération,Hors intersection,Normale,Deux véhicules - frontale,,,,,,,,,,,1,2,1,1,1
200800055362,0008-10-03 20:30:00,8,10,3,20,30,330,494,,,,Nuit sans éclairage public,Hors agglomération,Hors intersection,Pluie légère,Deux véhicules - frontale,,,,,,,,,,,3,1,1,2,1
200800055363,0008-10-07 15:15:00,8,10,7,15,15,330,22,,45.004,-0.769,Plein jour,Hors agglomération,Hors intersection,Pluie légère,Deux véhicules - frontale,,,,,,,,,,,1,1,1,2,1
200800055364,0008-10-04 20:45:00,8,10,4,20,45,330,314,,,,Nuit sans éclairage public,Hors agglomération,Hors intersection,Normale,Deux véhicules - frontale,,,,,,,,,,,3,1,1,1,1
200800055365,0008-10-07 20:45:00,8,10,7,20,45,330,15,PORT DU NOYER,44.916,-0.257,Nuit sans éclairage public,En agglomération,Hors intersection,Pluie forte,Autre collision,,,,,,,,,,,3,2,1,3,6
200800055366,0008-10-29 06:15:00,8,10,29,6,15,330,207,AV. DU GENERAL DE GAULLE,44.924,-0.37,Crépuscule ou aube,En agglomération,Hors intersection,Brouillard / fumée,Autre collision,,,,,,,,,,,2,2,1,5,6
200800055367,0008-10-03 12:45:00,8,10,3,12,45,330,394,,44.935,-0.149,Plein jour,Hors agglomération,Hors intersection,Normale,Deux véhicules - frontale,,,,,,,,,,,1,1,1,1,1
200800055368,0008-10-10 17:00:00,8,10,10,17,0,330,546,,,,Plein jour,Hors agglomération,Intersection en X,Normale,Deux véhicules - côté,,,,,,,,,,,1,1,2,1,3
200800055369,0008-10-06 07:45:00,8,10,6,7,45,330,108,Av GAMBETTA/CD936,,,Crépuscule ou aube,En agglomération,Hors intersection,Normale,Deux véhicules - frontale,,,,,,,,,,,2,2,1,1,1
200800055370,0008-10-27 14:15:00,8,10,27,14,15,330,480,,,,Plein jour,Hors agglomération,Hors intersection,Temps couvert,Deux véhicules - frontale,,,,,,,,,,,1,1,1,8,1
200800055371,0008-10-16 10:45:00,8,10,16,10,45,330,315,,,,Plein jour,Hors agglomération,Hors intersection,Normale,Deux véhicules - frontale,,,,,,,,,,,1,1,1,1,1
200800055372,0008-10-18 02:15:00,8,10,18,2,15,330,393,,,,Nuit sans éclairage public,Hors agglomération,Hors intersection,Normale,Autre collision,,,,,,,,,,,3,1,1,1,6
200800055373,0008-10-18 14:30:00,8,10,18,14,30,330,509,lieu dit le Bourg,,,Plein jour,En agglomération,Hors intersection,Normale,Autre collision,,,,,,,,,,,1,2,1,1,6
200800055374,0008-10-11 09:30:00,8,10,11,9,30,330,447,Face 78 rue republique,,,Plein jour,En agglomération,Hors intersection,Normale,Autre collision,,,,,,,,,,,1,2,1,1,6
200800055375,0008-10-13 22:15:00,8,10,13,22,15,330,166,,,,Nuit sans éclairage public,Hors agglomération,Hors intersection,Temps couvert,Autre collision,,,,,,,,,,,3,1,1,8,6
200800055376,0008-10-17 13:15:00,8,10,17,13,15,330,447,rue de Coulmiers,,,Plein jour,En agglomération,Hors intersection,Normale,Sans collision,,,,,,,,,,,1,2,1,1,7
200800055377,0008-10-12 17:15:00,8,10,12,17,15,240,439,,45.151,0.8,Plein jour,Hors agglomération,Hors intersection,Normale,Deux véhicules - frontale,,,,,,,,,,,1,1,1,1,1
200800055378,0008-10-20 11:15:00,8,10,20,11,15,240,115,,,,Plein jour,Hors agglomération,Hors intersection,Normale,Trois véhicules et plus - en chaîne,,,,,,,,,,,1,1,1,1,4
200800055379,0008-10-31 16:45:00,8,10,31,16,45,240,146,,45.061,0.678,Plein jour,Hors agglomération,Hors intersection,Pluie légère,Deux véhicules - côté,,,,,,,,,,,1,1,1,2,3
200800055380,0008-10-09 10:30:00,8,10,9,10,30,240,579,,,,Plein jour,Hors agglomération,Hors intersection,Normale,Deux véhicules - frontale,,,,,,,,,,,1,1,1,1,1
200800055381,0008-10-11 16:30:00,8,10,11,16,30,240,170,,,,Plein jour,Hors agglomération,Hors intersection,Normale,Sans collision,,,,,,,,,,,1,1,1,1,7
200800055382,0008-10-21 10:30:00,8,10,21,10,30,240,170,,,,Plein jour,Hors agglomération,Hors intersection,Pluie légère,Sans collision,,,,,,,,,,,1,1,1,2,7
200800055383,0008-10-27 13:30:00,8,10,27,13,30,240,108,,,,Plein jour,Hors agglomération,Hors intersection,Pluie légère,Autre collision,,,,,,,,,,,1,1,1,2,6
200800055384,0008-10-31 07:15:00,8,10,31,7,15,240,237,,44.891,0.548,Plein jour,Hors agglomération,Hors intersection,Normale,Deux véhicules - côté,,,,,,,,,,,1,1,1,1,3
200800055385,0008-10-10 06:30:00,8,10,10,6,30,240,45,,,,Nuit sans éclairage public,Hors agglomération,Hors intersection,Brouillard / fumée,Deux véhicules - frontale,,,,,,,,,,,3,1,1,5,1
200800055386,0008-10-26 17:30:00,8,10,26,17,30,240,274,,,,Crépuscule ou aube,Hors agglomération,Hors intersection,Normale,Autre collision,,,,,,,,,,,2,1,1,1,6