accident_id,datetime,annee,mois,jour,heure,minute,departement,commune_insee,adresse,latitude,longitude,luminosite,agglomeration,intersection,meteo,collision,nb_vehicules,nb_usagers,nb_indemnes,nb_tues,nb_blesses_hosp,nb_blesses_legers,age_cond_1,age_cond_2,veh_type_cond_1,veh_type_cond_2,lum_code,agg_code,int_code,atm_code,col_code
200800055387,0008-10-15 07:15:00,8,10,15,7,15,240,289,,44.856,0.052,Nuit sans éclairage public,Hors agglomération,Hors intersection,Normale,Trois véhicules et plus - en chaîne,,,,,,,,,,,3,1,1,1,4
200800055388,0008-10-02 17:45:00,8,10,2,17,45,240,1,,,,Plein jour,Hors agglomération,Hors intersection,Pluie légère,Deux véhicules - frontale,,,,,,,,,,,1,1,1,2,1
200800055389,0008-10-24 16:45:00,8,10,24,16,45,240,271,,,,Plein jour,Hors agglomération,Hors intersection,Normale,Autre collision,,,,,,,,,,,1,1,1,1,6
200800055390,0008-10-05 08:30:00,8,10,5,8,30,240,158,,,,Plein jour,Hors agglomération,Hors intersection,Normale,Deux véhicules - arrière,,,,,,,,,,,1,1,1,1,2
200800055391,0008-10-07 16:30:00,8,10,7,16,30,240,134,,45.663,0.563,Plein jour,Hors agglomération,Hors intersection,Pluie légère,Autre collision,,,,,,,,,,,1,1,1,2,6
200800055392,0008-10-06 17:45:00,8,10,6,17,45,240,537,,,,Plein jour,Hors agglomération,Hors intersection,Normale,Autre collision,,,,,,,,,,,1,1,1,1,6
200800055393,0008-10-31 11:45:00,8,10,31,11,45,240,59,,,,Plein jour,Hors agglomération,Hors intersection,Temps couvert,Autre collision,,,,,,,,,,,1,1,1,8,6
200800055394,0008-10-05 05:30:00,8,10,5,5,30,240,469,,45.146,0.032,Nuit sans éclairage public,Hors agglomération,Hors intersection,Normale,Autre collision,,,,,,,,,,,3,1,1,1,6
200800055395,0008-10-01 14:00:00,8,10,1,14,0,240,432,,,,Plein jour,Hors agglomération,Hors intersection,Normale,Autre collision,,,,,,,,,,,1,1,1,1,6
200800055396,0008-10-26 17:30:00,8,10,26,17,30,240,520,,,,Plein jour,Hors agglomération,Hors intersection,Normale,Autre collision,,,,,,,,,,,1,1,1,1,6
200800055397,0008-10-18 09:00:00,8,10,18,9,0,240,91,,44.787,1.221,Plein jour,Hors agglomération,Hors intersection,Normale,Deux véhicules - côté,,,,,,,,,,,1,1,1,1,3
200800055398,0008-10-08 21:00:00,8,10,8,21,0,240,130,CD 704 roue de MONTIGNAC,,,Nuit avec éclairage allumé,En agglomération,Hors intersection,Normale,Autre collision,,,,,,,,,,,5,2,1,1,6
200800055399,0008-10-15 14:30:00,8,10,15,14,30,240,491,,45.19,1.145,Plein jour,Hors agglomération,Hors intersection,Normale,Autre collision,,,,,,,,,,,1,1,1,1,6
200800055400,0008-10-29 15:15:00,8,10,29,15,15,240,491,,,,Plein jour,Hors agglomération,Hors intersection,Temps couvert,Deux véhicules - frontale,,,,,,,,,,,1,1,1,8,1
200800055401,0008-10-11 15:00:00,8,10,11,15,0,400,245,route du Graba,,,Plein jour,En agglomération,Hors intersection,Normale,Deux véhicules - frontale,,,,,,,,,,,1,2,1,1,1
200800055402,0008-10-25 02:30:00,8,10,25,2,30,400,313,,,,Nuit sans éclairage public,Hors agglomération,Giratoire,Normale,Deux véhicules - côté,,,,,,,,,,,3,1,6,1,3
200800055403,0008-10-26 17:45:00,8,10,26,17,45,400,230,,,,Plein jour,Hors agglomération,Hors intersection,Normale,Sans collision,,,,,,,,,,,1,1,1,1,7
200800055404,0008-10-01 08:30:00,8,10,1,8,30,400,38,,43.682,-0.728,Plein jour,Hors agglomération,Hors intersection,Normale,Sans collision,,,,,,,,,,,1,1,1,1,7
200800055405,0008-10-02 05:45:00,8,10,2,5,45,400,273,,43.528,-1.407,Nuit avec éclairage allumé,Hors agglomération,Hors intersection,Pluie forte,Deux véhicules - frontale,,,,,,,,,,,5,1,1,3,1
200800055406,0008-10-06 17:45:00,8,10,6,17,45,400,312,BD JACQUES DUCLOS,43.544,-1.461,Plein jour,En agglomération,Hors intersection,Normale,Autre collision,,,,,,,,,,,1,2,1,1,6
200800055407,0008-10-20 10:15:00,8,10,20,10,15,400,257,,,,Plein jour,En agglomération,Hors intersection,Normale,Autre collision,,,,,,,,,,,1,2,1,1,6
200800055408,0008-10-25 05:00:00,8,10,25,5,0,400,302,,,,Nuit sans éclairage public,Hors agglomération,Hors intersection,Normale,Autre collision,,,,,,,,,,,3,1,1,1,6
200800055409,0008-10-02 12:00:00,8,10,2,12,0,400,43,,44.158,-1.214,Plein jour,Hors agglomération,Hors intersection,Pluie forte,Deux véhicules - frontale,,,,,,,,,,,1,1,1,3,1
200800055410,0008-10-08 10:00:00,8,10,8,10,0,400,119,Chemin de balette,43.663,-0.588,Plein jour,En agglomération,Hors intersection,Normale,Deux véhicules - frontale,,,,,,,,,,,1,2,1,1,1
200800055411,0008-10-10 18:30:00,8,10,10,18,30,400,1,,,,Plein jour,Hors agglomération,Autre intersection,Normale,Deux véhicules - côté,,,,,,,,,,,1,1,9,1,3
200800055412,0008-10-26 00:30:00,8,10,26,0,30,400,97,,43.698,-0.383,Nuit sans éclairage public,Hors agglomération,Hors intersection,Normale,Autre collision,,,,,,,,,,,3,1,1,1,6
200800055413,0008-10-13 11:15:00,8,10,13,11,15,400,100,,43.937,-0.237,Plein jour,En agglomération,Hors intersection,Normale,Autre collision,,,,,,,,,,,1,2,1,1,6
200800055414,0008-10-30 10:45:00,8,10,30,10,45,400,161,,44.101,-0.019,Plein jour,Hors agglomération,Hors intersection,Normale,Deux véhicules - frontale,,,,,,,,,,,1,1,1,1,1
200800055415,0008-10-21 17:45:00,8,10,21,17,45,470,19,,44.275,0.686,Plein jour,Hors agglomération,Hors intersection,Pluie légère,Deux véhicules - frontale,,,,,,,,,,,1,1,1,2,1
200800055416,0008-10-23 14:30:00,8,10,23,14,30,470,100,,44.24,0.614,Plein jour,Hors agglomération,Hors intersection,Normale,Trois véhicules et plus - en chaîne,,,,,,,,,,,1,1,1,1,4
200800055417,0008-10-26 15:00:00,8,10,26,15,0,470,19,,,,Plein jour,Hors agglomération,Hors intersection,Normale,Sans collision,,,,,,,,,,,1,1,1,1,7
200800055418,0008-10-10 22:15:00,8,10,10,22,15,470,300,,,,Nuit sans éclairage public,Hors agglomération,Hors intersection,Normale,Deux véhicules - frontale,,,,,,,,,,,3,1,1,1,1
200800055419,0008-10-14 08:15:00,8,10,14,8,15,470,4,,,,Plein jour,Hors agglomération,Hors intersection,Brouillard / fumée,Deux véhicules - frontale,,,,,,,,,,,1,1,1,5,1
200800055420,0008-10-24 20:30:00,8,10,24,20,30,470,62,,,,Nuit sans éclairage public,Hors agglomération,Hors intersection,Normale,Deux véhicules - arrière,,,,,,,,,,,3,1,1,1,2
200800055421,0008-10-26 16:45:00,8,10,26,16,45,470,138,,,,Plein jour,Hors agglomération,Hors intersection,Normale,Deux véhicules - frontale,,,,,,,,,,,1,1,1,1,1
200800055422,0008-10-04 10:15:00,8,10,4,10,15,470,168,,44.572,0.36,Plein jour,Hors agglomération,Hors intersection,Normale,Autre collision,,,,,,,,,,,1,1,1,1,6
200800055423,0008-10-13 17:30:00,8,10,13,17,30,470,290,,44.651,0.343,Plein jour,Hors agglomération,Hors intersection,Normale,Deux véhicules - côté,,,,,,,,,,,1,1,1,1,3
200800055424,0008-10-14 19:00:00,8,10,14,19,0,470,301,,44.526,0.28,Nuit sans éclairage public,Hors agglomération,Hors intersection,Normale,Sans collision,,,,,,,,,,,3,1,1,1,7
200800055425,0008-10-01 17:30:00,8,10,1,17,30,470,131,,,,Plein jour,Hors agglomération,Hors intersection,Pluie légère,Deux véhicules - frontale,,,,,,,,,,,1,1,1,2,1
200800055426,0008-10-04 20:00:00,8,10,4,20,0,470,130,,44.406,0.239,Nuit sans éclairage public,Hors agglomération,Hors intersection,Normale,Autre collision,,,,,,,,,,,3,1,1,1,6
200800055427,0008-10-26 17:00:00,8,10,26,17,0,470,46,,,,Plein jour,Hors agglomération,Hors intersection,Normale,Autre collision,,,,,,,,,,,1,1,1,1,6
200800055428,0008-10-05 14:15:00,8,10,5,14,15,470,119,,44.17,0.024,Plein jour,Hors agglomération,Hors intersection,Normale,Autre collision,,,,,,,,,,,1,1,1,1,6
200800055429,0008-10-15 12:45:00,8,10,15,12,45,470,123,le bourg,,,Plein jour,En agglomération,Hors intersection,Normale,Autre collision,,,,,,,,,,,1,2,1,1,6
200800055430,0008-10-31 16:30:00,8,10,31,16,30,470,146,,,,Crépuscule ou aube,Hors agglomération,Hors intersection,Pluie légère,Deux véhicules - frontale,,,,,,,,,,,2,1,1,2,1
200800055431,0008-10-04 14:30:00,8,10,4,14,30,470,33,,,,Plein jour,Hors agglomération,Hors intersection,Normale,Deux véhicules - frontale,,,,,,,,,,,1,1,1,1,1
200800055432,0008-10-06 17:45:00,8,10,6,17,45,640,238,,,,Plein jour,Hors agglomération,Hors intersection,Normale,Trois véhicules et plus - collisions multiples,,,,,,,,,,,1,1,1,1,5
200800055433,0008-10-09 20:15:00,8,10,9,20,15,640,208,chemin argeles,43.422,-0.244,Nuit avec éclairage allumé,En agglomération,Hors intersection,Normale,Sans collision,,,,,,,,,,,5,2,1,1,7
200800055434,0008-10-30 08:30:00,8,10,30,8,30,640,517,,43.493,-0.089,Plein jour,Hors agglomération,Hors intersection,Pluie forte,Autre collision,,,,,,,,,,,1,1,1,3,6
200800055435,0008-10-26 18:00:00,8,10,26,18,0,640,308,,43.488,-0.326,Crépuscule ou aube,Hors agglomération,Hors intersection,Normale,Deux véhicules - frontale,,,,,,,,,,,2,1,1,1,1
200800055436,0008-10-19 20:00:00,8,10,19,20,0,640,147,,43.471,-1.292,Nuit sans éclairage public,Hors agglomération,Hors intersection,Normale,Deux véhicules - côté,,,,,,,,,,,3,1,1,1,3
200800055437,0008-10-15 12:00:00,8,10,15,12,0,640,527,bourg,43.344,-1.471,Plein jour,En agglomération,Hors intersection,Normale,Deux véhicules - frontale,,,,,,,,,,,1,2,1,1,1
200800055438,0008-10-15 11:45:00,8,10,15,11,45,640,371,Boulevard Gambetta,43.222,-0.892,Plein jour,En agglomération,Hors intersection,Normale,Deux véhicules - côté,,,,,,,,,,,1,2,1,1,3
200800055439,0008-10-23 15:45:00,8,10,23,15,45,640,371,BOULVEVARD GAMBETTA,43.228,-0.889,Plein jour,En agglomération,Hors intersection,Normale,Autre collision,,,,,,,,,,,1,2,1,1,6
200800055440,0008-10-25 18:45:00,8,10,25,18,45,640,537,,43.143,-0.876,Crépuscule ou aube,Hors agglomération,Intersection en T,Normale,Deux véhicules - côté,,,,,,,,,,,2,1,3,1,3
200800055441,0008-10-31 18:30:00,8,10,31,18,30,640,485,place de la mairie,,,Nuit avec éclairage allumé,En agglomération,Autre intersection,Pluie légère,Autre collision,,,,,,,,,,,5,2,9,2,6
200800055442,0008-10-15 15:30:00,8,10,15,15,30,640,156,,43.164,-0.478,Plein jour,Hors agglomération,Hors intersection,Normale,Deux véhicules - frontale,,,,,,,,,,,1,1,1,1,1
200800055443,0008-10-17 20:45:00,8,10,17,20,45,640,62,rue du parc national,,,Nuit avec éclairage allumé,En agglomération,Hors intersection,Normale,Deux véhicules - côté,,,,,,,,,,,5,2,1,1,3
200800055444,0008-10-01 17:15:00,8,10,1,17,15,860,135,,,,Plein jour,Hors agglomération,Hors intersection,Normale,Autre collision,,,,,,,,,,,1,1,1,1,6
200800055445,0008-10-22 16:00:00,8,10,22,16,0,860,139,Avenue de Poitiers,,,Plein jour,En agglomération,Hors intersection,Normale,Deux véhicules - côté,,,,,,,,,,,1,2,1,1,3
200800055446,0008-10-25 20:00:00,8,10,25,20,0,860,213,,,,Nuit sans éclairage public,Hors agglomération,Hors intersection,Normale,Autre collision,,,,,,,,,,,3,1,1,1,6
200800055447,0008-10-07 11:45:00,8,10,7,11,45,860,30,,46.735,0.211,Plein jour,Hors agglomération,Hors intersection,Normale,Autre collision,,,,,,,,,,,1,1,1,1,6
200800055448,0008-10-26 19:45:00,8,10,26,19,45,860,174,,,,Nuit sans éclairage public,Hors agglomération,Hors intersection,Normale,Deux véhicules - arrière,,,,,,,,,,,3,1,1,1,2
200800055449,0008-10-18 12:45:00,8,10,18,12,45,860,224,,46.914,0.449,Plein jour,Hors agglomération,Hors intersection,Normale,Deux véhicules - frontale,,,,,,,,,,,1,1,1,1,1
200800055450,0008-10-20 21:00:00,8,10,20,21,0,860,86,,46.818,0.713,Nuit sans éclairage public,Hors agglomération,Hors intersection,Normale,Autre collision,,,,,,,,,,,3,1,1,1,6
200800055451,0008-10-25 17:15:00,8,10,25,17,15,860,259,19 rue du Lavoir,46.786,0.607,Plein jour,En agglomération,Hors intersection,Normale,Autre collision,,,,,,,,,,,1,2,1,1,6
200800055452,0008-10-27 16:15:00,8,10,27,16,15,860,9,,,,Plein jour,Hors agglomération,Hors intersection,Normale,Deux véhicules - frontale,,,,,,,,,,,1,1,1,1,1
200800055453,0008-10-04 18:15:00,8,10,4,18,15,860,149,rue Poidisere LD VATRE,46.923,0.06,Plein jour,En agglomération,Hors intersection,Normale,Deux véhicules - côté,,,,,,,,,,,1,2,1,1,3
200800055454,0008-10-25 11:15:00,8,10,25,11,15,860,286,,46.9,0.19,Plein jour,Hors agglomération,Intersection en T,Normale,Deux véhicules - côté,,,,,,,,,,,1,1,3,1,3
200800055455,0008-10-17 16:00:00,8,10,17,16,0,860,192,,46.295,0.847,Plein jour,Hors agglomération,Intersection en X,Normale,Deux véhicules - côté,,,,,,,,,,,1,1,2,1,3
200800055456,0008-10-04 10:15:00,8,10,4,10,15,860,70,rue du Marche,46.572,0.649,Plein jour,En agglomération,Hors intersection,Normale,Autre collision,,,,,,,,,,,1,2,1,1,6
200800055457,0008-10-26 18:15:00,8,10,26,18,15,860,255,,,,Crépuscule ou aube,Hors agglomération,Intersection en X,Normale,Deux véhicules - côté,,,,,,,,,,,2,1,2,1,3
200800055458,0008-10-01 23:45:00,8,10,1,23,45,860,140,RN147 Bel Air,,,Nuit avec éclairage allumé,En agglomération,Hors intersection,Temps couvert,Deux véhicules - frontale,,,,,,,,,,,5,2,1,8,1
200800055459,0008-10-25 05:15:00,8,10,25,5,15,860,6,,46.549,0.859,Nuit sans éclairage public,Hors agglomération,Hors intersection,Brouillard / fumée,Autre collision,,,,,,,,,,,3,1,1,5,6
200800055460,0008-10-09 21:00:00,8,10,9,21,0,160,355,,45.75,-0.451,Nuit sans éclairage public,Hors agglomération,Hors intersection,Normale,Sans collision,,,,,,,,,,,3,1,1,1,7
200800055461,0008-10-18 08:45:00,8,10,18,8,45,160,384,,45.354,-0.202,Plein jour,Hors agglomération,Autre intersection,Normale,Deux véhicules - frontale,,,,,,,,,,,1,1,9,1,1
200800055462,0008-10-10 23:45:00,8,10,10,23,45,160,31,,46.002,0.216,Nuit sans éclairage public,Hors agglomération,Hors intersection,Temps couvert,Deux véhicules - frontale,,,,,,,,,,,3,1,1,8,1
200800055463,0008-10-04 09:45:00,8,10,4,9,45,160,244,,,,Plein jour,Hors agglomération,Hors intersection,Normale,Deux véhicules - côté,,,,,,,,,,,1,1,1,1,3
200800055464,0008-10-25 15:45:00,8,10,25,15,45,160,78,,45.696,0.196,Plein jour,Hors agglomération,Hors intersection,Normale,Deux véhicules - arrière,,,,,,,,,,,1,1,1,1,2
200800055465,0008-10-13 04:45:00,8,10,13,4,45,160,385,,45.677,0.247,Nuit sans éclairage public,Hors agglomération,Hors intersection,Normale,Autre collision,,,,,,,,,,,3,1,1,1,6
200800055466,0008-10-25 17:45:00,8,10,25,17,45,160,385,,,,Plein jour,Hors agglomération,Hors intersection,Normale,Deux véhicules - arrière,,,,,,,,,,,1,1,1,1,2
200800055467,0008-10-25 22:30:00,8,10,25,22,30,160,61,,,,Nuit sans éclairage public,En agglomération,Hors intersection,Normale,Sans collision,,,,,,,,,,,3,2,1,1,7
200800055468,0008-10-29 19:00:00,8,10,29,19,0,160,262,,45.766,-0.108,Nuit sans éclairage public,Hors agglomération,Hors intersection,Normale,Trois véhicules et plus - collisions multiples,,,,,,,,,,,3,1,1,1,5
200800055469,0008-10-30 16:30:00,8,10,30,16,30,160,286,,,,Plein jour,Hors agglomération,Hors intersection,Pluie forte,Deux véhicules - frontale,,,,,,,,,,,1,1,1,3,1
200800055470,0008-10-06 08:30:00,8,10,6,8,30,170,109,,,,Plein jour,Hors agglomération,Hors intersection,Pluie légère,Deux véhicules - côté,,,,,,,,,,,1,1,1,2,3
200800055471,0008-10-09 16:15:00,8,10,9,16,15,170,297,,46.157,-1.281,Plein jour,Hors agglomération,Hors intersection,Normale,Deux véhicules - frontale,,,,,,,,,,,1,1,1,1,1
200800055472,0008-10-12 22:00:00,8,10,12,22,0,170,233,,45.449,-0.376,Nuit sans éclairage public,Hors agglomération,Hors intersection,Normale,Trois véhicules et plus - collisions multiples,,,,,,,,,,,3,1,1,1,5
200800055473,0008-10-22 19:30:00,8,10,22,19,30,170,236,avenue de la Republique,,,Crépuscule ou aube,En agglomération,Hors intersection,Normale,Deux véhicules - arrière,,,,,,,,,,,2,2,1,1,2
200800055474,0008-10-04 20:15:00,8,10,4,20,15,170,21,RUE DES JUSTICES,,,Nuit avec éclairage allumé,En agglomération,Hors intersection,Normale,Deux véhicules - frontale,,,,,,,,,,,5,2,1,1,1
200800055475,0008-10-22 12:00:00,8,10,22,12,0,170,107,,,,Plein jour,Hors agglomération,Hors intersection,Normale,Trois véhicules et plus - collisions multiples,,,,,,,,,,,1,1,1,1,5
200800055476,0008-10-28 14:00:00,8,10,28,14,0,170,338,,46.15,-0.71,Plein jour,Hors agglomération,Hors intersection,Normale,Autre collision,,,,,,,,,,,1,1,1,1,6
200800055477,0008-10-30 14:00:00,8,10,30,14,0,170,434,29 rue Audry de Puyravau,46.11,-0.75,Plein jour,En agglomération,Hors intersection,Pluie forte,Deux véhicules - frontale,,,,,,,,,,,1,2,1,3,1
200800055478,0008-10-20 19:15:00,8,10,20,19,15,170,133,,,,Nuit sans éclairage public,Hors agglomération,Hors intersection,Normale,Deux véhicules - frontale,,,,,,,,,,,3,1,1,1,1
200800055479,0008-10-09 15:00:00,8,10,9,15,0,170,347,ROND POINT DE LA POSTE,,,Plein jour,En agglomération,Giratoire,Normale,Deux véhicules - côté,,,,,,,,,,,1,2,6,1,3
200800055480,0008-10-15 14:00:00,8,10,15,14,0,170,124,,46.036,-0.619,Plein jour,Hors agglomération,Hors intersection,Normale,Autre collision,,,,,,,,,,,1,1,1,1,6
200800055481,0008-10-16 07:30:00,8,10,16,7,30,170,223,,45.875,-0.283,Crépuscule ou aube,Hors agglomération,Hors intersection,Pluie forte,Autre collision,,,,,,,,,,,2,1,1,3,6
200800055482,0008-10-05 13:45:00,8,10,5,13,45,790,66,,46.447,-0.389,Plein jour,Hors agglomération,Intersection en X,Pluie légère,Deux véhicules - côté,,,,,,,,,,,1,1,2,2,3
200800055483,0008-10-07 12:00:00,8,10,7,12,0,790,66,rue de geneve,46.487,-0.407,Plein jour,En agglomération,Intersection en T,Normale,Deux véhicules - côté,,,,,,,,,,,1,2,3,1,3
200800055484,0008-10-14 18:30:00,8,10,14,18,30,790,133,,46.431,-0.393,Crépuscule ou aube,Hors agglomération,Hors intersection,Normale,Deux véhicules - frontale,,,,,,,,,,,2,1,1,1,1
200800055485,0008-10-05 10:00:00,8,10,5,10,0,790,294,44 GRANDE RUE,46.208,-0.345,Plein jour,En agglomération,Hors intersection,Normale,Trois véhicules et plus - collisions multiples,,,,,,,,,,,1,2,1,1,5
200800055486,0008-10-24 22:30:00,8,10,24,22,30,790,128,,,,Nuit sans éclairage public,Hors agglomération,Hors intersection,Normale,Deux véhicules - arrière,,,,,,,,,,,3,1,1,1,2
200800055487,0008-10-20 10:00:00,8,10,20,10,0,790,237,,46.952,-0.683,Plein jour,Hors agglomération,Hors intersection,Normale,Deux véhicules - côté,,,,,,,,,,,1,1,1,1,3
200800055488,0008-10-23 23:00:00,8,10,23,23,0,790,195,rue de la vendee,46.961,-0.592,Nuit avec éclairage allumé,En agglomération,Hors intersection,Normale,Sans collision,,,,,,,,,,,5,2,1,1,7
200800055489,0008-10-28 13:45:00,8,10,28,13,45,790,356,,,,Plein jour,Hors agglomération,Hors intersection,Normale,Deux véhicules - frontale,,,,,,,,,,,1,1,1,1,1
200800055490,0008-10-31 05:45:00,8,10,31,5,45,790,195,,,,Nuit avec éclairage allumé,En agglomération,Giratoire,Pluie légère,Autre collision,,,,,,,,,,,5,2,6,2,6
200800055491,0008-10-11 20:30:00,8,10,11,20,30,790,134,,,,Nuit sans éclairage public,Hors agglomération,Hors intersection,Normale,Autre collision,,,,,,,,,,,3,1,1,1,6
200800055492,0008-10-12 15:45:00,8,10,12,15,45,790,171,,,,Plein jour,Hors agglomération,Hors intersection,Normale,Autre collision,,,,,,,,,,,1,1,1,1,6
200800055493,0008-10-20 12:30:00,8,10,20,12,30,790,265,,,,Plein jour,Hors agglomération,Hors intersection,Temps couvert,Deux véhicules - frontale,,,,,,,,,,,1,1,1,8,1
200800055494,0008-10-18 16:00:00,8,10,18,16,0,790,164,,46.19,-0.039,Plein jour,Hors agglomération,Hors intersection,Normale,Deux véhicules - frontale,,,,,,,,,,,1,1,1,1,1
200800055495,0008-10-05 10:00:00,8,10,5,10,0,790,322,"D949 BIS, bois vert",,,Plein jour,En agglomération,Hors intersection,Normale,Deux véhicules - côté,,,,,,,,,,,1,2,1,1,3
200800055496,0008-10-10 17:45:00,8,10,10,17,45,790,322,Bd de l'Atlantique,,,Plein jour,En agglomération,Hors intersection,Normale,Deux véhicules - arrière,,,,,,,,,,,1,2,1,1,2
200800055497,0008-10-22 15:30:00,8,10,22,15,30,790,225,avenue de la grande aube,,,Plein jour,En agglomération,Hors intersection,Normale,Deux véhicules - frontale,,,,,,,,,,,1,2,1,1,1
200800055498,0008-10-06 17:30:00,8,10,6,17,30,790,167,,,,Plein jour,En agglomération,Intersection en Y,Normale,Deux véhicules - frontale,,,,,,,,,,,1,2,4,1,1
200800055499,0008-10-24 18:45:00,8,10,24,18,45,790,239,,46.674,-0.323,Plein jour,Hors agglomération,Hors intersection,Normale,Deux véhicules - côté,,,,,,,,,,,1,1,1,1,3
200800055500,0008-10-01 08:30:00,8,10,1,8,30,870,202,,45.907,1.079,Plein jour,Hors agglomération,Hors intersection,Normale,Autre collision,,,,,,,,,,,1,1,1,1,6
200800055501,0008-10-13 11:30:00,8,10,13,11,30,870,201,,45.853,1.17,Plein jour,Hors agglomération,Hors intersection,Normale,Deux véhicules - frontale,,,,,,,,,,,1,1,1,1,1
200800055502,0008-10-10 20:15:00,8,10,10,20,15,870,2,,45.948,1.387,Nuit avec éclairage allumé,Hors agglomération,Hors intersection,Normale,Deux véhicules - arrière,,,,,,,,,,,5,1,1,1,2
200800055503,0008-10-01 18:15:00,8,10,1,18,15,870,71,,45.609,0.976,Plein jour,Hors agglomération,Hors intersection,Normale,Autre collision,,,,,,,,,,,1,1,1,1,6
200800055504,0008-10-12 14:00:00,8,10,12,14,0,870,112,,45.688,1.009,Plein jour,Hors agglomération,Hors intersection,Normale,Deux véhicules - arrière,,,,,,,,,,,1,1,1,1,2
200800055505,0008-10-15 23:00:00,8,10,15,23,0,870,112,,45.699,0.987,Nuit sans éclairage public,Hors agglomération,Hors intersection,Normale,Sans collision,,,,,,,,,,,3,1,1,1,7
200800055506,0008-10-22 11:30:00,8,10,22,11,30,870,112,,45.689,1.006,Plein jour,Hors agglomération,Hors intersection,Normale,Trois véhicules et plus - collisions multiples,,,,,,,,,,,1,1,1,1,5
200800055507,0008-10-26 04:45:00,8,10,26,4,45,870,187,,45.517,1.149,Nuit sans éclairage public,Hors agglomération,Hors intersection,Normale,Autre collision,,,,,,,,,,,3,1,1,1,6
200800055508,0008-10-27 13:15:00,8,10,27,13,15,870,139,,46.163,0.961,Plein jour,Hors agglomération,Hors intersection,Pluie légère,Deux véhicules - côté,,,,,,,,,,,1,1,1,2,3
200800055509,0008-10-18 11:00:00,8,10,18,11,0,870,87,,46.333,1.18,Plein jour,Hors agglomération,Hors intersection,Normale,Autre collision,,,,,,,,,,,1,1,1,1,6
200800055510,0008-10-19 23:30:00,8,10,19,23,30,870,140,Rue Jean Moulin,45.883,0.951,Nuit avec éclairage allumé,En agglomération,Hors intersection,Normale,Sans collision,,,,,,,,,,,5,2,1,1,7
200800055511,0008-10-24 14:30:00,8,10,24,14,30,870,185,,,,Plein jour,Hors agglomération,Hors intersection,Normale,Autre collision,,,,,,,,,,,1,1,1,1,6
200800055512,0008-10-11 17:15:00,8,10,11,17,15,870,158,RUE DE LA BORIE,45.774,0.963,Plein jour,En agglomération,Hors intersection,Normale,Autre collision,,,,,,,,,,,1,2,1,1,6
200800055513,0008-10-01 18:00:00,8,10,1,18,0,190,96,,45.223,1.825,Plein jour,Hors agglomération,Hors intersection,Normale,Deux véhicules - côté,,,,,,,,,,,1,1,1,1,3
200800055514,0008-10-18 10:30:00,8,10,18,10,30,190,81,,45.56,1.562,Plein jour,Hors agglomération,Hors intersection,Normale,Autre collision,,,,,,,,,,,1,1,1,1,6
200800055515,0008-10-05 17:00:00,8,10,5,17,0,190,36,Route d'Uzerche,45.583,1.719,Plein jour,En agglomération,Hors intersection,Normale,Deux véhicules - frontale,,,,,,,,,,,1,2,1,1,1
200800055516,0008-10-14 10:00:00,8,10,14,10,0,190,118,,45.46,1.706,Plein jour,Hors agglomération,Hors intersection,Normale,Autre collision,,,,,,,,,,,1,1,1,1,6
200800055517,0008-10-23 17:15:00,8,10,23,17,15,190,178,,45.27,1.55,Plein jour,Hors agglomération,Intersection en X,Normale,Trois véhicules et plus - collisions multiples,,,,,,,,,,,1,1,2,1,5
200800055518,0008-10-18 14:15:00,8,10,18,14,15,190,279,,,,Plein jour,Hors agglomération,Autre intersection,Normale,Deux véhicules - côté,,,,,,,,,,,1,1,9,1,3
200800055519,0008-10-12 10:45:00,8,10,12,10,45,230,4,,46.237,1.853,Plein jour,Hors agglomération,Hors intersection,Normale,Autre collision,,,,,,,,,,,1,1,1,1,6
200800055520,0008-10-17 12:00:00,8,10,17,12,0,230,6,,46.093,1.562,Plein jour,Hors agglomération,Intersection en X,Normale,Deux véhicules - côté,,,,,,,,,,,1,1,2,1,3
200800055521,0008-10-21 05:00:00,8,10,21,5,0,230,247,,46.195,1.782,Nuit sans éclairage public,Hors agglomération,Hors intersection,Pluie forte,Autre collision,,,,,,,,,,,3,1,1,3,6
200800055522,0008-10-26 12:00:00,8,10,26,12,0,230,36,,46.255,1.718,Plein jour,Hors agglomération,Hors intersection,Normale,Autre collision,,,,,,,,,,,1,1,1,1,6
200800055523,0008-10-06 02:00:00,8,10,6,2,0,230,177,,46.289,1.473,Nuit sans éclairage public,Hors agglomération,Hors intersection,Pluie légère,Autre collision,,,,,,,,,,,3,1,1,2,6
200800055524,0008-10-14 08:15:00,8,10,14,8,15,230,176,Boulevard Mastadier,46.242,1.486,Plein jour,En agglomération,Autre intersection,Normale,Autre collision,,,,,,,,,,,1,2,9,1,6