accident_id,datetime,annee,mois,jour,heure,minute,departement,commune_insee,adresse,latitude,longitude,luminosite,agglomeration,intersection,meteo,collision,nb_vehicules,nb_usagers,nb_indemnes,nb_tues,nb_blesses_hosp,nb_blesses_legers,age_cond_1,age_cond_2,veh_type_cond_1,veh_type_cond_2,lum_code,agg_code,int_code,atm_code,col_code
200800055664,0008-10-14 19:45:00,8,10,14,19,45,10,245,,,,Nuit sans éclairage public,Hors agglomération,Intersection en X,Normale,Deux véhicules - côté,,,,,,,,,,,3,1,2,1,3
200800055665,0008-10-17 17:45:00,8,10,17,17,45,10,72,,,,Plein jour,Hors agglomération,Hors intersection,Normale,Deux véhicules - frontale,,,,,,,,,,,1,1,1,1,1
200800055666,0008-10-11 19:45:00,8,10,11,19,45,10,364,,,,Nuit sans éclairage public,Hors agglomération,Hors intersection,Normale,Sans collision,,,,,,,,,,,3,1,1,1,7
200800055667,0008-10-26 16:00:00,8,10,26,16,0,10,273,,,,Plein jour,Hors agglomération,Hors intersection,Normale,Deux véhicules - frontale,,,,,,,,,,,1,1,1,1,1
200800055668,0008-10-26 15:15:00,8,10,26,15,15,10,199,,,,Plein jour,Hors agglomération,Hors intersection,Normale,Deux véhicules - frontale,,,,,,,,,,,1,1,1,1,1
200800055669,0008-10-24 16:30:00,8,10,24,16,30,10,320,route du creux,,,Plein jour,En agglomération,Hors intersection,Normale,Deux véhicules - frontale,,,,,,,,,,,1,2,1,1,1
200800055670,0008-10-30 15:30:00,8,10,30,15,30,10,320,Rue de la Levee,,,Plein jour,En agglomération,Hors intersection,Pluie forte,Deux véhicules - côté,,,,,,,,,,,1,2,1,3,3
200800055671,0008-10-10 18:30:00,8,10,10,18,30,10,271,,,,Plein jour,Hors agglomération,Hors intersection,Normale,Sans collision,,,,,,,,,,,1,1,1,1,7
200800055672,0008-10-26 14:30:00,8,10,26,14,30,10,34,,,,Plein jour,Hors agglomération,Hors intersection,Normale,Deux véhicules - frontale,,,,,,,,,,,1,1,1,1,1
200800055673,0008-10-29 18:30:00,8,10,29,18,30,10,10,,45.876,5.805,Nuit sans éclairage public,Hors agglomération,Hors intersection,Normale,Autre collision,,,,,,,,,,,3,1,1,1,6
200800055674,0008-10-07 12:15:00,8,10,7,12,15,10,4,rue Alexandre BERARD,45.975,5.353,Plein jour,En agglomération,Hors intersection,Normale,Deux véhicules - frontale,,,,,,,,,,,1,2,1,1,1
200800055675,0008-10-11 13:45:00,8,10,11,13,45,10,384,,45.957,5.476,Plein jour,Hors agglomération,Hors intersection,Normale,Deux véhicules - frontale,,,,,,,,,,,1,1,1,1,1
200800055676,0008-10-18 19:45:00,8,10,18,19,45,10,4,chemin de ronde,45.963,5.357,Nuit avec éclairage allumé,En agglomération,Hors intersection,Normale,Autre collision,,,,,,,,,,,5,2,1,1,6
200800055677,0008-10-20 21:15:00,8,10,20,21,15,10,4,,,,Nuit sans éclairage public,Hors agglomération,Hors intersection,Normale,Autre collision,,,,,,,,,,,3,1,1,1,6
200800055678,0008-10-21 18:00:00,8,10,21,18,0,10,89,,,,Crépuscule ou aube,Hors agglomération,Hors intersection,Pluie légère,Deux véhicules - frontale,,,,,,,,,,,2,1,1,2,1
200800055679,0008-10-23 19:45:00,8,10,23,19,45,10,41,,45.951,5.343,Nuit sans éclairage public,Hors agglomération,Hors intersection,Normale,Sans collision,,,,,,,,,,,3,1,1,1,7
200800055680,0008-10-18 11:45:00,8,10,18,11,45,10,265,,46.199,5.592,Plein jour,Hors agglomération,Hors intersection,Normale,Deux véhicules - frontale,,,,,,,,,,,1,1,1,1,1
200800055681,0008-10-18 16:00:00,8,10,18,16,0,10,269,rue du docteur grezel,46.155,5.606,Plein jour,En agglomération,Hors intersection,Normale,Autre collision,,,,,,,,,,,1,2,1,1,6
200800055682,0008-10-02 14:00:00,8,10,2,14,0,10,33,,,,Plein jour,Hors agglomération,Hors intersection,Normale,Autre collision,,,,,,,,,,,1,1,1,1,6
200800055683,0008-10-21 20:00:00,8,10,21,20,0,10,33,rue Joseph Marion,,,Nuit avec éclairage allumé,En agglomération,Hors intersection,Pluie légère,Autre collision,,,,,,,,,,,5,2,1,2,6
200800055684,0008-10-26 11:30:00,8,10,26,11,30,10,215,,,,Nuit sans éclairage public,Hors agglomération,Hors intersection,Pluie légère,Autre collision,,,,,,,,,,,3,1,1,2,6
200800055685,0008-10-17 15:00:00,8,10,17,15,0,10,71,Chemin des longes rayes,,,Plein jour,En agglomération,Hors intersection,Normale,Deux véhicules - frontale,,,,,,,,,,,1,2,1,1,1
200800055686,0008-10-23 20:45:00,8,10,23,20,45,10,153,,,,Nuit sans éclairage public,Hors agglomération,Hors intersection,Normale,Deux véhicules - frontale,,,,,,,,,,,3,1,1,1,1
200800055687,0008-10-24 23:30:00,8,10,24,23,30,10,103,RUE SAINT MAURICE,,,Nuit avec éclairage allumé,En agglomération,Hors intersection,Normale,Autre collision,,,,,,,,,,,5,2,1,1,6
200800055688,0008-10-03 10:30:00,8,10,3,10,30,10,209,,,,Nuit sans éclairage public,Hors agglomération,Hors intersection,Pluie forte,Deux véhicules - frontale,,,,,,,,,,,3,1,1,3,1
200800055689,0008-10-02 01:30:00,8,10,2,1,30,10,209,,,,Nuit sans éclairage public,Hors agglomération,Hors intersection,Normale,Autre collision,,,,,,,,,,,3,1,1,1,6
200800055690,0008-10-14 19:00:00,8,10,14,19,0,10,209,,,,Nuit sans éclairage public,Hors agglomération,Hors intersection,Normale,Deux véhicules - frontale,,,,,,,,,,,3,1,1,1,1
200800055691,0008-10-26 20:00:00,8,10,26,20,0,10,109,,,,Nuit sans éclairage public,Hors agglomération,Hors intersection,Temps couvert,Deux véhicules - frontale,,,,,,,,,,,3,1,1,8,1
200800055692,0008-10-01 22:45:00,8,10,1,22,45,10,361,,,,Nuit avec éclairage allumé,En agglomération,Hors intersection,Normale,Deux véhicules - frontale,,,,,,,,,,,5,2,1,1,1
200800055693,0008-10-12 07:45:00,8,10,12,7,45,10,290,,,,Plein jour,Hors agglomération,Hors intersection,Normale,Autre collision,,,,,,,,,,,1,1,1,1,6
200800055694,0008-10-24 07:15:00,8,10,24,7,15,10,244,,,,Crépuscule ou aube,En agglomération,Hors intersection,Normale,Deux véhicules - côté,,,,,,,,,,,2,2,1,1,3
200800055695,0008-10-31 19:15:00,8,10,31,19,15,10,371,LE VILLAGE,,,Nuit avec éclairage allumé,En agglomération,Hors intersection,Pluie légère,Trois véhicules et plus - collisions multiples,,,,,,,,,,,5,2,1,2,5
200800055696,0008-10-11 16:00:00,8,10,11,16,0,10,420,,,,Plein jour,En agglomération,Hors intersection,Normale,Deux véhicules - frontale,,,,,,,,,,,1,2,1,1,1
200800055697,0008-10-15 11:30:00,8,10,15,11,30,10,389,,46.061,4.896,Plein jour,Hors agglomération,Hors intersection,Normale,Autre collision,,,,,,,,,,,1,1,1,1,6
200800055698,0008-10-25 23:45:00,8,10,25,23,45,10,389,,46.08,4.904,Nuit sans éclairage public,Hors agglomération,Hors intersection,Normale,Sans collision,,,,,,,,,,,3,1,1,1,7
200800055699,0008-10-04 11:15:00,8,10,4,11,15,70,296,,,,Plein jour,Hors agglomération,Hors intersection,Normale,Deux véhicules - côté,,,,,,,,,,,1,1,1,1,3
200800055700,0008-10-18 17:15:00,8,10,18,17,15,70,278,,,,Plein jour,Hors agglomération,Hors intersection,Normale,Sans collision,,,,,,,,,,,1,1,1,1,7
200800055701,0008-10-02 06:30:00,8,10,2,6,30,70,346,,,,Nuit sans éclairage public,Hors agglomération,Hors intersection,Normale,Trois véhicules et plus - collisions multiples,,,,,,,,,,,3,1,1,1,5
200800055702,0008-10-09 07:00:00,8,10,9,7,0,70,341,,44.575,4.505,Crépuscule ou aube,Hors agglomération,Hors intersection,Pluie légère,Deux véhicules - frontale,,,,,,,,,,,2,1,1,2,1
200800055703,0008-10-05 14:00:00,8,10,5,14,0,70,22,,,,Plein jour,Hors agglomération,Hors intersection,Normale,Deux véhicules - frontale,,,,,,,,,,,1,1,1,1,1
200800055704,0008-10-02 14:45:00,8,10,2,14,45,70,156,,,,Plein jour,Hors agglomération,Hors intersection,Normale,Autre collision,,,,,,,,,,,1,1,1,1,6
200800055705,0008-10-25 11:45:00,8,10,25,11,45,70,33,,,,Plein jour,Hors agglomération,Hors intersection,Normale,Deux véhicules - frontale,,,,,,,,,,,1,1,1,1,1
200800055706,0008-10-26 17:30:00,8,10,26,17,30,70,201,,,,Plein jour,Hors agglomération,Hors intersection,Normale,Autre collision,,,,,,,,,,,1,1,1,1,6
200800055707,0008-10-16 11:45:00,8,10,16,11,45,70,31,,44.37,4.2,Plein jour,Hors agglomération,Hors intersection,Normale,Deux véhicules - côté,,,,,,,,,,,1,1,1,1,3
200800055708,0008-10-17 08:45:00,8,10,17,8,45,70,294,,,,Plein jour,Hors agglomération,Hors intersection,Temps éblouissant,Deux véhicules - côté,,,,,,,,,,,1,1,1,7,3
200800055709,0008-10-31 12:15:00,8,10,31,12,15,70,50,,44.41,4.14,Plein jour,Hors agglomération,Hors intersection,Pluie forte,Deux véhicules - côté,,,,,,,,,,,1,1,1,3,3
200800055710,0008-10-31 10:30:00,8,10,31,10,30,70,24,,44.37,4.16,Plein jour,Hors agglomération,Hors intersection,Pluie légère,Autre collision,,,,,,,,,,,1,1,1,2,6
200800055711,0008-10-17 11:00:00,8,10,17,11,0,70,204,,45.037,4.41,Plein jour,Hors agglomération,Hors intersection,Normale,Autre collision,,,,,,,,,,,1,1,1,1,6
200800055712,0008-10-05 07:15:00,8,10,5,7,15,260,212,,,,Plein jour,Hors agglomération,Hors intersection,Normale,Deux véhicules - frontale,,,,,,,,,,,1,1,1,1,1
200800055713,0008-10-18 15:45:00,8,10,18,15,45,260,206,,,,Plein jour,Hors agglomération,Intersection en X,Normale,Deux véhicules - côté,,,,,,,,,,,1,1,2,1,3
200800055714,0008-10-08 16:00:00,8,10,8,16,0,260,165,,44.794,4.851,Plein jour,Hors agglomération,Hors intersection,Pluie forte,Deux véhicules - arrière,,,,,,,,,,,1,1,1,3,2
200800055715,0008-10-08 13:45:00,8,10,8,13,45,260,166,,,,Plein jour,Hors agglomération,Intersection en Y,Pluie forte,Deux véhicules - côté,,,,,,,,,,,1,1,4,3,3
200800055716,0008-10-13 09:45:00,8,10,13,9,45,260,86,,44.69,5.461,Plein jour,Hors agglomération,Hors intersection,Normale,Deux véhicules - frontale,,,,,,,,,,,1,1,1,1,1
200800055717,0008-10-18 23:30:00,8,10,18,23,30,260,243,,44.534,5.019,Nuit sans éclairage public,Hors agglomération,Hors intersection,Normale,Sans collision,,,,,,,,,,,3,1,1,1,7
200800055718,0008-10-19 01:00:00,8,10,19,1,0,260,116,,,,Nuit sans éclairage public,Hors agglomération,Hors intersection,Normale,Sans collision,,,,,,,,,,,3,1,1,1,7
200800055719,0008-10-19 15:30:00,8,10,19,15,30,260,235,,,,Plein jour,Hors agglomération,Hors intersection,Normale,Trois véhicules et plus - en chaîne,,,,,,,,,,,1,1,1,1,4
200800055720,0008-10-17 13:45:00,8,10,17,13,45,260,324,chemin du piejoux,,,Plein jour,En agglomération,Hors intersection,Normale,Autre collision,,,,,,,,,,,1,2,1,1,6
200800055721,0008-10-31 13:30:00,8,10,31,13,30,260,188,,44.245,5.209,Plein jour,Hors agglomération,Hors intersection,Normale,Deux véhicules - frontale,,,,,,,,,,,1,1,1,1,1
200800055722,0008-10-03 15:00:00,8,10,3,15,0,260,49,,,,Plein jour,Hors agglomération,Hors intersection,Normale,Autre collision,,,,,,,,,,,1,1,1,1,6
200800055723,0008-10-02 08:30:00,8,10,2,8,30,260,87,CD112,,,Plein jour,En agglomération,Hors intersection,Normale,Autre collision,,,,,,,,,,,1,2,1,1,6
200800055724,0008-10-17 11:00:00,8,10,17,11,0,260,323,,,,Plein jour,Hors agglomération,Hors intersection,Normale,Autre collision,,,,,,,,,,,1,1,1,1,6
200800055725,0008-10-17 18:30:00,8,10,17,18,30,260,323,,45.064,5.106,Crépuscule ou aube,Hors agglomération,Hors intersection,Normale,Deux véhicules - côté,,,,,,,,,,,2,1,1,1,3
200800055726,0008-10-30 02:45:00,8,10,30,2,45,260,172,,,,Nuit sans éclairage public,Hors agglomération,Hors intersection,Normale,Deux véhicules - frontale,,,,,,,,,,,3,1,1,1,1
200800055727,0008-10-31 17:15:00,8,10,31,17,15,260,320,,45.07,5.24,Crépuscule ou aube,Hors agglomération,Hors intersection,Pluie légère,Deux véhicules - frontale,,,,,,,,,,,2,1,1,2,1
200800055728,0008-10-10 16:15:00,8,10,10,16,15,260,41,,45.23,4.818,Plein jour,Hors agglomération,Hors intersection,Normale,Deux véhicules - côté,,,,,,,,,,,1,1,1,1,3
200800055729,0008-10-02 20:00:00,8,10,2,20,0,260,72,,,,Nuit sans éclairage public,Hors agglomération,Hors intersection,Normale,Deux véhicules - côté,,,,,,,,,,,3,1,1,1,3
200800055730,0008-10-06 18:30:00,8,10,6,18,30,260,72,,,,Plein jour,Hors agglomération,Hors intersection,Normale,Trois véhicules et plus - en chaîne,,,,,,,,,,,1,1,1,1,4
200800055731,0008-10-14 11:15:00,8,10,14,11,15,260,156,,,,Plein jour,Hors agglomération,Hors intersection,Normale,Deux véhicules - arrière,,,,,,,,,,,1,1,1,1,2
200800055732,0008-10-14 08:45:00,8,10,14,8,45,380,175,,45.282,5.918,Plein jour,Hors agglomération,Hors intersection,Normale,Deux véhicules - frontale,,,,,,,,,,,1,1,1,1,1
200800055733,0008-10-06 12:15:00,8,10,6,12,15,380,111,chemin de la BATIE,,,Plein jour,En agglomération,Hors intersection,Normale,Deux véhicules - frontale,,,,,,,,,,,1,2,1,1,1
200800055734,0008-10-07 18:30:00,8,10,7,18,30,380,328,,45.253,5.714,Plein jour,Hors agglomération,Hors intersection,Normale,Deux véhicules - côté,,,,,,,,,,,1,1,1,1,3
200800055735,0008-10-07 13:30:00,8,10,7,13,30,380,474,,,,Plein jour,Hors agglomération,Hors intersection,Normale,Deux véhicules - frontale,,,,,,,,,,,1,1,1,1,1
200800055736,0008-10-03 10:15:00,8,10,3,10,15,380,524,,,,Plein jour,Hors agglomération,Autre intersection,Pluie légère,Sans collision,,,,,,,,,,,1,1,9,2,7
200800055737,0008-10-12 16:00:00,8,10,12,16,0,380,225,,,,Plein jour,Hors agglomération,Hors intersection,Normale,Deux véhicules - côté,,,,,,,,,,,1,1,1,1,3
200800055738,0008-10-26 14:30:00,8,10,26,14,30,380,565,,,,Plein jour,Hors agglomération,Hors intersection,Normale,Trois véhicules et plus - collisions multiples,,,,,,,,,,,1,1,1,1,5
200800055739,0008-10-09 20:30:00,8,10,9,20,30,380,269,RUE DU BREUIL,44.911,5.787,Nuit avec éclairage allumé,En agglomération,Hors intersection,Normale,Deux véhicules - arrière,,,,,,,,,,,5,2,1,1,2
200800055740,0008-10-19 16:30:00,8,10,19,16,30,380,226,,44.807,5.724,Plein jour,Hors agglomération,Hors intersection,Normale,Deux véhicules - frontale,,,,,,,,,,,1,1,1,1,1
200800055741,0008-10-11 02:00:00,8,10,11,2,0,380,562,,,,Nuit sans éclairage public,Hors agglomération,Hors intersection,Normale,Deux véhicules - frontale,,,,,,,,,,,3,1,1,1,1
200800055742,0008-10-14 16:15:00,8,10,14,16,15,380,95,,,,Plein jour,Hors agglomération,Intersection en X,Normale,Deux véhicules - côté,,,,,,,,,,,1,1,2,1,3
200800055743,0008-10-16 10:45:00,8,10,16,10,45,380,394,,,,Plein jour,Hors agglomération,Hors intersection,Pluie légère,Deux véhicules - frontale,,,,,,,,,,,1,1,1,2,1
200800055744,0008-10-10 23:00:00,8,10,10,23,0,380,384,,,,Nuit sans éclairage public,Hors agglomération,Hors intersection,Normale,Deux véhicules - frontale,,,,,,,,,,,3,1,1,1,1
200800055745,0008-10-12 17:30:00,8,10,12,17,30,380,457,lieu dit SOISON,45.329,5.268,Plein jour,En agglomération,Hors intersection,Normale,Deux véhicules - frontale,,,,,,,,,,,1,2,1,1,1
200800055746,0008-10-25 14:30:00,8,10,25,14,30,380,505,,45.301,5.14,Plein jour,Hors agglomération,Hors intersection,Normale,Deux véhicules - frontale,,,,,,,,,,,1,1,1,1,1
200800055747,0008-10-07 00:01:00,8,10,7,0,1,380,156,Rn 85 PK 6.761,45.539,5.311,Nuit sans éclairage public,En agglomération,Hors intersection,Normale,Autre collision,,,,,,,,,,,3,2,1,1,6
200800055748,0008-10-23 07:45:00,8,10,23,7,45,380,467,,45.672,5.35,Crépuscule ou aube,Hors agglomération,Intersection en X,Normale,Deux véhicules - côté,,,,,,,,,,,2,1,2,1,3
200800055749,0008-10-26 15:30:00,8,10,26,15,30,380,467,,45.677,5.36,Plein jour,Hors agglomération,Hors intersection,Normale,Sans collision,,,,,,,,,,,1,1,1,1,7
200800055750,0008-10-20 11:15:00,8,10,20,11,15,380,176,,45.655,5.171,Plein jour,Hors agglomération,Hors intersection,Normale,Deux véhicules - côté,,,,,,,,,,,1,1,1,1,3
200800055751,0008-10-15 09:30:00,8,10,15,9,30,380,380,51 chemin du bouchet,45.47,5.352,Plein jour,En agglomération,Hors intersection,Normale,Deux véhicules - côté,,,,,,,,,,,1,2,1,1,3
200800055752,0008-10-18 09:30:00,8,10,18,9,30,380,295,,45.838,5.363,Plein jour,Hors agglomération,Hors intersection,Normale,Deux véhicules - frontale,,,,,,,,,,,1,1,1,1,1
200800055753,0008-10-21 06:45:00,8,10,21,6,45,380,54,,45.8,5.404,Nuit sans éclairage public,Hors agglomération,Hors intersection,Pluie légère,Deux véhicules - côté,,,,,,,,,,,3,1,1,2,3
200800055754,0008-10-10 21:30:00,8,10,10,21,30,380,22,route de jalerieu,45.637,5.562,Nuit avec éclairage allumé,En agglomération,Hors intersection,Temps couvert,Deux véhicules - côté,,,,,,,,,,,5,2,1,8,3
200800055755,0008-10-18 05:15:00,8,10,18,5,15,380,50,,,,Nuit sans éclairage public,Hors agglomération,Hors intersection,Brouillard / fumée,Autre collision,,,,,,,,,,,3,1,1,5,6
200800055756,0008-10-11 18:15:00,8,10,11,18,15,380,110,,45.58,4.88,Plein jour,Hors agglomération,Hors intersection,Normale,Autre collision,,,,,,,,,,,1,1,1,1,6
200800055757,0008-10-26 17:15:00,8,10,26,17,15,380,87,,45.57,4.81,Nuit avec éclairage allumé,Hors agglomération,Hors intersection,Normale,Deux véhicules - côté,,,,,,,,,,,5,1,1,1,3
200800055758,0008-10-18 17:30:00,8,10,18,17,30,380,34,chemin du Pouloux,45.337,5.062,Plein jour,En agglomération,Hors intersection,Normale,Deux véhicules - côté,,,,,,,,,,,1,2,1,1,3
200800055759,0008-10-02 13:00:00,8,10,2,13,0,380,231,,,,Plein jour,Hors agglomération,Hors intersection,Pluie légère,Sans collision,,,,,,,,,,,1,1,1,2,7
200800055760,0008-10-17 18:15:00,8,10,17,18,15,380,480,,45.562,4.964,Crépuscule ou aube,Hors agglomération,Hors intersection,Normale,Deux véhicules - frontale,,,,,,,,,,,2,1,1,1,1
200800055761,0008-10-24 17:30:00,8,10,24,17,30,380,97,rue de la plaine,45.767,5.186,Plein jour,En agglomération,Hors intersection,Normale,Deux véhicules - côté,,,,,,,,,,,1,2,1,1,3
200800055762,0008-10-27 21:45:00,8,10,27,21,45,380,468,,45.37,4.776,Nuit sans éclairage public,Hors agglomération,Hors intersection,Pluie légère,Autre collision,,,,,,,,,,,3,1,1,2,6
200800055763,0008-10-01 14:00:00,8,10,1,14,0,380,449,RUE DU REVOLAY,,,Plein jour,En agglomération,Hors intersection,Normale,Deux véhicules - arrière,,,,,,,,,,,1,2,1,1,2
200800055764,0008-10-15 09:00:00,8,10,15,9,0,380,449,,45.63,5.11,Plein jour,Hors agglomération,Hors intersection,Normale,Sans collision,,,,,,,,,,,1,1,1,1,7
200800055765,0008-10-24 00:30:00,8,10,24,0,30,380,475,,,,Nuit sans éclairage public,Hors agglomération,Hors intersection,Pluie légère,Sans collision,,,,,,,,,,,3,1,1,2,7
200800055766,0008-10-14 13:30:00,8,10,14,13,30,420,138,RD1089 PR 01+959,45.667,4.38,Plein jour,En agglomération,Hors intersection,Normale,Sans collision,,,,,,,,,,,1,2,1,1,7
200800055767,0008-10-03 08:15:00,8,10,3,8,15,420,172,,45.379,4.442,Plein jour,Hors agglomération,Hors intersection,Pluie légère,Deux véhicules - frontale,,,,,,,,,,,1,1,1,2,1
200800055768,0008-10-10 18:15:00,8,10,10,18,15,420,224,,45.342,4.394,Plein jour,Hors agglomération,Hors intersection,Normale,Autre collision,,,,,,,,,,,1,1,1,1,6
200800055769,0008-10-21 19:45:00,8,10,21,19,45,420,139,,45.284,4.446,Nuit sans éclairage public,Hors agglomération,Hors intersection,Normale,Deux véhicules - frontale,,,,,,,,,,,3,1,1,1,1
200800055770,0008-10-16 18:45:00,8,10,16,18,45,420,180,,,,Crépuscule ou aube,Hors agglomération,Hors intersection,Normale,Deux véhicules - frontale,,,,,,,,,,,2,1,1,1,1
200800055771,0008-10-14 19:30:00,8,10,14,19,30,420,175,,45.814,4.219,Crépuscule ou aube,Hors agglomération,Hors intersection,Normale,Deux véhicules - côté,,,,,,,,,,,2,1,1,1,3
200800055772,0008-10-08 14:00:00,8,10,8,14,0,420,126,,45.385,4.025,Plein jour,Hors agglomération,Hors intersection,Pluie légère,Deux véhicules - côté,,,,,,,,,,,1,1,1,2,3
200800055773,0008-10-08 17:30:00,8,10,8,17,30,420,266,,45.427,4.052,Plein jour,Hors agglomération,Hors intersection,Pluie forte,Trois véhicules et plus - collisions multiples,,,,,,,,,,,1,1,1,3,5
200800055774,0008-10-04 14:30:00,8,10,4,14,30,420,56,lieu dit la petite gorge,,,Plein jour,En agglomération,Hors intersection,Normale,Deux véhicules - côté,,,,,,,,,,,1,2,1,1,3
200800055775,0008-10-19 18:00:00,8,10,19,18,0,420,162,,46.023,3.999,Plein jour,Hors agglomération,Hors intersection,Normale,Deux véhicules - arrière,,,,,,,,,,,1,1,1,1,2
200800055776,0008-10-08 14:15:00,8,10,8,14,15,420,181,,45.983,4.218,Plein jour,Hors agglomération,Hors intersection,Pluie forte,Deux véhicules - frontale,,,,,,,,,,,1,1,1,3,1
200800055777,0008-10-20 18:30:00,8,10,20,18,30,420,26,CD 4 route de pouilly,46.152,4.09,Plein jour,En agglomération,Hors intersection,Normale,Sans collision,,,,,,,,,,,1,2,1,1,7
200800055778,0008-10-03 17:00:00,8,10,3,17,0,420,284,,46.084,3.975,Plein jour,Hors agglomération,Hors intersection,Pluie forte,Autre collision,,,,,,,,,,,1,1,1,3,6
200800055779,0008-10-24 20:30:00,8,10,24,20,30,420,257,ROUTE DE PARIS,46.21,3.798,Nuit avec éclairage allumé,En agglomération,Hors intersection,Normale,Deux véhicules - frontale,,,,,,,,,,,5,2,1,1,1
200800055780,0008-10-01 18:30:00,8,10,1,18,30,420,339,,45.909,3.798,Crépuscule ou aube,Hors agglomération,Hors intersection,Normale,Deux véhicules - frontale,,,,,,,,,,,2,1,1,1,1
200800055781,0008-10-08 22:45:00,8,10,8,22,45,730,97,,,,Nuit sans éclairage public,Hors agglomération,Hors intersection,Pluie légère,Autre collision,,,,,,,,,,,3,1,1,2,6
200800055782,0008-10-23 09:30:00,8,10,23,9,30,730,18,,45.505,6.065,Plein jour,Hors agglomération,Hors intersection,Pluie légère,Deux véhicules - frontale,,,,,,,,,,,1,1,1,2,1
200800055783,0008-10-03 08:45:00,8,10,3,8,45,730,50,,45.681,5.851,Plein jour,Hors agglomération,Hors intersection,Normale,Trois véhicules et plus - collisions multiples,,,,,,,,,,,1,1,1,1,5
200800055784,0008-10-21 20:30:00,8,10,21,20,30,730,61,,45.711,6.407,Nuit sans éclairage public,Hors agglomération,Hors intersection,Normale,Deux véhicules - arrière,,,,,,,,,,,3,1,1,1,2
200800055785,0008-10-25 05:00:00,8,10,25,5,0,730,38,RN 90 - Bonconseil,,,Nuit avec éclairage allumé,En agglomération,Hors intersection,Normale,Sans collision,,,,,,,,,,,5,2,1,1,7
200800055786,0008-10-05 08:45:00,8,10,5,8,45,730,71,,45.742,6.126,Plein jour,Hors agglomération,Hors intersection,Normale,Autre collision,,,,,,,,,,,1,1,1,1,6
200800055787,0008-10-05 03:45:00,8,10,5,3,45,730,253,,45.521,6.57,Nuit avec éclairage allumé,Hors agglomération,Hors intersection,Normale,Sans collision,,,,,,,,,,,5,1,1,1,7
200800055788,0008-10-29 06:30:00,8,10,29,6,30,730,248,avenue Henri FALCOZ,48.857,2.341,Crépuscule ou aube,En agglomération,Hors intersection,Pluie légère,Autre collision,,,,,,,,,,,2,2,1,2,6
200800055789,0008-10-25 08:45:00,8,10,25,8,45,740,267,,,,Plein jour,Hors agglomération,Hors intersection,Normale,Deux véhicules - côté,,,,,,,,,,,1,1,1,1,3
200800055790,0008-10-16 19:15:00,8,10,16,19,15,740,225,2 AV GANTIN,,,Nuit avec éclairage allumé,En agglomération,Hors intersection,Pluie légère,Autre collision,,,,,,,,,,,5,2,1,2,6
200800055791,0008-10-25 14:15:00,8,10,25,14,15,740,2,,,,Plein jour,Hors agglomération,Hors intersection,Normale,Autre collision,,,,,,,,,,,1,1,1,1,6
200800055792,0008-10-25 16:15:00,8,10,25,16,15,740,280,RP  pont des chamois,,,Plein jour,En agglomération,Hors intersection,Normale,Deux véhicules - côté,,,,,,,,,,,1,2,1,1,3
200800055793,0008-10-30 07:45:00,8,10,30,7,45,740,239,,,,Plein jour,Hors agglomération,Hors intersection,Temps couvert,Deux véhicules - frontale,,,,,,,,,,,1,1,1,8,1
200800055794,0008-10-17 07:15:00,8,10,17,7,15,740,212,,,,Crépuscule ou aube,Hors agglomération,Hors intersection,Brouillard / fumée,Autre collision,,,,,,,,,,,2,1,1,5,6
200800055795,0008-10-18 01:30:00,8,10,18,1,30,740,42,,,,Nuit sans éclairage public,Hors agglomération,Hors intersection,Normale,Autre collision,,,,,,,,,,,3,1,1,1,6
200800055796,0008-10-28 15:30:00,8,10,28,15,30,740,42,,,,Plein jour,Hors agglomération,Hors intersection,Pluie légère,Trois véhicules et plus - collisions multiples,,,,,,,,,,,1,1,1,2,5
200800055797,0008-10-04 07:00:00,8,10,4,7,0,740,56,rond point marie Paradis,,,Crépuscule ou aube,En agglomération,Giratoire,Temps couvert,Autre collision,,,,,,,,,,,2,2,6,8,6
200800055798,0008-10-24 23:15:00,8,10,24,23,15,740,56,ROUTE DU BOUCHET,,,Nuit sans éclairage public,En agglomération,Hors intersection,Normale,Sans collision,,,,,,,,,,,3,2,1,1,7
200800055799,0008-10-26 18:45:00,8,10,26,18,45,740,56,,,,Nuit avec éclairage allumé,Hors agglomération,Hors intersection,Normale,Sans collision,,,,,,,,,,,5,1,1,1,7
200800055800,0008-10-09 13:30:00,8,10,9,13,30,740,81,10 avenue G. Clemenceau,,,Plein jour,En agglomération,Hors intersection,Normale,Autre collision,,,,,,,,,,,1,2,1,1,6
200800055801,0008-10-11 00:30:00,8,10,11,0,30,740,81,CARREFOUR DE CAHTILLON,,,Nuit avec éclairage allumé,En agglomération,Hors intersection,Normale,Autre collision,,,,,,,,,,,5,2,1,1,6