accident_id,datetime,annee,mois,jour,heure,minute,departement,commune_insee,adresse,latitude,longitude,luminosite,agglomeration,intersection,meteo,collision,nb_vehicules,nb_usagers,nb_indemnes,nb_tues,nb_blesses_hosp,nb_blesses_legers,age_cond_1,age_cond_2,veh_type_cond_1,veh_type_cond_2,lum_code,agg_code,int_code,atm_code,col_code
200800055802,0008-10-25 07:00:00,8,10,25,7,0,740,81,,,,Nuit sans éclairage public,Hors agglomération,Hors intersection,Brouillard / fumée,Autre collision,,,,,,,,,,,3,1,1,5,6
200800055803,0008-10-27 09:00:00,8,10,27,9,0,740,116,,,,Plein jour,Hors agglomération,Intersection en T,Normale,Deux véhicules - côté,,,,,,,,,,,1,1,3,1,3
200800055804,0008-10-29 18:45:00,8,10,29,18,45,740,250,232 Av de la Republique,,,Nuit avec éclairage allumé,En agglomération,Hors intersection,Neige / grêle,Autre collision,,,,,,,,,,,5,2,1,4,6
200800055805,0008-10-21 21:45:00,8,10,21,21,45,740,208,AVENUE DE LA PLAINE,,,Nuit avec éclairage allumé,En agglomération,Hors intersection,Normale,Deux véhicules - arrière,,,,,,,,,,,5,2,1,1,2
200800055806,0008-10-14 18:15:00,8,10,14,18,15,740,276,station du praz de lys,,,Nuit avec éclairage allumé,En agglomération,Hors intersection,Normale,Sans collision,,,,,,,,,,,5,2,1,1,7
200800055807,0008-10-15 15:00:00,8,10,15,15,0,740,243,,,,Nuit sans éclairage public,Hors agglomération,Hors intersection,Normale,Deux véhicules - frontale,,,,,,,,,,,3,1,1,1,1
200800055808,0008-10-18 07:15:00,8,10,18,7,15,740,16,,,,Crépuscule ou aube,Hors agglomération,Autre intersection,Normale,Autre collision,,,,,,,,,,,2,1,9,1,6
200800055809,0008-10-21 09:00:00,8,10,21,9,0,740,31,,,,Plein jour,Hors agglomération,Hors intersection,Normale,Deux véhicules - côté,,,,,,,,,,,1,1,1,1,3
200800055810,0008-10-03 16:30:00,8,10,3,16,30,740,94,,46.202,6.292,Plein jour,Hors agglomération,Hors intersection,Normale,Autre collision,,,,,,,,,,,1,1,1,1,6
200800055811,0008-10-07 09:30:00,8,10,7,9,30,740,197,,,,Plein jour,Hors agglomération,Hors intersection,Normale,Trois véhicules et plus - collisions multiples,,,,,,,,,,,1,1,1,1,5
200800055812,0008-10-19 05:15:00,8,10,19,5,15,740,40,20 avenue du Fer a Cheva,,,Nuit avec éclairage allumé,En agglomération,Hors intersection,Normale,Sans collision,,,,,,,,,,,5,2,1,1,7
200800055813,0008-10-31 20:30:00,8,10,31,20,30,740,185,1689 route des bornes,,,Nuit sans éclairage public,En agglomération,Hors intersection,Normale,Sans collision,,,,,,,,,,,3,2,1,1,7
200800055814,0008-10-15 07:15:00,8,10,15,7,15,740,263,BONNATRAIT,,,Crépuscule ou aube,En agglomération,Hors intersection,Normale,Autre collision,,,,,,,,,,,2,2,1,1,6
200800055815,0008-10-30 08:15:00,8,10,30,8,15,740,222,,,,Crépuscule ou aube,Hors agglomération,Hors intersection,Pluie légère,Deux véhicules - côté,,,,,,,,,,,2,1,1,2,3
200800055816,0008-10-04 17:30:00,8,10,4,17,30,740,119,Route de THONON,,,Plein jour,En agglomération,Autre intersection,Normale,Trois véhicules et plus - collisions multiples,,,,,,,,,,,1,2,9,1,5
200800055817,0008-10-14 16:45:00,8,10,14,16,45,740,34,,,,Plein jour,Hors agglomération,Hors intersection,Normale,Autre collision,,,,,,,,,,,1,1,1,1,6
200800055818,0008-10-27 19:15:00,8,10,27,19,15,630,307,,,,Nuit sans éclairage public,Hors agglomération,Hors intersection,Autre,Deux véhicules - frontale,,,,,,,,,,,3,1,1,9,1
200800055819,0008-10-04 14:30:00,8,10,4,14,30,630,334,,,,Plein jour,Hors agglomération,Hors intersection,Normale,Deux véhicules - côté,,,,,,,,,,,1,1,1,1,3
200800055820,0008-10-08 14:30:00,8,10,8,14,30,630,453,,45.793,3.275,Plein jour,Hors agglomération,Hors intersection,Pluie légère,Deux véhicules - côté,,,,,,,,,,,1,1,1,2,3
200800055821,0008-10-10 16:00:00,8,10,10,16,0,630,146,,,,Plein jour,Hors agglomération,Intersection en T,Normale,Deux véhicules - côté,,,,,,,,,,,1,1,3,1,3
200800055822,0008-10-04 16:30:00,8,10,4,16,30,630,141,,,,Plein jour,Hors agglomération,Hors intersection,Normale,Sans collision,,,,,,,,,,,1,1,1,1,7
200800055823,0008-10-03 15:15:00,8,10,3,15,15,630,254,,,,Plein jour,Hors agglomération,Hors intersection,Normale,Deux véhicules - frontale,,,,,,,,,,,1,1,1,1,1
200800055824,0008-10-25 17:15:00,8,10,25,17,15,630,213,,45.828,3.228,Plein jour,Hors agglomération,Hors intersection,Normale,Sans collision,,,,,,,,,,,1,1,1,1,7
200800055825,0008-10-11 15:00:00,8,10,11,15,0,630,326,,45.712,2.855,Plein jour,Hors agglomération,Hors intersection,Normale,Sans collision,,,,,,,,,,,1,1,1,1,7
200800055826,0008-10-03 05:15:00,8,10,3,5,15,630,455,,,,Nuit sans éclairage public,Hors agglomération,Hors intersection,Normale,Deux véhicules - arrière,,,,,,,,,,,3,1,1,1,2
200800055827,0008-10-22 13:00:00,8,10,22,13,0,630,179,,45.628,3.719,Plein jour,Hors agglomération,Hors intersection,Pluie forte,Autre collision,,,,,,,,,,,1,1,1,3,6
200800055828,0008-10-04 07:45:00,8,10,4,7,45,630,319,,45.544,3.945,Plein jour,Hors agglomération,Hors intersection,Autre,Sans collision,,,,,,,,,,,1,1,1,9,7
200800055829,0008-10-22 13:00:00,8,10,22,13,0,630,352,,,,Plein jour,Hors agglomération,Hors intersection,Pluie légère,Deux véhicules - frontale,,,,,,,,,,,1,1,1,2,1
200800055830,0008-10-03 17:45:00,8,10,3,17,45,630,35,,45.976,3.104,Plein jour,Hors agglomération,Intersection en X,Pluie forte,Deux véhicules - côté,,,,,,,,,,,1,1,2,3,3
200800055831,0008-10-07 21:30:00,8,10,7,21,30,630,135,,45.948,3.112,Nuit avec éclairage allumé,En agglomération,Hors intersection,Pluie légère,Deux véhicules - côté,,,,,,,,,,,5,2,1,2,3
200800055832,0008-10-03 20:15:00,8,10,3,20,15,630,432,Rue de la Limagne,45.976,3.258,Nuit sans éclairage public,En agglomération,Hors intersection,Pluie légère,Deux véhicules - côté,,,,,,,,,,,3,2,1,2,3
200800055833,0008-10-19 09:45:00,8,10,19,9,45,630,1,boulevard des valos,46.024,3.2,Plein jour,En agglomération,Hors intersection,Normale,Autre collision,,,,,,,,,,,1,2,1,1,6
200800055834,0008-10-03 04:30:00,8,10,3,4,30,630,430,100 rue carnot,45.868,3.554,Nuit avec éclairage allumé,En agglomération,Hors intersection,Pluie légère,Autre collision,,,,,,,,,,,5,2,1,2,6
200800055835,0008-10-15 15:30:00,8,10,15,15,30,630,430,,45.888,3.452,Plein jour,Hors agglomération,Hors intersection,Normale,Deux véhicules - côté,,,,,,,,,,,1,1,1,1,3
200800055836,0008-10-05 15:45:00,8,10,5,15,45,630,210,,45.921,3.364,Plein jour,Hors agglomération,Hors intersection,Normale,Autre collision,,,,,,,,,,,1,1,1,1,6
200800055837,0008-10-17 07:45:00,8,10,17,7,45,630,271,,45.909,3.519,Crépuscule ou aube,Hors agglomération,Intersection en X,Normale,Deux véhicules - côté,,,,,,,,,,,2,1,2,1,3
200800055838,0008-10-21 14:45:00,8,10,21,14,45,30,316,,46.681,3.232,Plein jour,Hors agglomération,Hors intersection,Pluie légère,Trois véhicules et plus - en chaîne,,,,,,,,,,,1,1,1,2,4
200800055839,0008-10-04 20:30:00,8,10,4,20,30,30,100,,46.537,3.74,Nuit sans éclairage public,Hors agglomération,Hors intersection,Normale,Deux véhicules - frontale,,,,,,,,,,,3,1,1,1,1
200800055840,0008-10-17 19:45:00,8,10,17,19,45,30,19,,46.625,3.701,Nuit sans éclairage public,Hors agglomération,Hors intersection,Normale,Autre collision,,,,,,,,,,,3,1,1,1,6
200800055841,0008-10-05 14:00:00,8,10,5,14,0,30,111,,,,Plein jour,Hors agglomération,Hors intersection,Normale,Sans collision,,,,,,,,,,,1,1,1,1,7
200800055842,0008-10-18 03:00:00,8,10,18,3,0,30,128,,,,Nuit sans éclairage public,Hors agglomération,Hors intersection,Normale,Autre collision,,,,,,,,,,,3,1,1,1,6
200800055843,0008-10-13 18:00:00,8,10,13,18,0,30,106,CD 69,,,Plein jour,En agglomération,Hors intersection,Normale,Sans collision,,,,,,,,,,,1,2,1,1,7
200800055844,0008-10-26 18:30:00,8,10,26,18,30,30,93,,46.195,3.453,Nuit sans éclairage public,Hors agglomération,Hors intersection,Normale,Autre collision,,,,,,,,,,,3,1,1,1,6
200800055845,0008-10-03 20:45:00,8,10,3,20,45,30,268,,46.149,3.22,Nuit sans éclairage public,Hors agglomération,Hors intersection,Normale,Trois véhicules et plus - collisions multiples,,,,,,,,,,,3,1,1,1,5
200800055846,0008-10-19 17:00:00,8,10,19,17,0,30,118,,,,Plein jour,Hors agglomération,Hors intersection,Normale,Trois véhicules et plus - collisions multiples,,,,,,,,,,,1,1,1,1,5
200800055847,0008-10-26 17:15:00,8,10,26,17,15,30,118,,,,Plein jour,En agglomération,Giratoire,Normale,Deux véhicules - côté,,,,,,,,,,,1,2,6,1,3
200800055848,0008-10-25 20:30:00,8,10,25,20,30,150,157,,,,Nuit sans éclairage public,Hors agglomération,Hors intersection,Normale,Deux véhicules - côté,,,,,,,,,,,3,1,1,1,3
200800055849,0008-10-28 14:45:00,8,10,28,14,45,150,28,,44.889,2.544,Plein jour,Hors agglomération,Hors intersection,Pluie forte,Autre collision,,,,,,,,,,,1,1,1,3,6
200800055850,0008-10-08 11:45:00,8,10,8,11,45,150,33,,44.967,2.847,Plein jour,Hors agglomération,Intersection en X,Pluie légère,Deux véhicules - côté,,,,,,,,,,,1,1,2,2,3
200800055851,0008-10-30 07:30:00,8,10,30,7,30,150,142,,44.966,2.968,Crépuscule ou aube,Hors agglomération,Hors intersection,Neige / grêle,Autre collision,,,,,,,,,,,2,1,1,4,6
200800055852,0008-10-11 22:30:00,8,10,11,22,30,430,98,,44.955,4.062,Nuit sans éclairage public,Hors agglomération,Hors intersection,Vent fort / tempête,Sans collision,,,,,,,,,,,3,1,1,6,7
200800055853,0008-10-21 05:00:00,8,10,21,5,0,430,92,,44.978,4.228,Nuit avec éclairage allumé,Hors agglomération,Hors intersection,Normale,Autre collision,,,,,,,,,,,5,1,1,1,6
200800055854,0008-10-10 14:15:00,8,10,10,14,15,430,61,,45.096,3.913,Plein jour,Hors agglomération,Hors intersection,Normale,Deux véhicules - frontale,,,,,,,,,,,1,1,1,1,1
200800055855,0008-10-22 12:15:00,8,10,22,12,15,430,164,,,,Plein jour,Hors agglomération,Hors intersection,Pluie légère,Autre collision,,,,,,,,,,,1,1,1,2,6
200800055856,0008-10-16 05:45:00,8,10,16,5,45,430,234,,,,Nuit sans éclairage public,Hors agglomération,Hors intersection,Normale,Sans collision,,,,,,,,,,,3,1,1,1,7
200800055857,0008-10-05 21:15:00,8,10,5,21,15,430,190,,45.02,3.998,Nuit sans éclairage public,Hors agglomération,Hors intersection,Pluie légère,Autre collision,,,,,,,,,,,3,1,1,2,6
200800055858,0008-10-09 08:15:00,8,10,9,8,15,430,150,,45.116,4.081,Crépuscule ou aube,Hors agglomération,Hors intersection,Temps couvert,Deux véhicules - frontale,,,,,,,,,,,2,1,1,8,1
200800055859,0008-10-25 15:00:00,8,10,25,15,0,430,200,Route du Puy,45.041,4.053,Plein jour,En agglomération,Hors intersection,Normale,Deux véhicules - frontale,,,,,,,,,,,1,2,1,1,1
200800055860,0008-10-31 18:30:00,8,10,31,18,30,430,40,,45.3,3.404,Nuit sans éclairage public,Hors agglomération,Hors intersection,Pluie légère,Trois véhicules et plus - collisions multiples,,,,,,,,,,,3,1,1,2,5
200800055861,0008-10-15 14:45:00,8,10,15,14,45,430,239,,45.101,3.61,Plein jour,Hors agglomération,Hors intersection,Normale,Sans collision,,,,,,,,,,,1,1,1,1,7
200800055862,0008-10-21 18:00:00,8,10,21,18,0,430,167,,45.075,3.55,Crépuscule ou aube,Hors agglomération,Hors intersection,Pluie légère,Autre collision,,,,,,,,,,,2,1,1,2,6
200800055863,0008-10-31 15:45:00,8,10,31,15,45,430,162,,,,Plein jour,Hors agglomération,Hors intersection,Pluie légère,Deux véhicules - côté,,,,,,,,,,,1,1,1,2,3
200800055864,0008-10-30 18:00:00,8,10,30,18,0,430,268,rue Mal VAUX,,,Nuit avec éclairage allumé,En agglomération,Hors intersection,Temps couvert,Deux véhicules - côté,,,,,,,,,,,5,2,1,8,3
200800055865,0008-10-06 17:30:00,8,10,6,17,30,430,137,,,,Plein jour,Hors agglomération,Hors intersection,Normale,Deux véhicules - côté,,,,,,,,,,,1,1,1,1,3
200800055866,0008-10-08 10:30:00,8,10,8,10,30,430,224,,45.27,4.201,Plein jour,Hors agglomération,Hors intersection,Pluie forte,Deux véhicules - arrière,,,,,,,,,,,1,1,1,3,2
200800055867,0008-10-08 19:30:00,8,10,8,19,30,430,224,1 Rte de Monistrol,45.249,4.232,Crépuscule ou aube,En agglomération,Hors intersection,Pluie forte,Autre collision,,,,,,,,,,,2,2,1,3,6
200800055868,0008-10-22 10:15:00,8,10,22,10,15,430,224,,45.271,4.201,Plein jour,Hors agglomération,Hors intersection,Pluie légère,Deux véhicules - frontale,,,,,,,,,,,1,1,1,2,1
200800055869,0008-10-26 20:15:00,8,10,26,20,15,430,223,,45.267,4.335,Nuit sans éclairage public,Hors agglomération,Hors intersection,Normale,Deux véhicules - frontale,,,,,,,,,,,3,1,1,1,1
200800055870,0008-10-22 09:30:00,8,10,22,9,30,430,159,,45.182,4.3,Plein jour,Hors agglomération,Hors intersection,Pluie légère,Deux véhicules - frontale,,,,,,,,,,,1,1,1,2,1
200800055871,0008-10-04 19:45:00,8,10,4,19,45,570,620,rue du general de gaulle,49.198,6.0,Nuit avec éclairage allumé,En agglomération,Hors intersection,Temps couvert,Autre collision,,,,,,,,,,,5,2,1,8,6
200800055872,0008-10-12 16:45:00,8,10,12,16,45,570,620,avenue Gambetta,,,Plein jour,En agglomération,Giratoire,Normale,Autre collision,,,,,,,,,,,1,2,6,1,6
200800055873,0008-10-22 12:00:00,8,10,22,12,0,570,620,Carrefour RD643 et RD11,49.198,6.001,Plein jour,En agglomération,Hors intersection,Normale,Deux véhicules - arrière,,,,,,,,,,,1,2,1,1,2
200800055874,0008-10-02 15:45:00,8,10,2,15,45,570,350,rue de la machotte,49.086,6.072,Plein jour,En agglomération,Hors intersection,Temps couvert,Deux véhicules - côté,,,,,,,,,,,1,2,1,8,3
200800055875,0008-10-02 17:15:00,8,10,2,17,15,570,511,,49.186,6.125,Plein jour,Hors agglomération,Hors intersection,Pluie forte,Deux véhicules - frontale,,,,,,,,,,,1,1,1,3,1
200800055876,0008-10-02 11:45:00,8,10,2,11,45,570,57,RUE CHARLES DE GAULLE,,,Plein jour,En agglomération,Hors intersection,Normale,Sans collision,,,,,,,,,,,1,2,1,1,7
200800055877,0008-10-01 12:00:00,8,10,1,12,0,570,716,,,,Plein jour,Hors agglomération,Hors intersection,Temps couvert,Deux véhicules - frontale,,,,,,,,,,,1,1,1,8,1
200800055878,0008-10-11 23:00:00,8,10,11,23,0,570,482,,,,Nuit avec éclairage non allumé,Hors agglomération,Autre intersection,Brouillard / fumée,Autre collision,,,,,,,,,,,4,1,9,5,6
200800055879,0008-10-12 16:00:00,8,10,12,16,0,570,667,,,,Plein jour,Hors agglomération,Hors intersection,Temps éblouissant,Sans collision,,,,,,,,,,,1,1,1,7,7
200800055880,0008-10-25 15:15:00,8,10,25,15,15,570,106,ROUTE DE SARRELOUIS,,,Plein jour,En agglomération,Hors intersection,Normale,Deux véhicules - arrière,,,,,,,,,,,1,2,1,1,2
200800055881,0008-10-25 17:45:00,8,10,25,17,45,570,213,rue principale,,,Crépuscule ou aube,En agglomération,Hors intersection,Normale,Autre collision,,,,,,,,,,,2,2,1,1,6
200800055882,0008-10-07 17:00:00,8,10,7,17,0,570,160,rue des Pommiers,49.202,6.708,Plein jour,En agglomération,Hors intersection,Normale,Autre collision,,,,,,,,,,,1,2,1,1,6
200800055883,0008-10-22 20:00:00,8,10,22,20,0,570,288,68 rue de la Gare,,,Nuit avec éclairage allumé,En agglomération,Hors intersection,Normale,Deux véhicules - arrière,,,,,,,,,,,5,2,1,1,2
200800055884,0008-10-27 15:00:00,8,10,27,15,0,570,160,66 rue de la gare,49.207,6.694,Plein jour,En agglomération,Hors intersection,Pluie légère,Autre collision,,,,,,,,,,,1,2,1,2,6
200800055885,0008-10-09 16:45:00,8,10,9,16,45,570,209,,49.053,6.598,Plein jour,En agglomération,Hors intersection,Normale,Deux véhicules - frontale,,,,,,,,,,,1,2,1,1,1
200800055886,0008-10-11 08:15:00,8,10,11,8,15,570,413,,49.114,6.695,Plein jour,Hors agglomération,Giratoire,Normale,Sans collision,,,,,,,,,,,1,1,6,1,7
200800055887,0008-10-13 22:00:00,8,10,13,22,0,570,18,,,,Nuit sans éclairage public,Hors agglomération,Hors intersection,Pluie légère,Deux véhicules - frontale,,,,,,,,,,,3,1,1,2,1
200800055888,0008-10-04 08:30:00,8,10,4,8,30,570,222,rue Principale,,,Plein jour,En agglomération,Hors intersection,Normale,Autre collision,,,,,,,,,,,1,2,1,1,6
200800055889,0008-10-13 19:15:00,8,10,13,19,15,570,58,18 boulevard Charlemagne,,,Nuit avec éclairage allumé,En agglomération,Hors intersection,Normale,Autre collision,,,,,,,,,,,5,2,1,1,6
200800055890,0008-10-08 00:30:00,8,10,8,0,30,570,596,,49.167,6.858,Nuit sans éclairage public,Hors agglomération,Hors intersection,Normale,Autre collision,,,,,,,,,,,3,1,1,1,6
200800055891,0008-10-17 13:30:00,8,10,17,13,30,570,684,,49.052,6.755,Plein jour,En agglomération,Hors intersection,Normale,Deux véhicules - frontale,,,,,,,,,,,1,2,1,1,1
200800055892,0008-10-25 16:45:00,8,10,25,16,45,570,6,rond point,,,Crépuscule ou aube,En agglomération,Giratoire,Normale,Deux véhicules - côté,,,,,,,,,,,2,2,6,1,3
200800055893,0008-10-10 07:00:00,8,10,10,7,0,570,269,,,,Nuit avec éclairage allumé,En agglomération,Hors intersection,Normale,Autre collision,,,,,,,,,,,5,2,1,1,6
200800055894,0008-10-24 08:30:00,8,10,24,8,30,570,767,,49.344,6.215,Plein jour,Hors agglomération,Hors intersection,Autre,Trois véhicules et plus - collisions multiples,,,,,,,,,,,1,1,1,9,5
200800055895,0008-10-31 16:45:00,8,10,31,16,45,570,474,rue du Docteur Marchal,,,Plein jour,En agglomération,Hors intersection,Normale,Autre collision,,,,,,,,,,,1,2,1,1,6
200800055896,0008-10-03 21:00:00,8,10,3,21,0,540,315,,,,Nuit sans éclairage public,Hors agglomération,Hors intersection,Normale,Sans collision,,,,,,,,,,,3,1,1,1,7
200800055897,0008-10-27 17:00:00,8,10,27,17,0,540,315,,,,Crépuscule ou aube,Hors agglomération,Hors intersection,Pluie forte,Sans collision,,,,,,,,,,,2,1,1,3,7
200800055898,0008-10-02 19:00:00,8,10,2,19,0,540,115,RUE GABRIEL BOUR,,,Crépuscule ou aube,En agglomération,Hors intersection,Pluie légère,Deux véhicules - arrière,,,,,,,,,,,2,2,1,2,2
200800055899,0008-10-07 14:00:00,8,10,7,14,0,540,351,rue Jean Jaures,,,Plein jour,En agglomération,Hors intersection,Normale,Deux véhicules - côté,,,,,,,,,,,1,2,1,1,3
200800055900,0008-10-11 11:45:00,8,10,11,11,45,540,366,,,,Plein jour,Hors agglomération,Hors intersection,Normale,Autre collision,,,,,,,,,,,1,1,1,1,6
200800055901,0008-10-25 10:00:00,8,10,25,10,0,540,432,,,,Plein jour,Hors agglomération,Hors intersection,Normale,Deux véhicules - frontale,,,,,,,,,,,1,1,1,1,1
200800055902,0008-10-17 17:00:00,8,10,17,17,0,540,462,,,,Plein jour,Hors agglomération,Autre intersection,Normale,Deux véhicules - côté,,,,,,,,,,,1,1,9,1,3
200800055903,0008-10-30 21:15:00,8,10,30,21,15,540,291,,,,Nuit avec éclairage allumé,En agglomération,Hors intersection,Normale,Autre collision,,,,,,,,,,,5,2,1,1,6
200800055904,0008-10-02 19:45:00,8,10,2,19,45,540,234,ZI la Castine,,,Nuit avec éclairage allumé,En agglomération,Hors intersection,Pluie légère,Autre collision,,,,,,,,,,,5,2,1,2,6
200800055905,0008-10-03 22:15:00,8,10,3,22,15,540,314,,,,Nuit sans éclairage public,Hors agglomération,Hors intersection,Pluie légère,Deux véhicules - frontale,,,,,,,,,,,3,1,1,2,1
200800055906,0008-10-20 11:15:00,8,10,20,11,15,540,322,avenue de la liberation,,,Plein jour,En agglomération,Hors intersection,Normale,Deux véhicules - frontale,,,,,,,,,,,1,2,1,1,1
200800055907,0008-10-21 14:45:00,8,10,21,14,45,540,322,2 rue Hardy,,,Nuit avec éclairage allumé,En agglomération,Hors intersection,Normale,Autre collision,,,,,,,,,,,5,2,1,1,6
200800055908,0008-10-29 20:30:00,8,10,29,20,30,540,920,RD643 PK 17 + 500,,,Nuit avec éclairage allumé,En agglomération,Hors intersection,Pluie légère,Deux véhicules - frontale,,,,,,,,,,,5,2,1,2,1
200800055909,0008-10-12 06:00:00,8,10,12,6,0,540,222,,,,Nuit sans éclairage public,Hors agglomération,Hors intersection,Autre,Autre collision,,,,,,,,,,,3,1,1,9,6
200800055910,0008-10-06 19:00:00,8,10,6,19,0,540,423,,,,Crépuscule ou aube,Hors agglomération,Hors intersection,Normale,Sans collision,,,,,,,,,,,2,1,1,1,7
200800055911,0008-10-01 00:01:00,8,10,1,0,1,540,39,11 rue des VOSGES,,,Nuit avec éclairage allumé,En agglomération,Hors intersection,Pluie légère,Deux véhicules - frontale,,,,,,,,,,,5,2,1,2,1
200800055912,0008-10-14 17:30:00,8,10,14,17,30,540,73,,,,Plein jour,Hors agglomération,Hors intersection,Normale,Trois véhicules et plus - collisions multiples,,,,,,,,,,,1,1,1,1,5
200800055913,0008-10-09 07:00:00,8,10,9,7,0,540,490,,,,Crépuscule ou aube,Hors agglomération,Hors intersection,Autre,Autre collision,,,,,,,,,,,2,1,1,9,6
200800055914,0008-10-02 16:15:00,8,10,2,16,15,550,427,avenue du XV corps,48.828,4.985,Plein jour,En agglomération,Hors intersection,Pluie légère,Deux véhicules - frontale,,,,,,,,,,,1,2,1,2,1
200800055915,0008-10-05 20:45:00,8,10,5,20,45,550,446,RUE PRINCIPALE,48.842,5.28,Nuit avec éclairage non allumé,En agglomération,Hors intersection,Pluie légère,Autre collision,,,,,,,,,,,4,2,1,2,6
200800055916,0008-10-07 17:00:00,8,10,7,17,0,550,553,RUE PASTEUR,48.779,5.61,Plein jour,En agglomération,Hors intersection,Normale,Autre collision,,,,,,,,,,,1,2,1,1,6
200800055917,0008-10-26 05:45:00,8,10,26,5,45,550,293,,49.424,5.24,Nuit sans éclairage public,Hors agglomération,Hors intersection,Normale,Sans collision,,,,,,,,,,,3,1,1,1,7
200800055918,0008-10-21 18:45:00,8,10,21,18,45,550,253,RUE BANCELIN,,,Nuit avec éclairage allumé,En agglomération,Hors intersection,Pluie légère,Deux véhicules - côté,,,,,,,,,,,5,2,1,2,3
200800055919,0008-10-28 16:45:00,8,10,28,16,45,550,419,,49.132,5.166,Plein jour,Hors agglomération,Hors intersection,Normale,Deux véhicules - côté,,,,,,,,,,,1,1,1,1,3
200800055920,0008-10-13 20:00:00,8,10,13,20,0,550,158,07 RUE ABBE COCHENET,49.29,5.707,Nuit avec éclairage allumé,En agglomération,Hors intersection,Normale,Deux véhicules - côté,,,,,,,,,,,5,2,1,1,3
200800055921,0008-10-14 16:30:00,8,10,14,16,30,880,388,,48.141,6.388,Plein jour,Hors agglomération,Hors intersection,Normale,Deux véhicules - frontale,,,,,,,,,,,1,1,1,1,1
200800055922,0008-10-11 14:00:00,8,10,11,14,0,880,78,Rue Abel FERRY,,,Plein jour,En agglomération,Autre intersection,Normale,Deux véhicules - côté,,,,,,,,,,,1,2,9,1,3
200800055923,0008-10-28 09:00:00,8,10,28,9,0,880,355,rue Lucien Perrin,48.347,6.344,Plein jour,En agglomération,Hors intersection,Normale,Sans collision,,,,,,,,,,,1,2,1,1,7
200800055924,0008-10-20 16:00:00,8,10,20,16,0,880,455,4 grande rue,48.059,5.84,Plein jour,En agglomération,Hors intersection,Temps éblouissant,Deux véhicules - frontale,,,,,,,,,,,1,2,1,7,1
200800055925,0008-10-23 20:15:00,8,10,23,20,15,880,21,,48.309,6.685,Nuit sans éclairage public,Hors agglomération,Hors intersection,Temps couvert,Deux véhicules - frontale,,,,,,,,,,,3,1,1,8,1
200800055926,0008-10-24 21:30:00,8,10,24,21,30,880,247,8 rue d'alsace,48.274,6.4,Nuit avec éclairage allumé,En agglomération,Hors intersection,Normale,Deux véhicules - côté,,,,,,,,,,,5,2,1,1,3
200800055927,0008-10-23 22:30:00,8,10,23,22,30,880,308,,48.347,5.657,Nuit sans éclairage public,Hors agglomération,Hors intersection,Normale,Deux véhicules - côté,,,,,,,,,,,3,1,1,1,3
200800055928,0008-10-28 16:30:00,8,10,28,16,30,880,321,,,,Plein jour,Hors agglomération,Hors intersection,Normale,Deux véhicules - côté,,,,,,,,,,,1,1,1,1,3
200800055929,0008-10-12 16:00:00,8,10,12,16,0,880,364,,48.365,6.124,Plein jour,Hors agglomération,Hors intersection,Normale,Sans collision,,,,,,,,,,,1,1,1,1,7
200800055930,0008-10-12 16:00:00,8,10,12,16,0,880,464,,48.117,6.682,Plein jour,Hors agglomération,Intersection en Y,Normale,Deux véhicules - côté,,,,,,,,,,,1,1,4,1,3
200800055931,0008-10-21 14:15:00,8,10,21,14,15,880,75,12 RUE DE L EGLISE,,,Plein jour,En agglomération,Hors intersection,Pluie forte,Autre collision,,,,,,,,,,,1,2,1,3,6
200800055932,0008-10-28 06:30:00,8,10,28,6,30,880,170,22 rue d'Alsace,47.911,6.711,Crépuscule ou aube,En agglomération,Hors intersection,Pluie légère,Deux véhicules - frontale,,,,,,,,,,,2,2,1,2,1
200800055933,0008-10-01 08:45:00,8,10,1,8,45,880,112,,,,Plein jour,Hors agglomération,Hors intersection,Pluie légère,Sans collision,,,,,,,,,,,1,1,1,2,7
200800055934,0008-10-26 14:15:00,8,10,26,14,15,880,54,,,,Plein jour,Hors agglomération,Intersection en X,Normale,Deux véhicules - côté,,,,,,,,,,,1,1,2,1,3
200800055935,0008-10-29 15:00:00,8,10,29,15,0,880,349,,,,Plein jour,Hors agglomération,Hors intersection,Neige / grêle,Autre collision,,,,,,,,,,,1,1,1,4,6
200800055936,0008-10-04 13:00:00,8,10,4,13,0,880,64,,48.254,6.779,Plein jour,Hors agglomération,Hors intersection,Normale,Autre collision,,,,,,,,,,,1,1,1,1,6
200800055937,0008-10-13 08:30:00,8,10,13,8,30,880,218,RUE DE LATTRE DE TASSIGN,48.151,6.787,Plein jour,En agglomération,Hors intersection,Normale,Deux véhicules - côté,,,,,,,,,,,1,2,1,1,3