accident_id,datetime,annee,mois,jour,heure,minute,departement,commune_insee,adresse,latitude,longitude,luminosite,agglomeration,intersection,meteo,collision,nb_vehicules,nb_usagers,nb_indemnes,nb_tues,nb_blesses_hosp,nb_blesses_legers,age_cond_1,age_cond_2,veh_type_cond_1,veh_type_cond_2,lum_code,agg_code,int_code,atm_code,col_code
200800055938,0008-10-11 23:30:00,8,10,11,23,30,880,196,Place Albert FERRY,48.012,6.146,Nuit avec éclairage allumé,En agglomération,Place,Normale,Autre collision,,,,,,,,,,,5,2,7,1,6
200800055939,0008-10-29 23:00:00,8,10,29,23,0,880,196,,,,Nuit sans éclairage public,Hors agglomération,Hors intersection,Pluie légère,Autre collision,,,,,,,,,,,3,1,1,2,6
200800055940,0008-10-27 12:45:00,8,10,27,12,45,880,165,11 rue de l abbaye,48.367,6.859,Plein jour,En agglomération,Hors intersection,Normale,Deux véhicules - côté,,,,,,,,,,,1,2,1,1,3
200800055941,0008-10-16 04:45:00,8,10,16,4,45,670,433,,48.393,7.593,Nuit sans éclairage public,Hors agglomération,Hors intersection,Normale,Autre collision,,,,,,,,,,,3,1,1,1,6
200800055942,0008-10-09 13:15:00,8,10,9,13,15,670,137,,48.492,7.716,Plein jour,En agglomération,Hors intersection,Normale,Deux véhicules - frontale,,,,,,,,,,,1,2,1,1,1
200800055943,0008-10-10 20:30:00,8,10,10,20,30,670,336,,48.455,7.658,Nuit sans éclairage public,Hors agglomération,Hors intersection,Normale,Deux véhicules - arrière,,,,,,,,,,,3,1,1,1,2
200800055944,0008-10-19 17:00:00,8,10,19,17,0,670,217,,48.478,7.681,Plein jour,Hors agglomération,Hors intersection,Normale,Sans collision,,,,,,,,,,,1,1,1,1,7
200800055945,0008-10-22 18:00:00,8,10,22,18,0,670,286,,48.454,7.534,Crépuscule ou aube,Hors agglomération,Hors intersection,Normale,Trois véhicules et plus - en chaîne,,,,,,,,,,,2,1,1,1,4
200800055946,0008-10-08 18:00:00,8,10,8,18,0,670,52,,,,Crépuscule ou aube,Hors agglomération,Hors intersection,Normale,Autre collision,,,,,,,,,,,2,1,1,1,6
200800055947,0008-10-31 12:00:00,8,10,31,12,0,670,368,,,,Plein jour,Hors agglomération,Hors intersection,Pluie légère,Deux véhicules - frontale,,,,,,,,,,,1,1,1,2,1
200800055948,0008-10-03 18:00:00,8,10,3,18,0,670,372,"13, rue de Neufchateau",,,Plein jour,En agglomération,Hors intersection,Normale,Deux véhicules - côté,,,,,,,,,,,1,2,1,1,3
200800055949,0008-10-26 18:00:00,8,10,26,18,0,670,103,carrefour D14/D219,,,Nuit avec éclairage allumé,En agglomération,Hors intersection,Temps couvert,Deux véhicules - côté,,,,,,,,,,,5,2,1,8,3
200800055950,0008-10-01 07:45:00,8,10,1,7,45,670,302,CD6,48.755,7.387,Plein jour,En agglomération,Giratoire,Normale,Deux véhicules - côté,,,,,,,,,,,1,2,6,1,3
200800055951,0008-10-28 16:30:00,8,10,28,16,30,670,105,,48.875,7.202,Plein jour,Hors agglomération,Hors intersection,Pluie légère,Sans collision,,,,,,,,,,,1,1,1,2,7
200800055952,0008-10-28 14:15:00,8,10,28,14,15,670,508,,,,Plein jour,Hors agglomération,Hors intersection,Normale,Sans collision,,,,,,,,,,,1,1,1,1,7
200800055953,0008-10-06 09:45:00,8,10,6,9,45,670,33,rue Principale,,,Plein jour,En agglomération,Intersection en X,Normale,Deux véhicules - côté,,,,,,,,,,,1,2,2,1,3
200800055954,0008-10-16 15:15:00,8,10,16,15,15,670,67,10 rue Jacques Kable,,,Plein jour,En agglomération,Hors intersection,Normale,Autre collision,,,,,,,,,,,1,2,1,1,6
200800055955,0008-10-24 15:30:00,8,10,24,15,30,670,67,,,,Plein jour,Hors agglomération,Hors intersection,Normale,Deux véhicules - côté,,,,,,,,,,,1,1,1,1,3
200800055956,0008-10-21 07:00:00,8,10,21,7,0,670,145,,,,Nuit sans éclairage public,Hors agglomération,Intersection en X,Normale,Deux véhicules - frontale,,,,,,,,,,,3,1,2,1,1
200800055957,0008-10-06 19:00:00,8,10,6,19,0,670,519,,48.669,7.811,Crépuscule ou aube,Hors agglomération,Hors intersection,Normale,Autre collision,,,,,,,,,,,2,1,1,1,6
200800055958,0008-10-28 15:00:00,8,10,28,15,0,670,151,,48.712,7.854,Plein jour,Hors agglomération,Hors intersection,Pluie légère,Autre collision,,,,,,,,,,,1,1,1,2,6
200800055959,0008-10-09 18:00:00,8,10,9,18,0,670,118,,,,Plein jour,En agglomération,Intersection en X,Normale,Deux véhicules - côté,,,,,,,,,,,1,2,2,1,3
200800055960,0008-10-12 16:30:00,8,10,12,16,30,670,118,,,,Plein jour,Hors agglomération,Hors intersection,Normale,Autre collision,,,,,,,,,,,1,1,1,1,6
200800055961,0008-10-14 11:45:00,8,10,14,11,45,670,551,,,,Plein jour,Hors agglomération,Hors intersection,Normale,Autre collision,,,,,,,,,,,1,1,1,1,6
200800055962,0008-10-07 15:45:00,8,10,7,15,45,670,73,carrefour CD 1035 RN 59,48.28,7.401,Plein jour,En agglomération,Giratoire,Normale,Deux véhicules - côté,,,,,,,,,,,1,2,6,1,3
200800055963,0008-10-17 22:00:00,8,10,17,22,0,670,73,,48.271,7.405,Nuit sans éclairage public,En agglomération,Hors intersection,Normale,Autre collision,,,,,,,,,,,3,2,1,1,6
200800055964,0008-10-22 17:15:00,8,10,22,17,15,670,295,,48.397,7.455,Plein jour,Hors agglomération,Hors intersection,Normale,Deux véhicules - frontale,,,,,,,,,,,1,1,1,1,1
200800055965,0008-10-10 15:00:00,8,10,10,15,0,670,40,rue principale,48.288,7.61,Plein jour,En agglomération,Hors intersection,Normale,Autre collision,,,,,,,,,,,1,2,1,1,6
200800055966,0008-10-18 20:30:00,8,10,18,20,30,670,64,,48.994,7.908,Nuit sans éclairage public,Hors agglomération,Hors intersection,Pluie légère,Sans collision,,,,,,,,,,,3,1,1,2,7
200800055967,0008-10-25 07:15:00,8,10,25,7,15,670,416,,49.029,7.912,Nuit avec éclairage allumé,En agglomération,Hors intersection,Normale,Deux véhicules - côté,,,,,,,,,,,5,2,1,1,3
200800055968,0008-10-29 22:15:00,8,10,29,22,15,670,544,rue du Tribunal,,,Nuit avec éclairage allumé,En agglomération,Hors intersection,Pluie légère,Autre collision,,,,,,,,,,,5,2,1,2,6
200800055969,0008-10-18 02:15:00,8,10,18,2,15,670,339,,48.894,7.921,Nuit sans éclairage public,Hors agglomération,Hors intersection,Normale,Autre collision,,,,,,,,,,,3,1,1,1,6
200800055970,0008-10-18 23:00:00,8,10,18,23,0,680,331,,,,Nuit sans éclairage public,Hors agglomération,Hors intersection,Normale,Sans collision,,,,,,,,,,,3,1,1,1,7
200800055971,0008-10-26 00:15:00,8,10,26,0,15,680,249,,48.111,7.142,Nuit sans éclairage public,Hors agglomération,Hors intersection,Normale,Autre collision,,,,,,,,,,,3,1,1,1,6
200800055972,0008-10-12 18:30:00,8,10,12,18,30,680,223,RUE DU CHEMIN DE FER,48.028,7.089,Plein jour,En agglomération,Hors intersection,Normale,Deux véhicules - frontale,,,,,,,,,,,1,2,1,1,1
200800055973,0008-10-14 10:00:00,8,10,14,10,0,680,155,,48.093,7.315,Plein jour,Hors agglomération,Hors intersection,Normale,Deux véhicules - côté,,,,,,,,,,,1,1,1,1,3
200800055974,0008-10-18 12:30:00,8,10,18,12,30,680,134,,,,Plein jour,Hors agglomération,Intersection en T,Normale,Deux véhicules - côté,,,,,,,,,,,1,1,3,1,3
200800055975,0008-10-18 18:15:00,8,10,18,18,15,680,338,,48.098,7.242,Plein jour,Hors agglomération,Hors intersection,Normale,Autre collision,,,,,,,,,,,1,1,1,1,6
200800055976,0008-10-25 14:45:00,8,10,25,14,45,680,5,,,,Plein jour,Hors agglomération,Hors intersection,Normale,Autre collision,,,,,,,,,,,1,1,1,1,6
200800055977,0008-10-03 22:30:00,8,10,3,22,30,680,248,Rue principale,47.49,7.39,Nuit avec éclairage allumé,En agglomération,Hors intersection,Pluie légère,Deux véhicules - côté,,,,,,,,,,,5,2,1,2,3
200800055978,0008-10-04 04:30:00,8,10,4,4,30,680,169,,,,Nuit sans éclairage public,Hors agglomération,Hors intersection,Pluie légère,Autre collision,,,,,,,,,,,3,1,1,2,6
200800055979,0008-10-18 22:15:00,8,10,18,22,15,680,259,,47.476,7.37,Nuit sans éclairage public,Hors agglomération,Hors intersection,Normale,Deux véhicules - côté,,,,,,,,,,,3,1,1,1,3
200800055980,0008-10-26 19:45:00,8,10,26,19,45,680,299,11 rue principale,47.601,7.121,Nuit avec éclairage allumé,En agglomération,Hors intersection,Normale,Deux véhicules - côté,,,,,,,,,,,5,2,1,1,3
200800055981,0008-10-08 13:00:00,8,10,8,13,0,680,82,,47.873,7.361,Plein jour,Hors agglomération,Hors intersection,Temps éblouissant,Deux véhicules - côté,,,,,,,,,,,1,1,1,7,3
200800055982,0008-10-15 19:00:00,8,10,15,19,0,680,235,,47.987,7.429,Nuit sans éclairage public,Hors agglomération,Hors intersection,Normale,Autre collision,,,,,,,,,,,3,1,1,1,6
200800055983,0008-10-24 01:30:00,8,10,24,1,30,680,82,RD2,47.86,7.332,Nuit avec éclairage allumé,En agglomération,Hors intersection,Normale,Autre collision,,,,,,,,,,,5,2,1,1,6
200800055984,0008-10-03 08:15:00,8,10,3,8,15,680,88,,47.862,7.282,Plein jour,Hors agglomération,Hors intersection,Normale,Sans collision,,,,,,,,,,,1,1,1,1,7
200800055985,0008-10-07 07:45:00,8,10,7,7,45,680,122,,47.871,7.213,Plein jour,Hors agglomération,Hors intersection,Normale,Deux véhicules - frontale,,,,,,,,,,,1,1,1,1,1
200800055986,0008-10-16 16:30:00,8,10,16,16,30,680,88,22A RUE PRINCIPALE,47.87,7.274,Plein jour,En agglomération,Hors intersection,Temps couvert,Deux véhicules - frontale,,,,,,,,,,,1,2,1,8,1
200800055987,0008-10-31 18:00:00,8,10,31,18,0,680,154,RUE DU RHIN,,,Nuit avec éclairage allumé,En agglomération,Hors intersection,Pluie forte,Deux véhicules - côté,,,,,,,,,,,5,2,1,3,3
200800055988,0008-10-03 08:45:00,8,10,3,8,45,680,297,,,,Plein jour,Hors agglomération,Hors intersection,Normale,Deux véhicules - frontale,,,,,,,,,,,1,1,1,1,1
200800055989,0008-10-11 09:45:00,8,10,11,9,45,680,135,rue de saint louis,47.585,7.514,Plein jour,En agglomération,Hors intersection,Normale,Deux véhicules - côté,,,,,,,,,,,1,2,1,1,3
200800055990,0008-10-06 20:30:00,8,10,6,20,30,680,21,,,,Nuit sans éclairage public,Hors agglomération,Autre intersection,Pluie légère,Deux véhicules - frontale,,,,,,,,,,,3,1,9,2,1
200800055991,0008-10-28 18:00:00,8,10,28,18,0,680,163,Rue du Rhin,,,Nuit avec éclairage allumé,En agglomération,Hors intersection,Pluie forte,Deux véhicules - côté,,,,,,,,,,,5,2,1,3,3
200800055992,0008-10-16 17:30:00,8,10,16,17,30,680,334,"7, rue st thiebaut",,,Plein jour,En agglomération,Hors intersection,Normale,Autre collision,,,,,,,,,,,1,2,1,1,6
200800055993,0008-10-17 08:15:00,8,10,17,8,15,680,348,RN66,,,Plein jour,En agglomération,Hors intersection,Temps éblouissant,Trois véhicules et plus - en chaîne,,,,,,,,,,,1,2,1,7,4
200800055994,0008-10-19 21:15:00,8,10,19,21,15,680,12,,47.785,7.145,Nuit sans éclairage public,Hors agglomération,Hors intersection,Normale,Sans collision,,,,,,,,,,,3,1,1,1,7
200800055995,0008-10-05 17:00:00,8,10,5,17,0,680,46,,47.808,7.042,Plein jour,Hors agglomération,Hors intersection,Normale,Sans collision,,,,,,,,,,,1,1,1,1,7
200800055996,0008-10-30 19:45:00,8,10,30,19,45,510,278,,,,Nuit sans éclairage public,Hors agglomération,Hors intersection,Autre,Trois véhicules et plus - collisions multiples,,,,,,,,,,,3,1,1,9,5
200800055997,0008-10-31 02:00:00,8,10,31,2,0,510,227,,,,Nuit sans éclairage public,Hors agglomération,Hors intersection,Pluie légère,Sans collision,,,,,,,,,,,3,1,1,2,7
200800055998,0008-10-07 17:30:00,8,10,7,17,30,510,434,,,,Plein jour,Hors agglomération,Hors intersection,Normale,Autre collision,,,,,,,,,,,1,1,1,1,6
200800055999,0008-10-12 14:45:00,8,10,12,14,45,510,153,,,,Plein jour,Hors agglomération,Hors intersection,Normale,Sans collision,,,,,,,,,,,1,1,1,1,7
200800056000,0008-10-25 18:00:00,8,10,25,18,0,510,49,RUE DES CORVEES,48.881,4.001,Plein jour,En agglomération,Hors intersection,Normale,Deux véhicules - frontale,,,,,,,,,,,1,2,1,1,1
200800056001,0008-10-30 12:30:00,8,10,30,12,30,510,251,114 rue St Thibault,48.979,4.058,Plein jour,En agglomération,Hors intersection,Normale,Deux véhicules - frontale,,,,,,,,,,,1,2,1,1,1
200800056002,0008-10-02 16:15:00,8,10,2,16,15,510,545,,48.738,4.206,Plein jour,En agglomération,Giratoire,Normale,Deux véhicules - frontale,,,,,,,,,,,1,2,6,1,1
200800056003,0008-10-13 10:00:00,8,10,13,10,0,510,90,,48.79,3.861,Plein jour,Hors agglomération,Hors intersection,Normale,Deux véhicules - côté,,,,,,,,,,,1,1,1,1,3
200800056004,0008-10-19 18:45:00,8,10,19,18,45,510,545,,48.737,4.206,Crépuscule ou aube,Hors agglomération,Giratoire,Normale,Deux véhicules - côté,,,,,,,,,,,2,1,6,1,3
200800056005,0008-10-24 21:45:00,8,10,24,21,45,510,248,,48.75,3.964,Nuit avec éclairage allumé,Hors agglomération,Hors intersection,Normale,Sans collision,,,,,,,,,,,5,1,1,1,7
200800056006,0008-10-26 02:15:00,8,10,26,2,15,510,248,,48.768,4.005,Nuit sans éclairage public,Hors agglomération,Giratoire,Normale,Sans collision,,,,,,,,,,,3,1,6,1,7
200800056007,0008-10-07 12:15:00,8,10,7,12,15,510,380,Rue de la Tour,48.875,3.546,Plein jour,En agglomération,Autre intersection,Normale,Deux véhicules - côté,,,,,,,,,,,1,2,9,1,3
200800056008,0008-10-10 13:30:00,8,10,10,13,30,510,535,RUE DE BROYES,48.73,3.72,Plein jour,En agglomération,Hors intersection,Normale,Deux véhicules - arrière,,,,,,,,,,,1,2,1,1,2
200800056009,0008-10-12 20:00:00,8,10,12,20,0,510,514,,48.7,3.76,Nuit sans éclairage public,Hors agglomération,Hors intersection,Normale,Deux véhicules - côté,,,,,,,,,,,3,1,1,1,3
200800056010,0008-10-31 10:30:00,8,10,31,10,30,510,535,rue notre dame,48.724,3.722,Plein jour,En agglomération,Intersection en T,Pluie légère,Deux véhicules - côté,,,,,,,,,,,1,2,3,2,3
200800056011,0008-10-30 19:00:00,8,10,30,19,0,510,622,,49.211,3.946,Nuit sans éclairage public,Hors agglomération,Hors intersection,Pluie légère,Deux véhicules - frontale,,,,,,,,,,,3,1,1,2,1
200800056012,0008-10-11 14:45:00,8,10,11,14,45,510,210,,49.076,3.964,Plein jour,Hors agglomération,Hors intersection,Normale,Trois véhicules et plus - collisions multiples,,,,,,,,,,,1,1,1,1,5
200800056013,0008-10-12 11:45:00,8,10,12,11,45,510,393,,49.131,3.918,Nuit sans éclairage public,Hors agglomération,Hors intersection,Brouillard / fumée,Autre collision,,,,,,,,,,,3,1,1,5,6
200800056014,0008-10-13 16:15:00,8,10,13,16,15,510,488,,49.1,3.979,Plein jour,Hors agglomération,Autre intersection,Normale,Deux véhicules - côté,,,,,,,,,,,1,1,9,1,3
200800056015,0008-10-03 05:30:00,8,10,3,5,30,510,598,,,,Crépuscule ou aube,Hors agglomération,Hors intersection,Normale,Deux véhicules - arrière,,,,,,,,,,,2,1,1,1,2
200800056016,0008-10-09 19:00:00,8,10,9,19,0,510,649,avenue de paris,,,Crépuscule ou aube,En agglomération,Giratoire,Normale,Autre collision,,,,,,,,,,,2,2,6,1,6
200800056017,0008-10-21 20:15:00,8,10,21,20,15,510,649,boulevard Francois 1er,48.72,4.58,Nuit avec éclairage allumé,En agglomération,Hors intersection,Pluie légère,Autre collision,,,,,,,,,,,5,2,1,2,6
200800056018,0008-10-27 11:00:00,8,10,27,11,0,510,195,,48.74,4.59,Plein jour,Hors agglomération,Hors intersection,Pluie légère,Deux véhicules - côté,,,,,,,,,,,1,1,1,2,3
200800056019,0008-10-02 17:30:00,8,10,2,17,30,80,173,Rue de Mezieres,,,Plein jour,En agglomération,Hors intersection,Normale,Deux véhicules - frontale,,,,,,,,,,,1,2,1,1,1
200800056020,0008-10-17 15:45:00,8,10,17,15,45,80,283,,49.616,4.603,Plein jour,Hors agglomération,Hors intersection,Normale,Deux véhicules - frontale,,,,,,,,,,,1,1,1,1,1
200800056021,0008-10-04 17:15:00,8,10,4,17,15,80,218,rue du carroue,,,Plein jour,En agglomération,Hors intersection,Normale,Autre collision,,,,,,,,,,,1,2,1,1,6
200800056022,0008-10-07 19:30:00,8,10,7,19,30,80,363,,49.951,4.649,Nuit avec éclairage allumé,Hors agglomération,Hors intersection,Normale,Deux véhicules - côté,,,,,,,,,,,5,1,1,1,3
200800056023,0008-10-07 15:45:00,8,10,7,15,45,80,190,Route de Bon Secours,,,Plein jour,En agglomération,Hors intersection,Normale,Deux véhicules - frontale,,,,,,,,,,,1,2,1,1,1
200800056024,0008-10-19 15:00:00,8,10,19,15,0,80,169,,49.814,4.421,Plein jour,Hors agglomération,Hors intersection,Normale,Deux véhicules - frontale,,,,,,,,,,,1,1,1,1,1
200800056025,0008-10-04 23:00:00,8,10,4,23,0,80,29,,,,Nuit sans éclairage public,Hors agglomération,Hors intersection,Normale,Autre collision,,,,,,,,,,,3,1,1,1,6
200800056026,0008-10-18 19:45:00,8,10,18,19,45,80,362,34 rue docteur Gobinet,,,Nuit avec éclairage allumé,En agglomération,Hors intersection,Normale,Autre collision,,,,,,,,,,,5,2,1,1,6
200800056027,0008-10-24 12:15:00,8,10,24,12,15,80,329,,49.589,4.41,Plein jour,Hors agglomération,Hors intersection,Normale,Deux véhicules - côté,,,,,,,,,,,1,1,1,1,3
200800056028,0008-10-02 17:00:00,8,10,2,17,0,100,51,,48.187,4.01,Plein jour,Hors agglomération,Hors intersection,Normale,Autre collision,,,,,,,,,,,1,1,1,1,6
200800056029,0008-10-22 09:15:00,8,10,22,9,15,100,18,cd374,48.096,3.922,Plein jour,En agglomération,Hors intersection,Normale,Deux véhicules - frontale,,,,,,,,,,,1,2,1,1,1
200800056030,0008-10-01 15:15:00,8,10,1,15,15,100,100,,48.198,4.183,Plein jour,Hors agglomération,Hors intersection,Normale,Deux véhicules - arrière,,,,,,,,,,,1,1,1,1,2
200800056031,0008-10-02 08:15:00,8,10,2,8,15,100,96,10 rue des Tuileries,48.227,3.855,Plein jour,En agglomération,Hors intersection,Normale,Autre collision,,,,,,,,,,,1,2,1,1,6
200800056032,0008-10-20 13:15:00,8,10,20,13,15,100,100,rue de la gare,48.207,4.184,Plein jour,En agglomération,Hors intersection,Normale,Autre collision,,,,,,,,,,,1,2,1,1,6
200800056033,0008-10-24 06:15:00,8,10,24,6,15,100,142,,48.28,3.826,Nuit sans éclairage public,Hors agglomération,Hors intersection,Normale,Autre collision,,,,,,,,,,,3,1,1,1,6
200800056034,0008-10-21 10:00:00,8,10,21,10,0,100,352,RD78,,,Plein jour,En agglomération,Hors intersection,Normale,Sans collision,,,,,,,,,,,1,2,1,1,7
200800056035,0008-10-25 17:00:00,8,10,25,17,0,100,261,,47.982,4.501,Plein jour,Hors agglomération,Hors intersection,Normale,Autre collision,,,,,,,,,,,1,1,1,1,6
200800056036,0008-10-14 16:30:00,8,10,14,16,30,100,268,,48.497,3.519,Plein jour,Hors agglomération,Hors intersection,Temps couvert,Autre collision,,,,,,,,,,,1,1,1,8,6
200800056037,0008-10-14 20:30:00,8,10,14,20,30,100,355,,48.509,3.475,Nuit sans éclairage public,Hors agglomération,Hors intersection,Normale,Sans collision,,,,,,,,,,,3,1,1,1,7
200800056038,0008-10-25 20:30:00,8,10,25,20,30,100,420,,48.589,3.546,Nuit sans éclairage public,Hors agglomération,Hors intersection,Normale,Autre collision,,,,,,,,,,,3,1,1,1,6
200800056039,0008-10-05 01:30:00,8,10,5,1,30,100,75,,48.623,4.024,Nuit sans éclairage public,Hors agglomération,Hors intersection,Normale,Autre collision,,,,,,,,,,,3,1,1,1,6
200800056040,0008-10-13 06:45:00,8,10,13,6,45,100,114,,48.518,3.634,Nuit sans éclairage public,Hors agglomération,Hors intersection,Normale,Autre collision,,,,,,,,,,,3,1,1,1,6
200800056041,0008-10-27 13:15:00,8,10,27,13,15,520,514,,48.071,5.176,Plein jour,Hors agglomération,Hors intersection,Pluie légère,Deux véhicules - côté,,,,,,,,,,,1,1,1,2,3
200800056042,0008-10-04 16:00:00,8,10,4,16,0,520,269,,,,Plein jour,Hors agglomération,Hors intersection,Normale,Sans collision,,,,,,,,,,,1,1,1,1,7
200800056043,0008-10-11 18:15:00,8,10,11,18,15,520,921,09 et 11 rue sainte Barb,,,Plein jour,En agglomération,Hors intersection,Normale,Autre collision,,,,,,,,,,,1,2,1,1,6
200800056044,0008-10-05 05:30:00,8,10,5,5,30,520,62,,47.798,5.317,Nuit sans éclairage public,Hors agglomération,Hors intersection,Normale,Autre collision,,,,,,,,,,,3,1,1,1,6
200800056045,0008-10-11 19:45:00,8,10,11,19,45,520,529,,,,Nuit sans éclairage public,Hors agglomération,Hors intersection,Normale,Trois véhicules et plus - collisions multiples,,,,,,,,,,,3,1,1,1,5
200800056046,0008-10-19 17:00:00,8,10,19,17,0,520,170,,,,Plein jour,Hors agglomération,Hors intersection,Normale,Sans collision,,,,,,,,,,,1,1,1,1,7
200800056047,0008-10-02 20:00:00,8,10,2,20,0,520,408,,48.555,5.064,Nuit sans éclairage public,Hors agglomération,Hors intersection,Pluie légère,Deux véhicules - frontale,,,,,,,,,,,3,1,1,2,1
200800056048,0008-10-22 07:00:00,8,10,22,7,0,520,244,rue du general de gaulle,48.589,4.902,Crépuscule ou aube,En agglomération,Hors intersection,Temps couvert,Sans collision,,,,,,,,,,,2,2,1,8,7
200800056049,0008-10-24 23:30:00,8,10,24,23,30,520,244,,48.604,4.911,Nuit sans éclairage public,Hors agglomération,Hors intersection,Pluie légère,Sans collision,,,,,,,,,,,3,1,1,2,7
200800056050,0008-10-10 11:00:00,8,10,10,11,0,890,298,,48.06,3.097,Plein jour,Hors agglomération,Hors intersection,Normale,Deux véhicules - arrière,,,,,,,,,,,1,1,1,1,2
200800056051,0008-10-08 19:45:00,8,10,8,19,45,210,292,Carrefour D25/D34,,,Crépuscule ou aube,En agglomération,Hors intersection,Normale,Deux véhicules - côté,,,,,,,,,,,2,2,1,1,3
200800056052,0008-10-26 18:45:00,8,10,26,18,45,210,532,,47.417,5.24,Nuit sans éclairage public,Hors agglomération,Hors intersection,Normale,Deux véhicules - frontale,,,,,,,,,,,3,1,1,1,1
200800056053,0008-10-01 20:45:00,8,10,1,20,45,210,295,AVENUE DE SPY,47.229,4.977,Crépuscule ou aube,En agglomération,Hors intersection,Pluie légère,Deux véhicules - côté,,,,,,,,,,,2,2,1,2,3
200800056054,0008-10-29 18:30:00,8,10,29,18,30,210,71,30 RUE  PORTE BESSEY,47.469,5.272,Nuit avec éclairage allumé,En agglomération,Hors intersection,Pluie légère,Autre collision,,,,,,,,,,,5,2,1,2,6
200800056055,0008-10-25 17:30:00,8,10,25,17,30,210,599,34 rue de villey,,,Plein jour,En agglomération,Hors intersection,Temps éblouissant,Deux véhicules - frontale,,,,,,,,,,,1,2,1,7,1
200800056056,0008-10-07 15:30:00,8,10,7,15,30,210,611,avenue de BRENNE,47.316,4.71,Plein jour,En agglomération,Hors intersection,Normale,Deux véhicules - frontale,,,,,,,,,,,1,2,1,1,1
200800056057,0008-10-16 08:00:00,8,10,16,8,0,210,412,car. hoital de Meursault,,,Plein jour,En agglomération,Hors intersection,Pluie légère,Deux véhicules - frontale,,,,,,,,,,,1,2,1,2,1
200800056058,0008-10-23 17:00:00,8,10,23,17,0,210,527,,46.965,4.686,Plein jour,Hors agglomération,Hors intersection,Temps couvert,Deux véhicules - frontale,,,,,,,,,,,1,1,1,8,1
200800056059,0008-10-27 16:00:00,8,10,27,16,0,210,461,,46.953,4.604,Plein jour,Hors agglomération,Hors intersection,Pluie légère,Autre collision,,,,,,,,,,,1,1,1,2,6
200800056060,0008-10-30 17:30:00,8,10,30,17,30,210,86,,46.988,4.822,Plein jour,Hors agglomération,Hors intersection,Temps couvert,Deux véhicules - côté,,,,,,,,,,,1,1,1,8,3
200800056061,0008-10-16 08:00:00,8,10,16,8,0,210,501,rue du general DE GAULLE,47.266,4.557,Plein jour,En agglomération,Hors intersection,Pluie forte,Deux véhicules - côté,,,,,,,,,,,1,2,1,3,3
200800056062,0008-10-19 15:45:00,8,10,19,15,45,210,570,,47.199,4.627,Plein jour,En agglomération,Hors intersection,Normale,Deux véhicules - arrière,,,,,,,,,,,1,2,1,1,2
200800056063,0008-10-04 19:00:00,8,10,4,19,0,210,154,,,,Crépuscule ou aube,Hors agglomération,Hors intersection,Normale,Deux véhicules - frontale,,,,,,,,,,,2,1,1,1,1
200800056064,0008-10-20 19:30:00,8,10,20,19,30,210,545,,,,Nuit sans éclairage public,Hors agglomération,Hors intersection,Normale,Autre collision,,,,,,,,,,,3,1,1,1,6
200800056065,0008-10-29 11:00:00,8,10,29,11,0,210,612,,,,Crépuscule ou aube,Hors agglomération,Hors intersection,Normale,Sans collision,,,,,,,,,,,2,1,1,1,7
200800056066,0008-10-17 19:15:00,8,10,17,19,15,210,663,,47.549,4.489,Nuit sans éclairage public,Hors agglomération,Hors intersection,Normale,Deux véhicules - frontale,,,,,,,,,,,3,1,1,1,1
200800056067,0008-10-06 11:00:00,8,10,6,11,0,580,65,rue du lion d'or,47.057,3.658,Plein jour,En agglomération,Hors intersection,Pluie légère,Autre collision,,,,,,,,,,,1,2,1,2,6
200800056068,0008-10-11 18:00:00,8,10,11,18,0,580,35,,47.07,3.449,Crépuscule ou aube,Hors agglomération,Hors intersection,Temps éblouissant,Autre collision,,,,,,,,,,,2,1,1,7,6
200800056069,0008-10-17 08:45:00,8,10,17,8,45,580,223,,47.028,3.532,Plein jour,Hors agglomération,Hors intersection,Normale,Sans collision,,,,,,,,,,,1,1,1,1,7
200800056070,0008-10-05 09:00:00,8,10,5,9,0,580,114,,46.802,3.923,Plein jour,Hors agglomération,Hors intersection,Normale,Sans collision,,,,,,,,,,,1,1,1,1,7
200800056071,0008-10-15 16:30:00,8,10,15,16,30,580,149,AVENUE DOCTEUR DOLLET,46.793,3.972,Plein jour,En agglomération,Hors intersection,Normale,Deux véhicules - côté,,,,,,,,,,,1,2,1,1,3
200800056072,0008-10-14 07:00:00,8,10,14,7,0,580,187,CD 907,,,Nuit avec éclairage allumé,En agglomération,Hors intersection,Brouillard / fumée,Deux véhicules - côté,,,,,,,,,,,5,2,1,5,3
200800056073,0008-10-05 08:15:00,8,10,5,8,15,580,189,,,,Crépuscule ou aube,Hors agglomération,Hors intersection,Normale,Sans collision,,,,,,,,,,,2,1,1,1,7