accident_id,datetime,annee,mois,jour,heure,minute,departement,commune_insee,adresse,latitude,longitude,luminosite,agglomeration,intersection,meteo,collision,nb_vehicules,nb_usagers,nb_indemnes,nb_tues,nb_blesses_hosp,nb_blesses_legers,age_cond_1,age_cond_2,veh_type_cond_1,veh_type_cond_2,lum_code,agg_code,int_code,atm_code,col_code
200800056351,0008-10-01 08:45:00,8,10,1,8,45,300,346,,43.962,4.522,Plein jour,En agglomération,Hors intersection,Normale,Deux véhicules - côté,,,,,,,,,,,1,2,1,1,3
200800056352,0008-10-11 19:30:00,8,10,11,19,30,300,12,,43.889,4.695,Nuit sans éclairage public,Hors agglomération,Hors intersection,Normale,Autre collision,,,,,,,,,,,3,1,1,1,6
200800056353,0008-10-10 00:45:00,8,10,10,0,45,300,179,,43.874,4.585,Nuit sans éclairage public,Hors agglomération,Intersection en X,Normale,Deux véhicules - côté,,,,,,,,,,,3,1,2,1,3
200800056354,0008-10-16 18:45:00,8,10,16,18,45,300,346,,43.969,4.505,Plein jour,Hors agglomération,Hors intersection,Normale,Autre collision,,,,,,,,,,,1,1,1,1,6
200800056355,0008-10-20 10:30:00,8,10,20,10,30,300,317,,43.935,4.562,Plein jour,Hors agglomération,Hors intersection,Pluie forte,Autre collision,,,,,,,,,,,1,1,1,3,6
200800056356,0008-10-12 02:15:00,8,10,12,2,15,300,326,,,,Nuit sans éclairage public,Hors agglomération,Hors intersection,Brouillard / fumée,Deux véhicules - arrière,,,,,,,,,,,3,1,1,5,2
200800056357,0008-10-31 07:15:00,8,10,31,7,15,300,312,,44.023,4.795,Plein jour,Hors agglomération,Hors intersection,Pluie légère,Deux véhicules - frontale,,,,,,,,,,,1,1,1,2,1
200800056358,0008-10-12 03:30:00,8,10,12,3,30,300,98,,,,Nuit sans éclairage public,Hors agglomération,Hors intersection,Normale,Autre collision,,,,,,,,,,,3,1,1,1,6
200800056359,0008-10-16 10:15:00,8,10,16,10,15,300,255,CHEMIN DE GAJAN,,,Plein jour,En agglomération,Hors intersection,Normale,Deux véhicules - côté,,,,,,,,,,,1,2,1,1,3
200800056360,0008-10-18 16:00:00,8,10,18,16,0,300,325,,43.997,3.712,Plein jour,Hors agglomération,Hors intersection,Normale,Deux véhicules - côté,,,,,,,,,,,1,1,1,1,3
200800056361,0008-10-12 09:45:00,8,10,12,9,45,300,349,,43.891,4.034,Plein jour,Hors agglomération,Hors intersection,Normale,Sans collision,,,,,,,,,,,1,1,1,1,7
200800056362,0008-10-14 08:15:00,8,10,14,8,15,300,148,,43.893,4.003,Plein jour,Hors agglomération,Hors intersection,Normale,Deux véhicules - frontale,,,,,,,,,,,1,1,1,1,1
200800056363,0008-10-26 15:15:00,8,10,26,15,15,300,58,,,,Plein jour,Hors agglomération,Hors intersection,Normale,Autre collision,,,,,,,,,,,1,1,1,1,6
200800056364,0008-10-28 16:00:00,8,10,28,16,0,480,13,,44.541,3.568,Plein jour,Hors agglomération,Hors intersection,Pluie légère,Deux véhicules - frontale,,,,,,,,,,,1,1,1,2,1
200800056365,0008-10-06 14:00:00,8,10,6,14,0,480,186,,,,Plein jour,Hors agglomération,Hors intersection,Normale,Autre collision,,,,,,,,,,,1,1,1,1,6
200800056366,0008-10-19 08:00:00,8,10,19,8,0,480,73,,,,Plein jour,Hors agglomération,Hors intersection,Normale,Sans collision,,,,,,,,,,,1,1,1,1,7
200800056367,0008-10-14 07:30:00,8,10,14,7,30,480,9,,44.693,3.287,Nuit sans éclairage public,Hors agglomération,Hors intersection,Brouillard / fumée,Trois véhicules et plus - collisions multiples,,,,,,,,,,,3,1,1,5,5
200800056368,0008-10-19 05:00:00,8,10,19,5,0,480,128,,44.771,3.322,Nuit sans éclairage public,Hors agglomération,Hors intersection,Normale,Autre collision,,,,,,,,,,,3,1,1,1,6
200800056369,0008-10-09 21:30:00,8,10,9,21,30,660,37,,,,Nuit sans éclairage public,Hors agglomération,Hors intersection,Normale,Deux véhicules - frontale,,,,,,,,,,,3,1,1,1,1
200800056370,0008-10-21 20:00:00,8,10,21,20,0,660,65,Avenue paul REIG,,,Nuit sans éclairage public,En agglomération,Hors intersection,Normale,Deux véhicules - côté,,,,,,,,,,,3,2,1,1,3
200800056371,0008-10-25 16:30:00,8,10,25,16,30,660,65,Avenue Paul REIG,42.6,2.979,Plein jour,En agglomération,Hors intersection,Normale,Deux véhicules - frontale,,,,,,,,,,,1,2,1,1,1
200800056372,0008-10-22 14:00:00,8,10,22,14,0,660,231,RUE MILLERE,42.853,2.78,Plein jour,En agglomération,Hors intersection,Normale,Autre collision,,,,,,,,,,,1,2,1,1,6
200800056373,0008-10-23 08:00:00,8,10,23,8,0,660,164,,42.783,2.906,Plein jour,Hors agglomération,Hors intersection,Pluie légère,Deux véhicules - côté,,,,,,,,,,,1,1,1,2,3
200800056374,0008-10-25 19:45:00,8,10,25,19,45,660,69,,42.784,2.829,Nuit sans éclairage public,Hors agglomération,Hors intersection,Normale,Deux véhicules - côté,,,,,,,,,,,3,1,1,1,3
200800056375,0008-10-04 15:45:00,8,10,4,15,45,660,207,PK 13 + 978,,,Plein jour,En agglomération,Hors intersection,Normale,Deux véhicules - frontale,,,,,,,,,,,1,2,1,1,1
200800056376,0008-10-21 08:00:00,8,10,21,8,0,660,144,,42.645,2.858,Plein jour,Hors agglomération,Hors intersection,Normale,Deux véhicules - frontale,,,,,,,,,,,1,1,1,1,1
200800056377,0008-10-26 02:00:00,8,10,26,2,0,660,38,,,,Nuit sans éclairage public,Hors agglomération,Hors intersection,Normale,Autre collision,,,,,,,,,,,3,1,1,1,6
200800056378,0008-10-30 18:30:00,8,10,30,18,30,660,24,,,,Nuit sans éclairage public,Hors agglomération,Hors intersection,Normale,Deux véhicules - arrière,,,,,,,,,,,3,1,1,1,2
200800056379,0008-10-31 14:00:00,8,10,31,14,0,660,106,,,,Plein jour,Hors agglomération,Hors intersection,Normale,Deux véhicules - frontale,,,,,,,,,,,1,1,1,1,1
200800056380,0008-10-06 16:15:00,8,10,6,16,15,660,148,Rue Jean Cabesa,42.522,3.105,Plein jour,En agglomération,Hors intersection,Normale,Autre collision,,,,,,,,,,,1,2,1,1,6
200800056381,0008-10-05 19:15:00,8,10,5,19,15,660,165,,,,Nuit sans éclairage public,Hors agglomération,Autre intersection,Normale,Deux véhicules - côté,,,,,,,,,,,3,1,9,1,3
200800056382,0008-10-08 06:15:00,8,10,8,6,15,201,85,,,,Crépuscule ou aube,Hors agglomération,Hors intersection,Normale,Deux véhicules - côté,,,,,,,,,,,2,1,1,1,3
200800056383,0008-10-12 10:00:00,8,10,12,10,0,201,85,,,,Plein jour,Hors agglomération,Intersection en T,Normale,Deux véhicules - frontale,,,,,,,,,,,1,1,3,1,1
200800056384,0008-10-16 14:30:00,8,10,16,14,30,201,32,face pharmacie,,,Plein jour,En agglomération,Hors intersection,Normale,Deux véhicules - côté,,,,,,,,,,,1,2,1,1,3
200800056385,0008-10-03 16:30:00,8,10,3,16,30,201,271,,,,Plein jour,Hors agglomération,Hors intersection,Normale,Deux véhicules - côté,,,,,,,,,,,1,1,1,1,3
200800056386,0008-10-17 13:30:00,8,10,17,13,30,201,247,,,,Plein jour,Hors agglomération,Hors intersection,Normale,Sans collision,,,,,,,,,,,1,1,1,1,7
200800056387,0008-10-03 09:00:00,8,10,3,9,0,201,284,,41.725,8.839,Plein jour,Hors agglomération,Hors intersection,Normale,Deux véhicules - côté,,,,,,,,,,,1,1,1,1,3
200800056388,0008-10-26 11:15:00,8,10,26,11,15,201,211,,41.805,8.97,Plein jour,Hors agglomération,Hors intersection,Normale,Deux véhicules - côté,,,,,,,,,,,1,1,1,1,3
200800056389,0008-10-07 15:30:00,8,10,7,15,30,202,148,gare de casamozza,42.527,9.442,Plein jour,En agglomération,Hors intersection,Normale,Sans collision,,,,,,,,,,,1,2,1,1,7
200800056390,0008-10-26 15:45:00,8,10,26,15,45,202,314,,42.666,9.159,Plein jour,Hors agglomération,Hors intersection,Normale,Deux véhicules - côté,,,,,,,,,,,1,1,1,1,3
200800056391,0008-10-29 12:00:00,8,10,29,12,0,202,188,,42.601,9.412,Plein jour,Hors agglomération,Hors intersection,Pluie légère,Sans collision,,,,,,,,,,,1,1,1,2,7
200800056392,0008-10-24 18:00:00,8,10,24,18,0,202,182,,42.644,9.003,Plein jour,Hors agglomération,Hors intersection,Pluie légère,Deux véhicules - frontale,,,,,,,,,,,1,1,1,2,1
200800056393,0008-10-05 22:00:00,8,10,5,22,0,202,289,,,,Nuit sans éclairage public,Hors agglomération,Hors intersection,Normale,Deux véhicules - frontale,,,,,,,,,,,3,1,1,1,1
200800056394,0008-10-18 20:15:00,8,10,18,20,15,202,337,,42.473,9.241,Nuit sans éclairage public,Hors agglomération,Hors intersection,Normale,Trois véhicules et plus - en chaîne,,,,,,,,,,,3,1,1,1,4
200800056395,0008-10-09 08:30:00,8,10,9,8,30,202,9,carrefour des RN198 et 2,,,Plein jour,En agglomération,Hors intersection,Normale,Deux véhicules - frontale,,,,,,,,,,,1,2,1,1,1
200800056396,0008-10-03 08:00:00,8,10,3,8,0,780,113,,49.036,1.818,Plein jour,Hors agglomération,Hors intersection,Pluie légère,Deux véhicules - côté,,,,,,,,,,,1,1,1,2,3
200800056397,0008-10-11 21:30:00,8,10,11,21,30,780,20,,,,Nuit avec éclairage allumé,En agglomération,Hors intersection,Normale,Deux véhicules - arrière,,,,,,,,,,,5,2,1,1,2
200800056398,0008-10-30 17:30:00,8,10,30,17,30,780,548,,,,Crépuscule ou aube,Hors agglomération,Hors intersection,Temps couvert,Deux véhicules - frontale,,,,,,,,,,,2,1,1,8,1
200800056399,0008-10-01 18:30:00,8,10,1,18,30,780,615,,,,Plein jour,Hors agglomération,Hors intersection,Normale,Deux véhicules - arrière,,,,,,,,,,,1,1,1,1,2
200800056400,0008-10-12 02:30:00,8,10,12,2,30,780,683,rue des bois,,,Nuit avec éclairage allumé,En agglomération,Hors intersection,Normale,Autre collision,,,,,,,,,,,5,2,1,1,6
200800056401,0008-10-31 19:30:00,8,10,31,19,30,780,125,,,,Nuit sans éclairage public,Hors agglomération,Hors intersection,Pluie légère,Sans collision,,,,,,,,,,,3,1,1,2,7
200800056402,0008-10-22 16:00:00,8,10,22,16,0,910,599,,,,Plein jour,Hors agglomération,Hors intersection,Normale,Sans collision,,,,,,,,,,,1,1,1,1,7
200800056403,0008-10-09 09:45:00,8,10,9,9,45,910,226,rue des tulipiers,48.491,2.197,Plein jour,En agglomération,Hors intersection,Normale,Autre collision,,,,,,,,,,,1,2,1,1,6
200800056404,0008-10-10 16:15:00,8,10,10,16,15,910,226,route de Vaucelas,,,Plein jour,En agglomération,Intersection en X,Normale,Deux véhicules - frontale,,,,,,,,,,,1,2,2,1,1
200800056405,0008-10-24 14:15:00,8,10,24,14,15,910,132,,,,Nuit sans éclairage public,Hors agglomération,Hors intersection,Normale,Deux véhicules - arrière,,,,,,,,,,,3,1,1,1,2
200800056406,0008-10-26 02:30:00,8,10,26,2,30,910,17,rue du Marais,,,Nuit avec éclairage allumé,En agglomération,Hors intersection,Brouillard / fumée,Autre collision,,,,,,,,,,,5,2,1,5,6
200800056407,0008-10-28 13:00:00,8,10,28,13,0,910,540,rue lamoignon,,,Plein jour,En agglomération,Hors intersection,Normale,Deux véhicules - côté,,,,,,,,,,,1,2,1,1,3
200800056408,0008-10-14 16:15:00,8,10,14,16,15,910,156,route d' ARPAJON,,,Plein jour,En agglomération,Hors intersection,Normale,Deux véhicules - frontale,,,,,,,,,,,1,2,1,1,1
200800056409,0008-10-16 16:00:00,8,10,16,16,0,910,41,,,,Plein jour,Hors agglomération,Hors intersection,Normale,Deux véhicules - côté,,,,,,,,,,,1,1,1,1,3
200800056410,0008-10-21 04:45:00,8,10,21,4,45,910,243,pk 7+100 cd 97,,,Nuit avec éclairage allumé,En agglomération,Autre intersection,Normale,Deux véhicules - frontale,,,,,,,,,,,5,2,9,1,1
200800056411,0008-10-04 13:30:00,8,10,4,13,30,910,534,,48.732,2.169,Plein jour,Hors agglomération,Hors intersection,Normale,Deux véhicules - côté,,,,,,,,,,,1,1,1,1,3
200800056412,0008-10-07 14:30:00,8,10,7,14,30,950,119,,49.194,1.716,Plein jour,Hors agglomération,Hors intersection,Normale,Trois véhicules et plus - en chaîne,,,,,,,,,,,1,1,1,1,4
200800056413,0008-10-13 10:00:00,8,10,13,10,0,950,554,,49.183,1.744,Plein jour,Hors agglomération,Hors intersection,Normale,Deux véhicules - arrière,,,,,,,,,,,1,1,1,1,2
200800056414,0008-10-31 08:30:00,8,10,31,8,30,950,379,,49.109,1.776,Crépuscule ou aube,Hors agglomération,Hors intersection,Pluie légère,Deux véhicules - frontale,,,,,,,,,,,2,1,1,2,1
200800056415,0008-10-11 14:00:00,8,10,11,14,0,950,2,,,,Plein jour,Hors agglomération,Hors intersection,Normale,Deux véhicules - côté,,,,,,,,,,,1,1,1,1,3
200800056416,0008-10-01 11:45:00,8,10,1,11,45,950,199,,,,Plein jour,Hors agglomération,Hors intersection,Pluie forte,Deux véhicules - arrière,,,,,,,,,,,1,1,1,3,2
200800056417,0008-10-22 07:45:00,8,10,22,7,45,950,199,Carrefour Pigale,,,Nuit avec éclairage allumé,En agglomération,Hors intersection,Temps couvert,Deux véhicules - frontale,,,,,,,,,,,5,2,1,8,1
200800056418,0008-10-11 07:30:00,8,10,11,7,30,950,154,,,,Crépuscule ou aube,Hors agglomération,Hors intersection,Brouillard / fumée,Sans collision,,,,,,,,,,,2,1,1,5,7
200800056419,0008-10-16 17:15:00,8,10,16,17,15,770,100,,48.484,2.839,Plein jour,Hors agglomération,Hors intersection,Normale,Deux véhicules - arrière,,,,,,,,,,,1,1,1,1,2
200800056420,0008-10-18 17:30:00,8,10,18,17,30,770,103,rue de la Justice,48.534,2.836,Plein jour,En agglomération,Hors intersection,Normale,Deux véhicules - côté,,,,,,,,,,,1,2,1,1,3
200800056421,0008-10-06 07:00:00,8,10,6,7,0,770,317,,48.617,2.883,Crépuscule ou aube,Hors agglomération,Giratoire,Pluie légère,Sans collision,,,,,,,,,,,2,1,6,2,7
200800056422,0008-10-16 11:45:00,8,10,16,11,45,770,432,,48.832,3.239,Plein jour,Hors agglomération,Hors intersection,Pluie légère,Deux véhicules - frontale,,,,,,,,,,,1,1,1,2,1
200800056423,0008-10-20 17:00:00,8,10,20,17,0,770,423,,48.801,3.332,Plein jour,Hors agglomération,Hors intersection,Normale,Sans collision,,,,,,,,,,,1,1,1,1,7
200800056424,0008-10-07 15:30:00,8,10,7,15,30,770,183,rue de reuil,48.954,3.138,Plein jour,En agglomération,Hors intersection,Normale,Deux véhicules - côté,,,,,,,,,,,1,2,1,1,3
200800056425,0008-10-09 13:45:00,8,10,9,13,45,770,361,,,,Plein jour,Hors agglomération,Hors intersection,Normale,Deux véhicules - côté,,,,,,,,,,,1,1,1,1,3
200800056426,0008-10-12 20:45:00,8,10,12,20,45,770,183,boulevard du 08 mai 194,,,Nuit sans éclairage public,En agglomération,Hors intersection,Normale,Deux véhicules - côté,,,,,,,,,,,3,2,1,1,3
200800056427,0008-10-24 20:15:00,8,10,24,20,15,770,448,,48.94,3.102,Nuit sans éclairage public,Hors agglomération,Hors intersection,Pluie légère,Autre collision,,,,,,,,,,,3,1,1,2,6
200800056428,0008-10-27 15:45:00,8,10,27,15,45,770,440,,48.956,3.049,Plein jour,Hors agglomération,Hors intersection,Pluie légère,Deux véhicules - frontale,,,,,,,,,,,1,1,1,2,1
200800056429,0008-10-28 15:30:00,8,10,28,15,30,770,300,rue de lizy,48.94,2.98,Plein jour,En agglomération,Hors intersection,Normale,Deux véhicules - côté,,,,,,,,,,,1,2,1,1,3
200800056430,0008-10-19 09:30:00,8,10,19,9,30,770,336,,48.789,2.824,Plein jour,Hors agglomération,Hors intersection,Normale,Deux véhicules - frontale,,,,,,,,,,,1,1,1,1,1
200800056431,0008-10-11 16:30:00,8,10,11,16,30,770,264,,48.733,2.978,Plein jour,Hors agglomération,Hors intersection,Normale,Deux véhicules - arrière,,,,,,,,,,,1,1,1,1,2
200800056432,0008-10-22 08:30:00,8,10,22,8,30,770,393,Parking du lycee la Tour,48.682,2.972,Plein jour,En agglomération,Hors intersection,Normale,Autre collision,,,,,,,,,,,1,2,1,1,6
200800056433,0008-10-10 08:00:00,8,10,10,8,0,770,339,,48.373,2.515,Plein jour,Hors agglomération,Hors intersection,Normale,Deux véhicules - frontale,,,,,,,,,,,1,1,1,1,1
200800056434,0008-10-19 16:30:00,8,10,19,16,30,770,1,,,,Plein jour,Hors agglomération,Hors intersection,Normale,Deux véhicules - frontale,,,,,,,,,,,1,1,1,1,1
200800056435,0008-10-17 07:30:00,8,10,17,7,30,770,99,,48.161,2.695,Nuit sans éclairage public,Hors agglomération,Hors intersection,Brouillard / fumée,Deux véhicules - frontale,,,,,,,,,,,3,1,1,5,1
200800056436,0008-10-19 19:45:00,8,10,19,19,45,770,71,,48.211,2.783,Nuit avec éclairage allumé,Hors agglomération,Hors intersection,Normale,Sans collision,,,,,,,,,,,5,1,1,1,7
200800056437,0008-10-07 08:30:00,8,10,7,8,30,770,308,,49.042,2.739,Crépuscule ou aube,Hors agglomération,Hors intersection,Pluie légère,Trois véhicules et plus - collisions multiples,,,,,,,,,,,2,1,1,2,5
200800056438,0008-10-09 19:00:00,8,10,9,19,0,770,437,,49.046,2.775,Plein jour,Hors agglomération,Hors intersection,Normale,Trois véhicules et plus - en chaîne,,,,,,,,,,,1,1,1,1,4
200800056439,0008-10-31 18:15:00,8,10,31,18,15,770,416,,48.602,3.105,Nuit avec éclairage allumé,Hors agglomération,Hors intersection,Temps couvert,Deux véhicules - frontale,,,,,,,,,,,5,1,1,8,1
200800056440,0008-10-17 20:00:00,8,10,17,20,0,770,325,,48.443,3.243,Nuit sans éclairage public,Hors agglomération,Hors intersection,Normale,Autre collision,,,,,,,,,,,3,1,1,1,6
200800056441,0008-10-26 17:00:00,8,10,26,17,0,770,76,,48.495,3.249,Crépuscule ou aube,Hors agglomération,Hors intersection,Normale,Sans collision,,,,,,,,,,,2,1,1,1,7
200800056442,0008-10-18 05:45:00,8,10,18,5,45,450,194,,47.911,2.066,Nuit sans éclairage public,Hors agglomération,Hors intersection,Normale,Trois véhicules et plus - en chaîne,,,,,,,,,,,3,1,1,1,4
200800056443,0008-10-18 12:00:00,8,10,18,12,0,450,72,,47.972,1.93,Plein jour,Hors agglomération,Hors intersection,Normale,Deux véhicules - frontale,,,,,,,,,,,1,1,1,1,1
200800056444,0008-10-25 01:00:00,8,10,25,1,0,450,204,,,,Nuit sans éclairage public,Hors agglomération,Hors intersection,Normale,Sans collision,,,,,,,,,,,3,1,1,1,7
200800056445,0008-10-01 18:15:00,8,10,1,18,15,450,173,,47.873,2.126,Plein jour,Hors agglomération,Hors intersection,Normale,Trois véhicules et plus - collisions multiples,,,,,,,,,,,1,1,1,1,5
200800056446,0008-10-05 03:30:00,8,10,5,3,30,450,273,,47.896,2.127,Nuit sans éclairage public,Hors agglomération,Hors intersection,Normale,Deux véhicules - côté,,,,,,,,,,,3,1,1,1,3
200800056447,0008-10-25 05:45:00,8,10,25,5,45,450,300,,47.862,1.991,Plein jour,Hors agglomération,Hors intersection,Normale,Autre collision,,,,,,,,,,,1,1,1,1,6
200800056448,0008-10-11 19:00:00,8,10,11,19,0,450,19,,47.855,1.632,Plein jour,Hors agglomération,Hors intersection,Normale,Deux véhicules - côté,,,,,,,,,,,1,1,1,1,3
200800056449,0008-10-17 14:15:00,8,10,17,14,15,450,86,,48.167,2.093,Plein jour,Hors agglomération,Hors intersection,Normale,Deux véhicules - frontale,,,,,,,,,,,1,1,1,1,1
200800056450,0008-10-05 19:00:00,8,10,5,19,0,450,227,,,,Nuit sans éclairage public,Hors agglomération,Giratoire,Pluie légère,Autre collision,,,,,,,,,,,3,1,6,2,6
200800056451,0008-10-12 12:00:00,8,10,12,12,0,450,155,Place de l'eglise,47.692,2.63,Plein jour,En agglomération,Hors intersection,Temps couvert,Autre collision,,,,,,,,,,,1,2,1,8,6
200800056452,0008-10-12 20:30:00,8,10,12,20,30,450,53,rue de la liberte,47.646,2.738,Crépuscule ou aube,En agglomération,Hors intersection,Normale,Deux véhicules - côté,,,,,,,,,,,2,2,1,1,3
200800056453,0008-10-21 22:15:00,8,10,21,22,15,450,53,,,,Nuit sans éclairage public,Hors agglomération,Hors intersection,Pluie légère,Deux véhicules - frontale,,,,,,,,,,,3,1,1,2,1
200800056454,0008-10-02 18:45:00,8,10,2,18,45,450,315,Rue des Marroniers,,,Plein jour,En agglomération,Hors intersection,Temps éblouissant,Deux véhicules - côté,,,,,,,,,,,1,2,1,7,3
200800056455,0008-10-05 05:15:00,8,10,5,5,15,450,156,,,,Nuit sans éclairage public,Hors agglomération,Hors intersection,Normale,Deux véhicules - frontale,,,,,,,,,,,3,1,1,1,1
200800056456,0008-10-27 18:45:00,8,10,27,18,45,450,329,,47.98,3.006,Nuit sans éclairage public,Hors agglomération,Intersection en X,Normale,Deux véhicules - côté,,,,,,,,,,,3,1,2,1,3
200800056457,0008-10-04 05:30:00,8,10,4,5,30,450,206,route de Pannes,48.04,2.63,Nuit sans éclairage public,En agglomération,Passage à niveau,Normale,Deux véhicules - frontale,,,,,,,,,,,3,2,8,1,1
200800056458,0008-10-11 10:00:00,8,10,11,10,0,450,127,RN7 119 route de PARIS,,,Plein jour,En agglomération,Hors intersection,Normale,Deux véhicules - arrière,,,,,,,,,,,1,2,1,1,2
200800056459,0008-10-30 16:30:00,8,10,30,16,30,180,241,,47.326,2.819,Plein jour,Hors agglomération,Hors intersection,Pluie légère,Deux véhicules - frontale,,,,,,,,,,,1,1,1,2,1
200800056460,0008-10-06 14:00:00,8,10,6,14,0,180,89,,,,Plein jour,Hors agglomération,Hors intersection,Normale,Sans collision,,,,,,,,,,,1,1,1,1,7
200800056461,0008-10-06 14:30:00,8,10,6,14,30,180,129,,,,Plein jour,Hors agglomération,Hors intersection,Normale,Deux véhicules - frontale,,,,,,,,,,,1,1,1,1,1
200800056462,0008-10-01 08:45:00,8,10,1,8,45,180,115,,47.36,2.464,Plein jour,Hors agglomération,Hors intersection,Pluie légère,Autre collision,,,,,,,,,,,1,1,1,2,6
200800056463,0008-10-12 10:30:00,8,10,12,10,30,180,15,rue des Margotteries,47.499,2.443,Plein jour,En agglomération,Hors intersection,Normale,Autre collision,,,,,,,,,,,1,2,1,1,6
200800056464,0008-10-18 12:30:00,8,10,18,12,30,180,5,,47.172,2.216,Plein jour,Hors agglomération,Hors intersection,Normale,Deux véhicules - côté,,,,,,,,,,,1,1,1,1,3
200800056465,0008-10-19 08:30:00,8,10,19,8,30,180,150,,47.252,1.982,Crépuscule ou aube,Hors agglomération,Hors intersection,Temps éblouissant,Autre collision,,,,,,,,,,,2,1,1,7,6
200800056466,0008-10-26 20:30:00,8,10,26,20,30,180,103,,47.129,1.865,Nuit sans éclairage public,Hors agglomération,Hors intersection,Pluie légère,Autre collision,,,,,,,,,,,3,1,1,2,6
200800056467,0008-10-24 16:30:00,8,10,24,16,30,180,207,Avenue Gabriel Dordain,,,Plein jour,En agglomération,Hors intersection,Normale,Autre collision,,,,,,,,,,,1,2,1,1,6
200800056468,0008-10-12 02:00:00,8,10,12,2,0,180,97,,,,Nuit sans éclairage public,Hors agglomération,Hors intersection,Normale,Autre collision,,,,,,,,,,,3,1,1,1,6
200800056469,0008-10-07 20:00:00,8,10,7,20,0,280,201,,48.52,1.534,Nuit sans éclairage public,Hors agglomération,Hors intersection,Pluie légère,Autre collision,,,,,,,,,,,3,1,1,2,6
200800056470,0008-10-04 02:00:00,8,10,4,2,0,280,422,,48.281,1.977,Nuit sans éclairage public,Hors agglomération,Hors intersection,Normale,Sans collision,,,,,,,,,,,3,1,1,1,7
200800056471,0008-10-12 08:30:00,8,10,12,8,30,280,367,02 rue charles pegguy,48.149,1.905,Plein jour,En agglomération,Hors intersection,Normale,Autre collision,,,,,,,,,,,1,2,1,1,6
200800056472,0008-10-17 18:45:00,8,10,17,18,45,280,4,,48.333,1.661,Nuit sans éclairage public,Hors agglomération,Hors intersection,Normale,Trois véhicules et plus - en chaîne,,,,,,,,,,,3,1,1,1,4
200800056473,0008-10-18 04:00:00,8,10,18,4,0,280,205,,,,Nuit sans éclairage public,Hors agglomération,Hors intersection,Normale,Autre collision,,,,,,,,,,,3,1,1,1,6
200800056474,0008-10-04 03:30:00,8,10,4,3,30,280,14,,48.672,1.316,Nuit sans éclairage public,Hors agglomération,Hors intersection,Normale,Autre collision,,,,,,,,,,,3,1,1,1,6
200800056475,0008-10-17 20:00:00,8,10,17,20,0,280,405,,48.747,1.291,Crépuscule ou aube,Hors agglomération,Intersection en X,Normale,Deux véhicules - côté,,,,,,,,,,,2,1,2,1,3
200800056476,0008-10-19 17:30:00,8,10,19,17,30,280,98,,48.757,1.462,Plein jour,Hors agglomération,Hors intersection,Normale,Deux véhicules - côté,,,,,,,,,,,1,1,1,1,3
200800056477,0008-10-26 22:45:00,8,10,26,22,45,280,239,,48.679,1.385,Nuit sans éclairage public,Hors agglomération,Hors intersection,Pluie légère,Sans collision,,,,,,,,,,,3,1,1,2,7
200800056478,0008-10-01 13:15:00,8,10,1,13,15,280,62,,48.764,1.513,Plein jour,Hors agglomération,Hors intersection,Normale,Deux véhicules - arrière,,,,,,,,,,,1,1,1,1,2
200800056479,0008-10-04 14:15:00,8,10,4,14,15,280,96,,48.891,1.483,Plein jour,Hors agglomération,Hors intersection,Normale,Deux véhicules - frontale,,,,,,,,,,,1,1,1,1,1
200800056480,0008-10-21 07:45:00,8,10,21,7,45,280,185,,48.786,1.577,Crépuscule ou aube,Hors agglomération,Hors intersection,Pluie légère,Sans collision,,,,,,,,,,,2,1,1,2,7
200800056481,0008-10-08 13:15:00,8,10,8,13,15,280,279,,48.618,1.441,Plein jour,Hors agglomération,Hors intersection,Normale,Deux véhicules - frontale,,,,,,,,,,,1,1,1,1,1
200800056482,0008-10-08 07:45:00,8,10,8,7,45,280,343,,,,Plein jour,Hors agglomération,Intersection en X,Normale,Deux véhicules - côté,,,,,,,,,,,1,1,2,1,3
200800056483,0008-10-25 04:45:00,8,10,25,4,45,280,393,,48.615,1.421,Nuit sans éclairage public,Hors agglomération,Hors intersection,Brouillard / fumée,Sans collision,,,,,,,,,,,3,1,1,5,7
200800056484,0008-10-25 18:30:00,8,10,25,18,30,280,54,,48.655,1.4,Nuit sans éclairage public,Hors agglomération,Hors intersection,Normale,Deux véhicules - frontale,,,,,,,,,,,3,1,1,1,1
200800056485,0008-10-04 09:30:00,8,10,4,9,30,360,35,Place du bosquet,,,Plein jour,En agglomération,Hors intersection,Normale,Autre collision,,,,,,,,,,,1,2,1,1,6
200800056486,0008-10-20 03:00:00,8,10,20,3,0,360,6,4 avenue G Sand,46.596,1.524,Nuit sans éclairage public,En agglomération,Hors intersection,Normale,Autre collision,,,,,,,,,,,3,2,1,1,6