accident_id,datetime,annee,mois,jour,heure,minute,departement,commune_insee,adresse,latitude,longitude,luminosite,agglomeration,intersection,meteo,collision,nb_vehicules,nb_usagers,nb_indemnes,nb_tues,nb_blesses_hosp,nb_blesses_legers,age_cond_1,age_cond_2,veh_type_cond_1,veh_type_cond_2,lum_code,agg_code,int_code,atm_code,col_code
200800056893,0008-10-03 15:20:00,8,10,3,15,20,60,88,"0, NAPOLEON III (BD)",,,Plein jour,En agglomération,Hors intersection,Normale,Deux véhicules - côté,,,,,,,,,,,1,2,1,1,3
200800056894,0008-10-03 15:40:00,8,10,3,15,40,60,88,"121, PASTEUR (BD)",,,Plein jour,En agglomération,Hors intersection,Normale,Autre collision,,,,,,,,,,,1,2,1,1,6
200800056895,0008-10-03 17:20:00,8,10,3,17,20,60,88,"0, PENETRANTE DU PAILLON",,,Plein jour,En agglomération,Hors intersection,Normale,Deux véhicules - arrière,,,,,,,,,,,1,2,1,1,2
200800056896,0008-10-03 22:30:00,8,10,3,22,30,60,88,"232, TERRON (CH. DE)",,,Nuit avec éclairage allumé,En agglomération,Hors intersection,Normale,Autre collision,,,,,,,,,,,5,2,1,1,6
200800056897,0008-10-04 04:30:00,8,10,4,4,30,60,88,"329, ANGLAIS (DU N° 265",,,Nuit avec éclairage allumé,En agglomération,Hors intersection,Normale,Autre collision,,,,,,,,,,,5,2,1,1,6
200800056898,0008-10-04 10:30:00,8,10,4,10,30,60,88,"0, GAZAN JOSEPH",,,Plein jour,En agglomération,Intersection en X,Normale,Deux véhicules - côté,,,,,,,,,,,1,2,2,1,3
200800056899,0008-10-04 13:50:00,8,10,4,13,50,60,88,"0, RAUBA-CAPEU (QUAI)",,,Crépuscule ou aube,En agglomération,Hors intersection,Normale,Deux véhicules - côté,,,,,,,,,,,2,2,1,1,3
200800056900,0008-10-05 02:00:00,8,10,5,2,0,60,88,"181, ANGLAIS (A PARTIR D",,,Nuit avec éclairage allumé,En agglomération,Hors intersection,Normale,Deux véhicules - arrière,,,,,,,,,,,5,2,1,1,2
200800056901,0008-10-05 10:20:00,8,10,5,10,20,60,88,"06, BAUMETTES (AV. DES)",,,Plein jour,En agglomération,Hors intersection,Normale,Autre collision,,,,,,,,,,,1,2,1,1,6
200800056902,0008-10-05 16:15:00,8,10,5,16,15,60,88,"0, BEAUMONT (RUE)",,,Plein jour,En agglomération,Intersection en X,Normale,Trois véhicules et plus - collisions multiples,,,,,,,,,,,1,2,2,1,5
200800056903,0008-10-05 16:40:00,8,10,5,16,40,60,88,"0, COSTIERE (CH. DE LA)",,,Plein jour,En agglomération,Hors intersection,Normale,Autre collision,,,,,,,,,,,1,2,1,1,6
200800056904,0008-10-06 14:40:00,8,10,6,14,40,60,88,"188, CALIFORNIE (AV.) (D",,,Plein jour,En agglomération,Hors intersection,Normale,Deux véhicules - côté,,,,,,,,,,,1,2,1,1,3
200800056905,0008-10-06 17:40:00,8,10,6,17,40,60,88,"0, VOIE RAPIDE",,,Plein jour,En agglomération,Hors intersection,Normale,Deux véhicules - arrière,,,,,,,,,,,1,2,1,1,2
200800056906,0008-10-06 19:00:00,8,10,6,19,0,60,88,"0, RICOLFI (R. HUMBERT)",,,Crépuscule ou aube,En agglomération,Intersection en T,Normale,Deux véhicules - côté,,,,,,,,,,,2,2,3,1,3
200800056907,0008-10-06 19:45:00,8,10,6,19,45,60,88,"111, STE-MARGUERITE (AV.",,,Plein jour,En agglomération,Hors intersection,Normale,Deux véhicules - côté,,,,,,,,,,,1,2,1,1,3
200800056908,0008-10-07 11:52:00,8,10,7,11,52,60,88,"220, STE MARGUERITE (AV.",,,Plein jour,En agglomération,Intersection en X,Normale,Deux véhicules - côté,,,,,,,,,,,1,2,2,1,3
200800056909,0008-10-07 12:20:00,8,10,7,12,20,60,88,"0, VOIE RAPIDE",,,Plein jour,En agglomération,Hors intersection,Normale,Trois véhicules et plus - collisions multiples,,,,,,,,,,,1,2,1,1,5
200800056910,0008-10-07 12:45:00,8,10,7,12,45,60,88,"0, RD 6202",,,Plein jour,En agglomération,Hors intersection,Normale,Deux véhicules - côté,,,,,,,,,,,1,2,1,1,3
200800056911,0008-10-07 13:05:00,8,10,7,13,5,60,88,"0, VOIE RAPIDE",,,Plein jour,En agglomération,Hors intersection,Normale,Deux véhicules - arrière,,,,,,,,,,,1,2,1,1,2
200800056912,0008-10-07 14:15:00,8,10,7,14,15,60,88,"0, ARENE (AV. PAUL)",,,Plein jour,En agglomération,Hors intersection,Normale,Deux véhicules - côté,,,,,,,,,,,1,2,1,1,3
200800056913,0008-10-07 17:00:00,8,10,7,17,0,60,88,"76, ANGLAIS (DU N° 45 AU",,,Plein jour,En agglomération,Hors intersection,Normale,Autre collision,,,,,,,,,,,1,2,1,1,6
200800056914,0008-10-07 19:35:00,8,10,7,19,35,60,88,"0, BEAUMONT (RUE)",,,Nuit avec éclairage allumé,En agglomération,Intersection en X,Normale,Deux véhicules - côté,,,,,,,,,,,5,2,2,1,3
200800056915,0008-10-07 22:45:00,8,10,7,22,45,60,88,"0, VILLERMONT (AV.)",,,Nuit avec éclairage allumé,En agglomération,Intersection en X,Normale,Deux véhicules - côté,,,,,,,,,,,5,2,2,1,3
200800056916,0008-10-08 08:25:00,8,10,8,8,25,60,88,"0, RISSO (BD)",,,Plein jour,En agglomération,Hors intersection,Normale,Deux véhicules - arrière,,,,,,,,,,,1,2,1,1,2
200800056917,0008-10-08 10:35:00,8,10,8,10,35,60,88,"02, GRASSE (RUE AMIRAL D",,,Plein jour,En agglomération,Intersection en Y,Normale,Deux véhicules - côté,,,,,,,,,,,1,2,4,1,3
200800056918,0008-10-08 17:35:00,8,10,8,17,35,60,88,"185 BIS, FABRON (AV. DE)",,,Plein jour,En agglomération,Hors intersection,Normale,Deux véhicules - côté,,,,,,,,,,,1,2,1,1,3
200800056919,0008-10-08 20:30:00,8,10,8,20,30,60,88,"0, GAMBETTA (A PARTIR DU",,,Nuit avec éclairage allumé,En agglomération,Hors intersection,Normale,Autre collision,,,,,,,,,,,5,2,1,1,6
200800056920,0008-10-08 21:00:00,8,10,8,21,0,60,88,"0, RAY (AV. DU)",,,Nuit avec éclairage allumé,En agglomération,Intersection en T,Normale,Deux véhicules - côté,,,,,,,,,,,5,2,3,1,3
200800056921,0008-10-09 20:10:00,8,10,9,20,10,60,88,"161, CORNICHE FLEURIE (A",,,Nuit avec éclairage allumé,En agglomération,Hors intersection,Normale,Autre collision,,,,,,,,,,,5,2,1,1,6
200800056922,0008-10-10 05:40:00,8,10,10,5,40,60,88,"7, RAUBA-CAPEU (QUAI)",,,Nuit avec éclairage allumé,En agglomération,Hors intersection,Normale,Deux véhicules - frontale,,,,,,,,,,,5,2,1,1,1
200800056923,0008-10-10 07:45:00,8,10,10,7,45,60,88,"244, TURIN (RTE DE)",,,Plein jour,En agglomération,Hors intersection,Normale,Trois véhicules et plus - en chaîne,,,,,,,,,,,1,2,1,1,4
200800056924,0008-10-10 08:30:00,8,10,10,8,30,60,88,"0, ANGLAIS (DU N° 45 AU",,,Plein jour,En agglomération,Hors intersection,Normale,Trois véhicules et plus - en chaîne,,,,,,,,,,,1,2,1,1,4
200800056925,0008-10-10 08:25:00,8,10,10,8,25,60,88,"0, DIGUE DES FRANCAIS (T",,,Plein jour,En agglomération,Hors intersection,Normale,Autre collision,,,,,,,,,,,1,2,1,1,6
200800056926,0008-10-10 15:10:00,8,10,10,15,10,60,88,"113, CESSOLE (BD DE) (A",,,Plein jour,En agglomération,Hors intersection,Normale,Deux véhicules - côté,,,,,,,,,,,1,2,1,1,3
200800056927,0008-10-10 16:00:00,8,10,10,16,0,60,88,"0, ANGLAIS (DU N° 1 AU N",,,Plein jour,En agglomération,Hors intersection,Normale,Deux véhicules - côté,,,,,,,,,,,1,2,1,1,3
200800056928,0008-10-11 06:10:00,8,10,11,6,10,60,88,"0, ARSON (RUE)",,,Nuit avec éclairage allumé,En agglomération,Intersection en X,Normale,Deux véhicules - côté,,,,,,,,,,,5,2,2,1,3
200800056929,0008-10-11 10:20:00,8,10,11,10,20,60,88,"48, JAURES (BD JEAN)",,,Plein jour,En agglomération,Hors intersection,Normale,Autre collision,,,,,,,,,,,1,2,1,1,6
200800056930,0008-10-12 11:45:00,8,10,12,11,45,60,88,"8, ARSON (RUE)",,,Plein jour,En agglomération,Hors intersection,Normale,Autre collision,,,,,,,,,,,1,2,1,1,6
200800056931,0008-10-12 16:30:00,8,10,12,16,30,60,88,"0, LYAUTEY (AV. DU MAL)",,,Plein jour,En agglomération,Intersection en T,Normale,Deux véhicules - côté,,,,,,,,,,,1,2,3,1,3
200800056932,0008-10-12 18:41:00,8,10,12,18,41,60,88,"0, HUGO (BD VICTOR)",,,Crépuscule ou aube,En agglomération,Intersection en X,Normale,Deux véhicules - côté,,,,,,,,,,,2,2,2,1,3
200800056933,0008-10-12 18:35:00,8,10,12,18,35,60,88,"4, FALICON (BD COMTE DE)",,,Plein jour,En agglomération,Hors intersection,Normale,Autre collision,,,,,,,,,,,1,2,1,1,6
200800056934,0008-10-13 07:45:00,8,10,13,7,45,60,88,"264, STE-MARGUERITE (AV.",,,Plein jour,En agglomération,Hors intersection,Normale,Deux véhicules - côté,,,,,,,,,,,1,2,1,1,3
200800056935,0008-10-13 10:20:00,8,10,13,10,20,60,88,"0, COMBATTANTS D'AFN (RU",,,Plein jour,En agglomération,Hors intersection,Normale,Deux véhicules - côté,,,,,,,,,,,1,2,1,1,3
200800056936,0008-10-13 13:10:00,8,10,13,13,10,60,88,"0, VOIE ROMAINE (AV. DE",,,Plein jour,En agglomération,Hors intersection,Normale,Sans collision,,,,,,,,,,,1,2,1,1,7
200800056937,0008-10-13 17:45:00,8,10,13,17,45,60,88,"0, JOFFRE (R. MARECHAL)",,,Plein jour,En agglomération,Hors intersection,Normale,Sans collision,,,,,,,,,,,1,2,1,1,7
200800056938,0008-10-14 07:45:00,8,10,14,7,45,60,88,"57, RAYBAUD JOSEPH",,,Plein jour,En agglomération,Hors intersection,Normale,Deux véhicules - côté,,,,,,,,,,,1,2,1,1,3
200800056939,0008-10-14 08:30:00,8,10,14,8,30,60,88,"9, DUBOUCHAGE (BD)",,,Plein jour,En agglomération,Hors intersection,Normale,Deux véhicules - côté,,,,,,,,,,,1,2,1,1,3
200800056940,0008-10-14 09:25:00,8,10,14,9,25,60,88,"0, ROQUEBILLIERE (R. DE)",,,Plein jour,En agglomération,Intersection en X,Normale,Autre collision,,,,,,,,,,,1,2,2,1,6
200800056941,0008-10-14 19:50:00,8,10,14,19,50,60,88,"0, ARMEE DES ALPES (BD D",,,Nuit avec éclairage allumé,En agglomération,Intersection en X,Normale,Deux véhicules - côté,,,,,,,,,,,5,2,2,1,3
200800056942,0008-10-14 20:30:00,8,10,14,20,30,60,88,"195, ANGLAIS (DU N° 114",,,Nuit avec éclairage allumé,En agglomération,Hors intersection,Normale,Autre collision,,,,,,,,,,,5,2,1,1,6
200800056943,0008-10-15 08:40:00,8,10,15,8,40,60,88,"14, COMBATTANTS D'AFN (R",,,Plein jour,En agglomération,Hors intersection,Normale,Deux véhicules - arrière,,,,,,,,,,,1,2,1,1,2
200800056944,0008-10-15 16:15:00,8,10,15,16,15,60,88,"0, LAUVETTE (CITE DE LA)",,,Plein jour,En agglomération,Hors intersection,Normale,Sans collision,,,,,,,,,,,1,2,1,1,7
200800056945,0008-10-15 19:30:00,8,10,15,19,30,60,88,"33, RIQUIER (BD DE)",,,Nuit avec éclairage allumé,En agglomération,Hors intersection,Normale,Deux véhicules - arrière,,,,,,,,,,,5,2,1,1,2
200800056946,0008-10-15 19:45:00,8,10,15,19,45,60,88,"2, DESAMBROIS (AV.)",,,Nuit avec éclairage allumé,En agglomération,Hors intersection,Normale,Deux véhicules - côté,,,,,,,,,,,5,2,1,1,3
200800056947,0008-10-16 11:45:00,8,10,16,11,45,60,88,"0, SAINT-PHILIPPE (PL.)",,,Plein jour,En agglomération,Hors intersection,Normale,Deux véhicules - arrière,,,,,,,,,,,1,2,1,1,2
200800056948,0008-10-16 11:55:00,8,10,16,11,55,60,88,"7, VERDI (R.)",,,Plein jour,En agglomération,Hors intersection,Normale,Deux véhicules - côté,,,,,,,,,,,1,2,1,1,3
200800056949,0008-10-16 12:30:00,8,10,16,12,30,60,88,"59, CIMIEZ (BD) A PARTIR",,,Plein jour,En agglomération,Intersection en T,Normale,Deux véhicules - côté,,,,,,,,,,,1,2,3,1,3
200800056950,0008-10-16 16:01:00,8,10,16,16,1,60,88,"0, RAIMBALDI (BD)",,,Plein jour,En agglomération,Intersection en X,Normale,Deux véhicules - côté,,,,,,,,,,,1,2,2,1,3
200800056951,0008-10-16 16:15:00,8,10,16,16,15,60,88,"461, PESSICART (A PARTIR",,,Plein jour,En agglomération,Hors intersection,Normale,Deux véhicules - côté,,,,,,,,,,,1,2,1,1,3
200800056952,0008-10-16 17:30:00,8,10,16,17,30,60,88,"4, JOLY (CORNICHE ANDRE",,,Plein jour,En agglomération,Hors intersection,Normale,Deux véhicules - arrière,,,,,,,,,,,1,2,1,1,2
200800056953,0008-10-16 21:14:00,8,10,16,21,14,60,88,"0, ESTIENNE -D'ORVES (AV",,,Nuit avec éclairage allumé,En agglomération,Hors intersection,Normale,Deux véhicules - côté,,,,,,,,,,,5,2,1,1,3
200800056954,0008-10-17 09:00:00,8,10,17,9,0,60,88,"0, CAP DE CROIX (AV. ET",,,Plein jour,En agglomération,Hors intersection,Normale,Autre collision,,,,,,,,,,,1,2,1,1,6
200800056955,0008-10-17 10:25:00,8,10,17,10,25,60,88,"0, BARLA (RUE)",,,Plein jour,En agglomération,Hors intersection,Normale,Autre collision,,,,,,,,,,,1,2,1,1,6
200800056956,0008-10-17 12:25:00,8,10,17,12,25,60,88,"162, CESSOLE (BD DE) (A",,,Plein jour,En agglomération,Hors intersection,Normale,Autre collision,,,,,,,,,,,1,2,1,1,6
200800056957,0008-10-18 14:15:00,8,10,18,14,15,60,88,"220, TURIN (RTE DE)",,,Plein jour,En agglomération,Hors intersection,Normale,Deux véhicules - côté,,,,,,,,,,,1,2,1,1,3
200800056958,0008-10-18 15:50:00,8,10,18,15,50,60,88,"0, MATISSE (AV. HENRI)",,,Plein jour,En agglomération,Hors intersection,Normale,Autre collision,,,,,,,,,,,1,2,1,1,6
200800056959,0008-10-18 18:50:00,8,10,18,18,50,60,88,"0, THIERS (AV.)",,,Crépuscule ou aube,En agglomération,Hors intersection,Normale,Deux véhicules - côté,,,,,,,,,,,2,2,1,1,3
200800056960,0008-10-19 08:15:00,8,10,19,8,15,60,88,"0, GARIGLIANO (PONTS)",,,Plein jour,En agglomération,Intersection en X,Normale,Deux véhicules - côté,,,,,,,,,,,1,2,2,1,3
200800056961,0008-10-19 19:20:00,8,10,19,19,20,60,88,"0, DUBOUCHAGE (BD)",,,Nuit avec éclairage allumé,En agglomération,Intersection en X,Normale,Deux véhicules - côté,,,,,,,,,,,5,2,2,1,3
200800056962,0008-10-20 08:55:00,8,10,20,8,55,60,88,"0, CORNIGLION MOLINIER (",,,Plein jour,En agglomération,Hors intersection,Normale,Deux véhicules - côté,,,,,,,,,,,1,2,1,1,3
200800056963,0008-10-20 12:40:00,8,10,20,12,40,60,88,"0, ROMAINE (AV. DE LA VO",,,Plein jour,En agglomération,Hors intersection,Normale,Deux véhicules - côté,,,,,,,,,,,1,2,1,1,3
200800056964,0008-10-20 11:40:00,8,10,20,11,40,60,88,"0, POMPIDOU (BD GEORGES)",,,Plein jour,Hors agglomération,Hors intersection,Normale,Deux véhicules - frontale,,,,,,,,,,,1,1,1,1,1
200800056965,0008-10-20 14:20:00,8,10,20,14,20,60,88,TOESCA (R. PIE-FRANCOIS),,,Plein jour,En agglomération,Hors intersection,Normale,Deux véhicules - frontale,,,,,,,,,,,1,2,1,1,1
200800056966,0008-10-20 16:00:00,8,10,20,16,0,60,88,"0, GRENOBLE (ROUTE DE)",,,Plein jour,En agglomération,Hors intersection,Normale,Autre collision,,,,,,,,,,,1,2,1,1,6
200800056967,0008-10-20 22:30:00,8,10,20,22,30,60,88,"0, REPUBLIQUE (AV. DE LA",,,Nuit avec éclairage allumé,En agglomération,Intersection en X,Normale,Deux véhicules - côté,,,,,,,,,,,5,2,2,1,3
200800056968,0008-10-21 07:45:00,8,10,21,7,45,60,88,"12, BLANQUI (PL. AUGUSTE",,,Plein jour,En agglomération,Hors intersection,Normale,Deux véhicules - arrière,,,,,,,,,,,1,2,1,1,2
200800056969,0008-10-21 08:00:00,8,10,21,8,0,60,88,"71, CARNOT (BD)",,,Plein jour,En agglomération,Hors intersection,Normale,Trois véhicules et plus - en chaîne,,,,,,,,,,,1,2,1,1,4
200800056970,0008-10-21 12:00:00,8,10,21,12,0,60,88,"36, HUGO (BD VICTOR)",,,Plein jour,En agglomération,Hors intersection,Normale,Deux véhicules - arrière,,,,,,,,,,,1,2,1,1,2
200800056971,0008-10-22 04:00:00,8,10,22,4,0,60,88,"0, FAURE (AV. FELIX)",,,Nuit avec éclairage allumé,En agglomération,Hors intersection,Normale,Autre collision,,,,,,,,,,,5,2,1,1,6
200800056972,0008-10-22 21:05:00,8,10,22,21,5,60,88,"0, GRAVIER (AV.)",,,Nuit avec éclairage allumé,En agglomération,Intersection en X,Pluie légère,Deux véhicules - côté,,,,,,,,,,,5,2,2,2,3
200800056973,0008-10-22 21:06:00,8,10,22,21,6,60,88,", PHILIBERT (R. EMMANUEL",,,Nuit avec éclairage allumé,En agglomération,Intersection en X,Pluie légère,Autre collision,,,,,,,,,,,5,2,2,2,6
200800056974,0008-10-23 07:30:00,8,10,23,7,30,60,88,"0, BRAILLE (BD LOUIS)",,,Crépuscule ou aube,En agglomération,Hors intersection,Normale,Deux véhicules - arrière,,,,,,,,,,,2,2,1,1,2
200800056975,0008-10-23 07:50:00,8,10,23,7,50,60,88,"139, GRENOBLE (ROUTE DE)",,,Plein jour,En agglomération,Hors intersection,Normale,Deux véhicules - côté,,,,,,,,,,,1,2,1,1,3
200800056976,0008-10-23 14:00:00,8,10,23,14,0,60,88,"174, SAINT-ANTOINE (RTE",,,Plein jour,En agglomération,Hors intersection,Normale,Deux véhicules - côté,,,,,,,,,,,1,2,1,1,3
200800056977,0008-10-23 20:50:00,8,10,23,20,50,60,88,"0, STE MARGUERITE (AV.)",,,Nuit avec éclairage allumé,En agglomération,Intersection en T,Normale,Deux véhicules - côté,,,,,,,,,,,5,2,3,1,3
200800056978,0008-10-24 17:00:00,8,10,24,17,0,60,88,"0, GRENOBLE (ROUTE DE)",,,Plein jour,En agglomération,Hors intersection,Normale,Deux véhicules - côté,,,,,,,,,,,1,2,1,1,3
200800056979,0008-10-24 17:01:00,8,10,24,17,1,60,88,"0, BOSQUETS (AV. DES)",,,Plein jour,En agglomération,Hors intersection,Normale,Deux véhicules - côté,,,,,,,,,,,1,2,1,1,3
200800056980,0008-10-24 18:45:00,8,10,24,18,45,60,88,"0, JEAN XXIII (BD)",,,Nuit avec éclairage allumé,En agglomération,Intersection en X,Normale,Sans collision,,,,,,,,,,,5,2,2,1,7
200800056981,0008-10-24 21:30:00,8,10,24,21,30,60,88,"172, TURIN (RTE DE)",,,Nuit avec éclairage allumé,En agglomération,Hors intersection,Pluie légère,Autre collision,,,,,,,,,,,5,2,1,2,6
200800056982,0008-10-25 18:20:00,8,10,25,18,20,60,88,"0, CARABACEL (BD)",,,Nuit avec éclairage allumé,En agglomération,Intersection en T,Normale,Deux véhicules - côté,,,,,,,,,,,5,2,3,1,3
200800056983,0008-10-25 18:30:00,8,10,25,18,30,60,88,"41, SAINT-PHILIPPE (R.)",,,Crépuscule ou aube,En agglomération,Hors intersection,Normale,Autre collision,,,,,,,,,,,2,2,1,1,6
200800056984,0008-10-25 19:20:00,8,10,25,19,20,60,88,"0, VERDUN (AV. DE)",,,Nuit avec éclairage allumé,En agglomération,Hors intersection,Normale,Deux véhicules - côté,,,,,,,,,,,5,2,1,1,3
200800056985,0008-10-25 21:45:00,8,10,25,21,45,60,88,"4, CIAIS (RUE DU DOCTEUR",,,Nuit avec éclairage allumé,En agglomération,Hors intersection,Normale,Autre collision,,,,,,,,,,,5,2,1,1,6
200800056986,0008-10-26 05:00:00,8,10,26,5,0,60,88,"0, RD 6202",,,Crépuscule ou aube,En agglomération,Hors intersection,Normale,Autre collision,,,,,,,,,,,2,2,1,1,6
200800056987,0008-10-26 17:25:00,8,10,26,17,25,60,88,BEHRA (BD JEAN),,,Crépuscule ou aube,En agglomération,Intersection en X,Normale,Autre collision,,,,,,,,,,,2,2,2,1,6
200800056988,0008-10-26 19:30:00,8,10,26,19,30,60,88,"291, FABRON (AV. DE) (A",,,Nuit avec éclairage allumé,En agglomération,Hors intersection,Normale,Deux véhicules - côté,,,,,,,,,,,5,2,1,1,3
200800056989,0008-10-27 12:20:00,8,10,27,12,20,60,88,"0, CARLONE (BD)",,,Plein jour,En agglomération,Hors intersection,Normale,Deux véhicules - arrière,,,,,,,,,,,1,2,1,1,2
200800056990,0008-10-27 13:50:00,8,10,27,13,50,60,88,"0, BARLA (TRAV.)",,,Plein jour,En agglomération,Intersection en X,Normale,Deux véhicules - côté,,,,,,,,,,,1,2,2,1,3
200800056991,0008-10-27 15:45:00,8,10,27,15,45,60,88,"131, STE-MARGUERITE (AV.",,,Plein jour,En agglomération,Hors intersection,Normale,Autre collision,,,,,,,,,,,1,2,1,1,6
200800056992,0008-10-27 19:30:00,8,10,27,19,30,60,88,"20, GREGOIRE (RUE ABBE-I",,,Nuit avec éclairage allumé,En agglomération,Hors intersection,Normale,Autre collision,,,,,,,,,,,5,2,1,1,6
200800056993,0008-10-27 22:40:00,8,10,27,22,40,60,88,"59, GAMBETTA (A PARTIR D",,,Nuit avec éclairage allumé,En agglomération,Hors intersection,Normale,Deux véhicules - côté,,,,,,,,,,,5,2,1,1,3
200800056994,0008-10-28 12:50:00,8,10,28,12,50,60,88,"0, ANGLAIS (A PARTIR DU",,,Plein jour,En agglomération,Hors intersection,Normale,Deux véhicules - arrière,,,,,,,,,,,1,2,1,1,2
200800056995,0008-10-29 05:20:00,8,10,29,5,20,60,88,"0, BARLA (RUE)",,,Nuit avec éclairage allumé,En agglomération,Intersection en X,Normale,Deux véhicules - côté,,,,,,,,,,,5,2,2,1,3
200800056996,0008-10-29 17:25:00,8,10,29,17,25,60,88,"63, TURIN (RTE DE)",,,Nuit avec éclairage allumé,En agglomération,Hors intersection,Pluie légère,Autre collision,,,,,,,,,,,5,2,1,2,6
200800056997,0008-10-29 18:30:00,8,10,29,18,30,60,88,"0, VOIE RAPIDE",,,Nuit avec éclairage allumé,En agglomération,Hors intersection,Pluie forte,Deux véhicules - arrière,,,,,,,,,,,5,2,1,3,2
200800056998,0008-10-30 09:10:00,8,10,30,9,10,60,88,"199, CALIFORNIE (AV.) (D",,,Plein jour,En agglomération,Hors intersection,Normale,Autre collision,,,,,,,,,,,1,2,1,1,6
200800056999,0008-10-30 09:25:00,8,10,30,9,25,60,88,"0, RAYNAUD (BD AUGUSTE)",,,Plein jour,En agglomération,Intersection en X,Normale,Deux véhicules - côté,,,,,,,,,,,1,2,2,1,3
200800057000,0008-10-30 13:00:00,8,10,30,13,0,60,88,"4, GRENOBLE (ROUTE DE)",,,Plein jour,En agglomération,Hors intersection,Normale,Deux véhicules - côté,,,,,,,,,,,1,2,1,1,3
200800057001,0008-10-30 16:35:00,8,10,30,16,35,60,88,"0, PASTORELLI (R.)",,,Plein jour,En agglomération,Intersection en X,Pluie légère,Autre collision,,,,,,,,,,,1,2,2,2,6
200800057002,0008-10-30 17:30:00,8,10,30,17,30,60,88,"0, BANVILLE (RUE THEODOR",,,Plein jour,En agglomération,Intersection en X,Pluie forte,Deux véhicules - côté,,,,,,,,,,,1,2,2,3,3
200800057003,0008-10-30 20:15:00,8,10,30,20,15,60,88,"22, EUGENIE (BD IMPERATR",,,Nuit avec éclairage allumé,En agglomération,Hors intersection,Temps couvert,Deux véhicules - côté,,,,,,,,,,,5,2,1,8,3
200800057004,0008-10-30 23:45:00,8,10,30,23,45,60,88,"0, VERDUN (AV. DE)",,,Nuit avec éclairage allumé,En agglomération,Hors intersection,Normale,Autre collision,,,,,,,,,,,5,2,1,1,6
200800057005,0008-10-31 07:55:00,8,10,31,7,55,60,88,"0, VOIE RAPIDE",,,Plein jour,En agglomération,Hors intersection,Pluie forte,Trois véhicules et plus - collisions multiples,,,,,,,,,,,1,2,1,3,5
200800057006,0008-10-31 09:30:00,8,10,31,9,30,60,88,"0, VILLENEUVE (R. DE)",,,Plein jour,En agglomération,Hors intersection,Pluie légère,Autre collision,,,,,,,,,,,1,2,1,2,6
200800057007,0008-10-31 11:20:00,8,10,31,11,20,60,88,"10, MATISSE (AV. HENRI)",,,Plein jour,En agglomération,Hors intersection,Normale,Deux véhicules - frontale,,,,,,,,,,,1,2,1,1,1
200800057008,0008-10-31 18:20:00,8,10,31,18,20,60,88,"0, ANGLAIS (DU N° 265 AU",,,Nuit avec éclairage allumé,En agglomération,Hors intersection,Pluie forte,Deux véhicules - arrière,,,,,,,,,,,5,2,1,3,2
200800057009,0008-10-31 21:56:00,8,10,31,21,56,60,88,"24, RAY (AV. DU)",,,Nuit avec éclairage allumé,En agglomération,Hors intersection,Pluie légère,Deux véhicules - côté,,,,,,,,,,,5,2,1,2,3
200800057010,0008-10-31 20:00:00,8,10,31,20,0,60,88,"0, DESAMBROIS (AV.)",,,Nuit avec éclairage allumé,En agglomération,Hors intersection,Normale,Deux véhicules - côté,,,,,,,,,,,5,2,1,1,3
200800057011,0008-10-03 10:30:00,8,10,3,10,30,70,116,RN 102   (ROND POINT),,,Plein jour,Hors agglomération,Hors intersection,Normale,Deux véhicules - arrière,,,,,,,,,,,1,1,1,1,2
200800057012,0008-10-17 18:20:00,8,10,17,18,20,70,19,"64 BIS, TARTARY(RUE DE)",,,Plein jour,En agglomération,Hors intersection,Normale,Sans collision,,,,,,,,,,,1,2,1,1,7
200800057013,0008-10-06 08:55:00,8,10,6,8,55,70,72,CHARRIERE (QUARTIER DE L,,,Plein jour,Hors agglomération,Hors intersection,Pluie légère,Deux véhicules - frontale,,,,,,,,,,,1,1,1,2,1
200800057014,0008-10-12 17:55:00,8,10,12,17,55,70,186,CD2 ROUTE DE MONTELIMAR,,,Plein jour,Hors agglomération,Hors intersection,Normale,Trois véhicules et plus - collisions multiples,,,,,,,,,,,1,1,1,1,5
200800057015,0008-10-02 22:45:00,8,10,2,22,45,80,105,NOUZONVILLE,,,Nuit sans éclairage public,En agglomération,Hors intersection,Pluie légère,Deux véhicules - frontale,,,,,,,,,,,3,2,1,2,1
200800057016,0008-10-05 11:09:00,8,10,5,11,9,80,105,BARON QUINARD,,,Plein jour,En agglomération,Intersection en T,Pluie forte,Autre collision,,,,,,,,,,,1,2,3,3,6
200800057017,0008-10-06 20:23:00,8,10,6,20,23,80,43,"76 bis, DE GAULLE (AVENU",,,Nuit avec éclairage allumé,En agglomération,Hors intersection,Normale,Deux véhicules - côté,,,,,,,,,,,5,2,1,1,3
200800057018,0008-10-04 12:25:00,8,10,4,12,25,90,122,20 (R.N.) TUNNEL,,,Plein jour,Hors agglomération,Hors intersection,Normale,Trois véhicules et plus - collisions multiples,,,,,,,,,,,1,1,1,1,5
200800057019,0008-10-24 17:10:00,8,10,24,17,10,90,122,"3, RESISTANCE (AVENUE DE",,,Crépuscule ou aube,En agglomération,Intersection en T,Normale,Autre collision,,,,,,,,,,,2,2,3,1,6
200800057020,0008-10-03 18:35:00,8,10,3,18,35,100,387,EUROPE (RUE DE),,,Crépuscule ou aube,En agglomération,Intersection à plus de 4 branches,Normale,Autre collision,,,,,,,,,,,2,2,5,1,6
200800057021,0008-10-10 12:10:00,8,10,10,12,10,100,343,AUGUSTE TERRENOIRE (RUE),,,Plein jour,En agglomération,Hors intersection,Normale,Deux véhicules - arrière,,,,,,,,,,,1,2,1,1,2
200800057022,0008-10-31 10:00:00,8,10,31,10,0,100,362,"118, PAUL DOUMER (RUE)",,,Plein jour,En agglomération,Hors intersection,Normale,Autre collision,,,,,,,,,,,1,2,1,1,6
200800057023,0008-10-03 22:30:00,8,10,3,22,30,110,69,"53, BARBES BD IMPAIR",,,Nuit avec éclairage allumé,En agglomération,Hors intersection,Pluie légère,Deux véhicules - côté,,,,,,,,,,,5,2,1,2,3