accident_id,datetime,annee,mois,jour,heure,minute,departement,commune_insee,adresse,latitude,longitude,luminosite,agglomeration,intersection,meteo,collision,nb_vehicules,nb_usagers,nb_indemnes,nb_tues,nb_blesses_hosp,nb_blesses_legers,age_cond_1,age_cond_2,veh_type_cond_1,veh_type_cond_2,lum_code,agg_code,int_code,atm_code,col_code
200800057024,0008-10-13 14:00:00,8,10,13,14,0,110,69,"27, GOUT HENRI -AV. N° I",,,Plein jour,En agglomération,Hors intersection,Pluie légère,Autre collision,,,,,,,,,,,1,2,1,2,6
200800057025,0008-10-29 08:55:00,8,10,29,8,55,110,69,"9, BARBES -ANCIENNE RUE",,,Plein jour,En agglomération,Intersection en T,Normale,Autre collision,,,,,,,,,,,1,2,3,1,6
200800057026,0008-10-10 23:50:00,8,10,10,23,50,110,76,"5, POMPIDOU (AVENUE GEOR",,,Nuit avec éclairage allumé,En agglomération,Hors intersection,Normale,Deux véhicules - côté,,,,,,,,,,,5,2,1,1,3
200800057027,0008-10-29 21:15:00,8,10,29,21,15,110,262,"17Bis, TOULOUSE (AVENUE",,,Nuit avec éclairage allumé,En agglomération,Hors intersection,Normale,Deux véhicules - arrière,,,,,,,,,,,5,2,1,1,2
200800057028,0008-10-22 15:50:00,8,10,22,15,50,110,262,"1, 1848 (BOULEVARD)",,,Plein jour,En agglomération,Intersection en T,Normale,Deux véhicules - côté,,,,,,,,,,,1,2,3,1,3
200800057029,0008-10-10 19:25:00,8,10,10,19,25,110,262,"1, LAUTREC (RUE TOULOUSE",,,Crépuscule ou aube,En agglomération,Intersection en T,Normale,Deux véhicules - côté,,,,,,,,,,,2,2,3,1,3
200800057030,0008-10-13 13:35:00,8,10,13,13,35,110,262,MER (AVENUE DE LA),,,Plein jour,En agglomération,Hors intersection,Normale,Sans collision,,,,,,,,,,,1,2,1,1,7
200800057031,0008-10-17 12:30:00,8,10,17,12,30,110,262,FERROUL (BOULEVARD  DOCT,,,Plein jour,En agglomération,Intersection en T,Normale,Deux véhicules - côté,,,,,,,,,,,1,2,3,1,3
200800057032,0008-10-18 15:30:00,8,10,18,15,30,110,262,VILLE (PLACE DE L'HOTEL,,,Plein jour,En agglomération,Hors intersection,Normale,Sans collision,,,,,,,,,,,1,2,1,1,7
200800057033,0008-10-19 19:50:00,8,10,19,19,50,110,262,HUGO (QUAI ET PASSERELLE,,,Plein jour,En agglomération,Hors intersection,Normale,Deux véhicules - frontale,,,,,,,,,,,1,2,1,1,1
200800057034,0008-10-20 17:25:00,8,10,20,17,25,110,262,MISTRAL (BOULEVARD FREDE,,,Plein jour,En agglomération,Hors intersection,Normale,Sans collision,,,,,,,,,,,1,2,1,1,7
200800057035,0008-10-22 03:30:00,8,10,22,3,30,110,262,RN 009 NARBONNE /  PERPI,,,Nuit avec éclairage allumé,En agglomération,Hors intersection,Normale,Autre collision,,,,,,,,,,,5,2,1,1,6
200800057036,0008-10-23 08:40:00,8,10,23,8,40,110,262,PLAISANCE (ZI),,,Plein jour,En agglomération,Hors intersection,Normale,Autre collision,,,,,,,,,,,1,2,1,1,6
200800057037,0008-10-23 23:00:00,8,10,23,23,0,110,262,RN 009 NARBONNE / BEZIER,,,Nuit sans éclairage public,En agglomération,Hors intersection,Normale,Sans collision,,,,,,,,,,,3,2,1,1,7
200800057038,0008-10-25 16:30:00,8,10,25,16,30,110,262,SEMARD (AVENUE PIERRE),,,Plein jour,En agglomération,Hors intersection,Normale,Deux véhicules - arrière,,,,,,,,,,,1,2,1,1,2
200800057039,0008-10-27 18:55:00,8,10,27,18,55,110,262,"1, REAUMUR (RUE ET IMPAS",,,Crépuscule ou aube,En agglomération,Intersection en X,Normale,Deux véhicules - côté,,,,,,,,,,,2,2,2,1,3
200800057040,0008-10-10 17:00:00,8,10,10,17,0,120,84,"7, COMTES D'ARMAGNAC (AV",,,Plein jour,En agglomération,Hors intersection,Normale,Autre collision,,,,,,,,,,,1,2,1,1,6
200800057041,0008-10-19 12:45:00,8,10,19,12,45,120,176,VABRE (AVENUE DE),,,Plein jour,Hors agglomération,Intersection en X,Normale,Trois véhicules et plus - collisions multiples,,,,,,,,,,,1,1,2,1,5
200800057042,0008-10-05 10:35:00,8,10,5,10,35,130,1,GARDANNE (ROUTE DE ),,,Plein jour,Hors agglomération,Intersection en T,Normale,Deux véhicules - côté,,,,,,,,,,,1,1,3,1,3
200800057043,0008-10-08 11:30:00,8,10,8,11,30,130,1,DE LATTRE DE TASSIGNY (A,,,Plein jour,En agglomération,Hors intersection,Pluie forte,Deux véhicules - arrière,,,,,,,,,,,1,2,1,3,2
200800057044,0008-10-15 21:50:00,8,10,15,21,50,130,1,R.N 7,,,Nuit sans éclairage public,Hors agglomération,Hors intersection,Normale,Deux véhicules - côté,,,,,,,,,,,3,1,1,1,3
200800057045,0008-10-08 09:15:00,8,10,8,9,15,130,1,"/, RD 59",,,Plein jour,Hors agglomération,Hors intersection,Pluie légère,Trois véhicules et plus - en chaîne,,,,,,,,,,,1,1,1,2,4
200800057046,0008-10-15 15:55:00,8,10,15,15,55,130,1,"363, SISTERON (RTE DE)",,,Plein jour,En agglomération,Hors intersection,Normale,Deux véhicules - côté,,,,,,,,,,,1,2,1,1,3
200800057047,0008-10-16 06:53:00,8,10,16,6,53,130,1,"1885, BELLEC MAURICE (RT",,,Crépuscule ou aube,Hors agglomération,Hors intersection,Normale,Deux véhicules - frontale,,,,,,,,,,,2,1,1,1,1
200800057048,0008-10-02 10:05:00,8,10,2,10,5,130,1,"38, REPUBLIQUE (BD DE LA",,,Plein jour,En agglomération,Hors intersection,Normale,Autre collision,,,,,,,,,,,1,2,1,1,6
200800057049,0008-10-16 17:05:00,8,10,16,17,5,130,1,QUILLE (CH DE LA),,,Plein jour,Hors agglomération,Hors intersection,Normale,Deux véhicules - frontale,,,,,,,,,,,1,1,1,1,1
200800057050,0008-10-09 21:45:00,8,10,9,21,45,130,1,GALICE (RTE DE),,,Nuit avec éclairage allumé,En agglomération,Hors intersection,Normale,Deux véhicules - côté,,,,,,,,,,,5,2,1,1,3
200800057051,0008-10-18 04:30:00,8,10,18,4,30,130,1,ENFANT (RTE DE L'),,,Nuit sans éclairage public,En agglomération,Intersection en X,Normale,Deux véhicules - côté,,,,,,,,,,,3,2,2,1,3
200800057052,0008-10-25 12:00:00,8,10,25,12,0,130,1,"11, JAS DE BOUFFAN (AV D",,,Plein jour,En agglomération,Autre intersection,Normale,Autre collision,,,,,,,,,,,1,2,9,1,6
200800057053,0008-10-25 10:10:00,8,10,25,10,10,130,1,"26, GALICE (RTE DE)",,,Plein jour,En agglomération,Autre intersection,Normale,Deux véhicules - côté,,,,,,,,,,,1,2,9,1,3
200800057054,0008-10-30 13:35:00,8,10,30,13,35,130,1,"24, ST JEROME (AV)",,,Plein jour,En agglomération,Intersection en T,Temps couvert,Deux véhicules - côté,,,,,,,,,,,1,2,3,8,3
200800057055,0008-10-27 12:10:00,8,10,27,12,10,130,1,PETIT BARTHELEMY (AV DU),,,Plein jour,En agglomération,Hors intersection,Temps éblouissant,Deux véhicules - côté,,,,,,,,,,,1,2,1,7,3
200800057056,0008-10-23 16:40:00,8,10,23,16,40,130,1,R.N 8,,,Plein jour,Hors agglomération,Intersection en T,Normale,Deux véhicules - côté,,,,,,,,,,,1,1,3,1,3
200800057057,0008-10-29 18:10:00,8,10,29,18,10,130,1,"30, ECOLES MIL DE ST CYR",,,Nuit avec éclairage allumé,En agglomération,Hors intersection,Pluie légère,Autre collision,,,,,,,,,,,5,2,1,2,6
200800057058,0008-10-29 22:08:00,8,10,29,22,8,130,1,LEDOUX CLAUDE NICOLAS (R,,,Nuit avec éclairage allumé,En agglomération,Hors intersection,Normale,Autre collision,,,,,,,,,,,5,2,1,1,6
200800057059,0008-10-31 09:40:00,8,10,31,9,40,130,1,"----, RD 7",,,Plein jour,Hors agglomération,Hors intersection,Pluie forte,Deux véhicules - côté,,,,,,,,,,,1,1,1,3,3
200800057060,0008-10-02 16:55:00,8,10,2,16,55,130,4,"35, EMILE COMBES BOULEVA",,,Plein jour,En agglomération,Intersection en T,Normale,Autre collision,,,,,,,,,,,1,2,3,1,6
200800057061,0008-10-07 15:10:00,8,10,7,15,10,130,4,"0, EDOUARD HERRIOT AVENU",,,Plein jour,En agglomération,Hors intersection,Normale,Autre collision,,,,,,,,,,,1,2,1,1,6
200800057062,0008-10-07 17:50:00,8,10,7,17,50,130,4,R.D 570N,,,Plein jour,Hors agglomération,Hors intersection,Normale,Trois véhicules et plus - en chaîne,,,,,,,,,,,1,1,1,1,4
200800057063,0008-10-09 18:45:00,8,10,9,18,45,130,4,"40, MADAME DE SEVIGNE RU",,,Plein jour,En agglomération,Intersection en X,Normale,Sans collision,,,,,,,,,,,1,2,2,1,7
200800057064,0008-10-14 14:20:00,8,10,14,14,20,130,4,"0, PAULIN TALABOT AVENUE",,,Plein jour,Hors agglomération,Hors intersection,Normale,Autre collision,,,,,,,,,,,1,1,1,1,6
200800057065,0008-10-18 19:25:00,8,10,18,19,25,130,4,"0, PONT REGINEL",,,Nuit avec éclairage allumé,En agglomération,Hors intersection,Normale,Deux véhicules - arrière,,,,,,,,,,,5,2,1,1,2
200800057066,0008-10-20 13:40:00,8,10,20,13,40,130,4,"53, EMILE COMBES BOULEVA",,,Plein jour,En agglomération,Hors intersection,Normale,Autre collision,,,,,,,,,,,1,2,1,1,6
200800057067,0008-10-21 14:15:00,8,10,21,14,15,130,4,"0, MARECHAL JUIN AVENUE",,,Plein jour,En agglomération,Giratoire,Normale,Deux véhicules - arrière,,,,,,,,,,,1,2,6,1,2
200800057068,0008-10-27 14:15:00,8,10,27,14,15,130,4,"0, STALINGRAD AVENUE DE",,,Plein jour,En agglomération,Intersection en T,Normale,Deux véhicules - côté,,,,,,,,,,,1,2,3,1,3
200800057069,0008-10-29 18:15:00,8,10,29,18,15,130,4,RN 570,,,Nuit sans éclairage public,En agglomération,Giratoire,Pluie légère,Deux véhicules - arrière,,,,,,,,,,,3,2,6,2,2
200800057070,0008-10-23 12:30:00,8,10,23,12,30,130,4,"0, GAMBETTA RUE",,,Plein jour,En agglomération,Hors intersection,Normale,Autre collision,,,,,,,,,,,1,2,1,1,6
200800057071,0008-10-31 10:25:00,8,10,31,10,25,130,4,VICTOR HUGO AVENUE,,,Plein jour,Hors agglomération,Hors intersection,Pluie légère,Trois véhicules et plus - collisions multiples,,,,,,,,,,,1,1,1,2,5
200800057072,0008-10-31 19:10:00,8,10,31,19,10,130,4,"0, STALINGRAD AVENUE DE",,,Nuit avec éclairage allumé,En agglomération,Hors intersection,Pluie forte,Autre collision,,,,,,,,,,,5,2,1,3,6
200800057073,0008-10-10 23:10:00,8,10,10,23,10,130,5,RD 43 C,,,Nuit avec éclairage allumé,En agglomération,Hors intersection,Normale,Autre collision,,,,,,,,,,,5,2,1,1,6
200800057074,0008-10-12 09:10:00,8,10,12,9,10,130,5,RN 396 (ROUTE NATIONALE),,,Plein jour,Hors agglomération,Hors intersection,Normale,Trois véhicules et plus - collisions multiples,,,,,,,,,,,1,1,1,1,5
200800057075,0008-10-23 07:55:00,8,10,23,7,55,130,5,RN 8,,,Crépuscule ou aube,En agglomération,Hors intersection,Pluie légère,Deux véhicules - côté,,,,,,,,,,,2,2,1,2,3
200800057076,0008-10-17 16:00:00,8,10,17,16,0,130,28,"1, ROVARCH (AVENUE PIERR",,,Plein jour,En agglomération,Hors intersection,Normale,Deux véhicules - côté,,,,,,,,,,,1,2,1,1,3
200800057077,0008-10-25 17:45:00,8,10,25,17,45,130,63,CHEMIN DEPARTEMENTAL N°1,,,Plein jour,Hors agglomération,Hors intersection,Normale,Deux véhicules - côté,,,,,,,,,,,1,1,1,1,3
200800057078,0008-10-30 06:35:00,8,10,30,6,35,130,98,D.5,,,Crépuscule ou aube,Hors agglomération,Hors intersection,Normale,Autre collision,,,,,,,,,,,2,1,1,1,6
200800057079,0008-10-03 12:00:00,8,10,3,12,0,130,54,RUINAT  AVENUE MARIUS,,,Plein jour,En agglomération,Intersection en T,Normale,Deux véhicules - côté,,,,,,,,,,,1,2,3,1,3
200800057080,0008-10-07 15:28:00,8,10,7,15,28,130,54,MAI-45 AV DU 8,,,Plein jour,En agglomération,Hors intersection,Normale,Deux véhicules - arrière,,,,,,,,,,,1,2,1,1,2
200800057081,0008-10-08 08:20:00,8,10,8,8,20,130,54,COMBATTANT A.F.N.,,,Plein jour,Hors agglomération,Hors intersection,Pluie forte,Deux véhicules - arrière,,,,,,,,,,,1,1,1,3,2
200800057082,0008-10-08 12:35:00,8,10,8,12,35,130,54,RUINAT  AVENUE MARIUS,,,Plein jour,En agglomération,Intersection en X,Pluie légère,Trois véhicules et plus - collisions multiples,,,,,,,,,,,1,2,2,2,5
200800057083,0008-10-17 16:25:00,8,10,17,16,25,130,54,C D 9,,,Plein jour,En agglomération,Hors intersection,Normale,Deux véhicules - arrière,,,,,,,,,,,1,2,1,1,2
200800057084,0008-10-17 19:20:00,8,10,17,19,20,130,54,CD 9,,,Nuit sans éclairage public,Hors agglomération,Hors intersection,Normale,Deux véhicules - côté,,,,,,,,,,,3,1,1,1,3
200800057085,0008-10-18 14:45:00,8,10,18,14,45,130,43,FRANCOIS MITTERAND  AVEN,,,Plein jour,En agglomération,Intersection en T,Normale,Deux véhicules - côté,,,,,,,,,,,1,2,3,1,3
200800057086,0008-10-23 11:30:00,8,10,23,11,30,130,43,POUSARAQUE  AVENUE DE LA,,,Plein jour,Hors agglomération,Hors intersection,Normale,Autre collision,,,,,,,,,,,1,1,1,1,6
200800057087,0008-10-01 19:30:00,8,10,1,19,30,130,55,"4, CATALANS (RUE DES)",,,Nuit avec éclairage allumé,En agglomération,Hors intersection,Normale,Sans collision,,,,,,,,,,,5,2,1,1,7
200800057088,0008-10-02 02:10:00,8,10,2,2,10,130,55,"200, CORNICHE KENNEDY",,,Nuit avec éclairage non allumé,En agglomération,Hors intersection,Vent fort / tempête,Sans collision,,,,,,,,,,,4,2,1,6,7
200800057089,0008-10-01 18:30:00,8,10,1,18,30,130,55,"3, SAINT JOSEPH (CHEMIN",,,Plein jour,En agglomération,Hors intersection,Normale,Deux véhicules - côté,,,,,,,,,,,1,2,1,1,3
200800057090,0008-10-05 06:00:00,8,10,5,6,0,130,55,"11, GASTON RAMON (BOULEV",,,Nuit avec éclairage allumé,En agglomération,Hors intersection,Normale,Autre collision,,,,,,,,,,,5,2,1,1,6
200800057091,0008-10-03 19:10:00,8,10,3,19,10,130,55,FOLLEREAU (BOULEVARD),,,Nuit avec éclairage allumé,En agglomération,Hors intersection,Normale,Deux véhicules - arrière,,,,,,,,,,,5,2,1,1,2
200800057092,0008-10-04 15:45:00,8,10,4,15,45,130,55,"123, LIEUTAUD (COURS)",,,Plein jour,En agglomération,Hors intersection,Normale,Deux véhicules - arrière,,,,,,,,,,,1,2,1,1,2
200800057093,0008-10-03 23:00:00,8,10,3,23,0,130,55,"20, OLIVES (AVENUE DES)",,,Nuit avec éclairage allumé,En agglomération,Hors intersection,Normale,Deux véhicules - arrière,,,,,,,,,,,5,2,1,1,2
200800057094,0008-10-02 16:00:00,8,10,2,16,0,130,55,"111, SAINT LOUIS (RUE)",,,Plein jour,En agglomération,Hors intersection,Normale,Deux véhicules - frontale,,,,,,,,,,,1,2,1,1,1
200800057095,0008-10-08 19:30:00,8,10,8,19,30,130,55,"19, SAINT LOUIS (AVENUE",,,Nuit avec éclairage allumé,En agglomération,Hors intersection,Normale,Autre collision,,,,,,,,,,,5,2,1,1,6
200800057096,0008-10-03 07:50:00,8,10,3,7,50,130,55,"37, MERLAN (AVENUE)",,,Plein jour,En agglomération,Hors intersection,Normale,Deux véhicules - côté,,,,,,,,,,,1,2,1,1,3
200800057097,0008-10-12 09:15:00,8,10,12,9,15,130,2,PASSE TEMPS (VALLON DU),,,Plein jour,En agglomération,Hors intersection,Normale,Deux véhicules - frontale,,,,,,,,,,,1,2,1,1,1
200800057098,0008-10-10 19:05:00,8,10,10,19,5,130,55,"600, SAINT PIERRE (RUE)",,,Nuit avec éclairage allumé,En agglomération,Hors intersection,Normale,Sans collision,,,,,,,,,,,5,2,1,1,7
200800057099,0008-10-10 19:00:00,8,10,10,19,0,130,55,"75, BAILLE (BOULEVARD)",,,Nuit avec éclairage allumé,En agglomération,Hors intersection,Normale,Autre collision,,,,,,,,,,,5,2,1,1,6
200800057100,0008-10-13 09:35:00,8,10,13,9,35,130,55,"188/190, LYON (RUE DE)",,,Plein jour,En agglomération,Hors intersection,Temps couvert,Autre collision,,,,,,,,,,,1,2,1,8,6
200800057101,0008-10-02 18:25:00,8,10,2,18,25,130,55,"36, BONNEFOY (RUE)",,,Plein jour,En agglomération,Hors intersection,Normale,Deux véhicules - côté,,,,,,,,,,,1,2,1,1,3
200800057102,0008-10-05 00:20:00,8,10,5,0,20,130,55,"186, BAILLE (BOULEVARD)",,,Nuit avec éclairage allumé,En agglomération,Hors intersection,Normale,Deux véhicules - côté,,,,,,,,,,,5,2,1,1,3
200800057103,0008-10-03 14:50:00,8,10,3,14,50,130,55,"169, PRADO (AVENUE)",,,Plein jour,En agglomération,Hors intersection,Normale,Autre collision,,,,,,,,,,,1,2,1,1,6
200800057104,0008-10-02 18:00:00,8,10,2,18,0,130,55,"4, PLOMBIERES (BOULEVARD",,,Plein jour,En agglomération,Hors intersection,Normale,Autre collision,,,,,,,,,,,1,2,1,1,6
200800057105,0008-10-03 12:40:00,8,10,3,12,40,130,55,"303, POILUS (AVENUE DES)",,,Plein jour,En agglomération,Hors intersection,Normale,Deux véhicules - côté,,,,,,,,,,,1,2,1,1,3
200800057106,0008-10-16 22:00:00,8,10,16,22,0,130,55,"6510, RAYMOND TEISSERE (",,,Nuit avec éclairage allumé,En agglomération,Hors intersection,Normale,Deux véhicules - frontale,,,,,,,,,,,5,2,1,1,1
200800057107,0008-10-12 13:00:00,8,10,12,13,0,130,55,"0, GAY LUSSAC (BOULEVARD",,,Plein jour,En agglomération,Hors intersection,Normale,Autre collision,,,,,,,,,,,1,2,1,1,6
200800057108,0008-10-15 12:30:00,8,10,15,12,30,130,55,"218, SAINTE MARTHE (CHEM",,,Plein jour,En agglomération,Hors intersection,Normale,Autre collision,,,,,,,,,,,1,2,1,1,6
200800057109,0008-10-18 18:00:00,8,10,18,18,0,130,55,"35, CHATEAU GOMBERT (AVE",,,Plein jour,En agglomération,Intersection en T,Normale,Trois véhicules et plus - en chaîne,,,,,,,,,,,1,2,3,1,4
200800057110,0008-10-20 10:30:00,8,10,20,10,30,130,55,"47, MARÉCHAL DE LATTRE (",,,Plein jour,En agglomération,Hors intersection,Normale,Deux véhicules - côté,,,,,,,,,,,1,2,1,1,3
200800057111,0008-10-09 15:40:00,8,10,9,15,40,130,55,"8, JEAN QUEILLAU (RUE)",,,Plein jour,En agglomération,Hors intersection,Normale,Deux véhicules - frontale,,,,,,,,,,,1,2,1,1,1
200800057112,0008-10-20 23:30:00,8,10,20,23,30,130,55,"52, GUSTAVE EIFFEL  (RUE",,,Nuit avec éclairage allumé,En agglomération,Hors intersection,Normale,Autre collision,,,,,,,,,,,5,2,1,1,6
200800057113,0008-10-02 17:10:00,8,10,2,17,10,130,55,"19, SAKAKINI (BOULEVARD)",,,Plein jour,En agglomération,Hors intersection,Normale,Autre collision,,,,,,,,,,,1,2,1,1,6
200800057114,0008-10-03 16:30:00,8,10,3,16,30,130,55,"21, GASTON CREMIEUX (RUE",,,Plein jour,En agglomération,Hors intersection,Normale,Deux véhicules - arrière,,,,,,,,,,,1,2,1,1,2
200800057115,0008-10-07 15:40:00,8,10,7,15,40,130,55,"190, PRADO (AVENUE)",,,Plein jour,En agglomération,Hors intersection,Normale,Deux véhicules - côté,,,,,,,,,,,1,2,1,1,3
200800057116,0008-10-08 14:10:00,8,10,8,14,10,130,55,"352, PRADO (AVENUE)",,,Plein jour,En agglomération,Hors intersection,Pluie légère,Autre collision,,,,,,,,,,,1,2,1,2,6
200800057117,0008-10-01 19:10:00,8,10,1,19,10,130,55,"29, RABATAU (BOULEVARD)",,,Crépuscule ou aube,En agglomération,Hors intersection,Normale,Deux véhicules - arrière,,,,,,,,,,,2,2,1,1,2
200800057118,0008-10-03 12:30:00,8,10,3,12,30,130,55,"14/16, LA BEAUME (CHEMIN",,,Plein jour,En agglomération,Hors intersection,Normale,Deux véhicules - côté,,,,,,,,,,,1,2,1,1,3
200800057119,0008-10-14 14:30:00,8,10,14,14,30,130,55,"79, MAURELLE (RUE DE LA)",,,Plein jour,En agglomération,Hors intersection,Normale,Autre collision,,,,,,,,,,,1,2,1,1,6
200800057120,0008-10-06 10:50:00,8,10,6,10,50,130,55,"15, LACEPEDE (RUE)",,,Plein jour,En agglomération,Hors intersection,Normale,Deux véhicules - arrière,,,,,,,,,,,1,2,1,1,2
200800057121,0008-10-19 08:54:00,8,10,19,8,54,130,55,"85, PARETTE (PLACE DE LA",,,Plein jour,En agglomération,Hors intersection,Normale,Trois véhicules et plus - en chaîne,,,,,,,,,,,1,2,1,1,4
200800057122,0008-10-09 20:00:00,8,10,9,20,0,130,55,"181, PIERRE DOIZE  (RUE)",,,Nuit avec éclairage allumé,En agglomération,Hors intersection,Normale,Deux véhicules - côté,,,,,,,,,,,5,2,1,1,3
200800057123,0008-10-13 20:10:00,8,10,13,20,10,130,55,"150, MONTREDON (AVENUE D",,,Nuit avec éclairage allumé,En agglomération,Hors intersection,Pluie légère,Deux véhicules - frontale,,,,,,,,,,,5,2,1,2,1
200800057124,0008-10-04 15:25:00,8,10,4,15,25,130,55,"36, ROME (RUE DE)",,,Plein jour,En agglomération,Hors intersection,Normale,Autre collision,,,,,,,,,,,1,2,1,1,6
200800057125,0008-10-14 14:25:00,8,10,14,14,25,130,55,"458, LYON (RUE DE)",,,Plein jour,En agglomération,Hors intersection,Normale,Deux véhicules - arrière,,,,,,,,,,,1,2,1,1,2
200800057126,0008-10-23 07:15:00,8,10,23,7,15,130,55,"04, EMILE DUCLAUX (RUE)",,,Crépuscule ou aube,En agglomération,Hors intersection,Pluie légère,Deux véhicules - côté,,,,,,,,,,,2,2,1,2,3
200800057127,0008-10-07 19:30:00,8,10,7,19,30,130,55,"51, SAINT ANTOINE (CHEMI",,,Nuit avec éclairage allumé,En agglomération,Hors intersection,Normale,Deux véhicules - frontale,,,,,,,,,,,5,2,1,1,1
200800057128,0008-10-23 15:00:00,8,10,23,15,0,130,55,"15, PASTEUR HEUZE (RUE)",,,Plein jour,En agglomération,Hors intersection,Normale,Autre collision,,,,,,,,,,,1,2,1,1,6
200800057129,0008-10-23 07:50:00,8,10,23,7,50,130,55,"03, VALENTINE (ROUTE DE",,,Plein jour,En agglomération,Hors intersection,Pluie légère,Deux véhicules - frontale,,,,,,,,,,,1,2,1,2,1
200800057130,0008-10-24 14:45:00,8,10,24,14,45,130,55,"09, MARCEL SEMBAT (RUE)",,,Plein jour,En agglomération,Intersection en X,Normale,Deux véhicules - côté,,,,,,,,,,,1,2,2,1,3
200800057131,0008-10-01 19:45:00,8,10,1,19,45,130,55,"243, ROUCAS BLAN (CHEMIN",,,Nuit avec éclairage allumé,En agglomération,Hors intersection,Normale,Autre collision,,,,,,,,,,,5,2,1,1,6
200800057132,0008-10-15 12:00:00,8,10,15,12,0,130,55,"28, ENDOUME (RUE D')",,,Plein jour,En agglomération,Hors intersection,Normale,Deux véhicules - côté,,,,,,,,,,,1,2,1,1,3
200800057133,0008-10-07 18:00:00,8,10,7,18,0,130,55,"20, RABATAU (BOULEVARD)",,,Plein jour,En agglomération,Hors intersection,Normale,Deux véhicules - arrière,,,,,,,,,,,1,2,1,1,2
200800057134,0008-10-04 18:30:00,8,10,4,18,30,130,55,"73, BAILLE (BOULEVARD)",,,Plein jour,En agglomération,Intersection en X,Normale,Deux véhicules - côté,,,,,,,,,,,1,2,2,1,3
200800057135,0008-10-13 13:15:00,8,10,13,13,15,130,55,"153, ROME (RUE DE)",,,Plein jour,En agglomération,Hors intersection,Temps couvert,Autre collision,,,,,,,,,,,1,2,1,8,6
200800057136,0008-10-09 08:10:00,8,10,9,8,10,130,55,"5, BERTHIER (BOULEVARD)",,,Plein jour,En agglomération,Hors intersection,Normale,Trois véhicules et plus - en chaîne,,,,,,,,,,,1,2,1,1,4
200800057137,0008-10-04 15:30:00,8,10,4,15,30,130,55,"41, BAILLE (BOULEVARD)",,,Plein jour,En agglomération,Hors intersection,Normale,Trois véhicules et plus - en chaîne,,,,,,,,,,,1,2,1,1,4
200800057138,0008-10-17 17:30:00,8,10,17,17,30,130,55,"46, SAINT BARNABE (AVENU",,,Plein jour,En agglomération,Hors intersection,Normale,Sans collision,,,,,,,,,,,1,2,1,1,7
200800057139,0008-10-26 14:45:00,8,10,26,14,45,130,55,"40, ALEX ANSALDI (RUE)",,,Plein jour,En agglomération,Hors intersection,Normale,Deux véhicules - côté,,,,,,,,,,,1,2,1,1,3
200800057140,0008-10-26 23:10:00,8,10,26,23,10,130,55,"280, MICHELET (BOULEVARD",,,Nuit avec éclairage allumé,En agglomération,Hors intersection,Normale,Autre collision,,,,,,,,,,,5,2,1,1,6
200800057141,0008-10-23 17:20:00,8,10,23,17,20,130,55,"274, POILUS (AVENUE DES)",,,Plein jour,En agglomération,Hors intersection,Temps couvert,Deux véhicules - côté,,,,,,,,,,,1,2,1,8,3
200800057142,0008-10-25 22:40:00,8,10,25,22,40,130,55,"19, PRADO (AVENUE)",,,Nuit avec éclairage allumé,En agglomération,Hors intersection,Normale,Autre collision,,,,,,,,,,,5,2,1,1,6
200800057143,0008-10-21 07:50:00,8,10,21,7,50,130,55,"61, VERDILLON (RUE)",,,Plein jour,En agglomération,Hors intersection,Normale,Trois véhicules et plus - collisions multiples,,,,,,,,,,,1,2,1,1,5
200800057144,0008-10-16 16:00:00,8,10,16,16,0,130,55,"6, CAILLOLS (AVENUE DES)",,,Plein jour,En agglomération,Hors intersection,Normale,Autre collision,,,,,,,,,,,1,2,1,1,6
200800057145,0008-10-14 15:25:00,8,10,14,15,25,130,55,"10, SAKAKINI (BOULEVARD)",,,Plein jour,En agglomération,Hors intersection,Normale,Deux véhicules - arrière,,,,,,,,,,,1,2,1,1,2
200800057146,0008-10-12 13:01:00,8,10,12,13,1,130,55,"45, CHUTES LAVI (AVENUE)",,,Plein jour,En agglomération,Hors intersection,Normale,Deux véhicules - frontale,,,,,,,,,,,1,2,1,1,1
200800057147,0008-10-03 18:00:00,8,10,3,18,0,130,55,"7, SAKAKINI (BOULEVARD)",,,Plein jour,En agglomération,Hors intersection,Normale,Deux véhicules - côté,,,,,,,,,,,1,2,1,1,3
200800057148,0008-10-07 06:45:00,8,10,7,6,45,130,55,"397, LYON (RUE DE)",,,Crépuscule ou aube,En agglomération,Hors intersection,Normale,Autre collision,,,,,,,,,,,2,2,1,1,6
200800057149,0008-10-22 00:30:00,8,10,22,0,30,130,55,"1, BUREL (BOULEVARD)",,,Nuit avec éclairage allumé,En agglomération,Hors intersection,Normale,Deux véhicules - frontale,,,,,,,,,,,5,2,1,1,1
200800057150,0008-10-27 20:10:00,8,10,27,20,10,130,55,"60, LIBERATION (BOULEVAR",,,Nuit avec éclairage allumé,En agglomération,Hors intersection,Normale,Deux véhicules - côté,,,,,,,,,,,5,2,1,1,3
200800057151,0008-10-04 12:15:00,8,10,4,12,15,130,2,ETIENNE CUCCA-CD908 (AVE,,,Plein jour,Hors agglomération,Hors intersection,Normale,Autre collision,,,,,,,,,,,1,1,1,1,6
200800057152,0008-10-10 13:55:00,8,10,10,13,55,130,55,PIERRE DRAVET (RUE),,,Plein jour,En agglomération,Hors intersection,Normale,Autre collision,,,,,,,,,,,1,2,1,1,6
200800057153,0008-10-04 18:35:00,8,10,4,18,35,130,55,"2, VINCENT VAN GOGH (RUE",,,Plein jour,En agglomération,Intersection en T,Normale,Deux véhicules - côté,,,,,,,,,,,1,2,3,1,3