accident_id,datetime,annee,mois,jour,heure,minute,departement,commune_insee,adresse,latitude,longitude,luminosite,agglomeration,intersection,meteo,collision,nb_vehicules,nb_usagers,nb_indemnes,nb_tues,nb_blesses_hosp,nb_blesses_legers,age_cond_1,age_cond_2,veh_type_cond_1,veh_type_cond_2,lum_code,agg_code,int_code,atm_code,col_code
200800057154,0008-10-08 09:30:00,8,10,8,9,30,130,55,"1, SCHLOESING (BOULEVARD",,,Plein jour,En agglomération,Hors intersection,Pluie légère,Deux véhicules - arrière,,,,,,,,,,,1,2,1,2,2
200800057155,0008-10-17 11:15:00,8,10,17,11,15,130,55,"366, POILUS (AVENUE DES)",,,Plein jour,En agglomération,Hors intersection,Normale,Trois véhicules et plus - en chaîne,,,,,,,,,,,1,2,1,1,4
200800057156,0008-10-04 18:10:00,8,10,4,18,10,130,55,"39, RABATAU (BOULEVARD)",,,Plein jour,En agglomération,Hors intersection,Normale,Deux véhicules - côté,,,,,,,,,,,1,2,1,1,3
200800057157,0008-10-28 15:15:00,8,10,28,15,15,130,55,"171, PRADO (AVENUE)",,,Plein jour,En agglomération,Hors intersection,Pluie forte,Deux véhicules - côté,,,,,,,,,,,1,2,1,3,3
200800057158,0008-10-18 06:20:00,8,10,18,6,20,130,55,"311, SAINT ANTOINE (CHEM",,,Nuit avec éclairage allumé,En agglomération,Hors intersection,Normale,Autre collision,,,,,,,,,,,5,2,1,1,6
200800057159,0008-10-20 17:20:00,8,10,20,17,20,130,55,"2, COMMANDANT DE ROBIEN",,,Plein jour,En agglomération,Hors intersection,Normale,Sans collision,,,,,,,,,,,1,2,1,1,7
200800057160,0008-10-20 13:20:00,8,10,20,13,20,130,55,"93, VALBARELLE (BOULEVAR",,,Plein jour,En agglomération,Hors intersection,Normale,Deux véhicules - côté,,,,,,,,,,,1,2,1,1,3
200800057161,0008-10-07 15:10:00,8,10,7,15,10,130,55,"20, CHATEAU GOMBERT (AVE",,,Plein jour,En agglomération,Hors intersection,Normale,Deux véhicules - côté,,,,,,,,,,,1,2,1,1,3
200800057162,0008-10-29 17:00:00,8,10,29,17,0,130,55,"50, SAINT PAUL (AVENUE)",,,Crépuscule ou aube,Hors agglomération,Hors intersection,Normale,Autre collision,,,,,,,,,,,2,1,1,1,6
200800057163,0008-10-09 08:25:00,8,10,9,8,25,130,55,"199, CROIX ROUGE (AVENUE",,,Plein jour,En agglomération,Hors intersection,Normale,Deux véhicules - côté,,,,,,,,,,,1,2,1,1,3
200800057164,0008-10-29 13:45:00,8,10,29,13,45,130,55,"03, PAUL CLAUDEL (BOULEV",,,Plein jour,En agglomération,Hors intersection,Pluie légère,Deux véhicules - arrière,,,,,,,,,,,1,2,1,2,2
200800057165,0008-10-08 15:20:00,8,10,8,15,20,130,55,"12, DOCTEUR HECKEL (RUE",,,Plein jour,En agglomération,Hors intersection,Normale,Autre collision,,,,,,,,,,,1,2,1,1,6
200800057166,0008-10-22 19:00:00,8,10,22,19,0,130,55,"585, SAINT PIERRE (RUE)",,,Nuit avec éclairage allumé,En agglomération,Hors intersection,Pluie forte,Deux véhicules - frontale,,,,,,,,,,,5,2,1,3,1
200800057167,0008-10-07 09:15:00,8,10,7,9,15,130,55,"9, SAINT PIERRE (RUE)",,,Plein jour,En agglomération,Hors intersection,Normale,Autre collision,,,,,,,,,,,1,2,1,1,6
200800057168,0008-10-08 19:10:00,8,10,8,19,10,130,55,"7, JEAN MOULIN (BOULEVAR",,,Plein jour,En agglomération,Hors intersection,Normale,Autre collision,,,,,,,,,,,1,2,1,1,6
200800057169,0008-10-13 21:00:00,8,10,13,21,0,130,55,"35, JEAN MOULIN (BOULEVA",,,Nuit avec éclairage allumé,En agglomération,Hors intersection,Normale,Deux véhicules - côté,,,,,,,,,,,5,2,1,1,3
200800057170,0008-10-07 17:40:00,8,10,7,17,40,130,55,"377, LYON (RUE DE)",,,Plein jour,En agglomération,Hors intersection,Normale,Deux véhicules - arrière,,,,,,,,,,,1,2,1,1,2
200800057171,0008-10-09 12:00:00,8,10,9,12,0,130,55,"13, FERRARI (RUE)",,,Plein jour,En agglomération,Hors intersection,Normale,Deux véhicules - côté,,,,,,,,,,,1,2,1,1,3
200800057172,0008-10-15 16:20:00,8,10,15,16,20,130,55,"134, MICHELET (BOULEVARD",,,Plein jour,En agglomération,Hors intersection,Normale,Deux véhicules - arrière,,,,,,,,,,,1,2,1,1,2
200800057173,0008-10-15 13:55:00,8,10,15,13,55,130,55,"514, PRADO (AVENUE)",,,Plein jour,En agglomération,Hors intersection,Normale,Deux véhicules - frontale,,,,,,,,,,,1,2,1,1,1
200800057174,0008-10-13 18:10:00,8,10,13,18,10,130,55,"234, SAINTE MARTHE (CHEM",,,Plein jour,En agglomération,Intersection en X,Normale,Deux véhicules - côté,,,,,,,,,,,1,2,2,1,3
200800057175,0008-10-25 16:00:00,8,10,25,16,0,130,55,"66, VAGUES (BOULEVARD)",,,Plein jour,En agglomération,Intersection en X,Normale,Deux véhicules - côté,,,,,,,,,,,1,2,2,1,3
200800057176,0008-10-05 10:35:00,8,10,5,10,35,130,55,LÉON LACHAMP (ROUTE),,,Plein jour,Hors agglomération,Hors intersection,Normale,Sans collision,,,,,,,,,,,1,1,1,1,7
200800057177,0008-10-14 08:10:00,8,10,14,8,10,130,55,"350, L ARMEE D AFRIQUE (",,,Plein jour,En agglomération,Hors intersection,Normale,Sans collision,,,,,,,,,,,1,2,1,1,7
200800057178,0008-10-10 06:40:00,8,10,10,6,40,130,55,"75, RAYMOND TEISSERE (RU",,,Crépuscule ou aube,En agglomération,Hors intersection,Normale,Deux véhicules - frontale,,,,,,,,,,,2,2,1,1,1
200800057179,0008-10-23 08:00:00,8,10,23,8,0,130,55,"229, CHATEAU GOMBERT (AN",,,Crépuscule ou aube,En agglomération,Hors intersection,Pluie légère,Deux véhicules - côté,,,,,,,,,,,2,2,1,2,3
200800057180,0008-10-26 16:50:00,8,10,26,16,50,130,55,"56, LÉON PERRIN (PASSAGE",,,Plein jour,En agglomération,Hors intersection,Normale,Autre collision,,,,,,,,,,,1,2,1,1,6
200800057181,0008-10-05 14:40:00,8,10,5,14,40,130,55,"82, BELLE DE MAI (RUE)",,,Plein jour,En agglomération,Hors intersection,Normale,Autre collision,,,,,,,,,,,1,2,1,1,6
200800057182,0008-10-04 21:15:00,8,10,4,21,15,130,55,AUGUSTIN AUBERT (RUE),,,Nuit avec éclairage allumé,En agglomération,Intersection en T,Normale,Autre collision,,,,,,,,,,,5,2,3,1,6
200800057183,0008-10-25 21:05:00,8,10,25,21,5,130,55,"198, CHARTREUX (AVENUE D",,,Nuit avec éclairage allumé,En agglomération,Intersection en T,Normale,Sans collision,,,,,,,,,,,5,2,3,1,7
200800057184,0008-10-27 08:15:00,8,10,27,8,15,130,55,"159, SAINT PIERRE (RUE)",,,Plein jour,En agglomération,Hors intersection,Normale,Autre collision,,,,,,,,,,,1,2,1,1,6
200800057185,0008-10-17 17:45:00,8,10,17,17,45,130,55,"332, POILUS (AVENUE DES)",,,Plein jour,En agglomération,Hors intersection,Normale,Deux véhicules - côté,,,,,,,,,,,1,2,1,1,3
200800057186,0008-10-20 11:20:00,8,10,20,11,20,130,55,"184, LYON (RUE DE)",,,Plein jour,En agglomération,Intersection en X,Normale,Deux véhicules - côté,,,,,,,,,,,1,2,2,1,3
200800057187,0008-10-20 10:15:00,8,10,20,10,15,130,55,"40, NATIONAL (BOULEVARD)",,,Plein jour,En agglomération,Intersection en X,Normale,Autre collision,,,,,,,,,,,1,2,2,1,6
200800057188,0008-10-27 13:00:00,8,10,27,13,0,130,2,"100, GARLABAN (CHEMIN DE",,,Plein jour,En agglomération,Hors intersection,Normale,Autre collision,,,,,,,,,,,1,2,1,1,6
200800057189,0008-10-22 12:40:00,8,10,22,12,40,130,55,"27, MERLE (BOULEVARD)",,,Plein jour,En agglomération,Intersection en T,Pluie légère,Autre collision,,,,,,,,,,,1,2,3,2,6
200800057190,0008-10-15 09:35:00,8,10,15,9,35,130,55,"341, MONTOLIVET (AVENUE",,,Plein jour,En agglomération,Hors intersection,Normale,Deux véhicules - côté,,,,,,,,,,,1,2,1,1,3
200800057191,0008-10-31 11:15:00,8,10,31,11,15,130,55,"280, SAINT ANTOINE (AVEN",,,Plein jour,En agglomération,Hors intersection,Normale,Deux véhicules - côté,,,,,,,,,,,1,2,1,1,3
200800057192,0008-10-21 12:10:00,8,10,21,12,10,130,55,"11, OLIVES (AVENUE DES)",,,Plein jour,En agglomération,Hors intersection,Normale,Deux véhicules - côté,,,,,,,,,,,1,2,1,1,3
200800057193,0008-10-09 07:25:00,8,10,9,7,25,130,2,"74, CLEMENT, JULES BARTH",,,Plein jour,En agglomération,Hors intersection,Temps couvert,Autre collision,,,,,,,,,,,1,2,1,8,6
200800057194,0008-10-17 21:00:00,8,10,17,21,0,130,55,FAIENCIERS (TRAVERSE DES,,,Nuit avec éclairage allumé,En agglomération,Intersection en X,Normale,Deux véhicules - côté,,,,,,,,,,,5,2,2,1,3
200800057195,0008-10-11 16:40:00,8,10,11,16,40,130,55,"08, ALFRED CURTEL (RUE)",,,Plein jour,En agglomération,Hors intersection,Normale,Deux véhicules - arrière,,,,,,,,,,,1,2,1,1,2
200800057196,0008-10-25 14:00:00,8,10,25,14,0,130,55,"2, LÉON BANCAL (RUE)",,,Plein jour,En agglomération,Hors intersection,Normale,Autre collision,,,,,,,,,,,1,2,1,1,6
200800057197,0008-10-31 20:20:00,8,10,31,20,20,130,55,"14, PIERRE DOIZE  (RUE)",,,Nuit avec éclairage allumé,En agglomération,Hors intersection,Normale,Deux véhicules - côté,,,,,,,,,,,5,2,1,1,3
200800057198,0008-10-11 14:55:00,8,10,11,14,55,130,55,HENRI BARNIER (BOULEVARD,,,Plein jour,En agglomération,Hors intersection,Normale,Deux véhicules - arrière,,,,,,,,,,,1,2,1,1,2
200800057199,0008-10-21 20:30:00,8,10,21,20,30,130,55,"71, CHATEAU GOMBERT (AVE",,,Crépuscule ou aube,En agglomération,Hors intersection,Normale,Autre collision,,,,,,,,,,,2,2,1,1,6
200800057200,0008-10-03 09:15:00,8,10,3,9,15,130,55,"25, MADRAGUE VILLE (CHEM",,,Plein jour,En agglomération,Intersection en T,Normale,Deux véhicules - côté,,,,,,,,,,,1,2,3,1,3
200800057201,0008-10-11 12:45:00,8,10,11,12,45,130,55,"102, TROIS LUC (RUE)",,,Plein jour,En agglomération,Autre intersection,Normale,Deux véhicules - côté,,,,,,,,,,,1,2,9,1,3
200800057202,0008-10-13 07:00:00,8,10,13,7,0,130,55,"23, MARIUS RICHARD (BOUL",,,Crépuscule ou aube,En agglomération,Intersection en T,Normale,Autre collision,,,,,,,,,,,2,2,3,1,6
200800057203,0008-10-31 16:00:00,8,10,31,16,0,130,55,"282, MICHELET (BOULEVARD",,,Plein jour,En agglomération,Hors intersection,Pluie légère,Deux véhicules - arrière,,,,,,,,,,,1,2,1,2,2
200800057204,0008-10-24 08:10:00,8,10,24,8,10,130,55,"486, PARADIS (RUE)",,,Plein jour,En agglomération,Hors intersection,Pluie légère,Trois véhicules et plus - collisions multiples,,,,,,,,,,,1,2,1,2,5
200800057205,0008-10-03 14:52:00,8,10,3,14,52,130,55,"134, MICHELET (BOULEVARD",,,Plein jour,En agglomération,Hors intersection,Normale,Deux véhicules - côté,,,,,,,,,,,1,2,1,1,3
200800057206,0008-10-25 19:30:00,8,10,25,19,30,130,55,"3, MENARD (PIERRE) (BOUL",,,Nuit avec éclairage allumé,En agglomération,Hors intersection,Normale,Trois véhicules et plus - en chaîne,,,,,,,,,,,5,2,1,1,4
200800057207,0008-10-11 17:50:00,8,10,11,17,50,130,55,LÉON LACHAMP (ROUTE),,,Plein jour,Hors agglomération,Hors intersection,Normale,Sans collision,,,,,,,,,,,1,1,1,1,7
200800057208,0008-10-01 11:00:00,8,10,1,11,0,130,55,"345, PRADO (AVENUE)",,,Plein jour,En agglomération,Intersection en Y,Normale,Deux véhicules - côté,,,,,,,,,,,1,2,4,1,3
200800057209,0008-10-24 13:05:00,8,10,24,13,5,130,55,"35, 24 AVRIL 15 (AVENUE",,,Plein jour,En agglomération,Hors intersection,Normale,Autre collision,,,,,,,,,,,1,2,1,1,6
200800057210,0008-10-31 08:00:00,8,10,31,8,0,130,55,"3, RODOCANACHI (BOULEVAR",,,Plein jour,En agglomération,Hors intersection,Normale,Autre collision,,,,,,,,,,,1,2,1,1,6
200800057211,0008-10-24 13:50:00,8,10,24,13,50,130,55,"19, TRAVERSE (RUE DE LA)",,,Plein jour,En agglomération,Hors intersection,Normale,Deux véhicules - côté,,,,,,,,,,,1,2,1,1,3
200800057212,0008-10-19 00:55:00,8,10,19,0,55,130,55,"99, SAINT ANTOINE (AVENU",,,Nuit avec éclairage allumé,En agglomération,Hors intersection,Normale,Sans collision,,,,,,,,,,,5,2,1,1,7
200800057213,0008-10-16 16:30:00,8,10,16,16,30,130,55,"22, SAINTE MARTHE (CHEMI",,,Plein jour,En agglomération,Intersection en T,Normale,Deux véhicules - côté,,,,,,,,,,,1,2,3,1,3
200800057214,0008-10-03 21:55:00,8,10,3,21,55,130,55,"268, NATIONAL (BOULEVARD",,,Nuit avec éclairage allumé,En agglomération,Hors intersection,Normale,Deux véhicules - côté,,,,,,,,,,,5,2,1,1,3
200800057215,0008-10-22 16:30:00,8,10,22,16,30,130,55,"79, LOUBON (RUE)",,,Plein jour,En agglomération,Hors intersection,Pluie légère,Autre collision,,,,,,,,,,,1,2,1,2,6
200800057216,0008-10-14 09:00:00,8,10,14,9,0,130,55,"26, GEORGE (RUE)",,,Plein jour,En agglomération,Intersection en X,Normale,Deux véhicules - côté,,,,,,,,,,,1,2,2,1,3
200800057217,0008-10-13 13:00:00,8,10,13,13,0,130,55,"149, BAILLE (BOULEVARD)",,,Plein jour,En agglomération,Hors intersection,Normale,Trois véhicules et plus - en chaîne,,,,,,,,,,,1,2,1,1,4
200800057218,0008-10-02 06:28:00,8,10,2,6,28,130,55,"98, ROME (RUE DE)",,,Nuit avec éclairage allumé,En agglomération,Hors intersection,Normale,Deux véhicules - frontale,,,,,,,,,,,5,2,1,1,1
200800057219,0008-10-18 19:30:00,8,10,18,19,30,130,55,"9, PRADO (AVENUE DU)",,,Nuit avec éclairage allumé,En agglomération,Hors intersection,Normale,Deux véhicules - arrière,,,,,,,,,,,5,2,1,1,2
200800057220,0008-10-07 11:15:00,8,10,7,11,15,130,55,"45, LÉON GAMBETTA (ALLEE",,,Plein jour,En agglomération,Hors intersection,Normale,Deux véhicules - côté,,,,,,,,,,,1,2,1,1,3
200800057221,0008-10-10 22:35:00,8,10,10,22,35,130,55,"98, CORSE (AVENUE DE LA)",,,Nuit avec éclairage allumé,En agglomération,Intersection en X,Normale,Deux véhicules - côté,,,,,,,,,,,5,2,2,1,3
200800057222,0008-10-08 08:00:00,8,10,8,8,0,130,55,"20, BRETEUIL (RUE)",,,Plein jour,En agglomération,Hors intersection,Pluie légère,Autre collision,,,,,,,,,,,1,2,1,2,6
200800057223,0008-10-24 09:00:00,8,10,24,9,0,130,55,"223, LIBERATION (BOULEVA",,,Plein jour,En agglomération,Hors intersection,Normale,Autre collision,,,,,,,,,,,1,2,1,1,6
200800057224,0008-10-19 13:50:00,8,10,19,13,50,130,55,"135, LIBERATION (BOULEVA",,,Plein jour,En agglomération,Hors intersection,Normale,Deux véhicules - frontale,,,,,,,,,,,1,2,1,1,1
200800057225,0008-10-20 13:21:00,8,10,20,13,21,130,55,"32, ROME (RUE DE)",,,Plein jour,En agglomération,Hors intersection,Normale,Autre collision,,,,,,,,,,,1,2,1,1,6
200800057226,0008-10-09 18:30:00,8,10,9,18,30,130,55,"48, TELLENE (BOULEVARD)",,,Plein jour,En agglomération,Hors intersection,Normale,Autre collision,,,,,,,,,,,1,2,1,1,6
200800057227,0008-10-26 04:05:00,8,10,26,4,5,130,55,"406, PARADIS (RUE)",,,Nuit avec éclairage allumé,En agglomération,Hors intersection,Normale,Autre collision,,,,,,,,,,,5,2,1,1,6
200800057228,0008-10-17 18:30:00,8,10,17,18,30,130,55,"24, LÉON GAMBETTA (ALLEE",,,Plein jour,En agglomération,Intersection en T,Normale,Sans collision,,,,,,,,,,,1,2,3,1,7
200800057229,0008-10-03 13:15:00,8,10,3,13,15,130,55,MIRELLE LAUZE (BOULEVARD,,,Plein jour,Hors agglomération,Hors intersection,Normale,Autre collision,,,,,,,,,,,1,1,1,1,6
200800057230,0008-10-17 14:45:00,8,10,17,14,45,130,55,"45, ARGILE (CHEMIN DE L'",,,Plein jour,En agglomération,Giratoire,Normale,Autre collision,,,,,,,,,,,1,2,6,1,6
200800057231,0008-10-08 07:15:00,8,10,8,7,15,130,55,"4, VIDAL (BOULEVARD)",,,Crépuscule ou aube,En agglomération,Hors intersection,Pluie forte,Autre collision,,,,,,,,,,,2,2,1,3,6
200800057232,0008-10-23 10:00:00,8,10,23,10,0,130,55,"86, NOTRE DAME (BOULEVAR",,,Plein jour,En agglomération,Hors intersection,Normale,Autre collision,,,,,,,,,,,1,2,1,1,6
200800057233,0008-10-12 08:40:00,8,10,12,8,40,130,55,"28, TOULON (AVENUE DE)",,,Plein jour,En agglomération,Hors intersection,Normale,Deux véhicules - arrière,,,,,,,,,,,1,2,1,1,2
200800057234,0008-10-12 10:15:00,8,10,12,10,15,130,55,"19, CAMAS (RUE DU)",,,Plein jour,En agglomération,Hors intersection,Normale,Autre collision,,,,,,,,,,,1,2,1,1,6
200800057235,0008-10-23 08:30:00,8,10,23,8,30,130,55,"62, SAINT JEAN (CHEMIN)",,,Plein jour,En agglomération,Hors intersection,Pluie légère,Sans collision,,,,,,,,,,,1,2,1,2,7
200800057236,0008-10-02 12:10:00,8,10,2,12,10,130,55,"59, CAPITAINE GALINAT (R",,,Plein jour,En agglomération,Hors intersection,Normale,Autre collision,,,,,,,,,,,1,2,1,1,6
200800057237,0008-10-02 08:45:00,8,10,2,8,45,130,55,"9, SIDI BRAHIM (SQUARE)",,,Plein jour,En agglomération,Hors intersection,Normale,Autre collision,,,,,,,,,,,1,2,1,1,6
200800057238,0008-10-24 16:15:00,8,10,24,16,15,130,55,"179, ROMAIN ROLLAND (BOU",,,Plein jour,En agglomération,Intersection en X,Temps couvert,Trois véhicules et plus - collisions multiples,,,,,,,,,,,1,2,2,8,5
200800057239,0008-10-06 11:50:00,8,10,6,11,50,130,55,"38, JEAN BOUIN (AVENUE)",,,Plein jour,En agglomération,Intersection en X,Normale,Deux véhicules - côté,,,,,,,,,,,1,2,2,1,3
200800057240,0008-10-07 12:40:00,8,10,7,12,40,130,55,"01, SAINT MENET (AVENUE",,,Plein jour,En agglomération,Hors intersection,Normale,Deux véhicules - côté,,,,,,,,,,,1,2,1,1,3
200800057241,0008-10-31 17:30:00,8,10,31,17,30,130,2,"863, JEAN GIONO (AVENUE)",,,Nuit avec éclairage allumé,En agglomération,Hors intersection,Temps couvert,Deux véhicules - côté,,,,,,,,,,,5,2,1,8,3
200800057242,0008-10-14 19:30:00,8,10,14,19,30,130,55,"49, JEAN LOMBARD (AVENUE",,,Nuit avec éclairage allumé,En agglomération,Intersection en T,Normale,Sans collision,,,,,,,,,,,5,2,3,1,7
200800057243,0008-10-10 17:25:00,8,10,10,17,25,130,55,"51, SAINT JOSEPH (CHEMIN",,,Plein jour,En agglomération,Hors intersection,Normale,Autre collision,,,,,,,,,,,1,2,1,1,6
200800057244,0008-10-20 17:50:00,8,10,20,17,50,130,55,CASSINI (BOULEVARD),,,Plein jour,En agglomération,Hors intersection,Normale,Deux véhicules - arrière,,,,,,,,,,,1,2,1,1,2
200800057245,0008-10-30 07:00:00,8,10,30,7,0,130,55,"22, JEAN MOULIN (BOULEVA",,,Plein jour,En agglomération,Hors intersection,Normale,Deux véhicules - arrière,,,,,,,,,,,1,2,1,1,2
200800057246,0008-10-18 17:30:00,8,10,18,17,30,130,2,"21, ETIENNE CUCCA-CD908",,,Crépuscule ou aube,Hors agglomération,Hors intersection,Normale,Deux véhicules - frontale,,,,,,,,,,,2,1,1,1,1
200800057247,0008-10-27 17:10:00,8,10,27,17,10,130,55,"205, ROGER SALENGRO (AVE",,,Plein jour,En agglomération,Hors intersection,Normale,Autre collision,,,,,,,,,,,1,2,1,1,6
200800057248,0008-10-13 11:10:00,8,10,13,11,10,130,55,"240, OLIVES (AVENUE DES)",,,Plein jour,En agglomération,Hors intersection,Normale,Trois véhicules et plus - en chaîne,,,,,,,,,,,1,2,1,1,4
200800057249,0008-10-18 12:15:00,8,10,18,12,15,130,55,"1, BUREL (BOULEVARD ET P",,,Plein jour,En agglomération,Intersection en T,Normale,Deux véhicules - arrière,,,,,,,,,,,1,2,3,1,2
200800057250,0008-10-13 19:00:00,8,10,13,19,0,130,55,"252, L ARMEE D AFRIQUE (",,,Plein jour,En agglomération,Hors intersection,Normale,Deux véhicules - arrière,,,,,,,,,,,1,2,1,1,2
200800057251,0008-10-07 19:20:00,8,10,7,19,20,130,55,"433, MIRELLE LAUZE (BOUL",,,Nuit avec éclairage allumé,En agglomération,Hors intersection,Normale,Autre collision,,,,,,,,,,,5,2,1,1,6
200800057252,0008-10-22 09:25:00,8,10,22,9,25,130,55,MARÉCHAL DE LATTRE (AVEN,,,Plein jour,En agglomération,Intersection en T,Pluie forte,Deux véhicules - côté,,,,,,,,,,,1,2,3,3,3
200800057253,0008-10-23 17:30:00,8,10,23,17,30,130,2,"68, 7EME TIRAILLEURS ALG",,,Plein jour,En agglomération,Hors intersection,Normale,Deux véhicules - arrière,,,,,,,,,,,1,2,1,1,2
200800057254,0008-10-11 21:50:00,8,10,11,21,50,130,55,"8, CONVALESCENTS (RUE DE",,,Nuit avec éclairage allumé,En agglomération,Intersection en X,Normale,Deux véhicules - côté,,,,,,,,,,,5,2,2,1,3
200800057255,0008-10-27 14:30:00,8,10,27,14,30,130,55,"36, ROME (RUE DE)",,,Plein jour,En agglomération,Intersection en T,Normale,Autre collision,,,,,,,,,,,1,2,3,1,6
200800057256,0008-10-07 13:07:00,8,10,7,13,7,130,55,"62, CANEBIERE    81 A FI",,,Plein jour,En agglomération,Intersection en X,Normale,Deux véhicules - côté,,,,,,,,,,,1,2,2,1,3
200800057257,0008-10-25 11:40:00,8,10,25,11,40,130,55,"141, LIEUTAUD (COURS)",,,Plein jour,En agglomération,Hors intersection,Normale,Deux véhicules - arrière,,,,,,,,,,,1,2,1,1,2
200800057258,0008-10-21 12:20:00,8,10,21,12,20,130,55,"27, CORSE (AVENUE DE LA)",,,Plein jour,En agglomération,Hors intersection,Normale,Deux véhicules - frontale,,,,,,,,,,,1,2,1,1,1
200800057259,0008-10-18 19:10:00,8,10,18,19,10,130,55,"36, PORT (QUAI DU)",,,Plein jour,En agglomération,Intersection en T,Normale,Autre collision,,,,,,,,,,,1,2,3,1,6
200800057260,0008-10-31 15:00:00,8,10,31,15,0,130,55,"87, LIEUTAUD (COURS)",,,Plein jour,En agglomération,Hors intersection,Pluie légère,Deux véhicules - arrière,,,,,,,,,,,1,2,1,2,2
200800057261,0008-10-31 15:01:00,8,10,31,15,1,130,55,"42, SAINT JUST (AVENUE D",,,Plein jour,En agglomération,Hors intersection,Pluie légère,Deux véhicules - côté,,,,,,,,,,,1,2,1,2,3
200800057262,0008-10-25 11:30:00,8,10,25,11,30,130,55,"17, VERSAILLES (RUE DE)",,,Plein jour,En agglomération,Hors intersection,Normale,Autre collision,,,,,,,,,,,1,2,1,1,6
200800057263,0008-10-20 07:45:00,8,10,20,7,45,130,55,"219, SALVADOR ALLENDE (R",,,Plein jour,En agglomération,Giratoire,Normale,Deux véhicules - côté,,,,,,,,,,,1,2,6,1,3
200800057264,0008-10-06 15:45:00,8,10,6,15,45,130,55,"139, SAINT LOUIS (AVENUE",,,Plein jour,En agglomération,Hors intersection,Normale,Deux véhicules - côté,,,,,,,,,,,1,2,1,1,3
200800057265,0008-10-17 19:40:00,8,10,17,19,40,130,55,"110, PLOMBIERES (BOULEVA",,,Crépuscule ou aube,En agglomération,Hors intersection,Normale,Autre collision,,,,,,,,,,,2,2,1,1,6
200800057266,0008-10-17 17:46:00,8,10,17,17,46,130,55,"42, VISTE (AVENUE DE LA)",,,Crépuscule ou aube,En agglomération,Hors intersection,Normale,Trois véhicules et plus - en chaîne,,,,,,,,,,,2,2,1,1,4
200800057267,0008-10-14 15:55:00,8,10,14,15,55,130,55,"120, HAITI (BOULEVARD D'",,,Plein jour,En agglomération,Intersection en T,Normale,Deux véhicules - côté,,,,,,,,,,,1,2,3,1,3
200800057268,0008-10-27 14:40:00,8,10,27,14,40,130,55,"169, PARADIS (RUE)",,,Plein jour,En agglomération,Hors intersection,Normale,Deux véhicules - côté,,,,,,,,,,,1,2,1,1,3
200800057269,0008-10-01 13:30:00,8,10,1,13,30,130,55,"12, STRASBOURG (PLACE)",,,Plein jour,En agglomération,Hors intersection,Normale,Deux véhicules - côté,,,,,,,,,,,1,2,1,1,3
200800057270,0008-10-10 21:40:00,8,10,10,21,40,130,55,"11, CONCORDE (BOULEVARD",,,Nuit avec éclairage allumé,En agglomération,Hors intersection,Normale,Deux véhicules - côté,,,,,,,,,,,5,2,1,1,3
200800057271,0008-10-30 19:20:00,8,10,30,19,20,130,55,"302, SAINT MARCEL (BOULE",,,Nuit avec éclairage allumé,En agglomération,Intersection en T,Normale,Deux véhicules - côté,,,,,,,,,,,5,2,3,1,3
200800057272,0008-10-02 19:30:00,8,10,2,19,30,130,55,ALEX. FLEMING (BOULEVARD,,,Nuit avec éclairage allumé,En agglomération,Hors intersection,Normale,Trois véhicules et plus - collisions multiples,,,,,,,,,,,5,2,1,1,5
200800057273,0008-10-02 12:15:00,8,10,2,12,15,130,55,"1, AYGALADES (AVENUE DES",,,Plein jour,En agglomération,Hors intersection,Normale,Deux véhicules - arrière,,,,,,,,,,,1,2,1,1,2
200800057274,0008-10-17 17:47:00,8,10,17,17,47,130,55,SAINT MENET (AVENUE DE),,,Plein jour,En agglomération,Hors intersection,Normale,Deux véhicules - arrière,,,,,,,,,,,1,2,1,1,2
200800057275,0008-10-28 18:15:00,8,10,28,18,15,130,55,"124, FRANCOISE DUPARC (B",,,Nuit avec éclairage allumé,En agglomération,Hors intersection,Normale,Deux véhicules - côté,,,,,,,,,,,5,2,1,1,3
200800057276,0008-10-18 13:40:00,8,10,18,13,40,130,55,"222, SAINT PIERRE (RUE)",,,Plein jour,En agglomération,Hors intersection,Normale,Deux véhicules - arrière,,,,,,,,,,,1,2,1,1,2
200800057277,0008-10-20 16:45:00,8,10,20,16,45,130,55,"43-49, ROGER SALENGRO (A",,,Plein jour,En agglomération,Hors intersection,Normale,Deux véhicules - côté,,,,,,,,,,,1,2,1,1,3
200800057278,0008-10-24 23:15:00,8,10,24,23,15,130,55,"20, GRANOUX (RUE)",,,Nuit avec éclairage allumé,En agglomération,Intersection en X,Normale,Autre collision,,,,,,,,,,,5,2,2,1,6
200800057279,0008-10-16 16:45:00,8,10,16,16,45,130,55,"37, ALBERT EINSTEIN (RUE",,,Plein jour,En agglomération,Hors intersection,Normale,Deux véhicules - arrière,,,,,,,,,,,1,2,1,1,2
200800057280,0008-10-24 18:30:00,8,10,24,18,30,130,55,"58, JEAN LOMBARD (AVENUE",,,Nuit avec éclairage allumé,En agglomération,Hors intersection,Normale,Autre collision,,,,,,,,,,,5,2,1,1,6
200800057281,0008-10-22 09:45:00,8,10,22,9,45,130,55,"160, LYON (RUE DE)",,,Plein jour,En agglomération,Giratoire,Pluie forte,Deux véhicules - arrière,,,,,,,,,,,1,2,6,3,2
200800057282,0008-10-28 18:30:00,8,10,28,18,30,130,55,"1, MILLIE MATHYS (AVENUE",,,Nuit avec éclairage allumé,En agglomération,Hors intersection,Pluie légère,Autre collision,,,,,,,,,,,5,2,1,2,6
200800057283,0008-10-01 19:50:00,8,10,1,19,50,130,55,"124, LE MEE (TRAVERSE)",,,Nuit avec éclairage allumé,En agglomération,Hors intersection,Normale,Deux véhicules - côté,,,,,,,,,,,5,2,1,1,3