accident_id,datetime,annee,mois,jour,heure,minute,departement,commune_insee,adresse,latitude,longitude,luminosite,agglomeration,intersection,meteo,collision,nb_vehicules,nb_usagers,nb_indemnes,nb_tues,nb_blesses_hosp,nb_blesses_legers,age_cond_1,age_cond_2,veh_type_cond_1,veh_type_cond_2,lum_code,agg_code,int_code,atm_code,col_code
200800057543,0008-10-30 16:55:00,8,10,30,16,55,220,360,"0, D 700",,,Plein jour,Hors agglomération,Hors intersection,Normale,Deux véhicules - arrière,,,,,,,,,,,1,1,1,1,2
200800057544,0008-10-30 10:50:00,8,10,30,10,50,220,106,"0, RENNES (RUE DE)",,,Plein jour,Hors agglomération,Hors intersection,Normale,Sans collision,,,,,,,,,,,1,1,1,1,7
200800057545,0008-10-31 19:25:00,8,10,31,19,25,220,278,"0, POULAIN-CORBION",,,Nuit avec éclairage allumé,En agglomération,Intersection en T,Normale,Sans collision,,,,,,,,,,,5,2,3,1,7
200800057546,0008-10-07 07:23:00,8,10,7,7,23,230,96,"12, CROS (RUE DU )",,,Crépuscule ou aube,En agglomération,Hors intersection,Normale,Autre collision,,,,,,,,,,,2,2,1,1,6
200800057547,0008-10-11 11:30:00,8,10,11,11,30,240,37,DE GAULLE (AVENUE DU GEN,,,Plein jour,En agglomération,Intersection en T,Normale,Deux véhicules - côté,,,,,,,,,,,1,2,3,1,3
200800057548,0008-10-13 16:12:00,8,10,13,16,12,240,37,POMBONNE (ROUTE DE),,,Plein jour,En agglomération,Hors intersection,Normale,Sans collision,,,,,,,,,,,1,2,1,1,7
200800057549,0008-10-28 18:30:00,8,10,28,18,30,240,37,PIMONT (BOULEVAR LOUIS),,,Crépuscule ou aube,En agglomération,Hors intersection,Normale,Deux véhicules - côté,,,,,,,,,,,2,2,1,1,3
200800057550,0008-10-02 08:00:00,8,10,2,8,0,240,322,LAFON ( RUE EMILE),,,Crépuscule ou aube,En agglomération,Intersection en T,Pluie légère,Autre collision,,,,,,,,,,,2,2,3,2,6
200800057551,0008-10-03 18:05:00,8,10,3,18,5,240,322,"0, LAGRANGE CHANCEL (RUE",,,Plein jour,En agglomération,Intersection en X,Normale,Deux véhicules - côté,,,,,,,,,,,1,2,2,1,3
200800057552,0008-10-08 17:20:00,8,10,8,17,20,240,322,WILSON (RUE DU PRESIDENT,,,Plein jour,En agglomération,Giratoire,Normale,Deux véhicules - côté,,,,,,,,,,,1,2,6,1,3
200800057553,0008-10-09 07:36:00,8,10,9,7,36,240,53,"0, FRACHON (AVENUE BENOI",,,Crépuscule ou aube,En agglomération,Hors intersection,Normale,Deux véhicules - côté,,,,,,,,,,,2,2,1,1,3
200800057554,0008-10-09 16:20:00,8,10,9,16,20,240,138,"0, GALLIENI ( AVENUE DU",,,Plein jour,En agglomération,Intersection en T,Normale,Deux véhicules - côté,,,,,,,,,,,1,2,3,1,3
200800057555,0008-10-16 09:30:00,8,10,16,9,30,240,322,"0, CHANZY (RUE DE)",,,Plein jour,En agglomération,Hors intersection,Pluie forte,Deux véhicules - arrière,,,,,,,,,,,1,2,1,3,2
200800057556,0008-10-18 15:20:00,8,10,18,15,20,240,557,LE BREUILH (LIEU DIT),,,Plein jour,En agglomération,Hors intersection,Normale,Autre collision,,,,,,,,,,,1,2,1,1,6
200800057557,0008-10-21 04:00:00,8,10,21,4,0,240,256,"0, MARIVAL",,,Nuit sans éclairage public,Hors agglomération,Hors intersection,Normale,Autre collision,,,,,,,,,,,3,1,1,1,6
200800057558,0008-10-23 08:05:00,8,10,23,8,5,240,322,"159, COMBES DES DAMES (R",,,Plein jour,En agglomération,Hors intersection,Brouillard / fumée,Deux véhicules - côté,,,,,,,,,,,1,2,1,5,3
200800057559,0008-10-29 19:10:00,8,10,29,19,10,240,322,"91, SEMARD (RUE PIERRE)",,,Nuit avec éclairage allumé,En agglomération,Hors intersection,Pluie légère,Autre collision,,,,,,,,,,,5,2,1,2,6
200800057560,0008-10-29 14:41:00,8,10,29,14,41,240,322,"5, MONTAIGNE (BOULEVARD",,,Plein jour,En agglomération,Hors intersection,Normale,Autre collision,,,,,,,,,,,1,2,1,1,6
200800057561,0008-10-31 05:15:00,8,10,31,5,15,240,256,BORDEAUX (ROUTE DE),,,Nuit sans éclairage public,Hors agglomération,Hors intersection,Normale,Deux véhicules - frontale,,,,,,,,,,,3,1,1,1,1
200800057562,0008-10-01 17:37:00,8,10,1,17,37,250,56,"sans, HUIT MAI 1945 AVEN",,,Plein jour,Hors agglomération,Hors intersection,Normale,Autre collision,,,,,,,,,,,1,1,1,1,6
200800057563,0008-10-02 07:28:00,8,10,2,7,28,250,56,KENNEDY  BOULEVARD J.F.,,,Plein jour,En agglomération,Hors intersection,Normale,Deux véhicules - côté,,,,,,,,,,,1,2,1,1,3
200800057564,0008-10-02 19:12:00,8,10,2,19,12,250,56,"31, DOLE RUE DE <82",,,Nuit avec éclairage allumé,En agglomération,Hors intersection,Normale,Deux véhicules - arrière,,,,,,,,,,,5,2,1,1,2
200800057565,0008-10-03 08:41:00,8,10,3,8,41,250,56,PAPILLON RUE DU,,,Plein jour,En agglomération,Intersection en T,Pluie légère,Deux véhicules - côté,,,,,,,,,,,1,2,3,2,3
200800057566,0008-10-03 15:14:00,8,10,3,15,14,250,56,JOUCHOUX RUE AUGUSTE,,,Plein jour,En agglomération,Hors intersection,Temps couvert,Trois véhicules et plus - collisions multiples,,,,,,,,,,,1,2,1,8,5
200800057567,0008-10-07 20:12:00,8,10,7,20,12,250,56,TORCOLS CHEMIN DES,,,Nuit avec éclairage allumé,En agglomération,Hors intersection,Normale,Deux véhicules - arrière,,,,,,,,,,,5,2,1,1,2
200800057568,0008-10-08 10:15:00,8,10,8,10,15,250,56,LAFAYETTE RUE,,,Plein jour,En agglomération,Hors intersection,Pluie légère,Deux véhicules - frontale,,,,,,,,,,,1,2,1,2,1
200800057569,0008-10-08 12:37:00,8,10,8,12,37,250,56,"01, DIDEROT BOULEVARD",,,Plein jour,En agglomération,Hors intersection,Pluie légère,Deux véhicules - côté,,,,,,,,,,,1,2,1,2,3
200800057570,0008-10-09 05:52:00,8,10,9,5,52,250,56,"20, LAGRANGE  AVENUE LEO",,,Nuit avec éclairage allumé,En agglomération,Hors intersection,Pluie légère,Deux véhicules - frontale,,,,,,,,,,,5,2,1,2,1
200800057571,0008-10-10 01:50:00,8,10,10,1,50,250,56,"19, DOLE RUE DE <82",,,Nuit avec éclairage allumé,En agglomération,Hors intersection,Normale,Autre collision,,,,,,,,,,,5,2,1,1,6
200800057572,0008-10-10 22:50:00,8,10,10,22,50,250,56,"11, LANCHY  RUE NARCISSE",,,Nuit avec éclairage allumé,En agglomération,Hors intersection,Normale,Sans collision,,,,,,,,,,,5,2,1,1,7
200800057573,0008-10-13 16:32:00,8,10,13,16,32,250,56,"23, WYRSCH RUE JEAN",,,Plein jour,En agglomération,Hors intersection,Normale,Autre collision,,,,,,,,,,,1,2,1,1,6
200800057574,0008-10-14 15:43:00,8,10,14,15,43,250,56,"7, ILE DE FRANCE AVENUE",,,Plein jour,En agglomération,Hors intersection,Normale,Autre collision,,,,,,,,,,,1,2,1,1,6
200800057575,0008-10-15 14:10:00,8,10,15,14,10,250,56,"sans, KENNEDY  BOULEVARD",,,Plein jour,En agglomération,Hors intersection,Normale,Deux véhicules - côté,,,,,,,,,,,1,2,1,1,3
200800057576,0008-10-16 08:02:00,8,10,16,8,2,250,56,"sans, SEPTIEME ARMEE AM.",,,Plein jour,En agglomération,Hors intersection,Pluie forte,Deux véhicules - arrière,,,,,,,,,,,1,2,1,3,2
200800057577,0008-10-16 13:58:00,8,10,16,13,58,250,56,"SANS, TARRAGNOZ FAUBOURG",,,Plein jour,En agglomération,Hors intersection,Pluie légère,Sans collision,,,,,,,,,,,1,2,1,2,7
200800057578,0008-10-16 17:00:00,8,10,16,17,0,250,56,"SANS, OUEST BOULEVARD",,,Plein jour,En agglomération,Hors intersection,Pluie légère,Deux véhicules - arrière,,,,,,,,,,,1,2,1,2,2
200800057579,0008-10-17 07:49:00,8,10,17,7,49,250,56,"sans, CARNOT AVENUE",,,Plein jour,En agglomération,Hors intersection,Normale,Autre collision,,,,,,,,,,,1,2,1,1,6
200800057580,0008-10-17 13:17:00,8,10,17,13,17,250,56,"SANS, VESOUL RUE DE < 52",,,Plein jour,En agglomération,Intersection en T,Normale,Deux véhicules - côté,,,,,,,,,,,1,2,3,1,3
200800057581,0008-10-20 18:55:00,8,10,20,18,55,250,56,"2, PALENTE  CHEMIN DE",,,Nuit avec éclairage allumé,En agglomération,Hors intersection,Normale,Trois véhicules et plus - collisions multiples,,,,,,,,,,,5,2,1,1,5
200800057582,0008-10-22 17:30:00,8,10,22,17,30,250,56,"SANS, MITTERAND AVENUE F",,,Crépuscule ou aube,En agglomération,Hors intersection,Pluie forte,Trois véhicules et plus - en chaîne,,,,,,,,,,,2,2,1,3,4
200800057583,0008-10-23 07:39:00,8,10,23,7,39,250,56,"SANS, BLUM BOULEVARD LEO",,,Crépuscule ou aube,En agglomération,Hors intersection,Normale,Autre collision,,,,,,,,,,,2,2,1,1,6
200800057584,0008-10-23 11:45:00,8,10,23,11,45,250,56,"62, VESOUL RUE DE > 52",,,Plein jour,En agglomération,Hors intersection,Normale,Autre collision,,,,,,,,,,,1,2,1,1,6
200800057585,0008-10-26 11:50:00,8,10,26,11,50,250,56,"25, BELFORT RUE DE <144",,,Plein jour,En agglomération,Hors intersection,Normale,Trois véhicules et plus - en chaîne,,,,,,,,,,,1,2,1,1,4
200800057586,0008-10-27 16:21:00,8,10,27,16,21,250,56,"sans, LAGRANGE  AVENUE L",,,Plein jour,En agglomération,Hors intersection,Pluie forte,Deux véhicules - frontale,,,,,,,,,,,1,2,1,3,1
200800057587,0008-10-27 17:20:00,8,10,27,17,20,250,56,"sans, DOLE RUE DE >200",,,Crépuscule ou aube,En agglomération,Hors intersection,Pluie légère,Deux véhicules - côté,,,,,,,,,,,2,2,1,2,3
200800057588,0008-10-27 19:25:00,8,10,27,19,25,250,56,"51-57, FONTAINE ECU RUE",,,Nuit avec éclairage allumé,En agglomération,Hors intersection,Pluie légère,Deux véhicules - frontale,,,,,,,,,,,5,2,1,2,1
200800057589,0008-10-27 18:20:00,8,10,27,18,20,250,56,"sans, DOLE RUE DE >200",,,Nuit avec éclairage allumé,En agglomération,Hors intersection,Pluie forte,Trois véhicules et plus - en chaîne,,,,,,,,,,,5,2,1,3,4
200800057590,0008-10-28 08:12:00,8,10,28,8,12,250,56,"sans, SEPTIEME ARMEE AM.",,,Plein jour,En agglomération,Hors intersection,Normale,Sans collision,,,,,,,,,,,1,2,1,1,7
200800057591,0008-10-30 18:15:00,8,10,30,18,15,250,56,BLUM BOULEVARD LEON >51,,,Nuit avec éclairage allumé,En agglomération,Hors intersection,Pluie légère,Autre collision,,,,,,,,,,,5,2,1,2,6
200800057592,0008-10-07 17:40:00,8,10,7,17,40,250,388,"11, SAINT-MARTIN (PLACE)",,,Plein jour,En agglomération,Hors intersection,Normale,Autre collision,,,,,,,,,,,1,2,1,1,6
200800057593,0008-10-16 09:35:00,8,10,16,9,35,250,31,VALENTIGNEY (RUE DE),,,Plein jour,En agglomération,Hors intersection,Pluie légère,Autre collision,,,,,,,,,,,1,2,1,2,6
200800057594,0008-10-19 09:30:00,8,10,19,9,30,250,388,BRIAND (AVENUE ARISTIDE),,,Plein jour,En agglomération,Intersection en Y,Normale,Deux véhicules - frontale,,,,,,,,,,,1,2,4,1,1
200800057595,0008-10-28 19:00:00,8,10,28,19,0,250,462,BESANCON (DU 26 AU 72),,,Nuit avec éclairage allumé,En agglomération,Intersection en T,Pluie forte,Deux véhicules - côté,,,,,,,,,,,5,2,3,3,3
200800057596,0008-10-08 15:05:00,8,10,8,15,5,260,198,DIEULEFIT(ROUTE DE),,,Plein jour,En agglomération,Hors intersection,Normale,Deux véhicules - arrière,,,,,,,,,,,1,2,1,1,2
200800057597,0008-10-12 04:20:00,8,10,12,4,20,260,198,SAINT GERVAIS (ROUTE),,,Nuit sans éclairage public,Hors agglomération,Hors intersection,Normale,Autre collision,,,,,,,,,,,3,1,1,1,6
200800057598,0008-10-05 19:30:00,8,10,5,19,30,260,281,CHATILLON ST JEAN (ROUTE,,,Nuit sans éclairage public,En agglomération,Intersection en T,Normale,Deux véhicules - côté,,,,,,,,,,,3,2,3,1,3
200800057599,0008-10-09 12:15:00,8,10,9,12,15,260,281,"NEANT, ZOLA EMILE (AVENU",,,Plein jour,En agglomération,Hors intersection,Normale,Deux véhicules - arrière,,,,,,,,,,,1,2,1,1,2
200800057600,0008-10-09 15:30:00,8,10,9,15,30,260,57,"137, GRAND'RUE JEAN JAUR",,,Plein jour,En agglomération,Intersection en T,Normale,Deux véhicules - côté,,,,,,,,,,,1,2,3,1,3
200800057601,0008-10-14 07:55:00,8,10,14,7,55,260,281,"30, ROURE REMY(BOULEVARD",,,Crépuscule ou aube,En agglomération,Hors intersection,Normale,Autre collision,,,,,,,,,,,2,2,1,1,6
200800057602,0008-10-17 08:00:00,8,10,17,8,0,260,281,DUCHESNE (AVENUE),,,Plein jour,En agglomération,Hors intersection,Normale,Autre collision,,,,,,,,,,,1,2,1,1,6
200800057603,0008-10-20 17:45:00,8,10,20,17,45,260,281,"NEANT, LARAT BRUNO (RUE)",,,Plein jour,En agglomération,Intersection en X,Normale,Deux véhicules - côté,,,,,,,,,,,1,2,2,1,3
200800057604,0008-10-21 20:55:00,8,10,21,20,55,260,57,"NEANT, MOUTET MARIUS (AV",,,Nuit sans éclairage public,En agglomération,Intersection en Y,Pluie légère,Deux véhicules - côté,,,,,,,,,,,3,2,4,2,3
200800057605,0008-10-25 15:15:00,8,10,25,15,15,260,281,CENTRE (BOULEVARD DU),,,Plein jour,En agglomération,Intersection en X,Normale,Deux véhicules - côté,,,,,,,,,,,1,2,2,1,3
200800057606,0008-10-28 05:55:00,8,10,28,5,55,260,281,MAQUIS (AVENUE DU),,,Nuit avec éclairage non allumé,En agglomération,Intersection à plus de 4 branches,Pluie légère,Autre collision,,,,,,,,,,,4,2,5,2,6
200800057607,0008-10-28 14:30:00,8,10,28,14,30,260,281,"ignore, SAILLANT LOUIS (",,,Plein jour,En agglomération,Intersection en T,Pluie forte,Deux véhicules - frontale,,,,,,,,,,,1,2,3,3,1
200800057608,0008-10-30 12:50:00,8,10,30,12,50,260,57,"NEANT, LANGUEDOC ( ALLEE",,,Plein jour,En agglomération,Hors intersection,Pluie légère,Autre collision,,,,,,,,,,,1,2,1,2,6
200800057609,0008-10-04 12:20:00,8,10,4,12,20,260,58,"31, LYON AVENUE DE",,,Plein jour,En agglomération,Hors intersection,Normale,Deux véhicules - côté,,,,,,,,,,,1,2,1,1,3
200800057610,0008-10-10 18:15:00,8,10,10,18,15,260,362,"sans n, FAURE AVENUE MAU",,,Plein jour,En agglomération,Intersection en T,Normale,Deux véhicules - côté,,,,,,,,,,,1,2,3,1,3
200800057611,0008-10-11 22:50:00,8,10,11,22,50,260,362,"SANS N, FAUCONNIERES ROU",,,Nuit sans éclairage public,Hors agglomération,Intersection en X,Normale,Sans collision,,,,,,,,,,,3,1,2,1,7
200800057612,0008-10-13 14:55:00,8,10,13,14,55,260,362,"25, GAMBETTA AVENUE (303",,,Plein jour,En agglomération,Hors intersection,Normale,Autre collision,,,,,,,,,,,1,2,1,1,6
200800057613,0008-10-20 09:50:00,8,10,20,9,50,260,362,"sans, VERDUN AVENUE DE (",,,Plein jour,En agglomération,Hors intersection,Pluie légère,Deux véhicules - côté,,,,,,,,,,,1,2,1,2,3
200800057614,0008-10-27 12:16:00,8,10,27,12,16,260,362,"sans n, YSER AVENUE DE L",,,Plein jour,En agglomération,Hors intersection,Normale,Deux véhicules - arrière,,,,,,,,,,,1,2,1,1,2
200800057615,0008-10-06 08:10:00,8,10,6,8,10,270,229,"121, BRIAND (AVENUE ARIS",,,Plein jour,En agglomération,Hors intersection,Pluie légère,Autre collision,,,,,,,,,,,1,2,1,2,6
200800057616,0008-10-10 20:35:00,8,10,10,20,35,270,229,NATIONALE 13 (ROUTE),,,Nuit avec éclairage allumé,En agglomération,Intersection en T,Normale,Deux véhicules - côté,,,,,,,,,,,5,2,3,1,3
200800057617,0008-10-12 01:35:00,8,10,12,1,35,270,229,"114, BRIAND (AVENUE ARIS",,,Nuit avec éclairage allumé,En agglomération,Hors intersection,Normale,Sans collision,,,,,,,,,,,5,2,1,1,7
200800057618,0008-10-13 13:20:00,8,10,13,13,20,270,229,POLITZER (RUE GEORGES),,,Nuit sans éclairage public,Hors agglomération,Hors intersection,Normale,Sans collision,,,,,,,,,,,3,1,1,1,7
200800057619,0008-10-15 16:50:00,8,10,15,16,50,270,229,"79 BIS, SEMARD (RUE PIER",,,Plein jour,En agglomération,Hors intersection,Temps couvert,Autre collision,,,,,,,,,,,1,2,1,8,6
200800057620,0008-10-15 21:40:00,8,10,15,21,40,270,229,"13, BRIAND (AVENUE ARIST",,,Nuit avec éclairage allumé,En agglomération,Hors intersection,Normale,Deux véhicules - côté,,,,,,,,,,,5,2,1,1,3
200800057621,0008-10-19 08:50:00,8,10,19,8,50,270,229,"11, JOFFRE (AVENUE DU MA",,,Plein jour,En agglomération,Hors intersection,Normale,Deux véhicules - côté,,,,,,,,,,,1,2,1,1,3
200800057622,0008-10-19 17:45:00,8,10,19,17,45,270,229,"71, PANORAMA (RUE DU)",,,Nuit avec éclairage allumé,En agglomération,Hors intersection,Normale,Deux véhicules - arrière,,,,,,,,,,,5,2,1,1,2
200800057623,0008-10-21 13:30:00,8,10,21,13,30,270,229,"89, LEROY (BOULEVARD MOD",,,Plein jour,En agglomération,Intersection en X,Normale,Deux véhicules - frontale,,,,,,,,,,,1,2,2,1,1
200800057624,0008-10-24 12:15:00,8,10,24,12,15,270,229,"80, BRIAND (AVENUE ARIST",,,Plein jour,En agglomération,Hors intersection,Normale,Deux véhicules - côté,,,,,,,,,,,1,2,1,1,3
200800057625,0008-10-04 23:45:00,8,10,4,23,45,270,701,"0, BLANCHE (CH. DE LA VO",,,Nuit avec éclairage allumé,En agglomération,Hors intersection,Normale,Deux véhicules - côté,,,,,,,,,,,5,2,1,1,3
200800057626,0008-10-05 01:20:00,8,10,5,1,20,270,375,"0, JOFFRE (BOULEVARD DU",,,Nuit avec éclairage allumé,En agglomération,Intersection en X,Normale,Deux véhicules - côté,,,,,,,,,,,5,2,2,1,3
200800057627,0008-10-11 05:40:00,8,10,11,5,40,270,701,"0, D6154",,,Nuit sans éclairage public,Hors agglomération,Hors intersection,Brouillard / fumée,Trois véhicules et plus - en chaîne,,,,,,,,,,,3,1,1,5,4
200800057628,0008-10-23 08:20:00,8,10,23,8,20,270,701,"0, FALAISES (ROUTE DES)",,,Plein jour,En agglomération,Hors intersection,Brouillard / fumée,Deux véhicules - côté,,,,,,,,,,,1,2,1,5,3
200800057629,0008-10-23 09:30:00,8,10,23,9,30,270,701,"14, EPARGNE (VOIE DE L')",,,Plein jour,En agglomération,Hors intersection,Temps couvert,Sans collision,,,,,,,,,,,1,2,1,8,7
200800057630,0008-10-02 17:50:00,8,10,2,17,50,270,554,ROUEN (AVENUE DE),,,Plein jour,En agglomération,Hors intersection,Pluie légère,Autre collision,,,,,,,,,,,1,2,1,2,6
200800057631,0008-10-09 12:55:00,8,10,9,12,55,270,681,ARDECHE (AVENUE DE L'),,,Plein jour,En agglomération,Intersection en X,Normale,Autre collision,,,,,,,,,,,1,2,2,1,6
200800057632,0008-10-12 20:20:00,8,10,12,20,20,270,681,STEINER (RUE EMILE),,,Nuit avec éclairage allumé,En agglomération,Intersection en X,Normale,Autre collision,,,,,,,,,,,5,2,2,1,6
200800057633,0008-10-15 12:05:00,8,10,15,12,5,270,562,LECLERC (RUE DU GENERAL),,,Plein jour,En agglomération,Hors intersection,Pluie légère,Autre collision,,,,,,,,,,,1,2,1,2,6
200800057634,0008-10-21 12:15:00,8,10,21,12,15,270,554,ROUEN (AVENUE DE),,,Plein jour,En agglomération,Hors intersection,Normale,Sans collision,,,,,,,,,,,1,2,1,1,7
200800057635,0008-10-31 14:25:00,8,10,31,14,25,270,562,INDUSTRIE (RUE DE L'),,,Plein jour,En agglomération,Hors intersection,Normale,Deux véhicules - arrière,,,,,,,,,,,1,2,1,1,2
200800057636,0008-10-14 10:45:00,8,10,14,10,45,270,681,ISAMBARD (BOULEVARD),,,Plein jour,En agglomération,Hors intersection,Normale,Autre collision,,,,,,,,,,,1,2,1,1,6
200800057637,0008-10-02 17:45:00,8,10,2,17,45,280,110,"SANS, VOVES (RUE DE)",,,Plein jour,Hors agglomération,Intersection en T,Normale,Deux véhicules - côté,,,,,,,,,,,1,1,3,1,3
200800057638,0008-10-05 22:10:00,8,10,5,22,10,280,85,"SANS, SOURS (RUE DE)",,,Nuit avec éclairage allumé,En agglomération,Hors intersection,Pluie légère,Autre collision,,,,,,,,,,,5,2,1,2,6
200800057639,0008-10-06 09:10:00,8,10,6,9,10,280,229,"66, GAMBETTA (RUE LEON)",,,Plein jour,En agglomération,Intersection en T,Temps éblouissant,Trois véhicules et plus - en chaîne,,,,,,,,,,,1,2,3,7,4
200800057640,0008-10-06 07:50:00,8,10,6,7,50,280,209,PAIX (AVENUE DE LA ),,,Plein jour,En agglomération,Hors intersection,Pluie légère,Autre collision,,,,,,,,,,,1,2,1,2,6
200800057641,0008-10-07 10:00:00,8,10,7,10,0,280,110,VOVES (RUE DE),,,Plein jour,En agglomération,Intersection en T,Pluie légère,Deux véhicules - côté,,,,,,,,,,,1,2,3,2,3
200800057642,0008-10-09 12:20:00,8,10,9,12,20,280,85,CHAISES (RUE DES),,,Plein jour,En agglomération,Intersection en T,Normale,Deux véhicules - côté,,,,,,,,,,,1,2,3,1,3
200800057643,0008-10-09 13:15:00,8,10,9,13,15,280,85,RESERVOIRS (RUE - IMPASS,,,Plein jour,En agglomération,Intersection en T,Temps éblouissant,Deux véhicules - côté,,,,,,,,,,,1,2,3,7,3
200800057644,0008-10-14 13:45:00,8,10,14,13,45,280,218,REPUBLIQUE (AVENUE DE LA,,,Plein jour,En agglomération,Intersection en X,Normale,Deux véhicules - côté,,,,,,,,,,,1,2,2,1,3
200800057645,0008-10-16 07:40:00,8,10,16,7,40,280,229,"SANS, QUATORZE JUILLET (",,,Crépuscule ou aube,En agglomération,Intersection en T,Pluie forte,Autre collision,,,,,,,,,,,2,2,3,3,6
200800057646,0008-10-17 16:40:00,8,10,17,16,40,280,220,"60, MAUNOURY (RUE PAUL)",,,Plein jour,En agglomération,Hors intersection,Normale,Deux véhicules - arrière,,,,,,,,,,,1,2,1,1,2
200800057647,0008-10-22 18:45:00,8,10,22,18,45,280,85,"SANS, CHASLES (BOULEVARD",,,Nuit avec éclairage allumé,En agglomération,Place,Normale,Deux véhicules - frontale,,,,,,,,,,,5,2,7,1,1
200800057648,0008-10-21 06:20:00,8,10,21,6,20,280,85,"SANS, CHASLES (BOULEVARD",,,Nuit avec éclairage allumé,En agglomération,Hors intersection,Normale,Sans collision,,,,,,,,,,,5,2,1,1,7
200800057649,0008-10-21 07:45:00,8,10,21,7,45,280,70,"SANS, PIGEON VOYAGEUR (r",,,Crépuscule ou aube,En agglomération,Hors intersection,Normale,Autre collision,,,,,,,,,,,2,2,1,1,6
200800057650,0008-10-23 16:20:00,8,10,23,16,20,280,218,"SANS, DE TASSIGNY (RUE D",,,Plein jour,En agglomération,Hors intersection,Normale,Autre collision,,,,,,,,,,,1,2,1,1,6
200800057651,0008-10-23 07:20:00,8,10,23,7,20,280,85,"sans, CHAVAUDRET (RUE)",,,Nuit avec éclairage allumé,En agglomération,Intersection en T,Normale,Deux véhicules - côté,,,,,,,,,,,5,2,3,1,3
200800057652,0008-10-25 15:20:00,8,10,25,15,20,280,85,"SANS, INTERMARCHE (RUE D",,,Plein jour,En agglomération,Hors intersection,Normale,Autre collision,,,,,,,,,,,1,2,1,1,6
200800057653,0008-10-28 06:45:00,8,10,28,6,45,280,85,"SANS, NEIGRE (AVENUE)",,,Nuit avec éclairage allumé,En agglomération,Hors intersection,Normale,Autre collision,,,,,,,,,,,5,2,1,1,6
200800057654,0008-10-29 15:25:00,8,10,29,15,25,280,85,"SANS, LA GRAPPE (FAUBOUR",,,Plein jour,En agglomération,Hors intersection,Normale,Autre collision,,,,,,,,,,,1,2,1,1,6
200800057655,0008-10-31 11:35:00,8,10,31,11,35,280,85,"SANS, SOURS (RUE DE)",,,Plein jour,En agglomération,Hors intersection,Normale,Autre collision,,,,,,,,,,,1,2,1,1,6
200800057656,0008-10-10 12:15:00,8,10,10,12,15,280,134,LIEVRE D'OR (RUE DU),,,Plein jour,En agglomération,Hors intersection,Normale,Deux véhicules - côté,,,,,,,,,,,1,2,1,1,3
200800057657,0008-10-14 09:20:00,8,10,14,9,20,280,404,CHARTRES (AVE DE),,,Plein jour,En agglomération,Intersection en T,Normale,Deux véhicules - côté,,,,,,,,,,,1,2,3,1,3
200800057658,0008-10-21 11:15:00,8,10,21,11,15,280,404,BREZOLLES (ROUTE DE),,,Plein jour,En agglomération,Intersection en X,Normale,Deux véhicules - côté,,,,,,,,,,,1,2,2,1,3
200800057659,0008-10-01 13:25:00,8,10,1,13,25,290,19,"., VERDUN (DE 53 A 199 E",,,Plein jour,En agglomération,Hors intersection,Normale,Autre collision,,,,,,,,,,,1,2,1,1,6
200800057660,0008-10-01 13:45:00,8,10,1,13,45,290,19,"., GAMBETTA (N°3 DORTOIR",,,Plein jour,En agglomération,Intersection en T,Normale,Autre collision,,,,,,,,,,,1,2,3,1,6
200800057661,0008-10-02 09:35:00,8,10,2,9,35,290,19,"., ROND POINT DE GRECE",,,Plein jour,En agglomération,Hors intersection,Normale,Deux véhicules - arrière,,,,,,,,,,,1,2,1,1,2
200800057662,0008-10-02 19:10:00,8,10,2,19,10,290,19,PRIGENT TANGUY (RP CARRE,,,Plein jour,En agglomération,Hors intersection,Temps éblouissant,Autre collision,,,,,,,,,,,1,2,1,7,6
200800057663,0008-10-03 16:50:00,8,10,3,16,50,290,19,"., MONTAIGNE (DE 39 A 11",,,Plein jour,En agglomération,Hors intersection,Normale,Autre collision,,,,,,,,,,,1,2,1,1,6
200800057664,0008-10-06 12:15:00,8,10,6,12,15,290,19,"., ELORN",,,Plein jour,En agglomération,Intersection en T,Temps couvert,Deux véhicules - côté,,,,,,,,,,,1,2,3,8,3
200800057665,0008-10-07 07:35:00,8,10,7,7,35,290,19,"., DUVAL MARCELLIN (DE 2",,,Nuit avec éclairage allumé,En agglomération,Intersection en T,Pluie légère,Autre collision,,,,,,,,,,,5,2,3,2,6
200800057666,0008-10-07 20:30:00,8,10,7,20,30,290,19,"., GALLIENI GENERAL (DE",,,Nuit avec éclairage allumé,En agglomération,Hors intersection,Normale,Deux véhicules - arrière,,,,,,,,,,,5,2,1,1,2
200800057667,0008-10-10 09:20:00,8,10,10,9,20,290,19,"., EUROPE (DE 13 A 15)",,,Plein jour,En agglomération,Giratoire,Normale,Deux véhicules - arrière,,,,,,,,,,,1,2,6,1,2
200800057668,0008-10-14 10:25:00,8,10,14,10,25,290,19,"., TRAVERSE",,,Plein jour,En agglomération,Intersection en X,Normale,Autre collision,,,,,,,,,,,1,2,2,1,6
200800057669,0008-10-02 17:10:00,8,10,2,17,10,290,19,"., DUVAL MARCELLIN (DE 1",,,Plein jour,En agglomération,Intersection en X,Normale,Deux véhicules - arrière,,,,,,,,,,,1,2,2,1,2
200800057670,0008-10-17 07:40:00,8,10,17,7,40,290,19,"263, JAURES JEAN (DE 239",,,Nuit avec éclairage allumé,En agglomération,Hors intersection,Normale,Autre collision,,,,,,,,,,,5,2,1,1,6
200800057671,0008-10-17 09:05:00,8,10,17,9,5,290,19,"., VALMY",,,Plein jour,En agglomération,Autre intersection,Normale,Autre collision,,,,,,,,,,,1,2,9,1,6