accident_id,datetime,annee,mois,jour,heure,minute,departement,commune_insee,adresse,latitude,longitude,luminosite,agglomeration,intersection,meteo,collision,nb_vehicules,nb_usagers,nb_indemnes,nb_tues,nb_blesses_hosp,nb_blesses_legers,age_cond_1,age_cond_2,veh_type_cond_1,veh_type_cond_2,lum_code,agg_code,int_code,atm_code,col_code
200800057672,0008-10-18 08:10:00,8,10,18,8,10,290,19,"74, HUIT MAI 1945 (DE 46",,,Nuit avec éclairage allumé,En agglomération,Hors intersection,Normale,Autre collision,,,,,,,,,,,5,2,1,1,6
200800057673,0008-10-18 09:30:00,8,10,18,9,30,290,19,"., ROUSSE EMILE",,,Plein jour,En agglomération,Intersection en X,Normale,Deux véhicules - côté,,,,,,,,,,,1,2,2,1,3
200800057674,0008-10-19 20:30:00,8,10,19,20,30,290,19,"155, JAURES JEAN (DE 105",,,Nuit avec éclairage allumé,En agglomération,Hors intersection,Normale,Deux véhicules - côté,,,,,,,,,,,5,2,1,1,3
200800057675,0008-10-22 12:55:00,8,10,22,12,55,290,19,"., EUROPE (RUE GAL PAULE",,,Plein jour,En agglomération,Intersection en X,Normale,Deux véhicules - côté,,,,,,,,,,,1,2,2,1,3
200800057676,0008-10-23 18:30:00,8,10,23,18,30,290,19,"., DUPUY DE LOME (DE 1 A",,,Plein jour,En agglomération,Hors intersection,Normale,Deux véhicules - côté,,,,,,,,,,,1,2,1,1,3
200800057677,0008-10-25 05:05:00,8,10,25,5,5,290,19,"., PORTE (DE 1 A 75 ET 2",,,Nuit avec éclairage allumé,En agglomération,Intersection en X,Normale,Autre collision,,,,,,,,,,,5,2,2,1,6
200800057678,0008-10-26 01:35:00,8,10,26,1,35,290,19,"48, BERLIOZ HECTOR",,,Nuit avec éclairage allumé,En agglomération,Intersection en T,Normale,Autre collision,,,,,,,,,,,5,2,3,1,6
200800057679,0008-10-27 13:10:00,8,10,27,13,10,290,19,"., ROUSSE EMILE",,,Plein jour,En agglomération,Intersection en X,Normale,Deux véhicules - côté,,,,,,,,,,,1,2,2,1,3
200800057680,0008-10-28 22:35:00,8,10,28,22,35,290,19,"., LE GONIDEC (DE 1 A 3",,,Nuit avec éclairage allumé,En agglomération,Intersection en X,Pluie légère,Deux véhicules - côté,,,,,,,,,,,5,2,2,2,3
200800057681,0008-10-29 20:15:00,8,10,29,20,15,290,19,"., DAUMIER",,,Nuit avec éclairage allumé,En agglomération,Intersection en X,Normale,Deux véhicules - arrière,,,,,,,,,,,5,2,2,1,2
200800057682,0008-10-30 18:45:00,8,10,30,18,45,290,19,"., DUQUESNE (DE 1 A 11 E",,,Crépuscule ou aube,En agglomération,Intersection en X,Normale,Autre collision,,,,,,,,,,,2,2,2,1,6
200800057683,0008-10-10 07:32:00,8,10,10,7,32,290,39,KERAMPERU ( ROND POINT D,,,Nuit avec éclairage allumé,En agglomération,Hors intersection,Normale,Autre collision,,,,,,,,,,,5,2,1,1,6
200800057684,0008-10-15 08:05:00,8,10,15,8,5,290,39,"10, SANE ( RUE JEAN NOEL",,,Nuit avec éclairage allumé,Hors agglomération,Hors intersection,Pluie légère,Deux véhicules - côté,,,,,,,,,,,5,1,1,2,3
200800057685,0008-10-05 16:30:00,8,10,5,16,30,290,151,ACCES AU PORT (VOIE D'),,,Plein jour,En agglomération,Intersection en T,Pluie légère,Deux véhicules - côté,,,,,,,,,,,1,2,3,2,3
200800057686,0008-10-09 12:30:00,8,10,9,12,30,290,254,PLOUVORN (ROUTE DE),,,Plein jour,En agglomération,Hors intersection,Temps éblouissant,Deux véhicules - côté,,,,,,,,,,,1,2,1,7,3
200800057687,0008-10-11 16:40:00,8,10,11,16,40,290,151,POTTIER (RUE E.),,,Plein jour,En agglomération,Intersection en T,Normale,Autre collision,,,,,,,,,,,1,2,3,1,6
200800057688,0008-10-25 16:40:00,8,10,25,16,40,290,151,"100, BREST (RUE DE)",,,Plein jour,En agglomération,Intersection en X,Normale,Deux véhicules - côté,,,,,,,,,,,1,2,2,1,3
200800057689,0008-10-18 12:15:00,8,10,18,12,15,290,232,"71, BLUM  LEON RUE",,,Plein jour,En agglomération,Hors intersection,Normale,Autre collision,,,,,,,,,,,1,2,1,1,6
200800057690,0008-10-23 12:15:00,8,10,23,12,15,290,232,"., DUPLEIX BOULEVARD",,,Plein jour,En agglomération,Hors intersection,Normale,Deux véhicules - arrière,,,,,,,,,,,1,2,1,1,2
200800057691,0008-10-01 11:15:00,8,10,1,11,15,300,7,"18, STALINGRAD (AVENUE D",,,Plein jour,En agglomération,Hors intersection,Normale,Sans collision,,,,,,,,,,,1,2,1,1,7
200800057692,0008-10-02 21:52:00,8,10,2,21,52,300,7,JUIN (AVE DU MARECHAL),,,Nuit avec éclairage allumé,En agglomération,Giratoire,Autre,Deux véhicules - côté,,,,,,,,,,,5,2,6,9,3
200800057693,0008-10-06 17:16:00,8,10,6,17,16,300,7,"., LUMIERES (AVE DES FRE",,,Plein jour,En agglomération,Hors intersection,Normale,Autre collision,,,,,,,,,,,1,2,1,1,6
200800057694,0008-10-08 12:20:00,8,10,8,12,20,300,7,CYPRES (MONTEE DES),,,Plein jour,En agglomération,Hors intersection,Normale,Deux véhicules - frontale,,,,,,,,,,,1,2,1,1,1
200800057695,0008-10-08 17:15:00,8,10,8,17,15,300,7,GRABIEUX (ROUTE DU PONT,,,Plein jour,En agglomération,Intersection en X,Pluie forte,Deux véhicules - côté,,,,,,,,,,,1,2,2,3,3
200800057696,0008-10-15 18:20:00,8,10,15,18,20,300,7,JUIN (AVE DU MARECHAL),,,Plein jour,En agglomération,Giratoire,Normale,Deux véhicules - côté,,,,,,,,,,,1,2,6,1,3
200800057697,0008-10-15 15:35:00,8,10,15,15,35,300,243,"., CAMPELLO (AVENUE DE)",,,Plein jour,En agglomération,Hors intersection,Normale,Sans collision,,,,,,,,,,,1,2,1,1,7
200800057698,0008-10-16 13:30:00,8,10,16,13,30,300,7,"2, FAUBOURG D'AUVERGNE (",,,Plein jour,En agglomération,Hors intersection,Normale,Sans collision,,,,,,,,,,,1,2,1,1,7
200800057699,0008-10-16 21:56:00,8,10,16,21,56,300,7,"., DUMAS (AVE JEAN-BAPTI",,,Nuit avec éclairage allumé,En agglomération,Hors intersection,Normale,Deux véhicules - arrière,,,,,,,,,,,5,2,1,1,2
200800057700,0008-10-20 08:02:00,8,10,20,8,2,300,7,"., BLUM ( RUE LEON )",,,Crépuscule ou aube,En agglomération,Hors intersection,Pluie légère,Deux véhicules - frontale,,,,,,,,,,,2,2,1,2,1
200800057701,0008-10-30 13:00:00,8,10,30,13,0,300,7,"., LUMIERES (AVE DES FRE",,,Plein jour,En agglomération,Intersection en T,Pluie légère,Deux véhicules - côté,,,,,,,,,,,1,2,3,2,3
200800057702,0008-10-18 21:25:00,8,10,18,21,25,300,28,ROUTE D'AVIGNON,,,Nuit avec éclairage allumé,Hors agglomération,Hors intersection,Normale,Autre collision,,,,,,,,,,,5,1,1,1,6
200800057703,0008-10-04 23:10:00,8,10,4,23,10,300,32,"11, GENERAL DE GAULLE (Q",,,Nuit avec éclairage allumé,En agglomération,Hors intersection,Normale,Autre collision,,,,,,,,,,,5,2,1,1,6
200800057704,0008-10-19 18:40:00,8,10,19,18,40,300,32,ROUTE DE BELLEGARDE (C.D,,,Nuit sans éclairage public,Hors agglomération,Hors intersection,Normale,Sans collision,,,,,,,,,,,3,1,1,1,7
200800057705,0008-10-25 21:40:00,8,10,25,21,40,300,32,ROUTE DE BELLEGARDE (C.D,,,Nuit sans éclairage public,Hors agglomération,Hors intersection,Normale,Sans collision,,,,,,,,,,,3,1,1,1,7
200800057706,0008-10-01 18:00:00,8,10,1,18,0,300,189,"., SAINT GILLES (ROUTE)",43.81082,4.37143,Plein jour,En agglomération,Intersection en X,Normale,Deux véhicules - côté,,,,,,,,,,,1,2,2,1,3
200800057707,0008-10-02 08:43:00,8,10,2,8,43,300,189,"76, BIR HAKEIM (AVENUE)",43.8427,4.3828,Plein jour,En agglomération,Hors intersection,Normale,Autre collision,,,,,,,,,,,1,2,1,1,6
200800057708,0008-10-02 11:45:00,8,10,2,11,45,300,189,"6, VERDUN (RUE)",43.83132,4.35021,Plein jour,En agglomération,Hors intersection,Normale,Deux véhicules - arrière,,,,,,,,,,,1,2,1,1,2
200800057709,0008-10-03 13:20:00,8,10,3,13,20,300,189,ARTS (AVENUE),43.85752,4.40531,Plein jour,En agglomération,Intersection en T,Normale,Deux véhicules - côté,,,,,,,,,,,1,2,3,1,3
200800057710,0008-10-03 15:10:00,8,10,3,15,10,300,189,"9, FEUCHERES (AVENUE)",43.83346,4.36481,Plein jour,En agglomération,Hors intersection,Normale,Autre collision,,,,,,,,,,,1,2,1,1,6
200800057711,0008-10-03 17:00:00,8,10,3,17,0,300,189,ROND POINT DES NATIONS U,,,Plein jour,En agglomération,Giratoire,Normale,Deux véhicules - arrière,,,,,,,,,,,1,2,6,1,2
200800057712,0008-10-03 18:15:00,8,10,3,18,15,300,189,"., ROUQUAIROL (ROUTE)",43.85752,4.40539,Plein jour,En agglomération,Intersection en T,Normale,Deux véhicules - côté,,,,,,,,,,,1,2,3,1,3
200800057713,0008-10-04 00:39:00,8,10,4,0,39,300,189,MONNET JEAN (COURS),43.81644,4.32288,Nuit avec éclairage allumé,En agglomération,Hors intersection,Normale,Deux véhicules - arrière,,,,,,,,,,,5,2,1,1,2
200800057714,0008-10-04 01:30:00,8,10,4,1,30,300,189,"161, SAUVE (ROUTE)",,,Nuit avec éclairage allumé,Hors agglomération,Hors intersection,Normale,Trois véhicules et plus - collisions multiples,,,,,,,,,,,5,1,1,1,5
200800057715,0008-10-04 02:45:00,8,10,4,2,45,300,189,BRICONNET (RUE),,,Nuit avec éclairage allumé,En agglomération,Intersection en X,Normale,Deux véhicules - côté,,,,,,,,,,,5,2,2,1,3
200800057716,0008-10-04 09:02:00,8,10,4,9,2,300,189,COURBESSAC (ROUTE),43.85609,4.4006,Plein jour,En agglomération,Hors intersection,Normale,Deux véhicules - côté,,,,,,,,,,,1,2,1,1,3
200800057717,0008-10-04 11:44:00,8,10,4,11,44,300,189,"., ALLENDE SALVADOR (RUE",43.81511,4.34093,Plein jour,En agglomération,Hors intersection,Normale,Deux véhicules - arrière,,,,,,,,,,,1,2,1,1,2
200800057718,0008-10-04 16:45:00,8,10,4,16,45,300,189,ARENES (BOULEVARD),43.8151,4.34097,Plein jour,En agglomération,Hors intersection,Normale,Autre collision,,,,,,,,,,,1,2,1,1,6
200800057719,0008-10-04 17:30:00,8,10,4,17,30,300,189,"4, JAURES JEAN (BOULEVAR",,,Plein jour,En agglomération,Hors intersection,Normale,Autre collision,,,,,,,,,,,1,2,1,1,6
200800057720,0008-10-07 10:25:00,8,10,7,10,25,300,189,"., HAUTS DE NIMES (Chemi",43.86517,4.29769,Plein jour,En agglomération,Intersection en X,Normale,Deux véhicules - côté,,,,,,,,,,,1,2,2,1,3
200800057721,0008-10-08 07:30:00,8,10,8,7,30,300,189,KENNEDY (AVENUE),43.8204,4.28941,Crépuscule ou aube,En agglomération,Giratoire,Pluie forte,Deux véhicules - arrière,,,,,,,,,,,2,2,6,3,2
200800057722,0008-10-08 10:35:00,8,10,8,10,35,300,189,CANAUX (CHEMIN),43.79079,4.36785,Plein jour,Hors agglomération,Hors intersection,Pluie légère,Deux véhicules - arrière,,,,,,,,,,,1,1,1,2,2
200800057723,0008-10-08 11:25:00,8,10,8,11,25,300,189,ALES (ROUTE),43.86905,4.32232,Plein jour,Hors agglomération,Hors intersection,Pluie légère,Autre collision,,,,,,,,,,,1,1,1,2,6
200800057724,0008-10-08 17:15:00,8,10,8,17,15,300,189,"000, ROND POINT DES NATI",,,Plein jour,En agglomération,Giratoire,Pluie légère,Deux véhicules - arrière,,,,,,,,,,,1,2,6,2,2
200800057725,0008-10-10 11:20:00,8,10,10,11,20,300,189,"1, PAINLEVE PAUL (RUE)",43.83708,4.37236,Plein jour,En agglomération,Hors intersection,Normale,Autre collision,,,,,,,,,,,1,2,1,1,6
200800057726,0008-10-13 17:08:00,8,10,13,17,8,300,189,FOREZ (RUE),43.82388,4.36621,Plein jour,En agglomération,Intersection en X,Normale,Deux véhicules - côté,,,,,,,,,,,1,2,2,1,3
200800057727,0008-10-14 08:33:00,8,10,14,8,33,300,189,FRANCAIS LIBRES (BD),43.83174,4.32774,Plein jour,En agglomération,Hors intersection,Normale,Trois véhicules et plus - en chaîne,,,,,,,,,,,1,2,1,1,4
200800057728,0008-10-14 10:45:00,8,10,14,10,45,300,189,"0000, BEAUCAIRE (ROUTE)",,,Plein jour,En agglomération,Hors intersection,Normale,Sans collision,,,,,,,,,,,1,2,1,1,7
200800057729,0008-10-15 14:30:00,8,10,15,14,30,300,189,TRINTIGNANT MAURICE (AVE,,,Plein jour,En agglomération,Intersection en Y,Normale,Deux véhicules - côté,,,,,,,,,,,1,2,4,1,3
200800057730,0008-10-17 10:49:00,8,10,17,10,49,300,189,TRIAIRE SERGENT (BOULEVA,43.83441,4.36087,Plein jour,En agglomération,Intersection en X,Normale,Deux véhicules - frontale,,,,,,,,,,,1,2,2,1,1
200800057731,0008-10-18 16:25:00,8,10,18,16,25,300,189,"00000, COURBET AMIRAL (B",,,Plein jour,En agglomération,Intersection en X,Normale,Autre collision,,,,,,,,,,,1,2,2,1,6
200800057732,0008-10-17 11:54:00,8,10,17,11,54,300,189,"1836, DAYAN GEORGES (AVE",,,Plein jour,En agglomération,Hors intersection,Normale,Deux véhicules - frontale,,,,,,,,,,,1,2,1,1,1
200800057733,0008-10-18 17:10:00,8,10,18,17,10,300,189,"23, LECLERC GENERAL (AVE",43.83034,4.36993,Plein jour,En agglomération,Intersection en T,Normale,Deux véhicules - arrière,,,,,,,,,,,1,2,3,1,2
200800057734,0008-10-20 14:10:00,8,10,20,14,10,300,189,"., SAUVE (ROUTE)",43.84625,4.29569,Plein jour,Hors agglomération,Hors intersection,Pluie forte,Deux véhicules - arrière,,,,,,,,,,,1,1,1,3,2
200800057735,0008-10-21 07:20:00,8,10,21,7,20,300,189,"129, MENDES FRANCE PIERR",43.82723,4.37657,Crépuscule ou aube,En agglomération,Hors intersection,Pluie légère,Deux véhicules - côté,,,,,,,,,,,2,2,1,2,3
200800057736,0008-10-22 19:35:00,8,10,22,19,35,300,189,"164, AVIGNON (ROUTE)",,,Nuit avec éclairage allumé,En agglomération,Hors intersection,Normale,Autre collision,,,,,,,,,,,5,2,1,1,6
200800057737,0008-10-23 04:18:00,8,10,23,4,18,300,189,MITTERAND FRANCOIS (AVEN,43.80274,4.37371,Nuit sans éclairage public,Hors agglomération,Hors intersection,Pluie légère,Sans collision,,,,,,,,,,,3,1,1,2,7
200800057738,0008-10-23 11:25:00,8,10,23,11,25,300,189,REPUBLIQUE (RUE),43.8301,4.35264,Plein jour,En agglomération,Intersection en T,Normale,Sans collision,,,,,,,,,,,1,2,3,1,7
200800057739,0008-10-23 18:25:00,8,10,23,18,25,300,189,"120, RUE PAUL LAURENT",43.8199,4.36457,Plein jour,En agglomération,Intersection en X,Normale,Deux véhicules - côté,,,,,,,,,,,1,2,2,1,3
200800057740,0008-10-24 22:20:00,8,10,24,22,20,300,189,TELLIER CHARLES (RUE),43.83893,4.4216,Nuit avec éclairage allumé,En agglomération,Hors intersection,Normale,Deux véhicules - frontale,,,,,,,,,,,5,2,1,1,1
200800057741,0008-10-25 00:30:00,8,10,25,0,30,300,189,"12, LIBERTE (AVENUE)",43.82333,4.35441,Nuit avec éclairage non allumé,En agglomération,Hors intersection,Normale,Sans collision,,,,,,,,,,,4,2,1,1,7
200800057742,0008-10-25 11:00:00,8,10,25,11,0,300,189,"0000, GOELANDS (RUE OU P",,,Plein jour,En agglomération,Hors intersection,Normale,Autre collision,,,,,,,,,,,1,2,1,1,6
200800057743,0008-10-25 17:55:00,8,10,25,17,55,300,189,"2, MONTAURY (RUE)",43.83394,4.34877,Plein jour,En agglomération,Hors intersection,Normale,Autre collision,,,,,,,,,,,1,2,1,1,6
200800057744,0008-10-26 02:00:00,8,10,26,2,0,300,189,GENERAC (ROUTE),43.767,4.34735,Nuit sans éclairage public,Hors agglomération,Hors intersection,Normale,Autre collision,,,,,,,,,,,3,1,1,1,6
200800057745,0008-10-27 19:24:00,8,10,27,19,24,300,189,DAYAN GEORGES (AVENUE),,,Nuit avec éclairage allumé,En agglomération,Intersection en X,Normale,Deux véhicules - côté,,,,,,,,,,,5,2,2,1,3
200800057746,0008-10-28 07:37:00,8,10,28,7,37,300,189,"., DANTE (RUE)",43.82267,4.35952,Crépuscule ou aube,En agglomération,Intersection en X,Pluie légère,Deux véhicules - côté,,,,,,,,,,,2,2,2,2,3
200800057747,0008-10-28 13:15:00,8,10,28,13,15,300,189,"0000, MONNET JEAN (COURS",43.82953,4.35584,Plein jour,En agglomération,Giratoire,Normale,Deux véhicules - côté,,,,,,,,,,,1,2,6,1,3
200800057748,0008-10-28 20:50:00,8,10,28,20,50,300,189,TOUR DE L'EVEQUE (RUE),43.83897,4.42159,Nuit avec éclairage allumé,En agglomération,Hors intersection,Pluie légère,Autre collision,,,,,,,,,,,5,2,1,2,6
200800057749,0008-10-29 17:05:00,8,10,29,17,5,300,189,"2361, MONTPELLIER (ROUTE",43.81234,4.33196,Plein jour,En agglomération,Hors intersection,Normale,Deux véhicules - côté,,,,,,,,,,,1,2,1,1,3
200800057750,0008-10-29 19:26:00,8,10,29,19,26,300,189,"., ALES (ROUTE)",43.86694,4.32695,Nuit sans éclairage public,En agglomération,Hors intersection,Pluie légère,Trois véhicules et plus - en chaîne,,,,,,,,,,,3,2,1,2,4
200800057751,0008-10-30 02:45:00,8,10,30,2,45,300,189,"0000, GROTTE (IMPASSE)",,,Nuit avec éclairage allumé,En agglomération,Intersection en X,Normale,Autre collision,,,,,,,,,,,5,2,2,1,6
200800057752,0008-10-30 11:45:00,8,10,30,11,45,300,189,BOEGNER PASTEUR MARC (BO,,,Plein jour,En agglomération,Hors intersection,Pluie légère,Trois véhicules et plus - en chaîne,,,,,,,,,,,1,2,1,2,4
200800057753,0008-10-30 13:20:00,8,10,30,13,20,300,189,RICHELIEU (RUE),43.84046,4.36758,Plein jour,En agglomération,Intersection en X,Pluie forte,Deux véhicules - côté,,,,,,,,,,,1,2,2,3,3
200800057754,0008-10-31 11:25:00,8,10,31,11,25,300,189,ALLENDE SALVADOR (RUE),43.81604,4.34253,Plein jour,Hors agglomération,Hors intersection,Pluie légère,Trois véhicules et plus - en chaîne,,,,,,,,,,,1,1,1,2,4
200800057755,0008-10-02 08:15:00,8,10,2,8,15,300,351,GAMBETTA BOULEVARD LEON,,,Plein jour,En agglomération,Giratoire,Temps éblouissant,Sans collision,,,,,,,,,,,1,2,6,7,7
200800057756,0008-10-20 10:50:00,8,10,20,10,50,300,11,RD 6100,,,Plein jour,Hors agglomération,Hors intersection,Temps couvert,Deux véhicules - côté,,,,,,,,,,,1,1,1,8,3
200800057757,0008-10-09 14:18:00,8,10,9,14,18,310,69,route departementale 902,,,Plein jour,Hors agglomération,Hors intersection,Normale,Deux véhicules - frontale,,,,,,,,,,,1,1,1,1,1
200800057758,0008-10-15 14:05:00,8,10,15,14,5,310,69,"1, route departementale",,,Plein jour,En agglomération,Hors intersection,Normale,Autre collision,,,,,,,,,,,1,2,1,1,6
200800057759,0008-10-24 12:00:00,8,10,24,12,0,310,69,DAURAT (AV DIDIER),,,Plein jour,En agglomération,Intersection en T,Normale,Deux véhicules - côté,,,,,,,,,,,1,2,3,1,3
200800057760,0008-10-25 20:35:00,8,10,25,20,35,310,69,PARC (AV DU),,,Nuit avec éclairage allumé,En agglomération,Hors intersection,Normale,Autre collision,,,,,,,,,,,5,2,1,1,6
200800057761,0008-10-14 18:20:00,8,10,14,18,20,310,149,"999, PIBRAC (ROUTE DE)",,,Plein jour,En agglomération,Intersection en T,Normale,Deux véhicules - côté,,,,,,,,,,,1,2,3,1,3
200800057762,0008-10-16 20:44:00,8,10,16,20,44,310,149,"999, SALVETAT (CHEMIN DE",,,Plein jour,En agglomération,Giratoire,Pluie légère,Deux véhicules - arrière,,,,,,,,,,,1,2,6,2,2
200800057763,0008-10-27 18:15:00,8,10,27,18,15,310,149,"29, SALVETAT (CHEMIN DE",,,Nuit avec éclairage allumé,En agglomération,Hors intersection,Pluie légère,Autre collision,,,,,,,,,,,5,2,1,2,6
200800057764,0008-10-01 01:10:00,8,10,1,1,10,310,555,"999, VA007333 LA FAOURET",,,Nuit avec éclairage allumé,En agglomération,Intersection en T,Normale,Deux véhicules - arrière,,,,,,,,,,,5,2,3,1,2
200800057765,0008-10-01 12:30:00,8,10,1,12,30,310,555,"42, CHE SALINIE",,,Plein jour,En agglomération,Intersection en T,Normale,Deux véhicules - côté,,,,,,,,,,,1,2,3,1,3
200800057766,0008-10-01 14:30:00,8,10,1,14,30,310,555,"45, RTE DE LABEGE",,,Plein jour,En agglomération,Hors intersection,Normale,Deux véhicules - arrière,,,,,,,,,,,1,2,1,1,2
200800057767,0008-10-01 11:00:00,8,10,1,11,0,310,555,"3, RUE RENE LEDUC",,,Plein jour,En agglomération,Hors intersection,Normale,Autre collision,,,,,,,,,,,1,2,1,1,6
200800057768,0008-10-02 06:30:00,8,10,2,6,30,310,555,VA007333 LA FAOURETTE A6,,,Nuit avec éclairage allumé,Hors agglomération,Hors intersection,Normale,Deux véhicules - arrière,,,,,,,,,,,5,1,1,1,2
200800057769,0008-10-02 10:30:00,8,10,2,10,30,310,555,AV DU GENERAL EISENHOWER,,,Plein jour,En agglomération,Hors intersection,Normale,Deux véhicules - côté,,,,,,,,,,,1,2,1,1,3
200800057770,0008-10-02 23:25:00,8,10,2,23,25,310,555,VA007644 EMPALOT A620 So,,,Nuit avec éclairage allumé,En agglomération,Hors intersection,Pluie légère,Autre collision,,,,,,,,,,,5,2,1,2,6
200800057771,0008-10-03 02:50:00,8,10,3,2,50,310,555,"35, PORT SAINT SAUVEUR",,,Nuit avec éclairage allumé,En agglomération,Hors intersection,Pluie légère,Autre collision,,,,,,,,,,,5,2,1,2,6
200800057772,0008-10-04 06:35:00,8,10,4,6,35,310,555,VA007553 A61,,,Nuit avec éclairage allumé,Hors agglomération,Hors intersection,Normale,Autre collision,,,,,,,,,,,5,1,1,1,6
200800057773,0008-10-04 01:20:00,8,10,4,1,20,310,555,"999, AV D ELCHE",,,Nuit sans éclairage public,En agglomération,Hors intersection,Normale,Sans collision,,,,,,,,,,,3,2,1,1,7
200800057774,0008-10-04 16:00:00,8,10,4,16,0,310,555,"39, BD DE STRASBOURG",,,Plein jour,En agglomération,Hors intersection,Normale,Deux véhicules - côté,,,,,,,,,,,1,2,1,1,3
200800057775,0008-10-05 01:30:00,8,10,5,1,30,310,555,"999, RUE GABRIEL PERI",,,Nuit avec éclairage allumé,En agglomération,Hors intersection,Normale,Deux véhicules - côté,,,,,,,,,,,5,2,1,1,3
200800057776,0008-10-05 12:25:00,8,10,5,12,25,310,555,AV SALVADOR ALLENDE,,,Plein jour,En agglomération,Hors intersection,Normale,Deux véhicules - arrière,,,,,,,,,,,1,2,1,1,2
200800057777,0008-10-03 17:10:00,8,10,3,17,10,310,555,RUE DU CAILLOU GRIS,,,Plein jour,En agglomération,Hors intersection,Normale,Autre collision,,,,,,,,,,,1,2,1,1,6
200800057778,0008-10-05 21:40:00,8,10,5,21,40,310,555,"37, BD LAZARE CARNOT",,,Nuit avec éclairage allumé,En agglomération,Hors intersection,Normale,Deux véhicules - arrière,,,,,,,,,,,5,2,1,1,2
200800057779,0008-10-03 10:52:00,8,10,3,10,52,310,555,CHE DE LA SALADE PONSAN,,,Plein jour,En agglomération,Hors intersection,Normale,Autre collision,,,,,,,,,,,1,2,1,1,6
200800057780,0008-10-06 14:19:00,8,10,6,14,19,310,555,"39, RUE DE CHAUSSAS",,,Plein jour,En agglomération,Hors intersection,Normale,Autre collision,,,,,,,,,,,1,2,1,1,6
200800057781,0008-10-06 16:30:00,8,10,6,16,30,310,555,"9 bis, AV DE LYON",,,Plein jour,En agglomération,Hors intersection,Normale,Autre collision,,,,,,,,,,,1,2,1,1,6
200800057782,0008-10-06 20:10:00,8,10,6,20,10,310,555,"203, RTE DE REVEL",,,Nuit avec éclairage allumé,En agglomération,Hors intersection,Normale,Trois véhicules et plus - collisions multiples,,,,,,,,,,,5,2,1,1,5
200800057783,0008-10-07 21:30:00,8,10,7,21,30,310,555,"36, AV M BOURGES MAUNOUR",,,Nuit avec éclairage allumé,En agglomération,Hors intersection,Normale,Deux véhicules - côté,,,,,,,,,,,5,2,1,1,3
200800057784,0008-10-08 12:25:00,8,10,8,12,25,310,555,"136, AV DE LOMBEZ",,,Plein jour,En agglomération,Hors intersection,Normale,Deux véhicules - arrière,,,,,,,,,,,1,2,1,1,2
200800057785,0008-10-08 13:40:00,8,10,8,13,40,310,555,"999, RUE JEAN PERRIN",,,Plein jour,En agglomération,Intersection en X,Normale,Trois véhicules et plus - collisions multiples,,,,,,,,,,,1,2,2,1,5
200800057786,0008-10-08 21:30:00,8,10,8,21,30,310,555,"4, AV DE MURET",,,Nuit avec éclairage allumé,En agglomération,Hors intersection,Normale,Autre collision,,,,,,,,,,,5,2,1,1,6
200800057787,0008-10-09 13:25:00,8,10,9,13,25,310,555,"72, CHE DE FENOUILLET",,,Plein jour,En agglomération,Intersection en T,Normale,Deux véhicules - côté,,,,,,,,,,,1,2,3,1,3
200800057788,0008-10-09 15:00:00,8,10,9,15,0,310,555,BD GABRIEL KOENIGS,,,Plein jour,En agglomération,Hors intersection,Normale,Deux véhicules - arrière,,,,,,,,,,,1,2,1,1,2
200800057789,0008-10-09 19:50:00,8,10,9,19,50,310,555,"68, RUE ERNEST RENAN",,,Nuit avec éclairage allumé,En agglomération,Hors intersection,Normale,Autre collision,,,,,,,,,,,5,2,1,1,6
200800057790,0008-10-10 00:25:00,8,10,10,0,25,310,555,"999, AV DE LYON",,,Nuit avec éclairage allumé,En agglomération,Intersection en X,Normale,Deux véhicules - côté,,,,,,,,,,,5,2,2,1,3
200800057791,0008-10-10 04:50:00,8,10,10,4,50,310,555,"999, AV JEAN CHAUBET",,,Nuit avec éclairage non allumé,En agglomération,Hors intersection,Normale,Sans collision,,,,,,,,,,,4,2,1,1,7
200800057792,0008-10-10 05:30:00,8,10,10,5,30,310,555,"14, BD DELACOURTIE",,,Nuit sans éclairage public,En agglomération,Hors intersection,Normale,Autre collision,,,,,,,,,,,3,2,1,1,6
200800057793,0008-10-10 14:30:00,8,10,10,14,30,310,555,"999, RTE DE SAINT SIMON",,,Plein jour,En agglomération,Intersection en T,Normale,Deux véhicules - côté,,,,,,,,,,,1,2,3,1,3
200800057794,0008-10-10 23:30:00,8,10,10,23,30,310,555,"83, AV JULES JULIEN",,,Nuit avec éclairage allumé,En agglomération,Hors intersection,Normale,Deux véhicules - côté,,,,,,,,,,,5,2,1,1,3
200800057795,0008-10-11 02:50:00,8,10,11,2,50,310,555,"999, BD LAZARE CARNOT",,,Nuit avec éclairage allumé,En agglomération,Hors intersection,Normale,Deux véhicules - côté,,,,,,,,,,,5,2,1,1,3
200800057796,0008-10-11 21:10:00,8,10,11,21,10,310,555,"71, RTE D ALBI",,,Nuit avec éclairage allumé,En agglomération,Hors intersection,Normale,Deux véhicules - arrière,,,,,,,,,,,5,2,1,1,2
200800057797,0008-10-13 15:10:00,8,10,13,15,10,310,555,"79, RTE D ESPAGNE",,,Plein jour,En agglomération,Hors intersection,Normale,Autre collision,,,,,,,,,,,1,2,1,1,6
200800057798,0008-10-13 16:20:00,8,10,13,16,20,310,555,"156, AV JEAN CHAUBET",,,Plein jour,En agglomération,Hors intersection,Normale,Deux véhicules - côté,,,,,,,,,,,1,2,1,1,3
200800057799,0008-10-13 11:40:00,8,10,13,11,40,310,555,"999, BD DES RECOLLETS",,,Plein jour,En agglomération,Intersection en T,Normale,Deux véhicules - côté,,,,,,,,,,,1,2,3,1,3