accident_id,datetime,annee,mois,jour,heure,minute,departement,commune_insee,adresse,latitude,longitude,luminosite,agglomeration,intersection,meteo,collision,nb_vehicules,nb_usagers,nb_indemnes,nb_tues,nb_blesses_hosp,nb_blesses_legers,age_cond_1,age_cond_2,veh_type_cond_1,veh_type_cond_2,lum_code,agg_code,int_code,atm_code,col_code
200800058318,0008-10-10 19:50:00,8,10,10,19,50,440,109,"117, BOULEVARD JULES VER",,,Nuit avec éclairage allumé,En agglomération,Hors intersection,Normale,Deux véhicules - arrière,,,,,,,,,,,5,2,1,1,2
200800058319,0008-10-04 21:00:00,8,10,4,21,0,440,109,RUE ESNOUL DES CHATELETS,,,Nuit avec éclairage allumé,En agglomération,Hors intersection,Normale,Deux véhicules - frontale,,,,,,,,,,,5,2,1,1,1
200800058320,0008-10-10 10:20:00,8,10,10,10,20,440,162,"9, RUE DU PONT DE LA CHE",,,Plein jour,En agglomération,Hors intersection,Normale,Autre collision,,,,,,,,,,,1,2,1,1,6
200800058321,0008-10-13 08:15:00,8,10,13,8,15,440,109,"1, PLACE ALEXIS RICORDEA",,,Crépuscule ou aube,En agglomération,Giratoire,Normale,Deux véhicules - côté,,,,,,,,,,,2,2,6,1,3
200800058322,0008-10-17 00:32:00,8,10,17,0,32,440,109,"21, RUE GAMBETTA",,,Nuit avec éclairage allumé,En agglomération,Intersection en X,Normale,Deux véhicules - côté,,,,,,,,,,,5,2,2,1,3
200800058323,0008-10-17 08:25:00,8,10,17,8,25,440,109,"15, BD MARTYRS N. DE LA",,,Plein jour,En agglomération,Hors intersection,Normale,Sans collision,,,,,,,,,,,1,2,1,1,7
200800058324,0008-10-17 19:40:00,8,10,17,19,40,440,109,BOULEVARD DES AMERICAINS,,,Nuit avec éclairage allumé,En agglomération,Hors intersection,Normale,Deux véhicules - côté,,,,,,,,,,,5,2,1,1,3
200800058325,0008-10-19 18:25:00,8,10,19,18,25,440,143,"59, ROBINIERE (RUE DE LA",,,Plein jour,En agglomération,Hors intersection,Normale,Deux véhicules - frontale,,,,,,,,,,,1,2,1,1,1
200800058326,0008-10-17 17:25:00,8,10,17,17,25,440,114,"-, giratoire de la porte",,,Plein jour,En agglomération,Hors intersection,Normale,Deux véhicules - côté,,,,,,,,,,,1,2,1,1,3
200800058327,0008-10-18 14:00:00,8,10,18,14,0,440,109,"13, ROUTE DE CARQUEFOU",,,Plein jour,En agglomération,Hors intersection,Normale,Autre collision,,,,,,,,,,,1,2,1,1,6
200800058328,0008-10-18 19:10:00,8,10,18,19,10,440,162,"15, RUE DE L'HOTEL DE VI",,,Crépuscule ou aube,En agglomération,Hors intersection,Normale,Deux véhicules - côté,,,,,,,,,,,2,2,1,1,3
200800058329,0008-10-17 07:30:00,8,10,17,7,30,440,109,CHATELETS(RUE ESNOULT),,,Crépuscule ou aube,En agglomération,Hors intersection,Normale,Autre collision,,,,,,,,,,,2,2,1,1,6
200800058330,0008-10-17 20:50:00,8,10,17,20,50,440,109,QUAI DE LA FOSSE,,,Nuit avec éclairage allumé,En agglomération,Intersection en T,Normale,Autre collision,,,,,,,,,,,5,2,3,1,6
200800058331,0008-10-22 07:30:00,8,10,22,7,30,440,162,"16, BOULEVARD DU TERTRE",,,Nuit avec éclairage allumé,En agglomération,Hors intersection,Normale,Deux véhicules - côté,,,,,,,,,,,5,2,1,1,3
200800058332,0008-10-21 18:05:00,8,10,21,18,5,440,109,"1, QUAI PRESIDENT WILSON",,,Plein jour,En agglomération,Intersection en T,Normale,Deux véhicules - côté,,,,,,,,,,,1,2,3,1,3
200800058333,0008-10-22 16:45:00,8,10,22,16,45,440,109,"1, BOULEVARD LEON BUREAU",,,Plein jour,En agglomération,Intersection en T,Normale,Deux véhicules - côté,,,,,,,,,,,1,2,3,1,3
200800058334,0008-10-22 07:45:00,8,10,22,7,45,440,109,"67, ROUTE DE VANNES",,,Nuit avec éclairage allumé,En agglomération,Hors intersection,Normale,Deux véhicules - côté,,,,,,,,,,,5,2,1,1,3
200800058335,0008-10-16 07:55:00,8,10,16,7,55,440,109,RUE LIEUTENANT JEAN DE S,,,Crépuscule ou aube,En agglomération,Intersection en X,Temps couvert,Deux véhicules - côté,,,,,,,,,,,2,2,2,8,3
200800058336,0008-10-23 15:00:00,8,10,23,15,0,440,109,"9, RUE GAETAN RONDEAU",,,Plein jour,En agglomération,Hors intersection,Normale,Autre collision,,,,,,,,,,,1,2,1,1,6
200800058337,0008-10-21 18:55:00,8,10,21,18,55,440,109,ROUTE DE CLISSON,,,Crépuscule ou aube,En agglomération,Intersection en T,Normale,Autre collision,,,,,,,,,,,2,2,3,1,6
200800058338,0008-10-23 13:00:00,8,10,23,13,0,440,109,RUE PAUL BELLAMY,,,Plein jour,En agglomération,Hors intersection,Normale,Autre collision,,,,,,,,,,,1,2,1,1,6
200800058339,0008-10-22 12:55:00,8,10,22,12,55,440,109,"., AVENUE DU BOUT DES LA",,,Plein jour,En agglomération,Intersection en T,Normale,Deux véhicules - côté,,,,,,,,,,,1,2,3,1,3
200800058340,0008-10-25 17:44:00,8,10,25,17,44,440,109,PLACE DU 8 MAI 1945,,,Plein jour,En agglomération,Giratoire,Normale,Deux véhicules - côté,,,,,,,,,,,1,2,6,1,3
200800058341,0008-10-25 03:10:00,8,10,25,3,10,440,109,"0, PLACE DU GARIGLIANO",,,Nuit avec éclairage allumé,En agglomération,Hors intersection,Normale,Autre collision,,,,,,,,,,,5,2,1,1,6
200800058342,0008-10-26 19:50:00,8,10,26,19,50,440,109,"., RUE DE COULMIERS",,,Nuit avec éclairage allumé,En agglomération,Intersection en T,Pluie légère,Deux véhicules - côté,,,,,,,,,,,5,2,3,2,3
200800058343,0008-10-27 15:30:00,8,10,27,15,30,440,109,"1, ROUTE DE SAINTE LUCE",,,Plein jour,En agglomération,Intersection en T,Normale,Deux véhicules - côté,,,,,,,,,,,1,2,3,1,3
200800058344,0008-10-26 17:40:00,8,10,26,17,40,440,109,ROUTE DE CLISSON,,,Crépuscule ou aube,En agglomération,Hors intersection,Pluie légère,Autre collision,,,,,,,,,,,2,2,1,2,6
200800058345,0008-10-28 09:55:00,8,10,28,9,55,440,143,"16, VENDEE (AV. DE LA)",,,Plein jour,En agglomération,Hors intersection,Normale,Autre collision,,,,,,,,,,,1,2,1,1,6
200800058346,0008-10-28 22:00:00,8,10,28,22,0,440,109,PLACE MARECHAL FOCH,,,Nuit avec éclairage allumé,En agglomération,Place,Normale,Deux véhicules - côté,,,,,,,,,,,5,2,7,1,3
200800058347,0008-10-28 16:05:00,8,10,28,16,5,440,109,"00, BOULEVARD MARTIN LUT",,,Plein jour,En agglomération,Hors intersection,Normale,Deux véhicules - arrière,,,,,,,,,,,1,2,1,1,2
200800058348,0008-10-26 19:20:00,8,10,26,19,20,440,114,"1, RD 26",,,Nuit sans éclairage public,Hors agglomération,Hors intersection,Pluie légère,Sans collision,,,,,,,,,,,3,1,1,2,7
200800058349,0008-10-31 12:30:00,8,10,31,12,30,440,109,"1, BOULEVARD JEAN PHILIP",,,Plein jour,En agglomération,Hors intersection,Pluie légère,Autre collision,,,,,,,,,,,1,2,1,2,6
200800058350,0008-10-11 09:00:00,8,10,11,9,0,440,143,CHATEAU D'EAU (RUE DU),,,Plein jour,En agglomération,Hors intersection,Normale,Autre collision,,,,,,,,,,,1,2,1,1,6
200800058351,0008-10-01 18:55:00,8,10,1,18,55,440,184,"201, TRIGNAC (RUE DE)",,,Plein jour,En agglomération,Hors intersection,Normale,Sans collision,,,,,,,,,,,1,2,1,1,7
200800058352,0008-10-01 17:28:00,8,10,1,17,28,440,184,RD 492 DU RP OCÉANIS AU,,,Plein jour,En agglomération,Hors intersection,Pluie légère,Trois véhicules et plus - collisions multiples,,,,,,,,,,,1,2,1,2,5
200800058353,0008-10-04 20:00:00,8,10,4,20,0,440,184,LESSEPS (AVENUE DE) DU 0,,,Nuit avec éclairage allumé,En agglomération,Intersection à plus de 4 branches,Normale,Deux véhicules - côté,,,,,,,,,,,5,2,5,1,3
200800058354,0008-10-13 07:05:00,8,10,13,7,5,440,184,TRIGNAC (RUE DE),,,Nuit avec éclairage allumé,En agglomération,Intersection en X,Normale,Deux véhicules - arrière,,,,,,,,,,,5,2,2,1,2
200800058355,0008-10-13 09:10:00,8,10,13,9,10,440,184,RD 492 DU RP OCÉANIS AU,,,Plein jour,En agglomération,Hors intersection,Normale,Deux véhicules - arrière,,,,,,,,,,,1,2,1,1,2
200800058356,0008-10-15 10:15:00,8,10,15,10,15,440,184,"2, TROENES (RUE DES)",,,Plein jour,En agglomération,Hors intersection,Pluie légère,Deux véhicules - arrière,,,,,,,,,,,1,2,1,2,2
200800058357,0008-10-16 12:10:00,8,10,16,12,10,440,184,"41, OFFENBACH (RUE JACQU",,,Plein jour,En agglomération,Hors intersection,Normale,Deux véhicules - arrière,,,,,,,,,,,1,2,1,1,2
200800058358,0008-10-17 12:42:00,8,10,17,12,42,440,184,BOURGEOIS (RUE LÉON) DU4,,,Plein jour,En agglomération,Intersection en X,Normale,Deux véhicules - côté,,,,,,,,,,,1,2,2,1,3
200800058359,0008-10-18 16:00:00,8,10,18,16,0,440,184,"30, LIBERTÉ (BOULEVARD D",,,Plein jour,En agglomération,Hors intersection,Normale,Autre collision,,,,,,,,,,,1,2,1,1,6
200800058360,0008-10-18 16:05:00,8,10,18,16,5,440,184,"100, BROODCOORENS (RUE)",,,Plein jour,En agglomération,Hors intersection,Normale,Autre collision,,,,,,,,,,,1,2,1,1,6
200800058361,0008-10-21 08:15:00,8,10,21,8,15,440,184,"2, APPRENTIS (BOULEVARD",,,Crépuscule ou aube,En agglomération,Hors intersection,Pluie légère,Sans collision,,,,,,,,,,,2,2,1,2,7
200800058362,0008-10-21 08:25:00,8,10,21,8,25,440,184,"1, LIBÉRATION (BOULEVARD",,,Crépuscule ou aube,En agglomération,Hors intersection,Pluie légère,Deux véhicules - arrière,,,,,,,,,,,2,2,1,2,2
200800058363,0008-10-27 14:50:00,8,10,27,14,50,440,184,"24, BUISSON (RUE FERDINA",,,Plein jour,En agglomération,Hors intersection,Normale,Deux véhicules - côté,,,,,,,,,,,1,2,1,1,3
200800058364,0008-10-21 18:30:00,8,10,21,18,30,450,68,"0, PONTONNERIE (RUE DE L",,,Plein jour,En agglomération,Giratoire,Pluie légère,Autre collision,,,,,,,,,,,1,2,6,2,6
200800058365,0008-10-28 18:35:00,8,10,28,18,35,450,68,"12, LA FONTAINE (RUE)",,,Nuit sans éclairage public,En agglomération,Hors intersection,Autre,Deux véhicules - arrière,,,,,,,,,,,3,2,1,9,2
200800058366,0008-10-01 22:14:00,8,10,1,22,14,450,234,BOLIERE (RUE DE LA),,,Nuit avec éclairage allumé,En agglomération,Giratoire,Pluie légère,Deux véhicules - côté,,,,,,,,,,,5,2,6,2,3
200800058367,0008-10-03 07:15:00,8,10,3,7,15,450,286,DOUFFIAGUES (AVENUE JACQ,,,Crépuscule ou aube,En agglomération,Intersection en X,Temps couvert,Deux véhicules - côté,,,,,,,,,,,2,2,2,8,3
200800058368,0008-10-03 16:15:00,8,10,3,16,15,450,234,BASSE D'INGRE (RUE ),,,Plein jour,En agglomération,Intersection en X,Pluie légère,Deux véhicules - côté,,,,,,,,,,,1,2,2,2,3
200800058369,0008-10-03 19:15:00,8,10,3,19,15,450,234,"139, FAUBOURG BANNIER (R",,,Crépuscule ou aube,En agglomération,Hors intersection,Normale,Deux véhicules - côté,,,,,,,,,,,2,2,1,1,3
200800058370,0008-10-04 14:35:00,8,10,4,14,35,450,302,ROUTE NATIONALE 20,,,Plein jour,En agglomération,Intersection en T,Normale,Deux véhicules - côté,,,,,,,,,,,1,2,3,1,3
200800058371,0008-10-05 04:41:00,8,10,5,4,41,450,302,"2508, ROUTE NATIONALE 20",,,Nuit avec éclairage allumé,Hors agglomération,Hors intersection,Normale,Deux véhicules - frontale,,,,,,,,,,,5,1,1,1,1
200800058372,0008-10-09 21:05:00,8,10,9,21,5,450,234,MARTIN (BOULEVARD ALEXAN,,,Nuit avec éclairage allumé,En agglomération,Intersection en X,Normale,Deux véhicules - côté,,,,,,,,,,,5,2,2,1,3
200800058373,0008-10-09 04:00:00,8,10,9,4,0,450,234,ROYALE (RUE),,,Nuit avec éclairage allumé,En agglomération,Hors intersection,Normale,Deux véhicules - arrière,,,,,,,,,,,5,2,1,1,2
200800058374,0008-10-10 13:00:00,8,10,10,13,0,450,234,BOLIERE (RUE DE LA),,,Plein jour,En agglomération,Hors intersection,Normale,Autre collision,,,,,,,,,,,1,2,1,1,6
200800058375,0008-10-10 18:20:00,8,10,10,18,20,450,234,"70, MARNE (AVENUE DE LA)",,,Plein jour,En agglomération,Hors intersection,Normale,Autre collision,,,,,,,,,,,1,2,1,1,6
200800058376,0008-10-10 18:27:00,8,10,10,18,27,450,302,"211, BOURG (RUE DU)",,,Plein jour,En agglomération,Hors intersection,Normale,Autre collision,,,,,,,,,,,1,2,1,1,6
200800058377,0008-10-10 23:05:00,8,10,10,23,5,450,284,PAIX (AVENUE DE LA),,,Nuit avec éclairage allumé,En agglomération,Hors intersection,Normale,Autre collision,,,,,,,,,,,5,2,1,1,6
200800058378,0008-10-11 00:01:00,8,10,11,0,1,450,234,"206, ILLIERS (RUE D'ILLI",,,Nuit avec éclairage allumé,En agglomération,Intersection en X,Normale,Deux véhicules - côté,,,,,,,,,,,5,2,2,1,3
200800058379,0008-10-11 15:05:00,8,10,11,15,5,450,285,"80, BEAUHAIRE (RUE CHARL",,,Plein jour,En agglomération,Hors intersection,Normale,Deux véhicules - arrière,,,,,,,,,,,1,2,1,1,2
200800058380,0008-10-12 02:20:00,8,10,12,2,20,450,75,CHISTERA (RUE DE LA),,,Nuit avec éclairage allumé,En agglomération,Giratoire,Normale,Autre collision,,,,,,,,,,,5,2,6,1,6
200800058381,0008-10-15 14:15:00,8,10,15,14,15,450,234,"2 bis, ZAY (AVENUE JEAN",,,Plein jour,En agglomération,Hors intersection,Normale,Deux véhicules - côté,,,,,,,,,,,1,2,1,1,3
200800058382,0008-10-15 17:45:00,8,10,15,17,45,450,169,"15, COUTES (RUE DE COUTE",,,Plein jour,En agglomération,Hors intersection,Normale,Deux véhicules - côté,,,,,,,,,,,1,2,1,1,3
200800058383,0008-10-16 17:00:00,8,10,16,17,0,450,234,RECHERCHE SCIENTIFIQUE (,,,Plein jour,En agglomération,Intersection en T,Normale,Deux véhicules - côté,,,,,,,,,,,1,2,3,1,3
200800058384,0008-10-17 17:42:00,8,10,17,17,42,450,147,FOSSES (RUE DES FOSSES),,,Plein jour,En agglomération,Intersection en X,Normale,Deux véhicules - côté,,,,,,,,,,,1,2,2,1,3
200800058385,0008-10-22 15:40:00,8,10,22,15,40,450,274,LIMOUSIN  (RUE DU),,,Plein jour,En agglomération,Intersection en X,Normale,Deux véhicules - côté,,,,,,,,,,,1,2,2,1,3
200800058386,0008-10-22 17:20:00,8,10,22,17,20,450,234,CROIX BAUDU (RUE ),,,Plein jour,En agglomération,Intersection en X,Pluie légère,Autre collision,,,,,,,,,,,1,2,2,2,6
200800058387,0008-10-23 14:20:00,8,10,23,14,20,450,234,SAINT FIACRE (RUE SAINT,,,Plein jour,En agglomération,Hors intersection,Normale,Autre collision,,,,,,,,,,,1,2,1,1,6
200800058388,0008-10-23 12:47:00,8,10,23,12,47,450,234,"131, FAUBOURG BANNIER (R",,,Plein jour,En agglomération,Hors intersection,Normale,Autre collision,,,,,,,,,,,1,2,1,1,6
200800058389,0008-10-28 15:50:00,8,10,28,15,50,450,234,"80, DAUPHINE (AVENUE)",,,Plein jour,En agglomération,Hors intersection,Normale,Autre collision,,,,,,,,,,,1,2,1,1,6
200800058390,0008-10-29 13:20:00,8,10,29,13,20,450,302,"01, PIMELIN (RUE DE)",,,Plein jour,En agglomération,Intersection en X,Normale,Deux véhicules - côté,,,,,,,,,,,1,2,2,1,3
200800058391,0008-10-29 20:45:00,8,10,29,20,45,450,286,"73, SANDILLON (ROUTE DE)",,,Nuit avec éclairage allumé,En agglomération,Hors intersection,Normale,Deux véhicules - frontale,,,,,,,,,,,5,2,1,1,1
200800058392,0008-10-29 13:20:00,8,10,29,13,20,450,234,HOPITAL (AVENUE DE L'HOP,,,Plein jour,En agglomération,Intersection en X,Normale,Deux véhicules - frontale,,,,,,,,,,,1,2,2,1,1
200800058393,0008-10-31 07:42:00,8,10,31,7,42,450,234,"66, MARTIN (BOULEVARD AL",,,Crépuscule ou aube,En agglomération,Hors intersection,Pluie forte,Deux véhicules - côté,,,,,,,,,,,2,2,1,3,3
200800058394,0008-10-05 20:25:00,8,10,5,20,25,460,42,MONT SAINT CYR (ROUTE DU,,,Nuit sans éclairage public,Hors agglomération,Hors intersection,Normale,Autre collision,,,,,,,,,,,3,1,1,1,6
200800058395,0008-10-13 17:20:00,8,10,13,17,20,460,42,"108, AUGUSTINS (RUE DES)",,,Plein jour,En agglomération,Intersection en X,Normale,Deux véhicules - côté,,,,,,,,,,,1,2,2,1,3
200800058396,0008-10-15 17:37:00,8,10,15,17,37,470,1,BARBUSSE (AV. HENRI),,,Plein jour,En agglomération,Hors intersection,Normale,Deux véhicules - arrière,,,,,,,,,,,1,2,1,1,2
200800058397,0008-10-18 00:25:00,8,10,18,0,25,470,1,"36, BARBUSSE (AV. HENRI)",,,Nuit avec éclairage allumé,En agglomération,Intersection en Y,Normale,Deux véhicules - côté,,,,,,,,,,,5,2,4,1,3
200800058398,0008-10-20 13:37:00,8,10,20,13,37,480,95,"77, ONZE NOVEMBRE (AVENU",44.52639,3.47632,Plein jour,En agglomération,Hors intersection,Normale,Deux véhicules - côté,,,,,,,,,,,1,2,1,1,3
200800058399,0008-10-24 20:17:00,8,10,24,20,17,480,95,"75, HUIT MAI 1945 (AVENU",44.52528,3.48613,Nuit avec éclairage allumé,En agglomération,Hors intersection,Normale,Deux véhicules - frontale,,,,,,,,,,,5,2,1,1,1
200800058400,0008-10-01 13:56:00,8,10,1,13,56,490,246,"0, EUROPE AVENUE",,,Plein jour,En agglomération,Intersection en X,Normale,Deux véhicules - côté,,,,,,,,,,,1,2,2,1,3
200800058401,0008-10-01 17:28:00,8,10,1,17,28,490,7,"0, DE LATTRE DE TASSIGNY",,,Plein jour,En agglomération,Hors intersection,Normale,Sans collision,,,,,,,,,,,1,2,1,1,7
200800058402,0008-10-01 21:47:00,8,10,1,21,47,490,7,"0, SAINT MICHEL BOULEVAR",,,Crépuscule ou aube,En agglomération,Hors intersection,Normale,Deux véhicules - côté,,,,,,,,,,,2,2,1,1,3
200800058403,0008-10-04 19:01:00,8,10,4,19,1,490,7,"0, FAURE QUAI",,,Plein jour,En agglomération,Intersection en X,Normale,Deux véhicules - côté,,,,,,,,,,,1,2,2,1,3
200800058404,0008-10-05 02:00:00,8,10,5,2,0,490,246,"0, HALOPE FRERES RUE ET",,,Nuit avec éclairage allumé,En agglomération,Hors intersection,Normale,Sans collision,,,,,,,,,,,5,2,1,1,7
200800058405,0008-10-03 14:13:00,8,10,3,14,13,490,7,"0, BICHON PLACE",,,Plein jour,En agglomération,Place,Pluie légère,Sans collision,,,,,,,,,,,1,2,7,2,7
200800058406,0008-10-05 20:04:00,8,10,5,20,4,490,7,"0, PATTON AVENUE",,,Nuit avec éclairage allumé,En agglomération,Intersection en X,Normale,Deux véhicules - côté,,,,,,,,,,,5,2,2,1,3
200800058407,0008-10-03 16:55:00,8,10,3,16,55,490,246,"43, EUROPE AVENUE",,,Plein jour,En agglomération,Hors intersection,Normale,Deux véhicules - côté,,,,,,,,,,,1,2,1,1,3
200800058408,0008-10-06 19:48:00,8,10,6,19,48,490,7,"11, DU PETIT CHAUMINEAU",,,Plein jour,En agglomération,Hors intersection,Normale,Sans collision,,,,,,,,,,,1,2,1,1,7
200800058409,0008-10-03 21:50:00,8,10,3,21,50,490,7,"0, BERGES VOIE",,,Nuit avec éclairage allumé,En agglomération,Hors intersection,Normale,Deux véhicules - côté,,,,,,,,,,,5,2,1,1,3
200800058410,0008-10-07 12:10:00,8,10,7,12,10,490,7,JUSTICIERE,,,Plein jour,En agglomération,Hors intersection,Pluie légère,Autre collision,,,,,,,,,,,1,2,1,2,6
200800058411,0008-10-07 14:50:00,8,10,7,14,50,490,246,A87N,,,Plein jour,Hors agglomération,Hors intersection,Pluie légère,Sans collision,,,,,,,,,,,1,1,1,2,7
200800058412,0008-10-07 15:45:00,8,10,7,15,45,490,7,"88, PARMENTIER",,,Plein jour,En agglomération,Hors intersection,Pluie légère,Deux véhicules - arrière,,,,,,,,,,,1,2,1,2,2
200800058413,0008-10-07 18:10:00,8,10,7,18,10,490,7,"42, CROIX BLANCHE RUE ET",,,Plein jour,En agglomération,Hors intersection,Pluie légère,Autre collision,,,,,,,,,,,1,2,1,2,6
200800058414,0008-10-08 13:31:00,8,10,8,13,31,490,7,"0, MEIGNANNE",,,Plein jour,En agglomération,Hors intersection,Normale,Deux véhicules - arrière,,,,,,,,,,,1,2,1,1,2
200800058415,0008-10-08 18:43:00,8,10,8,18,43,490,7,ATLANTIQUE  AVENUE DE L',,,Plein jour,En agglomération,Hors intersection,Normale,Autre collision,,,,,,,,,,,1,2,1,1,6
200800058416,0008-10-08 20:30:00,8,10,8,20,30,490,7,"0, CHATENAY AVENUE VICTO",,,Nuit avec éclairage allumé,En agglomération,Hors intersection,Normale,Deux véhicules - côté,,,,,,,,,,,5,2,1,1,3
200800058417,0008-10-08 11:13:00,8,10,8,11,13,490,353,"0, JEAN JAURES RUE",,,Plein jour,En agglomération,Hors intersection,Normale,Deux véhicules - côté,,,,,,,,,,,1,2,1,1,3
200800058418,0008-10-09 09:37:00,8,10,9,9,37,490,7,"0, RAMON BOULEVARD",,,Plein jour,En agglomération,Giratoire,Normale,Deux véhicules - côté,,,,,,,,,,,1,2,6,1,3
200800058419,0008-10-09 11:30:00,8,10,9,11,30,490,7,"87, SAINT MICHEL BOULEVA",,,Plein jour,En agglomération,Hors intersection,Normale,Deux véhicules - côté,,,,,,,,,,,1,2,1,1,3
200800058420,0008-10-09 12:55:00,8,10,9,12,55,490,7,"0, CLEMENCEAU BOULEVARD",,,Plein jour,En agglomération,Hors intersection,Normale,Deux véhicules - côté,,,,,,,,,,,1,2,1,1,3
200800058421,0008-10-10 11:44:00,8,10,10,11,44,490,7,"165, VOLNEY",,,Plein jour,En agglomération,Hors intersection,Normale,Autre collision,,,,,,,,,,,1,2,1,1,6
200800058422,0008-10-12 08:05:00,8,10,12,8,5,490,7,LAFAYETTE PLACE,,,Crépuscule ou aube,Hors agglomération,Hors intersection,Normale,Autre collision,,,,,,,,,,,2,1,1,1,6
200800058423,0008-10-10 08:55:00,8,10,10,8,55,490,7,"0, PASTEUR",,,Plein jour,En agglomération,Hors intersection,Normale,Deux véhicules - côté,,,,,,,,,,,1,2,1,1,3
200800058424,0008-10-12 13:11:00,8,10,12,13,11,490,246,"0, POUILLE CHEMIN",,,Plein jour,Hors agglomération,Hors intersection,Normale,Sans collision,,,,,,,,,,,1,1,1,1,7
200800058425,0008-10-10 12:05:00,8,10,10,12,5,490,7,"0, RAME",,,Plein jour,En agglomération,Hors intersection,Normale,Trois véhicules et plus - collisions multiples,,,,,,,,,,,1,2,1,1,5
200800058426,0008-10-13 17:19:00,8,10,13,17,19,490,7,"235, HAUTE DES BANCHAIS",,,Plein jour,En agglomération,Hors intersection,Normale,Autre collision,,,,,,,,,,,1,2,1,1,6
200800058427,0008-10-15 16:31:00,8,10,15,16,31,490,7,"0, RN 260",,,Plein jour,En agglomération,Hors intersection,Pluie légère,Autre collision,,,,,,,,,,,1,2,1,2,6
200800058428,0008-10-17 16:50:00,8,10,17,16,50,490,7,"0, EPINARD CHEMIN",,,Plein jour,En agglomération,Hors intersection,Normale,Autre collision,,,,,,,,,,,1,2,1,1,6
200800058429,0008-10-18 03:05:00,8,10,18,3,5,490,7,"0, FOCH BOULEVARD",,,Nuit avec éclairage allumé,En agglomération,Hors intersection,Normale,Sans collision,,,,,,,,,,,5,2,1,1,7
200800058430,0008-10-18 01:20:00,8,10,18,1,20,490,353,"0, VEST FERDINANT",,,Nuit avec éclairage allumé,En agglomération,Hors intersection,Normale,Sans collision,,,,,,,,,,,5,2,1,1,7
200800058431,0008-10-18 11:15:00,8,10,18,11,15,490,7,"0, HARAS ALLEE ET RUE",,,Plein jour,En agglomération,Hors intersection,Normale,Autre collision,,,,,,,,,,,1,2,1,1,6
200800058432,0008-10-18 15:40:00,8,10,18,15,40,490,15,"0, PENDS LOUP AVENUE DE",,,Plein jour,En agglomération,Intersection en T,Normale,Trois véhicules et plus - collisions multiples,,,,,,,,,,,1,2,3,1,5
200800058433,0008-10-20 12:25:00,8,10,20,12,25,490,7,"61, CHAUMIN BOULEVARD",,,Plein jour,En agglomération,Hors intersection,Normale,Sans collision,,,,,,,,,,,1,2,1,1,7
200800058434,0008-10-21 09:28:00,8,10,21,9,28,490,7,RALLIEMENT PLACE,,,Plein jour,En agglomération,Hors intersection,Normale,Autre collision,,,,,,,,,,,1,2,1,1,6
200800058435,0008-10-21 07:40:00,8,10,21,7,40,490,353,"18, VEST FERDINANT",,,Crépuscule ou aube,En agglomération,Hors intersection,Pluie légère,Autre collision,,,,,,,,,,,2,2,1,2,6
200800058436,0008-10-21 07:58:00,8,10,21,7,58,490,7,JEANNE D'ARC AVENUE,,,Crépuscule ou aube,En agglomération,Hors intersection,Pluie légère,Autre collision,,,,,,,,,,,2,2,1,2,6
200800058437,0008-10-21 19:20:00,8,10,21,19,20,490,7,"77, LAREVELLIERE",,,Crépuscule ou aube,En agglomération,Hors intersection,Autre,Deux véhicules - côté,,,,,,,,,,,2,2,1,9,3
200800058438,0008-10-22 20:18:00,8,10,22,20,18,490,7,SAINT LAZARE,,,Nuit avec éclairage allumé,En agglomération,Intersection en T,Normale,Deux véhicules - côté,,,,,,,,,,,5,2,3,1,3
200800058439,0008-10-24 13:44:00,8,10,24,13,44,490,7,"0, LINNE",,,Plein jour,En agglomération,Hors intersection,Normale,Autre collision,,,,,,,,,,,1,2,1,1,6
200800058440,0008-10-24 16:20:00,8,10,24,16,20,490,7,"0, BON PASTEUR BOULEVARD",,,Plein jour,En agglomération,Hors intersection,Normale,Deux véhicules - côté,,,,,,,,,,,1,2,1,1,3
200800058441,0008-10-25 04:50:00,8,10,25,4,50,490,7,"0, ROI RENE BOULEVARD",,,Nuit avec éclairage allumé,En agglomération,Intersection en X,Normale,Autre collision,,,,,,,,,,,5,2,2,1,6
200800058442,0008-10-25 06:57:00,8,10,25,6,57,490,246,"0, SAINTE GEMMES ROUTE",,,Nuit avec éclairage allumé,En agglomération,Hors intersection,Normale,Sans collision,,,,,,,,,,,5,2,1,1,7
200800058443,0008-10-27 16:04:00,8,10,27,16,4,490,353,"25, SEMARD",,,Plein jour,En agglomération,Hors intersection,Normale,Deux véhicules - côté,,,,,,,,,,,1,2,1,1,3
200800058444,0008-10-27 13:10:00,8,10,27,13,10,490,7,MONPLAISIR BOULEVARD,,,Plein jour,En agglomération,Hors intersection,Normale,Autre collision,,,,,,,,,,,1,2,1,1,6
200800058445,0008-10-28 19:25:00,8,10,28,19,25,490,7,"0, MONTAIGNE AVENUE",,,Nuit avec éclairage allumé,En agglomération,Intersection en X,Normale,Deux véhicules - côté,,,,,,,,,,,5,2,2,1,3
200800058446,0008-10-23 12:17:00,8,10,23,12,17,490,7,CHATEAU D'ORGEMONT RUE E,,,Plein jour,En agglomération,Hors intersection,Normale,Deux véhicules - arrière,,,,,,,,,,,1,2,1,1,2
200800058447,0008-10-29 08:14:00,8,10,29,8,14,490,7,"0, ARAGON AVENUE",,,Plein jour,En agglomération,Giratoire,Normale,Deux véhicules - côté,,,,,,,,,,,1,2,6,1,3
200800058448,0008-10-29 11:44:00,8,10,29,11,44,490,7,"0, MAINE",,,Plein jour,En agglomération,Intersection en X,Normale,Deux véhicules - côté,,,,,,,,,,,1,2,2,1,3
200800058449,0008-10-23 15:30:00,8,10,23,15,30,490,7,CHAUMIN BOULEVARD,,,Plein jour,En agglomération,Hors intersection,Normale,Deux véhicules - arrière,,,,,,,,,,,1,2,1,1,2