accident_id,datetime,annee,mois,jour,heure,minute,departement,commune_insee,adresse,latitude,longitude,luminosite,agglomeration,intersection,meteo,collision,nb_vehicules,nb_usagers,nb_indemnes,nb_tues,nb_blesses_hosp,nb_blesses_legers,age_cond_1,age_cond_2,veh_type_cond_1,veh_type_cond_2,lum_code,agg_code,int_code,atm_code,col_code
200800058450,0008-10-23 07:38:00,8,10,23,7,38,490,246,"39, EUROPE AVENUE",,,Nuit avec éclairage allumé,En agglomération,Hors intersection,Normale,Deux véhicules - côté,,,,,,,,,,,5,2,1,1,3
200800058451,0008-10-30 18:05:00,8,10,30,18,5,490,7,"0, PATTON AVENUE",,,Nuit avec éclairage allumé,En agglomération,Intersection en X,Pluie légère,Deux véhicules - côté,,,,,,,,,,,5,2,2,2,3
200800058452,0008-10-30 10:30:00,8,10,30,10,30,490,15,"0, BEURRIERE CHEMIN DE L",,,Plein jour,En agglomération,Intersection en X,Pluie légère,Deux véhicules - côté,,,,,,,,,,,1,2,2,2,3
200800058453,0008-10-23 10:57:00,8,10,23,10,57,490,7,", JEAN XXIII AVENUE",,,Plein jour,En agglomération,Intersection en X,Normale,Deux véhicules - côté,,,,,,,,,,,1,2,2,1,3
200800058454,0008-10-31 19:07:00,8,10,31,19,7,490,7,"0, QUEMARD",,,Nuit avec éclairage allumé,En agglomération,Hors intersection,Normale,Sans collision,,,,,,,,,,,5,2,1,1,7
200800058455,0008-10-23 12:35:00,8,10,23,12,35,490,7,SANGNIER,,,Plein jour,En agglomération,Hors intersection,Normale,Autre collision,,,,,,,,,,,1,2,1,1,6
200800058456,0008-10-02 08:00:00,8,10,2,8,0,490,99,"39, ARC (BOULEVRAD JEANN",,,Plein jour,En agglomération,Hors intersection,Normale,Trois véhicules et plus - en chaîne,,,,,,,,,,,1,2,1,1,4
200800058457,0008-10-04 16:50:00,8,10,4,16,50,490,99,PAGANNES (RUE DES),,,Plein jour,En agglomération,Hors intersection,Normale,Autre collision,,,,,,,,,,,1,2,1,1,6
200800058458,0008-10-04 17:20:00,8,10,4,17,20,490,99,"142, LECLERC (AVENUE DU",,,Plein jour,En agglomération,Hors intersection,Normale,Autre collision,,,,,,,,,,,1,2,1,1,6
200800058459,0008-10-09 07:30:00,8,10,9,7,30,490,99,CHARLEVILLE (RUE DE),,,Plein jour,En agglomération,Hors intersection,Normale,Autre collision,,,,,,,,,,,1,2,1,1,6
200800058460,0008-10-12 01:45:00,8,10,12,1,45,490,99,"54, CARNOT (RUE SADI)",,,Nuit avec éclairage non allumé,En agglomération,Hors intersection,Normale,Autre collision,,,,,,,,,,,4,2,1,1,6
200800058461,0008-10-16 07:55:00,8,10,16,7,55,490,99,"2, TESSOUALLE (AVENUE DE",,,Nuit avec éclairage allumé,En agglomération,Hors intersection,Normale,Autre collision,,,,,,,,,,,5,2,1,1,6
200800058462,0008-10-18 01:40:00,8,10,18,1,40,490,99,TOURAINE (BOULEVARD DE),,,Nuit avec éclairage non allumé,En agglomération,Intersection en X,Normale,Deux véhicules - côté,,,,,,,,,,,4,2,2,1,3
200800058463,0008-10-18 10:35:00,8,10,18,10,35,490,99,"107, GIRARDIERE (RUE DE",,,Plein jour,En agglomération,Hors intersection,Normale,Autre collision,,,,,,,,,,,1,2,1,1,6
200800058464,0008-10-18 22:25:00,8,10,18,22,25,490,99,"20, MANCEAU (AVENUE ANAT",,,Nuit avec éclairage allumé,En agglomération,Hors intersection,Normale,Deux véhicules - côté,,,,,,,,,,,5,2,1,1,3
200800058465,0008-10-30 21:05:00,8,10,30,21,5,490,99,"163, GIBOUIN (RUE AUGUST",,,Nuit sans éclairage public,En agglomération,Hors intersection,Normale,Autre collision,,,,,,,,,,,3,2,1,1,6
200800058466,0008-10-31 19:15:00,8,10,31,19,15,490,99,CHENE ROND (AVENUE DU),,,Nuit avec éclairage allumé,En agglomération,Intersection en X,Temps couvert,Deux véhicules - côté,,,,,,,,,,,5,2,2,8,3
200800058467,0008-10-06 18:20:00,8,10,6,18,20,490,328,"sans, FUSILLES (AVENUE D",,,Plein jour,Hors agglomération,Intersection en T,Normale,Deux véhicules - côté,,,,,,,,,,,1,1,3,1,3
200800058468,0008-10-14 17:00:00,8,10,14,17,0,490,328,"sans, ALSACE (RUE D')",,,Plein jour,En agglomération,Hors intersection,Normale,Deux véhicules - arrière,,,,,,,,,,,1,2,1,1,2
200800058469,0008-10-24 22:15:00,8,10,24,22,15,490,328,"sans, FUSILLES (AVENUE D",,,Nuit sans éclairage public,Hors agglomération,Giratoire,Pluie légère,Deux véhicules - côté,,,,,,,,,,,3,1,6,2,3
200800058470,0008-10-25 17:05:00,8,10,25,17,5,490,328,HOCHE (RUE),,,Plein jour,En agglomération,Giratoire,Normale,Deux véhicules - côté,,,,,,,,,,,1,2,6,1,3
200800058471,0008-10-28 09:55:00,8,10,28,9,55,490,328,"14 bis, SEIGNEUR (RUE)",,,Plein jour,En agglomération,Hors intersection,Normale,Deux véhicules - arrière,,,,,,,,,,,1,2,1,1,2
200800058472,0008-10-01 07:50:00,8,10,1,7,50,500,416,"00, HAGUE (BOULEVARD DE",,,Crépuscule ou aube,En agglomération,Intersection en X,Pluie légère,Deux véhicules - arrière,,,,,,,,,,,2,2,2,2,2
200800058473,0008-10-01 13:40:00,8,10,1,13,40,500,129,"0, ILE DE FRANCE (RUE DE",,,Plein jour,En agglomération,Hors intersection,Normale,Autre collision,,,,,,,,,,,1,2,1,1,6
200800058474,0008-10-01 14:30:00,8,10,1,14,30,500,129,"48, ATLANTIQUE (BOULEVAR",,,Plein jour,En agglomération,Hors intersection,Normale,Deux véhicules - côté,,,,,,,,,,,1,2,1,1,3
200800058475,0008-10-02 16:25:00,8,10,2,16,25,500,129,", ASSELIN (RUE)",,,Plein jour,En agglomération,Intersection en T,Normale,Deux véhicules - arrière,,,,,,,,,,,1,2,3,1,2
200800058476,0008-10-04 18:15:00,8,10,4,18,15,500,129,"00, CONQUERANT (BOULEVAR",,,Plein jour,En agglomération,Intersection en T,Pluie légère,Deux véhicules - arrière,,,,,,,,,,,1,2,3,2,2
200800058477,0008-10-04 21:30:00,8,10,4,21,30,500,129,"0, DIABLOTIN (RUE)",,,Nuit avec éclairage allumé,En agglomération,Hors intersection,Pluie forte,Deux véhicules - côté,,,,,,,,,,,5,2,1,3,3
200800058478,0008-10-05 22:20:00,8,10,5,22,20,500,129,"00, ABBAYE (RUE DE L')",,,Nuit avec éclairage allumé,En agglomération,Intersection en T,Normale,Deux véhicules - côté,,,,,,,,,,,5,2,3,1,3
200800058479,0008-10-06 08:00:00,8,10,6,8,0,500,129,"0, MENDES FRANCE (BOULEV",,,Plein jour,En agglomération,Hors intersection,Pluie légère,Deux véhicules - arrière,,,,,,,,,,,1,2,1,2,2
200800058480,0008-10-07 16:40:00,8,10,7,16,40,500,129,"00, VINTRAS (RUE)",,,Plein jour,En agglomération,Hors intersection,Normale,Deux véhicules - côté,,,,,,,,,,,1,2,1,1,3
200800058481,0008-10-07 19:55:00,8,10,7,19,55,500,129,"0, ANJOU (RUE D')",,,Nuit avec éclairage allumé,En agglomération,Intersection en X,Pluie légère,Deux véhicules - côté,,,,,,,,,,,5,2,2,2,3
200800058482,0008-10-08 07:50:00,8,10,8,7,50,500,602,"00, FONDERIE (RUE DE LA)",,,Plein jour,En agglomération,Hors intersection,Normale,Deux véhicules - côté,,,,,,,,,,,1,2,1,1,3
200800058483,0008-10-09 18:00:00,8,10,9,18,0,500,129,"96, COSNARD (PONT)",,,Plein jour,En agglomération,Hors intersection,Temps éblouissant,Deux véhicules - côté,,,,,,,,,,,1,2,1,7,3
200800058484,0008-10-10 19:30:00,8,10,10,19,30,500,129,"12, BRIE (RUE DE)",,,Crépuscule ou aube,En agglomération,Hors intersection,Normale,Sans collision,,,,,,,,,,,2,2,1,1,7
200800058485,0008-10-13 16:00:00,8,10,13,16,0,500,602,"0, RESISTANTS (PLACE DES",,,Plein jour,En agglomération,Intersection en X,Normale,Deux véhicules - côté,,,,,,,,,,,1,2,2,1,3
200800058486,0008-10-11 01:00:00,8,10,11,1,0,500,602,"00, ALGUES (RUE DES)",,,Nuit avec éclairage allumé,Hors agglomération,Intersection en X,Normale,Sans collision,,,,,,,,,,,5,1,2,1,7
200800058487,0008-10-16 17:20:00,8,10,16,17,20,500,602,"0, LEMARESQUIER (RUE AUG",,,Plein jour,En agglomération,Hors intersection,Temps éblouissant,Deux véhicules - côté,,,,,,,,,,,1,2,1,7,3
200800058488,0008-10-18 20:30:00,8,10,18,20,30,500,602,"00, LECLERC (RUE DU GENE",,,Nuit avec éclairage allumé,En agglomération,Intersection en X,Normale,Deux véhicules - frontale,,,,,,,,,,,5,2,2,1,1
200800058489,0008-10-21 12:55:00,8,10,21,12,55,500,129,"0, MILLET (AVENUE JEAN-F",,,Plein jour,En agglomération,Hors intersection,Normale,Deux véhicules - arrière,,,,,,,,,,,1,2,1,1,2
200800058490,0008-10-25 10:50:00,8,10,25,10,50,500,173,"00, FRANCE (RUE ANATOLE)",,,Plein jour,En agglomération,Hors intersection,Normale,Sans collision,,,,,,,,,,,1,2,1,1,7
200800058491,0008-10-28 11:05:00,8,10,28,11,5,500,602,"0, BOUIN (RUE JEAN)",,,Plein jour,En agglomération,Intersection en X,Normale,Deux véhicules - côté,,,,,,,,,,,1,2,2,1,3
200800058492,0008-10-28 19:20:00,8,10,28,19,20,500,602,"00, EST (BOULEVARD DE L'",,,Nuit avec éclairage allumé,En agglomération,Intersection en T,Pluie légère,Deux véhicules - arrière,,,,,,,,,,,5,2,3,2,2
200800058493,0008-10-31 23:00:00,8,10,31,23,0,500,203,"0, MALRAUX (ROND POINT A",,,Nuit avec éclairage allumé,Hors agglomération,Hors intersection,Pluie légère,Autre collision,,,,,,,,,,,5,1,1,2,6
200800058494,0008-10-08 15:25:00,8,10,8,15,25,500,147,"1, REMY DE GOURMONT",,,Plein jour,En agglomération,Intersection en T,Temps couvert,Deux véhicules - côté,,,,,,,,,,,1,2,3,8,3
200800058495,0008-10-01 18:45:00,8,10,1,18,45,500,218,CD 472 (GRANVILLE-ST PLA,,,Plein jour,Hors agglomération,Hors intersection,Pluie légère,Deux véhicules - côté,,,,,,,,,,,1,1,1,2,3
200800058496,0008-10-01 08:10:00,8,10,1,8,10,500,502,RN 174  (2x2 ) Atlantiqu,,,Plein jour,Hors agglomération,Hors intersection,Pluie légère,Deux véhicules - arrière,,,,,,,,,,,1,1,1,2,2
200800058497,0008-10-13 07:55:00,8,10,13,7,55,500,502,ISIGNY,,,Crépuscule ou aube,Hors agglomération,Intersection en X,Pluie légère,Deux véhicules - frontale,,,,,,,,,,,2,1,2,2,1
200800058498,0008-10-10 16:45:00,8,10,10,16,45,510,506,"79, SIMON (AVE JACQUES)",,,Plein jour,En agglomération,Intersection en X,Normale,Deux véhicules - côté,,,,,,,,,,,1,2,2,1,3
200800058499,0008-10-26 19:02:00,8,10,26,19,2,510,525,CD 80,,,Nuit sans éclairage public,Hors agglomération,Hors intersection,Normale,Deux véhicules - arrière,,,,,,,,,,,3,1,1,1,2
200800058500,0008-10-11 03:10:00,8,10,11,3,10,510,431,"., ROUTE DEPARTEMENTALE",,,Nuit avec éclairage allumé,En agglomération,Hors intersection,Brouillard / fumée,Sans collision,,,,,,,,,,,5,2,1,5,7
200800058501,0008-10-24 09:50:00,8,10,24,9,50,510,230,"01, DAUPHINE (RUE DU)",,,Plein jour,En agglomération,Hors intersection,Normale,Sans collision,,,,,,,,,,,1,2,1,1,7
200800058502,0008-10-01 12:10:00,8,10,1,12,10,510,454,"37, FOCH (BOULEVARD)",,,Plein jour,En agglomération,Intersection en X,Pluie légère,Autre collision,,,,,,,,,,,1,2,2,2,6
200800058503,0008-10-03 17:00:00,8,10,3,17,0,510,454,"23, FABIEN (RUE DU COLON",,,Plein jour,En agglomération,Hors intersection,Normale,Autre collision,,,,,,,,,,,1,2,1,1,6
200800058504,0008-10-06 07:40:00,8,10,6,7,40,510,454,MIGNOT (RUE EDOUARD),,,Crépuscule ou aube,En agglomération,Hors intersection,Temps couvert,Trois véhicules et plus - en chaîne,,,,,,,,,,,2,2,1,8,4
200800058505,0008-10-08 19:30:00,8,10,8,19,30,510,454,LOUVOIS (RUE DE) DU N°2,,,Nuit avec éclairage allumé,En agglomération,Intersection en T,Normale,Deux véhicules - côté,,,,,,,,,,,5,2,3,1,3
200800058506,0008-10-09 18:00:00,8,10,9,18,0,510,454,LEFEVRE (RUE ERNEST),,,Plein jour,En agglomération,Intersection en T,Normale,Deux véhicules - côté,,,,,,,,,,,1,2,3,1,3
200800058507,0008-10-18 14:10:00,8,10,18,14,10,510,454,"125, COURCELLES (RUE DE)",,,Plein jour,En agglomération,Hors intersection,Normale,Autre collision,,,,,,,,,,,1,2,1,1,6
200800058508,0008-10-22 20:20:00,8,10,22,20,20,510,454,LEMOINE (RUE DE DOCTEUR),,,Nuit avec éclairage allumé,En agglomération,Intersection en X,Normale,Deux véhicules - côté,,,,,,,,,,,5,2,2,1,3
200800058509,0008-10-26 11:10:00,8,10,26,11,10,510,172,TAISSY (ROUTE),,,Plein jour,En agglomération,Intersection en X,Normale,Deux véhicules - côté,,,,,,,,,,,1,2,2,1,3
200800058510,0008-10-30 07:45:00,8,10,30,7,45,510,454,EPERNAY (AVENUE D') COTE,,,Plein jour,En agglomération,Intersection en X,Normale,Deux véhicules - côté,,,,,,,,,,,1,2,2,1,3
200800058511,0008-10-01 10:20:00,8,10,1,10,20,520,121,"1, TREFOUSSE (RUE JULES)",,,Plein jour,En agglomération,Intersection en T,Pluie légère,Autre collision,,,,,,,,,,,1,2,3,2,6
200800058512,0008-10-02 16:10:00,8,10,2,16,10,520,121,DOUMER (AVENUE PAUL),,,Plein jour,En agglomération,Intersection en Y,Normale,Sans collision,,,,,,,,,,,1,2,4,1,7
200800058513,0008-10-03 17:45:00,8,10,3,17,45,520,121,"47, ASHTON UNDER LYNE (A",,,Plein jour,En agglomération,Hors intersection,Pluie légère,Deux véhicules - arrière,,,,,,,,,,,1,2,1,2,2
200800058514,0008-10-10 09:00:00,8,10,10,9,0,520,121,RD 674,,,Plein jour,En agglomération,Hors intersection,Normale,Trois véhicules et plus - en chaîne,,,,,,,,,,,1,2,1,1,4
200800058515,0008-10-11 11:35:00,8,10,11,11,35,520,121,R.D. 162,,,Plein jour,En agglomération,Giratoire,Normale,Autre collision,,,,,,,,,,,1,2,6,1,6
200800058516,0008-10-27 13:50:00,8,10,27,13,50,520,121,R.D. 65,,,Plein jour,Hors agglomération,Hors intersection,Pluie légère,Deux véhicules - frontale,,,,,,,,,,,1,1,1,2,1
200800058517,0008-10-31 18:45:00,8,10,31,18,45,520,121,RD 619,,,Nuit sans éclairage public,Hors agglomération,Hors intersection,Pluie légère,Trois véhicules et plus - en chaîne,,,,,,,,,,,3,1,1,2,4
200800058518,0008-10-08 12:15:00,8,10,8,12,15,520,121,"15, ALPHANDERY (RUE) PAI",,,Plein jour,En agglomération,Hors intersection,Normale,Autre collision,,,,,,,,,,,1,2,1,1,6
200800058519,0008-10-17 14:30:00,8,10,17,14,30,520,121,R.D. 161,,,Plein jour,En agglomération,Intersection en Y,Normale,Deux véhicules - frontale,,,,,,,,,,,1,2,4,1,1
200800058520,0008-10-19 17:25:00,8,10,19,17,25,520,121,RD 674,,,Plein jour,Hors agglomération,Intersection en Y,Normale,Deux véhicules - côté,,,,,,,,,,,1,1,4,1,3
200800058521,0008-10-31 00:30:00,8,10,31,0,30,520,121,"54, VAL BARIZIEN (RUE DU",,,Nuit avec éclairage allumé,En agglomération,Hors intersection,Pluie légère,Autre collision,,,,,,,,,,,5,2,1,2,6
200800058522,0008-10-01 22:00:00,8,10,1,22,0,520,448,RN 4,,,Nuit sans éclairage public,Hors agglomération,Hors intersection,Pluie forte,Trois véhicules et plus - collisions multiples,,,,,,,,,,,3,1,1,3,5
200800058523,0008-10-06 07:00:00,8,10,6,7,0,520,448,"7, Edgar PISANI ( Boulev",,,Nuit avec éclairage allumé,En agglomération,Hors intersection,Normale,Deux véhicules - frontale,,,,,,,,,,,5,2,1,1,1
200800058524,0008-10-07 13:40:00,8,10,7,13,40,520,448,"58, ARC (RUE JEANNE D')",,,Plein jour,En agglomération,Intersection en T,Normale,Deux véhicules - côté,,,,,,,,,,,1,2,3,1,3
200800058525,0008-10-13 11:55:00,8,10,13,11,55,520,448,"27, CEZANNE (RUE PAUL)",,,Plein jour,En agglomération,Hors intersection,Normale,Deux véhicules - frontale,,,,,,,,,,,1,2,1,1,1
200800058526,0008-10-22 16:35:00,8,10,22,16,35,520,448,"12, BERT (RUE PAUL)",,,Plein jour,En agglomération,Hors intersection,Normale,Trois véhicules et plus - en chaîne,,,,,,,,,,,1,2,1,1,4
200800058527,0008-10-24 09:15:00,8,10,24,9,15,520,448,"3, BARBAUX (RUE ANDRE) I",,,Plein jour,En agglomération,Hors intersection,Temps éblouissant,Autre collision,,,,,,,,,,,1,2,1,7,6
200800058528,0008-10-24 14:35:00,8,10,24,14,35,520,448,"2, BELLE FORET SUR MARNE",,,Plein jour,En agglomération,Hors intersection,Normale,Deux véhicules - arrière,,,,,,,,,,,1,2,1,1,2
200800058529,0008-10-28 22:10:00,8,10,28,22,10,520,448,"262, REPUBLIQUE (AVE DE",,,Nuit avec éclairage allumé,En agglomération,Hors intersection,Normale,Sans collision,,,,,,,,,,,5,2,1,1,7
200800058530,0008-10-20 07:30:00,8,10,20,7,30,530,130,"128, TOURS ( AVENUE DE )",,,Crépuscule ou aube,En agglomération,Intersection en T,Normale,Autre collision,,,,,,,,,,,2,2,3,1,6
200800058531,0008-10-17 16:40:00,8,10,17,16,40,530,130,"SANS, AVESNIERES ( PLACE",,,Plein jour,En agglomération,Intersection en X,Normale,Deux véhicules - côté,,,,,,,,,,,1,2,2,1,3
200800058532,0008-10-28 08:30:00,8,10,28,8,30,540,263,"39, VICTOR HUGO (RUE)",,,Plein jour,En agglomération,Intersection en X,Pluie légère,Deux véhicules - côté,,,,,,,,,,,1,2,2,2,3
200800058533,0008-10-08 11:27:00,8,10,8,11,27,540,469,DEPARTEMENTALE 135,,,Plein jour,Hors agglomération,Hors intersection,Pluie légère,Autre collision,,,,,,,,,,,1,1,1,2,6
200800058534,0008-10-11 11:50:00,8,10,11,11,50,540,159,"1, GENERAL LECLERC AVENU",,,Plein jour,En agglomération,Intersection en T,Normale,Deux véhicules - côté,,,,,,,,,,,1,2,3,1,3
200800058535,0008-10-17 20:06:00,8,10,17,20,6,540,159,LEOMONT (AVENUE DU),,,Nuit avec éclairage allumé,En agglomération,Hors intersection,Normale,Autre collision,,,,,,,,,,,5,2,1,1,6
200800058536,0008-10-27 15:40:00,8,10,27,15,40,540,159,"112, GENERAL LECLERC (AV",,,Plein jour,En agglomération,Hors intersection,Pluie légère,Deux véhicules - côté,,,,,,,,,,,1,2,1,2,3
200800058537,0008-10-01 10:05:00,8,10,1,10,5,540,547,"1, NATIONS (RUE DES)",,,Plein jour,En agglomération,Hors intersection,Normale,Autre collision,,,,,,,,,,,1,2,1,1,6
200800058538,0008-10-01 19:45:00,8,10,1,19,45,540,547,NORVEGE (RUE DE),,,Nuit avec éclairage allumé,En agglomération,Hors intersection,Normale,Deux véhicules - côté,,,,,,,,,,,5,2,1,1,3
200800058539,0008-10-02 23:25:00,8,10,2,23,25,540,395,"102, BOUDONVILLE (RUE DE",,,Nuit avec éclairage allumé,En agglomération,Hors intersection,Normale,Autre collision,,,,,,,,,,,5,2,1,1,6
200800058540,0008-10-03 12:20:00,8,10,3,12,20,540,395,BLANDAN (IMPASSE ET RUE,,,Plein jour,En agglomération,Intersection en T,Normale,Deux véhicules - côté,,,,,,,,,,,1,2,3,1,3
200800058541,0008-10-03 16:00:00,8,10,3,16,0,540,395,"73, SAINT DIZIER (RUE 2",,,Plein jour,En agglomération,Hors intersection,Normale,Deux véhicules - arrière,,,,,,,,,,,1,2,1,1,2
200800058542,0008-10-03 17:45:00,8,10,3,17,45,540,395,"13, ARMEE PATTON (RUE DE",,,Plein jour,En agglomération,Hors intersection,Pluie légère,Autre collision,,,,,,,,,,,1,2,1,2,6
200800058543,0008-10-05 03:55:00,8,10,5,3,55,540,339,"48, LECLERC (AVENUE ET I",,,Nuit avec éclairage allumé,En agglomération,Intersection en T,Normale,Autre collision,,,,,,,,,,,5,2,3,1,6
200800058544,0008-10-06 10:15:00,8,10,6,10,15,540,395,"1, FRANCE (AVENUE ANATOL",,,Plein jour,En agglomération,Intersection en X,Pluie légère,Deux véhicules - côté,,,,,,,,,,,1,2,2,2,3
200800058545,0008-10-06 09:15:00,8,10,6,9,15,540,395,"286, ARC (RUE JEANNE D')",,,Plein jour,En agglomération,Hors intersection,Pluie légère,Autre collision,,,,,,,,,,,1,2,1,2,6
200800058546,0008-10-10 20:30:00,8,10,10,20,30,540,395,"160, STRASBOURG (AVENUE",,,Nuit avec éclairage allumé,En agglomération,Intersection en T,Normale,Deux véhicules - frontale,,,,,,,,,,,5,2,3,1,1
200800058547,0008-10-10 23:03:00,8,10,10,23,3,540,304,"52, BOUFFLERS (AV DE 336",,,Nuit avec éclairage allumé,Hors agglomération,Intersection en T,Normale,Deux véhicules - arrière,,,,,,,,,,,5,1,3,1,2
200800058548,0008-10-13 07:40:00,8,10,13,7,40,540,482,"1, CARNOT (AVENUE)",,,Plein jour,En agglomération,Intersection en T,Normale,Deux véhicules - frontale,,,,,,,,,,,1,2,3,1,1
200800058549,0008-10-13 15:35:00,8,10,13,15,35,540,274,"8, REPUBLIQUE (RUE DE LA",,,Plein jour,En agglomération,Intersection en T,Normale,Autre collision,,,,,,,,,,,1,2,3,1,6
200800058550,0008-10-16 08:10:00,8,10,16,8,10,540,357,"1, REPUBLIQUE (RUE DE LA",,,Plein jour,En agglomération,Intersection en X,Pluie légère,Deux véhicules - frontale,,,,,,,,,,,1,2,2,2,1
200800058551,0008-10-18 07:30:00,8,10,18,7,30,540,547,"1, MASSON (AVENUE DESIRE",,,Crépuscule ou aube,En agglomération,Intersection en T,Normale,Autre collision,,,,,,,,,,,2,2,3,1,6
200800058552,0008-10-21 13:42:00,8,10,21,13,42,540,357,"1, REPUBLIQUE (RUE DE LA",,,Plein jour,En agglomération,Intersection en T,Normale,Autre collision,,,,,,,,,,,1,2,3,1,6
200800058553,0008-10-20 14:35:00,8,10,20,14,35,540,395,"22, LEOPOLD (COURS)",,,Plein jour,En agglomération,Hors intersection,Normale,Sans collision,,,,,,,,,,,1,2,1,1,7
200800058554,0008-10-21 08:27:00,8,10,21,8,27,540,395,SAINTE CATHERINE (QUAI),,,Plein jour,En agglomération,Hors intersection,Normale,Deux véhicules - arrière,,,,,,,,,,,1,2,1,1,2
200800058555,0008-10-22 07:55:00,8,10,22,7,55,540,578,"1, JARDIN BOTANIQUE (RUE",,,Nuit avec éclairage allumé,En agglomération,Hors intersection,Pluie forte,Autre collision,,,,,,,,,,,5,2,1,3,6
200800058556,0008-10-24 08:25:00,8,10,24,8,25,540,395,"145, BOUFFLERS (AV. DE 7",,,Plein jour,En agglomération,Intersection en X,Brouillard / fumée,Autre collision,,,,,,,,,,,1,2,2,5,6
200800058557,0008-10-24 10:00:00,8,10,24,10,0,540,395,"87 bis, VAYRINGE (RUE)",,,Plein jour,En agglomération,Hors intersection,Brouillard / fumée,Autre collision,,,,,,,,,,,1,2,1,5,6
200800058558,0008-10-24 18:00:00,8,10,24,18,0,540,482,"63, ALEXANDRE 1ER (RUE)",,,Plein jour,En agglomération,Hors intersection,Normale,Deux véhicules - côté,,,,,,,,,,,1,2,1,1,3
200800058559,0008-10-25 15:00:00,8,10,25,15,0,540,395,"24, LEOPOLD (COURS)",,,Plein jour,En agglomération,Hors intersection,Normale,Deux véhicules - côté,,,,,,,,,,,1,2,1,1,3
200800058560,0008-10-25 15:15:00,8,10,25,15,15,540,547,ARC (AVENUE JEANNE D'),,,Plein jour,En agglomération,Intersection en T,Normale,Sans collision,,,,,,,,,,,1,2,3,1,7
200800058561,0008-10-21 14:30:00,8,10,21,14,30,540,547,"1, MALINES (RUE DE)",,,Plein jour,En agglomération,Hors intersection,Normale,Autre collision,,,,,,,,,,,1,2,1,1,6
200800058562,0008-10-27 08:30:00,8,10,27,8,30,540,547,"1, FORET DE HAYE (RUE DE",,,Plein jour,En agglomération,Hors intersection,Pluie forte,Autre collision,,,,,,,,,,,1,2,1,3,6
200800058563,0008-10-27 18:25:00,8,10,27,18,25,540,395,"209, LIBERATION (AVENUE",,,Nuit avec éclairage allumé,En agglomération,Intersection en T,Pluie légère,Deux véhicules - côté,,,,,,,,,,,5,2,3,2,3
200800058564,0008-10-27 17:00:00,8,10,27,17,0,540,395,"193, BOUFFLERS (AV. DE 7",,,Nuit avec éclairage allumé,En agglomération,Hors intersection,Normale,Deux véhicules - arrière,,,,,,,,,,,5,2,1,1,2
200800058565,0008-10-29 00:20:00,8,10,29,0,20,540,547,CREVIC (RUE DE),,,Nuit avec éclairage allumé,En agglomération,Hors intersection,Normale,Autre collision,,,,,,,,,,,5,2,1,1,6
200800058566,0008-10-29 17:40:00,8,10,29,17,40,540,578,"1, MULLER (AVENUE PAUL)",,,Nuit avec éclairage allumé,En agglomération,Intersection en T,Pluie forte,Deux véhicules - côté,,,,,,,,,,,5,2,3,3,3
200800058567,0008-10-29 19:28:00,8,10,29,19,28,540,184,"1, BRIGACHTAL (AVENUE DE",,,Nuit avec éclairage allumé,En agglomération,Intersection en X,Pluie légère,Deux véhicules - côté,,,,,,,,,,,5,2,2,2,3
200800058568,0008-10-30 08:00:00,8,10,30,8,0,540,395,"1, COLLIGNON (Avenue et",,,Plein jour,En agglomération,Hors intersection,Normale,Deux véhicules - côté,,,,,,,,,,,1,2,1,1,3
200800058569,0008-10-31 16:10:00,8,10,31,16,10,540,395,"4, ALBERT 1ER  (BD)",,,Crépuscule ou aube,En agglomération,Hors intersection,Normale,Autre collision,,,,,,,,,,,2,2,1,1,6
200800058570,0008-10-22 07:50:00,8,10,22,7,50,540,79,"23, CLAUDE (AVENUE VICTO",,,Nuit avec éclairage allumé,En agglomération,Hors intersection,Pluie légère,Autre collision,,,,,,,,,,,5,2,1,2,6
200800058571,0008-10-24 16:47:00,8,10,24,16,47,540,431,"28, HUGO (RUE VICTOR)",,,Plein jour,En agglomération,Hors intersection,Normale,Autre collision,,,,,,,,,,,1,2,1,1,6
200800058572,0008-10-08 14:05:00,8,10,8,14,5,540,174,HOTEL DE VILLE,,,Plein jour,En agglomération,Intersection en T,Normale,Autre collision,,,,,,,,,,,1,2,3,1,6
200800058573,0008-10-31 18:15:00,8,10,31,18,15,540,149,"19, NATIONALE (ROUTE)",,,Nuit avec éclairage allumé,En agglomération,Hors intersection,Temps couvert,Sans collision,,,,,,,,,,,5,2,1,8,7
200800058574,0008-10-04 18:10:00,8,10,4,18,10,550,476,"14, rue du Maréchal LANN",,,Plein jour,En agglomération,Hors intersection,Normale,Autre collision,,,,,,,,,,,1,2,1,1,6
200800058575,0008-10-07 06:35:00,8,10,7,6,35,550,29,SCHUMAN ( RUE ROBERT ),,,Crépuscule ou aube,En agglomération,Intersection en X,Normale,Deux véhicules - côté,,,,,,,,,,,2,2,2,1,3
200800058576,0008-10-14 18:15:00,8,10,14,18,15,550,29,"10, LIBERATION ( RUE DE",48.46939,5.08888,Plein jour,En agglomération,Intersection en T,Normale,Autre collision,,,,,,,,,,,1,2,3,1,6
200800058577,0008-10-17 10:40:00,8,10,17,10,40,550,29,"61 bis, ROCHELLE ( BOULE",,,Plein jour,En agglomération,Hors intersection,Normale,Deux véhicules - arrière,,,,,,,,,,,1,2,1,1,2
200800058578,0008-10-23 09:45:00,8,10,23,9,45,550,186,D994,,,Plein jour,Hors agglomération,Hors intersection,Normale,Deux véhicules - côté,,,,,,,,,,,1,1,1,1,3