accident_id,datetime,annee,mois,jour,heure,minute,departement,commune_insee,adresse,latitude,longitude,luminosite,agglomeration,intersection,meteo,collision,nb_vehicules,nb_usagers,nb_indemnes,nb_tues,nb_blesses_hosp,nb_blesses_legers,age_cond_1,age_cond_2,veh_type_cond_1,veh_type_cond_2,lum_code,agg_code,int_code,atm_code,col_code
200800058709,0008-10-17 23:30:00,8,10,17,23,30,590,122,DOCKS (RUE DES),,,Nuit avec éclairage allumé,En agglomération,Intersection en X,Normale,Trois véhicules et plus - collisions multiples,,,,,,,,,,,5,2,2,1,5
200800058710,0008-10-22 16:00:00,8,10,22,16,0,590,122,PARIS (AVENUE DE),,,Plein jour,En agglomération,Hors intersection,Pluie forte,Deux véhicules - arrière,,,,,,,,,,,1,2,1,3,2
200800058711,0008-10-24 17:20:00,8,10,24,17,20,590,122,"28, PARIS (AVENUE DE)",,,Plein jour,En agglomération,Hors intersection,Temps couvert,Autre collision,,,,,,,,,,,1,2,1,8,6
200800058712,0008-10-26 21:40:00,8,10,26,21,40,590,616,"0, BETH (RUE RENE )",,,Nuit avec éclairage allumé,En agglomération,Intersection en T,Normale,Deux véhicules - côté,,,,,,,,,,,5,2,3,1,3
200800058713,0008-10-26 07:35:00,8,10,26,7,35,590,239,"10, ALLIES (BOULEVARD DE",,,Crépuscule ou aube,En agglomération,Hors intersection,Normale,Autre collision,,,,,,,,,,,2,2,1,1,6
200800058714,0008-10-30 20:55:00,8,10,30,20,55,590,8,PICARDIE (RUE DE),,,Nuit avec éclairage allumé,En agglomération,Intersection en X,Normale,Deux véhicules - côté,,,,,,,,,,,5,2,2,1,3
200800058715,0008-10-02 07:15:00,8,10,2,7,15,590,131,"107, GENERAL DE GAULLE -",,,Crépuscule ou aube,En agglomération,Hors intersection,Normale,Autre collision,,,,,,,,,,,2,2,1,1,6
200800058716,0008-10-07 17:25:00,8,10,7,17,25,590,540,"00000, CAULIER ALFRED",,,Plein jour,En agglomération,Autre intersection,Pluie légère,Autre collision,,,,,,,,,,,1,2,9,2,6
200800058717,0008-10-08 18:00:00,8,10,8,18,0,590,155,FURNES - ROUTE,,,Plein jour,En agglomération,Autre intersection,Normale,Deux véhicules - arrière,,,,,,,,,,,1,2,9,1,2
200800058718,0008-10-09 13:05:00,8,10,9,13,5,590,183,"0000, KRUYSBELLAERT",,,Plein jour,En agglomération,Autre intersection,Normale,Deux véhicules - côté,,,,,,,,,,,1,2,9,1,3
200800058719,0008-10-09 07:45:00,8,10,9,7,45,590,540,REPUBLIQUE,,,Crépuscule ou aube,En agglomération,Hors intersection,Normale,Autre collision,,,,,,,,,,,2,2,1,1,6
200800058720,0008-10-11 23:40:00,8,10,11,23,40,590,183,"NEANT, LIBERATION - AVEN",,,Nuit avec éclairage allumé,En agglomération,Hors intersection,Normale,Autre collision,,,,,,,,,,,5,2,1,1,6
200800058721,0008-10-13 12:35:00,8,10,13,12,35,590,271,"12, FLANDRES - BOULEVARD",,,Plein jour,En agglomération,Hors intersection,Normale,Deux véhicules - arrière,,,,,,,,,,,1,2,1,1,2
200800058722,0008-10-14 00:20:00,8,10,14,0,20,590,183,"678, LEFFRINCKOUCKE",,,Nuit avec éclairage non allumé,En agglomération,Hors intersection,Normale,Autre collision,,,,,,,,,,,4,2,1,1,6
200800058723,0008-10-14 13:50:00,8,10,14,13,50,590,540,"57, TRYSTRAM JEAN-BAPTIS",,,Plein jour,En agglomération,Hors intersection,Normale,Deux véhicules - côté,,,,,,,,,,,1,2,1,1,3
200800058724,0008-10-19 07:15:00,8,10,19,7,15,590,271,"0000, KRUYSBELLAERT",,,Nuit avec éclairage allumé,En agglomération,Autre intersection,Normale,Deux véhicules - côté,,,,,,,,,,,5,2,9,1,3
200800058725,0008-10-22 15:45:00,8,10,22,15,45,590,183,"., PETITE-SYNTHE CD 940",,,Plein jour,En agglomération,Intersection en T,Normale,Deux véhicules - côté,,,,,,,,,,,1,2,3,1,3
200800058726,0008-10-22 13:40:00,8,10,22,13,40,590,183,"0000, STADE - AVENUE",,,Plein jour,En agglomération,Intersection en X,Normale,Deux véhicules - côté,,,,,,,,,,,1,2,2,1,3
200800058727,0008-10-24 16:15:00,8,10,24,16,15,590,359,POMPIDOU (RUE GEORGES),,,Plein jour,En agglomération,Autre intersection,Temps couvert,Autre collision,,,,,,,,,,,1,2,9,8,6
200800058728,0008-10-28 16:30:00,8,10,28,16,30,590,359,RN1,,,Plein jour,Hors agglomération,Hors intersection,Normale,Deux véhicules - côté,,,,,,,,,,,1,1,1,1,3
200800058729,0008-10-27 15:25:00,8,10,27,15,25,590,295,"143, DE MERVILLE",,,Plein jour,En agglomération,Intersection en T,Normale,Autre collision,,,,,,,,,,,1,2,3,1,6
200800058730,0008-10-31 11:25:00,8,10,31,11,25,590,295,"47, NOTRE DAME",,,Plein jour,En agglomération,Hors intersection,Normale,Deux véhicules - côté,,,,,,,,,,,1,2,1,1,3
200800058731,0008-10-09 09:30:00,8,10,9,9,30,590,324,"01, REPUBLIQUE (PLACE DE",,,Plein jour,En agglomération,Hors intersection,Normale,Autre collision,,,,,,,,,,,1,2,1,1,6
200800058732,0008-10-23 12:15:00,8,10,23,12,15,590,324,"346, GENERAL DE GAULLE (",,,Plein jour,En agglomération,Hors intersection,Normale,Deux véhicules - arrière,,,,,,,,,,,1,2,1,1,2
200800058733,0008-10-01 13:40:00,8,10,1,13,40,590,9,BREUCQ BOULEVARD DU,,,Plein jour,En agglomération,Intersection en X,Normale,Trois véhicules et plus - collisions multiples,,,,,,,,,,,1,2,2,1,5
200800058734,0008-10-02 18:10:00,8,10,2,18,10,590,350,"3, COURBET GUSTAVE  RUE",,,Crépuscule ou aube,En agglomération,Hors intersection,Normale,Autre collision,,,,,,,,,,,2,2,1,1,6
200800058735,0008-10-03 16:20:00,8,10,3,16,20,590,378,CLEMENCEAU BLVD (N°1-23),,,Plein jour,En agglomération,Intersection en X,Normale,Autre collision,,,,,,,,,,,1,2,2,1,6
200800058736,0008-10-03 22:00:00,8,10,3,22,0,590,648,HAUBOURDIN RUE D,,,Nuit avec éclairage allumé,En agglomération,Hors intersection,Normale,Autre collision,,,,,,,,,,,5,2,1,1,6
200800058737,0008-10-04 04:45:00,8,10,4,4,45,590,360,"01, PAIX RUE DE LA",,,Nuit avec éclairage allumé,En agglomération,Hors intersection,Normale,Deux véhicules - frontale,,,,,,,,,,,5,2,1,1,1
200800058738,0008-10-05 13:50:00,8,10,5,13,50,590,350,"84, RATISBONNE RUE",,,Plein jour,En agglomération,Intersection en X,Normale,Deux véhicules - côté,,,,,,,,,,,1,2,2,1,3
200800058739,0008-10-05 17:10:00,8,10,5,17,10,590,350,"01, VAUBAN BOULEVARD N°2",,,Plein jour,En agglomération,Intersection en T,Normale,Autre collision,,,,,,,,,,,1,2,3,1,6
200800058740,0008-10-06 20:15:00,8,10,6,20,15,590,9,OUEST BOULEVARD DE L,,,Plein jour,En agglomération,Hors intersection,Normale,Deux véhicules - arrière,,,,,,,,,,,1,2,1,1,2
200800058741,0008-10-08 07:50:00,8,10,8,7,50,590,378,"418, BAILLY ALBERT RUE",,,Plein jour,En agglomération,Hors intersection,Normale,Autre collision,,,,,,,,,,,1,2,1,1,6
200800058742,0008-10-08 07:35:00,8,10,8,7,35,590,368,DE GAULLE RUE DU GENERAL,,,Crépuscule ou aube,En agglomération,Intersection en T,Normale,Deux véhicules - côté,,,,,,,,,,,2,2,3,1,3
200800058743,0008-10-08 12:20:00,8,10,8,12,20,590,636,"Abbé Pierre, rue",,,Plein jour,Hors agglomération,Hors intersection,Normale,Deux véhicules - arrière,,,,,,,,,,,1,1,1,1,2
200800058744,0008-10-08 16:20:00,8,10,8,16,20,590,9,CHATELLENIE AVENUE DE LA,,,Plein jour,En agglomération,Hors intersection,Normale,Deux véhicules - arrière,,,,,,,,,,,1,2,1,1,2
200800058745,0008-10-09 07:40:00,8,10,9,7,40,590,328,VAILLANT RUE,,,Plein jour,En agglomération,Intersection en X,Normale,Deux véhicules - côté,,,,,,,,,,,1,2,2,1,3
200800058746,0008-10-09 17:15:00,8,10,9,17,15,590,9,"336, FUSILLES RUE DES DU",,,Plein jour,En agglomération,Hors intersection,Normale,Autre collision,,,,,,,,,,,1,2,1,1,6
200800058747,0008-10-10 07:45:00,8,10,10,7,45,590,350,"178, ISLY RUE",,,Plein jour,En agglomération,Hors intersection,Normale,Autre collision,,,,,,,,,,,1,2,1,1,6
200800058748,0008-10-10 07:00:00,8,10,10,7,0,590,350,LIEGE ALLEE,,,Plein jour,Hors agglomération,Hors intersection,Normale,Autre collision,,,,,,,,,,,1,1,1,1,6
200800058749,0008-10-14 07:44:00,8,10,14,7,44,590,507,JAURES JEAN AVENUE,,,Crépuscule ou aube,Hors agglomération,Hors intersection,Normale,Autre collision,,,,,,,,,,,2,1,1,1,6
200800058750,0008-10-10 13:00:00,8,10,10,13,0,590,527,"02, LILLE RUE DE N°2 A 3",,,Plein jour,En agglomération,Intersection en Y,Normale,Autre collision,,,,,,,,,,,1,2,4,1,6
200800058751,0008-10-10 15:15:00,8,10,10,15,15,590,585,"001, GUESDE JULES RUE",,,Plein jour,En agglomération,Hors intersection,Normale,Autre collision,,,,,,,,,,,1,2,1,1,6
200800058752,0008-10-10 16:30:00,8,10,10,16,30,590,527,"96, LECLERC RUE DU GENER",,,Crépuscule ou aube,En agglomération,Hors intersection,Normale,Deux véhicules - côté,,,,,,,,,,,2,2,1,1,3
200800058753,0008-10-10 19:00:00,8,10,10,19,0,590,378,"85, PERI GABRIEL RUE",,,Crépuscule ou aube,En agglomération,Hors intersection,Normale,Deux véhicules - côté,,,,,,,,,,,2,2,1,1,3
200800058754,0008-10-11 10:40:00,8,10,11,10,40,590,368,"001, DE GAULLE RUE DU GE",,,Plein jour,En agglomération,Intersection en X,Normale,Autre collision,,,,,,,,,,,1,2,2,1,6
200800058755,0008-10-11 16:00:00,8,10,11,16,0,590,378,MENIN RUE DE,,,Plein jour,En agglomération,Hors intersection,Normale,Autre collision,,,,,,,,,,,1,2,1,1,6
200800058756,0008-10-12 16:05:00,8,10,12,16,5,590,378,CLEMENCEAU BLVD (N°2-138,,,Plein jour,En agglomération,Hors intersection,Normale,Autre collision,,,,,,,,,,,1,2,1,1,6
200800058757,0008-10-12 19:25:00,8,10,12,19,25,590,410,"56, DE GAULLE RUE DU GEN",,,Nuit avec éclairage allumé,En agglomération,Hors intersection,Normale,Autre collision,,,,,,,,,,,5,2,1,1,6
200800058758,0008-10-12 20:25:00,8,10,12,20,25,590,566,CARNOT SADI RUE,,,Nuit avec éclairage allumé,En agglomération,Hors intersection,Normale,Sans collision,,,,,,,,,,,5,2,1,1,7
200800058759,0008-10-10 13:50:00,8,10,10,13,50,590,507,"696, JAURES JEAN RUE",,,Plein jour,En agglomération,Hors intersection,Normale,Autre collision,,,,,,,,,,,1,2,1,1,6
200800058760,0008-10-10 17:50:00,8,10,10,17,50,590,220,LECLERCQ AVENUE DU GENER,,,Plein jour,En agglomération,Hors intersection,Normale,Trois véhicules et plus - collisions multiples,,,,,,,,,,,1,2,1,1,5
200800058761,0008-10-13 11:15:00,8,10,13,11,15,590,9,PERRIN JEAN  AVENUE,,,Plein jour,En agglomération,Intersection en X,Normale,Deux véhicules - côté,,,,,,,,,,,1,2,2,1,3
200800058762,0008-10-11 07:50:00,8,10,11,7,50,590,350,JOUHAUX LEON AVENUE N°,,,Crépuscule ou aube,En agglomération,Hors intersection,Normale,Autre collision,,,,,,,,,,,2,2,1,1,6
200800058763,0008-10-12 05:40:00,8,10,12,5,40,590,350,"26, MONTAIGNE RUE",,,Nuit avec éclairage allumé,En agglomération,Intersection en T,Normale,Autre collision,,,,,,,,,,,5,2,3,1,6
200800058764,0008-10-13 12:45:00,8,10,13,12,45,590,350,"20, ARC RUE JEANNE D",,,Plein jour,En agglomération,Hors intersection,Normale,Autre collision,,,,,,,,,,,1,2,1,1,6
200800058765,0008-10-13 13:20:00,8,10,13,13,20,590,350,"1, FERRER FRANCISCO RUE",,,Plein jour,En agglomération,Hors intersection,Normale,Autre collision,,,,,,,,,,,1,2,1,1,6
200800058766,0008-10-13 20:10:00,8,10,13,20,10,590,350,DUNKERQUE AVENUE DE,,,Plein jour,Hors agglomération,Hors intersection,Normale,Deux véhicules - frontale,,,,,,,,,,,1,1,1,1,1
200800058767,0008-10-05 09:15:00,8,10,5,9,15,590,527,"40, LAMBERSART RUE DE",,,Plein jour,En agglomération,Hors intersection,Normale,Deux véhicules - côté,,,,,,,,,,,1,2,1,1,3
200800058768,0008-10-14 11:30:00,8,10,14,11,30,590,360,"136, REPUBLIQUE BOULEVAR",,,Plein jour,En agglomération,Intersection en X,Normale,Autre collision,,,,,,,,,,,1,2,2,1,6
200800058769,0008-10-08 13:35:00,8,10,8,13,35,590,350,GUTENBERG RUE,,,Plein jour,En agglomération,Hors intersection,Normale,Autre collision,,,,,,,,,,,1,2,1,1,6
200800058770,0008-10-14 13:00:00,8,10,14,13,0,590,350,"27, JUSTICE RUE",,,Plein jour,En agglomération,Hors intersection,Normale,Autre collision,,,,,,,,,,,1,2,1,1,6
200800058771,0008-10-14 17:00:00,8,10,14,17,0,590,9,"001, BREUCQ BOULEVARD DU",,,Plein jour,En agglomération,Intersection en X,Normale,Deux véhicules - côté,,,,,,,,,,,1,2,2,1,3
200800058772,0008-10-10 17:20:00,8,10,10,17,20,590,350,LIBERTE BOULEVARD N°1 A,,,Plein jour,En agglomération,Intersection en X,Normale,Autre collision,,,,,,,,,,,1,2,2,1,6
200800058773,0008-10-15 10:20:00,8,10,15,10,20,590,378,NATIONALE RUE,,,Plein jour,En agglomération,Hors intersection,Normale,Autre collision,,,,,,,,,,,1,2,1,1,6
200800058774,0008-10-15 18:15:00,8,10,15,18,15,590,343,"113, HUGO VICTOR RUE",,,Plein jour,En agglomération,Hors intersection,Pluie légère,Autre collision,,,,,,,,,,,1,2,1,2,6
200800058775,0008-10-15 14:25:00,8,10,15,14,25,590,350,MONTEBELLO BD PAIRS DE 7,,,Plein jour,En agglomération,Intersection en X,Pluie légère,Deux véhicules - côté,,,,,,,,,,,1,2,2,2,3
200800058776,0008-10-16 16:05:00,8,10,16,16,5,590,9,DE VALMY BOULEVARD,,,Plein jour,En agglomération,Hors intersection,Normale,Autre collision,,,,,,,,,,,1,2,1,1,6
200800058777,0008-10-16 16:25:00,8,10,16,16,25,590,9,"001, DE VALMY BOULEVARD",,,Plein jour,En agglomération,Hors intersection,Normale,Autre collision,,,,,,,,,,,1,2,1,1,6
200800058778,0008-10-17 13:30:00,8,10,17,13,30,590,9,"001, DE MONTALEMBERT BVD",,,Plein jour,En agglomération,Hors intersection,Normale,Deux véhicules - côté,,,,,,,,,,,1,2,1,1,3
200800058779,0008-10-18 14:50:00,8,10,18,14,50,590,220,"1, DEGAT EDGAR RUE",,,Plein jour,En agglomération,Hors intersection,Normale,Autre collision,,,,,,,,,,,1,2,1,1,6
200800058780,0008-10-18 18:00:00,8,10,18,18,0,590,378,"109, TISSERANDS RUE DES",,,Plein jour,En agglomération,Hors intersection,Normale,Autre collision,,,,,,,,,,,1,2,1,1,6
200800058781,0008-10-17 18:50:00,8,10,17,18,50,590,378,"00, NATIONALE RUE",,,Plein jour,En agglomération,Intersection en T,Normale,Autre collision,,,,,,,,,,,1,2,3,1,6
200800058782,0008-10-08 15:15:00,8,10,8,15,15,590,507,"317, SAINT VENANT CHARLE",,,Plein jour,En agglomération,Hors intersection,Normale,Autre collision,,,,,,,,,,,1,2,1,1,6
200800058783,0008-10-20 09:20:00,8,10,20,9,20,590,350,FAUBOURG D'ARRAS RUE,,,Plein jour,En agglomération,Intersection en X,Normale,Deux véhicules - côté,,,,,,,,,,,1,2,2,1,3
200800058784,0008-10-20 09:25:00,8,10,20,9,25,590,350,RABELAIS RUE,,,Plein jour,En agglomération,Autre intersection,Normale,Deux véhicules - côté,,,,,,,,,,,1,2,9,1,3
200800058785,0008-10-20 10:45:00,8,10,20,10,45,590,457,"308, PREVOTE RUE DE LA",,,Plein jour,En agglomération,Hors intersection,Normale,Autre collision,,,,,,,,,,,1,2,1,1,6
200800058786,0008-10-20 11:00:00,8,10,20,11,0,590,350,"103, LIBERTE BVD N°2 A 9",,,Plein jour,En agglomération,Hors intersection,Normale,Autre collision,,,,,,,,,,,1,2,1,1,6
200800058787,0008-10-20 14:00:00,8,10,20,14,0,590,386,MARTYRS DE LA RESISTANCE,,,Plein jour,En agglomération,Hors intersection,Normale,Deux véhicules - frontale,,,,,,,,,,,1,2,1,1,1
200800058788,0008-10-20 14:45:00,8,10,20,14,45,590,350,"00, DECOULX PIERRE RUE",,,Plein jour,Hors agglomération,Intersection en T,Normale,Autre collision,,,,,,,,,,,1,1,3,1,6
200800058789,0008-10-20 15:30:00,8,10,20,15,30,590,350,"28, CHANZY RUE",,,Plein jour,En agglomération,Hors intersection,Normale,Deux véhicules - côté,,,,,,,,,,,1,2,1,1,3
200800058790,0008-10-20 15:40:00,8,10,20,15,40,590,9,"44, FUSILLES RUE DES DU",,,Plein jour,En agglomération,Hors intersection,Temps éblouissant,Deux véhicules - arrière,,,,,,,,,,,1,2,1,7,2
200800058791,0008-10-20 20:25:00,8,10,20,20,25,590,350,"0, SCHUMAN ROBERT BOULEV",,,Nuit avec éclairage allumé,En agglomération,Intersection en Y,Normale,Trois véhicules et plus - collisions multiples,,,,,,,,,,,5,2,4,1,5
200800058792,0008-10-20 21:00:00,8,10,20,21,0,590,9,"53, FUSILLES RUE DES DU",,,Nuit avec éclairage allumé,En agglomération,Hors intersection,Normale,Autre collision,,,,,,,,,,,5,2,1,1,6
200800058793,0008-10-21 08:45:00,8,10,21,8,45,590,350,FAUBOURG DE ROUBAIX RUE,,,Plein jour,En agglomération,Hors intersection,Normale,Deux véhicules - côté,,,,,,,,,,,1,2,1,1,3
200800058794,0008-10-21 08:30:00,8,10,21,8,30,590,9,SAINT GHISLAIN ROND POIN,,,Plein jour,En agglomération,Hors intersection,Pluie légère,Autre collision,,,,,,,,,,,1,2,1,2,6
200800058795,0008-10-22 07:45:00,8,10,22,7,45,590,368,"52, DE GAULLE RUE DU GEN",,,Crépuscule ou aube,En agglomération,Hors intersection,Normale,Autre collision,,,,,,,,,,,2,2,1,1,6
200800058796,0008-10-21 12:40:00,8,10,21,12,40,590,350,CHAUDE RIVIERE RUE DE,,,Plein jour,En agglomération,Intersection en X,Normale,Deux véhicules - côté,,,,,,,,,,,1,2,2,1,3
200800058797,0008-10-22 14:15:00,8,10,22,14,15,590,9,GUESDE JULES RUE,,,Plein jour,En agglomération,Hors intersection,Normale,Sans collision,,,,,,,,,,,1,2,1,1,7
200800058798,0008-10-24 15:30:00,8,10,24,15,30,590,378,"38, EUROPE AVENUE DE L",,,Plein jour,En agglomération,Hors intersection,Normale,Deux véhicules - côté,,,,,,,,,,,1,2,1,1,3
200800058799,0008-10-22 21:50:00,8,10,22,21,50,590,9,JAURES JEAN RUE    N°5 A,,,Nuit avec éclairage allumé,En agglomération,Hors intersection,Normale,Autre collision,,,,,,,,,,,5,2,1,1,6
200800058800,0008-10-22 23:30:00,8,10,22,23,30,590,328,"2, DE GAULLE AVENUE DU G",,,Nuit avec éclairage allumé,En agglomération,Hors intersection,Normale,Autre collision,,,,,,,,,,,5,2,1,1,6
200800058801,0008-10-21 19:40:00,8,10,21,19,40,590,220,GHESQUIERE HENRI RUE,,,Plein jour,En agglomération,Hors intersection,Normale,Autre collision,,,,,,,,,,,1,2,1,1,6
200800058802,0008-10-23 18:00:00,8,10,23,18,0,590,350,EPI DE SOIL RUE,,,Plein jour,En agglomération,Hors intersection,Normale,Autre collision,,,,,,,,,,,1,2,1,1,6
200800058803,0008-10-03 18:07:00,8,10,3,18,7,590,585,"71, DE GAULLE RUE DU GEN",,,Plein jour,En agglomération,Hors intersection,Normale,Deux véhicules - frontale,,,,,,,,,,,1,2,1,1,1
200800058804,0008-10-24 08:25:00,8,10,24,8,25,590,350,"170, FAUBOURG DE ROUBAIX",,,Plein jour,En agglomération,Hors intersection,Normale,Autre collision,,,,,,,,,,,1,2,1,1,6
200800058805,0008-10-24 20:05:00,8,10,24,20,5,590,350,"00, VERDUN BVD N°  RESTE",,,Nuit avec éclairage allumé,En agglomération,Intersection en X,Pluie légère,Autre collision,,,,,,,,,,,5,2,2,2,6
200800058806,0008-10-24 17:45:00,8,10,24,17,45,590,350,"98, ISLY RUE",,,Plein jour,En agglomération,Intersection en X,Pluie légère,Autre collision,,,,,,,,,,,1,2,2,2,6
200800058807,0008-10-25 14:20:00,8,10,25,14,20,590,343,ENCHEMONT BOULEVARD DU B,,,Plein jour,Hors agglomération,Hors intersection,Normale,Deux véhicules - côté,,,,,,,,,,,1,1,1,1,3
200800058808,0008-10-25 16:30:00,8,10,25,16,30,590,350,DOREZ BARTHELEMY PLACE,,,Plein jour,En agglomération,Hors intersection,Normale,Autre collision,,,,,,,,,,,1,2,1,1,6
200800058809,0008-10-25 19:00:00,8,10,25,19,0,590,350,FAUBOURG D'ARRAS RUE,,,Plein jour,En agglomération,Hors intersection,Normale,Autre collision,,,,,,,,,,,1,2,1,1,6
200800058810,0008-10-25 22:25:00,8,10,25,22,25,590,196,"001, FUSILLES , rue des",,,Nuit avec éclairage allumé,En agglomération,Hors intersection,Normale,Autre collision,,,,,,,,,,,5,2,1,1,6
200800058811,0008-10-26 02:25:00,8,10,26,2,25,590,378,FLANDRE AVENUE DE,,,Nuit avec éclairage allumé,En agglomération,Hors intersection,Normale,Deux véhicules - frontale,,,,,,,,,,,5,2,1,1,1
200800058812,0008-10-26 11:30:00,8,10,26,11,30,590,350,"792 Bis, DUNKERQUE AVENU",,,Plein jour,En agglomération,Hors intersection,Normale,Deux véhicules - côté,,,,,,,,,,,1,2,1,1,3
200800058813,0008-10-26 12:50:00,8,10,26,12,50,590,328,"00, BOIS RUE DU",,,Plein jour,En agglomération,Hors intersection,Normale,Autre collision,,,,,,,,,,,1,2,1,1,6
200800058814,0008-10-06 15:05:00,8,10,6,15,5,590,350,"149, MONTEBELLO BD PAIRS",,,Plein jour,En agglomération,Hors intersection,Normale,Autre collision,,,,,,,,,,,1,2,1,1,6
200800058815,0008-10-25 15:00:00,8,10,25,15,0,590,648,"64, PASTEUR RUE",,,Plein jour,En agglomération,Hors intersection,Normale,Autre collision,,,,,,,,,,,1,2,1,1,6
200800058816,0008-10-28 13:45:00,8,10,28,13,45,590,507,JAURES JEAN RUE,,,Plein jour,En agglomération,Hors intersection,Normale,Deux véhicules - arrière,,,,,,,,,,,1,2,1,1,2
200800058817,0008-10-29 06:45:00,8,10,29,6,45,590,410,"17, HUGO VICTOR RUE",,,Nuit avec éclairage allumé,En agglomération,Hors intersection,Normale,Autre collision,,,,,,,,,,,5,2,1,1,6
200800058818,0008-10-29 09:00:00,8,10,29,9,0,590,527,"123, DE LATTRE TASSIGNY.",,,Plein jour,En agglomération,Hors intersection,Normale,Deux véhicules - arrière,,,,,,,,,,,1,2,1,1,2
200800058819,0008-10-29 10:35:00,8,10,29,10,35,590,350,"194, MONTEBELLO BD PAIRS",,,Plein jour,En agglomération,Hors intersection,Normale,Deux véhicules - arrière,,,,,,,,,,,1,2,1,1,2
200800058820,0008-10-29 19:25:00,8,10,29,19,25,590,350,"43, SAINT AMAND RUE",,,Nuit avec éclairage allumé,En agglomération,Hors intersection,Normale,Deux véhicules - côté,,,,,,,,,,,5,2,1,1,3
200800058821,0008-10-29 22:40:00,8,10,29,22,40,590,350,"001, ARRAS RUE D",,,Nuit avec éclairage allumé,En agglomération,Intersection en X,Normale,Deux véhicules - côté,,,,,,,,,,,5,2,2,1,3
200800058822,0008-10-30 11:20:00,8,10,30,11,20,590,9,"00, AVENIR AVENUE DE L",,,Plein jour,En agglomération,Intersection en X,Normale,Autre collision,,,,,,,,,,,1,2,2,1,6
200800058823,0008-10-30 14:00:00,8,10,30,14,0,590,9,"001, OUEST BOULEVARD DE",,,Plein jour,En agglomération,Hors intersection,Normale,Autre collision,,,,,,,,,,,1,2,1,1,6
200800058824,0008-10-30 17:45:00,8,10,30,17,45,590,527,"00, Francis Blanche, rue",,,Crépuscule ou aube,Hors agglomération,Intersection en T,Normale,Autre collision,,,,,,,,,,,2,1,3,1,6
200800058825,0008-10-25 14:30:00,8,10,25,14,30,590,350,"35, TURENNE RUE",,,Plein jour,En agglomération,Intersection en T,Normale,Autre collision,,,,,,,,,,,1,2,3,1,6
200800058826,0008-10-28 12:30:00,8,10,28,12,30,590,128,FUSILLES RUE DES,,,Plein jour,En agglomération,Intersection en T,Normale,Autre collision,,,,,,,,,,,1,2,3,1,6
200800058827,0008-10-31 17:20:00,8,10,31,17,20,590,193,"6, HAUBOURDIN, RUE D'",,,Nuit avec éclairage allumé,En agglomération,Hors intersection,Normale,Autre collision,,,,,,,,,,,5,2,1,1,6
200800058828,0008-10-16 20:05:00,8,10,16,20,5,590,9,DE VALMY BOULEVARD,,,Nuit avec éclairage allumé,En agglomération,Hors intersection,Normale,Autre collision,,,,,,,,,,,5,2,1,1,6
200800058829,0008-10-31 17:35:00,8,10,31,17,35,590,368,DE GAULLE RUE DU GENERAL,,,Nuit avec éclairage allumé,En agglomération,Hors intersection,Normale,Deux véhicules - côté,,,,,,,,,,,5,2,1,1,3
200800058830,0008-10-30 15:50:00,8,10,30,15,50,590,230,"31, VICTOR HUGO (RUE)",,,Plein jour,En agglomération,Hors intersection,Normale,Sans collision,,,,,,,,,,,1,2,1,1,7
200800058831,0008-10-02 14:00:00,8,10,2,14,0,590,392,"27, AVESNES (ROUTE D')",,,Plein jour,En agglomération,Hors intersection,Normale,Sans collision,,,,,,,,,,,1,2,1,1,7
200800058832,0008-10-08 11:05:00,8,10,8,11,5,590,291,"32, ABATTOIR (RUE DE L')",,,Plein jour,En agglomération,Hors intersection,Normale,Deux véhicules - arrière,,,,,,,,,,,1,2,1,1,2
200800058833,0008-10-18 13:15:00,8,10,18,13,15,590,392,JEAN JAURES (AVENUE),,,Plein jour,En agglomération,Intersection en X,Normale,Deux véhicules - côté,,,,,,,,,,,1,2,2,1,3
200800058834,0008-10-19 18:30:00,8,10,19,18,30,590,392,SARS (RUE DES),,,Plein jour,En agglomération,Intersection en T,Normale,Deux véhicules - côté,,,,,,,,,,,1,2,3,1,3
200800058835,0008-10-21 17:25:00,8,10,21,17,25,590,225,"99 bis, JEAN JAURES (RUE",,,Plein jour,En agglomération,Intersection en T,Normale,Deux véhicules - arrière,,,,,,,,,,,1,2,3,1,2
200800058836,0008-10-04 12:30:00,8,10,4,12,30,590,512,ALGER  (RUE D'),,,Plein jour,En agglomération,Intersection en X,Pluie légère,Deux véhicules - côté,,,,,,,,,,,1,2,2,2,3
200800058837,0008-10-06 15:30:00,8,10,6,15,30,590,512,COQ FRANCAIS (RUE DU),,,Plein jour,En agglomération,Intersection en T,Normale,Deux véhicules - côté,,,,,,,,,,,1,2,3,1,3
200800058838,0008-10-01 08:30:00,8,10,1,8,30,590,512,EPEULE  (RUE DE L'),,,Plein jour,En agglomération,Hors intersection,Pluie légère,Deux véhicules - arrière,,,,,,,,,,,1,2,1,2,2
200800058839,0008-10-03 07:30:00,8,10,3,7,30,590,650,DELECOURT (RUE ALFRED),,,Plein jour,En agglomération,Hors intersection,Pluie légère,Autre collision,,,,,,,,,,,1,2,1,2,6
200800058840,0008-10-02 07:00:00,8,10,2,7,0,590,512,REGNAULT (RUE HENRI),,,Nuit avec éclairage allumé,En agglomération,Hors intersection,Normale,Autre collision,,,,,,,,,,,5,2,1,1,6
200800058841,0008-10-12 20:30:00,8,10,12,20,30,590,512,SEPT PONTS (RUE DES),,,Nuit avec éclairage allumé,En agglomération,Intersection en T,Normale,Autre collision,,,,,,,,,,,5,2,3,1,6