accident_id,datetime,annee,mois,jour,heure,minute,departement,commune_insee,adresse,latitude,longitude,luminosite,agglomeration,intersection,meteo,collision,nb_vehicules,nb_usagers,nb_indemnes,nb_tues,nb_blesses_hosp,nb_blesses_legers,age_cond_1,age_cond_2,veh_type_cond_1,veh_type_cond_2,lum_code,agg_code,int_code,atm_code,col_code
200800058842,0008-10-17 00:25:00,8,10,17,0,25,590,512,BEAUREPAIRE  (RUE DE),,,Nuit avec éclairage allumé,En agglomération,Intersection en T,Normale,Autre collision,,,,,,,,,,,5,2,3,1,6
200800058843,0008-10-03 09:00:00,8,10,3,9,0,590,650,TOUL (RUE DE),,,Plein jour,En agglomération,Hors intersection,Pluie légère,Autre collision,,,,,,,,,,,1,2,1,2,6
200800058844,0008-10-06 07:45:00,8,10,6,7,45,590,512,TOURCOING (RUE DE),,,Plein jour,En agglomération,Intersection en T,Pluie légère,Deux véhicules - côté,,,,,,,,,,,1,2,3,2,3
200800058845,0008-10-19 06:55:00,8,10,19,6,55,590,650,GUESDE (RUE JULES),,,Nuit avec éclairage allumé,Hors agglomération,Hors intersection,Normale,Autre collision,,,,,,,,,,,5,1,1,1,6
200800058846,0008-10-05 17:10:00,8,10,5,17,10,590,512,PIERRE DE ROUBAIX (RUE),,,Plein jour,En agglomération,Intersection en X,Normale,Autre collision,,,,,,,,,,,1,2,2,1,6
200800058847,0008-10-07 18:20:00,8,10,7,18,20,590,646,MARCEAU (RUE),,,Nuit avec éclairage allumé,En agglomération,Hors intersection,Pluie légère,Deux véhicules - côté,,,,,,,,,,,5,2,1,2,3
200800058848,0008-10-09 14:20:00,8,10,9,14,20,590,646,MARCQ EN BAROEUL (RUE DE,,,Plein jour,En agglomération,Intersection en X,Normale,Deux véhicules - côté,,,,,,,,,,,1,2,2,1,3
200800058849,0008-10-09 18:10:00,8,10,9,18,10,590,512,DELORY  (AVENUE GUSTAVE),,,Plein jour,En agglomération,Hors intersection,Normale,Autre collision,,,,,,,,,,,1,2,1,1,6
200800058850,0008-10-09 08:05:00,8,10,9,8,5,590,367,TOUFFLERS (RUE DE),,,Plein jour,En agglomération,Intersection en T,Normale,Deux véhicules - arrière,,,,,,,,,,,1,2,3,1,2
200800058851,0008-10-11 17:00:00,8,10,11,17,0,590,650,FRATERNITE (BOULEVARD DE,,,Plein jour,En agglomération,Intersection en X,Normale,Deux véhicules - côté,,,,,,,,,,,1,2,2,1,3
200800058852,0008-10-11 10:40:00,8,10,11,10,40,590,512,DE ROUBAIX (RUE PIERRE),,,Plein jour,En agglomération,Intersection en X,Normale,Autre collision,,,,,,,,,,,1,2,2,1,6
200800058853,0008-10-14 16:57:00,8,10,14,16,57,590,163,CENTENAIRE (RUE DE LA),,,Plein jour,En agglomération,Hors intersection,Normale,Autre collision,,,,,,,,,,,1,2,1,1,6
200800058854,0008-10-20 11:45:00,8,10,20,11,45,590,512,"30, VERCOUTERE (RUE JEAN",,,Plein jour,En agglomération,Hors intersection,Normale,Autre collision,,,,,,,,,,,1,2,1,1,6
200800058855,0008-10-22 07:10:00,8,10,22,7,10,590,512,DE ROUBAIX (RUE PIERRE),,,Nuit avec éclairage allumé,En agglomération,Hors intersection,Normale,Autre collision,,,,,,,,,,,5,2,1,1,6
200800058856,0008-10-05 11:45:00,8,10,5,11,45,590,512,FOURMIES (BOULEVARD DE),,,Plein jour,En agglomération,Intersection en X,Normale,Autre collision,,,,,,,,,,,1,2,2,1,6
200800058857,0008-10-12 18:10:00,8,10,12,18,10,590,163,CURIE (RUE PIERRE),,,Plein jour,En agglomération,Intersection en X,Normale,Deux véhicules - côté,,,,,,,,,,,1,2,2,1,3
200800058858,0008-10-14 17:55:00,8,10,14,17,55,590,512,PELLART (RUE),,,Plein jour,En agglomération,Intersection en X,Normale,Autre collision,,,,,,,,,,,1,2,2,1,6
200800058859,0008-10-15 23:25:00,8,10,15,23,25,590,512,COQ FRANCAIS (RUE DU),,,Nuit avec éclairage allumé,En agglomération,Intersection en X,Pluie forte,Autre collision,,,,,,,,,,,5,2,2,3,6
200800058860,0008-10-06 11:00:00,8,10,6,11,0,590,299,CD 700,,,Plein jour,En agglomération,Hors intersection,Normale,Sans collision,,,,,,,,,,,1,2,1,1,7
200800058861,0008-10-23 09:10:00,8,10,23,9,10,590,646,MARNE (AVENUE DE LA),,,Plein jour,En agglomération,Hors intersection,Normale,Autre collision,,,,,,,,,,,1,2,1,1,6
200800058862,0008-10-16 12:40:00,8,10,16,12,40,590,512,DAUBENTON (RUE),,,Plein jour,En agglomération,Intersection en X,Normale,Deux véhicules - côté,,,,,,,,,,,1,2,2,1,3
200800058863,0008-10-16 12:15:00,8,10,16,12,15,590,512,NATIONS UNIES (AVENUE DE,,,Plein jour,En agglomération,Hors intersection,Normale,Deux véhicules - côté,,,,,,,,,,,1,2,1,1,3
200800058864,0008-10-24 13:55:00,8,10,24,13,55,590,646,FLANDRE (AVENUE DE),,,Plein jour,En agglomération,Hors intersection,Pluie légère,Autre collision,,,,,,,,,,,1,2,1,2,6
200800058865,0008-10-16 15:45:00,8,10,16,15,45,590,512,GRAND PLACE,,,Plein jour,En agglomération,Hors intersection,Normale,Autre collision,,,,,,,,,,,1,2,1,1,6
200800058866,0008-10-16 18:25:00,8,10,16,18,25,590,512,ANVERS (QUAI D'),,,Plein jour,En agglomération,Hors intersection,Normale,Autre collision,,,,,,,,,,,1,2,1,1,6
200800058867,0008-10-04 12:40:00,8,10,4,12,40,590,512,FOSSES (RUE DES),,,Plein jour,En agglomération,Intersection en X,Normale,Deux véhicules - côté,,,,,,,,,,,1,2,2,1,3
200800058868,0008-10-17 08:50:00,8,10,17,8,50,590,646,JOUHAUX (RUE LEON),,,Plein jour,En agglomération,Hors intersection,Normale,Deux véhicules - arrière,,,,,,,,,,,1,2,1,1,2
200800058869,0008-10-17 17:00:00,8,10,17,17,0,590,650,PETIT TOURNAI (RUE DU),,,Plein jour,En agglomération,Hors intersection,Normale,Autre collision,,,,,,,,,,,1,2,1,1,6
200800058870,0008-10-18 17:35:00,8,10,18,17,35,590,512,TRICHON (RUE DU),,,Plein jour,En agglomération,Intersection en X,Normale,Autre collision,,,,,,,,,,,1,2,2,1,6
200800058871,0008-10-20 11:30:00,8,10,20,11,30,590,512,GUESDE (RUE JULES),,,Plein jour,En agglomération,Intersection en X,Normale,Autre collision,,,,,,,,,,,1,2,2,1,6
200800058872,0008-10-20 18:20:00,8,10,20,18,20,590,646,LILLE (RUE DE),,,Plein jour,En agglomération,Hors intersection,Normale,Autre collision,,,,,,,,,,,1,2,1,1,6
200800058873,0008-10-21 18:30:00,8,10,21,18,30,590,512,BUFFON (RUE),,,Plein jour,Hors agglomération,Intersection en X,Normale,Autre collision,,,,,,,,,,,1,1,2,1,6
200800058874,0008-10-21 17:30:00,8,10,21,17,30,590,650,JOUHAUX (BOULEVARD LEON),,,Plein jour,En agglomération,Intersection en X,Normale,Autre collision,,,,,,,,,,,1,2,2,1,6
200800058875,0008-10-24 18:05:00,8,10,24,18,5,590,650,LEBAS (RUE JEAN BAPTISTE,,,Nuit avec éclairage allumé,En agglomération,Intersection en T,Pluie légère,Autre collision,,,,,,,,,,,5,2,3,2,6
200800058876,0008-10-21 11:10:00,8,10,21,11,10,590,512,VERDUN (AVENUE DE),,,Plein jour,En agglomération,Intersection en X,Pluie forte,Autre collision,,,,,,,,,,,1,2,2,3,6
200800058877,0008-10-24 18:15:00,8,10,24,18,15,590,512,DE GAULLE (BOULEVARD DU,,,Nuit avec éclairage allumé,En agglomération,Intersection en X,Pluie légère,Autre collision,,,,,,,,,,,5,2,2,2,6
200800058878,0008-10-25 01:55:00,8,10,25,1,55,590,367,EUROPE (AVENUE DE L'),,,Nuit avec éclairage allumé,En agglomération,Hors intersection,Normale,Sans collision,,,,,,,,,,,5,2,1,1,7
200800058879,0008-10-25 09:40:00,8,10,25,9,40,590,163,GARE (RUE DE LA),,,Plein jour,En agglomération,Hors intersection,Normale,Autre collision,,,,,,,,,,,1,2,1,1,6
200800058880,0008-10-28 16:30:00,8,10,28,16,30,590,650,CARNOT (RUE),,,Plein jour,En agglomération,Intersection en T,Pluie légère,Deux véhicules - côté,,,,,,,,,,,1,2,3,2,3
200800058881,0008-10-23 19:40:00,8,10,23,19,40,590,512,ALMA  (RUE DE L)',,,Nuit avec éclairage allumé,En agglomération,Intersection en T,Normale,Deux véhicules - frontale,,,,,,,,,,,5,2,3,1,1
200800058882,0008-10-28 18:30:00,8,10,28,18,30,590,512,DE ROUBAIX (RUE PIERRE),,,Nuit avec éclairage allumé,En agglomération,Intersection en X,Normale,Autre collision,,,,,,,,,,,5,2,2,1,6
200800058883,0008-10-28 16:00:00,8,10,28,16,0,590,598,SORBIERS (RUE DES),,,Plein jour,En agglomération,Hors intersection,Normale,Deux véhicules - arrière,,,,,,,,,,,1,2,1,1,2
200800058884,0008-10-30 16:20:00,8,10,30,16,20,590,512,ARCHIMEDE (RUE D'),,,Plein jour,En agglomération,Intersection en X,Normale,Autre collision,,,,,,,,,,,1,2,2,1,6
200800058885,0008-10-30 07:45:00,8,10,30,7,45,590,512,ISLY (RUE D'),,,Plein jour,En agglomération,Intersection en X,Normale,Autre collision,,,,,,,,,,,1,2,2,1,6
200800058886,0008-10-30 19:55:00,8,10,30,19,55,590,646,JOUHAUX (RUE LEON),,,Nuit avec éclairage allumé,En agglomération,Hors intersection,Normale,Autre collision,,,,,,,,,,,5,2,1,1,6
200800058887,0008-10-28 18:25:00,8,10,28,18,25,590,339,CD 700,,,Nuit avec éclairage allumé,En agglomération,Hors intersection,Normale,Sans collision,,,,,,,,,,,5,2,1,1,7
200800058888,0008-10-18 12:30:00,8,10,18,12,30,590,163,JAURES (RUE JEAN),,,Plein jour,En agglomération,Intersection en T,Normale,Deux véhicules - côté,,,,,,,,,,,1,2,3,1,3
200800058889,0008-10-21 18:05:00,8,10,21,18,5,590,526,"40, AV DU CLOS",,,Plein jour,En agglomération,Autre intersection,Normale,Sans collision,,,,,,,,,,,1,2,9,1,7
200800058890,0008-10-03 21:10:00,8,10,3,21,10,590,90,WAMBRECHIES (AVENUE),,,Nuit avec éclairage allumé,En agglomération,Intersection en X,Pluie légère,Autre collision,,,,,,,,,,,5,2,2,2,6
200800058891,0008-10-13 19:20:00,8,10,13,19,20,590,599,FAIDHERBE (RUE ),,,Nuit avec éclairage allumé,En agglomération,Intersection en X,Normale,Deux véhicules - côté,,,,,,,,,,,5,2,2,1,3
200800058892,0008-10-16 18:35:00,8,10,16,18,35,590,599,"143, DUNKERQUE (RUE DE)",,,Crépuscule ou aube,En agglomération,Hors intersection,Normale,Deux véhicules - côté,,,,,,,,,,,2,2,1,1,3
200800058893,0008-10-17 21:10:00,8,10,17,21,10,590,599,BRUN PAIN (RUE DU),,,Nuit avec éclairage allumé,En agglomération,Hors intersection,Normale,Trois véhicules et plus - collisions multiples,,,,,,,,,,,5,2,1,1,5
200800058894,0008-10-19 16:00:00,8,10,19,16,0,590,279,LOISEL (CHEMIN DE),,,Plein jour,Hors agglomération,Hors intersection,Normale,Deux véhicules - arrière,,,,,,,,,,,1,1,1,1,2
200800058895,0008-10-20 09:50:00,8,10,20,9,50,590,599,MASUREL (AVENUE ALBERT),,,Plein jour,En agglomération,Hors intersection,Normale,Autre collision,,,,,,,,,,,1,2,1,1,6
200800058896,0008-10-22 11:50:00,8,10,22,11,50,590,508,"01, HALLUIN (BOULEVARD D",,,Plein jour,En agglomération,Hors intersection,Normale,Deux véhicules - arrière,,,,,,,,,,,1,2,1,1,2
200800058897,0008-10-22 18:20:00,8,10,22,18,20,590,599,"0, SCHWEITZER (RUE DU DO",,,Plein jour,En agglomération,Hors intersection,Normale,Autre collision,,,,,,,,,,,1,2,1,1,6
200800058898,0008-10-24 10:47:00,8,10,24,10,47,590,279,"260, NEUVILLE (ROUTE DE)",,,Plein jour,En agglomération,Hors intersection,Pluie légère,Deux véhicules - frontale,,,,,,,,,,,1,2,1,2,1
200800058899,0008-10-24 21:05:00,8,10,24,21,5,590,599,"76, ANVERS (RUE D')",,,Nuit avec éclairage allumé,En agglomération,Hors intersection,Normale,Deux véhicules - frontale,,,,,,,,,,,5,2,1,1,1
200800058900,0008-10-23 12:40:00,8,10,23,12,40,590,599,DEWYN (RUE DU DOCTEUR),,,Plein jour,En agglomération,Hors intersection,Normale,Deux véhicules - frontale,,,,,,,,,,,1,2,1,1,1
200800058901,0008-10-01 20:40:00,8,10,1,20,40,590,564,"918, JAURES (AVENUE JEAN",,,Nuit avec éclairage allumé,En agglomération,Hors intersection,Normale,Trois véhicules et plus - collisions multiples,,,,,,,,,,,5,2,1,1,5
200800058902,0008-10-05 07:55:00,8,10,5,7,55,590,606,"122, FAIDHERBE (AVENUE)",,,Plein jour,En agglomération,Hors intersection,Pluie légère,Deux véhicules - côté,,,,,,,,,,,1,2,1,2,3
200800058903,0008-10-05 21:30:00,8,10,5,21,30,590,207,"151, JAURES (RUE JEAN)",,,Nuit avec éclairage allumé,En agglomération,Hors intersection,Pluie légère,Autre collision,,,,,,,,,,,5,2,1,2,6
200800058904,0008-10-09 13:30:00,8,10,9,13,30,590,14,"345, FRANCE (AVENUE ANAT",,,Plein jour,En agglomération,Intersection en T,Normale,Deux véhicules - arrière,,,,,,,,,,,1,2,3,1,2
200800058905,0008-10-10 19:15:00,8,10,10,19,15,590,544,"46, MARQUIS (RUE DU)",,,Nuit avec éclairage allumé,En agglomération,Hors intersection,Normale,Deux véhicules - côté,,,,,,,,,,,5,2,1,1,3
200800058906,0008-10-05 05:45:00,8,10,5,5,45,590,606,ROMAINVILLE (RUE DE),,,Nuit avec éclairage allumé,En agglomération,Intersection en X,Normale,Deux véhicules - côté,,,,,,,,,,,5,2,2,1,3
200800058907,0008-10-15 13:50:00,8,10,15,13,50,590,447,"00, ZONE ACTIVITE ECONOM",,,Plein jour,Hors agglomération,Hors intersection,Normale,Deux véhicules - arrière,,,,,,,,,,,1,1,1,1,2
200800058908,0008-10-14 11:10:00,8,10,14,11,10,590,383,"115, BARBUSSE (AVENUE HE",,,Plein jour,En agglomération,Hors intersection,Normale,Autre collision,,,,,,,,,,,1,2,1,1,6
200800058909,0008-10-23 14:00:00,8,10,23,14,0,590,603,"00, SALENGRO (PLACE ROGE",,,Plein jour,En agglomération,Intersection en T,Normale,Autre collision,,,,,,,,,,,1,2,3,1,6
200800058910,0008-10-22 23:25:00,8,10,22,23,25,590,606,", HORNE (AVENUE GENERAL)",,,Nuit avec éclairage allumé,En agglomération,Hors intersection,Normale,Autre collision,,,,,,,,,,,5,2,1,1,6
200800058911,0008-10-21 18:00:00,8,10,21,18,0,590,112,"655, JAURES (RUE JEAN)",,,Plein jour,En agglomération,Hors intersection,Normale,Autre collision,,,,,,,,,,,1,2,1,1,6
200800058912,0008-10-08 10:30:00,8,10,8,10,30,590,491,"295, DURRE (RUE HENRI)",,,Plein jour,En agglomération,Hors intersection,Normale,Autre collision,,,,,,,,,,,1,2,1,1,6
200800058913,0008-10-26 07:40:00,8,10,26,7,40,590,606,"00, PATER (BOULEVARD)",,,Nuit avec éclairage allumé,En agglomération,Giratoire,Normale,Autre collision,,,,,,,,,,,5,2,6,1,6
200800058914,0008-10-20 13:50:00,8,10,20,13,50,590,606,"00, BEAUNEVEU (BOULEVARD",,,Plein jour,En agglomération,Hors intersection,Normale,Autre collision,,,,,,,,,,,1,2,1,1,6
200800058915,0008-10-27 21:45:00,8,10,27,21,45,590,603,RD 59,,,Nuit avec éclairage allumé,En agglomération,Intersection en T,Normale,Deux véhicules - côté,,,,,,,,,,,5,2,3,1,3
200800058916,0008-10-24 11:45:00,8,10,24,11,45,590,14,"21, SALENGRO (PLACE ROGE",,,Plein jour,En agglomération,Hors intersection,Normale,Autre collision,,,,,,,,,,,1,2,1,1,6
200800058917,0008-10-28 18:35:00,8,10,28,18,35,590,112,JAURES (RUE JEAN),,,Nuit avec éclairage allumé,En agglomération,Intersection en X,Normale,Deux véhicules - côté,,,,,,,,,,,5,2,2,1,3
200800058918,0008-10-19 11:20:00,8,10,19,11,20,590,606,"00, REIMS (AVENUE DE)",,,Plein jour,En agglomération,Intersection en X,Normale,Deux véhicules - arrière,,,,,,,,,,,1,2,2,1,2
200800058919,0008-10-20 07:35:00,8,10,20,7,35,590,606,"103, DENAIN (AVENUE DE)",,,Nuit avec éclairage allumé,En agglomération,Hors intersection,Normale,Autre collision,,,,,,,,,,,5,2,1,1,6
200800058920,0008-10-01 07:05:00,8,10,1,7,5,590,606,"28, SALY (BOULEVARD)",,,Crépuscule ou aube,En agglomération,Giratoire,Pluie forte,Autre collision,,,,,,,,,,,2,2,6,3,6
200800058921,0008-10-07 20:00:00,8,10,7,20,0,600,57,"135, MARISSEL (RUE DE)",,,Nuit avec éclairage allumé,En agglomération,Hors intersection,Pluie forte,Autre collision,,,,,,,,,,,5,2,1,3,6
200800058922,0008-10-16 07:34:00,8,10,16,7,34,600,57,JULES BRIERE (BOULEVARD),,,Crépuscule ou aube,En agglomération,Hors intersection,Pluie légère,Autre collision,,,,,,,,,,,2,2,1,2,6
200800058923,0008-10-30 12:00:00,8,10,30,12,0,600,57,"24, MALHERBE (RUE)",,,Plein jour,En agglomération,Intersection en X,Normale,Deux véhicules - côté,,,,,,,,,,,1,2,2,1,3
200800058924,0008-10-09 12:25:00,8,10,9,12,25,600,159,D 130,,,Plein jour,Hors agglomération,Intersection en T,Normale,Deux véhicules - côté,,,,,,,,,,,1,1,3,1,3
200800058925,0008-10-10 21:55:00,8,10,10,21,55,600,159,"68, MANGIN (DU GENERAL)",,,Nuit avec éclairage allumé,En agglomération,Intersection en T,Normale,Deux véhicules - côté,,,,,,,,,,,5,2,3,1,3
200800058926,0008-10-21 17:35:00,8,10,21,17,35,600,159,SOLFERINO,,,Plein jour,En agglomération,Hors intersection,Normale,Autre collision,,,,,,,,,,,1,2,1,1,6
200800058927,0008-10-03 16:40:00,8,10,3,16,40,600,175,GAMBETTA (RUE),,,Plein jour,En agglomération,Hors intersection,Normale,Deux véhicules - côté,,,,,,,,,,,1,2,1,1,3
200800058928,0008-10-04 22:50:00,8,10,4,22,50,600,463,INDUSTRIELLE (VOIE)_PLAC,,,Nuit avec éclairage non allumé,En agglomération,Intersection en T,Normale,Deux véhicules - côté,,,,,,,,,,,4,2,3,1,3
200800058929,0008-10-05 19:50:00,8,10,5,19,50,600,414,DEPORTES (RUE DES),,,Nuit avec éclairage allumé,En agglomération,Hors intersection,Pluie légère,Deux véhicules - frontale,,,,,,,,,,,5,2,1,2,1
200800058930,0008-10-09 18:55:00,8,10,9,18,55,600,463,EUROPE (AVENUE DE L'),,,Crépuscule ou aube,En agglomération,Intersection en T,Normale,Autre collision,,,,,,,,,,,2,2,3,1,6
200800058931,0008-10-23 08:55:00,8,10,23,8,55,600,175,ALLENDE (BOULEVARD SALVA,,,Plein jour,En agglomération,Hors intersection,Temps couvert,Sans collision,,,,,,,,,,,1,2,1,8,7
200800058932,0008-10-01 17:40:00,8,10,1,17,40,610,1,JEAN MANTELET (AVENUE),,,Plein jour,En agglomération,Giratoire,Normale,Deux véhicules - côté,,,,,,,,,,,1,2,6,1,3
200800058933,0008-10-03 07:35:00,8,10,3,7,35,610,1,"46, FUIE DES VIGNES (RUE",,,Plein jour,En agglomération,Hors intersection,Normale,Deux véhicules - frontale,,,,,,,,,,,1,2,1,1,1
200800058934,0008-10-05 20:15:00,8,10,5,20,15,610,1,CHANDON (CHEMIN DE),,,Nuit avec éclairage allumé,En agglomération,Hors intersection,Pluie légère,Deux véhicules - frontale,,,,,,,,,,,5,2,1,2,1
200800058935,0008-10-10 12:10:00,8,10,10,12,10,610,1,CLAUDE BERNARD (RUE ),,,Plein jour,En agglomération,Intersection en X,Normale,Deux véhicules - côté,,,,,,,,,,,1,2,2,1,3
200800058936,0008-10-15 19:00:00,8,10,15,19,0,610,1,MARTIN LUTHER KING ( RUE,,,Nuit avec éclairage allumé,En agglomération,Intersection en T,Pluie légère,Autre collision,,,,,,,,,,,5,2,3,2,6
200800058937,0008-10-29 12:00:00,8,10,29,12,0,610,497,RN 12 (ROUTE NATIONALE),,,Plein jour,Hors agglomération,Hors intersection,Normale,Autre collision,,,,,,,,,,,1,1,1,1,6
200800058938,0008-10-29 18:25:00,8,10,29,18,25,610,1,REPUBLIQUE (BOULEVARD DE,,,Nuit avec éclairage allumé,En agglomération,Intersection en T,Normale,Deux véhicules - côté,,,,,,,,,,,5,2,3,1,3
200800058939,0008-10-27 13:54:00,8,10,27,13,54,610,169,"173, HENRI VENIARD (RUE)",,,Plein jour,En agglomération,Intersection en T,Pluie légère,Deux véhicules - côté,,,,,,,,,,,1,2,3,2,3
200800058940,0008-10-02 09:40:00,8,10,2,9,40,620,41,ROND POINT GUSTAVE VIART,,,Plein jour,En agglomération,Intersection en X,Normale,Deux véhicules - côté,,,,,,,,,,,1,2,2,1,3
200800058941,0008-10-16 14:12:00,8,10,16,14,12,620,41,"0, BESNIER (BD.GEORGES)",,,Plein jour,En agglomération,Intersection à plus de 4 branches,Normale,Deux véhicules - côté,,,,,,,,,,,1,2,5,1,3
200800058942,0008-10-26 07:45:00,8,10,26,7,45,620,41,"0, TCHECOSLOVAQUIE ( RON",,,Plein jour,En agglomération,Giratoire,Normale,Deux véhicules - côté,,,,,,,,,,,1,2,6,1,3
200800058943,0008-10-26 18:00:00,8,10,26,18,0,620,516,SAINT VENANT,,,Nuit sans éclairage public,Hors agglomération,Hors intersection,Pluie forte,Autre collision,,,,,,,,,,,3,1,1,3,6
200800058944,0008-10-03 18:00:00,8,10,3,18,0,620,65,ARTOIS,,,Plein jour,En agglomération,Intersection en X,Pluie légère,Deux véhicules - côté,,,,,,,,,,,1,2,2,2,3
200800058945,0008-10-06 13:30:00,8,10,6,13,30,620,65,"18, LANNOY (RENE)",,,Plein jour,En agglomération,Hors intersection,Normale,Autre collision,,,,,,,,,,,1,2,1,1,6
200800058946,0008-10-13 18:00:00,8,10,13,18,0,620,724,"5, FOCH (DU MARECHAL)",,,Plein jour,En agglomération,Hors intersection,Temps couvert,Autre collision,,,,,,,,,,,1,2,1,8,6
200800058947,0008-10-17 18:40:00,8,10,17,18,40,620,724,D 46,,,Plein jour,En agglomération,Intersection en X,Normale,Deux véhicules - côté,,,,,,,,,,,1,2,2,1,3
200800058948,0008-10-27 22:00:00,8,10,27,22,0,620,65,PERI (GABRIEL BD),,,Nuit avec éclairage allumé,En agglomération,Intersection en X,Normale,Deux véhicules - côté,,,,,,,,,,,5,2,2,1,3
200800058949,0008-10-16 21:45:00,8,10,16,21,45,620,570,"000, ROND POINT ""DROITS",,,Nuit avec éclairage allumé,En agglomération,Hors intersection,Pluie légère,Sans collision,,,,,,,,,,,5,2,1,2,7
200800058950,0008-10-22 20:40:00,8,10,22,20,40,620,65,"87, THUMERELLE ACHILLE",,,Nuit avec éclairage non allumé,En agglomération,Hors intersection,Normale,Sans collision,,,,,,,,,,,4,2,1,1,7
200800058951,0008-10-30 20:00:00,8,10,30,20,0,620,65,"41, THUMERELLE ACHILLE",,,Nuit avec éclairage allumé,En agglomération,Hors intersection,Pluie légère,Deux véhicules - arrière,,,,,,,,,,,5,2,1,2,2
200800058952,0008-10-10 12:00:00,8,10,10,12,0,620,108,ROND POINT DU MARQUENTER,,,Plein jour,En agglomération,Giratoire,Normale,Deux véhicules - côté,,,,,,,,,,,1,2,6,1,3
200800058953,0008-10-01 10:50:00,8,10,1,10,50,620,35,NATIONALE 43 ( ROUTE),,,Plein jour,Hors agglomération,Intersection en X,Vent fort / tempête,Deux véhicules - côté,,,,,,,,,,,1,1,2,6,3
200800058954,0008-10-17 12:55:00,8,10,17,12,55,620,846,"134, CD 943",,,Plein jour,En agglomération,Hors intersection,Normale,Deux véhicules - côté,,,,,,,,,,,1,2,1,1,3
200800058955,0008-10-18 22:30:00,8,10,18,22,30,620,119,ETATS UNIS ( BOULEVARD D,,,Nuit avec éclairage allumé,En agglomération,Intersection en T,Normale,Deux véhicules - côté,,,,,,,,,,,5,2,3,1,3
200800058956,0008-10-23 07:40:00,8,10,23,7,40,620,350,"1, 943 (CD)",,,Crépuscule ou aube,Hors agglomération,Intersection en T,Normale,Deux véhicules - côté,,,,,,,,,,,2,1,3,1,3
200800058957,0008-10-15 08:00:00,8,10,15,8,0,620,119,WASHINGTON ( AVENUE DE ),,,Crépuscule ou aube,En agglomération,Hors intersection,Normale,Deux véhicules - arrière,,,,,,,,,,,2,2,1,1,2
200800058958,0008-10-31 18:15:00,8,10,31,18,15,620,35,"5, HUIT MAI ( RUE DU )",,,Nuit avec éclairage allumé,En agglomération,Hors intersection,Pluie légère,Autre collision,,,,,,,,,,,5,2,1,2,6
200800058959,0008-10-04 19:00:00,8,10,4,19,0,620,178,"147, SALENGRO ( ROGER )",,,Nuit avec éclairage allumé,En agglomération,Hors intersection,Pluie légère,Deux véhicules - frontale,,,,,,,,,,,5,2,1,2,1
200800058960,0008-10-09 12:00:00,8,10,9,12,0,620,178,"15, JOUHAUX ( LEON )",,,Plein jour,En agglomération,Hors intersection,Normale,Autre collision,,,,,,,,,,,1,2,1,1,6
200800058961,0008-10-11 23:55:00,8,10,11,23,55,620,178,"1, BONNET",,,Nuit avec éclairage allumé,En agglomération,Hors intersection,Normale,Deux véhicules - côté,,,,,,,,,,,5,2,1,1,3
200800058962,0008-10-01 22:40:00,8,10,1,22,40,620,193,CASTRES (CHEMIN),,,Nuit avec éclairage allumé,En agglomération,Intersection en X,Autre,Autre collision,,,,,,,,,,,5,2,2,9,6
200800058963,0008-10-04 14:10:00,8,10,4,14,10,620,193,ROGER SALENGRO (AVENUE),,,Plein jour,En agglomération,Hors intersection,Normale,Deux véhicules - arrière,,,,,,,,,,,1,2,1,1,2
200800058964,0008-10-16 07:30:00,8,10,16,7,30,620,193,PONT GAMBETTA,,,Nuit avec éclairage allumé,En agglomération,Hors intersection,Normale,Autre collision,,,,,,,,,,,5,2,1,1,6
200800058965,0008-10-21 17:30:00,8,10,21,17,30,620,244,"1770, RN43",,,Plein jour,En agglomération,Hors intersection,Normale,Trois véhicules et plus - collisions multiples,,,,,,,,,,,1,2,1,1,5
200800058966,0008-10-27 04:00:00,8,10,27,4,0,620,193,ROCADE EST,,,Nuit avec éclairage allumé,Hors agglomération,Hors intersection,Normale,Autre collision,,,,,,,,,,,5,1,1,1,6
200800058967,0008-10-26 05:25:00,8,10,26,5,25,620,239,"770, DE GAULLE (AVENUE C",,,Nuit avec éclairage allumé,En agglomération,Hors intersection,Normale,Deux véhicules - frontale,,,,,,,,,,,5,2,1,1,1
200800058968,0008-10-04 22:40:00,8,10,4,22,40,620,413,"sans, ATHENES (R D')",,,Nuit avec éclairage allumé,En agglomération,Intersection en X,Temps couvert,Deux véhicules - côté,,,,,,,,,,,5,2,2,8,3
200800058969,0008-10-12 18:20:00,8,10,12,18,20,620,413,"14, DEUXIEME VOIE (CHEMI",,,Plein jour,En agglomération,Hors intersection,Temps éblouissant,Autre collision,,,,,,,,,,,1,2,1,7,6
200800058970,0008-10-07 21:35:00,8,10,7,21,35,620,250,"sans, BERLINGUEZ (R LOUI",,,Nuit avec éclairage allumé,En agglomération,Hors intersection,Pluie légère,Sans collision,,,,,,,,,,,5,2,1,2,7
200800058971,0008-10-06 17:40:00,8,10,6,17,40,620,250,"sans, LAMENDIN (R ARTHUR",,,Plein jour,Hors agglomération,Hors intersection,Temps couvert,Sans collision,,,,,,,,,,,1,1,1,8,7
200800058972,0008-10-12 09:50:00,8,10,12,9,50,620,637,"sans, DARCHICOURT (AV FE",,,Plein jour,En agglomération,Hors intersection,Normale,Sans collision,,,,,,,,,,,1,2,1,1,7