accident_id,datetime,annee,mois,jour,heure,minute,departement,commune_insee,adresse,latitude,longitude,luminosite,agglomeration,intersection,meteo,collision,nb_vehicules,nb_usagers,nb_indemnes,nb_tues,nb_blesses_hosp,nb_blesses_legers,age_cond_1,age_cond_2,veh_type_cond_1,veh_type_cond_2,lum_code,agg_code,int_code,atm_code,col_code
200800058973,0008-10-25 12:50:00,8,10,25,12,50,620,413,"37, PASCAL (R BLAISE)",,,Plein jour,En agglomération,Hors intersection,Normale,Autre collision,,,,,,,,,,,1,2,1,1,6
200800058974,0008-10-17 07:30:00,8,10,17,7,30,620,637,"sans, PREMIER MAI (R DU)",,,Crépuscule ou aube,En agglomération,Intersection en T,Normale,Deux véhicules - frontale,,,,,,,,,,,2,2,3,1,1
200800058975,0008-10-17 14:05:00,8,10,17,14,5,620,413,"sans, RD917",,,Plein jour,Hors agglomération,Hors intersection,Normale,Deux véhicules - côté,,,,,,,,,,,1,1,1,1,3
200800058976,0008-10-28 07:05:00,8,10,28,7,5,620,250,"79, LIBERATION (R DE LA)",,,Crépuscule ou aube,En agglomération,Hors intersection,Normale,Deux véhicules - côté,,,,,,,,,,,2,2,1,1,3
200800058977,0008-10-06 18:20:00,8,10,6,18,20,620,624,"0, EGALITE (R DE L')",,,Crépuscule ou aube,En agglomération,Hors intersection,Normale,Deux véhicules - frontale,,,,,,,,,,,2,2,1,1,1
200800058978,0008-10-07 21:10:00,8,10,7,21,10,620,274,"95, LIBERTE (R DE LA)",,,Nuit avec éclairage allumé,En agglomération,Hors intersection,Pluie légère,Autre collision,,,,,,,,,,,5,2,1,2,6
200800058979,0008-10-07 08:20:00,8,10,7,8,20,620,427,"0, PRUVOST (R LEON)",,,Crépuscule ou aube,En agglomération,Intersection en X,Normale,Deux véhicules - côté,,,,,,,,,,,2,2,2,1,3
200800058980,0008-10-08 13:55:00,8,10,8,13,55,620,321,"0, CORNUAULT (CITE)",,,Plein jour,En agglomération,Intersection en T,Normale,Deux véhicules - côté,,,,,,,,,,,1,2,3,1,3
200800058981,0008-10-11 15:15:00,8,10,11,15,15,620,427,"369, PERI (BD GABRIEL)",,,Plein jour,En agglomération,Hors intersection,Normale,Autre collision,,,,,,,,,,,1,2,1,1,6
200800058982,0008-10-11 20:25:00,8,10,11,20,25,620,427,"0, BROSSOLETTE (R PIERRE",,,Crépuscule ou aube,En agglomération,Intersection en T,Normale,Deux véhicules - côté,,,,,,,,,,,2,2,3,1,3
200800058983,0008-10-15 16:55:00,8,10,15,16,55,620,587,"81, HARNES (RTE D')",,,Plein jour,En agglomération,Hors intersection,Normale,Autre collision,,,,,,,,,,,1,2,1,1,6
200800058984,0008-10-26 01:00:00,8,10,26,1,0,620,624,"46, DEULE (CHE DE LA HAU",,,Nuit avec éclairage allumé,En agglomération,Hors intersection,Normale,Autre collision,,,,,,,,,,,5,2,1,1,6
200800058985,0008-10-27 21:10:00,8,10,27,21,10,620,274,"0, SALENGRO (R ROGER )",,,Nuit avec éclairage allumé,En agglomération,Intersection en T,Normale,Deux véhicules - frontale,,,,,,,,,,,5,2,3,1,1
200800058986,0008-10-25 06:00:00,8,10,25,6,0,620,427,ROUTE DEPARTEMENTALE 40,,,Nuit sans éclairage public,Hors agglomération,Hors intersection,Brouillard / fumée,Deux véhicules - côté,,,,,,,,,,,3,1,1,5,3
200800058987,0008-10-17 07:35:00,8,10,17,7,35,620,427,"504, SCREVE (BD LOUIS)",,,Crépuscule ou aube,En agglomération,Hors intersection,Normale,Autre collision,,,,,,,,,,,2,2,1,1,6
200800058988,0008-10-16 18:55:00,8,10,16,18,55,620,274,"0, RD 161",,,Crépuscule ou aube,Hors agglomération,Hors intersection,Normale,Autre collision,,,,,,,,,,,2,1,1,1,6
200800058989,0008-10-20 14:00:00,8,10,20,14,0,620,133,"0, REPUBLIQUE (AV. DE LA",,,Plein jour,En agglomération,Hors intersection,Normale,Autre collision,,,,,,,,,,,1,2,1,1,6
200800058990,0008-10-07 18:45:00,8,10,7,18,45,620,427,"0, SCHWEITZER ALBERT (BD",,,Crépuscule ou aube,En agglomération,Autre intersection,Pluie légère,Deux véhicules - côté,,,,,,,,,,,2,2,9,2,3
200800058991,0008-10-30 05:15:00,8,10,30,5,15,620,427,"299, ALLENDE (BD DU PRES",,,Crépuscule ou aube,En agglomération,Hors intersection,Normale,Deux véhicules - arrière,,,,,,,,,,,2,2,1,1,2
200800058992,0008-10-31 11:30:00,8,10,31,11,30,620,427,"31, DIDEROT (R )",,,Plein jour,En agglomération,Hors intersection,Normale,Autre collision,,,,,,,,,,,1,2,1,1,6
200800058993,0008-10-28 11:00:00,8,10,28,11,0,620,427,"0, REPUBLIQUE (PL. DE LA",,,Plein jour,En agglomération,Hors intersection,Normale,Autre collision,,,,,,,,,,,1,2,1,1,6
200800058994,0008-10-03 15:00:00,8,10,3,15,0,620,498,"33, QUATRE SEPTEMBRE (AV",,,Plein jour,En agglomération,Hors intersection,Pluie légère,Autre collision,,,,,,,,,,,1,2,1,2,6
200800058995,0008-10-12 13:55:00,8,10,12,13,55,620,498,"215, MOLIERE (R JEAN BAP",,,Plein jour,En agglomération,Hors intersection,Normale,Autre collision,,,,,,,,,,,1,2,1,1,6
200800058996,0008-10-11 10:50:00,8,10,11,10,50,620,498,"17, QUATRE SEPTEMBRE (AV",,,Plein jour,En agglomération,Hors intersection,Normale,Autre collision,,,,,,,,,,,1,2,1,1,6
200800058997,0008-10-21 11:30:00,8,10,21,11,30,620,498,"sans, ALAIN (R)",,,Plein jour,En agglomération,Hors intersection,Pluie légère,Autre collision,,,,,,,,,,,1,2,1,2,6
200800058998,0008-10-03 14:45:00,8,10,3,14,45,620,498,"sans, BASSEE (RTE DE LA)",,,Plein jour,Hors agglomération,Hors intersection,Normale,Autre collision,,,,,,,,,,,1,1,1,1,6
200800058999,0008-10-14 20:40:00,8,10,14,20,40,620,498,"sans, SAINT EDOUARD (AV)",,,Nuit avec éclairage allumé,En agglomération,Intersection en X,Normale,Deux véhicules - côté,,,,,,,,,,,5,2,2,1,3
200800059000,0008-10-22 14:20:00,8,10,22,14,20,620,498,"sans, BETHUNE (RTE DE)",,,Plein jour,En agglomération,Intersection en T,Normale,Deux véhicules - côté,,,,,,,,,,,1,2,3,1,3
200800059001,0008-10-24 18:50:00,8,10,24,18,50,620,498,"134, MAES (AV. ALFRED )",,,Crépuscule ou aube,En agglomération,Hors intersection,Normale,Deux véhicules - arrière,,,,,,,,,,,2,2,1,1,2
200800059002,0008-10-26 22:20:00,8,10,26,22,20,620,464,"sans, SALENGRO (R ROGER)",,,Nuit avec éclairage allumé,En agglomération,Hors intersection,Pluie forte,Deux véhicules - arrière,,,,,,,,,,,5,2,1,3,2
200800059003,0008-10-11 19:50:00,8,10,11,19,50,620,498,"sans, MAES (AV. ALFRED )",,,Nuit avec éclairage allumé,En agglomération,Hors intersection,Normale,Autre collision,,,,,,,,,,,5,2,1,1,6
200800059004,0008-10-31 11:20:00,8,10,31,11,20,620,498,"59, ZOLA (R EMILE)",,,Plein jour,En agglomération,Hors intersection,Pluie légère,Autre collision,,,,,,,,,,,1,2,1,2,6
200800059005,0008-10-24 11:40:00,8,10,24,11,40,620,895,"sans, DEPARTEMENTALE 165",,,Plein jour,Hors agglomération,Hors intersection,Normale,Autre collision,,,,,,,,,,,1,1,1,1,6
200800059006,0008-10-31 16:00:00,8,10,31,16,0,620,842,"SANS, HUIT MAI (R DU)",,,Plein jour,En agglomération,Intersection en X,Normale,Deux véhicules - côté,,,,,,,,,,,1,2,2,1,3
200800059007,0008-10-03 07:30:00,8,10,3,7,30,620,19,"., ARRAS (RTE D')",,,Crépuscule ou aube,En agglomération,Hors intersection,Pluie forte,Autre collision,,,,,,,,,,,2,2,1,3,6
200800059008,0008-10-15 21:20:00,8,10,15,21,20,620,291,CD 58,,,Nuit avec éclairage allumé,Hors agglomération,Hors intersection,Normale,Autre collision,,,,,,,,,,,5,1,1,1,6
200800059009,0008-10-26 22:38:00,8,10,26,22,38,620,32,"., SALENGRO (R ROGER)",,,Nuit avec éclairage allumé,En agglomération,Hors intersection,Pluie légère,Autre collision,,,,,,,,,,,5,2,1,2,6
200800059010,0008-10-06 07:42:00,8,10,6,7,42,620,186,"., ALSACE (BD D')",,,Crépuscule ou aube,En agglomération,Hors intersection,Normale,Deux véhicules - arrière,,,,,,,,,,,2,2,1,1,2
200800059011,0008-10-07 14:00:00,8,10,7,14,0,620,510,"., DUGUESCLIN (R )",,,Plein jour,En agglomération,Hors intersection,Normale,Deux véhicules - côté,,,,,,,,,,,1,2,1,1,3
200800059012,0008-10-12 17:00:00,8,10,12,17,0,620,489,CD 70,,,Plein jour,En agglomération,Hors intersection,Normale,Autre collision,,,,,,,,,,,1,2,1,1,6
200800059013,0008-10-15 14:00:00,8,10,15,14,0,620,737,"17, PRINCE (RUE DU )",,,Plein jour,En agglomération,Passage à niveau,Pluie légère,Deux véhicules - côté,,,,,,,,,,,1,2,8,2,3
200800059014,0008-10-01 11:50:00,8,10,1,11,50,630,113,"-, COTE BLATIN (BD)",,,Plein jour,En agglomération,Autre intersection,Normale,Autre collision,,,,,,,,,,,1,2,9,1,6
200800059015,0008-10-02 09:50:00,8,10,2,9,50,630,113,VERCINGETORIX (AVENUE),,,Plein jour,En agglomération,Hors intersection,Normale,Autre collision,,,,,,,,,,,1,2,1,1,6
200800059016,0008-10-02 11:06:00,8,10,2,11,6,630,113,"-, MOREL LADEUIL (RUE)",,,Plein jour,En agglomération,Hors intersection,Normale,Autre collision,,,,,,,,,,,1,2,1,1,6
200800059017,0008-10-02 15:00:00,8,10,2,15,0,630,113,"1, ESPLANADE (PLACE DE L",,,Plein jour,En agglomération,Hors intersection,Normale,Trois véhicules et plus - en chaîne,,,,,,,,,,,1,2,1,1,4
200800059018,0008-10-03 08:10:00,8,10,3,8,10,630,113,"., CLAUDIUS (CHAUSSEE)",,,Plein jour,En agglomération,Hors intersection,Pluie légère,Deux véhicules - arrière,,,,,,,,,,,1,2,1,2,2
200800059019,0008-10-03 11:55:00,8,10,3,11,55,630,113,"., BEAULIEU (CHEMIN DE)",,,Plein jour,Hors agglomération,Hors intersection,Normale,Deux véhicules - arrière,,,,,,,,,,,1,1,1,1,2
200800059020,0008-10-04 20:25:00,8,10,4,20,25,630,113,"-, MALFREYT (BD LEON)",,,Nuit avec éclairage allumé,En agglomération,Hors intersection,Normale,Deux véhicules - côté,,,,,,,,,,,5,2,1,1,3
200800059021,0008-10-05 05:00:00,8,10,5,5,0,630,14,CRISTAL (AVENUE ERNEST),,,Nuit avec éclairage allumé,En agglomération,Hors intersection,Normale,Deux véhicules - arrière,,,,,,,,,,,5,2,1,1,2
200800059022,0008-10-06 13:00:00,8,10,6,13,0,630,113,LAFAYETTE (BD),,,Plein jour,Hors agglomération,Intersection en X,Normale,Autre collision,,,,,,,,,,,1,1,2,1,6
200800059023,0008-10-06 20:00:00,8,10,6,20,0,630,113,"-, RABANESSE (RUE DE)",,,Nuit avec éclairage allumé,En agglomération,Hors intersection,Normale,Autre collision,,,,,,,,,,,5,2,1,1,6
200800059024,0008-10-06 21:45:00,8,10,6,21,45,630,113,"1, ESPLANADE (PLACE DE L",,,Nuit avec éclairage allumé,En agglomération,Intersection en X,Normale,Deux véhicules - côté,,,,,,,,,,,5,2,2,1,3
200800059025,0008-10-08 16:30:00,8,10,8,16,30,630,113,"., POMPIDOU (BD GEORGES)",,,Plein jour,En agglomération,Hors intersection,Pluie forte,Deux véhicules - arrière,,,,,,,,,,,1,2,1,3,2
200800059026,0008-10-10 07:25:00,8,10,10,7,25,630,113,"115, LAFAYETTE (BD)",,,Crépuscule ou aube,En agglomération,Hors intersection,Normale,Deux véhicules - côté,,,,,,,,,,,2,2,1,1,3
200800059027,0008-10-10 15:30:00,8,10,10,15,30,630,113,"20, DAGUERRE (RUE)",,,Plein jour,En agglomération,Intersection en X,Normale,Sans collision,,,,,,,,,,,1,2,2,1,7
200800059028,0008-10-10 18:10:00,8,10,10,18,10,630,113,SOLAYER (RUE DU),,,Plein jour,En agglomération,Autre intersection,Normale,Autre collision,,,,,,,,,,,1,2,9,1,6
200800059029,0008-10-10 18:55:00,8,10,10,18,55,630,75,"-, ROYAT (AVENUE DE)",,,Plein jour,En agglomération,Hors intersection,Normale,Autre collision,,,,,,,,,,,1,2,1,1,6
200800059030,0008-10-11 03:40:00,8,10,11,3,40,630,113,"1, BLUM (AVENUE LEON)",,,Nuit avec éclairage allumé,En agglomération,Hors intersection,Normale,Sans collision,,,,,,,,,,,5,2,1,1,7
200800059031,0008-10-11 10:20:00,8,10,11,10,20,630,113,"., POCHET LAGAYE (BD PAU",,,Plein jour,En agglomération,Intersection en X,Normale,Deux véhicules - frontale,,,,,,,,,,,1,2,2,1,1
200800059032,0008-10-12 19:40:00,8,10,12,19,40,630,75,"., BERTHELOT (BOULEVARD)",,,Nuit avec éclairage allumé,En agglomération,Hors intersection,Normale,Autre collision,,,,,,,,,,,5,2,1,1,6
200800059033,0008-10-13 11:30:00,8,10,13,11,30,630,113,"-, BEAULIEU GANDAILLAT (",,,Plein jour,Hors agglomération,Intersection en X,Normale,Deux véhicules - côté,,,,,,,,,,,1,1,2,1,3
200800059034,0008-10-13 17:05:00,8,10,13,17,5,630,113,"185, CLEMENTEL (BD ETIEN",,,Plein jour,En agglomération,Hors intersection,Normale,Autre collision,,,,,,,,,,,1,2,1,1,6
200800059035,0008-10-14 17:50:00,8,10,14,17,50,630,113,"23, AGRICULTURE (AVENUE",,,Plein jour,En agglomération,Hors intersection,Normale,Deux véhicules - côté,,,,,,,,,,,1,2,1,1,3
200800059036,0008-10-15 08:15:00,8,10,15,8,15,630,113,"56, ITALIE (AVENUE DE L'",,,Crépuscule ou aube,En agglomération,Hors intersection,Normale,Trois véhicules et plus - en chaîne,,,,,,,,,,,2,2,1,1,4
200800059037,0008-10-15 15:00:00,8,10,15,15,0,630,113,"., COUTHON (AVENUE GEORG",,,Plein jour,En agglomération,Hors intersection,Normale,Deux véhicules - côté,,,,,,,,,,,1,2,1,1,3
200800059038,0008-10-16 07:50:00,8,10,16,7,50,630,113,"-, COTE BLATIN (BD)",,,Plein jour,En agglomération,Hors intersection,Normale,Sans collision,,,,,,,,,,,1,2,1,1,7
200800059039,0008-10-16 12:30:00,8,10,16,12,30,630,113,RAYNAUD (RUE),,,Plein jour,En agglomération,Intersection en X,Normale,Autre collision,,,,,,,,,,,1,2,2,1,6
200800059040,0008-10-16 21:40:00,8,10,16,21,40,630,113,"-, FLEURY (BD)",,,Nuit avec éclairage allumé,En agglomération,Intersection en X,Normale,Autre collision,,,,,,,,,,,5,2,2,1,6
200800059041,0008-10-17 07:50:00,8,10,17,7,50,630,113,"1, POMPIDOU (BD GEORGES)",,,Plein jour,Hors agglomération,Hors intersection,Normale,Deux véhicules - côté,,,,,,,,,,,1,1,1,1,3
200800059042,0008-10-18 14:50:00,8,10,18,14,50,630,113,"., SAINT JEAN (BD)",,,Plein jour,En agglomération,Hors intersection,Normale,Autre collision,,,,,,,,,,,1,2,1,1,6
200800059043,0008-10-17 14:50:00,8,10,17,14,50,630,113,"., SERBIE (RUE DE)",,,Plein jour,En agglomération,Intersection en X,Normale,Deux véhicules - côté,,,,,,,,,,,1,2,2,1,3
200800059044,0008-10-17 16:55:00,8,10,17,16,55,630,32,"-, CHAUMONTEL (RUE DE)",,,Plein jour,En agglomération,Autre intersection,Normale,Deux véhicules - côté,,,,,,,,,,,1,2,9,1,3
200800059045,0008-10-17 17:20:00,8,10,17,17,20,630,14,"134, COURNON (AVENUE DE)",,,Plein jour,En agglomération,Hors intersection,Normale,Autre collision,,,,,,,,,,,1,2,1,1,6
200800059046,0008-10-19 00:30:00,8,10,19,0,30,630,113,"-, MOINIER (RUE ANDRE)",,,Nuit avec éclairage allumé,En agglomération,Hors intersection,Normale,Autre collision,,,,,,,,,,,5,2,1,1,6
200800059047,0008-10-19 13:30:00,8,10,19,13,30,630,113,"1, JAUDE PLACE DE)",,,Plein jour,En agglomération,Hors intersection,Normale,Autre collision,,,,,,,,,,,1,2,1,1,6
200800059048,0008-10-20 08:55:00,8,10,20,8,55,630,113,"122, LAVOISIERS (BD)",,,Plein jour,En agglomération,Hors intersection,Normale,Trois véhicules et plus - en chaîne,,,,,,,,,,,1,2,1,1,4
200800059049,0008-10-20 17:15:00,8,10,20,17,15,630,113,"., BEAUPEYRAS (RUE DE)",,,Plein jour,En agglomération,Hors intersection,Normale,Sans collision,,,,,,,,,,,1,2,1,1,7
200800059050,0008-10-21 17:05:00,8,10,21,17,5,630,113,"28, COTE BLATIN (BD)",,,Plein jour,En agglomération,Hors intersection,Normale,Autre collision,,,,,,,,,,,1,2,1,1,6
200800059051,0008-10-21 17:45:00,8,10,21,17,45,630,113,"-, FLAUBERT (BD GUSTAVE)",,,Plein jour,En agglomération,Hors intersection,Normale,Autre collision,,,,,,,,,,,1,2,1,1,6
200800059052,0008-10-21 18:50:00,8,10,21,18,50,630,113,"126, LIMOUSIN (AVENUE DU",,,Plein jour,En agglomération,Hors intersection,Temps couvert,Deux véhicules - frontale,,,,,,,,,,,1,2,1,8,1
200800059053,0008-10-21 18:40:00,8,10,21,18,40,630,113,"., JOUHAUX (BD LEON)",,,Crépuscule ou aube,En agglomération,Giratoire,Pluie légère,Deux véhicules - côté,,,,,,,,,,,2,2,6,2,3
200800059054,0008-10-21 20:30:00,8,10,21,20,30,630,32,"227, ROMAGNAT (ROUTE DE)",,,Nuit avec éclairage allumé,En agglomération,Hors intersection,Pluie forte,Autre collision,,,,,,,,,,,5,2,1,3,6
200800059055,0008-10-22 07:45:00,8,10,22,7,45,630,113,"-, POCHET LAGAYE (BD PAU",,,Crépuscule ou aube,En agglomération,Autre intersection,Pluie forte,Autre collision,,,,,,,,,,,2,2,9,3,6
200800059056,0008-10-22 18:10:00,8,10,22,18,10,630,308,CHARADE (CIRCUIT DE),,,Plein jour,Hors agglomération,Hors intersection,Pluie légère,Autre collision,,,,,,,,,,,1,1,1,2,6
200800059057,0008-10-23 15:05:00,8,10,23,15,5,630,113,"-, JAURES (BD JEAN)",,,Plein jour,En agglomération,Hors intersection,Normale,Autre collision,,,,,,,,,,,1,2,1,1,6
200800059058,0008-10-23 17:10:00,8,10,23,17,10,630,113,"10bis, LUMIERE (RUE DES",,,Plein jour,En agglomération,Hors intersection,Temps éblouissant,Autre collision,,,,,,,,,,,1,2,1,7,6
200800059059,0008-10-24 07:15:00,8,10,24,7,15,630,32,"11, HOTEL DE VILLE (RUE",,,Nuit avec éclairage allumé,En agglomération,Hors intersection,Normale,Autre collision,,,,,,,,,,,5,2,1,1,6
200800059060,0008-10-24 11:45:00,8,10,24,11,45,630,113,"-, MALLY (RUE DU DR)",,,Plein jour,En agglomération,Hors intersection,Normale,Deux véhicules - arrière,,,,,,,,,,,1,2,1,1,2
200800059061,0008-10-24 12:30:00,8,10,24,12,30,630,113,"., BRIAND (BD ARISTIDE)",,,Plein jour,En agglomération,Intersection en X,Normale,Deux véhicules - côté,,,,,,,,,,,1,2,2,1,3
200800059062,0008-10-24 13:15:00,8,10,24,13,15,630,113,"52, AUGER (RUE)",,,Plein jour,En agglomération,Hors intersection,Normale,Deux véhicules - arrière,,,,,,,,,,,1,2,1,1,2
200800059063,0008-10-24 18:20:00,8,10,24,18,20,630,14,"10, CRISTAL (AVENUE ERNE",,,Plein jour,En agglomération,Hors intersection,Normale,Deux véhicules - côté,,,,,,,,,,,1,2,1,1,3
200800059064,0008-10-26 22:15:00,8,10,26,22,15,630,113,"-, MOULIN (BD JEAN)",,,Plein jour,En agglomération,Autre intersection,Normale,Deux véhicules - côté,,,,,,,,,,,1,2,9,1,3
200800059065,0008-10-27 09:40:00,8,10,27,9,40,630,113,"., CUGNOT (RUE NICOLAS-J",,,Plein jour,En agglomération,Hors intersection,Normale,Deux véhicules - côté,,,,,,,,,,,1,2,1,1,3
200800059066,0008-10-27 17:00:00,8,10,27,17,0,630,113,"-, FLAUBERT (BD GUSTAVE)",,,Plein jour,En agglomération,Hors intersection,Pluie légère,Trois véhicules et plus - en chaîne,,,,,,,,,,,1,2,1,2,4
200800059067,0008-10-29 14:40:00,8,10,29,14,40,630,113,"41, ITALIE (AVENUE DE L'",,,Plein jour,En agglomération,Hors intersection,Normale,Trois véhicules et plus - en chaîne,,,,,,,,,,,1,2,1,1,4
200800059068,0008-10-29 15:00:00,8,10,29,15,0,630,113,"-, GAGARINE (RUE YOURI)",,,Plein jour,Hors agglomération,Autre intersection,Normale,Deux véhicules - côté,,,,,,,,,,,1,1,9,1,3
200800059069,0008-10-30 14:05:00,8,10,30,14,5,630,113,"119 A, LAFAYETTE (BD)",,,Plein jour,En agglomération,Hors intersection,Normale,Deux véhicules - côté,,,,,,,,,,,1,2,1,1,3
200800059070,0008-10-31 10:00:00,8,10,31,10,0,630,113,"119, LAFAYETTE (BD)",,,Plein jour,En agglomération,Hors intersection,Normale,Autre collision,,,,,,,,,,,1,2,1,1,6
200800059071,0008-10-31 11:55:00,8,10,31,11,55,630,113,"53, COTE BLATIN (BD)",,,Plein jour,En agglomération,Hors intersection,Normale,Deux véhicules - arrière,,,,,,,,,,,1,2,1,1,2
200800059072,0008-10-31 15:30:00,8,10,31,15,30,630,113,"52, PAULINES (AVENUE DES",,,Plein jour,En agglomération,Hors intersection,Pluie légère,Autre collision,,,,,,,,,,,1,2,1,2,6
200800059073,0008-10-31 18:20:00,8,10,31,18,20,630,113,"., KENNEDY (BD J.F.)",,,Nuit avec éclairage non allumé,En agglomération,Hors intersection,Pluie légère,Deux véhicules - côté,,,,,,,,,,,4,2,1,2,3
200800059074,0008-10-06 19:00:00,8,10,6,19,0,630,193,RD 766,,,Plein jour,Hors agglomération,Hors intersection,Normale,Deux véhicules - frontale,,,,,,,,,,,1,1,1,1,1
200800059075,0008-10-11 09:45:00,8,10,11,9,45,630,193,RD 769,,,Plein jour,En agglomération,Intersection en X,Normale,Deux véhicules - côté,,,,,,,,,,,1,2,2,1,3
200800059076,0008-10-25 01:45:00,8,10,25,1,45,630,193,Bretelle sortie A711,,,Nuit avec éclairage allumé,Hors agglomération,Hors intersection,Normale,Sans collision,,,,,,,,,,,5,1,1,1,7
200800059077,0008-10-29 05:50:00,8,10,29,5,50,630,124,DE GAULLE (BOULEVARD CHA,,,Nuit avec éclairage allumé,Hors agglomération,Intersection en Y,Normale,Deux véhicules - côté,,,,,,,,,,,5,1,4,1,3
200800059078,0008-10-01 06:20:00,8,10,1,6,20,630,164,"1, MOULIN (RUE JEAN)",,,Nuit avec éclairage allumé,En agglomération,Hors intersection,Normale,Deux véhicules - côté,,,,,,,,,,,5,2,1,1,3
200800059079,0008-10-27 11:00:00,8,10,27,11,0,630,164,CHARMES (CARREFOUR DES),,,Plein jour,En agglomération,Hors intersection,Pluie légère,Deux véhicules - arrière,,,,,,,,,,,1,2,1,2,2
200800059080,0008-10-02 07:15:00,8,10,2,7,15,630,300,"., LIBERATION (AVENUE DE",,,Crépuscule ou aube,En agglomération,Intersection en X,Pluie légère,Deux véhicules - côté,,,,,,,,,,,2,2,2,2,3
200800059081,0008-10-01 17:30:00,8,10,1,17,30,640,24,"1, BARRE (PROMENADE DE L",,,Plein jour,En agglomération,Giratoire,Temps couvert,Deux véhicules - côté,,,,,,,,,,,1,2,6,8,3
200800059082,0008-10-06 18:02:00,8,10,6,18,2,640,102,"., FORGUES FERNAND (AVEN",,,Plein jour,En agglomération,Hors intersection,Normale,Deux véhicules - arrière,,,,,,,,,,,1,2,1,1,2
200800059083,0008-10-06 15:09:00,8,10,6,15,9,640,102,"., PAULMY (AVENUE DES AL",,,Plein jour,En agglomération,Hors intersection,Normale,Deux véhicules - côté,,,,,,,,,,,1,2,1,1,3
200800059084,0008-10-15 10:00:00,8,10,15,10,0,640,102,B.A.B (AVENUE DU),,,Plein jour,En agglomération,Intersection en X,Normale,Deux véhicules - côté,,,,,,,,,,,1,2,2,1,3
200800059085,0008-10-15 16:40:00,8,10,15,16,40,640,102,LAFONT (RUE DU GENERAL),,,Plein jour,En agglomération,Intersection en T,Normale,Deux véhicules - côté,,,,,,,,,,,1,2,3,1,3
200800059086,0008-10-15 17:20:00,8,10,15,17,20,640,24,BARRE (Parking de la),,,Plein jour,En agglomération,Hors intersection,Normale,Deux véhicules - côté,,,,,,,,,,,1,2,1,1,3
200800059087,0008-10-16 07:54:00,8,10,16,7,54,640,24,"., MAIGNON (ROUTE DE)",,,Nuit avec éclairage allumé,En agglomération,Intersection en T,Normale,Deux véhicules - côté,,,,,,,,,,,5,2,3,1,3
200800059088,0008-10-18 21:04:00,8,10,18,21,4,640,24,"16, HAUSQUETTE (RUE DE)",,,Nuit avec éclairage allumé,En agglomération,Intersection en T,Normale,Deux véhicules - côté,,,,,,,,,,,5,2,3,1,3
200800059089,0008-10-20 10:48:00,8,10,20,10,48,640,24,LAPORTE (AVENUE JEAN LEO,,,Plein jour,En agglomération,Intersection en X,Normale,Deux véhicules - côté,,,,,,,,,,,1,2,2,1,3
200800059090,0008-10-27 11:04:00,8,10,27,11,4,640,102,QUATORZE AVRIL (AVENUE D,,,Plein jour,En agglomération,Intersection en T,Normale,Autre collision,,,,,,,,,,,1,2,3,1,6
200800059091,0008-10-27 18:56:00,8,10,27,18,56,640,24,BERNAIN (AVENUE EUGENE),,,Crépuscule ou aube,En agglomération,Place,Pluie forte,Deux véhicules - côté,,,,,,,,,,,2,2,7,3,3
200800059092,0008-10-01 14:35:00,8,10,1,14,35,640,125,"., BAYONNE (AVENUE DE)",,,Plein jour,En agglomération,Giratoire,Temps couvert,Deux véhicules - côté,,,,,,,,,,,1,2,6,8,3
200800059093,0008-10-03 15:25:00,8,10,3,15,25,640,122,"., FLOQUET CHARLES (AVEN",,,Plein jour,En agglomération,Giratoire,Normale,Deux véhicules - côté,,,,,,,,,,,1,2,6,1,3
200800059094,0008-10-06 08:40:00,8,10,6,8,40,640,122,"19, REINE VICTORIA (AVEN",,,Plein jour,En agglomération,Hors intersection,Normale,Deux véhicules - côté,,,,,,,,,,,1,2,1,1,3
200800059095,0008-10-07 15:10:00,8,10,7,15,10,640,125,CHABADENIA (AVENUE),,,Plein jour,Hors agglomération,Hors intersection,Pluie forte,Trois véhicules et plus - en chaîne,,,,,,,,,,,1,1,1,3,4
200800059096,0008-10-07 19:30:00,8,10,7,19,30,640,125,"., ATHERBEA (AVENUE)",,,Nuit avec éclairage allumé,En agglomération,Hors intersection,Pluie légère,Deux véhicules - côté,,,,,,,,,,,5,2,1,2,3
200800059097,0008-10-09 10:00:00,8,10,9,10,0,640,122,"., LARREGUY (RUE)",,,Plein jour,En agglomération,Intersection en X,Normale,Deux véhicules - côté,,,,,,,,,,,1,2,2,1,3
200800059098,0008-10-10 15:20:00,8,10,10,15,20,640,122,"., MAYSONNABE (RUE DE -",,,Plein jour,En agglomération,Intersection en X,Normale,Deux véhicules - côté,,,,,,,,,,,1,2,2,1,3
200800059099,0008-10-11 10:00:00,8,10,11,10,0,640,122,"3, LUIS MARIANO (AVENUE-",,,Plein jour,En agglomération,Hors intersection,Normale,Deux véhicules - côté,,,,,,,,,,,1,2,1,1,3
200800059100,0008-10-16 11:40:00,8,10,16,11,40,640,122,"17, JEAN JAURES (RUE)",,,Plein jour,En agglomération,Hors intersection,Normale,Deux véhicules - côté,,,,,,,,,,,1,2,1,1,3
200800059101,0008-10-16 17:55:00,8,10,16,17,55,640,122,"., ""KENNEDY (AVENUE DU P",,,Plein jour,En agglomération,Hors intersection,Normale,Deux véhicules - côté,,,,,,,,,,,1,2,1,1,3
200800059102,0008-10-21 16:15:00,8,10,21,16,15,640,122,"7, LAC MARION (AVENUE DU",,,Plein jour,En agglomération,Autre intersection,Pluie légère,Deux véhicules - côté,,,,,,,,,,,1,2,9,2,3
200800059103,0008-10-26 10:00:00,8,10,26,10,0,640,122,"56, ""FOCH (AV, DU MARECH",,,Plein jour,En agglomération,Autre intersection,Normale,Sans collision,,,,,,,,,,,1,2,9,1,7