accident_id,datetime,annee,mois,jour,heure,minute,departement,commune_insee,adresse,latitude,longitude,luminosite,agglomeration,intersection,meteo,collision,nb_vehicules,nb_usagers,nb_indemnes,nb_tues,nb_blesses_hosp,nb_blesses_legers,age_cond_1,age_cond_2,veh_type_cond_1,veh_type_cond_2,lum_code,agg_code,int_code,atm_code,col_code
200800059104,0008-10-27 12:15:00,8,10,27,12,15,640,122,"9, VICTOR HUGO (AVENUE)",,,Plein jour,En agglomération,Hors intersection,Normale,Autre collision,,,,,,,,,,,1,2,1,1,6
200800059105,0008-10-31 12:30:00,8,10,31,12,30,640,122,"44, ""KENNEDY (AVENUE DU",,,Plein jour,En agglomération,Hors intersection,Normale,Deux véhicules - côté,,,,,,,,,,,1,2,1,1,3
200800059106,0008-10-01 11:35:00,8,10,1,11,35,640,445,"0, OLOF PALME",,,Plein jour,En agglomération,Hors intersection,Normale,Trois véhicules et plus - collisions multiples,,,,,,,,,,,1,2,1,1,5
200800059107,0008-10-02 09:30:00,8,10,2,9,30,640,445,"943, ALFRED NOBEL",,,Plein jour,En agglomération,Hors intersection,Normale,Trois véhicules et plus - collisions multiples,,,,,,,,,,,1,2,1,1,5
200800059108,0008-10-02 18:05:00,8,10,2,18,5,640,445,"0, CATHERINE DE BOURBON",,,Plein jour,En agglomération,Intersection en T,Normale,Deux véhicules - côté,,,,,,,,,,,1,2,3,1,3
200800059109,0008-10-04 19:35:00,8,10,4,19,35,640,269,"59, TARBES DE",,,Crépuscule ou aube,En agglomération,Hors intersection,Normale,Deux véhicules - côté,,,,,,,,,,,2,2,1,1,3
200800059110,0008-10-06 09:20:00,8,10,6,9,20,640,445,"1, REPUBLIQUE",,,Plein jour,En agglomération,Hors intersection,Temps éblouissant,Autre collision,,,,,,,,,,,1,2,1,7,6
200800059111,0008-10-07 18:45:00,8,10,7,18,45,640,445,"0, SERVIEZ",,,Plein jour,En agglomération,Intersection en T,Pluie légère,Deux véhicules - côté,,,,,,,,,,,1,2,3,2,3
200800059112,0008-10-07 15:20:00,8,10,7,15,20,640,335,"1, D289",,,Plein jour,En agglomération,Hors intersection,Normale,Deux véhicules - côté,,,,,,,,,,,1,2,1,1,3
200800059113,0008-10-08 17:10:00,8,10,8,17,10,640,129,LALANNE,,,Plein jour,En agglomération,Hors intersection,Normale,Deux véhicules - arrière,,,,,,,,,,,1,2,1,1,2
200800059114,0008-10-08 17:25:00,8,10,8,17,25,640,445,UNIVERSITE DE L',,,Plein jour,En agglomération,Hors intersection,Normale,Autre collision,,,,,,,,,,,1,2,1,1,6
200800059115,0008-10-10 10:55:00,8,10,10,10,55,640,445,"4, JEAN MERMOZ",,,Plein jour,En agglomération,Intersection en X,Normale,Deux véhicules - côté,,,,,,,,,,,1,2,2,1,3
200800059116,0008-10-10 10:00:00,8,10,10,10,0,640,445,"1, REPUBLIQUE",,,Plein jour,En agglomération,Hors intersection,Normale,Autre collision,,,,,,,,,,,1,2,1,1,6
200800059117,0008-10-10 11:30:00,8,10,10,11,30,640,445,"20, BEARN DE",,,Plein jour,En agglomération,Hors intersection,Normale,Trois véhicules et plus - collisions multiples,,,,,,,,,,,1,2,1,1,5
200800059118,0008-10-10 20:55:00,8,10,10,20,55,640,348,"0, ERCKMAN CHATRIAN",,,Nuit avec éclairage allumé,En agglomération,Hors intersection,Normale,Deux véhicules - côté,,,,,,,,,,,5,2,1,1,3
200800059119,0008-10-12 21:15:00,8,10,12,21,15,640,445,"0, ALSACE LORRAINE D'",,,Nuit avec éclairage non allumé,En agglomération,Intersection en X,Normale,Deux véhicules - côté,,,,,,,,,,,4,2,2,1,3
200800059120,0008-10-14 18:10:00,8,10,14,18,10,640,445,"80, GASTON PHOEBUS",,,Plein jour,En agglomération,Hors intersection,Normale,Deux véhicules - côté,,,,,,,,,,,1,2,1,1,3
200800059121,0008-10-15 08:10:00,8,10,15,8,10,640,445,"1, BENGHOZI AUDREY",,,Crépuscule ou aube,En agglomération,Intersection en X,Normale,Autre collision,,,,,,,,,,,2,2,2,1,6
200800059122,0008-10-16 18:35:00,8,10,16,18,35,640,348,"40, MIRASSOU",,,Plein jour,En agglomération,Hors intersection,Normale,Autre collision,,,,,,,,,,,1,2,1,1,6
200800059123,0008-10-19 18:53:00,8,10,19,18,53,640,445,"12, GENERAL DE GAULLE DU",,,Crépuscule ou aube,En agglomération,Hors intersection,Normale,Trois véhicules et plus - collisions multiples,,,,,,,,,,,2,2,1,1,5
200800059124,0008-10-17 13:01:00,8,10,17,13,1,640,445,"0, COPERNIC",,,Plein jour,En agglomération,Hors intersection,Normale,Deux véhicules - côté,,,,,,,,,,,1,2,1,1,3
200800059125,0008-10-20 16:30:00,8,10,20,16,30,640,445,"31, CARNOT",,,Plein jour,En agglomération,Hors intersection,Normale,Trois véhicules et plus - collisions multiples,,,,,,,,,,,1,2,1,1,5
200800059126,0008-10-20 18:25:00,8,10,20,18,25,640,445,"0, LOUIS BARTHOU",,,Plein jour,En agglomération,Intersection en X,Normale,Deux véhicules - côté,,,,,,,,,,,1,2,2,1,3
200800059127,0008-10-20 07:10:00,8,10,20,7,10,640,445,"177, JEAN MERMOZ",,,Nuit avec éclairage allumé,En agglomération,Hors intersection,Normale,Deux véhicules - arrière,,,,,,,,,,,5,2,1,1,2
200800059128,0008-10-20 17:00:00,8,10,20,17,0,640,445,"1, JEAN BIRAY",,,Plein jour,En agglomération,Hors intersection,Normale,Deux véhicules - côté,,,,,,,,,,,1,2,1,1,3
200800059129,0008-10-21 21:30:00,8,10,21,21,30,640,445,UNIVERSITE DE L',,,Nuit avec éclairage allumé,En agglomération,Autre intersection,Normale,Deux véhicules - côté,,,,,,,,,,,5,2,9,1,3
200800059130,0008-10-22 09:00:00,8,10,22,9,0,640,132,"30, MARECHAL FOCH",,,Plein jour,En agglomération,Hors intersection,Pluie légère,Deux véhicules - côté,,,,,,,,,,,1,2,1,2,3
200800059131,0008-10-22 07:20:00,8,10,22,7,20,640,348,"0, PONT LONG DU",,,Nuit avec éclairage non allumé,En agglomération,Intersection en X,Pluie forte,Deux véhicules - côté,,,,,,,,,,,4,2,2,3,3
200800059132,0008-10-23 07:50:00,8,10,23,7,50,640,445,", PAIX",,,Crépuscule ou aube,En agglomération,Intersection en T,Normale,Deux véhicules - côté,,,,,,,,,,,2,2,3,1,3
200800059133,0008-10-24 10:05:00,8,10,24,10,5,640,445,"85, RAUSKY",,,Plein jour,En agglomération,Hors intersection,Normale,Deux véhicules - arrière,,,,,,,,,,,1,2,1,1,2
200800059134,0008-10-24 16:25:00,8,10,24,16,25,640,284,"32, HENRI IV",,,Plein jour,En agglomération,Hors intersection,Normale,Trois véhicules et plus - en chaîne,,,,,,,,,,,1,2,1,1,4
200800059135,0008-10-25 22:15:00,8,10,25,22,15,640,445,PAIX,,,Nuit sans éclairage public,En agglomération,Intersection en X,Normale,Deux véhicules - côté,,,,,,,,,,,3,2,2,1,3
200800059136,0008-10-26 17:15:00,8,10,26,17,15,640,445,"0, CARNOT",,,Plein jour,En agglomération,Intersection en T,Normale,Deux véhicules - arrière,,,,,,,,,,,1,2,3,1,2
200800059137,0008-10-25 17:00:00,8,10,25,17,0,640,445,"0, SAINT-LOUIS DE GONZAG",,,Plein jour,En agglomération,Hors intersection,Normale,Deux véhicules - côté,,,,,,,,,,,1,2,1,1,3
200800059138,0008-10-25 18:30:00,8,10,25,18,30,640,445,"203 bis, PAIX",,,Crépuscule ou aube,En agglomération,Hors intersection,Normale,Trois véhicules et plus - collisions multiples,,,,,,,,,,,2,2,1,1,5
200800059139,0008-10-27 19:00:00,8,10,27,19,0,640,445,"1, GASTON PHOEBUS",,,Nuit avec éclairage allumé,En agglomération,Hors intersection,Pluie forte,Trois véhicules et plus - collisions multiples,,,,,,,,,,,5,2,1,3,5
200800059140,0008-10-31 16:55:00,8,10,31,16,55,640,445,"0, CAMI SALIE DU",,,Plein jour,En agglomération,Hors intersection,Normale,Trois véhicules et plus - en chaîne,,,,,,,,,,,1,2,1,1,4
200800059141,0008-10-02 11:40:00,8,10,2,11,40,640,260,"13, EMPEREUR (BOULEVARD",,,Plein jour,En agglomération,Hors intersection,Normale,Deux véhicules - frontale,,,,,,,,,,,1,2,1,1,1
200800059142,0008-10-13 11:45:00,8,10,13,11,45,640,260,"112, RICHELIEU (PASSAGE)",,,Plein jour,En agglomération,Hors intersection,Normale,Autre collision,,,,,,,,,,,1,2,1,1,6
200800059143,0008-10-13 17:50:00,8,10,13,17,50,640,260,CORNICHE (ROUTE DE LA),,,Plein jour,Hors agglomération,Hors intersection,Normale,Deux véhicules - côté,,,,,,,,,,,1,1,1,1,3
200800059144,0008-10-15 12:15:00,8,10,15,12,15,640,483,RD810,,,Plein jour,En agglomération,Hors intersection,Normale,Deux véhicules - arrière,,,,,,,,,,,1,2,1,1,2
200800059145,0008-10-24 17:10:00,8,10,24,17,10,640,483,"6, ITHURRALDE ANDRE (AVE",,,Plein jour,En agglomération,Hors intersection,Normale,Deux véhicules - côté,,,,,,,,,,,1,2,1,1,3
200800059146,0008-10-25 12:45:00,8,10,25,12,45,640,260,"36, LECLERC (BOULEVARD D",,,Plein jour,En agglomération,Hors intersection,Normale,Deux véhicules - côté,,,,,,,,,,,1,2,1,1,3
200800059147,0008-10-27 14:45:00,8,10,27,14,45,640,260,CORNICHE (ROUTE DE LA),,,Plein jour,Hors agglomération,Hors intersection,Pluie forte,Deux véhicules - côté,,,,,,,,,,,1,1,1,3,3
200800059148,0008-10-29 12:50:00,8,10,29,12,50,640,260,"15, EMPEREUR (BOULEVARD",,,Plein jour,En agglomération,Hors intersection,Pluie légère,Deux véhicules - côté,,,,,,,,,,,1,2,1,2,3
200800059149,0008-10-30 14:15:00,8,10,30,14,15,640,260,"2, EMPEREUR (BOULEVARD D",,,Plein jour,En agglomération,Hors intersection,Normale,Deux véhicules - côté,,,,,,,,,,,1,2,1,1,3
200800059150,0008-10-31 13:55:00,8,10,31,13,55,640,483,"25, THIERS ADOLPHE (BOUL",,,Plein jour,En agglomération,Hors intersection,Pluie forte,Deux véhicules - côté,,,,,,,,,,,1,2,1,3,3
200800059151,0008-10-04 18:40:00,8,10,4,18,40,640,545,IBARDIN (ROUTE D'),,,Crépuscule ou aube,Hors agglomération,Hors intersection,Normale,Autre collision,,,,,,,,,,,2,1,1,1,6
200800059152,0008-10-09 16:55:00,8,10,9,16,55,640,545,RD810,,,Plein jour,En agglomération,Hors intersection,Normale,Deux véhicules - arrière,,,,,,,,,,,1,2,1,1,2
200800059153,0008-10-03 10:40:00,8,10,3,10,40,640,483,PYRENEES (AVENUE DES),,,Plein jour,En agglomération,Hors intersection,Normale,Deux véhicules - côté,,,,,,,,,,,1,2,1,1,3
200800059154,0008-10-06 19:30:00,8,10,6,19,30,640,545,CIBOURE A OLHETTE (ROUTE,,,Crépuscule ou aube,En agglomération,Intersection en T,Normale,Deux véhicules - côté,,,,,,,,,,,2,2,3,1,3
200800059155,0008-10-08 18:40:00,8,10,8,18,40,640,189,"17, MITTERRAND FRANCOIS",,,Crépuscule ou aube,Hors agglomération,Hors intersection,Normale,Deux véhicules - côté,,,,,,,,,,,2,1,1,1,3
200800059156,0008-10-26 17:20:00,8,10,26,17,20,640,483,"1, CORDERIE ( RUE DE LA",,,Plein jour,En agglomération,Hors intersection,Normale,Autre collision,,,,,,,,,,,1,2,1,1,6
200800059157,0008-10-16 07:35:00,8,10,16,7,35,640,260,"20, IRANDATZ ( RUE D')",,,Nuit avec éclairage allumé,En agglomération,Intersection en X,Normale,Deux véhicules - côté,,,,,,,,,,,5,2,2,1,3
200800059158,0008-10-10 11:15:00,8,10,10,11,15,650,286,"1, VERGT (RUE NOTRE DAME",,,Plein jour,En agglomération,Giratoire,Normale,Autre collision,,,,,,,,,,,1,2,6,1,6
200800059159,0008-10-14 19:45:00,8,10,14,19,45,650,286,"27, LANNEDARRE (CHEMIN D",,,Nuit avec éclairage allumé,En agglomération,Hors intersection,Normale,Deux véhicules - côté,,,,,,,,,,,5,2,1,1,3
200800059160,0008-10-31 21:50:00,8,10,31,21,50,650,286,"., PYRENEES (RUE DES)",,,Nuit avec éclairage allumé,En agglomération,Hors intersection,Pluie légère,Deux véhicules - frontale,,,,,,,,,,,5,2,1,2,1
200800059161,0008-10-01 09:35:00,8,10,1,9,35,650,440,"24, VERDUN (PLACE DE)",,,Plein jour,En agglomération,Place,Normale,Autre collision,,,,,,,,,,,1,2,7,1,6
200800059162,0008-10-02 07:40:00,8,10,2,7,40,650,440,"23, JOFFRE (AVENUE DU MA",,,Plein jour,En agglomération,Hors intersection,Normale,Deux véhicules - côté,,,,,,,,,,,1,2,1,1,3
200800059163,0008-10-03 11:15:00,8,10,3,11,15,650,100,"8, BORDEAUX (ROUTE DE) C",,,Plein jour,Hors agglomération,Intersection en X,Normale,Deux véhicules - côté,,,,,,,,,,,1,1,2,1,3
200800059164,0008-10-03 17:15:00,8,10,3,17,15,650,331,"1, BELLEVUE (RUE)",,,Plein jour,En agglomération,Hors intersection,Pluie légère,Autre collision,,,,,,,,,,,1,2,1,2,6
200800059165,0008-10-06 09:35:00,8,10,6,9,35,650,440,"6, JUBINAL (RUE ACHILLE)",,,Plein jour,En agglomération,Hors intersection,Normale,Autre collision,,,,,,,,,,,1,2,1,1,6
200800059166,0008-10-07 09:50:00,8,10,7,9,50,650,440,"., BOIS (PLACE AU)",,,Plein jour,En agglomération,Hors intersection,Normale,Autre collision,,,,,,,,,,,1,2,1,1,6
200800059167,0008-10-07 15:35:00,8,10,7,15,35,650,440,"., ALSACE LORRAINE (AVEN",,,Plein jour,En agglomération,Intersection en X,Normale,Trois véhicules et plus - collisions multiples,,,,,,,,,,,1,2,2,1,5
200800059168,0008-10-10 15:05:00,8,10,10,15,5,650,440,"., ROSTAND (RUE JEAN)",,,Plein jour,En agglomération,Hors intersection,Normale,Autre collision,,,,,,,,,,,1,2,1,1,6
200800059169,0008-10-10 21:50:00,8,10,10,21,50,650,47,"., JAURES (AVE JEAN)",,,Nuit avec éclairage allumé,En agglomération,Hors intersection,Normale,Deux véhicules - arrière,,,,,,,,,,,5,2,1,1,2
200800059170,0008-10-13 07:40:00,8,10,13,7,40,650,417,"., SPORTS (AVENUE DES)",,,Crépuscule ou aube,En agglomération,Intersection en X,Pluie légère,Deux véhicules - côté,,,,,,,,,,,2,2,2,2,3
200800059171,0008-10-13 08:50:00,8,10,13,8,50,650,251,"., PYRENEES (RUE DES)",,,Plein jour,En agglomération,Hors intersection,Pluie légère,Trois véhicules et plus - en chaîne,,,,,,,,,,,1,2,1,2,4
200800059172,0008-10-13 17:40:00,8,10,13,17,40,650,440,PAU (ROUTE DE),,,Plein jour,En agglomération,Giratoire,Normale,Deux véhicules - arrière,,,,,,,,,,,1,2,6,1,2
200800059173,0008-10-14 15:15:00,8,10,14,15,15,650,226,"., PAU (ROUTE DE)",,,Plein jour,En agglomération,Hors intersection,Normale,Deux véhicules - arrière,,,,,,,,,,,1,2,1,1,2
200800059174,0008-10-15 14:10:00,8,10,15,14,10,650,417,"., HUGO (RUE VICTOR)",,,Plein jour,En agglomération,Intersection en T,Normale,Deux véhicules - frontale,,,,,,,,,,,1,2,3,1,1
200800059175,0008-10-16 19:15:00,8,10,16,19,15,650,47,"., SALLES (RUE EMILE)",,,Nuit avec éclairage allumé,En agglomération,Intersection en T,Pluie légère,Deux véhicules - côté,,,,,,,,,,,5,2,3,2,3
200800059176,0008-10-22 12:15:00,8,10,22,12,15,650,417,"., REPUBLIQUE (RUE DE LA",,,Plein jour,Hors agglomération,Hors intersection,Temps couvert,Deux véhicules - frontale,,,,,,,,,,,1,1,1,8,1
200800059177,0008-10-23 08:25:00,8,10,23,8,25,650,417,"., DALLAS (RUE EDOUARD)",,,Plein jour,En agglomération,Hors intersection,Normale,Deux véhicules - arrière,,,,,,,,,,,1,2,1,1,2
200800059178,0008-10-25 19:20:00,8,10,25,19,20,650,440,"., JUIN (BOULEVARD DU MA",,,Nuit avec éclairage allumé,En agglomération,Hors intersection,Normale,Deux véhicules - frontale,,,,,,,,,,,5,2,1,1,1
200800059179,0008-10-27 07:40:00,8,10,27,7,40,650,47,"17, JAURES (AVE JEAN)",,,Plein jour,En agglomération,Intersection en T,Normale,Deux véhicules - côté,,,,,,,,,,,1,2,3,1,3
200800059180,0008-10-27 11:00:00,8,10,27,11,0,650,440,"127, CORPS FRANC POMMIES",,,Plein jour,En agglomération,Intersection en T,Normale,Autre collision,,,,,,,,,,,1,2,3,1,6
200800059181,0008-10-31 17:45:00,8,10,31,17,45,650,251,"., SOUES (ROUTE DE )",,,Nuit sans éclairage public,Hors agglomération,Hors intersection,Pluie légère,Autre collision,,,,,,,,,,,3,1,1,2,6
200800059182,0008-10-31 18:20:00,8,10,31,18,20,650,440,"9, BROGLIE (RUE LOUIS DE",,,Nuit avec éclairage allumé,En agglomération,Intersection en T,Pluie légère,Sans collision,,,,,,,,,,,5,2,3,2,7
200800059183,0008-10-01 17:50:00,8,10,1,17,50,660,136,GRANDE BRETAGNE (AVENUE,,,Plein jour,En agglomération,Hors intersection,Temps éblouissant,Autre collision,,,,,,,,,,,1,2,1,7,6
200800059184,0008-10-03 16:00:00,8,10,3,16,0,660,136,PALAIS-DES-EXPO (AVENUE,,,Plein jour,En agglomération,Hors intersection,Normale,Autre collision,,,,,,,,,,,1,2,1,1,6
200800059185,0008-10-03 18:00:00,8,10,3,18,0,660,136,CIGALE (IMPASSE ET RUE D,,,Plein jour,En agglomération,Intersection en X,Normale,Deux véhicules - côté,,,,,,,,,,,1,2,2,1,3
200800059186,0008-10-06 14:00:00,8,10,6,14,0,660,136,RAPHAEL,,,Plein jour,En agglomération,Intersection en X,Normale,Deux véhicules - côté,,,,,,,,,,,1,2,2,1,3
200800059187,0008-10-07 15:00:00,8,10,7,15,0,660,136,AERODROME AVENUE DE L'(C,,,Plein jour,En agglomération,Hors intersection,Normale,Deux véhicules - arrière,,,,,,,,,,,1,2,1,1,2
200800059188,0008-10-09 14:30:00,8,10,9,14,30,660,136,BOURGEOIS,,,Plein jour,En agglomération,Intersection en X,Normale,Deux véhicules - côté,,,,,,,,,,,1,2,2,1,3
200800059189,0008-10-12 05:13:00,8,10,12,5,13,660,136,SAINT CHARLES (ROCADE),,,Nuit sans éclairage public,Hors agglomération,Hors intersection,Normale,Deux véhicules - frontale,,,,,,,,,,,3,1,1,1,1
200800059190,0008-10-11 18:11:00,8,10,11,18,11,660,136,R D 900,,,Plein jour,Hors agglomération,Hors intersection,Normale,Autre collision,,,,,,,,,,,1,1,1,1,6
200800059191,0008-10-20 20:50:00,8,10,20,20,50,660,136,"18, COURTELINE (GEORGES)",,,Nuit avec éclairage allumé,En agglomération,Hors intersection,Normale,Trois véhicules et plus - collisions multiples,,,,,,,,,,,5,2,1,1,5
200800059192,0008-10-16 17:05:00,8,10,16,17,5,660,136,"57, DALBIEZ (AVENUE VICT",,,Plein jour,En agglomération,Hors intersection,Normale,Deux véhicules - côté,,,,,,,,,,,1,2,1,1,3
200800059193,0008-10-22 20:05:00,8,10,22,20,5,660,136,WILSON (BOULEVARD THOMAS,,,Nuit avec éclairage allumé,En agglomération,Intersection en X,Normale,Deux véhicules - côté,,,,,,,,,,,5,2,2,1,3
200800059194,0008-10-27 12:32:00,8,10,27,12,32,660,136,"1870, JULIEN PANCHOT (AV",,,Plein jour,En agglomération,Hors intersection,Normale,Deux véhicules - côté,,,,,,,,,,,1,2,1,1,3
200800059195,0008-10-01 13:45:00,8,10,1,13,45,670,218,"73, LYON (RTE DE)",,,Plein jour,En agglomération,Hors intersection,Temps couvert,Deux véhicules - côté,,,,,,,,,,,1,2,1,8,3
200800059196,0008-10-01 19:55:00,8,10,1,19,55,670,482,RIBEAUVILLE (RUE DE),,,Nuit avec éclairage allumé,Hors agglomération,Hors intersection,Pluie légère,Autre collision,,,,,,,,,,,5,1,1,2,6
200800059197,0008-10-02 01:40:00,8,10,2,1,40,670,482,"0, RHIN (ROUTE DU)",,,Nuit avec éclairage allumé,En agglomération,Hors intersection,Pluie légère,Autre collision,,,,,,,,,,,5,2,1,2,6
200800059198,0008-10-02 07:55:00,8,10,2,7,55,670,482,"0, RENE CASSIN (ALLEE)",,,Plein jour,En agglomération,Hors intersection,Normale,Deux véhicules - côté,,,,,,,,,,,1,2,1,1,3
200800059199,0008-10-03 14:55:00,8,10,3,14,55,670,482,"00, RHIN (ROUTE DU)",,,Plein jour,En agglomération,Hors intersection,Normale,Deux véhicules - arrière,,,,,,,,,,,1,2,1,1,2
200800059200,0008-10-03 18:00:00,8,10,3,18,0,670,482,MULHOUSE (RUE DE),,,Plein jour,En agglomération,Intersection en X,Pluie légère,Deux véhicules - côté,,,,,,,,,,,1,2,2,2,3
200800059201,0008-10-04 12:55:00,8,10,4,12,55,670,482,FAUBOURG NATIONAL (RUE D,,,Plein jour,En agglomération,Hors intersection,Normale,Autre collision,,,,,,,,,,,1,2,1,1,6
200800059202,0008-10-04 23:17:00,8,10,4,23,17,670,482,"0, PAIX (AVENUE DE LA)",,,Nuit avec éclairage allumé,En agglomération,Hors intersection,Normale,Autre collision,,,,,,,,,,,5,2,1,1,6
200800059203,0008-10-05 12:25:00,8,10,5,12,25,670,482,"0, LOUIS PASTEUR (QUAI)",,,Plein jour,En agglomération,Hors intersection,Temps couvert,Deux véhicules - côté,,,,,,,,,,,1,2,1,8,3
200800059204,0008-10-05 23:20:00,8,10,5,23,20,670,447,"7, BISCHWILLER (ROUTE DE",,,Nuit avec éclairage allumé,En agglomération,Hors intersection,Pluie légère,Autre collision,,,,,,,,,,,5,2,1,2,6
200800059205,0008-10-07 11:39:00,8,10,7,11,39,670,482,"0, VOSGES (AVENUE DES)",,,Plein jour,En agglomération,Intersection en X,Normale,Autre collision,,,,,,,,,,,1,2,2,1,6
200800059206,0008-10-08 13:54:00,8,10,8,13,54,670,482,"0, PLAINE DES BOUCHERS (",,,Plein jour,En agglomération,Intersection en X,Normale,Deux véhicules - côté,,,,,,,,,,,1,2,2,1,3
200800059207,0008-10-08 19:00:00,8,10,8,19,0,670,447,"0, ILL (RUE DE L )",,,Nuit avec éclairage allumé,En agglomération,Intersection en X,Pluie légère,Deux véhicules - côté,,,,,,,,,,,5,2,2,2,3
200800059208,0008-10-08 21:20:00,8,10,8,21,20,670,482,"0, RHIN (ROUTE DU)",,,Nuit avec éclairage allumé,En agglomération,Intersection en X,Pluie légère,Autre collision,,,,,,,,,,,5,2,2,2,6
200800059209,0008-10-08 22:00:00,8,10,8,22,0,670,482,"45, ALPES (QUAI DES)",,,Nuit avec éclairage allumé,En agglomération,Intersection en T,Pluie légère,Deux véhicules - côté,,,,,,,,,,,5,2,3,2,3
200800059210,0008-10-09 12:10:00,8,10,9,12,10,670,43,ROSSIGNOLS (RUE DES),,,Plein jour,En agglomération,Intersection en X,Pluie légère,Deux véhicules - côté,,,,,,,,,,,1,2,2,2,3
200800059211,0008-10-09 15:10:00,8,10,9,15,10,670,447,"0, MODER (RUE DE LA)",,,Plein jour,En agglomération,Hors intersection,Autre,Deux véhicules - frontale,,,,,,,,,,,1,2,1,9,1
200800059212,0008-10-09 16:20:00,8,10,9,16,20,670,218,"61, STRASBOURG (ROUTE DE",,,Plein jour,En agglomération,Hors intersection,Normale,Autre collision,,,,,,,,,,,1,2,1,1,6
200800059213,0008-10-09 17:10:00,8,10,9,17,10,670,482,"0, RHIN (ROUTE DU)",,,Plein jour,En agglomération,Hors intersection,Normale,Autre collision,,,,,,,,,,,1,2,1,1,6
200800059214,0008-10-10 17:15:00,8,10,10,17,15,670,447,WISSEMBOURG (RUE DE),,,Plein jour,En agglomération,Intersection en T,Normale,Deux véhicules - côté,,,,,,,,,,,1,2,3,1,3
200800059215,0008-10-10 18:45:00,8,10,10,18,45,670,482,JEAN WENGER VALENTIN (RU,,,Nuit avec éclairage allumé,En agglomération,Hors intersection,Normale,Autre collision,,,,,,,,,,,5,2,1,1,6
200800059216,0008-10-12 14:30:00,8,10,12,14,30,670,365,"9, EGLISE (RUE DE L)",,,Plein jour,En agglomération,Intersection en X,Normale,Autre collision,,,,,,,,,,,1,2,2,1,6
200800059217,0008-10-12 14:30:00,8,10,12,14,30,670,482,"268, LA WANTZENAU (ROUTE",,,Plein jour,En agglomération,Hors intersection,Normale,Deux véhicules - arrière,,,,,,,,,,,1,2,1,1,2
200800059218,0008-10-12 22:30:00,8,10,12,22,30,670,482,"0, WALLONIE (RUE DE)",,,Nuit avec éclairage allumé,En agglomération,Intersection en X,Normale,Deux véhicules - côté,,,,,,,,,,,5,2,2,1,3
200800059219,0008-10-13 18:40:00,8,10,13,18,40,670,447,"23, BARRAGE (RUE DU)",,,Crépuscule ou aube,En agglomération,Hors intersection,Normale,Deux véhicules - frontale,,,,,,,,,,,2,2,1,1,1
200800059220,0008-10-14 03:05:00,8,10,14,3,5,670,482,RHIN (ROUTE DU),,,Nuit avec éclairage allumé,En agglomération,Hors intersection,Normale,Sans collision,,,,,,,,,,,5,2,1,1,7
200800059221,0008-10-14 05:50:00,8,10,14,5,50,670,218,MESSMER (AVENUE),,,Crépuscule ou aube,En agglomération,Intersection en X,Normale,Autre collision,,,,,,,,,,,2,2,2,1,6
200800059222,0008-10-14 08:00:00,8,10,14,8,0,670,482,"00, MOLL (RUE)",,,Plein jour,En agglomération,Intersection en X,Normale,Deux véhicules - côté,,,,,,,,,,,1,2,2,1,3
200800059223,0008-10-14 11:50:00,8,10,14,11,50,670,482,PRESIDENT WILSON (BOULEV,,,Plein jour,En agglomération,Hors intersection,Normale,Autre collision,,,,,,,,,,,1,2,1,1,6
200800059224,0008-10-14 20:05:00,8,10,14,20,5,670,482,FORET NOIRE (AVENUE DE L,,,Nuit avec éclairage allumé,En agglomération,Intersection à plus de 4 branches,Normale,Autre collision,,,,,,,,,,,5,2,5,1,6
200800059225,0008-10-15 03:30:00,8,10,15,3,30,670,482,SCHIRMECK (ROUTE DE),,,Nuit avec éclairage allumé,En agglomération,Intersection en T,Normale,Deux véhicules - côté,,,,,,,,,,,5,2,3,1,3
200800059226,0008-10-15 08:05:00,8,10,15,8,5,670,218,"00, ACHILLE BAUMANN (AVE",,,Plein jour,En agglomération,Intersection en X,Normale,Deux véhicules - côté,,,,,,,,,,,1,2,2,1,3
200800059227,0008-10-15 11:40:00,8,10,15,11,40,670,482,RHIN (ROUTE DU),,,Plein jour,Hors agglomération,Intersection en X,Normale,Autre collision,,,,,,,,,,,1,1,2,1,6
200800059228,0008-10-15 15:30:00,8,10,15,15,30,670,482,"138, ROMAINS (ROUTE DES)",,,Plein jour,En agglomération,Hors intersection,Normale,Autre collision,,,,,,,,,,,1,2,1,1,6
200800059229,0008-10-15 16:00:00,8,10,15,16,0,670,218,FRANÇOIS MITTERRAND (ALL,,,Plein jour,En agglomération,Hors intersection,Normale,Deux véhicules - arrière,,,,,,,,,,,1,2,1,1,2
200800059230,0008-10-15 20:25:00,8,10,15,20,25,670,482,"82, JEAN JAURES (AVENUE)",,,Nuit avec éclairage allumé,En agglomération,Intersection en X,Normale,Deux véhicules - frontale,,,,,,,,,,,5,2,2,1,1
200800059231,0008-10-16 07:50:00,8,10,16,7,50,670,218,"0, LYON (RTE DE)",,,Crépuscule ou aube,En agglomération,Hors intersection,Pluie légère,Autre collision,,,,,,,,,,,2,2,1,2,6
200800059232,0008-10-16 10:25:00,8,10,16,10,25,670,482,"0, PREMIERE ARMEE (RUE D",,,Plein jour,En agglomération,Intersection en T,Pluie légère,Deux véhicules - frontale,,,,,,,,,,,1,2,3,2,1
200800059233,0008-10-17 13:30:00,8,10,17,13,30,670,482,"00, CHAMONIX (RUE DE)",,,Plein jour,En agglomération,Intersection en T,Normale,Deux véhicules - côté,,,,,,,,,,,1,2,3,1,3