accident_id,datetime,annee,mois,jour,heure,minute,departement,commune_insee,adresse,latitude,longitude,luminosite,agglomeration,intersection,meteo,collision,nb_vehicules,nb_usagers,nb_indemnes,nb_tues,nb_blesses_hosp,nb_blesses_legers,age_cond_1,age_cond_2,veh_type_cond_1,veh_type_cond_2,lum_code,agg_code,int_code,atm_code,col_code
200800059495,0008-10-23 19:50:00,8,10,23,19,50,760,108,"464, CANADIENS. RUE DES",,,Nuit avec éclairage allumé,En agglomération,Hors intersection,Normale,Autre collision,,,,,,,,,,,5,2,1,1,6
200800059496,0008-10-25 18:00:00,8,10,25,18,0,760,484,DROUET. RUE PHILIPPE CHA,,,Crépuscule ou aube,En agglomération,Hors intersection,Normale,Deux véhicules - côté,,,,,,,,,,,2,2,1,1,3
200800059497,0008-10-25 15:00:00,8,10,25,15,0,760,322,VOIE RAPIDE SUD 3 (RN 33,,,Plein jour,En agglomération,Hors intersection,Normale,Sans collision,,,,,,,,,,,1,2,1,1,7
200800059498,0008-10-26 13:35:00,8,10,26,13,35,760,216,"14, PAIX. RUE DE LA",,,Plein jour,En agglomération,Hors intersection,Normale,Deux véhicules - côté,,,,,,,,,,,1,2,1,1,3
200800059499,0008-10-25 04:30:00,8,10,25,4,30,760,540,"1, VAL D'EAUPLET. RUE DU",,,Nuit avec éclairage allumé,En agglomération,Hors intersection,Brouillard / fumée,Autre collision,,,,,,,,,,,5,2,1,5,6
200800059500,0008-10-27 10:20:00,8,10,27,10,20,760,540,"1, GUILLAUME LE CONQUERA",,,Plein jour,En agglomération,Hors intersection,Pluie légère,Autre collision,,,,,,,,,,,1,2,1,2,6
200800059501,0008-10-27 15:45:00,8,10,27,15,45,760,540,"1, RICARD. RUE LOUIS",,,Plein jour,En agglomération,Hors intersection,Pluie légère,Autre collision,,,,,,,,,,,1,2,1,2,6
200800059502,0008-10-30 09:10:00,8,10,30,9,10,760,540,"1, PETITES EAUX DE ROBEC",,,Plein jour,En agglomération,Intersection en X,Autre,Deux véhicules - côté,,,,,,,,,,,1,2,2,9,3
200800059503,0008-10-03 07:05:00,8,10,3,7,5,770,108,"32, NAST (RUE GUSTAVE)",,,Nuit avec éclairage allumé,En agglomération,Intersection en X,Pluie forte,Autre collision,,,,,,,,,,,5,2,2,3,6
200800059504,0008-10-09 17:00:00,8,10,9,17,0,770,108,GENDARME CASTERMANT (AVE,,,Plein jour,En agglomération,Hors intersection,Normale,Deux véhicules - frontale,,,,,,,,,,,1,2,1,1,1
200800059505,0008-10-09 20:20:00,8,10,9,20,20,770,108,"1,880, MONTFERMEIL (ROUT",,,Nuit avec éclairage allumé,En agglomération,Hors intersection,Normale,Autre collision,,,,,,,,,,,5,2,1,1,6
200800059506,0008-10-21 12:30:00,8,10,21,12,30,770,108,CLAYE (AVENUE DE),,,Plein jour,En agglomération,Hors intersection,Pluie légère,Deux véhicules - frontale,,,,,,,,,,,1,2,1,2,1
200800059507,0008-10-21 08:05:00,8,10,21,8,5,770,108,"07, NAST (RUE GUSTAVE)",,,Plein jour,En agglomération,Hors intersection,Pluie forte,Deux véhicules - côté,,,,,,,,,,,1,2,1,3,3
200800059508,0008-10-31 18:15:00,8,10,31,18,15,770,108,"28, RESISTANCE (AVENUE D",,,Nuit avec éclairage allumé,En agglomération,Hors intersection,Normale,Autre collision,,,,,,,,,,,5,2,1,1,6
200800059509,0008-10-02 19:40:00,8,10,2,19,40,770,132,"2, RN 34",,,Nuit avec éclairage allumé,Hors agglomération,Hors intersection,Pluie forte,Trois véhicules et plus - en chaîne,,,,,,,,,,,5,1,1,3,4
200800059510,0008-10-20 07:35:00,8,10,20,7,35,770,111,RN34,,,Nuit sans éclairage public,Hors agglomération,Hors intersection,Normale,Autre collision,,,,,,,,,,,3,1,1,1,6
200800059511,0008-10-02 13:45:00,8,10,2,13,45,770,70,D 934,,,Plein jour,Hors agglomération,Hors intersection,Pluie forte,Sans collision,,,,,,,,,,,1,1,1,3,7
200800059512,0008-10-05 17:25:00,8,10,5,17,25,770,70,D 934,,,Plein jour,Hors agglomération,Hors intersection,Pluie forte,Autre collision,,,,,,,,,,,1,1,1,3,6
200800059513,0008-10-13 09:40:00,8,10,13,9,40,770,42,"02, FERTE GAUCHER (RUE D",,,Plein jour,En agglomération,Intersection en X,Normale,Deux véhicules - côté,,,,,,,,,,,1,2,2,1,3
200800059514,0008-10-13 09:35:00,8,10,13,9,35,770,13,VILLIERS A LA ROCHE (CHE,,,Plein jour,Hors agglomération,Hors intersection,Temps éblouissant,Sans collision,,,,,,,,,,,1,1,1,7,7
200800059515,0008-10-18 12:45:00,8,10,18,12,45,770,320,PARIS (AVENUE DE),,,Plein jour,En agglomération,Intersection en T,Normale,Deux véhicules - côté,,,,,,,,,,,1,2,3,1,3
200800059516,0008-10-21 08:20:00,8,10,21,8,20,770,320,D 934 (SORTIE COULOMMIER,,,Crépuscule ou aube,Hors agglomération,Hors intersection,Pluie forte,Trois véhicules et plus - collisions multiples,,,,,,,,,,,2,1,1,3,5
200800059517,0008-10-26 03:30:00,8,10,26,3,30,770,131,ROND POINT D402 RUE DE L,,,Nuit sans éclairage public,Hors agglomération,Giratoire,Normale,Sans collision,,,,,,,,,,,3,1,6,1,7
200800059518,0008-10-26 18:15:00,8,10,26,18,15,770,131,MAL DE LATTRE DE TASSIGN,,,Nuit avec éclairage allumé,En agglomération,Intersection en Y,Normale,Deux véhicules - côté,,,,,,,,,,,5,2,4,1,3
200800059519,0008-10-28 18:30:00,8,10,28,18,30,770,70,FLORIANNE (FERME DE LA),,,Nuit sans éclairage public,Hors agglomération,Intersection en T,Normale,Deux véhicules - arrière,,,,,,,,,,,3,1,3,1,2
200800059520,0008-10-28 17:15:00,8,10,28,17,15,770,152,LYS(AVENUE DU)LE RESTE,,,Nuit avec éclairage allumé,En agglomération,Autre intersection,Normale,Deux véhicules - côté,,,,,,,,,,,5,2,9,1,3
200800059521,0008-10-03 00:25:00,8,10,3,0,25,770,186,D606 de l'obélisque à li,,,Nuit sans éclairage public,Hors agglomération,Hors intersection,Normale,Deux véhicules - arrière,,,,,,,,,,,3,1,1,1,2
200800059522,0008-10-10 10:40:00,8,10,10,10,40,770,186,RD152 de l'obélisque à p,,,Plein jour,Hors agglomération,Hors intersection,Normale,Deux véhicules - frontale,,,,,,,,,,,1,1,1,1,1
200800059523,0008-10-20 18:10:00,8,10,20,18,10,770,186,RD148 carrefour DIANE à,,,Plein jour,Hors agglomération,Hors intersection,Normale,Sans collision,,,,,,,,,,,1,1,1,1,7
200800059524,0008-10-31 08:47:00,8,10,31,8,47,770,186,RD116 PanONF à rte Butte,,,Plein jour,Hors agglomération,Hors intersection,Pluie légère,Deux véhicules - côté,,,,,,,,,,,1,1,1,2,3
200800059525,0008-10-30 21:40:00,8,10,30,21,40,770,243,"31, GENERAL LECLERC  (AV",,,Nuit avec éclairage allumé,En agglomération,Hors intersection,Normale,Deux véhicules - côté,,,,,,,,,,,5,2,1,1,3
200800059526,0008-10-02 17:30:00,8,10,2,17,30,770,243,"114, SAINT DENIS  (RUE",,,Plein jour,En agglomération,Intersection en Y,Normale,Deux véhicules - côté,,,,,,,,,,,1,2,4,1,3
200800059527,0008-10-10 17:28:00,8,10,10,17,28,770,284,"10, APPEL DU 18 JUIN 194",,,Plein jour,En agglomération,Hors intersection,Normale,Autre collision,,,,,,,,,,,1,2,1,1,6
200800059528,0008-10-14 19:59:00,8,10,14,19,59,770,284,"4, VIEUX MOULINS (RUE DE",,,Nuit avec éclairage allumé,En agglomération,Hors intersection,Temps couvert,Autre collision,,,,,,,,,,,5,2,1,8,6
200800059529,0008-10-15 18:05:00,8,10,15,18,5,770,513,"1, BRIAND ARISTIDE (RUE)",,,Plein jour,En agglomération,Hors intersection,Temps couvert,Deux véhicules - côté,,,,,,,,,,,1,2,1,8,3
200800059530,0008-10-30 11:20:00,8,10,30,11,20,770,284,"10, BESSIERES (RUE DU ML",,,Plein jour,En agglomération,Hors intersection,Normale,Autre collision,,,,,,,,,,,1,2,1,1,6
200800059531,0008-10-13 07:45:00,8,10,13,7,45,770,447,C.D 82,,,Plein jour,Hors agglomération,Intersection en T,Normale,Deux véhicules - côté,,,,,,,,,,,1,1,3,1,3
200800059532,0008-10-13 19:45:00,8,10,13,19,45,770,288,"11, PATTON  (AVENUE GENE",,,Nuit avec éclairage allumé,En agglomération,Hors intersection,Normale,Deux véhicules - côté,,,,,,,,,,,5,2,1,1,3
200800059533,0008-10-19 12:50:00,8,10,19,12,50,770,487,R.N 105,,,Plein jour,Hors agglomération,Intersection en X,Normale,Deux véhicules - côté,,,,,,,,,,,1,1,2,1,3
200800059534,0008-10-30 12:20:00,8,10,30,12,20,770,288,"FACE AU 14, GAMBETTA  (B",,,Plein jour,En agglomération,Hors intersection,Normale,Autre collision,,,,,,,,,,,1,2,1,1,6
200800059535,0008-10-02 08:28:00,8,10,2,8,28,770,292,D. 139 (ROUTE),,,Plein jour,En agglomération,Intersection en X,Normale,Trois véhicules et plus - collisions multiples,,,,,,,,,,,1,2,2,1,5
200800059536,0008-10-04 10:15:00,8,10,4,10,15,770,294,FRANKLIN ROOSEVELT (AVEN,,,Plein jour,En agglomération,Hors intersection,Normale,Autre collision,,,,,,,,,,,1,2,1,1,6
200800059537,0008-10-10 20:12:00,8,10,10,20,12,770,123,CD 212,,,Nuit sans éclairage public,Hors agglomération,Giratoire,Normale,Autre collision,,,,,,,,,,,3,1,6,1,6
200800059538,0008-10-12 07:35:00,8,10,12,7,35,770,123,RN2,,,Crépuscule ou aube,Hors agglomération,Hors intersection,Brouillard / fumée,Autre collision,,,,,,,,,,,2,1,1,5,6
200800059539,0008-10-15 12:45:00,8,10,15,12,45,770,294,RN 2,,,Plein jour,Hors agglomération,Hors intersection,Pluie légère,Deux véhicules - côté,,,,,,,,,,,1,1,1,2,3
200800059540,0008-10-23 18:05:00,8,10,23,18,5,770,294,RAYMOND LEFEVRE,,,Plein jour,En agglomération,Intersection à plus de 4 branches,Normale,Deux véhicules - côté,,,,,,,,,,,1,2,5,1,3
200800059541,0008-10-10 11:40:00,8,10,10,11,40,770,292,CLAYE-SOUILLY (ROUTE DE),,,Plein jour,En agglomération,Intersection en X,Normale,Deux véhicules - côté,,,,,,,,,,,1,2,2,1,3
200800059542,0008-10-17 05:40:00,8,10,17,5,40,770,123,RN2,,,Nuit sans éclairage public,Hors agglomération,Hors intersection,Normale,Deux véhicules - arrière,,,,,,,,,,,3,1,1,1,2
200800059543,0008-10-27 07:45:00,8,10,27,7,45,770,294,C.D. 84,,,Nuit avec éclairage allumé,Hors agglomération,Giratoire,Pluie légère,Deux véhicules - côté,,,,,,,,,,,5,1,6,2,3
200800059544,0008-10-05 07:20:00,8,10,5,7,20,770,291,CD 212,,,Crépuscule ou aube,Hors agglomération,Hors intersection,Pluie légère,Deux véhicules - arrière,,,,,,,,,,,2,1,1,2,2
200800059545,0008-10-01 08:30:00,8,10,1,8,30,770,122,PIERRE ET MARIE CURIE(RU,48.65397,3.45699,Plein jour,En agglomération,Intersection en T,Normale,Deux véhicules - côté,,,,,,,,,,,1,2,3,1,3
200800059546,0008-10-02 12:30:00,8,10,2,12,30,770,53,REPUBLIQUE (RUE DE LA),,,Plein jour,En agglomération,Intersection en T,Normale,Deux véhicules - côté,,,,,,,,,,,1,2,3,1,3
200800059547,0008-10-05 18:15:00,8,10,5,18,15,770,53,"30, MARTINETS (RUE DES)",,,Plein jour,En agglomération,Hors intersection,Normale,Autre collision,,,,,,,,,,,1,2,1,1,6
200800059548,0008-10-03 14:50:00,8,10,3,14,50,770,251,MARE AUX PLANTARDS (ROND,,,Plein jour,En agglomération,Giratoire,Pluie légère,Deux véhicules - arrière,,,,,,,,,,,1,2,6,2,2
200800059549,0008-10-03 21:50:00,8,10,3,21,50,770,251,PAUL DELOUVRIER (AVENUE),,,Nuit avec éclairage allumé,En agglomération,Autre intersection,Pluie légère,Deux véhicules - côté,,,,,,,,,,,5,2,9,2,3
200800059550,0008-10-09 16:30:00,8,10,9,16,30,770,53,GENERAL LECLERC (RUE DU),,,Plein jour,En agglomération,Autre intersection,Normale,Deux véhicules - côté,,,,,,,,,,,1,2,9,1,3
200800059551,0008-10-10 08:25:00,8,10,10,8,25,770,122,CHENE(RUE DU),,,Plein jour,En agglomération,Intersection en T,Normale,Deux véhicules - côté,,,,,,,,,,,1,2,3,1,3
200800059552,0008-10-10 12:00:00,8,10,10,12,0,770,251,"55, PARIS (RUE DE)",,,Plein jour,En agglomération,Hors intersection,Normale,Deux véhicules - arrière,,,,,,,,,,,1,2,1,1,2
200800059553,0008-10-19 11:45:00,8,10,19,11,45,770,296,MARRONNIERS (RUE DES),,,Plein jour,En agglomération,Hors intersection,Normale,Autre collision,,,,,,,,,,,1,2,1,1,6
200800059554,0008-10-19 13:30:00,8,10,19,13,30,770,122,VARENNES(RUE DE),,,Plein jour,En agglomération,Hors intersection,Normale,Autre collision,,,,,,,,,,,1,2,1,1,6
200800059555,0008-10-17 11:30:00,8,10,17,11,30,770,53,VILLEMENEUX (ROUTE DE),,,Plein jour,Hors agglomération,Hors intersection,Normale,Sans collision,,,,,,,,,,,1,1,1,1,7
200800059556,0008-10-18 02:10:00,8,10,18,2,10,770,122,FREGATE LA BOUDEUSE(RUE,,,Nuit sans éclairage public,En agglomération,Hors intersection,Normale,Autre collision,,,,,,,,,,,3,2,1,1,6
200800059557,0008-10-31 18:50:00,8,10,31,18,50,770,251,PIERRE POINT (AVENUE),,,Nuit avec éclairage allumé,En agglomération,Hors intersection,Normale,Sans collision,,,,,,,,,,,5,2,1,1,7
200800059558,0008-10-18 08:25:00,8,10,18,8,25,770,482,"6, CANNES (ROUTE DE)",,,Crépuscule ou aube,En agglomération,Autre intersection,Brouillard / fumée,Deux véhicules - arrière,,,,,,,,,,,2,2,9,5,2
200800059559,0008-10-14 16:30:00,8,10,14,16,30,770,166,ORVANNE (RUE DE L'),,,Plein jour,En agglomération,Hors intersection,Normale,Autre collision,,,,,,,,,,,1,2,1,1,6
200800059560,0008-10-25 03:15:00,8,10,25,3,15,770,202,NEMOURS (ROUTE DE) RD 40,,,Nuit sans éclairage public,Hors agglomération,Hors intersection,Normale,Sans collision,,,,,,,,,,,3,1,1,1,7
200800059561,0008-10-02 11:20:00,8,10,2,11,20,770,258,MAISON ROUGE (RUE DE LA),,,Plein jour,En agglomération,Hors intersection,Normale,Autre collision,,,,,,,,,,,1,2,1,1,6
200800059562,0008-10-04 18:40:00,8,10,4,18,40,770,468,"11, PIERRE MENDES FRANCE",,,Plein jour,En agglomération,Hors intersection,Normale,Autre collision,,,,,,,,,,,1,2,1,1,6
200800059563,0008-10-08 16:45:00,8,10,8,16,45,770,83,DESCARTES (BOULEVARD),,,Plein jour,En agglomération,Intersection en X,Normale,Deux véhicules - côté,,,,,,,,,,,1,2,2,1,3
200800059564,0008-10-08 13:20:00,8,10,8,13,20,770,83,"6, CHELLES (AVENUE DE)",,,Plein jour,En agglomération,Hors intersection,Normale,Deux véhicules - côté,,,,,,,,,,,1,2,1,1,3
200800059565,0008-10-07 06:00:00,8,10,7,6,0,770,468,LAGNY (ROUTE DE),,,Nuit sans éclairage public,Hors agglomération,Hors intersection,Pluie légère,Autre collision,,,,,,,,,,,3,1,1,2,6
200800059566,0008-10-10 09:25:00,8,10,10,9,25,770,337,BUISSON (COURS DU),,,Plein jour,En agglomération,Hors intersection,Normale,Autre collision,,,,,,,,,,,1,2,1,1,6
200800059567,0008-10-13 11:50:00,8,10,13,11,50,770,83,"7, PAUL CEZANNE (AVENUE)",,,Plein jour,En agglomération,Place,Temps éblouissant,Autre collision,,,,,,,,,,,1,2,7,7,6
200800059568,0008-10-27 07:20:00,8,10,27,7,20,770,83,AMPERE (AVENUE),,,Crépuscule ou aube,En agglomération,Hors intersection,Pluie forte,Autre collision,,,,,,,,,,,2,2,1,3,6
200800059569,0008-10-13 16:00:00,8,10,13,16,0,770,373,JEAN COCTEAU (RUE),,,Plein jour,Hors agglomération,Hors intersection,Normale,Autre collision,,,,,,,,,,,1,1,1,1,6
200800059570,0008-10-14 14:55:00,8,10,14,14,55,770,373,D 21,,,Plein jour,Hors agglomération,Autre intersection,Normale,Sans collision,,,,,,,,,,,1,1,9,1,7
200800059571,0008-10-14 17:55:00,8,10,14,17,55,770,390,MALIBRAN (AVENUE DE LA),,,Plein jour,En agglomération,Hors intersection,Normale,Autre collision,,,,,,,,,,,1,2,1,1,6
200800059572,0008-10-16 07:45:00,8,10,16,7,45,770,373,"02, PENDANTS DE LA QUEUE",,,Crépuscule ou aube,En agglomération,Autre intersection,Pluie légère,Autre collision,,,,,,,,,,,2,2,9,2,6
200800059573,0008-10-30 15:50:00,8,10,30,15,50,770,373,RN4,,,Plein jour,En agglomération,Hors intersection,Pluie légère,Autre collision,,,,,,,,,,,1,2,1,2,6
200800059574,0008-10-15 08:40:00,8,10,15,8,40,780,92,BOISSY D'ANGLAS (QUAI),,,Plein jour,En agglomération,Hors intersection,Pluie légère,Deux véhicules - côté,,,,,,,,,,,1,2,1,2,3
200800059575,0008-10-02 10:15:00,8,10,2,10,15,780,168,NATIONALE 10 (ROUTE),,,Plein jour,En agglomération,Hors intersection,Normale,Trois véhicules et plus - en chaîne,,,,,,,,,,,1,2,1,1,4
200800059576,0008-10-01 17:20:00,8,10,1,17,20,780,208,HAIE A SOREL (RUE DE LA),,,Plein jour,En agglomération,Hors intersection,Normale,Sans collision,,,,,,,,,,,1,2,1,1,7
200800059577,0008-10-06 12:25:00,8,10,6,12,25,780,383,LIMAGNE (AVENUE DE),,,Plein jour,En agglomération,Intersection en T,Normale,Deux véhicules - côté,,,,,,,,,,,1,2,3,1,3
200800059578,0008-10-08 21:20:00,8,10,8,21,20,780,208,ROCADE 12,,,Nuit sans éclairage public,En agglomération,Hors intersection,Normale,Autre collision,,,,,,,,,,,3,2,1,1,6
200800059579,0008-10-07 07:17:00,8,10,7,7,17,780,208,"17, ARAGO (RUE FRANCOIS)",,,Nuit avec éclairage non allumé,En agglomération,Hors intersection,Normale,Deux véhicules - arrière,,,,,,,,,,,4,2,1,1,2
200800059580,0008-10-18 15:15:00,8,10,18,15,15,780,168,PONT DES LANDES (RUE DU),,,Plein jour,En agglomération,Hors intersection,Normale,Deux véhicules - côté,,,,,,,,,,,1,2,1,1,3
200800059581,0008-10-21 07:50:00,8,10,21,7,50,780,208,VILLEDIEU (AVENUE DE LA),,,Crépuscule ou aube,En agglomération,Hors intersection,Pluie légère,Sans collision,,,,,,,,,,,2,2,1,2,7
200800059582,0008-10-29 21:15:00,8,10,29,21,15,780,168,NATIONALE 10 (ROUTE),,,Nuit sans éclairage public,En agglomération,Hors intersection,Normale,Trois véhicules et plus - en chaîne,,,,,,,,,,,3,2,1,1,4
200800059583,0008-10-31 07:50:00,8,10,31,7,50,780,208,VILLEDIEU (AVENUE DE LA),,,Plein jour,En agglomération,Intersection en X,Temps couvert,Deux véhicules - côté,,,,,,,,,,,1,2,2,8,3
200800059584,0008-10-25 15:35:00,8,10,25,15,35,780,383,MADELEINE (AVENUE DE LA),,,Plein jour,En agglomération,Hors intersection,Normale,Deux véhicules - côté,,,,,,,,,,,1,2,1,1,3
200800059585,0008-10-01 08:45:00,8,10,1,8,45,780,688,KESSEL (AVENUE JOSEPH),,,Plein jour,En agglomération,Intersection en X,Normale,Deux véhicules - côté,,,,,,,,,,,1,2,2,1,3
200800059586,0008-10-02 18:30:00,8,10,2,18,30,780,423,"ignoré, PRES (AVENUE DES",,,Plein jour,En agglomération,Intersection en T,Pluie forte,Deux véhicules - côté,,,,,,,,,,,1,2,3,3,3
200800059587,0008-10-03 17:05:00,8,10,3,17,5,780,423,PRES (AVENUE DES),,,Plein jour,En agglomération,Hors intersection,Pluie légère,Trois véhicules et plus - en chaîne,,,,,,,,,,,1,2,1,2,4
200800059588,0008-10-10 16:55:00,8,10,10,16,55,780,297,JAURES (BOULEVARD JEAN),,,Plein jour,En agglomération,Hors intersection,Normale,Autre collision,,,,,,,,,,,1,2,1,1,6
200800059589,0008-10-10 16:45:00,8,10,10,16,45,780,297,RD 10,,,Plein jour,Hors agglomération,Hors intersection,Normale,Sans collision,,,,,,,,,,,1,1,1,1,7
200800059590,0008-10-15 19:35:00,8,10,15,19,35,780,297,BLERIOT (RUE LOUIS),,,Nuit sans éclairage public,En agglomération,Hors intersection,Pluie légère,Autre collision,,,,,,,,,,,3,2,1,2,6
200800059591,0008-10-17 08:50:00,8,10,17,8,50,780,423,LECLERC (AVENUE DU  GENE,,,Plein jour,En agglomération,Intersection en T,Normale,Deux véhicules - côté,,,,,,,,,,,1,2,3,1,3
200800059592,0008-10-20 20:40:00,8,10,20,20,40,780,297,"ignoré, BOLLARDIERE (pla",,,Nuit avec éclairage allumé,En agglomération,Hors intersection,Normale,Deux véhicules - côté,,,,,,,,,,,5,2,1,1,3
200800059593,0008-10-22 11:40:00,8,10,22,11,40,780,688,CD 36,,,Plein jour,En agglomération,Intersection en X,Normale,Deux véhicules - côté,,,,,,,,,,,1,2,2,1,3
200800059594,0008-10-24 09:50:00,8,10,24,9,50,780,297,BESSE (PLACE GEORGES),,,Plein jour,En agglomération,Giratoire,Normale,Deux véhicules - côté,,,,,,,,,,,1,2,6,1,3
200800059595,0008-10-24 11:40:00,8,10,24,11,40,780,423,"72, QUATRE PAVES DU ROY",,,Plein jour,En agglomération,Hors intersection,Normale,Deux véhicules - arrière,,,,,,,,,,,1,2,1,1,2
200800059596,0008-10-25 01:50:00,8,10,25,1,50,780,423,PRES (AVENUE DES),,,Nuit avec éclairage allumé,En agglomération,Hors intersection,Normale,Autre collision,,,,,,,,,,,5,2,1,1,6
200800059597,0008-10-30 18:30:00,8,10,30,18,30,780,688,TILLEULS (RUE DES),,,Crépuscule ou aube,En agglomération,Intersection en T,Pluie légère,Autre collision,,,,,,,,,,,2,2,3,2,6
200800059598,0008-10-01 17:35:00,8,10,1,17,35,780,311,"42, HENRI BARBUSSE (BOUL",,,Plein jour,En agglomération,Hors intersection,Normale,Deux véhicules - côté,,,,,,,,,,,1,2,1,1,3
200800059599,0008-10-09 07:35:00,8,10,9,7,35,780,311,"1 BIS, PIERRE LE FRAPPER",,,Crépuscule ou aube,En agglomération,Hors intersection,Normale,Deux véhicules - côté,,,,,,,,,,,2,2,1,1,3
200800059600,0008-10-24 13:45:00,8,10,24,13,45,780,311,"55, HENRI BARBUSSE (BOUL",,,Plein jour,En agglomération,Hors intersection,Temps couvert,Deux véhicules - côté,,,,,,,,,,,1,2,1,8,3
200800059601,0008-10-14 09:40:00,8,10,14,9,40,780,358,", GENERAL DE GAULLE (AVE",,,Plein jour,En agglomération,Hors intersection,Normale,Autre collision,,,,,,,,,,,1,2,1,1,6
200800059602,0008-10-03 18:30:00,8,10,3,18,30,780,396,"14, BUISSON RICHARD (RUE",,,Plein jour,En agglomération,Hors intersection,Temps couvert,Deux véhicules - côté,,,,,,,,,,,1,2,1,8,3
200800059603,0008-10-01 13:25:00,8,10,1,13,25,780,118,"01, RUE DES CHAMPS ODES",,,Plein jour,En agglomération,Hors intersection,Pluie légère,Deux véhicules - frontale,,,,,,,,,,,1,2,1,2,1
200800059604,0008-10-05 03:10:00,8,10,5,3,10,780,361,"03, BOULEVARD SULLY 1",,,Nuit avec éclairage allumé,En agglomération,Hors intersection,Normale,Autre collision,,,,,,,,,,,5,2,1,1,6
200800059605,0008-10-06 19:35:00,8,10,6,19,35,780,267,"00, RUE PIERRE ET MARIE",,,Crépuscule ou aube,En agglomération,Intersection en T,Normale,Deux véhicules - côté,,,,,,,,,,,2,2,3,1,3
200800059606,0008-10-08 06:55:00,8,10,8,6,55,780,361,"110, BOULEVARD  CARNOT",,,Nuit avec éclairage allumé,En agglomération,Hors intersection,Normale,Deux véhicules - arrière,,,,,,,,,,,5,2,1,1,2
200800059607,0008-10-09 08:55:00,8,10,9,8,55,780,361,"51, RUE D ALSACE",,,Plein jour,En agglomération,Hors intersection,Brouillard / fumée,Deux véhicules - arrière,,,,,,,,,,,1,2,1,5,2
200800059608,0008-10-10 08:05:00,8,10,10,8,5,780,362,"182, ROUTE DE HOUDAN",,,Plein jour,En agglomération,Intersection en T,Normale,Deux véhicules - côté,,,,,,,,,,,1,2,3,1,3
200800059609,0008-10-11 15:25:00,8,10,11,15,25,780,361,"00, BOULEVARD SULLY 1",,,Plein jour,En agglomération,Intersection en T,Normale,Deux véhicules - côté,,,,,,,,,,,1,2,3,1,3
200800059610,0008-10-11 21:00:00,8,10,11,21,0,780,217,CD 113,,,Nuit avec éclairage allumé,En agglomération,Intersection en X,Normale,Deux véhicules - côté,,,,,,,,,,,5,2,2,1,3
200800059611,0008-10-12 19:00:00,8,10,12,19,0,780,402,C.D  113,,,Nuit sans éclairage public,Hors agglomération,Hors intersection,Normale,Sans collision,,,,,,,,,,,3,1,1,1,7
200800059612,0008-10-13 14:25:00,8,10,13,14,25,780,335,"37, RUE DU COLONEL FABIE",,,Plein jour,En agglomération,Hors intersection,Normale,Deux véhicules - frontale,,,,,,,,,,,1,2,1,1,1
200800059613,0008-10-14 06:25:00,8,10,14,6,25,780,217,"54, RUE SAINT MARTIN",,,Nuit avec éclairage allumé,En agglomération,Hors intersection,Normale,Deux véhicules - frontale,,,,,,,,,,,5,2,1,1,1
200800059614,0008-10-16 20:10:00,8,10,16,20,10,780,217,CD 113,,,Nuit avec éclairage allumé,En agglomération,Hors intersection,Normale,Trois véhicules et plus - en chaîne,,,,,,,,,,,5,2,1,1,4
200800059615,0008-10-17 13:40:00,8,10,17,13,40,780,361,"17, RUE DE BUCHELAY",,,Plein jour,En agglomération,Hors intersection,Normale,Trois véhicules et plus - en chaîne,,,,,,,,,,,1,2,1,1,4
200800059616,0008-10-19 12:10:00,8,10,19,12,10,780,361,AVENUE ALBERT CAMUS 2,,,Plein jour,En agglomération,Intersection en X,Normale,Autre collision,,,,,,,,,,,1,2,2,1,6
200800059617,0008-10-19 21:15:00,8,10,19,21,15,780,361,"10, RUE DE BUCHELAY",,,Nuit avec éclairage allumé,En agglomération,Hors intersection,Normale,Autre collision,,,,,,,,,,,5,2,1,1,6
200800059618,0008-10-24 10:40:00,8,10,24,10,40,780,361,R.N  13  (BUTTE VERTE),,,Plein jour,En agglomération,Intersection en X,Pluie légère,Autre collision,,,,,,,,,,,1,2,2,2,6
200800059619,0008-10-27 16:40:00,8,10,27,16,40,780,118,"32, Chemin des Meuniers",,,Plein jour,En agglomération,Hors intersection,Pluie légère,Deux véhicules - côté,,,,,,,,,,,1,2,1,2,3
200800059620,0008-10-27 20:30:00,8,10,27,20,30,780,362,AVENUE JEAN JAURES,,,Nuit avec éclairage allumé,En agglomération,Intersection en X,Pluie légère,Trois véhicules et plus - collisions multiples,,,,,,,,,,,5,2,2,2,5
200800059621,0008-10-03 14:10:00,8,10,3,14,10,780,372,RN 186,,,Plein jour,En agglomération,Hors intersection,Pluie légère,Deux véhicules - arrière,,,,,,,,,,,1,2,1,2,2
200800059622,0008-10-15 12:50:00,8,10,15,12,50,780,350,"19, CONTI (QUAI)",,,Plein jour,En agglomération,Hors intersection,Pluie légère,Autre collision,,,,,,,,,,,1,2,1,2,6
200800059623,0008-10-19 16:35:00,8,10,19,16,35,780,350,VERSAILLES (ROUTE DE),,,Plein jour,En agglomération,Intersection en T,Normale,Deux véhicules - côté,,,,,,,,,,,1,2,3,1,3
200800059624,0008-10-28 19:20:00,8,10,28,19,20,780,502,"9 bis, SAINT GERMAIN (AV",,,Nuit avec éclairage allumé,En agglomération,Hors intersection,Temps couvert,Autre collision,,,,,,,,,,,5,2,1,8,6