accident_id,datetime,annee,mois,jour,heure,minute,departement,commune_insee,adresse,latitude,longitude,luminosite,agglomeration,intersection,meteo,collision,nb_vehicules,nb_usagers,nb_indemnes,nb_tues,nb_blesses_hosp,nb_blesses_legers,age_cond_1,age_cond_2,veh_type_cond_1,veh_type_cond_2,lum_code,agg_code,int_code,atm_code,col_code
200800059889,0008-10-08 17:25:00,8,10,8,17,25,860,194,"67, CHASSEIGNE (BOULEVAR",,,Plein jour,En agglomération,Intersection en X,Normale,Deux véhicules - côté,,,,,,,,,,,1,2,2,1,3
200800059890,0008-10-09 10:40:00,8,10,9,10,40,860,88,";, A régulariser",,,Plein jour,Hors agglomération,Intersection en T,Normale,Deux véhicules - côté,,,,,,,,,,,1,1,3,1,3
200800059891,0008-10-09 20:15:00,8,10,9,20,15,860,194,"17, LOUIS VIERNE (RUE)",,,Nuit avec éclairage allumé,En agglomération,Hors intersection,Normale,Autre collision,,,,,,,,,,,5,2,1,1,6
200800059892,0008-10-09 23:55:00,8,10,9,23,55,860,157,"372, NOUAILLE (ROUTE DE)",,,Nuit sans éclairage public,Hors agglomération,Hors intersection,Normale,Autre collision,,,,,,,,,,,3,1,1,1,6
200800059893,0008-10-11 00:20:00,8,10,11,0,20,860,194,JEAN DE BERRY (PLACE),,,Nuit avec éclairage allumé,En agglomération,Giratoire,Normale,Deux véhicules - côté,,,,,,,,,,,5,2,6,1,3
200800059894,0008-10-12 16:35:00,8,10,12,16,35,860,194,"314, NANTES (AVENUE DE)",,,Plein jour,En agglomération,Intersection en T,Normale,Deux véhicules - côté,,,,,,,,,,,1,2,3,1,3
200800059895,0008-10-12 19:05:00,8,10,12,19,5,860,194,"224, 8 MAI 1945 (AVENUE",,,Plein jour,En agglomération,Hors intersection,Normale,Deux véhicules - arrière,,,,,,,,,,,1,2,1,1,2
200800059896,0008-10-17 17:05:00,8,10,17,17,5,860,194,"., LIBERATION (AVENUE DE",,,Plein jour,En agglomération,Intersection en T,Normale,Deux véhicules - côté,,,,,,,,,,,1,2,3,1,3
200800059897,0008-10-18 17:35:00,8,10,18,17,35,860,194,"1-3, PROVENCE (RUE DE)",,,Plein jour,En agglomération,Hors intersection,Normale,Autre collision,,,,,,,,,,,1,2,1,1,6
200800059898,0008-10-18 08:40:00,8,10,18,8,40,860,194,DOUVES (RUE DES),,,Plein jour,En agglomération,Intersection en X,Normale,Autre collision,,,,,,,,,,,1,2,2,1,6
200800059899,0008-10-18 13:55:00,8,10,18,13,55,860,194,"236, FAUBOURG PONT NEUF",,,Plein jour,En agglomération,Hors intersection,Normale,Deux véhicules - côté,,,,,,,,,,,1,2,1,1,3
200800059900,0008-10-20 18:55:00,8,10,20,18,55,860,194,"348, NANTES (AVENUE DE)",,,Crépuscule ou aube,En agglomération,Hors intersection,Normale,Trois véhicules et plus - en chaîne,,,,,,,,,,,2,2,1,1,4
200800059901,0008-10-22 15:05:00,8,10,22,15,5,860,194,ROCADE OUEST (RN10),,,Plein jour,En agglomération,Intersection en X,Normale,Trois véhicules et plus - en chaîne,,,,,,,,,,,1,2,2,1,4
200800059902,0008-10-22 15:10:00,8,10,22,15,10,860,41,SENTIER (RUE DU),,,Plein jour,En agglomération,Intersection en T,Normale,Autre collision,,,,,,,,,,,1,2,3,1,6
200800059903,0008-10-23 11:50:00,8,10,23,11,50,860,194,FAUBOURG DE LA CUEILLE M,,,Plein jour,En agglomération,Intersection en T,Normale,Deux véhicules - côté,,,,,,,,,,,1,2,3,1,3
200800059904,0008-10-29 16:10:00,8,10,29,16,10,860,194,"137, GRAND CERF (BOULEVA",,,Plein jour,En agglomération,Hors intersection,Normale,Autre collision,,,,,,,,,,,1,2,1,1,6
200800059905,0008-10-30 15:50:00,8,10,30,15,50,860,41,"., CHARLETTERIE (Chemin",,,Plein jour,Hors agglomération,Hors intersection,Normale,Deux véhicules - frontale,,,,,,,,,,,1,1,1,1,1
200800059906,0008-10-01 06:33:00,8,10,1,6,33,870,75,RN 21,,,Nuit sans éclairage public,Hors agglomération,Hors intersection,Pluie légère,Autre collision,,,,,,,,,,,3,1,1,2,6
200800059907,0008-10-01 15:40:00,8,10,1,15,40,870,85,"23, THUILLAT (RUE VICTOR",,,Plein jour,En agglomération,Hors intersection,Pluie légère,Autre collision,,,,,,,,,,,1,2,1,2,6
200800059908,0008-10-01 18:44:00,8,10,1,18,44,870,85,"195, BRIAND (RUE ARISTID",,,Plein jour,En agglomération,Hors intersection,Pluie légère,Autre collision,,,,,,,,,,,1,2,1,2,6
200800059909,0008-10-01 23:28:00,8,10,1,23,28,870,85,SAINT MARTIAL (QUAI),,,Nuit avec éclairage allumé,En agglomération,Intersection en T,Pluie légère,Deux véhicules - côté,,,,,,,,,,,5,2,3,2,3
200800059910,0008-10-02 07:59:00,8,10,2,7,59,870,85,"80, LEGENDRE (RUE CHARLE",,,Plein jour,En agglomération,Hors intersection,Pluie légère,Deux véhicules - côté,,,,,,,,,,,1,2,1,2,3
200800059911,0008-10-02 15:43:00,8,10,2,15,43,870,85,"25, MICHELS (RUE CHARLES",,,Plein jour,En agglomération,Intersection en X,Normale,Autre collision,,,,,,,,,,,1,2,2,1,6
200800059912,0008-10-02 17:28:00,8,10,2,17,28,870,85,SCHUMAN (BOULEVARD ROBER,,,Plein jour,En agglomération,Hors intersection,Normale,Deux véhicules - arrière,,,,,,,,,,,1,2,1,1,2
200800059913,0008-10-02 17:47:00,8,10,2,17,47,870,85,MAS-BOUYOL  (CITE ET BOU,,,Plein jour,En agglomération,Hors intersection,Normale,Deux véhicules - arrière,,,,,,,,,,,1,2,1,1,2
200800059914,0008-10-03 08:25:00,8,10,3,8,25,870,85,"71, LECLERC (AVENUE DU G",,,Plein jour,En agglomération,Hors intersection,Normale,Autre collision,,,,,,,,,,,1,2,1,1,6
200800059915,0008-10-03 18:10:00,8,10,3,18,10,870,85,"11, JOLIOT CURIE (RUE IR",,,Plein jour,En agglomération,Intersection en T,Pluie légère,Autre collision,,,,,,,,,,,1,2,3,2,6
200800059916,0008-10-04 14:16:00,8,10,4,14,16,870,85,"254, LECLERC (AVENUE DU",,,Plein jour,En agglomération,Hors intersection,Normale,Autre collision,,,,,,,,,,,1,2,1,1,6
200800059917,0008-10-06 01:10:00,8,10,6,1,10,870,85,"187.200, AUTOROUTE A20",,,Nuit avec éclairage allumé,Hors agglomération,Hors intersection,Pluie légère,Autre collision,,,,,,,,,,,5,1,1,2,6
200800059918,0008-10-06 09:05:00,8,10,6,9,5,870,85,"79, SAINT GENCE (RUE DE)",,,Plein jour,En agglomération,Hors intersection,Pluie légère,Autre collision,,,,,,,,,,,1,2,1,2,6
200800059919,0008-10-06 08:18:00,8,10,6,8,18,870,85,RN520,,,Plein jour,Hors agglomération,Hors intersection,Pluie forte,Trois véhicules et plus - en chaîne,,,,,,,,,,,1,1,1,3,4
200800059920,0008-10-06 09:23:00,8,10,6,9,23,870,114,"1, LAMARTINE",,,Plein jour,En agglomération,Hors intersection,Pluie légère,Deux véhicules - arrière,,,,,,,,,,,1,2,1,2,2
200800059921,0008-10-06 12:25:00,8,10,6,12,25,870,85,"15, PANAZOL (RUE DE)",,,Plein jour,En agglomération,Hors intersection,Pluie légère,Trois véhicules et plus - en chaîne,,,,,,,,,,,1,2,1,2,4
200800059922,0008-10-07 08:25:00,8,10,7,8,25,870,85,"14, PALISSY (RUE BERNARD",,,Plein jour,En agglomération,Hors intersection,Normale,Deux véhicules - arrière,,,,,,,,,,,1,2,1,1,2
200800059923,0008-10-07 19:28:00,8,10,7,19,28,870,65,"3.8, VALIN (AVENUE MARTI",,,Nuit avec éclairage allumé,En agglomération,Hors intersection,Pluie légère,Autre collision,,,,,,,,,,,5,2,1,2,6
200800059924,0008-10-08 07:49:00,8,10,8,7,49,870,85,AUTOROUTE A20,,,Crépuscule ou aube,Hors agglomération,Hors intersection,Pluie légère,Autre collision,,,,,,,,,,,2,1,1,2,6
200800059925,0008-10-08 11:59:00,8,10,8,11,59,870,85,"34, NADAUD (RUE GUSTAVE)",,,Plein jour,En agglomération,Hors intersection,Normale,Autre collision,,,,,,,,,,,1,2,1,1,6
200800059926,0008-10-08 18:50:00,8,10,8,18,50,870,113,CHATENET (RUE DU),,,Plein jour,En agglomération,Intersection en X,Normale,Deux véhicules - frontale,,,,,,,,,,,1,2,2,1,1
200800059927,0008-10-08 18:19:00,8,10,8,18,19,870,85,"76, GRAND-TREUIL (RUE DU",,,Plein jour,En agglomération,Intersection en X,Normale,Deux véhicules - côté,,,,,,,,,,,1,2,2,1,3
200800059928,0008-10-08 17:59:00,8,10,8,17,59,870,48,NEXON (ROUTE DE),,,Plein jour,Hors agglomération,Intersection en T,Normale,Deux véhicules - côté,,,,,,,,,,,1,1,3,1,3
200800059929,0008-10-09 05:50:00,8,10,9,5,50,870,85,"1, DALESME (RUE)",,,Nuit avec éclairage allumé,En agglomération,Hors intersection,Normale,Autre collision,,,,,,,,,,,5,2,1,1,6
200800059930,0008-10-09 12:54:00,8,10,9,12,54,870,85,"43, ROUSSILLON (AVENUE D",,,Plein jour,En agglomération,Intersection en T,Normale,Deux véhicules - côté,,,,,,,,,,,1,2,3,1,3
200800059931,0008-10-10 07:42:00,8,10,10,7,42,870,85,"41, PAGUENAUD (RUE JEAN-",,,Plein jour,En agglomération,Intersection en X,Normale,Deux véhicules - arrière,,,,,,,,,,,1,2,2,1,2
200800059932,0008-10-10 08:30:00,8,10,10,8,30,870,65,"35, VANNIERS (RUE)",,,Plein jour,En agglomération,Intersection en X,Normale,Deux véhicules - côté,,,,,,,,,,,1,2,2,1,3
200800059933,0008-10-11 09:43:00,8,10,11,9,43,870,85,"1, BEAUBREUIL (PLACE DE)",,,Plein jour,En agglomération,Hors intersection,Normale,Deux véhicules - côté,,,,,,,,,,,1,2,1,1,3
200800059934,0008-10-11 11:50:00,8,10,11,11,50,870,85,BORIE (BOULEVARD DE LA),,,Plein jour,En agglomération,Hors intersection,Pluie légère,Deux véhicules - côté,,,,,,,,,,,1,2,1,2,3
200800059935,0008-10-12 13:27:00,8,10,12,13,27,870,85,BORIE (BOULEVARD DE LA),,,Plein jour,En agglomération,Hors intersection,Normale,Deux véhicules - côté,,,,,,,,,,,1,2,1,1,3
200800059936,0008-10-13 07:57:00,8,10,13,7,57,870,85,"41, LOUYAT (AVENUE DE)",,,Plein jour,En agglomération,Intersection en X,Normale,Autre collision,,,,,,,,,,,1,2,2,1,6
200800059937,0008-10-13 07:37:00,8,10,13,7,37,870,85,AUTOROUTE A20,,,Plein jour,Hors agglomération,Hors intersection,Normale,Deux véhicules - côté,,,,,,,,,,,1,1,1,1,3
200800059938,0008-10-13 15:38:00,8,10,13,15,38,870,85,"11, VALIN (AVENUE DU GEN",,,Plein jour,En agglomération,Hors intersection,Normale,Autre collision,,,,,,,,,,,1,2,1,1,6
200800059939,0008-10-13 13:49:00,8,10,13,13,49,870,48,"150, NEXON (ROUTE DE)",,,Plein jour,En agglomération,Hors intersection,Normale,Trois véhicules et plus - collisions multiples,,,,,,,,,,,1,2,1,1,5
200800059940,0008-10-13 16:12:00,8,10,13,16,12,870,85,"3, QUINET (RUE EDGAR)",,,Plein jour,En agglomération,Intersection en X,Normale,Deux véhicules - arrière,,,,,,,,,,,1,2,2,1,2
200800059941,0008-10-14 12:15:00,8,10,14,12,15,870,85,"19, MICHAUD (RUE EDOUARD",,,Plein jour,En agglomération,Hors intersection,Normale,Autre collision,,,,,,,,,,,1,2,1,1,6
200800059942,0008-10-14 18:04:00,8,10,14,18,4,870,85,"275, PERRIN (RUE FRANCOI",,,Plein jour,En agglomération,Hors intersection,Normale,Deux véhicules - côté,,,,,,,,,,,1,2,1,1,3
200800059943,0008-10-15 08:08:00,8,10,15,8,8,870,85,GUILLEMOT (RUE JOSEPH),,,Nuit avec éclairage allumé,En agglomération,Hors intersection,Normale,Autre collision,,,,,,,,,,,5,2,1,1,6
200800059944,0008-10-16 09:06:00,8,10,16,9,6,870,85,"6, DUPUYTREN (RUE)",,,Plein jour,En agglomération,Hors intersection,Pluie légère,Autre collision,,,,,,,,,,,1,2,1,2,6
200800059945,0008-10-16 13:20:00,8,10,16,13,20,870,85,"1, CLOS MOREAU (RUE DU)",,,Plein jour,En agglomération,Hors intersection,Normale,Trois véhicules et plus - collisions multiples,,,,,,,,,,,1,2,1,1,5
200800059946,0008-10-16 16:40:00,8,10,16,16,40,870,85,"13, DETAILLE (RUE)",,,Plein jour,En agglomération,Hors intersection,Normale,Autre collision,,,,,,,,,,,1,2,1,1,6
200800059947,0008-10-16 20:30:00,8,10,16,20,30,870,85,"83, MONTJOVIS (AVENUE)",,,Nuit avec éclairage allumé,En agglomération,Hors intersection,Normale,Deux véhicules - côté,,,,,,,,,,,5,2,1,1,3
200800059948,0008-10-18 21:37:00,8,10,18,21,37,870,85,POMPIDOU (AVENUE GEORGES,,,Nuit avec éclairage allumé,En agglomération,Hors intersection,Normale,Autre collision,,,,,,,,,,,5,2,1,1,6
200800059949,0008-10-19 05:00:00,8,10,19,5,0,870,85,"0, CARNOT (PLACE SADI)",,,Nuit avec éclairage allumé,En agglomération,Autre intersection,Normale,Autre collision,,,,,,,,,,,5,2,9,1,6
200800059950,0008-10-20 07:07:00,8,10,20,7,7,870,114,RD941,,,Nuit avec éclairage allumé,Hors agglomération,Intersection en T,Normale,Deux véhicules - côté,,,,,,,,,,,5,1,3,1,3
200800059951,0008-10-20 12:35:00,8,10,20,12,35,870,85,"264, TOULOUSE (RUE DE)",,,Plein jour,En agglomération,Intersection en T,Normale,Deux véhicules - côté,,,,,,,,,,,1,2,3,1,3
200800059952,0008-10-21 14:35:00,8,10,21,14,35,870,75,RN 21,,,Plein jour,Hors agglomération,Hors intersection,Pluie légère,Deux véhicules - côté,,,,,,,,,,,1,1,1,2,3
200800059953,0008-10-21 13:35:00,8,10,21,13,35,870,85,"15, VANTEAUX (BOULEVARD",,,Plein jour,Hors agglomération,Hors intersection,Pluie légère,Deux véhicules - arrière,,,,,,,,,,,1,1,1,2,2
200800059954,0008-10-21 08:09:00,8,10,21,8,9,870,114,"2, LIMOSIN (AVENUE LEONA",,,Nuit avec éclairage allumé,En agglomération,Autre intersection,Temps couvert,Autre collision,,,,,,,,,,,5,2,9,8,6
200800059955,0008-10-21 17:28:00,8,10,21,17,28,870,85,"20, GAUTIER (RUE THEOPHI",,,Plein jour,En agglomération,Hors intersection,Pluie légère,Autre collision,,,,,,,,,,,1,2,1,2,6
200800059956,0008-10-21 16:20:00,8,10,21,16,20,870,75,RN 21,,,Nuit avec éclairage allumé,Hors agglomération,Hors intersection,Pluie légère,Autre collision,,,,,,,,,,,5,1,1,2,6
200800059957,0008-10-21 21:40:00,8,10,21,21,40,870,75,RN 21,,,Nuit sans éclairage public,Hors agglomération,Hors intersection,Pluie légère,Autre collision,,,,,,,,,,,3,1,1,2,6
200800059958,0008-10-22 07:55:00,8,10,22,7,55,870,85,"9, LIBERATION (AVENUE DE",,,Plein jour,En agglomération,Hors intersection,Pluie légère,Deux véhicules - côté,,,,,,,,,,,1,2,1,2,3
200800059959,0008-10-22 11:18:00,8,10,22,11,18,870,85,"45, SAINTE CLAIRE (RUE)",,,Plein jour,En agglomération,Hors intersection,Pluie légère,Deux véhicules - arrière,,,,,,,,,,,1,2,1,2,2
200800059960,0008-10-22 17:00:00,8,10,22,17,0,870,85,", PERRIN (RUE FRANCOIS)",,,Plein jour,En agglomération,Hors intersection,Normale,Autre collision,,,,,,,,,,,1,2,1,1,6
200800059961,0008-10-23 13:30:00,8,10,23,13,30,870,85,"8, COUTURES (AVENUE DES)",,,Plein jour,En agglomération,Hors intersection,Normale,Autre collision,,,,,,,,,,,1,2,1,1,6
200800059962,0008-10-23 16:52:00,8,10,23,16,52,870,85,"22, CORDERIE (BOULEVARD",,,Plein jour,En agglomération,Intersection en T,Normale,Deux véhicules - côté,,,,,,,,,,,1,2,3,1,3
200800059963,0008-10-24 07:55:00,8,10,24,7,55,870,85,"18, GRODNO  (AVENUE DE)",,,Plein jour,En agglomération,Hors intersection,Normale,Autre collision,,,,,,,,,,,1,2,1,1,6
200800059964,0008-10-24 16:36:00,8,10,24,16,36,870,114,"56, ARSONVAL (D')",,,Plein jour,En agglomération,Hors intersection,Normale,Autre collision,,,,,,,,,,,1,2,1,1,6
200800059965,0008-10-24 19:45:00,8,10,24,19,45,870,85,"84, LECLERC (AVENUE DU G",,,Nuit avec éclairage allumé,En agglomération,Hors intersection,Normale,Autre collision,,,,,,,,,,,5,2,1,1,6
200800059966,0008-10-24 21:59:00,8,10,24,21,59,870,85,"41, LABUSSIERE (AVENUE E",,,Nuit avec éclairage allumé,En agglomération,Hors intersection,Normale,Autre collision,,,,,,,,,,,5,2,1,1,6
200800059967,0008-10-27 12:14:00,8,10,27,12,14,870,85,"44, RHIN ET DANUBE (RUE)",,,Plein jour,En agglomération,Hors intersection,Pluie légère,Deux véhicules - côté,,,,,,,,,,,1,2,1,2,3
200800059968,0008-10-27 16:15:00,8,10,27,16,15,870,75,RN 21,,,Plein jour,En agglomération,Hors intersection,Normale,Autre collision,,,,,,,,,,,1,2,1,1,6
200800059969,0008-10-27 19:20:00,8,10,27,19,20,870,85,"86, CURIE  (RUE PIERRE E",,,Nuit avec éclairage allumé,En agglomération,Hors intersection,Normale,Deux véhicules - frontale,,,,,,,,,,,5,2,1,1,1
200800059970,0008-10-30 13:41:00,8,10,30,13,41,870,85,"48, BRIAND (RUE ARISTIDE",,,Plein jour,En agglomération,Intersection en X,Normale,Trois véhicules et plus - collisions multiples,,,,,,,,,,,1,2,2,1,5
200800059971,0008-10-30 19:16:00,8,10,30,19,16,870,85,"16, MONNET (RUE JEAN)",,,Nuit avec éclairage allumé,En agglomération,Hors intersection,Pluie légère,Autre collision,,,,,,,,,,,5,2,1,2,6
200800059972,0008-10-31 12:17:00,8,10,31,12,17,870,65,"6, PONTEIX (AVENUE DU)",,,Plein jour,En agglomération,Hors intersection,Normale,Autre collision,,,,,,,,,,,1,2,1,1,6
200800059973,0008-10-23 18:55:00,8,10,23,18,55,880,209,"15, LECLERC ( RUE GENERA",48.19077,6.43366,Crépuscule ou aube,En agglomération,Hors intersection,Normale,Autre collision,,,,,,,,,,,2,2,1,1,6
200800059974,0008-10-08 18:30:00,8,10,8,18,30,880,160,"00, GAMBETTA (RUE)",,,Crépuscule ou aube,En agglomération,Intersection en T,Pluie légère,Autre collision,,,,,,,,,,,2,2,3,2,6
200800059975,0008-10-14 22:00:00,8,10,14,22,0,880,160,"9, PROVENCE (AV. DE)",,,Nuit avec éclairage allumé,En agglomération,Hors intersection,Normale,Deux véhicules - côté,,,,,,,,,,,5,2,1,1,3
200800059976,0008-10-20 11:30:00,8,10,20,11,30,880,160,"00, REMIREMONT (RUE DE)",,,Plein jour,En agglomération,Hors intersection,Normale,Autre collision,,,,,,,,,,,1,2,1,1,6
200800059977,0008-10-23 12:15:00,8,10,23,12,15,880,160,"00, VOIVRE (RUE DE LA)",48.20364,6.45824,Plein jour,En agglomération,Giratoire,Normale,Trois véhicules et plus - collisions multiples,,,,,,,,,,,1,2,6,1,5
200800059978,0008-10-28 18:50:00,8,10,28,18,50,880,160,"0, BOULAY-DE-LA-MEURTHE",48.17938,6.4446,Nuit avec éclairage allumé,En agglomération,Intersection en X,Normale,Deux véhicules - côté,,,,,,,,,,,5,2,2,1,3
200800059979,0008-10-29 18:50:00,8,10,29,18,50,880,160,"0, PATCH (PT)",48.16696,6.45147,Nuit avec éclairage allumé,En agglomération,Intersection en X,Pluie légère,Deux véhicules - frontale,,,,,,,,,,,5,2,2,2,1
200800059980,0008-10-30 19:25:00,8,10,30,19,25,880,160,"00, VOIVRE (RUE DE LA)",48.19969,6.45146,Nuit avec éclairage allumé,En agglomération,Hors intersection,Pluie légère,Deux véhicules - frontale,,,,,,,,,,,5,2,1,2,1
200800059981,0008-10-11 11:25:00,8,10,11,11,25,880,424,AVENUE DU GENERAL DE GAU,48.27095,6.97306,Plein jour,En agglomération,Hors intersection,Normale,Autre collision,,,,,,,,,,,1,2,1,1,6
200800059982,0008-10-29 17:50:00,8,10,29,17,50,880,413,"37, Avenue de VERDUN",48.2965,6.93535,Nuit avec éclairage allumé,En agglomération,Hors intersection,Pluie légère,Autre collision,,,,,,,,,,,5,2,1,2,6
200800059983,0008-10-01 18:10:00,8,10,1,18,10,890,24,"00, BATARDEAU (QUAI DU)",,,Plein jour,En agglomération,Hors intersection,Pluie légère,Deux véhicules - arrière,,,,,,,,,,,1,2,1,2,2
200800059984,0008-10-17 09:00:00,8,10,17,9,0,890,24,"00, SAINT ETIENNE (PLACE",,,Plein jour,En agglomération,Hors intersection,Normale,Autre collision,,,,,,,,,,,1,2,1,1,6
200800059985,0008-10-17 07:45:00,8,10,17,7,45,890,24,"00, GENERAL WEYGAND (AVE",,,Crépuscule ou aube,En agglomération,Intersection en X,Normale,Autre collision,,,,,,,,,,,2,2,2,1,6
200800059986,0008-10-30 16:30:00,8,10,30,16,30,890,24,"00, CAILLOTTES (RUE DES)",,,Plein jour,Hors agglomération,Hors intersection,Normale,Autre collision,,,,,,,,,,,1,1,1,1,6
200800059987,0008-10-17 17:10:00,8,10,17,17,10,890,387,"0, PIERRE DE COUBERTIN (",,,Plein jour,En agglomération,Intersection en X,Normale,Deux véhicules - côté,,,,,,,,,,,1,2,2,1,3
200800059988,0008-10-30 13:30:00,8,10,30,13,30,890,387,"0, QUATORZE JUILLET (BOU",,,Plein jour,En agglomération,Intersection en X,Pluie légère,Deux véhicules - côté,,,,,,,,,,,1,2,2,2,3
200800059989,0008-10-07 09:25:00,8,10,7,9,25,900,1,"1, BOTANS (RUE DE)",,,Plein jour,En agglomération,Giratoire,Normale,Sans collision,,,,,,,,,,,1,2,6,1,7
200800059990,0008-10-07 10:21:00,8,10,7,10,21,900,10,"1, MARCHAL (RUE)",,,Plein jour,En agglomération,Hors intersection,Normale,Sans collision,,,,,,,,,,,1,2,1,1,7
200800059991,0008-10-08 11:45:00,8,10,8,11,45,900,10,"3, FRANCE BOULEVARD ANAT",,,Plein jour,En agglomération,Intersection en T,Normale,Deux véhicules - côté,,,,,,,,,,,1,2,3,1,3
200800059992,0008-10-08 18:25:00,8,10,8,18,25,900,10,ALTKIRCH (AVENUE),,,Crépuscule ou aube,En agglomération,Hors intersection,Pluie légère,Deux véhicules - côté,,,,,,,,,,,2,2,1,2,3
200800059993,0008-10-09 08:10:00,8,10,9,8,10,900,10,"7, VALLET (QUAI)",,,Plein jour,En agglomération,Hors intersection,Pluie légère,Deux véhicules - arrière,,,,,,,,,,,1,2,1,2,2
200800059994,0008-10-10 15:05:00,8,10,10,15,5,900,10,"150, JAURES (AVENUE JEAN",,,Plein jour,En agglomération,Hors intersection,Normale,Deux véhicules - côté,,,,,,,,,,,1,2,1,1,3
200800059995,0008-10-11 16:25:00,8,10,11,16,25,900,10,"5, FONTAINE (RUE JEAN DE",,,Plein jour,En agglomération,Hors intersection,Normale,Sans collision,,,,,,,,,,,1,2,1,1,7
200800059996,0008-10-11 17:19:00,8,10,11,17,19,900,10,KENNEDY (BOULEVARD),,,Plein jour,En agglomération,Hors intersection,Normale,Sans collision,,,,,,,,,,,1,2,1,1,7
200800059997,0008-10-12 08:25:00,8,10,12,8,25,900,32,"1, TROIS RESEAUX (RUE DE",,,Plein jour,En agglomération,Hors intersection,Normale,Deux véhicules - côté,,,,,,,,,,,1,2,1,1,3
200800059998,0008-10-13 06:50:00,8,10,13,6,50,900,10,MENDES FRANCE (RUE),,,Nuit avec éclairage allumé,Hors agglomération,Autre intersection,Normale,Deux véhicules - côté,,,,,,,,,,,5,1,9,1,3
200800059999,0008-10-14 16:40:00,8,10,14,16,40,900,10,"8, MICHELET (RUE)",,,Plein jour,En agglomération,Hors intersection,Normale,Trois véhicules et plus - en chaîne,,,,,,,,,,,1,2,1,1,4
200800060000,0008-10-17 15:30:00,8,10,17,15,30,900,10,", ALTKIRCH (AVENUE)",,,Plein jour,En agglomération,Giratoire,Normale,Autre collision,,,,,,,,,,,1,2,6,1,6
200800060001,0008-10-17 17:13:00,8,10,17,17,13,900,10,KENNEDY (BOULEVARD),,,Plein jour,En agglomération,Intersection en X,Normale,Deux véhicules - côté,,,,,,,,,,,1,2,2,1,3
200800060002,0008-10-17 17:20:00,8,10,17,17,20,900,10,"1, CARNOT (PONT)",,,Plein jour,En agglomération,Intersection en X,Normale,Deux véhicules - côté,,,,,,,,,,,1,2,2,1,3
200800060003,0008-10-18 01:50:00,8,10,18,1,50,900,32,"1, VINGT ET UN NOVEMBRE",,,Nuit avec éclairage allumé,En agglomération,Intersection en T,Normale,Autre collision,,,,,,,,,,,5,2,3,1,6
200800060004,0008-10-21 11:50:00,8,10,21,11,50,900,10,"16, ANCETRES (FAUBOURG D",,,Plein jour,En agglomération,Hors intersection,Normale,Autre collision,,,,,,,,,,,1,2,1,1,6
200800060005,0008-10-23 08:25:00,8,10,23,8,25,900,10,"11, CHATEAU D'EAU (AVENU",,,Plein jour,En agglomération,Hors intersection,Normale,Autre collision,,,,,,,,,,,1,2,1,1,6
200800060006,0008-10-24 12:15:00,8,10,24,12,15,900,10,"1, JUIN (AVENUE DU MAREC",,,Plein jour,En agglomération,Hors intersection,Normale,Deux véhicules - côté,,,,,,,,,,,1,2,1,1,3
200800060007,0008-10-24 12:29:00,8,10,24,12,29,900,10,"10, PREMIERE ARMEE FRANC",,,Plein jour,En agglomération,Intersection en T,Normale,Deux véhicules - côté,,,,,,,,,,,1,2,3,1,3
200800060008,0008-10-24 21:30:00,8,10,24,21,30,900,10,"1, LECLERC (AVENUE)",,,Nuit avec éclairage allumé,En agglomération,Giratoire,Normale,Autre collision,,,,,,,,,,,5,2,6,1,6
200800060009,0008-10-25 16:45:00,8,10,25,16,45,900,8,R.D.47,,,Plein jour,En agglomération,Hors intersection,Normale,Trois véhicules et plus - en chaîne,,,,,,,,,,,1,2,1,1,4
200800060010,0008-10-26 22:20:00,8,10,26,22,20,900,39,"13, DE GAULLE (RUE DU GE",,,Nuit avec éclairage allumé,En agglomération,Hors intersection,Normale,Autre collision,,,,,,,,,,,5,2,1,1,6
200800060011,0008-10-28 10:12:00,8,10,28,10,12,900,32,"13, VINGT ET UN NOVEMBRE",,,Plein jour,En agglomération,Hors intersection,Normale,Trois véhicules et plus - en chaîne,,,,,,,,,,,1,2,1,1,4
200800060012,0008-10-28 17:19:00,8,10,28,17,19,900,10,BOHN (AVENUE CHARLES),,,Nuit avec éclairage allumé,En agglomération,Hors intersection,Pluie légère,Autre collision,,,,,,,,,,,5,2,1,2,6
200800060013,0008-10-30 15:55:00,8,10,30,15,55,900,10,"6, CARNOT (BOULEVARD)",,,Plein jour,En agglomération,Hors intersection,Pluie légère,Sans collision,,,,,,,,,,,1,2,1,2,7
200800060014,0008-10-30 17:54:00,8,10,30,17,54,900,10,"1, METZ JUTEAU (RUE)",,,Nuit avec éclairage allumé,En agglomération,Intersection en X,Pluie légère,Autre collision,,,,,,,,,,,5,2,2,2,6
200800060015,0008-10-31 14:15:00,8,10,31,14,15,900,8,"22, CHARMEUSE (RUE DE LA",,,Plein jour,En agglomération,Hors intersection,Pluie légère,Deux véhicules - arrière,,,,,,,,,,,1,2,1,2,2
200800060016,0008-10-04 17:00:00,8,10,4,17,0,910,339,"134, ROYAL (CHEMIN)",,,Plein jour,En agglomération,Intersection en X,Normale,Deux véhicules - côté,,,,,,,,,,,1,2,2,1,3
200800060017,0008-10-09 08:15:00,8,10,9,8,15,910,425,"54, BOURGUIGNONS (RUE DE",,,Plein jour,En agglomération,Hors intersection,Normale,Deux véhicules - frontale,,,,,,,,,,,1,2,1,1,1
200800060018,0008-10-11 12:50:00,8,10,11,12,50,910,425,RN 20,,,Plein jour,En agglomération,Hors intersection,Normale,Deux véhicules - arrière,,,,,,,,,,,1,2,1,1,2