accident_id,datetime,annee,mois,jour,heure,minute,departement,commune_insee,adresse,latitude,longitude,luminosite,agglomeration,intersection,meteo,collision,nb_vehicules,nb_usagers,nb_indemnes,nb_tues,nb_blesses_hosp,nb_blesses_legers,age_cond_1,age_cond_2,veh_type_cond_1,veh_type_cond_2,lum_code,agg_code,int_code,atm_code,col_code
200800060151,0008-10-29 08:45:00,8,10,29,8,45,920,19,"35, VIGNES (GRANDE VOIE",,,Plein jour,En agglomération,Giratoire,Brouillard / fumée,Autre collision,,,,,,,,,,,1,2,6,5,6
200800060152,0008-10-07 08:00:00,8,10,7,8,0,920,23,GENERAL DE GAULLE (AV DU,,,Plein jour,En agglomération,Hors intersection,Pluie légère,Deux véhicules - côté,,,,,,,,,,,1,2,1,2,3
200800060153,0008-10-08 20:00:00,8,10,8,20,0,920,23,"533, GENERAL DE GAULLE (",,,Nuit avec éclairage allumé,En agglomération,Hors intersection,Normale,Deux véhicules - côté,,,,,,,,,,,5,2,1,1,3
200800060154,0008-10-13 10:55:00,8,10,13,10,55,920,23,HENRI BARBUSSE (AVENUE),,,Plein jour,En agglomération,Intersection en X,Normale,Deux véhicules - côté,,,,,,,,,,,1,2,2,1,3
200800060155,0008-10-15 10:05:00,8,10,15,10,5,920,60,PAUL LANGEVIN (AVENUE) (,,,Plein jour,En agglomération,Intersection en X,Normale,Deux véhicules - côté,,,,,,,,,,,1,2,2,1,3
200800060156,0008-10-15 12:20:00,8,10,15,12,20,920,23,GENERAL DE GAULLE (AV DU,,,Plein jour,En agglomération,Intersection en T,Normale,Deux véhicules - arrière,,,,,,,,,,,1,2,3,1,2
200800060157,0008-10-17 10:50:00,8,10,17,10,50,920,23,"98, HENRI BARBUSSE (AVEN",,,Plein jour,En agglomération,Intersection en T,Normale,Deux véhicules - arrière,,,,,,,,,,,1,2,3,1,2
200800060158,0008-10-18 18:35:00,8,10,18,18,35,920,23,"80, PORTE DE TRIVAUX (RU",,,Plein jour,En agglomération,Intersection en T,Normale,Deux véhicules - côté,,,,,,,,,,,1,2,3,1,3
200800060159,0008-10-19 11:50:00,8,10,19,11,50,920,23,PARC (RUE DU),,,Plein jour,En agglomération,Intersection en X,Normale,Deux véhicules - côté,,,,,,,,,,,1,2,2,1,3
200800060160,0008-10-24 12:35:00,8,10,24,12,35,920,60,PAUL LANGEVIN (AVENUE) (,,,Plein jour,En agglomération,Intersection en X,Normale,Trois véhicules et plus - en chaîne,,,,,,,,,,,1,2,2,1,4
200800060161,0008-10-28 05:55:00,8,10,28,5,55,920,23,CONDORCET (RUE),,,Nuit avec éclairage allumé,En agglomération,Intersection en T,Normale,Autre collision,,,,,,,,,,,5,2,3,1,6
200800060162,0008-10-29 19:10:00,8,10,29,19,10,920,23,"232, VICTOR HUGO (AVENUE",,,Nuit avec éclairage allumé,En agglomération,Hors intersection,Normale,Deux véhicules - arrière,,,,,,,,,,,5,2,1,1,2
200800060163,0008-10-30 17:45:00,8,10,30,17,45,920,23,"43, HENRI BARBUSSE (AVEN",,,Nuit avec éclairage allumé,En agglomération,Hors intersection,Pluie forte,Deux véhicules - côté,,,,,,,,,,,5,2,1,3,3
200800060164,0008-10-01 18:45:00,8,10,1,18,45,920,24,"53, HENRI BARBUSSE (RUE)",,,Plein jour,En agglomération,Intersection en X,Normale,Deux véhicules - côté,,,,,,,,,,,1,2,2,1,3
200800060165,0008-10-03 16:25:00,8,10,3,16,25,920,24,"12, GENERAL ROGUET (RUE",,,Plein jour,En agglomération,Hors intersection,Pluie légère,Deux véhicules - côté,,,,,,,,,,,1,2,1,2,3
200800060166,0008-10-08 09:35:00,8,10,8,9,35,920,24,"101/103, JEAN JAURES (BD",,,Plein jour,En agglomération,Hors intersection,Normale,Autre collision,,,,,,,,,,,1,2,1,1,6
200800060167,0008-10-08 17:50:00,8,10,8,17,50,920,24,"86, PARIS (RUE DE) DE (5",,,Plein jour,En agglomération,Hors intersection,Normale,Autre collision,,,,,,,,,,,1,2,1,1,6
200800060168,0008-10-10 11:30:00,8,10,10,11,30,920,24,"45, GENERAL LECLERC (BD",,,Plein jour,En agglomération,Hors intersection,Normale,Autre collision,,,,,,,,,,,1,2,1,1,6
200800060169,0008-10-11 18:55:00,8,10,11,18,55,920,24,"93, VICTOR HUGO (BD)",,,Plein jour,En agglomération,Hors intersection,Normale,Autre collision,,,,,,,,,,,1,2,1,1,6
200800060170,0008-10-24 07:25:00,8,10,24,7,25,920,24,"19, HENRI BARBUSSE (RUE)",,,Plein jour,En agglomération,Intersection en T,Normale,Deux véhicules - côté,,,,,,,,,,,1,2,3,1,3
200800060171,0008-10-27 13:05:00,8,10,27,13,5,920,24,"97, VICTOR HUGO (BD)",,,Plein jour,En agglomération,Intersection en X,Normale,Deux véhicules - côté,,,,,,,,,,,1,2,2,1,3
200800060172,0008-10-27 18:10:00,8,10,27,18,10,920,24,"49, GENERAL ROGUET (RUE",,,Nuit avec éclairage allumé,En agglomération,Hors intersection,Pluie légère,Deux véhicules - arrière,,,,,,,,,,,5,2,1,2,2
200800060173,0008-10-30 15:35:00,8,10,30,15,35,920,24,"67, MARTRE (RUE) DE (59",,,Plein jour,En agglomération,Intersection en X,Pluie légère,Deux véhicules - côté,,,,,,,,,,,1,2,2,2,3
200800060174,0008-10-30 20:55:00,8,10,30,20,55,920,24,"40, NEUILLY (RUE DE) DE",,,Nuit avec éclairage allumé,En agglomération,Hors intersection,Normale,Deux véhicules - côté,,,,,,,,,,,5,2,1,1,3
200800060175,0008-10-03 16:20:00,8,10,3,16,20,920,25,"30, VALMY (BD DE)",,,Plein jour,En agglomération,Hors intersection,Normale,Deux véhicules - arrière,,,,,,,,,,,1,2,1,1,2
200800060176,0008-10-06 19:30:00,8,10,6,19,30,920,25,GABRIEL PERI (RUE),,,Plein jour,En agglomération,Intersection en X,Normale,Autre collision,,,,,,,,,,,1,2,2,1,6
200800060177,0008-10-12 17:00:00,8,10,12,17,0,920,25,"61, AGENT SARRE (AV DE L",,,Plein jour,En agglomération,Hors intersection,Normale,Deux véhicules - frontale,,,,,,,,,,,1,2,1,1,1
200800060178,0008-10-13 11:10:00,8,10,13,11,10,920,25,"77, STALINGRAD (AV DE)",,,Plein jour,En agglomération,Hors intersection,Normale,Deux véhicules - arrière,,,,,,,,,,,1,2,1,1,2
200800060179,0008-10-16 09:30:00,8,10,16,9,30,920,25,VARSOVIE (RUE DE),,,Plein jour,En agglomération,Intersection en Y,Normale,Deux véhicules - côté,,,,,,,,,,,1,2,4,1,3
200800060180,0008-10-16 09:55:00,8,10,16,9,55,920,25,EDGARD QUINET (BD),,,Plein jour,En agglomération,Autre intersection,Pluie légère,Autre collision,,,,,,,,,,,1,2,9,2,6
200800060181,0008-10-18 19:00:00,8,10,18,19,0,920,25,"215, PRESIDENT SALVADOR",,,Crépuscule ou aube,En agglomération,Hors intersection,Normale,Autre collision,,,,,,,,,,,2,2,1,1,6
200800060182,0008-10-22 12:45:00,8,10,22,12,45,920,25,COLBERT <> 115 A 131 & 1,,,Plein jour,En agglomération,Intersection en X,Normale,Autre collision,,,,,,,,,,,1,2,2,1,6
200800060183,0008-10-24 16:55:00,8,10,24,16,55,920,25,VICTOR HUGO (AV.VILLA.RU,,,Plein jour,En agglomération,Intersection en X,Pluie légère,Deux véhicules - côté,,,,,,,,,,,1,2,2,2,3
200800060184,0008-10-27 20:35:00,8,10,27,20,35,920,25,A86,,,Nuit sans éclairage public,En agglomération,Intersection en X,Pluie légère,Deux véhicules - côté,,,,,,,,,,,3,2,2,2,3
200800060185,0008-10-04 12:45:00,8,10,4,12,45,920,26,VERDUN (DE 62 A FIN),,,Plein jour,En agglomération,Intersection en X,Normale,Autre collision,,,,,,,,,,,1,2,2,1,6
200800060186,0008-10-07 08:50:00,8,10,7,8,50,920,26,SAINT-DENIS BD DE (01 A,,,Plein jour,En agglomération,Intersection en X,Normale,Autre collision,,,,,,,,,,,1,2,2,1,6
200800060187,0008-10-07 09:45:00,8,10,7,9,45,920,26,ARISTIDE BRIAND,,,Plein jour,En agglomération,Intersection en X,Pluie légère,Deux véhicules - côté,,,,,,,,,,,1,2,2,2,3
200800060188,0008-10-13 08:40:00,8,10,13,8,40,920,26,"35, KILFORD",,,Plein jour,En agglomération,Hors intersection,Normale,Autre collision,,,,,,,,,,,1,2,1,1,6
200800060189,0008-10-14 09:30:00,8,10,14,9,30,920,26,MISSION MARCHAND (COTE I,,,Plein jour,En agglomération,Intersection en X,Temps couvert,Deux véhicules - côté,,,,,,,,,,,1,2,2,8,3
200800060190,0008-10-17 17:40:00,8,10,17,17,40,920,26,COLOMBES,,,Plein jour,En agglomération,Intersection en T,Normale,Trois véhicules et plus - collisions multiples,,,,,,,,,,,1,2,3,1,5
200800060191,0008-10-22 19:15:00,8,10,22,19,15,920,26,VERDUN (DE 62 A FIN),,,Nuit avec éclairage allumé,En agglomération,Intersection en T,Normale,Autre collision,,,,,,,,,,,5,2,3,1,6
200800060192,0008-10-22 16:10:00,8,10,22,16,10,920,26,VERDUN (DE 01 A 61),,,Plein jour,En agglomération,Intersection en T,Normale,Deux véhicules - côté,,,,,,,,,,,1,2,3,1,3
200800060193,0008-10-23 16:10:00,8,10,23,16,10,920,26,VERDUN (DE 01 A 61),,,Plein jour,En agglomération,Intersection en T,Normale,Deux véhicules - côté,,,,,,,,,,,1,2,3,1,3
200800060194,0008-10-23 16:15:00,8,10,23,16,15,920,26,"119 bis, VERDUN (DE 62 A",,,Plein jour,En agglomération,Hors intersection,Normale,Deux véhicules - côté,,,,,,,,,,,1,2,1,1,3
200800060195,0008-10-25 17:25:00,8,10,25,17,25,920,26,"3, COLOMBES",,,Plein jour,En agglomération,Hors intersection,Normale,Deux véhicules - côté,,,,,,,,,,,1,2,1,1,3
200800060196,0008-10-27 09:00:00,8,10,27,9,0,920,26,MISSION MARCHAND (COTE I,,,Plein jour,En agglomération,Hors intersection,Autre,Autre collision,,,,,,,,,,,1,2,1,9,6
200800060197,0008-10-27 19:20:00,8,10,27,19,20,920,26,MARECHAL JOFFRE (QUAI DU,,,Nuit avec éclairage allumé,En agglomération,Hors intersection,Pluie légère,Sans collision,,,,,,,,,,,5,2,1,2,7
200800060198,0008-10-31 21:50:00,8,10,31,21,50,920,26,MISSION MARCHAND (COTE I,,,Nuit avec éclairage allumé,En agglomération,Intersection en X,Autre,Deux véhicules - côté,,,,,,,,,,,5,2,2,9,3
200800060199,0008-10-23 10:35:00,8,10,23,10,35,920,26,VERDUN (DE 01 A 61),,,Plein jour,En agglomération,Intersection en X,Normale,Autre collision,,,,,,,,,,,1,2,2,1,6
200800060200,0008-10-31 15:20:00,8,10,31,15,20,920,26,MISSION MARCHAND (COTE I,,,Plein jour,En agglomération,Intersection en X,Pluie légère,Deux véhicules - côté,,,,,,,,,,,1,2,2,2,3
200800060201,0008-10-29 14:45:00,8,10,29,14,45,920,26,ARISTIDE BRIAND,,,Plein jour,En agglomération,Intersection en T,Normale,Deux véhicules - côté,,,,,,,,,,,1,2,3,1,3
200800060202,0008-10-27 08:50:00,8,10,27,8,50,920,26,MARECHAL JOFFRE (QUAI DU,,,Plein jour,En agglomération,Intersection en T,Normale,Deux véhicules - côté,,,,,,,,,,,1,2,3,1,3
200800060203,0008-10-07 09:50:00,8,10,7,9,50,920,35,"51, National ( boulevard",,,Plein jour,En agglomération,Intersection à plus de 4 branches,Normale,Trois véhicules et plus - collisions multiples,,,,,,,,,,,1,2,5,1,5
200800060204,0008-10-17 18:26:00,8,10,17,18,26,920,35,"31, Foch ( avenue )",,,Plein jour,En agglomération,Hors intersection,Normale,Autre collision,,,,,,,,,,,1,2,1,1,6
200800060205,0008-10-17 18:45:00,8,10,17,18,45,920,35,"11, Général de Gaulle  (",,,Plein jour,En agglomération,Intersection à plus de 4 branches,Normale,Deux véhicules - côté,,,,,,,,,,,1,2,5,1,3
200800060206,0008-10-18 12:05:00,8,10,18,12,5,920,35,"80, Général de Gaulle  (",,,Plein jour,Hors agglomération,Intersection en T,Normale,Deux véhicules - côté,,,,,,,,,,,1,1,3,1,3
200800060207,0008-10-24 07:45:00,8,10,24,7,45,920,35,"104, Général de Gaulle",,,Crépuscule ou aube,En agglomération,Intersection en T,Normale,Deux véhicules - côté,,,,,,,,,,,2,2,3,1,3
200800060208,0008-10-22 12:15:00,8,10,22,12,15,920,35,"face 72, Général de Gaul",,,Plein jour,En agglomération,Hors intersection,Normale,Autre collision,,,,,,,,,,,1,2,1,1,6
200800060209,0008-10-24 15:20:00,8,10,24,15,20,920,35,"86, République ( bouleva",,,Plein jour,En agglomération,Hors intersection,Normale,Deux véhicules - côté,,,,,,,,,,,1,2,1,1,3
200800060210,0008-10-26 22:00:00,8,10,26,22,0,920,35,"80, République ( bouleva",,,Nuit avec éclairage allumé,En agglomération,Intersection en X,Normale,Deux véhicules - côté,,,,,,,,,,,5,2,2,1,3
200800060211,0008-10-03 20:00:00,8,10,3,20,0,920,35,"48, National ( boulevard",,,Nuit avec éclairage allumé,En agglomération,Intersection en Y,Pluie légère,Deux véhicules - frontale,,,,,,,,,,,5,2,4,2,1
200800060212,0008-10-27 01:00:00,8,10,27,1,0,920,35,"51, National ( boulevard",,,Nuit avec éclairage allumé,En agglomération,Intersection en X,Pluie légère,Sans collision,,,,,,,,,,,5,2,2,2,7
200800060213,0008-10-31 20:50:00,8,10,31,20,50,920,35,"., Général de Gaulle  (",,,Nuit avec éclairage allumé,En agglomération,Intersection en T,Normale,Deux véhicules - côté,,,,,,,,,,,5,2,3,1,3
200800060214,0008-10-01 16:40:00,8,10,1,16,40,920,36,"0, LAURENT CELY (AVENUE)",,,Plein jour,En agglomération,Intersection à plus de 4 branches,Pluie légère,Deux véhicules - côté,,,,,,,,,,,1,2,5,2,3
200800060215,0008-10-02 10:45:00,8,10,2,10,45,920,36,"28, BASSIN N°6 (ROUTE DU",,,Plein jour,En agglomération,Hors intersection,Normale,Deux véhicules - arrière,,,,,,,,,,,1,2,1,1,2
200800060216,0008-10-03 08:10:00,8,10,3,8,10,920,36,"12, LOUIS CALMEL (RUE) (",,,Plein jour,En agglomération,Hors intersection,Normale,Deux véhicules - côté,,,,,,,,,,,1,2,1,1,3
200800060217,0008-10-03 20:00:00,8,10,3,20,0,920,36,"43, GRESILLONS (AVENUE D",,,Nuit avec éclairage allumé,En agglomération,Hors intersection,Normale,Autre collision,,,,,,,,,,,5,2,1,1,6
200800060218,0008-10-07 12:10:00,8,10,7,12,10,920,36,"10, GENERAL DE GAULLE (A",,,Plein jour,En agglomération,Hors intersection,Normale,Autre collision,,,,,,,,,,,1,2,1,1,6
200800060219,0008-10-07 12:30:00,8,10,7,12,30,920,36,"5/7, PRINCIPALE DU PORT",,,Plein jour,En agglomération,Hors intersection,Normale,Deux véhicules - côté,,,,,,,,,,,1,2,1,1,3
200800060220,0008-10-08 09:35:00,8,10,8,9,35,920,36,"0, GENEAL DE GAULLE (AVE",,,Plein jour,En agglomération,Hors intersection,Normale,Autre collision,,,,,,,,,,,1,2,1,1,6
200800060221,0008-10-14 19:25:00,8,10,14,19,25,920,36,"84, GABRIEL PERI (AVENUE",,,Nuit avec éclairage allumé,En agglomération,Hors intersection,Normale,Autre collision,,,,,,,,,,,5,2,1,1,6
200800060222,0008-10-16 22:15:00,8,10,16,22,15,920,36,"36, FELICIE (RUE)",,,Nuit avec éclairage allumé,En agglomération,Hors intersection,Normale,Autre collision,,,,,,,,,,,5,2,1,1,6
200800060223,0008-10-22 18:45:00,8,10,22,18,45,920,36,"0, CABOEUFS (RUE DES) (1",,,Crépuscule ou aube,En agglomération,Intersection en X,Normale,Autre collision,,,,,,,,,,,2,2,2,1,6
200800060224,0008-10-24 09:00:00,8,10,24,9,0,920,36,"5/9, GRESILLONS (QUAI DE",,,Plein jour,En agglomération,Hors intersection,Normale,Trois véhicules et plus - collisions multiples,,,,,,,,,,,1,2,1,1,5
200800060225,0008-10-25 03:55:00,8,10,25,3,55,920,36,"103, GRESILLONS (AVENUE",,,Nuit avec éclairage allumé,En agglomération,Autre intersection,Normale,Autre collision,,,,,,,,,,,5,2,9,1,6
200800060226,0008-10-26 15:20:00,8,10,26,15,20,920,36,"112, GENERAL DE GAULLE (",,,Plein jour,En agglomération,Autre intersection,Normale,Deux véhicules - côté,,,,,,,,,,,1,2,9,1,3
200800060227,0008-10-03 07:50:00,8,10,3,7,50,920,40,"75, GALLIENI (BOULEVARD)",,,Crépuscule ou aube,En agglomération,Intersection en X,Pluie légère,Deux véhicules - côté,,,,,,,,,,,2,2,2,2,3
200800060228,0008-10-13 15:00:00,8,10,13,15,0,920,40,"60-62, CAMILLE DESMOULIN",,,Plein jour,En agglomération,Hors intersection,Normale,Deux véhicules - côté,,,,,,,,,,,1,2,1,1,3
200800060229,0008-10-15 16:20:00,8,10,15,16,20,920,40,"51, HOCHE",,,Plein jour,En agglomération,Hors intersection,Pluie légère,Deux véhicules - arrière,,,,,,,,,,,1,2,1,2,2
200800060230,0008-10-16 20:20:00,8,10,16,20,20,920,40,GALLIENI (BOULEVARD),,,Nuit avec éclairage allumé,En agglomération,Intersection en X,Normale,Deux véhicules - côté,,,,,,,,,,,5,2,2,1,3
200800060231,0008-10-18 20:50:00,8,10,18,20,50,920,40,"12, GAMBETTA (BOULEVARD)",,,Nuit avec éclairage allumé,En agglomération,Hors intersection,Normale,Deux véhicules - côté,,,,,,,,,,,5,2,1,1,3
200800060232,0008-10-18 21:30:00,8,10,18,21,30,920,40,GALLIENI (BOULEVARD),,,Nuit avec éclairage allumé,En agglomération,Intersection en X,Autre,Deux véhicules - côté,,,,,,,,,,,5,2,2,9,3
200800060233,0008-10-17 11:50:00,8,10,17,11,50,920,40,QUATRE SEPTEMBRE (DU),,,Plein jour,En agglomération,Hors intersection,Normale,Autre collision,,,,,,,,,,,1,2,1,1,6
200800060234,0008-10-18 13:40:00,8,10,18,13,40,920,40,KLEBER,,,Plein jour,En agglomération,Intersection en T,Normale,Autre collision,,,,,,,,,,,1,2,3,1,6
200800060235,0008-10-27 19:05:00,8,10,27,19,5,920,40,"150, VERDUN (AVENUE DE)",,,Nuit avec éclairage allumé,En agglomération,Intersection en T,Pluie légère,Autre collision,,,,,,,,,,,5,2,3,2,6
200800060236,0008-10-03 19:20:00,8,10,3,19,20,920,44,"49, VIC. HUGO(RUE)001A06",,,Crépuscule ou aube,En agglomération,Hors intersection,Pluie légère,Deux véhicules - frontale,,,,,,,,,,,2,2,1,2,1
200800060237,0008-10-07 18:20:00,8,10,7,18,20,920,44,TREBOIS(RUE),,,Nuit avec éclairage allumé,En agglomération,Intersection en X,Normale,Autre collision,,,,,,,,,,,5,2,2,1,6
200800060238,0008-10-13 19:15:00,8,10,13,19,15,920,44,DANTON(RUE)75A123 ET 90A,,,Nuit avec éclairage allumé,En agglomération,Hors intersection,Normale,Autre collision,,,,,,,,,,,5,2,1,1,6
200800060239,0008-10-17 07:45:00,8,10,17,7,45,920,44,ANA.FRANCE(RUE) 141+ ET,,,Plein jour,En agglomération,Intersection en X,Normale,Autre collision,,,,,,,,,,,1,2,2,1,6
200800060240,0008-10-22 12:50:00,8,10,22,12,50,920,44,GENERAL LECLERC(PLACE),,,Plein jour,En agglomération,Intersection en X,Normale,Deux véhicules - côté,,,,,,,,,,,1,2,2,1,3
200800060241,0008-10-28 07:25:00,8,10,28,7,25,920,44,VIC. HUGO(RUE)077A089 ET,,,Crépuscule ou aube,En agglomération,Hors intersection,Normale,Deux véhicules - côté,,,,,,,,,,,2,2,1,1,3
200800060242,0008-10-28 11:15:00,8,10,28,11,15,920,44,HUIT MAI 1945 (PLACE DU),,,Plein jour,En agglomération,Place,Normale,Deux véhicules - arrière,,,,,,,,,,,1,2,7,1,2
200800060243,0008-10-16 20:00:00,8,10,16,20,0,920,48,"58, JEAN JAURES (AVENUE)",,,Nuit sans éclairage public,En agglomération,Intersection en T,Pluie légère,Deux véhicules - frontale,,,,,,,,,,,3,2,3,2,1
200800060244,0008-10-15 19:00:00,8,10,15,19,0,920,48,"., PARIS (RUE DE) N° 12",,,Crépuscule ou aube,En agglomération,Intersection en X,Pluie légère,Deux véhicules - arrière,,,,,,,,,,,2,2,2,2,2
200800060245,0008-10-24 02:00:00,8,10,24,2,0,920,48,"22, REPUBLIQUE (RUE DE L",,,Nuit avec éclairage allumé,Hors agglomération,Hors intersection,Normale,Autre collision,,,,,,,,,,,5,1,1,1,6
200800060246,0008-10-28 00:05:00,8,10,28,0,5,920,48,"., MEDERIC (AVENUE)",,,Nuit avec éclairage allumé,En agglomération,Intersection en T,Normale,Deux véhicules - côté,,,,,,,,,,,5,2,3,1,3
200800060247,0008-10-29 14:00:00,8,10,29,14,0,920,48,"., MARCEL ALLEGOT (RUE)",,,Plein jour,En agglomération,Intersection en T,Normale,Deux véhicules - côté,,,,,,,,,,,1,2,3,1,3
200800060248,0008-10-01 06:40:00,8,10,1,6,40,920,49,BROSSOLETTE AVENUE PIERR,,,Nuit avec éclairage allumé,En agglomération,Hors intersection,Normale,Autre collision,,,,,,,,,,,5,2,1,1,6
200800060249,0008-10-03 08:50:00,8,10,3,8,50,920,49,"67, BROSSOLETTE AVENUE P",,,Plein jour,En agglomération,Hors intersection,Normale,Deux véhicules - arrière,,,,,,,,,,,1,2,1,1,2
200800060250,0008-10-03 10:10:00,8,10,3,10,10,920,20,AVENIR RUE DE L',,,Plein jour,En agglomération,Hors intersection,Normale,Autre collision,,,,,,,,,,,1,2,1,1,6
200800060251,0008-10-03 12:35:00,8,10,3,12,35,920,20,"174, PARIS AVENUE DE N°8",,,Plein jour,En agglomération,Hors intersection,Normale,Deux véhicules - côté,,,,,,,,,,,1,2,1,1,3
200800060252,0008-10-05 12:30:00,8,10,5,12,30,920,49,"59, BRIAND AVENUE ARISTI",,,Plein jour,En agglomération,Hors intersection,Pluie légère,Trois véhicules et plus - collisions multiples,,,,,,,,,,,1,2,1,2,5
200800060253,0008-10-06 06:20:00,8,10,6,6,20,920,20,REPUBLIQUE AV. AUTRES N°,,,Nuit avec éclairage allumé,En agglomération,Hors intersection,Normale,Deux véhicules - côté,,,,,,,,,,,5,2,1,1,3
200800060254,0008-10-07 07:40:00,8,10,7,7,40,920,20,BROSSOLETTE RUE PIERRE N,,,Crépuscule ou aube,En agglomération,Giratoire,Normale,Autre collision,,,,,,,,,,,2,2,6,1,6
200800060255,0008-10-07 09:45:00,8,10,7,9,45,920,49,"115, BRIAND AVENUE ARIST",,,Plein jour,En agglomération,Hors intersection,Pluie légère,Deux véhicules - arrière,,,,,,,,,,,1,2,1,2,2
200800060256,0008-10-08 10:10:00,8,10,8,10,10,920,49,DORMOY AVENUE MARX N°102,,,Plein jour,En agglomération,Hors intersection,Normale,Deux véhicules - arrière,,,,,,,,,,,1,2,1,1,2
200800060257,0008-10-09 15:55:00,8,10,9,15,55,920,49,VERDIER AVENUE  N°26 A 6,,,Plein jour,En agglomération,Intersection en X,Normale,Deux véhicules - côté,,,,,,,,,,,1,2,2,1,3
200800060258,0008-10-15 16:45:00,8,10,15,16,45,920,20,DIVISION LECLERC PLACE D,,,Plein jour,En agglomération,Intersection en X,Pluie légère,Deux véhicules - côté,,,,,,,,,,,1,2,2,2,3
200800060259,0008-10-16 13:40:00,8,10,16,13,40,920,49,"119, BRIAND AVENUE ARIST",,,Plein jour,En agglomération,Hors intersection,Pluie légère,Deux véhicules - arrière,,,,,,,,,,,1,2,1,2,2
200800060260,0008-10-19 15:45:00,8,10,19,15,45,920,20,AVENIR RUE DE L',,,Plein jour,En agglomération,Hors intersection,Normale,Deux véhicules - arrière,,,,,,,,,,,1,2,1,1,2
200800060261,0008-10-17 09:25:00,8,10,17,9,25,920,20,BROSSOLETTE RUE PIERRE N,,,Plein jour,En agglomération,Intersection en X,Normale,Trois véhicules et plus - collisions multiples,,,,,,,,,,,1,2,2,1,5
200800060262,0008-10-22 15:00:00,8,10,22,15,0,920,49,REPUBLIQUE AVENUE DE LA,,,Plein jour,En agglomération,Intersection en X,Normale,Autre collision,,,,,,,,,,,1,2,2,1,6
200800060263,0008-10-22 15:30:00,8,10,22,15,30,920,20,"83, PARIS AVENUE DE N° I",,,Plein jour,En agglomération,Hors intersection,Normale,Deux véhicules - arrière,,,,,,,,,,,1,2,1,1,2
200800060264,0008-10-23 16:00:00,8,10,23,16,0,920,20,VERDUN AVENUE DE AUTRES,,,Plein jour,Hors agglomération,Intersection en X,Normale,Deux véhicules - côté,,,,,,,,,,,1,1,2,1,3
200800060265,0008-10-25 17:10:00,8,10,25,17,10,920,49,"36, REPUBLIQUE AVENUE DE",,,Plein jour,En agglomération,Intersection en X,Normale,Autre collision,,,,,,,,,,,1,2,2,1,6
200800060266,0008-10-26 08:45:00,8,10,26,8,45,920,49,PERI RUE GABRIEL N°2 A 3,,,Plein jour,En agglomération,Intersection en X,Normale,Deux véhicules - côté,,,,,,,,,,,1,2,2,1,3
200800060267,0008-10-26 14:35:00,8,10,26,14,35,920,49,PERI RUE GABRIEL N°2 A 3,,,Plein jour,En agglomération,Intersection en X,Normale,Deux véhicules - côté,,,,,,,,,,,1,2,2,1,3
200800060268,0008-10-27 17:45:00,8,10,27,17,45,920,49,BROSSOLETTE AVENUE PIERR,,,Plein jour,En agglomération,Intersection en X,Normale,Deux véhicules - côté,,,,,,,,,,,1,2,2,1,3
200800060269,0008-10-27 19:15:00,8,10,27,19,15,920,20,"10, PERI RUE GABRIEL",,,Nuit avec éclairage allumé,En agglomération,Hors intersection,Normale,Autre collision,,,,,,,,,,,5,2,1,1,6
200800060270,0008-10-28 13:55:00,8,10,28,13,55,920,49,"154, DORMOY AVENUE MARX",,,Plein jour,En agglomération,Hors intersection,Normale,Deux véhicules - côté,,,,,,,,,,,1,2,1,1,3
200800060271,0008-10-31 11:55:00,8,10,31,11,55,920,49,BROSSOLETTE AVENUE PIERR,,,Plein jour,En agglomération,Hors intersection,Normale,Deux véhicules - côté,,,,,,,,,,,1,2,1,1,3
200800060272,0008-10-02 07:40:00,8,10,2,7,40,920,50,"272, CLEMENCEAU GEORGES",,,Plein jour,En agglomération,Hors intersection,Normale,Deux véhicules - côté,,,,,,,,,,,1,2,1,1,3
200800060273,0008-10-02 12:20:00,8,10,2,12,20,920,50,"18, BOIS JOLY RUE DU",,,Plein jour,En agglomération,Hors intersection,Normale,Autre collision,,,,,,,,,,,1,2,1,1,6
200800060274,0008-10-07 21:40:00,8,10,7,21,40,920,50,LENINE VLADIMIR ILITCH A,,,Nuit avec éclairage allumé,En agglomération,Hors intersection,Pluie légère,Deux véhicules - frontale,,,,,,,,,,,5,2,1,2,1
200800060275,0008-10-09 09:45:00,8,10,9,9,45,920,50,JOILIOT CURIE F. ET IREN,,,Plein jour,En agglomération,Hors intersection,Normale,Deux véhicules - frontale,,,,,,,,,,,1,2,1,1,1
200800060276,0008-10-09 20:10:00,8,10,9,20,10,920,50,NATIONAL BOULEVARD,,,Crépuscule ou aube,En agglomération,Intersection en X,Normale,Deux véhicules - côté,,,,,,,,,,,2,2,2,1,3
200800060277,0008-10-10 17:10:00,8,10,10,17,10,920,50,"13, FONTANOT RUE DES TRO",,,Plein jour,En agglomération,Hors intersection,Normale,Deux véhicules - côté,,,,,,,,,,,1,2,1,1,3
200800060278,0008-10-11 21:45:00,8,10,11,21,45,920,50,"46, PICASSO PABLO AVENUE",,,Nuit avec éclairage allumé,En agglomération,Hors intersection,Normale,Deux véhicules - frontale,,,,,,,,,,,5,2,1,1,1
200800060279,0008-10-11 15:10:00,8,10,11,15,10,920,50,QUENTIN JULES AVENUE,,,Plein jour,En agglomération,Hors intersection,Normale,Deux véhicules - côté,,,,,,,,,,,1,2,1,1,3
200800060280,0008-10-16 08:40:00,8,10,16,8,40,920,50,LENINE VLADIMIR ILITCH A,,,Plein jour,En agglomération,Hors intersection,Normale,Autre collision,,,,,,,,,,,1,2,1,1,6