accident_id,datetime,annee,mois,jour,heure,minute,departement,commune_insee,adresse,latitude,longitude,luminosite,agglomeration,intersection,meteo,collision,nb_vehicules,nb_usagers,nb_indemnes,nb_tues,nb_blesses_hosp,nb_blesses_legers,age_cond_1,age_cond_2,veh_type_cond_1,veh_type_cond_2,lum_code,agg_code,int_code,atm_code,col_code
200800060543,0008-10-20 18:00:00,8,10,20,18,0,930,66,LIBERATION RD14 (BOULEVA,,,Plein jour,En agglomération,Hors intersection,Normale,Autre collision,,,,,,,,,,,1,2,1,1,6
200800060544,0008-10-21 17:00:00,8,10,21,17,0,930,39,MARINE (QUAI DE LA ),,,Plein jour,En agglomération,Hors intersection,Pluie légère,Deux véhicules - frontale,,,,,,,,,,,1,2,1,2,1
200800060545,0008-10-23 16:40:00,8,10,23,16,40,930,66,LENINE (AVENUE) NR 28 A,,,Plein jour,En agglomération,Autre intersection,Normale,Deux véhicules - côté,,,,,,,,,,,1,2,9,1,3
200800060546,0008-10-27 17:30:00,8,10,27,17,30,930,66,CHANTILLY,,,Crépuscule ou aube,En agglomération,Intersection en X,Pluie légère,Deux véhicules - côté,,,,,,,,,,,2,2,2,2,3
200800060547,0008-10-29 16:48:00,8,10,29,16,48,930,66,LENINE (AVENUE) NR 28 A,,,Crépuscule ou aube,En agglomération,Intersection en X,Normale,Deux véhicules - côté,,,,,,,,,,,2,2,2,1,3
200800060548,0008-10-30 19:30:00,8,10,30,19,30,930,66,"25, ""SEMBAT MARCEL (BD),",,,Nuit avec éclairage allumé,En agglomération,Hors intersection,Normale,Sans collision,,,,,,,,,,,5,2,1,1,7
200800060549,0008-10-31 22:15:00,8,10,31,22,15,930,66,LIBERATION RD14 (BOULEVA,,,Nuit avec éclairage allumé,En agglomération,Hors intersection,Normale,Deux véhicules - côté,,,,,,,,,,,5,2,1,1,3
200800060550,0008-10-01 08:05:00,8,10,1,8,5,930,66,"""LANDY RD 20, NR IMPAIRS",,,Crépuscule ou aube,En agglomération,Intersection en T,Normale,Sans collision,,,,,,,,,,,2,2,3,1,7
200800060551,0008-10-03 14:20:00,8,10,3,14,20,930,66,RIMET JULES,,,Plein jour,En agglomération,Hors intersection,Pluie légère,Deux véhicules - côté,,,,,,,,,,,1,2,1,2,3
200800060552,0008-10-07 13:55:00,8,10,7,13,55,930,66,"173, WILSON (AVENUE DU P",,,Plein jour,En agglomération,Hors intersection,Normale,Deux véhicules - côté,,,,,,,,,,,1,2,1,1,3
200800060553,0008-10-08 21:30:00,8,10,8,21,30,930,66,STADE DE FRANCE (AVENUE,,,Nuit avec éclairage allumé,En agglomération,Hors intersection,Normale,Deux véhicules - côté,,,,,,,,,,,5,2,1,1,3
200800060554,0008-10-23 08:55:00,8,10,23,8,55,930,66,"01, BLES",,,Plein jour,En agglomération,Hors intersection,Normale,Deux véhicules - côté,,,,,,,,,,,1,2,1,1,3
200800060555,0008-10-24 10:30:00,8,10,24,10,30,930,66,"""BARBUSSE HENRI, NR 35 A",,,Plein jour,En agglomération,Hors intersection,Normale,Deux véhicules - frontale,,,,,,,,,,,1,2,1,1,1
200800060556,0008-10-04 18:10:00,8,10,4,18,10,930,70,"77, ALBERT-DHALENNE (RUE",,,Plein jour,En agglomération,Hors intersection,Normale,Deux véhicules - côté,,,,,,,,,,,1,2,1,1,3
200800060557,0008-10-09 08:45:00,8,10,9,8,45,930,70,"122, CAPITAINE-GLARNER (",,,Plein jour,En agglomération,Intersection en T,Normale,Deux véhicules - côté,,,,,,,,,,,1,2,3,1,3
200800060558,0008-10-11 11:40:00,8,10,11,11,40,930,70,"16, GABRIEL-PERI (AV)",,,Plein jour,En agglomération,Hors intersection,Normale,Deux véhicules - côté,,,,,,,,,,,1,2,1,1,3
200800060559,0008-10-12 18:25:00,8,10,12,18,25,930,70,"66, JEAN-JAURES (BD)",,,Plein jour,En agglomération,Hors intersection,Normale,Deux véhicules - arrière,,,,,,,,,,,1,2,1,1,2
200800060560,0008-10-17 15:40:00,8,10,17,15,40,930,70,"26, PALOUZIE(RUE)",,,Plein jour,En agglomération,Hors intersection,Normale,Autre collision,,,,,,,,,,,1,2,1,1,6
200800060561,0008-10-27 18:55:00,8,10,27,18,55,930,70,DOCTEUR BAUER(RUE DU) :N,,,Nuit avec éclairage allumé,En agglomération,Hors intersection,Pluie légère,Sans collision,,,,,,,,,,,5,2,1,2,7
200800060562,0008-10-03 08:25:00,8,10,3,8,25,930,71,DUMONT D'URVILLE (AVENUE,,,Crépuscule ou aube,En agglomération,Hors intersection,Pluie légère,Autre collision,,,,,,,,,,,2,2,1,2,6
200800060563,0008-10-31 16:10:00,8,10,31,16,10,930,71,SURIEGES (ALLEE DE),,,Plein jour,En agglomération,Intersection en T,Normale,Deux véhicules - arrière,,,,,,,,,,,1,2,3,1,2
200800060564,0008-10-02 18:15:00,8,10,2,18,15,930,72,"115, STALINGRAD (AVENUE",,,Crépuscule ou aube,En agglomération,Hors intersection,Temps couvert,Deux véhicules - côté,,,,,,,,,,,2,2,1,8,3
200800060565,0008-10-02 19:55:00,8,10,2,19,55,930,72,"0, MARCEL CACHIN (AVENUE",,,Nuit avec éclairage allumé,En agglomération,Intersection en X,Temps couvert,Deux véhicules - côté,,,,,,,,,,,5,2,2,8,3
200800060566,0008-10-04 16:10:00,8,10,4,16,10,930,59,"0, JEAN MERMOZ (BOULEVAR",,,Plein jour,En agglomération,Hors intersection,Normale,Deux véhicules - frontale,,,,,,,,,,,1,2,1,1,1
200800060567,0008-10-05 00:50:00,8,10,5,0,50,930,72,"0, FRANCIS CARCO (ALLEE)",,,Nuit avec éclairage allumé,En agglomération,Intersection en X,Normale,Deux véhicules - arrière,,,,,,,,,,,5,2,2,1,2
200800060568,0008-10-06 17:45:00,8,10,6,17,45,930,72,MAXIME GORKI (BOULEVARD),,,Plein jour,En agglomération,Hors intersection,Normale,Autre collision,,,,,,,,,,,1,2,1,1,6
200800060569,0008-10-10 06:30:00,8,10,10,6,30,930,59,"90, LENINE (AVENUE) N°36",,,Crépuscule ou aube,En agglomération,Intersection en T,Normale,Deux véhicules - côté,,,,,,,,,,,2,2,3,1,3
200800060570,0008-10-14 19:00:00,8,10,14,19,0,930,59,"45, AUGUSTINE MARECHAL (",,,Nuit avec éclairage allumé,En agglomération,Hors intersection,Normale,Sans collision,,,,,,,,,,,5,2,1,1,7
200800060571,0008-10-14 18:30:00,8,10,14,18,30,930,72,"0, MAXIME GORKI (BOULEVA",,,Plein jour,En agglomération,Intersection en X,Normale,Autre collision,,,,,,,,,,,1,2,2,1,6
200800060572,0008-10-16 11:00:00,8,10,16,11,0,930,59,"128, JEAN MERMOZ (BOULEV",,,Plein jour,En agglomération,Hors intersection,Normale,Deux véhicules - côté,,,,,,,,,,,1,2,1,1,3
200800060573,0008-10-18 18:25:00,8,10,18,18,25,930,59,"00, JEAN MERMOZ (N°59 AU",,,Plein jour,En agglomération,Intersection en X,Normale,Deux véhicules - frontale,,,,,,,,,,,1,2,2,1,1
200800060574,0008-10-10 13:20:00,8,10,10,13,20,930,72,"77, MAXIME GORKI (BOULEV",,,Plein jour,En agglomération,Intersection en T,Temps éblouissant,Trois véhicules et plus - collisions multiples,,,,,,,,,,,1,2,3,7,5
200800060575,0008-10-22 08:50:00,8,10,22,8,50,930,72,"80, MAXIME GORKI (BOULEV",,,Plein jour,En agglomération,Intersection en X,Normale,Deux véhicules - côté,,,,,,,,,,,1,2,2,1,3
200800060576,0008-10-23 08:00:00,8,10,23,8,0,930,59,"169, ELYSEE RECLUS (AVEN",,,Plein jour,En agglomération,Hors intersection,Normale,Deux véhicules - côté,,,,,,,,,,,1,2,1,1,3
200800060577,0008-10-27 22:45:00,8,10,27,22,45,930,59,"0, LENINE (AVENUE) N°2A3",,,Nuit avec éclairage allumé,En agglomération,Intersection en T,Normale,Deux véhicules - côté,,,,,,,,,,,5,2,3,1,3
200800060578,0008-10-01 10:40:00,8,10,1,10,40,930,78,DE GAULLE (AVENUE CHARLE,,,Plein jour,En agglomération,Intersection en X,Pluie légère,Deux véhicules - côté,,,,,,,,,,,1,2,2,2,3
200800060579,0008-10-03 21:30:00,8,10,3,21,30,930,78,BALLANGER (BD ROBERT),,,Nuit avec éclairage allumé,En agglomération,Hors intersection,Normale,Deux véhicules - arrière,,,,,,,,,,,5,2,1,1,2
200800060580,0008-10-10 12:40:00,8,10,10,12,40,930,73,PETITS PONTS (ROUTE DES),,,Plein jour,En agglomération,Intersection en X,Normale,Sans collision,,,,,,,,,,,1,2,2,1,7
200800060581,0008-10-10 18:20:00,8,10,10,18,20,930,73,SARRAULT (AVENUE ALBERT),,,Plein jour,En agglomération,Passage à niveau,Normale,Deux véhicules - côté,,,,,,,,,,,1,2,8,1,3
200800060582,0008-10-11 15:10:00,8,10,11,15,10,930,73,PYRAMIDE (AVENUE DE LA),,,Plein jour,En agglomération,Hors intersection,Normale,Autre collision,,,,,,,,,,,1,2,1,1,6
200800060583,0008-10-12 11:00:00,8,10,12,11,0,930,73,"03, PAIX (AVENUE DE LA)",,,Plein jour,En agglomération,Intersection en T,Normale,Autre collision,,,,,,,,,,,1,2,3,1,6
200800060584,0008-10-13 19:10:00,8,10,13,19,10,930,78,"220, BALLANGER (BD ROBER",,,Nuit avec éclairage allumé,En agglomération,Hors intersection,Normale,Sans collision,,,,,,,,,,,5,2,1,1,7
200800060585,0008-10-20 11:30:00,8,10,20,11,30,930,73,BERGER (RUE GILBERT),,,Plein jour,En agglomération,Hors intersection,Normale,Sans collision,,,,,,,,,,,1,2,1,1,7
200800060586,0008-10-22 08:10:00,8,10,22,8,10,930,73,VAILLANT (BOULEVARD CHAR,,,Crépuscule ou aube,En agglomération,Hors intersection,Normale,Deux véhicules - côté,,,,,,,,,,,2,2,1,1,3
200800060587,0008-10-23 08:30:00,8,10,23,8,30,930,73,RAPERIE (RUE DE LA),,,Plein jour,En agglomération,Hors intersection,Brouillard / fumée,Autre collision,,,,,,,,,,,1,2,1,5,6
200800060588,0008-10-24 23:35:00,8,10,24,23,35,930,73,VACHES (CHEMIN DES),,,Nuit avec éclairage allumé,En agglomération,Hors intersection,Normale,Trois véhicules et plus - collisions multiples,,,,,,,,,,,5,2,1,1,5
200800060589,0008-10-31 09:07:00,8,10,31,9,7,930,73,"21, PASTEUR (AVENUE)",,,Plein jour,En agglomération,Hors intersection,Pluie légère,Autre collision,,,,,,,,,,,1,2,1,2,6
200800060590,0008-10-31 12:25:00,8,10,31,12,25,930,78,AUTOROUTE A 104,,,Plein jour,En agglomération,Giratoire,Pluie légère,Sans collision,,,,,,,,,,,1,2,6,2,7
200800060591,0008-10-10 17:50:00,8,10,10,17,50,940,2,"6, NICE (R DE)",,,Plein jour,En agglomération,Hors intersection,Normale,Autre collision,,,,,,,,,,,1,2,1,1,6
200800060592,0008-10-23 16:40:00,8,10,23,16,40,940,2,"16, GENERAL MALLERET JOI",,,Plein jour,En agglomération,Hors intersection,Normale,Deux véhicules - arrière,,,,,,,,,,,1,2,1,1,2
200800060593,0008-10-06 13:45:00,8,10,6,13,45,940,4,"1, GARE (BD DE LA)",,,Plein jour,En agglomération,Hors intersection,Normale,Deux véhicules - côté,,,,,,,,,,,1,2,1,1,3
200800060594,0008-10-07 21:20:00,8,10,7,21,20,940,71,"13, MARCEAU (AV)",,,Nuit avec éclairage allumé,En agglomération,Intersection en T,Pluie forte,Autre collision,,,,,,,,,,,5,2,3,3,6
200800060595,0008-10-14 07:50:00,8,10,14,7,50,940,71,"2, BLANCS (ALL DES)",,,Plein jour,En agglomération,Intersection en T,Normale,Autre collision,,,,,,,,,,,1,2,3,1,6
200800060596,0008-10-14 17:30:00,8,10,14,17,30,940,75,"01, LIEUTENANT DAGORNO (",,,Plein jour,En agglomération,Hors intersection,Normale,Deux véhicules - arrière,,,,,,,,,,,1,2,1,1,2
200800060597,0008-10-17 11:20:00,8,10,17,11,20,940,4,BREVANNES (R DE),,,Plein jour,En agglomération,Intersection en X,Normale,Deux véhicules - côté,,,,,,,,,,,1,2,2,1,3
200800060598,0008-10-17 15:10:00,8,10,17,15,10,940,70,PARIS (RTE DE),,,Plein jour,En agglomération,Hors intersection,Normale,Autre collision,,,,,,,,,,,1,2,1,1,6
200800060599,0008-10-16 18:15:00,8,10,16,18,15,940,75,"04, avenue du Marechal d",,,Plein jour,En agglomération,Intersection en T,Normale,Deux véhicules - côté,,,,,,,,,,,1,2,3,1,3
200800060600,0008-10-22 17:30:00,8,10,22,17,30,940,71,"18, FAISAN DORE (R DU)",,,Plein jour,En agglomération,Hors intersection,Normale,Autre collision,,,,,,,,,,,1,2,1,1,6
200800060601,0008-10-25 19:25:00,8,10,25,19,25,940,44,"37, PASTEUR (R)",,,Nuit avec éclairage allumé,En agglomération,Hors intersection,Normale,Deux véhicules - frontale,,,,,,,,,,,5,2,1,1,1
200800060602,0008-10-26 19:30:00,8,10,26,19,30,940,71,"0.00, ESTIENNE D ORVES (",,,Nuit avec éclairage allumé,En agglomération,Intersection en X,Normale,Deux véhicules - côté,,,,,,,,,,,5,2,2,1,3
200800060603,0008-10-25 01:30:00,8,10,25,1,30,940,71,"01, BOISSY (R DE)",,,Nuit avec éclairage allumé,En agglomération,Intersection en T,Normale,Sans collision,,,,,,,,,,,5,2,3,1,7
200800060604,0008-10-27 07:25:00,8,10,27,7,25,940,4,"1, GEORGES BRASSENS (AV)",,,Plein jour,En agglomération,Intersection en T,Pluie légère,Deux véhicules - arrière,,,,,,,,,,,1,2,3,2,2
200800060605,0008-10-29 19:30:00,8,10,29,19,30,940,44,"43, HENRI BARBUSSE (R)",,,Nuit avec éclairage allumé,En agglomération,Intersection en T,Normale,Deux véhicules - frontale,,,,,,,,,,,5,2,3,1,1
200800060606,0008-10-30 21:20:00,8,10,30,21,20,940,4,"0, GENERAL LECLERC (AV D",,,Nuit avec éclairage allumé,En agglomération,Hors intersection,Pluie légère,Deux véhicules - arrière,,,,,,,,,,,5,2,1,2,2
200800060607,0008-10-25 12:50:00,8,10,25,12,50,940,75,MANDRES (R DE),,,Plein jour,En agglomération,Intersection en T,Normale,Deux véhicules - côté,,,,,,,,,,,1,2,3,1,3
200800060608,0008-10-31 18:50:00,8,10,31,18,50,940,4,"21, CHARLES DE GAULLE (A",,,Nuit avec éclairage allumé,En agglomération,Hors intersection,Normale,Autre collision,,,,,,,,,,,5,2,1,1,6
200800060609,0008-10-09 10:10:00,8,10,9,10,10,940,44,"55, VALENTON (AV DE)",,,Plein jour,En agglomération,Intersection en T,Normale,Deux véhicules - côté,,,,,,,,,,,1,2,3,1,3
200800060610,0008-10-05 21:15:00,8,10,5,21,15,940,71,"48, GRAND VAL (R DU)",,,Nuit avec éclairage allumé,En agglomération,Hors intersection,Normale,Autre collision,,,,,,,,,,,5,2,1,1,6
200800060611,0008-10-03 17:00:00,8,10,3,17,0,940,70,"43 ter, MAROLLES (RTE DE",,,Plein jour,En agglomération,Hors intersection,Pluie légère,Deux véhicules - frontale,,,,,,,,,,,1,2,1,2,1
200800060612,0008-10-23 09:30:00,8,10,23,9,30,940,71,"8, EMILE TEMPLIER (R)",,,Plein jour,En agglomération,Intersection en X,Normale,Autre collision,,,,,,,,,,,1,2,2,1,6
200800060613,0008-10-02 13:35:00,8,10,2,13,35,940,17,MARX DORMOY (AV),,,Plein jour,En agglomération,Giratoire,Normale,Deux véhicules - côté,,,,,,,,,,,1,2,6,1,3
200800060614,0008-10-03 12:45:00,8,10,3,12,45,940,17,LOUIS TALAMONI (R),,,Plein jour,En agglomération,Hors intersection,Pluie légère,Autre collision,,,,,,,,,,,1,2,1,2,6
200800060615,0008-10-07 17:30:00,8,10,7,17,30,940,17,STALINGRAD (BD DE),,,Plein jour,En agglomération,Intersection en T,Normale,Autre collision,,,,,,,,,,,1,2,3,1,6
200800060616,0008-10-07 19:15:00,8,10,7,19,15,940,17,SEVIGNE (R DE),,,Plein jour,En agglomération,Intersection en T,Pluie légère,Autre collision,,,,,,,,,,,1,2,3,2,6
200800060617,0008-10-08 08:30:00,8,10,8,8,30,940,17,GENERAL DE GAULLE (AV DU,,,Plein jour,En agglomération,Intersection en T,Normale,Autre collision,,,,,,,,,,,1,2,3,1,6
200800060618,0008-10-09 12:30:00,8,10,9,12,30,940,17,ALFRED GREVIN (R),,,Plein jour,Hors agglomération,Hors intersection,Normale,Trois véhicules et plus - collisions multiples,,,,,,,,,,,1,1,1,1,5
200800060619,0008-10-10 00:01:00,8,10,10,0,1,940,17,ALBERT THOMAS (R),,,Nuit avec éclairage allumé,En agglomération,Hors intersection,Normale,Deux véhicules - arrière,,,,,,,,,,,5,2,1,1,2
200800060620,0008-10-10 21:50:00,8,10,10,21,50,940,17,SONIA DE LAUNAY (VOI),,,Nuit avec éclairage allumé,En agglomération,Hors intersection,Normale,Deux véhicules - côté,,,,,,,,,,,5,2,1,1,3
200800060621,0008-10-11 17:05:00,8,10,11,17,5,940,17,ROGER SALENGRO (AV),,,Plein jour,En agglomération,Intersection en T,Normale,Deux véhicules - côté,,,,,,,,,,,1,2,3,1,3
200800060622,0008-10-14 15:30:00,8,10,14,15,30,940,17,STALINGRAD (BD DE),,,Plein jour,En agglomération,Hors intersection,Normale,Deux véhicules - arrière,,,,,,,,,,,1,2,1,1,2
200800060623,0008-10-14 17:30:00,8,10,14,17,30,940,17,SONIA DE LAUNAY (VOI),,,Plein jour,En agglomération,Intersection en Y,Normale,Autre collision,,,,,,,,,,,1,2,4,1,6
200800060624,0008-10-18 11:20:00,8,10,18,11,20,940,17,GENERAL DE GAULLE (AV DU,,,Plein jour,En agglomération,Hors intersection,Normale,Autre collision,,,,,,,,,,,1,2,1,1,6
200800060625,0008-10-20 09:30:00,8,10,20,9,30,940,17,STALINGRAD (BD DE),,,Plein jour,En agglomération,Hors intersection,Normale,Deux véhicules - côté,,,,,,,,,,,1,2,1,1,3
200800060626,0008-10-28 21:00:00,8,10,28,21,0,940,17,SONIA DE LAUNAY (VOI),,,Nuit avec éclairage allumé,En agglomération,Hors intersection,Normale,Deux véhicules - côté,,,,,,,,,,,5,2,1,1,3
200800060627,0008-10-31 13:30:00,8,10,31,13,30,940,17,MARX DORMOY (AV),,,Plein jour,En agglomération,Hors intersection,Normale,Deux véhicules - côté,,,,,,,,,,,1,2,1,1,3
200800060628,0008-10-03 07:45:00,8,10,3,7,45,940,18,GRAVELLE (AV DE),,,Crépuscule ou aube,En agglomération,Intersection en T,Pluie légère,Deux véhicules - côté,,,,,,,,,,,2,2,3,2,3
200800060629,0008-10-09 20:50:00,8,10,9,20,50,940,18,"vis à v134, PARIS (R DE)",,,Nuit avec éclairage allumé,En agglomération,Hors intersection,Normale,Deux véhicules - côté,,,,,,,,,,,5,2,1,1,3
200800060630,0008-10-23 12:10:00,8,10,23,12,10,940,69,SAINT MAURICE DU VALAIS,,,Plein jour,Hors agglomération,Hors intersection,Normale,Deux véhicules - côté,,,,,,,,,,,1,1,1,1,3
200800060631,0008-10-30 21:30:00,8,10,30,21,30,940,18,PONT DE CHARENTON,,,Nuit avec éclairage allumé,En agglomération,Intersection en X,Temps couvert,Deux véhicules - frontale,,,,,,,,,,,5,2,2,8,1
200800060632,0008-10-31 10:25:00,8,10,31,10,25,940,69,"40, MARECHAL DE LATTRE D",,,Plein jour,En agglomération,Hors intersection,Pluie légère,Autre collision,,,,,,,,,,,1,2,1,2,6
200800060633,0008-10-31 13:30:00,8,10,31,13,30,940,18,"46, GRAVELLE (AV DE)",,,Plein jour,En agglomération,Hors intersection,Normale,Deux véhicules - côté,,,,,,,,,,,1,2,1,1,3
200800060634,0008-10-09 08:00:00,8,10,9,8,0,940,79,EUROPE (AV DE L),,,Plein jour,En agglomération,Intersection en T,Normale,Deux véhicules - côté,,,,,,,,,,,1,2,3,1,3
200800060635,0008-10-03 09:55:00,8,10,3,9,55,940,60,GENERAL DE GAULLE (R DU),,,Plein jour,En agglomération,Hors intersection,Normale,Deux véhicules - côté,,,,,,,,,,,1,2,1,1,3
200800060636,0008-10-11 11:25:00,8,10,11,11,25,940,19,"00, BORDES (R DES)",,,Plein jour,En agglomération,Intersection en X,Normale,Deux véhicules - côté,,,,,,,,,,,1,2,2,1,3
200800060637,0008-10-15 16:00:00,8,10,15,16,0,940,55,OLIVIER D ORMESSON (AV),,,Plein jour,En agglomération,Autre intersection,Normale,Deux véhicules - côté,,,,,,,,,,,1,2,9,1,3
200800060638,0008-10-15 19:15:00,8,10,15,19,15,940,19,"00, ARISTIDE BRIAND (R)",,,Nuit avec éclairage allumé,En agglomération,Hors intersection,Pluie légère,Autre collision,,,,,,,,,,,5,2,1,2,6
200800060639,0008-10-21 08:35:00,8,10,21,8,35,940,59,"33, MAURICE BERTEAUX (AV",,,Plein jour,En agglomération,Hors intersection,Pluie légère,Autre collision,,,,,,,,,,,1,2,1,2,6
200800060640,0008-10-21 16:15:00,8,10,21,16,15,940,19,"00, PONT (R DU)",,,Plein jour,En agglomération,Intersection en T,Pluie légère,Deux véhicules - côté,,,,,,,,,,,1,2,3,2,3
200800060641,0008-10-22 19:15:00,8,10,22,19,15,940,55,PROVINS (RTE DE),,,Crépuscule ou aube,En agglomération,Hors intersection,Normale,Deux véhicules - côté,,,,,,,,,,,2,2,1,1,3
200800060642,0008-10-22 21:00:00,8,10,22,21,0,940,19,"00, PONT (R DU)",,,Crépuscule ou aube,Hors agglomération,Intersection en X,Normale,Deux véhicules - arrière,,,,,,,,,,,2,1,2,1,2
200800060643,0008-10-23 17:20:00,8,10,23,17,20,940,79,"4, EUROPE (AV DE L)",,,Plein jour,En agglomération,Hors intersection,Normale,Deux véhicules - côté,,,,,,,,,,,1,2,1,1,3
200800060644,0008-10-24 14:15:00,8,10,24,14,15,940,19,"02, LIBERATION (RTE DE L",,,Plein jour,Hors agglomération,Hors intersection,Normale,Autre collision,,,,,,,,,,,1,1,1,1,6
200800060645,0008-10-26 15:25:00,8,10,26,15,25,940,79,"00, CLAUDE TROTIN (R)",,,Plein jour,Hors agglomération,Intersection à plus de 4 branches,Normale,Deux véhicules - côté,,,,,,,,,,,1,1,5,1,3
200800060646,0008-10-29 03:05:00,8,10,29,3,5,940,19,BORDES (R DES),,,Nuit avec éclairage non allumé,En agglomération,Intersection en T,Normale,Deux véhicules - côté,,,,,,,,,,,4,2,3,1,3
200800060647,0008-10-03 16:50:00,8,10,3,16,50,940,54,BAS MARIN (R DU),,,Plein jour,Hors agglomération,Intersection en T,Pluie légère,Deux véhicules - côté,,,,,,,,,,,1,1,3,2,3
200800060648,0008-10-06 20:15:00,8,10,6,20,15,940,54,"0, MARCEL CACHIN (AV)",,,Nuit avec éclairage allumé,En agglomération,Autre intersection,Normale,Deux véhicules - côté,,,,,,,,,,,5,2,9,1,3
200800060649,0008-10-07 19:10:00,8,10,7,19,10,940,54,"0, ACACIAS (ALL DES)",,,Nuit avec éclairage allumé,En agglomération,Hors intersection,Pluie légère,Deux véhicules - côté,,,,,,,,,,,5,2,1,2,3
200800060650,0008-10-14 12:07:00,8,10,14,12,7,940,22,"97, VILLENEUVE ST GEORGE",,,Plein jour,En agglomération,Hors intersection,Normale,Autre collision,,,,,,,,,,,1,2,1,1,6
200800060651,0008-10-16 14:05:00,8,10,16,14,5,940,22,"0, LUGO (AV DE)",,,Plein jour,Hors agglomération,Autre intersection,Pluie légère,Deux véhicules - arrière,,,,,,,,,,,1,1,9,2,2
200800060652,0008-10-17 17:30:00,8,10,17,17,30,940,54,"20, MARTYRS DE CHATEAUBR",,,Crépuscule ou aube,En agglomération,Hors intersection,Normale,Autre collision,,,,,,,,,,,2,2,1,1,6
200800060653,0008-10-31 17:35:00,8,10,31,17,35,940,22,"2, GAMBETTA (AV)",,,Crépuscule ou aube,En agglomération,Autre intersection,Autre,Autre collision,,,,,,,,,,,2,2,9,9,6
200800060654,0008-10-01 14:40:00,8,10,1,14,40,940,28,"0, MECHES.(RUE DES)",,,Plein jour,En agglomération,Hors intersection,Normale,Deux véhicules - côté,,,,,,,,,,,1,2,1,1,3
200800060655,0008-10-02 01:00:00,8,10,2,1,0,940,28,"0, DOUCET.(RUE HENRI)",,,Nuit avec éclairage non allumé,En agglomération,Hors intersection,Normale,Sans collision,,,,,,,,,,,4,2,1,1,7
200800060656,0008-10-03 03:50:00,8,10,3,3,50,940,28,"0, DUVAUCHEL(STADE)",,,Nuit avec éclairage allumé,En agglomération,Hors intersection,Pluie légère,Sans collision,,,,,,,,,,,5,2,1,2,7
200800060657,0008-10-02 12:45:00,8,10,2,12,45,940,28,"0, COMPAGNONS DE LA LIBE",,,Plein jour,En agglomération,Hors intersection,Pluie légère,Deux véhicules - côté,,,,,,,,,,,1,2,1,2,3
200800060658,0008-10-07 08:40:00,8,10,7,8,40,940,28,"0, POMPADOUR(CARREFOUR)",,,Plein jour,En agglomération,Giratoire,Normale,Deux véhicules - côté,,,,,,,,,,,1,2,6,1,3
200800060659,0008-10-03 08:30:00,8,10,3,8,30,940,28,"6, TASSIGNY(AVE DU MAREC",,,Plein jour,En agglomération,Hors intersection,Normale,Autre collision,,,,,,,,,,,1,2,1,1,6
200800060660,0008-10-05 19:35:00,8,10,5,19,35,940,11,"111, PARIS(AVENUE DE)",,,Crépuscule ou aube,En agglomération,Hors intersection,Normale,Autre collision,,,,,,,,,,,2,2,1,1,6
200800060661,0008-10-08 08:45:00,8,10,8,8,45,940,11,"0, STAINS(ROUTE DE)",,,Plein jour,En agglomération,Intersection en X,Normale,Deux véhicules - côté,,,,,,,,,,,1,2,2,1,3
200800060662,0008-10-09 15:00:00,8,10,9,15,0,940,28,"0, PARIS.(RUE DE)",,,Plein jour,En agglomération,Hors intersection,Normale,Deux véhicules - arrière,,,,,,,,,,,1,2,1,1,2
200800060663,0008-10-10 18:50:00,8,10,10,18,50,940,11,"9, RESISTANCE.(PLACE DE",,,Plein jour,En agglomération,Hors intersection,Normale,Autre collision,,,,,,,,,,,1,2,1,1,6
200800060664,0008-10-13 12:20:00,8,10,13,12,20,940,28,"0, POMPADOUR(CARREFOUR)",,,Plein jour,En agglomération,Hors intersection,Normale,Deux véhicules - côté,,,,,,,,,,,1,2,1,1,3
200800060665,0008-10-15 12:45:00,8,10,15,12,45,940,28,"0, EGLISE.(PLACE DE L')",,,Plein jour,En agglomération,Hors intersection,Normale,Deux véhicules - côté,,,,,,,,,,,1,2,1,1,3
200800060666,0008-10-15 20:25:00,8,10,15,20,25,940,11,"0, CHOISY.(AVENUE DE)",,,Nuit avec éclairage allumé,En agglomération,Hors intersection,Normale,Autre collision,,,,,,,,,,,5,2,1,1,6
200800060667,0008-10-16 07:17:00,8,10,16,7,17,940,11,"0, BOISSY.(AVENUE DE)",,,Nuit avec éclairage allumé,En agglomération,Hors intersection,Normale,Autre collision,,,,,,,,,,,5,2,1,1,6
200800060668,0008-10-16 15:55:00,8,10,16,15,55,940,28,"101, LECLERC.(RUE DU GEN",,,Plein jour,En agglomération,Hors intersection,Normale,Autre collision,,,,,,,,,,,1,2,1,1,6
200800060669,0008-10-20 16:00:00,8,10,20,16,0,940,11,"0, MOQUET.(RUE GUY)",,,Plein jour,En agglomération,Hors intersection,Normale,Deux véhicules - côté,,,,,,,,,,,1,2,1,1,3
200800060670,0008-10-17 12:50:00,8,10,17,12,50,940,28,"0, GAULLE(AVENUE DU GENE",,,Plein jour,En agglomération,Hors intersection,Normale,Deux véhicules - côté,,,,,,,,,,,1,2,1,1,3
200800060671,0008-10-17 16:15:00,8,10,17,16,15,940,28,"0, PETIT BOIS.(RUE ET PL",,,Plein jour,En agglomération,Hors intersection,Normale,Autre collision,,,,,,,,,,,1,2,1,1,6
200800060672,0008-10-20 15:00:00,8,10,20,15,0,940,28,"40, VERDUN.(AVENUE DE)",,,Plein jour,En agglomération,Hors intersection,Normale,Autre collision,,,,,,,,,,,1,2,1,1,6
200800060673,0008-10-21 17:00:00,8,10,21,17,0,940,28,"0, POMPADOUR(CARREFOUR)",,,Crépuscule ou aube,En agglomération,Hors intersection,Normale,Deux véhicules - côté,,,,,,,,,,,2,2,1,1,3