accident_id,datetime,annee,mois,jour,heure,minute,departement,commune_insee,adresse,latitude,longitude,luminosite,agglomeration,intersection,meteo,collision,nb_vehicules,nb_usagers,nb_indemnes,nb_tues,nb_blesses_hosp,nb_blesses_legers,age_cond_1,age_cond_2,veh_type_cond_1,veh_type_cond_2,lum_code,agg_code,int_code,atm_code,col_code
200800060674,0008-10-22 15:40:00,8,10,22,15,40,940,28,"0, PETIT BOIS.(RUE ET PL",,,Plein jour,En agglomération,Hors intersection,Normale,Autre collision,,,,,,,,,,,1,2,1,1,6
200800060675,0008-10-24 08:30:00,8,10,24,8,30,940,28,"0, LAFERRIERE(AVENUE)",,,Plein jour,Hors agglomération,Hors intersection,Normale,Autre collision,,,,,,,,,,,1,1,1,1,6
200800060676,0008-10-26 08:45:00,8,10,26,8,45,940,28,"0, LECLERC.(RUE DU GENER",,,Plein jour,En agglomération,Hors intersection,Normale,Autre collision,,,,,,,,,,,1,2,1,1,6
200800060677,0008-10-24 11:22:00,8,10,24,11,22,940,28,"0, PARIS.(RUE DE)",,,Plein jour,En agglomération,Intersection en X,Normale,Deux véhicules - côté,,,,,,,,,,,1,2,2,1,3
200800060678,0008-10-27 08:40:00,8,10,27,8,40,940,28,"28, MECHES.(RUE DES)",,,Plein jour,En agglomération,Hors intersection,Temps couvert,Sans collision,,,,,,,,,,,1,2,1,8,7
200800060679,0008-10-28 15:30:00,8,10,28,15,30,940,28,"0, COMPAGNONS DE LA LIBE",,,Plein jour,En agglomération,Hors intersection,Normale,Deux véhicules - côté,,,,,,,,,,,1,2,1,1,3
200800060680,0008-10-30 15:15:00,8,10,30,15,15,940,28,"17, PARIS.(RUE DE)",,,Plein jour,En agglomération,Hors intersection,Normale,Autre collision,,,,,,,,,,,1,2,1,1,6
200800060681,0008-10-04 14:45:00,8,10,4,14,45,940,33,LOUISON BOBET (AV),,,Plein jour,En agglomération,Hors intersection,Pluie légère,Deux véhicules - arrière,,,,,,,,,,,1,2,1,2,2
200800060682,0008-10-04 20:15:00,8,10,4,20,15,940,33,MARECHAL DE LATTRE DE TA,,,Crépuscule ou aube,En agglomération,Hors intersection,Normale,Trois véhicules et plus - collisions multiples,,,,,,,,,,,2,2,1,1,5
200800060683,0008-10-01 19:15:00,8,10,1,19,15,940,76,MAXIME GORKI (R),,,Nuit avec éclairage allumé,En agglomération,Hors intersection,Normale,Deux véhicules - côté,,,,,,,,,,,5,2,1,1,3
200800060684,0008-10-02 13:10:00,8,10,2,13,10,940,37,AVENUE (PREMIERE),,,Plein jour,En agglomération,Hors intersection,Pluie légère,Deux véhicules - frontale,,,,,,,,,,,1,2,1,2,1
200800060685,0008-10-02 17:00:00,8,10,2,17,0,940,16,"1, COUSIN DE MERICOURT (",,,Plein jour,En agglomération,Intersection en T,Normale,Autre collision,,,,,,,,,,,1,2,3,1,6
200800060686,0008-10-03 13:30:00,8,10,3,13,30,940,16,LOUIS GEORGEON (AV),,,Plein jour,En agglomération,Hors intersection,Pluie légère,Deux véhicules - arrière,,,,,,,,,,,1,2,1,2,2
200800060687,0008-10-06 14:20:00,8,10,6,14,20,940,76,"38, JEAN JAURES (R)",,,Plein jour,En agglomération,Hors intersection,Normale,Autre collision,,,,,,,,,,,1,2,1,1,6
200800060688,0008-10-07 20:45:00,8,10,7,20,45,940,16,"4, GABRIEL PERI (R)",,,Nuit avec éclairage allumé,En agglomération,Hors intersection,Pluie forte,Deux véhicules - côté,,,,,,,,,,,5,2,1,3,3
200800060689,0008-10-08 08:00:00,8,10,8,8,0,940,76,"9, PRESIDENT ALLENDE (AV",,,Plein jour,En agglomération,Intersection en T,Normale,Deux véhicules - côté,,,,,,,,,,,1,2,3,1,3
200800060690,0008-10-09 14:40:00,8,10,9,14,40,940,76,"84, PARIS (AV DE)",,,Plein jour,En agglomération,Hors intersection,Normale,Sans collision,,,,,,,,,,,1,2,1,1,7
200800060691,0008-10-12 19:55:00,8,10,12,19,55,940,16,"8, CAMILLE DESMOULINS (R",,,Crépuscule ou aube,En agglomération,Intersection en X,Normale,Autre collision,,,,,,,,,,,2,2,2,1,6
200800060692,0008-10-13 18:45:00,8,10,13,18,45,940,16,"113, ARISTIDE BRIAND (AV",,,Plein jour,En agglomération,Hors intersection,Normale,Deux véhicules - arrière,,,,,,,,,,,1,2,1,1,2
200800060693,0008-10-15 17:05:00,8,10,15,17,5,940,76,PRESIDENT ALLENDE (AV DU,,,Plein jour,En agglomération,Autre intersection,Pluie forte,Deux véhicules - côté,,,,,,,,,,,1,2,9,3,3
200800060694,0008-10-15 05:55:00,8,10,15,5,55,940,76,PAUL VAILLANT COUTURIER,,,Nuit avec éclairage allumé,En agglomération,Intersection en X,Normale,Deux véhicules - côté,,,,,,,,,,,5,2,2,1,3
200800060695,0008-10-16 12:05:00,8,10,16,12,5,940,43,"33, GENERAL LECLERC (R D",,,Plein jour,En agglomération,Hors intersection,Pluie légère,Trois véhicules et plus - collisions multiples,,,,,,,,,,,1,2,1,2,5
200800060696,0008-10-17 10:25:00,8,10,17,10,25,940,76,"79, LOUIS ARAGON (AV)",,,Plein jour,En agglomération,Hors intersection,Normale,Autre collision,,,,,,,,,,,1,2,1,1,6
200800060697,0008-10-19 18:45:00,8,10,19,18,45,940,3,"2, MAXIMILIEN ROBESPIERR",,,Plein jour,En agglomération,Hors intersection,Normale,Deux véhicules - arrière,,,,,,,,,,,1,2,1,1,2
200800060698,0008-10-17 03:10:00,8,10,17,3,10,940,76,"12, VICTOR HUGO (R)",,,Nuit avec éclairage allumé,En agglomération,Hors intersection,Normale,Sans collision,,,,,,,,,,,5,2,1,1,7
200800060699,0008-10-20 18:00:00,8,10,20,18,0,940,76,"66, MARCEL GROSMESNIL (R",,,Plein jour,En agglomération,Hors intersection,Normale,Deux véhicules - côté,,,,,,,,,,,1,2,1,1,3
200800060700,0008-10-22 14:30:00,8,10,22,14,30,940,37,"65, PAUL VAILLANT COUTUR",,,Plein jour,En agglomération,Intersection en X,Normale,Autre collision,,,,,,,,,,,1,2,2,1,6
200800060701,0008-10-22 17:25:00,8,10,22,17,25,940,3,ARISTIDE BRIAND (AV),,,Plein jour,En agglomération,Hors intersection,Normale,Autre collision,,,,,,,,,,,1,2,1,1,6
200800060702,0008-10-23 11:20:00,8,10,23,11,20,940,76,"49, PARIS (AV DE)",,,Plein jour,En agglomération,Hors intersection,Normale,Deux véhicules - côté,,,,,,,,,,,1,2,1,1,3
200800060703,0008-10-24 19:00:00,8,10,24,19,0,940,76,"43, PAUL VAILLANT COUTUR",,,Nuit avec éclairage allumé,En agglomération,Hors intersection,Normale,Deux véhicules - côté,,,,,,,,,,,5,2,1,1,3
200800060704,0008-10-27 18:45:00,8,10,27,18,45,940,76,"49, MAXIME GORKI (BD)",,,Nuit avec éclairage allumé,En agglomération,Hors intersection,Pluie légère,Deux véhicules - arrière,,,,,,,,,,,5,2,1,2,2
200800060705,0008-10-30 16:36:00,8,10,30,16,36,940,3,"59, LAPLACE (AV)",,,Plein jour,En agglomération,Hors intersection,Pluie légère,Autre collision,,,,,,,,,,,1,2,1,2,6
200800060706,0008-10-31 01:20:00,8,10,31,1,20,940,43,FONTAINEBLEAU (AV DE),,,Nuit avec éclairage allumé,En agglomération,Intersection en Y,Pluie légère,Deux véhicules - côté,,,,,,,,,,,5,2,4,2,3
200800060707,0008-10-04 14:35:00,8,10,4,14,35,940,73,JULES GOURIE (R),,,Plein jour,En agglomération,Hors intersection,Normale,Deux véhicules - côté,,,,,,,,,,,1,2,1,1,3
200800060708,0008-10-06 16:30:00,8,10,6,16,30,940,38,JULES FERRY (R),,,Plein jour,En agglomération,Intersection en Y,Normale,Deux véhicules - côté,,,,,,,,,,,1,2,4,1,3
200800060709,0008-10-07 07:50:00,8,10,7,7,50,940,21,JEAN MERMOZ (BD),,,Crépuscule ou aube,En agglomération,Intersection en T,Pluie légère,Deux véhicules - côté,,,,,,,,,,,2,2,3,2,3
200800060710,0008-10-09 09:00:00,8,10,9,9,0,940,38,"96, CHEVILLY (R DE)",,,Plein jour,En agglomération,Hors intersection,Normale,Deux véhicules - côté,,,,,,,,,,,1,2,1,1,3
200800060711,0008-10-09 17:55:00,8,10,9,17,55,940,38,"03, SAINTE COLOMBE (R)",,,Plein jour,En agglomération,Hors intersection,Normale,Autre collision,,,,,,,,,,,1,2,1,1,6
200800060712,0008-10-11 18:20:00,8,10,11,18,20,940,73,"10, PAVE DE GRIGNON (R D",,,Plein jour,En agglomération,Hors intersection,Normale,Deux véhicules - arrière,,,,,,,,,,,1,2,1,1,2
200800060713,0008-10-11 19:55:00,8,10,11,19,55,940,73,Boulevard du Nord,,,Nuit avec éclairage allumé,En agglomération,Hors intersection,Normale,Deux véhicules - côté,,,,,,,,,,,5,2,1,1,3
200800060714,0008-10-11 20:10:00,8,10,11,20,10,940,21,"14, GENERAL DE GAULLE (A",,,Nuit avec éclairage allumé,En agglomération,Giratoire,Normale,Deux véhicules - côté,,,,,,,,,,,5,2,6,1,3
200800060715,0008-10-12 16:55:00,8,10,12,16,55,940,38,"., JULES FERRY (R)",,,Plein jour,En agglomération,Intersection en T,Normale,Deux véhicules - côté,,,,,,,,,,,1,2,3,1,3
200800060716,0008-10-16 20:05:00,8,10,16,20,5,940,73,RN 186,,,Nuit avec éclairage allumé,Hors agglomération,Autre intersection,Normale,Sans collision,,,,,,,,,,,5,1,9,1,7
200800060717,0008-10-17 08:15:00,8,10,17,8,15,940,38,"20, FLOUQUET (AV)",,,Crépuscule ou aube,En agglomération,Intersection en T,Normale,Deux véhicules - côté,,,,,,,,,,,2,2,3,1,3
200800060718,0008-10-17 16:00:00,8,10,17,16,0,940,38,CHEVILLY (R DE),,,Plein jour,En agglomération,Hors intersection,Normale,Autre collision,,,,,,,,,,,1,2,1,1,6
200800060719,0008-10-20 10:30:00,8,10,20,10,30,940,38,HENRI BARBUSSE (AV),,,Plein jour,En agglomération,Giratoire,Normale,Autre collision,,,,,,,,,,,1,2,6,1,6
200800060720,0008-10-21 18:00:00,8,10,21,18,0,940,38,"156, STALINGRAD (AV DE)",,,Crépuscule ou aube,En agglomération,Hors intersection,Pluie légère,Autre collision,,,,,,,,,,,2,2,1,2,6
200800060721,0008-10-22 22:45:00,8,10,22,22,45,940,73,ONZE NOVEMBRE (R DU),,,Nuit avec éclairage allumé,En agglomération,Intersection en T,Normale,Deux véhicules - côté,,,,,,,,,,,5,2,3,1,3
200800060722,0008-10-23 05:15:00,8,10,23,5,15,940,21,DES MARAICHERS (AVENUE),,,Nuit avec éclairage allumé,En agglomération,Hors intersection,Normale,Autre collision,,,,,,,,,,,5,2,1,1,6
200800060723,0008-10-24 09:30:00,8,10,24,9,30,940,21,PERE MAZURIE (R DU),,,Plein jour,En agglomération,Hors intersection,Normale,Deux véhicules - côté,,,,,,,,,,,1,2,1,1,3
200800060724,0008-10-25 13:25:00,8,10,25,13,25,940,73,Rue d'Italie,,,Plein jour,En agglomération,Hors intersection,Normale,Autre collision,,,,,,,,,,,1,2,1,1,6
200800060725,0008-10-30 14:00:00,8,10,30,14,0,940,65,PONT DES HALLES (R DU),,,Plein jour,En agglomération,Hors intersection,Pluie légère,Deux véhicules - arrière,,,,,,,,,,,1,2,1,2,2
200800060726,0008-10-30 21:30:00,8,10,30,21,30,940,73,VERSAILLES (AV DE),,,Nuit avec éclairage allumé,En agglomération,Intersection en X,Pluie légère,Trois véhicules et plus - collisions multiples,,,,,,,,,,,5,2,2,2,5
200800060727,0008-10-31 14:30:00,8,10,31,14,30,940,73,"97, VERSAILLES (AV DE)",,,Plein jour,En agglomération,Hors intersection,Temps couvert,Trois véhicules et plus - collisions multiples,,,,,,,,,,,1,2,1,8,5
200800060728,0008-10-02 18:35:00,8,10,2,18,35,940,41,"27, VERDUN (AV DE)",,,Crépuscule ou aube,En agglomération,Hors intersection,Pluie légère,Deux véhicules - côté,,,,,,,,,,,2,2,1,2,3
200800060729,0008-10-03 20:00:00,8,10,3,20,0,940,41,MARCEL BOYER (QU),,,Plein jour,En agglomération,Hors intersection,Pluie légère,Sans collision,,,,,,,,,,,1,2,1,2,7
200800060730,0008-10-04 08:05:00,8,10,4,8,5,940,41,"84, PAUL VAILLANT COUTUR",,,Plein jour,En agglomération,Hors intersection,Normale,Deux véhicules - côté,,,,,,,,,,,1,2,1,1,3
200800060731,0008-10-08 18:20:00,8,10,8,18,20,940,41,JEAN LE GALLEU (R),,,Crépuscule ou aube,En agglomération,Intersection en X,Normale,Sans collision,,,,,,,,,,,2,2,2,1,7
200800060732,0008-10-08 19:50:00,8,10,8,19,50,940,41,"69, PAUL VAILLANT COUTUR",,,Nuit avec éclairage allumé,En agglomération,Hors intersection,Normale,Deux véhicules - côté,,,,,,,,,,,5,2,1,1,3
200800060733,0008-10-11 18:35:00,8,10,11,18,35,940,41,BAUDIN (R),,,Crépuscule ou aube,En agglomération,Intersection en X,Normale,Autre collision,,,,,,,,,,,2,2,2,1,6
200800060734,0008-10-14 13:50:00,8,10,14,13,50,940,41,PIERRE ET MARIE CURIE (R,,,Plein jour,En agglomération,Hors intersection,Normale,Sans collision,,,,,,,,,,,1,2,1,1,7
200800060735,0008-10-16 11:50:00,8,10,16,11,50,940,41,"80, HOCHE (R)",,,Plein jour,En agglomération,Hors intersection,Temps couvert,Sans collision,,,,,,,,,,,1,2,1,8,7
200800060736,0008-10-17 19:50:00,8,10,17,19,50,940,41,LEON GAMBETTA (PL),,,Plein jour,En agglomération,Hors intersection,Normale,Sans collision,,,,,,,,,,,1,2,1,1,7
200800060737,0008-10-20 15:45:00,8,10,20,15,45,940,41,JEAN LE GALLEU (R),,,Plein jour,En agglomération,Intersection en X,Normale,Deux véhicules - côté,,,,,,,,,,,1,2,2,1,3
200800060738,0008-10-12 17:45:00,8,10,12,17,45,940,41,"14, SAINT JUST (R)",,,Crépuscule ou aube,En agglomération,Hors intersection,Normale,Sans collision,,,,,,,,,,,2,2,1,1,7
200800060739,0008-10-23 15:50:00,8,10,23,15,50,940,41,PENICHES (R DES),,,Plein jour,En agglomération,Intersection en Y,Normale,Deux véhicules - côté,,,,,,,,,,,1,2,4,1,3
200800060740,0008-10-26 17:20:00,8,10,26,17,20,940,41,"42, HENRI BARBUSSE (AV)",,,Plein jour,En agglomération,Hors intersection,Normale,Sans collision,,,,,,,,,,,1,2,1,1,7
200800060741,0008-10-27 08:35:00,8,10,27,8,35,940,41,"156, STALINGRAD (BD DE)",,,Plein jour,En agglomération,Hors intersection,Pluie légère,Sans collision,,,,,,,,,,,1,2,1,2,7
200800060742,0008-10-30 03:01:00,8,10,30,3,1,940,41,"12, PIERRE ET MARIE CURI",,,Plein jour,En agglomération,Hors intersection,Pluie légère,Sans collision,,,,,,,,,,,1,2,1,2,7
200800060743,0008-10-31 08:45:00,8,10,31,8,45,940,41,LOUIS BERTRAND (R),,,Plein jour,En agglomération,Intersection en X,Pluie légère,Sans collision,,,,,,,,,,,1,2,2,2,7
200800060744,0008-10-02 07:25:00,8,10,2,7,25,940,41,"12, MARCEL BOYER (QU)",,,Nuit avec éclairage allumé,En agglomération,Hors intersection,Normale,Sans collision,,,,,,,,,,,5,2,1,1,7
200800060745,0008-10-08 12:20:00,8,10,8,12,20,940,41,JEAN COMPAGNON (QU),,,Plein jour,En agglomération,Intersection en X,Normale,Deux véhicules - côté,,,,,,,,,,,1,2,2,1,3
200800060746,0008-10-24 00:30:00,8,10,24,0,30,940,41,JEAN JAURES (AV),,,Nuit avec éclairage allumé,En agglomération,Intersection en T,Normale,Deux véhicules - côté,,,,,,,,,,,5,2,3,1,3
200800060747,0008-10-25 19:45:00,8,10,25,19,45,940,41,MARCEL BOYER (QU),,,Nuit avec éclairage allumé,En agglomération,Intersection en X,Normale,Deux véhicules - côté,,,,,,,,,,,5,2,2,1,3
200800060748,0008-10-08 17:25:00,8,10,8,17,25,940,46,"23, GENERAL DE GAULLE (A",,,Plein jour,En agglomération,Hors intersection,Normale,Autre collision,,,,,,,,,,,1,2,1,1,6
200800060749,0008-10-13 19:05:00,8,10,13,19,5,940,46,"., REPUBLIQUE (AV DE LA)",,,Crépuscule ou aube,En agglomération,Intersection en X,Normale,Deux véhicules - arrière,,,,,,,,,,,2,2,2,1,2
200800060750,0008-10-17 08:25:00,8,10,17,8,25,940,46,"01, LEON BLUM (AV)",,,Plein jour,En agglomération,Hors intersection,Normale,Autre collision,,,,,,,,,,,1,2,1,1,6
200800060751,0008-10-21 15:05:00,8,10,21,15,5,940,46,"12, REPUBLIQUE (AV DE LA",,,Plein jour,En agglomération,Hors intersection,Pluie légère,Deux véhicules - côté,,,,,,,,,,,1,2,1,2,3
200800060752,0008-10-23 16:10:00,8,10,23,16,10,940,46,"68, GAMBETTA (AV)",,,Plein jour,En agglomération,Hors intersection,Normale,Autre collision,,,,,,,,,,,1,2,1,1,6
200800060753,0008-10-24 20:25:00,8,10,24,20,25,940,46,"00, EUGENE RENAULT - CAR",,,Nuit avec éclairage allumé,En agglomération,Intersection en X,Normale,Deux véhicules - côté,,,,,,,,,,,5,2,2,1,3
200800060754,0008-10-02 07:40:00,8,10,2,7,40,940,42,CANADIENS (AV DES),,,Crépuscule ou aube,En agglomération,Hors intersection,Normale,Autre collision,,,,,,,,,,,2,2,1,1,6
200800060755,0008-10-02 15:15:00,8,10,2,15,15,940,58,"NC, ONZE NOVEMBRE (AV DU",,,Plein jour,En agglomération,Hors intersection,Pluie légère,Deux véhicules - côté,,,,,,,,,,,1,2,1,2,3
200800060756,0008-10-13 15:29:00,8,10,13,15,29,940,58,"158, HUIT MAI 1945 (AV D",,,Plein jour,En agglomération,Hors intersection,Normale,Autre collision,,,,,,,,,,,1,2,1,1,6
200800060757,0008-10-14 15:30:00,8,10,14,15,30,940,15,PIERRE BROSSOLETTE (R),,,Plein jour,En agglomération,Hors intersection,Normale,Deux véhicules - côté,,,,,,,,,,,1,2,1,1,3
200800060758,0008-10-02 20:20:00,8,10,2,20,20,940,58,"NC, ONZE NOVEMBRE (AV DU",,,Nuit avec éclairage allumé,En agglomération,Intersection en X,Temps couvert,Deux véhicules - arrière,,,,,,,,,,,5,2,2,8,2
200800060759,0008-10-17 13:35:00,8,10,17,13,35,940,52,"174, CHARLES DE GAULLE (",,,Plein jour,En agglomération,Hors intersection,Normale,Deux véhicules - arrière,,,,,,,,,,,1,2,1,1,2
200800060760,0008-10-20 23:50:00,8,10,20,23,50,940,58,"19 BIS, ONZE NOVEMBRE (A",,,Nuit avec éclairage allumé,En agglomération,Hors intersection,Normale,Deux véhicules - côté,,,,,,,,,,,5,2,1,1,3
200800060761,0008-10-21 23:30:00,8,10,21,23,30,940,58,"NC, PIERRE BROSSOLETTE (",,,Nuit avec éclairage allumé,En agglomération,Intersection en T,Normale,Deux véhicules - côté,,,,,,,,,,,5,2,3,1,3
200800060762,0008-10-20 23:15:00,8,10,20,23,15,940,54,Parking P10,,,Nuit avec éclairage allumé,Hors agglomération,Hors intersection,Normale,Deux véhicules - côté,,,,,,,,,,,5,1,1,1,3
200800060763,0008-10-02 18:00:00,8,10,2,18,0,940,68,PICARDIE (R DE),,,Plein jour,En agglomération,Hors intersection,Normale,Autre collision,,,,,,,,,,,1,2,1,1,6
200800060764,0008-10-03 08:35:00,8,10,3,8,35,940,68,CHAMPIGNY - PONT DE CHAM,,,Plein jour,En agglomération,Intersection en X,Normale,Deux véhicules - côté,,,,,,,,,,,1,2,2,1,3
200800060765,0008-10-05 16:50:00,8,10,5,16,50,940,68,"84, PONT DE CRETEIL (R D",,,Plein jour,En agglomération,Hors intersection,Pluie légère,Autre collision,,,,,,,,,,,1,2,1,2,6
200800060766,0008-10-04 17:20:00,8,10,4,17,20,940,68,"90, PARC (QU DU)",,,Plein jour,En agglomération,Hors intersection,Normale,Autre collision,,,,,,,,,,,1,2,1,1,6
200800060767,0008-10-06 07:00:00,8,10,6,7,0,940,68,CONDE (AV DE),,,Nuit avec éclairage allumé,En agglomération,Intersection en X,Normale,Deux véhicules - côté,,,,,,,,,,,5,2,2,1,3
200800060768,0008-10-06 15:20:00,8,10,6,15,20,940,68,VOLTAIRE (BD),,,Plein jour,En agglomération,Intersection en X,Normale,Deux véhicules - frontale,,,,,,,,,,,1,2,2,1,1
200800060769,0008-10-10 15:30:00,8,10,10,15,30,940,68,DIDEROT (AV),,,Plein jour,En agglomération,Intersection en X,Normale,Deux véhicules - côté,,,,,,,,,,,1,2,2,1,3
200800060770,0008-10-12 21:45:00,8,10,12,21,45,940,68,"15, MARNE (BD DE LA)",,,Nuit avec éclairage allumé,En agglomération,Hors intersection,Normale,Sans collision,,,,,,,,,,,5,2,1,1,7
200800060771,0008-10-11 20:10:00,8,10,11,20,10,940,68,PONT DE CRETEIL (R DU),,,Crépuscule ou aube,En agglomération,Hors intersection,Normale,Autre collision,,,,,,,,,,,2,2,1,1,6
200800060772,0008-10-15 17:45:00,8,10,15,17,45,940,68,CHAMPIGNY (BD DE),,,Plein jour,En agglomération,Intersection en X,Pluie légère,Deux véhicules - côté,,,,,,,,,,,1,2,2,2,3
200800060773,0008-10-15 21:10:00,8,10,15,21,10,940,68,LECERF (R),,,Nuit avec éclairage allumé,En agglomération,Intersection en X,Normale,Deux véhicules - côté,,,,,,,,,,,5,2,2,1,3
200800060774,0008-10-18 12:05:00,8,10,18,12,5,940,68,LA FONTAINE (AV),,,Plein jour,En agglomération,Hors intersection,Normale,Autre collision,,,,,,,,,,,1,2,1,1,6
200800060775,0008-10-20 22:30:00,8,10,20,22,30,940,68,MAURICE BERTEAUX (BD),,,Nuit avec éclairage allumé,En agglomération,Hors intersection,Normale,Deux véhicules - côté,,,,,,,,,,,5,2,1,1,3
200800060776,0008-10-15 10:45:00,8,10,15,10,45,940,68,PONT DE CRETEIL (R DU),,,Plein jour,En agglomération,Hors intersection,Pluie légère,Autre collision,,,,,,,,,,,1,2,1,2,6
200800060777,0008-10-21 17:55:00,8,10,21,17,55,940,68,"115, CRETEIL (BD DE)",,,Plein jour,En agglomération,Hors intersection,Pluie légère,Sans collision,,,,,,,,,,,1,2,1,2,7
200800060778,0008-10-21 08:15:00,8,10,21,8,15,940,68,"37 bis, VARENNE (R DE LA",,,Crépuscule ou aube,En agglomération,Hors intersection,Autre,Autre collision,,,,,,,,,,,2,2,1,9,6
200800060779,0008-10-21 19:30:00,8,10,21,19,30,940,68,"66, BOURDIGNON (R)",,,Nuit avec éclairage allumé,En agglomération,Hors intersection,Pluie légère,Deux véhicules - côté,,,,,,,,,,,5,2,1,2,3
200800060780,0008-10-27 07:30:00,8,10,27,7,30,940,68,"23, CONDE (AV DE)",,,Crépuscule ou aube,En agglomération,Hors intersection,Pluie légère,Autre collision,,,,,,,,,,,2,2,1,2,6
200800060781,0008-10-27 21:30:00,8,10,27,21,30,940,68,"35, BAC (AV DU)",,,Nuit avec éclairage allumé,En agglomération,Hors intersection,Normale,Autre collision,,,,,,,,,,,5,2,1,1,6
200800060782,0008-10-28 11:45:00,8,10,28,11,45,940,68,"7, FOCH (AV)",,,Plein jour,En agglomération,Hors intersection,Normale,Trois véhicules et plus - collisions multiples,,,,,,,,,,,1,2,1,1,5
200800060783,0008-10-18 04:30:00,8,10,18,4,30,940,68,"81, BAC (AV DU)",,,Nuit avec éclairage allumé,En agglomération,Hors intersection,Normale,Autre collision,,,,,,,,,,,5,2,1,1,6
200800060784,0008-10-01 14:55:00,8,10,1,14,55,940,74,"56, HENRI BARBUSSE (AV)",,,Plein jour,En agglomération,Hors intersection,Normale,Deux véhicules - arrière,,,,,,,,,,,1,2,1,1,2
200800060785,0008-10-05 03:55:00,8,10,5,3,55,940,78,HUIT MAI 1945 (AV DU),,,Nuit avec éclairage allumé,En agglomération,Intersection en T,Pluie légère,Deux véhicules - côté,,,,,,,,,,,5,2,3,2,3
200800060786,0008-10-08 21:00:00,8,10,8,21,0,940,77,"15 BIS, GENERAL DE GAULL",,,Nuit avec éclairage allumé,En agglomération,Hors intersection,Normale,Deux véhicules - côté,,,,,,,,,,,5,2,1,1,3
200800060787,0008-10-11 11:50:00,8,10,11,11,50,940,74,"234, DIVISION GENERAL LE",,,Plein jour,En agglomération,Hors intersection,Normale,Deux véhicules - arrière,,,,,,,,,,,1,2,1,1,2
200800060788,0008-10-08 15:30:00,8,10,8,15,30,940,77,REPUBLIQUE (AV DE LA),,,Plein jour,En agglomération,Intersection en X,Normale,Trois véhicules et plus - collisions multiples,,,,,,,,,,,1,2,2,1,5
200800060789,0008-10-11 10:15:00,8,10,11,10,15,940,78,"298, PARIS (rue de )",,,Plein jour,En agglomération,Hors intersection,Normale,Autre collision,,,,,,,,,,,1,2,1,1,6
200800060790,0008-10-14 12:15:00,8,10,14,12,15,940,78,HUIT MAI 1945 (AV DU),,,Plein jour,En agglomération,Intersection en T,Normale,Deux véhicules - côté,,,,,,,,,,,1,2,3,1,3
200800060791,0008-10-15 06:25:00,8,10,15,6,25,940,78,CHOISY (AV DE),,,Nuit avec éclairage allumé,En agglomération,Intersection en T,Normale,Deux véhicules - côté,,,,,,,,,,,5,2,3,1,3
200800060792,0008-10-16 14:10:00,8,10,16,14,10,940,77,"08, HYPPOLYTE CAILLAT (A",,,Plein jour,En agglomération,Hors intersection,Pluie légère,Deux véhicules - côté,,,,,,,,,,,1,2,1,2,3
200800060793,0008-10-17 11:25:00,8,10,17,11,25,940,78,"162, PARIS (rue de )",,,Plein jour,En agglomération,Hors intersection,Normale,Sans collision,,,,,,,,,,,1,2,1,1,7
200800060794,0008-10-18 17:45:00,8,10,18,17,45,940,78,CHOISY (AV DE),,,Plein jour,En agglomération,Intersection en X,Normale,Sans collision,,,,,,,,,,,1,2,2,1,7
200800060795,0008-10-22 09:40:00,8,10,22,9,40,940,1,"19, RUE DU BAC",,,Plein jour,En agglomération,Hors intersection,Normale,Autre collision,,,,,,,,,,,1,2,1,1,6
200800060796,0008-10-16 17:55:00,8,10,16,17,55,940,77,"8, PAUL PAINLEVE (AV)",,,Plein jour,En agglomération,Hors intersection,Normale,Autre collision,,,,,,,,,,,1,2,1,1,6
200800060797,0008-10-24 17:50:00,8,10,24,17,50,940,77,TILLEULS (R DES),,,Crépuscule ou aube,En agglomération,Intersection en X,Normale,Deux véhicules - côté,,,,,,,,,,,2,2,2,1,3
200800060798,0008-10-24 17:54:00,8,10,24,17,54,940,78,"158, PARIS (rue de )",,,Plein jour,En agglomération,Hors intersection,Normale,Deux véhicules - arrière,,,,,,,,,,,1,2,1,1,2
200800060799,0008-10-29 17:30:00,8,10,29,17,30,940,74,COLONEL FABIEN (R),,,Crépuscule ou aube,En agglomération,Intersection en T,Normale,Autre collision,,,,,,,,,,,2,2,3,1,6
200800060800,0008-10-09 07:30:00,8,10,9,7,30,940,78,"232, PARIS (R DE)",,,Plein jour,En agglomération,Hors intersection,Normale,Autre collision,,,,,,,,,,,1,2,1,1,6
200800060801,0008-10-14 16:20:00,8,10,14,16,20,940,78,"1, FONTAINE SAINT-MARTIN",,,Plein jour,En agglomération,Place,Normale,Autre collision,,,,,,,,,,,1,2,7,1,6
200800060802,0008-10-01 10:15:00,8,10,1,10,15,940,80,"05, MARIGNY (COUR)",,,Plein jour,En agglomération,Intersection en X,Normale,Deux véhicules - arrière,,,,,,,,,,,1,2,2,1,2
200800060803,0008-10-03 10:00:00,8,10,3,10,0,940,80,"11, NOGENT (AV DE)",,,Plein jour,En agglomération,Hors intersection,Normale,Autre collision,,,,,,,,,,,1,2,1,1,6
200800060804,0008-10-10 19:40:00,8,10,10,19,40,940,80,"64, FRANCE (R DE)",,,Nuit avec éclairage allumé,En agglomération,Intersection en X,Normale,Autre collision,,,,,,,,,,,5,2,2,1,6
200800060805,0008-10-13 17:30:00,8,10,13,17,30,940,80,"55-57, PARIS (AV DE)",,,Plein jour,En agglomération,Intersection en T,Normale,Deux véhicules - frontale,,,,,,,,,,,1,2,3,1,1