accident_id,datetime,annee,mois,jour,heure,minute,departement,commune_insee,adresse,latitude,longitude,luminosite,agglomeration,intersection,meteo,collision,nb_vehicules,nb_usagers,nb_indemnes,nb_tues,nb_blesses_hosp,nb_blesses_legers,age_cond_1,age_cond_2,veh_type_cond_1,veh_type_cond_2,lum_code,agg_code,int_code,atm_code,col_code
200800060806,0008-10-14 11:00:00,8,10,14,11,0,940,80,PIERRE BROSSOLETTE (AV),,,Plein jour,En agglomération,Intersection en X,Normale,Deux véhicules - côté,,,,,,,,,,,1,2,2,1,3
200800060807,0008-10-16 11:05:00,8,10,16,11,5,940,67,"., PARIS (av. de)",,,Plein jour,En agglomération,Hors intersection,Temps couvert,Deux véhicules - arrière,,,,,,,,,,,1,2,1,8,2
200800060808,0008-10-17 11:55:00,8,10,17,11,55,940,80,"1, NOGENT (AV DE)",,,Plein jour,En agglomération,Hors intersection,Normale,Autre collision,,,,,,,,,,,1,2,1,1,6
200800060809,0008-10-21 08:30:00,8,10,21,8,30,940,80,"27, FONTENAY (R DE)",,,Plein jour,En agglomération,Intersection en T,Pluie légère,Sans collision,,,,,,,,,,,1,2,3,2,7
200800060810,0008-10-21 18:50:00,8,10,21,18,50,940,80,"., PARIS (AV DE)",,,Plein jour,En agglomération,Intersection en T,Autre,Deux véhicules - côté,,,,,,,,,,,1,2,3,9,3
200800060811,0008-10-28 23:10:00,8,10,28,23,10,940,67,DAUMESNIL (AV),,,Nuit avec éclairage allumé,En agglomération,Intersection en T,Normale,Autre collision,,,,,,,,,,,5,2,3,1,6
200800060812,0008-10-06 07:35:00,8,10,6,7,35,940,81,"67, MOULIN DE SAQUET (AV",,,Plein jour,En agglomération,Hors intersection,Normale,Autre collision,,,,,,,,,,,1,2,1,1,6
200800060813,0008-10-13 07:45:00,8,10,13,7,45,940,81,MAXIMILIEN ROBESPIERRE (,,,Plein jour,En agglomération,Hors intersection,Normale,Deux véhicules - arrière,,,,,,,,,,,1,2,1,1,2
200800060814,0008-10-09 15:40:00,8,10,9,15,40,940,81,ABBE ROGER DERRY (AV DE,,,Plein jour,En agglomération,Intersection en X,Normale,Deux véhicules - côté,,,,,,,,,,,1,2,2,1,3
200800060815,0008-10-13 08:50:00,8,10,13,8,50,940,81,"21, MAXIMILIEN ROBESPIER",,,Plein jour,En agglomération,Hors intersection,Normale,Autre collision,,,,,,,,,,,1,2,1,1,6
200800060816,0008-10-13 12:20:00,8,10,13,12,20,940,81,ROUGET DE L ISLE (AV),,,Plein jour,Hors agglomération,Intersection en X,Normale,Deux véhicules - arrière,,,,,,,,,,,1,1,2,1,2
200800060817,0008-10-13 18:15:00,8,10,13,18,15,940,81,JULES GUESDE (QU),,,Plein jour,En agglomération,Autre intersection,Normale,Deux véhicules - côté,,,,,,,,,,,1,2,9,1,3
200800060818,0008-10-14 12:55:00,8,10,14,12,55,940,81,"04, EDITH CAVELL (R)",,,Plein jour,En agglomération,Hors intersection,Normale,Autre collision,,,,,,,,,,,1,2,1,1,6
200800060819,0008-10-18 12:20:00,8,10,18,12,20,940,81,"77, ROUGET DE L ISLE (AV",,,Plein jour,En agglomération,Hors intersection,Normale,Autre collision,,,,,,,,,,,1,2,1,1,6
200800060820,0008-10-20 18:15:00,8,10,20,18,15,940,81,PORT A L ANGLAIS (R DU),,,Plein jour,En agglomération,Hors intersection,Normale,Autre collision,,,,,,,,,,,1,2,1,1,6
200800060821,0008-10-22 19:45:00,8,10,22,19,45,940,81,CLEMENT PERROT (R),,,Nuit avec éclairage allumé,En agglomération,Intersection en T,Normale,Deux véhicules - côté,,,,,,,,,,,5,2,3,1,3
200800060822,0008-10-31 18:00:00,8,10,31,18,0,940,81,"Angle, COMMUNE DE PARIS",,,Crépuscule ou aube,En agglomération,Intersection en T,Normale,Autre collision,,,,,,,,,,,2,2,3,1,6
200800060823,0008-10-01 08:30:00,8,10,1,8,30,950,582,GAMBETTA (BOULEVARD),,,Plein jour,En agglomération,Intersection en T,Pluie légère,Deux véhicules - arrière,,,,,,,,,,,1,2,3,2,2
200800060824,0008-10-02 07:45:00,8,10,2,7,45,950,18,"9, RESISTANCE (BOULEVARD",,,Plein jour,En agglomération,Hors intersection,Normale,Autre collision,,,,,,,,,,,1,2,1,1,6
200800060825,0008-10-02 13:50:00,8,10,2,13,50,950,18,ALLEMANE (BOULEVARD JEAN,,,Plein jour,En agglomération,Hors intersection,Pluie légère,Sans collision,,,,,,,,,,,1,2,1,2,7
200800060826,0008-10-02 18:45:00,8,10,2,18,45,950,18,SAINT GRATIEN (ROUTE DE),,,Plein jour,En agglomération,Intersection en T,Pluie légère,Deux véhicules - arrière,,,,,,,,,,,1,2,3,2,2
200800060827,0008-10-03 16:40:00,8,10,3,16,40,950,176,JOFFRE (BOULEVARD),,,Plein jour,En agglomération,Giratoire,Pluie légère,Trois véhicules et plus - en chaîne,,,,,,,,,,,1,2,6,2,4
200800060828,0008-10-04 14:50:00,8,10,4,14,50,950,18,"88, HELOISE (BOULEVARD)",,,Plein jour,En agglomération,Hors intersection,Normale,Sans collision,,,,,,,,,,,1,2,1,1,7
200800060829,0008-10-08 10:20:00,8,10,8,10,20,950,18,GALLIENI (BOULEVARD),,,Plein jour,En agglomération,Intersection en X,Normale,Deux véhicules - côté,,,,,,,,,,,1,2,2,1,3
200800060830,0008-10-07 19:49:00,8,10,7,19,49,950,176,"52, PERI (RUE GABRIEL)",,,Crépuscule ou aube,En agglomération,Intersection en X,Pluie légère,Autre collision,,,,,,,,,,,2,2,2,2,6
200800060831,0008-10-08 21:50:00,8,10,8,21,50,950,18,PERI (AVENUE GABRIEL),,,Nuit avec éclairage allumé,En agglomération,Intersection en X,Normale,Deux véhicules - frontale,,,,,,,,,,,5,2,2,1,1
200800060832,0008-10-09 16:35:00,8,10,9,16,35,950,176,JOFFRE (BOULEVARD),,,Plein jour,En agglomération,Intersection à plus de 4 branches,Normale,Deux véhicules - côté,,,,,,,,,,,1,2,5,1,3
200800060833,0008-10-09 09:50:00,8,10,9,9,50,950,18,"74, UNION (RUE DE L' )",,,Plein jour,En agglomération,Intersection en X,Normale,Deux véhicules - côté,,,,,,,,,,,1,2,2,1,3
200800060834,0008-10-11 01:10:00,8,10,11,1,10,950,18,"81, ALLEMANE (BOULEVARD",,,Nuit avec éclairage allumé,En agglomération,Intersection en T,Normale,Deux véhicules - côté,,,,,,,,,,,5,2,3,1,3
200800060835,0008-10-11 17:05:00,8,10,11,17,5,950,18,"202, PONTOISE (ROUTE DE)",,,Plein jour,En agglomération,Hors intersection,Normale,Deux véhicules - côté,,,,,,,,,,,1,2,1,1,3
200800060836,0008-10-14 16:55:00,8,10,14,16,55,950,18,DUGUAY (RUE),,,Plein jour,En agglomération,Intersection en X,Normale,Sans collision,,,,,,,,,,,1,2,2,1,7
200800060837,0008-10-15 07:25:00,8,10,15,7,25,950,18,"14, DE GAULLE (AVENUE DU",,,Crépuscule ou aube,En agglomération,Intersection en X,Pluie légère,Sans collision,,,,,,,,,,,2,2,2,2,7
200800060838,0008-10-18 03:05:00,8,10,18,3,5,950,18,RD 311,,,Nuit avec éclairage allumé,En agglomération,Intersection à plus de 4 branches,Normale,Autre collision,,,,,,,,,,,5,2,5,1,6
200800060839,0008-10-17 13:25:00,8,10,17,13,25,950,18,ALLEMANE (BOULEVARD JEAN,,,Plein jour,En agglomération,Intersection en T,Normale,Sans collision,,,,,,,,,,,1,2,3,1,7
200800060840,0008-10-22 18:35:00,8,10,22,18,35,950,18,BELIN (RUE AG),,,Nuit avec éclairage allumé,En agglomération,Intersection en X,Normale,Autre collision,,,,,,,,,,,5,2,2,1,6
200800060841,0008-10-25 13:40:00,8,10,25,13,40,950,18,PERI (AVENUE GABRIEL),,,Plein jour,En agglomération,Intersection en X,Normale,Trois véhicules et plus - en chaîne,,,,,,,,,,,1,2,2,1,4
200800060842,0008-10-26 12:40:00,8,10,26,12,40,950,18,GALLIENI (BOULEVARD),,,Plein jour,En agglomération,Intersection en X,Temps couvert,Deux véhicules - côté,,,,,,,,,,,1,2,2,8,3
200800060843,0008-10-26 10:25:00,8,10,26,10,25,950,18,ARGENTEUIL (PONT D' ),,,Plein jour,En agglomération,Hors intersection,Normale,Trois véhicules et plus - en chaîne,,,,,,,,,,,1,2,1,1,4
200800060844,0008-10-24 08:10:00,8,10,24,8,10,950,18,RD 311,,,Plein jour,En agglomération,Hors intersection,Normale,Deux véhicules - côté,,,,,,,,,,,1,2,1,1,3
200800060845,0008-10-29 17:05:00,8,10,29,17,5,950,18,HELOISE (BOULEVARD),,,Plein jour,En agglomération,Giratoire,Normale,Sans collision,,,,,,,,,,,1,2,6,1,7
200800060846,0008-10-07 16:10:00,8,10,7,16,10,950,63,"92, GABRIEL PERI (AVENUE",,,Plein jour,En agglomération,Hors intersection,Temps couvert,Deux véhicules - côté,,,,,,,,,,,1,2,1,8,3
200800060847,0008-10-21 19:50:00,8,10,21,19,50,950,63,"129, EDOUARD VAILLANT (R",,,Crépuscule ou aube,En agglomération,Hors intersection,Normale,Trois véhicules et plus - collisions multiples,,,,,,,,,,,2,2,1,1,5
200800060848,0008-10-10 20:30:00,8,10,10,20,30,950,488,"0, GENERAL LECLERC (AVEN",,,Nuit avec éclairage allumé,En agglomération,Hors intersection,Normale,Deux véhicules - côté,,,,,,,,,,,5,2,1,1,3
200800060849,0008-10-28 07:45:00,8,10,28,7,45,950,197,"15, SAINT DENIS (ROUTE D",,,Crépuscule ou aube,En agglomération,Passage à niveau,Normale,Autre collision,,,,,,,,,,,2,2,8,1,6
200800060850,0008-10-08 17:25:00,8,10,8,17,25,950,427,"3, SAINT LEU ( ROUTE DE)",,,Plein jour,En agglomération,Hors intersection,Normale,Autre collision,,,,,,,,,,,1,2,1,1,6
200800060851,0008-10-09 06:25:00,8,10,9,6,25,950,428,"21, 1 ERE ARMEE FRANCAIS",,,Nuit sans éclairage public,En agglomération,Giratoire,Normale,Deux véhicules - frontale,,,,,,,,,,,3,2,6,1,1
200800060852,0008-10-16 23:20:00,8,10,16,23,20,950,210,"28, LAC (BOULEVARD DU)",,,Nuit avec éclairage allumé,En agglomération,Hors intersection,Normale,Deux véhicules - frontale,,,,,,,,,,,5,2,1,1,1
200800060853,0008-10-20 16:25:00,8,10,20,16,25,950,428,EMILE,,,Plein jour,En agglomération,Hors intersection,Normale,Deux véhicules - côté,,,,,,,,,,,1,2,1,1,3
200800060854,0008-10-27 13:15:00,8,10,27,13,15,950,555,"IGNORE, MASSENET (RUE)",,,Plein jour,En agglomération,Hors intersection,Normale,Autre collision,,,,,,,,,,,1,2,1,1,6
200800060855,0008-10-02 07:00:00,8,10,2,7,0,950,219,SYNDICAT (RUE DU),,,Crépuscule ou aube,En agglomération,Hors intersection,Normale,Autre collision,,,,,,,,,,,2,2,1,1,6
200800060856,0008-10-03 12:40:00,8,10,3,12,40,950,203,"29, PARIS (AVENUE DE)",,,Plein jour,En agglomération,Hors intersection,Normale,Deux véhicules - côté,,,,,,,,,,,1,2,1,1,3
200800060857,0008-10-03 19:45:00,8,10,3,19,45,950,219,"78, GENERAL LECLERC (RUE",,,Nuit avec éclairage allumé,En agglomération,Hors intersection,Temps couvert,Trois véhicules et plus - en chaîne,,,,,,,,,,,5,2,1,8,4
200800060858,0008-10-08 17:20:00,8,10,8,17,20,950,203,ROBILLON (RUE JEANNE),,,Plein jour,En agglomération,Hors intersection,Normale,Sans collision,,,,,,,,,,,1,2,1,1,7
200800060859,0008-10-09 16:50:00,8,10,9,16,50,950,219,NOEL SEYSEN (RUE),,,Plein jour,En agglomération,Hors intersection,Normale,Autre collision,,,,,,,,,,,1,2,1,1,6
200800060860,0008-10-09 18:45:00,8,10,9,18,45,950,491,", BOIS DE BOISSY (BOULEV",,,Crépuscule ou aube,En agglomération,Hors intersection,Normale,Autre collision,,,,,,,,,,,2,2,1,1,6
200800060861,0008-10-10 07:40:00,8,10,10,7,40,950,203,LECLERC (RUE DU GENERAL),,,Crépuscule ou aube,En agglomération,Intersection en T,Normale,Deux véhicules - côté,,,,,,,,,,,2,2,3,1,3
200800060862,0008-10-11 18:10:00,8,10,11,18,10,950,203,"56, PARIS (AVENUE DE)",,,Plein jour,En agglomération,Hors intersection,Normale,Deux véhicules - arrière,,,,,,,,,,,1,2,1,1,2
200800060863,0008-10-14 12:50:00,8,10,14,12,50,950,219,"0, SANNOIS (RUE DE)",,,Plein jour,En agglomération,Hors intersection,Normale,Autre collision,,,,,,,,,,,1,2,1,1,6
200800060864,0008-10-16 17:50:00,8,10,16,17,50,950,491,"81, CESAR (CHAUSSEE JULE",,,Plein jour,En agglomération,Hors intersection,Normale,Autre collision,,,,,,,,,,,1,2,1,1,6
200800060865,0008-10-23 17:40:00,8,10,23,17,40,950,491,CESAR (CHAUSSEE JULES),,,Plein jour,En agglomération,Hors intersection,Normale,Deux véhicules - côté,,,,,,,,,,,1,2,1,1,3
200800060866,0008-10-25 18:00:00,8,10,25,18,0,950,219,FRANCONVILLE (ROUTE DE),,,Crépuscule ou aube,En agglomération,Hors intersection,Normale,Deux véhicules - côté,,,,,,,,,,,2,2,1,1,3
200800060867,0008-10-27 15:20:00,8,10,27,15,20,950,252,HOTEL DE VILLE (BOULEVAR,,,Plein jour,En agglomération,Hors intersection,Pluie légère,Autre collision,,,,,,,,,,,1,2,1,2,6
200800060868,0008-10-21 13:30:00,8,10,21,13,30,950,268,"10, DIVISION LECLERC (AV",,,Plein jour,En agglomération,Hors intersection,Normale,Autre collision,,,,,,,,,,,1,2,1,1,6
200800060869,0008-10-29 15:10:00,8,10,29,15,10,950,268,"08, COROT (RUE JEAN -BAP",,,Plein jour,En agglomération,Hors intersection,Normale,Autre collision,,,,,,,,,,,1,2,1,1,6
200800060870,0008-10-31 20:05:00,8,10,31,20,5,950,268,"5, CERDAN (RUE MARCEL)",,,Nuit avec éclairage allumé,En agglomération,Hors intersection,Normale,Autre collision,,,,,,,,,,,5,2,1,1,6
200800060871,0008-10-01 17:34:00,8,10,1,17,34,950,277,TULIPES (CARREFOUR DES),,,Plein jour,En agglomération,Intersection en X,Normale,Autre collision,,,,,,,,,,,1,2,2,1,6
200800060872,0008-10-01 22:35:00,8,10,1,22,35,950,277,Route Nationale 17,,,Nuit avec éclairage allumé,Hors agglomération,Hors intersection,Normale,Deux véhicules - arrière,,,,,,,,,,,5,1,1,1,2
200800060873,0008-10-10 10:45:00,8,10,10,10,45,950,277,SCHUMAN ROBERT,,,Plein jour,En agglomération,Hors intersection,Normale,Deux véhicules - arrière,,,,,,,,,,,1,2,1,1,2
200800060874,0008-10-03 08:30:00,8,10,3,8,30,950,306,AMBASSADEURS (BOULEVARD,,,Plein jour,En agglomération,Hors intersection,Pluie légère,Sans collision,,,,,,,,,,,1,2,1,2,7
200800060875,0008-10-07 07:55:00,8,10,7,7,55,950,306,VERDUN (BOULEVARD DE),,,Plein jour,En agglomération,Intersection en T,Normale,Deux véhicules - côté,,,,,,,,,,,1,2,3,1,3
200800060876,0008-10-16 08:00:00,8,10,16,8,0,950,424,PONTOISE (BOULEVARD DE),,,Nuit avec éclairage allumé,En agglomération,Hors intersection,Pluie légère,Autre collision,,,,,,,,,,,5,2,1,2,6
200800060877,0008-10-16 08:01:00,8,10,16,8,1,950,424,PONTOISE (BOULEVARD DE),,,Nuit avec éclairage allumé,En agglomération,Intersection en T,Pluie légère,Deux véhicules - côté,,,,,,,,,,,5,2,3,2,3
200800060878,0008-10-17 02:25:00,8,10,17,2,25,950,306,BOEUFS (CHEMIN DES ),,,Nuit avec éclairage allumé,En agglomération,Hors intersection,Normale,Sans collision,,,,,,,,,,,5,2,1,1,7
200800060879,0008-10-26 17:15:00,8,10,26,17,15,950,306,"32, PONTOISE (RUE DE)",,,Plein jour,En agglomération,Hors intersection,Normale,Autre collision,,,,,,,,,,,1,2,1,1,6
200800060880,0008-10-27 15:40:00,8,10,27,15,40,950,424,VICTOR BORDIER (BOULEVAR,,,Plein jour,En agglomération,Intersection en T,Pluie forte,Deux véhicules - côté,,,,,,,,,,,1,2,3,3,3
200800060881,0008-10-28 12:30:00,8,10,28,12,30,950,424,VICTOR BORDIER (BOULEVAR,,,Plein jour,En agglomération,Hors intersection,Normale,Deux véhicules - côté,,,,,,,,,,,1,2,1,1,3
200800060882,0008-10-01 15:05:00,8,10,1,15,5,950,487,DOCTEUR TOUATI,,,Plein jour,En agglomération,Autre intersection,Pluie légère,Autre collision,,,,,,,,,,,1,2,9,2,6
200800060883,0008-10-05 13:00:00,8,10,5,13,0,950,313,ABBE BREUIL (AVENUE DE L,,,Plein jour,En agglomération,Hors intersection,Temps couvert,Autre collision,,,,,,,,,,,1,2,1,8,6
200800060884,0008-10-30 18:55:00,8,10,30,18,55,950,313,TILSIT (BOULEVARD DE),,,Nuit avec éclairage allumé,Hors agglomération,Autre intersection,Neige / grêle,Deux véhicules - côté,,,,,,,,,,,5,1,9,4,3
200800060885,0008-10-09 17:40:00,8,10,9,17,40,950,313,PONTOISE,,,Plein jour,En agglomération,Intersection en X,Normale,Deux véhicules - côté,,,,,,,,,,,1,2,2,1,3
200800060886,0008-10-09 13:20:00,8,10,9,13,20,950,585,VALERY (AVEUE PAUL),,,Plein jour,En agglomération,Hors intersection,Normale,Sans collision,,,,,,,,,,,1,2,1,1,7
200800060887,0008-10-07 23:00:00,8,10,7,23,0,950,585,VALERY (AVEUE PAUL),,,Nuit avec éclairage allumé,En agglomération,Hors intersection,Pluie légère,Sans collision,,,,,,,,,,,5,2,1,2,7
200800060888,0008-10-01 09:55:00,8,10,1,9,55,950,585,PERRET (AVENUE AUGUSTE ),,,Plein jour,En agglomération,Hors intersection,Normale,Sans collision,,,,,,,,,,,1,2,1,1,7
200800060889,0008-10-20 13:00:00,8,10,20,13,0,950,539,LUAT  (CHEMIN  DU ),,,Plein jour,Hors agglomération,Hors intersection,Pluie légère,Deux véhicules - arrière,,,,,,,,,,,1,1,1,2,2
200800060890,0008-10-28 20:30:00,8,10,28,20,30,950,585,MITTERAND (BD FRANCOIS),,,Nuit avec éclairage allumé,En agglomération,Hors intersection,Normale,Deux véhicules - frontale,,,,,,,,,,,5,2,1,1,1
200800060891,0008-10-09 18:30:00,8,10,9,18,30,950,563,"00, MOULIN (RUE DU)",,,Plein jour,En agglomération,Intersection en X,Normale,Deux véhicules - côté,,,,,,,,,,,1,2,2,1,3
200800060892,0008-10-10 16:15:00,8,10,10,16,15,950,51,JULES CESAR (CHAUSSEE),,,Plein jour,En agglomération,Hors intersection,Normale,Deux véhicules - arrière,,,,,,,,,,,1,2,1,1,2
200800060893,0008-10-17 07:40:00,8,10,17,7,40,950,51,"155, JULES CESAR (CHAUSS",,,Crépuscule ou aube,En agglomération,Hors intersection,Normale,Autre collision,,,,,,,,,,,2,2,1,1,6
200800060894,0008-10-25 15:40:00,8,10,25,15,40,950,607,ROBERT DUPRE (RUE),,,Plein jour,En agglomération,Hors intersection,Normale,Sans collision,,,,,,,,,,,1,2,1,1,7
200800060895,0008-10-27 07:25:00,8,10,27,7,25,950,607,DIVISION-LECLERC (AVENUE,,,Crépuscule ou aube,En agglomération,Giratoire,Pluie forte,Deux véhicules - arrière,,,,,,,,,,,2,2,6,3,2
200800060896,0008-10-10 07:45:00,8,10,10,7,45,201,4,CAMPI LOUIS BD,,,Plein jour,En agglomération,Hors intersection,Normale,Trois véhicules et plus - collisions multiples,,,,,,,,,,,1,2,1,1,5
200800060897,0008-10-10 16:20:00,8,10,10,16,20,201,4,NICOLI JEAN COURS,,,Plein jour,En agglomération,Hors intersection,Autre,Autre collision,,,,,,,,,,,1,2,1,9,6
200800060898,0008-10-10 22:52:00,8,10,10,22,52,201,4,CALVI  ROUTE,,,Nuit avec éclairage allumé,En agglomération,Hors intersection,Normale,Autre collision,,,,,,,,,,,5,2,1,1,6
200800060899,0008-10-11 13:10:00,8,10,11,13,10,201,4,"97, NAPOLEON COURS AVANT",,,Plein jour,En agglomération,Hors intersection,Normale,Autre collision,,,,,,,,,,,1,2,1,1,6
200800060900,0008-10-11 19:40:00,8,10,11,19,40,201,4,NATIONALE 194,,,Nuit avec éclairage allumé,En agglomération,Hors intersection,Normale,Autre collision,,,,,,,,,,,5,2,1,1,6
200800060901,0008-10-14 16:15:00,8,10,14,16,15,201,4,"SANS, SPOSATA CHEMIN DE",,,Plein jour,En agglomération,Hors intersection,Normale,Autre collision,,,,,,,,,,,1,2,1,1,6
200800060902,0008-10-14 21:25:00,8,10,14,21,25,201,4,"2, GRANDVAL COURS PAIR",,,Nuit avec éclairage allumé,En agglomération,Intersection en T,Normale,Autre collision,,,,,,,,,,,5,2,3,1,6
200800060903,0008-10-15 17:55:00,8,10,15,17,55,201,4,"SANS, NAPOLEON III AVENU",,,Plein jour,En agglomération,Hors intersection,Normale,Deux véhicules - côté,,,,,,,,,,,1,2,1,1,3
200800060904,0008-10-16 19:20:00,8,10,16,19,20,201,4,"SANS, BIANCAMARIA COLONE",,,Nuit avec éclairage allumé,En agglomération,Hors intersection,Normale,Deux véhicules - côté,,,,,,,,,,,5,2,1,1,3
200800060905,0008-10-17 19:53:00,8,10,17,19,53,201,4,"77, NAPOLEON COURS AVANT",,,Nuit avec éclairage allumé,En agglomération,Hors intersection,Normale,Autre collision,,,,,,,,,,,5,2,1,1,6
200800060906,0008-10-21 17:10:00,8,10,21,17,10,201,4,BONAPARTE CHARLES  BD,,,Plein jour,En agglomération,Hors intersection,Normale,Trois véhicules et plus - en chaîne,,,,,,,,,,,1,2,1,1,4
200800060907,0008-10-22 16:58:00,8,10,22,16,58,201,4,"48, FAGNI IMM COURS LUCI",,,Plein jour,En agglomération,Hors intersection,Normale,Trois véhicules et plus - collisions multiples,,,,,,,,,,,1,2,1,1,5
200800060908,0008-10-23 12:45:00,8,10,23,12,45,201,4,SAMPIERO BD,,,Plein jour,En agglomération,Intersection en T,Normale,Deux véhicules - côté,,,,,,,,,,,1,2,3,1,3
200800060909,0008-10-23 15:09:00,8,10,23,15,9,201,4,"42, BONAPARTE LUCIEN  CO",,,Plein jour,En agglomération,Hors intersection,Normale,Deux véhicules - côté,,,,,,,,,,,1,2,1,1,3
200800060910,0008-10-25 20:30:00,8,10,25,20,30,201,4,ALATA ROUTE,,,Nuit avec éclairage non allumé,En agglomération,Hors intersection,Pluie légère,Deux véhicules - côté,,,,,,,,,,,4,2,1,2,3
200800060911,0008-10-27 21:30:00,8,10,27,21,30,201,4,"SANS, PAOLI DOMINIQUE  B",,,Nuit avec éclairage allumé,En agglomération,Intersection en X,Normale,Autre collision,,,,,,,,,,,5,2,2,1,6
200800060912,0008-10-28 03:02:00,8,10,28,3,2,201,4,MEZZAVIA ROUTE DE,,,Nuit avec éclairage allumé,Hors agglomération,Hors intersection,Pluie légère,Deux véhicules - côté,,,,,,,,,,,5,1,1,2,3
200800060913,0008-10-28 12:21:00,8,10,28,12,21,201,4,MONT THABOR RUE DU,,,Plein jour,En agglomération,Autre intersection,Normale,Deux véhicules - côté,,,,,,,,,,,1,2,9,1,3
200800060914,0008-10-29 11:30:00,8,10,29,11,30,201,4,CAMPI LOUIS BD,,,Plein jour,En agglomération,Hors intersection,Pluie légère,Deux véhicules - arrière,,,,,,,,,,,1,2,1,2,2
200800060915,0008-10-16 20:25:00,8,10,16,20,25,690,381,"49, COURS GENERAL GIRAUD",,,Nuit avec éclairage allumé,En agglomération,Hors intersection,Pluie légère,Autre collision,,,,,,,,,,,5,2,1,2,6
200800060916,0008-10-19 02:40:00,8,10,19,2,40,690,381,"06, QUAI DE LA PECHERIE",,,Nuit avec éclairage allumé,En agglomération,Hors intersection,Normale,Autre collision,,,,,,,,,,,5,2,1,1,6
200800060917,0008-10-23 15:00:00,8,10,23,15,0,690,381,ST POLYCARPE,,,Plein jour,En agglomération,Hors intersection,Normale,Autre collision,,,,,,,,,,,1,2,1,1,6
200800060918,0008-10-01 20:00:00,8,10,1,20,0,770,169,RN104,,,Nuit sans éclairage public,Hors agglomération,Hors intersection,Normale,Autre collision,,,,,,,,,,,3,1,1,1,6
200800060919,0008-10-02 17:15:00,8,10,2,17,15,750,112,A4,,,Plein jour,Hors agglomération,Hors intersection,Normale,Trois véhicules et plus - en chaîne,,,,,,,,,,,1,1,1,1,4
200800060920,0008-10-03 17:00:00,8,10,3,17,0,940,18,A4,,,Plein jour,Hors agglomération,Hors intersection,Pluie légère,Deux véhicules - arrière,,,,,,,,,,,1,1,1,2,2
200800060921,0008-10-03 20:10:00,8,10,3,20,10,940,42,A4,,,Nuit avec éclairage allumé,Hors agglomération,Hors intersection,Pluie légère,Autre collision,,,,,,,,,,,5,1,1,2,6
200800060922,0008-10-05 10:30:00,8,10,5,10,30,770,121,A104,,,Plein jour,Hors agglomération,Hors intersection,Pluie légère,Sans collision,,,,,,,,,,,1,1,1,2,7
200800060923,0008-10-05 13:10:00,8,10,5,13,10,770,337,A4,,,Plein jour,Hors agglomération,Hors intersection,Pluie légère,Autre collision,,,,,,,,,,,1,1,1,2,6
200800060924,0008-10-06 08:55:00,8,10,6,8,55,770,294,A104,,,Plein jour,Hors agglomération,Hors intersection,Normale,Trois véhicules et plus - en chaîne,,,,,,,,,,,1,1,1,1,4
200800060925,0008-10-08 07:45:00,8,10,8,7,45,750,112,A4,,,Crépuscule ou aube,Hors agglomération,Hors intersection,Normale,Deux véhicules - arrière,,,,,,,,,,,2,1,1,1,2
200800060926,0008-10-07 08:00:00,8,10,7,8,0,940,33,A86.EXT,,,Crépuscule ou aube,Hors agglomération,Hors intersection,Normale,Autre collision,,,,,,,,,,,2,1,1,1,6
200800060927,0008-10-08 15:30:00,8,10,8,15,30,770,294,A104,,,Plein jour,Hors agglomération,Hors intersection,Normale,Deux véhicules - côté,,,,,,,,,,,1,1,1,1,3
200800060928,0008-10-09 16:15:00,8,10,9,16,15,770,258,VPO.EXT,,,Plein jour,Hors agglomération,Hors intersection,Normale,Deux véhicules - frontale,,,,,,,,,,,1,1,1,1,1
200800060929,0008-10-09 22:35:00,8,10,9,22,35,770,348,A104,,,Nuit sans éclairage public,Hors agglomération,Hors intersection,Normale,Deux véhicules - arrière,,,,,,,,,,,3,1,1,1,2
200800060930,0008-10-12 13:35:00,8,10,12,13,35,770,121,A104,,,Plein jour,Hors agglomération,Hors intersection,Normale,Autre collision,,,,,,,,,,,1,1,1,1,6
200800060931,0008-10-14 08:00:00,8,10,14,8,0,940,18,A4,,,Plein jour,Hors agglomération,Hors intersection,Normale,Trois véhicules et plus - en chaîne,,,,,,,,,,,1,1,1,1,4
200800060932,0008-10-15 08:20:00,8,10,15,8,20,940,69,A4,,,Plein jour,Hors agglomération,Hors intersection,Pluie légère,Deux véhicules - arrière,,,,,,,,,,,1,1,1,2,2
200800060933,0008-10-15 19:10:00,8,10,15,19,10,770,294,A104,,,Nuit sans éclairage public,Hors agglomération,Hors intersection,Pluie forte,Autre collision,,,,,,,,,,,3,1,1,3,6
200800060934,0008-10-15 22:05:00,8,10,15,22,5,940,44,RN406.Y,,,Nuit avec éclairage allumé,Hors agglomération,Hors intersection,Pluie légère,Deux véhicules - frontale,,,,,,,,,,,5,1,1,2,1
200800060935,0008-10-16 07:45:00,8,10,16,7,45,770,514,A104,,,Crépuscule ou aube,Hors agglomération,Hors intersection,Pluie légère,Trois véhicules et plus - collisions multiples,,,,,,,,,,,2,1,1,2,5
200800060936,0008-10-16 10:00:00,8,10,16,10,0,940,44,RN406.W,,,Plein jour,Hors agglomération,Hors intersection,Pluie légère,Autre collision,,,,,,,,,,,1,1,1,2,6
200800060937,0008-10-16 11:00:00,8,10,16,11,0,940,69,A4,,,Plein jour,Hors agglomération,Hors intersection,Normale,Trois véhicules et plus - en chaîne,,,,,,,,,,,1,1,1,1,4
200800060938,0008-10-17 08:30:00,8,10,17,8,30,770,294,A104,,,Plein jour,Hors agglomération,Hors intersection,Normale,Sans collision,,,,,,,,,,,1,1,1,1,7