accident_id,datetime,annee,mois,jour,heure,minute,departement,commune_insee,adresse,latitude,longitude,luminosite,agglomeration,intersection,meteo,collision,nb_vehicules,nb_usagers,nb_indemnes,nb_tues,nb_blesses_hosp,nb_blesses_legers,age_cond_1,age_cond_2,veh_type_cond_1,veh_type_cond_2,lum_code,agg_code,int_code,atm_code,col_code
200800060939,0008-10-17 13:15:00,8,10,17,13,15,940,52,A86.EXT,,,Plein jour,Hors agglomération,Hors intersection,Normale,Trois véhicules et plus - en chaîne,,,,,,,,,,,1,1,1,1,4
200800060940,0008-10-20 07:40:00,8,10,20,7,40,770,59,A104,,,Nuit sans éclairage public,Hors agglomération,Hors intersection,Normale,Autre collision,,,,,,,,,,,3,1,1,1,6
200800060941,0008-10-20 12:45:00,8,10,20,12,45,940,17,A4,,,Plein jour,Hors agglomération,Hors intersection,Normale,Deux véhicules - frontale,,,,,,,,,,,1,1,1,1,1
200800060942,0008-10-20 16:00:00,8,10,20,16,0,750,112,A4,,,Plein jour,Hors agglomération,Hors intersection,Normale,Trois véhicules et plus - collisions multiples,,,,,,,,,,,1,1,1,1,5
200800060943,0008-10-20 21:10:00,8,10,20,21,10,940,52,A86.EXT,,,Nuit avec éclairage allumé,Hors agglomération,Hors intersection,Normale,Autre collision,,,,,,,,,,,5,1,1,1,6
200800060944,0008-10-21 08:50:00,8,10,21,8,50,940,18,A4,,,Plein jour,Hors agglomération,Hors intersection,Pluie légère,Sans collision,,,,,,,,,,,1,1,1,2,7
200800060945,0008-10-21 09:05:00,8,10,21,9,5,940,73,A86,,,Plein jour,Hors agglomération,Hors intersection,Pluie légère,Sans collision,,,,,,,,,,,1,1,1,2,7
200800060946,0008-10-21 12:30:00,8,10,21,12,30,940,73,A86,,,Plein jour,Hors agglomération,Hors intersection,Pluie légère,Sans collision,,,,,,,,,,,1,1,1,2,7
200800060947,0008-10-21 12:50:00,8,10,21,12,50,940,73,A86,,,Plein jour,Hors agglomération,Hors intersection,Pluie légère,Autre collision,,,,,,,,,,,1,1,1,2,6
200800060948,0008-10-22 07:40:00,8,10,22,7,40,770,18,A4,,,Crépuscule ou aube,Hors agglomération,Hors intersection,Normale,Trois véhicules et plus - collisions multiples,,,,,,,,,,,2,1,1,1,5
200800060949,0008-10-22 08:25:00,8,10,22,8,25,930,51,A4,,,Crépuscule ou aube,Hors agglomération,Hors intersection,Normale,Deux véhicules - côté,,,,,,,,,,,2,1,1,1,3
200800060950,0008-10-23 13:55:00,8,10,23,13,55,940,28,A86,,,Plein jour,Hors agglomération,Hors intersection,Normale,Deux véhicules - côté,,,,,,,,,,,1,1,1,1,3
200800060951,0008-10-23 18:25:00,8,10,23,18,25,940,17,A4,,,Plein jour,Hors agglomération,Hors intersection,Normale,Trois véhicules et plus - en chaîne,,,,,,,,,,,1,1,1,1,4
200800060952,0008-10-23 20:15:00,8,10,23,20,15,770,449,A4,,,Nuit sans éclairage public,Hors agglomération,Hors intersection,Normale,Autre collision,,,,,,,,,,,3,1,1,1,6
200800060953,0008-10-27 09:30:00,8,10,27,9,30,750,112,A4,,,Plein jour,Hors agglomération,Hors intersection,Normale,Trois véhicules et plus - collisions multiples,,,,,,,,,,,1,1,1,1,5
200800060954,0008-10-27 10:15:00,8,10,27,10,15,770,449,A4,,,Plein jour,Hors agglomération,Hors intersection,Pluie légère,Sans collision,,,,,,,,,,,1,1,1,2,7
200800060955,0008-10-27 18:50:00,8,10,27,18,50,940,46,A86,,,Nuit sans éclairage public,Hors agglomération,Hors intersection,Pluie forte,Trois véhicules et plus - collisions multiples,,,,,,,,,,,3,1,1,3,5
200800060956,0008-10-27 20:15:00,8,10,27,20,15,940,81,A86,,,Nuit avec éclairage allumé,Hors agglomération,Hors intersection,Pluie légère,Sans collision,,,,,,,,,,,5,1,1,2,7
200800060957,0008-10-28 18:30:00,8,10,28,18,30,770,122,RN104,,,Nuit sans éclairage public,Hors agglomération,Hors intersection,Normale,Deux véhicules - côté,,,,,,,,,,,3,1,1,1,3
200800060958,0008-10-30 20:50:00,8,10,30,20,50,940,69,A4,,,Nuit avec éclairage allumé,Hors agglomération,Hors intersection,Pluie légère,Autre collision,,,,,,,,,,,5,1,1,2,6
200800060959,0008-10-30 22:30:00,8,10,30,22,30,770,372,A104,,,Nuit sans éclairage public,Hors agglomération,Hors intersection,Pluie légère,Deux véhicules - frontale,,,,,,,,,,,3,1,1,2,1
200800060960,0008-10-31 01:15:00,8,10,31,1,15,770,372,A104,,,Nuit sans éclairage public,Hors agglomération,Hors intersection,Pluie légère,Sans collision,,,,,,,,,,,3,1,1,2,7
200800060961,0008-10-31 08:15:00,8,10,31,8,15,930,51,A4,,,Plein jour,Hors agglomération,Hors intersection,Pluie légère,Deux véhicules - côté,,,,,,,,,,,1,1,1,2,3
200800060962,0008-10-31 14:30:00,8,10,31,14,30,940,74,RN406.W,,,Plein jour,Hors agglomération,Hors intersection,Pluie légère,Autre collision,,,,,,,,,,,1,1,1,2,6
200800060963,0008-10-31 20:00:00,8,10,31,20,0,940,33,A86.INT,,,Nuit avec éclairage allumé,Hors agglomération,Hors intersection,Pluie légère,Deux véhicules - côté,,,,,,,,,,,5,1,1,2,3
200800060964,0008-10-01 23:55:00,8,10,1,23,55,950,18,AUTOROUTE A15,,,Nuit avec éclairage non allumé,Hors agglomération,Hors intersection,Normale,Sans collision,,,,,,,,,,,4,1,1,1,7
200800060965,0008-10-05 19:55:00,8,10,5,19,55,950,365,RN 104,,,Nuit sans éclairage public,Hors agglomération,Hors intersection,Pluie légère,Sans collision,,,,,,,,,,,3,1,1,2,7
200800060966,0008-10-06 09:40:00,8,10,6,9,40,950,582,AUTOROUTE A15,,,Plein jour,Hors agglomération,Hors intersection,Temps couvert,Autre collision,,,,,,,,,,,1,1,1,8,6
200800060967,0008-10-11 15:30:00,8,10,11,15,30,930,6,AUTOROUTE A3,,,Plein jour,Hors agglomération,Hors intersection,Normale,Deux véhicules - arrière,,,,,,,,,,,1,1,1,1,2
200800060968,0008-10-13 20:15:00,8,10,13,20,15,920,36,AUTOROUTE A86,,,Nuit avec éclairage allumé,Hors agglomération,Hors intersection,Normale,Trois véhicules et plus - collisions multiples,,,,,,,,,,,5,1,1,1,5
200800060969,0008-10-13 21:00:00,8,10,13,21,0,920,36,AUTOROUTE A86,,,Nuit avec éclairage allumé,Hors agglomération,Hors intersection,Normale,Deux véhicules - côté,,,,,,,,,,,5,1,1,1,3
200800060970,0008-10-14 09:00:00,8,10,14,9,0,950,572,ROUTE NATIONALE 184,,,Plein jour,Hors agglomération,Hors intersection,Normale,Trois véhicules et plus - en chaîne,,,,,,,,,,,1,1,1,1,4
200800060971,0008-10-15 21:00:00,8,10,15,21,0,930,66,AUTOROUTE A1,,,Nuit avec éclairage allumé,Hors agglomération,Hors intersection,Normale,Trois véhicules et plus - collisions multiples,,,,,,,,,,,5,1,1,1,5
200800060972,0008-10-16 08:35:00,8,10,16,8,35,920,36,AUTOROUTE A86,,,Plein jour,Hors agglomération,Hors intersection,Temps couvert,Deux véhicules - frontale,,,,,,,,,,,1,1,1,8,1
200800060973,0008-10-16 07:35:00,8,10,16,7,35,930,66,AUTOROUTE A86,,,Crépuscule ou aube,Hors agglomération,Hors intersection,Pluie légère,Deux véhicules - côté,,,,,,,,,,,2,1,1,2,3
200800060974,0008-10-17 13:25:00,8,10,17,13,25,930,64,AUTOROUTE A86,,,Plein jour,Hors agglomération,Hors intersection,Normale,Autre collision,,,,,,,,,,,1,1,1,1,6
200800060975,0008-10-17 16:35:00,8,10,17,16,35,930,63,AUTOROUTE A3,,,Plein jour,Hors agglomération,Hors intersection,Normale,Deux véhicules - côté,,,,,,,,,,,1,1,1,1,3
200800060976,0008-10-18 16:55:00,8,10,18,16,55,950,42,RN 104,,,Plein jour,Hors agglomération,Hors intersection,Normale,Sans collision,,,,,,,,,,,1,1,1,1,7
200800060977,0008-10-21 13:15:00,8,10,21,13,15,930,1,AUTOROUTE A86,,,Plein jour,Hors agglomération,Hors intersection,Pluie légère,Sans collision,,,,,,,,,,,1,1,1,2,7
200800060978,0008-10-23 07:25:00,8,10,23,7,25,930,64,AUTOROUTE A86,,,Nuit avec éclairage allumé,Hors agglomération,Hors intersection,Normale,Deux véhicules - côté,,,,,,,,,,,5,1,1,1,3
200800060979,0008-10-24 13:10:00,8,10,24,13,10,930,6,AUTOROUTE A3,,,Plein jour,Hors agglomération,Hors intersection,Normale,Deux véhicules - arrière,,,,,,,,,,,1,1,1,1,2
200800060980,0008-10-25 22:00:00,8,10,25,22,0,950,582,AUTOROUTE A15,,,Nuit sans éclairage public,Hors agglomération,Hors intersection,Normale,Trois véhicules et plus - collisions multiples,,,,,,,,,,,3,1,1,1,5
200800060981,0008-10-27 09:00:00,8,10,27,9,0,930,78,AUTOROUTE A104,,,Plein jour,Hors agglomération,Hors intersection,Pluie légère,Deux véhicules - frontale,,,,,,,,,,,1,1,1,2,1
200800060982,0008-10-28 10:15:00,8,10,28,10,15,930,5,AUTOROUTE A3,,,Plein jour,Hors agglomération,Hors intersection,Normale,Sans collision,,,,,,,,,,,1,1,1,1,7
200800060983,0008-10-30 16:10:00,8,10,30,16,10,920,36,AUTOROUTE A86,,,Plein jour,Hors agglomération,Hors intersection,Pluie légère,Autre collision,,,,,,,,,,,1,1,1,2,6
200800060984,0008-10-31 20:40:00,8,10,31,20,40,950,252,AUTOROUTE A15,,,Nuit avec éclairage allumé,Hors agglomération,Hors intersection,Normale,Trois véhicules et plus - collisions multiples,,,,,,,,,,,5,1,1,1,5
200800060985,0008-10-03 17:15:00,8,10,3,17,15,780,73,A12 W,,,Plein jour,Hors agglomération,Hors intersection,Normale,Trois véhicules et plus - collisions multiples,,,,,,,,,,,1,1,1,1,5
200800060986,0008-10-19 09:00:00,8,10,19,9,0,780,431,A13,,,Plein jour,Hors agglomération,Hors intersection,Normale,Sans collision,,,,,,,,,,,1,1,1,1,7
200800060987,0008-10-02 10:00:00,8,10,2,10,0,920,50,A86,,,Plein jour,Hors agglomération,Hors intersection,Normale,Deux véhicules - côté,,,,,,,,,,,1,1,1,1,3
200800060988,0008-10-02 18:55:00,8,10,2,18,55,920,50,A86,,,Plein jour,Hors agglomération,Hors intersection,Normale,Deux véhicules - arrière,,,,,,,,,,,1,1,1,1,2
200800060989,0008-10-03 07:10:00,8,10,3,7,10,920,51,N13,,,Nuit avec éclairage allumé,Hors agglomération,Hors intersection,Normale,Autre collision,,,,,,,,,,,5,1,1,1,6
200800060990,0008-10-03 08:30:00,8,10,3,8,30,780,498,A13,,,Plein jour,Hors agglomération,Hors intersection,Pluie légère,Deux véhicules - côté,,,,,,,,,,,1,1,1,2,3
200800060991,0008-10-03 19:00:00,8,10,3,19,0,920,47,A13,,,Crépuscule ou aube,Hors agglomération,Hors intersection,Temps couvert,Trois véhicules et plus - en chaîne,,,,,,,,,,,2,1,1,8,4
200800060992,0008-10-08 06:30:00,8,10,8,6,30,920,25,A86,,,Crépuscule ou aube,Hors agglomération,Hors intersection,Pluie légère,Autre collision,,,,,,,,,,,2,1,1,2,6
200800060993,0008-10-05 10:13:00,8,10,5,10,13,920,48,N118,,,Plein jour,Hors agglomération,Hors intersection,Pluie légère,Autre collision,,,,,,,,,,,1,1,1,2,6
200800060994,0008-10-06 00:05:00,8,10,6,0,5,780,640,A86 INT,,,Nuit avec éclairage non allumé,Hors agglomération,Hors intersection,Pluie forte,Autre collision,,,,,,,,,,,4,1,1,3,6
200800060995,0008-10-06 01:50:00,8,10,6,1,50,780,640,A86 INT,,,Nuit avec éclairage allumé,Hors agglomération,Hors intersection,Pluie forte,Sans collision,,,,,,,,,,,5,1,1,3,7
200800060996,0008-10-06 11:15:00,8,10,6,11,15,920,72,N118,,,Plein jour,Hors agglomération,Hors intersection,Normale,Deux véhicules - arrière,,,,,,,,,,,1,1,1,1,2
200800060997,0008-10-08 09:05:00,8,10,8,9,5,920,50,A86,,,Plein jour,Hors agglomération,Hors intersection,Normale,Sans collision,,,,,,,,,,,1,1,1,1,7
200800060998,0008-10-08 20:40:00,8,10,8,20,40,920,12,A13,,,Nuit avec éclairage allumé,Hors agglomération,Hors intersection,Normale,Autre collision,,,,,,,,,,,5,1,1,1,6
200800060999,0008-10-09 00:47:00,8,10,9,0,47,780,490,RN12 INT,,,Nuit sans éclairage public,Hors agglomération,Hors intersection,Normale,Autre collision,,,,,,,,,,,3,1,1,1,6
200800061000,0008-10-10 08:05:00,8,10,10,8,5,780,158,A13,,,Plein jour,Hors agglomération,Hors intersection,Normale,Deux véhicules - côté,,,,,,,,,,,1,1,1,1,3
200800061001,0008-10-10 08:55:00,8,10,10,8,55,780,571,A13,,,Plein jour,Hors agglomération,Hors intersection,Normale,Deux véhicules - côté,,,,,,,,,,,1,1,1,1,3
200800061002,0008-10-10 12:56:00,8,10,10,12,56,780,498,A13,,,Plein jour,Hors agglomération,Hors intersection,Normale,Sans collision,,,,,,,,,,,1,1,1,1,7
200800061003,0008-10-10 17:40:00,8,10,10,17,40,780,362,A13,,,Plein jour,Hors agglomération,Hors intersection,Normale,Trois véhicules et plus - collisions multiples,,,,,,,,,,,1,1,1,1,5
200800061004,0008-10-10 19:00:00,8,10,10,19,0,780,646,RN12,,,Plein jour,Hors agglomération,Hors intersection,Normale,Deux véhicules - arrière,,,,,,,,,,,1,1,1,1,2
200800061005,0008-10-10 19:50:00,8,10,10,19,50,920,12,A13,,,Nuit avec éclairage allumé,Hors agglomération,Hors intersection,Temps couvert,Trois véhicules et plus - collisions multiples,,,,,,,,,,,5,1,1,8,5
200800061006,0008-10-11 10:35:00,8,10,11,10,35,780,640,A86 INT,,,Plein jour,Hors agglomération,Hors intersection,Normale,Autre collision,,,,,,,,,,,1,1,1,1,6
200800061007,0008-10-12 15:37:00,8,10,12,15,37,920,25,A86,,,Plein jour,Hors agglomération,Hors intersection,Normale,Deux véhicules - arrière,,,,,,,,,,,1,1,1,1,2
200800061008,0008-10-13 08:05:00,8,10,13,8,5,920,25,A86,,,Crépuscule ou aube,Hors agglomération,Hors intersection,Normale,Deux véhicules - côté,,,,,,,,,,,2,1,1,1,3
200800061009,0008-10-14 09:20:00,8,10,14,9,20,920,26,RN1014 Y,,,Plein jour,Hors agglomération,Hors intersection,Normale,Trois véhicules et plus - en chaîne,,,,,,,,,,,1,1,1,1,4
200800061010,0008-10-14 18:40:00,8,10,14,18,40,780,545,A12 W,,,Plein jour,Hors agglomération,Hors intersection,Normale,Deux véhicules - côté,,,,,,,,,,,1,1,1,1,3
200800061011,0008-10-14 14:00:00,8,10,14,14,0,780,490,RN12 EXT,,,Plein jour,Hors agglomération,Hors intersection,Normale,Sans collision,,,,,,,,,,,1,1,1,1,7
200800061012,0008-10-16 18:00:00,8,10,16,18,0,780,640,A86 EXT,,,Plein jour,Hors agglomération,Hors intersection,Normale,Deux véhicules - arrière,,,,,,,,,,,1,1,1,1,2
200800061013,0008-10-17 18:30:00,8,10,17,18,30,780,571,A13,,,Crépuscule ou aube,Hors agglomération,Hors intersection,Normale,Deux véhicules - arrière,,,,,,,,,,,2,1,1,1,2
200800061014,0008-10-18 21:00:00,8,10,18,21,0,780,498,A13,,,Nuit sans éclairage public,Hors agglomération,Hors intersection,Normale,Autre collision,,,,,,,,,,,3,1,1,1,6
200800061015,0008-10-20 10:00:00,8,10,20,10,0,780,291,A13,,,Plein jour,Hors agglomération,Hors intersection,Normale,Trois véhicules et plus - collisions multiples,,,,,,,,,,,1,1,1,1,5
200800061016,0008-10-20 17:05:00,8,10,20,17,5,780,362,A13,,,Plein jour,Hors agglomération,Hors intersection,Normale,Autre collision,,,,,,,,,,,1,1,1,1,6
200800061017,0008-10-21 08:20:00,8,10,21,8,20,780,362,A13,,,Plein jour,Hors agglomération,Hors intersection,Pluie légère,Deux véhicules - arrière,,,,,,,,,,,1,1,1,2,2
200800061018,0008-10-21 17:40:00,8,10,21,17,40,780,362,A13,,,Plein jour,Hors agglomération,Hors intersection,Pluie légère,Trois véhicules et plus - collisions multiples,,,,,,,,,,,1,1,1,2,5
200800061019,0008-10-21 15:58:00,8,10,21,15,58,920,12,A13,,,Plein jour,Hors agglomération,Hors intersection,Pluie légère,Sans collision,,,,,,,,,,,1,1,1,2,7
200800061020,0008-10-21 17:40:00,8,10,21,17,40,920,23,RN186,,,Plein jour,Hors agglomération,Hors intersection,Temps couvert,Trois véhicules et plus - en chaîne,,,,,,,,,,,1,1,1,8,4
200800061021,0008-10-22 10:52:00,8,10,22,10,52,920,60,RN186,,,Plein jour,Hors agglomération,Hors intersection,Normale,Trois véhicules et plus - collisions multiples,,,,,,,,,,,1,1,1,1,5
200800061022,0008-10-24 09:45:00,8,10,24,9,45,920,36,A86,,,Plein jour,Hors agglomération,Hors intersection,Normale,Deux véhicules - côté,,,,,,,,,,,1,1,1,1,3
200800061023,0008-10-24 17:30:00,8,10,24,17,30,920,25,A86,,,Plein jour,Hors agglomération,Hors intersection,Normale,Deux véhicules - arrière,,,,,,,,,,,1,1,1,1,2
200800061024,0008-10-22 18:22:00,8,10,22,18,22,920,63,A86,,,Plein jour,Hors agglomération,Hors intersection,Normale,Deux véhicules - arrière,,,,,,,,,,,1,1,1,1,2
200800061025,0008-10-27 14:45:00,8,10,27,14,45,920,50,A14,,,Nuit avec éclairage allumé,Hors agglomération,Hors intersection,Pluie légère,Autre collision,,,,,,,,,,,5,1,1,2,6
200800061026,0008-10-28 20:00:00,8,10,28,20,0,780,640,A86E,,,Nuit avec éclairage allumé,Hors agglomération,Hors intersection,Temps couvert,Deux véhicules - arrière,,,,,,,,,,,5,1,1,8,2
200800061027,0008-10-29 07:56:00,8,10,29,7,56,780,90,A13,,,Crépuscule ou aube,Hors agglomération,Hors intersection,Brouillard / fumée,Autre collision,,,,,,,,,,,2,1,1,5,6
200800061028,0008-10-29 19:00:00,8,10,29,19,0,780,646,RN12,,,Nuit avec éclairage allumé,Hors agglomération,Hors intersection,Pluie légère,Sans collision,,,,,,,,,,,5,1,1,2,7
200800061029,0008-10-30 18:50:00,8,10,30,18,50,920,48,N118,,,Nuit avec éclairage allumé,Hors agglomération,Hors intersection,Pluie légère,Sans collision,,,,,,,,,,,5,1,1,2,7
200800061030,0008-10-31 06:20:00,8,10,31,6,20,920,48,N118,,,Nuit avec éclairage allumé,Hors agglomération,Hors intersection,Temps couvert,Autre collision,,,,,,,,,,,5,1,1,8,6
200800061031,0008-10-31 15:35:00,8,10,31,15,35,780,646,RN12,,,Plein jour,Hors agglomération,Hors intersection,Normale,Trois véhicules et plus - collisions multiples,,,,,,,,,,,1,1,1,1,5
200800061032,0008-10-27 09:00:00,8,10,27,9,0,780,524,A13,,,Plein jour,Hors agglomération,Hors intersection,Normale,Deux véhicules - frontale,,,,,,,,,,,1,1,1,1,1
200800061033,0008-10-21 09:10:00,8,10,21,9,10,780,291,A13,,,Plein jour,Hors agglomération,Hors intersection,Pluie légère,Autre collision,,,,,,,,,,,1,1,1,2,6
200800061034,0008-10-01 06:40:00,8,10,1,6,40,910,589,AUTOROUTE A6,,,Nuit sans éclairage public,Hors agglomération,Hors intersection,Normale,Deux véhicules - arrière,,,,,,,,,,,3,1,1,1,2
200800061035,0008-10-02 10:18:00,8,10,2,10,18,910,589,AUTOROUTE A6,,,Plein jour,Hors agglomération,Hors intersection,Normale,Deux véhicules - arrière,,,,,,,,,,,1,1,1,1,2
200800061036,0008-10-02 10:50:00,8,10,2,10,50,910,37,AUTOROUTE A6,,,Plein jour,Hors agglomération,Hors intersection,Normale,Sans collision,,,,,,,,,,,1,1,1,1,7
200800061037,0008-10-02 16:01:00,8,10,2,16,1,940,65,AUTOROUTE A106,,,Plein jour,Hors agglomération,Hors intersection,Normale,Deux véhicules - arrière,,,,,,,,,,,1,1,1,1,2
200800061038,0008-10-03 06:58:00,8,10,3,6,58,910,161,AUTOROUTE A6,,,Crépuscule ou aube,Hors agglomération,Hors intersection,Pluie légère,Deux véhicules - côté,,,,,,,,,,,2,1,1,2,3
200800061039,0008-10-03 08:19:00,8,10,3,8,19,940,38,AUTOROUTE A6B,,,Plein jour,Hors agglomération,Hors intersection,Pluie légère,Trois véhicules et plus - collisions multiples,,,,,,,,,,,1,1,1,2,5
200800061040,0008-10-04 03:07:00,8,10,4,3,7,910,216,AUTOROUTE A6,,,Nuit sans éclairage public,Hors agglomération,Hors intersection,Normale,Trois véhicules et plus - collisions multiples,,,,,,,,,,,3,1,1,1,5
200800061041,0008-10-05 05:30:00,8,10,5,5,30,910,216,AUTOROUTE A6,,,Nuit sans éclairage public,Hors agglomération,Hors intersection,Pluie légère,Sans collision,,,,,,,,,,,3,1,1,2,7
200800061042,0008-10-05 09:12:00,8,10,5,9,12,910,521,RN 441,,,Plein jour,Hors agglomération,Hors intersection,Pluie légère,Autre collision,,,,,,,,,,,1,1,1,2,6
200800061043,0008-10-05 15:00:00,8,10,5,15,0,750,13,AUTOROUTE A6B,,,Plein jour,Hors agglomération,Hors intersection,Normale,Sans collision,,,,,,,,,,,1,1,1,1,7
200800061044,0008-10-06 20:23:00,8,10,6,20,23,940,16,AUTOROUTE A6A,,,Crépuscule ou aube,Hors agglomération,Hors intersection,Normale,Sans collision,,,,,,,,,,,2,1,1,1,7
200800061045,0008-10-07 19:09:00,8,10,7,19,9,940,3,AUTOROUTE A6A,,,Nuit avec éclairage allumé,Hors agglomération,Hors intersection,Pluie légère,Deux véhicules - côté,,,,,,,,,,,5,1,1,2,3
200800061046,0008-10-08 05:30:00,8,10,8,5,30,910,86,RN 104,,,Nuit avec éclairage allumé,Hors agglomération,Hors intersection,Normale,Autre collision,,,,,,,,,,,5,1,1,1,6
200800061047,0008-10-08 06:40:00,8,10,8,6,40,910,521,AUTOROUTE A6,,,Crépuscule ou aube,Hors agglomération,Hors intersection,Normale,Deux véhicules - arrière,,,,,,,,,,,2,1,1,1,2
200800061048,0008-10-08 07:15:00,8,10,8,7,15,910,174,RN 104,,,Crépuscule ou aube,Hors agglomération,Hors intersection,Normale,Autre collision,,,,,,,,,,,2,1,1,1,6
200800061049,0008-10-09 08:55:00,8,10,9,8,55,910,549,RN 104,,,Plein jour,Hors agglomération,Hors intersection,Normale,Sans collision,,,,,,,,,,,1,1,1,1,7
200800061050,0008-10-09 10:20:00,8,10,9,10,20,940,43,AUTOROUTE A6B,,,Nuit avec éclairage allumé,Hors agglomération,Hors intersection,Normale,Autre collision,,,,,,,,,,,5,1,1,1,6
200800061051,0008-10-09 11:27:00,8,10,9,11,27,910,589,AUTOROUTE A6,,,Plein jour,Hors agglomération,Hors intersection,Normale,Trois véhicules et plus - en chaîne,,,,,,,,,,,1,1,1,1,4
200800061052,0008-10-09 14:05:00,8,10,9,14,5,940,21,AUTOROUTE A6B,,,Plein jour,Hors agglomération,Hors intersection,Normale,Autre collision,,,,,,,,,,,1,1,1,1,6
200800061053,0008-10-09 16:45:00,8,10,9,16,45,770,251,AUTOROUTE A5A,,,Plein jour,Hors agglomération,Hors intersection,Normale,Sans collision,,,,,,,,,,,1,1,1,1,7
200800061054,0008-10-10 07:41:00,8,10,10,7,41,910,136,RN20,,,Plein jour,Hors agglomération,Hors intersection,Normale,Sans collision,,,,,,,,,,,1,1,1,1,7
200800061055,0008-10-12 12:00:00,8,10,12,12,0,910,534,RN 118,,,Plein jour,Hors agglomération,Hors intersection,Normale,Sans collision,,,,,,,,,,,1,1,1,1,7
200800061056,0008-10-13 07:10:00,8,10,13,7,10,920,2,AUTOROUTE A10,,,Nuit sans éclairage public,Hors agglomération,Hors intersection,Normale,Autre collision,,,,,,,,,,,3,1,1,1,6
200800061057,0008-10-13 12:45:00,8,10,13,12,45,910,471,RN 118,,,Plein jour,Hors agglomération,Hors intersection,Normale,Sans collision,,,,,,,,,,,1,1,1,1,7
200800061058,0008-10-13 15:09:00,8,10,13,15,9,920,2,AUTOROUTE A86,,,Plein jour,Hors agglomération,Hors intersection,Normale,Autre collision,,,,,,,,,,,1,1,1,1,6
200800061059,0008-10-15 08:00:00,8,10,15,8,0,940,3,AUTOROUTE A6A,,,Plein jour,Hors agglomération,Hors intersection,Normale,Sans collision,,,,,,,,,,,1,1,1,1,7
200800061060,0008-10-15 08:53:00,8,10,15,8,53,920,2,AUTOROUTE A10,,,Nuit sans éclairage public,Hors agglomération,Hors intersection,Normale,Deux véhicules - côté,,,,,,,,,,,3,1,1,1,3
200800061061,0008-10-15 17:51:00,8,10,15,17,51,940,34,AUTOROUTE A86,,,Plein jour,Hors agglomération,Hors intersection,Pluie légère,Deux véhicules - arrière,,,,,,,,,,,1,1,1,2,2
200800061062,0008-10-16 08:15:00,8,10,16,8,15,910,521,AUTOROUTE A6,,,Crépuscule ou aube,Hors agglomération,Hors intersection,Pluie légère,Deux véhicules - côté,,,,,,,,,,,2,1,1,2,3
200800061063,0008-10-16 10:35:00,8,10,16,10,35,910,136,RN 188 PARIS / A 10 PARI,,,Plein jour,Hors agglomération,Hors intersection,Normale,Autre collision,,,,,,,,,,,1,1,1,1,6
200800061064,0008-10-16 18:30:00,8,10,16,18,30,940,34,AUTOROUTE A86,,,Crépuscule ou aube,Hors agglomération,Hors intersection,Temps couvert,Trois véhicules et plus - en chaîne,,,,,,,,,,,2,1,1,8,4
200800061065,0008-10-17 07:35:00,8,10,17,7,35,920,19,RN 385 INT,,,Crépuscule ou aube,Hors agglomération,Hors intersection,Normale,Autre collision,,,,,,,,,,,2,1,1,1,6
200800061066,0008-10-17 07:55:00,8,10,17,7,55,910,286,AUTOROUTE A6,,,Crépuscule ou aube,Hors agglomération,Hors intersection,Normale,Deux véhicules - arrière,,,,,,,,,,,2,1,1,1,2
200800061067,0008-10-17 07:36:00,8,10,17,7,36,920,19,RN 385 INT,,,Nuit sans éclairage public,Hors agglomération,Hors intersection,Normale,Autre collision,,,,,,,,,,,3,1,1,1,6
200800061068,0008-10-17 17:20:00,8,10,17,17,20,910,136,RN 188 PARIS / A 10 PARI,,,Plein jour,Hors agglomération,Hors intersection,Normale,Deux véhicules - arrière,,,,,,,,,,,1,1,1,1,2
200800061069,0008-10-20 08:45:00,8,10,20,8,45,910,339,RN 104,,,Plein jour,Hors agglomération,Hors intersection,Normale,Sans collision,,,,,,,,,,,1,1,1,1,7
200800061070,0008-10-21 08:00:00,8,10,21,8,0,940,65,AUTOROUTE A106,,,Crépuscule ou aube,Hors agglomération,Hors intersection,Pluie légère,Sans collision,,,,,,,,,,,2,1,1,2,7
200800061071,0008-10-21 08:38:00,8,10,21,8,38,910,521,AUTOROUTE A6,,,Plein jour,Hors agglomération,Hors intersection,Pluie forte,Deux véhicules - arrière,,,,,,,,,,,1,1,1,3,2
200800061072,0008-10-21 07:25:00,8,10,21,7,25,910,689,AUTOROUTE A6,,,Nuit sans éclairage public,Hors agglomération,Hors intersection,Pluie légère,Autre collision,,,,,,,,,,,3,1,1,2,6
200800061073,0008-10-21 09:07:00,8,10,21,9,7,910,161,AUTOROUTE A6,,,Crépuscule ou aube,Hors agglomération,Hors intersection,Pluie légère,Sans collision,,,,,,,,,,,2,1,1,2,7
200800061074,0008-10-21 09:41:00,8,10,21,9,41,910,589,AUTOROUTE A6,,,Plein jour,Hors agglomération,Hors intersection,Pluie forte,Deux véhicules - côté,,,,,,,,,,,1,1,1,3,3
200800061075,0008-10-21 10:30:00,8,10,21,10,30,940,34,AUTOROUTE A86,,,Plein jour,Hors agglomération,Hors intersection,Pluie forte,Autre collision,,,,,,,,,,,1,1,1,3,6