accident_id,datetime,annee,mois,jour,heure,minute,departement,commune_insee,adresse,latitude,longitude,luminosite,agglomeration,intersection,meteo,collision,nb_vehicules,nb_usagers,nb_indemnes,nb_tues,nb_blesses_hosp,nb_blesses_legers,age_cond_1,age_cond_2,veh_type_cond_1,veh_type_cond_2,lum_code,agg_code,int_code,atm_code,col_code
200800061209,0008-10-27 11:30:00,8,10,27,11,30,690,386,"0, RUE CUVIER",,,Plein jour,En agglomération,Intersection en X,Pluie légère,Autre collision,,,,,,,,,,,1,2,2,2,6
200800061210,0008-10-27 13:50:00,8,10,27,13,50,690,383,"0, BOULEVARD MARIUS VIVI",,,Plein jour,En agglomération,Intersection en X,Pluie légère,Deux véhicules - côté,,,,,,,,,,,1,2,2,2,3
200800061211,0008-10-08 14:15:00,8,10,8,14,15,690,383,"25, COURS ALBERT THOMAS",,,Plein jour,En agglomération,Hors intersection,Pluie légère,Autre collision,,,,,,,,,,,1,2,1,2,6
200800061212,0008-10-31 10:20:00,8,10,31,10,20,690,383,"0, RUE SERVIENT",,,Plein jour,En agglomération,Hors intersection,Temps couvert,Autre collision,,,,,,,,,,,1,2,1,8,6
200800061213,0008-10-05 16:15:00,8,10,5,16,15,690,384,"01, RUE DE LA TERRASSE",,,Plein jour,En agglomération,Hors intersection,Normale,Autre collision,,,,,,,,,,,1,2,1,1,6
200800061214,0008-10-05 19:58:00,8,10,5,19,58,690,384,"63, RUE DE BELFORT",,,Nuit avec éclairage allumé,En agglomération,Hors intersection,Pluie légère,Autre collision,,,,,,,,,,,5,2,1,2,6
200800061215,0008-10-06 12:50:00,8,10,6,12,50,690,384,"10, RUE DE BELFORT",,,Plein jour,En agglomération,Intersection en T,Normale,Autre collision,,,,,,,,,,,1,2,3,1,6
200800061216,0008-10-12 16:10:00,8,10,12,16,10,690,384,"14, COURS D HERBOUVILLE",,,Plein jour,En agglomération,Hors intersection,Normale,Autre collision,,,,,,,,,,,1,2,1,1,6
200800061217,0008-10-01 08:30:00,8,10,1,8,30,330,80,AUTOROUTE A 62,,,Crépuscule ou aube,Hors agglomération,Hors intersection,Normale,Sans collision,,,,,,,,,,,2,1,1,1,7
200800061218,0008-10-01 15:45:00,8,10,1,15,45,330,318,AUTOROUTE A 63,,,Plein jour,Hors agglomération,Hors intersection,Normale,Sans collision,,,,,,,,,,,1,1,1,1,7
200800061219,0008-10-01 22:20:00,8,10,1,22,20,330,249,ROCADE A 630,,,Nuit avec éclairage allumé,Hors agglomération,Hors intersection,Normale,Deux véhicules - arrière,,,,,,,,,,,5,1,1,1,2
200800061220,0008-10-02 18:05:00,8,10,2,18,5,330,318,ROCADE A 630,,,Plein jour,Hors agglomération,Hors intersection,Pluie légère,Autre collision,,,,,,,,,,,1,1,1,2,6
200800061221,0008-10-03 08:50:00,8,10,3,8,50,330,39,ROCADE A 631,,,Plein jour,Hors agglomération,Hors intersection,Normale,Trois véhicules et plus - en chaîne,,,,,,,,,,,1,1,1,1,4
200800061222,0008-10-08 17:25:00,8,10,8,17,25,330,281,ROCADE A 630,,,Plein jour,Hors agglomération,Hors intersection,Normale,Trois véhicules et plus - en chaîne,,,,,,,,,,,1,1,1,1,4
200800061223,0008-10-08 17:05:00,8,10,8,17,5,330,63,ROCADE A 630,,,Plein jour,Hors agglomération,Hors intersection,Normale,Autre collision,,,,,,,,,,,1,1,1,1,6
200800061224,0008-10-12 00:55:00,8,10,12,0,55,330,162,ROCADE A 630,,,Nuit avec éclairage allumé,Hors agglomération,Hors intersection,Normale,Deux véhicules - côté,,,,,,,,,,,5,1,1,1,3
200800061225,0008-10-13 14:45:00,8,10,13,14,45,330,13,ROUTE NATIONALE 230,,,Plein jour,Hors agglomération,Hors intersection,Normale,Deux véhicules - arrière,,,,,,,,,,,1,1,1,1,2
200800061226,0008-10-13 16:00:00,8,10,13,16,0,330,192,ROCADE A 630,,,Plein jour,Hors agglomération,Hors intersection,Normale,Autre collision,,,,,,,,,,,1,1,1,1,6
200800061227,0008-10-14 14:15:00,8,10,14,14,15,330,550,ROCADE A 630,,,Plein jour,Hors agglomération,Hors intersection,Normale,Deux véhicules - arrière,,,,,,,,,,,1,1,1,1,2
200800061228,0008-10-15 17:05:00,8,10,15,17,5,330,550,ROCADE A 630,,,Plein jour,Hors agglomération,Hors intersection,Normale,Deux véhicules - côté,,,,,,,,,,,1,1,1,1,3
200800061229,0008-10-28 17:15:00,8,10,28,17,15,330,249,ROCADE A 630,,,Plein jour,Hors agglomération,Hors intersection,Normale,Deux véhicules - arrière,,,,,,,,,,,1,1,1,1,2
200800061230,0008-10-20 07:30:00,8,10,20,7,30,330,281,ROCADE A 630,,,Crépuscule ou aube,Hors agglomération,Hors intersection,Normale,Deux véhicules - côté,,,,,,,,,,,2,1,1,1,3
200800061231,0008-10-20 11:30:00,8,10,20,11,30,330,550,AUTOROUTE A 62,,,Plein jour,Hors agglomération,Hors intersection,Normale,Trois véhicules et plus - en chaîne,,,,,,,,,,,1,1,1,1,4
200800061232,0008-10-20 15:38:00,8,10,20,15,38,330,162,ROCADE A 630,,,Plein jour,Hors agglomération,Hors intersection,Normale,Autre collision,,,,,,,,,,,1,1,1,1,6
200800061233,0008-10-21 06:40:00,8,10,21,6,40,330,249,ROUTE NATIONALE 230,,,Nuit avec éclairage allumé,Hors agglomération,Hors intersection,Normale,Trois véhicules et plus - collisions multiples,,,,,,,,,,,5,1,1,1,5
200800061234,0008-10-21 15:20:00,8,10,21,15,20,330,80,AUTOROUTE A 62,,,Plein jour,Hors agglomération,Hors intersection,Pluie légère,Deux véhicules - arrière,,,,,,,,,,,1,1,1,2,2
200800061235,0008-10-21 16:40:00,8,10,21,16,40,330,318,ROCADE A 630,,,Plein jour,Hors agglomération,Hors intersection,Pluie légère,Trois véhicules et plus - collisions multiples,,,,,,,,,,,1,1,1,2,5
200800061236,0008-10-21 21:40:00,8,10,21,21,40,330,96,AUTOROUTE A 10,,,Nuit avec éclairage allumé,Hors agglomération,Hors intersection,Pluie légère,Deux véhicules - arrière,,,,,,,,,,,5,1,1,2,2
200800061237,0008-10-24 15:00:00,8,10,24,15,0,330,162,ROCADE A 630,,,Plein jour,Hors agglomération,Hors intersection,Normale,Deux véhicules - côté,,,,,,,,,,,1,1,1,1,3
200800061238,0008-10-27 11:20:00,8,10,27,11,20,330,318,AUTOROUTE A 63,,,Plein jour,Hors agglomération,Hors intersection,Pluie légère,Autre collision,,,,,,,,,,,1,1,1,2,6
200800061239,0008-10-27 17:00:00,8,10,27,17,0,330,318,ROCADE A 630,,,Plein jour,Hors agglomération,Hors intersection,Normale,Sans collision,,,,,,,,,,,1,1,1,1,7
200800061240,0008-10-29 09:10:00,8,10,29,9,10,330,318,AUTOROUTE A 63,,,Plein jour,Hors agglomération,Hors intersection,Pluie légère,Autre collision,,,,,,,,,,,1,1,1,2,6
200800061241,0008-10-30 07:45:00,8,10,30,7,45,330,318,ROCADE A 630,,,Nuit avec éclairage allumé,Hors agglomération,Hors intersection,Pluie légère,Sans collision,,,,,,,,,,,5,1,1,2,7
200800061242,0008-10-30 08:40:00,8,10,30,8,40,330,39,ROCADE A 630,,,Plein jour,Hors agglomération,Hors intersection,Pluie légère,Autre collision,,,,,,,,,,,1,1,1,2,6
200800061243,0008-10-30 08:20:00,8,10,30,8,20,330,318,ROCADE A 630,,,Nuit avec éclairage allumé,Hors agglomération,Hors intersection,Pluie légère,Autre collision,,,,,,,,,,,5,1,1,2,6
200800061244,0008-10-30 11:40:00,8,10,30,11,40,330,249,ROUTE NATIONALE 230,,,Plein jour,Hors agglomération,Hors intersection,Pluie légère,Autre collision,,,,,,,,,,,1,1,1,2,6
200800061245,0008-10-30 21:45:00,8,10,30,21,45,330,192,ROCADE A 630,,,Nuit avec éclairage allumé,Hors agglomération,Hors intersection,Pluie légère,Deux véhicules - arrière,,,,,,,,,,,5,1,1,2,2
200800061246,0008-10-31 08:00:00,8,10,31,8,0,330,318,AUTOROUTE A 63,,,Crépuscule ou aube,Hors agglomération,Hors intersection,Pluie légère,Autre collision,,,,,,,,,,,2,1,1,2,6
200800061247,0008-10-31 08:00:00,8,10,31,8,0,330,39,ROCADE A 631,,,Plein jour,Hors agglomération,Hors intersection,Pluie légère,Autre collision,,,,,,,,,,,1,1,1,2,6
200800061248,0008-10-31 23:20:00,8,10,31,23,20,330,397,AUTOROUTE A 10,,,Nuit avec éclairage allumé,Hors agglomération,Hors intersection,Pluie légère,Deux véhicules - côté,,,,,,,,,,,5,1,1,2,3
200800061249,0008-10-09 17:30:00,8,10,9,17,30,690,385,"77, QUAI PIERRE SCIZE",,,Crépuscule ou aube,En agglomération,Hors intersection,Normale,Deux véhicules - frontale,,,,,,,,,,,2,2,1,1,1
200800061250,0008-10-19 06:25:00,8,10,19,6,25,690,385,"61, QUAI PIERRE SCIZE",,,Nuit avec éclairage allumé,En agglomération,Hors intersection,Normale,Deux véhicules - côté,,,,,,,,,,,5,2,1,1,3
200800061251,0008-10-09 13:40:00,8,10,9,13,40,670,482,N.4 CONTOURNEMENT-SUD,,,Plein jour,Hors agglomération,Hors intersection,Pluie forte,Autre collision,,,,,,,,,,,1,1,1,3,6
200800061252,0008-10-09 14:00:00,8,10,9,14,0,670,482,Autoroute A.351,,,Plein jour,Hors agglomération,Hors intersection,Pluie légère,Deux véhicules - arrière,,,,,,,,,,,1,1,1,2,2
200800061253,0008-10-10 13:30:00,8,10,10,13,30,670,482,N.4 CONTOURNEMENT-SUD,,,Plein jour,Hors agglomération,Hors intersection,Normale,Deux véhicules - côté,,,,,,,,,,,1,1,1,1,3
200800061254,0008-10-21 11:55:00,8,10,21,11,55,540,459,Autoroute A 330,,,Plein jour,Hors agglomération,Hors intersection,Pluie légère,Autre collision,,,,,,,,,,,1,1,1,2,6
200800061255,0008-10-30 10:47:00,8,10,30,10,47,540,328,Autoroute A 33,,,Plein jour,Hors agglomération,Hors intersection,Normale,Deux véhicules - côté,,,,,,,,,,,1,1,1,1,3
200800061256,0008-10-07 14:30:00,8,10,7,14,30,570,463,Autoroute A31,,,Plein jour,Hors agglomération,Hors intersection,Normale,Deux véhicules - côté,,,,,,,,,,,1,1,1,1,3
200800061257,0008-10-06 20:40:00,8,10,6,20,40,570,303,Autoroute A31,,,Nuit avec éclairage allumé,Hors agglomération,Hors intersection,Pluie légère,Deux véhicules - côté,,,,,,,,,,,5,1,1,2,3
200800061258,0008-10-15 19:20:00,8,10,15,19,20,570,352,Autoroute A31,,,Nuit sans éclairage public,Hors agglomération,Hors intersection,Pluie légère,Deux véhicules - côté,,,,,,,,,,,3,1,1,2,3
200800061259,0008-10-12 05:20:00,8,10,12,5,20,690,387,AVENUE TONY GARNIER,,,Nuit avec éclairage allumé,En agglomération,Intersection en X,Normale,Deux véhicules - côté,,,,,,,,,,,5,2,2,1,3
200800061260,0008-10-05 19:50:00,8,10,5,19,50,690,387,RUE DE GERLAND,,,Nuit avec éclairage allumé,En agglomération,Intersection en X,Normale,Deux véhicules - frontale,,,,,,,,,,,5,2,2,1,1
200800061261,0008-10-15 09:30:00,8,10,15,9,30,690,387,AVENUE JEAN JAURES,,,Plein jour,En agglomération,Intersection en X,Normale,Sans collision,,,,,,,,,,,1,2,2,1,7
200800061262,0008-10-01 13:45:00,8,10,1,13,45,690,387,", RUE CHEVREUL",,,Plein jour,En agglomération,Hors intersection,Normale,Deux véhicules - côté,,,,,,,,,,,1,2,1,1,3
200800061263,0008-10-03 12:15:00,8,10,3,12,15,690,387,"0, GRANDE RUE DE LA GUIL",,,Plein jour,En agglomération,Intersection en X,Normale,Autre collision,,,,,,,,,,,1,2,2,1,6
200800061264,0008-10-07 13:25:00,8,10,7,13,25,690,387,AVENUE BERTHELOT,,,Plein jour,En agglomération,Intersection en X,Normale,Deux véhicules - côté,,,,,,,,,,,1,2,2,1,3
200800061265,0008-10-18 11:15:00,8,10,18,11,15,690,387,AVENUE LECLERC,,,Plein jour,En agglomération,Intersection en X,Normale,Deux véhicules - côté,,,,,,,,,,,1,2,2,1,3
200800061266,0008-10-23 11:25:00,8,10,23,11,25,690,387,AVENUE TONY GARNIER,,,Plein jour,En agglomération,Intersection en X,Normale,Deux véhicules - arrière,,,,,,,,,,,1,2,2,1,2
200800061267,0008-10-24 14:15:00,8,10,24,14,15,690,387,"215, RUE MARCEL MERIEUX",,,Plein jour,En agglomération,Hors intersection,Normale,Deux véhicules - arrière,,,,,,,,,,,1,2,1,1,2
200800061268,0008-10-28 16:50:00,8,10,28,16,50,690,387,"0, RUE SALOMON REINACH",,,Crépuscule ou aube,En agglomération,Intersection en X,Pluie légère,Deux véhicules - côté,,,,,,,,,,,2,2,2,2,3
200800061269,0008-10-27 15:40:00,8,10,27,15,40,690,387,"0, RUE DE GERLAND",,,Plein jour,En agglomération,Intersection en X,Pluie légère,Deux véhicules - côté,,,,,,,,,,,1,2,2,2,3
200800061270,0008-10-23 16:40:00,8,10,23,16,40,690,387,"189, RUE DE GERLAND",,,Plein jour,En agglomération,Hors intersection,Normale,Deux véhicules - côté,,,,,,,,,,,1,2,1,1,3
200800061271,0008-10-29 06:55:00,8,10,29,6,55,690,387,"1, QUAI CLAUDE BERNARD",,,Crépuscule ou aube,En agglomération,Hors intersection,Normale,Trois véhicules et plus - en chaîne,,,,,,,,,,,2,2,1,1,4
200800061272,0008-10-15 10:10:00,8,10,15,10,10,690,387,AVENUE JEAN JAURES,,,Plein jour,En agglomération,Intersection en X,Normale,Autre collision,,,,,,,,,,,1,2,2,1,6
200800061273,0008-10-02 11:00:00,8,10,2,11,0,690,388,AVENUE GENERAL FRERE,,,Plein jour,En agglomération,Intersection en X,Normale,Deux véhicules - côté,,,,,,,,,,,1,2,2,1,3
200800061274,0008-10-07 16:55:00,8,10,7,16,55,690,388,"44, RUE PIERRE DELORE",,,Plein jour,En agglomération,Hors intersection,Normale,Deux véhicules - côté,,,,,,,,,,,1,2,1,1,3
200800061275,0008-10-10 01:50:00,8,10,10,1,50,690,388,"296, AVENUE BERTHELOT",,,Nuit avec éclairage non allumé,En agglomération,Hors intersection,Normale,Autre collision,,,,,,,,,,,4,2,1,1,6
200800061276,0008-10-07 16:00:00,8,10,7,16,0,690,388,BOULEVARD AMBROISE PARE,,,Plein jour,En agglomération,Hors intersection,Normale,Deux véhicules - côté,,,,,,,,,,,1,2,1,1,3
200800061277,0008-10-03 19:40:00,8,10,3,19,40,690,388,AVENUE DES FRERES LUMIER,,,Nuit avec éclairage allumé,En agglomération,Hors intersection,Normale,Deux véhicules - côté,,,,,,,,,,,5,2,1,1,3
200800061278,0008-10-20 16:40:00,8,10,20,16,40,690,388,"10, AVENUE VIVIANI",,,Plein jour,En agglomération,Autre intersection,Normale,Deux véhicules - arrière,,,,,,,,,,,1,2,9,1,2
200800061279,0008-10-13 07:40:00,8,10,13,7,40,690,388,"46, AVENUE ROCKEFELLER",,,Plein jour,En agglomération,Hors intersection,Normale,Deux véhicules - côté,,,,,,,,,,,1,2,1,1,3
200800061280,0008-10-20 16:45:00,8,10,20,16,45,690,388,"14, RUE WAKATSUKI",,,Plein jour,En agglomération,Hors intersection,Normale,Deux véhicules - frontale,,,,,,,,,,,1,2,1,1,1
200800061281,0008-10-08 18:30:00,8,10,8,18,30,690,388,"00, RUE MARIUS BERLIET",,,Plein jour,En agglomération,Intersection en T,Pluie forte,Deux véhicules - arrière,,,,,,,,,,,1,2,3,3,2
200800061282,0008-10-14 20:05:00,8,10,14,20,5,690,388,", RUE GUILLAUME PARADIN",,,Nuit avec éclairage allumé,En agglomération,Hors intersection,Normale,Autre collision,,,,,,,,,,,5,2,1,1,6
200800061283,0008-10-16 20:25:00,8,10,16,20,25,690,388,"55, AVENUE JEAN MERMOZ",,,Nuit avec éclairage allumé,En agglomération,Intersection en X,Normale,Trois véhicules et plus - collisions multiples,,,,,,,,,,,5,2,2,1,5
200800061284,0008-10-17 08:40:00,8,10,17,8,40,690,388,"00, RUE JEAN SARRAZIN",,,Plein jour,En agglomération,Intersection en X,Normale,Deux véhicules - côté,,,,,,,,,,,1,2,2,1,3
200800061285,0008-10-20 07:10:00,8,10,20,7,10,690,388,"119, AVENUE PAUL SANTY",,,Nuit avec éclairage allumé,En agglomération,Hors intersection,Normale,Deux véhicules - arrière,,,,,,,,,,,5,2,1,1,2
200800061286,0008-10-24 19:08:00,8,10,24,19,8,690,388,AVENUE PAUL SANTY,,,Nuit avec éclairage allumé,En agglomération,Hors intersection,Normale,Deux véhicules - côté,,,,,,,,,,,5,2,1,1,3
200800061287,0008-10-25 22:45:00,8,10,25,22,45,690,388,BOULEVARD DES ETATS UNIS,,,Nuit avec éclairage allumé,En agglomération,Hors intersection,Normale,Autre collision,,,,,,,,,,,5,2,1,1,6
200800061288,0008-10-26 00:25:00,8,10,26,0,25,690,388,RUE LOUIS CHAPUY,,,Nuit avec éclairage allumé,En agglomération,Intersection en T,Normale,Sans collision,,,,,,,,,,,5,2,3,1,7
200800061289,0008-10-22 12:00:00,8,10,22,12,0,690,388,"00, AVENUE DES FRERES LU",,,Plein jour,En agglomération,Intersection en X,Pluie légère,Deux véhicules - côté,,,,,,,,,,,1,2,2,2,3
200800061290,0008-10-22 06:50:00,8,10,22,6,50,690,388,"0, RUE PROFESSEUR BEAUVI",,,Nuit avec éclairage allumé,En agglomération,Intersection en X,Pluie légère,Autre collision,,,,,,,,,,,5,2,2,2,6
200800061291,0008-10-15 18:00:00,8,10,15,18,0,690,388,"01, RUE JEAN SARRAZIN",,,Crépuscule ou aube,En agglomération,Hors intersection,Normale,Autre collision,,,,,,,,,,,2,2,1,1,6
200800061292,0008-10-29 17:40:00,8,10,29,17,40,690,388,RUE PROFESSEUR BEAUVISAG,,,Nuit avec éclairage allumé,En agglomération,Hors intersection,Pluie légère,Autre collision,,,,,,,,,,,5,2,1,2,6
200800061293,0008-10-30 09:35:00,8,10,30,9,35,690,388,AVENUE JEAN MERMOZ,,,Plein jour,En agglomération,Intersection en X,Normale,Sans collision,,,,,,,,,,,1,2,2,1,7
200800061294,0008-10-12 15:50:00,8,10,12,15,50,420,44,RN88,,,Plein jour,Hors agglomération,Hors intersection,Normale,Deux véhicules - côté,,,,,,,,,,,1,1,1,1,3
200800061295,0008-10-14 00:15:00,8,10,14,0,15,420,183,RN88,,,Nuit sans éclairage public,Hors agglomération,Hors intersection,Normale,Autre collision,,,,,,,,,,,3,1,1,1,6
200800061296,0008-10-27 17:20:00,8,10,27,17,20,420,330,A47,,,Plein jour,Hors agglomération,Hors intersection,Pluie légère,Deux véhicules - arrière,,,,,,,,,,,1,1,1,2,2
200800061297,0008-10-04 16:20:00,8,10,4,16,20,690,266,RD383   1.165 A 1.893,,,Plein jour,Hors agglomération,Hors intersection,Normale,Trois véhicules et plus - en chaîne,,,,,,,,,,,1,1,1,1,4
200800061298,0008-10-06 15:10:00,8,10,6,15,10,690,29,RD383   7.640 A 11.044,,,Plein jour,Hors agglomération,Hors intersection,Normale,Trois véhicules et plus - collisions multiples,,,,,,,,,,,1,1,1,1,5
200800061299,0008-10-08 11:00:00,8,10,8,11,0,10,376,A42   8.310 A 9.500,,,Plein jour,Hors agglomération,Hors intersection,Pluie forte,Deux véhicules - frontale,,,,,,,,,,,1,1,1,3,1
200800061300,0008-10-12 12:30:00,8,10,12,12,30,690,256,A42     0.560 A 4.020,,,Plein jour,Hors agglomération,Hors intersection,Pluie légère,Autre collision,,,,,,,,,,,1,1,1,2,6
200800061301,0008-10-14 10:50:00,8,10,14,10,50,10,238,A46N   7.065 A 9.020,,,Plein jour,Hors agglomération,Autre intersection,Normale,Trois véhicules et plus - collisions multiples,,,,,,,,,,,1,1,9,1,5
200800061302,0008-10-14 13:15:00,8,10,14,13,15,690,276,A7   8.630 A 10.992,,,Plein jour,Hors agglomération,Hors intersection,Normale,Autre collision,,,,,,,,,,,1,1,1,1,6
200800061303,0008-10-14 16:00:00,8,10,14,16,0,690,270,A46S   47.880 A 49.160,,,Plein jour,Hors agglomération,Hors intersection,Normale,Trois véhicules et plus - collisions multiples,,,,,,,,,,,1,1,1,1,5
200800061304,0008-10-14 13:30:00,8,10,14,13,30,690,276,A7   8.630 A 10.992,,,Plein jour,Hors agglomération,Hors intersection,Normale,Autre collision,,,,,,,,,,,1,1,1,1,6
200800061305,0008-10-15 09:20:00,8,10,15,9,20,380,184,A43   15.971 A 18.875,,,Plein jour,Hors agglomération,Hors intersection,Normale,Autre collision,,,,,,,,,,,1,1,1,1,6
200800061306,0008-10-16 14:15:00,8,10,16,14,15,690,271,RD302   0.000 A 0.400,,,Plein jour,Hors agglomération,Hors intersection,Pluie légère,Autre collision,,,,,,,,,,,1,1,1,2,6
200800061307,0008-10-18 21:30:00,8,10,18,21,30,690,29,A43   0.550 A 3.353,,,Nuit avec éclairage allumé,Hors agglomération,Hors intersection,Normale,Sans collision,,,,,,,,,,,5,1,1,1,7
200800061308,0008-10-20 13:00:00,8,10,20,13,0,10,249,A42   6.290 A 8.310,,,Plein jour,Hors agglomération,Hors intersection,Normale,Autre collision,,,,,,,,,,,1,1,1,1,6
200800061309,0008-10-20 16:20:00,8,10,20,16,20,690,29,A43   0.550 A 3.353,,,Plein jour,Hors agglomération,Hors intersection,Normale,Autre collision,,,,,,,,,,,1,1,1,1,6
200800061310,0008-10-21 08:35:00,8,10,21,8,35,10,249,A42   6.290 A 8.310,,,Plein jour,Hors agglomération,Hors intersection,Normale,Deux véhicules - côté,,,,,,,,,,,1,1,1,1,3
200800061311,0008-10-21 23:15:00,8,10,21,23,15,690,283,A46S   43.680 A 47.880,,,Nuit sans éclairage public,Hors agglomération,Hors intersection,Pluie légère,Autre collision,,,,,,,,,,,3,1,1,2,6
200800061312,0008-10-22 20:40:00,8,10,22,20,40,690,287,A43   9.894 A 13.029,,,Nuit sans éclairage public,Hors agglomération,Hors intersection,Normale,Trois véhicules et plus - collisions multiples,,,,,,,,,,,3,1,1,1,5
200800061313,0008-10-23 08:52:00,8,10,23,8,52,690,34,BPNL   37.781 A 41.124,,,Plein jour,Hors agglomération,Hors intersection,Normale,Trois véhicules et plus - en chaîne,,,,,,,,,,,1,1,1,1,4
200800061314,0008-10-23 19:25:00,8,10,23,19,25,690,272,A46S   57.400 A 61.010,,,Nuit sans éclairage public,Hors agglomération,Hors intersection,Normale,Trois véhicules et plus - en chaîne,,,,,,,,,,,3,1,1,1,4
200800061315,0008-10-24 17:45:00,8,10,24,17,45,690,266,RD383 2.321 A 3.750,,,Plein jour,Hors agglomération,Hors intersection,Normale,Sans collision,,,,,,,,,,,1,1,1,1,7
200800061316,0008-10-26 16:30:00,8,10,26,16,30,690,259,BUS (RD301)  2.800 A 4.4,,,Plein jour,Hors agglomération,Hors intersection,Normale,Autre collision,,,,,,,,,,,1,1,1,1,6
200800061317,0008-10-26 18:35:00,8,10,26,18,35,690,81,A6   449.510 A 451.640,,,Nuit avec éclairage allumé,Hors agglomération,Hors intersection,Normale,Deux véhicules - arrière,,,,,,,,,,,5,1,1,1,2
200800061318,0008-10-27 16:15:00,8,10,27,16,15,690,244,A6   451.640 A 451.790,,,Plein jour,Hors agglomération,Hors intersection,Pluie légère,Deux véhicules - arrière,,,,,,,,,,,1,1,1,2,2
200800061319,0008-10-28 14:25:00,8,10,28,14,25,690,294,A7   13.970 A 15.270,,,Plein jour,Hors agglomération,Hors intersection,Pluie légère,Autre collision,,,,,,,,,,,1,1,1,2,6
200800061320,0008-10-29 09:25:00,8,10,29,9,25,690,288,A43   13.029 A 15.971,,,Plein jour,Hors agglomération,Hors intersection,Normale,Sans collision,,,,,,,,,,,1,1,1,1,7
200800061321,0008-10-29 10:06:00,8,10,29,10,6,380,449,A43   18.875 A 21.100,,,Plein jour,Hors agglomération,Hors intersection,Pluie légère,Deux véhicules - arrière,,,,,,,,,,,1,1,1,2,2
200800061322,0008-10-31 08:35:00,8,10,31,8,35,690,281,A46S   49.160 A 53.980,,,Plein jour,Hors agglomération,Hors intersection,Normale,Deux véhicules - côté,,,,,,,,,,,1,1,1,1,3
200800061323,0008-10-08 16:15:00,8,10,8,16,15,690,389,RUE DES DOCKS,,,Plein jour,En agglomération,Intersection en X,Pluie légère,Autre collision,,,,,,,,,,,1,2,2,2,6
200800061324,0008-10-06 19:00:00,8,10,6,19,0,690,389,QUAI PAUL SEDALLIAN,,,Nuit avec éclairage allumé,En agglomération,Intersection en T,Normale,Deux véhicules - arrière,,,,,,,,,,,5,2,3,1,2
200800061325,0008-10-08 07:15:00,8,10,8,7,15,690,389,"0, RUE PROFESSEUR PATEL",,,Nuit sans éclairage public,En agglomération,Hors intersection,Pluie forte,Autre collision,,,,,,,,,,,3,2,1,3,6
200800061326,0008-10-15 12:50:00,8,10,15,12,50,690,389,PLACE DUMAS DE LOIRE,,,Plein jour,En agglomération,Intersection en T,Normale,Deux véhicules - côté,,,,,,,,,,,1,2,3,1,3
200800061327,0008-10-15 20:45:00,8,10,15,20,45,690,389,"0, RUE PROFESSEUR GUERIN",,,Nuit avec éclairage allumé,En agglomération,Hors intersection,Normale,Sans collision,,,,,,,,,,,5,2,1,1,7
200800061328,0008-10-17 16:55:00,8,10,17,16,55,690,389,"12, RUE SYLVAIN SIMONDAN",,,Plein jour,En agglomération,Hors intersection,Normale,Trois véhicules et plus - en chaîne,,,,,,,,,,,1,2,1,1,4
200800061329,0008-10-21 13:15:00,8,10,21,13,15,690,389,QUAI PAUL SEDALLIAN,,,Plein jour,En agglomération,Hors intersection,Normale,Deux véhicules - arrière,,,,,,,,,,,1,2,1,1,2
200800061330,0008-10-29 16:55:00,8,10,29,16,55,690,389,"21, QUAI ARLOING",,,Crépuscule ou aube,En agglomération,Hors intersection,Normale,Deux véhicules - côté,,,,,,,,,,,2,2,1,1,3
200800061331,0008-10-03 14:30:00,8,10,3,14,30,830,137,A57,,,Plein jour,Hors agglomération,Hors intersection,Normale,Trois véhicules et plus - collisions multiples,,,,,,,,,,,1,1,1,1,5
200800061332,0008-10-03 19:50:00,8,10,3,19,50,830,90,A50,,,Nuit sans éclairage public,Hors agglomération,Hors intersection,Vent fort / tempête,Sans collision,,,,,,,,,,,3,1,1,6,7
200800061333,0008-10-10 11:00:00,8,10,10,11,0,830,62,A570,,,Plein jour,Hors agglomération,Hors intersection,Normale,Sans collision,,,,,,,,,,,1,1,1,1,7
200800061334,0008-10-13 10:10:00,8,10,13,10,10,830,137,A50,,,Plein jour,Hors agglomération,Hors intersection,Normale,Sans collision,,,,,,,,,,,1,1,1,1,7
200800061335,0008-10-13 22:00:00,8,10,13,22,0,830,126,A50,,,Nuit avec éclairage allumé,Hors agglomération,Hors intersection,Normale,Deux véhicules - arrière,,,,,,,,,,,5,1,1,1,2
200800061336,0008-10-22 17:22:00,8,10,22,17,22,830,144,A57,,,Plein jour,Hors agglomération,Hors intersection,Pluie légère,Deux véhicules - arrière,,,,,,,,,,,1,1,1,2,2
200800061337,0008-10-27 18:00:00,8,10,27,18,0,830,144,A57,,,Nuit avec éclairage allumé,Hors agglomération,Hors intersection,Normale,Deux véhicules - côté,,,,,,,,,,,5,1,1,1,3
200800061338,0008-10-29 18:56:00,8,10,29,18,56,830,144,A57,,,Nuit avec éclairage allumé,Hors agglomération,Hors intersection,Normale,Trois véhicules et plus - en chaîne,,,,,,,,,,,5,1,1,1,4
200800061339,0008-10-06 12:00:00,8,10,6,12,0,130,215,A7-Sens Marseille vers L,,,Plein jour,Hors agglomération,Hors intersection,Normale,Trois véhicules et plus - en chaîne,,,,,,,,,,,1,1,1,1,4