accident_id,datetime,annee,mois,jour,heure,minute,departement,commune_insee,adresse,latitude,longitude,luminosite,agglomeration,intersection,meteo,collision,nb_vehicules,nb_usagers,nb_indemnes,nb_tues,nb_blesses_hosp,nb_blesses_legers,age_cond_1,age_cond_2,veh_type_cond_1,veh_type_cond_2,lum_code,agg_code,int_code,atm_code,col_code
200800061340,0008-10-01 12:05:00,8,10,1,12,5,130,215,A7-Sens Lyon vers Marsei,,,Plein jour,Hors agglomération,Hors intersection,Normale,Trois véhicules et plus - en chaîne,,,,,,,,,,,1,1,1,1,4
200800061341,0008-10-07 16:48:00,8,10,7,16,48,130,43,A55-Sens Marseille vers,,,Plein jour,Hors agglomération,Hors intersection,Normale,Autre collision,,,,,,,,,,,1,1,1,1,6
200800061342,0008-10-01 18:35:00,8,10,1,18,35,130,215,A7-Sens Marseille vers L,,,Plein jour,Hors agglomération,Hors intersection,Normale,Trois véhicules et plus - en chaîne,,,,,,,,,,,1,1,1,1,4
200800061343,0008-10-01 18:40:00,8,10,1,18,40,130,5,A50-Sens Aubagne vers Ma,,,Plein jour,Hors agglomération,Hors intersection,Normale,Trois véhicules et plus - en chaîne,,,,,,,,,,,1,1,1,1,4
200800061344,0008-10-04 16:15:00,8,10,4,16,15,130,71,A7-Sens Lyon vers Marsei,,,Plein jour,Hors agglomération,Hors intersection,Normale,Deux véhicules - arrière,,,,,,,,,,,1,1,1,1,2
200800061345,0008-10-03 08:20:00,8,10,3,8,20,130,215,A7-Sens Marseille vers L,,,Plein jour,Hors agglomération,Hors intersection,Normale,Deux véhicules - arrière,,,,,,,,,,,1,1,1,1,2
200800061346,0008-10-03 15:30:00,8,10,3,15,30,130,215,A7-Sens Marseille vers L,,,Plein jour,Hors agglomération,Hors intersection,Normale,Deux véhicules - arrière,,,,,,,,,,,1,1,1,1,2
200800061347,0008-10-04 15:08:00,8,10,4,15,8,130,106,A7-Sens Lyon vers Marsei,,,Plein jour,Hors agglomération,Hors intersection,Normale,Deux véhicules - côté,,,,,,,,,,,1,1,1,1,3
200800061348,0008-10-04 20:40:00,8,10,4,20,40,130,71,A7-Sens Marseille vers L,,,Nuit sans éclairage public,Hors agglomération,Hors intersection,Normale,Deux véhicules - arrière,,,,,,,,,,,3,1,1,1,2
200800061349,0008-10-06 18:45:00,8,10,6,18,45,130,5,A50-Sens Marseille vers,,,Plein jour,Hors agglomération,Hors intersection,Normale,Deux véhicules - arrière,,,,,,,,,,,1,1,1,1,2
200800061350,0008-10-08 08:30:00,8,10,8,8,30,130,71,A7-Sens Lyon vers Marsei,,,Plein jour,Hors agglomération,Hors intersection,Pluie forte,Deux véhicules - côté,,,,,,,,,,,1,1,1,3,3
200800061351,0008-10-08 08:40:00,8,10,8,8,40,130,85,A50-Sens Aubagne vers To,,,Plein jour,Hors agglomération,Hors intersection,Pluie forte,Autre collision,,,,,,,,,,,1,1,1,3,6
200800061352,0008-10-08 08:40:00,8,10,8,8,40,130,215,A7-Sens Marseille vers L,,,Plein jour,Hors agglomération,Hors intersection,Pluie forte,Trois véhicules et plus - en chaîne,,,,,,,,,,,1,1,1,3,4
200800061353,0008-10-08 09:30:00,8,10,8,9,30,130,56,A55-Sens Martigues vers,,,Plein jour,Hors agglomération,Hors intersection,Pluie forte,Sans collision,,,,,,,,,,,1,1,1,3,7
200800061354,0008-10-08 10:00:00,8,10,8,10,0,130,56,A55-Sens Martigues vers,,,Plein jour,Hors agglomération,Hors intersection,Pluie légère,Deux véhicules - côté,,,,,,,,,,,1,1,1,2,3
200800061355,0008-10-08 16:15:00,8,10,8,16,15,130,56,A55-Sens Marseille vers,,,Plein jour,Hors agglomération,Hors intersection,Pluie forte,Autre collision,,,,,,,,,,,1,1,1,3,6
200800061356,0008-10-08 18:20:00,8,10,8,18,20,130,5,A52-Sens Pont de l'Etoil,,,Plein jour,Hors agglomération,Hors intersection,Temps couvert,Deux véhicules - arrière,,,,,,,,,,,1,1,1,8,2
200800061357,0008-10-08 18:50:00,8,10,8,18,50,130,71,A55 - Sens Marseille ver,,,Nuit sans éclairage public,Hors agglomération,Hors intersection,Pluie forte,Autre collision,,,,,,,,,,,3,1,1,3,6
200800061358,0008-10-09 09:10:00,8,10,9,9,10,130,5,A502-Sens Aubagne vers T,,,Plein jour,Hors agglomération,Hors intersection,Pluie forte,Sans collision,,,,,,,,,,,1,1,1,3,7
200800061359,0008-10-09 19:50:00,8,10,9,19,50,130,215,A7-Sens Lyon vers Marsei,,,Nuit sans éclairage public,Hors agglomération,Hors intersection,Normale,Deux véhicules - arrière,,,,,,,,,,,3,1,1,1,2
200800061360,0008-10-09 22:40:00,8,10,9,22,40,130,215,A7-Sens Marseille vers L,,,Nuit sans éclairage public,Hors agglomération,Hors intersection,Normale,Autre collision,,,,,,,,,,,3,1,1,1,6
200800061361,0008-10-04 16:30:00,8,10,4,16,30,130,71,A7-Sens Lyon vers Marsei,,,Plein jour,Hors agglomération,Hors intersection,Normale,Deux véhicules - arrière,,,,,,,,,,,1,1,1,1,2
200800061362,0008-10-10 09:05:00,8,10,10,9,5,130,206,Tunnel Prado Carénage,,,Nuit avec éclairage allumé,Hors agglomération,Hors intersection,Normale,Deux véhicules - arrière,,,,,,,,,,,5,1,1,1,2
200800061363,0008-10-10 09:15:00,8,10,10,9,15,130,211,A50-Sens Aubagne vers Ma,,,Plein jour,Hors agglomération,Hors intersection,Normale,Trois véhicules et plus - en chaîne,,,,,,,,,,,1,1,1,1,4
200800061364,0008-10-10 12:45:00,8,10,10,12,45,130,210,Tunnel Prado Carénage,,,Plein jour,Hors agglomération,Hors intersection,Normale,Trois véhicules et plus - en chaîne,,,,,,,,,,,1,1,1,1,4
200800061365,0008-10-10 18:09:00,8,10,10,18,9,130,71,A51-Sens Marseille vers,,,Plein jour,Hors agglomération,Hors intersection,Normale,Deux véhicules - arrière,,,,,,,,,,,1,1,1,1,2
200800061366,0008-10-11 12:35:00,8,10,11,12,35,130,211,A50-Sens Aubagne vers Ma,,,Plein jour,Hors agglomération,Hors intersection,Normale,Trois véhicules et plus - en chaîne,,,,,,,,,,,1,1,1,1,4
200800061367,0008-10-11 14:50:00,8,10,11,14,50,130,203,A7-Sens Lyon vers Marsei,,,Plein jour,Hors agglomération,Hors intersection,Normale,Deux véhicules - arrière,,,,,,,,,,,1,1,1,1,2
200800061368,0008-10-12 03:55:00,8,10,12,3,55,130,203,A7-Sens Marseille vers L,,,Nuit avec éclairage allumé,Hors agglomération,Hors intersection,Normale,Deux véhicules - frontale,,,,,,,,,,,5,1,1,1,1
200800061369,0008-10-13 07:10:00,8,10,13,7,10,130,1,A51-Sens Aix en Provence,,,Crépuscule ou aube,Hors agglomération,Hors intersection,Normale,Deux véhicules - côté,,,,,,,,,,,2,1,1,1,3
200800061370,0008-10-13 19:25:00,8,10,13,19,25,130,26,A55-Sens Marseille vers,,,Nuit sans éclairage public,Hors agglomération,Hors intersection,Normale,Deux véhicules - arrière,,,,,,,,,,,3,1,1,1,2
200800061371,0008-10-15 07:15:00,8,10,15,7,15,130,19,A51-Sens Marseille vers,,,Crépuscule ou aube,Hors agglomération,Hors intersection,Normale,Autre collision,,,,,,,,,,,2,1,1,1,6
200800061372,0008-10-15 07:40:00,8,10,15,7,40,130,211,A50-Sens Aubagne vers Ma,,,Crépuscule ou aube,Hors agglomération,Hors intersection,Normale,Sans collision,,,,,,,,,,,2,1,1,1,7
200800061373,0008-10-15 12:00:00,8,10,15,12,0,130,15,A51-Sens Marseille vers,,,Plein jour,Hors agglomération,Hors intersection,Normale,Autre collision,,,,,,,,,,,1,1,1,1,6
200800061374,0008-10-16 17:38:00,8,10,16,17,38,130,214,A7-Sens Lyon vers Marsei,,,Plein jour,Hors agglomération,Hors intersection,Normale,Deux véhicules - arrière,,,,,,,,,,,1,1,1,1,2
200800061375,0008-10-16 19:35:00,8,10,16,19,35,130,1,A51-Sens Aix en Provence,,,Nuit sans éclairage public,Hors agglomération,Hors intersection,Normale,Deux véhicules - côté,,,,,,,,,,,3,1,1,1,3
200800061376,0008-10-16 20:10:00,8,10,16,20,10,130,5,A52-Sens Pont de l'Etoil,,,Nuit avec éclairage allumé,Hors agglomération,Hors intersection,Normale,Deux véhicules - côté,,,,,,,,,,,5,1,1,1,3
200800061377,0008-10-17 07:08:00,8,10,17,7,8,130,1,A51-Sens Marseille vers,,,Crépuscule ou aube,Hors agglomération,Hors intersection,Normale,Sans collision,,,,,,,,,,,2,1,1,1,7
200800061378,0008-10-17 12:50:00,8,10,17,12,50,130,215,A7-Sens Lyon vers Marsei,,,Plein jour,Hors agglomération,Hors intersection,Normale,Trois véhicules et plus - en chaîne,,,,,,,,,,,1,1,1,1,4
200800061379,0008-10-17 14:50:00,8,10,17,14,50,130,106,A51-Sens Aix en Provence,,,Plein jour,Hors agglomération,Hors intersection,Normale,Deux véhicules - arrière,,,,,,,,,,,1,1,1,1,2
200800061380,0008-10-18 18:20:00,8,10,18,18,20,130,211,A50-Sens Aubagne vers Ma,,,Plein jour,Hors agglomération,Hors intersection,Normale,Trois véhicules et plus - en chaîne,,,,,,,,,,,1,1,1,1,4
200800061381,0008-10-18 20:35:00,8,10,18,20,35,130,215,A55-Sens Marseille vers,,,Nuit sans éclairage public,Hors agglomération,Hors intersection,Normale,Autre collision,,,,,,,,,,,3,1,1,1,6
200800061382,0008-10-18 21:18:00,8,10,18,21,18,130,71,A7-Sens Marseille vers L,,,Nuit sans éclairage public,Hors agglomération,Hors intersection,Normale,Autre collision,,,,,,,,,,,3,1,1,1,6
200800061383,0008-10-18 21:25:00,8,10,18,21,25,130,215,A7-Sens Marseille vers L,,,Nuit sans éclairage public,Hors agglomération,Hors intersection,Normale,Autre collision,,,,,,,,,,,3,1,1,1,6
200800061384,0008-10-19 19:30:00,8,10,19,19,30,130,71,A51-Sens Aix en Provence,,,Nuit sans éclairage public,Hors agglomération,Hors intersection,Normale,Deux véhicules - arrière,,,,,,,,,,,3,1,1,1,2
200800061385,0008-10-20 07:50:00,8,10,20,7,50,130,5,A501-Sens Pont de l'Etoi,,,Plein jour,Hors agglomération,Hors intersection,Normale,Autre collision,,,,,,,,,,,1,1,1,1,6
200800061386,0008-10-20 12:30:00,8,10,20,12,30,130,5,A50-Sens Marseille vers,,,Plein jour,Hors agglomération,Hors intersection,Normale,Sans collision,,,,,,,,,,,1,1,1,1,7
200800061387,0008-10-20 17:38:00,8,10,20,17,38,130,56,A55-Sens Marseille vers,,,Plein jour,Hors agglomération,Hors intersection,Pluie légère,Sans collision,,,,,,,,,,,1,1,1,2,7
200800061388,0008-10-20 19:00:00,8,10,20,19,0,130,117,A7-Sens Lyon vers Marsei,,,Nuit sans éclairage public,Hors agglomération,Hors intersection,Normale,Autre collision,,,,,,,,,,,3,1,1,1,6
200800061389,0008-10-25 16:00:00,8,10,25,16,0,130,106,A7-Sens Marseille vers L,,,Plein jour,Hors agglomération,Hors intersection,Normale,Trois véhicules et plus - collisions multiples,,,,,,,,,,,1,1,1,1,5
200800061390,0008-10-25 08:26:00,8,10,25,8,26,130,71,A7-Sens Marseille vers L,,,Nuit sans éclairage public,Hors agglomération,Hors intersection,Normale,Autre collision,,,,,,,,,,,3,1,1,1,6
200800061391,0008-10-27 06:00:00,8,10,27,6,0,130,5,A50-Sens Marseille vers,,,Nuit sans éclairage public,Hors agglomération,Hors intersection,Normale,Sans collision,,,,,,,,,,,3,1,1,1,7
200800061392,0008-10-27 09:22:00,8,10,27,9,22,130,215,A7-Sens Marseille vers L,,,Plein jour,Hors agglomération,Hors intersection,Normale,Autre collision,,,,,,,,,,,1,1,1,1,6
200800061393,0008-10-28 00:55:00,8,10,28,0,55,130,117,A7-Sens Marseille vers L,,,Nuit sans éclairage public,Hors agglomération,Hors intersection,Normale,Deux véhicules - côté,,,,,,,,,,,3,1,1,1,3
200800061394,0008-10-28 13:10:00,8,10,28,13,10,130,215,A7-Sens Marseille vers L,,,Plein jour,Hors agglomération,Hors intersection,Pluie forte,Deux véhicules - arrière,,,,,,,,,,,1,1,1,3,2
200800061395,0008-10-28 16:59:00,8,10,28,16,59,130,202,A55-Sens Martigues vers,,,Plein jour,Hors agglomération,Hors intersection,Temps couvert,Deux véhicules - arrière,,,,,,,,,,,1,1,1,8,2
200800061396,0008-10-28 19:11:00,8,10,28,19,11,130,216,A55-Sens Martigues vers,,,Nuit avec éclairage allumé,Hors agglomération,Hors intersection,Temps couvert,Deux véhicules - côté,,,,,,,,,,,5,1,1,8,3
200800061397,0008-10-28 21:05:00,8,10,28,21,5,130,202,A55-Sens Marseille vers,,,Nuit avec éclairage allumé,Hors agglomération,Hors intersection,Autre,Deux véhicules - arrière,,,,,,,,,,,5,1,1,9,2
200800061398,0008-10-29 17:50:00,8,10,29,17,50,130,202,A55-Sens Martigues vers,,,Crépuscule ou aube,Hors agglomération,Hors intersection,Normale,Deux véhicules - arrière,,,,,,,,,,,2,1,1,1,2
200800061399,0008-10-30 07:50:00,8,10,30,7,50,130,81,A7-Sens Lyon vers Marsei,,,Plein jour,Hors agglomération,Hors intersection,Normale,Deux véhicules - arrière,,,,,,,,,,,1,1,1,1,2
200800061400,0008-10-30 08:20:00,8,10,30,8,20,130,15,A515CD-Gardanne vers A51,,,Plein jour,Hors agglomération,Hors intersection,Temps couvert,Sans collision,,,,,,,,,,,1,1,1,8,7
200800061401,0008-10-31 12:20:00,8,10,31,12,20,130,1,A51-Sens Marseille vers,,,Plein jour,Hors agglomération,Hors intersection,Pluie légère,Trois véhicules et plus - en chaîne,,,,,,,,,,,1,1,1,2,4
200800061402,0008-10-31 13:50:00,8,10,31,13,50,130,71,A7-Sens Lyon vers Marsei,,,Plein jour,Hors agglomération,Hors intersection,Pluie légère,Autre collision,,,,,,,,,,,1,1,1,2,6
200800061403,0008-10-31 16:30:00,8,10,31,16,30,130,26,A55-Sens Marseille vers,,,Plein jour,Hors agglomération,Hors intersection,Pluie légère,Autre collision,,,,,,,,,,,1,1,1,2,6
200800061404,0008-10-31 17:00:00,8,10,31,17,0,130,216,A55-Sens Marseille vers,,,Plein jour,Hors agglomération,Hors intersection,Pluie légère,Autre collision,,,,,,,,,,,1,1,1,2,6
200800061405,0008-10-01 05:20:00,8,10,1,5,20,750,101,"4, SOUTERRAIN RAMBUTEAU",,,Nuit avec éclairage allumé,En agglomération,Hors intersection,Normale,Autre collision,,,,,,,,,,,5,2,1,1,6
200800061406,0008-10-02 09:15:00,8,10,2,9,15,750,101,SOUTERRAIN TUILERIES,,,Plein jour,En agglomération,Hors intersection,Normale,Deux véhicules - arrière,,,,,,,,,,,1,2,1,1,2
200800061407,0008-10-02 14:45:00,8,10,2,14,45,750,101,"256, RUE DE RIVOLI",,,Plein jour,En agglomération,Hors intersection,Normale,Deux véhicules - arrière,,,,,,,,,,,1,2,1,1,2
200800061408,0008-10-03 04:10:00,8,10,3,4,10,750,101,PONT DU CARROUSEL,,,Nuit avec éclairage allumé,En agglomération,Intersection en X,Normale,Autre collision,,,,,,,,,,,5,2,2,1,6
200800061409,0008-10-04 06:20:00,8,10,4,6,20,750,101,"134, RUE DE RIVOLI",,,Nuit avec éclairage allumé,En agglomération,Intersection en X,Normale,Deux véhicules - arrière,,,,,,,,,,,5,2,2,1,2
200800061410,0008-10-05 05:30:00,8,10,5,5,30,750,101,SOUTERRAIN PONT NEUF,,,Nuit avec éclairage allumé,En agglomération,Hors intersection,Pluie forte,Autre collision,,,,,,,,,,,5,2,1,3,6
200800061411,0008-10-08 08:50:00,8,10,8,8,50,750,101,"202, RUE SAINT HONORE",,,Plein jour,En agglomération,Intersection en X,Normale,Autre collision,,,,,,,,,,,1,2,2,1,6
200800061412,0008-10-08 17:30:00,8,10,8,17,30,750,101,PLACE VENDOME,,,Plein jour,En agglomération,Hors intersection,Normale,Deux véhicules - côté,,,,,,,,,,,1,2,1,1,3
200800061413,0008-10-09 07:50:00,8,10,9,7,50,750,101,RUE CROIX DES PETITS CHA,,,Crépuscule ou aube,En agglomération,Intersection en X,Normale,Deux véhicules - côté,,,,,,,,,,,2,2,2,1,3
200800061414,0008-10-10 08:25:00,8,10,10,8,25,750,101,"23, BOULEVARD DE SEBASTO",,,Plein jour,En agglomération,Hors intersection,Normale,Sans collision,,,,,,,,,,,1,2,1,1,7
200800061415,0008-10-15 20:12:00,8,10,15,20,12,750,101,AVENUE DE L OPERA,,,Nuit avec éclairage allumé,En agglomération,Intersection en X,Normale,Deux véhicules - côté,,,,,,,,,,,5,2,2,1,3
200800061416,0008-10-16 11:00:00,8,10,16,11,0,750,101,"I 7101, PONT NEUF",,,Plein jour,En agglomération,Intersection en X,Normale,Autre collision,,,,,,,,,,,1,2,2,1,6
200800061417,0008-10-16 11:30:00,8,10,16,11,30,750,101,"1, BOULEVARD DE SEBASTOP",,,Plein jour,En agglomération,Intersection en X,Pluie légère,Deux véhicules - côté,,,,,,,,,,,1,2,2,2,3
200800061418,0008-10-22 14:20:00,8,10,22,14,20,750,101,"37, RUE SAINTE ANNE",,,Plein jour,En agglomération,Hors intersection,Normale,Autre collision,,,,,,,,,,,1,2,1,1,6
200800061419,0008-10-22 13:30:00,8,10,22,13,30,750,101,"2, RUE DE L AMIRAL DE CO",,,Plein jour,En agglomération,Intersection en T,Normale,Autre collision,,,,,,,,,,,1,2,3,1,6
200800061420,0008-10-24 15:50:00,8,10,24,15,50,750,101,PLACE DU CHATELET,,,Plein jour,En agglomération,Intersection en X,Normale,Deux véhicules - côté,,,,,,,,,,,1,2,2,1,3
200800061421,0008-10-25 00:30:00,8,10,25,0,30,750,101,BOULEVARD DE SEBASTOPOL,,,Nuit avec éclairage allumé,En agglomération,Intersection en X,Normale,Deux véhicules - côté,,,,,,,,,,,5,2,2,1,3
200800061422,0008-10-25 16:00:00,8,10,25,16,0,750,101,QUAI DE LA MEGISSERIE,,,Plein jour,En agglomération,Hors intersection,Normale,Deux véhicules - côté,,,,,,,,,,,1,2,1,1,3
200800061423,0008-10-27 22:20:00,8,10,27,22,20,750,101,"128, RUE DE RIVOLI",,,Nuit avec éclairage allumé,En agglomération,Hors intersection,Temps couvert,Sans collision,,,,,,,,,,,5,2,1,8,7
200800061424,0008-10-30 14:00:00,8,10,30,14,0,750,101,"178, RUE DE RIVOLI",,,Plein jour,En agglomération,Hors intersection,Normale,Sans collision,,,,,,,,,,,1,2,1,1,7
200800061425,0008-10-01 18:10:00,8,10,1,18,10,750,102,"16, RUE NOTRE DAME DES V",,,Plein jour,En agglomération,Hors intersection,Normale,Autre collision,,,,,,,,,,,1,2,1,1,6
200800061426,0008-10-02 15:00:00,8,10,2,15,0,750,102,"25, BOULEVARD POISSONNIE",,,Plein jour,En agglomération,Hors intersection,Pluie légère,Sans collision,,,,,,,,,,,1,2,1,2,7
200800061427,0008-10-06 01:00:00,8,10,6,1,0,750,102,RUE D ABOUKIR,,,Nuit avec éclairage allumé,En agglomération,Intersection en X,Pluie légère,Sans collision,,,,,,,,,,,5,2,2,2,7
200800061428,0008-10-08 21:10:00,8,10,8,21,10,750,102,RUE DU QUATRE SEPTEMBRE,,,Nuit avec éclairage allumé,En agglomération,Intersection en X,Normale,Deux véhicules - côté,,,,,,,,,,,5,2,2,1,3
200800061429,0008-10-10 10:30:00,8,10,10,10,30,750,102,"96, RUE REAUMUR",,,Plein jour,En agglomération,Intersection en X,Normale,Deux véhicules - côté,,,,,,,,,,,1,2,2,1,3
200800061430,0008-10-11 17:25:00,8,10,11,17,25,750,102,"117, RUE MONTMARTRE",,,Plein jour,En agglomération,Intersection en Y,Normale,Deux véhicules - côté,,,,,,,,,,,1,2,4,1,3
200800061431,0008-10-16 18:35:00,8,10,16,18,35,750,102,"73, RUE REAUMUR",,,Plein jour,En agglomération,Intersection en T,Normale,Autre collision,,,,,,,,,,,1,2,3,1,6
200800061432,0008-10-23 16:10:00,8,10,23,16,10,750,102,"36, AVENUE DE L OPERA",,,Plein jour,En agglomération,Intersection en T,Normale,Deux véhicules - côté,,,,,,,,,,,1,2,3,1,3
200800061433,0008-10-27 16:45:00,8,10,27,16,45,750,102,"123, BOULEVARD DE SEBAST",,,Plein jour,En agglomération,Hors intersection,Pluie légère,Sans collision,,,,,,,,,,,1,2,1,2,7
200800061434,0008-10-28 12:40:00,8,10,28,12,40,750,102,"2, PLACE DE L OPERA",,,Plein jour,En agglomération,Intersection à plus de 4 branches,Normale,Deux véhicules - côté,,,,,,,,,,,1,2,5,1,3
200800061435,0008-10-29 09:05:00,8,10,29,9,5,750,102,"97, RUE REAUMUR",,,Plein jour,En agglomération,Intersection en X,Normale,Autre collision,,,,,,,,,,,1,2,2,1,6
200800061436,0008-10-30 04:45:00,8,10,30,4,45,750,102,BOULEVARD DES ITALIENS,,,Nuit avec éclairage allumé,En agglomération,Intersection en T,Normale,Deux véhicules - côté,,,,,,,,,,,5,2,3,1,3
200800061437,0008-10-29 22:00:00,8,10,29,22,0,750,102,"105, BOULEVARD DE SEBAST",,,Nuit avec éclairage allumé,En agglomération,Intersection en X,Normale,Deux véhicules - côté,,,,,,,,,,,5,2,2,1,3
200800061438,0008-10-01 12:00:00,8,10,1,12,0,750,103,"45, RUE DE SAINTONGE",,,Plein jour,En agglomération,Hors intersection,Normale,Autre collision,,,,,,,,,,,1,2,1,1,6
200800061439,0008-10-01 17:40:00,8,10,1,17,40,750,103,"29, BOULEVARD DU TEMPLE",,,Plein jour,En agglomération,Intersection en Y,Normale,Deux véhicules - côté,,,,,,,,,,,1,2,4,1,3
200800061440,0008-10-05 15:35:00,8,10,5,15,35,750,103,"45, BOULEVARD BEAUMARCHA",,,Plein jour,En agglomération,Hors intersection,Temps couvert,Autre collision,,,,,,,,,,,1,2,1,8,6
200800061441,0008-10-08 11:45:00,8,10,8,11,45,750,103,"33, BOULEVARD DU TEMPLE",,,Plein jour,En agglomération,Intersection en T,Normale,Trois véhicules et plus - en chaîne,,,,,,,,,,,1,2,3,1,4
200800061442,0008-10-10 22:30:00,8,10,10,22,30,750,103,"33, BOULEVARD BEAUMARCHA",,,Nuit avec éclairage allumé,En agglomération,Hors intersection,Normale,Sans collision,,,,,,,,,,,5,2,1,1,7
200800061443,0008-10-11 21:30:00,8,10,11,21,30,750,103,"25, RUE REAUMUR",,,Nuit avec éclairage allumé,En agglomération,Intersection en X,Normale,Deux véhicules - arrière,,,,,,,,,,,5,2,2,1,2
200800061444,0008-10-14 09:24:00,8,10,14,9,24,750,101,"19, AVENUE DE L OPERA",,,Plein jour,En agglomération,Hors intersection,Normale,Deux véhicules - côté,,,,,,,,,,,1,2,1,1,3
200800061445,0008-10-14 18:05:00,8,10,14,18,5,750,103,"60, BOULEVARD DE SEBASTO",,,Plein jour,En agglomération,Intersection en X,Normale,Deux véhicules - côté,,,,,,,,,,,1,2,2,1,3
200800061446,0008-10-17 09:35:00,8,10,17,9,35,750,103,"5, RUE SAINT CLAUDE",,,Plein jour,En agglomération,Intersection en X,Normale,Sans collision,,,,,,,,,,,1,2,2,1,7
200800061447,0008-10-17 21:50:00,8,10,17,21,50,750,103,"37, BOULEVARD SAINT MART",,,Nuit avec éclairage allumé,En agglomération,Hors intersection,Normale,Autre collision,,,,,,,,,,,5,2,1,1,6
200800061448,0008-10-20 16:47:00,8,10,20,16,47,750,103,"25, RUE AUX OURS",,,Plein jour,En agglomération,Intersection en T,Normale,Deux véhicules - côté,,,,,,,,,,,1,2,3,1,3
200800061449,0008-10-20 17:45:00,8,10,20,17,45,750,103,"82, RUE DES ARCHIVES",,,Plein jour,En agglomération,Hors intersection,Normale,Autre collision,,,,,,,,,,,1,2,1,1,6
200800061450,0008-10-24 13:05:00,8,10,24,13,5,750,103,"01, RUE PAYENNE",,,Plein jour,En agglomération,Intersection en X,Normale,Autre collision,,,,,,,,,,,1,2,2,1,6
200800061451,0008-10-31 11:35:00,8,10,31,11,35,750,103,"47, BOULEVARD BEAUMARCHA",,,Plein jour,En agglomération,Intersection en T,Pluie légère,Deux véhicules - arrière,,,,,,,,,,,1,2,3,2,2
200800061452,0008-10-07 06:30:00,8,10,7,6,30,750,104,"1, RUE TIRON",,,Nuit avec éclairage allumé,En agglomération,Intersection en X,Pluie légère,Autre collision,,,,,,,,,,,5,2,2,2,6
200800061453,0008-10-12 17:00:00,8,10,12,17,0,750,104,PONT DE SULLY,,,Plein jour,En agglomération,Hors intersection,Normale,Autre collision,,,,,,,,,,,1,2,1,1,6
200800061454,0008-10-01 02:40:00,8,10,1,2,40,750,104,"13, BOULEVARD BEAUMARCHA",,,Nuit avec éclairage allumé,En agglomération,Hors intersection,Normale,Deux véhicules - côté,,,,,,,,,,,5,2,1,1,3
200800061455,0008-10-02 08:25:00,8,10,2,8,25,750,104,"23, RUE DE RIVOLI",,,Plein jour,En agglomération,Intersection en T,Normale,Deux véhicules - côté,,,,,,,,,,,1,2,3,1,3
200800061456,0008-10-02 14:55:00,8,10,2,14,55,750,104,"44, RUE DE RIVOLI",,,Plein jour,En agglomération,Hors intersection,Normale,Autre collision,,,,,,,,,,,1,2,1,1,6
200800061457,0008-10-04 08:05:00,8,10,4,8,5,750,104,VOIE GEORGES POMPIDOU,,,Plein jour,En agglomération,Hors intersection,Normale,Autre collision,,,,,,,,,,,1,2,1,1,6
200800061458,0008-10-04 11:45:00,8,10,4,11,45,750,104,"5, BOULEVARD HENRI IV",,,Plein jour,En agglomération,Intersection à plus de 4 branches,Normale,Deux véhicules - arrière,,,,,,,,,,,1,2,5,1,2
200800061459,0008-10-06 13:35:00,8,10,6,13,35,750,104,"95, RUE SAINT ANTOINE",,,Plein jour,En agglomération,Intersection en T,Temps couvert,Autre collision,,,,,,,,,,,1,2,3,8,6
200800061460,0008-10-06 17:55:00,8,10,6,17,55,750,104,"27, RUE DES ARCHIVES",,,Plein jour,En agglomération,Intersection en T,Normale,Deux véhicules - arrière,,,,,,,,,,,1,2,3,1,2
200800061461,0008-10-07 16:09:00,8,10,7,16,9,750,104,VOIE GEORGES POMPIDOU,,,Plein jour,En agglomération,Hors intersection,Normale,Deux véhicules - arrière,,,,,,,,,,,1,2,1,1,2
200800061462,0008-10-10 23:30:00,8,10,10,23,30,750,104,"10, RUE DE RIVOLI",,,Nuit avec éclairage allumé,En agglomération,Intersection en T,Normale,Autre collision,,,,,,,,,,,5,2,3,1,6
200800061463,0008-10-14 13:10:00,8,10,14,13,10,750,104,"31, RUE DES ARCHIVES",,,Plein jour,En agglomération,Intersection en X,Normale,Deux véhicules - arrière,,,,,,,,,,,1,2,2,1,2
200800061464,0008-10-14 14:15:00,8,10,14,14,15,750,104,"87, RUE SAINT ANTOINE",,,Plein jour,En agglomération,Intersection en X,Normale,Autre collision,,,,,,,,,,,1,2,2,1,6
200800061465,0008-10-15 18:40:00,8,10,15,18,40,750,104,"03, PLACE DE LA BASTILLE",,,Crépuscule ou aube,En agglomération,Giratoire,Pluie légère,Deux véhicules - côté,,,,,,,,,,,2,2,6,2,3
200800061466,0008-10-18 05:13:00,8,10,18,5,13,750,104,"1, PLACE DE LA BASTILLE",,,Nuit avec éclairage allumé,En agglomération,Giratoire,Normale,Deux véhicules - arrière,,,,,,,,,,,5,2,6,1,2
200800061467,0008-10-18 21:10:00,8,10,18,21,10,750,104,"42, RUE DE RIVOLI",,,Nuit avec éclairage allumé,En agglomération,Hors intersection,Normale,Deux véhicules - côté,,,,,,,,,,,5,2,1,1,3
200800061468,0008-10-20 13:00:00,8,10,20,13,0,750,104,"08, QUAI DU MARCHE NEUF",,,Plein jour,En agglomération,Intersection en X,Normale,Deux véhicules - côté,,,,,,,,,,,1,2,2,1,3