accident_id,datetime,annee,mois,jour,heure,minute,departement,commune_insee,adresse,latitude,longitude,luminosite,agglomeration,intersection,meteo,collision,nb_vehicules,nb_usagers,nb_indemnes,nb_tues,nb_blesses_hosp,nb_blesses_legers,age_cond_1,age_cond_2,veh_type_cond_1,veh_type_cond_2,lum_code,agg_code,int_code,atm_code,col_code
200800061599,0008-10-21 15:30:00,8,10,21,15,30,750,109,"8, RUE HALEVY",,,Plein jour,En agglomération,Hors intersection,Temps couvert,Deux véhicules - côté,,,,,,,,,,,1,2,1,8,3
200800061600,0008-10-22 18:35:00,8,10,22,18,35,750,109,RUE AUBER,,,Crépuscule ou aube,En agglomération,Intersection en X,Temps couvert,Deux véhicules - côté,,,,,,,,,,,2,2,2,8,3
200800061601,0008-10-24 10:20:00,8,10,24,10,20,750,109,"04, PLACE DE CLICHY",,,Plein jour,En agglomération,Intersection à plus de 4 branches,Normale,Deux véhicules - côté,,,,,,,,,,,1,2,5,1,3
200800061602,0008-10-24 18:30:00,8,10,24,18,30,750,109,BOULEVARD DE ROCHECHOUAR,,,Nuit avec éclairage allumé,En agglomération,Hors intersection,Normale,Deux véhicules - côté,,,,,,,,,,,5,2,1,1,3
200800061603,0008-10-27 00:55:00,8,10,27,0,55,750,109,"23, BOULEVARD DE CLICHY",,,Nuit avec éclairage allumé,En agglomération,Hors intersection,Pluie forte,Autre collision,,,,,,,,,,,5,2,1,3,6
200800061604,0008-10-27 15:45:00,8,10,27,15,45,750,109,"20, BOULEVARD DES ITALIE",,,Plein jour,En agglomération,Hors intersection,Pluie légère,Autre collision,,,,,,,,,,,1,2,1,2,6
200800061605,0008-10-27 18:55:00,8,10,27,18,55,750,109,RUE HALEVY,,,Nuit avec éclairage allumé,En agglomération,Intersection en X,Pluie légère,Deux véhicules - côté,,,,,,,,,,,5,2,2,2,3
200800061606,0008-10-28 23:00:00,8,10,28,23,0,750,109,"81, BOULEVARD DE CLICHY",,,Nuit avec éclairage allumé,En agglomération,Intersection en T,Normale,Deux véhicules - côté,,,,,,,,,,,5,2,3,1,3
200800061607,0008-10-30 20:00:00,8,10,30,20,0,750,109,"18, RUE DE CHATEAUDUN",,,Nuit avec éclairage allumé,En agglomération,Intersection en T,Pluie légère,Autre collision,,,,,,,,,,,5,2,3,2,6
200800061608,0008-10-31 14:20:00,8,10,31,14,20,750,109,"62, RUE D AMSTERDAM",,,Plein jour,En agglomération,Hors intersection,Pluie légère,Autre collision,,,,,,,,,,,1,2,1,2,6
200800061609,0008-10-31 12:20:00,8,10,31,12,20,750,109,"33, AVENUE TRUDAINE",,,Plein jour,En agglomération,Intersection en X,Pluie légère,Autre collision,,,,,,,,,,,1,2,2,2,6
200800061610,0008-10-02 04:15:00,8,10,2,4,15,750,110,"93, QUAI DE VALMY",,,Nuit avec éclairage allumé,En agglomération,Hors intersection,Normale,Autre collision,,,,,,,,,,,5,2,1,1,6
200800061611,0008-10-03 19:30:00,8,10,3,19,30,750,110,BOULEVARD DE MAGENTA,,,Nuit avec éclairage allumé,En agglomération,Hors intersection,Pluie légère,Sans collision,,,,,,,,,,,5,2,1,2,7
200800061612,0008-10-05 04:30:00,8,10,5,4,30,750,110,"167, BOULEVARD DE LA VIL",,,Nuit avec éclairage allumé,En agglomération,Hors intersection,Normale,Sans collision,,,,,,,,,,,5,2,1,1,7
200800061613,0008-10-05 04:50:00,8,10,5,4,50,750,110,"154, AVENUE PARMENTIER",,,Nuit avec éclairage allumé,En agglomération,Hors intersection,Normale,Deux véhicules - côté,,,,,,,,,,,5,2,1,1,3
200800061614,0008-10-06 12:30:00,8,10,6,12,30,750,110,BOULEVARD DE LA CHAPELLE,,,Plein jour,En agglomération,Hors intersection,Normale,Deux véhicules - côté,,,,,,,,,,,1,2,1,1,3
200800061615,0008-10-06 18:39:00,8,10,6,18,39,750,110,"168, AVENUE PARMENTIER",,,Crépuscule ou aube,En agglomération,Intersection en T,Normale,Deux véhicules - côté,,,,,,,,,,,2,2,3,1,3
200800061616,0008-10-07 07:40:00,8,10,7,7,40,750,110,BOULEVARD DE BONNE NOUVE,,,Crépuscule ou aube,En agglomération,Hors intersection,Temps couvert,Deux véhicules - côté,,,,,,,,,,,2,2,1,8,3
200800061617,0008-10-07 13:25:00,8,10,7,13,25,750,110,RUE SAINT MAUR,,,Plein jour,En agglomération,Hors intersection,Normale,Deux véhicules - côté,,,,,,,,,,,1,2,1,1,3
200800061618,0008-10-07 19:50:00,8,10,7,19,50,750,110,"103, RUE LA FAYETTE",,,Nuit avec éclairage allumé,En agglomération,Hors intersection,Pluie légère,Autre collision,,,,,,,,,,,5,2,1,2,6
200800061619,0008-10-07 20:45:00,8,10,7,20,45,750,110,"229, RUE DU FAUBOURG SAI",,,Crépuscule ou aube,En agglomération,Hors intersection,Pluie légère,Autre collision,,,,,,,,,,,2,2,1,2,6
200800061620,0008-10-09 16:40:00,8,10,9,16,40,750,110,BOULEVARD DE LA CHAPELLE,,,Plein jour,En agglomération,Intersection en X,Normale,Deux véhicules - côté,,,,,,,,,,,1,2,2,1,3
200800061621,0008-10-10 15:05:00,8,10,10,15,5,750,110,"10, RUE D AIX",,,Plein jour,En agglomération,Intersection en T,Normale,Autre collision,,,,,,,,,,,1,2,3,1,6
200800061622,0008-10-10 16:35:00,8,10,10,16,35,750,110,"27, AVENUE CLAUDE VELLEF",,,Plein jour,En agglomération,Hors intersection,Normale,Deux véhicules - côté,,,,,,,,,,,1,2,1,1,3
200800061623,0008-10-12 03:20:00,8,10,12,3,20,750,110,"12, RUE DE DUNKERQUE",,,Nuit avec éclairage allumé,En agglomération,Intersection en T,Normale,Deux véhicules - côté,,,,,,,,,,,5,2,3,1,3
200800061624,0008-10-12 11:20:00,8,10,12,11,20,750,110,"5, PLACE DE LA BATAILLE",,,Plein jour,En agglomération,Hors intersection,Normale,Autre collision,,,,,,,,,,,1,2,1,1,6
200800061625,0008-10-13 14:15:00,8,10,13,14,15,750,110,"3, PASSAGE DES RECOLLETS",,,Plein jour,En agglomération,Hors intersection,Normale,Autre collision,,,,,,,,,,,1,2,1,1,6
200800061626,0008-10-14 14:30:00,8,10,14,14,30,750,110,"23, BOULEVARD DE MAGENTA",,,Plein jour,En agglomération,Intersection en T,Normale,Autre collision,,,,,,,,,,,1,2,3,1,6
200800061627,0008-10-16 07:20:00,8,10,16,7,20,750,110,"66, BOULEVARD DE MAGENTA",,,Crépuscule ou aube,En agglomération,Intersection en X,Pluie légère,Autre collision,,,,,,,,,,,2,2,2,2,6
200800061628,0008-10-16 16:50:00,8,10,16,16,50,750,110,"1, BOULEVARD DE LA CHAPE",,,Plein jour,En agglomération,Hors intersection,Normale,Autre collision,,,,,,,,,,,1,2,1,1,6
200800061629,0008-10-17 09:15:00,8,10,17,9,15,750,110,"38, BOULEVARD DE BONNE N",,,Plein jour,En agglomération,Hors intersection,Normale,Deux véhicules - arrière,,,,,,,,,,,1,2,1,1,2
200800061630,0008-10-17 10:00:00,8,10,17,10,0,750,110,"23, BOULEVARD DE MAGENTA",,,Plein jour,En agglomération,Intersection en T,Normale,Deux véhicules - côté,,,,,,,,,,,1,2,3,1,3
200800061631,0008-10-17 18:20:00,8,10,17,18,20,750,110,"60, QUAI DE JEMMAPES",,,Crépuscule ou aube,En agglomération,Hors intersection,Normale,Autre collision,,,,,,,,,,,2,2,1,1,6
200800061632,0008-10-18 15:00:00,8,10,18,15,0,750,110,"166, RUE LA FAYETTE",,,Plein jour,En agglomération,Intersection en T,Normale,Autre collision,,,,,,,,,,,1,2,3,1,6
200800061633,0008-10-20 17:00:00,8,10,20,17,0,750,110,"114, BOULEVARD DE MAGENT",,,Plein jour,En agglomération,Hors intersection,Normale,Autre collision,,,,,,,,,,,1,2,1,1,6
200800061634,0008-10-20 17:01:00,8,10,20,17,1,750,110,"223, RUE LA FAYETTE",,,Plein jour,En agglomération,Intersection en X,Normale,Deux véhicules - côté,,,,,,,,,,,1,2,2,1,3
200800061635,0008-10-21 16:00:00,8,10,21,16,0,750,110,"189, RUE LA FAYETTE",,,Plein jour,En agglomération,Hors intersection,Pluie légère,Deux véhicules - arrière,,,,,,,,,,,1,2,1,2,2
200800061636,0008-10-24 08:35:00,8,10,24,8,35,750,110,RUE DU HUIT MAI 1945,,,Plein jour,En agglomération,Hors intersection,Normale,Autre collision,,,,,,,,,,,1,2,1,1,6
200800061637,0008-10-25 22:30:00,8,10,25,22,30,750,110,BOULEVARD DE LA VILLETTE,,,Nuit avec éclairage allumé,En agglomération,Intersection en X,Normale,Deux véhicules - côté,,,,,,,,,,,5,2,2,1,3
200800061638,0008-10-28 23:15:00,8,10,28,23,15,750,110,"153, BOULEVARD DE MAGENT",,,Nuit avec éclairage allumé,En agglomération,Intersection en Y,Normale,Autre collision,,,,,,,,,,,5,2,4,1,6
200800061639,0008-10-29 09:50:00,8,10,29,9,50,750,110,"1, RUE D HAUTEVILLE",,,Plein jour,En agglomération,Hors intersection,Normale,Deux véhicules - côté,,,,,,,,,,,1,2,1,1,3
200800061640,0008-10-01 20:20:00,8,10,1,20,20,750,111,"33, BOULEVARD VOLTAIRE",,,Nuit avec éclairage allumé,En agglomération,Intersection en X,Normale,Autre collision,,,,,,,,,,,5,2,2,1,6
200800061641,0008-10-02 12:15:00,8,10,2,12,15,750,111,RUE AMELOT,,,Plein jour,En agglomération,Hors intersection,Normale,Deux véhicules - côté,,,,,,,,,,,1,2,1,1,3
200800061642,0008-10-02 22:55:00,8,10,2,22,55,750,111,"43, BOULEVARD VOLTAIRE",,,Nuit avec éclairage allumé,En agglomération,Intersection en X,Normale,Deux véhicules - côté,,,,,,,,,,,5,2,2,1,3
200800061643,0008-10-03 09:35:00,8,10,3,9,35,750,111,"91, AVENUE PARMENTIER",,,Plein jour,En agglomération,Hors intersection,Pluie légère,Deux véhicules - côté,,,,,,,,,,,1,2,1,2,3
200800061644,0008-10-03 15:30:00,8,10,3,15,30,750,111,"12, PLACE DE LA BASTILLE",,,Plein jour,En agglomération,Intersection à plus de 4 branches,Pluie légère,Deux véhicules - côté,,,,,,,,,,,1,2,5,2,3
200800061645,0008-10-05 01:50:00,8,10,5,1,50,750,111,"17, AVENUE DE LA REPUBLI",,,Nuit avec éclairage allumé,En agglomération,Intersection en X,Normale,Autre collision,,,,,,,,,,,5,2,2,1,6
200800061646,0008-10-09 08:45:00,8,10,9,8,45,750,111,BOULEVARD BEAUMARCHAIS,,,Plein jour,En agglomération,Intersection en Y,Normale,Autre collision,,,,,,,,,,,1,2,4,1,6
200800061647,0008-10-09 10:50:00,8,10,9,10,50,750,111,PLACE DE LA NATION,,,Plein jour,En agglomération,Intersection à plus de 4 branches,Normale,Deux véhicules - arrière,,,,,,,,,,,1,2,5,1,2
200800061648,0008-10-09 12:40:00,8,10,9,12,40,750,111,RUE DU FAUBOURG SAINT AN,,,Plein jour,En agglomération,Hors intersection,Normale,Deux véhicules - côté,,,,,,,,,,,1,2,1,1,3
200800061649,0008-10-10 17:10:00,8,10,10,17,10,750,111,"10, PLACE DE LA REPUBLIQ",,,Plein jour,En agglomération,Intersection à plus de 4 branches,Normale,Deux véhicules - arrière,,,,,,,,,,,1,2,5,1,2
200800061650,0008-10-11 02:10:00,8,10,11,2,10,750,111,"116, AVENUE PHILIPPE AUG",,,Nuit avec éclairage allumé,En agglomération,Hors intersection,Normale,Deux véhicules - côté,,,,,,,,,,,5,2,1,1,3
200800061651,0008-10-12 11:15:00,8,10,12,11,15,750,111,"235, RUE DU FAUBOURG SAI",,,Plein jour,En agglomération,Intersection en T,Normale,Deux véhicules - côté,,,,,,,,,,,1,2,3,1,3
200800061652,0008-10-13 13:00:00,8,10,13,13,0,750,111,"5, PLACE DE LA NATION",,,Plein jour,En agglomération,Intersection en X,Normale,Trois véhicules et plus - en chaîne,,,,,,,,,,,1,2,2,1,4
200800061653,0008-10-13 15:10:00,8,10,13,15,10,750,111,"13, PLACE DE LA NATION",,,Plein jour,En agglomération,Intersection en T,Normale,Deux véhicules - côté,,,,,,,,,,,1,2,3,1,3
200800061654,0008-10-15 09:10:00,8,10,15,9,10,750,104,PLACE DE LA BASTILLE,,,Plein jour,En agglomération,Giratoire,Pluie légère,Deux véhicules - côté,,,,,,,,,,,1,2,6,2,3
200800061655,0008-10-15 17:45:00,8,10,15,17,45,750,111,BOULEVARD VOLTAIRE,,,Crépuscule ou aube,En agglomération,Intersection en X,Pluie légère,Deux véhicules - arrière,,,,,,,,,,,2,2,2,2,2
200800061656,0008-10-16 13:40:00,8,10,16,13,40,750,111,"10, PLACE DE LA REPUBLIQ",,,Plein jour,En agglomération,Intersection en T,Pluie légère,Sans collision,,,,,,,,,,,1,2,3,2,7
200800061657,0008-10-17 10:05:00,8,10,17,10,5,750,111,"111, BOULEVARD DE CHARON",,,Plein jour,En agglomération,Intersection en X,Normale,Deux véhicules - côté,,,,,,,,,,,1,2,2,1,3
200800061658,0008-10-17 21:10:00,8,10,17,21,10,750,111,"96, RUE SAINT MAUR",,,Nuit sans éclairage public,En agglomération,Hors intersection,Normale,Autre collision,,,,,,,,,,,3,2,1,1,6
200800061659,0008-10-18 15:40:00,8,10,18,15,40,750,111,"42 bis, BOULEVARD RICHAR",,,Plein jour,En agglomération,Intersection en X,Normale,Deux véhicules - côté,,,,,,,,,,,1,2,2,1,3
200800061660,0008-10-20 11:35:00,8,10,20,11,35,750,111,"24, AVENUE DE LA REPUBLI",,,Plein jour,En agglomération,Intersection en T,Normale,Deux véhicules - côté,,,,,,,,,,,1,2,3,1,3
200800061661,0008-10-20 16:50:00,8,10,20,16,50,750,111,"28, RUE LEON FROT",,,Plein jour,En agglomération,Hors intersection,Normale,Deux véhicules - côté,,,,,,,,,,,1,2,1,1,3
200800061662,0008-10-21 12:45:00,8,10,21,12,45,750,111,"176, BOULEVARD VOLTAIRE",,,Plein jour,En agglomération,Hors intersection,Pluie légère,Deux véhicules - côté,,,,,,,,,,,1,2,1,2,3
200800061663,0008-10-21 16:30:00,8,10,21,16,30,750,111,"101, AVENUE PHILIPPE AUG",,,Plein jour,En agglomération,Hors intersection,Pluie légère,Deux véhicules - côté,,,,,,,,,,,1,2,1,2,3
200800061664,0008-10-22 13:00:00,8,10,22,13,0,750,111,"21, RUE OBERKAMPF",,,Plein jour,En agglomération,Intersection en T,Normale,Autre collision,,,,,,,,,,,1,2,3,1,6
200800061665,0008-10-22 15:25:00,8,10,22,15,25,750,111,"65, BOULEVARD RICHARD LE",,,Plein jour,En agglomération,Intersection en Y,Normale,Deux véhicules - côté,,,,,,,,,,,1,2,4,1,3
200800061666,0008-10-22 20:45:00,8,10,22,20,45,750,111,"118, RUE AMELOT",,,Nuit avec éclairage allumé,En agglomération,Intersection en X,Normale,Deux véhicules - côté,,,,,,,,,,,5,2,2,1,3
200800061667,0008-10-23 11:25:00,8,10,23,11,25,750,111,AVENUE LEDRU ROLLIN,,,Plein jour,En agglomération,Hors intersection,Normale,Autre collision,,,,,,,,,,,1,2,1,1,6
200800061668,0008-10-24 08:05:00,8,10,24,8,5,750,111,"36, RUE VOLTAIRE",,,Plein jour,En agglomération,Hors intersection,Normale,Deux véhicules - côté,,,,,,,,,,,1,2,1,1,3
200800061669,0008-10-24 15:00:00,8,10,24,15,0,750,111,"101, BOULEVARD RICHARD L",,,Plein jour,En agglomération,Intersection en X,Normale,Deux véhicules - côté,,,,,,,,,,,1,2,2,1,3
200800061670,0008-10-25 10:30:00,8,10,25,10,30,750,111,"287, RUE DU FAUBOURG SAI",,,Plein jour,En agglomération,Intersection en X,Normale,Deux véhicules - arrière,,,,,,,,,,,1,2,2,1,2
200800061671,0008-10-25 14:30:00,8,10,25,14,30,750,111,"10, PLACE DE LA REPUBLIQ",,,Plein jour,En agglomération,Place,Normale,Autre collision,,,,,,,,,,,1,2,7,1,6
200800061672,0008-10-26 14:40:00,8,10,26,14,40,750,111,"119, AVENUE LEDRU ROLLIN",,,Plein jour,En agglomération,Hors intersection,Normale,Trois véhicules et plus - en chaîne,,,,,,,,,,,1,2,1,1,4
200800061673,0008-10-27 09:35:00,8,10,27,9,35,750,111,"87, BOULEVARD RICHARD LE",,,Plein jour,En agglomération,Intersection en X,Normale,Deux véhicules - côté,,,,,,,,,,,1,2,2,1,3
200800061674,0008-10-28 15:45:00,8,10,28,15,45,750,111,"60, AVENUE PARMENTIER",,,Plein jour,En agglomération,Intersection en T,Normale,Deux véhicules - côté,,,,,,,,,,,1,2,3,1,3
200800061675,0008-10-29 10:50:00,8,10,29,10,50,750,111,"86, BOULEVARD VOLTAIRE",,,Plein jour,En agglomération,Intersection en T,Normale,Deux véhicules - côté,,,,,,,,,,,1,2,3,1,3
200800061676,0008-10-31 19:15:00,8,10,31,19,15,750,111,"79, AVENUE DE LA REPUBLI",,,Nuit avec éclairage allumé,En agglomération,Intersection en X,Normale,Deux véhicules - côté,,,,,,,,,,,5,2,2,1,3
200800061677,0008-10-31 22:50:00,8,10,31,22,50,750,111,RUE DE CHARONNE,,,Nuit avec éclairage allumé,En agglomération,Intersection en T,Pluie légère,Deux véhicules - arrière,,,,,,,,,,,5,2,3,2,2
200800061678,0008-10-01 19:00:00,8,10,1,19,0,750,112,QUAI DE BERCY,,,Crépuscule ou aube,En agglomération,Hors intersection,Normale,Autre collision,,,,,,,,,,,2,2,1,1,6
200800061679,0008-10-02 11:55:00,8,10,2,11,55,750,112,", BOULEVARD DIDEROT",,,Plein jour,En agglomération,Intersection en X,Normale,Deux véhicules - côté,,,,,,,,,,,1,2,2,1,3
200800061680,0008-10-02 15:37:00,8,10,2,15,37,750,112,QUAI DE BERCY,,,Plein jour,En agglomération,Hors intersection,Pluie légère,Trois véhicules et plus - en chaîne,,,,,,,,,,,1,2,1,2,4
200800061681,0008-10-02 20:30:00,8,10,2,20,30,750,112,"94, BOULEVARD PONIATOWSK",,,Nuit avec éclairage allumé,En agglomération,Intersection à plus de 4 branches,Pluie légère,Autre collision,,,,,,,,,,,5,2,5,2,6
200800061682,0008-10-03 09:25:00,8,10,3,9,25,750,112,QUAI DE BERCY,,,Plein jour,En agglomération,Intersection en X,Normale,Deux véhicules - côté,,,,,,,,,,,1,2,2,1,3
200800061683,0008-10-03 09:26:00,8,10,3,9,26,750,112,"1, RUE DE BERCY",,,Plein jour,En agglomération,Intersection en T,Normale,Deux véhicules - côté,,,,,,,,,,,1,2,3,1,3
200800061684,0008-10-03 17:00:00,8,10,3,17,0,750,112,PLACE DE LA BASTILLE,,,Plein jour,En agglomération,Intersection à plus de 4 branches,Pluie légère,Sans collision,,,,,,,,,,,1,2,5,2,7
200800061685,0008-10-03 23:00:00,8,10,3,23,0,750,112,"194, RUE DU FAUBOURG SAI",,,Nuit avec éclairage allumé,En agglomération,Hors intersection,Normale,Deux véhicules - arrière,,,,,,,,,,,5,2,1,1,2
200800061686,0008-10-04 06:20:00,8,10,4,6,20,750,112,PONT DE TOLBIAC,,,Crépuscule ou aube,En agglomération,Intersection en X,Normale,Deux véhicules - arrière,,,,,,,,,,,2,2,2,1,2
200800061687,0008-10-04 10:05:00,8,10,4,10,5,750,112,"237, RUE DE CHARENTON",,,Plein jour,En agglomération,Intersection en X,Normale,Deux véhicules - côté,,,,,,,,,,,1,2,2,1,3
200800061688,0008-10-04 21:45:00,8,10,4,21,45,750,112,"01, AVENUE DAUMESNIL",,,Nuit avec éclairage allumé,En agglomération,Intersection en T,Normale,Sans collision,,,,,,,,,,,5,2,3,1,7
200800061689,0008-10-05 16:10:00,8,10,5,16,10,750,112,"61, RUE DE BERCY",,,Plein jour,En agglomération,Hors intersection,Pluie légère,Deux véhicules - côté,,,,,,,,,,,1,2,1,2,3
200800061690,0008-10-06 12:05:00,8,10,6,12,5,750,112,RUE DU GENERAL DE LANGLE,,,Plein jour,En agglomération,Intersection en T,Normale,Sans collision,,,,,,,,,,,1,2,3,1,7
200800061691,0008-10-07 01:03:00,8,10,7,1,3,750,112,"299, RUE DE CHARENTON",,,Nuit avec éclairage allumé,En agglomération,Hors intersection,Pluie légère,Deux véhicules - côté,,,,,,,,,,,5,2,1,2,3
200800061692,0008-10-07 07:45:00,8,10,7,7,45,750,112,AVENUE DE GRAVELLE,,,Crépuscule ou aube,En agglomération,Intersection en Y,Pluie légère,Sans collision,,,,,,,,,,,2,2,4,2,7
200800061693,0008-10-07 08:45:00,8,10,7,8,45,750,112,"13, RUE DE WATTIGNIES",,,Plein jour,En agglomération,Intersection en X,Normale,Deux véhicules - côté,,,,,,,,,,,1,2,2,1,3
200800061694,0008-10-07 11:20:00,8,10,7,11,20,750,112,AVENUE DAUMESNIL,,,Plein jour,En agglomération,Intersection en X,Normale,Autre collision,,,,,,,,,,,1,2,2,1,6
200800061695,0008-10-07 17:40:00,8,10,7,17,40,750,112,RUE DE CHARENTON,,,Plein jour,En agglomération,Intersection en X,Normale,Deux véhicules - côté,,,,,,,,,,,1,2,2,1,3
200800061696,0008-10-08 16:30:00,8,10,8,16,30,750,112,"40, RUE TAINE",,,Plein jour,En agglomération,Hors intersection,Normale,Autre collision,,,,,,,,,,,1,2,1,1,6
200800061697,0008-10-08 22:30:00,8,10,8,22,30,750,112,"8, BOULEVARD DE REUILLY",,,Nuit avec éclairage allumé,En agglomération,Intersection en X,Normale,Deux véhicules - côté,,,,,,,,,,,5,2,2,1,3
200800061698,0008-10-09 14:50:00,8,10,9,14,50,750,112,"206, AVENUE DAUMESNIL",,,Plein jour,En agglomération,Hors intersection,Normale,Autre collision,,,,,,,,,,,1,2,1,1,6
200800061699,0008-10-09 16:05:00,8,10,9,16,5,750,112,RUE DE BERCY,,,Plein jour,En agglomération,Intersection en X,Normale,Deux véhicules - côté,,,,,,,,,,,1,2,2,1,3
200800061700,0008-10-10 09:10:00,8,10,10,9,10,750,112,QUAI DE BERCY,,,Plein jour,En agglomération,Hors intersection,Normale,Deux véhicules - côté,,,,,,,,,,,1,2,1,1,3
200800061701,0008-10-10 16:10:00,8,10,10,16,10,750,112,"95, AVENUE DU GENERAL MI",,,Plein jour,En agglomération,Intersection en T,Normale,Autre collision,,,,,,,,,,,1,2,3,1,6
200800061702,0008-10-11 07:20:00,8,10,11,7,20,750,112,PORT DE BERCY,,,Crépuscule ou aube,En agglomération,Hors intersection,Normale,Sans collision,,,,,,,,,,,2,2,1,1,7
200800061703,0008-10-11 20:10:00,8,10,11,20,10,750,112,AVENUE DAUMESNIL,,,Nuit avec éclairage allumé,En agglomération,Intersection en X,Normale,Deux véhicules - côté,,,,,,,,,,,5,2,2,1,3
200800061704,0008-10-11 21:45:00,8,10,11,21,45,750,112,"57, RUE FRANCOIS TRUFFAU",,,Nuit avec éclairage allumé,En agglomération,Hors intersection,Normale,Deux véhicules - côté,,,,,,,,,,,5,2,1,1,3
200800061705,0008-10-13 10:30:00,8,10,13,10,30,750,112,"69, RUE DE LYON",,,Plein jour,En agglomération,Hors intersection,Normale,Autre collision,,,,,,,,,,,1,2,1,1,6
200800061706,0008-10-13 15:30:00,8,10,13,15,30,750,112,"2, RUE VAN GOGH",,,Plein jour,En agglomération,Hors intersection,Normale,Autre collision,,,,,,,,,,,1,2,1,1,6
200800061707,0008-10-14 12:30:00,8,10,14,12,30,750,112,"0, AVENUE DU TRONE",,,Plein jour,En agglomération,Hors intersection,Normale,Autre collision,,,,,,,,,,,1,2,1,1,6
200800061708,0008-10-14 16:30:00,8,10,14,16,30,750,112,"001, ROUTE DAUPHINE",,,Plein jour,En agglomération,Hors intersection,Normale,Trois véhicules et plus - collisions multiples,,,,,,,,,,,1,2,1,1,5
200800061709,0008-10-14 23:10:00,8,10,14,23,10,750,112,"237, RUE DE CHARENTON",,,Nuit avec éclairage allumé,En agglomération,Intersection en X,Normale,Deux véhicules - frontale,,,,,,,,,,,5,2,2,1,1
200800061710,0008-10-15 07:55:00,8,10,15,7,55,750,112,QUAI DE BERCY,,,Crépuscule ou aube,En agglomération,Hors intersection,Normale,Deux véhicules - arrière,,,,,,,,,,,2,2,1,1,2
200800061711,0008-10-15 20:10:00,8,10,15,20,10,750,112,AVENUE DE GRAVELLE,,,Nuit avec éclairage allumé,En agglomération,Hors intersection,Pluie légère,Sans collision,,,,,,,,,,,5,2,1,2,7
200800061712,0008-10-15 21:50:00,8,10,15,21,50,750,112,"01, RUE DE POMMARD",,,Nuit avec éclairage allumé,En agglomération,Hors intersection,Normale,Autre collision,,,,,,,,,,,5,2,1,1,6
200800061713,0008-10-16 08:35:00,8,10,16,8,35,750,112,"27, RUE TAINE",,,Plein jour,En agglomération,Intersection en X,Pluie légère,Sans collision,,,,,,,,,,,1,2,2,2,7
200800061714,0008-10-16 09:35:00,8,10,16,9,35,750,112,QUAI DE BERCY,,,Plein jour,En agglomération,Hors intersection,Normale,Trois véhicules et plus - en chaîne,,,,,,,,,,,1,2,1,1,4
200800061715,0008-10-16 19:55:00,8,10,16,19,55,750,112,ROUTE DAUPHINE,,,Nuit sans éclairage public,En agglomération,Hors intersection,Normale,Sans collision,,,,,,,,,,,3,2,1,1,7
200800061716,0008-10-17 14:00:00,8,10,17,14,0,750,112,AVENUE LEDRU ROLLIN,,,Plein jour,En agglomération,Intersection en T,Normale,Deux véhicules - côté,,,,,,,,,,,1,2,3,1,3
200800061717,0008-10-17 17:00:00,8,10,17,17,0,750,112,"36, QUAI DE LA RAPEE",,,Plein jour,En agglomération,Hors intersection,Normale,Deux véhicules - côté,,,,,,,,,,,1,2,1,1,3
200800061718,0008-10-17 21:30:00,8,10,17,21,30,750,112,"20, PLACE DE LA NATION",,,Nuit avec éclairage allumé,En agglomération,Intersection en X,Normale,Deux véhicules - côté,,,,,,,,,,,5,2,2,1,3
200800061719,0008-10-19 02:40:00,8,10,19,2,40,750,112,"12, PLACE DU BATAILLON D",,,Nuit avec éclairage allumé,En agglomération,Hors intersection,Normale,Sans collision,,,,,,,,,,,5,2,1,1,7
200800061720,0008-10-19 07:25:00,8,10,19,7,25,750,112,QUAI DE BERCY,,,Crépuscule ou aube,En agglomération,Hors intersection,Normale,Deux véhicules - frontale,,,,,,,,,,,2,2,1,1,1
200800061721,0008-10-20 10:52:00,8,10,20,10,52,750,112,AVENUE DE LA PORTE DE CH,,,Plein jour,En agglomération,Intersection en X,Normale,Deux véhicules - côté,,,,,,,,,,,1,2,2,1,3
200800061722,0008-10-21 00:40:00,8,10,21,0,40,750,112,RUE DU FAUBOURG SAINT AN,,,Nuit avec éclairage allumé,En agglomération,Hors intersection,Normale,Deux véhicules - côté,,,,,,,,,,,5,2,1,1,3
200800061723,0008-10-21 09:20:00,8,10,21,9,20,750,112,AVENUE DE GRAVELLE,,,Plein jour,En agglomération,Hors intersection,Pluie légère,Deux véhicules - côté,,,,,,,,,,,1,2,1,2,3
200800061724,0008-10-21 11:30:00,8,10,21,11,30,750,112,"17, RUE LOUIS BRAILLE",,,Plein jour,En agglomération,Intersection en X,Pluie légère,Deux véhicules - arrière,,,,,,,,,,,1,2,2,2,2
200800061725,0008-10-21 17:29:00,8,10,21,17,29,750,112,"146, BOULEVARD DIDEROT",,,Plein jour,En agglomération,Hors intersection,Pluie légère,Autre collision,,,,,,,,,,,1,2,1,2,6
200800061726,0008-10-23 13:00:00,8,10,23,13,0,750,112,"120, RUE DE LYON",,,Plein jour,En agglomération,Hors intersection,Normale,Deux véhicules - côté,,,,,,,,,,,1,2,1,1,3
200800061727,0008-10-23 16:25:00,8,10,23,16,25,750,112,PONT CHARLES DE GAULLE,,,Plein jour,En agglomération,Intersection en X,Normale,Deux véhicules - côté,,,,,,,,,,,1,2,2,1,3
200800061728,0008-10-24 11:45:00,8,10,24,11,45,750,112,"176, AVENUE DAUMESNIL",,,Plein jour,En agglomération,Intersection en T,Normale,Sans collision,,,,,,,,,,,1,2,3,1,7