accident_id,datetime,annee,mois,jour,heure,minute,departement,commune_insee,adresse,latitude,longitude,luminosite,agglomeration,intersection,meteo,collision,nb_vehicules,nb_usagers,nb_indemnes,nb_tues,nb_blesses_hosp,nb_blesses_legers,age_cond_1,age_cond_2,veh_type_cond_1,veh_type_cond_2,lum_code,agg_code,int_code,atm_code,col_code
200800061729,0008-10-24 16:15:00,8,10,24,16,15,750,112,"24, BOULEVARD DE LA BAST",,,Plein jour,En agglomération,Hors intersection,Pluie légère,Autre collision,,,,,,,,,,,1,2,1,2,6
200800061730,0008-10-24 16:40:00,8,10,24,16,40,750,112,"0, QUAI DE BERCY",,,Plein jour,En agglomération,Hors intersection,Normale,Trois véhicules et plus - en chaîne,,,,,,,,,,,1,2,1,1,4
200800061731,0008-10-25 13:05:00,8,10,25,13,5,750,112,RUE GEORGES ET MAØ POLIT,,,Plein jour,En agglomération,Hors intersection,Normale,Autre collision,,,,,,,,,,,1,2,1,1,6
200800061732,0008-10-25 18:25:00,8,10,25,18,25,750,112,AVENUE DAUMESNIL,,,Nuit avec éclairage allumé,En agglomération,Intersection en X,Normale,Trois véhicules et plus - collisions multiples,,,,,,,,,,,5,2,2,1,5
200800061733,0008-10-27 08:50:00,8,10,27,8,50,750,112,RUE JOSEPH KESSEL,,,Plein jour,En agglomération,Hors intersection,Pluie légère,Deux véhicules - arrière,,,,,,,,,,,1,2,1,2,2
200800061734,0008-10-27 09:00:00,8,10,27,9,0,750,112,QUAI DE BERCY,,,Plein jour,En agglomération,Hors intersection,Pluie légère,Deux véhicules - côté,,,,,,,,,,,1,2,1,2,3
200800061735,0008-10-28 22:25:00,8,10,28,22,25,750,112,"81, BOULEVARD DIDEROT",,,Nuit avec éclairage allumé,En agglomération,Intersection en Y,Normale,Sans collision,,,,,,,,,,,5,2,4,1,7
200800061736,0008-10-28 18:00:00,8,10,28,18,0,750,112,QUAI DE LA RAPEE,,,Nuit avec éclairage allumé,En agglomération,Hors intersection,Pluie légère,Deux véhicules - arrière,,,,,,,,,,,5,2,1,2,2
200800061737,0008-10-28 20:05:00,8,10,28,20,5,750,112,AVENUE COURTELINE,,,Nuit avec éclairage allumé,En agglomération,Intersection en Y,Pluie légère,Deux véhicules - côté,,,,,,,,,,,5,2,4,2,3
200800061738,0008-10-29 18:50:00,8,10,29,18,50,750,112,"27, RUE DE LYON",,,Nuit avec éclairage allumé,En agglomération,Intersection en X,Normale,Deux véhicules - côté,,,,,,,,,,,5,2,2,1,3
200800061739,0008-10-30 15:55:00,8,10,30,15,55,750,112,RUE DE CHARENTON,,,Nuit avec éclairage allumé,En agglomération,Intersection en X,Pluie forte,Deux véhicules - arrière,,,,,,,,,,,5,2,2,3,2
200800061740,0008-10-31 12:55:00,8,10,31,12,55,750,112,RUE DE BERCY,,,Plein jour,En agglomération,Intersection en X,Pluie légère,Deux véhicules - côté,,,,,,,,,,,1,2,2,2,3
200800061741,0008-10-31 17:30:00,8,10,31,17,30,750,112,"48, COURS DE VINCENNES",,,Plein jour,En agglomération,Hors intersection,Normale,Deux véhicules - arrière,,,,,,,,,,,1,2,1,1,2
200800061742,0008-10-31 18:30:00,8,10,31,18,30,750,112,"48, BOULEVARD DE BERCY",,,Nuit avec éclairage allumé,En agglomération,Hors intersection,Temps couvert,Sans collision,,,,,,,,,,,5,2,1,8,7
200800061743,0008-10-01 13:00:00,8,10,1,13,0,750,113,AVENUE DE LA PORTE D ITA,,,Plein jour,En agglomération,Intersection en X,Normale,Deux véhicules - côté,,,,,,,,,,,1,2,2,1,3
200800061744,0008-10-02 12:10:00,8,10,2,12,10,750,113,"132, RUE DE TOLBIAC",,,Plein jour,En agglomération,Intersection en Y,Normale,Autre collision,,,,,,,,,,,1,2,4,1,6
200800061745,0008-10-02 17:00:00,8,10,2,17,0,750,113,"188, RUE DE TOLBIAC",,,Plein jour,En agglomération,Intersection à plus de 4 branches,Normale,Autre collision,,,,,,,,,,,1,2,5,1,6
200800061746,0008-10-03 11:50:00,8,10,3,11,50,750,113,"17, AVENUE PIERRE DE COU",,,Plein jour,En agglomération,Hors intersection,Pluie légère,Deux véhicules - côté,,,,,,,,,,,1,2,1,2,3
200800061747,0008-10-03 17:20:00,8,10,3,17,20,750,113,"85, BOULEVARD DE PORT RO",,,Plein jour,En agglomération,Hors intersection,Pluie légère,Sans collision,,,,,,,,,,,1,2,1,2,7
200800061748,0008-10-03 21:25:00,8,10,3,21,25,750,113,"face au 10, AVENUE D ITA",,,Nuit avec éclairage allumé,En agglomération,Hors intersection,Pluie légère,Deux véhicules - arrière,,,,,,,,,,,5,2,1,2,2
200800061749,0008-10-04 20:00:00,8,10,4,20,0,750,113,"147, RUE DE TOLBIAC",,,Nuit avec éclairage allumé,En agglomération,Hors intersection,Normale,Autre collision,,,,,,,,,,,5,2,1,1,6
200800061750,0008-10-05 13:05:00,8,10,5,13,5,750,113,RUE DU MOULINET,,,Plein jour,En agglomération,Intersection en X,Normale,Deux véhicules - côté,,,,,,,,,,,1,2,2,1,3
200800061751,0008-10-06 17:45:00,8,10,6,17,45,750,113,"21, AVENUE PIERRE DE COU",,,Plein jour,En agglomération,Hors intersection,Normale,Deux véhicules - arrière,,,,,,,,,,,1,2,1,1,2
200800061752,0008-10-07 08:50:00,8,10,7,8,50,750,113,BOULEVARD MASSENA,,,Plein jour,En agglomération,Hors intersection,Pluie légère,Autre collision,,,,,,,,,,,1,2,1,2,6
200800061753,0008-10-07 21:20:00,8,10,7,21,20,750,113,"140, BOULEVARD DE L HOPI",,,Nuit avec éclairage allumé,En agglomération,Intersection en Y,Pluie forte,Autre collision,,,,,,,,,,,5,2,4,3,6
200800061754,0008-10-09 20:25:00,8,10,9,20,25,750,113,"1, PORTE D ITALIE",,,Nuit avec éclairage allumé,En agglomération,Intersection en Y,Normale,Deux véhicules - côté,,,,,,,,,,,5,2,4,1,3
200800061755,0008-10-09 23:05:00,8,10,9,23,5,750,113,BOULEVARD MASSENA,,,Nuit avec éclairage allumé,En agglomération,Intersection en T,Normale,Deux véhicules - côté,,,,,,,,,,,5,2,3,1,3
200800061756,0008-10-11 14:25:00,8,10,11,14,25,750,113,"15, BOULEVARD MASSENA",,,Plein jour,En agglomération,Intersection en X,Normale,Deux véhicules - arrière,,,,,,,,,,,1,2,2,1,2
200800061757,0008-10-11 19:45:00,8,10,11,19,45,750,113,"118, BOULEVARD MASSENA",,,Nuit avec éclairage allumé,En agglomération,Intersection en Y,Normale,Deux véhicules - côté,,,,,,,,,,,5,2,4,1,3
200800061758,0008-10-14 20:15:00,8,10,14,20,15,750,113,"9, RUE NEUVE TOLBIAC",,,Nuit avec éclairage allumé,En agglomération,Intersection en X,Normale,Sans collision,,,,,,,,,,,5,2,2,1,7
200800061759,0008-10-14 19:45:00,8,10,14,19,45,750,113,"59, BOULEVARD MASSENA",,,Nuit avec éclairage allumé,En agglomération,Intersection en X,Normale,Trois véhicules et plus - en chaîne,,,,,,,,,,,5,2,2,1,4
200800061760,0008-10-16 11:25:00,8,10,16,11,25,750,113,"139, AVENUE DE CHOISY",,,Plein jour,En agglomération,Intersection en X,Pluie légère,Deux véhicules - côté,,,,,,,,,,,1,2,2,2,3
200800061761,0008-10-17 12:40:00,8,10,17,12,40,750,113,"104, BOULEVARD DE L HOPI",,,Plein jour,En agglomération,Intersection en X,Normale,Deux véhicules - côté,,,,,,,,,,,1,2,2,1,3
200800061762,0008-10-18 15:00:00,8,10,18,15,0,750,113,RUE DE LA POTERNE DES PE,,,Plein jour,En agglomération,Intersection en X,Normale,Deux véhicules - côté,,,,,,,,,,,1,2,2,1,3
200800061763,0008-10-19 13:00:00,8,10,19,13,0,750,113,"114, RUE DE TOLBIAC",,,Plein jour,En agglomération,Intersection en X,Normale,Deux véhicules - côté,,,,,,,,,,,1,2,2,1,3
200800061764,0008-10-19 14:50:00,8,10,19,14,50,750,113,"78, BOULEVARD VINCENT AU",,,Plein jour,En agglomération,Intersection en X,Normale,Autre collision,,,,,,,,,,,1,2,2,1,6
200800061765,0008-10-19 14:51:00,8,10,19,14,51,750,113,AVENUE D ITALIE,,,Plein jour,En agglomération,Intersection en X,Normale,Deux véhicules - côté,,,,,,,,,,,1,2,2,1,3
200800061766,0008-10-20 08:30:00,8,10,20,8,30,750,113,BOULEVARD DE L HOPITAL,,,Plein jour,En agglomération,Intersection en Y,Normale,Deux véhicules - côté,,,,,,,,,,,1,2,4,1,3
200800061767,0008-10-20 12:25:00,8,10,20,12,25,750,113,"141, BOULEVARD VINCENT A",,,Plein jour,En agglomération,Intersection en X,Normale,Autre collision,,,,,,,,,,,1,2,2,1,6
200800061768,0008-10-20 11:35:00,8,10,20,11,35,750,113,"1, PLACE VALHUBERT",,,Plein jour,En agglomération,Intersection en T,Normale,Deux véhicules - côté,,,,,,,,,,,1,2,3,1,3
200800061769,0008-10-20 16:10:00,8,10,20,16,10,750,113,"104, BOULEVARD AUGUSTE B",,,Plein jour,En agglomération,Intersection en X,Normale,Autre collision,,,,,,,,,,,1,2,2,1,6
200800061770,0008-10-20 18:00:00,8,10,20,18,0,750,113,"130, BOULEVARD MASSENA",,,Plein jour,En agglomération,Intersection en X,Normale,Autre collision,,,,,,,,,,,1,2,2,1,6
200800061771,0008-10-21 08:10:00,8,10,21,8,10,750,113,"1, BOULEVARD MASSENA",,,Crépuscule ou aube,En agglomération,Hors intersection,Pluie légère,Autre collision,,,,,,,,,,,2,2,1,2,6
200800061772,0008-10-21 09:10:00,8,10,21,9,10,750,113,QUAI D AUSTERLITZ,,,Plein jour,En agglomération,Hors intersection,Pluie légère,Deux véhicules - côté,,,,,,,,,,,1,2,1,2,3
200800061773,0008-10-22 13:30:00,8,10,22,13,30,750,113,"160, RUE JEANNE D ARC",,,Plein jour,En agglomération,Hors intersection,Normale,Deux véhicules - côté,,,,,,,,,,,1,2,1,1,3
200800061774,0008-10-24 08:20:00,8,10,24,8,20,750,113,BOULEVARD KELLERMANN,,,Plein jour,En agglomération,Hors intersection,Normale,Deux véhicules - côté,,,,,,,,,,,1,2,1,1,3
200800061775,0008-10-24 12:15:00,8,10,24,12,15,750,113,"34, BOULEVARD DE L HOPIT",,,Plein jour,En agglomération,Hors intersection,Pluie légère,Autre collision,,,,,,,,,,,1,2,1,2,6
200800061776,0008-10-24 16:50:00,8,10,24,16,50,750,113,"100, AVENUE D ITALIE",,,Plein jour,En agglomération,Hors intersection,Temps couvert,Sans collision,,,,,,,,,,,1,2,1,8,7
200800061777,0008-10-24 20:45:00,8,10,24,20,45,750,113,RUE WATT,,,Nuit avec éclairage allumé,En agglomération,Intersection en T,Normale,Deux véhicules - côté,,,,,,,,,,,5,2,3,1,3
200800061778,0008-10-26 21:40:00,8,10,26,21,40,750,113,"83, BOULEVARD DE L HOPIT",,,Nuit avec éclairage allumé,En agglomération,Hors intersection,Normale,Deux véhicules - côté,,,,,,,,,,,5,2,1,1,3
200800061779,0008-10-27 13:15:00,8,10,27,13,15,750,113,RUE BRILLAT SAVARIN,,,Plein jour,En agglomération,Hors intersection,Normale,Deux véhicules - arrière,,,,,,,,,,,1,2,1,1,2
200800061780,0008-10-27 17:20:00,8,10,27,17,20,750,113,PLACE PINEL,,,Crépuscule ou aube,En agglomération,Intersection à plus de 4 branches,Pluie légère,Autre collision,,,,,,,,,,,2,2,5,2,6
200800061781,0008-10-27 17:30:00,8,10,27,17,30,750,113,PLACE D ITALIE,,,Nuit avec éclairage allumé,En agglomération,Intersection à plus de 4 branches,Pluie légère,Sans collision,,,,,,,,,,,5,2,5,2,7
200800061782,0008-10-27 17:35:00,8,10,27,17,35,750,113,QUAI D IVRY,,,Nuit avec éclairage allumé,En agglomération,Intersection en Y,Pluie légère,Deux véhicules - côté,,,,,,,,,,,5,2,4,2,3
200800061783,0008-10-28 09:00:00,8,10,28,9,0,750,113,"1, BOULEVARD DE L HOPITA",,,Plein jour,En agglomération,Hors intersection,Normale,Deux véhicules - arrière,,,,,,,,,,,1,2,1,1,2
200800061784,0008-10-29 10:45:00,8,10,29,10,45,750,113,"183, BOULEVARD VINCENT A",,,Plein jour,En agglomération,Hors intersection,Temps couvert,Deux véhicules - côté,,,,,,,,,,,1,2,1,8,3
200800061785,0008-10-29 20:40:00,8,10,29,20,40,750,113,"9, RUE DU DOCTEUR CHARLE",,,Nuit avec éclairage allumé,En agglomération,Hors intersection,Normale,Autre collision,,,,,,,,,,,5,2,1,1,6
200800061786,0008-10-31 11:00:00,8,10,31,11,0,750,113,"03, PLACE D ITALIE",,,Plein jour,En agglomération,Intersection à plus de 4 branches,Pluie légère,Sans collision,,,,,,,,,,,1,2,5,2,7
200800061787,0008-10-01 01:05:00,8,10,1,1,5,750,114,"117, BOULEVARD JOURDAN",,,Nuit avec éclairage allumé,En agglomération,Intersection en X,Normale,Deux véhicules - côté,,,,,,,,,,,5,2,2,1,3
200800061788,0008-10-01 10:40:00,8,10,1,10,40,750,114,"08, RUE HUYGHENS",,,Plein jour,En agglomération,Hors intersection,Temps couvert,Autre collision,,,,,,,,,,,1,2,1,8,6
200800061789,0008-10-03 12:20:00,8,10,3,12,20,750,114,"143, BOULEVARD BRUNE",,,Plein jour,En agglomération,Intersection en X,Pluie légère,Deux véhicules - côté,,,,,,,,,,,1,2,2,2,3
200800061790,0008-10-03 13:50:00,8,10,3,13,50,750,114,"44, RUE D ALESIA",,,Plein jour,En agglomération,Intersection en T,Pluie légère,Autre collision,,,,,,,,,,,1,2,3,2,6
200800061791,0008-10-04 06:50:00,8,10,4,6,50,750,114,"70, AVENUE DENFERT ROCHE",,,Crépuscule ou aube,En agglomération,Hors intersection,Normale,Sans collision,,,,,,,,,,,2,2,1,1,7
200800061792,0008-10-04 12:30:00,8,10,4,12,30,750,114,"141, AVENUE DU MAINE",,,Plein jour,En agglomération,Intersection en Y,Normale,Deux véhicules - côté,,,,,,,,,,,1,2,4,1,3
200800061793,0008-10-05 02:20:00,8,10,5,2,20,750,114,PLACE VICTOR ET HELENE B,,,Nuit avec éclairage allumé,En agglomération,Intersection à plus de 4 branches,Normale,Deux véhicules - arrière,,,,,,,,,,,5,2,5,1,2
200800061794,0008-10-05 14:30:00,8,10,5,14,30,750,114,"7, RUE SARRETTE",,,Plein jour,En agglomération,Hors intersection,Temps couvert,Sans collision,,,,,,,,,,,1,2,1,8,7
200800061795,0008-10-06 18:50:00,8,10,6,18,50,750,114,"99, AVENUE DU MAINE",,,Nuit avec éclairage allumé,En agglomération,Intersection en T,Normale,Deux véhicules - côté,,,,,,,,,,,5,2,3,1,3
200800061796,0008-10-07 06:45:00,8,10,7,6,45,750,114,"15, BOULEVARD ROMAIN ROL",,,Crépuscule ou aube,En agglomération,Intersection en T,Normale,Deux véhicules - côté,,,,,,,,,,,2,2,3,1,3
200800061797,0008-10-07 18:30:00,8,10,7,18,30,750,114,"133, RUE RAYMOND LOSSERA",,,Nuit avec éclairage allumé,En agglomération,Hors intersection,Pluie légère,Trois véhicules et plus - en chaîne,,,,,,,,,,,5,2,1,2,4
200800061798,0008-10-07 19:00:00,8,10,7,19,0,750,114,"4, RUE D ALESIA",,,Nuit avec éclairage allumé,En agglomération,Intersection en T,Pluie légère,Deux véhicules - côté,,,,,,,,,,,5,2,3,2,3
200800061799,0008-10-08 03:55:00,8,10,8,3,55,750,114,"45, RUE DES PLANTES",,,Nuit avec éclairage allumé,En agglomération,Intersection en X,Normale,Sans collision,,,,,,,,,,,5,2,2,1,7
200800061800,0008-10-08 21:50:00,8,10,8,21,50,750,114,BOULEVARD PERIPHERIQUE,,,Nuit avec éclairage allumé,En agglomération,Hors intersection,Normale,Deux véhicules - arrière,,,,,,,,,,,5,2,1,1,2
200800061801,0008-10-09 11:00:00,8,10,9,11,0,750,114,"31, AVENUE JEAN MOULIN",,,Plein jour,En agglomération,Hors intersection,Normale,Autre collision,,,,,,,,,,,1,2,1,1,6
200800061802,0008-10-09 16:10:00,8,10,9,16,10,750,114,"0, BOULEVARD RASPAIL",,,Plein jour,En agglomération,Intersection à plus de 4 branches,Normale,Sans collision,,,,,,,,,,,1,2,5,1,7
200800061803,0008-10-09 20:15:00,8,10,9,20,15,750,114,"20, PLACE DE CATALOGNE",,,Plein jour,En agglomération,Intersection à plus de 4 branches,Normale,Autre collision,,,,,,,,,,,1,2,5,1,6
200800061804,0008-10-10 20:30:00,8,10,10,20,30,750,114,"18, AVENUE MARC SANGNIER",,,Nuit avec éclairage allumé,En agglomération,Hors intersection,Normale,Deux véhicules - côté,,,,,,,,,,,5,2,1,1,3
200800061805,0008-10-12 17:12:00,8,10,12,17,12,750,114,BOULEVARD RASPAIL,,,Plein jour,En agglomération,Intersection en T,Normale,Deux véhicules - côté,,,,,,,,,,,1,2,3,1,3
200800061806,0008-10-14 20:20:00,8,10,14,20,20,750,114,BOULEVARD EDGAR QUINET,,,Nuit avec éclairage allumé,En agglomération,Hors intersection,Normale,Autre collision,,,,,,,,,,,5,2,1,1,6
200800061807,0008-10-17 20:25:00,8,10,17,20,25,750,114,"196, RUE RAYMOND LOSSERA",,,Nuit avec éclairage allumé,En agglomération,Hors intersection,Normale,Autre collision,,,,,,,,,,,5,2,1,1,6
200800061808,0008-10-18 12:05:00,8,10,18,12,5,750,114,"110, AVENUE DENFERT ROCH",,,Plein jour,En agglomération,Giratoire,Normale,Deux véhicules - côté,,,,,,,,,,,1,2,6,1,3
200800061809,0008-10-18 12:35:00,8,10,18,12,35,750,114,"207, BOULEVARD RASPAIL",,,Plein jour,En agglomération,Hors intersection,Normale,Sans collision,,,,,,,,,,,1,2,1,1,7
200800061810,0008-10-18 17:20:00,8,10,18,17,20,750,114,"48, AVENUE DU GENERAL LE",,,Plein jour,En agglomération,Hors intersection,Normale,Autre collision,,,,,,,,,,,1,2,1,1,6
200800061811,0008-10-18 20:38:00,8,10,18,20,38,750,114,PLACE DENFERT ROCHEREAU,,,Nuit avec éclairage allumé,En agglomération,Intersection en X,Normale,Deux véhicules - côté,,,,,,,,,,,5,2,2,1,3
200800061812,0008-10-19 00:40:00,8,10,19,0,40,750,114,"75, AVENUE PAUL VAILLANT",,,Nuit avec éclairage allumé,En agglomération,Hors intersection,Normale,Deux véhicules - frontale,,,,,,,,,,,5,2,1,1,1
200800061813,0008-10-19 15:25:00,8,10,19,15,25,750,114,"277, BOULEVARD RASPAIL",,,Plein jour,En agglomération,Hors intersection,Normale,Deux véhicules - côté,,,,,,,,,,,1,2,1,1,3
200800061814,0008-10-20 11:25:00,8,10,20,11,25,750,114,"37, RUE DU PERE CORENTIN",,,Plein jour,En agglomération,Intersection en T,Normale,Deux véhicules - côté,,,,,,,,,,,1,2,3,1,3
200800061815,0008-10-20 14:10:00,8,10,20,14,10,750,114,"63, AVENUE DENFERT ROCHE",,,Plein jour,En agglomération,Intersection en T,Normale,Deux véhicules - arrière,,,,,,,,,,,1,2,3,1,2
200800061816,0008-10-21 08:15:00,8,10,21,8,15,750,114,"231, BOULEVARD RASPAIL",,,Plein jour,En agglomération,Hors intersection,Pluie forte,Autre collision,,,,,,,,,,,1,2,1,3,6
200800061817,0008-10-21 15:10:00,8,10,21,15,10,750,114,"198, AVENUE DU MAINE",,,Plein jour,En agglomération,Hors intersection,Pluie forte,Deux véhicules - côté,,,,,,,,,,,1,2,1,3,3
200800061818,0008-10-21 17:55:00,8,10,21,17,55,750,114,"179, RUE D ALESIA",,,Plein jour,En agglomération,Intersection en T,Pluie légère,Deux véhicules - côté,,,,,,,,,,,1,2,3,2,3
200800061819,0008-10-21 20:10:00,8,10,21,20,10,750,114,"5, RUE DE LA CITE UNIVER",,,Nuit avec éclairage allumé,En agglomération,Hors intersection,Normale,Autre collision,,,,,,,,,,,5,2,1,1,6
200800061820,0008-10-22 10:50:00,8,10,22,10,50,750,114,PLACE DE LA PORTE DE CHA,,,Plein jour,En agglomération,Intersection en X,Temps couvert,Deux véhicules - côté,,,,,,,,,,,1,2,2,8,3
200800061821,0008-10-22 12:30:00,8,10,22,12,30,750,114,"84, RUE RAYMOND LOSSERAN",,,Plein jour,En agglomération,Intersection en T,Normale,Autre collision,,,,,,,,,,,1,2,3,1,6
200800061822,0008-10-22 17:30:00,8,10,22,17,30,750,114,"243, BOULEVARD RASPAIL",,,Plein jour,En agglomération,Hors intersection,Normale,Deux véhicules - arrière,,,,,,,,,,,1,2,1,1,2
200800061823,0008-10-23 13:20:00,8,10,23,13,20,750,114,AVENUE RENE COTY,,,Plein jour,En agglomération,Intersection en X,Normale,Deux véhicules - côté,,,,,,,,,,,1,2,2,1,3
200800061824,0008-10-23 17:15:00,8,10,23,17,15,750,114,"72, AVENUE DENFERT ROCHE",,,Plein jour,En agglomération,Hors intersection,Normale,Sans collision,,,,,,,,,,,1,2,1,1,7
200800061825,0008-10-24 21:55:00,8,10,24,21,55,750,114,"87, AVENUE DU GENERAL LE",,,Nuit avec éclairage allumé,En agglomération,Hors intersection,Normale,Deux véhicules - arrière,,,,,,,,,,,5,2,1,1,2
200800061826,0008-10-25 16:35:00,8,10,25,16,35,750,114,PLACE VICTOR ET HELENE B,,,Plein jour,En agglomération,Giratoire,Normale,Deux véhicules - côté,,,,,,,,,,,1,2,6,1,3
200800061827,0008-10-25 20:30:00,8,10,25,20,30,750,114,"1, BD PERIPHERIQUE INTER",,,Nuit avec éclairage allumé,En agglomération,Hors intersection,Normale,Deux véhicules - arrière,,,,,,,,,,,5,2,1,1,2
200800061828,0008-10-26 20:25:00,8,10,26,20,25,750,114,"143, AVENUE DE LA PORTE",,,Nuit avec éclairage allumé,En agglomération,Intersection en X,Normale,Deux véhicules - côté,,,,,,,,,,,5,2,2,1,3
200800061829,0008-10-27 12:20:00,8,10,27,12,20,750,114,RUE NANSOUTY,,,Plein jour,En agglomération,Intersection en X,Normale,Deux véhicules - côté,,,,,,,,,,,1,2,2,1,3
200800061830,0008-10-27 17:50:00,8,10,27,17,50,750,114,"64, BOULEVARD BRUNE",,,Nuit avec éclairage allumé,En agglomération,Hors intersection,Pluie légère,Autre collision,,,,,,,,,,,5,2,1,2,6
200800061831,0008-10-28 15:25:00,8,10,28,15,25,750,114,"30, PLACE DENFERT ROCHER",,,Plein jour,En agglomération,Intersection à plus de 4 branches,Normale,Sans collision,,,,,,,,,,,1,2,5,1,7
200800061832,0008-10-30 09:30:00,8,10,30,9,30,750,114,AVENUE LUCIEN DESCAVES,,,Plein jour,En agglomération,Hors intersection,Normale,Autre collision,,,,,,,,,,,1,2,1,1,6
200800061833,0008-10-30 10:30:00,8,10,30,10,30,750,114,"149, RUE D ALESIA",,,Plein jour,En agglomération,Intersection en T,Normale,Autre collision,,,,,,,,,,,1,2,3,1,6
200800061834,0008-10-30 11:30:00,8,10,30,11,30,750,114,BOULEVARD RASPAIL,,,Plein jour,En agglomération,Intersection en T,Normale,Deux véhicules - côté,,,,,,,,,,,1,2,3,1,3
200800061835,0008-10-30 18:10:00,8,10,30,18,10,750,114,RUE DE LA LEGION ETRANGE,,,Nuit avec éclairage allumé,En agglomération,Hors intersection,Pluie légère,Deux véhicules - côté,,,,,,,,,,,5,2,1,2,3
200800061836,0008-10-10 09:25:00,8,10,10,9,25,750,107,"43, AVENUE DE SUFFREN",,,Plein jour,En agglomération,Hors intersection,Normale,Sans collision,,,,,,,,,,,1,2,1,1,7
200800061837,0008-10-01 08:10:00,8,10,1,8,10,750,115,"31, RUE DE LA MONTAGNE D",,,Plein jour,En agglomération,Hors intersection,Normale,Autre collision,,,,,,,,,,,1,2,1,1,6
200800061838,0008-10-01 19:20:00,8,10,1,19,20,750,115,"27, BOULEVARD VICTOR",,,Plein jour,En agglomération,Intersection en X,Normale,Deux véhicules - côté,,,,,,,,,,,1,2,2,1,3
200800061839,0008-10-02 17:30:00,8,10,2,17,30,750,115,"7, RUE DESNOUETTES",,,Plein jour,En agglomération,Intersection en T,Pluie légère,Deux véhicules - côté,,,,,,,,,,,1,2,3,2,3
200800061840,0008-10-03 10:35:00,8,10,3,10,35,750,115,"365, RUE DE VAUGIRARD",,,Plein jour,En agglomération,Intersection en T,Normale,Autre collision,,,,,,,,,,,1,2,3,1,6
200800061841,0008-10-04 08:20:00,8,10,4,8,20,750,115,"49, AVENUE ALBERT BARTHO",,,Plein jour,En agglomération,Intersection en T,Normale,Deux véhicules - côté,,,,,,,,,,,1,2,3,1,3
200800061842,0008-10-05 04:15:00,8,10,5,4,15,750,115,"14, RUE DE LA CROIX NIVE",,,Nuit avec éclairage allumé,En agglomération,Hors intersection,Temps couvert,Autre collision,,,,,,,,,,,5,2,1,8,6
200800061843,0008-10-06 17:03:00,8,10,6,17,3,750,115,AVENUE DU MAINE,,,Plein jour,En agglomération,Intersection à plus de 4 branches,Normale,Sans collision,,,,,,,,,,,1,2,5,1,7
200800061844,0008-10-06 19:20:00,8,10,6,19,20,750,115,"194, RUE DE LA CONVENTIO",,,Nuit avec éclairage allumé,En agglomération,Intersection en X,Normale,Autre collision,,,,,,,,,,,5,2,2,1,6
200800061845,0008-10-07 14:45:00,8,10,7,14,45,750,115,"2, AVENUE DE LA PORTE DE",,,Plein jour,En agglomération,Hors intersection,Normale,Deux véhicules - arrière,,,,,,,,,,,1,2,1,1,2
200800061846,0008-10-08 15:08:00,8,10,8,15,8,750,115,"1, RUE DU DOCTEUR ROUX",,,Plein jour,En agglomération,Intersection en X,Normale,Deux véhicules - côté,,,,,,,,,,,1,2,2,1,3
200800061847,0008-10-09 08:45:00,8,10,9,8,45,750,115,"65, BOULEVARD DE GRENELL",,,Plein jour,En agglomération,Hors intersection,Temps couvert,Deux véhicules - côté,,,,,,,,,,,1,2,1,8,3
200800061848,0008-10-12 14:15:00,8,10,12,14,15,750,115,"35, QUAI DE GRENELLE",,,Plein jour,En agglomération,Intersection en T,Normale,Trois véhicules et plus - collisions multiples,,,,,,,,,,,1,2,3,1,5
200800061849,0008-10-14 19:00:00,8,10,14,19,0,750,115,"82, RUE LECOURBE",,,Nuit avec éclairage allumé,En agglomération,Hors intersection,Normale,Autre collision,,,,,,,,,,,5,2,1,1,6
200800061850,0008-10-14 22:50:00,8,10,14,22,50,750,115,"45, RUE FELIX FAURE",,,Nuit avec éclairage allumé,En agglomération,Intersection en X,Normale,Deux véhicules - côté,,,,,,,,,,,5,2,2,1,3
200800061851,0008-10-15 19:40:00,8,10,15,19,40,750,115,"11, PLACE DUPLEIX",,,Nuit avec éclairage allumé,En agglomération,Hors intersection,Pluie légère,Sans collision,,,,,,,,,,,5,2,1,2,7
200800061852,0008-10-16 10:20:00,8,10,16,10,20,750,115,"26, AVENUE DE LA PORTE D",,,Plein jour,En agglomération,Intersection en X,Pluie légère,Deux véhicules - arrière,,,,,,,,,,,1,2,2,2,2
200800061853,0008-10-16 13:50:00,8,10,16,13,50,750,115,"42, RUE DE LA CONVENTION",,,Plein jour,En agglomération,Intersection en X,Pluie légère,Sans collision,,,,,,,,,,,1,2,2,2,7
200800061854,0008-10-16 15:10:00,8,10,16,15,10,750,115,RUE DE LA CROIX NIVERT,,,Plein jour,En agglomération,Intersection en X,Normale,Deux véhicules - côté,,,,,,,,,,,1,2,2,1,3
200800061855,0008-10-17 18:45:00,8,10,17,18,45,750,115,"176, RUE LECOURBE",,,Crépuscule ou aube,En agglomération,Intersection en X,Normale,Autre collision,,,,,,,,,,,2,2,2,1,6
200800061856,0008-10-19 23:20:00,8,10,19,23,20,750,115,PONT DU GARIGLIANO,,,Nuit avec éclairage allumé,En agglomération,Intersection en X,Normale,Sans collision,,,,,,,,,,,5,2,2,1,7
200800061857,0008-10-20 10:25:00,8,10,20,10,25,750,115,QUAI D ISSY LES MOULINEA,,,Plein jour,En agglomération,Hors intersection,Normale,Deux véhicules - côté,,,,,,,,,,,1,2,1,1,3