accident_id,datetime,annee,mois,jour,heure,minute,departement,commune_insee,adresse,latitude,longitude,luminosite,agglomeration,intersection,meteo,collision,nb_vehicules,nb_usagers,nb_indemnes,nb_tues,nb_blesses_hosp,nb_blesses_legers,age_cond_1,age_cond_2,veh_type_cond_1,veh_type_cond_2,lum_code,agg_code,int_code,atm_code,col_code
200800061858,0008-10-22 08:10:00,8,10,22,8,10,750,115,"2, PLACE BALARD",,,Plein jour,En agglomération,Intersection à plus de 4 branches,Normale,Deux véhicules - côté,,,,,,,,,,,1,2,5,1,3
200800061859,0008-10-23 12:00:00,8,10,23,12,0,750,115,RUE BLOMET,,,Plein jour,En agglomération,Intersection en X,Normale,Autre collision,,,,,,,,,,,1,2,2,1,6
200800061860,0008-10-24 02:10:00,8,10,24,2,10,750,115,"15 bis, RUE BLOMET",,,Nuit avec éclairage allumé,En agglomération,Hors intersection,Normale,Sans collision,,,,,,,,,,,5,2,1,1,7
200800061861,0008-10-24 09:20:00,8,10,24,9,20,750,115,QUAI BRANLY,,,Plein jour,En agglomération,Intersection en T,Normale,Deux véhicules - côté,,,,,,,,,,,1,2,3,1,3
200800061862,0008-10-24 16:45:00,8,10,24,16,45,750,115,"163, BOULEVARD LEFEBVRE",,,Plein jour,En agglomération,Hors intersection,Temps couvert,Autre collision,,,,,,,,,,,1,2,1,8,6
200800061863,0008-10-24 21:20:00,8,10,24,21,20,750,115,"1, QUAI ANDRE CITROEN",,,Nuit avec éclairage allumé,En agglomération,Intersection en X,Normale,Sans collision,,,,,,,,,,,5,2,2,1,7
200800061864,0008-10-27 14:05:00,8,10,27,14,5,750,115,"50, RUE HENRY FARMAN",,,Plein jour,En agglomération,Hors intersection,Pluie forte,Deux véhicules - côté,,,,,,,,,,,1,2,1,3,3
200800061865,0008-10-27 15:10:00,8,10,27,15,10,750,115,RUE DE LOURMEL,,,Plein jour,En agglomération,Intersection en X,Pluie légère,Deux véhicules - côté,,,,,,,,,,,1,2,2,2,3
200800061866,0008-10-27 19:30:00,8,10,27,19,30,750,115,"61, BOULEVARD GARIBALDI",,,Nuit avec éclairage allumé,En agglomération,Intersection en Y,Pluie légère,Autre collision,,,,,,,,,,,5,2,4,2,6
200800061867,0008-10-28 19:15:00,8,10,28,19,15,750,115,QUAI ANDRE CITROEN,,,Nuit avec éclairage allumé,En agglomération,Hors intersection,Pluie légère,Trois véhicules et plus - en chaîne,,,,,,,,,,,5,2,1,2,4
200800061868,0008-10-29 08:55:00,8,10,29,8,55,750,115,"193, RUE DE LA CONVENTIO",,,Plein jour,En agglomération,Hors intersection,Normale,Autre collision,,,,,,,,,,,1,2,1,1,6
200800061869,0008-10-31 12:25:00,8,10,31,12,25,750,115,"184, RUE DE LA CONVENTIO",,,Plein jour,En agglomération,Hors intersection,Pluie légère,Autre collision,,,,,,,,,,,1,2,1,2,6
200800061870,0008-10-31 12:50:00,8,10,31,12,50,750,115,"19-21, RUE CAMBRONNE",,,Plein jour,En agglomération,Hors intersection,Pluie légère,Sans collision,,,,,,,,,,,1,2,1,2,7
200800061871,0008-10-31 23:08:00,8,10,31,23,8,750,115,"ANGLE, BOULEVARD LEFEBVR",,,Nuit avec éclairage allumé,En agglomération,Intersection en X,Normale,Deux véhicules - côté,,,,,,,,,,,5,2,2,1,3
200800061872,0008-10-01 09:17:00,8,10,1,9,17,750,116,"14, RUE DE PASSY",,,Plein jour,En agglomération,Intersection en T,Temps couvert,Trois véhicules et plus - en chaîne,,,,,,,,,,,1,2,3,8,4
200800061873,0008-10-02 07:25:00,8,10,2,7,25,750,116,ALLEE DE LA REINE MARGUE,,,Crépuscule ou aube,En agglomération,Hors intersection,Normale,Autre collision,,,,,,,,,,,2,2,1,1,6
200800061874,0008-10-03 09:20:00,8,10,3,9,20,750,116,AVENUE GEORGES LAFONT,,,Plein jour,En agglomération,Hors intersection,Normale,Sans collision,,,,,,,,,,,1,2,1,1,7
200800061875,0008-10-03 09:25:00,8,10,3,9,25,750,116,VOIE GEORGES POMPIDOU,,,Plein jour,En agglomération,Hors intersection,Pluie légère,Deux véhicules - arrière,,,,,,,,,,,1,2,1,2,2
200800061876,0008-10-03 08:45:00,8,10,3,8,45,750,115,QUAI D ISSY LES MOULINEA,,,Plein jour,En agglomération,Hors intersection,Autre,Sans collision,,,,,,,,,,,1,2,1,9,7
200800061877,0008-10-03 14:00:00,8,10,3,14,0,750,116,"101, BOULEVARD EXELMANS",,,Plein jour,En agglomération,Intersection en X,Pluie légère,Autre collision,,,,,,,,,,,1,2,2,2,6
200800061878,0008-10-05 22:15:00,8,10,5,22,15,750,116,"56, RUE D AUTEUIL",,,Nuit avec éclairage allumé,En agglomération,Intersection en T,Pluie légère,Autre collision,,,,,,,,,,,5,2,3,2,6
200800061879,0008-10-06 08:50:00,8,10,6,8,50,750,116,PLACE D IENA,,,Plein jour,En agglomération,Intersection à plus de 4 branches,Normale,Deux véhicules - côté,,,,,,,,,,,1,2,5,1,3
200800061880,0008-10-07 07:50:00,8,10,7,7,50,750,116,PLACE DE LA PORTE MAILLO,,,Crépuscule ou aube,En agglomération,Intersection à plus de 4 branches,Pluie légère,Deux véhicules - côté,,,,,,,,,,,2,2,5,2,3
200800061881,0008-10-07 08:20:00,8,10,7,8,20,750,116,"81, METRO MICHEL ANGE MO",,,Plein jour,En agglomération,Intersection en T,Normale,Sans collision,,,,,,,,,,,1,2,3,1,7
200800061882,0008-10-07 13:30:00,8,10,7,13,30,750,116,"89, AVENUE KLEBER",,,Plein jour,En agglomération,Hors intersection,Normale,Autre collision,,,,,,,,,,,1,2,1,1,6
200800061883,0008-10-07 13:30:00,8,10,7,13,30,750,108,AVENUE MARCEAU,,,Plein jour,En agglomération,Intersection en T,Normale,Deux véhicules - côté,,,,,,,,,,,1,2,3,1,3
200800061884,0008-10-07 23:00:00,8,10,7,23,0,750,116,PLACE DE LA PORTE MAILLO,,,Nuit avec éclairage allumé,En agglomération,Intersection à plus de 4 branches,Pluie légère,Deux véhicules - côté,,,,,,,,,,,5,2,5,2,3
200800061885,0008-10-08 10:15:00,8,10,8,10,15,750,116,BOULEVARD FLANDRIN,,,Plein jour,En agglomération,Hors intersection,Normale,Autre collision,,,,,,,,,,,1,2,1,1,6
200800061886,0008-10-08 13:40:00,8,10,8,13,40,750,116,"146, AVENUE DE VERSAILLE",,,Plein jour,En agglomération,Hors intersection,Normale,Autre collision,,,,,,,,,,,1,2,1,1,6
200800061887,0008-10-08 15:05:00,8,10,8,15,5,750,116,"127, RUE DE LA POMPE",,,Plein jour,En agglomération,Hors intersection,Normale,Autre collision,,,,,,,,,,,1,2,1,1,6
200800061888,0008-10-09 08:31:00,8,10,9,8,31,750,116,ALLEE DE LA REINE MARGUE,,,Plein jour,En agglomération,Intersection en X,Normale,Deux véhicules - côté,,,,,,,,,,,1,2,2,1,3
200800061889,0008-10-09 15:45:00,8,10,9,15,45,750,116,AVENUE DE NEW YORK,,,Plein jour,En agglomération,Hors intersection,Normale,Autre collision,,,,,,,,,,,1,2,1,1,6
200800061890,0008-10-09 14:55:00,8,10,9,14,55,750,116,ROUTE DE SURESNES,,,Plein jour,En agglomération,Hors intersection,Normale,Deux véhicules - arrière,,,,,,,,,,,1,2,1,1,2
200800061891,0008-10-10 15:20:00,8,10,10,15,20,750,116,AVENUE HENRI MARTIN,,,Plein jour,En agglomération,Intersection à plus de 4 branches,Normale,Autre collision,,,,,,,,,,,1,2,5,1,6
200800061892,0008-10-10 21:25:00,8,10,10,21,25,750,116,"32, AVENUE DE NEW YORK",,,Nuit avec éclairage allumé,En agglomération,Hors intersection,Normale,Autre collision,,,,,,,,,,,5,2,1,1,6
200800061893,0008-10-11 09:45:00,8,10,11,9,45,750,116,"35, RUE DU GENERAL DELES",,,Plein jour,En agglomération,Intersection en X,Normale,Autre collision,,,,,,,,,,,1,2,2,1,6
200800061894,0008-10-11 11:50:00,8,10,11,11,50,750,116,PLACE DE COSTA RICA,,,Plein jour,En agglomération,Intersection à plus de 4 branches,Normale,Deux véhicules - côté,,,,,,,,,,,1,2,5,1,3
200800061895,0008-10-13 11:15:00,8,10,13,11,15,750,116,BOULEVARD PERIPHERIQUE E,,,Plein jour,En agglomération,Hors intersection,Normale,Trois véhicules et plus - collisions multiples,,,,,,,,,,,1,2,1,1,5
200800061896,0008-10-13 12:30:00,8,10,13,12,30,750,116,"95, AVENUE VICTOR HUGO",,,Plein jour,En agglomération,Hors intersection,Normale,Deux véhicules - côté,,,,,,,,,,,1,2,1,1,3
200800061897,0008-10-13 20:20:00,8,10,13,20,20,750,116,BOULEVARD DE L AMIRAL BR,,,Nuit avec éclairage allumé,En agglomération,Intersection en X,Normale,Deux véhicules - côté,,,,,,,,,,,5,2,2,1,3
200800061898,0008-10-14 18:30:00,8,10,14,18,30,750,116,"58, RUE DES VIGNES",,,Plein jour,En agglomération,Hors intersection,Normale,Autre collision,,,,,,,,,,,1,2,1,1,6
200800061899,0008-10-14 21:05:00,8,10,14,21,5,750,116,"79, BOULEVARD SUCHET",,,Nuit avec éclairage allumé,En agglomération,Hors intersection,Normale,Autre collision,,,,,,,,,,,5,2,1,1,6
200800061900,0008-10-15 07:30:00,8,10,15,7,30,750,116,"6, AVENUE INGRES",,,Crépuscule ou aube,En agglomération,Hors intersection,Normale,Deux véhicules - côté,,,,,,,,,,,2,2,1,1,3
200800061901,0008-10-15 12:30:00,8,10,15,12,30,750,116,PLACE DU PARAGUAY,,,Plein jour,En agglomération,Intersection en X,Pluie légère,Deux véhicules - côté,,,,,,,,,,,1,2,2,2,3
200800061902,0008-10-15 18:00:00,8,10,15,18,0,750,116,"156, AVENUE DE VERSAILLE",,,Plein jour,En agglomération,Hors intersection,Pluie légère,Deux véhicules - côté,,,,,,,,,,,1,2,1,2,3
200800061903,0008-10-15 19:20:00,8,10,15,19,20,750,116,"22, AVENUE MARCEAU",,,Nuit avec éclairage allumé,En agglomération,Hors intersection,Pluie légère,Sans collision,,,,,,,,,,,5,2,1,2,7
200800061904,0008-10-15 20:45:00,8,10,15,20,45,750,116,BOULEVARD EXELMANS,,,Nuit avec éclairage allumé,En agglomération,Intersection en X,Pluie légère,Deux véhicules - côté,,,,,,,,,,,5,2,2,2,3
200800061905,0008-10-16 09:30:00,8,10,16,9,30,750,116,"24, RUE DU RANELAGH",,,Plein jour,En agglomération,Hors intersection,Pluie légère,Deux véhicules - arrière,,,,,,,,,,,1,2,1,2,2
200800061906,0008-10-16 09:00:00,8,10,16,9,0,750,116,"83, AVENUE MARCEAU",,,Plein jour,En agglomération,Intersection en X,Pluie légère,Sans collision,,,,,,,,,,,1,2,2,2,7
200800061907,0008-10-16 09:50:00,8,10,16,9,50,750,116,"58, RUE DES VIGNES",,,Plein jour,En agglomération,Intersection en X,Normale,Autre collision,,,,,,,,,,,1,2,2,1,6
200800061908,0008-10-16 17:45:00,8,10,16,17,45,750,116,ALLEE DE LA REINE MARGUE,,,Plein jour,En agglomération,Hors intersection,Normale,Deux véhicules - côté,,,,,,,,,,,1,2,1,1,3
200800061909,0008-10-17 08:40:00,8,10,17,8,40,750,116,"18, AVENUE KLEBER",,,Plein jour,En agglomération,Intersection en T,Normale,Autre collision,,,,,,,,,,,1,2,3,1,6
200800061910,0008-10-17 21:15:00,8,10,17,21,15,750,116,RUE DE BOULAINVILLIERS,,,Nuit avec éclairage allumé,En agglomération,Intersection en X,Normale,Deux véhicules - côté,,,,,,,,,,,5,2,2,1,3
200800061911,0008-10-18 00:33:00,8,10,18,0,33,750,116,AVENUE RAPHAEL,,,Nuit avec éclairage allumé,En agglomération,Intersection en Y,Normale,Autre collision,,,,,,,,,,,5,2,4,1,6
200800061912,0008-10-18 18:45:00,8,10,18,18,45,750,116,RUE DE BOULAINVILLIERS,,,Nuit avec éclairage allumé,En agglomération,Intersection en X,Normale,Sans collision,,,,,,,,,,,5,2,2,1,7
200800061913,0008-10-20 07:35:00,8,10,20,7,35,750,116,"27, AVENUE MARCEAU",,,Crépuscule ou aube,En agglomération,Intersection en X,Normale,Autre collision,,,,,,,,,,,2,2,2,1,6
200800061914,0008-10-21 14:00:00,8,10,21,14,0,750,116,PLACE CHARLES DE GAULLE,,,Plein jour,En agglomération,Intersection à plus de 4 branches,Pluie légère,Sans collision,,,,,,,,,,,1,2,5,2,7
200800061915,0008-10-21 15:55:00,8,10,21,15,55,750,116,"39, AVENUE MARCEAU",,,Plein jour,En agglomération,Hors intersection,Temps couvert,Sans collision,,,,,,,,,,,1,2,1,8,7
200800061916,0008-10-21 14:56:00,8,10,21,14,56,750,116,ROUTE DE SURESNES,,,Plein jour,En agglomération,Intersection en X,Pluie légère,Deux véhicules - arrière,,,,,,,,,,,1,2,2,2,2
200800061917,0008-10-22 11:30:00,8,10,22,11,30,750,116,"63, RUE DE LONGCHAMP",,,Plein jour,En agglomération,Intersection en X,Normale,Autre collision,,,,,,,,,,,1,2,2,1,6
200800061918,0008-10-22 15:55:00,8,10,22,15,55,750,116,"114, AVENUE DE VERSAILLE",,,Plein jour,En agglomération,Hors intersection,Normale,Autre collision,,,,,,,,,,,1,2,1,1,6
200800061919,0008-10-22 19:40:00,8,10,22,19,40,750,116,"125, AVENUE VICTOR HUGO",,,Nuit avec éclairage allumé,En agglomération,Hors intersection,Normale,Autre collision,,,,,,,,,,,5,2,1,1,6
200800061920,0008-10-22 21:00:00,8,10,22,21,0,750,116,"24, RUE BOILEAU",,,Nuit avec éclairage allumé,En agglomération,Hors intersection,Normale,Deux véhicules - côté,,,,,,,,,,,5,2,1,1,3
200800061921,0008-10-23 08:00:00,8,10,23,8,0,750,116,RUE DE REMUSAT,,,Plein jour,En agglomération,Intersection en T,Normale,Autre collision,,,,,,,,,,,1,2,3,1,6
200800061922,0008-10-23 14:20:00,8,10,23,14,20,750,116,"53, RUE DE LONGCHAMP",,,Plein jour,En agglomération,Hors intersection,Normale,Autre collision,,,,,,,,,,,1,2,1,1,6
200800061923,0008-10-23 21:57:00,8,10,23,21,57,750,116,"42, RUE DE LA POMPE",,,Nuit avec éclairage allumé,En agglomération,Intersection en X,Normale,Deux véhicules - côté,,,,,,,,,,,5,2,2,1,3
200800061924,0008-10-24 08:45:00,8,10,24,8,45,750,116,"43-45, AVENUE KLEBER",,,Plein jour,En agglomération,Hors intersection,Normale,Deux véhicules - côté,,,,,,,,,,,1,2,1,1,3
200800061925,0008-10-24 17:50:00,8,10,24,17,50,750,116,AVENUE DE VERSAILLES,,,Crépuscule ou aube,En agglomération,Intersection à plus de 4 branches,Normale,Autre collision,,,,,,,,,,,2,2,5,1,6
200800061926,0008-10-25 13:00:00,8,10,25,13,0,750,116,CHAUSSEE LA MUETTE,,,Plein jour,En agglomération,Place,Temps couvert,Deux véhicules - côté,,,,,,,,,,,1,2,7,8,3
200800061927,0008-10-27 09:50:00,8,10,27,9,50,750,116,"95, AVENUE KLEBER",,,Plein jour,En agglomération,Hors intersection,Normale,Deux véhicules - côté,,,,,,,,,,,1,2,1,1,3
200800061928,0008-10-27 16:10:00,8,10,27,16,10,750,116,AVENUE DU PRESIDENT KENN,,,Plein jour,En agglomération,Hors intersection,Pluie légère,Sans collision,,,,,,,,,,,1,2,1,2,7
200800061929,0008-10-28 09:50:00,8,10,28,9,50,750,116,ALLEE DU BORD DE L EAU,,,Plein jour,En agglomération,Hors intersection,Normale,Deux véhicules - côté,,,,,,,,,,,1,2,1,1,3
200800061930,0008-10-28 11:50:00,8,10,28,11,50,750,116,PLACE D IENA,,,Plein jour,En agglomération,Intersection à plus de 4 branches,Normale,Autre collision,,,,,,,,,,,1,2,5,1,6
200800061931,0008-10-28 13:25:00,8,10,28,13,25,750,116,ALLEE DE LONGCHAMP,,,Plein jour,En agglomération,Hors intersection,Normale,Deux véhicules - côté,,,,,,,,,,,1,2,1,1,3
200800061932,0008-10-30 09:30:00,8,10,30,9,30,750,116,"205, AVENUE DE VERSAILLE",,,Plein jour,En agglomération,Hors intersection,Normale,Deux véhicules - côté,,,,,,,,,,,1,2,1,1,3
200800061933,0008-10-30 20:30:00,8,10,30,20,30,750,116,ALLEE DU BORD DE L EAU,,,Nuit avec éclairage allumé,En agglomération,Hors intersection,Pluie légère,Trois véhicules et plus - en chaîne,,,,,,,,,,,5,2,1,2,4
200800061934,0008-10-31 15:50:00,8,10,31,15,50,750,116,AVENUE DE LA GRANDE ARME,,,Plein jour,En agglomération,Hors intersection,Temps couvert,Autre collision,,,,,,,,,,,1,2,1,8,6
200800061935,0008-10-02 12:30:00,8,10,2,12,30,750,117,"70, BOULEVARD DE COURCEL",,,Plein jour,En agglomération,Hors intersection,Pluie légère,Autre collision,,,,,,,,,,,1,2,1,2,6
200800061936,0008-10-02 19:50:00,8,10,2,19,50,750,117,"27, RUE JOUFFROY D ABBAN",,,Nuit avec éclairage allumé,En agglomération,Intersection en X,Normale,Deux véhicules - côté,,,,,,,,,,,5,2,2,1,3
200800061937,0008-10-03 14:00:00,8,10,3,14,0,750,117,"99, AVENUE DE CLICHY",,,Plein jour,En agglomération,Intersection en X,Pluie légère,Deux véhicules - côté,,,,,,,,,,,1,2,2,2,3
200800061938,0008-10-04 21:35:00,8,10,4,21,35,750,117,"14, AVENUE DE VILLIERS",,,Nuit avec éclairage allumé,En agglomération,Hors intersection,Normale,Deux véhicules - côté,,,,,,,,,,,5,2,1,1,3
200800061939,0008-10-04 23:05:00,8,10,4,23,5,750,117,"21, AVENUE DE SAINT OUEN",,,Nuit avec éclairage allumé,En agglomération,Hors intersection,Normale,Deux véhicules - côté,,,,,,,,,,,5,2,1,1,3
200800061940,0008-10-05 06:20:00,8,10,5,6,20,750,117,"22, BOULEVARD DE COURCEL",,,Nuit avec éclairage allumé,En agglomération,Hors intersection,Pluie légère,Deux véhicules - côté,,,,,,,,,,,5,2,1,2,3
200800061941,0008-10-06 18:05:00,8,10,6,18,5,750,117,"95, RUE DE COURCELLES",,,Crépuscule ou aube,En agglomération,Hors intersection,Normale,Deux véhicules - côté,,,,,,,,,,,2,2,1,1,3
200800061942,0008-10-07 18:30:00,8,10,7,18,30,750,117,"180, AVENUE DE CLICHY",,,Plein jour,En agglomération,Intersection en T,Normale,Autre collision,,,,,,,,,,,1,2,3,1,6
200800061943,0008-10-07 20:45:00,8,10,7,20,45,750,117,"47, AVENUE DES TERNES",,,Nuit avec éclairage allumé,En agglomération,Intersection en T,Pluie forte,Deux véhicules - côté,,,,,,,,,,,5,2,3,3,3
200800061944,0008-10-08 16:00:00,8,10,8,16,0,750,117,"76, AVENUE DE LA GRANDE",,,Plein jour,En agglomération,Hors intersection,Normale,Autre collision,,,,,,,,,,,1,2,1,1,6
200800061945,0008-10-09 15:20:00,8,10,9,15,20,750,117,BOULEVARD PERSHING,,,Plein jour,En agglomération,Intersection en X,Normale,Deux véhicules - côté,,,,,,,,,,,1,2,2,1,3
200800061946,0008-10-10 17:49:00,8,10,10,17,49,750,117,"33, RUE GUY MOQUET",,,Plein jour,En agglomération,Hors intersection,Normale,Sans collision,,,,,,,,,,,1,2,1,1,7
200800061947,0008-10-10 18:00:00,8,10,10,18,0,750,117,"59, AVENUE DE SAINT OUEN",,,Plein jour,En agglomération,Intersection en T,Normale,Autre collision,,,,,,,,,,,1,2,3,1,6
200800061948,0008-10-11 04:05:00,8,10,11,4,5,750,117,"106, BOULEVARD DE COURCE",,,Nuit avec éclairage allumé,En agglomération,Intersection en T,Normale,Deux véhicules - arrière,,,,,,,,,,,5,2,3,1,2
200800061949,0008-10-11 15:05:00,8,10,11,15,5,750,117,"197, BOULEVARD PEREIRE",,,Plein jour,En agglomération,Intersection en T,Normale,Deux véhicules - côté,,,,,,,,,,,1,2,3,1,3
200800061950,0008-10-12 06:55:00,8,10,12,6,55,750,117,"202, BOULEVARD MALESHERB",,,Nuit avec éclairage allumé,En agglomération,Intersection en T,Normale,Trois véhicules et plus - en chaîne,,,,,,,,,,,5,2,3,1,4
200800061951,0008-10-13 08:30:00,8,10,13,8,30,750,117,"73, RUE CARDINET",,,Plein jour,En agglomération,Intersection en X,Normale,Autre collision,,,,,,,,,,,1,2,2,1,6
200800061952,0008-10-13 12:30:00,8,10,13,12,30,750,117,"/, AVENUE DE LA PORTE DE",,,Plein jour,En agglomération,Intersection en X,Normale,Deux véhicules - côté,,,,,,,,,,,1,2,2,1,3
200800061953,0008-10-14 17:05:00,8,10,14,17,5,750,117,"2, BOULEVARD DE REIMS",,,Plein jour,En agglomération,Intersection en X,Normale,Autre collision,,,,,,,,,,,1,2,2,1,6
200800061954,0008-10-15 09:25:00,8,10,15,9,25,750,117,"36, BOULEVARD BESSIERES",,,Plein jour,En agglomération,Hors intersection,Pluie légère,Sans collision,,,,,,,,,,,1,2,1,2,7
200800061955,0008-10-15 13:10:00,8,10,15,13,10,750,117,"203, BOULEVARD PEREIRE",,,Plein jour,En agglomération,Hors intersection,Pluie légère,Sans collision,,,,,,,,,,,1,2,1,2,7
200800061956,0008-10-15 14:00:00,8,10,15,14,0,750,117,"66, AVENUE DE LA GRANDE",,,Plein jour,En agglomération,Intersection en T,Pluie légère,Sans collision,,,,,,,,,,,1,2,3,2,7
200800061957,0008-10-16 13:05:00,8,10,16,13,5,750,117,"02, AVENUE DES TERNES",,,Plein jour,En agglomération,Hors intersection,Temps couvert,Autre collision,,,,,,,,,,,1,2,1,8,6
200800061958,0008-10-16 14:10:00,8,10,16,14,10,750,117,BOULEVARD DES BATIGNOLLE,,,Plein jour,En agglomération,Hors intersection,Pluie légère,Deux véhicules - arrière,,,,,,,,,,,1,2,1,2,2
200800061959,0008-10-17 14:20:00,8,10,17,14,20,750,117,"29, RUE JACQUES IBERT",,,Plein jour,En agglomération,Intersection en X,Normale,Deux véhicules - arrière,,,,,,,,,,,1,2,2,1,2
200800061960,0008-10-18 00:30:00,8,10,18,0,30,750,117,PLACE DE LA PORTE MAILLO,,,Nuit avec éclairage allumé,En agglomération,Hors intersection,Normale,Deux véhicules - côté,,,,,,,,,,,5,2,1,1,3
200800061961,0008-10-19 05:20:00,8,10,19,5,20,750,117,RUE DES BATIGNOLLES,,,Nuit avec éclairage allumé,En agglomération,Intersection en X,Normale,Deux véhicules - côté,,,,,,,,,,,5,2,2,1,3
200800061962,0008-10-20 18:30:00,8,10,20,18,30,750,117,"1, RUE DES BATIGNOLLES",,,Plein jour,En agglomération,Intersection en X,Normale,Deux véhicules - côté,,,,,,,,,,,1,2,2,1,3
200800061963,0008-10-21 07:55:00,8,10,21,7,55,750,117,"62, AVENUE DE VILLIERS",,,Plein jour,En agglomération,Intersection en X,Pluie forte,Deux véhicules - côté,,,,,,,,,,,1,2,2,3,3
200800061964,0008-10-21 16:45:00,8,10,21,16,45,750,117,RUE NAVIER,,,Plein jour,En agglomération,Intersection en X,Pluie légère,Autre collision,,,,,,,,,,,1,2,2,2,6
200800061965,0008-10-22 22:30:00,8,10,22,22,30,750,117,PLACE DE CLICHY,,,Nuit avec éclairage allumé,En agglomération,Intersection à plus de 4 branches,Normale,Deux véhicules - côté,,,,,,,,,,,5,2,5,1,3
200800061966,0008-10-23 00:10:00,8,10,23,0,10,750,117,"153, AVENUE DE SAINT OUE",,,Nuit avec éclairage allumé,En agglomération,Intersection en X,Normale,Autre collision,,,,,,,,,,,5,2,2,1,6
200800061967,0008-10-21 12:35:00,8,10,21,12,35,750,117,"11, AVENUE DE LA PORTE D",,,Plein jour,En agglomération,Hors intersection,Pluie légère,Autre collision,,,,,,,,,,,1,2,1,2,6
200800061968,0008-10-23 08:40:00,8,10,23,8,40,750,117,RUE DE ROME,,,Plein jour,En agglomération,Intersection en X,Normale,Deux véhicules - côté,,,,,,,,,,,1,2,2,1,3
200800061969,0008-10-23 19:50:00,8,10,23,19,50,750,117,"127, AVENUE DE CLICHY",,,Nuit avec éclairage allumé,En agglomération,Intersection en X,Normale,Deux véhicules - côté,,,,,,,,,,,5,2,2,1,3
200800061970,0008-10-24 09:50:00,8,10,24,9,50,750,117,"113, RUE DE COURCELLES",,,Plein jour,En agglomération,Hors intersection,Normale,Deux véhicules - côté,,,,,,,,,,,1,2,1,1,3
200800061971,0008-10-25 16:20:00,8,10,25,16,20,750,117,"96, BOULEVARD BERTHIER",,,Plein jour,En agglomération,Intersection en X,Normale,Deux véhicules - côté,,,,,,,,,,,1,2,2,1,3
200800061972,0008-10-25 18:50:00,8,10,25,18,50,750,117,"2, RUE GUY MOQUET",,,Nuit avec éclairage allumé,En agglomération,Hors intersection,Normale,Autre collision,,,,,,,,,,,5,2,1,1,6
200800061973,0008-10-25 18:40:00,8,10,25,18,40,750,117,"01, AVENUE DE LA PORTE D",,,Plein jour,En agglomération,Intersection en X,Normale,Deux véhicules - côté,,,,,,,,,,,1,2,2,1,3
200800061974,0008-10-26 18:14:00,8,10,26,18,14,750,117,"42, BOULEVARD DE DOUAUMO",,,Nuit avec éclairage allumé,En agglomération,Hors intersection,Normale,Deux véhicules - côté,,,,,,,,,,,5,2,1,1,3
200800061975,0008-10-27 13:54:00,8,10,27,13,54,750,117,"6 A, BOULEVARD DE REIMS",,,Plein jour,En agglomération,Hors intersection,Pluie légère,Autre collision,,,,,,,,,,,1,2,1,2,6
200800061976,0008-10-27 23:25:00,8,10,27,23,25,750,117,"70, AVENUE DE SAINT OUEN",,,Nuit avec éclairage allumé,En agglomération,Intersection en T,Normale,Deux véhicules - côté,,,,,,,,,,,5,2,3,1,3
200800061977,0008-10-28 08:10:00,8,10,28,8,10,750,117,"17 BIS, AVENUE DE SAINT",,,Plein jour,En agglomération,Hors intersection,Normale,Deux véhicules - côté,,,,,,,,,,,1,2,1,1,3
200800061978,0008-10-29 13:00:00,8,10,29,13,0,750,117,"01, RUE GUERSANT",,,Plein jour,En agglomération,Intersection en X,Normale,Autre collision,,,,,,,,,,,1,2,2,1,6
200800061979,0008-10-29 15:30:00,8,10,29,15,30,750,117,"178, BOULEVARD PEREIRE",,,Plein jour,En agglomération,Hors intersection,Normale,Deux véhicules - arrière,,,,,,,,,,,1,2,1,1,2
200800061980,0008-10-30 16:55:00,8,10,30,16,55,750,117,"133, AVENUE DE VILLIERS",,,Crépuscule ou aube,En agglomération,Hors intersection,Pluie légère,Sans collision,,,,,,,,,,,2,2,1,2,7
200800061981,0008-10-31 00:40:00,8,10,31,0,40,750,117,"41, AVENUE DE CLICHY",,,Nuit avec éclairage allumé,En agglomération,Hors intersection,Pluie légère,Deux véhicules - côté,,,,,,,,,,,5,2,1,2,3
200800061982,0008-10-31 11:30:00,8,10,31,11,30,750,117,"172, RUE CARDINET",,,Plein jour,En agglomération,Hors intersection,Pluie légère,Deux véhicules - côté,,,,,,,,,,,1,2,1,2,3
200800061983,0008-10-31 11:35:00,8,10,31,11,35,750,117,"5, AVENUE DE LA PORTE DE",,,Plein jour,En agglomération,Hors intersection,Pluie légère,Deux véhicules - arrière,,,,,,,,,,,1,2,1,2,2
200800061984,0008-10-20 13:00:00,8,10,20,13,0,750,118,BOULEVARD BARBES,,,Plein jour,En agglomération,Hors intersection,Normale,Autre collision,,,,,,,,,,,1,2,1,1,6
200800061985,0008-10-01 17:15:00,8,10,1,17,15,750,118,"54, BOULEVARD NEY",,,Plein jour,En agglomération,Intersection en Y,Temps couvert,Deux véhicules - côté,,,,,,,,,,,1,2,4,8,3
200800061986,0008-10-01 20:30:00,8,10,1,20,30,750,118,"70, RUE ORDENER",,,Nuit avec éclairage allumé,En agglomération,Intersection en T,Normale,Deux véhicules - côté,,,,,,,,,,,5,2,3,1,3
200800061987,0008-10-03 22:05:00,8,10,3,22,5,750,118,BOULEVARD NEY,,,Nuit avec éclairage allumé,En agglomération,Intersection à plus de 4 branches,Normale,Deux véhicules - arrière,,,,,,,,,,,5,2,5,1,2