accident_id,datetime,annee,mois,jour,heure,minute,departement,commune_insee,adresse,latitude,longitude,luminosite,agglomeration,intersection,meteo,collision,nb_vehicules,nb_usagers,nb_indemnes,nb_tues,nb_blesses_hosp,nb_blesses_legers,age_cond_1,age_cond_2,veh_type_cond_1,veh_type_cond_2,lum_code,agg_code,int_code,atm_code,col_code
200800061988,0008-10-05 16:30:00,8,10,5,16,30,750,118,"14, RUE VAUVENARGUES",,,Plein jour,En agglomération,Intersection en Y,Pluie légère,Autre collision,,,,,,,,,,,1,2,4,2,6
200800061989,0008-10-07 18:40:00,8,10,7,18,40,750,118,"19, RUE CAULAINCOURT",,,Crépuscule ou aube,En agglomération,Intersection en X,Pluie légère,Autre collision,,,,,,,,,,,2,2,2,2,6
200800061990,0008-10-08 19:45:00,8,10,8,19,45,750,118,"48bis, RUE BOINOD",,,Nuit avec éclairage allumé,En agglomération,Hors intersection,Normale,Autre collision,,,,,,,,,,,5,2,1,1,6
200800061991,0008-10-10 22:00:00,8,10,10,22,0,750,118,"60, BOULEVARD DE CLICHY",,,Nuit avec éclairage allumé,En agglomération,Hors intersection,Normale,Autre collision,,,,,,,,,,,5,2,1,1,6
200800061992,0008-10-11 04:25:00,8,10,11,4,25,750,118,"93, RUE DE CLIGNANCOURT",,,Nuit avec éclairage allumé,En agglomération,Intersection à plus de 4 branches,Normale,Autre collision,,,,,,,,,,,5,2,5,1,6
200800061993,0008-10-12 20:50:00,8,10,12,20,50,750,118,"13, RUE DE LA BONNE",,,Nuit avec éclairage allumé,En agglomération,Hors intersection,Normale,Autre collision,,,,,,,,,,,5,2,1,1,6
200800061994,0008-10-15 02:25:00,8,10,15,2,25,750,118,"90, BOULEVARD NEY",,,Nuit avec éclairage allumé,En agglomération,Hors intersection,Normale,Sans collision,,,,,,,,,,,5,2,1,1,7
200800061995,0008-10-16 07:50:00,8,10,16,7,50,750,118,BOULEVARD NEY,,,Plein jour,En agglomération,Hors intersection,Pluie forte,Sans collision,,,,,,,,,,,1,2,1,3,7
200800061996,0008-10-16 17:10:00,8,10,16,17,10,750,118,BOULEVARD BARBES,,,Plein jour,En agglomération,Intersection en X,Normale,Deux véhicules - côté,,,,,,,,,,,1,2,2,1,3
200800061997,0008-10-16 18:10:00,8,10,16,18,10,750,118,"50, RUE MARX DORMOY",,,Plein jour,En agglomération,Hors intersection,Normale,Deux véhicules - côté,,,,,,,,,,,1,2,1,1,3
200800061998,0008-10-17 18:00:00,8,10,17,18,0,750,118,"77, RUE DE LA CHAPELLE",,,Plein jour,En agglomération,Hors intersection,Normale,Autre collision,,,,,,,,,,,1,2,1,1,6
200800061999,0008-10-18 02:10:00,8,10,18,2,10,750,118,"29, BOULEVARD NEY",,,Nuit avec éclairage allumé,En agglomération,Hors intersection,Normale,Autre collision,,,,,,,,,,,5,2,1,1,6
200800062000,0008-10-18 23:37:00,8,10,18,23,37,750,118,"32, RUE ORDENER",,,Nuit avec éclairage allumé,En agglomération,Intersection en X,Normale,Deux véhicules - frontale,,,,,,,,,,,5,2,2,1,1
200800062001,0008-10-21 07:30:00,8,10,21,7,30,750,118,"54, RUE DE L EVANGILE",,,Crépuscule ou aube,En agglomération,Hors intersection,Pluie légère,Autre collision,,,,,,,,,,,2,2,1,2,6
200800062002,0008-10-21 12:50:00,8,10,21,12,50,750,118,ECHANGEUR CHAPELLE,,,Plein jour,En agglomération,Hors intersection,Pluie légère,Autre collision,,,,,,,,,,,1,2,1,2,6
200800062003,0008-10-22 10:30:00,8,10,22,10,30,750,118,"64, RUE DE LA CHAPELLE",,,Plein jour,En agglomération,Intersection en X,Normale,Deux véhicules - côté,,,,,,,,,,,1,2,2,1,3
200800062004,0008-10-25 17:30:00,8,10,25,17,30,750,118,"12, AVENUE DE LA PORTE D",,,Plein jour,En agglomération,Intersection en X,Normale,Deux véhicules - côté,,,,,,,,,,,1,2,2,1,3
200800062005,0008-10-26 23:25:00,8,10,26,23,25,750,118,"104, RUE DU POTEAU",,,Nuit avec éclairage allumé,En agglomération,Intersection en T,Pluie légère,Deux véhicules - côté,,,,,,,,,,,5,2,3,2,3
200800062006,0008-10-29 19:30:00,8,10,29,19,30,750,118,"29, RUE HERMEL",,,Nuit avec éclairage allumé,En agglomération,Intersection en X,Normale,Autre collision,,,,,,,,,,,5,2,2,1,6
200800062007,0008-10-29 23:00:00,8,10,29,23,0,750,118,"26, BOULEVARD BARBES",,,Nuit avec éclairage allumé,En agglomération,Hors intersection,Normale,Deux véhicules - arrière,,,,,,,,,,,5,2,1,1,2
200800062008,0008-10-30 17:30:00,8,10,30,17,30,750,118,BOULEVARD NEY,,,Nuit avec éclairage allumé,En agglomération,Hors intersection,Pluie forte,Deux véhicules - côté,,,,,,,,,,,5,2,1,3,3
200800062009,0008-10-31 00:15:00,8,10,31,0,15,750,118,"29, BOULEVARD NEY",,,Nuit avec éclairage allumé,En agglomération,Intersection en X,Pluie légère,Sans collision,,,,,,,,,,,5,2,2,2,7
200800062010,0008-10-01 12:50:00,8,10,1,12,50,750,119,"30, AVENUE DE LAUMIERE",,,Plein jour,En agglomération,Intersection en X,Temps couvert,Autre collision,,,,,,,,,,,1,2,2,8,6
200800062011,0008-10-01 15:55:00,8,10,1,15,55,750,119,"28 bis, AVENUE CORENTIN",,,Plein jour,En agglomération,Hors intersection,Pluie légère,Deux véhicules - côté,,,,,,,,,,,1,2,1,2,3
200800062012,0008-10-03 18:15:00,8,10,3,18,15,750,119,"199, RUE DE CRIMEE",,,Plein jour,En agglomération,Hors intersection,Pluie légère,Autre collision,,,,,,,,,,,1,2,1,2,6
200800062013,0008-10-03 13:10:00,8,10,3,13,10,750,119,"102, AVENUE DE FLANDRE",,,Plein jour,En agglomération,Intersection en T,Pluie légère,Autre collision,,,,,,,,,,,1,2,3,2,6
200800062014,0008-10-06 10:40:00,8,10,6,10,40,750,119,AVENUE DE FLANDRE,,,Plein jour,En agglomération,Intersection en X,Normale,Deux véhicules - côté,,,,,,,,,,,1,2,2,1,3
200800062015,0008-10-06 12:50:00,8,10,6,12,50,750,119,"221-223, AVENUE JEAN JAU",,,Plein jour,En agglomération,Hors intersection,Normale,Deux véhicules - côté,,,,,,,,,,,1,2,1,1,3
200800062016,0008-10-06 18:25:00,8,10,6,18,25,750,119,"1, AVENUE CORENTIN CARIO",,,Plein jour,En agglomération,Intersection en T,Normale,Deux véhicules - côté,,,,,,,,,,,1,2,3,1,3
200800062017,0008-10-07 20:20:00,8,10,7,20,20,750,119,"136, AVENUE DE FLANDRE",,,Nuit avec éclairage allumé,En agglomération,Hors intersection,Pluie légère,Deux véhicules - côté,,,,,,,,,,,5,2,1,2,3
200800062018,0008-10-08 09:55:00,8,10,8,9,55,750,119,"58, RUE COMPANS",,,Plein jour,En agglomération,Hors intersection,Normale,Autre collision,,,,,,,,,,,1,2,1,1,6
200800062019,0008-10-07 21:30:00,8,10,7,21,30,750,119,"66, AVENUE SIMON BOLIVAR",,,Nuit avec éclairage allumé,En agglomération,Intersection en T,Pluie forte,Autre collision,,,,,,,,,,,5,2,3,3,6
200800062020,0008-10-10 13:40:00,8,10,10,13,40,750,119,"224, BOULEVARD DE LA VIL",,,Plein jour,En agglomération,Intersection en X,Normale,Deux véhicules - côté,,,,,,,,,,,1,2,2,1,3
200800062021,0008-10-10 14:15:00,8,10,10,14,15,750,119,"4, RUE GOUBET",,,Plein jour,En agglomération,Hors intersection,Normale,Deux véhicules - frontale,,,,,,,,,,,1,2,1,1,1
200800062022,0008-10-10 14:30:00,8,10,10,14,30,750,119,ECHANGEUR PANTIN,,,Plein jour,En agglomération,Hors intersection,Normale,Deux véhicules - arrière,,,,,,,,,,,1,2,1,1,2
200800062023,0008-10-10 16:33:00,8,10,10,16,33,750,119,"97, RUE PETIT",,,Plein jour,En agglomération,Hors intersection,Normale,Deux véhicules - arrière,,,,,,,,,,,1,2,1,1,2
200800062024,0008-10-11 23:30:00,8,10,11,23,30,750,119,"40, RUE D AUBERVILLIERS",,,Nuit avec éclairage allumé,En agglomération,Intersection en T,Normale,Autre collision,,,,,,,,,,,5,2,3,1,6
200800062025,0008-10-12 11:45:00,8,10,12,11,45,750,119,"148, AVENUE JEAN JAURES",,,Plein jour,En agglomération,Hors intersection,Normale,Autre collision,,,,,,,,,,,1,2,1,1,6
200800062026,0008-10-12 10:50:00,8,10,12,10,50,750,119,"117, RUE DE BELLEVILLE",,,Plein jour,En agglomération,Intersection en T,Normale,Deux véhicules - frontale,,,,,,,,,,,1,2,3,1,1
200800062027,0008-10-13 09:15:00,8,10,13,9,15,750,119,"93, RUE DE L OURCQ",,,Plein jour,En agglomération,Intersection en X,Normale,Autre collision,,,,,,,,,,,1,2,2,1,6
200800062028,0008-10-17 13:10:00,8,10,17,13,10,750,119,"218, RUE D AUBERVILLIERS",,,Plein jour,En agglomération,Intersection en X,Normale,Deux véhicules - côté,,,,,,,,,,,1,2,2,1,3
200800062029,0008-10-18 00:20:00,8,10,18,0,20,750,110,"172, RUE DU FAUBOURG SAI",,,Nuit avec éclairage allumé,En agglomération,Hors intersection,Normale,Deux véhicules - côté,,,,,,,,,,,5,2,1,1,3
200800062030,0008-10-18 02:33:00,8,10,18,2,33,750,119,"81, RUE DE MEAUX",,,Nuit avec éclairage allumé,En agglomération,Intersection en X,Normale,Deux véhicules - côté,,,,,,,,,,,5,2,2,1,3
200800062031,0008-10-19 11:30:00,8,10,19,11,30,750,119,"84, RUE MANIN",,,Plein jour,En agglomération,Hors intersection,Normale,Deux véhicules - arrière,,,,,,,,,,,1,2,1,1,2
200800062032,0008-10-19 19:45:00,8,10,19,19,45,750,119,"96, BOULEVARD DE LA VILL",,,Nuit sans éclairage public,En agglomération,Hors intersection,Normale,Sans collision,,,,,,,,,,,3,2,1,1,7
200800062033,0008-10-19 21:10:00,8,10,19,21,10,750,119,"22, AVENUE RENE FONCK",,,Nuit avec éclairage allumé,En agglomération,Hors intersection,Normale,Deux véhicules - arrière,,,,,,,,,,,5,2,1,1,2
200800062034,0008-10-21 08:50:00,8,10,21,8,50,750,119,"133, AVENUE JEAN JAURES",,,Plein jour,En agglomération,Intersection en X,Pluie légère,Autre collision,,,,,,,,,,,1,2,2,2,6
200800062035,0008-10-22 16:40:00,8,10,22,16,40,750,119,"RAS, RUE DE CRIMEE",,,Plein jour,En agglomération,Intersection à plus de 4 branches,Normale,Deux véhicules - côté,,,,,,,,,,,1,2,5,1,3
200800062036,0008-10-23 23:20:00,8,10,23,23,20,750,119,PLACE DE LA BATAILLE DE,,,Nuit avec éclairage allumé,En agglomération,Intersection à plus de 4 branches,Normale,Deux véhicules - arrière,,,,,,,,,,,5,2,5,1,2
200800062037,0008-10-23 21:22:00,8,10,23,21,22,750,119,"48, AVENUE JEAN JAURES",,,Nuit avec éclairage allumé,En agglomération,Hors intersection,Normale,Deux véhicules - arrière,,,,,,,,,,,5,2,1,1,2
200800062038,0008-10-24 17:15:00,8,10,24,17,15,750,119,"17, AVENUE DE LA PORTE D",,,Plein jour,En agglomération,Hors intersection,Pluie légère,Deux véhicules - côté,,,,,,,,,,,1,2,1,2,3
200800062039,0008-10-26 11:15:00,8,10,26,11,15,750,119,"35, RUE D HAUTPOUL",,,Plein jour,En agglomération,Hors intersection,Normale,Autre collision,,,,,,,,,,,1,2,1,1,6
200800062040,0008-10-26 16:40:00,8,10,26,16,40,750,119,"4, RUE DE CRIMEE",,,Plein jour,En agglomération,Hors intersection,Normale,Autre collision,,,,,,,,,,,1,2,1,1,6
200800062041,0008-10-27 12:20:00,8,10,27,12,20,750,119,"vis N34, RUE DE BELLEVIL",,,Plein jour,En agglomération,Intersection en X,Temps couvert,Autre collision,,,,,,,,,,,1,2,2,8,6
200800062042,0008-10-27 15:05:00,8,10,27,15,5,750,119,"21/23, AVENUE JEAN JAURE",,,Plein jour,En agglomération,Intersection en T,Pluie légère,Deux véhicules - côté,,,,,,,,,,,1,2,3,2,3
200800062043,0008-10-28 11:30:00,8,10,28,11,30,750,119,RUE DE L INSPECTEUR ALLE,,,Plein jour,En agglomération,Intersection à plus de 4 branches,Normale,Deux véhicules - arrière,,,,,,,,,,,1,2,5,1,2
200800062044,0008-10-29 10:42:00,8,10,29,10,42,750,119,"0, AVENUE DE LA PORTE DE",,,Plein jour,En agglomération,Intersection en T,Normale,Deux véhicules - côté,,,,,,,,,,,1,2,3,1,3
200800062045,0008-10-30 09:20:00,8,10,30,9,20,750,119,"1, PLACE SKANDERBEG",,,Crépuscule ou aube,En agglomération,Intersection à plus de 4 branches,Normale,Autre collision,,,,,,,,,,,2,2,5,1,6
200800062046,0008-10-30 11:10:00,8,10,30,11,10,750,119,"109, RUE MANIN",,,Plein jour,En agglomération,Hors intersection,Temps couvert,Deux véhicules - arrière,,,,,,,,,,,1,2,1,8,2
200800062047,0008-10-30 20:00:00,8,10,30,20,0,750,119,"7, AVENUE DE LA PORTE CH",,,Nuit avec éclairage allumé,En agglomération,Intersection en X,Pluie légère,Deux véhicules - côté,,,,,,,,,,,5,2,2,2,3
200800062048,0008-10-30 21:00:00,8,10,30,21,0,750,119,"29, QUAI DE LA SEINE",,,Nuit avec éclairage allumé,En agglomération,Intersection en T,Pluie légère,Autre collision,,,,,,,,,,,5,2,3,2,6
200800062049,0008-10-03 19:20:00,8,10,3,19,20,750,120,"72, BOULEVARD DAVOUT",,,Nuit avec éclairage allumé,En agglomération,Intersection en X,Pluie légère,Autre collision,,,,,,,,,,,5,2,2,2,6
200800062050,0008-10-01 16:00:00,8,10,1,16,0,750,120,"371, RUE DES PYRENEES",,,Plein jour,En agglomération,Intersection en X,Pluie légère,Deux véhicules - côté,,,,,,,,,,,1,2,2,2,3
200800062051,0008-10-01 18:30:00,8,10,1,18,30,750,120,BOULEVARD DAVOUT,,,Plein jour,En agglomération,Intersection à plus de 4 branches,Normale,Autre collision,,,,,,,,,,,1,2,5,1,6
200800062052,0008-10-02 15:00:00,8,10,2,15,0,750,120,"118, RUE DE BAGNOLET",,,Plein jour,En agglomération,Intersection à plus de 4 branches,Pluie légère,Autre collision,,,,,,,,,,,1,2,5,2,6
200800062053,0008-10-02 15:45:00,8,10,2,15,45,750,120,"105, RUE DES PYRENEES",,,Plein jour,En agglomération,Hors intersection,Normale,Autre collision,,,,,,,,,,,1,2,1,1,6
200800062054,0008-10-04 07:15:00,8,10,4,7,15,750,120,"17, AVENUE GAMBETTA",,,Crépuscule ou aube,En agglomération,Hors intersection,Normale,Sans collision,,,,,,,,,,,2,2,1,1,7
200800062055,0008-10-07 01:50:00,8,10,7,1,50,750,120,"116, RUE D AVRON",,,Nuit avec éclairage allumé,En agglomération,Hors intersection,Pluie légère,Autre collision,,,,,,,,,,,5,2,1,2,6
200800062056,0008-10-07 23:25:00,8,10,7,23,25,750,120,"262, RUE DES PYRENEES",,,Nuit avec éclairage allumé,En agglomération,Hors intersection,Pluie légère,Autre collision,,,,,,,,,,,5,2,1,2,6
200800062057,0008-10-08 16:30:00,8,10,8,16,30,750,120,"86, RUE D AVRON",,,Plein jour,En agglomération,Hors intersection,Normale,Sans collision,,,,,,,,,,,1,2,1,1,7
200800062058,0008-10-10 08:15:00,8,10,10,8,15,750,120,AVENUE DE LA PORTE DE BA,,,Plein jour,En agglomération,Hors intersection,Normale,Deux véhicules - côté,,,,,,,,,,,1,2,1,1,3
200800062059,0008-10-10 18:35:00,8,10,10,18,35,750,120,"18, RUE DE TLEMCEN",,,Plein jour,En agglomération,Intersection en X,Normale,Autre collision,,,,,,,,,,,1,2,2,1,6
200800062060,0008-10-10 19:50:00,8,10,10,19,50,750,120,"200, RUE DE BELLEVILLE",,,Nuit avec éclairage allumé,En agglomération,Hors intersection,Normale,Autre collision,,,,,,,,,,,5,2,1,1,6
200800062061,0008-10-11 18:25:00,8,10,11,18,25,750,120,"130, BOULEVARD DE BELLEV",,,Plein jour,En agglomération,Intersection à plus de 4 branches,Normale,Trois véhicules et plus - en chaîne,,,,,,,,,,,1,2,5,1,4
200800062062,0008-10-12 15:15:00,8,10,12,15,15,750,120,PLACE DE LA PORTE DE MON,,,Plein jour,En agglomération,Intersection à plus de 4 branches,Normale,Sans collision,,,,,,,,,,,1,2,5,1,7
200800062063,0008-10-13 09:30:00,8,10,13,9,30,750,120,"55, RUE DES ORTEAUX",,,Plein jour,En agglomération,Hors intersection,Normale,Sans collision,,,,,,,,,,,1,2,1,1,7
200800062064,0008-10-13 08:40:00,8,10,13,8,40,750,120,"75, COURS DE VINCENNES",,,Plein jour,En agglomération,Hors intersection,Normale,Deux véhicules - arrière,,,,,,,,,,,1,2,1,1,2
200800062065,0008-10-13 15:44:00,8,10,13,15,44,750,120,"130, BOULEVARD DE MENILM",,,Plein jour,En agglomération,Intersection en X,Normale,Deux véhicules - arrière,,,,,,,,,,,1,2,2,1,2
200800062066,0008-10-13 18:20:00,8,10,13,18,20,750,120,"72, BOULEVARD DAVOUT",,,Plein jour,En agglomération,Hors intersection,Normale,Trois véhicules et plus - collisions multiples,,,,,,,,,,,1,2,1,1,5
200800062067,0008-10-15 07:05:00,8,10,15,7,5,750,120,COURS DE VINCENNES,,,Nuit avec éclairage allumé,En agglomération,Intersection en X,Normale,Deux véhicules - côté,,,,,,,,,,,5,2,2,1,3
200800062068,0008-10-15 12:10:00,8,10,15,12,10,750,120,"138, BOULEVARD DE CHARON",,,Plein jour,En agglomération,Hors intersection,Pluie légère,Sans collision,,,,,,,,,,,1,2,1,2,7
200800062069,0008-10-16 11:10:00,8,10,16,11,10,750,120,"127, RUE D AVRON",,,Plein jour,En agglomération,Hors intersection,Normale,Autre collision,,,,,,,,,,,1,2,1,1,6
200800062070,0008-10-16 16:55:00,8,10,16,16,55,750,120,"19, RUE SAINT FARGEAU",,,Plein jour,En agglomération,Intersection en X,Normale,Autre collision,,,,,,,,,,,1,2,2,1,6
200800062071,0008-10-16 21:55:00,8,10,16,21,55,750,120,AVENUE GAMBETTA,,,Nuit avec éclairage allumé,En agglomération,Intersection en X,Normale,Autre collision,,,,,,,,,,,5,2,2,1,6
200800062072,0008-10-17 18:45:00,8,10,17,18,45,750,120,"175 bis, RUE DES PYRENEE",,,Nuit sans éclairage public,En agglomération,Hors intersection,Normale,Deux véhicules - côté,,,,,,,,,,,3,2,1,1,3
200800062073,0008-10-18 00:05:00,8,10,18,0,5,750,120,"48, RUE ALEXANDRE DUMAS",,,Nuit avec éclairage allumé,En agglomération,Intersection en X,Normale,Deux véhicules - côté,,,,,,,,,,,5,2,2,1,3
200800062074,0008-10-18 17:30:00,8,10,18,17,30,750,120,BOULEVARD DAVOUT,,,Plein jour,En agglomération,Intersection en X,Normale,Autre collision,,,,,,,,,,,1,2,2,1,6
200800062075,0008-10-18 19:00:00,8,10,18,19,0,750,120,PORTE DE MONTREUIL,,,Crépuscule ou aube,En agglomération,Hors intersection,Normale,Sans collision,,,,,,,,,,,2,2,1,1,7
200800062076,0008-10-18 21:30:00,8,10,18,21,30,750,120,RUE DES PYRENEES,,,Nuit avec éclairage allumé,En agglomération,Intersection en X,Normale,Deux véhicules - frontale,,,,,,,,,,,5,2,2,1,1
200800062077,0008-10-19 00:10:00,8,10,19,0,10,750,120,RUE DES PYRENEES,,,Nuit avec éclairage allumé,En agglomération,Intersection en X,Normale,Deux véhicules - côté,,,,,,,,,,,5,2,2,1,3
200800062078,0008-10-19 05:50:00,8,10,19,5,50,750,120,BOULEVARD PERIPHERIQUE I,,,Nuit avec éclairage allumé,En agglomération,Hors intersection,Normale,Deux véhicules - arrière,,,,,,,,,,,5,2,1,1,2
200800062079,0008-10-19 20:30:00,8,10,19,20,30,750,120,"55, AVENUE GAMBETTA",,,Nuit avec éclairage allumé,En agglomération,Intersection en X,Normale,Deux véhicules - côté,,,,,,,,,,,5,2,2,1,3
200800062080,0008-10-20 11:35:00,8,10,20,11,35,750,120,"105, BOULEVARD DAVOUT",,,Plein jour,En agglomération,Hors intersection,Normale,Deux véhicules - côté,,,,,,,,,,,1,2,1,1,3
200800062081,0008-10-22 19:12:00,8,10,22,19,12,750,120,AVENUE DU DOCTEUR GLEY,,,Nuit avec éclairage allumé,En agglomération,Intersection en X,Normale,Deux véhicules - côté,,,,,,,,,,,5,2,2,1,3
200800062082,0008-10-23 13:33:00,8,10,23,13,33,750,120,"132, BOULEVARD DE BELLEV",,,Plein jour,En agglomération,Hors intersection,Normale,Autre collision,,,,,,,,,,,1,2,1,1,6
200800062083,0008-10-23 18:55:00,8,10,23,18,55,750,120,RUE D AVRON,,,Nuit avec éclairage allumé,En agglomération,Intersection en X,Normale,Deux véhicules - côté,,,,,,,,,,,5,2,2,1,3
200800062084,0008-10-27 05:00:00,8,10,27,5,0,750,120,"118, BOULEVARD DAVOUT",,,Nuit avec éclairage allumé,En agglomération,Intersection en X,Pluie forte,Autre collision,,,,,,,,,,,5,2,2,3,6
200800062085,0008-10-27 09:45:00,8,10,27,9,45,750,120,"166, RUE DE BAGNOLET",,,Plein jour,En agglomération,Hors intersection,Pluie légère,Deux véhicules - côté,,,,,,,,,,,1,2,1,2,3
200800062086,0008-10-27 16:05:00,8,10,27,16,5,750,120,"21, AVENUE GAMBETTA",,,Plein jour,En agglomération,Hors intersection,Pluie forte,Autre collision,,,,,,,,,,,1,2,1,3,6
200800062087,0008-10-27 21:22:00,8,10,27,21,22,750,120,"71, RUE ALEXANDRE DUMAS",,,Nuit avec éclairage allumé,En agglomération,Intersection en X,Normale,Autre collision,,,,,,,,,,,5,2,2,1,6
200800062088,0008-10-28 18:50:00,8,10,28,18,50,750,120,PLACE DU MAQUIS DU VERCO,,,Nuit avec éclairage allumé,En agglomération,Intersection en X,Pluie légère,Trois véhicules et plus - en chaîne,,,,,,,,,,,5,2,2,2,4
200800062089,0008-10-29 18:40:00,8,10,29,18,40,750,120,"93, AVENUE GAMBETTA",,,Nuit avec éclairage allumé,En agglomération,Hors intersection,Temps couvert,Autre collision,,,,,,,,,,,5,2,1,8,6
200800062090,0008-10-30 23:15:00,8,10,30,23,15,750,120,"153-155, RUE DE MENILMON",,,Nuit avec éclairage allumé,En agglomération,Hors intersection,Pluie légère,Autre collision,,,,,,,,,,,5,2,1,2,6
200800062091,0008-10-01 15:37:00,8,10,1,15,37,750,107,AVENUE DU MARECHAL GALLI,,,Plein jour,En agglomération,Intersection en X,Normale,Deux véhicules - côté,,,,,,,,,,,1,2,2,1,3
200800062092,0008-10-01 15:45:00,8,10,1,15,45,750,108,AVENUE DES CHAMPS ELYSEE,,,Plein jour,En agglomération,Intersection à plus de 4 branches,Normale,Autre collision,,,,,,,,,,,1,2,5,1,6
200800062093,0008-10-01 23:45:00,8,10,1,23,45,750,104,RUE DE LOBAU,,,Nuit avec éclairage allumé,En agglomération,Intersection en T,Normale,Deux véhicules - côté,,,,,,,,,,,5,2,3,1,3
200800062094,0008-10-02 17:55:00,8,10,2,17,55,750,113,BOULEVARD PERIPHERIQUE E,,,Plein jour,En agglomération,Hors intersection,Pluie légère,Autre collision,,,,,,,,,,,1,2,1,2,6
200800062095,0008-10-03 08:30:00,8,10,3,8,30,750,117,BOULEVARD PERIPHERIQUE,,,Plein jour,En agglomération,Hors intersection,Temps couvert,Autre collision,,,,,,,,,,,1,2,1,8,6
200800062096,0008-10-03 09:40:00,8,10,3,9,40,750,119,BOULEVARD PERIPHERIQUE E,,,Plein jour,En agglomération,Hors intersection,Temps couvert,Deux véhicules - arrière,,,,,,,,,,,1,2,1,8,2
200800062097,0008-10-03 19:50:00,8,10,3,19,50,750,112,"11, AVENUE DU TREMBLAY",,,Nuit avec éclairage allumé,En agglomération,Hors intersection,Normale,Deux véhicules - côté,,,,,,,,,,,5,2,1,1,3
200800062098,0008-10-04 02:00:00,8,10,4,2,0,750,112,"///, AVENUE COURTELINE",,,Nuit avec éclairage allumé,En agglomération,Intersection en X,Normale,Autre collision,,,,,,,,,,,5,2,2,1,6
200800062099,0008-10-04 09:20:00,8,10,4,9,20,750,112,AVENUE DES CANADIENS,,,Plein jour,En agglomération,Intersection en T,Normale,Deux véhicules - côté,,,,,,,,,,,1,2,3,1,3
200800062100,0008-10-04 16:56:00,8,10,4,16,56,750,111,"166, BOULEVARD VOLTAIRE",,,Plein jour,En agglomération,Hors intersection,Normale,Autre collision,,,,,,,,,,,1,2,1,1,6
200800062101,0008-10-04 19:40:00,8,10,4,19,40,750,119,BOULEVARD PERIPHERIQUE,,,Nuit avec éclairage allumé,En agglomération,Hors intersection,Normale,Trois véhicules et plus - en chaîne,,,,,,,,,,,5,2,1,1,4
200800062102,0008-10-05 03:20:00,8,10,5,3,20,750,108,RUE DE PONTHIEU,,,Nuit avec éclairage allumé,En agglomération,Intersection en X,Normale,Autre collision,,,,,,,,,,,5,2,2,1,6
200800062103,0008-10-06 10:45:00,8,10,6,10,45,750,104,"16, QUAI DE L HOTEL DE V",,,Plein jour,En agglomération,Hors intersection,Temps couvert,Autre collision,,,,,,,,,,,1,2,1,8,6
200800062104,0008-10-07 05:30:00,8,10,7,5,30,750,118,"62, AVENUE DE SAINT OUEN",,,Nuit avec éclairage allumé,En agglomération,Intersection en T,Pluie légère,Deux véhicules - côté,,,,,,,,,,,5,2,3,2,3
200800062105,0008-10-07 07:00:00,8,10,7,7,0,750,108,PLACE DE DUBLIN,,,Nuit avec éclairage allumé,En agglomération,Intersection à plus de 4 branches,Normale,Autre collision,,,,,,,,,,,5,2,5,1,6
200800062106,0008-10-08 10:06:00,8,10,8,10,6,750,120,BOULEVARD PERIPHERIQUE,,,Plein jour,En agglomération,Hors intersection,Normale,Deux véhicules - côté,,,,,,,,,,,1,2,1,1,3
200800062107,0008-10-08 11:07:00,8,10,8,11,7,750,116,BOULEVARD PERIPHERIQUE,,,Plein jour,En agglomération,Intersection en Y,Normale,Autre collision,,,,,,,,,,,1,2,4,1,6
200800062108,0008-10-08 13:55:00,8,10,8,13,55,750,113,"5, PLACE D ITALIE",,,Plein jour,En agglomération,Hors intersection,Normale,Deux véhicules - arrière,,,,,,,,,,,1,2,1,1,2
200800062109,0008-10-10 13:45:00,8,10,10,13,45,750,120,BOULEVARD PERIPHERIQUE I,,,Plein jour,En agglomération,Hors intersection,Normale,Trois véhicules et plus - en chaîne,,,,,,,,,,,1,2,1,1,4
200800062110,0008-10-10 16:30:00,8,10,10,16,30,750,112,"61, RUE DE LYON",,,Plein jour,En agglomération,Hors intersection,Normale,Autre collision,,,,,,,,,,,1,2,1,1,6
200800062111,0008-10-10 22:55:00,8,10,10,22,55,750,115,RUE FREMICOURT,,,Nuit avec éclairage allumé,En agglomération,Intersection en X,Normale,Deux véhicules - côté,,,,,,,,,,,5,2,2,1,3
200800062112,0008-10-10 23:20:00,8,10,10,23,20,750,111,"130, AVENUE LEDRU ROLLIN",,,Nuit avec éclairage allumé,En agglomération,Intersection en T,Normale,Deux véhicules - côté,,,,,,,,,,,5,2,3,1,3
200800062113,0008-10-11 02:40:00,8,10,11,2,40,750,103,"203, RUE SAINT MARTIN",,,Nuit avec éclairage allumé,En agglomération,Intersection en T,Normale,Autre collision,,,,,,,,,,,5,2,3,1,6
200800062114,0008-10-12 13:50:00,8,10,12,13,50,750,113,AVENUE D ITALIE,,,Plein jour,En agglomération,Intersection en X,Normale,Trois véhicules et plus - en chaîne,,,,,,,,,,,1,2,2,1,4
200800062115,0008-10-13 10:00:00,8,10,13,10,0,750,110,"106, RUE DU FAUBOURG POI",,,Plein jour,En agglomération,Hors intersection,Pluie légère,Autre collision,,,,,,,,,,,1,2,1,2,6
200800062116,0008-10-13 13:30:00,8,10,13,13,30,750,115,"78, AVENUE DE SUFFREN",,,Plein jour,En agglomération,Hors intersection,Normale,Autre collision,,,,,,,,,,,1,2,1,1,6