accident_id,datetime,annee,mois,jour,heure,minute,departement,commune_insee,adresse,latitude,longitude,luminosite,agglomeration,intersection,meteo,collision,nb_vehicules,nb_usagers,nb_indemnes,nb_tues,nb_blesses_hosp,nb_blesses_legers,age_cond_1,age_cond_2,veh_type_cond_1,veh_type_cond_2,lum_code,agg_code,int_code,atm_code,col_code
200800062381,0008-11-09 16:00:00,8,11,9,16,0,630,1,163 GRANDE RUE,,,Plein jour,En agglomération,Giratoire,Normale,Deux véhicules - frontale,,,,,,,,,,,1,2,6,1,1
200800062382,0008-11-15 20:45:00,8,11,15,20,45,630,333,CD1093 - BARNAZAT,45.983,3.348,Nuit sans éclairage public,En agglomération,Hors intersection,Pluie légère,Autre collision,,,,,,,,,,,3,2,1,2,6
200800062383,0008-11-19 12:30:00,8,11,19,12,30,630,362,,45.928,3.246,Plein jour,Hors agglomération,Hors intersection,Normale,Sans collision,,,,,,,,,,,1,1,1,1,7
200800062384,0008-11-20 22:00:00,8,11,20,22,0,630,400,,,,Nuit sans éclairage public,Hors agglomération,Hors intersection,Normale,Autre collision,,,,,,,,,,,3,1,1,1,6
200800062385,0008-11-30 21:30:00,8,11,30,21,30,630,148,,,,Nuit sans éclairage public,Hors agglomération,Hors intersection,Normale,Autre collision,,,,,,,,,,,3,1,1,1,6
200800062386,0008-11-27 15:30:00,8,11,27,15,30,630,165,Route de Flayat,,,Plein jour,En agglomération,Hors intersection,Normale,Autre collision,,,,,,,,,,,1,2,1,1,6
200800062387,0008-11-15 20:15:00,8,11,15,20,15,630,338,,46.174,2.821,Nuit avec éclairage allumé,Hors agglomération,Hors intersection,Pluie légère,Deux véhicules - frontale,,,,,,,,,,,5,1,1,2,1
200800062388,0008-11-16 14:00:00,8,11,16,14,0,630,354,,45.943,2.726,Plein jour,Hors agglomération,Hors intersection,Pluie légère,Autre collision,,,,,,,,,,,1,1,1,2,6
200800062389,0008-11-15 17:30:00,8,11,15,17,30,630,196,rue des fagots,45.981,3.448,Nuit sans éclairage public,En agglomération,Hors intersection,Pluie légère,Deux véhicules - côté,,,,,,,,,,,3,2,1,2,3
200800062390,0008-11-07 17:00:00,8,11,7,17,0,30,229,,46.669,3.414,Plein jour,Hors agglomération,Hors intersection,Temps couvert,Deux véhicules - arrière,,,,,,,,,,,1,1,1,8,2
200800062391,0008-11-14 07:00:00,8,11,14,7,0,30,316,,46.66,3.287,Crépuscule ou aube,Hors agglomération,Hors intersection,Brouillard / fumée,Sans collision,,,,,,,,,,,2,1,1,5,7
200800062392,0008-11-24 16:30:00,8,11,24,16,30,30,40,,46.527,3.319,Crépuscule ou aube,Hors agglomération,Hors intersection,Normale,Deux véhicules - frontale,,,,,,,,,,,2,1,1,1,1
200800062393,0008-11-26 19:15:00,8,11,26,19,15,30,290,,46.647,3.274,Nuit sans éclairage public,Hors agglomération,Hors intersection,Normale,Deux véhicules - frontale,,,,,,,,,,,3,1,1,1,1
200800062394,0008-11-27 07:45:00,8,11,27,7,45,30,11,,46.688,3.306,Plein jour,Hors agglomération,Hors intersection,Brouillard / fumée,Autre collision,,,,,,,,,,,1,1,1,5,6
200800062395,0008-11-06 07:15:00,8,11,6,7,15,30,102,,46.534,3.756,Crépuscule ou aube,Hors agglomération,Hors intersection,Normale,Deux véhicules - côté,,,,,,,,,,,2,1,1,1,3
200800062396,0008-11-03 05:00:00,8,11,3,5,0,30,19,,46.592,3.676,Nuit sans éclairage public,Hors agglomération,Hors intersection,Temps couvert,Autre collision,,,,,,,,,,,3,1,1,8,6
200800062397,0008-11-08 22:00:00,8,11,8,22,0,30,237,,46.206,3.257,Nuit sans éclairage public,Hors agglomération,Hors intersection,Pluie légère,Autre collision,,,,,,,,,,,3,1,1,2,6
200800062398,0008-11-10 18:00:00,8,11,10,18,0,30,227,,,,Nuit sans éclairage public,Hors agglomération,Hors intersection,Temps couvert,Deux véhicules - frontale,,,,,,,,,,,3,1,1,8,1
200800062399,0008-11-06 21:30:00,8,11,6,21,30,30,202,CD 136,,,Nuit sans éclairage public,En agglomération,Hors intersection,Normale,Deux véhicules - frontale,,,,,,,,,,,3,2,1,1,1
200800062400,0008-11-19 18:15:00,8,11,19,18,15,30,162,,,,Crépuscule ou aube,Hors agglomération,Hors intersection,Normale,Deux véhicules - arrière,,,,,,,,,,,2,1,1,1,2
200800062401,0008-11-08 09:30:00,8,11,8,9,30,30,5,,,,Plein jour,Hors agglomération,Hors intersection,Normale,Deux véhicules - frontale,,,,,,,,,,,1,1,1,1,1
200800062402,0008-11-01 10:15:00,8,11,1,10,15,30,314,,,,Plein jour,Hors agglomération,Hors intersection,Pluie légère,Deux véhicules - côté,,,,,,,,,,,1,1,1,2,3
200800062403,0008-11-10 07:45:00,8,11,10,7,45,30,82,Le Vieux Bourg,,,Plein jour,En agglomération,Hors intersection,Normale,Deux véhicules - côté,,,,,,,,,,,1,2,1,1,3
200800062404,0008-11-04 17:15:00,8,11,4,17,15,30,109,,46.16,3.281,Crépuscule ou aube,Hors agglomération,Hors intersection,Normale,Deux véhicules - frontale,,,,,,,,,,,2,1,1,1,1
200800062405,0008-11-11 17:45:00,8,11,11,17,45,30,22,27 route de Chantelle,,,Crépuscule ou aube,En agglomération,Hors intersection,Normale,Autre collision,,,,,,,,,,,2,2,1,1,6
200800062406,0008-11-15 08:30:00,8,11,15,8,30,30,196,,46.338,3.91,Plein jour,Hors agglomération,Hors intersection,Temps couvert,Autre collision,,,,,,,,,,,1,1,1,8,6
200800062407,0008-11-17 10:45:00,8,11,17,10,45,30,284,,46.422,3.613,Plein jour,Hors agglomération,Hors intersection,Normale,Autre collision,,,,,,,,,,,1,1,1,1,6
200800062408,0008-11-18 06:15:00,8,11,18,6,15,30,250,,46.215,3.792,Crépuscule ou aube,Hors agglomération,Hors intersection,Pluie légère,Sans collision,,,,,,,,,,,2,1,1,2,7
200800062409,0008-11-21 16:30:00,8,11,21,16,30,30,131,,,,Crépuscule ou aube,Hors agglomération,Intersection en X,Pluie légère,Deux véhicules - côté,,,,,,,,,,,2,1,2,2,3
200800062410,0008-11-20 17:45:00,8,11,20,17,45,30,29,,46.225,3.435,Nuit sans éclairage public,Hors agglomération,Hors intersection,Temps couvert,Autre collision,,,,,,,,,,,3,1,1,8,6
200800062411,0008-11-16 17:15:00,8,11,16,17,15,150,204,le bourg,,,Crépuscule ou aube,En agglomération,Hors intersection,Pluie légère,Deux véhicules - frontale,,,,,,,,,,,2,2,1,2,1
200800062412,0008-11-16 18:00:00,8,11,16,18,0,150,83,avenue de la prade,,,Crépuscule ou aube,En agglomération,Hors intersection,Normale,Autre collision,,,,,,,,,,,2,2,1,1,6
200800062413,0008-11-09 14:00:00,8,11,9,14,0,430,62,Route de Saint REMY,45.072,3.748,Plein jour,En agglomération,Hors intersection,Normale,Deux véhicules - côté,,,,,,,,,,,1,2,1,1,3
200800062414,0008-11-11 18:00:00,8,11,11,18,0,430,192,,44.823,3.765,Plein jour,Hors agglomération,Hors intersection,Normale,Autre collision,,,,,,,,,,,1,1,1,1,6
200800062415,0008-11-29 18:00:00,8,11,29,18,0,430,42,,44.942,3.817,Nuit sans éclairage public,Hors agglomération,Hors intersection,Neige / grêle,Trois véhicules et plus - collisions multiples,,,,,,,,,,,3,1,1,4,5
200800062416,0008-11-21 14:15:00,8,11,21,14,15,430,49,,45.208,3.991,Plein jour,Hors agglomération,Hors intersection,Normale,Autre collision,,,,,,,,,,,1,1,1,1,6
200800062417,0008-11-12 18:00:00,8,11,12,18,0,430,40,Avenue Mandes France,,,Plein jour,En agglomération,Hors intersection,Normale,Deux véhicules - frontale,,,,,,,,,,,1,2,1,1,1
200800062418,0008-11-22 16:15:00,8,11,22,16,15,430,48,rue picasso,45.325,3.698,Plein jour,En agglomération,Hors intersection,Neige / grêle,Autre collision,,,,,,,,,,,1,2,1,4,6
200800062419,0008-11-08 19:00:00,8,11,8,19,0,430,70,rue des remparts,45.16,3.437,Crépuscule ou aube,En agglomération,Hors intersection,Normale,Autre collision,,,,,,,,,,,2,2,1,1,6
200800062420,0008-11-03 12:45:00,8,11,3,12,45,430,185,,45.396,3.308,Plein jour,Hors agglomération,Intersection en X,Temps éblouissant,Deux véhicules - côté,,,,,,,,,,,1,1,2,7,3
200800062421,0008-11-09 14:15:00,8,11,9,14,15,430,185,53 Rue de Belgique,45.414,3.319,Plein jour,En agglomération,Hors intersection,Normale,Autre collision,,,,,,,,,,,1,2,1,1,6
200800062422,0008-11-14 13:30:00,8,11,14,13,30,430,185,,45.404,3.324,Plein jour,Hors agglomération,Hors intersection,Normale,Autre collision,,,,,,,,,,,1,1,1,1,6
200800062423,0008-11-26 08:45:00,8,11,26,8,45,430,170,,45.285,3.269,Plein jour,Hors agglomération,Hors intersection,Neige / grêle,Deux véhicules - frontale,,,,,,,,,,,1,1,1,4,1
200800062424,0008-11-26 14:15:00,8,11,26,14,15,430,185,,45.405,3.311,Plein jour,Hors agglomération,Hors intersection,Temps couvert,Sans collision,,,,,,,,,,,1,1,1,8,7
200800062425,0008-11-02 12:30:00,8,11,2,12,30,430,162,,,,Plein jour,Hors agglomération,Hors intersection,Pluie légère,Autre collision,,,,,,,,,,,1,1,1,2,6
200800062426,0008-11-27 09:00:00,8,11,27,9,0,430,268,Boulevard St Pierre,45.148,4.125,Plein jour,En agglomération,Hors intersection,Normale,Autre collision,,,,,,,,,,,1,2,1,1,6
200800062427,0008-11-28 18:00:00,8,11,28,18,0,430,25,Avenue  Marechal Foch,45.265,4.102,Nuit avec éclairage allumé,En agglomération,Hors intersection,Normale,Deux véhicules - côté,,,,,,,,,,,5,2,1,1,3
200800062428,0008-11-11 10:45:00,8,11,11,10,45,430,211,,,,Plein jour,Hors agglomération,Hors intersection,Normale,Autre collision,,,,,,,,,,,1,1,1,1,6
200800062429,0008-11-12 06:45:00,8,11,12,6,45,430,184,,45.37,4.25,Nuit sans éclairage public,Hors agglomération,Hors intersection,Normale,Deux véhicules - arrière,,,,,,,,,,,3,1,1,1,2
200800062430,0008-11-18 12:45:00,8,11,18,12,45,430,184,,,,Plein jour,Hors agglomération,Hors intersection,Pluie légère,Deux véhicules - côté,,,,,,,,,,,1,1,1,2,3
200800062431,0008-11-23 18:45:00,8,11,23,18,45,570,543,,,,Nuit avec éclairage allumé,Hors agglomération,Autre intersection,Neige / grêle,Sans collision,,,,,,,,,,,5,1,9,4,7
200800062432,0008-11-30 17:30:00,8,11,30,17,30,570,701,,,,Nuit sans éclairage public,Hors agglomération,Hors intersection,Temps couvert,Deux véhicules - arrière,,,,,,,,,,,3,1,1,8,2
200800062433,0008-11-01 21:30:00,8,11,1,21,30,570,433,Rue de Thionville,,,Nuit avec éclairage allumé,En agglomération,Hors intersection,Pluie légère,Deux véhicules - frontale,,,,,,,,,,,5,2,1,2,1
200800062434,0008-11-04 12:00:00,8,11,4,12,0,570,146,11 lot les cerisiers,,,Plein jour,En agglomération,Hors intersection,Normale,Sans collision,,,,,,,,,,,1,2,1,1,7
200800062435,0008-11-06 14:30:00,8,11,6,14,30,570,160,rue de la houve,49.219,6.695,Nuit avec éclairage allumé,En agglomération,Hors intersection,Normale,Deux véhicules - frontale,,,,,,,,,,,5,2,1,1,1
200800062436,0008-11-30 14:00:00,8,11,30,14,0,570,151,,,,Plein jour,Hors agglomération,Hors intersection,Normale,Autre collision,,,,,,,,,,,1,1,1,1,6
200800062437,0008-11-22 21:30:00,8,11,22,21,30,570,398,,49.033,6.836,Nuit sans éclairage public,Hors agglomération,Hors intersection,Normale,Sans collision,,,,,,,,,,,3,1,1,1,7
200800062438,0008-11-27 18:30:00,8,11,27,18,30,570,224,rue foch,49.078,6.684,Nuit avec éclairage allumé,En agglomération,Hors intersection,Normale,Deux véhicules - frontale,,,,,,,,,,,5,2,1,1,1
200800062439,0008-11-28 14:30:00,8,11,28,14,30,570,224,rue du chateau du furst,49.084,6.683,Plein jour,En agglomération,Hors intersection,Normale,Autre collision,,,,,,,,,,,1,2,1,1,6
200800062440,0008-11-18 13:45:00,8,11,18,13,45,570,628,,,,Plein jour,Hors agglomération,Hors intersection,Normale,Deux véhicules - frontale,,,,,,,,,,,1,1,1,1,1
200800062441,0008-11-19 17:15:00,8,11,19,17,15,570,756,,,,Crépuscule ou aube,Hors agglomération,Hors intersection,Normale,Deux véhicules - frontale,,,,,,,,,,,2,1,1,1,1
200800062442,0008-11-16 10:45:00,8,11,16,10,45,570,540,Rue de l'Europe,,,Nuit avec éclairage allumé,En agglomération,Hors intersection,Pluie légère,Autre collision,,,,,,,,,,,5,2,1,2,6
200800062443,0008-11-28 21:00:00,8,11,28,21,0,570,629,rue de Fenetrange,,,Nuit avec éclairage allumé,En agglomération,Intersection en X,Pluie légère,Deux véhicules - côté,,,,,,,,,,,5,2,2,2,3
200800062444,0008-11-30 22:00:00,8,11,30,22,0,570,468,,,,Nuit sans éclairage public,Hors agglomération,Hors intersection,Normale,Autre collision,,,,,,,,,,,3,1,1,1,6
200800062445,0008-11-30 14:45:00,8,11,30,14,45,570,589,51 rue des Allies,,,Plein jour,En agglomération,Autre intersection,Temps éblouissant,Autre collision,,,,,,,,,,,1,2,9,7,6
200800062446,0008-11-28 17:00:00,8,11,28,17,0,570,89,rue de l'abattoir,,,Nuit sans éclairage public,En agglomération,Hors intersection,Temps couvert,Autre collision,,,,,,,,,,,3,2,1,8,6
200800062447,0008-11-09 17:45:00,8,11,9,17,45,570,465,,49.319,6.307,Nuit sans éclairage public,Hors agglomération,Hors intersection,Pluie légère,Deux véhicules - côté,,,,,,,,,,,3,1,1,2,3
200800062448,0008-11-11 17:45:00,8,11,11,17,45,570,26,route nationale - RD 654,,,Nuit avec éclairage allumé,En agglomération,Hors intersection,Pluie légère,Deux véhicules - côté,,,,,,,,,,,5,2,1,2,3
200800062449,0008-11-28 18:00:00,8,11,28,18,0,570,650,13 rue de la gare,,,Nuit avec éclairage allumé,En agglomération,Hors intersection,Normale,Autre collision,,,,,,,,,,,5,2,1,1,6
200800062450,0008-11-08 15:15:00,8,11,8,15,15,540,59,,,,Plein jour,Hors agglomération,Hors intersection,Normale,Deux véhicules - côté,,,,,,,,,,,1,1,1,1,3
200800062451,0008-11-14 18:30:00,8,11,14,18,30,540,279,Grande rue,,,Nuit avec éclairage allumé,En agglomération,Hors intersection,Normale,Deux véhicules - côté,,,,,,,,,,,5,2,1,1,3
200800062452,0008-11-01 18:15:00,8,11,1,18,15,540,215,"99, Rue de Nancy",,,Nuit avec éclairage non allumé,En agglomération,Hors intersection,Pluie forte,Autre collision,,,,,,,,,,,4,2,1,3,6
200800062453,0008-11-10 23:15:00,8,11,10,23,15,540,90,,,,Nuit sans éclairage public,Hors agglomération,Hors intersection,Normale,Autre collision,,,,,,,,,,,3,1,1,1,6
200800062454,0008-11-17 22:15:00,8,11,17,22,15,540,186,,,,Nuit sans éclairage public,Hors agglomération,Hors intersection,Normale,Autre collision,,,,,,,,,,,3,1,1,1,6
200800062455,0008-11-21 12:00:00,8,11,21,12,0,540,150,35 rue general Leclerc,,,Plein jour,En agglomération,Hors intersection,Normale,Autre collision,,,,,,,,,,,1,2,1,1,6
200800062456,0008-11-18 06:15:00,8,11,18,6,15,540,196,,,,Nuit sans éclairage public,Hors agglomération,Hors intersection,Normale,Trois véhicules et plus - collisions multiples,,,,,,,,,,,3,1,1,1,5
200800062457,0008-11-15 17:00:00,8,11,15,17,0,540,156,,,,Crépuscule ou aube,Hors agglomération,Intersection en Y,Normale,Deux véhicules - frontale,,,,,,,,,,,2,1,4,1,1
200800062458,0008-11-09 19:45:00,8,11,9,19,45,540,322,,,,Nuit sans éclairage public,Hors agglomération,Hors intersection,Pluie forte,Deux véhicules - côté,,,,,,,,,,,3,1,1,3,3
200800062459,0008-11-17 08:45:00,8,11,17,8,45,540,290,,,,Crépuscule ou aube,Hors agglomération,Hors intersection,Autre,Autre collision,,,,,,,,,,,2,1,1,9,6
200800062460,0008-11-04 11:15:00,8,11,4,11,15,540,69,,,,Plein jour,Hors agglomération,Hors intersection,Normale,Trois véhicules et plus - collisions multiples,,,,,,,,,,,1,1,1,1,5
200800062461,0008-11-27 19:00:00,8,11,27,19,0,540,425,rue de la Liberte,,,Nuit avec éclairage allumé,En agglomération,Hors intersection,Autre,Deux véhicules - côté,,,,,,,,,,,5,2,1,9,3
200800062462,0008-11-29 04:00:00,8,11,29,4,0,540,69,rue principale,,,Crépuscule ou aube,En agglomération,Hors intersection,Autre,Sans collision,,,,,,,,,,,2,2,1,9,7
200800062463,0008-11-04 23:15:00,8,11,4,23,15,540,585,Avenue de la Gare,,,Nuit avec éclairage allumé,En agglomération,Hors intersection,Pluie légère,Sans collision,,,,,,,,,,,5,2,1,2,7
200800062464,0008-11-01 22:30:00,8,11,1,22,30,540,102,,,,Nuit sans éclairage public,Hors agglomération,Hors intersection,Normale,Trois véhicules et plus - en chaîne,,,,,,,,,,,3,1,1,1,4
200800062465,0008-11-14 00:30:00,8,11,14,0,30,540,557,,,,Nuit avec éclairage non allumé,Hors agglomération,Hors intersection,Brouillard / fumée,Autre collision,,,,,,,,,,,4,1,1,5,6
200800062466,0008-11-28 12:15:00,8,11,28,12,15,540,463,,,,Plein jour,Hors agglomération,Hors intersection,Temps couvert,Deux véhicules - côté,,,,,,,,,,,1,1,1,8,3
200800062467,0008-11-16 18:45:00,8,11,16,18,45,550,388,,48.9,4.975,Nuit sans éclairage public,Hors agglomération,Hors intersection,Pluie légère,Autre collision,,,,,,,,,,,3,1,1,2,6
200800062468,0008-11-14 04:45:00,8,11,14,4,45,550,430,,48.55,5.35,Nuit sans éclairage public,Hors agglomération,Hors intersection,Brouillard / fumée,Autre collision,,,,,,,,,,,3,1,1,5,6
200800062469,0008-11-15 01:00:00,8,11,15,1,0,550,470,,48.7,5.06,Nuit sans éclairage public,Hors agglomération,Hors intersection,Normale,Autre collision,,,,,,,,,,,3,1,1,1,6
200800062470,0008-11-17 00:15:00,8,11,17,0,15,550,543,RN135 - route de Ligny,,,Nuit sans éclairage public,En agglomération,Hors intersection,Pluie légère,Deux véhicules - frontale,,,,,,,,,,,3,2,1,2,1
200800062471,0008-11-09 23:15:00,8,11,9,23,15,550,290,,48.809,5.389,Nuit sans éclairage public,Hors agglomération,Hors intersection,Pluie légère,Autre collision,,,,,,,,,,,3,1,1,2,6
200800062472,0008-11-27 12:00:00,8,11,27,12,0,550,264,,48.851,5.51,Plein jour,Hors agglomération,Hors intersection,Normale,Deux véhicules - côté,,,,,,,,,,,1,1,1,1,3
200800062473,0008-11-08 19:15:00,8,11,8,19,15,550,552,,49.51,5.33,Nuit sans éclairage public,Hors agglomération,Hors intersection,Pluie légère,Sans collision,,,,,,,,,,,3,1,1,2,7
200800062474,0008-11-27 07:30:00,8,11,27,7,30,550,2,,49.206,5.557,Crépuscule ou aube,Hors agglomération,Hors intersection,Normale,Deux véhicules - frontale,,,,,,,,,,,2,1,1,1,1
200800062475,0008-11-26 17:30:00,8,11,26,17,30,550,181,,49.22,5.678,Nuit sans éclairage public,Hors agglomération,Hors intersection,Brouillard / fumée,Deux véhicules - frontale,,,,,,,,,,,3,1,1,5,1
200800062476,0008-11-29 14:45:00,8,11,29,14,45,880,132,5 rue d'alsace,,,Plein jour,En agglomération,Hors intersection,Normale,Sans collision,,,,,,,,,,,1,2,1,1,7
200800062477,0008-11-04 18:00:00,8,11,4,18,0,880,318,,48.354,6.529,Nuit sans éclairage public,Hors agglomération,Hors intersection,Normale,Trois véhicules et plus - collisions multiples,,,,,,,,,,,3,1,1,1,5
200800062478,0008-11-28 08:15:00,8,11,28,8,15,880,465,faubourg de domevre,48.247,6.416,Plein jour,En agglomération,Hors intersection,Brouillard / fumée,Deux véhicules - frontale,,,,,,,,,,,1,2,1,5,1
200800062479,0008-11-06 17:45:00,8,11,6,17,45,880,29,,,,Nuit sans éclairage public,Hors agglomération,Hors intersection,Temps couvert,Autre collision,,,,,,,,,,,3,1,1,8,6
200800062480,0008-11-07 17:45:00,8,11,7,17,45,880,92,route haute chalumelle,,,Nuit avec éclairage allumé,En agglomération,Hors intersection,Normale,Autre collision,,,,,,,,,,,5,2,1,1,6
200800062481,0008-11-29 17:45:00,8,11,29,17,45,880,114,,,,Nuit sans éclairage public,Hors agglomération,Hors intersection,Brouillard / fumée,Deux véhicules - frontale,,,,,,,,,,,3,1,1,5,1
200800062482,0008-11-08 18:00:00,8,11,8,18,0,880,9,129 rue de St Die,,,Nuit avec éclairage allumé,En agglomération,Hors intersection,Normale,Deux véhicules - arrière,,,,,,,,,,,5,2,1,1,2
200800062483,0008-11-13 10:15:00,8,11,13,10,15,880,196,boulevard d'Alsace,,,Plein jour,En agglomération,Intersection en X,Normale,Deux véhicules - côté,,,,,,,,,,,1,2,2,1,3
200800062484,0008-11-29 15:30:00,8,11,29,15,30,880,165,,,,Plein jour,Hors agglomération,Hors intersection,Normale,Autre collision,,,,,,,,,,,1,1,1,1,6
200800062485,0008-11-03 04:45:00,8,11,3,4,45,670,28,,48.391,7.539,Nuit sans éclairage public,Hors agglomération,Hors intersection,Autre,Autre collision,,,,,,,,,,,3,1,1,9,6
200800062486,0008-11-25 03:30:00,8,11,25,3,30,670,130,,48.41,7.64,Nuit sans éclairage public,Hors agglomération,Hors intersection,Neige / grêle,Deux véhicules - frontale,,,,,,,,,,,3,1,1,4,1
200800062487,0008-11-25 13:30:00,8,11,25,13,30,670,130,Rue andre MALRAUX,48.42,7.7,Plein jour,En agglomération,Hors intersection,Normale,Deux véhicules - frontale,,,,,,,,,,,1,2,1,1,1
200800062488,0008-11-19 15:00:00,8,11,19,15,0,670,23,,48.779,7.717,Plein jour,Hors agglomération,Hors intersection,Normale,Autre collision,,,,,,,,,,,1,1,1,1,6
200800062489,0008-11-15 17:00:00,8,11,15,17,0,670,46,rue du houblon,,,Nuit avec éclairage allumé,En agglomération,Hors intersection,Normale,Autre collision,,,,,,,,,,,5,2,1,1,6
200800062490,0008-11-16 10:30:00,8,11,16,10,30,670,450,,48.804,7.925,Plein jour,Hors agglomération,Hors intersection,Normale,Deux véhicules - frontale,,,,,,,,,,,1,1,1,1,1
200800062491,0008-11-14 19:15:00,8,11,14,19,15,670,411,,,,Nuit avec éclairage allumé,Hors agglomération,Hors intersection,Normale,Autre collision,,,,,,,,,,,5,1,1,1,6
200800062492,0008-11-14 20:45:00,8,11,14,20,45,670,411,,,,Nuit sans éclairage public,En agglomération,Giratoire,Normale,Autre collision,,,,,,,,,,,3,2,6,1,6
200800062493,0008-11-01 05:30:00,8,11,1,5,30,670,480,,48.586,7.396,Nuit sans éclairage public,Hors agglomération,Hors intersection,Brouillard / fumée,Sans collision,,,,,,,,,,,3,1,1,5,7
200800062494,0008-11-05 10:00:00,8,11,5,10,0,670,437,Rue de la Vedette,48.741,7.361,Plein jour,En agglomération,Hors intersection,Normale,Deux véhicules - côté,,,,,,,,,,,1,2,1,1,3
200800062495,0008-11-17 06:15:00,8,11,17,6,15,670,437,,48.75,7.364,Nuit avec éclairage allumé,En agglomération,Hors intersection,Temps couvert,Autre collision,,,,,,,,,,,5,2,1,8,6
200800062496,0008-11-03 14:45:00,8,11,3,14,45,670,29,,48.895,7.133,Crépuscule ou aube,Hors agglomération,Hors intersection,Normale,Trois véhicules et plus - collisions multiples,,,,,,,,,,,2,1,1,1,5
200800062497,0008-11-01 16:45:00,8,11,1,16,45,670,265,Rue du Milieu,,,Plein jour,En agglomération,Hors intersection,Normale,Deux véhicules - frontale,,,,,,,,,,,1,2,1,1,1
200800062498,0008-11-03 19:00:00,8,11,3,19,0,670,191,,,,Nuit avec éclairage allumé,En agglomération,Hors intersection,Normale,Deux véhicules - frontale,,,,,,,,,,,5,2,1,1,1
200800062499,0008-11-22 02:15:00,8,11,22,2,15,670,71,"62, rue de Siewiller",48.838,7.233,Nuit avec éclairage allumé,En agglomération,Hors intersection,Temps couvert,Autre collision,,,,,,,,,,,5,2,1,8,6
200800062500,0008-11-24 20:00:00,8,11,24,20,0,670,419,,,,Nuit sans éclairage public,Hors agglomération,Hors intersection,Pluie légère,Trois véhicules et plus - collisions multiples,,,,,,,,,,,3,1,1,2,5
200800062501,0008-11-27 08:00:00,8,11,27,8,0,670,544,avenue de la gare,49.037,7.952,Crépuscule ou aube,En agglomération,Hors intersection,Normale,Trois véhicules et plus - en chaîne,,,,,,,,,,,2,2,1,1,4
200800062502,0008-11-09 23:45:00,8,11,9,23,45,670,308,,48.92,8.125,Nuit sans éclairage public,Hors agglomération,Hors intersection,Normale,Autre collision,,,,,,,,,,,3,1,1,1,6
200800062503,0008-11-11 18:00:00,8,11,11,18,0,670,308,,48.93,8.134,Nuit sans éclairage public,Hors agglomération,Hors intersection,Normale,Sans collision,,,,,,,,,,,3,1,1,1,7
200800062504,0008-11-17 07:15:00,8,11,17,7,15,670,474,,48.927,7.865,Crépuscule ou aube,Hors agglomération,Hors intersection,Normale,Autre collision,,,,,,,,,,,2,1,1,1,6
200800062505,0008-11-13 11:15:00,8,11,13,11,15,680,162,73 RUE DE LAPOUTROIE,48.154,7.249,Plein jour,En agglomération,Hors intersection,Normale,Autre collision,,,,,,,,,,,1,2,1,1,6
200800062506,0008-11-04 12:30:00,8,11,4,12,30,680,78,,48.04,7.298,Plein jour,Hors agglomération,Hors intersection,Normale,Deux véhicules - frontale,,,,,,,,,,,1,1,1,1,1
200800062507,0008-11-06 19:30:00,8,11,6,19,30,680,78,,48.039,7.32,Nuit sans éclairage public,Hors agglomération,Hors intersection,Normale,Deux véhicules - frontale,,,,,,,,,,,3,1,1,1,1
200800062508,0008-11-08 14:00:00,8,11,8,14,0,680,134,,48.015,7.337,Plein jour,Hors agglomération,Hors intersection,Normale,Trois véhicules et plus - collisions multiples,,,,,,,,,,,1,1,1,1,5
200800062509,0008-11-15 15:30:00,8,11,15,15,30,680,155,RD11 bis route de colmar,48.102,7.313,Plein jour,En agglomération,Autre intersection,Normale,Deux véhicules - frontale,,,,,,,,,,,1,2,9,1,1
200800062510,0008-11-05 15:30:00,8,11,5,15,30,680,108,rue du chemin de fer,,,Plein jour,En agglomération,Hors intersection,Normale,Deux véhicules - arrière,,,,,,,,,,,1,2,1,1,2
200800062511,0008-11-15 05:15:00,8,11,15,5,15,680,62,,47.633,7.216,Nuit sans éclairage public,Hors agglomération,Hors intersection,Normale,Autre collision,,,,,,,,,,,3,1,1,1,6
200800062512,0008-11-30 23:45:00,8,11,30,23,45,680,336,58 rue principale,47.662,7.098,Nuit avec éclairage allumé,En agglomération,Hors intersection,Pluie légère,Autre collision,,,,,,,,,,,5,2,1,2,6
200800062513,0008-11-20 23:00:00,8,11,20,23,0,680,186,,47.476,7.287,Nuit sans éclairage public,Hors agglomération,Hors intersection,Normale,Sans collision,,,,,,,,,,,3,1,1,1,7