accident_id,datetime,annee,mois,jour,heure,minute,departement,commune_insee,adresse,latitude,longitude,luminosite,agglomeration,intersection,meteo,collision,nb_vehicules,nb_usagers,nb_indemnes,nb_tues,nb_blesses_hosp,nb_blesses_legers,age_cond_1,age_cond_2,veh_type_cond_1,veh_type_cond_2,lum_code,agg_code,int_code,atm_code,col_code
200800062514,0008-11-25 18:00:00,8,11,25,18,0,680,90,Rue de Lucelle,,,Nuit avec éclairage allumé,En agglomération,Hors intersection,Normale,Autre collision,,,,,,,,,,,5,2,1,1,6
200800062515,0008-11-03 16:45:00,8,11,3,16,45,680,82,,47.88,7.385,Crépuscule ou aube,Hors agglomération,Autre intersection,Normale,Deux véhicules - côté,,,,,,,,,,,2,1,9,1,3
200800062516,0008-11-18 20:15:00,8,11,18,20,15,680,242,,47.968,7.394,Nuit avec éclairage allumé,Hors agglomération,Hors intersection,Normale,Trois véhicules et plus - collisions multiples,,,,,,,,,,,5,1,1,1,5
200800062517,0008-11-22 14:15:00,8,11,22,14,15,680,235,,47.995,7.391,Plein jour,Hors agglomération,Hors intersection,Normale,Trois véhicules et plus - collisions multiples,,,,,,,,,,,1,1,1,1,5
200800062518,0008-11-08 07:00:00,8,11,8,7,0,680,32,,,,Crépuscule ou aube,Hors agglomération,Autre intersection,Normale,Sans collision,,,,,,,,,,,2,1,9,1,7
200800062519,0008-11-19 08:00:00,8,11,19,8,0,680,287,,47.964,7.308,Plein jour,Hors agglomération,Giratoire,Normale,Sans collision,,,,,,,,,,,1,1,6,1,7
200800062520,0008-11-06 17:15:00,8,11,6,17,15,680,22,RUE PRINCIPALE,47.82,7.38,Crépuscule ou aube,En agglomération,Hors intersection,Normale,Deux véhicules - côté,,,,,,,,,,,2,2,1,1,3
200800062521,0008-11-07 13:45:00,8,11,7,13,45,680,154,RUE DES JONQUILLES,,,Plein jour,En agglomération,Autre intersection,Normale,Deux véhicules - frontale,,,,,,,,,,,1,2,9,1,1
200800062522,0008-11-01 21:30:00,8,11,1,21,30,680,253,,47.78,7.517,Nuit avec éclairage allumé,Hors agglomération,Intersection en X,Normale,Deux véhicules - côté,,,,,,,,,,,5,1,2,1,3
200800062523,0008-11-19 18:30:00,8,11,19,18,30,680,135,RUE DE HEGENHEIM,47.578,7.521,Nuit avec éclairage allumé,En agglomération,Hors intersection,Normale,Autre collision,,,,,,,,,,,5,2,1,1,6
200800062524,0008-11-05 05:45:00,8,11,5,5,45,680,21,,,,Nuit avec éclairage allumé,Hors agglomération,Hors intersection,Normale,Deux véhicules - côté,,,,,,,,,,,5,1,1,1,3
200800062525,0008-11-12 22:00:00,8,11,12,22,0,680,21,rue du general de gaulle,,,Nuit avec éclairage allumé,En agglomération,Hors intersection,Normale,Autre collision,,,,,,,,,,,5,2,1,1,6
200800062526,0008-11-15 16:15:00,8,11,15,16,15,680,247,,47.946,7.009,Plein jour,Hors agglomération,Hors intersection,Normale,Sans collision,,,,,,,,,,,1,1,1,1,7
200800062527,0008-11-27 00:45:00,8,11,27,0,45,680,304,rue principale,47.759,7.059,Nuit avec éclairage allumé,En agglomération,Hors intersection,Normale,Sans collision,,,,,,,,,,,5,2,1,1,7
200800062528,0008-11-10 10:45:00,8,11,10,10,45,510,389,,49.146,4.321,Plein jour,Hors agglomération,Hors intersection,Normale,Deux véhicules - côté,,,,,,,,,,,1,1,1,1,3
200800062529,0008-11-17 18:00:00,8,11,17,18,0,510,217,Rues Chalons/Place Egli,49.079,3.637,Nuit avec éclairage allumé,En agglomération,Hors intersection,Normale,Deux véhicules - côté,,,,,,,,,,,5,2,1,1,3
200800062530,0008-11-27 20:00:00,8,11,27,20,0,510,248,,48.736,3.906,Nuit sans éclairage public,Hors agglomération,Hors intersection,Normale,Sans collision,,,,,,,,,,,3,1,1,1,7
200800062531,0008-11-08 11:30:00,8,11,8,11,30,510,407,"11, rue de Viviers",48.748,3.611,Plein jour,En agglomération,Hors intersection,Normale,Deux véhicules - frontale,,,,,,,,,,,1,2,1,1,1
200800062532,0008-11-26 17:00:00,8,11,26,17,0,510,324,,48.728,3.819,Plein jour,Hors agglomération,Hors intersection,Pluie légère,Trois véhicules et plus - collisions multiples,,,,,,,,,,,1,1,1,2,5
200800062533,0008-11-26 17:45:00,8,11,26,17,45,510,162,,48.548,3.688,Plein jour,Hors agglomération,Hors intersection,Normale,Deux véhicules - frontale,,,,,,,,,,,1,1,1,1,1
200800062534,0008-11-18 17:15:00,8,11,18,17,15,510,250,RN 31 ALLEE DES MISSIONS,49.314,3.671,Crépuscule ou aube,En agglomération,Hors intersection,Normale,Deux véhicules - côté,,,,,,,,,,,2,2,1,1,3
200800062535,0008-11-18 17:15:00,8,11,18,17,15,510,210,,,,Nuit sans éclairage public,Hors agglomération,Hors intersection,Temps couvert,Trois véhicules et plus - collisions multiples,,,,,,,,,,,3,1,1,8,5
200800062536,0008-11-20 16:15:00,8,11,20,16,15,510,64,,,,Plein jour,Hors agglomération,Hors intersection,Pluie légère,Deux véhicules - frontale,,,,,,,,,,,1,1,1,2,1
200800062537,0008-11-27 17:45:00,8,11,27,17,45,510,52,,,,Nuit sans éclairage public,Hors agglomération,Hors intersection,Normale,Deux véhicules - côté,,,,,,,,,,,3,1,1,1,3
200800062538,0008-11-09 17:30:00,8,11,9,17,30,510,352,,48.727,4.63,Nuit sans éclairage public,Hors agglomération,Hors intersection,Pluie légère,Autre collision,,,,,,,,,,,3,1,1,2,6
200800062539,0008-11-04 11:30:00,8,11,4,11,30,510,632,,49.024,4.966,Plein jour,Hors agglomération,Hors intersection,Normale,Autre collision,,,,,,,,,,,1,1,1,1,6
200800062540,0008-11-25 17:30:00,8,11,25,17,30,510,507,Rue Chanzy,49.094,4.891,Nuit avec éclairage allumé,En agglomération,Hors intersection,Pluie légère,Autre collision,,,,,,,,,,,5,2,1,2,6
200800062541,0008-11-17 03:00:00,8,11,17,3,0,80,209,,,,Nuit sans éclairage public,Hors agglomération,Hors intersection,Autre,Autre collision,,,,,,,,,,,3,1,1,9,6
200800062542,0008-11-17 08:30:00,8,11,17,8,30,80,140,27 route nationale,,,Plein jour,En agglomération,Hors intersection,Normale,Deux véhicules - côté,,,,,,,,,,,1,2,1,1,3
200800062543,0008-11-08 00:45:00,8,11,8,0,45,80,328,RUE JULES FUZELIER,49.827,4.75,Nuit sans éclairage public,En agglomération,Hors intersection,Normale,Trois véhicules et plus - collisions multiples,,,,,,,,,,,3,2,1,1,5
200800062544,0008-11-25 08:00:00,8,11,25,8,0,80,218,,,,Plein jour,Hors agglomération,Hors intersection,Temps couvert,Deux véhicules - frontale,,,,,,,,,,,1,1,1,8,1
200800062545,0008-11-12 07:30:00,8,11,12,7,30,80,365,RUE JEAN JAURES,49.847,4.538,Crépuscule ou aube,En agglomération,Autre intersection,Autre,Autre collision,,,,,,,,,,,2,2,9,9,6
200800062546,0008-11-06 15:15:00,8,11,6,15,15,80,185,rue Jean Jaures,,,Plein jour,En agglomération,Hors intersection,Normale,Autre collision,,,,,,,,,,,1,2,1,1,6
200800062547,0008-11-21 13:45:00,8,11,21,13,45,80,477,,49.635,5.029,Plein jour,Hors agglomération,Hors intersection,Temps couvert,Deux véhicules - frontale,,,,,,,,,,,1,1,1,8,1
200800062548,0008-11-15 19:15:00,8,11,15,19,15,80,455,,49.407,4.627,Nuit sans éclairage public,Hors agglomération,Hors intersection,Pluie légère,Autre collision,,,,,,,,,,,3,1,1,2,6
200800062549,0008-11-24 05:30:00,8,11,24,5,30,80,280,,,,Nuit sans éclairage public,Hors agglomération,Hors intersection,Normale,Autre collision,,,,,,,,,,,3,1,1,1,6
200800062550,0008-11-08 16:45:00,8,11,8,16,45,80,8,,,,Plein jour,Hors agglomération,Hors intersection,Normale,Deux véhicules - frontale,,,,,,,,,,,1,1,1,1,1
200800062551,0008-11-17 08:45:00,8,11,17,8,45,80,381,"72, rue Desire Linard",49.51,4.13,Plein jour,En agglomération,Hors intersection,Normale,Autre collision,,,,,,,,,,,1,2,1,1,6
200800062552,0008-11-29 21:00:00,8,11,29,21,0,80,4,,49.47,4.17,Nuit sans éclairage public,Hors agglomération,Hors intersection,Normale,Autre collision,,,,,,,,,,,3,1,1,1,6
200800062553,0008-11-26 10:00:00,8,11,26,10,0,100,6,,,,Plein jour,Hors agglomération,Hors intersection,Temps couvert,Autre collision,,,,,,,,,,,1,1,1,8,6
200800062554,0008-11-02 06:00:00,8,11,2,6,0,100,373,,48.232,4.016,Nuit sans éclairage public,Hors agglomération,Hors intersection,Normale,Sans collision,,,,,,,,,,,3,1,1,1,7
200800062555,0008-11-04 16:00:00,8,11,4,16,0,100,441,,48.102,3.864,Nuit sans éclairage public,Hors agglomération,Hors intersection,Normale,Sans collision,,,,,,,,,,,3,1,1,1,7
200800062556,0008-11-19 16:30:00,8,11,19,16,30,100,309,,47.977,4.048,Plein jour,Hors agglomération,Hors intersection,Normale,Sans collision,,,,,,,,,,,1,1,1,1,7
200800062557,0008-11-22 16:15:00,8,11,22,16,15,100,350,,,,Plein jour,Hors agglomération,Hors intersection,Normale,Autre collision,,,,,,,,,,,1,1,1,1,6
200800062558,0008-11-30 20:00:00,8,11,30,20,0,100,115,,48.33,4.13,Nuit sans éclairage public,Hors agglomération,Hors intersection,Normale,Autre collision,,,,,,,,,,,3,1,1,1,6
200800062559,0008-11-13 00:45:00,8,11,13,0,45,100,158,,,,Nuit sans éclairage public,Hors agglomération,Hors intersection,Brouillard / fumée,Sans collision,,,,,,,,,,,3,1,1,5,7
200800062560,0008-11-25 17:15:00,8,11,25,17,15,100,109,,48.156,4.346,Nuit sans éclairage public,Hors agglomération,Hors intersection,Normale,Deux véhicules - côté,,,,,,,,,,,3,1,1,1,3
200800062561,0008-11-08 14:00:00,8,11,8,14,0,520,154,,48.017,5.17,Plein jour,Hors agglomération,Hors intersection,Normale,Trois véhicules et plus - collisions multiples,,,,,,,,,,,1,1,1,1,5
200800062562,0008-11-23 17:30:00,8,11,23,17,30,520,480,,,,Crépuscule ou aube,Hors agglomération,Hors intersection,Neige / grêle,Trois véhicules et plus - collisions multiples,,,,,,,,,,,2,1,1,4,5
200800062563,0008-11-25 14:30:00,8,11,25,14,30,520,119,,47.821,5.493,Plein jour,Hors agglomération,Hors intersection,Normale,Deux véhicules - côté,,,,,,,,,,,1,1,1,1,3
200800062564,0008-11-03 14:00:00,8,11,3,14,0,520,180,,,,Plein jour,Hors agglomération,Hors intersection,Normale,Sans collision,,,,,,,,,,,1,1,1,1,7
200800062565,0008-11-16 08:15:00,8,11,16,8,15,520,550,,,,Crépuscule ou aube,Hors agglomération,Hors intersection,Normale,Sans collision,,,,,,,,,,,2,1,1,1,7
200800062566,0008-11-30 13:15:00,8,11,30,13,15,520,331,,,,Plein jour,En agglomération,Hors intersection,Normale,Deux véhicules - côté,,,,,,,,,,,1,2,1,1,3
200800062567,0008-11-24 14:45:00,8,11,24,14,45,890,350,,,,Plein jour,Hors agglomération,Hors intersection,Normale,Autre collision,,,,,,,,,,,1,1,1,1,6
200800062568,0008-11-17 02:15:00,8,11,17,2,15,210,269,,47.243,5.443,Nuit sans éclairage public,Hors agglomération,Hors intersection,Normale,Sans collision,,,,,,,,,,,3,1,1,1,7
200800062569,0008-11-25 16:30:00,8,11,25,16,30,210,38,,47.195,5.393,Plein jour,Hors agglomération,Hors intersection,Normale,Sans collision,,,,,,,,,,,1,1,1,1,7
200800062570,0008-11-08 21:15:00,8,11,8,21,15,210,388,,47.362,5.298,Nuit sans éclairage public,Hors agglomération,Intersection en X,Normale,Deux véhicules - côté,,,,,,,,,,,3,1,2,1,3
200800062571,0008-11-27 07:45:00,8,11,27,7,45,210,492,,,,Nuit avec éclairage allumé,Hors agglomération,Intersection en T,Brouillard / fumée,Deux véhicules - côté,,,,,,,,,,,5,1,3,5,3
200800062572,0008-11-03 22:30:00,8,11,3,22,30,210,655,,,,Nuit sans éclairage public,Hors agglomération,Hors intersection,Normale,Autre collision,,,,,,,,,,,3,1,1,1,6
200800062573,0008-11-10 09:45:00,8,11,10,9,45,210,44,,,,Plein jour,Hors agglomération,Hors intersection,Normale,Deux véhicules - frontale,,,,,,,,,,,1,1,1,1,1
200800062574,0008-11-11 15:30:00,8,11,11,15,30,210,177,,,,Plein jour,Hors agglomération,Intersection en X,Temps couvert,Sans collision,,,,,,,,,,,1,1,2,8,7
200800062575,0008-11-30 23:15:00,8,11,30,23,15,210,525,,47.416,4.152,Nuit sans éclairage public,Hors agglomération,Hors intersection,Normale,Deux véhicules - frontale,,,,,,,,,,,3,1,1,1,1
200800062576,0008-11-18 22:15:00,8,11,18,22,15,580,280,,,,Nuit sans éclairage public,Hors agglomération,Hors intersection,Normale,Autre collision,,,,,,,,,,,3,1,1,1,6
200800062577,0008-11-07 14:00:00,8,11,7,14,0,580,152,,46.897,3.155,Plein jour,Hors agglomération,Hors intersection,Pluie légère,Deux véhicules - frontale,,,,,,,,,,,1,1,1,2,1
200800062578,0008-11-16 16:45:00,8,11,16,16,45,580,104,,46.712,3.373,Plein jour,Hors agglomération,Hors intersection,Pluie légère,Sans collision,,,,,,,,,,,1,1,1,2,7
200800062579,0008-11-07 16:15:00,8,11,7,16,15,580,313,,47.206,3.591,Plein jour,Hors agglomération,Hors intersection,Pluie légère,Autre collision,,,,,,,,,,,1,1,1,2,6
200800062580,0008-11-04 05:15:00,8,11,4,5,15,580,193,,47.534,2.868,Nuit sans éclairage public,Hors agglomération,Hors intersection,Temps couvert,Deux véhicules - frontale,,,,,,,,,,,3,1,1,8,1
200800062581,0008-11-27 15:30:00,8,11,27,15,30,710,360,,46.321,4.778,Crépuscule ou aube,Hors agglomération,Hors intersection,Brouillard / fumée,Trois véhicules et plus - en chaîne,,,,,,,,,,,2,1,1,5,4
200800062582,0008-11-25 20:00:00,8,11,25,20,0,710,460,,46.409,4.797,Nuit sans éclairage public,Hors agglomération,Hors intersection,Normale,Deux véhicules - frontale,,,,,,,,,,,3,1,1,1,1
200800062583,0008-11-13 14:15:00,8,11,13,14,15,710,493,,,,Plein jour,Hors agglomération,Hors intersection,Normale,Trois véhicules et plus - collisions multiples,,,,,,,,,,,1,1,1,1,5
200800062584,0008-11-19 17:15:00,8,11,19,17,15,710,438,,47.029,4.405,Crépuscule ou aube,Hors agglomération,Hors intersection,Pluie légère,Deux véhicules - côté,,,,,,,,,,,2,1,1,2,3
200800062585,0008-11-22 08:45:00,8,11,22,8,45,710,10,,,,Plein jour,Hors agglomération,Hors intersection,Normale,Deux véhicules - frontale,,,,,,,,,,,1,1,1,1,1
200800062586,0008-11-03 00:45:00,8,11,3,0,45,710,202,,,,Nuit sans éclairage public,Hors agglomération,Hors intersection,Temps couvert,Autre collision,,,,,,,,,,,3,1,1,8,6
200800062587,0008-11-15 06:15:00,8,11,15,6,15,710,73,,,,Nuit sans éclairage public,Hors agglomération,Hors intersection,Normale,Deux véhicules - côté,,,,,,,,,,,3,1,1,1,3
200800062588,0008-11-12 15:00:00,8,11,12,15,0,710,247,,,,Plein jour,En agglomération,Hors intersection,Normale,Autre collision,,,,,,,,,,,1,2,1,1,6
200800062589,0008-11-27 10:15:00,8,11,27,10,15,710,426,,,,Plein jour,Hors agglomération,Hors intersection,Normale,Trois véhicules et plus - en chaîne,,,,,,,,,,,1,1,1,1,4
200800062590,0008-11-27 12:00:00,8,11,27,12,0,710,426,,,,Plein jour,Hors agglomération,Hors intersection,Normale,Trois véhicules et plus - en chaîne,,,,,,,,,,,1,1,1,1,4
200800062591,0008-11-03 19:15:00,8,11,3,19,15,710,336,vers le 54 Rue Gaillard,,,Nuit avec éclairage allumé,En agglomération,Hors intersection,Normale,Deux véhicules - côté,,,,,,,,,,,5,2,1,1,3
200800062592,0008-11-13 07:30:00,8,11,13,7,30,710,329,,46.944,5.151,Plein jour,Hors agglomération,Hors intersection,Normale,Deux véhicules - côté,,,,,,,,,,,1,1,1,1,3
200800062593,0008-11-14 13:45:00,8,11,14,13,45,710,52,,46.595,4.905,Plein jour,Hors agglomération,Hors intersection,Normale,Deux véhicules - arrière,,,,,,,,,,,1,1,1,1,2
200800062594,0008-11-26 13:45:00,8,11,26,13,45,710,242,,46.618,4.558,Plein jour,En agglomération,Hors intersection,Normale,Deux véhicules - frontale,,,,,,,,,,,1,2,1,1,1
200800062595,0008-11-16 05:30:00,8,11,16,5,30,710,176,,46.512,4.026,Nuit sans éclairage public,Hors agglomération,Hors intersection,Pluie légère,Autre collision,,,,,,,,,,,3,1,1,2,6
200800062596,0008-11-07 13:30:00,8,11,7,13,30,710,330,,,,Plein jour,Hors agglomération,Hors intersection,Pluie légère,Deux véhicules - frontale,,,,,,,,,,,1,1,1,2,1
200800062597,0008-11-14 18:00:00,8,11,14,18,0,710,263,rue de bram,46.632,5.217,Crépuscule ou aube,En agglomération,Intersection en T,Normale,Deux véhicules - côté,,,,,,,,,,,2,2,3,1,3
200800062598,0008-11-02 07:00:00,8,11,2,7,0,890,13,,,,Crépuscule ou aube,Hors agglomération,Hors intersection,Normale,Sans collision,,,,,,,,,,,2,1,1,1,7
200800062599,0008-11-16 11:45:00,8,11,16,11,45,890,295,,,,Plein jour,Hors agglomération,Hors intersection,Temps couvert,Sans collision,,,,,,,,,,,1,1,1,8,7
200800062600,0008-11-15 16:45:00,8,11,15,16,45,890,182,Face au 5 rue Principale,,,Plein jour,En agglomération,Hors intersection,Normale,Autre collision,,,,,,,,,,,1,2,1,1,6
200800062601,0008-11-07 03:00:00,8,11,7,3,0,890,201,,,,Nuit sans éclairage public,Hors agglomération,Hors intersection,Normale,Autre collision,,,,,,,,,,,3,1,1,1,6
200800062602,0008-11-07 08:15:00,8,11,7,8,15,890,273,,47.618,3.171,Plein jour,Hors agglomération,Hors intersection,Normale,Sans collision,,,,,,,,,,,1,1,1,1,7
200800062603,0008-11-22 06:00:00,8,11,22,6,0,890,273,,,,Nuit sans éclairage public,Hors agglomération,Hors intersection,Autre,Autre collision,,,,,,,,,,,3,1,1,9,6
200800062604,0008-11-01 07:30:00,8,11,1,7,30,890,206,,47.973,3.416,Crépuscule ou aube,Hors agglomération,Hors intersection,Temps couvert,Deux véhicules - frontale,,,,,,,,,,,2,1,1,8,1
200800062605,0008-11-08 16:15:00,8,11,8,16,15,890,103,,47.924,3.187,Nuit sans éclairage public,Hors agglomération,Hors intersection,Brouillard / fumée,Autre collision,,,,,,,,,,,3,1,1,5,6
200800062606,0008-11-01 15:30:00,8,11,1,15,30,890,240,,48.183,3.362,Plein jour,Hors agglomération,Hors intersection,Pluie légère,Deux véhicules - côté,,,,,,,,,,,1,1,1,2,3
200800062607,0008-11-09 03:00:00,8,11,9,3,0,890,354,ROUTE DE NAILLY,48.226,3.252,Nuit avec éclairage allumé,En agglomération,Hors intersection,Pluie légère,Autre collision,,,,,,,,,,,5,2,1,2,6
200800062608,0008-11-27 13:00:00,8,11,27,13,0,890,460,,,,Plein jour,Hors agglomération,Hors intersection,Normale,Deux véhicules - arrière,,,,,,,,,,,1,1,1,1,2
200800062609,0008-11-28 17:15:00,8,11,28,17,15,890,309,,48.36,3.12,Crépuscule ou aube,Hors agglomération,Hors intersection,Normale,Sans collision,,,,,,,,,,,2,1,1,1,7
200800062610,0008-11-27 09:30:00,8,11,27,9,30,890,126,,48.127,3.104,Plein jour,Hors agglomération,Hors intersection,Normale,Deux véhicules - côté,,,,,,,,,,,1,1,1,1,3
200800062611,0008-11-30 17:00:00,8,11,30,17,0,890,466,,48.179,3.177,Crépuscule ou aube,Hors agglomération,Hors intersection,Pluie légère,Sans collision,,,,,,,,,,,2,1,1,2,7
200800062612,0008-11-28 12:00:00,8,11,28,12,0,250,532,,,,Plein jour,Hors agglomération,Hors intersection,Normale,Sans collision,,,,,,,,,,,1,1,1,1,7
200800062613,0008-11-06 16:00:00,8,11,6,16,0,250,360,,47.136,6.113,Plein jour,Hors agglomération,Hors intersection,Normale,Sans collision,,,,,,,,,,,1,1,1,1,7
200800062614,0008-11-28 17:15:00,8,11,28,17,15,250,330,,,,Nuit sans éclairage public,Hors agglomération,Hors intersection,Temps couvert,Deux véhicules - frontale,,,,,,,,,,,3,1,1,8,1
200800062615,0008-11-21 17:30:00,8,11,21,17,30,250,48,36 grande rue,,,Nuit avec éclairage allumé,En agglomération,Autre intersection,Pluie forte,Autre collision,,,,,,,,,,,5,2,9,3,6
200800062616,0008-11-26 07:00:00,8,11,26,7,0,250,237,rue 18 novembre,,,Nuit avec éclairage allumé,En agglomération,Hors intersection,Normale,Deux véhicules - côté,,,,,,,,,,,5,2,1,1,3
200800062617,0008-11-19 05:30:00,8,11,19,5,30,250,356,,47.225,6.807,Nuit sans éclairage public,Hors agglomération,Hors intersection,Normale,Deux véhicules - frontale,,,,,,,,,,,3,1,1,1,1
200800062618,0008-11-05 21:00:00,8,11,5,21,0,250,33,22 GRANDE RUE,,,Nuit avec éclairage allumé,En agglomération,Hors intersection,Normale,Autre collision,,,,,,,,,,,5,2,1,1,6
200800062619,0008-11-10 18:00:00,8,11,10,18,0,250,387,,,,Nuit sans éclairage public,Hors agglomération,Hors intersection,Normale,Deux véhicules - frontale,,,,,,,,,,,3,1,1,1,1
200800062620,0008-11-22 20:00:00,8,11,22,20,0,250,463,,47.396,6.739,Nuit sans éclairage public,Hors agglomération,Hors intersection,Neige / grêle,Deux véhicules - frontale,,,,,,,,,,,3,1,1,4,1
200800062621,0008-11-09 20:45:00,8,11,9,20,45,250,468,,,,Nuit sans éclairage public,Hors agglomération,Hors intersection,Normale,Autre collision,,,,,,,,,,,3,1,1,1,6
200800062622,0008-11-14 23:45:00,8,11,14,23,45,250,110,,46.93,6.243,Nuit sans éclairage public,Hors agglomération,Hors intersection,Normale,Autre collision,,,,,,,,,,,3,1,1,1,6
200800062623,0008-11-26 15:15:00,8,11,26,15,15,250,309,grande rue - RD 72,46.92,6.31,Plein jour,En agglomération,Hors intersection,Normale,Autre collision,,,,,,,,,,,1,2,1,1,6
200800062624,0008-11-05 07:15:00,8,11,5,7,15,250,361,,,,Crépuscule ou aube,Hors agglomération,Hors intersection,Brouillard / fumée,Autre collision,,,,,,,,,,,2,1,1,5,6
200800062625,0008-11-30 07:30:00,8,11,30,7,30,250,240,,47.071,6.611,Crépuscule ou aube,Hors agglomération,Hors intersection,Normale,Autre collision,,,,,,,,,,,2,1,1,1,6
200800062626,0008-11-25 18:45:00,8,11,25,18,45,390,56,,,,Nuit sans éclairage public,Hors agglomération,Intersection en T,Normale,Deux véhicules - côté,,,,,,,,,,,3,1,3,1,3
200800062627,0008-11-05 19:45:00,8,11,5,19,45,390,488,,,,Nuit sans éclairage public,Hors agglomération,Hors intersection,Normale,Autre collision,,,,,,,,,,,3,1,1,1,6
200800062628,0008-11-07 18:30:00,8,11,7,18,30,390,185,1 Grande Rue,46.542,5.401,Nuit sans éclairage public,En agglomération,Hors intersection,Normale,Autre collision,,,,,,,,,,,3,2,1,1,6
200800062629,0008-11-08 18:15:00,8,11,8,18,15,390,434,rue jean moulin,,,Nuit sans éclairage public,En agglomération,Hors intersection,Normale,Autre collision,,,,,,,,,,,3,2,1,1,6
200800062630,0008-11-08 21:15:00,8,11,8,21,15,700,165,,47.71,5.91,Nuit sans éclairage public,Hors agglomération,Hors intersection,Normale,Autre collision,,,,,,,,,,,3,1,1,1,6
200800062631,0008-11-19 07:45:00,8,11,19,7,45,700,493,,47.392,6.059,Plein jour,Hors agglomération,Hors intersection,Pluie légère,Deux véhicules - frontale,,,,,,,,,,,1,1,1,2,1
200800062632,0008-11-09 18:00:00,8,11,9,18,0,700,260,,47.653,6.547,Nuit sans éclairage public,Hors agglomération,Hors intersection,Pluie légère,Sans collision,,,,,,,,,,,3,1,1,2,7
200800062633,0008-11-20 09:45:00,8,11,20,9,45,700,310,60 Avenue de la Republiq,47.69,6.496,Plein jour,En agglomération,Hors intersection,Normale,Autre collision,,,,,,,,,,,1,2,1,1,6
200800062634,0008-11-21 07:45:00,8,11,21,7,45,700,310,60 avenue de la reupbliq,47.691,6.496,Crépuscule ou aube,En agglomération,Hors intersection,Pluie légère,Autre collision,,,,,,,,,,,2,2,1,2,6
200800062635,0008-11-19 15:30:00,8,11,19,15,30,700,473,,,,Plein jour,Hors agglomération,Hors intersection,Normale,Deux véhicules - côté,,,,,,,,,,,1,1,1,1,3
200800062636,0008-11-18 15:45:00,8,11,18,15,45,700,311,rue st anne,,,Plein jour,En agglomération,Hors intersection,Temps couvert,Deux véhicules - frontale,,,,,,,,,,,1,2,1,8,1
200800062637,0008-11-13 12:45:00,8,11,13,12,45,700,286,,47.315,5.702,Plein jour,Hors agglomération,Hors intersection,Normale,Deux véhicules - côté,,,,,,,,,,,1,1,1,1,3
200800062638,0008-11-10 22:00:00,8,11,10,22,0,900,22,Rue du General COURTOT,,,Nuit avec éclairage allumé,En agglomération,Hors intersection,Normale,Autre collision,,,,,,,,,,,5,2,1,1,6
200800062639,0008-11-29 17:15:00,8,11,29,17,15,900,46,,,,Nuit sans éclairage public,Hors agglomération,Hors intersection,Normale,Deux véhicules - frontale,,,,,,,,,,,3,1,1,1,1
200800062640,0008-11-15 14:15:00,8,11,15,14,15,900,17,RN 19 - Rue de BELFORT,,,Plein jour,En agglomération,Hors intersection,Normale,Autre collision,,,,,,,,,,,1,2,1,1,6
200800062641,0008-11-11 19:30:00,8,11,11,19,30,260,165,,,,Nuit sans éclairage public,Hors agglomération,Hors intersection,Pluie forte,Deux véhicules - frontale,,,,,,,,,,,3,1,1,3,1
200800062642,0008-11-12 12:30:00,8,11,12,12,30,260,324,,44.388,4.732,Plein jour,Hors agglomération,Hors intersection,Normale,Deux véhicules - arrière,,,,,,,,,,,1,1,1,1,2
200800062643,0008-11-08 02:15:00,8,11,8,2,15,130,99,,43.676,5.738,Nuit sans éclairage public,Hors agglomération,Hors intersection,Brouillard / fumée,Sans collision,,,,,,,,,,,3,1,1,5,7
200800062644,0008-11-19 18:00:00,8,11,19,18,0,130,106,7 avenue du 8 mai 1945,43.391,5.36,Nuit avec éclairage allumé,En agglomération,Hors intersection,Normale,Deux véhicules - côté,,,,,,,,,,,5,2,1,1,3
200800062645,0008-11-30 14:45:00,8,11,30,14,45,130,19,Ch. grande campagne,43.42,5.35,Plein jour,En agglomération,Hors intersection,Normale,Deux véhicules - arrière,,,,,,,,,,,1,2,1,1,2
200800062646,0008-11-08 14:15:00,8,11,8,14,15,130,66,,43.89,4.891,Plein jour,Hors agglomération,Hors intersection,Normale,Deux véhicules - côté,,,,,,,,,,,1,1,1,1,3
200800062647,0008-11-17 08:45:00,8,11,17,8,45,130,27,,,,Plein jour,Hors agglomération,Hors intersection,Normale,Deux véhicules - côté,,,,,,,,,,,1,1,1,1,3
200800062648,0008-11-20 16:15:00,8,11,20,16,15,130,66,,,,Nuit sans éclairage public,Hors agglomération,Hors intersection,Normale,Trois véhicules et plus - collisions multiples,,,,,,,,,,,3,1,1,1,5