accident_id,datetime,annee,mois,jour,heure,minute,departement,commune_insee,adresse,latitude,longitude,luminosite,agglomeration,intersection,meteo,collision,nb_vehicules,nb_usagers,nb_indemnes,nb_tues,nb_blesses_hosp,nb_blesses_legers,age_cond_1,age_cond_2,veh_type_cond_1,veh_type_cond_2,lum_code,agg_code,int_code,atm_code,col_code
200800062649,0008-11-25 17:45:00,8,11,25,17,45,130,4,,43.555,4.73,Nuit sans éclairage public,Hors agglomération,Hors intersection,Normale,Autre collision,,,,,,,,,,,3,1,1,1,6
200800062650,0008-11-22 05:15:00,8,11,22,5,15,130,4,,43.532,4.705,Nuit sans éclairage public,Hors agglomération,Hors intersection,Normale,Sans collision,,,,,,,,,,,3,1,1,1,7
200800062651,0008-11-24 06:45:00,8,11,24,6,45,130,4,Rte de FARAMAN,43.411,4.721,Nuit sans éclairage public,En agglomération,Hors intersection,Normale,Autre collision,,,,,,,,,,,3,2,1,1,6
200800062652,0008-11-20 10:00:00,8,11,20,10,0,130,46,AVE JEAN MOULIN,,,Plein jour,En agglomération,Autre intersection,Normale,Autre collision,,,,,,,,,,,1,2,9,1,6
200800062653,0008-11-03 18:15:00,8,11,3,18,15,130,14,48 Avenue paul langevin,,,Crépuscule ou aube,En agglomération,Hors intersection,Normale,Autre collision,,,,,,,,,,,2,2,1,1,6
200800062654,0008-11-15 13:30:00,8,11,15,13,30,130,53,,43.705,5.208,Plein jour,Hors agglomération,Hors intersection,Normale,Autre collision,,,,,,,,,,,1,1,1,1,6
200800062655,0008-11-29 13:00:00,8,11,29,13,0,130,53,,43.724,5.176,Plein jour,Hors agglomération,Hors intersection,Normale,Deux véhicules - arrière,,,,,,,,,,,1,1,1,1,2
200800062656,0008-11-19 09:15:00,8,11,19,9,15,130,76,,,,Plein jour,Hors agglomération,Hors intersection,Normale,Deux véhicules - côté,,,,,,,,,,,1,1,1,1,3
200800062657,0008-11-14 18:45:00,8,11,14,18,45,130,81,,,,Crépuscule ou aube,Hors agglomération,Hors intersection,Normale,Deux véhicules - côté,,,,,,,,,,,2,1,1,1,3
200800062658,0008-11-01 06:45:00,8,11,1,6,45,130,82,,,,Crépuscule ou aube,Hors agglomération,Hors intersection,Normale,Sans collision,,,,,,,,,,,2,1,1,1,7
200800062659,0008-11-03 14:45:00,8,11,3,14,45,40,54,,,,Plein jour,Hors agglomération,Hors intersection,Pluie légère,Deux véhicules - arrière,,,,,,,,,,,1,1,1,2,2
200800062660,0008-11-29 19:30:00,8,11,29,19,30,40,203,,,,Nuit sans éclairage public,Hors agglomération,Hors intersection,Neige / grêle,Autre collision,,,,,,,,,,,3,1,1,4,6
200800062661,0008-11-02 23:45:00,8,11,2,23,45,40,76,,,,Nuit sans éclairage public,Hors agglomération,Hors intersection,Pluie légère,Autre collision,,,,,,,,,,,3,1,1,2,6
200800062662,0008-11-22 14:15:00,8,11,22,14,15,40,124,,43.807,6.121,Plein jour,Hors agglomération,Hors intersection,Vent fort / tempête,Deux véhicules - frontale,,,,,,,,,,,1,1,1,6,1
200800062663,0008-11-07 17:00:00,8,11,7,17,0,40,242,,,,Plein jour,Hors agglomération,Intersection en X,Normale,Deux véhicules - côté,,,,,,,,,,,1,1,2,1,3
200800062664,0008-11-20 14:45:00,8,11,20,14,45,40,88,chemin de la poudriere,43.97,5.785,Plein jour,En agglomération,Hors intersection,Normale,Autre collision,,,,,,,,,,,1,2,1,1,6
200800062665,0008-11-28 07:45:00,8,11,28,7,45,40,128,,43.844,5.693,Plein jour,Hors agglomération,Hors intersection,Neige / grêle,Deux véhicules - frontale,,,,,,,,,,,1,1,1,4,1
200800062666,0008-11-17 20:45:00,8,11,17,20,45,50,173,,44.337,5.897,Nuit sans éclairage public,Hors agglomération,Hors intersection,Normale,Deux véhicules - frontale,,,,,,,,,,,3,1,1,1,1
200800062667,0008-11-17 07:15:00,8,11,17,7,15,50,123,hameau le Colombier,,,Crépuscule ou aube,En agglomération,Hors intersection,Normale,Sans collision,,,,,,,,,,,2,2,1,1,7
200800062668,0008-11-24 13:45:00,8,11,24,13,45,50,170,,44.455,6.033,Plein jour,Hors agglomération,Intersection en T,Normale,Deux véhicules - côté,,,,,,,,,,,1,1,3,1,3
200800062669,0008-11-30 05:15:00,8,11,30,5,15,50,123,,,,Nuit sans éclairage public,Hors agglomération,Hors intersection,Neige / grêle,Autre collision,,,,,,,,,,,3,1,1,4,6
200800062670,0008-11-03 09:15:00,8,11,3,9,15,50,89,,44.395,5.74,Plein jour,Hors agglomération,Hors intersection,Temps couvert,Deux véhicules - frontale,,,,,,,,,,,1,1,1,8,1
200800062671,0008-11-09 15:00:00,8,11,9,15,0,50,40,,,,Plein jour,Hors agglomération,Hors intersection,Normale,Deux véhicules - arrière,,,,,,,,,,,1,1,1,1,2
200800062672,0008-11-26 00:15:00,8,11,26,0,15,60,147,CD 19 - PK 5+600,43.755,7.283,Nuit sans éclairage public,En agglomération,Hors intersection,Normale,Sans collision,,,,,,,,,,,3,2,1,1,7
200800062673,0008-11-28 17:15:00,8,11,28,17,15,60,147,20 Boulevard Leon Sauvan,43.794,7.274,Nuit avec éclairage allumé,En agglomération,Hors intersection,Pluie légère,Autre collision,,,,,,,,,,,5,2,1,2,6
200800062674,0008-11-18 08:15:00,8,11,18,8,15,60,151,,43.93,7.267,Plein jour,Hors agglomération,Hors intersection,Normale,Deux véhicules - arrière,,,,,,,,,,,1,1,1,1,2
200800062675,0008-11-20 19:15:00,8,11,20,19,15,60,103,,,,Nuit avec éclairage allumé,Hors agglomération,Intersection en T,Normale,Deux véhicules - frontale,,,,,,,,,,,5,1,3,1,1
200800062676,0008-11-30 02:00:00,8,11,30,2,0,60,54,,,,Nuit avec éclairage allumé,Hors agglomération,Hors intersection,Pluie forte,Autre collision,,,,,,,,,,,5,1,1,3,6
200800062677,0008-11-10 18:15:00,8,11,10,18,15,60,161,RD 6007,,,Nuit avec éclairage allumé,En agglomération,Hors intersection,Normale,Deux véhicules - côté,,,,,,,,,,,5,2,1,1,3
200800062678,0008-11-14 18:15:00,8,11,14,18,15,60,161,RD2085,,,Nuit sans éclairage public,En agglomération,Hors intersection,Pluie légère,Autre collision,,,,,,,,,,,3,2,1,2,6
200800062679,0008-11-15 15:15:00,8,11,15,15,15,60,161,,,,Plein jour,Hors agglomération,Hors intersection,Normale,Sans collision,,,,,,,,,,,1,1,1,1,7
200800062680,0008-11-20 16:45:00,8,11,20,16,45,60,44,Chemin des caillades,,,Plein jour,En agglomération,Hors intersection,Normale,Deux véhicules - frontale,,,,,,,,,,,1,2,1,1,1
200800062681,0008-11-20 14:45:00,8,11,20,14,45,60,161,residence st andrieu,,,Plein jour,En agglomération,Hors intersection,Normale,Autre collision,,,,,,,,,,,1,2,1,1,6
200800062682,0008-11-20 14:15:00,8,11,20,14,15,60,161,RD6007 PARC VAUGRENIER,43.627,7.131,Plein jour,En agglomération,Hors intersection,Normale,Deux véhicules - arrière,,,,,,,,,,,1,2,1,1,2
200800062683,0008-11-22 14:15:00,8,11,22,14,15,60,161,,43.641,7.134,Plein jour,En agglomération,Hors intersection,Normale,Deux véhicules - côté,,,,,,,,,,,1,2,1,1,3
200800062684,0008-11-23 16:00:00,8,11,23,16,0,60,161,,,,Plein jour,Hors agglomération,Hors intersection,Normale,Trois véhicules et plus - en chaîne,,,,,,,,,,,1,1,1,1,4
200800062685,0008-11-14 16:00:00,8,11,14,16,0,60,79,avenue general de Gaulle,43.533,6.945,Plein jour,En agglomération,Hors intersection,Normale,Autre collision,,,,,,,,,,,1,2,1,1,6
200800062686,0008-11-21 13:45:00,8,11,21,13,45,60,79,Avenue de Frejus,43.538,6.932,Plein jour,En agglomération,Hors intersection,Normale,Deux véhicules - côté,,,,,,,,,,,1,2,1,1,3
200800062687,0008-11-16 14:45:00,8,11,16,14,45,60,58,,,,Plein jour,Hors agglomération,Hors intersection,Normale,Deux véhicules - frontale,,,,,,,,,,,1,1,1,1,1
200800062688,0008-11-23 17:00:00,8,11,23,17,0,60,130,,,,Plein jour,En agglomération,Hors intersection,Pluie légère,Deux véhicules - côté,,,,,,,,,,,1,2,1,2,3
200800062689,0008-11-08 12:45:00,8,11,8,12,45,60,66,,,,Plein jour,Hors agglomération,Hors intersection,Normale,Deux véhicules - côté,,,,,,,,,,,1,1,1,1,3
200800062690,0008-11-09 15:00:00,8,11,9,15,0,60,33,,,,Plein jour,Hors agglomération,Hors intersection,Normale,Deux véhicules - frontale,,,,,,,,,,,1,1,1,1,1
200800062691,0008-11-30 13:30:00,8,11,30,13,30,60,33,,,,Plein jour,Hors agglomération,Hors intersection,Pluie forte,Deux véhicules - frontale,,,,,,,,,,,1,1,1,3,1
200800062692,0008-11-18 11:00:00,8,11,18,11,0,830,148,RUE ALBERT PREMIER,,,Plein jour,En agglomération,Hors intersection,Normale,Autre collision,,,,,,,,,,,1,2,1,1,6
200800062693,0008-11-22 14:30:00,8,11,22,14,30,830,72,,,,Plein jour,Hors agglomération,Hors intersection,Normale,Autre collision,,,,,,,,,,,1,1,1,1,6
200800062694,0008-11-05 18:45:00,8,11,5,18,45,830,67,,,,Nuit avec éclairage allumé,Hors agglomération,Hors intersection,Normale,Trois véhicules et plus - collisions multiples,,,,,,,,,,,5,1,1,1,5
200800062695,0008-11-01 11:30:00,8,11,1,11,30,830,15,,,,Plein jour,Hors agglomération,Hors intersection,Normale,Deux véhicules - côté,,,,,,,,,,,1,1,1,1,3
200800062696,0008-11-13 08:00:00,8,11,13,8,0,830,23,,,,Plein jour,Hors agglomération,Intersection en T,Pluie légère,Deux véhicules - côté,,,,,,,,,,,1,1,3,2,3
200800062697,0008-11-18 18:15:00,8,11,18,18,15,830,23,,,,Nuit sans éclairage public,Hors agglomération,Hors intersection,Normale,Deux véhicules - arrière,,,,,,,,,,,3,1,1,1,2
200800062698,0008-11-19 17:00:00,8,11,19,17,0,830,23,,,,Nuit avec éclairage allumé,En agglomération,Hors intersection,Normale,Autre collision,,,,,,,,,,,5,2,1,1,6
200800062699,0008-11-26 06:45:00,8,11,26,6,45,830,23,,,,Nuit sans éclairage public,Hors agglomération,Hors intersection,Normale,Deux véhicules - arrière,,,,,,,,,,,3,1,1,1,2
200800062700,0008-11-28 16:15:00,8,11,28,16,15,830,150,,,,Plein jour,Hors agglomération,Hors intersection,Pluie légère,Deux véhicules - frontale,,,,,,,,,,,1,1,1,2,1
200800062701,0008-11-20 17:45:00,8,11,20,17,45,830,77,,,,Nuit sans éclairage public,Hors agglomération,Hors intersection,Normale,Autre collision,,,,,,,,,,,3,1,1,1,6
200800062702,0008-11-24 11:15:00,8,11,24,11,15,830,106,,,,Plein jour,Hors agglomération,Hors intersection,Normale,Autre collision,,,,,,,,,,,1,1,1,1,6
200800062703,0008-11-25 11:45:00,8,11,25,11,45,830,64,,,,Plein jour,Hors agglomération,Hors intersection,Normale,Deux véhicules - côté,,,,,,,,,,,1,1,1,1,3
200800062704,0008-11-04 16:15:00,8,11,4,16,15,830,97,Route  de Trets  CD 23,,,Plein jour,En agglomération,Hors intersection,Pluie forte,Autre collision,,,,,,,,,,,1,2,1,3,6
200800062705,0008-11-04 20:00:00,8,11,4,20,0,830,140,,,,Nuit sans éclairage public,Hors agglomération,Hors intersection,Normale,Autre collision,,,,,,,,,,,3,1,1,1,6
200800062706,0008-11-13 14:45:00,8,11,13,14,45,830,116,,,,Plein jour,Hors agglomération,Hors intersection,Normale,Trois véhicules et plus - collisions multiples,,,,,,,,,,,1,1,1,1,5
200800062707,0008-11-09 10:15:00,8,11,9,10,15,830,68,,,,Plein jour,Hors agglomération,Hors intersection,Normale,Deux véhicules - côté,,,,,,,,,,,1,1,1,1,3
200800062708,0008-11-11 17:45:00,8,11,11,17,45,830,65,,,,Crépuscule ou aube,Hors agglomération,Hors intersection,Autre,Deux véhicules - côté,,,,,,,,,,,2,1,1,9,3
200800062709,0008-11-23 15:15:00,8,11,23,15,15,830,127,,,,Plein jour,Hors agglomération,Hors intersection,Normale,Autre collision,,,,,,,,,,,1,1,1,1,6
200800062710,0008-11-16 05:30:00,8,11,16,5,30,830,112,D1559,,,Nuit avec éclairage allumé,En agglomération,Hors intersection,Normale,Autre collision,,,,,,,,,,,5,2,1,1,6
200800062711,0008-11-17 19:45:00,8,11,17,19,45,840,81,rue folard/rte pont neuf,,,Nuit avec éclairage allumé,En agglomération,Giratoire,Normale,Deux véhicules - côté,,,,,,,,,,,5,2,6,1,3
200800062712,0008-11-17 09:00:00,8,11,17,9,0,840,38,,,,Plein jour,Hors agglomération,Hors intersection,Normale,Deux véhicules - frontale,,,,,,,,,,,1,1,1,1,1
200800062713,0008-11-21 19:30:00,8,11,21,19,30,840,38,,,,Nuit sans éclairage public,Hors agglomération,Hors intersection,Normale,Deux véhicules - frontale,,,,,,,,,,,3,1,1,1,1
200800062714,0008-11-01 03:45:00,8,11,1,3,45,840,54,,43.886,5.041,Nuit sans éclairage public,Hors agglomération,Hors intersection,Temps couvert,Autre collision,,,,,,,,,,,3,1,1,8,6
200800062715,0008-11-24 12:15:00,8,11,24,12,15,840,54,,43.942,5.036,Plein jour,Hors agglomération,Hors intersection,Normale,Autre collision,,,,,,,,,,,1,1,1,1,6
200800062716,0008-11-29 16:30:00,8,11,29,16,30,840,54,Avenue des 4 otages,43.922,5.055,Nuit avec éclairage allumé,En agglomération,Hors intersection,Pluie forte,Autre collision,,,,,,,,,,,5,2,1,3,6
200800062717,0008-11-12 08:15:00,8,11,12,8,15,840,141,Avenue Charles de GAULLE,,,Nuit avec éclairage allumé,En agglomération,Hors intersection,Normale,Deux véhicules - côté,,,,,,,,,,,5,2,1,1,3
200800062718,0008-11-19 09:30:00,8,11,19,9,30,840,92,,,,Plein jour,Hors agglomération,Hors intersection,Normale,Deux véhicules - frontale,,,,,,,,,,,1,1,1,1,1
200800062719,0008-11-24 09:15:00,8,11,24,9,15,840,141,AVENUE CHARLES DE GAULLE,,,Nuit avec éclairage allumé,En agglomération,Hors intersection,Normale,Deux véhicules - côté,,,,,,,,,,,5,2,1,1,3
200800062720,0008-11-16 11:15:00,8,11,16,11,15,840,20,,43.825,5.351,Plein jour,Hors agglomération,Hors intersection,Normale,Deux véhicules - frontale,,,,,,,,,,,1,1,1,1,1
200800062721,0008-11-30 17:15:00,8,11,30,17,15,840,2,,,,Crépuscule ou aube,Hors agglomération,Hors intersection,Normale,Deux véhicules - frontale,,,,,,,,,,,2,1,1,1,1
200800062722,0008-11-10 15:00:00,8,11,10,15,0,840,123,,,,Plein jour,Hors agglomération,Hors intersection,Normale,Deux véhicules - frontale,,,,,,,,,,,1,1,1,1,1
200800062723,0008-11-22 05:45:00,8,11,22,5,45,840,88,,,,Nuit sans éclairage public,Hors agglomération,Hors intersection,Normale,Autre collision,,,,,,,,,,,3,1,1,1,6
200800062724,0008-11-10 18:15:00,8,11,10,18,15,840,39,Rond point Bd Victor Hug,44.089,4.886,Nuit avec éclairage allumé,En agglomération,Giratoire,Normale,Deux véhicules - côté,,,,,,,,,,,5,2,6,1,3
200800062725,0008-11-30 15:45:00,8,11,30,15,45,840,138,,44.408,4.985,Nuit sans éclairage public,Hors agglomération,Hors intersection,Temps couvert,Autre collision,,,,,,,,,,,3,1,1,8,6
200800062726,0008-11-10 14:15:00,8,11,10,14,15,340,57,,43.634,3.898,Plein jour,En agglomération,Hors intersection,Normale,Deux véhicules - frontale,,,,,,,,,,,1,2,1,1,1
200800062727,0008-11-12 17:15:00,8,11,12,17,15,340,58,ROUTE DE SOMMIERES,43.684,3.988,Nuit avec éclairage allumé,En agglomération,Hors intersection,Autre,Deux véhicules - arrière,,,,,,,,,,,5,2,1,9,2
200800062728,0008-11-23 18:30:00,8,11,23,18,30,340,244,rue de la cascade,43.669,4.029,Nuit sans éclairage public,En agglomération,Place,Normale,Autre collision,,,,,,,,,,,3,2,7,1,6
200800062729,0008-11-21 09:45:00,8,11,21,9,45,340,274,,,,Plein jour,Hors agglomération,Hors intersection,Normale,Sans collision,,,,,,,,,,,1,1,1,1,7
200800062730,0008-11-19 18:45:00,8,11,19,18,45,340,314,,43.749,3.863,Nuit sans éclairage public,Hors agglomération,Hors intersection,Normale,Deux véhicules - frontale,,,,,,,,,,,3,1,1,1,1
200800062731,0008-11-03 04:45:00,8,11,3,4,45,340,19,TRUSCAS,,,Nuit avec éclairage allumé,En agglomération,Intersection en X,Temps couvert,Deux véhicules - frontale,,,,,,,,,,,5,2,2,8,1
200800062732,0008-11-12 17:45:00,8,11,12,17,45,340,260,,43.661,3.038,Crépuscule ou aube,Hors agglomération,Hors intersection,Normale,Deux véhicules - arrière,,,,,,,,,,,2,1,1,1,2
200800062733,0008-11-04 09:00:00,8,11,4,9,0,340,52,AVENUE DE NISSAN,43.331,3.054,Plein jour,En agglomération,Autre intersection,Pluie légère,Deux véhicules - côté,,,,,,,,,,,1,2,9,2,3
200800062734,0008-11-18 18:00:00,8,11,18,18,0,340,167,,43.288,3.021,Nuit sans éclairage public,Hors agglomération,Hors intersection,Normale,Autre collision,,,,,,,,,,,3,1,1,1,6
200800062735,0008-11-27 13:00:00,8,11,27,13,0,340,161,,,,Plein jour,Hors agglomération,Hors intersection,Normale,Deux véhicules - frontale,,,,,,,,,,,1,1,1,1,1
200800062736,0008-11-08 00:45:00,8,11,8,0,45,340,61,,43.482,3.11,Nuit sans éclairage public,Hors agglomération,Hors intersection,Normale,Deux véhicules - frontale,,,,,,,,,,,3,1,1,1,1
200800062737,0008-11-23 18:30:00,8,11,23,18,30,340,74,,,,Nuit sans éclairage public,Hors agglomération,Hors intersection,Normale,Autre collision,,,,,,,,,,,3,1,1,1,6
200800062738,0008-11-22 10:15:00,8,11,22,10,15,340,229,,43.471,2.79,Plein jour,Hors agglomération,Hors intersection,Vent fort / tempête,Autre collision,,,,,,,,,,,1,1,1,6,6
200800062739,0008-11-25 15:00:00,8,11,25,15,0,340,284,Avenue de la gare,43.493,2.76,Plein jour,En agglomération,Hors intersection,Normale,Trois véhicules et plus - collisions multiples,,,,,,,,,,,1,2,1,1,5
200800062740,0008-11-01 15:15:00,8,11,1,15,15,340,147,,43.477,3.222,Plein jour,En agglomération,Hors intersection,Normale,Deux véhicules - frontale,,,,,,,,,,,1,2,1,1,1
200800062741,0008-11-09 15:00:00,8,11,9,15,0,340,237,,43.501,3.33,Plein jour,Hors agglomération,Hors intersection,Normale,Autre collision,,,,,,,,,,,1,1,1,1,6
200800062742,0008-11-18 01:00:00,8,11,18,1,0,340,214,,43.495,3.295,Nuit sans éclairage public,Hors agglomération,Hors intersection,Normale,Autre collision,,,,,,,,,,,3,1,1,1,6
200800062743,0008-11-22 17:15:00,8,11,22,17,15,340,300,,,,Crépuscule ou aube,Hors agglomération,Hors intersection,Normale,Trois véhicules et plus - en chaîne,,,,,,,,,,,2,1,1,1,4
200800062744,0008-11-18 12:00:00,8,11,18,12,0,340,194,,43.525,3.449,Plein jour,Hors agglomération,Hors intersection,Normale,Deux véhicules - frontale,,,,,,,,,,,1,1,1,1,1
200800062745,0008-11-04 12:00:00,8,11,4,12,0,340,114,,43.64,3.53,Plein jour,Hors agglomération,Hors intersection,Pluie légère,Deux véhicules - frontale,,,,,,,,,,,1,1,1,2,1
200800062746,0008-11-05 08:30:00,8,11,5,8,30,340,101,,43.388,3.456,Crépuscule ou aube,Hors agglomération,Hors intersection,Pluie forte,Deux véhicules - frontale,,,,,,,,,,,2,1,1,3,1
200800062747,0008-11-08 11:45:00,8,11,8,11,45,340,150,,,,Plein jour,Hors agglomération,Hors intersection,Normale,Deux véhicules - côté,,,,,,,,,,,1,1,1,1,3
200800062748,0008-11-11 11:45:00,8,11,11,11,45,340,101,CD8 PK 13300 AV POMEROLS,,,Plein jour,En agglomération,Hors intersection,Normale,Autre collision,,,,,,,,,,,1,2,1,1,6
200800062749,0008-11-23 16:30:00,8,11,23,16,30,340,150,Boulevard du soleil,43.323,3.549,Plein jour,En agglomération,Intersection en T,Normale,Deux véhicules - frontale,,,,,,,,,,,1,2,3,1,1
200800062750,0008-11-29 12:45:00,8,11,29,12,45,340,332,,43.316,3.398,Plein jour,Hors agglomération,Hors intersection,Normale,Deux véhicules - côté,,,,,,,,,,,1,1,1,1,3
200800062751,0008-11-29 14:15:00,8,11,29,14,15,340,165,,,,Plein jour,Hors agglomération,Hors intersection,Normale,Trois véhicules et plus - collisions multiples,,,,,,,,,,,1,1,1,1,5
200800062752,0008-11-03 15:45:00,8,11,3,15,45,340,157,,43.431,3.557,Plein jour,Hors agglomération,Hors intersection,Normale,Deux véhicules - frontale,,,,,,,,,,,1,1,1,1,1
200800062753,0008-11-10 01:30:00,8,11,10,1,30,110,339,,,,Nuit sans éclairage public,Hors agglomération,Hors intersection,Normale,Autre collision,,,,,,,,,,,3,1,1,1,6
200800062754,0008-11-21 17:15:00,8,11,21,17,15,110,9,,43.243,2.181,Crépuscule ou aube,Hors agglomération,Hors intersection,Normale,Trois véhicules et plus - collisions multiples,,,,,,,,,,,2,1,1,1,5
200800062755,0008-11-06 07:45:00,8,11,6,7,45,110,410,,,,Crépuscule ou aube,Hors agglomération,Hors intersection,Pluie légère,Autre collision,,,,,,,,,,,2,1,1,2,6
200800062756,0008-11-15 02:30:00,8,11,15,2,30,110,410,RD620,,,Nuit sans éclairage public,En agglomération,Hors intersection,Normale,Autre collision,,,,,,,,,,,3,2,1,1,6
200800062757,0008-11-24 16:45:00,8,11,24,16,45,110,11,,,,Plein jour,Hors agglomération,Hors intersection,Temps couvert,Deux véhicules - frontale,,,,,,,,,,,1,1,1,8,1
200800062758,0008-11-04 17:45:00,8,11,4,17,45,110,260,,42.964,2.546,Plein jour,Hors agglomération,Hors intersection,Normale,Autre collision,,,,,,,,,,,1,1,1,1,6
200800062759,0008-11-30 14:00:00,8,11,30,14,0,110,280,,43.296,2.701,Plein jour,Hors agglomération,Hors intersection,Normale,Autre collision,,,,,,,,,,,1,1,1,1,6
200800062760,0008-11-26 21:45:00,8,11,26,21,45,110,430,,43.295,1.931,Nuit sans éclairage public,Hors agglomération,Hors intersection,Autre,Autre collision,,,,,,,,,,,3,1,1,9,6
200800062761,0008-11-10 22:45:00,8,11,10,22,45,110,153,,,,Nuit sans éclairage public,Hors agglomération,Hors intersection,Normale,Sans collision,,,,,,,,,,,3,1,1,1,7
200800062762,0008-11-19 13:45:00,8,11,19,13,45,110,434,,,,Plein jour,Hors agglomération,Hors intersection,Normale,Deux véhicules - frontale,,,,,,,,,,,1,1,1,1,1
200800062763,0008-11-18 18:00:00,8,11,18,18,0,110,206,Avenue du Languedoc,,,Nuit avec éclairage allumé,En agglomération,Hors intersection,Normale,Deux véhicules - frontale,,,,,,,,,,,5,2,1,1,1
200800062764,0008-11-14 14:30:00,8,11,14,14,30,110,258,,,,Plein jour,Hors agglomération,Hors intersection,Normale,Deux véhicules - côté,,,,,,,,,,,1,1,1,1,3
200800062765,0008-11-15 04:45:00,8,11,15,4,45,110,255,,,,Nuit sans éclairage public,Hors agglomération,Hors intersection,Normale,Deux véhicules - frontale,,,,,,,,,,,3,1,1,1,1
200800062766,0008-11-28 12:00:00,8,11,28,12,0,110,262,,,,Plein jour,Hors agglomération,Hors intersection,Normale,Deux véhicules - frontale,,,,,,,,,,,1,1,1,1,1
200800062767,0008-11-05 18:45:00,8,11,5,18,45,110,295,,43.05,2.93,Nuit sans éclairage public,Hors agglomération,Hors intersection,Pluie forte,Trois véhicules et plus - collisions multiples,,,,,,,,,,,3,1,1,3,5
200800062768,0008-11-27 17:00:00,8,11,27,17,0,300,3,Route de Nimes,,,Plein jour,En agglomération,Autre intersection,Normale,Deux véhicules - côté,,,,,,,,,,,1,2,9,1,3
200800062769,0008-11-28 18:00:00,8,11,28,18,0,300,156,avenue PARIS C.DE GAULLE,,,Nuit avec éclairage allumé,En agglomération,Hors intersection,Normale,Deux véhicules - côté,,,,,,,,,,,5,2,1,1,3
200800062770,0008-11-27 18:15:00,8,11,27,18,15,300,258,Ave Marcellin Berthelot,,,Nuit avec éclairage allumé,En agglomération,Hors intersection,Normale,Deux véhicules - côté,,,,,,,,,,,5,2,1,1,3
200800062771,0008-11-20 07:45:00,8,11,20,7,45,300,20,D 14 // ZA grande terre,,,Plein jour,En agglomération,Hors intersection,Normale,Deux véhicules - côté,,,,,,,,,,,1,2,1,1,3
200800062772,0008-11-22 11:45:00,8,11,22,11,45,300,214,,44.046,4.083,Plein jour,Hors agglomération,Hors intersection,Normale,Deux véhicules - côté,,,,,,,,,,,1,1,1,1,3
200800062773,0008-11-28 19:30:00,8,11,28,19,30,300,162,,44.029,4.03,Nuit sans éclairage public,Hors agglomération,Hors intersection,Normale,Deux véhicules - arrière,,,,,,,,,,,3,1,1,1,2
200800062774,0008-11-09 08:15:00,8,11,9,8,15,300,173,,44.112,4.175,Plein jour,Hors agglomération,Hors intersection,Normale,Autre collision,,,,,,,,,,,1,1,1,1,6
200800062775,0008-11-03 13:45:00,8,11,3,13,45,300,234,,,,Plein jour,Hors agglomération,Hors intersection,Normale,Deux véhicules - côté,,,,,,,,,,,1,1,1,1,3
200800062776,0008-11-13 19:15:00,8,11,13,19,15,300,46,CD 936,,,Nuit sans éclairage public,En agglomération,Hors intersection,Normale,Autre collision,,,,,,,,,,,3,2,1,1,6
200800062777,0008-11-15 06:00:00,8,11,15,6,0,300,46,,,,Nuit sans éclairage public,Hors agglomération,Hors intersection,Normale,Deux véhicules - arrière,,,,,,,,,,,3,1,1,1,2
200800062778,0008-11-11 05:15:00,8,11,11,5,15,300,237,,44.273,4.197,Nuit avec éclairage allumé,Hors agglomération,Hors intersection,Temps couvert,Deux véhicules - frontale,,,,,,,,,,,5,1,1,8,1
200800062779,0008-11-18 19:00:00,8,11,18,19,0,300,227,route d'UZES,,,Nuit sans éclairage public,En agglomération,Hors intersection,Normale,Autre collision,,,,,,,,,,,3,2,1,1,6
200800062780,0008-11-04 14:00:00,8,11,4,14,0,300,290,,,,Plein jour,Hors agglomération,Hors intersection,Normale,Deux véhicules - frontale,,,,,,,,,,,1,1,1,1,1
200800062781,0008-11-01 18:15:00,8,11,1,18,15,300,340,,43.99,4.579,Nuit sans éclairage public,Hors agglomération,Hors intersection,Pluie légère,Deux véhicules - côté,,,,,,,,,,,3,1,1,2,3
200800062782,0008-11-03 21:15:00,8,11,3,21,15,300,212,,43.953,4.546,Nuit sans éclairage public,Hors agglomération,Hors intersection,Normale,Autre collision,,,,,,,,,,,3,1,1,1,6
200800062783,0008-11-17 10:00:00,8,11,17,10,0,300,12,,43.898,4.69,Plein jour,Hors agglomération,Hors intersection,Normale,Deux véhicules - côté,,,,,,,,,,,1,1,1,1,3
200800062784,0008-11-30 17:30:00,8,11,30,17,30,300,317,,43.924,4.566,Crépuscule ou aube,Hors agglomération,Hors intersection,Normale,Autre collision,,,,,,,,,,,2,1,1,1,6
200800062785,0008-11-26 14:00:00,8,11,26,14,0,300,326,,,,Plein jour,Hors agglomération,Hors intersection,Normale,Deux véhicules - frontale,,,,,,,,,,,1,1,1,1,1
200800062786,0008-11-26 23:00:00,8,11,26,23,0,300,217,,,,Nuit sans éclairage public,Hors agglomération,Hors intersection,Normale,Deux véhicules - côté,,,,,,,,,,,3,1,1,1,3