accident_id,datetime,annee,mois,jour,heure,minute,departement,commune_insee,adresse,latitude,longitude,luminosite,agglomeration,intersection,meteo,collision,nb_vehicules,nb_usagers,nb_indemnes,nb_tues,nb_blesses_hosp,nb_blesses_legers,age_cond_1,age_cond_2,veh_type_cond_1,veh_type_cond_2,lum_code,agg_code,int_code,atm_code,col_code
200800063055,0008-11-26 18:15:00,8,11,26,18,15,440,54,,47.705,-1.352,Nuit sans éclairage public,Hors agglomération,Hors intersection,Normale,Deux véhicules - frontale,,,,,,,,,,,3,1,1,1,1
200800063056,0008-11-06 15:15:00,8,11,6,15,15,440,67,33 RUE DE BESLE,,,Nuit avec éclairage allumé,En agglomération,Hors intersection,Normale,Deux véhicules - côté,,,,,,,,,,,5,2,1,1,3
200800063057,0008-11-12 06:30:00,8,11,12,6,30,440,15,,47.465,-1.858,Nuit sans éclairage public,Hors agglomération,Hors intersection,Brouillard / fumée,Autre collision,,,,,,,,,,,3,1,1,5,6
200800063058,0008-11-18 18:15:00,8,11,18,18,15,440,67,,,,Nuit sans éclairage public,Hors agglomération,Hors intersection,Normale,Autre collision,,,,,,,,,,,3,1,1,1,6
200800063059,0008-11-19 14:45:00,8,11,19,14,45,440,128,,47.548,-1.906,Plein jour,Hors agglomération,Hors intersection,Normale,Autre collision,,,,,,,,,,,1,1,1,1,6
200800063060,0008-11-08 18:45:00,8,11,8,18,45,440,193,,47.679,-1.478,Nuit sans éclairage public,Hors agglomération,Giratoire,Pluie légère,Deux véhicules - côté,,,,,,,,,,,3,1,6,2,3
200800063061,0008-11-15 15:45:00,8,11,15,15,45,440,113,,47.587,-1.584,Nuit sans éclairage public,Hors agglomération,Hors intersection,Pluie légère,Autre collision,,,,,,,,,,,3,1,1,2,6
200800063062,0008-11-30 00:01:00,8,11,30,0,1,440,51,,47.693,-1.716,Nuit sans éclairage public,Hors agglomération,Hors intersection,Pluie légère,Deux véhicules - frontale,,,,,,,,,,,3,1,1,2,1
200800063063,0008-11-19 18:00:00,8,11,19,18,0,440,130,,,,Nuit sans éclairage public,Hors agglomération,Hors intersection,Normale,Deux véhicules - frontale,,,,,,,,,,,3,1,1,1,1
200800063064,0008-11-25 11:00:00,8,11,25,11,0,440,131,rue du General DE GAULLE,,,Plein jour,En agglomération,Hors intersection,Temps éblouissant,Autre collision,,,,,,,,,,,1,2,1,7,6
200800063065,0008-11-03 14:00:00,8,11,3,14,0,440,133,,47.119,-1.744,Plein jour,Hors agglomération,Hors intersection,Autre,Deux véhicules - frontale,,,,,,,,,,,1,1,1,9,1
200800063066,0008-11-04 23:30:00,8,11,4,23,30,440,178,,47.063,-1.753,Nuit sans éclairage public,Hors agglomération,Hors intersection,Normale,Autre collision,,,,,,,,,,,3,1,1,1,6
200800063067,0008-11-01 00:30:00,8,11,1,0,30,440,69,,,,Nuit avec éclairage non allumé,Hors agglomération,Hors intersection,Normale,Deux véhicules - côté,,,,,,,,,,,4,1,1,1,3
200800063068,0008-11-04 11:15:00,8,11,4,11,15,440,69,,,,Plein jour,Hors agglomération,Hors intersection,Normale,Autre collision,,,,,,,,,,,1,1,1,1,6
200800063069,0008-11-17 20:15:00,8,11,17,20,15,440,69,,,,Nuit avec éclairage allumé,En agglomération,Giratoire,Pluie légère,Deux véhicules - côté,,,,,,,,,,,5,2,6,2,3
200800063070,0008-11-13 17:45:00,8,11,13,17,45,440,211,RUE DU MOULIN,47.356,-2.492,Nuit avec éclairage allumé,En agglomération,Hors intersection,Normale,Deux véhicules - côté,,,,,,,,,,,5,2,1,1,3
200800063071,0008-11-13 17:15:00,8,11,13,17,15,440,52,,,,Crépuscule ou aube,Hors agglomération,Hors intersection,Normale,Autre collision,,,,,,,,,,,2,1,1,1,6
200800063072,0008-11-23 03:30:00,8,11,23,3,30,440,103,,,,Nuit sans éclairage public,Hors agglomération,Hors intersection,Pluie légère,Sans collision,,,,,,,,,,,3,1,1,2,7
200800063073,0008-11-10 18:30:00,8,11,10,18,30,440,196,,,,Nuit sans éclairage public,Hors agglomération,Hors intersection,Pluie légère,Deux véhicules - frontale,,,,,,,,,,,3,1,1,2,1
200800063074,0008-11-22 09:15:00,8,11,22,9,15,440,129,,,,Plein jour,Hors agglomération,Hors intersection,Pluie légère,Deux véhicules - arrière,,,,,,,,,,,1,1,1,2,2
200800063075,0008-11-22 15:00:00,8,11,22,15,0,440,129,,,,Plein jour,En agglomération,Giratoire,Pluie légère,Deux véhicules - côté,,,,,,,,,,,1,2,6,2,3
200800063076,0008-11-28 09:30:00,8,11,28,9,30,440,53,44 route de Pontchateau,,,Plein jour,En agglomération,Hors intersection,Temps couvert,Trois véhicules et plus - en chaîne,,,,,,,,,,,1,2,1,8,4
200800063077,0008-11-29 20:15:00,8,11,29,20,15,440,152,,,,Nuit sans éclairage public,Hors agglomération,Hors intersection,Pluie légère,Deux véhicules - côté,,,,,,,,,,,3,1,1,2,3
200800063078,0008-11-12 10:45:00,8,11,12,10,45,440,45,rue de la fontaine neuve,,,Plein jour,En agglomération,Giratoire,Normale,Deux véhicules - côté,,,,,,,,,,,1,2,6,1,3
200800063079,0008-11-12 17:45:00,8,11,12,17,45,490,214,RUE ESPERANTO,47.533,-0.606,Crépuscule ou aube,En agglomération,Hors intersection,Normale,Deux véhicules - côté,,,,,,,,,,,2,2,1,1,3
200800063080,0008-11-28 19:30:00,8,11,28,19,30,490,323,,47.501,-0.494,Nuit avec éclairage allumé,Hors agglomération,Hors intersection,Pluie forte,Autre collision,,,,,,,,,,,5,1,1,3,6
200800063081,0008-11-04 09:00:00,8,11,4,9,0,490,289,,,,Plein jour,Hors agglomération,Hors intersection,Normale,Deux véhicules - arrière,,,,,,,,,,,1,1,1,1,2
200800063082,0008-11-14 15:15:00,8,11,14,15,15,490,212,CD 15 PLACE DU GENERAL,47.396,-0.861,Plein jour,En agglomération,Hors intersection,Normale,Deux véhicules - côté,,,,,,,,,,,1,2,1,1,3
200800063083,0008-11-22 13:15:00,8,11,22,13,15,490,160,,47.418,-0.915,Plein jour,Hors agglomération,Hors intersection,Pluie légère,Deux véhicules - côté,,,,,,,,,,,1,1,1,2,3
200800063084,0008-11-06 15:30:00,8,11,6,15,30,490,92,,47.216,-0.711,Plein jour,Hors agglomération,Hors intersection,Normale,Sans collision,,,,,,,,,,,1,1,1,1,7
200800063085,0008-11-11 19:00:00,8,11,11,19,0,490,23,Rue de la Lime,,,Nuit avec éclairage allumé,En agglomération,Hors intersection,Temps couvert,Deux véhicules - côté,,,,,,,,,,,5,2,1,8,3
200800063086,0008-11-09 02:30:00,8,11,9,2,30,490,313,la Paganne,47.276,-1.028,Nuit avec éclairage allumé,En agglomération,Hors intersection,Pluie forte,Sans collision,,,,,,,,,,,5,2,1,3,7
200800063087,0008-11-25 16:45:00,8,11,25,16,45,490,228,,47.517,0.105,Plein jour,Hors agglomération,Hors intersection,Normale,Deux véhicules - frontale,,,,,,,,,,,1,1,1,1,1
200800063088,0008-11-26 14:00:00,8,11,26,14,0,490,372,route de la Bataille,,,Plein jour,En agglomération,Intersection en T,Normale,Deux véhicules - côté,,,,,,,,,,,1,2,3,1,3
200800063089,0008-11-04 14:00:00,8,11,4,14,0,490,59,,,,Plein jour,Hors agglomération,Hors intersection,Normale,Deux véhicules - côté,,,,,,,,,,,1,1,1,1,3
200800063090,0008-11-03 17:30:00,8,11,3,17,30,490,125,Rue de Taunay,,,Plein jour,En agglomération,Hors intersection,Temps couvert,Sans collision,,,,,,,,,,,1,2,1,8,7
200800063091,0008-11-13 07:30:00,8,11,13,7,30,490,191,RD 748,,,Crépuscule ou aube,En agglomération,Hors intersection,Normale,Deux véhicules - côté,,,,,,,,,,,2,2,1,1,3
200800063092,0008-11-04 18:00:00,8,11,4,18,0,490,279,,47.358,-0.305,Crépuscule ou aube,Hors agglomération,Intersection en X,Temps couvert,Deux véhicules - côté,,,,,,,,,,,2,1,2,8,3
200800063093,0008-11-14 18:15:00,8,11,14,18,15,490,30,,47.369,-0.022,Nuit sans éclairage public,Hors agglomération,Hors intersection,Pluie légère,Deux véhicules - côté,,,,,,,,,,,3,1,1,2,3
200800063094,0008-11-21 19:30:00,8,11,21,19,30,490,180,,47.375,-0.115,Nuit sans éclairage public,Hors agglomération,Intersection en X,Normale,Deux véhicules - côté,,,,,,,,,,,3,1,2,1,3
200800063095,0008-11-24 12:30:00,8,11,24,12,30,490,180,,47.347,-0.071,Plein jour,Hors agglomération,Hors intersection,Normale,Deux véhicules - frontale,,,,,,,,,,,1,1,1,1,1
200800063096,0008-11-29 08:45:00,8,11,29,8,45,490,154,,47.339,-0.353,Plein jour,Hors agglomération,Hors intersection,Normale,Autre collision,,,,,,,,,,,1,1,1,1,6
200800063097,0008-11-23 21:30:00,8,11,23,21,30,490,215,,,,Nuit sans éclairage public,Hors agglomération,Hors intersection,Normale,Sans collision,,,,,,,,,,,3,1,1,1,7
200800063098,0008-11-29 11:00:00,8,11,29,11,0,490,112,,47.191,-0.111,Plein jour,Hors agglomération,Hors intersection,Pluie légère,Autre collision,,,,,,,,,,,1,1,1,2,6
200800063099,0008-11-12 09:30:00,8,11,12,9,30,490,331,rue Gambetta,,,Plein jour,En agglomération,Hors intersection,Normale,Autre collision,,,,,,,,,,,1,2,1,1,6
200800063100,0008-11-04 18:15:00,8,11,4,18,15,490,176,,47.629,-0.771,Crépuscule ou aube,Hors agglomération,Hors intersection,Normale,Autre collision,,,,,,,,,,,2,1,1,1,6
200800063101,0008-11-06 13:15:00,8,11,6,13,15,490,294,,47.497,-0.678,Plein jour,Hors agglomération,Hors intersection,Normale,Deux véhicules - frontale,,,,,,,,,,,1,1,1,1,1
200800063102,0008-11-18 10:15:00,8,11,18,10,15,490,367,,47.626,-0.84,Plein jour,Hors agglomération,Hors intersection,Normale,Autre collision,,,,,,,,,,,1,1,1,1,6
200800063103,0008-11-18 19:30:00,8,11,18,19,30,490,89,,47.594,-0.882,Nuit sans éclairage public,Hors agglomération,Hors intersection,Normale,Autre collision,,,,,,,,,,,3,1,1,1,6
200800063104,0008-11-29 20:15:00,8,11,29,20,15,490,65,,,,Nuit sans éclairage public,Hors agglomération,Hors intersection,Pluie légère,Deux véhicules - frontale,,,,,,,,,,,3,1,1,2,1
200800063105,0008-11-24 12:45:00,8,11,24,12,45,530,168,,47.958,-0.793,Plein jour,Hors agglomération,Hors intersection,Normale,Autre collision,,,,,,,,,,,1,1,1,1,6
200800063106,0008-11-20 14:30:00,8,11,20,14,30,530,9,,47.963,-0.569,Plein jour,Hors agglomération,Hors intersection,Normale,Deux véhicules - frontale,,,,,,,,,,,1,1,1,1,1
200800063107,0008-11-12 16:45:00,8,11,12,16,45,530,59,,,,Plein jour,Hors agglomération,Hors intersection,Normale,Sans collision,,,,,,,,,,,1,1,1,1,7
200800063108,0008-11-05 20:00:00,8,11,5,20,0,530,216,,48.331,-0.567,Nuit sans éclairage public,Hors agglomération,Hors intersection,Pluie légère,Autre collision,,,,,,,,,,,3,1,1,2,6
200800063109,0008-11-20 07:45:00,8,11,20,7,45,530,170,,48.403,-0.671,Nuit sans éclairage public,Hors agglomération,Hors intersection,Temps couvert,Sans collision,,,,,,,,,,,3,1,1,8,7
200800063110,0008-11-24 10:15:00,8,11,24,10,15,530,127,rue du champ de foire,48.445,-0.492,Plein jour,En agglomération,Hors intersection,Normale,Autre collision,,,,,,,,,,,1,2,1,1,6
200800063111,0008-11-18 00:45:00,8,11,18,0,45,720,386,,48.018,0.282,Nuit sans éclairage public,Hors agglomération,Hors intersection,Normale,Sans collision,,,,,,,,,,,3,1,1,1,7
200800063112,0008-11-21 18:15:00,8,11,21,18,15,720,358,,,,Nuit sans éclairage public,Hors agglomération,Hors intersection,Normale,Deux véhicules - frontale,,,,,,,,,,,3,1,1,1,1
200800063113,0008-11-09 00:45:00,8,11,9,0,45,720,340,,48.151,0.236,Nuit sans éclairage public,Hors agglomération,Hors intersection,Pluie forte,Deux véhicules - frontale,,,,,,,,,,,3,1,1,3,1
200800063114,0008-11-18 22:45:00,8,11,18,22,45,720,289,64 rue du 8 mai 1945,,,Nuit avec éclairage allumé,En agglomération,Hors intersection,Normale,Deux véhicules - frontale,,,,,,,,,,,5,2,1,1,1
200800063115,0008-11-04 06:45:00,8,11,4,6,45,720,376,,,,Crépuscule ou aube,Hors agglomération,Hors intersection,Brouillard / fumée,Autre collision,,,,,,,,,,,2,1,1,5,6
200800063116,0008-11-14 19:00:00,8,11,14,19,0,720,19,,,,Nuit sans éclairage public,Hors agglomération,Intersection en X,Pluie légère,Deux véhicules - côté,,,,,,,,,,,3,1,2,2,3
200800063117,0008-11-22 03:15:00,8,11,22,3,15,720,83,,,,Nuit sans éclairage public,Hors agglomération,Hors intersection,Normale,Autre collision,,,,,,,,,,,3,1,1,1,6
200800063118,0008-11-12 18:00:00,8,11,12,18,0,720,264,Avenue de Buckeburg,,,Nuit avec éclairage allumé,En agglomération,Hors intersection,Pluie légère,Autre collision,,,,,,,,,,,5,2,1,2,6
200800063119,0008-11-23 11:30:00,8,11,23,11,30,720,264,rue paul doumer,,,Plein jour,En agglomération,Hors intersection,Pluie légère,Autre collision,,,,,,,,,,,1,2,1,2,6
200800063120,0008-11-13 18:30:00,8,11,13,18,30,720,132,RUE FAIDHERBE,,,Nuit avec éclairage allumé,En agglomération,Hors intersection,Normale,Autre collision,,,,,,,,,,,5,2,1,1,6
200800063121,0008-11-02 17:45:00,8,11,2,17,45,720,137,,48.465,0.25,Crépuscule ou aube,Hors agglomération,Hors intersection,Pluie légère,Deux véhicules - frontale,,,,,,,,,,,2,1,1,2,1
200800063122,0008-11-03 15:00:00,8,11,3,15,0,720,235,,48.263,0.116,Plein jour,En agglomération,Hors intersection,Normale,Deux véhicules - arrière,,,,,,,,,,,1,2,1,1,2
200800063123,0008-11-01 15:15:00,8,11,1,15,15,850,61,,46.582,-1.291,Plein jour,Hors agglomération,Hors intersection,Temps couvert,Deux véhicules - frontale,,,,,,,,,,,1,1,1,8,1
200800063124,0008-11-26 10:30:00,8,11,26,10,30,850,93,,46.658,-1.226,Plein jour,Hors agglomération,Hors intersection,Normale,Deux véhicules - arrière,,,,,,,,,,,1,1,1,1,2
200800063125,0008-11-25 07:15:00,8,11,25,7,15,850,89,Rue Nationale,,,Crépuscule ou aube,En agglomération,Hors intersection,Temps couvert,Deux véhicules - frontale,,,,,,,,,,,2,2,1,8,1
200800063126,0008-11-14 20:00:00,8,11,14,20,0,850,109,Av. Georges Clemenceau,46.428,1.007,Nuit avec éclairage allumé,En agglomération,Hors intersection,Normale,Deux véhicules - côté,,,,,,,,,,,5,2,1,1,3
200800063127,0008-11-29 06:00:00,8,11,29,6,0,850,196,la brossiere,,,Nuit avec éclairage allumé,En agglomération,Hors intersection,Temps couvert,Autre collision,,,,,,,,,,,5,2,1,8,6
200800063128,0008-11-01 15:45:00,8,11,1,15,45,850,108,,,,Plein jour,Hors agglomération,Hors intersection,Normale,Sans collision,,,,,,,,,,,1,1,1,1,7
200800063129,0008-11-07 21:15:00,8,11,7,21,15,850,25,,,,Nuit sans éclairage public,Hors agglomération,Hors intersection,Normale,Trois véhicules et plus - collisions multiples,,,,,,,,,,,3,1,1,1,5
200800063130,0008-11-24 19:00:00,8,11,24,19,0,850,178,rue de la croix bouet,,,Nuit avec éclairage allumé,En agglomération,Hors intersection,Normale,Trois véhicules et plus - collisions multiples,,,,,,,,,,,5,2,1,1,5
200800063131,0008-11-30 01:15:00,8,11,30,1,15,850,3,route de Challans,,,Nuit avec éclairage allumé,En agglomération,Hors intersection,Pluie légère,Deux véhicules - côté,,,,,,,,,,,5,2,1,2,3
200800063132,0008-11-30 23:45:00,8,11,30,23,45,850,155,,,,Nuit sans éclairage public,Hors agglomération,Hors intersection,Normale,Deux véhicules - frontale,,,,,,,,,,,3,1,1,1,1
200800063133,0008-11-16 16:00:00,8,11,16,16,0,850,92,,46.458,-0.829,Plein jour,Hors agglomération,Hors intersection,Normale,Autre collision,,,,,,,,,,,1,1,1,1,6
200800063134,0008-11-12 16:45:00,8,11,12,16,45,850,185,,,,Plein jour,Hors agglomération,Hors intersection,Normale,Deux véhicules - arrière,,,,,,,,,,,1,1,1,1,2
200800063135,0008-11-21 17:00:00,8,11,21,17,0,850,104,,46.397,-1.29,Plein jour,Hors agglomération,Hors intersection,Normale,Autre collision,,,,,,,,,,,1,1,1,1,6
200800063136,0008-11-28 18:00:00,8,11,28,18,0,850,227,,,,Nuit sans éclairage public,Hors agglomération,Hors intersection,Pluie légère,Deux véhicules - frontale,,,,,,,,,,,3,1,1,2,1
200800063137,0008-11-10 20:45:00,8,11,10,20,45,850,154,,46.681,-0.88,Nuit sans éclairage public,Hors agglomération,Hors intersection,Pluie légère,Deux véhicules - frontale,,,,,,,,,,,3,1,1,2,1
200800063138,0008-11-20 16:00:00,8,11,20,16,0,850,37,route de Parthenay,46.656,-0.685,Nuit avec éclairage allumé,En agglomération,Hors intersection,Pluie légère,Deux véhicules - frontale,,,,,,,,,,,5,2,1,2,1
200800063139,0008-11-06 21:00:00,8,11,6,21,0,850,18,,,,Nuit sans éclairage public,Hors agglomération,Hors intersection,Normale,Autre collision,,,,,,,,,,,3,1,1,1,6
200800063140,0008-11-14 19:15:00,8,11,14,19,15,330,284,,,,Nuit sans éclairage public,Hors agglomération,Hors intersection,Normale,Deux véhicules - frontale,,,,,,,,,,,3,1,1,1,1
200800063141,0008-11-15 17:15:00,8,11,15,17,15,330,56,avenue salle de Breillan,,,Plein jour,En agglomération,Hors intersection,Normale,Trois véhicules et plus - en chaîne,,,,,,,,,,,1,2,1,1,4
200800063142,0008-11-25 18:45:00,8,11,25,18,45,330,162,avenue de l'hippodrome,,,Nuit avec éclairage allumé,En agglomération,Hors intersection,Normale,Autre collision,,,,,,,,,,,5,2,1,1,6
200800063143,0008-11-02 16:45:00,8,11,2,16,45,330,449,,,,Plein jour,Hors agglomération,Hors intersection,Pluie légère,Deux véhicules - frontale,,,,,,,,,,,1,1,1,2,1
200800063144,0008-11-10 03:45:00,8,11,10,3,45,330,449,43 rue Gabriel Garbay,,,Nuit avec éclairage allumé,En agglomération,Hors intersection,Pluie légère,Autre collision,,,,,,,,,,,5,2,1,2,6
200800063145,0008-11-09 05:30:00,8,11,9,5,30,330,58,,45.132,-0.623,Nuit sans éclairage public,Hors agglomération,Hors intersection,Temps couvert,Deux véhicules - frontale,,,,,,,,,,,3,1,1,8,1
200800063146,0008-11-12 22:30:00,8,11,12,22,30,330,100,,45.133,-0.634,Nuit avec éclairage allumé,Hors agglomération,Hors intersection,Normale,Autre collision,,,,,,,,,,,5,1,1,1,6
200800063147,0008-11-14 18:45:00,8,11,14,18,45,330,58,Cours du General De Gaul,45.128,-0.662,Nuit avec éclairage allumé,En agglomération,Hors intersection,Pluie légère,Autre collision,,,,,,,,,,,5,2,1,2,6
200800063148,0008-11-03 08:45:00,8,11,3,8,45,330,73,,45.248,-0.579,Plein jour,Hors agglomération,Hors intersection,Pluie légère,Trois véhicules et plus - collisions multiples,,,,,,,,,,,1,1,1,2,5
200800063149,0008-11-18 07:45:00,8,11,18,7,45,330,13,avenue Eglise Romane,44.865,-0.489,Crépuscule ou aube,En agglomération,Hors intersection,Normale,Autre collision,,,,,,,,,,,2,2,1,1,6
200800063150,0008-11-17 14:00:00,8,11,17,14,0,330,330,,,,Plein jour,Hors agglomération,Hors intersection,Normale,Autre collision,,,,,,,,,,,1,1,1,1,6
200800063151,0008-11-21 17:45:00,8,11,21,17,45,330,61,,,,Crépuscule ou aube,Hors agglomération,Hors intersection,Pluie légère,Deux véhicules - arrière,,,,,,,,,,,2,1,1,2,2
200800063152,0008-11-03 19:45:00,8,11,3,19,45,330,205,,44.615,-0.359,Nuit sans éclairage public,Hors agglomération,Hors intersection,Normale,Deux véhicules - frontale,,,,,,,,,,,3,1,1,1,1
200800063153,0008-11-06 16:00:00,8,11,6,16,0,330,327,D117 E1,44.65,-0.36,Plein jour,En agglomération,Passage à niveau,Normale,Sans collision,,,,,,,,,,,1,2,8,1,7
200800063154,0008-11-29 16:00:00,8,11,29,16,0,330,321,av. du clos vallon,45.049,-0.426,Plein jour,En agglomération,Hors intersection,Temps couvert,Autre collision,,,,,,,,,,,1,2,1,8,6
200800063155,0008-11-23 06:15:00,8,11,23,6,15,330,357,,44.507,-0.273,Nuit sans éclairage public,Hors agglomération,Hors intersection,Normale,Autre collision,,,,,,,,,,,3,1,1,1,6
200800063156,0008-11-11 18:30:00,8,11,11,18,30,330,95,,44.224,-0.265,Nuit sans éclairage public,Hors agglomération,Hors intersection,Pluie légère,Trois véhicules et plus - collisions multiples,,,,,,,,,,,3,1,1,2,5
200800063157,0008-11-14 17:45:00,8,11,14,17,45,330,2,,44.45,-0.07,Crépuscule ou aube,Hors agglomération,Hors intersection,Pluie légère,Sans collision,,,,,,,,,,,2,1,1,2,7
200800063158,0008-11-14 18:45:00,8,11,14,18,45,330,276,,44.415,-0.07,Nuit sans éclairage public,Hors agglomération,Hors intersection,Pluie légère,Autre collision,,,,,,,,,,,3,1,1,2,6
200800063159,0008-11-16 17:45:00,8,11,16,17,45,330,36,Avenue GENERAL LECLERC,44.446,-0.232,Nuit avec éclairage allumé,En agglomération,Hors intersection,Normale,Autre collision,,,,,,,,,,,5,2,1,1,6
200800063160,0008-11-11 17:15:00,8,11,11,17,15,330,275,,44.714,-0.188,Plein jour,Hors agglomération,Hors intersection,Normale,Deux véhicules - frontale,,,,,,,,,,,1,1,1,1,1
200800063161,0008-11-10 22:45:00,8,11,10,22,45,330,240,cours Edouard BRANLY,45.308,-0.922,Nuit avec éclairage allumé,En agglomération,Hors intersection,Normale,Deux véhicules - frontale,,,,,,,,,,,5,2,1,1,1
200800063162,0008-11-15 15:00:00,8,11,15,15,0,330,494,,,,Plein jour,Hors agglomération,Hors intersection,Normale,Deux véhicules - frontale,,,,,,,,,,,1,1,1,1,1
200800063163,0008-11-08 21:30:00,8,11,8,21,30,330,395,,45.25,-0.75,Nuit sans éclairage public,Hors agglomération,Hors intersection,Pluie forte,Sans collision,,,,,,,,,,,3,1,1,3,7
200800063164,0008-11-25 07:45:00,8,11,25,7,45,330,314,,45.226,-0.768,Crépuscule ou aube,Hors agglomération,Hors intersection,Normale,Deux véhicules - côté,,,,,,,,,,,2,1,1,1,3
200800063165,0008-11-24 18:15:00,8,11,24,18,15,330,514,boulevard marsan montbru,45.509,-1.121,Nuit avec éclairage allumé,En agglomération,Hors intersection,Pluie légère,Deux véhicules - frontale,,,,,,,,,,,5,2,1,2,1
200800063166,0008-11-06 19:45:00,8,11,6,19,45,330,15,,44.874,-0.308,Nuit sans éclairage public,Hors agglomération,Hors intersection,Pluie légère,Deux véhicules - frontale,,,,,,,,,,,3,1,1,2,1
200800063167,0008-11-15 22:30:00,8,11,15,22,30,330,198,,,,Nuit sans éclairage public,Hors agglomération,Hors intersection,Normale,Sans collision,,,,,,,,,,,3,1,1,1,7
200800063168,0008-11-01 07:45:00,8,11,1,7,45,330,160,,44.807,0.185,Crépuscule ou aube,Hors agglomération,Intersection en X,Pluie légère,Deux véhicules - côté,,,,,,,,,,,2,1,2,2,3
200800063169,0008-11-04 16:15:00,8,11,4,16,15,330,402,RUE VICTOR HUGO,44.844,0.218,Plein jour,En agglomération,Hors intersection,Normale,Deux véhicules - côté,,,,,,,,,,,1,2,1,1,3
200800063170,0008-11-08 11:30:00,8,11,8,11,30,330,470,,,,Plein jour,Hors agglomération,Hors intersection,Normale,Autre collision,,,,,,,,,,,1,1,1,1,6
200800063171,0008-11-12 16:00:00,8,11,12,16,0,240,115,,45.279,0.675,Plein jour,Hors agglomération,Hors intersection,Normale,Deux véhicules - frontale,,,,,,,,,,,1,1,1,1,1
200800063172,0008-11-16 04:00:00,8,11,16,4,0,240,13,,45.165,0.741,Nuit avec éclairage allumé,Hors agglomération,Hors intersection,Normale,Autre collision,,,,,,,,,,,5,1,1,1,6
200800063173,0008-11-24 07:45:00,8,11,24,7,45,240,96,,,,Crépuscule ou aube,Hors agglomération,Hors intersection,Pluie légère,Deux véhicules - côté,,,,,,,,,,,2,1,1,2,3
200800063174,0008-11-07 16:30:00,8,11,7,16,30,240,225,,44.84,0.415,Plein jour,Hors agglomération,Hors intersection,Normale,Deux véhicules - côté,,,,,,,,,,,1,1,1,1,3
200800063175,0008-11-11 11:30:00,8,11,11,11,30,240,195,,44.675,0.886,Plein jour,Hors agglomération,Hors intersection,Pluie légère,Deux véhicules - côté,,,,,,,,,,,1,1,1,2,3
200800063176,0008-11-08 18:00:00,8,11,8,18,0,240,274,,,,Nuit sans éclairage public,Hors agglomération,Hors intersection,Pluie légère,Deux véhicules - frontale,,,,,,,,,,,3,1,1,2,1
200800063177,0008-11-18 18:15:00,8,11,18,18,15,240,551,av. du General de Gaulle,,,Nuit avec éclairage allumé,En agglomération,Hors intersection,Pluie légère,Autre collision,,,,,,,,,,,5,2,1,2,6
200800063178,0008-11-26 11:45:00,8,11,26,11,45,240,520,rue jean jaures,,,Plein jour,En agglomération,Hors intersection,Normale,Autre collision,,,,,,,,,,,1,2,1,1,6
200800063179,0008-11-29 11:00:00,8,11,29,11,0,240,520,Avenue de la Dordogne,,,Plein jour,En agglomération,Giratoire,Normale,Autre collision,,,,,,,,,,,1,2,6,1,6
200800063180,0008-11-30 11:00:00,8,11,30,11,0,240,516,,,,Plein jour,Hors agglomération,Hors intersection,Pluie légère,Autre collision,,,,,,,,,,,1,1,1,2,6
200800063181,0008-11-03 10:00:00,8,11,3,10,0,240,254,,44.831,1.012,Nuit sans éclairage public,Hors agglomération,Hors intersection,Normale,Sans collision,,,,,,,,,,,3,1,1,1,7
200800063182,0008-11-07 12:30:00,8,11,7,12,30,240,404,,,,Plein jour,Hors agglomération,Hors intersection,Temps couvert,Deux véhicules - frontale,,,,,,,,,,,1,1,1,8,1
200800063183,0008-11-01 11:30:00,8,11,1,11,30,400,164,,,,Plein jour,Hors agglomération,Hors intersection,Normale,Trois véhicules et plus - collisions multiples,,,,,,,,,,,1,1,1,1,5
200800063184,0008-11-25 19:30:00,8,11,25,19,30,400,250,,43.935,-0.417,Nuit sans éclairage public,Hors agglomération,Hors intersection,Normale,Autre collision,,,,,,,,,,,3,1,1,1,6
200800063185,0008-11-10 15:15:00,8,11,10,15,15,400,243,,43.965,-0.995,Nuit sans éclairage public,Hors agglomération,Hors intersection,Pluie légère,Autre collision,,,,,,,,,,,3,1,1,2,6
200800063186,0008-11-21 08:00:00,8,11,21,8,0,400,155,,43.911,-1.23,Plein jour,Hors agglomération,Hors intersection,Pluie légère,Trois véhicules et plus - collisions multiples,,,,,,,,,,,1,1,1,2,5
200800063187,0008-11-24 16:00:00,8,11,24,16,0,400,228,,,,Plein jour,Hors agglomération,Hors intersection,Pluie forte,Autre collision,,,,,,,,,,,1,1,1,3,6
200800063188,0008-11-01 18:45:00,8,11,1,18,45,400,183,,43.676,-0.971,Nuit sans éclairage public,Hors agglomération,Hors intersection,Normale,Deux véhicules - côté,,,,,,,,,,,3,1,1,1,3