accident_id,datetime,annee,mois,jour,heure,minute,departement,commune_insee,adresse,latitude,longitude,luminosite,agglomeration,intersection,meteo,collision,nb_vehicules,nb_usagers,nb_indemnes,nb_tues,nb_blesses_hosp,nb_blesses_legers,age_cond_1,age_cond_2,veh_type_cond_1,veh_type_cond_2,lum_code,agg_code,int_code,atm_code,col_code
200800063324,0008-11-08 20:30:00,8,11,8,20,30,310,582,,43.419,1.717,Nuit sans éclairage public,Hors agglomération,Hors intersection,Normale,Deux véhicules - frontale,,,,,,,,,,,3,1,1,1,1
200800063325,0008-11-12 08:30:00,8,11,12,8,30,310,571,,43.601,1.771,Plein jour,Hors agglomération,Intersection en X,Pluie légère,Deux véhicules - côté,,,,,,,,,,,1,1,2,2,3
200800063326,0008-11-15 11:15:00,8,11,15,11,15,310,285,,43.649,1.604,Plein jour,Hors agglomération,Hors intersection,Normale,Deux véhicules - frontale,,,,,,,,,,,1,1,1,1,1
200800063327,0008-11-21 12:15:00,8,11,21,12,15,310,82,,43.616,1.708,Plein jour,Hors agglomération,Hors intersection,Pluie légère,Deux véhicules - côté,,,,,,,,,,,1,1,1,2,3
200800063328,0008-11-29 01:15:00,8,11,29,1,15,310,106,,43.528,1.753,Nuit sans éclairage public,Hors agglomération,Hors intersection,Normale,Autre collision,,,,,,,,,,,3,1,1,1,6
200800063329,0008-11-27 07:30:00,8,11,27,7,30,310,451,Carrefour D1 - D 79,,,Crépuscule ou aube,En agglomération,Intersection en X,Normale,Deux véhicules - côté,,,,,,,,,,,2,2,2,1,3
200800063330,0008-11-05 19:45:00,8,11,5,19,45,90,109,,,,Nuit sans éclairage public,Hors agglomération,Hors intersection,Pluie forte,Sans collision,,,,,,,,,,,3,1,1,3,7
200800063331,0008-11-12 16:45:00,8,11,12,16,45,90,277,,,,Plein jour,Hors agglomération,Hors intersection,Pluie légère,Deux véhicules - frontale,,,,,,,,,,,1,1,1,2,1
200800063332,0008-11-12 16:15:00,8,11,12,16,15,90,95,,42.941,1.032,Plein jour,Hors agglomération,Hors intersection,Pluie légère,Autre collision,,,,,,,,,,,1,1,1,2,6
200800063333,0008-11-03 17:00:00,8,11,3,17,0,90,235,place charles de gaulle,,,Plein jour,En agglomération,Hors intersection,Normale,Deux véhicules - côté,,,,,,,,,,,1,2,1,1,3
200800063334,0008-11-01 04:30:00,8,11,1,4,30,120,102,,44.294,2.638,Nuit sans éclairage public,Hors agglomération,Hors intersection,Vent fort / tempête,Sans collision,,,,,,,,,,,3,1,1,6,7
200800063335,0008-11-29 13:45:00,8,11,29,13,45,120,102,,44.291,2.611,Plein jour,En agglomération,Hors intersection,Autre,Sans collision,,,,,,,,,,,1,2,1,9,7
200800063336,0008-11-22 19:00:00,8,11,22,19,0,120,120,,44.378,2.837,Nuit sans éclairage public,Hors agglomération,Hors intersection,Pluie forte,Deux véhicules - frontale,,,,,,,,,,,3,1,1,3,1
200800063337,0008-11-28 14:45:00,8,11,28,14,45,120,33,,44.443,2.685,Plein jour,Hors agglomération,Intersection en X,Normale,Deux véhicules - côté,,,,,,,,,,,1,1,2,1,3
200800063338,0008-11-10 16:45:00,8,11,10,16,45,120,161,,44.484,2.496,Plein jour,Hors agglomération,Hors intersection,Normale,Deux véhicules - frontale,,,,,,,,,,,1,1,1,1,1
200800063339,0008-11-23 12:15:00,8,11,23,12,15,120,240,,44.627,2.273,Plein jour,Hors agglomération,Hors intersection,Normale,Autre collision,,,,,,,,,,,1,1,1,1,6
200800063340,0008-11-10 14:00:00,8,11,10,14,0,120,96,,44.516,2.735,Plein jour,Hors agglomération,Hors intersection,Normale,Deux véhicules - côté,,,,,,,,,,,1,1,1,1,3
200800063341,0008-11-28 07:45:00,8,11,28,7,45,120,96,avenue d'estaing,,,Crépuscule ou aube,En agglomération,Hors intersection,Brouillard / fumée,Autre collision,,,,,,,,,,,2,2,1,5,6
200800063342,0008-11-20 11:00:00,8,11,20,11,0,120,96,"Parking de la Poste,",44.528,2.765,Plein jour,En agglomération,Autre intersection,Normale,Autre collision,,,,,,,,,,,1,2,9,1,6
200800063343,0008-11-13 13:30:00,8,11,13,13,30,120,238,,44.24,2.988,Plein jour,Hors agglomération,Hors intersection,Normale,Sans collision,,,,,,,,,,,1,1,1,1,7
200800063344,0008-11-19 13:30:00,8,11,19,13,30,120,294,,44.286,2.852,Plein jour,Hors agglomération,Hors intersection,Normale,Sans collision,,,,,,,,,,,1,1,1,1,7
200800063345,0008-11-24 17:15:00,8,11,24,17,15,120,294,,44.271,2.87,Plein jour,Hors agglomération,Hors intersection,Pluie légère,Sans collision,,,,,,,,,,,1,1,1,2,7
200800063346,0008-11-27 11:00:00,8,11,27,11,0,120,208,29 Boulevard de la repub,,,Plein jour,En agglomération,Hors intersection,Normale,Autre collision,,,,,,,,,,,1,2,1,1,6
200800063347,0008-11-06 09:00:00,8,11,6,9,0,320,29,,43.621,0.461,Plein jour,Hors agglomération,Hors intersection,Pluie légère,Autre collision,,,,,,,,,,,1,1,1,2,6
200800063348,0008-11-19 13:00:00,8,11,19,13,0,320,334,,43.597,1.188,Plein jour,Hors agglomération,Hors intersection,Temps couvert,Trois véhicules et plus - en chaîne,,,,,,,,,,,1,1,1,8,4
200800063349,0008-11-01 09:15:00,8,11,1,9,15,320,332,,43.744,0.277,Plein jour,Hors agglomération,Hors intersection,Pluie forte,Autre collision,,,,,,,,,,,1,1,1,3,6
200800063350,0008-11-06 08:15:00,8,11,6,8,15,320,462,rue du cours delom,43.763,0.305,Plein jour,En agglomération,Hors intersection,Pluie légère,Autre collision,,,,,,,,,,,1,2,1,2,6
200800063351,0008-11-19 16:15:00,8,11,19,16,15,320,296,,43.781,-0.029,Plein jour,Hors agglomération,Intersection en T,Normale,Deux véhicules - côté,,,,,,,,,,,1,1,3,1,3
200800063352,0008-11-11 18:15:00,8,11,11,18,15,320,132,Rue Mendes FRANCE,43.853,0.658,Plein jour,En agglomération,Hors intersection,Normale,Deux véhicules - côté,,,,,,,,,,,1,2,1,1,3
200800063353,0008-11-18 18:45:00,8,11,18,18,45,320,132,Boulevard Paul Valery,,,Nuit avec éclairage allumé,En agglomération,Hors intersection,Pluie forte,Autre collision,,,,,,,,,,,5,2,1,3,6
200800063354,0008-11-20 09:00:00,8,11,20,9,0,320,208,,,,Plein jour,Hors agglomération,Intersection en T,Normale,Autre collision,,,,,,,,,,,1,1,3,1,6
200800063355,0008-11-22 13:15:00,8,11,22,13,15,320,116,,,,Plein jour,Hors agglomération,Hors intersection,Normale,Deux véhicules - frontale,,,,,,,,,,,1,1,1,1,1
200800063356,0008-11-26 18:30:00,8,11,26,18,30,320,159,,,,Nuit sans éclairage public,Hors agglomération,Hors intersection,Pluie légère,Deux véhicules - côté,,,,,,,,,,,3,1,1,2,3
200800063357,0008-11-28 20:00:00,8,11,28,20,0,320,199,,,,Nuit sans éclairage public,Hors agglomération,Hors intersection,Normale,Deux véhicules - arrière,,,,,,,,,,,3,1,1,1,2
200800063358,0008-11-01 10:15:00,8,11,1,10,15,460,137,,,,Plein jour,Hors agglomération,Hors intersection,Pluie forte,Deux véhicules - frontale,,,,,,,,,,,1,1,1,3,1
200800063359,0008-11-16 02:15:00,8,11,16,2,15,460,114,Le Bourg,44.586,1.148,Nuit avec éclairage allumé,En agglomération,Hors intersection,Normale,Sans collision,,,,,,,,,,,5,2,1,1,7
200800063360,0008-11-22 19:45:00,8,11,22,19,45,460,130,,44.481,1.138,Nuit sans éclairage public,Hors agglomération,Hors intersection,Pluie légère,Autre collision,,,,,,,,,,,3,1,1,2,6
200800063361,0008-11-27 15:00:00,8,11,27,15,0,460,284,,,,Plein jour,Hors agglomération,Hors intersection,Normale,Deux véhicules - côté,,,,,,,,,,,1,1,1,1,3
200800063362,0008-11-08 07:00:00,8,11,8,7,0,460,138,,44.645,1.559,Crépuscule ou aube,Hors agglomération,Hors intersection,Temps couvert,Autre collision,,,,,,,,,,,2,1,1,8,6
200800063363,0008-11-17 18:00:00,8,11,17,18,0,460,324,,44.6,1.402,Plein jour,Hors agglomération,Hors intersection,Normale,Deux véhicules - côté,,,,,,,,,,,1,1,1,1,3
200800063364,0008-11-25 08:00:00,8,11,25,8,0,460,127,AVENUE CAVAIGNAC,44.74,1.384,Plein jour,En agglomération,Giratoire,Normale,Autre collision,,,,,,,,,,,1,2,6,1,6
200800063365,0008-11-26 14:00:00,8,11,26,14,0,460,113,,44.679,1.478,Plein jour,Hors agglomération,Hors intersection,Normale,Deux véhicules - frontale,,,,,,,,,,,1,1,1,1,1
200800063366,0008-11-01 12:45:00,8,11,1,12,45,650,101,,,,Plein jour,Hors agglomération,Hors intersection,Normale,Trois véhicules et plus - collisions multiples,,,,,,,,,,,1,1,1,1,5
200800063367,0008-11-13 16:45:00,8,11,13,16,45,650,460,place de la Republique,43.39,0.056,Plein jour,En agglomération,Hors intersection,Normale,Autre collision,,,,,,,,,,,1,2,1,1,6
200800063368,0008-11-29 02:00:00,8,11,29,2,0,650,49,,43.507,0.077,Nuit sans éclairage public,Hors agglomération,Hors intersection,Normale,Autre collision,,,,,,,,,,,3,1,1,1,6
200800063369,0008-11-15 11:00:00,8,11,15,11,0,650,362,rue Theophile GAUTHIER,42.963,-0.075,Plein jour,En agglomération,Hors intersection,Normale,Autre collision,,,,,,,,,,,1,2,1,1,6
200800063370,0008-11-07 13:15:00,8,11,7,13,15,650,69,,43.089,0.383,Plein jour,Hors agglomération,Hors intersection,Normale,Deux véhicules - frontale,,,,,,,,,,,1,1,1,1,1
200800063371,0008-11-23 12:45:00,8,11,23,12,45,650,122,,42.951,0.373,Plein jour,Hors agglomération,Hors intersection,Normale,Autre collision,,,,,,,,,,,1,1,1,1,6
200800063372,0008-11-02 17:30:00,8,11,2,17,30,810,96,,,,Crépuscule ou aube,Hors agglomération,Hors intersection,Temps couvert,Deux véhicules - côté,,,,,,,,,,,2,1,1,8,3
200800063373,0008-11-10 18:15:00,8,11,10,18,15,810,186,,,,Nuit sans éclairage public,Hors agglomération,Intersection en T,Normale,Deux véhicules - côté,,,,,,,,,,,3,1,3,1,3
200800063374,0008-11-21 17:45:00,8,11,21,17,45,810,41,,43.952,1.881,Crépuscule ou aube,Hors agglomération,Hors intersection,Pluie légère,Deux véhicules - frontale,,,,,,,,,,,2,1,1,2,1
200800063375,0008-11-21 17:45:00,8,11,21,17,45,690,205,,,,Nuit avec éclairage allumé,En agglomération,Hors intersection,Pluie légère,Autre collision,,,,,,,,,,,5,2,1,2,6
200800063376,0008-11-29 17:15:00,8,11,29,17,15,690,69,80 avenue Edouard Millau,,,Nuit avec éclairage allumé,En agglomération,Hors intersection,Pluie forte,Autre collision,,,,,,,,,,,5,2,1,3,6
200800063377,0008-11-28 07:45:00,8,11,28,7,45,810,35,,,,Nuit sans éclairage public,Hors agglomération,Hors intersection,Normale,Deux véhicules - côté,,,,,,,,,,,3,1,1,1,3
200800063378,0008-11-01 18:15:00,8,11,1,18,15,810,81,,43.488,2.13,Crépuscule ou aube,Hors agglomération,Hors intersection,Normale,Deux véhicules - frontale,,,,,,,,,,,2,1,1,1,1
200800063379,0008-11-08 07:45:00,8,11,8,7,45,810,130,,,,Plein jour,Hors agglomération,Hors intersection,Normale,Trois véhicules et plus - collisions multiples,,,,,,,,,,,1,1,1,1,5
200800063380,0008-11-16 02:00:00,8,11,16,2,0,810,289,,,,Nuit sans éclairage public,Hors agglomération,Hors intersection,Normale,Autre collision,,,,,,,,,,,3,1,1,1,6
200800063381,0008-11-17 06:00:00,8,11,17,6,0,810,120,,,,Nuit sans éclairage public,Hors agglomération,Hors intersection,Normale,Trois véhicules et plus - collisions multiples,,,,,,,,,,,3,1,1,1,5
200800063382,0008-11-26 22:30:00,8,11,26,22,30,810,130,D56,43.56,2.28,Nuit avec éclairage allumé,En agglomération,Hors intersection,Normale,Deux véhicules - frontale,,,,,,,,,,,5,2,1,1,1
200800063383,0008-11-27 18:00:00,8,11,27,18,0,810,130,,,,Nuit avec éclairage allumé,En agglomération,Hors intersection,Normale,Autre collision,,,,,,,,,,,5,2,1,1,6
200800063384,0008-11-16 20:15:00,8,11,16,20,15,810,251,,43.54,2.1,Nuit sans éclairage public,Hors agglomération,Hors intersection,Normale,Sans collision,,,,,,,,,,,3,1,1,1,7
200800063385,0008-11-23 13:45:00,8,11,23,13,45,820,37,CD 820,44.172,1.531,Plein jour,En agglomération,Hors intersection,Pluie légère,Deux véhicules - côté,,,,,,,,,,,1,2,1,2,3
200800063386,0008-11-26 18:30:00,8,11,26,18,30,820,195,,,,Nuit sans éclairage public,Hors agglomération,Hors intersection,Pluie légère,Deux véhicules - frontale,,,,,,,,,,,3,1,1,2,1
200800063387,0008-11-17 07:30:00,8,11,17,7,30,820,161,,44.046,1.462,Crépuscule ou aube,Hors agglomération,Hors intersection,Normale,Autre collision,,,,,,,,,,,2,1,1,1,6
200800063388,0008-11-30 16:45:00,8,11,30,16,45,820,188,route de Monclar,,,Plein jour,En agglomération,Hors intersection,Pluie légère,Autre collision,,,,,,,,,,,1,2,1,2,6
200800063389,0008-11-07 12:45:00,8,11,7,12,45,820,122,,44.217,1.096,Plein jour,Hors agglomération,Hors intersection,Pluie légère,Autre collision,,,,,,,,,,,1,1,1,2,6
200800063390,0008-11-26 13:45:00,8,11,26,13,45,820,122,,44.205,1.068,Plein jour,Hors agglomération,Hors intersection,Normale,Deux véhicules - frontale,,,,,,,,,,,1,1,1,1,1
200800063391,0008-11-14 09:00:00,8,11,14,9,0,820,112,,44.106,1.076,Plein jour,Hors agglomération,Hors intersection,Normale,Deux véhicules - frontale,,,,,,,,,,,1,1,1,1,1
200800063392,0008-11-21 02:30:00,8,11,21,2,30,820,108,,44.107,1.239,Nuit sans éclairage public,Hors agglomération,Hors intersection,Normale,Sans collision,,,,,,,,,,,3,1,1,1,7
200800063393,0008-11-14 16:00:00,8,11,14,16,0,820,190,,43.833,1.243,Plein jour,Hors agglomération,Hors intersection,Normale,Autre collision,,,,,,,,,,,1,1,1,1,6
200800063394,0008-11-18 16:45:00,8,11,18,16,45,690,191,28 route de St Romain,,,Crépuscule ou aube,En agglomération,Hors intersection,Autre,Autre collision,,,,,,,,,,,2,2,1,9,6
200800063395,0008-11-27 09:30:00,8,11,27,9,30,690,204,23 route d'Irigny,45.694,4.802,Crépuscule ou aube,En agglomération,Giratoire,Temps éblouissant,Autre collision,,,,,,,,,,,2,2,6,7,6
200800063396,0008-11-04 19:15:00,8,11,4,19,15,690,288,Avenue Jean-Moulin,45.693,5.046,Nuit avec éclairage allumé,En agglomération,Hors intersection,Normale,Deux véhicules - arrière,,,,,,,,,,,5,2,1,1,2
200800063397,0008-11-02 18:30:00,8,11,2,18,30,690,208,,,,Nuit sans éclairage public,Hors agglomération,Intersection en X,Pluie légère,Autre collision,,,,,,,,,,,3,1,2,2,6
200800063398,0008-11-12 17:00:00,8,11,12,17,0,690,231,rue joseph gay,,,Plein jour,En agglomération,Hors intersection,Normale,Deux véhicules - frontale,,,,,,,,,,,1,2,1,1,1
200800063399,0008-11-26 20:15:00,8,11,26,20,15,690,177,,,,Nuit sans éclairage public,Hors agglomération,Hors intersection,Autre,Autre collision,,,,,,,,,,,3,1,1,9,6
200800063400,0008-11-29 18:45:00,8,11,29,18,45,690,112,RN 7,,,Nuit avec éclairage allumé,En agglomération,Giratoire,Pluie forte,Deux véhicules - côté,,,,,,,,,,,5,2,6,3,3
200800063401,0008-11-17 15:30:00,8,11,17,15,30,690,297,ROUTE NEUVE,,,Plein jour,En agglomération,Hors intersection,Temps éblouissant,Trois véhicules et plus - en chaîne,,,,,,,,,,,1,2,1,7,4
200800063402,0008-11-01 13:00:00,8,11,1,13,0,690,141,CD 342 Lieu-dit BELLEVUE,,,Plein jour,En agglomération,Hors intersection,Normale,Deux véhicules - côté,,,,,,,,,,,1,2,1,1,3
200800063403,0008-11-13 08:30:00,8,11,13,8,30,690,141,Bd General De Gaulle,,,Plein jour,En agglomération,Hors intersection,Normale,Deux véhicules - frontale,,,,,,,,,,,1,2,1,1,1
200800063404,0008-11-03 19:15:00,8,11,3,19,15,690,52,,,,Nuit sans éclairage public,Hors agglomération,Hors intersection,Normale,Trois véhicules et plus - en chaîne,,,,,,,,,,,3,1,1,1,4
200800063405,0008-11-10 13:00:00,8,11,10,13,0,690,114,Route de Tarare,45.971,4.66,Plein jour,En agglomération,Hors intersection,Normale,Deux véhicules - côté,,,,,,,,,,,1,2,1,1,3
200800063406,0008-11-06 06:15:00,8,11,6,6,15,690,12,,,,Nuit avec éclairage non allumé,Hors agglomération,Hors intersection,Pluie légère,Sans collision,,,,,,,,,,,4,1,1,2,7
200800063407,0008-11-08 05:30:00,8,11,8,5,30,690,36,,46.123,4.676,Nuit avec éclairage allumé,Hors agglomération,Giratoire,Normale,Autre collision,,,,,,,,,,,5,1,6,1,6
200800063408,0008-11-17 11:00:00,8,11,17,11,0,690,19,Avenue de verdun,,,Plein jour,En agglomération,Hors intersection,Normale,Deux véhicules - frontale,,,,,,,,,,,1,2,1,1,1
200800063409,0008-11-06 07:45:00,8,11,6,7,45,690,239,,45.912,4.521,Crépuscule ou aube,Hors agglomération,Hors intersection,Pluie légère,Autre collision,,,,,,,,,,,2,1,1,2,6
200800063410,0008-11-07 13:30:00,8,11,7,13,30,690,17,,,,Plein jour,Hors agglomération,Hors intersection,Normale,Trois véhicules et plus - collisions multiples,,,,,,,,,,,1,1,1,1,5
200800063411,0008-11-16 15:00:00,8,11,16,15,0,690,24,,,,Plein jour,Hors agglomération,Hors intersection,Normale,Autre collision,,,,,,,,,,,1,1,1,1,6
200800063412,0008-11-20 16:30:00,8,11,20,16,30,690,147,,,,Nuit sans éclairage public,Hors agglomération,Hors intersection,Normale,Deux véhicules - frontale,,,,,,,,,,,3,1,1,1,1
200800063413,0008-11-28 20:00:00,8,11,28,20,0,690,8,,,,Nuit sans éclairage public,Hors agglomération,Hors intersection,Brouillard / fumée,Sans collision,,,,,,,,,,,3,1,1,5,7
200800063414,0008-11-28 08:15:00,8,11,28,8,15,690,107,,,,Plein jour,Hors agglomération,Hors intersection,Normale,Deux véhicules - frontale,,,,,,,,,,,1,1,1,1,1
200800063415,0008-11-09 19:00:00,8,11,9,19,0,10,65,Corgenon,,,Nuit avec éclairage allumé,En agglomération,Hors intersection,Normale,Deux véhicules - frontale,,,,,,,,,,,5,2,1,1,1
200800063416,0008-11-17 07:45:00,8,11,17,7,45,10,40,,,,Crépuscule ou aube,Hors agglomération,Hors intersection,Pluie légère,Deux véhicules - frontale,,,,,,,,,,,2,1,1,2,1
200800063417,0008-11-19 08:15:00,8,11,19,8,15,10,175,cd58,,,Plein jour,En agglomération,Hors intersection,Normale,Deux véhicules - frontale,,,,,,,,,,,1,2,1,1,1
200800063418,0008-11-23 07:15:00,8,11,23,7,15,10,130,,,,Nuit sans éclairage public,Hors agglomération,Hors intersection,Pluie légère,Sans collision,,,,,,,,,,,3,1,1,2,7
200800063419,0008-11-25 17:30:00,8,11,25,17,30,10,305,Rue andre,,,Plein jour,En agglomération,Hors intersection,Normale,Autre collision,,,,,,,,,,,1,2,1,1,6
200800063420,0008-11-04 08:45:00,8,11,4,8,45,10,320,carrefour de la madelein,,,Plein jour,En agglomération,Hors intersection,Normale,Deux véhicules - frontale,,,,,,,,,,,1,2,1,1,1
200800063421,0008-11-21 06:00:00,8,11,21,6,0,10,370,,,,Nuit sans éclairage public,Hors agglomération,Hors intersection,Normale,Autre collision,,,,,,,,,,,3,1,1,1,6
200800063422,0008-11-25 05:30:00,8,11,25,5,30,480,138,,,,Nuit sans éclairage public,Hors agglomération,Hors intersection,Normale,Autre collision,,,,,,,,,,,3,1,1,1,6
200800063423,0008-11-07 20:30:00,8,11,7,20,30,800,233,,,,Crépuscule ou aube,Hors agglomération,Hors intersection,Pluie légère,Autre collision,,,,,,,,,,,2,1,1,2,6
200800063424,0008-11-25 18:00:00,8,11,25,18,0,500,458,,49.347,-1.264,Nuit sans éclairage public,Hors agglomération,Hors intersection,Normale,Autre collision,,,,,,,,,,,3,1,1,1,6
200800063425,0008-11-16 15:30:00,8,11,16,15,30,670,226,11 route de paris,,,Plein jour,En agglomération,Hors intersection,Normale,Autre collision,,,,,,,,,,,1,2,1,1,6
200800063426,0008-11-15 18:45:00,8,11,15,18,45,830,71,,,,Nuit sans éclairage public,Hors agglomération,Hors intersection,Normale,Deux véhicules - côté,,,,,,,,,,,3,1,1,1,3
200800063427,0008-11-15 15:00:00,8,11,15,15,0,660,69,carrefour D117/rue THIER,42.781,2.836,Plein jour,En agglomération,Intersection en X,Normale,Deux véhicules - côté,,,,,,,,,,,1,2,2,1,3
200800063428,0008-11-24 05:30:00,8,11,24,5,30,770,128,PK 2+900 - D436,48.892,2.857,Crépuscule ou aube,En agglomération,Hors intersection,Pluie légère,Deux véhicules - arrière,,,,,,,,,,,2,2,1,2,2
200800063429,0008-11-06 11:00:00,8,11,6,11,0,280,319,,48.29,1.98,Plein jour,Hors agglomération,Hors intersection,Pluie légère,Trois véhicules et plus - en chaîne,,,,,,,,,,,1,1,1,2,4
200800063430,0008-11-21 08:00:00,8,11,21,8,0,130,88,RD 568,,,Crépuscule ou aube,En agglomération,Hors intersection,Normale,Trois véhicules et plus - collisions multiples,,,,,,,,,,,2,2,1,1,5
200800063431,0008-11-29 19:15:00,8,11,29,19,15,780,356,rue de Port Royal des ch,48.742,2.051,Nuit avec éclairage allumé,En agglomération,Hors intersection,Normale,Deux véhicules - frontale,,,,,,,,,,,5,2,1,1,1
200800063432,0008-11-23 11:45:00,8,11,23,11,45,660,11,CHEMIN DE VILLENEUVE,,,Plein jour,En agglomération,Hors intersection,Normale,Deux véhicules - arrière,,,,,,,,,,,1,2,1,1,2
200800063433,0008-11-08 15:00:00,8,11,8,15,0,660,14,,42.749,2.815,Plein jour,Hors agglomération,Hors intersection,Normale,Deux véhicules - arrière,,,,,,,,,,,1,1,1,1,2
200800063434,0008-11-15 14:45:00,8,11,15,14,45,660,69,,42.782,2.805,Plein jour,Hors agglomération,Hors intersection,Normale,Deux véhicules - frontale,,,,,,,,,,,1,1,1,1,1
200800063435,0008-11-23 12:15:00,8,11,23,12,15,660,14,,42.751,2.813,Plein jour,Hors agglomération,Giratoire,Normale,Deux véhicules - côté,,,,,,,,,,,1,1,6,1,3
200800063436,0008-11-16 13:45:00,8,11,16,13,45,660,171,,,,Plein jour,Hors agglomération,Hors intersection,Normale,Deux véhicules - frontale,,,,,,,,,,,1,1,1,1,1
200800063437,0008-11-06 19:15:00,8,11,6,19,15,660,210,,,,Nuit sans éclairage public,Hors agglomération,Hors intersection,Vent fort / tempête,Sans collision,,,,,,,,,,,3,1,1,6,7
200800063438,0008-11-15 12:30:00,8,11,15,12,30,660,101,,,,Plein jour,Hors agglomération,Hors intersection,Normale,Autre collision,,,,,,,,,,,1,1,1,1,6
200800063439,0008-11-14 16:00:00,8,11,14,16,0,660,49,D115,,,Plein jour,En agglomération,Giratoire,Normale,Deux véhicules - côté,,,,,,,,,,,1,2,6,1,3
200800063440,0008-11-13 13:45:00,8,11,13,13,45,660,8,,42.98,2.648,Plein jour,Hors agglomération,Hors intersection,Vent fort / tempête,Deux véhicules - frontale,,,,,,,,,,,1,1,1,6,1
200800063441,0008-11-14 18:15:00,8,11,14,18,15,660,8,Allee Ferdinand Buisson,,,Nuit avec éclairage allumé,En agglomération,Hors intersection,Normale,Autre collision,,,,,,,,,,,5,2,1,1,6
200800063442,0008-11-01 14:30:00,8,11,1,14,30,660,63,,,,Plein jour,Hors agglomération,Hors intersection,Normale,Deux véhicules - arrière,,,,,,,,,,,1,1,1,1,2
200800063443,0008-11-10 05:30:00,8,11,10,5,30,660,148,rd 114,42.52,3.11,Nuit avec éclairage allumé,En agglomération,Hors intersection,Normale,Deux véhicules - frontale,,,,,,,,,,,5,2,1,1,1
200800063444,0008-11-07 14:00:00,8,11,7,14,0,660,179,,,,Plein jour,Hors agglomération,Hors intersection,Normale,Sans collision,,,,,,,,,,,1,1,1,1,7
200800063445,0008-11-23 17:30:00,8,11,23,17,30,660,125,,,,Plein jour,Hors agglomération,Hors intersection,Normale,Sans collision,,,,,,,,,,,1,1,1,1,7
200800063446,0008-11-28 22:00:00,8,11,28,22,0,660,161,,,,Nuit sans éclairage public,Hors agglomération,Hors intersection,Normale,Autre collision,,,,,,,,,,,3,1,1,1,6
200800063447,0008-11-16 15:30:00,8,11,16,15,30,660,66,,,,Plein jour,Hors agglomération,Hors intersection,Normale,Autre collision,,,,,,,,,,,1,1,1,1,6
200800063448,0008-11-12 10:15:00,8,11,12,10,15,201,130,ACQUA CYRN GLISS,41.91,8.816,Plein jour,En agglomération,Hors intersection,Normale,Deux véhicules - frontale,,,,,,,,,,,1,2,1,1,1
200800063449,0008-11-21 15:15:00,8,11,21,15,15,201,6,,41.981,8.737,Nuit avec éclairage allumé,Hors agglomération,Hors intersection,Normale,Deux véhicules - frontale,,,,,,,,,,,5,1,1,1,1
200800063450,0008-11-01 14:15:00,8,11,1,14,15,201,41,,41.476,9.227,Plein jour,Hors agglomération,Hors intersection,Normale,Deux véhicules - frontale,,,,,,,,,,,1,1,1,1,1
200800063451,0008-11-06 08:45:00,8,11,6,8,45,201,163,,41.495,8.981,Plein jour,Hors agglomération,Hors intersection,Normale,Autre collision,,,,,,,,,,,1,1,1,1,6
200800063452,0008-11-19 19:00:00,8,11,19,19,0,201,247,,41.572,9.265,Nuit sans éclairage public,Hors agglomération,Hors intersection,Normale,Deux véhicules - côté,,,,,,,,,,,3,1,1,1,3
200800063453,0008-11-02 23:30:00,8,11,2,23,30,202,355,,,,Nuit sans éclairage public,Hors agglomération,Hors intersection,Temps couvert,Autre collision,,,,,,,,,,,3,1,1,8,6
200800063454,0008-11-28 19:30:00,8,11,28,19,30,202,193,,42.397,9.19,Nuit sans éclairage public,Hors agglomération,Hors intersection,Pluie forte,Sans collision,,,,,,,,,,,3,1,1,3,7
200800063455,0008-11-26 13:30:00,8,11,26,13,30,202,207,FOLELLI,42.451,9.508,Plein jour,En agglomération,Hors intersection,Normale,Deux véhicules - côté,,,,,,,,,,,1,2,1,1,3
200800063456,0008-11-04 08:15:00,8,11,4,8,15,780,484,,48.97,1.636,Plein jour,Hors agglomération,Hors intersection,Temps éblouissant,Deux véhicules - côté,,,,,,,,,,,1,1,1,7,3
200800063457,0008-11-29 08:15:00,8,11,29,8,15,780,531,19 Route Nationale,,,Plein jour,En agglomération,Hors intersection,Normale,Deux véhicules - côté,,,,,,,,,,,1,2,1,1,3
200800063458,0008-11-19 17:45:00,8,11,19,17,45,780,528,1 route nationale,49.016,1.613,Nuit avec éclairage allumé,En agglomération,Hors intersection,Pluie légère,Autre collision,,,,,,,,,,,5,2,1,2,6
200800063459,0008-11-05 08:00:00,8,11,5,8,0,780,206,,48.947,1.934,Crépuscule ou aube,Hors agglomération,Hors intersection,Pluie légère,Deux véhicules - côté,,,,,,,,,,,2,1,1,2,3
200800063460,0008-11-17 13:45:00,8,11,17,13,45,780,497,,48.682,1.784,Plein jour,Hors agglomération,Hors intersection,Normale,Deux véhicules - arrière,,,,,,,,,,,1,1,1,1,2