accident_id,datetime,annee,mois,jour,heure,minute,departement,commune_insee,adresse,latitude,longitude,luminosite,agglomeration,intersection,meteo,collision,nb_vehicules,nb_usagers,nb_indemnes,nb_tues,nb_blesses_hosp,nb_blesses_legers,age_cond_1,age_cond_2,veh_type_cond_1,veh_type_cond_2,lum_code,agg_code,int_code,atm_code,col_code
200800063594,0008-11-26 20:30:00,8,11,26,20,30,890,366,,,,Nuit sans éclairage public,Hors agglomération,Hors intersection,Normale,Deux véhicules - frontale,,,,,,,,,,,3,1,1,1,1
200800063595,0008-11-03 22:15:00,8,11,3,22,15,830,61,,43.47,6.722,Nuit sans éclairage public,Hors agglomération,Hors intersection,Pluie légère,Autre collision,,,,,,,,,,,3,1,1,2,6
200800063596,0008-11-21 16:30:00,8,11,21,16,30,830,148,,,,Plein jour,Hors agglomération,Hors intersection,Normale,Deux véhicules - arrière,,,,,,,,,,,1,1,1,1,2
200800063597,0008-11-24 08:15:00,8,11,24,8,15,830,54,,,,Plein jour,Hors agglomération,Hors intersection,Normale,Trois véhicules et plus - en chaîne,,,,,,,,,,,1,1,1,1,4
200800063598,0008-11-24 08:15:00,8,11,24,8,15,830,130,,43.144,6.002,Plein jour,Hors agglomération,Hors intersection,Temps couvert,Deux véhicules - frontale,,,,,,,,,,,1,1,1,8,1
200800063599,0008-11-09 18:30:00,8,11,9,18,30,600,635,20 route de saint leu,,,Nuit avec éclairage allumé,En agglomération,Hors intersection,Normale,Autre collision,,,,,,,,,,,5,2,1,1,6
200800063600,0008-11-14 18:00:00,8,11,14,18,0,600,185,,,,Nuit sans éclairage public,Hors agglomération,Hors intersection,Temps couvert,Deux véhicules - frontale,,,,,,,,,,,3,1,1,8,1
200800063601,0008-11-19 09:15:00,8,11,19,9,15,600,155,,,,Plein jour,Hors agglomération,Hors intersection,Temps couvert,Deux véhicules - frontale,,,,,,,,,,,1,1,1,8,1
200800063602,0008-11-02 10:45:00,8,11,2,10,45,760,319,,49.344,1.0,Plein jour,Hors agglomération,Hors intersection,Normale,Deux véhicules - arrière,,,,,,,,,,,1,1,1,1,2
200800063603,0008-11-21 18:45:00,8,11,21,18,45,210,3,13-15 route de Messigny,47.372,5.026,Nuit avec éclairage allumé,En agglomération,Hors intersection,Temps couvert,Autre collision,,,,,,,,,,,5,2,1,8,6
200800063604,0008-11-29 21:00:00,8,11,29,21,0,210,408,,47.406,5.022,Nuit sans éclairage public,Hors agglomération,Hors intersection,Pluie légère,Autre collision,,,,,,,,,,,3,1,1,2,6
200800063605,0008-11-08 04:45:00,8,11,8,4,45,690,264,,,,Nuit sans éclairage public,Hors agglomération,Hors intersection,Normale,Deux véhicules - arrière,,,,,,,,,,,3,1,1,1,2
200800063606,0008-11-18 11:45:00,8,11,18,11,45,690,115,,,,Plein jour,Hors agglomération,Hors intersection,Normale,Autre collision,,,,,,,,,,,1,1,1,1,6
200800063607,0008-11-22 05:45:00,8,11,22,5,45,530,243,,48.144,-0.921,Nuit sans éclairage public,Hors agglomération,Hors intersection,Normale,Autre collision,,,,,,,,,,,3,1,1,1,6
200800063608,0008-11-25 17:30:00,8,11,25,17,30,950,250,Avenue de Beaumont,,,Nuit avec éclairage allumé,En agglomération,Hors intersection,Pluie légère,Autre collision,,,,,,,,,,,5,2,1,2,6
200800063609,0008-11-30 06:30:00,8,11,30,6,30,950,580,,,,Nuit sans éclairage public,Hors agglomération,Hors intersection,Pluie légère,Deux véhicules - arrière,,,,,,,,,,,3,1,1,2,2
200800063610,0008-11-05 03:15:00,8,11,5,3,15,410,223,,,,Nuit sans éclairage public,Hors agglomération,Hors intersection,Temps couvert,Sans collision,,,,,,,,,,,3,1,1,8,7
200800063611,0008-11-03 23:45:00,8,11,3,23,45,340,135,,,,Nuit sans éclairage public,Hors agglomération,Hors intersection,Normale,Deux véhicules - arrière,,,,,,,,,,,3,1,1,1,2
200800063612,0008-11-07 19:15:00,8,11,7,19,15,110,262,,43.158,2.97,Nuit sans éclairage public,Hors agglomération,Hors intersection,Normale,Trois véhicules et plus - en chaîne,,,,,,,,,,,3,1,1,1,4
200800063613,0008-11-06 20:30:00,8,11,6,20,30,370,79,,47.327,1.029,Nuit sans éclairage public,Hors agglomération,Hors intersection,Normale,Autre collision,,,,,,,,,,,3,1,1,1,6
200800063614,0008-11-06 17:30:00,8,11,6,17,30,370,273,80 Avenue Jeanne d'Arc,47.401,0.763,Plein jour,En agglomération,Hors intersection,Pluie légère,Autre collision,,,,,,,,,,,1,2,1,2,6
200800063615,0008-11-24 07:15:00,8,11,24,7,15,370,156,,,,Crépuscule ou aube,Hors agglomération,Hors intersection,Normale,Autre collision,,,,,,,,,,,2,1,1,1,6
200800063616,0008-11-12 09:00:00,8,11,12,9,0,450,169,,,,Plein jour,Hors agglomération,Hors intersection,Temps couvert,Trois véhicules et plus - en chaîne,,,,,,,,,,,1,1,1,8,4
200800063617,0008-11-07 09:00:00,8,11,7,9,0,130,114,,,,Plein jour,Hors agglomération,Intersection en T,Normale,Deux véhicules - frontale,,,,,,,,,,,1,1,3,1,1
200800063618,0008-11-25 13:30:00,8,11,25,13,30,670,106,Rue des acacias,48.769,7.954,Plein jour,En agglomération,Hors intersection,Normale,Deux véhicules - côté,,,,,,,,,,,1,2,1,1,3
200800063619,0008-11-24 20:00:00,8,11,24,20,0,210,405,,46.966,4.838,Nuit sans éclairage public,Hors agglomération,Hors intersection,Normale,Deux véhicules - arrière,,,,,,,,,,,3,1,1,1,2
200800063620,0008-11-12 16:00:00,8,11,12,16,0,730,179,,45.589,5.854,Plein jour,Hors agglomération,Hors intersection,Normale,Trois véhicules et plus - en chaîne,,,,,,,,,,,1,1,1,1,4
200800063621,0008-11-28 16:00:00,8,11,28,16,0,130,11,,,,Plein jour,Hors agglomération,Hors intersection,Temps éblouissant,Deux véhicules - frontale,,,,,,,,,,,1,1,1,7,1
200800063622,0008-11-12 07:45:00,8,11,12,7,45,410,204,rue de la mairie,47.622,1.421,Plein jour,En agglomération,Intersection en X,Temps couvert,Deux véhicules - côté,,,,,,,,,,,1,2,2,8,3
200800063623,0008-11-15 16:30:00,8,11,15,16,30,410,148,,47.629,1.434,Plein jour,Hors agglomération,Hors intersection,Normale,Deux véhicules - frontale,,,,,,,,,,,1,1,1,1,1
200800063624,0008-11-22 18:00:00,8,11,22,18,0,410,61,,,,Nuit sans éclairage public,Hors agglomération,Hors intersection,Normale,Autre collision,,,,,,,,,,,3,1,1,1,6
200800063625,0008-11-24 06:30:00,8,11,24,6,30,410,61,rue de la republique,,,Nuit avec éclairage allumé,En agglomération,Hors intersection,Normale,Sans collision,,,,,,,,,,,5,2,1,1,7
200800063626,0008-11-25 16:30:00,8,11,25,16,30,410,49,,,,Plein jour,Hors agglomération,Hors intersection,Normale,Deux véhicules - arrière,,,,,,,,,,,1,1,1,1,2
200800063627,0008-11-26 16:30:00,8,11,26,16,30,410,59,Route de Cheverny,,,Plein jour,En agglomération,Hors intersection,Normale,Sans collision,,,,,,,,,,,1,2,1,1,7
200800063628,0008-11-30 21:45:00,8,11,30,21,45,330,552,,,,Nuit sans éclairage public,Hors agglomération,Hors intersection,Pluie légère,Trois véhicules et plus - collisions multiples,,,,,,,,,,,3,1,1,2,5
200800063629,0008-11-03 20:00:00,8,11,3,20,0,640,496,,43.477,-1.463,Crépuscule ou aube,Hors agglomération,Hors intersection,Pluie légère,Deux véhicules - frontale,,,,,,,,,,,2,1,1,2,1
200800063630,0008-11-20 16:15:00,8,11,20,16,15,640,102,,43.493,-1.45,Plein jour,Hors agglomération,Hors intersection,Normale,Autre collision,,,,,,,,,,,1,1,1,1,6
200800063631,0008-11-30 01:00:00,8,11,30,1,0,510,450,,49.205,4.107,Nuit sans éclairage public,Hors agglomération,Hors intersection,Pluie légère,Sans collision,,,,,,,,,,,3,1,1,2,7
200800063632,0008-11-26 18:30:00,8,11,26,18,30,380,485,avenue Victor Hugo,,,Nuit avec éclairage allumé,En agglomération,Hors intersection,Normale,Deux véhicules - côté,,,,,,,,,,,5,2,1,1,3
200800063633,0008-11-26 10:00:00,8,11,26,10,0,570,596,,,,Plein jour,Hors agglomération,Hors intersection,Normale,Deux véhicules - frontale,,,,,,,,,,,1,1,1,1,1
200800063634,0008-11-10 23:00:00,8,11,10,23,0,490,7,,,,Nuit sans éclairage public,Hors agglomération,Hors intersection,Normale,Autre collision,,,,,,,,,,,3,1,1,1,6
200800063635,0008-11-06 08:00:00,8,11,6,8,0,60,12,,,,Plein jour,Hors agglomération,Hors intersection,Pluie forte,Autre collision,,,,,,,,,,,1,1,1,3,6
200800063636,0008-11-04 16:15:00,8,11,4,16,15,900,62,,,,Nuit sans éclairage public,Hors agglomération,Hors intersection,Normale,Deux véhicules - frontale,,,,,,,,,,,3,1,1,1,1
200800063637,0008-11-21 23:15:00,8,11,21,23,15,380,39,,45.247,5.852,Nuit sans éclairage public,Hors agglomération,Hors intersection,Pluie légère,Deux véhicules - côté,,,,,,,,,,,3,1,1,2,3
200800063638,0008-11-18 06:30:00,8,11,18,6,30,860,62,,,,Nuit sans éclairage public,Hors agglomération,Hors intersection,Pluie légère,Autre collision,,,,,,,,,,,3,1,1,2,6
200800063639,0008-11-19 18:30:00,8,11,19,18,30,60,79,,,,Nuit sans éclairage public,Hors agglomération,Hors intersection,Normale,Trois véhicules et plus - collisions multiples,,,,,,,,,,,3,1,1,1,5
200800063640,0008-11-11 22:15:00,8,11,11,22,15,470,165,,,,Nuit sans éclairage public,Hors agglomération,Hors intersection,Pluie légère,Autre collision,,,,,,,,,,,3,1,1,2,6
200800063641,0008-11-15 20:15:00,8,11,15,20,15,470,165,,,,Nuit sans éclairage public,Hors agglomération,Hors intersection,Normale,Autre collision,,,,,,,,,,,3,1,1,1,6
200800063642,0008-11-27 19:45:00,8,11,27,19,45,250,354,,47.39,6.353,Nuit sans éclairage public,Hors agglomération,Hors intersection,Normale,Autre collision,,,,,,,,,,,3,1,1,1,6
200800063643,0008-11-24 13:45:00,8,11,24,13,45,460,40,,,,Plein jour,Hors agglomération,Hors intersection,Normale,Deux véhicules - côté,,,,,,,,,,,1,1,1,1,3
200800063644,0008-11-25 09:45:00,8,11,25,9,45,720,113,,,,Plein jour,Hors agglomération,Hors intersection,Normale,Autre collision,,,,,,,,,,,1,1,1,1,6
200800063645,0008-11-01 09:15:00,8,11,1,9,15,530,140,,,,Plein jour,Hors agglomération,Hors intersection,Pluie forte,Deux véhicules - côté,,,,,,,,,,,1,1,1,3,3
200800063646,0008-11-11 08:30:00,8,11,11,8,30,530,54,,,,Plein jour,Hors agglomération,Hors intersection,Normale,Deux véhicules - côté,,,,,,,,,,,1,1,1,1,3
200800063647,0008-11-25 07:15:00,8,11,25,7,15,780,466,route departementale 113,48.929,1.989,Nuit avec éclairage allumé,En agglomération,Hors intersection,Autre,Trois véhicules et plus - en chaîne,,,,,,,,,,,5,2,1,9,4
200800063648,0008-11-21 19:00:00,8,11,21,19,0,330,122,,44.728,-0.795,Nuit sans éclairage public,Hors agglomération,Hors intersection,Pluie légère,Trois véhicules et plus - collisions multiples,,,,,,,,,,,3,1,1,2,5
200800063649,0008-11-21 06:15:00,8,11,21,6,15,790,78,,,,Nuit sans éclairage public,Hors agglomération,Hors intersection,Normale,Deux véhicules - arrière,,,,,,,,,,,3,1,1,1,2
200800063650,0008-11-05 05:00:00,8,11,5,5,0,170,226,,,,Nuit sans éclairage public,Hors agglomération,Hors intersection,Normale,Deux véhicules - arrière,,,,,,,,,,,3,1,1,1,2
200800063651,0008-11-11 16:15:00,8,11,11,16,15,740,243,,46.151,6.096,Nuit avec éclairage allumé,Hors agglomération,Hors intersection,Normale,Autre collision,,,,,,,,,,,5,1,1,1,6
200800063652,0008-11-07 17:45:00,8,11,7,17,45,740,268,,,,Crépuscule ou aube,En agglomération,Giratoire,Normale,Deux véhicules - arrière,,,,,,,,,,,2,2,6,1,2
200800063653,0008-11-21 18:15:00,8,11,21,18,15,740,26,RD 1508,,,Nuit avec éclairage allumé,En agglomération,Hors intersection,Pluie légère,Autre collision,,,,,,,,,,,5,2,1,2,6
200800063654,0008-11-25 17:00:00,8,11,25,17,0,740,272,Carrefour CHAUMONTET,,,Plein jour,En agglomération,Hors intersection,Normale,Deux véhicules - côté,,,,,,,,,,,1,2,1,1,3
200800063655,0008-11-24 13:00:00,8,11,24,13,0,420,279,60 chemin des Vignes,45.511,4.265,Plein jour,En agglomération,Hors intersection,Temps couvert,Autre collision,,,,,,,,,,,1,2,1,8,6
200800063656,0008-11-30 17:00:00,8,11,30,17,0,910,244,,48.549,2.402,Crépuscule ou aube,Hors agglomération,Hors intersection,Pluie légère,Autre collision,,,,,,,,,,,2,1,1,2,6
200800063657,0008-11-22 06:15:00,8,11,22,6,15,520,74,,48.057,5.578,Nuit sans éclairage public,Hors agglomération,Hors intersection,Neige / grêle,Autre collision,,,,,,,,,,,3,1,1,4,6
200800063658,0008-11-27 06:30:00,8,11,27,6,30,620,592,,50.76,2.12,Crépuscule ou aube,Hors agglomération,Hors intersection,Normale,Deux véhicules - arrière,,,,,,,,,,,2,1,1,1,2
200800063659,0008-11-25 09:15:00,8,11,25,9,15,60,152,,,,Plein jour,Hors agglomération,Hors intersection,Normale,Deux véhicules - arrière,,,,,,,,,,,1,1,1,1,2
200800063660,0008-11-26 08:30:00,8,11,26,8,30,60,152,,,,Plein jour,Hors agglomération,Hors intersection,Normale,Trois véhicules et plus - en chaîne,,,,,,,,,,,1,1,1,1,4
200800063661,0008-11-29 20:00:00,8,11,29,20,0,60,152,,,,Nuit avec éclairage allumé,Hors agglomération,Hors intersection,Pluie forte,Autre collision,,,,,,,,,,,5,1,1,3,6
200800063662,0008-11-27 16:00:00,8,11,27,16,0,60,152,,,,Plein jour,Hors agglomération,Hors intersection,Normale,Sans collision,,,,,,,,,,,1,1,1,1,7
200800063663,0008-11-27 18:00:00,8,11,27,18,0,60,152,,,,Nuit avec éclairage non allumé,Hors agglomération,Hors intersection,Normale,Deux véhicules - côté,,,,,,,,,,,4,1,1,1,3
200800063664,0008-11-10 20:00:00,8,11,10,20,0,740,299,Route d'ANNECY  D 909,,,Nuit avec éclairage allumé,En agglomération,Hors intersection,Normale,Deux véhicules - frontale,,,,,,,,,,,5,2,1,1,1
200800063665,0008-11-07 20:00:00,8,11,7,20,0,340,116,,,,Nuit sans éclairage public,Hors agglomération,Hors intersection,Normale,Autre collision,,,,,,,,,,,3,1,1,1,6
200800063666,0008-11-16 08:15:00,8,11,16,8,15,130,37,"CD20, av general de gaul",43.55,5.19,Plein jour,En agglomération,Hors intersection,Normale,Deux véhicules - frontale,,,,,,,,,,,1,2,1,1,1
200800063667,0008-11-30 13:15:00,8,11,30,13,15,950,430,,49.065,2.331,Plein jour,Hors agglomération,Hors intersection,Pluie légère,Deux véhicules - côté,,,,,,,,,,,1,1,1,2,3
200800063668,0008-11-29 17:30:00,8,11,29,17,30,90,139,,,,Nuit sans éclairage public,Hors agglomération,Hors intersection,Neige / grêle,Deux véhicules - frontale,,,,,,,,,,,3,1,1,4,1
200800063669,0008-11-03 13:00:00,8,11,3,13,0,880,390,,,,Plein jour,Hors agglomération,Hors intersection,Normale,Deux véhicules - arrière,,,,,,,,,,,1,1,1,1,2
200800063670,0008-11-12 14:30:00,8,11,12,14,30,380,553,,45.604,5.133,Plein jour,Hors agglomération,Hors intersection,Pluie légère,Trois véhicules et plus - collisions multiples,,,,,,,,,,,1,1,1,2,5
200800063671,0008-11-28 13:45:00,8,11,28,13,45,410,256,,,,Plein jour,Hors agglomération,Hors intersection,Normale,Deux véhicules - arrière,,,,,,,,,,,1,1,1,1,2
200800063672,0008-11-21 11:45:00,8,11,21,11,45,340,337,,43.545,3.851,Plein jour,Hors agglomération,Hors intersection,Vent fort / tempête,Autre collision,,,,,,,,,,,1,1,1,6,6
200800063673,0008-11-22 13:00:00,8,11,22,13,0,140,391,,,,Plein jour,Hors agglomération,Hors intersection,Normale,Trois véhicules et plus - collisions multiples,,,,,,,,,,,1,1,1,1,5
200800063674,0008-11-21 16:30:00,8,11,21,16,30,130,51,,43.587,5.125,Plein jour,Hors agglomération,Autre intersection,Normale,Deux véhicules - côté,,,,,,,,,,,1,1,9,1,3
200800063675,0008-11-11 06:00:00,8,11,11,6,0,30,118,,46.102,3.171,Nuit sans éclairage public,Hors agglomération,Autre intersection,Normale,Deux véhicules - arrière,,,,,,,,,,,3,1,9,1,2
200800063676,0008-11-14 03:00:00,8,11,14,3,0,30,75,,,,Nuit sans éclairage public,Hors agglomération,Hors intersection,Normale,Deux véhicules - arrière,,,,,,,,,,,3,1,1,1,2
200800063677,0008-11-08 12:30:00,8,11,8,12,30,670,389,,48.646,7.754,Plein jour,Hors agglomération,Hors intersection,Normale,Sans collision,,,,,,,,,,,1,1,1,1,7
200800063678,0008-11-08 20:00:00,8,11,8,20,0,60,105,Le plan - RD 2085,,,Nuit avec éclairage allumé,En agglomération,Hors intersection,Normale,Deux véhicules - frontale,,,,,,,,,,,5,2,1,1,1
200800063679,0008-11-25 12:30:00,8,11,25,12,30,650,127,,43.116,0.322,Plein jour,Hors agglomération,Hors intersection,Normale,Sans collision,,,,,,,,,,,1,1,1,1,7
200800063680,0008-11-13 14:00:00,8,11,13,14,0,100,380,,,,Plein jour,Hors agglomération,Hors intersection,Normale,Autre collision,,,,,,,,,,,1,1,1,1,6
200800063681,0008-11-04 22:15:00,8,11,4,22,15,130,113,Avenue Maurice Plantier,,,Nuit avec éclairage allumé,En agglomération,Hors intersection,Pluie forte,Deux véhicules - frontale,,,,,,,,,,,5,2,1,3,1
200800063682,0008-11-24 12:15:00,8,11,24,12,15,670,506,,,,Plein jour,Hors agglomération,Hors intersection,Normale,Autre collision,,,,,,,,,,,1,1,1,1,6
200800063683,0008-11-26 11:45:00,8,11,26,11,45,670,205,,,,Plein jour,Hors agglomération,Hors intersection,Normale,Autre collision,,,,,,,,,,,1,1,1,1,6
200800063684,0008-11-22 10:45:00,8,11,22,10,45,620,307,,50.924,1.714,Plein jour,Hors agglomération,Hors intersection,Normale,Deux véhicules - frontale,,,,,,,,,,,1,1,1,1,1
200800063685,0008-11-21 22:15:00,8,11,21,22,15,770,354,,48.482,2.865,Nuit sans éclairage public,Hors agglomération,Hors intersection,Pluie légère,Trois véhicules et plus - collisions multiples,,,,,,,,,,,3,1,1,2,5
200800063686,0008-11-14 20:45:00,8,11,14,20,45,600,88,,,,Nuit sans éclairage public,Hors agglomération,Hors intersection,Pluie légère,Autre collision,,,,,,,,,,,3,1,1,2,6
200800063687,0008-11-29 11:30:00,8,11,29,11,30,600,57,,,,Plein jour,Hors agglomération,Hors intersection,Normale,Autre collision,,,,,,,,,,,1,1,1,1,6
200800063688,0008-11-30 16:45:00,8,11,30,16,45,600,692,,,,Nuit sans éclairage public,Hors agglomération,Hors intersection,Neige / grêle,Sans collision,,,,,,,,,,,3,1,1,4,7
200800063689,0008-11-13 09:00:00,8,11,13,9,0,130,91,,43.604,5.346,Plein jour,Hors agglomération,Hors intersection,Normale,Trois véhicules et plus - collisions multiples,,,,,,,,,,,1,1,1,1,5
200800063690,0008-11-08 05:30:00,8,11,8,5,30,310,458,,43.517,1.365,Nuit avec éclairage allumé,Hors agglomération,Hors intersection,Normale,Autre collision,,,,,,,,,,,5,1,1,1,6
200800063691,0008-11-30 05:45:00,8,11,30,5,45,740,164,,,,Nuit sans éclairage public,Hors agglomération,Hors intersection,Temps couvert,Autre collision,,,,,,,,,,,3,1,1,8,6
200800063692,0008-11-23 17:30:00,8,11,23,17,30,800,117,,,,Nuit sans éclairage public,Hors agglomération,Hors intersection,Pluie légère,Autre collision,,,,,,,,,,,3,1,1,2,6
200800063693,0008-11-16 18:30:00,8,11,16,18,30,800,598,,,,Nuit sans éclairage public,Hors agglomération,Hors intersection,Pluie légère,Autre collision,,,,,,,,,,,3,1,1,2,6
200800063694,0008-11-13 08:00:00,8,11,13,8,0,380,111,,45.11,5.684,Plein jour,Hors agglomération,Hors intersection,Normale,Deux véhicules - frontale,,,,,,,,,,,1,1,1,1,1
200800063695,0008-11-13 09:00:00,8,11,13,9,0,950,394,"20, rue Therese Lethias",,,Plein jour,En agglomération,Hors intersection,Normale,Deux véhicules - côté,,,,,,,,,,,1,2,1,1,3
200800063696,0008-11-15 23:30:00,8,11,15,23,30,950,392,44 rue de Villiers Adam,,,Nuit avec éclairage allumé,En agglomération,Hors intersection,Temps couvert,Sans collision,,,,,,,,,,,5,2,1,8,7
200800063697,0008-11-21 15:00:00,8,11,21,15,0,950,392,rue du bas val mary,,,Plein jour,En agglomération,Hors intersection,Normale,Autre collision,,,,,,,,,,,1,2,1,1,6
200800063698,0008-11-28 17:30:00,8,11,28,17,30,950,394,D 928 AVENUE MARCEL PERR,,,Nuit avec éclairage allumé,En agglomération,Hors intersection,Normale,Deux véhicules - frontale,,,,,,,,,,,5,2,1,1,1
200800063699,0008-11-13 22:30:00,8,11,13,22,30,190,85,,,,Nuit sans éclairage public,Hors agglomération,Hors intersection,Normale,Autre collision,,,,,,,,,,,3,1,1,1,6
200800063700,0008-11-08 06:15:00,8,11,8,6,15,300,34,,43.734,4.533,Nuit sans éclairage public,Hors agglomération,Hors intersection,Normale,Autre collision,,,,,,,,,,,3,1,1,1,6
200800063701,0008-11-12 13:30:00,8,11,12,13,30,300,135,CD999,,,Plein jour,En agglomération,Hors intersection,Normale,Deux véhicules - côté,,,,,,,,,,,1,2,1,1,3
200800063702,0008-11-14 13:45:00,8,11,14,13,45,300,34,,43.75,4.521,Plein jour,Hors agglomération,Hors intersection,Normale,Deux véhicules - frontale,,,,,,,,,,,1,1,1,1,1
200800063703,0008-11-08 17:45:00,8,11,8,17,45,130,36,,43.852,4.842,Nuit avec éclairage allumé,Hors agglomération,Hors intersection,Normale,Deux véhicules - côté,,,,,,,,,,,5,1,1,1,3
200800063704,0008-11-21 15:30:00,8,11,21,15,30,760,255,chaussee de picardie,,,Plein jour,En agglomération,Hors intersection,Normale,Autre collision,,,,,,,,,,,1,2,1,1,6
200800063705,0008-11-29 09:30:00,8,11,29,9,30,760,619,Rue Jean de Bethencourt,,,Plein jour,En agglomération,Hors intersection,Normale,Autre collision,,,,,,,,,,,1,2,1,1,6
200800063706,0008-11-30 15:00:00,8,11,30,15,0,600,406,,49.321,2.569,Plein jour,Hors agglomération,Giratoire,Pluie légère,Deux véhicules - frontale,,,,,,,,,,,1,1,6,2,1
200800063707,0008-11-13 23:45:00,8,11,13,23,45,310,541,route de grenade,43.695,1.358,Nuit sans éclairage public,En agglomération,Hors intersection,Normale,Sans collision,,,,,,,,,,,3,2,1,1,7
200800063708,0008-11-13 20:45:00,8,11,13,20,45,310,32,1464 route de cornebarri,43.665,1.326,Nuit sans éclairage public,En agglomération,Hors intersection,Normale,Sans collision,,,,,,,,,,,3,2,1,1,7
200800063709,0008-11-15 22:30:00,8,11,15,22,30,310,150,,43.657,1.333,Nuit sans éclairage public,Hors agglomération,Hors intersection,Normale,Autre collision,,,,,,,,,,,3,1,1,1,6
200800063710,0008-11-24 06:45:00,8,11,24,6,45,310,150,route de toulouse,43.659,1.325,Nuit avec éclairage allumé,En agglomération,Giratoire,Pluie légère,Deux véhicules - côté,,,,,,,,,,,5,2,6,2,3
200800063711,0008-11-20 18:30:00,8,11,20,18,30,250,119,,,,Nuit sans éclairage public,Hors agglomération,Hors intersection,Normale,Autre collision,,,,,,,,,,,3,1,1,1,6
200800063712,0008-11-12 17:45:00,8,11,12,17,45,950,637,Avenue Simone Signoret,,,Nuit avec éclairage allumé,En agglomération,Hors intersection,Normale,Autre collision,,,,,,,,,,,5,2,1,1,6
200800063713,0008-11-21 07:30:00,8,11,21,7,30,950,134,rue pasteur,49.138,2.239,Nuit avec éclairage allumé,En agglomération,Hors intersection,Pluie légère,Deux véhicules - frontale,,,,,,,,,,,5,2,1,2,1
200800063714,0008-11-22 06:00:00,8,11,22,6,0,950,134,,49.148,2.251,Nuit sans éclairage public,Hors agglomération,Hors intersection,Normale,Deux véhicules - frontale,,,,,,,,,,,3,1,1,1,1
200800063715,0008-11-13 22:15:00,8,11,13,22,15,560,101,,47.821,-3.221,Nuit sans éclairage public,Hors agglomération,Autre intersection,Temps couvert,Autre collision,,,,,,,,,,,3,1,9,8,6
200800063716,0008-11-23 04:00:00,8,11,23,4,0,560,101,,47.834,-3.188,Nuit avec éclairage non allumé,Hors agglomération,Hors intersection,Temps couvert,Autre collision,,,,,,,,,,,4,1,1,8,6
200800063717,0008-11-20 18:00:00,8,11,20,18,0,440,9,rue de Goulaine,,,Nuit avec éclairage allumé,En agglomération,Autre intersection,Normale,Autre collision,,,,,,,,,,,5,2,9,1,6
200800063718,0008-11-13 08:00:00,8,11,13,8,0,620,792,RD943,50.786,2.189,Plein jour,En agglomération,Intersection en X,Normale,Deux véhicules - côté,,,,,,,,,,,1,2,2,1,3
200800063719,0008-11-18 23:30:00,8,11,18,23,30,620,595,,50.783,2.164,Nuit sans éclairage public,Hors agglomération,Hors intersection,Normale,Deux véhicules - arrière,,,,,,,,,,,3,1,1,1,2
200800063720,0008-11-20 08:00:00,8,11,20,8,0,340,77,CD 17 RTE DE MONTPELLIER,43.703,3.864,Plein jour,En agglomération,Hors intersection,Normale,Deux véhicules - côté,,,,,,,,,,,1,2,1,1,3
200800063721,0008-11-08 18:45:00,8,11,8,18,45,500,214,,48.936,-1.099,Crépuscule ou aube,Hors agglomération,Hors intersection,Temps couvert,Trois véhicules et plus - collisions multiples,,,,,,,,,,,2,1,1,8,5
200800063722,0008-11-08 18:00:00,8,11,8,18,0,770,65,,48.454,2.504,Nuit sans éclairage public,Hors agglomération,Hors intersection,Pluie légère,Autre collision,,,,,,,,,,,3,1,1,2,6
200800063723,0008-11-17 16:30:00,8,11,17,16,30,690,100,RUE DES SOURCES,,,Plein jour,En agglomération,Hors intersection,Normale,Deux véhicules - frontale,,,,,,,,,,,1,2,1,1,1
200800063724,0008-11-18 12:45:00,8,11,18,12,45,660,50,,,,Plein jour,Hors agglomération,Hors intersection,Normale,Deux véhicules - côté,,,,,,,,,,,1,1,1,1,3
200800063725,0008-11-07 21:00:00,8,11,7,21,0,300,191,,44.137,4.675,Nuit sans éclairage public,Hors agglomération,Giratoire,Normale,Autre collision,,,,,,,,,,,3,1,6,1,6
200800063726,0008-11-26 11:30:00,8,11,26,11,30,300,331,,,,Plein jour,Hors agglomération,Hors intersection,Normale,Sans collision,,,,,,,,,,,1,1,1,1,7
200800063727,0008-11-10 19:00:00,8,11,10,19,0,830,130,Avenue Estienne DORVES,,,Nuit avec éclairage allumé,En agglomération,Hors intersection,Temps couvert,Deux véhicules - côté,,,,,,,,,,,5,2,1,8,3
200800063728,0008-11-20 07:15:00,8,11,20,7,15,220,213,,48.52,-2.039,Crépuscule ou aube,Hors agglomération,Hors intersection,Pluie légère,Autre collision,,,,,,,,,,,2,1,1,2,6