accident_id,datetime,annee,mois,jour,heure,minute,departement,commune_insee,adresse,latitude,longitude,luminosite,agglomeration,intersection,meteo,collision,nb_vehicules,nb_usagers,nb_indemnes,nb_tues,nb_blesses_hosp,nb_blesses_legers,age_cond_1,age_cond_2,veh_type_cond_1,veh_type_cond_2,lum_code,agg_code,int_code,atm_code,col_code
200800064246,0008-11-28 14:05:00,8,11,28,14,5,630,113,"39, AMADEO (RUE)",,,Plein jour,En agglomération,Hors intersection,Normale,Autre collision,,,,,,,,,,,1,2,1,1,6
200800064247,0008-11-28 15:45:00,8,11,28,15,45,630,14,"., MOULIN (AVENUE JEAN)",,,Plein jour,En agglomération,Hors intersection,Normale,Autre collision,,,,,,,,,,,1,2,1,1,6
200800064248,0008-11-29 11:30:00,8,11,29,11,30,630,113,"117, LAFAYETTE (BD)",,,Plein jour,En agglomération,Autre intersection,Normale,Deux véhicules - côté,,,,,,,,,,,1,2,9,1,3
200800064249,0008-11-29 18:45:00,8,11,29,18,45,630,113,"., BEAULIEU (CHEMIN DE)",,,Nuit sans éclairage public,Hors agglomération,Hors intersection,Pluie forte,Autre collision,,,,,,,,,,,3,1,1,3,6
200800064250,0008-11-06 12:50:00,8,11,6,12,50,630,124,DE GAULLE (BOULEVARD CHA,,,Plein jour,En agglomération,Giratoire,Normale,Deux véhicules - côté,,,,,,,,,,,1,2,6,1,3
200800064251,0008-11-15 22:41:00,8,11,15,22,41,630,193,RD 766,,,Nuit avec éclairage allumé,En agglomération,Hors intersection,Pluie légère,Sans collision,,,,,,,,,,,5,2,1,2,7
200800064252,0008-11-18 14:35:00,8,11,18,14,35,630,124,"107, DOMES (AVENUE DES)",,,Plein jour,En agglomération,Hors intersection,Pluie légère,Autre collision,,,,,,,,,,,1,2,1,2,6
200800064253,0008-11-03 14:00:00,8,11,3,14,0,640,102,ARITXAGUE (BD D'),,,Plein jour,En agglomération,Hors intersection,Pluie légère,Sans collision,,,,,,,,,,,1,2,1,2,7
200800064254,0008-11-03 20:00:00,8,11,3,20,0,640,24,"05, MAIGNON (ROUTE DE)",,,Nuit avec éclairage allumé,En agglomération,Hors intersection,Normale,Sans collision,,,,,,,,,,,5,2,1,1,7
200800064255,0008-11-04 13:30:00,8,11,4,13,30,640,102,SAINT LEON (ROND POINT),,,Plein jour,En agglomération,Giratoire,Normale,Autre collision,,,,,,,,,,,1,2,6,1,6
200800064256,0008-11-05 16:53:00,8,11,5,16,53,640,24,BAYONNE (AVENUE DE),,,Plein jour,Hors agglomération,Intersection en T,Pluie légère,Deux véhicules - côté,,,,,,,,,,,1,1,3,2,3
200800064257,0008-11-10 17:00:00,8,11,10,17,0,640,102,PAMPELUNE (AVENUE DE),,,Plein jour,En agglomération,Hors intersection,Normale,Deux véhicules - arrière,,,,,,,,,,,1,2,1,1,2
200800064258,0008-11-13 07:45:00,8,11,13,7,45,640,24,"51, BAYONNE (AVENUE DE)",,,Plein jour,En agglomération,Hors intersection,Normale,Autre collision,,,,,,,,,,,1,2,1,1,6
200800064259,0008-11-13 17:57:00,8,11,13,17,57,640,102,"117, SOULT (AVENUE MAREC",,,Nuit avec éclairage allumé,En agglomération,Hors intersection,Normale,Autre collision,,,,,,,,,,,5,2,1,1,6
200800064260,0008-11-14 17:30:00,8,11,14,17,30,640,102,PIECE NOYEE (ROND POINT,,,Plein jour,En agglomération,Giratoire,Normale,Autre collision,,,,,,,,,,,1,2,6,1,6
200800064261,0008-11-15 17:52:00,8,11,15,17,52,640,24,"., BOIS BELIN (RUE DU)",,,Nuit avec éclairage allumé,En agglomération,Hors intersection,Normale,Sans collision,,,,,,,,,,,5,2,1,1,7
200800064262,0008-11-16 17:39:00,8,11,16,17,39,640,102,"., GRIMARD (AVENUE ANDRE",,,Crépuscule ou aube,En agglomération,Hors intersection,Normale,Sans collision,,,,,,,,,,,2,2,1,1,7
200800064263,0008-11-28 07:58:00,8,11,28,7,58,640,102,"51, DUVERGIER DE HAURANN",,,Crépuscule ou aube,En agglomération,Hors intersection,Normale,Autre collision,,,,,,,,,,,2,2,1,1,6
200800064264,0008-11-29 18:45:00,8,11,29,18,45,640,24,"10, BAYONNE (AVENUE DE)",,,Nuit avec éclairage allumé,En agglomération,Hors intersection,Pluie forte,Deux véhicules - côté,,,,,,,,,,,5,2,1,3,3
200800064265,0008-11-04 14:35:00,8,11,4,14,35,640,122,"., ""KENNEDY (AVENUE DU P",,,Plein jour,En agglomération,Hors intersection,Normale,Deux véhicules - arrière,,,,,,,,,,,1,2,1,1,2
200800064266,0008-11-04 19:00:00,8,11,4,19,0,640,122,"., VERDUN (AVENUE DE)",,,Crépuscule ou aube,En agglomération,Intersection en T,Normale,Deux véhicules - côté,,,,,,,,,,,2,2,3,1,3
200800064267,0008-11-12 18:00:00,8,11,12,18,0,640,122,"15, MARNE (AVENUE DE LA)",,,Crépuscule ou aube,En agglomération,Hors intersection,Pluie légère,Sans collision,,,,,,,,,,,2,2,1,2,7
200800064268,0008-11-15 17:00:00,8,11,15,17,0,640,122,"., HENRI IV (RUE)",,,Plein jour,En agglomération,Hors intersection,Normale,Deux véhicules - côté,,,,,,,,,,,1,2,1,1,3
200800064269,0008-11-22 11:00:00,8,11,22,11,0,640,122,"., BAB(BOULEVARD)",,,Plein jour,En agglomération,Hors intersection,Normale,Deux véhicules - arrière,,,,,,,,,,,1,2,1,1,2
200800064270,0008-11-01 13:15:00,8,11,1,13,15,640,348,"147, CHARLES DE GAULLE",,,Plein jour,En agglomération,Hors intersection,Normale,Deux véhicules - côté,,,,,,,,,,,1,2,1,1,3
200800064271,0008-11-06 15:00:00,8,11,6,15,0,640,445,"0, ERIC TABARLY",,,Plein jour,En agglomération,Hors intersection,Normale,Deux véhicules - côté,,,,,,,,,,,1,2,1,1,3
200800064272,0008-11-07 14:00:00,8,11,7,14,0,640,445,MONTARDON DE,,,Plein jour,En agglomération,Intersection en X,Pluie légère,Deux véhicules - côté,,,,,,,,,,,1,2,2,2,3
200800064273,0008-11-08 15:00:00,8,11,8,15,0,640,129,"28, BEZIOU",,,Plein jour,En agglomération,Hors intersection,Normale,Deux véhicules - côté,,,,,,,,,,,1,2,1,1,3
200800064274,0008-11-08 16:00:00,8,11,8,16,0,640,445,"0, CONDORCET",,,Plein jour,En agglomération,Hors intersection,Normale,Autre collision,,,,,,,,,,,1,2,1,1,6
200800064275,0008-11-09 15:47:00,8,11,9,15,47,640,445,"0, OLOF PALME",,,Plein jour,Hors agglomération,Hors intersection,Normale,Deux véhicules - côté,,,,,,,,,,,1,1,1,1,3
200800064276,0008-11-10 12:20:00,8,11,10,12,20,640,445,"0, HENRY RUSSEL",,,Plein jour,En agglomération,Intersection en X,Normale,Deux véhicules - côté,,,,,,,,,,,1,2,2,1,3
200800064277,0008-11-12 16:10:00,8,11,12,16,10,640,445,"70, BAYONNE DE",,,Plein jour,En agglomération,Hors intersection,Normale,Deux véhicules - arrière,,,,,,,,,,,1,2,1,1,2
200800064278,0008-11-08 17:30:00,8,11,8,17,30,640,348,"147, CHARLES DE GAULLE",,,Crépuscule ou aube,En agglomération,Hors intersection,Normale,Deux véhicules - arrière,,,,,,,,,,,2,2,1,1,2
200800064279,0008-11-17 07:40:00,8,11,17,7,40,640,284,"Face au 13, CROIX DU PRI",,,Nuit avec éclairage non allumé,En agglomération,Hors intersection,Normale,Deux véhicules - arrière,,,,,,,,,,,4,2,1,1,2
200800064280,0008-11-18 19:30:00,8,11,18,19,30,640,132,"0, CORPS FRANC POMMIES D",,,Nuit sans éclairage public,En agglomération,Hors intersection,Pluie légère,Deux véhicules - côté,,,,,,,,,,,3,2,1,2,3
200800064281,0008-11-19 07:45:00,8,11,19,7,45,640,445,CAMOU,,,Plein jour,En agglomération,Intersection en X,Normale,Deux véhicules - côté,,,,,,,,,,,1,2,2,1,3
200800064282,0008-11-20 15:30:00,8,11,20,15,30,640,445,"1, FOIRAIL DU",,,Plein jour,En agglomération,Hors intersection,Normale,Deux véhicules - côté,,,,,,,,,,,1,2,1,1,3
200800064283,0008-11-22 10:25:00,8,11,22,10,25,640,445,"2, LYAUTEY",,,Plein jour,En agglomération,Hors intersection,Pluie forte,Autre collision,,,,,,,,,,,1,2,1,3,6
200800064284,0008-11-25 14:45:00,8,11,25,14,45,640,445,"0, Rond Point de la Comm",,,Plein jour,En agglomération,Hors intersection,Normale,Deux véhicules - côté,,,,,,,,,,,1,2,1,1,3
200800064285,0008-11-24 18:20:00,8,11,24,18,20,640,335,"0, BAYONNE DE",,,Plein jour,En agglomération,Hors intersection,Pluie légère,Trois véhicules et plus - collisions multiples,,,,,,,,,,,1,2,1,2,5
200800064286,0008-11-27 14:10:00,8,11,27,14,10,640,445,HAUTERIVE,,,Plein jour,En agglomération,Hors intersection,Normale,Deux véhicules - côté,,,,,,,,,,,1,2,1,1,3
200800064287,0008-11-27 14:30:00,8,11,27,14,30,640,129,"1, SAINT JOHN PERSE",,,Plein jour,Hors agglomération,Hors intersection,Normale,Trois véhicules et plus - collisions multiples,,,,,,,,,,,1,1,1,1,5
200800064288,0008-11-26 08:50:00,8,11,26,8,50,640,132,"0, ALBERT 1ER",,,Plein jour,En agglomération,Hors intersection,Normale,Deux véhicules - côté,,,,,,,,,,,1,2,1,1,3
200800064289,0008-11-26 16:00:00,8,11,26,16,0,640,348,"0, ERCKMAN CHATRIAN",,,Plein jour,En agglomération,Giratoire,Normale,Deux véhicules - côté,,,,,,,,,,,1,2,6,1,3
200800064290,0008-11-27 19:45:00,8,11,27,19,45,640,445,"0, LOUP DU",,,Nuit avec éclairage allumé,En agglomération,Intersection en T,Normale,Deux véhicules - côté,,,,,,,,,,,5,2,3,1,3
200800064291,0008-11-21 17:00:00,8,11,21,17,0,640,445,RESISTANCE,,,Plein jour,En agglomération,Hors intersection,Normale,Autre collision,,,,,,,,,,,1,2,1,1,6
200800064292,0008-11-21 18:05:00,8,11,21,18,5,640,445,"1, RAYMOND DE CARBONNIER",,,Nuit avec éclairage allumé,En agglomération,Hors intersection,Pluie légère,Autre collision,,,,,,,,,,,5,2,1,2,6
200800064293,0008-11-01 19:35:00,8,11,1,19,35,640,545,RD810,,,Nuit avec éclairage allumé,Hors agglomération,Hors intersection,Normale,Sans collision,,,,,,,,,,,5,1,1,1,7
200800064294,0008-11-07 18:25:00,8,11,7,18,25,640,260,"17, EMPEREUR (BOULEVARD",,,Plein jour,En agglomération,Hors intersection,Normale,Deux véhicules - côté,,,,,,,,,,,1,2,1,1,3
200800064295,0008-11-09 18:40:00,8,11,9,18,40,640,545,RD810,,,Nuit sans éclairage public,En agglomération,Hors intersection,Normale,Deux véhicules - arrière,,,,,,,,,,,3,2,1,1,2
200800064296,0008-11-14 09:00:00,8,11,14,9,0,640,483,"1, VERDUN (AVENUE DE)",,,Plein jour,En agglomération,Hors intersection,Normale,Deux véhicules - côté,,,,,,,,,,,1,2,1,1,3
200800064297,0008-11-15 08:20:00,8,11,15,8,20,640,260,"1, BEHOBIE (ROUTE DE)",,,Plein jour,En agglomération,Hors intersection,Temps couvert,Deux véhicules - côté,,,,,,,,,,,1,2,1,8,3
200800064298,0008-11-10 17:32:00,8,11,10,17,32,340,172,"sans, SAINT VINCENT DE P",43.62175,3.87446,Nuit avec éclairage allumé,En agglomération,Intersection en T,Normale,Deux véhicules - côté,,,,,,,,,,,5,2,3,1,3
200800064299,0008-11-10 18:15:00,8,11,10,18,15,340,172,"121, PONT DE LAVERUNE (R",43.60742,3.83856,Nuit avec éclairage allumé,En agglomération,Hors intersection,Normale,Deux véhicules - côté,,,,,,,,,,,5,2,1,1,3
200800064300,0008-11-11 19:15:00,8,11,11,19,15,340,172,"949, RAVAZ (AVENUE DU PR",,,Nuit avec éclairage allumé,En agglomération,Hors intersection,Pluie légère,Deux véhicules - côté,,,,,,,,,,,5,2,1,2,3
200800064301,0008-11-11 21:35:00,8,11,11,21,35,340,172,"1636, PONT TRINQUAT (AVE",43.61832,3.85312,Nuit avec éclairage allumé,En agglomération,Intersection en T,Temps couvert,Deux véhicules - côté,,,,,,,,,,,5,2,3,8,3
200800064302,0008-11-10 09:30:00,8,11,10,9,30,340,172,"0, ECOLE D'AGRICULTURE-G",43.61548,3.8563,Plein jour,En agglomération,Intersection en X,Normale,Deux véhicules - côté,,,,,,,,,,,1,2,2,1,3
200800064303,0008-11-14 05:00:00,8,11,14,5,0,340,172,"1348, MER (AVENUE DE LA)",43.59294,3.90655,Nuit avec éclairage allumé,Hors agglomération,Hors intersection,Normale,Autre collision,,,,,,,,,,,5,1,1,1,6
200800064304,0008-11-13 17:35:00,8,11,13,17,35,340,172,"00, APOTHICAIRES (AVENUE",43.64466,3.84222,Nuit avec éclairage allumé,En agglomération,Hors intersection,Normale,Deux véhicules - arrière,,,,,,,,,,,5,2,1,1,2
200800064305,0008-11-10 10:50:00,8,11,10,10,50,340,172,"0, SPAAK (CARREFOUR PAUL",43.61574,3.82012,Plein jour,En agglomération,Hors intersection,Normale,Deux véhicules - arrière,,,,,,,,,,,1,2,1,1,2
200800064306,0008-11-14 18:15:00,8,11,14,18,15,340,172,"00, DUBOUT (AVENUE ALBER",43.60355,3.8905,Nuit avec éclairage allumé,En agglomération,Intersection en X,Normale,Sans collision,,,,,,,,,,,5,2,2,1,7
200800064307,0008-11-15 12:52:00,8,11,15,12,52,340,172,"sans, VALERY (BOULEVARD",43.59319,3.852,Plein jour,En agglomération,Intersection en T,Normale,Deux véhicules - côté,,,,,,,,,,,1,2,3,1,3
200800064308,0008-11-18 20:10:00,8,11,18,20,10,340,172,MOULINS (AVENUE DES,43.62625,3.8381,Nuit avec éclairage allumé,En agglomération,Hors intersection,Normale,Sans collision,,,,,,,,,,,5,2,1,1,7
200800064309,0008-11-19 15:30:00,8,11,19,15,30,340,172,"00, LODEVE (AVENUE DE",43.61002,3.86232,Plein jour,En agglomération,Intersection en T,Normale,Trois véhicules et plus - en chaîne,,,,,,,,,,,1,2,3,1,4
200800064310,0008-11-21 05:25:00,8,11,21,5,25,340,172,"00, ZUCCARELLI (PONT JEA",43.60063,3.89735,Nuit avec éclairage allumé,En agglomération,Hors intersection,Normale,Sans collision,,,,,,,,,,,5,2,1,1,7
200800064311,0008-11-21 21:30:00,8,11,21,21,30,340,172,"sans, NOUVEAU MONDE (ALL",,,Nuit avec éclairage allumé,En agglomération,Hors intersection,Normale,Deux véhicules - côté,,,,,,,,,,,5,2,1,1,3
200800064312,0008-11-21 09:58:00,8,11,21,9,58,340,172,"24, LAVERUNE (ROUTE DE",43.60321,3.85629,Plein jour,En agglomération,Hors intersection,Normale,Deux véhicules - côté,,,,,,,,,,,1,2,1,1,3
200800064313,0008-11-23 18:30:00,8,11,23,18,30,340,172,VILLENEUVE-ANGOULEME (AV,43.59572,3.86848,Nuit avec éclairage allumé,En agglomération,Intersection en X,Normale,Deux véhicules - côté,,,,,,,,,,,5,2,2,1,3
200800064314,0008-11-24 13:15:00,8,11,24,13,15,340,172,DEUX PONTS (RUE DES),43.60432,3.88085,Plein jour,En agglomération,Intersection en T,Normale,Autre collision,,,,,,,,,,,1,2,3,1,6
200800064315,0008-11-24 18:00:00,8,11,24,18,0,340,172,ZUCCARELLI (PONT JEAN),43.60074,3.89766,Nuit avec éclairage allumé,En agglomération,Hors intersection,Normale,Deux véhicules - arrière,,,,,,,,,,,5,2,1,1,2
200800064316,0008-11-24 17:15:00,8,11,24,17,15,340,172,"43, JEU DE PAUME (BOULEV",43.60662,3.876,Nuit avec éclairage allumé,En agglomération,Hors intersection,Normale,Autre collision,,,,,,,,,,,5,2,1,1,6
200800064317,0008-11-24 18:40:00,8,11,24,18,40,340,129,D22 E1,43.58272,3.93283,Nuit avec éclairage allumé,En agglomération,Autre intersection,Normale,Deux véhicules - côté,,,,,,,,,,,5,2,9,1,3
200800064318,0008-11-26 16:50:00,8,11,26,16,50,330,522,CRS DE LA LIBERATION,,,Plein jour,En agglomération,Intersection en X,Normale,Deux véhicules - côté,,,,,,,,,,,1,2,2,1,3
200800064319,0008-11-28 17:26:00,8,11,28,17,26,330,75,"00, RUE ELSA TRIOLET",,,Plein jour,En agglomération,Intersection en T,Normale,Deux véhicules - côté,,,,,,,,,,,1,2,3,1,3
200800064320,0008-11-29 17:20:00,8,11,29,17,20,330,192,"201, CRS DU GENERAL DE G",,,Crépuscule ou aube,En agglomération,Intersection en T,Pluie légère,Deux véhicules - côté,,,,,,,,,,,2,2,3,2,3
200800064321,0008-11-28 11:20:00,8,11,28,11,20,330,318,AVE DE VILLEMEJAN,,,Plein jour,En agglomération,Hors intersection,Normale,Autre collision,,,,,,,,,,,1,2,1,1,6
200800064322,0008-11-05 18:45:00,8,11,5,18,45,330,243,"185, FOCH(AVENUE DU MARE",,,Nuit avec éclairage allumé,En agglomération,Hors intersection,Pluie légère,Autre collision,,,,,,,,,,,5,2,1,2,6
200800064323,0008-11-26 16:20:00,8,11,26,16,20,340,3,"sans N°, MONACO (F16 A G",,,Plein jour,En agglomération,Hors intersection,Normale,Deux véhicules - frontale,,,,,,,,,,,1,2,1,1,1
200800064324,0008-11-27 19:10:00,8,11,27,19,10,340,3,HUIT MAI 1945 (C15 A D14,,,Nuit sans éclairage public,En agglomération,Hors intersection,Normale,Deux véhicules - côté,,,,,,,,,,,3,2,1,1,3
200800064325,0008-11-03 09:00:00,8,11,3,9,0,340,32,"26, LIBERTE (BD DE LA)",,,Plein jour,En agglomération,Hors intersection,Normale,Deux véhicules - frontale,,,,,,,,,,,1,2,1,1,1
200800064326,0008-11-01 09:50:00,8,11,1,9,50,340,32,MISTRAL FREDERIC (BD),,,Plein jour,En agglomération,Intersection en X,Pluie légère,Deux véhicules - côté,,,,,,,,,,,1,2,2,2,3
200800064327,0008-11-01 13:00:00,8,11,1,13,0,340,32,RHIN ET DANUBE (AV.),,,Plein jour,En agglomération,Intersection en X,Normale,Sans collision,,,,,,,,,,,1,2,2,1,7
200800064328,0008-11-03 13:30:00,8,11,3,13,30,340,32,ROUTE DE CAPESTANG (RD.1,,,Plein jour,Hors agglomération,Intersection en T,Normale,Deux véhicules - côté,,,,,,,,,,,1,1,3,1,3
200800064329,0008-11-04 19:20:00,8,11,4,19,20,340,32,"92, CLEMENCEAU GEORGES (",,,Nuit avec éclairage allumé,Hors agglomération,Hors intersection,Pluie légère,Sans collision,,,,,,,,,,,5,1,1,2,7
200800064330,0008-11-06 08:15:00,8,11,6,8,15,340,32,BADIE VINCENT (RD POINT),,,Plein jour,Hors agglomération,Giratoire,Pluie légère,Sans collision,,,,,,,,,,,1,1,6,2,7
200800064331,0008-11-06 07:00:00,8,11,6,7,0,340,32,"22, TUNNEL (RUE DU)",,,Nuit avec éclairage allumé,En agglomération,Hors intersection,Pluie légère,Sans collision,,,,,,,,,,,5,2,1,2,7
200800064332,0008-11-06 09:30:00,8,11,6,9,30,340,32,BESSAN (ROUTE DE),,,Plein jour,Hors agglomération,Hors intersection,Normale,Deux véhicules - frontale,,,,,,,,,,,1,1,1,1,1
200800064333,0008-11-07 16:15:00,8,11,7,16,15,340,32,RD.15,,,Plein jour,En agglomération,Hors intersection,Normale,Deux véhicules - côté,,,,,,,,,,,1,2,1,1,3
200800064334,0008-11-08 17:50:00,8,11,8,17,50,340,32,CLEMENCEAU GEORGES (AVEN,,,Nuit avec éclairage allumé,En agglomération,Intersection en X,Normale,Deux véhicules - arrière,,,,,,,,,,,5,2,2,1,2
200800064335,0008-11-14 15:30:00,8,11,14,15,30,340,32,"12, LIBERTE (BD DE LA)",,,Plein jour,En agglomération,Hors intersection,Normale,Sans collision,,,,,,,,,,,1,2,1,1,7
200800064336,0008-11-17 19:00:00,8,11,17,19,0,340,32,ROUTE DEPARTEMENTALE  61,,,Nuit sans éclairage public,En agglomération,Hors intersection,Normale,Trois véhicules et plus - en chaîne,,,,,,,,,,,3,2,1,1,4
200800064337,0008-11-20 11:30:00,8,11,20,11,30,340,32,LATTRE DE TASSIGNY MAREC,,,Plein jour,En agglomération,Intersection en T,Pluie légère,Sans collision,,,,,,,,,,,1,2,3,2,7
200800064338,0008-11-20 18:30:00,8,11,20,18,30,340,32,"30, RHIN ET DANUBE (AV.)",,,Nuit avec éclairage allumé,En agglomération,Hors intersection,Normale,Sans collision,,,,,,,,,,,5,2,1,1,7
200800064339,0008-11-21 15:00:00,8,11,21,15,0,340,32,NARBONNE (ROUTE DE),,,Plein jour,Hors agglomération,Hors intersection,Normale,Deux véhicules - frontale,,,,,,,,,,,1,1,1,1,1
200800064340,0008-11-25 17:40:00,8,11,25,17,40,340,32,NUSSY JEAN (RUE),,,Crépuscule ou aube,En agglomération,Intersection en T,Normale,Deux véhicules - côté,,,,,,,,,,,2,2,3,1,3
200800064341,0008-11-25 18:15:00,8,11,25,18,15,340,32,RD.64,,,Crépuscule ou aube,Hors agglomération,Hors intersection,Normale,Sans collision,,,,,,,,,,,2,1,1,1,7
200800064342,0008-11-25 18:20:00,8,11,25,18,20,340,32,"51, LIBERTE (BD DE LA)",,,Nuit avec éclairage allumé,En agglomération,Intersection en T,Normale,Deux véhicules - côté,,,,,,,,,,,5,2,3,1,3
200800064343,0008-11-28 11:05:00,8,11,28,11,5,340,32,MOULIN JEAN (AV),,,Plein jour,En agglomération,Intersection en T,Normale,Deux véhicules - arrière,,,,,,,,,,,1,2,3,1,2
200800064344,0008-11-28 19:15:00,8,11,28,19,15,340,32,ROUTE DEPARTEMENTALE NR.,,,Nuit sans éclairage public,Hors agglomération,Hors intersection,Normale,Deux véhicules - frontale,,,,,,,,,,,3,1,1,1,1
200800064345,0008-11-30 16:15:00,8,11,30,16,15,340,73,"04, LAURES (AV. JEAN)",,,Plein jour,En agglomération,Hors intersection,Normale,Deux véhicules - frontale,,,,,,,,,,,1,2,1,1,1
200800064346,0008-11-30 21:10:00,8,11,30,21,10,340,32,ROUTE DE PEZENAS (RN.113,,,Nuit sans éclairage public,Hors agglomération,Hors intersection,Normale,Sans collision,,,,,,,,,,,3,1,1,1,7
200800064347,0008-11-02 23:15:00,8,11,2,23,15,340,172,"sans, COLOMB (PLACE CHRI",43.6061,3.89856,Nuit avec éclairage allumé,En agglomération,Giratoire,Pluie légère,Deux véhicules - côté,,,,,,,,,,,5,2,6,2,3
200800064348,0008-11-03 13:43:00,8,11,3,13,43,340,172,"sans, GANGES (ROUTE DE",43.63449,3.85014,Plein jour,En agglomération,Intersection en X,Normale,Deux véhicules - côté,,,,,,,,,,,1,2,2,1,3
200800064349,0008-11-03 05:10:00,8,11,3,5,10,340,129,"sans, D132",43.57165,3.88646,Nuit sans éclairage public,Hors agglomération,Hors intersection,Normale,Autre collision,,,,,,,,,,,3,1,1,1,6
200800064350,0008-11-06 08:44:00,8,11,6,8,44,340,172,"sans, GANGES (ROUTE DE",,,Plein jour,En agglomération,Hors intersection,Pluie légère,Trois véhicules et plus - en chaîne,,,,,,,,,,,1,2,1,2,4
200800064351,0008-11-07 00:30:00,8,11,7,0,30,340,172,NIMES (AVENUE DE),43.62616,3.89502,Nuit avec éclairage allumé,En agglomération,Hors intersection,Normale,Deux véhicules - côté,,,,,,,,,,,5,2,1,1,3
200800064352,0008-11-07 10:00:00,8,11,7,10,0,340,172,"22, FAUBOURG SAINT JAUME",43.61507,3.86976,Plein jour,En agglomération,Hors intersection,Normale,Autre collision,,,,,,,,,,,1,2,1,1,6
200800064353,0008-11-04 09:00:00,8,11,4,9,0,340,172,"0, BOULLOCHE (RUE ANDRE)",43.6421,3.84567,Plein jour,En agglomération,Hors intersection,Temps couvert,Deux véhicules - côté,,,,,,,,,,,1,2,1,8,3
200800064354,0008-11-08 03:35:00,8,11,8,3,35,340,129,"sans, D116",43.56125,3.86686,Nuit sans éclairage public,Hors agglomération,Hors intersection,Normale,Autre collision,,,,,,,,,,,3,1,1,1,6
200800064355,0008-11-08 10:30:00,8,11,8,10,30,340,172,"32, LODEVE (AVENUE DE",,,Plein jour,En agglomération,Hors intersection,Normale,Autre collision,,,,,,,,,,,1,2,1,1,6
200800064356,0008-11-08 09:15:00,8,11,8,9,15,340,172,CASTELNAU (AVENUE DE),43.62502,3.88821,Plein jour,En agglomération,Intersection en X,Normale,Autre collision,,,,,,,,,,,1,2,2,1,6
200800064357,0008-11-06 12:30:00,8,11,6,12,30,340,172,"sans, RIMBAUD (RUE PAUL)",,,Plein jour,En agglomération,Intersection en T,Temps couvert,Deux véhicules - côté,,,,,,,,,,,1,2,3,8,3
200800064358,0008-11-07 17:00:00,8,11,7,17,0,340,172,"0, VAUGUIERES (ROUTE DE",43.60547,3.90431,Plein jour,En agglomération,Hors intersection,Normale,Deux véhicules - côté,,,,,,,,,,,1,2,1,1,3
200800064359,0008-11-07 17:55:00,8,11,7,17,55,340,129,"0, CARNON (ROUTE DE  D21",43.58017,3.93086,Nuit sans éclairage public,En agglomération,Hors intersection,Normale,Deux véhicules - arrière,,,,,,,,,,,3,2,1,1,2
200800064360,0008-11-08 17:30:00,8,11,8,17,30,340,172,"163, JUSTICE DE CASTELNA",43.62711,3.87215,Crépuscule ou aube,En agglomération,Hors intersection,Normale,Sans collision,,,,,,,,,,,2,2,1,1,7
200800064361,0008-11-09 11:15:00,8,11,9,11,15,340,172,"0, GAMBETTA (COURS)",,,Plein jour,En agglomération,Intersection en T,Normale,Deux véhicules - côté,,,,,,,,,,,1,2,3,1,3
200800064362,0008-11-25 17:00:00,8,11,25,17,0,340,198,"00, BECAUD (ALLEE GILBER",43.56227,3.95141,Nuit avec éclairage allumé,En agglomération,Hors intersection,Normale,Deux véhicules - arrière,,,,,,,,,,,5,2,1,1,2
200800064363,0008-11-26 12:05:00,8,11,26,12,5,340,172,BERTHELOT (BOULEVARD),43.59935,3.87344,Plein jour,En agglomération,Intersection en T,Normale,Autre collision,,,,,,,,,,,1,2,3,1,6
200800064364,0008-11-26 11:25:00,8,11,26,11,25,340,172,BRIGADE LEGERE DU LANGUE,,,Plein jour,En agglomération,Intersection en X,Normale,Autre collision,,,,,,,,,,,1,2,2,1,6
200800064365,0008-11-26 15:50:00,8,11,26,15,50,340,172,"sans, APOTHICAIRES (AVEN",43.64437,3.84128,Plein jour,En agglomération,Hors intersection,Normale,Sans collision,,,,,,,,,,,1,2,1,1,7
200800064366,0008-11-26 16:40:00,8,11,26,16,40,340,172,"444, TRIOLET (RUE DU)",43.62694,3.86161,Nuit avec éclairage allumé,En agglomération,Hors intersection,Normale,Deux véhicules - côté,,,,,,,,,,,5,2,1,1,3
200800064367,0008-11-26 18:30:00,8,11,26,18,30,340,172,BON ACCUEIL (ALLEE DE),,,Nuit avec éclairage allumé,En agglomération,Hors intersection,Normale,Deux véhicules - côté,,,,,,,,,,,5,2,1,1,3
200800064368,0008-11-26 19:01:00,8,11,26,19,1,340,172,"400, MOULINS (AVENUE DES",,,Nuit avec éclairage allumé,En agglomération,Hors intersection,Normale,Deux véhicules - côté,,,,,,,,,,,5,2,1,1,3
200800064369,0008-11-27 15:45:00,8,11,27,15,45,340,172,"17, LODEVE (AVENUE DE",,,Plein jour,En agglomération,Hors intersection,Normale,Deux véhicules - frontale,,,,,,,,,,,1,2,1,1,1
200800064370,0008-11-27 15:34:00,8,11,27,15,34,340,172,"16 bis, REGIS (PLACE DU",43.6133,3.8666,Plein jour,En agglomération,Hors intersection,Normale,Autre collision,,,,,,,,,,,1,2,1,1,6
200800064371,0008-11-27 06:30:00,8,11,27,6,30,340,198,"00, D66  VOIE RAPIDE",43.57765,3.94716,Nuit sans éclairage public,Hors agglomération,Hors intersection,Normale,Sans collision,,,,,,,,,,,3,1,1,1,7
200800064372,0008-11-28 19:11:00,8,11,28,19,11,340,198,"sans, ROUTE DE LATTES  D",43.56167,3.94574,Nuit avec éclairage allumé,En agglomération,Giratoire,Normale,Deux véhicules - côté,,,,,,,,,,,5,2,6,1,3