accident_id,datetime,annee,mois,jour,heure,minute,departement,commune_insee,adresse,latitude,longitude,luminosite,agglomeration,intersection,meteo,collision,nb_vehicules,nb_usagers,nb_indemnes,nb_tues,nb_blesses_hosp,nb_blesses_legers,age_cond_1,age_cond_2,veh_type_cond_1,veh_type_cond_2,lum_code,agg_code,int_code,atm_code,col_code
200800064373,0008-11-29 01:39:00,8,11,29,1,39,340,129,"sans, PALAVAS D986 (ROUT",43.60383,3.89312,Nuit avec éclairage allumé,Hors agglomération,Hors intersection,Normale,Autre collision,,,,,,,,,,,5,1,1,1,6
200800064374,0008-11-30 05:40:00,8,11,30,5,40,340,172,"sans, DUBOUT (AVENUE ALB",43.60383,3.89312,Nuit avec éclairage allumé,En agglomération,Hors intersection,Normale,Autre collision,,,,,,,,,,,5,2,1,1,6
200800064375,0008-11-30 10:20:00,8,11,30,10,20,340,172,"118, PALAVAS (AVENUE DE)",43.59579,3.88786,Plein jour,En agglomération,Hors intersection,Normale,Deux véhicules - côté,,,,,,,,,,,1,2,1,1,3
200800064376,0008-11-28 19:54:00,8,11,28,19,54,340,172,"sans, LIBERTE (AVENUE DE",43.6093,3.83945,Nuit avec éclairage allumé,En agglomération,Hors intersection,Normale,Trois véhicules et plus - en chaîne,,,,,,,,,,,5,2,1,1,4
200800064377,0008-11-29 20:20:00,8,11,29,20,20,340,172,VALERY (BOULEVARD PAUL,,,Nuit avec éclairage allumé,En agglomération,Hors intersection,Temps couvert,Trois véhicules et plus - en chaîne,,,,,,,,,,,5,2,1,8,4
200800064378,0008-11-17 15:30:00,8,11,17,15,30,340,108,"aucun, DE GAULE GENERAL",,,Plein jour,En agglomération,Hors intersection,Normale,Deux véhicules - arrière,,,,,,,,,,,1,2,1,1,2
200800064379,0008-11-22 14:35:00,8,11,22,14,35,340,301,"aucun, VERDUN (BOULEVARD",,,Plein jour,En agglomération,Hors intersection,Normale,Deux véhicules - arrière,,,,,,,,,,,1,2,1,1,2
200800064380,0008-11-23 15:35:00,8,11,23,15,35,340,108,"AUCUN, GAMBETTA (BOULEVA",,,Plein jour,En agglomération,Hors intersection,Normale,Deux véhicules - côté,,,,,,,,,,,1,2,1,1,3
200800064381,0008-11-22 13:50:00,8,11,22,13,50,350,115,CORDIER (RUE GASTON),,,Plein jour,En agglomération,Giratoire,Pluie légère,Deux véhicules - côté,,,,,,,,,,,1,2,6,2,3
200800064382,0008-11-02 01:35:00,8,11,2,1,35,350,238,PORTE DE BREQUIGNY,,,Nuit sans éclairage public,En agglomération,Hors intersection,Temps couvert,Autre collision,,,,,,,,,,,3,2,1,8,6
200800064383,0008-11-03 13:25:00,8,11,3,13,25,350,238,"00, DUCHESSE ANNE (BLD D",,,Plein jour,En agglomération,Intersection en X,Pluie légère,Deux véhicules - côté,,,,,,,,,,,1,2,2,2,3
200800064384,0008-11-03 13:45:00,8,11,3,13,45,350,238,"00, TILLON (AVENUE CHARL",,,Plein jour,En agglomération,Intersection en X,Pluie légère,Deux véhicules - côté,,,,,,,,,,,1,2,2,2,3
200800064385,0008-11-03 14:50:00,8,11,3,14,50,350,238,"46, MITTERAND (MAIL FRAN",,,Plein jour,En agglomération,Hors intersection,Pluie légère,Autre collision,,,,,,,,,,,1,2,1,2,6
200800064386,0008-11-04 12:05:00,8,11,4,12,5,350,238,ROCADE 10-11,,,Plein jour,En agglomération,Hors intersection,Normale,Trois véhicules et plus - en chaîne,,,,,,,,,,,1,2,1,1,4
200800064387,0008-11-05 17:15:00,8,11,5,17,15,350,238,"21, CHEZY (BD DE)",,,Plein jour,En agglomération,Hors intersection,Temps couvert,Deux véhicules - côté,,,,,,,,,,,1,2,1,8,3
200800064388,0008-11-06 08:50:00,8,11,6,8,50,350,238,"18, MUSSAT (AVENUE ANDRE",,,Plein jour,En agglomération,Hors intersection,Normale,Trois véhicules et plus - en chaîne,,,,,,,,,,,1,2,1,1,4
200800064389,0008-11-06 08:35:00,8,11,6,8,35,350,238,"00, ORMEAUX (DES)",,,Plein jour,En agglomération,Intersection en X,Normale,Deux véhicules - côté,,,,,,,,,,,1,2,2,1,3
200800064390,0008-11-07 16:05:00,8,11,7,16,5,350,238,REPUBLIQUE (PLACE DE LA),,,Plein jour,En agglomération,Hors intersection,Normale,Autre collision,,,,,,,,,,,1,2,1,1,6
200800064391,0008-11-08 04:10:00,8,11,8,4,10,350,238,CAPITAINE MAIGNANT (RUE,,,Nuit avec éclairage allumé,En agglomération,Hors intersection,Normale,Autre collision,,,,,,,,,,,5,2,1,1,6
200800064392,0008-11-08 14:20:00,8,11,8,14,20,350,281,"00, DODIN (AVENUE ROGER)",,,Plein jour,En agglomération,Giratoire,Pluie légère,Autre collision,,,,,,,,,,,1,2,6,2,6
200800064393,0008-11-08 15:20:00,8,11,8,15,20,350,238,"00, ROCADE 5-6",,,Plein jour,En agglomération,Hors intersection,Pluie légère,Trois véhicules et plus - en chaîne,,,,,,,,,,,1,2,1,2,4
200800064394,0008-11-10 17:30:00,8,11,10,17,30,350,238,CHURCHILL (AVENUE SIR WI,,,Nuit sans éclairage public,En agglomération,Hors intersection,Pluie forte,Autre collision,,,,,,,,,,,3,2,1,3,6
200800064395,0008-11-11 17:00:00,8,11,11,17,0,350,238,"00, PORTE DE BREQUIGNY",,,Plein jour,En agglomération,Hors intersection,Pluie légère,Trois véhicules et plus - en chaîne,,,,,,,,,,,1,2,1,2,4
200800064396,0008-11-12 11:05:00,8,11,12,11,5,350,238,"27, BOURGEOIS (BOULEVARD",,,Plein jour,En agglomération,Intersection en T,Normale,Autre collision,,,,,,,,,,,1,2,3,1,6
200800064397,0008-11-12 18:15:00,8,11,12,18,15,350,55,"00, LOGES (RUE DES)",,,Nuit avec éclairage allumé,En agglomération,Hors intersection,Normale,Trois véhicules et plus - en chaîne,,,,,,,,,,,5,2,1,1,4
200800064398,0008-11-13 00:15:00,8,11,13,0,15,350,238,"00, PORTE DE VILLEJEAN",,,Nuit sans éclairage public,En agglomération,Hors intersection,Normale,Sans collision,,,,,,,,,,,3,2,1,1,7
200800064399,0008-11-13 18:35:00,8,11,13,18,35,350,238,"248, NANTES (DE)",,,Nuit avec éclairage allumé,En agglomération,Hors intersection,Normale,Autre collision,,,,,,,,,,,5,2,1,1,6
200800064400,0008-11-14 11:45:00,8,11,14,11,45,350,238,"00, CHURCHILL (AVENUE SI",,,Plein jour,En agglomération,Intersection en T,Temps couvert,Deux véhicules - côté,,,,,,,,,,,1,2,3,8,3
200800064401,0008-11-14 18:45:00,8,11,14,18,45,350,238,ROCADE 7-8,,,Nuit sans éclairage public,En agglomération,Hors intersection,Normale,Deux véhicules - arrière,,,,,,,,,,,3,2,1,1,2
200800064402,0008-11-15 10:20:00,8,11,15,10,20,350,238,"00, VERGER (DU)",,,Plein jour,En agglomération,Hors intersection,Normale,Autre collision,,,,,,,,,,,1,2,1,1,6
200800064403,0008-11-15 10:55:00,8,11,15,10,55,350,281,"67, MERMOZ (BOULEVARD JE",,,Plein jour,En agglomération,Intersection en T,Pluie légère,Trois véhicules et plus - en chaîne,,,,,,,,,,,1,2,3,2,4
200800064404,0008-11-17 07:50:00,8,11,17,7,50,350,238,"00, PORTE DE MAUREPAS",,,Plein jour,En agglomération,Giratoire,Normale,Deux véhicules - arrière,,,,,,,,,,,1,2,6,1,2
200800064405,0008-11-17 14:15:00,8,11,17,14,15,350,238,"00, JOUAUST (CARREFOUR)",,,Plein jour,En agglomération,Intersection en X,Normale,Autre collision,,,,,,,,,,,1,2,2,1,6
200800064406,0008-11-17 18:45:00,8,11,17,18,45,350,238,"121, BRIAND (AVENUE ARIS",,,Nuit avec éclairage allumé,En agglomération,Hors intersection,Temps couvert,Deux véhicules - côté,,,,,,,,,,,5,2,1,8,3
200800064407,0008-11-18 07:55:00,8,11,18,7,55,350,238,"7, YOUGOSLAVIE (BD DE)",,,Nuit avec éclairage allumé,En agglomération,Intersection en X,Pluie légère,Deux véhicules - arrière,,,,,,,,,,,5,2,2,2,2
200800064408,0008-11-18 11:35:00,8,11,18,11,35,350,238,"00, PORTE DE VILLEJEAN",,,Plein jour,En agglomération,Intersection en Y,Pluie légère,Autre collision,,,,,,,,,,,1,2,4,2,6
200800064409,0008-11-19 08:15:00,8,11,19,8,15,350,55,"00, RD 463",,,Crépuscule ou aube,En agglomération,Intersection en X,Normale,Deux véhicules - côté,,,,,,,,,,,2,2,2,1,3
200800064410,0008-11-19 11:45:00,8,11,19,11,45,350,281,"48, HAIE-DES-COGNETS (BO",,,Plein jour,En agglomération,Hors intersection,Normale,Autre collision,,,,,,,,,,,1,2,1,1,6
200800064411,0008-11-20 08:25:00,8,11,20,8,25,350,238,"00, VANEAU",,,Crépuscule ou aube,En agglomération,Intersection en X,Normale,Autre collision,,,,,,,,,,,2,2,2,1,6
200800064412,0008-11-20 08:45:00,8,11,20,8,45,350,238,ROCADE 12-13,,,Plein jour,Hors agglomération,Hors intersection,Temps couvert,Deux véhicules - arrière,,,,,,,,,,,1,1,1,8,2
200800064413,0008-11-20 11:30:00,8,11,20,11,30,350,238,RN 12,,,Plein jour,Hors agglomération,Hors intersection,Pluie légère,Sans collision,,,,,,,,,,,1,1,1,2,7
200800064414,0008-11-20 13:15:00,8,11,20,13,15,350,238,"10, LAENNEC (BD RENE)",,,Plein jour,En agglomération,Intersection en T,Temps couvert,Deux véhicules - côté,,,,,,,,,,,1,2,3,8,3
200800064415,0008-11-20 17:00:00,8,11,20,17,0,350,238,"00, BERNARD (MAURICE)",,,Plein jour,En agglomération,Intersection en T,Pluie légère,Deux véhicules - côté,,,,,,,,,,,1,2,3,2,3
200800064416,0008-11-20 18:30:00,8,11,20,18,30,350,238,PORTE DE NANTES,,,Nuit sans éclairage public,En agglomération,Autre intersection,Temps couvert,Trois véhicules et plus - en chaîne,,,,,,,,,,,3,2,9,8,4
200800064417,0008-11-20 18:40:00,8,11,20,18,40,350,55,"00, HALLOUVRY (RUE D')",,,Nuit avec éclairage allumé,En agglomération,Intersection en Y,Normale,Deux véhicules - côté,,,,,,,,,,,5,2,4,1,3
200800064418,0008-11-22 07:15:00,8,11,22,7,15,350,278,"00, ROUTE DE SAINT-MALO",,,Nuit avec éclairage allumé,En agglomération,Giratoire,Normale,Deux véhicules - côté,,,,,,,,,,,5,2,6,1,3
200800064419,0008-11-22 18:30:00,8,11,22,18,30,350,238,"00, VANEAU",,,Nuit avec éclairage allumé,En agglomération,Intersection en X,Pluie légère,Deux véhicules - côté,,,,,,,,,,,5,2,2,2,3
200800064420,0008-11-24 19:20:00,8,11,24,19,20,350,238,"00, SAINT-HELIER",,,Nuit avec éclairage allumé,En agglomération,Intersection en X,Pluie légère,Autre collision,,,,,,,,,,,5,2,2,2,6
200800064421,0008-11-25 19:30:00,8,11,25,19,30,350,238,"00, MOTTE (CONTOUR DE LA",,,Nuit avec éclairage allumé,En agglomération,Intersection en X,Pluie légère,Autre collision,,,,,,,,,,,5,2,2,2,6
200800064422,0008-11-26 08:35:00,8,11,26,8,35,350,238,"00, CAMPUS BEAULIEU",,,Nuit avec éclairage non allumé,En agglomération,Hors intersection,Normale,Autre collision,,,,,,,,,,,4,2,1,1,6
200800064423,0008-11-26 11:35:00,8,11,26,11,35,350,281,"00, RD 634",,,Plein jour,En agglomération,Intersection en X,Normale,Deux véhicules - côté,,,,,,,,,,,1,2,2,1,3
200800064424,0008-11-27 18:00:00,8,11,27,18,0,350,238,ROCADE 5-6,,,Plein jour,Hors agglomération,Hors intersection,Normale,Trois véhicules et plus - en chaîne,,,,,,,,,,,1,1,1,1,4
200800064425,0008-11-28 17:00:00,8,11,28,17,0,350,238,"00, TILLON (AVENUE CHARL",,,Nuit avec éclairage allumé,En agglomération,Intersection en X,Pluie légère,Deux véhicules - côté,,,,,,,,,,,5,2,2,2,3
200800064426,0008-11-30 19:30:00,8,11,30,19,30,350,238,"00, CHAMPION DE CICE",,,Nuit avec éclairage allumé,En agglomération,Intersection en T,Pluie légère,Deux véhicules - arrière,,,,,,,,,,,5,2,3,2,2
200800064427,0008-11-30 21:00:00,8,11,30,21,0,350,238,"00, INKERMANN (D')",,,Nuit avec éclairage allumé,En agglomération,Intersection en T,Pluie légère,Deux véhicules - côté,,,,,,,,,,,5,2,3,2,3
200800064428,0008-11-02 14:38:00,8,11,2,14,38,350,288,"0, SAINT LOUIS (QUAI)",,,Plein jour,En agglomération,Hors intersection,Normale,Deux véhicules - côté,,,,,,,,,,,1,2,1,1,3
200800064429,0008-11-01 11:31:00,8,11,1,11,31,350,288,"0, COQUELIN ( SQUARE JEA",,,Plein jour,En agglomération,Giratoire,Pluie forte,Deux véhicules - côté,,,,,,,,,,,1,2,6,3,3
200800064430,0008-11-03 18:50:00,8,11,3,18,50,350,288,"0, DEPORTES (BOULEVARD D",,,Crépuscule ou aube,En agglomération,Intersection en X,Normale,Deux véhicules - frontale,,,,,,,,,,,2,2,2,1,1
200800064431,0008-11-04 16:40:00,8,11,4,16,40,350,93,"00000000, JOFFRE MARECHA",,,Plein jour,En agglomération,Giratoire,Normale,Deux véhicules - côté,,,,,,,,,,,1,2,6,1,3
200800064432,0008-11-06 12:28:00,8,11,6,12,28,350,288,"0, DREUX (RUE)",,,Plein jour,En agglomération,Intersection en T,Pluie légère,Deux véhicules - côté,,,,,,,,,,,1,2,3,2,3
200800064433,0008-11-12 18:45:00,8,11,12,18,45,350,288,"000, GRANDE MOINERIE (RU",,,Nuit avec éclairage allumé,En agglomération,Giratoire,Normale,Deux véhicules - côté,,,,,,,,,,,5,2,6,1,3
200800064434,0008-11-12 12:50:00,8,11,12,12,50,350,288,"0, LIBERATION (ROND POIN",,,Plein jour,En agglomération,Giratoire,Normale,Deux véhicules - arrière,,,,,,,,,,,1,2,6,1,2
200800064435,0008-11-22 18:30:00,8,11,22,18,30,350,288,"0, SAULAIE (DE LA) RUE",,,Nuit avec éclairage allumé,En agglomération,Hors intersection,Normale,Sans collision,,,,,,,,,,,5,2,1,1,7
200800064436,0008-11-25 14:05:00,8,11,25,14,5,350,288,"000, TRIQUERVILLE JEAN-P",,,Plein jour,En agglomération,Intersection en T,Normale,Deux véhicules - arrière,,,,,,,,,,,1,2,3,1,2
200800064437,0008-11-29 10:30:00,8,11,29,10,30,350,93,"49, FEART (BOULEVARD)",,,Plein jour,En agglomération,Hors intersection,Normale,Deux véhicules - côté,,,,,,,,,,,1,2,1,1,3
200800064438,0008-11-02 00:08:00,8,11,2,0,8,360,44,REPUBLIQUE (RUE DE LA),,,Nuit avec éclairage allumé,En agglomération,Intersection en X,Normale,Deux véhicules - côté,,,,,,,,,,,5,2,2,1,3
200800064439,0008-11-05 17:33:00,8,11,5,17,33,360,159,VARENNES (ROUTE DE),,,Crépuscule ou aube,Hors agglomération,Intersection en T,Pluie légère,Deux véhicules - côté,,,,,,,,,,,2,1,3,2,3
200800064440,0008-11-13 18:25:00,8,11,13,18,25,360,44,"71, STRASBOURG (DE)",,,Nuit avec éclairage allumé,En agglomération,Intersection en T,Normale,Deux véhicules - arrière,,,,,,,,,,,5,2,3,1,2
200800064441,0008-11-16 19:45:00,8,11,16,19,45,360,44,"4, 1945 (DU 8 MAI)",,,Nuit avec éclairage allumé,En agglomération,Hors intersection,Normale,Deux véhicules - frontale,,,,,,,,,,,5,2,1,1,1
200800064442,0008-11-21 15:38:00,8,11,21,15,38,360,44,"104 TER, ETATS-UNIS (RUE",,,Plein jour,En agglomération,Hors intersection,Temps couvert,Autre collision,,,,,,,,,,,1,2,1,8,6
200800064443,0008-11-20 19:12:00,8,11,20,19,12,360,44,ARGENTON (AV D'),,,Nuit avec éclairage allumé,En agglomération,Intersection en T,Temps couvert,Autre collision,,,,,,,,,,,5,2,3,8,6
200800064444,0008-11-27 08:07:00,8,11,27,8,7,360,44,"50, VRILLE (BD DE LA)",,,Plein jour,En agglomération,Intersection en T,Normale,Autre collision,,,,,,,,,,,1,2,3,1,6
200800064445,0008-11-27 18:05:00,8,11,27,18,5,360,44,"1, LEMOINE (AV MARCEL) D",,,Nuit avec éclairage allumé,En agglomération,Hors intersection,Normale,Autre collision,,,,,,,,,,,5,2,1,1,6
200800064446,0008-11-02 12:10:00,8,11,2,12,10,360,63,ANCIENS COMBATTANTS (RON,,,Plein jour,Hors agglomération,Hors intersection,Pluie légère,Autre collision,,,,,,,,,,,1,1,1,2,6
200800064447,0008-11-02 18:00:00,8,11,2,18,0,360,44,"5, CHAIX (NAPOLEON)",,,Plein jour,En agglomération,Hors intersection,Pluie légère,Autre collision,,,,,,,,,,,1,2,1,2,6
200800064448,0008-11-02 20:00:00,8,11,2,20,0,360,44,BRYAS (BD DE),,,Nuit avec éclairage allumé,En agglomération,Intersection en T,Pluie légère,Deux véhicules - côté,,,,,,,,,,,5,2,3,2,3
200800064449,0008-11-03 07:18:00,8,11,3,7,18,360,63,"1, HENNEQUIN (AV GEORGES",,,Crépuscule ou aube,En agglomération,Hors intersection,Pluie légère,Sans collision,,,,,,,,,,,2,2,1,2,7
200800064450,0008-11-04 15:10:00,8,11,4,15,10,360,44,"59, CAZALA (ROGER)",,,Plein jour,En agglomération,Hors intersection,Normale,Deux véhicules - côté,,,,,,,,,,,1,2,1,1,3
200800064451,0008-11-06 18:40:00,8,11,6,18,40,360,44,DE GAULLE (AVENUE DU GEN,,,Nuit avec éclairage allumé,En agglomération,Hors intersection,Pluie légère,Autre collision,,,,,,,,,,,5,2,1,2,6
200800064452,0008-11-14 12:38:00,8,11,14,12,38,360,63,RUE CLEMENT ADER,,,Plein jour,Hors agglomération,Intersection en T,Temps couvert,Deux véhicules - côté,,,,,,,,,,,1,1,3,8,3
200800064453,0008-11-14 12:41:00,8,11,14,12,41,360,44,AMPERE,,,Plein jour,En agglomération,Intersection en T,Normale,Deux véhicules - arrière,,,,,,,,,,,1,2,3,1,2
200800064454,0008-11-18 09:56:00,8,11,18,9,56,360,44,"26, DELACROIX (EUGENE)",,,Plein jour,En agglomération,Hors intersection,Normale,Autre collision,,,,,,,,,,,1,2,1,1,6
200800064455,0008-11-19 07:20:00,8,11,19,7,20,360,159,VELLES ( ROUTE DE ),,,Nuit avec éclairage allumé,Hors agglomération,Intersection en X,Normale,Deux véhicules - côté,,,,,,,,,,,5,1,2,1,3
200800064456,0008-11-19 20:30:00,8,11,19,20,30,360,44,CONCORDE (DE LA),,,Nuit avec éclairage allumé,En agglomération,Intersection en T,Normale,Autre collision,,,,,,,,,,,5,2,3,1,6
200800064457,0008-11-23 00:07:00,8,11,23,0,7,360,44,ARGENTON (AV D'),,,Nuit avec éclairage allumé,En agglomération,Hors intersection,Normale,Autre collision,,,,,,,,,,,5,2,1,1,6
200800064458,0008-11-25 08:00:00,8,11,25,8,0,360,44,"2, DALPHONSE (DU PREFET)",,,Plein jour,En agglomération,Hors intersection,Normale,Autre collision,,,,,,,,,,,1,2,1,1,6
200800064459,0008-11-28 12:17:00,8,11,28,12,17,360,159,CHENAIE (ROUTE) R.D. N°,,,Plein jour,Hors agglomération,Intersection en T,Normale,Deux véhicules - arrière,,,,,,,,,,,1,1,3,1,2
200800064460,0008-11-04 08:15:00,8,11,4,8,15,370,195,PRIEURE (AVENUE DU),,,Plein jour,En agglomération,Giratoire,Normale,Deux véhicules - côté,,,,,,,,,,,1,2,6,1,3
200800064461,0008-11-06 00:01:00,8,11,6,0,1,370,261,DANEMARK (AVENUE DU),,,Nuit avec éclairage allumé,En agglomération,Giratoire,Temps couvert,Sans collision,,,,,,,,,,,5,2,6,8,7
200800064462,0008-11-06 22:40:00,8,11,6,22,40,370,261,"104, TRANCHEE (AVENUE DE",,,Nuit avec éclairage allumé,En agglomération,Hors intersection,Temps couvert,Deux véhicules - côté,,,,,,,,,,,5,2,1,8,3
200800064463,0008-11-04 10:45:00,8,11,4,10,45,370,208,BEAUGAILLARD (AVENUE),,,Plein jour,En agglomération,Intersection en X,Normale,Deux véhicules - côté,,,,,,,,,,,1,2,2,1,3
200800064464,0008-11-03 15:30:00,8,11,3,15,30,370,122,DOUZILLIERE (RUE DE LA),,,Plein jour,En agglomération,Intersection en T,Normale,Sans collision,,,,,,,,,,,1,2,3,1,7
200800064465,0008-11-20 12:50:00,8,11,20,12,50,370,261,JUIN (BOULEVARD DU MAREC,,,Plein jour,En agglomération,Intersection en X,Normale,Autre collision,,,,,,,,,,,1,2,2,1,6
200800064466,0008-11-25 21:40:00,8,11,25,21,40,370,261,MERIEUX (AVENUE MARCEL),,,Nuit avec éclairage allumé,En agglomération,Intersection en T,Normale,Deux véhicules - côté,,,,,,,,,,,5,2,3,1,3
200800064467,0008-11-04 14:28:00,8,11,4,14,28,370,122,MARTYRS (RUE DES),,,Plein jour,En agglomération,Intersection en X,Normale,Autre collision,,,,,,,,,,,1,2,2,1,6
200800064468,0008-11-14 08:45:00,8,11,14,8,45,370,261,MAINE (RUE DU),,,Plein jour,En agglomération,Intersection en T,Temps couvert,Deux véhicules - côté,,,,,,,,,,,1,2,3,8,3
200800064469,0008-11-16 20:35:00,8,11,16,20,35,380,53,"00, LYON (ROUTE DE LYON",,,Nuit avec éclairage allumé,En agglomération,Autre intersection,Pluie légère,Deux véhicules - côté,,,,,,,,,,,5,2,9,2,3
200800064470,0008-11-27 07:05:00,8,11,27,7,5,380,53,"00, SAINT MARCEL BEL ACC",,,Crépuscule ou aube,Hors agglomération,Hors intersection,Brouillard / fumée,Deux véhicules - frontale,,,,,,,,,,,2,1,1,5,1
200800064471,0008-11-07 13:30:00,8,11,7,13,30,380,185,"169, RUE DE STALINGRAD",,,Plein jour,En agglomération,Hors intersection,Normale,Autre collision,,,,,,,,,,,1,2,1,1,6
200800064472,0008-11-09 22:30:00,8,11,9,22,30,380,185,"00, RUE IRVOY",,,Nuit avec éclairage allumé,En agglomération,Hors intersection,Normale,Deux véhicules - côté,,,,,,,,,,,5,2,1,1,3
200800064473,0008-11-10 08:15:00,8,11,10,8,15,380,169,"14, MAIL MARCEL CACHIN",,,Plein jour,En agglomération,Intersection en X,Normale,Deux véhicules - côté,,,,,,,,,,,1,2,2,1,3
200800064474,0008-11-12 11:50:00,8,11,12,11,50,380,516,"00, BOULEVARD DE LA CHAN",,,Plein jour,En agglomération,Hors intersection,Pluie légère,Deux véhicules - arrière,,,,,,,,,,,1,2,1,2,2
200800064475,0008-11-19 07:50:00,8,11,19,7,50,380,185,"00, RUE THIERS",,,Plein jour,En agglomération,Hors intersection,Normale,Deux véhicules - côté,,,,,,,,,,,1,2,1,1,3
200800064476,0008-11-22 16:00:00,8,11,22,16,0,380,151,"00, RUE DU GRAND VEYMONT",,,Plein jour,En agglomération,Intersection en X,Normale,Deux véhicules - côté,,,,,,,,,,,1,2,2,1,3
200800064477,0008-11-24 13:00:00,8,11,24,13,0,380,185,"00, ALLÉE DES DEUX-MONDE",,,Plein jour,En agglomération,Intersection en X,Pluie légère,Deux véhicules - côté,,,,,,,,,,,1,2,2,2,3
200800064478,0008-11-25 16:00:00,8,11,25,16,0,380,185,"00, RUE LESDIGUIÈRES",,,Plein jour,En agglomération,Hors intersection,Pluie légère,Autre collision,,,,,,,,,,,1,2,1,2,6
200800064479,0008-11-25 20:45:00,8,11,25,20,45,380,185,"56, AVENUE MARCELIN BERT",,,Nuit avec éclairage allumé,En agglomération,Hors intersection,Normale,Deux véhicules - côté,,,,,,,,,,,5,2,1,1,3
200800064480,0008-11-27 08:00:00,8,11,27,8,0,380,185,"00, RUE ANDRÉ RIVOIRE",,,Plein jour,En agglomération,Hors intersection,Normale,Autre collision,,,,,,,,,,,1,2,1,1,6
200800064481,0008-11-17 08:05:00,8,11,17,8,5,380,544,FREDERIC MISTRAL(QUAI),,,Crépuscule ou aube,En agglomération,Hors intersection,Pluie légère,Autre collision,,,,,,,,,,,2,2,1,2,6
200800064482,0008-11-27 19:10:00,8,11,27,19,10,380,544,"96, ST MARCEL(MONTEE)",,,Nuit avec éclairage allumé,En agglomération,Hors intersection,Normale,Autre collision,,,,,,,,,,,5,2,1,1,6
200800064483,0008-11-29 04:50:00,8,11,29,4,50,390,198,"0, LAHR (AVENUE DE)",,,Nuit avec éclairage allumé,En agglomération,Hors intersection,Brouillard / fumée,Autre collision,,,,,,,,,,,5,2,1,5,6
200800064484,0008-11-02 19:25:00,8,11,2,19,25,390,198,"0, LAHR (AVENUE DE)",,,Nuit avec éclairage allumé,En agglomération,Hors intersection,Normale,Autre collision,,,,,,,,,,,5,2,1,1,6
200800064485,0008-11-18 12:25:00,8,11,18,12,25,390,198,"57, POMPIDOU (AVENUE GEO",,,Plein jour,En agglomération,Intersection en X,Pluie légère,Deux véhicules - côté,,,,,,,,,,,1,2,2,2,3
200800064486,0008-11-03 18:42:00,8,11,3,18,42,390,362,"0, MAILLOT (AVENUE) N° I",,,Nuit avec éclairage allumé,En agglomération,Hors intersection,Normale,Autre collision,,,,,,,,,,,5,2,1,1,6
200800064487,0008-11-26 18:15:00,8,11,26,18,15,400,88,MANOIR (BOULEVARD YVES D,,,Nuit avec éclairage allumé,En agglomération,Hors intersection,Normale,Deux véhicules - frontale,,,,,,,,,,,5,2,1,1,1
200800064488,0008-11-10 12:10:00,8,11,10,12,10,400,88,EVECHE (RUE DE L'),,,Plein jour,En agglomération,Hors intersection,Normale,Autre collision,,,,,,,,,,,1,2,1,1,6
200800064489,0008-11-20 19:30:00,8,11,20,19,30,400,192,"13, LACOSTE (BD JEAN)",,,Nuit avec éclairage allumé,En agglomération,Intersection en X,Normale,Deux véhicules - côté,,,,,,,,,,,5,2,2,1,3
200800064490,0008-11-22 11:20:00,8,11,22,11,20,400,192,MAI 1945  (RUE DU 8),,,Plein jour,En agglomération,Intersection en X,Normale,Autre collision,,,,,,,,,,,1,2,2,1,6
200800064491,0008-11-28 11:50:00,8,11,28,11,50,400,192,"285, CUTLER (RUE ALBERT)",,,Plein jour,En agglomération,Hors intersection,Normale,Deux véhicules - côté,,,,,,,,,,,1,2,1,1,3
200800064492,0008-11-02 15:32:00,8,11,2,15,32,410,18,NAU (RUE ROBERT),,,Plein jour,En agglomération,Intersection en X,Pluie forte,Deux véhicules - côté,,,,,,,,,,,1,2,2,3,3
200800064493,0008-11-04 19:00:00,8,11,4,19,0,410,47,N152,,,Nuit avec éclairage allumé,En agglomération,Hors intersection,Normale,Deux véhicules - frontale,,,,,,,,,,,5,2,1,1,1
200800064494,0008-11-06 08:05:00,8,11,6,8,5,410,18,BOURG NEUF (RUE DU),,,Plein jour,En agglomération,Hors intersection,Normale,Deux véhicules - côté,,,,,,,,,,,1,2,1,1,3
200800064495,0008-11-07 20:27:00,8,11,7,20,27,410,18,CHATEAUDUN (AVENUE DE),,,Nuit avec éclairage allumé,En agglomération,Hors intersection,Normale,Deux véhicules - arrière,,,,,,,,,,,5,2,1,1,2
200800064496,0008-11-13 16:30:00,8,11,13,16,30,410,18,CHATEAU-RENAULT (ROUTE D,,,Plein jour,En agglomération,Hors intersection,Normale,Deux véhicules - arrière,,,,,,,,,,,1,2,1,1,2
200800064497,0008-11-14 15:10:00,8,11,14,15,10,410,18,BOURG NEUF (RUE DU),,,Plein jour,En agglomération,Hors intersection,Normale,Deux véhicules - arrière,,,,,,,,,,,1,2,1,1,2
200800064498,0008-11-15 13:25:00,8,11,15,13,25,410,212,D 956,,,Plein jour,Hors agglomération,Hors intersection,Temps couvert,Deux véhicules - arrière,,,,,,,,,,,1,1,1,8,2
200800064499,0008-11-15 16:00:00,8,11,15,16,0,410,18,MAUNOURY (AVENUE DU MARE,,,Plein jour,En agglomération,Hors intersection,Temps couvert,Autre collision,,,,,,,,,,,1,2,1,8,6
200800064500,0008-11-22 18:10:00,8,11,22,18,10,410,212,PERRIERES (RUE DES),,,Nuit avec éclairage allumé,En agglomération,Hors intersection,Normale,Trois véhicules et plus - en chaîne,,,,,,,,,,,5,2,1,1,4