accident_id,datetime,annee,mois,jour,heure,minute,departement,commune_insee,adresse,latitude,longitude,luminosite,agglomeration,intersection,meteo,collision,nb_vehicules,nb_usagers,nb_indemnes,nb_tues,nb_blesses_hosp,nb_blesses_legers,age_cond_1,age_cond_2,veh_type_cond_1,veh_type_cond_2,lum_code,agg_code,int_code,atm_code,col_code
200800064501,0008-11-26 07:25:00,8,11,26,7,25,410,18,GENTIL (BOULEVARD RENE),,,Nuit sans éclairage public,En agglomération,Hors intersection,Normale,Sans collision,,,,,,,,,,,3,2,1,1,7
200800064502,0008-11-18 13:25:00,8,11,18,13,25,410,18,ANCIENNE DES HAUTES GRAN,,,Plein jour,En agglomération,Hors intersection,Pluie légère,Autre collision,,,,,,,,,,,1,2,1,2,6
200800064503,0008-11-21 10:50:00,8,11,21,10,50,410,18,CHATEAUBRIAND (RUE DE),,,Plein jour,En agglomération,Intersection en T,Pluie légère,Deux véhicules - côté,,,,,,,,,,,1,2,3,2,3
200800064504,0008-11-30 18:20:00,8,11,30,18,20,410,212,D 956,,,Nuit sans éclairage public,Hors agglomération,Hors intersection,Pluie légère,Deux véhicules - arrière,,,,,,,,,,,3,1,1,2,2
200800064505,0008-11-09 00:15:00,8,11,9,0,15,410,226,"., RN 10",,,Nuit avec éclairage allumé,En agglomération,Giratoire,Temps couvert,Sans collision,,,,,,,,,,,5,2,6,8,7
200800064506,0008-11-02 18:50:00,8,11,2,18,50,410,269,"., ROCHAMBELLES (CARREFO",,,Nuit avec éclairage allumé,En agglomération,Giratoire,Pluie légère,Sans collision,,,,,,,,,,,5,2,6,2,7
200800064507,0008-11-13 17:30:00,8,11,13,17,30,410,269,"., INDUSTRIE (BOULEVARD",,,Crépuscule ou aube,En agglomération,Intersection en T,Normale,Deux véhicules - côté,,,,,,,,,,,2,2,3,1,3
200800064508,0008-11-15 15:15:00,8,11,15,15,15,410,269,"20, INDUSTRIE (BOULEVARD",,,Plein jour,En agglomération,Intersection en T,Normale,Deux véhicules - frontale,,,,,,,,,,,1,2,3,1,1
200800064509,0008-11-24 12:55:00,8,11,24,12,55,410,269,"., KENNEDY (BOULEVARD DU",,,Plein jour,En agglomération,Hors intersection,Normale,Deux véhicules - côté,,,,,,,,,,,1,2,1,1,3
200800064510,0008-11-08 11:30:00,8,11,8,11,30,420,95,"5, LIMOUZIN (RUE)",45.38972,4.28973,Plein jour,En agglomération,Intersection en T,Normale,Autre collision,,,,,,,,,,,1,2,3,1,6
200800064511,0008-11-20 07:23:00,8,11,20,7,23,420,316,CD 3,45.41052,4.2954,Crépuscule ou aube,En agglomération,Hors intersection,Temps couvert,Deux véhicules - côté,,,,,,,,,,,2,2,1,8,3
200800064512,0008-11-10 16:45:00,8,11,10,16,45,420,95,CD 3,45.397,4.29126,Plein jour,En agglomération,Hors intersection,Normale,Deux véhicules - côté,,,,,,,,,,,1,2,1,1,3
200800064513,0008-11-23 15:20:00,8,11,23,15,20,420,44,"1, PARC (AVENUE DU)",45.38858,4.32001,Plein jour,En agglomération,Hors intersection,Normale,Deux véhicules - frontale,,,,,,,,,,,1,2,1,1,1
200800064514,0008-11-26 10:25:00,8,11,26,10,25,420,147,"18, MARCHE (RUE DU)",45.61009,4.06809,Plein jour,En agglomération,Hors intersection,Normale,Autre collision,,,,,,,,,,,1,2,1,1,6
200800064515,0008-11-25 10:00:00,8,11,25,10,0,420,259,"18, SAINT GENIS ROUTE DE",,,Plein jour,En agglomération,Hors intersection,Pluie légère,Autre collision,,,,,,,,,,,1,2,1,2,6
200800064516,0008-11-04 18:16:00,8,11,4,18,16,420,184,"15, GALLIENI JOSEPH (AVE",,,Crépuscule ou aube,En agglomération,Hors intersection,Normale,Deux véhicules - frontale,,,,,,,,,,,2,2,1,1,1
200800064517,0008-11-10 13:00:00,8,11,10,13,0,420,187,"86, DOURDEIN (RUE AUGUST",,,Plein jour,En agglomération,Hors intersection,Normale,Autre collision,,,,,,,,,,,1,2,1,1,6
200800064518,0008-11-10 13:01:00,8,11,10,13,1,420,187,"21, GAMBETTA (AVENUE)",46.0403,4.05354,Plein jour,En agglomération,Intersection en T,Normale,Deux véhicules - côté,,,,,,,,,,,1,2,3,1,3
200800064519,0008-11-14 12:35:00,8,11,14,12,35,420,187,"63, SAMPAIX  (RUE LUCIEN",,,Plein jour,En agglomération,Intersection en T,Normale,Deux véhicules - côté,,,,,,,,,,,1,2,3,1,3
200800064520,0008-11-18 10:00:00,8,11,18,10,0,420,71,"20, PARMENTIER (RUE ANTO",,,Plein jour,En agglomération,Hors intersection,Normale,Deux véhicules - arrière,,,,,,,,,,,1,2,1,1,2
200800064521,0008-11-18 20:00:00,8,11,18,20,0,420,187,"1, ALSACE - LORRAINE (RU",,,Nuit avec éclairage allumé,En agglomération,Giratoire,Normale,Deux véhicules - côté,,,,,,,,,,,5,2,6,1,3
200800064522,0008-11-21 17:10:00,8,11,21,17,10,420,187,"20, CANAL (QUAI DU )",,,Crépuscule ou aube,En agglomération,Hors intersection,Pluie légère,Deux véhicules - côté,,,,,,,,,,,2,2,1,2,3
200800064523,0008-11-22 18:15:00,8,11,22,18,15,420,71,COMMELLE (ROUTE DE ),,,Crépuscule ou aube,En agglomération,Intersection en X,Pluie légère,Deux véhicules - côté,,,,,,,,,,,2,2,2,2,3
200800064524,0008-11-26 12:45:00,8,11,26,12,45,420,187,"64, BOCHARD (RUE CLAUDE)",,,Plein jour,En agglomération,Hors intersection,Normale,Deux véhicules - arrière,,,,,,,,,,,1,2,1,1,2
200800064525,0008-11-26 17:20:00,8,11,26,17,20,420,71,DE GAULLE (BOULEVARD CHA,,,Nuit avec éclairage allumé,En agglomération,Hors intersection,Normale,Deux véhicules - côté,,,,,,,,,,,5,2,1,1,3
200800064526,0008-11-29 19:15:00,8,11,29,19,15,420,71,"6, LIBERATION (AVENUE DE",,,Nuit avec éclairage allumé,En agglomération,Hors intersection,Pluie forte,Autre collision,,,,,,,,,,,5,2,1,3,6
200800064527,0008-11-25 14:30:00,8,11,25,14,30,420,207,"4, SAINT ETIENNE RUE",,,Plein jour,En agglomération,Intersection en X,Normale,Deux véhicules - côté,,,,,,,,,,,1,2,2,1,3
200800064528,0008-11-01 18:00:00,8,11,1,18,0,420,218,"115, MONTAT (DE LA) A PA",,,Nuit avec éclairage allumé,En agglomération,Intersection en X,Pluie forte,Deux véhicules - côté,,,,,,,,,,,5,2,2,3,3
200800064529,0008-11-03 10:30:00,8,11,3,10,30,420,218,POINTE CADET A PARTIR N°,,,Plein jour,En agglomération,Intersection en T,Normale,Autre collision,,,,,,,,,,,1,2,3,1,6
200800064530,0008-11-04 04:54:00,8,11,4,4,54,420,218,RHIN ET DANUBE (BOULEVAR,45.26704,4.21974,Nuit sans éclairage public,En agglomération,Intersection en X,Normale,Deux véhicules - côté,,,,,,,,,,,3,2,2,1,3
200800064531,0008-11-05 10:40:00,8,11,5,10,40,420,218,"3, GRIGNARD VICTOR JUSQU",45.27706,4.2394,Plein jour,En agglomération,Autre intersection,Normale,Deux véhicules - côté,,,,,,,,,,,1,2,9,1,3
200800064532,0008-11-05 22:40:00,8,11,5,22,40,420,218,MARX KARL (BOULEVARD) A,,,Nuit avec éclairage allumé,En agglomération,Intersection en X,Normale,Deux véhicules - côté,,,,,,,,,,,5,2,2,1,3
200800064533,0008-11-06 09:26:00,8,11,6,9,26,420,275,MENDES FRANCE PIERRE (AV,,,Plein jour,En agglomération,Intersection en T,Normale,Deux véhicules - arrière,,,,,,,,,,,1,2,3,1,2
200800064534,0008-11-06 15:07:00,8,11,6,15,7,420,218,"11, CUVIER",,,Plein jour,En agglomération,Intersection en T,Pluie légère,Autre collision,,,,,,,,,,,1,2,3,2,6
200800064535,0008-11-07 19:23:00,8,11,7,19,23,420,218,"00000001, GAUTHIER DUMON",,,Nuit avec éclairage allumé,En agglomération,Intersection en T,Normale,Deux véhicules - côté,,,,,,,,,,,5,2,3,1,3
200800064536,0008-11-08 12:30:00,8,11,8,12,30,420,330,CANUTS,,,Plein jour,En agglomération,Intersection en T,Normale,Deux véhicules - arrière,,,,,,,,,,,1,2,3,1,2
200800064537,0008-11-09 16:00:00,8,11,9,16,0,420,218,"32, PALLE (DE LA) A PART",,,Plein jour,En agglomération,Hors intersection,Normale,Deux véhicules - côté,,,,,,,,,,,1,2,1,1,3
200800064538,0008-11-11 16:00:00,8,11,11,16,0,420,218,DE GAULLE CHARLES,,,Plein jour,En agglomération,Intersection en X,Normale,Autre collision,,,,,,,,,,,1,2,2,1,6
200800064539,0008-11-12 10:03:00,8,11,12,10,3,420,330,NIAREE (CHEMIN),,,Plein jour,Hors agglomération,Hors intersection,Temps couvert,Deux véhicules - frontale,,,,,,,,,,,1,1,1,8,1
200800064540,0008-11-12 10:00:00,8,11,12,10,0,420,218,"30, CHARCOT DOCTEURS JUS",,,Plein jour,En agglomération,Hors intersection,Normale,Deux véhicules - côté,,,,,,,,,,,1,2,1,1,3
200800064541,0008-11-13 01:50:00,8,11,13,1,50,420,330,ROCADE OUEST,,,Nuit avec éclairage allumé,Hors agglomération,Hors intersection,Normale,Deux véhicules - arrière,,,,,,,,,,,5,1,1,1,2
200800064542,0008-11-13 18:15:00,8,11,13,18,15,420,218,"74, ALLIES JUSQU'AUX N°",,,Nuit avec éclairage allumé,En agglomération,Hors intersection,Normale,Deux véhicules - arrière,,,,,,,,,,,5,2,1,1,2
200800064543,0008-11-15 13:20:00,8,11,15,13,20,420,218,"8, ARCOLE A PARTIR DES N",,,Plein jour,En agglomération,Intersection en T,Normale,Deux véhicules - côté,,,,,,,,,,,1,2,3,1,3
200800064544,0008-11-15 18:55:00,8,11,15,18,55,420,218,KRUMNOW FREDO (BOULEVARD,45.26368,4.22725,Nuit avec éclairage allumé,En agglomération,Intersection en X,Normale,Deux véhicules - côté,,,,,,,,,,,5,2,2,1,3
200800064545,0008-11-16 11:00:00,8,11,16,11,0,420,189,Rond point de Dourdel,,,Plein jour,Hors agglomération,Giratoire,Pluie légère,Deux véhicules - côté,,,,,,,,,,,1,1,6,2,3
200800064546,0008-11-16 13:00:00,8,11,16,13,0,420,218,EPITALON DENIS,,,Plein jour,En agglomération,Intersection en T,Pluie légère,Deux véhicules - côté,,,,,,,,,,,1,2,3,2,3
200800064547,0008-11-19 18:10:00,8,11,19,18,10,420,218,"2, JANIN JULES (BD) JUSQ",,,Nuit avec éclairage allumé,En agglomération,Intersection en T,Normale,Autre collision,,,,,,,,,,,5,2,3,1,6
200800064548,0008-11-22 15:29:00,8,11,22,15,29,420,218,CHANTEGRILLET (ALLEE) A,,,Plein jour,En agglomération,Hors intersection,Pluie légère,Autre collision,,,,,,,,,,,1,2,1,2,6
200800064549,0008-11-22 17:35:00,8,11,22,17,35,420,275,LEO LAGRANGE,,,Nuit avec éclairage allumé,En agglomération,Hors intersection,Neige / grêle,Autre collision,,,,,,,,,,,5,2,1,4,6
200800064550,0008-11-22 18:22:00,8,11,22,18,22,420,218,"121, MONTAT (DE LA) A PA",,,Nuit avec éclairage allumé,En agglomération,Hors intersection,Neige / grêle,Deux véhicules - arrière,,,,,,,,,,,5,2,1,4,2
200800064551,0008-11-23 13:00:00,8,11,23,13,0,420,218,"10, DORNA ABBE",,,Plein jour,En agglomération,Intersection en T,Temps couvert,Autre collision,,,,,,,,,,,1,2,3,8,6
200800064552,0008-11-27 18:04:00,8,11,27,18,4,420,218,UNIVERSITE (DE L'),45.24978,4.24642,Nuit avec éclairage allumé,En agglomération,Intersection en T,Temps couvert,Autre collision,,,,,,,,,,,5,2,3,8,6
200800064553,0008-11-29 19:15:00,8,11,29,19,15,420,218,BERNARD MARTIN,45.26026,4.2277,Nuit avec éclairage allumé,En agglomération,Intersection en X,Pluie légère,Autre collision,,,,,,,,,,,5,2,2,2,6
200800064554,0008-11-30 15:22:00,8,11,30,15,22,420,218,"2, GRIS DE LIN (DU)",,,Plein jour,En agglomération,Intersection en T,Normale,Trois véhicules et plus - en chaîne,,,,,,,,,,,1,2,3,1,4
200800064555,0008-11-06 17:40:00,8,11,6,17,40,430,157,ALLENDE ( AVENUE SALVADO,,,Nuit avec éclairage allumé,En agglomération,Hors intersection,Normale,Autre collision,,,,,,,,,,,5,2,1,1,6
200800064556,0008-11-12 11:36:00,8,11,12,11,36,430,157,CHANTEMESSE (BD DR.ANDRE,,,Plein jour,En agglomération,Intersection en T,Temps couvert,Deux véhicules - côté,,,,,,,,,,,1,2,3,8,3
200800064557,0008-11-02 15:05:00,8,11,2,15,5,440,135,"1, L'HERMINIER ( QUAI DU",,,Plein jour,En agglomération,Hors intersection,Normale,Deux véhicules - côté,,,,,,,,,,,1,2,1,1,3
200800064558,0008-11-03 15:10:00,8,11,3,15,10,440,132,"24, GRAVELAIS (AVENUE)",,,Plein jour,En agglomération,Hors intersection,Normale,Deux véhicules - frontale,,,,,,,,,,,1,2,1,1,1
200800064559,0008-11-04 08:50:00,8,11,4,8,50,440,55,"20, SOHIER ( AVENUE JEAN",,,Plein jour,En agglomération,Hors intersection,Normale,Autre collision,,,,,,,,,,,1,2,1,1,6
200800064560,0008-11-19 11:15:00,8,11,19,11,15,440,55,"27, DUBOIS ( BOULEVARD D",,,Plein jour,En agglomération,Intersection en T,Normale,Deux véhicules - côté,,,,,,,,,,,1,2,3,1,3
200800064561,0008-11-21 10:20:00,8,11,21,10,20,440,132,"60, GAULLE (AVENUE DU GÉ",,,Plein jour,En agglomération,Hors intersection,Normale,Sans collision,,,,,,,,,,,1,2,1,1,7
200800064562,0008-11-26 12:40:00,8,11,26,12,40,440,55,"45, MERMOZ ( AVENUE JEAN",,,Plein jour,En agglomération,Hors intersection,Normale,Deux véhicules - côté,,,,,,,,,,,1,2,1,1,3
200800064563,0008-11-01 16:40:00,8,11,1,16,40,440,109,"43, BOULEVARD DE DOULON",,,Plein jour,Hors agglomération,Hors intersection,Pluie légère,Deux véhicules - arrière,,,,,,,,,,,1,1,1,2,2
200800064564,0008-11-02 02:39:00,8,11,2,2,39,440,114,RN 137,,,Nuit sans éclairage public,Hors agglomération,Hors intersection,Autre,Sans collision,,,,,,,,,,,3,1,1,9,7
200800064565,0008-11-04 18:15:00,8,11,4,18,15,440,109,BOULEVARD DE LA PRAIRIE,,,Nuit sans éclairage public,En agglomération,Hors intersection,Normale,Autre collision,,,,,,,,,,,3,2,1,1,6
200800064566,0008-11-05 17:45:00,8,11,5,17,45,440,109,BOULEVARD LELASSEUR,,,Plein jour,En agglomération,Intersection en T,Normale,Deux véhicules - côté,,,,,,,,,,,1,2,3,1,3
200800064567,0008-11-06 09:40:00,8,11,6,9,40,440,162,"-, BOULEVARD FRANCOIS MI",,,Plein jour,En agglomération,Giratoire,Normale,Trois véhicules et plus - collisions multiples,,,,,,,,,,,1,2,6,1,5
200800064568,0008-11-06 13:35:00,8,11,6,13,35,440,190,BOULEVARD DES PAS ENCHAN,,,Plein jour,En agglomération,Hors intersection,Normale,Autre collision,,,,,,,,,,,1,2,1,1,6
200800064569,0008-11-06 22:30:00,8,11,6,22,30,440,109,ROND-POINT DE PARIS,,,Nuit avec éclairage allumé,En agglomération,Intersection en X,Normale,Deux véhicules - frontale,,,,,,,,,,,5,2,2,1,1
200800064570,0008-11-08 02:00:00,8,11,8,2,0,440,109,"01, BOULEVARD SALVADOR A",,,Nuit avec éclairage allumé,En agglomération,Hors intersection,Normale,Autre collision,,,,,,,,,,,5,2,1,1,6
200800064571,0008-11-07 15:27:00,8,11,7,15,27,440,109,"126 bis, ROUTE DE SAINTE",,,Plein jour,En agglomération,Hors intersection,Normale,Deux véhicules - côté,,,,,,,,,,,1,2,1,1,3
200800064572,0008-11-08 14:40:00,8,11,8,14,40,440,109,ROUTE DE LA CHAPELLE SUR,,,Plein jour,En agglomération,Intersection en X,Pluie légère,Deux véhicules - côté,,,,,,,,,,,1,2,2,2,3
200800064573,0008-11-10 00:20:00,8,11,10,0,20,440,109,"., COURS DES 50 OTAGES",,,Nuit avec éclairage allumé,En agglomération,Hors intersection,Pluie légère,Autre collision,,,,,,,,,,,5,2,1,2,6
200800064574,0008-11-07 09:25:00,8,11,7,9,25,440,162,RD 17A,,,Crépuscule ou aube,Hors agglomération,Hors intersection,Normale,Deux véhicules - côté,,,,,,,,,,,2,1,1,1,3
200800064575,0008-11-07 17:50:00,8,11,7,17,50,440,162,"-, CHEMIN DE LA PORCHELL",,,Nuit sans éclairage public,Hors agglomération,Hors intersection,Normale,Autre collision,,,,,,,,,,,3,1,1,1,6
200800064576,0008-11-07 19:55:00,8,11,7,19,55,440,109,BOULEVARD GASTON DOUMERG,,,Nuit avec éclairage allumé,En agglomération,Hors intersection,Normale,Deux véhicules - frontale,,,,,,,,,,,5,2,1,1,1
200800064577,0008-11-07 17:05:00,8,11,7,17,5,440,162,"1, PERIPHERIQUE EXTERIEU",,,Plein jour,Hors agglomération,Hors intersection,Normale,Deux véhicules - côté,,,,,,,,,,,1,1,1,1,3
200800064578,0008-11-09 18:25:00,8,11,9,18,25,440,114,"1, RUE DE LA CHAPELLE DE",,,Nuit avec éclairage allumé,En agglomération,Intersection en T,Normale,Deux véhicules - côté,,,,,,,,,,,5,2,3,1,3
200800064579,0008-11-12 18:10:00,8,11,12,18,10,440,109,BOULEVARD DE LA PRAIRIE,,,Nuit sans éclairage public,En agglomération,Hors intersection,Normale,Deux véhicules - côté,,,,,,,,,,,3,2,1,1,3
200800064580,0008-11-18 12:25:00,8,11,18,12,25,440,109,PLACE DE LA BOURSE,,,Plein jour,En agglomération,Intersection en X,Normale,Autre collision,,,,,,,,,,,1,2,2,1,6
200800064581,0008-11-13 14:00:00,8,11,13,14,0,440,109,"., BOULEVARD DE STALINGR",,,Plein jour,En agglomération,Intersection en T,Normale,Deux véhicules - côté,,,,,,,,,,,1,2,3,1,3
200800064582,0008-11-13 15:00:00,8,11,13,15,0,440,109,"42, RUE DU ROI BACO",,,Plein jour,En agglomération,Hors intersection,Normale,Autre collision,,,,,,,,,,,1,2,1,1,6
200800064583,0008-11-14 15:55:00,8,11,14,15,55,440,109,"., ROUTE DE PARIS",,,Plein jour,En agglomération,Intersection en T,Pluie légère,Deux véhicules - côté,,,,,,,,,,,1,2,3,2,3
200800064584,0008-11-14 20:20:00,8,11,14,20,20,440,109,BOULEVARD SAINT AIGNAN,,,Nuit avec éclairage allumé,En agglomération,Intersection en T,Pluie légère,Deux véhicules - côté,,,,,,,,,,,5,2,3,2,3
200800064585,0008-11-15 18:20:00,8,11,15,18,20,440,109,"1, BOULEVARD GENERAL DE",,,Crépuscule ou aube,En agglomération,Hors intersection,Normale,Autre collision,,,,,,,,,,,2,2,1,1,6
200800064586,0008-11-13 16:50:00,8,11,13,16,50,440,143,"1, LE CORBUSIER (BOUL.)",,,Plein jour,En agglomération,Hors intersection,Normale,Autre collision,,,,,,,,,,,1,2,1,1,6
200800064587,0008-11-14 18:10:00,8,11,14,18,10,440,162,RN444,,,Nuit sans éclairage public,Hors agglomération,Hors intersection,Pluie légère,Trois véhicules et plus - en chaîne,,,,,,,,,,,3,1,1,2,4
200800064588,0008-11-14 18:20:00,8,11,14,18,20,440,114,"79, AVENUE CLAUDE ANTOIN",,,Nuit avec éclairage allumé,En agglomération,Hors intersection,Normale,Autre collision,,,,,,,,,,,5,2,1,1,6
200800064589,0008-11-20 18:50:00,8,11,20,18,50,440,109,"32, RUE GENERAL BUAT",,,Nuit avec éclairage allumé,En agglomération,Hors intersection,Normale,Autre collision,,,,,,,,,,,5,2,1,1,6
200800064590,0008-11-19 13:00:00,8,11,19,13,0,440,162,"-, RUE JAMES COOK",,,Plein jour,En agglomération,Hors intersection,Normale,Autre collision,,,,,,,,,,,1,2,1,1,6
200800064591,0008-11-21 08:50:00,8,11,21,8,50,440,109,"57, AVENUE DU BOUT DES L",,,Plein jour,En agglomération,Hors intersection,Temps couvert,Deux véhicules - côté,,,,,,,,,,,1,2,1,8,3
200800064592,0008-11-21 15:40:00,8,11,21,15,40,440,109,ROUTE DE SAINTE LUCE,,,Plein jour,En agglomération,Hors intersection,Normale,Autre collision,,,,,,,,,,,1,2,1,1,6
200800064593,0008-11-21 11:00:00,8,11,21,11,0,440,109,BD MARTYRS N. DE LA RESI,,,Plein jour,En agglomération,Hors intersection,Pluie légère,Autre collision,,,,,,,,,,,1,2,1,2,6
200800064594,0008-11-21 18:05:00,8,11,21,18,5,440,109,"12, BOULEVARD JEAN XXIII",,,Nuit avec éclairage allumé,En agglomération,Hors intersection,Pluie légère,Autre collision,,,,,,,,,,,5,2,1,2,6
200800064595,0008-11-22 17:20:00,8,11,22,17,20,440,109,"., QUAI HOCHE",,,Nuit sans éclairage public,En agglomération,Hors intersection,Pluie légère,Sans collision,,,,,,,,,,,3,2,1,2,7
200800064596,0008-11-13 00:05:00,8,11,13,0,5,440,109,"114, RUE SAINT JACQUES",,,Nuit avec éclairage allumé,En agglomération,Hors intersection,Normale,Autre collision,,,,,,,,,,,5,2,1,1,6
200800064597,0008-11-01 11:35:00,8,11,1,11,35,440,109,"00, RUE PAUL BELLAMY",,,Plein jour,En agglomération,Hors intersection,Autre,Autre collision,,,,,,,,,,,1,2,1,9,6
200800064598,0008-11-25 09:12:00,8,11,25,9,12,440,190,"6, RUE HENRI MAINGUET",,,Plein jour,En agglomération,Hors intersection,Normale,Autre collision,,,,,,,,,,,1,2,1,1,6
200800064599,0008-11-26 18:00:00,8,11,26,18,0,440,162,PERIPHERIQUE INTERIEUR,,,Nuit avec éclairage non allumé,Hors agglomération,Hors intersection,Normale,Trois véhicules et plus - en chaîne,,,,,,,,,,,4,1,1,1,4
200800064600,0008-11-28 18:45:00,8,11,28,18,45,440,109,"13, BOULEVARD LELASSEUR",,,Nuit avec éclairage allumé,En agglomération,Hors intersection,Pluie légère,Trois véhicules et plus - en chaîne,,,,,,,,,,,5,2,1,2,4
200800064601,0008-11-27 13:35:00,8,11,27,13,35,440,162,"1, AVENUE DE LA POESIE",,,Plein jour,En agglomération,Hors intersection,Pluie légère,Sans collision,,,,,,,,,,,1,2,1,2,7
200800064602,0008-11-17 08:10:00,8,11,17,8,10,440,114,AVENUE DE LA MORLIERE,,,Crépuscule ou aube,En agglomération,Giratoire,Normale,Autre collision,,,,,,,,,,,2,2,6,1,6
200800064603,0008-11-26 11:40:00,8,11,26,11,40,440,109,"00, RUE EDGAR DEGAS",,,Nuit avec éclairage allumé,En agglomération,Hors intersection,Normale,Autre collision,,,,,,,,,,,5,2,1,1,6
200800064604,0008-11-19 13:45:00,8,11,19,13,45,440,109,"00, BOULEVARD PROFESSEUR",,,Plein jour,En agglomération,Hors intersection,Autre,Autre collision,,,,,,,,,,,1,2,1,9,6
200800064605,0008-11-04 11:40:00,8,11,4,11,40,440,184,LIBÉRATION (BOULEVARD DE,,,Plein jour,En agglomération,Intersection en X,Normale,Deux véhicules - arrière,,,,,,,,,,,1,2,2,1,2
200800064606,0008-11-04 17:15:00,8,11,4,17,15,440,184,"42, GUTENBERG (RUE JEAN)",,,Plein jour,En agglomération,Hors intersection,Normale,Deux véhicules - côté,,,,,,,,,,,1,2,1,1,3
200800064607,0008-11-04 17:30:00,8,11,4,17,30,440,184,RÉPUBLIQUE (AVENUE DE LA,,,Plein jour,En agglomération,Hors intersection,Normale,Autre collision,,,,,,,,,,,1,2,1,1,6
200800064608,0008-11-09 01:45:00,8,11,9,1,45,440,184,CRAN NEUF (ROUTE DE),,,Nuit avec éclairage non allumé,Hors agglomération,Hors intersection,Neige / grêle,Autre collision,,,,,,,,,,,4,1,1,4,6
200800064609,0008-11-09 23:45:00,8,11,9,23,45,440,184,"42, TRIGNAC (RUE DE)",,,Nuit avec éclairage allumé,En agglomération,Hors intersection,Vent fort / tempête,Deux véhicules - côté,,,,,,,,,,,5,2,1,6,3
200800064610,0008-11-11 14:00:00,8,11,11,14,0,440,184,LEFERME (BOULEVARD PAUL),,,Plein jour,En agglomération,Intersection en X,Normale,Deux véhicules - côté,,,,,,,,,,,1,2,2,1,3
200800064611,0008-11-12 16:10:00,8,11,12,16,10,440,184,"9, HALLUARD (RUE RENÉ)",,,Plein jour,En agglomération,Hors intersection,Normale,Deux véhicules - arrière,,,,,,,,,,,1,2,1,1,2
200800064612,0008-11-13 21:20:00,8,11,13,21,20,440,184,RD 492 DU RP OCÉANIS AU,,,Nuit avec éclairage allumé,En agglomération,Giratoire,Normale,Autre collision,,,,,,,,,,,5,2,6,1,6
200800064613,0008-11-19 10:45:00,8,11,19,10,45,440,184,GAUTIER (RUE HENRI) DU 2,,,Plein jour,En agglomération,Giratoire,Normale,Deux véhicules - côté,,,,,,,,,,,1,2,6,1,3
200800064614,0008-11-24 06:50:00,8,11,24,6,50,440,184,MAINE (RUE DU) DU 01 AU,,,Crépuscule ou aube,En agglomération,Intersection en X,Normale,Deux véhicules - côté,,,,,,,,,,,2,2,2,1,3
200800064615,0008-11-19 08:25:00,8,11,19,8,25,450,4,"761, GROS MOULIN (RUE DU",,,Plein jour,En agglomération,Hors intersection,Normale,Deux véhicules - côté,,,,,,,,,,,1,2,1,1,3
200800064616,0008-11-14 16:15:00,8,11,14,16,15,450,4,"96, MARECHAL JUIN (RUE)",,,Plein jour,En agglomération,Autre intersection,Normale,Deux véhicules - côté,,,,,,,,,,,1,2,9,1,3
200800064617,0008-11-02 21:55:00,8,11,2,21,55,450,302,"1075, COIN (RUE DE L'ORM",,,Plein jour,En agglomération,Hors intersection,Normale,Deux véhicules - frontale,,,,,,,,,,,1,2,1,1,1
200800064618,0008-11-04 09:40:00,8,11,4,9,40,450,284,PAPIN (AVENUE DENIS ),,,Plein jour,En agglomération,Intersection en T,Normale,Deux véhicules - arrière,,,,,,,,,,,1,2,3,1,2
200800064619,0008-11-05 10:22:00,8,11,5,10,22,450,234,FORT ALLEAUME (QUAI DU ),,,Plein jour,En agglomération,Hors intersection,Pluie légère,Autre collision,,,,,,,,,,,1,2,1,2,6
200800064620,0008-11-05 17:55:00,8,11,5,17,55,450,234,MARTIN (BOULEVARD ALEXAN,,,Nuit avec éclairage allumé,En agglomération,Hors intersection,Pluie légère,Deux véhicules - côté,,,,,,,,,,,5,2,1,2,3
200800064621,0008-11-09 19:00:00,8,11,9,19,0,450,284,"15, LECLERC (AVENUE DU G",,,Nuit avec éclairage allumé,En agglomération,Hors intersection,Pluie légère,Autre collision,,,,,,,,,,,5,2,1,2,6
200800064622,0008-11-08 18:40:00,8,11,8,18,40,450,234,THINAT (PONT RENE),,,Nuit avec éclairage allumé,En agglomération,Hors intersection,Pluie légère,Autre collision,,,,,,,,,,,5,2,1,2,6
200800064623,0008-11-12 21:25:00,8,11,12,21,25,450,75,ORENTAY (RUE D'ORENTAY),,,Nuit avec éclairage allumé,En agglomération,Intersection en X,Normale,Deux véhicules - côté,,,,,,,,,,,5,2,2,1,3
200800064624,0008-11-13 16:10:00,8,11,13,16,10,450,147,DESSAUX (RUE ANDRE DESSA,,,Plein jour,En agglomération,Intersection en X,Normale,Deux véhicules - côté,,,,,,,,,,,1,2,2,1,3
200800064625,0008-11-13 14:15:00,8,11,13,14,15,450,234,TOURS (RUE DE),,,Plein jour,En agglomération,Hors intersection,Normale,Deux véhicules - côté,,,,,,,,,,,1,2,1,1,3
200800064626,0008-11-14 07:50:00,8,11,14,7,50,450,147,RN 60,,,Plein jour,En agglomération,Hors intersection,Normale,Deux véhicules - arrière,,,,,,,,,,,1,2,1,1,2
200800064627,0008-11-14 11:55:00,8,11,14,11,55,450,234,VIGNAT (RUE EUGENE),,,Plein jour,En agglomération,Hors intersection,Normale,Deux véhicules - côté,,,,,,,,,,,1,2,1,1,3
200800064628,0008-11-14 17:10:00,8,11,14,17,10,450,234,"3, SAINT CHARLES (PLACE",,,Crépuscule ou aube,En agglomération,Hors intersection,Pluie légère,Autre collision,,,,,,,,,,,2,2,1,2,6
200800064629,0008-11-15 00:40:00,8,11,15,0,40,450,234,"90, BINOCHE (RUE DE LA)",,,Nuit avec éclairage allumé,En agglomération,Hors intersection,Brouillard / fumée,Sans collision,,,,,,,,,,,5,2,1,5,7