accident_id,datetime,annee,mois,jour,heure,minute,departement,commune_insee,adresse,latitude,longitude,luminosite,agglomeration,intersection,meteo,collision,nb_vehicules,nb_usagers,nb_indemnes,nb_tues,nb_blesses_hosp,nb_blesses_legers,age_cond_1,age_cond_2,veh_type_cond_1,veh_type_cond_2,lum_code,agg_code,int_code,atm_code,col_code
200800064630,0008-11-16 19:55:00,8,11,16,19,55,450,234,"1, POINCARE (RUE HENRI)",,,Nuit avec éclairage allumé,En agglomération,Hors intersection,Normale,Deux véhicules - arrière,,,,,,,,,,,5,2,1,1,2
200800064631,0008-11-17 08:35:00,8,11,17,8,35,450,75,"57, BLOIS (ROUTE DE BLOI",,,Plein jour,En agglomération,Hors intersection,Pluie légère,Deux véhicules - côté,,,,,,,,,,,1,2,1,2,3
200800064632,0008-11-17 09:30:00,8,11,17,9,30,450,234,"105, FAUBOURG MADELEINE",,,Plein jour,En agglomération,Intersection en T,Pluie légère,Deux véhicules - côté,,,,,,,,,,,1,2,3,2,3
200800064633,0008-11-18 14:00:00,8,11,18,14,0,450,234,BALZAC (RUE HONORE DE),,,Plein jour,En agglomération,Intersection en T,Pluie légère,Deux véhicules - côté,,,,,,,,,,,1,2,3,2,3
200800064634,0008-11-22 09:20:00,8,11,22,9,20,450,234,"13, FIL SOIE (RUE )",,,Plein jour,En agglomération,Intersection en X,Normale,Deux véhicules - côté,,,,,,,,,,,1,2,2,1,3
200800064635,0008-11-20 13:25:00,8,11,20,13,25,450,234,"8 bis, BOLIERE (RUE DE L",,,Plein jour,En agglomération,Hors intersection,Normale,Autre collision,,,,,,,,,,,1,2,1,1,6
200800064636,0008-11-25 10:40:00,8,11,25,10,40,450,169,"16, LECOMTE (RUE EMILE)",,,Plein jour,En agglomération,Hors intersection,Normale,Deux véhicules - côté,,,,,,,,,,,1,2,1,1,3
200800064637,0008-11-27 16:45:00,8,11,27,16,45,450,147,"---, ZAY (PLACE JEAN ZAY",,,Plein jour,Hors agglomération,Hors intersection,Normale,Deux véhicules - côté,,,,,,,,,,,1,1,1,1,3
200800064638,0008-11-26 19:05:00,8,11,26,19,5,450,302,"680, ROUTE NATIONALE 20",,,Nuit avec éclairage allumé,En agglomération,Hors intersection,Normale,Deux véhicules - côté,,,,,,,,,,,5,2,1,1,3
200800064639,0008-11-29 22:00:00,8,11,29,22,0,450,234,SECRETAIN (AVENUE ROGER),,,Nuit avec éclairage allumé,En agglomération,Intersection en X,Normale,Trois véhicules et plus - collisions multiples,,,,,,,,,,,5,2,2,1,5
200800064640,0008-11-29 18:06:00,8,11,29,18,6,450,234,"351, FAUBOURG BANNIER (R",,,Nuit avec éclairage allumé,En agglomération,Intersection en T,Normale,Deux véhicules - côté,,,,,,,,,,,5,2,3,1,3
200800064641,0008-11-26 14:15:00,8,11,26,14,15,450,75,ORLEANS (ROUTE D'ORLEANS,,,Plein jour,En agglomération,Hors intersection,Normale,Trois véhicules et plus - collisions multiples,,,,,,,,,,,1,2,1,1,5
200800064642,0008-11-25 12:00:00,8,11,25,12,0,460,42,"68, PELEGRY (RUE)",,,Plein jour,En agglomération,Intersection en T,Normale,Autre collision,,,,,,,,,,,1,2,3,1,6
200800064643,0008-11-28 14:10:00,8,11,28,14,10,460,42,GAMBETTA (BOULEVARD LEON,,,Plein jour,En agglomération,Intersection en T,Normale,Autre collision,,,,,,,,,,,1,2,3,1,6
200800064644,0008-11-30 06:30:00,8,11,30,6,30,460,224,D8,,,Nuit sans éclairage public,Hors agglomération,Hors intersection,Pluie légère,Autre collision,,,,,,,,,,,3,1,1,2,6
200800064645,0008-11-17 06:56:00,8,11,17,6,56,470,1,"81, REPUBLIQUE (BOULEVAR",,,Nuit avec éclairage allumé,En agglomération,Hors intersection,Normale,Deux véhicules - frontale,,,,,,,,,,,5,2,1,1,1
200800064646,0008-11-14 18:23:00,8,11,14,18,23,470,1,"5, FOCH (PL. DU MARECHAL",,,Nuit avec éclairage allumé,En agglomération,Hors intersection,Normale,Autre collision,,,,,,,,,,,5,2,1,1,6
200800064647,0008-11-18 07:40:00,8,11,18,7,40,470,1,QUAI DU CANAL,,,Nuit avec éclairage allumé,En agglomération,Hors intersection,Pluie légère,Autre collision,,,,,,,,,,,5,2,1,2,6
200800064648,0008-11-19 18:09:00,8,11,19,18,9,470,1,CARNOT (BD DU PRESIDENT),,,Nuit avec éclairage allumé,En agglomération,Hors intersection,Normale,Deux véhicules - frontale,,,,,,,,,,,5,2,1,1,1
200800064649,0008-11-19 16:24:00,8,11,19,16,24,470,1,"140, MICHELET (AV.)",,,Plein jour,En agglomération,Hors intersection,Normale,Deux véhicules - côté,,,,,,,,,,,1,2,1,1,3
200800064650,0008-11-23 21:05:00,8,11,23,21,5,470,1,"60, DUMON (BD SYLVAIN)",,,Nuit avec éclairage allumé,En agglomération,Hors intersection,Pluie forte,Deux véhicules - côté,,,,,,,,,,,5,2,1,3,3
200800064651,0008-11-28 18:05:00,8,11,28,18,5,470,201,"12, VOIE SUR BERGE",,,Nuit avec éclairage allumé,En agglomération,Hors intersection,Normale,Deux véhicules - côté,,,,,,,,,,,5,2,1,1,3
200800064652,0008-11-01 00:30:00,8,11,1,0,30,470,215,RN 21,,,Nuit sans éclairage public,Hors agglomération,Hors intersection,Pluie légère,Deux véhicules - frontale,,,,,,,,,,,3,1,1,2,1
200800064653,0008-11-02 14:45:00,8,11,2,14,45,470,215,RN 21,,,Plein jour,En agglomération,Hors intersection,Pluie légère,Deux véhicules - côté,,,,,,,,,,,1,2,1,2,3
200800064654,0008-11-12 11:00:00,8,11,12,11,0,470,323,"9, DANTON (BOULEVARD)",,,Plein jour,En agglomération,Intersection en X,Normale,Deux véhicules - côté,,,,,,,,,,,1,2,2,1,3
200800064655,0008-11-30 18:00:00,8,11,30,18,0,470,323,LAMESTRIE,,,Nuit sans éclairage public,Hors agglomération,Hors intersection,Brouillard / fumée,Autre collision,,,,,,,,,,,3,1,1,5,6
200800064656,0008-11-25 12:00:00,8,11,25,12,0,480,95,"01, BRITEXTE (BOULEVARD)",44.5179,3.50164,Plein jour,En agglomération,Hors intersection,Normale,Autre collision,,,,,,,,,,,1,2,1,1,6
200800064657,0008-11-02 04:55:00,8,11,2,4,55,490,7,"0, MONTAIGNE AVENUE",,,Nuit avec éclairage allumé,En agglomération,Hors intersection,Normale,Autre collision,,,,,,,,,,,5,2,1,1,6
200800064658,0008-11-01 03:48:00,8,11,1,3,48,490,7,"0, DAGUENET",,,Nuit avec éclairage allumé,En agglomération,Intersection en X,Pluie forte,Deux véhicules - côté,,,,,,,,,,,5,2,2,3,3
200800064659,0008-11-02 18:49:00,8,11,2,18,49,490,353,"0, PASTEUR",,,Nuit avec éclairage allumé,En agglomération,Hors intersection,Pluie légère,Deux véhicules - côté,,,,,,,,,,,5,2,1,2,3
200800064660,0008-11-03 18:03:00,8,11,3,18,3,490,7,"0, GALLIENI BOULEVARD",,,Nuit avec éclairage allumé,En agglomération,Hors intersection,Normale,Autre collision,,,,,,,,,,,5,2,1,1,6
200800064661,0008-11-03 12:53:00,8,11,3,12,53,490,7,"0, COUBERTIN BOULEVARD",,,Plein jour,En agglomération,Hors intersection,Normale,Deux véhicules - côté,,,,,,,,,,,1,2,1,1,3
200800064662,0008-11-05 08:01:00,8,11,5,8,1,490,7,"16, BIRGE BOULEVARD",,,Crépuscule ou aube,En agglomération,Hors intersection,Normale,Sans collision,,,,,,,,,,,2,2,1,1,7
200800064663,0008-11-05 12:04:00,8,11,5,12,4,490,7,"0, ATLANTIQUE  AVENUE DE",,,Plein jour,En agglomération,Hors intersection,Pluie légère,Sans collision,,,,,,,,,,,1,2,1,2,7
200800064664,0008-11-05 13:16:00,8,11,5,13,16,490,7,"0, BIRGE BOULEVARD",,,Plein jour,En agglomération,Hors intersection,Pluie légère,Sans collision,,,,,,,,,,,1,2,1,2,7
200800064665,0008-11-06 08:16:00,8,11,6,8,16,490,7,"0, BEAUSSIER BOULEVARD",,,Crépuscule ou aube,En agglomération,Hors intersection,Normale,Deux véhicules - arrière,,,,,,,,,,,2,2,1,1,2
200800064666,0008-11-06 13:15:00,8,11,6,13,15,490,7,"11, DESJARDIN",,,Plein jour,En agglomération,Hors intersection,Pluie légère,Sans collision,,,,,,,,,,,1,2,1,2,7
200800064667,0008-11-06 08:45:00,8,11,6,8,45,490,7,"0, DE LATTRE DE TASSIGNY",,,Crépuscule ou aube,En agglomération,Hors intersection,Normale,Trois véhicules et plus - en chaîne,,,,,,,,,,,2,2,1,1,4
200800064668,0008-11-07 11:22:00,8,11,7,11,22,490,7,"0, ANQUETIL PLACE",,,Plein jour,En agglomération,Giratoire,Normale,Deux véhicules - côté,,,,,,,,,,,1,2,6,1,3
200800064669,0008-11-08 13:14:00,8,11,8,13,14,490,7,"0, BORDIER JACQUES",,,Plein jour,En agglomération,Hors intersection,Normale,Deux véhicules - frontale,,,,,,,,,,,1,2,1,1,1
200800064670,0008-11-08 16:55:00,8,11,8,16,55,490,7,"51, TRAQUETTE",,,Plein jour,En agglomération,Hors intersection,Normale,Deux véhicules - frontale,,,,,,,,,,,1,2,1,1,1
200800064671,0008-11-09 10:40:00,8,11,9,10,40,490,7,"0, AYRAULT",,,Plein jour,En agglomération,Hors intersection,Pluie légère,Autre collision,,,,,,,,,,,1,2,1,2,6
200800064672,0008-11-09 18:20:00,8,11,9,18,20,490,246,"0, BERNE",,,Nuit avec éclairage allumé,En agglomération,Intersection en T,Normale,Deux véhicules - côté,,,,,,,,,,,5,2,3,1,3
200800064673,0008-11-12 09:21:00,8,11,12,9,21,490,7,"0, CHAMP DE BATAILLE",,,Plein jour,En agglomération,Hors intersection,Normale,Sans collision,,,,,,,,,,,1,2,1,1,7
200800064674,0008-11-10 10:10:00,8,11,10,10,10,490,7,"61, JEAN XXIII AVENUE",,,Plein jour,En agglomération,Hors intersection,Normale,Deux véhicules - arrière,,,,,,,,,,,1,2,1,1,2
200800064675,0008-11-12 14:55:00,8,11,12,14,55,490,7,"0, JEANNE D'ARC AVENUE",,,Plein jour,En agglomération,Hors intersection,Normale,Sans collision,,,,,,,,,,,1,2,1,1,7
200800064676,0008-11-07 19:35:00,8,11,7,19,35,490,7,"206, PYRAMIDE ROUTE",,,Nuit avec éclairage allumé,En agglomération,Hors intersection,Normale,Trois véhicules et plus - en chaîne,,,,,,,,,,,5,2,1,1,4
200800064677,0008-11-13 09:43:00,8,11,13,9,43,490,7,"0, TARDAT",,,Plein jour,En agglomération,Intersection en X,Normale,Autre collision,,,,,,,,,,,1,2,2,1,6
200800064678,0008-11-15 18:15:00,8,11,15,18,15,490,7,MILLOT BOULEVARD JACQUES,,,Nuit avec éclairage allumé,En agglomération,Hors intersection,Autre,Autre collision,,,,,,,,,,,5,2,1,9,6
200800064679,0008-11-15 20:30:00,8,11,15,20,30,490,7,ROI DE POLOGNE QUAI,,,Nuit avec éclairage allumé,En agglomération,Hors intersection,Autre,Autre collision,,,,,,,,,,,5,2,1,9,6
200800064680,0008-11-16 17:29:00,8,11,16,17,29,490,7,"6, BEDIER BOULEVARD",,,Plein jour,En agglomération,Hors intersection,Normale,Autre collision,,,,,,,,,,,1,2,1,1,6
200800064681,0008-11-14 07:26:00,8,11,14,7,26,490,7,"37, CHALOUERE",,,Crépuscule ou aube,En agglomération,Hors intersection,Normale,Autre collision,,,,,,,,,,,2,2,1,1,6
200800064682,0008-11-14 12:11:00,8,11,14,12,11,490,7,CONTADES AVENUE,,,Plein jour,En agglomération,Hors intersection,Normale,Deux véhicules - côté,,,,,,,,,,,1,2,1,1,3
200800064683,0008-11-15 09:28:00,8,11,15,9,28,490,15,"0, LURCAT ROND POINT JEA",,,Plein jour,En agglomération,Giratoire,Normale,Sans collision,,,,,,,,,,,1,2,6,1,7
200800064684,0008-11-16 14:35:00,8,11,16,14,35,490,7,"96, MAITRE ECOLE",,,Plein jour,En agglomération,Hors intersection,Normale,Sans collision,,,,,,,,,,,1,2,1,1,7
200800064685,0008-11-14 09:18:00,8,11,14,9,18,490,7,"0, BERGES VOIE",,,Plein jour,En agglomération,Hors intersection,Temps couvert,Deux véhicules - arrière,,,,,,,,,,,1,2,1,8,2
200800064686,0008-11-14 20:22:00,8,11,14,20,22,490,7,"0, MONTAIGNE AVENUE",,,Nuit avec éclairage allumé,En agglomération,Intersection en X,Normale,Deux véhicules - côté,,,,,,,,,,,5,2,2,1,3
200800064687,0008-11-15 10:41:00,8,11,15,10,41,490,7,"0, LAC DE MAINE AVENUE",,,Plein jour,En agglomération,Hors intersection,Pluie légère,Deux véhicules - frontale,,,,,,,,,,,1,2,1,2,1
200800064688,0008-11-20 18:45:00,8,11,20,18,45,490,7,"0, BEAUSSIER BOULEVARD",,,Nuit sans éclairage public,En agglomération,Hors intersection,Pluie légère,Autre collision,,,,,,,,,,,3,2,1,2,6
200800064689,0008-11-19 17:25:00,8,11,19,17,25,490,7,WALDECK ROUSSEAU,,,Crépuscule ou aube,En agglomération,Hors intersection,Normale,Sans collision,,,,,,,,,,,2,2,1,1,7
200800064690,0008-11-16 05:45:00,8,11,16,5,45,490,15,MENDES FRANCE AVENUE PIE,,,Nuit avec éclairage allumé,En agglomération,Hors intersection,Pluie légère,Autre collision,,,,,,,,,,,5,2,1,2,6
200800064691,0008-11-22 12:15:00,8,11,22,12,15,490,246,"0, GALLIENI AVENUE",,,Plein jour,En agglomération,Hors intersection,Normale,Deux véhicules - côté,,,,,,,,,,,1,2,1,1,3
200800064692,0008-11-22 19:16:00,8,11,22,19,16,490,7,"0, BERGES VOIE",,,Nuit sans éclairage public,En agglomération,Hors intersection,Normale,Trois véhicules et plus - collisions multiples,,,,,,,,,,,3,2,1,1,5
200800064693,0008-11-19 02:10:00,8,11,19,2,10,490,7,"0, ATLANTIQUE  AVENUE DE",,,Nuit avec éclairage allumé,En agglomération,Hors intersection,Normale,Sans collision,,,,,,,,,,,5,2,1,1,7
200800064694,0008-11-25 08:28:00,8,11,25,8,28,490,7,"0, TARIN",,,Crépuscule ou aube,En agglomération,Hors intersection,Normale,Autre collision,,,,,,,,,,,2,2,1,1,6
200800064695,0008-11-25 09:21:00,8,11,25,9,21,490,7,"0, BELLE BEILLE",,,Plein jour,En agglomération,Intersection en X,Normale,Autre collision,,,,,,,,,,,1,2,2,1,6
200800064696,0008-11-25 18:14:00,8,11,25,18,14,490,7,"0, CUSSONEAU",,,Nuit avec éclairage allumé,En agglomération,Hors intersection,Pluie légère,Sans collision,,,,,,,,,,,5,2,1,2,7
200800064697,0008-11-26 09:15:00,8,11,26,9,15,490,7,"0, POIREL BOULEVARD",,,Plein jour,En agglomération,Hors intersection,Normale,Deux véhicules - côté,,,,,,,,,,,1,2,1,1,3
200800064698,0008-11-27 08:05:00,8,11,27,8,5,490,15,"0, D 106",,,Crépuscule ou aube,En agglomération,Hors intersection,Normale,Sans collision,,,,,,,,,,,2,2,1,1,7
200800064699,0008-11-27 16:29:00,8,11,27,16,29,490,7,"0, LETANDUERE",,,Plein jour,En agglomération,Hors intersection,Normale,Sans collision,,,,,,,,,,,1,2,1,1,7
200800064700,0008-11-28 09:02:00,8,11,28,9,2,490,7,"0, MAREAU",,,Plein jour,En agglomération,Hors intersection,Normale,Autre collision,,,,,,,,,,,1,2,1,1,6
200800064701,0008-11-29 12:10:00,8,11,29,12,10,490,353,"0, CD 952",,,Plein jour,Hors agglomération,Hors intersection,Normale,Sans collision,,,,,,,,,,,1,1,1,1,7
200800064702,0008-11-16 16:30:00,8,11,16,16,30,490,99,"181, TROIS PROVINCES (AV",,,Plein jour,En agglomération,Hors intersection,Pluie légère,Deux véhicules - arrière,,,,,,,,,,,1,2,1,2,2
200800064703,0008-11-17 08:00:00,8,11,17,8,0,490,99,"57, PASTEUR (RUE LOUIS)",,,Crépuscule ou aube,En agglomération,Hors intersection,Pluie légère,Autre collision,,,,,,,,,,,2,2,1,2,6
200800064704,0008-11-18 18:35:00,8,11,18,18,35,490,99,"21, JOFFRE (BOULEVARD DU",,,Crépuscule ou aube,En agglomération,Hors intersection,Normale,Deux véhicules - côté,,,,,,,,,,,2,2,1,1,3
200800064705,0008-11-29 04:50:00,8,11,29,4,50,490,99,"21, ABREUVOIR (RUE DE)",,,Nuit avec éclairage allumé,En agglomération,Hors intersection,Temps couvert,Autre collision,,,,,,,,,,,5,2,1,8,6
200800064706,0008-11-29 16:55:00,8,11,29,16,55,490,99,VC 16,,,Plein jour,Hors agglomération,Hors intersection,Normale,Autre collision,,,,,,,,,,,1,1,1,1,6
200800064707,0008-11-25 08:05:00,8,11,25,8,5,490,328,"sans, MARAICHERS (AVENUE",,,Plein jour,En agglomération,Hors intersection,Normale,Autre collision,,,,,,,,,,,1,2,1,1,6
200800064708,0008-11-06 08:00:00,8,11,6,8,0,500,173,"00, SALINE (BOULEVARD DE",,,Nuit avec éclairage allumé,En agglomération,Hors intersection,Normale,Sans collision,,,,,,,,,,,5,2,1,1,7
200800064709,0008-11-05 16:05:00,8,11,5,16,5,500,129,", MENDES FRANCE (BOULEVA",,,Plein jour,En agglomération,Hors intersection,Normale,Deux véhicules - arrière,,,,,,,,,,,1,2,1,1,2
200800064710,0008-11-09 18:00:00,8,11,9,18,0,500,173,"00, GUERRY (RUE)",,,Nuit avec éclairage allumé,En agglomération,Intersection en Y,Normale,Deux véhicules - côté,,,,,,,,,,,5,2,4,1,3
200800064711,0008-11-08 17:00:00,8,11,8,17,0,500,129,"0, SALENGRO (RUE ROGER)",,,Plein jour,En agglomération,Intersection en T,Normale,Deux véhicules - côté,,,,,,,,,,,1,2,3,1,3
200800064712,0008-11-10 15:25:00,8,11,10,15,25,500,602,"00, EST (BOULEVARD DE L'",,,Plein jour,En agglomération,Intersection en X,Pluie forte,Deux véhicules - arrière,,,,,,,,,,,1,2,2,3,2
200800064713,0008-11-12 17:05:00,8,11,12,17,5,500,602,"0, LEMARESQUIER (RUE AUG",,,Plein jour,En agglomération,Intersection en X,Temps éblouissant,Deux véhicules - frontale,,,,,,,,,,,1,2,2,7,1
200800064714,0008-11-14 19:10:00,8,11,14,19,10,500,203,"2383, ROUGES TERRES (LES",,,Nuit avec éclairage allumé,En agglomération,Hors intersection,Pluie légère,Autre collision,,,,,,,,,,,5,2,1,2,6
200800064715,0008-11-15 02:10:00,8,11,15,2,10,500,129,"0, NAPOLEON (PLACE)",,,Nuit avec éclairage allumé,En agglomération,Intersection en X,Normale,Autre collision,,,,,,,,,,,5,2,2,1,6
200800064716,0008-11-18 14:00:00,8,11,18,14,0,500,129,"00, ABBAYE (RUE DE L')",,,Plein jour,En agglomération,Intersection en Y,Normale,Deux véhicules - côté,,,,,,,,,,,1,2,4,1,3
200800064717,0008-11-20 14:35:00,8,11,20,14,35,500,602,EST (BOULEVARD DE L'),,,Plein jour,En agglomération,Hors intersection,Normale,Deux véhicules - arrière,,,,,,,,,,,1,2,1,1,2
200800064718,0008-11-20 23:00:00,8,11,20,23,0,500,602,"00, RESISTANTS (PLACE DE",,,Nuit avec éclairage allumé,En agglomération,Intersection en X,Normale,Sans collision,,,,,,,,,,,5,2,2,1,7
200800064719,0008-11-21 11:30:00,8,11,21,11,30,500,602,"0, RESISTANTS (PLACE DES",,,Plein jour,En agglomération,Hors intersection,Normale,Autre collision,,,,,,,,,,,1,2,1,1,6
200800064720,0008-11-21 07:55:00,8,11,21,7,55,500,602,"00, VAL CANU (RUE DU)",,,Nuit avec éclairage allumé,Hors agglomération,Hors intersection,Normale,Sans collision,,,,,,,,,,,5,1,1,1,7
200800064721,0008-11-22 10:50:00,8,11,22,10,50,500,129,"0, TANNERIES (RUE DES)",,,Plein jour,En agglomération,Hors intersection,Temps couvert,Autre collision,,,,,,,,,,,1,2,1,8,6
200800064722,0008-11-25 07:55:00,8,11,25,7,55,500,203,"00, SAINT EXUPERY (RUE)",,,Crépuscule ou aube,En agglomération,Intersection en X,Normale,Sans collision,,,,,,,,,,,2,2,2,1,7
200800064723,0008-11-27 08:15:00,8,11,27,8,15,500,129,"54, SCHUMAN (BOULEVARD R",,,Plein jour,En agglomération,Hors intersection,Pluie légère,Deux véhicules - arrière,,,,,,,,,,,1,2,1,2,2
200800064724,0008-11-29 19:23:00,8,11,29,19,23,500,129,"00, BARBUSSE (RUE HENRI)",,,Nuit avec éclairage allumé,Hors agglomération,Intersection en Y,Normale,Trois véhicules et plus - en chaîne,,,,,,,,,,,5,1,4,1,4
200800064725,0008-11-02 17:46:00,8,11,2,17,46,500,218,"1, COUVENT (CHEMIN DU)",,,Crépuscule ou aube,En agglomération,Hors intersection,Normale,Autre collision,,,,,,,,,,,2,2,1,1,6
200800064726,0008-11-12 17:38:00,8,11,12,17,38,510,108,"1, LOYER (RUE LIEUTENANT",,,Nuit avec éclairage allumé,En agglomération,Hors intersection,Normale,Deux véhicules - côté,,,,,,,,,,,5,2,1,1,3
200800064727,0008-11-18 17:40:00,8,11,18,17,40,510,242,CENTRE CIAL CENTRE OUEST,,,Nuit avec éclairage allumé,En agglomération,Intersection en X,Normale,Deux véhicules - côté,,,,,,,,,,,5,2,2,1,3
200800064728,0008-11-20 16:00:00,8,11,20,16,0,510,506,"122, SIMON (AVE JACQUES)",,,Plein jour,En agglomération,Hors intersection,Normale,Autre collision,,,,,,,,,,,1,2,1,1,6
200800064729,0008-11-05 13:25:00,8,11,5,13,25,510,454,"3, COLOMB (AVENUE CHRIST",,,Plein jour,En agglomération,Hors intersection,Normale,Autre collision,,,,,,,,,,,1,2,1,1,6
200800064730,0008-11-07 15:30:00,8,11,7,15,30,510,454,FABIEN (RUE DU COLONNEL),,,Plein jour,En agglomération,Intersection en T,Normale,Deux véhicules - côté,,,,,,,,,,,1,2,3,1,3
200800064731,0008-11-09 14:25:00,8,11,9,14,25,510,454,BIZET (ALLEE GEORGES),,,Plein jour,En agglomération,Intersection en T,Normale,Deux véhicules - côté,,,,,,,,,,,1,2,3,1,3
200800064732,0008-11-10 19:30:00,8,11,10,19,30,510,172,ROUX (RUE DU DOCTEUR),,,Nuit avec éclairage allumé,En agglomération,Intersection en T,Normale,Deux véhicules - arrière,,,,,,,,,,,5,2,3,1,2
200800064733,0008-11-13 11:40:00,8,11,13,11,40,510,454,"04, FABIEN (RUE DU COLON",,,Plein jour,En agglomération,Hors intersection,Normale,Autre collision,,,,,,,,,,,1,2,1,1,6
200800064734,0008-11-18 18:10:00,8,11,18,18,10,510,454,"371, LAON (AVENUE) DU N°",,,Nuit avec éclairage allumé,En agglomération,Autre intersection,Pluie légère,Autre collision,,,,,,,,,,,5,2,9,2,6
200800064735,0008-11-18 18:30:00,8,11,18,18,30,510,454,GERUZEZ (RUE),,,Nuit avec éclairage allumé,En agglomération,Intersection en X,Pluie légère,Deux véhicules - côté,,,,,,,,,,,5,2,2,2,3
200800064736,0008-11-18 19:25:00,8,11,18,19,25,510,454,"32, FOURIAUX (RUE MARIE-",,,Nuit avec éclairage allumé,En agglomération,Intersection en T,Pluie légère,Autre collision,,,,,,,,,,,5,2,3,2,6
200800064737,0008-11-24 18:10:00,8,11,24,18,10,510,454,"02, WITRY (ROUTE DE)",,,Nuit avec éclairage allumé,En agglomération,Intersection en X,Pluie forte,Autre collision,,,,,,,,,,,5,2,2,3,6
200800064738,0008-11-25 15:45:00,8,11,25,15,45,510,454,PONSARDIN (RUE),,,Plein jour,En agglomération,Intersection en X,Normale,Autre collision,,,,,,,,,,,1,2,2,1,6
200800064739,0008-11-30 14:40:00,8,11,30,14,40,510,454,"31, SOLFERINO (RUE)",,,Plein jour,En agglomération,Hors intersection,Temps couvert,Autre collision,,,,,,,,,,,1,2,1,8,6
200800064740,0008-11-08 16:18:00,8,11,8,16,18,520,121,THIERS (BLD),,,Plein jour,En agglomération,Intersection en X,Normale,Sans collision,,,,,,,,,,,1,2,2,1,7
200800064741,0008-11-17 13:40:00,8,11,17,13,40,520,121,RD 619,,,Plein jour,En agglomération,Intersection en X,Normale,Deux véhicules - arrière,,,,,,,,,,,1,2,2,1,2
200800064742,0008-11-17 13:50:00,8,11,17,13,50,520,121,R.D. 65,,,Plein jour,En agglomération,Intersection en X,Normale,Autre collision,,,,,,,,,,,1,2,2,1,6
200800064743,0008-11-24 15:46:00,8,11,24,15,46,520,121,"0, VAL ANNE MARIE (RUE D",,,Plein jour,En agglomération,Intersection en X,Pluie légère,Deux véhicules - côté,,,,,,,,,,,1,2,2,2,3
200800064744,0008-11-27 11:40:00,8,11,27,11,40,520,121,"0, ROBESPIERRE (RUE)",,,Plein jour,En agglomération,Intersection en X,Normale,Deux véhicules - côté,,,,,,,,,,,1,2,2,1,3
200800064745,0008-11-09 21:00:00,8,11,9,21,0,520,121,R.D. 65,,,Nuit sans éclairage public,Hors agglomération,Hors intersection,Pluie légère,Deux véhicules - arrière,,,,,,,,,,,3,1,1,2,2
200800064746,0008-11-11 14:30:00,8,11,11,14,30,520,448,"12, SARRAIL (AVENUE DU G",,,Plein jour,En agglomération,Hors intersection,Normale,Deux véhicules - frontale,,,,,,,,,,,1,2,1,1,1
200800064747,0008-11-14 10:00:00,8,11,14,10,0,520,448,"8, CHENE SAINT AMAND (Z.",,,Plein jour,Hors agglomération,Hors intersection,Normale,Deux véhicules - côté,,,,,,,,,,,1,1,1,1,3
200800064748,0008-11-17 13:35:00,8,11,17,13,35,520,448,"FACE 40, ALSACE LORRAINE",,,Plein jour,En agglomération,Hors intersection,Normale,Deux véhicules - arrière,,,,,,,,,,,1,2,1,1,2
200800064749,0008-11-19 12:20:00,8,11,19,12,20,520,448,"51, REPUBLIQUE (AVE DE L",,,Plein jour,En agglomération,Intersection en X,Normale,Autre collision,,,,,,,,,,,1,2,2,1,6
200800064750,0008-11-04 12:50:00,8,11,4,12,50,530,130,CHANZY ( AVENUE DE ),,,Plein jour,En agglomération,Intersection en X,Normale,Deux véhicules - côté,,,,,,,,,,,1,2,2,1,3
200800064751,0008-11-27 15:25:00,8,11,27,15,25,540,28,"33, DANTE PEDERZOLI (RUE",,,Plein jour,En agglomération,Hors intersection,Normale,Autre collision,,,,,,,,,,,1,2,1,1,6
200800064752,0008-11-03 17:50:00,8,11,3,17,50,540,329,AVENUE DE L' EUROPE,,,Nuit avec éclairage allumé,En agglomération,Hors intersection,Normale,Sans collision,,,,,,,,,,,5,2,1,1,7
200800064753,0008-11-01 04:27:00,8,11,1,4,27,540,184,"1, BRIGACHTAL (AVENUE DE",,,Nuit avec éclairage allumé,En agglomération,Intersection à plus de 4 branches,Pluie légère,Trois véhicules et plus - en chaîne,,,,,,,,,,,5,2,5,2,4
200800064754,0008-11-01 14:30:00,8,11,1,14,30,540,395,"1, TOMBLAINE (RUE DE)",,,Plein jour,En agglomération,Intersection en T,Normale,Deux véhicules - côté,,,,,,,,,,,1,2,3,1,3
200800064755,0008-11-01 17:45:00,8,11,1,17,45,540,274,"3 Ter, EVRARD (RUE FRANC",,,Nuit avec éclairage allumé,En agglomération,Hors intersection,Temps couvert,Autre collision,,,,,,,,,,,5,2,1,8,6
200800064756,0008-11-02 00:17:00,8,11,2,0,17,540,274,"1, REPUBLIQUE (RUE DE LA",,,Nuit avec éclairage allumé,En agglomération,Hors intersection,Pluie légère,Deux véhicules - côté,,,,,,,,,,,5,2,1,2,3
200800064757,0008-11-04 12:27:00,8,11,4,12,27,540,395,"30, OUDINOT (RUE DU MAL)",,,Plein jour,En agglomération,Hors intersection,Normale,Autre collision,,,,,,,,,,,1,2,1,1,6
200800064758,0008-11-05 15:05:00,8,11,5,15,5,540,547,"1, ALBERTVILLE (RUE D')",,,Plein jour,En agglomération,Giratoire,Normale,Autre collision,,,,,,,,,,,1,2,6,1,6
200800064759,0008-11-06 13:00:00,8,11,6,13,0,540,547,"1, MIRECOURT (ROUTE DE)",,,Plein jour,En agglomération,Intersection en X,Normale,Deux véhicules - côté,,,,,,,,,,,1,2,2,1,3