accident_id,datetime,annee,mois,jour,heure,minute,departement,commune_insee,adresse,latitude,longitude,luminosite,agglomeration,intersection,meteo,collision,nb_vehicules,nb_usagers,nb_indemnes,nb_tues,nb_blesses_hosp,nb_blesses_legers,age_cond_1,age_cond_2,veh_type_cond_1,veh_type_cond_2,lum_code,agg_code,int_code,atm_code,col_code
200800064760,0008-11-06 18:45:00,8,11,6,18,45,540,300,"129, GALTIER (RUE LUCIEN",,,Nuit avec éclairage allumé,En agglomération,Hors intersection,Normale,Deux véhicules - côté,,,,,,,,,,,5,2,1,1,3
200800064761,0008-11-05 19:30:00,8,11,5,19,30,930,10,"162, GALLIENI (AV.) DE 1",,,Nuit avec éclairage allumé,En agglomération,Hors intersection,Normale,Deux véhicules - arrière,,,,,,,,,,,5,2,1,1,2
200800064762,0008-11-09 18:15:00,8,11,9,18,15,930,10,"27, QUATORZE-JUILLET (AV",,,Nuit avec éclairage allumé,En agglomération,Intersection en X,Normale,Deux véhicules - côté,,,,,,,,,,,5,2,2,1,3
200800064763,0008-11-12 09:00:00,8,11,12,9,0,930,10,"IGNORE, GALLIENI (AV.) D",,,Plein jour,En agglomération,Intersection en X,Temps couvert,Sans collision,,,,,,,,,,,1,2,2,8,7
200800064764,0008-11-17 10:20:00,8,11,17,10,20,930,10,"IGNORE, DOLET (RUE ETIEN",,,Plein jour,En agglomération,Intersection en X,Normale,Deux véhicules - côté,,,,,,,,,,,1,2,2,1,3
200800064765,0008-11-18 15:40:00,8,11,18,15,40,930,10,POLISSARD (RUE AUGUSTE),,,Plein jour,En agglomération,Hors intersection,Pluie légère,Autre collision,,,,,,,,,,,1,2,1,2,6
200800064766,0008-11-24 07:50:00,8,11,24,7,50,930,10,"ignore, QUATORZE-JUILLET",,,Nuit avec éclairage allumé,En agglomération,Intersection en X,Normale,Autre collision,,,,,,,,,,,5,2,2,1,6
200800064767,0008-11-30 20:35:00,8,11,30,20,35,930,57,HUGO (AV. VICTOR),,,Nuit avec éclairage allumé,En agglomération,Intersection en X,Pluie légère,Deux véhicules - côté,,,,,,,,,,,5,2,2,2,3
200800064768,0008-11-08 20:30:00,8,11,8,20,30,930,10,BUISSON (AV. SUZANNE),,,Nuit avec éclairage allumé,En agglomération,Hors intersection,Normale,Autre collision,,,,,,,,,,,5,2,1,1,6
200800064769,0008-11-18 20:45:00,8,11,18,20,45,930,27,"124, FRANCE (RUE ANATOLE",,,Nuit avec éclairage allumé,En agglomération,Hors intersection,Pluie légère,Deux véhicules - côté,,,,,,,,,,,5,2,1,2,3
200800064770,0008-11-26 07:30:00,8,11,26,7,30,930,13,"14, LECLERC (AVENU DE LA",,,Crépuscule ou aube,En agglomération,Intersection en Y,Temps couvert,Autre collision,,,,,,,,,,,2,2,4,8,6
200800064771,0008-11-01 00:18:00,8,11,1,0,18,930,27,LENINE (AVENUE),,,Nuit avec éclairage allumé,En agglomération,Intersection en T,Pluie légère,Deux véhicules - côté,,,,,,,,,,,5,2,3,2,3
200800064772,0008-11-10 05:30:00,8,11,10,5,30,930,30,"84/86, HUIT-MAI-1945 (AV",,,Nuit avec éclairage allumé,En agglomération,Hors intersection,Normale,Deux véhicules - arrière,,,,,,,,,,,5,2,1,1,2
200800064773,0008-11-04 09:30:00,8,11,4,9,30,930,13,"15, JAURES (AVENUE JEAN)",,,Plein jour,En agglomération,Hors intersection,Normale,Autre collision,,,,,,,,,,,1,2,1,1,6
200800064774,0008-11-07 15:20:00,8,11,7,15,20,930,30,"00, GUYNEMERS (RUE GEORG",,,Plein jour,En agglomération,Intersection en X,Pluie légère,Autre collision,,,,,,,,,,,1,2,2,2,6
200800064775,0008-11-08 14:27:00,8,11,8,14,27,930,27,"127, VAILLANT-COUTURIER",,,Plein jour,En agglomération,Hors intersection,Temps couvert,Sans collision,,,,,,,,,,,1,2,1,8,7
200800064776,0008-11-11 21:50:00,8,11,11,21,50,930,27,VAILLANT-COUTURIER (AVEN,,,Nuit avec éclairage allumé,En agglomération,Intersection en T,Pluie légère,Deux véhicules - côté,,,,,,,,,,,5,2,3,2,3
200800064777,0008-11-14 09:30:00,8,11,14,9,30,930,13,CAVILLON (RUE ANIZAN),,,Plein jour,En agglomération,Intersection en T,Normale,Autre collision,,,,,,,,,,,1,2,3,1,6
200800064778,0008-11-25 13:20:00,8,11,25,13,20,930,27,SALENGRO (AVENUE ROGER),,,Plein jour,En agglomération,Hors intersection,Normale,Deux véhicules - côté,,,,,,,,,,,1,2,1,1,3
200800064779,0008-11-28 11:45:00,8,11,28,11,45,930,27,", CONVENTION (RUE DE LA)",,,Plein jour,En agglomération,Passage à niveau,Temps couvert,Autre collision,,,,,,,,,,,1,2,8,8,6
200800064780,0008-11-01 20:25:00,8,11,1,20,25,930,29,HENRI BARBUSSE (AVE) N°1,,,Nuit avec éclairage allumé,En agglomération,Intersection en T,Normale,Deux véhicules - côté,,,,,,,,,,,5,2,3,1,3
200800064781,0008-11-02 22:05:00,8,11,2,22,5,930,29,HENRI BARBUSSE (AVE) N°1,,,Nuit avec éclairage allumé,En agglomération,Intersection en T,Normale,Deux véhicules - arrière,,,,,,,,,,,5,2,3,1,2
200800064782,0008-11-05 10:40:00,8,11,5,10,40,930,29,STALINGRAD (DE),,,Plein jour,En agglomération,Giratoire,Pluie légère,Autre collision,,,,,,,,,,,1,2,6,2,6
200800064783,0008-11-11 23:20:00,8,11,11,23,20,930,29,JEAN JAURES (AVENUE),,,Nuit avec éclairage allumé,En agglomération,Intersection en Y,Pluie légère,Deux véhicules - côté,,,,,,,,,,,5,2,4,2,3
200800064784,0008-11-19 10:25:00,8,11,19,10,25,930,29,MAURICE NILES (PLACE),,,Plein jour,En agglomération,Hors intersection,Normale,Autre collision,,,,,,,,,,,1,2,1,1,6
200800064785,0008-11-20 18:10:00,8,11,20,18,10,930,29,"47, HENRI BARBUSSE (AVE)",,,Plein jour,En agglomération,Hors intersection,Normale,Autre collision,,,,,,,,,,,1,2,1,1,6
200800064786,0008-11-29 12:20:00,8,11,29,12,20,930,29,"80, SAINT-STENAY",,,Plein jour,En agglomération,Hors intersection,Normale,Autre collision,,,,,,,,,,,1,2,1,1,6
200800064787,0008-11-08 22:10:00,8,11,8,22,10,930,31,"0, ALLENDE (AVENUE SALVA",,,Nuit avec éclairage allumé,En agglomération,Hors intersection,Normale,Autre collision,,,,,,,,,,,5,2,1,1,6
200800064788,0008-11-12 08:20:00,8,11,12,8,20,930,31,"42, ENGHIEN (AV D')",,,Plein jour,En agglomération,Hors intersection,Normale,Deux véhicules - arrière,,,,,,,,,,,1,2,1,1,2
200800064789,0008-11-17 14:30:00,8,11,17,14,30,930,31,"1, ARGENTEUIL (ROUTE D')",,,Plein jour,En agglomération,Hors intersection,Normale,Autre collision,,,,,,,,,,,1,2,1,1,6
200800064790,0008-11-26 19:05:00,8,11,26,19,5,930,31,"0, YSER (DE L')",,,Nuit avec éclairage allumé,En agglomération,Hors intersection,Normale,Deux véhicules - arrière,,,,,,,,,,,5,2,1,1,2
200800064791,0008-11-29 17:05:00,8,11,29,17,5,930,79,"0, ROGER SALENGRO",,,Nuit avec éclairage allumé,En agglomération,Hors intersection,Normale,Autre collision,,,,,,,,,,,5,2,1,1,6
200800064792,0008-11-29 20:05:00,8,11,29,20,5,930,79,"0, SAINT LEU (ROUTE)",,,Nuit avec éclairage non allumé,En agglomération,Hors intersection,Normale,Deux véhicules - côté,,,,,,,,,,,4,2,1,1,3
200800064793,0008-11-06 11:50:00,8,11,6,11,50,930,32,"29, SABLES  (CHEMIN DES)",,,Plein jour,En agglomération,Hors intersection,Temps couvert,Autre collision,,,,,,,,,,,1,2,1,8,6
200800064794,0008-11-12 04:30:00,8,11,12,4,30,930,32,DIX NEUF MARS   (RUE DU),,,Nuit avec éclairage allumé,En agglomération,Intersection en Y,Pluie légère,Deux véhicules - côté,,,,,,,,,,,5,2,4,2,3
200800064795,0008-11-13 16:25:00,8,11,13,16,25,930,47,ABIME  (VIEUX CHEMIN DE,,,Plein jour,En agglomération,Autre intersection,Normale,Autre collision,,,,,,,,,,,1,2,9,1,6
200800064796,0008-11-15 17:20:00,8,11,15,17,20,930,47,UTRILLO  (RUE),,,Nuit avec éclairage allumé,En agglomération,Hors intersection,Pluie légère,Autre collision,,,,,,,,,,,5,2,1,2,6
200800064797,0008-11-08 13:10:00,8,11,8,13,10,930,63,"55, BARBUSSE HENRI BOULE",,,Plein jour,En agglomération,Hors intersection,Normale,Deux véhicules - côté,,,,,,,,,,,1,2,1,1,3
200800064798,0008-11-04 19:10:00,8,11,4,19,10,930,6,RASPAIL AVENUE,,,Nuit avec éclairage allumé,En agglomération,Hors intersection,Normale,Autre collision,,,,,,,,,,,5,2,1,1,6
200800064799,0008-11-06 07:50:00,8,11,6,7,50,930,45,"131, PARIS RUE DE",,,Plein jour,En agglomération,Hors intersection,Temps couvert,Autre collision,,,,,,,,,,,1,2,1,8,6
200800064800,0008-11-06 12:05:00,8,11,6,12,5,930,6,"37 bis, PANTIN RUE DE",,,Plein jour,En agglomération,Hors intersection,Normale,Sans collision,,,,,,,,,,,1,2,1,1,7
200800064801,0008-11-06 13:25:00,8,11,6,13,25,930,45,BRUYERES RUE DES,,,Plein jour,En agglomération,Intersection en X,Normale,Deux véhicules - côté,,,,,,,,,,,1,2,2,1,3
200800064802,0008-11-09 20:00:00,8,11,9,20,0,930,63,VEUVE AUBLET SENTE,,,Nuit avec éclairage allumé,En agglomération,Hors intersection,Normale,Deux véhicules - côté,,,,,,,,,,,5,2,1,1,3
200800064803,0008-11-14 10:00:00,8,11,14,10,0,930,63,"28, LENINE AVENUE",,,Plein jour,En agglomération,Hors intersection,Temps couvert,Autre collision,,,,,,,,,,,1,2,1,8,6
200800064804,0008-11-15 19:00:00,8,11,15,19,0,930,63,BRANLY BD EDOUARD,,,Nuit sans éclairage public,En agglomération,Intersection en T,Pluie légère,Deux véhicules - frontale,,,,,,,,,,,3,2,3,2,1
200800064805,0008-11-18 13:00:00,8,11,18,13,0,930,6,CARNOT RUE SADI,,,Plein jour,En agglomération,Intersection en T,Pluie légère,Autre collision,,,,,,,,,,,1,2,3,2,6
200800064806,0008-11-01 12:30:00,8,11,1,12,30,930,46,"28, GRAFFAN RUE",,,Plein jour,En agglomération,Hors intersection,Pluie légère,Autre collision,,,,,,,,,,,1,2,1,2,6
200800064807,0008-11-01 15:15:00,8,11,1,15,15,930,46,LEON LUM AVENUE,,,Plein jour,En agglomération,Intersection à plus de 4 branches,Pluie légère,Deux véhicules - côté,,,,,,,,,,,1,2,5,2,3
200800064808,0008-11-06 10:15:00,8,11,6,10,15,930,74,"16, AMYOT BOULEVARD JACQ",,,Plein jour,En agglomération,Intersection en X,Temps couvert,Deux véhicules - côté,,,,,,,,,,,1,2,2,8,3
200800064809,0008-11-07 11:05:00,8,11,7,11,5,930,46,COLONEL FABIEN AVENUE DU,,,Plein jour,En agglomération,Hors intersection,Pluie légère,Autre collision,,,,,,,,,,,1,2,1,2,6
200800064810,0008-11-08 10:30:00,8,11,8,10,30,930,46,WINSTON CHURCHILL AVENUE,,,Plein jour,En agglomération,Autre intersection,Normale,Deux véhicules - côté,,,,,,,,,,,1,2,9,1,3
200800064811,0008-11-08 20:00:00,8,11,8,20,0,930,74,COURTRY RUE DE,,,Nuit avec éclairage allumé,En agglomération,Hors intersection,Pluie légère,Deux véhicules - côté,,,,,,,,,,,5,2,1,2,3
200800064812,0008-11-10 14:00:00,8,11,10,14,0,930,74,"101, MEAUX RUE DE",,,Plein jour,En agglomération,Intersection en X,Normale,Deux véhicules - côté,,,,,,,,,,,1,2,2,1,3
200800064813,0008-11-10 14:45:00,8,11,10,14,45,930,74,MEAUX RUE DE,,,Plein jour,En agglomération,Intersection en X,Normale,Deux véhicules - frontale,,,,,,,,,,,1,2,2,1,1
200800064814,0008-11-10 18:10:00,8,11,10,18,10,930,74,", MEAUX RUE DE",,,Nuit avec éclairage allumé,En agglomération,Intersection en X,Normale,Autre collision,,,,,,,,,,,5,2,2,1,6
200800064815,0008-11-12 12:50:00,8,11,12,12,50,930,74,", BOUCHER RUE ALEXANDRE",,,Plein jour,En agglomération,Intersection en T,Normale,Autre collision,,,,,,,,,,,1,2,3,1,6
200800064816,0008-11-14 20:00:00,8,11,14,20,0,930,46,ARISTIDE BRIAND AVENUE,,,Nuit avec éclairage allumé,En agglomération,Intersection en T,Temps couvert,Deux véhicules - côté,,,,,,,,,,,5,2,3,8,3
200800064817,0008-11-15 13:50:00,8,11,15,13,50,930,46,"34, WINSTON CHURCHILL AV",,,Plein jour,En agglomération,Hors intersection,Pluie légère,Autre collision,,,,,,,,,,,1,2,1,2,6
200800064818,0008-11-15 14:39:00,8,11,15,14,39,930,74,COURTRY RUE DE,,,Plein jour,Hors agglomération,Hors intersection,Temps couvert,Sans collision,,,,,,,,,,,1,1,1,8,7
200800064819,0008-11-16 01:00:00,8,11,16,1,0,930,46,"19 bis, ARISTIDE BRIAND",,,Nuit avec éclairage allumé,En agglomération,Hors intersection,Normale,Deux véhicules - arrière,,,,,,,,,,,5,2,1,1,2
200800064820,0008-11-17 09:20:00,8,11,17,9,20,930,74,"245, MEAUX RUE DE",,,Plein jour,En agglomération,Intersection en T,Normale,Deux véhicules - arrière,,,,,,,,,,,1,2,3,1,2
200800064821,0008-11-24 17:20:00,8,11,24,17,20,930,74,"50, DE GAULLE AVENUE DU",,,Nuit avec éclairage allumé,En agglomération,Hors intersection,Normale,Autre collision,,,,,,,,,,,5,2,1,1,6
200800064822,0008-11-28 07:15:00,8,11,28,7,15,930,46,POSTES CHEMIN DES,,,Nuit avec éclairage allumé,En agglomération,Hors intersection,Pluie légère,Autre collision,,,,,,,,,,,5,2,1,2,6
200800064823,0008-11-28 14:55:00,8,11,28,14,55,930,46,"17, TURGOT",,,Plein jour,En agglomération,Giratoire,Temps couvert,Deux véhicules - côté,,,,,,,,,,,1,2,6,8,3
200800064824,0008-11-28 15:15:00,8,11,28,15,15,930,46,TURGOT,,,Plein jour,En agglomération,Intersection en T,Normale,Autre collision,,,,,,,,,,,1,2,3,1,6
200800064825,0008-11-28 18:20:00,8,11,28,18,20,930,74,MEAUX RUE DE,,,Nuit avec éclairage allumé,En agglomération,Intersection en T,Normale,Deux véhicules - côté,,,,,,,,,,,5,2,3,1,3
200800064826,0008-11-30 20:15:00,8,11,30,20,15,930,15,JAURES RUE JEAN,,,Nuit avec éclairage allumé,En agglomération,Intersection en T,Pluie légère,Trois véhicules et plus - collisions multiples,,,,,,,,,,,5,2,3,2,5
200800064827,0008-11-04 07:50:00,8,11,4,7,50,930,48,GABRIEL PERI (AVENUE),,,Plein jour,En agglomération,Hors intersection,Normale,Deux véhicules - côté,,,,,,,,,,,1,2,1,1,3
200800064828,0008-11-05 21:00:00,8,11,5,21,0,930,48,"16, IRENES ET FREDERIC J",,,Nuit avec éclairage allumé,En agglomération,Hors intersection,Normale,Autre collision,,,,,,,,,,,5,2,1,1,6
200800064829,0008-11-08 15:15:00,8,11,8,15,15,930,48,"1, SAINT DENIS (RUE)",,,Plein jour,En agglomération,Intersection en X,Normale,Deux véhicules - côté,,,,,,,,,,,1,2,2,1,3
200800064830,0008-11-13 12:45:00,8,11,13,12,45,930,48,"113, PARIS (RUE DE)",,,Plein jour,En agglomération,Intersection en X,Normale,Autre collision,,,,,,,,,,,1,2,2,1,6
200800064831,0008-11-18 20:40:00,8,11,18,20,40,930,7,"66, 8 MAI 45 (AVENUE DU",,,Nuit avec éclairage allumé,En agglomération,Hors intersection,Pluie légère,Deux véhicules - côté,,,,,,,,,,,5,2,1,2,3
200800064832,0008-11-30 18:50:00,8,11,30,18,50,930,7,"""REPUBLIQUE (AVENUE DE L",,,Nuit avec éclairage allumé,En agglomération,Intersection en T,Pluie légère,Deux véhicules - côté,,,,,,,,,,,5,2,3,2,3
200800064833,0008-11-03 22:45:00,8,11,3,22,45,930,8,DIVISION LECLERC (AVENUE,,,Nuit avec éclairage allumé,En agglomération,Hors intersection,Normale,Deux véhicules - côté,,,,,,,,,,,5,2,1,1,3
200800064834,0008-11-04 14:10:00,8,11,4,14,10,930,8,"186, JAURES (AVENUE JEAN",,,Plein jour,En agglomération,Passage à niveau,Normale,Deux véhicules - frontale,,,,,,,,,,,1,2,8,1,1
200800064835,0008-11-25 12:50:00,8,11,25,12,50,930,8,FRACHON (RUE BENOIT),,,Plein jour,En agglomération,Intersection en T,Normale,Deux véhicules - côté,,,,,,,,,,,1,2,3,1,3
200800064836,0008-11-28 18:30:00,8,11,28,18,30,930,8,VAILLANT COUTURIER (AVEN,,,Nuit avec éclairage allumé,En agglomération,Intersection en T,Normale,Trois véhicules et plus - collisions multiples,,,,,,,,,,,5,2,3,1,5
200800064837,0008-11-29 16:00:00,8,11,29,16,0,930,8,ZAC DE LA VACHE A L'AISE,,,Plein jour,En agglomération,Hors intersection,Normale,Deux véhicules - côté,,,,,,,,,,,1,2,1,1,3
200800064838,0008-11-03 18:45:00,8,11,3,18,45,930,10,"53, GALLIENI (AV.) CONFO",,,Crépuscule ou aube,En agglomération,Hors intersection,Normale,Trois véhicules et plus - collisions multiples,,,,,,,,,,,2,2,1,1,5
200800064839,0008-11-13 19:15:00,8,11,13,19,15,930,48,"108, HENRI BARBUSSE (BOU",,,Nuit avec éclairage allumé,En agglomération,Intersection en X,Normale,Deux véhicules - côté,,,,,,,,,,,5,2,2,1,3
200800064840,0008-11-19 04:20:00,8,11,19,4,20,930,48,HENRI BARBUSSE (BOULEVAR,,,Nuit avec éclairage allumé,En agglomération,Intersection en X,Normale,Deux véhicules - côté,,,,,,,,,,,5,2,2,1,3
200800064841,0008-11-19 13:15:00,8,11,19,13,15,930,48,"04, RESISTANCE (AVENUE D",,,Plein jour,En agglomération,Hors intersection,Temps couvert,Sans collision,,,,,,,,,,,1,2,1,8,7
200800064842,0008-11-23 21:35:00,8,11,23,21,35,930,48,"2, PARIS (RUE DE)",,,Nuit avec éclairage allumé,En agglomération,Intersection en T,Pluie légère,Deux véhicules - côté,,,,,,,,,,,5,2,3,2,3
200800064843,0008-11-24 12:00:00,8,11,24,12,0,930,48,"23, EMILE ZOLA (RUE)",,,Plein jour,En agglomération,Hors intersection,Normale,Deux véhicules - arrière,,,,,,,,,,,1,2,1,1,2
200800064844,0008-11-25 17:45:00,8,11,25,17,45,930,48,"26, ROUGET DE L'ISLE (BO",,,Nuit avec éclairage allumé,En agglomération,Hors intersection,Normale,Autre collision,,,,,,,,,,,5,2,1,1,6
200800064845,0008-11-27 23:40:00,8,11,27,23,40,930,48,"80, CHANZY (BOULEVARD)",,,Nuit avec éclairage allumé,En agglomération,Intersection en X,Pluie légère,Deux véhicules - côté,,,,,,,,,,,5,2,2,2,3
200800064846,0008-11-29 08:25:00,8,11,29,8,25,930,48,"17, THEOPHILE SUEUR (BOU",,,Plein jour,En agglomération,Hors intersection,Pluie légère,Deux véhicules - côté,,,,,,,,,,,1,2,1,2,3
200800064847,0008-11-21 01:10:00,8,11,21,1,10,930,48,"12, GENERAL DE GAULE (PL",,,Nuit avec éclairage allumé,En agglomération,Intersection en X,Pluie légère,Deux véhicules - côté,,,,,,,,,,,5,2,2,2,3
200800064848,0008-11-20 19:20:00,8,11,20,19,20,930,49,"15 bis, PARMENTIER (RUE)",,,Nuit avec éclairage allumé,En agglomération,Intersection en X,Normale,Deux véhicules - côté,,,,,,,,,,,5,2,2,1,3
200800064849,0008-11-21 18:15:00,8,11,21,18,15,930,49,"20, DANIEL PERDRIGE (AVE",,,Nuit avec éclairage allumé,En agglomération,Hors intersection,Normale,Autre collision,,,,,,,,,,,5,2,1,1,6
200800064850,0008-11-22 18:25:00,8,11,22,18,25,930,50,GENERAL DE GAULLE (AVENU,,,Nuit avec éclairage allumé,En agglomération,Intersection en X,Normale,Autre collision,,,,,,,,,,,5,2,2,1,6
200800064851,0008-11-26 18:25:00,8,11,26,18,25,930,50,ARISTIDE BRIAND (BOULEBA,,,Nuit avec éclairage allumé,En agglomération,Intersection en T,Normale,Deux véhicules - côté,,,,,,,,,,,5,2,3,1,3
200800064852,0008-11-05 14:05:00,8,11,5,14,5,930,51,MEDERIC (AVENUE),,,Plein jour,En agglomération,Intersection en X,Normale,Trois véhicules et plus - collisions multiples,,,,,,,,,,,1,2,2,1,5
200800064853,0008-11-07 17:40:00,8,11,7,17,40,930,51,MEDERIC (AVENUE),,,Nuit sans éclairage public,En agglomération,Intersection en T,Pluie légère,Sans collision,,,,,,,,,,,3,2,3,2,7
200800064854,0008-11-17 16:10:00,8,11,17,16,10,930,51,"14, MONT D'EST (BD)",,,Plein jour,En agglomération,Hors intersection,Normale,Deux véhicules - arrière,,,,,,,,,,,1,2,1,1,2
200800064855,0008-11-21 19:55:00,8,11,21,19,55,930,51,"6, MARECHAL JUIN (AVENUE",,,Nuit avec éclairage allumé,En agglomération,Hors intersection,Normale,Autre collision,,,,,,,,,,,5,2,1,1,6
200800064856,0008-11-24 16:30:00,8,11,24,16,30,930,51,MEDERIC (AVENUE),,,Plein jour,En agglomération,Hors intersection,Normale,Deux véhicules - côté,,,,,,,,,,,1,2,1,1,3
200800064857,0008-11-27 07:35:00,8,11,27,7,35,930,51,"16, MEDERIC (AVENUE)",,,Crépuscule ou aube,En agglomération,Intersection en T,Temps couvert,Deux véhicules - côté,,,,,,,,,,,2,2,3,8,3
200800064858,0008-11-30 05:00:00,8,11,30,5,0,930,33,"face 3, PRINCES",,,Nuit avec éclairage allumé,En agglomération,Hors intersection,Neige / grêle,Autre collision,,,,,,,,,,,5,2,1,4,6
200800064859,0008-11-07 19:25:00,8,11,7,19,25,930,53,"102, ROSNY (AVENUE DE) N",,,Nuit avec éclairage allumé,En agglomération,Intersection en T,Normale,Deux véhicules - arrière,,,,,,,,,,,5,2,3,1,2
200800064860,0008-11-12 13:00:00,8,11,12,13,0,930,53,"140, BREMENT (RUE DE) 10",,,Plein jour,En agglomération,Intersection en X,Normale,Deux véhicules - côté,,,,,,,,,,,1,2,2,1,3
200800064861,0008-11-15 12:40:00,8,11,15,12,40,930,53,"200, ROSNY (AVENUE DE) N",,,Plein jour,En agglomération,Intersection en X,Temps couvert,Deux véhicules - côté,,,,,,,,,,,1,2,2,8,3
200800064862,0008-11-18 17:30:00,8,11,18,17,30,930,53,"IGNORE, JEANNE D'ARC (PL",,,Nuit avec éclairage allumé,En agglomération,Place,Normale,Autre collision,,,,,,,,,,,5,2,7,1,6
200800064863,0008-11-22 06:15:00,8,11,22,6,15,930,53,"03, SAINT JUST (RUE)",,,Nuit avec éclairage allumé,Hors agglomération,Hors intersection,Normale,Autre collision,,,,,,,,,,,5,1,1,1,6
200800064864,0008-11-27 11:35:00,8,11,27,11,35,930,53,"32, AVENIR (RUE DE L') N",,,Plein jour,En agglomération,Hors intersection,Normale,Deux véhicules - arrière,,,,,,,,,,,1,2,1,1,2
200800064865,0008-11-05 19:40:00,8,11,5,19,40,930,55,"13, GENERAL LECLERC (AVE",,,Nuit avec éclairage allumé,En agglomération,Hors intersection,Normale,Deux véhicules - côté,,,,,,,,,,,5,2,1,1,3
200800064866,0008-11-12 19:55:00,8,11,12,19,55,930,55,"18, AUGER",,,Nuit avec éclairage allumé,En agglomération,Hors intersection,Normale,Deux véhicules - arrière,,,,,,,,,,,5,2,1,1,2
200800064867,0008-11-18 10:15:00,8,11,18,10,15,930,55,"130, JEAN JAURES (AVENUE",,,Plein jour,En agglomération,Intersection en T,Pluie légère,Deux véhicules - côté,,,,,,,,,,,1,2,3,2,3
200800064868,0008-11-19 13:00:00,8,11,19,13,0,930,55,CHEMIN DE FER (DU),,,Plein jour,En agglomération,Hors intersection,Normale,Deux véhicules - côté,,,,,,,,,,,1,2,1,1,3
200800064869,0008-11-23 18:45:00,8,11,23,18,45,930,55,"180, GENERAL LECLERC(AVE",,,Nuit avec éclairage non allumé,En agglomération,Hors intersection,Pluie légère,Deux véhicules - frontale,,,,,,,,,,,4,2,1,2,1
200800064870,0008-11-28 17:05:00,8,11,28,17,5,930,55,"178, GENERAL LECLERC(AVE",,,Nuit avec éclairage allumé,En agglomération,Hors intersection,Normale,Deux véhicules - côté,,,,,,,,,,,5,2,1,1,3
200800064871,0008-11-03 15:00:00,8,11,3,15,0,930,14,"05, ROMAIN ROLLAND (ALLE",,,Plein jour,En agglomération,Intersection en T,Normale,Deux véhicules - côté,,,,,,,,,,,1,2,3,1,3
200800064872,0008-11-07 09:20:00,8,11,7,9,20,930,62,MONTFERMEIL (ROND POINT,,,Plein jour,En agglomération,Giratoire,Normale,Sans collision,,,,,,,,,,,1,2,6,1,7
200800064873,0008-11-08 20:35:00,8,11,8,20,35,930,14,CHARLES DE GAULLE (ROND,,,Nuit avec éclairage allumé,En agglomération,Giratoire,Pluie légère,Autre collision,,,,,,,,,,,5,2,6,2,6
200800064874,0008-11-13 09:06:00,8,11,13,9,6,930,14,"211, MONTFERMEIL (ALLEE",,,Plein jour,En agglomération,Hors intersection,Normale,Sans collision,,,,,,,,,,,1,2,1,1,7
200800064875,0008-11-14 09:35:00,8,11,14,9,35,930,14,"0, JULES VALLES (ALLEE)",,,Plein jour,En agglomération,Intersection en X,Pluie légère,Deux véhicules - côté,,,,,,,,,,,1,2,2,2,3
200800064876,0008-11-16 18:20:00,8,11,16,18,20,930,14,MONTFERMEIL (ALLEE DE ),,,Nuit avec éclairage allumé,En agglomération,Intersection en X,Normale,Autre collision,,,,,,,,,,,5,2,2,1,6
200800064877,0008-11-19 13:20:00,8,11,19,13,20,930,14,CENTRE COMMERCIAL LECLER,,,Plein jour,En agglomération,Hors intersection,Normale,Autre collision,,,,,,,,,,,1,2,1,1,6
200800064878,0008-11-25 13:35:00,8,11,25,13,35,930,14,"3, JULES VEDRINES (ALLEE",,,Plein jour,En agglomération,Hors intersection,Normale,Autre collision,,,,,,,,,,,1,2,1,1,6
200800064879,0008-11-25 18:50:00,8,11,25,18,50,930,14,MAURICE AUDIN (ALLEE) RP,,,Nuit avec éclairage allumé,En agglomération,Hors intersection,Normale,Autre collision,,,,,,,,,,,5,2,1,1,6
200800064880,0008-11-27 10:45:00,8,11,27,10,45,930,62,"29, LIVRY (AVENUE DE)",,,Plein jour,En agglomération,Intersection en T,Normale,Deux véhicules - côté,,,,,,,,,,,1,2,3,1,3
200800064881,0008-11-01 23:40:00,8,11,1,23,40,930,77,"00, MONTAGNE SAVART (RUE",,,Nuit avec éclairage allumé,En agglomération,Intersection en X,Normale,Deux véhicules - côté,,,,,,,,,,,5,2,2,1,3
200800064882,0008-11-01 14:30:00,8,11,1,14,30,930,64,"00, BLUM (RUE LEON)",,,Plein jour,En agglomération,Hors intersection,Normale,Sans collision,,,,,,,,,,,1,2,1,1,7
200800064883,0008-11-05 09:00:00,8,11,5,9,0,930,77,"00, NEUILLY (RUE DE)",,,Plein jour,En agglomération,Intersection à plus de 4 branches,Normale,Deux véhicules - côté,,,,,,,,,,,1,2,5,1,3
200800064884,0008-11-09 10:00:00,8,11,9,10,0,930,64,"00, BRANLY (PLACE EDOUAR",,,Plein jour,En agglomération,Intersection en T,Normale,Sans collision,,,,,,,,,,,1,2,3,1,7
200800064885,0008-11-09 07:45:00,8,11,9,7,45,930,77,"26, RAINCY (AVENUE DU)",,,Plein jour,En agglomération,Hors intersection,Normale,Autre collision,,,,,,,,,,,1,2,1,1,6
200800064886,0008-11-12 16:40:00,8,11,12,16,40,930,64,"00, KENNEDY (AVENUE DU P",,,Plein jour,En agglomération,Hors intersection,Normale,Trois véhicules et plus - en chaîne,,,,,,,,,,,1,2,1,1,4
200800064887,0008-11-15 11:45:00,8,11,15,11,45,930,77,"00, BONDY (AVENUE)",,,Plein jour,En agglomération,Intersection à plus de 4 branches,Normale,Autre collision,,,,,,,,,,,1,2,5,1,6
200800064888,0008-11-24 07:30:00,8,11,24,7,30,930,77,"74, ROSNY (AVENUE DE)",,,Crépuscule ou aube,En agglomération,Hors intersection,Normale,Autre collision,,,,,,,,,,,2,2,1,1,6