accident_id,datetime,annee,mois,jour,heure,minute,departement,commune_insee,adresse,latitude,longitude,luminosite,agglomeration,intersection,meteo,collision,nb_vehicules,nb_usagers,nb_indemnes,nb_tues,nb_blesses_hosp,nb_blesses_legers,age_cond_1,age_cond_2,veh_type_cond_1,veh_type_cond_2,lum_code,agg_code,int_code,atm_code,col_code
200800065019,0008-11-05 06:50:00,8,11,5,6,50,940,76,STALINGRAD (AV DE),,,Nuit avec éclairage allumé,En agglomération,Autre intersection,Pluie forte,Deux véhicules - frontale,,,,,,,,,,,5,2,9,3,1
200800065020,0008-11-05 19:25:00,8,11,5,19,25,940,76,MAXIME GORKI (BD),,,Nuit avec éclairage allumé,En agglomération,Intersection en X,Normale,Deux véhicules - côté,,,,,,,,,,,5,2,2,1,3
200800065021,0008-11-06 17:00:00,8,11,6,17,0,940,76,LOUIS ARAGON (AV),,,Plein jour,En agglomération,Intersection en X,Normale,Deux véhicules - côté,,,,,,,,,,,1,2,2,1,3
200800065022,0008-11-06 19:20:00,8,11,6,19,20,940,76,MAXIME GORKI (BD),,,Nuit avec éclairage allumé,En agglomération,Hors intersection,Normale,Autre collision,,,,,,,,,,,5,2,1,1,6
200800065023,0008-11-07 07:20:00,8,11,7,7,20,940,16,GALLIENI (R),,,Plein jour,En agglomération,Hors intersection,Normale,Autre collision,,,,,,,,,,,1,2,1,1,6
200800065024,0008-11-07 21:10:00,8,11,7,21,10,940,3,COLONEL FABIEN (R DU),,,Nuit avec éclairage allumé,En agglomération,Intersection en T,Temps couvert,Autre collision,,,,,,,,,,,5,2,3,8,6
200800065025,0008-11-12 15:55:00,8,11,12,15,55,940,76,"43, PAUL VAILLANT COUTUR",,,Plein jour,En agglomération,Hors intersection,Normale,Deux véhicules - côté,,,,,,,,,,,1,2,1,1,3
200800065026,0008-11-13 07:15:00,8,11,13,7,15,940,43,EUGENE THOMAS (AV),,,Plein jour,En agglomération,Hors intersection,Normale,Deux véhicules - arrière,,,,,,,,,,,1,2,1,1,2
200800065027,0008-11-13 06:35:00,8,11,13,6,35,940,37,"49, DIVISION DU GENERAL",,,Nuit avec éclairage allumé,Hors agglomération,Hors intersection,Normale,Sans collision,,,,,,,,,,,5,1,1,1,7
200800065028,0008-11-15 15:30:00,8,11,15,15,30,940,3,ETIENNE JODELLE (R),,,Plein jour,En agglomération,Intersection en X,Temps couvert,Deux véhicules - côté,,,,,,,,,,,1,2,2,8,3
200800065029,0008-11-15 22:45:00,8,11,15,22,45,940,16,"85, ARISTIDE BRIAND (AV)",,,Nuit avec éclairage allumé,En agglomération,Intersection en T,Normale,Deux véhicules - arrière,,,,,,,,,,,5,2,3,1,2
200800065030,0008-11-18 16:10:00,8,11,18,16,10,940,76,"62, MAXIME GORKI (BD)",,,Plein jour,En agglomération,Hors intersection,Pluie légère,Trois véhicules et plus - collisions multiples,,,,,,,,,,,1,2,1,2,5
200800065031,0008-11-19 12:40:00,8,11,19,12,40,940,3,GABRIEL PERI (AV),,,Plein jour,En agglomération,Intersection à plus de 4 branches,Temps couvert,Sans collision,,,,,,,,,,,1,2,5,8,7
200800065032,0008-11-25 18:05:00,8,11,25,18,5,940,76,PRESIDENT ALLENDE (AV DU,,,Nuit avec éclairage allumé,En agglomération,Intersection en T,Normale,Autre collision,,,,,,,,,,,5,2,3,1,6
200800065033,0008-11-26 19:15:00,8,11,26,19,15,940,3,"69, VLADIMIR ILLITCH LEN",,,Nuit sans éclairage public,Hors agglomération,Hors intersection,Normale,Deux véhicules - côté,,,,,,,,,,,3,1,1,1,3
200800065034,0008-11-27 16:00:00,8,11,27,16,0,940,76,"38, JEAN LURCAT (R)",,,Plein jour,En agglomération,Hors intersection,Normale,Deux véhicules - frontale,,,,,,,,,,,1,2,1,1,1
200800065035,0008-11-27 19:45:00,8,11,27,19,45,940,16,SAUSSAIES (R DES),,,Nuit avec éclairage allumé,En agglomération,Hors intersection,Pluie légère,Sans collision,,,,,,,,,,,5,2,1,2,7
200800065036,0008-11-28 11:40:00,8,11,28,11,40,940,3,AVENUE (TROISIEME),,,Plein jour,En agglomération,Hors intersection,Normale,Autre collision,,,,,,,,,,,1,2,1,1,6
200800065037,0008-11-29 14:55:00,8,11,29,14,55,940,37,GABRIEL PERI (R),,,Plein jour,En agglomération,Intersection en T,Normale,Deux véhicules - côté,,,,,,,,,,,1,2,3,1,3
200800065038,0008-11-02 12:00:00,8,11,2,12,0,940,65,Route nationale 186,,,Plein jour,En agglomération,Hors intersection,Normale,Deux véhicules - arrière,,,,,,,,,,,1,2,1,1,2
200800065039,0008-11-04 14:30:00,8,11,4,14,30,940,65,PONT DES HALLES (R DU),,,Plein jour,En agglomération,Hors intersection,Normale,Autre collision,,,,,,,,,,,1,2,1,1,6
200800065040,0008-11-05 11:55:00,8,11,5,11,55,940,38,JULES FERRY (R),,,Plein jour,En agglomération,Intersection en T,Temps couvert,Autre collision,,,,,,,,,,,1,2,3,8,6
200800065041,0008-11-09 15:25:00,8,11,9,15,25,940,73,FONTAINEBLEAU (AV DE),,,Plein jour,En agglomération,Intersection en T,Normale,Deux véhicules - côté,,,,,,,,,,,1,2,3,1,3
200800065042,0008-11-10 16:15:00,8,11,10,16,15,940,73,boulevard de l'europe,,,Plein jour,En agglomération,Hors intersection,Pluie légère,Deux véhicules - côté,,,,,,,,,,,1,2,1,2,3
200800065043,0008-11-11 18:00:00,8,11,11,18,0,940,38,PAUL VAILLANT COUTURIER,,,Nuit avec éclairage allumé,En agglomération,Hors intersection,Pluie légère,Autre collision,,,,,,,,,,,5,2,1,2,6
200800065044,0008-11-14 18:15:00,8,11,14,18,15,940,73,"83-89, VERSAILLES (AV DE",,,Nuit avec éclairage allumé,En agglomération,Intersection en X,Pluie légère,Deux véhicules - côté,,,,,,,,,,,5,2,2,2,3
200800065045,0008-11-18 07:35:00,8,11,18,7,35,940,21,GEORGES BRASSENS (AV),,,Crépuscule ou aube,En agglomération,Autre intersection,Pluie légère,Autre collision,,,,,,,,,,,2,2,9,2,6
200800065046,0008-11-18 11:50:00,8,11,18,11,50,940,73,"2, REGNAULT LEROY (R)",,,Plein jour,En agglomération,Autre intersection,Temps couvert,Autre collision,,,,,,,,,,,1,2,9,8,6
200800065047,0008-11-15 20:00:00,8,11,15,20,0,940,73,PUITS DIXMES (R DU),,,Nuit sans éclairage public,Hors agglomération,Hors intersection,Normale,Sans collision,,,,,,,,,,,3,1,1,1,7
200800065048,0008-11-19 09:40:00,8,11,19,9,40,940,38,"220-222, FLOUQUET (AV)",,,Plein jour,En agglomération,Intersection en T,Normale,Autre collision,,,,,,,,,,,1,2,3,1,6
200800065049,0008-11-21 00:10:00,8,11,21,0,10,940,21,porte de Thiais,,,Nuit avec éclairage allumé,En agglomération,Hors intersection,Normale,Sans collision,,,,,,,,,,,5,2,1,1,7
200800065050,0008-11-21 15:35:00,8,11,21,15,35,940,38,"25, TOUDOUZES (R DES)",,,Plein jour,En agglomération,Hors intersection,Temps couvert,Autre collision,,,,,,,,,,,1,2,1,8,6
200800065051,0008-11-21 19:15:00,8,11,21,19,15,940,38,"48, BERGERE (R DE LA)",,,Nuit avec éclairage allumé,En agglomération,Hors intersection,Normale,Autre collision,,,,,,,,,,,5,2,1,1,6
200800065052,0008-11-26 06:45:00,8,11,26,6,45,940,73,"241, FONTAINEBLEAU (AV D",,,Nuit avec éclairage allumé,En agglomération,Hors intersection,Normale,Autre collision,,,,,,,,,,,5,2,1,1,6
200800065053,0008-11-26 18:00:00,8,11,26,18,0,940,73,"18, LEON MARCHAND (AV)",,,Nuit avec éclairage allumé,En agglomération,Intersection en T,Normale,Deux véhicules - côté,,,,,,,,,,,5,2,3,1,3
200800065054,0008-11-28 17:10:00,8,11,28,17,10,940,73,"241, FONTAINEBLEAU (AV D",,,Nuit avec éclairage allumé,En agglomération,Hors intersection,Normale,Deux véhicules - côté,,,,,,,,,,,5,2,1,1,3
200800065055,0008-11-29 19:30:00,8,11,29,19,30,940,34,FREDERIC MISTRAL (R),,,Nuit avec éclairage allumé,En agglomération,Intersection en T,Normale,Deux véhicules - côté,,,,,,,,,,,5,2,3,1,3
200800065056,0008-11-06 16:30:00,8,11,6,16,30,940,41,"06, GABRIEL PERI (R)",,,Crépuscule ou aube,En agglomération,Hors intersection,Pluie légère,Sans collision,,,,,,,,,,,2,2,1,2,7
200800065057,0008-11-10 15:30:00,8,11,10,15,30,940,41,"69, DANIELLE CASANOVA (A",,,Plein jour,En agglomération,Intersection en X,Pluie légère,Deux véhicules - côté,,,,,,,,,,,1,2,2,2,3
200800065058,0008-11-14 08:45:00,8,11,14,8,45,940,41,"68, BRANDEBOURG (BD DE)",,,Plein jour,En agglomération,Hors intersection,Pluie légère,Sans collision,,,,,,,,,,,1,2,1,2,7
200800065059,0008-11-17 10:50:00,8,11,17,10,50,940,41,"07, MAURICE GRANDCOING (",,,Plein jour,En agglomération,Hors intersection,Pluie légère,Deux véhicules - côté,,,,,,,,,,,1,2,1,2,3
200800065060,0008-11-19 18:35:00,8,11,19,18,35,940,41,JEAN COMPAGNON (QU),,,Crépuscule ou aube,En agglomération,Hors intersection,Normale,Deux véhicules - côté,,,,,,,,,,,2,2,1,1,3
200800065061,0008-11-22 14:45:00,8,11,22,14,45,940,41,"7, TRUILLOT (R)",,,Plein jour,En agglomération,Hors intersection,Normale,Sans collision,,,,,,,,,,,1,2,1,1,7
200800065062,0008-11-23 13:40:00,8,11,23,13,40,940,41,MOLIERE (R),,,Plein jour,En agglomération,Intersection en X,Pluie légère,Deux véhicules - côté,,,,,,,,,,,1,2,2,2,3
200800065063,0008-11-25 07:40:00,8,11,25,7,40,940,41,JEAN JACQUES ROUSSEAU (R,,,Plein jour,En agglomération,Intersection en X,Normale,Sans collision,,,,,,,,,,,1,2,2,1,7
200800065064,0008-11-29 19:30:00,8,11,29,19,30,940,41,HIPPOLYTE MARQUES (BD),,,Nuit avec éclairage allumé,En agglomération,Hors intersection,Pluie légère,Sans collision,,,,,,,,,,,5,2,1,2,7
200800065065,0008-11-02 12:35:00,8,11,2,12,35,940,41,"78, GEORGES GOSNAT (AV)",,,Plein jour,En agglomération,Intersection en T,Normale,Autre collision,,,,,,,,,,,1,2,3,1,6
200800065066,0008-11-27 11:45:00,8,11,27,11,45,940,41,SAINT JUST (R),,,Plein jour,En agglomération,Intersection en X,Normale,Sans collision,,,,,,,,,,,1,2,2,1,7
200800065067,0008-11-27 20:50:00,8,11,27,20,50,940,41,"9, MOLIERE (R)",,,Nuit avec éclairage allumé,En agglomération,Intersection en X,Pluie légère,Deux véhicules - côté,,,,,,,,,,,5,2,2,2,3
200800065068,0008-11-13 16:20:00,8,11,13,16,20,940,46,"200, JEAN JAURES (R)",,,Plein jour,En agglomération,Hors intersection,Normale,Autre collision,,,,,,,,,,,1,2,1,1,6
200800065069,0008-11-21 18:10:00,8,11,21,18,10,940,46,"00, GENERAL LECLERC (AV",,,Nuit avec éclairage allumé,En agglomération,Intersection en T,Normale,Autre collision,,,,,,,,,,,5,2,3,1,6
200800065070,0008-11-28 11:00:00,8,11,28,11,0,940,46,"288, JEAN JAURES (R)",,,Plein jour,En agglomération,Hors intersection,Normale,Autre collision,,,,,,,,,,,1,2,1,1,6
200800065071,0008-11-22 16:45:00,8,11,22,16,45,950,18,"162, bis, STALINGRAD (AV",,,Plein jour,En agglomération,Hors intersection,Normale,Deux véhicules - côté,,,,,,,,,,,1,2,1,1,3
200800065072,0008-11-18 07:25:00,8,11,18,7,25,950,18,LURCAT (RUE JEAN),,,Crépuscule ou aube,En agglomération,Intersection en T,Pluie légère,Deux véhicules - côté,,,,,,,,,,,2,2,3,2,3
200800065073,0008-11-17 08:10:00,8,11,17,8,10,950,18,GRIVES (RUE DES),,,Plein jour,En agglomération,Autre intersection,Temps couvert,Sans collision,,,,,,,,,,,1,2,9,8,7
200800065074,0008-11-23 17:15:00,8,11,23,17,15,950,18,HELOISE (BOULEVARD),,,Nuit avec éclairage allumé,En agglomération,Intersection en X,Pluie forte,Deux véhicules - frontale,,,,,,,,,,,5,2,2,3,1
200800065075,0008-11-30 07:45:00,8,11,30,7,45,950,18,HELOISE (BOULEVARD),,,Nuit avec éclairage allumé,En agglomération,Intersection en X,Pluie légère,Sans collision,,,,,,,,,,,5,2,2,2,7
200800065076,0008-11-19 11:00:00,8,11,19,11,0,950,63,"17, SALVADOR ALLENDE",,,Plein jour,Hors agglomération,Hors intersection,Temps couvert,Deux véhicules - frontale,,,,,,,,,,,1,1,1,8,1
200800065077,0008-11-20 08:30:00,8,11,20,8,30,950,63,"74, EMILE ZOLA (RUE-1 A",,,Plein jour,Hors agglomération,Hors intersection,Normale,Deux véhicules - côté,,,,,,,,,,,1,1,1,1,3
200800065078,0008-11-25 08:50:00,8,11,25,8,50,950,63,"6, MARIE GARREAU (RUE)",,,Plein jour,Hors agglomération,Hors intersection,Autre,Autre collision,,,,,,,,,,,1,1,1,9,6
200800065079,0008-11-02 10:55:00,8,11,2,10,55,950,572,"100, VERDUN (AVENUE DE)",,,Plein jour,En agglomération,Hors intersection,Normale,Sans collision,,,,,,,,,,,1,2,1,1,7
200800065080,0008-11-15 19:50:00,8,11,15,19,50,950,127,"0, PORT (BOULEVARD DU)",,,Nuit avec éclairage non allumé,En agglomération,Hors intersection,Pluie légère,Sans collision,,,,,,,,,,,4,2,1,2,7
200800065081,0008-11-23 20:50:00,8,11,23,20,50,950,127,"11, CONSTELLATION (AVENU",,,Nuit avec éclairage allumé,En agglomération,Hors intersection,Pluie légère,Autre collision,,,,,,,,,,,5,2,1,2,6
200800065082,0008-11-24 12:55:00,8,11,24,12,55,950,218,"0, BAS NOYER (RUE DU)",,,Plein jour,En agglomération,Hors intersection,Normale,Sans collision,,,,,,,,,,,1,2,1,1,7
200800065083,0008-11-29 19:35:00,8,11,29,19,35,950,127,"5, GENOTTES (AVENUE DES)",,,Crépuscule ou aube,En agglomération,Hors intersection,Normale,Sans collision,,,,,,,,,,,2,2,1,1,7
200800065084,0008-11-05 07:20:00,8,11,5,7,20,950,197,"1, CAUCHOIX (RUE)",,,Crépuscule ou aube,En agglomération,Intersection en X,Pluie légère,Deux véhicules - côté,,,,,,,,,,,2,2,2,2,3
200800065085,0008-11-01 18:00:00,8,11,1,18,0,950,210,"ignoré, DE GAULLE (RUE D",,,Crépuscule ou aube,En agglomération,Intersection en X,Pluie légère,Autre collision,,,,,,,,,,,2,2,2,2,6
200800065086,0008-11-05 15:50:00,8,11,5,15,50,950,14,"3, DOMONT A MONTMORENCY",,,Plein jour,Hors agglomération,Hors intersection,Temps couvert,Deux véhicules - frontale,,,,,,,,,,,1,1,1,8,1
200800065087,0008-11-03 08:25:00,8,11,3,8,25,950,219,EGLISE (RUE DE L'),,,Plein jour,En agglomération,Hors intersection,Normale,Deux véhicules - arrière,,,,,,,,,,,1,2,1,1,2
200800065088,0008-11-04 16:52:00,8,11,4,16,52,950,203,"8, ROUX (RUE DU DOCTEUR)",,,Plein jour,En agglomération,Hors intersection,Normale,Autre collision,,,,,,,,,,,1,2,1,1,6
200800065089,0008-11-04 17:05:00,8,11,4,17,5,950,252,BEL-AIR (BOULEVARD DU),,,Crépuscule ou aube,En agglomération,Hors intersection,Normale,Autre collision,,,,,,,,,,,2,2,1,1,6
200800065090,0008-11-10 20:00:00,8,11,10,20,0,950,203,", LECLERC (RUE DU GENERA",,,Nuit avec éclairage allumé,En agglomération,Hors intersection,Temps couvert,Deux véhicules - arrière,,,,,,,,,,,5,2,1,8,2
200800065091,0008-11-12 22:30:00,8,11,12,22,30,950,203,REPUBLIQUE (BOULEVARD DE,,,Nuit avec éclairage allumé,En agglomération,Intersection en X,Normale,Deux véhicules - côté,,,,,,,,,,,5,2,2,1,3
200800065092,0008-11-15 11:45:00,8,11,15,11,45,950,203,LECLERC (RUE DU GENERAL),,,Plein jour,En agglomération,Hors intersection,Temps couvert,Autre collision,,,,,,,,,,,1,2,1,8,6
200800065093,0008-11-03 15:10:00,8,11,3,15,10,940,52,"NC, JACQUES KABLE (R)",,,Plein jour,En agglomération,Hors intersection,Normale,Deux véhicules - côté,,,,,,,,,,,1,2,1,1,3
200800065094,0008-11-04 16:40:00,8,11,4,16,40,940,58,"16, STATION (R DE LA)",,,Crépuscule ou aube,En agglomération,Hors intersection,Normale,Autre collision,,,,,,,,,,,2,2,1,1,6
200800065095,0008-11-05 17:10:00,8,11,5,17,10,940,42,"NC, GENERAL GALLIENI - P",,,Nuit avec éclairage allumé,En agglomération,Hors intersection,Normale,Autre collision,,,,,,,,,,,5,2,1,1,6
200800065096,0008-11-05 17:45:00,8,11,5,17,45,940,58,"93, ALSACE LORRAINE (BD",,,Nuit avec éclairage allumé,En agglomération,Hors intersection,Normale,Trois véhicules et plus - en chaîne,,,,,,,,,,,5,2,1,1,4
200800065097,0008-11-12 14:15:00,8,11,12,14,15,940,52,GEORGES CLEMENCEAU - PL,,,Plein jour,En agglomération,Hors intersection,Normale,Deux véhicules - côté,,,,,,,,,,,1,2,1,1,3
200800065098,0008-11-14 00:45:00,8,11,14,0,45,940,52,CHARLES DE GAULLE (GRAND,,,Nuit avec éclairage allumé,En agglomération,Intersection en X,Normale,Deux véhicules - côté,,,,,,,,,,,5,2,2,1,3
200800065099,0008-11-17 18:10:00,8,11,17,18,10,940,58,"NC, NEUILLY PLAISANCE (A",,,Nuit avec éclairage allumé,En agglomération,Hors intersection,Normale,Autre collision,,,,,,,,,,,5,2,1,1,6
200800065100,0008-11-10 12:15:00,8,11,10,12,15,940,42,CANADIENS (AV DES),,,Plein jour,En agglomération,Hors intersection,Pluie légère,Trois véhicules et plus - en chaîne,,,,,,,,,,,1,2,1,2,4
200800065101,0008-11-24 19:50:00,8,11,24,19,50,940,52,"29, JACQUES KABLE (R)",,,Nuit avec éclairage allumé,En agglomération,Hors intersection,Pluie légère,Autre collision,,,,,,,,,,,5,2,1,2,6
200800065102,0008-11-03 08:05:00,8,11,3,8,5,940,68,"96, GENERAL GIRAUD (BD D",,,Plein jour,En agglomération,Hors intersection,Normale,Autre collision,,,,,,,,,,,1,2,1,1,6
200800065103,0008-11-04 18:35:00,8,11,4,18,35,940,68,"87, PETIT PARC (QU DU)",,,Nuit avec éclairage allumé,En agglomération,Hors intersection,Normale,Sans collision,,,,,,,,,,,5,2,1,1,7
200800065104,0008-11-06 17:30:00,8,11,6,17,30,940,68,"81, BAC (AV DU)",,,Nuit avec éclairage allumé,En agglomération,Hors intersection,Normale,Autre collision,,,,,,,,,,,5,2,1,1,6
200800065105,0008-11-08 11:10:00,8,11,8,11,10,940,68,D'ADAMVILLE KENNEDY (PL),,,Plein jour,En agglomération,Hors intersection,Normale,Autre collision,,,,,,,,,,,1,2,1,1,6
200800065106,0008-11-13 05:40:00,8,11,13,5,40,940,68,"95, BAC (AV DU)",,,Nuit avec éclairage allumé,En agglomération,Hors intersection,Normale,Autre collision,,,,,,,,,,,5,2,1,1,6
200800065107,0008-11-13 08:40:00,8,11,13,8,40,940,68,"42, PARC (QU DU)",,,Plein jour,En agglomération,Hors intersection,Normale,Sans collision,,,,,,,,,,,1,2,1,1,7
200800065108,0008-11-16 12:00:00,8,11,16,12,0,940,68,"109, LATTRE DE TASSIGNY",,,Plein jour,En agglomération,Hors intersection,Normale,Autre collision,,,,,,,,,,,1,2,1,1,6
200800065109,0008-11-14 21:15:00,8,11,14,21,15,940,68,FOCH (AV),,,Nuit avec éclairage allumé,En agglomération,Hors intersection,Pluie légère,Autre collision,,,,,,,,,,,5,2,1,2,6
200800065110,0008-11-20 11:35:00,8,11,20,11,35,940,68,"83, GARIBALDI (R)",,,Plein jour,En agglomération,Hors intersection,Normale,Sans collision,,,,,,,,,,,1,2,1,1,7
200800065111,0008-11-23 13:25:00,8,11,23,13,25,940,68,CHEMIN VERT (R DU),,,Plein jour,En agglomération,Intersection en X,Neige / grêle,Deux véhicules - côté,,,,,,,,,,,1,2,2,4,3
200800065112,0008-11-27 16:58:00,8,11,27,16,58,940,68,"95, BAC (AV DU)",,,Plein jour,En agglomération,Hors intersection,Normale,Autre collision,,,,,,,,,,,1,2,1,1,6
200800065113,0008-11-28 22:00:00,8,11,28,22,0,940,68,"15, SAINT HILAIRE (R)",,,Nuit avec éclairage allumé,En agglomération,Hors intersection,Normale,Autre collision,,,,,,,,,,,5,2,1,1,6
200800065114,0008-11-01 19:45:00,8,11,1,19,45,940,77,"65, REPUBLIQUE (AV DE LA",,,Nuit avec éclairage allumé,En agglomération,Hors intersection,Normale,Deux véhicules - frontale,,,,,,,,,,,5,2,1,1,1
200800065115,0008-11-07 19:20:00,8,11,7,19,20,940,77,VERDUN (COUR DE),,,Nuit avec éclairage allumé,En agglomération,Hors intersection,Pluie légère,Autre collision,,,,,,,,,,,5,2,1,2,6
200800065116,0008-11-08 17:45:00,8,11,8,17,45,940,78,"4, MELUN (AV DE)",,,Nuit avec éclairage allumé,En agglomération,Hors intersection,Pluie légère,Deux véhicules - côté,,,,,,,,,,,5,2,1,2,3
200800065117,0008-11-12 11:05:00,8,11,12,11,5,940,78,"94, EMILE ZOLA (R)",,,Plein jour,En agglomération,Hors intersection,Normale,Deux véhicules - frontale,,,,,,,,,,,1,2,1,1,1
200800065118,0008-11-17 17:30:00,8,11,17,17,30,940,74,"23, GABRIEL PERI (R)",,,Nuit avec éclairage allumé,En agglomération,Hors intersection,Normale,Deux véhicules - côté,,,,,,,,,,,5,2,1,1,3
200800065119,0008-11-21 19:05:00,8,11,21,19,5,940,77,"19, REPUBLIQUE (AV DE LA",,,Nuit avec éclairage allumé,En agglomération,Hors intersection,Normale,Autre collision,,,,,,,,,,,5,2,1,1,6
200800065120,0008-11-08 18:45:00,8,11,8,18,45,940,74,"46, COLONEL FABIEN (R)",,,Nuit avec éclairage allumé,En agglomération,Hors intersection,Temps couvert,Autre collision,,,,,,,,,,,5,2,1,8,6
200800065121,0008-11-25 12:15:00,8,11,25,12,15,940,77,"1, JEAN PIERRE TIMBAUD (",,,Plein jour,En agglomération,Intersection en X,Normale,Deux véhicules - frontale,,,,,,,,,,,1,2,2,1,1
200800065122,0008-11-24 21:15:00,8,11,24,21,15,940,81,"Angle, YOURI GAGARINE (A",,,Nuit avec éclairage non allumé,En agglomération,Intersection en T,Normale,Autre collision,,,,,,,,,,,4,2,3,1,6
200800065123,0008-11-26 13:05:00,8,11,26,13,5,940,81,"23, BEL AIR (R DU)",,,Plein jour,En agglomération,Hors intersection,Normale,Deux véhicules - arrière,,,,,,,,,,,1,2,1,1,2
200800065124,0008-11-28 18:45:00,8,11,28,18,45,940,81,"22, PAUL VAILLANT COUTUR",,,Nuit avec éclairage allumé,En agglomération,Intersection en T,Normale,Autre collision,,,,,,,,,,,5,2,3,1,6
200800065125,0008-11-03 16:35:00,8,11,3,16,35,950,18,ALOUETTES (RUE DES),,,Plein jour,En agglomération,Intersection en X,Normale,Deux véhicules - côté,,,,,,,,,,,1,2,2,1,3
200800065126,0008-11-03 06:35:00,8,11,3,6,35,950,176,JOFFRE (BOULEVARD),,,Nuit avec éclairage allumé,En agglomération,Giratoire,Normale,Autre collision,,,,,,,,,,,5,2,6,1,6
200800065127,0008-11-04 12:25:00,8,11,4,12,25,950,176,"29, MARTRAY (RUE DU)",,,Plein jour,En agglomération,Intersection en X,Normale,Deux véhicules - côté,,,,,,,,,,,1,2,2,1,3
200800065128,0008-11-04 08:25:00,8,11,4,8,25,950,18,STALINGRAD (AVENUE DE),,,Plein jour,En agglomération,Hors intersection,Normale,Deux véhicules - côté,,,,,,,,,,,1,2,1,1,3
200800065129,0008-11-03 13:45:00,8,11,3,13,45,950,18,COUDRAY (RUE DU),,,Plein jour,En agglomération,Intersection en X,Normale,Deux véhicules - côté,,,,,,,,,,,1,2,2,1,3
200800065130,0008-11-06 07:55:00,8,11,6,7,55,950,18,RESISTANCE (BOULEVARD DE,,,Crépuscule ou aube,En agglomération,Intersection en T,Normale,Deux véhicules - côté,,,,,,,,,,,2,2,3,1,3
200800065131,0008-11-04 09:30:00,8,11,4,9,30,950,18,RD 311,,,Plein jour,Hors agglomération,Intersection en Y,Normale,Deux véhicules - arrière,,,,,,,,,,,1,1,4,1,2
200800065132,0008-11-08 18:40:00,8,11,8,18,40,950,18,"2, CLOVIERS (RUE DES)",,,Nuit avec éclairage allumé,En agglomération,Intersection à plus de 4 branches,Pluie légère,Autre collision,,,,,,,,,,,5,2,5,2,6
200800065133,0008-11-07 06:50:00,8,11,7,6,50,950,18,BARBUSSE (RUE HENRI),,,Nuit avec éclairage allumé,En agglomération,Intersection en X,Normale,Deux véhicules - côté,,,,,,,,,,,5,2,2,1,3
200800065134,0008-11-09 15:05:00,8,11,9,15,5,950,18,"49, THOMAS (RUE AMBROISE",,,Plein jour,En agglomération,Intersection en X,Normale,Deux véhicules - arrière,,,,,,,,,,,1,2,2,1,2
200800065135,0008-11-11 18:45:00,8,11,11,18,45,950,18,ARGENTEUIL (PONT D' ),,,Nuit avec éclairage allumé,En agglomération,Hors intersection,Pluie légère,Autre collision,,,,,,,,,,,5,2,1,2,6
200800065136,0008-11-12 18:25:00,8,11,12,18,25,950,18,DIX NEUF MARS 1962 (RUE,,,Nuit avec éclairage allumé,En agglomération,Intersection en X,Normale,Deux véhicules - côté,,,,,,,,,,,5,2,2,1,3
200800065137,0008-11-14 09:55:00,8,11,14,9,55,950,18,PERREUX (RUE DU),,,Plein jour,En agglomération,Intersection en T,Pluie légère,Deux véhicules - côté,,,,,,,,,,,1,2,3,2,3
200800065138,0008-11-14 18:20:00,8,11,14,18,20,950,582,"9, PIRETINS (MAIL DES)",,,Nuit avec éclairage allumé,En agglomération,Hors intersection,Pluie légère,Autre collision,,,,,,,,,,,5,2,1,2,6
200800065139,0008-11-15 07:10:00,8,11,15,7,10,950,18,BARBUSSE (RUE HENRI),,,Nuit avec éclairage allumé,En agglomération,Hors intersection,Normale,Autre collision,,,,,,,,,,,5,2,1,1,6
200800065140,0008-11-15 09:45:00,8,11,15,9,45,950,18,NONNAISE (RUE DE LA),,,Plein jour,En agglomération,Hors intersection,Normale,Sans collision,,,,,,,,,,,1,2,1,1,7
200800065141,0008-11-13 07:15:00,8,11,13,7,15,950,18,MALCOUTURE (RUE DE),,,Nuit avec éclairage allumé,En agglomération,Intersection en T,Normale,Deux véhicules - arrière,,,,,,,,,,,5,2,3,1,2
200800065142,0008-11-14 19:35:00,8,11,14,19,35,950,18,PONTOISE (ROUTE DE),,,Nuit avec éclairage allumé,En agglomération,Hors intersection,Normale,Trois véhicules et plus - en chaîne,,,,,,,,,,,5,2,1,1,4
200800065143,0008-11-17 18:15:00,8,11,17,18,15,950,18,"152, PONTOISE (ROUTE DE)",,,Nuit avec éclairage allumé,En agglomération,Hors intersection,Temps couvert,Autre collision,,,,,,,,,,,5,2,1,8,6
200800065144,0008-11-18 08:20:00,8,11,18,8,20,950,18,"50, PERI (AVENUE GABRIEL",,,Nuit avec éclairage allumé,En agglomération,Intersection en X,Pluie légère,Deux véhicules - côté,,,,,,,,,,,5,2,2,2,3
200800065145,0008-11-20 16:00:00,8,11,20,16,0,950,582,ROND POINT DU BIP,,,Plein jour,En agglomération,Giratoire,Normale,Sans collision,,,,,,,,,,,1,2,6,1,7
200800065146,0008-11-20 19:10:00,8,11,20,19,10,950,18,ALLOBROGES (RUE DES),,,Nuit avec éclairage allumé,En agglomération,Hors intersection,Pluie légère,Sans collision,,,,,,,,,,,5,2,1,2,7
200800065147,0008-11-20 18:40:00,8,11,20,18,40,950,18,EPINAY (RUE D' ),,,Nuit avec éclairage allumé,En agglomération,Intersection en X,Normale,Deux véhicules - côté,,,,,,,,,,,5,2,2,1,3