accident_id,datetime,annee,mois,jour,heure,minute,departement,commune_insee,adresse,latitude,longitude,luminosite,agglomeration,intersection,meteo,collision,nb_vehicules,nb_usagers,nb_indemnes,nb_tues,nb_blesses_hosp,nb_blesses_legers,age_cond_1,age_cond_2,veh_type_cond_1,veh_type_cond_2,lum_code,agg_code,int_code,atm_code,col_code
200800065148,0008-11-27 02:10:00,8,11,27,2,10,670,482,"130, SCHIRMECK (ROUTE DE",,,Nuit avec éclairage allumé,En agglomération,Hors intersection,Normale,Autre collision,,,,,,,,,,,5,2,1,1,6
200800065149,0008-11-27 16:45:00,8,11,27,16,45,670,447,JEAN MONNET (RUE),,,Crépuscule ou aube,En agglomération,Hors intersection,Normale,Autre collision,,,,,,,,,,,2,2,1,1,6
200800065150,0008-11-27 21:05:00,8,11,27,21,5,670,218,"00, RHIN (ROUTE DU)",,,Nuit avec éclairage non allumé,En agglomération,Hors intersection,Normale,Sans collision,,,,,,,,,,,4,2,1,1,7
200800065151,0008-11-28 19:20:00,8,11,28,19,20,670,482,"00, MOLSHEIM (RUE DE)",,,Nuit avec éclairage allumé,En agglomération,Intersection en T,Normale,Deux véhicules - arrière,,,,,,,,,,,5,2,3,1,2
200800065152,0008-11-29 09:20:00,8,11,29,9,20,670,43,"00, ENERGIE (RUE DE L )",,,Crépuscule ou aube,En agglomération,Intersection en T,Normale,Deux véhicules - côté,,,,,,,,,,,2,2,3,1,3
200800065153,0008-11-30 07:00:00,8,11,30,7,0,670,482,"00, GENERAL DE GAULLE (A",,,Nuit avec éclairage allumé,En agglomération,Intersection en X,Normale,Deux véhicules - côté,,,,,,,,,,,5,2,2,1,3
200800065154,0008-11-06 15:19:00,8,11,6,15,19,680,66,INGERSHEIM (ROUTE D'),,,Plein jour,En agglomération,Intersection en X,Normale,Deux véhicules - côté,,,,,,,,,,,1,2,2,1,3
200800065155,0008-11-07 07:00:00,8,11,7,7,0,680,66,LADHOF (RUE DU),,,Nuit avec éclairage allumé,En agglomération,Giratoire,Normale,Sans collision,,,,,,,,,,,5,2,6,1,7
200800065156,0008-11-11 00:20:00,8,11,11,0,20,680,66,"1, RIBEAUVILLE (RUE DE)",,,Nuit avec éclairage allumé,En agglomération,Intersection en X,Normale,Autre collision,,,,,,,,,,,5,2,2,1,6
200800065157,0008-11-14 12:06:00,8,11,14,12,6,680,66,"6, LATTRE DE TASSIGNY (P",,,Plein jour,En agglomération,Place,Normale,Autre collision,,,,,,,,,,,1,2,7,1,6
200800065158,0008-11-14 13:10:00,8,11,14,13,10,680,66,"18, ST PIERRE (BOULEVARD",,,Plein jour,En agglomération,Intersection en X,Normale,Autre collision,,,,,,,,,,,1,2,2,1,6
200800065159,0008-11-18 14:21:00,8,11,18,14,21,680,66,"28, LIBERTE (AVENUE DE L",,,Plein jour,En agglomération,Hors intersection,Normale,Deux véhicules - arrière,,,,,,,,,,,1,2,1,1,2
200800065160,0008-11-20 17:02:00,8,11,20,17,2,680,66,"8, POUDRIERE (RUE DE LA)",,,Nuit avec éclairage allumé,En agglomération,Intersection en T,Normale,Deux véhicules - arrière,,,,,,,,,,,5,2,3,1,2
200800065161,0008-11-21 15:46:00,8,11,21,15,46,680,66,"23, ROUFFACH (ROUTE DE)",,,Plein jour,En agglomération,Intersection en X,Normale,Deux véhicules - côté,,,,,,,,,,,1,2,2,1,3
200800065162,0008-11-24 14:51:00,8,11,24,14,51,680,66,"9, PARIS (AVENUE DE)",,,Plein jour,En agglomération,Hors intersection,Normale,Autre collision,,,,,,,,,,,1,2,1,1,6
200800065163,0008-11-21 15:56:00,8,11,21,15,56,680,66,"56, CAVALERIE (RUE DE LA",,,Plein jour,En agglomération,Intersection en T,Normale,Autre collision,,,,,,,,,,,1,2,3,1,6
200800065164,0008-11-05 12:40:00,8,11,5,12,40,680,224,"16, LOISY (RUE DU LIEUTE",,,Plein jour,En agglomération,Intersection en T,Normale,Deux véhicules - côté,,,,,,,,,,,1,2,3,1,3
200800065165,0008-11-05 15:08:00,8,11,5,15,8,680,224,GAY-LUSSAC (RUE),,,Plein jour,En agglomération,Giratoire,Normale,Deux véhicules - frontale,,,,,,,,,,,1,2,6,1,1
200800065166,0008-11-06 09:50:00,8,11,6,9,50,680,224,GUTENBERG (RUE),,,Plein jour,En agglomération,Autre intersection,Normale,Autre collision,,,,,,,,,,,1,2,9,1,6
200800065167,0008-11-02 03:17:00,8,11,2,3,17,680,224,"22, HABSHEIM (RUE DE)",,,Nuit avec éclairage allumé,En agglomération,Intersection en X,Normale,Deux véhicules - côté,,,,,,,,,,,5,2,2,1,3
200800065168,0008-11-07 15:45:00,8,11,7,15,45,680,224,"20, WICKY (AVENUE AUGUST",,,Plein jour,En agglomération,Hors intersection,Normale,Autre collision,,,,,,,,,,,1,2,1,1,6
200800065169,0008-11-08 16:46:00,8,11,8,16,46,680,271,"323, BALE (RUE DE)",,,Plein jour,En agglomération,Intersection en X,Normale,Deux véhicules - côté,,,,,,,,,,,1,2,2,1,3
200800065170,0008-11-13 09:29:00,8,11,13,9,29,680,224,"127, COLMAR (AVENUE DE)",,,Plein jour,En agglomération,Intersection en T,Pluie légère,Autre collision,,,,,,,,,,,1,2,3,2,6
200800065171,0008-11-18 15:20:00,8,11,18,15,20,680,224,"02, COLMAR (AVENUE DE)",,,Plein jour,En agglomération,Intersection en T,Normale,Deux véhicules - côté,,,,,,,,,,,1,2,3,1,3
200800065172,0008-11-26 21:11:00,8,11,26,21,11,680,224,AUTOROUTE A 36,,,Nuit avec éclairage allumé,Hors agglomération,Hors intersection,Normale,Autre collision,,,,,,,,,,,5,1,1,1,6
200800065173,0008-11-28 07:25:00,8,11,28,7,25,680,224,"1, RATTACHEMENT (PLACE D",,,Plein jour,En agglomération,Hors intersection,Normale,Autre collision,,,,,,,,,,,1,2,1,1,6
200800065174,0008-11-25 17:20:00,8,11,25,17,20,680,224,"47, FRANKLIN (RUE)",,,Plein jour,En agglomération,Hors intersection,Normale,Deux véhicules - arrière,,,,,,,,,,,1,2,1,1,2
200800065175,0008-11-22 13:15:00,8,11,22,13,15,680,224,CAMUS (RUE ALBERT),,,Plein jour,En agglomération,Intersection en T,Normale,Autre collision,,,,,,,,,,,1,2,3,1,6
200800065176,0008-11-27 08:25:00,8,11,27,8,25,680,224,SOULTZ (RUE DE),,,Plein jour,En agglomération,Hors intersection,Normale,Deux véhicules - côté,,,,,,,,,,,1,2,1,1,3
200800065177,0008-11-21 17:30:00,8,11,21,17,30,680,224,AUTOROUTE A 36,,,Nuit sans éclairage public,Hors agglomération,Autre intersection,Normale,Autre collision,,,,,,,,,,,3,1,9,1,6
200800065178,0008-11-25 18:10:00,8,11,25,18,10,680,224,"60, ILE NAPOLEON (RUE DE",,,Nuit avec éclairage allumé,En agglomération,Giratoire,Normale,Deux véhicules - arrière,,,,,,,,,,,5,2,6,1,2
200800065179,0008-11-04 23:00:00,8,11,4,23,0,680,271,"156, ILE NAPOLEON (RUE D",,,Nuit avec éclairage allumé,En agglomération,Intersection en X,Normale,Deux véhicules - côté,,,,,,,,,,,5,2,2,1,3
200800065180,0008-11-28 20:00:00,8,11,28,20,0,680,224,"1, SALENGRO (AVENUE ROGE",,,Nuit avec éclairage allumé,En agglomération,Autre intersection,Normale,Deux véhicules - arrière,,,,,,,,,,,5,2,9,1,2
200800065181,0008-11-21 17:15:00,8,11,21,17,15,680,297,SEVILLE ( RUE DE ),,,Nuit avec éclairage allumé,En agglomération,Hors intersection,Temps couvert,Deux véhicules - côté,,,,,,,,,,,5,2,1,8,3
200800065182,0008-11-14 21:45:00,8,11,14,21,45,690,29,"40, AVENUE FRANKLIN ROOS",,,Nuit avec éclairage allumé,En agglomération,Hors intersection,Normale,Deux véhicules - côté,,,,,,,,,,,5,2,1,1,3
200800065183,0008-11-03 09:10:00,8,11,3,9,10,690,34,"29, MONTEE DES FORTS",,,Plein jour,En agglomération,Hors intersection,Normale,Autre collision,,,,,,,,,,,1,2,1,1,6
200800065184,0008-11-08 04:00:00,8,11,8,4,0,690,34,"0, MONTEE DE LA BOUCLE",,,Nuit avec éclairage allumé,En agglomération,Hors intersection,Pluie légère,Deux véhicules - frontale,,,,,,,,,,,5,2,1,2,1
200800065185,0008-11-14 13:00:00,8,11,14,13,0,690,34,"16, RUE DE LA GARE DE CU",,,Plein jour,En agglomération,Hors intersection,Normale,Deux véhicules - côté,,,,,,,,,,,1,2,1,1,3
200800065186,0008-11-24 09:25:00,8,11,24,9,25,690,34,"38, QUAI CLEMENCEAU",,,Plein jour,En agglomération,Hors intersection,Normale,Autre collision,,,,,,,,,,,1,2,1,1,6
200800065187,0008-11-25 16:30:00,8,11,25,16,30,690,34,"11, RUE JEAN MOULIN",,,Plein jour,En agglomération,Hors intersection,Normale,Autre collision,,,,,,,,,,,1,2,1,1,6
200800065188,0008-11-27 18:00:00,8,11,27,18,0,690,34,PLACE JULES FERRY,,,Nuit avec éclairage allumé,En agglomération,Hors intersection,Normale,Autre collision,,,,,,,,,,,5,2,1,1,6
200800065189,0008-11-09 21:45:00,8,11,9,21,45,690,96,"x, 19 MARS 1962  (AV)",,,Nuit avec éclairage allumé,En agglomération,Intersection en X,Normale,Trois véhicules et plus - collisions multiples,,,,,,,,,,,5,2,2,1,5
200800065190,0008-11-06 09:30:00,8,11,6,9,30,690,152,"0, JULES GUESDE",,,Plein jour,En agglomération,Intersection en X,Pluie légère,Deux véhicules - côté,,,,,,,,,,,1,2,2,2,3
200800065191,0008-11-25 07:00:00,8,11,25,7,0,690,152,"127, EUROPE (DE L')",,,Nuit avec éclairage allumé,En agglomération,Autre intersection,Normale,Deux véhicules - arrière,,,,,,,,,,,5,2,9,1,2
200800065192,0008-11-21 17:00:00,8,11,21,17,0,690,202,"04, LIMBURG (DE)",,,Nuit avec éclairage allumé,En agglomération,Hors intersection,Pluie forte,Deux véhicules - côté,,,,,,,,,,,5,2,1,3,3
200800065193,0008-11-21 07:35:00,8,11,21,7,35,690,149,"0, GRANDE RUE",,,Nuit avec éclairage allumé,En agglomération,Intersection en T,Normale,Deux véhicules - frontale,,,,,,,,,,,5,2,3,1,1
200800065194,0008-11-27 18:50:00,8,11,27,18,50,690,152,"0, JULES GUESDE",,,Nuit avec éclairage allumé,En agglomération,Intersection en Y,Normale,Deux véhicules - côté,,,,,,,,,,,5,2,4,1,3
200800065195,0008-11-13 07:05:00,8,11,13,7,5,690,256,GABRIEL PERI,,,Crépuscule ou aube,En agglomération,Hors intersection,Normale,Autre collision,,,,,,,,,,,2,2,1,1,6
200800065196,0008-11-24 18:30:00,8,11,24,18,30,690,256,"21, ERNEST RENAN",,,Nuit avec éclairage non allumé,En agglomération,Hors intersection,Temps couvert,Deux véhicules - frontale,,,,,,,,,,,4,2,1,8,1
200800065197,0008-11-03 13:00:00,8,11,3,13,0,690,259,"0, AVENUE JEAN CAGNE",,,Plein jour,En agglomération,Intersection en X,Normale,Deux véhicules - côté,,,,,,,,,,,1,2,2,1,3
200800065198,0008-11-04 05:50:00,8,11,4,5,50,690,199,CARNOT,,,Nuit avec éclairage allumé,En agglomération,Intersection en X,Normale,Deux véhicules - côté,,,,,,,,,,,5,2,2,1,3
200800065199,0008-11-03 15:20:00,8,11,3,15,20,690,259,"29, RUE VLADIMIR KOMAROV",,,Plein jour,En agglomération,Hors intersection,Normale,Sans collision,,,,,,,,,,,1,2,1,1,7
200800065200,0008-11-04 19:00:00,8,11,4,19,0,690,259,"66, BOULEVARD IRENE JOLI",,,Nuit avec éclairage allumé,En agglomération,Hors intersection,Normale,Deux véhicules - arrière,,,,,,,,,,,5,2,1,1,2
200800065201,0008-11-04 16:10:00,8,11,4,16,10,690,259,PLACE JULES GRANDCLEMENT,,,Plein jour,En agglomération,Intersection en T,Normale,Deux véhicules - frontale,,,,,,,,,,,1,2,3,1,1
200800065202,0008-11-13 15:05:00,8,11,13,15,5,690,259,"0, AVENUE FRANCIS DE PRE",,,Plein jour,En agglomération,Hors intersection,Normale,Trois véhicules et plus - collisions multiples,,,,,,,,,,,1,2,1,1,5
200800065203,0008-11-18 13:30:00,8,11,18,13,30,690,259,"0, RUE PIERRE BROSSOLETT",,,Plein jour,En agglomération,Intersection en X,Normale,Sans collision,,,,,,,,,,,1,2,2,1,7
200800065204,0008-11-14 17:50:00,8,11,14,17,50,690,199,"0, RUE PARMENTIER",,,Nuit sans éclairage public,En agglomération,Intersection en T,Normale,Autre collision,,,,,,,,,,,3,2,3,1,6
200800065205,0008-11-15 10:55:00,8,11,15,10,55,690,199,"0, AVENUE ALBERT THOMAS",,,Plein jour,En agglomération,Hors intersection,Normale,Autre collision,,,,,,,,,,,1,2,1,1,6
200800065206,0008-11-19 11:00:00,8,11,19,11,0,690,259,"00, AVENUE PIERRE COT",,,Plein jour,En agglomération,Giratoire,Temps couvert,Deux véhicules - côté,,,,,,,,,,,1,2,6,8,3
200800065207,0008-11-17 08:30:00,8,11,17,8,30,690,259,"0, BOULEVARD LAURENT BON",,,Plein jour,En agglomération,Hors intersection,Normale,Deux véhicules - côté,,,,,,,,,,,1,2,1,1,3
200800065208,0008-11-19 17:50:00,8,11,19,17,50,690,259,"0, FRANCIS DE PRESSENSE",,,Nuit avec éclairage allumé,En agglomération,Hors intersection,Normale,Deux véhicules - arrière,,,,,,,,,,,5,2,1,1,2
200800065209,0008-11-21 21:45:00,8,11,21,21,45,690,199,"0, JEAN JAURES",,,Nuit avec éclairage allumé,En agglomération,Intersection en X,Normale,Deux véhicules - frontale,,,,,,,,,,,5,2,2,1,1
200800065210,0008-11-24 18:20:00,8,11,24,18,20,690,259,"55, RUE LEO LAGRANGE",,,Crépuscule ou aube,En agglomération,Hors intersection,Normale,Autre collision,,,,,,,,,,,2,2,1,1,6
200800065211,0008-11-25 17:25:00,8,11,25,17,25,690,199,"13, RUE JEAN MACE",,,Nuit avec éclairage allumé,En agglomération,Hors intersection,Normale,Autre collision,,,,,,,,,,,5,2,1,1,6
200800065212,0008-11-07 21:00:00,8,11,7,21,0,690,259,AVENUE DE LA REPUBLIQUE,,,Nuit avec éclairage allumé,En agglomération,Hors intersection,Pluie légère,Deux véhicules - arrière,,,,,,,,,,,5,2,1,2,2
200800065213,0008-11-16 11:45:00,8,11,16,11,45,690,13,HERBAIN (ROUTE D'),,,Plein jour,Hors agglomération,Hors intersection,Normale,Autre collision,,,,,,,,,,,1,1,1,1,6
200800065214,0008-11-01 18:00:00,8,11,1,18,0,690,13,"18, LONGSARD (ROUTE DE)",,,Nuit avec éclairage allumé,En agglomération,Hors intersection,Pluie forte,Autre collision,,,,,,,,,,,5,2,1,3,6
200800065215,0008-11-03 19:25:00,8,11,3,19,25,690,266,"., COURS TOLSTOI",,,Nuit avec éclairage allumé,En agglomération,Intersection en T,Normale,Deux véhicules - côté,,,,,,,,,,,5,2,3,1,3
200800065216,0008-11-04 08:15:00,8,11,4,8,15,690,266,"., RUE DU NORD",,,Plein jour,En agglomération,Intersection en T,Normale,Autre collision,,,,,,,,,,,1,2,3,1,6
200800065217,0008-11-04 13:15:00,8,11,4,13,15,690,266,"8, RUE MICHEL SERVET",,,Plein jour,En agglomération,Hors intersection,Normale,Autre collision,,,,,,,,,,,1,2,1,1,6
200800065218,0008-11-05 14:20:00,8,11,5,14,20,690,266,"., autre",,,Plein jour,En agglomération,Intersection en T,Normale,Autre collision,,,,,,,,,,,1,2,3,1,6
200800065219,0008-11-06 22:50:00,8,11,6,22,50,690,266,"., RUE BONNET",,,Nuit avec éclairage allumé,En agglomération,Intersection en X,Normale,Deux véhicules - côté,,,,,,,,,,,5,2,2,1,3
200800065220,0008-11-08 23:15:00,8,11,8,23,15,690,266,"34, AVENUE ANTOINE DE SA",,,Nuit avec éclairage allumé,En agglomération,Hors intersection,Normale,Deux véhicules - côté,,,,,,,,,,,5,2,1,1,3
200800065221,0008-11-09 08:45:00,8,11,9,8,45,690,266,"1, RUE DE LA DOUA",,,Plein jour,En agglomération,Intersection en X,Pluie légère,Autre collision,,,,,,,,,,,1,2,2,2,6
200800065222,0008-11-10 18:30:00,8,11,10,18,30,690,266,"03, RUE RICHELIEU",,,Nuit avec éclairage allumé,En agglomération,Hors intersection,Normale,Deux véhicules - frontale,,,,,,,,,,,5,2,1,1,1
200800065223,0008-11-12 19:30:00,8,11,12,19,30,690,266,"1, COURS EMILE ZOLA",,,Nuit avec éclairage allumé,En agglomération,Intersection en X,Normale,Deux véhicules - arrière,,,,,,,,,,,5,2,2,1,2
200800065224,0008-11-15 18:45:00,8,11,15,18,45,690,266,"9, RUE DU SOUVENIR FRANC",,,Nuit avec éclairage allumé,En agglomération,Hors intersection,Normale,Autre collision,,,,,,,,,,,5,2,1,1,6
200800065225,0008-11-22 17:50:00,8,11,22,17,50,690,266,RUE ANATOLE FRANCE,,,Nuit avec éclairage allumé,En agglomération,Intersection en Y,Pluie légère,Deux véhicules - frontale,,,,,,,,,,,5,2,4,2,1
200800065226,0008-11-27 00:15:00,8,11,27,0,15,670,482,RICHARD WAGNER (RUE),,,Nuit avec éclairage allumé,En agglomération,Intersection en X,Normale,Deux véhicules - côté,,,,,,,,,,,5,2,2,1,3
200800065227,0008-11-30 22:45:00,8,11,30,22,45,690,266,"323, COURS EMILE ZOLA",,,Nuit avec éclairage allumé,En agglomération,Intersection en T,Normale,Deux véhicules - côté,,,,,,,,,,,5,2,3,1,3
200800065228,0008-11-29 22:45:00,8,11,29,22,45,690,266,"., RUE DU NORD",,,Nuit avec éclairage allumé,En agglomération,Hors intersection,Pluie légère,Autre collision,,,,,,,,,,,5,2,1,2,6
200800065229,0008-11-25 12:15:00,8,11,25,12,15,690,266,"3, RUE BERTHELOT",,,Plein jour,En agglomération,Hors intersection,Normale,Autre collision,,,,,,,,,,,1,2,1,1,6
200800065230,0008-11-19 12:10:00,8,11,19,12,10,690,282,"., AVENUE DU CARREAU",,,Plein jour,En agglomération,Hors intersection,Normale,Autre collision,,,,,,,,,,,1,2,1,1,6
200800065231,0008-11-09 16:45:00,8,11,9,16,45,690,290,"22, RUE ARISTIDE BRIAND",,,Plein jour,En agglomération,Hors intersection,Normale,Autre collision,,,,,,,,,,,1,2,1,1,6
200800065232,0008-11-21 14:00:00,8,11,21,14,0,690,290,"0, CHEMIN DE SAINT BONNE",,,Plein jour,En agglomération,Intersection en T,Normale,Deux véhicules - côté,,,,,,,,,,,1,2,3,1,3
200800065233,0008-11-01 00:15:00,8,11,1,0,15,700,388,RD457,,,Nuit avec éclairage allumé,Hors agglomération,Hors intersection,Normale,Sans collision,,,,,,,,,,,5,1,1,1,7
200800065234,0008-11-17 18:00:00,8,11,17,18,0,710,76,"1, ARNAL (RUE RAYMOND)",,,Nuit avec éclairage allumé,En agglomération,Intersection en X,Normale,Autre collision,,,,,,,,,,,5,2,2,1,6
200800065235,0008-11-19 13:20:00,8,11,19,13,20,710,445,RD 978BIS,,,Plein jour,Hors agglomération,Hors intersection,Normale,Deux véhicules - frontale,,,,,,,,,,,1,1,1,1,1
200800065236,0008-11-22 19:10:00,8,11,22,19,10,710,76,"2, KENNEDY (AVENUE JOHN",,,Nuit avec éclairage allumé,En agglomération,Hors intersection,Normale,Deux véhicules - côté,,,,,,,,,,,5,2,1,1,3
200800065237,0008-11-25 09:30:00,8,11,25,9,30,710,76,NIEPCE (AVENUE NICEPHORE,,,Plein jour,En agglomération,Hors intersection,Normale,Autre collision,,,,,,,,,,,1,2,1,1,6
200800065238,0008-11-25 18:00:00,8,11,25,18,0,710,76,CHARREAUX (AVENUE DES),,,Nuit avec éclairage allumé,En agglomération,Hors intersection,Normale,Deux véhicules - côté,,,,,,,,,,,5,2,1,1,3
200800065239,0008-11-21 16:20:00,8,11,21,16,20,710,153,"., FONDERIE (RUE DE LA)",,,Plein jour,En agglomération,Intersection en T,Normale,Autre collision,,,,,,,,,,,1,2,3,1,6
200800065240,0008-11-02 13:45:00,8,11,2,13,45,710,105,CLUNY (ROUTE DE),,,Plein jour,En agglomération,Hors intersection,Normale,Sans collision,,,,,,,,,,,1,2,1,1,7
200800065241,0008-11-01 22:50:00,8,11,1,22,50,710,270,HERRIOT (AVENUE EDOUARD),,,Nuit avec éclairage allumé,En agglomération,Hors intersection,Pluie forte,Deux véhicules - arrière,,,,,,,,,,,5,2,1,3,2
200800065242,0008-11-05 16:30:00,8,11,5,16,30,710,105,DAVAYE (ROUTE DE),,,Plein jour,En agglomération,Intersection en X,Normale,Deux véhicules - côté,,,,,,,,,,,1,2,2,1,3
200800065243,0008-11-08 20:25:00,8,11,8,20,25,710,270,GAULLE (AVENUE DU GENERA,,,Nuit avec éclairage allumé,En agglomération,Hors intersection,Normale,Deux véhicules - côté,,,,,,,,,,,5,2,1,1,3
200800065244,0008-11-10 15:30:00,8,11,10,15,30,710,497,"1, Intersection GUESNET/",,,Plein jour,En agglomération,Intersection en T,Normale,Trois véhicules et plus - collisions multiples,,,,,,,,,,,1,2,3,1,5
200800065245,0008-11-18 17:10:00,8,11,18,17,10,710,105,"1, BOIS D'ALIER (CHEMIN",,,Crépuscule ou aube,Hors agglomération,Hors intersection,Pluie légère,Deux véhicules - arrière,,,,,,,,,,,2,1,1,2,2
200800065246,0008-11-03 23:20:00,8,11,3,23,20,710,499,"1208, VOLTAIRE (RUE)",,,Nuit avec éclairage allumé,En agglomération,Hors intersection,Normale,Sans collision,,,,,,,,,,,5,2,1,1,7
200800065247,0008-11-03 18:05:00,8,11,3,18,5,710,306,"57, ROBESPIERRE (RUE)",,,Nuit avec éclairage allumé,En agglomération,Intersection en T,Normale,Deux véhicules - côté,,,,,,,,,,,5,2,3,1,3
200800065248,0008-11-24 08:40:00,8,11,24,8,40,710,306,"17, JEAN BOUVERI (RUE)",,,Crépuscule ou aube,En agglomération,Intersection en T,Pluie légère,Sans collision,,,,,,,,,,,2,2,3,2,7
200800065249,0008-11-03 17:35:00,8,11,3,17,35,720,181,CHURCHILL WINSTON (BD) I,,,Nuit avec éclairage allumé,En agglomération,Hors intersection,Pluie légère,Deux véhicules - arrière,,,,,,,,,,,5,2,1,2,2
200800065250,0008-11-04 13:15:00,8,11,4,13,15,720,181,"153, JAURES JEAN (AV) N°",,,Plein jour,En agglomération,Hors intersection,Normale,Deux véhicules - arrière,,,,,,,,,,,1,2,1,1,2
200800065251,0008-11-04 15:10:00,8,11,4,15,10,720,3,MAIL (RUE DU),,,Plein jour,En agglomération,Hors intersection,Normale,Autre collision,,,,,,,,,,,1,2,1,1,6
200800065252,0008-11-04 17:20:00,8,11,4,17,20,720,181,PATTON GENERAL RTE BAUGE,,,Plein jour,Hors agglomération,Hors intersection,Normale,Deux véhicules - côté,,,,,,,,,,,1,1,1,1,3
200800065253,0008-11-04 19:30:00,8,11,4,19,30,720,181,CHURCHILL WINSTON (BD) I,,,Nuit avec éclairage allumé,En agglomération,Hors intersection,Normale,Autre collision,,,,,,,,,,,5,2,1,1,6
200800065254,0008-11-05 18:50:00,8,11,5,18,50,720,181,GARE (BD DE LA),,,Nuit avec éclairage allumé,En agglomération,Hors intersection,Pluie légère,Deux véhicules - côté,,,,,,,,,,,5,2,1,2,3
200800065255,0008-11-08 06:17:00,8,11,8,6,17,720,3,19 MARS 1962 (AV),,,Nuit avec éclairage allumé,En agglomération,Hors intersection,Normale,Deux véhicules - côté,,,,,,,,,,,5,2,1,1,3
200800065256,0008-11-08 11:00:00,8,11,8,11,0,720,3,SUZE (RTE DE LA),,,Plein jour,Hors agglomération,Hors intersection,Normale,Autre collision,,,,,,,,,,,1,1,1,1,6
200800065257,0008-11-08 17:15:00,8,11,8,17,15,720,3,FONDUS (RTE DES),,,Nuit avec éclairage allumé,En agglomération,Hors intersection,Pluie légère,Trois véhicules et plus - en chaîne,,,,,,,,,,,5,2,1,2,4
200800065258,0008-11-09 04:29:00,8,11,9,4,29,720,181,POITEVIN ALPHONSE (RUE),,,Nuit avec éclairage allumé,En agglomération,Hors intersection,Pluie légère,Autre collision,,,,,,,,,,,5,2,1,2,6
200800065259,0008-11-14 13:50:00,8,11,14,13,50,720,181,"207, BOLLEE (AV) N° IMP",,,Plein jour,En agglomération,Hors intersection,Normale,Deux véhicules - côté,,,,,,,,,,,1,2,1,1,3
200800065260,0008-11-16 19:18:00,8,11,16,19,18,720,181,BROSSOLETTE PIERRE (BD),,,Nuit avec éclairage allumé,En agglomération,Hors intersection,Normale,Deux véhicules - côté,,,,,,,,,,,5,2,1,1,3
200800065261,0008-11-20 07:45:00,8,11,20,7,45,720,181,CHAMPION HENRI (RUE) N°,,,Plein jour,En agglomération,Hors intersection,Normale,Deux véhicules - côté,,,,,,,,,,,1,2,1,1,3
200800065262,0008-11-20 18:32:00,8,11,20,18,32,720,181,OYON ALEXANDRE (BD),,,Nuit avec éclairage allumé,En agglomération,Hors intersection,Normale,Autre collision,,,,,,,,,,,5,2,1,1,6
200800065263,0008-11-21 15:50:00,8,11,21,15,50,720,181,LAIGNE RUE DE N° IMP 1 A,,,Plein jour,En agglomération,Intersection en T,Normale,Deux véhicules - côté,,,,,,,,,,,1,2,3,1,3
200800065264,0008-11-21 15:35:00,8,11,21,15,35,720,181,SUD EST DEVIATION RTE AN,,,Plein jour,En agglomération,Hors intersection,Normale,Deux véhicules - côté,,,,,,,,,,,1,2,1,1,3
200800065265,0008-11-21 17:45:00,8,11,21,17,45,720,181,LEFAUCHEUX PIERRE (BD),,,Nuit avec éclairage allumé,En agglomération,Intersection en X,Normale,Deux véhicules - côté,,,,,,,,,,,5,2,2,1,3
200800065266,0008-11-22 06:20:00,8,11,22,6,20,720,181,"141, CHAMPION HENRI (RUE",,,Nuit avec éclairage allumé,En agglomération,Hors intersection,Normale,Sans collision,,,,,,,,,,,5,2,1,1,7
200800065267,0008-11-23 17:20:00,8,11,23,17,20,720,3,RD 147 E (RTE),,,Crépuscule ou aube,En agglomération,Hors intersection,Pluie légère,Deux véhicules - arrière,,,,,,,,,,,2,2,1,2,2
200800065268,0008-11-05 18:43:00,8,11,5,18,43,730,11,"1090, DUBOIS (RUE DU CDT",,,Nuit avec éclairage allumé,En agglomération,Intersection en T,Normale,Deux véhicules - côté,,,,,,,,,,,5,2,3,1,3
200800065269,0008-11-27 18:50:00,8,11,27,18,50,730,29,"10, CHARTREUSE (GALERIE",,,Nuit avec éclairage allumé,En agglomération,Autre intersection,Normale,Autre collision,,,,,,,,,,,5,2,9,1,6
200800065270,0008-11-06 17:20:00,8,11,6,17,20,740,10,"48 BIS, LOVERCHY (CIMETI",,,Crépuscule ou aube,En agglomération,Hors intersection,Normale,Autre collision,,,,,,,,,,,2,2,1,1,6
200800065271,0008-11-07 16:30:00,8,11,7,16,30,740,10,"., MARQUISATS (AVENUE DE",,,Plein jour,En agglomération,Hors intersection,Normale,Autre collision,,,,,,,,,,,1,2,1,1,6
200800065272,0008-11-22 17:05:00,8,11,22,17,5,740,10,"3-5, BROGNY (AVENUE DE)",,,Nuit avec éclairage allumé,En agglomération,Hors intersection,Normale,Autre collision,,,,,,,,,,,5,2,1,1,6
200800065273,0008-11-12 17:05:00,8,11,12,17,5,740,12,CLOS FLEURY (RUE DU),,,Plein jour,En agglomération,Hors intersection,Normale,Deux véhicules - frontale,,,,,,,,,,,1,2,1,1,1
200800065274,0008-11-28 07:35:00,8,11,28,7,35,740,12,THONON (ROUTE DE),,,Crépuscule ou aube,En agglomération,Hors intersection,Normale,Deux véhicules - côté,,,,,,,,,,,2,2,1,1,3
200800065275,0008-11-18 14:35:00,8,11,18,14,35,740,119,GAVOT (AVENUE DE)  CD11,,,Plein jour,En agglomération,Intersection en T,Normale,Trois véhicules et plus - collisions multiples,,,,,,,,,,,1,2,3,1,5
200800065276,0008-11-23 00:20:00,8,11,23,0,20,740,281,URSULES (RUE DES),,,Nuit avec éclairage allumé,En agglomération,Giratoire,Normale,Sans collision,,,,,,,,,,,5,2,6,1,7