accident_id,datetime,annee,mois,jour,heure,minute,departement,commune_insee,adresse,latitude,longitude,luminosite,agglomeration,intersection,meteo,collision,nb_vehicules,nb_usagers,nb_indemnes,nb_tues,nb_blesses_hosp,nb_blesses_legers,age_cond_1,age_cond_2,veh_type_cond_1,veh_type_cond_2,lum_code,agg_code,int_code,atm_code,col_code
200800065277,0008-11-26 14:52:00,8,11,26,14,52,740,281,GENEVE (AVE DE) JUSQUE C,,,Plein jour,En agglomération,Hors intersection,Normale,Deux véhicules - arrière,,,,,,,,,,,1,2,1,1,2
200800065278,0008-11-26 07:30:00,8,11,26,7,30,760,476,"9005, KENNEDY (AVENUE)",,,Crépuscule ou aube,En agglomération,Passage à niveau,Normale,Autre collision,,,,,,,,,,,2,2,8,1,6
200800065279,0008-11-04 18:40:00,8,11,4,18,40,760,114,"20, MARTYRS DE LA RESIST",,,Nuit avec éclairage allumé,En agglomération,Hors intersection,Normale,Autre collision,,,,,,,,,,,5,2,1,1,6
200800065280,0008-11-19 13:38:00,8,11,19,13,38,760,329,"57, MARECHAL FOCH (RUE D",,,Plein jour,En agglomération,Intersection en X,Normale,Deux véhicules - côté,,,,,,,,,,,1,2,2,1,3
200800065281,0008-11-08 06:57:00,8,11,8,6,57,760,329,"21, GENERAL DE GAULLE (R",,,Crépuscule ou aube,En agglomération,Hors intersection,Normale,Deux véhicules - côté,,,,,,,,,,,2,2,1,1,3
200800065282,0008-11-01 03:05:00,8,11,1,3,5,760,217,ROCADE DES GRAVES DE MER,,,Nuit sans éclairage public,Hors agglomération,Hors intersection,Temps couvert,Sans collision,,,,,,,,,,,3,1,1,8,7
200800065283,0008-11-05 00:50:00,8,11,5,0,50,760,217,"27, FONTAINES (DES)",,,Nuit avec éclairage allumé,En agglomération,Hors intersection,Normale,Sans collision,,,,,,,,,,,5,2,1,1,7
200800065284,0008-11-10 13:55:00,8,11,10,13,55,760,565,"1, RUE DES AUBEPINES",,,Plein jour,Hors agglomération,Intersection en T,Normale,Autre collision,,,,,,,,,,,1,1,3,1,6
200800065285,0008-11-14 23:45:00,8,11,14,23,45,760,231,"55, PETIT COURS. RUE DU",,,Nuit avec éclairage allumé,En agglomération,Intersection en Y,Normale,Sans collision,,,,,,,,,,,5,2,4,1,7
200800065286,0008-11-29 13:00:00,8,11,29,13,0,760,259,"70, CHATEAU D'EAU ( RUE",,,Plein jour,En agglomération,Intersection en T,Normale,Deux véhicules - côté,,,,,,,,,,,1,2,3,1,3
200800065287,0008-11-01 05:15:00,8,11,1,5,15,760,351,"83, GUSTAVE BRINDEAU",,,Nuit avec éclairage allumé,En agglomération,Hors intersection,Normale,Autre collision,,,,,,,,,,,5,2,1,1,6
200800065288,0008-11-02 18:25:00,8,11,2,18,25,760,351,"Néant, GEORGES SAND",,,Nuit sans éclairage public,En agglomération,Intersection en X,Normale,Deux véhicules - côté,,,,,,,,,,,3,2,2,1,3
200800065289,0008-11-02 18:40:00,8,11,2,18,40,760,351,"318, ARISTIDE BRIAND >31",,,Nuit avec éclairage allumé,En agglomération,Hors intersection,Pluie légère,Sans collision,,,,,,,,,,,5,2,1,2,7
200800065290,0008-11-05 12:40:00,8,11,5,12,40,760,351,"Néant, CHEVALIER DE LA B",,,Plein jour,En agglomération,Intersection en X,Normale,Deux véhicules - côté,,,,,,,,,,,1,2,2,1,3
200800065291,0008-11-07 10:00:00,8,11,7,10,0,760,351,"109, JEAN JAURES (AVENUE",,,Plein jour,En agglomération,Hors intersection,Normale,Autre collision,,,,,,,,,,,1,2,1,1,6
200800065292,0008-11-09 16:40:00,8,11,9,16,40,760,351,"77, GEORGES LAFAURIE",,,Plein jour,En agglomération,Hors intersection,Normale,Deux véhicules - côté,,,,,,,,,,,1,2,1,1,3
200800065293,0008-11-14 07:55:00,8,11,14,7,55,760,351,"Néant, IRENE ET JOLIOT C",,,Nuit avec éclairage allumé,En agglomération,Intersection en T,Pluie légère,Deux véhicules - arrière,,,,,,,,,,,5,2,3,2,2
200800065294,0008-11-15 09:30:00,8,11,15,9,30,760,351,"néant, LEON HALLAURE",,,Plein jour,En agglomération,Intersection en X,Pluie légère,Autre collision,,,,,,,,,,,1,2,2,2,6
200800065295,0008-11-15 12:25:00,8,11,15,12,25,760,447,"Néant, AUGUSTE RENOIR",,,Plein jour,En agglomération,Intersection en T,Temps couvert,Deux véhicules - côté,,,,,,,,,,,1,2,3,8,3
200800065296,0008-11-16 17:25:00,8,11,16,17,25,760,351,"néant, PIERRE LOTI",,,Plein jour,En agglomération,Intersection en X,Normale,Deux véhicules - côté,,,,,,,,,,,1,2,2,1,3
200800065297,0008-11-19 20:15:00,8,11,19,20,15,760,351,"néant, HUIT MAI 1945 (AV",,,Nuit avec éclairage allumé,En agglomération,Intersection en X,Normale,Deux véhicules - côté,,,,,,,,,,,5,2,2,1,3
200800065298,0008-11-20 17:27:00,8,11,20,17,27,760,447,"02, MURETS (DES)",,,Crépuscule ou aube,En agglomération,Hors intersection,Normale,Sans collision,,,,,,,,,,,2,2,1,1,7
200800065299,0008-11-20 20:20:00,8,11,20,20,20,760,351,"Néant, BOUGAINVILLE (QUA",,,Nuit sans éclairage public,Hors agglomération,Hors intersection,Normale,Autre collision,,,,,,,,,,,3,1,1,1,6
200800065300,0008-11-21 20:00:00,8,11,21,20,0,760,351,"NEANT, CONCORDE (DE LA)",,,Nuit avec éclairage allumé,En agglomération,Intersection en X,Normale,Autre collision,,,,,,,,,,,5,2,2,1,6
200800065301,0008-11-22 17:35:00,8,11,22,17,35,760,351,"70, SEIZIEME PORT (AVENU",,,Crépuscule ou aube,En agglomération,Hors intersection,Temps couvert,Autre collision,,,,,,,,,,,2,2,1,8,6
200800065302,0008-11-23 18:30:00,8,11,23,18,30,760,351,APLEMONT (AVENUE D'),,,Nuit avec éclairage allumé,En agglomération,Hors intersection,Temps couvert,Trois véhicules et plus - collisions multiples,,,,,,,,,,,5,2,1,8,5
200800065303,0008-11-11 04:00:00,8,11,11,4,0,760,351,"NEANT, PRESIDENT WILSON",,,Nuit avec éclairage allumé,En agglomération,Hors intersection,Normale,Autre collision,,,,,,,,,,,5,2,1,1,6
200800065304,0008-11-05 13:00:00,8,11,5,13,0,760,351,"NEANT, PARVIS SAINT MICH",,,Plein jour,En agglomération,Hors intersection,Normale,Autre collision,,,,,,,,,,,1,2,1,1,6
200800065305,0008-11-02 00:45:00,8,11,2,0,45,770,108,GENDARME CASTERMANT (AVE,,,Nuit avec éclairage allumé,En agglomération,Hors intersection,Normale,Deux véhicules - arrière,,,,,,,,,,,5,2,1,1,2
200800065306,0008-11-13 19:30:00,8,11,13,19,30,770,139,"15, HETRES (RUE DES)",,,Crépuscule ou aube,En agglomération,Hors intersection,Normale,Autre collision,,,,,,,,,,,2,2,1,1,6
200800065307,0008-11-30 19:05:00,8,11,30,19,5,770,55,CARNOT (RUE),,,Nuit avec éclairage non allumé,En agglomération,Intersection en X,Pluie légère,Deux véhicules - frontale,,,,,,,,,,,4,2,2,2,1
200800065308,0008-11-28 14:30:00,8,11,28,14,30,770,108,CLAYE (AVENUE DE),,,Plein jour,En agglomération,Intersection en X,Normale,Deux véhicules - côté,,,,,,,,,,,1,2,2,1,3
200800065309,0008-11-01 15:40:00,8,11,1,15,40,770,131,D 934,,,Plein jour,Hors agglomération,Hors intersection,Pluie légère,Deux véhicules - frontale,,,,,,,,,,,1,1,1,2,1
200800065310,0008-11-08 04:40:00,8,11,8,4,40,770,70,D 934,,,Nuit sans éclairage public,Hors agglomération,Hors intersection,Brouillard / fumée,Sans collision,,,,,,,,,,,3,1,1,5,7
200800065311,0008-11-12 09:00:00,8,11,12,9,0,770,42,"70, MORIN (RUE DU)",,,Plein jour,En agglomération,Hors intersection,Pluie légère,Autre collision,,,,,,,,,,,1,2,1,2,6
200800065312,0008-11-14 22:05:00,8,11,14,22,5,770,131,BRISEBECHE (RUE DE LA),,,Nuit sans éclairage public,En agglomération,Hors intersection,Pluie légère,Autre collision,,,,,,,,,,,3,2,1,2,6
200800065313,0008-11-19 06:25:00,8,11,19,6,25,770,131,"67, GENERAL LECLERC (RUE",,,Nuit avec éclairage allumé,En agglomération,Hors intersection,Normale,Deux véhicules - frontale,,,,,,,,,,,5,2,1,1,1
200800065314,0008-11-24 13:55:00,8,11,24,13,55,770,131,BLUM LEON (AVENUE),,,Plein jour,En agglomération,Giratoire,Normale,Sans collision,,,,,,,,,,,1,2,6,1,7
200800065315,0008-11-02 20:20:00,8,11,2,20,20,770,152,"548, MONTAIGNE(AVENUE DE",,,Nuit avec éclairage allumé,En agglomération,Hors intersection,Normale,Deux véhicules - côté,,,,,,,,,,,5,2,1,1,3
200800065316,0008-11-13 17:40:00,8,11,13,17,40,770,152,"680, FRANCE ANATOLE((AVE",,,Nuit avec éclairage allumé,En agglomération,Hors intersection,Normale,Autre collision,,,,,,,,,,,5,2,1,1,6
200800065317,0008-11-07 23:50:00,8,11,7,23,50,770,186,RD607 de Barbizon à pavé,,,Nuit sans éclairage public,Hors agglomération,Hors intersection,Normale,Autre collision,,,,,,,,,,,3,1,1,1,6
200800065318,0008-11-16 08:16:00,8,11,16,8,16,770,186,RD 142 Glandée au grand,,,Plein jour,Hors agglomération,Hors intersection,Normale,Autre collision,,,,,,,,,,,1,1,1,1,6
200800065319,0008-11-23 21:40:00,8,11,23,21,40,770,14,FRANKLIN ROOSEVELT (AVEN,,,Nuit avec éclairage allumé,En agglomération,Hors intersection,Normale,Autre collision,,,,,,,,,,,5,2,1,1,6
200800065320,0008-11-13 10:35:00,8,11,13,10,35,770,186,"215, GRANDE (RUE)",,,Plein jour,En agglomération,Hors intersection,Normale,Autre collision,,,,,,,,,,,1,2,1,1,6
200800065321,0008-11-25 08:15:00,8,11,25,8,15,770,186,MARECHAL DE VILLARS (AVE,,,Plein jour,En agglomération,Intersection en X,Pluie légère,Deux véhicules - côté,,,,,,,,,,,1,2,2,2,3
200800065322,0008-11-14 22:25:00,8,11,14,22,25,770,285,LACS (RUE DES),,,Nuit avec éclairage allumé,En agglomération,Intersection en X,Normale,Deux véhicules - côté,,,,,,,,,,,5,2,2,1,3
200800065323,0008-11-17 05:00:00,8,11,17,5,0,770,410,R.N 36,,,Nuit sans éclairage public,Hors agglomération,Hors intersection,Normale,Deux véhicules - frontale,,,,,,,,,,,3,1,1,1,1
200800065324,0008-11-30 20:00:00,8,11,30,20,0,770,306,D.57,,,Nuit sans éclairage public,Hors agglomération,Hors intersection,Pluie légère,Sans collision,,,,,,,,,,,3,1,1,2,7
200800065325,0008-11-06 13:43:00,8,11,6,13,43,770,294,JEAN BAPTISTE CLEMENT (A,,,Plein jour,En agglomération,Hors intersection,Pluie légère,Deux véhicules - arrière,,,,,,,,,,,1,2,1,2,2
200800065326,0008-11-07 11:50:00,8,11,7,11,50,770,241,CD 404,,,Plein jour,En agglomération,Intersection en X,Pluie légère,Deux véhicules - côté,,,,,,,,,,,1,2,2,2,3
200800065327,0008-11-12 14:13:00,8,11,12,14,13,770,294,C.D. 84,,,Plein jour,Hors agglomération,Hors intersection,Normale,Deux véhicules - frontale,,,,,,,,,,,1,1,1,1,1
200800065328,0008-11-11 21:12:00,8,11,11,21,12,770,291,CD 212,,,Nuit sans éclairage public,Hors agglomération,Hors intersection,Temps couvert,Trois véhicules et plus - collisions multiples,,,,,,,,,,,3,1,1,8,5
200800065329,0008-11-18 18:25:00,8,11,18,18,25,770,294,C.D. 84,,,Nuit sans éclairage public,Hors agglomération,Hors intersection,Temps couvert,Trois véhicules et plus - en chaîne,,,,,,,,,,,3,1,1,8,4
200800065330,0008-11-22 12:00:00,8,11,22,12,0,770,294,14 JUILLET 1789 (RUE DU),,,Plein jour,En agglomération,Hors intersection,Normale,Deux véhicules - frontale,,,,,,,,,,,1,2,1,1,1
200800065331,0008-11-06 20:10:00,8,11,6,20,10,770,122,"32, SERMONOISE(RUE)",,,Nuit avec éclairage allumé,En agglomération,Hors intersection,Normale,Autre collision,,,,,,,,,,,5,2,1,1,6
200800065332,0008-11-15 10:55:00,8,11,15,10,55,770,251,PARIS (RUE DE),,,Plein jour,En agglomération,Hors intersection,Temps couvert,Deux véhicules - côté,,,,,,,,,,,1,2,1,8,3
200800065333,0008-11-18 09:00:00,8,11,18,9,0,770,296,PAUL DELOUVRIER(AVENUE),,,Plein jour,Hors agglomération,Giratoire,Pluie forte,Deux véhicules - côté,,,,,,,,,,,1,1,6,3,3
200800065334,0008-11-29 02:28:00,8,11,29,2,28,770,53,"770530071, GUSTAVE EIFFE",,,Nuit avec éclairage allumé,En agglomération,Hors intersection,Pluie légère,Sans collision,,,,,,,,,,,5,2,1,2,7
200800065335,0008-11-30 18:05:00,8,11,30,18,5,770,53,RD 319,,,Nuit sans éclairage public,Hors agglomération,Hors intersection,Normale,Deux véhicules - frontale,,,,,,,,,,,3,1,1,1,1
200800065336,0008-11-29 00:20:00,8,11,29,0,20,770,166,D 606,,,Nuit sans éclairage public,Hors agglomération,Hors intersection,Normale,Autre collision,,,,,,,,,,,3,1,1,1,6
200800065337,0008-11-02 16:05:00,8,11,2,16,5,770,146,"062, SOUBRIARDE (AVENUE",,,Plein jour,En agglomération,Hors intersection,Normale,Autre collision,,,,,,,,,,,1,2,1,1,6
200800065338,0008-11-05 19:35:00,8,11,5,19,35,770,468,JEAN MOULIN (AVENUE),,,Nuit avec éclairage allumé,En agglomération,Intersection en T,Normale,Deux véhicules - côté,,,,,,,,,,,5,2,3,1,3
200800065339,0008-11-06 18:15:00,8,11,6,18,15,770,258,COURCERIN (BOULEVARD DE),,,Nuit sans éclairage public,Hors agglomération,Intersection à plus de 4 branches,Pluie légère,Deux véhicules - arrière,,,,,,,,,,,3,1,5,2,2
200800065340,0008-11-28 16:58:00,8,11,28,16,58,770,121,"18, MELUN (RUE DE)",,,Crépuscule ou aube,En agglomération,Hors intersection,Normale,Autre collision,,,,,,,,,,,2,2,1,1,6
200800065341,0008-11-12 15:50:00,8,11,12,15,50,770,373,"10, PRES ST MARTIN (RUE",,,Plein jour,En agglomération,Hors intersection,Normale,Autre collision,,,,,,,,,,,1,2,1,1,6
200800065342,0008-11-07 09:40:00,8,11,7,9,40,770,373,GENERAL DE GAULLE (AVENU,,,Plein jour,En agglomération,Autre intersection,Normale,Autre collision,,,,,,,,,,,1,2,9,1,6
200800065343,0008-11-20 18:35:00,8,11,20,18,35,770,249,"01, HYVERNEAUX  (AVENUE",,,Nuit avec éclairage non allumé,En agglomération,Intersection en T,Normale,Deux véhicules - frontale,,,,,,,,,,,4,2,3,1,1
200800065344,0008-11-21 22:10:00,8,11,21,22,10,770,350,RN4 HORS AGGLOMERATION,,,Nuit sans éclairage public,Hors agglomération,Hors intersection,Pluie légère,Deux véhicules - arrière,,,,,,,,,,,3,1,1,2,2
200800065345,0008-11-21 19:00:00,8,11,21,19,0,770,350,"62, ROUTE DE ROISSY",,,Nuit avec éclairage allumé,En agglomération,Hors intersection,Normale,Autre collision,,,,,,,,,,,5,2,1,1,6
200800065346,0008-11-07 14:35:00,8,11,7,14,35,770,379,CHALAUTRE (ROUTE DE),,,Crépuscule ou aube,En agglomération,Intersection en T,Pluie légère,Deux véhicules - côté,,,,,,,,,,,2,2,3,2,3
200800065347,0008-11-25 19:00:00,8,11,25,19,0,780,208,BERCEAU (RUE DU),,,Nuit avec éclairage allumé,En agglomération,Intersection en X,Pluie légère,Deux véhicules - côté,,,,,,,,,,,5,2,2,2,3
200800065348,0008-11-11 14:45:00,8,11,11,14,45,780,297,CD 91,,,Plein jour,En agglomération,Hors intersection,Normale,Deux véhicules - côté,,,,,,,,,,,1,2,1,1,3
200800065349,0008-11-14 13:15:00,8,11,14,13,15,780,423,PRES (AVENUE DES),,,Plein jour,En agglomération,Hors intersection,Normale,Trois véhicules et plus - en chaîne,,,,,,,,,,,1,2,1,1,4
200800065350,0008-11-14 16:30:00,8,11,14,16,30,780,688,CD 36,,,Plein jour,En agglomération,Hors intersection,Normale,Autre collision,,,,,,,,,,,1,2,1,1,6
200800065351,0008-11-14 18:00:00,8,11,14,18,0,780,297,"ignore, BROSSOLETTE (RUE",,,Nuit avec éclairage allumé,En agglomération,Intersection en X,Pluie légère,Deux véhicules - côté,,,,,,,,,,,5,2,2,2,3
200800065352,0008-11-19 08:30:00,8,11,19,8,30,780,423,CD 36,,,Crépuscule ou aube,En agglomération,Intersection à plus de 4 branches,Temps couvert,Autre collision,,,,,,,,,,,2,2,5,8,6
200800065353,0008-11-25 17:25:00,8,11,25,17,25,780,423,TIMBAUD (RUE JEAN-PIERRE,,,Nuit avec éclairage allumé,En agglomération,Hors intersection,Autre,Autre collision,,,,,,,,,,,5,2,1,9,6
200800065354,0008-11-26 13:30:00,8,11,26,13,30,780,423,"IGNORE, CCR",,,Nuit avec éclairage allumé,Hors agglomération,Hors intersection,Autre,Deux véhicules - côté,,,,,,,,,,,5,1,1,9,3
200800065355,0008-11-20 16:30:00,8,11,20,16,30,780,124,BEZONS (ROUTE DE),,,Plein jour,En agglomération,Intersection en T,Temps couvert,Deux véhicules - côté,,,,,,,,,,,1,2,3,8,3
200800065356,0008-11-05 08:55:00,8,11,5,8,55,780,311,DAUMESNIL (RUE),,,Plein jour,En agglomération,Intersection en T,Pluie légère,Sans collision,,,,,,,,,,,1,2,3,2,7
200800065357,0008-11-05 22:50:00,8,11,5,22,50,780,358,MADAME LAFFITTE (AVENUE),,,Nuit avec éclairage allumé,En agglomération,Giratoire,Temps couvert,Autre collision,,,,,,,,,,,5,2,6,8,6
200800065358,0008-11-11 18:25:00,8,11,11,18,25,780,361,"00, QUAI DE LA TOUR",,,Nuit avec éclairage allumé,En agglomération,Hors intersection,Temps couvert,Deux véhicules - arrière,,,,,,,,,,,5,2,1,8,2
200800065359,0008-11-13 06:55:00,8,11,13,6,55,780,362,"52, BOULEVARD ROGER SALE",,,Nuit avec éclairage allumé,En agglomération,Hors intersection,Normale,Deux véhicules - côté,,,,,,,,,,,5,2,1,1,3
200800065360,0008-11-13 08:50:00,8,11,13,8,50,780,361,Boulevard Maréchal Juin,,,Plein jour,En agglomération,Hors intersection,Normale,Autre collision,,,,,,,,,,,1,2,1,1,6
200800065361,0008-11-15 22:00:00,8,11,15,22,0,780,217,"00, RD 139",,,Nuit avec éclairage allumé,Hors agglomération,Hors intersection,Pluie légère,Sans collision,,,,,,,,,,,5,1,1,2,7
200800065362,0008-11-16 12:10:00,8,11,16,12,10,780,361,AVENUE DU GENERAL DE GAU,,,Plein jour,En agglomération,Intersection en X,Normale,Deux véhicules - côté,,,,,,,,,,,1,2,2,1,3
200800065363,0008-11-19 08:15:00,8,11,19,8,15,780,354,"00, RUE FRANCIS FRANQUE",,,Plein jour,En agglomération,Intersection en X,Normale,Deux véhicules - côté,,,,,,,,,,,1,2,2,1,3
200800065364,0008-11-12 18:10:00,8,11,12,18,10,780,372,"0, AMIRAL LEMONNIER (AVE",,,Crépuscule ou aube,En agglomération,Hors intersection,Normale,Deux véhicules - arrière,,,,,,,,,,,2,2,1,1,2
200800065365,0008-11-08 18:05:00,8,11,8,18,5,780,674,RD 98,,,Nuit avec éclairage allumé,En agglomération,Hors intersection,Pluie légère,Sans collision,,,,,,,,,,,5,2,1,2,7
200800065366,0008-11-18 17:40:00,8,11,18,17,40,780,490,CHEVREUSE (AVENUE DE),,,Nuit sans éclairage public,Hors agglomération,Hors intersection,Pluie légère,Sans collision,,,,,,,,,,,3,1,1,2,7
200800065367,0008-11-19 16:50:00,8,11,19,16,50,780,165,"16, FERRY (RUE JULES)",,,Crépuscule ou aube,En agglomération,Hors intersection,Temps couvert,Deux véhicules - côté,,,,,,,,,,,2,2,1,8,3
200800065368,0008-11-25 14:15:00,8,11,25,14,15,780,490,GARE (RUE DE LA),,,Plein jour,En agglomération,Intersection en T,Pluie légère,Deux véhicules - frontale,,,,,,,,,,,1,2,3,2,1
200800065369,0008-11-26 18:00:00,8,11,26,18,0,780,490,DEUX PLATEAUX (ROUTE DES,,,Nuit sans éclairage public,En agglomération,Hors intersection,Temps couvert,Trois véhicules et plus - en chaîne,,,,,,,,,,,3,2,1,8,4
200800065370,0008-11-30 13:05:00,8,11,30,13,5,780,165,JOUET (RUE MAURICE),,,Plein jour,En agglomération,Hors intersection,Pluie légère,Sans collision,,,,,,,,,,,1,2,1,2,7
200800065371,0008-11-30 20:30:00,8,11,30,20,30,780,165,VIGNES (CHEMIN DES),,,Nuit avec éclairage allumé,En agglomération,Hors intersection,Pluie légère,Trois véhicules et plus - en chaîne,,,,,,,,,,,5,2,1,2,4
200800065372,0008-11-03 14:14:00,8,11,3,14,14,780,643,BRIAND RUE ARISTIDE,,,Plein jour,En agglomération,Hors intersection,Normale,Autre collision,,,,,,,,,,,1,2,1,1,6
200800065373,0008-11-02 21:15:00,8,11,2,21,15,780,498,GAMBETTA BD,,,Nuit avec éclairage allumé,En agglomération,Intersection en X,Normale,Deux véhicules - frontale,,,,,,,,,,,5,2,2,1,1
200800065374,0008-11-10 19:35:00,8,11,10,19,35,780,498,CASTILLE AV BLANCHE DE,,,Nuit avec éclairage allumé,En agglomération,Hors intersection,Pluie légère,Deux véhicules - frontale,,,,,,,,,,,5,2,1,2,1
200800065375,0008-11-11 20:00:00,8,11,11,20,0,780,498,"34/36, CEP AVENUE DU",,,Nuit avec éclairage allumé,En agglomération,Hors intersection,Normale,Autre collision,,,,,,,,,,,5,2,1,1,6
200800065376,0008-11-12 20:20:00,8,11,12,20,20,780,642,MEULAN ROUTE DE CD154,,,Nuit avec éclairage allumé,Hors agglomération,Intersection en X,Normale,Deux véhicules - arrière,,,,,,,,,,,5,1,2,1,2
200800065377,0008-11-15 18:05:00,8,11,15,18,5,780,123,DOCTEUR TOUBOU RUE,,,Nuit avec éclairage allumé,En agglomération,Hors intersection,Pluie légère,Autre collision,,,,,,,,,,,5,2,1,2,6
200800065378,0008-11-18 09:15:00,8,11,18,9,15,780,624,POISSY AVENUE DE,,,Plein jour,Hors agglomération,Hors intersection,Pluie légère,Deux véhicules - côté,,,,,,,,,,,1,1,1,2,3
200800065379,0008-11-08 22:45:00,8,11,8,22,45,780,498,SAINT SEBASTIEN RUE,,,Nuit avec éclairage allumé,En agglomération,Intersection en X,Normale,Deux véhicules - côté,,,,,,,,,,,5,2,2,1,3
200800065380,0008-11-14 07:00:00,8,11,14,7,0,780,498,CASTILLE AV BLANCHE DE,,,Nuit avec éclairage allumé,En agglomération,Passage à niveau,Pluie légère,Trois véhicules et plus - en chaîne,,,,,,,,,,,5,2,8,2,4
200800065381,0008-11-20 18:00:00,8,11,20,18,0,780,498,TOURNELLE RUE DE LA,,,Nuit avec éclairage allumé,En agglomération,Intersection en X,Normale,Autre collision,,,,,,,,,,,5,2,2,1,6
200800065382,0008-11-25 12:15:00,8,11,25,12,15,780,498,URSULINES AV DES,,,Plein jour,En agglomération,Intersection en X,Normale,Autre collision,,,,,,,,,,,1,2,2,1,6
200800065383,0008-11-24 13:35:00,8,11,24,13,35,780,643,RD1,,,Plein jour,Hors agglomération,Hors intersection,Normale,Deux véhicules - côté,,,,,,,,,,,1,1,1,1,3
200800065384,0008-11-27 16:15:00,8,11,27,16,15,780,498,QUARANTE SOUS ROUTE DE,,,Plein jour,En agglomération,Giratoire,Normale,Sans collision,,,,,,,,,,,1,2,6,1,7
200800065385,0008-11-29 13:10:00,8,11,29,13,10,780,123,EUROPE (RN 190) AVENUE D,,,Plein jour,Hors agglomération,Intersection en T,Pluie légère,Deux véhicules - arrière,,,,,,,,,,,1,1,3,2,2
200800065386,0008-11-13 18:17:00,8,11,13,18,17,780,498,EISENHOWER AV DU GENERAL,,,Nuit avec éclairage allumé,En agglomération,Hors intersection,Normale,Autre collision,,,,,,,,,,,5,2,1,1,6
200800065387,0008-11-14 00:15:00,8,11,14,0,15,780,123,SAINT BLAISE PLACE,,,Nuit avec éclairage allumé,En agglomération,Place,Normale,Autre collision,,,,,,,,,,,5,2,7,1,6
200800065388,0008-11-05 09:30:00,8,11,5,9,30,780,517,"28, TOULOUSE (RUE DE)",,,Plein jour,En agglomération,Intersection en T,Pluie légère,Sans collision,,,,,,,,,,,1,2,3,2,7
200800065389,0008-11-25 21:30:00,8,11,25,21,30,780,486,"74, CHARTRES (RUE DE",,,Nuit avec éclairage allumé,En agglomération,Hors intersection,Normale,Sans collision,,,,,,,,,,,5,2,1,1,7
200800065390,0008-11-21 22:10:00,8,11,21,22,10,780,242,PERI (RUE GABRIEL),,,Nuit avec éclairage allumé,En agglomération,Intersection en X,Pluie forte,Autre collision,,,,,,,,,,,5,2,2,3,6
200800065391,0008-11-10 07:45:00,8,11,10,7,45,780,551,"0, DESOYER (LEON)",,,Crépuscule ou aube,En agglomération,Intersection en X,Pluie légère,Deux véhicules - côté,,,,,,,,,,,2,2,2,2,3
200800065392,0008-11-21 08:40:00,8,11,21,8,40,780,133,"7, MUR DU PARC (DU)",,,Plein jour,En agglomération,Hors intersection,Pluie légère,Autre collision,,,,,,,,,,,1,2,1,2,6
200800065393,0008-11-18 15:10:00,8,11,18,15,10,780,586,DE GAULLE (GENERAL) N°2,,,Plein jour,En agglomération,Hors intersection,Normale,Autre collision,,,,,,,,,,,1,2,1,1,6
200800065394,0008-11-18 19:05:00,8,11,18,19,5,780,586,SCHUMAN (ROBERT),,,Nuit avec éclairage allumé,En agglomération,Hors intersection,Normale,Autre collision,,,,,,,,,,,5,2,1,1,6
200800065395,0008-11-15 15:05:00,8,11,15,15,5,780,621,NATIONALE 10   (ROUTE),,,Plein jour,En agglomération,Hors intersection,Normale,Trois véhicules et plus - en chaîne,,,,,,,,,,,1,2,1,1,4
200800065396,0008-11-20 23:05:00,8,11,20,23,5,780,621,"65, POLITZER (AVENUE GEO",,,Nuit avec éclairage allumé,Hors agglomération,Hors intersection,Normale,Sans collision,,,,,,,,,,,5,1,1,1,7
200800065397,0008-11-22 14:50:00,8,11,22,14,50,780,621,LANGEVIN (RUE PAUL),,,Plein jour,En agglomération,Hors intersection,Normale,Deux véhicules - frontale,,,,,,,,,,,1,2,1,1,1
200800065398,0008-11-11 14:15:00,8,11,11,14,15,780,640,"62, EUROPE (AVENUE DE L'",,,Plein jour,En agglomération,Hors intersection,Vent fort / tempête,Deux véhicules - arrière,,,,,,,,,,,1,2,1,6,2
200800065399,0008-11-18 08:25:00,8,11,18,8,25,780,640,"27, ALBERT PICHON (RUE)",,,Plein jour,En agglomération,Autre intersection,Pluie légère,Autre collision,,,,,,,,,,,1,2,9,2,6
200800065400,0008-11-20 22:55:00,8,11,20,22,55,780,640,DIENTZENBACH (RUE DE),,,Nuit avec éclairage allumé,Hors agglomération,Intersection en X,Normale,Deux véhicules - côté,,,,,,,,,,,5,1,2,1,3
200800065401,0008-11-22 12:00:00,8,11,22,12,0,780,640,SADI LECOINTE (AVENUE),,,Plein jour,En agglomération,Hors intersection,Temps éblouissant,Autre collision,,,,,,,,,,,1,2,1,7,6
200800065402,0008-11-24 15:45:00,8,11,24,15,45,780,640,"1, PETIT CLAMART (RUE DU",,,Plein jour,En agglomération,Hors intersection,Temps couvert,Autre collision,,,,,,,,,,,1,2,1,8,6
200800065403,0008-11-30 15:10:00,8,11,30,15,10,780,322,OBERKAMPF (RUE),,,Plein jour,En agglomération,Intersection en T,Pluie légère,Deux véhicules - côté,,,,,,,,,,,1,2,3,2,3
200800065404,0008-11-02 14:40:00,8,11,2,14,40,780,158,"3, DOCTEUR AUDIGIER (RUE",,,Plein jour,En agglomération,Hors intersection,Normale,Autre collision,,,,,,,,,,,1,2,1,1,6
200800065405,0008-11-04 10:20:00,8,11,4,10,20,780,646,"NEANT, GENERAL DE GAULLE",,,Plein jour,En agglomération,Hors intersection,Normale,Deux véhicules - côté,,,,,,,,,,,1,2,1,1,3