accident_id,datetime,annee,mois,jour,heure,minute,departement,commune_insee,adresse,latitude,longitude,luminosite,agglomeration,intersection,meteo,collision,nb_vehicules,nb_usagers,nb_indemnes,nb_tues,nb_blesses_hosp,nb_blesses_legers,age_cond_1,age_cond_2,veh_type_cond_1,veh_type_cond_2,lum_code,agg_code,int_code,atm_code,col_code
200800065406,0008-11-13 17:10:00,8,11,13,17,10,780,646,PARIS (AVENUE DE),,,Crépuscule ou aube,En agglomération,Hors intersection,Normale,Deux véhicules - arrière,,,,,,,,,,,2,2,1,1,2
200800065407,0008-11-14 16:40:00,8,11,14,16,40,780,158,DOCTEUR SCHWEITZER (AVEN,,,Plein jour,En agglomération,Hors intersection,Pluie légère,Autre collision,,,,,,,,,,,1,2,1,2,6
200800065408,0008-11-21 19:00:00,8,11,21,19,0,780,646,"2.031, PARIS (AVENUE DE)",,,Nuit avec éclairage allumé,En agglomération,Hors intersection,Normale,Autre collision,,,,,,,,,,,5,2,1,1,6
200800065409,0008-11-18 11:30:00,8,11,18,11,30,780,646,"Néant, RESERVOIRS (RUE D",,,Plein jour,En agglomération,Hors intersection,Normale,Autre collision,,,,,,,,,,,1,2,1,1,6
200800065410,0008-11-22 16:05:00,8,11,22,16,5,780,646,EUROPE (AVENUE DE L'),,,Plein jour,En agglomération,Hors intersection,Normale,Autre collision,,,,,,,,,,,1,2,1,1,6
200800065411,0008-11-23 18:40:00,8,11,23,18,40,780,646,"neant, SCEAUX (AVENUE DE",,,Nuit avec éclairage allumé,En agglomération,Hors intersection,Pluie légère,Autre collision,,,,,,,,,,,5,2,1,2,6
200800065412,0008-11-26 17:25:00,8,11,26,17,25,780,646,"NEANT, MARECHAL FOCH (RU",,,Nuit avec éclairage allumé,En agglomération,Intersection en T,Normale,Trois véhicules et plus - collisions multiples,,,,,,,,,,,5,2,3,1,5
200800065413,0008-11-28 18:30:00,8,11,28,18,30,780,646,"60, PAROISSE (RUE DE LA)",,,Nuit avec éclairage allumé,En agglomération,Hors intersection,Normale,Autre collision,,,,,,,,,,,5,2,1,1,6
200800065414,0008-11-04 18:55:00,8,11,4,18,55,790,191,"82, VENISE VERTE (AV) 52",,,Nuit avec éclairage allumé,En agglomération,Hors intersection,Normale,Deux véhicules - frontale,,,,,,,,,,,5,2,1,1,1
200800065415,0008-11-08 13:35:00,8,11,8,13,35,790,191,ATLANTIQUE (BD)V.VERTE/P,,,Plein jour,En agglomération,Intersection en X,Pluie légère,Deux véhicules - côté,,,,,,,,,,,1,2,2,2,3
200800065416,0008-11-13 18:10:00,8,11,13,18,10,790,191,"405, LIMOGES (AVENUE DE)",,,Nuit avec éclairage allumé,En agglomération,Hors intersection,Normale,Deux véhicules - côté,,,,,,,,,,,5,2,1,1,3
200800065417,0008-11-14 17:05:00,8,11,14,17,5,790,191,"21, FONTENELLES",,,Nuit avec éclairage allumé,En agglomération,Intersection en Y,Normale,Deux véhicules - frontale,,,,,,,,,,,5,2,4,1,1
200800065418,0008-11-18 17:50:00,8,11,18,17,50,790,329,Z.I. MOTTE DE JUSTICE,,,Nuit avec éclairage allumé,Hors agglomération,Hors intersection,Pluie légère,Autre collision,,,,,,,,,,,5,1,1,2,6
200800065419,0008-11-23 23:00:00,8,11,23,23,0,790,259,PARTHENAY (ROUTE DE),,,Nuit sans éclairage public,Hors agglomération,Hors intersection,Pluie légère,Autre collision,,,,,,,,,,,3,1,1,2,6
200800065420,0008-11-26 14:00:00,8,11,26,14,0,790,329,GÉNÉRAL DE GAULLE (BOULE,,,Plein jour,En agglomération,Hors intersection,Normale,Deux véhicules - arrière,,,,,,,,,,,1,2,1,1,2
200800065421,0008-11-27 06:30:00,8,11,27,6,30,790,259,BRESSUIRE (ROUTE DE),,,Nuit sans éclairage public,Hors agglomération,Intersection en T,Normale,Deux véhicules - côté,,,,,,,,,,,3,1,3,1,3
200800065422,0008-11-13 08:10:00,8,11,13,8,10,800,1,"30, PRES (des)",,,Plein jour,En agglomération,Hors intersection,Normale,Autre collision,,,,,,,,,,,1,2,1,1,6
200800065423,0008-11-15 17:20:00,8,11,15,17,20,800,1,"81, PARIS (de)",,,Crépuscule ou aube,En agglomération,Intersection en T,Pluie légère,Deux véhicules - côté,,,,,,,,,,,2,2,3,2,3
200800065424,0008-11-04 17:35:00,8,11,4,17,35,800,21,GRACE (AVENUE),,,Nuit avec éclairage allumé,En agglomération,Hors intersection,Normale,Sans collision,,,,,,,,,,,5,2,1,1,7
200800065425,0008-11-05 17:25:00,8,11,5,17,25,800,21,JULES BARNI (RUE),,,Crépuscule ou aube,En agglomération,Intersection en T,Normale,Deux véhicules - côté,,,,,,,,,,,2,2,3,1,3
200800065426,0008-11-05 19:10:00,8,11,5,19,10,800,21,"00, ROYAL TANKS (CARREFO",,,Nuit avec éclairage allumé,En agglomération,Intersection à plus de 4 branches,Normale,Autre collision,,,,,,,,,,,5,2,5,1,6
200800065427,0008-11-05 17:15:00,8,11,5,17,15,800,21,"00, JEAN CATELAS (RUE)",,,Nuit avec éclairage allumé,En agglomération,Intersection en X,Normale,Deux véhicules - côté,,,,,,,,,,,5,2,2,1,3
200800065428,0008-11-05 11:45:00,8,11,5,11,45,800,21,"00, GENERAL LECLERC (RUE",,,Plein jour,En agglomération,Intersection en X,Pluie légère,Deux véhicules - côté,,,,,,,,,,,1,2,2,2,3
200800065429,0008-11-05 10:30:00,8,11,5,10,30,800,21,"00, BEAUVILLE NORD (BOUL",,,Plein jour,En agglomération,Intersection en X,Pluie légère,Deux véhicules - côté,,,,,,,,,,,1,2,2,2,3
200800065430,0008-11-06 07:50:00,8,11,6,7,50,800,21,"00, BAPAUME (BOULEVARD D",,,Plein jour,En agglomération,Hors intersection,Normale,Autre collision,,,,,,,,,,,1,2,1,1,6
200800065431,0008-11-07 05:10:00,8,11,7,5,10,800,21,"00, FRANKLIN ROOSEVELT (",,,Nuit avec éclairage allumé,En agglomération,Hors intersection,Normale,Sans collision,,,,,,,,,,,5,2,1,1,7
200800065432,0008-11-06 07:40:00,8,11,6,7,40,800,21,"00, JEAN MOULIN (RUE)",,,Plein jour,En agglomération,Intersection en T,Normale,Deux véhicules - côté,,,,,,,,,,,1,2,3,1,3
200800065433,0008-11-10 19:20:00,8,11,10,19,20,800,21,ROCADE NORD EST RN 25,,,Nuit avec éclairage allumé,Hors agglomération,Hors intersection,Pluie légère,Deux véhicules - arrière,,,,,,,,,,,5,1,1,2,2
200800065434,0008-11-10 20:10:00,8,11,10,20,10,800,21,"17, ROUEN (RUE DE)",,,Nuit avec éclairage allumé,En agglomération,Intersection en T,Pluie légère,Deux véhicules - côté,,,,,,,,,,,5,2,3,2,3
200800065435,0008-11-11 21:10:00,8,11,11,21,10,800,21,"00, PONT NOYELLES (BOULE",,,Nuit avec éclairage allumé,En agglomération,Hors intersection,Normale,Sans collision,,,,,,,,,,,5,2,1,1,7
200800065436,0008-11-07 10:30:00,8,11,7,10,30,800,21,"00, FRANKLIN ROOSEVELT (",,,Plein jour,En agglomération,Intersection en T,Normale,Deux véhicules - côté,,,,,,,,,,,1,2,3,1,3
200800065437,0008-11-13 17:35:00,8,11,13,17,35,800,21,"419, VERDUN (RUE DE )",,,Nuit avec éclairage allumé,En agglomération,Hors intersection,Normale,Sans collision,,,,,,,,,,,5,2,1,1,7
200800065438,0008-11-13 11:35:00,8,11,13,11,35,800,261,RD 1001,,,Plein jour,En agglomération,Hors intersection,Pluie légère,Sans collision,,,,,,,,,,,1,2,1,2,7
200800065439,0008-11-14 16:05:00,8,11,14,16,5,800,21,"00, FEDERES (BOULEVARD D",,,Plein jour,En agglomération,Intersection en X,Normale,Autre collision,,,,,,,,,,,1,2,2,1,6
200800065440,0008-11-17 17:45:00,8,11,17,17,45,800,21,"00, PIERRE ROLLIN (RUE)",,,Nuit avec éclairage allumé,En agglomération,Hors intersection,Normale,Trois véhicules et plus - collisions multiples,,,,,,,,,,,5,2,1,1,5
200800065441,0008-11-17 16:05:00,8,11,17,16,5,800,21,"00, SOMME (QUAI DE LA)",,,Plein jour,En agglomération,Intersection en T,Normale,Deux véhicules - côté,,,,,,,,,,,1,2,3,1,3
200800065442,0008-11-17 10:15:00,8,11,17,10,15,800,21,"00, LUCIEN FOURNIER (RUE",,,Plein jour,En agglomération,Hors intersection,Normale,Sans collision,,,,,,,,,,,1,2,1,1,7
200800065443,0008-11-14 22:15:00,8,11,14,22,15,800,21,"00, LESCOUVE (RUE)",,,Nuit avec éclairage allumé,En agglomération,Hors intersection,Pluie légère,Sans collision,,,,,,,,,,,5,2,1,2,7
200800065444,0008-11-13 12:50:00,8,11,13,12,50,800,21,"0, JULES BARNI (RUE)",,,Plein jour,En agglomération,Hors intersection,Normale,Deux véhicules - côté,,,,,,,,,,,1,2,1,1,3
200800065445,0008-11-19 08:56:00,8,11,19,8,56,800,21,"00, AUSTRALIE (RUE D')",,,Plein jour,En agglomération,Hors intersection,Normale,Deux véhicules - arrière,,,,,,,,,,,1,2,1,1,2
200800065446,0008-11-19 09:05:00,8,11,19,9,5,800,21,DELIVRANCE (RUE DE LA),,,Plein jour,En agglomération,Hors intersection,Normale,Deux véhicules - arrière,,,,,,,,,,,1,2,1,1,2
200800065447,0008-11-19 17:35:00,8,11,19,17,35,800,21,"00, COMMANDANT CHARCOT (",,,Nuit avec éclairage allumé,En agglomération,Intersection en T,Normale,Autre collision,,,,,,,,,,,5,2,3,1,6
200800065448,0008-11-18 17:50:00,8,11,18,17,50,800,21,MARTIN BLEU DIEU (RUE),,,Nuit avec éclairage allumé,En agglomération,Hors intersection,Pluie légère,Sans collision,,,,,,,,,,,5,2,1,2,7
200800065449,0008-11-18 18:45:00,8,11,18,18,45,800,21,"6, FEDERES (BOULEVARD DE",,,Nuit avec éclairage allumé,En agglomération,Hors intersection,Pluie légère,Deux véhicules - côté,,,,,,,,,,,5,2,1,2,3
200800065450,0008-11-24 18:00:00,8,11,24,18,0,800,21,"00, ALBERT 1ER (MAIL)",,,Nuit avec éclairage allumé,En agglomération,Intersection en X,Pluie légère,Deux véhicules - côté,,,,,,,,,,,5,2,2,2,3
200800065451,0008-11-08 00:45:00,8,11,8,0,45,800,21,"00, SAINT QUENTIN (BOULE",,,Nuit avec éclairage allumé,En agglomération,Hors intersection,Normale,Deux véhicules - arrière,,,,,,,,,,,5,2,1,1,2
200800065452,0008-11-24 14:45:00,8,11,24,14,45,800,21,"00, ABBE DE L'EPEE (RUE",,,Plein jour,En agglomération,Hors intersection,Pluie légère,Sans collision,,,,,,,,,,,1,2,1,2,7
200800065453,0008-11-25 10:54:00,8,11,25,10,54,800,21,"00, GENERAL DE GAULLE (A",,,Plein jour,En agglomération,Intersection en X,Normale,Deux véhicules - côté,,,,,,,,,,,1,2,2,1,3
200800065454,0008-11-30 07:00:00,8,11,30,7,0,800,261,RD 1001,,,Nuit avec éclairage allumé,En agglomération,Hors intersection,Normale,Deux véhicules - frontale,,,,,,,,,,,5,2,1,1,1
200800065455,0008-11-29 14:55:00,8,11,29,14,55,800,21,"00, FEDERES (BOULEVARD D",,,Plein jour,En agglomération,Intersection en T,Normale,Deux véhicules - côté,,,,,,,,,,,1,2,3,1,3
200800065456,0008-11-29 15:10:00,8,11,29,15,10,800,21,"107, ALEXANDRE DUMAS (RU",,,Plein jour,En agglomération,Hors intersection,Normale,Deux véhicules - arrière,,,,,,,,,,,1,2,1,1,2
200800065457,0008-11-28 15:25:00,8,11,28,15,25,800,21,ROCADE NORD RN 1,,,Plein jour,Hors agglomération,Hors intersection,Normale,Deux véhicules - arrière,,,,,,,,,,,1,1,1,1,2
200800065458,0008-11-27 13:40:00,8,11,27,13,40,800,21,"00, GENERAL FOY (AVENUE",,,Plein jour,En agglomération,Intersection en X,Normale,Deux véhicules - côté,,,,,,,,,,,1,2,2,1,3
200800065459,0008-11-11 11:00:00,8,11,11,11,0,810,4,"63, VERDIER (FRANCOIS)",,,Plein jour,En agglomération,Hors intersection,Normale,Autre collision,,,,,,,,,,,1,2,1,1,6
200800065460,0008-11-23 18:00:00,8,11,23,18,0,810,4,GRAULHET (RTE VIEILE DE),,,Nuit avec éclairage allumé,En agglomération,Intersection en X,Pluie légère,Deux véhicules - côté,,,,,,,,,,,5,2,2,2,3
200800065461,0008-11-08 18:50:00,8,11,8,18,50,780,642,MEULAN ROUTE DE CD154,,,Nuit avec éclairage allumé,En agglomération,Giratoire,Pluie légère,Deux véhicules - côté,,,,,,,,,,,5,2,6,2,3
200800065462,0008-11-29 19:50:00,8,11,29,19,50,780,643,RD1,,,Nuit avec éclairage allumé,Hors agglomération,Hors intersection,Normale,Autre collision,,,,,,,,,,,5,1,1,1,6
200800065463,0008-11-18 18:00:00,8,11,18,18,0,810,65,SIDOBRE RD 622 (AV. DU),,,Nuit avec éclairage allumé,En agglomération,Hors intersection,Pluie légère,Autre collision,,,,,,,,,,,5,2,1,2,6
200800065464,0008-11-22 18:05:00,8,11,22,18,5,810,163,GUIRAUD (PIERRE-EUGENE),,,Nuit avec éclairage allumé,En agglomération,Intersection en X,Pluie légère,Deux véhicules - côté,,,,,,,,,,,5,2,2,2,3
200800065465,0008-11-28 07:45:00,8,11,28,7,45,810,163,"13, BRENAC (PAUL)",,,Crépuscule ou aube,En agglomération,Hors intersection,Normale,Autre collision,,,,,,,,,,,2,2,1,1,6
200800065466,0008-11-19 16:38:00,8,11,19,16,38,820,33,"12, DESCAZEAUX (Paul)",,,Plein jour,En agglomération,Hors intersection,Normale,Autre collision,,,,,,,,,,,1,2,1,1,6
200800065467,0008-11-17 18:00:00,8,11,17,18,0,820,121,"0, VITARELLE (ROUTE DE L",,,Plein jour,Hors agglomération,Hors intersection,Normale,Autre collision,,,,,,,,,,,1,1,1,1,6
200800065468,0008-11-08 12:35:00,8,11,8,12,35,820,121,"0, GAMBETTA (AVENUE)",,,Plein jour,En agglomération,Hors intersection,Normale,Autre collision,,,,,,,,,,,1,2,1,1,6
200800065469,0008-11-08 18:20:00,8,11,8,18,20,820,121,"1, BEAUPORT (RUE)",,,Nuit avec éclairage allumé,En agglomération,Hors intersection,Normale,Autre collision,,,,,,,,,,,5,2,1,1,6
200800065470,0008-11-11 17:55:00,8,11,11,17,55,820,121,"0, 10EME DRAGONS (AVENUE",,,Nuit avec éclairage allumé,En agglomération,Hors intersection,Normale,Autre collision,,,,,,,,,,,5,2,1,1,6
200800065471,0008-11-14 23:40:00,8,11,14,23,40,820,121,"830, ISSANCHOU (RUE)",,,Nuit avec éclairage allumé,En agglomération,Hors intersection,Normale,Autre collision,,,,,,,,,,,5,2,1,1,6
200800065472,0008-11-18 07:45:00,8,11,18,7,45,820,121,"0, GUERRET (RUE MARCEL)",,,Plein jour,En agglomération,Hors intersection,Normale,Autre collision,,,,,,,,,,,1,2,1,1,6
200800065473,0008-11-20 16:05:00,8,11,20,16,5,820,121,"3, DE GAULLE (AVENUE CHA",,,Plein jour,En agglomération,Intersection en X,Normale,Autre collision,,,,,,,,,,,1,2,2,1,6
200800065474,0008-11-24 22:00:00,8,11,24,22,0,820,121,"0, 19 AOUT 1944 ( AVENUE",,,Nuit avec éclairage allumé,En agglomération,Intersection en T,Normale,Autre collision,,,,,,,,,,,5,2,3,1,6
200800065475,0008-11-12 09:45:00,8,11,12,9,45,820,121,"0, GARRISSON (BOULEVARD",,,Plein jour,En agglomération,Hors intersection,Normale,Deux véhicules - côté,,,,,,,,,,,1,2,1,1,3
200800065476,0008-11-12 17:20:00,8,11,12,17,20,830,141,"1472, ARCS(ROUTE DES)",,,Nuit sans éclairage public,Hors agglomération,Hors intersection,Normale,Deux véhicules - arrière,,,,,,,,,,,3,1,1,1,2
200800065477,0008-11-15 22:00:00,8,11,15,22,0,830,50,"678, SEYRAN(CHEMIN DU)",,,Nuit sans éclairage public,Hors agglomération,Hors intersection,Normale,Sans collision,,,,,,,,,,,3,1,1,1,7
200800065478,0008-11-17 17:45:00,8,11,17,17,45,830,50,"14, CLEMENCEAU(BOULEVARD",,,Nuit avec éclairage allumé,En agglomération,Hors intersection,Normale,Autre collision,,,,,,,,,,,5,2,1,1,6
200800065479,0008-11-19 19:05:00,8,11,19,19,5,830,50,MEGE-MOURIES(TRAVERSE  H,,,Nuit avec éclairage allumé,En agglomération,Intersection en T,Normale,Deux véhicules - côté,,,,,,,,,,,5,2,3,1,3
200800065480,0008-11-24 08:48:00,8,11,24,8,48,830,50,"743, SAINT EXUPERY(BOULE",,,Plein jour,En agglomération,Hors intersection,Normale,Deux véhicules - côté,,,,,,,,,,,1,2,1,1,3
200800065481,0008-11-05 09:40:00,8,11,5,9,40,830,118,"0, PLACE MARÉCHAL GALLIE",,,Plein jour,En agglomération,Hors intersection,Temps couvert,Deux véhicules - côté,,,,,,,,,,,1,2,1,8,3
200800065482,0008-11-26 12:05:00,8,11,26,12,5,830,61,"692, AVENUE LOUIS CASTIL",,,Plein jour,En agglomération,Hors intersection,Normale,Autre collision,,,,,,,,,,,1,2,1,1,6
200800065483,0008-11-28 18:35:00,8,11,28,18,35,830,61,"0, RUE DU DOCTEUR DONNAD",,,Nuit avec éclairage allumé,En agglomération,Intersection en X,Pluie légère,Deux véhicules - côté,,,,,,,,,,,5,2,2,2,3
200800065484,0008-11-06 09:45:00,8,11,6,9,45,830,118,"0, BOULEVARD JEAN MOULIN",,,Plein jour,En agglomération,Giratoire,Pluie légère,Autre collision,,,,,,,,,,,1,2,6,2,6
200800065485,0008-11-18 17:00:00,8,11,18,17,0,830,69,"24, BROSSET (AVENUE 1ERE",,,Nuit sans éclairage public,En agglomération,Hors intersection,Pluie forte,Autre collision,,,,,,,,,,,3,2,1,3,6
200800065486,0008-11-13 17:50:00,8,11,13,17,50,830,69,"658, AEROPORT (AVENUE DE",,,Nuit avec éclairage non allumé,Hors agglomération,Hors intersection,Normale,Deux véhicules - frontale,,,,,,,,,,,4,1,1,1,1
200800065487,0008-11-26 08:30:00,8,11,26,8,30,830,69,"NS, LOUBES (ROUTE DES)",,,Plein jour,En agglomération,Hors intersection,Normale,Deux véhicules - arrière,,,,,,,,,,,1,2,1,1,2
200800065488,0008-11-30 18:10:00,8,11,30,18,10,830,69,"NS, TOULON RD 554 (ROUTE",,,Nuit avec éclairage allumé,En agglomération,Hors intersection,Pluie légère,Deux véhicules - arrière,,,,,,,,,,,5,2,1,2,2
200800065489,0008-11-29 13:55:00,8,11,29,13,55,830,69,"NS, CRAU (ROUTE DE LA )",,,Plein jour,En agglomération,Hors intersection,Normale,Deux véhicules - frontale,,,,,,,,,,,1,2,1,1,1
200800065490,0008-11-21 12:15:00,8,11,21,12,15,830,129,"2375, KENNEDY (AVENUE J.",,,Plein jour,En agglomération,Hors intersection,Normale,Deux véhicules - côté,,,,,,,,,,,1,2,1,1,3
200800065491,0008-11-25 03:30:00,8,11,25,3,30,830,9,"550, LIBERATION (AVENUE",,,Nuit avec éclairage allumé,En agglomération,Hors intersection,Normale,Autre collision,,,,,,,,,,,5,2,1,1,6
200800065492,0008-11-25 15:55:00,8,11,25,15,55,830,129,"564, RAYNAUD (AVENUE JOS",,,Plein jour,En agglomération,Hors intersection,Temps couvert,Trois véhicules et plus - en chaîne,,,,,,,,,,,1,2,1,8,4
200800065493,0008-11-02 17:30:00,8,11,2,17,30,830,126,"555, IVALDI (AV JEAN BAP",,,Nuit avec éclairage allumé,En agglomération,Hors intersection,Pluie forte,Deux véhicules - côté,,,,,,,,,,,5,2,1,3,3
200800065494,0008-11-03 16:10:00,8,11,3,16,10,830,126,"0, CEVENOLS (RUE DES)",,,Plein jour,En agglomération,Intersection en X,Autre,Deux véhicules - côté,,,,,,,,,,,1,2,2,9,3
200800065495,0008-11-11 00:45:00,8,11,11,0,45,830,126,"1, MERLES (ALLEE DES)",,,Nuit avec éclairage allumé,En agglomération,Intersection en T,Normale,Deux véhicules - côté,,,,,,,,,,,5,2,3,1,3
200800065496,0008-11-07 16:30:00,8,11,7,16,30,830,126,"945, RENOIR (AV AUGUSTE)",,,Plein jour,En agglomération,Intersection en T,Normale,Deux véhicules - côté,,,,,,,,,,,1,2,3,1,3
200800065497,0008-11-14 20:40:00,8,11,14,20,40,830,126,"17, LORO (PLACE GERMAIN)",,,Nuit avec éclairage allumé,En agglomération,Intersection en Y,Normale,Deux véhicules - côté,,,,,,,,,,,5,2,4,1,3
200800065498,0008-11-17 08:50:00,8,11,17,8,50,830,126,", NOVEMBRE (ROND POINT D",,,Plein jour,Hors agglomération,Giratoire,Normale,Autre collision,,,,,,,,,,,1,1,6,1,6
200800065499,0008-11-17 22:50:00,8,11,17,22,50,830,126,DE GAULLE (AV CHARLES),,,Nuit avec éclairage allumé,En agglomération,Hors intersection,Normale,Autre collision,,,,,,,,,,,5,2,1,1,6
200800065500,0008-11-27 07:16:00,8,11,27,7,16,830,126,ECHANGEUR D'OLLIOULES,,,Crépuscule ou aube,Hors agglomération,Hors intersection,Normale,Deux véhicules - côté,,,,,,,,,,,2,1,1,1,3
200800065501,0008-11-03 22:50:00,8,11,3,22,50,830,137,"422, CUZIN (AVE FRANCOIS",,,Nuit avec éclairage allumé,En agglomération,Intersection en T,Normale,Deux véhicules - côté,,,,,,,,,,,5,2,3,1,3
200800065502,0008-11-03 18:30:00,8,11,3,18,30,830,137,"264, FORGENTIER (CHEMIN",,,Nuit avec éclairage allumé,En agglomération,Hors intersection,Temps couvert,Deux véhicules - côté,,,,,,,,,,,5,2,1,8,3
200800065503,0008-11-04 07:15:00,8,11,4,7,15,830,137,"305, CHABANNES (RUE DE)",,,Nuit avec éclairage allumé,Hors agglomération,Hors intersection,Pluie légère,Deux véhicules - arrière,,,,,,,,,,,5,1,1,2,2
200800065504,0008-11-06 16:30:00,8,11,6,16,30,830,90,PARKING CENT.RE CIAL CAR,,,Nuit avec éclairage allumé,En agglomération,Hors intersection,Pluie légère,Deux véhicules - frontale,,,,,,,,,,,5,2,1,2,1
200800065505,0008-11-08 18:34:00,8,11,8,18,34,830,137,BROSSET (BD GENERAL),,,Nuit avec éclairage allumé,En agglomération,Hors intersection,Normale,Deux véhicules - côté,,,,,,,,,,,5,2,1,1,3
200800065506,0008-11-08 18:30:00,8,11,8,18,30,830,137,"880, VICTOIRE DU 8 MAI 1",,,Nuit avec éclairage allumé,En agglomération,Hors intersection,Normale,Deux véhicules - côté,,,,,,,,,,,5,2,1,1,3
200800065507,0008-11-02 18:00:00,8,11,2,18,0,830,137,GROIGNARD (AVE),,,Nuit avec éclairage non allumé,Hors agglomération,Hors intersection,Pluie forte,Deux véhicules - côté,,,,,,,,,,,4,1,1,3,3
200800065508,0008-11-06 08:30:00,8,11,6,8,30,830,137,CLEMENCEAU (BD GEORGES),,,Plein jour,En agglomération,Hors intersection,Normale,Deux véhicules - arrière,,,,,,,,,,,1,2,1,1,2
200800065509,0008-11-05 14:30:00,8,11,5,14,30,830,90,MONNET (AVE JEAN),,,Plein jour,En agglomération,Hors intersection,Pluie légère,Deux véhicules - côté,,,,,,,,,,,1,2,1,2,3
200800065510,0008-11-09 13:00:00,8,11,9,13,0,830,137,"125, ARMARIS (BD DES)",,,Plein jour,En agglomération,Hors intersection,Normale,Autre collision,,,,,,,,,,,1,2,1,1,6
200800065511,0008-11-12 11:00:00,8,11,12,11,0,830,137,CUZIN (AVE FRANCOIS),,,Plein jour,En agglomération,Intersection en T,Normale,Deux véhicules - côté,,,,,,,,,,,1,2,3,1,3
200800065512,0008-11-14 12:45:00,8,11,14,12,45,830,137,PELICAN (CHEMIN DU),,,Plein jour,En agglomération,Hors intersection,Normale,Deux véhicules - frontale,,,,,,,,,,,1,2,1,1,1
200800065513,0008-11-14 15:40:00,8,11,14,15,40,830,137,BROSSET (BD GENERAL),,,Plein jour,En agglomération,Intersection en T,Normale,Deux véhicules - côté,,,,,,,,,,,1,2,3,1,3
200800065514,0008-11-15 17:00:00,8,11,15,17,0,830,137,"0, 15EME CORPS (AVE DU)",,,Plein jour,En agglomération,Intersection en T,Normale,Deux véhicules - côté,,,,,,,,,,,1,2,3,1,3
200800065515,0008-11-14 12:10:00,8,11,14,12,10,830,137,GASQUET (AVE JOSEPH DE 1,,,Plein jour,En agglomération,Hors intersection,Normale,Trois véhicules et plus - collisions multiples,,,,,,,,,,,1,2,1,1,5
200800065516,0008-11-17 17:15:00,8,11,17,17,15,830,90,"762, MONNET (AVE JEAN)",,,Crépuscule ou aube,En agglomération,Hors intersection,Normale,Deux véhicules - côté,,,,,,,,,,,2,2,1,1,3
200800065517,0008-11-17 13:30:00,8,11,17,13,30,830,90,MONNET (AVE JEAN),,,Plein jour,En agglomération,Hors intersection,Normale,Deux véhicules - côté,,,,,,,,,,,1,2,1,1,3
200800065518,0008-11-17 08:00:00,8,11,17,8,0,830,137,"526, LOTI (AVE PIERRE)",,,Plein jour,En agglomération,Hors intersection,Normale,Deux véhicules - côté,,,,,,,,,,,1,2,1,1,3
200800065519,0008-11-18 22:25:00,8,11,18,22,25,830,137,"0, MATHIS (AVE HENRI)",,,Nuit avec éclairage allumé,En agglomération,Hors intersection,Normale,Deux véhicules - côté,,,,,,,,,,,5,2,1,1,3
200800065520,0008-11-21 14:48:00,8,11,21,14,48,830,137,", VAUBAN (AVE)",,,Plein jour,En agglomération,Hors intersection,Normale,Trois véhicules et plus - collisions multiples,,,,,,,,,,,1,2,1,1,5
200800065521,0008-11-05 18:30:00,8,11,5,18,30,830,137,MICHELETC (BD JULES),,,Nuit avec éclairage non allumé,Hors agglomération,Hors intersection,Normale,Autre collision,,,,,,,,,,,4,1,1,1,6
200800065522,0008-11-18 07:45:00,8,11,18,7,45,830,144,RICARD (AVE DES),,,Plein jour,En agglomération,Hors intersection,Normale,Deux véhicules - côté,,,,,,,,,,,1,2,1,1,3
200800065523,0008-11-24 08:30:00,8,11,24,8,30,830,137,"53, 15EME CORPS (AVE DU)",,,Plein jour,En agglomération,Hors intersection,Normale,Autre collision,,,,,,,,,,,1,2,1,1,6
200800065524,0008-11-26 05:00:00,8,11,26,5,0,830,137,BRIAND (AVE ARISTIDE DE,,,Nuit sans éclairage public,En agglomération,Hors intersection,Normale,Deux véhicules - arrière,,,,,,,,,,,3,2,1,1,2
200800065525,0008-11-24 18:30:00,8,11,24,18,30,830,137,"433, VERT COTEAU (AVE DU",,,Nuit avec éclairage allumé,En agglomération,Hors intersection,Normale,Sans collision,,,,,,,,,,,5,2,1,1,7
200800065526,0008-11-23 08:15:00,8,11,23,8,15,830,90,"1409, NATIONALE 8 (ROUTE",,,Crépuscule ou aube,Hors agglomération,Hors intersection,Normale,Autre collision,,,,,,,,,,,2,1,1,1,6
200800065527,0008-11-25 20:40:00,8,11,25,20,40,830,137,CUZIN (AVE FRANCOIS),,,Nuit avec éclairage allumé,En agglomération,Intersection en T,Normale,Deux véhicules - frontale,,,,,,,,,,,5,2,3,1,1
200800065528,0008-11-28 16:15:00,8,11,28,16,15,830,137,CAMUS (AVE ALBERT),,,Plein jour,En agglomération,Hors intersection,Normale,Deux véhicules - arrière,,,,,,,,,,,1,2,1,1,2
200800065529,0008-11-28 08:00:00,8,11,28,8,0,830,137,ALBERT 1ER (PLACE),,,Plein jour,En agglomération,Giratoire,Pluie légère,Deux véhicules - arrière,,,,,,,,,,,1,2,6,2,2
200800065530,0008-11-18 08:10:00,8,11,18,8,10,830,137,BIR-HAKEIM (ROND POINT),,,Plein jour,En agglomération,Hors intersection,Normale,Deux véhicules - arrière,,,,,,,,,,,1,2,1,1,2
200800065531,0008-11-27 17:00:00,8,11,27,17,0,830,144,"260, VALERY (AVE PAUL)",,,Nuit avec éclairage allumé,En agglomération,Hors intersection,Normale,Autre collision,,,,,,,,,,,5,2,1,1,6
200800065532,0008-11-02 17:50:00,8,11,2,17,50,840,7,TRILLADE (avenue de la ),,,Crépuscule ou aube,En agglomération,Hors intersection,Pluie forte,Deux véhicules - arrière,,,,,,,,,,,2,2,1,3,2