accident_id,datetime,annee,mois,jour,heure,minute,departement,commune_insee,adresse,latitude,longitude,luminosite,agglomeration,intersection,meteo,collision,nb_vehicules,nb_usagers,nb_indemnes,nb_tues,nb_blesses_hosp,nb_blesses_legers,age_cond_1,age_cond_2,veh_type_cond_1,veh_type_cond_2,lum_code,agg_code,int_code,atm_code,col_code
200800065533,0008-11-05 17:45:00,8,11,5,17,45,840,7,CARDINAL BERTRAND (Cours,,,Plein jour,En agglomération,Hors intersection,Normale,Autre collision,,,,,,,,,,,1,2,1,1,6
200800065534,0008-11-07 01:00:00,8,11,7,1,0,840,7,saint roch (rue du rempa,,,Nuit avec éclairage allumé,En agglomération,Intersection en T,Normale,Deux véhicules - côté,,,,,,,,,,,5,2,3,1,3
200800065535,0008-11-07 16:55:00,8,11,7,16,55,840,7,"120, 1ere DB (Bd)",,,Plein jour,En agglomération,Hors intersection,Normale,Autre collision,,,,,,,,,,,1,2,1,1,6
200800065536,0008-11-14 21:35:00,8,11,14,21,35,840,7,JONQUERETTES (Route de ),,,Nuit sans éclairage public,En agglomération,Hors intersection,Normale,Deux véhicules - frontale,,,,,,,,,,,3,2,1,1,1
200800065537,0008-11-16 11:30:00,8,11,16,11,30,840,7,TARASCON ( Avenue de),,,Plein jour,En agglomération,Hors intersection,Normale,Deux véhicules - côté,,,,,,,,,,,1,2,1,1,3
200800065538,0008-11-16 12:15:00,8,11,16,12,15,840,7,AMANDIER (Avenue de l'),,,Plein jour,En agglomération,Hors intersection,Normale,Deux véhicules - côté,,,,,,,,,,,1,2,1,1,3
200800065539,0008-11-25 17:50:00,8,11,25,17,50,810,33,RD 90,,,Nuit avec éclairage allumé,En agglomération,Intersection en T,Temps couvert,Deux véhicules - côté,,,,,,,,,,,5,2,3,8,3
200800065540,0008-11-16 17:30:00,8,11,16,17,30,840,7,"72, 1ere DB (Bd)",,,Nuit avec éclairage allumé,En agglomération,Intersection en X,Normale,Autre collision,,,,,,,,,,,5,2,2,1,6
200800065541,0008-11-18 18:05:00,8,11,18,18,5,840,7,AMANDIER (Avenue de l'),,,Nuit avec éclairage allumé,Hors agglomération,Hors intersection,Normale,Deux véhicules - côté,,,,,,,,,,,5,1,1,1,3
200800065542,0008-11-20 19:20:00,8,11,20,19,20,840,7,ROYAUME et DALADIER (Pon,,,Nuit sans éclairage public,En agglomération,Hors intersection,Normale,Autre collision,,,,,,,,,,,3,2,1,1,6
200800065543,0008-11-21 15:15:00,8,11,21,15,15,840,7,SAINT MICHEL (Boulevard),,,Plein jour,En agglomération,Hors intersection,Normale,Deux véhicules - arrière,,,,,,,,,,,1,2,1,1,2
200800065544,0008-11-21 17:22:00,8,11,21,17,22,840,7,PIE (Place),,,Nuit avec éclairage allumé,En agglomération,Hors intersection,Normale,Autre collision,,,,,,,,,,,5,2,1,1,6
200800065545,0008-11-22 18:20:00,8,11,22,18,20,840,7,"156, TARASCON ( Avenue d",,,Nuit avec éclairage allumé,En agglomération,Hors intersection,Normale,Deux véhicules - côté,,,,,,,,,,,5,2,1,1,3
200800065546,0008-11-26 13:15:00,8,11,26,13,15,840,7,"104, MONTFAVET (Route)",,,Plein jour,En agglomération,Hors intersection,Normale,Autre collision,,,,,,,,,,,1,2,1,1,6
200800065547,0008-11-27 08:40:00,8,11,27,8,40,840,7,SOUSPIROUS (Avenue des ),,,Plein jour,Hors agglomération,Hors intersection,Normale,Deux véhicules - arrière,,,,,,,,,,,1,1,1,1,2
200800065548,0008-11-28 06:05:00,8,11,28,6,5,840,7,C.De GAULLE (Rocade),,,Nuit sans éclairage public,En agglomération,Hors intersection,Normale,Sans collision,,,,,,,,,,,3,2,1,1,7
200800065549,0008-11-13 16:00:00,8,11,13,16,0,840,35,TOUR-VC23 (CHEMIN DE LA),,,Plein jour,Hors agglomération,Intersection en X,Normale,Deux véhicules - côté,,,,,,,,,,,1,1,2,1,3
200800065550,0008-11-14 07:55:00,8,11,14,7,55,840,35,RD.973,,,Plein jour,Hors agglomération,Intersection en T,Normale,Trois véhicules et plus - collisions multiples,,,,,,,,,,,1,1,3,1,5
200800065551,0008-11-20 11:15:00,8,11,20,11,15,840,35,BOSCODOMINI (AVENUE),,,Plein jour,En agglomération,Hors intersection,Normale,Deux véhicules - frontale,,,,,,,,,,,1,2,1,1,1
200800065552,0008-11-23 18:55:00,8,11,23,18,55,840,35,"179, RD.22",,,Nuit sans éclairage public,Hors agglomération,Hors intersection,Normale,Autre collision,,,,,,,,,,,3,1,1,1,6
200800065553,0008-11-29 00:50:00,8,11,29,0,50,840,87,ROUTE DE ROQUEMAURE,,,Nuit avec éclairage allumé,Hors agglomération,Hors intersection,Normale,Deux véhicules - frontale,,,,,,,,,,,5,1,1,1,1
200800065554,0008-11-28 18:55:00,8,11,28,18,55,840,89,"1, 973 (CHEMIN DEPARTEME",,,Nuit sans éclairage public,Hors agglomération,Hors intersection,Pluie légère,Deux véhicules - côté,,,,,,,,,,,3,1,1,2,3
200800065555,0008-11-09 19:50:00,8,11,9,19,50,850,191,MOREAU BOULEVARD STEPHAN,,,Nuit avec éclairage allumé,En agglomération,Autre intersection,Normale,Deux véhicules - côté,,,,,,,,,,,5,2,9,1,3
200800065556,0008-11-14 18:15:00,8,11,14,18,15,850,191,"30, DE GAULLE RUE DU PRE",,,Nuit avec éclairage allumé,En agglomération,Hors intersection,Normale,Deux véhicules - côté,,,,,,,,,,,5,2,1,1,3
200800065557,0008-11-07 09:05:00,8,11,7,9,5,850,191,"84, RACINE RUE",,,Plein jour,En agglomération,Hors intersection,Normale,Autre collision,,,,,,,,,,,1,2,1,1,6
200800065558,0008-11-17 18:55:00,8,11,17,18,55,850,191,"125, DE GAULLE RUE DU PR",,,Nuit avec éclairage allumé,En agglomération,Intersection en X,Normale,Deux véhicules - côté,,,,,,,,,,,5,2,2,1,3
200800065559,0008-11-20 17:00:00,8,11,20,17,0,850,191,"SANS, LEBON RUE PHILIPPE",,,Plein jour,En agglomération,Hors intersection,Normale,Autre collision,,,,,,,,,,,1,2,1,1,6
200800065560,0008-11-25 12:20:00,8,11,25,12,20,850,191,"0, AUSTERLITZ BOULEVARD",,,Plein jour,En agglomération,Hors intersection,Normale,Autre collision,,,,,,,,,,,1,2,1,1,6
200800065561,0008-11-28 17:30:00,8,11,28,17,30,850,191,"3, DELILLE RUE",,,Nuit sans éclairage public,En agglomération,Intersection en X,Pluie forte,Autre collision,,,,,,,,,,,3,2,2,3,6
200800065562,0008-11-08 01:35:00,8,11,8,1,35,850,194,"47, PINS (ROUTE DES)",,,Nuit sans éclairage public,En agglomération,Hors intersection,Normale,Autre collision,,,,,,,,,,,3,2,1,1,6
200800065563,0008-11-08 18:30:00,8,11,8,18,30,850,194,VENDEE GLOBE (BOULEVARD,,,Nuit avec éclairage allumé,En agglomération,Hors intersection,Normale,Autre collision,,,,,,,,,,,5,2,1,1,6
200800065564,0008-11-11 09:25:00,8,11,11,9,25,850,194,CHAILLEY (AVENUE JSEPH),,,Plein jour,En agglomération,Hors intersection,Normale,Autre collision,,,,,,,,,,,1,2,1,1,6
200800065565,0008-11-12 18:15:00,8,11,12,18,15,850,194,SCHWEITZER (RUE DU DOCTE,,,Nuit avec éclairage allumé,En agglomération,Intersection en X,Normale,Deux véhicules - arrière,,,,,,,,,,,5,2,2,1,2
200800065566,0008-11-15 19:25:00,8,11,15,19,25,850,194,AQUITAINE (AVENUE D'),,,Nuit avec éclairage allumé,En agglomération,Giratoire,Normale,Autre collision,,,,,,,,,,,5,2,6,1,6
200800065567,0008-11-17 17:00:00,8,11,17,17,0,850,194,"1, BOUIN (RUE JEAN)",,,Plein jour,En agglomération,Intersection en T,Normale,Deux véhicules - côté,,,,,,,,,,,1,2,3,1,3
200800065568,0008-11-19 09:25:00,8,11,19,9,25,850,194,CHARCOT (ROND POINT DU D,,,Plein jour,En agglomération,Giratoire,Normale,Deux véhicules - côté,,,,,,,,,,,1,2,6,1,3
200800065569,0008-11-12 12:25:00,8,11,12,12,25,860,66,ABELIN (AVENUE PIERRE),,,Plein jour,En agglomération,Hors intersection,Normale,Autre collision,,,,,,,,,,,1,2,1,1,6
200800065570,0008-11-28 10:25:00,8,11,28,10,25,860,66,CHATELET (PLACE DU),,,Plein jour,En agglomération,Giratoire,Pluie légère,Deux véhicules - côté,,,,,,,,,,,1,2,6,2,3
200800065571,0008-11-01 21:30:00,8,11,1,21,30,860,194,"188 - 190, FAUBOURG PONT",,,Nuit avec éclairage allumé,En agglomération,Hors intersection,Normale,Deux véhicules - arrière,,,,,,,,,,,5,2,1,1,2
200800065572,0008-11-02 04:30:00,8,11,2,4,30,860,158,RN.147,,,Nuit sans éclairage public,Hors agglomération,Hors intersection,Normale,Deux véhicules - arrière,,,,,,,,,,,3,1,1,1,2
200800065573,0008-11-02 10:05:00,8,11,2,10,5,860,194,"15, DIEUDONNE COSTES (RU",,,Plein jour,En agglomération,Hors intersection,Normale,Sans collision,,,,,,,,,,,1,2,1,1,7
200800065574,0008-11-04 18:30:00,8,11,4,18,30,860,194,EUROPE (AVENUE DE L'),,,Nuit sans éclairage public,En agglomération,Intersection en T,Pluie légère,Deux véhicules - côté,,,,,,,,,,,3,2,3,2,3
200800065575,0008-11-06 13:42:00,8,11,6,13,42,860,194,"., MARCELLIN BERTHELOT (",,,Plein jour,En agglomération,Intersection en T,Pluie légère,Deux véhicules - côté,,,,,,,,,,,1,2,3,2,3
200800065576,0008-11-06 14:10:00,8,11,6,14,10,860,194,JOHN KENNEDY (AVENUE),,,Plein jour,En agglomération,Intersection en X,Pluie légère,Deux véhicules - côté,,,,,,,,,,,1,2,2,2,3
200800065577,0008-11-06 19:35:00,8,11,6,19,35,860,194,"31, FAUBOURG PONT NEUF (",,,Nuit sans éclairage public,En agglomération,Hors intersection,Temps couvert,Deux véhicules - arrière,,,,,,,,,,,3,2,1,8,2
200800065578,0008-11-08 19:45:00,8,11,8,19,45,860,194,BONCENNE (RUE),,,Nuit avec éclairage allumé,En agglomération,Intersection en X,Normale,Deux véhicules - côté,,,,,,,,,,,5,2,2,1,3
200800065579,0008-11-12 16:10:00,8,11,12,16,10,860,194,"312, GIBAUDERIE (RUE DE",,,Plein jour,En agglomération,Hors intersection,Normale,Deux véhicules - côté,,,,,,,,,,,1,2,1,1,3
200800065580,0008-11-14 12:35:00,8,11,14,12,35,860,194,JOHN KENNEDY (AVENUE),,,Plein jour,En agglomération,Intersection en X,Pluie légère,Deux véhicules - côté,,,,,,,,,,,1,2,2,2,3
200800065581,0008-11-15 19:30:00,8,11,15,19,30,860,194,ROCADE OUEST (RN10),,,Nuit avec éclairage allumé,En agglomération,Intersection en X,Normale,Deux véhicules - côté,,,,,,,,,,,5,2,2,1,3
200800065582,0008-11-15 22:45:00,8,11,15,22,45,860,194,JEAN VALADE (RUE),,,Nuit avec éclairage allumé,En agglomération,Intersection en X,Normale,Deux véhicules - côté,,,,,,,,,,,5,2,2,1,3
200800065583,0008-11-20 18:25:00,8,11,20,18,25,860,157,ENTREPENEURS (RUE DES),,,Nuit avec éclairage allumé,Hors agglomération,Intersection en T,Pluie légère,Deux véhicules - côté,,,,,,,,,,,5,1,3,2,3
200800065584,0008-11-20 20:25:00,8,11,20,20,25,860,194,"., LAFAYETTE (AVENUE DE)",,,Nuit avec éclairage allumé,En agglomération,Giratoire,Pluie légère,Deux véhicules - côté,,,,,,,,,,,5,2,6,2,3
200800065585,0008-11-27 13:20:00,8,11,27,13,20,860,194,ROBERT SCHUMAN (AVENUE),,,Plein jour,En agglomération,Intersection en X,Normale,Trois véhicules et plus - en chaîne,,,,,,,,,,,1,2,2,1,4
200800065586,0008-11-28 16:20:00,8,11,28,16,20,860,194,"79, NANTES (AVENUE DE)",,,Plein jour,En agglomération,Hors intersection,Normale,Autre collision,,,,,,,,,,,1,2,1,1,6
200800065587,0008-11-02 16:57:00,8,11,2,16,57,870,75,"26, COURRIERES (AVENUE D",,,Plein jour,En agglomération,Hors intersection,Pluie légère,Deux véhicules - côté,,,,,,,,,,,1,2,1,2,3
200800065588,0008-11-01 17:41:00,8,11,1,17,41,870,85,"90, REVOLUTION (AVENUE D",,,Plein jour,En agglomération,Intersection en X,Pluie légère,Deux véhicules - côté,,,,,,,,,,,1,2,2,2,3
200800065589,0008-11-04 13:55:00,8,11,4,13,55,870,85,"0, BRACHAUD (AVENUE DE)",,,Plein jour,Hors agglomération,Hors intersection,Normale,Deux véhicules - arrière,,,,,,,,,,,1,1,1,1,2
200800065590,0008-11-04 17:45:00,8,11,4,17,45,870,85,AUTOROUTE A20,,,Nuit avec éclairage allumé,Hors agglomération,Hors intersection,Normale,Trois véhicules et plus - en chaîne,,,,,,,,,,,5,1,1,1,4
200800065591,0008-11-05 08:52:00,8,11,5,8,52,870,75,RD79,,,Plein jour,En agglomération,Giratoire,Pluie légère,Autre collision,,,,,,,,,,,1,2,6,2,6
200800065592,0008-11-05 18:34:00,8,11,5,18,34,870,85,"113, LATTRE-DE-TASSIGNY",,,Nuit avec éclairage allumé,En agglomération,Hors intersection,Pluie légère,Autre collision,,,,,,,,,,,5,2,1,2,6
200800065593,0008-11-05 19:43:00,8,11,5,19,43,870,85,"1, BOURNEVILLE (RUE DE)",,,Nuit avec éclairage allumé,En agglomération,Intersection en T,Pluie légère,Deux véhicules - côté,,,,,,,,,,,5,2,3,2,3
200800065594,0008-11-06 14:19:00,8,11,6,14,19,870,85,"29, PERRIN (RUE FRANCOIS",,,Plein jour,En agglomération,Hors intersection,Pluie légère,Autre collision,,,,,,,,,,,1,2,1,2,6
200800065595,0008-11-06 20:17:00,8,11,6,20,17,870,85,"24, Georges GUINGOUIN(ru",,,Nuit avec éclairage allumé,En agglomération,Intersection en T,Normale,Deux véhicules - côté,,,,,,,,,,,5,2,3,1,3
200800065596,0008-11-10 18:50:00,8,11,10,18,50,870,85,"113, LECLERC (AVENUE DU",,,Nuit avec éclairage allumé,En agglomération,Hors intersection,Normale,Deux véhicules - arrière,,,,,,,,,,,5,2,1,1,2
200800065597,0008-11-11 15:00:00,8,11,11,15,0,870,85,"7, BEAUBLANC (BOULEVARD",,,Plein jour,En agglomération,Hors intersection,Normale,Autre collision,,,,,,,,,,,1,2,1,1,6
200800065598,0008-11-12 08:50:00,8,11,12,8,50,870,85,AUTOROUTE A20,,,Plein jour,Hors agglomération,Hors intersection,Normale,Deux véhicules - côté,,,,,,,,,,,1,1,1,1,3
200800065599,0008-11-12 18:54:00,8,11,12,18,54,870,50,D128,,,Nuit sans éclairage public,Hors agglomération,Hors intersection,Pluie forte,Autre collision,,,,,,,,,,,3,1,1,3,6
200800065600,0008-11-13 08:15:00,8,11,13,8,15,870,85,"9, BETOULLE (PLACE LEON)",,,Plein jour,En agglomération,Hors intersection,Normale,Autre collision,,,,,,,,,,,1,2,1,1,6
200800065601,0008-11-13 08:04:00,8,11,13,8,4,870,75,"6, CLUZEAU (RUE DU)",,,Plein jour,En agglomération,Hors intersection,Normale,Autre collision,,,,,,,,,,,1,2,1,1,6
200800065602,0008-11-14 13:22:00,8,11,14,13,22,870,85,"219, VANTEAUX (BOULEVARD",,,Plein jour,En agglomération,Hors intersection,Normale,Deux véhicules - côté,,,,,,,,,,,1,2,1,1,3
200800065603,0008-11-14 15:00:00,8,11,14,15,0,870,85,"4, FABRE EGLANTINE (ALLE",,,Plein jour,En agglomération,Hors intersection,Normale,Deux véhicules - côté,,,,,,,,,,,1,2,1,1,3
200800065604,0008-11-14 20:04:00,8,11,14,20,4,870,85,"5, MONNET (RUE JEAN)",,,Nuit avec éclairage allumé,Hors agglomération,Hors intersection,Normale,Trois véhicules et plus - en chaîne,,,,,,,,,,,5,1,1,1,4
200800065605,0008-11-15 10:46:00,8,11,15,10,46,870,85,"1, POIDS-PUBLIC (PLACE D",,,Plein jour,En agglomération,Hors intersection,Normale,Autre collision,,,,,,,,,,,1,2,1,1,6
200800065606,0008-11-15 12:26:00,8,11,15,12,26,870,85,"34, TOULOUSE (RUE DE)",,,Plein jour,Hors agglomération,Hors intersection,Normale,Autre collision,,,,,,,,,,,1,1,1,1,6
200800065607,0008-11-16 04:30:00,8,11,16,4,30,870,85,D220,,,Nuit avec éclairage allumé,En agglomération,Hors intersection,Normale,Autre collision,,,,,,,,,,,5,2,1,1,6
200800065608,0008-11-18 14:33:00,8,11,18,14,33,870,85,"90, REVOLUTION (AVENUE D",,,Plein jour,En agglomération,Intersection en X,Pluie légère,Deux véhicules - frontale,,,,,,,,,,,1,2,2,2,1
200800065609,0008-11-18 13:27:00,8,11,18,13,27,870,85,"74, BAUDIN (AVENUE)",,,Plein jour,En agglomération,Hors intersection,Pluie légère,Autre collision,,,,,,,,,,,1,2,1,2,6
200800065610,0008-11-18 14:25:00,8,11,18,14,25,870,85,"92, LABUSSIERE (AVENUE E",,,Plein jour,En agglomération,Hors intersection,Pluie légère,Trois véhicules et plus - en chaîne,,,,,,,,,,,1,2,1,2,4
200800065611,0008-11-18 16:20:00,8,11,18,16,20,870,85,"4, LECLERC (AVENUE DU GE",,,Plein jour,En agglomération,Hors intersection,Pluie légère,Autre collision,,,,,,,,,,,1,2,1,2,6
200800065612,0008-11-18 15:36:00,8,11,18,15,36,870,65,"0, PORTES DE FEYTIAT (RU",,,Plein jour,En agglomération,Hors intersection,Pluie forte,Deux véhicules - frontale,,,,,,,,,,,1,2,1,3,1
200800065613,0008-11-19 09:53:00,8,11,19,9,53,870,85,"93, Georges GUINGOUIN(ru",,,Plein jour,En agglomération,Hors intersection,Normale,Deux véhicules - côté,,,,,,,,,,,1,2,1,1,3
200800065614,0008-11-21 13:39:00,8,11,21,13,39,870,85,"400, TOULOUSE (RUE DE)",,,Plein jour,En agglomération,Hors intersection,Pluie légère,Deux véhicules - frontale,,,,,,,,,,,1,2,1,2,1
200800065615,0008-11-21 18:28:00,8,11,21,18,28,870,85,"79, BELLAC (RUE DE)",,,Nuit avec éclairage allumé,En agglomération,Hors intersection,Pluie légère,Trois véhicules et plus - en chaîne,,,,,,,,,,,5,2,1,2,4
200800065616,0008-11-21 18:50:00,8,11,21,18,50,870,85,BEL AIR (BOULEVARD DE),,,Nuit avec éclairage allumé,En agglomération,Hors intersection,Pluie légère,Trois véhicules et plus - en chaîne,,,,,,,,,,,5,2,1,2,4
200800065617,0008-11-15 15:40:00,8,11,15,15,40,840,7,BONPAS ( Pont),,,Plein jour,Hors agglomération,Hors intersection,Normale,Deux véhicules - arrière,,,,,,,,,,,1,1,1,1,2
200800065618,0008-11-24 07:56:00,8,11,24,7,56,870,85,"103, LOCARNO (AVENUE)",,,Plein jour,En agglomération,Hors intersection,Normale,Autre collision,,,,,,,,,,,1,2,1,1,6
200800065619,0008-11-24 18:15:00,8,11,24,18,15,870,85,FRACHON ( ave Benoit),,,Nuit avec éclairage allumé,En agglomération,Hors intersection,Normale,Deux véhicules - côté,,,,,,,,,,,5,2,1,1,3
200800065620,0008-11-25 07:22:00,8,11,25,7,22,870,85,RD941,,,Nuit avec éclairage allumé,En agglomération,Hors intersection,Normale,Autre collision,,,,,,,,,,,5,2,1,1,6
200800065621,0008-11-25 09:59:00,8,11,25,9,59,870,85,"2, BASTIAT (RUE FREDERIC",,,Plein jour,En agglomération,Hors intersection,Normale,Autre collision,,,,,,,,,,,1,2,1,1,6
200800065622,0008-11-25 10:50:00,8,11,25,10,50,870,48,"37, LIMOGES (AVENUE DE)",,,Plein jour,En agglomération,Hors intersection,Normale,Autre collision,,,,,,,,,,,1,2,1,1,6
200800065623,0008-11-26 23:31:00,8,11,26,23,31,870,85,AUTOROUTE A20,,,Nuit avec éclairage allumé,Hors agglomération,Hors intersection,Normale,Autre collision,,,,,,,,,,,5,1,1,1,6
200800065624,0008-11-28 11:39:00,8,11,28,11,39,870,85,"23, BEAUBLANC (BOULEVARD",,,Plein jour,En agglomération,Intersection en X,Normale,Deux véhicules - côté,,,,,,,,,,,1,2,2,1,3
200800065625,0008-11-29 19:15:00,8,11,29,19,15,870,85,"35, LABUSSIERE (AVENUE E",,,Nuit avec éclairage allumé,En agglomération,Hors intersection,Pluie légère,Autre collision,,,,,,,,,,,5,2,1,2,6
200800065626,0008-11-01 18:15:00,8,11,1,18,15,880,160,"00, QUATRE VENTS (RUE DE",,,Nuit avec éclairage allumé,En agglomération,Hors intersection,Pluie légère,Deux véhicules - arrière,,,,,,,,,,,5,2,1,2,2
200800065627,0008-11-06 18:00:00,8,11,6,18,0,880,409,"29, Grande Rue",,,Nuit avec éclairage allumé,En agglomération,Intersection en T,Normale,Deux véhicules - côté,,,,,,,,,,,5,2,3,1,3
200800065628,0008-11-23 12:20:00,8,11,23,12,20,880,413,Place SAINT MARTIN,48.28811,6.9489,Plein jour,En agglomération,Intersection en X,Temps couvert,Deux véhicules - côté,,,,,,,,,,,1,2,2,8,3
200800065629,0008-11-25 20:00:00,8,11,25,20,0,880,413,Rue du 31éme BCP,,,Nuit avec éclairage allumé,En agglomération,Hors intersection,Normale,Autre collision,,,,,,,,,,,5,2,1,1,6
200800065630,0008-11-03 08:10:00,8,11,3,8,10,890,24,R.N.6,,,Crépuscule ou aube,Hors agglomération,Hors intersection,Normale,Autre collision,,,,,,,,,,,2,1,1,1,6
200800065631,0008-11-04 10:15:00,8,11,4,10,15,890,24,"11, 11 NOVEMBRE (BOULEVA",,,Plein jour,En agglomération,Hors intersection,Normale,Autre collision,,,,,,,,,,,1,2,1,1,6
200800065632,0008-11-06 17:00:00,8,11,6,17,0,890,24,"00, R.N.6",,,Crépuscule ou aube,Hors agglomération,Hors intersection,Normale,Deux véhicules - côté,,,,,,,,,,,2,1,1,1,3
200800065633,0008-11-20 16:05:00,8,11,20,16,5,890,24,"00, SAINT EUSEBE (PLACE)",,,Plein jour,En agglomération,Place,Normale,Autre collision,,,,,,,,,,,1,2,7,1,6
200800065634,0008-11-06 12:10:00,8,11,6,12,10,890,387,"184, SENIGALLIA (AVENUE",,,Plein jour,En agglomération,Hors intersection,Normale,Deux véhicules - côté,,,,,,,,,,,1,2,1,1,3
200800065635,0008-11-24 16:50:00,8,11,24,16,50,890,387,"0, MAIL (BOULEVARD DU)",,,Plein jour,En agglomération,Hors intersection,Normale,Autre collision,,,,,,,,,,,1,2,1,1,6
200800065636,0008-11-02 03:05:00,8,11,2,3,5,900,10,"1, BRISACH (AVENUE DE)",,,Nuit avec éclairage allumé,En agglomération,Hors intersection,Normale,Sans collision,,,,,,,,,,,5,2,1,1,7
200800065637,0008-11-04 00:40:00,8,11,4,0,40,900,10,"3, RENAUD DE BOURGOGNE (",,,Nuit avec éclairage allumé,En agglomération,Intersection en T,Brouillard / fumée,Deux véhicules - côté,,,,,,,,,,,5,2,3,5,3
200800065638,0008-11-04 11:25:00,8,11,4,11,25,900,10,"1, REPUBLIQUE (PLACE DE",,,Plein jour,En agglomération,Hors intersection,Normale,Autre collision,,,,,,,,,,,1,2,1,1,6
200800065639,0008-11-04 15:05:00,8,11,4,15,5,900,10,"144, JAURES (AVENUE JEAN",,,Plein jour,En agglomération,Place,Normale,Deux véhicules - côté,,,,,,,,,,,1,2,7,1,3
200800065640,0008-11-04 18:35:00,8,11,4,18,35,900,10,"10, FRERY (RUE)",,,Nuit avec éclairage allumé,En agglomération,Intersection en Y,Normale,Deux véhicules - côté,,,,,,,,,,,5,2,4,1,3
200800065641,0008-11-06 16:00:00,8,11,6,16,0,900,10,"5, BONNET (RUE PIERRE)",,,Plein jour,En agglomération,Hors intersection,Normale,Autre collision,,,,,,,,,,,1,2,1,1,6
200800065642,0008-11-08 08:50:00,8,11,8,8,50,900,8,"1, ECOLES (RUE DES)",,,Plein jour,En agglomération,Hors intersection,Normale,Deux véhicules - arrière,,,,,,,,,,,1,2,1,1,2
200800065643,0008-11-13 21:30:00,8,11,13,21,30,900,99,"53, CARNOT (RUE)",,,Nuit avec éclairage allumé,En agglomération,Intersection en T,Normale,Deux véhicules - côté,,,,,,,,,,,5,2,3,1,3
200800065644,0008-11-23 10:35:00,8,11,23,10,35,900,10,"1, KENNEDY (BOULEVARD)",,,Plein jour,En agglomération,Hors intersection,Neige / grêle,Deux véhicules - côté,,,,,,,,,,,1,2,1,4,3
200800065645,0008-11-23 13:25:00,8,11,23,13,25,900,32,"18, CHARMEUSE (RUE DE LA",,,Plein jour,En agglomération,Giratoire,Temps couvert,Deux véhicules - côté,,,,,,,,,,,1,2,6,8,3
200800065646,0008-11-27 08:00:00,8,11,27,8,0,900,10,"1, RENAUD DE BOURGOGNE (",,,Plein jour,En agglomération,Hors intersection,Autre,Autre collision,,,,,,,,,,,1,2,1,9,6
200800065647,0008-11-27 14:00:00,8,11,27,14,0,900,10,"1, CLEMENCEAU (BOULEVARD",,,Plein jour,En agglomération,Hors intersection,Normale,Deux véhicules - côté,,,,,,,,,,,1,2,1,1,3
200800065648,0008-11-27 16:30:00,8,11,27,16,30,900,8,"20 BIS, BELFORT (RUE DE)",,,Plein jour,En agglomération,Hors intersection,Normale,Trois véhicules et plus - en chaîne,,,,,,,,,,,1,2,1,1,4
200800065649,0008-11-28 19:20:00,8,11,28,19,20,900,10,LAURENCIE (AVENUE CAPITA,,,Nuit avec éclairage allumé,En agglomération,Hors intersection,Normale,Trois véhicules et plus - collisions multiples,,,,,,,,,,,5,2,1,1,5
200800065650,0008-11-30 06:00:00,8,11,30,6,0,900,10,"106, JAURES (AVENUE JEAN",,,Nuit avec éclairage allumé,En agglomération,Hors intersection,Pluie légère,Autre collision,,,,,,,,,,,5,2,1,2,6
200800065651,0008-11-10 18:05:00,8,11,10,18,5,910,479,"103, GAULLE (AVENUE DU G",,,Nuit avec éclairage allumé,En agglomération,Hors intersection,Normale,Autre collision,,,,,,,,,,,5,2,1,1,6
200800065652,0008-11-04 14:55:00,8,11,4,14,55,910,114,CORBEIL (AVENUE DE),,,Plein jour,En agglomération,Hors intersection,Normale,Autre collision,,,,,,,,,,,1,2,1,1,6
200800065653,0008-11-07 15:45:00,8,11,7,15,45,910,114,PETIT CHATEAU (AVENUE DU,,,Plein jour,En agglomération,Giratoire,Normale,Deux véhicules - arrière,,,,,,,,,,,1,2,6,1,2
200800065654,0008-11-07 18:45:00,8,11,7,18,45,910,514,CD 33,,,Nuit sans éclairage public,Hors agglomération,Hors intersection,Normale,Deux véhicules - arrière,,,,,,,,,,,3,1,1,1,2
200800065655,0008-11-09 21:45:00,8,11,9,21,45,910,114,ROUTE NATIONALE 6,,,Nuit avec éclairage allumé,En agglomération,Hors intersection,Normale,Deux véhicules - arrière,,,,,,,,,,,5,2,1,1,2
200800065656,0008-11-11 09:50:00,8,11,11,9,50,910,97,JEAN MOULIN (AVENUE),,,Plein jour,En agglomération,Giratoire,Temps éblouissant,Autre collision,,,,,,,,,,,1,2,6,7,6
200800065657,0008-11-18 12:25:00,8,11,18,12,25,910,97,CHARLES DE GAULLE (BUISS,,,Plein jour,En agglomération,Hors intersection,Temps couvert,Deux véhicules - arrière,,,,,,,,,,,1,2,1,8,2
200800065658,0008-11-20 08:45:00,8,11,20,8,45,910,514,CD 33,,,Plein jour,Hors agglomération,Hors intersection,Normale,Deux véhicules - côté,,,,,,,,,,,1,1,1,1,3
200800065659,0008-11-21 08:10:00,8,11,21,8,10,910,114,ARRIVEE (PLACE DE L'),,,Crépuscule ou aube,En agglomération,Intersection en X,Pluie légère,Autre collision,,,,,,,,,,,2,2,2,2,6
200800065660,0008-11-22 15:15:00,8,11,22,15,15,910,114,"04, GENERAL LECLERC (AVE",,,Plein jour,En agglomération,Hors intersection,Normale,Deux véhicules - arrière,,,,,,,,,,,1,2,1,1,2
200800065661,0008-11-06 09:35:00,8,11,6,9,35,910,201,EUROPE(AVENUE DE L'),,,Plein jour,En agglomération,Intersection en X,Normale,Deux véhicules - côté,,,,,,,,,,,1,2,2,1,3
200800065662,0008-11-19 17:20:00,8,11,19,17,20,910,657,HENRI BARBUSSE (AVENUE),,,Crépuscule ou aube,En agglomération,Intersection en X,Normale,Autre collision,,,,,,,,,,,2,2,2,1,6