accident_id,datetime,annee,mois,jour,heure,minute,departement,commune_insee,adresse,latitude,longitude,luminosite,agglomeration,intersection,meteo,collision,nb_vehicules,nb_usagers,nb_indemnes,nb_tues,nb_blesses_hosp,nb_blesses_legers,age_cond_1,age_cond_2,veh_type_cond_1,veh_type_cond_2,lum_code,agg_code,int_code,atm_code,col_code
200800065663,0008-11-10 15:10:00,8,11,10,15,10,910,201,RIS (RUE DE),,,Plein jour,En agglomération,Intersection en X,Normale,Deux véhicules - frontale,,,,,,,,,,,1,2,2,1,1
200800065664,0008-11-13 09:50:00,8,11,13,9,50,910,201,HENRI BARBUSSE(BOULEVARD,,,Plein jour,En agglomération,Hors intersection,Normale,Deux véhicules - frontale,,,,,,,,,,,1,2,1,1,1
200800065665,0008-11-23 03:10:00,8,11,23,3,10,910,657,CHEMIN VERT (RUE DU),,,Nuit sans éclairage public,En agglomération,Hors intersection,Pluie légère,Autre collision,,,,,,,,,,,3,2,1,2,6
200800065666,0008-11-25 08:35:00,8,11,25,8,35,910,201,LUCIEN MALAVIOLE(AVENUE),,,Plein jour,En agglomération,Intersection en X,Normale,Deux véhicules - côté,,,,,,,,,,,1,2,2,1,3
200800065667,0008-11-07 10:00:00,8,11,7,10,0,910,433,RN 191,,,Plein jour,Hors agglomération,Intersection en Y,Normale,Deux véhicules - côté,,,,,,,,,,,1,1,4,1,3
200800065668,0008-11-07 18:30:00,8,11,7,18,30,910,433,"43, PONTS (RUE DES)",,,Nuit avec éclairage allumé,En agglomération,Hors intersection,Normale,Autre collision,,,,,,,,,,,5,2,1,1,6
200800065669,0008-11-08 13:50:00,8,11,8,13,50,910,223,"21, GRENOTS (AVENUE DES)",,,Plein jour,En agglomération,Hors intersection,Normale,Autre collision,,,,,,,,,,,1,2,1,1,6
200800065670,0008-11-08 21:30:00,8,11,8,21,30,910,223,R.N.20,,,Nuit sans éclairage public,Hors agglomération,Hors intersection,Normale,Autre collision,,,,,,,,,,,3,1,1,1,6
200800065671,0008-11-10 16:55:00,8,11,10,16,55,910,223,"8, GUETTARD (RUE J.E.)",,,Plein jour,En agglomération,Hors intersection,Normale,Autre collision,,,,,,,,,,,1,2,1,1,6
200800065672,0008-11-11 23:10:00,8,11,11,23,10,910,223,RN 191,,,Nuit sans éclairage public,Hors agglomération,Hors intersection,Normale,Deux véhicules - arrière,,,,,,,,,,,3,1,1,1,2
200800065673,0008-11-14 08:05:00,8,11,14,8,5,910,223,"94, SAINT MICHEL (BOULEV",,,Nuit avec éclairage allumé,En agglomération,Hors intersection,Normale,Sans collision,,,,,,,,,,,5,2,1,1,7
200800065674,0008-11-18 14:00:00,8,11,18,14,0,910,223,R.N.20,,,Plein jour,Hors agglomération,Hors intersection,Normale,Deux véhicules - côté,,,,,,,,,,,1,1,1,1,3
200800065675,0008-11-24 10:15:00,8,11,24,10,15,910,433,CD 837,,,Plein jour,Hors agglomération,Hors intersection,Pluie légère,Sans collision,,,,,,,,,,,1,1,1,2,7
200800065676,0008-11-25 06:40:00,8,11,25,6,40,910,223,R.N.20,,,Plein jour,Hors agglomération,Hors intersection,Normale,Sans collision,,,,,,,,,,,1,1,1,1,7
200800065677,0008-11-25 17:25:00,8,11,25,17,25,910,223,R.N.20,,,Nuit sans éclairage public,Hors agglomération,Hors intersection,Normale,Deux véhicules - arrière,,,,,,,,,,,3,1,1,1,2
200800065678,0008-11-03 09:30:00,8,11,3,9,30,910,521,"29, LANGEVIN (RUE PAUL)",,,Plein jour,En agglomération,Intersection en T,Temps couvert,Deux véhicules - côté,,,,,,,,,,,1,2,3,8,3
200800065679,0008-11-11 15:10:00,8,11,11,15,10,910,521,"., GRIGNY (ROUTE DE)",,,Plein jour,En agglomération,Hors intersection,Normale,Autre collision,,,,,,,,,,,1,2,1,1,6
200800065680,0008-11-13 16:10:00,8,11,13,16,10,910,228,"., EUROPE (BD) N° PAIRS",,,Plein jour,En agglomération,Intersection en X,Normale,Deux véhicules - côté,,,,,,,,,,,1,2,2,1,3
200800065681,0008-11-17 09:00:00,8,11,17,9,0,910,521,"., FROMONT (RUE DE)",,,Plein jour,En agglomération,Intersection en T,Normale,Deux véhicules - côté,,,,,,,,,,,1,2,3,1,3
200800065682,0008-11-20 13:35:00,8,11,20,13,35,910,228,"., ROUTE DE MENNECY",,,Plein jour,En agglomération,Intersection en T,Normale,Deux véhicules - côté,,,,,,,,,,,1,2,3,1,3
200800065683,0008-11-23 21:40:00,8,11,23,21,40,910,521,"., JOLIOT CURIE (AVENUE",,,Nuit avec éclairage non allumé,En agglomération,Hors intersection,Pluie légère,Autre collision,,,,,,,,,,,4,2,1,2,6
200800065684,0008-11-24 13:50:00,8,11,24,13,50,910,228,"., EUROPE (BD) N° PAIRS",,,Plein jour,En agglomération,Intersection en X,Normale,Deux véhicules - côté,,,,,,,,,,,1,2,2,1,3
200800065685,0008-11-29 11:30:00,8,11,29,11,30,910,228,"., GENERAL PATTON (AVENU",,,Plein jour,En agglomération,Intersection en X,Pluie légère,Deux véhicules - côté,,,,,,,,,,,1,2,2,2,3
200800065686,0008-11-06 17:50:00,8,11,6,17,50,910,326,"24, ESTIENNE D'ORVES (AV",,,Crépuscule ou aube,En agglomération,Hors intersection,Pluie légère,Autre collision,,,,,,,,,,,2,2,1,2,6
200800065687,0008-11-01 10:30:00,8,11,1,10,30,910,687,GENERAL DE GAULLE (AVENU,,,Plein jour,En agglomération,Hors intersection,Pluie légère,Autre collision,,,,,,,,,,,1,2,1,2,6
200800065688,0008-11-22 17:50:00,8,11,22,17,50,910,687,"00, MARMONT (AVENUE)",,,Nuit avec éclairage allumé,En agglomération,Hors intersection,Normale,Autre collision,,,,,,,,,,,5,2,1,1,6
200800065689,0008-11-23 13:25:00,8,11,23,13,25,910,687,RN 445,,,Plein jour,En agglomération,Intersection en X,Pluie forte,Autre collision,,,,,,,,,,,1,2,2,3,6
200800065690,0008-11-04 18:30:00,8,11,4,18,30,910,161,"LIBERATION (PLACE, AVENU",,,Nuit avec éclairage allumé,En agglomération,Hors intersection,Normale,Autre collision,,,,,,,,,,,5,2,1,1,6
200800065691,0008-11-05 19:45:00,8,11,5,19,45,910,345,"14, ECOLES (RUE DES)",,,Nuit avec éclairage allumé,En agglomération,Hors intersection,Normale,Autre collision,,,,,,,,,,,5,2,1,1,6
200800065692,0008-11-20 12:55:00,8,11,20,12,55,910,161,"34, LONGJUMEAU (route de",,,Plein jour,En agglomération,Hors intersection,Normale,Deux véhicules - côté,,,,,,,,,,,1,2,1,1,3
200800065693,0008-11-27 19:23:00,8,11,27,19,23,910,161,"57, MAZARIN (AVENUE)",,,Nuit avec éclairage allumé,En agglomération,Hors intersection,Normale,Sans collision,,,,,,,,,,,5,2,1,1,7
200800065694,0008-11-29 18:25:00,8,11,29,18,25,910,161,"1, CD 118",,,Nuit sans éclairage public,Hors agglomération,Hors intersection,Normale,Deux véhicules - frontale,,,,,,,,,,,3,1,1,1,1
200800065695,0008-11-22 17:56:00,8,11,22,17,56,870,85,"1, ANGUERNAUD (RUE D')",,,Nuit avec éclairage allumé,En agglomération,Intersection en T,Pluie légère,Deux véhicules - côté,,,,,,,,,,,5,2,3,2,3
200800065696,0008-11-25 07:20:00,8,11,25,7,20,920,4,"NR, PONT D'ASNIERES",,,Plein jour,En agglomération,Hors intersection,Normale,Autre collision,,,,,,,,,,,1,2,1,1,6
200800065697,0008-11-25 07:50:00,8,11,25,7,50,920,9,"50, AGENT SARRE ( RUE DE",,,Plein jour,En agglomération,Hors intersection,Normale,Autre collision,,,,,,,,,,,1,2,1,1,6
200800065698,0008-11-26 21:20:00,8,11,26,21,20,920,4,LORRAINE   ( RUE DE ),,,Nuit avec éclairage allumé,En agglomération,Intersection en X,Normale,Deux véhicules - côté,,,,,,,,,,,5,2,2,1,3
200800065699,0008-11-29 10:05:00,8,11,29,10,5,920,4,"NR, FAIDHERBE ( AVENUE )",,,Plein jour,En agglomération,Intersection en T,Normale,Deux véhicules - côté,,,,,,,,,,,1,2,3,1,3
200800065700,0008-11-30 21:55:00,8,11,30,21,55,920,4,AULAGNIER ( QUAI ),,,Nuit avec éclairage allumé,En agglomération,Intersection en T,Pluie légère,Autre collision,,,,,,,,,,,5,2,3,2,6
200800065701,0008-11-04 13:35:00,8,11,4,13,35,920,32,DOLIVET J ET M (AVENUE),,,Plein jour,En agglomération,Intersection en T,Normale,Deux véhicules - côté,,,,,,,,,,,1,2,3,1,3
200800065702,0008-11-12 09:10:00,8,11,12,9,10,920,32,"8, REPUBLIQUE (BOULEVARD",,,Plein jour,En agglomération,Hors intersection,Normale,Autre collision,,,,,,,,,,,1,2,1,1,6
200800065703,0008-11-13 12:40:00,8,11,13,12,40,920,32,CROLAND RAYMOND (RUE),,,Plein jour,En agglomération,Intersection en T,Normale,Deux véhicules - côté,,,,,,,,,,,1,2,3,1,3
200800065704,0008-11-30 18:45:00,8,11,30,18,45,920,71,LE NOTRE (AVENUE),,,Nuit avec éclairage allumé,En agglomération,Intersection en X,Pluie légère,Deux véhicules - côté,,,,,,,,,,,5,2,2,2,3
200800065705,0008-11-11 17:15:00,8,11,11,17,15,920,24,"49, GENERAL ROGUET (RUE",,,Plein jour,En agglomération,Hors intersection,Normale,Deux véhicules - arrière,,,,,,,,,,,1,2,1,1,2
200800065706,0008-11-17 17:50:00,8,11,17,17,50,920,24,"23, VILLENEUVE (RUE) DE",,,Nuit sans éclairage public,En agglomération,Hors intersection,Normale,Deux véhicules - côté,,,,,,,,,,,3,2,1,1,3
200800065707,0008-11-15 14:05:00,8,11,15,14,5,920,24,"90, GENERAL ROGUET (RUE",,,Plein jour,En agglomération,Hors intersection,Normale,Deux véhicules - côté,,,,,,,,,,,1,2,1,1,3
200800065708,0008-11-02 16:00:00,8,11,2,16,0,910,421,REPUBLIQUE (AVENUE DE LA,,,Plein jour,En agglomération,Hors intersection,Normale,Deux véhicules - côté,,,,,,,,,,,1,2,1,1,3
200800065709,0008-11-09 18:30:00,8,11,9,18,30,910,421,"150, REPUBLIQUE (AVENUE",,,Nuit avec éclairage allumé,En agglomération,Intersection en T,Temps couvert,Deux véhicules - côté,,,,,,,,,,,5,2,3,8,3
200800065710,0008-11-12 13:50:00,8,11,12,13,50,910,421,REPUBLIQUE (AVENUE DE LA,,,Plein jour,En agglomération,Intersection en T,Normale,Deux véhicules - côté,,,,,,,,,,,1,2,3,1,3
200800065711,0008-11-18 07:10:00,8,11,18,7,10,910,691,"Ignoré, RAYMOND POINCARE",,,Nuit avec éclairage allumé,En agglomération,Intersection en T,Pluie forte,Autre collision,,,,,,,,,,,5,2,3,3,6
200800065712,0008-11-19 22:50:00,8,11,19,22,50,910,691,"ANGLE, RAYMOND POINCARE(",,,Nuit avec éclairage allumé,En agglomération,Intersection en T,Normale,Deux véhicules - côté,,,,,,,,,,,5,2,3,1,3
200800065713,0008-11-22 19:50:00,8,11,22,19,50,910,691,JEAN JAURES(RUE),,,Nuit avec éclairage allumé,En agglomération,Intersection en T,Normale,Deux véhicules - côté,,,,,,,,,,,5,2,3,1,3
200800065714,0008-11-28 12:30:00,8,11,28,12,30,910,421,"115, REPUBLIQUE (AVENUE",,,Plein jour,En agglomération,Hors intersection,Temps couvert,Sans collision,,,,,,,,,,,1,2,1,8,7
200800065715,0008-11-03 07:00:00,8,11,3,7,0,910,64,"147, PARIS (RUE DE)",,,Crépuscule ou aube,En agglomération,Hors intersection,Pluie légère,Sans collision,,,,,,,,,,,2,2,1,2,7
200800065716,0008-11-08 10:50:00,8,11,8,10,50,910,692,"17, AVENUE DU HOGGAR",,,Plein jour,En agglomération,Hors intersection,Normale,Autre collision,,,,,,,,,,,1,2,1,1,6
200800065717,0008-11-11 17:45:00,8,11,11,17,45,910,477,"49, BARA (BOULEVARD)",,,Plein jour,En agglomération,Hors intersection,Normale,Deux véhicules - arrière,,,,,,,,,,,1,2,1,1,2
200800065718,0008-11-13 21:40:00,8,11,13,21,40,910,477,"41, ALLIES (AVENUE DES)",,,Nuit avec éclairage allumé,En agglomération,Hors intersection,Normale,Autre collision,,,,,,,,,,,5,2,1,1,6
200800065719,0008-11-14 07:10:00,8,11,14,7,10,910,477,CD 128,,,Crépuscule ou aube,Hors agglomération,Hors intersection,Pluie légère,Sans collision,,,,,,,,,,,2,1,1,2,7
200800065720,0008-11-17 17:40:00,8,11,17,17,40,910,645,FOCH (BOULEVARD DU MAREC,,,Nuit avec éclairage allumé,En agglomération,Hors intersection,Temps couvert,Sans collision,,,,,,,,,,,5,2,1,8,7
200800065721,0008-11-24 20:00:00,8,11,24,20,0,910,471,"101, PARIS (RUE DE)",,,Nuit avec éclairage non allumé,En agglomération,Hors intersection,Pluie légère,Sans collision,,,,,,,,,,,4,2,1,2,7
200800065722,0008-11-25 20:15:00,8,11,25,20,15,910,692,CHAMPAGNE (AVENUE DE),,,Nuit avec éclairage allumé,En agglomération,Intersection en T,Normale,Trois véhicules et plus - collisions multiples,,,,,,,,,,,5,2,3,1,5
200800065723,0008-11-27 07:48:00,8,11,27,7,48,910,477,VAUHALLAN (RUE DE),,,Plein jour,En agglomération,Intersection en T,Normale,Deux véhicules - frontale,,,,,,,,,,,1,2,3,1,1
200800065724,0008-11-28 19:55:00,8,11,28,19,55,910,645,"0, GEORGES POMPIDOU (AVE",,,Nuit avec éclairage allumé,En agglomération,Hors intersection,Normale,Trois véhicules et plus - collisions multiples,,,,,,,,,,,5,2,1,1,5
200800065725,0008-11-30 02:40:00,8,11,30,2,40,910,645,VALLEE DE LA BIEVRES (VO,,,Nuit avec éclairage allumé,En agglomération,Intersection en T,Neige / grêle,Sans collision,,,,,,,,,,,5,2,3,4,7
200800065726,0008-11-04 10:15:00,8,11,4,10,15,910,549,"174, GABRIEL PERI (AVENU",,,Plein jour,En agglomération,Intersection en X,Pluie légère,Deux véhicules - arrière,,,,,,,,,,,1,2,2,2,2
200800065727,0008-11-04 14:49:00,8,11,4,14,49,910,549,REPUBLIQUE (AVENUE DE LA,,,Plein jour,En agglomération,Intersection en X,Normale,Deux véhicules - côté,,,,,,,,,,,1,2,2,1,3
200800065728,0008-11-04 18:40:00,8,11,4,18,40,910,549,"0, CANAL (AVENUE DU)",,,Crépuscule ou aube,En agglomération,Hors intersection,Pluie légère,Autre collision,,,,,,,,,,,2,2,1,2,6
200800065729,0008-11-05 15:10:00,8,11,5,15,10,910,570,"78, MONTLHERY (RUE)",,,Plein jour,En agglomération,Intersection en T,Normale,Autre collision,,,,,,,,,,,1,2,3,1,6
200800065730,0008-11-07 12:20:00,8,11,7,12,20,910,549,"168, CORBEIL (ROUTE DE)",,,Plein jour,En agglomération,Hors intersection,Normale,Autre collision,,,,,,,,,,,1,2,1,1,6
200800065731,0008-11-07 16:40:00,8,11,7,16,40,910,549,"0, LONGPONT (ROUTE DE)",,,Plein jour,En agglomération,Intersection en X,Pluie légère,Deux véhicules - frontale,,,,,,,,,,,1,2,2,2,1
200800065732,0008-11-09 04:00:00,8,11,9,4,0,910,235,RN104,,,Nuit sans éclairage public,Hors agglomération,Hors intersection,Pluie légère,Trois véhicules et plus - collisions multiples,,,,,,,,,,,3,1,1,2,5
200800065733,0008-11-13 12:20:00,8,11,13,12,20,910,549,"119, PRESIDENT SALVADOR",,,Plein jour,En agglomération,Intersection en X,Normale,Deux véhicules - côté,,,,,,,,,,,1,2,2,1,3
200800065734,0008-11-17 16:20:00,8,11,17,16,20,910,570,"0, BRETIGNY (AVENUE)",,,Plein jour,En agglomération,Hors intersection,Pluie légère,Autre collision,,,,,,,,,,,1,2,1,2,6
200800065735,0008-11-20 15:10:00,8,11,20,15,10,910,549,"0, EMILE ZOLA (AVENUE)",,,Plein jour,En agglomération,Intersection en X,Normale,Deux véhicules - frontale,,,,,,,,,,,1,2,2,1,1
200800065736,0008-11-20 17:35:00,8,11,20,17,35,910,549,RESISTANCE (AVENUE DE LA,,,Crépuscule ou aube,En agglomération,Intersection en X,Pluie légère,Deux véhicules - côté,,,,,,,,,,,2,2,2,2,3
200800065737,0008-11-21 08:10:00,8,11,21,8,10,910,549,"98, GABRIEL PERI (AVENUE",,,Crépuscule ou aube,En agglomération,Intersection en X,Pluie légère,Trois véhicules et plus - collisions multiples,,,,,,,,,,,2,2,2,2,5
200800065738,0008-11-26 07:35:00,8,11,26,7,35,910,549,CORBEIL (ROUTE DE),,,Crépuscule ou aube,En agglomération,Hors intersection,Normale,Deux véhicules - arrière,,,,,,,,,,,2,2,1,1,2
200800065739,0008-11-27 18:05:00,8,11,27,18,5,910,667,", HERAULT DE SECHELLES (",,,Crépuscule ou aube,En agglomération,Intersection en T,Pluie légère,Deux véhicules - côté,,,,,,,,,,,2,2,3,2,3
200800065740,0008-11-29 17:59:00,8,11,29,17,59,910,549,JACQUES DUCLOS (AVENUE),,,Nuit avec éclairage allumé,En agglomération,Hors intersection,Normale,Deux véhicules - frontale,,,,,,,,,,,5,2,1,1,1
200800065741,0008-11-02 22:35:00,8,11,2,22,35,920,2,ARISTIDE BRIAND (AVENUE),,,Nuit avec éclairage allumé,En agglomération,Intersection en X,Normale,Deux véhicules - côté,,,,,,,,,,,5,2,2,1,3
200800065742,0008-11-12 18:15:00,8,11,12,18,15,920,2,DIVISION LECLERC (53 A 2,,,Nuit avec éclairage allumé,En agglomération,Intersection en X,Normale,Deux véhicules - frontale,,,,,,,,,,,5,2,2,1,1
200800065743,0008-11-21 07:15:00,8,11,21,7,15,920,2,"00, LEON BLUM (AVENUE)",,,Nuit avec éclairage allumé,En agglomération,Hors intersection,Pluie légère,Autre collision,,,,,,,,,,,5,2,1,2,6
200800065744,0008-11-26 16:40:00,8,11,26,16,40,920,2,ARMAND GUILLEBAUD (AVENU,,,Plein jour,En agglomération,Hors intersection,Normale,Autre collision,,,,,,,,,,,1,2,1,1,6
200800065745,0008-11-01 15:00:00,8,11,1,15,0,920,4,"NR, VOLTAIRE  ( BD 01 A",,,Plein jour,En agglomération,Intersection en T,Pluie légère,Deux véhicules - côté,,,,,,,,,,,1,2,3,2,3
200800065746,0008-11-03 07:40:00,8,11,3,7,40,920,4,"32, ARGENTEUIL AV D'",,,Crépuscule ou aube,En agglomération,Hors intersection,Normale,Deux véhicules - côté,,,,,,,,,,,2,2,1,1,3
200800065747,0008-11-03 15:30:00,8,11,3,15,30,920,4,"122, VOLTAIRE ( BD 16 A",,,Plein jour,En agglomération,Intersection en X,Normale,Deux véhicules - côté,,,,,,,,,,,1,2,2,1,3
200800065748,0008-11-06 19:55:00,8,11,6,19,55,920,4,"NR, BAS ( RUE DES )",,,Nuit avec éclairage allumé,En agglomération,Intersection en T,Normale,Autre collision,,,,,,,,,,,5,2,3,1,6
200800065749,0008-11-07 10:20:00,8,11,7,10,20,920,4,"NR, REDOUTE ( AVENUE DE",,,Plein jour,En agglomération,Intersection en T,Pluie légère,Deux véhicules - côté,,,,,,,,,,,1,2,3,2,3
200800065750,0008-11-07 20:55:00,8,11,7,20,55,920,4,BAS ( RUE DES ),,,Nuit avec éclairage allumé,En agglomération,Intersection en T,Normale,Deux véhicules - côté,,,,,,,,,,,5,2,3,1,3
200800065751,0008-11-08 19:30:00,8,11,8,19,30,920,4,"28, REDOUTE ( AVENUE DE",,,Nuit avec éclairage allumé,En agglomération,Hors intersection,Pluie légère,Deux véhicules - arrière,,,,,,,,,,,5,2,1,2,2
200800065752,0008-11-09 19:00:00,8,11,9,19,0,920,4,"1, COMETE  ( RUE DE LA )",,,Nuit avec éclairage allumé,En agglomération,Intersection en X,Normale,Autre collision,,,,,,,,,,,5,2,2,1,6
200800065753,0008-11-11 17:35:00,8,11,11,17,35,920,4,"NR, MENIL",,,Nuit avec éclairage allumé,En agglomération,Intersection en X,Normale,Autre collision,,,,,,,,,,,5,2,2,1,6
200800065754,0008-11-17 09:20:00,8,11,17,9,20,920,4,"NR, GRANDE RUE CHARLES D",,,Plein jour,En agglomération,Intersection en T,Normale,Autre collision,,,,,,,,,,,1,2,3,1,6
200800065755,0008-11-18 12:10:00,8,11,18,12,10,920,4,"NR, AULAGNIER ( QUAI )",,,Plein jour,En agglomération,Intersection en X,Normale,Deux véhicules - côté,,,,,,,,,,,1,2,2,1,3
200800065756,0008-11-21 17:50:00,8,11,21,17,50,920,4,"225, AULAGNIER ( QUAI )",,,Nuit avec éclairage allumé,En agglomération,Hors intersection,Normale,Deux véhicules - côté,,,,,,,,,,,5,2,1,1,3
200800065757,0008-11-24 14:25:00,8,11,24,14,25,920,24,"26, GENERAL ROGUET (RUE",,,Plein jour,En agglomération,Intersection en T,Normale,Deux véhicules - côté,,,,,,,,,,,1,2,3,1,3
200800065758,0008-11-21 21:10:00,8,11,21,21,10,920,24,CLICHY (QUAI DE) DE (8 A,,,Nuit avec éclairage allumé,En agglomération,Giratoire,Normale,Deux véhicules - côté,,,,,,,,,,,5,2,6,1,3
200800065759,0008-11-21 10:10:00,8,11,21,10,10,920,24,"72, MARTRE (RUE) DE (59",,,Plein jour,En agglomération,Hors intersection,Pluie légère,Deux véhicules - côté,,,,,,,,,,,1,2,1,2,3
200800065760,0008-11-27 23:45:00,8,11,27,23,45,920,24,"37, VICTOR HUGO (BD)",,,Nuit avec éclairage allumé,En agglomération,Intersection en X,Normale,Deux véhicules - côté,,,,,,,,,,,5,2,2,1,3
200800065761,0008-11-28 21:20:00,8,11,28,21,20,920,24,"35, KLOCK (RUE)",,,Plein jour,En agglomération,Intersection en X,Normale,Deux véhicules - arrière,,,,,,,,,,,1,2,2,1,2
200800065762,0008-11-27 18:50:00,8,11,27,18,50,920,24,"24, MORICE (RUE)",,,Nuit avec éclairage allumé,En agglomération,Intersection en T,Pluie légère,Autre collision,,,,,,,,,,,5,2,3,2,6
200800065763,0008-11-28 12:40:00,8,11,28,12,40,920,24,"26, VICTOR HUGO (BD)",,,Plein jour,En agglomération,Hors intersection,Normale,Autre collision,,,,,,,,,,,1,2,1,1,6
200800065764,0008-11-04 15:20:00,8,11,4,15,20,920,25,E.D'ORVES <>200A328 & 14,,,Plein jour,En agglomération,Intersection en T,Normale,Deux véhicules - côté,,,,,,,,,,,1,2,3,1,3
200800065765,0008-11-08 21:30:00,8,11,8,21,30,920,25,GABRIEL PERI (RUE),,,Nuit sans éclairage public,En agglomération,Intersection en X,Pluie légère,Deux véhicules - côté,,,,,,,,,,,3,2,2,2,3
200800065766,0008-11-10 16:10:00,8,11,10,16,10,920,25,STALINGRAD (AV DE),,,Plein jour,En agglomération,Hors intersection,Normale,Autre collision,,,,,,,,,,,1,2,1,1,6
200800065767,0008-11-17 08:15:00,8,11,17,8,15,920,25,"105, VALMY (BD DE)",,,Plein jour,En agglomération,Hors intersection,Normale,Deux véhicules - côté,,,,,,,,,,,1,2,1,1,3
200800065768,0008-11-18 11:55:00,8,11,18,11,55,920,25,G.GRES<>2 A 148 & 1 A 13,,,Plein jour,En agglomération,Intersection en T,Normale,Deux véhicules - côté,,,,,,,,,,,1,2,3,1,3
200800065769,0008-11-18 15:55:00,8,11,18,15,55,920,25,"83, STALINGRAD (AV DE)",,,Plein jour,En agglomération,Hors intersection,Normale,Deux véhicules - côté,,,,,,,,,,,1,2,1,1,3
200800065770,0008-11-22 19:00:00,8,11,22,19,0,920,25,MARECHAL FOCH (AV DU),,,Nuit avec éclairage allumé,En agglomération,Hors intersection,Normale,Deux véhicules - côté,,,,,,,,,,,5,2,1,1,3
200800065771,0008-11-23 21:15:00,8,11,23,21,15,920,25,"203, GABRIEL PERI (RUE)",,,Nuit avec éclairage allumé,En agglomération,Hors intersection,Pluie légère,Deux véhicules - frontale,,,,,,,,,,,5,2,1,2,1
200800065772,0008-11-24 11:00:00,8,11,24,11,0,920,25,CHARLES DE GAULLE (BD),,,Plein jour,En agglomération,Intersection en T,Normale,Autre collision,,,,,,,,,,,1,2,3,1,6
200800065773,0008-11-24 20:30:00,8,11,24,20,30,920,25,"50, STALINGRAD (AV DE)",,,Nuit avec éclairage allumé,En agglomération,Hors intersection,Normale,Sans collision,,,,,,,,,,,5,2,1,1,7
200800065774,0008-11-07 05:30:00,8,11,7,5,30,920,50,ARAGO FRANCOIS AVENUE,,,Crépuscule ou aube,En agglomération,Hors intersection,Normale,Autre collision,,,,,,,,,,,2,2,1,1,6
200800065775,0008-11-06 22:30:00,8,11,6,22,30,920,50,JOFFRE MARECHAL AVENUE D,,,Nuit avec éclairage allumé,En agglomération,Hors intersection,Pluie légère,Deux véhicules - côté,,,,,,,,,,,5,2,1,2,3
200800065776,0008-11-08 17:30:00,8,11,8,17,30,920,50,LENINE VLADIMIR ILITCH A,,,Crépuscule ou aube,En agglomération,Hors intersection,Normale,Deux véhicules - arrière,,,,,,,,,,,2,2,1,1,2
200800065777,0008-11-14 08:45:00,8,11,14,8,45,920,50,"10, VAILLANT COUTURIER P",,,Plein jour,En agglomération,Hors intersection,Normale,Deux véhicules - arrière,,,,,,,,,,,1,2,1,1,2
200800065778,0008-11-21 23:15:00,8,11,21,23,15,920,50,Route Nationale  314,,,Crépuscule ou aube,En agglomération,Hors intersection,Pluie légère,Deux véhicules - arrière,,,,,,,,,,,2,2,1,2,2
200800065779,0008-11-20 10:45:00,8,11,20,10,45,920,50,"62, LENINE VLADIMIR ILIT",,,Plein jour,En agglomération,Hors intersection,Temps couvert,Deux véhicules - frontale,,,,,,,,,,,1,2,1,8,1
200800065780,0008-11-24 19:00:00,8,11,24,19,0,920,50,"205, CLEMENCEAU GEORGES",,,Crépuscule ou aube,En agglomération,Hors intersection,Pluie légère,Deux véhicules - frontale,,,,,,,,,,,2,2,1,2,1
200800065781,0008-11-25 10:30:00,8,11,25,10,30,920,50,PONS NOEL RUE,,,Plein jour,En agglomération,Hors intersection,Normale,Deux véhicules - côté,,,,,,,,,,,1,2,1,1,3
200800065782,0008-11-25 13:15:00,8,11,25,13,15,920,50,PONS NOEL RUE,,,Plein jour,En agglomération,Intersection en X,Normale,Deux véhicules - côté,,,,,,,,,,,1,2,2,1,3
200800065783,0008-11-25 20:40:00,8,11,25,20,40,920,50,MARCHE RUE DU,,,Crépuscule ou aube,En agglomération,Giratoire,Normale,Autre collision,,,,,,,,,,,2,2,6,1,6
200800065784,0008-11-04 09:45:00,8,11,4,9,45,920,62,"42/48, DE DION BOUTON (Q",,,Plein jour,En agglomération,Hors intersection,Normale,Deux véhicules - côté,,,,,,,,,,,1,2,1,1,3
200800065785,0008-11-05 16:05:00,8,11,5,16,5,920,62,"00, BAS-ROGERS (RUE DES)",,,Plein jour,En agglomération,Intersection en X,Pluie légère,Deux véhicules - côté,,,,,,,,,,,1,2,2,2,3
200800065786,0008-11-10 12:00:00,8,11,10,12,0,920,62,"39/40, DE DION BOUTON (Q",,,Plein jour,En agglomération,Hors intersection,Normale,Deux véhicules - côté,,,,,,,,,,,1,2,1,1,3
200800065787,0008-11-21 08:40:00,8,11,21,8,40,920,62,BERGERES (RD-PT DES) DU,,,Plein jour,En agglomération,Intersection en T,Normale,Deux véhicules - côté,,,,,,,,,,,1,2,3,1,3
200800065788,0008-11-30 19:50:00,8,11,30,19,50,920,62,"00, DE DION BOUTON (QUAI",,,Nuit avec éclairage allumé,En agglomération,Intersection en X,Pluie légère,Deux véhicules - côté,,,,,,,,,,,5,2,2,2,3
200800065789,0008-11-27 12:20:00,8,11,27,12,20,920,25,"27, HENRI BARBUSSE (AV)",,,Plein jour,En agglomération,Hors intersection,Normale,Deux véhicules - côté,,,,,,,,,,,1,2,1,1,3
200800065790,0008-11-28 13:15:00,8,11,28,13,15,920,25,"6, AGENT SARRE (AV DE L'",,,Plein jour,En agglomération,Hors intersection,Normale,Autre collision,,,,,,,,,,,1,2,1,1,6
200800065791,0008-11-28 16:15:00,8,11,28,16,15,920,25,BOURNARD (RUE DU),,,Plein jour,En agglomération,Hors intersection,Normale,Autre collision,,,,,,,,,,,1,2,1,1,6