accident_id,datetime,annee,mois,jour,heure,minute,departement,commune_insee,adresse,latitude,longitude,luminosite,agglomeration,intersection,meteo,collision,nb_vehicules,nb_usagers,nb_indemnes,nb_tues,nb_blesses_hosp,nb_blesses_legers,age_cond_1,age_cond_2,veh_type_cond_1,veh_type_cond_2,lum_code,agg_code,int_code,atm_code,col_code
200800065792,0008-11-30 18:40:00,8,11,30,18,40,920,25,PAUL BERT (RUE),,,Nuit avec éclairage allumé,En agglomération,Hors intersection,Pluie légère,Autre collision,,,,,,,,,,,5,2,1,2,6
200800065793,0008-11-06 10:30:00,8,11,6,10,30,920,26,"52, PAIX",,,Plein jour,En agglomération,Hors intersection,Normale,Autre collision,,,,,,,,,,,1,2,1,1,6
200800065794,0008-11-06 08:18:00,8,11,6,8,18,920,26,TROIS FRÈRES LEBOEUF (PL,,,Plein jour,En agglomération,Giratoire,Normale,Deux véhicules - côté,,,,,,,,,,,1,2,6,1,3
200800065795,0008-11-08 11:45:00,8,11,8,11,45,920,26,WATTEAU (RUE ET SQUARE),,,Plein jour,En agglomération,Intersection en X,Normale,Deux véhicules - côté,,,,,,,,,,,1,2,2,1,3
200800065796,0008-11-12 10:25:00,8,11,12,10,25,920,26,VERDUN (DE 62 A FIN),,,Plein jour,En agglomération,Hors intersection,Autre,Autre collision,,,,,,,,,,,1,2,1,9,6
200800065797,0008-11-13 15:55:00,8,11,13,15,55,920,26,VERDUN (DE 62 A FIN),,,Plein jour,En agglomération,Intersection en X,Normale,Deux véhicules - côté,,,,,,,,,,,1,2,2,1,3
200800065798,0008-11-17 07:25:00,8,11,17,7,25,920,26,GEORGES CLEMENCEAU,,,Nuit avec éclairage allumé,En agglomération,Intersection en X,Temps couvert,Deux véhicules - côté,,,,,,,,,,,5,2,2,8,3
200800065799,0008-11-24 17:00:00,8,11,24,17,0,920,26,VERDUN (DE 62 A FIN),,,Nuit avec éclairage allumé,En agglomération,Intersection en X,Autre,Autre collision,,,,,,,,,,,5,2,2,9,6
200800065800,0008-11-29 12:00:00,8,11,29,12,0,920,26,PIERRE BROSSOLETTE ( RUE,,,Plein jour,En agglomération,Intersection en X,Normale,Deux véhicules - côté,,,,,,,,,,,1,2,2,1,3
200800065801,0008-11-03 06:55:00,8,11,3,6,55,920,36,"0, LOUISE MICHEL (IMPAIR",,,Nuit avec éclairage allumé,En agglomération,Intersection en T,Pluie légère,Deux véhicules - côté,,,,,,,,,,,5,2,3,2,3
200800065802,0008-11-07 08:05:00,8,11,7,8,5,920,36,"89, GRESILLONS (AVENUE D",,,Plein jour,En agglomération,Hors intersection,Pluie légère,Autre collision,,,,,,,,,,,1,2,1,2,6
200800065803,0008-11-07 16:30:00,8,11,7,16,30,920,36,"16, CAMELINAT (BOULEVARD",,,Plein jour,En agglomération,Hors intersection,Normale,Autre collision,,,,,,,,,,,1,2,1,1,6
200800065804,0008-11-11 00:30:00,8,11,11,0,30,920,36,"0, JEAN JAURES (RUE) (2)",,,Nuit avec éclairage allumé,En agglomération,Intersection en T,Pluie légère,Deux véhicules - côté,,,,,,,,,,,5,2,3,2,3
200800065805,0008-11-28 11:25:00,8,11,28,11,25,920,36,"0, MARCEL PAUL (AVENUE)",,,Plein jour,En agglomération,Intersection en X,Temps couvert,Deux véhicules - côté,,,,,,,,,,,1,2,2,8,3
200800065806,0008-11-03 09:00:00,8,11,3,9,0,920,40,"3, ROUGET DE L'ISLE",,,Plein jour,En agglomération,Hors intersection,Pluie légère,Deux véhicules - côté,,,,,,,,,,,1,2,1,2,3
200800065807,0008-11-05 08:45:00,8,11,5,8,45,920,40,"106, GENERAL DE GAULLE (",,,Plein jour,En agglomération,Hors intersection,Autre,Autre collision,,,,,,,,,,,1,2,1,9,6
200800065808,0008-11-08 19:00:00,8,11,8,19,0,920,40,PDT ROOSEVELT (QUAI DU),,,Nuit avec éclairage allumé,En agglomération,Hors intersection,Pluie légère,Deux véhicules - côté,,,,,,,,,,,5,2,1,2,3
200800065809,0008-11-13 09:00:00,8,11,13,9,0,920,40,"145, STALINGRAD (QUAI DE",,,Plein jour,En agglomération,Hors intersection,Normale,Autre collision,,,,,,,,,,,1,2,1,1,6
200800065810,0008-11-14 13:55:00,8,11,14,13,55,920,40,KLEBER,,,Plein jour,En agglomération,Hors intersection,Normale,Sans collision,,,,,,,,,,,1,2,1,1,7
200800065811,0008-11-17 08:15:00,8,11,17,8,15,920,40,"67, GALLIENI (BOULEVARD)",,,Plein jour,En agglomération,Intersection en T,Normale,Deux véhicules - côté,,,,,,,,,,,1,2,3,1,3
200800065812,0008-11-17 17:55:00,8,11,17,17,55,920,40,ROUGET DE L'ISLE,,,Nuit avec éclairage allumé,En agglomération,Intersection en X,Normale,Deux véhicules - côté,,,,,,,,,,,5,2,2,1,3
200800065813,0008-11-18 10:30:00,8,11,18,10,30,920,40,"4, DOCTEUR LOMBARD (DU)",,,Plein jour,En agglomération,Hors intersection,Autre,Sans collision,,,,,,,,,,,1,2,1,9,7
200800065814,0008-11-21 14:25:00,8,11,21,14,25,920,40,"255, STALINGRAD (QUAI DE",,,Plein jour,En agglomération,Hors intersection,Temps couvert,Deux véhicules - arrière,,,,,,,,,,,1,2,1,8,2
200800065815,0008-11-21 18:15:00,8,11,21,18,15,920,40,CAMILLE DESMOULINS,,,Nuit avec éclairage allumé,En agglomération,Intersection en T,Normale,Deux véhicules - côté,,,,,,,,,,,5,2,3,1,3
200800065816,0008-11-29 11:35:00,8,11,29,11,35,920,40,"18, CHEMIN VERT (RUE DU)",,,Plein jour,En agglomération,Hors intersection,Pluie légère,Autre collision,,,,,,,,,,,1,2,1,2,6
200800065817,0008-11-29 16:10:00,8,11,29,16,10,920,40,"44, GUYNEMER",,,Plein jour,En agglomération,Hors intersection,Temps couvert,Sans collision,,,,,,,,,,,1,2,1,8,7
200800065818,0008-11-09 21:35:00,8,11,9,21,35,920,44,MARJOLIN (RUE)15A45 ET 2,,,Nuit avec éclairage allumé,En agglomération,Intersection en X,Normale,Deux véhicules - côté,,,,,,,,,,,5,2,2,1,3
200800065819,0008-11-11 23:10:00,8,11,11,23,10,920,44,ARISTIDE BRIAND(RUE)51A8,,,Nuit avec éclairage allumé,En agglomération,Intersection en X,Normale,Deux véhicules - côté,,,,,,,,,,,5,2,2,1,3
200800065820,0008-11-13 17:30:00,8,11,13,17,30,920,44,VIC. HUGO(RUE)077A089 ET,,,Nuit avec éclairage allumé,En agglomération,Hors intersection,Normale,Autre collision,,,,,,,,,,,5,2,1,1,6
200800065821,0008-11-18 09:00:00,8,11,18,9,0,920,44,VIC. HUGO(RUE)001A067 ET,,,Plein jour,En agglomération,Hors intersection,Pluie légère,Deux véhicules - côté,,,,,,,,,,,1,2,1,2,3
200800065822,0008-11-20 16:45:00,8,11,20,16,45,920,44,"50, ED.VAILLANT(RUE) 47A",,,Crépuscule ou aube,En agglomération,Hors intersection,Normale,Autre collision,,,,,,,,,,,2,2,1,1,6
200800065823,0008-11-24 13:25:00,8,11,24,13,25,920,44,MARIUS AUFAN(RUE) 1A67 E,,,Plein jour,En agglomération,Intersection en X,Normale,Autre collision,,,,,,,,,,,1,2,2,1,6
200800065824,0008-11-28 20:51:00,8,11,28,20,51,920,44,VILLIERS(RUE DE)  88A140,,,Nuit avec éclairage allumé,En agglomération,Hors intersection,Normale,Deux véhicules - arrière,,,,,,,,,,,5,2,1,1,2
200800065825,0008-11-06 07:55:00,8,11,6,7,55,920,48,"., REPUBLIQUE (RUE DE LA",,,Crépuscule ou aube,En agglomération,Intersection en X,Pluie légère,Autre collision,,,,,,,,,,,2,2,2,2,6
200800065826,0008-11-13 14:05:00,8,11,13,14,5,920,48,"., ONZE NOVEMBRE 1918 (A",,,Plein jour,En agglomération,Intersection en T,Normale,Autre collision,,,,,,,,,,,1,2,3,1,6
200800065827,0008-11-18 18:55:00,8,11,18,18,55,920,48,"1, MARCEL ALLEGOT (RUE)",,,Nuit avec éclairage allumé,En agglomération,Intersection en T,Pluie légère,Deux véhicules - côté,,,,,,,,,,,5,2,3,2,3
200800065828,0008-11-18 17:30:00,8,11,18,17,30,920,48,"40, MAL DE LATTRE DE TAS",,,Crépuscule ou aube,En agglomération,Hors intersection,Pluie légère,Autre collision,,,,,,,,,,,2,2,1,2,6
200800065829,0008-11-22 18:20:00,8,11,22,18,20,920,48,"., WOLUWE SAINT LAMBERT",,,Nuit avec éclairage allumé,En agglomération,Intersection en X,Normale,Autre collision,,,,,,,,,,,5,2,2,1,6
200800065830,0008-11-25 08:40:00,8,11,25,8,40,920,48,"19, MARECHAL LECLERC (AV",,,Plein jour,En agglomération,Hors intersection,Normale,Autre collision,,,,,,,,,,,1,2,1,1,6
200800065831,0008-11-28 08:00:00,8,11,28,8,0,920,48,CHARLES INFROIT (RUE) N°,,,Crépuscule ou aube,En agglomération,Intersection en T,Normale,Autre collision,,,,,,,,,,,2,2,3,1,6
200800065832,0008-11-30 12:10:00,8,11,30,12,10,920,48,"., ROBERT SCHUMAN (AVENU",,,Plein jour,En agglomération,Intersection en T,Pluie légère,Deux véhicules - arrière,,,,,,,,,,,1,2,3,2,2
200800065833,0008-11-06 10:50:00,8,11,6,10,50,920,20,"35, PERI RUE GABRIEL",,,Plein jour,En agglomération,Hors intersection,Normale,Autre collision,,,,,,,,,,,1,2,1,1,6
200800065834,0008-11-06 11:00:00,8,11,6,11,0,920,20,DE GAULLE CARREFOUR CHAR,,,Plein jour,En agglomération,Hors intersection,Normale,Deux véhicules - côté,,,,,,,,,,,1,2,1,1,3
200800065835,0008-11-07 12:00:00,8,11,7,12,0,920,49,JAURES AVENUE JEAN N°52,,,Plein jour,En agglomération,Intersection en T,Normale,Autre collision,,,,,,,,,,,1,2,3,1,6
200800065836,0008-11-07 19:10:00,8,11,7,19,10,920,20,AVENIR RUE DE L',,,Nuit avec éclairage non allumé,En agglomération,Hors intersection,Normale,Autre collision,,,,,,,,,,,4,2,1,1,6
200800065837,0008-11-08 13:50:00,8,11,8,13,50,920,20,"111, PARIS AVENUE DE N°",,,Plein jour,En agglomération,Hors intersection,Normale,Deux véhicules - côté,,,,,,,,,,,1,2,1,1,3
200800065838,0008-11-14 08:10:00,8,11,14,8,10,920,20,"27, VERDUN AVENUE DE N°1",,,Crépuscule ou aube,En agglomération,Hors intersection,Normale,Deux véhicules - côté,,,,,,,,,,,2,2,1,1,3
200800065839,0008-11-15 10:53:00,8,11,15,10,53,920,20,"167, PARIS AVENUE DE N°",,,Plein jour,En agglomération,Hors intersection,Normale,Deux véhicules - côté,,,,,,,,,,,1,2,1,1,3
200800065840,0008-11-16 10:20:00,8,11,16,10,20,920,49,REPUBLIQUE AVENUE DE LA,,,Plein jour,En agglomération,Intersection en X,Normale,Deux véhicules - côté,,,,,,,,,,,1,2,2,1,3
200800065841,0008-11-18 08:25:00,8,11,18,8,25,920,20,PERI RUE GABRIEL,,,Crépuscule ou aube,En agglomération,Intersection en X,Pluie légère,Deux véhicules - côté,,,,,,,,,,,2,2,2,2,3
200800065842,0008-11-18 12:05:00,8,11,18,12,5,920,49,JAURES AVENUE JEAN N°52,,,Plein jour,En agglomération,Intersection en X,Normale,Deux véhicules - côté,,,,,,,,,,,1,2,2,1,3
200800065843,0008-11-19 16:30:00,8,11,19,16,30,920,49,DORMOY AVENUE MARX N°102,,,Plein jour,En agglomération,Intersection en T,Normale,Deux véhicules - côté,,,,,,,,,,,1,2,3,1,3
200800065844,0008-11-21 06:50:00,8,11,21,6,50,920,20,VERDUN AVENUE DE N°1 A 4,,,Nuit avec éclairage allumé,En agglomération,Intersection en X,Normale,Deux véhicules - côté,,,,,,,,,,,5,2,2,1,3
200800065845,0008-11-21 09:50:00,8,11,21,9,50,920,49,"228, DORMOY AVENUE MARX",,,Plein jour,En agglomération,Hors intersection,Normale,Deux véhicules - côté,,,,,,,,,,,1,2,1,1,3
200800065846,0008-11-25 08:05:00,8,11,25,8,5,920,20,"89, PARIS AVENUE DE N°2",,,Plein jour,En agglomération,Hors intersection,Normale,Autre collision,,,,,,,,,,,1,2,1,1,6
200800065847,0008-11-26 07:20:00,8,11,26,7,20,920,49,"09, VERDUN AVENUE DE",,,Crépuscule ou aube,En agglomération,Hors intersection,Normale,Autre collision,,,,,,,,,,,2,2,1,1,6
200800065848,0008-11-06 08:10:00,8,11,6,8,10,920,50,JOLIOT CURIE F. ET IRENE,,,Plein jour,En agglomération,Hors intersection,Pluie forte,Deux véhicules - arrière,,,,,,,,,,,1,2,1,3,2
200800065849,0008-11-07 22:25:00,8,11,7,22,25,930,7,", ""PAUL VAILLANT COUTURI",,,Nuit avec éclairage allumé,En agglomération,Hors intersection,Normale,Deux véhicules - frontale,,,,,,,,,,,5,2,1,1,1
200800065850,0008-11-17 10:10:00,8,11,17,10,10,930,7,"25, VICTOIRE (RUE DE LA)",,,Plein jour,En agglomération,Hors intersection,Normale,Sans collision,,,,,,,,,,,1,2,1,1,7
200800065851,0008-11-06 07:30:00,8,11,6,7,30,920,63,"260, BONAPARTE (AVENUE N",,,Crépuscule ou aube,En agglomération,Hors intersection,Brouillard / fumée,Deux véhicules - arrière,,,,,,,,,,,2,2,1,5,2
200800065852,0008-11-07 14:30:00,8,11,7,14,30,920,63,DANTON (RUE),,,Plein jour,En agglomération,Intersection en T,Temps couvert,Deux véhicules - côté,,,,,,,,,,,1,2,3,8,3
200800065853,0008-11-07 19:35:00,8,11,7,19,35,920,63,"35, FLOQUET (RUE CHARLES",,,Crépuscule ou aube,En agglomération,Hors intersection,Normale,Deux véhicules - arrière,,,,,,,,,,,2,2,1,1,2
200800065854,0008-11-14 19:25:00,8,11,14,19,25,920,63,"264, BONAPARTE (AVENUE N",,,Crépuscule ou aube,En agglomération,Hors intersection,Pluie légère,Trois véhicules et plus - en chaîne,,,,,,,,,,,2,2,1,2,4
200800065855,0008-11-17 08:07:00,8,11,17,8,7,920,63,"17bis,19, REGNAULT (RUE",,,Crépuscule ou aube,En agglomération,Hors intersection,Normale,Autre collision,,,,,,,,,,,2,2,1,1,6
200800065856,0008-11-18 08:20:00,8,11,18,8,20,920,63,"101, POMPIDOU (AVENUE DU",,,Plein jour,En agglomération,Intersection en T,Normale,Deux véhicules - arrière,,,,,,,,,,,1,2,3,1,2
200800065857,0008-11-22 16:50:00,8,11,22,16,50,920,63,"40, DIX-HUIT JUIN 1940 (",,,Plein jour,En agglomération,Intersection en T,Normale,Deux véhicules - arrière,,,,,,,,,,,1,2,3,1,2
200800065858,0008-11-01 02:00:00,8,11,1,2,0,920,64,"108, REPUBLIQUE",,,Nuit avec éclairage allumé,En agglomération,Hors intersection,Pluie forte,Sans collision,,,,,,,,,,,5,2,1,3,7
200800065859,0008-11-03 14:55:00,8,11,3,14,55,920,64,"v à v 78, MARCEL DASSAUL",,,Plein jour,En agglomération,Hors intersection,Normale,Trois véhicules et plus - en chaîne,,,,,,,,,,,1,2,1,1,4
200800065860,0008-11-05 14:45:00,8,11,5,14,45,920,64,DAILLY,,,Plein jour,En agglomération,Autre intersection,Normale,Deux véhicules - arrière,,,,,,,,,,,1,2,9,1,2
200800065861,0008-11-05 16:50:00,8,11,5,16,50,920,64,MARCEL DASSAULT,,,Plein jour,En agglomération,Intersection en T,Normale,Deux véhicules - côté,,,,,,,,,,,1,2,3,1,3
200800065862,0008-11-13 07:30:00,8,11,13,7,30,920,47,"01, REPUBLIQUE",,,Crépuscule ou aube,En agglomération,Hors intersection,Normale,Autre collision,,,,,,,,,,,2,2,1,1,6
200800065863,0008-11-14 10:20:00,8,11,14,10,20,920,64,"73, MARCEL DASSAULT",,,Plein jour,En agglomération,Hors intersection,Normale,Trois véhicules et plus - en chaîne,,,,,,,,,,,1,2,1,1,4
200800065864,0008-11-20 14:05:00,8,11,20,14,5,920,64,"10, PLACE CLEMENCEAU",,,Plein jour,En agglomération,Autre intersection,Normale,Trois véhicules et plus - en chaîne,,,,,,,,,,,1,2,9,1,4
200800065865,0008-11-20 16:45:00,8,11,20,16,45,920,64,"56, REPUBLIQUE",,,Plein jour,En agglomération,Hors intersection,Normale,Deux véhicules - arrière,,,,,,,,,,,1,2,1,1,2
200800065866,0008-11-21 08:30:00,8,11,21,8,30,920,33,"19, SURESNES",,,Plein jour,En agglomération,Intersection en T,Pluie légère,Autre collision,,,,,,,,,,,1,2,3,2,6
200800065867,0008-11-25 11:45:00,8,11,25,11,45,920,64,"11, FRANCIS CHAVETON",,,Plein jour,En agglomération,Autre intersection,Normale,Deux véhicules - côté,,,,,,,,,,,1,2,9,1,3
200800065868,0008-11-05 11:40:00,8,11,5,11,40,920,22,"., PAVE DES GARDES (ROUT",,,Plein jour,En agglomération,Intersection en T,Normale,Deux véhicules - côté,,,,,,,,,,,1,2,3,1,3
200800065869,0008-11-09 02:45:00,8,11,9,2,45,920,72,"43 BIS, GRANDE RUE",,,Nuit avec éclairage allumé,En agglomération,Hors intersection,Pluie légère,Autre collision,,,,,,,,,,,5,2,1,2,6
200800065870,0008-11-15 13:20:00,8,11,15,13,20,920,72,"184, GRANDE RUE",,,Plein jour,En agglomération,Hors intersection,Normale,Autre collision,,,,,,,,,,,1,2,1,1,6
200800065871,0008-11-18 10:20:00,8,11,18,10,20,920,77,"., DESVALLIERES (CHEMIN)",,,Plein jour,En agglomération,Intersection en T,Pluie légère,Sans collision,,,,,,,,,,,1,2,3,2,7
200800065872,0008-11-23 20:30:00,8,11,23,20,30,920,77,"65, VERSAILLES (RUE DE)",,,Nuit avec éclairage allumé,En agglomération,Hors intersection,Pluie légère,Autre collision,,,,,,,,,,,5,2,1,2,6
200800065873,0008-11-21 17:15:00,8,11,21,17,15,920,72,"54, GRANDE RUE",,,Nuit avec éclairage allumé,En agglomération,Hors intersection,Normale,Autre collision,,,,,,,,,,,5,2,1,1,6
200800065874,0008-11-24 16:30:00,8,11,24,16,30,920,22,"28, FRANCE (RUE ANATOLE)",,,Crépuscule ou aube,En agglomération,Hors intersection,Pluie légère,Deux véhicules - arrière,,,,,,,,,,,2,2,1,2,2
200800065875,0008-11-24 17:30:00,8,11,24,17,30,920,77,"5, SEVRES (RUE DE)",,,Nuit avec éclairage allumé,En agglomération,Hors intersection,Pluie légère,Sans collision,,,,,,,,,,,5,2,1,2,7
200800065876,0008-11-29 07:30:00,8,11,29,7,30,920,72,"., LECLERC (AVENUE DE LA",,,Crépuscule ou aube,En agglomération,Intersection en T,Pluie légère,Deux véhicules - côté,,,,,,,,,,,2,2,3,2,3
200800065877,0008-11-03 08:30:00,8,11,3,8,30,920,73,"19, LEDRU-ROLLIN (RUE)",,,Plein jour,En agglomération,Hors intersection,Pluie forte,Sans collision,,,,,,,,,,,1,2,1,3,7
200800065878,0008-11-13 18:50:00,8,11,13,18,50,920,73,"32, DE LATTRE DE TASSIGN",,,Nuit avec éclairage allumé,En agglomération,Intersection en X,Normale,Deux véhicules - arrière,,,,,,,,,,,5,2,2,1,2
200800065879,0008-11-17 12:10:00,8,11,17,12,10,920,73,"22, SELLIER (BOULEVARD H",,,Plein jour,En agglomération,Intersection en X,Normale,Sans collision,,,,,,,,,,,1,2,2,1,7
200800065880,0008-11-18 09:00:00,8,11,18,9,0,920,73,"122, VERDUN (RUE DE)",,,Plein jour,En agglomération,Intersection en T,Neige / grêle,Deux véhicules - arrière,,,,,,,,,,,1,2,3,4,2
200800065881,0008-11-28 18:08:00,8,11,28,18,8,920,73,"99, VERDUN (RUE DE)",,,Crépuscule ou aube,Hors agglomération,Hors intersection,Normale,Autre collision,,,,,,,,,,,2,1,1,1,6
200800065882,0008-11-29 14:20:00,8,11,29,14,20,920,73,"97, VERDUN (RUE DE)",,,Plein jour,En agglomération,Hors intersection,Normale,Sans collision,,,,,,,,,,,1,2,1,1,7
200800065883,0008-11-06 13:00:00,8,11,6,13,0,920,75,"55, JEAN JAURES (RUE)",,,Plein jour,En agglomération,Hors intersection,Temps couvert,Autre collision,,,,,,,,,,,1,2,1,8,6
200800065884,0008-11-10 13:20:00,8,11,10,13,20,920,46,youri GAGARINE (rond poi,,,Plein jour,En agglomération,Giratoire,Normale,Autre collision,,,,,,,,,,,1,2,6,1,6
200800065885,0008-11-10 18:00:00,8,11,10,18,0,920,75,"39, LYCEE (BOULEVARD DU)",,,Nuit avec éclairage allumé,En agglomération,Hors intersection,Pluie légère,Autre collision,,,,,,,,,,,5,2,1,2,6
200800065886,0008-11-24 09:45:00,8,11,24,9,45,920,75,DE L'INSURRECTION,,,Plein jour,En agglomération,Giratoire,Normale,Deux véhicules - côté,,,,,,,,,,,1,2,6,1,3
200800065887,0008-11-12 14:20:00,8,11,12,14,20,920,46,"174, GABRIEL PERI",,,Plein jour,En agglomération,Intersection en T,Normale,Sans collision,,,,,,,,,,,1,2,3,1,7
200800065888,0008-11-04 19:50:00,8,11,4,19,50,920,78,ALFRED SISLEY (QUAI),,,Nuit avec éclairage allumé,En agglomération,Intersection en T,Normale,Deux véhicules - côté,,,,,,,,,,,5,2,3,1,3
200800065889,0008-11-12 18:30:00,8,11,12,18,30,920,78,CHARLES DE GAULLE (BD) (,,,Nuit avec éclairage allumé,En agglomération,Hors intersection,Normale,Deux véhicules - côté,,,,,,,,,,,5,2,1,1,3
200800065890,0008-11-22 13:50:00,8,11,22,13,50,920,78,"5, DUPONT DU CHAMBON (RU",,,Plein jour,En agglomération,Hors intersection,Normale,Autre collision,,,,,,,,,,,1,2,1,1,6
200800065891,0008-11-24 13:45:00,8,11,24,13,45,920,78,VERDUN (AVENUE) (PAIRS 9,,,Plein jour,En agglomération,Hors intersection,Normale,Deux véhicules - arrière,,,,,,,,,,,1,2,1,1,2
200800065892,0008-11-01 17:15:00,8,11,1,17,15,920,62,BOULEVARD CIRCULAIRE,,,Crépuscule ou aube,En agglomération,Hors intersection,Pluie légère,Sans collision,,,,,,,,,,,2,2,1,2,7
200800065893,0008-11-05 00:15:00,8,11,5,0,15,920,62,BOULEVARD CIRCULAIRE,,,Nuit avec éclairage allumé,En agglomération,Intersection en T,Vent fort / tempête,Deux véhicules - côté,,,,,,,,,,,5,2,3,6,3
200800065894,0008-11-06 22:00:00,8,11,6,22,0,920,26,BOULEVARD CIRCULAIRE,,,Nuit avec éclairage allumé,En agglomération,Intersection en Y,Normale,Deux véhicules - arrière,,,,,,,,,,,5,2,4,1,2
200800065895,0008-11-12 16:25:00,8,11,12,16,25,920,26,"20, ANDRE PROTHIN (AVENU",,,Plein jour,En agglomération,Hors intersection,Normale,Autre collision,,,,,,,,,,,1,2,1,1,6
200800065896,0008-11-14 08:30:00,8,11,14,8,30,920,26,"1, Rue SERPENTINE",,,Plein jour,En agglomération,Intersection en T,Pluie légère,Sans collision,,,,,,,,,,,1,2,3,2,7
200800065897,0008-11-14 09:00:00,8,11,14,9,0,920,26,"20, ANDRE PROTHIN (AVENU",,,Plein jour,En agglomération,Hors intersection,Pluie légère,Sans collision,,,,,,,,,,,1,2,1,2,7
200800065898,0008-11-18 02:20:00,8,11,18,2,20,920,62,AVENUE DE LA DIVISION LE,,,Nuit avec éclairage non allumé,En agglomération,Hors intersection,Normale,Sans collision,,,,,,,,,,,4,2,1,1,7
200800065899,0008-11-23 22:45:00,8,11,23,22,45,920,26,BOULEVARD CIRCULAIRE,,,Nuit avec éclairage allumé,En agglomération,Intersection en X,Temps couvert,Trois véhicules et plus - collisions multiples,,,,,,,,,,,5,2,2,8,5
200800065900,0008-11-03 13:00:00,8,11,3,13,0,930,1,"13, PAUL ELUARD (ALLEE)",,,Plein jour,En agglomération,Hors intersection,Normale,Autre collision,,,,,,,,,,,1,2,1,1,6
200800065901,0008-11-04 08:15:00,8,11,4,8,15,930,1,"65, REPUBLIQUE (AVE DE L",,,Plein jour,En agglomération,Intersection en X,Normale,Autre collision,,,,,,,,,,,1,2,2,1,6
200800065902,0008-11-04 12:10:00,8,11,4,12,10,930,1,"40, HAIE COQ (RUE DE LA",,,Plein jour,En agglomération,Hors intersection,Normale,Autre collision,,,,,,,,,,,1,2,1,1,6
200800065903,0008-11-05 12:20:00,8,11,5,12,20,930,1,"144, HENRI BARBUSSE (RUE",,,Plein jour,En agglomération,Hors intersection,Temps couvert,Autre collision,,,,,,,,,,,1,2,1,8,6
200800065904,0008-11-06 07:56:00,8,11,6,7,56,930,1,"X, GUYARD DELALAIN (RUE)",,,Plein jour,En agglomération,Hors intersection,Temps couvert,Autre collision,,,,,,,,,,,1,2,1,8,6
200800065905,0008-11-07 12:10:00,8,11,7,12,10,930,1,"64, REPUBLIQUE (AVE DE L",,,Plein jour,En agglomération,Hors intersection,Pluie légère,Deux véhicules - arrière,,,,,,,,,,,1,2,1,2,2
200800065906,0008-11-07 13:35:00,8,11,7,13,35,930,1,"X, PORT (RUE DU)  (PAIR)",,,Plein jour,En agglomération,Intersection en X,Normale,Deux véhicules - côté,,,,,,,,,,,1,2,2,1,3
200800065907,0008-11-18 09:15:00,8,11,18,9,15,930,1,"47, HAIE COQ (RUE DE LA",,,Plein jour,En agglomération,Hors intersection,Pluie légère,Deux véhicules - frontale,,,,,,,,,,,1,2,1,2,1
200800065908,0008-11-18 16:00:00,8,11,18,16,0,930,1,"22, GOULET (RUE DU)  =>",,,Plein jour,En agglomération,Intersection en X,Pluie légère,Deux véhicules - côté,,,,,,,,,,,1,2,2,2,3
200800065909,0008-11-19 19:50:00,8,11,19,19,50,930,1,"129, JEAN JAURES (AVE) 5",,,Nuit avec éclairage allumé,En agglomération,Hors intersection,Normale,Deux véhicules - frontale,,,,,,,,,,,5,2,1,1,1
200800065910,0008-11-20 16:20:00,8,11,20,16,20,930,1,"X, FELIX FAURE (BLD)  =>",,,Plein jour,En agglomération,Hors intersection,Normale,Deux véhicules - côté,,,,,,,,,,,1,2,1,1,3
200800065911,0008-11-21 08:05:00,8,11,21,8,5,930,1,"X, HENRI BARBUSSE (RUE)",,,Crépuscule ou aube,En agglomération,Intersection en X,Pluie légère,Autre collision,,,,,,,,,,,2,2,2,2,6
200800065912,0008-11-21 11:05:00,8,11,21,11,5,930,1,"X, MAGASINS GENERAUX (AV",,,Plein jour,En agglomération,Hors intersection,Temps couvert,Deux véhicules - côté,,,,,,,,,,,1,2,1,8,3
200800065913,0008-11-20 22:50:00,8,11,20,22,50,930,1,"135, JEAN JAURES (AVE)",,,Nuit avec éclairage allumé,En agglomération,Intersection en T,Normale,Deux véhicules - côté,,,,,,,,,,,5,2,3,1,3
200800065914,0008-11-01 01:20:00,8,11,1,1,20,930,5,"109, JACQUES DUCLOS [CD4",,,Nuit avec éclairage allumé,En agglomération,Hors intersection,Pluie légère,Sans collision,,,,,,,,,,,5,2,1,2,7
200800065915,0008-11-03 08:30:00,8,11,3,8,30,930,5,LEFEVRE (BOULEVARD),,,Plein jour,En agglomération,Hors intersection,Normale,Deux véhicules - arrière,,,,,,,,,,,1,2,1,1,2
200800065916,0008-11-03 14:30:00,8,11,3,14,30,930,5,"01, JULES PRINCET [CD115",,,Plein jour,En agglomération,Intersection en X,Normale,Deux véhicules - côté,,,,,,,,,,,1,2,2,1,3
200800065917,0008-11-05 13:15:00,8,11,5,13,15,930,5,JACQUES DUCLOS [CD44] (R,,,Plein jour,En agglomération,Intersection en X,Temps couvert,Deux véhicules - côté,,,,,,,,,,,1,2,2,8,3
200800065918,0008-11-19 19:00:00,8,11,19,19,0,930,5,"116, MITRY [CD115] (RUE",,,Nuit avec éclairage allumé,En agglomération,Intersection en T,Normale,Deux véhicules - côté,,,,,,,,,,,5,2,3,1,3
200800065919,0008-11-24 12:00:00,8,11,24,12,0,930,5,", JACQUES DUCLOS [CD44]",,,Plein jour,En agglomération,Hors intersection,Normale,Deux véhicules - arrière,,,,,,,,,,,1,2,1,1,2
200800065920,0008-11-28 16:40:00,8,11,28,16,40,930,5,KENNEDY [RN370] (BOULEVA,,,Crépuscule ou aube,En agglomération,Hors intersection,Normale,Trois véhicules et plus - en chaîne,,,,,,,,,,,2,2,1,1,4
200800065921,0008-11-30 00:01:00,8,11,30,0,1,930,5,MITRY [CD115] (ROUTE DE),,,Nuit avec éclairage allumé,En agglomération,Intersection en T,Autre,Deux véhicules - frontale,,,,,,,,,,,5,2,3,9,1