accident_id,datetime,annee,mois,jour,heure,minute,departement,commune_insee,adresse,latitude,longitude,luminosite,agglomeration,intersection,meteo,collision,nb_vehicules,nb_usagers,nb_indemnes,nb_tues,nb_blesses_hosp,nb_blesses_legers,age_cond_1,age_cond_2,veh_type_cond_1,veh_type_cond_2,lum_code,agg_code,int_code,atm_code,col_code
200800065922,0008-11-02 07:30:00,8,11,2,7,30,930,7,"132, ARISTIDE BRIAND (AV",,,Crépuscule ou aube,En agglomération,Hors intersection,Normale,Autre collision,,,,,,,,,,,2,2,1,1,6
200800065923,0008-11-06 06:15:00,8,11,6,6,15,930,7,8 MAI 45 (AVENUE DU 1 AU,,,Nuit sans éclairage public,En agglomération,Hors intersection,Pluie légère,Deux véhicules - arrière,,,,,,,,,,,3,2,1,2,2
200800065924,0008-11-11 18:30:00,8,11,11,18,30,930,7,ARISTIDE BRIAND (AVENUE,,,Nuit avec éclairage allumé,En agglomération,Intersection en X,Pluie légère,Sans collision,,,,,,,,,,,5,2,2,2,7
200800065925,0008-11-06 18:20:00,8,11,6,18,20,160,102,"33, HUGO (AVENUE VICTOR)",,,Nuit avec éclairage allumé,En agglomération,Hors intersection,Normale,Sans collision,,,,,,,,,,,5,2,1,1,7
200800065926,0008-11-20 21:10:00,8,11,20,21,10,160,102,", DENFERT ROCHEREAU (BOU",,,Nuit avec éclairage allumé,En agglomération,Hors intersection,Pluie légère,Deux véhicules - côté,,,,,,,,,,,5,2,1,2,3
200800065927,0008-11-22 11:30:00,8,11,22,11,30,160,89,"5, GELINES (RUE DES)",,,Plein jour,En agglomération,Hors intersection,Normale,Sans collision,,,,,,,,,,,1,2,1,1,7
200800065928,0008-11-23 18:05:00,8,11,23,18,5,160,89,ROUTE DE SEGONZAC,,,Nuit sans éclairage public,En agglomération,Hors intersection,Pluie forte,Autre collision,,,,,,,,,,,3,2,1,3,6
200800065929,0008-11-27 16:00:00,8,11,27,16,0,160,89,COMMERCE (RUE DU),,,Plein jour,En agglomération,Intersection en T,Normale,Deux véhicules - côté,,,,,,,,,,,1,2,3,1,3
200800065930,0008-11-05 17:40:00,8,11,5,17,40,170,449,"174490158, RD 739 (ROUTE",,,Nuit sans éclairage public,Hors agglomération,Hors intersection,Pluie légère,Autre collision,,,,,,,,,,,3,1,1,2,6
200800065931,0008-11-08 09:40:00,8,11,8,9,40,170,299,"172990295, POLYGONE ROND",,,Plein jour,En agglomération,Giratoire,Temps couvert,Sans collision,,,,,,,,,,,1,2,6,8,7
200800065932,0008-11-09 05:10:00,8,11,9,5,10,170,299,"172990350, TORRELAVEGA A",,,Nuit avec éclairage allumé,En agglomération,Hors intersection,Normale,Autre collision,,,,,,,,,,,5,2,1,1,6
200800065933,0008-11-11 18:40:00,8,11,11,18,40,170,449,"174490105, GAULLE AVENUE",,,Nuit avec éclairage allumé,En agglomération,Hors intersection,Normale,Deux véhicules - côté,,,,,,,,,,,5,2,1,1,3
200800065934,0008-11-12 18:55:00,8,11,12,18,55,170,299,"172990161, FULLER AVENUE",,,Nuit avec éclairage non allumé,En agglomération,Intersection en X,Normale,Deux véhicules - frontale,,,,,,,,,,,4,2,2,1,1
200800065935,0008-11-13 12:00:00,8,11,13,12,0,170,299,"172990318, RHIN ET DANUB",,,Plein jour,En agglomération,Hors intersection,Normale,Deux véhicules - arrière,,,,,,,,,,,1,2,1,1,2
200800065936,0008-11-17 08:00:00,8,11,17,8,0,170,449,"174490034, R.D. 137 (TON",,,Crépuscule ou aube,Hors agglomération,Intersection en T,Normale,Deux véhicules - côté,,,,,,,,,,,2,1,3,1,3
200800065937,0008-11-19 08:10:00,8,11,19,8,10,170,299,"172990065, BRIAND BOULEV",,,Plein jour,En agglomération,Giratoire,Normale,Deux véhicules - côté,,,,,,,,,,,1,2,6,1,3
200800065938,0008-11-26 14:45:00,8,11,26,14,45,170,299,"172990387, SAINT CHARLES",,,Plein jour,En agglomération,Hors intersection,Normale,Sans collision,,,,,,,,,,,1,2,1,1,7
200800065939,0008-11-28 12:40:00,8,11,28,12,40,170,299,"172990065, BRIAND BOULEV",,,Plein jour,En agglomération,Hors intersection,Normale,Sans collision,,,,,,,,,,,1,2,1,1,7
200800065940,0008-11-02 20:20:00,8,11,2,20,20,170,300,CHAMP DE MARS   AVENUE D,,,Nuit sans éclairage public,En agglomération,Autre intersection,Pluie légère,Deux véhicules - arrière,,,,,,,,,,,3,2,9,2,2
200800065941,0008-11-04 20:15:00,8,11,4,20,15,170,291,MARE  RUE DU FIEF DE LA,,,Nuit avec éclairage allumé,En agglomération,Hors intersection,Normale,Deux véhicules - frontale,,,,,,,,,,,5,2,1,1,1
200800065942,0008-11-05 19:15:00,8,11,5,19,15,170,300,CLEMENCEAU   AVENUE GEOR,,,Nuit sans éclairage public,En agglomération,Hors intersection,Normale,Autre collision,,,,,,,,,,,3,2,1,1,6
200800065943,0008-11-06 13:35:00,8,11,6,13,35,170,291,"001, ONZE NOVEMBRE   RUE",,,Plein jour,En agglomération,Giratoire,Normale,Deux véhicules - côté,,,,,,,,,,,1,2,6,1,3
200800065944,0008-11-07 14:30:00,8,11,7,14,30,170,300,DELMAS   AVENUE MAURICE,,,Plein jour,En agglomération,Hors intersection,Normale,Sans collision,,,,,,,,,,,1,2,1,1,7
200800065945,0008-11-09 04:25:00,8,11,9,4,25,170,300,JOFFRE   BOULEVARD (27/7,,,Nuit avec éclairage allumé,En agglomération,Hors intersection,Pluie légère,Autre collision,,,,,,,,,,,5,2,1,2,6
200800065946,0008-11-09 16:09:00,8,11,9,16,9,170,300,MOULIN   PONT JEAN,,,Plein jour,En agglomération,Hors intersection,Pluie légère,Autre collision,,,,,,,,,,,1,2,1,2,6
200800065947,0008-11-10 14:00:00,8,11,10,14,0,170,300,112 PK RN137 ROCHEFORT J,,,Plein jour,Hors agglomération,Hors intersection,Normale,Sans collision,,,,,,,,,,,1,1,1,1,7
200800065948,0008-11-11 17:50:00,8,11,11,17,50,170,300,"03, MENARD   AVENUE DU C",,,Nuit avec éclairage allumé,En agglomération,Hors intersection,Normale,Autre collision,,,,,,,,,,,5,2,1,1,6
200800065949,0008-11-12 10:48:00,8,11,12,10,48,170,300,ONZE NOVEMBRE 1918   AVE,,,Plein jour,En agglomération,Hors intersection,Normale,Deux véhicules - arrière,,,,,,,,,,,1,2,1,1,2
200800065950,0008-11-14 21:50:00,8,11,14,21,50,170,300,NORMANDIN   RUE EMILE,,,Nuit avec éclairage allumé,En agglomération,Hors intersection,Normale,Deux véhicules - frontale,,,,,,,,,,,5,2,1,1,1
200800065951,0008-11-17 08:07:00,8,11,17,8,7,170,28,REAUX   CHEMIN DES,,,Plein jour,Hors agglomération,Hors intersection,Normale,Autre collision,,,,,,,,,,,1,1,1,1,6
200800065952,0008-11-17 13:25:00,8,11,17,13,25,170,300,"1, KENNEDY   AVENUE DU P",,,Plein jour,En agglomération,Hors intersection,Normale,Deux véhicules - arrière,,,,,,,,,,,1,2,1,1,2
200800065953,0008-11-17 17:30:00,8,11,17,17,30,170,291,LA ROCHELLE   ROUTE DE,,,Crépuscule ou aube,En agglomération,Hors intersection,Normale,Autre collision,,,,,,,,,,,2,2,1,1,6
200800065954,0008-11-17 18:30:00,8,11,17,18,30,170,28,D 939,,,Plein jour,Hors agglomération,Hors intersection,Normale,Deux véhicules - frontale,,,,,,,,,,,1,1,1,1,1
200800065955,0008-11-18 15:55:00,8,11,18,15,55,170,291,01 PK RN237 MOULIN JUSTI,,,Plein jour,Hors agglomération,Hors intersection,Normale,Autre collision,,,,,,,,,,,1,1,1,1,6
200800065956,0008-11-18 17:25:00,8,11,18,17,25,170,300,"15, LOTI   AVENUE PIERRE",,,Nuit avec éclairage allumé,En agglomération,Hors intersection,Normale,Autre collision,,,,,,,,,,,5,2,1,1,6
200800065957,0008-11-20 12:50:00,8,11,20,12,50,170,300,DAUPHINE  AVENUE DE LA P,,,Plein jour,En agglomération,Hors intersection,Normale,Autre collision,,,,,,,,,,,1,2,1,1,6
200800065958,0008-11-22 11:24:00,8,11,22,11,24,170,291,QUATORZE JUILLET   RUE D,,,Plein jour,Hors agglomération,Hors intersection,Normale,Autre collision,,,,,,,,,,,1,1,1,1,6
200800065959,0008-11-22 20:50:00,8,11,22,20,50,170,300,33 PK RN11 NANTES ROCADE,,,Nuit avec éclairage allumé,Hors agglomération,Hors intersection,Normale,Deux véhicules - arrière,,,,,,,,,,,5,1,1,1,2
200800065960,0008-11-23 21:20:00,8,11,23,21,20,170,300,"20, GARGOULLEAU   RUE",,,Nuit avec éclairage allumé,En agglomération,Hors intersection,Pluie légère,Sans collision,,,,,,,,,,,5,2,1,2,7
200800065961,0008-11-24 09:50:00,8,11,24,9,50,170,274,"130, PERE   RUE DU",,,Plein jour,En agglomération,Hors intersection,Normale,Autre collision,,,,,,,,,,,1,2,1,1,6
200800065962,0008-11-26 09:40:00,8,11,26,9,40,170,300,PILATRE DE ROZIER   RUE,,,Plein jour,En agglomération,Intersection en X,Normale,Deux véhicules - côté,,,,,,,,,,,1,2,2,1,3
200800065963,0008-11-28 17:26:00,8,11,28,17,26,170,300,SARTRE   AVENUE JEAN-PAU,,,Nuit avec éclairage allumé,En agglomération,Hors intersection,Pluie légère,Deux véhicules - côté,,,,,,,,,,,5,2,1,2,3
200800065964,0008-11-28 17:40:00,8,11,28,17,40,170,300,MANGIN   AVENUE DU GENER,,,Nuit sans éclairage public,En agglomération,Intersection en X,Pluie légère,Deux véhicules - frontale,,,,,,,,,,,3,2,2,2,1
200800065965,0008-11-28 20:20:00,8,11,28,20,20,170,300,"32, LECLERC   AVENUE DU",,,Nuit avec éclairage allumé,En agglomération,Hors intersection,Normale,Deux véhicules - arrière,,,,,,,,,,,5,2,1,1,2
200800065966,0008-11-29 17:55:00,8,11,29,17,55,170,300,33 PK RN11 ROCADE NANTES,,,Nuit avec éclairage allumé,Hors agglomération,Autre intersection,Pluie forte,Trois véhicules et plus - en chaîne,,,,,,,,,,,5,1,9,3,4
200800065967,0008-11-30 11:14:00,8,11,30,11,14,170,28,LYSIACK   AVENUE DU COMM,,,Plein jour,En agglomération,Hors intersection,Normale,Sans collision,,,,,,,,,,,1,2,1,1,7
200800065968,0008-11-17 10:05:00,8,11,17,10,5,170,300,D 106,,,Plein jour,Hors agglomération,Hors intersection,Normale,Deux véhicules - arrière,,,,,,,,,,,1,1,1,1,2
200800065969,0008-11-25 22:35:00,8,11,25,22,35,170,300,05 PK RN237 RE MOULIN JU,,,Nuit sans éclairage public,Hors agglomération,Intersection en Y,Normale,Deux véhicules - arrière,,,,,,,,,,,3,1,4,1,2
200800065970,0008-11-09 13:35:00,8,11,9,13,35,170,306,"0, CLEMENCEAU  GEORGES (",,,Plein jour,En agglomération,Intersection en T,Pluie légère,Deux véhicules - côté,,,,,,,,,,,1,2,3,2,3
200800065971,0008-11-18 19:00:00,8,11,18,19,0,170,380,"0, VERDUN (AVENUE DE)",,,Nuit avec éclairage allumé,En agglomération,Hors intersection,Normale,Deux véhicules - côté,,,,,,,,,,,5,2,1,1,3
200800065972,0008-11-19 16:10:00,8,11,19,16,10,170,306,"0, NOTRE DAME",,,Plein jour,En agglomération,Intersection en T,Normale,Deux véhicules - arrière,,,,,,,,,,,1,2,3,1,2
200800065973,0008-11-21 08:03:00,8,11,21,8,3,170,306,"0, ROCHEFORT (DE)  (AVEN",,,Crépuscule ou aube,En agglomération,Hors intersection,Pluie légère,Sans collision,,,,,,,,,,,2,2,1,2,7
200800065974,0008-11-22 15:48:00,8,11,22,15,48,170,461,"0, COTE DE BEAUTE (BOULE",,,Plein jour,En agglomération,Hors intersection,Normale,Sans collision,,,,,,,,,,,1,2,1,1,7
200800065975,0008-11-25 12:20:00,8,11,25,12,20,170,306,"0, LAVOISIER (ANTOINE DE",,,Crépuscule ou aube,En agglomération,Hors intersection,Normale,Deux véhicules - arrière,,,,,,,,,,,2,2,1,1,2
200800065976,0008-11-26 15:45:00,8,11,26,15,45,170,306,"0, DE LATTRE DE TASSIGNY",,,Plein jour,En agglomération,Hors intersection,Normale,Deux véhicules - arrière,,,,,,,,,,,1,2,1,1,2
200800065977,0008-11-29 18:15:00,8,11,29,18,15,170,306,"25, CLEMENCEAU  GEORGES",,,Crépuscule ou aube,En agglomération,Intersection en T,Normale,Trois véhicules et plus - collisions multiples,,,,,,,,,,,2,2,3,1,5
200800065978,0008-11-02 05:10:00,8,11,2,5,10,170,415,VEGAS PARKING ET BOITE D,,,Nuit sans éclairage public,En agglomération,Hors intersection,Normale,Autre collision,,,,,,,,,,,3,2,1,1,6
200800065979,0008-11-07 15:55:00,8,11,7,15,55,170,415,Route Départementale 728,,,Plein jour,Hors agglomération,Hors intersection,Normale,Deux véhicules - côté,,,,,,,,,,,1,1,1,1,3
200800065980,0008-11-08 14:25:00,8,11,8,14,25,170,415,BERTHELOT RUE MARCELIN,,,Plein jour,En agglomération,Giratoire,Pluie légère,Deux véhicules - côté,,,,,,,,,,,1,2,6,2,3
200800065981,0008-11-19 18:30:00,8,11,19,18,30,170,415,"1, LORMONT RUE DE",,,Nuit avec éclairage allumé,En agglomération,Intersection en X,Normale,Autre collision,,,,,,,,,,,5,2,2,1,6
200800065982,0008-11-21 17:15:00,8,11,21,17,15,170,415,SAINTONGE PONT A RUE GAU,,,Nuit avec éclairage allumé,En agglomération,Hors intersection,Pluie légère,Deux véhicules - arrière,,,,,,,,,,,5,2,1,2,2
200800065983,0008-11-25 07:30:00,8,11,25,7,30,170,415,CASTAGNARY ROND POINT,,,Crépuscule ou aube,En agglomération,Intersection en X,Normale,Autre collision,,,,,,,,,,,2,2,2,1,6
200800065984,0008-11-25 18:55:00,8,11,25,18,55,170,415,"1, YSER 1 A 35 QUAI DE L",,,Nuit avec éclairage allumé,En agglomération,Intersection en X,Normale,Deux véhicules - arrière,,,,,,,,,,,5,2,2,1,2
200800065985,0008-11-30 21:30:00,8,11,30,21,30,170,415,"9, ABATTOIR RUE DE L'",,,Nuit avec éclairage allumé,En agglomération,Hors intersection,Pluie légère,Autre collision,,,,,,,,,,,5,2,1,2,6
200800065986,0008-11-01 16:30:00,8,11,1,16,30,180,213,"sans, CHARITE (ROUTE DE",,,Plein jour,Hors agglomération,Hors intersection,Normale,Deux véhicules - arrière,,,,,,,,,,,1,1,1,1,2
200800065987,0008-11-07 15:00:00,8,11,7,15,0,180,33,LAMARCK (BOULEVARD),,,Plein jour,En agglomération,Hors intersection,Pluie légère,Deux véhicules - arrière,,,,,,,,,,,1,2,1,2,2
200800065988,0008-11-07 19:45:00,8,11,7,19,45,180,33,"sans, CHARITE (ROUTE DE",,,Nuit avec éclairage allumé,En agglomération,Intersection en X,Pluie légère,Deux véhicules - frontale,,,,,,,,,,,5,2,2,2,1
200800065989,0008-11-08 14:30:00,8,11,8,14,30,180,213,RD 955,,,Plein jour,Hors agglomération,Hors intersection,Normale,Autre collision,,,,,,,,,,,1,1,1,1,6
200800065990,0008-11-05 18:30:00,8,11,5,18,30,180,33,CHARITE (ROUTE DE LA),,,Plein jour,En agglomération,Hors intersection,Normale,Trois véhicules et plus - en chaîne,,,,,,,,,,,1,2,1,1,4
200800065991,0008-11-13 15:10:00,8,11,13,15,10,180,33,"SANS, LIBERATION (AVENUE",,,Plein jour,En agglomération,Hors intersection,Normale,Deux véhicules - côté,,,,,,,,,,,1,2,1,1,3
200800065992,0008-11-14 20:55:00,8,11,14,20,55,180,33,"59, RENAN (AVENUE ERNEST",,,Nuit avec éclairage allumé,En agglomération,Hors intersection,Normale,Deux véhicules - côté,,,,,,,,,,,5,2,1,1,3
200800065993,0008-11-18 15:05:00,8,11,18,15,5,180,33,D 400 (Rocade),,,Plein jour,Hors agglomération,Hors intersection,Temps couvert,Deux véhicules - arrière,,,,,,,,,,,1,1,1,8,2
200800065994,0008-11-19 18:35:00,8,11,19,18,35,180,33,"sans, CLEMENCEAU (BOULEV",,,Nuit avec éclairage allumé,En agglomération,Intersection en X,Normale,Deux véhicules - côté,,,,,,,,,,,5,2,2,1,3
200800065995,0008-11-24 19:45:00,8,11,24,19,45,180,33,"24, LAUDIER (AVENUE HENR",,,Nuit avec éclairage allumé,En agglomération,Hors intersection,Temps couvert,Autre collision,,,,,,,,,,,5,2,1,8,6
200800065996,0008-11-25 08:30:00,8,11,25,8,30,180,33,"SANS, HUIT MAI 1945 (PLA",,,Plein jour,En agglomération,Hors intersection,Normale,Autre collision,,,,,,,,,,,1,2,1,1,6
200800065997,0008-11-27 10:10:00,8,11,27,10,10,180,33,NEVERS (AVENUE DE),,,Plein jour,Hors agglomération,Hors intersection,Brouillard / fumée,Deux véhicules - arrière,,,,,,,,,,,1,1,1,5,2
200800065998,0008-11-20 18:10:00,8,11,20,18,10,180,279,MEREAU (ROUTE DE ),,,Nuit avec éclairage allumé,En agglomération,Intersection à plus de 4 branches,Pluie légère,Deux véhicules - frontale,,,,,,,,,,,5,2,5,2,1
200800065999,0008-11-02 18:35:00,8,11,2,18,35,190,31,"0, EMERY (AVENUE ANDRE)",45.15817,4.50962,Nuit avec éclairage allumé,En agglomération,Intersection en T,Pluie légère,Deux véhicules - arrière,,,,,,,,,,,5,2,3,2,2
200800066000,0008-11-03 09:25:00,8,11,3,9,25,190,31,"0, EMERY (AVENUE ANDRE)",45.16069,4.50671,Plein jour,En agglomération,Hors intersection,Normale,Autre collision,,,,,,,,,,,1,2,1,1,6
200800066001,0008-11-08 11:35:00,8,11,8,11,35,190,31,"46, SEMARD (AVENUE PIERR",45.15637,4.51982,Plein jour,En agglomération,Hors intersection,Normale,Deux véhicules - côté,,,,,,,,,,,1,2,1,1,3
200800066002,0008-11-08 18:35:00,8,11,8,18,35,190,31,"12, ROOSEVELT (AVENUE DU",45.15856,4.52814,Nuit avec éclairage allumé,En agglomération,Hors intersection,Normale,Autre collision,,,,,,,,,,,5,2,1,1,6
200800066003,0008-11-13 08:05:00,8,11,13,8,5,190,31,"38, COMBE (BOULEVARD ROG",45.16637,4.49466,Plein jour,En agglomération,Hors intersection,Normale,Autre collision,,,,,,,,,,,1,2,1,1,6
200800066004,0008-11-13 16:00:00,8,11,13,16,0,190,31,"0, MIRABEAU (BOULEVARD)",45.16403,4.52171,Plein jour,En agglomération,Intersection en X,Normale,Deux véhicules - côté,,,,,,,,,,,1,2,2,1,3
200800066005,0008-11-13 19:00:00,8,11,13,19,0,190,31,"2, DE JOUVENEL (BOULEVAR",45.15756,4.50884,Nuit avec éclairage allumé,En agglomération,Hors intersection,Normale,Autre collision,,,,,,,,,,,5,2,1,1,6
200800066006,0008-11-16 09:15:00,8,11,16,9,15,190,31,POMPIDOU (AVENUE GEORGES,45.15786,4.54729,Plein jour,En agglomération,Intersection en X,Normale,Deux véhicules - arrière,,,,,,,,,,,1,2,2,1,2
200800066007,0008-11-16 15:40:00,8,11,16,15,40,190,31,PAGNON (RUE EMILE),45.15153,4.55179,Plein jour,En agglomération,Intersection en T,Normale,Deux véhicules - côté,,,,,,,,,,,1,2,3,1,3
200800066008,0008-11-18 17:25:00,8,11,18,17,25,190,31,"2, RIVET (AVENUE JEAN CH",45.1514,4.50127,Crépuscule ou aube,En agglomération,Hors intersection,Pluie légère,Trois véhicules et plus - en chaîne,,,,,,,,,,,2,2,1,2,4
200800066009,0008-11-19 18:00:00,8,11,19,18,0,190,31,COMTE (RUE ERNEST),45.15603,4.48514,Nuit avec éclairage allumé,En agglomération,Hors intersection,Normale,Trois véhicules et plus - en chaîne,,,,,,,,,,,5,2,1,1,4
200800066010,0008-11-21 14:25:00,8,11,21,14,25,190,31,"90, KENNEDY (AVENUE JOHN",45.16695,4.54724,Plein jour,En agglomération,Hors intersection,Pluie forte,Deux véhicules - côté,,,,,,,,,,,1,2,1,3,3
200800066011,0008-11-22 15:45:00,8,11,22,15,45,190,31,"1, CHAMPOLLION (RUE)",,,Plein jour,En agglomération,Hors intersection,Pluie légère,Autre collision,,,,,,,,,,,1,2,1,2,6
200800066012,0008-11-27 08:20:00,8,11,27,8,20,190,31,"0, AUDIERNE (RUE RENE)",,,Plein jour,En agglomération,Hors intersection,Normale,Autre collision,,,,,,,,,,,1,2,1,1,6
200800066013,0008-11-04 09:15:00,8,11,4,9,15,190,272,"56, LA LUNADE (BD)",45.26456,3.77991,Plein jour,En agglomération,Intersection en T,Temps couvert,Deux véhicules - côté,,,,,,,,,,,1,2,3,8,3
200800066014,0008-11-25 18:08:00,8,11,25,18,8,190,272,"11, WINSTON CHURCHILL (A",45.25885,3.75665,Nuit avec éclairage allumé,En agglomération,Autre intersection,Normale,Autre collision,,,,,,,,,,,5,2,9,1,6
200800066015,0008-11-05 13:00:00,8,11,5,13,0,190,275,THIERS (AVENUE)N° IMPAIR,,,Plein jour,En agglomération,Hors intersection,Pluie légère,Trois véhicules et plus - en chaîne,,,,,,,,,,,1,2,1,2,4
200800066016,0008-11-01 17:43:00,8,11,1,17,43,210,231,"79, MARECHAL JOFFRE (BOU",,,Nuit avec éclairage allumé,En agglomération,Hors intersection,Pluie forte,Trois véhicules et plus - en chaîne,,,,,,,,,,,5,2,1,3,4
200800066017,0008-11-04 10:40:00,8,11,4,10,40,210,231,PREMIER CONSUL (DU) (AVE,,,Plein jour,En agglomération,Hors intersection,Normale,Autre collision,,,,,,,,,,,1,2,1,1,6
200800066018,0008-11-04 18:15:00,8,11,4,18,15,210,231,ALBERT PREMIER (AVENUE),,,Nuit avec éclairage allumé,En agglomération,Intersection en X,Normale,Trois véhicules et plus - en chaîne,,,,,,,,,,,5,2,2,1,4
200800066019,0008-11-05 13:59:00,8,11,5,13,59,210,166,GAY LUSSAC (RUE),,,Plein jour,En agglomération,Intersection en X,Normale,Deux véhicules - arrière,,,,,,,,,,,1,2,2,1,2
200800066020,0008-11-05 18:20:00,8,11,5,18,20,210,231,CHEVREUL (RUE),,,Nuit avec éclairage allumé,En agglomération,Intersection en X,Normale,Deux véhicules - côté,,,,,,,,,,,5,2,2,1,3
200800066021,0008-11-06 00:50:00,8,11,6,0,50,210,231,"7-9, CASTELNAU (RUE)",,,Nuit avec éclairage allumé,En agglomération,Hors intersection,Normale,Autre collision,,,,,,,,,,,5,2,1,1,6
200800066022,0008-11-06 07:30:00,8,11,6,7,30,210,231,GUSTAVE EIFFEL (AVENUE),,,Plein jour,En agglomération,Intersection en X,Normale,Deux véhicules - côté,,,,,,,,,,,1,2,2,1,3
200800066023,0008-11-06 12:30:00,8,11,6,12,30,210,231,DE LATTRE DE TASSIGNY (B,,,Plein jour,En agglomération,Hors intersection,Normale,Autre collision,,,,,,,,,,,1,2,1,1,6
200800066024,0008-11-07 12:35:00,8,11,7,12,35,210,231,LANGRES (DE) (AVENUE),,,Plein jour,En agglomération,Intersection en X,Normale,Deux véhicules - côté,,,,,,,,,,,1,2,2,1,3
200800066025,0008-11-07 13:00:00,8,11,7,13,0,210,231,"8, BROSSES (DE) (BOULEVA",,,Plein jour,En agglomération,Hors intersection,Normale,Trois véhicules et plus - en chaîne,,,,,,,,,,,1,2,1,1,4
200800066026,0008-11-07 16:30:00,8,11,7,16,30,210,231,BROSSES (DE) (BOULEVARD),,,Plein jour,En agglomération,Intersection en X,Normale,Deux véhicules - côté,,,,,,,,,,,1,2,2,1,3
200800066027,0008-11-08 10:00:00,8,11,8,10,0,210,231,LAC KIR (),,,Plein jour,Hors agglomération,Hors intersection,Normale,Autre collision,,,,,,,,,,,1,1,1,1,6
200800066028,0008-11-08 21:50:00,8,11,8,21,50,210,231,GUSTAVE EIFFEL (AVENUE),,,Nuit avec éclairage allumé,En agglomération,Intersection en X,Normale,Deux véhicules - côté,,,,,,,,,,,5,2,2,1,3
200800066029,0008-11-10 12:10:00,8,11,10,12,10,210,231,MIRANDE (DE) (RUE),,,Plein jour,En agglomération,Intersection en X,Normale,Deux véhicules - côté,,,,,,,,,,,1,2,2,1,3
200800066030,0008-11-11 07:40:00,8,11,11,7,40,210,231,"54, MARECHAL GALLIENI (B",,,Crépuscule ou aube,En agglomération,Hors intersection,Pluie forte,Deux véhicules - arrière,,,,,,,,,,,2,2,1,3,2
200800066031,0008-11-11 12:46:00,8,11,11,12,46,210,231,CHEVRE MORTE (DE) (BOULE,,,Plein jour,En agglomération,Intersection en X,Temps couvert,Deux véhicules - côté,,,,,,,,,,,1,2,2,8,3
200800066032,0008-11-12 12:16:00,8,11,12,12,16,210,231,MOLIDORS (DES) (RUE),,,Plein jour,En agglomération,Intersection en X,Normale,Deux véhicules - côté,,,,,,,,,,,1,2,2,1,3
200800066033,0008-11-12 17:30:00,8,11,12,17,30,210,231,TREMOUILLE (BOULEVARD),,,Nuit avec éclairage allumé,En agglomération,Intersection en X,Normale,Autre collision,,,,,,,,,,,5,2,2,1,6
200800066034,0008-11-13 09:46:00,8,11,13,9,46,210,231,"5, CONCORDE  DE LA (AVEN",,,Plein jour,En agglomération,Hors intersection,Normale,Autre collision,,,,,,,,,,,1,2,1,1,6
200800066035,0008-11-13 10:53:00,8,11,13,10,53,210,231,ERNEST PETIT (RUE),,,Plein jour,En agglomération,Intersection en X,Normale,Deux véhicules - côté,,,,,,,,,,,1,2,2,1,3
200800066036,0008-11-13 12:50:00,8,11,13,12,50,210,231,PONT DES TANNERIES (DU),,,Plein jour,En agglomération,Hors intersection,Normale,Trois véhicules et plus - en chaîne,,,,,,,,,,,1,2,1,1,4
200800066037,0008-11-13 13:30:00,8,11,13,13,30,210,231,"8, DE LATTRE DE TASSIGNY",,,Plein jour,En agglomération,Hors intersection,Normale,Autre collision,,,,,,,,,,,1,2,1,1,6
200800066038,0008-11-14 13:53:00,8,11,14,13,53,210,231,SULLY  (RUE),,,Plein jour,En agglomération,Hors intersection,Normale,Trois véhicules et plus - en chaîne,,,,,,,,,,,1,2,1,1,4
200800066039,0008-11-14 15:50:00,8,11,14,15,50,210,231,"31, GUSTAVE EIFFEL (AVEN",,,Plein jour,En agglomération,Intersection en X,Normale,Deux véhicules - côté,,,,,,,,,,,1,2,2,1,3
200800066040,0008-11-14 18:27:00,8,11,14,18,27,210,231,CHAMPS PERDRIX (DES) (AV,,,Nuit avec éclairage allumé,En agglomération,Hors intersection,Normale,Autre collision,,,,,,,,,,,5,2,1,1,6
200800066041,0008-11-15 01:11:00,8,11,15,1,11,210,231,"11, STEARINERIE (DE LA)",,,Nuit avec éclairage allumé,En agglomération,Hors intersection,Normale,Autre collision,,,,,,,,,,,5,2,1,1,6
200800066042,0008-11-15 11:30:00,8,11,15,11,30,210,231,DOCTEUR JULIE (RUE),,,Plein jour,En agglomération,Hors intersection,Normale,Autre collision,,,,,,,,,,,1,2,1,1,6
200800066043,0008-11-15 19:45:00,8,11,15,19,45,210,231,HENRI BARABANT ( PLACE ),,,Nuit avec éclairage allumé,En agglomération,Intersection à plus de 4 branches,Pluie légère,Deux véhicules - côté,,,,,,,,,,,5,2,5,2,3
200800066044,0008-11-18 08:44:00,8,11,18,8,44,210,231,PALISSY (BERNARD) (BOULE,,,Plein jour,En agglomération,Intersection en X,Pluie légère,Trois véhicules et plus - collisions multiples,,,,,,,,,,,1,2,2,2,5
200800066045,0008-11-18 18:11:00,8,11,18,18,11,210,231,PREFECTURE (DE LA) (RUE),,,Nuit avec éclairage allumé,En agglomération,Hors intersection,Pluie légère,Autre collision,,,,,,,,,,,5,2,1,2,6
200800066046,0008-11-18 18:30:00,8,11,18,18,30,210,231,"84, LONGVIC (DE) (RUE)",,,Nuit avec éclairage allumé,En agglomération,Hors intersection,Pluie légère,Deux véhicules - arrière,,,,,,,,,,,5,2,1,2,2
200800066047,0008-11-18 23:13:00,8,11,18,23,13,210,231,GUILLAUME TELL (RUE),,,Nuit avec éclairage allumé,En agglomération,Intersection en X,Pluie légère,Deux véhicules - côté,,,,,,,,,,,5,2,2,2,3