accident_id,datetime,annee,mois,jour,heure,minute,departement,commune_insee,adresse,latitude,longitude,luminosite,agglomeration,intersection,meteo,collision,nb_vehicules,nb_usagers,nb_indemnes,nb_tues,nb_blesses_hosp,nb_blesses_legers,age_cond_1,age_cond_2,veh_type_cond_1,veh_type_cond_2,lum_code,agg_code,int_code,atm_code,col_code
200800066176,0008-11-20 14:00:00,8,11,20,14,0,290,19,"08, LIMOUSIN",,,Plein jour,En agglomération,Hors intersection,Normale,Autre collision,,,,,,,,,,,1,2,1,1,6
200800066177,0008-11-22 15:25:00,8,11,22,15,25,290,19,"29, CONQUET",,,Plein jour,En agglomération,Hors intersection,Normale,Autre collision,,,,,,,,,,,1,2,1,1,6
200800066178,0008-11-21 19:00:00,8,11,21,19,0,290,19,"., KIEL",,,Nuit avec éclairage allumé,En agglomération,Hors intersection,Normale,Autre collision,,,,,,,,,,,5,2,1,1,6
200800066179,0008-11-25 16:30:00,8,11,25,16,30,290,19,"6, KERVERN AUGUSTE",,,Plein jour,En agglomération,Hors intersection,Normale,Trois véhicules et plus - collisions multiples,,,,,,,,,,,1,2,1,1,5
200800066180,0008-11-28 21:00:00,8,11,28,21,0,290,19,"., ROBESPIERRE (DE 1 A 3",,,Nuit avec éclairage allumé,En agglomération,Intersection en T,Normale,Deux véhicules - côté,,,,,,,,,,,5,2,3,1,3
200800066181,0008-11-28 18:55:00,8,11,28,18,55,290,19,"26, PORTE (DE 1 A 75 ET",,,Nuit avec éclairage allumé,En agglomération,Hors intersection,Normale,Deux véhicules - arrière,,,,,,,,,,,5,2,1,1,2
200800066182,0008-11-30 15:00:00,8,11,30,15,0,290,19,"., HUIT MAI 1945 (DE 2 A",,,Plein jour,En agglomération,Intersection en T,Pluie forte,Deux véhicules - arrière,,,,,,,,,,,1,2,3,3,2
200800066183,0008-11-08 11:20:00,8,11,8,11,20,290,39,PENANGUER ( RUE DE),,,Plein jour,Hors agglomération,Intersection en X,Normale,Deux véhicules - frontale,,,,,,,,,,,1,1,2,1,1
200800066184,0008-11-13 13:05:00,8,11,13,13,5,290,39,HOTEL DE VILLE (PLACE DE,,,Plein jour,En agglomération,Hors intersection,Normale,Autre collision,,,,,,,,,,,1,2,1,1,6
200800066185,0008-11-28 02:55:00,8,11,28,2,55,290,39,QUIMPER ( RUE DE),,,Nuit avec éclairage non allumé,En agglomération,Hors intersection,Pluie légère,Autre collision,,,,,,,,,,,4,2,1,2,6
200800066186,0008-11-03 15:30:00,8,11,3,15,30,290,151,PONT COZ (RUE DU),,,Plein jour,Hors agglomération,Hors intersection,Temps couvert,Deux véhicules - frontale,,,,,,,,,,,1,1,1,8,1
200800066187,0008-11-12 07:40:00,8,11,12,7,40,290,254,RD58,,,Crépuscule ou aube,Hors agglomération,Hors intersection,Pluie légère,Deux véhicules - arrière,,,,,,,,,,,2,1,1,2,2
200800066188,0008-11-16 01:20:00,8,11,16,1,20,290,151,TREGUIER (QUAI DE),,,Nuit avec éclairage non allumé,En agglomération,Autre intersection,Normale,Deux véhicules - côté,,,,,,,,,,,4,2,9,1,3
200800066189,0008-11-20 17:45:00,8,11,20,17,45,290,254,REO (BOULEVARD DE),,,Nuit avec éclairage allumé,En agglomération,Giratoire,Normale,Autre collision,,,,,,,,,,,5,2,6,1,6
200800066190,0008-11-20 22:30:00,8,11,20,22,30,290,151,CALLAC (ROUTE DE),,,Nuit sans éclairage public,Hors agglomération,Hors intersection,Pluie légère,Autre collision,,,,,,,,,,,3,1,1,2,6
200800066191,0008-11-28 05:00:00,8,11,28,5,0,290,151,EXPRESS RN 12 (VOIE),,,Nuit sans éclairage public,Hors agglomération,Hors intersection,Pluie forte,Autre collision,,,,,,,,,,,3,1,1,3,6
200800066192,0008-11-21 17:00:00,8,11,21,17,0,290,151,TRURO (AVENUE DE),,,Plein jour,En agglomération,Hors intersection,Normale,Autre collision,,,,,,,,,,,1,2,1,1,6
200800066193,0008-11-02 16:40:00,8,11,2,16,40,290,232,"146, PLOGONNEC ROUTE DE",,,Plein jour,Hors agglomération,Hors intersection,Pluie légère,Deux véhicules - frontale,,,,,,,,,,,1,1,1,2,1
200800066194,0008-11-07 16:24:00,8,11,7,16,24,290,232,"., EAU BLANCHE ROND POIN",,,Plein jour,En agglomération,Giratoire,Pluie légère,Sans collision,,,,,,,,,,,1,2,6,2,7
200800066195,0008-11-16 14:10:00,8,11,16,14,10,290,232,"., STANG BIHAN RUE DE",,,Plein jour,En agglomération,Hors intersection,Pluie légère,Deux véhicules - côté,,,,,,,,,,,1,2,1,2,3
200800066196,0008-11-21 17:25:00,8,11,21,17,25,290,232,LE GUENNEC LOUIS BOULEVA,,,Nuit sans éclairage public,En agglomération,Hors intersection,Pluie légère,Deux véhicules - arrière,,,,,,,,,,,3,2,1,2,2
200800066197,0008-11-09 16:25:00,8,11,9,16,25,300,7,"., BOISSIER DE SAUVAGE",,,Plein jour,En agglomération,Hors intersection,Normale,Deux véhicules - côté,,,,,,,,,,,1,2,1,1,3
200800066198,0008-11-02 20:50:00,8,11,2,20,50,300,7,CASSIN (RUE RENE),,,Nuit avec éclairage non allumé,En agglomération,Giratoire,Pluie légère,Deux véhicules - arrière,,,,,,,,,,,4,2,6,2,2
200800066199,0008-11-03 06:35:00,8,11,3,6,35,300,7,"., ROUGET DE L'ISLE (RUE",,,Nuit sans éclairage public,En agglomération,Intersection en T,Normale,Deux véhicules - côté,,,,,,,,,,,3,2,3,1,3
200800066200,0008-11-06 17:38:00,8,11,6,17,38,300,7,"., HERSTAL (RUE  D')",,,Nuit avec éclairage allumé,En agglomération,Hors intersection,Pluie légère,Deux véhicules - arrière,,,,,,,,,,,5,2,1,2,2
200800066201,0008-11-07 08:10:00,8,11,7,8,10,300,7,"., LUMIERES (AVE DES FRE",,,Plein jour,En agglomération,Hors intersection,Normale,Deux véhicules - côté,,,,,,,,,,,1,2,1,1,3
200800066202,0008-11-08 12:25:00,8,11,8,12,25,300,7,"15, BLANC (BD LOUIS)",,,Plein jour,En agglomération,Hors intersection,Normale,Trois véhicules et plus - en chaîne,,,,,,,,,,,1,2,1,1,4
200800066203,0008-11-19 15:00:00,8,11,19,15,0,300,7,MONGE (AVENUE),,,Plein jour,En agglomération,Giratoire,Normale,Deux véhicules - arrière,,,,,,,,,,,1,2,6,1,2
200800066204,0008-11-26 16:20:00,8,11,26,16,20,300,7,SAINT ETIENNE A LARNAC (,,,Plein jour,En agglomération,Hors intersection,Autre,Autre collision,,,,,,,,,,,1,2,1,9,6
200800066205,0008-11-26 18:15:00,8,11,26,18,15,300,7,D'INDY (AVE VINCENT),,,Nuit avec éclairage non allumé,En agglomération,Giratoire,Normale,Deux véhicules - côté,,,,,,,,,,,4,2,6,1,3
200800066206,0008-11-26 15:15:00,8,11,26,15,15,300,7,"., CASSIN (RUE RENE)",,,Plein jour,En agglomération,Hors intersection,Normale,Deux véhicules - côté,,,,,,,,,,,1,2,1,1,3
200800066207,0008-11-28 10:45:00,8,11,28,10,45,300,7,"., TRELLYS (RUE JEAN JUL",,,Plein jour,En agglomération,Hors intersection,Normale,Sans collision,,,,,,,,,,,1,2,1,1,7
200800066208,0008-11-10 10:20:00,8,11,10,10,20,300,28,"5, ANCYSE (AVENUE DEL')",,,Plein jour,En agglomération,Intersection en X,Normale,Autre collision,,,,,,,,,,,1,2,2,1,6
200800066209,0008-11-16 07:00:00,8,11,16,7,0,300,28,ROUTE DE NIMES,,,Nuit avec éclairage allumé,En agglomération,Hors intersection,Normale,Autre collision,,,,,,,,,,,5,2,1,1,6
200800066210,0008-11-20 08:25:00,8,11,20,8,25,300,28,GEORGES BESSE (AVENUE),,,Plein jour,En agglomération,Hors intersection,Normale,Autre collision,,,,,,,,,,,1,2,1,1,6
200800066211,0008-11-27 23:06:00,8,11,27,23,6,300,28,"6086, ROUTE DE PONT SAIN",,,Nuit avec éclairage allumé,En agglomération,Hors intersection,Normale,Deux véhicules - côté,,,,,,,,,,,5,2,1,1,3
200800066212,0008-11-29 15:10:00,8,11,29,15,10,300,28,"1, EUROPE (AVENUE DE L')",,,Plein jour,En agglomération,Hors intersection,Pluie légère,Autre collision,,,,,,,,,,,1,2,1,2,6
200800066213,0008-11-06 04:05:00,8,11,6,4,5,300,32,ROUTE DE BELLEGARDE (C.D,,,Nuit sans éclairage public,Hors agglomération,Hors intersection,Normale,Sans collision,,,,,,,,,,,3,1,1,1,7
200800066214,0008-11-18 17:35:00,8,11,18,17,35,300,32,"992, ROUTE DE FOURQUES",,,Crépuscule ou aube,Hors agglomération,Hors intersection,Normale,Sans collision,,,,,,,,,,,2,1,1,1,7
200800066215,0008-11-24 16:30:00,8,11,24,16,30,300,32,"0, ROUTE DE NIMES (C.D.9",,,Plein jour,Hors agglomération,Autre intersection,Normale,Deux véhicules - côté,,,,,,,,,,,1,1,9,1,3
200800066216,0008-11-01 06:20:00,8,11,1,6,20,300,189,ANCIENS COMBATTANTS D IN,43.87003,4.32305,Nuit sans éclairage public,Hors agglomération,Hors intersection,Pluie légère,Sans collision,,,,,,,,,,,3,1,1,2,7
200800066217,0008-11-01 14:50:00,8,11,1,14,50,300,189,ALLENDE SALVADOR (RUE),43.81783,4.34816,Plein jour,En agglomération,Hors intersection,Pluie légère,Deux véhicules - arrière,,,,,,,,,,,1,2,1,2,2
200800066218,0008-11-01 20:35:00,8,11,1,20,35,300,189,"0000, TRIAIRE SERGENT (B",,,Nuit avec éclairage allumé,En agglomération,Intersection en Y,Pluie légère,Deux véhicules - côté,,,,,,,,,,,5,2,4,2,3
200800066219,0008-11-02 11:05:00,8,11,2,11,5,300,189,CITE FOULC (RUE),43.83222,4.36079,Plein jour,En agglomération,Intersection en X,Normale,Deux véhicules - côté,,,,,,,,,,,1,2,2,1,3
200800066220,0008-11-05 09:40:00,8,11,5,9,40,300,189,JAURES JEAN (BOULEVARD),43.82509,4.35389,Plein jour,En agglomération,Intersection en X,Pluie légère,Deux véhicules - côté,,,,,,,,,,,1,2,2,2,3
200800066221,0008-11-05 14:30:00,8,11,5,14,30,300,189,"., ANCIENS COMBATTANTS D",43.85861,4.32396,Plein jour,Hors agglomération,Intersection en X,Pluie légère,Deux véhicules - côté,,,,,,,,,,,1,1,2,2,3
200800066222,0008-11-05 17:20:00,8,11,5,17,20,300,189,SOUS FONT DAME (CHEMIN O,43.80517,4.33665,Nuit avec éclairage allumé,Hors agglomération,Intersection en Y,Pluie légère,Deux véhicules - côté,,,,,,,,,,,5,1,4,2,3
200800066223,0008-11-05 19:20:00,8,11,5,19,20,300,189,ALLENDE SALVADOR (RUE),43.81944,4.35356,Nuit avec éclairage allumé,En agglomération,Hors intersection,Pluie forte,Deux véhicules - arrière,,,,,,,,,,,5,2,1,3,2
200800066224,0008-11-07 20:25:00,8,11,7,20,25,300,189,ALLENDE SALVADOR (RUE),43.83047,4.38021,Nuit avec éclairage allumé,En agglomération,Hors intersection,Normale,Trois véhicules et plus - en chaîne,,,,,,,,,,,5,2,1,1,4
200800066225,0008-11-07 23:23:00,8,11,7,23,23,300,189,"., PROUVE JEAN (AVENUE)",43.81422,4.35294,Nuit avec éclairage allumé,En agglomération,Hors intersection,Normale,Sans collision,,,,,,,,,,,5,2,1,1,7
200800066226,0008-11-08 08:00:00,8,11,8,8,0,300,189,BABY JACQUES (RUE ET IMP,43.85291,4.39785,Nuit avec éclairage allumé,En agglomération,Giratoire,Normale,Deux véhicules - côté,,,,,,,,,,,5,2,6,1,3
200800066227,0008-11-08 10:25:00,8,11,8,10,25,300,189,NATOIRE (BOULEVARD),43.83074,4.36892,Plein jour,En agglomération,Intersection en Y,Normale,Deux véhicules - frontale,,,,,,,,,,,1,2,4,1,1
200800066228,0008-11-08 15:25:00,8,11,8,15,25,300,189,BOEGNER PASTEUR MARC (BO,43.81598,4.34066,Plein jour,En agglomération,Hors intersection,Normale,Deux véhicules - arrière,,,,,,,,,,,1,2,1,1,2
200800066229,0008-11-08 19:30:00,8,11,8,19,30,300,189,"., SIMON ANDRE (RUE)",43.82509,4.36133,Nuit avec éclairage allumé,En agglomération,Giratoire,Normale,Autre collision,,,,,,,,,,,5,2,6,1,6
200800066230,0008-11-09 11:20:00,8,11,9,11,20,300,189,"30, CITE FOULC (RUE)",43.83116,4.36126,Plein jour,En agglomération,Hors intersection,Normale,Deux véhicules - côté,,,,,,,,,,,1,2,1,1,3
200800066231,0008-11-12 06:40:00,8,11,12,6,40,300,189,JAURES JEAN (BOULEVARD),43.8379,4.34993,Crépuscule ou aube,En agglomération,Intersection en X,Pluie légère,Deux véhicules - côté,,,,,,,,,,,2,2,2,2,3
200800066232,0008-11-18 13:08:00,8,11,18,13,8,300,189,"., BOEGNER PASTEUR MARC",43.81788,4.3384,Plein jour,Hors agglomération,Hors intersection,Normale,Trois véhicules et plus - collisions multiples,,,,,,,,,,,1,1,1,1,5
200800066233,0008-11-12 22:45:00,8,11,12,22,45,300,189,MENDES FRANCE PIERRE (AV,43.81677,4.39335,Nuit avec éclairage allumé,En agglomération,Giratoire,Normale,Sans collision,,,,,,,,,,,5,2,6,1,7
200800066234,0008-11-13 07:40:00,8,11,13,7,40,300,189,"0000, MARECHAL JUIN (BOU",43.82154,4.3488,Plein jour,En agglomération,Hors intersection,Normale,Deux véhicules - côté,,,,,,,,,,,1,2,1,1,3
200800066235,0008-11-13 16:15:00,8,11,13,16,15,300,189,"5, HORLOGE (RUE)",43.83879,4.3583,Plein jour,En agglomération,Hors intersection,Normale,Autre collision,,,,,,,,,,,1,2,1,1,6
200800066236,0008-11-14 08:00:00,8,11,14,8,0,300,189,"., ALES (ROUTE)",43.85563,4.3373,Plein jour,Hors agglomération,Intersection en X,Normale,Deux véhicules - côté,,,,,,,,,,,1,1,2,1,3
200800066237,0008-11-14 18:50:00,8,11,14,18,50,300,189,"197, AVIGNON (ROUTE)",43.85198,4.40052,Nuit avec éclairage allumé,En agglomération,Intersection en X,Normale,Deux véhicules - côté,,,,,,,,,,,5,2,2,1,3
200800066238,0008-11-14 21:25:00,8,11,14,21,25,300,189,"0000, LENOIR ETIENNE (RU",,,Nuit avec éclairage allumé,En agglomération,Hors intersection,Normale,Autre collision,,,,,,,,,,,5,2,1,1,6
200800066239,0008-11-15 09:48:00,8,11,15,9,48,300,189,SAUVE (ROUTE),43.85416,4.25935,Plein jour,Hors agglomération,Hors intersection,Normale,Deux véhicules - arrière,,,,,,,,,,,1,1,1,1,2
200800066240,0008-11-16 00:15:00,8,11,16,0,15,300,189,"36, CITE FOULC (RUE)",,,Nuit avec éclairage allumé,En agglomération,Intersection en T,Normale,Deux véhicules - côté,,,,,,,,,,,5,2,3,1,3
200800066241,0008-11-16 02:15:00,8,11,16,2,15,300,189,"00000, MONTPELLIER (ROUT",,,Nuit sans éclairage public,Hors agglomération,Hors intersection,Normale,Autre collision,,,,,,,,,,,3,1,1,1,6
200800066242,0008-11-17 09:10:00,8,11,17,9,10,300,189,"75, LECLERC GENERAL (AVE",43.82799,4.37385,Plein jour,En agglomération,Hors intersection,Normale,Deux véhicules - côté,,,,,,,,,,,1,2,1,1,3
200800066243,0008-11-17 10:25:00,8,11,17,10,25,300,189,SAUVE (ROUTE),43.8546,4.25735,Plein jour,Hors agglomération,Hors intersection,Normale,Autre collision,,,,,,,,,,,1,1,1,1,6
200800066244,0008-11-17 13:20:00,8,11,17,13,20,300,189,"., BEAUCAIRE (ROUTE)",,,Plein jour,En agglomération,Autre intersection,Normale,Autre collision,,,,,,,,,,,1,2,9,1,6
200800066245,0008-11-17 17:40:00,8,11,17,17,40,300,189,"0000, ALLENDE SALVADOR (",,,Nuit avec éclairage allumé,En agglomération,Hors intersection,Normale,Trois véhicules et plus - en chaîne,,,,,,,,,,,5,2,1,1,4
200800066246,0008-11-17 18:35:00,8,11,17,18,35,300,189,AVIGNON (ROUTE),43.85665,4.40426,Nuit avec éclairage allumé,En agglomération,Hors intersection,Normale,Trois véhicules et plus - en chaîne,,,,,,,,,,,5,2,1,1,4
200800066247,0008-11-18 08:50:00,8,11,18,8,50,300,189,TRIAIRE SERGENT (BOULEVA,43.82949,4.36172,Plein jour,En agglomération,Hors intersection,Normale,Autre collision,,,,,,,,,,,1,2,1,1,6
200800066248,0008-11-15 13:25:00,8,11,15,13,25,300,189,"251, SAUVE (ROUTE)",43.8436,4.3075,Plein jour,En agglomération,Hors intersection,Normale,Sans collision,,,,,,,,,,,1,2,1,1,7
200800066249,0008-11-19 10:07:00,8,11,19,10,7,300,189,"1508, CIGALE (CHEMIN)",43.84914,4.32908,Plein jour,En agglomération,Hors intersection,Normale,Deux véhicules - côté,,,,,,,,,,,1,2,1,1,3
200800066250,0008-11-19 10:45:00,8,11,19,10,45,300,189,"0000, JAURES JEAN (BOULE",43.82641,4.35355,Plein jour,En agglomération,Hors intersection,Normale,Deux véhicules - côté,,,,,,,,,,,1,2,1,1,3
200800066251,0008-11-19 14:20:00,8,11,19,14,20,300,189,ALLENDE SALVADOR (RUE),43.8329,4.38499,Plein jour,En agglomération,Hors intersection,Normale,Deux véhicules - arrière,,,,,,,,,,,1,2,1,1,2
200800066252,0008-11-19 17:25:00,8,11,19,17,25,300,189,"1, MATISSE (RUE)",43.82554,4.33231,Nuit avec éclairage allumé,En agglomération,Intersection en T,Normale,Autre collision,,,,,,,,,,,5,2,3,1,6
200800066253,0008-11-21 08:58:00,8,11,21,8,58,300,189,"72 bis, SAUVE (ROUTE)",43.83677,4.33418,Plein jour,En agglomération,Intersection en T,Normale,Deux véhicules - frontale,,,,,,,,,,,1,2,3,1,1
200800066254,0008-11-22 09:40:00,8,11,22,9,40,300,189,"0000, BOEGNER PASTEUR MA",43.82035,4.33595,Plein jour,En agglomération,Hors intersection,Normale,Sans collision,,,,,,,,,,,1,2,1,1,7
200800066255,0008-11-22 11:25:00,8,11,22,11,25,300,189,DOCTEUR CALMETTE  (RUE O,43.82887,4.36591,Plein jour,En agglomération,Intersection en X,Normale,Deux véhicules - côté,,,,,,,,,,,1,2,2,1,3
200800066256,0008-11-23 12:30:00,8,11,23,12,30,300,189,"., ALLENDE SALVADOR (RUE",,,Plein jour,En agglomération,Hors intersection,Normale,Deux véhicules - arrière,,,,,,,,,,,1,2,1,1,2
200800066257,0008-11-24 09:35:00,8,11,24,9,35,300,189,JAURES JEAN (BOULEVARD),43.82833,4.35285,Plein jour,En agglomération,Intersection en X,Normale,Deux véhicules - côté,,,,,,,,,,,1,2,2,1,3
200800066258,0008-11-24 15:55:00,8,11,24,15,55,300,189,"0000, FAITA VINCENT (RUE",43.84927,4.37385,Plein jour,En agglomération,Intersection en X,Normale,Deux véhicules - côté,,,,,,,,,,,1,2,2,1,3
200800066259,0008-11-25 08:25:00,8,11,25,8,25,300,189,"4, REINACH SALOMON (RUE)",43.83552,4.37539,Plein jour,En agglomération,Hors intersection,Normale,Autre collision,,,,,,,,,,,1,2,1,1,6
200800066260,0008-11-25 10:29:00,8,11,25,10,29,300,189,"30, POMPIDOU GEORGES (AV",43.83416,4.34822,Plein jour,En agglomération,Hors intersection,Normale,Autre collision,,,,,,,,,,,1,2,1,1,6
200800066261,0008-11-25 13:25:00,8,11,25,13,25,300,189,BOEGNER PASTEUR MARC (BO,,,Plein jour,En agglomération,Hors intersection,Normale,Deux véhicules - côté,,,,,,,,,,,1,2,1,1,3
200800066262,0008-11-28 22:15:00,8,11,28,22,15,300,189,"945, MAS D'ALESTI (CHEMI",43.85649,4.3891,Nuit avec éclairage allumé,En agglomération,Hors intersection,Normale,Deux véhicules - frontale,,,,,,,,,,,5,2,1,1,1
200800066263,0008-11-30 02:55:00,8,11,30,2,55,300,189,"155, SAUVE (ROUTE)",43.83869,4.32377,Nuit avec éclairage allumé,En agglomération,Hors intersection,Normale,Trois véhicules et plus - collisions multiples,,,,,,,,,,,5,2,1,1,5
200800066264,0008-11-30 11:30:00,8,11,30,11,30,300,189,JAURES JEAN (BOULEVARD),43.83814,4.35031,Plein jour,En agglomération,Intersection en X,Normale,Autre collision,,,,,,,,,,,1,2,2,1,6
200800066265,0008-11-02 20:00:00,8,11,2,20,0,300,11,"0000000000, R.D. 6580",,,Nuit sans éclairage public,Hors agglomération,Hors intersection,Pluie légère,Deux véhicules - côté,,,,,,,,,,,3,1,1,2,3
200800066266,0008-11-23 10:40:00,8,11,23,10,40,300,11,"N 11, RACINE RUE",,,Plein jour,En agglomération,Hors intersection,Normale,Deux véhicules - côté,,,,,,,,,,,1,2,1,1,3
200800066267,0008-11-07 21:00:00,8,11,7,21,0,310,149,"999, MARIUS TERCE (RUE)",,,Nuit avec éclairage allumé,En agglomération,Hors intersection,Pluie légère,Autre collision,,,,,,,,,,,5,2,1,2,6
200800066268,0008-11-17 08:30:00,8,11,17,8,30,310,149,"999, MARIUS TERCE (RUE)",,,Plein jour,En agglomération,Giratoire,Normale,Deux véhicules - arrière,,,,,,,,,,,1,2,6,1,2
200800066269,0008-11-19 21:20:00,8,11,19,21,20,310,149,"999, BOULEVARD VICTOR HU",,,Nuit avec éclairage allumé,En agglomération,Giratoire,Normale,Autre collision,,,,,,,,,,,5,2,6,1,6
200800066270,0008-11-20 08:50:00,8,11,20,8,50,310,149,"999, ORMEAU (IMPASSE DE",,,Plein jour,En agglomération,Giratoire,Normale,Autre collision,,,,,,,,,,,1,2,6,1,6
200800066271,0008-11-21 18:50:00,8,11,21,18,50,310,149,"999, ECHANGEUR A624 SORT",,,Nuit sans éclairage public,Hors agglomération,Hors intersection,Pluie légère,Trois véhicules et plus - en chaîne,,,,,,,,,,,3,1,1,2,4
200800066272,0008-11-07 20:45:00,8,11,7,20,45,320,13,AGEN (ROUTE D'),,,Nuit sans éclairage public,Hors agglomération,Hors intersection,Pluie légère,Sans collision,,,,,,,,,,,3,1,1,2,7
200800066273,0008-11-15 22:20:00,8,11,15,22,20,320,13,"211, AGEN (ROUTE D')",,,Nuit avec éclairage allumé,En agglomération,Hors intersection,Normale,Autre collision,,,,,,,,,,,5,2,1,1,6
200800066274,0008-11-25 15:40:00,8,11,25,15,40,320,13,BARRAN (CHEMIN DE),,,Plein jour,Hors agglomération,Intersection en T,Normale,Autre collision,,,,,,,,,,,1,1,3,1,6
200800066275,0008-11-25 16:40:00,8,11,25,16,40,320,13,"49, SADI-CARNOT (BOULEVA",,,Plein jour,En agglomération,Hors intersection,Normale,Autre collision,,,,,,,,,,,1,2,1,1,6
200800066276,0008-11-11 18:50:00,8,11,11,18,50,330,9,"148, LAMARQUE PLAISANCE",,,Nuit avec éclairage allumé,En agglomération,Hors intersection,Normale,Deux véhicules - côté,,,,,,,,,,,5,2,1,1,3
200800066277,0008-11-23 18:40:00,8,11,23,18,40,330,9,BOURDIER (RUE AIME),,,Crépuscule ou aube,En agglomération,Intersection en X,Pluie légère,Deux véhicules - côté,,,,,,,,,,,2,2,2,2,3
200800066278,0008-11-24 07:40:00,8,11,24,7,40,330,529,OUSTALET (CARREFOUR DE L,,,Crépuscule ou aube,Hors agglomération,Hors intersection,Pluie forte,Deux véhicules - arrière,,,,,,,,,,,2,1,1,3,2
200800066279,0008-11-01 19:10:00,8,11,1,19,10,330,63,"05, RUE ESPRIT-DES-LOIS",,,Nuit avec éclairage allumé,En agglomération,Hors intersection,Normale,Deux véhicules - côté,,,,,,,,,,,5,2,1,1,3
200800066280,0008-11-02 05:35:00,8,11,2,5,35,330,63,"36, BD PIERRE 1ER",,,Nuit avec éclairage allumé,En agglomération,Hors intersection,Normale,Autre collision,,,,,,,,,,,5,2,1,1,6
200800066281,0008-11-03 09:49:00,8,11,3,9,49,330,63,CRS DU MARECHAL FOCH,,,Plein jour,En agglomération,Intersection en X,Pluie légère,Deux véhicules - côté,,,,,,,,,,,1,2,2,2,3
200800066282,0008-11-03 19:50:00,8,11,3,19,50,330,318,AVE MAL DE LATTRE DE TAS,,,Nuit avec éclairage allumé,En agglomération,Intersection en T,Pluie légère,Deux véhicules - frontale,,,,,,,,,,,5,2,3,2,1
200800066283,0008-11-05 11:55:00,8,11,5,11,55,330,63,RUE DE PESSAC,,,Plein jour,En agglomération,Intersection en T,Pluie légère,Deux véhicules - côté,,,,,,,,,,,1,2,3,2,3
200800066284,0008-11-06 13:50:00,8,11,6,13,50,330,63,CRS MARECHAL JUIN,,,Plein jour,En agglomération,Intersection en X,Normale,Deux véhicules - côté,,,,,,,,,,,1,2,2,1,3
200800066285,0008-11-07 01:50:00,8,11,7,1,50,330,63,"65, RUE DU PAS SAINT- GE",,,Nuit avec éclairage allumé,En agglomération,Hors intersection,Normale,Autre collision,,,,,,,,,,,5,2,1,1,6
200800066286,0008-11-09 12:50:00,8,11,9,12,50,330,63,BD JOLIOT-CURIE,,,Plein jour,En agglomération,Hors intersection,Normale,Deux véhicules - arrière,,,,,,,,,,,1,2,1,1,2
200800066287,0008-11-08 16:00:00,8,11,8,16,0,330,63,"176, RUE PEYRONNET",,,Plein jour,En agglomération,Intersection en X,Pluie légère,Autre collision,,,,,,,,,,,1,2,2,2,6
200800066288,0008-11-07 08:20:00,8,11,7,8,20,330,63,RUE GENERAL DE LARMINAT,,,Plein jour,En agglomération,Hors intersection,Pluie forte,Deux véhicules - côté,,,,,,,,,,,1,2,1,3,3
200800066289,0008-11-09 13:50:00,8,11,9,13,50,330,63,VOIE HALL DES EXPOSITION,,,Plein jour,En agglomération,Hors intersection,Normale,Deux véhicules - côté,,,,,,,,,,,1,2,1,1,3
200800066290,0008-11-08 02:15:00,8,11,8,2,15,330,63,"13, CRS DE LA SOMME",,,Nuit avec éclairage allumé,En agglomération,Hors intersection,Normale,Autre collision,,,,,,,,,,,5,2,1,1,6
200800066291,0008-11-07 10:05:00,8,11,7,10,5,330,63,"46-48, BD JEAN-JACQUES B",,,Plein jour,En agglomération,Hors intersection,Normale,Deux véhicules - arrière,,,,,,,,,,,1,2,1,1,2
200800066292,0008-11-11 01:00:00,8,11,11,1,0,330,192,CRS DU GENERAL DE GAULLE,,,Nuit avec éclairage allumé,En agglomération,Hors intersection,Normale,Autre collision,,,,,,,,,,,5,2,1,1,6
200800066293,0008-11-03 18:12:00,8,11,3,18,12,330,318,AVE DES DEUX PONTS,,,Nuit avec éclairage allumé,En agglomération,Intersection en X,Pluie légère,Deux véhicules - côté,,,,,,,,,,,5,2,2,2,3
200800066294,0008-11-03 09:50:00,8,11,3,9,50,330,281,AVE DES FRERES ROBINSON,,,Plein jour,En agglomération,Intersection en X,Pluie légère,Deux véhicules - frontale,,,,,,,,,,,1,2,2,2,1
200800066295,0008-11-10 11:05:00,8,11,10,11,5,330,63,"118, CRS DE LA SOMME",,,Plein jour,En agglomération,Hors intersection,Normale,Autre collision,,,,,,,,,,,1,2,1,1,6
200800066296,0008-11-07 11:20:00,8,11,7,11,20,330,63,"63, AVE THIERS",,,Plein jour,En agglomération,Hors intersection,Normale,Autre collision,,,,,,,,,,,1,2,1,1,6
200800066297,0008-11-12 06:30:00,8,11,12,6,30,330,63,RUE JULES FERRY CAUD,,,Nuit avec éclairage allumé,En agglomération,Intersection en X,Normale,Deux véhicules - côté,,,,,,,,,,,5,2,2,1,3
200800066298,0008-11-06 23:05:00,8,11,6,23,5,330,318,RUE DE COMPOSTELLE,,,Nuit avec éclairage allumé,En agglomération,Intersection en Y,Pluie légère,Trois véhicules et plus - en chaîne,,,,,,,,,,,5,2,4,2,4
200800066299,0008-11-04 17:10:00,8,11,4,17,10,330,318,"11 Bis, RUE DU BAS BRION",,,Plein jour,En agglomération,Hors intersection,Normale,Deux véhicules - côté,,,,,,,,,,,1,2,1,1,3
200800066300,0008-11-05 16:14:00,8,11,5,16,14,330,522,PETIT CHEMIN D'ARS,,,Plein jour,En agglomération,Intersection en Y,Pluie légère,Deux véhicules - côté,,,,,,,,,,,1,2,4,2,3
200800066301,0008-11-09 05:10:00,8,11,9,5,10,330,119,PCE DES DEUX VILLES,,,Nuit avec éclairage allumé,En agglomération,Hors intersection,Normale,Deux véhicules - arrière,,,,,,,,,,,5,2,1,1,2