accident_id,datetime,annee,mois,jour,heure,minute,departement,commune_insee,adresse,latitude,longitude,luminosite,agglomeration,intersection,meteo,collision,nb_vehicules,nb_usagers,nb_indemnes,nb_tues,nb_blesses_hosp,nb_blesses_legers,age_cond_1,age_cond_2,veh_type_cond_1,veh_type_cond_2,lum_code,agg_code,int_code,atm_code,col_code
200800066556,0008-11-18 18:50:00,8,11,18,18,50,30,23,AUBERGER (AVENUE FERNAND,,,Nuit avec éclairage allumé,En agglomération,Giratoire,Pluie forte,Deux véhicules - côté,,,,,,,,,,,5,2,6,3,3
200800066557,0008-11-20 23:05:00,8,11,20,23,5,30,310,"1, JAURES (RUE JEAN)",,,Nuit avec éclairage allumé,En agglomération,Intersection en X,Pluie légère,Deux véhicules - côté,,,,,,,,,,,5,2,2,2,3
200800066558,0008-11-24 21:20:00,8,11,24,21,20,30,310,"97, JAURES (RUE JEAN)",,,Nuit avec éclairage allumé,En agglomération,Intersection en T,Temps couvert,Deux véhicules - côté,,,,,,,,,,,5,2,3,8,3
200800066559,0008-11-27 11:55:00,8,11,27,11,55,30,310,"0, HARPET (RUE)",,,Plein jour,En agglomération,Intersection en T,Normale,Autre collision,,,,,,,,,,,1,2,3,1,6
200800066560,0008-11-17 14:20:00,8,11,17,14,20,40,70,BARLES (ROUTE DE),,,Plein jour,Hors agglomération,Hors intersection,Normale,Deux véhicules - frontale,,,,,,,,,,,1,1,1,1,1
200800066561,0008-11-10 21:30:00,8,11,10,21,30,50,23,FORGUES (AVENUE DU PROF.,,,Nuit sans éclairage public,En agglomération,Hors intersection,Normale,Autre collision,,,,,,,,,,,3,2,1,1,6
200800066562,0008-11-19 11:45:00,8,11,19,11,45,50,23,"22, REPUBLIQUE (AVENUE D",,,Plein jour,En agglomération,Hors intersection,Normale,Deux véhicules - côté,,,,,,,,,,,1,2,1,1,3
200800066563,0008-11-09 03:40:00,8,11,9,3,40,50,61,RN 94,,,Nuit avec éclairage allumé,En agglomération,Hors intersection,Normale,Autre collision,,,,,,,,,,,5,2,1,1,6
200800066564,0008-11-09 13:21:00,8,11,9,13,21,50,61,RN 94,,,Plein jour,Hors agglomération,Hors intersection,Normale,Deux véhicules - frontale,,,,,,,,,,,1,1,1,1,1
200800066565,0008-11-01 16:05:00,8,11,1,16,5,60,4,"5/7, SABLES CH.ET ALLEE",,,Plein jour,En agglomération,Hors intersection,Normale,Deux véhicules - côté,,,,,,,,,,,1,2,1,1,3
200800066566,0008-11-09 15:05:00,8,11,9,15,5,60,155,"11, TAPIS VERT AV.DU",,,Plein jour,En agglomération,Intersection en T,Normale,Deux véhicules - côté,,,,,,,,,,,1,2,3,1,3
200800066567,0008-11-11 16:05:00,8,11,11,16,5,60,4,"72, NICE(RN.7) AV.ET RTE",,,Plein jour,En agglomération,Hors intersection,Normale,Deux véhicules - frontale,,,,,,,,,,,1,2,1,1,1
200800066568,0008-11-12 17:40:00,8,11,12,17,40,60,155,"2791, SAINT BERNARD CH.",,,Nuit avec éclairage allumé,Hors agglomération,Hors intersection,Normale,Deux véhicules - arrière,,,,,,,,,,,5,1,1,1,2
200800066569,0008-11-16 09:46:00,8,11,16,9,46,60,4,LITTORAL(BDM APRES BIJOU,,,Plein jour,Hors agglomération,Hors intersection,Normale,Deux véhicules - frontale,,,,,,,,,,,1,1,1,1,1
200800066570,0008-11-16 14:10:00,8,11,16,14,10,60,155,"83, LIBERTE AV.DE LA",,,Plein jour,En agglomération,Hors intersection,Normale,Autre collision,,,,,,,,,,,1,2,1,1,6
200800066571,0008-11-17 18:25:00,8,11,17,18,25,60,4,"451, SAINT MAYMES CH.DE",,,Nuit avec éclairage allumé,En agglomération,Hors intersection,Normale,Trois véhicules et plus - en chaîne,,,,,,,,,,,5,2,1,1,4
200800066572,0008-11-18 19:38:00,8,11,18,19,38,60,4,"107, GREC AV.JULES",,,Nuit avec éclairage allumé,En agglomération,Hors intersection,Normale,Autre collision,,,,,,,,,,,5,2,1,1,6
200800066573,0008-11-20 16:45:00,8,11,20,16,45,60,155,ROUSTAN AV.ET BD DES FRE,,,Plein jour,En agglomération,Hors intersection,Normale,Deux véhicules - frontale,,,,,,,,,,,1,2,1,1,1
200800066574,0008-11-22 18:00:00,8,11,22,18,0,60,4,SAINT CLAUDE CH.DE,,,Nuit avec éclairage allumé,En agglomération,Hors intersection,Normale,Sans collision,,,,,,,,,,,5,2,1,1,7
200800066575,0008-11-28 17:04:00,8,11,28,17,4,60,4,SAINT CLAUDE CH.DE,,,Nuit avec éclairage allumé,En agglomération,Intersection en T,Normale,Deux véhicules - côté,,,,,,,,,,,5,2,3,1,3
200800066576,0008-11-02 18:00:00,8,11,2,18,0,60,27,"14, NICE AVENUE DE (RN7)",,,Nuit avec éclairage allumé,En agglomération,Intersection en X,Normale,Deux véhicules - côté,,,,,,,,,,,5,2,2,1,3
200800066577,0008-11-03 11:55:00,8,11,3,11,55,60,27,VAL FLEURI CHEMIN DU,,,Plein jour,En agglomération,Intersection en T,Pluie légère,Deux véhicules - côté,,,,,,,,,,,1,2,3,2,3
200800066578,0008-11-03 16:20:00,8,11,3,16,20,60,27,"116, PLAGE BOULEVARD DE",,,Plein jour,En agglomération,Hors intersection,Pluie légère,Deux véhicules - arrière,,,,,,,,,,,1,2,1,2,2
200800066579,0008-11-04 18:30:00,8,11,4,18,30,60,123,"557, LIBERATION AVENUE D",,,Nuit avec éclairage allumé,En agglomération,Hors intersection,Normale,Autre collision,,,,,,,,,,,5,2,1,1,6
200800066580,0008-11-05 09:50:00,8,11,5,9,50,60,27,"13, ST LAURENT CHEMIN DE",,,Plein jour,En agglomération,Hors intersection,Pluie légère,Deux véhicules - côté,,,,,,,,,,,1,2,1,2,3
200800066581,0008-11-05 17:00:00,8,11,5,17,0,60,123,"613, LIBERATION AVENUE D",,,Plein jour,En agglomération,Hors intersection,Pluie légère,Autre collision,,,,,,,,,,,1,2,1,2,6
200800066582,0008-11-05 19:00:00,8,11,5,19,0,60,27,"85, NICE AVENUE DE (RN7)",,,Nuit avec éclairage allumé,En agglomération,Intersection en T,Normale,Deux véhicules - côté,,,,,,,,,,,5,2,3,1,3
200800066583,0008-11-06 16:50:00,8,11,6,16,50,60,27,"53, GRASSE AVENUE DE",,,Crépuscule ou aube,En agglomération,Hors intersection,Pluie forte,Deux véhicules - côté,,,,,,,,,,,2,2,1,3,3
200800066584,0008-11-07 15:45:00,8,11,7,15,45,60,27,JUIN BOULEVARD MARECHAL,,,Plein jour,En agglomération,Intersection en X,Normale,Deux véhicules - côté,,,,,,,,,,,1,2,2,1,3
200800066585,0008-11-07 18:10:00,8,11,7,18,10,60,27,NICE AVENUE DE (RN7),,,Nuit avec éclairage allumé,En agglomération,Intersection en T,Normale,Deux véhicules - côté,,,,,,,,,,,5,2,3,1,3
200800066586,0008-11-10 07:55:00,8,11,10,7,55,60,27,COLLINES CHEMIN DES,,,Plein jour,En agglomération,Intersection en T,Normale,Deux véhicules - côté,,,,,,,,,,,1,2,3,1,3
200800066587,0008-11-12 21:50:00,8,11,12,21,50,60,123,MAICON PROMENADE,,,Nuit avec éclairage allumé,En agglomération,Giratoire,Normale,Deux véhicules - arrière,,,,,,,,,,,5,2,6,1,2
200800066588,0008-11-14 07:55:00,8,11,14,7,55,60,27,"24, LECLERCAVENUE GENERA",,,Plein jour,En agglomération,Hors intersection,Normale,Autre collision,,,,,,,,,,,1,2,1,1,6
200800066589,0008-11-14 16:40:00,8,11,14,16,40,60,123,"220, CURIE PIERRE ET MAR",,,Plein jour,En agglomération,Hors intersection,Normale,Trois véhicules et plus - collisions multiples,,,,,,,,,,,1,2,1,1,5
200800066590,0008-11-15 13:30:00,8,11,15,13,30,60,27,"21, GRASSE AVENUE DE",,,Plein jour,En agglomération,Intersection en T,Normale,Deux véhicules - côté,,,,,,,,,,,1,2,3,1,3
200800066591,0008-11-18 22:55:00,8,11,18,22,55,60,27,TUILIERES AVENUE DES,,,Nuit avec éclairage allumé,En agglomération,Intersection en X,Normale,Deux véhicules - côté,,,,,,,,,,,5,2,2,1,3
200800066592,0008-11-20 10:15:00,8,11,20,10,15,60,27,BESSET AVENUE CYRILLE,,,Plein jour,En agglomération,Intersection en X,Normale,Deux véhicules - côté,,,,,,,,,,,1,2,2,1,3
200800066593,0008-11-21 07:50:00,8,11,21,7,50,60,27,"60, NICE AVENUE DE (RN7)",,,Plein jour,En agglomération,Hors intersection,Normale,Deux véhicules - côté,,,,,,,,,,,1,2,1,1,3
200800066594,0008-11-21 14:30:00,8,11,21,14,30,60,123,"81, DECAROLI THOMAS AVEN",,,Plein jour,En agglomération,Hors intersection,Normale,Autre collision,,,,,,,,,,,1,2,1,1,6
200800066595,0008-11-22 07:15:00,8,11,22,7,15,60,27,JUIN BOULEVARD MARECHAL,,,Crépuscule ou aube,En agglomération,Intersection en X,Normale,Deux véhicules - côté,,,,,,,,,,,2,2,2,1,3
200800066596,0008-11-23 11:30:00,8,11,23,11,30,60,27,NICE AVENUE DE (RN7),,,Plein jour,En agglomération,Intersection en T,Normale,Deux véhicules - côté,,,,,,,,,,,1,2,3,1,3
200800066597,0008-11-23 14:00:00,8,11,23,14,0,60,27,"87, GAUDE AVENUE DE LA",,,Plein jour,Hors agglomération,Hors intersection,Normale,Deux véhicules - côté,,,,,,,,,,,1,1,1,1,3
200800066598,0008-11-24 08:15:00,8,11,24,8,15,60,27,PAGNOL AVENUE MARCEL,,,Plein jour,En agglomération,Hors intersection,Temps couvert,Deux véhicules - frontale,,,,,,,,,,,1,2,1,8,1
200800066599,0008-11-25 11:00:00,8,11,25,11,0,60,27,KENNEDY BOULEVARD J.F.,,,Plein jour,En agglomération,Hors intersection,Normale,Deux véhicules - arrière,,,,,,,,,,,1,2,1,1,2
200800066600,0008-11-26 11:40:00,8,11,26,11,40,60,123,SAUVAIGO PIERRE AVENUE,,,Plein jour,En agglomération,Hors intersection,Normale,Autre collision,,,,,,,,,,,1,2,1,1,6
200800066601,0008-11-26 13:30:00,8,11,26,13,30,60,123,"652, VESPINS ROUTE DES",,,Plein jour,En agglomération,Hors intersection,Normale,Deux véhicules - arrière,,,,,,,,,,,1,2,1,1,2
200800066602,0008-11-27 17:20:00,8,11,27,17,20,60,123,PECHEURS ALLEE DES,,,Plein jour,En agglomération,Hors intersection,Normale,Deux véhicules - côté,,,,,,,,,,,1,2,1,1,3
200800066603,0008-11-29 20:25:00,8,11,29,20,25,60,27,"51, PLAGE BOULEVARD DE L",,,Nuit avec éclairage allumé,En agglomération,Hors intersection,Pluie forte,Autre collision,,,,,,,,,,,5,2,1,3,6
200800066604,0008-11-03 16:15:00,8,11,3,16,15,60,30,"68, ROOSEVELT (AVENUE FR",,,Plein jour,En agglomération,Hors intersection,Pluie forte,Deux véhicules - arrière,,,,,,,,,,,1,2,1,3,2
200800066605,0008-11-06 19:50:00,8,11,6,19,50,60,29,JOURDAN (AVENUE MICHEL),,,Crépuscule ou aube,En agglomération,Hors intersection,Normale,Deux véhicules - côté,,,,,,,,,,,2,2,1,1,3
200800066606,0008-11-02 04:30:00,8,11,2,4,30,60,30,FOCH (PLACE MARECHAL),,,Plein jour,En agglomération,Hors intersection,Normale,Autre collision,,,,,,,,,,,1,2,1,1,6
200800066607,0008-11-12 18:20:00,8,11,12,18,20,60,30,CAMPON (RUE,,,Nuit avec éclairage allumé,En agglomération,Hors intersection,Normale,Trois véhicules et plus - collisions multiples,,,,,,,,,,,5,2,1,1,5
200800066608,0008-11-21 07:30:00,8,11,21,7,30,60,29,TONNER (AVENUE FRANCIS),,,Crépuscule ou aube,En agglomération,Hors intersection,Normale,Deux véhicules - côté,,,,,,,,,,,2,2,1,1,3
200800066609,0008-11-26 16:54:00,8,11,26,16,54,60,29,CARNOT (BOULEVARD),,,Plein jour,En agglomération,Hors intersection,Normale,Deux véhicules - côté,,,,,,,,,,,1,2,1,1,3
200800066610,0008-11-27 09:04:00,8,11,27,9,4,60,29,MIDI (BOULEVARD DU),,,Plein jour,En agglomération,Hors intersection,Pluie légère,Deux véhicules - côté,,,,,,,,,,,1,2,1,2,3
200800066611,0008-11-27 10:05:00,8,11,27,10,5,60,29,TONNER (AVENUE FRANCIS),,,Plein jour,En agglomération,Hors intersection,Normale,Deux véhicules - côté,,,,,,,,,,,1,2,1,1,3
200800066612,0008-11-28 07:53:00,8,11,28,7,53,60,29,"19, REPUBLIQUE (BOULEVAR",,,Crépuscule ou aube,En agglomération,Hors intersection,Normale,Sans collision,,,,,,,,,,,2,2,1,1,7
200800066613,0008-11-26 20:10:00,8,11,26,20,10,60,29,"56, PICAUD (AVENUE DU DO",,,Nuit avec éclairage allumé,En agglomération,Hors intersection,Pluie forte,Deux véhicules - côté,,,,,,,,,,,5,2,1,3,3
200800066614,0008-11-03 22:10:00,8,11,3,22,10,60,69,"x, AURIBEAU (ROUTE D') -",,,Nuit avec éclairage allumé,En agglomération,Hors intersection,Pluie légère,Sans collision,,,,,,,,,,,5,2,1,2,7
200800066615,0008-11-10 20:00:00,8,11,10,20,0,60,69,"x, ROUQUIER (BOULEVARD E",,,Nuit avec éclairage allumé,En agglomération,Hors intersection,Normale,Deux véhicules - côté,,,,,,,,,,,5,2,1,1,3
200800066616,0008-11-12 07:50:00,8,11,12,7,50,60,69,"20, CHENES (CHEMIN DES)",,,Plein jour,En agglomération,Hors intersection,Pluie légère,Deux véhicules - côté,,,,,,,,,,,1,2,1,2,3
200800066617,0008-11-12 08:20:00,8,11,12,8,20,60,69,"9, TASSIGNY (AVENUE DELA",,,Plein jour,En agglomération,Hors intersection,Normale,Deux véhicules - arrière,,,,,,,,,,,1,2,1,1,2
200800066618,0008-11-12 09:00:00,8,11,12,9,0,60,69,"X, SIDI BRAHIM (AVENUE)",,,Plein jour,En agglomération,Hors intersection,Normale,Sans collision,,,,,,,,,,,1,2,1,1,7
200800066619,0008-11-12 11:20:00,8,11,12,11,20,60,69,"28, CANNES (ROUTE DE)  -",,,Plein jour,En agglomération,Hors intersection,Normale,Deux véhicules - côté,,,,,,,,,,,1,2,1,1,3
200800066620,0008-11-13 08:45:00,8,11,13,8,45,60,69,"23, CHEVREFEUILLES (CHEM",,,Plein jour,En agglomération,Hors intersection,Normale,Sans collision,,,,,,,,,,,1,2,1,1,7
200800066621,0008-11-14 08:30:00,8,11,14,8,30,60,69,"43, MARIGARDE (ROUTE DE",,,Plein jour,En agglomération,Hors intersection,Normale,Deux véhicules - côté,,,,,,,,,,,1,2,1,1,3
200800066622,0008-11-15 18:30:00,8,11,15,18,30,60,69,"140, SIDI BRAHIM (AVENUE",,,Nuit avec éclairage allumé,En agglomération,Hors intersection,Normale,Deux véhicules - arrière,,,,,,,,,,,5,2,1,1,2
200800066623,0008-11-15 20:45:00,8,11,15,20,45,60,69,"80, POMPIDOU (AVENUE GEO",,,Nuit avec éclairage allumé,En agglomération,Hors intersection,Normale,Deux véhicules - frontale,,,,,,,,,,,5,2,1,1,1
200800066624,0008-11-17 09:00:00,8,11,17,9,0,60,69,"X, AURIBEAU (ROUTE D') -",,,Plein jour,En agglomération,Hors intersection,Normale,Sans collision,,,,,,,,,,,1,2,1,1,7
200800066625,0008-11-17 17:25:00,8,11,17,17,25,60,69,"x, LIBERATION (AVENUE DE",,,Nuit avec éclairage allumé,En agglomération,Hors intersection,Normale,Deux véhicules - côté,,,,,,,,,,,5,2,1,1,3
200800066626,0008-11-19 17:00:00,8,11,19,17,0,60,69,"x, HAUTES CHAUVES (CHEMI",,,Plein jour,En agglomération,Hors intersection,Normale,Sans collision,,,,,,,,,,,1,2,1,1,7
200800066627,0008-11-19 17:25:00,8,11,19,17,25,60,69,"116 bis, CANNES (ROUTE D",,,Nuit avec éclairage allumé,En agglomération,Hors intersection,Normale,Deux véhicules - frontale,,,,,,,,,,,5,2,1,1,1
200800066628,0008-11-19 19:30:00,8,11,19,19,30,60,69,"102, DRAGUIGNAN (ROUTE D",,,Nuit avec éclairage allumé,En agglomération,Hors intersection,Normale,Sans collision,,,,,,,,,,,5,2,1,1,7
200800066629,0008-11-23 18:20:00,8,11,23,18,20,60,69,"x, THIERS (AVENUE)",,,Crépuscule ou aube,En agglomération,Hors intersection,Normale,Sans collision,,,,,,,,,,,2,2,1,1,7
200800066630,0008-11-27 16:30:00,8,11,27,16,30,60,69,"133, BASSES MOULIERES (C",,,Plein jour,En agglomération,Hors intersection,Normale,Deux véhicules - côté,,,,,,,,,,,1,2,1,1,3
200800066631,0008-11-28 15:00:00,8,11,28,15,0,60,69,"4, JEU DE BALLON (BOULEV",,,Plein jour,En agglomération,Hors intersection,Pluie légère,Sans collision,,,,,,,,,,,1,2,1,2,7
200800066632,0008-11-29 11:15:00,8,11,29,11,15,60,69,"11, ORMEAUX (ALLEE DES)",,,Plein jour,En agglomération,Hors intersection,Pluie légère,Sans collision,,,,,,,,,,,1,2,1,2,7
200800066633,0008-11-29 12:30:00,8,11,29,12,30,60,69,"x, SEMARD (AVENUE PIERRE",,,Plein jour,En agglomération,Hors intersection,Normale,Deux véhicules - arrière,,,,,,,,,,,1,2,1,1,2
200800066634,0008-11-07 16:00:00,8,11,7,16,0,60,104,AUTOROUTE (BRETELLE D'AC,,,Plein jour,En agglomération,Intersection à plus de 4 branches,Normale,Deux véhicules - côté,,,,,,,,,,,1,2,5,1,3
200800066635,0008-11-16 21:03:00,8,11,16,21,3,60,104,AGERBOL (AVENUE D'),,,Nuit avec éclairage allumé,En agglomération,Hors intersection,Normale,Deux véhicules - frontale,,,,,,,,,,,5,2,1,1,1
200800066636,0008-11-26 14:15:00,8,11,26,14,15,60,83,"57 bis, GORBIO (ROUTE DE",,,Plein jour,En agglomération,Hors intersection,Normale,Deux véhicules - côté,,,,,,,,,,,1,2,1,1,3
200800066637,0008-11-29 04:40:00,8,11,29,4,40,60,104,"26, DOUMER (AVENUE PAUL)",,,Nuit avec éclairage allumé,En agglomération,Hors intersection,Normale,Autre collision,,,,,,,,,,,5,2,1,1,6
200800066638,0008-11-28 07:35:00,8,11,28,7,35,60,104,"139, VERDUN (AVENUE DE,",,,Plein jour,En agglomération,Hors intersection,Vent fort / tempête,Deux véhicules - côté,,,,,,,,,,,1,2,1,6,3
200800066639,0008-11-01 15:35:00,8,11,1,15,35,60,88,"0, RD 6202",,,Plein jour,En agglomération,Hors intersection,Normale,Deux véhicules - arrière,,,,,,,,,,,1,2,1,1,2
200800066640,0008-11-01 16:00:00,8,11,1,16,0,60,88,"177, ANGLAIS (DU N° 114",,,Nuit avec éclairage non allumé,En agglomération,Hors intersection,Normale,Sans collision,,,,,,,,,,,4,2,1,1,7
200800066641,0008-11-02 02:30:00,8,11,2,2,30,60,88,"0, ETATS UNIS (QUAI DES)",,,Nuit avec éclairage allumé,Hors agglomération,Hors intersection,Normale,Autre collision,,,,,,,,,,,5,1,1,1,6
200800066642,0008-11-02 09:45:00,8,11,2,9,45,60,88,"0, GARIGLIANO (PONTS)",,,Plein jour,En agglomération,Hors intersection,Normale,Deux véhicules - côté,,,,,,,,,,,1,2,1,1,3
200800066643,0008-11-02 15:25:00,8,11,2,15,25,60,88,"0, SAINT-JEAN BAPTISTE (",,,Plein jour,En agglomération,Hors intersection,Pluie légère,Deux véhicules - arrière,,,,,,,,,,,1,2,1,2,2
200800066644,0008-11-02 16:00:00,8,11,2,16,0,60,88,"73, PESSICART (JUSQU'AU",,,Plein jour,En agglomération,Hors intersection,Pluie légère,Sans collision,,,,,,,,,,,1,2,1,2,7
200800066645,0008-11-03 08:00:00,8,11,3,8,0,60,88,"0, FAURE (AV. FELIX)",,,Plein jour,En agglomération,Hors intersection,Pluie forte,Trois véhicules et plus - collisions multiples,,,,,,,,,,,1,2,1,3,5
200800066646,0008-11-03 12:28:00,8,11,3,12,28,60,88,"0, BOREA (RUE GUILLAUME)",,,Plein jour,En agglomération,Giratoire,Pluie légère,Sans collision,,,,,,,,,,,1,2,6,2,7
200800066647,0008-11-03 13:25:00,8,11,3,13,25,60,88,"267, ANGLAIS PLAGE (DU 2",,,Plein jour,En agglomération,Hors intersection,Normale,Trois véhicules et plus - en chaîne,,,,,,,,,,,1,2,1,1,4
200800066648,0008-11-03 14:55:00,8,11,3,14,55,60,88,"0, SAINT-LAMBERT (AV.) (",,,Plein jour,En agglomération,Intersection en X,Normale,Deux véhicules - côté,,,,,,,,,,,1,2,2,1,3
200800066649,0008-11-03 19:50:00,8,11,3,19,50,60,88,"134, FRANCE (R. DE) A PA",,,Nuit avec éclairage allumé,En agglomération,Hors intersection,Pluie légère,Autre collision,,,,,,,,,,,5,2,1,2,6
200800066650,0008-11-04 12:10:00,8,11,4,12,10,60,88,"18, MUSSET (AV. ALFRED D",,,Plein jour,En agglomération,Hors intersection,Pluie légère,Autre collision,,,,,,,,,,,1,2,1,2,6
200800066651,0008-11-06 07:05:00,8,11,6,7,5,60,88,"0, GUBERNATIS (R.)",,,Crépuscule ou aube,En agglomération,Intersection en X,Pluie forte,Deux véhicules - côté,,,,,,,,,,,2,2,2,3,3
200800066652,0008-11-06 08:20:00,8,11,6,8,20,60,88,"0, BARBERIS (RUE)",,,Nuit avec éclairage non allumé,En agglomération,Intersection en X,Normale,Deux véhicules - côté,,,,,,,,,,,4,2,2,1,3
200800066653,0008-11-06 09:00:00,8,11,6,9,0,60,88,"0, LYAUTEY (AV. DU MAL)",,,Plein jour,En agglomération,Intersection en T,Pluie légère,Deux véhicules - côté,,,,,,,,,,,1,2,3,2,3
200800066654,0008-11-06 13:15:00,8,11,6,13,15,60,88,"0, JAURES (BD JEAN)",,,Plein jour,En agglomération,Hors intersection,Normale,Deux véhicules - côté,,,,,,,,,,,1,2,1,1,3
200800066655,0008-11-06 14:20:00,8,11,6,14,20,60,88,"0, RAYBAUD JOSEPH",,,Plein jour,En agglomération,Hors intersection,Pluie légère,Autre collision,,,,,,,,,,,1,2,1,2,6
200800066656,0008-11-06 18:00:00,8,11,6,18,0,60,88,CALIFORNIE (AV.) (A PART,,,Nuit avec éclairage allumé,En agglomération,Hors intersection,Pluie forte,Autre collision,,,,,,,,,,,5,2,1,3,6
200800066657,0008-11-06 18:01:00,8,11,6,18,1,60,88,"0, PENETRANTE DU PAILLON",,,Crépuscule ou aube,En agglomération,Hors intersection,Pluie forte,Trois véhicules et plus - collisions multiples,,,,,,,,,,,2,2,1,3,5
200800066658,0008-11-06 19:10:00,8,11,6,19,10,60,88,"0, QUAI LUNEL",,,Nuit avec éclairage allumé,En agglomération,Hors intersection,Pluie forte,Deux véhicules - arrière,,,,,,,,,,,5,2,1,3,2
200800066659,0008-11-06 18:00:00,8,11,6,18,0,60,159,"0, MARECHAL FOCH (AVENUE",,,Nuit avec éclairage allumé,En agglomération,Hors intersection,Pluie forte,Autre collision,,,,,,,,,,,5,2,1,3,6
200800066660,0008-11-07 09:00:00,8,11,7,9,0,60,88,"0, ANGLAIS (DU N° 114 AU",,,Plein jour,En agglomération,Hors intersection,Normale,Autre collision,,,,,,,,,,,1,2,1,1,6
200800066661,0008-11-07 12:15:00,8,11,7,12,15,60,88,"50, MATISSE (AV. HENRI)",,,Plein jour,En agglomération,Hors intersection,Normale,Autre collision,,,,,,,,,,,1,2,1,1,6
200800066662,0008-11-07 22:15:00,8,11,7,22,15,60,88,"0, FALICON (BD COMTE DE)",,,Nuit avec éclairage allumé,En agglomération,Hors intersection,Normale,Autre collision,,,,,,,,,,,5,2,1,1,6
200800066663,0008-11-08 02:30:00,8,11,8,2,30,60,88,"0, FLEURS (AV. DES)",,,Nuit avec éclairage non allumé,En agglomération,Intersection en X,Normale,Deux véhicules - côté,,,,,,,,,,,4,2,2,1,3
200800066664,0008-11-08 10:40:00,8,11,8,10,40,60,88,"22, FRANCE (R. DE) DU N°",,,Plein jour,En agglomération,Hors intersection,Normale,Autre collision,,,,,,,,,,,1,2,1,1,6
200800066665,0008-11-08 22:30:00,8,11,8,22,30,60,88,"16 bis, VERANY (BD J.B.)",,,Nuit avec éclairage allumé,En agglomération,Hors intersection,Normale,Autre collision,,,,,,,,,,,5,2,1,1,6
200800066666,0008-11-09 00:30:00,8,11,9,0,30,60,88,"03, ANGLAIS PLAGE (N°1 A",,,Nuit avec éclairage allumé,En agglomération,Hors intersection,Normale,Autre collision,,,,,,,,,,,5,2,1,1,6
200800066667,0008-11-10 06:45:00,8,11,10,6,45,60,88,GRIMALDI (PL.),,,Nuit avec éclairage allumé,En agglomération,Intersection en X,Autre,Deux véhicules - côté,,,,,,,,,,,5,2,2,9,3
200800066668,0008-11-10 13:15:00,8,11,10,13,15,60,88,"18, CIMIEZ (BD) A PARTIR",,,Plein jour,En agglomération,Hors intersection,Normale,Deux véhicules - frontale,,,,,,,,,,,1,2,1,1,1
200800066669,0008-11-10 16:10:00,8,11,10,16,10,60,88,"0, DELFINO (BD GENERAL)",,,Plein jour,En agglomération,Hors intersection,Normale,Sans collision,,,,,,,,,,,1,2,1,1,7
200800066670,0008-11-10 17:00:00,8,11,10,17,0,60,88,"0, DESAMBROIS (AV.)",,,Plein jour,En agglomération,Hors intersection,Normale,Deux véhicules - côté,,,,,,,,,,,1,2,1,1,3
200800066671,0008-11-11 14:05:00,8,11,11,14,5,60,88,"0, TURIN (RTE DE)",,,Plein jour,En agglomération,Hors intersection,Normale,Deux véhicules - côté,,,,,,,,,,,1,2,1,1,3
200800066672,0008-11-11 16:55:00,8,11,11,16,55,60,88,"0, PASSY (R. FREDERIC)",,,Plein jour,Hors agglomération,Intersection en X,Normale,Trois véhicules et plus - en chaîne,,,,,,,,,,,1,1,2,1,4
200800066673,0008-11-11 18:00:00,8,11,11,18,0,60,88,"10, TZAREWITCH (BD DU)",,,Nuit avec éclairage allumé,En agglomération,Intersection en T,Normale,Trois véhicules et plus - collisions multiples,,,,,,,,,,,5,2,3,1,5
200800066674,0008-11-12 07:35:00,8,11,12,7,35,60,88,"55, ANGLAIS PLAGE(DU 45",,,Plein jour,En agglomération,Hors intersection,Normale,Trois véhicules et plus - collisions multiples,,,,,,,,,,,1,2,1,1,5
200800066675,0008-11-12 16:45:00,8,11,12,16,45,60,88,"0, VOIE RAPIDE",,,Plein jour,En agglomération,Hors intersection,Normale,Deux véhicules - arrière,,,,,,,,,,,1,2,1,1,2
200800066676,0008-11-12 17:15:00,8,11,12,17,15,60,88,"100, CIMIEZ (BD) A PARTI",,,Nuit avec éclairage allumé,En agglomération,Intersection en T,Normale,Deux véhicules - côté,,,,,,,,,,,5,2,3,1,3
200800066677,0008-11-12 18:15:00,8,11,12,18,15,60,88,"72 bis, ARENES DE CIMIEZ",,,Nuit avec éclairage allumé,Hors agglomération,Hors intersection,Temps couvert,Autre collision,,,,,,,,,,,5,1,1,8,6
200800066678,0008-11-12 22:15:00,8,11,12,22,15,60,88,"0, GOUNOD (RUE)",,,Nuit avec éclairage allumé,En agglomération,Intersection en X,Normale,Deux véhicules - côté,,,,,,,,,,,5,2,2,1,3
200800066679,0008-11-13 08:45:00,8,11,13,8,45,60,159,"408, GEORGES CLEMENCEAU",,,Plein jour,Hors agglomération,Hors intersection,Normale,Deux véhicules - côté,,,,,,,,,,,1,1,1,1,3
200800066680,0008-11-13 19:30:00,8,11,13,19,30,60,88,"7, RAUBA-CAPEU (QUAI)",,,Nuit avec éclairage allumé,En agglomération,Hors intersection,Normale,Deux véhicules - frontale,,,,,,,,,,,5,2,1,1,1
200800066681,0008-11-14 06:45:00,8,11,14,6,45,60,88,"0, RAUBA-CAPEU (QUAI)",,,Crépuscule ou aube,En agglomération,Hors intersection,Normale,Autre collision,,,,,,,,,,,2,2,1,1,6
200800066682,0008-11-14 14:30:00,8,11,14,14,30,60,88,"131, SAINT-LAMBERT (AV.)",,,Plein jour,En agglomération,Hors intersection,Normale,Autre collision,,,,,,,,,,,1,2,1,1,6
200800066683,0008-11-14 23:30:00,8,11,14,23,30,60,88,"108, CESSOLE (BD DE) (A",,,Nuit avec éclairage allumé,En agglomération,Hors intersection,Normale,Deux véhicules - côté,,,,,,,,,,,5,2,1,1,3
200800066684,0008-11-15 01:35:00,8,11,15,1,35,60,88,"0, TURIN (RTE DE)",,,Nuit avec éclairage allumé,En agglomération,Hors intersection,Normale,Autre collision,,,,,,,,,,,5,2,1,1,6