accident_id,datetime,annee,mois,jour,heure,minute,departement,commune_insee,adresse,latitude,longitude,luminosite,agglomeration,intersection,meteo,collision,nb_vehicules,nb_usagers,nb_indemnes,nb_tues,nb_blesses_hosp,nb_blesses_legers,age_cond_1,age_cond_2,veh_type_cond_1,veh_type_cond_2,lum_code,agg_code,int_code,atm_code,col_code
200800066815,0008-11-14 15:30:00,8,11,14,15,30,130,4,R.D.83 ROUTE D'EYGUIERES,,,Plein jour,Hors agglomération,Intersection en T,Normale,Deux véhicules - côté,,,,,,,,,,,1,1,3,1,3
200800066816,0008-11-15 14:05:00,8,11,15,14,5,130,4,FONTVIEILLE ROUTE DE,,,Plein jour,Hors agglomération,Giratoire,Normale,Autre collision,,,,,,,,,,,1,1,6,1,6
200800066817,0008-11-28 12:00:00,8,11,28,12,0,130,4,"53, STALINGRAD AVENUE DE",,,Plein jour,En agglomération,Hors intersection,Pluie légère,Autre collision,,,,,,,,,,,1,2,1,2,6
200800066818,0008-11-08 07:20:00,8,11,8,7,20,130,5,RN 396 (ROUTE NATIONALE),,,Plein jour,Hors agglomération,Giratoire,Normale,Deux véhicules - arrière,,,,,,,,,,,1,1,6,1,2
200800066819,0008-11-13 12:55:00,8,11,13,12,55,130,5,"792, FLEURIDE (AVENUE DE",,,Plein jour,Hors agglomération,Hors intersection,Normale,Deux véhicules - côté,,,,,,,,,,,1,1,1,1,3
200800066820,0008-11-20 12:50:00,8,11,20,12,50,130,5,"470, SAINT JEAN DE GARGU",,,Plein jour,Hors agglomération,Hors intersection,Normale,Sans collision,,,,,,,,,,,1,1,1,1,7
200800066821,0008-11-09 16:45:00,8,11,9,16,45,130,28,SAINT JEAN (AVENUE DE),,,Plein jour,En agglomération,Intersection en T,Normale,Autre collision,,,,,,,,,,,1,2,3,1,6
200800066822,0008-11-08 23:05:00,8,11,8,23,5,130,98,D.5,,,Nuit sans éclairage public,Hors agglomération,Autre intersection,Normale,Sans collision,,,,,,,,,,,3,1,9,1,7
200800066823,0008-11-06 08:33:00,8,11,6,8,33,130,47,JEAN JACQUES PRAT BOULEV,,,Plein jour,Hors agglomération,Hors intersection,Normale,Sans collision,,,,,,,,,,,1,1,1,1,7
200800066824,0008-11-18 00:53:00,8,11,18,0,53,130,98,D.5,,,Nuit sans éclairage public,Hors agglomération,Giratoire,Normale,Sans collision,,,,,,,,,,,3,1,6,1,7
200800066825,0008-11-20 16:00:00,8,11,20,16,0,130,63,ALBERT CAMUS  RUE,,,Plein jour,Hors agglomération,Autre intersection,Normale,Sans collision,,,,,,,,,,,1,1,9,1,7
200800066826,0008-11-20 18:00:00,8,11,20,18,0,130,47,BORD DE VOIE OUEST  CHEM,,,Nuit avec éclairage non allumé,Hors agglomération,Intersection en T,Normale,Deux véhicules - côté,,,,,,,,,,,4,1,3,1,3
200800066827,0008-11-21 03:45:00,8,11,21,3,45,130,63,D.16,,,Nuit sans éclairage public,Hors agglomération,Hors intersection,Normale,Deux véhicules - côté,,,,,,,,,,,3,1,1,1,3
200800066828,0008-11-15 05:25:00,8,11,15,5,25,130,98,D.50Z,,,Nuit sans éclairage public,Hors agglomération,Hors intersection,Normale,Sans collision,,,,,,,,,,,3,1,1,1,7
200800066829,0008-11-11 12:40:00,8,11,11,12,40,130,47,"., PIBOULES ALLE DES",,,Plein jour,En agglomération,Hors intersection,Normale,Sans collision,,,,,,,,,,,1,2,1,1,7
200800066830,0008-11-19 17:50:00,8,11,19,17,50,130,63,JEAN MOULIN AVENUE,,,Crépuscule ou aube,Hors agglomération,Intersection en T,Normale,Deux véhicules - côté,,,,,,,,,,,2,1,3,1,3
200800066831,0008-11-02 13:00:00,8,11,2,13,0,130,54,COMBATTANT A.F.N.,,,Plein jour,Hors agglomération,Autre intersection,Normale,Deux véhicules - arrière,,,,,,,,,,,1,1,9,1,2
200800066832,0008-11-06 14:05:00,8,11,6,14,5,130,43,FRANCOIS MITTERAND  AVEN,,,Plein jour,Hors agglomération,Intersection en T,Normale,Deux véhicules - frontale,,,,,,,,,,,1,1,3,1,1
200800066833,0008-11-13 08:30:00,8,11,13,8,30,130,54,LACANAU  AVENUE DE,,,Plein jour,En agglomération,Intersection en T,Normale,Deux véhicules - côté,,,,,,,,,,,1,2,3,1,3
200800066834,0008-11-13 13:10:00,8,11,13,13,10,130,102,RAUMARTIN  AVENUE DU,,,Plein jour,En agglomération,Hors intersection,Normale,Deux véhicules - frontale,,,,,,,,,,,1,2,1,1,1
200800066835,0008-11-13 18:45:00,8,11,13,18,45,130,43,ROUTE NATIONALE 368,,,Nuit sans éclairage public,En agglomération,Hors intersection,Normale,Trois véhicules et plus - en chaîne,,,,,,,,,,,3,2,1,1,4
200800066836,0008-11-14 09:40:00,8,11,14,9,40,130,54,SAINT PIERRE  CHE DE,,,Plein jour,En agglomération,Hors intersection,Normale,Autre collision,,,,,,,,,,,1,2,1,1,6
200800066837,0008-11-19 15:30:00,8,11,19,15,30,130,54,SCHWEITZER  AVENUE DU,,,Plein jour,En agglomération,Intersection en X,Normale,Deux véhicules - frontale,,,,,,,,,,,1,2,2,1,1
200800066838,0008-11-28 10:00:00,8,11,28,10,0,130,55,"93, SAKAKINI (BOULEVARD)",,,Plein jour,En agglomération,Hors intersection,Normale,Autre collision,,,,,,,,,,,1,2,1,1,6
200800066839,0008-11-29 12:10:00,8,11,29,12,10,130,55,"66, L ARMEE D AFRIQUE (C",,,Plein jour,En agglomération,Hors intersection,Normale,Deux véhicules - côté,,,,,,,,,,,1,2,1,1,3
200800066840,0008-11-25 12:20:00,8,11,25,12,20,130,55,"32, EMILE DUCLAUX (RUE)",,,Plein jour,En agglomération,Intersection en X,Normale,Deux véhicules - côté,,,,,,,,,,,1,2,2,1,3
200800066841,0008-11-25 18:00:00,8,11,25,18,0,130,55,"16, STANISLAS TORRENTS (",,,Nuit avec éclairage allumé,En agglomération,Intersection en X,Normale,Deux véhicules - côté,,,,,,,,,,,5,2,2,1,3
200800066842,0008-11-27 17:00:00,8,11,27,17,0,130,55,"72, SAKAKINI (BOULEVARD)",,,Plein jour,En agglomération,Hors intersection,Normale,Autre collision,,,,,,,,,,,1,2,1,1,6
200800066843,0008-11-24 08:00:00,8,11,24,8,0,130,55,"116, CORDERIE (BOULEVARD",,,Plein jour,En agglomération,Hors intersection,Normale,Autre collision,,,,,,,,,,,1,2,1,1,6
200800066844,0008-11-20 18:00:00,8,11,20,18,0,130,55,"6, PYTHEAS (RUE)",,,Nuit avec éclairage non allumé,En agglomération,Intersection en X,Normale,Deux véhicules - côté,,,,,,,,,,,4,2,2,1,3
200800066845,0008-11-14 17:20:00,8,11,14,17,20,130,55,"60, ALGER (RUE D')",,,Nuit avec éclairage allumé,En agglomération,Intersection en X,Normale,Deux véhicules - arrière,,,,,,,,,,,5,2,2,1,2
200800066846,0008-11-12 13:00:00,8,11,12,13,0,130,55,"01, ARMENY (RUE D')",,,Plein jour,En agglomération,Hors intersection,Pluie légère,Sans collision,,,,,,,,,,,1,2,1,2,7
200800066847,0008-11-17 09:30:00,8,11,17,9,30,130,55,"04, LOUIS MAUREL (RUE)",,,Plein jour,En agglomération,Hors intersection,Normale,Deux véhicules - arrière,,,,,,,,,,,1,2,1,1,2
200800066848,0008-11-25 09:00:00,8,11,25,9,0,130,55,"18, REPUBLIQUE (RUE DE L",,,Plein jour,En agglomération,Hors intersection,Normale,Autre collision,,,,,,,,,,,1,2,1,1,6
200800066849,0008-11-17 16:00:00,8,11,17,16,0,130,55,"53, PETIT SAINT JEAN (RU",,,Plein jour,En agglomération,Hors intersection,Normale,Deux véhicules - côté,,,,,,,,,,,1,2,1,1,3
200800066850,0008-11-07 19:15:00,8,11,7,19,15,130,55,"164, PLOMBIERES (BOULEVA",,,Nuit avec éclairage allumé,En agglomération,Hors intersection,Normale,Deux véhicules - arrière,,,,,,,,,,,5,2,1,1,2
200800066851,0008-11-30 22:00:00,8,11,30,22,0,130,55,"86, LE CHATELIER",,,Nuit avec éclairage allumé,En agglomération,Intersection en X,Pluie légère,Deux véhicules - côté,,,,,,,,,,,5,2,2,2,3
200800066852,0008-11-14 13:50:00,8,11,14,13,50,130,55,"76, GRAND (RUE)",,,Plein jour,En agglomération,Hors intersection,Normale,Deux véhicules - côté,,,,,,,,,,,1,2,1,1,3
200800066853,0008-11-12 19:45:00,8,11,12,19,45,130,55,"14, ROLAND DORGELES (BOU",,,Nuit avec éclairage allumé,En agglomération,Hors intersection,Normale,Autre collision,,,,,,,,,,,5,2,1,1,6
200800066854,0008-11-07 15:00:00,8,11,7,15,0,130,55,"162, ROME (RUE DE)",,,Plein jour,En agglomération,Hors intersection,Normale,Deux véhicules - côté,,,,,,,,,,,1,2,1,1,3
200800066855,0008-11-21 08:37:00,8,11,21,8,37,130,55,MAX PLANCK (RUE),,,Plein jour,En agglomération,Intersection en T,Normale,Deux véhicules - côté,,,,,,,,,,,1,2,3,1,3
200800066856,0008-11-07 19:45:00,8,11,7,19,45,130,55,MARIE MADELEINE FOURCADE,,,Nuit avec éclairage allumé,En agglomération,Hors intersection,Normale,Autre collision,,,,,,,,,,,5,2,1,1,6
200800066857,0008-11-24 11:00:00,8,11,24,11,0,130,55,"20, PIERRE DOIZE  (RUE)",,,Plein jour,En agglomération,Hors intersection,Normale,Autre collision,,,,,,,,,,,1,2,1,1,6
200800066858,0008-11-22 14:00:00,8,11,22,14,0,130,55,ALBERT CHABANON (RUE),,,Plein jour,En agglomération,Hors intersection,Normale,Deux véhicules - côté,,,,,,,,,,,1,2,1,1,3
200800066859,0008-11-28 21:10:00,8,11,28,21,10,130,55,"29, GASSENDI (BOULEVARD)",,,Nuit avec éclairage allumé,Hors agglomération,Hors intersection,Pluie légère,Sans collision,,,,,,,,,,,5,1,1,2,7
200800066860,0008-11-04 14:00:00,8,11,4,14,0,130,55,"20, JEAN MOULIN (BOULEVA",,,Plein jour,En agglomération,Hors intersection,Pluie légère,Trois véhicules et plus - en chaîne,,,,,,,,,,,1,2,1,2,4
200800066861,0008-11-03 14:20:00,8,11,3,14,20,130,55,"138, DOCTEUR CAUVIN (RUE",,,Plein jour,En agglomération,Hors intersection,Normale,Autre collision,,,,,,,,,,,1,2,1,1,6
200800066862,0008-11-04 18:10:00,8,11,4,18,10,130,55,"36, CHARLES LIVON (BOULE",,,Nuit avec éclairage allumé,En agglomération,Autre intersection,Pluie légère,Deux véhicules - côté,,,,,,,,,,,5,2,9,2,3
200800066863,0008-11-04 18:20:00,8,11,4,18,20,130,55,"00, MONTRICHER (BOULEVAR",,,Nuit avec éclairage allumé,En agglomération,Hors intersection,Pluie forte,Deux véhicules - côté,,,,,,,,,,,5,2,1,3,3
200800066864,0008-11-06 12:00:00,8,11,6,12,0,130,55,"178, SAINT LOUIS (AVENUE",,,Plein jour,En agglomération,Hors intersection,Pluie légère,Trois véhicules et plus - collisions multiples,,,,,,,,,,,1,2,1,2,5
200800066865,0008-11-08 23:40:00,8,11,8,23,40,130,55,"1, MENDES FRANCE (AVENUE",,,Nuit avec éclairage allumé,En agglomération,Hors intersection,Normale,Deux véhicules - côté,,,,,,,,,,,5,2,1,1,3
200800066866,0008-11-09 00:55:00,8,11,9,0,55,130,55,JOSEPH VIDAL (AVENUE),,,Nuit avec éclairage allumé,En agglomération,Intersection en T,Normale,Deux véhicules - arrière,,,,,,,,,,,5,2,3,1,2
200800066867,0008-11-07 19:00:00,8,11,7,19,0,130,55,"19, THÉODORE THURNER (BO",,,Nuit avec éclairage allumé,En agglomération,Hors intersection,Normale,Deux véhicules - frontale,,,,,,,,,,,5,2,1,1,1
200800066868,0008-11-08 17:00:00,8,11,8,17,0,130,55,"09, TROIS LUCS (AVENUE D",,,Plein jour,En agglomération,Hors intersection,Normale,Deux véhicules - côté,,,,,,,,,,,1,2,1,1,3
200800066869,0008-11-08 04:40:00,8,11,8,4,40,130,55,"101, MICHELET (BOULEVARD",,,Nuit avec éclairage allumé,En agglomération,Hors intersection,Normale,Deux véhicules - arrière,,,,,,,,,,,5,2,1,1,2
200800066870,0008-11-09 05:50:00,8,11,9,5,50,130,55,"92/94, LIEUTAUD (COURS)",,,Nuit avec éclairage allumé,En agglomération,Intersection en X,Normale,Autre collision,,,,,,,,,,,5,2,2,1,6
200800066871,0008-11-08 20:00:00,8,11,8,20,0,130,55,"358, LITTORAL (CHEMIN DU",,,Nuit avec éclairage allumé,En agglomération,Hors intersection,Normale,Autre collision,,,,,,,,,,,5,2,1,1,6
200800066872,0008-11-12 11:00:00,8,11,12,11,0,130,55,"33, SAINT LOUIS (AVENUE",,,Plein jour,En agglomération,Hors intersection,Normale,Deux véhicules - côté,,,,,,,,,,,1,2,1,1,3
200800066873,0008-11-10 16:30:00,8,11,10,16,30,130,55,"64, LYON (RUE DE)",,,Plein jour,En agglomération,Hors intersection,Normale,Deux véhicules - côté,,,,,,,,,,,1,2,1,1,3
200800066874,0008-11-07 19:46:00,8,11,7,19,46,130,55,"86, PONT DE VIVAUX (BOUL",,,Crépuscule ou aube,En agglomération,Hors intersection,Normale,Deux véhicules - frontale,,,,,,,,,,,2,2,1,1,1
200800066875,0008-11-05 12:45:00,8,11,5,12,45,130,55,"226, ROGER SALENGRO (AVE",,,Plein jour,En agglomération,Hors intersection,Normale,Deux véhicules - côté,,,,,,,,,,,1,2,1,1,3
200800066876,0008-11-03 09:25:00,8,11,3,9,25,130,55,"526, PARADIS (RUE)",,,Plein jour,En agglomération,Hors intersection,Normale,Deux véhicules - frontale,,,,,,,,,,,1,2,1,1,1
200800066877,0008-11-05 06:55:00,8,11,5,6,55,130,55,"81, AUGUSTIN AUBERT (RUE",,,Crépuscule ou aube,En agglomération,Hors intersection,Normale,Deux véhicules - côté,,,,,,,,,,,2,2,1,1,3
200800066878,0008-11-06 09:20:00,8,11,6,9,20,130,55,"79, WILLIAM BOOTH (AVENU",,,Plein jour,En agglomération,Hors intersection,Temps couvert,Autre collision,,,,,,,,,,,1,2,1,8,6
200800066879,0008-11-11 13:30:00,8,11,11,13,30,130,55,"42, ALPES (BOULEVARD DES",,,Plein jour,En agglomération,Hors intersection,Normale,Sans collision,,,,,,,,,,,1,2,1,1,7
200800066880,0008-11-05 17:45:00,8,11,5,17,45,130,55,"65, MERLAN (AVENUE)",,,Crépuscule ou aube,En agglomération,Hors intersection,Normale,Trois véhicules et plus - en chaîne,,,,,,,,,,,2,2,1,1,4
200800066881,0008-11-07 10:40:00,8,11,7,10,40,130,55,"43, RABATAU (BOULEVARD)",,,Plein jour,En agglomération,Hors intersection,Normale,Deux véhicules - arrière,,,,,,,,,,,1,2,1,1,2
200800066882,0008-11-07 13:40:00,8,11,7,13,40,130,55,"27, MENDES FRANCE (AVENU",,,Plein jour,En agglomération,Giratoire,Normale,Deux véhicules - côté,,,,,,,,,,,1,2,6,1,3
200800066883,0008-11-06 12:15:00,8,11,6,12,15,130,55,"13, LINOTS (RUE)",,,Plein jour,En agglomération,Hors intersection,Pluie légère,Deux véhicules - côté,,,,,,,,,,,1,2,1,2,3
200800066884,0008-11-05 12:05:00,8,11,5,12,5,130,55,"128, MIREILLE LAUZE (BOU",,,Plein jour,En agglomération,Intersection en X,Normale,Deux véhicules - côté,,,,,,,,,,,1,2,2,1,3
200800066885,0008-11-01 18:30:00,8,11,1,18,30,130,55,"48, MARÉCHAL DE LATTRE (",,,Crépuscule ou aube,En agglomération,Hors intersection,Pluie légère,Deux véhicules - arrière,,,,,,,,,,,2,2,1,2,2
200800066886,0008-11-18 19:30:00,8,11,18,19,30,130,55,LOUIS MAZAUDIER (RUE),,,Nuit avec éclairage allumé,En agglomération,Intersection en X,Normale,Deux véhicules - côté,,,,,,,,,,,5,2,2,1,3
200800066887,0008-11-02 12:00:00,8,11,2,12,0,130,55,"13, LAVOISIER (BOULEVARD",,,Plein jour,En agglomération,Hors intersection,Normale,Autre collision,,,,,,,,,,,1,2,1,1,6
200800066888,0008-11-08 10:20:00,8,11,8,10,20,130,55,MERLAN (AVENUE),,,Plein jour,En agglomération,Hors intersection,Normale,Deux véhicules - côté,,,,,,,,,,,1,2,1,1,3
200800066889,0008-11-06 15:45:00,8,11,6,15,45,130,55,"168, MORGIOU (CHEMIN DE)",,,Plein jour,En agglomération,Hors intersection,Autre,Deux véhicules - frontale,,,,,,,,,,,1,2,1,9,1
200800066890,0008-11-06 18:15:00,8,11,6,18,15,130,55,"171, LIBERATEURS (BOULEV",,,Nuit avec éclairage allumé,En agglomération,Hors intersection,Normale,Autre collision,,,,,,,,,,,5,2,1,1,6
200800066891,0008-11-06 14:00:00,8,11,6,14,0,130,55,"152, MARTINE (TRAVERSE L",,,Plein jour,En agglomération,Hors intersection,Normale,Deux véhicules - côté,,,,,,,,,,,1,2,1,1,3
200800066892,0008-11-08 16:30:00,8,11,8,16,30,130,2,ETIENNE CUCCA-CD908 (AVE,,,Plein jour,Hors agglomération,Hors intersection,Normale,Sans collision,,,,,,,,,,,1,1,1,1,7
200800066893,0008-11-09 14:00:00,8,11,9,14,0,130,55,"18, PETIT BOSQUET (AVENU",,,Plein jour,Hors agglomération,Hors intersection,Normale,Deux véhicules - frontale,,,,,,,,,,,1,1,1,1,1
200800066894,0008-11-10 12:00:00,8,11,10,12,0,130,2,ETIENNE CUCCA-CD908 (AVE,,,Plein jour,Hors agglomération,Hors intersection,Normale,Sans collision,,,,,,,,,,,1,1,1,1,7
200800066895,0008-11-09 09:50:00,8,11,9,9,50,130,2,ETIENNE CUCCA-CD908 (AVE,,,Plein jour,Hors agglomération,Hors intersection,Normale,Autre collision,,,,,,,,,,,1,1,1,1,6
200800066896,0008-11-12 11:01:00,8,11,12,11,1,130,55,"33, SAINT LOUIS (AVENUE",,,Plein jour,En agglomération,Hors intersection,Normale,Autre collision,,,,,,,,,,,1,2,1,1,6
200800066897,0008-11-01 14:15:00,8,11,1,14,15,130,55,"139, MADRAGUE VILLE (RUE",,,Plein jour,En agglomération,Hors intersection,Normale,Deux véhicules - arrière,,,,,,,,,,,1,2,1,1,2
200800066898,0008-11-07 08:45:00,8,11,7,8,45,130,55,"28, AIGUILLETTE (RUE DE",,,Plein jour,En agglomération,Hors intersection,Pluie légère,Autre collision,,,,,,,,,,,1,2,1,2,6
200800066899,0008-11-12 07:15:00,8,11,12,7,15,130,55,"75, KADDOUZ (CHEMIN)",,,Crépuscule ou aube,En agglomération,Autre intersection,Pluie légère,Deux véhicules - côté,,,,,,,,,,,2,2,9,2,3
200800066900,0008-11-12 20:15:00,8,11,12,20,15,130,55,"27, SAINT MENET (AVENUE",,,Nuit avec éclairage allumé,En agglomération,Hors intersection,Normale,Deux véhicules - côté,,,,,,,,,,,5,2,1,1,3
200800066901,0008-11-14 09:00:00,8,11,14,9,0,130,2,"02, JEAN GIONO (AVENUE)",,,Plein jour,En agglomération,Hors intersection,Normale,Sans collision,,,,,,,,,,,1,2,1,1,7
200800066902,0008-11-01 01:45:00,8,11,1,1,45,130,55,"04, SAINTE (RUE)",,,Nuit avec éclairage allumé,En agglomération,Intersection en X,Normale,Deux véhicules - côté,,,,,,,,,,,5,2,2,1,3
200800066903,0008-11-01 15:30:00,8,11,1,15,30,130,55,"1, BIR HAKEIM (RUE)",,,Plein jour,En agglomération,Hors intersection,Normale,Autre collision,,,,,,,,,,,1,2,1,1,6
200800066904,0008-11-01 18:20:00,8,11,1,18,20,130,55,"06, SAINTE BARBE (RUE)",,,Nuit avec éclairage allumé,En agglomération,Hors intersection,Normale,Autre collision,,,,,,,,,,,5,2,1,1,6
200800066905,0008-11-16 16:05:00,8,11,16,16,5,130,55,"152, CHATEAU GOMBERT (AV",,,Plein jour,En agglomération,Hors intersection,Normale,Deux véhicules - arrière,,,,,,,,,,,1,2,1,1,2
200800066906,0008-11-18 18:00:00,8,11,18,18,0,130,55,"296, COMTESSE (BOULEVARD",,,Nuit avec éclairage allumé,En agglomération,Hors intersection,Normale,Deux véhicules - arrière,,,,,,,,,,,5,2,1,1,2
200800066907,0008-11-01 20:50:00,8,11,1,20,50,130,55,"102, LIEUTAUD (COURS)",,,Nuit avec éclairage allumé,En agglomération,Hors intersection,Pluie légère,Deux véhicules - arrière,,,,,,,,,,,5,2,1,2,2
200800066908,0008-11-04 21:30:00,8,11,4,21,30,130,55,"29, DRAGON (RUE)",,,Nuit avec éclairage allumé,En agglomération,Intersection en X,Pluie légère,Deux véhicules - côté,,,,,,,,,,,5,2,2,2,3
200800066909,0008-11-01 17:50:00,8,11,1,17,50,130,55,"77, SAKAKINI (BOULEVARD)",,,Nuit avec éclairage allumé,En agglomération,Hors intersection,Normale,Deux véhicules - côté,,,,,,,,,,,5,2,1,1,3
200800066910,0008-11-11 06:20:00,8,11,11,6,20,130,55,"174, PERIER (BOULEVARD)",,,Nuit avec éclairage allumé,En agglomération,Hors intersection,Temps couvert,Autre collision,,,,,,,,,,,5,2,1,8,6
200800066911,0008-11-23 22:55:00,8,11,23,22,55,130,55,PRADO (ROND-POINT),,,Nuit avec éclairage allumé,En agglomération,Giratoire,Pluie légère,Deux véhicules - frontale,,,,,,,,,,,5,2,6,2,1
200800066912,0008-11-22 03:05:00,8,11,22,3,5,130,55,"137, ROME (RUE DE)",,,Nuit avec éclairage allumé,En agglomération,Intersection en X,Normale,Autre collision,,,,,,,,,,,5,2,2,1,6
200800066913,0008-11-24 07:40:00,8,11,24,7,40,130,55,"109, LOUBON (RUE)",,,Plein jour,En agglomération,Hors intersection,Temps couvert,Deux véhicules - arrière,,,,,,,,,,,1,2,1,8,2
200800066914,0008-11-14 12:00:00,8,11,14,12,0,130,55,"3, DUNOYER DE (PLACE)",,,Plein jour,En agglomération,Hors intersection,Normale,Autre collision,,,,,,,,,,,1,2,1,1,6
200800066915,0008-11-23 06:55:00,8,11,23,6,55,130,55,"125, PONT DE VIVAUX (BOU",,,Crépuscule ou aube,En agglomération,Hors intersection,Normale,Autre collision,,,,,,,,,,,2,2,1,1,6
200800066916,0008-11-13 07:50:00,8,11,13,7,50,130,55,"120, GAFFAREL (RUE)",,,Plein jour,En agglomération,Hors intersection,Normale,Sans collision,,,,,,,,,,,1,2,1,1,7
200800066917,0008-11-26 01:15:00,8,11,26,1,15,130,55,"146, SAINTE MARTHE (CHEM",,,Nuit avec éclairage allumé,En agglomération,Hors intersection,Normale,Deux véhicules - arrière,,,,,,,,,,,5,2,1,1,2
200800066918,0008-11-07 18:15:00,8,11,7,18,15,130,55,"36, SAINT MARCEL (BOULEV",,,Nuit avec éclairage allumé,En agglomération,Intersection en T,Normale,Trois véhicules et plus - collisions multiples,,,,,,,,,,,5,2,3,1,5
200800066919,0008-11-10 09:55:00,8,11,10,9,55,130,55,"2, LEI ROURE (RUE)",,,Plein jour,En agglomération,Hors intersection,Normale,Deux véhicules - côté,,,,,,,,,,,1,2,1,1,3
200800066920,0008-11-15 14:25:00,8,11,15,14,25,130,55,"82, DOCTEUR HECKEL (RUE",,,Plein jour,En agglomération,Hors intersection,Normale,Autre collision,,,,,,,,,,,1,2,1,1,6
200800066921,0008-11-07 15:20:00,8,11,7,15,20,130,55,"117, MONTRE (TRAVERSE DE",,,Plein jour,En agglomération,Autre intersection,Normale,Deux véhicules - côté,,,,,,,,,,,1,2,9,1,3
200800066922,0008-11-26 10:30:00,8,11,26,10,30,130,55,"122, SAINT LOUP (BOULEVA",,,Plein jour,En agglomération,Intersection en T,Normale,Deux véhicules - côté,,,,,,,,,,,1,2,3,1,3
200800066923,0008-11-14 12:30:00,8,11,14,12,30,130,55,"546 A, MIRELLE LAUZE (BO",,,Plein jour,En agglomération,Autre intersection,Normale,Deux véhicules - côté,,,,,,,,,,,1,2,9,1,3
200800066924,0008-11-26 21:45:00,8,11,26,21,45,130,55,"8, RAGUSE (CHEMIN DE)",,,Nuit avec éclairage allumé,En agglomération,Hors intersection,Normale,Autre collision,,,,,,,,,,,5,2,1,1,6
200800066925,0008-11-27 20:00:00,8,11,27,20,0,130,55,"121, MAZARGUES (AVENUE D",,,Nuit avec éclairage allumé,En agglomération,Autre intersection,Normale,Deux véhicules - côté,,,,,,,,,,,5,2,9,1,3
200800066926,0008-11-28 05:45:00,8,11,28,5,45,130,55,"103, ENJOLRAS (AVENUE)",,,Nuit avec éclairage allumé,En agglomération,Hors intersection,Pluie légère,Deux véhicules - arrière,,,,,,,,,,,5,2,1,2,2
200800066927,0008-11-16 19:45:00,8,11,16,19,45,130,55,"1, SALVADOR ALLENDE (RUE",,,Nuit avec éclairage allumé,En agglomération,Hors intersection,Normale,Deux véhicules - côté,,,,,,,,,,,5,2,1,1,3
200800066928,0008-11-17 20:20:00,8,11,17,20,20,130,55,"169, SAINTE MARTHE (AVEN",,,Nuit avec éclairage allumé,En agglomération,Giratoire,Normale,Deux véhicules - arrière,,,,,,,,,,,5,2,6,1,2
200800066929,0008-11-22 14:01:00,8,11,22,14,1,130,55,"323, LYON (RUE DE)",,,Plein jour,En agglomération,Hors intersection,Normale,Deux véhicules - côté,,,,,,,,,,,1,2,1,1,3
200800066930,0008-11-28 07:00:00,8,11,28,7,0,130,55,"41, LÉON GAMBETTA (ALLEE",,,Nuit avec éclairage allumé,En agglomération,Hors intersection,Pluie légère,Autre collision,,,,,,,,,,,5,2,1,2,6
200800066931,0008-11-27 13:45:00,8,11,27,13,45,130,55,"11, LIEUTAUD (COURS)",,,Plein jour,En agglomération,Hors intersection,Normale,Deux véhicules - côté,,,,,,,,,,,1,2,1,1,3
200800066932,0008-11-29 00:30:00,8,11,29,0,30,130,55,"84, PRADO (AVENUE DU)",,,Nuit avec éclairage allumé,En agglomération,Intersection en T,Temps couvert,Autre collision,,,,,,,,,,,5,2,3,8,6
200800066933,0008-11-21 12:50:00,8,11,21,12,50,130,55,"43, BARA (BOULEVARD)",,,Plein jour,En agglomération,Hors intersection,Normale,Deux véhicules - frontale,,,,,,,,,,,1,2,1,1,1
200800066934,0008-11-12 15:50:00,8,11,12,15,50,130,55,"12, OLIVES (AVENUE DES)",,,Plein jour,En agglomération,Hors intersection,Normale,Deux véhicules - côté,,,,,,,,,,,1,2,1,1,3
200800066935,0008-11-12 17:20:00,8,11,12,17,20,130,55,"44, CAPITAINE GEZE (BOUL",,,Nuit avec éclairage allumé,En agglomération,Hors intersection,Normale,Deux véhicules - côté,,,,,,,,,,,5,2,1,1,3
200800066936,0008-11-01 16:00:00,8,11,1,16,0,130,55,"21, ROSIERS (TRAVERSE DE",,,Plein jour,Hors agglomération,Hors intersection,Normale,Deux véhicules - côté,,,,,,,,,,,1,1,1,1,3
200800066937,0008-11-18 18:30:00,8,11,18,18,30,130,55,"31, AUDIENCE (RUE DE L')",,,Nuit avec éclairage allumé,En agglomération,Hors intersection,Normale,Autre collision,,,,,,,,,,,5,2,1,1,6
200800066938,0008-11-20 08:35:00,8,11,20,8,35,130,55,"31, SCHLOESING (BOULEVAR",,,Plein jour,En agglomération,Hors intersection,Normale,Deux véhicules - arrière,,,,,,,,,,,1,2,1,1,2
200800066939,0008-11-20 13:10:00,8,11,20,13,10,130,55,"3, BOUIRES (BOULEVARD DE",,,Plein jour,En agglomération,Hors intersection,Normale,Deux véhicules - côté,,,,,,,,,,,1,2,1,1,3
200800066940,0008-11-21 08:25:00,8,11,21,8,25,130,55,"156, SAINT BARNABE (AVEN",,,Plein jour,En agglomération,Hors intersection,Normale,Trois véhicules et plus - en chaîne,,,,,,,,,,,1,2,1,1,4
200800066941,0008-11-12 10:00:00,8,11,12,10,0,130,55,"66, L ARMEE D AFRIQUE (C",,,Plein jour,En agglomération,Hors intersection,Pluie légère,Autre collision,,,,,,,,,,,1,2,1,2,6
200800066942,0008-11-12 13:10:00,8,11,12,13,10,130,55,"26, ALEXANDRE DUMAS (RUE",,,Plein jour,En agglomération,Hors intersection,Pluie légère,Deux véhicules - côté,,,,,,,,,,,1,2,1,2,3
200800066943,0008-11-09 12:45:00,8,11,9,12,45,130,55,"142, RABATAU (BOULEVARD)",,,Plein jour,En agglomération,Intersection en T,Normale,Autre collision,,,,,,,,,,,1,2,3,1,6
200800066944,0008-11-25 11:35:00,8,11,25,11,35,130,55,"68, SAINT MARCEL (BOULEV",,,Plein jour,En agglomération,Hors intersection,Normale,Trois véhicules et plus - en chaîne,,,,,,,,,,,1,2,1,1,4