accident_id,datetime,annee,mois,jour,heure,minute,departement,commune_insee,adresse,latitude,longitude,luminosite,agglomeration,intersection,meteo,collision,nb_vehicules,nb_usagers,nb_indemnes,nb_tues,nb_blesses_hosp,nb_blesses_legers,age_cond_1,age_cond_2,veh_type_cond_1,veh_type_cond_2,lum_code,agg_code,int_code,atm_code,col_code
200800067073,0008-11-18 08:00:00,8,11,18,8,0,140,366,"0, THILLAYE (VOIE COMMUN",,,Crépuscule ou aube,En agglomération,Giratoire,Pluie légère,Deux véhicules - côté,,,,,,,,,,,2,2,6,2,3
200800067074,0008-11-21 11:35:00,8,11,21,11,35,140,366,"2, CAROLINE DUCHEMIN (RU",,,Plein jour,En agglomération,Intersection en X,Pluie légère,Deux véhicules - côté,,,,,,,,,,,1,2,2,2,3
200800067075,0008-11-27 07:15:00,8,11,27,7,15,140,487,R.D 579,,,Nuit sans éclairage public,Hors agglomération,Hors intersection,Temps couvert,Autre collision,,,,,,,,,,,3,1,1,8,6
200800067076,0008-11-29 12:00:00,8,11,29,12,0,140,366,"2, SIX JUIN (AVENUE DU)",,,Plein jour,En agglomération,Hors intersection,Pluie légère,Autre collision,,,,,,,,,,,1,2,1,2,6
200800067077,0008-11-29 12:30:00,8,11,29,12,30,140,366,"25, SIX JUIN (AVENUE DU)",,,Plein jour,En agglomération,Hors intersection,Pluie légère,Autre collision,,,,,,,,,,,1,2,1,2,6
200800067078,0008-11-12 23:30:00,8,11,12,23,30,140,715,GENERAL DE GAULLE (RUE D,,,Nuit avec éclairage allumé,En agglomération,Intersection en T,Normale,Deux véhicules - côté,,,,,,,,,,,5,2,3,1,3
200800067079,0008-11-14 17:05:00,8,11,14,17,5,140,699,"10, DOCTEUR LAINE (RUE D",,,Plein jour,En agglomération,Hors intersection,Pluie légère,Autre collision,,,,,,,,,,,1,2,1,2,6
200800067080,0008-11-07 20:10:00,8,11,7,20,10,150,14,POMPIDOU (AVENUE GEORGES,,,Nuit avec éclairage allumé,En agglomération,Intersection en X,Normale,Deux véhicules - côté,,,,,,,,,,,5,2,2,1,3
200800067081,0008-11-12 18:10:00,8,11,12,18,10,150,14,AMPERE (RUE),,,Crépuscule ou aube,En agglomération,Hors intersection,Temps couvert,Deux véhicules - frontale,,,,,,,,,,,2,2,1,8,1
200800067082,0008-11-29 15:20:00,8,11,29,15,20,150,12,"51, MILHAUD (AVENUE)",,,Plein jour,En agglomération,Hors intersection,Temps couvert,Autre collision,,,,,,,,,,,1,2,1,8,6
200800067083,0008-11-03 19:00:00,8,11,3,19,0,160,154,"139, PARIS (ROUTE DE)",,,Nuit avec éclairage allumé,En agglomération,Hors intersection,Pluie légère,Deux véhicules - côté,,,,,,,,,,,5,2,1,2,3
200800067084,0008-11-07 08:20:00,8,11,7,8,20,160,15,SAINT ROCH (RUE N° 1 A 1,,,Plein jour,En agglomération,Intersection en X,Pluie légère,Deux véhicules - côté,,,,,,,,,,,1,2,2,2,3
200800067085,0008-11-08 00:30:00,8,11,8,0,30,160,15,"0, BESSON BEY (BOULEVARD",,,Nuit avec éclairage allumé,En agglomération,Hors intersection,Normale,Deux véhicules - côté,,,,,,,,,,,5,2,1,1,3
200800067086,0008-11-08 17:23:00,8,11,8,17,23,160,15,"00, LIEDOT (BOULEVARD)",,,Crépuscule ou aube,En agglomération,Hors intersection,Normale,Deux véhicules - arrière,,,,,,,,,,,2,2,1,1,2
200800067087,0008-11-16 14:20:00,8,11,16,14,20,160,15,JEAN XXIII (BOULEVARD),,,Plein jour,En agglomération,Giratoire,Normale,Autre collision,,,,,,,,,,,1,2,6,1,6
200800067088,0008-11-21 13:20:00,8,11,21,13,20,160,374,DE GAULLE (AVENUE DU GEN,,,Plein jour,En agglomération,Hors intersection,Pluie légère,Deux véhicules - côté,,,,,,,,,,,1,2,1,2,3
200800067089,0008-11-27 05:10:00,8,11,27,5,10,160,166,"3, BRIAND (RUE ARISTIDE)",,,Nuit avec éclairage allumé,En agglomération,Hors intersection,Brouillard / fumée,Autre collision,,,,,,,,,,,5,2,1,5,6
200800067090,0008-11-13 09:00:00,8,11,13,9,0,330,63,"22, RUE DE L'ECOLE NORMA",,,Plein jour,En agglomération,Hors intersection,Normale,Deux véhicules - côté,,,,,,,,,,,1,2,1,1,3
200800067091,0008-11-14 00:15:00,8,11,14,0,15,330,63,"14, QUAI DE BACALAN",,,Nuit avec éclairage allumé,En agglomération,Hors intersection,Normale,Trois véhicules et plus - en chaîne,,,,,,,,,,,5,2,1,1,4
200800067092,0008-11-13 09:10:00,8,11,13,9,10,330,63,"213, AVE THIERS",,,Plein jour,En agglomération,Hors intersection,Normale,Deux véhicules - arrière,,,,,,,,,,,1,2,1,1,2
200800067093,0008-11-13 18:40:00,8,11,13,18,40,330,281,CHEM DE LA PROCESSION,,,Nuit avec éclairage allumé,En agglomération,Intersection en T,Normale,Deux véhicules - côté,,,,,,,,,,,5,2,3,1,3
200800067094,0008-11-10 09:00:00,8,11,10,9,0,330,69,AVE DE TIVOLI,,,Plein jour,En agglomération,Intersection en X,Pluie légère,Deux véhicules - côté,,,,,,,,,,,1,2,2,2,3
200800067095,0008-11-14 08:20:00,8,11,14,8,20,330,63,RUE HERON,,,Plein jour,En agglomération,Intersection en X,Normale,Deux véhicules - côté,,,,,,,,,,,1,2,2,1,3
200800067096,0008-11-15 21:15:00,8,11,15,21,15,330,63,"112 Bis, CRS DU MEDOC",,,Nuit avec éclairage allumé,En agglomération,Hors intersection,Normale,Deux véhicules - arrière,,,,,,,,,,,5,2,1,1,2
200800067097,0008-11-15 20:55:00,8,11,15,20,55,330,63,RUE DAVID JOHNSTON,,,Nuit avec éclairage allumé,En agglomération,Intersection en T,Normale,Deux véhicules - côté,,,,,,,,,,,5,2,3,1,3
200800067098,0008-11-11 16:30:00,8,11,11,16,30,330,281,AVE RENE CASSIN,,,Plein jour,En agglomération,Hors intersection,Normale,Deux véhicules - arrière,,,,,,,,,,,1,2,1,1,2
200800067099,0008-11-12 11:10:00,8,11,12,11,10,330,318,AVE DU BOURGAILH,,,Plein jour,En agglomération,Intersection en T,Pluie légère,Deux véhicules - côté,,,,,,,,,,,1,2,3,2,3
200800067100,0008-11-12 18:30:00,8,11,12,18,30,330,249,VOIE PARC D'ACTIVITES LA,,,Nuit avec éclairage allumé,En agglomération,Hors intersection,Normale,Deux véhicules - arrière,,,,,,,,,,,5,2,1,1,2
200800067101,0008-11-10 16:47:00,8,11,10,16,47,330,281,RUE ANDRE OULEY,,,Plein jour,En agglomération,Intersection en T,Normale,Deux véhicules - côté,,,,,,,,,,,1,2,3,1,3
200800067102,0008-11-10 17:15:00,8,11,10,17,15,330,32,RUE DU 19 MARS 1962,,,Plein jour,En agglomération,Giratoire,Normale,Autre collision,,,,,,,,,,,1,2,6,1,6
200800067103,0008-11-17 14:35:00,8,11,17,14,35,330,63,"130, BD DU PRESIDENT WIL",,,Plein jour,En agglomération,Hors intersection,Normale,Deux véhicules - arrière,,,,,,,,,,,1,2,1,1,2
200800067104,0008-11-17 16:10:00,8,11,17,16,10,330,63,"20, RUE FERRERE",,,Plein jour,En agglomération,Hors intersection,Normale,Autre collision,,,,,,,,,,,1,2,1,1,6
200800067105,0008-11-12 10:46:00,8,11,12,10,46,330,550,CHEM DE GALGON,,,Plein jour,En agglomération,Intersection en X,Pluie forte,Deux véhicules - côté,,,,,,,,,,,1,2,2,3,3
200800067106,0008-11-15 16:15:00,8,11,15,16,15,330,167,RUE SALVADOR ALLENDE,,,Plein jour,En agglomération,Intersection en X,Normale,Deux véhicules - frontale,,,,,,,,,,,1,2,2,1,1
200800067107,0008-11-11 05:50:00,8,11,11,5,50,330,39,RUE GENERAL KLEBER,,,Nuit avec éclairage allumé,En agglomération,Intersection en Y,Normale,Deux véhicules - côté,,,,,,,,,,,5,2,4,1,3
200800067108,0008-11-13 17:50:00,8,11,13,17,50,330,281,AVE MARCEL DASSAULT,,,Nuit avec éclairage allumé,En agglomération,Hors intersection,Normale,Deux véhicules - côté,,,,,,,,,,,5,2,1,1,3
200800067109,0008-11-14 09:15:00,8,11,14,9,15,330,318,"21, AVE EUGENE ET MARC D",,,Plein jour,En agglomération,Hors intersection,Normale,Autre collision,,,,,,,,,,,1,2,1,1,6
200800067110,0008-11-12 14:30:00,8,11,12,14,30,330,281,RUE JACQUES PREVERT,,,Plein jour,En agglomération,Giratoire,Pluie légère,Deux véhicules - arrière,,,,,,,,,,,1,2,6,2,2
200800067111,0008-11-18 09:50:00,8,11,18,9,50,330,249,COTE DE LA GARONNE,,,Plein jour,En agglomération,Hors intersection,Pluie légère,Deux véhicules - côté,,,,,,,,,,,1,2,1,2,3
200800067112,0008-11-20 12:50:00,8,11,20,12,50,330,63,BD DU PRESIDENT WILSON,,,Plein jour,En agglomération,Intersection en X,Normale,Deux véhicules - côté,,,,,,,,,,,1,2,2,1,3
200800067113,0008-11-20 17:50:00,8,11,20,17,50,330,63,"27 bis, CRS DE VERDUN",,,Nuit avec éclairage allumé,En agglomération,Hors intersection,Normale,Autre collision,,,,,,,,,,,5,2,1,1,6
200800067114,0008-11-20 18:50:00,8,11,20,18,50,330,63,"66, RTE DE TOULOUSE",,,Nuit avec éclairage allumé,En agglomération,Hors intersection,Normale,Autre collision,,,,,,,,,,,5,2,1,1,6
200800067115,0008-11-20 16:50:00,8,11,20,16,50,330,63,"123, RUE GEORGES BONNAC",,,Plein jour,En agglomération,Hors intersection,Normale,Deux véhicules - arrière,,,,,,,,,,,1,2,1,1,2
200800067116,0008-11-17 08:00:00,8,11,17,8,0,330,69,"70, AVE DE LA LIBERATION",,,Plein jour,En agglomération,Hors intersection,Normale,Deux véhicules - arrière,,,,,,,,,,,1,2,1,1,2
200800067117,0008-11-15 20:28:00,8,11,15,20,28,330,522,AVE ROUL,,,Nuit avec éclairage allumé,En agglomération,Hors intersection,Normale,Deux véhicules - frontale,,,,,,,,,,,5,2,1,1,1
200800067118,0008-11-18 08:05:00,8,11,18,8,5,330,318,"6, AVE DU HAUT LEVEQUE",,,Plein jour,En agglomération,Hors intersection,Pluie légère,Deux véhicules - côté,,,,,,,,,,,1,2,1,2,3
200800067119,0008-11-17 09:58:00,8,11,17,9,58,330,192,VOIE ROMAINE,,,Plein jour,En agglomération,Hors intersection,Normale,Deux véhicules - côté,,,,,,,,,,,1,2,1,1,3
200800067120,0008-11-18 10:23:00,8,11,18,10,23,330,281,AVE DE FONCASTEL,,,Plein jour,En agglomération,Intersection en X,Normale,Autre collision,,,,,,,,,,,1,2,2,1,6
200800067121,0008-11-17 09:10:00,8,11,17,9,10,330,318,AVE DE CANEJAN,,,Plein jour,En agglomération,Intersection en T,Normale,Deux véhicules - côté,,,,,,,,,,,1,2,3,1,3
200800067122,0008-11-22 15:35:00,8,11,22,15,35,330,63,CRS VICTOR HUGO,,,Plein jour,En agglomération,Intersection en T,Normale,Deux véhicules - côté,,,,,,,,,,,1,2,3,1,3
200800067123,0008-11-22 07:50:00,8,11,22,7,50,330,63,"42, RUE DE LA BECHADE",,,Crépuscule ou aube,En agglomération,Giratoire,Normale,Deux véhicules - côté,,,,,,,,,,,2,2,6,1,3
200800067124,0008-11-21 07:30:00,8,11,21,7,30,330,63,QUAI DE LA MONNAIE,,,Nuit sans éclairage public,En agglomération,Hors intersection,Normale,Deux véhicules - frontale,,,,,,,,,,,3,2,1,1,1
200800067125,0008-11-21 18:15:00,8,11,21,18,15,330,249,RUE DES GRAVIERES,,,Nuit avec éclairage allumé,En agglomération,Intersection en T,Pluie légère,Autre collision,,,,,,,,,,,5,2,3,2,6
200800067126,0008-11-23 20:00:00,8,11,23,20,0,330,63,"162, CRS DE LA MARNE",,,Nuit avec éclairage allumé,En agglomération,Hors intersection,Pluie légère,Autre collision,,,,,,,,,,,5,2,1,2,6
200800067127,0008-11-20 18:00:00,8,11,20,18,0,330,119,RUE CAMILLE PELLETAN,,,Nuit avec éclairage allumé,En agglomération,Giratoire,Normale,Autre collision,,,,,,,,,,,5,2,6,1,6
200800067128,0008-11-23 01:20:00,8,11,23,1,20,330,63,CRS DE LA MARNE,,,Nuit avec éclairage allumé,En agglomération,Intersection en X,Pluie légère,Deux véhicules - côté,,,,,,,,,,,5,2,2,2,3
200800067129,0008-11-19 07:45:00,8,11,19,7,45,330,281,PCE MONDESIR,,,Crépuscule ou aube,En agglomération,Hors intersection,Normale,Autre collision,,,,,,,,,,,2,2,1,1,6
200800067130,0008-11-19 13:30:00,8,11,19,13,30,330,75,"08, AVE JEAN JAURES",,,Plein jour,En agglomération,Hors intersection,Normale,Autre collision,,,,,,,,,,,1,2,1,1,6
200800067131,0008-11-24 07:10:00,8,11,24,7,10,330,63,CRS VICTOR HUGO,,,Crépuscule ou aube,En agglomération,Intersection à plus de 4 branches,Pluie légère,Deux véhicules - côté,,,,,,,,,,,2,2,5,2,3
200800067132,0008-11-24 20:00:00,8,11,24,20,0,330,63,RUE ESPIOT CAUD,,,Nuit avec éclairage allumé,En agglomération,Intersection en X,Normale,Deux véhicules - côté,,,,,,,,,,,5,2,2,1,3
200800067133,0008-11-25 15:55:00,8,11,25,15,55,330,63,BD DU PRESIDENT WILSON,,,Plein jour,En agglomération,Hors intersection,Normale,Deux véhicules - arrière,,,,,,,,,,,1,2,1,1,2
200800067134,0008-11-25 12:50:00,8,11,25,12,50,330,63,"46, RUE DE SAGET",,,Plein jour,En agglomération,Hors intersection,Normale,Autre collision,,,,,,,,,,,1,2,1,1,6
200800067135,0008-11-19 10:35:00,8,11,19,10,35,330,63,CRS DU MARECHAL GALLIENI,,,Plein jour,En agglomération,Intersection en T,Normale,Trois véhicules et plus - collisions multiples,,,,,,,,,,,1,2,3,1,5
200800067136,0008-11-18 13:00:00,8,11,18,13,0,330,522,"680, CRS DE LA LIBERATIO",,,Plein jour,En agglomération,Autre intersection,Pluie légère,Deux véhicules - côté,,,,,,,,,,,1,2,9,2,3
200800067137,0008-11-26 10:00:00,8,11,26,10,0,330,63,"75, BD GODARD",,,Plein jour,En agglomération,Hors intersection,Normale,Deux véhicules - arrière,,,,,,,,,,,1,2,1,1,2
200800067138,0008-11-26 10:01:00,8,11,26,10,1,330,63,"189, RUE DU TONDU",,,Plein jour,En agglomération,Hors intersection,Normale,Deux véhicules - arrière,,,,,,,,,,,1,2,1,1,2
200800067139,0008-11-26 11:50:00,8,11,26,11,50,330,63,"61, CRS VICTOR HUGO",,,Plein jour,En agglomération,Intersection en T,Normale,Deux véhicules - côté,,,,,,,,,,,1,2,3,1,3
200800067140,0008-11-27 11:40:00,8,11,27,11,40,330,63,BD ALIENOR D'AQUITAINE,,,Plein jour,En agglomération,Intersection en X,Normale,Deux véhicules - côté,,,,,,,,,,,1,2,2,1,3
200800067141,0008-11-21 08:45:00,8,11,21,8,45,330,39,RUE ADRIEN NOUZAREDE,,,Plein jour,En agglomération,Intersection en X,Temps couvert,Deux véhicules - côté,,,,,,,,,,,1,2,2,8,3
200800067142,0008-11-27 16:10:00,8,11,27,16,10,330,63,CRS DE LA MARNE,,,Plein jour,En agglomération,Intersection en T,Normale,Sans collision,,,,,,,,,,,1,2,3,1,7
200800067143,0008-11-26 17:00:00,8,11,26,17,0,330,63,RUE THIAC,,,Plein jour,En agglomération,Intersection en X,Normale,Deux véhicules - côté,,,,,,,,,,,1,2,2,1,3
200800067144,0008-11-25 13:40:00,8,11,25,13,40,330,281,"15, RUE GUSTAVE FLAUBERT",,,Plein jour,En agglomération,Hors intersection,Normale,Autre collision,,,,,,,,,,,1,2,1,1,6
200800067145,0008-11-24 08:06:00,8,11,24,8,6,330,69,AVE JEAN JAURES,,,Plein jour,En agglomération,Intersection en T,Pluie légère,Trois véhicules et plus - en chaîne,,,,,,,,,,,1,2,3,2,4
200800067146,0008-11-19 17:40:00,8,11,19,17,40,330,281,AVE DE LA MARNE,,,Nuit avec éclairage allumé,En agglomération,Intersection en X,Normale,Deux véhicules - côté,,,,,,,,,,,5,2,2,1,3
200800067147,0008-11-19 16:20:00,8,11,19,16,20,330,281,"164, AVE DE LA LIBERATIO",,,Plein jour,En agglomération,Hors intersection,Normale,Autre collision,,,,,,,,,,,1,2,1,1,6
200800067148,0008-11-24 12:18:00,8,11,24,12,18,330,281,AVE DE MAGUDAS,,,Plein jour,En agglomération,Intersection en T,Normale,Deux véhicules - côté,,,,,,,,,,,1,2,3,1,3
200800067149,0008-11-27 08:25:00,8,11,27,8,25,330,63,RUE DE BELFORT,,,Plein jour,En agglomération,Intersection en X,Normale,Deux véhicules - côté,,,,,,,,,,,1,2,2,1,3
200800067150,0008-11-22 14:10:00,8,11,22,14,10,330,550,"20, CHEM DE CAMPARIAN",,,Plein jour,En agglomération,Hors intersection,Autre,Deux véhicules - côté,,,,,,,,,,,1,2,1,9,3
200800067151,0008-11-24 15:13:00,8,11,24,15,13,330,167,"18, AVE DU PDT FRANCOIS",,,Plein jour,En agglomération,Hors intersection,Pluie forte,Autre collision,,,,,,,,,,,1,2,1,3,6
200800067152,0008-11-25 19:10:00,8,11,25,19,10,330,550,RTE DE TOULOUSE,,,Nuit avec éclairage allumé,En agglomération,Intersection en T,Normale,Deux véhicules - côté,,,,,,,,,,,5,2,3,1,3
200800067153,0008-11-25 09:05:00,8,11,25,9,5,330,281,AVE DE LA SOMME,,,Plein jour,En agglomération,Intersection en X,Normale,Deux véhicules - côté,,,,,,,,,,,1,2,2,1,3
200800067154,0008-11-25 22:25:00,8,11,25,22,25,330,318,RUE DE LA POUDRIERE,,,Nuit avec éclairage allumé,En agglomération,Intersection en X,Pluie légère,Deux véhicules - côté,,,,,,,,,,,5,2,2,2,3
200800067155,0008-11-19 15:35:00,8,11,19,15,35,330,550,"583, RTE DE TOULOUSE",,,Plein jour,En agglomération,Hors intersection,Normale,Deux véhicules - côté,,,,,,,,,,,1,2,1,1,3
200800067156,0008-11-27 12:45:00,8,11,27,12,45,330,63,"00, CRS DE LA SOMME",,,Plein jour,En agglomération,Intersection en X,Normale,Deux véhicules - côté,,,,,,,,,,,1,2,2,1,3
200800067157,0008-11-27 10:00:00,8,11,27,10,0,330,63,RUE LECOCQ,,,Plein jour,En agglomération,Intersection en X,Normale,Deux véhicules - côté,,,,,,,,,,,1,2,2,1,3
200800067158,0008-11-29 17:50:00,8,11,29,17,50,330,63,"71, CRS DE L'YSER",,,Nuit avec éclairage allumé,En agglomération,Hors intersection,Pluie légère,Autre collision,,,,,,,,,,,5,2,1,2,6
200800067159,0008-11-29 11:00:00,8,11,29,11,0,330,63,"49, AVE DE LABARDE",,,Plein jour,En agglomération,Hors intersection,Pluie légère,Autre collision,,,,,,,,,,,1,2,1,2,6
200800067160,0008-11-27 07:35:00,8,11,27,7,35,330,249,"11, QUAI CHAIGNEAU BICHO",,,Crépuscule ou aube,En agglomération,Hors intersection,Brouillard / fumée,Deux véhicules - côté,,,,,,,,,,,2,2,1,5,3
200800067161,0008-11-26 11:30:00,8,11,26,11,30,330,32,QUAI DE VIAL,,,Plein jour,En agglomération,Hors intersection,Normale,Deux véhicules - côté,,,,,,,,,,,1,2,1,1,3
200800067162,0008-11-28 22:50:00,8,11,28,22,50,330,75,RUE JEAN CLAUDEVILLE,,,Nuit avec éclairage allumé,En agglomération,Hors intersection,Normale,Autre collision,,,,,,,,,,,5,2,1,1,6
200800067163,0008-11-24 16:50:00,8,11,24,16,50,330,522,"745, CRS DE LA LIBERATIO",,,Nuit avec éclairage allumé,En agglomération,Hors intersection,Pluie forte,Autre collision,,,,,,,,,,,5,2,1,3,6
200800067164,0008-11-26 19:40:00,8,11,26,19,40,330,63,"103, BD DU PRESIDENT WIL",,,Nuit avec éclairage allumé,En agglomération,Hors intersection,Normale,Autre collision,,,,,,,,,,,5,2,1,1,6
200800067165,0008-11-26 08:00:00,8,11,26,8,0,330,39,"32, RUE ALBERT THOMAS",,,Plein jour,En agglomération,Hors intersection,Normale,Autre collision,,,,,,,,,,,1,2,1,1,6
200800067166,0008-11-27 08:30:00,8,11,27,8,30,330,39,RUE CHARLES GOUNOD,,,Nuit avec éclairage allumé,En agglomération,Intersection en X,Brouillard / fumée,Deux véhicules - côté,,,,,,,,,,,5,2,2,5,3
200800067167,0008-11-25 18:00:00,8,11,25,18,0,330,281,"8, AVE DE MAGUDAS",,,Nuit avec éclairage allumé,En agglomération,Hors intersection,Normale,Deux véhicules - côté,,,,,,,,,,,5,2,1,1,3
200800067168,0008-11-24 17:45:00,8,11,24,17,45,330,39,"2, ALL BOYER",,,Nuit avec éclairage allumé,En agglomération,Hors intersection,Pluie légère,Deux véhicules - arrière,,,,,,,,,,,5,2,1,2,2
200800067169,0008-11-28 19:30:00,8,11,28,19,30,330,318,AVE DU PONT DE L'ORIENT,,,Nuit avec éclairage allumé,En agglomération,Intersection en X,Normale,Deux véhicules - côté,,,,,,,,,,,5,2,2,1,3
200800067170,0008-11-28 07:50:00,8,11,28,7,50,330,318,"16, AVE DU PARC D'ESPAGN",,,Plein jour,En agglomération,Hors intersection,Normale,Autre collision,,,,,,,,,,,1,2,1,1,6
200800067171,0008-11-15 14:45:00,8,11,15,14,45,950,574,"41, GENERAL LECLERC (AVE",,,Plein jour,En agglomération,Hors intersection,Pluie légère,Deux véhicules - côté,,,,,,,,,,,1,2,1,2,3
200800067172,0008-11-15 23:30:00,8,11,15,23,30,950,219,GENERAL LECLERC (RUE DU),,,Nuit avec éclairage allumé,En agglomération,Hors intersection,Pluie légère,Deux véhicules - côté,,,,,,,,,,,5,2,1,2,3
200800067173,0008-11-26 12:10:00,8,11,26,12,10,950,219,"18, 18 JUIN (RUE DU)",,,Plein jour,En agglomération,Hors intersection,Normale,Autre collision,,,,,,,,,,,1,2,1,1,6
200800067174,0008-11-27 06:00:00,8,11,27,6,0,950,426,RUBELLE (RUE DE),,,Nuit avec éclairage allumé,En agglomération,Hors intersection,Normale,Autre collision,,,,,,,,,,,5,2,1,1,6
200800067175,0008-11-27 06:00:00,8,11,27,6,0,950,252,CHEMIN NEUF (RUE DU),,,Nuit avec éclairage allumé,En agglomération,Hors intersection,Normale,Autre collision,,,,,,,,,,,5,2,1,1,6
200800067176,0008-11-27 16:50:00,8,11,27,16,50,950,203,DUMAS (RUE ALEXANDRE),,,Plein jour,En agglomération,Giratoire,Normale,Deux véhicules - côté,,,,,,,,,,,1,2,6,1,3
200800067177,0008-11-02 13:45:00,8,11,2,13,45,950,268,"52, DE GAULLE (AVENUE DU",,,Plein jour,En agglomération,Hors intersection,Normale,Autre collision,,,,,,,,,,,1,2,1,1,6
200800067178,0008-11-11 20:00:00,8,11,11,20,0,950,277,TULIPES (CARREFOUR DES),,,Nuit avec éclairage allumé,Hors agglomération,Intersection à plus de 4 branches,Pluie légère,Deux véhicules - côté,,,,,,,,,,,5,1,5,2,3
200800067179,0008-11-30 11:15:00,8,11,30,11,15,950,280,"109, SALENGRO ROGER ( BO",,,Plein jour,En agglomération,Hors intersection,Normale,Autre collision,,,,,,,,,,,1,2,1,1,6
200800067180,0008-11-26 19:50:00,8,11,26,19,50,950,280,ROND POINT DU BASSIN,,,Nuit avec éclairage allumé,En agglomération,Hors intersection,Normale,Deux véhicules - arrière,,,,,,,,,,,5,2,1,1,2
200800067181,0008-11-11 17:40:00,8,11,11,17,40,950,306,"89, MARNE (RUE DE LA)",,,Crépuscule ou aube,En agglomération,Hors intersection,Pluie légère,Deux véhicules - côté,,,,,,,,,,,2,2,1,2,3
200800067182,0008-11-14 19:35:00,8,11,14,19,35,950,306,LIBERATION (AVENUE DE LA,,,Nuit avec éclairage allumé,En agglomération,Hors intersection,Autre,Deux véhicules - côté,,,,,,,,,,,5,2,1,9,3
200800067183,0008-11-15 10:10:00,8,11,15,10,10,950,306,11EME AVENUE,,,Plein jour,En agglomération,Hors intersection,Autre,Sans collision,,,,,,,,,,,1,2,1,9,7
200800067184,0008-11-20 15:30:00,8,11,20,15,30,950,306,"55, JOFFRE (BOULEVARD)",,,Plein jour,En agglomération,Hors intersection,Normale,Autre collision,,,,,,,,,,,1,2,1,1,6
200800067185,0008-11-24 12:00:00,8,11,24,12,0,950,306,CHANTEPUITS (RUE DE),,,Plein jour,En agglomération,Hors intersection,Normale,Autre collision,,,,,,,,,,,1,2,1,1,6
200800067186,0008-11-17 21:25:00,8,11,17,21,25,950,487,HALAGE (CHEMIN DE),,,Nuit avec éclairage allumé,En agglomération,Hors intersection,Normale,Autre collision,,,,,,,,,,,5,2,1,1,6
200800067187,0008-11-18 17:10:00,8,11,18,17,10,950,52,LEON BLUM (BOULEVARD),,,Crépuscule ou aube,En agglomération,Hors intersection,Pluie légère,Autre collision,,,,,,,,,,,2,2,1,2,6
200800067188,0008-11-11 21:30:00,8,11,11,21,30,950,585,RN1 PARIS PROVINCE,,,Nuit avec éclairage allumé,Hors agglomération,Hors intersection,Normale,Deux véhicules - côté,,,,,,,,,,,5,1,1,1,3
200800067189,0008-11-18 08:04:00,8,11,18,8,4,950,539,CD 125,,,Crépuscule ou aube,En agglomération,Hors intersection,Pluie légère,Sans collision,,,,,,,,,,,2,2,1,2,7
200800067190,0008-11-30 10:50:00,8,11,30,10,50,950,585,ROUSSEL (ALLEE ALBERT),,,Plein jour,En agglomération,Hors intersection,Temps couvert,Sans collision,,,,,,,,,,,1,2,1,8,7
200800067191,0008-11-13 08:50:00,8,11,13,8,50,950,51,"121, JULES CESAR (CHAUSS",,,Plein jour,En agglomération,Hors intersection,Normale,Deux véhicules - arrière,,,,,,,,,,,1,2,1,1,2
200800067192,0008-11-10 11:17:00,8,11,10,11,17,950,607,"00, HUIT MAI 1945 (BOULE",,,Plein jour,En agglomération,Hors intersection,Normale,Autre collision,,,,,,,,,,,1,2,1,1,6
200800067193,0008-11-16 23:49:00,8,11,16,23,49,950,607,"5, PERVENCHES (RUE DES)",,,Nuit avec éclairage allumé,En agglomération,Hors intersection,Normale,Autre collision,,,,,,,,,,,5,2,1,1,6
200800067194,0008-11-20 16:00:00,8,11,20,16,0,950,607,"00, PIERRE DE COUBERTIN",,,Plein jour,En agglomération,Hors intersection,Normale,Autre collision,,,,,,,,,,,1,2,1,1,6
200800067195,0008-11-02 04:23:00,8,11,2,4,23,201,4,"SANS, GEORGES POMPIDOU A",,,Nuit avec éclairage allumé,En agglomération,Intersection en X,Normale,Deux véhicules - côté,,,,,,,,,,,5,2,2,1,3
200800067196,0008-11-06 00:20:00,8,11,6,0,20,201,4,MONT THABOR RUE DU,,,Nuit sans éclairage public,En agglomération,Hors intersection,Pluie forte,Autre collision,,,,,,,,,,,3,2,1,3,6
200800067197,0008-11-08 14:30:00,8,11,8,14,30,201,4,LORETTO CHEMIN,,,Plein jour,Hors agglomération,Hors intersection,Normale,Deux véhicules - côté,,,,,,,,,,,1,1,1,1,3
200800067198,0008-11-11 04:20:00,8,11,11,4,20,201,4,RD11,,,Nuit avec éclairage allumé,Hors agglomération,Hors intersection,Normale,Autre collision,,,,,,,,,,,5,1,1,1,6
200800067199,0008-11-17 15:23:00,8,11,17,15,23,201,4,"SANS, MARECHAL LYAUTEY A",,,Plein jour,En agglomération,Hors intersection,Normale,Autre collision,,,,,,,,,,,1,2,1,1,6
200800067200,0008-11-17 19:15:00,8,11,17,19,15,201,4,"01, ALBERT 1ER BD",,,Nuit avec éclairage allumé,En agglomération,Autre intersection,Normale,Deux véhicules - côté,,,,,,,,,,,5,2,9,1,3
200800067201,0008-11-19 17:20:00,8,11,19,17,20,201,4,ILES SANGUINAIRES ROUTE,,,Nuit avec éclairage allumé,En agglomération,Hors intersection,Normale,Autre collision,,,,,,,,,,,5,2,1,1,6
200800067202,0008-11-22 23:55:00,8,11,22,23,55,201,4,NAPOLEON COURS AVANT BEV,,,Nuit avec éclairage allumé,En agglomération,Hors intersection,Normale,Autre collision,,,,,,,,,,,5,2,1,1,6
200800067203,0008-11-29 06:25:00,8,11,29,6,25,690,381,"03, JEAN MOULIN",,,Nuit avec éclairage allumé,En agglomération,Hors intersection,Normale,Deux véhicules - arrière,,,,,,,,,,,5,2,1,1,2