accident_id,datetime,annee,mois,jour,heure,minute,departement,commune_insee,adresse,latitude,longitude,luminosite,agglomeration,intersection,meteo,collision,nb_vehicules,nb_usagers,nb_indemnes,nb_tues,nb_blesses_hosp,nb_blesses_legers,age_cond_1,age_cond_2,veh_type_cond_1,veh_type_cond_2,lum_code,agg_code,int_code,atm_code,col_code
200800067204,0008-11-28 12:20:00,8,11,28,12,20,690,381,"03, QUAI JEAN MOULIN",,,Plein jour,En agglomération,Intersection en T,Normale,Autre collision,,,,,,,,,,,1,2,3,1,6
200800067205,0008-11-07 08:55:00,8,11,7,8,55,202,33,"sans, AV DE LA LIBERATIO",,,Plein jour,En agglomération,Hors intersection,Normale,Deux véhicules - côté,,,,,,,,,,,1,2,1,1,3
200800067206,0008-11-07 12:41:00,8,11,7,12,41,202,120,"sans, TOUTES RUES",,,Plein jour,En agglomération,Hors intersection,Normale,Sans collision,,,,,,,,,,,1,2,1,1,7
200800067207,0008-11-10 04:10:00,8,11,10,4,10,202,120,"sans, TOUTES RUES",,,Nuit avec éclairage allumé,En agglomération,Hors intersection,Normale,Sans collision,,,,,,,,,,,5,2,1,1,7
200800067208,0008-11-11 03:18:00,8,11,11,3,18,202,120,"SANS, TOUTES RUES",,,Nuit avec éclairage allumé,En agglomération,Hors intersection,Normale,Sans collision,,,,,,,,,,,5,2,1,1,7
200800067209,0008-11-12 11:15:00,8,11,12,11,15,202,33,"SANS, TOGA",,,Plein jour,En agglomération,Hors intersection,Pluie légère,Trois véhicules et plus - en chaîne,,,,,,,,,,,1,2,1,2,4
200800067210,0008-11-13 22:50:00,8,11,13,22,50,202,33,"SANS, FRONT DE MER - ROU",,,Nuit avec éclairage allumé,En agglomération,Hors intersection,Pluie légère,Deux véhicules - arrière,,,,,,,,,,,5,2,1,2,2
200800067211,0008-11-14 17:30:00,8,11,14,17,30,202,33,"SANS, MACCHIONE - CHEMIN",,,Plein jour,En agglomération,Hors intersection,Normale,Deux véhicules - côté,,,,,,,,,,,1,2,1,1,3
200800067212,0008-11-15 19:30:00,8,11,15,19,30,202,120,"SANS, TOUTES RUES",,,Nuit avec éclairage allumé,En agglomération,Giratoire,Normale,Deux véhicules - côté,,,,,,,,,,,5,2,6,1,3
200800067213,0008-11-15 22:00:00,8,11,15,22,0,202,33,"sans, CHANOINE LESCHI -",,,Nuit avec éclairage allumé,En agglomération,Hors intersection,Normale,Deux véhicules - frontale,,,,,,,,,,,5,2,1,1,1
200800067214,0008-11-17 08:00:00,8,11,17,8,0,202,33,"sans, TOUTES RUES",,,Plein jour,Hors agglomération,Hors intersection,Normale,Autre collision,,,,,,,,,,,1,1,1,1,6
200800067215,0008-11-17 12:19:00,8,11,17,12,19,202,33,"sans, IMPERIALE - ROUTE",,,Plein jour,En agglomération,Hors intersection,Normale,Deux véhicules - arrière,,,,,,,,,,,1,2,1,1,2
200800067216,0008-11-17 15:35:00,8,11,17,15,35,202,33,"sans, 193 - RN",,,Plein jour,En agglomération,Hors intersection,Normale,Trois véhicules et plus - en chaîne,,,,,,,,,,,1,2,1,1,4
200800067217,0008-11-18 18:05:00,8,11,18,18,5,202,33,"sans, IMPERIALE - ROUTE",,,Plein jour,En agglomération,Hors intersection,Normale,Deux véhicules - côté,,,,,,,,,,,1,2,1,1,3
200800067218,0008-11-20 23:07:00,8,11,20,23,7,202,33,"sans, GAUDIN - BLD AUGUS",,,Nuit avec éclairage allumé,En agglomération,Hors intersection,Normale,Autre collision,,,,,,,,,,,5,2,1,1,6
200800067219,0008-11-21 18:20:00,8,11,21,18,20,202,37,"sans, TOUTES RUES",,,Nuit avec éclairage allumé,En agglomération,Hors intersection,Vent fort / tempête,Trois véhicules et plus - en chaîne,,,,,,,,,,,5,2,1,6,4
200800067220,0008-11-24 13:47:00,8,11,24,13,47,202,33,"SANS, GAUDIN - BLD AUGUS",,,Plein jour,En agglomération,Hors intersection,Normale,Autre collision,,,,,,,,,,,1,2,1,1,6
200800067221,0008-11-25 08:42:00,8,11,25,8,42,202,37,"SANS, TOUTES RUES",,,Plein jour,En agglomération,Giratoire,Normale,Sans collision,,,,,,,,,,,1,2,6,1,7
200800067222,0008-11-25 09:45:00,8,11,25,9,45,202,120,"SANS, TOUTES RUES",,,Plein jour,En agglomération,Hors intersection,Normale,Trois véhicules et plus - en chaîne,,,,,,,,,,,1,2,1,1,4
200800067223,0008-11-25 11:47:00,8,11,25,11,47,202,37,"SANS, TOUTES RUES",,,Plein jour,Hors agglomération,Hors intersection,Normale,Sans collision,,,,,,,,,,,1,1,1,1,7
200800067224,0008-11-29 09:32:00,8,11,29,9,32,202,33,"SANS, IMPERIALE - ROUTE",,,Plein jour,En agglomération,Hors intersection,Normale,Autre collision,,,,,,,,,,,1,2,1,1,6
200800067225,0008-11-30 05:39:00,8,11,30,5,39,202,37,"sans, TOUTES RUES",,,Crépuscule ou aube,En agglomération,Hors intersection,Pluie forte,Sans collision,,,,,,,,,,,2,2,1,3,7
200800067226,0008-11-30 12:03:00,8,11,30,12,3,202,33,"sans, TOUTES RUES",,,Plein jour,En agglomération,Hors intersection,Pluie légère,Deux véhicules - arrière,,,,,,,,,,,1,2,1,2,2
200800067227,0008-11-10 18:19:00,8,11,10,18,19,690,382,"00, RUE CASIMIR PERIER",,,Nuit avec éclairage allumé,En agglomération,Hors intersection,Normale,Deux véhicules - côté,,,,,,,,,,,5,2,1,1,3
200800067228,0008-11-09 20:15:00,8,11,9,20,15,690,382,RUE PRESIDENT EDOUARD HE,,,Nuit avec éclairage allumé,En agglomération,Intersection en X,Normale,Deux véhicules - côté,,,,,,,,,,,5,2,2,1,3
200800067229,0008-11-20 12:45:00,8,11,20,12,45,780,646,RN12,,,Plein jour,Hors agglomération,Hors intersection,Normale,Sans collision,,,,,,,,,,,1,1,1,1,7
200800067230,0008-11-20 15:15:00,8,11,20,15,15,780,646,RN12,,,Plein jour,Hors agglomération,Hors intersection,Normale,Autre collision,,,,,,,,,,,1,1,1,1,6
200800067231,0008-11-20 17:05:00,8,11,20,17,5,920,50,A86,,,Plein jour,Hors agglomération,Hors intersection,Normale,Deux véhicules - côté,,,,,,,,,,,1,1,1,1,3
200800067232,0008-11-21 10:40:00,8,11,21,10,40,780,423,A12 W,,,Plein jour,Hors agglomération,Hors intersection,Pluie forte,Deux véhicules - arrière,,,,,,,,,,,1,1,1,3,2
200800067233,0008-11-21 08:25:00,8,11,21,8,25,780,322,RN186 EXT,,,Crépuscule ou aube,Hors agglomération,Hors intersection,Pluie légère,Trois véhicules et plus - collisions multiples,,,,,,,,,,,2,1,1,2,5
200800067234,0008-11-21 09:20:00,8,11,21,9,20,780,490,"33.900, RN12 EXT",,,Plein jour,Hors agglomération,Hors intersection,Pluie forte,Sans collision,,,,,,,,,,,1,1,1,3,7
200800067235,0008-11-21 09:35:00,8,11,21,9,35,920,64,A13,,,Plein jour,Hors agglomération,Hors intersection,Pluie forte,Trois véhicules et plus - en chaîne,,,,,,,,,,,1,1,1,3,4
200800067236,0008-11-21 20:14:00,8,11,21,20,14,780,117,RN12,,,Nuit avec éclairage allumé,Hors agglomération,Hors intersection,Normale,Deux véhicules - côté,,,,,,,,,,,5,1,1,1,3
200800067237,0008-11-25 07:00:00,8,11,25,7,0,780,322,RN12,,,Crépuscule ou aube,Hors agglomération,Hors intersection,Normale,Deux véhicules - côté,,,,,,,,,,,2,1,1,1,3
200800067238,0008-11-25 08:20:00,8,11,25,8,20,780,490,RN12 INT,,,Plein jour,Hors agglomération,Hors intersection,Normale,Deux véhicules - côté,,,,,,,,,,,1,1,1,1,3
200800067239,0008-11-25 08:20:00,8,11,25,8,20,780,43,A13Y,,,Plein jour,Hors agglomération,Hors intersection,Pluie légère,Autre collision,,,,,,,,,,,1,1,1,2,6
200800067240,0008-11-26 15:20:00,8,11,26,15,20,920,50,A86,,,Plein jour,Hors agglomération,Hors intersection,Normale,Deux véhicules - arrière,,,,,,,,,,,1,1,1,1,2
200800067241,0008-11-27 11:35:00,8,11,27,11,35,780,640,A86 EXT,,,Plein jour,Hors agglomération,Autre intersection,Normale,Deux véhicules - arrière,,,,,,,,,,,1,1,9,1,2
200800067242,0008-11-28 07:50:00,8,11,28,7,50,920,47,A13,,,Crépuscule ou aube,Hors agglomération,Hors intersection,Pluie légère,Trois véhicules et plus - collisions multiples,,,,,,,,,,,2,1,1,2,5
200800067243,0008-11-29 13:00:00,8,11,29,13,0,780,158,A13,,,Plein jour,Hors agglomération,Hors intersection,Normale,Deux véhicules - arrière,,,,,,,,,,,1,1,1,1,2
200800067244,0008-11-29 20:00:00,8,11,29,20,0,780,423,RN12,,,Nuit avec éclairage allumé,Hors agglomération,Hors intersection,Normale,Deux véhicules - arrière,,,,,,,,,,,5,1,1,1,2
200800067245,0008-11-30 07:10:00,8,11,30,7,10,780,640,A86 INT,,,Crépuscule ou aube,Hors agglomération,Hors intersection,Neige / grêle,Autre collision,,,,,,,,,,,2,1,1,4,6
200800067246,0008-11-30 12:30:00,8,11,30,12,30,920,72,N118,,,Plein jour,Hors agglomération,Hors intersection,Pluie légère,Deux véhicules - arrière,,,,,,,,,,,1,1,1,2,2
200800067247,0008-11-30 13:05:00,8,11,30,13,5,780,423,RN12,,,Plein jour,Hors agglomération,Hors intersection,Pluie légère,Deux véhicules - arrière,,,,,,,,,,,1,1,1,2,2
200800067248,0008-11-30 15:35:00,8,11,30,15,35,780,362,A13,,,Plein jour,Hors agglomération,Hors intersection,Normale,Autre collision,,,,,,,,,,,1,1,1,1,6
200800067249,0008-11-30 15:40:00,8,11,30,15,40,920,47,A13,,,Plein jour,Hors agglomération,Hors intersection,Temps couvert,Deux véhicules - arrière,,,,,,,,,,,1,1,1,8,2
200800067250,0008-11-30 17:15:00,8,11,30,17,15,780,133,A14,,,Nuit sans éclairage public,Hors agglomération,Hors intersection,Normale,Sans collision,,,,,,,,,,,3,1,1,1,7
200800067251,0008-11-11 14:00:00,8,11,11,14,0,420,110,RN88,,,Plein jour,Hors agglomération,Hors intersection,Normale,Deux véhicules - côté,,,,,,,,,,,1,1,1,1,3
200800067252,0008-11-18 18:05:00,8,11,18,18,5,420,218,A72,,,Nuit sans éclairage public,Hors agglomération,Hors intersection,Pluie légère,Trois véhicules et plus - en chaîne,,,,,,,,,,,3,1,1,2,4
200800067253,0008-11-03 16:20:00,8,11,3,16,20,690,382,A7   0.000 A 2.278,,,Plein jour,Hors agglomération,Hors intersection,Normale,Deux véhicules - côté,,,,,,,,,,,1,1,1,1,3
200800067254,0008-11-04 12:40:00,8,11,4,12,40,690,199,A7   7.000 A 8.630,,,Plein jour,Hors agglomération,Hors intersection,Normale,Sans collision,,,,,,,,,,,1,1,1,1,7
200800067255,0008-11-06 12:00:00,8,11,6,12,0,690,29,RD383   7.640 A 11.044,,,Plein jour,Hors agglomération,Hors intersection,Normale,Deux véhicules - côté,,,,,,,,,,,1,1,1,1,3
200800067256,0008-11-07 08:00:00,8,11,7,8,0,10,248,A46N   14.305 A 17.210,,,Plein jour,Hors agglomération,Hors intersection,Normale,Autre collision,,,,,,,,,,,1,1,1,1,6
200800067257,0008-11-08 10:20:00,8,11,8,10,20,690,259,RD383   11.750 A 14.250,,,Plein jour,Hors agglomération,Hors intersection,Normale,Deux véhicules - arrière,,,,,,,,,,,1,1,1,1,2
200800067258,0008-11-09 10:50:00,8,11,9,10,50,690,142,A7   2.278 A 3.690,,,Plein jour,Hors agglomération,Hors intersection,Temps couvert,Autre collision,,,,,,,,,,,1,1,1,8,6
200800067259,0008-11-11 16:30:00,8,11,11,16,30,380,336,RN7   10.000 A 10.310,,,Plein jour,Hors agglomération,Hors intersection,Pluie légère,Autre collision,,,,,,,,,,,1,1,1,2,6
200800067260,0008-11-12 08:05:00,8,11,12,8,5,690,271,RD302   0.000 A 0.400,,,Plein jour,Hors agglomération,Hors intersection,Normale,Autre collision,,,,,,,,,,,1,1,1,1,6
200800067261,0008-11-07 18:40:00,8,11,7,18,40,690,29,RD383   7.640 A 11.044,,,Crépuscule ou aube,Hors agglomération,Hors intersection,Normale,Deux véhicules - arrière,,,,,,,,,,,2,1,1,1,2
200800067262,0008-11-12 17:40:00,8,11,12,17,40,690,290,A43   3.865 A 9.894,,,Nuit sans éclairage public,Hors agglomération,Hors intersection,Normale,Trois véhicules et plus - en chaîne,,,,,,,,,,,3,1,1,1,4
200800067263,0008-11-14 11:00:00,8,11,14,11,0,690,271,RN346   34.850 A 36.215,,,Plein jour,Hors agglomération,Hors intersection,Normale,Trois véhicules et plus - en chaîne,,,,,,,,,,,1,1,1,1,4
200800067264,0008-11-17 15:00:00,8,11,17,15,0,690,266,RD383   3.750 A 7.640,,,Plein jour,Hors agglomération,Hors intersection,Normale,Deux véhicules - côté,,,,,,,,,,,1,1,1,1,3
200800067265,0008-11-18 10:30:00,8,11,18,10,30,10,249,A42     5.760 A 6.180,,,Plein jour,Hors agglomération,Intersection en Y,Normale,Deux véhicules - frontale,,,,,,,,,,,1,1,4,1,1
200800067266,0008-11-18 11:00:00,8,11,18,11,0,690,290,A46S   40.883 A 43.680,,,Plein jour,Hors agglomération,Hors intersection,Normale,Deux véhicules - côté,,,,,,,,,,,1,1,1,1,3
200800067267,0008-11-20 07:15:00,8,11,20,7,15,690,256,RN346  N/S  25.736 A 29.,,,Plein jour,Hors agglomération,Hors intersection,Normale,Trois véhicules et plus - en chaîne,,,,,,,,,,,1,1,1,1,4
200800067268,0008-11-21 17:50:00,8,11,21,17,50,690,290,RN346   38.960 A 40.883,,,Nuit avec éclairage allumé,Hors agglomération,Hors intersection,Pluie légère,Trois véhicules et plus - en chaîne,,,,,,,,,,,5,1,1,2,4
200800067269,0008-11-21 23:45:00,8,11,21,23,45,10,275,A46N 25.180 A 25.680,,,Nuit avec éclairage allumé,Hors agglomération,Hors intersection,Pluie légère,Sans collision,,,,,,,,,,,5,1,1,2,7
200800067270,0008-11-22 00:40:00,8,11,22,0,40,690,268,A42 4.020 A 4.329   LYON,,,Nuit sans éclairage public,Hors agglomération,Hors intersection,Pluie légère,Deux véhicules - frontale,,,,,,,,,,,3,1,1,2,1
200800067271,0008-11-22 07:50:00,8,11,22,7,50,690,199,RD383   14.250 A 18.000,,,Plein jour,Hors agglomération,Hors intersection,Normale,Deux véhicules - arrière,,,,,,,,,,,1,1,1,1,2
200800067272,0008-11-23 08:20:00,8,11,23,8,20,690,388,RD383   11.460 A 11.750,,,Plein jour,Hors agglomération,Hors intersection,Normale,Autre collision,,,,,,,,,,,1,1,1,1,6
200800067273,0008-11-24 14:50:00,8,11,24,14,50,690,117,A6   439.400 A 442.500,,,Plein jour,Hors agglomération,Hors intersection,Neige / grêle,Deux véhicules - arrière,,,,,,,,,,,1,1,1,4,2
200800067274,0008-11-24 14:50:00,8,11,24,14,50,10,376,A42   8.310 A 9.500,,,Plein jour,Hors agglomération,Hors intersection,Neige / grêle,Trois véhicules et plus - collisions multiples,,,,,,,,,,,1,1,1,4,5
200800067275,0008-11-24 17:45:00,8,11,24,17,45,690,297,A47   0.000  A 1.657,,,Nuit avec éclairage allumé,Hors agglomération,Hors intersection,Normale,Trois véhicules et plus - en chaîne,,,,,,,,,,,5,1,1,1,4
200800067276,0008-11-25 08:00:00,8,11,25,8,0,10,238,A46N   7.065 A 9.020,,,Plein jour,Hors agglomération,Hors intersection,Temps couvert,Trois véhicules et plus - en chaîne,,,,,,,,,,,1,1,1,8,4
200800067277,0008-11-24 15:05:00,8,11,24,15,5,690,117,A6   439.400 A 442.500,,,Plein jour,Hors agglomération,Hors intersection,Neige / grêle,Deux véhicules - arrière,,,,,,,,,,,1,1,1,4,2
200800067278,0008-11-25 14:50:00,8,11,25,14,50,690,259,RD383   11.750 A 14.250,,,Plein jour,Hors agglomération,Hors intersection,Normale,Trois véhicules et plus - en chaîne,,,,,,,,,,,1,1,1,1,4
200800067279,0008-11-27 18:50:00,8,11,27,18,50,690,81,BPNL   34.000 A 34.614,,,Nuit avec éclairage allumé,Hors agglomération,Hors intersection,Normale,Deux véhicules - arrière,,,,,,,,,,,5,1,1,1,2
200800067280,0008-11-28 09:50:00,8,11,28,9,50,690,297,A47   0.000  A 1.657,,,Plein jour,Hors agglomération,Hors intersection,Normale,Trois véhicules et plus - collisions multiples,,,,,,,,,,,1,1,1,1,5
200800067281,0008-11-01 02:05:00,8,11,1,2,5,830,126,A50,,,Nuit sans éclairage public,Hors agglomération,Hors intersection,Pluie forte,Autre collision,,,,,,,,,,,3,1,1,3,6
200800067282,0008-11-06 14:30:00,8,11,6,14,30,830,90,A50,,,Plein jour,Hors agglomération,Hors intersection,Pluie légère,Sans collision,,,,,,,,,,,1,1,1,2,7
200800067283,0008-11-10 11:40:00,8,11,10,11,40,830,62,A570,,,Plein jour,Hors agglomération,Hors intersection,Normale,Trois véhicules et plus - en chaîne,,,,,,,,,,,1,1,1,1,4
200800067284,0008-11-14 18:00:00,8,11,14,18,0,830,47,A570,,,Crépuscule ou aube,Hors agglomération,Hors intersection,Normale,Deux véhicules - arrière,,,,,,,,,,,2,1,1,1,2
200800067285,0008-11-19 14:19:00,8,11,19,14,19,830,144,A57,,,Plein jour,Hors agglomération,Hors intersection,Normale,Trois véhicules et plus - en chaîne,,,,,,,,,,,1,1,1,1,4
200800067286,0008-11-19 19:10:00,8,11,19,19,10,830,62,A57,,,Nuit sans éclairage public,Hors agglomération,Hors intersection,Normale,Deux véhicules - arrière,,,,,,,,,,,3,1,1,1,2
200800067287,0008-11-21 12:40:00,8,11,21,12,40,830,47,A570,,,Plein jour,Hors agglomération,Hors intersection,Normale,Autre collision,,,,,,,,,,,1,1,1,1,6
200800067288,0008-11-23 20:10:00,8,11,23,20,10,830,144,A57,,,Nuit avec éclairage allumé,Hors agglomération,Hors intersection,Normale,Deux véhicules - arrière,,,,,,,,,,,5,1,1,1,2
200800067289,0008-11-24 07:15:00,8,11,24,7,15,830,137,A57,,,Nuit avec éclairage allumé,Hors agglomération,Autre intersection,Temps couvert,Sans collision,,,,,,,,,,,5,1,9,8,7
200800067290,0008-11-27 18:45:00,8,11,27,18,45,830,137,A57,,,Nuit avec éclairage allumé,Hors agglomération,Hors intersection,Normale,Deux véhicules - arrière,,,,,,,,,,,5,1,1,1,2
200800067291,0008-11-28 07:25:00,8,11,28,7,25,830,144,A57,,,Crépuscule ou aube,Hors agglomération,Hors intersection,Pluie légère,Deux véhicules - arrière,,,,,,,,,,,2,1,1,2,2
200800067292,0008-11-29 19:30:00,8,11,29,19,30,420,110,A47,,,Nuit avec éclairage allumé,Hors agglomération,Hors intersection,Pluie forte,Trois véhicules et plus - en chaîne,,,,,,,,,,,5,1,1,3,4
200800067293,0008-11-29 23:35:00,8,11,29,23,35,420,183,RN88,46.40568,4.37654,Nuit avec éclairage allumé,Hors agglomération,Hors intersection,Autre,Deux véhicules - arrière,,,,,,,,,,,5,1,1,9,2
200800067294,0008-11-30 08:30:00,8,11,30,8,30,690,382,A6   455.000 A 455.875,,,Plein jour,Hors agglomération,Hors intersection,Normale,Autre collision,,,,,,,,,,,1,1,1,1,6
200800067295,0008-11-28 13:55:00,8,11,28,13,55,920,12,"71, EDOUARD VAILLANT (AV",,,Plein jour,En agglomération,Intersection en X,Normale,Autre collision,,,,,,,,,,,1,2,2,1,6
200800067296,0008-11-03 07:30:00,8,11,3,7,30,280,85,"SANS, SOURS (RUE DE)",,,Plein jour,En agglomération,Intersection en X,Normale,Deux véhicules - côté,,,,,,,,,,,1,2,2,1,3
200800067297,0008-11-29 18:30:00,8,11,29,18,30,290,19,"39, EUROPE (DE 37 A 47)",,,Nuit sans éclairage public,En agglomération,Hors intersection,Pluie forte,Autre collision,,,,,,,,,,,3,2,1,3,6
200800067298,0008-11-25 07:20:00,8,11,25,7,20,870,85,RD941,,,Nuit avec éclairage allumé,En agglomération,Hors intersection,Autre,Autre collision,,,,,,,,,,,5,2,1,9,6
200800067299,0008-11-29 21:15:00,8,11,29,21,15,920,50,SURESNES RUE DE,,,Nuit sans éclairage public,En agglomération,Hors intersection,Normale,Deux véhicules - frontale,,,,,,,,,,,3,2,1,1,1
200800067300,0008-11-09 17:20:00,8,11,9,17,20,940,22,GEORGES CLEMENCEAU (R),,,Plein jour,En agglomération,Hors intersection,Normale,Autre collision,,,,,,,,,,,1,2,1,1,6
200800067301,0008-11-08 13:44:00,8,11,8,13,44,750,116,PLACE DE LA PORTE MAILLO,,,Plein jour,En agglomération,Intersection à plus de 4 branches,Temps couvert,Autre collision,,,,,,,,,,,1,2,5,8,6
200800067302,0008-11-16 19:00:00,8,11,16,19,0,770,59,1,,,Nuit sans éclairage public,Hors agglomération,Hors intersection,Normale,Trois véhicules et plus - collisions multiples,,,,,,,,,,,3,1,1,1,5
200800067303,0008-11-03 09:15:00,8,11,3,9,15,920,51,RN13,,,Plein jour,Hors agglomération,Hors intersection,Normale,Sans collision,,,,,,,,,,,1,1,1,1,7
200800067304,0008-11-14 18:20:00,8,11,14,18,20,920,36,A86,,,Nuit sans éclairage public,Hors agglomération,Hors intersection,Pluie légère,Deux véhicules - arrière,,,,,,,,,,,3,1,1,2,2
200800067305,0008-11-19 09:00:00,8,11,19,9,0,780,43,A13W,,,Plein jour,Hors agglomération,Autre intersection,Normale,Autre collision,,,,,,,,,,,1,1,9,1,6
200800067306,0008-11-20 19:10:00,8,11,20,19,10,780,297,RN12,,,Crépuscule ou aube,Hors agglomération,Hors intersection,Temps couvert,Sans collision,,,,,,,,,,,2,1,1,8,7
200800067307,0008-11-23 13:30:00,8,11,23,13,30,920,12,A13,,,Plein jour,Hors agglomération,Hors intersection,Pluie légère,Deux véhicules - côté,,,,,,,,,,,1,1,1,2,3
200800067308,0008-11-25 08:10:00,8,11,25,8,10,920,36,A86,,,Crépuscule ou aube,Hors agglomération,Hors intersection,Pluie légère,Deux véhicules - arrière,,,,,,,,,,,2,1,1,2,2
200800067309,0008-11-29 22:25:00,8,11,29,22,25,750,114,BOULEVARD BRUNE,,,Nuit avec éclairage allumé,En agglomération,Intersection à plus de 4 branches,Normale,Deux véhicules - côté,,,,,,,,,,,5,2,5,1,3
200800067310,0008-11-29 14:05:00,8,11,29,14,5,750,115,"71, BOULEVARD DE GRENELL",,,Plein jour,En agglomération,Hors intersection,Normale,Sans collision,,,,,,,,,,,1,2,1,1,7
200800067311,0008-11-29 11:30:00,8,11,29,11,30,750,116,"38, AVENUE DE NEW YORK",,,Plein jour,En agglomération,Hors intersection,Temps couvert,Autre collision,,,,,,,,,,,1,2,1,8,6
200800067312,0008-11-29 10:45:00,8,11,29,10,45,750,117,"19 bis, RUE LEGENDRE",,,Plein jour,En agglomération,Intersection en T,Normale,Deux véhicules - côté,,,,,,,,,,,1,2,3,1,3
200800067313,0008-11-29 06:15:00,8,11,29,6,15,750,118,BOULEVARD NEY,,,Nuit avec éclairage allumé,En agglomération,Hors intersection,Normale,Deux véhicules - côté,,,,,,,,,,,5,2,1,1,3
200800067314,0008-11-29 16:30:00,8,11,29,16,30,750,118,"104, RUE DU POTEAU",,,Nuit avec éclairage allumé,En agglomération,Intersection en Y,Normale,Autre collision,,,,,,,,,,,5,2,4,1,6
200800067315,0008-11-29 19:15:00,8,11,29,19,15,750,118,"83, RUE DU MONT CENIS",,,Nuit avec éclairage allumé,En agglomération,Intersection en T,Normale,Autre collision,,,,,,,,,,,5,2,3,1,6
200800067316,0008-11-29 14:10:00,8,11,29,14,10,750,119,"108, AVENUE JEAN JAURES",,,Plein jour,En agglomération,Hors intersection,Normale,Trois véhicules et plus - en chaîne,,,,,,,,,,,1,2,1,1,4
200800067317,0008-11-29 02:30:00,8,11,29,2,30,750,120,"33, AVENUE GAMBETTA",,,Nuit avec éclairage allumé,En agglomération,Hors intersection,Normale,Autre collision,,,,,,,,,,,5,2,1,1,6
200800067318,0008-11-29 04:00:00,8,11,29,4,0,750,117,BOULEVARD PERIPHERIQUE E,,,Nuit avec éclairage allumé,En agglomération,Intersection en Y,Pluie légère,Autre collision,,,,,,,,,,,5,2,4,2,6
200800067319,0008-11-29 14:00:00,8,11,29,14,0,750,115,ECHANGEUR ISSY,,,Plein jour,En agglomération,Hors intersection,Normale,Deux véhicules - arrière,,,,,,,,,,,1,2,1,1,2
200800067320,0008-11-30 19:45:00,8,11,30,19,45,750,102,"123, BOULEVARD DE SEBAST",,,Nuit avec éclairage allumé,En agglomération,Intersection en X,Pluie légère,Deux véhicules - côté,,,,,,,,,,,5,2,2,2,3
200800067321,0008-11-30 02:30:00,8,11,30,2,30,750,106,"78, RUE DE SEINE",,,Nuit avec éclairage allumé,En agglomération,Intersection en X,Neige / grêle,Sans collision,,,,,,,,,,,5,2,2,4,7
200800067322,0008-11-30 06:25:00,8,11,30,6,25,750,106,"17, RUE AUGUSTE COMTE",,,Nuit avec éclairage allumé,En agglomération,Hors intersection,Pluie légère,Autre collision,,,,,,,,,,,5,2,1,2,6
200800067323,0008-11-30 02:05:00,8,11,30,2,5,750,108,"115, AVENUE DES CHAMPS E",,,Nuit avec éclairage allumé,En agglomération,Intersection en T,Pluie légère,Deux véhicules - arrière,,,,,,,,,,,5,2,3,2,2
200800067324,0008-11-30 06:00:00,8,11,30,6,0,750,108,"59, RUE DU FAUBOURG SAIN",,,Nuit avec éclairage allumé,En agglomération,Intersection à plus de 4 branches,Pluie légère,Deux véhicules - côté,,,,,,,,,,,5,2,5,2,3
200800067325,0008-11-30 18:30:00,8,11,30,18,30,750,108,"50, RUE DE ROME",,,Nuit sans éclairage public,En agglomération,Intersection en X,Pluie légère,Autre collision,,,,,,,,,,,3,2,2,2,6
200800067326,0008-11-30 21:30:00,8,11,30,21,30,750,108,"1, PLACE DE LA CONCORDE",,,Nuit avec éclairage allumé,En agglomération,Hors intersection,Pluie légère,Autre collision,,,,,,,,,,,5,2,1,2,6
200800067327,0008-11-30 15:30:00,8,11,30,15,30,750,109,"1, RUE DE DOUAI",,,Plein jour,En agglomération,Intersection en X,Pluie légère,Autre collision,,,,,,,,,,,1,2,2,2,6
200800067328,0008-11-30 02:25:00,8,11,30,2,25,750,110,"0, PLACE DE LA BATAILLE",,,Nuit avec éclairage allumé,En agglomération,Intersection à plus de 4 branches,Pluie légère,Sans collision,,,,,,,,,,,5,2,5,2,7
200800067329,0008-11-30 02:50:00,8,11,30,2,50,750,110,"0, BOULEVARD SAINT MARTI",,,Nuit avec éclairage allumé,En agglomération,Intersection en X,Pluie légère,Deux véhicules - côté,,,,,,,,,,,5,2,2,2,3
200800067330,0008-11-30 10:20:00,8,11,30,10,20,750,110,RUE DU HUIT MAI 1945,,,Plein jour,En agglomération,Hors intersection,Pluie légère,Autre collision,,,,,,,,,,,1,2,1,2,6
200800067331,0008-11-30 00:01:00,8,11,30,0,1,750,111,BOULEVARD JULES FERRY,,,Nuit avec éclairage allumé,En agglomération,Intersection en X,Normale,Autre collision,,,,,,,,,,,5,2,2,1,6
200800067332,0008-11-15 23:35:00,8,11,15,23,35,750,116,PLACE D IENA,,,Nuit avec éclairage allumé,En agglomération,Intersection en X,Temps couvert,Deux véhicules - côté,,,,,,,,,,,5,2,2,8,3
200800067333,0008-11-15 12:00:00,8,11,15,12,0,750,117,AVENUE DE LA GRANDE ARME,,,Plein jour,En agglomération,Intersection à plus de 4 branches,Temps couvert,Deux véhicules - côté,,,,,,,,,,,1,2,5,8,3