accident_id,datetime,annee,mois,jour,heure,minute,departement,commune_insee,adresse,latitude,longitude,luminosite,agglomeration,intersection,meteo,collision,nb_vehicules,nb_usagers,nb_indemnes,nb_tues,nb_blesses_hosp,nb_blesses_legers,age_cond_1,age_cond_2,veh_type_cond_1,veh_type_cond_2,lum_code,agg_code,int_code,atm_code,col_code
200800067730,0008-11-15 19:55:00,8,11,15,19,55,690,386,"0, PONT DE LATTRE DE TAS",,,Nuit avec éclairage allumé,En agglomération,Hors intersection,Normale,Deux véhicules - frontale,,,,,,,,,,,5,2,1,1,1
200800067731,0008-11-20 09:15:00,8,11,20,9,15,690,383,"13, AVENUE GEORGES POMPI",,,Plein jour,En agglomération,Intersection en X,Normale,Autre collision,,,,,,,,,,,1,2,2,1,6
200800067732,0008-11-21 14:15:00,8,11,21,14,15,690,386,"16, RUE GARIBALDI",,,Plein jour,En agglomération,Hors intersection,Normale,Deux véhicules - côté,,,,,,,,,,,1,2,1,1,3
200800067733,0008-11-22 23:10:00,8,11,22,23,10,690,386,"0, RUE TETE D OR",,,Nuit avec éclairage allumé,En agglomération,Intersection en X,Pluie légère,Deux véhicules - côté,,,,,,,,,,,5,2,2,2,3
200800067734,0008-11-23 06:30:00,8,11,23,6,30,690,386,"0, AVENUE DE GRANDE BRET",,,Nuit avec éclairage allumé,En agglomération,Hors intersection,Normale,Autre collision,,,,,,,,,,,5,2,1,1,6
200800067735,0008-11-19 09:15:00,8,11,19,9,15,690,383,"0, AVENUE FELIX FAURE",,,Plein jour,En agglomération,Intersection en X,Normale,Deux véhicules - arrière,,,,,,,,,,,1,2,2,1,2
200800067736,0008-11-26 17:50:00,8,11,26,17,50,690,383,"0, ROUTE DE GENAS",,,Nuit avec éclairage allumé,En agglomération,Hors intersection,Normale,Autre collision,,,,,,,,,,,5,2,1,1,6
200800067737,0008-11-27 17:25:00,8,11,27,17,25,690,386,"0, BOULEVARD DES BELGES",,,Nuit avec éclairage allumé,En agglomération,Intersection en X,Normale,Deux véhicules - côté,,,,,,,,,,,5,2,2,1,3
200800067738,0008-11-26 17:40:00,8,11,26,17,40,690,383,"0, RUE BONNAND",,,Nuit avec éclairage allumé,En agglomération,Hors intersection,Normale,Deux véhicules - côté,,,,,,,,,,,5,2,1,1,3
200800067739,0008-11-25 08:25:00,8,11,25,8,25,690,383,"131, AVENUE LACASSAGNE",,,Plein jour,En agglomération,Hors intersection,Normale,Autre collision,,,,,,,,,,,1,2,1,1,6
200800067740,0008-11-20 21:07:00,8,11,20,21,7,690,384,"47, BOULEVARD DES CANUTS",,,Nuit avec éclairage allumé,En agglomération,Hors intersection,Normale,Autre collision,,,,,,,,,,,5,2,1,1,6
200800067741,0008-11-26 20:00:00,8,11,26,20,0,690,384,"33, COURS D HERBOUVILLE",,,Nuit avec éclairage allumé,En agglomération,Hors intersection,Normale,Autre collision,,,,,,,,,,,5,2,1,1,6
200800067742,0008-11-12 08:35:00,8,11,12,8,35,690,385,"136, RUE COMMANDANT CHAR",,,Plein jour,En agglomération,Hors intersection,Normale,Autre collision,,,,,,,,,,,1,2,1,1,6
200800067743,0008-11-01 19:03:00,8,11,1,19,3,690,387,", RUE GARIBALDI",,,Nuit avec éclairage allumé,En agglomération,Intersection en T,Pluie forte,Autre collision,,,,,,,,,,,5,2,3,3,6
200800067744,0008-11-01 02:35:00,8,11,1,2,35,690,387,", AVENUE TONY GARNIER",,,Nuit avec éclairage allumé,En agglomération,Intersection en X,Normale,Deux véhicules - côté,,,,,,,,,,,5,2,2,1,3
200800067745,0008-11-03 18:50:00,8,11,3,18,50,690,387,"0, RUE MARC BLOCH",,,Nuit avec éclairage allumé,En agglomération,Intersection en X,Normale,Deux véhicules - côté,,,,,,,,,,,5,2,2,1,3
200800067746,0008-11-05 18:40:00,8,11,5,18,40,690,387,"0, BOULEVARD YVES FARGE",,,Nuit avec éclairage allumé,En agglomération,Intersection en X,Normale,Deux véhicules - côté,,,,,,,,,,,5,2,2,1,3
200800067747,0008-11-07 21:05:00,8,11,7,21,5,690,387,"0, RUE DE GERLAND",,,Nuit avec éclairage allumé,En agglomération,Intersection en T,Normale,Deux véhicules - côté,,,,,,,,,,,5,2,3,1,3
200800067748,0008-11-08 14:40:00,8,11,8,14,40,690,387,"38, RUE DE L EPARGNE",,,Plein jour,Hors agglomération,Hors intersection,Normale,Deux véhicules - arrière,,,,,,,,,,,1,1,1,1,2
200800067749,0008-11-08 16:30:00,8,11,8,16,30,690,387,"0, RUE RAULIN",,,Plein jour,En agglomération,Intersection en T,Normale,Deux véhicules - arrière,,,,,,,,,,,1,2,3,1,2
200800067750,0008-11-09 14:15:00,8,11,9,14,15,690,387,"9, PLACE JEAN MACE",,,Plein jour,En agglomération,Hors intersection,Normale,Autre collision,,,,,,,,,,,1,2,1,1,6
200800067751,0008-11-10 18:50:00,8,11,10,18,50,690,387,"0, BOULEVARD YVES FARGE",,,Nuit avec éclairage allumé,En agglomération,Intersection en T,Normale,Deux véhicules - côté,,,,,,,,,,,5,2,3,1,3
200800067752,0008-11-23 01:05:00,8,11,23,1,5,690,387,"0, AVENUE TONY GARNIER",,,Nuit avec éclairage allumé,En agglomération,Intersection en X,Pluie légère,Deux véhicules - côté,,,,,,,,,,,5,2,2,2,3
200800067753,0008-11-23 02:15:00,8,11,23,2,15,690,387,"245, AVENUE JEAN JAURES",,,Nuit avec éclairage allumé,En agglomération,Hors intersection,Normale,Deux véhicules - arrière,,,,,,,,,,,5,2,1,1,2
200800067754,0008-11-05 14:35:00,8,11,5,14,35,690,388,"98, AVENUE JEAN MERMOZ",,,Plein jour,En agglomération,Hors intersection,Normale,Deux véhicules - arrière,,,,,,,,,,,1,2,1,1,2
200800067755,0008-11-17 19:10:00,8,11,17,19,10,690,388,"228, ROUTE DE VIENNE",,,Nuit sans éclairage public,En agglomération,Hors intersection,Temps couvert,Autre collision,,,,,,,,,,,3,2,1,8,6
200800067756,0008-11-17 12:40:00,8,11,17,12,40,690,388,"00, BOULEVARD DES ETATS",,,Plein jour,En agglomération,Hors intersection,Normale,Autre collision,,,,,,,,,,,1,2,1,1,6
200800067757,0008-11-07 14:49:00,8,11,7,14,49,690,389,"110, RUE DE SAINT CYR",,,Plein jour,En agglomération,Hors intersection,Normale,Deux véhicules - côté,,,,,,,,,,,1,2,1,1,3
200800067758,0008-11-17 14:35:00,8,11,17,14,35,690,389,", RUE SERGENT MICHEL BER",,,Plein jour,En agglomération,Intersection en X,Normale,Deux véhicules - côté,,,,,,,,,,,1,2,2,1,3
200800067759,0008-11-19 09:00:00,8,11,19,9,0,690,389,"80, RUE MARIETTON",,,Plein jour,En agglomération,Hors intersection,Normale,Deux véhicules - côté,,,,,,,,,,,1,2,1,1,3
200800067760,0008-11-20 09:40:00,8,11,20,9,40,690,389,"40, QUAI JAYR",,,Plein jour,En agglomération,Hors intersection,Temps couvert,Deux véhicules - côté,,,,,,,,,,,1,2,1,8,3
200800067761,0008-11-21 08:35:00,8,11,21,8,35,690,389,"59, QUAI PAUL SEDALLIAN",,,Plein jour,En agglomération,Intersection en T,Normale,Deux véhicules - côté,,,,,,,,,,,1,2,3,1,3
200800067762,0008-11-18 23:45:00,8,11,18,23,45,690,389,"3, QUAI RAOUL CARRIE",,,Nuit avec éclairage allumé,En agglomération,Hors intersection,Normale,Sans collision,,,,,,,,,,,5,2,1,1,7
200800067763,0008-11-16 23:20:00,8,11,16,23,20,950,527,rue de paris,,,Nuit avec éclairage allumé,En agglomération,Hors intersection,Pluie légère,Deux véhicules - côté,,,,,,,,,,,5,2,1,2,3
200800067764,0008-11-10 16:30:00,8,11,10,16,30,940,54,"0, Avenue de l'union, so",,,Plein jour,Hors agglomération,Hors intersection,Temps couvert,Autre collision,,,,,,,,,,,1,1,1,8,6
200800067765,0008-11-02 13:30:00,8,11,2,13,30,750,105,RUE DU FOUARRE,,,Plein jour,En agglomération,Intersection en T,Normale,Deux véhicules - arrière,,,,,,,,,,,1,2,3,1,2
200800067766,0008-11-02 10:00:00,8,11,2,10,0,750,106,"18, BOULEVARD SAINT MICH",,,Plein jour,En agglomération,Intersection en T,Normale,Deux véhicules - côté,,,,,,,,,,,1,2,3,1,3
200800067767,0008-11-02 20:40:00,8,11,2,20,40,750,109,RUE DE CLICHY,,,Nuit avec éclairage allumé,En agglomération,Intersection en T,Normale,Autre collision,,,,,,,,,,,5,2,3,1,6
200800067768,0008-11-02 11:40:00,8,11,2,11,40,750,110,"245, RUE LA FAYETTE",,,Plein jour,En agglomération,Intersection en Y,Normale,Deux véhicules - arrière,,,,,,,,,,,1,2,4,1,2
200800067769,0008-11-02 20:05:00,8,11,2,20,5,750,112,RUE DE CHARENTON,,,Nuit avec éclairage allumé,En agglomération,Hors intersection,Normale,Deux véhicules - arrière,,,,,,,,,,,5,2,1,1,2
200800067770,0008-11-02 13:55:00,8,11,2,13,55,750,116,ROUTE DU PRE CATELAN,,,Plein jour,En agglomération,Hors intersection,Normale,Autre collision,,,,,,,,,,,1,2,1,1,6
200800067771,0008-11-02 05:15:00,8,11,2,5,15,750,116,PORTE DE SAINT CLOUD,,,Nuit avec éclairage allumé,En agglomération,Intersection en Y,Normale,Trois véhicules et plus - en chaîne,,,,,,,,,,,5,2,4,1,4
200800067772,0008-11-02 23:00:00,8,11,2,23,0,750,120,"23, RUE DE BAGNOLET",,,Nuit avec éclairage non allumé,En agglomération,Hors intersection,Normale,Autre collision,,,,,,,,,,,4,2,1,1,6
200800067773,0008-11-02 02:37:00,8,11,2,2,37,750,106,"1, PLACE LEON PAUL FARGU",,,Nuit avec éclairage allumé,En agglomération,Intersection à plus de 4 branches,Normale,Deux véhicules - côté,,,,,,,,,,,5,2,5,1,3
200800067774,0008-11-02 19:00:00,8,11,2,19,0,750,117,"36, BOULEVARD DE REIMS",,,Nuit avec éclairage allumé,En agglomération,Hors intersection,Normale,Autre collision,,,,,,,,,,,5,2,1,1,6
200800067775,0008-11-02 18:30:00,8,11,2,18,30,750,112,PORTE DOREE,,,Crépuscule ou aube,En agglomération,Hors intersection,Normale,Trois véhicules et plus - en chaîne,,,,,,,,,,,2,2,1,1,4
200800067776,0008-11-03 23:23:00,8,11,3,23,23,750,102,BOULEVARD SAINT DENIS,,,Nuit avec éclairage allumé,En agglomération,Intersection en X,Normale,Deux véhicules - côté,,,,,,,,,,,5,2,2,1,3
200800067777,0008-11-03 14:50:00,8,11,3,14,50,750,107,"9, RUE MALAR",,,Plein jour,En agglomération,Intersection en X,Normale,Deux véhicules - côté,,,,,,,,,,,1,2,2,1,3
200800067778,0008-11-03 09:00:00,8,11,3,9,0,750,108,"41, AVENUE DE FRIEDLAND",,,Plein jour,En agglomération,Hors intersection,Temps couvert,Sans collision,,,,,,,,,,,1,2,1,8,7
200800067779,0008-11-03 13:00:00,8,11,3,13,0,750,108,PLACE GABRIEL PERI,,,Plein jour,En agglomération,Intersection à plus de 4 branches,Normale,Autre collision,,,,,,,,,,,1,2,5,1,6
200800067780,0008-11-03 19:38:00,8,11,3,19,38,750,110,"158, RUE LA FAYETTE",,,Nuit avec éclairage allumé,En agglomération,Intersection en X,Normale,Deux véhicules - côté,,,,,,,,,,,5,2,2,1,3
200800067781,0008-11-03 11:40:00,8,11,3,11,40,750,112,"48, BOULEVARD DIDEROT",,,Plein jour,En agglomération,Intersection en X,Normale,Deux véhicules - côté,,,,,,,,,,,1,2,2,1,3
200800067782,0008-11-03 06:55:00,8,11,3,6,55,750,113,AVENUE DES GOBELINS,,,Crépuscule ou aube,En agglomération,Intersection en X,Pluie légère,Autre collision,,,,,,,,,,,2,2,2,2,6
200800067783,0008-11-03 14:47:00,8,11,3,14,47,750,113,"141, BOULEVARD VINCENT A",,,Plein jour,En agglomération,Hors intersection,Normale,Autre collision,,,,,,,,,,,1,2,1,1,6
200800067784,0008-11-03 16:00:00,8,11,3,16,0,750,113,AVENUE DE LA PORTE D ITA,,,Plein jour,En agglomération,Hors intersection,Normale,Deux véhicules - côté,,,,,,,,,,,1,2,1,1,3
200800067785,0008-11-03 12:00:00,8,11,3,12,0,750,115,RUE HENRY FARMAN,,,Plein jour,En agglomération,Hors intersection,Normale,Sans collision,,,,,,,,,,,1,2,1,1,7
200800067786,0008-11-03 15:40:00,8,11,3,15,40,750,115,RUE DE LA PORTE D ISSY,,,Plein jour,En agglomération,Hors intersection,Normale,Autre collision,,,,,,,,,,,1,2,1,1,6
200800067787,0008-11-03 09:05:00,8,11,3,9,5,750,116,"58, AVENUE DE VERSAILLES",,,Plein jour,En agglomération,Hors intersection,Normale,Deux véhicules - côté,,,,,,,,,,,1,2,1,1,3
200800067788,0008-11-03 07:50:00,8,11,3,7,50,750,116,"19, AVENUE D IENA",,,Plein jour,En agglomération,Hors intersection,Pluie légère,Deux véhicules - côté,,,,,,,,,,,1,2,1,2,3
200800067789,0008-11-03 18:15:00,8,11,3,18,15,750,116,AVENUE DE MALAKOFF,,,Nuit sans éclairage public,En agglomération,Intersection en T,Normale,Deux véhicules - côté,,,,,,,,,,,3,2,3,1,3
200800067790,0008-11-03 22:20:00,8,11,3,22,20,750,116,AVENUE MOZART,,,Nuit avec éclairage allumé,En agglomération,Intersection à plus de 4 branches,Normale,Autre collision,,,,,,,,,,,5,2,5,1,6
200800067791,0008-11-03 18:00:00,8,11,3,18,0,750,117,"74, AVENUE DE CLICHY",,,Nuit avec éclairage allumé,En agglomération,Intersection en T,Normale,Autre collision,,,,,,,,,,,5,2,3,1,6
200800067792,0008-11-03 09:30:00,8,11,3,9,30,750,119,"2, BOULEVARD DE LA VILLE",,,Plein jour,En agglomération,Intersection à plus de 4 branches,Normale,Deux véhicules - côté,,,,,,,,,,,1,2,5,1,3
200800067793,0008-11-03 22:10:00,8,11,3,22,10,750,119,"ras, BOULEVARD SERURIER",,,Nuit avec éclairage allumé,En agglomération,Intersection en Y,Normale,Deux véhicules - arrière,,,,,,,,,,,5,2,4,1,2
200800067794,0008-11-03 19:35:00,8,11,3,19,35,750,108,"1, SOUTERRAIN COURS LA R",,,Nuit avec éclairage allumé,En agglomération,Hors intersection,Temps couvert,Deux véhicules - arrière,,,,,,,,,,,5,2,1,8,2
200800067795,0008-11-03 22:25:00,8,11,3,22,25,750,107,"220, BOULEVARD SAINT GER",,,Nuit avec éclairage allumé,En agglomération,Hors intersection,Normale,Deux véhicules - côté,,,,,,,,,,,5,2,1,1,3
200800067796,0008-11-03 15:05:00,8,11,3,15,5,750,120,PORTE DE MONTREUIL,,,Plein jour,En agglomération,Hors intersection,Normale,Deux véhicules - côté,,,,,,,,,,,1,2,1,1,3
200800067797,0008-11-04 17:35:00,8,11,4,17,35,750,103,"86, RUE BEAUBOURG",,,Nuit avec éclairage allumé,En agglomération,Intersection en X,Normale,Autre collision,,,,,,,,,,,5,2,2,1,6
200800067798,0008-11-04 13:55:00,8,11,4,13,55,750,104,"13, RUE SAINT ANTOINE",,,Plein jour,En agglomération,Intersection en X,Pluie légère,Deux véhicules - arrière,,,,,,,,,,,1,2,2,2,2
200800067799,0008-11-04 13:25:00,8,11,4,13,25,750,105,RUE MONGE,,,Plein jour,En agglomération,Intersection en X,Normale,Deux véhicules - côté,,,,,,,,,,,1,2,2,1,3
200800067800,0008-11-04 20:05:00,8,11,4,20,5,750,106,"17, BOULEVARD DU MONTPAR",,,Nuit avec éclairage allumé,En agglomération,Intersection en X,Normale,Autre collision,,,,,,,,,,,5,2,2,1,6
200800067801,0008-11-04 08:45:00,8,11,4,8,45,750,108,BOULEVARD MALESHERBES,,,Plein jour,En agglomération,Intersection en X,Normale,Deux véhicules - côté,,,,,,,,,,,1,2,2,1,3
200800067802,0008-11-04 17:40:00,8,11,4,17,40,750,108,"22, AVENUE GEORGES V",,,Crépuscule ou aube,En agglomération,Hors intersection,Normale,Deux véhicules - frontale,,,,,,,,,,,2,2,1,1,1
200800067803,0008-11-04 18:05:00,8,11,4,18,5,750,108,PLACE CHARLES DE GAULLE,,,Nuit avec éclairage allumé,En agglomération,Intersection à plus de 4 branches,Normale,Deux véhicules - arrière,,,,,,,,,,,5,2,5,1,2
200800067804,0008-11-04 18:20:00,8,11,4,18,20,750,108,PLACE DE LA CONCORDE,,,Nuit avec éclairage allumé,En agglomération,Hors intersection,Normale,Deux véhicules - côté,,,,,,,,,,,5,2,1,1,3
200800067805,0008-11-04 23:20:00,8,11,4,23,20,750,108,"16, RUE D ASTORG",,,Nuit avec éclairage allumé,En agglomération,Intersection en X,Normale,Deux véhicules - côté,,,,,,,,,,,5,2,2,1,3
200800067806,0008-11-04 08:09:00,8,11,4,8,9,750,111,"28 bis, RUE DE MONTREUIL",,,Plein jour,En agglomération,Hors intersection,Normale,Deux véhicules - côté,,,,,,,,,,,1,2,1,1,3
200800067807,0008-11-04 19:40:00,8,11,4,19,40,750,111,BOULEVARD VOLTAIRE,,,Nuit avec éclairage allumé,En agglomération,Intersection en X,Normale,Deux véhicules - côté,,,,,,,,,,,5,2,2,1,3
200800067808,0008-11-04 19:10:00,8,11,4,19,10,750,111,"15, RUE PASTEUR",,,Nuit avec éclairage allumé,En agglomération,Hors intersection,Normale,Autre collision,,,,,,,,,,,5,2,1,1,6
200800067809,0008-11-04 15:30:00,8,11,4,15,30,750,112,"77, BOULEVARD PONIATOWSK",,,Plein jour,En agglomération,Intersection en X,Normale,Trois véhicules et plus - en chaîne,,,,,,,,,,,1,2,2,1,4
200800067810,0008-11-04 06:40:00,8,11,4,6,40,750,113,"64, BOULEVARD AUGUSTE BL",,,Nuit avec éclairage allumé,En agglomération,Hors intersection,Normale,Sans collision,,,,,,,,,,,5,2,1,1,7
200800067811,0008-11-04 08:15:00,8,11,4,8,15,750,113,"89, QUAI PANHARD ET LEVA",,,Plein jour,En agglomération,Hors intersection,Normale,Deux véhicules - arrière,,,,,,,,,,,1,2,1,1,2
200800067812,0008-11-04 11:30:00,8,11,4,11,30,750,113,"2, RUE DU MOULIN DE LA P",,,Plein jour,En agglomération,Intersection à plus de 4 branches,Normale,Autre collision,,,,,,,,,,,1,2,5,1,6
200800067813,0008-11-04 20:30:00,8,11,4,20,30,750,113,BOULEVARD MASSENA,,,Nuit avec éclairage allumé,En agglomération,Hors intersection,Normale,Deux véhicules - arrière,,,,,,,,,,,5,2,1,1,2
200800067814,0008-11-04 01:30:00,8,11,4,1,30,750,115,"54, RUE DE VOUILLE",,,Nuit avec éclairage allumé,En agglomération,Intersection en X,Normale,Deux véhicules - côté,,,,,,,,,,,5,2,2,1,3
200800067815,0008-11-04 18:50:00,8,11,4,18,50,750,115,"44, RUE LECOURBE",,,Nuit avec éclairage non allumé,En agglomération,Hors intersection,Normale,Deux véhicules - côté,,,,,,,,,,,4,2,1,1,3
200800067816,0008-11-04 10:20:00,8,11,4,10,20,750,116,BOULEVARD LANNES,,,Plein jour,En agglomération,Intersection à plus de 4 branches,Normale,Autre collision,,,,,,,,,,,1,2,5,1,6
200800067817,0008-11-04 12:45:00,8,11,4,12,45,750,116,"67, AVENUE KLEBER",,,Plein jour,En agglomération,Intersection en T,Normale,Deux véhicules - arrière,,,,,,,,,,,1,2,3,1,2
200800067818,0008-11-04 19:50:00,8,11,4,19,50,750,116,"155, AVENUE DE VERSAILLE",,,Nuit avec éclairage allumé,En agglomération,Intersection en T,Normale,Deux véhicules - côté,,,,,,,,,,,5,2,3,1,3
200800067819,0008-11-04 04:30:00,8,11,4,4,30,750,117,AVENUE DE LA PORTE DE CL,,,Nuit avec éclairage allumé,En agglomération,Intersection en X,Normale,Autre collision,,,,,,,,,,,5,2,2,1,6
200800067820,0008-11-04 14:05:00,8,11,4,14,5,750,117,"59, RUE JOUFFROY D ABBAN",,,Plein jour,En agglomération,Hors intersection,Normale,Deux véhicules - côté,,,,,,,,,,,1,2,1,1,3
200800067821,0008-11-04 13:57:00,8,11,4,13,57,750,118,"52, RUE DE LA CHAPELLE",,,Plein jour,En agglomération,Hors intersection,Normale,Deux véhicules - côté,,,,,,,,,,,1,2,1,1,3
200800067822,0008-11-04 16:30:00,8,11,4,16,30,750,118,"22, BOULEVARD BARBES",,,Plein jour,En agglomération,Intersection à plus de 4 branches,Normale,Autre collision,,,,,,,,,,,1,2,5,1,6
200800067823,0008-11-04 19:35:00,8,11,4,19,35,750,120,"10, BOULEVARD DAVOUT",,,Nuit avec éclairage allumé,En agglomération,Hors intersection,Normale,Autre collision,,,,,,,,,,,5,2,1,1,6
200800067824,0008-11-04 12:05:00,8,11,4,12,5,750,105,"137, BOULEVARD SAINT MIC",,,Plein jour,En agglomération,Hors intersection,Normale,Autre collision,,,,,,,,,,,1,2,1,1,6
200800067825,0008-11-04 16:10:00,8,11,4,16,10,750,119,BOULEVARD PERIPHERIQUE I,,,Plein jour,En agglomération,Hors intersection,Normale,Deux véhicules - arrière,,,,,,,,,,,1,2,1,1,2
200800067826,0008-11-04 12:25:00,8,11,4,12,25,750,114,PORTE D ORLEANS,,,Plein jour,En agglomération,Hors intersection,Normale,Trois véhicules et plus - en chaîne,,,,,,,,,,,1,2,1,1,4
200800067827,0008-11-04 18:09:00,8,11,4,18,9,750,115,PORTE DE SEVRES,,,Nuit avec éclairage allumé,En agglomération,Hors intersection,Normale,Sans collision,,,,,,,,,,,5,2,1,1,7
200800067828,0008-11-05 14:45:00,8,11,5,14,45,750,103,"59, RUE BEAUBOURG",,,Plein jour,En agglomération,Intersection en X,Temps couvert,Autre collision,,,,,,,,,,,1,2,2,8,6
200800067829,0008-11-05 17:12:00,8,11,5,17,12,750,106,"2, RUE BLAISE DESGOFFE",,,Crépuscule ou aube,En agglomération,Hors intersection,Normale,Autre collision,,,,,,,,,,,2,2,1,1,6
200800067830,0008-11-05 13:40:00,8,11,5,13,40,750,107,"6, RUE DE SOLFERINO",,,Plein jour,En agglomération,Intersection en X,Temps couvert,Deux véhicules - côté,,,,,,,,,,,1,2,2,8,3
200800067831,0008-11-05 07:25:00,8,11,5,7,25,750,108,RUE PIERRE CHARRON,,,Nuit avec éclairage allumé,En agglomération,Intersection en X,Pluie légère,Autre collision,,,,,,,,,,,5,2,2,2,6
200800067832,0008-11-05 15:10:00,8,11,5,15,10,750,108,"71, AVENUE FRANKLIN D RO",,,Plein jour,En agglomération,Intersection en X,Normale,Trois véhicules et plus - en chaîne,,,,,,,,,,,1,2,2,1,4
200800067833,0008-11-05 11:55:00,8,11,5,11,55,750,109,"12, RUE DE DOUAI",,,Plein jour,En agglomération,Hors intersection,Normale,Autre collision,,,,,,,,,,,1,2,1,1,6
200800067834,0008-11-05 07:15:00,8,11,5,7,15,750,110,QUAI DE VALMY,,,Crépuscule ou aube,En agglomération,Hors intersection,Pluie forte,Autre collision,,,,,,,,,,,2,2,1,3,6
200800067835,0008-11-05 18:14:00,8,11,5,18,14,750,112,AVENUE DE LA PORTE DE VI,,,Nuit avec éclairage allumé,En agglomération,Intersection à plus de 4 branches,Normale,Deux véhicules - frontale,,,,,,,,,,,5,2,5,1,1
200800067836,0008-11-05 08:50:00,8,11,5,8,50,750,113,"113, AVENUE DE FRANCE",,,Plein jour,En agglomération,Intersection en T,Pluie légère,Autre collision,,,,,,,,,,,1,2,3,2,6
200800067837,0008-11-05 20:55:00,8,11,5,20,55,750,113,AVENUE DE CHOISY,,,Nuit avec éclairage allumé,En agglomération,Hors intersection,Temps couvert,Deux véhicules - côté,,,,,,,,,,,5,2,1,8,3
200800067838,0008-11-05 11:10:00,8,11,5,11,10,750,114,"143, BOULEVARD BRUNE",,,Plein jour,En agglomération,Intersection à plus de 4 branches,Temps couvert,Deux véhicules - côté,,,,,,,,,,,1,2,5,8,3
200800067839,0008-11-05 22:10:00,8,11,5,22,10,750,114,"3, AVENUE DE LA PORTE D",,,Nuit avec éclairage allumé,En agglomération,Hors intersection,Normale,Deux véhicules - côté,,,,,,,,,,,5,2,1,1,3
200800067840,0008-11-05 07:45:00,8,11,5,7,45,750,117,"117, RUE DE ROME",,,Crépuscule ou aube,En agglomération,Hors intersection,Pluie forte,Deux véhicules - côté,,,,,,,,,,,2,2,1,3,3
200800067841,0008-11-10 18:55:00,8,11,10,18,55,750,110,"1, RUE GABRIEL LAUMAIN",,,Nuit avec éclairage allumé,En agglomération,Hors intersection,Normale,Sans collision,,,,,,,,,,,5,2,1,1,7
200800067842,0008-11-10 09:05:00,8,11,10,9,5,750,111,"9, BOULEVARD VOLTAIRE",,,Plein jour,En agglomération,Intersection en X,Temps couvert,Deux véhicules - côté,,,,,,,,,,,1,2,2,8,3
200800067843,0008-11-10 11:00:00,8,11,10,11,0,750,111,"29, BOULEVARD JULES FERR",,,Plein jour,En agglomération,Intersection en T,Normale,Autre collision,,,,,,,,,,,1,2,3,1,6
200800067844,0008-11-10 15:00:00,8,11,10,15,0,750,111,RUE DU FAUBOURG SAINT AN,,,Plein jour,En agglomération,Intersection en T,Temps couvert,Deux véhicules - arrière,,,,,,,,,,,1,2,3,8,2
200800067845,0008-11-10 21:00:00,8,11,10,21,0,750,111,AVENUE DE LA REPUBLIQUE,,,Nuit avec éclairage allumé,En agglomération,Intersection en T,Normale,Autre collision,,,,,,,,,,,5,2,3,1,6
200800067846,0008-11-10 10:40:00,8,11,10,10,40,750,112,"23, RUE CHALIGNY",,,Plein jour,En agglomération,Hors intersection,Normale,Autre collision,,,,,,,,,,,1,2,1,1,6
200800067847,0008-11-10 18:00:00,8,11,10,18,0,750,112,"72, AVENUE DE SAINT MAND",,,Nuit avec éclairage allumé,En agglomération,Hors intersection,Pluie légère,Deux véhicules - côté,,,,,,,,,,,5,2,1,2,3
200800067848,0008-11-10 14:10:00,8,11,10,14,10,750,114,"92, BOULEVARD DU MONTPAR",,,Plein jour,En agglomération,Hors intersection,Normale,Autre collision,,,,,,,,,,,1,2,1,1,6
200800067849,0008-11-10 18:42:00,8,11,10,18,42,750,115,"161 bis, RUE DE LA CONVE",,,Nuit avec éclairage allumé,En agglomération,Hors intersection,Normale,Autre collision,,,,,,,,,,,5,2,1,1,6
200800067850,0008-11-10 20:05:00,8,11,10,20,5,750,115,"196, RUE DE LA CONVENTIO",,,Nuit avec éclairage allumé,En agglomération,Hors intersection,Pluie légère,Sans collision,,,,,,,,,,,5,2,1,2,7
200800067851,0008-11-10 23:15:00,8,11,10,23,15,750,115,"330, RUE LECOURBE",,,Nuit avec éclairage allumé,En agglomération,Intersection en T,Normale,Autre collision,,,,,,,,,,,5,2,3,1,6
200800067852,0008-11-10 01:05:00,8,11,10,1,5,750,116,PLACE DU MARECHAL DE LAT,,,Nuit avec éclairage allumé,En agglomération,Intersection à plus de 4 branches,Normale,Sans collision,,,,,,,,,,,5,2,5,1,7
200800067853,0008-11-10 12:00:00,8,11,10,12,0,750,117,"36, AVENUE DE LA GRANDE",,,Plein jour,En agglomération,Hors intersection,Temps couvert,Autre collision,,,,,,,,,,,1,2,1,8,6
200800067854,0008-11-10 18:20:00,8,11,10,18,20,750,118,"215, RUE D AUBERVILLIERS",,,Nuit avec éclairage allumé,En agglomération,Hors intersection,Normale,Autre collision,,,,,,,,,,,5,2,1,1,6
200800067855,0008-11-10 23:35:00,8,11,10,23,35,750,118,"104, RUE DAMREMONT",,,Nuit avec éclairage allumé,En agglomération,Intersection en X,Normale,Deux véhicules - côté,,,,,,,,,,,5,2,2,1,3
200800067856,0008-11-10 10:55:00,8,11,10,10,55,750,119,"218, RUE D AUBERVILLIERS",,,Plein jour,En agglomération,Hors intersection,Vent fort / tempête,Deux véhicules - côté,,,,,,,,,,,1,2,1,6,3
200800067857,0008-11-10 16:05:00,8,11,10,16,5,750,119,"6, AVENUE SIMON BOLIVAR",,,Plein jour,En agglomération,Intersection en X,Pluie légère,Autre collision,,,,,,,,,,,1,2,2,2,6