accident_id,datetime,annee,mois,jour,heure,minute,departement,commune_insee,adresse,latitude,longitude,luminosite,agglomeration,intersection,meteo,collision,nb_vehicules,nb_usagers,nb_indemnes,nb_tues,nb_blesses_hosp,nb_blesses_legers,age_cond_1,age_cond_2,veh_type_cond_1,veh_type_cond_2,lum_code,agg_code,int_code,atm_code,col_code
200800068239,0008-11-25 09:15:00,8,11,25,9,15,750,108,"11, RUE DES SAUSSAIES",,,Plein jour,En agglomération,Intersection en X,Normale,Deux véhicules - arrière,,,,,,,,,,,1,2,2,1,2
200800068240,0008-11-25 09:00:00,8,11,25,9,0,750,108,PLACE DE LA CONCORDE,,,Plein jour,En agglomération,Hors intersection,Normale,Autre collision,,,,,,,,,,,1,2,1,1,6
200800068241,0008-11-25 10:30:00,8,11,25,10,30,750,108,"75, BOULEVARD HAUSSMANN",,,Plein jour,En agglomération,Intersection en X,Normale,Deux véhicules - arrière,,,,,,,,,,,1,2,2,1,2
200800068242,0008-11-25 16:25:00,8,11,25,16,25,750,108,"11, AVENUE GEORGE V",,,Plein jour,En agglomération,Intersection en X,Normale,Sans collision,,,,,,,,,,,1,2,2,1,7
200800068243,0008-11-25 21:45:00,8,11,25,21,45,750,108,"08, AVENUE GEORGE V",,,Nuit avec éclairage allumé,En agglomération,Hors intersection,Temps couvert,Deux véhicules - côté,,,,,,,,,,,5,2,1,8,3
200800068244,0008-11-25 13:55:00,8,11,25,13,55,750,108,"31, BOULEVARD DE COURCEL",,,Plein jour,En agglomération,Hors intersection,Normale,Trois véhicules et plus - collisions multiples,,,,,,,,,,,1,2,1,1,5
200800068245,0008-11-25 13:45:00,8,11,25,13,45,750,109,"99, RUE DE PROVENCE",,,Plein jour,En agglomération,Hors intersection,Normale,Autre collision,,,,,,,,,,,1,2,1,1,6
200800068246,0008-11-25 13:50:00,8,11,25,13,50,750,109,"88, RUE DE CLICHY",,,Plein jour,En agglomération,Intersection en X,Normale,Autre collision,,,,,,,,,,,1,2,2,1,6
200800068247,0008-11-25 15:50:00,8,11,25,15,50,750,110,"18, BOULEVARD SAINT DENI",,,Plein jour,En agglomération,Hors intersection,Normale,Autre collision,,,,,,,,,,,1,2,1,1,6
200800068248,0008-11-25 10:20:00,8,11,25,10,20,750,111,"27, BOULEVARD VOLTAIRE",,,Plein jour,En agglomération,Hors intersection,Normale,Deux véhicules - arrière,,,,,,,,,,,1,2,1,1,2
200800068249,0008-11-25 12:40:00,8,11,25,12,40,750,112,"1, RUE DAGORNO",,,Plein jour,En agglomération,Hors intersection,Normale,Sans collision,,,,,,,,,,,1,2,1,1,7
200800068250,0008-11-25 20:25:00,8,11,25,20,25,750,112,AVENUE EMILE LAURENT,,,Nuit avec éclairage allumé,En agglomération,Intersection en X,Normale,Deux véhicules - côté,,,,,,,,,,,5,2,2,1,3
200800068251,0008-11-25 21:55:00,8,11,25,21,55,750,112,AVENUE DE SAINT MANDE,,,Nuit avec éclairage allumé,En agglomération,Intersection en X,Normale,Autre collision,,,,,,,,,,,5,2,2,1,6
200800068252,0008-11-25 18:35:00,8,11,25,18,35,750,113,"55, AVENUE D ITALIE",,,Nuit avec éclairage allumé,En agglomération,Hors intersection,Normale,Deux véhicules - côté,,,,,,,,,,,5,2,1,1,3
200800068253,0008-11-25 08:50:00,8,11,25,8,50,750,114,"129, AVENUE DU MAINE",,,Plein jour,En agglomération,Intersection en T,Normale,Deux véhicules - côté,,,,,,,,,,,1,2,3,1,3
200800068254,0008-11-25 10:25:00,8,11,25,10,25,750,114,BOULEVARD ADOLPHE PINARD,,,Plein jour,En agglomération,Hors intersection,Normale,Deux véhicules - côté,,,,,,,,,,,1,2,1,1,3
200800068255,0008-11-25 11:35:00,8,11,25,11,35,750,114,"119, AVENUE DU GENERAL L",,,Plein jour,En agglomération,Hors intersection,Normale,Deux véhicules - arrière,,,,,,,,,,,1,2,1,1,2
200800068256,0008-11-25 09:10:00,8,11,25,9,10,750,117,"27, AVENUE MAC MAHON",,,Plein jour,En agglomération,Intersection en X,Normale,Deux véhicules - côté,,,,,,,,,,,1,2,2,1,3
200800068257,0008-11-25 13:50:00,8,11,25,13,50,750,118,"78, RUE DE LA CHAPELLE",,,Plein jour,En agglomération,Hors intersection,Normale,Autre collision,,,,,,,,,,,1,2,1,1,6
200800068258,0008-11-25 21:00:00,8,11,25,21,0,750,119,"51, AVENUE DE FLANDRE",,,Nuit avec éclairage allumé,En agglomération,Hors intersection,Normale,Deux véhicules - côté,,,,,,,,,,,5,2,1,1,3
200800068259,0008-11-25 05:50:00,8,11,25,5,50,750,119,"179, BOULEVARD MACDONALD",,,Nuit avec éclairage allumé,En agglomération,Hors intersection,Normale,Deux véhicules - arrière,,,,,,,,,,,5,2,1,1,2
200800068260,0008-11-25 01:50:00,8,11,25,1,50,750,118,BOULEVARD PERIPHERIQUE E,,,Nuit avec éclairage allumé,En agglomération,Hors intersection,Normale,Sans collision,,,,,,,,,,,5,2,1,1,7
200800068261,0008-11-25 09:40:00,8,11,25,9,40,750,115,PORTE DE SEVRES,,,Plein jour,En agglomération,Intersection en Y,Normale,Autre collision,,,,,,,,,,,1,2,4,1,6
200800068262,0008-11-25 13:45:00,8,11,25,13,45,750,116,BOULEVARD PERIPHERIQUE,,,Plein jour,En agglomération,Hors intersection,Normale,Sans collision,,,,,,,,,,,1,2,1,1,7
200800068263,0008-11-25 15:05:00,8,11,25,15,5,750,119,PORTE DE PANTIN,,,Plein jour,En agglomération,Hors intersection,Normale,Deux véhicules - arrière,,,,,,,,,,,1,2,1,1,2
200800068264,0008-11-25 13:45:00,8,11,25,13,45,750,120,PORTE DES LILAS,,,Plein jour,En agglomération,Hors intersection,Normale,Deux véhicules - arrière,,,,,,,,,,,1,2,1,1,2
200800068265,0008-11-26 14:45:00,8,11,26,14,45,750,101,"2, BOULEVARD DU PALAIS",,,Plein jour,En agglomération,Hors intersection,Normale,Deux véhicules - arrière,,,,,,,,,,,1,2,1,1,2
200800068266,0008-11-26 01:11:00,8,11,26,1,11,750,106,RUE DE RENNES,,,Nuit avec éclairage allumé,En agglomération,Intersection en X,Normale,Deux véhicules - côté,,,,,,,,,,,5,2,2,1,3
200800068267,0008-11-26 13:00:00,8,11,26,13,0,750,108,"27, AVENUE GEORGE V",,,Plein jour,En agglomération,Intersection en X,Normale,Autre collision,,,,,,,,,,,1,2,2,1,6
200800068268,0008-11-26 13:50:00,8,11,26,13,50,750,108,"96, BOULEVARD HAUSSMANN",,,Plein jour,En agglomération,Intersection en X,Temps couvert,Deux véhicules - côté,,,,,,,,,,,1,2,2,8,3
200800068269,0008-11-26 09:00:00,8,11,26,9,0,750,110,PLACE DE LA REPUBLIQUE,,,Plein jour,En agglomération,Intersection en X,Normale,Autre collision,,,,,,,,,,,1,2,2,1,6
200800068270,0008-11-26 13:45:00,8,11,26,13,45,750,110,"222, RUE DU FAUBOURG SAI",,,Plein jour,En agglomération,Intersection en T,Normale,Autre collision,,,,,,,,,,,1,2,3,1,6
200800068271,0008-11-26 17:00:00,8,11,26,17,0,750,110,"6, BOULEVARD DE MAGENTA",,,Nuit avec éclairage allumé,En agglomération,Hors intersection,Normale,Autre collision,,,,,,,,,,,5,2,1,1,6
200800068272,0008-11-26 18:20:00,8,11,26,18,20,750,111,"6, PASSAGE CHARLES DALLE",,,Nuit avec éclairage allumé,En agglomération,Hors intersection,Normale,Deux véhicules - côté,,,,,,,,,,,5,2,1,1,3
200800068273,0008-11-26 13:47:00,8,11,26,13,47,750,113,"105BIS, RUE DE TOLBIAC",,,Plein jour,En agglomération,Hors intersection,Normale,Autre collision,,,,,,,,,,,1,2,1,1,6
200800068274,0008-11-26 08:28:00,8,11,26,8,28,750,114,"20, RUE LALANDE",,,Plein jour,En agglomération,Hors intersection,Normale,Deux véhicules - côté,,,,,,,,,,,1,2,1,1,3
200800068275,0008-11-26 07:50:00,8,11,26,7,50,750,115,"84, RUE BALARD",,,Plein jour,En agglomération,Intersection en X,Normale,Deux véhicules - côté,,,,,,,,,,,1,2,2,1,3
200800068276,0008-11-26 08:55:00,8,11,26,8,55,750,116,"32, RUE PAUL VALERY",,,Plein jour,En agglomération,Hors intersection,Normale,Autre collision,,,,,,,,,,,1,2,1,1,6
200800068277,0008-11-26 10:20:00,8,11,26,10,20,750,116,"73, RUE DES VIGNES",,,Plein jour,En agglomération,Intersection en X,Normale,Autre collision,,,,,,,,,,,1,2,2,1,6
200800068278,0008-11-26 17:40:00,8,11,26,17,40,750,116,ALLEE DE LONGCHAMP,,,Nuit avec éclairage allumé,En agglomération,Hors intersection,Normale,Deux véhicules - arrière,,,,,,,,,,,5,2,1,1,2
200800068279,0008-11-26 07:15:00,8,11,26,7,15,750,117,"113, AVENUE DE SAINT OUE",,,Crépuscule ou aube,En agglomération,Intersection en X,Normale,Deux véhicules - côté,,,,,,,,,,,2,2,2,1,3
200800068280,0008-11-26 11:30:00,8,11,26,11,30,750,120,"112, RUE DES ORTEAUX",,,Plein jour,En agglomération,Intersection en X,Normale,Autre collision,,,,,,,,,,,1,2,2,1,6
200800068281,0008-11-26 00:12:00,8,11,26,0,12,750,116,"37, AVENUE D IENA",,,Nuit avec éclairage allumé,En agglomération,Hors intersection,Normale,Autre collision,,,,,,,,,,,5,2,1,1,6
200800068282,0008-11-26 12:55:00,8,11,26,12,55,750,115,"28, RUE FREMICOURT",,,Plein jour,En agglomération,Hors intersection,Normale,Autre collision,,,,,,,,,,,1,2,1,1,6
200800068283,0008-11-26 07:35:00,8,11,26,7,35,750,112,PORTE DE SAINT MANDE,,,Plein jour,En agglomération,Hors intersection,Normale,Deux véhicules - côté,,,,,,,,,,,1,2,1,1,3
200800068284,0008-11-26 16:20:00,8,11,26,16,20,750,116,PORTE DAUPHINE,,,Plein jour,En agglomération,Hors intersection,Normale,Deux véhicules - côté,,,,,,,,,,,1,2,1,1,3
200800068285,0008-11-19 00:01:00,8,11,19,0,1,750,102,"36 bis, AVENUE DE L OPER",,,Nuit avec éclairage allumé,En agglomération,Hors intersection,Normale,Autre collision,,,,,,,,,,,5,2,1,1,6
200800068286,0008-11-19 14:15:00,8,11,19,14,15,750,103,"02, RUE EUGENE SPULLER",,,Plein jour,En agglomération,Intersection en X,Normale,Autre collision,,,,,,,,,,,1,2,2,1,6
200800068287,0008-11-19 11:55:00,8,11,19,11,55,750,108,"21, AVENUE DE FRIEDLAND",,,Plein jour,En agglomération,Intersection en T,Normale,Deux véhicules - côté,,,,,,,,,,,1,2,3,1,3
200800068288,0008-11-19 17:15:00,8,11,19,17,15,750,109,"02, BOULEVARD HAUSSMANN",,,Nuit avec éclairage allumé,En agglomération,Hors intersection,Normale,Autre collision,,,,,,,,,,,5,2,1,1,6
200800068289,0008-11-19 00:50:00,8,11,19,0,50,750,110,"47, BOULEVARD DE MAGENTA",,,Nuit avec éclairage allumé,En agglomération,Hors intersection,Normale,Autre collision,,,,,,,,,,,5,2,1,1,6
200800068290,0008-11-19 07:40:00,8,11,19,7,40,750,110,"02, BOULEVARD DE MAGENTA",,,Plein jour,En agglomération,Hors intersection,Normale,Autre collision,,,,,,,,,,,1,2,1,1,6
200800068291,0008-11-19 02:20:00,8,11,19,2,20,750,112,"02, COURS DE VINCENNES",,,Nuit avec éclairage allumé,En agglomération,Hors intersection,Normale,Sans collision,,,,,,,,,,,5,2,1,1,7
200800068292,0008-11-19 18:02:00,8,11,19,18,2,750,112,RUE TAINE,,,Nuit avec éclairage allumé,En agglomération,Intersection en Y,Normale,Autre collision,,,,,,,,,,,5,2,4,1,6
200800068293,0008-11-19 09:45:00,8,11,19,9,45,750,113,"42, AVENUE DE LA PORTE D",,,Plein jour,En agglomération,Hors intersection,Normale,Deux véhicules - côté,,,,,,,,,,,1,2,1,1,3
200800068294,0008-11-19 16:40:00,8,11,19,16,40,750,113,"7, BOULEVARD MASSENA",,,Nuit avec éclairage allumé,En agglomération,Intersection en T,Normale,Sans collision,,,,,,,,,,,5,2,3,1,7
200800068295,0008-11-19 21:45:00,8,11,19,21,45,750,113,"98, BOULEVARD DE L HOPIT",,,Nuit avec éclairage allumé,En agglomération,Hors intersection,Normale,Autre collision,,,,,,,,,,,5,2,1,1,6
200800068296,0008-11-19 19:45:00,8,11,19,19,45,750,114,"71, AVENUE DU GENERAL LE",,,Nuit avec éclairage allumé,En agglomération,Hors intersection,Normale,Autre collision,,,,,,,,,,,5,2,1,1,6
200800068297,0008-11-19 16:35:00,8,11,19,16,35,750,114,"106, BOULEVARD ARAGO",,,Plein jour,En agglomération,Hors intersection,Normale,Deux véhicules - côté,,,,,,,,,,,1,2,1,1,3
200800068298,0008-11-19 18:00:00,8,11,19,18,0,750,115,"220, RUE DE LA CONVENTIO",,,Nuit avec éclairage allumé,En agglomération,Hors intersection,Normale,Autre collision,,,,,,,,,,,5,2,1,1,6
200800068299,0008-11-19 11:15:00,8,11,19,11,15,750,116,"60, AVENUE HENRI MARTIN",,,Plein jour,En agglomération,Intersection en X,Temps couvert,Deux véhicules - côté,,,,,,,,,,,1,2,2,8,3
200800068300,0008-11-19 12:10:00,8,11,19,12,10,750,116,PLACE JEAN MONNET,,,Plein jour,En agglomération,Intersection à plus de 4 branches,Normale,Autre collision,,,,,,,,,,,1,2,5,1,6
200800068301,0008-11-19 14:23:00,8,11,19,14,23,750,116,RUE DE LA POMPE,,,Plein jour,En agglomération,Intersection en X,Normale,Autre collision,,,,,,,,,,,1,2,2,1,6
200800068302,0008-11-19 15:40:00,8,11,19,15,40,750,116,QUAI LOUIS BLERIOT,,,Plein jour,En agglomération,Hors intersection,Temps couvert,Autre collision,,,,,,,,,,,1,2,1,8,6
200800068303,0008-11-19 18:00:00,8,11,19,18,0,750,116,BOULEVARD LANNES,,,Nuit avec éclairage allumé,En agglomération,Intersection en T,Normale,Deux véhicules - arrière,,,,,,,,,,,5,2,3,1,2
200800068304,0008-11-19 22:30:00,8,11,19,22,30,750,116,"109, AVENUE VICTOR HUGO",,,Nuit avec éclairage allumé,En agglomération,Hors intersection,Normale,Trois véhicules et plus - en chaîne,,,,,,,,,,,5,2,1,1,4
200800068305,0008-11-19 09:25:00,8,11,19,9,25,750,119,RUE RAOUL WALLENBERG,,,Plein jour,En agglomération,Hors intersection,Normale,Autre collision,,,,,,,,,,,1,2,1,1,6
200800068306,0008-11-19 10:35:00,8,11,19,10,35,750,119,"17, AVENUE JEAN JAURES",,,Plein jour,En agglomération,Hors intersection,Normale,Deux véhicules - arrière,,,,,,,,,,,1,2,1,1,2
200800068307,0008-11-19 07:35:00,8,11,19,7,35,750,120,RUE D AVRON,,,Plein jour,En agglomération,Intersection en X,Normale,Deux véhicules - côté,,,,,,,,,,,1,2,2,1,3
200800068308,0008-11-19 20:50:00,8,11,19,20,50,750,120,RUE BELGRAND,,,Nuit sans éclairage public,En agglomération,Intersection en T,Normale,Autre collision,,,,,,,,,,,3,2,3,1,6
200800068309,0008-11-24 16:55:00,8,11,24,16,55,750,116,"2, AVENUE FOCH",,,Nuit avec éclairage allumé,En agglomération,Intersection en X,Temps couvert,Deux véhicules - arrière,,,,,,,,,,,5,2,2,8,2
200800068310,0008-11-19 20:15:00,8,11,19,20,15,750,104,"88, RUE DE RIVOLI",,,Nuit avec éclairage allumé,En agglomération,Intersection en X,Normale,Autre collision,,,,,,,,,,,5,2,2,1,6
200800068311,0008-11-19 13:40:00,8,11,19,13,40,750,118,PORTE DE CLIGNANCOURT,,,Plein jour,En agglomération,Hors intersection,Normale,Autre collision,,,,,,,,,,,1,2,1,1,6
200800068312,0008-11-19 19:45:00,8,11,19,19,45,750,115,PORTE D ISSY,,,Nuit avec éclairage allumé,En agglomération,Hors intersection,Normale,Trois véhicules et plus - collisions multiples,,,,,,,,,,,5,2,1,1,5
200800068313,0008-11-18 01:15:00,8,11,18,1,15,750,101,"182, RUE DE RIVOLI",,,Nuit avec éclairage allumé,En agglomération,Hors intersection,Pluie légère,Deux véhicules - arrière,,,,,,,,,,,5,2,1,2,2
200800068314,0008-11-18 19:05:00,8,11,18,19,5,750,101,QUAI DES TUILERIES,,,Nuit avec éclairage allumé,En agglomération,Hors intersection,Pluie légère,Sans collision,,,,,,,,,,,5,2,1,2,7
200800068315,0008-11-18 21:30:00,8,11,18,21,30,750,101,"20, AVENUE DE L OPERA",,,Nuit avec éclairage allumé,En agglomération,Intersection en X,Autre,Sans collision,,,,,,,,,,,5,2,2,9,7
200800068316,0008-11-18 10:30:00,8,11,18,10,30,750,104,"24, QUAI DES CELESTINS",,,Plein jour,En agglomération,Intersection en T,Pluie légère,Sans collision,,,,,,,,,,,1,2,3,2,7
200800068317,0008-11-18 15:00:00,8,11,18,15,0,750,106,"165, RUE DE RENNES",,,Plein jour,En agglomération,Hors intersection,Pluie légère,Autre collision,,,,,,,,,,,1,2,1,2,6
200800068318,0008-11-18 09:30:00,8,11,18,9,30,750,107,"06, BOULEVARD DES INVALI",,,Plein jour,En agglomération,Hors intersection,Temps couvert,Sans collision,,,,,,,,,,,1,2,1,8,7
200800068319,0008-11-18 21:00:00,8,11,18,21,0,750,107,"29, BOULEVARD DES INVALI",,,Nuit avec éclairage allumé,En agglomération,Intersection en T,Pluie légère,Autre collision,,,,,,,,,,,5,2,3,2,6
200800068320,0008-11-18 21:50:00,8,11,18,21,50,750,108,AVENUE DES CHAMPS ELYSEE,,,Nuit avec éclairage allumé,En agglomération,Hors intersection,Pluie légère,Deux véhicules - côté,,,,,,,,,,,5,2,1,2,3
200800068321,0008-11-18 11:15:00,8,11,18,11,15,750,110,RUE DE LA GRANGE AUX BEL,,,Plein jour,En agglomération,Intersection en X,Pluie légère,Deux véhicules - côté,,,,,,,,,,,1,2,2,2,3
200800068322,0008-11-18 20:40:00,8,11,18,20,40,750,110,RUE LOUIS BLANC,,,Nuit avec éclairage allumé,En agglomération,Intersection en X,Pluie légère,Deux véhicules - arrière,,,,,,,,,,,5,2,2,2,2
200800068323,0008-11-18 10:10:00,8,11,18,10,10,750,111,"51 bis, AVENUE DE LA REP",,,Plein jour,En agglomération,Hors intersection,Pluie légère,Deux véhicules - côté,,,,,,,,,,,1,2,1,2,3
200800068324,0008-11-18 23:30:00,8,11,18,23,30,750,111,"59, AVENUE DE LA REPUBLI",,,Nuit avec éclairage allumé,En agglomération,Intersection en X,Normale,Autre collision,,,,,,,,,,,5,2,2,1,6
200800068325,0008-11-18 07:40:00,8,11,18,7,40,750,113,"173, AVENUE DE CHOISY",,,Plein jour,En agglomération,Hors intersection,Pluie légère,Autre collision,,,,,,,,,,,1,2,1,2,6
200800068326,0008-11-18 09:55:00,8,11,18,9,55,750,113,PLACE D ITALIE,,,Plein jour,En agglomération,Intersection à plus de 4 branches,Pluie légère,Sans collision,,,,,,,,,,,1,2,5,2,7
200800068327,0008-11-18 11:45:00,8,11,18,11,45,750,113,"34, RUE DE LA GLACIERE",,,Plein jour,En agglomération,Intersection en X,Pluie légère,Autre collision,,,,,,,,,,,1,2,2,2,6
200800068328,0008-11-18 19:50:00,8,11,18,19,50,750,113,"83, RUE DE L AMIRAL MOUC",,,Nuit avec éclairage allumé,En agglomération,Hors intersection,Autre,Autre collision,,,,,,,,,,,5,2,1,9,6
200800068329,0008-11-18 20:05:00,8,11,18,20,5,750,113,"72, RUE DE TOLBIAC",,,Nuit avec éclairage allumé,En agglomération,Intersection en T,Pluie légère,Autre collision,,,,,,,,,,,5,2,3,2,6
200800068330,0008-11-18 09:45:00,8,11,18,9,45,750,115,"202, RUE DE LA CONVENTIO",,,Plein jour,En agglomération,Hors intersection,Pluie légère,Sans collision,,,,,,,,,,,1,2,1,2,7
200800068331,0008-11-18 09:05:00,8,11,18,9,5,750,116,AVENUE DE LA PORTE DE SA,,,Plein jour,En agglomération,Intersection en Y,Pluie légère,Sans collision,,,,,,,,,,,1,2,4,2,7
200800068332,0008-11-18 15:30:00,8,11,18,15,30,750,116,RUE SAINT DIDIER,,,Plein jour,En agglomération,Intersection à plus de 4 branches,Pluie légère,Sans collision,,,,,,,,,,,1,2,5,2,7
200800068333,0008-11-18 07:25:00,8,11,18,7,25,750,117,AVENUE DE LA PORTE D ASN,,,Crépuscule ou aube,En agglomération,Intersection en X,Pluie légère,Deux véhicules - côté,,,,,,,,,,,2,2,2,2,3
200800068334,0008-11-18 17:40:00,8,11,18,17,40,750,117,"80, AVENUE DE LA GRANDE",,,Nuit avec éclairage allumé,En agglomération,Intersection à plus de 4 branches,Normale,Autre collision,,,,,,,,,,,5,2,5,1,6
200800068335,0008-11-18 18:20:00,8,11,18,18,20,750,117,"2, AVENUE DE LA PORTE DE",,,Nuit avec éclairage allumé,En agglomération,Hors intersection,Pluie légère,Deux véhicules - côté,,,,,,,,,,,5,2,1,2,3
200800068336,0008-11-18 20:00:00,8,11,18,20,0,750,117,AVENUE DE NEUILLY,,,Nuit avec éclairage allumé,En agglomération,Hors intersection,Pluie légère,Autre collision,,,,,,,,,,,5,2,1,2,6
200800068337,0008-11-18 22:15:00,8,11,18,22,15,750,117,"34, AVENUE DE LA PORTE D",,,Nuit avec éclairage allumé,En agglomération,Intersection en Y,Normale,Autre collision,,,,,,,,,,,5,2,4,1,6
200800068338,0008-11-18 14:40:00,8,11,18,14,40,750,119,"114, BOULEVARD DE LA VIL",,,Plein jour,En agglomération,Hors intersection,Temps couvert,Sans collision,,,,,,,,,,,1,2,1,8,7
200800068339,0008-11-18 19:15:00,8,11,18,19,15,750,119,"64, AVENUE SIMON BOLIVAR",,,Nuit avec éclairage allumé,En agglomération,Hors intersection,Normale,Deux véhicules - arrière,,,,,,,,,,,5,2,1,1,2
200800068340,0008-11-18 23:25:00,8,11,18,23,25,750,119,"19, AVENUE JEAN JAURES",,,Nuit avec éclairage allumé,En agglomération,Hors intersection,Normale,Deux véhicules - côté,,,,,,,,,,,5,2,1,1,3
200800068341,0008-11-18 10:35:00,8,11,18,10,35,750,120,"30, BOULEVARD DE BELLEVI",,,Plein jour,En agglomération,Hors intersection,Pluie légère,Deux véhicules - côté,,,,,,,,,,,1,2,1,2,3
200800068342,0008-11-18 21:40:00,8,11,18,21,40,750,117,"139, AVENUE DE SAINT OUE",,,Nuit avec éclairage allumé,En agglomération,Intersection en T,Pluie légère,Deux véhicules - côté,,,,,,,,,,,5,2,3,2,3
200800068343,0008-11-18 07:35:00,8,11,18,7,35,750,117,PORTE DE CLICHY,,,Plein jour,En agglomération,Hors intersection,Pluie légère,Deux véhicules - arrière,,,,,,,,,,,1,2,1,2,2
200800068344,0008-11-18 18:50:00,8,11,18,18,50,750,117,PORTE DE CLICHY,,,Nuit avec éclairage allumé,En agglomération,Hors intersection,Pluie légère,Deux véhicules - côté,,,,,,,,,,,5,2,1,2,3
200800068345,0008-11-18 17:15:00,8,11,18,17,15,750,103,"39, RUE DE TURBIGO",,,Nuit avec éclairage allumé,En agglomération,Hors intersection,Normale,Deux véhicules - côté,,,,,,,,,,,5,2,1,1,3
200800068346,0008-11-28 16:45:00,8,11,28,16,45,750,102,"58, RUE DU LOUVRE",,,Plein jour,En agglomération,Intersection en X,Normale,Deux véhicules - arrière,,,,,,,,,,,1,2,2,1,2
200800068347,0008-11-28 19:00:00,8,11,28,19,0,750,103,"1, RUE DU PONT AUX CHOUX",,,Nuit sans éclairage public,En agglomération,Intersection en T,Normale,Autre collision,,,,,,,,,,,3,2,3,1,6
200800068348,0008-11-28 22:25:00,8,11,28,22,25,750,103,"201, RUE DU TEMPLE",,,Nuit avec éclairage allumé,En agglomération,Intersection en X,Normale,Deux véhicules - côté,,,,,,,,,,,5,2,2,1,3
200800068349,0008-11-28 15:35:00,8,11,28,15,35,750,105,RUE MONGE,,,Plein jour,En agglomération,Intersection en X,Temps couvert,Deux véhicules - côté,,,,,,,,,,,1,2,2,8,3
200800068350,0008-11-28 17:35:00,8,11,28,17,35,750,108,AVENUE MARCEAU,,,Crépuscule ou aube,En agglomération,Intersection en X,Normale,Deux véhicules - côté,,,,,,,,,,,2,2,2,1,3
200800068351,0008-11-28 17:15:00,8,11,28,17,15,750,108,AVENUE MONTAIGNE,,,Nuit avec éclairage allumé,En agglomération,Place,Temps couvert,Autre collision,,,,,,,,,,,5,2,7,8,6
200800068352,0008-11-28 19:50:00,8,11,28,19,50,750,108,AVENUE DES CHAMPS ELYSEE,,,Nuit avec éclairage allumé,En agglomération,Intersection en X,Normale,Deux véhicules - arrière,,,,,,,,,,,5,2,2,1,2
200800068353,0008-11-28 11:45:00,8,11,28,11,45,750,109,"54, BOULEVARD HAUSSMANN",,,Plein jour,En agglomération,Intersection en T,Normale,Autre collision,,,,,,,,,,,1,2,3,1,6
200800068354,0008-11-28 12:30:00,8,11,28,12,30,750,113,"2, RUE DE PATAY",,,Plein jour,En agglomération,Intersection en X,Normale,Autre collision,,,,,,,,,,,1,2,2,1,6
200800068355,0008-11-28 18:20:00,8,11,28,18,20,750,113,"80, RUE DE TOLBIAC",,,Nuit avec éclairage allumé,En agglomération,Hors intersection,Normale,Autre collision,,,,,,,,,,,5,2,1,1,6
200800068356,0008-11-28 00:01:00,8,11,28,0,1,750,114,"face au 02, RUE NANSOUTY",,,Nuit avec éclairage allumé,En agglomération,Hors intersection,Normale,Autre collision,,,,,,,,,,,5,2,1,1,6
200800068357,0008-11-28 12:55:00,8,11,28,12,55,750,114,RUE D ALESIA,,,Plein jour,En agglomération,Intersection en X,Pluie légère,Deux véhicules - côté,,,,,,,,,,,1,2,2,2,3
200800068358,0008-11-28 09:00:00,8,11,28,9,0,750,115,RUE BALARD,,,Plein jour,En agglomération,Intersection en T,Normale,Autre collision,,,,,,,,,,,1,2,3,1,6
200800068359,0008-11-28 17:29:00,8,11,28,17,29,750,115,"128, AVENUE EMILE ZOLA",,,Nuit avec éclairage allumé,En agglomération,Hors intersection,Normale,Autre collision,,,,,,,,,,,5,2,1,1,6
200800068360,0008-11-28 19:00:00,8,11,28,19,0,750,116,ALLEE DE LONGCHAMP,,,Nuit avec éclairage allumé,En agglomération,Intersection en X,Temps couvert,Deux véhicules - frontale,,,,,,,,,,,5,2,2,8,1
200800068361,0008-11-28 19:40:00,8,11,28,19,40,750,116,AVENUE FOCH,,,Nuit avec éclairage allumé,En agglomération,Hors intersection,Normale,Deux véhicules - arrière,,,,,,,,,,,5,2,1,1,2
200800068362,0008-11-19 12:00:00,8,11,19,12,0,750,110,"118, RUE LA FAYETTE",,,Plein jour,En agglomération,Hors intersection,Normale,Autre collision,,,,,,,,,,,1,2,1,1,6
200800068363,0008-11-28 08:40:00,8,11,28,8,40,750,117,"75, RUE DE ROME",,,Plein jour,En agglomération,Intersection en X,Temps couvert,Autre collision,,,,,,,,,,,1,2,2,8,6
200800068364,0008-11-28 12:00:00,8,11,28,12,0,750,117,"148, BOULEVARD MALESHERB",,,Plein jour,En agglomération,Intersection en T,Normale,Deux véhicules - côté,,,,,,,,,,,1,2,3,1,3
200800068365,0008-11-28 13:35:00,8,11,28,13,35,750,117,"10, RUE DU DOCTEUR PAUL",,,Plein jour,En agglomération,Intersection en X,Normale,Autre collision,,,,,,,,,,,1,2,2,1,6
200800068366,0008-11-28 16:30:00,8,11,28,16,30,750,117,"179, AVENUE DE CLICHY",,,Plein jour,En agglomération,Hors intersection,Normale,Deux véhicules - frontale,,,,,,,,,,,1,2,1,1,1
200800068367,0008-11-28 12:00:00,8,11,28,12,0,750,118,"59, RUE CAULAINCOURT",,,Plein jour,En agglomération,Hors intersection,Normale,Sans collision,,,,,,,,,,,1,2,1,1,7
200800068368,0008-11-28 16:25:00,8,11,28,16,25,750,118,"101, RUE DU POTEAU",,,Nuit avec éclairage allumé,En agglomération,Intersection en X,Normale,Autre collision,,,,,,,,,,,5,2,2,1,6