accident_id,datetime,annee,mois,jour,heure,minute,departement,commune_insee,adresse,latitude,longitude,luminosite,agglomeration,intersection,meteo,collision,nb_vehicules,nb_usagers,nb_indemnes,nb_tues,nb_blesses_hosp,nb_blesses_legers,age_cond_1,age_cond_2,veh_type_cond_1,veh_type_cond_2,lum_code,agg_code,int_code,atm_code,col_code
200800068632,0008-12-17 19:30:00,8,12,17,19,30,760,13,,49.766,0.503,Nuit avec éclairage allumé,En agglomération,Hors intersection,Normale,Autre collision,,,,,,,,,,,5,2,1,1,6
200800068633,0008-12-17 18:30:00,8,12,17,18,30,760,198,rue de l avenir,49.685,0.847,Crépuscule ou aube,En agglomération,Hors intersection,Normale,Deux véhicules - côté,,,,,,,,,,,2,2,1,1,3
200800068634,0008-12-04 12:30:00,8,12,4,12,30,270,504,,,,Plein jour,Hors agglomération,Hors intersection,Normale,Deux véhicules - côté,,,,,,,,,,,1,1,1,1,3
200800068635,0008-12-21 20:45:00,8,12,21,20,45,270,378,,,,Nuit sans éclairage public,Hors agglomération,Giratoire,Normale,Deux véhicules - côté,,,,,,,,,,,3,1,6,1,3
200800068636,0008-12-19 17:00:00,8,12,19,17,0,270,193,,,,Nuit sans éclairage public,Hors agglomération,Hors intersection,Pluie légère,Deux véhicules - frontale,,,,,,,,,,,3,1,1,2,1
200800068637,0008-12-06 16:30:00,8,12,6,16,30,270,679,avenue du General De Gau,48.743,0.939,Plein jour,En agglomération,Hors intersection,Normale,Deux véhicules - côté,,,,,,,,,,,1,2,1,1,3
200800068638,0008-12-06 17:15:00,8,12,6,17,15,270,159,LIEU DIT LE BOIS DROUARD,,,Crépuscule ou aube,En agglomération,Hors intersection,Normale,Autre collision,,,,,,,,,,,2,2,1,1,6
200800068639,0008-12-16 23:15:00,8,12,16,23,15,270,679,ROUTE PORTE DE MORTAGNE,48.74,0.921,Nuit avec éclairage allumé,En agglomération,Hors intersection,Normale,Autre collision,,,,,,,,,,,5,2,1,1,6
200800068640,0008-12-19 15:15:00,8,12,19,15,15,270,69,,48.814,0.746,Plein jour,Hors agglomération,Hors intersection,Normale,Deux véhicules - frontale,,,,,,,,,,,1,1,1,1,1
200800068641,0008-12-25 19:15:00,8,12,25,19,15,270,195,,48.806,0.997,Nuit sans éclairage public,Hors agglomération,Intersection en X,Normale,Deux véhicules - côté,,,,,,,,,,,3,1,2,1,3
200800068642,0008-12-28 11:15:00,8,12,28,11,15,270,16,,,,Plein jour,En agglomération,Hors intersection,Normale,Autre collision,,,,,,,,,,,1,2,1,1,6
200800068643,0008-12-05 07:45:00,8,12,5,7,45,270,487,,,,Crépuscule ou aube,Hors agglomération,Hors intersection,Pluie légère,Autre collision,,,,,,,,,,,2,1,1,2,6
200800068644,0008-12-11 16:30:00,8,12,11,16,30,270,488,,,,Plein jour,Hors agglomération,Hors intersection,Normale,Deux véhicules - côté,,,,,,,,,,,1,1,1,1,3
200800068645,0008-12-09 10:30:00,8,12,9,10,30,270,284,RUE PIERRE DURAND,,,Plein jour,En agglomération,Hors intersection,Temps couvert,Deux véhicules - côté,,,,,,,,,,,1,2,1,8,3
200800068646,0008-12-20 23:30:00,8,12,20,23,30,270,284,,,,Nuit sans éclairage public,Hors agglomération,Hors intersection,Normale,Sans collision,,,,,,,,,,,3,1,1,1,7
200800068647,0008-12-28 01:00:00,8,12,28,1,0,270,67,,49.3,1.66,Nuit sans éclairage public,Hors agglomération,Hors intersection,Normale,Deux véhicules - frontale,,,,,,,,,,,3,1,1,1,1
200800068648,0008-12-11 13:00:00,8,12,11,13,0,270,398,avenue lottin de laval,,,Plein jour,En agglomération,Autre intersection,Normale,Autre collision,,,,,,,,,,,1,2,9,1,6
200800068649,0008-12-02 20:45:00,8,12,2,20,45,270,311,,49.158,0.761,Nuit avec éclairage allumé,Hors agglomération,Hors intersection,Pluie légère,Autre collision,,,,,,,,,,,5,1,1,2,6
200800068650,0008-12-27 17:15:00,8,12,27,17,15,270,1,,,,Nuit sans éclairage public,Hors agglomération,Hors intersection,Temps couvert,Sans collision,,,,,,,,,,,3,1,1,8,7
200800068651,0008-12-09 15:15:00,8,12,9,15,15,270,382,,49.207,1.021,Plein jour,Hors agglomération,Intersection en X,Normale,Deux véhicules - côté,,,,,,,,,,,1,1,2,1,3
200800068652,0008-12-09 08:45:00,8,12,9,8,45,270,563,,,,Plein jour,Hors agglomération,Hors intersection,Pluie légère,Trois véhicules et plus - collisions multiples,,,,,,,,,,,1,1,1,2,5
200800068653,0008-12-25 22:15:00,8,12,25,22,15,270,467,RD622  PONT AUDEMER,,,Nuit avec éclairage non allumé,En agglomération,Hors intersection,Normale,Autre collision,,,,,,,,,,,4,2,1,1,6
200800068654,0008-12-02 17:30:00,8,12,2,17,30,270,500,route de l'abbe clement,,,Nuit avec éclairage allumé,En agglomération,Hors intersection,Temps couvert,Deux véhicules - côté,,,,,,,,,,,5,2,1,8,3
200800068655,0008-12-25 17:30:00,8,12,25,17,30,270,105,,,,Crépuscule ou aube,Hors agglomération,Hors intersection,Temps couvert,Autre collision,,,,,,,,,,,2,1,1,8,6
200800068656,0008-12-05 18:00:00,8,12,5,18,0,350,47,rue Marcle Pagnol,,,Nuit avec éclairage allumé,En agglomération,Hors intersection,Normale,Autre collision,,,,,,,,,,,5,2,1,1,6
200800068657,0008-12-07 05:00:00,8,12,7,5,0,350,47,rue des rosiers,,,Nuit sans éclairage public,En agglomération,Hors intersection,Normale,Autre collision,,,,,,,,,,,3,2,1,1,6
200800068658,0008-12-01 12:15:00,8,12,1,12,15,350,216,,48.202,-1.83,Plein jour,Hors agglomération,Intersection en X,Normale,Deux véhicules - frontale,,,,,,,,,,,1,1,2,1,1
200800068659,0008-12-10 13:45:00,8,12,10,13,45,350,233,,48.358,-1.822,Plein jour,Hors agglomération,Autre intersection,Autre,Deux véhicules - côté,,,,,,,,,,,1,1,9,9,3
200800068660,0008-12-10 19:00:00,8,12,10,19,0,350,94,,48.341,-1.718,Nuit sans éclairage public,Hors agglomération,Hors intersection,Normale,Deux véhicules - côté,,,,,,,,,,,3,1,1,1,3
200800068661,0008-12-21 05:00:00,8,12,21,5,0,350,184,LA HAUTE ROUVRAIS,48.204,-2.076,Nuit sans éclairage public,En agglomération,Hors intersection,Normale,Autre collision,,,,,,,,,,,3,2,1,1,6
200800068662,0008-12-02 07:30:00,8,12,2,7,30,350,133,Rue de Gael,,,Crépuscule ou aube,En agglomération,Hors intersection,Pluie forte,Autre collision,,,,,,,,,,,2,2,1,3,6
200800068663,0008-12-11 17:45:00,8,12,11,17,45,350,133,,,,Crépuscule ou aube,Hors agglomération,Hors intersection,Brouillard / fumée,Autre collision,,,,,,,,,,,2,1,1,5,6
200800068664,0008-12-31 12:45:00,8,12,31,12,45,350,188,Bld Surcouf,,,Plein jour,En agglomération,Hors intersection,Normale,Deux véhicules - côté,,,,,,,,,,,1,2,1,1,3
200800068665,0008-12-10 21:45:00,8,12,10,21,45,350,80,,,,Nuit sans éclairage public,Hors agglomération,Hors intersection,Normale,Autre collision,,,,,,,,,,,3,1,1,1,6
200800068666,0008-12-14 11:15:00,8,12,14,11,15,350,37,rond point du hindre,,,Plein jour,En agglomération,Giratoire,Normale,Autre collision,,,,,,,,,,,1,2,6,1,6
200800068667,0008-12-10 13:15:00,8,12,10,13,15,350,18,,,,Plein jour,Hors agglomération,Autre intersection,Temps couvert,Deux véhicules - frontale,,,,,,,,,,,1,1,9,8,1
200800068668,0008-12-01 08:15:00,8,12,1,8,15,350,280,,,,Plein jour,Hors agglomération,Hors intersection,Normale,Deux véhicules - côté,,,,,,,,,,,1,1,1,1,3
200800068669,0008-12-19 07:15:00,8,12,19,7,15,350,30,,,,Nuit sans éclairage public,Hors agglomération,Hors intersection,Brouillard / fumée,Deux véhicules - côté,,,,,,,,,,,3,1,1,5,3
200800068670,0008-12-04 17:45:00,8,12,4,17,45,350,285,,,,Nuit sans éclairage public,Hors agglomération,Hors intersection,Normale,Autre collision,,,,,,,,,,,3,1,1,1,6
200800068671,0008-12-05 21:45:00,8,12,5,21,45,350,16,,47.99,-1.908,Nuit sans éclairage public,Hors agglomération,Hors intersection,Normale,Autre collision,,,,,,,,,,,3,1,1,1,6
200800068672,0008-12-07 05:45:00,8,12,7,5,45,350,57,,47.93,-1.945,Nuit sans éclairage public,Hors agglomération,Hors intersection,Normale,Sans collision,,,,,,,,,,,3,1,1,1,7
200800068673,0008-12-17 17:30:00,8,12,17,17,30,350,123,,48.026,-1.789,Nuit sans éclairage public,Hors agglomération,Hors intersection,Normale,Trois véhicules et plus - en chaîne,,,,,,,,,,,3,1,1,1,4
200800068674,0008-12-19 20:00:00,8,12,19,20,0,350,129,,47.879,-1.875,Nuit sans éclairage public,Hors agglomération,Hors intersection,Normale,Trois véhicules et plus - collisions multiples,,,,,,,,,,,3,1,1,1,5
200800068675,0008-12-23 08:15:00,8,12,23,8,15,350,123,,48.031,-1.791,Nuit sans éclairage public,Hors agglomération,Hors intersection,Normale,Deux véhicules - frontale,,,,,,,,,,,3,1,1,1,1
200800068676,0008-12-03 17:45:00,8,12,3,17,45,350,17,,,,Nuit sans éclairage public,Hors agglomération,Hors intersection,Autre,Deux véhicules - côté,,,,,,,,,,,3,1,1,9,3
200800068677,0008-12-13 18:00:00,8,12,13,18,0,350,299,,,,Nuit sans éclairage public,Hors agglomération,Hors intersection,Pluie légère,Deux véhicules - frontale,,,,,,,,,,,3,1,1,2,1
200800068678,0008-12-19 14:00:00,8,12,19,14,0,350,299,,,,Plein jour,Hors agglomération,Hors intersection,Normale,Autre collision,,,,,,,,,,,1,1,1,1,6
200800068679,0008-12-01 10:15:00,8,12,1,10,15,350,85,,48.427,-1.773,Plein jour,Hors agglomération,Hors intersection,Normale,Deux véhicules - côté,,,,,,,,,,,1,1,1,1,3
200800068680,0008-12-02 17:15:00,8,12,2,17,15,350,186,,48.566,-1.774,Crépuscule ou aube,Hors agglomération,Hors intersection,Pluie forte,Autre collision,,,,,,,,,,,2,1,1,3,6
200800068681,0008-12-02 07:30:00,8,12,2,7,30,350,105,,,,Nuit sans éclairage public,Hors agglomération,Hors intersection,Autre,Autre collision,,,,,,,,,,,3,1,1,9,6
200800068682,0008-12-03 18:45:00,8,12,3,18,45,350,207,rue Francis Monnoyeur,,,Nuit sans éclairage public,En agglomération,Hors intersection,Normale,Deux véhicules - côté,,,,,,,,,,,3,2,1,1,3
200800068683,0008-12-05 07:45:00,8,12,5,7,45,350,198,,48.034,-1.38,Crépuscule ou aube,Hors agglomération,Hors intersection,Pluie légère,Deux véhicules - côté,,,,,,,,,,,2,1,1,2,3
200800068684,0008-12-17 08:45:00,8,12,17,8,45,350,235,,47.876,-1.269,Crépuscule ou aube,Hors agglomération,Hors intersection,Temps couvert,Trois véhicules et plus - collisions multiples,,,,,,,,,,,2,1,1,8,5
200800068685,0008-12-17 18:15:00,8,12,17,18,15,220,158,,48.202,-2.988,Nuit avec éclairage allumé,Hors agglomération,Hors intersection,Normale,Trois véhicules et plus - collisions multiples,,,,,,,,,,,5,1,1,1,5
200800068686,0008-12-29 16:00:00,8,12,29,16,0,220,298,,48.209,-2.898,Plein jour,Hors agglomération,Hors intersection,Normale,Deux véhicules - frontale,,,,,,,,,,,1,1,1,1,1
200800068687,0008-12-10 17:45:00,8,12,10,17,45,220,389,Rue d'armorique,48.48,-2.67,Nuit avec éclairage allumé,En agglomération,Hors intersection,Pluie forte,Autre collision,,,,,,,,,,,5,2,1,3,6
200800068688,0008-12-12 18:00:00,8,12,12,18,0,220,273,,,,Nuit sans éclairage public,Hors agglomération,Hors intersection,Pluie légère,Trois véhicules et plus - en chaîne,,,,,,,,,,,3,1,1,2,4
200800068689,0008-12-16 08:00:00,8,12,16,8,0,220,186,rue de la motte,48.58,-2.53,Crépuscule ou aube,En agglomération,Hors intersection,Normale,Autre collision,,,,,,,,,,,2,2,1,1,6
200800068690,0008-12-18 16:00:00,8,12,18,16,0,220,339,,48.503,-2.064,Plein jour,Hors agglomération,Hors intersection,Normale,Deux véhicules - frontale,,,,,,,,,,,1,1,1,1,1
200800068691,0008-12-24 16:00:00,8,12,24,16,0,220,213,,48.511,-1.998,Plein jour,Hors agglomération,Hors intersection,Normale,Deux véhicules - frontale,,,,,,,,,,,1,1,1,1,1
200800068692,0008-12-10 08:45:00,8,12,10,8,45,220,114,LE ROCHER,48.255,-2.292,Plein jour,En agglomération,Hors intersection,Autre,Deux véhicules - côté,,,,,,,,,,,1,2,1,9,3
200800068693,0008-12-22 15:30:00,8,12,22,15,30,220,239,,48.35,-2.103,Plein jour,Hors agglomération,Hors intersection,Normale,Deux véhicules - côté,,,,,,,,,,,1,1,1,1,3
200800068694,0008-12-07 16:15:00,8,12,7,16,15,220,237,,48.51,-2.25,Plein jour,Hors agglomération,Hors intersection,Normale,Deux véhicules - frontale,,,,,,,,,,,1,1,1,1,1
200800068695,0008-12-05 15:15:00,8,12,5,15,15,220,77,,48.533,-2.422,Plein jour,Hors agglomération,Hors intersection,Temps couvert,Deux véhicules - côté,,,,,,,,,,,1,1,1,8,3
200800068696,0008-12-27 14:00:00,8,12,27,14,0,220,143,rue Ledan,48.599,-2.289,Plein jour,En agglomération,Hors intersection,Temps éblouissant,Deux véhicules - côté,,,,,,,,,,,1,2,1,7,3
200800068697,0008-12-10 15:15:00,8,12,10,15,15,220,70,23 rue  Ponts St Michel,48.566,-3.151,Plein jour,En agglomération,Hors intersection,Temps éblouissant,Autre collision,,,,,,,,,,,1,2,1,7,6
200800068698,0008-12-19 08:00:00,8,12,19,8,0,220,225,,,,Nuit sans éclairage public,Hors agglomération,Hors intersection,Normale,Deux véhicules - côté,,,,,,,,,,,3,1,1,1,3
200800068699,0008-12-03 17:30:00,8,12,3,17,30,220,119,,48.607,-3.539,Crépuscule ou aube,Hors agglomération,Hors intersection,Temps couvert,Deux véhicules - arrière,,,,,,,,,,,2,1,1,8,2
200800068700,0008-12-30 14:45:00,8,12,30,14,45,220,194,Rue Claude Cotty,48.668,-3.63,Plein jour,En agglomération,Hors intersection,Normale,Autre collision,,,,,,,,,,,1,2,1,1,6
200800068701,0008-12-03 21:30:00,8,12,3,21,30,220,198,,48.775,-3.513,Nuit sans éclairage public,Hors agglomération,Hors intersection,Pluie légère,Autre collision,,,,,,,,,,,3,1,1,2,6
200800068702,0008-12-28 16:00:00,8,12,28,16,0,290,247,,47.95,-4.026,Plein jour,Hors agglomération,Hors intersection,Normale,Deux véhicules - arrière,,,,,,,,,,,1,1,1,1,2
200800068703,0008-12-06 03:45:00,8,12,6,3,45,290,37,rond point croas ver,,,Nuit avec éclairage allumé,En agglomération,Giratoire,Pluie légère,Autre collision,,,,,,,,,,,5,2,6,2,6
200800068704,0008-12-14 11:30:00,8,12,14,11,30,290,158,rue de la marine,,,Plein jour,En agglomération,Hors intersection,Normale,Trois véhicules et plus - collisions multiples,,,,,,,,,,,1,2,1,1,5
200800068705,0008-12-02 08:30:00,8,12,2,8,30,290,103,R. de la tour d'Auvergne,48.461,-4.241,Crépuscule ou aube,En agglomération,Hors intersection,Normale,Autre collision,,,,,,,,,,,2,2,1,1,6
200800068706,0008-12-07 01:15:00,8,12,7,1,15,290,55,,48.573,-4.367,Nuit sans éclairage public,Hors agglomération,Hors intersection,Normale,Deux véhicules - arrière,,,,,,,,,,,3,1,1,1,2
200800068707,0008-12-26 16:30:00,8,12,26,16,30,290,124,,48.589,-4.294,Plein jour,Hors agglomération,Hors intersection,Normale,Deux véhicules - frontale,,,,,,,,,,,1,1,1,1,1
200800068708,0008-12-12 07:45:00,8,12,12,7,45,290,149,,,,Nuit sans éclairage public,Hors agglomération,Hors intersection,Normale,Deux véhicules - frontale,,,,,,,,,,,3,1,1,1,1
200800068709,0008-12-13 16:00:00,8,12,13,16,0,290,149,,48.46,-4.51,Plein jour,Hors agglomération,Hors intersection,Normale,Deux véhicules - frontale,,,,,,,,,,,1,1,1,1,1
200800068710,0008-12-27 05:15:00,8,12,27,5,15,290,221,13 route de Melon,48.51,-4.76,Nuit avec éclairage non allumé,En agglomération,Hors intersection,Normale,Autre collision,,,,,,,,,,,4,2,1,1,6
200800068711,0008-12-30 17:00:00,8,12,30,17,0,290,243,,48.181,-4.084,Plein jour,Hors agglomération,Hors intersection,Autre,Deux véhicules - côté,,,,,,,,,,,1,1,1,9,3
200800068712,0008-12-11 22:45:00,8,12,11,22,45,290,175,41 rue freres Le Floch,,,Nuit avec éclairage allumé,En agglomération,Hors intersection,Normale,Deux véhicules - frontale,,,,,,,,,,,5,2,1,1,1
200800068713,0008-12-06 18:15:00,8,12,6,18,15,290,287,,48.643,-4.273,Nuit sans éclairage public,Hors agglomération,Hors intersection,Normale,Deux véhicules - côté,,,,,,,,,,,3,1,1,1,3
200800068714,0008-12-23 20:00:00,8,12,23,20,0,290,259,,48.661,-4.025,Nuit sans éclairage public,Hors agglomération,Hors intersection,Normale,Deux véhicules - frontale,,,,,,,,,,,3,1,1,1,1
200800068715,0008-12-19 12:15:00,8,12,19,12,15,290,279,"""Penze"" CD769",,,Plein jour,En agglomération,Hors intersection,Normale,Deux véhicules - côté,,,,,,,,,,,1,2,1,1,3
200800068716,0008-12-15 09:00:00,8,12,15,9,0,560,22,,,,Plein jour,Hors agglomération,Hors intersection,Normale,Deux véhicules - frontale,,,,,,,,,,,1,1,1,1,1
200800068717,0008-12-19 16:45:00,8,12,19,16,45,560,157,,47.781,-2.636,Plein jour,Hors agglomération,Hors intersection,Temps couvert,Deux véhicules - côté,,,,,,,,,,,1,1,1,8,3
200800068718,0008-12-29 14:30:00,8,12,29,14,30,560,7,,47.665,-3.012,Plein jour,Hors agglomération,Hors intersection,Normale,Sans collision,,,,,,,,,,,1,1,1,1,7
200800068719,0008-12-20 06:15:00,8,12,20,6,15,560,186,boulevard Rene CASSIN,47.477,-3.102,Nuit avec éclairage allumé,En agglomération,Hors intersection,Normale,Autre collision,,,,,,,,,,,5,2,1,1,6
200800068720,0008-12-25 06:30:00,8,12,25,6,30,560,34,,47.63,-3.069,Nuit avec éclairage allumé,Hors agglomération,Giratoire,Normale,Sans collision,,,,,,,,,,,5,1,6,1,7
200800068721,0008-12-05 20:45:00,8,12,5,20,45,560,78,,,,Nuit sans éclairage public,Hors agglomération,Hors intersection,Autre,Deux véhicules - côté,,,,,,,,,,,3,1,1,9,3
200800068722,0008-12-06 17:45:00,8,12,6,17,45,560,63,Route des plages,,,Nuit avec éclairage allumé,En agglomération,Hors intersection,Normale,Deux véhicules - frontale,,,,,,,,,,,5,2,1,1,1
200800068723,0008-12-19 14:15:00,8,12,19,14,15,560,78,,47.803,-3.497,Plein jour,Hors agglomération,Hors intersection,Temps éblouissant,Deux véhicules - frontale,,,,,,,,,,,1,1,1,7,1
200800068724,0008-12-29 18:30:00,8,12,29,18,30,560,78,Parking Super U,,,Nuit avec éclairage allumé,En agglomération,Autre intersection,Normale,Autre collision,,,,,,,,,,,5,2,9,1,6
200800068725,0008-12-14 12:15:00,8,12,14,12,15,560,161,,,,Plein jour,Hors agglomération,Hors intersection,Autre,Trois véhicules et plus - collisions multiples,,,,,,,,,,,1,1,1,9,5
200800068726,0008-12-25 03:15:00,8,12,25,3,15,560,169,,,,Nuit sans éclairage public,Hors agglomération,Hors intersection,Normale,Autre collision,,,,,,,,,,,3,1,1,1,6
200800068727,0008-12-20 11:45:00,8,12,20,11,45,560,127,,48.116,-2.315,Plein jour,Hors agglomération,Intersection en X,Normale,Deux véhicules - côté,,,,,,,,,,,1,1,2,1,3
200800068728,0008-12-31 22:15:00,8,12,31,22,15,560,75,,,,Nuit sans éclairage public,Hors agglomération,Hors intersection,Normale,Autre collision,,,,,,,,,,,3,1,1,1,6
200800068729,0008-12-21 17:30:00,8,12,21,17,30,560,180,,47.929,-2.168,Crépuscule ou aube,Hors agglomération,Hors intersection,Normale,Sans collision,,,,,,,,,,,2,1,1,1,7
200800068730,0008-12-08 12:45:00,8,12,8,12,45,560,151,,,,Plein jour,Hors agglomération,Autre intersection,Normale,Deux véhicules - frontale,,,,,,,,,,,1,1,9,1,1
200800068731,0008-12-21 08:30:00,8,12,21,8,30,560,110,,48.02,-3.23,Plein jour,Hors agglomération,Hors intersection,Normale,Autre collision,,,,,,,,,,,1,1,1,1,6
200800068732,0008-12-29 20:15:00,8,12,29,20,15,560,66,,48.141,-3.658,Nuit sans éclairage public,Hors agglomération,Hors intersection,Normale,Autre collision,,,,,,,,,,,3,1,1,1,6
200800068733,0008-12-07 12:30:00,8,12,7,12,30,140,592,Route d'Evrecy - CD 139,49.083,-0.495,Plein jour,En agglomération,Hors intersection,Temps éblouissant,Deux véhicules - côté,,,,,,,,,,,1,2,1,7,3
200800068734,0008-12-01 12:00:00,8,12,1,12,0,140,5,,49.098,-0.158,Plein jour,Hors agglomération,Intersection en X,Temps couvert,Trois véhicules et plus - en chaîne,,,,,,,,,,,1,1,2,8,4
200800068735,0008-12-02 07:15:00,8,12,2,7,15,140,145,,49.059,-0.284,Nuit sans éclairage public,Hors agglomération,Intersection en X,Normale,Deux véhicules - frontale,,,,,,,,,,,3,1,2,1,1
200800068736,0008-12-23 11:00:00,8,12,23,11,0,140,488,avenue de la liberte,,,Plein jour,En agglomération,Intersection en X,Normale,Trois véhicules et plus - en chaîne,,,,,,,,,,,1,2,2,1,4
200800068737,0008-12-15 18:00:00,8,12,15,18,0,140,712,,49.183,-0.205,Nuit sans éclairage public,Hors agglomération,Hors intersection,Normale,Trois véhicules et plus - en chaîne,,,,,,,,,,,3,1,1,1,4
200800068738,0008-12-23 08:00:00,8,12,23,8,0,140,663,Bvd Winston Churchill,49.277,-0.688,Nuit avec éclairage allumé,En agglomération,Intersection en X,Normale,Deux véhicules - côté,,,,,,,,,,,5,2,2,1,3
200800068739,0008-12-27 08:30:00,8,12,27,8,30,140,468,,,,Plein jour,Hors agglomération,Giratoire,Normale,Sans collision,,,,,,,,,,,1,1,6,1,7
200800068740,0008-12-07 12:30:00,8,12,7,12,30,140,244,,48.905,-0.177,Plein jour,Hors agglomération,Hors intersection,Normale,Sans collision,,,,,,,,,,,1,1,1,1,7
200800068741,0008-12-12 14:45:00,8,12,12,14,45,140,458,,49.026,-0.425,Plein jour,Hors agglomération,Hors intersection,Temps éblouissant,Deux véhicules - arrière,,,,,,,,,,,1,1,1,7,2
200800068742,0008-12-10 00:30:00,8,12,10,0,30,140,345,le bourg,48.981,-0.083,Nuit avec éclairage non allumé,En agglomération,Hors intersection,Pluie légère,Autre collision,,,,,,,,,,,4,2,1,2,6
200800068743,0008-12-19 15:15:00,8,12,19,15,15,140,270,,49.148,0.317,Plein jour,Hors agglomération,Hors intersection,Normale,Trois véhicules et plus - collisions multiples,,,,,,,,,,,1,1,1,1,5
200800068744,0008-12-28 18:30:00,8,12,28,18,30,140,371,,49.027,0.154,Nuit sans éclairage public,Hors agglomération,Hors intersection,Normale,Autre collision,,,,,,,,,,,3,1,1,1,6
200800068745,0008-12-18 17:15:00,8,12,18,17,15,140,754,Avenue de la Republique,49.337,0.015,Nuit avec éclairage allumé,En agglomération,Hors intersection,Normale,Autre collision,,,,,,,,,,,5,2,1,1,6
200800068746,0008-12-12 08:15:00,8,12,12,8,15,140,584,,48.818,-0.888,Crépuscule ou aube,Hors agglomération,Hors intersection,Temps couvert,Autre collision,,,,,,,,,,,2,1,1,8,6
200800068747,0008-12-26 18:45:00,8,12,26,18,45,140,762,67 RUE DU 11 NOVEMBRE 19,48.842,-0.88,Nuit avec éclairage allumé,En agglomération,Hors intersection,Normale,Autre collision,,,,,,,,,,,5,2,1,1,6
200800068748,0008-12-26 14:15:00,8,12,26,14,15,140,347,,,,Plein jour,Hors agglomération,Hors intersection,Normale,Deux véhicules - côté,,,,,,,,,,,1,1,1,1,3
200800068749,0008-12-08 08:00:00,8,12,8,8,0,140,27,,,,Crépuscule ou aube,Hors agglomération,Hors intersection,Neige / grêle,Deux véhicules - frontale,,,,,,,,,,,2,1,1,4,1
200800068750,0008-12-17 07:45:00,8,12,17,7,45,140,174,route de VIRE,48.854,-0.553,Nuit avec éclairage allumé,En agglomération,Hors intersection,Normale,Deux véhicules - côté,,,,,,,,,,,5,2,1,1,3
200800068751,0008-12-06 18:15:00,8,12,6,18,15,500,292,,49.095,-1.241,Nuit sans éclairage public,Hors agglomération,Hors intersection,Normale,Deux véhicules - frontale,,,,,,,,,,,3,1,1,1,1
200800068752,0008-12-31 19:30:00,8,12,31,19,30,500,348,,,,Nuit sans éclairage public,Hors agglomération,Hors intersection,Normale,Autre collision,,,,,,,,,,,3,1,1,1,6
200800068753,0008-12-30 14:45:00,8,12,30,14,45,500,20,,,,Plein jour,Hors agglomération,Hors intersection,Temps éblouissant,Autre collision,,,,,,,,,,,1,1,1,7,6
200800068754,0008-12-17 17:45:00,8,12,17,17,45,500,412,,,,Nuit sans éclairage public,Hors agglomération,Hors intersection,Normale,Deux véhicules - côté,,,,,,,,,,,3,1,1,1,3
200800068755,0008-12-31 19:45:00,8,12,31,19,45,500,222,,49.512,-1.743,Nuit sans éclairage public,Hors agglomération,Intersection en X,Normale,Deux véhicules - côté,,,,,,,,,,,3,1,2,1,3
200800068756,0008-12-07 15:45:00,8,12,7,15,45,500,178,RD 116,49.68,-1.47,Plein jour,En agglomération,Hors intersection,Temps éblouissant,Deux véhicules - côté,,,,,,,,,,,1,2,1,7,3
200800068757,0008-12-12 15:00:00,8,12,12,15,0,500,615,BD FELIX BUHOT,,,Plein jour,En agglomération,Hors intersection,Normale,Autre collision,,,,,,,,,,,1,2,1,1,6
200800068758,0008-12-06 19:15:00,8,12,6,19,15,500,622,,,,Nuit sans éclairage public,Hors agglomération,Hors intersection,Normale,Deux véhicules - frontale,,,,,,,,,,,3,1,1,1,1
200800068759,0008-12-14 06:00:00,8,12,14,6,0,500,354,Le Bourg,,,Nuit avec éclairage allumé,En agglomération,Hors intersection,Normale,Autre collision,,,,,,,,,,,5,2,1,1,6
200800068760,0008-12-28 18:45:00,8,12,28,18,45,500,92,,,,Nuit sans éclairage public,Hors agglomération,Hors intersection,Normale,Autre collision,,,,,,,,,,,3,1,1,1,6
200800068761,0008-12-03 17:30:00,8,12,3,17,30,500,231,Avenue de l'Aumesle,,,Nuit avec éclairage allumé,En agglomération,Hors intersection,Normale,Autre collision,,,,,,,,,,,5,2,1,1,6
200800068762,0008-12-05 11:45:00,8,12,5,11,45,500,76,,,,Plein jour,Hors agglomération,Intersection en X,Normale,Deux véhicules - côté,,,,,,,,,,,1,1,2,1,3
200800068763,0008-12-23 14:15:00,8,12,23,14,15,500,255,,,,Plein jour,Hors agglomération,Hors intersection,Normale,Deux véhicules - frontale,,,,,,,,,,,1,1,1,1,1
200800068764,0008-12-24 08:00:00,8,12,24,8,0,500,197,,,,Nuit sans éclairage public,Hors agglomération,Hors intersection,Brouillard / fumée,Deux véhicules - frontale,,,,,,,,,,,3,1,1,5,1