accident_id,datetime,annee,mois,jour,heure,minute,departement,commune_insee,adresse,latitude,longitude,luminosite,agglomeration,intersection,meteo,collision,nb_vehicules,nb_usagers,nb_indemnes,nb_tues,nb_blesses_hosp,nb_blesses_legers,age_cond_1,age_cond_2,veh_type_cond_1,veh_type_cond_2,lum_code,agg_code,int_code,atm_code,col_code
200800068899,0008-12-19 09:00:00,8,12,19,9,0,330,91,,45.036,-0.659,Plein jour,Hors agglomération,Hors intersection,Temps couvert,Trois véhicules et plus - collisions multiples,,,,,,,,,,,1,1,1,8,5
200800068900,0008-12-07 21:30:00,8,12,7,21,30,330,15,,,,Nuit avec éclairage non allumé,Hors agglomération,Hors intersection,Normale,Deux véhicules - arrière,,,,,,,,,,,4,1,1,1,2
200800068901,0008-12-30 15:15:00,8,12,30,15,15,330,539,,,,Plein jour,Hors agglomération,Hors intersection,Normale,Autre collision,,,,,,,,,,,1,1,1,1,6
200800068902,0008-12-03 15:30:00,8,12,3,15,30,330,185,,44.855,-0.254,Plein jour,Hors agglomération,Hors intersection,Normale,Deux véhicules - frontale,,,,,,,,,,,1,1,1,1,1
200800068903,0008-12-06 19:00:00,8,12,6,19,0,330,138,Rue SULLY,,,Plein jour,En agglomération,Hors intersection,Normale,Autre collision,,,,,,,,,,,1,2,1,1,6
200800068904,0008-12-04 07:30:00,8,12,4,7,30,330,133,,44.794,0.044,Nuit sans éclairage public,Hors agglomération,Hors intersection,Pluie forte,Deux véhicules - frontale,,,,,,,,,,,3,1,1,3,1
200800068905,0008-12-10 15:00:00,8,12,10,15,0,330,447,,45.019,-0.053,Plein jour,En agglomération,Hors intersection,Normale,Deux véhicules - frontale,,,,,,,,,,,1,2,1,1,1
200800068906,0008-12-12 17:15:00,8,12,12,17,15,330,447,LIEU DIT LA CROIX,,,Crépuscule ou aube,En agglomération,Hors intersection,Normale,Sans collision,,,,,,,,,,,2,2,1,1,7
200800068907,0008-12-02 19:30:00,8,12,2,19,30,240,26,,,,Nuit sans éclairage public,Hors agglomération,Hors intersection,Normale,Autre collision,,,,,,,,,,,3,1,1,1,6
200800068908,0008-12-17 19:30:00,8,12,17,19,30,240,2,,,,Nuit sans éclairage public,Hors agglomération,Hors intersection,Brouillard / fumée,Autre collision,,,,,,,,,,,3,1,1,5,6
200800068909,0008-12-07 15:30:00,8,12,7,15,30,240,108,,,,Plein jour,Hors agglomération,Hors intersection,Normale,Sans collision,,,,,,,,,,,1,1,1,1,7
200800068910,0008-12-08 10:30:00,8,12,8,10,30,240,139,,,,Plein jour,Hors agglomération,Hors intersection,Temps couvert,Deux véhicules - frontale,,,,,,,,,,,1,1,1,8,1
200800068911,0008-12-01 17:45:00,8,12,1,17,45,240,527,,45.361,0.955,Crépuscule ou aube,Hors agglomération,Hors intersection,Normale,Deux véhicules - côté,,,,,,,,,,,2,1,1,1,3
200800068912,0008-12-29 19:00:00,8,12,29,19,0,240,240,,44.885,0.893,Nuit sans éclairage public,Hors agglomération,Hors intersection,Normale,Autre collision,,,,,,,,,,,3,1,1,1,6
200800068913,0008-12-27 01:45:00,8,12,27,1,45,240,294,,,,Nuit sans éclairage public,Hors agglomération,Hors intersection,Autre,Autre collision,,,,,,,,,,,3,1,1,9,6
200800068914,0008-12-22 13:00:00,8,12,22,13,0,240,520,boulevard Henri ARLET,44.892,1.216,Plein jour,En agglomération,Hors intersection,Normale,Autre collision,,,,,,,,,,,1,2,1,1,6
200800068915,0008-12-18 13:45:00,8,12,18,13,45,240,324,,45.152,1.173,Plein jour,Hors agglomération,Hors intersection,Temps couvert,Deux véhicules - frontale,,,,,,,,,,,1,1,1,8,1
200800068916,0008-12-26 14:30:00,8,12,26,14,30,240,364,,,,Plein jour,Hors agglomération,Hors intersection,Normale,Autre collision,,,,,,,,,,,1,1,1,1,6
200800068917,0008-12-29 12:30:00,8,12,29,12,30,240,229,,45.139,1.21,Plein jour,Hors agglomération,Hors intersection,Pluie forte,Deux véhicules - arrière,,,,,,,,,,,1,1,1,3,2
200800068918,0008-12-01 23:30:00,8,12,1,23,30,400,243,,,,Nuit sans éclairage public,Hors agglomération,Hors intersection,Pluie légère,Autre collision,,,,,,,,,,,3,1,1,2,6
200800068919,0008-12-23 21:30:00,8,12,23,21,30,400,71,,,,Nuit sans éclairage public,Hors agglomération,Hors intersection,Brouillard / fumée,Autre collision,,,,,,,,,,,3,1,1,5,6
200800068920,0008-12-24 20:30:00,8,12,24,20,30,400,261,,,,Nuit sans éclairage public,Hors agglomération,Giratoire,Brouillard / fumée,Autre collision,,,,,,,,,,,3,1,6,5,6
200800068921,0008-12-11 18:15:00,8,12,11,18,15,400,312,boulevard Jacques DUCLOS,43.542,-1.46,Nuit avec éclairage allumé,En agglomération,Hors intersection,Normale,Autre collision,,,,,,,,,,,5,2,1,1,6
200800068922,0008-12-16 18:00:00,8,12,16,18,0,400,312,avenue jacques duclos,43.55,-1.46,Nuit avec éclairage allumé,En agglomération,Hors intersection,Normale,Deux véhicules - frontale,,,,,,,,,,,5,2,1,1,1
200800068923,0008-12-23 21:45:00,8,12,23,21,45,400,209,RD810,43.565,-1.448,Nuit avec éclairage allumé,En agglomération,Hors intersection,Brouillard / fumée,Deux véhicules - arrière,,,,,,,,,,,5,2,1,5,2
200800068924,0008-12-26 15:45:00,8,12,26,15,45,400,200,,,,Plein jour,Hors agglomération,Hors intersection,Neige / grêle,Sans collision,,,,,,,,,,,1,1,1,4,7
200800068925,0008-12-21 10:00:00,8,12,21,10,0,400,188,,,,Plein jour,Hors agglomération,Hors intersection,Normale,Sans collision,,,,,,,,,,,1,1,1,1,7
200800068926,0008-12-29 09:45:00,8,12,29,9,45,400,80,,,,Plein jour,Hors agglomération,Hors intersection,Normale,Trois véhicules et plus - collisions multiples,,,,,,,,,,,1,1,1,1,5
200800068927,0008-12-26 13:45:00,8,12,26,13,45,470,137,,,,Plein jour,Hors agglomération,Hors intersection,Neige / grêle,Trois véhicules et plus - collisions multiples,,,,,,,,,,,1,1,1,4,5
200800068928,0008-12-23 09:15:00,8,12,23,9,15,470,137,,,,Plein jour,Hors agglomération,Hors intersection,Temps éblouissant,Deux véhicules - arrière,,,,,,,,,,,1,1,1,7,2
200800068929,0008-12-16 12:00:00,8,12,16,12,0,470,227,,44.37,0.052,Plein jour,Hors agglomération,Intersection en X,Normale,Deux véhicules - côté,,,,,,,,,,,1,1,2,1,3
200800068930,0008-12-21 16:00:00,8,12,21,16,0,470,165,LDT AU PAILLARD,,,Plein jour,En agglomération,Hors intersection,Temps éblouissant,Deux véhicules - arrière,,,,,,,,,,,1,2,1,7,2
200800068931,0008-12-01 17:45:00,8,12,1,17,45,470,310,rue de germillac,44.397,0.306,Nuit sans éclairage public,En agglomération,Hors intersection,Normale,Deux véhicules - frontale,,,,,,,,,,,3,2,1,1,1
200800068932,0008-12-02 20:30:00,8,12,2,20,30,470,298,,,,Nuit sans éclairage public,Hors agglomération,Hors intersection,Normale,Deux véhicules - arrière,,,,,,,,,,,3,1,1,1,2
200800068933,0008-12-14 17:15:00,8,12,14,17,15,470,310,intersection RD813/CD120,44.397,0.306,Plein jour,En agglomération,Hors intersection,Normale,Deux véhicules - côté,,,,,,,,,,,1,2,1,1,3
200800068934,0008-12-24 19:45:00,8,12,24,19,45,470,175,,,,Nuit sans éclairage public,Hors agglomération,Hors intersection,Brouillard / fumée,Autre collision,,,,,,,,,,,3,1,1,5,6
200800068935,0008-12-04 11:00:00,8,12,4,11,0,470,106,Avenue Albert Thomas,,,Plein jour,En agglomération,Intersection en Y,Pluie légère,Deux véhicules - frontale,,,,,,,,,,,1,2,4,2,1
200800068936,0008-12-05 22:30:00,8,12,5,22,30,470,106,,,,Nuit avec éclairage allumé,Hors agglomération,Hors intersection,Pluie légère,Autre collision,,,,,,,,,,,5,1,1,2,6
200800068937,0008-12-22 15:00:00,8,12,22,15,0,470,185,avenue de fumel,,,Plein jour,En agglomération,Hors intersection,Normale,Deux véhicules - arrière,,,,,,,,,,,1,2,1,1,2
200800068938,0008-12-26 16:45:00,8,12,26,16,45,470,173,,44.43,0.49,Plein jour,Hors agglomération,Hors intersection,Normale,Deux véhicules - côté,,,,,,,,,,,1,1,1,1,3
200800068939,0008-12-30 16:15:00,8,12,30,16,15,640,230,avenue des Pyrenees,43.22,-0.38,Plein jour,En agglomération,Hors intersection,Normale,Deux véhicules - frontale,,,,,,,,,,,1,2,1,1,1
200800068940,0008-12-26 10:15:00,8,12,26,10,15,640,67,,43.265,-0.272,Plein jour,Hors agglomération,Hors intersection,Normale,Deux véhicules - frontale,,,,,,,,,,,1,1,1,1,1
200800068941,0008-12-11 08:00:00,8,12,11,8,0,640,256,,43.393,-1.293,Crépuscule ou aube,Hors agglomération,Hors intersection,Normale,Deux véhicules - frontale,,,,,,,,,,,2,1,1,1,1
200800068942,0008-12-01 17:45:00,8,12,1,17,45,640,495,,,,Nuit avec éclairage allumé,Hors agglomération,Hors intersection,Pluie forte,Autre collision,,,,,,,,,,,5,1,1,3,6
200800068943,0008-12-05 21:45:00,8,12,5,21,45,640,495,,,,Nuit sans éclairage public,Hors agglomération,Hors intersection,Pluie forte,Autre collision,,,,,,,,,,,3,1,1,3,6
200800068944,0008-12-30 13:30:00,8,12,30,13,30,640,35,,43.433,-1.546,Plein jour,Hors agglomération,Hors intersection,Normale,Deux véhicules - frontale,,,,,,,,,,,1,1,1,1,1
200800068945,0008-12-06 14:45:00,8,12,6,14,45,640,275,,43.172,-1.22,Plein jour,Hors agglomération,Hors intersection,Pluie légère,Deux véhicules - frontale,,,,,,,,,,,1,1,1,2,1
200800068946,0008-12-03 02:45:00,8,12,3,2,45,640,209,,43.177,-0.542,Nuit sans éclairage public,Hors agglomération,Hors intersection,Normale,Autre collision,,,,,,,,,,,3,1,1,1,6
200800068947,0008-12-27 16:00:00,8,12,27,16,0,640,422,,43.195,-0.618,Plein jour,Hors agglomération,Giratoire,Normale,Deux véhicules - frontale,,,,,,,,,,,1,1,6,1,1
200800068948,0008-12-21 16:00:00,8,12,21,16,0,860,100,,,,Plein jour,Hors agglomération,Hors intersection,Normale,Deux véhicules - arrière,,,,,,,,,,,1,1,1,1,2
200800068949,0008-12-28 13:30:00,8,12,28,13,30,860,163,,46.649,0.498,Plein jour,Hors agglomération,Hors intersection,Normale,Autre collision,,,,,,,,,,,1,1,1,1,6
200800068950,0008-12-21 18:00:00,8,12,21,18,0,860,39,,,,Nuit sans éclairage public,Hors agglomération,Hors intersection,Normale,Deux véhicules - arrière,,,,,,,,,,,3,1,1,1,2
200800068951,0008-12-24 02:30:00,8,12,24,2,30,860,147,,,,Nuit sans éclairage public,Hors agglomération,Hors intersection,Normale,Sans collision,,,,,,,,,,,3,1,1,1,7
200800068952,0008-12-06 21:00:00,8,12,6,21,0,860,2,,46.759,0.167,Nuit sans éclairage public,Hors agglomération,Hors intersection,Normale,Deux véhicules - arrière,,,,,,,,,,,3,1,1,1,2
200800068953,0008-12-31 18:00:00,8,12,31,18,0,860,111,,,,Nuit avec éclairage allumé,Hors agglomération,Hors intersection,Normale,Deux véhicules - frontale,,,,,,,,,,,5,1,1,1,1
200800068954,0008-12-31 19:15:00,8,12,31,19,15,860,130,,,,Nuit sans éclairage public,Hors agglomération,Hors intersection,Normale,Autre collision,,,,,,,,,,,3,1,1,1,6
200800068955,0008-12-16 17:45:00,8,12,16,17,45,860,250,,47.147,0.005,Nuit sans éclairage public,Hors agglomération,Hors intersection,Normale,Deux véhicules - côté,,,,,,,,,,,3,1,1,1,3
200800068956,0008-12-20 20:15:00,8,12,20,20,15,860,227,,,,Nuit sans éclairage public,Hors agglomération,Hors intersection,Temps couvert,Sans collision,,,,,,,,,,,3,1,1,8,7
200800068957,0008-12-19 22:30:00,8,12,19,22,30,860,298,,46.726,0.521,Nuit sans éclairage public,Hors agglomération,Hors intersection,Normale,Autre collision,,,,,,,,,,,3,1,1,1,6
200800068958,0008-12-22 08:45:00,8,12,22,8,45,860,191,,46.477,0.796,Crépuscule ou aube,Hors agglomération,Hors intersection,Temps éblouissant,Deux véhicules - côté,,,,,,,,,,,2,1,1,7,3
200800068959,0008-12-17 18:00:00,8,12,17,18,0,860,70,,,,Nuit avec éclairage allumé,En agglomération,Hors intersection,Normale,Autre collision,,,,,,,,,,,5,2,1,1,6
200800068960,0008-12-14 08:30:00,8,12,14,8,30,860,77,,,,Plein jour,Hors agglomération,Hors intersection,Neige / grêle,Deux véhicules - frontale,,,,,,,,,,,1,1,1,4,1
200800068961,0008-12-08 12:15:00,8,12,8,12,15,160,304,,,,Plein jour,Hors agglomération,Hors intersection,Normale,Deux véhicules - arrière,,,,,,,,,,,1,1,1,1,2
200800068962,0008-12-09 12:45:00,8,12,9,12,45,160,405,,,,Plein jour,Hors agglomération,Hors intersection,Brouillard / fumée,Deux véhicules - frontale,,,,,,,,,,,1,1,1,5,1
200800068963,0008-12-20 18:30:00,8,12,20,18,30,160,251,,45.33,-0.11,Nuit sans éclairage public,Hors agglomération,Hors intersection,Normale,Autre collision,,,,,,,,,,,3,1,1,1,6
200800068964,0008-12-16 20:00:00,8,12,16,20,0,160,65,,,,Nuit sans éclairage public,Hors agglomération,Autre intersection,Normale,Sans collision,,,,,,,,,,,3,1,9,1,7
200800068965,0008-12-29 07:30:00,8,12,29,7,30,160,44,,46.023,0.277,Nuit sans éclairage public,Hors agglomération,Hors intersection,Normale,Autre collision,,,,,,,,,,,3,1,1,1,6
200800068966,0008-12-25 12:00:00,8,12,25,12,0,160,163,,45.676,0.007,Plein jour,Hors agglomération,Intersection en X,Normale,Deux véhicules - côté,,,,,,,,,,,1,1,2,1,3
200800068967,0008-12-24 15:30:00,8,12,24,15,30,160,295,29 rue basse,,,Plein jour,En agglomération,Hors intersection,Normale,Deux véhicules - frontale,,,,,,,,,,,1,2,1,1,1
200800068968,0008-12-07 16:45:00,8,12,7,16,45,160,223,,,,Plein jour,Hors agglomération,Hors intersection,Normale,Sans collision,,,,,,,,,,,1,1,1,1,7
200800068969,0008-12-22 18:45:00,8,12,22,18,45,160,379,,,,Nuit sans éclairage public,Hors agglomération,Passage à niveau,Normale,Autre collision,,,,,,,,,,,3,1,8,1,6
200800068970,0008-12-13 14:00:00,8,12,13,14,0,160,144,,45.892,0.054,Plein jour,Hors agglomération,Hors intersection,Pluie forte,Sans collision,,,,,,,,,,,1,1,1,3,7
200800068971,0008-12-29 07:30:00,8,12,29,7,30,170,218,,46.292,-0.946,Nuit sans éclairage public,Hors agglomération,Hors intersection,Normale,Sans collision,,,,,,,,,,,3,1,1,1,7
200800068972,0008-12-10 09:30:00,8,12,10,9,30,170,121,,46.195,-1.413,Plein jour,Hors agglomération,Hors intersection,Normale,Deux véhicules - frontale,,,,,,,,,,,1,1,1,1,1
200800068973,0008-12-15 04:15:00,8,12,15,4,15,170,51,,,,Nuit sans éclairage public,Hors agglomération,Hors intersection,Normale,Autre collision,,,,,,,,,,,3,1,1,1,6
200800068974,0008-12-19 18:30:00,8,12,19,18,30,170,339,,,,Nuit sans éclairage public,Hors agglomération,Hors intersection,Pluie légère,Trois véhicules et plus - collisions multiples,,,,,,,,,,,3,1,1,2,5
200800068975,0008-12-20 03:15:00,8,12,20,3,15,170,197,Les groies de chez Fouch,,,Nuit sans éclairage public,En agglomération,Hors intersection,Normale,Autre collision,,,,,,,,,,,3,2,1,1,6
200800068976,0008-12-08 15:45:00,8,12,8,15,45,170,328,,,,Plein jour,Hors agglomération,Hors intersection,Temps éblouissant,Sans collision,,,,,,,,,,,1,1,1,7,7
200800068977,0008-12-17 18:15:00,8,12,17,18,15,170,52,,,,Nuit sans éclairage public,Hors agglomération,Hors intersection,Normale,Sans collision,,,,,,,,,,,3,1,1,1,7
200800068978,0008-12-18 18:15:00,8,12,18,18,15,170,236,,,,Nuit sans éclairage public,Hors agglomération,Hors intersection,Pluie légère,Trois véhicules et plus - collisions multiples,,,,,,,,,,,3,1,1,2,5
200800068979,0008-12-15 18:15:00,8,12,15,18,15,170,240,,45.301,-0.412,Nuit sans éclairage public,Hors agglomération,Intersection en T,Normale,Deux véhicules - frontale,,,,,,,,,,,3,1,3,1,1
200800068980,0008-12-02 17:15:00,8,12,2,17,15,170,140,,,,Plein jour,Hors agglomération,Hors intersection,Pluie légère,Deux véhicules - côté,,,,,,,,,,,1,1,1,2,3
200800068981,0008-12-27 17:45:00,8,12,27,17,45,170,385,,45.938,-1.313,Crépuscule ou aube,Hors agglomération,Hors intersection,Normale,Deux véhicules - frontale,,,,,,,,,,,2,1,1,1,1
200800068982,0008-12-30 07:15:00,8,12,30,7,15,170,353,,,,Nuit sans éclairage public,Hors agglomération,Hors intersection,Brouillard / fumée,Deux véhicules - frontale,,,,,,,,,,,3,1,1,5,1
200800068983,0008-12-03 12:00:00,8,12,3,12,0,170,80,,,,Plein jour,Hors agglomération,Hors intersection,Normale,Autre collision,,,,,,,,,,,1,1,1,1,6
200800068984,0008-12-05 20:45:00,8,12,5,20,45,170,434,,,,Nuit sans éclairage public,Hors agglomération,Hors intersection,Pluie légère,Autre collision,,,,,,,,,,,3,1,1,2,6
200800068985,0008-12-04 07:15:00,8,12,4,7,15,170,3,,,,Nuit avec éclairage non allumé,Hors agglomération,Hors intersection,Pluie légère,Deux véhicules - côté,,,,,,,,,,,4,1,1,2,3
200800068986,0008-12-14 21:15:00,8,12,14,21,15,170,107,6 rue de Rochefort,,,Nuit avec éclairage allumé,En agglomération,Hors intersection,Normale,Autre collision,,,,,,,,,,,5,2,1,1,6
200800068987,0008-12-22 13:15:00,8,12,22,13,15,170,293,,,,Plein jour,Hors agglomération,Intersection en X,Normale,Deux véhicules - côté,,,,,,,,,,,1,1,2,1,3
200800068988,0008-12-14 19:45:00,8,12,14,19,45,170,415,,,,Nuit sans éclairage public,Hors agglomération,Hors intersection,Normale,Deux véhicules - côté,,,,,,,,,,,3,1,1,1,3
200800068989,0008-12-11 18:15:00,8,12,11,18,15,170,39,,,,Nuit sans éclairage public,Hors agglomération,Hors intersection,Normale,Deux véhicules - arrière,,,,,,,,,,,3,1,1,1,2
200800068990,0008-12-15 17:15:00,8,12,15,17,15,170,27,,,,Plein jour,Hors agglomération,Hors intersection,Normale,Deux véhicules - côté,,,,,,,,,,,1,1,1,1,3
200800068991,0008-12-03 18:30:00,8,12,3,18,30,170,421,,45.699,-0.959,Nuit sans éclairage public,Hors agglomération,Hors intersection,Normale,Sans collision,,,,,,,,,,,3,1,1,1,7
200800068992,0008-12-12 17:00:00,8,12,12,17,0,170,347,,,,Plein jour,Hors agglomération,Hors intersection,Normale,Autre collision,,,,,,,,,,,1,1,1,1,6
200800068993,0008-12-09 18:15:00,8,12,9,18,15,170,211,Route departementale 150,46.054,-0.51,Nuit avec éclairage allumé,En agglomération,Hors intersection,Normale,Autre collision,,,,,,,,,,,5,2,1,1,6
200800068994,0008-12-30 16:00:00,8,12,30,16,0,170,261,,45.814,-0.144,Plein jour,Hors agglomération,Hors intersection,Brouillard / fumée,Autre collision,,,,,,,,,,,1,1,1,5,6
200800068995,0008-12-23 13:30:00,8,12,23,13,30,790,298,ROUTE DE FRONTENAY,,,Plein jour,En agglomération,Hors intersection,Normale,Sans collision,,,,,,,,,,,1,2,1,1,7
200800068996,0008-12-26 18:15:00,8,12,26,18,15,790,130,,,,Nuit sans éclairage public,Hors agglomération,Hors intersection,Normale,Sans collision,,,,,,,,,,,3,1,1,1,7
200800068997,0008-12-02 10:45:00,8,12,2,10,45,790,49,,46.863,-0.434,Plein jour,Hors agglomération,Hors intersection,Normale,Deux véhicules - frontale,,,,,,,,,,,1,1,1,1,1
200800068998,0008-12-14 18:15:00,8,12,14,18,15,790,88,route de Parthenay,,,Nuit avec éclairage allumé,En agglomération,Hors intersection,Normale,Autre collision,,,,,,,,,,,5,2,1,1,6
200800068999,0008-12-30 23:45:00,8,12,30,23,45,790,116,,46.839,-0.271,Nuit sans éclairage public,Hors agglomération,Hors intersection,Normale,Autre collision,,,,,,,,,,,3,1,1,1,6
200800069000,0008-12-03 13:15:00,8,12,3,13,15,790,292,,,,Plein jour,Hors agglomération,Hors intersection,Pluie légère,Sans collision,,,,,,,,,,,1,1,1,2,7
200800069001,0008-12-03 18:00:00,8,12,3,18,0,790,250,,,,Nuit sans éclairage public,Hors agglomération,Hors intersection,Pluie légère,Deux véhicules - arrière,,,,,,,,,,,3,1,1,2,2
200800069002,0008-12-01 16:15:00,8,12,1,16,15,790,275,Rue Ponts,,,Plein jour,En agglomération,Hors intersection,Normale,Deux véhicules - frontale,,,,,,,,,,,1,2,1,1,1
200800069003,0008-12-12 23:00:00,8,12,12,23,0,790,148,6 route de melle,46.267,-0.012,Nuit avec éclairage allumé,En agglomération,Hors intersection,Normale,Autre collision,,,,,,,,,,,5,2,1,1,6
200800069004,0008-12-22 19:30:00,8,12,22,19,30,790,202,rue de l'yser,,,Nuit avec éclairage allumé,En agglomération,Hors intersection,Normale,Trois véhicules et plus - collisions multiples,,,,,,,,,,,5,2,1,1,5
200800069005,0008-12-14 12:15:00,8,12,14,12,15,790,120,,46.66,-0.06,Plein jour,Hors agglomération,Hors intersection,Brouillard / fumée,Deux véhicules - arrière,,,,,,,,,,,1,1,1,5,2
200800069006,0008-12-22 15:00:00,8,12,22,15,0,870,1,Avenue PASTEUR,45.8,1.132,Plein jour,En agglomération,Hors intersection,Normale,Deux véhicules - frontale,,,,,,,,,,,1,2,1,1,1
200800069007,0008-12-23 15:30:00,8,12,23,15,30,870,161,,45.866,1.518,Plein jour,Hors agglomération,Hors intersection,Temps éblouissant,Deux véhicules - frontale,,,,,,,,,,,1,1,1,7,1
200800069008,0008-12-04 18:30:00,8,12,4,18,30,870,12,,46.062,1.121,Nuit sans éclairage public,Hors agglomération,Hors intersection,Pluie forte,Deux véhicules - frontale,,,,,,,,,,,3,1,1,3,1
200800069009,0008-12-29 21:30:00,8,12,29,21,30,870,126,,,,Nuit sans éclairage public,Hors agglomération,Hors intersection,Pluie légère,Sans collision,,,,,,,,,,,3,1,1,2,7
200800069010,0008-12-29 15:00:00,8,12,29,15,0,870,154,Zone des Martines,45.898,0.911,Plein jour,En agglomération,Place,Normale,Deux véhicules - frontale,,,,,,,,,,,1,2,7,1,1
200800069011,0008-12-12 18:15:00,8,12,12,18,15,190,38,,45.244,1.735,Nuit sans éclairage public,Hors agglomération,Hors intersection,Normale,Trois véhicules et plus - collisions multiples,,,,,,,,,,,3,1,1,1,5
200800069012,0008-12-02 11:15:00,8,12,2,11,15,190,4,,,,Plein jour,Hors agglomération,Hors intersection,Autre,Autre collision,,,,,,,,,,,1,1,1,9,6
200800069013,0008-12-28 03:30:00,8,12,28,3,30,190,215,,44.66,2.125,Nuit sans éclairage public,Hors agglomération,Hors intersection,Autre,Autre collision,,,,,,,,,,,3,1,1,9,6
200800069014,0008-12-31 16:15:00,8,12,31,16,15,190,192,LE BOURG,45.215,1.483,Plein jour,En agglomération,Hors intersection,Normale,Deux véhicules - côté,,,,,,,,,,,1,2,1,1,3
200800069015,0008-12-02 16:30:00,8,12,2,16,30,190,249,,45.456,1.968,Crépuscule ou aube,Hors agglomération,Hors intersection,Neige / grêle,Deux véhicules - frontale,,,,,,,,,,,2,1,1,4,1
200800069016,0008-12-05 14:15:00,8,12,5,14,15,190,255,,45.379,1.723,Plein jour,Hors agglomération,Hors intersection,Pluie forte,Deux véhicules - frontale,,,,,,,,,,,1,1,1,3,1
200800069017,0008-12-21 14:30:00,8,12,21,14,30,190,104,,45.552,1.582,Plein jour,Hors agglomération,Hors intersection,Normale,Autre collision,,,,,,,,,,,1,1,1,1,6
200800069018,0008-12-13 17:45:00,8,12,13,17,45,190,123,rue Pasteur,45.169,1.562,Nuit avec éclairage allumé,En agglomération,Giratoire,Pluie forte,Autre collision,,,,,,,,,,,5,2,6,3,6
200800069019,0008-12-15 10:15:00,8,12,15,10,15,190,124,,45.147,1.344,Plein jour,Hors agglomération,Hors intersection,Normale,Sans collision,,,,,,,,,,,1,1,1,1,7
200800069020,0008-12-24 08:30:00,8,12,24,8,30,190,19,,44.977,1.842,Plein jour,Hors agglomération,Hors intersection,Normale,Autre collision,,,,,,,,,,,1,1,1,1,6
200800069021,0008-12-20 15:15:00,8,12,20,15,15,190,278,avenue Ludovic Bourzat,45.198,1.453,Plein jour,En agglomération,Hors intersection,Normale,Autre collision,,,,,,,,,,,1,2,1,1,6
200800069022,0008-12-18 14:45:00,8,12,18,14,45,190,243,,45.389,1.368,Plein jour,Hors agglomération,Intersection en X,Brouillard / fumée,Deux véhicules - côté,,,,,,,,,,,1,1,2,5,3
200800069023,0008-12-23 08:00:00,8,12,23,8,0,230,109,,46.385,1.872,Plein jour,Hors agglomération,Hors intersection,Normale,Autre collision,,,,,,,,,,,1,1,1,1,6
200800069024,0008-12-04 17:45:00,8,12,4,17,45,230,9,,,,Nuit sans éclairage public,Hors agglomération,Hors intersection,Pluie forte,Deux véhicules - frontale,,,,,,,,,,,3,1,1,3,1
200800069025,0008-12-19 16:15:00,8,12,19,16,15,230,164,,46.092,2.498,Plein jour,Hors agglomération,Hors intersection,Normale,Sans collision,,,,,,,,,,,1,1,1,1,7
200800069026,0008-12-25 18:00:00,8,12,25,18,0,310,202,,,,Nuit avec éclairage allumé,Hors agglomération,Hors intersection,Normale,Trois véhicules et plus - en chaîne,,,,,,,,,,,5,1,1,1,4
200800069027,0008-12-01 17:30:00,8,12,1,17,30,310,232,,43.749,1.266,Nuit sans éclairage public,Hors agglomération,Hors intersection,Normale,Autre collision,,,,,,,,,,,3,1,1,1,6
200800069028,0008-12-03 10:15:00,8,12,3,10,15,310,160,,,,Plein jour,Hors agglomération,Hors intersection,Normale,Autre collision,,,,,,,,,,,1,1,1,1,6
200800069029,0008-12-04 16:45:00,8,12,4,16,45,310,341,,,,Plein jour,Hors agglomération,Hors intersection,Temps couvert,Deux véhicules - frontale,,,,,,,,,,,1,1,1,8,1
200800069030,0008-12-04 20:15:00,8,12,4,20,15,310,403,,,,Nuit avec éclairage allumé,Hors agglomération,Giratoire,Pluie légère,Deux véhicules - frontale,,,,,,,,,,,5,1,6,2,1
200800069031,0008-12-25 02:30:00,8,12,25,2,30,310,341,,,,Nuit sans éclairage public,Hors agglomération,Hors intersection,Brouillard / fumée,Trois véhicules et plus - collisions multiples,,,,,,,,,,,3,1,1,5,5
200800069032,0008-12-20 00:30:00,8,12,20,0,30,310,424,,43.601,1.291,Nuit avec éclairage allumé,Hors agglomération,Hors intersection,Normale,Deux véhicules - frontale,,,,,,,,,,,5,1,1,1,1
200800069033,0008-12-11 08:30:00,8,12,11,8,30,310,293,rue de Gagnac,43.705,1.379,Plein jour,En agglomération,Hors intersection,Normale,Deux véhicules - côté,,,,,,,,,,,1,2,1,1,3
200800069034,0008-12-19 07:45:00,8,12,19,7,45,310,273,,,,Crépuscule ou aube,Hors agglomération,Hors intersection,Temps couvert,Autre collision,,,,,,,,,,,2,1,1,8,6