accident_id,datetime,annee,mois,jour,heure,minute,departement,commune_insee,adresse,latitude,longitude,luminosite,agglomeration,intersection,meteo,collision,nb_vehicules,nb_usagers,nb_indemnes,nb_tues,nb_blesses_hosp,nb_blesses_legers,age_cond_1,age_cond_2,veh_type_cond_1,veh_type_cond_2,lum_code,agg_code,int_code,atm_code,col_code
200800069035,0008-12-18 07:15:00,8,12,18,7,15,310,488,d888/rue baudelaire,,,Crépuscule ou aube,En agglomération,Hors intersection,Pluie légère,Autre collision,,,,,,,,,,,2,2,1,2,6
200800069036,0008-12-24 19:00:00,8,12,24,19,0,310,117,,,,Nuit avec éclairage allumé,Hors agglomération,Hors intersection,Brouillard / fumée,Trois véhicules et plus - collisions multiples,,,,,,,,,,,5,1,1,5,5
200800069037,0008-12-23 09:00:00,8,12,23,9,0,310,206,,,,Plein jour,Hors agglomération,Hors intersection,Autre,Deux véhicules - frontale,,,,,,,,,,,1,1,1,9,1
200800069038,0008-12-20 05:15:00,8,12,20,5,15,310,474,,43.202,1.103,Nuit sans éclairage public,Hors agglomération,Hors intersection,Normale,Autre collision,,,,,,,,,,,3,1,1,1,6
200800069039,0008-12-16 15:45:00,8,12,16,15,45,310,21,QUARTIER LE CAP D'ESCLOP,43.074,0.713,Plein jour,En agglomération,Hors intersection,Temps couvert,Autre collision,,,,,,,,,,,1,2,1,8,6
200800069040,0008-12-08 07:30:00,8,12,8,7,30,310,443,,43.383,0.757,Plein jour,Hors agglomération,Hors intersection,Normale,Autre collision,,,,,,,,,,,1,1,1,1,6
200800069041,0008-12-30 15:15:00,8,12,30,15,15,310,170,,,,Plein jour,Hors agglomération,Hors intersection,Temps éblouissant,Deux véhicules - arrière,,,,,,,,,,,1,1,1,7,2
200800069042,0008-12-03 13:15:00,8,12,3,13,15,310,582,,43.431,1.619,Plein jour,Hors agglomération,Hors intersection,Pluie légère,Autre collision,,,,,,,,,,,1,1,1,2,6
200800069043,0008-12-23 13:15:00,8,12,23,13,15,90,160,avenue du gen de Gaulle,,,Plein jour,En agglomération,Hors intersection,Normale,Autre collision,,,,,,,,,,,1,2,1,1,6
200800069044,0008-12-01 12:15:00,8,12,1,12,15,90,306,avenue de sabart,,,Plein jour,En agglomération,Hors intersection,Normale,Autre collision,,,,,,,,,,,1,2,1,1,6
200800069045,0008-12-09 19:00:00,8,12,9,19,0,90,306,,,,Nuit sans éclairage public,Hors agglomération,Hors intersection,Normale,Deux véhicules - frontale,,,,,,,,,,,3,1,1,1,1
200800069046,0008-12-03 10:00:00,8,12,3,10,0,90,173,LD LE SOULEILLA,,,Crépuscule ou aube,En agglomération,Hors intersection,Normale,Deux véhicules - frontale,,,,,,,,,,,2,2,1,1,1
200800069047,0008-12-13 11:15:00,8,12,13,11,15,90,199,,,,Plein jour,Hors agglomération,Hors intersection,Normale,Deux véhicules - côté,,,,,,,,,,,1,1,1,1,3
200800069048,0008-12-23 06:30:00,8,12,23,6,30,90,149,,,,Nuit sans éclairage public,Hors agglomération,Hors intersection,Normale,Sans collision,,,,,,,,,,,3,1,1,1,7
200800069049,0008-12-13 11:15:00,8,12,13,11,15,120,157,,44.395,2.692,Plein jour,Hors agglomération,Hors intersection,Normale,Deux véhicules - frontale,,,,,,,,,,,1,1,1,1,1
200800069050,0008-12-08 15:45:00,8,12,8,15,45,120,110,,,,Plein jour,Hors agglomération,Hors intersection,Normale,Deux véhicules - frontale,,,,,,,,,,,1,1,1,1,1
200800069051,0008-12-05 14:00:00,8,12,5,14,0,120,208,6 Bd de Verdun,43.96,2.88,Plein jour,En agglomération,Hors intersection,Temps couvert,Autre collision,,,,,,,,,,,1,2,1,8,6
200800069052,0008-12-16 08:00:00,8,12,16,8,0,120,301,,,,Crépuscule ou aube,Hors agglomération,Hors intersection,Normale,Deux véhicules - frontale,,,,,,,,,,,2,1,1,1,1
200800069053,0008-12-08 18:45:00,8,12,8,18,45,320,60,,43.571,0.611,Nuit sans éclairage public,Hors agglomération,Hors intersection,Normale,Trois véhicules et plus - collisions multiples,,,,,,,,,,,3,1,1,1,5
200800069054,0008-12-12 23:45:00,8,12,12,23,45,320,331,,43.729,0.624,Nuit sans éclairage public,Hors agglomération,Hors intersection,Temps couvert,Deux véhicules - côté,,,,,,,,,,,3,1,1,8,3
200800069055,0008-12-31 20:30:00,8,12,31,20,30,320,307,,43.572,0.529,Nuit sans éclairage public,Hors agglomération,Hors intersection,Normale,Deux véhicules - frontale,,,,,,,,,,,3,1,1,1,1
200800069056,0008-12-16 07:45:00,8,12,16,7,45,320,388,,43.69,0.88,Nuit sans éclairage public,Hors agglomération,Hors intersection,Pluie légère,Deux véhicules - frontale,,,,,,,,,,,3,1,1,2,1
200800069057,0008-12-19 14:15:00,8,12,19,14,15,320,335,,43.75,0.72,Plein jour,Hors agglomération,Hors intersection,Temps couvert,Deux véhicules - frontale,,,,,,,,,,,1,1,1,8,1
200800069058,0008-12-19 08:15:00,8,12,19,8,15,320,160,,43.635,1.067,Plein jour,Hors agglomération,Hors intersection,Temps couvert,Sans collision,,,,,,,,,,,1,1,1,8,7
200800069059,0008-12-01 16:00:00,8,12,1,16,0,320,459,,43.862,0.406,Plein jour,Hors agglomération,Hors intersection,Pluie légère,Sans collision,,,,,,,,,,,1,1,1,2,7
200800069060,0008-12-07 14:15:00,8,12,7,14,15,320,212,,44.052,0.455,Plein jour,Hors agglomération,Hors intersection,Normale,Autre collision,,,,,,,,,,,1,1,1,1,6
200800069061,0008-12-07 17:00:00,8,12,7,17,0,320,107,,43.927,0.346,Plein jour,Hors agglomération,Hors intersection,Temps éblouissant,Autre collision,,,,,,,,,,,1,1,1,7,6
200800069062,0008-12-07 17:30:00,8,12,7,17,30,320,239,,,,Nuit sans éclairage public,Hors agglomération,Hors intersection,Normale,Sans collision,,,,,,,,,,,3,1,1,1,7
200800069063,0008-12-21 10:00:00,8,12,21,10,0,320,459,,,,Plein jour,Hors agglomération,Hors intersection,Brouillard / fumée,Deux véhicules - frontale,,,,,,,,,,,1,1,1,5,1
200800069064,0008-12-08 18:00:00,8,12,8,18,0,320,119,Rue docteur Couecou,43.76,-0.038,Nuit sans éclairage public,En agglomération,Hors intersection,Normale,Deux véhicules - frontale,,,,,,,,,,,3,2,1,1,1
200800069065,0008-12-20 16:45:00,8,12,20,16,45,320,96,,43.926,-0.035,Nuit sans éclairage public,Hors agglomération,Hors intersection,Normale,Autre collision,,,,,,,,,,,3,1,1,1,6
200800069066,0008-12-21 01:30:00,8,12,21,1,30,320,208,,43.94,0.652,Nuit sans éclairage public,Hors agglomération,Hors intersection,Normale,Sans collision,,,,,,,,,,,3,1,1,1,7
200800069067,0008-12-28 18:30:00,8,12,28,18,30,320,254,,43.549,0.47,Nuit sans éclairage public,Hors agglomération,Hors intersection,Normale,Deux véhicules - frontale,,,,,,,,,,,3,1,1,1,1
200800069068,0008-12-06 07:45:00,8,12,6,7,45,320,233,,,,Plein jour,Hors agglomération,Hors intersection,Temps couvert,Deux véhicules - côté,,,,,,,,,,,1,1,1,8,3
200800069069,0008-12-23 23:00:00,8,12,23,23,0,320,285,,,,Nuit sans éclairage public,Hors agglomération,Hors intersection,Normale,Autre collision,,,,,,,,,,,3,1,1,1,6
200800069070,0008-12-15 16:45:00,8,12,15,16,45,460,148,Le bourg,,,Nuit avec éclairage allumé,En agglomération,Giratoire,Normale,Autre collision,,,,,,,,,,,5,2,6,1,6
200800069071,0008-12-28 20:00:00,8,12,28,20,0,460,324,le bourg,,,Nuit avec éclairage allumé,En agglomération,Hors intersection,Normale,Deux véhicules - côté,,,,,,,,,,,5,2,1,1,3
200800069072,0008-12-02 09:30:00,8,12,2,9,30,650,177,,,,Plein jour,Hors agglomération,Hors intersection,Temps couvert,Autre collision,,,,,,,,,,,1,1,1,8,6
200800069073,0008-12-16 11:30:00,8,12,16,11,30,650,452,,,,Plein jour,Hors agglomération,Hors intersection,Normale,Autre collision,,,,,,,,,,,1,1,1,1,6
200800069074,0008-12-26 17:30:00,8,12,26,17,30,650,452,,43.33,0.365,Nuit sans éclairage public,En agglomération,Hors intersection,Normale,Autre collision,,,,,,,,,,,3,2,1,1,6
200800069075,0008-12-20 17:30:00,8,12,20,17,30,650,332,,,,Crépuscule ou aube,En agglomération,Hors intersection,Temps couvert,Autre collision,,,,,,,,,,,2,2,1,8,6
200800069076,0008-12-22 08:45:00,8,12,22,8,45,650,447,Place ASTARAC,,,Plein jour,En agglomération,Place,Normale,Autre collision,,,,,,,,,,,1,2,7,1,6
200800069077,0008-12-20 12:00:00,8,12,20,12,0,650,262,route de Maubourguet,43.45,0.019,Plein jour,En agglomération,Hors intersection,Normale,Deux véhicules - côté,,,,,,,,,,,1,2,1,1,3
200800069078,0008-12-21 21:15:00,8,12,21,21,15,650,123,,,,Nuit sans éclairage public,Hors agglomération,Hors intersection,Normale,Deux véhicules - frontale,,,,,,,,,,,3,1,1,1,1
200800069079,0008-12-04 10:00:00,8,12,4,10,0,650,389,avenue des chataigniers,,,Plein jour,En agglomération,Hors intersection,Normale,Autre collision,,,,,,,,,,,1,2,1,1,6
200800069080,0008-12-07 09:15:00,8,12,7,9,15,650,127,RD817,43.109,0.332,Nuit sans éclairage public,En agglomération,Hors intersection,Normale,Autre collision,,,,,,,,,,,3,2,1,1,6
200800069081,0008-12-15 08:30:00,8,12,15,8,30,650,50,,42.847,0.41,Plein jour,Hors agglomération,Autre intersection,Neige / grêle,Autre collision,,,,,,,,,,,1,1,9,4,6
200800069082,0008-12-16 09:00:00,8,12,16,9,0,650,31,,,,Plein jour,Hors agglomération,Hors intersection,Normale,Autre collision,,,,,,,,,,,1,1,1,1,6
200800069083,0008-12-14 08:45:00,8,12,14,8,45,810,13,,,,Plein jour,Hors agglomération,Hors intersection,Neige / grêle,Deux véhicules - côté,,,,,,,,,,,1,1,1,4,3
200800069084,0008-12-16 20:30:00,8,12,16,20,30,810,186,,,,Crépuscule ou aube,Hors agglomération,Hors intersection,Normale,Deux véhicules - côté,,,,,,,,,,,2,1,1,1,3
200800069085,0008-12-24 03:30:00,8,12,24,3,30,810,140,,43.677,1.733,Nuit sans éclairage public,Hors agglomération,Hors intersection,Brouillard / fumée,Autre collision,,,,,,,,,,,3,1,1,5,6
200800069086,0008-12-23 14:00:00,8,12,23,14,0,810,252,,,,Plein jour,Hors agglomération,Hors intersection,Normale,Deux véhicules - côté,,,,,,,,,,,1,1,1,1,3
200800069087,0008-12-30 18:00:00,8,12,30,18,0,810,294,,43.841,1.939,Nuit sans éclairage public,Hors agglomération,Hors intersection,Temps couvert,Deux véhicules - côté,,,,,,,,,,,3,1,1,8,3
200800069088,0008-12-07 14:45:00,8,12,7,14,45,810,217,,44.0,1.7,Plein jour,Hors agglomération,Hors intersection,Normale,Sans collision,,,,,,,,,,,1,1,1,1,7
200800069089,0008-12-01 20:15:00,8,12,1,20,15,810,202,,,,Nuit sans éclairage public,Hors agglomération,Hors intersection,Normale,Deux véhicules - arrière,,,,,,,,,,,3,1,1,1,2
200800069090,0008-12-07 06:30:00,8,12,7,6,30,810,202,,,,Nuit sans éclairage public,Hors agglomération,Hors intersection,Normale,Autre collision,,,,,,,,,,,3,1,1,1,6
200800069091,0008-12-07 12:15:00,8,12,7,12,15,810,145,,,,Plein jour,Hors agglomération,Hors intersection,Normale,Autre collision,,,,,,,,,,,1,1,1,1,6
200800069092,0008-12-12 21:30:00,8,12,12,21,30,810,70,"21, rue Roger Bellegarde",,,Nuit avec éclairage allumé,En agglomération,Hors intersection,Normale,Autre collision,,,,,,,,,,,5,2,1,1,6
200800069093,0008-12-06 21:15:00,8,12,6,21,15,810,2,,43.521,2.312,Nuit sans éclairage public,Hors agglomération,Hors intersection,Normale,Deux véhicules - frontale,,,,,,,,,,,3,1,1,1,1
200800069094,0008-12-20 17:45:00,8,12,20,17,45,810,36,,43.498,2.437,Nuit avec éclairage allumé,Hors agglomération,Hors intersection,Normale,Deux véhicules - côté,,,,,,,,,,,5,1,1,1,3
200800069095,0008-12-27 02:15:00,8,12,27,2,15,810,307,,,,Nuit sans éclairage public,Hors agglomération,Hors intersection,Autre,Autre collision,,,,,,,,,,,3,1,1,9,6
200800069096,0008-12-03 08:45:00,8,12,3,8,45,810,50,,43.584,1.837,Plein jour,Hors agglomération,Hors intersection,Pluie légère,Sans collision,,,,,,,,,,,1,1,1,2,7
200800069097,0008-12-15 01:00:00,8,12,15,1,0,810,200,,43.513,2.011,Nuit sans éclairage public,Hors agglomération,Hors intersection,Pluie forte,Autre collision,,,,,,,,,,,3,1,1,3,6
200800069098,0008-12-16 20:15:00,8,12,16,20,15,810,100,,43.489,2.013,Nuit avec éclairage allumé,Hors agglomération,Hors intersection,Pluie légère,Deux véhicules - frontale,,,,,,,,,,,5,1,1,2,1
200800069099,0008-12-14 11:00:00,8,12,14,11,0,820,148,,,,Plein jour,Hors agglomération,Hors intersection,Pluie légère,Autre collision,,,,,,,,,,,1,1,1,2,6
200800069100,0008-12-07 17:30:00,8,12,7,17,30,820,134,,44.071,1.495,Crépuscule ou aube,Hors agglomération,Hors intersection,Normale,Deux véhicules - frontale,,,,,,,,,,,2,1,1,1,1
200800069101,0008-12-07 21:30:00,8,12,7,21,30,820,75,,,,Nuit avec éclairage allumé,Hors agglomération,Hors intersection,Normale,Deux véhicules - côté,,,,,,,,,,,5,1,1,1,3
200800069102,0008-12-17 17:30:00,8,12,17,17,30,820,114,RD 813 route de toulouse,,,Nuit avec éclairage allumé,En agglomération,Hors intersection,Pluie forte,Autre collision,,,,,,,,,,,5,2,1,3,6
200800069103,0008-12-19 18:15:00,8,12,19,18,15,820,24,,44.202,0.968,Nuit sans éclairage public,Hors agglomération,Hors intersection,Temps couvert,Sans collision,,,,,,,,,,,3,1,1,8,7
200800069104,0008-12-03 07:45:00,8,12,3,7,45,820,112,Bd Camille Delthil,,,Crépuscule ou aube,En agglomération,Hors intersection,Pluie légère,Autre collision,,,,,,,,,,,2,2,1,2,6
200800069105,0008-12-01 22:45:00,8,12,1,22,45,820,85,,43.986,1.294,Nuit sans éclairage public,Hors agglomération,Hors intersection,Temps couvert,Autre collision,,,,,,,,,,,3,1,1,8,6
200800069106,0008-12-19 19:15:00,8,12,19,19,15,820,73,,44.107,0.91,Nuit sans éclairage public,Hors agglomération,Autre intersection,Normale,Trois véhicules et plus - collisions multiples,,,,,,,,,,,3,1,9,1,5
200800069107,0008-12-21 12:30:00,8,12,21,12,30,820,89,,,,Plein jour,Hors agglomération,Hors intersection,Normale,Autre collision,,,,,,,,,,,1,1,1,1,6
200800069108,0008-12-22 07:45:00,8,12,22,7,45,690,285,RD 606 AVENUE SATOLAS GR,,,Crépuscule ou aube,En agglomération,Giratoire,Normale,Deux véhicules - côté,,,,,,,,,,,2,2,6,1,3
200800069109,0008-12-01 18:15:00,8,12,1,18,15,690,40,AVENUE DE MONT LOUIS,,,Nuit avec éclairage allumé,En agglomération,Hors intersection,Normale,Deux véhicules - côté,,,,,,,,,,,5,2,1,1,3
200800069110,0008-12-19 08:30:00,8,12,19,8,30,690,286,10 route de Geneve,45.81,4.886,Plein jour,En agglomération,Hors intersection,Pluie légère,Autre collision,,,,,,,,,,,1,2,1,2,6
200800069111,0008-12-17 12:45:00,8,12,17,12,45,690,299,RD de St Exupery,45.715,5.105,Plein jour,En agglomération,Hors intersection,Temps couvert,Sans collision,,,,,,,,,,,1,2,1,8,7
200800069112,0008-12-19 19:00:00,8,12,19,19,0,690,288,95 av. Jean Moulin,45.679,5.038,Nuit avec éclairage allumé,En agglomération,Intersection en X,Temps couvert,Deux véhicules - côté,,,,,,,,,,,5,2,2,8,3
200800069113,0008-12-08 11:00:00,8,12,8,11,0,690,32,,,,Plein jour,Hors agglomération,Hors intersection,Normale,Trois véhicules et plus - collisions multiples,,,,,,,,,,,1,1,1,1,5
200800069114,0008-12-16 07:30:00,8,12,16,7,30,690,112,,,,Nuit sans éclairage public,Hors agglomération,Hors intersection,Pluie légère,Autre collision,,,,,,,,,,,3,1,1,2,6
200800069115,0008-12-13 10:00:00,8,12,13,10,0,690,30,,,,Plein jour,Hors agglomération,Hors intersection,Brouillard / fumée,Deux véhicules - frontale,,,,,,,,,,,1,1,1,5,1
200800069116,0008-12-20 16:00:00,8,12,20,16,0,690,227,,,,Plein jour,Hors agglomération,Hors intersection,Autre,Deux véhicules - frontale,,,,,,,,,,,1,1,1,9,1
200800069117,0008-12-04 14:30:00,8,12,4,14,30,690,28,Route Neuve - CD 311,,,Plein jour,En agglomération,Hors intersection,Pluie forte,Trois véhicules et plus - collisions multiples,,,,,,,,,,,1,2,1,3,5
200800069118,0008-12-15 16:00:00,8,12,15,16,0,690,291,av. des portes de LYON,,,Plein jour,En agglomération,Intersection en T,Normale,Deux véhicules - côté,,,,,,,,,,,1,2,3,1,3
200800069119,0008-12-02 18:15:00,8,12,2,18,15,690,141,,,,Nuit sans éclairage public,Hors agglomération,Hors intersection,Normale,Autre collision,,,,,,,,,,,3,1,1,1,6
200800069120,0008-12-23 17:45:00,8,12,23,17,45,690,121,,45.86,4.693,Nuit avec éclairage allumé,En agglomération,Hors intersection,Normale,Trois véhicules et plus - en chaîne,,,,,,,,,,,5,2,1,1,4
200800069121,0008-12-04 08:30:00,8,12,4,8,30,690,19,05 rue du 14 juillet,46.111,4.74,Nuit avec éclairage allumé,En agglomération,Hors intersection,Pluie forte,Deux véhicules - frontale,,,,,,,,,,,5,2,1,3,1
200800069122,0008-12-09 19:30:00,8,12,9,19,30,690,65,,,,Nuit sans éclairage public,Hors agglomération,Hors intersection,Pluie forte,Deux véhicules - frontale,,,,,,,,,,,3,1,1,3,1
200800069123,0008-12-12 19:15:00,8,12,12,19,15,690,19,Avenue de Verdun,46.108,4.739,Nuit avec éclairage allumé,En agglomération,Hors intersection,Normale,Deux véhicules - côté,,,,,,,,,,,5,2,1,1,3
200800069124,0008-12-12 11:00:00,8,12,12,11,0,690,101,,45.974,4.64,Plein jour,Hors agglomération,Hors intersection,Normale,Autre collision,,,,,,,,,,,1,1,1,1,6
200800069125,0008-12-15 16:45:00,8,12,15,16,45,690,147,face au 48 grand rue,,,Nuit avec éclairage allumé,En agglomération,Hors intersection,Normale,Autre collision,,,,,,,,,,,5,2,1,1,6
200800069126,0008-12-05 13:45:00,8,12,5,13,45,10,264,,,,Plein jour,Hors agglomération,Hors intersection,Normale,Trois véhicules et plus - collisions multiples,,,,,,,,,,,1,1,1,1,5
200800069127,0008-12-09 19:00:00,8,12,9,19,0,10,184,,,,Nuit sans éclairage public,Hors agglomération,Hors intersection,Pluie forte,Sans collision,,,,,,,,,,,3,1,1,3,7
200800069128,0008-12-21 17:00:00,8,12,21,17,0,10,145,,,,Plein jour,Hors agglomération,Hors intersection,Normale,Deux véhicules - frontale,,,,,,,,,,,1,1,1,1,1
200800069129,0008-12-13 22:30:00,8,12,13,22,30,10,98,,,,Nuit sans éclairage public,Hors agglomération,Hors intersection,Normale,Sans collision,,,,,,,,,,,3,1,1,1,7
200800069130,0008-12-11 18:00:00,8,12,11,18,0,10,22,rue de savoie,,,Nuit avec éclairage allumé,En agglomération,Hors intersection,Normale,Autre collision,,,,,,,,,,,5,2,1,1,6
200800069131,0008-12-17 10:30:00,8,12,17,10,30,10,116,,,,Plein jour,Hors agglomération,Hors intersection,Normale,Deux véhicules - côté,,,,,,,,,,,1,1,1,1,3
200800069132,0008-12-08 13:30:00,8,12,8,13,30,10,148,rue du Colonel ROMANS,,,Plein jour,En agglomération,Hors intersection,Normale,Autre collision,,,,,,,,,,,1,2,1,1,6
200800069133,0008-12-05 19:45:00,8,12,5,19,45,10,354,rue de GEX,,,Nuit avec éclairage allumé,En agglomération,Hors intersection,Pluie forte,Autre collision,,,,,,,,,,,5,2,1,3,6
200800069134,0008-12-23 18:30:00,8,12,23,18,30,10,209,,,,Nuit sans éclairage public,Hors agglomération,Hors intersection,Normale,Deux véhicules - côté,,,,,,,,,,,3,1,1,1,3
200800069135,0008-12-01 18:30:00,8,12,1,18,30,10,383,,,,Nuit sans éclairage public,Hors agglomération,Hors intersection,Pluie légère,Autre collision,,,,,,,,,,,3,1,1,2,6
200800069136,0008-12-05 06:00:00,8,12,5,6,0,10,383,,,,Nuit sans éclairage public,Hors agglomération,Hors intersection,Pluie légère,Deux véhicules - frontale,,,,,,,,,,,3,1,1,2,1
200800069137,0008-12-08 17:30:00,8,12,8,17,30,10,335,,46.111,5.075,Plein jour,Hors agglomération,Hors intersection,Brouillard / fumée,Autre collision,,,,,,,,,,,1,1,1,5,6
200800069138,0008-12-03 21:45:00,8,12,3,21,45,10,368,,,,Nuit sans éclairage public,Hors agglomération,Hors intersection,Pluie légère,Deux véhicules - frontale,,,,,,,,,,,3,1,1,2,1
200800069139,0008-12-13 09:30:00,8,12,13,9,30,10,272,,,,Nuit sans éclairage public,Hors agglomération,Hors intersection,Normale,Deux véhicules - frontale,,,,,,,,,,,3,1,1,1,1
200800069140,0008-12-26 09:30:00,8,12,26,9,30,10,244,Rue de lyon,,,Plein jour,En agglomération,Hors intersection,Normale,Autre collision,,,,,,,,,,,1,2,1,1,6
200800069141,0008-12-25 08:00:00,8,12,25,8,0,10,275,mairie,,,Crépuscule ou aube,En agglomération,Hors intersection,Temps couvert,Autre collision,,,,,,,,,,,2,2,1,8,6
200800069142,0008-12-31 10:30:00,8,12,31,10,30,10,333,,,,Plein jour,Hors agglomération,Hors intersection,Normale,Autre collision,,,,,,,,,,,1,1,1,1,6
200800069143,0008-12-09 03:45:00,8,12,9,3,45,10,30,Rue Hector Berlioz,46.012,4.753,Nuit avec éclairage allumé,En agglomération,Hors intersection,Normale,Autre collision,,,,,,,,,,,5,2,1,1,6
200800069144,0008-12-15 18:30:00,8,12,15,18,30,70,110,,44.477,4.239,Nuit sans éclairage public,Hors agglomération,Hors intersection,Normale,Deux véhicules - frontale,,,,,,,,,,,3,1,1,1,1
200800069145,0008-12-25 03:30:00,8,12,25,3,30,70,322,ALLEE DES PLATANES,44.677,4.214,Nuit avec éclairage allumé,En agglomération,Hors intersection,Normale,Autre collision,,,,,,,,,,,5,2,1,1,6
200800069146,0008-12-29 18:00:00,8,12,29,18,0,70,183,,,,Nuit sans éclairage public,Hors agglomération,Hors intersection,Temps couvert,Autre collision,,,,,,,,,,,3,1,1,8,6
200800069147,0008-12-09 12:45:00,8,12,9,12,45,70,211,,44.51,4.38,Plein jour,Hors agglomération,Hors intersection,Pluie légère,Sans collision,,,,,,,,,,,1,1,1,2,7
200800069148,0008-12-03 18:45:00,8,12,3,18,45,70,324,AVENUE DU 8 MAI 1945,45.06,4.83,Nuit avec éclairage allumé,En agglomération,Hors intersection,Normale,Deux véhicules - côté,,,,,,,,,,,5,2,1,1,3
200800069149,0008-12-03 07:45:00,8,12,3,7,45,260,64,,,,Crépuscule ou aube,Hors agglomération,Hors intersection,Normale,Deux véhicules - côté,,,,,,,,,,,2,1,1,1,3
200800069150,0008-12-04 07:45:00,8,12,4,7,45,260,108,,,,Crépuscule ou aube,Hors agglomération,Hors intersection,Autre,Deux véhicules - frontale,,,,,,,,,,,2,1,1,9,1
200800069151,0008-12-09 08:15:00,8,12,9,8,15,260,115,,,,Crépuscule ou aube,Hors agglomération,Hors intersection,Normale,Deux véhicules - frontale,,,,,,,,,,,2,1,1,1,1
200800069152,0008-12-21 16:00:00,8,12,21,16,0,260,183,PONT DE LA GERVANNE,,,Plein jour,En agglomération,Hors intersection,Normale,Deux véhicules - côté,,,,,,,,,,,1,2,1,1,3
200800069153,0008-12-26 11:00:00,8,12,26,11,0,260,115,,,,Plein jour,Hors agglomération,Hors intersection,Normale,Deux véhicules - frontale,,,,,,,,,,,1,1,1,1,1
200800069154,0008-12-08 05:30:00,8,12,8,5,30,260,124,,,,Nuit sans éclairage public,Hors agglomération,Hors intersection,Normale,Deux véhicules - côté,,,,,,,,,,,3,1,1,1,3
200800069155,0008-12-11 11:15:00,8,12,11,11,15,260,165,rue joseph combier,,,Plein jour,En agglomération,Hors intersection,Normale,Sans collision,,,,,,,,,,,1,2,1,1,7
200800069156,0008-12-24 18:00:00,8,12,24,18,0,260,124,,44.846,4.868,Nuit sans éclairage public,Hors agglomération,Hors intersection,Normale,Deux véhicules - frontale,,,,,,,,,,,3,1,1,1,1
200800069157,0008-12-31 07:45:00,8,12,31,7,45,260,6,,,,Crépuscule ou aube,Hors agglomération,Hors intersection,Pluie légère,Sans collision,,,,,,,,,,,2,1,1,2,7
200800069158,0008-12-08 13:30:00,8,12,8,13,30,260,113,avenue SADI CARNOT,44.764,5.363,Plein jour,En agglomération,Hors intersection,Normale,Deux véhicules - côté,,,,,,,,,,,1,2,1,1,3
200800069159,0008-12-12 13:15:00,8,12,12,13,15,260,324,avenue general de gaulle,44.35,4.764,Plein jour,En agglomération,Hors intersection,Normale,Deux véhicules - côté,,,,,,,,,,,1,2,1,1,3
200800069160,0008-12-21 21:00:00,8,12,21,21,0,260,182,,,,Nuit sans éclairage public,Hors agglomération,Hors intersection,Normale,Autre collision,,,,,,,,,,,3,1,1,1,6
200800069161,0008-12-23 09:45:00,8,12,23,9,45,260,182,Avenue de la Resistance,,,Plein jour,En agglomération,Hors intersection,Temps éblouissant,Autre collision,,,,,,,,,,,1,2,1,7,6
200800069162,0008-12-31 13:45:00,8,12,31,13,45,260,320,,45.07,5.235,Plein jour,Hors agglomération,Hors intersection,Pluie légère,Deux véhicules - frontale,,,,,,,,,,,1,1,1,2,1
200800069163,0008-12-21 12:30:00,8,12,21,12,30,260,2,,45.262,4.839,Plein jour,Hors agglomération,Hors intersection,Normale,Deux véhicules - frontale,,,,,,,,,,,1,1,1,1,1
200800069164,0008-12-22 10:45:00,8,12,22,10,45,260,247,,45.163,4.835,Crépuscule ou aube,Hors agglomération,Hors intersection,Normale,Deux véhicules - côté,,,,,,,,,,,2,1,1,1,3
200800069165,0008-12-22 18:15:00,8,12,22,18,15,260,160,,45.228,4.818,Nuit sans éclairage public,Hors agglomération,Hors intersection,Normale,Deux véhicules - frontale,,,,,,,,,,,3,1,1,1,1
200800069166,0008-12-26 15:00:00,8,12,26,15,0,260,347,,45.082,4.832,Plein jour,Hors agglomération,Hors intersection,Normale,Autre collision,,,,,,,,,,,1,1,1,1,6
200800069167,0008-12-05 14:30:00,8,12,5,14,30,380,547,AVENUE GAL DE MIRIBEL,45.251,5.896,Plein jour,En agglomération,Hors intersection,Temps couvert,Deux véhicules - côté,,,,,,,,,,,1,2,1,8,3
200800069168,0008-12-21 18:30:00,8,12,21,18,30,380,175,,,,Nuit sans éclairage public,Hors agglomération,Hors intersection,Normale,Trois véhicules et plus - en chaîne,,,,,,,,,,,3,1,1,1,4
200800069169,0008-12-26 13:45:00,8,12,26,13,45,380,120,,45.243,5.895,Plein jour,Hors agglomération,Hors intersection,Normale,Deux véhicules - frontale,,,,,,,,,,,1,1,1,1,1
200800069170,0008-12-06 09:00:00,8,12,6,9,0,380,158,rue du muret,45.159,5.75,Plein jour,En agglomération,Hors intersection,Pluie légère,Deux véhicules - frontale,,,,,,,,,,,1,2,1,2,1