accident_id,datetime,annee,mois,jour,heure,minute,departement,commune_insee,adresse,latitude,longitude,luminosite,agglomeration,intersection,meteo,collision,nb_vehicules,nb_usagers,nb_indemnes,nb_tues,nb_blesses_hosp,nb_blesses_legers,age_cond_1,age_cond_2,veh_type_cond_1,veh_type_cond_2,lum_code,agg_code,int_code,atm_code,col_code
200800069437,0008-12-12 18:15:00,8,12,12,18,15,710,389,,46.565,3.746,Nuit sans éclairage public,Hors agglomération,Hors intersection,Brouillard / fumée,Deux véhicules - frontale,,,,,,,,,,,3,1,1,5,1
200800069438,0008-12-18 09:15:00,8,12,18,9,15,710,389,,46.562,3.746,Plein jour,Hors agglomération,Hors intersection,Normale,Deux véhicules - côté,,,,,,,,,,,1,1,1,1,3
200800069439,0008-12-25 02:30:00,8,12,25,2,30,710,318,,46.542,5.149,Nuit sans éclairage public,Hors agglomération,Hors intersection,Temps couvert,Autre collision,,,,,,,,,,,3,1,1,8,6
200800069440,0008-12-02 07:00:00,8,12,2,7,0,710,516,,46.343,5.432,Crépuscule ou aube,Hors agglomération,Hors intersection,Brouillard / fumée,Sans collision,,,,,,,,,,,2,1,1,5,7
200800069441,0008-12-08 07:30:00,8,12,8,7,30,710,419,rd 970,46.258,5.41,Crépuscule ou aube,En agglomération,Hors intersection,Brouillard / fumée,Autre collision,,,,,,,,,,,2,2,1,5,6
200800069442,0008-12-17 16:15:00,8,12,17,16,15,890,438,,47.806,3.664,Nuit sans éclairage public,Hors agglomération,Hors intersection,Pluie légère,Deux véhicules - frontale,,,,,,,,,,,3,1,1,2,1
200800069443,0008-12-08 07:00:00,8,12,8,7,0,890,252,,,,Nuit sans éclairage public,Hors agglomération,Hors intersection,Brouillard / fumée,Autre collision,,,,,,,,,,,3,1,1,5,6
200800069444,0008-12-10 20:00:00,8,12,10,20,0,890,238,,,,Nuit sans éclairage public,Hors agglomération,Hors intersection,Normale,Autre collision,,,,,,,,,,,3,1,1,1,6
200800069445,0008-12-03 15:30:00,8,12,3,15,30,890,292,,,,Plein jour,Hors agglomération,Hors intersection,Temps couvert,Deux véhicules - côté,,,,,,,,,,,1,1,1,8,3
200800069446,0008-12-18 12:15:00,8,12,18,12,15,890,345,,,,Plein jour,Hors agglomération,Hors intersection,Normale,Deux véhicules - arrière,,,,,,,,,,,1,1,1,1,2
200800069447,0008-12-25 17:00:00,8,12,25,17,0,890,423,,,,Crépuscule ou aube,Hors agglomération,Hors intersection,Normale,Sans collision,,,,,,,,,,,2,1,1,1,7
200800069448,0008-12-26 15:45:00,8,12,26,15,45,890,345,Avenue du General LECLEC,,,Plein jour,En agglomération,Hors intersection,Normale,Deux véhicules - frontale,,,,,,,,,,,1,2,1,1,1
200800069449,0008-12-15 14:15:00,8,12,15,14,15,890,268,,47.96,3.613,Plein jour,Hors agglomération,Hors intersection,Normale,Deux véhicules - côté,,,,,,,,,,,1,1,1,1,3
200800069450,0008-12-18 23:45:00,8,12,18,23,45,890,311,,47.763,3.425,Nuit sans éclairage public,Hors agglomération,Hors intersection,Normale,Autre collision,,,,,,,,,,,3,1,1,1,6
200800069451,0008-12-11 09:45:00,8,12,11,9,45,890,159,,,,Plein jour,Hors agglomération,Hors intersection,Normale,Deux véhicules - arrière,,,,,,,,,,,1,1,1,1,2
200800069452,0008-12-16 06:45:00,8,12,16,6,45,890,3,,47.869,3.36,Nuit sans éclairage public,Hors agglomération,Hors intersection,Brouillard / fumée,Deux véhicules - côté,,,,,,,,,,,3,1,1,5,3
200800069453,0008-12-14 19:30:00,8,12,14,19,30,890,218,rue Emile  Tabarant,47.968,3.479,Nuit avec éclairage allumé,En agglomération,Hors intersection,Normale,Autre collision,,,,,,,,,,,5,2,1,1,6
200800069454,0008-12-13 16:00:00,8,12,13,16,0,890,66,,,,Plein jour,Hors agglomération,Hors intersection,Normale,Autre collision,,,,,,,,,,,1,1,1,1,6
200800069455,0008-12-30 09:30:00,8,12,30,9,30,890,122,,,,Plein jour,Hors agglomération,Hors intersection,Pluie légère,Sans collision,,,,,,,,,,,1,1,1,2,7
200800069456,0008-12-06 13:15:00,8,12,6,13,15,890,418,rue de l'hopital,,,Plein jour,En agglomération,Hors intersection,Normale,Autre collision,,,,,,,,,,,1,2,1,1,6
200800069457,0008-12-18 14:15:00,8,12,18,14,15,250,112,,,,Plein jour,Hors agglomération,Hors intersection,Temps couvert,Trois véhicules et plus - collisions multiples,,,,,,,,,,,1,1,1,8,5
200800069458,0008-12-27 18:15:00,8,12,27,18,15,250,112,,47.269,6.066,Nuit sans éclairage public,Hors agglomération,Intersection en X,Normale,Autre collision,,,,,,,,,,,3,1,2,1,6
200800069459,0008-12-03 22:45:00,8,12,3,22,45,250,129,,,,Nuit avec éclairage non allumé,Hors agglomération,Hors intersection,Pluie légère,Deux véhicules - frontale,,,,,,,,,,,4,1,1,2,1
200800069460,0008-12-19 06:00:00,8,12,19,6,0,250,195,,,,Nuit sans éclairage public,Hors agglomération,Hors intersection,Pluie légère,Trois véhicules et plus - collisions multiples,,,,,,,,,,,3,1,1,2,5
200800069461,0008-12-27 15:00:00,8,12,27,15,0,250,330,,,,Plein jour,Hors agglomération,Hors intersection,Temps éblouissant,Deux véhicules - frontale,,,,,,,,,,,1,1,1,7,1
200800069462,0008-12-08 14:00:00,8,12,8,14,0,250,439,,,,Plein jour,Hors agglomération,Hors intersection,Temps couvert,Sans collision,,,,,,,,,,,1,1,1,8,7
200800069463,0008-12-10 17:15:00,8,12,10,17,15,250,309,,46.922,6.297,Nuit sans éclairage public,Hors agglomération,Hors intersection,Neige / grêle,Deux véhicules - frontale,,,,,,,,,,,3,1,1,4,1
200800069464,0008-12-04 08:30:00,8,12,4,8,30,390,389,,,,Plein jour,Hors agglomération,Hors intersection,Autre,Deux véhicules - frontale,,,,,,,,,,,1,1,1,9,1
200800069465,0008-12-28 09:30:00,8,12,28,9,30,390,97,,,,Plein jour,En agglomération,Hors intersection,Normale,Deux véhicules - frontale,,,,,,,,,,,1,2,1,1,1
200800069466,0008-12-11 18:30:00,8,12,11,18,30,390,526,Boulevard KENNEDY,,,Nuit avec éclairage allumé,En agglomération,Hors intersection,Temps couvert,Deux véhicules - frontale,,,,,,,,,,,5,2,1,8,1
200800069467,0008-12-19 05:30:00,8,12,19,5,30,390,78,,47.118,5.519,Nuit sans éclairage public,Hors agglomération,Hors intersection,Pluie légère,Deux véhicules - frontale,,,,,,,,,,,3,1,1,2,1
200800069468,0008-12-21 07:30:00,8,12,21,7,30,390,520,,,,Crépuscule ou aube,Hors agglomération,Hors intersection,Normale,Sans collision,,,,,,,,,,,2,1,1,1,7
200800069469,0008-12-07 05:00:00,8,12,7,5,0,390,367,Route Blanche (88) /RN 5,,,Nuit sans éclairage public,En agglomération,Hors intersection,Normale,Autre collision,,,,,,,,,,,3,2,1,1,6
200800069470,0008-12-24 11:15:00,8,12,24,11,15,390,368,Quai Jobez,,,Plein jour,En agglomération,Hors intersection,Temps éblouissant,Autre collision,,,,,,,,,,,1,2,1,7,6
200800069471,0008-12-24 17:15:00,8,12,24,17,15,390,470,Route blanche,,,Nuit avec éclairage allumé,En agglomération,Autre intersection,Normale,Autre collision,,,,,,,,,,,5,2,9,1,6
200800069472,0008-12-06 14:00:00,8,12,6,14,0,700,166,,,,Plein jour,Hors agglomération,Hors intersection,Pluie légère,Deux véhicules - côté,,,,,,,,,,,1,1,1,2,3
200800069473,0008-12-16 17:30:00,8,12,16,17,30,700,219,,,,Nuit sans éclairage public,Hors agglomération,Hors intersection,Pluie légère,Deux véhicules - frontale,,,,,,,,,,,3,1,1,2,1
200800069474,0008-12-04 19:00:00,8,12,4,19,0,700,165,,47.71,5.92,Nuit sans éclairage public,Hors agglomération,Hors intersection,Pluie légère,Deux véhicules - côté,,,,,,,,,,,3,1,1,2,3
200800069475,0008-12-06 06:00:00,8,12,6,6,0,700,278,,47.684,6.088,Nuit sans éclairage public,Hors agglomération,Hors intersection,Pluie légère,Autre collision,,,,,,,,,,,3,1,1,2,6
200800069476,0008-12-29 11:30:00,8,12,29,11,30,700,421,,,,Plein jour,Hors agglomération,Hors intersection,Normale,Sans collision,,,,,,,,,,,1,1,1,1,7
200800069477,0008-12-15 08:30:00,8,12,15,8,30,700,326,,47.461,6.085,Plein jour,Hors agglomération,Hors intersection,Normale,Deux véhicules - frontale,,,,,,,,,,,1,1,1,1,1
200800069478,0008-12-18 15:15:00,8,12,18,15,15,700,310,,47.691,6.496,Crépuscule ou aube,En agglomération,Intersection en T,Normale,Deux véhicules - côté,,,,,,,,,,,2,2,3,1,3
200800069479,0008-12-17 09:00:00,8,12,17,9,0,700,473,01 rue EDOUARD HERIOT,,,Plein jour,En agglomération,Hors intersection,Temps couvert,Autre collision,,,,,,,,,,,1,2,1,8,6
200800069480,0008-12-05 20:15:00,8,12,5,20,15,700,467,,47.895,6.255,Nuit sans éclairage public,Hors agglomération,Hors intersection,Pluie légère,Sans collision,,,,,,,,,,,3,1,1,2,7
200800069481,0008-12-25 18:30:00,8,12,25,18,30,700,481,,,,Nuit sans éclairage public,Hors agglomération,Hors intersection,Normale,Autre collision,,,,,,,,,,,3,1,1,1,6
200800069482,0008-12-03 18:00:00,8,12,3,18,0,700,282,,,,Nuit sans éclairage public,Hors agglomération,Hors intersection,Temps couvert,Deux véhicules - frontale,,,,,,,,,,,3,1,1,8,1
200800069483,0008-12-17 12:15:00,8,12,17,12,15,700,152,,47.388,5.777,Plein jour,Hors agglomération,Intersection en X,Temps couvert,Deux véhicules - côté,,,,,,,,,,,1,1,2,8,3
200800069484,0008-12-05 17:30:00,8,12,5,17,30,900,12,,,,Nuit sans éclairage public,Hors agglomération,Hors intersection,Pluie légère,Deux véhicules - côté,,,,,,,,,,,3,1,1,2,3
200800069485,0008-12-12 16:00:00,8,12,12,16,0,380,19,,45.435,4.824,Plein jour,Hors agglomération,Hors intersection,Normale,Deux véhicules - arrière,,,,,,,,,,,1,1,1,1,2
200800069486,0008-12-29 09:45:00,8,12,29,9,45,380,101,,,,Plein jour,Hors agglomération,Hors intersection,Normale,Autre collision,,,,,,,,,,,1,1,1,1,6
200800069487,0008-12-12 08:15:00,8,12,12,8,15,260,169,,44.462,4.758,Plein jour,Hors agglomération,Hors intersection,Vent fort / tempête,Deux véhicules - frontale,,,,,,,,,,,1,1,1,6,1
200800069488,0008-12-19 00:45:00,8,12,19,0,45,260,169,,44.485,4.769,Nuit sans éclairage public,Hors agglomération,Autre intersection,Temps couvert,Autre collision,,,,,,,,,,,3,1,9,8,6
200800069489,0008-12-28 17:00:00,8,12,28,17,0,130,41,,,,Plein jour,Hors agglomération,Hors intersection,Normale,Deux véhicules - côté,,,,,,,,,,,1,1,1,1,3
200800069490,0008-12-02 19:45:00,8,12,2,19,45,130,41,RD58A,43.434,5.472,Nuit avec éclairage allumé,En agglomération,Hors intersection,Normale,Autre collision,,,,,,,,,,,5,2,1,1,6
200800069491,0008-12-06 11:00:00,8,12,6,11,0,130,41,RD 58 - rd pt Pesquier,,,Plein jour,En agglomération,Hors intersection,Normale,Trois véhicules et plus - en chaîne,,,,,,,,,,,1,2,1,1,4
200800069492,0008-12-08 08:00:00,8,12,8,8,0,130,41,,43.459,5.459,Plein jour,Hors agglomération,Hors intersection,Normale,Autre collision,,,,,,,,,,,1,1,1,1,6
200800069493,0008-12-28 19:45:00,8,12,28,19,45,130,41,,43.455,5.449,Nuit sans éclairage public,Hors agglomération,Hors intersection,Normale,Autre collision,,,,,,,,,,,3,1,1,1,6
200800069494,0008-12-16 07:45:00,8,12,16,7,45,130,48,,43.661,5.625,Crépuscule ou aube,Hors agglomération,Hors intersection,Pluie légère,Trois véhicules et plus - collisions multiples,,,,,,,,,,,2,1,1,2,5
200800069495,0008-12-03 17:15:00,8,12,3,17,15,130,106,94 Avenue du 8 mai 1945,,,Nuit avec éclairage allumé,En agglomération,Hors intersection,Temps couvert,Autre collision,,,,,,,,,,,5,2,1,8,6
200800069496,0008-12-05 12:30:00,8,12,5,12,30,130,19,,43.43,5.36,Plein jour,Hors agglomération,Hors intersection,Normale,Autre collision,,,,,,,,,,,1,1,1,1,6
200800069497,0008-12-11 16:00:00,8,12,11,16,0,130,19,CD6  - hauteur DECATHLON,43.42,5.35,Plein jour,En agglomération,Hors intersection,Normale,Autre collision,,,,,,,,,,,1,2,1,1,6
200800069498,0008-12-17 16:00:00,8,12,17,16,0,130,15,D8 avenue des noyers,,,Plein jour,En agglomération,Hors intersection,Normale,Deux véhicules - frontale,,,,,,,,,,,1,2,1,1,1
200800069499,0008-12-09 16:00:00,8,12,9,16,0,130,110,,43.487,5.687,Plein jour,Hors agglomération,Hors intersection,Normale,Deux véhicules - côté,,,,,,,,,,,1,1,1,1,3
200800069500,0008-12-06 16:00:00,8,12,6,16,0,130,27,GAMBETTA/JEAN JAURES,,,Plein jour,En agglomération,Hors intersection,Normale,Deux véhicules - côté,,,,,,,,,,,1,2,1,1,3
200800069501,0008-12-19 14:15:00,8,12,19,14,15,130,27,,43.88,4.83,Plein jour,Hors agglomération,Hors intersection,Normale,Deux véhicules - côté,,,,,,,,,,,1,1,1,1,3
200800069502,0008-12-31 11:30:00,8,12,31,11,30,130,97,,43.674,4.836,Plein jour,Hors agglomération,Hors intersection,Pluie légère,Deux véhicules - frontale,,,,,,,,,,,1,1,1,2,1
200800069503,0008-12-06 19:45:00,8,12,6,19,45,130,100,CD99A,,,Nuit sans éclairage public,En agglomération,Hors intersection,Normale,Autre collision,,,,,,,,,,,3,2,1,1,6
200800069504,0008-12-11 10:30:00,8,12,11,10,30,130,100,,,,Plein jour,Hors agglomération,Intersection en X,Normale,Deux véhicules - côté,,,,,,,,,,,1,1,2,1,3
200800069505,0008-12-12 01:30:00,8,12,12,1,30,130,94,,,,Nuit sans éclairage public,Hors agglomération,Hors intersection,Pluie légère,Autre collision,,,,,,,,,,,3,1,1,2,6
200800069506,0008-12-14 19:30:00,8,12,14,19,30,130,100,,,,Nuit sans éclairage public,Hors agglomération,Hors intersection,Pluie légère,Autre collision,,,,,,,,,,,3,1,1,2,6
200800069507,0008-12-01 08:15:00,8,12,1,8,15,130,23,,43.23,5.59,Plein jour,Hors agglomération,Hors intersection,Temps couvert,Deux véhicules - frontale,,,,,,,,,,,1,1,1,8,1
200800069508,0008-12-01 15:30:00,8,12,1,15,30,130,46,ZA LES PRADEAUX,,,Plein jour,En agglomération,Hors intersection,Normale,Deux véhicules - côté,,,,,,,,,,,1,2,1,1,3
200800069509,0008-12-07 13:45:00,8,12,7,13,45,130,16,RD 96 N,,,Plein jour,En agglomération,Hors intersection,Normale,Deux véhicules - côté,,,,,,,,,,,1,2,1,1,3
200800069510,0008-12-07 17:30:00,8,12,7,17,30,130,7,,,,Nuit sans éclairage public,Hors agglomération,Hors intersection,Normale,Deux véhicules - frontale,,,,,,,,,,,3,1,1,1,1
200800069511,0008-12-19 12:00:00,8,12,19,12,0,130,86,RD96,,,Plein jour,En agglomération,Hors intersection,Normale,Deux véhicules - frontale,,,,,,,,,,,1,2,1,1,1
200800069512,0008-12-19 12:30:00,8,12,19,12,30,130,31,RD 96,,,Plein jour,En agglomération,Hors intersection,Normale,Deux véhicules - frontale,,,,,,,,,,,1,2,1,1,1
200800069513,0008-12-05 11:30:00,8,12,5,11,30,130,49,,43.712,5.116,Plein jour,Hors agglomération,Hors intersection,Normale,Sans collision,,,,,,,,,,,1,1,1,1,7
200800069514,0008-12-07 18:30:00,8,12,7,18,30,130,35,,43.705,5.04,Nuit sans éclairage public,Hors agglomération,Hors intersection,Normale,Sans collision,,,,,,,,,,,3,1,1,1,7
200800069515,0008-12-21 06:30:00,8,12,21,6,30,130,35,CD 17,,,Nuit sans éclairage public,En agglomération,Hors intersection,Normale,Autre collision,,,,,,,,,,,3,2,1,1,6
200800069516,0008-12-27 01:45:00,8,12,27,1,45,130,67,,43.784,5.053,Nuit sans éclairage public,Hors agglomération,Hors intersection,Pluie légère,Autre collision,,,,,,,,,,,3,1,1,2,6
200800069517,0008-12-14 21:00:00,8,12,14,21,0,130,91,,,,Nuit sans éclairage public,Hors agglomération,Hors intersection,Pluie forte,Deux véhicules - frontale,,,,,,,,,,,3,1,1,3,1
200800069518,0008-12-31 23:30:00,8,12,31,23,30,40,230,,,,Nuit sans éclairage public,Hors agglomération,Hors intersection,Temps couvert,Sans collision,,,,,,,,,,,3,1,1,8,7
200800069519,0008-12-05 22:00:00,8,12,5,22,0,40,230,COURS ST LOUIS,43.843,5.983,Nuit avec éclairage allumé,En agglomération,Intersection en Y,Normale,Deux véhicules - côté,,,,,,,,,,,5,2,4,1,3
200800069520,0008-12-06 09:00:00,8,12,6,9,0,40,76,,43.974,6.778,Nuit sans éclairage public,Hors agglomération,Hors intersection,Normale,Autre collision,,,,,,,,,,,3,1,1,1,6
200800069521,0008-12-26 06:30:00,8,12,26,6,30,40,200,,,,Nuit sans éclairage public,Hors agglomération,Hors intersection,Temps couvert,Autre collision,,,,,,,,,,,3,1,1,8,6
200800069522,0008-12-30 18:30:00,8,12,30,18,30,40,75,,,,Nuit avec éclairage allumé,Hors agglomération,Hors intersection,Temps couvert,Deux véhicules - frontale,,,,,,,,,,,5,1,1,8,1
200800069523,0008-12-04 04:00:00,8,12,4,4,0,50,103,,44.303,5.9,Nuit sans éclairage public,Hors agglomération,Hors intersection,Autre,Autre collision,,,,,,,,,,,3,1,1,9,6
200800069524,0008-12-27 15:00:00,8,12,27,15,0,50,61,Voie privee B6,44.541,6.057,Plein jour,En agglomération,Hors intersection,Normale,Deux véhicules - frontale,,,,,,,,,,,1,2,1,1,1
200800069525,0008-12-09 18:30:00,8,12,9,18,30,50,17,,,,Nuit sans éclairage public,Hors agglomération,Intersection en X,Temps couvert,Deux véhicules - côté,,,,,,,,,,,3,1,2,8,3
200800069526,0008-12-21 04:15:00,8,12,21,4,15,50,119,,,,Nuit sans éclairage public,Hors agglomération,Hors intersection,Normale,Sans collision,,,,,,,,,,,3,1,1,1,7
200800069527,0008-12-12 06:30:00,8,12,12,6,30,60,48,"750 chemin rural 4,",43.791,7.332,Crépuscule ou aube,En agglomération,Hors intersection,Pluie légère,Deux véhicules - frontale,,,,,,,,,,,2,2,1,2,1
200800069528,0008-12-18 19:30:00,8,12,18,19,30,60,48,RD 15 avenue raiberti,43.814,7.315,Nuit avec éclairage allumé,En agglomération,Autre intersection,Normale,Deux véhicules - côté,,,,,,,,,,,5,2,9,1,3
200800069529,0008-12-08 07:15:00,8,12,8,7,15,60,57,,,,Crépuscule ou aube,Hors agglomération,Hors intersection,Temps couvert,Sans collision,,,,,,,,,,,2,1,1,8,7
200800069530,0008-12-19 06:15:00,8,12,19,6,15,60,92,,,,Crépuscule ou aube,Hors agglomération,Hors intersection,Autre,Autre collision,,,,,,,,,,,2,1,1,9,6
200800069531,0008-12-22 15:00:00,8,12,22,15,0,60,149,penetrante 2204 bis,,,Plein jour,En agglomération,Hors intersection,Normale,Trois véhicules et plus - en chaîne,,,,,,,,,,,1,2,1,1,4
200800069532,0008-12-05 12:15:00,8,12,5,12,15,60,161,rd 6007 pk 30,43.63,7.13,Plein jour,En agglomération,Hors intersection,Temps éblouissant,Deux véhicules - frontale,,,,,,,,,,,1,2,1,7,1
200800069533,0008-12-16 16:00:00,8,12,16,16,0,60,161,rond point des rives,43.64,7.13,Plein jour,En agglomération,Giratoire,Normale,Deux véhicules - frontale,,,,,,,,,,,1,2,6,1,1
200800069534,0008-12-18 18:45:00,8,12,18,18,45,60,44,bvd honore teisseire,,,Nuit avec éclairage allumé,En agglomération,Giratoire,Normale,Deux véhicules - frontale,,,,,,,,,,,5,2,6,1,1
200800069535,0008-12-23 07:15:00,8,12,23,7,15,60,161,RD6007 FACE GARE SNCF,43.63,7.13,Nuit avec éclairage allumé,En agglomération,Hors intersection,Normale,Autre collision,,,,,,,,,,,5,2,1,1,6
200800069536,0008-12-29 16:45:00,8,12,29,16,45,60,161,RD6098,43.64,7.14,Nuit avec éclairage allumé,En agglomération,Hors intersection,Normale,Autre collision,,,,,,,,,,,5,2,1,1,6
200800069537,0008-12-04 09:15:00,8,12,4,9,15,60,79,43 BD. PAUL TARASCON,43.548,6.937,Plein jour,En agglomération,Hors intersection,Normale,Autre collision,,,,,,,,,,,1,2,1,1,6
200800069538,0008-12-04 18:15:00,8,12,4,18,15,60,79,"Av. de Frejus, RD6007",43.536,6.931,Nuit avec éclairage non allumé,En agglomération,Hors intersection,Normale,Autre collision,,,,,,,,,,,4,2,1,1,6
200800069539,0008-12-07 00:30:00,8,12,7,0,30,60,79,312 bd des ecureuils,43.544,6.947,Nuit avec éclairage allumé,En agglomération,Hors intersection,Normale,Deux véhicules - côté,,,,,,,,,,,5,2,1,1,3
200800069540,0008-12-09 08:15:00,8,12,9,8,15,60,140,,,,Plein jour,Hors agglomération,Hors intersection,Normale,Sans collision,,,,,,,,,,,1,1,1,1,7
200800069541,0008-12-18 20:00:00,8,12,18,20,0,60,157,2 Rue Massena,,,Plein jour,En agglomération,Hors intersection,Normale,Autre collision,,,,,,,,,,,1,2,1,1,6
200800069542,0008-12-18 19:00:00,8,12,18,19,0,60,65,,43.742,7.179,Nuit sans éclairage public,Hors agglomération,Hors intersection,Normale,Deux véhicules - arrière,,,,,,,,,,,3,1,1,1,2
200800069543,0008-12-03 13:30:00,8,12,3,13,30,60,6,,,,Plein jour,Hors agglomération,Autre intersection,Normale,Deux véhicules - côté,,,,,,,,,,,1,1,9,1,3
200800069544,0008-12-08 17:15:00,8,12,8,17,15,60,33,,,,Nuit avec éclairage allumé,Hors agglomération,Hors intersection,Normale,Deux véhicules - côté,,,,,,,,,,,5,1,1,1,3
200800069545,0008-12-10 15:45:00,8,12,10,15,45,60,59,rd6007 pk54+500,,,Plein jour,En agglomération,Hors intersection,Pluie forte,Trois véhicules et plus - collisions multiples,,,,,,,,,,,1,2,1,3,5
200800069546,0008-12-30 10:00:00,8,12,30,10,0,60,101,,44.018,6.983,Plein jour,Hors agglomération,Hors intersection,Temps couvert,Autre collision,,,,,,,,,,,1,1,1,8,6
200800069547,0008-12-16 08:30:00,8,12,16,8,30,830,56,,43.558,6.524,Plein jour,Hors agglomération,Intersection en X,Pluie légère,Deux véhicules - côté,,,,,,,,,,,1,1,2,2,3
200800069548,0008-12-08 17:45:00,8,12,8,17,45,830,102,Departementale 30,,,Nuit sans éclairage public,En agglomération,Hors intersection,Normale,Autre collision,,,,,,,,,,,3,2,1,1,6
200800069549,0008-12-22 21:00:00,8,12,22,21,0,830,23,route de Camps,,,Nuit sans éclairage public,En agglomération,Hors intersection,Normale,Deux véhicules - côté,,,,,,,,,,,3,2,1,1,3
200800069550,0008-12-21 16:00:00,8,12,21,16,0,830,104,CD3 ROUTE DE ST MAXIMIN,,,Plein jour,En agglomération,Hors intersection,Normale,Deux véhicules - côté,,,,,,,,,,,1,2,1,1,3
200800069551,0008-12-08 12:00:00,8,12,8,12,0,830,77,,43.269,5.949,Plein jour,Hors agglomération,Hors intersection,Normale,Autre collision,,,,,,,,,,,1,1,1,1,6
200800069552,0008-12-29 13:45:00,8,12,29,13,45,830,64,CD 81,,,Plein jour,En agglomération,Hors intersection,Normale,Trois véhicules et plus - collisions multiples,,,,,,,,,,,1,2,1,1,5
200800069553,0008-12-21 16:00:00,8,12,21,16,0,830,120,,,,Plein jour,Hors agglomération,Hors intersection,Normale,Deux véhicules - frontale,,,,,,,,,,,1,1,1,1,1
200800069554,0008-12-26 21:30:00,8,12,26,21,30,830,96,Rue raoul Blanc,,,Nuit avec éclairage allumé,En agglomération,Hors intersection,Normale,Autre collision,,,,,,,,,,,5,2,1,1,6
200800069555,0008-12-08 15:30:00,8,12,8,15,30,830,107,,,,Plein jour,Hors agglomération,Giratoire,Temps éblouissant,Deux véhicules - côté,,,,,,,,,,,1,1,6,7,3
200800069556,0008-12-06 14:00:00,8,12,6,14,0,830,99,DN 7 PK 91,,,Plein jour,En agglomération,Hors intersection,Normale,Deux véhicules - arrière,,,,,,,,,,,1,2,1,1,2
200800069557,0008-12-13 11:30:00,8,12,13,11,30,830,42,,,,Plein jour,Hors agglomération,Hors intersection,Normale,Sans collision,,,,,,,,,,,1,1,1,1,7
200800069558,0008-12-20 17:30:00,8,12,20,17,30,830,68,,,,Nuit sans éclairage public,Hors agglomération,Hors intersection,Normale,Autre collision,,,,,,,,,,,3,1,1,1,6
200800069559,0008-12-23 12:15:00,8,12,23,12,15,830,115,,,,Plein jour,Hors agglomération,Hors intersection,Normale,Trois véhicules et plus - collisions multiples,,,,,,,,,,,1,1,1,1,5
200800069560,0008-12-20 17:00:00,8,12,20,17,0,830,101,,,,Nuit sans éclairage public,Hors agglomération,Hors intersection,Normale,Deux véhicules - frontale,,,,,,,,,,,3,1,1,1,1
200800069561,0008-12-09 15:30:00,8,12,9,15,30,830,35,,,,Plein jour,Hors agglomération,Hors intersection,Pluie légère,Autre collision,,,,,,,,,,,1,1,1,2,6
200800069562,0008-12-30 15:45:00,8,12,30,15,45,830,47,,,,Plein jour,Hors agglomération,Hors intersection,Normale,Deux véhicules - frontale,,,,,,,,,,,1,1,1,1,1
200800069563,0008-12-30 10:00:00,8,12,30,10,0,830,47,,43.135,6.064,Plein jour,Hors agglomération,Intersection en T,Normale,Deux véhicules - côté,,,,,,,,,,,1,1,3,1,3
200800069564,0008-12-13 12:45:00,8,12,13,12,45,830,112,Rue Republique,,,Plein jour,En agglomération,Hors intersection,Normale,Deux véhicules - frontale,,,,,,,,,,,1,2,1,1,1
200800069565,0008-12-20 14:45:00,8,12,20,14,45,840,132,D1 ROUTE DE VELLERON,,,Plein jour,En agglomération,Hors intersection,Normale,Deux véhicules - frontale,,,,,,,,,,,1,2,1,1,1
200800069566,0008-12-05 19:45:00,8,12,5,19,45,840,38,,,,Nuit sans éclairage public,Hors agglomération,Hors intersection,Normale,Deux véhicules - arrière,,,,,,,,,,,3,1,1,1,2
200800069567,0008-12-04 22:15:00,8,12,4,22,15,840,54,cours victor hugo,,,Nuit avec éclairage non allumé,En agglomération,Hors intersection,Pluie légère,Deux véhicules - frontale,,,,,,,,,,,4,2,1,2,1
200800069568,0008-12-07 04:30:00,8,12,7,4,30,840,54,,43.928,5.06,Nuit avec éclairage allumé,En agglomération,Hors intersection,Normale,Autre collision,,,,,,,,,,,5,2,1,1,6
200800069569,0008-12-02 18:00:00,8,12,2,18,0,840,92,,,,Plein jour,Hors agglomération,Hors intersection,Normale,Deux véhicules - arrière,,,,,,,,,,,1,1,1,1,2
200800069570,0008-12-06 10:30:00,8,12,6,10,30,840,129,,,,Plein jour,Hors agglomération,Hors intersection,Normale,Trois véhicules et plus - collisions multiples,,,,,,,,,,,1,1,1,1,5
200800069571,0008-12-17 07:45:00,8,12,17,7,45,840,129,,43.998,4.875,Crépuscule ou aube,Hors agglomération,Hors intersection,Pluie légère,Deux véhicules - côté,,,,,,,,,,,2,1,1,2,3
200800069572,0008-12-29 11:30:00,8,12,29,11,30,840,13,,43.864,5.213,Plein jour,Hors agglomération,Hors intersection,Normale,Deux véhicules - arrière,,,,,,,,,,,1,1,1,1,2