accident_id,datetime,annee,mois,jour,heure,minute,departement,commune_insee,adresse,latitude,longitude,luminosite,agglomeration,intersection,meteo,collision,nb_vehicules,nb_usagers,nb_indemnes,nb_tues,nb_blesses_hosp,nb_blesses_legers,age_cond_1,age_cond_2,veh_type_cond_1,veh_type_cond_2,lum_code,agg_code,int_code,atm_code,col_code
200800069573,0008-12-01 23:00:00,8,12,1,23,0,840,122,,,,Nuit sans éclairage public,Hors agglomération,Hors intersection,Normale,Deux véhicules - frontale,,,,,,,,,,,3,1,1,1,1
200800069574,0008-12-08 21:15:00,8,12,8,21,15,840,122,,44.064,4.924,Nuit sans éclairage public,Hors agglomération,Hors intersection,Normale,Deux véhicules - frontale,,,,,,,,,,,3,1,1,1,1
200800069575,0008-12-22 08:15:00,8,12,22,8,15,840,30,,,,Plein jour,Hors agglomération,Hors intersection,Normale,Deux véhicules - frontale,,,,,,,,,,,1,1,1,1,1
200800069576,0008-12-20 23:15:00,8,12,20,23,15,840,16,,,,Nuit sans éclairage public,Hors agglomération,Hors intersection,Vent fort / tempête,Sans collision,,,,,,,,,,,3,1,1,6,7
200800069577,0008-12-29 10:00:00,8,12,29,10,0,840,5,,,,Plein jour,Hors agglomération,Hors intersection,Normale,Deux véhicules - côté,,,,,,,,,,,1,1,1,1,3
200800069578,0008-12-13 16:00:00,8,12,13,16,0,840,88,,43.98,5.0,Plein jour,Hors agglomération,Hors intersection,Normale,Deux véhicules - côté,,,,,,,,,,,1,1,1,1,3
200800069579,0008-12-16 15:45:00,8,12,16,15,45,840,108,,44.02,5.12,Plein jour,Hors agglomération,Giratoire,Normale,Deux véhicules - côté,,,,,,,,,,,1,1,6,1,3
200800069580,0008-12-06 14:15:00,8,12,6,14,15,840,91,avenue de provence,44.18,4.761,Plein jour,En agglomération,Hors intersection,Normale,Deux véhicules - arrière,,,,,,,,,,,1,2,1,1,2
200800069581,0008-12-21 20:00:00,8,12,21,20,0,840,91,,,,Nuit sans éclairage public,Hors agglomération,Hors intersection,Normale,Autre collision,,,,,,,,,,,3,1,1,1,6
200800069582,0008-12-28 09:45:00,8,12,28,9,45,840,56,Avenue de la Liberation,44.12,4.897,Plein jour,En agglomération,Hors intersection,Normale,Deux véhicules - frontale,,,,,,,,,,,1,2,1,1,1
200800069583,0008-12-02 12:15:00,8,12,2,12,15,840,137,AVENUE ST QUENIN,,,Plein jour,En agglomération,Hors intersection,Normale,Deux véhicules - côté,,,,,,,,,,,1,2,1,1,3
200800069584,0008-12-09 18:30:00,8,12,9,18,30,840,138,,,,Nuit sans éclairage public,Hors agglomération,Hors intersection,Pluie légère,Deux véhicules - côté,,,,,,,,,,,3,1,1,2,3
200800069585,0008-12-26 15:00:00,8,12,26,15,0,840,138,,,,Plein jour,Hors agglomération,Hors intersection,Normale,Deux véhicules - côté,,,,,,,,,,,1,1,1,1,3
200800069586,0008-12-28 05:30:00,8,12,28,5,30,840,97,,,,Nuit sans éclairage public,Hors agglomération,Hors intersection,Normale,Autre collision,,,,,,,,,,,3,1,1,1,6
200800069587,0008-12-06 08:30:00,8,12,6,8,30,340,58,,43.695,4.016,Plein jour,Hors agglomération,Hors intersection,Normale,Deux véhicules - frontale,,,,,,,,,,,1,1,1,1,1
200800069588,0008-12-27 16:30:00,8,12,27,16,30,340,227,,43.719,4.031,Nuit sans éclairage public,Hors agglomération,Hors intersection,Temps couvert,Autre collision,,,,,,,,,,,3,1,1,8,6
200800069589,0008-12-12 08:00:00,8,12,12,8,0,340,243,,43.91,3.73,Crépuscule ou aube,Hors agglomération,Hors intersection,Normale,Deux véhicules - frontale,,,,,,,,,,,2,1,1,1,1
200800069590,0008-12-02 18:00:00,8,12,2,18,0,340,145,,,,Nuit sans éclairage public,Hors agglomération,Giratoire,Normale,Autre collision,,,,,,,,,,,3,1,6,1,6
200800069591,0008-12-12 15:00:00,8,12,12,15,0,340,145,,,,Plein jour,Hors agglomération,Hors intersection,Normale,Deux véhicules - côté,,,,,,,,,,,1,1,1,1,3
200800069592,0008-12-23 13:45:00,8,12,23,13,45,340,240,,43.651,3.964,Plein jour,Hors agglomération,Hors intersection,Normale,Deux véhicules - côté,,,,,,,,,,,1,1,1,1,3
200800069593,0008-12-25 04:45:00,8,12,25,4,45,340,127,,43.654,4.097,Nuit sans éclairage public,Hors agglomération,Hors intersection,Normale,Autre collision,,,,,,,,,,,3,1,1,1,6
200800069594,0008-12-03 17:45:00,8,12,3,17,45,340,119,,,,Nuit sans éclairage public,Hors agglomération,Hors intersection,Normale,Deux véhicules - côté,,,,,,,,,,,3,1,1,1,3
200800069595,0008-12-20 02:45:00,8,12,20,2,45,340,226,,,,Nuit sans éclairage public,Hors agglomération,Hors intersection,Normale,Sans collision,,,,,,,,,,,3,1,1,1,7
200800069596,0008-12-11 15:00:00,8,12,11,15,0,340,183,,43.289,3.146,Plein jour,Hors agglomération,Hors intersection,Normale,Autre collision,,,,,,,,,,,1,1,1,1,6
200800069597,0008-12-17 18:30:00,8,12,17,18,30,340,226,,43.355,2.997,Nuit sans éclairage public,Hors agglomération,Hors intersection,Normale,Sans collision,,,,,,,,,,,3,1,1,1,7
200800069598,0008-12-25 13:00:00,8,12,25,13,0,340,69,,43.418,3.125,Plein jour,Hors agglomération,Hors intersection,Normale,Deux véhicules - frontale,,,,,,,,,,,1,1,1,1,1
200800069599,0008-12-05 09:30:00,8,12,5,9,30,340,289,,43.391,3.388,Plein jour,Hors agglomération,Hors intersection,Temps couvert,Autre collision,,,,,,,,,,,1,1,1,8,6
200800069600,0008-12-08 09:30:00,8,12,8,9,30,340,199,avenue joliot curie,,,Plein jour,En agglomération,Hors intersection,Normale,Autre collision,,,,,,,,,,,1,2,1,1,6
200800069601,0008-12-13 18:45:00,8,12,13,18,45,340,63,,43.493,3.351,Nuit sans éclairage public,Hors agglomération,Hors intersection,Temps couvert,Autre collision,,,,,,,,,,,3,1,1,8,6
200800069602,0008-12-23 16:30:00,8,12,23,16,30,340,289,,43.416,3.413,Plein jour,Hors agglomération,Hors intersection,Normale,Trois véhicules et plus - collisions multiples,,,,,,,,,,,1,1,1,1,5
200800069603,0008-12-16 21:00:00,8,12,16,21,0,340,139,,43.416,3.23,Nuit sans éclairage public,Hors agglomération,Hors intersection,Normale,Autre collision,,,,,,,,,,,3,1,1,1,6
200800069604,0008-12-22 09:45:00,8,12,22,9,45,340,300,,43.394,3.315,Plein jour,Hors agglomération,Hors intersection,Normale,Deux véhicules - frontale,,,,,,,,,,,1,1,1,1,1
200800069605,0008-12-31 08:45:00,8,12,31,8,45,340,85,,,,Plein jour,Hors agglomération,Hors intersection,Pluie légère,Autre collision,,,,,,,,,,,1,1,1,2,6
200800069606,0008-12-06 21:15:00,8,12,6,21,15,340,209,,,,Nuit sans éclairage public,Hors agglomération,Hors intersection,Normale,Deux véhicules - côté,,,,,,,,,,,3,1,1,1,3
200800069607,0008-12-07 16:00:00,8,12,7,16,0,340,299,,43.278,3.285,Plein jour,Hors agglomération,Hors intersection,Normale,Deux véhicules - côté,,,,,,,,,,,1,1,1,1,3
200800069608,0008-12-25 11:15:00,8,12,25,11,15,340,209,CD 37,43.308,3.331,Plein jour,En agglomération,Hors intersection,Normale,Sans collision,,,,,,,,,,,1,2,1,1,7
200800069609,0008-12-04 15:00:00,8,12,4,15,0,340,142,,43.727,3.266,Plein jour,Hors agglomération,Hors intersection,Temps couvert,Autre collision,,,,,,,,,,,1,1,1,8,6
200800069610,0008-12-02 20:15:00,8,12,2,20,15,340,194,,,,Nuit sans éclairage public,Hors agglomération,Hors intersection,Normale,Autre collision,,,,,,,,,,,3,1,1,1,6
200800069611,0008-12-26 21:00:00,8,12,26,21,0,340,281,,,,Nuit sans éclairage public,Hors agglomération,Hors intersection,Pluie légère,Autre collision,,,,,,,,,,,3,1,1,2,6
200800069612,0008-12-23 17:15:00,8,12,23,17,15,340,239,32 avenue de Montpellier,,,Nuit avec éclairage allumé,En agglomération,Hors intersection,Pluie légère,Autre collision,,,,,,,,,,,5,2,1,2,6
200800069613,0008-12-08 14:45:00,8,12,8,14,45,340,31,17 avenue du 8 Mai 1945,43.368,3.424,Plein jour,En agglomération,Intersection en T,Normale,Deux véhicules - côté,,,,,,,,,,,1,2,3,1,3
200800069614,0008-12-28 17:00:00,8,12,28,17,0,340,31,chemin croix de redon,,,Crépuscule ou aube,En agglomération,Passage à niveau,Pluie légère,Deux véhicules - frontale,,,,,,,,,,,2,2,8,2,1
200800069615,0008-12-07 10:45:00,8,12,7,10,45,340,39,,43.458,3.655,Plein jour,Hors agglomération,Hors intersection,Normale,Deux véhicules - arrière,,,,,,,,,,,1,1,1,1,2
200800069616,0008-12-01 14:30:00,8,12,1,14,30,110,192,,43.294,2.052,Plein jour,Hors agglomération,Hors intersection,Pluie légère,Deux véhicules - arrière,,,,,,,,,,,1,1,1,2,2
200800069617,0008-12-30 02:45:00,8,12,30,2,45,110,240,,42.94,2.231,Nuit sans éclairage public,En agglomération,Hors intersection,Normale,Sans collision,,,,,,,,,,,3,2,1,1,7
200800069618,0008-12-20 14:45:00,8,12,20,14,45,110,421,,,,Plein jour,Hors agglomération,Hors intersection,Normale,Trois véhicules et plus - collisions multiples,,,,,,,,,,,1,1,1,1,5
200800069619,0008-12-31 19:00:00,8,12,31,19,0,110,262,,,,Nuit sans éclairage public,Hors agglomération,Hors intersection,Temps couvert,Deux véhicules - frontale,,,,,,,,,,,3,1,1,8,1
200800069620,0008-12-31 20:00:00,8,12,31,20,0,110,269,,43.321,2.983,Nuit sans éclairage public,Hors agglomération,Hors intersection,Pluie légère,Deux véhicules - arrière,,,,,,,,,,,3,1,1,2,2
200800069621,0008-12-24 11:00:00,8,12,24,11,0,110,77,Chemin du Stade,43.236,2.676,Plein jour,En agglomération,Hors intersection,Normale,Autre collision,,,,,,,,,,,1,2,1,1,6
200800069622,0008-12-06 22:00:00,8,12,6,22,0,300,133,Rue du POUNENT,,,Nuit avec éclairage allumé,En agglomération,Hors intersection,Normale,Deux véhicules - frontale,,,,,,,,,,,5,2,1,1,1
200800069623,0008-12-30 19:15:00,8,12,30,19,15,300,133,,,,Nuit avec éclairage allumé,En agglomération,Giratoire,Pluie légère,Deux véhicules - côté,,,,,,,,,,,5,2,6,2,3
200800069624,0008-12-04 19:15:00,8,12,4,19,15,300,344,AVENUE DE LA CAMARGUE,43.749,4.218,Plein jour,En agglomération,Intersection en X,Normale,Deux véhicules - frontale,,,,,,,,,,,1,2,2,1,1
200800069625,0008-12-14 21:00:00,8,12,14,21,0,300,266,,44.251,4.296,Nuit sans éclairage public,Hors agglomération,Hors intersection,Pluie légère,Deux véhicules - frontale,,,,,,,,,,,3,1,1,2,1
200800069626,0008-12-19 15:00:00,8,12,19,15,0,300,237,,44.273,4.197,Plein jour,Hors agglomération,Hors intersection,Normale,Autre collision,,,,,,,,,,,1,1,1,1,6
200800069627,0008-12-30 10:00:00,8,12,30,10,0,300,227,BD DU PORTALET,44.267,4.201,Plein jour,En agglomération,Hors intersection,Pluie forte,Autre collision,,,,,,,,,,,1,2,1,3,6
200800069628,0008-12-03 14:30:00,8,12,3,14,30,300,334,avenue georges chauvin,,,Plein jour,En agglomération,Hors intersection,Pluie légère,Autre collision,,,,,,,,,,,1,2,1,2,6
200800069629,0008-12-04 14:00:00,8,12,4,14,0,300,334,AVENUE DES CEVENNES,44.017,4.417,Plein jour,En agglomération,Hors intersection,Normale,Autre collision,,,,,,,,,,,1,2,1,1,6
200800069630,0008-12-05 18:00:00,8,12,5,18,0,300,299,,44.027,4.453,Nuit sans éclairage public,Hors agglomération,Hors intersection,Pluie légère,Trois véhicules et plus - collisions multiples,,,,,,,,,,,3,1,1,2,5
200800069631,0008-12-11 00:30:00,8,12,11,0,30,300,273,,,,Nuit sans éclairage public,Hors agglomération,Hors intersection,Normale,Autre collision,,,,,,,,,,,3,1,1,1,6
200800069632,0008-12-11 17:30:00,8,12,11,17,30,300,202,,,,Nuit sans éclairage public,Hors agglomération,Hors intersection,Pluie forte,Deux véhicules - frontale,,,,,,,,,,,3,1,1,3,1
200800069633,0008-12-27 18:15:00,8,12,27,18,15,300,202,Avenue Kennedy,44.265,4.647,Nuit avec éclairage allumé,En agglomération,Hors intersection,Normale,Autre collision,,,,,,,,,,,5,2,1,1,6
200800069634,0008-12-03 17:30:00,8,12,3,17,30,300,73,,,,Nuit sans éclairage public,Hors agglomération,Intersection en Y,Pluie légère,Trois véhicules et plus - collisions multiples,,,,,,,,,,,3,1,4,2,5
200800069635,0008-12-06 17:45:00,8,12,6,17,45,300,12,CD 2,43.894,4.686,Crépuscule ou aube,En agglomération,Hors intersection,Normale,Deux véhicules - côté,,,,,,,,,,,2,2,1,1,3
200800069636,0008-12-06 19:15:00,8,12,6,19,15,300,73,,43.992,4.579,Nuit sans éclairage public,Hors agglomération,Hors intersection,Normale,Deux véhicules - frontale,,,,,,,,,,,3,1,1,1,1
200800069637,0008-12-28 17:30:00,8,12,28,17,30,480,80,,44.721,3.862,Nuit sans éclairage public,Hors agglomération,Hors intersection,Normale,Autre collision,,,,,,,,,,,3,1,1,1,6
200800069638,0008-12-30 10:30:00,8,12,30,10,30,480,92,Avenue de BRAZZA,,,Nuit avec éclairage allumé,En agglomération,Hors intersection,Normale,Deux véhicules - côté,,,,,,,,,,,5,2,1,1,3
200800069639,0008-12-10 08:00:00,8,12,10,8,0,660,101,,42.622,2.79,Plein jour,Hors agglomération,Hors intersection,Vent fort / tempête,Autre collision,,,,,,,,,,,1,1,1,6,6
200800069640,0008-12-12 13:15:00,8,12,12,13,15,660,8,,,,Plein jour,Hors agglomération,Hors intersection,Normale,Deux véhicules - arrière,,,,,,,,,,,1,1,1,1,2
200800069641,0008-12-04 16:45:00,8,12,4,16,45,660,214,RUE DES TAMARIS,,,Plein jour,En agglomération,Hors intersection,Normale,Autre collision,,,,,,,,,,,1,2,1,1,6
200800069642,0008-12-09 10:15:00,8,12,9,10,15,660,63,,,,Plein jour,Hors agglomération,Hors intersection,Pluie légère,Deux véhicules - côté,,,,,,,,,,,1,1,1,2,3
200800069643,0008-12-16 17:00:00,8,12,16,17,0,660,178,,,,Plein jour,Hors agglomération,Autre intersection,Normale,Deux véhicules - arrière,,,,,,,,,,,1,1,9,1,2
200800069644,0008-12-20 06:00:00,8,12,20,6,0,660,161,,,,Nuit avec éclairage allumé,Hors agglomération,Hors intersection,Normale,Autre collision,,,,,,,,,,,5,1,1,1,6
200800069645,0008-12-25 17:45:00,8,12,25,17,45,660,149,,,,Plein jour,Hors agglomération,Hors intersection,Normale,Deux véhicules - arrière,,,,,,,,,,,1,1,1,1,2
200800069646,0008-12-03 13:45:00,8,12,3,13,45,660,25,cd 30c hameau de HIX,,,Plein jour,En agglomération,Hors intersection,Normale,Autre collision,,,,,,,,,,,1,2,1,1,6
200800069647,0008-12-03 18:00:00,8,12,3,18,0,660,230,,42.638,2.534,Nuit sans éclairage public,Hors agglomération,Hors intersection,Temps couvert,Autre collision,,,,,,,,,,,3,1,1,8,6
200800069648,0008-12-05 17:45:00,8,12,5,17,45,660,165,,,,Nuit sans éclairage public,Hors agglomération,Hors intersection,Normale,Trois véhicules et plus - collisions multiples,,,,,,,,,,,3,1,1,1,5
200800069649,0008-12-19 12:15:00,8,12,19,12,15,201,104,route de l'ecole,,,Plein jour,En agglomération,Hors intersection,Normale,Deux véhicules - frontale,,,,,,,,,,,1,2,1,1,1
200800069650,0008-12-13 17:15:00,8,12,13,17,15,201,247,avenue de Bastia,41.596,9.28,Nuit avec éclairage allumé,En agglomération,Autre intersection,Normale,Deux véhicules - côté,,,,,,,,,,,5,2,9,1,3
200800069651,0008-12-29 14:45:00,8,12,29,14,45,201,349,,41.681,8.935,Plein jour,Hors agglomération,Hors intersection,Normale,Deux véhicules - frontale,,,,,,,,,,,1,1,1,1,1
200800069652,0008-12-22 09:00:00,8,12,22,9,0,202,42,,42.56,9.432,Plein jour,Hors agglomération,Hors intersection,Normale,Deux véhicules - frontale,,,,,,,,,,,1,1,1,1,1
200800069653,0008-12-22 08:30:00,8,12,22,8,30,202,42,,42.583,9.437,Plein jour,Hors agglomération,Hors intersection,Autre,Sans collision,,,,,,,,,,,1,1,1,9,7
200800069654,0008-12-04 18:30:00,8,12,4,18,30,202,305,hameau de grisgione,,,Nuit avec éclairage allumé,En agglomération,Hors intersection,Normale,Deux véhicules - côté,,,,,,,,,,,5,2,1,1,3
200800069655,0008-12-11 22:15:00,8,12,11,22,15,202,93,,,,Crépuscule ou aube,Hors agglomération,Hors intersection,Pluie légère,Deux véhicules - frontale,,,,,,,,,,,2,1,1,2,1
200800069656,0008-12-10 10:15:00,8,12,10,10,15,202,79,,42.498,9.294,Plein jour,Hors agglomération,Hors intersection,Temps couvert,Deux véhicules - frontale,,,,,,,,,,,1,1,1,8,1
200800069657,0008-12-04 20:00:00,8,12,4,20,0,202,343,,42.487,9.482,Nuit avec éclairage allumé,Hors agglomération,Hors intersection,Normale,Autre collision,,,,,,,,,,,5,1,1,1,6
200800069658,0008-12-16 09:00:00,8,12,16,9,0,202,346,,,,Plein jour,Hors agglomération,Hors intersection,Temps éblouissant,Deux véhicules - arrière,,,,,,,,,,,1,1,1,7,2
200800069659,0008-12-19 22:00:00,8,12,19,22,0,202,207,,42.469,9.497,Nuit sans éclairage public,Hors agglomération,Hors intersection,Normale,Autre collision,,,,,,,,,,,3,1,1,1,6
200800069660,0008-12-23 05:45:00,8,12,23,5,45,780,668,,49.028,1.517,Nuit sans éclairage public,Hors agglomération,Hors intersection,Brouillard / fumée,Deux véhicules - côté,,,,,,,,,,,3,1,1,5,3
200800069661,0008-12-01 07:00:00,8,12,1,7,0,780,96,,48.752,1.665,Nuit sans éclairage public,Hors agglomération,Hors intersection,Pluie légère,Deux véhicules - frontale,,,,,,,,,,,3,1,1,2,1
200800069662,0008-12-27 23:30:00,8,12,27,23,30,780,591,,,,Nuit avec éclairage allumé,Hors agglomération,Hors intersection,Normale,Deux véhicules - côté,,,,,,,,,,,5,1,1,1,3
200800069663,0008-12-28 15:45:00,8,12,28,15,45,780,291,54 rue Pierre Curie,,,Plein jour,En agglomération,Hors intersection,Normale,Sans collision,,,,,,,,,,,1,2,1,1,7
200800069664,0008-12-06 07:30:00,8,12,6,7,30,780,160,,,,Plein jour,En agglomération,Hors intersection,Pluie légère,Autre collision,,,,,,,,,,,1,2,1,2,6
200800069665,0008-12-15 15:00:00,8,12,15,15,0,780,575,CD 938,,,Plein jour,En agglomération,Hors intersection,Temps couvert,Deux véhicules - côté,,,,,,,,,,,1,2,1,8,3
200800069666,0008-12-15 16:15:00,8,12,15,16,15,780,443,,48.808,1.866,Plein jour,Hors agglomération,Hors intersection,Temps couvert,Deux véhicules - arrière,,,,,,,,,,,1,1,1,8,2
200800069667,0008-12-18 16:30:00,8,12,18,16,30,780,562,,48.731,1.756,Plein jour,Hors agglomération,Hors intersection,Normale,Deux véhicules - côté,,,,,,,,,,,1,1,1,1,3
200800069668,0008-12-06 17:30:00,8,12,6,17,30,780,62,RD119,,,Nuit avec éclairage allumé,En agglomération,Autre intersection,Normale,Deux véhicules - côté,,,,,,,,,,,5,2,9,1,3
200800069669,0008-12-11 18:45:00,8,12,11,18,45,780,683,route de beynes,,,Nuit avec éclairage allumé,En agglomération,Hors intersection,Normale,Deux véhicules - arrière,,,,,,,,,,,5,2,1,1,2
200800069670,0008-12-06 05:00:00,8,12,6,5,0,780,34,04 route de Montfort,,,Nuit avec éclairage allumé,En agglomération,Hors intersection,Pluie légère,Deux véhicules - arrière,,,,,,,,,,,5,2,1,2,2
200800069671,0008-12-06 17:15:00,8,12,6,17,15,780,265,rue Louis Bellan,,,Nuit sans éclairage public,En agglomération,Hors intersection,Normale,Deux véhicules - côté,,,,,,,,,,,3,2,1,1,3
200800069672,0008-12-04 17:00:00,8,12,4,17,0,910,273,,,,Crépuscule ou aube,Hors agglomération,Hors intersection,Pluie légère,Deux véhicules - frontale,,,,,,,,,,,2,1,1,2,1
200800069673,0008-12-19 16:15:00,8,12,19,16,15,910,593,,,,Plein jour,Hors agglomération,Hors intersection,Normale,Trois véhicules et plus - collisions multiples,,,,,,,,,,,1,1,1,1,5
200800069674,0008-12-24 20:15:00,8,12,24,20,15,910,44,,48.687,2.285,Nuit sans éclairage public,Hors agglomération,Hors intersection,Normale,Trois véhicules et plus - collisions multiples,,,,,,,,,,,3,1,1,1,5
200800069675,0008-12-03 12:30:00,8,12,3,12,30,910,560,,,,Plein jour,Hors agglomération,Giratoire,Pluie légère,Autre collision,,,,,,,,,,,1,1,6,2,6
200800069676,0008-12-09 10:45:00,8,12,9,10,45,950,139,,,,Plein jour,Hors agglomération,Hors intersection,Neige / grêle,Deux véhicules - arrière,,,,,,,,,,,1,1,1,4,2
200800069677,0008-12-09 07:30:00,8,12,9,7,30,950,395,,,,Crépuscule ou aube,Hors agglomération,Hors intersection,Normale,Deux véhicules - frontale,,,,,,,,,,,2,1,1,1,1
200800069678,0008-12-04 22:30:00,8,12,4,22,30,770,175,,48.625,2.642,Nuit sans éclairage public,Hors agglomération,Hors intersection,Temps couvert,Autre collision,,,,,,,,,,,3,1,1,8,6
200800069679,0008-12-07 22:15:00,8,12,7,22,15,770,453,,48.533,2.756,Nuit avec éclairage allumé,En agglomération,Hors intersection,Normale,Deux véhicules - côté,,,,,,,,,,,5,2,1,1,3
200800069680,0008-12-15 07:45:00,8,12,15,7,45,770,352,,48.095,2.25,Crépuscule ou aube,Hors agglomération,Hors intersection,Normale,Deux véhicules - côté,,,,,,,,,,,2,1,1,1,3
200800069681,0008-12-02 15:45:00,8,12,2,15,45,770,240,,48.79,3.29,Plein jour,Hors agglomération,Hors intersection,Normale,Sans collision,,,,,,,,,,,1,1,1,1,7
200800069682,0008-12-07 22:30:00,8,12,7,22,30,770,228,,48.91,3.33,Nuit sans éclairage public,Hors agglomération,Hors intersection,Brouillard / fumée,Autre collision,,,,,,,,,,,3,1,1,5,6
200800069683,0008-12-20 22:00:00,8,12,20,22,0,770,508,,48.802,2.857,Nuit sans éclairage public,Hors agglomération,Hors intersection,Normale,Autre collision,,,,,,,,,,,3,1,1,1,6
200800069684,0008-12-30 13:00:00,8,12,30,13,0,770,219,,48.819,2.975,Plein jour,Hors agglomération,Hors intersection,Normale,Deux véhicules - frontale,,,,,,,,,,,1,1,1,1,1
200800069685,0008-12-09 14:45:00,8,12,9,14,45,770,88,,48.313,2.533,Plein jour,Hors agglomération,Hors intersection,Neige / grêle,Deux véhicules - côté,,,,,,,,,,,1,1,1,4,3
200800069686,0008-12-13 14:45:00,8,12,13,14,45,770,198,,48.258,2.498,Plein jour,Hors agglomération,Hors intersection,Pluie légère,Deux véhicules - frontale,,,,,,,,,,,1,1,1,2,1
200800069687,0008-12-09 19:30:00,8,12,9,19,30,770,387,,48.21,2.827,Nuit sans éclairage public,Hors agglomération,Hors intersection,Autre,Deux véhicules - frontale,,,,,,,,,,,3,1,1,9,1
200800069688,0008-12-22 17:00:00,8,12,22,17,0,770,184,,48.318,2.911,Plein jour,Hors agglomération,Hors intersection,Pluie légère,Autre collision,,,,,,,,,,,1,1,1,2,6
200800069689,0008-12-30 02:45:00,8,12,30,2,45,770,531,,48.293,2.959,Nuit avec éclairage allumé,Hors agglomération,Giratoire,Autre,Sans collision,,,,,,,,,,,5,1,6,9,7
200800069690,0008-12-16 12:30:00,8,12,16,12,30,770,126,,49.023,2.953,Plein jour,Hors agglomération,Hors intersection,Temps couvert,Autre collision,,,,,,,,,,,1,1,1,8,6
200800069691,0008-12-29 19:45:00,8,12,29,19,45,770,483,,49.013,2.912,Nuit sans éclairage public,Hors agglomération,Hors intersection,Normale,Autre collision,,,,,,,,,,,3,1,1,1,6
200800069692,0008-12-31 15:30:00,8,12,31,15,30,450,82,,,,Plein jour,Hors agglomération,Hors intersection,Normale,Deux véhicules - frontale,,,,,,,,,,,1,1,1,1,1
200800069693,0008-12-12 06:15:00,8,12,12,6,15,450,142,,,,Nuit sans éclairage public,Hors agglomération,Hors intersection,Brouillard / fumée,Deux véhicules - frontale,,,,,,,,,,,3,1,1,5,1
200800069694,0008-12-28 00:15:00,8,12,28,0,15,450,316,,,,Nuit sans éclairage public,Hors agglomération,Hors intersection,Normale,Sans collision,,,,,,,,,,,3,1,1,1,7
200800069695,0008-12-17 17:15:00,8,12,17,17,15,450,146,,47.712,1.975,Crépuscule ou aube,Hors agglomération,Hors intersection,Brouillard / fumée,Autre collision,,,,,,,,,,,2,1,1,5,6
200800069696,0008-12-17 18:30:00,8,12,17,18,30,450,155,rue des montoires,,,Nuit avec éclairage allumé,En agglomération,Hors intersection,Pluie légère,Autre collision,,,,,,,,,,,5,2,1,2,6
200800069697,0008-12-29 23:30:00,8,12,29,23,30,450,53,,,,Nuit sans éclairage public,Hors agglomération,Hors intersection,Neige / grêle,Autre collision,,,,,,,,,,,3,1,1,4,6
200800069698,0008-12-20 15:30:00,8,12,20,15,30,450,315,,47.75,2.53,Nuit sans éclairage public,Hors agglomération,Hors intersection,Pluie légère,Deux véhicules - frontale,,,,,,,,,,,3,1,1,2,1
200800069699,0008-12-02 10:15:00,8,12,2,10,15,450,178,,,,Plein jour,Hors agglomération,Hors intersection,Temps couvert,Deux véhicules - frontale,,,,,,,,,,,1,1,1,8,1
200800069700,0008-12-05 22:30:00,8,12,5,22,30,450,312,"Lieu-dit "" la commodite",,,Nuit avec éclairage allumé,En agglomération,Hors intersection,Pluie légère,Autre collision,,,,,,,,,,,5,2,1,2,6
200800069701,0008-12-18 13:45:00,8,12,18,13,45,450,31,Avenue de Madame de Mont,,,Plein jour,En agglomération,Hors intersection,Temps couvert,Deux véhicules - frontale,,,,,,,,,,,1,2,1,8,1
200800069702,0008-12-02 08:00:00,8,12,2,8,0,450,83,,47.944,2.885,Plein jour,Hors agglomération,Hors intersection,Normale,Deux véhicules - frontale,,,,,,,,,,,1,1,1,1,1
200800069703,0008-12-21 03:30:00,8,12,21,3,30,450,222,rue des bois de vaux,48.1,2.75,Nuit sans éclairage public,En agglomération,Hors intersection,Normale,Autre collision,,,,,,,,,,,3,2,1,1,6
200800069704,0008-12-12 16:30:00,8,12,12,16,30,450,253,,48.156,2.226,Plein jour,Hors agglomération,Hors intersection,Brouillard / fumée,Trois véhicules et plus - collisions multiples,,,,,,,,,,,1,1,1,5,5
200800069705,0008-12-21 13:45:00,8,12,21,13,45,450,253,,,,Plein jour,Hors agglomération,Hors intersection,Normale,Deux véhicules - frontale,,,,,,,,,,,1,1,1,1,1
200800069706,0008-12-19 18:30:00,8,12,19,18,30,180,246,,,,Nuit sans éclairage public,Hors agglomération,Hors intersection,Normale,Autre collision,,,,,,,,,,,3,1,1,1,6
200800069707,0008-12-01 18:15:00,8,12,1,18,15,180,226,,47.136,2.495,Crépuscule ou aube,Hors agglomération,Hors intersection,Pluie légère,Trois véhicules et plus - collisions multiples,,,,,,,,,,,2,1,1,2,5