accident_id,datetime,annee,mois,jour,heure,minute,departement,commune_insee,adresse,latitude,longitude,luminosite,agglomeration,intersection,meteo,collision,nb_vehicules,nb_usagers,nb_indemnes,nb_tues,nb_blesses_hosp,nb_blesses_legers,age_cond_1,age_cond_2,veh_type_cond_1,veh_type_cond_2,lum_code,agg_code,int_code,atm_code,col_code
200800069708,0008-12-06 10:00:00,8,12,6,10,0,180,97,,47.168,2.426,Plein jour,Hors agglomération,Hors intersection,Pluie forte,Autre collision,,,,,,,,,,,1,1,1,3,6
200800069709,0008-12-24 20:00:00,8,12,24,20,0,280,158,,48.402,1.456,Nuit sans éclairage public,Hors agglomération,Hors intersection,Normale,Trois véhicules et plus - collisions multiples,,,,,,,,,,,3,1,1,1,5
200800069710,0008-12-03 20:00:00,8,12,3,20,0,280,324,,48.488,1.243,Nuit sans éclairage public,Hors agglomération,Hors intersection,Normale,Deux véhicules - frontale,,,,,,,,,,,3,1,1,1,1
200800069711,0008-12-12 20:30:00,8,12,12,20,30,280,242,,48.297,1.188,Nuit sans éclairage public,Hors agglomération,Hors intersection,Brouillard / fumée,Autre collision,,,,,,,,,,,3,1,1,5,6
200800069712,0008-12-08 20:45:00,8,12,8,20,45,280,168,,,,Nuit sans éclairage public,Hors agglomération,Hors intersection,Normale,Deux véhicules - frontale,,,,,,,,,,,3,1,1,1,1
200800069713,0008-12-12 12:45:00,8,12,12,12,45,280,172,,,,Plein jour,Hors agglomération,Hors intersection,Normale,Autre collision,,,,,,,,,,,1,1,1,1,6
200800069714,0008-12-30 11:15:00,8,12,30,11,15,280,140,6 ROUTE DE GALLARDON,48.606,1.676,Plein jour,En agglomération,Hors intersection,Temps couvert,Deux véhicules - frontale,,,,,,,,,,,1,2,1,8,1
200800069715,0008-12-11 14:45:00,8,12,11,14,45,280,367,,48.143,1.905,Plein jour,Hors agglomération,Hors intersection,Brouillard / fumée,Deux véhicules - arrière,,,,,,,,,,,1,1,1,5,2
200800069716,0008-12-21 19:00:00,8,12,21,19,0,280,145,,48.196,1.645,Nuit sans éclairage public,Hors agglomération,Hors intersection,Temps couvert,Sans collision,,,,,,,,,,,3,1,1,8,7
200800069717,0008-12-03 17:45:00,8,12,3,17,45,280,88,CD 955,48.071,1.371,Nuit sans éclairage public,En agglomération,Hors intersection,Pluie légère,Deux véhicules - côté,,,,,,,,,,,3,2,1,2,3
200800069718,0008-12-04 13:30:00,8,12,4,13,30,280,75,,,,Plein jour,Hors agglomération,Intersection en X,Normale,Trois véhicules et plus - collisions multiples,,,,,,,,,,,1,1,2,1,5
200800069719,0008-12-28 19:30:00,8,12,28,19,30,280,176,,48.257,1.488,Nuit sans éclairage public,Hors agglomération,Hors intersection,Normale,Sans collision,,,,,,,,,,,3,1,1,1,7
200800069720,0008-12-31 20:15:00,8,12,31,20,15,280,123,,,,Nuit sans éclairage public,Hors agglomération,Hors intersection,Brouillard / fumée,Deux véhicules - frontale,,,,,,,,,,,3,1,1,5,1
200800069721,0008-12-06 11:30:00,8,12,6,11,30,280,395,,48.3,0.853,Plein jour,Hors agglomération,Hors intersection,Normale,Deux véhicules - frontale,,,,,,,,,,,1,1,1,1,1
200800069722,0008-12-24 02:00:00,8,12,24,2,0,280,175,,48.296,0.972,Nuit sans éclairage public,Hors agglomération,Hors intersection,Normale,Autre collision,,,,,,,,,,,3,1,1,1,6
200800069723,0008-12-27 17:45:00,8,12,27,17,45,280,214,Rue de Verneuil,,,Nuit avec éclairage allumé,En agglomération,Hors intersection,Normale,Autre collision,,,,,,,,,,,5,2,1,1,6
200800069724,0008-12-03 19:00:00,8,12,3,19,0,360,30,,46.62,1.778,Nuit sans éclairage public,Hors agglomération,Hors intersection,Pluie légère,Deux véhicules - frontale,,,,,,,,,,,3,1,1,2,1
200800069725,0008-12-15 18:45:00,8,12,15,18,45,360,194,rue chaumes de galle,46.937,1.336,Nuit sans éclairage public,En agglomération,Hors intersection,Normale,Sans collision,,,,,,,,,,,3,2,1,1,7
200800069726,0008-12-19 18:15:00,8,12,19,18,15,360,31,,46.87,1.439,Nuit sans éclairage public,Hors agglomération,Hors intersection,Normale,Sans collision,,,,,,,,,,,3,1,1,1,7
200800069727,0008-12-22 20:30:00,8,12,22,20,30,360,45,route de Chateauroux,46.987,1.175,Nuit avec éclairage allumé,En agglomération,Hors intersection,Normale,Deux véhicules - frontale,,,,,,,,,,,5,2,1,1,1
200800069728,0008-12-14 19:45:00,8,12,14,19,45,360,193,,,,Nuit sans éclairage public,Hors agglomération,Hors intersection,Normale,Sans collision,,,,,,,,,,,3,1,1,1,7
200800069729,0008-12-29 08:30:00,8,12,29,8,30,360,165,,46.68,1.048,Plein jour,Hors agglomération,Hors intersection,Neige / grêle,Sans collision,,,,,,,,,,,1,1,1,4,7
200800069730,0008-12-24 18:45:00,8,12,24,18,45,360,109,rue des ajoncs,46.579,1.977,Crépuscule ou aube,En agglomération,Hors intersection,Normale,Deux véhicules - côté,,,,,,,,,,,2,2,1,1,3
200800069731,0008-12-15 07:45:00,8,12,15,7,45,360,78,,46.579,1.849,Nuit sans éclairage public,Hors agglomération,Hors intersection,Normale,Deux véhicules - frontale,,,,,,,,,,,3,1,1,1,1
200800069732,0008-12-07 11:15:00,8,12,7,11,15,360,171,,,,Plein jour,Hors agglomération,Hors intersection,Normale,Deux véhicules - frontale,,,,,,,,,,,1,1,1,1,1
200800069733,0008-12-17 02:15:00,8,12,17,2,15,370,230,,47.495,1.01,Nuit sans éclairage public,Hors agglomération,Hors intersection,Normale,Deux véhicules - frontale,,,,,,,,,,,3,1,1,1,1
200800069734,0008-12-08 18:30:00,8,12,8,18,30,370,109,,,,Nuit avec éclairage allumé,En agglomération,Giratoire,Autre,Autre collision,,,,,,,,,,,5,2,6,9,6
200800069735,0008-12-08 06:45:00,8,12,8,6,45,370,59,,,,Crépuscule ou aube,Hors agglomération,Hors intersection,Autre,Deux véhicules - côté,,,,,,,,,,,2,1,1,9,3
200800069736,0008-12-13 07:30:00,8,12,13,7,30,370,54,,,,Nuit sans éclairage public,Hors agglomération,Hors intersection,Autre,Deux véhicules - frontale,,,,,,,,,,,3,1,1,9,1
200800069737,0008-12-01 09:45:00,8,12,1,9,45,370,14,Rue Georges JEHAN,47.27,0.473,Plein jour,En agglomération,Hors intersection,Normale,Deux véhicules - côté,,,,,,,,,,,1,2,1,1,3
200800069738,0008-12-06 11:45:00,8,12,6,11,45,370,119,rue de la vienne,,,Plein jour,En agglomération,Hors intersection,Normale,Deux véhicules - arrière,,,,,,,,,,,1,2,1,1,2
200800069739,0008-12-13 14:00:00,8,12,13,14,0,370,85,,,,Plein jour,Hors agglomération,Hors intersection,Pluie forte,Trois véhicules et plus - collisions multiples,,,,,,,,,,,1,1,1,3,5
200800069740,0008-12-16 18:00:00,8,12,16,18,0,370,159,"lieu-dit ""Vontes""",,,Nuit avec éclairage allumé,En agglomération,Hors intersection,Normale,Autre collision,,,,,,,,,,,5,2,1,1,6
200800069741,0008-12-16 16:45:00,8,12,16,16,45,410,223,,,,Plein jour,Hors agglomération,Hors intersection,Normale,Deux véhicules - frontale,,,,,,,,,,,1,1,1,1,1
200800069742,0008-12-02 10:00:00,8,12,2,10,0,410,136,Av Maunoury - face n? 28,,,Plein jour,En agglomération,Hors intersection,Normale,Autre collision,,,,,,,,,,,1,2,1,1,6
200800069743,0008-12-04 17:15:00,8,12,4,17,15,410,136,RD 2152,47.703,1.504,Plein jour,En agglomération,Hors intersection,Temps couvert,Deux véhicules - côté,,,,,,,,,,,1,2,1,8,3
200800069744,0008-12-06 17:45:00,8,12,6,17,45,410,43,,47.283,1.517,Crépuscule ou aube,Hors agglomération,Hors intersection,Normale,Autre collision,,,,,,,,,,,2,1,1,1,6
200800069745,0008-12-09 03:45:00,8,12,9,3,45,410,161,,47.468,2.042,Nuit sans éclairage public,Hors agglomération,Hors intersection,Normale,Sans collision,,,,,,,,,,,3,1,1,1,7
200800069746,0008-12-18 09:15:00,8,12,18,9,15,410,127,,,,Plein jour,Hors agglomération,Hors intersection,Normale,Deux véhicules - frontale,,,,,,,,,,,1,1,1,1,1
200800069747,0008-12-30 12:15:00,8,12,30,12,15,410,231,,47.574,1.972,Plein jour,Hors agglomération,Hors intersection,Normale,Autre collision,,,,,,,,,,,1,1,1,1,6
200800069748,0008-12-17 16:30:00,8,12,17,16,30,410,97,,,,Crépuscule ou aube,Hors agglomération,Intersection en X,Brouillard / fumée,Trois véhicules et plus - collisions multiples,,,,,,,,,,,2,1,2,5,5
200800069749,0008-12-06 16:45:00,8,12,6,16,45,290,233,,,,Plein jour,Hors agglomération,Hors intersection,Normale,Autre collision,,,,,,,,,,,1,1,1,1,6
200800069750,0008-12-17 16:15:00,8,12,17,16,15,290,233,KERVAIL,,,Plein jour,En agglomération,Giratoire,Normale,Deux véhicules - côté,,,,,,,,,,,1,2,6,1,3
200800069751,0008-12-24 20:00:00,8,12,24,20,0,290,150,,,,Nuit sans éclairage public,Hors agglomération,Hors intersection,Normale,Deux véhicules - frontale,,,,,,,,,,,3,1,1,1,1
200800069752,0008-12-13 00:01:00,8,12,13,0,1,130,104,,43.355,5.104,Nuit sans éclairage public,Hors agglomération,Hors intersection,Normale,Autre collision,,,,,,,,,,,3,1,1,1,6
200800069753,0008-12-10 21:15:00,8,12,10,21,15,950,652,,49.14,2.378,Nuit sans éclairage public,Hors agglomération,Hors intersection,Normale,Autre collision,,,,,,,,,,,3,1,1,1,6
200800069754,0008-12-27 16:45:00,8,12,27,16,45,330,199,,44.61,-1.103,Plein jour,Hors agglomération,Hors intersection,Normale,Deux véhicules - frontale,,,,,,,,,,,1,1,1,1,1
200800069755,0008-12-21 11:00:00,8,12,21,11,0,580,212,,47.144,3.252,Plein jour,Hors agglomération,Hors intersection,Normale,Autre collision,,,,,,,,,,,1,1,1,1,6
200800069756,0008-12-08 09:15:00,8,12,8,9,15,130,25,,43.493,5.562,Plein jour,Hors agglomération,Hors intersection,Normale,Deux véhicules - arrière,,,,,,,,,,,1,1,1,1,2
200800069757,0008-12-14 18:00:00,8,12,14,18,0,130,40,,43.462,5.546,Nuit sans éclairage public,Hors agglomération,Hors intersection,Pluie forte,Trois véhicules et plus - collisions multiples,,,,,,,,,,,3,1,1,3,5
200800069758,0008-12-17 13:45:00,8,12,17,13,45,130,40,,43.483,5.548,Plein jour,Hors agglomération,Hors intersection,Normale,Deux véhicules - côté,,,,,,,,,,,1,1,1,1,3
200800069759,0008-12-06 12:15:00,8,12,6,12,15,570,38,Rue Napoleon 1er,49.485,5.961,Plein jour,En agglomération,Hors intersection,Normale,Autre collision,,,,,,,,,,,1,2,1,1,6
200800069760,0008-12-08 22:45:00,8,12,8,22,45,110,27,,43.189,2.51,Nuit sans éclairage public,Hors agglomération,Giratoire,Normale,Autre collision,,,,,,,,,,,3,1,6,1,6
200800069761,0008-12-05 12:00:00,8,12,5,12,0,370,50,rue de la Berchotiere,,,Plein jour,En agglomération,Hors intersection,Normale,Autre collision,,,,,,,,,,,1,2,1,1,6
200800069762,0008-12-02 12:00:00,8,12,2,12,0,290,189,rue de l'eglise,48.377,-4.37,Plein jour,En agglomération,Hors intersection,Normale,Autre collision,,,,,,,,,,,1,2,1,1,6
200800069763,0008-12-24 17:45:00,8,12,24,17,45,600,505,,,,Nuit sans éclairage public,Hors agglomération,Hors intersection,Temps couvert,Autre collision,,,,,,,,,,,3,1,1,8,6
200800069764,0008-12-20 08:15:00,8,12,20,8,15,890,316,,47.53,3.98,Plein jour,Hors agglomération,Hors intersection,Normale,Deux véhicules - arrière,,,,,,,,,,,1,1,1,1,2
200800069765,0008-12-22 13:00:00,8,12,22,13,0,800,685,,49.694,2.774,Plein jour,Hors agglomération,Hors intersection,Temps couvert,Deux véhicules - arrière,,,,,,,,,,,1,1,1,8,2
200800069766,0008-12-24 04:30:00,8,12,24,4,30,800,186,,,,Nuit sans éclairage public,Hors agglomération,Hors intersection,Normale,Deux véhicules - arrière,,,,,,,,,,,3,1,1,1,2
200800069767,0008-12-31 00:45:00,8,12,31,0,45,800,521,,49.982,2.868,Nuit sans éclairage public,Hors agglomération,Hors intersection,Autre,Deux véhicules - frontale,,,,,,,,,,,3,1,1,9,1
200800069768,0008-12-19 01:00:00,8,12,19,1,0,710,512,,,,Nuit sans éclairage public,Hors agglomération,Hors intersection,Autre,Trois véhicules et plus - collisions multiples,,,,,,,,,,,3,1,1,9,5
200800069769,0008-12-21 14:30:00,8,12,21,14,30,710,520,,,,Plein jour,Hors agglomération,Hors intersection,Normale,Autre collision,,,,,,,,,,,1,1,1,1,6
200800069770,0008-12-21 11:45:00,8,12,21,11,45,710,512,,,,Plein jour,Hors agglomération,Hors intersection,Normale,Deux véhicules - côté,,,,,,,,,,,1,1,1,1,3
200800069771,0008-12-07 07:15:00,8,12,7,7,15,710,150,,,,Nuit sans éclairage public,Hors agglomération,Hors intersection,Normale,Autre collision,,,,,,,,,,,3,1,1,1,6
200800069772,0008-12-17 19:30:00,8,12,17,19,30,710,105,,,,Nuit sans éclairage public,Hors agglomération,Hors intersection,Neige / grêle,Autre collision,,,,,,,,,,,3,1,1,4,6
200800069773,0008-12-20 06:15:00,8,12,20,6,15,710,494,,,,Nuit sans éclairage public,Hors agglomération,Hors intersection,Temps couvert,Autre collision,,,,,,,,,,,3,1,1,8,6
200800069774,0008-12-30 10:45:00,8,12,30,10,45,890,13,,,,Plein jour,Hors agglomération,Hors intersection,Pluie légère,Autre collision,,,,,,,,,,,1,1,1,2,6
200800069775,0008-12-08 14:45:00,8,12,8,14,45,840,83,,,,Plein jour,Hors agglomération,Hors intersection,Normale,Trois véhicules et plus - collisions multiples,,,,,,,,,,,1,1,1,1,5
200800069776,0008-12-18 21:15:00,8,12,18,21,15,270,65,,49.341,0.362,Nuit sans éclairage public,Hors agglomération,Hors intersection,Pluie légère,Sans collision,,,,,,,,,,,3,1,1,2,7
200800069777,0008-12-26 18:45:00,8,12,26,18,45,270,227,,,,Nuit sans éclairage public,Hors agglomération,Hors intersection,Normale,Autre collision,,,,,,,,,,,3,1,1,1,6
200800069778,0008-12-29 20:00:00,8,12,29,20,0,760,319,,,,Nuit sans éclairage public,Hors agglomération,Hors intersection,Normale,Sans collision,,,,,,,,,,,3,1,1,1,7
200800069779,0008-12-19 21:45:00,8,12,19,21,45,270,351,,,,Nuit sans éclairage public,Hors agglomération,Hors intersection,Normale,Deux véhicules - arrière,,,,,,,,,,,3,1,1,1,2
200800069780,0008-12-22 07:15:00,8,12,22,7,15,270,203,,,,Nuit avec éclairage allumé,Hors agglomération,Hors intersection,Normale,Sans collision,,,,,,,,,,,5,1,1,1,7
200800069781,0008-12-13 10:15:00,8,12,13,10,15,210,573,,47.446,4.77,Plein jour,Hors agglomération,Hors intersection,Brouillard / fumée,Deux véhicules - frontale,,,,,,,,,,,1,1,1,5,1
200800069782,0008-12-23 17:45:00,8,12,23,17,45,690,13,,,,Nuit sans éclairage public,Hors agglomération,Hors intersection,Normale,Deux véhicules - arrière,,,,,,,,,,,3,1,1,1,2
200800069783,0008-12-25 14:30:00,8,12,25,14,30,690,242,,,,Plein jour,Hors agglomération,Hors intersection,Normale,Autre collision,,,,,,,,,,,1,1,1,1,6
200800069784,0008-12-31 10:30:00,8,12,31,10,30,680,278,RUE SCHWEITZER,,,Plein jour,En agglomération,Hors intersection,Pluie légère,Deux véhicules - frontale,,,,,,,,,,,1,2,1,2,1
200800069785,0008-12-24 19:15:00,8,12,24,19,15,680,278,,47.766,7.444,Nuit sans éclairage public,Hors agglomération,Hors intersection,Brouillard / fumée,Autre collision,,,,,,,,,,,3,1,1,5,6
200800069786,0008-12-19 07:00:00,8,12,19,7,0,530,5,,48.174,-0.774,Nuit sans éclairage public,Hors agglomération,Hors intersection,Normale,Autre collision,,,,,,,,,,,3,1,1,1,6
200800069787,0008-12-05 08:00:00,8,12,5,8,0,950,604,,,,Plein jour,Hors agglomération,Hors intersection,Normale,Deux véhicules - arrière,,,,,,,,,,,1,1,1,1,2
200800069788,0008-12-09 10:30:00,8,12,9,10,30,830,96,,,,Plein jour,Hors agglomération,Hors intersection,Pluie forte,Trois véhicules et plus - collisions multiples,,,,,,,,,,,1,1,1,3,5
200800069789,0008-12-13 09:15:00,8,12,13,9,15,410,101,,,,Plein jour,Hors agglomération,Hors intersection,Neige / grêle,Sans collision,,,,,,,,,,,1,1,1,4,7
200800069790,0008-12-14 09:45:00,8,12,14,9,45,410,252,,47.711,1.455,Plein jour,Hors agglomération,Hors intersection,Brouillard / fumée,Deux véhicules - arrière,,,,,,,,,,,1,1,1,5,2
200800069791,0008-12-22 07:30:00,8,12,22,7,30,410,136,,47.703,1.503,Crépuscule ou aube,Hors agglomération,Hors intersection,Normale,Deux véhicules - arrière,,,,,,,,,,,2,1,1,1,2
200800069792,0008-12-10 22:45:00,8,12,10,22,45,340,240,,,,Nuit sans éclairage public,Hors agglomération,Hors intersection,Normale,Deux véhicules - frontale,,,,,,,,,,,3,1,1,1,1
200800069793,0008-12-15 07:15:00,8,12,15,7,15,300,333,,,,Nuit sans éclairage public,Hors agglomération,Hors intersection,Pluie forte,Trois véhicules et plus - collisions multiples,,,,,,,,,,,3,1,1,3,5
200800069794,0008-12-30 16:15:00,8,12,30,16,15,340,340,,,,Plein jour,Hors agglomération,Hors intersection,Pluie légère,Autre collision,,,,,,,,,,,1,1,1,2,6
200800069795,0008-12-10 07:00:00,8,12,10,7,0,110,285,,,,Nuit sans éclairage public,Hors agglomération,Hors intersection,Normale,Deux véhicules - arrière,,,,,,,,,,,3,1,1,1,2
200800069796,0008-12-21 15:15:00,8,12,21,15,15,450,8,,,,Plein jour,Hors agglomération,Hors intersection,Normale,Autre collision,,,,,,,,,,,1,1,1,1,6
200800069797,0008-12-31 14:45:00,8,12,31,14,45,130,32,,43.553,5.366,Plein jour,Hors agglomération,Hors intersection,Normale,Deux véhicules - frontale,,,,,,,,,,,1,1,1,1,1
200800069798,0008-12-13 08:00:00,8,12,13,8,0,670,472,"04, Grand Rue",48.834,7.967,Plein jour,En agglomération,Hors intersection,Temps couvert,Autre collision,,,,,,,,,,,1,2,1,8,6
200800069799,0008-12-02 17:30:00,8,12,2,17,30,670,194,rue du sable,,,Nuit sans éclairage public,En agglomération,Hors intersection,Normale,Autre collision,,,,,,,,,,,3,2,1,1,6
200800069800,0008-12-28 12:45:00,8,12,28,12,45,210,405,,46.968,4.838,Plein jour,Hors agglomération,Hors intersection,Normale,Sans collision,,,,,,,,,,,1,1,1,1,7
200800069801,0008-12-13 14:15:00,8,12,13,14,15,730,179,,45.583,5.843,Plein jour,Hors agglomération,Hors intersection,Normale,Autre collision,,,,,,,,,,,1,1,1,1,6
200800069802,0008-12-02 08:00:00,8,12,2,8,0,380,46,,45.459,5.4,Plein jour,Hors agglomération,Hors intersection,Normale,Autre collision,,,,,,,,,,,1,1,1,1,6
200800069803,0008-12-19 05:00:00,8,12,19,5,0,380,170,,45.258,5.647,Nuit sans éclairage public,Hors agglomération,Hors intersection,Normale,Autre collision,,,,,,,,,,,3,1,1,1,6
200800069804,0008-12-28 18:30:00,8,12,28,18,30,380,239,,45.349,5.564,Nuit sans éclairage public,Hors agglomération,Hors intersection,Normale,Autre collision,,,,,,,,,,,3,1,1,1,6
200800069805,0008-12-28 18:30:00,8,12,28,18,30,380,239,,45.348,5.565,Nuit sans éclairage public,Hors agglomération,Hors intersection,Normale,Autre collision,,,,,,,,,,,3,1,1,1,6
200800069806,0008-12-20 21:45:00,8,12,20,21,45,140,221,,49.171,-0.277,Nuit sans éclairage public,Hors agglomération,Hors intersection,Normale,Trois véhicules et plus - collisions multiples,,,,,,,,,,,3,1,1,1,5
200800069807,0008-12-02 17:30:00,8,12,2,17,30,410,150,186 rue  la chabardiere,47.567,1.465,Nuit avec éclairage allumé,En agglomération,Hors intersection,Normale,Autre collision,,,,,,,,,,,5,2,1,1,6
200800069808,0008-12-06 03:15:00,8,12,6,3,15,410,67,,,,Nuit sans éclairage public,Hors agglomération,Hors intersection,Normale,Sans collision,,,,,,,,,,,3,1,1,1,7
200800069809,0008-12-19 18:15:00,8,12,19,18,15,410,61,,,,Crépuscule ou aube,Hors agglomération,Hors intersection,Normale,Deux véhicules - frontale,,,,,,,,,,,2,1,1,1,1
200800069810,0008-12-24 18:30:00,8,12,24,18,30,410,32,19 rue Nationale,47.544,1.31,Nuit avec éclairage allumé,En agglomération,Hors intersection,Normale,Autre collision,,,,,,,,,,,5,2,1,1,6
200800069811,0008-12-10 09:45:00,8,12,10,9,45,290,69,,,,Plein jour,Hors agglomération,Hors intersection,Autre,Deux véhicules - frontale,,,,,,,,,,,1,1,1,9,1
200800069812,0008-12-25 22:15:00,8,12,25,22,15,290,212,rue d'Alsace,48.378,-4.575,Nuit avec éclairage allumé,En agglomération,Hors intersection,Normale,Sans collision,,,,,,,,,,,5,2,1,1,7
200800069813,0008-12-05 14:45:00,8,12,5,14,45,340,129,,43.574,3.862,Plein jour,Hors agglomération,Hors intersection,Normale,Deux véhicules - arrière,,,,,,,,,,,1,1,1,1,2
200800069814,0008-12-20 02:15:00,8,12,20,2,15,340,172,,43.601,3.911,Nuit sans éclairage public,Hors agglomération,Hors intersection,Normale,Sans collision,,,,,,,,,,,3,1,1,1,7
200800069815,0008-12-23 07:45:00,8,12,23,7,45,340,166,,43.362,3.341,Crépuscule ou aube,Hors agglomération,Hors intersection,Normale,Trois véhicules et plus - collisions multiples,,,,,,,,,,,2,1,1,1,5
200800069816,0008-12-31 13:15:00,8,12,31,13,15,340,336,,43.342,3.292,Plein jour,Hors agglomération,Hors intersection,Normale,Deux véhicules - frontale,,,,,,,,,,,1,1,1,1,1
200800069817,0008-12-23 15:30:00,8,12,23,15,30,330,227,,,,Plein jour,Hors agglomération,Hors intersection,Normale,Sans collision,,,,,,,,,,,1,1,1,1,7
200800069818,0008-12-05 10:30:00,8,12,5,10,30,60,88,,,,Plein jour,Hors agglomération,Hors intersection,Normale,Deux véhicules - côté,,,,,,,,,,,1,1,1,1,3
200800069819,0008-12-06 20:45:00,8,12,6,20,45,660,136,,,,Nuit sans éclairage public,Hors agglomération,Hors intersection,Normale,Deux véhicules - côté,,,,,,,,,,,3,1,1,1,3
200800069820,0008-12-13 20:15:00,8,12,13,20,15,670,33,,,,Nuit sans éclairage public,Hors agglomération,Hors intersection,Normale,Deux véhicules - côté,,,,,,,,,,,3,1,1,1,3
200800069821,0008-12-25 00:15:00,8,12,25,0,15,670,67,,,,Nuit sans éclairage public,Hors agglomération,Hors intersection,Autre,Trois véhicules et plus - collisions multiples,,,,,,,,,,,3,1,1,9,5
200800069822,0008-12-05 11:15:00,8,12,5,11,15,620,609,,50.372,2.764,Plein jour,Hors agglomération,Hors intersection,Neige / grêle,Autre collision,,,,,,,,,,,1,1,1,4,6
200800069823,0008-12-23 23:15:00,8,12,23,23,15,380,39,,,,Nuit sans éclairage public,Hors agglomération,Hors intersection,Normale,Deux véhicules - frontale,,,,,,,,,,,3,1,1,1,1
200800069824,0008-12-13 13:30:00,8,12,13,13,30,130,1,,,,Plein jour,Hors agglomération,Hors intersection,Normale,Autre collision,,,,,,,,,,,1,1,1,1,6
200800069825,0008-12-13 19:15:00,8,12,13,19,15,130,86,,,,Nuit sans éclairage public,Hors agglomération,Hors intersection,Pluie forte,Autre collision,,,,,,,,,,,3,1,1,3,6
200800069826,0008-12-22 22:00:00,8,12,22,22,0,130,7,,,,Nuit sans éclairage public,Hors agglomération,Hors intersection,Normale,Autre collision,,,,,,,,,,,3,1,1,1,6
200800069827,0008-12-06 15:00:00,8,12,6,15,0,770,505,,,,Plein jour,Hors agglomération,Hors intersection,Normale,Autre collision,,,,,,,,,,,1,1,1,1,6
200800069828,0008-12-15 07:45:00,8,12,15,7,45,640,430,,43.502,-0.829,Crépuscule ou aube,Hors agglomération,Hors intersection,Autre,Deux véhicules - frontale,,,,,,,,,,,2,1,1,9,1
200800069829,0008-12-25 19:15:00,8,12,25,19,15,110,261,,43.178,2.656,Nuit sans éclairage public,Hors agglomération,Hors intersection,Normale,Deux véhicules - arrière,,,,,,,,,,,3,1,1,1,2
200800069830,0008-12-06 13:45:00,8,12,6,13,45,470,220,,44.36,0.247,Plein jour,Hors agglomération,Hors intersection,Normale,Deux véhicules - frontale,,,,,,,,,,,1,1,1,1,1
200800069831,0008-12-11 19:15:00,8,12,11,19,15,330,199,,,,Nuit sans éclairage public,Hors agglomération,Hors intersection,Normale,Trois véhicules et plus - en chaîne,,,,,,,,,,,3,1,1,1,4
200800069832,0008-12-16 16:15:00,8,12,16,16,15,330,284,,,,Plein jour,Hors agglomération,Hors intersection,Temps couvert,Deux véhicules - arrière,,,,,,,,,,,1,1,1,8,2
200800069833,0008-12-22 14:15:00,8,12,22,14,15,530,228,,,,Plein jour,Hors agglomération,Hors intersection,Normale,Sans collision,,,,,,,,,,,1,1,1,1,7
200800069834,0008-12-23 14:00:00,8,12,23,14,0,470,145,,,,Plein jour,Hors agglomération,Hors intersection,Temps couvert,Sans collision,,,,,,,,,,,1,1,1,8,7
200800069835,0008-12-31 04:00:00,8,12,31,4,0,820,50,,,,Nuit sans éclairage public,Hors agglomération,Hors intersection,Normale,Deux véhicules - frontale,,,,,,,,,,,3,1,1,1,1
200800069836,0008-12-07 06:00:00,8,12,7,6,0,201,65,,,,Nuit sans éclairage public,Hors agglomération,Hors intersection,Normale,Autre collision,,,,,,,,,,,3,1,1,1,6
200800069837,0008-12-09 15:15:00,8,12,9,15,15,201,99,,41.95,9.168,Plein jour,Hors agglomération,Hors intersection,Normale,Autre collision,,,,,,,,,,,1,1,1,1,6
200800069838,0008-12-04 11:00:00,8,12,4,11,0,380,249,Avenue de l'Europe,,,Plein jour,En agglomération,Intersection en X,Normale,Deux véhicules - côté,,,,,,,,,,,1,2,2,1,3
200800069839,0008-12-08 08:15:00,8,12,8,8,15,380,229,REVIREE ACACIAS PEUPLIER,,,Crépuscule ou aube,En agglomération,Hors intersection,Normale,Autre collision,,,,,,,,,,,2,2,1,1,6
200800069840,0008-12-09 20:15:00,8,12,9,20,15,380,397,RD 1090,,,Nuit avec éclairage non allumé,En agglomération,Hors intersection,Normale,Deux véhicules - frontale,,,,,,,,,,,4,2,1,1,1
200800069841,0008-12-25 15:00:00,8,12,25,15,0,60,85,,,,Plein jour,En agglomération,Hors intersection,Pluie forte,Deux véhicules - frontale,,,,,,,,,,,1,2,1,3,1
200800069842,0008-12-10 13:30:00,8,12,10,13,30,780,431,GRANDE RUE,48.937,1.931,Plein jour,En agglomération,Hors intersection,Normale,Deux véhicules - frontale,,,,,,,,,,,1,2,1,1,1
200800069843,0008-12-30 20:30:00,8,12,30,20,30,330,122,,,,Nuit sans éclairage public,Hors agglomération,Hors intersection,Brouillard / fumée,Deux véhicules - arrière,,,,,,,,,,,3,1,1,5,2