accident_id,datetime,annee,mois,jour,heure,minute,departement,commune_insee,adresse,latitude,longitude,luminosite,agglomeration,intersection,meteo,collision,nb_vehicules,nb_usagers,nb_indemnes,nb_tues,nb_blesses_hosp,nb_blesses_legers,age_cond_1,age_cond_2,veh_type_cond_1,veh_type_cond_2,lum_code,agg_code,int_code,atm_code,col_code
200800070108,0008-12-16 08:40:00,8,12,16,8,40,310,555,"116, RTE D ESPAGNE",,,Plein jour,En agglomération,Hors intersection,Pluie légère,Deux véhicules - côté,,,,,,,,,,,1,2,1,2,3
200800070109,0008-12-17 05:25:00,8,12,17,5,25,310,555,"999, AV DES MINIMES",,,Nuit avec éclairage allumé,En agglomération,Hors intersection,Normale,Autre collision,,,,,,,,,,,5,2,1,1,6
200800070110,0008-12-12 19:00:00,8,12,12,19,0,310,555,"999, RUE DU FAUBOURG BON",,,Nuit avec éclairage allumé,En agglomération,Hors intersection,Normale,Autre collision,,,,,,,,,,,5,2,1,1,6
200800070111,0008-12-17 07:30:00,8,12,17,7,30,310,555,"34, AV DES COTTAGES",,,Crépuscule ou aube,En agglomération,Giratoire,Normale,Deux véhicules - arrière,,,,,,,,,,,2,2,6,1,2
200800070112,0008-12-17 08:40:00,8,12,17,8,40,310,555,"999, RUE DU LANGUEDOC",,,Plein jour,En agglomération,Hors intersection,Normale,Deux véhicules - arrière,,,,,,,,,,,1,2,1,1,2
200800070113,0008-12-17 19:50:00,8,12,17,19,50,310,555,"26, AV CAMILLE PUJOL",,,Nuit avec éclairage allumé,En agglomération,Hors intersection,Pluie forte,Trois véhicules et plus - en chaîne,,,,,,,,,,,5,2,1,3,4
200800070114,0008-12-18 11:40:00,8,12,18,11,40,310,555,"999, AV FREDERIC ESTEBE",,,Plein jour,En agglomération,Hors intersection,Normale,Deux véhicules - côté,,,,,,,,,,,1,2,1,1,3
200800070115,0008-12-19 23:20:00,8,12,19,23,20,310,555,VA007553 A61,,,Nuit avec éclairage allumé,Hors agglomération,Hors intersection,Pluie légère,Trois véhicules et plus - collisions multiples,,,,,,,,,,,5,1,1,2,5
200800070116,0008-12-19 20:55:00,8,12,19,20,55,310,555,"107, BD DEODAT DE SEVERA",,,Nuit avec éclairage allumé,En agglomération,Hors intersection,Pluie légère,Deux véhicules - frontale,,,,,,,,,,,5,2,1,2,1
200800070117,0008-12-19 22:10:00,8,12,19,22,10,310,555,"118, RTE DE NARBONNE",,,Nuit avec éclairage allumé,En agglomération,Hors intersection,Normale,Deux véhicules - frontale,,,,,,,,,,,5,2,1,1,1
200800070118,0008-12-19 23:45:00,8,12,19,23,45,310,555,"999, AV D ATLANTA",,,Nuit avec éclairage allumé,En agglomération,Hors intersection,Normale,Autre collision,,,,,,,,,,,5,2,1,1,6
200800070119,0008-12-21 05:30:00,8,12,21,5,30,310,555,"127, AV DE LARDENNE",,,Nuit avec éclairage allumé,En agglomération,Hors intersection,Normale,Autre collision,,,,,,,,,,,5,2,1,1,6
200800070120,0008-12-21 11:30:00,8,12,21,11,30,310,555,"999, PL OLIVIER",,,Plein jour,En agglomération,Intersection en T,Normale,Deux véhicules - côté,,,,,,,,,,,1,2,3,1,3
200800070121,0008-12-21 12:25:00,8,12,21,12,25,310,555,"17, BD LASCROSSES",,,Plein jour,En agglomération,Hors intersection,Normale,Autre collision,,,,,,,,,,,1,2,1,1,6
200800070122,0008-12-22 20:00:00,8,12,22,20,0,310,555,"999, BD LAZARE CARNOT",,,Nuit avec éclairage allumé,En agglomération,Hors intersection,Normale,Deux véhicules - côté,,,,,,,,,,,5,2,1,1,3
200800070123,0008-12-23 18:10:00,8,12,23,18,10,310,555,"999, CHE DE LAPUJADE",,,Nuit avec éclairage allumé,En agglomération,Hors intersection,Brouillard / fumée,Deux véhicules - côté,,,,,,,,,,,5,2,1,5,3
200800070124,0008-12-23 19:05:00,8,12,23,19,5,310,555,"999, RUE ANDRE VASSEUR",,,Nuit avec éclairage allumé,En agglomération,Intersection en T,Brouillard / fumée,Deux véhicules - côté,,,,,,,,,,,5,2,3,5,3
200800070125,0008-12-25 15:10:00,8,12,25,15,10,310,555,"999, AV DE LAVAUR",,,Plein jour,En agglomération,Hors intersection,Normale,Autre collision,,,,,,,,,,,1,2,1,1,6
200800070126,0008-12-24 16:20:00,8,12,24,16,20,310,555,"999, RUE DES ARCS SAINT",,,Plein jour,En agglomération,Intersection en T,Normale,Deux véhicules - côté,,,,,,,,,,,1,2,3,1,3
200800070127,0008-12-24 16:25:00,8,12,24,16,25,310,555,"41 bis, RTE DE SAINT SIM",,,Plein jour,En agglomération,Hors intersection,Normale,Deux véhicules - arrière,,,,,,,,,,,1,2,1,1,2
200800070128,0008-12-27 10:00:00,8,12,27,10,0,310,555,"999, RUE DES CORMIERS",,,Plein jour,En agglomération,Hors intersection,Normale,Deux véhicules - côté,,,,,,,,,,,1,2,1,1,3
200800070129,0008-12-27 11:30:00,8,12,27,11,30,310,555,"332, AV DES ETATS UNIS",,,Plein jour,En agglomération,Hors intersection,Normale,Deux véhicules - côté,,,,,,,,,,,1,2,1,1,3
200800070130,0008-12-29 22:30:00,8,12,29,22,30,310,555,"999, VA007386 Fil d'Aria",,,Nuit avec éclairage allumé,En agglomération,Hors intersection,Pluie légère,Autre collision,,,,,,,,,,,5,2,1,2,6
200800070131,0008-12-18 19:35:00,8,12,18,19,35,310,555,VA007331 A620,,,Nuit avec éclairage allumé,Hors agglomération,Hors intersection,Normale,Trois véhicules et plus - collisions multiples,,,,,,,,,,,5,1,1,1,5
200800070132,0008-12-24 17:00:00,8,12,24,17,0,310,555,"09, CHE D AUZEVILLE",,,Plein jour,En agglomération,Hors intersection,Normale,Deux véhicules - arrière,,,,,,,,,,,1,2,1,1,2
200800070133,0008-12-29 23:50:00,8,12,29,23,50,310,555,"119, RUE DU FERETRA",,,Nuit avec éclairage allumé,En agglomération,Hors intersection,Pluie légère,Deux véhicules - côté,,,,,,,,,,,5,2,1,2,3
200800070134,0008-12-31 02:00:00,8,12,31,2,0,310,555,"16, RUE RECLUSANE",,,Nuit avec éclairage allumé,En agglomération,Hors intersection,Normale,Autre collision,,,,,,,,,,,5,2,1,1,6
200800070135,0008-12-31 11:50:00,8,12,31,11,50,310,555,VA007553 A61,,,Plein jour,Hors agglomération,Hors intersection,Normale,Deux véhicules - arrière,,,,,,,,,,,1,1,1,1,2
200800070136,0008-12-29 13:13:00,8,12,29,13,13,330,281,AVE DU DOCTEUR ROGER DAI,,,Plein jour,En agglomération,Intersection en T,Normale,Deux véhicules - côté,,,,,,,,,,,1,2,3,1,3
200800070137,0008-12-06 12:35:00,8,12,6,12,35,350,288,"07, DOUTRELEAU (RUE)",,,Plein jour,En agglomération,Hors intersection,Normale,Deux véhicules - côté,,,,,,,,,,,1,2,1,1,3
200800070138,0008-12-12 13:35:00,8,12,12,13,35,350,288,DUPARQUIER (RUE),,,Plein jour,En agglomération,Intersection en X,Normale,Deux véhicules - arrière,,,,,,,,,,,1,2,2,1,2
200800070139,0008-12-09 08:03:00,8,12,9,8,3,350,288,"000, CD168",,,Crépuscule ou aube,En agglomération,Hors intersection,Pluie légère,Deux véhicules - arrière,,,,,,,,,,,2,2,1,2,2
200800070140,0008-12-17 14:49:00,8,12,17,14,49,350,288,"0, GRASSINAIS (RUE DE LA",,,Plein jour,En agglomération,Hors intersection,Normale,Autre collision,,,,,,,,,,,1,2,1,1,6
200800070141,0008-12-09 10:59:00,8,12,9,10,59,380,544,"15, REPUBLIQUE(BD DE LA",,,Plein jour,En agglomération,Hors intersection,Normale,Autre collision,,,,,,,,,,,1,2,1,1,6
200800070142,0008-12-30 14:00:00,8,12,30,14,0,380,544,CD 41,,,Plein jour,Hors agglomération,Hors intersection,Autre,Deux véhicules - côté,,,,,,,,,,,1,1,1,9,3
200800070143,0008-12-28 18:20:00,8,12,28,18,20,570,306,"9, LIBERTE (ESPLANADE DE",,,Nuit avec éclairage allumé,En agglomération,Hors intersection,Normale,Deux véhicules - frontale,,,,,,,,,,,5,2,1,1,1
200800070144,0008-12-02 12:10:00,8,12,2,12,10,570,221,"217, GRAND'RUE",,,Plein jour,En agglomération,Intersection en T,Normale,Deux véhicules - arrière,,,,,,,,,,,1,2,3,1,2
200800070145,0008-12-03 08:20:00,8,12,3,8,20,570,368,"12, REPUBLIQUE (RUE DE L",,,Plein jour,En agglomération,Hors intersection,Pluie légère,Trois véhicules et plus - collisions multiples,,,,,,,,,,,1,2,1,2,5
200800070146,0008-12-04 16:50:00,8,12,4,16,50,570,221,"35, UCKANGE (RUE D')",,,Crépuscule ou aube,En agglomération,Intersection en T,Pluie légère,Deux véhicules - côté,,,,,,,,,,,2,2,3,2,3
200800070147,0008-12-08 18:25:00,8,12,8,18,25,570,221,GRAND'RUE,,,Nuit avec éclairage allumé,En agglomération,Hors intersection,Normale,Autre collision,,,,,,,,,,,5,2,1,1,6
200800070148,0008-12-10 17:40:00,8,12,10,17,40,570,221,"47b, NATIONALE (RUE)",,,Nuit avec éclairage allumé,En agglomération,Hors intersection,Normale,Deux véhicules - côté,,,,,,,,,,,5,2,1,1,3
200800070149,0008-12-27 11:05:00,8,12,27,11,5,570,221,"23, GARE (RUE DE LA)",,,Plein jour,En agglomération,Hors intersection,Normale,Deux véhicules - côté,,,,,,,,,,,1,2,1,1,3
200800070150,0008-12-28 19:20:00,8,12,28,19,20,570,306,"2, FOCH (RUE )",,,Nuit avec éclairage allumé,En agglomération,Hors intersection,Normale,Deux véhicules - arrière,,,,,,,,,,,5,2,1,1,2
200800070151,0008-12-19 08:10:00,8,12,19,8,10,590,526,HENRI DURRE,,,Nuit avec éclairage allumé,En agglomération,Intersection en T,Normale,Autre collision,,,,,,,,,,,5,2,3,1,6
200800070152,0008-12-07 18:45:00,8,12,7,18,45,620,108,"20, PONT DE L'ARCHE",,,Nuit avec éclairage allumé,En agglomération,Hors intersection,Temps couvert,Trois véhicules et plus - collisions multiples,,,,,,,,,,,5,2,1,8,5
200800070153,0008-12-30 08:25:00,8,12,30,8,25,770,514,ROGER SALENGRO (AVENUE),,,Plein jour,En agglomération,Intersection en T,Pluie légère,Autre collision,,,,,,,,,,,1,2,3,2,6
200800070154,0008-12-11 20:00:00,8,12,11,20,0,780,586,STALINGRAD,,,Nuit avec éclairage allumé,En agglomération,Hors intersection,Normale,Autre collision,,,,,,,,,,,5,2,1,1,6
200800070155,0008-12-20 02:20:00,8,12,20,2,20,780,586,BERTEAUX (MAURICE) N°2 A,,,Nuit avec éclairage allumé,En agglomération,Giratoire,Normale,Autre collision,,,,,,,,,,,5,2,6,1,6
200800070156,0008-12-26 05:30:00,8,12,26,5,30,890,24,"64, VAUBAN (BOULEVARD) N",,,Nuit avec éclairage allumé,En agglomération,Hors intersection,Normale,Deux véhicules - frontale,,,,,,,,,,,5,2,1,1,1
200800070157,0008-12-09 18:40:00,8,12,9,18,40,890,24,"00, DAVOUT (BOULEVARD) N",,,Nuit avec éclairage allumé,En agglomération,Intersection en X,Pluie légère,Autre collision,,,,,,,,,,,5,2,2,2,6
200800070158,0008-12-18 17:05:00,8,12,18,17,5,890,346,"0, EUROPE ( AVENUE DE L'",,,Nuit avec éclairage allumé,En agglomération,Hors intersection,Pluie légère,Autre collision,,,,,,,,,,,5,2,1,2,6
200800070159,0008-12-20 14:31:00,8,12,20,14,31,900,32,"1, REPUBLIQUE (RUE DE LA",,,Plein jour,En agglomération,Hors intersection,Pluie légère,Deux véhicules - côté,,,,,,,,,,,1,2,1,2,3
200800070160,0008-12-22 16:25:00,8,12,22,16,25,900,99,MARTINET (RUE DU),,,Plein jour,En agglomération,Hors intersection,Normale,Sans collision,,,,,,,,,,,1,2,1,1,7
200800070161,0008-12-24 15:15:00,8,12,24,15,15,900,10,"12, CARNOT (PONT)",,,Plein jour,En agglomération,Hors intersection,Normale,Deux véhicules - côté,,,,,,,,,,,1,2,1,1,3
200800070162,0008-12-29 15:57:00,8,12,29,15,57,900,29,R.D.16,,,Plein jour,Hors agglomération,Hors intersection,Normale,Sans collision,,,,,,,,,,,1,1,1,1,7
200800070163,0008-12-11 15:50:00,8,12,11,15,50,910,479,"0, MARECHAL DEVAUX (AVEN",,,Plein jour,En agglomération,Hors intersection,Normale,Autre collision,,,,,,,,,,,1,2,1,1,6
200800070164,0008-12-23 18:00:00,8,12,23,18,0,910,27,"0, CHODRON DE COURCEL (R",,,Nuit avec éclairage allumé,En agglomération,Hors intersection,Normale,Autre collision,,,,,,,,,,,5,2,1,1,6
200800070165,0008-12-17 16:20:00,8,12,17,16,20,930,5,"10, ARISTIDE BRIAND (RUE",,,Plein jour,En agglomération,Hors intersection,Temps couvert,Autre collision,,,,,,,,,,,1,2,1,8,6
200800070166,0008-12-22 06:30:00,8,12,22,6,30,930,5,ONZE NOVEMBRE (RUE DU),,,Nuit avec éclairage allumé,En agglomération,Hors intersection,Normale,Autre collision,,,,,,,,,,,5,2,1,1,6
200800070167,0008-12-29 06:30:00,8,12,29,6,30,930,5,BRUXELLES (RUE DE),,,Nuit avec éclairage allumé,En agglomération,Autre intersection,Autre,Autre collision,,,,,,,,,,,5,2,9,9,6
200800070168,0008-12-31 20:00:00,8,12,31,20,0,930,5,RAOUL DUFY (AVENUE),,,Nuit avec éclairage allumé,En agglomération,Intersection en T,Normale,Autre collision,,,,,,,,,,,5,2,3,1,6
200800070169,0008-12-11 11:15:00,8,12,11,11,15,940,42,HENRI BARBUSSE (R),,,Plein jour,En agglomération,Hors intersection,Normale,Deux véhicules - côté,,,,,,,,,,,1,2,1,1,3
200800070170,0008-12-13 09:30:00,8,12,13,9,30,940,52,"10 TER, Victor Hugo (R)",,,Plein jour,En agglomération,Hors intersection,Normale,Autre collision,,,,,,,,,,,1,2,1,1,6
200800070171,0008-12-16 22:35:00,8,12,16,22,35,940,58,"278, GENERAL DE GAULLE (",,,Nuit avec éclairage allumé,En agglomération,Hors intersection,Normale,Sans collision,,,,,,,,,,,5,2,1,1,7
200800070172,0008-12-01 07:00:00,8,12,1,7,0,940,80,"28, PARIS (AV DE)",,,Nuit avec éclairage allumé,En agglomération,Intersection en X,Autre,Deux véhicules - côté,,,,,,,,,,,5,2,2,9,3
200800070173,0008-12-01 12:35:00,8,12,1,12,35,940,80,"., AUBERT (AV)",,,Plein jour,En agglomération,Intersection en Y,Pluie légère,Deux véhicules - arrière,,,,,,,,,,,1,2,4,2,2
200800070174,0008-12-03 19:30:00,8,12,3,19,30,940,80,PARIS (AV DE),,,Nuit avec éclairage allumé,En agglomération,Intersection en X,Normale,Deux véhicules - côté,,,,,,,,,,,5,2,2,1,3
200800070175,0008-12-06 19:00:00,8,12,6,19,0,940,80,PARIS (AV DE),,,Nuit avec éclairage allumé,En agglomération,Intersection en T,Normale,Deux véhicules - côté,,,,,,,,,,,5,2,3,1,3
200800070176,0008-12-17 18:00:00,8,12,17,18,0,940,80,"38, FONTENAY (R DE)",,,Nuit avec éclairage allumé,En agglomération,Hors intersection,Pluie légère,Trois véhicules et plus - en chaîne,,,,,,,,,,,5,2,1,2,4
200800070177,0008-12-18 12:10:00,8,12,18,12,10,940,67,"49, GENERAL DE GAULLE (A",,,Plein jour,En agglomération,Intersection en X,Pluie légère,Autre collision,,,,,,,,,,,1,2,2,2,6
200800070178,0008-12-19 13:05:00,8,12,19,13,5,940,80,COMMANDANT MOWAT (R DU),,,Plein jour,En agglomération,Intersection en X,Normale,Deux véhicules - côté,,,,,,,,,,,1,2,2,1,3
200800070179,0008-12-21 12:00:00,8,12,21,12,0,940,67,"180, GALLIENI (AV)",,,Plein jour,En agglomération,Hors intersection,Normale,Autre collision,,,,,,,,,,,1,2,1,1,6
200800070180,0008-12-19 15:55:00,8,12,19,15,55,940,80,"18, PARIS (AV DE)",,,Plein jour,En agglomération,Intersection en X,Normale,Deux véhicules - frontale,,,,,,,,,,,1,2,2,1,1
200800070181,0008-12-23 13:05:00,8,12,23,13,5,940,80,"89, FONTENAY (R DE)",,,Plein jour,En agglomération,Intersection en X,Normale,Autre collision,,,,,,,,,,,1,2,2,1,6
200800070182,0008-12-03 20:00:00,8,12,3,20,0,690,387,"0, AVENUE TONY GARNIER",,,Nuit avec éclairage allumé,En agglomération,Intersection en X,Normale,Deux véhicules - côté,,,,,,,,,,,5,2,2,1,3
200800070183,0008-12-09 18:30:00,8,12,9,18,30,690,387,"30, RUE DU REPOS",,,Nuit avec éclairage allumé,En agglomération,Intersection en X,Pluie forte,Autre collision,,,,,,,,,,,5,2,2,3,6
200800070184,0008-12-26 14:00:00,8,12,26,14,0,690,387,"0, RUE RACHAIS",,,Plein jour,En agglomération,Intersection en X,Normale,Deux véhicules - côté,,,,,,,,,,,1,2,2,1,3
200800070185,0008-12-16 19:05:00,8,12,16,19,5,690,387,RUE RACHAIS,,,Nuit avec éclairage allumé,En agglomération,Intersection en X,Normale,Deux véhicules - côté,,,,,,,,,,,5,2,2,1,3
200800070186,0008-12-17 20:00:00,8,12,17,20,0,690,387,"0, AVENUE TONY GARNIER",,,Nuit avec éclairage allumé,En agglomération,Intersection en X,Normale,Deux véhicules - côté,,,,,,,,,,,5,2,2,1,3
200800070187,0008-12-31 20:40:00,8,12,31,20,40,690,387,RUE SIMON FRYD,,,Nuit avec éclairage allumé,En agglomération,Intersection en X,Pluie forte,Deux véhicules - côté,,,,,,,,,,,5,2,2,3,3
200800070188,0008-12-16 19:10:00,8,12,16,19,10,690,387,"174, AVENUE JEAN JAURES",,,Nuit avec éclairage allumé,En agglomération,Intersection en X,Normale,Deux véhicules - côté,,,,,,,,,,,5,2,2,1,3
200800070189,0008-12-08 18:50:00,8,12,8,18,50,910,174,"15, BUISSON(RUE FERDINAN",,,Crépuscule ou aube,En agglomération,Hors intersection,Normale,Deux véhicules - côté,,,,,,,,,,,2,2,1,1,3
200800070190,0008-12-04 18:05:00,8,12,4,18,5,910,174,"25, JEAN JAURES (BOULEVA",,,Crépuscule ou aube,Hors agglomération,Hors intersection,Normale,Trois véhicules et plus - en chaîne,,,,,,,,,,,2,1,1,1,4
200800070191,0008-12-16 18:15:00,8,12,16,18,15,910,174,"28, MAURICE RIQUIEZ (QUA",,,Crépuscule ou aube,En agglomération,Hors intersection,Normale,Autre collision,,,,,,,,,,,2,2,1,1,6
200800070192,0008-12-29 14:50:00,8,12,29,14,50,910,174,"1, FERAY ( rue )",,,Plein jour,En agglomération,Hors intersection,Normale,Deux véhicules - côté,,,,,,,,,,,1,2,1,1,3
200800070193,0008-12-11 22:05:00,8,12,11,22,5,910,174,"23, FERAY ( rue )",,,Nuit avec éclairage allumé,En agglomération,Hors intersection,Normale,Deux véhicules - côté,,,,,,,,,,,5,2,1,1,3
200800070194,0008-12-04 08:55:00,8,12,4,8,55,910,174,"19, DUNANT ( BD HENRI)",,,Plein jour,En agglomération,Hors intersection,Normale,Autre collision,,,,,,,,,,,1,2,1,1,6
200800070195,0008-12-06 18:35:00,8,12,6,18,35,10,53,"SANS N°, HUGO ( BD  VICT",,,Nuit avec éclairage allumé,En agglomération,Intersection en T,Pluie légère,Autre collision,,,,,,,,,,,5,2,3,2,6
200800070196,0008-12-19 03:05:00,8,12,19,3,5,10,289,"860, CARRONNIERES (CHEMI",,,Nuit avec éclairage allumé,Hors agglomération,Hors intersection,Pluie légère,Autre collision,,,,,,,,,,,5,1,1,2,6
200800070197,0008-12-22 16:30:00,8,12,22,16,30,10,344,ECOLES (RUE DES),,,Plein jour,En agglomération,Hors intersection,Normale,Autre collision,,,,,,,,,,,1,2,1,1,6
200800070198,0008-12-21 12:40:00,8,12,21,12,40,20,168,"10, PARIS (AVENUE DE)",,,Plein jour,En agglomération,Hors intersection,Temps couvert,Deux véhicules - arrière,,,,,,,,,,,1,2,1,8,2
200800070199,0008-12-25 12:55:00,8,12,25,12,55,20,691,"27, RICHELIEU (BD)",,,Plein jour,En agglomération,Hors intersection,Normale,Autre collision,,,,,,,,,,,1,2,1,1,6
200800070200,0008-12-05 19:20:00,8,12,5,19,20,20,691,"223, FAYET (RUE DE)",,,Nuit avec éclairage allumé,En agglomération,Hors intersection,Pluie légère,Autre collision,,,,,,,,,,,5,2,1,2,6
200800070201,0008-12-09 13:25:00,8,12,9,13,25,20,691,";, ARCHIMEDE (AVENUE)",,,Plein jour,En agglomération,Intersection en T,Neige / grêle,Deux véhicules - côté,,,,,,,,,,,1,2,3,4,3
200800070202,0008-12-10 18:10:00,8,12,10,18,10,20,691,":, RICHELIEU (BD)",,,Nuit sans éclairage public,En agglomération,Hors intersection,Normale,Deux véhicules - côté,,,,,,,,,,,3,2,1,1,3
200800070203,0008-12-22 08:05:00,8,12,22,8,5,20,691,"., HENRI IV (PLACE)",,,Crépuscule ou aube,En agglomération,Hors intersection,Pluie légère,Deux véhicules - côté,,,,,,,,,,,2,2,1,2,3
200800070204,0008-12-19 19:40:00,8,12,19,19,40,20,691,LECLERC (RUE DU GL),,,Nuit avec éclairage allumé,En agglomération,Hors intersection,Normale,Deux véhicules - arrière,,,,,,,,,,,5,2,1,1,2
200800070205,0008-12-23 18:55:00,8,12,23,18,55,20,691,"71, PARIS DE 1 A 187/210",,,Nuit avec éclairage allumé,En agglomération,Hors intersection,Normale,Deux véhicules - frontale,,,,,,,,,,,5,2,1,1,1
200800070206,0008-12-28 10:50:00,8,12,28,10,50,20,691,"24, JUIN (BD DU MARECHAL",,,Plein jour,En agglomération,Intersection en T,Normale,Autre collision,,,,,,,,,,,1,2,3,1,6
200800070207,0008-12-15 07:45:00,8,12,15,7,45,20,691,"74, KENNEDY (RUE DU PST",,,Crépuscule ou aube,En agglomération,Hors intersection,Brouillard / fumée,Autre collision,,,,,,,,,,,2,2,1,5,6
200800070208,0008-12-17 15:10:00,8,12,17,15,10,30,185,"sans, MENUT ( RUE LUCIEN",,,Plein jour,En agglomération,Hors intersection,Pluie légère,Autre collision,,,,,,,,,,,1,2,1,2,6
200800070209,0008-12-24 17:45:00,8,12,24,17,45,30,98,"95, 4 SEPTEMBRE ( AVENUE",,,Nuit avec éclairage allumé,En agglomération,Hors intersection,Normale,Autre collision,,,,,,,,,,,5,2,1,1,6
200800070210,0008-12-07 13:55:00,8,12,7,13,55,30,321,"1, LIBERTE (ROND-POINT D",,,Plein jour,En agglomération,Giratoire,Normale,Deux véhicules - arrière,,,,,,,,,,,1,2,6,1,2
200800070211,0008-12-15 12:30:00,8,12,15,12,30,30,190,"1, CERISIERS (PLACE DES)",,,Plein jour,En agglomération,Place,Normale,Deux véhicules - côté,,,,,,,,,,,1,2,7,1,3
200800070212,0008-12-05 15:50:00,8,12,5,15,50,30,95,"30, TRACY (COUR)",,,Plein jour,En agglomération,Giratoire,Normale,Deux véhicules - côté,,,,,,,,,,,1,2,6,1,3
200800070213,0008-12-12 14:50:00,8,12,12,14,50,30,310,"0, LYAUTEY (RUE DU MAREC",,,Plein jour,En agglomération,Hors intersection,Normale,Autre collision,,,,,,,,,,,1,2,1,1,6
200800070214,0008-12-12 17:50:00,8,12,12,17,50,30,95,"66, VICHY (AVENUE DE)",,,Crépuscule ou aube,En agglomération,Hors intersection,Normale,Deux véhicules - arrière,,,,,,,,,,,2,2,1,1,2
200800070215,0008-12-16 19:15:00,8,12,16,19,15,30,310,FRANCE (AVENUE DE),,,Nuit avec éclairage allumé,En agglomération,Hors intersection,Pluie légère,Autre collision,,,,,,,,,,,5,2,1,2,6
200800070216,0008-12-17 07:50:00,8,12,17,7,50,30,310,"10, RUSSIE (BOULEVARD DE",,,Plein jour,En agglomération,Hors intersection,Pluie légère,Autre collision,,,,,,,,,,,1,2,1,2,6
200800070217,0008-12-18 12:15:00,8,12,18,12,15,30,94,"69, BOUTIRON (RUE DE)",,,Plein jour,En agglomération,Hors intersection,Normale,Trois véhicules et plus - en chaîne,,,,,,,,,,,1,2,1,1,4
200800070218,0008-12-18 17:45:00,8,12,18,17,45,30,310,"1, BORDEAUX (RUE DE)",,,Nuit avec éclairage allumé,En agglomération,Intersection en Y,Pluie légère,Deux véhicules - côté,,,,,,,,,,,5,2,4,2,3
200800070219,0008-12-18 18:00:00,8,12,18,18,0,30,310,"40, CELESTINS (AVENUE DE",,,Nuit avec éclairage allumé,En agglomération,Hors intersection,Pluie légère,Autre collision,,,,,,,,,,,5,2,1,2,6
200800070220,0008-12-19 05:00:00,8,12,19,5,0,30,95,"24, LAFAURE (BOULEVARD J",,,Nuit avec éclairage allumé,En agglomération,Hors intersection,Pluie légère,Deux véhicules - frontale,,,,,,,,,,,5,2,1,2,1
200800070221,0008-12-15 07:20:00,8,12,15,7,20,40,70,"12, ST J CHRYSOSTOME (BD",,,Nuit sans éclairage public,En agglomération,Hors intersection,Normale,Sans collision,,,,,,,,,,,3,2,1,1,7
200800070222,0008-12-31 17:15:00,8,12,31,17,15,50,23,"7 A, BARRY (CHEMIN DU)",,,Nuit avec éclairage allumé,En agglomération,Hors intersection,Neige / grêle,Deux véhicules - arrière,,,,,,,,,,,5,2,1,4,2
200800070223,0008-12-04 12:10:00,8,12,4,12,10,60,155,PERTUADES MONTEE ET CH.D,,,Plein jour,En agglomération,Hors intersection,Normale,Deux véhicules - côté,,,,,,,,,,,1,2,1,1,3
200800070224,0008-12-05 14:15:00,8,12,5,14,15,60,4,"83, NICE(RN.7) AV.ET RTE",,,Plein jour,En agglomération,Intersection en T,Normale,Deux véhicules - côté,,,,,,,,,,,1,2,3,1,3
200800070225,0008-12-07 12:35:00,8,12,7,12,35,60,4,CANNES(RN.7) AV.DE,,,Plein jour,En agglomération,Intersection en T,Normale,Deux véhicules - côté,,,,,,,,,,,1,2,3,1,3
200800070226,0008-12-10 12:20:00,8,12,10,12,20,60,155,"82, LIBERTE AV.DE LA",,,Plein jour,En agglomération,Hors intersection,Pluie légère,Autre collision,,,,,,,,,,,1,2,1,2,6
200800070227,0008-12-10 14:45:00,8,12,10,14,45,60,4,NOVEMBRE 11 AVE,,,Plein jour,En agglomération,Intersection en X,Pluie forte,Deux véhicules - côté,,,,,,,,,,,1,2,2,3,3
200800070228,0008-12-12 13:20:00,8,12,12,13,20,60,4,"136, WILSON BD",,,Plein jour,En agglomération,Hors intersection,Normale,Autre collision,,,,,,,,,,,1,2,1,1,6
200800070229,0008-12-17 07:55:00,8,12,17,7,55,60,155,LIBERTE AV.DE LA,,,Plein jour,En agglomération,Intersection en X,Normale,Deux véhicules - frontale,,,,,,,,,,,1,2,2,1,1
200800070230,0008-12-19 18:50:00,8,12,19,18,50,60,4,RD6007,,,Crépuscule ou aube,En agglomération,Giratoire,Normale,Deux véhicules - côté,,,,,,,,,,,2,2,6,1,3
200800070231,0008-12-21 12:44:00,8,12,21,12,44,60,4,R.N.98 BORD DE MER SIEST,,,Plein jour,En agglomération,Hors intersection,Normale,Trois véhicules et plus - collisions multiples,,,,,,,,,,,1,2,1,1,5
200800070232,0008-12-29 12:10:00,8,12,29,12,10,60,4,ROCHAT AV.PHILIPPE,,,Plein jour,En agglomération,Intersection en T,Normale,Deux véhicules - côté,,,,,,,,,,,1,2,3,1,3
200800070233,0008-12-29 15:58:00,8,12,29,15,58,60,4,"1290, BACON BD DU ET BD",,,Plein jour,En agglomération,Hors intersection,Vent fort / tempête,Autre collision,,,,,,,,,,,1,2,1,6,6
200800070234,0008-12-01 17:15:00,8,12,1,17,15,60,27,GARE AVENUE DE LA,,,Crépuscule ou aube,En agglomération,Intersection en T,Normale,Deux véhicules - côté,,,,,,,,,,,2,2,3,1,3
200800070235,0008-12-02 07:45:00,8,12,2,7,45,60,27,"55, VAL FLEURI CHEMIN DU",,,Plein jour,En agglomération,Hors intersection,Normale,Deux véhicules - côté,,,,,,,,,,,1,2,1,1,3
200800070236,0008-12-02 17:40:00,8,12,2,17,40,60,123,POMPIDOU GEORGES BOULEVA,,,Crépuscule ou aube,En agglomération,Giratoire,Normale,Deux véhicules - côté,,,,,,,,,,,2,2,6,1,3