accident_id,datetime,annee,mois,jour,heure,minute,departement,commune_insee,adresse,latitude,longitude,luminosite,agglomeration,intersection,meteo,collision,nb_vehicules,nb_usagers,nb_indemnes,nb_tues,nb_blesses_hosp,nb_blesses_legers,age_cond_1,age_cond_2,veh_type_cond_1,veh_type_cond_2,lum_code,agg_code,int_code,atm_code,col_code
200800070237,0008-12-02 20:45:00,8,12,2,20,45,60,123,POMPIDOU GEORGES BOULEVA,,,Nuit avec éclairage allumé,En agglomération,Giratoire,Normale,Deux véhicules - côté,,,,,,,,,,,5,2,6,1,3
200800070238,0008-12-03 09:00:00,8,12,3,9,0,60,123,GARE ROUTE DE LA,,,Plein jour,En agglomération,Hors intersection,Normale,Deux véhicules - arrière,,,,,,,,,,,1,2,1,1,2
200800070239,0008-12-04 16:45:00,8,12,4,16,45,60,27,"2, NICE AVENUE DE (RN7)",,,Plein jour,En agglomération,Hors intersection,Normale,Trois véhicules et plus - en chaîne,,,,,,,,,,,1,2,1,1,4
200800070240,0008-12-06 12:30:00,8,12,6,12,30,60,27,"68, MERMOZ AVENUE JEAN",,,Plein jour,En agglomération,Hors intersection,Normale,Deux véhicules - côté,,,,,,,,,,,1,2,1,1,3
200800070241,0008-12-06 22:00:00,8,12,6,22,0,60,27,CANNES AVENUE DE (RN7),,,Nuit avec éclairage allumé,En agglomération,Hors intersection,Normale,Trois véhicules et plus - collisions multiples,,,,,,,,,,,5,2,1,1,5
200800070242,0008-12-07 11:20:00,8,12,7,11,20,60,27,"24, ST LAURENT CHEMIN DE",,,Plein jour,En agglomération,Hors intersection,Normale,Deux véhicules - frontale,,,,,,,,,,,1,2,1,1,1
200800070243,0008-12-07 11:40:00,8,12,7,11,40,60,27,ST LAURENT CHEMIN DE,,,Plein jour,En agglomération,Intersection en T,Normale,Deux véhicules - côté,,,,,,,,,,,1,2,3,1,3
200800070244,0008-12-09 12:50:00,8,12,9,12,50,60,27,"45, GRASSE AVENUE DE",,,Plein jour,En agglomération,Intersection en T,Normale,Deux véhicules - côté,,,,,,,,,,,1,2,3,1,3
200800070245,0008-12-11 12:50:00,8,12,11,12,50,60,27,LECLERCAVENUE GENERAL,,,Plein jour,En agglomération,Intersection en X,Normale,Deux véhicules - côté,,,,,,,,,,,1,2,2,1,3
200800070246,0008-12-13 15:50:00,8,12,13,15,50,60,27,JACINTHES ALLEE DES,,,Plein jour,En agglomération,Intersection en T,Normale,Deux véhicules - côté,,,,,,,,,,,1,2,3,1,3
200800070247,0008-12-13 16:05:00,8,12,13,16,5,60,27,VAL FLEURI CHEMIN DU,,,Plein jour,En agglomération,Hors intersection,Normale,Deux véhicules - arrière,,,,,,,,,,,1,2,1,1,2
200800070248,0008-12-13 19:00:00,8,12,13,19,0,60,123,"677, SAUVAIGO PIERRE AVE",,,Nuit avec éclairage allumé,En agglomération,Hors intersection,Normale,Deux véhicules - frontale,,,,,,,,,,,5,2,1,1,1
200800070249,0008-12-12 13:45:00,8,12,12,13,45,60,123,CURIE PIERRE ET MARIE AV,,,Plein jour,En agglomération,Hors intersection,Normale,Deux véhicules - arrière,,,,,,,,,,,1,2,1,1,2
200800070250,0008-12-16 17:10:00,8,12,16,17,10,60,123,SAUVAIGO PIERRE AVENUE,,,Crépuscule ou aube,En agglomération,Intersection en T,Normale,Deux véhicules - côté,,,,,,,,,,,2,2,3,1,3
200800070251,0008-12-17 10:30:00,8,12,17,10,30,60,27,"14, DONAT AVENUE DOCTEUR",,,Plein jour,En agglomération,Hors intersection,Normale,Autre collision,,,,,,,,,,,1,2,1,1,6
200800070252,0008-12-17 15:00:00,8,12,17,15,0,60,27,FRANCE ROUTE DE,,,Plein jour,En agglomération,Hors intersection,Normale,Deux véhicules - côté,,,,,,,,,,,1,2,1,1,3
200800070253,0008-12-27 15:30:00,8,12,27,15,30,60,123,CURIE PIERRE ET MARIE AV,,,Plein jour,En agglomération,Hors intersection,Normale,Autre collision,,,,,,,,,,,1,2,1,1,6
200800070254,0008-12-31 14:00:00,8,12,31,14,0,60,27,CLAVERIE RUE DU BRIGADIE,,,Plein jour,En agglomération,Giratoire,Pluie forte,Deux véhicules - côté,,,,,,,,,,,1,2,6,3,3
200800070255,0008-12-31 18:15:00,8,12,31,18,15,60,27,CHENES AVENUE DES,,,Nuit avec éclairage allumé,En agglomération,Intersection en X,Pluie légère,Trois véhicules et plus - collisions multiples,,,,,,,,,,,5,2,2,2,5
200800070256,0008-12-28 17:25:00,8,12,28,17,25,60,29,"59, CARNOT (BOULEVARD)",,,Nuit avec éclairage allumé,En agglomération,Hors intersection,Normale,Trois véhicules et plus - collisions multiples,,,,,,,,,,,5,2,1,1,5
200800070257,0008-12-02 15:40:00,8,12,2,15,40,60,29,"59, TONNER (AVENUE FRANC",,,Plein jour,En agglomération,Hors intersection,Normale,Autre collision,,,,,,,,,,,1,2,1,1,6
200800070258,0008-12-03 12:00:00,8,12,3,12,0,60,29,"00, ANTIBES (RUE D')",,,Plein jour,En agglomération,Hors intersection,Normale,Sans collision,,,,,,,,,,,1,2,1,1,7
200800070259,0008-12-06 17:20:00,8,12,6,17,20,60,29,PICAUD (AVENUE DR) BOCCA,,,Nuit avec éclairage allumé,En agglomération,Hors intersection,Normale,Deux véhicules - côté,,,,,,,,,,,5,2,1,1,3
200800070260,0008-12-02 22:15:00,8,12,2,22,15,60,29,"00, ALEXANDRE III (BOULE",,,Nuit avec éclairage allumé,En agglomération,Hors intersection,Normale,Trois véhicules et plus - collisions multiples,,,,,,,,,,,5,2,1,1,5
200800070261,0008-12-07 21:30:00,8,12,7,21,30,60,29,"16, CLEMENCEAU (RUE GEOR",,,Nuit avec éclairage allumé,En agglomération,Hors intersection,Normale,Deux véhicules - frontale,,,,,,,,,,,5,2,1,1,1
200800070262,0008-12-12 12:45:00,8,12,12,12,45,60,29,REPUBLIQUE (BOULEVARD DE,,,Plein jour,En agglomération,Intersection en X,Pluie légère,Deux véhicules - côté,,,,,,,,,,,1,2,2,2,3
200800070263,0008-12-13 13:30:00,8,12,13,13,30,60,29,"00, POESIE (AVENUE PIERR",,,Plein jour,En agglomération,Hors intersection,Pluie légère,Deux véhicules - côté,,,,,,,,,,,1,2,1,2,3
200800070264,0008-12-17 14:12:00,8,12,17,14,12,60,29,CROISETTE (BOULEVARD DE,,,Plein jour,En agglomération,Hors intersection,Normale,Autre collision,,,,,,,,,,,1,2,1,1,6
200800070265,0008-12-19 19:45:00,8,12,19,19,45,60,29,"00, TONNER (AVENUE FRANC",,,Nuit avec éclairage allumé,En agglomération,Hors intersection,Normale,Deux véhicules - côté,,,,,,,,,,,5,2,1,1,3
200800070266,0008-12-22 10:00:00,8,12,22,10,0,60,29,"95 bis, JOURDAN (AVENUE",,,Plein jour,En agglomération,Hors intersection,Temps éblouissant,Sans collision,,,,,,,,,,,1,2,1,7,7
200800070267,0008-12-24 12:00:00,8,12,24,12,0,60,29,"92, TONNER (AVENUE FRANC",,,Plein jour,En agglomération,Hors intersection,Normale,Trois véhicules et plus - collisions multiples,,,,,,,,,,,1,2,1,1,5
200800070268,0008-12-24 14:30:00,8,12,24,14,30,60,29,"00, BROUSSAILLES (AVENUE",,,Plein jour,En agglomération,Hors intersection,Temps éblouissant,Sans collision,,,,,,,,,,,1,2,1,7,7
200800070269,0008-12-26 16:28:00,8,12,26,16,28,60,29,JAURES (RUE JEAN),,,Plein jour,En agglomération,Hors intersection,Normale,Autre collision,,,,,,,,,,,1,2,1,1,6
200800070270,0008-12-30 14:20:00,8,12,30,14,20,60,29,BROUSSAILLES (AVENUE DES,,,Plein jour,En agglomération,Hors intersection,Normale,Deux véhicules - côté,,,,,,,,,,,1,2,1,1,3
200800070271,0008-12-01 18:20:00,8,12,1,18,20,60,69,"x, SIDI BRAHIM (AVENUE)",,,Nuit avec éclairage allumé,En agglomération,Giratoire,Normale,Autre collision,,,,,,,,,,,5,2,6,1,6
200800070272,0008-12-02 23:05:00,8,12,2,23,5,60,69,"x, PAGNOL (BOULEVARD MAR",,,Nuit avec éclairage allumé,En agglomération,Hors intersection,Normale,Sans collision,,,,,,,,,,,5,2,1,1,7
200800070273,0008-12-03 12:50:00,8,12,3,12,50,60,69,"x, RAYBAUD (AVENUE FELIX",,,Plein jour,En agglomération,Giratoire,Normale,Deux véhicules - arrière,,,,,,,,,,,1,2,6,1,2
200800070274,0008-12-05 11:50:00,8,12,5,11,50,60,69,"x, OSSOLA (RUE JEAN)",,,Plein jour,En agglomération,Hors intersection,Normale,Sans collision,,,,,,,,,,,1,2,1,1,7
200800070275,0008-12-07 15:20:00,8,12,7,15,20,60,69,"144, SEMARD (AVENUE PIER",,,Plein jour,En agglomération,Hors intersection,Normale,Sans collision,,,,,,,,,,,1,2,1,1,7
200800070276,0008-12-08 07:10:00,8,12,8,7,10,60,69,"x, Pénétrante",,,Crépuscule ou aube,Hors agglomération,Hors intersection,Normale,Trois véhicules et plus - en chaîne,,,,,,,,,,,2,1,1,1,4
200800070277,0008-12-09 12:10:00,8,12,9,12,10,60,69,"x, SUD FRANCE (AVENUE DU",,,Plein jour,En agglomération,Hors intersection,Normale,Sans collision,,,,,,,,,,,1,2,1,1,7
200800070278,0008-12-09 18:15:00,8,12,9,18,15,60,69,"x, CAPUCINS (CHEMIN ET I",,,Nuit avec éclairage allumé,En agglomération,Giratoire,Normale,Deux véhicules - côté,,,,,,,,,,,5,2,6,1,3
200800070279,0008-12-10 07:55:00,8,12,10,7,55,60,69,"1, AURIBEAU (ROUTE D') -",,,Crépuscule ou aube,En agglomération,Hors intersection,Pluie forte,Autre collision,,,,,,,,,,,2,2,1,3,6
200800070280,0008-12-10 19:55:00,8,12,10,19,55,60,69,"x, THIERS (AVENUE)",,,Nuit avec éclairage allumé,En agglomération,Hors intersection,Pluie légère,Autre collision,,,,,,,,,,,5,2,1,2,6
200800070281,0008-12-11 21:40:00,8,12,11,21,40,60,69,"89, DRAGUIGNAN (ROUTE DE",,,Nuit avec éclairage allumé,En agglomération,Hors intersection,Pluie légère,Autre collision,,,,,,,,,,,5,2,1,2,6
200800070282,0008-12-12 12:00:00,8,12,12,12,0,60,69,"x, THIERS (AVENUE)",,,Plein jour,En agglomération,Hors intersection,Normale,Autre collision,,,,,,,,,,,1,2,1,1,6
200800070283,0008-12-13 13:50:00,8,12,13,13,50,60,69,"x, LIBERATION (AVENUE DE",,,Plein jour,En agglomération,Hors intersection,Pluie légère,Deux véhicules - arrière,,,,,,,,,,,1,2,1,2,2
200800070284,0008-12-13 16:15:00,8,12,13,16,15,60,69,"191, SAINT MATHIEU (ROUT",,,Plein jour,En agglomération,Hors intersection,Normale,Autre collision,,,,,,,,,,,1,2,1,1,6
200800070285,0008-12-14 12:45:00,8,12,14,12,45,60,69,"15, LIBERATION (AVENUE D",,,Plein jour,En agglomération,Hors intersection,Pluie forte,Autre collision,,,,,,,,,,,1,2,1,3,6
200800070286,0008-12-18 14:00:00,8,12,18,14,0,60,69,"23, DRAGUIGNAN (ROUTE DE",,,Plein jour,En agglomération,Hors intersection,Normale,Deux véhicules - arrière,,,,,,,,,,,1,2,1,1,2
200800070287,0008-12-21 11:00:00,8,12,21,11,0,60,69,"19, JEU DE BALLON (BOULE",,,Plein jour,Hors agglomération,Hors intersection,Normale,Sans collision,,,,,,,,,,,1,1,1,1,7
200800070288,0008-12-24 11:45:00,8,12,24,11,45,60,69,"153, PLAN (ROUTE DU) -D3",,,Plein jour,Hors agglomération,Hors intersection,Normale,Deux véhicules - côté,,,,,,,,,,,1,1,1,1,3
200800070289,0008-12-02 11:15:00,8,12,2,11,15,60,83,"47  A, SOSPEL (AVENUE DE",,,Plein jour,En agglomération,Hors intersection,Normale,Autre collision,,,,,,,,,,,1,2,1,1,6
200800070290,0008-12-03 08:20:00,8,12,3,8,20,60,104,"1, SCHUMANN (PROMENADE R",,,Plein jour,En agglomération,Hors intersection,Normale,Deux véhicules - côté,,,,,,,,,,,1,2,1,1,3
200800070291,0008-12-04 07:48:00,8,12,4,7,48,60,83,"77, GORBIO (ROUTE DE)",,,Plein jour,En agglomération,Hors intersection,Normale,Deux véhicules - arrière,,,,,,,,,,,1,2,1,1,2
200800070292,0008-12-04 08:06:00,8,12,4,8,6,60,104,"154, VALLONNET (CHEMIN D",,,Plein jour,En agglomération,Hors intersection,Normale,Autre collision,,,,,,,,,,,1,2,1,1,6
200800070293,0008-12-04 18:40:00,8,12,4,18,40,60,104,FRANCE (AVENUE DE),,,Nuit avec éclairage allumé,En agglomération,Hors intersection,Normale,Autre collision,,,,,,,,,,,5,2,1,1,6
200800070294,0008-12-04 20:25:00,8,12,4,20,25,60,12,"4, VERDUN (BOULEVARD DE)",,,Nuit avec éclairage allumé,En agglomération,Hors intersection,Normale,Autre collision,,,,,,,,,,,5,2,1,1,6
200800070295,0008-12-05 22:13:00,8,12,5,22,13,60,12,"15, REPUBLIQUE (BOULEVAR",,,Nuit avec éclairage allumé,En agglomération,Hors intersection,Pluie légère,Sans collision,,,,,,,,,,,5,2,1,2,7
200800070296,0008-12-06 10:58:00,8,12,6,10,58,60,12,BLANC (AVENUE FRANCOIS),,,Plein jour,En agglomération,Intersection en T,Pluie légère,Autre collision,,,,,,,,,,,1,2,3,2,6
200800070297,0008-12-19 16:05:00,8,12,19,16,5,60,83,"09, MADONE (AVENUE DE LA",,,Plein jour,En agglomération,Hors intersection,Normale,Autre collision,,,,,,,,,,,1,2,1,1,6
200800070298,0008-12-21 20:45:00,8,12,21,20,45,60,83,"23, ACACIAS (AVENUE DES)",,,Nuit avec éclairage allumé,En agglomération,Hors intersection,Normale,Autre collision,,,,,,,,,,,5,2,1,1,6
200800070299,0008-12-24 17:00:00,8,12,24,17,0,60,83,"1640, SOLEIL (PROMENADE",,,Nuit avec éclairage allumé,En agglomération,Hors intersection,Normale,Autre collision,,,,,,,,,,,5,2,1,1,6
200800070300,0008-12-26 12:45:00,8,12,26,12,45,60,83,BOSANO (RUE LIEUTENANT),,,Plein jour,En agglomération,Intersection en T,Normale,Deux véhicules - côté,,,,,,,,,,,1,2,3,1,3
200800070301,0008-12-27 21:18:00,8,12,27,21,18,60,104,HANOTEAUX (AVENUE GABRIE,,,Nuit avec éclairage allumé,En agglomération,Hors intersection,Normale,Deux véhicules - côté,,,,,,,,,,,5,2,1,1,3
200800070302,0008-12-30 09:30:00,8,12,30,9,30,60,83,DELATTRE DE TASSIGNY (AL,,,Plein jour,En agglomération,Hors intersection,Normale,Autre collision,,,,,,,,,,,1,2,1,1,6
200800070303,0008-12-28 16:15:00,8,12,28,16,15,60,12,"35, DOUMER PROLONGEE (AV",,,Plein jour,En agglomération,Hors intersection,Normale,Deux véhicules - frontale,,,,,,,,,,,1,2,1,1,1
200800070304,0008-12-30 17:38:00,8,12,30,17,38,60,104,"127, VERDUN (AVENUE DE,",,,Nuit avec éclairage allumé,En agglomération,Hors intersection,Normale,Autre collision,,,,,,,,,,,5,2,1,1,6
200800070305,0008-12-31 15:40:00,8,12,31,15,40,60,83,"21, SOSPEL (AVENUE DE, N",,,Plein jour,En agglomération,Hors intersection,Normale,Autre collision,,,,,,,,,,,1,2,1,1,6
200800070306,0008-12-01 06:55:00,8,12,1,6,55,60,88,"0, COMBOUL (AV. RAYMOND)",,,Crépuscule ou aube,En agglomération,Intersection en X,Normale,Trois véhicules et plus - collisions multiples,,,,,,,,,,,2,2,2,1,5
200800070307,0008-12-01 08:00:00,8,12,1,8,0,60,88,"0, COTY (PONT RENE)",,,Plein jour,En agglomération,Hors intersection,Normale,Autre collision,,,,,,,,,,,1,2,1,1,6
200800070308,0008-12-01 08:15:00,8,12,1,8,15,60,88,"18, JOLY (CORNICHE ANDRE",,,Plein jour,En agglomération,Hors intersection,Normale,Deux véhicules - arrière,,,,,,,,,,,1,2,1,1,2
200800070309,0008-12-01 11:20:00,8,12,1,11,20,60,88,"23, GUBERNATIS (R.)",,,Plein jour,En agglomération,Hors intersection,Normale,Trois véhicules et plus - collisions multiples,,,,,,,,,,,1,2,1,1,5
200800070310,0008-12-01 13:50:00,8,12,1,13,50,60,88,"0, VOIE RAPIDE",,,Plein jour,En agglomération,Hors intersection,Normale,Deux véhicules - arrière,,,,,,,,,,,1,2,1,1,2
200800070311,0008-12-01 14:00:00,8,12,1,14,0,60,88,"206, STE MARGUERITE (AV.",,,Plein jour,En agglomération,Hors intersection,Normale,Autre collision,,,,,,,,,,,1,2,1,1,6
200800070312,0008-12-01 15:45:00,8,12,1,15,45,60,88,"0, NOTRE-DAME (AV.)",,,Plein jour,En agglomération,Hors intersection,Normale,Autre collision,,,,,,,,,,,1,2,1,1,6
200800070313,0008-12-01 17:30:00,8,12,1,17,30,60,88,"0, VOIE RAPIDE",,,Nuit avec éclairage allumé,En agglomération,Hors intersection,Normale,Deux véhicules - arrière,,,,,,,,,,,5,2,1,1,2
200800070314,0008-12-01 23:20:00,8,12,1,23,20,60,88,"97, LAS PLANAS (PL. DE)",,,Nuit avec éclairage allumé,En agglomération,Hors intersection,Normale,Autre collision,,,,,,,,,,,5,2,1,1,6
200800070315,0008-12-02 07:45:00,8,12,2,7,45,60,88,"0, GAMBETTA (JUSQU'AU N°",,,Plein jour,En agglomération,Hors intersection,Normale,Deux véhicules - côté,,,,,,,,,,,1,2,1,1,3
200800070316,0008-12-02 08:40:00,8,12,2,8,40,60,88,"0, VOIE RAPIDE",,,Plein jour,En agglomération,Hors intersection,Normale,Deux véhicules - côté,,,,,,,,,,,1,2,1,1,3
200800070317,0008-12-02 11:45:00,8,12,2,11,45,60,88,"310, RD 6202",,,Plein jour,En agglomération,Hors intersection,Normale,Deux véhicules - arrière,,,,,,,,,,,1,2,1,1,2
200800070318,0008-12-02 13:30:00,8,12,2,13,30,60,88,"97, BELLET (RTE DE)",,,Plein jour,En agglomération,Hors intersection,Normale,Deux véhicules - côté,,,,,,,,,,,1,2,1,1,3
200800070319,0008-12-02 17:30:00,8,12,2,17,30,60,88,"37, GORBELLA (BD DE)",,,Plein jour,En agglomération,Hors intersection,Normale,Autre collision,,,,,,,,,,,1,2,1,1,6
200800070320,0008-12-02 17:45:00,8,12,2,17,45,60,88,"0, SAINT-LAMBERT (AV.) (",,,Nuit avec éclairage allumé,En agglomération,Hors intersection,Normale,Autre collision,,,,,,,,,,,5,2,1,1,6
200800070321,0008-12-03 01:30:00,8,12,3,1,30,60,88,"239, ANGLAIS PLAGE (DU 1",,,Nuit avec éclairage allumé,En agglomération,Hors intersection,Normale,Autre collision,,,,,,,,,,,5,2,1,1,6
200800070322,0008-12-03 07:40:00,8,12,3,7,40,60,88,"67, BISCHOFFSHEIM (BD)",,,Plein jour,En agglomération,Hors intersection,Normale,Autre collision,,,,,,,,,,,1,2,1,1,6
200800070323,0008-12-03 11:50:00,8,12,3,11,50,60,88,"10, MATISSE (AV. HENRI)",,,Plein jour,En agglomération,Hors intersection,Normale,Autre collision,,,,,,,,,,,1,2,1,1,6
200800070324,0008-12-03 12:40:00,8,12,3,12,40,60,88,"89, MADELEINE (BD DE LA)",,,Plein jour,En agglomération,Hors intersection,Normale,Autre collision,,,,,,,,,,,1,2,1,1,6
200800070325,0008-12-03 14:30:00,8,12,3,14,30,60,88,"455, ANGLAIS (A PARTIR D",,,Plein jour,En agglomération,Hors intersection,Normale,Deux véhicules - côté,,,,,,,,,,,1,2,1,1,3
200800070326,0008-12-04 04:15:00,8,12,4,4,15,60,88,"122, CARNOT (BD)",,,Nuit avec éclairage allumé,En agglomération,Hors intersection,Pluie légère,Sans collision,,,,,,,,,,,5,2,1,2,7
200800070327,0008-12-04 07:40:00,8,12,4,7,40,60,88,"6, CARLONE (BD)",,,Plein jour,En agglomération,Hors intersection,Normale,Deux véhicules - côté,,,,,,,,,,,1,2,1,1,3
200800070328,0008-12-04 13:35:00,8,12,4,13,35,60,88,"0, RAYBAUD JOSEPH",,,Plein jour,En agglomération,Hors intersection,Normale,Deux véhicules - côté,,,,,,,,,,,1,2,1,1,3
200800070329,0008-12-04 17:00:00,8,12,4,17,0,60,88,"0, CORNIGLION MOLINIER (",,,Nuit avec éclairage non allumé,En agglomération,Hors intersection,Normale,Autre collision,,,,,,,,,,,4,2,1,1,6
200800070330,0008-12-05 17:30:00,8,12,5,17,30,60,88,"0, GRENOBLE (ROUTE DE)",,,Plein jour,En agglomération,Hors intersection,Normale,Deux véhicules - arrière,,,,,,,,,,,1,2,1,1,2
200800070331,0008-12-06 10:30:00,8,12,6,10,30,60,88,"0, PASTORELLI (R.)",,,Plein jour,En agglomération,Hors intersection,Normale,Deux véhicules - arrière,,,,,,,,,,,1,2,1,1,2
200800070332,0008-12-06 12:00:00,8,12,6,12,0,60,88,"188, OLIVIERS (CORNICHE",,,Plein jour,En agglomération,Hors intersection,Normale,Deux véhicules - arrière,,,,,,,,,,,1,2,1,1,2
200800070333,0008-12-06 12:25:00,8,12,6,12,25,60,88,THIERS (AV.),,,Plein jour,En agglomération,Intersection en Y,Normale,Deux véhicules - côté,,,,,,,,,,,1,2,4,1,3
200800070334,0008-12-06 15:15:00,8,12,6,15,15,60,88,"0, ANGLAIS (DU N° 265 AU",,,Plein jour,En agglomération,Hors intersection,Normale,Deux véhicules - arrière,,,,,,,,,,,1,2,1,1,2
200800070335,0008-12-06 19:00:00,8,12,6,19,0,60,88,"3, CHATEAUNEUF (RUE)",,,Nuit avec éclairage allumé,En agglomération,Hors intersection,Normale,Deux véhicules - arrière,,,,,,,,,,,5,2,1,1,2
200800070336,0008-12-06 21:00:00,8,12,6,21,0,60,88,BORRIGLIONE (A PARTIR DU,,,Nuit avec éclairage allumé,En agglomération,Intersection en X,Normale,Deux véhicules - arrière,,,,,,,,,,,5,2,2,1,2
200800070337,0008-12-08 07:45:00,8,12,8,7,45,60,88,"0, VOIE RAPIDE",,,Plein jour,En agglomération,Hors intersection,Normale,Deux véhicules - côté,,,,,,,,,,,1,2,1,1,3
200800070338,0008-12-08 08:00:00,8,12,8,8,0,60,88,"61, BESSET (AV.) (A PART",,,Plein jour,En agglomération,Hors intersection,Normale,Deux véhicules - côté,,,,,,,,,,,1,2,1,1,3
200800070339,0008-12-08 12:25:00,8,12,8,12,25,60,88,"53, RAYBAUD JOSEPH",,,Plein jour,En agglomération,Hors intersection,Normale,Trois véhicules et plus - en chaîne,,,,,,,,,,,1,2,1,1,4
200800070340,0008-12-09 08:15:00,8,12,9,8,15,60,88,"0, LYAUTEY (AV. DU MAL)",,,Plein jour,En agglomération,Hors intersection,Normale,Autre collision,,,,,,,,,,,1,2,1,1,6
200800070341,0008-12-09 12:20:00,8,12,9,12,20,60,88,"10, GRENOBLE (ROUTE DE)",,,Plein jour,En agglomération,Hors intersection,Normale,Deux véhicules - côté,,,,,,,,,,,1,2,1,1,3
200800070342,0008-12-09 13:35:00,8,12,9,13,35,60,88,"14, BUFFA (RUE DE LA)",,,Plein jour,En agglomération,Hors intersection,Normale,Deux véhicules - côté,,,,,,,,,,,1,2,1,1,3
200800070343,0008-12-09 15:00:00,8,12,9,15,0,60,159,"1005, NAPOLEON III (BOUL",,,Plein jour,En agglomération,Hors intersection,Normale,Deux véhicules - côté,,,,,,,,,,,1,2,1,1,3
200800070344,0008-12-09 18:17:00,8,12,9,18,17,60,88,"0, VOIE RAPIDE",,,Nuit avec éclairage allumé,En agglomération,Hors intersection,Normale,Trois véhicules et plus - en chaîne,,,,,,,,,,,5,2,1,1,4
200800070345,0008-12-09 18:30:00,8,12,9,18,30,60,88,"74, BRANCOLAR (AV.) (A P",,,Nuit avec éclairage allumé,En agglomération,Intersection en Y,Normale,Deux véhicules - côté,,,,,,,,,,,5,2,4,1,3
200800070346,0008-12-10 14:15:00,8,12,10,14,15,60,88,"0, BORRIGLIONE (A PARTIR",,,Plein jour,En agglomération,Intersection en X,Pluie légère,Deux véhicules - côté,,,,,,,,,,,1,2,2,2,3
200800070347,0008-12-11 17:10:00,8,12,11,17,10,60,88,"0, COMBOUL (AV. RAYMOND)",,,Plein jour,En agglomération,Hors intersection,Normale,Autre collision,,,,,,,,,,,1,2,1,1,6
200800070348,0008-12-11 18:30:00,8,12,11,18,30,60,88,"63, CESSOLE (BD DE) (JUS",,,Nuit avec éclairage allumé,En agglomération,Intersection en T,Pluie légère,Deux véhicules - côté,,,,,,,,,,,5,2,3,2,3
200800070349,0008-12-11 21:30:00,8,12,11,21,30,60,88,"0, DELVALLE (RUE PROF.)",,,Nuit avec éclairage allumé,En agglomération,Hors intersection,Pluie légère,Autre collision,,,,,,,,,,,5,2,1,2,6
200800070350,0008-12-12 12:00:00,8,12,12,12,0,60,88,"8, SOLA (BD PIERRE)",,,Plein jour,En agglomération,Hors intersection,Normale,Deux véhicules - arrière,,,,,,,,,,,1,2,1,1,2
200800070351,0008-12-12 18:10:00,8,12,12,18,10,60,88,"0, RAIBERTI (R.)",,,Nuit avec éclairage allumé,En agglomération,Intersection en T,Normale,Deux véhicules - côté,,,,,,,,,,,5,2,3,1,3
200800070352,0008-12-12 22:30:00,8,12,12,22,30,60,88,"0, GAMBETTA (JUSQU'AU N°",,,Nuit avec éclairage allumé,En agglomération,Intersection en X,Normale,Deux véhicules - côté,,,,,,,,,,,5,2,2,1,3
200800070353,0008-12-13 14:00:00,8,12,13,14,0,60,88,"2, MARGUERITE (AV. J.)",,,Plein jour,En agglomération,Hors intersection,Normale,Deux véhicules - frontale,,,,,,,,,,,1,2,1,1,1
200800070354,0008-12-13 18:30:00,8,12,13,18,30,60,88,"0, HUGO (BD VICTOR)",,,Nuit avec éclairage allumé,En agglomération,Hors intersection,Pluie légère,Deux véhicules - côté,,,,,,,,,,,5,2,1,2,3
200800070355,0008-12-14 01:10:00,8,12,14,1,10,60,88,"0, VOIE RAPIDE",,,Nuit avec éclairage allumé,En agglomération,Hors intersection,Pluie forte,Deux véhicules - frontale,,,,,,,,,,,5,2,1,3,1
200800070356,0008-12-14 03:40:00,8,12,14,3,40,60,88,"261, ANGLAIS (DU N° 114",,,Nuit avec éclairage allumé,En agglomération,Hors intersection,Pluie forte,Autre collision,,,,,,,,,,,5,2,1,3,6
200800070357,0008-12-14 05:00:00,8,12,14,5,0,60,88,", CALIFORNIE (AV.) (JUSQ",,,Nuit avec éclairage allumé,En agglomération,Intersection en X,Normale,Deux véhicules - côté,,,,,,,,,,,5,2,2,1,3
200800070358,0008-12-15 02:25:00,8,12,15,2,25,60,88,"0, NAPOLEON III (PONT)",,,Nuit avec éclairage allumé,En agglomération,Hors intersection,Pluie légère,Autre collision,,,,,,,,,,,5,2,1,2,6
200800070359,0008-12-15 08:10:00,8,12,15,8,10,60,88,"118, GRENOBLE (ROUTE DE)",,,Plein jour,En agglomération,Hors intersection,Pluie forte,Deux véhicules - côté,,,,,,,,,,,1,2,1,3,3
200800070360,0008-12-15 13:00:00,8,12,15,13,0,60,88,"0, BERI (RUE EDOUARD)",,,Plein jour,En agglomération,Hors intersection,Pluie légère,Autre collision,,,,,,,,,,,1,2,1,2,6
200800070361,0008-12-16 14:25:00,8,12,16,14,25,60,88,"219, ANGLAIS (DU N° 114",,,Plein jour,En agglomération,Hors intersection,Pluie forte,Autre collision,,,,,,,,,,,1,2,1,3,6
200800070362,0008-12-17 14:35:00,8,12,17,14,35,60,88,"0, GIACOBI (AV.)",,,Plein jour,En agglomération,Intersection en X,Normale,Deux véhicules - côté,,,,,,,,,,,1,2,2,1,3
200800070363,0008-12-17 16:10:00,8,12,17,16,10,60,88,"15, MARNE (AV. DE LA)",,,Crépuscule ou aube,En agglomération,Hors intersection,Pluie légère,Deux véhicules - côté,,,,,,,,,,,2,2,1,2,3
200800070364,0008-12-17 17:25:00,8,12,17,17,25,60,88,"108, CESSOLE (BD DE) (A",,,Crépuscule ou aube,En agglomération,Hors intersection,Pluie forte,Autre collision,,,,,,,,,,,2,2,1,3,6
200800070365,0008-12-18 14:20:00,8,12,18,14,20,60,88,"2, RAY (AV. DU)",,,Plein jour,En agglomération,Hors intersection,Normale,Deux véhicules - côté,,,,,,,,,,,1,2,1,1,3
200800070366,0008-12-18 17:20:00,8,12,18,17,20,60,88,"0, ANGLAIS (A PARTIR DU",,,Nuit avec éclairage allumé,En agglomération,Hors intersection,Normale,Deux véhicules - arrière,,,,,,,,,,,5,2,1,1,2