accident_id,datetime,annee,mois,jour,heure,minute,departement,commune_insee,adresse,latitude,longitude,luminosite,agglomeration,intersection,meteo,collision,nb_vehicules,nb_usagers,nb_indemnes,nb_tues,nb_blesses_hosp,nb_blesses_legers,age_cond_1,age_cond_2,veh_type_cond_1,veh_type_cond_2,lum_code,agg_code,int_code,atm_code,col_code
200800070367,0008-12-18 22:30:00,8,12,18,22,30,60,88,"21, ANGLAIS (DU N° 1 AU",,,Nuit avec éclairage allumé,En agglomération,Hors intersection,Normale,Trois véhicules et plus - en chaîne,,,,,,,,,,,5,2,1,1,4
200800070368,0008-12-19 08:15:00,8,12,19,8,15,60,88,"2, ARIANE (BD DE L')",,,Plein jour,En agglomération,Hors intersection,Normale,Deux véhicules - côté,,,,,,,,,,,1,2,1,1,3
200800070369,0008-12-19 11:30:00,8,12,19,11,30,60,88,BRAILLE (BD LOUIS),,,Plein jour,En agglomération,Hors intersection,Normale,Autre collision,,,,,,,,,,,1,2,1,1,6
200800070370,0008-12-19 15:15:00,8,12,19,15,15,60,88,"0, BONAPARTE (RUE)",,,Plein jour,En agglomération,Hors intersection,Normale,Autre collision,,,,,,,,,,,1,2,1,1,6
200800070371,0008-12-19 21:50:00,8,12,19,21,50,60,88,"0, BESSET (AV.) (JUSQU'A",,,Nuit avec éclairage allumé,En agglomération,Hors intersection,Normale,Deux véhicules - côté,,,,,,,,,,,5,2,1,1,3
200800070372,0008-12-20 11:20:00,8,12,20,11,20,60,88,"40, DABRAY (RUE ET IMP.)",,,Plein jour,En agglomération,Hors intersection,Normale,Autre collision,,,,,,,,,,,1,2,1,1,6
200800070373,0008-12-20 11:30:00,8,12,20,11,30,60,88,"0, FONTAINE DU TEMPLE (P",,,Plein jour,En agglomération,Hors intersection,Normale,Deux véhicules - côté,,,,,,,,,,,1,2,1,1,3
200800070374,0008-12-21 18:30:00,8,12,21,18,30,60,88,"0, SMOLETT (R.)",,,Nuit avec éclairage allumé,En agglomération,Intersection en X,Normale,Deux véhicules - côté,,,,,,,,,,,5,2,2,1,3
200800070375,0008-12-23 12:30:00,8,12,23,12,30,60,88,"18, CAMBRAI (BD DE)",,,Plein jour,En agglomération,Hors intersection,Normale,Deux véhicules - arrière,,,,,,,,,,,1,2,1,1,2
200800070376,0008-12-23 15:20:00,8,12,23,15,20,60,88,"0, THIERS (AV.)",,,Plein jour,En agglomération,Hors intersection,Normale,Sans collision,,,,,,,,,,,1,2,1,1,7
200800070377,0008-12-23 15:15:00,8,12,23,15,15,60,88,"0, GRENOBLE (ROUTE DE)",,,Plein jour,En agglomération,Hors intersection,Normale,Sans collision,,,,,,,,,,,1,2,1,1,7
200800070378,0008-12-23 17:10:00,8,12,23,17,10,60,88,"25, SOLA (BD PIERRE)",,,Nuit avec éclairage allumé,En agglomération,Hors intersection,Normale,Deux véhicules - côté,,,,,,,,,,,5,2,1,1,3
200800070379,0008-12-23 18:00:00,8,12,23,18,0,60,88,"0, CARABACEL (BD)",,,Nuit avec éclairage allumé,En agglomération,Intersection en T,Normale,Deux véhicules - côté,,,,,,,,,,,5,2,3,1,3
200800070380,0008-12-23 21:00:00,8,12,23,21,0,60,88,"0, LEPANTE (R. DE)",,,Nuit avec éclairage allumé,En agglomération,Intersection en X,Normale,Deux véhicules - côté,,,,,,,,,,,5,2,2,1,3
200800070381,0008-12-24 13:22:00,8,12,24,13,22,60,88,"0, GRENOBLE (ROUTE DE)",,,Plein jour,En agglomération,Giratoire,Normale,Deux véhicules - arrière,,,,,,,,,,,1,2,6,1,2
200800070382,0008-12-24 14:10:00,8,12,24,14,10,60,88,GROSSO (A PARTIR DU N° 6,,,Plein jour,En agglomération,Hors intersection,Normale,Deux véhicules - côté,,,,,,,,,,,1,2,1,1,3
200800070383,0008-12-24 14:11:00,8,12,24,14,11,60,88,"243, ANGLAIS (DU N° 114",,,Plein jour,En agglomération,Hors intersection,Normale,Deux véhicules - arrière,,,,,,,,,,,1,2,1,1,2
200800070384,0008-12-24 15:05:00,8,12,24,15,5,60,88,"217, COSTIERE (CH. DE LA",,,Plein jour,En agglomération,Hors intersection,Normale,Deux véhicules - côté,,,,,,,,,,,1,2,1,1,3
200800070385,0008-12-25 18:30:00,8,12,25,18,30,60,88,"83, GROSSO (A PARTIR DU",,,Nuit avec éclairage allumé,En agglomération,Hors intersection,Pluie légère,Trois véhicules et plus - collisions multiples,,,,,,,,,,,5,2,1,2,5
200800070386,0008-12-25 20:00:00,8,12,25,20,0,60,88,QUAI DES ETATS UNIS,,,Crépuscule ou aube,En agglomération,Hors intersection,Pluie légère,Autre collision,,,,,,,,,,,2,2,1,2,6
200800070387,0008-12-26 07:40:00,8,12,26,7,40,60,88,"292, TURIN (RTE DE)",,,Plein jour,En agglomération,Hors intersection,Normale,Deux véhicules - côté,,,,,,,,,,,1,2,1,1,3
200800070388,0008-12-26 10:41:00,8,12,26,10,41,60,88,"0, SEMARD (BD PIERRE)",,,Plein jour,En agglomération,Hors intersection,Normale,Autre collision,,,,,,,,,,,1,2,1,1,6
200800070389,0008-12-27 17:30:00,8,12,27,17,30,60,88,"0, JOFFRE (R. MARECHAL)",,,Nuit avec éclairage allumé,En agglomération,Hors intersection,Normale,Autre collision,,,,,,,,,,,5,2,1,1,6
200800070390,0008-12-27 23:00:00,8,12,27,23,0,60,88,GARIGLIANO (PONTS),,,Nuit avec éclairage allumé,En agglomération,Hors intersection,Normale,Deux véhicules - arrière,,,,,,,,,,,5,2,1,1,2
200800070391,0008-12-28 01:15:00,8,12,28,1,15,60,88,"0, ANGLAIS (DU N° 265 AU",,,Nuit avec éclairage allumé,En agglomération,Intersection en T,Normale,Deux véhicules - côté,,,,,,,,,,,5,2,3,1,3
200800070392,0008-12-28 05:06:00,8,12,28,5,6,60,88,"0, ANGLAIS (A PARTIR DU",,,Nuit avec éclairage allumé,En agglomération,Hors intersection,Normale,Autre collision,,,,,,,,,,,5,2,1,1,6
200800070393,0008-12-29 13:30:00,8,12,29,13,30,60,88,"275, ANGLAIS (DU N° 265",,,Plein jour,En agglomération,Hors intersection,Normale,Deux véhicules - côté,,,,,,,,,,,1,2,1,1,3
200800070394,0008-12-29 16:55:00,8,12,29,16,55,60,88,"16, BUFFA (RUE DE LA)",,,Crépuscule ou aube,En agglomération,Hors intersection,Normale,Deux véhicules - côté,,,,,,,,,,,2,2,1,1,3
200800070395,0008-12-30 05:50:00,8,12,30,5,50,60,88,"0, GARIGLIANO (PONTS)",,,Nuit avec éclairage allumé,En agglomération,Intersection en X,Pluie légère,Deux véhicules - côté,,,,,,,,,,,5,2,2,2,3
200800070396,0008-12-30 15:35:00,8,12,30,15,35,60,88,"0, ARBRE INFERIEUR (AV.",,,Plein jour,En agglomération,Hors intersection,Normale,Deux véhicules - côté,,,,,,,,,,,1,2,1,1,3
200800070397,0008-12-30 17:44:00,8,12,30,17,44,60,88,"0, PRINCE-DE-GALLES (BD)",,,Nuit avec éclairage allumé,En agglomération,Hors intersection,Normale,Deux véhicules - frontale,,,,,,,,,,,5,2,1,1,1
200800070398,0008-12-30 18:15:00,8,12,30,18,15,60,88,"0, CASSIN (BD RENE)",,,Nuit avec éclairage allumé,En agglomération,Intersection en T,Normale,Autre collision,,,,,,,,,,,5,2,3,1,6
200800070399,0008-12-31 12:40:00,8,12,31,12,40,60,88,"0, ANGLAIS (A PARTIR DU",,,Plein jour,En agglomération,Intersection en T,Pluie légère,Deux véhicules - côté,,,,,,,,,,,1,2,3,2,3
200800070400,0008-12-31 13:50:00,8,12,31,13,50,60,88,"0, FORNERO-MENEI (R.)",,,Plein jour,En agglomération,Hors intersection,Pluie légère,Autre collision,,,,,,,,,,,1,2,1,2,6
200800070401,0008-12-31 18:45:00,8,12,31,18,45,60,88,"0, DEUX CORNICHES (BD DE",,,Nuit avec éclairage allumé,En agglomération,Intersection en T,Pluie légère,Deux véhicules - côté,,,,,,,,,,,5,2,3,2,3
200800070402,0008-12-19 15:30:00,8,12,19,15,30,70,325,RD 578 BIS,,,Plein jour,Hors agglomération,Hors intersection,Normale,Trois véhicules et plus - collisions multiples,,,,,,,,,,,1,1,1,1,5
200800070403,0008-12-03 07:50:00,8,12,3,7,50,70,102,PONT DES LONES,,,Nuit avec éclairage allumé,Hors agglomération,Hors intersection,Normale,Autre collision,,,,,,,,,,,5,1,1,1,6
200800070404,0008-12-01 18:40:00,8,12,1,18,40,80,105,BOIS FORTANT (RUE DU),,,Nuit avec éclairage allumé,En agglomération,Hors intersection,Normale,Deux véhicules - frontale,,,,,,,,,,,5,2,1,1,1
200800070405,0008-12-01 17:45:00,8,12,1,17,45,90,225,FOIX AVENUE DE,,,Nuit avec éclairage allumé,Hors agglomération,Hors intersection,Pluie légère,Deux véhicules - côté,,,,,,,,,,,5,1,1,2,3
200800070406,0008-12-09 09:30:00,8,12,9,9,30,90,225,"16, CORDELIERS RUE DES",,,Plein jour,En agglomération,Hors intersection,Normale,Sans collision,,,,,,,,,,,1,2,1,1,7
200800070407,0008-12-24 16:05:00,8,12,24,16,5,90,225,MIREPOIX ROUTE DE,,,Plein jour,Hors agglomération,Hors intersection,Normale,Deux véhicules - arrière,,,,,,,,,,,1,1,1,1,2
200800070408,0008-12-29 09:45:00,8,12,29,9,45,100,387,"178, PREIZE (RUE DE)",,,Plein jour,En agglomération,Hors intersection,Normale,Sans collision,,,,,,,,,,,1,2,1,1,7
200800070409,0008-12-07 23:45:00,8,12,7,23,45,100,387,MAROTS (RUE DES),,,Nuit avec éclairage allumé,En agglomération,Hors intersection,Pluie légère,Autre collision,,,,,,,,,,,5,2,1,2,6
200800070410,0008-12-06 19:30:00,8,12,6,19,30,100,387,NOES (RUE DES),,,Nuit avec éclairage allumé,En agglomération,Intersection en X,Normale,Deux véhicules - côté,,,,,,,,,,,5,2,2,1,3
200800070411,0008-12-19 08:05:00,8,12,19,8,5,100,387,WOOD ET WEST (RUE),,,Crépuscule ou aube,En agglomération,Giratoire,Normale,Deux véhicules - côté,,,,,,,,,,,2,2,6,1,3
200800070412,0008-12-22 18:45:00,8,12,22,18,45,100,387,"44, CHARLES DELAUNAY (RU",,,Nuit avec éclairage allumé,En agglomération,Hors intersection,Normale,Trois véhicules et plus - collisions multiples,,,,,,,,,,,5,2,1,1,5
200800070413,0008-12-27 17:05:00,8,12,27,17,5,100,387,FRANCOIS MITTERAND (ROND,,,Crépuscule ou aube,En agglomération,Giratoire,Normale,Deux véhicules - arrière,,,,,,,,,,,2,2,6,1,2
200800070414,0008-12-02 08:48:00,8,12,2,8,48,110,69,"70, REPUBLIQUE",,,Plein jour,En agglomération,Hors intersection,Normale,Sans collision,,,,,,,,,,,1,2,1,1,7
200800070415,0008-12-12 12:05:00,8,12,12,12,5,110,69,SAINT HILAIRE -ROUTE DE-,,,Plein jour,Hors agglomération,Hors intersection,Normale,Deux véhicules - frontale,,,,,,,,,,,1,1,1,1,1
200800070416,0008-12-27 11:55:00,8,12,27,11,55,110,69,"12, JUIN MARECHAL",,,Plein jour,En agglomération,Hors intersection,Normale,Deux véhicules - arrière,,,,,,,,,,,1,2,1,1,2
200800070417,0008-12-11 19:24:00,8,12,11,19,24,110,76,GAULLE (AVENUE DU GENERA,,,Nuit avec éclairage allumé,En agglomération,Hors intersection,Normale,Deux véhicules - arrière,,,,,,,,,,,5,2,1,1,2
200800070418,0008-12-01 10:55:00,8,12,1,10,55,110,262,"1, LECLERC (AVENUE DU GE",,,Plein jour,En agglomération,Hors intersection,Normale,Sans collision,,,,,,,,,,,1,2,1,1,7
200800070419,0008-12-02 18:20:00,8,12,2,18,20,110,262,"1, PECLET (RUE)",,,Plein jour,En agglomération,Intersection en X,Normale,Deux véhicules - côté,,,,,,,,,,,1,2,2,1,3
200800070420,0008-12-05 07:50:00,8,12,5,7,50,110,262,"1, BOURGET (RUE DU)",,,Plein jour,En agglomération,Intersection en X,Normale,Autre collision,,,,,,,,,,,1,2,2,1,6
200800070421,0008-12-06 09:40:00,8,12,6,9,40,110,262,"1, VOLTAIRE (PLACE ET IM",,,Plein jour,En agglomération,Hors intersection,Normale,Autre collision,,,,,,,,,,,1,2,1,1,6
200800070422,0008-12-06 15:45:00,8,12,6,15,45,110,262,"1, GRUISSAN (ROUTE DE)",,,Plein jour,En agglomération,Hors intersection,Normale,Trois véhicules et plus - en chaîne,,,,,,,,,,,1,2,1,1,4
200800070423,0008-12-09 11:00:00,8,12,9,11,0,110,262,"48, BOURGET (RUE DU)",,,Plein jour,En agglomération,Hors intersection,Normale,Deux véhicules - arrière,,,,,,,,,,,1,2,1,1,2
200800070424,0008-12-15 06:45:00,8,12,15,6,45,110,262,MARS (AVENUE DU CHAMP DE,,,Nuit sans éclairage public,En agglomération,Hors intersection,Normale,Autre collision,,,,,,,,,,,3,2,1,1,6
200800070425,0008-12-16 08:50:00,8,12,16,8,50,110,262,"1, FABEROT (RUE)",,,Plein jour,En agglomération,Intersection en X,Normale,Deux véhicules - côté,,,,,,,,,,,1,2,2,1,3
200800070426,0008-12-18 09:00:00,8,12,18,9,0,110,262,"1, FIGUIERS (RUE DES)",,,Plein jour,En agglomération,Hors intersection,Normale,Deux véhicules - côté,,,,,,,,,,,1,2,1,1,3
200800070427,0008-12-22 12:50:00,8,12,22,12,50,110,262,"1, FRANCE (AVENUE ANATOL",,,Plein jour,En agglomération,Hors intersection,Normale,Autre collision,,,,,,,,,,,1,2,1,1,6
200800070428,0008-12-27 19:40:00,8,12,27,19,40,110,262,"1, LORRAINE (QUAI DE)",,,Plein jour,En agglomération,Hors intersection,Normale,Deux véhicules - frontale,,,,,,,,,,,1,2,1,1,1
200800070429,0008-12-28 21:15:00,8,12,28,21,15,110,262,"1, RN 009 NARBONNE /  PE",,,Nuit sans éclairage public,En agglomération,Hors intersection,Normale,Autre collision,,,,,,,,,,,3,2,1,1,6
200800070430,0008-12-29 19:50:00,8,12,29,19,50,110,262,"1, POMPIDOR (AVENUE)",,,Nuit avec éclairage allumé,En agglomération,Hors intersection,Pluie légère,Sans collision,,,,,,,,,,,5,2,1,2,7
200800070431,0008-12-31 16:50:00,8,12,31,16,50,120,89,PLATEAU SUPERIEUR,,,Plein jour,En agglomération,Hors intersection,Normale,Autre collision,,,,,,,,,,,1,2,1,1,6
200800070432,0008-12-04 19:25:00,8,12,4,19,25,120,145,"15, JAURES JEAN (AVENUE)",,,Nuit avec éclairage allumé,En agglomération,Hors intersection,Pluie légère,Autre collision,,,,,,,,,,,5,2,1,2,6
200800070433,0008-12-24 09:10:00,8,12,24,9,10,120,145,"1, VERDUN (AVENUE DE)",,,Plein jour,En agglomération,Hors intersection,Temps couvert,Autre collision,,,,,,,,,,,1,2,1,8,6
200800070434,0008-12-05 21:50:00,8,12,5,21,50,120,202,"12, LAROMIGUIERE (BOULEV",,,Nuit avec éclairage allumé,En agglomération,Hors intersection,Pluie légère,Autre collision,,,,,,,,,,,5,2,1,2,6
200800070435,0008-12-15 16:55:00,8,12,15,16,55,120,202,MONTPELLIER (AVENUE DE),,,Plein jour,En agglomération,Intersection à plus de 4 branches,Normale,Autre collision,,,,,,,,,,,1,2,5,1,6
200800070436,0008-12-24 11:55:00,8,12,24,11,55,120,202,FUSILLES DE SAINTE RADEG,,,Plein jour,En agglomération,Hors intersection,Normale,Trois véhicules et plus - collisions multiples,,,,,,,,,,,1,2,1,1,5
200800070437,0008-12-08 16:20:00,8,12,8,16,20,130,1,ROGNES (RTE DE),,,Plein jour,Hors agglomération,Hors intersection,Normale,Autre collision,,,,,,,,,,,1,1,1,1,6
200800070438,0008-12-11 08:30:00,8,12,11,8,30,130,1,MAHATMA GANDI (RUE),,,Plein jour,En agglomération,Hors intersection,Autre,Deux véhicules - arrière,,,,,,,,,,,1,2,1,9,2
200800070439,0008-12-01 08:15:00,8,12,1,8,15,130,1,LOQUI (ROUTE DE),,,Crépuscule ou aube,Hors agglomération,Autre intersection,Normale,Deux véhicules - frontale,,,,,,,,,,,2,1,9,1,1
200800070440,0008-12-17 17:30:00,8,12,17,17,30,130,1,"/, FABRY GEORGES DE (AV)",,,Plein jour,En agglomération,Hors intersection,Normale,Autre collision,,,,,,,,,,,1,2,1,1,6
200800070441,0008-12-18 19:50:00,8,12,18,19,50,130,1,"298, CLUB HIPPIQUE (AV)",,,Nuit avec éclairage allumé,En agglomération,Hors intersection,Normale,Deux véhicules - côté,,,,,,,,,,,5,2,1,1,3
200800070442,0008-12-20 05:40:00,8,12,20,5,40,130,1,"15, MIRABEAU (COURS)",,,Nuit avec éclairage allumé,En agglomération,Hors intersection,Normale,Deux véhicules - arrière,,,,,,,,,,,5,2,1,1,2
200800070443,0008-12-19 09:10:00,8,12,19,9,10,130,1,FONTENAILLE JEAN ET  MAR,,,Plein jour,En agglomération,Hors intersection,Normale,Autre collision,,,,,,,,,,,1,2,1,1,6
200800070444,0008-12-21 06:30:00,8,12,21,6,30,130,1,"5265, R.N 7",,,Nuit sans éclairage public,Hors agglomération,Hors intersection,Normale,Autre collision,,,,,,,,,,,3,1,1,1,6
200800070445,0008-12-28 17:35:00,8,12,28,17,35,130,1,"3275, R.N 7",,,Nuit sans éclairage public,Hors agglomération,Hors intersection,Normale,Autre collision,,,,,,,,,,,3,1,1,1,6
200800070446,0008-12-28 06:30:00,8,12,28,6,30,130,1,"51, ST JEROME (AV)",,,Nuit avec éclairage allumé,En agglomération,Hors intersection,Normale,Autre collision,,,,,,,,,,,5,2,1,1,6
200800070447,0008-12-03 17:45:00,8,12,3,17,45,130,1,"/, CARNOT (BD)",,,Nuit avec éclairage allumé,En agglomération,Hors intersection,Temps couvert,Autre collision,,,,,,,,,,,5,2,1,8,6
200800070448,0008-12-30 16:35:00,8,12,30,16,35,130,1,"/, JUVENAL MAX (AV)",,,Plein jour,En agglomération,Giratoire,Normale,Autre collision,,,,,,,,,,,1,2,6,1,6
200800070449,0008-12-04 13:30:00,8,12,4,13,30,130,2,ETIENNE CUCCA-CD908 (AVE,,,Plein jour,Hors agglomération,Hors intersection,Normale,Sans collision,,,,,,,,,,,1,1,1,1,7
200800070450,0008-12-07 10:05:00,8,12,7,10,5,130,2,"1, MARCEL DELESTRADE (BO",,,Plein jour,En agglomération,Intersection en T,Normale,Deux véhicules - côté,,,,,,,,,,,1,2,3,1,3
200800070451,0008-12-16 07:20:00,8,12,16,7,20,130,2,"1, CANTON VERT (AVENUE D",,,Crépuscule ou aube,En agglomération,Autre intersection,Pluie forte,Deux véhicules - côté,,,,,,,,,,,2,2,9,3,3
200800070452,0008-12-09 10:30:00,8,12,9,10,30,130,2,"27, 7EME TIRAILLEURS ALG",,,Plein jour,En agglomération,Hors intersection,Pluie forte,Deux véhicules - arrière,,,,,,,,,,,1,2,1,3,2
200800070453,0008-12-12 07:00:00,8,12,12,7,0,130,2,LAPHAL (ROND-POINT),,,Nuit avec éclairage allumé,En agglomération,Giratoire,Temps couvert,Sans collision,,,,,,,,,,,5,2,6,8,7
200800070454,0008-12-02 11:15:00,8,12,2,11,15,130,4,PONT DE TRINQUETAILLE,,,Plein jour,En agglomération,Hors intersection,Normale,Sans collision,,,,,,,,,,,1,2,1,1,7
200800070455,0008-12-05 17:20:00,8,12,5,17,20,130,4,R.N.N.2570.AV STALINGRAD,,,Nuit avec éclairage allumé,En agglomération,Intersection en T,Normale,Deux véhicules - côté,,,,,,,,,,,5,2,3,1,3
200800070456,0008-12-07 01:30:00,8,12,7,1,30,130,4,"44, HONGRIE AVENUE DE",,,Nuit avec éclairage allumé,En agglomération,Hors intersection,Normale,Autre collision,,,,,,,,,,,5,2,1,1,6
200800070457,0008-12-09 17:35:00,8,12,9,17,35,130,4,"0, STALINGRAD AVENUE DE",,,Nuit avec éclairage allumé,En agglomération,Intersection en T,Pluie forte,Deux véhicules - côté,,,,,,,,,,,5,2,3,3,3
200800070458,0008-12-09 17:15:00,8,12,9,17,15,130,4,HONGRIE AVENUE DE,,,Nuit avec éclairage allumé,En agglomération,Hors intersection,Normale,Deux véhicules - côté,,,,,,,,,,,5,2,1,1,3
200800070459,0008-12-13 05:40:00,8,12,13,5,40,130,4,"0,  CHEMIN DU KRYSTAL",,,Nuit sans éclairage public,Hors agglomération,Hors intersection,Normale,Autre collision,,,,,,,,,,,3,1,1,1,6
200800070460,0008-12-17 11:40:00,8,12,17,11,40,130,4,"0, JEAN GIONO RUE",,,Plein jour,En agglomération,Hors intersection,Normale,Deux véhicules - côté,,,,,,,,,,,1,2,1,1,3
200800070461,0008-12-19 17:15:00,8,12,19,17,15,130,4,"4, CLEMENCEAU BLD GEORGE",,,Crépuscule ou aube,En agglomération,Hors intersection,Normale,Autre collision,,,,,,,,,,,2,2,1,1,6
200800070462,0008-12-20 10:25:00,8,12,20,10,25,130,4,"1, FERDINAND DE LESSEPS",,,Plein jour,En agglomération,Intersection en X,Normale,Deux véhicules - côté,,,,,,,,,,,1,2,2,1,3
200800070463,0008-12-30 19:35:00,8,12,30,19,35,130,4,LOUIS VISSAC AVENUE,,,Nuit avec éclairage allumé,En agglomération,Hors intersection,Pluie légère,Deux véhicules - arrière,,,,,,,,,,,5,2,1,2,2
200800070464,0008-12-04 08:15:00,8,12,4,8,15,130,5,RN 96 (ROUTE NATIONALE ),,,Plein jour,Hors agglomération,Autre intersection,Normale,Deux véhicules - arrière,,,,,,,,,,,1,1,9,1,2
200800070465,0008-12-13 02:20:00,8,12,13,2,20,130,5,CD 2 (CAMP MAJOR),,,Nuit avec éclairage allumé,En agglomération,Autre intersection,Normale,Sans collision,,,,,,,,,,,5,2,9,1,7
200800070466,0008-12-17 20:50:00,8,12,17,20,50,130,70,"176, VOLTAIRE (BOULEVARD",,,Nuit avec éclairage allumé,En agglomération,Hors intersection,Normale,Deux véhicules - frontale,,,,,,,,,,,5,2,1,1,1
200800070467,0008-12-04 18:18:00,8,12,4,18,18,130,28,WILSON (AVENUE PRESIDENT,,,Nuit avec éclairage allumé,En agglomération,Hors intersection,Normale,Deux véhicules - arrière,,,,,,,,,,,5,2,1,1,2
200800070468,0008-12-10 21:25:00,8,12,10,21,25,130,28,"20, KENNEDY (AVENUE PRES",,,Nuit avec éclairage allumé,En agglomération,Hors intersection,Pluie légère,Deux véhicules - côté,,,,,,,,,,,5,2,1,2,3
200800070469,0008-12-17 15:45:00,8,12,17,15,45,130,28,"10, MICHELET (BOULEVARD",,,Plein jour,En agglomération,Hors intersection,Normale,Autre collision,,,,,,,,,,,1,2,1,1,6
200800070470,0008-12-23 14:15:00,8,12,23,14,15,130,28,Rond-point de la locomot,,,Plein jour,En agglomération,Hors intersection,Normale,Autre collision,,,,,,,,,,,1,2,1,1,6
200800070471,0008-12-28 15:50:00,8,12,28,15,50,130,28,BODIN (AVENUE EMILE),,,Plein jour,Hors agglomération,Hors intersection,Normale,Deux véhicules - frontale,,,,,,,,,,,1,1,1,1,1
200800070472,0008-12-11 22:00:00,8,12,11,22,0,130,63,"., D.16",,,Nuit sans éclairage public,Hors agglomération,Hors intersection,Normale,Autre collision,,,,,,,,,,,3,1,1,1,6
200800070473,0008-12-15 08:25:00,8,12,15,8,25,130,63,REPUBLIQUE AVENUE DE LA,,,Plein jour,En agglomération,Hors intersection,Pluie légère,Autre collision,,,,,,,,,,,1,2,1,2,6
200800070474,0008-12-16 17:30:00,8,12,16,17,30,130,63,"., SIMIAN JAUFFRET RUE",,,Nuit avec éclairage allumé,En agglomération,Intersection en T,Normale,Deux véhicules - côté,,,,,,,,,,,5,2,3,1,3
200800070475,0008-12-19 21:50:00,8,12,19,21,50,130,47,RN 1569,,,Nuit avec éclairage allumé,Hors agglomération,Hors intersection,Normale,Sans collision,,,,,,,,,,,5,1,1,1,7
200800070476,0008-12-22 19:40:00,8,12,22,19,40,130,47,BOLLES AVENUE DES,,,Nuit sans éclairage public,Hors agglomération,Hors intersection,Normale,Deux véhicules - côté,,,,,,,,,,,3,1,1,1,3
200800070477,0008-12-24 19:00:00,8,12,24,19,0,130,47,"., EDOUARD GUIZONNIER BO",,,Nuit avec éclairage allumé,En agglomération,Hors intersection,Normale,Deux véhicules - arrière,,,,,,,,,,,5,2,1,1,2
200800070478,0008-12-20 19:00:00,8,12,20,19,0,130,47,";, RASSUEN ROUTE DE",,,Nuit sans éclairage public,En agglomération,Hors intersection,Normale,Autre collision,,,,,,,,,,,3,2,1,1,6
200800070479,0008-12-31 00:30:00,8,12,31,0,30,130,47,"., Cabane Noire Route de",,,Nuit avec éclairage allumé,En agglomération,Hors intersection,Pluie légère,Sans collision,,,,,,,,,,,5,2,1,2,7
200800070480,0008-12-19 16:40:00,8,12,19,16,40,130,55,"400, LYON (RUE DE)",,,Plein jour,En agglomération,Hors intersection,Normale,Deux véhicules - côté,,,,,,,,,,,1,2,1,1,3
200800070481,0008-12-25 21:00:00,8,12,25,21,0,130,55,SALVADOR ALLENDE (RUE),,,Nuit avec éclairage allumé,En agglomération,Hors intersection,Pluie légère,Sans collision,,,,,,,,,,,5,2,1,2,7
200800070482,0008-12-22 10:00:00,8,12,22,10,0,130,55,"35, CAPITAINE GEZE (BOUL",,,Plein jour,En agglomération,Hors intersection,Normale,Autre collision,,,,,,,,,,,1,2,1,1,6
200800070483,0008-12-28 17:20:00,8,12,28,17,20,130,55,"310, OLIVES (AVENUE DES)",,,Plein jour,En agglomération,Intersection en T,Autre,Deux véhicules - frontale,,,,,,,,,,,1,2,3,9,1
200800070484,0008-12-02 10:00:00,8,12,2,10,0,130,55,"125A, ROME (RUE DE)",,,Plein jour,En agglomération,Intersection en X,Normale,Deux véhicules - côté,,,,,,,,,,,1,2,2,1,3
200800070485,0008-12-14 02:00:00,8,12,14,2,0,130,55,"28, DOCTEUR ESCAT (RUE)",,,Nuit avec éclairage allumé,En agglomération,Intersection en T,Pluie légère,Deux véhicules - côté,,,,,,,,,,,5,2,3,2,3
200800070486,0008-12-12 12:00:00,8,12,12,12,0,130,55,"165, LIBERATION (BOULEVA",,,Plein jour,En agglomération,Hors intersection,Normale,Autre collision,,,,,,,,,,,1,2,1,1,6
200800070487,0008-12-12 14:30:00,8,12,12,14,30,130,55,"95, PRADO (AVENUE)",,,Plein jour,En agglomération,Hors intersection,Normale,Autre collision,,,,,,,,,,,1,2,1,1,6
200800070488,0008-12-12 21:20:00,8,12,12,21,20,130,55,"140, ROME (RUE DE)",,,Nuit avec éclairage allumé,En agglomération,Intersection en X,Normale,Deux véhicules - côté,,,,,,,,,,,5,2,2,1,3
200800070489,0008-12-17 14:00:00,8,12,17,14,0,130,55,"6, PARADIS (RUE)       1",,,Plein jour,En agglomération,Intersection à plus de 4 branches,Normale,Deux véhicules - côté,,,,,,,,,,,1,2,5,1,3
200800070490,0008-12-10 16:30:00,8,12,10,16,30,130,55,"48, ATHENES (BOULEVARD D",,,Nuit sans éclairage public,En agglomération,Intersection en X,Pluie légère,Deux véhicules - côté,,,,,,,,,,,3,2,2,2,3
200800070491,0008-12-19 12:00:00,8,12,19,12,0,130,55,"26, JEAN MARTIN (RUE)",,,Plein jour,En agglomération,Hors intersection,Normale,Autre collision,,,,,,,,,,,1,2,1,1,6
200800070492,0008-12-06 13:15:00,8,12,6,13,15,130,55,"172, LIBERATION (BOULEVA",,,Plein jour,En agglomération,Hors intersection,Normale,Autre collision,,,,,,,,,,,1,2,1,1,6
200800070493,0008-12-09 11:40:00,8,12,9,11,40,130,55,"28, AILLAUD (BOULEVARD)",,,Plein jour,En agglomération,Place,Normale,Deux véhicules - frontale,,,,,,,,,,,1,2,7,1,1
200800070494,0008-12-29 14:55:00,8,12,29,14,55,130,55,"29, GRANDE BAST (RUE)",,,Plein jour,En agglomération,Hors intersection,Normale,Deux véhicules - arrière,,,,,,,,,,,1,2,1,1,2
200800070495,0008-12-19 09:30:00,8,12,19,9,30,130,55,"8, PONT DE VIVAUX (BOULE",,,Plein jour,En agglomération,Hors intersection,Normale,Sans collision,,,,,,,,,,,1,2,1,1,7
200800070496,0008-12-03 18:30:00,8,12,3,18,30,130,55,"282, REDON (BOULEVARD DU",,,Nuit avec éclairage allumé,En agglomération,Hors intersection,Normale,Trois véhicules et plus - en chaîne,,,,,,,,,,,5,2,1,1,4