accident_id,datetime,annee,mois,jour,heure,minute,departement,commune_insee,adresse,latitude,longitude,luminosite,agglomeration,intersection,meteo,collision,nb_vehicules,nb_usagers,nb_indemnes,nb_tues,nb_blesses_hosp,nb_blesses_legers,age_cond_1,age_cond_2,veh_type_cond_1,veh_type_cond_2,lum_code,agg_code,int_code,atm_code,col_code
200800070624,0008-12-12 19:15:00,8,12,12,19,15,130,55,"39, AUGUSTIN AUBERT (RUE",,,Nuit avec éclairage allumé,En agglomération,Hors intersection,Normale,Deux véhicules - frontale,,,,,,,,,,,5,2,1,1,1
200800070625,0008-12-11 04:40:00,8,12,11,4,40,130,55,LÉON LACHAMP (ROUTE),,,Nuit sans éclairage public,Hors agglomération,Hors intersection,Pluie légère,Sans collision,,,,,,,,,,,3,1,1,2,7
200800070626,0008-12-19 14:45:00,8,12,19,14,45,130,55,"373, MICHELET (BOULEVARD",,,Plein jour,En agglomération,Hors intersection,Normale,Deux véhicules - arrière,,,,,,,,,,,1,2,1,1,2
200800070627,0008-12-31 16:00:00,8,12,31,16,0,130,55,"245, LYON (RUE DE)",,,Plein jour,En agglomération,Hors intersection,Normale,Deux véhicules - côté,,,,,,,,,,,1,2,1,1,3
200800070628,0008-12-02 13:10:00,8,12,2,13,10,130,56,"0, COLLINE ROUTE DE LA",,,Plein jour,En agglomération,Intersection en T,Normale,Deux véhicules - côté,,,,,,,,,,,1,2,3,1,3
200800070629,0008-12-07 06:40:00,8,12,7,6,40,130,56,TURCAN FRANCIS,,,Nuit avec éclairage allumé,En agglomération,Hors intersection,Normale,Deux véhicules - arrière,,,,,,,,,,,5,2,1,1,2
200800070630,0008-12-06 16:40:00,8,12,6,16,40,130,56,FABRIQUES CHEMIN DES,,,Plein jour,En agglomération,Hors intersection,Normale,Deux véhicules - côté,,,,,,,,,,,1,2,1,1,3
200800070631,0008-12-15 12:11:00,8,12,15,12,11,130,56,ROUTE DE SAINT PIERRE,,,Plein jour,Hors agglomération,Hors intersection,Normale,Autre collision,,,,,,,,,,,1,1,1,1,6
200800070632,0008-12-16 12:50:00,8,12,16,12,50,130,56,ISTRES ROUTE D',,,Plein jour,En agglomération,Hors intersection,Pluie légère,Deux véhicules - arrière,,,,,,,,,,,1,2,1,2,2
200800070633,0008-12-17 14:25:00,8,12,17,14,25,130,56,KLEBER QUAI JEAN BAPTIST,,,Plein jour,En agglomération,Hors intersection,Normale,Autre collision,,,,,,,,,,,1,2,1,1,6
200800070634,0008-12-16 12:25:00,8,12,16,12,25,130,56,FLEMING AVENUE DU ALEXAN,,,Plein jour,En agglomération,Hors intersection,Normale,Deux véhicules - côté,,,,,,,,,,,1,2,1,1,3
200800070635,0008-12-22 09:15:00,8,12,22,9,15,130,56,MISTRAL AVENUE FREDERIC,,,Plein jour,En agglomération,Hors intersection,Temps éblouissant,Autre collision,,,,,,,,,,,1,2,1,7,6
200800070636,0008-12-11 18:40:00,8,12,11,18,40,130,75,"142, FRÉDÉRIC CHEVILLON",,,Nuit avec éclairage allumé,En agglomération,Giratoire,Normale,Deux véhicules - côté,,,,,,,,,,,5,2,6,1,3
200800070637,0008-12-06 20:20:00,8,12,6,20,20,130,103,BOULEVARD POMPIDOU -GEOR,,,Nuit avec éclairage allumé,En agglomération,Intersection en T,Normale,Deux véhicules - arrière,,,,,,,,,,,5,2,3,1,2
200800070638,0008-12-01 18:45:00,8,12,1,18,45,130,108,"185, RD 570 ROUTE D'AVIG",,,Nuit avec éclairage allumé,En agglomération,Intersection en T,Normale,Deux véhicules - côté,,,,,,,,,,,5,2,3,1,3
200800070639,0008-12-01 11:50:00,8,12,1,11,50,130,117,PIERRE PLANTEE (ROND POI,,,Plein jour,En agglomération,Giratoire,Normale,Deux véhicules - arrière,,,,,,,,,,,1,2,6,1,2
200800070640,0008-12-01 15:15:00,8,12,1,15,15,130,117,"XXXXX, CHEMIN DEPARTEMEN",,,Plein jour,En agglomération,Hors intersection,Normale,Deux véhicules - arrière,,,,,,,,,,,1,2,1,1,2
200800070641,0008-12-02 16:35:00,8,12,2,16,35,130,117,CHEMIN DEPARTEMENTAL CD,,,Plein jour,Hors agglomération,Hors intersection,Normale,Deux véhicules - arrière,,,,,,,,,,,1,1,1,1,2
200800070642,0008-12-03 07:50:00,8,12,3,7,50,130,71,"236, MITTERRAND (AVENUE",,,Crépuscule ou aube,En agglomération,Hors intersection,Normale,Sans collision,,,,,,,,,,,2,2,1,1,7
200800070643,0008-12-05 18:25:00,8,12,5,18,25,130,117,"0, ROUTE NATIONALE 113-L",,,Nuit sans éclairage public,Hors agglomération,Hors intersection,Normale,Deux véhicules - arrière,,,,,,,,,,,3,1,1,1,2
200800070644,0008-12-06 11:15:00,8,12,6,11,15,130,71,"xxx, D 543",,,Plein jour,Hors agglomération,Intersection en X,Normale,Deux véhicules - côté,,,,,,,,,,,1,1,2,1,3
200800070645,0008-12-07 02:50:00,8,12,7,2,50,130,117,"000, MONNET ( AVENUE JEA",,,Nuit avec éclairage allumé,En agglomération,Hors intersection,Normale,Autre collision,,,,,,,,,,,5,2,1,1,6
200800070646,0008-12-08 08:30:00,8,12,8,8,30,130,117,"XXX, ROUTE NATIONALE 113",,,Plein jour,En agglomération,Hors intersection,Normale,Trois véhicules et plus - collisions multiples,,,,,,,,,,,1,2,1,1,5
200800070647,0008-12-08 10:10:00,8,12,8,10,10,130,71,VELAUX (CHEMIN),,,Plein jour,En agglomération,Hors intersection,Normale,Sans collision,,,,,,,,,,,1,2,1,1,7
200800070648,0008-12-09 00:05:00,8,12,9,0,5,130,71,"120, VIEILLE ROUTE DE LA",,,Nuit avec éclairage allumé,En agglomération,Hors intersection,Normale,Autre collision,,,,,,,,,,,5,2,1,1,6
200800070649,0008-12-10 20:50:00,8,12,10,20,50,130,71,"xxx, ROUTE NATIONALE 113",,,Nuit sans éclairage public,En agglomération,Intersection en T,Pluie légère,Deux véhicules - côté,,,,,,,,,,,3,2,3,2,3
200800070650,0008-12-12 06:15:00,8,12,12,6,15,130,71,"230 bis, MITTERRAND (AVE",,,Nuit sans éclairage public,En agglomération,Hors intersection,Normale,Trois véhicules et plus - collisions multiples,,,,,,,,,,,3,2,1,1,5
200800070651,0008-12-12 08:00:00,8,12,12,8,0,130,117,GLACIERE ( RUE DE LA ),,,Plein jour,En agglomération,Intersection en T,Normale,Deux véhicules - côté,,,,,,,,,,,1,2,3,1,3
200800070652,0008-12-15 12:00:00,8,12,15,12,0,130,117,"xxx, GRIFFON ( ECHANGEUR",,,Plein jour,Hors agglomération,Hors intersection,Pluie légère,Deux véhicules - côté,,,,,,,,,,,1,1,1,2,3
200800070653,0008-12-15 13:00:00,8,12,15,13,0,130,71,"0, ROUTE NATIONALE 113 -",,,Plein jour,Hors agglomération,Intersection en X,Pluie légère,Deux véhicules - côté,,,,,,,,,,,1,1,2,2,3
200800070654,0008-12-15 19:40:00,8,12,15,19,40,130,117,"?, CUGNOT ( AVENUE JOSEP",,,Nuit sans éclairage public,En agglomération,Intersection en X,Pluie légère,Deux véhicules - côté,,,,,,,,,,,3,2,2,2,3
200800070655,0008-12-19 07:40:00,8,12,19,7,40,130,117,"4, PADOVANI ( AVE )",,,Plein jour,En agglomération,Hors intersection,Normale,Autre collision,,,,,,,,,,,1,2,1,1,6
200800070656,0008-12-20 15:20:00,8,12,20,15,20,130,117,"xxx, DROITS DE L'HOMME (",,,Plein jour,En agglomération,Hors intersection,Normale,Trois véhicules et plus - en chaîne,,,,,,,,,,,1,2,1,1,4
200800070657,0008-12-24 11:05:00,8,12,24,11,5,130,117,"1, SALYENS ( AVENUE DES",,,Plein jour,En agglomération,Intersection à plus de 4 branches,Normale,Deux véhicules - côté,,,,,,,,,,,1,2,5,1,3
200800070658,0008-12-05 00:10:00,8,12,5,0,10,140,137,ROUTE NATIONALE 13,,,Nuit sans éclairage public,Hors agglomération,Hors intersection,Normale,Deux véhicules - arrière,,,,,,,,,,,3,1,1,1,2
200800070659,0008-12-04 17:45:00,8,12,4,17,45,140,118,"141, FALAISE (RUE DE >=9",,,Crépuscule ou aube,En agglomération,Hors intersection,Pluie légère,Autre collision,,,,,,,,,,,2,2,1,2,6
200800070660,0008-12-06 04:00:00,8,12,6,4,0,140,118,"0, TOURVILLE (AVENUE DE)",,,Nuit avec éclairage allumé,En agglomération,Hors intersection,Pluie légère,Autre collision,,,,,,,,,,,5,2,1,2,6
200800070661,0008-12-06 20:40:00,8,12,6,20,40,140,271,"0, SAINT ANDRE (RUE)",,,Nuit sans éclairage public,En agglomération,Hors intersection,Normale,Autre collision,,,,,,,,,,,3,2,1,1,6
200800070662,0008-12-07 17:50:00,8,12,7,17,50,140,118,"0, AUTHIE (>=N° 106 PAIR",,,Crépuscule ou aube,En agglomération,Hors intersection,Normale,Autre collision,,,,,,,,,,,2,2,1,1,6
200800070663,0008-12-10 19:20:00,8,12,10,19,20,140,118,"0, BRIAND (BOULEVARD ARI",,,Nuit avec éclairage allumé,En agglomération,Hors intersection,Normale,Autre collision,,,,,,,,,,,5,2,1,1,6
200800070664,0008-12-11 16:00:00,8,12,11,16,0,140,118,"1, JUIN (BOULEVARD MAREC",,,Plein jour,En agglomération,Hors intersection,Normale,Autre collision,,,,,,,,,,,1,2,1,1,6
200800070665,0008-12-12 08:30:00,8,12,12,8,30,140,118,"33, ROBILLARD (RUE LOUIS",,,Crépuscule ou aube,En agglomération,Hors intersection,Temps couvert,Autre collision,,,,,,,,,,,2,2,1,8,6
200800070666,0008-12-13 10:00:00,8,12,13,10,0,140,437,ECHANGEUR N° 16 ( PAYS D,,,Plein jour,En agglomération,Hors intersection,Normale,Sans collision,,,,,,,,,,,1,2,1,1,7
200800070667,0008-12-13 19:45:00,8,12,13,19,45,140,118,BARBEUX (RUE),,,Nuit sans éclairage public,Hors agglomération,Hors intersection,Normale,Deux véhicules - frontale,,,,,,,,,,,3,1,1,1,1
200800070668,0008-12-23 11:25:00,8,12,23,11,25,140,118,ROUTE NATIONALE 814,,,Plein jour,Hors agglomération,Hors intersection,Normale,Sans collision,,,,,,,,,,,1,1,1,1,7
200800070669,0008-12-23 13:40:00,8,12,23,13,40,140,118,"1, GUILLOU (BOULEVARD YV",,,Plein jour,En agglomération,Intersection en T,Normale,Deux véhicules - côté,,,,,,,,,,,1,2,3,1,3
200800070670,0008-12-31 16:05:00,8,12,31,16,5,140,118,"0, DUNOIS (BOULEVARD)",,,Plein jour,En agglomération,Intersection en X,Normale,Deux véhicules - côté,,,,,,,,,,,1,2,2,1,3
200800070671,0008-12-06 18:45:00,8,12,6,18,45,140,366,ORIVAL (RUE D'),,,Nuit avec éclairage allumé,Hors agglomération,Intersection en T,Normale,Deux véhicules - frontale,,,,,,,,,,,5,1,3,1,1
200800070672,0008-12-12 09:30:00,8,12,12,9,30,140,366,"64, LOUIS PASTEUR (BOULE",,,Plein jour,En agglomération,Hors intersection,Normale,Autre collision,,,,,,,,,,,1,2,1,1,6
200800070673,0008-12-19 13:10:00,8,12,19,13,10,140,366,"11, SAINTE ANNE (BOULEVA",,,Plein jour,En agglomération,Intersection en X,Normale,Autre collision,,,,,,,,,,,1,2,2,1,6
200800070674,0008-12-19 15:45:00,8,12,19,15,45,140,366,GENERAL LECLERC (RUE DU),,,Plein jour,En agglomération,Intersection en T,Normale,Deux véhicules - côté,,,,,,,,,,,1,2,3,1,3
200800070675,0008-12-23 17:25:00,8,12,23,17,25,140,366,CARMEL (RUE DU),,,Nuit avec éclairage allumé,En agglomération,Intersection à plus de 4 branches,Normale,Autre collision,,,,,,,,,,,5,2,5,1,6
200800070676,0008-12-09 18:15:00,8,12,9,18,15,160,15,"76, CORDERIE (RUE ET RAM",,,Nuit avec éclairage allumé,En agglomération,Hors intersection,Pluie légère,Autre collision,,,,,,,,,,,5,2,1,2,6
200800070677,0008-12-04 16:40:00,8,12,4,16,40,160,15,"01, BRETAGNE (BOULEVARD",,,Crépuscule ou aube,En agglomération,Hors intersection,Pluie légère,Autre collision,,,,,,,,,,,2,2,1,2,6
200800070678,0008-12-05 15:30:00,8,12,5,15,30,160,291,MICHELET ( RUE JULES),,,Plein jour,En agglomération,Intersection en T,Normale,Autre collision,,,,,,,,,,,1,2,3,1,6
200800070679,0008-12-23 17:10:00,8,12,23,17,10,160,89,"41, BELLEVUE (RUE DE)",,,Crépuscule ou aube,En agglomération,Hors intersection,Normale,Sans collision,,,,,,,,,,,2,2,1,1,7
200800070680,0008-12-03 14:00:00,8,12,3,14,0,170,299,"172990166, GAMBETTA RUE",,,Plein jour,En agglomération,Hors intersection,Temps couvert,Sans collision,,,,,,,,,,,1,2,1,8,7
200800070681,0008-12-04 11:00:00,8,12,4,11,0,170,449,"174490105, GAULLE AVENUE",,,Plein jour,En agglomération,Hors intersection,Pluie forte,Deux véhicules - côté,,,,,,,,,,,1,2,1,3,3
200800070682,0008-12-04 12:45:00,8,12,4,12,45,170,299,"172990384, RD 137",,,Plein jour,Hors agglomération,Hors intersection,Temps couvert,Sans collision,,,,,,,,,,,1,1,1,8,7
200800070683,0008-12-05 16:30:00,8,12,5,16,30,170,449,"174490005, AUNIS AVENUE",,,Plein jour,En agglomération,Hors intersection,Temps couvert,Autre collision,,,,,,,,,,,1,2,1,8,6
200800070684,0008-12-08 16:00:00,8,12,8,16,0,170,299,"172990332, SAINT EXUPERY",,,Plein jour,En agglomération,Intersection en T,Normale,Sans collision,,,,,,,,,,,1,2,3,1,7
200800070685,0008-12-09 00:25:00,8,12,9,0,25,170,449,"174490158, RD 739 (ROUTE",,,Nuit avec éclairage allumé,Hors agglomération,Hors intersection,Normale,Autre collision,,,,,,,,,,,5,1,1,1,6
200800070686,0008-12-12 11:05:00,8,12,12,11,5,170,299,"172990089, CHARENTE AVEN",,,Plein jour,En agglomération,Hors intersection,Normale,Deux véhicules - arrière,,,,,,,,,,,1,2,1,1,2
200800070687,0008-12-13 19:30:00,8,12,13,19,30,170,299,"172990303, POUZET BOULEV",,,Nuit avec éclairage allumé,En agglomération,Intersection en T,Pluie légère,Deux véhicules - côté,,,,,,,,,,,5,2,3,2,3
200800070688,0008-12-17 18:25:00,8,12,17,18,25,170,299,"172990193, HUIT MAI 1945",,,Nuit avec éclairage allumé,En agglomération,Intersection en T,Normale,Deux véhicules - côté,,,,,,,,,,,5,2,3,1,3
200800070689,0008-12-19 18:00:00,8,12,19,18,0,170,449,"174490052, R.D. 911",,,Nuit avec éclairage allumé,En agglomération,Giratoire,Normale,Deux véhicules - côté,,,,,,,,,,,5,2,6,1,3
200800070690,0008-12-24 11:00:00,8,12,24,11,0,170,449,"174490126, LIBERATION QU",,,Plein jour,En agglomération,Hors intersection,Normale,Deux véhicules - arrière,,,,,,,,,,,1,2,1,1,2
200800070691,0008-12-24 11:30:00,8,12,24,11,30,170,449,"174490126, LIBERATION QU",,,Plein jour,En agglomération,Hors intersection,Normale,Sans collision,,,,,,,,,,,1,2,1,1,7
200800070692,0008-12-02 09:00:00,8,12,2,9,0,170,300,"35, VAUGOUIN   RUE DE",,,Plein jour,En agglomération,Hors intersection,Normale,Sans collision,,,,,,,,,,,1,2,1,1,7
200800070693,0008-12-02 19:10:00,8,12,2,19,10,170,300,06 PK RN237 RE MOULIN JU,,,Nuit sans éclairage public,En agglomération,Hors intersection,Pluie légère,Deux véhicules - frontale,,,,,,,,,,,3,2,1,2,1
200800070694,0008-12-02 20:04:00,8,12,2,20,4,170,300,JOFFRE   BOULEVARD (1/25,,,Nuit avec éclairage allumé,En agglomération,Hors intersection,Normale,Deux véhicules - frontale,,,,,,,,,,,5,2,1,1,1
200800070695,0008-12-03 11:40:00,8,12,3,11,40,170,274,REPUBLIQUE   ROND-POINT,,,Plein jour,En agglomération,Hors intersection,Normale,Deux véhicules - arrière,,,,,,,,,,,1,2,1,1,2
200800070696,0008-12-04 12:19:00,8,12,4,12,19,170,28,"1 bis, GALILEE   RUE",,,Plein jour,En agglomération,Hors intersection,Normale,Deux véhicules - côté,,,,,,,,,,,1,2,1,1,3
200800070697,0008-12-05 15:40:00,8,12,5,15,40,170,28,"001, MAILLES   RUE DES C",,,Plein jour,En agglomération,Hors intersection,Normale,Sans collision,,,,,,,,,,,1,2,1,1,7
200800070698,0008-12-05 16:40:00,8,12,5,16,40,170,300,"3, VALIN   QUAI",,,Plein jour,En agglomération,Hors intersection,Normale,Autre collision,,,,,,,,,,,1,2,1,1,6
200800070699,0008-12-08 06:20:00,8,12,8,6,20,170,300,ONZE NOVEMBRE 1918   AVE,,,Nuit avec éclairage allumé,En agglomération,Hors intersection,Normale,Autre collision,,,,,,,,,,,5,2,1,1,6
200800070700,0008-12-08 08:35:00,8,12,8,8,35,170,274,POTEAU   RUE DU,,,Plein jour,En agglomération,Hors intersection,Normale,Sans collision,,,,,,,,,,,1,2,1,1,7
200800070701,0008-12-08 08:36:00,8,12,8,8,36,170,274,POTEAU   RUE DU,,,Crépuscule ou aube,Hors agglomération,Hors intersection,Normale,Sans collision,,,,,,,,,,,2,1,1,1,7
200800070702,0008-12-08 08:40:00,8,12,8,8,40,170,274,D108,,,Plein jour,Hors agglomération,Intersection en T,Normale,Deux véhicules - côté,,,,,,,,,,,1,1,3,1,3
200800070703,0008-12-09 09:20:00,8,12,9,9,20,170,300,"0001, place Francois Mit",,,Plein jour,En agglomération,Hors intersection,Normale,Autre collision,,,,,,,,,,,1,2,1,1,6
200800070704,0008-12-10 10:45:00,8,12,10,10,45,170,300,"1, GAULLE   AVENUE DU GE",,,Plein jour,En agglomération,Hors intersection,Normale,Deux véhicules - arrière,,,,,,,,,,,1,2,1,1,2
200800070705,0008-12-11 18:05:00,8,12,11,18,5,170,300,DENFERT-ROCHEREAU   AVEN,,,Nuit avec éclairage allumé,En agglomération,Hors intersection,Normale,Sans collision,,,,,,,,,,,5,2,1,1,7
200800070706,0008-12-11 20:11:00,8,12,11,20,11,170,300,LECLERC   AVENUE DU GENE,,,Nuit avec éclairage allumé,En agglomération,Hors intersection,Normale,Autre collision,,,,,,,,,,,5,2,1,1,6
200800070707,0008-12-12 18:15:00,8,12,12,18,15,170,291,0 PK RN237 RE MOULIN DE,,,Nuit sans éclairage public,Hors agglomération,Hors intersection,Normale,Trois véhicules et plus - en chaîne,,,,,,,,,,,3,1,1,1,4
200800070708,0008-12-13 12:25:00,8,12,13,12,25,170,274,JOLIOT-CURIE   AVENUE,,,Plein jour,En agglomération,Giratoire,Normale,Autre collision,,,,,,,,,,,1,2,6,1,6
200800070709,0008-12-13 15:50:00,8,12,13,15,50,170,200,FREYSSINET,,,Plein jour,En agglomération,Intersection en X,Normale,Deux véhicules - côté,,,,,,,,,,,1,2,2,1,3
200800070710,0008-12-15 11:25:00,8,12,15,11,25,170,291,FLENEAUX   RUE DES,,,Plein jour,En agglomération,Intersection en T,Normale,Deux véhicules - côté,,,,,,,,,,,1,2,3,1,3
200800070711,0008-12-15 13:15:00,8,12,15,13,15,170,300,REPUBLIQUE   BOULEVARD D,,,Plein jour,En agglomération,Hors intersection,Normale,Deux véhicules - arrière,,,,,,,,,,,1,2,1,1,2
200800070712,0008-12-16 09:25:00,8,12,16,9,25,170,300,"34, MOULIN DE LA MOZAY",,,Plein jour,En agglomération,Hors intersection,Normale,Deux véhicules - arrière,,,,,,,,,,,1,2,1,1,2
200800070713,0008-12-17 13:55:00,8,12,17,13,55,170,300,POINCARE   AVENUE RAYMON,,,Plein jour,En agglomération,Intersection en T,Normale,Deux véhicules - côté,,,,,,,,,,,1,2,3,1,3
200800070714,0008-12-18 10:20:00,8,12,18,10,20,170,300,MOULIN   AVENUE JEAN,,,Plein jour,En agglomération,Hors intersection,Normale,Autre collision,,,,,,,,,,,1,2,1,1,6
200800070715,0008-12-18 16:00:00,8,12,18,16,0,170,300,"001, HUGUENOTE   RUE DE",,,Plein jour,En agglomération,Intersection en X,Pluie légère,Deux véhicules - côté,,,,,,,,,,,1,2,2,2,3
200800070716,0008-12-18 16:30:00,8,12,18,16,30,170,200,"7, GUIGNARDERIE   RUE DE",,,Plein jour,En agglomération,Hors intersection,Normale,Sans collision,,,,,,,,,,,1,2,1,1,7
200800070717,0008-12-19 09:00:00,8,12,19,9,0,170,300,"28, CHAMP DE MARS   AVEN",,,Plein jour,En agglomération,Autre intersection,Normale,Deux véhicules - côté,,,,,,,,,,,1,2,9,1,3
200800070718,0008-12-20 19:05:00,8,12,20,19,5,170,28,RONFLAC   CHEMIN DE,,,Nuit avec éclairage allumé,En agglomération,Hors intersection,Normale,Autre collision,,,,,,,,,,,5,2,1,1,6
200800070719,0008-12-23 08:50:00,8,12,23,8,50,170,300,"2, PAUL   RUE MARCEL",,,Plein jour,En agglomération,Hors intersection,Normale,Autre collision,,,,,,,,,,,1,2,1,1,6
200800070720,0008-12-23 16:15:00,8,12,23,16,15,170,300,"57, JOFFRE   BOULEVARD (",,,Plein jour,En agglomération,Hors intersection,Normale,Autre collision,,,,,,,,,,,1,2,1,1,6
200800070721,0008-12-24 17:40:00,8,12,24,17,40,170,300,"4, GUITON   AVENUE JEAN",,,Nuit avec éclairage allumé,En agglomération,Intersection en X,Normale,Deux véhicules - côté,,,,,,,,,,,5,2,2,1,3
200800070722,0008-12-24 21:40:00,8,12,24,21,40,170,300,117 PK RN137 JUSTICE ROC,,,Nuit sans éclairage public,Hors agglomération,Hors intersection,Normale,Autre collision,,,,,,,,,,,3,1,1,1,6
200800070723,0008-12-25 17:45:00,8,12,25,17,45,170,300,"122, DENFERT-ROCHEREAU",,,Crépuscule ou aube,En agglomération,Hors intersection,Normale,Autre collision,,,,,,,,,,,2,2,1,1,6
200800070724,0008-12-25 19:15:00,8,12,25,19,15,170,300,112 PK RN137 ROCHEFORT J,,,Nuit sans éclairage public,Hors agglomération,Hors intersection,Normale,Autre collision,,,,,,,,,,,3,1,1,1,6
200800070725,0008-12-26 21:15:00,8,12,26,21,15,170,274,D108,,,Nuit sans éclairage public,Hors agglomération,Hors intersection,Normale,Autre collision,,,,,,,,,,,3,1,1,1,6
200800070726,0008-12-27 00:01:00,8,12,27,0,1,170,291,QUATORZE JUILLET   RUE D,,,Nuit avec éclairage allumé,En agglomération,Hors intersection,Normale,Autre collision,,,,,,,,,,,5,2,1,1,6
200800070727,0008-12-27 05:45:00,8,12,27,5,45,170,300,"12, NOUE   RUE DE LA",,,Nuit avec éclairage allumé,En agglomération,Hors intersection,Normale,Sans collision,,,,,,,,,,,5,2,1,1,7
200800070728,0008-12-27 17:25:00,8,12,27,17,25,170,300,SAUTEL  BOULEVARD ANDRE,,,Crépuscule ou aube,En agglomération,Hors intersection,Normale,Autre collision,,,,,,,,,,,2,2,1,1,6
200800070729,0008-12-30 12:15:00,8,12,30,12,15,170,28,"12, MER   BOULEVARD DE L",,,Plein jour,En agglomération,Hors intersection,Normale,Autre collision,,,,,,,,,,,1,2,1,1,6
200800070730,0008-12-31 19:00:00,8,12,31,19,0,170,300,"53, VALIN   QUAI",,,Nuit avec éclairage allumé,En agglomération,Hors intersection,Normale,Deux véhicules - arrière,,,,,,,,,,,5,2,1,1,2
200800070731,0008-12-02 22:25:00,8,12,2,22,25,170,306,"142, GAMBETTA",,,Nuit avec éclairage allumé,En agglomération,Hors intersection,Pluie légère,Autre collision,,,,,,,,,,,5,2,1,2,6
200800070732,0008-12-04 13:15:00,8,12,4,13,15,170,380,"0, EXPRESS (VOIE)",,,Plein jour,En agglomération,Intersection en T,Normale,Deux véhicules - côté,,,,,,,,,,,1,2,3,1,3
200800070733,0008-12-05 18:18:00,8,12,5,18,18,170,380,"0, SOURCE (AVENUE DE LA)",,,Crépuscule ou aube,En agglomération,Hors intersection,Normale,Sans collision,,,,,,,,,,,2,2,1,1,7
200800070734,0008-12-11 19:20:00,8,12,11,19,20,170,306,"0, LIBERATION (DE LA) (A",,,Crépuscule ou aube,En agglomération,Hors intersection,Normale,Sans collision,,,,,,,,,,,2,2,1,1,7
200800070735,0008-12-17 14:10:00,8,12,17,14,10,170,306,"0, EXPRESS (VOIE)",,,Plein jour,En agglomération,Hors intersection,Normale,Deux véhicules - côté,,,,,,,,,,,1,2,1,1,3
200800070736,0008-12-19 18:31:00,8,12,19,18,31,170,380,"0, EXPRESS (VOIE)",,,Crépuscule ou aube,Hors agglomération,Hors intersection,Normale,Deux véhicules - arrière,,,,,,,,,,,2,1,1,1,2
200800070737,0008-12-21 05:25:00,8,12,21,5,25,170,380,"0, SOURCE (AVENUE DE LA)",,,Nuit avec éclairage allumé,En agglomération,Hors intersection,Normale,Deux véhicules - arrière,,,,,,,,,,,5,2,1,1,2
200800070738,0008-12-21 17:05:00,8,12,21,17,5,170,333,"0, DE LATTRE DE TASSIGNY",,,Plein jour,En agglomération,Hors intersection,Normale,Deux véhicules - arrière,,,,,,,,,,,1,2,1,1,2
200800070739,0008-12-23 17:05:00,8,12,23,17,5,170,306,"0, GRANDE PLAGE (AVENUE)",,,Crépuscule ou aube,En agglomération,Intersection en X,Normale,Deux véhicules - côté,,,,,,,,,,,2,2,2,1,3
200800070740,0008-12-26 19:05:00,8,12,26,19,5,170,306,"0, BRANLY EDOUARD",,,Nuit avec éclairage allumé,En agglomération,Hors intersection,Normale,Autre collision,,,,,,,,,,,5,2,1,1,6
200800070741,0008-12-26 11:45:00,8,12,26,11,45,170,306,"0, BAILLET (BD COLONEL R",,,Plein jour,En agglomération,Hors intersection,Normale,Deux véhicules - arrière,,,,,,,,,,,1,2,1,1,2
200800070742,0008-12-29 17:05:00,8,12,29,17,5,170,306,"81, EUROPE (COURS DE L')",,,Crépuscule ou aube,En agglomération,Hors intersection,Normale,Trois véhicules et plus - en chaîne,,,,,,,,,,,2,2,1,1,4
200800070743,0008-12-01 18:30:00,8,12,1,18,30,170,415,DUFAURE AVENUE JULES,,,Nuit avec éclairage allumé,En agglomération,Intersection en X,Normale,Deux véhicules - côté,,,,,,,,,,,5,2,2,1,3
200800070744,0008-12-07 19:45:00,8,12,7,19,45,170,415,ROCADE OUEST,,,Nuit avec éclairage allumé,Hors agglomération,Hors intersection,Normale,Deux véhicules - arrière,,,,,,,,,,,5,1,1,1,2
200800070745,0008-12-10 17:17:00,8,12,10,17,17,170,415,"20, REVERSEAUX 2 A 46 ET",,,Nuit avec éclairage allumé,En agglomération,Hors intersection,Pluie légère,Autre collision,,,,,,,,,,,5,2,1,2,6
200800070746,0008-12-11 07:50:00,8,12,11,7,50,170,415,CHERMIGNAC RUE DE,,,Crépuscule ou aube,Hors agglomération,Intersection en X,Normale,Deux véhicules - côté,,,,,,,,,,,2,1,2,1,3
200800070747,0008-12-16 08:05:00,8,12,16,8,5,170,415,route nationale 141,,,Crépuscule ou aube,En agglomération,Hors intersection,Normale,Deux véhicules - arrière,,,,,,,,,,,2,2,1,1,2
200800070748,0008-12-17 19:15:00,8,12,17,19,15,170,415,SAINTONGE A10 A ROCADE O,,,Nuit sans éclairage public,En agglomération,Hors intersection,Normale,Deux véhicules - frontale,,,,,,,,,,,3,2,1,1,1
200800070749,0008-12-18 16:40:00,8,12,18,16,40,170,415,JEAN RUE DU DOCTEUR,,,Plein jour,En agglomération,Hors intersection,Pluie légère,Deux véhicules - frontale,,,,,,,,,,,1,2,1,2,1
200800070750,0008-12-21 23:04:00,8,12,21,23,4,170,415,Route Départementale 128,,,Nuit sans éclairage public,Hors agglomération,Hors intersection,Normale,Sans collision,,,,,,,,,,,3,1,1,1,7
200800070751,0008-12-22 15:00:00,8,12,22,15,0,170,415,ROCADE OUEST,,,Plein jour,En agglomération,Hors intersection,Normale,Trois véhicules et plus - en chaîne,,,,,,,,,,,1,2,1,1,4
200800070752,0008-12-14 20:00:00,8,12,14,20,0,180,267,CHATEAUNEUF (ROUTE DE),,,Nuit sans éclairage public,Hors agglomération,Hors intersection,Normale,Sans collision,,,,,,,,,,,3,1,1,1,7