accident_id,datetime,annee,mois,jour,heure,minute,departement,commune_insee,adresse,latitude,longitude,luminosite,agglomeration,intersection,meteo,collision,nb_vehicules,nb_usagers,nb_indemnes,nb_tues,nb_blesses_hosp,nb_blesses_legers,age_cond_1,age_cond_2,veh_type_cond_1,veh_type_cond_2,lum_code,agg_code,int_code,atm_code,col_code
200800071388,0008-12-24 13:35:00,8,12,24,13,35,420,305,"51, MIRABEAU",,,Plein jour,Hors agglomération,Hors intersection,Normale,Sans collision,,,,,,,,,,,1,1,1,1,7
200800071389,0008-12-24 17:29:00,8,12,24,17,29,420,218,EVRARD FLORENT JUSQU'AUX,,,Nuit avec éclairage allumé,En agglomération,Intersection en X,Normale,Deux véhicules - côté,,,,,,,,,,,5,2,2,1,3
200800071390,0008-12-26 19:47:00,8,12,26,19,47,420,218,VERDUN (AVENUE DE),,,Nuit avec éclairage allumé,En agglomération,Hors intersection,Normale,Deux véhicules - arrière,,,,,,,,,,,5,2,1,1,2
200800071391,0008-12-29 16:20:00,8,12,29,16,20,420,218,TALAUDIERE (DE LA) A PAR,,,Plein jour,En agglomération,Intersection en X,Normale,Deux véhicules - côté,,,,,,,,,,,1,2,2,1,3
200800071392,0008-12-30 06:00:00,8,12,30,6,0,420,218,ROCHETAILLEE (AVENUE) A,,,Nuit sans éclairage public,En agglomération,Hors intersection,Autre,Autre collision,,,,,,,,,,,3,2,1,9,6
200800071393,0008-12-30 07:08:00,8,12,30,7,8,420,218,PAROT JEAN JUSQU'AUX N°,,,Nuit avec éclairage allumé,En agglomération,Hors intersection,Autre,Trois véhicules et plus - collisions multiples,,,,,,,,,,,5,2,1,9,5
200800071394,0008-12-01 17:50:00,8,12,1,17,50,430,251,ALLENDE (AVENUE SALVADOR,,,Nuit avec éclairage allumé,En agglomération,Hors intersection,Normale,Autre collision,,,,,,,,,,,5,2,1,1,6
200800071395,0008-12-07 07:25:00,8,12,7,7,25,430,157,"N°2, DENTELLE (AV. DE LA",,,Crépuscule ou aube,En agglomération,Hors intersection,Normale,Autre collision,,,,,,,,,,,2,2,1,1,6
200800071396,0008-12-12 19:25:00,8,12,12,19,25,430,157,"42, MARCET (AV. BAPTISTE",,,Nuit avec éclairage allumé,En agglomération,Hors intersection,Neige / grêle,Autre collision,,,,,,,,,,,5,2,1,4,6
200800071397,0008-12-19 13:35:00,8,12,19,13,35,430,251,"4, SERMONE (CHEMIN DE LA",,,Plein jour,En agglomération,Hors intersection,Normale,Autre collision,,,,,,,,,,,1,2,1,1,6
200800071398,0008-12-21 18:45:00,8,12,21,18,45,430,157,"39, GAMBETTA (BD)",,,Nuit avec éclairage allumé,En agglomération,Hors intersection,Normale,Autre collision,,,,,,,,,,,5,2,1,1,6
200800071399,0008-12-04 20:25:00,8,12,4,20,25,440,132,"192, BONNE SOURCE (AVENU",,,Nuit avec éclairage allumé,En agglomération,Hors intersection,Normale,Sans collision,,,,,,,,,,,5,2,1,1,7
200800071400,0008-12-08 12:10:00,8,12,8,12,10,440,55,HENNECART ( BOULEVARD ),,,Plein jour,En agglomération,Hors intersection,Normale,Deux véhicules - arrière,,,,,,,,,,,1,2,1,1,2
200800071401,0008-12-19 13:55:00,8,12,19,13,55,440,132,REPUBLIQUE (BOULEVARD DE,,,Plein jour,En agglomération,Hors intersection,Normale,Deux véhicules - arrière,,,,,,,,,,,1,2,1,1,2
200800071402,0008-12-29 14:00:00,8,12,29,14,0,440,55,LATTRE DE TASSIGNY ( AVE,,,Plein jour,En agglomération,Intersection en T,Normale,Deux véhicules - côté,,,,,,,,,,,1,2,3,1,3
200800071403,0008-12-31 13:00:00,8,12,31,13,0,440,143,DE GAULLE (BD),,,Plein jour,Hors agglomération,Giratoire,Normale,Autre collision,,,,,,,,,,,1,1,6,1,6
200800071404,0008-12-31 14:00:00,8,12,31,14,0,440,109,PONT DES BATAILLONS FFI,,,Plein jour,En agglomération,Hors intersection,Normale,Autre collision,,,,,,,,,,,1,2,1,1,6
200800071405,0008-12-02 08:15:00,8,12,2,8,15,440,109,"3, BOULEVARD MICHELET",,,Plein jour,En agglomération,Hors intersection,Normale,Autre collision,,,,,,,,,,,1,2,1,1,6
200800071406,0008-12-02 13:00:00,8,12,2,13,0,440,109,"1, RUE DU CORPS DE GARDE",,,Plein jour,En agglomération,Hors intersection,Normale,Autre collision,,,,,,,,,,,1,2,1,1,6
200800071407,0008-12-01 16:20:00,8,12,1,16,20,440,114,ROUTE DE BASSE INDRE,,,Plein jour,En agglomération,Hors intersection,Normale,Autre collision,,,,,,,,,,,1,2,1,1,6
200800071408,0008-12-03 19:40:00,8,12,3,19,40,440,109,"NEANT, RUE CHANOINE LARO",,,Nuit avec éclairage allumé,En agglomération,Intersection en T,Normale,Autre collision,,,,,,,,,,,5,2,3,1,6
200800071409,0008-12-04 07:15:00,8,12,4,7,15,440,143,BUTTE DE PRAUD (RUE DE L,,,Nuit avec éclairage allumé,En agglomération,Hors intersection,Pluie légère,Autre collision,,,,,,,,,,,5,2,1,2,6
200800071410,0008-12-03 07:50:00,8,12,3,7,50,440,190,BOULEVARD DES PAS ENCHAN,,,Crépuscule ou aube,En agglomération,Hors intersection,Normale,Deux véhicules - frontale,,,,,,,,,,,2,2,1,1,1
200800071411,0008-12-03 22:20:00,8,12,3,22,20,440,190,"195, ROUTE DE CLISSON",,,Nuit avec éclairage allumé,En agglomération,Intersection en T,Normale,Autre collision,,,,,,,,,,,5,2,3,1,6
200800071412,0008-12-04 08:20:00,8,12,4,8,20,440,190,RUE DES ECOBUTS,,,Plein jour,En agglomération,Intersection en X,Normale,Autre collision,,,,,,,,,,,1,2,2,1,6
200800071413,0008-12-05 08:15:00,8,12,5,8,15,440,143,AVENUE DE LA VENDEE,,,Plein jour,En agglomération,Hors intersection,Normale,Autre collision,,,,,,,,,,,1,2,1,1,6
200800071414,0008-12-02 20:05:00,8,12,2,20,5,440,109,BOULEVARD CLOVIS CONSTAN,,,Nuit avec éclairage allumé,En agglomération,Intersection en X,Pluie forte,Deux véhicules - côté,,,,,,,,,,,5,2,2,3,3
200800071415,0008-12-05 09:53:00,8,12,5,9,53,440,109,"., PONT WILLY BRANDT",,,Plein jour,En agglomération,Giratoire,Normale,Deux véhicules - côté,,,,,,,,,,,1,2,6,1,3
200800071416,0008-12-04 19:15:00,8,12,4,19,15,440,109,"46, RUE GAMBETTA",,,Nuit avec éclairage allumé,En agglomération,Hors intersection,Pluie légère,Deux véhicules - arrière,,,,,,,,,,,5,2,1,2,2
200800071417,0008-12-02 12:15:00,8,12,2,12,15,440,109,BOULEVARD ROBERT SCHUMAN,,,Plein jour,En agglomération,Autre intersection,Normale,Deux véhicules - côté,,,,,,,,,,,1,2,9,1,3
200800071418,0008-12-04 10:25:00,8,12,4,10,25,440,109,ROUTE PERIPH S-O,,,Plein jour,En agglomération,Hors intersection,Pluie légère,Autre collision,,,,,,,,,,,1,2,1,2,6
200800071419,0008-12-06 11:35:00,8,12,6,11,35,440,109,PERIPHERIQUE,,,Plein jour,Hors agglomération,Hors intersection,Normale,Autre collision,,,,,,,,,,,1,1,1,1,6
200800071420,0008-12-06 21:45:00,8,12,6,21,45,440,162,RD 17A,,,Nuit sans éclairage public,Hors agglomération,Hors intersection,Normale,Autre collision,,,,,,,,,,,3,1,1,1,6
200800071421,0008-12-05 12:45:00,8,12,5,12,45,440,114,"1, RN 137",,,Plein jour,En agglomération,Hors intersection,Normale,Deux véhicules - arrière,,,,,,,,,,,1,2,1,1,2
200800071422,0008-12-08 10:00:00,8,12,8,10,0,440,109,CHAUSSEE DE LA MADELEINE,,,Nuit avec éclairage allumé,En agglomération,Intersection en T,Normale,Autre collision,,,,,,,,,,,5,2,3,1,6
200800071423,0008-12-10 07:15:00,8,12,10,7,15,440,114,"3, ROUTE DE NANTES",,,Nuit avec éclairage allumé,En agglomération,Hors intersection,Normale,Autre collision,,,,,,,,,,,5,2,1,1,6
200800071424,0008-12-10 08:15:00,8,12,10,8,15,440,162,"7, RUE D'AGEN",,,Crépuscule ou aube,En agglomération,Hors intersection,Normale,Autre collision,,,,,,,,,,,2,2,1,1,6
200800071425,0008-12-10 15:55:00,8,12,10,15,55,440,109,BOULEVARD GASTON SERPETT,,,Plein jour,En agglomération,Giratoire,Normale,Autre collision,,,,,,,,,,,1,2,6,1,6
200800071426,0008-12-10 04:45:00,8,12,10,4,45,440,143,CONTINENTS ( PONT DES 3),,,Nuit avec éclairage allumé,En agglomération,Hors intersection,Normale,Sans collision,,,,,,,,,,,5,2,1,1,7
200800071427,0008-12-02 08:50:00,8,12,2,8,50,440,109,"0, BOULEVARD LELASSEUR",,,Plein jour,En agglomération,Hors intersection,Normale,Sans collision,,,,,,,,,,,1,2,1,1,7
200800071428,0008-12-10 11:40:00,8,12,10,11,40,440,143,BAS LANDREAU (RUE DU),,,Plein jour,En agglomération,Intersection en X,Normale,Autre collision,,,,,,,,,,,1,2,2,1,6
200800071429,0008-12-12 01:20:00,8,12,12,1,20,440,109,"NEANT, AVENUE BOURGAULT",,,Nuit avec éclairage allumé,En agglomération,Intersection en X,Normale,Deux véhicules - côté,,,,,,,,,,,5,2,2,1,3
200800071430,0008-12-11 17:55:00,8,12,11,17,55,440,109,"., BOULEVARD GABRIEL LAU",,,Nuit avec éclairage allumé,En agglomération,Intersection en X,Normale,Deux véhicules - côté,,,,,,,,,,,5,2,2,1,3
200800071431,0008-12-14 14:25:00,8,12,14,14,25,440,109,"00, BOULEVARD ALEXANDER",,,Plein jour,Hors agglomération,Hors intersection,Normale,Deux véhicules - arrière,,,,,,,,,,,1,1,1,1,2
200800071432,0008-12-15 08:25:00,8,12,15,8,25,440,109,"., RUE GASTON VEIL",,,Plein jour,Hors agglomération,Hors intersection,Normale,Deux véhicules - côté,,,,,,,,,,,1,1,1,1,3
200800071433,0008-12-15 15:55:00,8,12,15,15,55,440,109,"00, BOULEVARD SAINT AIGN",,,Plein jour,En agglomération,Intersection en T,Normale,Deux véhicules - côté,,,,,,,,,,,1,2,3,1,3
200800071434,0008-12-15 09:24:00,8,12,15,9,24,440,143,"40, RUE VICTOR FORTUN",,,Plein jour,En agglomération,Hors intersection,Normale,Autre collision,,,,,,,,,,,1,2,1,1,6
200800071435,0008-12-15 12:20:00,8,12,15,12,20,440,109,PONT GEORGES CLEMENCEAU,,,Plein jour,En agglomération,Hors intersection,Normale,Trois véhicules et plus - en chaîne,,,,,,,,,,,1,2,1,1,4
200800071436,0008-12-16 12:15:00,8,12,16,12,15,440,109,RUE DE KOUFRA,,,Plein jour,En agglomération,Intersection en T,Normale,Deux véhicules - côté,,,,,,,,,,,1,2,3,1,3
200800071437,0008-12-15 18:15:00,8,12,15,18,15,440,109,BOULEVARD EMILE ROMANET,,,Crépuscule ou aube,En agglomération,Intersection en T,Normale,Deux véhicules - côté,,,,,,,,,,,2,2,3,1,3
200800071438,0008-12-15 17:10:00,8,12,15,17,10,440,162,BOULEVARD DE LA BAULE,,,Plein jour,En agglomération,Hors intersection,Normale,Autre collision,,,,,,,,,,,1,2,1,1,6
200800071439,0008-12-13 16:40:00,8,12,13,16,40,440,114,AVENUE DU PONT DE LA BAR,,,Plein jour,En agglomération,Hors intersection,Temps couvert,Deux véhicules - arrière,,,,,,,,,,,1,2,1,8,2
200800071440,0008-12-12 12:55:00,8,12,12,12,55,440,162,"138, BOULEVARD DU MASSAC",,,Plein jour,En agglomération,Hors intersection,Temps couvert,Deux véhicules - côté,,,,,,,,,,,1,2,1,8,3
200800071441,0008-12-16 19:30:00,8,12,16,19,30,440,109,"0, RUE BOUCHAUD",,,Nuit avec éclairage allumé,En agglomération,Intersection en X,Normale,Autre collision,,,,,,,,,,,5,2,2,1,6
200800071442,0008-12-15 09:30:00,8,12,15,9,30,440,114,BOULEVARD MENDES FRANCE,,,Plein jour,En agglomération,Hors intersection,Normale,Autre collision,,,,,,,,,,,1,2,1,1,6
200800071443,0008-12-17 16:15:00,8,12,17,16,15,440,109,BOULEVARD DE DOULON,,,Plein jour,En agglomération,Intersection en T,Normale,Deux véhicules - côté,,,,,,,,,,,1,2,3,1,3
200800071444,0008-12-18 20:33:00,8,12,18,20,33,440,109,LADMIRAULT (PL),,,Nuit sans éclairage public,En agglomération,Hors intersection,Normale,Deux véhicules - frontale,,,,,,,,,,,3,2,1,1,1
200800071445,0008-12-18 18:25:00,8,12,18,18,25,440,109,BOULEVARD EMILE ROMANET,,,Nuit avec éclairage allumé,En agglomération,Intersection en X,Normale,Autre collision,,,,,,,,,,,5,2,2,1,6
200800071446,0008-12-18 18:30:00,8,12,18,18,30,440,109,BOULEVARD DES POILUS,,,Nuit avec éclairage allumé,En agglomération,Hors intersection,Normale,Autre collision,,,,,,,,,,,5,2,1,1,6
200800071447,0008-12-18 19:30:00,8,12,18,19,30,440,109,PLACE RAYMOND POINCARE,,,Nuit avec éclairage non allumé,En agglomération,Giratoire,Pluie légère,Autre collision,,,,,,,,,,,4,2,6,2,6
200800071448,0008-12-17 19:50:00,8,12,17,19,50,440,114,"-, ESPLANADE DU CARDO",,,Nuit avec éclairage non allumé,En agglomération,Autre intersection,Normale,Deux véhicules - côté,,,,,,,,,,,4,2,9,1,3
200800071449,0008-12-21 14:40:00,8,12,21,14,40,440,109,BOULEVARD ALEXANDER FLEM,,,Plein jour,En agglomération,Hors intersection,Normale,Autre collision,,,,,,,,,,,1,2,1,1,6
200800071450,0008-12-19 13:00:00,8,12,19,13,0,440,109,BOULEVARD DE LA PRAIRIE,,,Plein jour,En agglomération,Giratoire,Normale,Deux véhicules - frontale,,,,,,,,,,,1,2,6,1,1
200800071451,0008-12-19 18:45:00,8,12,19,18,45,440,109,"160, RUE PAUL BELLAMY",,,Nuit avec éclairage allumé,En agglomération,Hors intersection,Normale,Deux véhicules - côté,,,,,,,,,,,5,2,1,1,3
200800071452,0008-12-20 15:20:00,8,12,20,15,20,440,109,"., ROUTE DE PARIS",,,Plein jour,En agglomération,Intersection en T,Normale,Deux véhicules - côté,,,,,,,,,,,1,2,3,1,3
200800071453,0008-12-21 12:25:00,8,12,21,12,25,440,109,PLACE VIARME,,,Plein jour,En agglomération,Hors intersection,Normale,Autre collision,,,,,,,,,,,1,2,1,1,6
200800071454,0008-12-22 07:35:00,8,12,22,7,35,440,162,"358, BOULEVARD MARCEL PA",,,Nuit avec éclairage allumé,En agglomération,Hors intersection,Normale,Deux véhicules - côté,,,,,,,,,,,5,2,1,1,3
200800071455,0008-12-20 20:10:00,8,12,20,20,10,440,190,RUE DU PATIS BRULE,,,Nuit avec éclairage allumé,En agglomération,Hors intersection,Normale,Autre collision,,,,,,,,,,,5,2,1,1,6
200800071456,0008-12-23 11:45:00,8,12,23,11,45,440,109,"1, RUE CHATEAUBRIAND",,,Plein jour,En agglomération,Giratoire,Normale,Autre collision,,,,,,,,,,,1,2,6,1,6
200800071457,0008-12-24 15:50:00,8,12,24,15,50,440,162,PERIPHERIQUE EXTERIEUR,,,Plein jour,Hors agglomération,Hors intersection,Autre,Sans collision,,,,,,,,,,,1,1,1,9,7
200800071458,0008-12-24 18:35:00,8,12,24,18,35,440,109,BOULEVARD DE LA PRAIRIE,,,Nuit sans éclairage public,Hors agglomération,Hors intersection,Normale,Deux véhicules - côté,,,,,,,,,,,3,1,1,1,3
200800071459,0008-12-02 08:45:00,8,12,2,8,45,440,109,BOULEVARD LELASSEUR,,,Crépuscule ou aube,En agglomération,Hors intersection,Normale,Sans collision,,,,,,,,,,,2,2,1,1,7
200800071460,0008-12-27 01:20:00,8,12,27,1,20,440,215,"1, PERIPHERIQUE SUD",,,Nuit sans éclairage public,En agglomération,Intersection en Y,Normale,Autre collision,,,,,,,,,,,3,2,4,1,6
200800071461,0008-12-27 20:10:00,8,12,27,20,10,440,109,"., ROUTE DE PARIS",,,Nuit avec éclairage allumé,En agglomération,Giratoire,Normale,Deux véhicules - côté,,,,,,,,,,,5,2,6,1,3
200800071462,0008-12-24 18:05:00,8,12,24,18,5,440,114,PERIPHERIQUE ROUTIER,,,Nuit sans éclairage public,Hors agglomération,Hors intersection,Normale,Trois véhicules et plus - en chaîne,,,,,,,,,,,3,1,1,1,4
200800071463,0008-12-22 18:45:00,8,12,22,18,45,440,162,"79, BOULEVARD DU MASSACR",,,Nuit avec éclairage allumé,En agglomération,Hors intersection,Normale,Autre collision,,,,,,,,,,,5,2,1,1,6
200800071464,0008-12-24 10:05:00,8,12,24,10,5,440,114,"1, AVENUE DE LA PAQUELAI",,,Plein jour,En agglomération,Hors intersection,Normale,Autre collision,,,,,,,,,,,1,2,1,1,6
200800071465,0008-12-17 11:40:00,8,12,17,11,40,440,109,RUE MELLIER,,,Plein jour,En agglomération,Hors intersection,Normale,Autre collision,,,,,,,,,,,1,2,1,1,6
200800071466,0008-12-05 17:15:00,8,12,5,17,15,440,109,BOULEVARD JULES VERNE,,,Plein jour,En agglomération,Intersection en X,Normale,Deux véhicules - arrière,,,,,,,,,,,1,2,2,1,2
200800071467,0008-12-29 19:30:00,8,12,29,19,30,440,162,"1, AVENUE DU PARNASSE",,,Nuit avec éclairage allumé,En agglomération,Giratoire,Normale,Deux véhicules - côté,,,,,,,,,,,5,2,6,1,3
200800071468,0008-12-26 12:45:00,8,12,26,12,45,440,143,"0, ORDRONNEAU (RUE)",,,Plein jour,En agglomération,Hors intersection,Normale,Deux véhicules - arrière,,,,,,,,,,,1,2,1,1,2
200800071469,0008-12-29 14:45:00,8,12,29,14,45,440,190,"5, RUE DE LA GALTIERE",,,Plein jour,En agglomération,Hors intersection,Normale,Autre collision,,,,,,,,,,,1,2,1,1,6
200800071470,0008-12-04 16:55:00,8,12,4,16,55,440,184,LIBERTÉ (BOULEVARD DE LA,,,Crépuscule ou aube,En agglomération,Giratoire,Normale,Deux véhicules - frontale,,,,,,,,,,,2,2,6,1,1
200800071471,0008-12-05 15:45:00,8,12,5,15,45,440,184,MAUDES (RUE DE),,,Plein jour,En agglomération,Hors intersection,Normale,Deux véhicules - arrière,,,,,,,,,,,1,2,1,1,2
200800071472,0008-12-09 08:05:00,8,12,9,8,5,440,184,BROODCOORENS (RUE) DU 02,,,Crépuscule ou aube,En agglomération,Intersection en T,Pluie légère,Deux véhicules - arrière,,,,,,,,,,,2,2,3,2,2
200800071473,0008-12-10 15:40:00,8,12,10,15,40,440,184,"1, RENAISSANCE (BOULEVAR",,,Plein jour,En agglomération,Hors intersection,Normale,Sans collision,,,,,,,,,,,1,2,1,1,7
200800071474,0008-12-11 07:55:00,8,12,11,7,55,440,184,"53, LONGUET (RUE CHARLES",,,Crépuscule ou aube,En agglomération,Intersection en T,Normale,Deux véhicules - côté,,,,,,,,,,,2,2,3,1,3
200800071475,0008-12-12 19:25:00,8,12,12,19,25,440,184,"0, LECHAT (RUE AUGUSTE B",,,Crépuscule ou aube,En agglomération,Intersection en X,Normale,Sans collision,,,,,,,,,,,2,2,2,1,7
200800071476,0008-12-14 16:52:00,8,12,14,16,52,440,184,"172, ALBERT I (BOULEVARD",,,Crépuscule ou aube,En agglomération,Hors intersection,Normale,Sans collision,,,,,,,,,,,2,2,1,1,7
200800071477,0008-12-23 17:30:00,8,12,23,17,30,440,184,"61, VILLE HALLUARD (RUE",,,Crépuscule ou aube,En agglomération,Hors intersection,Normale,Deux véhicules - côté,,,,,,,,,,,2,2,1,1,3
200800071478,0008-12-10 00:10:00,8,12,10,0,10,450,208,"07, DUCHESNE-RABIER (RUE",,,Nuit avec éclairage allumé,En agglomération,Hors intersection,Autre,Trois véhicules et plus - en chaîne,,,,,,,,,,,5,2,1,9,4
200800071479,0008-12-11 16:00:00,8,12,11,16,0,450,208,"33, PERIER (RUE)",,,Plein jour,En agglomération,Intersection en X,Normale,Autre collision,,,,,,,,,,,1,2,2,1,6
200800071480,0008-12-01 09:00:00,8,12,1,9,0,450,234,RN 20 (ROUTE NATIONALE 2,,,Crépuscule ou aube,En agglomération,Hors intersection,Pluie légère,Trois véhicules et plus - en chaîne,,,,,,,,,,,2,2,1,2,4
200800071481,0008-12-03 17:25:00,8,12,3,17,25,450,284,"141, SOULAS (AVENUE LOUI",,,Nuit avec éclairage allumé,En agglomération,Hors intersection,Pluie légère,Autre collision,,,,,,,,,,,5,2,1,2,6
200800071482,0008-12-03 17:40:00,8,12,3,17,40,450,234,"128, SAINT JEAN (FAUBOUR",,,Nuit avec éclairage allumé,En agglomération,Hors intersection,Pluie légère,Autre collision,,,,,,,,,,,5,2,1,2,6
200800071483,0008-12-01 20:08:00,8,12,1,20,8,450,169,BUCY (RUE DE),,,Crépuscule ou aube,En agglomération,Hors intersection,Pluie légère,Sans collision,,,,,,,,,,,2,2,1,2,7
200800071484,0008-12-04 22:55:00,8,12,4,22,55,450,284,"138, PEGUY (AVENUE CHARL",,,Nuit avec éclairage allumé,En agglomération,Intersection en T,Pluie légère,Deux véhicules - côté,,,,,,,,,,,5,2,3,2,3
200800071485,0008-12-01 10:50:00,8,12,1,10,50,450,232,SOLOGNE (AVENUE DE),,,Plein jour,En agglomération,Hors intersection,Temps couvert,Sans collision,,,,,,,,,,,1,2,1,8,7
200800071486,0008-12-07 17:55:00,8,12,7,17,55,450,298,"360, SAINT MESMIN (ROUTE",,,Nuit avec éclairage allumé,En agglomération,Intersection en T,Normale,Autre collision,,,,,,,,,,,5,2,3,1,6
200800071487,0008-12-11 12:50:00,8,12,11,12,50,450,234,"18, ARGONNE (RUE DE L')",,,Plein jour,En agglomération,Hors intersection,Normale,Autre collision,,,,,,,,,,,1,2,1,1,6
200800071488,0008-12-12 07:50:00,8,12,12,7,50,450,234,"157, FAUBOURG SAINT VINC",,,Crépuscule ou aube,En agglomération,Hors intersection,Normale,Deux véhicules - arrière,,,,,,,,,,,2,2,1,1,2
200800071489,0008-12-13 20:00:00,8,12,13,20,0,450,234,RIOBE (BOULEVARD GUY MAR,,,Nuit avec éclairage allumé,En agglomération,Intersection en X,Pluie légère,Deux véhicules - côté,,,,,,,,,,,5,2,2,2,3
200800071490,0008-12-14 00:15:00,8,12,14,0,15,450,147,DESSAUX (RUE ANDRE DESSA,,,Nuit avec éclairage allumé,En agglomération,Hors intersection,Pluie légère,Autre collision,,,,,,,,,,,5,2,1,2,6
200800071491,0008-12-14 13:10:00,8,12,14,13,10,450,232,SOLOGNE (AVENUE DE),,,Plein jour,En agglomération,Intersection en Y,Pluie légère,Deux véhicules - arrière,,,,,,,,,,,1,2,4,2,2
200800071492,0008-12-16 07:50:00,8,12,16,7,50,450,284,"127, PEGUY (AVENUE CHARL",,,Nuit avec éclairage allumé,En agglomération,Intersection en T,Brouillard / fumée,Trois véhicules et plus - collisions multiples,,,,,,,,,,,5,2,3,5,5
200800071493,0008-12-15 12:50:00,8,12,15,12,50,450,234,"64, FAUBOURG MADELEINE (",,,Plein jour,En agglomération,Hors intersection,Normale,Trois véhicules et plus - en chaîne,,,,,,,,,,,1,2,1,1,4
200800071494,0008-12-15 15:45:00,8,12,15,15,45,450,234,"15, JAURES (BOULEVARD JE",,,Plein jour,En agglomération,Hors intersection,Normale,Autre collision,,,,,,,,,,,1,2,1,1,6
200800071495,0008-12-18 22:45:00,8,12,18,22,45,450,274,SANDILLON  (ROUTE DE),,,Nuit sans éclairage public,Hors agglomération,Hors intersection,Pluie légère,Autre collision,,,,,,,,,,,3,1,1,2,6
200800071496,0008-12-18 10:06:00,8,12,18,10,6,450,234,MONTARGIS (RUE DE),,,Plein jour,En agglomération,Intersection en X,Normale,Deux véhicules - côté,,,,,,,,,,,1,2,2,1,3
200800071497,0008-12-20 03:05:00,8,12,20,3,5,450,147,"20, DESSAUX (RUE ANDRE D",,,Nuit avec éclairage allumé,En agglomération,Hors intersection,Brouillard / fumée,Deux véhicules - côté,,,,,,,,,,,5,2,1,5,3
200800071498,0008-12-21 03:35:00,8,12,21,3,35,450,234,BEAUMARCHAIS (RUE),,,Nuit avec éclairage allumé,En agglomération,Hors intersection,Normale,Autre collision,,,,,,,,,,,5,2,1,1,6
200800071499,0008-12-25 18:45:00,8,12,25,18,45,450,285,MENDES FRANCE (AVENUE PI,,,Nuit avec éclairage allumé,En agglomération,Hors intersection,Normale,Sans collision,,,,,,,,,,,5,2,1,1,7
200800071500,0008-12-29 16:10:00,8,12,29,16,10,450,147,LAMARTINE (RUE),,,Plein jour,En agglomération,Intersection en X,Normale,Autre collision,,,,,,,,,,,1,2,2,1,6
200800071501,0008-12-29 21:40:00,8,12,29,21,40,450,285,"01, GUYNEMER (RUE GEORGE",,,Nuit avec éclairage non allumé,En agglomération,Hors intersection,Normale,Deux véhicules - côté,,,,,,,,,,,4,2,1,1,3
200800071502,0008-12-27 16:10:00,8,12,27,16,10,450,75,"15, BAS CHAMPS (RUE DES",,,Plein jour,En agglomération,Hors intersection,Pluie légère,Deux véhicules - arrière,,,,,,,,,,,1,2,1,2,2
200800071503,0008-12-29 11:46:00,8,12,29,11,46,450,234,"25, MOUILLERE (RUE DE LA",,,Plein jour,En agglomération,Hors intersection,Normale,Autre collision,,,,,,,,,,,1,2,1,1,6
200800071504,0008-12-03 20:10:00,8,12,3,20,10,460,42,VIEILLE ROUTE DE PARIS,,,Nuit sans éclairage public,Hors agglomération,Hors intersection,Pluie légère,Sans collision,,,,,,,,,,,3,1,1,2,7
200800071505,0008-12-09 08:10:00,8,12,9,8,10,460,42,Départementale 820,,,Crépuscule ou aube,En agglomération,Hors intersection,Pluie légère,Autre collision,,,,,,,,,,,2,2,1,2,6
200800071506,0008-12-03 18:45:00,8,12,3,18,45,470,1,"88, MICHELET (AV.)",,,Nuit avec éclairage allumé,En agglomération,Hors intersection,Normale,Autre collision,,,,,,,,,,,5,2,1,1,6
200800071507,0008-12-04 17:22:00,8,12,4,17,22,470,1,"23, LACOUR (BD EDOUARD)",,,Nuit avec éclairage allumé,En agglomération,Hors intersection,Normale,Autre collision,,,,,,,,,,,5,2,1,1,6
200800071508,0008-12-17 07:55:00,8,12,17,7,55,470,1,GAMBETTA (COURS),,,Nuit avec éclairage allumé,En agglomération,Hors intersection,Normale,Deux véhicules - côté,,,,,,,,,,,5,2,1,1,3
200800071509,0008-12-20 16:45:00,8,12,20,16,45,470,1,"2, PAPIN (RUE DENIS)",,,Plein jour,En agglomération,Hors intersection,Normale,Autre collision,,,,,,,,,,,1,2,1,1,6
200800071510,0008-12-25 22:10:00,8,12,25,22,10,470,1,RIQUET (RUE PIERRE-PAUL,,,Nuit avec éclairage allumé,En agglomération,Hors intersection,Brouillard / fumée,Deux véhicules - frontale,,,,,,,,,,,5,2,1,5,1
200800071511,0008-12-27 19:30:00,8,12,27,19,30,470,1,LIBERTE (BOULEVARD DE LA,,,Nuit avec éclairage allumé,En agglomération,Intersection en X,Normale,Deux véhicules - côté,,,,,,,,,,,5,2,2,1,3
200800071512,0008-12-17 14:55:00,8,12,17,14,55,470,323,"53, PUJOLS (RUE DE)",,,Plein jour,En agglomération,Hors intersection,Temps couvert,Deux véhicules - côté,,,,,,,,,,,1,2,1,8,3
200800071513,0008-12-03 12:25:00,8,12,3,12,25,490,7,"0, RN 260",,,Plein jour,Hors agglomération,Hors intersection,Normale,Autre collision,,,,,,,,,,,1,1,1,1,6
200800071514,0008-12-03 13:10:00,8,12,3,13,10,490,15,CROIX CADEAU LIEU DIT,,,Plein jour,Hors agglomération,Hors intersection,Temps couvert,Autre collision,,,,,,,,,,,1,1,1,8,6
200800071515,0008-12-03 12:29:00,8,12,3,12,29,490,7,"0, RN 260",,,Plein jour,Hors agglomération,Hors intersection,Normale,Sans collision,,,,,,,,,,,1,1,1,1,7
200800071516,0008-12-03 13:15:00,8,12,3,13,15,490,15,"0, D775",,,Plein jour,Hors agglomération,Hors intersection,Normale,Autre collision,,,,,,,,,,,1,1,1,1,6