accident_id,datetime,annee,mois,jour,heure,minute,departement,commune_insee,adresse,latitude,longitude,luminosite,agglomeration,intersection,meteo,collision,nb_vehicules,nb_usagers,nb_indemnes,nb_tues,nb_blesses_hosp,nb_blesses_legers,age_cond_1,age_cond_2,veh_type_cond_1,veh_type_cond_2,lum_code,agg_code,int_code,atm_code,col_code
200800071648,0008-12-29 17:55:00,8,12,29,17,55,540,395,"1, TOMBLAINE (RUE DE)",,,Plein jour,En agglomération,Hors intersection,Normale,Autre collision,,,,,,,,,,,1,2,1,1,6
200800071649,0008-12-22 16:00:00,8,12,22,16,0,540,300,"1, RD 400",,,Plein jour,En agglomération,Giratoire,Normale,Deux véhicules - côté,,,,,,,,,,,1,2,6,1,3
200800071650,0008-12-22 19:45:00,8,12,22,19,45,540,395,"1, POINCARE (RUE RAYMOND",,,Nuit avec éclairage allumé,En agglomération,Intersection en Y,Normale,Deux véhicules - arrière,,,,,,,,,,,5,2,4,1,2
200800071651,0008-12-23 16:30:00,8,12,23,16,30,540,304,SAPINIERE (RUE DE LA),,,Plein jour,En agglomération,Hors intersection,Normale,Deux véhicules - arrière,,,,,,,,,,,1,2,1,1,2
200800071652,0008-12-26 20:15:00,8,12,26,20,15,540,357,"1, REPUBLIQUE (RUE DE LA",,,Nuit avec éclairage allumé,En agglomération,Intersection en X,Vent fort / tempête,Deux véhicules - côté,,,,,,,,,,,5,2,2,6,3
200800071653,0008-12-27 14:40:00,8,12,27,14,40,540,526,"1, POTIER (RUE EUGENE)",,,Plein jour,En agglomération,Intersection à plus de 4 branches,Normale,Deux véhicules - côté,,,,,,,,,,,1,2,5,1,3
200800071654,0008-12-28 14:00:00,8,12,28,14,0,540,395,"1, LOBAU (BOULEVARD)",,,Plein jour,En agglomération,Intersection en X,Normale,Deux véhicules - côté,,,,,,,,,,,1,2,2,1,3
200800071655,0008-12-29 10:40:00,8,12,29,10,40,540,395,"15, SAINT LAMBERT (IMPAS",,,Plein jour,En agglomération,Intersection en T,Normale,Autre collision,,,,,,,,,,,1,2,3,1,6
200800071656,0008-12-29 16:10:00,8,12,29,16,10,540,482,LECLERC (AVENUE DU GENER,,,Plein jour,En agglomération,Intersection en X,Normale,Deux véhicules - côté,,,,,,,,,,,1,2,2,1,3
200800071657,0008-12-30 09:40:00,8,12,30,9,40,540,395,"1, GARENNE (ALLEE ET AVE",,,Plein jour,En agglomération,Intersection en X,Normale,Autre collision,,,,,,,,,,,1,2,2,1,6
200800071658,0008-12-01 18:00:00,8,12,1,18,0,540,528,RD400,,,Nuit avec éclairage allumé,En agglomération,Intersection à plus de 4 branches,Pluie légère,Deux véhicules - côté,,,,,,,,,,,5,2,5,2,3
200800071659,0008-12-13 18:10:00,8,12,13,18,10,540,167,FOCH (AVENUE),,,Nuit avec éclairage allumé,En agglomération,Hors intersection,Normale,Deux véhicules - arrière,,,,,,,,,,,5,2,1,1,2
200800071660,0008-12-10 12:00:00,8,12,10,12,0,540,528,COLLEGE SAINT LEON,,,Plein jour,En agglomération,Hors intersection,Normale,Autre collision,,,,,,,,,,,1,2,1,1,6
200800071661,0008-12-22 18:50:00,8,12,22,18,50,540,528,VERDUN,,,Nuit avec éclairage allumé,En agglomération,Intersection en X,Normale,Deux véhicules - côté,,,,,,,,,,,5,2,2,1,3
200800071662,0008-12-26 11:30:00,8,12,26,11,30,540,528,REPUBLIQUE,,,Plein jour,En agglomération,Intersection en X,Normale,Autre collision,,,,,,,,,,,1,2,2,1,6
200800071663,0008-12-13 11:45:00,8,12,13,11,45,540,580,"20, GAMBETTA (RUE)",,,Plein jour,En agglomération,Hors intersection,Normale,Autre collision,,,,,,,,,,,1,2,1,1,6
200800071664,0008-12-01 06:50:00,8,12,1,6,50,550,29,RD 694,,,Nuit avec éclairage allumé,Hors agglomération,Hors intersection,Pluie légère,Autre collision,,,,,,,,,,,5,1,1,2,6
200800071665,0008-12-01 16:25:00,8,12,1,16,25,550,476,sortie parking auchan,,,Crépuscule ou aube,Hors agglomération,Hors intersection,Pluie légère,Deux véhicules - côté,,,,,,,,,,,2,1,1,2,3
200800071666,0008-12-01 18:00:00,8,12,1,18,0,550,29,"72, SAINT MIHIEL ( RUE D",,,Nuit avec éclairage allumé,En agglomération,Hors intersection,Pluie légère,Autre collision,,,,,,,,,,,5,2,1,2,6
200800071667,0008-12-04 17:45:00,8,12,4,17,45,550,29,"18 bis, ARC ( RUE JEANNE",,,Nuit avec éclairage allumé,En agglomération,Hors intersection,Pluie légère,Autre collision,,,,,,,,,,,5,2,1,2,6
200800071668,0008-12-05 07:15:00,8,12,5,7,15,550,186,"16, LIBERATION ( AVENUE",,,Nuit avec éclairage allumé,En agglomération,Hors intersection,Pluie légère,Deux véhicules - arrière,,,,,,,,,,,5,2,1,2,2
200800071669,0008-12-12 17:40:00,8,12,12,17,40,550,29,AVENUE DE LA GRANDE TERR,,,Nuit avec éclairage allumé,Hors agglomération,Hors intersection,Normale,Deux véhicules - frontale,,,,,,,,,,,5,1,1,1,1
200800071670,0008-12-20 14:55:00,8,12,20,14,55,550,29,"1, POPEY ( RUE DE )",,,Plein jour,En agglomération,Hors intersection,Pluie légère,Autre collision,,,,,,,,,,,1,2,1,2,6
200800071671,0008-12-22 15:45:00,8,12,22,15,45,550,29,AVENUE DE LA GRANDE TERR,,,Plein jour,En agglomération,Hors intersection,Pluie légère,Deux véhicules - côté,,,,,,,,,,,1,2,1,2,3
200800071672,0008-12-26 09:20:00,8,12,26,9,20,550,29,"24, 94EME RI ( AVENUE DU",,,Plein jour,En agglomération,Hors intersection,Normale,Deux véhicules - arrière,,,,,,,,,,,1,2,1,1,2
200800071673,0008-12-07 18:20:00,8,12,7,18,20,550,545,CHARLEMAGNE,,,Crépuscule ou aube,En agglomération,Hors intersection,Normale,Deux véhicules - frontale,,,,,,,,,,,2,2,1,1,1
200800071674,0008-12-17 05:25:00,8,12,17,5,25,550,545,JEAN MONNET ( BOULEVARD,,,Nuit avec éclairage allumé,En agglomération,Hors intersection,Normale,Sans collision,,,,,,,,,,,5,2,1,1,7
200800071675,0008-12-16 12:45:00,8,12,16,12,45,550,545,JEAN MONNET ( BOULEVARD,,,Plein jour,Hors agglomération,Hors intersection,Normale,Sans collision,,,,,,,,,,,1,1,1,1,7
200800071676,0008-12-28 15:10:00,8,12,28,15,10,550,545,METZ ( AVENUE DE ),,,Plein jour,Hors agglomération,Hors intersection,Normale,Deux véhicules - côté,,,,,,,,,,,1,1,1,1,3
200800071677,0008-12-01 04:19:00,8,12,1,4,19,560,121,"., ROUTE DEPARTEMENTALE",,,Nuit avec éclairage allumé,En agglomération,Hors intersection,Normale,Autre collision,,,,,,,,,,,5,2,1,1,6
200800071678,0008-12-02 07:50:00,8,12,2,7,50,560,121,"., SAINT-CHRISTOPHE ( PO",,,Nuit avec éclairage allumé,En agglomération,Hors intersection,Normale,Sans collision,,,,,,,,,,,5,2,1,1,7
200800071679,0008-12-02 17:01:00,8,12,2,17,1,560,121,SCORFF ( BD DU ),,,Plein jour,En agglomération,Hors intersection,Pluie légère,Autre collision,,,,,,,,,,,1,2,1,2,6
200800071680,0008-12-02 17:54:00,8,12,2,17,54,560,162,"49, STE ANNE",,,Nuit avec éclairage allumé,En agglomération,Hors intersection,Pluie légère,Deux véhicules - côté,,,,,,,,,,,5,2,1,2,3
200800071681,0008-12-02 20:36:00,8,12,2,20,36,560,121,"., KERLIN (RUE  DE )",,,Nuit avec éclairage allumé,En agglomération,Intersection en X,Normale,Deux véhicules - côté,,,,,,,,,,,5,2,2,1,3
200800071682,0008-12-03 08:42:00,8,12,3,8,42,560,121,"., BLUM ( BD LEON )",,,Plein jour,En agglomération,Hors intersection,Normale,Deux véhicules - côté,,,,,,,,,,,1,2,1,1,3
200800071683,0008-12-06 21:20:00,8,12,6,21,20,560,98,"., GAGARINE (RUE  YOURI",,,Nuit avec éclairage allumé,En agglomération,Hors intersection,Normale,Autre collision,,,,,,,,,,,5,2,1,1,6
200800071684,0008-12-10 06:50:00,8,12,10,6,50,560,162,"., ROUTE DEPARTEMENTALE",,,Nuit avec éclairage allumé,Hors agglomération,Hors intersection,Normale,Sans collision,,,,,,,,,,,5,1,1,1,7
200800071685,0008-12-10 08:45:00,8,12,10,8,45,560,107,"., LE PORT (ROGER BOULEV",,,Plein jour,En agglomération,Hors intersection,Normale,Sans collision,,,,,,,,,,,1,2,1,1,7
200800071686,0008-12-11 10:40:00,8,12,11,10,40,560,162,"., LECLERC (RUE DU GENER",,,Plein jour,En agglomération,Giratoire,Pluie légère,Deux véhicules - côté,,,,,,,,,,,1,2,6,2,3
200800071687,0008-12-11 14:02:00,8,12,11,14,2,560,98,"01, LECLERC (RUE  GENERA",,,Plein jour,En agglomération,Hors intersection,Pluie légère,Deux véhicules - arrière,,,,,,,,,,,1,2,1,2,2
200800071688,0008-12-11 19:52:00,8,12,11,19,52,560,98,"., LANN-SEVELIN (ROND PO",,,Nuit avec éclairage allumé,En agglomération,Giratoire,Temps couvert,Deux véhicules - arrière,,,,,,,,,,,5,2,6,8,2
200800071689,0008-12-12 08:00:00,8,12,12,8,0,560,121,"., CARNEL (RUE  DE )",,,Nuit avec éclairage allumé,En agglomération,Intersection en T,Normale,Deux véhicules - côté,,,,,,,,,,,5,2,3,1,3
200800071690,0008-12-12 11:10:00,8,12,12,11,10,560,98,"74, CROIZAT ( AVE AMBROI",,,Plein jour,En agglomération,Hors intersection,Pluie légère,Sans collision,,,,,,,,,,,1,2,1,2,7
200800071691,0008-12-12 11:55:00,8,12,12,11,55,560,98,DOLET (RUE  ETIENNE ),,,Plein jour,En agglomération,Intersection en X,Pluie légère,Deux véhicules - côté,,,,,,,,,,,1,2,2,2,3
200800071692,0008-12-13 11:58:00,8,12,13,11,58,560,83,"17, POMPIDOU ( AVENUE GE",,,Plein jour,En agglomération,Intersection en T,Pluie légère,Trois véhicules et plus - collisions multiples,,,,,,,,,,,1,2,3,2,5
200800071693,0008-12-13 20:55:00,8,12,13,20,55,560,121,"., CHAZELLES ( COURS LOU",,,Nuit avec éclairage allumé,En agglomération,Intersection en X,Normale,Deux véhicules - côté,,,,,,,,,,,5,2,2,1,3
200800071694,0008-12-16 16:34:00,8,12,16,16,34,560,121,"., MONISTROL (RUE)",,,Plein jour,En agglomération,Hors intersection,Normale,Autre collision,,,,,,,,,,,1,2,1,1,6
200800071695,0008-12-17 12:10:00,8,12,17,12,10,560,162,"., LARMOR (ROUTE DE)",,,Plein jour,En agglomération,Hors intersection,Normale,Deux véhicules - arrière,,,,,,,,,,,1,2,1,1,2
200800071696,0008-12-17 18:41:00,8,12,17,18,41,560,121,"., CLISSON (RUE ET SQUAR",,,Nuit avec éclairage allumé,En agglomération,Intersection en X,Normale,Deux véhicules - côté,,,,,,,,,,,5,2,2,1,3
200800071697,0008-12-17 19:43:00,8,12,17,19,43,560,121,"117, BLUM ( BD LEON )",,,Nuit avec éclairage allumé,En agglomération,Hors intersection,Normale,Deux véhicules - côté,,,,,,,,,,,5,2,1,1,3
200800071698,0008-12-20 14:01:00,8,12,20,14,1,560,162,"., MITTERRAND (RUE FRANC",,,Plein jour,En agglomération,Hors intersection,Normale,Autre collision,,,,,,,,,,,1,2,1,1,6
200800071699,0008-12-21 16:10:00,8,12,21,16,10,560,121,"38, MARNE ( AV DE LA )",,,Plein jour,En agglomération,Hors intersection,Normale,Deux véhicules - arrière,,,,,,,,,,,1,2,1,1,2
200800071700,0008-12-21 20:20:00,8,12,21,20,20,560,107,"., ROUTE DEPARTEMENTALE",,,Nuit avec éclairage allumé,En agglomération,Intersection en X,Normale,Autre collision,,,,,,,,,,,5,2,2,1,6
200800071701,0008-12-22 15:50:00,8,12,22,15,50,560,121,"., BERT (RUE  PAUL )",,,Plein jour,En agglomération,Intersection en X,Normale,Autre collision,,,,,,,,,,,1,2,2,1,6
200800071702,0008-12-23 15:42:00,8,12,23,15,42,560,121,"., INDES ( QUAI DES )",,,Plein jour,En agglomération,Intersection en X,Normale,Autre collision,,,,,,,,,,,1,2,2,1,6
200800071703,0008-12-24 08:25:00,8,12,24,8,25,560,162,"19, SAINT BIEUZY (RUE DE",,,Plein jour,En agglomération,Hors intersection,Normale,Deux véhicules - côté,,,,,,,,,,,1,2,1,1,3
200800071704,0008-12-24 15:13:00,8,12,24,15,13,560,98,DEVILLERS (AVENUE KESLER,,,Plein jour,En agglomération,Hors intersection,Normale,Autre collision,,,,,,,,,,,1,2,1,1,6
200800071705,0008-12-27 15:24:00,8,12,27,15,24,560,83,"07, JOFFRE (RUE  DU MARE",,,Plein jour,En agglomération,Hors intersection,Normale,Sans collision,,,,,,,,,,,1,2,1,1,7
200800071706,0008-12-28 22:25:00,8,12,28,22,25,560,98,"., JAURES (RUE  JEAN )",,,Nuit avec éclairage allumé,En agglomération,Intersection en T,Normale,Deux véhicules - côté,,,,,,,,,,,5,2,3,1,3
200800071707,0008-12-30 12:09:00,8,12,30,12,9,560,83,"., VAILLANT ( AV. EDOUAR",,,Plein jour,En agglomération,Hors intersection,Normale,Sans collision,,,,,,,,,,,1,2,1,1,7
200800071708,0008-12-31 11:15:00,8,12,31,11,15,560,121,"., HERRIOT ( BD EDOUARD",,,Plein jour,En agglomération,Hors intersection,Temps couvert,Autre collision,,,,,,,,,,,1,2,1,8,6
200800071709,0008-12-31 15:25:00,8,12,31,15,25,560,98,"., DJIBAOU (RUE  JEAN-MA",,,Plein jour,En agglomération,Hors intersection,Normale,Deux véhicules - côté,,,,,,,,,,,1,2,1,1,3
200800071710,0008-12-08 12:10:00,8,12,8,12,10,560,260,"., MOULIN DU ROY(GIRATOI",,,Plein jour,En agglomération,Giratoire,Normale,Autre collision,,,,,,,,,,,1,2,6,1,6
200800071711,0008-12-11 08:23:00,8,12,11,8,23,560,260,"16, MARNE(AVENUE DE LA)",,,Crépuscule ou aube,En agglomération,Hors intersection,Normale,Autre collision,,,,,,,,,,,2,2,1,1,6
200800071712,0008-12-03 08:13:00,8,12,3,8,13,560,260,LIBERATION(PLACE DE LA),,,Nuit avec éclairage allumé,En agglomération,Hors intersection,Normale,Autre collision,,,,,,,,,,,5,2,1,1,6
200800071713,0008-12-15 15:30:00,8,12,15,15,30,560,260,"70, MARNE(AVENUE DE LA)",,,Plein jour,En agglomération,Hors intersection,Normale,Autre collision,,,,,,,,,,,1,2,1,1,6
200800071714,0008-12-18 09:05:00,8,12,18,9,5,560,260,"., REMY(BOULEVARD DU COL",,,Plein jour,En agglomération,Giratoire,Normale,Deux véhicules - côté,,,,,,,,,,,1,2,6,1,3
200800071715,0008-12-18 07:45:00,8,12,18,7,45,560,260,"., BILAIRE(RUE DE)",,,Nuit avec éclairage non allumé,En agglomération,Autre intersection,Normale,Deux véhicules - côté,,,,,,,,,,,4,2,9,1,3
200800071716,0008-12-24 11:07:00,8,12,24,11,7,560,260,"., THIERS(RUE)",,,Plein jour,En agglomération,Intersection en T,Normale,Autre collision,,,,,,,,,,,1,2,3,1,6
200800071717,0008-12-24 17:40:00,8,12,24,17,40,560,260,"., KERLANN(GIRATOIRE DE)",,,Crépuscule ou aube,En agglomération,Giratoire,Normale,Deux véhicules - côté,,,,,,,,,,,2,2,6,1,3
200800071718,0008-12-04 07:55:00,8,12,4,7,55,560,260,"., BOHALGO(GIRATOIRE)",,,Plein jour,En agglomération,Intersection en T,Normale,Autre collision,,,,,,,,,,,1,2,3,1,6
200800071719,0008-12-13 15:10:00,8,12,13,15,10,560,260,RN 165 -SENS NANTES / LO,,,Plein jour,En agglomération,Hors intersection,Temps couvert,Trois véhicules et plus - en chaîne,,,,,,,,,,,1,2,1,8,4
200800071720,0008-12-31 07:55:00,8,12,31,7,55,570,227,VERDUN (RUE )N° 2 AU 64,,,Plein jour,En agglomération,Hors intersection,Normale,Trois véhicules et plus - en chaîne,,,,,,,,,,,1,2,1,1,4
200800071721,0008-12-23 10:00:00,8,12,23,10,0,570,227,"280, NATIONALE(RUE)R.DE",,,Plein jour,En agglomération,Hors intersection,Temps couvert,Trois véhicules et plus - en chaîne,,,,,,,,,,,1,2,1,8,4
200800071722,0008-12-03 17:12:00,8,12,3,17,12,570,227,"., HOMMEL(RUE DU)",,,Nuit avec éclairage allumé,En agglomération,Intersection en T,Pluie légère,Autre collision,,,,,,,,,,,5,2,3,2,6
200800071723,0008-12-05 17:20:00,8,12,5,17,20,570,227,"1, JONQULLES (LES)",,,Nuit avec éclairage allumé,En agglomération,Hors intersection,Pluie légère,Autre collision,,,,,,,,,,,5,2,1,2,6
200800071724,0008-12-09 14:42:00,8,12,9,14,42,570,660,NATIONALE(RUE)LIMITE FOR,,,Plein jour,En agglomération,Hors intersection,Normale,Deux véhicules - arrière,,,,,,,,,,,1,2,1,1,2
200800071725,0008-12-13 22:25:00,8,12,13,22,25,570,660,GREGOIRE(RUE DU GENERAL),,,Nuit avec éclairage allumé,En agglomération,Intersection en X,Normale,Deux véhicules - côté,,,,,,,,,,,5,2,2,1,3
200800071726,0008-12-23 17:15:00,8,12,23,17,15,570,227,CD31E,,,Nuit avec éclairage allumé,En agglomération,Intersection en T,Normale,Deux véhicules - côté,,,,,,,,,,,5,2,3,1,3
200800071727,0008-12-31 10:55:00,8,12,31,10,55,570,227,MARIE(RUE ET DU 146EME R,,,Plein jour,En agglomération,Intersection en X,Normale,Deux véhicules - arrière,,,,,,,,,,,1,2,2,1,2
200800071728,0008-12-05 12:50:00,8,12,5,12,50,570,143,CD9,,,Plein jour,En agglomération,Intersection en X,Pluie légère,Deux véhicules - côté,,,,,,,,,,,1,2,2,2,3
200800071729,0008-12-02 13:55:00,8,12,2,13,55,570,751,"23, THIONVILLE (ROUTE)",,,Plein jour,En agglomération,Hors intersection,Normale,Deux véhicules - côté,,,,,,,,,,,1,2,1,1,3
200800071730,0008-12-03 01:35:00,8,12,3,1,35,570,463,"00, MAZELLE (RUE )",,,Nuit avec éclairage allumé,En agglomération,Intersection en X,Pluie légère,Deux véhicules - arrière,,,,,,,,,,,5,2,2,2,2
200800071731,0008-12-03 18:05:00,8,12,3,18,5,570,463,"55, POUILLY (RUE DE )",,,Nuit avec éclairage allumé,En agglomération,Hors intersection,Pluie légère,Autre collision,,,,,,,,,,,5,2,1,2,6
200800071732,0008-12-04 09:25:00,8,12,4,9,25,570,412,"164, GENERAL DE GAULLE (",,,Plein jour,En agglomération,Hors intersection,Pluie légère,Deux véhicules - côté,,,,,,,,,,,1,2,1,2,3
200800071733,0008-12-05 17:05:00,8,12,5,17,5,570,463,"00, MOZART (RUE )",,,Nuit avec éclairage allumé,En agglomération,Intersection en X,Pluie légère,Autre collision,,,,,,,,,,,5,2,2,2,6
200800071734,0008-12-07 18:25:00,8,12,7,18,25,570,463,"00, TREVES (BOULEVARD DE",,,Nuit avec éclairage allumé,En agglomération,Hors intersection,Normale,Deux véhicules - arrière,,,,,,,,,,,5,2,1,1,2
200800071735,0008-12-08 07:30:00,8,12,8,7,30,570,487,", JOUY (ROUTE DE )",,,Nuit avec éclairage allumé,En agglomération,Hors intersection,Brouillard / fumée,Autre collision,,,,,,,,,,,5,2,1,5,6
200800071736,0008-12-13 10:00:00,8,12,13,10,0,570,463,"08, ROBERT SCHUMAN (AVEN",,,Plein jour,En agglomération,Hors intersection,Normale,Autre collision,,,,,,,,,,,1,2,1,1,6
200800071737,0008-12-17 17:50:00,8,12,17,17,50,570,463,"12, WOIPPY (ROUTE  DE )",,,Nuit avec éclairage allumé,En agglomération,Hors intersection,Neige / grêle,Autre collision,,,,,,,,,,,5,2,1,4,6
200800071738,0008-12-18 17:30:00,8,12,18,17,30,570,447,"1, ZAC BELLE FONTAINE",,,Nuit avec éclairage allumé,En agglomération,Autre intersection,Neige / grêle,Autre collision,,,,,,,,,,,5,2,9,4,6
200800071739,0008-12-24 17:50:00,8,12,24,17,50,570,463,"00, FEIVRES (RUE DES )",,,Nuit avec éclairage allumé,En agglomération,Intersection en X,Normale,Deux véhicules - côté,,,,,,,,,,,5,2,2,1,3
200800071740,0008-12-26 17:30:00,8,12,26,17,30,570,480,"00, GENERAL FRANIATTE (R",,,Nuit avec éclairage allumé,En agglomération,Intersection en X,Normale,Deux véhicules - côté,,,,,,,,,,,5,2,2,1,3
200800071741,0008-12-27 12:35:00,8,12,27,12,35,570,463,"00, CLOUTIERS (RUE DES )",,,Plein jour,En agglomération,Intersection en X,Normale,Deux véhicules - côté,,,,,,,,,,,1,2,2,1,3
200800071742,0008-12-28 19:25:00,8,12,28,19,25,570,480,"35, PRESIDENT J.F. KENNE",,,Nuit avec éclairage allumé,En agglomération,Hors intersection,Normale,Autre collision,,,,,,,,,,,5,2,1,1,6
200800071743,0008-12-05 17:00:00,8,12,5,17,0,570,631,"4, FAIENCERIES (BOULEVAR",,,Nuit avec éclairage allumé,En agglomération,Hors intersection,Pluie forte,Autre collision,,,,,,,,,,,5,2,1,3,6
200800071744,0008-12-05 16:00:00,8,12,5,16,0,570,672,"32, GENERAL MANGIN (RUE)",,,Plein jour,En agglomération,Hors intersection,Pluie légère,Deux véhicules - côté,,,,,,,,,,,1,2,1,2,3
200800071745,0008-12-05 18:35:00,8,12,5,18,35,570,672,ALBERT 1ER (AVENUE) - IM,,,Nuit avec éclairage allumé,Hors agglomération,Hors intersection,Pluie forte,Autre collision,,,,,,,,,,,5,1,1,3,6
200800071746,0008-12-15 07:20:00,8,12,15,7,20,570,672,"14, ALBERT 1ER (AVENUE)",,,Nuit avec éclairage allumé,En agglomération,Hors intersection,Autre,Autre collision,,,,,,,,,,,5,2,1,9,6
200800071747,0008-12-12 14:12:00,8,12,12,14,12,570,757,"0, ROOSEVELT (RUE DU PRE",,,Plein jour,Hors agglomération,Hors intersection,Normale,Deux véhicules - côté,,,,,,,,,,,1,1,1,1,3
200800071748,0008-12-17 14:10:00,8,12,17,14,10,570,672,"0, VOLKRANGE (ROUTE DE)",,,Plein jour,En agglomération,Intersection en Y,Pluie légère,Deux véhicules - arrière,,,,,,,,,,,1,2,4,2,2
200800071749,0008-12-20 17:40:00,8,12,20,17,40,570,672,"0, ROMAINS (ROUTE DES)",,,Nuit avec éclairage allumé,En agglomération,Giratoire,Pluie légère,Autre collision,,,,,,,,,,,5,2,6,2,6
200800071750,0008-12-22 11:05:00,8,12,22,11,5,570,757,"121, ROOSEVELT (RUE DU P",,,Plein jour,En agglomération,Hors intersection,Normale,Deux véhicules - côté,,,,,,,,,,,1,2,1,1,3
200800071751,0008-12-27 14:45:00,8,12,27,14,45,570,672,"0, PERCEE SUD CD 1",,,Plein jour,En agglomération,Giratoire,Normale,Deux véhicules - côté,,,,,,,,,,,1,2,6,1,3
200800071752,0008-12-01 13:00:00,8,12,1,13,0,580,194,SAINT EXUPERY (BOULEVARD,,,Plein jour,En agglomération,Hors intersection,Pluie légère,Sans collision,,,,,,,,,,,1,2,1,2,7
200800071753,0008-12-03 17:10:00,8,12,3,17,10,580,194,PIERRE DE COUBERTIN,,,Nuit avec éclairage allumé,En agglomération,Hors intersection,Pluie légère,Sans collision,,,,,,,,,,,5,2,1,2,7
200800071754,0008-12-29 20:45:00,8,12,29,20,45,580,194,MARECHAL JUIN,,,Nuit avec éclairage allumé,En agglomération,Hors intersection,Pluie légère,Sans collision,,,,,,,,,,,5,2,1,2,7
200800071755,0008-12-02 12:10:00,8,12,2,12,10,580,194,PONT CIZEAU,,,Plein jour,En agglomération,Hors intersection,Pluie légère,Autre collision,,,,,,,,,,,1,2,1,2,6
200800071756,0008-12-06 16:20:00,8,12,6,16,20,580,194,CROIX JOYEUSE (CARREFOUR,,,Plein jour,En agglomération,Hors intersection,Normale,Autre collision,,,,,,,,,,,1,2,1,1,6
200800071757,0008-12-06 17:55:00,8,12,6,17,55,580,194,FONTAINE D'ARGENT (PLACE,,,Nuit avec éclairage allumé,En agglomération,Hors intersection,Normale,Deux véhicules - arrière,,,,,,,,,,,5,2,1,1,2
200800071758,0008-12-11 07:55:00,8,12,11,7,55,580,194,PABLO NERUDA,,,Crépuscule ou aube,En agglomération,Hors intersection,Normale,Autre collision,,,,,,,,,,,2,2,1,1,6
200800071759,0008-12-13 17:25:00,8,12,13,17,25,580,194,CROIX JOYEUSE (CARREFOUR,,,Nuit avec éclairage allumé,En agglomération,Hors intersection,Neige / grêle,Autre collision,,,,,,,,,,,5,2,1,4,6
200800071760,0008-12-20 05:00:00,8,12,20,5,0,580,194,"45, BARATTE (FAUBOURG)",,,Nuit avec éclairage allumé,En agglomération,Hors intersection,Normale,Autre collision,,,,,,,,,,,5,2,1,1,6
200800071761,0008-12-19 13:25:00,8,12,19,13,25,580,194,"sans, ARDENETS",,,Plein jour,En agglomération,Intersection en X,Pluie légère,Deux véhicules - frontale,,,,,,,,,,,1,2,2,2,1
200800071762,0008-12-19 16:10:00,8,12,19,16,10,580,194,"sans, MONTOTS",,,Plein jour,En agglomération,Intersection en X,Pluie légère,Deux véhicules - côté,,,,,,,,,,,1,2,2,2,3
200800071763,0008-12-20 12:25:00,8,12,20,12,25,580,194,"Sans, ANDRE THUILLIER",,,Plein jour,En agglomération,Intersection en T,Normale,Deux véhicules - côté,,,,,,,,,,,1,2,3,1,3
200800071764,0008-12-20 16:40:00,8,12,20,16,40,580,194,"sans, LOUISE MICHEL",,,Plein jour,En agglomération,Intersection en X,Pluie légère,Deux véhicules - côté,,,,,,,,,,,1,2,2,2,3
200800071765,0008-12-19 20:15:00,8,12,19,20,15,580,194,COLBERT,,,Nuit avec éclairage allumé,En agglomération,Hors intersection,Pluie légère,Sans collision,,,,,,,,,,,5,2,1,2,7
200800071766,0008-12-27 11:55:00,8,12,27,11,55,580,194,"SANS, HENRI BARBUSSE",,,Plein jour,En agglomération,Hors intersection,Normale,Autre collision,,,,,,,,,,,1,2,1,1,6
200800071767,0008-12-24 13:35:00,8,12,24,13,35,580,194,"sans, CHARLES ROY",,,Plein jour,En agglomération,Hors intersection,Normale,Autre collision,,,,,,,,,,,1,2,1,1,6
200800071768,0008-12-19 15:50:00,8,12,19,15,50,590,17,"15, MICHELET (RUE)",,,Plein jour,En agglomération,Hors intersection,Normale,Autre collision,,,,,,,,,,,1,2,1,1,6
200800071769,0008-12-02 21:20:00,8,12,2,21,20,590,17,FAIDHERBE (BD ),,,Nuit avec éclairage non allumé,En agglomération,Intersection en T,Pluie légère,Deux véhicules - côté,,,,,,,,,,,4,2,3,2,3
200800071770,0008-12-21 20:45:00,8,12,21,20,45,590,317,ROUTE DEPARTEMENTALE 945,,,Nuit avec éclairage allumé,Hors agglomération,Intersection en T,Normale,Deux véhicules - côté,,,,,,,,,,,5,1,3,1,3
200800071771,0008-12-05 07:28:00,8,12,5,7,28,590,122,POMPIDOU (AVENUE GEORGES,,,Crépuscule ou aube,En agglomération,Intersection en T,Pluie légère,Deux véhicules - côté,,,,,,,,,,,2,2,3,2,3
200800071772,0008-12-12 00:10:00,8,12,12,0,10,590,122,DOCKS (RUE DES),,,Nuit avec éclairage allumé,En agglomération,Hors intersection,Normale,Deux véhicules - côté,,,,,,,,,,,5,2,1,1,3
200800071773,0008-12-08 13:40:00,8,12,8,13,40,590,122,"08, PONT DE PIERRES (RUE",,,Plein jour,En agglomération,Hors intersection,Normale,Sans collision,,,,,,,,,,,1,2,1,1,7
200800071774,0008-12-16 17:30:00,8,12,16,17,30,590,205,"237, GUESDE (R. JULES)",,,Nuit avec éclairage allumé,En agglomération,Hors intersection,Temps couvert,Autre collision,,,,,,,,,,,5,2,1,8,6
200800071775,0008-12-11 18:15:00,8,12,11,18,15,590,172,"., MAI 1945 (BD DU 8)",,,Nuit avec éclairage allumé,En agglomération,Hors intersection,Normale,Trois véhicules et plus - collisions multiples,,,,,,,,,,,5,2,1,1,5
200800071776,0008-12-20 16:00:00,8,12,20,16,0,590,172,CASANOVA (R. PAUL ELIE),,,Plein jour,En agglomération,Intersection en X,Normale,Deux véhicules - côté,,,,,,,,,,,1,2,2,1,3