accident_id,datetime,annee,mois,jour,heure,minute,departement,commune_insee,adresse,latitude,longitude,luminosite,agglomeration,intersection,meteo,collision,nb_vehicules,nb_usagers,nb_indemnes,nb_tues,nb_blesses_hosp,nb_blesses_legers,age_cond_1,age_cond_2,veh_type_cond_1,veh_type_cond_2,lum_code,agg_code,int_code,atm_code,col_code
200800072421,0008-12-29 17:25:00,8,12,29,17,25,780,621,BERLIOZ (RUE HECTOR),,,Nuit sans éclairage public,En agglomération,Hors intersection,Normale,Autre collision,,,,,,,,,,,3,2,1,1,6
200800072422,0008-12-20 06:20:00,8,12,20,6,20,780,621,ALLENDE (AVE. SALV.)(SUD,,,Nuit avec éclairage allumé,En agglomération,Intersection en T,Normale,Deux véhicules - côté,,,,,,,,,,,5,2,3,1,3
200800072423,0008-12-23 13:15:00,8,12,23,13,15,780,621,LANGEVIN (RUE PAUL),,,Plein jour,En agglomération,Intersection en T,Normale,Trois véhicules et plus - en chaîne,,,,,,,,,,,1,2,3,1,4
200800072424,0008-12-02 20:10:00,8,12,2,20,10,780,621,ALLENDE (AVE. SALV.)(NOR,,,Nuit avec éclairage allumé,En agglomération,Hors intersection,Pluie légère,Trois véhicules et plus - en chaîne,,,,,,,,,,,5,2,1,2,4
200800072425,0008-12-17 20:15:00,8,12,17,20,15,780,686,JOUY (RUE DE),,,Nuit avec éclairage allumé,En agglomération,Autre intersection,Temps couvert,Autre collision,,,,,,,,,,,5,2,9,8,6
200800072426,0008-12-19 18:24:00,8,12,19,18,24,780,686,"103, GENERAL LECLERC (AV",,,Nuit avec éclairage allumé,En agglomération,Hors intersection,Normale,Deux véhicules - côté,,,,,,,,,,,5,2,1,1,3
200800072427,0008-12-22 18:30:00,8,12,22,18,30,780,640,"2, EUROPE (AVENUE DE L')",,,Nuit avec éclairage allumé,En agglomération,Intersection en X,Pluie légère,Deux véhicules - côté,,,,,,,,,,,5,2,2,2,3
200800072428,0008-12-30 20:00:00,8,12,30,20,0,780,646,PARIS (AVENUE DE),,,Nuit avec éclairage allumé,En agglomération,Intersection en X,Temps couvert,Deux véhicules - côté,,,,,,,,,,,5,2,2,8,3
200800072429,0008-12-01 08:55:00,8,12,1,8,55,780,646,"23, PORTE DE BUC (RUE DE",,,Plein jour,En agglomération,Hors intersection,Pluie légère,Deux véhicules - côté,,,,,,,,,,,1,2,1,2,3
200800072430,0008-12-04 07:50:00,8,12,4,7,50,780,158,SAINT GERMAIN (ROUTE DE),,,Crépuscule ou aube,Hors agglomération,Hors intersection,Pluie forte,Autre collision,,,,,,,,,,,2,1,1,3,6
200800072431,0008-12-11 13:50:00,8,12,11,13,50,780,646,"32, MARTINIERE RUE DE LA",,,Plein jour,En agglomération,Hors intersection,Normale,Sans collision,,,,,,,,,,,1,2,1,1,7
200800072432,0008-12-18 16:45:00,8,12,18,16,45,780,646,"Néant, M. DE LATTRE DE T",,,Crépuscule ou aube,En agglomération,Intersection en T,Normale,Deux véhicules - côté,,,,,,,,,,,2,2,3,1,3
200800072433,0008-12-24 16:30:00,8,12,24,16,30,780,646,"6, SCEAUX (AVENUE DE)",,,Crépuscule ou aube,En agglomération,Hors intersection,Normale,Deux véhicules - frontale,,,,,,,,,,,2,2,1,1,1
200800072434,0008-12-03 18:10:00,8,12,3,18,10,790,81,"49, ROCHEREAUX (BOULEVAR",,,Nuit avec éclairage allumé,En agglomération,Hors intersection,Normale,Sans collision,,,,,,,,,,,5,2,1,1,7
200800072435,0008-12-11 20:05:00,8,12,11,20,5,790,191,"6, ESPINGOLE",,,Nuit avec éclairage allumé,En agglomération,Giratoire,Normale,Sans collision,,,,,,,,,,,5,2,6,1,7
200800072436,0008-12-15 18:20:00,8,12,15,18,20,790,191,"373, PARIS (AV)  176 A 2",,,Nuit avec éclairage allumé,En agglomération,Intersection en T,Normale,Autre collision,,,,,,,,,,,5,2,3,1,6
200800072437,0008-12-17 14:19:00,8,12,17,14,19,790,329,"3, REPUBLIQUE (BOULEVARD",,,Plein jour,En agglomération,Intersection en X,Temps couvert,Sans collision,,,,,,,,,,,1,2,2,8,7
200800072438,0008-12-20 22:10:00,8,12,20,22,10,800,1,PRESIDENT ROBERT SCHUMAN,,,Nuit avec éclairage allumé,En agglomération,Autre intersection,Temps couvert,Autre collision,,,,,,,,,,,5,2,9,8,6
200800072439,0008-12-31 17:40:00,8,12,31,17,40,800,21,"00, POULAINVILLE (RUE DE",,,Nuit avec éclairage allumé,En agglomération,Hors intersection,Normale,Deux véhicules - côté,,,,,,,,,,,5,2,1,1,3
200800072440,0008-12-02 17:30:00,8,12,2,17,30,800,21,"00, GEORGES BEAUVAIS (RU",,,Nuit avec éclairage allumé,En agglomération,Intersection en T,Pluie légère,Deux véhicules - côté,,,,,,,,,,,5,2,3,2,3
200800072441,0008-12-02 18:00:00,8,12,2,18,0,800,21,"00, VALENTIN HAUY (RUE)",,,Nuit avec éclairage allumé,En agglomération,Intersection en X,Pluie légère,Autre collision,,,,,,,,,,,5,2,2,2,6
200800072442,0008-12-03 20:30:00,8,12,3,20,30,800,725,NORMANDIE (ROUTE DE) RD,,,Nuit avec éclairage allumé,Hors agglomération,Hors intersection,Normale,Autre collision,,,,,,,,,,,5,1,1,1,6
200800072443,0008-12-03 13:00:00,8,12,3,13,0,800,21,"00, BOTTICELLI (RUE)",,,Plein jour,En agglomération,Hors intersection,Pluie légère,Deux véhicules - arrière,,,,,,,,,,,1,2,1,2,2
200800072444,0008-12-03 18:30:00,8,12,3,18,30,800,21,"09, BARABAN (BOULEVARD)",,,Nuit avec éclairage allumé,En agglomération,Hors intersection,Normale,Deux véhicules - côté,,,,,,,,,,,5,2,1,1,3
200800072445,0008-12-07 00:20:00,8,12,7,0,20,800,21,"00, BRANLY (ESPLANADE)",,,Nuit avec éclairage allumé,En agglomération,Intersection en X,Normale,Deux véhicules - côté,,,,,,,,,,,5,2,2,1,3
200800072446,0008-12-05 23:50:00,8,12,5,23,50,800,164,"593, AMIENS (RUE D')",,,Nuit avec éclairage allumé,En agglomération,Hors intersection,Pluie forte,Trois véhicules et plus - en chaîne,,,,,,,,,,,5,2,1,3,4
200800072447,0008-12-08 08:15:00,8,12,8,8,15,800,21,"00, BELFORT (BOULEVARD D",,,Plein jour,En agglomération,Intersection en T,Normale,Deux véhicules - côté,,,,,,,,,,,1,2,3,1,3
200800072448,0008-12-07 01:15:00,8,12,7,1,15,800,21,"22, AMONT (PORT D')",,,Nuit avec éclairage allumé,En agglomération,Hors intersection,Normale,Deux véhicules - côté,,,,,,,,,,,5,2,1,1,3
200800072449,0008-12-07 19:45:00,8,12,7,19,45,800,21,"00, JULES BARNI (RUE)",,,Nuit avec éclairage allumé,En agglomération,Hors intersection,Brouillard / fumée,Deux véhicules - côté,,,,,,,,,,,5,2,1,5,3
200800072450,0008-12-05 18:00:00,8,12,5,18,0,800,21,"00, ROUBAIX (BOULEVARD D",,,Nuit avec éclairage allumé,En agglomération,Hors intersection,Pluie légère,Deux véhicules - arrière,,,,,,,,,,,5,2,1,2,2
200800072451,0008-12-06 12:55:00,8,12,6,12,55,800,21,"08, ASSAS (RUE D')",,,Plein jour,En agglomération,Hors intersection,Normale,Deux véhicules - côté,,,,,,,,,,,1,2,1,1,3
200800072452,0008-12-06 07:50:00,8,12,6,7,50,800,21,"00, GENERAL DE GAULLE (A",,,Nuit avec éclairage allumé,En agglomération,Hors intersection,Normale,Deux véhicules - côté,,,,,,,,,,,5,2,1,1,3
200800072453,0008-12-05 14:50:00,8,12,5,14,50,800,21,"00, ALBERIC DE CALONNE (",,,Plein jour,En agglomération,Hors intersection,Normale,Sans collision,,,,,,,,,,,1,2,1,1,7
200800072454,0008-12-05 21:35:00,8,12,5,21,35,800,21,"00, ALEXANDRE DUMAS (RUE",,,Nuit avec éclairage allumé,En agglomération,Intersection en T,Pluie légère,Deux véhicules - côté,,,,,,,,,,,5,2,3,2,3
200800072455,0008-12-05 19:05:00,8,12,5,19,5,800,21,"5, CONDORCET (RUE)",,,Nuit avec éclairage allumé,En agglomération,Hors intersection,Normale,Deux véhicules - côté,,,,,,,,,,,5,2,1,1,3
200800072456,0008-12-01 17:30:00,8,12,1,17,30,800,21,"00, UNION (RUE DE L')",,,Nuit avec éclairage allumé,En agglomération,Hors intersection,Pluie légère,Sans collision,,,,,,,,,,,5,2,1,2,7
200800072457,0008-12-04 07:40:00,8,12,4,7,40,800,21,ANDRE DUROUCHEZ (RUE),,,Nuit avec éclairage allumé,Hors agglomération,Hors intersection,Pluie légère,Trois véhicules et plus - collisions multiples,,,,,,,,,,,5,1,1,2,5
200800072458,0008-12-13 17:25:00,8,12,13,17,25,800,21,ROCADE NORD EST RN 25,,,Nuit avec éclairage allumé,Hors agglomération,Hors intersection,Pluie forte,Autre collision,,,,,,,,,,,5,1,1,3,6
200800072459,0008-12-13 18:15:00,8,12,13,18,15,800,21,"00, BELFORT (BOULEVARD D",,,Nuit avec éclairage allumé,En agglomération,Hors intersection,Pluie légère,Autre collision,,,,,,,,,,,5,2,1,2,6
200800072460,0008-12-19 14:30:00,8,12,19,14,30,800,21,"6, COLBERT (RUE )",,,Plein jour,En agglomération,Hors intersection,Normale,Sans collision,,,,,,,,,,,1,2,1,1,7
200800072461,0008-12-15 19:00:00,8,12,15,19,0,800,160,"00, HENRI BARBUSSE (RUE)",,,Nuit avec éclairage allumé,En agglomération,Hors intersection,Temps couvert,Deux véhicules - côté,,,,,,,,,,,5,2,1,8,3
200800072462,0008-12-19 22:40:00,8,12,19,22,40,800,131,CD116,,,Nuit avec éclairage non allumé,Hors agglomération,Hors intersection,Normale,Deux véhicules - frontale,,,,,,,,,,,4,1,1,1,1
200800072463,0008-12-19 15:45:00,8,12,19,15,45,800,21,"00, MARIUS PETIT (RUE)",,,Plein jour,En agglomération,Hors intersection,Normale,Sans collision,,,,,,,,,,,1,2,1,1,7
200800072464,0008-12-19 18:40:00,8,12,19,18,40,800,21,"00, JULES BARNI (RUE)",,,Nuit avec éclairage allumé,En agglomération,Hors intersection,Normale,Deux véhicules - arrière,,,,,,,,,,,5,2,1,1,2
200800072465,0008-12-20 08:10:00,8,12,20,8,10,800,21,"00, PIERRE ROLLIN (RUE)",,,Plein jour,En agglomération,Hors intersection,Pluie légère,Trois véhicules et plus - collisions multiples,,,,,,,,,,,1,2,1,2,5
200800072466,0008-12-20 17:00:00,8,12,20,17,0,800,261,RD 1001,,,Crépuscule ou aube,Hors agglomération,Hors intersection,Normale,Sans collision,,,,,,,,,,,2,1,1,1,7
200800072467,0008-12-18 19:30:00,8,12,18,19,30,800,725,"00, LAENNEC (AVENUE)",,,Nuit avec éclairage allumé,En agglomération,Hors intersection,Pluie légère,Deux véhicules - côté,,,,,,,,,,,5,2,1,2,3
200800072468,0008-12-17 10:15:00,8,12,17,10,15,800,21,"00, FRANCS MURIERS (RUE",,,Plein jour,En agglomération,Intersection en X,Pluie légère,Sans collision,,,,,,,,,,,1,2,2,2,7
200800072469,0008-12-13 19:00:00,8,12,13,19,0,800,21,"175, SAINT HONORE (RUE)",,,Nuit avec éclairage allumé,En agglomération,Hors intersection,Pluie légère,Deux véhicules - arrière,,,,,,,,,,,5,2,1,2,2
200800072470,0008-12-29 14:25:00,8,12,29,14,25,800,21,"2, LUCIEN LECOINTE (RUE)",,,Plein jour,En agglomération,Intersection en T,Normale,Sans collision,,,,,,,,,,,1,2,3,1,7
200800072471,0008-12-14 20:50:00,8,12,14,20,50,810,18,BONAFE ( AVENUE M ),,,Nuit avec éclairage allumé,En agglomération,Hors intersection,Pluie forte,Deux véhicules - côté,,,,,,,,,,,5,2,1,3,3
200800072472,0008-12-22 08:25:00,8,12,22,8,25,810,4,MOULIN (LICES JEAN),,,Plein jour,En agglomération,Hors intersection,Normale,Autre collision,,,,,,,,,,,1,2,1,1,6
200800072473,0008-12-21 15:15:00,8,12,21,15,15,810,4,POUJOL (PAUL),,,Plein jour,En agglomération,Intersection en X,Normale,Deux véhicules - côté,,,,,,,,,,,1,2,2,1,3
200800072474,0008-12-11 23:20:00,8,12,11,23,20,810,65,LAMEILHE (PT DE),,,Nuit avec éclairage allumé,En agglomération,Hors intersection,Normale,Autre collision,,,,,,,,,,,5,2,1,1,6
200800072475,0008-12-11 16:35:00,8,12,11,16,35,810,21,PREMIERE ARMEE FRANCAISE,,,Plein jour,En agglomération,Autre intersection,Normale,Deux véhicules - arrière,,,,,,,,,,,1,2,9,1,2
200800072476,0008-12-15 19:30:00,8,12,15,19,30,810,163,ASSEMAT (JEAN),,,Nuit avec éclairage allumé,En agglomération,Intersection en T,Pluie légère,Autre collision,,,,,,,,,,,5,2,3,2,6
200800072477,0008-12-10 16:45:00,8,12,10,16,45,810,163,RD 118,,,Plein jour,Hors agglomération,Autre intersection,Neige / grêle,Autre collision,,,,,,,,,,,1,1,9,4,6
200800072478,0008-12-21 13:40:00,8,12,21,13,40,810,21,"36, TOULOUSE",,,Plein jour,Hors agglomération,Hors intersection,Normale,Deux véhicules - côté,,,,,,,,,,,1,1,1,1,3
200800072479,0008-12-04 13:25:00,8,12,4,13,25,820,33,CD 45,,,Plein jour,Hors agglomération,Hors intersection,Pluie forte,Deux véhicules - frontale,,,,,,,,,,,1,1,1,3,1
200800072480,0008-12-19 18:00:00,8,12,19,18,0,820,33,RN 113,,,Crépuscule ou aube,Hors agglomération,Hors intersection,Pluie légère,Deux véhicules - frontale,,,,,,,,,,,2,1,1,2,1
200800072481,0008-12-24 18:45:00,8,12,24,18,45,820,33,CD 14,,,Nuit sans éclairage public,Hors agglomération,Hors intersection,Brouillard / fumée,Autre collision,,,,,,,,,,,3,1,1,5,6
200800072482,0008-12-03 19:20:00,8,12,3,19,20,820,121,"0, VITARELLE (ROUTE DE L",,,Nuit sans éclairage public,Hors agglomération,Intersection en T,Normale,Deux véhicules - côté,,,,,,,,,,,3,1,3,1,3
200800072483,0008-12-07 18:35:00,8,12,7,18,35,820,121,"1700, SAINT-MARTIAL (ROU",,,Nuit sans éclairage public,Hors agglomération,Hors intersection,Normale,Autre collision,,,,,,,,,,,3,1,1,1,6
200800072484,0008-12-04 18:10:00,8,12,4,18,10,820,121,"0, MOULIN N 20 (AVENUE J",,,Nuit avec éclairage allumé,En agglomération,Hors intersection,Normale,Trois véhicules et plus - en chaîne,,,,,,,,,,,5,2,1,1,4
200800072485,0008-12-01 16:50:00,8,12,1,16,50,820,121,"0, ABBAYE (RUE DE L')",,,Plein jour,En agglomération,Hors intersection,Normale,Deux véhicules - côté,,,,,,,,,,,1,2,1,1,3
200800072486,0008-12-07 12:30:00,8,12,7,12,30,820,121,"0, 19 AOUT 1944 ( AVENUE",,,Plein jour,En agglomération,Intersection en T,Normale,Deux véhicules - côté,,,,,,,,,,,1,2,3,1,3
200800072487,0008-12-11 16:25:00,8,12,11,16,25,820,121,"0, SELVES (RUE DE)",,,Plein jour,En agglomération,Intersection en X,Normale,Autre collision,,,,,,,,,,,1,2,2,1,6
200800072488,0008-12-12 16:30:00,8,12,12,16,30,820,121,"0, EGALITE (RUE DE L')",,,Plein jour,En agglomération,Hors intersection,Normale,Autre collision,,,,,,,,,,,1,2,1,1,6
200800072489,0008-12-13 21:40:00,8,12,13,21,40,820,121,"0, SARRAIL (RUE DU GENER",,,Nuit avec éclairage allumé,En agglomération,Hors intersection,Normale,Autre collision,,,,,,,,,,,5,2,1,1,6
200800072490,0008-12-17 17:30:00,8,12,17,17,30,820,121,"1100, MOLIERES (ROUTE DE",,,Plein jour,Hors agglomération,Hors intersection,Normale,Autre collision,,,,,,,,,,,1,1,1,1,6
200800072491,0008-12-18 20:30:00,8,12,18,20,30,820,121,"0, GASSERAS (AVENUE DE)",,,Nuit avec éclairage allumé,Hors agglomération,Intersection en X,Normale,Deux véhicules - côté,,,,,,,,,,,5,1,2,1,3
200800072492,0008-12-18 11:00:00,8,12,18,11,0,820,121,"21, ALIBERT ( RUE DU DOC",,,Plein jour,En agglomération,Intersection en X,Normale,Autre collision,,,,,,,,,,,1,2,2,1,6
200800072493,0008-12-30 17:00:00,8,12,30,17,0,820,121,"0, BEAUSOLEIL (AVENUE DE",,,Nuit sans éclairage public,En agglomération,Hors intersection,Normale,Autre collision,,,,,,,,,,,3,2,1,1,6
200800072494,0008-12-03 08:00:00,8,12,3,8,0,830,50,MENDES FRANCE(BOULEVARD,,,Plein jour,En agglomération,Hors intersection,Normale,Autre collision,,,,,,,,,,,1,2,1,1,6
200800072495,0008-12-07 21:20:00,8,12,7,21,20,830,50,"464, BLUM(BOULEVARD LEON",,,Nuit avec éclairage allumé,En agglomération,Hors intersection,Normale,Autre collision,,,,,,,,,,,5,2,1,1,6
200800072496,0008-12-15 17:45:00,8,12,15,17,45,830,61,"211, AVENUE DE L'ARGENS",,,Nuit avec éclairage allumé,En agglomération,Hors intersection,Pluie légère,Autre collision,,,,,,,,,,,5,2,1,2,6
200800072497,0008-12-11 11:45:00,8,12,11,11,45,830,118,"240, BOULEVARD JEAN MOUL",,,Plein jour,En agglomération,Hors intersection,Pluie forte,Autre collision,,,,,,,,,,,1,2,1,3,6
200800072498,0008-12-07 17:30:00,8,12,7,17,30,830,61,"0, RN98 ST AYGULF",,,Nuit avec éclairage allumé,En agglomération,Autre intersection,Normale,Deux véhicules - frontale,,,,,,,,,,,5,2,9,1,1
200800072499,0008-12-17 15:40:00,8,12,17,15,40,830,118,"175, QUAI ALBERT 1ER",,,Plein jour,En agglomération,Hors intersection,Normale,Autre collision,,,,,,,,,,,1,2,1,1,6
200800072500,0008-12-21 19:15:00,8,12,21,19,15,830,61,"250, AVENUE DE LATTRE DE",,,Nuit avec éclairage allumé,En agglomération,Hors intersection,Normale,Autre collision,,,,,,,,,,,5,2,1,1,6
200800072501,0008-12-01 19:50:00,8,12,1,19,50,830,34,"1360, RUE DES 3 PINS",,,Nuit avec éclairage allumé,Hors agglomération,Hors intersection,Normale,Deux véhicules - frontale,,,,,,,,,,,5,1,1,1,1
200800072502,0008-12-06 14:05:00,8,12,6,14,5,830,69,"NS, ALMANARRE (ROUTE DE",,,Plein jour,En agglomération,Intersection en T,Normale,Deux véhicules - côté,,,,,,,,,,,1,2,3,1,3
200800072503,0008-12-09 17:05:00,8,12,9,17,5,830,34,"1970, RUE DES 3 PINS",,,Nuit avec éclairage allumé,Hors agglomération,Hors intersection,Pluie légère,Deux véhicules - frontale,,,,,,,,,,,5,1,1,2,1
200800072504,0008-12-13 01:20:00,8,12,13,1,20,830,69,RN98,,,Nuit sans éclairage public,Hors agglomération,Hors intersection,Normale,Deux véhicules - arrière,,,,,,,,,,,3,1,1,1,2
200800072505,0008-12-01 12:55:00,8,12,1,12,55,830,9,"000, ONZE NOVEMBRE 1945",,,Plein jour,En agglomération,Intersection en X,Temps couvert,Deux véhicules - côté,,,,,,,,,,,1,2,2,8,3
200800072506,0008-12-06 10:00:00,8,12,6,10,0,830,129,"63, REPUBLIQUE (AVENUE D",,,Plein jour,En agglomération,Hors intersection,Normale,Autre collision,,,,,,,,,,,1,2,1,1,6
200800072507,0008-12-07 21:40:00,8,12,7,21,40,830,129,KENNEDY (AVENUE J.)N° IM,,,Nuit avec éclairage allumé,En agglomération,Hors intersection,Normale,Autre collision,,,,,,,,,,,5,2,1,1,6
200800072508,0008-12-09 17:55:00,8,12,9,17,55,830,123,"000, BANDOL (ROUTE)N° PA",,,Nuit avec éclairage allumé,En agglomération,Hors intersection,Pluie légère,Trois véhicules et plus - en chaîne,,,,,,,,,,,5,2,1,2,4
200800072509,0008-12-21 09:35:00,8,12,21,9,35,830,129,"000, REPUBLIQUE (AVENUE",,,Plein jour,En agglomération,Intersection en T,Normale,Autre collision,,,,,,,,,,,1,2,3,1,6
200800072510,0008-12-22 07:45:00,8,12,22,7,45,830,123,TOULON (ANCIEN CHEMIN DE,,,Crépuscule ou aube,En agglomération,Intersection en T,Normale,Deux véhicules - côté,,,,,,,,,,,2,2,3,1,3
200800072511,0008-12-02 18:15:00,8,12,2,18,15,830,126,"1, EUROPE (BD DE L')",,,Nuit avec éclairage allumé,En agglomération,Hors intersection,Normale,Deux véhicules - côté,,,,,,,,,,,5,2,1,1,3
200800072512,0008-12-19 12:50:00,8,12,19,12,50,830,126,"1, FABRE (QUAI SATURNIN)",,,Plein jour,En agglomération,Hors intersection,Normale,Autre collision,,,,,,,,,,,1,2,1,1,6
200800072513,0008-12-28 11:35:00,8,12,28,11,35,830,126,"135, OLIVIERS (CHEMIN DE",,,Plein jour,En agglomération,Hors intersection,Normale,Autre collision,,,,,,,,,,,1,2,1,1,6
200800072514,0008-12-01 16:15:00,8,12,1,16,15,830,90,NATIONALE 8 (ROUTE),,,Plein jour,Hors agglomération,Intersection en X,Normale,Deux véhicules - frontale,,,,,,,,,,,1,1,2,1,1
200800072515,0008-12-01 19:10:00,8,12,1,19,10,830,137,MOULINS (AVE DES DE 328,,,Nuit avec éclairage allumé,En agglomération,Hors intersection,Normale,Deux véhicules - arrière,,,,,,,,,,,5,2,1,1,2
200800072516,0008-12-01 18:20:00,8,12,1,18,20,830,137,"964, GASQUET (AVE JOSEPH",,,Nuit avec éclairage allumé,En agglomération,Hors intersection,Normale,Deux véhicules - côté,,,,,,,,,,,5,2,1,1,3
200800072517,0008-12-01 18:05:00,8,12,1,18,5,830,137,"367, JOFFRE (BD MARECHAL",,,Nuit avec éclairage allumé,En agglomération,Hors intersection,Normale,Autre collision,,,,,,,,,,,5,2,1,1,6
200800072518,0008-12-03 14:18:00,8,12,3,14,18,830,137,"571, GASQUET (AVE JOSEPH",,,Plein jour,En agglomération,Intersection en T,Normale,Deux véhicules - côté,,,,,,,,,,,1,2,3,1,3
200800072519,0008-12-04 10:05:00,8,12,4,10,5,830,62,"4, BARTOLINI (RUE JEAN)",,,Plein jour,En agglomération,Intersection en T,Normale,Autre collision,,,,,,,,,,,1,2,3,1,6
200800072520,0008-12-06 19:35:00,8,12,6,19,35,830,137,"328, NICE (ROUTE DE)",,,Nuit avec éclairage allumé,En agglomération,Autre intersection,Normale,Autre collision,,,,,,,,,,,5,2,9,1,6
200800072521,0008-12-03 08:10:00,8,12,3,8,10,830,62,GANCE (AVENUE ABEL),,,Crépuscule ou aube,En agglomération,Intersection en T,Temps couvert,Autre collision,,,,,,,,,,,2,2,3,8,6
200800072522,0008-12-11 17:50:00,8,12,11,17,50,830,62,"0, SALENGRO (AVENUE ROGE",,,Nuit avec éclairage allumé,En agglomération,Intersection en T,Normale,Deux véhicules - côté,,,,,,,,,,,5,2,3,1,3
200800072523,0008-12-10 14:20:00,8,12,10,14,20,830,137,"483, FARON (BD DU)",,,Plein jour,En agglomération,Intersection en Y,Pluie légère,Deux véhicules - frontale,,,,,,,,,,,1,2,4,2,1
200800072524,0008-12-10 11:20:00,8,12,10,11,20,830,98,"41, MOULIN (AVENUE JEAN)",,,Plein jour,En agglomération,Hors intersection,Normale,Autre collision,,,,,,,,,,,1,2,1,1,6
200800072525,0008-12-11 07:55:00,8,12,11,7,55,830,144,NATIONALE 97 (ROUTE),,,Plein jour,En agglomération,Intersection en T,Pluie légère,Deux véhicules - frontale,,,,,,,,,,,1,2,3,2,1
200800072526,0008-12-15 15:05:00,8,12,15,15,5,830,90,"813, GORGES (ROUTE DES)",,,Plein jour,Hors agglomération,Hors intersection,Pluie légère,Trois véhicules et plus - collisions multiples,,,,,,,,,,,1,1,1,2,5
200800072527,0008-12-10 07:25:00,8,12,10,7,25,830,137,"555, BRIAND (AVE ARISTID",,,Crépuscule ou aube,En agglomération,Hors intersection,Pluie légère,Autre collision,,,,,,,,,,,2,2,1,2,6
200800072528,0008-12-11 13:25:00,8,12,11,13,25,830,137,CAMUS (AVE ALBERT),,,Plein jour,En agglomération,Autre intersection,Normale,Sans collision,,,,,,,,,,,1,2,9,1,7
200800072529,0008-12-12 11:30:00,8,12,12,11,30,830,137,CARNOT (AVE LAZARE),,,Plein jour,En agglomération,Hors intersection,Normale,Deux véhicules - côté,,,,,,,,,,,1,2,1,1,3
200800072530,0008-12-15 17:30:00,8,12,15,17,30,830,137,ROUTES (AVE DES),,,Nuit avec éclairage allumé,En agglomération,Intersection en Y,Pluie légère,Deux véhicules - côté,,,,,,,,,,,5,2,4,2,3
200800072531,0008-12-16 07:50:00,8,12,16,7,50,830,137,COLLET (AVE AMIRAL),,,Plein jour,En agglomération,Hors intersection,Pluie forte,Deux véhicules - arrière,,,,,,,,,,,1,2,1,3,2
200800072532,0008-12-12 08:45:00,8,12,12,8,45,830,144,BIGUE (CAR),,,Plein jour,En agglomération,Hors intersection,Normale,Deux véhicules - arrière,,,,,,,,,,,1,2,1,1,2
200800072533,0008-12-12 11:00:00,8,12,12,11,0,830,144,MIRASOULEOU (AVE),,,Plein jour,En agglomération,Hors intersection,Normale,Autre collision,,,,,,,,,,,1,2,1,1,6
200800072534,0008-12-20 00:50:00,8,12,20,0,50,830,137,PICOT (AVE DU COLONEL),,,Nuit avec éclairage allumé,En agglomération,Intersection en T,Normale,Deux véhicules - côté,,,,,,,,,,,5,2,3,1,3
200800072535,0008-12-24 17:55:00,8,12,24,17,55,830,144,"141, LECLERC (BD MARECHA",,,Nuit avec éclairage allumé,En agglomération,Hors intersection,Normale,Autre collision,,,,,,,,,,,5,2,1,1,6
200800072536,0008-12-23 15:35:00,8,12,23,15,35,830,144,"233, NATIONALE 97 (ROUTE",,,Plein jour,Hors agglomération,Hors intersection,Temps couvert,Deux véhicules - frontale,,,,,,,,,,,1,1,1,8,1
200800072537,0008-12-28 11:25:00,8,12,28,11,25,830,137,"17, PONT DE BOIS (CHEMIN",,,Plein jour,En agglomération,Hors intersection,Normale,Autre collision,,,,,,,,,,,1,2,1,1,6
200800072538,0008-12-29 11:20:00,8,12,29,11,20,830,137,REPUBLIQUE (AVE DE LA),,,Plein jour,En agglomération,Hors intersection,Normale,Autre collision,,,,,,,,,,,1,2,1,1,6
200800072539,0008-12-30 21:15:00,8,12,30,21,15,830,137,BRIAND (AVE ARISTIDE DE,,,Nuit avec éclairage allumé,En agglomération,Hors intersection,Normale,Autre collision,,,,,,,,,,,5,2,1,1,6
200800072540,0008-12-04 14:00:00,8,12,4,14,0,830,137,RAMEAU (RUE JP),,,Plein jour,En agglomération,Intersection en T,Normale,Deux véhicules - arrière,,,,,,,,,,,1,2,3,1,2
200800072541,0008-12-17 18:20:00,8,12,17,18,20,830,137,BONAPARTE (ROND POINT DU,,,Nuit avec éclairage allumé,En agglomération,Hors intersection,Normale,Deux véhicules - côté,,,,,,,,,,,5,2,1,1,3
200800072542,0008-12-17 19:15:00,8,12,17,19,15,830,137,ARMARIS (BD DES),,,Nuit avec éclairage allumé,En agglomération,Intersection en T,Normale,Deux véhicules - côté,,,,,,,,,,,5,2,3,1,3
200800072543,0008-12-23 18:00:00,8,12,23,18,0,830,137,MOULINS (AVE DES DE 328,,,Plein jour,En agglomération,Hors intersection,Normale,Deux véhicules - côté,,,,,,,,,,,1,2,1,1,3
200800072544,0008-12-26 18:20:00,8,12,26,18,20,830,144,"958, TOURRIS (CHEMIN)",,,Nuit sans éclairage public,Hors agglomération,Hors intersection,Normale,Deux véhicules - frontale,,,,,,,,,,,3,1,1,1,1
200800072545,0008-12-02 14:20:00,8,12,2,14,20,840,7,"4bis, MORIERES (ROUTE DE",,,Plein jour,En agglomération,Hors intersection,Normale,Autre collision,,,,,,,,,,,1,2,1,1,6
200800072546,0008-12-03 12:15:00,8,12,3,12,15,840,7,PALIERE (ALLEE),,,Plein jour,Hors agglomération,Hors intersection,Pluie légère,Deux véhicules - frontale,,,,,,,,,,,1,1,1,2,1
200800072547,0008-12-05 18:05:00,8,12,5,18,5,840,7,PONT DES DEUX EAUX (Chem,,,Nuit avec éclairage allumé,En agglomération,Hors intersection,Normale,Deux véhicules - arrière,,,,,,,,,,,5,2,1,1,2