accident_id,datetime,annee,mois,jour,heure,minute,departement,commune_insee,adresse,latitude,longitude,luminosite,agglomeration,intersection,meteo,collision,nb_vehicules,nb_usagers,nb_indemnes,nb_tues,nb_blesses_hosp,nb_blesses_legers,age_cond_1,age_cond_2,veh_type_cond_1,veh_type_cond_2,lum_code,agg_code,int_code,atm_code,col_code
200800072677,0008-12-11 19:30:00,8,12,11,19,30,910,514,BOUSSY SAINT ANTOINE (RO,,,Crépuscule ou aube,En agglomération,Hors intersection,Normale,Deux véhicules - côté,,,,,,,,,,,2,2,1,1,3
200800072678,0008-12-12 08:05:00,8,12,12,8,5,910,114,FORET (AVENUE DE LA),,,Crépuscule ou aube,En agglomération,Hors intersection,Normale,Autre collision,,,,,,,,,,,2,2,1,1,6
200800072679,0008-12-13 12:15:00,8,12,13,12,15,910,114,POSTE (RUE DE LA),,,Plein jour,En agglomération,Hors intersection,Normale,Autre collision,,,,,,,,,,,1,2,1,1,6
200800072680,0008-12-06 17:00:00,8,12,6,17,0,910,201,HENRI BARBUSSE(BOULEVARD,,,Plein jour,En agglomération,Hors intersection,Normale,Autre collision,,,,,,,,,,,1,2,1,1,6
200800072681,0008-12-05 08:00:00,8,12,5,8,0,910,201,EUROPE(AVENUE DE L'),,,Crépuscule ou aube,En agglomération,Intersection en T,Normale,Deux véhicules - côté,,,,,,,,,,,2,2,3,1,3
200800072682,0008-12-09 08:05:00,8,12,9,8,5,910,201,HENRI BARBUSSE(BOULEVARD,,,Crépuscule ou aube,En agglomération,Hors intersection,Normale,Trois véhicules et plus - en chaîne,,,,,,,,,,,2,2,1,1,4
200800072683,0008-12-15 20:00:00,8,12,15,20,0,910,657,HENRI BARBUSSE (AVENUE),,,Nuit avec éclairage allumé,En agglomération,Hors intersection,Normale,Autre collision,,,,,,,,,,,5,2,1,1,6
200800072684,0008-12-15 07:30:00,8,12,15,7,30,910,201,PIERRE BROSSOLETTE (RUE),,,Nuit avec éclairage allumé,En agglomération,Hors intersection,Normale,Deux véhicules - arrière,,,,,,,,,,,5,2,1,1,2
200800072685,0008-12-17 07:35:00,8,12,17,7,35,910,201,GENERAL DE GAULLE(BOULEV,,,Nuit avec éclairage allumé,En agglomération,Hors intersection,Normale,Deux véhicules - arrière,,,,,,,,,,,5,2,1,1,2
200800072686,0008-12-19 20:05:00,8,12,19,20,5,910,657,CONCORDE (AVENUE),,,Nuit avec éclairage allumé,En agglomération,Hors intersection,Normale,Autre collision,,,,,,,,,,,5,2,1,1,6
200800072687,0008-12-19 18:00:00,8,12,19,18,0,910,201,GENERAL DE GAULLE(BOULEV,,,Nuit avec éclairage allumé,En agglomération,Hors intersection,Normale,Autre collision,,,,,,,,,,,5,2,1,1,6
200800072688,0008-12-19 14:00:00,8,12,19,14,0,910,201,HENRI BARBUSSE(BOULEVARD,,,Plein jour,En agglomération,Hors intersection,Normale,Autre collision,,,,,,,,,,,1,2,1,1,6
200800072689,0008-12-26 16:00:00,8,12,26,16,0,910,201,HENRI BARBUSSE(BOULEVARD,,,Plein jour,En agglomération,Intersection en X,Normale,Deux véhicules - arrière,,,,,,,,,,,1,2,2,1,2
200800072690,0008-12-27 16:55:00,8,12,27,16,55,910,657,ALPHONSE DAUDET (RUE),,,Plein jour,En agglomération,Hors intersection,Normale,Autre collision,,,,,,,,,,,1,2,1,1,6
200800072691,0008-12-06 10:15:00,8,12,6,10,15,910,433,RN 191,,,Plein jour,Hors agglomération,Giratoire,Normale,Sans collision,,,,,,,,,,,1,1,6,1,7
200800072692,0008-12-10 19:11:00,8,12,10,19,11,910,223,"02, GEOFFROY ST HILAIRE",,,Nuit avec éclairage allumé,En agglomération,Intersection en X,Normale,Deux véhicules - côté,,,,,,,,,,,5,2,2,1,3
200800072693,0008-12-11 12:20:00,8,12,11,12,20,910,223,PASTEUR (BOULEVARD),,,Plein jour,En agglomération,Hors intersection,Pluie légère,Deux véhicules - arrière,,,,,,,,,,,1,2,1,2,2
200800072694,0008-12-14 07:40:00,8,12,14,7,40,910,109,ETAMPES (ROUTE D')    RD,,,Crépuscule ou aube,En agglomération,Hors intersection,Normale,Autre collision,,,,,,,,,,,2,2,1,1,6
200800072695,0008-12-16 00:40:00,8,12,16,0,40,910,223,R.N.20,,,Nuit avec éclairage allumé,En agglomération,Hors intersection,Normale,Sans collision,,,,,,,,,,,5,2,1,1,7
200800072696,0008-12-19 18:00:00,8,12,19,18,0,910,433,RN 191,,,Nuit avec éclairage allumé,En agglomération,Intersection en T,Normale,Deux véhicules - côté,,,,,,,,,,,5,2,3,1,3
200800072697,0008-12-20 05:00:00,8,12,20,5,0,910,223,"10, COQUERIVE (AVENUE DE",,,Nuit avec éclairage allumé,En agglomération,Intersection en X,Normale,Deux véhicules - côté,,,,,,,,,,,5,2,2,1,3
200800072698,0008-12-20 15:50:00,8,12,20,15,50,910,433,RN 191,,,Plein jour,Hors agglomération,Giratoire,Pluie légère,Deux véhicules - côté,,,,,,,,,,,1,1,6,2,3
200800072699,0008-12-05 12:05:00,8,12,5,12,5,910,521,"., REMY (RUE ALBERT)",,,Plein jour,En agglomération,Hors intersection,Pluie légère,Autre collision,,,,,,,,,,,1,2,1,2,6
200800072700,0008-12-09 13:45:00,8,12,9,13,45,910,228,PARKING SUD  P 5 EVRY 2,,,Plein jour,En agglomération,Hors intersection,Normale,Autre collision,,,,,,,,,,,1,2,1,1,6
200800072701,0008-12-18 22:00:00,8,12,18,22,0,910,182,GARENNE (ROND-POINT DE L,,,Nuit avec éclairage allumé,En agglomération,Hors intersection,Temps couvert,Deux véhicules - côté,,,,,,,,,,,5,2,1,8,3
200800072702,0008-12-19 20:50:00,8,12,19,20,50,910,228,"., RAVEL (RUE MAURICE)",,,Nuit avec éclairage allumé,En agglomération,Hors intersection,Normale,Autre collision,,,,,,,,,,,5,2,1,1,6
200800072703,0008-12-20 21:20:00,8,12,20,21,20,910,228,"., RATISBONNE (AVENUE DE",,,Nuit avec éclairage allumé,En agglomération,Intersection en T,Normale,Deux véhicules - côté,,,,,,,,,,,5,2,3,1,3
200800072704,0008-12-23 19:00:00,8,12,23,19,0,910,228,"., RN7",,,Nuit sans éclairage public,En agglomération,Hors intersection,Normale,Deux véhicules - arrière,,,,,,,,,,,3,2,1,1,2
200800072705,0008-12-28 06:45:00,8,12,28,6,45,910,228,ROUTE DE MENNECY,,,Nuit avec éclairage allumé,En agglomération,Intersection en T,Normale,Deux véhicules - côté,,,,,,,,,,,5,2,3,1,3
200800072706,0008-12-30 09:20:00,8,12,30,9,20,910,228,"., HALAGE (CHEMIN DU)",,,Plein jour,En agglomération,Hors intersection,Autre,Deux véhicules - frontale,,,,,,,,,,,1,2,1,9,1
200800072707,0008-12-02 21:30:00,8,12,2,21,30,910,687,FOUGERES (AVENUE DES),,,Nuit avec éclairage allumé,En agglomération,Intersection en X,Pluie forte,Deux véhicules - côté,,,,,,,,,,,5,2,2,3,3
200800072708,0008-12-01 12:20:00,8,12,1,12,20,910,345,"3, CATHELIN DR (BOULEVAR",,,Plein jour,En agglomération,Hors intersection,Normale,Autre collision,,,,,,,,,,,1,2,1,1,6
200800072709,0008-12-09 21:05:00,8,12,9,21,5,910,345,"3, SOHIER LEONTINE  (RUE",,,Nuit avec éclairage allumé,En agglomération,Intersection en T,Normale,Autre collision,,,,,,,,,,,5,2,3,1,6
200800072710,0008-12-06 18:10:00,8,12,6,18,10,910,421,NATIONALE 6 (GLACIERE),,,Nuit avec éclairage allumé,Hors agglomération,Hors intersection,Normale,Deux véhicules - côté,,,,,,,,,,,5,1,1,1,3
200800072711,0008-12-03 12:30:00,8,12,3,12,30,910,421,"ignoree, RAYMOND POMIER",,,Plein jour,En agglomération,Intersection en T,Pluie légère,Deux véhicules - côté,,,,,,,,,,,1,2,3,2,3
200800072712,0008-12-18 00:25:00,8,12,18,0,25,910,421,"angle, CHARLES DE GAULLE",,,Nuit avec éclairage allumé,En agglomération,Intersection en T,Autre,Sans collision,,,,,,,,,,,5,2,3,9,7
200800072713,0008-12-18 17:50:00,8,12,18,17,50,910,421,NATIONALE 6 (CES POMPIDO,,,Nuit sans éclairage public,Hors agglomération,Hors intersection,Normale,Trois véhicules et plus - collisions multiples,,,,,,,,,,,3,1,1,1,5
200800072714,0008-12-19 13:05:00,8,12,19,13,5,910,691,HENRI BARBUSSE(RUE)DU N°,,,Plein jour,En agglomération,Hors intersection,Normale,Deux véhicules - frontale,,,,,,,,,,,1,2,1,1,1
200800072715,0008-12-21 22:15:00,8,12,21,22,15,910,691,HENRI BARBUSSE(RUE)DU N°,,,Nuit avec éclairage allumé,En agglomération,Hors intersection,Normale,Deux véhicules - frontale,,,,,,,,,,,5,2,1,1,1
200800072716,0008-12-15 08:00:00,8,12,15,8,0,910,191,JEAN JAURES (AVENUE),,,Plein jour,En agglomération,Hors intersection,Normale,Autre collision,,,,,,,,,,,1,2,1,1,6
200800072717,0008-12-14 01:55:00,8,12,14,1,55,910,421,NATIONALE 6 (GLACIERE),,,Nuit avec éclairage allumé,Hors agglomération,Hors intersection,Normale,Deux véhicules - arrière,,,,,,,,,,,5,1,1,1,2
200800072718,0008-12-23 15:00:00,8,12,23,15,0,910,691,GABRIEL PERI(RUE) DU N°7,,,Plein jour,En agglomération,Hors intersection,Normale,Autre collision,,,,,,,,,,,1,2,1,1,6
200800072719,0008-12-10 20:45:00,8,12,10,20,45,910,421,JEAN JAURES (AVENUE),,,Nuit avec éclairage allumé,En agglomération,Hors intersection,Normale,Autre collision,,,,,,,,,,,5,2,1,1,6
200800072720,0008-12-12 16:45:00,8,12,12,16,45,910,421,REPUBLIQUE (AVENUE DE LA,,,Plein jour,En agglomération,Intersection en T,Normale,Deux véhicules - côté,,,,,,,,,,,1,2,3,1,3
200800072721,0008-12-25 12:20:00,8,12,25,12,20,910,191,REPUBLIQUE (AVENUE DE LA,,,Plein jour,En agglomération,Hors intersection,Normale,Deux véhicules - arrière,,,,,,,,,,,1,2,1,1,2
200800072722,0008-12-25 13:00:00,8,12,25,13,0,910,691,PIERRE BROSSOLETTE(RUE),,,Plein jour,En agglomération,Hors intersection,Normale,Deux véhicules - arrière,,,,,,,,,,,1,2,1,1,2
200800072723,0008-12-25 15:50:00,8,12,25,15,50,910,421,REPUBLIQUE (AVENUE DE LA,,,Plein jour,En agglomération,Hors intersection,Normale,Deux véhicules - arrière,,,,,,,,,,,1,2,1,1,2
200800072724,0008-12-01 15:35:00,8,12,1,15,35,910,471,GUY MOQUET (RUE),,,Plein jour,En agglomération,Hors intersection,Temps couvert,Autre collision,,,,,,,,,,,1,2,1,8,6
200800072725,0008-12-01 16:35:00,8,12,1,16,35,910,692,CD35,,,Plein jour,En agglomération,Hors intersection,Temps couvert,Sans collision,,,,,,,,,,,1,2,1,8,7
200800072726,0008-12-03 08:10:00,8,12,3,8,10,910,692,"12, TROPIQUES (AVENUE DE",,,Plein jour,En agglomération,Hors intersection,Pluie légère,Sans collision,,,,,,,,,,,1,2,1,2,7
200800072727,0008-12-03 15:50:00,8,12,3,15,50,910,471,VERSAILLES (RUE DE),,,Plein jour,En agglomération,Hors intersection,Normale,Sans collision,,,,,,,,,,,1,2,1,1,7
200800072728,0008-12-03 18:05:00,8,12,3,18,5,910,312,"78, MOULIN (RUE DU)",,,Nuit avec éclairage allumé,En agglomération,Passage à niveau,Normale,Deux véhicules - côté,,,,,,,,,,,5,2,8,1,3
200800072729,0008-12-10 09:05:00,8,12,10,9,5,910,477,"0, SABLIERE (RUE DE LA)",,,Plein jour,En agglomération,Hors intersection,Pluie légère,Sans collision,,,,,,,,,,,1,2,1,2,7
200800072730,0008-12-10 10:23:00,8,12,10,10,23,910,471,"0, FERME (RUE DE LA)",,,Plein jour,En agglomération,Giratoire,Normale,Deux véhicules - côté,,,,,,,,,,,1,2,6,1,3
200800072731,0008-12-10 16:45:00,8,12,10,16,45,910,477,CD 36,,,Plein jour,Hors agglomération,Hors intersection,Normale,Sans collision,,,,,,,,,,,1,1,1,1,7
200800072732,0008-12-10 20:25:00,8,12,10,20,25,910,477,"0, JACQUES DUCLOS (RUE)",,,Nuit avec éclairage allumé,En agglomération,Intersection en T,Normale,Deux véhicules - côté,,,,,,,,,,,5,2,3,1,3
200800072733,0008-12-16 13:25:00,8,12,16,13,25,910,312,ALBERT SARRAULT (RUE),,,Plein jour,En agglomération,Intersection en X,Normale,Autre collision,,,,,,,,,,,1,2,2,1,6
200800072734,0008-12-16 18:15:00,8,12,16,18,15,910,477,STALINGRAD (AVENUE DE),,,Nuit avec éclairage allumé,En agglomération,Hors intersection,Normale,Sans collision,,,,,,,,,,,5,2,1,1,7
200800072735,0008-12-18 11:25:00,8,12,18,11,25,910,692,"04, BOURGOGNE (AVENUE DE",,,Plein jour,En agglomération,Hors intersection,Pluie légère,Trois véhicules et plus - collisions multiples,,,,,,,,,,,1,2,1,2,5
200800072736,0008-12-22 09:40:00,8,12,22,9,40,910,471,"105, VERSAILLES (RUE DE)",,,Plein jour,En agglomération,Hors intersection,Normale,Sans collision,,,,,,,,,,,1,2,1,1,7
200800072737,0008-12-26 12:50:00,8,12,26,12,50,910,471,"0, MONTHLERY (ROUTE DE)",,,Plein jour,En agglomération,Hors intersection,Normale,Deux véhicules - arrière,,,,,,,,,,,1,2,1,1,2
200800072738,0008-12-02 08:10:00,8,12,2,8,10,910,549,"140, CORBEIL (ROUTE DE)",,,Crépuscule ou aube,En agglomération,Hors intersection,Normale,Autre collision,,,,,,,,,,,2,2,1,1,6
200800072739,0008-12-02 12:05:00,8,12,2,12,5,910,549,"0, ROGER VAILLANT (RUE)",,,Plein jour,En agglomération,Hors intersection,Normale,Autre collision,,,,,,,,,,,1,2,1,1,6
200800072740,0008-12-04 18:00:00,8,12,4,18,0,910,549,"0, ANTOINE ROCCA (RUE)",,,Nuit sans éclairage public,En agglomération,Intersection en Y,Temps couvert,Deux véhicules - frontale,,,,,,,,,,,3,2,4,8,1
200800072741,0008-12-12 17:45:00,8,12,12,17,45,910,216,MAUREGARD (RUE),,,Nuit avec éclairage allumé,En agglomération,Intersection en X,Normale,Autre collision,,,,,,,,,,,5,2,2,1,6
200800072742,0008-12-13 12:00:00,8,12,13,12,0,910,549,"212, CORBEIL (ROUTE DE)",,,Plein jour,En agglomération,Hors intersection,Normale,Deux véhicules - arrière,,,,,,,,,,,1,2,1,1,2
200800072743,0008-12-14 10:15:00,8,12,14,10,15,910,549,RD 117,,,Plein jour,En agglomération,Hors intersection,Normale,Sans collision,,,,,,,,,,,1,2,1,1,7
200800072744,0008-12-18 11:00:00,8,12,18,11,0,910,549,GRANDE CHARMILLE DU PARC,,,Plein jour,En agglomération,Giratoire,Normale,Autre collision,,,,,,,,,,,1,2,6,1,6
200800072745,0008-12-20 20:30:00,8,12,20,20,30,910,216,GRANDE RUE,,,Nuit avec éclairage allumé,En agglomération,Intersection en T,Normale,Deux véhicules - frontale,,,,,,,,,,,5,2,3,1,1
200800072746,0008-12-22 08:40:00,8,12,22,8,40,910,549,"40, PIERRE SEMARD (RUE)",,,Plein jour,En agglomération,Intersection en X,Normale,Deux véhicules - côté,,,,,,,,,,,1,2,2,1,3
200800072747,0008-12-23 14:35:00,8,12,23,14,35,910,216,GRAND VAUX (RUE),,,Plein jour,En agglomération,Intersection en X,Normale,Autre collision,,,,,,,,,,,1,2,2,1,6
200800072748,0008-12-29 10:15:00,8,12,29,10,15,910,549,PRESIDENT FRANKLIN ROOSE,,,Plein jour,En agglomération,Hors intersection,Normale,Autre collision,,,,,,,,,,,1,2,1,1,6
200800072749,0008-12-28 14:25:00,8,12,28,14,25,910,549,"189, GABRIEL PERI (AVENU",,,Plein jour,En agglomération,Hors intersection,Normale,Sans collision,,,,,,,,,,,1,2,1,1,7
200800072750,0008-12-30 10:30:00,8,12,30,10,30,910,549,"0, CHEVREFEUILLES (AVENU",,,Plein jour,En agglomération,Intersection en X,Autre,Deux véhicules - frontale,,,,,,,,,,,1,2,2,9,1
200800072751,0008-12-29 02:20:00,8,12,29,2,20,910,549,"50, PAIX (RUE DE LA)",,,Nuit avec éclairage allumé,En agglomération,Hors intersection,Autre,Autre collision,,,,,,,,,,,5,2,1,9,6
200800072752,0008-12-31 14:30:00,8,12,31,14,30,910,549,"233, CORBEIL (ROUTE DE)",,,Plein jour,En agglomération,Autre intersection,Normale,Deux véhicules - côté,,,,,,,,,,,1,2,9,1,3
200800072753,0008-12-11 15:53:00,8,12,11,15,53,910,589,"102, BRIAND (BOULEVARD A",,,Plein jour,En agglomération,Hors intersection,Normale,Autre collision,,,,,,,,,,,1,2,1,1,6
200800072754,0008-12-02 12:10:00,8,12,2,12,10,920,2,"23, JULES FERRY (AVENUE)",,,Plein jour,En agglomération,Giratoire,Normale,Autre collision,,,,,,,,,,,1,2,6,1,6
200800072755,0008-12-02 13:30:00,8,12,2,13,30,920,2,CAMILLE PELLETAN (RUE),,,Plein jour,En agglomération,Intersection en X,Normale,Autre collision,,,,,,,,,,,1,2,2,1,6
200800072756,0008-12-03 06:20:00,8,12,3,6,20,920,14,"04, GENERAL LECLERC (AV.",,,Crépuscule ou aube,En agglomération,Intersection en X,Pluie forte,Deux véhicules - côté,,,,,,,,,,,2,2,2,3,3
200800072757,0008-12-05 08:50:00,8,12,5,8,50,920,14,"39, GENERAL LECLERC (AV.",,,Plein jour,En agglomération,Intersection en X,Pluie légère,Autre collision,,,,,,,,,,,1,2,2,2,6
200800072758,0008-12-05 10:35:00,8,12,5,10,35,920,2,"161, DIVISION LECLERC (5",,,Plein jour,En agglomération,Hors intersection,Temps couvert,Deux véhicules - frontale,,,,,,,,,,,1,2,1,8,1
200800072759,0008-12-12 15:00:00,8,12,12,15,0,920,2,"21, PIERRE BROSSOLETTE (",,,Plein jour,En agglomération,Intersection en T,Temps couvert,Autre collision,,,,,,,,,,,1,2,3,8,6
200800072760,0008-12-19 08:30:00,8,12,19,8,30,920,2,CHEMIN DE FER (RUE DU),,,Plein jour,En agglomération,Intersection en T,Normale,Autre collision,,,,,,,,,,,1,2,3,1,6
200800072761,0008-12-24 16:25:00,8,12,24,16,25,920,2,VOLTAIRE (RUE),,,Plein jour,En agglomération,Intersection en X,Normale,Autre collision,,,,,,,,,,,1,2,2,1,6
200800072762,0008-12-26 10:05:00,8,12,26,10,5,920,2,"22, MAURICE LABROUSSE (R",,,Plein jour,En agglomération,Intersection en T,Normale,Deux véhicules - arrière,,,,,,,,,,,1,2,3,1,2
200800072763,0008-12-01 09:45:00,8,12,1,9,45,920,4,"97, CHATEAU ( RUE DU )",,,Plein jour,En agglomération,Hors intersection,Normale,Deux véhicules - côté,,,,,,,,,,,1,2,1,1,3
200800072764,0008-12-01 20:05:00,8,12,1,20,5,920,4,"44, BOURGUIGNONS (RUE 2",,,Nuit avec éclairage allumé,En agglomération,Intersection en T,Normale,Deux véhicules - côté,,,,,,,,,,,5,2,3,1,3
200800072765,0008-12-02 13:20:00,8,12,2,13,20,920,4,"19, VOLTAIRE ( BD 16 A F",,,Plein jour,En agglomération,Hors intersection,Normale,Autre collision,,,,,,,,,,,1,2,1,1,6
200800072766,0008-12-02 20:00:00,8,12,2,20,0,920,4,"378, ARGENTEUIL N° 176 A",,,Nuit avec éclairage allumé,En agglomération,Hors intersection,Pluie légère,Autre collision,,,,,,,,,,,5,2,1,2,6
200800072767,0008-12-04 15:05:00,8,12,4,15,5,920,4,"NR, GAMBETTA (RUE)",,,Plein jour,En agglomération,Hors intersection,Normale,Trois véhicules et plus - en chaîne,,,,,,,,,,,1,2,1,1,4
200800072768,0008-12-05 16:50:00,8,12,5,16,50,920,4,"NR, CHATEAU ( RUE DU )",,,Plein jour,En agglomération,Intersection en X,Pluie légère,Deux véhicules - côté,,,,,,,,,,,1,2,2,2,3
200800072769,0008-12-05 23:35:00,8,12,5,23,35,920,4,"248, GRESILLONS ( AVENUE",,,Nuit avec éclairage allumé,En agglomération,Hors intersection,Normale,Deux véhicules - côté,,,,,,,,,,,5,2,1,1,3
200800072770,0008-12-09 16:40:00,8,12,9,16,40,920,4,"27, MARNE   ( AVENUE DE",,,Plein jour,En agglomération,Hors intersection,Normale,Autre collision,,,,,,,,,,,1,2,1,1,6
200800072771,0008-12-10 08:10:00,8,12,10,8,10,920,4,"13, PIERRE BROSSOLETTE",,,Plein jour,En agglomération,Intersection en X,Normale,Autre collision,,,,,,,,,,,1,2,2,1,6
200800072772,0008-12-11 10:25:00,8,12,11,10,25,920,4,GILBERT ROUSSET ( RUE ),,,Plein jour,En agglomération,Intersection en X,Normale,Autre collision,,,,,,,,,,,1,2,2,1,6
200800072773,0008-12-11 11:25:00,8,12,11,11,25,920,4,"73, ROBERT DUPONT",,,Plein jour,En agglomération,Hors intersection,Normale,Deux véhicules - côté,,,,,,,,,,,1,2,1,1,3
200800072774,0008-12-12 10:45:00,8,12,12,10,45,920,9,"NR, REPUBLIQUE ( PLACE",,,Plein jour,En agglomération,Hors intersection,Normale,Autre collision,,,,,,,,,,,1,2,1,1,6
200800072775,0008-12-13 09:30:00,8,12,13,9,30,920,4,"31, REDOUTE ( AVENUE DE",,,Plein jour,En agglomération,Intersection en Y,Normale,Autre collision,,,,,,,,,,,1,2,4,1,6
200800072776,0008-12-13 10:35:00,8,12,13,10,35,920,9,"NR, FAIDHERBE ( RUE )",,,Plein jour,En agglomération,Intersection en T,Normale,Autre collision,,,,,,,,,,,1,2,3,1,6
200800072777,0008-12-13 21:00:00,8,12,13,21,0,920,4,"9, PARMENTIER",,,Nuit avec éclairage allumé,En agglomération,Intersection en X,Pluie légère,Deux véhicules - côté,,,,,,,,,,,5,2,2,2,3
200800072778,0008-12-15 11:30:00,8,12,15,11,30,920,4,"103, MARNE   ( AVENUE DE",,,Plein jour,En agglomération,Intersection en X,Normale,Autre collision,,,,,,,,,,,1,2,2,1,6
200800072779,0008-12-16 20:05:00,8,12,16,20,5,920,4,"252, GRESILLONS ( AVENUE",,,Nuit avec éclairage allumé,En agglomération,Hors intersection,Normale,Autre collision,,,,,,,,,,,5,2,1,1,6
200800072780,0008-12-17 12:25:00,8,12,17,12,25,920,4,"105, DOCTEUR DERVAUX  (",,,Plein jour,En agglomération,Hors intersection,Pluie légère,Trois véhicules et plus - collisions multiples,,,,,,,,,,,1,2,1,2,5
200800072781,0008-12-23 19:45:00,8,12,23,19,45,920,4,"NR, ERNEST BILLET  ( RUE",,,Nuit avec éclairage allumé,En agglomération,Intersection en X,Normale,Autre collision,,,,,,,,,,,5,2,2,1,6
200800072782,0008-12-03 17:30:00,8,12,3,17,30,920,19,"18, MAIL DES HOUSSIERES",,,Nuit avec éclairage allumé,En agglomération,Hors intersection,Normale,Autre collision,,,,,,,,,,,5,2,1,1,6
200800072783,0008-12-07 12:25:00,8,12,7,12,25,920,32,"8, DOLIVET J ET M (AVENU",,,Plein jour,En agglomération,Hors intersection,Normale,Autre collision,,,,,,,,,,,1,2,1,1,6
200800072784,0008-12-10 08:05:00,8,12,10,8,5,920,19,"3, PLESSIS (AVENUE DU)",,,Crépuscule ou aube,Hors agglomération,Hors intersection,Temps couvert,Autre collision,,,,,,,,,,,2,1,1,8,6
200800072785,0008-12-10 21:10:00,8,12,10,21,10,920,19,"72, SALENGRO ROGER (RUE)",,,Nuit avec éclairage allumé,En agglomération,Hors intersection,Normale,Autre collision,,,,,,,,,,,5,2,1,1,6
200800072786,0008-12-18 16:00:00,8,12,18,16,0,920,71,"8, ROUX DOCTEUR (RUE DU)",,,Plein jour,En agglomération,Hors intersection,Normale,Autre collision,,,,,,,,,,,1,2,1,1,6
200800072787,0008-12-22 00:10:00,8,12,22,0,10,920,19,"FACE AU 14, HERTZ ROBERT",,,Nuit avec éclairage allumé,En agglomération,Giratoire,Normale,Deux véhicules - frontale,,,,,,,,,,,5,2,6,1,1
200800072788,0008-12-29 14:45:00,8,12,29,14,45,920,19,"13, PRESSENCE FRANCIS (A",,,Plein jour,En agglomération,Hors intersection,Normale,Autre collision,,,,,,,,,,,1,2,1,1,6
200800072789,0008-12-31 11:40:00,8,12,31,11,40,920,24,"36, GENERAL LECLERC (BD",,,Plein jour,En agglomération,Intersection en X,Normale,Autre collision,,,,,,,,,,,1,2,2,1,6
200800072790,0008-12-03 21:05:00,8,12,3,21,5,920,24,"68, VILLENEUVE (RUE) DE",,,Nuit avec éclairage allumé,En agglomération,Intersection en T,Pluie légère,Deux véhicules - côté,,,,,,,,,,,5,2,3,2,3
200800072791,0008-12-01 19:35:00,8,12,1,19,35,920,24,"34, CLICHY (QUAI DE) DE",,,Nuit avec éclairage non allumé,En agglomération,Intersection en T,Pluie légère,Deux véhicules - côté,,,,,,,,,,,4,2,3,2,3
200800072792,0008-12-01 17:20:00,8,12,1,17,20,920,24,"26, VILLENEUVE (RUE) DE",,,Nuit avec éclairage allumé,En agglomération,Intersection en X,Pluie légère,Deux véhicules - côté,,,,,,,,,,,5,2,2,2,3
200800072793,0008-12-18 18:20:00,8,12,18,18,20,920,24,"2, REPUBLIQUE (PLACE DE",,,Nuit avec éclairage allumé,En agglomération,Giratoire,Normale,Deux véhicules - côté,,,,,,,,,,,5,2,6,1,3
200800072794,0008-12-18 18:00:00,8,12,18,18,0,920,24,"30, MEDERIC (RUE) DE (19",,,Nuit avec éclairage allumé,En agglomération,Intersection en X,Normale,Autre collision,,,,,,,,,,,5,2,2,1,6
200800072795,0008-12-18 10:40:00,8,12,18,10,40,920,24,"90, MARTRE (RUE) DE (59",,,Plein jour,En agglomération,Hors intersection,Pluie légère,Deux véhicules - arrière,,,,,,,,,,,1,2,1,2,2
200800072796,0008-12-20 16:15:00,8,12,20,16,15,920,24,"55, GENERAL LECLERC (BD",,,Plein jour,En agglomération,Intersection en X,Normale,Deux véhicules - côté,,,,,,,,,,,1,2,2,1,3
200800072797,0008-12-22 17:50:00,8,12,22,17,50,920,24,"2, ASNIERES (ROUTE D')",,,Plein jour,En agglomération,Intersection en Y,Normale,Deux véhicules - côté,,,,,,,,,,,1,2,4,1,3
200800072798,0008-12-18 11:50:00,8,12,18,11,50,920,24,"53, GENERAL LECLERC (BD",,,Plein jour,En agglomération,Intersection en X,Normale,Autre collision,,,,,,,,,,,1,2,2,1,6
200800072799,0008-12-24 16:50:00,8,12,24,16,50,920,24,"19, PIERRE (RUE)",,,Plein jour,En agglomération,Hors intersection,Normale,Deux véhicules - côté,,,,,,,,,,,1,2,1,1,3
200800072800,0008-12-26 12:40:00,8,12,26,12,40,920,24,"43, LEON GAMBETTA (ALLEE",,,Plein jour,En agglomération,Hors intersection,Normale,Autre collision,,,,,,,,,,,1,2,1,1,6
200800072801,0008-12-01 08:15:00,8,12,1,8,15,920,25,VALMY (BD DE),,,Crépuscule ou aube,En agglomération,Intersection en X,Pluie légère,Autre collision,,,,,,,,,,,2,2,2,2,6
200800072802,0008-12-02 18:15:00,8,12,2,18,15,920,25,CHARLES DE GAULLE (BD),,,Nuit avec éclairage allumé,En agglomération,Intersection en X,Pluie légère,Deux véhicules - côté,,,,,,,,,,,5,2,2,2,3
200800072803,0008-12-02 21:25:00,8,12,2,21,25,920,25,STALINGRAD (AV DE),,,Nuit avec éclairage allumé,En agglomération,Intersection en X,Pluie légère,Deux véhicules - côté,,,,,,,,,,,5,2,2,2,3
200800072804,0008-12-05 20:15:00,8,12,5,20,15,920,25,FINLANDE (BD DE),,,Nuit avec éclairage allumé,En agglomération,Intersection en X,Normale,Deux véhicules - côté,,,,,,,,,,,5,2,2,1,3
200800072805,0008-12-08 16:45:00,8,12,8,16,45,920,25,"14, CHARLES DE GAULLE (B",,,Plein jour,En agglomération,Hors intersection,Normale,Autre collision,,,,,,,,,,,1,2,1,1,6
200800072806,0008-12-11 20:45:00,8,12,11,20,45,920,25,"5, VOLTAIRE (RUE)",,,Nuit avec éclairage allumé,En agglomération,Hors intersection,Normale,Sans collision,,,,,,,,,,,5,2,1,1,7
200800072807,0008-12-12 09:45:00,8,12,12,9,45,920,25,STALINGRAD (AV DE),,,Plein jour,En agglomération,Hors intersection,Temps éblouissant,Deux véhicules - arrière,,,,,,,,,,,1,2,1,7,2