accident_id,datetime,annee,mois,jour,heure,minute,departement,commune_insee,adresse,latitude,longitude,luminosite,agglomeration,intersection,meteo,collision,nb_vehicules,nb_usagers,nb_indemnes,nb_tues,nb_blesses_hosp,nb_blesses_legers,age_cond_1,age_cond_2,veh_type_cond_1,veh_type_cond_2,lum_code,agg_code,int_code,atm_code,col_code
200800072937,0008-12-02 21:40:00,8,12,2,21,40,920,73,"43, BAS ROGERS (RUE DES)",,,Nuit avec éclairage allumé,Hors agglomération,Intersection en T,Pluie légère,Sans collision,,,,,,,,,,,5,1,3,2,7
200800072938,0008-12-04 06:50:00,8,12,4,6,50,920,73,"2, GALLIENI (QUAI)",,,Crépuscule ou aube,En agglomération,Hors intersection,Normale,Deux véhicules - côté,,,,,,,,,,,2,2,1,1,3
200800072939,0008-12-07 21:35:00,8,12,7,21,35,920,73,"19, DUPONT (RUE PIERRE)",,,Crépuscule ou aube,En agglomération,Intersection en T,Autre,Autre collision,,,,,,,,,,,2,2,3,9,6
200800072940,0008-12-09 13:15:00,8,12,9,13,15,920,73,"34, VAILLANT (AVENUE EDO",,,Plein jour,En agglomération,Hors intersection,Neige / grêle,Sans collision,,,,,,,,,,,1,2,1,4,7
200800072941,0008-12-10 10:00:00,8,12,10,10,0,920,73,"74, LATTRE DE TASSIGNY (",,,Plein jour,En agglomération,Intersection en X,Normale,Deux véhicules - côté,,,,,,,,,,,1,2,2,1,3
200800072942,0008-12-15 14:00:00,8,12,15,14,0,920,73,"4, VOLTAIRE (RUE)",,,Plein jour,En agglomération,Intersection en Y,Temps couvert,Sans collision,,,,,,,,,,,1,2,4,8,7
200800072943,0008-12-24 11:50:00,8,12,24,11,50,920,73,"50, SELLIER (BOULEVARD H",,,Plein jour,En agglomération,Intersection en T,Normale,Deux véhicules - arrière,,,,,,,,,,,1,2,3,1,2
200800072944,0008-12-28 16:00:00,8,12,28,16,0,920,73,"1, PATRIOTES FUSILLES (C",,,Plein jour,En agglomération,Intersection en X,Normale,Deux véhicules - arrière,,,,,,,,,,,1,2,2,1,2
200800072945,0008-12-01 19:00:00,8,12,1,19,0,920,46,bld du Colonel Fabien,,,Nuit avec éclairage allumé,En agglomération,Intersection en X,Pluie légère,Deux véhicules - arrière,,,,,,,,,,,5,2,2,2,2
200800072946,0008-12-02 19:55:00,8,12,2,19,55,920,46,RAYMOND FASSIN (RUE),,,Nuit avec éclairage allumé,En agglomération,Intersection en X,Pluie légère,Deux véhicules - côté,,,,,,,,,,,5,2,2,2,3
200800072947,0008-12-09 09:35:00,8,12,9,9,35,920,46,bld du Colonel Fabien,,,Plein jour,En agglomération,Intersection en X,Normale,Autre collision,,,,,,,,,,,1,2,2,1,6
200800072948,0008-12-17 08:20:00,8,12,17,8,20,920,46,avenue arblade,,,Crépuscule ou aube,En agglomération,Intersection en X,Pluie légère,Deux véhicules - frontale,,,,,,,,,,,2,2,2,2,1
200800072949,0008-12-17 13:05:00,8,12,17,13,5,920,46,"60, ETIENNE DOLET (RUE)",,,Plein jour,En agglomération,Hors intersection,Pluie légère,Deux véhicules - côté,,,,,,,,,,,1,2,1,2,3
200800072950,0008-12-22 08:00:00,8,12,22,8,0,920,46,"220, PIERRE BROSSOLETTE",,,Crépuscule ou aube,En agglomération,Autre intersection,Normale,Deux véhicules - côté,,,,,,,,,,,2,2,9,1,3
200800072951,0008-12-27 18:25:00,8,12,27,18,25,920,75,CHATILLON (RUE DE),,,Nuit avec éclairage allumé,En agglomération,Intersection en T,Normale,Autre collision,,,,,,,,,,,5,2,3,1,6
200800072952,0008-12-30 08:25:00,8,12,30,8,25,920,46,CLOS MONTHOLON (PLACE DU,,,Nuit avec éclairage allumé,En agglomération,Intersection en X,Neige / grêle,Deux véhicules - arrière,,,,,,,,,,,5,2,2,4,2
200800072953,0008-12-21 11:25:00,8,12,21,11,25,920,78,"27, VERDUN (AVENUE) (PAI",,,Plein jour,En agglomération,Hors intersection,Normale,Autre collision,,,,,,,,,,,1,2,1,1,6
200800072954,0008-12-29 18:20:00,8,12,29,18,20,920,78,"0, VERDUN (AVENUE) (IMPA",,,Nuit avec éclairage allumé,En agglomération,Hors intersection,Normale,Deux véhicules - côté,,,,,,,,,,,5,2,1,1,3
200800072955,0008-12-05 18:15:00,8,12,5,18,15,920,26,"1, DIVISION LECLERC (AVE",,,Crépuscule ou aube,En agglomération,Intersection en Y,Normale,Deux véhicules - arrière,,,,,,,,,,,2,2,4,1,2
200800072956,0008-12-16 06:00:00,8,12,16,6,0,920,26,BOULEVARD CIRCULAIRE,,,Nuit sans éclairage public,En agglomération,Intersection en X,Normale,Sans collision,,,,,,,,,,,3,2,2,1,7
200800072957,0008-12-16 19:40:00,8,12,16,19,40,920,62,BOULEVARD CIRCULAIRE,,,Nuit avec éclairage allumé,En agglomération,Hors intersection,Normale,Deux véhicules - côté,,,,,,,,,,,5,2,1,1,3
200800072958,0008-12-18 15:30:00,8,12,18,15,30,920,62,BOULEVARD CIRCULAIRE,,,Plein jour,En agglomération,Intersection en Y,Temps couvert,Autre collision,,,,,,,,,,,1,2,4,8,6
200800072959,0008-12-02 08:45:00,8,12,2,8,45,930,1,"2-4, ADRIEN AGNES (QUAI)",,,Plein jour,En agglomération,Hors intersection,Normale,Autre collision,,,,,,,,,,,1,2,1,1,6
200800072960,0008-12-03 15:05:00,8,12,3,15,5,930,1,"207, JEAN JAURES  (AVE)",,,Plein jour,En agglomération,Hors intersection,Pluie légère,Autre collision,,,,,,,,,,,1,2,1,2,6
200800072961,0008-12-05 20:20:00,8,12,5,20,20,930,1,"25, PONT BLANC.CHARLES T",,,Nuit avec éclairage allumé,En agglomération,Hors intersection,Temps couvert,Autre collision,,,,,,,,,,,5,2,1,8,6
200800072962,0008-12-07 19:00:00,8,12,7,19,0,930,1,"199, ANDRE KARMAN (RUE)",,,Nuit avec éclairage allumé,En agglomération,Intersection en X,Normale,Deux véhicules - côté,,,,,,,,,,,5,2,2,1,3
200800072963,0008-12-07 17:23:00,8,12,7,17,23,930,1,"X, PRESLES (RUE DE)",,,Nuit sans éclairage public,En agglomération,Intersection en X,Normale,Deux véhicules - côté,,,,,,,,,,,3,2,2,1,3
200800072964,0008-12-08 12:45:00,8,12,8,12,45,930,1,"25, ANATOLE FRANCE  (BLD",,,Plein jour,En agglomération,Hors intersection,Normale,Autre collision,,,,,,,,,,,1,2,1,1,6
200800072965,0008-12-10 21:50:00,8,12,10,21,50,930,1,"66, HENRI BARBUSSE (RUE)",,,Nuit avec éclairage allumé,En agglomération,Intersection en T,Normale,Autre collision,,,,,,,,,,,5,2,3,1,6
200800072966,0008-12-11 13:20:00,8,12,11,13,20,930,1,CREVECOEUR  (RUE) => 26,,,Plein jour,En agglomération,Intersection en X,Normale,Deux véhicules - côté,,,,,,,,,,,1,2,2,1,3
200800072967,0008-12-13 18:35:00,8,12,13,18,35,930,1,"156, DANIELLE CASANOVA (",,,Nuit avec éclairage allumé,En agglomération,Hors intersection,Pluie légère,Autre collision,,,,,,,,,,,5,2,1,2,6
200800072968,0008-12-16 15:35:00,8,12,16,15,35,930,1,"X, EDOUARD VAILLANT (BLD",,,Plein jour,En agglomération,Intersection en X,Normale,Autre collision,,,,,,,,,,,1,2,2,1,6
200800072969,0008-12-17 21:10:00,8,12,17,21,10,930,1,"68, REPUBLIQUE (AVE DE L",,,Nuit avec éclairage allumé,En agglomération,Hors intersection,Pluie légère,Autre collision,,,,,,,,,,,5,2,1,2,6
200800072970,0008-12-18 15:00:00,8,12,18,15,0,930,1,"175, VICTOR HUGO (AVE)",,,Plein jour,En agglomération,Hors intersection,Normale,Deux véhicules - côté,,,,,,,,,,,1,2,1,1,3
200800072971,0008-12-18 18:25:00,8,12,18,18,25,930,1,"128, REPUBLIQUE (AVE DE",,,Nuit avec éclairage allumé,En agglomération,Hors intersection,Normale,Sans collision,,,,,,,,,,,5,2,1,1,7
200800072972,0008-12-18 17:50:00,8,12,18,17,50,930,1,"1, REPUBLIQUE (AVE DE LA",,,Nuit avec éclairage allumé,En agglomération,Hors intersection,Normale,Autre collision,,,,,,,,,,,5,2,1,1,6
200800072973,0008-12-19 14:10:00,8,12,19,14,10,930,1,"75, REPUBLIQUE (AVE DE L",,,Plein jour,En agglomération,Hors intersection,Normale,Autre collision,,,,,,,,,,,1,2,1,1,6
200800072974,0008-12-21 17:35:00,8,12,21,17,35,930,1,"27, JEAN JAURES (AVE)  =",,,Plein jour,En agglomération,Hors intersection,Temps couvert,Autre collision,,,,,,,,,,,1,2,1,8,6
200800072975,0008-12-21 23:00:00,8,12,21,23,0,930,1,"52, GAETAN LAMY (RUE)",,,Nuit avec éclairage allumé,En agglomération,Hors intersection,Normale,Sans collision,,,,,,,,,,,5,2,1,1,7
200800072976,0008-12-22 18:45:00,8,12,22,18,45,930,1,"116, REPUBLIQUE (AVE DE",,,Nuit avec éclairage allumé,En agglomération,Hors intersection,Pluie légère,Sans collision,,,,,,,,,,,5,2,1,2,7
200800072977,0008-12-24 09:15:00,8,12,24,9,15,930,1,"50, VICTOR HUGO (AVE)  =",,,Plein jour,En agglomération,Hors intersection,Temps couvert,Autre collision,,,,,,,,,,,1,2,1,8,6
200800072978,0008-12-25 18:15:00,8,12,25,18,15,930,1,"119, FELIX FAURE (BLD) =",,,Nuit avec éclairage allumé,En agglomération,Hors intersection,Normale,Autre collision,,,,,,,,,,,5,2,1,1,6
200800072979,0008-12-30 20:40:00,8,12,30,20,40,930,1,"X, ANDRE KARMAN (RUE)  =",,,Nuit avec éclairage allumé,En agglomération,Intersection en X,Normale,Deux véhicules - côté,,,,,,,,,,,5,2,2,1,3
200800072980,0008-12-05 11:10:00,8,12,5,11,10,930,5,TURGOT (RUE),,,Plein jour,En agglomération,Hors intersection,Pluie légère,Autre collision,,,,,,,,,,,1,2,1,2,6
200800072981,0008-12-05 11:00:00,8,12,5,11,0,930,5,"43 bis, CROIX BLANCHE (A",,,Plein jour,En agglomération,Intersection en T,Pluie légère,Deux véhicules - côté,,,,,,,,,,,1,2,3,2,3
200800072982,0008-12-15 15:50:00,8,12,15,15,50,930,5,"6, SAINTE ANNE (ALLEE)",,,Plein jour,En agglomération,Hors intersection,Normale,Autre collision,,,,,,,,,,,1,2,1,1,6
200800072983,0008-12-03 12:15:00,8,12,3,12,15,930,7,"34, PAUL LANGEVIN (RUE)",,,Plein jour,En agglomération,Hors intersection,Pluie légère,Sans collision,,,,,,,,,,,1,2,1,2,7
200800072984,0008-12-10 00:40:00,8,12,10,0,40,930,7,"09, DIVISION LECLERC (AV",,,Nuit avec éclairage allumé,En agglomération,Hors intersection,Autre,Autre collision,,,,,,,,,,,5,2,1,9,6
200800072985,0008-12-15 17:30:00,8,12,15,17,30,930,7,COSMONAUTES (AVENUE DES),,,Nuit avec éclairage allumé,En agglomération,Intersection en T,Normale,Deux véhicules - côté,,,,,,,,,,,5,2,3,1,3
200800072986,0008-12-22 21:30:00,8,12,22,21,30,930,7,MAURICE AUDIN (RUE),,,Nuit avec éclairage allumé,En agglomération,Hors intersection,Pluie légère,Autre collision,,,,,,,,,,,5,2,1,2,6
200800072987,0008-12-23 16:45:00,8,12,23,16,45,930,7,PIERRE ET MARIE CURIE (A,,,Plein jour,En agglomération,Hors intersection,Normale,Autre collision,,,,,,,,,,,1,2,1,1,6
200800072988,0008-12-02 07:40:00,8,12,2,7,40,930,8,BARBUSSE (AVENUE HENRI),,,Crépuscule ou aube,En agglomération,Intersection en T,Normale,Autre collision,,,,,,,,,,,2,2,3,1,6
200800072989,0008-12-13 00:01:00,8,12,13,0,1,930,8,VAILLANT COUTURIER (AVEN,,,Nuit sans éclairage public,En agglomération,Hors intersection,Temps couvert,Sans collision,,,,,,,,,,,3,2,1,8,7
200800072990,0008-12-16 18:00:00,8,12,16,18,0,930,8,VAILLANT COUTURIER (AVEN,,,Nuit avec éclairage allumé,Hors agglomération,Hors intersection,Temps couvert,Trois véhicules et plus - en chaîne,,,,,,,,,,,5,1,1,8,4
200800072991,0008-12-17 14:30:00,8,12,17,14,30,930,8,"58, BARBUSSE (AVENUE HEN",,,Plein jour,En agglomération,Hors intersection,Temps couvert,Deux véhicules - côté,,,,,,,,,,,1,2,1,8,3
200800072992,0008-12-22 18:50:00,8,12,22,18,50,930,8,"24, ARAGO (RUE)",,,Nuit avec éclairage allumé,En agglomération,Intersection en T,Pluie légère,Deux véhicules - côté,,,,,,,,,,,5,2,3,2,3
200800072993,0008-12-23 11:15:00,8,12,23,11,15,930,8,"31, ALLENDE (AVE DU P. S",,,Plein jour,En agglomération,Hors intersection,Normale,Autre collision,,,,,,,,,,,1,2,1,1,6
200800072994,0008-12-23 15:15:00,8,12,23,15,15,930,8,"281, STALINGRAD (RUE DE)",,,Plein jour,En agglomération,Hors intersection,Normale,Autre collision,,,,,,,,,,,1,2,1,1,6
200800072995,0008-12-25 13:10:00,8,12,25,13,10,930,8,LENINE (BOULEVARD),,,Plein jour,En agglomération,Autre intersection,Normale,Autre collision,,,,,,,,,,,1,2,9,1,6
200800072996,0008-12-25 22:43:00,8,12,25,22,43,930,8,GARE ROUTIERE,,,Nuit avec éclairage allumé,En agglomération,Hors intersection,Normale,Sans collision,,,,,,,,,,,5,2,1,1,7
200800072997,0008-12-31 11:35:00,8,12,31,11,35,930,8,"135, PARIS (RUE DE)",,,Plein jour,En agglomération,Autre intersection,Temps couvert,Deux véhicules - côté,,,,,,,,,,,1,2,9,8,3
200800072998,0008-12-31 14:50:00,8,12,31,14,50,930,8,"28, DIVISION LECLERC (AV",,,Plein jour,En agglomération,Hors intersection,Pluie légère,Deux véhicules - frontale,,,,,,,,,,,1,2,1,2,1
200800072999,0008-12-01 13:15:00,8,12,1,13,15,930,10,"50, ROSNY (AV. DE)",,,Plein jour,En agglomération,Intersection en Y,Temps couvert,Deux véhicules - côté,,,,,,,,,,,1,2,4,8,3
200800073000,0008-12-01 18:45:00,8,12,1,18,45,930,10,"27 BIS, FRANCE (AV. ANAT",,,Nuit avec éclairage allumé,En agglomération,Hors intersection,Pluie légère,Deux véhicules - côté,,,,,,,,,,,5,2,1,2,3
200800073001,0008-12-02 13:30:00,8,12,2,13,30,930,10,"37, GUESDES (RUE JULES)",,,Plein jour,En agglomération,Hors intersection,Normale,Autre collision,,,,,,,,,,,1,2,1,1,6
200800073002,0008-12-02 22:20:00,8,12,2,22,20,930,10,BLANQUI (R. LOUIS-AUGUST,,,Nuit avec éclairage allumé,En agglomération,Intersection en T,Pluie légère,Autre collision,,,,,,,,,,,5,2,3,2,6
200800073003,0008-12-07 19:45:00,8,12,7,19,45,930,57,JAURES (AV. JEAN) 1 A 12,,,Nuit avec éclairage allumé,En agglomération,Intersection en T,Normale,Trois véhicules et plus - collisions multiples,,,,,,,,,,,5,2,3,1,5
200800073004,0008-12-09 09:55:00,8,12,9,9,55,930,10,"147, BARBUSSE (AV. HENRI",,,Plein jour,En agglomération,Hors intersection,Normale,Autre collision,,,,,,,,,,,1,2,1,1,6
200800073005,0008-12-12 18:30:00,8,12,12,18,30,930,10,"29, BLUM (AV. LEON)",,,Nuit avec éclairage allumé,En agglomération,Hors intersection,Normale,Sans collision,,,,,,,,,,,5,2,1,1,7
200800073006,0008-12-13 19:10:00,8,12,13,19,10,930,10,"94, GALLIENI (AV.) DE 2",,,Nuit avec éclairage allumé,En agglomération,Hors intersection,Pluie forte,Autre collision,,,,,,,,,,,5,2,1,3,6
200800073007,0008-12-15 08:20:00,8,12,15,8,20,930,10,"06, VERDUN (AV. DE) 35 A",,,Plein jour,En agglomération,Autre intersection,Normale,Autre collision,,,,,,,,,,,1,2,9,1,6
200800073008,0008-12-16 11:10:00,8,12,16,11,10,930,10,"50, GALLIENI (AV.) DE 1",,,Plein jour,En agglomération,Hors intersection,Normale,Trois véhicules et plus - collisions multiples,,,,,,,,,,,1,2,1,1,5
200800073009,0008-12-18 09:30:00,8,12,18,9,30,930,57,JAURES (AV. JEAN) 76 A 1,,,Plein jour,En agglomération,Hors intersection,Temps couvert,Autre collision,,,,,,,,,,,1,2,1,8,6
200800073010,0008-12-21 20:00:00,8,12,21,20,0,930,10,"44, LATTRE DE TASSIGNY (",,,Nuit avec éclairage allumé,En agglomération,Hors intersection,Normale,Autre collision,,,,,,,,,,,5,2,1,1,6
200800073011,0008-12-24 16:50:00,8,12,24,16,50,930,10,BARBUSSE (AV. HENRI) DE,,,Plein jour,En agglomération,Intersection en X,Normale,Deux véhicules - arrière,,,,,,,,,,,1,2,2,1,2
200800073012,0008-12-25 19:30:00,8,12,25,19,30,930,57,MONTYON (AL.) 1 A 74,,,Nuit avec éclairage allumé,En agglomération,Hors intersection,Normale,Deux véhicules - côté,,,,,,,,,,,5,2,1,1,3
200800073013,0008-12-27 16:40:00,8,12,27,16,40,930,57,", AVENIE ( AL. DE L')",,,Nuit avec éclairage allumé,En agglomération,Autre intersection,Normale,Deux véhicules - côté,,,,,,,,,,,5,2,9,1,3
200800073014,0008-12-18 17:50:00,8,12,18,17,50,930,27,PASTEUR (BOULEVARD) DE 4,,,Nuit avec éclairage allumé,En agglomération,Hors intersection,Pluie légère,Deux véhicules - arrière,,,,,,,,,,,5,2,1,2,2
200800073015,0008-12-05 16:50:00,8,12,5,16,50,930,27,"0, BERTHELOT (RUE MARCEL",,,Nuit avec éclairage allumé,En agglomération,Hors intersection,Pluie légère,Autre collision,,,,,,,,,,,5,2,1,2,6
200800073016,0008-12-10 19:20:00,8,12,10,19,20,930,30,"05, CHARDAVOINE (RUE ALB",,,Nuit sans éclairage public,En agglomération,Hors intersection,Normale,Autre collision,,,,,,,,,,,3,2,1,1,6
200800073017,0008-12-13 21:20:00,8,12,13,21,20,930,13,"18, VAILLANT (RUE EDOUAR",,,Nuit avec éclairage allumé,En agglomération,Hors intersection,Pluie légère,Deux véhicules - arrière,,,,,,,,,,,5,2,1,2,2
200800073018,0008-12-23 19:40:00,8,12,23,19,40,930,13,"51, LECLERC (AVENU DE LA",,,Nuit avec éclairage allumé,En agglomération,Intersection en X,Normale,Autre collision,,,,,,,,,,,5,2,2,1,6
200800073019,0008-12-23 22:20:00,8,12,23,22,20,930,27,"22 bis, PASTEUR (BOULEVA",,,Nuit avec éclairage allumé,En agglomération,Hors intersection,Normale,Autre collision,,,,,,,,,,,5,2,1,1,6
200800073020,0008-12-28 11:00:00,8,12,28,11,0,930,27,"121, CONVENTION (RUE DE",,,Plein jour,En agglomération,Intersection en X,Normale,Deux véhicules - côté,,,,,,,,,,,1,2,2,1,3
200800073021,0008-12-02 09:40:00,8,12,2,9,40,930,29,GEORGES PITARD,,,Plein jour,En agglomération,Intersection en T,Normale,Deux véhicules - côté,,,,,,,,,,,1,2,3,1,3
200800073022,0008-12-02 15:44:00,8,12,2,15,44,930,29,"90, HENRI BARBUSSE (AVE)",,,Plein jour,En agglomération,Hors intersection,Normale,Autre collision,,,,,,,,,,,1,2,1,1,6
200800073023,0008-12-04 07:10:00,8,12,4,7,10,930,29,ALSACE LORRAINE,,,Nuit avec éclairage allumé,En agglomération,Intersection en Y,Normale,Deux véhicules - arrière,,,,,,,,,,,5,2,4,1,2
200800073024,0008-12-10 07:55:00,8,12,10,7,55,930,29,SADI CARNOT,,,Crépuscule ou aube,En agglomération,Hors intersection,Normale,Autre collision,,,,,,,,,,,2,2,1,1,6
200800073025,0008-12-26 16:10:00,8,12,26,16,10,930,29,"80, SAINT-STENAY",,,Plein jour,En agglomération,Hors intersection,Normale,Autre collision,,,,,,,,,,,1,2,1,1,6
200800073026,0008-12-01 06:50:00,8,12,1,6,50,930,79,"1, SAINT LEU (ROUTE)",,,Nuit avec éclairage allumé,En agglomération,Intersection en Y,Pluie légère,Autre collision,,,,,,,,,,,5,2,4,2,6
200800073027,0008-12-04 16:05:00,8,12,4,16,5,930,79,"0, DIVISION LECLERC (AV)",,,Plein jour,En agglomération,Giratoire,Pluie légère,Deux véhicules - arrière,,,,,,,,,,,1,2,6,2,2
200800073028,0008-12-09 23:05:00,8,12,9,23,5,930,31,"0, RESISTANCE (PONT)",,,Nuit avec éclairage allumé,En agglomération,Hors intersection,Autre,Autre collision,,,,,,,,,,,5,2,1,9,6
200800073029,0008-12-11 09:40:00,8,12,11,9,40,930,31,"209, SAINT LEU (ROUTE DE",,,Plein jour,En agglomération,Hors intersection,Normale,Deux véhicules - côté,,,,,,,,,,,1,2,1,1,3
200800073030,0008-12-11 12:30:00,8,12,11,12,30,930,31,"0, SAINT LEU (ROUTE DE)",,,Plein jour,En agglomération,Hors intersection,Normale,Deux véhicules - arrière,,,,,,,,,,,1,2,1,1,2
200800073031,0008-12-15 08:15:00,8,12,15,8,15,930,31,"0, SAINT GRATIEN (RUE DE",,,Plein jour,En agglomération,Autre intersection,Normale,Autre collision,,,,,,,,,,,1,2,9,1,6
200800073032,0008-12-16 05:50:00,8,12,16,5,50,930,31,"0, SAINT LEU (ROUTE DE)",,,Crépuscule ou aube,En agglomération,Intersection en T,Autre,Deux véhicules - frontale,,,,,,,,,,,2,2,3,9,1
200800073033,0008-12-16 22:55:00,8,12,16,22,55,930,31,"0, FOCH (BOULEVARD)",,,Nuit avec éclairage allumé,En agglomération,Hors intersection,Normale,Deux véhicules - frontale,,,,,,,,,,,5,2,1,1,1
200800073034,0008-12-20 12:20:00,8,12,20,12,20,930,79,"76, SAINT LEU (ROUTE)",,,Plein jour,En agglomération,Hors intersection,Temps couvert,Deux véhicules - arrière,,,,,,,,,,,1,2,1,8,2
200800073035,0008-12-20 21:30:00,8,12,20,21,30,930,31,"50, REPUBLIQUE (AVENUE)",,,Nuit avec éclairage allumé,En agglomération,Hors intersection,Normale,Autre collision,,,,,,,,,,,5,2,1,1,6
200800073036,0008-12-21 16:00:00,8,12,21,16,0,930,31,"1, JEAN JAURES (AVENUE)",,,Plein jour,En agglomération,Hors intersection,Normale,Deux véhicules - frontale,,,,,,,,,,,1,2,1,1,1
200800073037,0008-12-23 20:45:00,8,12,23,20,45,930,79,"0, SAINT LEU (ROUTE)",,,Nuit avec éclairage allumé,En agglomération,Hors intersection,Normale,Autre collision,,,,,,,,,,,5,2,1,1,6
200800073038,0008-12-31 13:20:00,8,12,31,13,20,930,31,"51, FOCH (BOULEVARD)",,,Plein jour,En agglomération,Hors intersection,Normale,Autre collision,,,,,,,,,,,1,2,1,1,6
200800073039,0008-12-03 11:55:00,8,12,3,11,55,930,47,DANIEL PERDRIGE  (AVENUE,,,Plein jour,En agglomération,Intersection en X,Pluie légère,Deux véhicules - côté,,,,,,,,,,,1,2,2,2,3
200800073040,0008-12-04 15:15:00,8,12,4,15,15,930,47,EGLISE (PLACE ET RUE DE,,,Plein jour,En agglomération,Intersection en X,Temps couvert,Deux véhicules - côté,,,,,,,,,,,1,2,2,8,3
200800073041,0008-12-05 21:55:00,8,12,5,21,55,930,47,BARGUE  (BOULEVARD)(COTE,,,Nuit avec éclairage allumé,En agglomération,Intersection en T,Temps couvert,Deux véhicules - côté,,,,,,,,,,,5,2,3,8,3
200800073042,0008-12-10 12:30:00,8,12,10,12,30,930,32,"57, JEAN JAURES (AVENUE)",,,Plein jour,En agglomération,Hors intersection,Normale,Deux véhicules - côté,,,,,,,,,,,1,2,1,1,3
200800073043,0008-12-17 15:35:00,8,12,17,15,35,930,47,"30, GENERAL DE GAULLE (R",,,Plein jour,En agglomération,Intersection en X,Pluie légère,Deux véhicules - côté,,,,,,,,,,,1,2,2,2,3
200800073044,0008-12-31 01:35:00,8,12,31,1,35,930,47,"116, EUROPE (BOULEVARD D",,,Nuit avec éclairage allumé,En agglomération,Hors intersection,Normale,Sans collision,,,,,,,,,,,5,2,1,1,7
200800073045,0008-12-02 07:45:00,8,12,2,7,45,930,6,"IGNORE, GAMBETTA AV.",,,Plein jour,En agglomération,Hors intersection,Temps couvert,Sans collision,,,,,,,,,,,1,2,1,8,7
200800073046,0008-12-24 12:10:00,8,12,24,12,10,930,45,"76, PASTEUR AV.",,,Plein jour,En agglomération,Intersection en T,Normale,Autre collision,,,,,,,,,,,1,2,3,1,6
200800073047,0008-12-01 20:10:00,8,12,1,20,10,930,6,"50, FERRY JULES RUE",,,Nuit avec éclairage allumé,En agglomération,Hors intersection,Normale,Autre collision,,,,,,,,,,,5,2,1,1,6
200800073048,0008-12-03 18:40:00,8,12,3,18,40,930,63,BARBUSSE HENRI BOULEVARD,,,Nuit avec éclairage allumé,En agglomération,Intersection en X,Normale,Deux véhicules - côté,,,,,,,,,,,5,2,2,1,3
200800073049,0008-12-05 18:20:00,8,12,5,18,20,930,45,"190, PARIS RUE DE",,,Nuit avec éclairage allumé,En agglomération,Hors intersection,Normale,Deux véhicules - côté,,,,,,,,,,,5,2,1,1,3
200800073050,0008-12-11 17:55:00,8,12,11,17,55,930,61,"ignore, JAURES AVENUE JE",,,Nuit avec éclairage allumé,En agglomération,Intersection en X,Normale,Deux véhicules - frontale,,,,,,,,,,,5,2,2,1,1
200800073051,0008-12-14 20:45:00,8,12,14,20,45,930,6,"41, GIRARDOT RUE",,,Nuit avec éclairage non allumé,En agglomération,Intersection en T,Normale,Autre collision,,,,,,,,,,,4,2,3,1,6
200800073052,0008-12-31 08:45:00,8,12,31,8,45,930,63,"59, NOISY ROUTE DE",,,Plein jour,En agglomération,Hors intersection,Normale,Deux véhicules - côté,,,,,,,,,,,1,2,1,1,3
200800073053,0008-12-31 14:30:00,8,12,31,14,30,930,46,"18, REPUBLIQUE AVENUE DE",,,Plein jour,En agglomération,Hors intersection,Normale,Deux véhicules - côté,,,,,,,,,,,1,2,1,1,3
200800073054,0008-12-01 07:39:00,8,12,1,7,39,930,46,"30, WINSTON CHURCHILL AV",,,Nuit avec éclairage allumé,En agglomération,Intersection en X,Pluie légère,Deux véhicules - côté,,,,,,,,,,,5,2,2,2,3
200800073055,0008-12-03 11:15:00,8,12,3,11,15,930,46,GAMBETTA AVENUE,,,Plein jour,En agglomération,Intersection en X,Pluie légère,Deux véhicules - côté,,,,,,,,,,,1,2,2,2,3
200800073056,0008-12-07 10:30:00,8,12,7,10,30,930,46,"95-97, ARISTIDE BRIAND A",,,Plein jour,En agglomération,Hors intersection,Normale,Autre collision,,,,,,,,,,,1,2,1,1,6
200800073057,0008-12-11 08:00:00,8,12,11,8,0,930,46,CONSUL GENERAL NORDLING,,,Crépuscule ou aube,En agglomération,Hors intersection,Temps couvert,Deux véhicules - côté,,,,,,,,,,,2,2,1,8,3
200800073058,0008-12-15 17:45:00,8,12,15,17,45,930,74,BOUCHER RUE ALEXANDRE,,,Nuit avec éclairage allumé,En agglomération,Hors intersection,Normale,Deux véhicules - arrière,,,,,,,,,,,5,2,1,1,2
200800073059,0008-12-18 13:55:00,8,12,18,13,55,930,46,"3, CAMILLE DESMOULINS AV",,,Plein jour,En agglomération,Hors intersection,Pluie légère,Autre collision,,,,,,,,,,,1,2,1,2,6
200800073060,0008-12-19 08:20:00,8,12,19,8,20,930,74,", AMYOT BOULEVARD JACQUE",,,Plein jour,En agglomération,Intersection en X,Pluie légère,Deux véhicules - côté,,,,,,,,,,,1,2,2,2,3
200800073061,0008-12-21 11:50:00,8,12,21,11,50,930,46,JEAN JAURES BOULEVARD,,,Plein jour,En agglomération,Hors intersection,Normale,Autre collision,,,,,,,,,,,1,2,1,1,6
200800073062,0008-12-23 18:05:00,8,12,23,18,5,930,46,"07, VIOLETTES ALLEE DES",,,Nuit sans éclairage public,En agglomération,Hors intersection,Normale,Deux véhicules - côté,,,,,,,,,,,3,2,1,1,3
200800073063,0008-12-30 14:00:00,8,12,30,14,0,930,46,MARX DORMOY BOULEVARD,,,Plein jour,En agglomération,Intersection en T,Pluie légère,Deux véhicules - côté,,,,,,,,,,,1,2,3,2,3
200800073064,0008-12-01 16:45:00,8,12,1,16,45,930,48,"12, GENERAL DE GAULE (PL",,,Nuit avec éclairage allumé,En agglomération,Hors intersection,Pluie légère,Autre collision,,,,,,,,,,,5,2,1,2,6
200800073065,0008-12-03 08:30:00,8,12,3,8,30,930,48,PAUL VAILLANT COUTURIER,,,Plein jour,En agglomération,Intersection en X,Pluie légère,Deux véhicules - frontale,,,,,,,,,,,1,2,2,2,1