accident_id,datetime,annee,mois,jour,heure,minute,departement,commune_insee,adresse,latitude,longitude,luminosite,agglomeration,intersection,meteo,collision,nb_vehicules,nb_usagers,nb_indemnes,nb_tues,nb_blesses_hosp,nb_blesses_legers,age_cond_1,age_cond_2,veh_type_cond_1,veh_type_cond_2,lum_code,agg_code,int_code,atm_code,col_code
200800073195,0008-12-01 10:15:00,8,12,1,10,15,940,28,"114, LECLERC.(RUE DU GEN",,,Plein jour,En agglomération,Intersection en X,Normale,Deux véhicules - côté,,,,,,,,,,,1,2,2,1,3
200800073196,0008-12-01 12:30:00,8,12,1,12,30,940,11,"0, MALEZ.(RUE DU)",,,Plein jour,En agglomération,Hors intersection,Normale,Deux véhicules - frontale,,,,,,,,,,,1,2,1,1,1
200800073197,0008-12-01 18:45:00,8,12,1,18,45,940,28,"11, DUHAMEL(RUE GEORGES)",,,Crépuscule ou aube,En agglomération,Hors intersection,Normale,Autre collision,,,,,,,,,,,2,2,1,1,6
200800073198,0008-12-02 19:30:00,8,12,2,19,30,940,28,"0, VALENTON(RUE DE)",,,Nuit avec éclairage allumé,En agglomération,Hors intersection,Pluie légère,Deux véhicules - frontale,,,,,,,,,,,5,2,1,2,1
200800073199,0008-12-04 16:00:00,8,12,4,16,0,940,11,"0, GRANDE ALLEE",,,Plein jour,En agglomération,Intersection en T,Normale,Deux véhicules - arrière,,,,,,,,,,,1,2,3,1,2
200800073200,0008-12-03 07:55:00,8,12,3,7,55,940,28,"00, POMPADOUR(ROUTE DE L",,,Plein jour,En agglomération,Hors intersection,Pluie légère,Trois véhicules et plus - collisions multiples,,,,,,,,,,,1,2,1,2,5
200800073201,0008-12-07 12:40:00,8,12,7,12,40,940,28,"0, LECLERC.(RUE DU GENER",,,Plein jour,En agglomération,Hors intersection,Normale,Trois véhicules et plus - collisions multiples,,,,,,,,,,,1,2,1,1,5
200800073202,0008-12-11 17:40:00,8,12,11,17,40,940,28,"30, TASSIGNY(AVE DU MARE",,,Plein jour,En agglomération,Hors intersection,Normale,Deux véhicules - arrière,,,,,,,,,,,1,2,1,1,2
200800073203,0008-12-16 17:10:00,8,12,16,17,10,940,11,ACHALAND(ZONE),,,Crépuscule ou aube,En agglomération,Autre intersection,Normale,Sans collision,,,,,,,,,,,2,2,9,1,7
200800073204,0008-12-21 17:20:00,8,12,21,17,20,940,11,"0, LECLERC.(AVENUE DU MA",,,Crépuscule ou aube,En agglomération,Intersection en X,Normale,Deux véhicules - côté,,,,,,,,,,,2,2,2,1,3
200800073205,0008-12-06 23:25:00,8,12,6,23,25,940,33,"69, STALINGRAD (AV DE)",,,Nuit avec éclairage allumé,En agglomération,Hors intersection,Pluie légère,Autre collision,,,,,,,,,,,5,2,1,2,6
200800073206,0008-12-01 11:40:00,8,12,1,11,40,940,43,"47 ter, GABRIEL PERI (R)",,,Plein jour,En agglomération,Hors intersection,Temps couvert,Sans collision,,,,,,,,,,,1,2,1,8,7
200800073207,0008-12-01 18:55:00,8,12,1,18,55,940,16,GABRIEL PERI (R),,,Nuit avec éclairage allumé,En agglomération,Intersection en T,Pluie légère,Deux véhicules - côté,,,,,,,,,,,5,2,3,2,3
200800073208,0008-12-03 08:30:00,8,12,3,8,30,940,16,"61, PRESIDENT WILSON (AV",,,Plein jour,En agglomération,Hors intersection,Pluie légère,Autre collision,,,,,,,,,,,1,2,1,2,6
200800073209,0008-12-03 10:00:00,8,12,3,10,0,940,16,"36, PRESIDENT WILSON (AV",,,Plein jour,En agglomération,Hors intersection,Pluie légère,Autre collision,,,,,,,,,,,1,2,1,2,6
200800073210,0008-12-03 16:30:00,8,12,3,16,30,940,76,"101, STALINGRAD (AV DE)",,,Nuit avec éclairage allumé,En agglomération,Hors intersection,Pluie légère,Autre collision,,,,,,,,,,,5,2,1,2,6
200800073211,0008-12-03 18:30:00,8,12,3,18,30,940,16,EMILE ZOLA (R),,,Nuit avec éclairage allumé,En agglomération,Autre intersection,Normale,Autre collision,,,,,,,,,,,5,2,9,1,6
200800073212,0008-12-05 08:50:00,8,12,5,8,50,940,16,MARCEL BONNET (R),,,Plein jour,En agglomération,Intersection en Y,Pluie légère,Deux véhicules - frontale,,,,,,,,,,,1,2,4,2,1
200800073213,0008-12-05 18:15:00,8,12,5,18,15,940,3,PAUL VAILLANT COUTURIER,,,Nuit avec éclairage non allumé,En agglomération,Hors intersection,Pluie légère,Sans collision,,,,,,,,,,,4,2,1,2,7
200800073214,0008-12-06 18:30:00,8,12,6,18,30,940,43,EDMONT MICHELET (R),,,Nuit avec éclairage allumé,En agglomération,Intersection en T,Normale,Autre collision,,,,,,,,,,,5,2,3,1,6
200800073215,0008-12-08 18:50:00,8,12,8,18,50,940,16,"1, DUMOTEL (AV)",,,Nuit avec éclairage allumé,En agglomération,Intersection en X,Normale,Deux véhicules - frontale,,,,,,,,,,,5,2,2,1,1
200800073216,0008-12-09 09:30:00,8,12,9,9,30,940,16,LEON BLOY (R),,,Plein jour,En agglomération,Intersection en X,Normale,Autre collision,,,,,,,,,,,1,2,2,1,6
200800073217,0008-12-10 09:10:00,8,12,10,9,10,940,43,"9, FONTAINEBLEAU (AV DE)",,,Plein jour,En agglomération,Hors intersection,Normale,Trois véhicules et plus - collisions multiples,,,,,,,,,,,1,2,1,1,5
200800073218,0008-12-12 21:00:00,8,12,12,21,0,940,3,BERTHOLLET (R),,,Nuit sans éclairage public,En agglomération,Hors intersection,Normale,Deux véhicules - frontale,,,,,,,,,,,3,2,1,1,1
200800073219,0008-12-13 13:25:00,8,12,13,13,25,940,16,"8, MIRABEAU (R)",,,Plein jour,En agglomération,Intersection en T,Pluie légère,Autre collision,,,,,,,,,,,1,2,3,2,6
200800073220,0008-12-13 22:30:00,8,12,13,22,30,940,3,VLADIMIR ILLITCH LENINE,,,Nuit avec éclairage allumé,En agglomération,Autre intersection,Pluie légère,Autre collision,,,,,,,,,,,5,2,9,2,6
200800073221,0008-12-14 00:40:00,8,12,14,0,40,940,16,"24-26, GALLIENI (R)",,,Nuit avec éclairage allumé,En agglomération,Hors intersection,Pluie légère,Autre collision,,,,,,,,,,,5,2,1,2,6
200800073222,0008-12-25 11:15:00,8,12,25,11,15,940,3,CONVENTION (AV DE LA),,,Plein jour,En agglomération,Intersection en X,Normale,Trois véhicules et plus - collisions multiples,,,,,,,,,,,1,2,2,1,5
200800073223,0008-12-30 09:00:00,8,12,30,9,0,940,16,"1, MARCEL BONNET (R)",,,Plein jour,En agglomération,Hors intersection,Neige / grêle,Deux véhicules - arrière,,,,,,,,,,,1,2,1,4,2
200800073224,0008-12-05 22:10:00,8,12,5,22,10,940,73,"., LUXEMBOURG (AV DU)",,,Nuit avec éclairage allumé,En agglomération,Intersection en Y,Temps couvert,Autre collision,,,,,,,,,,,5,2,4,8,6
200800073225,0008-12-09 14:10:00,8,12,9,14,10,940,21,STALINGRAD (AV DE),,,Plein jour,En agglomération,Hors intersection,Neige / grêle,Trois véhicules et plus - collisions multiples,,,,,,,,,,,1,2,1,4,5
200800073226,0008-12-10 17:30:00,8,12,10,17,30,940,73,ALOUETTES (R DES),,,Nuit avec éclairage allumé,Hors agglomération,Hors intersection,Normale,Deux véhicules - côté,,,,,,,,,,,5,1,1,1,3
200800073227,0008-12-11 09:50:00,8,12,11,9,50,940,65,PONT DES HALLES (R DU),,,Plein jour,En agglomération,Hors intersection,Temps couvert,Deux véhicules - arrière,,,,,,,,,,,1,2,1,8,2
200800073228,0008-12-11 21:05:00,8,12,11,21,5,940,73,RENE PANHARD (AV),,,Nuit avec éclairage allumé,En agglomération,Hors intersection,Normale,Autre collision,,,,,,,,,,,5,2,1,1,6
200800073229,0008-12-12 19:10:00,8,12,12,19,10,940,21,GEORGES GUYNEMER (AV),,,Nuit sans éclairage public,Hors agglomération,Hors intersection,Normale,Deux véhicules - côté,,,,,,,,,,,3,1,1,1,3
200800073230,0008-12-13 21:05:00,8,12,13,21,5,940,73,RN 186,,,Nuit sans éclairage public,En agglomération,Hors intersection,Pluie légère,Autre collision,,,,,,,,,,,3,2,1,2,6
200800073231,0008-12-18 09:45:00,8,12,18,9,45,940,73,FONTAINEBLEAU (AV DE),,,Plein jour,En agglomération,Hors intersection,Temps couvert,Autre collision,,,,,,,,,,,1,2,1,8,6
200800073232,0008-12-18 14:00:00,8,12,18,14,0,940,65,TROIS MARCHES (AV) / MIN,,,Plein jour,Hors agglomération,Intersection en X,Pluie légère,Deux véhicules - côté,,,,,,,,,,,1,1,2,2,3
200800073233,0008-12-19 17:00:00,8,12,19,17,0,940,21,JEAN MERMOZ (BD),,,Nuit avec éclairage allumé,En agglomération,Intersection en T,Normale,Deux véhicules - côté,,,,,,,,,,,5,2,3,1,3
200800073234,0008-12-22 16:55:00,8,12,22,16,55,940,65,SOLETS (R DES),,,Nuit avec éclairage allumé,En agglomération,Intersection en T,Pluie légère,Deux véhicules - côté,,,,,,,,,,,5,2,3,2,3
200800073235,0008-12-23 10:40:00,8,12,23,10,40,940,21,DES MARAICHERS (AVENUE),,,Plein jour,En agglomération,Intersection en X,Temps couvert,Deux véhicules - côté,,,,,,,,,,,1,2,2,8,3
200800073236,0008-12-24 10:20:00,8,12,24,10,20,940,38,"186, CHALAIS (R DE)",,,Plein jour,En agglomération,Hors intersection,Normale,Autre collision,,,,,,,,,,,1,2,1,1,6
200800073237,0008-12-24 15:10:00,8,12,24,15,10,940,73,MAUREPAS (R),,,Plein jour,En agglomération,Hors intersection,Temps couvert,Sans collision,,,,,,,,,,,1,2,1,8,7
200800073238,0008-12-31 14:10:00,8,12,31,14,10,940,21,"., FRANKLIN ROOSEVELT (A",,,Plein jour,En agglomération,Hors intersection,Normale,Deux véhicules - arrière,,,,,,,,,,,1,2,1,1,2
200800073239,0008-12-10 07:00:00,8,12,10,7,0,940,41,VERDUN (AV DE),,,Crépuscule ou aube,En agglomération,Intersection en X,Pluie légère,Deux véhicules - côté,,,,,,,,,,,2,2,2,2,3
200800073240,0008-12-24 09:15:00,8,12,24,9,15,940,41,VICTOR HUGO (R),,,Plein jour,En agglomération,Intersection en X,Normale,Sans collision,,,,,,,,,,,1,2,2,1,7
200800073241,0008-12-06 20:15:00,8,12,6,20,15,940,41,"2, JULES VANZUPPE (R)",,,Nuit avec éclairage allumé,En agglomération,Intersection en X,Pluie légère,Autre collision,,,,,,,,,,,5,2,2,2,6
200800073242,0008-12-10 18:15:00,8,12,10,18,15,940,41,LENINE (R),,,Nuit avec éclairage allumé,En agglomération,Intersection en X,Normale,Sans collision,,,,,,,,,,,5,2,2,1,7
200800073243,0008-12-16 09:57:00,8,12,16,9,57,940,41,"9, BARBES (R)",,,Plein jour,En agglomération,Hors intersection,Normale,Sans collision,,,,,,,,,,,1,2,1,1,7
200800073244,0008-12-24 16:30:00,8,12,24,16,30,940,41,"8, JEAN JACQUES ROUSSEAU",,,Plein jour,En agglomération,Hors intersection,Normale,Autre collision,,,,,,,,,,,1,2,1,1,6
200800073245,0008-12-04 18:00:00,8,12,4,18,0,940,46,"00, CHAMPS CORBILLY (R D",,,Nuit avec éclairage allumé,En agglomération,Intersection en X,Normale,Autre collision,,,,,,,,,,,5,2,2,1,6
200800073246,0008-12-05 19:20:00,8,12,5,19,20,940,46,"62, GENERAL DE GAULLE (A",,,Nuit avec éclairage allumé,En agglomération,Hors intersection,Pluie légère,Deux véhicules - frontale,,,,,,,,,,,5,2,1,2,1
200800073247,0008-12-08 20:45:00,8,12,8,20,45,940,46,"00, VERDUN (AV DE)",,,Nuit avec éclairage allumé,En agglomération,Intersection en Y,Normale,Deux véhicules - côté,,,,,,,,,,,5,2,4,1,3
200800073248,0008-12-16 23:55:00,8,12,16,23,55,940,46,"., GENERAL DE GAULLE (AV",,,Nuit avec éclairage allumé,En agglomération,Hors intersection,Normale,Autre collision,,,,,,,,,,,5,2,1,1,6
200800073249,0008-12-19 12:45:00,8,12,19,12,45,940,46,"286, JEAN JAURES (R)",,,Plein jour,En agglomération,Hors intersection,Normale,Deux véhicules - arrière,,,,,,,,,,,1,2,1,1,2
200800073250,0008-12-23 07:25:00,8,12,23,7,25,940,46,"32, MESLY (R DE)",,,Crépuscule ou aube,En agglomération,Hors intersection,Normale,Deux véhicules - côté,,,,,,,,,,,2,2,1,1,3
200800073251,0008-12-01 18:30:00,8,12,1,18,30,940,15,"NC, RIGNY (AV DE)",,,Nuit avec éclairage non allumé,En agglomération,Hors intersection,Pluie légère,Deux véhicules - frontale,,,,,,,,,,,4,2,1,2,1
200800073252,0008-12-04 19:45:00,8,12,4,19,45,940,52,"NC, BELLE GABRIELLE (AV",,,Nuit avec éclairage allumé,En agglomération,Intersection en T,Pluie légère,Deux véhicules - frontale,,,,,,,,,,,5,2,3,2,1
200800073253,0008-12-05 07:30:00,8,12,5,7,30,940,58,"NC, MARECHAL JOFFRE (AV",,,Nuit avec éclairage allumé,En agglomération,Intersection en X,Temps couvert,Deux véhicules - côté,,,,,,,,,,,5,2,2,8,3
200800073254,0008-12-06 16:20:00,8,12,6,16,20,940,58,"109, PIERRE BROSSOLETTE",,,Plein jour,En agglomération,Hors intersection,Normale,Trois véhicules et plus - collisions multiples,,,,,,,,,,,1,2,1,1,5
200800073255,0008-12-12 18:20:00,8,12,12,18,20,940,42,"nc, GENERAL GALLIENI (AV",,,Nuit avec éclairage allumé,En agglomération,Intersection en X,Normale,Deux véhicules - côté,,,,,,,,,,,5,2,2,1,3
200800073256,0008-12-10 18:40:00,8,12,10,18,40,940,58,"NC, ALSACE LORRAINE (BD",,,Nuit avec éclairage allumé,En agglomération,Intersection en T,Normale,Deux véhicules - côté,,,,,,,,,,,5,2,3,1,3
200800073257,0008-12-01 22:40:00,8,12,1,22,40,940,68,"29, VARENNE (R DE LA)",,,Nuit avec éclairage allumé,En agglomération,Hors intersection,Normale,Deux véhicules - frontale,,,,,,,,,,,5,2,1,1,1
200800073258,0008-12-01 19:15:00,8,12,1,19,15,940,68,"144, CRETEIL (BD DE)",,,Crépuscule ou aube,En agglomération,Hors intersection,Pluie légère,Autre collision,,,,,,,,,,,2,2,1,2,6
200800073259,0008-12-02 20:40:00,8,12,2,20,40,940,68,"46, BAC (AV DU)",,,Nuit avec éclairage allumé,En agglomération,Hors intersection,Pluie légère,Deux véhicules - arrière,,,,,,,,,,,5,2,1,2,2
200800073260,0008-12-02 21:00:00,8,12,2,21,0,940,68,"96, BAC (AV DU)",,,Nuit avec éclairage allumé,En agglomération,Hors intersection,Pluie légère,Autre collision,,,,,,,,,,,5,2,1,2,6
200800073261,0008-12-08 12:00:00,8,12,8,12,0,940,68,"44, CHAMPIGNY (BD DE)",,,Plein jour,En agglomération,Hors intersection,Normale,Autre collision,,,,,,,,,,,1,2,1,1,6
200800073262,0008-12-11 18:00:00,8,12,11,18,0,940,68,PILIERS (AV DES),,,Nuit avec éclairage non allumé,En agglomération,Intersection en X,Normale,Deux véhicules - côté,,,,,,,,,,,4,2,2,1,3
200800073263,0008-12-12 12:05:00,8,12,12,12,5,940,68,"14, BAC (AV DU)",,,Plein jour,En agglomération,Hors intersection,Normale,Autre collision,,,,,,,,,,,1,2,1,1,6
200800073264,0008-12-13 18:41:00,8,12,13,18,41,940,68,"84, GARIBALDI (R)",,,Crépuscule ou aube,En agglomération,Hors intersection,Normale,Autre collision,,,,,,,,,,,2,2,1,1,6
200800073265,0008-12-13 14:25:00,8,12,13,14,25,940,68,RABELAIS (BD),,,Plein jour,En agglomération,Intersection en X,Normale,Deux véhicules - côté,,,,,,,,,,,1,2,2,1,3
200800073266,0008-12-15 08:45:00,8,12,15,8,45,940,68,PONT DE CRETEIL (R DU),,,Plein jour,En agglomération,Hors intersection,Normale,Autre collision,,,,,,,,,,,1,2,1,1,6
200800073267,0008-12-17 18:15:00,8,12,17,18,15,940,68,LATTRE DE TASSIGNY (AV D,,,Nuit avec éclairage allumé,En agglomération,Hors intersection,Pluie légère,Deux véhicules - arrière,,,,,,,,,,,5,2,1,2,2
200800073268,0008-12-18 11:30:00,8,12,18,11,30,940,68,"35, EDGAR QUINET (R)",,,Plein jour,En agglomération,Hors intersection,Pluie légère,Deux véhicules - côté,,,,,,,,,,,1,2,1,2,3
200800073269,0008-12-18 13:15:00,8,12,18,13,15,940,68,CHEMIN VERT (R DU),,,Plein jour,En agglomération,Hors intersection,Pluie légère,Deux véhicules - frontale,,,,,,,,,,,1,2,1,2,1
200800073270,0008-12-24 17:46:00,8,12,24,17,46,940,68,ALMA (AV DE L),,,Nuit avec éclairage allumé,En agglomération,Hors intersection,Normale,Autre collision,,,,,,,,,,,5,2,1,1,6
200800073271,0008-12-30 10:05:00,8,12,30,10,5,940,78,"19, CHOISY (AV DE)",,,Plein jour,En agglomération,Hors intersection,Neige / grêle,Deux véhicules - arrière,,,,,,,,,,,1,2,1,4,2
200800073272,0008-12-01 17:35:00,8,12,1,17,35,940,78,"44, CHOISY (AV DE)",,,Nuit avec éclairage allumé,En agglomération,Hors intersection,Pluie légère,Deux véhicules - côté,,,,,,,,,,,5,2,1,2,3
200800073273,0008-12-03 20:30:00,8,12,3,20,30,940,78,MELUN (AV DE),,,Nuit avec éclairage allumé,En agglomération,Hors intersection,Normale,Trois véhicules et plus - collisions multiples,,,,,,,,,,,5,2,1,1,5
200800073274,0008-12-06 13:00:00,8,12,6,13,0,940,1,"14, HAMEAU DE BELLEVUE (",,,Plein jour,En agglomération,Hors intersection,Normale,Autre collision,,,,,,,,,,,1,2,1,1,6
200800073275,0008-12-08 19:55:00,8,12,8,19,55,940,77,REPUBLIQUE (AV DE LA),,,Nuit avec éclairage allumé,En agglomération,Hors intersection,Normale,Trois véhicules et plus - en chaîne,,,,,,,,,,,5,2,1,1,4
200800073276,0008-12-06 07:50:00,8,12,6,7,50,940,1,"02, VAL D 'ABLON (avenue",,,Plein jour,En agglomération,Hors intersection,Normale,Autre collision,,,,,,,,,,,1,2,1,1,6
200800073277,0008-12-01 21:30:00,8,12,1,21,30,940,78,MELUN (AV DE),,,Nuit avec éclairage allumé,En agglomération,Hors intersection,Autre,Deux véhicules - arrière,,,,,,,,,,,5,2,1,9,2
200800073278,0008-12-14 16:10:00,8,12,14,16,10,940,78,"270, PARIS (rue de )",,,Plein jour,En agglomération,Hors intersection,Pluie légère,Deux véhicules - arrière,,,,,,,,,,,1,2,1,2,2
200800073279,0008-12-23 21:35:00,8,12,23,21,35,940,77,"face au 5, SAINT-MARTIN",,,Nuit avec éclairage allumé,En agglomération,Hors intersection,Normale,Deux véhicules - côté,,,,,,,,,,,5,2,1,1,3
200800073280,0008-12-01 09:15:00,8,12,1,9,15,940,81,"Angle, PRESIDENT SALVADO",,,Plein jour,En agglomération,Intersection en T,Pluie légère,Autre collision,,,,,,,,,,,1,2,3,2,6
200800073281,0008-12-10 12:45:00,8,12,10,12,45,940,81,"120, PAUL VAILLANT COUTU",,,Plein jour,En agglomération,Hors intersection,Normale,Autre collision,,,,,,,,,,,1,2,1,1,6
200800073282,0008-12-10 09:05:00,8,12,10,9,5,940,81,"ANGLE, STALINGRAD (BD DE",,,Plein jour,En agglomération,Intersection en X,Autre,Autre collision,,,,,,,,,,,1,2,2,9,6
200800073283,0008-12-14 01:50:00,8,12,14,1,50,940,81,MOULIN DE SAQUET (AV DU),,,Nuit avec éclairage allumé,En agglomération,Hors intersection,Pluie légère,Autre collision,,,,,,,,,,,5,2,1,2,6
200800073284,0008-12-15 14:15:00,8,12,15,14,15,940,81,"angle, GABRIEL PERI (R)",,,Crépuscule ou aube,En agglomération,Intersection en X,Normale,Autre collision,,,,,,,,,,,2,2,2,1,6
200800073285,0008-12-21 16:45:00,8,12,21,16,45,940,81,"70, GAGNEE (R)",,,Plein jour,En agglomération,Hors intersection,Normale,Autre collision,,,,,,,,,,,1,2,1,1,6
200800073286,0008-12-25 01:25:00,8,12,25,1,25,940,81,"81, EDOUARD TREMBLAY (R)",,,Nuit avec éclairage allumé,En agglomération,Hors intersection,Normale,Autre collision,,,,,,,,,,,5,2,1,1,6
200800073287,0008-12-28 18:45:00,8,12,28,18,45,940,81,ROUGET DE L ISLE (AV),,,Nuit avec éclairage allumé,En agglomération,Hors intersection,Normale,Autre collision,,,,,,,,,,,5,2,1,1,6
200800073288,0008-12-03 07:25:00,8,12,3,7,25,950,18,DELAMBRE (BOULEVARD DU G,,,Crépuscule ou aube,En agglomération,Intersection en X,Pluie forte,Deux véhicules - arrière,,,,,,,,,,,2,2,2,3,2
200800073289,0008-12-03 16:15:00,8,12,3,16,15,950,176,"91, ARGENTEUIL (ROUTE D'",,,Plein jour,En agglomération,Intersection en T,Normale,Autre collision,,,,,,,,,,,1,2,3,1,6
200800073290,0008-12-08 16:25:00,8,12,8,16,25,950,18,CROIZAT (RUE AMBROISE),,,Plein jour,En agglomération,Intersection en T,Normale,Sans collision,,,,,,,,,,,1,2,3,1,7
200800073291,0008-12-08 21:55:00,8,12,8,21,55,950,18,CORMEILLES (ROUTE DE),,,Nuit avec éclairage allumé,En agglomération,Intersection en T,Normale,Deux véhicules - côté,,,,,,,,,,,5,2,3,1,3
200800073292,0008-12-09 09:25:00,8,12,9,9,25,950,18,THOMAS (RUE AMBROISE),,,Plein jour,En agglomération,Intersection en X,Normale,Deux véhicules - côté,,,,,,,,,,,1,2,2,1,3
200800073293,0008-12-09 18:45:00,8,12,9,18,45,950,582,"45, CHARLES DE GAULLE (B",,,Nuit avec éclairage allumé,En agglomération,Hors intersection,Pluie légère,Sans collision,,,,,,,,,,,5,2,1,2,7
200800073294,0008-12-10 11:45:00,8,12,10,11,45,950,18,BRIAND (RUE RENE),,,Plein jour,En agglomération,Hors intersection,Normale,Sans collision,,,,,,,,,,,1,2,1,1,7
200800073295,0008-12-08 18:30:00,8,12,8,18,30,950,18,"24, PERI (AVENUE GABRIEL",,,Nuit avec éclairage allumé,En agglomération,Hors intersection,Normale,Deux véhicules - arrière,,,,,,,,,,,5,2,1,1,2
200800073296,0008-12-11 10:30:00,8,12,11,10,30,950,18,MARTYRS DE CHATEAUBRIANT,,,Plein jour,En agglomération,Intersection en T,Pluie légère,Deux véhicules - côté,,,,,,,,,,,1,2,3,2,3
200800073297,0008-12-11 07:15:00,8,12,11,7,15,950,18,RESISTANCE (BOULEVARD DE,,,Crépuscule ou aube,En agglomération,Intersection en T,Normale,Sans collision,,,,,,,,,,,2,2,3,1,7
200800073298,0008-12-10 18:35:00,8,12,10,18,35,950,18,RESISTANCE (BOULEVARD DE,,,Nuit avec éclairage allumé,En agglomération,Intersection en T,Normale,Deux véhicules - côté,,,,,,,,,,,5,2,3,1,3
200800073299,0008-12-14 19:55:00,8,12,14,19,55,950,176,"8, STRATEGIQUE (ROUTE)",,,Nuit sans éclairage public,En agglomération,Hors intersection,Normale,Autre collision,,,,,,,,,,,3,2,1,1,6
200800073300,0008-12-13 18:10:00,8,12,13,18,10,950,18,ESPACE (AVENUE DE L'),,,Nuit avec éclairage allumé,En agglomération,Intersection en X,Pluie légère,Autre collision,,,,,,,,,,,5,2,2,2,6
200800073301,0008-12-12 19:40:00,8,12,12,19,40,950,18,COLOMBES (PONT AQUEDUC D,,,Nuit avec éclairage non allumé,En agglomération,Hors intersection,Temps couvert,Deux véhicules - côté,,,,,,,,,,,4,2,1,8,3
200800073302,0008-12-16 12:50:00,8,12,16,12,50,950,18,VIGNERONDE (RUE),,,Plein jour,En agglomération,Hors intersection,Normale,Deux véhicules - frontale,,,,,,,,,,,1,2,1,1,1
200800073303,0008-12-17 10:20:00,8,12,17,10,20,950,18,"27, PERI (AVENUE GABRIEL",,,Plein jour,En agglomération,Intersection en X,Pluie légère,Autre collision,,,,,,,,,,,1,2,2,2,6
200800073304,0008-12-19 07:45:00,8,12,19,7,45,950,18,"43, PERI (AVENUE GABRIEL",,,Nuit avec éclairage non allumé,En agglomération,Intersection en X,Pluie légère,Autre collision,,,,,,,,,,,4,2,2,2,6
200800073305,0008-12-19 18:15:00,8,12,19,18,15,950,18,RD 311,,,Nuit avec éclairage non allumé,En agglomération,Intersection en T,Normale,Trois véhicules et plus - en chaîne,,,,,,,,,,,4,2,3,1,4
200800073306,0008-12-22 12:25:00,8,12,22,12,25,950,18,CORMEILLES (ROUTE DE),,,Plein jour,En agglomération,Hors intersection,Normale,Sans collision,,,,,,,,,,,1,2,1,1,7
200800073307,0008-12-28 17:00:00,8,12,28,17,0,950,18,LURCAT (RUE JEAN),,,Plein jour,En agglomération,Hors intersection,Normale,Sans collision,,,,,,,,,,,1,2,1,1,7
200800073308,0008-12-29 17:50:00,8,12,29,17,50,950,18,RD 311,,,Nuit avec éclairage allumé,En agglomération,Intersection en T,Normale,Deux véhicules - arrière,,,,,,,,,,,5,2,3,1,2
200800073309,0008-12-31 14:00:00,8,12,31,14,0,950,18,"20, PARC (AVENUE DU)",,,Plein jour,En agglomération,Hors intersection,Normale,Autre collision,,,,,,,,,,,1,2,1,1,6
200800073310,0008-12-20 19:50:00,8,12,20,19,50,950,63,EMILE ZOLA (RUE-GD CERF,,,Nuit avec éclairage allumé,En agglomération,Hors intersection,Normale,Deux véhicules - frontale,,,,,,,,,,,5,2,1,1,1
200800073311,0008-12-06 17:55:00,8,12,6,17,55,950,63,"90, JEAN JAURES (RUE-42",,,Nuit avec éclairage allumé,Hors agglomération,Hors intersection,Normale,Deux véhicules - côté,,,,,,,,,,,5,1,1,1,3
200800073312,0008-12-15 17:30:00,8,12,15,17,30,950,63,"27, SALVADOR ALLENDE",,,Crépuscule ou aube,Hors agglomération,Hors intersection,Normale,Deux véhicules - côté,,,,,,,,,,,2,1,1,1,3
200800073313,0008-12-20 18:45:00,8,12,20,18,45,950,63,PLACE DES DROITS DE L HO,,,Nuit avec éclairage allumé,En agglomération,Hors intersection,Normale,Sans collision,,,,,,,,,,,5,2,1,1,7
200800073314,0008-12-08 18:20:00,8,12,8,18,20,950,500,REDOUANE BOUGARA (AVENUE,,,Nuit sans éclairage public,En agglomération,Hors intersection,Normale,Autre collision,,,,,,,,,,,3,2,1,1,6
200800073315,0008-12-05 21:15:00,8,12,5,21,15,950,197,"15, CHARLES DE GAULLE (A",,,Nuit sans éclairage public,En agglomération,Intersection en X,Pluie légère,Deux véhicules - côté,,,,,,,,,,,3,2,2,2,3
200800073316,0008-12-11 16:50:00,8,12,11,16,50,950,555,"1, PERI (AVENUE GABRIEL)",,,Plein jour,En agglomération,Intersection en X,Temps couvert,Deux véhicules - côté,,,,,,,,,,,1,2,2,8,3
200800073317,0008-12-17 16:30:00,8,12,17,16,30,950,210,DE GAULLE (RUE DU GENERA,,,Plein jour,En agglomération,Intersection en X,Normale,Deux véhicules - arrière,,,,,,,,,,,1,2,2,1,2
200800073318,0008-12-01 09:45:00,8,12,1,9,45,950,252,BEL-AIR (BOULEVARD DU),,,Plein jour,En agglomération,Hors intersection,Pluie légère,Deux véhicules - arrière,,,,,,,,,,,1,2,1,2,2
200800073319,0008-12-02 08:05:00,8,12,2,8,5,950,203,LECLERC (RUE DU GENERAL),,,Plein jour,En agglomération,Intersection en X,Normale,Deux véhicules - côté,,,,,,,,,,,1,2,2,1,3
200800073320,0008-12-05 01:15:00,8,12,5,1,15,950,252,STATION (RUE DE LA),,,Nuit sans éclairage public,En agglomération,Hors intersection,Pluie légère,Autre collision,,,,,,,,,,,3,2,1,2,6
200800073321,0008-12-08 20:05:00,8,12,8,20,5,950,252,GENERAL LECLERC (RUE DU),,,Nuit avec éclairage allumé,En agglomération,Hors intersection,Normale,Autre collision,,,,,,,,,,,5,2,1,1,6
200800073322,0008-12-09 08:10:00,8,12,9,8,10,950,219,STALINGRAD (RUE DE),,,Plein jour,En agglomération,Hors intersection,Normale,Autre collision,,,,,,,,,,,1,2,1,1,6