accident_id,datetime,annee,mois,jour,heure,minute,departement,commune_insee,adresse,latitude,longitude,luminosite,agglomeration,intersection,meteo,collision,nb_vehicules,nb_usagers,nb_indemnes,nb_tues,nb_blesses_hosp,nb_blesses_legers,age_cond_1,age_cond_2,veh_type_cond_1,veh_type_cond_2,lum_code,agg_code,int_code,atm_code,col_code
200800073323,0008-12-09 17:40:00,8,12,9,17,40,950,203,VOLTAIRE (AVENUE),,,Plein jour,En agglomération,Giratoire,Temps couvert,Sans collision,,,,,,,,,,,1,2,6,8,7
200800073324,0008-12-10 09:00:00,8,12,10,9,0,950,491,CLERC (RUE MARCEL),,,Plein jour,En agglomération,Hors intersection,Normale,Autre collision,,,,,,,,,,,1,2,1,1,6
200800073325,0008-12-15 19:45:00,8,12,15,19,45,950,203,MATLOCK (AVENUE),,,Nuit avec éclairage allumé,En agglomération,Hors intersection,Normale,Autre collision,,,,,,,,,,,5,2,1,1,6
200800073326,0008-12-16 11:50:00,8,12,16,11,50,950,574,LOUIS ET GERALD DONZELLE,,,Plein jour,En agglomération,Hors intersection,Normale,Autre collision,,,,,,,,,,,1,2,1,1,6
200800073327,0008-12-16 13:55:00,8,12,16,13,55,950,252,MARAIS (AVENUE DES),,,Plein jour,En agglomération,Hors intersection,Normale,Deux véhicules - arrière,,,,,,,,,,,1,2,1,1,2
200800073328,0008-12-29 15:30:00,8,12,29,15,30,950,268,"173, STALINGRAD (AVENUE",,,Plein jour,En agglomération,Hors intersection,Normale,Autre collision,,,,,,,,,,,1,2,1,1,6
200800073329,0008-12-05 12:00:00,8,12,5,12,0,950,277,"18, avenue François Mitt",,,Plein jour,En agglomération,Hors intersection,Pluie légère,Autre collision,,,,,,,,,,,1,2,1,2,6
200800073330,0008-12-19 06:00:00,8,12,19,6,0,950,19,"27 bis, JAURES JEAN (RUE",,,Crépuscule ou aube,En agglomération,Hors intersection,Temps couvert,Autre collision,,,,,,,,,,,2,2,1,8,6
200800073331,0008-12-11 06:20:00,8,12,11,6,20,950,277,LA FONTAINE CYPIERRE (CA,,,Crépuscule ou aube,En agglomération,Hors intersection,Temps couvert,Deux véhicules - côté,,,,,,,,,,,2,2,1,8,3
200800073332,0008-12-20 01:30:00,8,12,20,1,30,950,19,VAILLANT CHARLES (AVENUE,,,Nuit avec éclairage allumé,En agglomération,Giratoire,Temps couvert,Deux véhicules - côté,,,,,,,,,,,5,2,6,8,3
200800073333,0008-12-02 15:10:00,8,12,2,15,10,950,424,FERNAND BOMMELLE (AVENUE,,,Plein jour,En agglomération,Intersection en X,Temps couvert,Deux véhicules - frontale,,,,,,,,,,,1,2,2,8,1
200800073334,0008-12-23 12:30:00,8,12,23,12,30,950,424,VICTOR BORDIER (BOULEVAR,,,Plein jour,En agglomération,Hors intersection,Normale,Deux véhicules - arrière,,,,,,,,,,,1,2,1,1,2
200800073335,0008-12-21 04:30:00,8,12,21,4,30,950,313,ROND POINT DES HEROS DE,,,Nuit avec éclairage allumé,En agglomération,Hors intersection,Normale,Autre collision,,,,,,,,,,,5,2,1,1,6
200800073336,0008-12-02 08:28:00,8,12,2,8,28,950,52,LEON BLUM (BOULEVARD),,,Crépuscule ou aube,En agglomération,Intersection en Y,Normale,Trois véhicules et plus - collisions multiples,,,,,,,,,,,2,2,4,1,5
200800073337,0008-12-21 07:40:00,8,12,21,7,40,950,313,PARIS (AVENUE DE),,,Nuit sans éclairage public,Hors agglomération,Hors intersection,Normale,Deux véhicules - frontale,,,,,,,,,,,3,1,1,1,1
200800073338,0008-12-17 06:15:00,8,12,17,6,15,950,313,SAINT LAZARE,,,Nuit avec éclairage allumé,En agglomération,Intersection en X,Normale,Deux véhicules - côté,,,,,,,,,,,5,2,2,1,3
200800073339,0008-12-20 18:30:00,8,12,20,18,30,950,539,PONT D'HENNEBROCK (RUE D,,,Nuit avec éclairage allumé,Hors agglomération,Intersection en T,Pluie légère,Deux véhicules - frontale,,,,,,,,,,,5,1,3,2,1
200800073340,0008-12-11 11:55:00,8,12,11,11,55,950,680,ERABLES (AVENUE DES),,,Plein jour,En agglomération,Hors intersection,Normale,Sans collision,,,,,,,,,,,1,2,1,1,7
200800073341,0008-12-09 13:05:00,8,12,9,13,5,950,585,MITTERAND (BD FRANCOIS),,,Plein jour,En agglomération,Intersection en X,Neige / grêle,Sans collision,,,,,,,,,,,1,2,2,4,7
200800073342,0008-12-20 22:00:00,8,12,20,22,0,950,585,HUIT MAI 1945 (AVENUE DU,,,Nuit avec éclairage allumé,En agglomération,Intersection en X,Normale,Deux véhicules - côté,,,,,,,,,,,5,2,2,1,3
200800073343,0008-12-17 07:00:00,8,12,17,7,0,950,563,JEAN ROSTAND (AVENUE),,,Nuit avec éclairage allumé,En agglomération,Hors intersection,Normale,Autre collision,,,,,,,,,,,5,2,1,1,6
200800073344,0008-12-02 07:30:00,8,12,2,7,30,201,4,PIETRI FRANCOIS RUE,,,Plein jour,En agglomération,Hors intersection,Pluie légère,Autre collision,,,,,,,,,,,1,2,1,2,6
200800073345,0008-12-08 07:35:00,8,12,8,7,35,201,4,1ER CONSUL RCE RUE CANDI,,,Crépuscule ou aube,En agglomération,Autre intersection,Normale,Autre collision,,,,,,,,,,,2,2,9,1,6
200800073346,0008-12-12 08:30:00,8,12,12,8,30,201,4,"113, NAPOLEON COURS AVAN",,,Plein jour,En agglomération,Hors intersection,Normale,Deux véhicules - arrière,,,,,,,,,,,1,2,1,1,2
200800073347,0008-12-15 07:29:00,8,12,15,7,29,201,4,SARTENE ANCIENNE ROUTE,,,Crépuscule ou aube,Hors agglomération,Hors intersection,Temps couvert,Deux véhicules - arrière,,,,,,,,,,,2,1,1,8,2
200800073348,0008-12-15 23:20:00,8,12,15,23,20,201,4,BIANCARELLO CHEMIN,,,Nuit avec éclairage allumé,Hors agglomération,Hors intersection,Pluie légère,Autre collision,,,,,,,,,,,5,1,1,2,6
200800073349,0008-12-16 10:10:00,8,12,16,10,10,201,4,"SANS, NAPOLEON III AVENU",,,Plein jour,En agglomération,Hors intersection,Normale,Trois véhicules et plus - collisions multiples,,,,,,,,,,,1,2,1,1,5
200800073350,0008-12-16 22:50:00,8,12,16,22,50,201,4,NAPOLEON COURS APRES BEV,,,Nuit avec éclairage allumé,En agglomération,Autre intersection,Normale,Deux véhicules - côté,,,,,,,,,,,5,2,9,1,3
200800073351,0008-12-18 14:05:00,8,12,18,14,5,201,4,"SANS, NAPOLEON III AVENU",,,Plein jour,En agglomération,Hors intersection,Normale,Autre collision,,,,,,,,,,,1,2,1,1,6
200800073352,0008-12-21 07:20:00,8,12,21,7,20,201,4,"61, NAPOLEON COURS AVANT",,,Crépuscule ou aube,En agglomération,Hors intersection,Normale,Autre collision,,,,,,,,,,,2,2,1,1,6
200800073353,0008-12-22 17:00:00,8,12,22,17,0,201,4,"56, NAPOLEON COURS AVANT",,,Crépuscule ou aube,En agglomération,Hors intersection,Normale,Autre collision,,,,,,,,,,,2,2,1,1,6
200800073354,0008-12-22 17:54:00,8,12,22,17,54,201,4,NATIONALE 193,,,Nuit avec éclairage allumé,Hors agglomération,Autre intersection,Normale,Deux véhicules - côté,,,,,,,,,,,5,1,9,1,3
200800073355,0008-12-23 09:10:00,8,12,23,9,10,201,4,"SANS, HERMINIER GARE MAR",,,Plein jour,En agglomération,Hors intersection,Normale,Deux véhicules - arrière,,,,,,,,,,,1,2,1,1,2
200800073356,0008-12-24 07:15:00,8,12,24,7,15,201,4,ASPRETTO ROUTE,,,Crépuscule ou aube,En agglomération,Hors intersection,Normale,Autre collision,,,,,,,,,,,2,2,1,1,6
200800073357,0008-12-26 12:20:00,8,12,26,12,20,201,4,NATIONALE 194,,,Plein jour,En agglomération,Hors intersection,Normale,Deux véhicules - côté,,,,,,,,,,,1,2,1,1,3
200800073358,0008-12-24 14:40:00,8,12,24,14,40,201,4,ILES SANGUINAIRES ROUTE,,,Plein jour,Hors agglomération,Hors intersection,Normale,Deux véhicules - frontale,,,,,,,,,,,1,1,1,1,1
200800073359,0008-12-27 17:38:00,8,12,27,17,38,201,4,"SANS, SEBASTIANU COSTA B",,,Nuit avec éclairage allumé,En agglomération,Hors intersection,Normale,Deux véhicules - arrière,,,,,,,,,,,5,2,1,1,2
200800073360,0008-12-30 05:55:00,8,12,30,5,55,201,4,"SANS, BONAPARTE CHARLES",,,Crépuscule ou aube,En agglomération,Intersection en X,Normale,Deux véhicules - côté,,,,,,,,,,,2,2,2,1,3
200800073361,0008-12-06 18:20:00,8,12,6,18,20,690,381,"04, PLACE CROIX PAQUET",,,Nuit avec éclairage allumé,En agglomération,Hors intersection,Pluie légère,Autre collision,,,,,,,,,,,5,2,1,2,6
200800073362,0008-12-07 04:50:00,8,12,7,4,50,690,381,"8, QUAI SAINT VINCENT",,,Nuit avec éclairage allumé,En agglomération,Hors intersection,Normale,Deux véhicules - frontale,,,,,,,,,,,5,2,1,1,1
200800073363,0008-12-13 22:20:00,8,12,13,22,20,690,381,"13, QUAI ANDRE LASSAGNE",,,Nuit avec éclairage allumé,En agglomération,Hors intersection,Normale,Autre collision,,,,,,,,,,,5,2,1,1,6
200800073364,0008-12-24 10:05:00,8,12,24,10,5,690,381,"22, RUE DES CAPUCINS",,,Plein jour,En agglomération,Intersection en X,Normale,Deux véhicules - côté,,,,,,,,,,,1,2,2,1,3
200800073365,0008-12-03 09:52:00,8,12,3,9,52,202,120,"sans, TOUTES RUES",,,Plein jour,En agglomération,Hors intersection,Normale,Trois véhicules et plus - en chaîne,,,,,,,,,,,1,2,1,1,4
200800073366,0008-12-08 18:14:00,8,12,8,18,14,202,120,"SANS, TOUTES RUES",,,Nuit avec éclairage allumé,En agglomération,Hors intersection,Normale,Autre collision,,,,,,,,,,,5,2,1,1,6
200800073367,0008-12-09 18:15:00,8,12,9,18,15,202,37,"SANS, TOUTES RUES",,,Nuit avec éclairage allumé,En agglomération,Intersection à plus de 4 branches,Normale,Deux véhicules - côté,,,,,,,,,,,5,2,5,1,3
200800073368,0008-12-09 19:51:00,8,12,9,19,51,202,120,"SANS, TOUTES RUES",,,Nuit avec éclairage allumé,En agglomération,Hors intersection,Normale,Deux véhicules - arrière,,,,,,,,,,,5,2,1,1,2
200800073369,0008-12-11 15:30:00,8,12,11,15,30,202,33,"SANS, TOUTES RUES",,,Plein jour,En agglomération,Hors intersection,Pluie légère,Autre collision,,,,,,,,,,,1,2,1,2,6
200800073370,0008-12-15 13:40:00,8,12,15,13,40,202,33,"SANS, SAINT ANTOINE - HL",,,Plein jour,En agglomération,Hors intersection,Normale,Deux véhicules - côté,,,,,,,,,,,1,2,1,1,3
200800073371,0008-12-16 17:33:00,8,12,16,17,33,202,33,"sans, 193 - RN",,,Plein jour,En agglomération,Hors intersection,Normale,Sans collision,,,,,,,,,,,1,2,1,1,7
200800073372,0008-12-19 17:39:00,8,12,19,17,39,202,33,"SANS, TOUTES RUES",,,Nuit avec éclairage allumé,En agglomération,Hors intersection,Normale,Deux véhicules - arrière,,,,,,,,,,,5,2,1,1,2
200800073373,0008-12-19 16:47:00,8,12,19,16,47,202,120,"SANS, TOUTES RUES",,,Plein jour,Hors agglomération,Hors intersection,Normale,Deux véhicules - arrière,,,,,,,,,,,1,1,1,1,2
200800073374,0008-12-21 09:56:00,8,12,21,9,56,202,37,"sans, TOUTES RUES",,,Plein jour,Hors agglomération,Hors intersection,Normale,Autre collision,,,,,,,,,,,1,1,1,1,6
200800073375,0008-12-21 04:33:00,8,12,21,4,33,202,33,"sans, TOUTES RUES",,,Nuit avec éclairage allumé,En agglomération,Hors intersection,Normale,Autre collision,,,,,,,,,,,5,2,1,1,6
200800073376,0008-12-23 11:17:00,8,12,23,11,17,202,33,"SANS, TOUTES RUES",,,Plein jour,En agglomération,Hors intersection,Normale,Autre collision,,,,,,,,,,,1,2,1,1,6
200800073377,0008-12-23 23:12:00,8,12,23,23,12,202,33,"SANS, PIERANGELLI -COURS",,,Nuit avec éclairage allumé,En agglomération,Intersection en X,Normale,Deux véhicules - côté,,,,,,,,,,,5,2,2,1,3
200800073378,0008-12-26 13:00:00,8,12,26,13,0,202,33,"sans, 193 - RN",,,Plein jour,En agglomération,Hors intersection,Normale,Sans collision,,,,,,,,,,,1,2,1,1,7
200800073379,0008-12-26 21:18:00,8,12,26,21,18,202,33,"SANS, AV DE LA LIBERATIO",,,Nuit avec éclairage allumé,En agglomération,Hors intersection,Normale,Deux véhicules - côté,,,,,,,,,,,5,2,1,1,3
200800073380,0008-12-26 22:41:00,8,12,26,22,41,202,33,"sans, VEZZANI - RUE CESA",,,Nuit avec éclairage allumé,En agglomération,Intersection en T,Normale,Autre collision,,,,,,,,,,,5,2,3,1,6
200800073381,0008-12-27 02:43:00,8,12,27,2,43,202,33,"sans, FRONT DE MER - ROU",,,Nuit avec éclairage allumé,En agglomération,Hors intersection,Normale,Sans collision,,,,,,,,,,,5,2,1,1,7
200800073382,0008-12-27 17:28:00,8,12,27,17,28,202,120,"SANS, TOUTES RUES",,,Plein jour,En agglomération,Hors intersection,Normale,Deux véhicules - côté,,,,,,,,,,,1,2,1,1,3
200800073383,0008-12-04 13:05:00,8,12,4,13,5,690,382,"57, COURS CHARLEMAGNE",,,Plein jour,En agglomération,Hors intersection,Pluie légère,Autre collision,,,,,,,,,,,1,2,1,2,6
200800073384,0008-12-04 16:10:00,8,12,4,16,10,690,382,"9, RUE DE BREST",,,Plein jour,En agglomération,Hors intersection,Pluie légère,Sans collision,,,,,,,,,,,1,2,1,2,7
200800073385,0008-12-06 13:50:00,8,12,6,13,50,690,382,"00, TREMIE 7 DU CENTRE D",,,Plein jour,En agglomération,Hors intersection,Pluie légère,Trois véhicules et plus - collisions multiples,,,,,,,,,,,1,2,1,2,5
200800073386,0008-12-08 16:45:00,8,12,8,16,45,690,382,"00, COURS CHARLEMAGNE",,,Nuit avec éclairage allumé,En agglomération,Intersection en X,Normale,Deux véhicules - côté,,,,,,,,,,,5,2,2,1,3
200800073387,0008-12-02 13:10:00,8,12,2,13,10,690,382,"00, RUE ANTOINE DE SAINT",,,Plein jour,En agglomération,Intersection en X,Normale,Autre collision,,,,,,,,,,,1,2,2,1,6
200800073388,0008-12-11 21:03:00,8,12,11,21,3,690,382,"2, RUE GROLEE",,,Nuit avec éclairage allumé,En agglomération,Hors intersection,Normale,Autre collision,,,,,,,,,,,5,2,1,1,6
200800073389,0008-12-14 08:25:00,8,12,14,8,25,690,382,"0, RUE QUIVOGNE",,,Plein jour,En agglomération,Intersection en X,Normale,Deux véhicules - côté,,,,,,,,,,,1,2,2,1,3
200800073390,0008-12-16 09:45:00,8,12,16,9,45,690,382,"26, QUAI DOCTEUR GAILLET",,,Plein jour,En agglomération,Hors intersection,Pluie légère,Autre collision,,,,,,,,,,,1,2,1,2,6
200800073391,0008-12-25 22:10:00,8,12,25,22,10,690,382,"97, RUE PRESIDENT EDOUAR",,,Nuit avec éclairage non allumé,En agglomération,Hors intersection,Normale,Deux véhicules - arrière,,,,,,,,,,,4,2,1,1,2
200800073392,0008-12-30 22:25:00,8,12,30,22,25,690,382,"00, TREMIE 6 DU CENTRE D",,,Nuit avec éclairage allumé,En agglomération,Hors intersection,Pluie légère,Deux véhicules - frontale,,,,,,,,,,,5,2,1,2,1
200800073393,0008-12-27 06:45:00,8,12,27,6,45,690,382,"04, PLACE ANTONIN PONCET",,,Nuit avec éclairage allumé,En agglomération,Hors intersection,Normale,Autre collision,,,,,,,,,,,5,2,1,1,6
200800073394,0008-12-30 18:48:00,8,12,30,18,48,690,382,"10, IMPASSE GENTIL",,,Nuit avec éclairage allumé,En agglomération,Intersection en X,Pluie légère,Deux véhicules - côté,,,,,,,,,,,5,2,2,2,3
200800073395,0008-12-31 13:30:00,8,12,31,13,30,690,382,"ANGLE, RUE DU PLAT",,,Plein jour,En agglomération,Intersection en X,Pluie légère,Deux véhicules - côté,,,,,,,,,,,1,2,2,2,3
200800073396,0008-12-21 14:00:00,8,12,21,14,0,690,382,"00, RUE AUGUSTE COMTE",,,Plein jour,En agglomération,Hors intersection,Normale,Autre collision,,,,,,,,,,,1,2,1,1,6
200800073397,0008-12-19 17:34:00,8,12,19,17,34,690,382,"04, RUE PRESIDENT CARNOT",,,Nuit avec éclairage allumé,En agglomération,Hors intersection,Pluie légère,Autre collision,,,,,,,,,,,5,2,1,2,6
200800073398,0008-12-01 19:55:00,8,12,1,19,55,690,383,"0, RUE DE BONNEL",,,Nuit avec éclairage allumé,En agglomération,Hors intersection,Pluie légère,Deux véhicules - côté,,,,,,,,,,,5,2,1,2,3
200800073399,0008-12-02 21:10:00,8,12,2,21,10,690,383,"37, COURS GAMBETTA",,,Nuit avec éclairage allumé,En agglomération,Hors intersection,Normale,Deux véhicules - arrière,,,,,,,,,,,5,2,1,1,2
200800073400,0008-12-01 20:15:00,8,12,1,20,15,690,383,"151, AVENUE FELIX FAURE",,,Nuit avec éclairage allumé,En agglomération,Hors intersection,Temps couvert,Autre collision,,,,,,,,,,,5,2,1,8,6
200800073401,0008-12-04 17:55:00,8,12,4,17,55,690,386,COURS VITTON,,,Nuit avec éclairage allumé,En agglomération,Hors intersection,Normale,Autre collision,,,,,,,,,,,5,2,1,1,6
200800073402,0008-12-07 21:35:00,8,12,7,21,35,690,386,"4, AVENUE MARECHAL DE SA",,,Nuit avec éclairage allumé,En agglomération,Hors intersection,Normale,Deux véhicules - côté,,,,,,,,,,,5,2,1,1,3
200800073403,0008-12-05 10:45:00,8,12,5,10,45,690,383,RUE SAINTE ANNE DE BARAB,,,Plein jour,En agglomération,Hors intersection,Normale,Autre collision,,,,,,,,,,,1,2,1,1,6
200800073404,0008-12-08 22:00:00,8,12,8,22,0,690,386,"0, COURS LAFAYETTE",,,Nuit avec éclairage allumé,En agglomération,Intersection en X,Normale,Deux véhicules - arrière,,,,,,,,,,,5,2,2,1,2
200800073405,0008-12-09 17:30:00,8,12,9,17,30,690,386,"2, RUE DE SEZE",,,Nuit avec éclairage allumé,En agglomération,Hors intersection,Pluie forte,Deux véhicules - côté,,,,,,,,,,,5,2,1,3,3
200800073406,0008-12-08 17:05:00,8,12,8,17,5,690,386,RUE GARIBALDI,,,Plein jour,En agglomération,Hors intersection,Normale,Deux véhicules - côté,,,,,,,,,,,1,2,1,1,3
200800073407,0008-12-11 16:00:00,8,12,11,16,0,690,383,"235, AVENUE FELIX FAURE",,,Plein jour,En agglomération,Hors intersection,Normale,Deux véhicules - côté,,,,,,,,,,,1,2,1,1,3
200800073408,0008-12-10 07:35:00,8,12,10,7,35,690,383,RUE DU DAUPHINE,,,Nuit avec éclairage allumé,En agglomération,Hors intersection,Neige / grêle,Autre collision,,,,,,,,,,,5,2,1,4,6
200800073409,0008-12-10 11:35:00,8,12,10,11,35,690,383,"0, RUE D AUBIGNY",,,Plein jour,En agglomération,Intersection en X,Pluie légère,Autre collision,,,,,,,,,,,1,2,2,2,6
200800073410,0008-12-12 09:20:00,8,12,12,9,20,690,386,"32, RUE DUGUESCLIN",,,Plein jour,En agglomération,Hors intersection,Normale,Deux véhicules - côté,,,,,,,,,,,1,2,1,1,3
200800073411,0008-12-15 17:40:00,8,12,15,17,40,690,386,"26, RUE LOUIS BLANC",,,Nuit avec éclairage allumé,En agglomération,Hors intersection,Normale,Autre collision,,,,,,,,,,,5,2,1,1,6
200800073412,0008-12-18 12:05:00,8,12,18,12,5,690,386,"0, RUE DU LIEUTENANT COL",,,Plein jour,En agglomération,Hors intersection,Normale,Autre collision,,,,,,,,,,,1,2,1,1,6
200800073413,0008-12-16 14:00:00,8,12,16,14,0,690,386,"0, COURS VITTON",,,Plein jour,En agglomération,Hors intersection,Normale,Deux véhicules - côté,,,,,,,,,,,1,2,1,1,3
200800073414,0008-12-22 09:00:00,8,12,22,9,0,690,386,"0, RUE MICHEL RAMBAUD",,,Plein jour,En agglomération,Hors intersection,Normale,Autre collision,,,,,,,,,,,1,2,1,1,6
200800073415,0008-12-22 14:55:00,8,12,22,14,55,690,386,"1ter, BOULEVARD DES BELG",,,Plein jour,En agglomération,Hors intersection,Normale,Deux véhicules - côté,,,,,,,,,,,1,2,1,1,3
200800073416,0008-12-22 19:05:00,8,12,22,19,5,690,386,"0, RUE VENDOME",,,Nuit avec éclairage allumé,En agglomération,Hors intersection,Normale,Deux véhicules - côté,,,,,,,,,,,5,2,1,1,3
200800073417,0008-12-26 11:00:00,8,12,26,11,0,690,386,"0, COURS VITTON",,,Plein jour,En agglomération,Hors intersection,Normale,Autre collision,,,,,,,,,,,1,2,1,1,6
200800073418,0008-12-26 16:00:00,8,12,26,16,0,690,386,"0, BOULEVARD JULES FAVRE",,,Plein jour,En agglomération,Hors intersection,Normale,Autre collision,,,,,,,,,,,1,2,1,1,6
200800073419,0008-12-28 15:45:00,8,12,28,15,45,690,386,"0, AVENUE GENERAL BROSSE",,,Plein jour,En agglomération,Intersection en X,Normale,Deux véhicules - côté,,,,,,,,,,,1,2,2,1,3
200800073420,0008-12-16 11:44:00,8,12,16,11,44,690,384,"28, BOULEVARD DES CANUTS",,,Plein jour,En agglomération,Hors intersection,Normale,Autre collision,,,,,,,,,,,1,2,1,1,6
200800073421,0008-12-06 22:05:00,8,12,6,22,5,690,385,"32, RUE SOEUR BOUVIER",,,Nuit avec éclairage allumé,En agglomération,Hors intersection,Normale,Sans collision,,,,,,,,,,,5,2,1,1,7
200800073422,0008-12-12 18:15:00,8,12,12,18,15,690,385,"1, RUE DES AQUEDUCS",,,Nuit avec éclairage allumé,En agglomération,Intersection en T,Normale,Sans collision,,,,,,,,,,,5,2,3,1,7
200800073423,0008-12-01 13:40:00,8,12,1,13,40,690,388,"3, RUE MARIUS BERLIET",,,Plein jour,En agglomération,Hors intersection,Normale,Deux véhicules - côté,,,,,,,,,,,1,2,1,1,3
200800073424,0008-12-01 08:45:00,8,12,1,8,45,690,388,"155, BOULEVARD DES ETATS",,,Plein jour,En agglomération,Hors intersection,Normale,Trois véhicules et plus - collisions multiples,,,,,,,,,,,1,2,1,1,5
200800073425,0008-12-03 15:00:00,8,12,3,15,0,690,388,"52, RUE LAENNEC",,,Plein jour,En agglomération,Hors intersection,Normale,Autre collision,,,,,,,,,,,1,2,1,1,6
200800073426,0008-12-03 14:15:00,8,12,3,14,15,690,388,"30, COURS ALBERT THOMAS",,,Plein jour,En agglomération,Hors intersection,Normale,Autre collision,,,,,,,,,,,1,2,1,1,6
200800073427,0008-12-05 17:20:00,8,12,5,17,20,690,388,"10/12, BOULEVARD AMBROIS",,,Nuit avec éclairage allumé,En agglomération,Hors intersection,Normale,Deux véhicules - côté,,,,,,,,,,,5,2,1,1,3
200800073428,0008-12-01 19:10:00,8,12,1,19,10,690,388,"36, RUE PAUL CAZENEUVE",,,Nuit avec éclairage allumé,En agglomération,Hors intersection,Pluie légère,Deux véhicules - frontale,,,,,,,,,,,5,2,1,2,1
200800073429,0008-12-24 20:45:00,8,12,24,20,45,690,388,"00, BOULEVARD DES ETATS",,,Nuit avec éclairage allumé,En agglomération,Intersection en X,Temps couvert,Deux véhicules - côté,,,,,,,,,,,5,2,2,8,3
200800073430,0008-12-06 11:25:00,8,12,6,11,25,690,389,"18, RUE MASARYK",,,Plein jour,En agglomération,Hors intersection,Normale,Autre collision,,,,,,,,,,,1,2,1,1,6
200800073431,0008-12-09 16:55:00,8,12,9,16,55,690,389,"300, AVENUE ANDREI SAKHA",,,Nuit avec éclairage allumé,En agglomération,Hors intersection,Pluie forte,Autre collision,,,,,,,,,,,5,2,1,3,6
200800073432,0008-12-17 13:55:00,8,12,17,13,55,690,389,"28, RUE ROGER SALENGRO",,,Plein jour,En agglomération,Intersection en X,Normale,Autre collision,,,,,,,,,,,1,2,2,1,6
200800073433,0008-12-18 19:20:00,8,12,18,19,20,690,389,"53, RUE DE SAINT CYR",,,Nuit avec éclairage allumé,En agglomération,Hors intersection,Normale,Autre collision,,,,,,,,,,,5,2,1,1,6
200800073434,0008-12-31 19:55:00,8,12,31,19,55,690,389,"21, QUAI ARLOING",,,Nuit avec éclairage allumé,En agglomération,Hors intersection,Pluie légère,Autre collision,,,,,,,,,,,5,2,1,2,6
200800073435,0008-12-03 10:20:00,8,12,3,10,20,940,17,BERNAU (R DE),,,Plein jour,En agglomération,Hors intersection,Pluie légère,Autre collision,,,,,,,,,,,1,2,1,2,6
200800073436,0008-12-05 09:45:00,8,12,5,9,45,940,17,MAURICE THOREZ (AV),,,Plein jour,En agglomération,Hors intersection,Pluie légère,Autre collision,,,,,,,,,,,1,2,1,2,6
200800073437,0008-12-05 17:30:00,8,12,5,17,30,940,17,ROGER SALENGRO (AV),,,Plein jour,En agglomération,Hors intersection,Pluie légère,Trois véhicules et plus - collisions multiples,,,,,,,,,,,1,2,1,2,5
200800073438,0008-12-14 23:10:00,8,12,14,23,10,940,17,GEORGES DIMITROV (R),,,Nuit avec éclairage allumé,En agglomération,Hors intersection,Normale,Deux véhicules - arrière,,,,,,,,,,,5,2,1,1,2
200800073439,0008-12-19 15:00:00,8,12,19,15,0,940,17,MARX DORMOY (AV),,,Plein jour,En agglomération,Hors intersection,Normale,Deux véhicules - arrière,,,,,,,,,,,1,2,1,1,2
200800073440,0008-12-28 22:20:00,8,12,28,22,20,940,17,STALINGRAD (BD DE),,,Nuit avec éclairage allumé,En agglomération,Hors intersection,Normale,Deux véhicules - frontale,,,,,,,,,,,5,2,1,1,1
200800073441,0008-12-29 14:50:00,8,12,29,14,50,940,17,LOUIS TALAMONI (R),,,Plein jour,En agglomération,Hors intersection,Normale,Deux véhicules - côté,,,,,,,,,,,1,2,1,1,3
200800073442,0008-12-03 20:50:00,8,12,3,20,50,950,527,ROUTE DEPARTEMENTALE 212,,,Nuit sans éclairage public,Hors agglomération,Hors intersection,Normale,Deux véhicules - frontale,,,,,,,,,,,3,1,1,1,1
200800073443,0008-12-08 18:10:00,8,12,8,18,10,940,54,"0, RUE DE LA SOIE",,,Nuit avec éclairage allumé,Hors agglomération,Hors intersection,Normale,Autre collision,,,,,,,,,,,5,1,1,1,6
200800073444,0008-12-10 12:55:00,8,12,10,12,55,940,54,"0, avenue de l'union",,,Plein jour,Hors agglomération,Autre intersection,Temps couvert,Sans collision,,,,,,,,,,,1,1,9,8,7
200800073445,0008-12-01 08:37:00,8,12,1,8,37,750,101,QUAI DES TUILERIES,,,Plein jour,En agglomération,Hors intersection,Pluie légère,Trois véhicules et plus - en chaîne,,,,,,,,,,,1,2,1,2,4
200800073446,0008-12-01 13:00:00,8,12,1,13,0,750,101,"50, RUE CROIX DES PETITS",,,Plein jour,En agglomération,Intersection en Y,Temps couvert,Autre collision,,,,,,,,,,,1,2,4,8,6
200800073447,0008-12-01 18:00:00,8,12,1,18,0,750,101,AVENUE VICTORIA,,,Nuit avec éclairage allumé,En agglomération,Intersection en T,Pluie légère,Autre collision,,,,,,,,,,,5,2,3,2,6
200800073448,0008-12-01 21:20:00,8,12,1,21,20,750,101,"15, PLACE VENDOME",,,Nuit avec éclairage allumé,En agglomération,Hors intersection,Autre,Sans collision,,,,,,,,,,,5,2,1,9,7
200800073449,0008-12-01 18:50:00,8,12,1,18,50,750,103,"41, BOULEVARD SAINT MART",,,Nuit avec éclairage allumé,En agglomération,Hors intersection,Autre,Sans collision,,,,,,,,,,,5,2,1,9,7
200800073450,0008-12-01 10:40:00,8,12,1,10,40,750,105,"28, RUE BROCA",,,Plein jour,En agglomération,Hors intersection,Temps couvert,Sans collision,,,,,,,,,,,1,2,1,8,7
200800073451,0008-12-01 10:10:00,8,12,1,10,10,750,106,"45, RUE BONAPARTE",,,Plein jour,En agglomération,Intersection en T,Pluie légère,Sans collision,,,,,,,,,,,1,2,3,2,7