accident_id,datetime,annee,mois,jour,heure,minute,departement,commune_insee,adresse,latitude,longitude,luminosite,agglomeration,intersection,meteo,collision,nb_vehicules,nb_usagers,nb_indemnes,nb_tues,nb_blesses_hosp,nb_blesses_legers,age_cond_1,age_cond_2,veh_type_cond_1,veh_type_cond_2,lum_code,agg_code,int_code,atm_code,col_code
200800073452,0008-12-01 23:45:00,8,12,1,23,45,750,106,"2, CARREFOUR ODEON",,,Nuit avec éclairage allumé,En agglomération,Intersection en X,Normale,Deux véhicules - côté,,,,,,,,,,,5,2,2,1,3
200800073453,0008-12-01 11:37:00,8,12,1,11,37,750,107,BOULEVARD SAINT GERMAIN,,,Plein jour,En agglomération,Intersection à plus de 4 branches,Temps couvert,Deux véhicules - côté,,,,,,,,,,,1,2,5,8,3
200800073454,0008-12-01 09:15:00,8,12,1,9,15,750,108,PLACE DE LA MADELEINE,,,Plein jour,En agglomération,Hors intersection,Pluie légère,Sans collision,,,,,,,,,,,1,2,1,2,7
200800073455,0008-12-01 08:45:00,8,12,1,8,45,750,110,"23, BOULEVARD DE MAGENTA",,,Plein jour,En agglomération,Intersection en T,Temps couvert,Deux véhicules - côté,,,,,,,,,,,1,2,3,8,3
200800073456,0008-12-01 12:00:00,8,12,1,12,0,750,110,RUE DU HUIT MAI 1945,,,Plein jour,En agglomération,Hors intersection,Pluie légère,Autre collision,,,,,,,,,,,1,2,1,2,6
200800073457,0008-12-01 13:00:00,8,12,1,13,0,750,110,"125, BOULEVARD DE MAGENT",,,Plein jour,En agglomération,Intersection à plus de 4 branches,Normale,Deux véhicules - côté,,,,,,,,,,,1,2,5,1,3
200800073458,0008-12-01 04:40:00,8,12,1,4,40,750,111,"223, BOULEVARD VOLTAIRE",,,Nuit avec éclairage allumé,En agglomération,Intersection en T,Pluie légère,Autre collision,,,,,,,,,,,5,2,3,2,6
200800073459,0008-12-01 13:15:00,8,12,1,13,15,750,111,"51, RUE DU FAUBOURG SAIN",,,Plein jour,En agglomération,Hors intersection,Autre,Deux véhicules - côté,,,,,,,,,,,1,2,1,9,3
200800073460,0008-12-01 16:20:00,8,12,1,16,20,750,111,RUE DU FAUBOURG SAINT AN,,,Nuit avec éclairage allumé,En agglomération,Hors intersection,Pluie légère,Deux véhicules - arrière,,,,,,,,,,,5,2,1,2,2
200800073461,0008-12-01 18:55:00,8,12,1,18,55,750,111,"86, AVENUE PARMENTIER",,,Nuit avec éclairage allumé,En agglomération,Hors intersection,Pluie légère,Autre collision,,,,,,,,,,,5,2,1,2,6
200800073462,0008-12-01 20:00:00,8,12,1,20,0,750,111,BOULEVARD DES FILLES DU,,,Nuit avec éclairage allumé,En agglomération,Intersection en X,Normale,Deux véhicules - côté,,,,,,,,,,,5,2,2,1,3
200800073463,0008-12-01 07:50:00,8,12,1,7,50,750,112,AVENUE DE NOGENT,,,Nuit avec éclairage allumé,En agglomération,Hors intersection,Pluie légère,Deux véhicules - arrière,,,,,,,,,,,5,2,1,2,2
200800073464,0008-12-01 07:50:00,8,12,1,7,50,750,116,ALLEE DU BORD DE L EAU,,,Crépuscule ou aube,En agglomération,Hors intersection,Pluie légère,Sans collision,,,,,,,,,,,2,2,1,2,7
200800073465,0008-12-01 13:50:00,8,12,1,13,50,750,116,PLACE DE LA PORTE MAILLO,,,Plein jour,En agglomération,Intersection à plus de 4 branches,Temps couvert,Deux véhicules - côté,,,,,,,,,,,1,2,5,8,3
200800073466,0008-12-01 22:00:00,8,12,1,22,0,750,116,BOULEVARD MURAT,,,Nuit avec éclairage allumé,En agglomération,Intersection en T,Normale,Sans collision,,,,,,,,,,,5,2,3,1,7
200800073467,0008-12-01 09:35:00,8,12,1,9,35,750,117,"175, BOULEVARD MALESHERB",,,Plein jour,En agglomération,Hors intersection,Pluie légère,Sans collision,,,,,,,,,,,1,2,1,2,7
200800073468,0008-12-01 13:05:00,8,12,1,13,5,750,117,"01, PLACE DU MARECHAL JU",,,Plein jour,En agglomération,Intersection à plus de 4 branches,Pluie légère,Sans collision,,,,,,,,,,,1,2,5,2,7
200800073469,0008-12-01 17:30:00,8,12,1,17,30,750,117,"53, AVENUE DE CLICHY",,,Nuit avec éclairage allumé,En agglomération,Hors intersection,Pluie légère,Autre collision,,,,,,,,,,,5,2,1,2,6
200800073470,0008-12-01 12:25:00,8,12,1,12,25,750,118,"125 bis, RUE ORDENER",,,Plein jour,En agglomération,Intersection en T,Pluie légère,Deux véhicules - côté,,,,,,,,,,,1,2,3,2,3
200800073471,0008-12-01 12:20:00,8,12,1,12,20,750,119,RUE DE CRIMEE,,,Plein jour,En agglomération,Intersection en T,Normale,Autre collision,,,,,,,,,,,1,2,3,1,6
200800073472,0008-12-01 17:35:00,8,12,1,17,35,750,119,"108, BOULEVARD SERURIER",,,Nuit avec éclairage allumé,En agglomération,Intersection en Y,Temps couvert,Autre collision,,,,,,,,,,,5,2,4,8,6
200800073473,0008-12-01 23:00:00,8,12,1,23,0,750,119,"51, AVENUE SIMON BOLIVAR",,,Nuit avec éclairage allumé,En agglomération,Hors intersection,Pluie légère,Autre collision,,,,,,,,,,,5,2,1,2,6
200800073474,0008-12-01 00:40:00,8,12,1,0,40,750,120,BOULEVARD DE MENILMONTAN,,,Nuit avec éclairage allumé,En agglomération,Intersection en T,Pluie légère,Deux véhicules - côté,,,,,,,,,,,5,2,3,2,3
200800073475,0008-12-01 12:20:00,8,12,1,12,20,750,120,"93, RUE DES PYRENEES",,,Plein jour,En agglomération,Hors intersection,Pluie légère,Deux véhicules - côté,,,,,,,,,,,1,2,1,2,3
200800073476,0008-12-01 16:35:00,8,12,1,16,35,750,120,RUE DES PRAIRIES,,,Nuit sans éclairage public,En agglomération,Intersection en T,Pluie légère,Deux véhicules - côté,,,,,,,,,,,3,2,3,2,3
200800073477,0008-12-01 17:55:00,8,12,1,17,55,750,120,"171, BOULEVARD DAVOUT",,,Nuit avec éclairage allumé,En agglomération,Intersection en X,Pluie légère,Deux véhicules - côté,,,,,,,,,,,5,2,2,2,3
200800073478,0008-12-01 15:05:00,8,12,1,15,5,750,118,PORTE DE LA CHAPELLE,,,Plein jour,En agglomération,Hors intersection,Pluie légère,Trois véhicules et plus - en chaîne,,,,,,,,,,,1,2,1,2,4
200800073479,0008-12-01 19:20:00,8,12,1,19,20,750,113,QUAI D IVRY,,,Nuit avec éclairage allumé,En agglomération,Hors intersection,Normale,Deux véhicules - côté,,,,,,,,,,,5,2,1,1,3
200800073480,0008-12-01 18:35:00,8,12,1,18,35,750,113,PORTE D ITALIE,,,Plein jour,En agglomération,Intersection en Y,Normale,Deux véhicules - côté,,,,,,,,,,,1,2,4,1,3
200800073481,0008-12-01 17:50:00,8,12,1,17,50,750,113,QUAI D IVRY,,,Nuit avec éclairage allumé,En agglomération,Hors intersection,Pluie légère,Deux véhicules - côté,,,,,,,,,,,5,2,1,2,3
200800073482,0008-12-07 00:35:00,8,12,7,0,35,750,105,"27, BOULEVARD SAINT MICH",,,Nuit avec éclairage allumé,En agglomération,Intersection à plus de 4 branches,Normale,Deux véhicules - côté,,,,,,,,,,,5,2,5,1,3
200800073483,0008-12-07 07:20:00,8,12,7,7,20,750,105,BOULEVARD SAINT MICHEL,,,Nuit avec éclairage allumé,En agglomération,Intersection en X,Normale,Deux véhicules - côté,,,,,,,,,,,5,2,2,1,3
200800073484,0008-12-07 00:39:00,8,12,7,0,39,750,106,"18, RUE SAINT SULPICE",,,Nuit sans éclairage public,En agglomération,Intersection en X,Normale,Autre collision,,,,,,,,,,,3,2,2,1,6
200800073485,0008-12-07 19:00:00,8,12,7,19,0,750,106,RUE DE L ANCIENNE COMEDI,,,Nuit avec éclairage allumé,En agglomération,Intersection en X,Normale,Deux véhicules - côté,,,,,,,,,,,5,2,2,1,3
200800073486,0008-12-07 03:05:00,8,12,7,3,5,750,107,QUAI D ORSAY,,,Nuit avec éclairage allumé,En agglomération,Hors intersection,Normale,Sans collision,,,,,,,,,,,5,2,1,1,7
200800073487,0008-12-07 13:15:00,8,12,7,13,15,750,108,AVENUE MARCEAU,,,Plein jour,En agglomération,Intersection à plus de 4 branches,Normale,Deux véhicules - côté,,,,,,,,,,,1,2,5,1,3
200800073488,0008-12-07 18:50:00,8,12,7,18,50,750,111,RUE DE CHARONNE,,,Nuit avec éclairage allumé,En agglomération,Intersection en T,Normale,Sans collision,,,,,,,,,,,5,2,3,1,7
200800073489,0008-12-07 19:30:00,8,12,7,19,30,750,113,"146, AVENUE D ITALIE",,,Nuit avec éclairage allumé,En agglomération,Intersection en T,Normale,Autre collision,,,,,,,,,,,5,2,3,1,6
200800073490,0008-12-07 21:15:00,8,12,7,21,15,750,115,"94, AVENUE DE SUFFREN",,,Nuit avec éclairage allumé,En agglomération,Intersection en T,Normale,Deux véhicules - côté,,,,,,,,,,,5,2,3,1,3
200800073491,0008-12-07 00:55:00,8,12,7,0,55,750,117,"88, RUE JOUFFROY D ABBAN",,,Nuit avec éclairage allumé,En agglomération,Hors intersection,Normale,Deux véhicules - frontale,,,,,,,,,,,5,2,1,1,1
200800073492,0008-12-07 17:45:00,8,12,7,17,45,750,117,"8, AVENUE DE LA PORTE DE",,,Nuit avec éclairage allumé,En agglomération,Hors intersection,Normale,Deux véhicules - côté,,,,,,,,,,,5,2,1,1,3
200800073493,0008-12-07 20:20:00,8,12,7,20,20,750,117,"31, AVENUE DE LA PORTE D",,,Nuit avec éclairage allumé,En agglomération,Intersection en T,Normale,Deux véhicules - côté,,,,,,,,,,,5,2,3,1,3
200800073494,0008-12-07 07:45:00,8,12,7,7,45,750,118,"120, BOULEVARD DE CLICHY",,,Plein jour,En agglomération,Intersection à plus de 4 branches,Normale,Deux véhicules - arrière,,,,,,,,,,,1,2,5,1,2
200800073495,0008-12-07 21:45:00,8,12,7,21,45,750,119,"174, AVENUE JEAN JAURES",,,Nuit avec éclairage allumé,En agglomération,Intersection en X,Normale,Deux véhicules - côté,,,,,,,,,,,5,2,2,1,3
200800073496,0008-12-07 20:00:00,8,12,7,20,0,750,113,PORTE DE GENTILLY,,,Nuit avec éclairage allumé,En agglomération,Hors intersection,Normale,Autre collision,,,,,,,,,,,5,2,1,1,6
200800073497,0008-12-07 19:45:00,8,12,7,19,45,750,117,PORTE MAILLOT,,,Nuit sans éclairage public,En agglomération,Hors intersection,Temps couvert,Sans collision,,,,,,,,,,,3,2,1,8,7
200800073498,0008-12-02 18:30:00,8,12,2,18,30,750,103,RUE DE BRETAGNE,,,Nuit avec éclairage allumé,En agglomération,Intersection en T,Pluie légère,Deux véhicules - côté,,,,,,,,,,,5,2,3,2,3
200800073499,0008-12-02 10:30:00,8,12,2,10,30,750,104,"35, RUE DE RIVOLI",,,Plein jour,En agglomération,Intersection en T,Normale,Autre collision,,,,,,,,,,,1,2,3,1,6
200800073500,0008-12-02 17:50:00,8,12,2,17,50,750,106,RUE DE TOURNON,,,Nuit avec éclairage allumé,En agglomération,Intersection en X,Normale,Autre collision,,,,,,,,,,,5,2,2,1,6
200800073501,0008-12-02 22:40:00,8,12,2,22,40,750,106,"44, BOULEVARD SAINT MICH",,,Nuit avec éclairage allumé,En agglomération,Intersection en T,Pluie légère,Deux véhicules - arrière,,,,,,,,,,,5,2,3,2,2
200800073502,0008-12-02 12:55:00,8,12,2,12,55,750,108,"100, RUE LA BOETIE",,,Plein jour,En agglomération,Hors intersection,Normale,Deux véhicules - côté,,,,,,,,,,,1,2,1,1,3
200800073503,0008-12-02 14:40:00,8,12,2,14,40,750,108,RUE DE COURCELLES,,,Plein jour,En agglomération,Intersection en T,Normale,Deux véhicules - côté,,,,,,,,,,,1,2,3,1,3
200800073504,0008-12-02 15:15:00,8,12,2,15,15,750,108,"119, BOULEVARD MALESHERB",,,Plein jour,En agglomération,Intersection en X,Normale,Autre collision,,,,,,,,,,,1,2,2,1,6
200800073505,0008-12-02 10:26:00,8,12,2,10,26,750,109,RUE DE CHATEAUDUN,,,Plein jour,En agglomération,Intersection en X,Pluie légère,Deux véhicules - côté,,,,,,,,,,,1,2,2,2,3
200800073506,0008-12-02 21:40:00,8,12,2,21,40,750,110,"138, BOULEVARD DE MAGENT",,,Nuit avec éclairage allumé,En agglomération,Hors intersection,Pluie légère,Autre collision,,,,,,,,,,,5,2,1,2,6
200800073507,0008-12-02 14:40:00,8,12,2,14,40,750,111,"207, BOULEVARD VOLTAIRE",,,Plein jour,En agglomération,Intersection en T,Temps couvert,Deux véhicules - côté,,,,,,,,,,,1,2,3,8,3
200800073508,0008-12-02 08:50:00,8,12,2,8,50,750,112,"120, RUE DE BERCY",,,Plein jour,En agglomération,Hors intersection,Normale,Deux véhicules - côté,,,,,,,,,,,1,2,1,1,3
200800073509,0008-12-02 13:15:00,8,12,2,13,15,750,112,"8, RUE BIGNON",,,Crépuscule ou aube,En agglomération,Intersection en X,Normale,Autre collision,,,,,,,,,,,2,2,2,1,6
200800073510,0008-12-02 18:25:00,8,12,2,18,25,750,114,"2, AVENUE PIERRE DE COUB",,,Nuit avec éclairage allumé,En agglomération,Hors intersection,Pluie légère,Sans collision,,,,,,,,,,,5,2,1,2,7
200800073511,0008-12-02 18:07:00,8,12,2,18,7,750,114,"130, BOULEVARD BRUNE",,,Crépuscule ou aube,En agglomération,Hors intersection,Normale,Autre collision,,,,,,,,,,,2,2,1,1,6
200800073512,0008-12-02 19:50:00,8,12,2,19,50,750,115,"10, BOULEVARD VICTOR",,,Nuit avec éclairage allumé,En agglomération,Intersection en X,Pluie légère,Autre collision,,,,,,,,,,,5,2,2,2,6
200800073513,0008-12-02 07:35:00,8,12,2,7,35,750,116,BOULEVARD EMILE AUGIER,,,Crépuscule ou aube,En agglomération,Hors intersection,Normale,Autre collision,,,,,,,,,,,2,2,1,1,6
200800073514,0008-12-02 17:40:00,8,12,2,17,40,750,116,BOULEVARD SUCHET,,,Nuit avec éclairage allumé,En agglomération,Intersection en X,Temps couvert,Deux véhicules - côté,,,,,,,,,,,5,2,2,8,3
200800073515,0008-12-02 23:05:00,8,12,2,23,5,750,116,PLACE DE VARSOVIE,,,Nuit avec éclairage allumé,En agglomération,Intersection à plus de 4 branches,Temps couvert,Deux véhicules - côté,,,,,,,,,,,5,2,5,8,3
200800073516,0008-12-02 14:00:00,8,12,2,14,0,750,118,"54, RUE DOUDEAUVILLE",,,Plein jour,En agglomération,Intersection en T,Normale,Autre collision,,,,,,,,,,,1,2,3,1,6
200800073517,0008-12-02 23:20:00,8,12,2,23,20,750,118,"10, RUE CAULAINCOURT",,,Nuit avec éclairage allumé,En agglomération,Hors intersection,Pluie légère,Autre collision,,,,,,,,,,,5,2,1,2,6
200800073518,0008-12-02 20:00:00,8,12,2,20,0,750,119,"0, AVENUE SIMON BOLIVAR",,,Nuit avec éclairage allumé,En agglomération,Intersection en T,Pluie légère,Deux véhicules - côté,,,,,,,,,,,5,2,3,2,3
200800073519,0008-12-02 20:35:00,8,12,2,20,35,750,120,RUE DES ORTEAUX,,,Nuit avec éclairage allumé,En agglomération,Intersection en T,Pluie légère,Deux véhicules - côté,,,,,,,,,,,5,2,3,2,3
200800073520,0008-12-02 07:30:00,8,12,2,7,30,750,113,QUAI FRANCOIS MAURIAC,,,Crépuscule ou aube,En agglomération,Intersection en T,Temps couvert,Autre collision,,,,,,,,,,,2,2,3,8,6
200800073521,0008-12-02 07:10:00,8,12,2,7,10,750,104,QUAI DES CELESTINS,,,Nuit avec éclairage allumé,En agglomération,Intersection en X,Normale,Autre collision,,,,,,,,,,,5,2,2,1,6
200800073522,0008-12-02 11:40:00,8,12,2,11,40,750,111,"111, BOULEVARD DE MENILM",,,Plein jour,En agglomération,Hors intersection,Normale,Autre collision,,,,,,,,,,,1,2,1,1,6
200800073523,0008-12-02 16:10:00,8,12,2,16,10,750,107,PLACE VAUBAN,,,Crépuscule ou aube,En agglomération,Intersection en X,Normale,Deux véhicules - côté,,,,,,,,,,,2,2,2,1,3
200800073524,0008-12-02 17:50:00,8,12,2,17,50,750,116,PORTE DAUPHINE,,,Nuit avec éclairage allumé,En agglomération,Hors intersection,Normale,Deux véhicules - côté,,,,,,,,,,,5,2,1,1,3
200800073525,0008-12-02 17:48:00,8,12,2,17,48,750,113,"27, BOULEVARD ARAGO",,,Nuit avec éclairage allumé,En agglomération,Hors intersection,Normale,Autre collision,,,,,,,,,,,5,2,1,1,6
200800073526,0008-12-08 14:15:00,8,12,8,14,15,750,104,"50, RUE DE RIVOLI",,,Plein jour,En agglomération,Intersection en X,Normale,Deux véhicules - côté,,,,,,,,,,,1,2,2,1,3
200800073527,0008-12-08 11:35:00,8,12,8,11,35,750,110,"48, BOULEVARD DE STRASBO",,,Plein jour,En agglomération,Hors intersection,Normale,Autre collision,,,,,,,,,,,1,2,1,1,6
200800073528,0008-12-08 21:50:00,8,12,8,21,50,750,111,"50, RUE DE MALTE",,,Nuit avec éclairage allumé,En agglomération,Hors intersection,Normale,Deux véhicules - côté,,,,,,,,,,,5,2,1,1,3
200800073529,0008-12-08 22:30:00,8,12,8,22,30,750,112,AVENUE DAUMESNIL,,,Nuit avec éclairage allumé,En agglomération,Intersection en T,Normale,Autre collision,,,,,,,,,,,5,2,3,1,6
200800073530,0008-12-08 08:50:00,8,12,8,8,50,750,113,"17, BOULEVARD DE PORT RO",,,Plein jour,En agglomération,Hors intersection,Normale,Deux véhicules - côté,,,,,,,,,,,1,2,1,1,3
200800073531,0008-12-08 10:45:00,8,12,8,10,45,750,113,"111, BOULEVARD MASSENA",,,Plein jour,En agglomération,Intersection en X,Normale,Autre collision,,,,,,,,,,,1,2,2,1,6
200800073532,0008-12-08 15:00:00,8,12,8,15,0,750,113,"93, RUE DE LA GLACIERE",,,Plein jour,En agglomération,Hors intersection,Temps couvert,Deux véhicules - côté,,,,,,,,,,,1,2,1,8,3
200800073533,0008-12-08 13:55:00,8,12,8,13,55,750,114,"15, RUE FROIDEVAUX",,,Plein jour,En agglomération,Intersection en X,Normale,Sans collision,,,,,,,,,,,1,2,2,1,7
200800073534,0008-12-08 22:05:00,8,12,8,22,5,750,114,"91, AVENUE DU GENERAL LE",,,Nuit avec éclairage allumé,En agglomération,Intersection en T,Normale,Sans collision,,,,,,,,,,,5,2,3,1,7
200800073535,0008-12-08 09:05:00,8,12,8,9,5,750,115,AVENUE DE LA PORTE DE SE,,,Plein jour,En agglomération,Intersection en Y,Normale,Autre collision,,,,,,,,,,,1,2,4,1,6
200800073536,0008-12-08 08:30:00,8,12,8,8,30,750,115,"57, QUAI DE GRENELLE",,,Crépuscule ou aube,En agglomération,Hors intersection,Temps couvert,Deux véhicules - arrière,,,,,,,,,,,2,2,1,8,2
200800073537,0008-12-08 16:00:00,8,12,8,16,0,750,116,"61, BOULEVARD DE BEAUSEJ",,,Crépuscule ou aube,En agglomération,Intersection en T,Normale,Autre collision,,,,,,,,,,,2,2,3,1,6
200800073538,0008-12-08 15:55:00,8,12,8,15,55,750,118,"99, RUE ORDENER",,,Plein jour,En agglomération,Intersection en T,Normale,Autre collision,,,,,,,,,,,1,2,3,1,6
200800073539,0008-12-08 09:10:00,8,12,8,9,10,750,119,"138, BOULEVARD MACDONALD",,,Plein jour,En agglomération,Hors intersection,Normale,Deux véhicules - côté,,,,,,,,,,,1,2,1,1,3
200800073540,0008-12-08 19:47:00,8,12,8,19,47,750,119,BOULEVARD DE LA VILLETTE,,,Nuit avec éclairage allumé,En agglomération,Hors intersection,Normale,Autre collision,,,,,,,,,,,5,2,1,1,6
200800073541,0008-12-08 05:00:00,8,12,8,5,0,750,119,"189, RUE D AUBERVILLIERS",,,Nuit avec éclairage allumé,En agglomération,Hors intersection,Normale,Autre collision,,,,,,,,,,,5,2,1,1,6
200800073542,0008-12-08 18:20:00,8,12,8,18,20,750,101,"6, RUE DE L AMIRAL DE CO",,,Crépuscule ou aube,En agglomération,Hors intersection,Normale,Autre collision,,,,,,,,,,,2,2,1,1,6
200800073543,0008-12-08 09:00:00,8,12,8,9,0,750,116,PORT DE PASSY,,,Plein jour,En agglomération,Hors intersection,Normale,Sans collision,,,,,,,,,,,1,2,1,1,7
200800073544,0008-12-08 13:29:00,8,12,8,13,29,750,113,PORTE D ITALIE,,,Plein jour,En agglomération,Hors intersection,Normale,Sans collision,,,,,,,,,,,1,2,1,1,7
200800073545,0008-12-06 03:55:00,8,12,6,3,55,750,101,QUAI DES TUILERIES,,,Nuit avec éclairage allumé,En agglomération,Hors intersection,Pluie légère,Autre collision,,,,,,,,,,,5,2,1,2,6
200800073546,0008-12-06 03:05:00,8,12,6,3,5,750,102,RUE DE RICHELIEU,,,Nuit avec éclairage allumé,En agglomération,Intersection en X,Pluie légère,Deux véhicules - arrière,,,,,,,,,,,5,2,2,2,2
200800073547,0008-12-06 23:40:00,8,12,6,23,40,750,115,PLACE DU DIX HUIT JUIN 1,,,Nuit avec éclairage allumé,En agglomération,Intersection à plus de 4 branches,Normale,Deux véhicules - côté,,,,,,,,,,,5,2,5,1,3
200800073548,0008-12-06 17:40:00,8,12,6,17,40,750,107,"131, RUE DU BAC",,,Nuit avec éclairage allumé,En agglomération,Hors intersection,Normale,Deux véhicules - côté,,,,,,,,,,,5,2,1,1,3
200800073549,0008-12-06 03:35:00,8,12,6,3,35,750,110,"112, BOULEVARD DE MAGENT",,,Nuit avec éclairage allumé,En agglomération,Intersection en X,Pluie légère,Autre collision,,,,,,,,,,,5,2,2,2,6
200800073550,0008-12-06 19:00:00,8,12,6,19,0,750,110,"57, BOULEVARD DE MAGENTA",,,Crépuscule ou aube,En agglomération,Intersection en X,Normale,Deux véhicules - côté,,,,,,,,,,,2,2,2,1,3
200800073551,0008-12-06 18:40:00,8,12,6,18,40,750,111,AVENUE PHILIPPE AUGUSTE,,,Nuit avec éclairage allumé,En agglomération,Intersection à plus de 4 branches,Normale,Deux véhicules - côté,,,,,,,,,,,5,2,5,1,3
200800073552,0008-12-06 03:00:00,8,12,6,3,0,750,112,PLACE DE LA NATION,,,Nuit avec éclairage allumé,En agglomération,Intersection à plus de 4 branches,Pluie légère,Autre collision,,,,,,,,,,,5,2,5,2,6
200800073553,0008-12-06 12:20:00,8,12,6,12,20,750,114,"32, RUE D ALESIA",,,Plein jour,En agglomération,Intersection en T,Normale,Deux véhicules - côté,,,,,,,,,,,1,2,3,1,3
200800073554,0008-12-06 11:30:00,8,12,6,11,30,750,115,"242, RUE DE VAUGIRARD",,,Plein jour,En agglomération,Hors intersection,Normale,Deux véhicules - arrière,,,,,,,,,,,1,2,1,1,2
200800073555,0008-12-06 14:00:00,8,12,6,14,0,750,115,RUE DU PROFESSEUR FLORIA,,,Plein jour,En agglomération,Intersection en X,Normale,Deux véhicules - côté,,,,,,,,,,,1,2,2,1,3
200800073556,0008-12-06 20:36:00,8,12,6,20,36,750,115,RUE LINOIS,,,Nuit avec éclairage allumé,En agglomération,Intersection en T,Normale,Autre collision,,,,,,,,,,,5,2,3,1,6
200800073557,0008-12-06 20:00:00,8,12,6,20,0,750,116,ROUTE DE LA PTE DES SABL,,,Nuit avec éclairage allumé,En agglomération,Hors intersection,Normale,Autre collision,,,,,,,,,,,5,2,1,1,6
200800073558,0008-12-06 19:35:00,8,12,6,19,35,750,117,"112, BOULEVARD DE COURCE",,,Nuit avec éclairage allumé,En agglomération,Hors intersection,Normale,Autre collision,,,,,,,,,,,5,2,1,1,6
200800073559,0008-12-06 04:40:00,8,12,6,4,40,750,117,"75, RUE DE ROME",,,Nuit avec éclairage allumé,En agglomération,Intersection en X,Pluie légère,Deux véhicules - côté,,,,,,,,,,,5,2,2,2,3
200800073560,0008-12-06 16:30:00,8,12,6,16,30,750,117,"17, RUE PIERRE DEMOURS",,,Crépuscule ou aube,En agglomération,Hors intersection,Normale,Autre collision,,,,,,,,,,,2,2,1,1,6
200800073561,0008-12-06 14:50:00,8,12,6,14,50,750,118,"46, RUE STEPHENSON",,,Plein jour,En agglomération,Intersection en T,Normale,Autre collision,,,,,,,,,,,1,2,3,1,6
200800073562,0008-12-06 20:40:00,8,12,6,20,40,750,118,"27, BOULEVARD NEY",,,Nuit avec éclairage allumé,En agglomération,Hors intersection,Normale,Deux véhicules - côté,,,,,,,,,,,5,2,1,1,3
200800073563,0008-12-06 19:30:00,8,12,6,19,30,750,118,"19, BOULEVARD BARBES",,,Nuit avec éclairage allumé,En agglomération,Intersection à plus de 4 branches,Normale,Trois véhicules et plus - collisions multiples,,,,,,,,,,,5,2,5,1,5
200800073564,0008-12-06 12:40:00,8,12,6,12,40,750,120,"137, RUE D AVRON",,,Plein jour,En agglomération,Intersection en T,Normale,Autre collision,,,,,,,,,,,1,2,3,1,6
200800073565,0008-12-06 06:00:00,8,12,6,6,0,750,105,RUE MONGE,,,Nuit avec éclairage allumé,En agglomération,Intersection en X,Normale,Deux véhicules - côté,,,,,,,,,,,5,2,2,1,3
200800073566,0008-12-06 23:10:00,8,12,6,23,10,750,119,BOULEVARD PERIPHERIQUE I,,,Nuit avec éclairage allumé,En agglomération,Hors intersection,Normale,Deux véhicules - côté,,,,,,,,,,,5,2,1,1,3
200800073567,0008-12-09 10:40:00,8,12,9,10,40,750,102,RUE GAILLON,,,Plein jour,En agglomération,Intersection en Y,Normale,Deux véhicules - côté,,,,,,,,,,,1,2,4,1,3
200800073568,0008-12-09 10:30:00,8,12,9,10,30,750,108,"156, AVENUE DES CHAMPS E",,,Plein jour,En agglomération,Hors intersection,Normale,Trois véhicules et plus - en chaîne,,,,,,,,,,,1,2,1,1,4
200800073569,0008-12-09 12:40:00,8,12,9,12,40,750,108,"40, BOULEVARD MALESHERBE",,,Plein jour,En agglomération,Hors intersection,Neige / grêle,Autre collision,,,,,,,,,,,1,2,1,4,6
200800073570,0008-12-09 16:15:00,8,12,9,16,15,750,108,"79, AVENUE DES CHAMPS EL",,,Plein jour,En agglomération,Intersection en T,Pluie légère,Sans collision,,,,,,,,,,,1,2,3,2,7
200800073571,0008-12-09 16:10:00,8,12,9,16,10,750,109,"2, RUE HALEVY",,,Plein jour,En agglomération,Intersection à plus de 4 branches,Temps couvert,Autre collision,,,,,,,,,,,1,2,5,8,6
200800073572,0008-12-09 08:50:00,8,12,9,8,50,750,111,"92, AVENUE DE LA REPUBLI",,,Plein jour,En agglomération,Intersection en T,Normale,Sans collision,,,,,,,,,,,1,2,3,1,7
200800073573,0008-12-09 21:30:00,8,12,9,21,30,750,111,BOULEVARD VOLTAIRE,,,Nuit avec éclairage allumé,En agglomération,Hors intersection,Normale,Autre collision,,,,,,,,,,,5,2,1,1,6
200800073574,0008-12-09 13:50:00,8,12,9,13,50,750,112,"62, BOULEVARD DE BERCY",,,Plein jour,En agglomération,Intersection en X,Neige / grêle,Deux véhicules - côté,,,,,,,,,,,1,2,2,4,3
200800073575,0008-12-09 14:10:00,8,12,9,14,10,750,112,"280, AVENUE DAUMESNIL",,,Plein jour,En agglomération,Hors intersection,Neige / grêle,Autre collision,,,,,,,,,,,1,2,1,4,6
200800073576,0008-12-09 21:15:00,8,12,9,21,15,750,112,ROUTE DE LA PYRAMIDE,,,Nuit sans éclairage public,En agglomération,Intersection à plus de 4 branches,Pluie légère,Autre collision,,,,,,,,,,,3,2,5,2,6
200800073577,0008-12-09 22:55:00,8,12,9,22,55,750,112,BOULEVARD DIDEROT,,,Nuit avec éclairage allumé,En agglomération,Intersection en X,Normale,Deux véhicules - côté,,,,,,,,,,,5,2,2,1,3
200800073578,0008-12-09 12:00:00,8,12,9,12,0,750,113,"137, RUE DE TOLBIAC",,,Plein jour,En agglomération,Intersection en T,Pluie légère,Deux véhicules - côté,,,,,,,,,,,1,2,3,2,3
200800073579,0008-12-09 09:20:00,8,12,9,9,20,750,115,"219, RUE DE LA CROIX NIV",,,Plein jour,En agglomération,Intersection à plus de 4 branches,Normale,Deux véhicules - côté,,,,,,,,,,,1,2,5,1,3