accident_id,datetime,annee,mois,jour,heure,minute,departement,commune_insee,adresse,latitude,longitude,luminosite,agglomeration,intersection,meteo,collision,nb_vehicules,nb_usagers,nb_indemnes,nb_tues,nb_blesses_hosp,nb_blesses_legers,age_cond_1,age_cond_2,veh_type_cond_1,veh_type_cond_2,lum_code,agg_code,int_code,atm_code,col_code
200800073707,0008-12-14 12:55:00,8,12,14,12,55,750,119,PLACE AUGUSTE BARON,,,Plein jour,En agglomération,Intersection à plus de 4 branches,Temps couvert,Autre collision,,,,,,,,,,,1,2,5,8,6
200800073708,0008-12-14 19:25:00,8,12,14,19,25,750,120,RUE PELLEPORT,,,Nuit avec éclairage allumé,En agglomération,Intersection en X,Normale,Deux véhicules - arrière,,,,,,,,,,,5,2,2,1,2
200800073709,0008-12-14 19:00:00,8,12,14,19,0,750,120,"80, BOULEVARD DAVOUT",,,Nuit avec éclairage allumé,En agglomération,Intersection en X,Normale,Deux véhicules - côté,,,,,,,,,,,5,2,2,1,3
200800073710,0008-12-14 02:21:00,8,12,14,2,21,750,112,BD PERIPHERIQUE EXTERIEU,,,Nuit avec éclairage allumé,En agglomération,Hors intersection,Normale,Autre collision,,,,,,,,,,,5,2,1,1,6
200800073711,0008-12-14 08:40:00,8,12,14,8,40,750,107,"20, BOULEVARD DES INVALI",,,Plein jour,En agglomération,Hors intersection,Pluie légère,Autre collision,,,,,,,,,,,1,2,1,2,6
200800073712,0008-12-14 10:45:00,8,12,14,10,45,750,109,"6, PLACE D ESTIENNE D OR",,,Plein jour,En agglomération,Hors intersection,Pluie légère,Sans collision,,,,,,,,,,,1,2,1,2,7
200800073713,0008-12-14 17:30:00,8,12,14,17,30,750,115,BOULEVARD PERIPHERIQUE I,,,Nuit avec éclairage allumé,En agglomération,Hors intersection,Pluie légère,Sans collision,,,,,,,,,,,5,2,1,2,7
200800073714,0008-12-15 16:45:00,8,12,15,16,45,750,103,"13, PLACE DE LA REPUBLIQ",,,Nuit avec éclairage allumé,En agglomération,Hors intersection,Temps couvert,Autre collision,,,,,,,,,,,5,2,1,8,6
200800073715,0008-12-15 08:30:00,8,12,15,8,30,750,117,BOULEVARD DE COURCELLES,,,Plein jour,En agglomération,Hors intersection,Normale,Trois véhicules et plus - en chaîne,,,,,,,,,,,1,2,1,1,4
200800073716,0008-12-15 15:20:00,8,12,15,15,20,750,108,"12, AVENUE MARCEAU",,,Plein jour,En agglomération,Hors intersection,Normale,Deux véhicules - côté,,,,,,,,,,,1,2,1,1,3
200800073717,0008-12-15 19:50:00,8,12,15,19,50,750,110,"28, BOULEVARD DE MAGENTA",,,Nuit avec éclairage allumé,En agglomération,Intersection en X,Normale,Autre collision,,,,,,,,,,,5,2,2,1,6
200800073718,0008-12-15 22:55:00,8,12,15,22,55,750,111,SQUARE DE LA ROQUETTE,,,Nuit avec éclairage allumé,En agglomération,Hors intersection,Normale,Autre collision,,,,,,,,,,,5,2,1,1,6
200800073719,0008-12-15 15:00:00,8,12,15,15,0,750,112,ROUTE DAUPHINE,,,Plein jour,En agglomération,Hors intersection,Temps couvert,Sans collision,,,,,,,,,,,1,2,1,8,7
200800073720,0008-12-15 16:45:00,8,12,15,16,45,750,112,"269, RUE DE CHARENTON",,,Nuit avec éclairage allumé,En agglomération,Intersection en T,Normale,Autre collision,,,,,,,,,,,5,2,3,1,6
200800073721,0008-12-15 19:20:00,8,12,15,19,20,750,112,AVENUE DE NOGENT,,,Nuit avec éclairage allumé,En agglomération,Intersection en T,Temps couvert,Deux véhicules - côté,,,,,,,,,,,5,2,3,8,3
200800073722,0008-12-15 16:00:00,8,12,15,16,0,750,113,"26, RUE LE BRUN",,,Plein jour,En agglomération,Hors intersection,Normale,Deux véhicules - frontale,,,,,,,,,,,1,2,1,1,1
200800073723,0008-12-15 10:30:00,8,12,15,10,30,750,114,"1, RUE MAISON DIEU",,,Plein jour,En agglomération,Intersection en T,Normale,Autre collision,,,,,,,,,,,1,2,3,1,6
200800073724,0008-12-15 12:25:00,8,12,15,12,25,750,114,"19, RUE DU COMMANDANT RE",,,Plein jour,En agglomération,Hors intersection,Normale,Deux véhicules - côté,,,,,,,,,,,1,2,1,1,3
200800073725,0008-12-15 09:15:00,8,12,15,9,15,750,115,"50, RUE HENRY FARMAN",,,Plein jour,En agglomération,Hors intersection,Normale,Deux véhicules - côté,,,,,,,,,,,1,2,1,1,3
200800073726,0008-12-15 08:25:00,8,12,15,8,25,750,117,"100, RUE DE COURCELLES",,,Plein jour,En agglomération,Hors intersection,Normale,Autre collision,,,,,,,,,,,1,2,1,1,6
200800073727,0008-12-15 16:05:00,8,12,15,16,5,750,117,"31, BOULEVARD PEREIRE",,,Plein jour,En agglomération,Intersection en Y,Temps couvert,Autre collision,,,,,,,,,,,1,2,4,8,6
200800073728,0008-12-15 19:40:00,8,12,15,19,40,750,117,"1, AVENUE DE LA PORTE DE",,,Nuit avec éclairage allumé,En agglomération,Intersection en X,Normale,Deux véhicules - côté,,,,,,,,,,,5,2,2,1,3
200800073729,0008-12-15 21:55:00,8,12,15,21,55,750,117,"2, PLACE DU MARECHAL JUI",,,Nuit avec éclairage allumé,En agglomération,Intersection en X,Pluie légère,Deux véhicules - côté,,,,,,,,,,,5,2,2,2,3
200800073730,0008-12-15 17:55:00,8,12,15,17,55,750,118,"113, RUE ORDENER",,,Nuit avec éclairage allumé,En agglomération,Intersection en X,Normale,Autre collision,,,,,,,,,,,5,2,2,1,6
200800073731,0008-12-15 22:05:00,8,12,15,22,5,750,105,"09, RUE LAGRANGE",,,Nuit avec éclairage allumé,En agglomération,Hors intersection,Normale,Autre collision,,,,,,,,,,,5,2,1,1,6
200800073732,0008-12-15 11:20:00,8,12,15,11,20,750,112,ECHANGEUR BERCY,,,Plein jour,En agglomération,Hors intersection,Normale,Autre collision,,,,,,,,,,,1,2,1,1,6
200800073733,0008-12-03 19:50:00,8,12,3,19,50,750,101,"342, RUE SAINT HONORE",,,Nuit avec éclairage allumé,En agglomération,Intersection en T,Normale,Deux véhicules - côté,,,,,,,,,,,5,2,3,1,3
200800073734,0008-12-03 19:45:00,8,12,3,19,45,750,101,"06, RUE DE L ECHELLE",,,Nuit avec éclairage allumé,En agglomération,Intersection en Y,Normale,Deux véhicules - arrière,,,,,,,,,,,5,2,4,1,2
200800073735,0008-12-03 14:20:00,8,12,3,14,20,750,102,"134, RUE D ABOUKIR",,,Plein jour,En agglomération,Intersection en X,Pluie légère,Autre collision,,,,,,,,,,,1,2,2,2,6
200800073736,0008-12-03 20:50:00,8,12,3,20,50,750,103,"11, BOULEVARD DES FILLES",,,Nuit avec éclairage allumé,En agglomération,Intersection en T,Normale,Autre collision,,,,,,,,,,,5,2,3,1,6
200800073737,0008-12-03 10:20:00,8,12,3,10,20,750,104,VOIE GEORGES POMPIDOU,,,Plein jour,En agglomération,Hors intersection,Pluie légère,Deux véhicules - arrière,,,,,,,,,,,1,2,1,2,2
200800073738,0008-12-03 08:40:00,8,12,3,8,40,750,105,"41, RUE MONGE",,,Plein jour,En agglomération,Hors intersection,Pluie légère,Sans collision,,,,,,,,,,,1,2,1,2,7
200800073739,0008-12-03 09:20:00,8,12,3,9,20,750,107,"27, QUAI VOLTAIRE",,,Plein jour,En agglomération,Intersection en T,Pluie légère,Sans collision,,,,,,,,,,,1,2,3,2,7
200800073740,0008-12-03 10:45:00,8,12,3,10,45,750,107,"280, BOULEVARD SAINT GER",,,Plein jour,En agglomération,Intersection à plus de 4 branches,Pluie légère,Sans collision,,,,,,,,,,,1,2,5,2,7
200800073741,0008-12-03 20:55:00,8,12,3,20,55,750,107,"30, AVENUE BOSQUET",,,Nuit avec éclairage allumé,En agglomération,Intersection en X,Normale,Autre collision,,,,,,,,,,,5,2,2,1,6
200800073742,0008-12-03 23:44:00,8,12,3,23,44,750,108,AVENUE DES CHAMPS ELYSEE,,,Nuit avec éclairage allumé,En agglomération,Intersection en T,Pluie légère,Autre collision,,,,,,,,,,,5,2,3,2,6
200800073743,0008-12-03 09:40:00,8,12,3,9,40,750,108,AVENUE DES CHAMPS ELYSEE,,,Plein jour,En agglomération,Hors intersection,Pluie légère,Sans collision,,,,,,,,,,,1,2,1,2,7
200800073744,0008-12-03 11:30:00,8,12,3,11,30,750,108,PLACE CHARLES DE GAULLE,,,Plein jour,En agglomération,Intersection à plus de 4 branches,Pluie légère,Sans collision,,,,,,,,,,,1,2,5,2,7
200800073745,0008-12-03 14:12:00,8,12,3,14,12,750,108,"73, AVENUE DES CHAMPS EL",,,Plein jour,En agglomération,Hors intersection,Pluie légère,Autre collision,,,,,,,,,,,1,2,1,2,6
200800073746,0008-12-03 20:45:00,8,12,3,20,45,750,108,AVENUE DES CHAMPS ELYSEE,,,Nuit avec éclairage allumé,En agglomération,Intersection en T,Normale,Trois véhicules et plus - en chaîne,,,,,,,,,,,5,2,3,1,4
200800073747,0008-12-03 10:30:00,8,12,3,10,30,750,110,RUE LA FAYETTE,,,Plein jour,En agglomération,Intersection en Y,Pluie légère,Sans collision,,,,,,,,,,,1,2,4,2,7
200800073748,0008-12-03 12:15:00,8,12,3,12,15,750,110,"230, RUE DU FAUBOURG SAI",,,Plein jour,En agglomération,Intersection à plus de 4 branches,Pluie légère,Deux véhicules - arrière,,,,,,,,,,,1,2,5,2,2
200800073749,0008-12-03 18:40:00,8,12,3,18,40,750,110,"120, RUE DU FAUBOURG SAI",,,Nuit avec éclairage allumé,En agglomération,Hors intersection,Normale,Autre collision,,,,,,,,,,,5,2,1,1,6
200800073750,0008-12-03 00:25:00,8,12,3,0,25,750,111,"10, PLACE DE LA REPUBLIQ",,,Nuit avec éclairage allumé,En agglomération,Intersection à plus de 4 branches,Pluie légère,Autre collision,,,,,,,,,,,5,2,5,2,6
200800073751,0008-12-03 10:00:00,8,12,3,10,0,750,112,AVENUE DE NOGENT,,,Plein jour,En agglomération,Hors intersection,Pluie légère,Autre collision,,,,,,,,,,,1,2,1,2,6
200800073752,0008-12-03 13:47:00,8,12,3,13,47,750,112,"108, AVENUE DU GENERAL M",,,Plein jour,En agglomération,Hors intersection,Pluie légère,Deux véhicules - arrière,,,,,,,,,,,1,2,1,2,2
200800073753,0008-12-03 14:55:00,8,12,3,14,55,750,112,"106, RUE DU FAUBOURG SAI",,,Plein jour,En agglomération,Hors intersection,Normale,Autre collision,,,,,,,,,,,1,2,1,1,6
200800073754,0008-12-03 18:15:00,8,12,3,18,15,750,112,RUE DE PICPUS,,,Nuit avec éclairage allumé,En agglomération,Intersection en X,Pluie légère,Deux véhicules - arrière,,,,,,,,,,,5,2,2,2,2
200800073755,0008-12-03 13:40:00,8,12,3,13,40,750,113,BOULEVARD AUGUSTE BLANQU,,,Plein jour,En agglomération,Intersection en X,Pluie légère,Deux véhicules - côté,,,,,,,,,,,1,2,2,2,3
200800073756,0008-12-03 15:00:00,8,12,3,15,0,750,114,"223, RUE D ALESIA",,,Plein jour,En agglomération,Intersection en T,Normale,Autre collision,,,,,,,,,,,1,2,3,1,6
200800073757,0008-12-03 10:05:00,8,12,3,10,5,750,114,"2, RUE RAYMOND LOSSERAND",,,Plein jour,En agglomération,Intersection en X,Pluie légère,Sans collision,,,,,,,,,,,1,2,2,2,7
200800073758,0008-12-03 07:50:00,8,12,3,7,50,750,116,AVENUE DE LA PORTE DE SA,,,Crépuscule ou aube,En agglomération,Hors intersection,Pluie forte,Autre collision,,,,,,,,,,,2,2,1,3,6
200800073759,0008-12-03 08:10:00,8,12,3,8,10,750,116,BOULEVARD DE L AMIRAL BR,,,Plein jour,En agglomération,Intersection en T,Pluie légère,Deux véhicules - côté,,,,,,,,,,,1,2,3,2,3
200800073760,0008-12-03 07:50:00,8,12,3,7,50,750,117,RUE DE COURCELLES,,,Crépuscule ou aube,En agglomération,Intersection en X,Pluie légère,Autre collision,,,,,,,,,,,2,2,2,2,6
200800073761,0008-12-03 08:50:00,8,12,3,8,50,750,117,"59, AVENUE DE VILLIERS",,,Plein jour,En agglomération,Intersection en T,Pluie légère,Sans collision,,,,,,,,,,,1,2,3,2,7
200800073762,0008-12-03 10:25:00,8,12,3,10,25,750,117,"107, BOULEVARD BESSIERES",,,Plein jour,En agglomération,Hors intersection,Pluie légère,Sans collision,,,,,,,,,,,1,2,1,2,7
200800073763,0008-12-03 22:45:00,8,12,3,22,45,750,117,"30, BOULEVARD DE DOUAUMO",,,Nuit avec éclairage allumé,En agglomération,Hors intersection,Normale,Autre collision,,,,,,,,,,,5,2,1,1,6
200800073764,0008-12-03 18:00:00,8,12,3,18,0,750,118,"70, RUE ORDENER",,,Nuit avec éclairage allumé,En agglomération,Intersection en X,Normale,Deux véhicules - côté,,,,,,,,,,,5,2,2,1,3
200800073765,0008-12-03 16:35:00,8,12,3,16,35,750,119,AVENUE SIMON BOLIVAR,,,Plein jour,En agglomération,Hors intersection,Normale,Autre collision,,,,,,,,,,,1,2,1,1,6
200800073766,0008-12-03 16:30:00,8,12,3,16,30,750,119,"18, RUE DE LA MARSEILLAI",,,Nuit avec éclairage allumé,En agglomération,Hors intersection,Pluie légère,Autre collision,,,,,,,,,,,5,2,1,2,6
200800073767,0008-12-03 09:00:00,8,12,3,9,0,750,114,ECHANGEUR ORLEANS,,,Plein jour,En agglomération,Hors intersection,Temps couvert,Autre collision,,,,,,,,,,,1,2,1,8,6
200800073768,0008-12-03 17:05:00,8,12,3,17,5,750,113,QUAI D IVRY,,,Nuit avec éclairage allumé,En agglomération,Hors intersection,Normale,Deux véhicules - côté,,,,,,,,,,,5,2,1,1,3
200800073769,0008-12-16 14:20:00,8,12,16,14,20,750,102,"35, RUE DU LOUVRE",,,Plein jour,En agglomération,Intersection en X,Normale,Autre collision,,,,,,,,,,,1,2,2,1,6
200800073770,0008-12-16 14:55:00,8,12,16,14,55,750,102,"115, RUE REAUMUR",,,Plein jour,En agglomération,Intersection en Y,Normale,Deux véhicules - côté,,,,,,,,,,,1,2,4,1,3
200800073771,0008-12-16 14:05:00,8,12,16,14,5,750,104,"3, BOULEVARD DU PALAIS",,,Plein jour,En agglomération,Hors intersection,Normale,Autre collision,,,,,,,,,,,1,2,1,1,6
200800073772,0008-12-16 14:55:00,8,12,16,14,55,750,107,"5, PLACE HENRY DE MONTHE",,,Plein jour,En agglomération,Hors intersection,Normale,Sans collision,,,,,,,,,,,1,2,1,1,7
200800073773,0008-12-16 18:45:00,8,12,16,18,45,750,109,"56, BOULEVARD HAUSSMANN",,,Nuit avec éclairage allumé,En agglomération,Intersection en T,Normale,Autre collision,,,,,,,,,,,5,2,3,1,6
200800073774,0008-12-16 00:32:00,8,12,16,0,32,750,110,"156, RUE DU FAUBOURG SAI",,,Nuit avec éclairage allumé,En agglomération,Intersection en Y,Normale,Autre collision,,,,,,,,,,,5,2,4,1,6
200800073775,0008-12-16 17:15:00,8,12,16,17,15,750,110,BOULEVARD DE MAGENTA,,,Nuit avec éclairage allumé,En agglomération,Hors intersection,Normale,Autre collision,,,,,,,,,,,5,2,1,1,6
200800073776,0008-12-16 07:40:00,8,12,16,7,40,750,112,ESPLANADE SAINT LOUIS,,,Crépuscule ou aube,En agglomération,Intersection à plus de 4 branches,Temps couvert,Deux véhicules - côté,,,,,,,,,,,2,2,5,8,3
200800073777,0008-12-16 08:20:00,8,12,16,8,20,750,112,"37, RUE DE RAMBOUILLET",,,Plein jour,En agglomération,Hors intersection,Normale,Autre collision,,,,,,,,,,,1,2,1,1,6
200800073778,0008-12-16 13:25:00,8,12,16,13,25,750,114,"25, RUE JEAN ZAY",,,Plein jour,En agglomération,Intersection en T,Pluie légère,Autre collision,,,,,,,,,,,1,2,3,2,6
200800073779,0008-12-16 07:45:00,8,12,16,7,45,750,115,"20, RUE ANTOINE BOURDELL",,,Crépuscule ou aube,En agglomération,Hors intersection,Normale,Autre collision,,,,,,,,,,,2,2,1,1,6
200800073780,0008-12-16 22:20:00,8,12,16,22,20,750,116,"135, RUE DE LA TOUR",,,Nuit avec éclairage allumé,En agglomération,Hors intersection,Normale,Autre collision,,,,,,,,,,,5,2,1,1,6
200800073781,0008-12-16 16:45:00,8,12,16,16,45,750,118,"21, RUE DE L EVANGILE",,,Plein jour,En agglomération,Intersection à plus de 4 branches,Normale,Autre collision,,,,,,,,,,,1,2,5,1,6
200800073782,0008-12-16 17:30:00,8,12,16,17,30,750,120,"245, AVENUE GAMBETTA",,,Nuit avec éclairage allumé,En agglomération,Hors intersection,Normale,Sans collision,,,,,,,,,,,5,2,1,1,7
200800073783,0008-12-16 12:15:00,8,12,16,12,15,750,114,"17, AVENUE PIERRE DE COU",,,Plein jour,En agglomération,Hors intersection,Normale,Deux véhicules - côté,,,,,,,,,,,1,2,1,1,3
200800073784,0008-12-16 07:30:00,8,12,16,7,30,750,117,PORTE DE CHAMPERRET,,,Crépuscule ou aube,En agglomération,Hors intersection,Normale,Deux véhicules - arrière,,,,,,,,,,,2,2,1,1,2
200800073785,0008-12-16 09:18:00,8,12,16,9,18,750,116,PORTE DAUPHINE,,,Plein jour,En agglomération,Hors intersection,Normale,Deux véhicules - arrière,,,,,,,,,,,1,2,1,1,2
200800073786,0008-12-04 16:45:00,8,12,4,16,45,750,102,"95, BOULEVARD DE SEBASTO",,,Crépuscule ou aube,En agglomération,Hors intersection,Pluie légère,Sans collision,,,,,,,,,,,2,2,1,2,7
200800073787,0008-12-04 17:25:00,8,12,4,17,25,750,102,"11, RUE DU QUATRE SEPTEM",,,Crépuscule ou aube,En agglomération,Hors intersection,Pluie légère,Deux véhicules - côté,,,,,,,,,,,2,2,1,2,3
200800073788,0008-12-04 17:20:00,8,12,4,17,20,750,107,PONT DE LA CONCORDE,,,Nuit avec éclairage allumé,En agglomération,Hors intersection,Normale,Deux véhicules - côté,,,,,,,,,,,5,2,1,1,3
200800073789,0008-12-04 10:24:00,8,12,4,10,24,750,108,"1, PLACE DE LA CONCORDE",,,Plein jour,En agglomération,Intersection à plus de 4 branches,Pluie légère,Deux véhicules - côté,,,,,,,,,,,1,2,5,2,3
200800073790,0008-12-04 18:45:00,8,12,4,18,45,750,108,ROND POINT CHAMPS ELYSEE,,,Nuit avec éclairage allumé,En agglomération,Intersection à plus de 4 branches,Normale,Autre collision,,,,,,,,,,,5,2,5,1,6
200800073791,0008-12-04 10:10:00,8,12,4,10,10,750,109,"10, BOULEVARD MONTMARTRE",,,Plein jour,En agglomération,Hors intersection,Pluie légère,Deux véhicules - arrière,,,,,,,,,,,1,2,1,2,2
200800073792,0008-12-04 00:55:00,8,12,4,0,55,750,110,"220, RUE LA FAYETTE",,,Nuit avec éclairage allumé,En agglomération,Hors intersection,Normale,Autre collision,,,,,,,,,,,5,2,1,1,6
200800073793,0008-12-04 12:07:00,8,12,4,12,7,750,110,"17, BOULEVARD DE MAGENTA",,,Plein jour,En agglomération,Hors intersection,Pluie légère,Autre collision,,,,,,,,,,,1,2,1,2,6
200800073794,0008-12-04 21:00:00,8,12,4,21,0,750,110,"147, RUE DU FAUBOURG SAI",,,Crépuscule ou aube,En agglomération,Hors intersection,Normale,Deux véhicules - arrière,,,,,,,,,,,2,2,1,1,2
200800073795,0008-12-04 09:00:00,8,12,4,9,0,750,111,"04, AVENUE PHILIPPE AUGU",,,Plein jour,En agglomération,Intersection à plus de 4 branches,Pluie légère,Autre collision,,,,,,,,,,,1,2,5,2,6
200800073796,0008-12-04 20:48:00,8,12,4,20,48,750,111,"34, RUE DES BOULETS",,,Nuit avec éclairage allumé,En agglomération,Hors intersection,Normale,Deux véhicules - côté,,,,,,,,,,,5,2,1,1,3
200800073797,0008-12-04 08:15:00,8,12,4,8,15,750,112,"1, RUE CANNEBIERE",,,Crépuscule ou aube,En agglomération,Intersection en T,Pluie légère,Autre collision,,,,,,,,,,,2,2,3,2,6
200800073798,0008-12-04 08:23:00,8,12,4,8,23,750,112,PLACE DES COMBATTANTS EN,,,Plein jour,En agglomération,Intersection à plus de 4 branches,Pluie légère,Deux véhicules - côté,,,,,,,,,,,1,2,5,2,3
200800073799,0008-12-04 08:38:00,8,12,4,8,38,750,112,"202, AVENUE DAUMESNIL",,,Plein jour,En agglomération,Hors intersection,Pluie légère,Autre collision,,,,,,,,,,,1,2,1,2,6
200800073800,0008-12-04 13:50:00,8,12,4,13,50,750,112,QUAI DE LA RAPEE,,,Plein jour,En agglomération,Hors intersection,Pluie légère,Trois véhicules et plus - en chaîne,,,,,,,,,,,1,2,1,2,4
200800073801,0008-12-04 18:05:00,8,12,4,18,5,750,112,ROUTE DU PESAGE,,,Nuit avec éclairage allumé,En agglomération,Intersection en X,Normale,Deux véhicules - côté,,,,,,,,,,,5,2,2,1,3
200800073802,0008-12-04 18:06:00,8,12,4,18,6,750,112,QUAI DE BERCY,,,Nuit avec éclairage allumé,En agglomération,Hors intersection,Normale,Autre collision,,,,,,,,,,,5,2,1,1,6
200800073803,0008-12-04 19:15:00,8,12,4,19,15,750,112,AVENUE DU TREMBLAY,,,Nuit avec éclairage allumé,En agglomération,Intersection en X,Pluie légère,Autre collision,,,,,,,,,,,5,2,2,2,6
200800073804,0008-12-04 08:40:00,8,12,4,8,40,750,114,"06, AVENUE RENE COTY",,,Plein jour,En agglomération,Hors intersection,Pluie légère,Deux véhicules - côté,,,,,,,,,,,1,2,1,2,3
200800073805,0008-12-04 16:15:00,8,12,4,16,15,750,114,"149, AVENUE DU MAINE",,,Plein jour,En agglomération,Hors intersection,Pluie légère,Deux véhicules - arrière,,,,,,,,,,,1,2,1,2,2
200800073806,0008-12-04 19:30:00,8,12,4,19,30,750,115,"54, RUE DU COMMERCE",,,Nuit avec éclairage allumé,En agglomération,Intersection en X,Normale,Deux véhicules - côté,,,,,,,,,,,5,2,2,1,3
200800073807,0008-12-04 12:30:00,8,12,4,12,30,750,116,AVENUE DE LA PORTE D AUT,,,Plein jour,En agglomération,Intersection à plus de 4 branches,Pluie légère,Autre collision,,,,,,,,,,,1,2,5,2,6
200800073808,0008-12-04 15:30:00,8,12,4,15,30,750,116,"37 bis, RUE JEAN DE LA F",,,Plein jour,En agglomération,Intersection en T,Pluie légère,Autre collision,,,,,,,,,,,1,2,3,2,6
200800073809,0008-12-04 15:25:00,8,12,4,15,25,750,116,AVENUE PAUL DOUMER,,,Plein jour,En agglomération,Intersection à plus de 4 branches,Normale,Deux véhicules - arrière,,,,,,,,,,,1,2,5,1,2
200800073810,0008-12-04 17:10:00,8,12,4,17,10,750,117,"27, BOULEVARD DE L YSER",,,Crépuscule ou aube,En agglomération,Intersection en X,Pluie légère,Autre collision,,,,,,,,,,,2,2,2,2,6
200800073811,0008-12-04 13:25:00,8,12,4,13,25,750,118,RUE TRISTAN TZARA,,,Plein jour,En agglomération,Intersection en X,Pluie légère,Autre collision,,,,,,,,,,,1,2,2,2,6
200800073812,0008-12-04 13:40:00,8,12,4,13,40,750,119,"241, RUE DE CRIMEE",,,Plein jour,En agglomération,Hors intersection,Pluie légère,Deux véhicules - côté,,,,,,,,,,,1,2,1,2,3
200800073813,0008-12-04 15:50:00,8,12,4,15,50,750,120,"65, BOULEVARD DAVOUT",,,Plein jour,En agglomération,Intersection en X,Pluie légère,Deux véhicules - côté,,,,,,,,,,,1,2,2,2,3
200800073814,0008-12-04 19:00:00,8,12,4,19,0,750,120,"84, RUE DE MENILMONTANT",,,Nuit avec éclairage allumé,En agglomération,Hors intersection,Pluie légère,Autre collision,,,,,,,,,,,5,2,1,2,6
200800073815,0008-12-04 17:39:00,8,12,4,17,39,750,119,"167, AVENUE DE FLANDRE",,,Nuit avec éclairage allumé,En agglomération,Hors intersection,Pluie légère,Autre collision,,,,,,,,,,,5,2,1,2,6
200800073816,0008-12-04 09:50:00,8,12,4,9,50,750,112,PORTE DOREE,,,Plein jour,En agglomération,Hors intersection,Pluie forte,Sans collision,,,,,,,,,,,1,2,1,3,7
200800073817,0008-12-05 16:20:00,8,12,5,16,20,750,102,"101, RUE REAUMUR",,,Nuit avec éclairage allumé,En agglomération,Hors intersection,Pluie légère,Trois véhicules et plus - en chaîne,,,,,,,,,,,5,2,1,2,4
200800073818,0008-12-05 20:20:00,8,12,5,20,20,750,103,"28, RUE DE TURENNE",,,Nuit avec éclairage allumé,En agglomération,Hors intersection,Normale,Deux véhicules - côté,,,,,,,,,,,5,2,1,1,3
200800073819,0008-12-05 14:20:00,8,12,5,14,20,750,104,PONT AU CHANGE,,,Plein jour,En agglomération,Intersection à plus de 4 branches,Pluie légère,Deux véhicules - côté,,,,,,,,,,,1,2,5,2,3
200800073820,0008-12-05 10:30:00,8,12,5,10,30,750,105,RUE DES ECOLES,,,Plein jour,En agglomération,Intersection en T,Temps couvert,Sans collision,,,,,,,,,,,1,2,3,8,7
200800073821,0008-12-05 18:00:00,8,12,5,18,0,750,105,"38, RUE MONGE",,,Nuit avec éclairage allumé,En agglomération,Hors intersection,Pluie légère,Deux véhicules - côté,,,,,,,,,,,5,2,1,2,3
200800073822,0008-12-05 18:30:00,8,12,5,18,30,750,105,"47, RUE GEOFFROY SAINT H",,,Nuit avec éclairage allumé,En agglomération,Hors intersection,Normale,Deux véhicules - côté,,,,,,,,,,,5,2,1,1,3
200800073823,0008-12-05 09:20:00,8,12,5,9,20,750,108,RUE DE ROME,,,Plein jour,En agglomération,Intersection en X,Normale,Deux véhicules - côté,,,,,,,,,,,1,2,2,1,3
200800073824,0008-12-05 08:15:00,8,12,5,8,15,750,108,SOUTERRAIN ETOILE,,,Plein jour,En agglomération,Hors intersection,Pluie légère,Autre collision,,,,,,,,,,,1,2,1,2,6
200800073825,0008-12-05 12:45:00,8,12,5,12,45,750,108,"04, PLACE DE LA CONCORDE",,,Plein jour,En agglomération,Intersection à plus de 4 branches,Pluie légère,Deux véhicules - côté,,,,,,,,,,,1,2,5,2,3
200800073826,0008-12-05 19:40:00,8,12,5,19,40,750,108,"49, RUE PIERRE CHARRON",,,Nuit avec éclairage allumé,En agglomération,Hors intersection,Normale,Autre collision,,,,,,,,,,,5,2,1,1,6
200800073827,0008-12-05 15:40:00,8,12,5,15,40,750,110,RUE DE L AQUEDUC,,,Plein jour,En agglomération,Hors intersection,Temps couvert,Autre collision,,,,,,,,,,,1,2,1,8,6
200800073828,0008-12-05 12:30:00,8,12,5,12,30,750,111,"19, BOULEVARD RICHARD LE",,,Plein jour,En agglomération,Hors intersection,Pluie légère,Sans collision,,,,,,,,,,,1,2,1,2,7
200800073829,0008-12-05 12:45:00,8,12,5,12,45,750,111,"86, AVENUE PARMENTIER",,,Plein jour,En agglomération,Hors intersection,Pluie légère,Deux véhicules - côté,,,,,,,,,,,1,2,1,2,3
200800073830,0008-12-05 14:50:00,8,12,5,14,50,750,111,"102, BOULEVARD RICHARD L",,,Plein jour,En agglomération,Hors intersection,Pluie légère,Autre collision,,,,,,,,,,,1,2,1,2,6
200800073831,0008-12-05 23:55:00,8,12,5,23,55,750,111,"35, BOULEVARD DE CHARONN",,,Nuit avec éclairage allumé,En agglomération,Intersection en X,Normale,Deux véhicules - côté,,,,,,,,,,,5,2,2,1,3
200800073832,0008-12-05 14:35:00,8,12,5,14,35,750,112,"7, AVENUE DE CORBERA",,,Plein jour,En agglomération,Intersection en T,Pluie légère,Autre collision,,,,,,,,,,,1,2,3,2,6
200800073833,0008-12-05 16:00:00,8,12,5,16,0,750,112,"10, AVENUE DAUMESNIL",,,Plein jour,En agglomération,Intersection en T,Pluie légère,Sans collision,,,,,,,,,,,1,2,3,2,7
200800073834,0008-12-05 17:20:00,8,12,5,17,20,750,112,QUAI DE LA RAPEE,,,Nuit avec éclairage allumé,En agglomération,Hors intersection,Normale,Deux véhicules - côté,,,,,,,,,,,5,2,1,1,3