accident_id,datetime,annee,mois,jour,heure,minute,departement,commune_insee,adresse,latitude,longitude,luminosite,agglomeration,intersection,meteo,collision,nb_vehicules,nb_usagers,nb_indemnes,nb_tues,nb_blesses_hosp,nb_blesses_legers,age_cond_1,age_cond_2,veh_type_cond_1,veh_type_cond_2,lum_code,agg_code,int_code,atm_code,col_code
200800073963,0008-12-23 23:07:00,8,12,23,23,7,750,108,"06, BOULEVARD MALESHERBE",,,Nuit avec éclairage allumé,En agglomération,Intersection en Y,Normale,Sans collision,,,,,,,,,,,5,2,4,1,7
200800073964,0008-12-23 02:40:00,8,12,23,2,40,750,113,"11, PLACE D ITALIE",,,Nuit avec éclairage allumé,En agglomération,Intersection à plus de 4 branches,Temps couvert,Sans collision,,,,,,,,,,,5,2,5,8,7
200800073965,0008-12-23 15:35:00,8,12,23,15,35,750,113,"33, AVENUE DE CHOISY",,,Plein jour,En agglomération,Intersection en T,Normale,Autre collision,,,,,,,,,,,1,2,3,1,6
200800073966,0008-12-23 17:00:00,8,12,23,17,0,750,113,"156, AVENUE D ITALIE",,,Crépuscule ou aube,En agglomération,Intersection en X,Normale,Autre collision,,,,,,,,,,,2,2,2,1,6
200800073967,0008-12-23 16:35:00,8,12,23,16,35,750,113,"20, AVENUE DE LA PORTE D",,,Plein jour,En agglomération,Intersection en T,Normale,Autre collision,,,,,,,,,,,1,2,3,1,6
200800073968,0008-12-23 12:20:00,8,12,23,12,20,750,114,"15, RUE BOISSONADE",,,Plein jour,En agglomération,Hors intersection,Normale,Autre collision,,,,,,,,,,,1,2,1,1,6
200800073969,0008-12-23 00:05:00,8,12,23,0,5,750,116,"140, AVENUE DE MALAKOFF",,,Nuit avec éclairage allumé,En agglomération,Intersection en X,Normale,Deux véhicules - côté,,,,,,,,,,,5,2,2,1,3
200800073970,0008-12-23 18:00:00,8,12,23,18,0,750,116,"10, AVENUE DE NEW YORK",,,Nuit avec éclairage allumé,En agglomération,Hors intersection,Normale,Deux véhicules - arrière,,,,,,,,,,,5,2,1,1,2
200800073971,0008-12-23 13:25:00,8,12,23,13,25,750,117,"87, AVENUE DE CLICHY",,,Plein jour,En agglomération,Intersection en T,Normale,Autre collision,,,,,,,,,,,1,2,3,1,6
200800073972,0008-12-23 19:45:00,8,12,23,19,45,750,117,"13, AVENUE DE LA PORTE D",,,Nuit avec éclairage allumé,En agglomération,Hors intersection,Normale,Deux véhicules - côté,,,,,,,,,,,5,2,1,1,3
200800073973,0008-12-23 13:24:00,8,12,23,13,24,750,118,BOULEVARD NEY,,,Plein jour,En agglomération,Intersection en X,Normale,Deux véhicules - côté,,,,,,,,,,,1,2,2,1,3
200800073974,0008-12-23 18:00:00,8,12,23,18,0,750,118,BOULEVARD ORNANO,,,Nuit avec éclairage allumé,En agglomération,Hors intersection,Normale,Deux véhicules - côté,,,,,,,,,,,5,2,1,1,3
200800073975,0008-12-23 17:00:00,8,12,23,17,0,750,114,"74, RUE DAGUERRE",,,Nuit avec éclairage allumé,En agglomération,Intersection en T,Normale,Autre collision,,,,,,,,,,,5,2,3,1,6
200800073976,0008-12-23 11:20:00,8,12,23,11,20,750,120,PORTE DE MONTREUIL,,,Plein jour,En agglomération,Hors intersection,Normale,Deux véhicules - côté,,,,,,,,,,,1,2,1,1,3
200800073977,0008-12-23 10:00:00,8,12,23,10,0,750,112,PORTE DE VINCENNES,,,Plein jour,En agglomération,Hors intersection,Normale,Sans collision,,,,,,,,,,,1,2,1,1,7
200800073978,0008-12-23 18:50:00,8,12,23,18,50,750,113,BOULEVARD PERIPHERIQUE E,,,Nuit avec éclairage allumé,En agglomération,Hors intersection,Normale,Deux véhicules - côté,,,,,,,,,,,5,2,1,1,3
200800073979,0008-12-24 18:00:00,8,12,24,18,0,750,102,BOULEVARD DE SEBASTOPOL,,,Nuit avec éclairage allumé,En agglomération,Hors intersection,Normale,Sans collision,,,,,,,,,,,5,2,1,1,7
200800073980,0008-12-24 15:35:00,8,12,24,15,35,750,103,"01, BOULEVARD SAINT MART",,,Plein jour,En agglomération,Intersection à plus de 4 branches,Normale,Autre collision,,,,,,,,,,,1,2,5,1,6
200800073981,0008-12-24 09:30:00,8,12,24,9,30,750,108,"0, ROND POINT CHAMPS ELY",,,Plein jour,En agglomération,Intersection à plus de 4 branches,Normale,Deux véhicules - côté,,,,,,,,,,,1,2,5,1,3
200800073982,0008-12-24 15:40:00,8,12,24,15,40,750,108,"19, RUE DE ROME",,,Plein jour,En agglomération,Hors intersection,Normale,Autre collision,,,,,,,,,,,1,2,1,1,6
200800073983,0008-12-24 11:10:00,8,12,24,11,10,750,109,"23, RUE AUBER",,,Plein jour,En agglomération,Hors intersection,Normale,Deux véhicules - côté,,,,,,,,,,,1,2,1,1,3
200800073984,0008-12-24 19:10:00,8,12,24,19,10,750,109,"15, RUE DU FAUBOURG MONT",,,Nuit avec éclairage allumé,En agglomération,Intersection en T,Normale,Sans collision,,,,,,,,,,,5,2,3,1,7
200800073985,0008-12-24 08:40:00,8,12,24,8,40,750,111,"183, RUE DU FAUBOURG SAI",,,Plein jour,En agglomération,Hors intersection,Normale,Autre collision,,,,,,,,,,,1,2,1,1,6
200800073986,0008-12-24 23:45:00,8,12,24,23,45,750,111,AVENUE PARMENTIER,,,Nuit avec éclairage allumé,En agglomération,Intersection en X,Normale,Autre collision,,,,,,,,,,,5,2,2,1,6
200800073987,0008-12-24 06:30:00,8,12,24,6,30,750,113,AVENUE D IVRY,,,Nuit avec éclairage allumé,En agglomération,Intersection en T,Normale,Autre collision,,,,,,,,,,,5,2,3,1,6
200800073988,0008-12-24 19:55:00,8,12,24,19,55,750,113,"15, BOULEVARD MASSENA",,,Nuit avec éclairage allumé,En agglomération,Intersection en T,Temps couvert,Deux véhicules - côté,,,,,,,,,,,5,2,3,8,3
200800073989,0008-12-24 00:55:00,8,12,24,0,55,750,115,RUE DU PROFESSEUR FLORIA,,,Nuit avec éclairage allumé,En agglomération,Hors intersection,Normale,Autre collision,,,,,,,,,,,5,2,1,1,6
200800073990,0008-12-24 15:15:00,8,12,24,15,15,750,118,"02, RUE CAULAINCOURT",,,Plein jour,En agglomération,Hors intersection,Normale,Autre collision,,,,,,,,,,,1,2,1,1,6
200800073991,0008-12-24 15:05:00,8,12,24,15,5,750,119,AVENUE DE LAUMIERE,,,Plein jour,En agglomération,Intersection en T,Normale,Autre collision,,,,,,,,,,,1,2,3,1,6
200800073992,0008-12-24 06:30:00,8,12,24,6,30,750,116,ECHANGEUR SAINT CLOUD,,,Nuit avec éclairage allumé,En agglomération,Intersection en Y,Normale,Autre collision,,,,,,,,,,,5,2,4,1,6
200800073993,0008-12-24 13:25:00,8,12,24,13,25,750,119,PORTE DE PANTIN,,,Plein jour,En agglomération,Hors intersection,Normale,Autre collision,,,,,,,,,,,1,2,1,1,6
200800073994,0008-12-24 17:20:00,8,12,24,17,20,750,112,PORTE DOREE,,,Nuit avec éclairage allumé,En agglomération,Hors intersection,Normale,Deux véhicules - côté,,,,,,,,,,,5,2,1,1,3
200800073995,0008-12-25 22:30:00,8,12,25,22,30,750,108,"4, PLACE DE LA CONCORDE",,,Nuit avec éclairage allumé,En agglomération,Intersection à plus de 4 branches,Normale,Autre collision,,,,,,,,,,,5,2,5,1,6
200800073996,0008-12-25 05:15:00,8,12,25,5,15,750,110,"19, BOULEVARD DE LA CHAP",,,Nuit avec éclairage allumé,En agglomération,Intersection en X,Normale,Autre collision,,,,,,,,,,,5,2,2,1,6
200800073997,0008-12-25 19:45:00,8,12,25,19,45,750,110,"5, RUE DU HUIT MAI 1945",,,Nuit avec éclairage allumé,En agglomération,Hors intersection,Normale,Deux véhicules - côté,,,,,,,,,,,5,2,1,1,3
200800073998,0008-12-25 02:10:00,8,12,25,2,10,750,113,"33, BOULEVARD KELLERMANN",,,Nuit avec éclairage allumé,En agglomération,Hors intersection,Normale,Autre collision,,,,,,,,,,,5,2,1,1,6
200800073999,0008-12-25 15:20:00,8,12,25,15,20,750,114,"1710, BOULEVARD BRUNE",,,Plein jour,En agglomération,Hors intersection,Normale,Deux véhicules - côté,,,,,,,,,,,1,2,1,1,3
200800074000,0008-12-25 00:05:00,8,12,25,0,5,750,115,"16, BOULEVARD PASTEUR",,,Nuit avec éclairage allumé,En agglomération,Hors intersection,Normale,Autre collision,,,,,,,,,,,5,2,1,1,6
200800074001,0008-12-25 13:20:00,8,12,25,13,20,750,115,"8, BOULEVARD DE VAUGIRAR",,,Plein jour,En agglomération,Intersection en T,Normale,Autre collision,,,,,,,,,,,1,2,3,1,6
200800074002,0008-12-25 11:15:00,8,12,25,11,15,750,117,"1, PLACE PAUL LEAUTAUD",,,Plein jour,En agglomération,Intersection à plus de 4 branches,Normale,Autre collision,,,,,,,,,,,1,2,5,1,6
200800074003,0008-12-25 19:00:00,8,12,25,19,0,750,117,"177, AVENUE DE CLICHY",,,Nuit avec éclairage allumé,En agglomération,Hors intersection,Normale,Autre collision,,,,,,,,,,,5,2,1,1,6
200800074004,0008-12-25 00:40:00,8,12,25,0,40,750,118,"80, RUE RIQUET",,,Nuit avec éclairage allumé,En agglomération,Intersection en T,Autre,Autre collision,,,,,,,,,,,5,2,3,9,6
200800074005,0008-12-25 04:00:00,8,12,25,4,0,750,118,"18, RUE GERMAIN PILON",,,Nuit avec éclairage allumé,En agglomération,Hors intersection,Normale,Autre collision,,,,,,,,,,,5,2,1,1,6
200800074006,0008-12-25 17:30:00,8,12,25,17,30,750,120,"75, RUE SAINT BLAISE",,,Nuit avec éclairage allumé,En agglomération,Intersection en T,Normale,Autre collision,,,,,,,,,,,5,2,3,1,6
200800074007,0008-12-25 18:40:00,8,12,25,18,40,750,120,RUE DE BELLEVILLE,,,Nuit avec éclairage allumé,En agglomération,Intersection en X,Normale,Deux véhicules - côté,,,,,,,,,,,5,2,2,1,3
200800074008,0008-12-25 22:45:00,8,12,25,22,45,750,120,BOULEVARD DAVOUT,,,Nuit avec éclairage allumé,En agglomération,Intersection en X,Normale,Autre collision,,,,,,,,,,,5,2,2,1,6
200800074009,0008-12-26 16:20:00,8,12,26,16,20,750,101,"1, RUE DU LOUVRE",,,Plein jour,En agglomération,Intersection en X,Normale,Autre collision,,,,,,,,,,,1,2,2,1,6
200800074010,0008-12-26 17:28:00,8,12,26,17,28,750,101,BOULEVARD DE SEBASTOPOL,,,Nuit avec éclairage allumé,En agglomération,Intersection en X,Normale,Deux véhicules - côté,,,,,,,,,,,5,2,2,1,3
200800074011,0008-12-26 14:45:00,8,12,26,14,45,750,105,BOULEVARD DE L HOPITAL,,,Plein jour,En agglomération,Hors intersection,Normale,Autre collision,,,,,,,,,,,1,2,1,1,6
200800074012,0008-12-26 20:35:00,8,12,26,20,35,750,115,"38, RUE DE L ABBE GROULT",,,Nuit avec éclairage allumé,En agglomération,Hors intersection,Normale,Autre collision,,,,,,,,,,,5,2,1,1,6
200800074013,0008-12-26 18:20:00,8,12,26,18,20,750,108,"76, AVENUE DES CHAMPS EL",,,Nuit avec éclairage allumé,En agglomération,Hors intersection,Normale,Deux véhicules - côté,,,,,,,,,,,5,2,1,1,3
200800074014,0008-12-26 08:05:00,8,12,26,8,5,750,110,"157, BOULEVARD DE MAGENT",,,Crépuscule ou aube,En agglomération,Intersection en Y,Temps couvert,Autre collision,,,,,,,,,,,2,2,4,8,6
200800074015,0008-12-26 18:25:00,8,12,26,18,25,750,109,"01, RUE DE MOGADOR",,,Nuit avec éclairage allumé,En agglomération,Intersection à plus de 4 branches,Normale,Autre collision,,,,,,,,,,,5,2,5,1,6
200800074016,0008-12-26 01:10:00,8,12,26,1,10,750,110,"189, RUE SAINT MAUR",,,Nuit avec éclairage allumé,En agglomération,Intersection en T,Normale,Autre collision,,,,,,,,,,,5,2,3,1,6
200800074017,0008-12-26 16:05:00,8,12,26,16,5,750,110,"122, BOULEVARD DE MAGENT",,,Plein jour,En agglomération,Intersection en X,Normale,Autre collision,,,,,,,,,,,1,2,2,1,6
200800074018,0008-12-26 18:02:00,8,12,26,18,2,750,112,"48, BOULEVARD DE BERCY",,,Nuit avec éclairage allumé,En agglomération,Hors intersection,Normale,Autre collision,,,,,,,,,,,5,2,1,1,6
200800074019,0008-12-26 22:45:00,8,12,26,22,45,750,112,"16, RUE FABRE D EGLANTIN",,,Nuit avec éclairage allumé,En agglomération,Intersection en X,Normale,Deux véhicules - côté,,,,,,,,,,,5,2,2,1,3
200800074020,0008-12-26 15:20:00,8,12,26,15,20,750,115,"141, AVENUE EMILE ZOLA",,,Plein jour,En agglomération,Hors intersection,Normale,Autre collision,,,,,,,,,,,1,2,1,1,6
200800074021,0008-12-26 12:55:00,8,12,26,12,55,750,118,"36, BOULEVARD BARBES",,,Plein jour,En agglomération,Intersection en X,Normale,Deux véhicules - côté,,,,,,,,,,,1,2,2,1,3
200800074022,0008-12-26 17:20:00,8,12,26,17,20,750,119,BOULEVARD D ALGERIE,,,Nuit avec éclairage allumé,En agglomération,Hors intersection,Normale,Deux véhicules - côté,,,,,,,,,,,5,2,1,1,3
200800074023,0008-12-26 21:40:00,8,12,26,21,40,750,109,PLACE KOSSUTH,,,Nuit avec éclairage allumé,En agglomération,Intersection à plus de 4 branches,Normale,Deux véhicules - côté,,,,,,,,,,,5,2,5,1,3
200800074024,0008-12-27 20:25:00,8,12,27,20,25,750,102,BOULEVARD DES CAPUCINES,,,Nuit avec éclairage allumé,En agglomération,Intersection en Y,Normale,Deux véhicules - côté,,,,,,,,,,,5,2,4,1,3
200800074025,0008-12-27 20:40:00,8,12,27,20,40,750,103,"13, PLACE DE LA REPUBLIQ",,,Nuit avec éclairage allumé,En agglomération,Intersection à plus de 4 branches,Normale,Deux véhicules - côté,,,,,,,,,,,5,2,5,1,3
200800074026,0008-12-27 21:10:00,8,12,27,21,10,750,104,"17, BOULEVARD MORLAND",,,Nuit avec éclairage allumé,En agglomération,Hors intersection,Normale,Deux véhicules - arrière,,,,,,,,,,,5,2,1,1,2
200800074027,0008-12-27 18:02:00,8,12,27,18,2,750,105,RUE MONGE,,,Nuit avec éclairage allumé,En agglomération,Intersection en X,Normale,Deux véhicules - côté,,,,,,,,,,,5,2,2,1,3
200800074028,0008-12-27 12:55:00,8,12,27,12,55,750,106,RUE D ASSAS,,,Plein jour,En agglomération,Intersection en X,Normale,Deux véhicules - côté,,,,,,,,,,,1,2,2,1,3
200800074029,0008-12-27 20:30:00,8,12,27,20,30,750,111,"64, AVENUE PHILIPPE AUGU",,,Nuit avec éclairage allumé,En agglomération,Intersection en X,Normale,Deux véhicules - côté,,,,,,,,,,,5,2,2,1,3
200800074030,0008-12-27 00:35:00,8,12,27,0,35,750,112,"51, AVENUE DAUMESNIL",,,Nuit avec éclairage allumé,En agglomération,Intersection en Y,Normale,Sans collision,,,,,,,,,,,5,2,4,1,7
200800074031,0008-12-27 18:30:00,8,12,27,18,30,750,113,AVENUE DE LA PORTE D IVR,,,Nuit avec éclairage allumé,En agglomération,Intersection en Y,Normale,Deux véhicules - côté,,,,,,,,,,,5,2,4,1,3
200800074032,0008-12-27 21:30:00,8,12,27,21,30,750,113,"32, RUE ABEL HOVELACQUE",,,Nuit avec éclairage allumé,En agglomération,Intersection en T,Normale,Sans collision,,,,,,,,,,,5,2,3,1,7
200800074033,0008-12-27 22:10:00,8,12,27,22,10,750,113,RUE DE TOLBIAC,,,Nuit avec éclairage allumé,En agglomération,Intersection en X,Normale,Deux véhicules - côté,,,,,,,,,,,5,2,2,1,3
200800074034,0008-12-27 00:20:00,8,12,27,0,20,750,116,"72, AVENUE DE VERSAILLES",,,Nuit avec éclairage allumé,En agglomération,Intersection en T,Normale,Autre collision,,,,,,,,,,,5,2,3,1,6
200800074035,0008-12-27 23:20:00,8,12,27,23,20,750,116,"101, AVENUE VICTOR HUGO",,,Nuit avec éclairage allumé,En agglomération,Hors intersection,Normale,Sans collision,,,,,,,,,,,5,2,1,1,7
200800074036,0008-12-27 00:10:00,8,12,27,0,10,750,119,"148, AVENUE JEAN JAURES",,,Nuit avec éclairage allumé,En agglomération,Intersection en X,Normale,Deux véhicules - côté,,,,,,,,,,,5,2,2,1,3
200800074037,0008-12-27 09:30:00,8,12,27,9,30,750,119,"155, BOULEVARD MACDONALD",,,Plein jour,En agglomération,Hors intersection,Normale,Autre collision,,,,,,,,,,,1,2,1,1,6
200800074038,0008-12-27 21:30:00,8,12,27,21,30,750,119,"2, AVENUE SECRETAN",,,Nuit avec éclairage allumé,En agglomération,Hors intersection,Normale,Deux véhicules - côté,,,,,,,,,,,5,2,1,1,3
200800074039,0008-12-27 21:48:00,8,12,27,21,48,750,118,PLACE HEBERT,,,Nuit avec éclairage allumé,En agglomération,Intersection en X,Normale,Autre collision,,,,,,,,,,,5,2,2,1,6
200800074040,0008-12-27 21:15:00,8,12,27,21,15,750,117,"33, RUE DES BATIGNOLLES",,,Nuit avec éclairage allumé,En agglomération,Intersection en X,Normale,Autre collision,,,,,,,,,,,5,2,2,1,6
200800074041,0008-12-28 18:45:00,8,12,28,18,45,750,105,"11, QUAI DE MONTEBELLO",,,Nuit avec éclairage allumé,En agglomération,Intersection en T,Normale,Autre collision,,,,,,,,,,,5,2,3,1,6
200800074042,0008-12-28 20:20:00,8,12,28,20,20,750,105,QUAI SAINT MICHEL,,,Nuit avec éclairage allumé,En agglomération,Hors intersection,Normale,Autre collision,,,,,,,,,,,5,2,1,1,6
200800074043,0008-12-28 03:15:00,8,12,28,3,15,750,107,"1, QUAI ANATOLE FRANCE",,,Nuit avec éclairage allumé,En agglomération,Intersection en X,Normale,Autre collision,,,,,,,,,,,5,2,2,1,6
200800074044,0008-12-28 12:55:00,8,12,28,12,55,750,108,"71, AVENUE DES CHAMPS EL",,,Plein jour,En agglomération,Hors intersection,Normale,Autre collision,,,,,,,,,,,1,2,1,1,6
200800074045,0008-12-28 23:00:00,8,12,28,23,0,750,108,"69, BOULEVARD HAUSSMANN",,,Nuit avec éclairage allumé,En agglomération,Intersection en X,Normale,Deux véhicules - côté,,,,,,,,,,,5,2,2,1,3
200800074046,0008-12-28 18:30:00,8,12,28,18,30,750,112,AVENUE DE GRAVELLE,,,Nuit sans éclairage public,En agglomération,Hors intersection,Normale,Autre collision,,,,,,,,,,,3,2,1,1,6
200800074047,0008-12-28 20:45:00,8,12,28,20,45,750,112,QUAI DE BERCY,,,Nuit avec éclairage allumé,En agglomération,Hors intersection,Normale,Deux véhicules - arrière,,,,,,,,,,,5,2,1,1,2
200800074048,0008-12-28 21:30:00,8,12,28,21,30,750,112,RUE DU FAUBOURG SAINT AN,,,Nuit avec éclairage allumé,En agglomération,Intersection en X,Normale,Deux véhicules - côté,,,,,,,,,,,5,2,2,1,3
200800074049,0008-12-28 07:00:00,8,12,28,7,0,750,113,"7, QUAI FRANCOIS MAURIAC",,,Nuit avec éclairage allumé,En agglomération,Hors intersection,Normale,Autre collision,,,,,,,,,,,5,2,1,1,6
200800074050,0008-12-28 03:00:00,8,12,28,3,0,750,115,"57, BOULEVARD DE GRENELL",,,Nuit avec éclairage allumé,En agglomération,Hors intersection,Normale,Autre collision,,,,,,,,,,,5,2,1,1,6
200800074051,0008-12-28 07:40:00,8,12,28,7,40,750,116,RUE CHARDON LAGACHE,,,Plein jour,En agglomération,Intersection en X,Normale,Autre collision,,,,,,,,,,,1,2,2,1,6
200800074052,0008-12-28 03:15:00,8,12,28,3,15,750,118,"16, PLACE DE CLICHY",,,Nuit avec éclairage allumé,En agglomération,Intersection à plus de 4 branches,Normale,Autre collision,,,,,,,,,,,5,2,5,1,6
200800074053,0008-12-28 15:00:00,8,12,28,15,0,750,119,"1, PLACE ARMAND CARREL",,,Plein jour,En agglomération,Hors intersection,Normale,Deux véhicules - côté,,,,,,,,,,,1,2,1,1,3
200800074054,0008-12-28 23:30:00,8,12,28,23,30,750,119,BOULEVARD MACDONALD,,,Nuit avec éclairage allumé,En agglomération,Intersection en T,Normale,Autre collision,,,,,,,,,,,5,2,3,1,6
200800074055,0008-12-28 22:55:00,8,12,28,22,55,750,120,"101, RUE HAXO",,,Nuit avec éclairage allumé,En agglomération,Hors intersection,Normale,Autre collision,,,,,,,,,,,5,2,1,1,6
200800074056,0008-12-28 20:00:00,8,12,28,20,0,750,108,ROND POINT CHAMPS ELYSEE,,,Nuit avec éclairage allumé,En agglomération,Intersection à plus de 4 branches,Normale,Deux véhicules - côté,,,,,,,,,,,5,2,5,1,3
200800074057,0008-12-28 03:00:00,8,12,28,3,0,750,112,BOULEVARD PERIPHERIQUE I,,,Nuit avec éclairage allumé,En agglomération,Hors intersection,Normale,Deux véhicules - arrière,,,,,,,,,,,5,2,1,1,2
200800074058,0008-12-28 09:30:00,8,12,28,9,30,750,115,PORTE DE VANVES,,,Plein jour,En agglomération,Hors intersection,Normale,Deux véhicules - arrière,,,,,,,,,,,1,2,1,1,2
200800074059,0008-12-29 12:25:00,8,12,29,12,25,750,106,"6, PLACE DU DIX HUIT JUI",,,Plein jour,En agglomération,Intersection à plus de 4 branches,Normale,Deux véhicules - côté,,,,,,,,,,,1,2,5,1,3
200800074060,0008-12-29 08:45:00,8,12,29,8,45,750,108,AVENUE GEORGE V,,,Plein jour,En agglomération,Intersection en X,Autre,Sans collision,,,,,,,,,,,1,2,2,9,7
200800074061,0008-12-29 12:55:00,8,12,29,12,55,750,108,"24, RUE ROYALE",,,Plein jour,En agglomération,Intersection à plus de 4 branches,Normale,Deux véhicules - côté,,,,,,,,,,,1,2,5,1,3
200800074062,0008-12-29 20:50:00,8,12,29,20,50,750,108,"46, AVENUE GEORGE V",,,Nuit avec éclairage allumé,En agglomération,Intersection en X,Normale,Autre collision,,,,,,,,,,,5,2,2,1,6
200800074063,0008-12-29 11:00:00,8,12,29,11,0,750,113,"26, RUE NEUVE TOLBIAC",,,Plein jour,En agglomération,Intersection en X,Normale,Deux véhicules - côté,,,,,,,,,,,1,2,2,1,3
200800074064,0008-12-29 16:00:00,8,12,29,16,0,750,113,"16, RUE WURTZ",,,Plein jour,En agglomération,Hors intersection,Normale,Autre collision,,,,,,,,,,,1,2,1,1,6
200800074065,0008-12-29 22:05:00,8,12,29,22,5,750,115,"18, BOULEVARD DE VAUGIRA",,,Nuit avec éclairage allumé,En agglomération,Hors intersection,Normale,Autre collision,,,,,,,,,,,5,2,1,1,6
200800074066,0008-12-29 17:30:00,8,12,29,17,30,750,116,ALLEE DE LONGCHAMP,,,Nuit avec éclairage allumé,En agglomération,Intersection en X,Normale,Deux véhicules - côté,,,,,,,,,,,5,2,2,1,3
200800074067,0008-12-29 12:03:00,8,12,29,12,3,750,118,"12, AVENUE DE SAINT OUEN",,,Plein jour,En agglomération,Hors intersection,Normale,Deux véhicules - arrière,,,,,,,,,,,1,2,1,1,2
200800074068,0008-12-29 20:00:00,8,12,29,20,0,750,118,RUE ORDENER,,,Nuit avec éclairage allumé,En agglomération,Intersection à plus de 4 branches,Normale,Autre collision,,,,,,,,,,,5,2,5,1,6
200800074069,0008-12-29 09:15:00,8,12,29,9,15,750,120,"148, RUE D AVRON",,,Plein jour,En agglomération,Hors intersection,Normale,Autre collision,,,,,,,,,,,1,2,1,1,6
200800074070,0008-12-29 15:00:00,8,12,29,15,0,750,113,RUE NEUVE TOLBIAC,,,Plein jour,En agglomération,Intersection en X,Normale,Deux véhicules - arrière,,,,,,,,,,,1,2,2,1,2
200800074071,0008-12-29 19:30:00,8,12,29,19,30,750,113,PORTE D IVRY,,,Nuit avec éclairage allumé,En agglomération,Hors intersection,Normale,Trois véhicules et plus - en chaîne,,,,,,,,,,,5,2,1,1,4
200800074072,0008-12-17 15:44:00,8,12,17,15,44,750,104,"XII3244, PONT MORLAND",,,Plein jour,En agglomération,Intersection en Y,Pluie légère,Deux véhicules - frontale,,,,,,,,,,,1,2,4,2,1
200800074073,0008-12-17 16:30:00,8,12,17,16,30,750,104,"03, PLACE DE LA BASTILLE",,,Plein jour,En agglomération,Intersection à plus de 4 branches,Pluie légère,Deux véhicules - côté,,,,,,,,,,,1,2,5,2,3
200800074074,0008-12-17 14:00:00,8,12,17,14,0,750,105,", QUAI DE LA TOURNELLE",,,Plein jour,En agglomération,Intersection en X,Pluie légère,Deux véhicules - côté,,,,,,,,,,,1,2,2,2,3
200800074075,0008-12-17 10:47:00,8,12,17,10,47,750,106,"104, BOULEVARD SAINT GER",,,Plein jour,En agglomération,Hors intersection,Pluie légère,Deux véhicules - côté,,,,,,,,,,,1,2,1,2,3
200800074076,0008-12-17 10:40:00,8,12,17,10,40,750,107,"01, AVENUE DE BRETEUIL",,,Plein jour,En agglomération,Hors intersection,Pluie légère,Autre collision,,,,,,,,,,,1,2,1,2,6
200800074077,0008-12-17 07:45:00,8,12,17,7,45,750,108,"101, AVENUE DES CHAMPS E",,,Crépuscule ou aube,En agglomération,Hors intersection,Pluie légère,Deux véhicules - arrière,,,,,,,,,,,2,2,1,2,2
200800074078,0008-12-17 11:58:00,8,12,17,11,58,750,108,"12, AVENUE MARCEAU",,,Crépuscule ou aube,En agglomération,Hors intersection,Pluie légère,Deux véhicules - côté,,,,,,,,,,,2,2,1,2,3
200800074079,0008-12-17 18:15:00,8,12,17,18,15,750,108,PONT ALEXANDRE III,,,Nuit avec éclairage allumé,En agglomération,Hors intersection,Normale,Deux véhicules - frontale,,,,,,,,,,,5,2,1,1,1
200800074080,0008-12-17 18:30:00,8,12,17,18,30,750,108,AVENUE DES CHAMPS ELYSEE,,,Nuit avec éclairage allumé,En agglomération,Intersection en X,Temps couvert,Sans collision,,,,,,,,,,,5,2,2,8,7
200800074081,0008-12-17 10:30:00,8,12,17,10,30,750,108,"37, RUE TRONCHET",,,Plein jour,En agglomération,Intersection en X,Pluie légère,Deux véhicules - côté,,,,,,,,,,,1,2,2,2,3
200800074082,0008-12-17 12:15:00,8,12,17,12,15,750,109,BOULEVARD MONTMARTRE,,,Plein jour,En agglomération,Hors intersection,Pluie légère,Sans collision,,,,,,,,,,,1,2,1,2,7
200800074083,0008-12-17 18:10:00,8,12,17,18,10,750,110,"205, RUE DU FAUBOURG SAI",,,Nuit avec éclairage allumé,En agglomération,Hors intersection,Normale,Autre collision,,,,,,,,,,,5,2,1,1,6
200800074084,0008-12-17 14:55:00,8,12,17,14,55,750,111,"180, RUE DE CHARONNE",,,Plein jour,En agglomération,Intersection en X,Pluie légère,Autre collision,,,,,,,,,,,1,2,2,2,6
200800074085,0008-12-17 15:06:00,8,12,17,15,6,750,111,"118, RUE AMELOT",,,Plein jour,En agglomération,Intersection en X,Pluie légère,Deux véhicules - côté,,,,,,,,,,,1,2,2,2,3
200800074086,0008-12-17 20:35:00,8,12,17,20,35,750,111,BOULEVARD VOLTAIRE,,,Nuit avec éclairage allumé,En agglomération,Intersection en X,Normale,Deux véhicules - côté,,,,,,,,,,,5,2,2,1,3
200800074087,0008-12-17 21:10:00,8,12,17,21,10,750,111,"90bis, AVENUE DE LA REPU",,,Nuit avec éclairage allumé,En agglomération,Intersection en X,Normale,Deux véhicules - côté,,,,,,,,,,,5,2,2,1,3
200800074088,0008-12-17 22:15:00,8,12,17,22,15,750,111,"67, AVENUE PARMENTIER",,,Nuit avec éclairage allumé,En agglomération,Intersection en T,Temps couvert,Autre collision,,,,,,,,,,,5,2,3,8,6
200800074089,0008-12-17 07:30:00,8,12,17,7,30,750,112,"85, RUE DE BERCY",,,Nuit sans éclairage public,En agglomération,Hors intersection,Pluie légère,Autre collision,,,,,,,,,,,3,2,1,2,6
200800074090,0008-12-17 14:10:00,8,12,17,14,10,750,112,"11, RUE DE REUILLY",,,Plein jour,En agglomération,Hors intersection,Pluie légère,Deux véhicules - côté,,,,,,,,,,,1,2,1,2,3