accident_id,datetime,annee,mois,jour,heure,minute,departement,commune_insee,adresse,latitude,longitude,luminosite,agglomeration,intersection,meteo,collision,nb_vehicules,nb_usagers,nb_indemnes,nb_tues,nb_blesses_hosp,nb_blesses_legers,age_cond_1,age_cond_2,veh_type_cond_1,veh_type_cond_2,lum_code,agg_code,int_code,atm_code,col_code
200800074091,0008-12-17 14:35:00,8,12,17,14,35,750,112,"122, RUE DU FAUBOURG SAI",,,Plein jour,En agglomération,Hors intersection,Pluie légère,Deux véhicules - arrière,,,,,,,,,,,1,2,1,2,2
200800074092,0008-12-17 17:15:00,8,12,17,17,15,750,112,BOULEVARD PONIATOWSKI,,,Crépuscule ou aube,En agglomération,Hors intersection,Pluie légère,Deux véhicules - arrière,,,,,,,,,,,2,2,1,2,2
200800074093,0008-12-17 18:25:00,8,12,17,18,25,750,112,"73, BOULEVARD PONIATOWSK",,,Nuit avec éclairage allumé,En agglomération,Intersection à plus de 4 branches,Temps couvert,Deux véhicules - arrière,,,,,,,,,,,5,2,5,8,2
200800074094,0008-12-17 05:50:00,8,12,17,5,50,750,113,"199, AVENUE DE CHOISY",,,Nuit avec éclairage allumé,En agglomération,Intersection en T,Normale,Deux véhicules - côté,,,,,,,,,,,5,2,3,1,3
200800074095,0008-12-17 21:05:00,8,12,17,21,5,750,113,"106, AVENUE D ITALIE",,,Nuit avec éclairage allumé,En agglomération,Hors intersection,Normale,Deux véhicules - arrière,,,,,,,,,,,5,2,1,1,2
200800074096,0008-12-17 13:20:00,8,12,17,13,20,750,115,"21, RUE BARGUE",,,Plein jour,En agglomération,Intersection en X,Pluie légère,Deux véhicules - côté,,,,,,,,,,,1,2,2,2,3
200800074097,0008-12-17 18:10:00,8,12,17,18,10,750,115,"14, RUE GRAMME",,,Nuit avec éclairage allumé,En agglomération,Hors intersection,Normale,Autre collision,,,,,,,,,,,5,2,1,1,6
200800074098,0008-12-17 05:55:00,8,12,17,5,55,750,115,RUE DE VOUILLE,,,Nuit avec éclairage allumé,En agglomération,Intersection en X,Normale,Deux véhicules - côté,,,,,,,,,,,5,2,2,1,3
200800074099,0008-12-17 08:10:00,8,12,17,8,10,750,116,"3, RUE DE L AMIRAL CLOUE",,,Plein jour,En agglomération,Intersection en T,Pluie forte,Autre collision,,,,,,,,,,,1,2,3,3,6
200800074100,0008-12-17 12:45:00,8,12,17,12,45,750,116,AVENUE DE LA GRANDE ARME,,,Plein jour,En agglomération,Intersection en T,Pluie légère,Autre collision,,,,,,,,,,,1,2,3,2,6
200800074101,0008-12-17 14:00:00,8,12,17,14,0,750,116,PLACE DU MARECHAL DE LAT,,,Plein jour,En agglomération,Intersection à plus de 4 branches,Pluie légère,Sans collision,,,,,,,,,,,1,2,5,2,7
200800074102,0008-12-17 16:10:00,8,12,17,16,10,750,116,"32, BOULEVARD MURAT",,,Plein jour,En agglomération,Intersection à plus de 4 branches,Pluie légère,Deux véhicules - arrière,,,,,,,,,,,1,2,5,2,2
200800074103,0008-12-17 18:58:00,8,12,17,18,58,750,116,"71, RUE D AUTEUIL",,,Nuit avec éclairage non allumé,En agglomération,Hors intersection,Autre,Autre collision,,,,,,,,,,,4,2,1,9,6
200800074104,0008-12-17 13:50:00,8,12,17,13,50,750,117,"61, BOULEVARD BESSIERES",,,Plein jour,En agglomération,Hors intersection,Pluie légère,Deux véhicules - arrière,,,,,,,,,,,1,2,1,2,2
200800074105,0008-12-17 16:50:00,8,12,17,16,50,750,118,"31, BOULEVARD BARBES",,,Nuit avec éclairage allumé,En agglomération,Hors intersection,Autre,Autre collision,,,,,,,,,,,5,2,1,9,6
200800074106,0008-12-17 08:25:00,8,12,17,8,25,750,120,RUE DES PYRENEES,,,Crépuscule ou aube,En agglomération,Intersection en X,Pluie légère,Sans collision,,,,,,,,,,,2,2,2,2,7
200800074107,0008-12-17 20:20:00,8,12,17,20,20,750,108,AVENUE DU PRESIDENT WILS,,,Nuit avec éclairage allumé,En agglomération,Intersection en X,Normale,Deux véhicules - côté,,,,,,,,,,,5,2,2,1,3
200800074108,0008-12-17 08:10:00,8,12,17,8,10,750,112,PORTE DE VINCENNES,,,Nuit sans éclairage public,En agglomération,Hors intersection,Pluie légère,Autre collision,,,,,,,,,,,3,2,1,2,6
200800074109,0008-12-30 17:35:00,8,12,30,17,35,750,102,PLACE DE LA BOURSE,,,Nuit avec éclairage allumé,En agglomération,Intersection en X,Normale,Autre collision,,,,,,,,,,,5,2,2,1,6
200800074110,0008-12-30 11:40:00,8,12,30,11,40,750,106,"78, RUE DE RENNES",,,Plein jour,En agglomération,Intersection en Y,Pluie légère,Autre collision,,,,,,,,,,,1,2,4,2,6
200800074111,0008-12-30 10:10:00,8,12,30,10,10,750,109,"56, RUE DU FAUBOURG MONT",,,Plein jour,En agglomération,Hors intersection,Pluie légère,Autre collision,,,,,,,,,,,1,2,1,2,6
200800074112,0008-12-30 18:00:00,8,12,30,18,0,750,109,"52, RUE DE LA VICTOIRE",,,Nuit avec éclairage allumé,En agglomération,Intersection en X,Normale,Deux véhicules - côté,,,,,,,,,,,5,2,2,1,3
200800074113,0008-12-30 07:10:00,8,12,30,7,10,750,113,"21, BOULEVARD MASSENA",,,Crépuscule ou aube,En agglomération,Hors intersection,Autre,Deux véhicules - côté,,,,,,,,,,,2,2,1,9,3
200800074114,0008-12-30 07:50:00,8,12,30,7,50,750,113,AVENUE DE LA PORTE D IVR,,,Crépuscule ou aube,En agglomération,Hors intersection,Autre,Sans collision,,,,,,,,,,,2,2,1,9,7
200800074115,0008-12-30 10:25:00,8,12,30,10,25,750,113,QUAI D AUSTERLITZ,,,Plein jour,En agglomération,Intersection en T,Autre,Sans collision,,,,,,,,,,,1,2,3,9,7
200800074116,0008-12-30 01:00:00,8,12,30,1,0,750,115,"119, BOULEVARD LEFEBVRE",,,Nuit avec éclairage allumé,En agglomération,Hors intersection,Normale,Autre collision,,,,,,,,,,,5,2,1,1,6
200800074117,0008-12-30 04:40:00,8,12,30,4,40,750,115,"60, PLACE CHARLES VALLIN",,,Nuit avec éclairage allumé,En agglomération,Hors intersection,Neige / grêle,Autre collision,,,,,,,,,,,5,2,1,4,6
200800074118,0008-12-30 11:00:00,8,12,30,11,0,750,115,"20, PLACE DUPLEIX",,,Plein jour,En agglomération,Intersection en X,Pluie légère,Sans collision,,,,,,,,,,,1,2,2,2,7
200800074119,0008-12-30 14:20:00,8,12,30,14,20,750,115,PLACE CAMBRONNE,,,Plein jour,En agglomération,Intersection à plus de 4 branches,Neige / grêle,Deux véhicules - côté,,,,,,,,,,,1,2,5,4,3
200800074120,0008-12-30 08:55:00,8,12,30,8,55,750,116,ROUTE DE LA MUETTE A NEU,,,Plein jour,En agglomération,Hors intersection,Pluie légère,Autre collision,,,,,,,,,,,1,2,1,2,6
200800074121,0008-12-30 19:00:00,8,12,30,19,0,750,116,"101, BOULEVARD MURAT",,,Nuit avec éclairage allumé,En agglomération,Hors intersection,Normale,Deux véhicules - arrière,,,,,,,,,,,5,2,1,1,2
200800074122,0008-12-30 11:35:00,8,12,30,11,35,750,120,"156, BOULEVARD DAVOUT",,,Plein jour,En agglomération,Hors intersection,Pluie légère,Autre collision,,,,,,,,,,,1,2,1,2,6
200800074123,0008-12-30 08:25:00,8,12,30,8,25,750,116,ALLEE DE LA REINE MARGUE,,,Crépuscule ou aube,En agglomération,Hors intersection,Temps couvert,Autre collision,,,,,,,,,,,2,2,1,8,6
200800074124,0008-12-30 18:00:00,8,12,30,18,0,750,112,ECHANGEUR BERCY,,,Nuit avec éclairage allumé,En agglomération,Hors intersection,Temps couvert,Deux véhicules - côté,,,,,,,,,,,5,2,1,8,3
200800074125,0008-12-31 00:10:00,8,12,31,0,10,750,101,"172, RUE DE RIVOLI",,,Nuit avec éclairage allumé,En agglomération,Hors intersection,Normale,Trois véhicules et plus - en chaîne,,,,,,,,,,,5,2,1,1,4
200800074126,0008-12-31 14:50:00,8,12,31,14,50,750,101,PONT NEUF,,,Plein jour,En agglomération,Intersection en T,Temps couvert,Autre collision,,,,,,,,,,,1,2,3,8,6
200800074127,0008-12-31 18:00:00,8,12,31,18,0,750,105,QUAI DE LA TOURNELLE,,,Nuit avec éclairage allumé,En agglomération,Intersection en T,Normale,Deux véhicules - côté,,,,,,,,,,,5,2,3,1,3
200800074128,0008-12-31 16:10:00,8,12,31,16,10,750,107,"61, QUAI D ORSAY",,,Plein jour,En agglomération,Intersection en T,Temps couvert,Deux véhicules - côté,,,,,,,,,,,1,2,3,8,3
200800074129,0008-12-31 09:20:00,8,12,31,9,20,750,108,AVENUE DES CHAMPS ELYSEE,,,Plein jour,En agglomération,Intersection à plus de 4 branches,Temps couvert,Deux véhicules - côté,,,,,,,,,,,1,2,5,8,3
200800074130,0008-12-31 13:15:00,8,12,31,13,15,750,108,PLACE DE LA CONCORDE,,,Plein jour,En agglomération,Hors intersection,Temps couvert,Deux véhicules - côté,,,,,,,,,,,1,2,1,8,3
200800074131,0008-12-31 15:32:00,8,12,31,15,32,750,108,"10, AVENUE DE WAGRAM",,,Plein jour,En agglomération,Intersection en Y,Temps couvert,Autre collision,,,,,,,,,,,1,2,4,8,6
200800074132,0008-12-31 18:25:00,8,12,31,18,25,750,108,RUE DE ROME,,,Nuit avec éclairage allumé,En agglomération,Intersection en X,Normale,Deux véhicules - côté,,,,,,,,,,,5,2,2,1,3
200800074133,0008-12-31 11:25:00,8,12,31,11,25,750,110,"149, BOULEVARD DE LA VIL",,,Plein jour,En agglomération,Hors intersection,Normale,Trois véhicules et plus - en chaîne,,,,,,,,,,,1,2,1,1,4
200800074134,0008-12-31 16:30:00,8,12,31,16,30,750,110,"10, BOULEVARD DE MAGENTA",,,Plein jour,En agglomération,Hors intersection,Normale,Autre collision,,,,,,,,,,,1,2,1,1,6
200800074135,0008-12-31 19:50:00,8,12,31,19,50,750,110,"7, AVENUE CLAUDE VELLEFA",,,Nuit avec éclairage allumé,En agglomération,Hors intersection,Normale,Deux véhicules - côté,,,,,,,,,,,5,2,1,1,3
200800074136,0008-12-31 19:55:00,8,12,31,19,55,750,110,RUE LA FAYETTE,,,Nuit avec éclairage allumé,En agglomération,Intersection en X,Normale,Deux véhicules - côté,,,,,,,,,,,5,2,2,1,3
200800074137,0008-12-31 19:05:00,8,12,31,19,5,750,110,"01, AVENUE CLAUDE VELLEF",,,Nuit avec éclairage allumé,En agglomération,Hors intersection,Normale,Deux véhicules - côté,,,,,,,,,,,5,2,1,1,3
200800074138,0008-12-31 22:55:00,8,12,31,22,55,750,110,PLACE DE STALINGRAD,,,Nuit avec éclairage allumé,En agglomération,Intersection à plus de 4 branches,Autre,Deux véhicules - côté,,,,,,,,,,,5,2,5,9,3
200800074139,0008-12-31 19:12:00,8,12,31,19,12,750,111,"115, BOULEVARD DE MENILM",,,Nuit avec éclairage allumé,En agglomération,Intersection en T,Normale,Deux véhicules - côté,,,,,,,,,,,5,2,3,1,3
200800074140,0008-12-31 01:45:00,8,12,31,1,45,750,112,"246, AVENUE DAUMESNIL",,,Nuit avec éclairage allumé,En agglomération,Hors intersection,Autre,Sans collision,,,,,,,,,,,5,2,1,9,7
200800074141,0008-12-31 14:50:00,8,12,31,14,50,750,113,RUE NEUVE TOLBIAC,,,Plein jour,En agglomération,Intersection en X,Temps couvert,Deux véhicules - côté,,,,,,,,,,,1,2,2,8,3
200800074142,0008-12-31 20:00:00,8,12,31,20,0,750,113,BOULEVARD DE L HOPITAL,,,Nuit avec éclairage allumé,En agglomération,Hors intersection,Normale,Deux véhicules - arrière,,,,,,,,,,,5,2,1,1,2
200800074143,0008-12-31 12:55:00,8,12,31,12,55,750,115,"132, AVENUE FELIX FAURE",,,Plein jour,En agglomération,Hors intersection,Normale,Deux véhicules - côté,,,,,,,,,,,1,2,1,1,3
200800074144,0008-12-31 14:40:00,8,12,31,14,40,750,116,"85, AVENUE VICTOR HUGO",,,Plein jour,En agglomération,Hors intersection,Normale,Autre collision,,,,,,,,,,,1,2,1,1,6
200800074145,0008-12-31 21:45:00,8,12,31,21,45,750,117,"1, BOULEVARD BESSIERES",,,Nuit avec éclairage allumé,En agglomération,Intersection en Y,Normale,Autre collision,,,,,,,,,,,5,2,4,1,6
200800074146,0008-12-31 23:50:00,8,12,31,23,50,750,117,AVENUE DE LA PORTE D ASN,,,Nuit avec éclairage allumé,En agglomération,Intersection à plus de 4 branches,Normale,Deux véhicules - côté,,,,,,,,,,,5,2,5,1,3
200800074147,0008-12-31 01:05:00,8,12,31,1,5,750,118,RUE CUSTINE,,,Nuit avec éclairage allumé,En agglomération,Hors intersection,Autre,Sans collision,,,,,,,,,,,5,2,1,9,7
200800074148,0008-12-31 09:00:00,8,12,31,9,0,750,119,"6, PLACE DU COLONEL FABI",,,Plein jour,En agglomération,Intersection à plus de 4 branches,Pluie légère,Sans collision,,,,,,,,,,,1,2,5,2,7
200800074149,0008-12-31 20:40:00,8,12,31,20,40,750,101,"10, RUE DE TURBIGO",,,Nuit avec éclairage allumé,En agglomération,Hors intersection,Normale,Sans collision,,,,,,,,,,,5,2,1,1,7
200800074150,0008-12-31 23:16:00,8,12,31,23,16,750,120,RUE DES PYRENEES,,,Nuit avec éclairage allumé,En agglomération,Intersection en X,Normale,Autre collision,,,,,,,,,,,5,2,2,1,6
200800074151,0008-12-31 15:45:00,8,12,31,15,45,750,120,PORTE DE BAGNOLET,,,Plein jour,En agglomération,Hors intersection,Temps couvert,Deux véhicules - côté,,,,,,,,,,,1,2,1,8,3
200800074152,0008-12-31 14:30:00,8,12,31,14,30,750,120,PORTE DE BAGNOLET,,,Plein jour,En agglomération,Hors intersection,Normale,Deux véhicules - côté,,,,,,,,,,,1,2,1,1,3
200800074153,0008-12-31 21:00:00,8,12,31,21,0,750,114,PORTE DE GENTILLY,,,Nuit avec éclairage allumé,En agglomération,Hors intersection,Normale,Deux véhicules - côté,,,,,,,,,,,5,2,1,1,3
200800074154,0008-12-13 05:40:00,8,12,13,5,40,930,66,AUTOROUTE A1,,,Nuit avec éclairage allumé,Hors agglomération,Hors intersection,Temps couvert,Deux véhicules - arrière,,,,,,,,,,,5,1,1,8,2
200800074155,0008-12-16 17:05:00,8,12,16,17,5,950,500,AUTOROUTE A15,,,Nuit sans éclairage public,Hors agglomération,Hors intersection,Pluie légère,Deux véhicules - arrière,,,,,,,,,,,3,1,1,2,2
200800074156,0008-12-01 06:50:00,8,12,1,6,50,930,1,AUTOROUTE A86,,,Nuit sans éclairage public,Hors agglomération,Hors intersection,Pluie légère,Trois véhicules et plus - collisions multiples,,,,,,,,,,,3,1,1,2,5
200800074157,0008-12-03 02:00:00,8,12,3,2,0,920,36,AUTOROUTE A15,,,Nuit avec éclairage allumé,Hors agglomération,Hors intersection,Pluie légère,Deux véhicules - arrière,,,,,,,,,,,5,1,1,2,2
200800074158,0008-12-03 21:20:00,8,12,3,21,20,950,18,AUTOROUTE A15,,,Nuit avec éclairage allumé,Hors agglomération,Hors intersection,Brouillard / fumée,Sans collision,,,,,,,,,,,5,1,1,5,7
200800074159,0008-12-04 13:00:00,8,12,4,13,0,950,277,AUTOROUTE A104,,,Plein jour,Hors agglomération,Hors intersection,Pluie légère,Deux véhicules - côté,,,,,,,,,,,1,1,1,2,3
200800074160,0008-12-14 23:30:00,8,12,14,23,30,930,10,AUTOROUTE A3,,,Nuit avec éclairage allumé,Hors agglomération,Hors intersection,Normale,Deux véhicules - côté,,,,,,,,,,,5,1,1,1,3
200800074161,0008-12-15 15:10:00,8,12,15,15,10,930,1,AUTOROUTE A86,,,Plein jour,Hors agglomération,Hors intersection,Normale,Trois véhicules et plus - collisions multiples,,,,,,,,,,,1,1,1,1,5
200800074162,0008-12-17 11:08:00,8,12,17,11,8,930,53,AUTOROUTE A3,,,Plein jour,Hors agglomération,Hors intersection,Pluie légère,Deux véhicules - arrière,,,,,,,,,,,1,1,1,2,2
200800074163,0008-12-21 04:45:00,8,12,21,4,45,950,582,AUTOROUTE A15,,,Nuit avec éclairage non allumé,Hors agglomération,Hors intersection,Normale,Deux véhicules - côté,,,,,,,,,,,4,1,1,1,3
200800074164,0008-12-21 19:00:00,8,12,21,19,0,930,64,AUTOROUTE A86,,,Nuit avec éclairage non allumé,Hors agglomération,Hors intersection,Normale,Autre collision,,,,,,,,,,,4,1,1,1,6
200800074165,0008-12-28 12:45:00,8,12,28,12,45,920,36,AUTOROUTE A15,,,Plein jour,Hors agglomération,Hors intersection,Normale,Autre collision,,,,,,,,,,,1,1,1,1,6
200800074166,0008-12-06 01:45:00,8,12,6,1,45,950,582,AUTOROUTE A15,,,Nuit sans éclairage public,Hors agglomération,Hors intersection,Normale,Trois véhicules et plus - collisions multiples,,,,,,,,,,,3,1,1,1,5
200800074167,0008-12-02 09:10:00,8,12,2,9,10,590,507,AUTOROUTE A1,,,Plein jour,Hors agglomération,Hors intersection,Normale,Trois véhicules et plus - en chaîne,,,,,,,,,,,1,1,1,1,4
200800074168,0008-12-03 01:35:00,8,12,3,1,35,590,350,AUTOROUTE A25,,,Nuit avec éclairage allumé,Hors agglomération,Hors intersection,Pluie forte,Sans collision,,,,,,,,,,,5,1,1,3,7
200800074169,0008-12-03 06:00:00,8,12,3,6,0,620,498,AUTOROUTE A21,,,Nuit avec éclairage allumé,Hors agglomération,Hors intersection,Pluie forte,Sans collision,,,,,,,,,,,5,1,1,3,7
200800074170,0008-12-04 16:10:00,8,12,4,16,10,590,515,AUTOROUTE A2,,,Plein jour,Hors agglomération,Hors intersection,Normale,Autre collision,,,,,,,,,,,1,1,1,1,6
200800074171,0008-12-05 14:15:00,8,12,5,14,15,620,498,AUTOROUTE A21,,,Plein jour,Hors agglomération,Hors intersection,Pluie forte,Sans collision,,,,,,,,,,,1,1,1,3,7
200800074172,0008-12-05 18:30:00,8,12,5,18,30,590,609,AUTOROUTE A1,,,Nuit sans éclairage public,Hors agglomération,Hors intersection,Normale,Autre collision,,,,,,,,,,,3,1,1,1,6
200800074173,0008-12-06 12:00:00,8,12,6,12,0,590,346,AUTOROUTE A27,,,Plein jour,Hors agglomération,Hors intersection,Normale,Autre collision,,,,,,,,,,,1,1,1,1,6
200800074174,0008-12-06 14:10:00,8,12,6,14,10,590,556,AUTOROUTE A25,,,Plein jour,Hors agglomération,Hors intersection,Normale,Sans collision,,,,,,,,,,,1,1,1,1,7
200800074175,0008-12-07 11:15:00,8,12,7,11,15,590,507,AUTOROUTE A1,,,Plein jour,Hors agglomération,Hors intersection,Normale,Autre collision,,,,,,,,,,,1,1,1,1,6
200800074176,0008-12-07 17:25:00,8,12,7,17,25,590,603,AUTOROUTE A2,,,Crépuscule ou aube,Hors agglomération,Hors intersection,Brouillard / fumée,Deux véhicules - arrière,,,,,,,,,,,2,1,1,5,2
200800074177,0008-12-07 18:15:00,8,12,7,18,15,590,378,AUTOROUTE A22,,,Nuit sans éclairage public,Hors agglomération,Hors intersection,Normale,Sans collision,,,,,,,,,,,3,1,1,1,7
200800074178,0008-12-08 12:35:00,8,12,8,12,35,590,195,AUTOROUTE A25,,,Plein jour,Hors agglomération,Hors intersection,Normale,Autre collision,,,,,,,,,,,1,1,1,1,6
200800074179,0008-12-08 16:30:00,8,12,8,16,30,590,350,AUTOROUTE A1,,,Plein jour,Hors agglomération,Hors intersection,Normale,Autre collision,,,,,,,,,,,1,1,1,1,6
200800074180,0008-12-08 17:40:00,8,12,8,17,40,590,606,AUTOROUTE A2,,,Nuit sans éclairage public,Hors agglomération,Hors intersection,Normale,Trois véhicules et plus - en chaîne,,,,,,,,,,,3,1,1,1,4
200800074181,0008-12-09 16:45:00,8,12,9,16,45,590,599,AUTOROUTE A22,,,Crépuscule ou aube,Hors agglomération,Hors intersection,Pluie forte,Sans collision,,,,,,,,,,,2,1,1,3,7
200800074182,0008-12-09 19:20:00,8,12,9,19,20,590,155,AUTOROUTE A16,,,Nuit sans éclairage public,Hors agglomération,Hors intersection,Normale,Autre collision,,,,,,,,,,,3,1,1,1,6
200800074183,0008-12-10 11:00:00,8,12,10,11,0,620,249,AUTOROUTE A21,,,Plein jour,Hors agglomération,Hors intersection,Normale,Autre collision,,,,,,,,,,,1,1,1,1,6
200800074184,0008-12-11 09:15:00,8,12,11,9,15,590,183,AUTOROUTE A16,,,Plein jour,Hors agglomération,Hors intersection,Normale,Sans collision,,,,,,,,,,,1,1,1,1,7
200800074185,0008-12-11 09:50:00,8,12,11,9,50,590,350,ROUTE NATIONALE 351,,,Plein jour,Hors agglomération,Hors intersection,Pluie forte,Sans collision,,,,,,,,,,,1,1,1,3,7
200800074186,0008-12-11 20:15:00,8,12,11,20,15,590,284,AUTOROUTE A23,,,Nuit sans éclairage public,Hors agglomération,Hors intersection,Normale,Autre collision,,,,,,,,,,,3,1,1,1,6
200800074187,0008-12-12 12:00:00,8,12,12,12,0,620,351,AUTOROUTE A21,,,Plein jour,Hors agglomération,Hors intersection,Normale,Autre collision,,,,,,,,,,,1,1,1,1,6
200800074188,0008-12-12 15:00:00,8,12,12,15,0,590,585,AUTOROUTE A1,,,Plein jour,Hors agglomération,Hors intersection,Normale,Autre collision,,,,,,,,,,,1,1,1,1,6
200800074189,0008-12-12 17:20:00,8,12,12,17,20,590,364,AUTOROUTE A23,,,Nuit sans éclairage public,Hors agglomération,Hors intersection,Normale,Trois véhicules et plus - en chaîne,,,,,,,,,,,3,1,1,1,4
200800074190,0008-12-14 15:00:00,8,12,14,15,0,590,606,AUTOROUTE A23,,,Plein jour,Hors agglomération,Hors intersection,Normale,Sans collision,,,,,,,,,,,1,1,1,1,7
200800074191,0008-12-14 21:00:00,8,12,14,21,0,620,498,AUTOROUTE A21,,,Nuit avec éclairage allumé,Hors agglomération,Hors intersection,Pluie légère,Deux véhicules - arrière,,,,,,,,,,,5,1,1,2,2
200800074192,0008-12-16 16:10:00,8,12,16,16,10,620,498,AUTOROUTE A21,,,Plein jour,Hors agglomération,Hors intersection,Brouillard / fumée,Deux véhicules - arrière,,,,,,,,,,,1,1,1,5,2
200800074193,0008-12-17 08:10:00,8,12,17,8,10,590,179,AUTOROUTE A2,,,Nuit sans éclairage public,Hors agglomération,Hors intersection,Pluie forte,Autre collision,,,,,,,,,,,3,1,1,3,6
200800074194,0008-12-17 14:30:00,8,12,17,14,30,590,475,AUTOROUTE A2,,,Plein jour,Hors agglomération,Hors intersection,Pluie forte,Sans collision,,,,,,,,,,,1,1,1,3,7
200800074195,0008-12-17 18:10:00,8,12,17,18,10,620,528,AUTOROUTE A21,,,Nuit sans éclairage public,Hors agglomération,Hors intersection,Normale,Autre collision,,,,,,,,,,,3,1,1,1,6
200800074196,0008-12-17 19:45:00,8,12,17,19,45,620,907,AUTOROUTE A1,,,Nuit sans éclairage public,Hors agglomération,Hors intersection,Normale,Autre collision,,,,,,,,,,,3,1,1,1,6
200800074197,0008-12-17 20:15:00,8,12,17,20,15,590,155,AUTOROUTE A16,,,Nuit avec éclairage allumé,Hors agglomération,Hors intersection,Normale,Sans collision,,,,,,,,,,,5,1,1,1,7
200800074198,0008-12-19 16:15:00,8,12,19,16,15,620,907,AUTOROUTE A1,,,Plein jour,Hors agglomération,Hors intersection,Normale,Trois véhicules et plus - en chaîne,,,,,,,,,,,1,1,1,1,4
200800074199,0008-12-19 19:30:00,8,12,19,19,30,590,343,AUTOROUTE A1,,,Nuit sans éclairage public,Hors agglomération,Hors intersection,Normale,Autre collision,,,,,,,,,,,3,1,1,1,6
200800074200,0008-12-21 03:25:00,8,12,21,3,25,590,350,ROUTE NATIONALE 351,,,Nuit avec éclairage allumé,Hors agglomération,Hors intersection,Normale,Sans collision,,,,,,,,,,,5,1,1,1,7
200800074201,0008-12-22 22:05:00,8,12,22,22,5,620,637,AUTOROUTE A1,,,Nuit avec éclairage allumé,Hors agglomération,Hors intersection,Normale,Autre collision,,,,,,,,,,,5,1,1,1,6
200800074202,0008-12-23 11:25:00,8,12,23,11,25,590,350,AUTOROUTE A25,,,Plein jour,Hors agglomération,Hors intersection,Normale,Sans collision,,,,,,,,,,,1,1,1,1,7
200800074203,0008-12-24 10:40:00,8,12,24,10,40,620,274,AUTOROUTE A21,,,Plein jour,Hors agglomération,Hors intersection,Normale,Autre collision,,,,,,,,,,,1,1,1,1,6
200800074204,0008-12-29 01:45:00,8,12,29,1,45,590,346,ROUTE NATIONALE 227,,,Nuit avec éclairage allumé,Hors agglomération,Hors intersection,Normale,Sans collision,,,,,,,,,,,5,1,1,1,7
200800074205,0008-12-17 23:45:00,8,12,17,23,45,590,435,AUTOROUTE A23,,,Nuit sans éclairage public,Hors agglomération,Hors intersection,Normale,Autre collision,,,,,,,,,,,3,1,1,1,6
200800074206,0008-12-01 05:15:00,8,12,1,5,15,330,550,ROCADE A 630,,,Nuit avec éclairage allumé,Hors agglomération,Hors intersection,Pluie légère,Autre collision,,,,,,,,,,,5,1,1,2,6
200800074207,0008-12-01 06:10:00,8,12,1,6,10,330,249,ROCADE A 630,,,Nuit avec éclairage allumé,Hors agglomération,Hors intersection,Normale,Autre collision,,,,,,,,,,,5,1,1,1,6
200800074208,0008-12-02 16:45:00,8,12,2,16,45,330,550,ROCADE A 630,,,Plein jour,Hors agglomération,Hors intersection,Normale,Deux véhicules - côté,,,,,,,,,,,1,1,1,1,3
200800074209,0008-12-03 11:10:00,8,12,3,11,10,330,249,ROUTE NATIONALE 230,,,Plein jour,Hors agglomération,Hors intersection,Pluie légère,Trois véhicules et plus - collisions multiples,,,,,,,,,,,1,1,1,2,5
200800074210,0008-12-04 12:50:00,8,12,4,12,50,330,281,ROCADE A 630,,,Plein jour,Hors agglomération,Hors intersection,Pluie légère,Autre collision,,,,,,,,,,,1,1,1,2,6
200800074211,0008-12-05 07:10:00,8,12,5,7,10,330,39,ROCADE A 630,,,Nuit avec éclairage allumé,Hors agglomération,Hors intersection,Pluie forte,Autre collision,,,,,,,,,,,5,1,1,3,6
200800074212,0008-12-05 09:30:00,8,12,5,9,30,330,65,ROUTE NATIONALE 230,,,Plein jour,Hors agglomération,Hors intersection,Normale,Deux véhicules - côté,,,,,,,,,,,1,1,1,1,3
200800074213,0008-12-05 12:35:00,8,12,5,12,35,330,550,ROCADE A 630,,,Plein jour,Hors agglomération,Hors intersection,Pluie légère,Deux véhicules - arrière,,,,,,,,,,,1,1,1,2,2
200800074214,0008-12-06 11:45:00,8,12,6,11,45,330,318,ROCADE A 630,,,Plein jour,Hors agglomération,Hors intersection,Pluie légère,Autre collision,,,,,,,,,,,1,1,1,2,6
200800074215,0008-12-08 07:05:00,8,12,8,7,5,330,397,AUTOROUTE A 10,,,Nuit avec éclairage allumé,Hors agglomération,Hors intersection,Normale,Deux véhicules - arrière,,,,,,,,,,,5,1,1,1,2
200800074216,0008-12-08 07:25:00,8,12,8,7,25,330,550,ROCADE A 630,,,Nuit avec éclairage allumé,Hors agglomération,Hors intersection,Normale,Deux véhicules - côté,,,,,,,,,,,5,1,1,1,3
200800074217,0008-12-08 17:20:00,8,12,8,17,20,330,39,ROCADE A 630,,,Nuit avec éclairage allumé,Hors agglomération,Hors intersection,Normale,Deux véhicules - côté,,,,,,,,,,,5,1,1,1,3
200800074218,0008-12-10 18:25:00,8,12,10,18,25,330,249,ROCADE A 630,,,Nuit avec éclairage allumé,Hors agglomération,Hors intersection,Normale,Trois véhicules et plus - en chaîne,,,,,,,,,,,5,1,1,1,4
200800074219,0008-12-11 15:15:00,8,12,11,15,15,330,167,ROUTE NATIONALE 230,,,Plein jour,Hors agglomération,Hors intersection,Normale,Deux véhicules - arrière,,,,,,,,,,,1,1,1,1,2