accident_id,datetime,annee,mois,jour,heure,minute,departement,commune_insee,adresse,latitude,longitude,luminosite,agglomeration,intersection,meteo,collision,nb_vehicules,nb_usagers,nb_indemnes,nb_tues,nb_blesses_hosp,nb_blesses_legers,age_cond_1,age_cond_2,veh_type_cond_1,veh_type_cond_2,lum_code,agg_code,int_code,atm_code,col_code
200800074220,0008-12-11 18:36:00,8,12,11,18,36,330,550,AUTOROUTE A 62,,,Nuit sans éclairage public,Hors agglomération,Hors intersection,Normale,Trois véhicules et plus - en chaîne,,,,,,,,,,,3,1,1,1,4
200800074221,0008-12-12 04:45:00,8,12,12,4,45,330,39,ROCADE A 631,,,Nuit avec éclairage allumé,Hors agglomération,Hors intersection,Normale,Autre collision,,,,,,,,,,,5,1,1,1,6
200800074222,0008-12-13 10:20:00,8,12,13,10,20,330,550,AUTOROUTE A 62,,,Plein jour,Hors agglomération,Hors intersection,Pluie légère,Trois véhicules et plus - en chaîne,,,,,,,,,,,1,1,1,2,4
200800074223,0008-12-13 10:16:00,8,12,13,10,16,330,550,AUTOROUTE A 62,,,Plein jour,Hors agglomération,Hors intersection,Pluie légère,Trois véhicules et plus - en chaîne,,,,,,,,,,,1,1,1,2,4
200800074224,0008-12-13 13:05:00,8,12,13,13,5,330,39,ROCADE A 630,,,Plein jour,Hors agglomération,Hors intersection,Pluie légère,Deux véhicules - côté,,,,,,,,,,,1,1,1,2,3
200800074225,0008-12-13 13:40:00,8,12,13,13,40,330,39,ROCADE A 630,,,Plein jour,Hors agglomération,Hors intersection,Pluie légère,Deux véhicules - arrière,,,,,,,,,,,1,1,1,2,2
200800074226,0008-12-14 00:01:00,8,12,14,0,1,330,192,ROCADE A 630,,,Nuit avec éclairage allumé,Hors agglomération,Hors intersection,Pluie forte,Autre collision,,,,,,,,,,,5,1,1,3,6
200800074227,0008-12-13 03:45:00,8,12,13,3,45,330,39,ROCADE A 630,,,Nuit avec éclairage allumé,Hors agglomération,Hors intersection,Pluie forte,Autre collision,,,,,,,,,,,5,1,1,3,6
200800074228,0008-12-14 10:05:00,8,12,14,10,5,330,249,ROCADE A 630,,,Plein jour,Hors agglomération,Hors intersection,Pluie légère,Autre collision,,,,,,,,,,,1,1,1,2,6
200800074229,0008-12-16 09:10:00,8,12,16,9,10,330,39,ROCADE A 631,,,Plein jour,Hors agglomération,Hors intersection,Normale,Deux véhicules - côté,,,,,,,,,,,1,1,1,1,3
200800074230,0008-12-17 07:08:00,8,12,17,7,8,330,119,ROUTE NATIONALE 230,,,Nuit avec éclairage allumé,Hors agglomération,Hors intersection,Normale,Trois véhicules et plus - en chaîne,,,,,,,,,,,5,1,1,1,4
200800074231,0008-12-17 14:45:00,8,12,17,14,45,330,63,ROCADE A 630,,,Plein jour,Hors agglomération,Hors intersection,Pluie légère,Autre collision,,,,,,,,,,,1,1,1,2,6
200800074232,0008-12-20 09:45:00,8,12,20,9,45,330,65,ROUTE NATIONALE 230,,,Plein jour,Hors agglomération,Hors intersection,Normale,Deux véhicules - côté,,,,,,,,,,,1,1,1,1,3
200800074233,0008-12-27 00:10:00,8,12,27,0,10,330,167,ROUTE NATIONALE 230,,,Nuit avec éclairage allumé,Hors agglomération,Hors intersection,Autre,Autre collision,,,,,,,,,,,5,1,1,9,6
200800074234,0008-12-28 00:50:00,8,12,28,0,50,330,143,AUTOROUTE A 10,,,Nuit avec éclairage allumé,Hors agglomération,Hors intersection,Normale,Autre collision,,,,,,,,,,,5,1,1,1,6
200800074235,0008-12-29 07:54:00,8,12,29,7,54,330,487,AUTOROUTE A 10,,,Nuit avec éclairage allumé,Hors agglomération,Hors intersection,Normale,Autre collision,,,,,,,,,,,5,1,1,1,6
200800074236,0008-12-30 18:50:00,8,12,30,18,50,330,192,ROCADE A 630,,,Nuit avec éclairage allumé,Hors agglomération,Hors intersection,Normale,Deux véhicules - côté,,,,,,,,,,,5,1,1,1,3
200800074237,0008-12-02 10:10:00,8,12,2,10,10,670,365,Autoroute A.35,,,Plein jour,Hors agglomération,Hors intersection,Pluie légère,Trois véhicules et plus - collisions multiples,,,,,,,,,,,1,1,1,2,5
200800074238,0008-12-06 18:40:00,8,12,6,18,40,670,482,Autoroute A.35,,,Nuit avec éclairage non allumé,Hors agglomération,Intersection en X,Temps couvert,Autre collision,,,,,,,,,,,4,1,2,8,6
200800074239,0008-12-11 19:00:00,8,12,11,19,0,670,482,Autoroute A.351,,,Nuit avec éclairage allumé,Hors agglomération,Hors intersection,Pluie légère,Deux véhicules - arrière,,,,,,,,,,,5,1,1,2,2
200800074240,0008-12-11 19:10:00,8,12,11,19,10,670,482,Autoroute A.351,,,Nuit sans éclairage public,Hors agglomération,Hors intersection,Normale,Trois véhicules et plus - en chaîne,,,,,,,,,,,3,1,1,1,4
200800074241,0008-12-19 22:15:00,8,12,19,22,15,670,482,Autoroute A.350,,,Nuit avec éclairage allumé,Hors agglomération,Hors intersection,Brouillard / fumée,Autre collision,,,,,,,,,,,5,1,1,5,6
200800074242,0008-12-07 10:25:00,8,12,7,10,25,570,463,Autoroute A31,,,Plein jour,Hors agglomération,Hors intersection,Normale,Deux véhicules - arrière,,,,,,,,,,,1,1,1,1,2
200800074243,0008-12-23 06:35:00,8,12,23,6,35,570,463,Autoroute A31,,,Nuit avec éclairage non allumé,Hors agglomération,Hors intersection,Brouillard / fumée,Deux véhicules - côté,,,,,,,,,,,4,1,1,5,3
200800074244,0008-12-31 01:30:00,8,12,31,1,30,570,445,Autoroute A31,,,Nuit sans éclairage public,Hors agglomération,Hors intersection,Pluie légère,Deux véhicules - côté,,,,,,,,,,,3,1,1,2,3
200800074245,0008-12-04 22:20:00,8,12,4,22,20,540,557,Autoroute A 31,,,Nuit sans éclairage public,Hors agglomération,Hors intersection,Pluie forte,Autre collision,,,,,,,,,,,3,1,1,3,6
200800074246,0008-12-10 14:35:00,8,12,10,14,35,540,571,Autoroute A 33,,,Plein jour,Hors agglomération,Hors intersection,Temps couvert,Deux véhicules - arrière,,,,,,,,,,,1,1,1,8,2
200800074247,0008-12-29 13:05:00,8,12,29,13,5,420,218,A72,,,Plein jour,Hors agglomération,Hors intersection,Normale,Deux véhicules - côté,,,,,,,,,,,1,1,1,1,3
200800074248,0008-12-14 09:30:00,8,12,14,9,30,690,256,A42     0.560 A 4.020,,,Plein jour,Hors agglomération,Autre intersection,Normale,Trois véhicules et plus - en chaîne,,,,,,,,,,,1,1,9,1,4
200800074249,0008-12-06 23:42:00,8,12,6,23,42,690,256,A42     0.560 A 4.020,,,Nuit sans éclairage public,Hors agglomération,Hors intersection,Normale,Autre collision,,,,,,,,,,,3,1,1,1,6
200800074250,0008-12-10 07:10:00,8,12,10,7,10,690,276,BUS (RD301)   0.000 A 2.,,,Crépuscule ou aube,Hors agglomération,Hors intersection,Neige / grêle,Trois véhicules et plus - en chaîne,,,,,,,,,,,2,1,1,4,4
200800074251,0008-12-10 12:45:00,8,12,10,12,45,690,142,A7   2.278 A 3.690,,,Plein jour,Hors agglomération,Hors intersection,Neige / grêle,Sans collision,,,,,,,,,,,1,1,1,4,7
200800074252,0008-12-11 12:00:00,8,12,11,12,0,690,266,RD383   3.750 A 7.640,,,Plein jour,Hors agglomération,Hors intersection,Pluie légère,Sans collision,,,,,,,,,,,1,1,1,2,7
200800074253,0008-12-11 12:10:00,8,12,11,12,10,690,152,A7   4.270 A 7.000,,,Plein jour,Hors agglomération,Hors intersection,Pluie légère,Deux véhicules - côté,,,,,,,,,,,1,1,1,2,3
200800074254,0008-12-12 17:40:00,8,12,12,17,40,380,87,A7   20.110 A 22.950,,,Plein jour,Hors agglomération,Hors intersection,Normale,Trois véhicules et plus - en chaîne,,,,,,,,,,,1,1,1,1,4
200800074255,0008-12-15 08:20:00,8,12,15,8,20,380,184,A43   15.971 A 18.875,,,Plein jour,Hors agglomération,Hors intersection,Normale,Deux véhicules - arrière,,,,,,,,,,,1,1,1,1,2
200800074256,0008-12-16 10:40:00,8,12,16,10,40,690,290,RN346   38.960 A 40.883,,,Plein jour,Hors agglomération,Autre intersection,Normale,Deux véhicules - arrière,,,,,,,,,,,1,1,9,1,2
200800074257,0008-12-16 07:15:00,8,12,16,7,15,690,152,A7   4.270 A 7.000,,,Crépuscule ou aube,Hors agglomération,Hors intersection,Normale,Sans collision,,,,,,,,,,,2,1,1,1,7
200800074258,0008-12-17 07:30:00,8,12,17,7,30,690,152,A7   4.270 A 7.000,,,Plein jour,Hors agglomération,Hors intersection,Normale,Deux véhicules - côté,,,,,,,,,,,1,1,1,1,3
200800074259,0008-12-19 14:45:00,8,12,19,14,45,690,266,A42   0.000 A 0.560,,,Plein jour,Hors agglomération,Hors intersection,Pluie légère,Sans collision,,,,,,,,,,,1,1,1,2,7
200800074260,0008-12-19 17:25:00,8,12,19,17,25,380,449,A43   18.875 A 21.100,,,Crépuscule ou aube,Hors agglomération,Hors intersection,Pluie légère,Trois véhicules et plus - collisions multiples,,,,,,,,,,,2,1,1,2,5
200800074261,0008-12-22 04:55:00,8,12,22,4,55,690,266,RD383 2.321 A 3.750,,,Nuit avec éclairage allumé,Hors agglomération,Hors intersection,Normale,Autre collision,,,,,,,,,,,5,1,1,1,6
200800074262,0008-12-22 19:00:00,8,12,22,19,0,690,72,A6   445.323 A 447.390,,,Nuit sans éclairage public,Hors agglomération,Hors intersection,Normale,Deux véhicules - arrière,,,,,,,,,,,3,1,1,1,2
200800074263,0008-12-22 21:00:00,8,12,22,21,0,380,336,RN7   10.000 A 10.310,,,Nuit avec éclairage allumé,Hors agglomération,Intersection en X,Normale,Deux véhicules - côté,,,,,,,,,,,5,1,2,1,3
200800074264,0008-12-23 20:30:00,8,12,23,20,30,690,81,A6   449.510 A 451.640,,,Nuit avec éclairage allumé,Hors agglomération,Hors intersection,Normale,Autre collision,,,,,,,,,,,5,1,1,1,6
200800074265,0008-12-26 12:10:00,8,12,26,12,10,380,544,A7   25.770 A 27.460,,,Plein jour,Hors agglomération,Hors intersection,Normale,Deux véhicules - côté,,,,,,,,,,,1,1,1,1,3
200800074266,0008-12-26 14:45:00,8,12,26,14,45,380,449,A43   18.875 A 21.100,,,Plein jour,Hors agglomération,Autre intersection,Normale,Autre collision,,,,,,,,,,,1,1,9,1,6
200800074267,0008-12-04 10:35:00,8,12,4,10,35,130,5,A501-Sens Aubagne vers P,,,Plein jour,Hors agglomération,Hors intersection,Normale,Autre collision,,,,,,,,,,,1,1,1,1,6
200800074268,0008-12-06 00:35:00,8,12,6,0,35,130,106,A51-Sens Aix en Provence,,,Nuit sans éclairage public,Hors agglomération,Hors intersection,Normale,Deux véhicules - arrière,,,,,,,,,,,3,1,1,1,2
200800074269,0008-12-06 12:20:00,8,12,6,12,20,130,1,A51-Sens Aix en Provence,,,Plein jour,Hors agglomération,Hors intersection,Normale,Sans collision,,,,,,,,,,,1,1,1,1,7
200800074270,0008-12-08 16:35:00,8,12,8,16,35,130,5,A50-Sens Aubagne vers Ma,,,Plein jour,Hors agglomération,Hors intersection,Normale,Trois véhicules et plus - en chaîne,,,,,,,,,,,1,1,1,1,4
200800074271,0008-12-14 07:20:00,8,12,14,7,20,130,216,A55-Sens Marseille vers,,,Nuit avec éclairage non allumé,Hors agglomération,Hors intersection,Pluie forte,Autre collision,,,,,,,,,,,4,1,1,3,6
200800074272,0008-12-17 15:30:00,8,12,17,15,30,130,210,A50-Sens Marseille vers,,,Plein jour,Hors agglomération,Hors intersection,Normale,Autre collision,,,,,,,,,,,1,1,1,1,6
200800074273,0008-12-17 19:24:00,8,12,17,19,24,130,5,A52-Sens Pont de l'Etoil,,,Nuit sans éclairage public,Hors agglomération,Hors intersection,Normale,Autre collision,,,,,,,,,,,3,1,1,1,6
200800074274,0008-12-17 19:50:00,8,12,17,19,50,130,203,A7-Sens Lyon vers Marsei,,,Nuit avec éclairage allumé,Hors agglomération,Hors intersection,Normale,Trois véhicules et plus - collisions multiples,,,,,,,,,,,5,1,1,1,5
200800074275,0008-12-01 06:48:00,8,12,1,6,48,130,1,A51-Sens Aix en Provence,,,Nuit sans éclairage public,Hors agglomération,Hors intersection,Normale,Deux véhicules - côté,,,,,,,,,,,3,1,1,1,3
200800074276,0008-12-01 07:45:00,8,12,1,7,45,130,71,A51-Sens Marseille vers,,,Crépuscule ou aube,Hors agglomération,Hors intersection,Temps couvert,Sans collision,,,,,,,,,,,2,1,1,8,7
200800074277,0008-12-01 16:33:00,8,12,1,16,33,130,117,A7-Sens Marseille vers L,,,Plein jour,Hors agglomération,Hors intersection,Normale,Autre collision,,,,,,,,,,,1,1,1,1,6
200800074278,0008-12-06 15:40:00,8,12,6,15,40,130,211,A50-Sens Marseille vers,,,Plein jour,Hors agglomération,Hors intersection,Normale,Deux véhicules - arrière,,,,,,,,,,,1,1,1,1,2
200800074279,0008-12-08 18:00:00,8,12,8,18,0,130,15,A51-Sens Marseille vers,,,Nuit sans éclairage public,Hors agglomération,Hors intersection,Normale,Deux véhicules - arrière,,,,,,,,,,,3,1,1,1,2
200800074280,0008-12-08 17:50:00,8,12,8,17,50,130,5,A50 - Sens Aubagne vers,,,Nuit sans éclairage public,Hors agglomération,Hors intersection,Normale,Trois véhicules et plus - en chaîne,,,,,,,,,,,3,1,1,1,4
200800074281,0008-12-08 19:00:00,8,12,8,19,0,130,211,A50-Sens Aubagne vers Ma,,,Nuit sans éclairage public,Hors agglomération,Hors intersection,Normale,Deux véhicules - arrière,,,,,,,,,,,3,1,1,1,2
200800074282,0008-12-09 08:05:00,8,12,9,8,5,130,106,A51-Sens Aix en Provence,,,Plein jour,Hors agglomération,Hors intersection,Pluie légère,Sans collision,,,,,,,,,,,1,1,1,2,7
200800074283,0008-12-10 08:53:00,8,12,10,8,53,130,1,A51-Sens Aix en Provence,,,Plein jour,Hors agglomération,Hors intersection,Pluie légère,Trois véhicules et plus - en chaîne,,,,,,,,,,,1,1,1,2,4
200800074284,0008-12-14 06:05:00,8,12,14,6,5,130,22,A50-Sens Aubagne vers To,,,Nuit sans éclairage public,Hors agglomération,Hors intersection,Pluie forte,Autre collision,,,,,,,,,,,3,1,1,3,6
200800074285,0008-12-12 17:25:00,8,12,12,17,25,130,1,A51-Sens Marseille vers,,,Crépuscule ou aube,Hors agglomération,Hors intersection,Normale,Trois véhicules et plus - en chaîne,,,,,,,,,,,2,1,1,1,4
200800074286,0008-12-14 02:15:00,8,12,14,2,15,130,5,A50-Sens Marseille vers,,,Nuit sans éclairage public,Hors agglomération,Hors intersection,Pluie forte,Autre collision,,,,,,,,,,,3,1,1,3,6
200800074287,0008-12-16 20:35:00,8,12,16,20,35,130,71,A7-Sens Lyon vers Marsei,,,Nuit sans éclairage public,Hors agglomération,Hors intersection,Pluie légère,Deux véhicules - arrière,,,,,,,,,,,3,1,1,2,2
200800074288,0008-12-17 08:35:00,8,12,17,8,35,130,5,A501-Sens Pont de l' Eto,,,Plein jour,Hors agglomération,Hors intersection,Normale,Deux véhicules - côté,,,,,,,,,,,1,1,1,1,3
200800074289,0008-12-18 18:44:00,8,12,18,18,44,130,211,A50-Sens Aubagne vers Ma,,,Nuit avec éclairage allumé,Hors agglomération,Hors intersection,Normale,Deux véhicules - arrière,,,,,,,,,,,5,1,1,1,2
200800074290,0008-12-18 11:40:00,8,12,18,11,40,130,215,A7-Sens Marseille vers L,,,Plein jour,Hors agglomération,Hors intersection,Normale,Autre collision,,,,,,,,,,,1,1,1,1,6
200800074291,0008-12-21 09:55:00,8,12,21,9,55,130,71,A51-Sens Aix en Provence,,,Plein jour,Hors agglomération,Hors intersection,Normale,Trois véhicules et plus - collisions multiples,,,,,,,,,,,1,1,1,1,5
200800074292,0008-12-20 00:15:00,8,12,20,0,15,130,211,A50-Sens Marseille vers,,,Nuit sans éclairage public,Hors agglomération,Hors intersection,Normale,Trois véhicules et plus - collisions multiples,,,,,,,,,,,3,1,1,1,5
200800074293,0008-12-20 03:44:00,8,12,20,3,44,130,71,A55 - Sens Marseille ver,,,Nuit sans éclairage public,Hors agglomération,Hors intersection,Normale,Deux véhicules - arrière,,,,,,,,,,,3,1,1,1,2
200800074294,0008-12-20 15:25:00,8,12,20,15,25,130,71,A7-Sens Lyon vers Marsei,,,Plein jour,Hors agglomération,Hors intersection,Normale,Deux véhicules - côté,,,,,,,,,,,1,1,1,1,3
200800074295,0008-12-22 13:00:00,8,12,22,13,0,130,1,A51-Sens Marseille vers,,,Plein jour,Hors agglomération,Hors intersection,Normale,Sans collision,,,,,,,,,,,1,1,1,1,7
200800074296,0008-12-23 07:30:00,8,12,23,7,30,130,216,A55-Sens Marseille vers,,,Crépuscule ou aube,Hors agglomération,Hors intersection,Normale,Trois véhicules et plus - collisions multiples,,,,,,,,,,,2,1,1,1,5
200800074297,0008-12-29 20:30:00,8,12,29,20,30,130,1,A51-Sens Marseille vers,,,Nuit sans éclairage public,Hors agglomération,Hors intersection,Pluie légère,Autre collision,,,,,,,,,,,3,1,1,2,6
200800074298,0008-12-30 14:18:00,8,12,30,14,18,130,56,A55-Sens Martigues vers,,,Plein jour,Hors agglomération,Hors intersection,Normale,Sans collision,,,,,,,,,,,1,1,1,1,7
200800074299,0008-12-30 20:00:00,8,12,30,20,0,130,106,A51-Sens Aix en Provence,,,Nuit sans éclairage public,Hors agglomération,Hors intersection,Normale,Autre collision,,,,,,,,,,,3,1,1,1,6
200800074300,0008-12-31 08:05:00,8,12,31,8,5,130,215,A7-Sens Lyon vers Marsei,,,Plein jour,Hors agglomération,Hors intersection,Normale,Sans collision,,,,,,,,,,,1,1,1,1,7
200800074301,0008-12-31 00:01:00,8,12,31,0,1,130,211,A50-Sens Marseille vers,,,Nuit sans éclairage public,Hors agglomération,Hors intersection,Normale,Sans collision,,,,,,,,,,,3,1,1,1,7
200800074302,0008-12-01 09:00:00,8,12,1,9,0,910,136,AUTOROUTE A10,,,Plein jour,Hors agglomération,Hors intersection,Pluie légère,Sans collision,,,,,,,,,,,1,1,1,2,7
200800074303,0008-12-01 19:15:00,8,12,1,19,15,910,286,AUTOROUTE A6,,,Nuit avec éclairage allumé,Hors agglomération,Hors intersection,Normale,Trois véhicules et plus - collisions multiples,,,,,,,,,,,5,1,1,1,5
200800074304,0008-12-02 08:50:00,8,12,2,8,50,910,345,AUTOROUTE A6,,,Plein jour,Hors agglomération,Hors intersection,Normale,Trois véhicules et plus - en chaîne,,,,,,,,,,,1,1,1,1,4
200800074305,0008-12-02 17:35:00,8,12,2,17,35,910,228,RN 104,,,Nuit avec éclairage non allumé,Hors agglomération,Hors intersection,Normale,Trois véhicules et plus - en chaîne,,,,,,,,,,,4,1,1,1,4
200800074306,0008-12-02 19:35:00,8,12,2,19,35,910,161,AUTOROUTE A6,,,Nuit sans éclairage public,Hors agglomération,Hors intersection,Normale,Deux véhicules - côté,,,,,,,,,,,3,1,1,1,3
200800074307,0008-12-04 09:25:00,8,12,4,9,25,910,286,AUTOROUTE A6,,,Plein jour,Hors agglomération,Hors intersection,Pluie forte,Trois véhicules et plus - collisions multiples,,,,,,,,,,,1,1,1,3,5
200800074308,0008-12-04 14:50:00,8,12,4,14,50,940,38,AUTOROUTE A6A,,,Plein jour,Hors agglomération,Hors intersection,Temps couvert,Autre collision,,,,,,,,,,,1,1,1,8,6
200800074309,0008-12-04 17:30:00,8,12,4,17,30,910,174,RN 104,,,Nuit avec éclairage allumé,Hors agglomération,Hors intersection,Temps couvert,Deux véhicules - arrière,,,,,,,,,,,5,1,1,8,2
200800074310,0008-12-04 20:39:00,8,12,4,20,39,910,589,AUTOROUTE A6,,,Nuit avec éclairage allumé,Hors agglomération,Hors intersection,Pluie légère,Deux véhicules - côté,,,,,,,,,,,5,1,1,2,3
200800074311,0008-12-05 05:15:00,8,12,5,5,15,910,161,AUTOROUTE A6,,,Nuit sans éclairage public,Hors agglomération,Autre intersection,Temps couvert,Deux véhicules - arrière,,,,,,,,,,,3,1,9,8,2
200800074312,0008-12-05 09:00:00,8,12,5,9,0,910,521,AUTOROUTE A6,,,Plein jour,Hors agglomération,Hors intersection,Temps couvert,Deux véhicules - arrière,,,,,,,,,,,1,1,1,8,2
200800074313,0008-12-05 13:10:00,8,12,5,13,10,910,471,RN 118,,,Plein jour,Hors agglomération,Hors intersection,Pluie légère,Sans collision,,,,,,,,,,,1,1,1,2,7
200800074314,0008-12-22 19:00:00,8,12,22,19,0,910,689,AUTOROUTE A6,,,Nuit sans éclairage public,Hors agglomération,Hors intersection,Pluie légère,Trois véhicules et plus - en chaîne,,,,,,,,,,,3,1,1,2,4
200800074315,0008-12-06 07:20:00,8,12,6,7,20,910,589,AUTOROUTE A6,,,Crépuscule ou aube,Hors agglomération,Hors intersection,Pluie légère,Sans collision,,,,,,,,,,,2,1,1,2,7
200800074316,0008-12-06 09:50:00,8,12,6,9,50,910,64,RN 118,,,Plein jour,Hors agglomération,Hors intersection,Pluie légère,Sans collision,,,,,,,,,,,1,1,1,2,7
200800074317,0008-12-07 20:45:00,8,12,7,20,45,910,377,RN 188,,,Nuit sans éclairage public,Hors agglomération,Hors intersection,Normale,Autre collision,,,,,,,,,,,3,1,1,1,6
200800074318,0008-12-07 14:50:00,8,12,7,14,50,910,235,RN 445,,,Plein jour,Hors agglomération,Hors intersection,Temps couvert,Sans collision,,,,,,,,,,,1,1,1,8,7
200800074319,0008-12-07 18:39:00,8,12,7,18,39,940,38,AUTOROUTE A6A,,,Nuit avec éclairage allumé,Hors agglomération,Hors intersection,Normale,Deux véhicules - côté,,,,,,,,,,,5,1,1,1,3
200800074320,0008-12-09 08:00:00,8,12,9,8,0,910,687,AUTOROUTE A6,,,Crépuscule ou aube,Hors agglomération,Hors intersection,Normale,Sans collision,,,,,,,,,,,2,1,1,1,7
200800074321,0008-12-09 21:30:00,8,12,9,21,30,910,340,RN 104,,,Nuit sans éclairage public,Hors agglomération,Hors intersection,Pluie légère,Trois véhicules et plus - en chaîne,,,,,,,,,,,3,1,1,2,4
200800074322,0008-12-10 02:10:00,8,12,10,2,10,910,471,RN 188 CHEVREUSE,,,Nuit sans éclairage public,Hors agglomération,Hors intersection,Temps couvert,Deux véhicules - côté,,,,,,,,,,,3,1,1,8,3
200800074323,0008-12-10 05:35:00,8,12,10,5,35,910,174,RN 104,,,Nuit sans éclairage public,Hors agglomération,Hors intersection,Temps couvert,Deux véhicules - arrière,,,,,,,,,,,3,1,1,8,2
200800074324,0008-12-11 09:30:00,8,12,11,9,30,910,216,AUTOROUTE A6,,,Plein jour,Hors agglomération,Hors intersection,Normale,Deux véhicules - côté,,,,,,,,,,,1,1,1,1,3
200800074325,0008-12-11 10:20:00,8,12,11,10,20,910,377,AUTOROUTE A10,,,Plein jour,Hors agglomération,Hors intersection,Autre,Autre collision,,,,,,,,,,,1,1,1,9,6
200800074326,0008-12-11 20:20:00,8,12,11,20,20,910,136,AUTOROUTE A10,,,Crépuscule ou aube,Hors agglomération,Hors intersection,Normale,Deux véhicules - arrière,,,,,,,,,,,2,1,1,1,2
200800074327,0008-12-12 16:40:00,8,12,12,16,40,910,161,AUTOROUTE A6,,,Plein jour,Hors agglomération,Hors intersection,Normale,Trois véhicules et plus - collisions multiples,,,,,,,,,,,1,1,1,1,5
200800074328,0008-12-13 23:00:00,8,12,13,23,0,910,521,RN 441,,,Nuit sans éclairage public,Hors agglomération,Hors intersection,Pluie légère,Autre collision,,,,,,,,,,,3,1,1,2,6
200800074329,0008-12-14 13:52:00,8,12,14,13,52,940,34,AUTOROUTE A6B,,,Plein jour,Hors agglomération,Hors intersection,Pluie légère,Trois véhicules et plus - collisions multiples,,,,,,,,,,,1,1,1,2,5
200800074330,0008-12-17 18:10:00,8,12,17,18,10,910,312,RN 444,,,Nuit sans éclairage public,Hors agglomération,Hors intersection,Temps couvert,Deux véhicules - côté,,,,,,,,,,,3,1,1,8,3
200800074331,0008-12-14 15:10:00,8,12,14,15,10,910,64,RN 118,,,Plein jour,Hors agglomération,Hors intersection,Pluie légère,Sans collision,,,,,,,,,,,1,1,1,2,7
200800074332,0008-12-15 09:25:00,8,12,15,9,25,940,38,AUTOROUTE A6B,,,Plein jour,Hors agglomération,Hors intersection,Normale,Deux véhicules - côté,,,,,,,,,,,1,1,1,1,3
200800074333,0008-12-16 05:30:00,8,12,16,5,30,940,65,AUTOROUTE A86,,,Nuit avec éclairage allumé,Hors agglomération,Hors intersection,Normale,Deux véhicules - côté,,,,,,,,,,,5,1,1,1,3
200800074334,0008-12-16 18:00:00,8,12,16,18,0,910,312,RN 444,,,Nuit sans éclairage public,Hors agglomération,Hors intersection,Normale,Deux véhicules - arrière,,,,,,,,,,,3,1,1,1,2
200800074335,0008-12-17 08:00:00,8,12,17,8,0,910,521,AUTOROUTE A6,,,Plein jour,Hors agglomération,Hors intersection,Pluie légère,Trois véhicules et plus - collisions multiples,,,,,,,,,,,1,1,1,2,5
200800074336,0008-12-17 18:05:00,8,12,17,18,5,910,182,AUTOROUTE A6,,,Nuit sans éclairage public,Hors agglomération,Hors intersection,Normale,Autre collision,,,,,,,,,,,3,1,1,1,6
200800074337,0008-12-18 05:20:00,8,12,18,5,20,770,495,AUTOROUTE A5A,,,Nuit sans éclairage public,Hors agglomération,Hors intersection,Normale,Deux véhicules - côté,,,,,,,,,,,3,1,1,1,3
200800074338,0008-12-18 08:05:00,8,12,18,8,5,940,76,AUTOROUTE A6A,,,Plein jour,Hors agglomération,Hors intersection,Pluie légère,Deux véhicules - côté,,,,,,,,,,,1,1,1,2,3
200800074339,0008-12-18 15:08:00,8,12,18,15,8,910,553,RN 104,,,Plein jour,Hors agglomération,Hors intersection,Pluie légère,Trois véhicules et plus - en chaîne,,,,,,,,,,,1,1,1,2,4
200800074340,0008-12-18 17:01:00,8,12,18,17,1,910,86,RN 104,,,Nuit sans éclairage public,Hors agglomération,Hors intersection,Pluie légère,Trois véhicules et plus - en chaîne,,,,,,,,,,,3,1,1,2,4
200800074341,0008-12-18 19:19:00,8,12,18,19,19,910,689,AUTOROUTE A6,,,Nuit sans éclairage public,Hors agglomération,Hors intersection,Normale,Trois véhicules et plus - en chaîne,,,,,,,,,,,3,1,1,1,4
200800074342,0008-12-18 23:25:00,8,12,18,23,25,910,521,AUTOROUTE A6,,,Nuit sans éclairage public,Hors agglomération,Hors intersection,Pluie légère,Trois véhicules et plus - en chaîne,,,,,,,,,,,3,1,1,2,4
200800074343,0008-12-19 01:15:00,8,12,19,1,15,940,3,AUTOROUTE A6B,,,Nuit sans éclairage public,Hors agglomération,Hors intersection,Normale,Deux véhicules - arrière,,,,,,,,,,,3,1,1,1,2
200800074344,0008-12-19 08:40:00,8,12,19,8,40,940,3,AUTOROUTE A6A,,,Plein jour,Hors agglomération,Hors intersection,Normale,Deux véhicules - arrière,,,,,,,,,,,1,1,1,1,2
200800074345,0008-12-19 13:03:00,8,12,19,13,3,910,136,AUTOROUTE A126,,,Plein jour,Hors agglomération,Hors intersection,Normale,Autre collision,,,,,,,,,,,1,1,1,1,6
200800074346,0008-12-19 13:20:00,8,12,19,13,20,940,34,AUTOROUTE A6B,,,Plein jour,Hors agglomération,Hors intersection,Normale,Deux véhicules - arrière,,,,,,,,,,,1,1,1,1,2
200800074347,0008-12-19 17:50:00,8,12,19,17,50,910,174,RN 104,,,Nuit sans éclairage public,Hors agglomération,Hors intersection,Normale,Deux véhicules - côté,,,,,,,,,,,3,1,1,1,3