accident_id,datetime,annee,mois,jour,heure,minute,departement,commune_insee,adresse,latitude,longitude,luminosite,agglomeration,intersection,meteo,collision,nb_vehicules,nb_usagers,nb_indemnes,nb_tues,nb_blesses_hosp,nb_blesses_legers,age_cond_1,age_cond_2,veh_type_cond_1,veh_type_cond_2,lum_code,agg_code,int_code,atm_code,col_code
200800074348,0008-12-19 19:50:00,8,12,19,19,50,940,34,AUTOROUTE A86,,,Nuit sans éclairage public,Hors agglomération,Hors intersection,Normale,Deux véhicules - côté,,,,,,,,,,,3,1,1,1,3
200800074349,0008-12-20 01:30:00,8,12,20,1,30,910,534,RN 118,,,Nuit sans éclairage public,Hors agglomération,Hors intersection,Normale,Deux véhicules - arrière,,,,,,,,,,,3,1,1,1,2
200800074350,0008-12-20 06:56:00,8,12,20,6,56,940,21,AUTOROUTE A6B,,,Nuit avec éclairage allumé,Hors agglomération,Hors intersection,Normale,Autre collision,,,,,,,,,,,5,1,1,1,6
200800074351,0008-12-20 11:08:00,8,12,20,11,8,910,689,AUTOROUTE A6,,,Plein jour,Hors agglomération,Intersection en Y,Normale,Autre collision,,,,,,,,,,,1,1,4,1,6
200800074352,0008-12-20 14:55:00,8,12,20,14,55,910,64,RN 444,,,Plein jour,Hors agglomération,Hors intersection,Normale,Sans collision,,,,,,,,,,,1,1,1,1,7
200800074353,0008-12-20 20:40:00,8,12,20,20,40,770,251,AUTOROUTE A5A,,,Nuit sans éclairage public,Hors agglomération,Hors intersection,Normale,Trois véhicules et plus - en chaîne,,,,,,,,,,,3,1,1,1,4
200800074354,0008-12-21 12:07:00,8,12,21,12,7,910,103,RN 104,,,Plein jour,Hors agglomération,Hors intersection,Normale,Deux véhicules - côté,,,,,,,,,,,1,1,1,1,3
200800074355,0008-12-21 13:13:00,8,12,21,13,13,940,65,AUTOROUTE A86,,,Plein jour,Hors agglomération,Hors intersection,Normale,Deux véhicules - côté,,,,,,,,,,,1,1,1,1,3
200800074356,0008-12-22 20:05:00,8,12,22,20,5,910,553,RN 104,,,Nuit avec éclairage allumé,Hors agglomération,Hors intersection,Pluie légère,Autre collision,,,,,,,,,,,5,1,1,2,6
200800074357,0008-12-23 16:35:00,8,12,23,16,35,910,377,AUTOROUTE A10,,,Plein jour,Hors agglomération,Hors intersection,Normale,Autre collision,,,,,,,,,,,1,1,1,1,6
200800074358,0008-12-24 22:29:00,8,12,24,22,29,910,666,AUTOROUTE A10,,,Nuit sans éclairage public,Hors agglomération,Hors intersection,Normale,Autre collision,,,,,,,,,,,3,1,1,1,6
200800074359,0008-12-25 17:50:00,8,12,25,17,50,910,64,RD 533,,,Nuit avec éclairage non allumé,Hors agglomération,Hors intersection,Normale,Deux véhicules - arrière,,,,,,,,,,,4,1,1,1,2
200800074360,0008-12-26 12:13:00,8,12,26,12,13,940,38,AUTOROUTE A6B,,,Plein jour,Hors agglomération,Hors intersection,Normale,Deux véhicules - arrière,,,,,,,,,,,1,1,1,1,2
200800074361,0008-12-26 20:55:00,8,12,26,20,55,910,286,AUTOROUTE A6,,,Nuit sans éclairage public,Hors agglomération,Hors intersection,Normale,Deux véhicules - arrière,,,,,,,,,,,3,1,1,1,2
200800074362,0008-12-27 12:30:00,8,12,27,12,30,910,689,AUTOROUTE A6,,,Plein jour,Hors agglomération,Hors intersection,Normale,Deux véhicules - arrière,,,,,,,,,,,1,1,1,1,2
200800074363,0008-12-27 13:30:00,8,12,27,13,30,910,161,AUTOROUTE A6,,,Plein jour,Hors agglomération,Hors intersection,Normale,Autre collision,,,,,,,,,,,1,1,1,1,6
200800074364,0008-12-28 14:00:00,8,12,28,14,0,940,38,AUTOROUTE A6A,,,Plein jour,Hors agglomération,Hors intersection,Normale,Deux véhicules - arrière,,,,,,,,,,,1,1,1,1,2
200800074365,0008-12-30 04:05:00,8,12,30,4,5,910,103,RN 104,,,Nuit avec éclairage allumé,Hors agglomération,Hors intersection,Neige / grêle,Autre collision,,,,,,,,,,,5,1,1,4,6
200800074366,0008-12-30 09:30:00,8,12,30,9,30,910,689,AUTOROUTE A6A,,,Plein jour,Hors agglomération,Hors intersection,Pluie légère,Sans collision,,,,,,,,,,,1,1,1,2,7
200800074367,0008-12-30 10:00:00,8,12,30,10,0,910,363,AUTOROUTE A10,,,Plein jour,Hors agglomération,Hors intersection,Temps couvert,Autre collision,,,,,,,,,,,1,1,1,8,6
200800074368,0008-12-31 06:00:00,8,12,31,6,0,910,174,RN 337,,,Nuit sans éclairage public,Hors agglomération,Hors intersection,Normale,Sans collision,,,,,,,,,,,3,1,1,1,7
200800074369,0008-12-31 22:50:00,8,12,31,22,50,910,377,AUTOROUTE A10,,,Nuit sans éclairage public,Hors agglomération,Hors intersection,Temps couvert,Autre collision,,,,,,,,,,,3,1,1,8,6
200800074370,0008-12-26 08:00:00,8,12,26,8,0,780,490,RN12 INT,,,Plein jour,Hors agglomération,Hors intersection,Normale,Deux véhicules - arrière,,,,,,,,,,,1,1,1,1,2
200800074371,0008-12-01 07:50:00,8,12,1,7,50,780,217,A13,,,Crépuscule ou aube,Hors agglomération,Hors intersection,Normale,Trois véhicules et plus - collisions multiples,,,,,,,,,,,2,1,1,1,5
200800074372,0008-12-01 08:15:00,8,12,1,8,15,780,490,RN12 INT,,,Crépuscule ou aube,Hors agglomération,Hors intersection,Pluie légère,Deux véhicules - arrière,,,,,,,,,,,2,1,1,2,2
200800074373,0008-12-01 08:40:00,8,12,1,8,40,920,50,A86,,,Nuit avec éclairage allumé,Hors agglomération,Hors intersection,Normale,Sans collision,,,,,,,,,,,5,1,1,1,7
200800074374,0008-12-01 10:40:00,8,12,1,10,40,920,23,RN186,,,Plein jour,Hors agglomération,Hors intersection,Normale,Deux véhicules - arrière,,,,,,,,,,,1,1,1,1,2
200800074375,0008-12-01 12:45:00,8,12,1,12,45,920,64,A13,,,Plein jour,Hors agglomération,Hors intersection,Normale,Sans collision,,,,,,,,,,,1,1,1,1,7
200800074376,0008-12-03 08:50:00,8,12,3,8,50,780,490,"33.000, RN12 EXT",,,Plein jour,Hors agglomération,Hors intersection,Pluie légère,Deux véhicules - côté,,,,,,,,,,,1,1,1,2,3
200800074377,0008-12-04 07:15:00,8,12,4,7,15,780,545,A12 Y,,,Nuit avec éclairage allumé,Hors agglomération,Hors intersection,Pluie légère,Deux véhicules - côté,,,,,,,,,,,5,1,1,2,3
200800074378,0008-12-04 07:30:00,8,12,4,7,30,920,50,A86,,,Crépuscule ou aube,Hors agglomération,Hors intersection,Pluie légère,Deux véhicules - arrière,,,,,,,,,,,2,1,1,2,2
200800074379,0008-12-07 06:11:00,8,12,7,6,11,780,140,A13,,,Nuit avec éclairage allumé,Hors agglomération,Hors intersection,Brouillard / fumée,Sans collision,,,,,,,,,,,5,1,1,5,7
200800074380,0008-12-07 22:30:00,8,12,7,22,30,780,431,A13,,,Nuit avec éclairage allumé,Hors agglomération,Hors intersection,Normale,Trois véhicules et plus - collisions multiples,,,,,,,,,,,5,1,1,1,5
200800074381,0008-12-09 00:50:00,8,12,9,0,50,920,64,A13,,,Nuit avec éclairage allumé,Hors agglomération,Hors intersection,Normale,Trois véhicules et plus - en chaîne,,,,,,,,,,,5,1,1,1,4
200800074382,0008-12-10 08:15:00,8,12,10,8,15,780,402,A13,,,Nuit avec éclairage allumé,Hors agglomération,Hors intersection,Autre,Sans collision,,,,,,,,,,,5,1,1,9,7
200800074383,0008-12-10 15:00:00,8,12,10,15,0,780,402,A13,,,Plein jour,Hors agglomération,Hors intersection,Normale,Trois véhicules et plus - collisions multiples,,,,,,,,,,,1,1,1,1,5
200800074384,0008-12-10 19:50:00,8,12,10,19,50,920,63,A86,,,Nuit avec éclairage allumé,Hors agglomération,Hors intersection,Normale,Deux véhicules - arrière,,,,,,,,,,,5,1,1,1,2
200800074385,0008-12-10 22:20:00,8,12,10,22,20,780,29,A13Y,,,Nuit sans éclairage public,Hors agglomération,Hors intersection,Normale,Deux véhicules - arrière,,,,,,,,,,,3,1,1,1,2
200800074386,0008-12-11 20:30:00,8,12,11,20,30,780,640,A86 EXT,,,Nuit avec éclairage non allumé,Hors agglomération,Hors intersection,Normale,Deux véhicules - côté,,,,,,,,,,,4,1,1,1,3
200800074387,0008-12-11 23:45:00,8,12,11,23,45,920,64,A13,,,Nuit avec éclairage allumé,Hors agglomération,Hors intersection,Normale,Sans collision,,,,,,,,,,,5,1,1,1,7
200800074388,0008-12-12 19:45:00,8,12,12,19,45,780,297,RN12 Y,,,Nuit sans éclairage public,Hors agglomération,Hors intersection,Pluie légère,Deux véhicules - côté,,,,,,,,,,,3,1,1,2,3
200800074389,0008-12-13 05:20:00,8,12,13,5,20,780,524,A13,,,Nuit avec éclairage allumé,Hors agglomération,Hors intersection,Normale,Autre collision,,,,,,,,,,,5,1,1,1,6
200800074390,0008-12-14 11:15:00,8,12,14,11,15,920,72,N118,,,Plein jour,Hors agglomération,Hors intersection,Pluie légère,Autre collision,,,,,,,,,,,1,1,1,2,6
200800074391,0008-12-14 12:40:00,8,12,14,12,40,780,431,A13,,,Plein jour,Hors agglomération,Hors intersection,Pluie forte,Deux véhicules - arrière,,,,,,,,,,,1,1,1,3,2
200800074392,0008-12-14 17:55:00,8,12,14,17,55,780,297,RN12,,,Nuit avec éclairage allumé,Hors agglomération,Hors intersection,Temps couvert,Deux véhicules - frontale,,,,,,,,,,,5,1,1,8,1
200800074393,0008-12-15 07:02:00,8,12,15,7,2,920,60,RN385,,,Crépuscule ou aube,Hors agglomération,Hors intersection,Normale,Deux véhicules - côté,,,,,,,,,,,2,1,1,1,3
200800074394,0008-12-15 08:15:00,8,12,15,8,15,780,640,A86 EXT,,,Plein jour,Hors agglomération,Hors intersection,Normale,Deux véhicules - côté,,,,,,,,,,,1,1,1,1,3
200800074395,0008-12-15 18:55:00,8,12,15,18,55,920,72,N118,,,Nuit avec éclairage allumé,Hors agglomération,Hors intersection,Normale,Deux véhicules - côté,,,,,,,,,,,5,1,1,1,3
200800074396,0008-12-15 20:30:00,8,12,15,20,30,780,418,A14,,,Nuit avec éclairage allumé,Hors agglomération,Hors intersection,Pluie légère,Sans collision,,,,,,,,,,,5,1,1,2,7
200800074397,0008-12-16 18:40:00,8,12,16,18,40,780,297,RN12,,,Nuit avec éclairage allumé,Hors agglomération,Hors intersection,Normale,Deux véhicules - côté,,,,,,,,,,,5,1,1,1,3
200800074398,0008-12-17 02:00:00,8,12,17,2,0,920,72,N118,,,Nuit avec éclairage allumé,Hors agglomération,Hors intersection,Normale,Sans collision,,,,,,,,,,,5,1,1,1,7
200800074399,0008-12-17 14:55:00,8,12,17,14,55,780,640,N118,,,Plein jour,Hors agglomération,Hors intersection,Temps couvert,Trois véhicules et plus - collisions multiples,,,,,,,,,,,1,1,1,8,5
200800074400,0008-12-02 08:45:00,8,12,2,8,45,920,47,A13,,,Plein jour,Hors agglomération,Hors intersection,Autre,Deux véhicules - côté,,,,,,,,,,,1,1,1,9,3
200800074401,0008-12-18 10:45:00,8,12,18,10,45,920,12,A13,,,Plein jour,Hors agglomération,Hors intersection,Normale,Sans collision,,,,,,,,,,,1,1,1,1,7
200800074402,0008-12-18 20:42:00,8,12,18,20,42,780,242,A12Y,,,Nuit avec éclairage allumé,Hors agglomération,Hors intersection,Normale,Sans collision,,,,,,,,,,,5,1,1,1,7
200800074403,0008-12-19 07:54:00,8,12,19,7,54,780,43,A12 W,,,Plein jour,Hors agglomération,Hors intersection,Pluie légère,Deux véhicules - côté,,,,,,,,,,,1,1,1,2,3
200800074404,0008-12-19 09:40:00,8,12,19,9,40,920,64,A13,,,Plein jour,Hors agglomération,Hors intersection,Normale,Sans collision,,,,,,,,,,,1,1,1,1,7
200800074405,0008-12-20 01:10:00,8,12,20,1,10,920,50,A86,,,Nuit avec éclairage allumé,Hors agglomération,Hors intersection,Normale,Deux véhicules - arrière,,,,,,,,,,,5,1,1,1,2
200800074406,0008-12-20 06:00:00,8,12,20,6,0,780,90,A13,,,Nuit sans éclairage public,Hors agglomération,Hors intersection,Normale,Sans collision,,,,,,,,,,,3,1,1,1,7
200800074407,0008-12-20 07:00:00,8,12,20,7,0,780,322,RN12,,,Nuit avec éclairage allumé,Hors agglomération,Hors intersection,Normale,Sans collision,,,,,,,,,,,5,1,1,1,7
200800074408,0008-12-21 01:37:00,8,12,21,1,37,920,26,RN1014 Y,,,Nuit avec éclairage non allumé,Hors agglomération,Hors intersection,Normale,Deux véhicules - arrière,,,,,,,,,,,4,1,1,1,2
200800074409,0008-12-21 07:57:00,8,12,21,7,57,780,402,A13,,,Nuit sans éclairage public,Hors agglomération,Hors intersection,Normale,Autre collision,,,,,,,,,,,3,1,1,1,6
200800074410,0008-12-20 03:20:00,8,12,20,3,20,780,73,A12 Y,,,Nuit avec éclairage non allumé,Hors agglomération,Hors intersection,Normale,Autre collision,,,,,,,,,,,4,1,1,1,6
200800074411,0008-12-11 21:50:00,8,12,11,21,50,920,72,N118,,,Nuit avec éclairage allumé,Hors agglomération,Hors intersection,Normale,Deux véhicules - arrière,,,,,,,,,,,5,1,1,1,2
200800074412,0008-12-28 06:16:00,8,12,28,6,16,920,50,RN314 Y,,,Nuit sans éclairage public,Hors agglomération,Hors intersection,Normale,Deux véhicules - arrière,,,,,,,,,,,3,1,1,1,2
200800074413,0008-12-28 06:35:00,8,12,28,6,35,780,423,A12Y,,,Nuit sans éclairage public,Hors agglomération,Hors intersection,Temps couvert,Autre collision,,,,,,,,,,,3,1,1,8,6
200800074414,0008-12-28 21:15:00,8,12,28,21,15,780,73,RN12 INT,,,Nuit avec éclairage non allumé,Hors agglomération,Hors intersection,Normale,Autre collision,,,,,,,,,,,4,1,1,1,6
200800074415,0008-12-20 10:00:00,8,12,20,10,0,780,646,RN12,,,Plein jour,Hors agglomération,Hors intersection,Normale,Autre collision,,,,,,,,,,,1,1,1,1,6
200800074416,0008-12-20 11:00:00,8,12,20,11,0,780,73,A12W,,,Plein jour,Hors agglomération,Hors intersection,Normale,Autre collision,,,,,,,,,,,1,1,1,1,6
200800074417,0008-12-30 16:55:00,8,12,30,16,55,920,26,RN192,,,Plein jour,Hors agglomération,Hors intersection,Pluie légère,Deux véhicules - arrière,,,,,,,,,,,1,1,1,2,2
200800074418,0008-12-31 23:30:00,8,12,31,23,30,920,36,A86,,,Nuit avec éclairage non allumé,Hors agglomération,Hors intersection,Normale,Autre collision,,,,,,,,,,,4,1,1,1,6
200800074419,0008-12-23 00:01:00,8,12,23,0,1,690,290,A46S   40.883 A 43.680,,,Nuit avec éclairage allumé,Hors agglomération,Hors intersection,Normale,Sans collision,,,,,,,,,,,5,1,1,1,7
200800074420,0008-12-25 06:45:00,8,12,25,6,45,690,382,A7   0.000 A 2.278,,,Crépuscule ou aube,Hors agglomération,Autre intersection,Normale,Sans collision,,,,,,,,,,,2,1,9,1,7
200800074421,0008-12-26 15:40:00,8,12,26,15,40,690,193,A7   29.920 A 31.960,,,Plein jour,Hors agglomération,Hors intersection,Normale,Trois véhicules et plus - collisions multiples,,,,,,,,,,,1,1,1,1,5
200800074422,0008-12-27 12:20:00,8,12,27,12,20,380,544,N407   0.000 A 2.331,,,Plein jour,Hors agglomération,Autre intersection,Normale,Deux véhicules - arrière,,,,,,,,,,,1,1,9,1,2
200800074423,0008-12-01 18:35:00,8,12,1,18,35,930,51,A4,,,Nuit sans éclairage public,Hors agglomération,Hors intersection,Normale,Deux véhicules - côté,,,,,,,,,,,3,1,1,1,3
200800074424,0008-12-01 08:20:00,8,12,1,8,20,940,79,A4,,,Crépuscule ou aube,Hors agglomération,Hors intersection,Pluie forte,Deux véhicules - côté,,,,,,,,,,,2,1,1,3,3
200800074425,0008-12-01 19:20:00,8,12,1,19,20,930,51,A4,,,Nuit avec éclairage allumé,Hors agglomération,Hors intersection,Pluie légère,Deux véhicules - arrière,,,,,,,,,,,5,1,1,2,2
200800074426,0008-12-04 13:45:00,8,12,4,13,45,770,121,A104,,,Plein jour,Hors agglomération,Hors intersection,Pluie légère,Autre collision,,,,,,,,,,,1,1,1,2,6
200800074427,0008-12-04 18:00:00,8,12,4,18,0,940,17,A4,,,Nuit avec éclairage allumé,Hors agglomération,Hors intersection,Pluie légère,Deux véhicules - côté,,,,,,,,,,,5,1,1,2,3
200800074428,0008-12-04 19:30:00,8,12,4,19,30,940,17,A4,,,Nuit sans éclairage public,Hors agglomération,Hors intersection,Pluie légère,Trois véhicules et plus - collisions multiples,,,,,,,,,,,3,1,1,2,5
200800074429,0008-12-04 19:50:00,8,12,4,19,50,940,33,A86.INT,,,Nuit avec éclairage allumé,Hors agglomération,Hors intersection,Normale,Deux véhicules - côté,,,,,,,,,,,5,1,1,1,3
200800074430,0008-12-05 20:50:00,8,12,5,20,50,940,28,A86,,,Nuit avec éclairage allumé,Hors agglomération,Hors intersection,Pluie légère,Deux véhicules - côté,,,,,,,,,,,5,1,1,2,3
200800074431,0008-12-05 22:00:00,8,12,5,22,0,940,79,A4,,,Nuit sans éclairage public,Hors agglomération,Hors intersection,Normale,Deux véhicules - arrière,,,,,,,,,,,3,1,1,1,2
200800074432,0008-12-06 13:10:00,8,12,6,13,10,940,22,A86,,,Plein jour,Hors agglomération,Hors intersection,Normale,Autre collision,,,,,,,,,,,1,1,1,1,6
200800074433,0008-12-06 16:00:00,8,12,6,16,0,940,17,A4,,,Plein jour,Hors agglomération,Hors intersection,Normale,Deux véhicules - arrière,,,,,,,,,,,1,1,1,1,2
200800074434,0008-12-06 19:40:00,8,12,6,19,40,770,258,A4.W,,,Nuit avec éclairage allumé,Hors agglomération,Hors intersection,Normale,Deux véhicules - arrière,,,,,,,,,,,5,1,1,1,2
200800074435,0008-12-07 09:20:00,8,12,7,9,20,770,237,A4,,,Plein jour,Hors agglomération,Hors intersection,Brouillard / fumée,Deux véhicules - arrière,,,,,,,,,,,1,1,1,5,2
200800074436,0008-12-08 18:35:00,8,12,8,18,35,930,51,A4,,,Nuit avec éclairage non allumé,Hors agglomération,Hors intersection,Normale,Deux véhicules - arrière,,,,,,,,,,,4,1,1,1,2
200800074437,0008-12-08 21:15:00,8,12,8,21,15,940,69,A4,,,Nuit avec éclairage allumé,Hors agglomération,Hors intersection,Normale,Autre collision,,,,,,,,,,,5,1,1,1,6
200800074438,0008-12-10 14:00:00,8,12,10,14,0,940,69,A4,,,Plein jour,Hors agglomération,Hors intersection,Normale,Autre collision,,,,,,,,,,,1,1,1,1,6
200800074439,0008-12-11 07:10:00,8,12,11,7,10,940,33,A86.EXT,,,Plein jour,Hors agglomération,Hors intersection,Normale,Trois véhicules et plus - collisions multiples,,,,,,,,,,,1,1,1,1,5
200800074440,0008-12-11 23:30:00,8,12,11,23,30,940,69,A4,,,Nuit avec éclairage allumé,Hors agglomération,Autre intersection,Normale,Deux véhicules - côté,,,,,,,,,,,5,1,9,1,3
200800074441,0008-12-13 18:45:00,8,12,13,18,45,940,28,A86,,,Nuit avec éclairage non allumé,Hors agglomération,Hors intersection,Pluie légère,Deux véhicules - arrière,,,,,,,,,,,4,1,1,2,2
200800074442,0008-12-13 23:30:00,8,12,13,23,30,940,73,A86,,,Nuit sans éclairage public,Hors agglomération,Hors intersection,Pluie légère,Autre collision,,,,,,,,,,,3,1,1,2,6
200800074443,0008-12-22 22:08:00,8,12,22,22,8,770,258,A4.W,,,Nuit sans éclairage public,Hors agglomération,Hors intersection,Normale,Deux véhicules - arrière,,,,,,,,,,,3,1,1,1,2
200800074444,0008-12-15 21:00:00,8,12,15,21,0,940,28,A86,,,Nuit avec éclairage allumé,Hors agglomération,Hors intersection,Normale,Autre collision,,,,,,,,,,,5,1,1,1,6
200800074445,0008-12-16 08:15:00,8,12,16,8,15,940,46,A86,,,Crépuscule ou aube,Hors agglomération,Hors intersection,Normale,Trois véhicules et plus - en chaîne,,,,,,,,,,,2,1,1,1,4
200800074446,0008-12-17 08:30:00,8,12,17,8,30,770,373,RN104,,,Plein jour,Hors agglomération,Hors intersection,Pluie légère,Sans collision,,,,,,,,,,,1,1,1,2,7
200800074447,0008-12-17 09:05:00,8,12,17,9,5,940,42,A4,,,Plein jour,Hors agglomération,Hors intersection,Pluie légère,Deux véhicules - côté,,,,,,,,,,,1,1,1,2,3
200800074448,0008-12-17 11:50:00,8,12,17,11,50,940,81,A86,,,Plein jour,Hors agglomération,Hors intersection,Pluie légère,Deux véhicules - côté,,,,,,,,,,,1,1,1,2,3
200800074449,0008-12-17 15:05:00,8,12,17,15,5,770,294,A104,,,Plein jour,Hors agglomération,Hors intersection,Pluie légère,Trois véhicules et plus - en chaîne,,,,,,,,,,,1,1,1,2,4
200800074450,0008-12-17 19:20:00,8,12,17,19,20,940,69,A4,,,Nuit avec éclairage allumé,Hors agglomération,Hors intersection,Pluie légère,Deux véhicules - arrière,,,,,,,,,,,5,1,1,2,2
200800074451,0008-12-19 15:30:00,8,12,19,15,30,940,69,A104,,,Plein jour,Hors agglomération,Hors intersection,Normale,Sans collision,,,,,,,,,,,1,1,1,1,7
200800074452,0008-12-19 16:45:00,8,12,19,16,45,940,17,A4,,,Plein jour,Hors agglomération,Hors intersection,Normale,Deux véhicules - côté,,,,,,,,,,,1,1,1,1,3
200800074453,0008-12-20 09:00:00,8,12,20,9,0,940,28,A86,,,Plein jour,Hors agglomération,Hors intersection,Normale,Trois véhicules et plus - collisions multiples,,,,,,,,,,,1,1,1,1,5
200800074454,0008-12-20 09:30:00,8,12,20,9,30,770,121,A104,,,Plein jour,Hors agglomération,Hors intersection,Pluie légère,Sans collision,,,,,,,,,,,1,1,1,2,7
200800074455,0008-12-20 17:40:00,8,12,20,17,40,940,44,RN406.W,,,Nuit avec éclairage allumé,Hors agglomération,Hors intersection,Autre,Autre collision,,,,,,,,,,,5,1,1,9,6
200800074456,0008-12-22 19:00:00,8,12,22,19,0,940,69,A4,,,Nuit avec éclairage allumé,Hors agglomération,Hors intersection,Pluie légère,Sans collision,,,,,,,,,,,5,1,1,2,7
200800074457,0008-12-26 20:40:00,8,12,26,20,40,930,51,A4,,,Nuit avec éclairage allumé,Hors agglomération,Hors intersection,Normale,Deux véhicules - arrière,,,,,,,,,,,5,1,1,1,2
200800074458,0008-12-28 08:45:00,8,12,28,8,45,930,51,A4,,,Plein jour,Hors agglomération,Hors intersection,Normale,Deux véhicules - arrière,,,,,,,,,,,1,1,1,1,2
200800074459,0008-12-28 15:00:00,8,12,28,15,0,770,83,A4.W,,,Plein jour,Hors agglomération,Hors intersection,Normale,Sans collision,,,,,,,,,,,1,1,1,1,7
200800074460,0008-12-29 11:15:00,8,12,29,11,15,940,28,A86,,,Plein jour,Hors agglomération,Hors intersection,Normale,Autre collision,,,,,,,,,,,1,1,1,1,6
200800074461,0008-12-30 05:10:00,8,12,30,5,10,940,74,RN406.W,,,Nuit avec éclairage allumé,Hors agglomération,Hors intersection,Autre,Autre collision,,,,,,,,,,,5,1,1,9,6
200800074462,0008-12-31 13:35:00,8,12,31,13,35,770,294,A104,,,Plein jour,Hors agglomération,Hors intersection,Normale,Deux véhicules - côté,,,,,,,,,,,1,1,1,1,3
200800074463,0008-12-02 17:35:00,8,12,2,17,35,830,126,A50,,,Nuit sans éclairage public,Hors agglomération,Hors intersection,Normale,Deux véhicules - côté,,,,,,,,,,,3,1,1,1,3
200800074464,0008-12-07 01:50:00,8,12,7,1,50,830,90,A50,,,Nuit sans éclairage public,Hors agglomération,Hors intersection,Normale,Deux véhicules - frontale,,,,,,,,,,,3,1,1,1,1
200800074465,0008-12-09 07:16:00,8,12,9,7,16,830,90,A50,,,Nuit sans éclairage public,Hors agglomération,Hors intersection,Temps couvert,Deux véhicules - arrière,,,,,,,,,,,3,1,1,8,2
200800074466,0008-12-12 17:45:00,8,12,12,17,45,830,90,A50,,,Crépuscule ou aube,Hors agglomération,Hors intersection,Normale,Deux véhicules - arrière,,,,,,,,,,,2,1,1,1,2
200800074467,0008-12-17 17:55:00,8,12,17,17,55,830,90,A50,,,Nuit sans éclairage public,Hors agglomération,Hors intersection,Normale,Deux véhicules - arrière,,,,,,,,,,,3,1,1,1,2
200800074468,0008-12-27 10:50:00,8,12,27,10,50,830,112,A50,,,Plein jour,Hors agglomération,Hors intersection,Normale,Autre collision,,,,,,,,,,,1,1,1,1,6
200800074469,0008-12-06 15:07:00,8,12,6,15,7,830,137,A57,,,Plein jour,Hors agglomération,Hors intersection,Normale,Trois véhicules et plus - collisions multiples,,,,,,,,,,,1,1,1,1,5
200800074470,0008-12-06 15:45:00,8,12,6,15,45,830,137,A57,,,Plein jour,Hors agglomération,Hors intersection,Normale,Autre collision,,,,,,,,,,,1,1,1,1,6
200800074471,0008-12-08 08:15:00,8,12,8,8,15,830,144,A57,,,Plein jour,Hors agglomération,Hors intersection,Normale,Deux véhicules - côté,,,,,,,,,,,1,1,1,1,3
200800074472,0008-12-09 19:00:00,8,12,9,19,0,830,137,RN1050,,,Nuit avec éclairage allumé,Hors agglomération,Hors intersection,Pluie légère,Deux véhicules - arrière,,,,,,,,,,,5,1,1,2,2
200800074473,0008-12-12 17:09:00,8,12,12,17,9,830,137,A50,,,Nuit avec éclairage allumé,Hors agglomération,Hors intersection,Normale,Deux véhicules - côté,,,,,,,,,,,5,1,1,1,3
200800074474,0008-12-13 12:05:00,8,12,13,12,5,830,137,RN1050,,,Plein jour,Hors agglomération,Hors intersection,Normale,Sans collision,,,,,,,,,,,1,1,1,1,7
200800074475,0008-12-17 08:18:00,8,12,17,8,18,830,137,A57,,,Plein jour,Hors agglomération,Hors intersection,Normale,Trois véhicules et plus - collisions multiples,,,,,,,,,,,1,1,1,1,5
200800074476,0008-12-19 14:15:00,8,12,19,14,15,830,137,A57,,,Plein jour,Hors agglomération,Hors intersection,Normale,Trois véhicules et plus - en chaîne,,,,,,,,,,,1,1,1,1,4
200800074477,0008-12-22 19:55:00,8,12,22,19,55,830,144,A57,,,Nuit avec éclairage allumé,Hors agglomération,Hors intersection,Normale,Sans collision,,,,,,,,,,,5,1,1,1,7
200800074478,0008-12-28 04:45:00,8,12,28,4,45,830,144,A57,,,Nuit avec éclairage non allumé,Hors agglomération,Hors intersection,Temps couvert,Trois véhicules et plus - collisions multiples,,,,,,,,,,,4,1,1,8,5
200800074479,0008-12-01 08:00:00,8,12,1,8,0,420,110,A47,,,Crépuscule ou aube,Hors agglomération,Hors intersection,Normale,Trois véhicules et plus - en chaîne,,,,,,,,,,,2,1,1,1,4
200800074480,0008-12-08 05:50:00,8,12,8,5,50,420,218,RN88,,,Nuit avec éclairage allumé,Hors agglomération,Intersection en Y,Brouillard / fumée,Deux véhicules - arrière,,,,,,,,,,,5,1,4,5,2
200800074481,0008-12-19 17:35:00,8,12,19,17,35,420,218,A72,,,Crépuscule ou aube,Hors agglomération,Hors intersection,Normale,Deux véhicules - arrière,,,,,,,,,,,2,1,1,1,2
200800074482,0008-12-12 11:15:00,8,12,12,11,15,690,290,A43   3.865 A 9.894,,,Plein jour,Hors agglomération,Hors intersection,Normale,Deux véhicules - arrière,,,,,,,,,,,1,1,1,1,2
200800074483,0008-12-18 06:10:00,8,12,18,6,10,690,283,A46S   43.680 A 47.880,,,Nuit sans éclairage public,Hors agglomération,Hors intersection,Pluie légère,Deux véhicules - côté,,,,,,,,,,,3,1,1,2,3