accident_id,datetime,annee,mois,jour,heure,minute,departement,commune_insee,adresse,latitude,longitude,luminosite,agglomeration,intersection,meteo,collision,nb_vehicules,nb_usagers,nb_indemnes,nb_tues,nb_blesses_hosp,nb_blesses_legers,age_cond_1,age_cond_2,veh_type_cond_1,veh_type_cond_2,lum_code,agg_code,int_code,atm_code,col_code
200800074838,0008-02-05 15:15:00,8,2,5,15,15,971,101,DOUBS,,,Plein jour,Hors agglomération,Hors intersection,Normale,Deux véhicules - frontale,,,,,,,,,,,1,1,1,1,1
200800074839,0008-02-09 18:35:00,8,2,9,18,35,971,101,"00, CARAQUE",,,Crépuscule ou aube,En agglomération,Hors intersection,Normale,Sans collision,,,,,,,,,,,2,2,1,1,7
200800074840,0008-02-10 10:42:00,8,2,10,10,42,971,113,"RN4, RN4 - SECTION RIVIE",,,Plein jour,Hors agglomération,Intersection en T,Normale,Deux véhicules - arrière,,,,,,,,,,,1,1,3,1,2
200800074841,0008-02-09 07:15:00,8,2,9,7,15,971,120,"RD, HANNE (BOULEVARD)",,,Plein jour,En agglomération,Intersection en T,Normale,Sans collision,,,,,,,,,,,1,2,3,1,7
200800074842,0008-02-02 07:30:00,8,2,2,7,30,971,101,"00, ROUTE DE BOISVINS",,,Plein jour,Hors agglomération,Hors intersection,Normale,Trois véhicules et plus - collisions multiples,,,,,,,,,,,1,1,1,1,5
200800074843,0008-02-05 23:50:00,8,2,5,23,50,971,101,"RD, LACROIX",,,Nuit avec éclairage allumé,En agglomération,Hors intersection,Normale,Deux véhicules - frontale,,,,,,,,,,,5,2,1,1,1
200800074844,0008-02-06 22:05:00,8,2,6,22,5,971,120,"00, RUE EUVREMONT GENE",,,Nuit sans éclairage public,En agglomération,Hors intersection,Normale,Deux véhicules - frontale,,,,,,,,,,,3,2,1,1,1
200800074845,0008-02-08 14:50:00,8,2,8,14,50,971,113,"RN4, RN4 - SECTION RIVIE",,,Plein jour,Hors agglomération,Hors intersection,Normale,Deux véhicules - côté,,,,,,,,,,,1,1,1,1,3
200800074846,0008-02-19 16:05:00,8,2,19,16,5,971,101,"00, CARAQUE",,,Plein jour,En agglomération,Hors intersection,Pluie légère,Deux véhicules - frontale,,,,,,,,,,,1,2,1,2,1
200800074847,0008-02-26 18:45:00,8,2,26,18,45,971,101,"00, DUGAZON DE BOURGOGNE",,,Nuit avec éclairage allumé,En agglomération,Hors intersection,Normale,Deux véhicules - côté,,,,,,,,,,,5,2,1,1,3
200800074848,0008-02-19 19:01:00,8,2,19,19,1,971,120,"RD, HOPITAL (BOULEVARD D",,,Nuit avec éclairage non allumé,En agglomération,Hors intersection,Normale,Sans collision,,,,,,,,,,,4,2,1,1,7
200800074849,0008-02-18 13:50:00,8,2,18,13,50,971,120,"RD, HANNE (BOULEVARD)",,,Plein jour,En agglomération,Hors intersection,Normale,Sans collision,,,,,,,,,,,1,2,1,1,7
200800074850,0008-02-08 18:20:00,8,2,8,18,20,971,101,"00, PETIT PEROU",,,Nuit avec éclairage non allumé,En agglomération,Hors intersection,Normale,Deux véhicules - côté,,,,,,,,,,,4,2,1,1,3
200800074851,0008-02-01 14:10:00,8,2,1,14,10,972,209,"0, SOLEIL LEVANT (BOULEV",,,Plein jour,En agglomération,Hors intersection,Normale,Deux véhicules - côté,,,,,,,,,,,1,2,1,1,3
200800074852,0008-02-02 13:50:00,8,2,2,13,50,972,209,"0, SALVATOR ALLENDE (AVE",,,Plein jour,En agglomération,Hors intersection,Normale,Deux véhicules - arrière,,,,,,,,,,,1,2,1,1,2
200800074853,0008-02-06 15:15:00,8,2,6,15,15,972,209,"26, TIVOLI (ROUTE DE )",,,Plein jour,En agglomération,Hors intersection,Normale,Autre collision,,,,,,,,,,,1,2,1,1,6
200800074854,0008-02-06 23:00:00,8,2,6,23,0,972,209,"000, AUTOROUTE (A1)",,,Nuit avec éclairage non allumé,Hors agglomération,Hors intersection,Normale,Sans collision,,,,,,,,,,,4,1,1,1,7
200800074855,0008-02-07 12:41:00,8,2,7,12,41,972,209,"00, RD 41",,,Plein jour,Hors agglomération,Hors intersection,Normale,Deux véhicules - arrière,,,,,,,,,,,1,1,1,1,2
200800074856,0008-02-08 10:15:00,8,2,8,10,15,972,209,"0, FRANCOIS MITTERAND (P",,,Plein jour,En agglomération,Hors intersection,Normale,Autre collision,,,,,,,,,,,1,2,1,1,6
200800074857,0008-02-08 17:30:00,8,2,8,17,30,972,209,"0, BALATA (ROUTE DE)",,,Nuit avec éclairage non allumé,Hors agglomération,Hors intersection,Normale,Autre collision,,,,,,,,,,,4,1,1,1,6
200800074858,0008-02-08 21:15:00,8,2,8,21,15,972,209,"0, RELIGIEUSES (ROUTE DE",,,Nuit avec éclairage allumé,En agglomération,Hors intersection,Normale,Autre collision,,,,,,,,,,,5,2,1,1,6
200800074859,0008-02-11 05:20:00,8,2,11,5,20,972,209,"0, GENERAL DE GAULLE (BL",,,Crépuscule ou aube,En agglomération,Intersection en X,Normale,Deux véhicules - côté,,,,,,,,,,,2,2,2,1,3
200800074860,0008-02-13 16:15:00,8,2,13,16,15,972,209,"0, CHATEAUBOEUF (ROUTE D",,,Plein jour,Hors agglomération,Hors intersection,Normale,Deux véhicules - arrière,,,,,,,,,,,1,1,1,1,2
200800074861,0008-02-13 22:43:00,8,2,13,22,43,972,209,"31, GENERAL DE GAULLE (B",,,Nuit avec éclairage allumé,En agglomération,Hors intersection,Normale,Deux véhicules - arrière,,,,,,,,,,,5,2,1,1,2
200800074862,0008-02-15 09:25:00,8,2,15,9,25,972,209,"0, YVES GOUSSARD (RUE)",,,Plein jour,En agglomération,Hors intersection,Normale,Autre collision,,,,,,,,,,,1,2,1,1,6
200800074863,0008-02-17 09:45:00,8,2,17,9,45,972,209,"0, MARNE (BOULEVARD DE L",,,Plein jour,En agglomération,Hors intersection,Normale,Deux véhicules - côté,,,,,,,,,,,1,2,1,1,3
200800074864,0008-02-20 06:29:00,8,2,20,6,29,972,209,"0, JAMBETTE (ROUTE DE)",,,Crépuscule ou aube,En agglomération,Hors intersection,Normale,Autre collision,,,,,,,,,,,2,2,1,1,6
200800074865,0008-02-21 09:25:00,8,2,21,9,25,972,209,"0, CHATEAUBOEUF (ROUTE D",,,Plein jour,Hors agglomération,Hors intersection,Normale,Autre collision,,,,,,,,,,,1,1,1,1,6
200800074866,0008-02-23 13:22:00,8,2,23,13,22,972,209,"00, BOUILLE (RUE)",,,Plein jour,Hors agglomération,Hors intersection,Normale,Autre collision,,,,,,,,,,,1,1,1,1,6
200800074867,0008-02-25 16:06:00,8,2,25,16,6,972,209,"00, RD 41",,,Plein jour,Hors agglomération,Hors intersection,Normale,Trois véhicules et plus - en chaîne,,,,,,,,,,,1,1,1,1,4
200800074868,0008-02-28 19:35:00,8,2,28,19,35,972,209,"0, MARNE (BOULEVARD DE L",,,Nuit avec éclairage allumé,En agglomération,Hors intersection,Normale,Autre collision,,,,,,,,,,,5,2,1,1,6
200800074869,0008-02-29 17:15:00,8,2,29,17,15,972,209,"0, MAURICE BISHOP (RUE)",,,Plein jour,En agglomération,Hors intersection,Normale,Autre collision,,,,,,,,,,,1,2,1,1,6
200800074870,0008-02-29 20:50:00,8,2,29,20,50,972,209,"17, REVEREND PERE PINCHO",,,Nuit avec éclairage allumé,En agglomération,Hors intersection,Normale,Autre collision,,,,,,,,,,,5,2,1,1,6
200800074871,0008-02-01 11:30:00,8,2,1,11,30,972,213,BASSE GONDEAU (CHEMIN RU,,,Plein jour,En agglomération,Hors intersection,Normale,Sans collision,,,,,,,,,,,1,2,1,1,7
200800074872,0008-02-01 15:00:00,8,2,1,15,0,972,213,ROUTE DEPARTEMENTALE 3,,,Plein jour,Hors agglomération,Giratoire,Normale,Deux véhicules - côté,,,,,,,,,,,1,1,6,1,3
200800074873,0008-02-02 05:00:00,8,2,2,5,0,972,213,ROUTE NATIONALE 1,,,Crépuscule ou aube,Hors agglomération,Hors intersection,Normale,Autre collision,,,,,,,,,,,2,1,1,1,6
200800074874,0008-02-02 12:30:00,8,2,2,12,30,972,213,ROUTE NATIONALE 1,,,Plein jour,Hors agglomération,Hors intersection,Normale,Autre collision,,,,,,,,,,,1,1,1,1,6
200800074875,0008-02-05 20:20:00,8,2,5,20,20,972,213,"12, FERNAND GUILLON (BOU",,,Nuit sans éclairage public,En agglomération,Hors intersection,Normale,Deux véhicules - côté,,,,,,,,,,,3,2,1,1,3
200800074876,0008-02-05 17:20:00,8,2,5,17,20,972,213,AUTOROUTE A1,,,Plein jour,Hors agglomération,Hors intersection,Normale,Deux véhicules - côté,,,,,,,,,,,1,1,1,1,3
200800074877,0008-02-11 09:33:00,8,2,11,9,33,972,213,ROUTE DEPARTEMENTALE 3,,,Plein jour,Hors agglomération,Hors intersection,Normale,Deux véhicules - côté,,,,,,,,,,,1,1,1,1,3
200800074878,0008-02-11 10:40:00,8,2,11,10,40,972,213,NELSON MANDELA,,,Plein jour,Hors agglomération,Hors intersection,Normale,Deux véhicules - côté,,,,,,,,,,,1,1,1,1,3
200800074879,0008-02-16 10:45:00,8,2,16,10,45,972,213,ROUTE NATIONALE 1,,,Plein jour,Hors agglomération,Hors intersection,Normale,Trois véhicules et plus - en chaîne,,,,,,,,,,,1,1,1,1,4
200800074880,0008-02-19 09:00:00,8,2,19,9,0,972,213,ROUTE DEPARTEMENTALE 3,,,Plein jour,Hors agglomération,Hors intersection,Normale,Deux véhicules - côté,,,,,,,,,,,1,1,1,1,3
200800074881,0008-02-20 14:20:00,8,2,20,14,20,972,213,ROUTE NATIONALE 5,,,Plein jour,Hors agglomération,Hors intersection,Normale,Deux véhicules - arrière,,,,,,,,,,,1,1,1,1,2
200800074882,0008-02-22 00:10:00,8,2,22,0,10,972,213,AUTOROUTE A1,,,Nuit sans éclairage public,Hors agglomération,Hors intersection,Normale,Autre collision,,,,,,,,,,,3,1,1,1,6
200800074883,0008-02-22 11:30:00,8,2,22,11,30,972,213,ROUTE DEPARTEMENTALE 3,,,Plein jour,Hors agglomération,Autre intersection,Normale,Autre collision,,,,,,,,,,,1,1,9,1,6
200800074884,0008-02-23 19:40:00,8,2,23,19,40,972,213,ROUTE DEPARTEMENTALE 15,,,Nuit sans éclairage public,Hors agglomération,Hors intersection,Normale,Deux véhicules - frontale,,,,,,,,,,,3,1,1,1,1
200800074885,0008-02-25 06:50:00,8,2,25,6,50,972,213,ROUTE DEPARTEMENTALE 3,,,Plein jour,Hors agglomération,Hors intersection,Normale,Deux véhicules - côté,,,,,,,,,,,1,1,1,1,3
200800074886,0008-02-29 14:50:00,8,2,29,14,50,972,213,"10, VIEUX CHEMIN CALIFOR",,,Plein jour,Hors agglomération,Hors intersection,Normale,Deux véhicules - frontale,,,,,,,,,,,1,1,1,1,1
200800074887,0008-02-08 07:48:00,8,2,8,7,48,973,302,"07, PREVOT (ERNEST)",,,Plein jour,En agglomération,Intersection en X,Normale,Deux véhicules - côté,,,,,,,,,,,1,2,2,1,3
200800074888,0008-02-10 11:05:00,8,2,10,11,5,973,302,VOLTAIRE(AVENUE),,,Plein jour,En agglomération,Intersection en X,Normale,Deux véhicules - côté,,,,,,,,,,,1,2,2,1,3
200800074889,0008-02-01 21:56:00,8,2,1,21,56,973,302,"2496, MONTABO (ROUTE DE)",,,Nuit avec éclairage allumé,En agglomération,Hors intersection,Normale,Deux véhicules - côté,,,,,,,,,,,5,2,1,1,3
200800074890,0008-02-01 16:15:00,8,2,1,16,15,973,302,"700, BADUEL (ROUTE DE)",,,Plein jour,En agglomération,Hors intersection,Normale,Autre collision,,,,,,,,,,,1,2,1,1,6
200800074891,0008-02-04 05:00:00,8,2,4,5,0,973,302,"1711, MADELEINE (ROUTE D",,,Nuit avec éclairage allumé,En agglomération,Hors intersection,Pluie légère,Deux véhicules - frontale,,,,,,,,,,,5,2,1,2,1
200800074892,0008-02-05 10:00:00,8,2,5,10,0,973,302,"873, BADUEL (ROUTE DE)",,,Plein jour,En agglomération,Hors intersection,Normale,Autre collision,,,,,,,,,,,1,2,1,1,6
200800074893,0008-02-06 06:51:00,8,2,6,6,51,973,302,"1667, MADELEINE (ROUTE D",,,Plein jour,En agglomération,Hors intersection,Pluie légère,Deux véhicules - arrière,,,,,,,,,,,1,2,1,2,2
200800074894,0008-02-09 14:20:00,8,2,9,14,20,973,302,"1240, MONTABO (ROUTE DE)",,,Plein jour,En agglomération,Hors intersection,Normale,Deux véhicules - arrière,,,,,,,,,,,1,2,1,1,2
200800074895,0008-02-15 08:55:00,8,2,15,8,55,973,302,"641, FELIX EBOUE(ROCADE)",,,Plein jour,En agglomération,Intersection en X,Normale,Deux véhicules - arrière,,,,,,,,,,,1,2,2,1,2
200800074896,0008-02-16 20:54:00,8,2,16,20,54,973,302,"9716, MADELEINE (ROUTE D",,,Nuit avec éclairage allumé,Hors agglomération,Hors intersection,Normale,Deux véhicules - côté,,,,,,,,,,,5,1,1,1,3
200800074897,0008-02-17 20:49:00,8,2,17,20,49,973,302,"04, BOUDINOT (AUGUSTE) C",,,Nuit avec éclairage allumé,En agglomération,Hors intersection,Pluie légère,Deux véhicules - arrière,,,,,,,,,,,5,2,1,2,2
200800074898,0008-02-18 19:45:00,8,2,18,19,45,973,302,"21, DIGUE LEBLOND",,,Nuit avec éclairage allumé,En agglomération,Hors intersection,Pluie légère,Autre collision,,,,,,,,,,,5,2,1,2,6
200800074899,0008-02-23 14:40:00,8,2,23,14,40,973,302,"30, PREVOT (ERNEST)",,,Plein jour,En agglomération,Hors intersection,Normale,Autre collision,,,,,,,,,,,1,2,1,1,6
200800074900,0008-02-12 09:00:00,8,2,12,9,0,973,302,"13, EAU-LISETTE (CITE)",,,Plein jour,Hors agglomération,Hors intersection,Normale,Deux véhicules - côté,,,,,,,,,,,1,1,1,1,3
200800074901,0008-02-21 08:30:00,8,2,21,8,30,973,302,"35, CABASSOU (ROUTE DE)",,,Plein jour,En agglomération,Hors intersection,Pluie légère,Deux véhicules - arrière,,,,,,,,,,,1,2,1,2,2
200800074902,0008-02-26 07:35:00,8,2,26,7,35,973,302,"2813, MONTABO (ROUTE DE)",,,Plein jour,En agglomération,Hors intersection,Normale,Autre collision,,,,,,,,,,,1,2,1,1,6
200800074903,0008-02-27 07:08:00,8,2,27,7,8,973,302,TIGRE (ROUTE DU),,,Plein jour,En agglomération,Intersection en T,Normale,Autre collision,,,,,,,,,,,1,2,3,1,6
200800074904,0008-02-29 12:49:00,8,2,29,12,49,973,302,"946, MONTABO (ROUTE DE)",,,Plein jour,En agglomération,Hors intersection,Normale,Deux véhicules - côté,,,,,,,,,,,1,2,1,1,3
200800074905,0008-02-14 15:10:00,8,2,14,15,10,973,302,PETIT MONACO (ROND-POINT,,,Plein jour,En agglomération,Giratoire,Normale,Deux véhicules - côté,,,,,,,,,,,1,2,6,1,3
200800074906,0008-02-15 20:30:00,8,2,15,20,30,973,302,"1610, FELIX EBOUE(ROCADE",,,Nuit avec éclairage allumé,En agglomération,Hors intersection,Normale,Deux véhicules - frontale,,,,,,,,,,,5,2,1,1,1
200800074907,0008-02-15 18:30:00,8,2,15,18,30,973,302,"2357, MADELEINE (ROUTE D",,,Crépuscule ou aube,En agglomération,Hors intersection,Pluie légère,Autre collision,,,,,,,,,,,2,2,1,2,6
200800074908,0008-02-16 05:30:00,8,2,16,5,30,973,302,"747, EBOUE (ROCADE FELIX",,,Nuit avec éclairage allumé,Hors agglomération,Hors intersection,Normale,Sans collision,,,,,,,,,,,5,1,1,1,7
200800074909,0008-02-28 13:30:00,8,2,28,13,30,973,302,"30, BADUEL (ROUTE DE)",,,Plein jour,Hors agglomération,Hors intersection,Normale,Deux véhicules - côté,,,,,,,,,,,1,1,1,1,3
200800074910,0008-02-02 22:20:00,8,2,2,22,20,974,407,"8, REVERDY PIERRE(ALLEE)",,,Nuit sans éclairage public,En agglomération,Hors intersection,Normale,Autre collision,,,,,,,,,,,3,2,1,1,6
200800074911,0008-02-15 10:35:00,8,2,15,10,35,974,407,MAHATMA GANDHY,,,Plein jour,En agglomération,Hors intersection,Normale,Sans collision,,,,,,,,,,,1,2,1,1,7
200800074912,0008-02-17 19:35:00,8,2,17,19,35,974,407,ROUTE DU SACRE COEUR,,,Nuit sans éclairage public,Hors agglomération,Hors intersection,Pluie légère,Autre collision,,,,,,,,,,,3,1,1,2,6
200800074913,0008-02-19 01:30:00,8,2,19,1,30,974,407,ROND POINT DES DANSEUSES,,,Nuit sans éclairage public,En agglomération,Giratoire,Normale,Autre collision,,,,,,,,,,,3,2,6,1,6
200800074914,0008-02-19 18:50:00,8,2,19,18,50,974,407,RUE AUGUSTE RODIN,,,Nuit avec éclairage allumé,En agglomération,Hors intersection,Normale,Deux véhicules - côté,,,,,,,,,,,5,2,1,1,3
200800074915,0008-02-21 19:30:00,8,2,21,19,30,974,407,PARIS (AVENUE),,,Nuit avec éclairage allumé,En agglomération,Hors intersection,Normale,Deux véhicules - côté,,,,,,,,,,,5,2,1,1,3
200800074916,0008-02-22 19:28:00,8,2,22,19,28,974,407,CARPAYE(AVENUE),,,Nuit avec éclairage allumé,En agglomération,Hors intersection,Normale,Deux véhicules - côté,,,,,,,,,,,5,2,1,1,3
200800074917,0008-02-26 05:55:00,8,2,26,5,55,974,407,ROND POINT TAMATAVE,,,Plein jour,En agglomération,Giratoire,Normale,Sans collision,,,,,,,,,,,1,2,6,1,7
200800074918,0008-02-29 06:55:00,8,2,29,6,55,974,407,RUE LOUISE MICHEL,,,Plein jour,En agglomération,Hors intersection,Normale,Deux véhicules - côté,,,,,,,,,,,1,2,1,1,3
200800074919,0008-02-04 15:45:00,8,2,4,15,45,974,411,LITTORAL (ROUTE 1 DU),,,Plein jour,Hors agglomération,Hors intersection,Normale,Deux véhicules - arrière,,,,,,,,,,,1,1,1,1,2
200800074920,0008-02-04 07:25:00,8,2,4,7,25,974,411,LECONTE DE LISLE (AVENUE,,,Plein jour,En agglomération,Hors intersection,Normale,Trois véhicules et plus - en chaîne,,,,,,,,,,,1,2,1,1,4
200800074921,0008-02-06 07:30:00,8,2,6,7,30,974,411,AUBER (RUE JULES),,,Plein jour,En agglomération,Intersection en X,Normale,Trois véhicules et plus - collisions multiples,,,,,,,,,,,1,2,2,1,5
200800074922,0008-02-10 17:21:00,8,2,10,17,21,974,411,"91, RN2/081",,,Plein jour,En agglomération,Hors intersection,Normale,Deux véhicules - côté,,,,,,,,,,,1,2,1,1,3
200800074923,0008-02-14 12:00:00,8,2,14,12,0,974,411,"5, LECLERC (DU MARECHAL)",,,Plein jour,En agglomération,Intersection en T,Normale,Deux véhicules - côté,,,,,,,,,,,1,2,3,1,3
200800074924,0008-02-15 11:15:00,8,2,15,11,15,974,411,SOURCE (RUE DE LA),,,Plein jour,En agglomération,Autre intersection,Normale,Autre collision,,,,,,,,,,,1,2,9,1,6
200800074925,0008-02-13 16:00:00,8,2,13,16,0,974,411,MARIE (RUE SAINTE),,,Plein jour,En agglomération,Intersection en X,Normale,Deux véhicules - côté,,,,,,,,,,,1,2,2,1,3
200800074926,0008-02-13 16:33:00,8,2,13,16,33,974,411,"6, JAURES (BOULEVARD JEA",,,Plein jour,En agglomération,Hors intersection,Normale,Trois véhicules et plus - en chaîne,,,,,,,,,,,1,2,1,1,4
200800074927,0008-02-15 17:38:00,8,2,15,17,38,974,411,HERMANN (RUE JULES),,,Plein jour,En agglomération,Intersection en T,Temps couvert,Deux véhicules - côté,,,,,,,,,,,1,2,3,8,3
200800074928,0008-02-17 10:45:00,8,2,17,10,45,974,411,RN2/111,,,Plein jour,En agglomération,Hors intersection,Temps couvert,Autre collision,,,,,,,,,,,1,2,1,8,6
200800074929,0008-02-27 07:45:00,8,2,27,7,45,974,411,"5, MONTHYON (RUE)",,,Plein jour,En agglomération,Intersection en X,Normale,Deux véhicules - côté,,,,,,,,,,,1,2,2,1,3
200800074930,0008-02-27 11:05:00,8,2,27,11,5,974,411,"01, GIBERT DES MOLIERES",,,Plein jour,En agglomération,Intersection à plus de 4 branches,Normale,Deux véhicules - côté,,,,,,,,,,,1,2,5,1,3
200800074931,0008-02-28 17:05:00,8,2,28,17,5,974,411,DIGUE (ROUTE),,,Plein jour,En agglomération,Hors intersection,Normale,Deux véhicules - côté,,,,,,,,,,,1,2,1,1,3
200800074932,0008-02-13 18:20:00,8,2,13,18,20,974,411,CHAUDRON  (BLD 1 DU),,,Plein jour,En agglomération,Hors intersection,Normale,Autre collision,,,,,,,,,,,1,2,1,1,6
200800074933,0008-02-10 20:18:00,8,2,10,20,18,974,411,"20, LATTRE DE TASSIGNY (",,,Nuit avec éclairage allumé,En agglomération,Hors intersection,Normale,Deux véhicules - côté,,,,,,,,,,,5,2,1,1,3
200800074934,0008-02-11 10:08:00,8,2,11,10,8,974,411,"1, LECONTE DE LISLE (AVE",,,Plein jour,En agglomération,Hors intersection,Normale,Autre collision,,,,,,,,,,,1,2,1,1,6
200800074935,0008-02-27 15:22:00,8,2,27,15,22,974,411,"1, VICTOIRE (AVENUE DE L",,,Plein jour,En agglomération,Hors intersection,Normale,Autre collision,,,,,,,,,,,1,2,1,1,6
200800074936,0008-02-27 17:35:00,8,2,27,17,35,974,411,"2, TOPAZES(ALLEE DES)",,,Plein jour,En agglomération,Hors intersection,Pluie légère,Deux véhicules - arrière,,,,,,,,,,,1,2,1,2,2
200800074937,0008-02-23 17:20:00,8,2,23,17,20,974,411,"116 BIS, MACE (ROUTE GAB",,,Plein jour,En agglomération,Hors intersection,Temps couvert,Deux véhicules - côté,,,,,,,,,,,1,2,1,8,3
200800074938,0008-02-16 06:08:00,8,2,16,6,8,974,411,LITTORAL (ROUTE 2 DU),,,Crépuscule ou aube,En agglomération,Hors intersection,Normale,Deux véhicules - arrière,,,,,,,,,,,2,2,1,1,2
200800074939,0008-02-28 19:00:00,8,2,28,19,0,974,411,"2, BRASSENS (AVENUE GEOR",,,Crépuscule ou aube,En agglomération,Hors intersection,Normale,Autre collision,,,,,,,,,,,2,2,1,1,6
200800074940,0008-02-29 11:00:00,8,2,29,11,0,974,411,"136, MARIE (RUE SAINTE)",,,Plein jour,En agglomération,Hors intersection,Normale,Deux véhicules - arrière,,,,,,,,,,,1,2,1,1,2
200800074941,0008-02-01 08:10:00,8,2,1,8,10,974,416,"AUCUN, PERE FAVRON(RUE D",,,Plein jour,En agglomération,Hors intersection,Normale,Deux véhicules - côté,,,,,,,,,,,1,2,1,1,3
200800074942,0008-02-11 05:10:00,8,2,11,5,10,974,414,"SANS, TOULOUSE(AVENUE)",,,Nuit avec éclairage allumé,En agglomération,Hors intersection,Normale,Deux véhicules - frontale,,,,,,,,,,,5,2,1,1,1
200800074943,0008-02-08 21:15:00,8,2,8,21,15,974,414,"SANS, LECOMTE DE LISLE(R",,,Nuit avec éclairage allumé,En agglomération,Intersection en T,Normale,Deux véhicules - côté,,,,,,,,,,,5,2,3,1,3
200800074944,0008-02-12 07:50:00,8,2,12,7,50,974,414,"SANS, PALISSADE(RUE DE L",,,Plein jour,En agglomération,Hors intersection,Normale,Autre collision,,,,,,,,,,,1,2,1,1,6
200800074945,0008-02-12 14:00:00,8,2,12,14,0,974,416,RN03,,,Plein jour,En agglomération,Hors intersection,Normale,Deux véhicules - frontale,,,,,,,,,,,1,2,1,1,1
200800074946,0008-02-14 20:50:00,8,2,14,20,50,974,414,RN01,,,Nuit avec éclairage allumé,En agglomération,Hors intersection,Normale,Autre collision,,,,,,,,,,,5,2,1,1,6
200800074947,0008-02-20 19:20:00,8,2,20,19,20,974,414,"sans, SAINT LOUIS(RUE)",,,Nuit avec éclairage allumé,En agglomération,Intersection en T,Normale,Deux véhicules - côté,,,,,,,,,,,5,2,3,1,3
200800074948,0008-02-23 19:45:00,8,2,23,19,45,974,414,"SANS, AUSTRALIE",,,Nuit avec éclairage allumé,En agglomération,Intersection en T,Normale,Deux véhicules - frontale,,,,,,,,,,,5,2,3,1,1
200800074949,0008-02-28 13:20:00,8,2,28,13,20,974,416,BANK(BOULEVARD),,,Plein jour,En agglomération,Hors intersection,Normale,Autre collision,,,,,,,,,,,1,2,1,1,6
200800074977,0008-03-15 01:30:00,8,3,15,1,30,971,105,BD GERTY ARCHIMEDE,,,Nuit avec éclairage allumé,En agglomération,Hors intersection,Normale,Sans collision,,,,,,,,,,,5,2,1,1,7
200800074978,0008-03-07 10:45:00,8,3,7,10,45,971,107,REPUBLIQUE ( RUE DE LA ),,,Plein jour,Hors agglomération,Intersection en T,Normale,Autre collision,,,,,,,,,,,1,1,3,1,6
200800074979,0008-03-03 21:10:00,8,3,3,21,10,971,120,HOPITAL (BOULEVARD DE L',,,Nuit avec éclairage allumé,En agglomération,Hors intersection,Normale,Autre collision,,,,,,,,,,,5,2,1,1,6
200800074980,0008-03-08 16:15:00,8,3,8,16,15,971,113,GRAND BAIE ( RN4),,,Plein jour,Hors agglomération,Hors intersection,Normale,Trois véhicules et plus - en chaîne,,,,,,,,,,,1,1,1,1,4
200800074981,0008-03-16 22:15:00,8,3,16,22,15,971,113,SECTEUR GRAND BOIS,,,Nuit avec éclairage allumé,Hors agglomération,Hors intersection,Normale,Deux véhicules - frontale,,,,,,,,,,,5,1,1,1,1
200800074982,0008-03-24 10:15:00,8,3,24,10,15,971,101,"00, CHAZEAU",,,Plein jour,Hors agglomération,Hors intersection,Normale,Deux véhicules - frontale,,,,,,,,,,,1,1,1,1,1
200800074983,0008-03-15 21:50:00,8,3,15,21,50,971,101,"00, DUGAZON DE BOURGOGNE",,,Nuit avec éclairage allumé,Hors agglomération,Hors intersection,Normale,Deux véhicules - frontale,,,,,,,,,,,5,1,1,1,1
200800074984,0008-03-10 08:10:00,8,3,10,8,10,971,120,"RD, ZONE INDUSTRIELLE DE",,,Plein jour,En agglomération,Hors intersection,Normale,Sans collision,,,,,,,,,,,1,2,1,1,7
200800074985,0008-03-23 11:40:00,8,3,23,11,40,971,101,"00, CADUC",,,Plein jour,Hors agglomération,Hors intersection,Normale,Trois véhicules et plus - collisions multiples,,,,,,,,,,,1,1,1,1,5
200800074986,0008-03-23 22:50:00,8,3,23,22,50,971,101,"00, BESSON",,,Nuit avec éclairage allumé,Hors agglomération,Hors intersection,Normale,Sans collision,,,,,,,,,,,5,1,1,1,7
200800074987,0008-03-18 12:15:00,8,3,18,12,15,971,113,"00, ROUTE DE LA JACOTIER",,,Plein jour,Hors agglomération,Hors intersection,Normale,Deux véhicules - côté,,,,,,,,,,,1,1,1,1,3
200800074988,0008-03-01 04:00:00,8,3,1,4,0,972,209,"0, AUTOROUTE (A1)",,,Nuit avec éclairage non allumé,Hors agglomération,Hors intersection,Normale,Autre collision,,,,,,,,,,,4,1,1,1,6
200800074989,0008-03-02 20:25:00,8,3,2,20,25,972,209,"28, SIMON BOLIVAR (RUE)",,,Nuit avec éclairage non allumé,En agglomération,Hors intersection,Normale,Autre collision,,,,,,,,,,,4,2,1,1,6
200800074990,0008-03-01 20:45:00,8,3,1,20,45,972,209,"0, GODISSARD (BOULEVARD)",,,Nuit avec éclairage non allumé,En agglomération,Hors intersection,Normale,Autre collision,,,,,,,,,,,4,2,1,1,6
200800074991,0008-03-03 07:28:00,8,3,3,7,28,972,209,"0, DILLON (AVENUE DE) EX",,,Crépuscule ou aube,Hors agglomération,Hors intersection,Normale,Autre collision,,,,,,,,,,,2,1,1,1,6
200800074992,0008-03-04 12:13:00,8,3,4,12,13,972,209,"0, JAMBETTE (ROUTE DE)",,,Plein jour,En agglomération,Hors intersection,Normale,Sans collision,,,,,,,,,,,1,2,1,1,7
200800074993,0008-03-04 13:15:00,8,3,4,13,15,972,209,"0, GOUVERNEUR PONTON (RU",,,Plein jour,En agglomération,Hors intersection,Normale,Autre collision,,,,,,,,,,,1,2,1,1,6
200800074994,0008-03-05 16:17:00,8,3,5,16,17,972,209,"0, FAUBOURG LA CAMILLE (",,,Plein jour,En agglomération,Hors intersection,Normale,Deux véhicules - côté,,,,,,,,,,,1,2,1,1,3