accident_id,datetime,annee,mois,jour,heure,minute,departement,commune_insee,adresse,latitude,longitude,luminosite,agglomeration,intersection,meteo,collision,nb_vehicules,nb_usagers,nb_indemnes,nb_tues,nb_blesses_hosp,nb_blesses_legers,age_cond_1,age_cond_2,veh_type_cond_1,veh_type_cond_2,lum_code,agg_code,int_code,atm_code,col_code
200800075931,0008-06-07 16:35:00,8,6,7,16,35,974,407,TAMATAVE (BOULEVARD),,,Plein jour,En agglomération,Hors intersection,Normale,Deux véhicules - côté,,,,,,,,,,,1,2,1,1,3
200800075932,0008-06-11 11:43:00,8,6,11,11,43,974,407,BAUDELAIRE(RUE),,,Plein jour,En agglomération,Intersection en T,Normale,Deux véhicules - arrière,,,,,,,,,,,1,2,3,1,2
200800075933,0008-06-11 20:00:00,8,6,11,20,0,974,407,"1, HERACLITE(ALLEE)",,,Nuit avec éclairage allumé,En agglomération,Intersection en T,Normale,Autre collision,,,,,,,,,,,5,2,3,1,6
200800075934,0008-06-12 07:45:00,8,6,12,7,45,974,407,VERDUN(BOULEVARD),,,Plein jour,En agglomération,Hors intersection,Normale,Autre collision,,,,,,,,,,,1,2,1,1,6
200800075935,0008-06-12 15:20:00,8,6,12,15,20,974,407,DE GAULLE(RUE),,,Plein jour,En agglomération,Intersection en T,Normale,Deux véhicules - côté,,,,,,,,,,,1,2,3,1,3
200800075936,0008-06-13 16:20:00,8,6,13,16,20,974,407,"46, COMMUNE DE PARIS (AV",,,Plein jour,En agglomération,Hors intersection,Normale,Trois véhicules et plus - collisions multiples,,,,,,,,,,,1,2,1,1,5
200800075937,0008-06-18 07:48:00,8,6,18,7,48,974,407,MARINE(BOULEVARD),,,Plein jour,En agglomération,Hors intersection,Normale,Autre collision,,,,,,,,,,,1,2,1,1,6
200800075938,0008-06-19 17:20:00,8,6,19,17,20,974,407,08 MARS(RUE DU),,,Plein jour,En agglomération,Hors intersection,Normale,Autre collision,,,,,,,,,,,1,2,1,1,6
200800075939,0008-06-20 14:50:00,8,6,20,14,50,974,407,COMMUNE DE PARIS (AVENUE,,,Plein jour,En agglomération,Intersection en T,Normale,Deux véhicules - côté,,,,,,,,,,,1,2,3,1,3
200800075940,0008-06-27 16:00:00,8,6,27,16,0,974,407,BD DE LA COMPAGNIE DES I,,,Plein jour,En agglomération,Hors intersection,Normale,Sans collision,,,,,,,,,,,1,2,1,1,7
200800075941,0008-06-27 18:40:00,8,6,27,18,40,974,407,RUE VAN DICK,,,Crépuscule ou aube,En agglomération,Hors intersection,Normale,Autre collision,,,,,,,,,,,2,2,1,1,6
200800075942,0008-06-28 20:40:00,8,6,28,20,40,974,407,20 DECEMBRE 1948(AVENUE,,,Nuit avec éclairage allumé,En agglomération,Intersection en X,Normale,Autre collision,,,,,,,,,,,5,2,2,1,6
200800075943,0008-06-29 12:30:00,8,6,29,12,30,974,407,ROUTE NATIONALE N° 1,,,Plein jour,Hors agglomération,Hors intersection,Normale,Autre collision,,,,,,,,,,,1,1,1,1,6
200800075944,0008-06-22 01:07:00,8,6,22,1,7,974,411,"118, LORY LES BAS (RUE)",,,Nuit avec éclairage allumé,En agglomération,Hors intersection,Normale,Deux véhicules - frontale,,,,,,,,,,,5,2,1,1,1
200800075945,0008-06-01 06:30:00,8,6,1,6,30,974,411,"1, RN2/043",,,Plein jour,En agglomération,Hors intersection,Normale,Sans collision,,,,,,,,,,,1,2,1,1,7
200800075946,0008-06-01 17:30:00,8,6,1,17,30,974,411,"1, CHATELAN (FRANCOIS)",,,Plein jour,En agglomération,Hors intersection,Normale,Autre collision,,,,,,,,,,,1,2,1,1,6
200800075947,0008-06-02 17:10:00,8,6,2,17,10,974,411,"3, GAULLE (DU GENERAL DE",,,Plein jour,En agglomération,Hors intersection,Normale,Autre collision,,,,,,,,,,,1,2,1,1,6
200800075948,0008-06-03 09:45:00,8,6,3,9,45,974,411,"1, KARTING (DU)",,,Plein jour,En agglomération,Hors intersection,Normale,Deux véhicules - côté,,,,,,,,,,,1,2,1,1,3
200800075949,0008-06-03 12:22:00,8,6,3,12,22,974,411,"1, DOMENJOD (ROUTE DE)",,,Plein jour,En agglomération,Hors intersection,Pluie légère,Autre collision,,,,,,,,,,,1,2,1,2,6
200800075950,0008-06-05 17:00:00,8,6,5,17,0,974,411,"1, MONDON (RUE MONSEIGNE",,,Plein jour,Hors agglomération,Hors intersection,Normale,Sans collision,,,,,,,,,,,1,1,1,1,7
200800075951,0008-06-05 08:00:00,8,6,5,8,0,974,411,"1, CHAUDRON  (BLD 1 DU)",,,Plein jour,En agglomération,Hors intersection,Normale,Autre collision,,,,,,,,,,,1,2,1,1,6
200800075952,0008-06-06 17:56:00,8,6,6,17,56,974,411,"81, RAMBAUD (LEOPOLD)",,,Nuit avec éclairage allumé,En agglomération,Hors intersection,Normale,Deux véhicules - côté,,,,,,,,,,,5,2,1,1,3
200800075953,0008-06-06 19:39:00,8,6,6,19,39,974,411,"62, LECONTE DE LISLE (AV",,,Nuit avec éclairage allumé,En agglomération,Hors intersection,Normale,Autre collision,,,,,,,,,,,5,2,1,1,6
200800075954,0008-06-10 19:50:00,8,6,10,19,50,974,411,"7, MIMOSAS (CHEMIN DES)",,,Nuit avec éclairage allumé,En agglomération,Hors intersection,Normale,Autre collision,,,,,,,,,,,5,2,1,1,6
200800075955,0008-06-11 15:25:00,8,6,11,15,25,974,411,"1, PARIS (RUE DE)",,,Plein jour,En agglomération,Passage à niveau,Normale,Autre collision,,,,,,,,,,,1,2,8,1,6
200800075956,0008-06-12 16:31:00,8,6,12,16,31,974,411,"1, RN2/043",,,Plein jour,En agglomération,Hors intersection,Normale,Trois véhicules et plus - en chaîne,,,,,,,,,,,1,2,1,1,4
200800075957,0008-06-14 10:10:00,8,6,14,10,10,974,411,"2, RN2/043",,,Plein jour,En agglomération,Hors intersection,Normale,Trois véhicules et plus - en chaîne,,,,,,,,,,,1,2,1,1,4
200800075958,0008-06-15 13:15:00,8,6,15,13,15,974,411,"10, EVECHE (CHEMIN DE L'",,,Plein jour,En agglomération,Hors intersection,Normale,Deux véhicules - frontale,,,,,,,,,,,1,2,1,1,1
200800075959,0008-06-18 13:54:00,8,6,18,13,54,974,411,"1, LORY LES HAUTS (RUE)",,,Plein jour,En agglomération,Intersection à plus de 4 branches,Normale,Deux véhicules - côté,,,,,,,,,,,1,2,5,1,3
200800075960,0008-06-19 13:40:00,8,6,19,13,40,974,411,"78, TOPAZES(ALLEE DES)",,,Plein jour,En agglomération,Hors intersection,Normale,Deux véhicules - côté,,,,,,,,,,,1,2,1,1,3
200800075961,0008-06-21 15:10:00,8,6,21,15,10,974,411,"78, BOIS DE NEFLES (RUE",,,Plein jour,En agglomération,Hors intersection,Normale,Autre collision,,,,,,,,,,,1,2,1,1,6
200800075962,0008-06-26 08:06:00,8,6,26,8,6,974,411,"1, ALSACE (D')",,,Plein jour,En agglomération,Intersection en T,Normale,Autre collision,,,,,,,,,,,1,2,3,1,6
200800075963,0008-06-26 22:21:00,8,6,26,22,21,974,411,"1, LANCASTEL (BOULEVARD)",,,Nuit avec éclairage allumé,En agglomération,Hors intersection,Normale,Deux véhicules - arrière,,,,,,,,,,,5,2,1,1,2
200800075964,0008-06-27 18:45:00,8,6,27,18,45,974,411,"1, RAMBAUD (LEOPOLD)",,,Nuit avec éclairage allumé,En agglomération,Autre intersection,Normale,Deux véhicules - côté,,,,,,,,,,,5,2,9,1,3
200800075965,0008-06-27 20:20:00,8,6,27,20,20,974,411,"109, TOPAZES(ALLEE DES)",,,Nuit avec éclairage allumé,En agglomération,Hors intersection,Normale,Trois véhicules et plus - collisions multiples,,,,,,,,,,,5,2,1,1,5
200800075966,0008-06-29 10:05:00,8,6,29,10,5,974,411,"1, APRES (RUE D')",,,Plein jour,En agglomération,Hors intersection,Normale,Autre collision,,,,,,,,,,,1,2,1,1,6
200800075967,0008-06-30 14:42:00,8,6,30,14,42,974,411,"15, PITEL (RUE)",,,Plein jour,En agglomération,Hors intersection,Normale,Sans collision,,,,,,,,,,,1,2,1,1,7
200800075968,0008-06-05 12:10:00,8,6,5,12,10,974,411,"1, LAFOSSE (DU PERE)",,,Plein jour,En agglomération,Hors intersection,Normale,Sans collision,,,,,,,,,,,1,2,1,1,7
200800075969,0008-06-20 22:17:00,8,6,20,22,17,974,411,"1, ANNE (SAINTE-)",,,Nuit avec éclairage allumé,En agglomération,Hors intersection,Normale,Deux véhicules - côté,,,,,,,,,,,5,2,1,1,3
200800075970,0008-06-09 07:33:00,8,6,9,7,33,974,411,"1, MONGAILLARD (ROUTE DE",,,Plein jour,En agglomération,Hors intersection,Normale,Autre collision,,,,,,,,,,,1,2,1,1,6
200800075971,0008-06-10 16:00:00,8,6,10,16,0,974,411,"1, STADE DE L'EST (RUE D",,,Plein jour,En agglomération,Autre intersection,Normale,Deux véhicules - côté,,,,,,,,,,,1,2,9,1,3
200800075972,0008-06-10 17:55:00,8,6,10,17,55,974,411,"1, DIGUE (ROUTE)",,,Crépuscule ou aube,En agglomération,Passage à niveau,Normale,Deux véhicules - frontale,,,,,,,,,,,2,2,8,1,1
200800075973,0008-06-15 22:23:00,8,6,15,22,23,974,411,"1, LITTORAL (ROUTE 1 DU)",,,Nuit sans éclairage public,En agglomération,Passage à niveau,Normale,Autre collision,,,,,,,,,,,3,2,8,1,6
200800075974,0008-06-29 19:25:00,8,6,29,19,25,974,411,"1, MAHY (FRANCOIS DE)",,,Nuit avec éclairage allumé,Hors agglomération,Hors intersection,Normale,Autre collision,,,,,,,,,,,5,1,1,1,6
200800075975,0008-06-01 04:00:00,8,6,1,4,0,974,416,"SANS, BONS ENFANTS(RUE)",,,Nuit avec éclairage allumé,En agglomération,Hors intersection,Pluie forte,Sans collision,,,,,,,,,,,5,2,1,3,7
200800075976,0008-06-05 08:15:00,8,6,5,8,15,974,416,"63, PRESIDENT MITTERAND(",,,Plein jour,En agglomération,Hors intersection,Normale,Deux véhicules - côté,,,,,,,,,,,1,2,1,1,3
200800075977,0008-06-05 16:30:00,8,6,5,16,30,974,416,"SANS, RAYMOND VERGES(RUE",,,Plein jour,En agglomération,Hors intersection,Normale,Deux véhicules - arrière,,,,,,,,,,,1,2,1,1,2
200800075978,0008-06-15 13:25:00,8,6,15,13,25,974,416,"SANS, BORY SAINT VINCENT",,,Plein jour,En agglomération,Hors intersection,Normale,Autre collision,,,,,,,,,,,1,2,1,1,6
200800075979,0008-06-21 09:00:00,8,6,21,9,0,974,416,"sans, BANK(BOULEVARD)",,,Plein jour,En agglomération,Giratoire,Normale,Deux véhicules - côté,,,,,,,,,,,1,2,6,1,3
200800075980,0008-06-21 20:00:00,8,6,21,20,0,974,416,"7, PERE FAVRON(RUE DU)",,,Nuit avec éclairage allumé,En agglomération,Intersection en T,Normale,Deux véhicules - côté,,,,,,,,,,,5,2,3,1,3
200800075981,0008-06-24 11:45:00,8,6,24,11,45,974,414,"sans, TREUTHARD(RUE S.)",,,Plein jour,En agglomération,Intersection en T,Normale,Deux véhicules - frontale,,,,,,,,,,,1,2,3,1,1
200800075982,0008-06-25 13:55:00,8,6,25,13,55,974,416,"sans, ARCHAMBAUD",,,Plein jour,En agglomération,Intersection en X,Normale,Deux véhicules - côté,,,,,,,,,,,1,2,2,1,3
200800075983,0008-06-28 20:20:00,8,6,28,20,20,974,416,"106, FOUR A CHAUX(RUELLE",,,Nuit avec éclairage allumé,En agglomération,Hors intersection,Normale,Autre collision,,,,,,,,,,,5,2,1,1,6
200800075984,0008-06-30 12:10:00,8,6,30,12,10,974,416,"SANS, BENJAMIN HOAREAU (",,,Plein jour,En agglomération,Hors intersection,Normale,Sans collision,,,,,,,,,,,1,2,1,1,7
200800076030,0008-07-06 21:00:00,8,7,6,21,0,972,224,,,,Nuit avec éclairage allumé,Hors agglomération,Hors intersection,Normale,Deux véhicules - côté,,,,,,,,,,,5,1,1,1,3
200800076031,0008-07-21 07:00:00,8,7,21,7,0,972,204,,,,Plein jour,En agglomération,Hors intersection,Normale,Autre collision,,,,,,,,,,,1,2,1,1,6
200800076032,0008-07-01 16:00:00,8,7,1,16,0,972,210,,,,Plein jour,Hors agglomération,Hors intersection,Normale,Deux véhicules - côté,,,,,,,,,,,1,1,1,1,3
200800076033,0008-07-12 14:30:00,8,7,12,14,30,972,210,,,,Plein jour,Hors agglomération,Hors intersection,Normale,Sans collision,,,,,,,,,,,1,1,1,1,7
200800076034,0008-07-01 06:45:00,8,7,1,6,45,972,207,,,,Plein jour,Hors agglomération,Hors intersection,Normale,Autre collision,,,,,,,,,,,1,1,1,1,6
200800076035,0008-07-05 01:00:00,8,7,5,1,0,972,207,,,,Nuit sans éclairage public,Hors agglomération,Hors intersection,Pluie légère,Autre collision,,,,,,,,,,,3,1,1,2,6
200800076036,0008-07-06 14:00:00,8,7,6,14,0,972,223,,,,Plein jour,Hors agglomération,Hors intersection,Normale,Sans collision,,,,,,,,,,,1,1,1,1,7
200800076037,0008-07-26 14:00:00,8,7,26,14,0,972,223,,,,Plein jour,Hors agglomération,Hors intersection,Normale,Autre collision,,,,,,,,,,,1,1,1,1,6
200800076038,0008-07-04 21:45:00,8,7,4,21,45,972,217,,,,Nuit sans éclairage public,Hors agglomération,Hors intersection,Normale,Sans collision,,,,,,,,,,,3,1,1,1,7
200800076039,0008-07-02 03:30:00,8,7,2,3,30,972,221,,,,Nuit avec éclairage allumé,Hors agglomération,Hors intersection,Normale,Autre collision,,,,,,,,,,,5,1,1,1,6
200800076040,0008-07-28 04:00:00,8,7,28,4,0,972,221,Route de Thoraille,,,Nuit avec éclairage allumé,En agglomération,Hors intersection,Normale,Sans collision,,,,,,,,,,,5,2,1,1,7
200800076041,0008-07-15 21:30:00,8,7,15,21,30,972,230,LE BOURG,,,Nuit sans éclairage public,En agglomération,Hors intersection,Normale,Autre collision,,,,,,,,,,,3,2,1,1,6
200800076042,0008-07-16 18:30:00,8,7,16,18,30,972,222,,,,Nuit avec éclairage allumé,Hors agglomération,Hors intersection,Normale,Deux véhicules - frontale,,,,,,,,,,,5,1,1,1,1
200800076043,0008-07-11 07:30:00,8,7,11,7,30,971,124,,,,Plein jour,Hors agglomération,Hors intersection,Normale,Deux véhicules - frontale,,,,,,,,,,,1,1,1,1,1
200800076044,0008-07-15 19:45:00,8,7,15,19,45,971,132,,,,Nuit sans éclairage public,Hors agglomération,Hors intersection,Pluie légère,Trois véhicules et plus - collisions multiples,,,,,,,,,,,3,1,1,2,5
200800076045,0008-07-24 14:45:00,8,7,24,14,45,971,132,Route de l'Afrique,,,Plein jour,En agglomération,Hors intersection,Normale,Deux véhicules - frontale,,,,,,,,,,,1,2,1,1,1
200800076046,0008-07-08 14:30:00,8,7,8,14,30,971,107,,,,Plein jour,Hors agglomération,Hors intersection,Normale,Deux véhicules - frontale,,,,,,,,,,,1,1,1,1,1
200800076047,0008-07-06 10:00:00,8,7,6,10,0,971,107,,,,Plein jour,Hors agglomération,Hors intersection,Normale,Deux véhicules - frontale,,,,,,,,,,,1,1,1,1,1
200800076048,0008-07-09 23:00:00,8,7,9,23,0,971,114,,,,Nuit sans éclairage public,Hors agglomération,Hors intersection,Normale,Deux véhicules - frontale,,,,,,,,,,,3,1,1,1,1
200800076049,0008-07-11 20:30:00,8,7,11,20,30,971,114,,,,Nuit sans éclairage public,Hors agglomération,Hors intersection,Normale,Deux véhicules - arrière,,,,,,,,,,,3,1,1,1,2
200800076050,0008-07-14 17:30:00,8,7,14,17,30,971,107,rue Fred Virapin,,,Plein jour,En agglomération,Hors intersection,Normale,Sans collision,,,,,,,,,,,1,2,1,1,7
200800076051,0008-07-19 15:30:00,8,7,19,15,30,971,114,,,,Plein jour,Hors agglomération,Hors intersection,Normale,Deux véhicules - côté,,,,,,,,,,,1,1,1,1,3
200800076052,0008-07-20 16:30:00,8,7,20,16,30,971,114,,,,Plein jour,Hors agglomération,Hors intersection,Normale,Deux véhicules - côté,,,,,,,,,,,1,1,1,1,3
200800076053,0008-07-05 18:00:00,8,7,5,18,0,971,131,Rue de la Rabes,,,Plein jour,En agglomération,Hors intersection,Normale,Deux véhicules - frontale,,,,,,,,,,,1,2,1,1,1
200800076054,0008-07-06 04:45:00,8,7,6,4,45,971,123,,,,Nuit avec éclairage allumé,Hors agglomération,Hors intersection,Normale,Deux véhicules - frontale,,,,,,,,,,,5,1,1,1,1
200800076055,0008-07-10 06:30:00,8,7,10,6,30,971,127,,,,Plein jour,Hors agglomération,Hors intersection,Normale,Trois véhicules et plus - collisions multiples,,,,,,,,,,,1,1,1,1,5
200800076056,0008-07-09 19:45:00,8,7,9,19,45,971,127,"Marigot, 148 Rue Holland",,,Nuit avec éclairage allumé,En agglomération,Hors intersection,Normale,Autre collision,,,,,,,,,,,5,2,1,1,6
200800076057,0008-07-13 05:00:00,8,7,13,5,0,971,115,,,,Crépuscule ou aube,Hors agglomération,Hors intersection,Normale,Deux véhicules - côté,,,,,,,,,,,2,1,1,1,3
200800076058,0008-07-01 17:30:00,8,7,1,17,30,971,118,ROUTE DE VERSAILLES,,,Plein jour,En agglomération,Hors intersection,Normale,Deux véhicules - frontale,,,,,,,,,,,1,2,1,1,1
200800076059,0008-07-05 20:30:00,8,7,5,20,30,971,129,,,,Nuit avec éclairage allumé,Hors agglomération,Hors intersection,Normale,Deux véhicules - frontale,,,,,,,,,,,5,1,1,1,1
200800076060,0008-07-05 18:45:00,8,7,5,18,45,971,108,,,,Nuit avec éclairage allumé,Hors agglomération,Hors intersection,Normale,Sans collision,,,,,,,,,,,5,1,1,1,7
200800076061,0008-07-10 09:00:00,8,7,10,9,0,971,112,,,,Plein jour,Hors agglomération,Hors intersection,Normale,Autre collision,,,,,,,,,,,1,1,1,1,6
200800076062,0008-07-12 06:30:00,8,7,12,6,30,971,117,,,,Plein jour,Hors agglomération,Hors intersection,Temps éblouissant,Trois véhicules et plus - collisions multiples,,,,,,,,,,,1,1,1,7,5
200800076063,0008-07-13 12:00:00,8,7,13,12,0,971,122,cite mancenillier,,,Plein jour,En agglomération,Hors intersection,Normale,Deux véhicules - côté,,,,,,,,,,,1,2,1,1,3
200800076064,0008-07-23 04:45:00,8,7,23,4,45,971,122,,,,Nuit sans éclairage public,Hors agglomération,Hors intersection,Normale,Trois véhicules et plus - collisions multiples,,,,,,,,,,,3,1,1,1,5
200800076065,0008-07-26 18:45:00,8,7,26,18,45,971,122,An Filao la,,,Nuit avec éclairage allumé,En agglomération,Hors intersection,Normale,Deux véhicules - côté,,,,,,,,,,,5,2,1,1,3
200800076066,0008-07-27 02:45:00,8,7,27,2,45,971,122,RN8 BEAUPLAN,,,Nuit avec éclairage allumé,En agglomération,Hors intersection,Normale,Sans collision,,,,,,,,,,,5,2,1,1,7
200800076067,0008-07-08 11:45:00,8,7,8,11,45,971,125,,,,Plein jour,Hors agglomération,Hors intersection,Normale,Trois véhicules et plus - collisions multiples,,,,,,,,,,,1,1,1,1,5
200800076068,0008-07-15 04:00:00,8,7,15,4,0,971,128,Section Castaing,,,Nuit avec éclairage allumé,En agglomération,Hors intersection,Normale,Autre collision,,,,,,,,,,,5,2,1,1,6
200800076069,0008-07-25 20:30:00,8,7,25,20,30,971,128,,,,Nuit avec éclairage allumé,Hors agglomération,Hors intersection,Normale,Deux véhicules - arrière,,,,,,,,,,,5,1,1,1,2
200800076070,0008-07-25 09:30:00,8,7,25,9,30,971,116,RN6 SECTION RICHEVAL,,,Plein jour,En agglomération,Hors intersection,Normale,Trois véhicules et plus - collisions multiples,,,,,,,,,,,1,2,1,1,5
200800076071,0008-07-26 00:30:00,8,7,26,0,30,971,116,RN6 SECTION RICHEVAL,,,Nuit avec éclairage allumé,En agglomération,Hors intersection,Pluie forte,Autre collision,,,,,,,,,,,5,2,1,3,6
200800076072,0008-07-20 22:30:00,8,7,20,22,30,973,307,,,,Nuit sans éclairage public,Hors agglomération,Hors intersection,Normale,Deux véhicules - frontale,,,,,,,,,,,3,1,1,1,1
200800076073,0008-07-25 12:00:00,8,7,25,12,0,973,307,cogneau lamirande,,,Plein jour,En agglomération,Hors intersection,Normale,Autre collision,,,,,,,,,,,1,2,1,1,6
200800076074,0008-07-30 07:15:00,8,7,30,7,15,973,307,,,,Plein jour,Hors agglomération,Hors intersection,Normale,Deux véhicules - côté,,,,,,,,,,,1,1,1,1,3
200800076075,0008-07-26 17:00:00,8,7,26,17,0,973,312,Pont de Sinnamary,,,Plein jour,En agglomération,Hors intersection,Normale,Sans collision,,,,,,,,,,,1,2,1,1,7
200800076076,0008-07-13 10:15:00,8,7,13,10,15,973,303,,,,Plein jour,Hors agglomération,Hors intersection,Normale,Deux véhicules - frontale,,,,,,,,,,,1,1,1,1,1
200800076077,0008-07-20 17:00:00,8,7,20,17,0,973,310,,,,Plein jour,Hors agglomération,Hors intersection,Normale,Deux véhicules - frontale,,,,,,,,,,,1,1,1,1,1
200800076078,0008-07-31 21:30:00,8,7,31,21,30,973,311,,,,Nuit sans éclairage public,Hors agglomération,Hors intersection,Normale,Autre collision,,,,,,,,,,,3,1,1,1,6
200800076079,0008-07-19 10:00:00,8,7,19,10,0,973,306,,,,Nuit sans éclairage public,Hors agglomération,Hors intersection,Normale,Sans collision,,,,,,,,,,,3,1,1,1,7
200800076080,0008-07-19 09:30:00,8,7,19,9,30,974,408,,,,Plein jour,Hors agglomération,Hors intersection,Normale,Trois véhicules et plus - collisions multiples,,,,,,,,,,,1,1,1,1,5
200800076081,0008-07-15 08:15:00,8,7,15,8,15,974,410,Av J-Jaures - face SCORE,,,Plein jour,En agglomération,Hors intersection,Normale,Autre collision,,,,,,,,,,,1,2,1,1,6
200800076082,0008-07-18 15:30:00,8,7,18,15,30,974,415,Chaussee Royale,,,Plein jour,En agglomération,Hors intersection,Normale,Deux véhicules - côté,,,,,,,,,,,1,2,1,1,3
200800076083,0008-07-20 10:45:00,8,7,20,10,45,974,415,,,,Plein jour,Hors agglomération,Hors intersection,Normale,Deux véhicules - frontale,,,,,,,,,,,1,1,1,1,1
200800076084,0008-07-22 16:45:00,8,7,22,16,45,974,415,,,,Plein jour,Hors agglomération,Hors intersection,Normale,Deux véhicules - côté,,,,,,,,,,,1,1,1,1,3
200800076085,0008-07-09 08:30:00,8,7,9,8,30,974,405,chemin neuf,,,Plein jour,En agglomération,Hors intersection,Normale,Deux véhicules - frontale,,,,,,,,,,,1,2,1,1,1
200800076086,0008-07-11 00:01:00,8,7,11,0,1,974,414,,,,Nuit sans éclairage public,Hors agglomération,Hors intersection,Normale,Autre collision,,,,,,,,,,,3,1,1,1,6
200800076087,0008-07-31 16:30:00,8,7,31,16,30,974,403,Bras long - Macaire,,,Plein jour,En agglomération,Hors intersection,Normale,Deux véhicules - frontale,,,,,,,,,,,1,2,1,1,1
200800076088,0008-07-14 11:45:00,8,7,14,11,45,974,412,200 rue claude marion,,,Plein jour,En agglomération,Hors intersection,Normale,Autre collision,,,,,,,,,,,1,2,1,1,6
200800076089,0008-07-18 14:30:00,8,7,18,14,30,974,412,,,,Plein jour,Hors agglomération,Hors intersection,Normale,Deux véhicules - frontale,,,,,,,,,,,1,1,1,1,1
200800076090,0008-07-09 15:45:00,8,7,9,15,45,974,422,Rue Epidor Hoarau,,,Plein jour,En agglomération,Hors intersection,Normale,Deux véhicules - frontale,,,,,,,,,,,1,2,1,1,1
200800076091,0008-07-14 19:30:00,8,7,14,19,30,974,422,188 rue des flamboyants,,,Nuit sans éclairage public,En agglomération,Hors intersection,Normale,Deux véhicules - côté,,,,,,,,,,,3,2,1,1,3
200800076130,0008-07-03 19:15:00,8,7,3,19,15,973,309,Route de MONTJOLY,,,Nuit avec éclairage allumé,En agglomération,Hors intersection,Normale,Deux véhicules - arrière,,,,,,,,,,,5,2,1,1,2
200800076131,0008-07-22 11:45:00,8,7,22,11,45,974,440,,,,Plein jour,Hors agglomération,Hors intersection,Temps éblouissant,Autre collision,,,,,,,,,,,1,1,1,7,6
200800076133,0008-07-03 22:30:00,8,7,3,22,30,973,304,Avenue Victor Hugo,,,Nuit avec éclairage allumé,En agglomération,Hors intersection,Normale,Deux véhicules - côté,,,,,,,,,,,5,2,1,1,3
200800076134,0008-07-05 11:30:00,8,7,5,11,30,973,304,,,,Plein jour,Hors agglomération,Hors intersection,Pluie forte,Sans collision,,,,,,,,,,,1,1,1,3,7
200800076135,0008-07-09 14:15:00,8,7,9,14,15,973,304,,,,Plein jour,Hors agglomération,Hors intersection,Normale,Deux véhicules - frontale,,,,,,,,,,,1,1,1,1,1
200800076136,0008-07-26 06:45:00,8,7,26,6,45,973,304,Rue Thomas Guidiglo,,,Plein jour,En agglomération,Hors intersection,Normale,Trois véhicules et plus - en chaîne,,,,,,,,,,,1,2,1,1,4
200800076137,0008-07-05 05:00:00,8,7,5,5,0,974,416,,,,Nuit sans éclairage public,Hors agglomération,Hors intersection,Normale,Deux véhicules - frontale,,,,,,,,,,,3,1,1,1,1
200800076138,0008-07-07 22:00:00,8,7,7,22,0,974,416,,,,Nuit avec éclairage allumé,En agglomération,Hors intersection,Normale,Deux véhicules - arrière,,,,,,,,,,,5,2,1,1,2
200800076139,0008-07-22 08:30:00,8,7,22,8,30,974,416,,,,Nuit sans éclairage public,Hors agglomération,Hors intersection,Pluie forte,Deux véhicules - arrière,,,,,,,,,,,3,1,1,3,2
200800076140,0008-07-23 22:15:00,8,7,23,22,15,974,416,,,,Nuit sans éclairage public,Hors agglomération,Hors intersection,Pluie forte,Deux véhicules - arrière,,,,,,,,,,,3,1,1,3,2
200800076141,0008-07-26 05:00:00,8,7,26,5,0,974,416,,,,Nuit sans éclairage public,Hors agglomération,Hors intersection,Normale,Deux véhicules - frontale,,,,,,,,,,,3,1,1,1,1
200800076142,0008-07-25 07:00:00,8,7,25,7,0,974,415,RD 6 rue julius benard,,,Plein jour,En agglomération,Hors intersection,Normale,Trois véhicules et plus - collisions multiples,,,,,,,,,,,1,2,1,1,5
200800076143,0008-07-01 21:30:00,8,7,1,21,30,974,451,Chemin Docteur DIERICK,,,Nuit avec éclairage allumé,En agglomération,Hors intersection,Normale,Autre collision,,,,,,,,,,,5,2,1,1,6
200800076144,0008-07-26 00:15:00,8,7,26,0,15,974,451,80 Chemin Diagonal,,,Nuit sans éclairage public,En agglomération,Hors intersection,Normale,Deux véhicules - frontale,,,,,,,,,,,3,2,1,1,1
200800076145,0008-07-26 19:15:00,8,7,26,19,15,974,451,Chemin stephane,,,Nuit avec éclairage allumé,En agglomération,Hors intersection,Normale,Deux véhicules - frontale,,,,,,,,,,,5,2,1,1,1
200800076148,0008-07-11 12:50:00,8,7,11,12,50,971,105,BD GERTY ARCHIMEDE,,,Crépuscule ou aube,En agglomération,Hors intersection,Normale,Deux véhicules - arrière,,,,,,,,,,,2,2,1,1,2
200800076149,0008-07-31 11:40:00,8,7,31,11,40,971,105,CHARLES DE GAULLE (BOULE,,,Plein jour,En agglomération,Hors intersection,Pluie légère,Trois véhicules et plus - collisions multiples,,,,,,,,,,,1,2,1,2,5
200800076150,0008-07-11 11:10:00,8,7,11,11,10,971,105,CHARLES DE GAULLE (BD DU,,,Plein jour,En agglomération,Hors intersection,Normale,Autre collision,,,,,,,,,,,1,2,1,1,6
200800076151,0008-07-06 13:30:00,8,7,6,13,30,971,107,"43, CASERNE ( RUE DE LA",,,Plein jour,En agglomération,Intersection en X,Normale,Deux véhicules - côté,,,,,,,,,,,1,2,2,1,3
200800076152,0008-07-02 13:30:00,8,7,2,13,30,971,113,SECTION MARE-GAILLARD,,,Plein jour,En agglomération,Hors intersection,Normale,Autre collision,,,,,,,,,,,1,2,1,1,6