accident_id,datetime,annee,mois,jour,heure,minute,departement,commune_insee,adresse,latitude,longitude,luminosite,agglomeration,intersection,meteo,collision,nb_vehicules,nb_usagers,nb_indemnes,nb_tues,nb_blesses_hosp,nb_blesses_legers,age_cond_1,age_cond_2,veh_type_cond_1,veh_type_cond_2,lum_code,agg_code,int_code,atm_code,col_code
200800076512,0008-08-25 07:30:00,8,8,25,7,30,972,209,"0, GODISSARD (BOULEVARD)",,,Plein jour,En agglomération,Hors intersection,Normale,Sans collision,,,,,,,,,,,1,2,1,1,7
200800076513,0008-08-27 11:36:00,8,8,27,11,36,972,209,"0, BRIANT (ENTREE DE)",,,Plein jour,En agglomération,Hors intersection,Normale,Sans collision,,,,,,,,,,,1,2,1,1,7
200800076514,0008-08-28 14:00:00,8,8,28,14,0,972,209,"0, GENERAL DE GAULLE (BL",,,Plein jour,En agglomération,Hors intersection,Normale,Deux véhicules - arrière,,,,,,,,,,,1,2,1,1,2
200800076515,0008-08-30 14:10:00,8,8,30,14,10,972,209,"0, FRANCOIS-ELIE THEODOR",,,Plein jour,En agglomération,Hors intersection,Normale,Sans collision,,,,,,,,,,,1,2,1,1,7
200800076516,0008-08-30 16:45:00,8,8,30,16,45,972,209,"0, RD 41",,,Plein jour,Hors agglomération,Hors intersection,Normale,Autre collision,,,,,,,,,,,1,1,1,1,6
200800076517,0008-08-31 20:25:00,8,8,31,20,25,972,209,"0, CHATEAUBOEUF (ROUTE D",,,Nuit avec éclairage non allumé,En agglomération,Hors intersection,Normale,Autre collision,,,,,,,,,,,4,2,1,1,6
200800076518,0008-08-31 16:40:00,8,8,31,16,40,972,209,"0, Rond Point Chevalier",,,Plein jour,En agglomération,Hors intersection,Normale,Sans collision,,,,,,,,,,,1,2,1,1,7
200800076519,0008-08-01 12:50:00,8,8,1,12,50,972,213,ROUTE NATIONALE 1,,,Plein jour,Hors agglomération,Hors intersection,Normale,Trois véhicules et plus - en chaîne,,,,,,,,,,,1,1,1,1,4
200800076520,0008-08-01 20:55:00,8,8,1,20,55,972,213,ROUTE NATIONALE 6,,,Nuit sans éclairage public,Hors agglomération,Hors intersection,Normale,Autre collision,,,,,,,,,,,3,1,1,1,6
200800076521,0008-08-04 18:15:00,8,8,4,18,15,972,213,ROUTE NATIONALE 5,,,Nuit avec éclairage allumé,Hors agglomération,Hors intersection,Pluie légère,Trois véhicules et plus - collisions multiples,,,,,,,,,,,5,1,1,2,5
200800076522,0008-08-07 20:30:00,8,8,7,20,30,972,213,ROUTE DEPARTEMENTALE 14,,,Nuit sans éclairage public,Hors agglomération,Hors intersection,Normale,Deux véhicules - frontale,,,,,,,,,,,3,1,1,1,1
200800076523,0008-08-08 11:00:00,8,8,8,11,0,972,213,AUTOROUTE A1,,,Plein jour,Hors agglomération,Hors intersection,Normale,Trois véhicules et plus - en chaîne,,,,,,,,,,,1,1,1,1,4
200800076524,0008-08-12 11:00:00,8,8,12,11,0,972,213,AUTOROUTE A1,,,Plein jour,Hors agglomération,Hors intersection,Normale,Trois véhicules et plus - collisions multiples,,,,,,,,,,,1,1,1,1,5
200800076525,0008-08-15 17:30:00,8,8,15,17,30,972,213,ROUTE DEPARTEMENTALE 3,,,Plein jour,Hors agglomération,Hors intersection,Normale,Deux véhicules - côté,,,,,,,,,,,1,1,1,1,3
200800076526,0008-08-13 08:45:00,8,8,13,8,45,972,213,MORNE PITAULT (ROUTE DE),,,Plein jour,En agglomération,Hors intersection,Normale,Autre collision,,,,,,,,,,,1,2,1,1,6
200800076527,0008-08-17 01:30:00,8,8,17,1,30,972,213,AUTOROUTE A1,,,Nuit sans éclairage public,Hors agglomération,Hors intersection,Normale,Deux véhicules - arrière,,,,,,,,,,,3,1,1,1,2
200800076528,0008-08-17 14:20:00,8,8,17,14,20,972,213,ROUTE NATIONALE 6,,,Plein jour,Hors agglomération,Hors intersection,Normale,Deux véhicules - frontale,,,,,,,,,,,1,1,1,1,1
200800076529,0008-08-17 17:30:00,8,8,17,17,30,972,213,ROUTE NATIONALE 1,,,Plein jour,Hors agglomération,Hors intersection,Normale,Deux véhicules - côté,,,,,,,,,,,1,1,1,1,3
200800076530,0008-08-17 04:30:00,8,8,17,4,30,972,213,ROUTE DEPARTEMENTALE 3,,,Nuit sans éclairage public,Hors agglomération,Hors intersection,Pluie légère,Autre collision,,,,,,,,,,,3,1,1,2,6
200800076531,0008-08-18 08:00:00,8,8,18,8,0,972,213,AUTOROUTE A1,,,Plein jour,Hors agglomération,Hors intersection,Normale,Trois véhicules et plus - en chaîne,,,,,,,,,,,1,1,1,1,4
200800076532,0008-08-19 16:25:00,8,8,19,16,25,972,213,ROUTE NATIONALE 6,,,Plein jour,Hors agglomération,Hors intersection,Normale,Deux véhicules - côté,,,,,,,,,,,1,1,1,1,3
200800076533,0008-08-24 13:30:00,8,8,24,13,30,972,213,ROUTE NATIONALE 6,,,Plein jour,Hors agglomération,Hors intersection,Normale,Autre collision,,,,,,,,,,,1,1,1,1,6
200800076534,0008-08-24 21:40:00,8,8,24,21,40,972,213,ROUTE NATIONALE 5,,,Nuit avec éclairage non allumé,Hors agglomération,Hors intersection,Normale,Autre collision,,,,,,,,,,,4,1,1,1,6
200800076535,0008-08-24 22:30:00,8,8,24,22,30,972,213,AUTOROUTE A1,,,Nuit avec éclairage allumé,Hors agglomération,Hors intersection,Pluie légère,Deux véhicules - côté,,,,,,,,,,,5,1,1,2,3
200800076536,0008-08-26 16:13:00,8,8,26,16,13,972,213,AUTOROUTE A1,,,Plein jour,Hors agglomération,Hors intersection,Pluie forte,Trois véhicules et plus - en chaîne,,,,,,,,,,,1,1,1,3,4
200800076537,0008-08-27 07:45:00,8,8,27,7,45,972,213,ROUTE NATIONALE 6,,,Plein jour,Hors agglomération,Hors intersection,Normale,Deux véhicules - côté,,,,,,,,,,,1,1,1,1,3
200800076538,0008-08-27 07:55:00,8,8,27,7,55,972,213,Z I LES MANGLES,,,Plein jour,Hors agglomération,Hors intersection,Pluie légère,Deux véhicules - frontale,,,,,,,,,,,1,1,1,2,1
200800076539,0008-08-28 14:55:00,8,8,28,14,55,972,213,ROUTE NATIONALE 6,,,Plein jour,Hors agglomération,Hors intersection,Normale,Deux véhicules - frontale,,,,,,,,,,,1,1,1,1,1
200800076540,0008-08-28 13:40:00,8,8,28,13,40,972,213,AUTOROUTE A1,,,Plein jour,Hors agglomération,Hors intersection,Pluie forte,Deux véhicules - arrière,,,,,,,,,,,1,1,1,3,2
200800076541,0008-08-28 21:00:00,8,8,28,21,0,972,213,ROUTE NATIONALE 6,,,Nuit sans éclairage public,Hors agglomération,Hors intersection,Normale,Deux véhicules - frontale,,,,,,,,,,,3,1,1,1,1
200800076542,0008-08-29 02:00:00,8,8,29,2,0,972,213,ROUTE NATIONALE 5,,,Nuit sans éclairage public,Hors agglomération,Hors intersection,Normale,Autre collision,,,,,,,,,,,3,1,1,1,6
200800076543,0008-08-02 10:15:00,8,8,2,10,15,973,302,"72, JUBELIN (BOULEVARD)",,,Plein jour,En agglomération,Giratoire,Normale,Deux véhicules - côté,,,,,,,,,,,1,2,6,1,3
200800076544,0008-08-03 16:50:00,8,8,3,16,50,973,302,"1918, MONTABO (ROUTE DE)",,,Plein jour,En agglomération,Hors intersection,Normale,Trois véhicules et plus - en chaîne,,,,,,,,,,,1,2,1,1,4
200800076545,0008-08-02 02:40:00,8,8,2,2,40,973,302,ROUTE NATIONALE I,,,Nuit avec éclairage allumé,Hors agglomération,Hors intersection,Normale,Deux véhicules - frontale,,,,,,,,,,,5,1,1,1,1
200800076546,0008-08-05 20:16:00,8,8,5,20,16,973,302,"02, MONTABO (ROUTE DE) 2",,,Nuit avec éclairage allumé,En agglomération,Intersection en T,Normale,Trois véhicules et plus - collisions multiples,,,,,,,,,,,5,2,3,1,5
200800076547,0008-08-08 14:10:00,8,8,8,14,10,973,302,ZEPHIR (ROCADE),,,Plein jour,En agglomération,Hors intersection,Normale,Deux véhicules - arrière,,,,,,,,,,,1,2,1,1,2
200800076548,0008-08-09 14:00:00,8,8,9,14,0,973,302,"01, ADJUDANT PINDARD (RU",,,Plein jour,En agglomération,Hors intersection,Normale,Autre collision,,,,,,,,,,,1,2,1,1,6
200800076549,0008-08-07 14:19:00,8,8,7,14,19,973,302,MANGO (ROUTE),,,Plein jour,En agglomération,Hors intersection,Normale,Autre collision,,,,,,,,,,,1,2,1,1,6
200800076550,0008-08-12 13:28:00,8,8,12,13,28,973,302,"04, PICHEVIN (DAVID)",,,Plein jour,En agglomération,Intersection en X,Normale,Deux véhicules - côté,,,,,,,,,,,1,2,2,1,3
200800076551,0008-08-14 11:43:00,8,8,14,11,43,973,302,MADELEINE (ROUTE DE LA),,,Plein jour,En agglomération,Intersection en Y,Normale,Deux véhicules - côté,,,,,,,,,,,1,2,4,1,3
200800076552,0008-08-13 11:05:00,8,8,13,11,5,973,302,"2, REPUBLIQUE (BD DE LA)",,,Plein jour,En agglomération,Hors intersection,Normale,Deux véhicules - côté,,,,,,,,,,,1,2,1,1,3
200800076553,0008-08-20 20:00:00,8,8,20,20,0,973,302,ROUTE NATIONALE I,,,Nuit avec éclairage allumé,Hors agglomération,Hors intersection,Normale,Deux véhicules - arrière,,,,,,,,,,,5,1,1,1,2
200800076554,0008-08-20 18:20:00,8,8,20,18,20,973,302,MANGO (ROUTE),,,Crépuscule ou aube,En agglomération,Intersection en X,Normale,Deux véhicules - côté,,,,,,,,,,,2,2,2,1,3
200800076555,0008-08-21 01:26:00,8,8,21,1,26,973,302,"6, MENTEL",,,Nuit avec éclairage non allumé,En agglomération,Hors intersection,Normale,Deux véhicules - frontale,,,,,,,,,,,4,2,1,1,1
200800076556,0008-08-25 11:51:00,8,8,25,11,51,973,302,"9, DERBES (GEORGES)",,,Plein jour,En agglomération,Intersection en T,Normale,Deux véhicules - côté,,,,,,,,,,,1,2,3,1,3
200800076557,0008-08-23 17:35:00,8,8,23,17,35,973,302,BADUEL (ROUTE DE),,,Plein jour,En agglomération,Hors intersection,Normale,Deux véhicules - côté,,,,,,,,,,,1,2,1,1,3
200800076558,0008-08-27 21:00:00,8,8,27,21,0,973,302,"37, JADFARD (RENE)",,,Nuit avec éclairage non allumé,En agglomération,Hors intersection,Normale,Autre collision,,,,,,,,,,,4,2,1,1,6
200800076559,0008-08-27 07:23:00,8,8,27,7,23,973,302,"6, DE GAULLE (AVENUE)",,,Plein jour,En agglomération,Hors intersection,Normale,Autre collision,,,,,,,,,,,1,2,1,1,6
200800076560,0008-08-06 07:00:00,8,8,6,7,0,974,407,BAUDELAIRE(RUE),,,Plein jour,En agglomération,Hors intersection,Normale,Autre collision,,,,,,,,,,,1,2,1,1,6
200800076561,0008-08-06 07:45:00,8,8,6,7,45,974,407,MAHATMA GANDHY,,,Plein jour,En agglomération,Hors intersection,Normale,Deux véhicules - côté,,,,,,,,,,,1,2,1,1,3
200800076562,0008-08-06 12:50:00,8,8,6,12,50,974,407,VERDUN (BOULEVARD),,,Plein jour,En agglomération,Intersection en X,Normale,Deux véhicules - côté,,,,,,,,,,,1,2,2,1,3
200800076563,0008-09-19 08:00:00,8,9,19,8,0,971,103,,,,Plein jour,Hors agglomération,Hors intersection,Normale,Autre collision,,,,,,,,,,,1,1,1,1,6
200800076564,0008-09-05 23:30:00,8,9,5,23,30,972,229,RN2 quartier Anse Madame,,,Nuit avec éclairage non allumé,En agglomération,Hors intersection,Autre,Autre collision,,,,,,,,,,,4,2,1,9,6
200800076565,0008-09-18 22:00:00,8,9,18,22,0,972,210,,,,Nuit sans éclairage public,Hors agglomération,Intersection en Y,Normale,Deux véhicules - côté,,,,,,,,,,,3,1,4,1,3
200800076566,0008-09-18 06:00:00,8,9,18,6,0,972,230,,,,Plein jour,Hors agglomération,Hors intersection,Pluie forte,Deux véhicules - frontale,,,,,,,,,,,1,1,1,3,1
200800076567,0008-09-26 16:00:00,8,9,26,16,0,971,124,,,,Plein jour,Hors agglomération,Hors intersection,Pluie légère,Deux véhicules - côté,,,,,,,,,,,1,1,1,2,3
200800076568,0008-09-28 13:15:00,8,9,28,13,15,971,124,,,,Plein jour,Hors agglomération,Hors intersection,Normale,Autre collision,,,,,,,,,,,1,1,1,1,6
200800076569,0008-09-04 07:45:00,8,9,4,7,45,971,111,,,,Nuit avec éclairage allumé,Hors agglomération,Hors intersection,Normale,Trois véhicules et plus - collisions multiples,,,,,,,,,,,5,1,1,1,5
200800076570,0008-09-12 13:30:00,8,9,12,13,30,971,111,,,,Plein jour,Hors agglomération,Hors intersection,Normale,Autre collision,,,,,,,,,,,1,1,1,1,6
200800076571,0008-09-07 16:15:00,8,9,7,16,15,971,114,montplaisir,,,Plein jour,En agglomération,Hors intersection,Normale,Deux véhicules - arrière,,,,,,,,,,,1,2,1,1,2
200800076572,0008-09-27 00:30:00,8,9,27,0,30,971,107,RN 1 - Section Ste Marie,,,Nuit avec éclairage allumé,En agglomération,Hors intersection,Pluie forte,Autre collision,,,,,,,,,,,5,2,1,3,6
200800076573,0008-09-07 19:45:00,8,9,7,19,45,971,127,,,,Nuit avec éclairage allumé,En agglomération,Hors intersection,Normale,Deux véhicules - frontale,,,,,,,,,,,5,2,1,1,1
200800076574,0008-09-06 20:30:00,8,9,6,20,30,971,118,Section Prise d'Eau,,,Nuit avec éclairage allumé,En agglomération,Hors intersection,Normale,Deux véhicules - frontale,,,,,,,,,,,5,2,1,1,1
200800076575,0008-09-18 20:30:00,8,9,18,20,30,971,118,,,,Nuit avec éclairage allumé,Hors agglomération,Hors intersection,Normale,Deux véhicules - frontale,,,,,,,,,,,5,1,1,1,1
200800076576,0008-09-11 08:00:00,8,9,11,8,0,971,125,,,,Plein jour,Hors agglomération,Hors intersection,Normale,Deux véhicules - côté,,,,,,,,,,,1,1,1,1,3
200800076577,0008-09-05 06:15:00,8,9,5,6,15,971,128,,,,Plein jour,Hors agglomération,Hors intersection,Normale,Autre collision,,,,,,,,,,,1,1,1,1,6
200800076578,0008-09-19 14:45:00,8,9,19,14,45,971,128,,,,Plein jour,Hors agglomération,Hors intersection,Normale,Deux véhicules - côté,,,,,,,,,,,1,1,1,1,3
200800076579,0008-09-27 03:00:00,8,9,27,3,0,973,307,,,,Nuit sans éclairage public,Hors agglomération,Hors intersection,Normale,Sans collision,,,,,,,,,,,3,1,1,1,7
200800076580,0008-09-07 09:15:00,8,9,7,9,15,973,301,,,,Plein jour,Hors agglomération,Hors intersection,Normale,Autre collision,,,,,,,,,,,1,1,1,1,6
200800076581,0008-09-29 08:30:00,8,9,29,8,30,973,308,,,,Plein jour,Hors agglomération,Hors intersection,Normale,Autre collision,,,,,,,,,,,1,1,1,1,6
200800076582,0008-09-03 21:15:00,8,9,3,21,15,973,311,,,,Nuit sans éclairage public,Hors agglomération,Hors intersection,Normale,Autre collision,,,,,,,,,,,3,1,1,1,6
200800076583,0008-09-27 12:00:00,8,9,27,12,0,973,311,801 avenue Monnerville,,,Plein jour,En agglomération,Hors intersection,Normale,Autre collision,,,,,,,,,,,1,2,1,1,6
200800076584,0008-09-30 12:45:00,8,9,30,12,45,973,311,3 avenue de la marne,,,Plein jour,En agglomération,Hors intersection,Normale,Deux véhicules - côté,,,,,,,,,,,1,2,1,1,3
200800076585,0008-09-16 15:15:00,8,9,16,15,15,973,306,,,,Plein jour,Hors agglomération,Hors intersection,Normale,Autre collision,,,,,,,,,,,1,1,1,1,6
200800076586,0008-09-29 05:30:00,8,9,29,5,30,973,306,,,,Crépuscule ou aube,Hors agglomération,Hors intersection,Brouillard / fumée,Deux véhicules - frontale,,,,,,,,,,,2,1,1,5,1
200800076587,0008-09-14 13:00:00,8,9,14,13,0,974,420,,,,Plein jour,Hors agglomération,Hors intersection,Normale,Trois véhicules et plus - en chaîne,,,,,,,,,,,1,1,1,1,4
200800076588,0008-09-18 07:45:00,8,9,18,7,45,974,410,chemin la paix,,,Plein jour,En agglomération,Hors intersection,Normale,Deux véhicules - côté,,,,,,,,,,,1,2,1,1,3
200800076589,0008-09-04 06:45:00,8,9,4,6,45,974,415,,,,Plein jour,Hors agglomération,Giratoire,Normale,Deux véhicules - côté,,,,,,,,,,,1,1,6,1,3
200800076590,0008-09-11 19:30:00,8,9,11,19,30,974,415,,,,Nuit sans éclairage public,Hors agglomération,Autre intersection,Normale,Deux véhicules - frontale,,,,,,,,,,,3,1,9,1,1
200800076591,0008-09-18 08:15:00,8,9,18,8,15,974,415,,,,Plein jour,En agglomération,Intersection en T,Normale,Deux véhicules - côté,,,,,,,,,,,1,2,3,1,3
200800076592,0008-09-12 11:30:00,8,9,12,11,30,974,415,chemin SUMMER,,,Plein jour,En agglomération,Hors intersection,Normale,Autre collision,,,,,,,,,,,1,2,1,1,6
200800076593,0008-09-30 14:45:00,8,9,30,14,45,974,415,,,,Plein jour,Hors agglomération,Hors intersection,Normale,Trois véhicules et plus - collisions multiples,,,,,,,,,,,1,1,1,1,5
200800076594,0008-09-15 12:15:00,8,9,15,12,15,974,415,32 chemin du lycee,,,Plein jour,En agglomération,Hors intersection,Normale,Deux véhicules - frontale,,,,,,,,,,,1,2,1,1,1
200800076595,0008-09-01 17:15:00,8,9,1,17,15,974,405,,,,Plein jour,Hors agglomération,Hors intersection,Normale,Deux véhicules - frontale,,,,,,,,,,,1,1,1,1,1
200800076596,0008-09-19 22:15:00,8,9,19,22,15,974,405,rue Paul Demange,,,Nuit sans éclairage public,En agglomération,Hors intersection,Normale,Deux véhicules - frontale,,,,,,,,,,,3,2,1,1,1
200800076597,0008-09-13 19:45:00,8,9,13,19,45,974,414,,,,Nuit sans éclairage public,Hors agglomération,Hors intersection,Normale,Deux véhicules - frontale,,,,,,,,,,,3,1,1,1,1
200800076598,0008-09-04 10:15:00,8,9,4,10,15,974,424,mare seche,,,Plein jour,En agglomération,Hors intersection,Normale,Sans collision,,,,,,,,,,,1,2,1,1,7
200800076599,0008-09-09 10:15:00,8,9,9,10,15,974,449,,,,Plein jour,Hors agglomération,Hors intersection,Normale,Deux véhicules - côté,,,,,,,,,,,1,1,1,1,3
200800076623,0008-09-03 22:00:00,8,9,3,22,0,971,103,,,,Nuit sans éclairage public,Hors agglomération,Hors intersection,Normale,Autre collision,,,,,,,,,,,3,1,1,1,6
200800076626,0008-09-07 07:45:00,8,9,7,7,45,973,309,,,,Nuit sans éclairage public,Hors agglomération,Hors intersection,Normale,Deux véhicules - frontale,,,,,,,,,,,3,1,1,1,1
200800076627,0008-09-06 11:15:00,8,9,6,11,15,974,448,rue du reservoir,,,Plein jour,En agglomération,Hors intersection,Normale,Deux véhicules - frontale,,,,,,,,,,,1,2,1,1,1
200800076629,0008-09-06 07:45:00,8,9,6,7,45,973,304,,,,Plein jour,Hors agglomération,Hors intersection,Normale,Deux véhicules - frontale,,,,,,,,,,,1,1,1,1,1
200800076630,0008-09-11 08:30:00,8,9,11,8,30,974,418,,,,Plein jour,Hors agglomération,Hors intersection,Normale,Autre collision,,,,,,,,,,,1,1,1,1,6
200800076631,0008-09-18 16:30:00,8,9,18,16,30,974,418,,,,Plein jour,Hors agglomération,Hors intersection,Normale,Deux véhicules - côté,,,,,,,,,,,1,1,1,1,3
200800076632,0008-09-22 17:15:00,8,9,22,17,15,974,498,,,,Plein jour,Hors agglomération,Hors intersection,Normale,Autre collision,,,,,,,,,,,1,1,1,1,6
200800076633,0008-09-06 14:15:00,8,9,6,14,15,974,416,ALLEE DE LA ZONE N? 02,,,Plein jour,En agglomération,Hors intersection,Normale,Deux véhicules - frontale,,,,,,,,,,,1,2,1,1,1
200800076638,0008-08-15 10:55:00,8,8,15,10,55,971,105,BD GERTY ARCHIMEDE,,,Plein jour,En agglomération,Hors intersection,Normale,Autre collision,,,,,,,,,,,1,2,1,1,6
200800076639,0008-08-16 09:20:00,8,8,16,9,20,971,105,PERES DOMINICAINS(AVENUE,,,Plein jour,En agglomération,Hors intersection,Normale,Deux véhicules - côté,,,,,,,,,,,1,2,1,1,3
200800076640,0008-09-12 09:20:00,8,9,12,9,20,971,105,Gouverneur de Lyon (Aven,,,Plein jour,En agglomération,Hors intersection,Normale,Deux véhicules - arrière,,,,,,,,,,,1,2,1,1,2
200800076641,0008-09-19 12:30:00,8,9,19,12,30,971,105,CHARLES DE GAULLE (BD DU,,,Plein jour,En agglomération,Hors intersection,Pluie légère,Deux véhicules - côté,,,,,,,,,,,1,2,1,2,3
200800076642,0008-09-15 09:20:00,8,9,15,9,20,971,107,GERMAIN ST RUF (AVENUE ),,,Plein jour,En agglomération,Hors intersection,Normale,Deux véhicules - côté,,,,,,,,,,,1,2,1,1,3
200800076643,0008-09-03 09:10:00,8,9,3,9,10,971,113,SECTION GRANDE RAVINE,,,Plein jour,En agglomération,Hors intersection,Normale,Autre collision,,,,,,,,,,,1,2,1,1,6
200800076644,0008-09-03 17:10:00,8,9,3,17,10,971,113,BELLE-PLAINE (ROUTE DE),,,Plein jour,En agglomération,Hors intersection,Normale,Deux véhicules - côté,,,,,,,,,,,1,2,1,1,3
200800076645,0008-09-04 16:20:00,8,9,4,16,20,971,101,"00, CHAUVEL",,,Plein jour,Hors agglomération,Hors intersection,Normale,Autre collision,,,,,,,,,,,1,1,1,1,6
200800076646,0008-09-07 21:50:00,8,9,7,21,50,971,113,SECTION BESSON,,,Nuit avec éclairage allumé,Hors agglomération,Hors intersection,Pluie légère,Autre collision,,,,,,,,,,,5,1,1,2,6
200800076647,0008-09-14 11:24:00,8,9,14,11,24,971,113,"RN 4, RN4 - SECTION RIVI",,,Plein jour,En agglomération,Hors intersection,Normale,Deux véhicules - côté,,,,,,,,,,,1,2,1,1,3
200800076648,0008-09-14 17:52:00,8,9,14,17,52,971,113,RN4 - SECTION RIVIERA,,,Plein jour,En agglomération,Hors intersection,Normale,Deux véhicules - frontale,,,,,,,,,,,1,2,1,1,1
200800076649,0008-09-05 16:45:00,8,9,5,16,45,971,113,SECTION PLIANE,,,Plein jour,Hors agglomération,Hors intersection,Normale,Deux véhicules - côté,,,,,,,,,,,1,1,1,1,3
200800076650,0008-09-22 14:40:00,8,9,22,14,40,971,113,RN4 - SECTION RIVIERA,,,Plein jour,Hors agglomération,Hors intersection,Normale,Deux véhicules - côté,,,,,,,,,,,1,1,1,1,3
200800076651,0008-09-26 18:58:00,8,9,26,18,58,971,101,"00, VIEUX BOURG",,,Nuit avec éclairage allumé,En agglomération,Hors intersection,Pluie forte,Deux véhicules - arrière,,,,,,,,,,,5,2,1,3,2
200800076652,0008-09-26 23:30:00,8,9,26,23,30,971,113,RN4 - SECTION RIVIERA,,,Nuit avec éclairage allumé,En agglomération,Hors intersection,Normale,Deux véhicules - arrière,,,,,,,,,,,5,2,1,1,2
200800076653,0008-09-27 13:15:00,8,9,27,13,15,971,113,SECTION PLIANE,,,Plein jour,Hors agglomération,Hors intersection,Temps couvert,Deux véhicules - frontale,,,,,,,,,,,1,1,1,8,1
200800076654,0008-09-29 15:00:00,8,9,29,15,0,971,101,"00, CHAUVEL",,,Plein jour,En agglomération,Hors intersection,Normale,Autre collision,,,,,,,,,,,1,2,1,1,6
200800076655,0008-09-06 07:00:00,8,9,6,7,0,971,101,AEROPORT POLE CARAIBES,,,Plein jour,Hors agglomération,Hors intersection,Normale,Autre collision,,,,,,,,,,,1,1,1,1,6
200800076656,0008-09-30 05:00:00,8,9,30,5,0,971,101,PAPIN,,,Crépuscule ou aube,Hors agglomération,Hors intersection,Autre,Autre collision,,,,,,,,,,,2,1,1,9,6
200800076657,0008-09-02 17:00:00,8,9,2,17,0,972,209,"0, BALATA (ROUTE DE)",,,Plein jour,Hors agglomération,Hors intersection,Normale,Deux véhicules - côté,,,,,,,,,,,1,1,1,1,3
200800076658,0008-09-03 13:20:00,8,9,3,13,20,972,209,"0, PARADISIERS (AVENUE D",,,Plein jour,En agglomération,Hors intersection,Normale,Sans collision,,,,,,,,,,,1,2,1,1,7
200800076659,0008-09-04 17:05:00,8,9,4,17,5,972,209,"0, VICTOR LAMON (AVENUE)",,,Plein jour,En agglomération,Hors intersection,Normale,Autre collision,,,,,,,,,,,1,2,1,1,6
200800076660,0008-09-07 07:49:00,8,9,7,7,49,972,209,"90, REDOUTE (ROUTE DE LA",,,Plein jour,En agglomération,Hors intersection,Normale,Autre collision,,,,,,,,,,,1,2,1,1,6
200800076661,0008-09-08 14:50:00,8,9,8,14,50,972,209,"0, REDOUTE (ROUTE DE LA)",,,Plein jour,En agglomération,Hors intersection,Normale,Autre collision,,,,,,,,,,,1,2,1,1,6
200800076662,0008-09-09 10:05:00,8,9,9,10,5,972,209,"0, GENERAL DE GAULLE (BL",,,Plein jour,En agglomération,Hors intersection,Normale,Autre collision,,,,,,,,,,,1,2,1,1,6
200800076663,0008-09-09 13:40:00,8,9,9,13,40,972,209,"0, MARNE (BOULEVARD DE L",,,Plein jour,En agglomération,Hors intersection,Normale,Autre collision,,,,,,,,,,,1,2,1,1,6
200800076664,0008-09-13 08:10:00,8,9,13,8,10,972,209,"0, SCHOELCHER (ROUTE DE)",,,Plein jour,En agglomération,Hors intersection,Normale,Autre collision,,,,,,,,,,,1,2,1,1,6
200800076665,0008-09-15 10:21:00,8,9,15,10,21,972,209,"0, GARNIER PAGES (RUE)",,,Plein jour,En agglomération,Hors intersection,Normale,Autre collision,,,,,,,,,,,1,2,1,1,6
200800076666,0008-09-16 18:25:00,8,9,16,18,25,972,209,"92, REPUBLIQUE (RUE DE L",,,Nuit avec éclairage allumé,En agglomération,Hors intersection,Pluie légère,Autre collision,,,,,,,,,,,5,2,1,2,6
200800076667,0008-09-17 23:22:00,8,9,17,23,22,972,209,"0, FRANCOIS RUSTAL (RUE)",,,Nuit avec éclairage allumé,En agglomération,Hors intersection,Normale,Deux véhicules - côté,,,,,,,,,,,5,2,1,1,3
200800076668,0008-09-18 15:20:00,8,9,18,15,20,972,209,"0, RD 41",,,Plein jour,Hors agglomération,Hors intersection,Normale,Autre collision,,,,,,,,,,,1,1,1,1,6
200800076669,0008-09-19 13:40:00,8,9,19,13,40,972,209,"103, CHATEAUBOEUF (ROUTE",,,Plein jour,En agglomération,Hors intersection,Normale,Autre collision,,,,,,,,,,,1,2,1,1,6
200800076670,0008-09-20 00:45:00,8,9,20,0,45,972,209,"45, MAURICE BISHOP (RUE)",,,Nuit avec éclairage allumé,En agglomération,Hors intersection,Pluie légère,Deux véhicules - arrière,,,,,,,,,,,5,2,1,2,2
200800076671,0008-09-21 14:05:00,8,9,21,14,5,972,209,"0, ANDRE ALIKER (RUE)",,,Plein jour,En agglomération,Hors intersection,Normale,Deux véhicules - arrière,,,,,,,,,,,1,2,1,1,2
200800076672,0008-09-22 22:40:00,8,9,22,22,40,972,209,"63, FOLIE (ROUTE DE LA)",,,Nuit avec éclairage allumé,En agglomération,Hors intersection,Normale,Autre collision,,,,,,,,,,,5,2,1,1,6
200800076673,0008-09-23 14:10:00,8,9,23,14,10,972,209,"37, BEL HORIZON (RUE DU)",,,Plein jour,En agglomération,Hors intersection,Pluie forte,Autre collision,,,,,,,,,,,1,2,1,3,6
200800076674,0008-09-23 17:30:00,8,9,23,17,30,972,209,"0, RD 41",,,Plein jour,Hors agglomération,Hors intersection,Normale,Autre collision,,,,,,,,,,,1,1,1,1,6
200800076675,0008-09-28 03:45:00,8,9,28,3,45,972,209,"0, ADHEMAR MODOCK (BOULE",,,Nuit avec éclairage allumé,En agglomération,Hors intersection,Normale,Autre collision,,,,,,,,,,,5,2,1,1,6
200800076676,0008-09-28 12:10:00,8,9,28,12,10,972,209,"0, SOLEIL LEVANT (BOULEV",,,Plein jour,En agglomération,Hors intersection,Normale,Autre collision,,,,,,,,,,,1,2,1,1,6
200800076677,0008-09-29 13:30:00,8,9,29,13,30,972,209,"0, MARNE (BOULEVARD DE L",,,Plein jour,En agglomération,Hors intersection,Pluie légère,Autre collision,,,,,,,,,,,1,2,1,2,6