accident_id,datetime,annee,mois,jour,heure,minute,departement,commune_insee,adresse,latitude,longitude,luminosite,agglomeration,intersection,meteo,collision,nb_vehicules,nb_usagers,nb_indemnes,nb_tues,nb_blesses_hosp,nb_blesses_legers,age_cond_1,age_cond_2,veh_type_cond_1,veh_type_cond_2,lum_code,agg_code,int_code,atm_code,col_code
200800076678,0008-09-01 20:50:00,8,9,1,20,50,972,213,ROUTE DEPARTEMENTALE 13,,,Nuit sans éclairage public,En agglomération,Hors intersection,Normale,Autre collision,,,,,,,,,,,3,2,1,1,6
200800076679,0008-09-03 12:00:00,8,9,3,12,0,972,213,AUTOROUTE A1,,,Plein jour,Hors agglomération,Hors intersection,Normale,Trois véhicules et plus - collisions multiples,,,,,,,,,,,1,1,1,1,5
200800076680,0008-09-07 19:10:00,8,9,7,19,10,972,213,AUTOROUTE A1,,,Nuit sans éclairage public,Hors agglomération,Hors intersection,Normale,Autre collision,,,,,,,,,,,3,1,1,1,6
200800076681,0008-09-09 07:10:00,8,9,9,7,10,972,213,NELSON MANDELA,,,Plein jour,En agglomération,Hors intersection,Normale,Deux véhicules - côté,,,,,,,,,,,1,2,1,1,3
200800076682,0008-09-10 15:30:00,8,9,10,15,30,972,213,"110, LEON GONTRAN DAMAS",,,Plein jour,En agglomération,Hors intersection,Normale,Deux véhicules - frontale,,,,,,,,,,,1,2,1,1,1
200800076683,0008-09-12 07:50:00,8,9,12,7,50,972,213,ROUTE NATIONALE 1,,,Plein jour,Hors agglomération,Hors intersection,Normale,Deux véhicules - arrière,,,,,,,,,,,1,1,1,1,2
200800076684,0008-09-15 00:05:00,8,9,15,0,5,972,213,AUTOROUTE A1,,,Nuit sans éclairage public,Hors agglomération,Hors intersection,Normale,Deux véhicules - arrière,,,,,,,,,,,3,1,1,1,2
200800076685,0008-09-16 19:40:00,8,9,16,19,40,972,213,BASSE GONDEAU (CHEMIN RU,,,Nuit sans éclairage public,En agglomération,Hors intersection,Normale,Deux véhicules - frontale,,,,,,,,,,,3,2,1,1,1
200800076686,0008-09-18 09:05:00,8,9,18,9,5,972,213,LA SOURCE JULIENNE,,,Plein jour,Hors agglomération,Hors intersection,Normale,Autre collision,,,,,,,,,,,1,1,1,1,6
200800076687,0008-09-26 20:15:00,8,9,26,20,15,972,213,ROUTE DEPARTEMENTALE 3,,,Nuit sans éclairage public,Hors agglomération,Giratoire,Normale,Deux véhicules - arrière,,,,,,,,,,,3,1,6,1,2
200800076688,0008-09-27 15:30:00,8,9,27,15,30,972,213,ROUTE DEPARTEMENTALE 3,,,Plein jour,Hors agglomération,Hors intersection,Normale,Deux véhicules - frontale,,,,,,,,,,,1,1,1,1,1
200800076689,0008-09-04 11:30:00,8,9,4,11,30,972,213,AUTOROUTE A1,,,Plein jour,Hors agglomération,Hors intersection,Normale,Deux véhicules - arrière,,,,,,,,,,,1,1,1,1,2
200800076690,0008-09-02 16:55:00,8,9,2,16,55,973,302,MONTABO (ROUTE DE) 3,,,Plein jour,En agglomération,Intersection en T,Normale,Deux véhicules - côté,,,,,,,,,,,1,2,3,1,3
200800076691,0008-09-01 07:10:00,8,9,1,7,10,973,302,TIGRE (ROUTE DU),,,Plein jour,En agglomération,Hors intersection,Normale,Deux véhicules - côté,,,,,,,,,,,1,2,1,1,3
200800076692,0008-09-04 16:40:00,8,9,4,16,40,973,302,BADUEL (ROUTE DE),,,Plein jour,En agglomération,Intersection en T,Normale,Deux véhicules - côté,,,,,,,,,,,1,2,3,1,3
200800076693,0008-09-03 19:55:00,8,9,3,19,55,973,302,MARINGOUINS (ROND-POINT),,,Nuit avec éclairage allumé,En agglomération,Giratoire,Normale,Deux véhicules - côté,,,,,,,,,,,5,2,6,1,3
200800076694,0008-09-03 14:05:00,8,9,3,14,5,973,302,BADUEL (ROUTE DE),,,Plein jour,Hors agglomération,Hors intersection,Normale,Deux véhicules - côté,,,,,,,,,,,1,1,1,1,3
200800076695,0008-09-04 16:05:00,8,9,4,16,5,973,302,"31, HEDER (AVENUE LEOPOL",,,Plein jour,En agglomération,Intersection en T,Normale,Deux véhicules - côté,,,,,,,,,,,1,2,3,1,3
200800076696,0008-09-04 19:20:00,8,9,4,19,20,973,302,MONTABO (ROUTE DE) 1,,,Nuit avec éclairage allumé,En agglomération,Intersection en T,Normale,Deux véhicules - côté,,,,,,,,,,,5,2,3,1,3
200800076697,0008-09-05 17:35:00,8,9,5,17,35,973,302,"482, TIGRE (ROUTE DU)",,,Plein jour,En agglomération,Intersection en T,Normale,Deux véhicules - côté,,,,,,,,,,,1,2,3,1,3
200800076698,0008-09-04 06:40:00,8,9,4,6,40,973,302,"2059, MADELEINE (ROUTE D",,,Plein jour,En agglomération,Hors intersection,Normale,Deux véhicules - côté,,,,,,,,,,,1,2,1,1,3
200800076699,0008-09-08 13:20:00,8,9,8,13,20,973,302,MADELEINE (ROUTE DE LA),,,Plein jour,En agglomération,Giratoire,Normale,Sans collision,,,,,,,,,,,1,2,6,1,7
200800076700,0008-09-11 07:00:00,8,9,11,7,0,973,302,"53, SOURCE DE BADUEL (CH",,,Plein jour,En agglomération,Hors intersection,Normale,Deux véhicules - côté,,,,,,,,,,,1,2,1,1,3
200800076701,0008-09-14 14:08:00,8,9,14,14,8,973,302,TIGRE (ROUTE DU),,,Plein jour,En agglomération,Intersection en T,Normale,Deux véhicules - côté,,,,,,,,,,,1,2,3,1,3
200800076702,0008-09-17 12:15:00,8,9,17,12,15,973,302,"7, MARAN (RENE) CITE THE",,,Plein jour,En agglomération,Intersection en X,Normale,Deux véhicules - côté,,,,,,,,,,,1,2,2,1,3
200800076703,0008-09-17 06:00:00,8,9,17,6,0,973,302,MARINGOUINS (ROND-POINT),,,Crépuscule ou aube,Hors agglomération,Giratoire,Normale,Deux véhicules - côté,,,,,,,,,,,2,1,6,1,3
200800076704,0008-09-20 12:47:00,8,9,20,12,47,973,302,"24, REPUBLIQUE (BD DE LA",,,Plein jour,En agglomération,Hors intersection,Normale,Deux véhicules - arrière,,,,,,,,,,,1,2,1,1,2
200800076705,0008-09-22 20:15:00,8,9,22,20,15,973,302,"1, BOULEVARD DES CITES",,,Nuit avec éclairage allumé,En agglomération,Intersection en T,Normale,Deux véhicules - côté,,,,,,,,,,,5,2,3,1,3
200800076706,0008-09-19 11:39:00,8,9,19,11,39,973,302,"28, REPUBLIQUE (BD DE LA",,,Plein jour,En agglomération,Hors intersection,Normale,Deux véhicules - côté,,,,,,,,,,,1,2,1,1,3
200800076707,0008-09-20 09:56:00,8,9,20,9,56,973,302,MADELEINE (ROUTE DE LA),,,Plein jour,En agglomération,Hors intersection,Normale,Deux véhicules - côté,,,,,,,,,,,1,2,1,1,3
200800076708,0008-09-29 15:25:00,8,9,29,15,25,973,302,TIGRE (ROUTE DU),,,Plein jour,En agglomération,Intersection en T,Normale,Deux véhicules - côté,,,,,,,,,,,1,2,3,1,3
200800076709,0008-09-30 13:35:00,8,9,30,13,35,973,302,"9, ILET MALOUIN",,,Plein jour,Hors agglomération,Hors intersection,Normale,Autre collision,,,,,,,,,,,1,1,1,1,6
200800076710,0008-09-25 17:20:00,8,9,25,17,20,973,302,"130, BADUEL (ROUTE DE)",,,Plein jour,En agglomération,Intersection en T,Normale,Deux véhicules - côté,,,,,,,,,,,1,2,3,1,3
200800076711,0008-09-25 18:56:00,8,9,25,18,56,973,302,"04, MENTEL",,,Nuit avec éclairage allumé,En agglomération,Hors intersection,Normale,Autre collision,,,,,,,,,,,5,2,1,1,6
200800076712,0008-09-02 05:15:00,8,9,2,5,15,974,407,ROUTE NATIONALE N° 1,,,Nuit sans éclairage public,Hors agglomération,Hors intersection,Normale,Autre collision,,,,,,,,,,,3,1,1,1,6
200800076713,0008-09-05 17:50:00,8,9,5,17,50,974,407,GUYANE(RUE),,,Plein jour,En agglomération,Intersection en T,Normale,Deux véhicules - côté,,,,,,,,,,,1,2,3,1,3
200800076714,0008-09-09 21:30:00,8,9,9,21,30,974,407,RUE JACQUES DUCLOS,,,Nuit sans éclairage public,En agglomération,Hors intersection,Normale,Sans collision,,,,,,,,,,,3,2,1,1,7
200800076715,0008-09-16 13:30:00,8,9,16,13,30,974,407,OWENS JAMES,,,Plein jour,En agglomération,Intersection en T,Normale,Deux véhicules - côté,,,,,,,,,,,1,2,3,1,3
200800076716,0008-09-16 21:25:00,8,9,16,21,25,974,407,19 MARS 1946(AVENUE DU),,,Nuit sans éclairage public,En agglomération,Hors intersection,Normale,Sans collision,,,,,,,,,,,3,2,1,1,7
200800076717,0008-09-20 18:55:00,8,9,20,18,55,974,407,GUYANE(RUE),,,Crépuscule ou aube,En agglomération,Hors intersection,Normale,Deux véhicules - frontale,,,,,,,,,,,2,2,1,1,1
200800076718,0008-09-20 19:35:00,8,9,20,19,35,974,407,ROND POINT TAMATAVE,,,Nuit sans éclairage public,En agglomération,Giratoire,Normale,Sans collision,,,,,,,,,,,3,2,6,1,7
200800076719,0008-09-24 16:00:00,8,9,24,16,0,974,407,PARIS (AVENUE),,,Plein jour,En agglomération,Hors intersection,Normale,Deux véhicules - côté,,,,,,,,,,,1,2,1,1,3
200800076720,0008-09-28 16:05:00,8,9,28,16,5,974,407,ARAGON LOUIS(AVENUE),,,Plein jour,En agglomération,Hors intersection,Normale,Sans collision,,,,,,,,,,,1,2,1,1,7
200800076721,0008-09-29 20:15:00,8,9,29,20,15,974,407,TAMATAVE (BOULEVARD),,,Nuit sans éclairage public,En agglomération,Hors intersection,Normale,Deux véhicules - frontale,,,,,,,,,,,3,2,1,1,1
200800076722,0008-09-01 09:00:00,8,9,1,9,0,974,409,DE LA GARE(RUE),,,Plein jour,En agglomération,Giratoire,Normale,Deux véhicules - côté,,,,,,,,,,,1,2,6,1,3
200800076723,0008-09-06 12:10:00,8,9,6,12,10,974,409,ROCADE SUD(RUE),,,Plein jour,En agglomération,Intersection en T,Normale,Deux véhicules - côté,,,,,,,,,,,1,2,3,1,3
200800076724,0008-09-08 18:40:00,8,9,8,18,40,974,409,Grand Canal ( chemin),,,Crépuscule ou aube,En agglomération,Autre intersection,Normale,Deux véhicules - frontale,,,,,,,,,,,2,2,9,1,1
200800076725,0008-09-15 07:40:00,8,9,15,7,40,974,409,"150, DE LA GARE(RUE)",,,Plein jour,En agglomération,Hors intersection,Normale,Sans collision,,,,,,,,,,,1,2,1,1,7
200800076726,0008-09-21 19:50:00,8,9,21,19,50,974,409,Salazie (route de),,,Nuit sans éclairage public,En agglomération,Autre intersection,Normale,Sans collision,,,,,,,,,,,3,2,9,1,7
200800076727,0008-09-07 21:20:00,8,9,7,21,20,974,411,"66, LANCASTEL (BOULEVARD",,,Nuit avec éclairage allumé,En agglomération,Hors intersection,Normale,Autre collision,,,,,,,,,,,5,2,1,1,6
200800076728,0008-09-23 07:30:00,8,9,23,7,30,974,411,DIGUE (ROUTE),,,Plein jour,En agglomération,Intersection en T,Normale,Deux véhicules - côté,,,,,,,,,,,1,2,3,1,3
200800076729,0008-09-02 10:20:00,8,9,2,10,20,974,411,"7, JAURES (BLD 1 JEAN)",,,Plein jour,En agglomération,Giratoire,Normale,Autre collision,,,,,,,,,,,1,2,6,1,6
200800076730,0008-09-04 09:50:00,8,9,4,9,50,974,411,MONTAGNE (ROUTE DE LA),,,Plein jour,En agglomération,Intersection en T,Normale,Deux véhicules - côté,,,,,,,,,,,1,2,3,1,3
200800076731,0008-09-06 07:40:00,8,9,6,7,40,974,411,"., RAMBAUD (LEOPOLD)",,,Plein jour,En agglomération,Intersection en X,Normale,Deux véhicules - côté,,,,,,,,,,,1,2,2,1,3
200800076732,0008-09-09 15:10:00,8,9,9,15,10,974,411,"1, LANCASTEL (BOULEVARD)",,,Plein jour,En agglomération,Hors intersection,Normale,Deux véhicules - arrière,,,,,,,,,,,1,2,1,1,2
200800076733,0008-09-10 15:30:00,8,9,10,15,30,974,411,MACE (BOULEVARD GABRIEL),,,Plein jour,En agglomération,Hors intersection,Normale,Autre collision,,,,,,,,,,,1,2,1,1,6
200800076734,0008-09-10 17:45:00,8,9,10,17,45,974,411,LECLERC (DU MARECHAL),,,Plein jour,En agglomération,Hors intersection,Normale,Autre collision,,,,,,,,,,,1,2,1,1,6
200800076735,0008-09-11 10:25:00,8,9,11,10,25,974,411,"103, MOUFIA (ROUTE DE)",,,Plein jour,En agglomération,Hors intersection,Normale,Deux véhicules - frontale,,,,,,,,,,,1,2,1,1,1
200800076736,0008-09-12 14:50:00,8,9,12,14,50,974,411,"1, KARTING (DU)",,,Plein jour,En agglomération,Hors intersection,Normale,Deux véhicules - côté,,,,,,,,,,,1,2,1,1,3
200800076737,0008-09-15 15:20:00,8,9,15,15,20,974,411,"04, LECONTE DE LISLE (CH",,,Plein jour,En agglomération,Hors intersection,Normale,Autre collision,,,,,,,,,,,1,2,1,1,6
200800076738,0008-09-15 19:15:00,8,9,15,19,15,974,411,"13, GIBERT DES MOLIERES",,,Nuit avec éclairage allumé,En agglomération,Hors intersection,Normale,Deux véhicules - côté,,,,,,,,,,,5,2,1,1,3
200800076739,0008-09-18 18:40:00,8,9,18,18,40,974,411,SOURCE (BOULEVARD DE LA),,,Crépuscule ou aube,En agglomération,Hors intersection,Normale,Autre collision,,,,,,,,,,,2,2,1,1,6
200800076740,0008-09-19 18:30:00,8,9,19,18,30,974,411,"1, PARIS (RUE DE)",,,Crépuscule ou aube,En agglomération,Hors intersection,Normale,Deux véhicules - côté,,,,,,,,,,,2,2,1,1,3
200800076741,0008-09-24 18:45:00,8,9,24,18,45,974,411,", NONGE (AVENUE EUDOXIE)",,,Crépuscule ou aube,En agglomération,Hors intersection,Normale,Deux véhicules - côté,,,,,,,,,,,2,2,1,1,3
200800076742,0008-09-26 21:15:00,8,9,26,21,15,974,411,NEUF (CHEMIN),,,Nuit avec éclairage allumé,En agglomération,Hors intersection,Normale,Autre collision,,,,,,,,,,,5,2,1,1,6
200800076743,0008-09-03 19:19:00,8,9,3,19,19,974,411,JAURES (BLD 1 JEAN),,,Nuit avec éclairage allumé,En agglomération,Intersection en X,Normale,Deux véhicules - côté,,,,,,,,,,,5,2,2,1,3
200800076744,0008-09-06 04:44:00,8,9,6,4,44,974,411,"1, CHATEL (JEAN)",,,Plein jour,En agglomération,Hors intersection,Normale,Autre collision,,,,,,,,,,,1,2,1,1,6
200800076745,0008-09-10 00:26:00,8,9,10,0,26,974,411,"1, GIMART (AVENUE STANIS",,,Nuit avec éclairage non allumé,En agglomération,Hors intersection,Normale,Sans collision,,,,,,,,,,,4,2,1,1,7
200800076746,0008-09-14 23:15:00,8,9,14,23,15,974,411,"1, LITTORAL (ROUTE 1 DU)",,,Nuit sans éclairage public,Hors agglomération,Hors intersection,Normale,Autre collision,,,,,,,,,,,3,1,1,1,6
200800076747,0008-09-28 15:02:00,8,9,28,15,2,974,411,"1, JAURES (BLD 1 JEAN)",,,Plein jour,En agglomération,Hors intersection,Normale,Sans collision,,,,,,,,,,,1,2,1,1,7
200800076748,0008-09-29 07:35:00,8,9,29,7,35,974,411,"1, TOPAZES(ALLEE DES)",,,Plein jour,En agglomération,Hors intersection,Normale,Autre collision,,,,,,,,,,,1,2,1,1,6
200800076749,0008-09-29 17:39:00,8,9,29,17,39,974,411,"1, VILLENEUVE (RUE ALEXI",,,Plein jour,En agglomération,Hors intersection,Normale,Deux véhicules - côté,,,,,,,,,,,1,2,1,1,3
200800076750,0008-09-30 17:51:00,8,9,30,17,51,974,411,"1, LANCASTEL (BOULEVARD)",,,Crépuscule ou aube,Hors agglomération,Hors intersection,Normale,Deux véhicules - arrière,,,,,,,,,,,2,1,1,1,2
200800076751,0008-09-09 17:15:00,8,9,9,17,15,974,414,"sans, SAINT LOUIS(RUE)",,,Plein jour,En agglomération,Hors intersection,Normale,Deux véhicules - frontale,,,,,,,,,,,1,2,1,1,1
200800076752,0008-09-13 15:10:00,8,9,13,15,10,974,416,"SANS, PRESIDENT MITTERAN",,,Plein jour,En agglomération,Hors intersection,Normale,Deux véhicules - arrière,,,,,,,,,,,1,2,1,1,2
200800076753,0008-09-13 17:35:00,8,9,13,17,35,974,414,"57, PRINCIPALE(AVENUE)",,,Plein jour,En agglomération,Hors intersection,Normale,Autre collision,,,,,,,,,,,1,2,1,1,6
200800076754,0008-09-13 19:00:00,8,9,13,19,0,974,416,"sans, LORION(RUE LUC)",,,Nuit avec éclairage allumé,En agglomération,Intersection en X,Normale,Deux véhicules - côté,,,,,,,,,,,5,2,2,1,3
200800076755,0008-09-15 07:10:00,8,9,15,7,10,974,416,"62, BABET (RUE A)",,,Plein jour,En agglomération,Hors intersection,Normale,Autre collision,,,,,,,,,,,1,2,1,1,6
200800076756,0008-09-20 20:30:00,8,9,20,20,30,974,416,"sans, LORION(RUE LUC)",,,Nuit avec éclairage allumé,En agglomération,Intersection en X,Normale,Deux véhicules - côté,,,,,,,,,,,5,2,2,1,3
200800076757,0008-09-24 05:00:00,8,9,24,5,0,974,416,"SANS, HUBERT DE LISLE(BO",,,Nuit sans éclairage public,En agglomération,Hors intersection,Normale,Autre collision,,,,,,,,,,,3,2,1,1,6
200800076758,0008-09-25 10:55:00,8,9,25,10,55,974,416,"28, PRESIDENT MITTERAND(",,,Plein jour,En agglomération,Hors intersection,Normale,Autre collision,,,,,,,,,,,1,2,1,1,6
200800076759,0008-09-25 11:40:00,8,9,25,11,40,974,414,"SANS, PRINCIPALE(AVENUE)",,,Plein jour,En agglomération,Hors intersection,Normale,Autre collision,,,,,,,,,,,1,2,1,1,6
200800076760,0008-09-25 20:10:00,8,9,25,20,10,974,416,"sans, ARCHAMBAUD",,,Nuit avec éclairage allumé,En agglomération,Intersection en X,Normale,Deux véhicules - côté,,,,,,,,,,,5,2,2,1,3
200800076761,0008-09-28 04:15:00,8,9,28,4,15,974,416,"SANS, BONS ENFANTS(RUE)",,,Nuit avec éclairage allumé,En agglomération,Intersection en X,Normale,Deux véhicules - côté,,,,,,,,,,,5,2,2,1,3
200800076762,0008-09-30 17:30:00,8,9,30,17,30,974,414,"15, CHINE (de)",,,Plein jour,En agglomération,Hors intersection,Normale,Autre collision,,,,,,,,,,,1,2,1,1,6
200800076797,0008-10-19 19:15:00,8,10,19,19,15,972,229,,,,Nuit sans éclairage public,Hors agglomération,Intersection en T,Normale,Deux véhicules - côté,,,,,,,,,,,3,1,3,1,3
200800076798,0008-10-05 08:30:00,8,10,5,8,30,972,205,RN2 CHOISEUL,,,Nuit sans éclairage public,En agglomération,Hors intersection,Normale,Deux véhicules - frontale,,,,,,,,,,,3,2,1,1,1
200800076799,0008-10-27 09:15:00,8,10,27,9,15,972,218,,,,Plein jour,Hors agglomération,Hors intersection,Normale,Trois véhicules et plus - collisions multiples,,,,,,,,,,,1,1,1,1,5
200800076800,0008-10-11 22:00:00,8,10,11,22,0,972,210,,,,Nuit sans éclairage public,Hors agglomération,Intersection en T,Pluie légère,Deux véhicules - côté,,,,,,,,,,,3,1,3,2,3
200800076801,0008-10-24 21:45:00,8,10,24,21,45,972,220,,,,Nuit sans éclairage public,Hors agglomération,Hors intersection,Normale,Deux véhicules - frontale,,,,,,,,,,,3,1,1,1,1
200800076802,0008-10-01 17:45:00,8,10,1,17,45,972,232,,,,Crépuscule ou aube,Hors agglomération,Hors intersection,Normale,Deux véhicules - frontale,,,,,,,,,,,2,1,1,1,1
200800076803,0008-10-06 11:00:00,8,10,6,11,0,972,221,,,,Plein jour,Hors agglomération,Hors intersection,Pluie forte,Deux véhicules - frontale,,,,,,,,,,,1,1,1,3,1
200800076804,0008-10-18 00:15:00,8,10,18,0,15,972,221,,,,Nuit sans éclairage public,Hors agglomération,Hors intersection,Normale,Deux véhicules - arrière,,,,,,,,,,,3,1,1,1,2
200800076805,0008-10-17 17:00:00,8,10,17,17,0,972,228,Quartier Etoile,,,Crépuscule ou aube,En agglomération,Hors intersection,Pluie forte,Deux véhicules - frontale,,,,,,,,,,,2,2,1,3,1
200800076806,0008-10-19 13:15:00,8,10,19,13,15,972,203,,,,Plein jour,Hors agglomération,Hors intersection,Normale,Deux véhicules - côté,,,,,,,,,,,1,1,1,1,3
200800076807,0008-10-29 21:45:00,8,10,29,21,45,971,124,,,,Nuit avec éclairage allumé,Hors agglomération,Hors intersection,Pluie forte,Autre collision,,,,,,,,,,,5,1,1,3,6
200800076808,0008-10-11 21:00:00,8,10,11,21,0,971,106,,,,Nuit sans éclairage public,Hors agglomération,Hors intersection,Normale,Sans collision,,,,,,,,,,,3,1,1,1,7
200800076809,0008-10-22 12:00:00,8,10,22,12,0,971,132,,,,Plein jour,Hors agglomération,Hors intersection,Normale,Sans collision,,,,,,,,,,,1,1,1,1,7
200800076810,0008-10-18 09:45:00,8,10,18,9,45,971,107,,,,Plein jour,Hors agglomération,Hors intersection,Normale,Deux véhicules - frontale,,,,,,,,,,,1,1,1,1,1
200800076811,0008-10-15 06:45:00,8,10,15,6,45,971,114,,,,Plein jour,Hors agglomération,Hors intersection,Normale,Trois véhicules et plus - collisions multiples,,,,,,,,,,,1,1,1,1,5
200800076812,0008-10-30 01:45:00,8,10,30,1,45,971,114,,,,Nuit sans éclairage public,Hors agglomération,Hors intersection,Pluie légère,Autre collision,,,,,,,,,,,3,1,1,2,6
200800076813,0008-10-12 18:00:00,8,10,12,18,0,971,127,Hameau du Pont,,,Nuit sans éclairage public,En agglomération,Hors intersection,Normale,Autre collision,,,,,,,,,,,3,2,1,1,6
200800076814,0008-10-06 08:00:00,8,10,6,8,0,971,115,,,,Plein jour,Hors agglomération,Hors intersection,Normale,Deux véhicules - côté,,,,,,,,,,,1,1,1,1,3
200800076815,0008-10-20 07:00:00,8,10,20,7,0,971,115,,,,Plein jour,Hors agglomération,Hors intersection,Normale,Deux véhicules - côté,,,,,,,,,,,1,1,1,1,3
200800076816,0008-10-25 15:45:00,8,10,25,15,45,971,115,Section La rosiere,,,Plein jour,En agglomération,Hors intersection,Normale,Deux véhicules - frontale,,,,,,,,,,,1,2,1,1,1
200800076817,0008-10-04 14:30:00,8,10,4,14,30,971,118,,,,Plein jour,Hors agglomération,Hors intersection,Normale,Trois véhicules et plus - collisions multiples,,,,,,,,,,,1,1,1,1,5
200800076818,0008-10-15 00:15:00,8,10,15,0,15,971,118,,,,Nuit avec éclairage allumé,Hors agglomération,Hors intersection,Pluie forte,Autre collision,,,,,,,,,,,5,1,1,3,6
200800076819,0008-10-17 17:00:00,8,10,17,17,0,971,129,,,,Plein jour,Hors agglomération,Hors intersection,Normale,Deux véhicules - côté,,,,,,,,,,,1,1,1,1,3
200800076820,0008-10-18 11:00:00,8,10,18,11,0,971,129,,,,Plein jour,Hors agglomération,Intersection en X,Normale,Trois véhicules et plus - collisions multiples,,,,,,,,,,,1,1,2,1,5
200800076821,0008-10-28 17:45:00,8,10,28,17,45,971,112,Les basses,,,Crépuscule ou aube,En agglomération,Hors intersection,Normale,Deux véhicules - arrière,,,,,,,,,,,2,2,1,1,2
200800076822,0008-10-25 15:45:00,8,10,25,15,45,971,117,,,,Plein jour,Hors agglomération,Hors intersection,Normale,Deux véhicules - arrière,,,,,,,,,,,1,1,1,1,2
200800076823,0008-10-30 18:00:00,8,10,30,18,0,971,117,,,,Plein jour,Hors agglomération,Hors intersection,Normale,Deux véhicules - arrière,,,,,,,,,,,1,1,1,1,2
200800076824,0008-10-05 18:45:00,8,10,5,18,45,971,128,,,,Nuit avec éclairage allumé,Hors agglomération,Hors intersection,Normale,Autre collision,,,,,,,,,,,5,1,1,1,6
200800076825,0008-10-23 19:45:00,8,10,23,19,45,971,128,,,,Nuit avec éclairage allumé,Hors agglomération,Hors intersection,Normale,Deux véhicules - arrière,,,,,,,,,,,5,1,1,1,2
200800076826,0008-10-16 12:15:00,8,10,16,12,15,971,116,BOSREDON - RN 5,,,Plein jour,En agglomération,Hors intersection,Pluie légère,Deux véhicules - frontale,,,,,,,,,,,1,2,1,2,1
200800076827,0008-10-17 09:45:00,8,10,17,9,45,971,116,rn.6,,,Plein jour,En agglomération,Hors intersection,Normale,Autre collision,,,,,,,,,,,1,2,1,1,6
200800076828,0008-10-21 16:30:00,8,10,21,16,30,971,116,,,,Plein jour,Hors agglomération,Hors intersection,Normale,Autre collision,,,,,,,,,,,1,1,1,1,6
200800076829,0008-10-31 05:30:00,8,10,31,5,30,971,116,RN6 / rue J. Jaures,,,Crépuscule ou aube,En agglomération,Hors intersection,Normale,Deux véhicules - côté,,,,,,,,,,,2,2,1,1,3
200800076830,0008-10-21 19:30:00,8,10,21,19,30,973,307,,,,Nuit avec éclairage non allumé,Hors agglomération,Hors intersection,Normale,Deux véhicules - frontale,,,,,,,,,,,4,1,1,1,1
200800076831,0008-10-26 19:30:00,8,10,26,19,30,973,307,RUE DE LA RHUMERIE,,,Nuit sans éclairage public,En agglomération,Hors intersection,Normale,Deux véhicules - frontale,,,,,,,,,,,3,2,1,1,1
200800076832,0008-10-31 21:45:00,8,10,31,21,45,973,307,,,,Plein jour,Hors agglomération,Hors intersection,Normale,Autre collision,,,,,,,,,,,1,1,1,1,6
200800076833,0008-10-14 21:00:00,8,10,14,21,0,973,312,,,,Nuit sans éclairage public,Hors agglomération,Hors intersection,Normale,Autre collision,,,,,,,,,,,3,1,1,1,6
200800076834,0008-10-17 12:15:00,8,10,17,12,15,973,303,,,,Plein jour,Hors agglomération,Hors intersection,Normale,Deux véhicules - frontale,,,,,,,,,,,1,1,1,1,1
200800076835,0008-10-02 18:45:00,8,10,2,18,45,973,311,883 Av G. Monnerville,,,Nuit avec éclairage allumé,En agglomération,Hors intersection,Normale,Deux véhicules - frontale,,,,,,,,,,,5,2,1,1,1
200800076836,0008-10-19 12:00:00,8,10,19,12,0,973,311,61 route de St Maurice,,,Plein jour,En agglomération,Hors intersection,Normale,Deux véhicules - arrière,,,,,,,,,,,1,2,1,1,2
200800076837,0008-10-04 02:45:00,8,10,4,2,45,974,418,,,,Nuit sans éclairage public,Hors agglomération,Hors intersection,Normale,Deux véhicules - arrière,,,,,,,,,,,3,1,1,1,2
200800076838,0008-10-20 07:30:00,8,10,20,7,30,974,406,,,,Plein jour,Hors agglomération,Hors intersection,Normale,Autre collision,,,,,,,,,,,1,1,1,1,6
200800076839,0008-10-13 06:15:00,8,10,13,6,15,974,419,RN 2 PITON STE ROSE 65+9,,,Plein jour,En agglomération,Hors intersection,Normale,Deux véhicules - frontale,,,,,,,,,,,1,2,1,1,1
200800076840,0008-10-28 03:15:00,8,10,28,3,15,974,419,RN2 Piton Ste Rose,,,Nuit sans éclairage public,En agglomération,Hors intersection,Normale,Sans collision,,,,,,,,,,,3,2,1,1,7
200800076841,0008-10-06 13:15:00,8,10,6,13,15,974,421,Mare a Citrons,,,Plein jour,En agglomération,Hors intersection,Normale,Deux véhicules - frontale,,,,,,,,,,,1,2,1,1,1
200800076842,0008-10-12 17:45:00,8,10,12,17,45,974,421,,,,Crépuscule ou aube,Hors agglomération,Hors intersection,Pluie légère,Sans collision,,,,,,,,,,,2,1,1,2,7
200800076843,0008-10-09 09:00:00,8,10,9,9,0,974,415,,,,Plein jour,Hors agglomération,Hors intersection,Normale,Deux véhicules - frontale,,,,,,,,,,,1,1,1,1,1
200800076844,0008-10-08 21:00:00,8,10,8,21,0,974,415,,,,Nuit sans éclairage public,Hors agglomération,Hors intersection,Normale,Sans collision,,,,,,,,,,,3,1,1,1,7
200800076845,0008-10-31 13:15:00,8,10,31,13,15,974,415,199 chaussee Royale,,,Plein jour,En agglomération,Hors intersection,Normale,Autre collision,,,,,,,,,,,1,2,1,1,6
200800076846,0008-10-09 12:15:00,8,10,9,12,15,974,415,,,,Plein jour,Hors agglomération,Hors intersection,Normale,Deux véhicules - frontale,,,,,,,,,,,1,1,1,1,1