accident_id,datetime,annee,mois,jour,heure,minute,departement,commune_insee,adresse,latitude,longitude,luminosite,agglomeration,intersection,meteo,collision,nb_vehicules,nb_usagers,nb_indemnes,nb_tues,nb_blesses_hosp,nb_blesses_legers,age_cond_1,age_cond_2,veh_type_cond_1,veh_type_cond_2,lum_code,agg_code,int_code,atm_code,col_code
200800077233,0008-11-15 12:35:00,8,11,15,12,35,973,302,"15, PREVOT (ERNEST)",,,Plein jour,En agglomération,Hors intersection,Normale,Autre collision,,,,,,,,,,,1,2,1,1,6
200800077234,0008-11-10 19:35:00,8,11,10,19,35,973,302,"818, MONTABO (ROUTE DE)",,,Nuit avec éclairage non allumé,Hors agglomération,Intersection en T,Normale,Deux véhicules - côté,,,,,,,,,,,4,1,3,1,3
200800077235,0008-11-14 22:20:00,8,11,14,22,20,973,302,"794, RABAN (ROUTE DE)",,,Nuit avec éclairage allumé,Hors agglomération,Hors intersection,Normale,Deux véhicules - côté,,,,,,,,,,,5,1,1,1,3
200800077236,0008-11-18 12:20:00,8,11,18,12,20,973,302,"17, BARRAT (DU DOCTEUR)",,,Plein jour,En agglomération,Hors intersection,Normale,Autre collision,,,,,,,,,,,1,2,1,1,6
200800077237,0008-11-20 15:12:00,8,11,20,15,12,973,302,"700, BADUEL (ROUTE DE)",,,Plein jour,En agglomération,Hors intersection,Normale,Deux véhicules - côté,,,,,,,,,,,1,2,1,1,3
200800077238,0008-11-19 20:13:00,8,11,19,20,13,973,302,"3131, BADUEL (ROUTE DE)",,,Plein jour,En agglomération,Intersection en T,Normale,Deux véhicules - côté,,,,,,,,,,,1,2,3,1,3
200800077239,0008-11-08 12:47:00,8,11,8,12,47,973,302,LAFAURIE (CITE),,,Plein jour,Hors agglomération,Hors intersection,Normale,Deux véhicules - côté,,,,,,,,,,,1,1,1,1,3
200800077240,0008-11-29 10:19:00,8,11,29,10,19,973,302,"1222, MONTABO (ROUTE DE)",,,Plein jour,En agglomération,Intersection en T,Normale,Deux véhicules - côté,,,,,,,,,,,1,2,3,1,3
200800077241,0008-11-30 02:40:00,8,11,30,2,40,973,302,"15, BARTHELEMY (RENE)",,,Nuit avec éclairage allumé,En agglomération,Hors intersection,Normale,Deux véhicules - côté,,,,,,,,,,,5,2,1,1,3
200800077242,0008-11-28 17:30:00,8,11,28,17,30,973,302,"7, COLOMB (CHRISTOPHE)",,,Plein jour,En agglomération,Intersection en T,Normale,Deux véhicules - côté,,,,,,,,,,,1,2,3,1,3
200800077243,0008-11-02 23:05:00,8,11,2,23,5,974,407,TAMATAVE (BOULEVARD),,,Nuit sans éclairage public,En agglomération,Hors intersection,Normale,Sans collision,,,,,,,,,,,3,2,1,1,7
200800077244,0008-11-07 01:10:00,8,11,7,1,10,974,407,RUE JACQUES DUCLOS,,,Nuit avec éclairage allumé,En agglomération,Hors intersection,Normale,Autre collision,,,,,,,,,,,5,2,1,1,6
200800077245,0008-11-09 22:05:00,8,11,9,22,5,974,407,"21, MARTINIQUE(RUE)",,,Nuit avec éclairage allumé,En agglomération,Hors intersection,Normale,Deux véhicules - arrière,,,,,,,,,,,5,2,1,1,2
200800077246,0008-11-28 17:00:00,8,11,28,17,0,974,407,PARIS (AVENUE),,,Plein jour,En agglomération,Hors intersection,Pluie légère,Autre collision,,,,,,,,,,,1,2,1,2,6
200800077247,0008-11-28 18:25:00,8,11,28,18,25,974,407,BALLANGER(RUE),,,Plein jour,En agglomération,Hors intersection,Pluie légère,Deux véhicules - frontale,,,,,,,,,,,1,2,1,2,1
200800077248,0008-11-30 22:30:00,8,11,30,22,30,974,407,ROND POINT SACRE COEUR,,,Nuit sans éclairage public,Hors agglomération,Giratoire,Pluie légère,Autre collision,,,,,,,,,,,3,1,6,2,6
200800077249,0008-11-12 10:30:00,8,11,12,10,30,974,409,"835, DU CENTRE(CHEMIN)",,,Plein jour,En agglomération,Autre intersection,Normale,Sans collision,,,,,,,,,,,1,2,9,1,7
200800077250,0008-11-08 13:45:00,8,11,8,13,45,974,409,"792, ILE DE FRANCE(AVENU",,,Plein jour,En agglomération,Hors intersection,Normale,Deux véhicules - côté,,,,,,,,,,,1,2,1,1,3
200800077251,0008-11-25 19:20:00,8,11,25,19,20,974,409,RTE DE DEVIATION STA3,,,Nuit sans éclairage public,Hors agglomération,Hors intersection,Normale,Sans collision,,,,,,,,,,,3,1,1,1,7
200800077252,0008-11-07 17:30:00,8,11,7,17,30,974,409,Lefaguyes (chemin),,,Plein jour,En agglomération,Autre intersection,Normale,Deux véhicules - côté,,,,,,,,,,,1,2,9,1,3
200800077253,0008-11-03 10:00:00,8,11,3,10,0,974,411,JAURES (BOULEVARD JEAN),,,Plein jour,En agglomération,Intersection en X,Normale,Autre collision,,,,,,,,,,,1,2,2,1,6
200800077254,0008-11-05 11:40:00,8,11,5,11,40,974,411,"., BRASSENS (AVENUE GEOR",,,Plein jour,En agglomération,Hors intersection,Normale,Autre collision,,,,,,,,,,,1,2,1,1,6
200800077255,0008-11-07 23:10:00,8,11,7,23,10,974,411,LABOURDONNAIS,,,Nuit avec éclairage allumé,En agglomération,Intersection en X,Normale,Deux véhicules - côté,,,,,,,,,,,5,2,2,1,3
200800077256,0008-11-09 07:00:00,8,11,9,7,0,974,411,", LITTORAL (ROUTE 1 DU)",,,Plein jour,En agglomération,Hors intersection,Normale,Autre collision,,,,,,,,,,,1,2,1,1,6
200800077257,0008-11-11 19:00:00,8,11,11,19,0,974,411,PARIS (RUE DE),,,Nuit avec éclairage allumé,En agglomération,Intersection en X,Normale,Deux véhicules - côté,,,,,,,,,,,5,2,2,1,3
200800077258,0008-11-14 07:05:00,8,11,14,7,5,974,411,"3, COCOTIERS (AVENUE DES",,,Plein jour,En agglomération,Hors intersection,Normale,Deux véhicules - arrière,,,,,,,,,,,1,2,1,1,2
200800077259,0008-11-14 20:05:00,8,11,14,20,5,974,411,JAURES (BOULEVARD JEAN),,,Nuit avec éclairage allumé,En agglomération,Hors intersection,Normale,Trois véhicules et plus - collisions multiples,,,,,,,,,,,5,2,1,1,5
200800077260,0008-11-26 01:34:00,8,11,26,1,34,974,411,"., RAMBAUD (LEOPOLD)",,,Nuit avec éclairage allumé,En agglomération,Hors intersection,Normale,Autre collision,,,,,,,,,,,5,2,1,1,6
200800077261,0008-11-14 18:15:00,8,11,14,18,15,974,411,"., GUYON (FELIX)",,,Plein jour,En agglomération,Intersection en T,Normale,Autre collision,,,,,,,,,,,1,2,3,1,6
200800077262,0008-11-16 17:40:00,8,11,16,17,40,974,411,"., GARROS (ROLAND)",,,Plein jour,En agglomération,Intersection en T,Normale,Deux véhicules - côté,,,,,,,,,,,1,2,3,1,3
200800077263,0008-11-21 13:40:00,8,11,21,13,40,974,411,"27, PASTEUR (RUE)",,,Plein jour,En agglomération,Hors intersection,Normale,Deux véhicules - arrière,,,,,,,,,,,1,2,1,1,2
200800077264,0008-11-22 14:55:00,8,11,22,14,55,974,411,MACE (BOULEVARD GABRIEL),,,Plein jour,En agglomération,Hors intersection,Normale,Trois véhicules et plus - en chaîne,,,,,,,,,,,1,2,1,1,4
200800077265,0008-11-22 16:50:00,8,11,22,16,50,974,411,", MACE (BOULEVARD GABRIE",,,Plein jour,En agglomération,Hors intersection,Normale,Autre collision,,,,,,,,,,,1,2,1,1,6
200800077266,0008-11-24 18:44:00,8,11,24,18,44,974,411,"., MONTAGNE (ROUTE DE LA",,,Plein jour,En agglomération,Hors intersection,Normale,Deux véhicules - frontale,,,,,,,,,,,1,2,1,1,1
200800077267,0008-11-27 19:00:00,8,11,27,19,0,974,411,"1, MONGAILLARD (ROUTE DE",,,Plein jour,En agglomération,Hors intersection,Normale,Autre collision,,,,,,,,,,,1,2,1,1,6
200800077268,0008-11-27 00:15:00,8,11,27,0,15,974,411,MACE (BOULEVARD GABRIEL),,,Nuit avec éclairage allumé,En agglomération,Hors intersection,Normale,Deux véhicules - frontale,,,,,,,,,,,5,2,1,1,1
200800077269,0008-11-04 08:21:00,8,11,4,8,21,974,414,"SANS, PRINCIPALE(AVENUE)",,,Plein jour,En agglomération,Hors intersection,Normale,Autre collision,,,,,,,,,,,1,2,1,1,6
200800077270,0008-11-07 20:40:00,8,11,7,20,40,974,416,"56, PRESIDENT MITTERAND(",,,Nuit avec éclairage allumé,En agglomération,Hors intersection,Normale,Deux véhicules - côté,,,,,,,,,,,5,2,1,1,3
200800077271,0008-11-14 22:20:00,8,11,14,22,20,974,416,"SANS, BARQUISSEAU(RUE DE",,,Nuit avec éclairage allumé,En agglomération,Hors intersection,Normale,Autre collision,,,,,,,,,,,5,2,1,1,6
200800077272,0008-11-25 00:45:00,8,11,25,0,45,974,416,"sans, VIGOUREUX(RUE VICT",,,Nuit avec éclairage allumé,En agglomération,Hors intersection,Normale,Autre collision,,,,,,,,,,,5,2,1,1,6
200800077273,0008-11-20 12:20:00,8,11,20,12,20,974,407,VERDUN (BOULEVARD),,,Plein jour,En agglomération,Intersection en X,Normale,Deux véhicules - côté,,,,,,,,,,,1,2,2,1,3
200800077274,0008-11-21 17:10:00,8,11,21,17,10,974,407,OWENS JAMES,,,Plein jour,Hors agglomération,Hors intersection,Pluie forte,Deux véhicules - frontale,,,,,,,,,,,1,1,1,3,1
200800077275,0008-11-22 23:00:00,8,11,22,23,0,974,407,CROIZAT(RUE),,,Nuit avec éclairage allumé,En agglomération,Hors intersection,Normale,Autre collision,,,,,,,,,,,5,2,1,1,6
200800077276,0008-11-25 17:15:00,8,11,25,17,15,974,407,HUGO (RUE),,,Plein jour,En agglomération,Hors intersection,Normale,Sans collision,,,,,,,,,,,1,2,1,1,7
200800077303,0008-12-31 22:30:00,8,12,31,22,30,972,229,RN2 Madiana,,,Nuit sans éclairage public,En agglomération,Hors intersection,Normale,Autre collision,,,,,,,,,,,3,2,1,1,6
200800077304,0008-12-03 16:15:00,8,12,3,16,15,972,210,QUARTIER PRESQU ILE,,,Plein jour,En agglomération,Hors intersection,Normale,Sans collision,,,,,,,,,,,1,2,1,1,7
200800077305,0008-12-13 05:30:00,8,12,13,5,30,972,210,,,,Crépuscule ou aube,Hors agglomération,Hors intersection,Normale,Deux véhicules - frontale,,,,,,,,,,,2,1,1,1,1
200800077306,0008-12-28 09:15:00,8,12,28,9,15,972,210,RD 6 quartier Presqu'ile,,,Plein jour,En agglomération,Hors intersection,Normale,Autre collision,,,,,,,,,,,1,2,1,1,6
200800077307,0008-12-16 07:15:00,8,12,16,7,15,972,232,,,,Plein jour,Hors agglomération,Hors intersection,Normale,Deux véhicules - côté,,,,,,,,,,,1,1,1,1,3
200800077308,0008-12-04 19:00:00,8,12,4,19,0,972,221,D8,,,Nuit avec éclairage allumé,En agglomération,Giratoire,Pluie légère,Deux véhicules - côté,,,,,,,,,,,5,2,6,2,3
200800077309,0008-12-06 14:30:00,8,12,6,14,30,972,231,,,,Plein jour,Hors agglomération,Hors intersection,Normale,Deux véhicules - arrière,,,,,,,,,,,1,1,1,1,2
200800077310,0008-12-07 14:45:00,8,12,7,14,45,972,230,,,,Plein jour,Hors agglomération,Hors intersection,Normale,Autre collision,,,,,,,,,,,1,1,1,1,6
200800077311,0008-12-18 23:15:00,8,12,18,23,15,972,230,route de TARTANE,,,Nuit avec éclairage allumé,En agglomération,Hors intersection,Normale,Deux véhicules - frontale,,,,,,,,,,,5,2,1,1,1
200800077312,0008-12-17 19:00:00,8,12,17,19,0,972,222,Quartier Pontalery,,,Nuit avec éclairage allumé,En agglomération,Hors intersection,Normale,Deux véhicules - côté,,,,,,,,,,,5,2,1,1,3
200800077313,0008-12-16 05:30:00,8,12,16,5,30,972,228,"RN1, lieu-dit Harmonie",,,Crépuscule ou aube,En agglomération,Autre intersection,Normale,Deux véhicules - frontale,,,,,,,,,,,2,2,9,1,1
200800077314,0008-12-06 20:00:00,8,12,6,20,0,972,214,,,,Nuit sans éclairage public,Hors agglomération,Hors intersection,Normale,Deux véhicules - frontale,,,,,,,,,,,3,1,1,1,1
200800077315,0008-12-25 18:45:00,8,12,25,18,45,972,214,,,,Nuit sans éclairage public,Hors agglomération,Hors intersection,Normale,Deux véhicules - côté,,,,,,,,,,,3,1,1,1,3
200800077316,0008-12-29 04:00:00,8,12,29,4,0,972,214,rue du stade,,,Nuit sans éclairage public,En agglomération,Hors intersection,Normale,Deux véhicules - frontale,,,,,,,,,,,3,2,1,1,1
200800077317,0008-12-01 12:15:00,8,12,1,12,15,971,124,RN3  rue docteur Raton,,,Plein jour,En agglomération,Hors intersection,Normale,Trois véhicules et plus - collisions multiples,,,,,,,,,,,1,2,1,1,5
200800077318,0008-12-06 20:45:00,8,12,6,20,45,971,104,,,,Nuit avec éclairage non allumé,Hors agglomération,Hors intersection,Normale,Sans collision,,,,,,,,,,,4,1,1,1,7
200800077319,0008-12-06 00:45:00,8,12,6,0,45,971,134,114 Chmn de Grand Croix,,,Nuit sans éclairage public,En agglomération,Autre intersection,Normale,Deux véhicules - frontale,,,,,,,,,,,3,2,9,1,1
200800077320,0008-12-22 05:00:00,8,12,22,5,0,971,134,Marigot,,,Nuit avec éclairage non allumé,En agglomération,Hors intersection,Normale,Autre collision,,,,,,,,,,,4,2,1,1,6
200800077321,0008-12-18 09:15:00,8,12,18,9,15,971,132,,,,Crépuscule ou aube,Hors agglomération,Hors intersection,Pluie légère,Deux véhicules - frontale,,,,,,,,,,,2,1,1,2,1
200800077322,0008-12-14 23:00:00,8,12,14,23,0,971,127,,,,Nuit avec éclairage allumé,Hors agglomération,Hors intersection,Normale,Trois véhicules et plus - en chaîne,,,,,,,,,,,5,1,1,1,4
200800077323,0008-12-20 17:00:00,8,12,20,17,0,971,127,,,,Plein jour,Hors agglomération,Hors intersection,Normale,Deux véhicules - côté,,,,,,,,,,,1,1,1,1,3
200800077324,0008-12-03 05:00:00,8,12,3,5,0,971,115,,,,Nuit sans éclairage public,Hors agglomération,Hors intersection,Normale,Autre collision,,,,,,,,,,,3,1,1,1,6
200800077325,0008-12-26 16:45:00,8,12,26,16,45,971,115,,,,Crépuscule ou aube,Hors agglomération,Hors intersection,Normale,Autre collision,,,,,,,,,,,2,1,1,1,6
200800077326,0008-12-29 17:45:00,8,12,29,17,45,971,115,,,,Plein jour,Hors agglomération,Hors intersection,Normale,Deux véhicules - arrière,,,,,,,,,,,1,1,1,1,2
200800077327,0008-12-25 14:45:00,8,12,25,14,45,971,118,,,,Plein jour,Hors agglomération,Hors intersection,Normale,Deux véhicules - arrière,,,,,,,,,,,1,1,1,1,2
200800077328,0008-12-03 12:00:00,8,12,3,12,0,971,129,La Boucan,,,Plein jour,En agglomération,Hors intersection,Normale,Deux véhicules - frontale,,,,,,,,,,,1,2,1,1,1
200800077329,0008-12-06 20:00:00,8,12,6,20,0,971,117,,,,Nuit avec éclairage allumé,Hors agglomération,Hors intersection,Normale,Deux véhicules - frontale,,,,,,,,,,,5,1,1,1,1
200800077330,0008-12-24 12:30:00,8,12,24,12,30,971,119,Carrefour Octave CIRAYMY,,,Plein jour,En agglomération,Hors intersection,Normale,Deux véhicules - côté,,,,,,,,,,,1,2,1,1,3
200800077331,0008-12-30 16:30:00,8,12,30,16,30,971,125,Carrefour Gorot RN4-D118,,,Plein jour,En agglomération,Hors intersection,Temps éblouissant,Deux véhicules - frontale,,,,,,,,,,,1,2,1,7,1
200800077332,0008-12-31 17:00:00,8,12,31,17,0,971,128,,,,Plein jour,Hors agglomération,Hors intersection,Normale,Autre collision,,,,,,,,,,,1,1,1,1,6
200800077333,0008-12-04 16:45:00,8,12,4,16,45,971,128,,,,Crépuscule ou aube,Hors agglomération,Hors intersection,Temps éblouissant,Autre collision,,,,,,,,,,,2,1,1,7,6
200800077334,0008-12-14 05:15:00,8,12,14,5,15,971,116,,,,Crépuscule ou aube,Hors agglomération,Hors intersection,Normale,Deux véhicules - côté,,,,,,,,,,,2,1,1,1,3
200800077335,0008-12-08 09:00:00,8,12,8,9,0,971,116,MARIEULE,,,Plein jour,En agglomération,Hors intersection,Normale,Trois véhicules et plus - collisions multiples,,,,,,,,,,,1,2,1,1,5
200800077336,0008-12-20 23:30:00,8,12,20,23,30,971,116,RN 6 SECTION RECHEVAL,,,Nuit avec éclairage non allumé,En agglomération,Hors intersection,Normale,Deux véhicules - frontale,,,,,,,,,,,4,2,1,1,1
200800077337,0008-12-24 03:45:00,8,12,24,3,45,971,116,RN 5 - LASSERRE,,,Nuit avec éclairage allumé,En agglomération,Hors intersection,Pluie légère,Autre collision,,,,,,,,,,,5,2,1,2,6
200800077338,0008-12-21 09:30:00,8,12,21,9,30,973,307,,,,Plein jour,Hors agglomération,Hors intersection,Normale,Trois véhicules et plus - collisions multiples,,,,,,,,,,,1,1,1,1,5
200800077339,0008-12-22 21:15:00,8,12,22,21,15,973,307,rue des guaranis,,,Nuit avec éclairage allumé,En agglomération,Hors intersection,Pluie légère,Sans collision,,,,,,,,,,,5,2,1,2,7
200800077340,0008-12-22 14:30:00,8,12,22,14,30,973,307,,,,Plein jour,Hors agglomération,Hors intersection,Normale,Autre collision,,,,,,,,,,,1,1,1,1,6
200800077341,0008-12-05 19:30:00,8,12,5,19,30,973,305,,,,Nuit sans éclairage public,Hors agglomération,Hors intersection,Normale,Deux véhicules - frontale,,,,,,,,,,,3,1,1,1,1
200800077342,0008-12-20 22:15:00,8,12,20,22,15,973,305,,,,Nuit sans éclairage public,Hors agglomération,Hors intersection,Normale,Autre collision,,,,,,,,,,,3,1,1,1,6
200800077343,0008-12-22 07:15:00,8,12,22,7,15,973,308,,,,Plein jour,Hors agglomération,Hors intersection,Normale,Deux véhicules - frontale,,,,,,,,,,,1,1,1,1,1
200800077344,0008-12-14 16:30:00,8,12,14,16,30,973,310,,,,Plein jour,Hors agglomération,Hors intersection,Pluie légère,Deux véhicules - frontale,,,,,,,,,,,1,1,1,2,1
200800077345,0008-12-03 22:30:00,8,12,3,22,30,973,311,rue de la zone industrie,,,Nuit avec éclairage allumé,En agglomération,Hors intersection,Normale,Deux véhicules - frontale,,,,,,,,,,,5,2,1,1,1
200800077346,0008-12-12 02:30:00,8,12,12,2,30,973,311,RUE DE LA VILLE,,,Nuit sans éclairage public,En agglomération,Hors intersection,Normale,Autre collision,,,,,,,,,,,3,2,1,1,6
200800077347,0008-12-23 23:15:00,8,12,23,23,15,973,311,Avenue Christophe colomb,,,Nuit avec éclairage allumé,En agglomération,Hors intersection,Pluie légère,Deux véhicules - frontale,,,,,,,,,,,5,2,1,2,1
200800077348,0008-12-24 11:00:00,8,12,24,11,0,973,306,,,,Plein jour,Hors agglomération,Hors intersection,Pluie forte,Deux véhicules - frontale,,,,,,,,,,,1,1,1,3,1
200800077349,0008-12-10 02:15:00,8,12,10,2,15,974,408,,,,Nuit sans éclairage public,Hors agglomération,Hors intersection,Pluie légère,Sans collision,,,,,,,,,,,3,1,1,2,7
200800077350,0008-12-14 10:30:00,8,12,14,10,30,974,420,,,,Plein jour,Hors agglomération,Hors intersection,Normale,Deux véhicules - frontale,,,,,,,,,,,1,1,1,1,1
200800077351,0008-12-22 23:00:00,8,12,22,23,0,974,420,,,,Nuit sans éclairage public,Hors agglomération,Hors intersection,Normale,Autre collision,,,,,,,,,,,3,1,1,1,6
200800077352,0008-12-03 16:30:00,8,12,3,16,30,974,410,,,,Plein jour,Hors agglomération,Hors intersection,Normale,Deux véhicules - frontale,,,,,,,,,,,1,1,1,1,1
200800077353,0008-12-17 20:00:00,8,12,17,20,0,974,402,RN2002 EN FACE SAM LOCK,,,Nuit avec éclairage allumé,En agglomération,Hors intersection,Normale,Autre collision,,,,,,,,,,,5,2,1,1,6
200800077354,0008-12-14 22:00:00,8,12,14,22,0,974,421,,,,Nuit sans éclairage public,Hors agglomération,Hors intersection,Normale,Autre collision,,,,,,,,,,,3,1,1,1,6
200800077355,0008-12-09 08:15:00,8,12,9,8,15,974,415,,,,Plein jour,Hors agglomération,Hors intersection,Normale,Deux véhicules - frontale,,,,,,,,,,,1,1,1,1,1
200800077356,0008-12-17 12:45:00,8,12,17,12,45,974,415,,,,Plein jour,Hors agglomération,Hors intersection,Normale,Deux véhicules - frontale,,,,,,,,,,,1,1,1,1,1
200800077357,0008-12-18 04:30:00,8,12,18,4,30,974,415,rue du General DE GAULLE,,,Nuit avec éclairage allumé,En agglomération,Hors intersection,Normale,Autre collision,,,,,,,,,,,5,2,1,1,6
200800077358,0008-12-29 13:30:00,8,12,29,13,30,974,415,Route de ST PIERRE,,,Plein jour,En agglomération,Hors intersection,Normale,Deux véhicules - frontale,,,,,,,,,,,1,2,1,1,1
200800077359,0008-12-30 13:45:00,8,12,30,13,45,974,415,,,,Plein jour,Hors agglomération,Hors intersection,Normale,Deux véhicules - côté,,,,,,,,,,,1,1,1,1,3
200800077360,0008-12-02 20:00:00,8,12,2,20,0,974,458,,,,Nuit sans éclairage public,Hors agglomération,Hors intersection,Normale,Autre collision,,,,,,,,,,,3,1,1,1,6
200800077361,0008-12-13 03:00:00,8,12,13,3,0,974,458,,,,Nuit sans éclairage public,Hors agglomération,Hors intersection,Normale,Autre collision,,,,,,,,,,,3,1,1,1,6
200800077362,0008-12-15 17:15:00,8,12,15,17,15,974,415,,,,Plein jour,Hors agglomération,Autre intersection,Normale,Autre collision,,,,,,,,,,,1,1,9,1,6
200800077363,0008-12-14 08:00:00,8,12,14,8,0,974,468,,,,Plein jour,Hors agglomération,Hors intersection,Normale,Deux véhicules - côté,,,,,,,,,,,1,1,1,1,3
200800077364,0008-12-10 08:45:00,8,12,10,8,45,974,423,,,,Plein jour,Hors agglomération,Hors intersection,Normale,Deux véhicules - arrière,,,,,,,,,,,1,1,1,1,2
200800077365,0008-12-02 15:15:00,8,12,2,15,15,974,414,CD3 - Rue Hubert DELISLE,,,Plein jour,En agglomération,Hors intersection,Normale,Autre collision,,,,,,,,,,,1,2,1,1,6
200800077397,0008-12-27 00:01:00,8,12,27,0,1,971,103,,,,Nuit sans éclairage public,Hors agglomération,Hors intersection,Temps couvert,Autre collision,,,,,,,,,,,3,1,1,8,6
200800077406,0008-12-14 06:00:00,8,12,14,6,0,973,309,D1 PR 5,,,Crépuscule ou aube,En agglomération,Hors intersection,Pluie légère,Deux véhicules - côté,,,,,,,,,,,2,2,1,2,3
200800077407,0008-12-18 17:45:00,8,12,18,17,45,973,309,Av Flamboyants/R Macatas,,,Crépuscule ou aube,En agglomération,Hors intersection,Pluie légère,Deux véhicules - côté,,,,,,,,,,,2,2,1,2,3
200800077408,0008-12-10 01:30:00,8,12,10,1,30,974,448,,,,Nuit sans éclairage public,Hors agglomération,Hors intersection,Normale,Deux véhicules - frontale,,,,,,,,,,,3,1,1,1,1
200800077409,0008-12-10 16:45:00,8,12,10,16,45,974,413,ROUTE DU LAGON,,,Plein jour,En agglomération,Hors intersection,Normale,Deux véhicules - côté,,,,,,,,,,,1,2,1,1,3
200800077410,0008-12-22 17:15:00,8,12,22,17,15,974,448,rue adrien lagourgue,,,Plein jour,En agglomération,Hors intersection,Normale,Autre collision,,,,,,,,,,,1,2,1,1,6
200800077413,0008-12-11 15:30:00,8,12,11,15,30,973,304,,,,Plein jour,Hors agglomération,Hors intersection,Temps couvert,Sans collision,,,,,,,,,,,1,1,1,8,7
200800077414,0008-12-23 23:30:00,8,12,23,23,30,973,304,Rue des Freres AMET,,,Nuit avec éclairage allumé,En agglomération,Hors intersection,Normale,Deux véhicules - côté,,,,,,,,,,,5,2,1,1,3
200800077417,0008-12-29 09:00:00,8,12,29,9,0,971,109,Riviere Sens,,,Plein jour,En agglomération,Hors intersection,Temps éblouissant,Autre collision,,,,,,,,,,,1,2,1,7,6
200800077418,0008-12-03 21:00:00,8,12,3,21,0,974,415,Rue P et J Besnard,,,Nuit avec éclairage allumé,En agglomération,Hors intersection,Normale,Deux véhicules - frontale,,,,,,,,,,,5,2,1,1,1
200800077421,0008-12-21 14:55:00,8,12,21,14,55,971,107,CAYENNE ( RUE DE ),,,Plein jour,En agglomération,Hors intersection,Normale,Deux véhicules - frontale,,,,,,,,,,,1,2,1,1,1
200800077422,0008-12-01 12:20:00,8,12,1,12,20,971,101,PERRIN,,,Plein jour,Hors agglomération,Hors intersection,Normale,Trois véhicules et plus - en chaîne,,,,,,,,,,,1,1,1,1,4
200800077423,0008-12-01 14:00:00,8,12,1,14,0,971,101,ROUTE DE BOISVINS,,,Plein jour,En agglomération,Hors intersection,Normale,Deux véhicules - côté,,,,,,,,,,,1,2,1,1,3
200800077424,0008-12-01 06:30:00,8,12,1,6,30,971,101,BOISRIPEAUX,,,Plein jour,En agglomération,Hors intersection,Normale,Autre collision,,,,,,,,,,,1,2,1,1,6
200800077425,0008-12-07 01:50:00,8,12,7,1,50,971,113,BAS DU FORT,,,Nuit avec éclairage non allumé,Hors agglomération,Hors intersection,Normale,Autre collision,,,,,,,,,,,4,1,1,1,6
200800077426,0008-12-07 18:10:00,8,12,7,18,10,971,101,DUGAZON,,,Nuit avec éclairage allumé,Hors agglomération,Hors intersection,Normale,Deux véhicules - frontale,,,,,,,,,,,5,1,1,1,1
200800077427,0008-12-08 12:53:00,8,12,8,12,53,971,113,SECTION BOIS DE ROSE,,,Plein jour,Hors agglomération,Hors intersection,Normale,Deux véhicules - frontale,,,,,,,,,,,1,1,1,1,1
200800077428,0008-12-09 14:00:00,8,12,9,14,0,971,113,"RN4, SECTION MATHURIN",,,Plein jour,Hors agglomération,Hors intersection,Normale,Trois véhicules et plus - collisions multiples,,,,,,,,,,,1,1,1,1,5
200800077429,0008-12-12 11:30:00,8,12,12,11,30,971,120,Secteur Pont de la Gabar,,,Plein jour,Hors agglomération,Hors intersection,Normale,Trois véhicules et plus - en chaîne,,,,,,,,,,,1,1,1,1,4
200800077430,0008-12-13 07:12:00,8,12,13,7,12,971,120,PLACE CAMILLE DESMOULINS,,,Plein jour,En agglomération,Hors intersection,Normale,Autre collision,,,,,,,,,,,1,2,1,1,6
200800077431,0008-12-14 17:40:00,8,12,14,17,40,971,101,CARAQUE,,,Crépuscule ou aube,Hors agglomération,Hors intersection,Normale,Autre collision,,,,,,,,,,,2,1,1,1,6
200800077432,0008-12-15 19:50:00,8,12,15,19,50,971,101,BLANCHARD,,,Nuit avec éclairage allumé,Hors agglomération,Hors intersection,Normale,Autre collision,,,,,,,,,,,5,1,1,1,6
200800077433,0008-12-19 07:30:00,8,12,19,7,30,971,120,"RD, HANNE (BOULEVARD)",,,Plein jour,En agglomération,Hors intersection,Normale,Autre collision,,,,,,,,,,,1,2,1,1,6
200800077434,0008-12-19 10:45:00,8,12,19,10,45,971,101,BAIMBRIDGE,,,Plein jour,En agglomération,Hors intersection,Normale,Autre collision,,,,,,,,,,,1,2,1,1,6
200800077435,0008-12-22 07:50:00,8,12,22,7,50,971,113,RN4 - SECTION RIVIERA,,,Plein jour,Hors agglomération,Hors intersection,Pluie légère,Autre collision,,,,,,,,,,,1,1,1,2,6
200800077436,0008-12-18 07:20:00,8,12,18,7,20,971,101,PETIT PEROU,,,Plein jour,En agglomération,Hors intersection,Normale,Sans collision,,,,,,,,,,,1,2,1,1,7
200800077437,0008-12-14 18:55:00,8,12,14,18,55,971,101,"RD, CENTRE HOSPITALIER",,,Nuit avec éclairage allumé,En agglomération,Hors intersection,Normale,Autre collision,,,,,,,,,,,5,2,1,1,6
200800077438,0008-12-23 07:30:00,8,12,23,7,30,971,120,HANNE (BOULEVARD),,,Plein jour,En agglomération,Hors intersection,Temps éblouissant,Autre collision,,,,,,,,,,,1,2,1,7,6