accident_id,datetime,annee,mois,jour,heure,minute,departement,commune_insee,adresse,latitude,longitude,luminosite,agglomeration,intersection,meteo,collision,nb_vehicules,nb_usagers,nb_indemnes,nb_tues,nb_blesses_hosp,nb_blesses_legers,age_cond_1,age_cond_2,veh_type_cond_1,veh_type_cond_2,lum_code,agg_code,int_code,atm_code,col_code
200800077439,0008-12-18 21:10:00,8,12,18,21,10,971,113,SECTION MARE-GAILLARD,,,Nuit avec éclairage allumé,En agglomération,Hors intersection,Normale,Deux véhicules - arrière,,,,,,,,,,,5,2,1,1,2
200800077440,0008-12-29 10:30:00,8,12,29,10,30,971,120,"RN1, Secteur Pont de la",,,Plein jour,Hors agglomération,Hors intersection,Normale,Deux véhicules - côté,,,,,,,,,,,1,1,1,1,3
200800077441,0008-12-28 22:30:00,8,12,28,22,30,971,113,"RN4, SECTION GRANDE RAVI",,,Nuit avec éclairage allumé,Hors agglomération,Hors intersection,Normale,Autre collision,,,,,,,,,,,5,1,1,1,6
200800077442,0008-12-31 13:30:00,8,12,31,13,30,971,120,"RN5, BD LEGITIMUS",,,Plein jour,En agglomération,Hors intersection,Normale,Deux véhicules - côté,,,,,,,,,,,1,2,1,1,3
200800077443,0008-12-19 14:20:00,8,12,19,14,20,971,113,SECTION MARE-GAILLARD,,,Plein jour,En agglomération,Hors intersection,Normale,Autre collision,,,,,,,,,,,1,2,1,1,6
200800077444,0008-12-19 17:35:00,8,12,19,17,35,971,113,SECTION MARE-GAILLARD,,,Plein jour,En agglomération,Hors intersection,Normale,Autre collision,,,,,,,,,,,1,2,1,1,6
200800077445,0008-12-01 07:30:00,8,12,1,7,30,972,209,"59, ENTAIDE (ROUTE DE L'",,,Plein jour,En agglomération,Hors intersection,Normale,Autre collision,,,,,,,,,,,1,2,1,1,6
200800077446,0008-12-01 18:35:00,8,12,1,18,35,972,209,RD 41,,,Crépuscule ou aube,En agglomération,Hors intersection,Normale,Autre collision,,,,,,,,,,,2,2,1,1,6
200800077447,0008-12-02 18:35:00,8,12,2,18,35,972,209,"absalon, BALATA (ROUTE D",,,Crépuscule ou aube,Hors agglomération,Hors intersection,Normale,Autre collision,,,,,,,,,,,2,1,1,1,6
200800077448,0008-12-05 17:45:00,8,12,5,17,45,972,209,"11, ABATTOIR (RUE DE L')",,,Plein jour,En agglomération,Hors intersection,Normale,Autre collision,,,,,,,,,,,1,2,1,1,6
200800077449,0008-12-06 07:15:00,8,12,6,7,15,972,209,"Damas, PAUL NARDAL (AVEN",,,Plein jour,En agglomération,Hors intersection,Normale,Autre collision,,,,,,,,,,,1,2,1,1,6
200800077450,0008-12-07 13:20:00,8,12,7,13,20,972,209,"RN 01, GENERAL DE GAULLE",,,Plein jour,En agglomération,Intersection en X,Normale,Deux véhicules - côté,,,,,,,,,,,1,2,2,1,3
200800077451,0008-12-08 11:15:00,8,12,8,11,15,972,209,FLEURI NOEL (RUE DU),,,Plein jour,Hors agglomération,Hors intersection,Normale,Autre collision,,,,,,,,,,,1,1,1,1,6
200800077452,0008-12-09 13:40:00,8,12,9,13,40,972,209,"45, LOUIS DOMERGUE (AVEN",,,Plein jour,En agglomération,Hors intersection,Normale,Deux véhicules - frontale,,,,,,,,,,,1,2,1,1,1
200800077453,0008-12-10 07:14:00,8,12,10,7,14,972,209,"44, ROBERT ATTULY (BOULE",,,Plein jour,En agglomération,Hors intersection,Pluie légère,Autre collision,,,,,,,,,,,1,2,1,2,6
200800077454,0008-12-11 09:30:00,8,12,11,9,30,972,209,"59, ENTAIDE (ROUTE DE L'",,,Plein jour,En agglomération,Hors intersection,Normale,Deux véhicules - arrière,,,,,,,,,,,1,2,1,1,2
200800077455,0008-12-11 16:34:00,8,12,11,16,34,972,209,"22, BATTERIE (RUE DE LA)",,,Plein jour,En agglomération,Hors intersection,Normale,Autre collision,,,,,,,,,,,1,2,1,1,6
200800077456,0008-12-12 08:00:00,8,12,12,8,0,972,209,"39, FLUTE DES MORNES (RU",,,Plein jour,En agglomération,Hors intersection,Normale,Autre collision,,,,,,,,,,,1,2,1,1,6
200800077457,0008-12-12 11:05:00,8,12,12,11,5,972,209,"81, REDOUTE (ROUTE DE LA",,,Plein jour,En agglomération,Hors intersection,Normale,Autre collision,,,,,,,,,,,1,2,1,1,6
200800077458,0008-12-14 01:40:00,8,12,14,1,40,972,209,"18, FRANCOIS PAVILLA (RU",,,Plein jour,En agglomération,Hors intersection,Pluie légère,Sans collision,,,,,,,,,,,1,2,1,2,7
200800077459,0008-12-15 08:25:00,8,12,15,8,25,972,209,"01, GABARES (RUE DES)",,,Plein jour,En agglomération,Intersection en X,Normale,Autre collision,,,,,,,,,,,1,2,2,1,6
200800077460,0008-12-15 13:10:00,8,12,15,13,10,972,209,"30, SALVATOR ALLENDE (AV",,,Plein jour,En agglomération,Hors intersection,Normale,Autre collision,,,,,,,,,,,1,2,1,1,6
200800077461,0008-12-15 08:53:00,8,12,15,8,53,972,209,"03, ARTS ET METIERS (RUE",,,Plein jour,En agglomération,Hors intersection,Normale,Autre collision,,,,,,,,,,,1,2,1,1,6
200800077462,0008-12-17 14:00:00,8,12,17,14,0,972,209,"28, MARNE (BOULEVARD DE",,,Plein jour,En agglomération,Hors intersection,Normale,Autre collision,,,,,,,,,,,1,2,1,1,6
200800077463,0008-12-24 17:05:00,8,12,24,17,5,972,209,"26, MAURICE BISHOP (RUE)",,,Plein jour,En agglomération,Hors intersection,Normale,Autre collision,,,,,,,,,,,1,2,1,1,6
200800077464,0008-12-30 17:10:00,8,12,30,17,10,972,209,"59, BALATA (ROUTE DE)",,,Plein jour,Hors agglomération,Hors intersection,Normale,Sans collision,,,,,,,,,,,1,1,1,1,7
200800077465,0008-12-03 07:45:00,8,12,3,7,45,972,213,ROUTE DEPARTEMENTALE 14,,,Plein jour,Hors agglomération,Hors intersection,Normale,Deux véhicules - côté,,,,,,,,,,,1,1,1,1,3
200800077466,0008-12-03 09:00:00,8,12,3,9,0,972,213,MORNE PITAULT (ROUTE DE),,,Plein jour,Hors agglomération,Hors intersection,Normale,Deux véhicules - côté,,,,,,,,,,,1,1,1,1,3
200800077467,0008-12-06 01:55:00,8,12,6,1,55,972,213,AUTOROUTE A1,,,Nuit avec éclairage allumé,Hors agglomération,Hors intersection,Normale,Deux véhicules - arrière,,,,,,,,,,,5,1,1,1,2
200800077468,0008-12-06 01:25:00,8,12,6,1,25,972,213,AUTOROUTE A1,,,Nuit avec éclairage allumé,Hors agglomération,Hors intersection,Normale,Trois véhicules et plus - en chaîne,,,,,,,,,,,5,1,1,1,4
200800077469,0008-12-06 13:40:00,8,12,6,13,40,972,213,ROUTE DEPARTEMENTALE 14,,,Plein jour,Hors agglomération,Hors intersection,Normale,Sans collision,,,,,,,,,,,1,1,1,1,7
200800077470,0008-12-06 12:45:00,8,12,6,12,45,972,213,ROUTE NATIONALE 1,,,Plein jour,Hors agglomération,Hors intersection,Normale,Deux véhicules - arrière,,,,,,,,,,,1,1,1,1,2
200800077471,0008-12-08 20:00:00,8,12,8,20,0,972,213,SCHOELCHER (RUE),,,Nuit avec éclairage allumé,En agglomération,Intersection en T,Normale,Deux véhicules - côté,,,,,,,,,,,5,2,3,1,3
200800077472,0008-12-08 16:30:00,8,12,8,16,30,972,213,DU ROCHER (CHEMIN),,,Plein jour,Hors agglomération,Hors intersection,Normale,Autre collision,,,,,,,,,,,1,1,1,1,6
200800077473,0008-12-09 12:15:00,8,12,9,12,15,972,213,ROUTE NATIONALE 1,,,Plein jour,Hors agglomération,Hors intersection,Normale,Deux véhicules - arrière,,,,,,,,,,,1,1,1,1,2
200800077474,0008-12-09 12:16:00,8,12,9,12,16,972,213,ROUTE NATIONALE 1,,,Plein jour,En agglomération,Hors intersection,Normale,Deux véhicules - côté,,,,,,,,,,,1,2,1,1,3
200800077475,0008-12-09 19:50:00,8,12,9,19,50,972,213,AUTOROUTE A1,,,Nuit avec éclairage allumé,Hors agglomération,Hors intersection,Normale,Trois véhicules et plus - en chaîne,,,,,,,,,,,5,1,1,1,4
200800077476,0008-12-10 10:40:00,8,12,10,10,40,972,213,ROUTE NATIONALE 1,,,Plein jour,En agglomération,Hors intersection,Normale,Deux véhicules - côté,,,,,,,,,,,1,2,1,1,3
200800077477,0008-12-12 07:30:00,8,12,12,7,30,972,213,ROUTE DEPARTEMENTALE 14,,,Plein jour,Hors agglomération,Hors intersection,Normale,Deux véhicules - arrière,,,,,,,,,,,1,1,1,1,2
200800077478,0008-12-12 10:30:00,8,12,12,10,30,972,213,AUTOROUTE A1,,,Plein jour,Hors agglomération,Hors intersection,Normale,Trois véhicules et plus - en chaîne,,,,,,,,,,,1,1,1,1,4
200800077479,0008-12-12 18:00:00,8,12,12,18,0,972,213,MAHAULT,,,Crépuscule ou aube,En agglomération,Hors intersection,Normale,Deux véhicules - frontale,,,,,,,,,,,2,2,1,1,1
200800077480,0008-12-13 05:00:00,8,12,13,5,0,972,213,DU ROCHER (CHEMIN),,,Crépuscule ou aube,Hors agglomération,Hors intersection,Normale,Autre collision,,,,,,,,,,,2,1,1,1,6
200800077481,0008-12-13 14:30:00,8,12,13,14,30,972,213,AUTOROUTE A1,,,Plein jour,Hors agglomération,Hors intersection,Normale,Deux véhicules - arrière,,,,,,,,,,,1,1,1,1,2
200800077482,0008-12-15 16:00:00,8,12,15,16,0,972,213,ROUTE DEPARTEMENTALE 3,,,Plein jour,Hors agglomération,Hors intersection,Normale,Autre collision,,,,,,,,,,,1,1,1,1,6
200800077483,0008-12-17 02:00:00,8,12,17,2,0,972,213,ROUTE DEPARTEMENTALE 15,,,Nuit avec éclairage allumé,Hors agglomération,Hors intersection,Normale,Sans collision,,,,,,,,,,,5,1,1,1,7
200800077484,0008-12-18 13:10:00,8,12,18,13,10,972,213,AUTOROUTE A1,,,Plein jour,Hors agglomération,Hors intersection,Normale,Deux véhicules - arrière,,,,,,,,,,,1,1,1,1,2
200800077485,0008-12-18 23:12:00,8,12,18,23,12,972,213,ROUTE DEPARTEMENTALE 15,,,Nuit avec éclairage allumé,Hors agglomération,Hors intersection,Normale,Sans collision,,,,,,,,,,,5,1,1,1,7
200800077486,0008-12-20 05:20:00,8,12,20,5,20,972,213,ROUTE DEPARTEMENTALE 3,,,Nuit avec éclairage allumé,Hors agglomération,Hors intersection,Normale,Deux véhicules - frontale,,,,,,,,,,,5,1,1,1,1
200800077487,0008-12-20 22:50:00,8,12,20,22,50,972,213,ROUTE DEPARTEMENTALE 15,,,Nuit avec éclairage allumé,En agglomération,Hors intersection,Normale,Deux véhicules - frontale,,,,,,,,,,,5,2,1,1,1
200800077488,0008-12-20 20:10:00,8,12,20,20,10,972,213,MORNE PITAULT (ROUTE DE),,,Nuit avec éclairage allumé,Hors agglomération,Hors intersection,Normale,Deux véhicules - frontale,,,,,,,,,,,5,1,1,1,1
200800077489,0008-12-20 22:55:00,8,12,20,22,55,972,213,AUTOROUTE A1,,,Nuit sans éclairage public,Hors agglomération,Hors intersection,Normale,Deux véhicules - arrière,,,,,,,,,,,3,1,1,1,2
200800077490,0008-12-21 04:50:00,8,12,21,4,50,972,213,AUTOROUTE A1,,,Nuit avec éclairage allumé,Hors agglomération,Hors intersection,Normale,Sans collision,,,,,,,,,,,5,1,1,1,7
200800077491,0008-12-24 08:00:00,8,12,24,8,0,972,213,Z I LES MANGLES,,,Plein jour,Hors agglomération,Hors intersection,Normale,Autre collision,,,,,,,,,,,1,1,1,1,6
200800077492,0008-12-25 17:00:00,8,12,25,17,0,972,213,ROUTE DEPARTEMENTALE 13,,,Plein jour,Hors agglomération,Hors intersection,Normale,Autre collision,,,,,,,,,,,1,1,1,1,6
200800077493,0008-12-30 12:00:00,8,12,30,12,0,972,213,AUTOROUTE A1,,,Plein jour,Hors agglomération,Hors intersection,Normale,Deux véhicules - arrière,,,,,,,,,,,1,1,1,1,2
200800077494,0008-12-30 22:00:00,8,12,30,22,0,972,213,ROUTE DEPARTEMENTALE 15,,,Nuit avec éclairage non allumé,En agglomération,Hors intersection,Normale,Autre collision,,,,,,,,,,,4,2,1,1,6
200800077495,0008-12-31 14:00:00,8,12,31,14,0,972,213,ROUTE DEPARTEMENTALE 3,,,Plein jour,Hors agglomération,Hors intersection,Normale,Autre collision,,,,,,,,,,,1,1,1,1,6
200800077496,0008-12-31 20:10:00,8,12,31,20,10,972,213,ROUTE DEPARTEMENTALE 3,,,Nuit avec éclairage allumé,Hors agglomération,Hors intersection,Normale,Deux véhicules - frontale,,,,,,,,,,,5,1,1,1,1
200800077497,0008-12-27 23:30:00,8,12,27,23,30,973,302,"237, MANGO (ROUTE)",,,Nuit avec éclairage allumé,En agglomération,Hors intersection,Pluie forte,Deux véhicules - frontale,,,,,,,,,,,5,2,1,3,1
200800077498,0008-12-29 12:45:00,8,12,29,12,45,973,302,"943, MONTABO (ROUTE DE)",,,Plein jour,Hors agglomération,Hors intersection,Normale,Deux véhicules - arrière,,,,,,,,,,,1,1,1,1,2
200800077499,0008-12-26 22:30:00,8,12,26,22,30,973,302,"49, DE GAULLE (AVENUE)",,,Nuit avec éclairage allumé,En agglomération,Hors intersection,Pluie légère,Deux véhicules - côté,,,,,,,,,,,5,2,1,2,3
200800077500,0008-12-26 16:35:00,8,12,26,16,35,973,302,"73, VOLTAIRE(AVENUE)",,,Plein jour,En agglomération,Hors intersection,Normale,Autre collision,,,,,,,,,,,1,2,1,1,6
200800077501,0008-12-27 17:40:00,8,12,27,17,40,973,302,"44, CATAYEE (JUSTIN)",,,Plein jour,En agglomération,Intersection en X,Temps éblouissant,Autre collision,,,,,,,,,,,1,2,2,7,6
200800077502,0008-12-24 18:26:00,8,12,24,18,26,973,302,"1457, MADELEINE (ROUTE D",,,Plein jour,En agglomération,Intersection en T,Pluie forte,Deux véhicules - côté,,,,,,,,,,,1,2,3,3,3
200800077503,0008-12-24 18:30:00,8,12,24,18,30,973,302,"1216, ROUTE NATIONALE II",,,Nuit avec éclairage non allumé,Hors agglomération,Intersection en T,Pluie forte,Trois véhicules et plus - collisions multiples,,,,,,,,,,,4,1,3,3,5
200800077504,0008-12-06 12:30:00,8,12,6,12,30,973,302,MARINGOUINS (ROND-POINT),,,Plein jour,Hors agglomération,Giratoire,Normale,Deux véhicules - arrière,,,,,,,,,,,1,1,6,1,2
200800077505,0008-12-06 11:05:00,8,12,6,11,5,973,302,"115, COLOMB (CHRISTOPHE)",,,Plein jour,En agglomération,Intersection en X,Normale,Deux véhicules - côté,,,,,,,,,,,1,2,2,1,3
200800077506,0008-12-06 13:10:00,8,12,6,13,10,973,302,"377, MADELEINE (ROUTE DE",,,Plein jour,Hors agglomération,Hors intersection,Normale,Autre collision,,,,,,,,,,,1,1,1,1,6
200800077507,0008-12-07 20:46:00,8,12,7,20,46,973,302,"19, BARTHELEMY (RENE)",,,Plein jour,En agglomération,Hors intersection,Normale,Autre collision,,,,,,,,,,,1,2,1,1,6
200800077508,0008-12-06 17:15:00,8,12,6,17,15,973,302,"36, EUGENE GOBERT",,,Plein jour,En agglomération,Hors intersection,Normale,Deux véhicules - côté,,,,,,,,,,,1,2,1,1,3
200800077509,0008-12-07 04:55:00,8,12,7,4,55,973,302,MONTABO (ROUTE DE) 1,,,Nuit avec éclairage allumé,En agglomération,Hors intersection,Pluie légère,Autre collision,,,,,,,,,,,5,2,1,2,6
200800077510,0008-12-09 17:34:00,8,12,9,17,34,973,302,SAINT MARTIN (CHEMIN),,,Plein jour,Hors agglomération,Intersection en T,Normale,Autre collision,,,,,,,,,,,1,1,3,1,6
200800077511,0008-12-09 22:45:00,8,12,9,22,45,973,302,FLAMBOYANTS (RUE DES),,,Nuit avec éclairage allumé,En agglomération,Intersection en T,Normale,Deux véhicules - frontale,,,,,,,,,,,5,2,3,1,1
200800077512,0008-12-13 16:16:00,8,12,13,16,16,973,302,"21, LAFAURIE (CITE)",,,Plein jour,En agglomération,Intersection en Y,Normale,Deux véhicules - côté,,,,,,,,,,,1,2,4,1,3
200800077513,0008-12-14 00:20:00,8,12,14,0,20,973,302,"14, BARTHELEMY (RENE)",,,Nuit avec éclairage allumé,En agglomération,Hors intersection,Normale,Deux véhicules - côté,,,,,,,,,,,5,2,1,1,3
200800077514,0008-12-10 15:37:00,8,12,10,15,37,973,302,"1057, BADUEL (ROUTE DE)",,,Plein jour,En agglomération,Hors intersection,Normale,Deux véhicules - côté,,,,,,,,,,,1,2,1,1,3
200800077515,0008-12-12 19:40:00,8,12,12,19,40,973,302,"1357, MADELEINE (ROUTE D",,,Nuit avec éclairage allumé,Hors agglomération,Intersection en Y,Normale,Deux véhicules - côté,,,,,,,,,,,5,1,4,1,3
200800077516,0008-12-17 07:53:00,8,12,17,7,53,973,302,"26, BRASSE (LIEUTENANT)",,,Plein jour,En agglomération,Intersection en X,Normale,Autre collision,,,,,,,,,,,1,2,2,1,6
200800077517,0008-12-17 10:58:00,8,12,17,10,58,973,302,MADELEINE (ROND POINT),,,Plein jour,En agglomération,Giratoire,Normale,Deux véhicules - côté,,,,,,,,,,,1,2,6,1,3
200800077518,0008-12-16 11:45:00,8,12,16,11,45,973,302,"28, REPUBLIQUE (BD DE LA",,,Plein jour,En agglomération,Hors intersection,Normale,Deux véhicules - côté,,,,,,,,,,,1,2,1,1,3
200800077519,0008-12-16 10:50:00,8,12,16,10,50,973,302,MONTABO (ROUTE DE) 1,,,Plein jour,En agglomération,Intersection en X,Normale,Deux véhicules - côté,,,,,,,,,,,1,2,2,1,3
200800077520,0008-12-15 08:26:00,8,12,15,8,26,973,302,"127, TIGRE (ROUTE DU)",,,Plein jour,Hors agglomération,Intersection en T,Normale,Deux véhicules - côté,,,,,,,,,,,1,1,3,1,3
200800077521,0008-12-16 09:32:00,8,12,16,9,32,973,302,"3194, ZEPHIR (ROCADE)",,,Plein jour,En agglomération,Hors intersection,Normale,Autre collision,,,,,,,,,,,1,2,1,1,6
200800077522,0008-12-21 22:45:00,8,12,21,22,45,973,302,"603, MADELEINE (ROUTE DE",,,Nuit avec éclairage allumé,Hors agglomération,Hors intersection,Normale,Deux véhicules - côté,,,,,,,,,,,5,1,1,1,3
200800077523,0008-12-18 07:47:00,8,12,18,7,47,973,302,"3096, BADUEL (ROUTE DE)",,,Plein jour,En agglomération,Hors intersection,Normale,Deux véhicules - arrière,,,,,,,,,,,1,2,1,1,2
200800077524,0008-12-21 01:20:00,8,12,21,1,20,973,302,ABOLITION DE L'ESCLAVAGE,,,Nuit avec éclairage allumé,En agglomération,Hors intersection,Normale,Sans collision,,,,,,,,,,,5,2,1,1,7
200800077525,0008-12-23 12:35:00,8,12,23,12,35,973,302,"55, THEMIRE (CITE)",,,Plein jour,En agglomération,Hors intersection,Normale,Autre collision,,,,,,,,,,,1,2,1,1,6
200800077526,0008-12-24 15:40:00,8,12,24,15,40,973,302,"22, KET TAI (CARREFOUR)",,,Plein jour,En agglomération,Giratoire,Pluie légère,Deux véhicules - côté,,,,,,,,,,,1,2,6,2,3
200800077527,0008-12-01 17:50:00,8,12,1,17,50,974,407,14 JUILLET 1789(AVENUE D,,,Plein jour,En agglomération,Hors intersection,Normale,Autre collision,,,,,,,,,,,1,2,1,1,6
200800077528,0008-12-02 18:35:00,8,12,2,18,35,974,407,ROMERO(AVENUE),,,Nuit avec éclairage allumé,En agglomération,Hors intersection,Normale,Autre collision,,,,,,,,,,,5,2,1,1,6
200800077529,0008-12-03 13:35:00,8,12,3,13,35,974,407,JAURES (RUE),,,Plein jour,En agglomération,Intersection en T,Normale,Deux véhicules - côté,,,,,,,,,,,1,2,3,1,3
200800077530,0008-12-07 20:30:00,8,12,7,20,30,974,407,OWENS JAMES,,,Nuit avec éclairage allumé,Hors agglomération,Hors intersection,Normale,Autre collision,,,,,,,,,,,5,1,1,1,6
200800077531,0008-12-10 15:00:00,8,12,10,15,0,974,407,PARIS (AVENUE),,,Plein jour,En agglomération,Hors intersection,Normale,Autre collision,,,,,,,,,,,1,2,1,1,6
200800077532,0008-12-12 19:50:00,8,12,12,19,50,974,407,ROUTE NATIONALE N° 1,,,Nuit sans éclairage public,Hors agglomération,Hors intersection,Normale,Deux véhicules - côté,,,,,,,,,,,3,1,1,1,3
200800077533,0008-12-13 04:45:00,8,12,13,4,45,974,407,"61, RUE JACQUES DUCLOS",,,Plein jour,En agglomération,Hors intersection,Normale,Autre collision,,,,,,,,,,,1,2,1,1,6
200800077534,0008-12-14 20:10:00,8,12,14,20,10,974,407,BREST (BOULEVARD),,,Nuit avec éclairage allumé,En agglomération,Hors intersection,Normale,Deux véhicules - côté,,,,,,,,,,,5,2,1,1,3
200800077535,0008-12-15 13:30:00,8,12,15,13,30,974,407,ROUTE NATIONALE N° 1,,,Plein jour,Hors agglomération,Hors intersection,Normale,Deux véhicules - côté,,,,,,,,,,,1,1,1,1,3
200800077536,0008-12-20 21:05:00,8,12,20,21,5,974,407,"38, ROMERO(AVENUE)",,,Nuit avec éclairage allumé,En agglomération,Hors intersection,Normale,Deux véhicules - côté,,,,,,,,,,,5,2,1,1,3
200800077537,0008-12-25 00:30:00,8,12,25,0,30,974,407,STRASBOURG(BOULEVARD),,,Nuit avec éclairage allumé,En agglomération,Intersection en T,Normale,Deux véhicules - arrière,,,,,,,,,,,5,2,3,1,2
200800077538,0008-12-27 11:25:00,8,12,27,11,25,974,407,MARTINIQUE(RUE),,,Plein jour,En agglomération,Hors intersection,Normale,Deux véhicules - arrière,,,,,,,,,,,1,2,1,1,2
200800077539,0008-12-27 18:45:00,8,12,27,18,45,974,407,BOSSE (RUE),,,Crépuscule ou aube,En agglomération,Hors intersection,Normale,Autre collision,,,,,,,,,,,2,2,1,1,6
200800077540,0008-12-12 17:30:00,8,12,12,17,30,974,409,"2497, LAGOURGUE(CHEMIN)",,,Plein jour,En agglomération,Hors intersection,Normale,Deux véhicules - côté,,,,,,,,,,,1,2,1,1,3
200800077541,0008-12-23 15:50:00,8,12,23,15,50,974,409,RTE DE DEVIATION STA1,,,Plein jour,Hors agglomération,Hors intersection,Pluie légère,Deux véhicules - arrière,,,,,,,,,,,1,1,1,2,2
200800077542,0008-12-14 18:05:00,8,12,14,18,5,974,409,"80, CITE DES LILAS",,,Plein jour,En agglomération,Hors intersection,Normale,Sans collision,,,,,,,,,,,1,2,1,1,7
200800077543,0008-12-12 12:20:00,8,12,12,12,20,974,409,"592, ROCADE SUD(RUE)",,,Plein jour,En agglomération,Autre intersection,Normale,Deux véhicules - arrière,,,,,,,,,,,1,2,9,1,2
200800077544,0008-12-20 19:00:00,8,12,20,19,0,974,409,"280, AGENOR (chemin)",,,Crépuscule ou aube,En agglomération,Hors intersection,Normale,Sans collision,,,,,,,,,,,2,2,1,1,7
200800077545,0008-12-22 18:20:00,8,12,22,18,20,974,409,Salazie (route de),,,Plein jour,En agglomération,Hors intersection,Normale,Autre collision,,,,,,,,,,,1,2,1,1,6
200800077546,0008-12-22 07:30:00,8,12,22,7,30,974,409,BEL OMBRE (chemin),,,Plein jour,En agglomération,Autre intersection,Normale,Deux véhicules - arrière,,,,,,,,,,,1,2,9,1,2
200800077547,0008-12-25 01:35:00,8,12,25,1,35,974,409,"345, BRAS MOUSSELINE (ch",,,Nuit sans éclairage public,Hors agglomération,Hors intersection,Normale,Autre collision,,,,,,,,,,,3,1,1,1,6
200800077548,0008-12-26 20:20:00,8,12,26,20,20,974,409,Salazie (route de),,,Nuit sans éclairage public,En agglomération,Hors intersection,Normale,Sans collision,,,,,,,,,,,3,2,1,1,7
200800077549,0008-12-04 18:10:00,8,12,4,18,10,974,409,"80, CITE DES LILAS",,,Plein jour,En agglomération,Autre intersection,Normale,Sans collision,,,,,,,,,,,1,2,9,1,7
200800077550,0008-12-26 13:55:00,8,12,26,13,55,974,411,MAUPASSANT (RUE GUY DE),,,Plein jour,En agglomération,Intersection en T,Normale,Deux véhicules - côté,,,,,,,,,,,1,2,3,1,3
200800077551,0008-12-01 14:25:00,8,12,1,14,25,974,411,"., BOIS DE NEFLES (RUE D",,,Plein jour,En agglomération,Hors intersection,Normale,Deux véhicules - arrière,,,,,,,,,,,1,2,1,1,2
200800077552,0008-12-08 16:55:00,8,12,8,16,55,974,411,"., AUBERT (RUE PIERRE)",,,Plein jour,En agglomération,Hors intersection,Normale,Deux véhicules - arrière,,,,,,,,,,,1,2,1,1,2
200800077553,0008-12-14 06:45:00,8,12,14,6,45,974,411,"., GOUNOD (CHARLES)",,,Plein jour,En agglomération,Intersection en T,Normale,Deux véhicules - côté,,,,,,,,,,,1,2,3,1,3
200800077554,0008-12-01 10:28:00,8,12,1,10,28,974,411,"., JAURES (BLD 1 JEAN)",,,Plein jour,En agglomération,Hors intersection,Normale,Autre collision,,,,,,,,,,,1,2,1,1,6
200800077555,0008-12-24 17:38:00,8,12,24,17,38,974,411,"., APRES (RUE D')",,,Plein jour,En agglomération,Hors intersection,Normale,Autre collision,,,,,,,,,,,1,2,1,1,6
200800077556,0008-12-24 11:35:00,8,12,24,11,35,974,411,"., LANCASTEL (BOULEVARD)",,,Plein jour,En agglomération,Hors intersection,Normale,Deux véhicules - arrière,,,,,,,,,,,1,2,1,1,2
200800077557,0008-12-27 02:30:00,8,12,27,2,30,974,411,"6, SOURCE (BOULEVARD DE",,,Nuit avec éclairage allumé,En agglomération,Hors intersection,Normale,Sans collision,,,,,,,,,,,5,2,1,1,7
200800077558,0008-12-19 17:45:00,8,12,19,17,45,974,411,"23, ILET A QUINQUINA (CH",,,Plein jour,En agglomération,Hors intersection,Normale,Deux véhicules - frontale,,,,,,,,,,,1,2,1,1,1
200800077559,0008-12-01 13:20:00,8,12,1,13,20,974,411,"., DORET 1 (BOULEVARD)",,,Plein jour,En agglomération,Hors intersection,Normale,Deux véhicules - arrière,,,,,,,,,,,1,2,1,1,2
200800077560,0008-12-03 15:57:00,8,12,3,15,57,974,411,GAULLE (CHEMIN DU GENERA,,,Plein jour,En agglomération,Hors intersection,Normale,Deux véhicules - arrière,,,,,,,,,,,1,2,1,1,2
200800077561,0008-12-12 18:25:00,8,12,12,18,25,974,411,"., SCHOELCHER (RUE VICTO",,,Plein jour,En agglomération,Hors intersection,Normale,Autre collision,,,,,,,,,,,1,2,1,1,6
200800077562,0008-12-31 19:25:00,8,12,31,19,25,974,411,"60, CIMETIERE (CHEMIN DU",,,Nuit sans éclairage public,En agglomération,Hors intersection,Normale,Deux véhicules - arrière,,,,,,,,,,,3,2,1,1,2
200800077563,0008-12-06 19:20:00,8,12,6,19,20,974,416,"SANS, CHARITE (RUE DE LA",,,Nuit avec éclairage allumé,En agglomération,Intersection en X,Normale,Deux véhicules - côté,,,,,,,,,,,5,2,2,1,3
200800077564,0008-12-08 14:30:00,8,12,8,14,30,974,416,"6, CAUMONT",,,Plein jour,En agglomération,Hors intersection,Normale,Autre collision,,,,,,,,,,,1,2,1,1,6
200800077565,0008-12-09 14:05:00,8,12,9,14,5,974,414,RN01,,,Plein jour,En agglomération,Hors intersection,Pluie légère,Sans collision,,,,,,,,,,,1,2,1,2,7
200800077566,0008-12-19 16:35:00,8,12,19,16,35,974,416,"152, LEBLOND(RUE M. ET A",,,Plein jour,En agglomération,Hors intersection,Normale,Deux véhicules - côté,,,,,,,,,,,1,2,1,1,3
200800077567,0008-12-19 17:15:00,8,12,19,17,15,974,416,"SANS, HUBERT DE LISLE(BO",,,Plein jour,En agglomération,Intersection en T,Autre,Deux véhicules - frontale,,,,,,,,,,,1,2,3,9,1
200800077568,0008-12-23 16:30:00,8,12,23,16,30,974,416,"SANS, BONS ENFANTS(RUE)",,,Plein jour,En agglomération,Hors intersection,Normale,Autre collision,,,,,,,,,,,1,2,1,1,6
200800077569,0008-12-03 08:00:00,8,12,3,8,0,974,414,"sans, PRINCIPALE(AVENUE)",,,Plein jour,En agglomération,Intersection en X,Normale,Deux véhicules - côté,,,,,,,,,,,1,2,2,1,3